original,tokenized,token_count,word_count
"বাহ্য রূপ হল সেই পরিষেবা প্রদানকারী মানুষ সম্বন্ধীয় এক গুচ্ছ বৈশিষ্ট্য যেমন, তার জুতো, জামাকাপড়, টাই, গয়না, চুলের ধরন, রূপসজ্জা, ঘড়ি, প্রসাধনী, সুগন্ধি, ইত্যাদি","বা হ্য   রূ প   হ ল   সে ই   প রি ষে বা   প্র দা ন কা রী   মা নু ষ   স ম্ব ন্ধী য়   এ ক   গু চ্ছ   বৈ শি ষ্ট্য   যে ম ন ,   তা র   জু তো ,   জা মা কা প ড় ,   টা ই ,   গ য় না ,   চু লে র   ধ র ন ,   রূ প স জ্জা ,   ঘ ড় ি ,   প্র সা ধ নী ,   সু গ ন্ধি ,   ই ত্যা দি",81,24
মহারাষ্ট্রের ঔরঙ্গাবাদ জেলায় অবস্থিত অজন্তায় খ্রিষ্টপূর্ব প্রথম শতাব্দী থেকে খ্রিষ্টীয় পঞ্চম শতাব্দীর ভাস্কর্য এবং চিত্রকলায় সজ্জিত ঊনত্রিশটি চৈত্য এবং বিহার গুহা রয়েছে,ম হা রা ষ্ট্রে র   ঔ র ঙ্গা বা দ   জে লা য়   অ ব স্থি ত   অ জ ন্তা য়   খ্রি ষ্ট পূ র্ব   প্র থ ম   শ তা ব্দী   থে কে   খ্রি ষ্টী য়   প ঞ্চ ম   শ তা ব্দী র   ভা স্ক র্য   এ বং   চি ত্র ক লা য়   স জ্জি ত   ঊ ন ত্রি শ টি   চৈ ত্য   এ বং   বি হা র   গু হা   র য় ে ছে,74,22
গায়ের রঙের সঙ্গে দেহরেখা মিশে গিয়ে ঘনত্বের আভাস তৈরি করে,গা য় ে র   র ঙে র   স ঙ্গে   দে হ রে খা   মি শে   গি য় ে   ঘ ন ত্বে র   আ ভা স   তৈ রি   ক রে,29,10
"যেখানে পূর্ববর্তী ঐতিহ্য ছিল কাঠ ও মাটি দিয়ে নির্মাণ করা, অশোক সেখানে ভাস্কর্য এবং মহান স্মৃতিস্তম্ভ নির্মাণের কাজে ব্যাপকভাবে পাথরের ব্যবহার শুরু করেন","যে খা নে   পূ র্ব ব র্তী   ঐ তি হ্য   ছি ল   কা ঠ   ও   মা টি   দি য় ে   নি র্মা ণ   ক রা ,   অ শো ক   সে খা নে   ভা স্ক র্য   এ বং   ম হা ন   স্মৃ তি স্ত ম্ভ   নি র্মা ণে র   কা জে   ব্যা প ক ভা বে   পা থ রে র   ব্য ব হা র   শু রু   ক রে ন",68,23
"আলুতে মশলা মাখিয়ে, ফেটানো বেসনে চুবিয়ে নিয়ে ডুবো তেলে ভাজা যতক্ষণ না ভালো করে ভাজা হচ্ছে, তৈরি করা হয় মহারাষ্ট্রের এই সুস্বাদু ও জনপ্রিয় খাবারের পদ","আ লু তে   ম শ লা   মা খি য় ে ,   ফে টা নো   বে স নে   চু বি য় ে   নি য় ে   ডু বো   তে লে   ভা জা   য ত ক্ষ ণ   না   ভা লো   ক রে   ভা জা   হ চ্ছে ,   তৈ রি   ক রা   হ য়   ম হা রা ষ্ট্রে র   এ ই   সু স্বা দু   ও   জ ন প্রি য়   খা বা রে র   প দ",71,26
"চেট্টিনাড় রন্ধনপ্রণালী হলো তামিলনাড়ু রাজ্যের চেট্টিনাড় অঞ্চলের নাট্টুকোটাই চেট্টিয়ার, অথবা তাদের নিজেদের দেওয়া নাম অনুযায়ী নগরত্তার নামক একটি সম্প্রদায়ের এক রন্ধনপ্রণালী","চে ট্টি না ড়   র ন্ধ ন প্র ণা লী   হ লো   তা মি ল না ড় ু   রা জ্যে র   চে ট্টি না ড়   অ ঞ্চ লে র   না ট্টু কো টা ই   চে ট্টি য় া র ,   অ থ বা   তা দে র   নি জে দে র   দে ও য় া   না ম   অ নু যা য় ী   ন গ র ত্তা র   না ম ক   এ ক টি   স ম্প্র দা য় ে র   এ ক   র ন্ধ ন প্র ণা লী",86,21
দারুচিনি ভারতে মূলভাবে উৎপাদিত এবং এর ব্যবহার গন্ধবিশিষ্ট দ্রব্য থেকে আরম্ভ করে ঔষধি দ্রব্য হিসেবে হয়,দা রু চি নি   ভা র তে   মূ ল ভা বে   উ ৎ পা দি ত   এ বং   এ র   ব্য ব হা র   গ ন্ধ বি শি ষ্ট   দ্র ব্য   থে কে   আ র ম্ভ   ক রে   ঔ ষ ধি   দ্র ব্য   হি সে বে   হ য়,48,16
এই সবগুলোকে একটা শুকনো জাঁতাকল বা শিলনোড়ায় গুঁড়ো করুন,এ ই   স ব গু লো কে   এ ক টা   শু ক নো   জাঁ তা ক ল   বা   শি ল নো ড় া য়   গুঁ ড় ো   ক রু ন,30,9
"পঞ্জাবের একেকটি শহরের পছন্দ একেক রকমের, যেমন অমৃতসরের লোকেরা অমৃতসরী কুলচা, পুরভরা পরোটা এবং দুগ্ধজাত পণ্য বেশি পছন্দ করে","প ঞ্জা বে র   এ কে ক টি   শ হ রে র   প ছ ন্দ   এ কে ক   র ক মে র ,   যে ম ন   অ মৃ ত স রে র   লো কে রা   অ মৃ ত স রী   কু ল চা ,   পু র ভ রা   প রো টা   এ বং   দু গ্ধ জা ত   প ণ্য   বে শি   প ছ ন্দ   ক রে",66,19
রামকে এই ঋষির সঙ্গে পাঠান এবং লক্ষ্মণকেও পাঠান,রা ম কে   এ ই   ঋ ষি র   স ঙ্গে   পা ঠা ন   এ বং   ল ক্ষ্ম ণ কে ও   পা ঠা ন,23,8
"কিন্তু মঙ্গল পাণ্ডের বীরত্বসূচক কাজ, উচ্চ ও মহৎ নীতির প্রতি নিষ্ঠার মাধ্যমে সম্পাদিত হয়েছিল","কি ন্তু   ম ঙ্গ ল   পা ণ্ডে র   বী র ত্ব সূ চ ক   কা জ ,   উ চ্চ   ও   ম হ ৎ   নী তি র   প্র তি   নি ষ্ঠা র   মা ধ্য মে   স ম্পা দি ত   হ য় ে ছি ল",43,14
"পেঁয়াজগুলি স্বচ্ছ্ব হয়ে এলে, মাখিয়ে রাখা পাঁঠার মাংস হলুদ গুঁড়োর সঙ্গে দিয়ে দিন এবং সমস্ত মশলা মাংসে না ঢোকা পর্যন্ত ৫-৬ মিনিট মতো কিছু সময় ধরে কষতে থাকুন","পেঁ য় া জ গু লি   স্ব চ্ছ্ব   হ য় ে   এ লে ,   মা খি য় ে   রা খা   পাঁ ঠা র   মাং স   হ লু দ   গুঁ ড় ো র   স ঙ্গে   দি য় ে   দি ন   এ বং   স ম স্ত   ম শ লা   মাং সে   না   ঢো কা   প র্য ন্ত   ৫ - ৬   মি নি ট   ম তো   কি ছু   স ম য়   ধ রে   ক ষ তে   থা কু ন",76,28
"হিতোপদেশ হল পাখি, পশু ও মানুষের চরিত্রের মাধ্যমে বোঝানো পার্থিব জ্ঞানের একটি বই","হি তো প দে শ   হ ল   পা খি ,   প শু   ও   মা নু ষে র   চ রি ত্রে র   মা ধ্য মে   বো ঝা নো   পা র্থি ব   জ্ঞা নে র   এ ক টি   ব ই",38,13
এই বইটির উদ্দেশ্য দাঁড়ালো গিয়ে সংস্কৃতে মতপ্রকাশের দক্ষতাকে এবং জ্ঞানগর্ভ আচার-আচরণের শিক্ষাকে উৎসাহিত করা,এ ই   ব ই টি র   উ দ্দে শ্য   দাঁ ড় া লো   গি য় ে   সং স্কৃ তে   ম ত প্র কা শে র   দ ক্ষ তা কে   এ বং   জ্ঞা ন গ র্ভ   আ চা র - আ চ র ণে র   শি ক্ষা কে   উ ৎ সা হি ত   ক রা,54,14
হাওড়া শহরের ইতিবৃত্ত (প্রথম ও দ্বিতীয় খণ্ড) শীর্ষক ১৯৯৪ ও ১৯৯৯৫-তে প্রকাশিত তাঁর জন্মশহর হাওড়ার সম্পূর্ণ ইতিহাস সংকলনে এক অগ্রণী ভূমিকা পালন করেন অধ্যাপক অসিতকুমার বন্দ্যোপাধ্যায়,হা ও ড় া   শ হ রে র   ই তি বৃ ত্ত   ( প্র থ ম   ও   দ্বি তী য়   খ ণ্ড )   শী র্ষ ক   ১ ৯ ৯ ৪   ও   ১ ৯ ৯ ৯ ৫ - তে   প্র কা শি ত   তাঁ র   জ ন্ম শ হ র   হা ও ড় া র   স ম্পূ র্ণ   ই তি হা স   সং ক ল নে   এ ক   অ গ্র ণী   ভূ মি কা   পা ল ন   ক রে ন   অ ধ্যা প ক   অ সি ত কু মা র   ব ন্দ্যো পা ধ্যা য়,94,26
"চৈত্যের দালানের সামনের অংশের বাইরের দিকটির বেশীরভাগ অংশ কাষ্ঠনির্মিত উন্মুক্ত সম্মুখভাগ সহ একটি অর্ধ-বৃত্তাকার চৈত্য খিলানের চিত্রকল্প দ্বারা অলংকৃত, এবং, কিছু কিছু ক্ষেত্রে, সেখানে দৃষ্টিগোচর কোনও চৈত্য খিলানের জানালা থাকে না","চৈ ত্যে র   দা লা নে র   সা ম নে র   অ ং শে র   বা ই রে র   দি ক টি র   বে শী র ভা গ   অ ং শ   কা ষ্ঠ নি র্মি ত   উ ন্মু ক্ত   স ম্মু খ ভা গ   স হ   এ ক টি   অ র্ধ - বৃ ত্তা কা র   চৈ ত্য   খি লা নে র   চি ত্র ক ল্প   দ্বা রা   অ লং কৃ ত ,   এ বং ,   কি ছু   কি ছু   ক্ষে ত্রে ,   সে খা নে   দৃ ষ্টি গো চ র   কো ন ও   চৈ ত্য   খি লা নে র   জা না লা   থা কে   না",106,31
'মহারাজ' এবং 'খানসামা' (ভারতের বিশেষজ্ঞ পাচকদের প্রচলিত নাম)-দের বহু প্রজন্ম শতাব্দীর পর শতাব্দী ধরে রন্ধনপ্রণালীগুলি নিখুঁত করে তুলেছেন এবং হাজার বছরেরও বেশি সময় ধরে এই রন্ধনপ্রণালীগুলি মুখে মুখে প্রচলিত হয়ে এসেছে,' ম হা রা জ '   এ বং   ' খা ন সা মা '   ( ভা র তে র   বি শে ষ জ্ঞ   পা চ ক দে র   প্র চ লি ত   না ম ) - দে র   ব হু   প্র জ ন্ম   শ তা ব্দী র   প র   শ তা ব্দী   ধ রে   র ন্ধ ন প্র ণা লী গু লি   নি খুঁ ত   ক রে   তু লে ছে ন   এ বং   হা জা র   ব ছ রে র ও   বে শি   স ম য়   ধ রে   এ ই   র ন্ধ ন প্র ণা লী গু লি   মু খে   মু খে   প্র চ লি ত   হ য় ে   এ সে ছে,112,31
"ঐতিহ্যগতভাবে, এক বাস্তা ওয়াজা অথবা প্রধান পাচকের সঙ্গে সহকারী একদল ওয়াজা অথবা পাচকগণ রান্নাটি করেন","ঐ তি হ্য গ ত ভা বে ,   এ ক   বা স্তা   ও য় া জা   অ থ বা   প্র ধা ন   পা চ কে র   স ঙ্গে   স হ কা রী   এ ক দ ল   ও য় া জা   অ থ বা   পা চ ক গ ণ   রা ন্না টি   ক রে ন",54,15
পাও ভাজি: সাধারণত মাখনে ভাজা সব্জির ঘন তরকারি (ভাজি) নরম পাঁউরুটির রোল (পাও)-এর মধ্যে ভরে পরিবেশিত মহারাষ্ট্রের একটি চটজলদি খাবার বিশেষ,পা ও   ভা জি :   সা ধা র ণ ত   মা খ নে   ভা জা   স ব্জি র   ঘ ন   ত র কা রি   ( ভা জি )   ন র ম   পাঁ উ রু টি র   রো ল   ( পা ও ) - এ র   ম ধ্যে   ভ রে   প রি বে শি ত   ম হা রা ষ্ট্রে র   এ ক টি   চ ট জ ল দি   খা বা র   বি শে ষ,73,21
"লাল দেদ এবং হাব্বা খাতুনের কাশ্মীরি রচনাগুলি তাদের রহস্যময়তা এবং অভিব্যক্তির তীব্র যন্ত্রণার জন্য পরিচিত, রাজস্থানিতে মীরাবাঈয়ের রচনাগুলি অনন্য ভক্তিগুণের জন্য পরিচিত, তামিলে অণ্ডালের রহস্যময়তা এবং কন্নড়ে আক্কা মহাদেবীর বচনগুলি তৎকালীন সাহিত্যে নারীদের মহৎ অবদানের প্রমাণ","লা ল   দে দ   এ বং   হা ব্বা   খা তু নে র   কা শ্মী রি   র চ না গু লি   তা দে র   র হ স্য ম য় তা   এ বং   অ ভি ব্য ক্তি র   তী ব্র   য ন্ত্র ণা র   জ ন্য   প রি চি ত ,   রা জ স্থা নি তে   মী রা বা ঈ য় ে র   র চ না গু লি   অ ন ন্য   ভ ক্তি গু ণে র   জ ন্য   প রি চি ত ,   তা মি লে   অ ণ্ডা লে র   র হ স্য ম য় তা   এ বং   ক ন্ন ড় ে   আ ক্কা   ম হা দে বী র   ব চ ন গু লি   ত ৎ কা লী ন   সা হি ত্যে   না রী দে র   ম হ ৎ   অ ব দা নে র   প্র মা ণ",135,36
"বাঘ গুহা যেখানে বৌদ্ধ দেওয়ালচিত্র রয়েছে, তা মধ্য প্রদেশের ধর জেলা থেকে ৯৭ কিলোমিটার দূরে অবস্থিত","বা ঘ   গু হা   যে খা নে   বৌ দ্ধ   দে ও য় া ল চি ত্র   র য় ে ছে ,   তা   ম ধ্য   প্র দে শে র   ধ র   জে লা   থে কে   ৯ ৭   কি লো মি টা র   দূ রে   অ ব স্থি ত",47,16
"সংস্কৃতে মূল শব্দটির সাধারণ অর্থ হলো কোনও গাছ অথবা বৃক্ষের শিকড়, কিন্তু আলঙ্কারিক অর্থে, কোনও কিছুর পা অথবা নিম্নতম অংশ অথবা তলদেশ","সং স্কৃ তে   মূ ল   শ ব্দ টি র   সা ধা র ণ   অ র্থ   হ লো   কো ন ও   গা ছ   অ থ বা   বৃ ক্ষে র   শি ক ড় ,   কি ন্তু   আ ল ঙ্কা রি ক   অ র্থে ,   কো ন ও   কি ছু র   পা   অ থ বা   নি ম্ন ত ম   অ ং শ   অ থ বা   ত ল দে শ",66,22
সিন্ধু সভ্যতা বিভিন্ন ক্ষেত্রে সেখানকার প্রযুক্তিগত জ্ঞানের জন্য পরিচিত,সি ন্ধু   স ভ্য তা   বি ভি ন্ন   ক্ষে ত্রে   সে খা ন কা র   প্র যু ক্তি গ ত   জ্ঞা নে র   জ ন্য   প রি চি ত,29,9
কৌরবদের সবাই মারা যান; শুধুমাত্র পাণ্ডব ভাইয়েরা এবং কৃষ্ণ বেঁচে ছিলেন,কৌ র ব দে র   স বা ই   মা রা   যা ন ;   শু ধু মা ত্র   পা ণ্ড ব   ভা ই য় ে রা   এ বং   কৃ ষ্ণ   বেঁ চে   ছি লে ন,34,11
যুদ্ধের প্রাবল্য আঠারো দিন ধরে চলে এবং কৌরবদের পরাজয়ের সঙ্গে তা শেষ হয়,যু দ্ধে র   প্রা ব ল্য   আ ঠা রো   দি ন   ধ রে   চ লে   এ বং   কৌ র ব দে র   প রা জ য় ে র   স ঙ্গে   তা   শে ষ   হ য়,35,13
মহাভারতের কেন্দ্রীয় কাহিনী হলো হস্তিনাপুর নামক আধুনিক দিল্লির ঠিক উত্তরে অবস্থিত ভরত নামের এক উপজাতির পুরুষানুক্রমিক রাজত্বের সিংহাসন দখলসংক্রান্ত সংঘর্ষের কাহিনী,ম হা ভা র তে র   কে ন্দ্রী য়   কা হি নী   হ লো   হ স্তি না পু র   না ম ক   আ ধু নি ক   দি ল্লি র   ঠি ক   উ ত্ত রে   অ ব স্থি ত   ভ র ত   না মে র   এ ক   উ প জা তি র   পু রু ষা নু ক্র মি ক   রা জ ত্বে র   সিং হা স ন   দ খ ল সং ক্রা ন্ত   সং ঘ র্ষে র   কা হি নী,79,21
কর্ণাটকে আমিষাশীর তুলনায় নিরামিষাশীদের সংখ্যা বেশি হওয়ায় প্রধানত নিরামিষ খাদ্যই তাদের রান্নায় অন্তর্ভুক্ত থাকে,ক র্ণা ট কে   আ মি ষা শী র   তু ল না য়   নি রা মি ষা শী দে র   সং খ্যা   বে শি   হ ও য় া য়   প্র ধা ন ত   নি রা মি ষ   খা দ্য ই   তা দে র   রা ন্না য়   অ ন্ত র্ভু ক্ত   থা কে,52,14
"তাঁকে সঞ্জয় উত্তর দেন, যিনি যুদ্ধক্ষেত্রে কী চলছে তার বর্ণনা করছিলেন","তাঁ কে   স ঞ্জ য়   উ ত্ত র   দে ন ,   যি নি   যু দ্ধ ক্ষে ত্রে   কী   চ ল ছে   তা র   ব র্ণ না   ক র ছি লে ন",31,11
যে দুটি মহাকাব্য তামিল ভাষায় পাওয়া যায় সেগুলি হল শীলপ্পদিকরম ও মণিমেখলাই,যে   দু টি   ম হা কা ব্য   তা মি ল   ভা ষা য ়   পা ও য ় া   যা য়   সে গু লি   হ ল   শী ল প্প দি ক র ম   ও   ম ণি মে খ লা ই,40,12
এই অঞ্চলে লঙ্কা গুঁড়ো সাবধানভাবে ব্যবহার করা হয়,এ ই   অ ঞ্চ লে   ল ঙ্কা   গুঁ ড় ো   সা ব ধা ন ভা বে   ব্য ব হা র   ক রা   হ য়,24,8
যোগ শব্দটি যুক্ত অথবা সন্ধি অথবা এক হওয়া অর্থসম্পন্ন সংস্কৃত ধাতু যুজ থেকে উদ্ভূত,যো গ   শ ব্দ টি   যু ক্ত   অ থ বা   স ন্ধি   অ থ বা   এ ক   হ ও য় া   অ র্থ স ম্প ন্ন   সং স্কৃ ত   ধা তু   যু জ   থে কে   উ দ্ভূ ত,38,14
পুরীর মন্দিরের দেওয়ালে খোদাই করা বিভন্ন নকশার অন্তহীন ভাস্কর্য থেকে বর্তমান ওড়িশির আবির্ভাব ঘটেছে,পু রী র   ম ন্দি রে র   দে ও য় া লে   খো দা ই   ক রা   বি ভ ন্ন   ন ক শা র   অ ন্ত হী ন   ভা স্ক র্য   থে কে   ব র্ত মা ন   ও ড় ি শি র   আ বি র্ভা ব   ঘ টে ছে,49,14
"বশিষ্ঠ এবার রাজার দিকে ফিরলেন এবং বিনীতভাবে বললেন: ""রাজা,আপনি একবার প্রতিশ্রুতি দিয়ে অস্বীকার করলে তা আপনার ক্ষেত্রে খারাপ হবে","ব শি ষ্ঠ   এ বা র   রা জা র   দি কে   ফি র লে ন   এ বং   বি নী ত ভা বে   ব ল লে ন :   "" রা জা , আ প নি   এ ক বা র   প্র তি শ্রু তি   দি য় ে   অ স্বী কা র   ক র লে   তা   আ প না র   ক্ষে ত্রে   খা রা প   হ বে",64,19
অর্জুনের হতাশার মাত্রা উপলব্ধি করার পরেই কৃষ্ণ তাঁর আচরণ পরিবর্তন করে পৃথিবীতে ধার্মিক কর্তব্যের রহস্য সম্পর্কে তাঁকে শিক্ষাদান শুরু করেন,অ র্জু নে র   হ তা শা র   মা ত্রা   উ প ল ব্ধি   ক রা র   প রে ই   কৃ ষ্ণ   তাঁ র   আ চ র ণ   প রি ব র্ত ন   ক রে   পৃ থি বী তে   ধা র্মি ক   ক র্ত ব্যে র   র হ স্য   স ম্প র্কে   তাঁ কে   শি ক্ষা দা ন   শু রু   ক রে ন,63,20
"পাত্রের মধ্যে চালের গুঁড়ো যোগ করার সময়, তার মাঝে, অল্প পরিমাণ কোরা নারকেলও যোগ করতে পারেন","পা ত্রে র   ম ধ্যে   চা লে র   গুঁ ড় ো   যো গ   ক রা র   স ম য় ,   তা র   মা ঝে ,   অ ল্প   প রি মা ণ   কো রা   না র কে ল ও   যো গ   ক র তে   পা রে ন",46,16
"এই বেলনাকার পাত্রে আপনি এক চামচ নারকেল কোড়া দেওয়া দিয়ে শুরু করতে পারেন, তারপরে ভালো করে মেশানো চালের গুঁড়ো দিয়ে দিন","এ ই   বে ল না কা র   পা ত্রে   আ প নি   এ ক   চা ম চ   না র কে ল   কো ড় া   দে ও য় া   দি য় ে   শু রু   ক র তে   পা রে ন ,   তা র প রে   ভা লো   ক রে   মে শা নো   চা লে র   গুঁ ড় ো   দি য় ে   দি ন",62,21
১৮৩৫ খ্রীষ্টাব্দ নাগাদ মহারাজ রঞ্জিত সিংহের দানের ফলে নান্দেড়-এ একটি অপূর্ব সুন্দর গুরুদ্বার নির্মিত হয় যেটি সূক্ষ্ম খোদাইয়ের কাজ সহ একটি মনোরম স্বর্ণ গম্বুজ সম্বলিত,১ ৮ ৩ ৫   খ্রী ষ্টা ব্দ   না গা দ   ম হা রা জ   র ঞ্জি ত   সিং হে র   দা নে র   ফ লে   না ন্দে ড় - এ   এ ক টি   অ পূ র্ব   সু ন্দ র   গু রু দ্বা র   নি র্মি ত   হ য়   যে টি   সূ ক্ষ্ম   খো দা ই য় ে র   কা জ   স হ   এ ক টি   ম নো র ম   স্ব র্ণ   গ ম্বু জ   স ম্ব লি ত,78,25
সামবেদ হলো স্বরসমূহের প্রস্তাবিত ছন্দ অথবা ছন্দোবদ্ধ তাল বজায় রাখার সঙ্গে মানানসই এসব রুচের সংকলন,সা ম বে দ   হ লো   স্ব র স মূ হে র   প্র স্তা বি ত   ছ ন্দ   অ থ বা   ছ ন্দো ব দ্ধ   তা ল   ব জা য়   রা খা র   স ঙ্গে   মা না ন স ই   এ স ব   রু চে র   সং ক ল ন,50,15
"রাজধানী কোশলের ব্যাপারে বাল্মীকির বিবরণ থেকে একথা পরিষ্কার যে, প্রাচীন অযোধ্যা আমাদের আজকের আধুনিক শহরের থেকে কোনও অংশে কম ছিল না","রা জ ধা নী   কো শ লে র   ব্যা পা রে   বা ল্মী কি র   বি ব র ণ   থে কে   এ ক থা   প রি ষ্কা র   যে ,   প্রা চী ন   অ যো ধ্যা   আ মা দে র   আ জ কে র   আ ধু নি ক   শ হ রে র   থে কে   কো ন ও   অ ং শে   ক ম   ছি ল   না",65,21
"একবার 'আমি করব' বলে ফেললে, সেটা করা ছাড়া তোমার কাছে আর বিকল্প নেই","এ ক বা র   ' আ মি   ক র ব '   ব লে   ফে ল লে ,   সে টা   ক রা   ছা ড় া   তো মা র   কা ছে   আ র   বি ক ল্প   নে ই",36,13
"বর্তমানে, টাকার বিনিময় হার এবং আমাদের বিদেশী মুদ্রা বিনিময় আমানতের পর্যাপ্ততার বিষয়ে বিভিন্ন মতামত রয়েছে","ব র্ত মা নে ,   টা কা র   বি নি ম য়   হা র   এ বং   আ মা দে র   বি দে শী   মু দ্রা   বি নি ম য়   আ মা ন তে র   প র্যা প্ত তা র   বি ষ য় ে   বি ভি ন্ন   ম তা ম ত   র য় ে ছে",54,15
"কোনও ক্রেডিট কার্ড অ্যাকাউণ্ট একমাত্র তিনদিনের থেকে বেশি সময় ধরে পরিশোধাতীত থাকলে, সেটিকে পরিশোধাতীত হিসাবে ব্যাঙ্ক আমানত তথ্য সংস্থাগুলিকে (সিআইসি) জানাবে অথবা জরিমানা জারি করবে যেমন পরিশোধে দেরির জরিমানা ইত্যাদি","কো ন ও   ক্রে ডি ট   কা র্ড   অ ্ যা কা উ ণ্ট   এ ক মা ত্র   তি ন দি নে র   থে কে   বে শি   স ম য়   ধ রে   প রি শো ধা তী ত   থা ক লে ,   সে টি কে   প রি শো ধা তী ত   হি সা বে   ব্যা ঙ্ক   আ মা ন ত   ত থ্য   সং স্থা গু লি কে   ( সি আ ই সি )   জা না বে   অ থ বা   জ রি মা না   জা রি   ক র বে   যে ম ন   প রি শো ধে   দে রি র   জ রি মা না   ই ত্যা দি",105,30
আর্থিক অবস্থার উন্নতিকল্পে দেশগুলি প্রত্যক্ষ অন্তর্মুখী বিনিয়োগের জন্য উৎসাহিত করতে পারে,আ র্থি ক   অ ব স্থা র   উ ন্ন তি ক ল্পে   দে শ গু লি   প্র ত্য ক্ষ   অ ন্ত র্মু খী   বি নি য় ো গে র   জ ন্য   উ ৎ সা হি ত   ক র তে   পা রে,41,11
"যাইহোক, প্যাকেজটির দ্রুত বাস্তবায়নের পুরস্কার স্বরূপ, ব্যাঙ্ক আবেদনপত্রটি গ্রহণ করার ৯০ দিনের মধ্যে অনুমোদিত প্যাকেজটি বাস্তবায়িত হলে, পুনর্গঠনের আবেদনটি ব্যাঙ্ক গ্রহণ করার সময়কার অবস্থায় সম্পদের শ্রেণীবিভাগের অবস্থানটি ফিরিয়ে আনা যেতে পারে","যা ই হো ক ,   প্যা কে জ টি র   দ্রু ত   বা স্ত বা য় নে র   পু র স্কা র   স্ব রূ প ,   ব্যা ঙ্ক   আ বে দ ন প ত্র টি   গ্র হ ণ   ক রা র   ৯ ০   দি নে র   ম ধ্যে   অ নু মো দি ত   প্যা কে জ টি   বা স্ত বা য় ি ত   হ লে ,   পু ন র্গ ঠ নে র   আ বে দ ন টি   ব্যা ঙ্ক   গ্র হ ণ   ক রা র   স ম য় কা র   অ ব স্থা য়   স ম্প দে র   শ্রে ণী বি ভা গে র   অ ব স্থা ন টি   ফি রি য় ে   আ না   যে তে   পা রে",119,31
"ব্যক্তিগত মূলধন আহরণের ক্ষমতা কি অবধারিতভাবে মুষ্টিমেয় মানুষের হাতে সম্পদ কেন্দ্রীভূত করে, নাকি বৃদ্ধি, প্রতিযোগিতা এবং প্রযুক্তিগত প্রগতির ভারসাম্য রক্ষাকারী শক্তিগুলি বৈষম্য কমায়","ব্য ক্তি গ ত   মূ ল ধ ন   আ হ র ণে র   ক্ষ ম তা   কি   অ ব ধা রি ত ভা বে   মু ষ্টি মে য়   মা নু ষে র   হা তে   স ম্প দ   কে ন্দ্রী ভূ ত   ক রে ,   না কি   বৃ দ্ধি ,   প্র তি যো গি তা   এ বং   প্র যু ক্তি গ ত   প্র গ তি র   ভা র সা ম্য   র ক্ষা কা রী   শ ক্তি গু লি   বৈ ষ ম্য   ক মা য়",83,23
অত্যধিক অস্থিতিশীলতায় রাশ টানতে এবং আশা টিকিয়ে রাখতে এটি বাজারে হস্তক্ষেপ করে,অ ত্য ধি ক   অ স্থি তি শী ল তা য়   রা শ   টা ন তে   এ বং   আ শা   টি কি য় ে   রা খ তে   এ টি   বা জা রে   হ স্ত ক্ষে প   ক রে,38,12
দ্বিতীয় ত্রৈমাসিকে উচ্চ-ব্যবহারিক তথ্য স্থিতিশীল অর্থনৈতিক কার্যকলাপ নির্দেশ করে,দ্বি তী য়   ত্রৈ মা সি কে   উ চ্চ - ব্য ব হা রি ক   ত থ্য   স্থি তি শী ল   অ র্থ নৈ তি ক   কা র্য ক লা প   নি র্দে শ   ক রে,36,9
"সমষ্টিগত অর্থনীতির মূল বিষয়টি হল সাধারণত একটি দেশ এবং সব বাজারগুলি কিভাবে পরস্পর সংযোগ ঘটিয়ে বড় প্রপঞ্চ সৃষ্টি করে, অর্থনীতিবিদরা যাকে মোট চলরাশি বলে থাকেন","স ম ষ্টি গ ত   অ র্থ নী তি র   মূ ল   বি ষ য় টি   হ ল   সা ধা র ণ ত   এ ক টি   দে শ   এ বং   স ব   বা জা র গু লি   কি ভা বে   প র স্প র   সং যো গ   ঘ টি য় ে   ব ড়   প্র প ঞ্চ   সৃ ষ্টি   ক রে ,   অ র্থ নী তি বি দ রা   যা কে   মো ট   চ ল রা শি   ব লে   থা কে ন",81,25
সংক্ষিপ্ত সময়ের মধ্যে সম্পূর্ণ বাজারদরের কাছাকাছি মূল্যে আর্থিক সম্পদ বিক্রি করার সীমাটি লিক্যুইডিটির মাধ্যমে নির্দেশ করা হয়,সং ক্ষি প্ত   স ম য় ে র   ম ধ্যে   স ম্পূ র্ণ   বা জা র দ রে র   কা ছা কা ছি   মূ ল্যে   আ র্থি ক   স ম্প দ   বি ক্রি   ক রা র   সী মা টি   লি ক্যু ই ডি টি র   মা ধ্য মে   নি র্দে শ   ক রা   হ য়,55,17
"বিস্তৃতরূপে, রোজগার স্বীকৃতির নীতিটি কোনওরকম স্বার্থভিত্তিক বিচারের পরিবর্তে নৈর্ব্যক্তিক এবং পুনরুদ্ধারের নথি-ভিত্তিক হওয়া উচিত","বি স্তৃ ত রূ পে ,   রো জ গা র   স্বী কৃ তি র   নী তি টি   কো ন ও র ক ম   স্বা র্থ ভি ত্তি ক   বি চা রে র   প রি ব র্তে   নৈ র্ব্য ক্তি ক   এ বং   পু ন রু দ্ধা রে র   ন থি - ভি ত্তি ক   হ ও য় া   উ চি ত",61,14
"অতএব, এরকম পরিমাণে সুদ বাকি পড়ে থাকে না আর তাই, সুদ তোলার তারিখ অনুযায়ী এন","অ ত এ ব ,   এ র ক ম   প রি মা ণে   সু দ   বা কি   প ড় ে   থা কে   না   আ র   তা ই ,   সু দ   তো লা র   তা রি খ   অ নু যা য় ী   এ ন",43,15
পি,পি,1,1
এ-ও বাকি থাকে না,এ - ও   বা কি   থা কে   না,8,4
ভারতের দ্রুত অর্থ লেনদেন ব্যবস্থা- ইউপিআই-কে অন্যান্য ক্ষেত্রের অনুরূপ ব্যবস্থার সঙ্গে সংযুক্ত করার পাশাপাশি ভারতের অর্থ লেনদেন ব্যবস্থাগুলিকে অন্যান্য ক্ষেত্রের সঙ্গে সংযুক্ত করার সম্ভাবনাটি অর্থ প্রেরণ সহ আন্তঃসীমান্ত অর্থ লেনদেন ব্যবস্থাগুলিকে উন্নত করে তুলবে,ভা র তে র   দ্রু ত   অ র্থ   লে ন দে ন   ব্য ব স্থা -   ই উ পি আ ই - কে   অ ন্যা ন্য   ক্ষে ত্রে র   অ নু রূ প   ব্য ব স্থা র   স ঙ্গে   সং যু ক্ত   ক রা র   পা শা পা শি   ভা র তে র   অ র্থ   লে ন দে ন   ব্য ব স্থা গু লি কে   অ ন্যা ন্য   ক্ষে ত্রে র   স ঙ্গে   সং যু ক্ত   ক রা র   স ম্ভা ব না টি   অ র্থ   প্রে র ণ   স হ   আ ন্তঃ সী মা ন্ত   অ র্থ   লে ন দে ন   ব্য ব স্থা গু লি কে   উ ন্ন ত   ক রে   তু ল বে,116,34
বিদ্যুৎ কেন্দ্র ও শিল্প (রাসায়নিক সার) কেন্দ্রগুলি পরিচালনায় ব্যবহৃত হওয়ায় শক্তি বিভাগে বৃহত্তর গুরুত্ব ধারণ করছে তরলীকৃত প্রাকৃতিক গ্যাস (এলএনজি),বি দ্যু ৎ   কে ন্দ্র   ও   শি ল্প   ( রা সা য় নি ক   সা র )   কে ন্দ্র গু লি   প রি চা ল না য়   ব্য ব হৃ ত   হ ও য় া য়   শ ক্তি   বি ভা গে   বৃ হ ত্ত র   গু রু ত্ব   ধা র ণ   ক র ছে   ত র লী কৃ ত   প্রা কৃ তি ক   গ্যা স   ( এ ল এ ন জি ),72,20
"যাইহোক, বাজারগুলি আপনার বিক্রি বৃদ্ধিতে সহায়ক হলেও, সেগুলি একটি টেকসই ব্যবসা গড়ে তুলতে এবং আপনার নিজস্ব বাজারযোগ্য ব্র্যাণ্ড সৃষ্টির সহায়ক নয়","যা ই হো ক ,   বা জা র গু লি   আ প না র   বি ক্রি   বৃ দ্ধি তে   স হা য় ক   হ লে ও ,   সে গু লি   এ ক টি   টে ক স ই   ব্য ব সা   গ ড় ে   তু ল তে   এ বং   আ প না র   নি জ স্ব   বা জা র যো গ্য   ব্র্যা ণ্ড   সৃ ষ্টি র   স হা য় ক   ন য়",71,21
অর্থ সংগ্রহ সহায়করা (পি,অ র্থ   সং গ্র হ   স হা য় ক রা   ( পি,12,4
এ-রা) অর্থপ্রদান বাস্তুতন্ত্রে একটি গুরুত্বপূর্ণ ভূমিকা পালন করে এবং তাই ২০২০-র মার্চে তাদের আইনের অন্তর্ভুক্ত করা হয় এবং অর্থপ্রদান ব্যবস্থা চালক (পি,এ - রা )   অ র্থ প্র দা ন   বা স্তু ত ন্ত্রে   এ ক টি   গু রু ত্ব পূ র্ণ   ভূ মি কা   পা ল ন   ক রে   এ বং   তা ই   ২ ০ ২ ০ - র   মা র্চে   তা দে র   আ ই নে র   অ ন্ত র্ভু ক্ত   ক রা   হ য়   এ বং   অ র্থ প্র দা ন   ব্য ব স্থা   চা ল ক   ( পি,71,22
এস,এ স,2,1
ও) আখ্যাত করা হয়,ও )   আ খ্যা ত   ক রা   হ য়,9,4
"তবে, বর্তমান নিয়মগুলি অনলাইনে প্রক্রিয়াকারী অথবা বৈদ্যুতিন-বাণিজ্য লেনদেনের মাধ্যমে অর্থ সংগ্রহ সহায়কদের ক্ষেত্রে প্রযোজ্য","ত বে ,   ব র্ত মা ন   নি য় ম গু লি   অ ন লা ই নে   প্র ক্রি য় া কা রী   অ থ বা   বৈ দ্যু তি ন - বা ণি জ্য   লে ন দে নে র   মা ধ্য মে   অ র্থ   সং গ্র হ   স হা য় ক দে র   ক্ষে ত্রে   প্র যো জ্য",58,14
"রিকার্ডোর অন্তর্দৃষ্টি এরকম ছিল যে, একটি দেশ তা সত্ত্বেও তুলনামূলক সুবিধা অনুযায়ী তার বৃহত্তম অবাধ সুবিধা পণ্য রপ্তানি, এবং তার তুলনামূলক কম (যদি তখনও সদর্থক থাকে) অবাধ সুবিধাযুক্ত পণ্যের আমদানি করে বাণিজ্য থেকে লাভ করবে","রি কা র্ডো র   অ ন্ত র্দৃ ষ্টি   এ র ক ম   ছি ল   যে ,   এ ক টি   দে শ   তা   স ত্ত্বে ও   তু ল না মূ ল ক   সু বি ধা   অ নু যা য় ী   তা র   বৃ হ ত্ত ম   অ বা ধ   সু বি ধা   প ণ্য   র প্তা নি ,   এ বং   তা র   তু ল না মূ ল ক   ক ম   ( য দি   ত খ ন ও   স দ র্থ ক   থা কে )   অ বা ধ   সু বি ধা যু ক্ত   প ণ্যে র   আ ম দা নি   ক রে   বা ণি জ্য   থে কে   লা ভ   ক র বে",110,35
"৯ই সেপ্টেম্বর, ২০২২-এর হিসাবে ব্যাঙ্কের আমানত, এক বছর আগের ৬","৯ ই   সে প্টে ম্ব র ,   ২ ০ ২ ২ - এ র   হি সা বে   ব্যা ঙ্কে র   আ মা ন ত ,   এ ক   ব ছ র   আ গে র   ৬",34,10
"৭ শতাংশের তুলনায়, বার্ষিক ১৬","৭   শ তাং শে র   তু ল না য় ,   বা র্ষি ক   ১ ৬",15,5
২ শতাংশ হারে দ্রুত গতিতে বৃদ্ধি পেয়েছে,২   শ তাং শ   হা রে   দ্রু ত   গ তি তে   বৃ দ্ধি   পে য় ে ছে,17,7
"ফসল-পূর্ববর্তী এবং ফসল-পরবর্তী কার্যক্রমের জন্য ঋণের মধ্যে তাদের নিজস্ব ফসলে কীটনাশক ছড়ানো, নিড়ান দেওয়া, ফসল তোলা, বাছাই, ঝাড়াই এবং পরিবহণ অন্তর্ভুক্ত থাকে","ফ স ল - পূ র্ব ব র্তী   এ বং   ফ স ল - প র ব র্তী   কা র্য ক্র মে র   জ ন্য   ঋ ণে র   ম ধ্যে   তা দে র   নি জ স্ব   ফ স লে   কী ট না শ ক   ছ ড় া নো ,   নি ড় া ন   দে ও য় া ,   ফ স ল   তো লা ,   বা ছা ই ,   ঝা ড় া ই   এ বং   প রি ব হ ণ   অ ন্ত র্ভু ক্ত   থা কে",85,22
"কৃষি এবং অন্যান্য সম্বন্ধযুক্ত কার্যকলাপের জন্য মধ্যমকালীন ও দীর্ঘকালীন ঋণগুলির মধ্যে কৃষি যন্ত্রের খরিদ্দারি, খামার দ্বারা গৃহীত সেচ এবং অন্যান্য উন্নয়নমূলক কাজ অন্তর্ভুক্ত থাকবে","কৃ ষি   এ বং   অ ন্যা ন্য   স ম্ব ন্ধ যু ক্ত   কা র্য ক লা পে র   জ ন্য   ম ধ্য ম কা লী ন   ও   দী র্ঘ কা লী ন   ঋ ণ গু লি র   ম ধ্যে   কৃ ষি   য ন্ত্রে র   খ রি দ্দা রি ,   খা মা র   দ্বা রা   গৃ হী ত   সে চ   এ বং   অ ন্যা ন্য   উ ন্ন য় ন মূ ল ক   কা জ   অ ন্ত র্ভু ক্ত   থা ক বে",80,24
"প্রতিলিপি ব্যাঙ্কগুলিকে আর্থিক বিভাগ এবং অর্থনীতিকে প্রভাবিত করার অনুমোদন দেওয়ার ফলে, সেই ব্যাঙ্কগুলির কাছে ঐতিহ্যগত ব্যাঙ্কগুলির এই প্রকাশের বিষয়টি পরীক্ষা করছেন এবং শ্রেষ্ঠতর মূলধন ও তরলীকরণ আইনের মাধ্যমে ব্যাঙ্কিং তত্ত্বাবধায়করা সংযত করার চেষ্টা করছেন","প্র তি লি পি   ব্যা ঙ্ক গু লি কে   আ র্থি ক   বি ভা গ   এ বং   অ র্থ নী তি কে   প্র ভা বি ত   ক রা র   অ নু মো দ ন   দে ও য় া র   ফ লে ,   সে ই   ব্যা ঙ্ক গু লি র   কা ছে   ঐ তি হ্য গ ত   ব্যা ঙ্ক গু লি র   এ ই   প্র কা শে র   বি ষ য় টি   প রী ক্ষা   ক র ছে ন   এ বং   শ্রে ষ্ঠ ত র   মূ ল ধ ন   ও   ত র লী ক র ণ   আ ই নে র   মা ধ্য মে   ব্যা ঙ্কিং   ত ত্ত্বা ব ধা য় ক রা   সং য ত   ক রা র   চে ষ্টা   ক র ছে ন",123,34
বিশ্ব আর্থিক সঙ্কটের সময় থেকে সরকারি বিভাগগুলি আরও বেশি ও উন্নত তথ্য সংগ্রহ করছে এবং লুকোনো দুর্বলতার খোঁজ করছে,বি শ্ব   আ র্থি ক   স ঙ্ক টে র   স ম য়   থে কে   স র কা রি   বি ভা গ গু লি   আ র ও   বে শি   ও   উ ন্ন ত   ত থ্য   সং গ্র হ   ক র ছে   এ বং   লু কো নো   দু র্ব ল তা র   খোঁ জ   ক র ছে,55,19
নির্দিষ্ট মূল্যে চাহিদার সমান যোগানের প্রয়োজন দ্বারা ভারসাম্য মূল্যটি নির্ধারিত হয়,নি র্দি ষ্ট   মূ ল্যে   চা হি দা র   স মা ন   যো গা নে র   প্র য় ো জ ন   দ্বা রা   ভা র সা ম্য   মূ ল্য টি   নি র্ধা রি ত   হ য়,36,11
"কাঠামোর সমীকরণগুলি মূল্য ও অন্যান্য চলরাশির (যেমন, রোজগার) ক্রিয়া হিসাবে যোগান ও চাহিদার মাত্রা নির্ধারণ করে","কা ঠা মো র   স মী ক র ণ গু লি   মূ ল্য   ও   অ ন্যা ন্য   চ ল রা শি র   ( যে ম ন ,   রো জ গা র )   ক্রি য় া   হি সা বে   যো গা ন   ও   চা হি দা র   মা ত্রা   নি র্ধা র ণ   ক রে",54,16
"তখন, বর্তমানে অ্যাকাউন্টে মজুত পরিমাণটি হলো বাণিজ্য পরিমাণ যুক্ত মোট ফ্যাক্টর আয় (যেমন, সুদ, বৈদেশিক বিনিয়োগের লভ্যাংশ অথবা কর্মীদের প্রেরিত অর্থ) এবং বিদেশ থেকে পাঠানো (বৈদেশিক সাহায্যের মতো) অর্থ, যেগুলি সাধারণত মোট পরিমাণের সামান্য ভগ্নাংশ","ত খ ন ,   ব র্ত মা নে   অ ্ যা কা উ ন্টে   ম জু ত   প রি মা ণ টি   হ লো   বা ণি জ্য   প রি মা ণ   যু ক্ত   মো ট   ফ্যা ক্ট র   আ য়   ( যে ম ন ,   সু দ ,   বৈ দে শি ক   বি নি য় ো গে র   ল ভ্যাং শ   অ থ বা   ক র্মী দে র   প্রে রি ত   অ র্থ )   এ বং   বি দে শ   থে কে   পা ঠা নো   ( বৈ দে শি ক   সা হা য্যে র   ম তো )   অ র্থ ,   যে গু লি   সা ধা র ণ ত   মো ট   প রি মা ণে র   সা মা ন্য   ভ গ্নাং শ",120,35
পণ্য ও পরিষেবার রপ্তানি এবং পণ্য ও পরিষেবার আমদানির পার্থক্যটিই হলো বাণিজ্য ভারসাম্য,প ণ্য   ও   প রি ষে বা র   র প্তা নি   এ বং   প ণ্য   ও   প রি ষে বা র   আ ম দা নি র   পা র্থ ক্য টি ই   হ লো   বা ণি জ্য   ভা র সা ম্য,40,13
"মাইক্রো, স্মল ও মিডিয়াম এণ্টারপ্রাইজেজের (এম","মা ই ক্রো ,   স্ম ল   ও   মি ডি য় া ম   এ ণ্টা র প্রা ই জে জে র   ( এ ম",23,6
এস,এ স,2,1
এম,এ ম,2,1
ই) জন্য রাজ্যের মন্ত্রী (স্বাধীন দায়িত্বপ্রাপ্ত) শ্রি গিরিরাজ সিংহ ২০১৮ সালের ১৯- ২০শে ডিসেম্বরে নয়া দিল্লিতে সি,ই )   জ ন্য   রা জ্যে র   ম ন্ত্রী   ( স্বা ধী ন   দা য় ি ত্ব প্রা প্ত )   শ্রি   গি রি রা জ   সিং হ   ২ ০ ১ ৮   সা লে র   ১ ৯ -   ২ ০ শে   ডি সে ম্ব রে   ন য় া   দি ল্লি তে   সি,51,17
আই,আ ই,2,1
আই-এর অংশীদারিত্বে এম,আ ই - এ র   অ ং শী দা রি ত্বে   এ ম,13,3
এস,এ স,2,1
এম,এ ম,2,1
ই মন্ত্রণালয় দ্বারা আয়োজিত ১৫তম এম,ই   ম ন্ত্র ণা ল য ়   দ্বা রা   আ য় ো জি ত   ১ ৫ ত ম   এ ম,20,6
এস,এ স,2,1
এম,এ ম,2,1
"ই গ্লোবাল সামিটের উদ্বোধনে প্রধান বক্তব্য পেশ করার সময় বলেন, এই লাগাতার প্রচেষ্টার ফলে বিশ্বব্যাপী ই","ই   গ্লো বা ল   সা মি টে র   উ দ্বো ধ নে   প্র ধা ন   ব ক্ত ব্য   পে শ   ক রা র   স ম য়   ব লে ন ,   এ ই   লা গা তা র   প্র চে ষ্টা র   ফ লে   বি শ্ব ব্যা পী   ই",47,16
ও,ও,1,1
ডি,ডি,1,1
বি র‍্যাঙ্কিংয়ে আমাদের রেটিংয়ের এবং জি,বি   র ্ যা ঙ্কিং য় ে   আ মা দে র   রে টিং য় ে র   এ বং   জি,19,6
ভি,ভি,1,1
সি-র সঙ্গে যুক্ত করার ক্ষেত্রে এম,সি - র   স ঙ্গে   যু ক্ত   ক রা র   ক্ষে ত্রে   এ ম,14,6
এস,এ স,2,1
এম,এ ম,2,1
ই যেসব সমস্যার সম্মুখীন হয়েছে সেগুলোকে সমাধান করায় উন্নতি ঘটেছে,ই   যে স ব   স ম স্যা র   স ম্মু খী ন   হ য় ে ছে   সে গু লো কে   স মা ধা ন   ক রা য়   উ ন্ন তি   ঘ টে ছে,33,10
"এই বিষয়গুলির দিকে খেয়াল রেখে, মুদ্রাস্ফীতির অভিক্ষেপটি দ্বিতীয় তিন মাসে ৭","এ ই   বি ষ য় গু লি র   দি কে   খে য় া ল   রে খে ,   মু দ্রা স্ফী তি র   অ ভি ক্ষে প টি   দ্বি তী য়   তি ন   মা সে   ৭",35,11
১ শতাংশে; তৃতীয় তিন মাসে ৬,১   শ তাং শে ;   তৃ তী য়   তি ন   মা সে   ৬,13,6
৫ শতাংশে; এবং চতুর্থ তিন মাসে সমানভাবে ভারসাম্য বজায় রেখে ৫,৫   শ তাং শে ;   এ বং   চ তু র্থ   তি ন   মা সে   স মা ন ভা বে   ভা র সা ম্য   ব জা য়   রে খে   ৫,29,11
৮ শতাংশ সহ ২০২২-২৩-এ ৬,৮   শ তাং শ   স হ   ২ ০ ২ ২ - ২ ৩ - এ   ৬,16,5
৭ শতাংশে ধরে রাখা হয়েছে,৭   শ তাং শে   ধ রে   রা খা   হ য় ে ছে,12,5
"ভারতের আমদানি বৃদ্ধির গতি মন্দীভূত হলেও, সেটি রপ্তানি বৃদ্ধির গতিকে ছাড়িয়ে গেছে","ভা র তে র   আ ম দা নি   বৃ দ্ধি র   গ তি   ম ন্দী ভূ ত   হ লে ও ,   সে টি   র প্তা নি   বৃ দ্ধি র   গ তি কে   ছা ড় ি য় ে   গে ছে",39,12
"বর্তমানে, বৃদ্ধির হিসাব প্রধানত অর্থনৈতিক কর্মক্ষমতা (বৃদ্ধির হার, জিডিপি'র শতকরা হিসাবে রাজস্ব ঘাটতি, জিডিপি'র শতকরা হিসাবে সরকারের ঋণ, জিডিপি'র শতকরা হিসাবে কর রাজস্ব ইত্যাদি) এবং সামাজিক কর্মক্ষমতার (দারিদ্র্য, বৈষম্য, কর্মসংস্থানের হার, জনসংখ্যার পুষ্টির হার ইত্যাদি) উপর নিবদ্ধ","ব র্ত মা নে ,   বৃ দ্ধি র   হি সা ব   প্র ধা ন ত   অ র্থ নৈ তি ক   ক র্ম ক্ষ ম তা   ( বৃ দ্ধি র   হা র ,   জি ডি পি ' র   শ ত ক রা   হি সা বে   রা জ স্ব   ঘা ট তি ,   জি ডি পি ' র   শ ত ক রা   হি সা বে   স র কা রে র   ঋ ণ ,   জি ডি পি ' র   শ ত ক রা   হি সা বে   ক র   রা জ স্ব   ই ত্যা দি )   এ বং   সা মা জি ক   ক র্ম ক্ষ ম তা র   ( দা রি দ্র্য ,   বৈ ষ ম্য ,   ক র্ম সং স্থা নে র   হা র ,   জ ন সং খ্যা র   পু ষ্টি র   হা র   ই ত্যা দি )   উ প র   নি ব দ্ধ",142,37
বর্তমান অর্থনৈতিক আলোচনাগুলির সামাজিক ও অর্থনৈতিক নিষ্পাদনের ভারসাম্যের দিকে ঝোঁক এতই বেশি যে পরিবেশগত নিষ্পাদনের সঙ্গে পারস্পরিক সংযোগের দিকটি কিছুটা হলেও উপেক্ষিত হয়,ব র্ত মা ন   অ র্থ নৈ তি ক   আ লো চ না গু লি র   সা মা জি ক   ও   অ র্থ নৈ তি ক   নি ষ্পা দ নে র   ভা র সা ম্যে র   দি কে   ঝোঁ ক   এ ত ই   বে শি   যে   প রি বে শ গ ত   নি ষ্পা দ নে র   স ঙ্গে   পা র স্প রি ক   সং যো গে র   দি ক টি   কি ছু টা   হ লে ও   উ পে ক্ষি ত   হ য়,83,23
ঋণটির পুনর্গঠনের পরের ন্যায্য মূল্যটি পুনর্গঠনের সময়ে অগ্রিমের উপর ধার্য‍্য সুদের হারের প্রতিনিধিত্বকারী নগদ প্রবাহের বর্তমান মূল্য হিসাবে এবং পুনর্গঠনের তারিখে ব্যাঙ্কটির বিপিএলআর হারের সমান ছাড় যুক্ত পুনর্গঠনের তারিখে ঋণগ্রহীতা শ্রেণীর জন্য যথাযথ মেয়াদ প্রিমিয়াম এবং আমানতের ঝুঁকির প্রিমিয়াম হিসাবে মূলধনটি গণনা করা হবে,ঋ ণ টি র   পু ন র্গ ঠ নে র   প রে র   ন্যা য্য   মূ ল্য টি   পু ন র্গ ঠ নে র   স ম য় ে   অ গ্রি মে র   উ প র   ধা র্য ্ য   সু দে র   হা রে র   প্র তি নি ধি ত্ব কা রী   ন গ দ   প্র বা হে র   ব র্ত মা ন   মূ ল্য   হি সা বে   এ বং   পু ন র্গ ঠ নে র   তা রি খে   ব্যা ঙ্ক টি র   বি পি এ ল আ র   হা রে র   স মা ন   ছা ড়   যু ক্ত   পু ন র্গ ঠ নে র   তা রি খে   ঋ ণ গ্র হী তা   শ্রে ণী র   জ ন্য   য থা য থ   মে য় া দ   প্রি মি য় া ম   এ বং   আ মা ন তে র   ঝুঁ কি র   প্রি মি য় া ম   হি সা বে   মূ ল ধ ন টি   গ ণ না   ক রা   হ বে,161,44
"পরবর্তীকালে, তরলীকরণের ধাক্কা সামলাতে এবং আর্থিক স্থিতিশীলতা রক্ষা করতে, আর্থিক বাজারগুলিতে আস্থা ফিরিয়ে আনার সহায়ক, এমএফ-(এসএলএফ-এমএফ) গুলির জন্য ৫০,০০০ কোটি পরিমাণের বিশেষ তরলীকরণ সুবিধা নিয়ে হাজির হয় ভারতীয় রিজার্ভ ব্যাঙ্ক","প র ব র্তী কা লে ,   ত র লী ক র ণে র   ধা ক্কা   সা ম লা তে   এ বং   আ র্থি ক   স্থি তি শী ল তা   র ক্ষা   ক র তে ,   আ র্থি ক   বা জা র গু লি তে   আ স্থা   ফি রি য় ে   আ না র   স হা য় ক ,   এ ম এ ফ - ( এ স এ ল এ ফ - এ ম এ ফ )   গু লি র   জ ন্য   ৫ ০ , ০ ০ ০   কো টি   প রি মা ণে র   বি শে ষ   ত র লী ক র ণ   সু বি ধা   নি য় ে   হা জি র   হ য়   ভা র তী য়   রি জা র্ভ   ব্যা ঙ্ক",124,30
"সাম্প্রতিককালে প্রবল হার বৃদ্ধি এবং আরও বড় হার বৃদ্ধির অগ্রিম নির্দেশিকা আর্থিক অবস্থার কড়াকড়ি, চূড়ান্ত অস্থিরতা ও ঝুঁকি বিমুখতার জন্ম দিয়েছে","সা ম্প্র তি ক কা লে   প্র ব ল   হা র   বৃ দ্ধি   এ বং   আ র ও   ব ড়   হা র   বৃ দ্ধি র   অ গ্রি ম   নি র্দে শি কা   আ র্থি ক   অ ব স্থা র   ক ড় া ক ড় ি ,   চূ ড় া ন্ত   অ স্থি র তা   ও   ঝুঁ কি   বি মু খ তা র   জ ন্ম   দি য় ে ছে",68,21
পূর্ণ মূল্য পরিশোধিত নোটগুলি চেস্টে প্রেরিত অর্থ হিসাবে এবং অর্ধ মূল্য পরিশোধিত এবং বাতিল নোটগুলি বিচার নিষ্পত্তির জন্য দাখিল করা নোট হিসাবে আরবিআই ইস্যু অফিস দ্বারা গণ্য করা হবে এবং সেই অনুযায়ী প্রক্রিয়াকরণ করা হবে,পূ র্ণ   মূ ল্য   প রি শো ধি ত   নো ট গু লি   চে স্টে   প্রে রি ত   অ র্থ   হি সা বে   এ বং   অ র্ধ   মূ ল্য   প রি শো ধি ত   এ বং   বা তি ল   নো ট গু লি   বি চা র   নি ষ্প ত্তি র   জ ন্য   দা খি ল   ক রা   নো ট   হি সা বে   আ র বি আ ই   ই স্যু   অ ফি স   দ্বা রা   গ ণ্য   ক রা   হ বে   এ বং   সে ই   অ নু যা য় ী   প্র ক্রি য় া ক র ণ   ক রা   হ বে,100,35
ভারতে ঋণগত সুরক্ষার পরিমাণে বিশাল বৃদ্ধি হয়েছে,ভা র তে   ঋ ণ গ ত   সু র ক্ষা র   প রি মা ণে   বি শা ল   বৃ দ্ধি   হ য় ে ছে,24,7
এই অস্থির বিশ্ব পরিবেশ সত্ত্বেও ভারতীয় অর্থনীতি স্থিতিশীল রয়েছে,এ ই   অ স্থি র   বি শ্ব   প রি বে শ   স ত্ত্বে ও   ভা র তী য়   অ র্থ নী তি   স্থি তি শী ল   র য় ে ছে,30,9
আসল অর্থনীতি ও আর্থিক স্থিতিশীলতায় শক্তিশালী পরিণাম সহ আর্থিক বাজারগুলিতে আশঙ্কা রয়েছে,আ স ল   অ র্থ নী তি   ও   আ র্থি ক   স্থি তি শী ল তা য়   শ ক্তি শা লী   প রি ণা ম   স হ   আ র্থি ক   বা জা র গু লি তে   আ শ ঙ্কা   র য় ে ছে,43,12
"কোনও একজনের দ্বারা প্রদত্ত নোটের সংখ্যা ৫টির বেশি কিন্তু ৫,০০০ মূল্যের অনধিক হলে সেই নোটগুলি প্রেরককে নিজের ব্যাঙ্ক অ্যাকাউণ্টের খুঁটিনাটি (অ্যাকাউণ্ট নম্বর, শাখার নাম, আইএফএসসি ইত্যাদি) সহ বীমাকৃত ডাকে তাঁর নিকটবর্তী মুদ্রা চেস্ট শাখায় পাঠাতে অথবা নিজে সেখানে গিয়ে সেগুলি বদলে আনার পরামর্শ দেওয়া উচিত","কো ন ও   এ ক জ নে র   দ্বা রা   প্র দ ত্ত   নো টে র   সং খ্যা   ৫ টি র   বে শি   কি ন্তু   ৫ , ০ ০ ০   মূ ল্যে র   অ ন ধি ক   হ লে   সে ই   নো ট গু লি   প্রে র ক কে   নি জে র   ব্যা ঙ্ক   অ ্ যা কা উ ণ্টে র   খুঁ টি না টি   ( অ ্ যা কা উ ণ্ট   ন ম্ব র ,   শা খা র   না ম ,   আ ই এ ফ এ স সি   ই ত্যা দি )   স হ   বী মা কৃ ত   ডা কে   তাঁ র   নি ক ট ব র্তী   মু দ্রা   চে স্ট   শা খা য়   পা ঠা তে   অ থ বা   নি জে   সে খা নে   গি য় ে   সে গু লি   ব দ লে   আ না র   প রা ম র্শ   দে ও য় া   উ চি ত",149,45
আদালত এটাও দেখে যে ব্যক্তিগত তথ্য ও সত্যের গোপনীয়তা হল গোপনীয়তার অধিকারের একটি অপরিহার্য অংশ এবং সেইজন্য এটি বাধ্যতামূলক যে সি,আ দা ল ত   এ টা ও   দে খে   যে   ব্য ক্তি গ ত   ত থ্য   ও   স ত্যে র   গো প নী য় তা   হ ল   গো প নী য ় তা র   অ ধি কা রে র   এ ক টি   অ প রি হা র্য   অ ং শ   এ বং   সে ই জ ন্য   এ টি   বা ধ্য তা মূ ল ক   যে   সি,66,21
বি,বি,1,1
ডি,ডি,1,1
"সি জারি করার জন্য তথ্য সংগ্রহের সময় নাগরিকদের সর্বোত্তম স্বার্থকে অগ্রাধিকার দিতে হবে, শুধু সেইসব ব্যক্তিগত তথ্য সংগ্রহ করা হবে যা আবশ্যক এবং শুধুমাত্র সেই উদ্দেশ্যেই ব্যবহার করা হবে যার জন্য সংগ্রহ করা হচ্ছে","সি   জা রি   ক রা র   জ ন্য   ত থ্য   সং গ্র হে র   স ম য়   না গ রি ক দে র   স র্বো ত্ত ম   স্বা র্থ কে   অ গ্রা ধি কা র   দি তে   হ বে ,   শু ধু   সে ই স ব   ব্য ক্তি গ ত   ত থ্য   সং গ্র হ   ক রা   হ বে   যা   আ ব শ্য ক   এ বং   শু ধু মা ত্র   সে ই   উ দ্দে শ্যে ই   ব্য ব হা র   ক রা   হ বে   যা র   জ ন্য   সং গ্র হ   ক রা   হ চ্ছে",95,34
"তথ্য অথবা পরিষেবা নিষ্ক্রিয় বা ক্ষয় করতে, অন্যান্য কম্পিউটারের নাগাল পেতে এক সাইবার অপরাধী কোনও একটি কম্পিউটার অথবা অন্তর্জালকে আক্রমণ করে","ত থ্য   অ থ বা   প রি ষে বা   নি ষ্ ক্রি য়   বা   ক্ষ য়   ক র তে ,   অ ন্যা ন্য   ক ম্পি উ টা রে র   না গা ল   পে তে   এ ক   সা ই বা র   অ প রা ধী   কো ন ও   এ ক টি   ক ম্পি উ টা র   অ থ বা   অ ন্ত র্জা ল কে   আ ক্র ম ণ   ক রে",69,21
সংরক্ষক হিসাবে ব্যবহৃত নুনের উপস্থিতির কারণে সমস্ত প্যাকেটজাত এবং কৌটোজাত খাদ্যদ্রব্যেই উচ্চ মাত্রায় সোডিয়াম থাকে,সং র ক্ষ ক   হি সা বে   ব্য ব হৃ ত   নু নে র   উ প স্থি তি র   কা র ণে   স ম স্ত   প্যা কে ট জা ত   এ বং   কৌ টো জা ত   খা দ্য দ্র ব্যে ই   উ চ্চ   মা ত্রা য়   সো ডি য় া ম   থা কে,53,15
"সচল গাড়িতে কোনওরকমভাবে হঠাৎ ব্রেক কষলে, পাশ কাটালে, অথবা কোনও দুর্ঘটনা ঘটলে বন্ধনহীন সিআরএস গাড়ির মধ্যেই একদিক থেকে আরেক দিকে উড়ে যেতে পারে","স চ ল   গা ড় ি তে   কো ন ও র ক ম ভা বে   হ ঠা ৎ   ব্রে ক   ক ষ লে ,   পা শ   কা টা লে ,   অ থ বা   কো ন ও   দু র্ঘ ট না   ঘ ট লে   ব ন্ধ ন হী ন   সি আ র এ স   গা ড় ি র   ম ধ্যে ই   এ ক দি ক   থে কে   আ রে ক   দি কে   উ ড় ে   যে তে   পা রে",78,23
"কিন্তু, সেই সকালেই, নরপত সিংহের খালাস করা এক শ্বেতাঙ্গ বন্দি ইংরেজ শিবিরে এসে সেনাধ্যক্ষকে জানায়, সে নরপত সিংহকে বলতে শুনেছে যে প্রতিশোধ না নিয়ে তিনি দুর্গ ত্যাগ করবেন না","কি ন্তু ,   সে ই   স কা লে ই ,   ন র প ত   সিং হে র   খা লা স   ক রা   এ ক   শ্বে তা ঙ্গ   ব ন্দি   ই ং রে জ   শি বি রে   এ সে   সে না ধ্য ক্ষ কে   জা না য় ,   সে   ন র প ত   সিং হ কে   ব ল তে   শু নে ছে   যে   প্র তি শো ধ   না   নি য় ে   তি নি   দু র্গ   ত্যা গ   ক র বে ন   না",81,29
"এই সময়ে, লাহোরের সৈন্যের প্রধান আধিকারিক ছিলেন কোনও এক রবার্ট মণ্টগোমারি","এ ই   স ম য় ে ,   লা হো রে র   সৈ ন্যে র   প্র ধা ন   আ ধি কা রি ক   ছি লে ন   কো ন ও   এ ক   র বা র্ট   ম ণ্ট গো মা রি",38,11
"মিঞাঁ মীরের শিবিরে, প্রতি একজনের বিরুদ্ধে চারজনের হিসাবে সেপাইরা ইংরেজ সৈন্যদের থেকে সংখ্যায় বেশি হওয়া সত্ত্বেও মীরাট থেকে খবর আসার আগে পর্যন্ত তাদের ব্যাপারে ইংরেজ আধিকারিকদের কোনও সন্দেহ ছিল না, এবং খবরটি আসার পরে তাদের সঙ্গে মীরাটের সেপাইদের কোনও গোপন যোগাযোগ ছিল কিনা তা জানা তাদের পক্ষে কঠিন হয়ে দাঁড়িয়েছিল","মি ঞাঁ   মী রে র   শি বি রে ,   প্র তি   এ ক জ নে র   বি রু দ্ধে   চা র জ নে র   হি সা বে   সে পা ই রা   ই ং রে জ   সৈ ন্য দে র   থে কে   সং খ্যা য়   বে শি   হ ও য় া   স ত্ত্বে ও   মী রা ট   থে কে   খ ব র   আ সা র   আ গে   প র্য ন্ত   তা দে র   ব্যা পা রে   ই ং রে জ   আ ধি কা রি ক দে র   কো ন ও   স ন্দে হ   ছি ল   না ,   এ বং   খ ব র টি   আ সা র   প রে   তা দে র   স ঙ্গে   মী রা টে র   সে পা ই দে র   কো ন ও   গো প ন   যো গা যো গ   ছি ল   কি না   তা   জা না   তা দে র   প ক্ষে   ক ঠি ন   হ য় ে   দাঁ ড় ি য় ে ছি ল",156,50
"এগুলি শুধুমাত্র আসক্তি-সৃষ্টিকারীই নয়, মস্তিষ্কের উপরেও এগুলির ক্ষতিকর প্রভাব পড়ে","এ গু লি   শু ধু মা ত্র   আ স ক্তি - সৃ ষ্টি কা রী ই   ন য় ,   ম স্তি ষ্কে র   উ প রে ও   এ গু লি র   ক্ষ তি ক র   প্র ভা ব   প ড় ে",41,10
"দিনের পর দিন, উভয় দিক থেকেই নতুন সৈন্যদল আসছিল","দি নে র   প র   দি ন ,   উ ভ য়   দি ক   থে কে ই   ন তু ন   সৈ ন্য দ ল   আ স ছি ল",27,9
"কোনও ব্যক্তিগত বিদ্বেষ থেকে থাকলে, মঙ্গল পাণ্ডের নাম শহীদদের নয়, হত্যাকারীদের তালিকায় থাকত","কো ন ও   ব্য ক্তি গ ত   বি দ্বে ষ   থে কে   থা ক লে ,   ম ঙ্গ ল   পা ণ্ডে র   না ম   শ হী দ দে র   ন য় ,   হ ত্যা কা রী দে র   তা লি কা য়   থা ক ত",45,13
"সে এক মুহূর্ত আমার দিকে তাকাল এবং সবিনয়ে 'আমি খুব দুঃখিত, আমাদের সব ভর্তি হয়ে গেছে', বলে আমায় বিদায় জানালো","সে   এ ক   মু হূ র্ত   আ মা র   দি কে   তা কা ল   এ বং   স বি ন য ় ে   ' আ মি   খু ব   দুঃ খি ত ,   আ মা দে র   স ব   ভ র্তি   হ য় ে   গে ছে ' ,   ব লে   আ মা য়   বি দা য়   জা না লো",57,20
আমাদের বাড়ি অথবা আশপাশ থেকে আবর্জনা না সরালে কী হবে কখনও ভেবে দেখেছেন কি,আ মা দে র   বা ড় ি   অ থ বা   আ শ পা শ   থে কে   আ ব র্জ না   না   স রা লে   কী   হ বে   ক খ ন ও   ভে বে   দে খে ছে ন   কি,38,14
"সাম্প্রতিক কালে, ডিজিটাল প্রযুক্তি ব্যবহারের ফলে আমাদের চারপাশের পৃথিবী বহু পরিবর্তনের সাক্ষী থেকেছে","সা ম্প্র তি ক   কা লে ,   ডি জি টা ল   প্র যু ক্তি   ব্য ব হা রে র   ফ লে   আ মা দে র   চা র পা শে র   পৃ থি বী   ব হু   প রি ব র্ত নে র   সা ক্ষী   থে কে ছে",46,13
"অতীতে, একটি চিঠি পৌঁছতে বহু দিন লেগে যেত, এবং প্রত্যেক প্রাপক তাঁদের নিজস্ব চিঠি পেয়ে পৃথক জবাব দিতেন","অ তী তে ,   এ ক টি   চি ঠি   পৌঁ ছ তে   ব হু   দি ন   লে গে   যে ত ,   এ বং   প্র ত্যে ক   প্রা প ক   তাঁ দে র   নি জ স্ব   চি ঠি   পে য় ে   পৃ থ ক   জ বা ব   দি তে ন",49,18
অন্তর্নিহিত নীতিটি লাভজনক অথবা ক্ষতিকর হওয়ার ভিত্তিতে বিপ্লবের মর্মস্পর্শী প্রকৃতিটি আনুপাতিকভাবে পবিত্র অথবা অপবিত্র বলে মনে করা হয়,অ ন্ত র্নি হি ত   নী তি টি   লা ভ জ ন ক   অ থ বা   ক্ষ তি ক র   হ ও য় া র   ভি ত্তি তে   বি প্ল বে র   ম র্ম স্প র্শী   প্র কৃ তি টি   আ নু পা তি ক ভা বে   প বি ত্র   অ থ বা   অ প বি ত্র   ব লে   ম নে   ক রা   হ য়,65,18
"মৃত্যুর কাছে প্রত্যেকবার স্ত্রীকে হারিয়ে, পরপর ৪ বার বিবাহ করেন কাবা গান্ধী","মৃ ত্যু র   কা ছে   প্র ত্যে ক বা র   স্ত্রী কে   হা রি য় ে ,   প র প র   ৪   বা র   বি বা হ   ক রে ন   কা বা   গা ন্ধী",34,12
ন্যায় এবং দাসত্ব থেকে মুক্তির ভাবনায় জনসাধারণকে উদ্বুদ্ধ করার উদ্দেশ্যে লেখাই হয়ে উঠলো লেখকদের সামাজিক দায়বদ্ধতা,ন্যা য়   এ বং   দা স ত্ব   থে কে   মু ক্তি র   ভা ব না য়   জ ন সা ধা র ণ কে   উ দ্বু দ্ধ   ক রা র   উ দ্দে শ্যে   লে খা ই   হ য় ে   উ ঠ লো   লে খ ক দে র   সা মা জি ক   দা য় ব দ্ধ তা,55,16
শুধুমাত্র এই তথ্যটিই তাঁর ক্ষমতা এবং চরিত্র অনুমান করার পক্ষে যথেষ্ট,শু ধু মা ত্র   এ ই   ত থ্য টি ই   তাঁ র   ক্ষ ম তা   এ বং   চ রি ত্র   অ নু মা ন   ক রা র   প ক্ষে   য থে ষ্ট,32,11
"শৈলশিরাটি থেকে আমরা হাজার হাজার সেপাইয়ের নিখুঁত শৃঙ্খলায় এবং সামরিক সুরে কুচকাওয়াজ করে, এবং বিভিন্ন ধরনের পতাকা ও নিশান নাড়াতে নাড়াতে শহরে প্রবেশ স্পষ্ট দেখতে পাচ্ছিলাম","শৈ ল শি রা টি   থে কে   আ ম রা   হা জা র   হা জা র   সে পা ই য় ে র   নি খুঁ ত   শৃ ঙ্খ লা য়   এ বং   সা ম রি ক   সু রে   কু চ কা ও য় া জ   ক রে ,   এ বং   বি ভি ন্ন   ধ র নে র   প তা কা   ও   নি শা ন   না ড় া তে   না ড় া তে   শ হ রে   প্র বে শ   স্প ষ্ট   দে খ তে   পা চ্ছি লা ম",86,26
"রামায়ণ এবং মহাভারত তারা একসঙ্গে পড়েছে; একসঙ্গে তারা মারহাট্টাদের সামরিক কীর্তির কথা পড়েছে, এবং হিন্দু বীরত্বের কাহিনী দ্বারা উদ্বুদ্ধ মহৎ অনুপ্রেরণা তাদের তরুণ হৃদয়কে উদ্বেলিত করেছে","রা মা য় ণ   এ বং   ম হা ভা র ত   তা রা   এ ক স ঙ্গে   প ড় ে ছে ;   এ ক স ঙ্গে   তা রা   মা র হা ট্টা দে র   সা ম রি ক   কী র্তি র   ক থা   প ড় ে ছে ,   এ বং   হি ন্দু   বী র ত্বে র   কা হি নী   দ্বা রা   উ দ্বু দ্ধ   ম হ ৎ   অ নু প্রে র ণা   তা দে র   ত রু ণ   হৃ দ য় কে   উ দ্বে লি ত   ক রে ছে",89,26
বর্ষাকালে কৃষিগত প্রয়োগগুলিতে রিমোট সেন্সিং তথ্যের ব্যবহার করতে না পারার ক্ষেত্রে মূল বাধা হলো যথেষ্ট সংখ্যায় নির্মেঘ অপ্টিক্যাল উপগ্রহজনিত তথ্যের অপর্যাপ্ততা,ব র্ষা কা লে   কৃ ষি গ ত   প্র য় ো গ গু লি তে   রি মো ট   সে ন্সিং   ত থ্যে র   ব্য ব হা র   ক র তে   না   পা রা র   ক্ষে ত্রে   মূ ল   বা ধা   হ লো   য থে ষ্ট   সং খ্যা য়   নি র্মে ঘ   অ প্টি ক্যা ল   উ প গ্র হ জ নি ত   ত থ্যে র   অ প র্যা প্ত তা,70,21
ইণ্টারনেটে কোনও দূষিত বিজ্ঞাপনে ক্লিক করলে এটি আমাদের সিস্টেমেও পৌঁছে যেতে পারে,ই ণ্টা র নে টে   কো ন ও   দূ ষি ত   বি জ্ঞা প নে   ক্লি ক   ক র লে   এ টি   আ মা দে র   সি স্টে মে ও   পৌঁ ছে   যে তে   পা রে,36,12
"নিজের গুহায় বিপদে দেখে, চিলিয়ানওয়ালায় তার ডেরা থেকে তাড়াহুড়ো করে বেরিয়ে গিয়ে সে তার ভয়ানক থাবার এক আঘাতে শত্রুকে থেঁতলে দেয় এবং তার রক্তপাত ঘটায়","নি জে র   গু হা য়   বি প দে   দে খে ,   চি লি য় া ন ও য় া লা য়   তা র   ডে রা   থে কে   তা ড় া হু ড় ো   ক রে   বে রি য় ে   গি য় ে   সে   তা র   ভ য় া ন ক   থা বা র   এ ক   আ ঘা তে   শ ত্রু কে   থেঁ ত লে   দে য়   এ বং   তা র   র ক্ত পা ত   ঘ টা য়",78,25
তাদেরকে সঙ্গে নিয়ে নানা বিঠুরের দিকে যাত্রা করেন এবং কানপুর আক্রমণের হুমকি দেন,তা দে র কে   স ঙ্গে   নি য় ে   না না   বি ঠু রে র   দি কে   যা ত্রা   ক রে ন   এ বং   কা ন পু র   আ ক্র ম ণে র   হু ম কি   দে ন,38,13
শেঠ এবং তাঁর কর্মচারীরা আমার চারপাশে এসে জড়ো হলো,শে ঠ   এ বং   তাঁ র   ক র্ম চা রী রা   আ মা র   চা র পা শে   এ সে   জ ড় ো   হ লো,25,9
"তাঁর পরে, অল্প সময়ের জন্য আসেন দ্বিতীয় জের্জেক্স","তাঁ র   প রে ,   অ ল্প   স ম য় ে র   জ ন্য   আ সে ন   দ্বি তী য়   জে র্জে ক্স",23,8
ভাইদের পরস্পরের মধ্যে প্রগাঢ় টান ছিল,ভা ই দে র   প র স্প রে র   ম ধ্যে   প্র গা ঢ়   টা ন   ছি ল,18,6
তারা এই প্রস্তাবে রাজি হলে অন্যদেরও একই পন্থা অবলম্বন করতে রাজি করানো যাবে বলে আমার মনে হল,তা রা   এ ই   প্র স্তা বে   রা জি   হ লে   অ ন্য দে র ও   এ ক ই   প ন্থা   অ ব ল ম্ব ন   ক র তে   রা জি   ক রা নো   যা বে   ব লে   আ মা র   ম নে   হ ল,45,17
শহুরে অঞ্চলটির সবথেকে লক্ষণীয় বিষয়টি হলো বিভিন্ন ধরনের পরিবহন,শ হু রে   অ ঞ্চ ল টি র   স ব থে কে   ল ক্ষ ণী য়   বি ষ য় টি   হ লো   বি ভি ন্ন   ধ র নে র   প রি ব হ ন,34,9
"আগে থেকে লগ লিখে রাখার রীতিটি নিশ্চিত করে যে, কোনওরকম ক্র্যাশের ঘটনায়, একটি পুনরুদ্ধার প্রক্রিয়া লগটির সাহায্য নিয়ে পদ্ধতিগতভাবে সেল স্টোরেজের সব সম্পূর্ণকৃত এবং অভিপ্রেত পরিবর্তনগুলি খুঁজে পরিস্থিতি অনুযায়ী সেগুলিকে পুরনো মতে ফিরিয়ে আনতে অথবা নতুন করে সাজিয়ে দিতে পারে","আ গে   থে কে   ল গ   লি খে   রা খা র   রী তি টি   নি শ্চি ত   ক রে   যে ,   কো ন ও র ক ম   ক্র্যা শে র   ঘ ট না য় ,   এ ক টি   পু ন রু দ্ধা র   প্র ক্রি য় া   ল গ টি র   সা হা য্য   নি য় ে   প দ্ধ তি গ ত ভা বে   সে ল   স্টো রে জে র   স ব   স ম্পূ র্ণ কৃ ত   এ বং   অ ভি প্রে ত   প রি ব র্ত ন গু লি   খুঁ জে   প রি স্থি তি   অ নু যা য় ী   সে গু লি কে   পু র নো   ম তে   ফি রি য় ে   আ ন তে   অ থ বা   ন তু ন   ক রে   সা জি য় ে   দি তে   পা রে",133,40
"সঙ্গতি লাভের ভারসাম্যগুলিই প্রথম, একাদিক তালা থাকলে সেগুলির নাগাল পেতে এবং খুলতে বেশি সময় ব্যয় হবে, এবং দ্বিতীয়ত সঠিক হওয়ার যুক্তি আরও বেশি জটিল হয়ে ওঠে","স ঙ্গ তি   লা ভে র   ভা র সা ম্য গু লি ই   প্র থ ম ,   এ কা দি ক   তা লা   থা ক লে   সে গু লি র   না গা ল   পে তে   এ বং   খু ল তে   বে শি   স ম য়   ব্য য়   হ বে ,   এ বং   দ্বি তী য় ত   স ঠি ক   হ ও য় া র   যু ক্তি   আ র ও   বে শি   জ টি ল   হ য় ে   ও ঠে",79,26
সাঁতারের সুবিধা উপলব্ধ থাকলে ডুবে গেলে প্রাণ বাঁচানোর কৌশলটি প্রয়োগের মাধ্যমে সবথেকে ভালো অনুশীলন করা সম্ভব,সাঁ তা রে র   সু বি ধা   উ প ল ব্ধ   থা ক লে   ডু বে   গে লে   প্রা ণ   বাঁ চা নো র   কৌ শ ল টি   প্র য় ো গে র   মা ধ্য মে   স ব থে কে   ভা লো   অ নু শী ল ন   ক রা   স ম্ভ ব,52,16
সাঁতারে প্রথমিক চিকিৎসা সংক্রান্ত কোনও সংশয় থাকলে শিক্ষার্থীদের সেগুলি সম্পর্কে প্রশ্ন করতে উৎসাহিত করতে হবে,সাঁ তা রে   প্র থ মি ক   চি কি ৎ সা   সং ক্রা ন্ত   কো ন ও   সং শ য়   থা ক লে   শি ক্ষা র্থী দে র   সে গু লি   স ম্প র্কে   প্র শ্ন   ক র তে   উ ৎ সা হি ত   ক র তে   হ বে,49,15
পঞ্জাব সেপাইদের মধ্যে জাতীয় স্বাধীনতার বোধটি কতখানি জাগ্রত হয়েছিল তা দেখার প্রয়োজন ছিল,প ঞ্জা ব   সে পা ই দে র   ম ধ্যে   জা তী য়   স্বা ধী ন তা র   বো ধ টি   ক ত খা নি   জা গ্র ত   হ য় ে ছি ল   তা   দে খা র   প্র য় ো জ ন   ছি ল,44,13
এই ধরনের মহৎ ক্ষমাশীলতা আমার বাবার ক্ষেত্রে স্বাভাবিক ছিল না,এ ই   ধ র নে র   ম হ ৎ   ক্ষ মা শী ল তা   আ মা র   বা বা র   ক্ষে ত্রে   স্বা ভা বি ক   ছি ল   না,29,10
"আপাতভাবে, এই বিদ্রোহটি এক হিসাবে স্যার হেনরিকে খুশি করেছিল, তাঁর কাছে ইংরেজ সৈন্যদল ও কামানের একটি বাছাই করা এবং বিশ্বস্ত সেনা এবং কঠিন পরীক্ষার মাধ্যমে যাচাই করা আনুগত্যের শিখ ও হিন্দুস্তানিদের দু'টি সৈন্যদল ছিল","আ পা ত ভা বে ,   এ ই   বি দ্রো হ টি   এ ক   হি সা বে   স্যা র   হে ন রি কে   খু শি   ক রে ছি ল ,   তাঁ র   কা ছে   ই ং রে জ   সৈ ন্য দ ল   ও   কা মা নে র   এ ক টি   বা ছা ই   ক রা   এ বং   বি শ্ব স্ত   সে না   এ বং   ক ঠি ন   প রী ক্ষা র   মা ধ্য মে   যা চা ই   ক রা   আ নু গ ত্যে র   শি খ   ও   হি ন্দু স্তা নি দে র   দু ' টি   সৈ ন্য দ ল   ছি ল",102,34
"চারিদিকে অস্ত্র সাজানো, সকালের জলখাবার তৈরি, ক্ষুধার্ত মুখগুলো খাবারের প্রথম গ্রাসটুকু চিবোচ্ছে; পানীয়ের কাপ ভর্তি করে প্রস্তুত করা","চা রি দি কে   অ স্ত্র   সা জা নো ,   স কা লে র   জ ল খা বা র   তৈ রি ,   ক্ষু ধা র্ত   মু খ গু লো   খা বা রে র   প্র থ ম   গ্রা স টু কু   চি বো চ্ছে ;   পা নী য় ে র   কা প   ভ র্তি   ক রে   প্র স্তু ত   ক রা",60,18
"ব্রিটিশ সৈন্যদল, তোমরা তোমাদের মাথার ঘাম পায়ে ঝড়িয়ে প্রাতরাশ অর্জন করেছ, তোমাদের শরীরে প্রবাহিত অবাধ রক্ত দিয়ে নয়, তাই আমবাগানের ঠাণ্ডা ছায়ায় তোমাদের অধিনায়কের সঙ্গে বসে প্রাতরাশ উপভোগ করো","ব্রি টি শ   সৈ ন্য দ ল ,   তো ম রা   তো মা দে র   মা থা র   ঘা ম   পা য় ে   ঝ ড় ি য় ে   প্রা ত রা শ   অ র্জ ন   ক রে ছ ,   তো মা দে র   শ রী রে   প্র বা হি ত   অ বা ধ   র ক্ত   দি য় ে   ন য় ,   তা ই   আ ম বা গা নে র   ঠা ণ্ডা   ছা য় া য়   তো মা দে র   অ ধি না য় কে র   স ঙ্গে   ব সে   প্রা ত রা শ   উ প ভো গ   ক রো",99,29
"আপনি নিশ্চয়ই বীজ থেকে চারা, এবং সেখান থেকে গাছ বেড়ে উঠতে, অথবা, কুকুরছানা থেকে পূর্ণবয়স্ক কুকুর, বিড়ালছানা থেকে পূর্ণবয়স্ক বিড়াল ইত্যাদি হতে দেখেছেন","আ প নি   নি শ্চ য় ই   বী জ   থে কে   চা রা ,   এ বং   সে খা ন   থে কে   গা ছ   বে ড় ে   উ ঠ তে ,   অ থ বা ,   কু কু র ছা না   থে কে   পূ র্ণ ব য় স্ক   কু কু র ,   বি ড় া ল ছা না   থে কে   পূ র্ণ ব য় স্ক   বি ড় া ল   ই ত্যা দি   হ তে   দে খে ছে ন",76,23
যৌন নিগ্রহের সামনে ছেলেরাও সমান অসুরক্ষিত,যৌ ন   নি গ্র হে র   সা ম নে   ছে লে রা ও   স মা ন   অ সু র ক্ষি ত,21,6
"ঝাঁসিতে বিদ্যুতের ধ্বংসলীলা চালানোর সময়, তাঁর দুই পুত্রকে স্বরাজের জন্য তরবারি ধরতে তৈরী হতে দেখে বাঁকা তাদেরকে এই বলে হুমকি দেন যে, তারা তরবারি ধরলে তিনি নিজে তাদের অভিসন্ধি ফিরিঙ্গিদের জানিয়ে দেবেন এবং ফিরিঙ্গিদের তাদের শিরচ্ছেদ করার পরামর্শ দেবেন","ঝাঁ সি তে   বি দ্যু তে র   ধ্বং স লী লা   চা লা নো র   স ম য় ,   তাঁ র   দু ই   পু ত্র কে   স্ব রা জে র   জ ন্য   ত র বা রি   ধ র তে   তৈ রী   হ তে   দে খে   বাঁ কা   তা দে র কে   এ ই   ব লে   হু ম কি   দে ন   যে ,   তা রা   ত র বা রি   ধ র লে   তি নি   নি জে   তা দে র   অ ভি স ন্ধি   ফি রি ঙ্গি দে র   জা নি য় ে   দে বে ন   এ বং   ফি রি ঙ্গি দে র   তা দে র   শি র চ্ছে দ   ক রা র   প রা ম র্শ   দে বে ন",118,39
ওয়াদিয়া মুভিটোনের জে,ও য ় া দি য ় া   মু ভি টো নে র   জে,14,3
বি,বি,1,1
এইচ ওয়াদিয়া এবং তাঁর ভাই হোমি ওয়াদিয়া-রা হলেন সেই চলচ্চিত্র নির্মাতা যাঁরা এই স্টান্টধর্মী চলচ্চিত্রকে লোকপ্রিয় করে তুলতে অনেকাংশে দায়ী,এ ই চ   ও য ় া দি য ় া   এ বং   তাঁ র   ভা ই   হো মি   ও য ় া দি য ় া - রা   হ লে ন   সে ই   চ ল চ্চি ত্র   নি র্মা তা   যাঁ রা   এ ই   স্টা ন্ট ধ র্মী   চ ল চ্চি ত্র কে   লে া ক প্রি য়   ক রে   তু ল তে   অ নে কাং শে   দা য ় ী,72,20
একটি চলন্ত ট্রেনের ছাদে মঞ্চস্থ অনেকগুলি মারামারির দৃশ্য সম্বলিত রেলপথ থ্রিলার তুফান মেল (১৯৩২) থেকে শুরু করে তাঁরা এই বর্গের রাজা হয়ে ওঠেন,এ ক টি   চ ল ন্ত   ট্রে নে র   ছা দে   ম ঞ্চ স্থ   অ নে ক গু লি   মা রা মা রি র   দৃ শ্য   স ম্ব লি ত   রে ল প থ   থ্রি লা র   তু ফা ন   মে ল   ( ১ ৯ ৩ ২ )   থে কে   শু রু   ক রে   তাঁ রা   এ ই   ব র্গে র   রা জা   হ য় ে   ও ঠে ন,69,23
অসমীয়া চলচ্চিত্র হল অসমীয়া ভাষায় চলচ্চিত্র যা প্রধানত ভারতের অসমে দেখা হয়,অ স মী য় া   চ ল চ্চি ত্র   হ ল   অ স মী য় া   ভা ষা য়   চ ল চ্চি ত্র   যা   প্র ধা ন ত   ভা র তে র   অ স মে   দে খা   হ য়,39,12
চিরায়ত সাহিত্যের প্রতিগ্রহণগুলি ঠিক স্বচ্ছ হয় না,চি রা য় ত   সা হি ত্যে র   প্র তি গ্র হ ণ গু লি   ঠি ক   স্ব চ্ছ   হ য়   না,22,7
"আরও গুরুত্বপূর্ণভাবে, একটি আপৎকালীন হাতের কৌশল এবং এইভাবেই উদ্দেশ্য দেখা দেয়","আ র ও   গু রু ত্ব পূ র্ণ ভা বে ,   এ ক টি   আ প ৎ কা লী ন   হা তে র   কৌ শ ল   এ বং   এ ই ভা বে ই   উ দ্দে শ্য   দে খা   দে য়",40,11
"তারা উপন্যাসটিকে অন্য কিছুতে রূপায়িত করে এবং তার ফলাফল হল একটি সংকর, এক গুচ্ছ বর্গের মিশ্রণ","তা রা   উ প ন্যা স টি কে   অ ন্য   কি ছু তে   রূ পা য় ি ত   ক রে   এ বং   তা র   ফ লা ফ ল   হ ল   এ ক টি   সং ক র ,   এ ক   গু চ্ছ   ব র্গে র   মি শ্র ণ",47,16
এফ,এ ফ,2,1
টি,টি,1,1
আই,আ ই,2,1
আই ২০২০ সালের ১৫ই জুন থেকে ১১ই জুলাই পর্যন্ত প্রথম অনলাইন ফিল্ম অ্যাপ্রিসিয়েশন কোর্স চালু করেছে,আ ই   ২ ০ ২ ০   সা লে র   ১ ৫ ই   জু ন   থে কে   ১ ১ ই   জু লা ই   প র্য ন্ত   প্র থ ম   অ ন লা ই ন   ফি ল্ম   অ ্ যা প্রি সি য ় ে শ ন   কো র্স   চা লু   ক রে ছে,52,16
পুণের জাতীয় চলচ্চিত্র আর্কাইভের সঙ্গে সমন্বয়ে পাঠ্যক্রমটি সংগঠিত হয়েছিল,পু ণে র   জা তী য়   চ ল চ্চি ত্র   আ র্কা ই ভে র   স ঙ্গে   স ম ন্ব য় ে   পা ঠ্য ক্র ম টি   সং গ ঠি ত   হ য় ে ছি ল,36,9
অলিভ সবুজ রঙের শিফন শাড়িতে ভূষিত ফাতমাকে সম্পূর্ণভাবে সেই বেগমের মতনই দেখতে লাগছে যেমন আমি তাঁকে কল্পনা করেছিলাম,অ লি ভ   স বু জ   র ঙে র   শি ফ ন   শা ড় ি তে   ভূ ষি ত   ফা ত মা কে   স ম্পূ র্ণ ভা বে   সে ই   বে গ মে র   ম ত ন ই   দে খ তে   লা গ ছে   যে ম ন   আ মি   তাঁ কে   ক ল্প না   ক রে ছি লা ম,59,18
"তাঁর প্রবন্ধ, যা কি না তাঁর আগামী বইয়ের একটি উদ্ধৃতাংশ শোষণকারী চলচ্চিত্রের অন্তর্ভৌম বিশ্বের একটি স্পষ্ট ছবি প্রদান করে","তাঁ র   প্র ব ন্ধ ,   যা   কি   না   তাঁ র   আ গা মী   ব ই য় ে র   এ ক টি   উ দ্ধৃ তাং শ   শো ষ ণ কা রী   চ ল চ্চি ত্রে র   অ ন্ত র্ভৌ ম   বি শ্বে র   এ ক টি   স্প ষ্ট   ছ বি   প্র দা ন   ক রে",55,19
"রঙ ও শব্দ যুক্ত পূর্ণ কাহিনী-চিত্র দৈর্ঘ্যের কার্টুন, তাঁর স্নো হোয়াইট অ্যাণ্ড দ্য সেভেন ডোয়ার্ফস-এর (১৯৩৭) মাধ্যমে প্রকাশ পায় যা একটি বিশেষ অস্কার জিতেছিল","র ঙ   ও   শ ব্দ   যু ক্ত   পূ র্ণ   কা হি নী - চি ত্র   দৈ র্ঘ্যে র   কা র্টু ন ,   তাঁ র   স্নো   হো য ় া ই ট   অ ্ যা ণ্ড   দ্য   সে ভে ন   ডো য ় া র্ফ স - এ র   ( ১ ৯ ৩ ৭ )   মা ধ্য মে   প্র কা শ   পা য়   যা   এ ক টি   বি শে ষ   অ স্কা র   জি তে ছি ল",76,24
"তিনি যুক্তি দেন যে, গানটি মূলত ঐতিহ্যগত মূল আদর্শের একটি আচারের আনুষ্ঠানিক উদযাপন ছিল","তি নি   যু ক্তি   দে ন   যে ,   গা ন টি   মূ ল ত   ঐ তি হ্য গ ত   মূ ল   আ দ র্শে র   এ ক টি   আ চা রে র   আ নু ষ্ঠা নি ক   উ দ যা প ন   ছি ল",44,14
১৯১২ সালে দাদাসাহেব ফালকে প্রথম ভারতীয় অ্যানিমেশন ছবির প্রযোজনা করেছিলেন যার পরে ৪০ বছরেরও বেশি সময়ের একটা বিরতি পড়ে যায়,১ ৯ ১ ২   সা লে   দা দা সা হে ব   ফা ল কে   প্র থ ম   ভা র তী য়   অ ্ যা নি মে শ ন   ছ বি র   প্র যো জ না   ক রে ছি লে ন   যা র   প রে   ৪ ০   ব ছ রে র ও   বে শি   স ম য় ে র   এ ক টা   বি র তি   প ড় ে   যা য়,69,20
১৯৫৬ সালে চলচ্চিত্র বিভাগ একটি কার্টুন ছবির ইউনিট নির্মাণ করে যেখানে অভিজ্ঞ ডিজনি অ্যানিমেটর ক্লেয়ার উইকসকে আমন্ত্রণ জানানো হয়েছিল ছাত্রীছাত্রদের প্রশিক্ষণ দেওয়ার জন্য,১ ৯ ৫ ৬   সা লে   চ ল চ্চি ত্র   বি ভা গ   এ ক টি   কা র্টু ন   ছ বি র   ই উ নি ট   নি র্মা ণ   ক রে   যে খা নে   অ ভি জ্ঞ   ডি জ নি   অ ্ যা নি মে ট র   ক্লে য ় া র   উ ই ক স কে   আ ম ন্ত্র ণ   জা না নো   হ য় ে ছি ল   ছা ত্রী ছা ত্র দে র   প্র শি ক্ষ ণ   দে ও য় া র   জ ন্য,86,23
"ভারতীয় সিনেমা আশ্চর্যজনক বেশী পরিমাণ ছবি তৈরির জন্য বিশ্বে জনপ্রিয়: এই সংখ্যা প্রতিনিয়ত বৃদ্ধির দিকে থাকে এবং সাম্প্রতিক সূত্রের অনুমান যে মাদ্রাজ, ব্যাঙ্গালোর, কলকাতা ও হায়দ্রাবাদের মতো বিভিন্ন শহরে বছরে প্রায় মোট ৮০০ টি ছবি বানানো হয়","ভা র তী য়   সি নে মা   আ শ্চ র্য জ ন ক   বে শী   প রি মা ণ   ছ বি   তৈ রি র   জ ন্য   বি শ্বে   জ ন প্রি য় :   এ ই   সং খ্যা   প্র তি নি য ় ত   বৃ দ্ধি র   দি কে   থা কে   এ বং   সা ম্প্র তি ক   সূ ত্রে র   অ নু মা ন   যে   মা দ্রা জ ,   ব্যা ঙ্গা লো র ,   ক ল কা তা   ও   হা য ় দ্রা বা দে র   ম তো   বি ভি ন্ন   শ হ রে   ব ছ রে   প্রা য়   মো ট   ৮ ০ ০   টি   ছ বি   বা না নো   হ য়",111,37
"এই দুই সহোদরা ভাষা উত্তরের ছটি রাজ্যে বলা হয় এবং ভারতীয় উপমহাদেশে ৫০ কোটিরও বেশি সংখ্যক মানুষ বুঝতে পারেন, ১৯৩১-এ ভারতীয় রূপালী পর্দায় শব্দ আসার পরে, চোদ্দটি ভারতীয় সরকারি ভাষার উপরে হিন্দি এবং উর্দুকে জনপ্রিয় চলচ্চিত্রের ভাষা হিসাবে বেছে নেওয়ার জন্য যেটি একাই যথেষ্ট কারণ","এ ই   দু ই   স হো দ রা   ভা ষা   উ ত্ত রে র   ছ টি   রা জ্যে   ব লা   হ য়   এ বং   ভা র তী য়   উ প ম হা দে শে   ৫ ০   কো টি র ও   বে শি   সং খ্য ক   মা নু ষ   বু ঝ তে   পা রে ন ,   ১ ৯ ৩ ১ - এ   ভা র তী য়   রূ পা লী   প র্দা য়   শ ব্দ   আ সা র   প রে ,   চো দ্দ টি   ভা র তী য়   স র কা রি   ভা ষা র   উ প রে   হি ন্দি   এ বং   উ র্দু কে   জ ন প্রি য়   চ ল চ্চি ত্রে র   ভা ষা   হি সা বে   বে ছে   নে ও য় া র   জ ন্য   যে টি   এ কা ই   য থে ষ্ট   কা র ণ",137,45
"চেন্নাইয়ের একজন পুরস্কারপ্রাপ্ত চলচ্চিত্র নির্মাতা এবং শিক্ষক, কে","চে ন্না ই য় ে র   এ ক জ ন   পু র স্কা র প্রা প্ত   চ ল চ্চি ত্র   নি র্মা তা   এ বং   শি ক্ষ ক ,   কে",30,8
"হরিহরণ বলেন যে, ভারতীয় চলচ্চিত্র কখনো সংমিশ্রিত শব্দ বুঝতেই পারেনি","হ রি হ র ণ   ব লে ন   যে ,   ভা র তী য়   চ ল চ্চি ত্র   ক খ নো   সং মি শ্রি ত   শ ব্দ   বু ঝ তে ই   পা রে নি",34,10
ইউরোপিয়ান বা মার্কিন চলচ্চিত্র শিল্পের মতো ভারতীয় চলচ্চিত্রেরও একশো বছরের বেশি ইতিহাস রয়েছে,ই উ রো পি য় া ন   বা   মা র্কি ন   চ ল চ্চি ত্র   শি ল্পে র   ম তো   ভা র তী য়   চ ল চ্চি ত্রে র ও   এ ক শো   ব ছ রে র   বে শি   ই তি হা স   র য় ে ছে,47,13
"এই বিষয়টিতেও বিশেষ মনোযোগ দেওয়া প্রয়োজন যে, ১৯৬০-এর চলচ্চিত্র তত্ত্বের এই নতুন চিন্তাটি (১৯৫০-এর মতো) চলচ্চিত্র সমালোচনার মাধ্যমে নয়, বরং গঠনগত ভাষাবিজ্ঞান এবং চিহ্নবিজ্ঞানের মতো অন্যান্য বিষয়ের মাধ্যমে প্রবর্তিত হয়েছিল","এ ই   বি ষ য় টি তে ও   বি শে ষ   ম নো যো গ   দে ও য় া   প্র য় ো জ ন   যে ,   ১ ৯ ৬ ০ - এ র   চ ল চ্চি ত্র   ত ত্ত্বে র   এ ই   ন তু ন   চি ন্তা টি   ( ১ ৯ ৫ ০ - এ র   ম তো )   চ ল চ্চি ত্র   স মা লো চ না র   মা ধ্য মে   ন য় ,   ব রং   গ ঠ ন গ ত   ভা ষা বি জ্ঞা ন   এ বং   চি হ্ন বি জ্ঞা নে র   ম তো   অ ন্যা ন্য   বি ষ য় ে র   মা ধ্য মে   প্র ব র্তি ত   হ য় ে ছি ল",117,30
এই ধারাটি ১৯৭০-এর দশকে মনোসমীক্ষা ও দর্শনের মাধ্যমে এবং তারপরে ১৯৮০-র দশকে ইতিহাসের মাধ্যমে বিতর্ককে এগিয়ে নিয়ে গিয়ে নিজের পুনরাবৃত্তি ঘটায়,এ ই   ধা রা টি   ১ ৯ ৭ ০ - এ র   দ শ কে   ম নো স মী ক্ষা   ও   দ র্শ নে র   মা ধ্য মে   এ বং   তা র প রে   ১ ৯ ৮ ০ - র   দ শ কে   ই তি হা সে র   মা ধ্য মে   বি ত র্ক কে   এ গি য় ে   নি য় ে   গি য় ে   নি জে র   পু ন রা বৃ ত্তি   ঘ টা য়,76,21
নতুন ভারতীয় সিনেমার মতো আরও বেশি আধুনিক চিত্রানুপাত দেখা যায় যার লক্ষ্য ঐতিহ্যগত বলিউডি নান্দনিকতাকে ভেঙ্গে ফেলা,ন তু ন   ভা র তী য ়   সি নে মা র   ম তো   আ র ও   বে শি   আ ধু নি ক   চি ত্রা নু পা ত   দে খা   যা য়   যা র   ল ক্ষ্য   ঐ তি হ্য গ ত   ব লি উ ডি   না ন্দ নি ক তা কে   ভে ঙ্গে   ফে লা,55,17
বিষয়গুলি একটি সমকালীন ভারতের ধারণা তুলে ধরে যেখানে পশ্চিমকে আত্মীকৃত করা হয় তবে একটি বৈচিত্র্যময় বহুভাষিক দেশ হিসেবে ভারতের ঐতিহ্য এবং প্রকৃত সত্ত্বা সুস্পষ্ট,বি ষ য় গু লি   এ ক টি   স ম কা লী ন   ভা র তে র   ধা র ণা   তু লে   ধ রে   যে খা নে   প শ্চি ম কে   আ ত্মী কৃ ত   ক রা   হ য়   ত বে   এ ক টি   বৈ চি ত্র্য ম য ়   ব হু ভা ষি ক   দে শ   হি সে বে   ভা র তে র   ঐ তি হ্য   এ বং   প্র কৃ ত   স ত্ত্বা   সু স্প ষ্ট,77,24
"চলচ্চিত্রগুলি আজকাল মাতৃত্ব অথবা প্রতিশোধের পুনঃপৌনিক ভাবনা সমৃদ্ধ সংস্কৃত শাস্ত্রীয় মহাকাব্যের প্রভাবের মাধ্যমে ভারতের বৈচিত্র্যকে তুলে ধরে, অথবা ভারতের সামাজিক অনুক্রম মেনে চলা ঐতিহ্যগত মূল্যবোধগুলিকে ধরে রাখার চেষ্টা করে","চ ল চ্চি ত্র গু লি   আ জ কা ল   মা তৃ ত্ব   অ থ বা   প্র তি শো ধে র   পু নঃ পৌ নি ক   ভা ব না   স মৃ দ্ধ   সং স্কৃ ত   শা স্ত্রী য়   ম হা কা ব্যে র   প্র ভা বে র   মা ধ্য মে   ভা র তে র   বৈ চি ত্র্য কে   তু লে   ধ রে ,   অ থ বা   ভা র তে র   সা মা জি ক   অ নু ক্র ম   মে নে   চ লা   ঐ তি হ্য গ ত   মূ ল্য বো ধ গু লি কে   ধ রে   রা খা র   চে ষ্টা   ক রে",103,29
"প্রায়শই অবান্তরতার সাথে ছবির ভাষ্য গঠনের ক্ষেত্রেও এই প্রভাব অনুভব করা যায়, যা ভারতীয় চলচ্চিত্রকে পশ্চিমী দর্শকদের জন্য অত্যন্ত দীর্ঘ করে তোলে","প্রা য় শ ই   অ বা ন্ত র তা র   সা থে   ছ বি র   ভা ষ্য   গ ঠ নে র   ক্ষে ত্রে ও   এ ই   প্র ভা ব   অ নু ভ ব   ক রা   যা য় ,   যা   ভা র তী য়   চ ল চ্চি ত্র কে   প শ্চি মী   দ র্শ ক দে র   জ ন্য   অ ত্য ন্ত   দী র্ঘ   ক রে   তো লে",67,22
"আমরা স্বাভাবিকভাবে, একান্তই পুরুষ দৃষ্টিকোণের এই ভাষ্য প্রচলনকে গ্রহণ করি","আ ম রা   স্বা ভা বি ক ভা বে ,   এ কা ন্ত ই   পু রু ষ   দৃ ষ্টি কো ণে র   এ ই   ভা ষ্য   প্র চ ল ন কে   গ্র হ ণ   ক রি",36,10
"১৯৬০ সালে, যবে থেকে অধ্যয়ন বিষয়ক কোর্স আরম্ভ হয়েছে, এই প্রতিষ্ঠান নিয়মিতভাবে শিক্ষাপদ্ধতি ও সূচীর উন্নতি, চলচ্চিত্রের বৈশিষ্ট্যযুক্ত শিক্ষার গুণমানকে সমৃদ্ধ করা এবং সত্যিকারের শ্রেষ্ঠত্বের কেন্দ্র হওয়ার উপদেশকে উপলব্ধি করার জন্য পরিকাঠামোর উন্নতি করেছে","১ ৯ ৬ ০   সা লে ,   য বে   থে কে   অ ধ্য য় ন   বি ষ য় ক   কো র্স   আ র ম্ভ   হ য় ে ছে ,   এ ই   প্র তি ষ্ঠা ন   নি য় মি ত ভা বে   শি ক্ষা প দ্ধ তি   ও   সূ চী র   উ ন্ন তি ,   চ ল চ্চি ত্রে র   বৈ শি ষ্ট্য যু ক্ত   শি ক্ষা র   গু ণ মা ন কে   স মৃ দ্ধ   ক রা   এ বং   স ত্যি কা রে র   শ্রে ষ্ঠ ত্বে র   কে ন্দ্র   হ ও য় া র   উ প দে শ কে   উ প ল ব্ধি   ক রা র   জ ন্য   প রি কা ঠা মো র   উ ন্ন তি   ক রে ছে",121,34
এই প্রতিষ্ঠান অনেক ধারাবাহিকতার ধাপ পেরিয়ে চলচ্চিত্র নির্মাণের শিল্প ও নৈপুণ্যের একটি নতুন দৃষ্টান্ত তৈরি করেছে,এ ই   প্র তি ষ্ঠা ন   অ নে ক   ধা রা বা হি ক তা র   ধা প   পে রি য় ে   চ ল চ্চি ত্র   নি র্মা ণে র   শি ল্প   ও   নৈ পু ণ্যে র   এ ক টি   ন তু ন   দৃ ষ্টা ন্ত   তৈ রি   ক রে ছে,51,16
"ইংরেজিতে ভারতীয় কাহিনীগুলির বিস্তারে ঐতিহাসিক বিকাশটিকে কালানুক্রমিক প্রস্থান বিন্দু হিসাবে ধরলে এটি এই পরিভাষাগুলিতে অন্তর্নিহিত প্রান্তিকতা সহ, তথাকথিত অন্যান্য চলচ্চিত্র অথবা অন্যান্য দেশের চলচ্চিত্রের মধ্যে পরিগণিত, ভারতের চলচ্চিত্র প্রযোজনার ক্ষেত্রটিকে আমাদের কাছে স্পষ্ট করে তুলতে সাহায্য করবে","ই ং রে জি তে   ভা র তী য়   কা হি নী গু লি র   বি স্তা রে   ঐ তি হা সি ক   বি কা শ টি কে   কা লা নু ক্র মি ক   প্র স্থা ন   বি ন্দু   হি সা বে   ধ র লে   এ টি   এ ই   প রি ভা ষা গু লি তে   অ ন্ত র্নি হি ত   প্রা ন্তি ক তা   স হ ,   ত থা ক থি ত   অ ন্যা ন্য   চ ল চ্চি ত্র   অ থ বা   অ ন্যা ন্য   দে শে র   চ ল চ্চি ত্রে র   ম ধ্যে   প রি গ ণি ত ,   ভা র তে র   চ ল চ্চি ত্র   প্র যো জ না র   ক্ষে ত্র টি কে   আ মা দে র   কা ছে   স্প ষ্ট   ক রে   তু ল তে   সা হা য্য   ক র বে",138,37
সংলাপগুলি আন্তঃশিরোনামের মাধ্যমে পেশ করা হত যা প্রায়শই ইংরেজি এবং দুটি বা তিনটি ভারতীয় ভাষায় থাকত,সং লা প গু লি   আ ন্তঃ শি রো না মে র   মা ধ্য মে   পে শ   ক রা   হ ত   যা   প্রা য় শ ই   ই ং রে জি   এ বং   দু টি   বা   তি ন টি   ভা র তী য়   ভা ষা য়   থা ক ত,48,16
"ব্যাপক অর্থনৈতিক পরিবর্তন, স্যাটেলাইট টিভির সূচনা, আরও বেশি পশ্চিমী যন্ত্রের আওয়াজ ও প্রযোজনা কৌশলের অধিগমন বৃদ্ধি, বিশ্ব জুড়ে হিন্দি চলচ্চিত্রের বৃহত্তর আনুষ্ঠানিক বিতরণ এবং প্রদর্শনী সবই উল্লেখযোগ্যভাবে এর কারণ","ব্যা প ক   অ র্থ নৈ তি ক   প রি ব র্ত ন ,   স্যা টে লা ই ট   টি ভি র   সূ চ না ,   আ র ও   বে শি   প শ্চি মী   য ন্ত্রে র   আ ও য় া জ   ও   প্র যো জ না   কৌ শ লে র   অ ধি গ ম ন   বৃ দ্ধি ,   বি শ্ব   জু ড় ে   হি ন্দি   চ ল চ্চি ত্রে র   বৃ হ ত্ত র   আ নু ষ্ঠা নি ক   বি ত র ণ   এ বং   প্র দ র্শ নী   স ব ই   উ ল্লে খ যো গ্য ভা বে   এ র   কা র ণ",105,29
"এঁদের হাতে, চলচ্চিত্র তার দৃশ্যমান চরিত্রের অনেকটা হারিয়ে ফেলে এবং সাহিত্য বিষয়ক ও শব্দবহুল পণ্যে পরিণত হয়","এ ঁ দে র   হা তে ,   চ ল চ্চি ত্র   তা র   দৃ শ্য মা ন   চ রি ত্রে র   অ নে ক টা   হা রি য় ে   ফে লে   এ বং   সা হি ত্য   বি ষ য় ক   ও   শ ব্দ ব হু ল   প ণ্যে   প রি ণ ত   হ য়",54,17
"কখনো কখনো শুধু একটা পিয়ানোর সঙ্গত থাকত কিন্তু একাধিক ছবি ছিল যেখানে ভায়লিন, হারমোনিয়াম, তবলা এবং অন্যান্য বাদ্যযন্ত্র ব্যবহার করা যেত","ক খ নো   ক খ নো   শু ধু   এ ক টা   পি য় া নো র   স ঙ্গ ত   থা ক ত   কি ন্তু   এ কা ধি ক   ছ বি   ছি ল   যে খা নে   ভা য় লি ন ,   হা র মো নি য় া ম ,   ত ব লা   এ বং   অ ন্যা ন্য   বা দ্য য ন্ত্র   ব্য ব হা র   ক রা   যে ত",68,21
গানটি সরাসরি হওয়ার কারণে কাহিনীটিকে নাটকীয় করে তুলতে সাহায্য করেছিল,গা ন টি   স রা স রি   হ ও য় া র   কা র ণে   কা হি নী টি কে   না ট কী য়   ক রে   তু ল তে   সা হা য্য   ক রে ছি ল,36,10
"স্টান্টধর্মী ছবি এবং অ্যাডভেঞ্চার অ্যাকশন ছবি মানুষের মনে দাগ কাটতে পারেনি: শিক্ষিত শ্রেণী এদের জনপ্রিয়ধর্মী, অশ্লীল এবং কলুষময় প্রভাব হিসেবে দেখে","স্টা ন্ট ধ র্মী   ছ বি   এ বং   অ ্ যা ড ভে ঞ্চা র   অ ্ যা ক শ ন   ছ বি   মা নু ষে র   ম নে   দা গ   কা ট তে   পা রে নি :   শি ক্ষি ত   শ্রে ণী   এ দে র   জ ন প্রি য় ধ র্মী ,   অ শ্লী ল   এ বং   ক লু ষ ম য়   প্র ভা ব   হি সে বে   দে খে",71,21
চলচ্চিত্রের শৈলীতে এই প্রভেদটির কারণেই পরিবেশক ও প্রযোজকরা চলচ্চিত্রকে দু'টি প্রধান ভাগে বিভক্ত করেন: উচ্চশ্রেণীর জন্য চলচ্চিত্র এবং সাধারণের জন্য চলচ্চিত্র,চ ল চ্চি ত্রে র   শৈ লী তে   এ ই   প্র ভে দ টি র   কা র ণে ই   প রি বে শ ক   ও   প্র যো জ ক রা   চ ল চ্চি ত্র কে   দু ' টি   প্র ধা ন   ভা গে   বি ভ ক্ত   ক রে ন :   উ চ্চ শ্রে ণী র   জ ন্য   চ ল চ্চি ত্র   এ বং   সা ধা র ণে র   জ ন্য   চ ল চ্চি ত্র,74,21
ফিল্ম অ্যাপ্রিসিয়েশন কোর্সের শীতকালীন প্রচারসংখ্যাটি ২০২০ সালের ২৩শে নভেম্বর চালু করা হয়েছিল,ফি ল্ম   অ ্ যা প্রি সি য ় ে শ ন   কো র্সে র   শী ত কা লী ন   প্র চা র সং খ্যা টি   ২ ০ ২ ০   সা লে র   ২ ৩ শে   ন ভে ম্ব র   চা লু   ক রা   হ য় ে ছি ল,49,12
"এইভাবে আমাদের মনোযোগ উপন্যাসটির আর্থ-সামাজিক বা রাজনৈতিক পরিপ্রেক্ষিতে যে সময়গুলিকে উল্লেখ করা হয়েছে, তা জানার আকাঙ্ক্ষা থেকে সরে গিয়ে (পরিচ্ছদ ও সাজসজ্জার মধ্যে দিয়ে) সময়টাকে দেখার আকাঙ্ক্ষার উপর গিয়ে পড়ে","এ ই ভা বে   আ মা দে র   ম নো যো গ   উ প ন্যা স টি র   আ র্থ - সা মা জি ক   বা   রা জ নৈ তি ক   প রি প্রে ক্ষি তে   যে   স ম য ় গু লি কে   উ ল্লে খ   ক রা   হ য় ে ছে ,   তা   জা না র   আ কা ঙ্ক্ষা   থে কে   স রে   গি য় ে   ( প রি চ্ছ দ   ও   সা জ স জ্জা র   ম ধ্যে   দি য় ে )   স ম য় টা কে   দে খা র   আ কা ঙ্ক্ষা র   উ প র   গি য় ে   প ড় ে",106,30
প্রাক্তন ছাত্ররা চলচ্চিত্র নির্মাণে তাদের দক্ষতার মাধ্যমে নিয়মিতভাবে স্বীকৃতি অর্জন করছে,প্রা ক্ত ন   ছা ত্র রা   চ ল চ্চি ত্র   নি র্মা ণে   তা দে র   দ ক্ষ তা র   মা ধ্য মে   নি য় মি ত ভা বে   স্বী কৃ তি   অ র্জ ন   ক র ছে,38,11
অত্যাধুনিক সুবিধা সহ এফ,অ ত্যা ধু নি ক   সু বি ধা   স হ   এ ফ,12,4
টি,টি,1,1
আই,আ ই,2,1
আই শৈল্পিক অভিব্যক্তির উদ্ভাবনমূলক ভাষার সঙ্গে উদীয়মান চলচ্চিত্র নির্মাতাদের অনুপ্রাণিত করার জন্য একটি সৃজনশীল পরিবেশ প্রদান করে,আ ই   শৈ ল্পি ক   অ ভি ব্য ক্তি র   উ দ্ভা ব ন মূ ল ক   ভা ষা র   স ঙ্গে   উ দী য ় মা ন   চ ল চ্চি ত্র   নি র্মা তা দে র   অ নু প্রা ণি ত   ক রা র   জ ন্য   এ ক টি   সৃ জ ন শী ল   প রি বে শ   প্র দা ন   ক রে,64,17
"আমাদের, দর্শকদের যেটি চালিত করে সেটি হলো উপন্যাসটিতে বর্তমান সময়, অস্টেন-এর নায়িকা অথবা প্যানিওল ও ফর্স্টারের চরিত্রদের বাঁচা মুহূর্তর প্রতি এক স্মৃতিমেদুরতা, সে আমাদের কল্পিত অতীত, আসল পাঠ্যের অতীত নয় যার নিরিখে সেই বর্তমান সময়টি হলো অবাঞ্ছিত পরিবর্তনের প্রতিনিধি","আ মা দে র ,   দ র্শ ক দে র   যে টি   চা লি ত   ক রে   সে টি   হ লো   উ প ন্যা স টি তে   ব র্ত মা ন   স ম য় ,   অ স্টে ন - এ র   না য় ি কা   অ থ বা   প্যা নি ও ল   ও   ফ র্স্টা রে র   চ রি ত্র দে র   বাঁ চা   মু হূ র্ত র   প্র তি   এ ক   স্মৃ তি মে দু র তা ,   সে   আ মা দে র   ক ল্পি ত   অ তী ত ,   আ স ল   পা ঠ্যে র   অ তী ত   ন য়   যা র   নি রি খে   সে ই   ব র্ত মা ন   স ম য় টি   হ লো   অ বা ঞ্ছি ত   প রি ব র্ত নে র   প্র তি নি ধি",133,39
পেডনের গঠন ও আকার অনুসারে বর্ণনা করা হয় এবং তাদের বৈশিষ্ট্যপ্রদান ও শ্রেণীবিভাগ করতে গবেষণাগারে অনুসন্ধানের জন্য নমুনা পাঠানো হয়,পে ড নে র   গ ঠ ন   ও   আ কা র   অ নু সা রে   ব র্ণ না   ক রা   হ য়   এ বং   তা দে র   বৈ শি ষ্ট্য প্র দা ন   ও   শ্রে ণী বি ভা গ   ক র তে   গ বে ষ ণা গা রে   অ নু স ন্ধা নে র   জ ন্য   ন মু না   পা ঠা নো   হ য়,64,20
"মানচিত্রে অঙ্কিত এককগুলিকে একটি নির্দিষ্ট চিহ্ন, রং এবং নাম প্রদান করা হবে","মা ন চি ত্রে   অ ঙ্কি ত   এ ক ক গু লি কে   এ ক টি   নি র্দি ষ্ট   চি হ্ন ,   রং   এ বং   না ম   প্র দা ন   ক রা   হ বে",34,12
জলের ভারসাম্য গণনায় থর্নথোয়েট ও ম্যাতেয়-এর মডেলটি ব্যাপকভাবে ব্যবহৃত হয়,জ লে র   ভা র সা ম্য   গ ণ না য়   থ র্ন থো য় ে ট   ও   ম্যা তে য় - এ র   ম ডে ল টি   ব্যা প ক ভা বে   ব্য ব হৃ ত   হ য়,39,10
"পৃথিবী পৃষ্ঠ থেকে ৬০ মাইল (১০০ কিমি) উপরে, বায়ুর রাসায়নিক গঠনটি উচ্চতার উপর প্রবলভাবে নির্ভরশীল এবং বায়ুমণ্ডলটি লঘুতর গ্যাসে (আণবিক অক্সিজেন, হিলিয়াম এবং হাইড্রোজেন) সমৃদ্ধ হয়ে যায়","পৃ থি বী   পৃ ষ্ঠ   থে কে   ৬ ০   মা ই ল   ( ১ ০ ০   কি মি )   উ প রে ,   বা য় ু র   রা সা য় নি ক   গ ঠ ন টি   উ চ্চ তা র   উ প র   প্র ব ল ভা বে   নি র্ভ র শী ল   এ বং   বা য় ু ম ণ্ড ল টি   ল ঘু ত র   গ্যা সে   ( আ ণ বি ক   অ ক্সি জে ন ,   হি লি য় া ম   এ বং   হা ই ড্রো জে ন )   স মৃ দ্ধ   হ য় ে   যা য়",99,27
জলবায়ুর পরিবর্তন কিছু কৃষি অঞ্চলকে উৎপাদনের জন্য বেশি উপযুক্ত এবং অন্যান্য অঞ্চলকে কম উপযুক্ত করে তুলতে পারে,জ ল বা য় ু র   প রি ব র্ত ন   কি ছু   কৃ ষি   অ ঞ্চ ল কে   উ ৎ পা দ নে র   জ ন্য   বে শি   উ প যু ক্ত   এ বং   অ ন্যা ন্য   অ ঞ্চ ল কে   ক ম   উ প যু ক্ত   ক রে   তু ল তে   পা রে,55,17
সংগৃহীত তথ্যের ধরনটি কোনও স্থান বর্ণনাকারী বিশদ নোট থেকে শুরু করে স্থানটির একটি আলোকচিত্রও হতে পারে,সং গৃ হী ত   ত থ্যে র   ধ র ন টি   কো ন ও   স্থা ন   ব র্ণ না কা রী   বি শ দ   নো ট   থে কে   শু রু   ক রে   স্থা ন টি র   এ ক টি   আ লো ক চি ত্র ও   হ তে   পা রে,49,16
"মার্চে, ২৯-৩১শে মার্চ পশ্চিম রাজস্থানের কিছু বিচ্ছিন্ন স্থানে গুরুতর তাপপ্রবাহ সহ অধিকাংশ স্থানে তাপপ্রবাহের পরিবেশ পরিলক্ষিত হয়","মা র্চে ,   ২ ৯ - ৩ ১ শে   মা র্চ   প শ্চি ম   রা জ স্থা নে র   কি ছু   বি চ্ছি ন্ন   স্থা নে   গু রু ত র   তা প প্র বা হ   স হ   অ ধি কাং শ   স্থা নে   তা প প্র বা হে র   প রি বে শ   প রি ল ক্ষি ত   হ য়",60,17
বেতারমিতিগতভাবে সংশোধিত দৃশ্য মিশ্রণেও কিছু শব্দ থেকেই যাবে,বে তা র মি তি গ ত ভা বে   সং শো ধি ত   দৃ শ্য   মি শ্র ণে ও   কি ছু   শ ব্দ   থে কে ই   যা বে,28,8
"সবথেকে গুরুত্বপূর্ণ উৎসগুলি হলো, এমনিতে কোনও নির্মেঘ আকাশের দৃশ্যপটে কুয়াশা, ধোঁয়া, অথবা পেঁজাতুলোর মেঘের মতো স্থানীয় বায়ুমণ্ডলীয় প্রভাব","স ব থে কে   গু রু ত্ব পূ র্ণ   উ ৎ স গু লি   হ লো ,   এ ম নি তে   কো ন ও   নি র্মে ঘ   আ কা শে র   দৃ শ্য প টে   কু য় া শা ,   ধোঁ য় া ,   অ থ বা   পেঁ জা তু লো র   মে ঘে র   ম তো   স্থা নী য়   বা য় ু ম ণ্ড লী য়   প্র ভা ব",70,18
এই কারণগুলির জন্যই সাম্প্রতিক কালের গবেষণা ছবির সমষ্টি ব্যবহারে জোর দেয়,এ ই   কা র ণ গু লি র   জ ন্য ই   সা ম্প্র তি ক   কা লে র   গ বে ষ ণা   ছ বি র   স ম ষ্টি   ব্য ব হা রে   জো র   দে য়,36,11
ঘূর্ণিঝড়ের জন্য নিম্ন এবং মধ্য ট্রোপোস্ফিয়ারে উচ্চ আপেক্ষিক আর্দ্রতারও প্রয়োজন হয়,ঘূ র্ণি ঝ ড় ে র   জ ন্য   নি ম্ন   এ বং   ম ধ্য   ট্রো পো স্ফি য় া রে   উ চ্চ   আ পে ক্ষি ক   আ র্দ্র তা র ও   প্র য় ো জ ন   হ য়,38,11
"একইভাবে, বর্তমানে নিম্নতর মানের প্রজাতির আধিপত্যে থাকা বনভূমি ভবিষ্যতে আরও বেশি মূল্যবান হয়ে উঠতে পারে এবং এর উল্টোটিও ঘটতে পারে","এ ক ই ভা বে ,   ব র্ত মা নে   নি ম্ন ত র   মা নে র   প্র জা তি র   আ ধি প ত্যে   থা কা   ব ন ভূ মি   ভ বি ষ্য তে   আ র ও   বে শি   মূ ল্য বা ন   হ য় ে   উ ঠ তে   পা রে   এ বং   এ র   উ ল্টো টি ও   ঘ ট তে   পা রে",65,20
"তবে, একটি দৃশ্যে অন্তর্ভুক্ত অঞ্চলের পরিমাণ বাড়ার সঙ্গে সঙ্গে মেঘমুক্ত দৃশ্যের সম্ভাবনা কমে যাওয়ার কারণে এই প্রয়োগটি মৌলিকভাবে সীমিত","ত বে ,   এ ক টি   দৃ শ্যে   অ ন্ত র্ভু ক্ত   অ ঞ্চ লে র   প রি মা ণ   বা ড় া র   স ঙ্গে   স ঙ্গে   মে ঘ মু ক্ত   দৃ শ্যে র   স ম্ভা ব না   ক মে   যা ও য় া র   কা র ণে   এ ই   প্র য় ো গ টি   মৌ লি ক ভা বে   সী মি ত",64,19
"এই অভিমুখে, মাল্টিভেরিয়েট অ্যাডাপ্টিভ রিগ্রেশন স্প্লাইন্‌স (মার্স)-এর ব্যবহার করে মাটির বৈশিষ্ট্যগুলিকে মাটির প্রতিফলনে ক্রমাঙ্কিত করার একটি প্রচেষ্টা করা হয়েছে","এ ই   অ ভি মু খে ,   মা ল্টি ভে রি য ় ে ট   অ ্ যা ডা প্টি ভ   রি গ্রে শ ন   স্প্লা ই ন্ স   ( মা র্স ) - এ র   ব্য ব হা র   ক রে   মা টি র   বৈ শি ষ্ট্য গু লি কে   মা টি র   প্র তি ফ ল নে   ক্র মা ঙ্কি ত   ক রা র   এ ক টি   প্র চে ষ্টা   ক রা   হ য় ে ছে",78,19
"বর্ণ, গুণমান, আকার, নকশা, এবং অন্যান্য বস্তুর সঙ্গে সম্পর্কের মতো দৃশ্যমান ইঙ্গিতগুলি সহযোগে বিভিন্ন ভূমি সীমা চিহ্নিত করার কাজটি ব্যাখ্যাকারীর উপর নির্ভর করে","ব র্ণ ,   গু ণ মা ন ,   আ কা র ,   ন ক শা ,   এ বং   অ ন্যা ন্য   ব স্তু র   স ঙ্গে   স ম্প র্কে র   ম তো   দৃ শ্য মা ন   ই ঙ্গি ত গু লি   স হ যো গে   বি ভি ন্ন   ভূ মি   সী মা   চি হ্নি ত   ক রা র   কা জ টি   ব্যা খ্যা কা রী র   উ প র   নি র্ভ র   ক রে",74,23
এই মহকুমার প্রায় ৪৫% (উপকূলীয় অঞ্চলের ক্ষেত্রে প্রায় ৬০%) বার্ষিক বৃষ্টিপাত এই সময়কালের বৃষ্টিপাতের মধ্যে অন্তর্ভুক্ত,এ ই   ম হ কু মা র   প্রা য়   ৪ ৫ %   ( উ প কূ লী য়   অ ঞ্চ লে র   ক্ষে ত্রে   প্রা য়   ৬ ০ % )   বা র্ষি ক   বৃ ষ্টি পা ত   এ ই   স ম য় কা লে র   বৃ ষ্টি পা তে র   ম ধ্যে   অ ন্ত র্ভু ক্ত,56,16
"যেখানে উপকূলবর্তী অঞ্চল ও নবীন পলিমাটি অঞ্চলের সঙ্গে লবণাক্তকরণ জড়িত, ক্ষারকতা দেখা যায় আভ্যন্তরীণ ও পুরনো পলিমাটি অঞ্চলে","যে খা নে   উ প কূ ল ব র্তী   অ ঞ্চ ল   ও   ন বী ন   প লি মা টি   অ ঞ্চ লে র   স ঙ্গে   ল ব ণা ক্ত ক র ণ   জ ড় ি ত ,   ক্ষা র ক তা   দে খা   যা য়   আ ভ্য ন্ত রী ণ   ও   পু র নো   প লি মা টি   অ ঞ্চ লে",62,18
"প্লাবনের উচ্চ ঝুঁকিসম্পন্ন এলাকাগুলিতে নতুন নির্মাণ নিষিদ্ধকরণ, অভেদ্য পৃষ্ঠতল থেকে নর্দমার জল বেরিয়ে যাওয়া পারতপক্ষে কমানো, নবনির্মিত স্থানগুলিতে বৃষ্টির জল ধরে রাখার প্রয়োজনীয়তায় পরিবর্তন, এবং ভারী ঝড়বৃষ্টি থেকে উৎপন্ন নিষ্কাশন রোধকারী জলাভূমিগুলির সংরক্ষণ অভিযোজন কৌশলগুলির মধ্যে অন্তর্ভুক্ত","প্লা ব নে র   উ চ্চ   ঝুঁ কি স ম্প ন্ন   এ লা কা গু লি তে   ন তু ন   নি র্মা ণ   নি ষি দ্ধ ক র ণ ,   অ ভে দ্য   পৃ ষ্ঠ ত ল   থে কে   ন র্দ মা র   জ ল   বে রি য় ে   যা ও য় া   পা র ত প ক্ষে   ক মা নো ,   ন ব নি র্মি ত   স্থা ন গু লি তে   বৃ ষ্টি র   জ ল   ধ রে   রা খা র   প্র য় ো জ নী য় তা য়   প রি ব র্ত ন ,   এ বং   ভা রী   ঝ ড় বৃ ষ্টি   থে কে   উ ৎ প ন্ন   নি ষ্কা শ ন   রো ধ কা রী   জ লা ভূ মি গু লি র   সং র ক্ষ ণ   অ ভি যো জ ন   কৌ শ ল গু লি র   ম ধ্যে   অ ন্ত র্ভু ক্ত",146,37
সবুজ এলাকার রক্ষণাবেক্ষণ এবং ইমারত তৈরির বিভিন্ন সামগ্রী ব্যবহারের মধ্যে দিয়ে জমি ব্যবহার পরিকল্পনায় শহুরে তাপের প্রকোপ হ্রাস করা উচিত,স বু জ   এ লা কা র   র ক্ষ ণা বে ক্ষ ণ   এ বং   ই মা র ত   তৈ রি র   বি ভি ন্ন   সা ম গ্রী   ব্য ব হা রে র   ম ধ্যে   দি য় ে   জ মি   ব্য ব হা র   প রি ক ল্প না য়   শ হু রে   তা পে র   প্র কো প   হ্রা স   ক রা   উ চি ত,66,20
"গভীর গিরিখাত, ধাপে ধাপে নামা ঝর্না এবং ঘন সেগুন অরণ্য সহ পান্না জাতীয় উদ্যানটি হলো পাহাড় ঘেরা বিস্তীর্ণ সমভূমি, গভীর উপত্যকা এবং ঘাট সম্বলিত প্রধানত একটি মালভূমি","গ ভী র   গি রি খা ত ,   ধা পে   ধা পে   না মা   ঝ র্না   এ বং   ঘ ন   সে গু ন   অ র ণ্য   স হ   পা ন্না   জা তী য়   উ দ্যা ন টি   হ লো   পা হা ড়   ঘে রা   বি স্তী র্ণ   স ম ভূ মি ,   গ ভী র   উ প ত্য কা   এ বং   ঘা ট   স ম্ব লি ত   প্র ধা ন ত   এ ক টি   মা ল ভূ মি",78,27
"জলের গুণগত মানকে প্রভাবিত করা প্রধান বিষয়গুলি হলো ভাসমান পলি, শৈবাল, রাসায়নিক সমূহ, দ্রবীভূত জৈব উপাদান (ডি","জ লে র   গু ণ গ ত   মা ন কে   প্র ভা বি ত   ক রা   প্র ধা ন   বি ষ য় গু লি   হ লো   ভা স মা ন   প লি ,   শৈ বা ল ,   রা সা য় নি ক   স মূ হ ,   দ্র বী ভূ ত   জৈ ব   উ পা দা ন   ( ডি",58,17
ও,ও,1,1
"এম), উষ্ণ নিষ্কাশন, জলজ সংবহনতান্ত্রিক কারখানা, প্যাথোজেন এবং তৈলরাজি","এ ম ) ,   উ ষ্ণ   নি ষ্কা শ ন ,   জ ল জ   সং ব হ ন তা ন্ত্রি ক   কা র খা না ,   প্যা থো জে ন   এ বং   তৈ ল রা জি",36,9
"ভাসমান পলি, শৈবাল, ডি","ভা স মা ন   প লি ,   শৈ বা ল ,   ডি",12,4
ও,ও,1,1
"এম, তেল, জলজ সংবহনতান্ত্রিক কারখানা, এবংউষ্ণ নিষ্কাশনের মতো কিছু ধ্রুবক শক্তি পরিসীমাটিকে প্রত্যক্ষভাবে প্রভাবিত করে এবং তাই রিমোট সেন্সিং কৌশলের মাধ্যমে পরিমাপ করা যায়","এ ম ,   তে ল ,   জ ল জ   সং ব হ ন তা ন্ত্রি ক   কা র খা না ,   এ বং উ ষ্ণ   নি ষ্কা শ নে র   ম তো   কি ছু   ধ্রু ব ক   শ ক্তি   প রি সী মা টি কে   প্র ত্য ক্ষ ভা বে   প্র ভা বি ত   ক রে   এ বং   তা ই   রি মো ট   সে ন্সিং   কৌ শ লে র   মা ধ্য মে   প রি মা প   ক রা   যা য়",80,24
মূল্যবান ধাতু খনন করার সময় উপরের মাটির অপসারণ এবং সেটির আশপাশের কৃষি জমিগুলিকে প্রভাবিত করা হলো ভূমিক্ষয়ের আরেকটি দিক,মূ ল্য বা ন   ধা তু   খ ন ন   ক রা র   স ম য়   উ প রে র   মা টি র   অ প সা র ণ   এ বং   সে টি র   আ শ পা শে র   কৃ ষি   জ মি গু লি কে   প্র ভা বি ত   ক রা   হ লো   ভূ মি ক্ষ য় ে র   আ রে ক টি   দি ক,64,19
গাছের অবশিষ্টাংশ সরিয়ে দিলে মাটির জৈব উপাদানের পরিমাণও হ্রাস পায়,গা ছে র   অ ব শি ষ্টাং শ   স রি য় ে   দি লে   মা টি র   জৈ ব   উ পা দা নে র   প রি মা ণ ও   হ্রা স   পা য়,33,10
লবণাক্তকরণ এবং ক্ষারকরণ হলো শুষ্ক ও অর্ধশুষ্ক অঞ্চলগুলির সমস্যা,ল ব ণা ক্ত ক র ণ   এ বং   ক্ষা র ক র ণ   হ লো   শু ষ্ক   ও   অ র্ধ শু ষ্ক   অ ঞ্চ ল গু লি র   স ম স্যা,32,9
প্রতিটি মৃত্তিকা শ্রেণীকে একটি পেডন অথবা তাদের সমগোষ্ঠীর মাধ্যমে চিহ্নিত করা হয়,প্র তি টি   মৃ ত্তি কা   শ্রে ণী কে   এ ক টি   পে ড ন   অ থ বা   তা দে র   স ম গো ষ্ঠী র   মা ধ্য মে   চি হ্নি ত   ক রা   হ য়,36,12
"মাটি মানচিত্রের মধ্যে অঞ্চলটির প্রাকৃতিক ভূগোল, জলবায়ু এবং উদ্ভিদসমূহ ভিত্তিক বিভিন্ন ধরনের মাটির চিহ্নিতকরণ, বর্ণনা এবং চিত্রণ, জায়গায় গিয়ে গবেষণার মাধ্যমে নিশ্চিতকরণ ও গবেষণাগারের তথ্য এবং এক প্রামাণ্য মূল মানচিত্রে চিত্রণ অন্তর্ভুক্ত","মা টি   মা ন চি ত্রে র   ম ধ্যে   অ ঞ্চ ল টি র   প্রা কৃ তি ক   ভূ গো ল ,   জ ল বা য় ু   এ বং   উ দ্ভি দ স মূ হ   ভি ত্তি ক   বি ভি ন্ন   ধ র নে র   মা টি র   চি হ্নি ত ক র ণ ,   ব র্ণ না   এ বং   চি ত্র ণ ,   জা য় গা য়   গি য় ে   গ বে ষ ণা র   মা ধ্য মে   নি শ্চি ত ক র ণ   ও   গ বে ষ ণা গা রে র   ত থ্য   এ বং   এ ক   প্রা মা ণ্য   মূ ল   মা ন চি ত্রে   চি ত্র ণ   অ ন্ত র্ভু ক্ত",115,32
প্রাকৃতিক বাস্তুতন্ত্রগুলির উপরে এটি চাপ বৃদ্ধি করবে,প্রা কৃ তি ক   বা স্তু ত ন্ত্র গু লি র   উ প রে   এ টি   চা প   বৃ দ্ধি   ক র বে,23,7
"অতএব, প্রধান অঞ্চল সম্প্রসার, অববাহিকা এলাকায় মাটি সংরক্ষণ, স্থিতিশীল কৃষি, জলাশয় পরিচালনা, ক্ষয়িত জমির পুনরুদ্ধার ইত্যাদি বিভিন্ন উদ্দেশ্যে মৃত্তিকা সম্পদ সম্বন্ধীয় বিশদ তথ্য, এবং সেগুলির সম্ভাবনা/সীমাবদ্ধতা/ক্ষমতাগুলি জানার প্রয়োজন হয়","অ ত এ ব ,   প্র ধা ন   অ ঞ্চ ল   স ম্প্র সা র ,   অ ব বা হি কা   এ লা কা য়   মা টি   সং র ক্ষ ণ ,   স্থি তি শী ল   কৃ ষি ,   জ লা শ য়   প রি চা ল না ,   ক্ষ য় ি ত   জ মি র   পু ন রু দ্ধা র   ই ত্যা দি   বি ভি ন্ন   উ দ্দে শ্যে   মৃ ত্তি কা   স ম্প দ   স ম্ব ন্ধী য়   বি শ দ   ত থ্য ,   এ বং   সে গু লি র   স ম্ভা ব না / সী মা ব দ্ধ তা / ক্ষ ম তা গু লি   জা না র   প্র য় ো জ ন   হ য়",118,29
এই পর্যালোচনাটি সামগ্রিক নয় এবং শুধুমাত্র কোষীয় ও প্রতিনিধি-ভিত্তিক মডেলগুলিকে একত্রিত করা মডেলগুলির বর্তমান কৌশলগুলির পরিপূরক হিসাবে কাজ করার উপায়সমূহকে তুলে ধরার কাজ করে,এ ই   প র্যা লো চ না টি   সা ম গ্রি ক   ন য়   এ বং   শু ধু মা ত্র   কো ষী য়   ও   প্র তি নি ধি - ভি ত্তি ক   ম ডে ল গু লি কে   এ ক ত্রি ত   ক রা   ম ডে ল গু লি র   ব র্ত মা ন   কৌ শ ল গু লি র   প রি পূ র ক   হি সা বে   কা জ   ক রা র   উ পা য় স মূ হ কে   তু লে   ধ রা র   কা জ   ক রে,89,24
"ভূমি সীমার অঙ্কনগুলি কোনও কম্পিউটারের পর্দায় করা হলে, ভূমি সীমার মানচিত্রটি চিত্রণ পদ্ধতির সময়েই সৃষ্ট হয়","ভূ মি   সী মা র   অ ঙ্ক ন গু লি   কো ন ও   ক ম্পি উ টা রে র   প র্দা য়   ক রা   হ লে ,   ভূ মি   সী মা র   মা ন চি ত্র টি   চি ত্র ণ   প দ্ধ তি র   স ম য় ে ই   সৃ ষ্ট   হ য়",53,16
বিশ্লেষক সেই ছবিটিকে কম্পিউটারের পর্দায় অথবা কাগজে ছাপা অবস্থায় দেখার পর একটি নির্দিষ্ট ধরনের ভূমি সীমা হিসাবে চিহ্নিত অঞ্চলগুলিকে ঘিরে একটি বহুভুজ আঁকেন,বি শ্লে ষ ক   সে ই   ছ বি টি কে   ক ম্পি উ টা রে র   প র্দা য়   অ থ বা   কা গ জে   ছা পা   অ ব স্থা য়   দে খা র   প র   এ ক টি   নি র্দি ষ্ট   ধ র নে র   ভূ মি   সী মা   হি সা বে   চি হ্নি ত   অ ঞ্চ ল গু লি কে   ঘি রে   এ ক টি   ব হু ভু জ   আ ঁ কে ন,75,23
সীমিত পরিমাণের অবশিষ্ট আণবিক অক্সিজেনের মাধ্যমে তীব্র সূর্য বিকিরণের শোষণের ফলে তাপমাত্রার বৃদ্ধি ঘটে,সী মি ত   প রি মা ণে র   অ ব শি ষ্ট   আ ণ বি ক   অ ক্সি জে নে র   মা ধ্য মে   তী ব্র   সূ র্য   বি কি র ণে র   শো ষ ণে র   ফ লে   তা প মা ত্রা র   বৃ দ্ধি   ঘ টে,48,14
উচ্চতার সঙ্গে ট্রোপোস্ফিয়ারের তাপমাত্রা এবং জলীয় বাষ্পের পরিমাণ দ্রুত কমতে থাকে,উ চ্চ তা র   স ঙ্গে   ট্রো পো স্ফি য় া রে র   তা প মা ত্রা   এ বং   জ লী য়   বা ষ্পে র   প রি মা ণ   দ্রু ত   ক ম তে   থা কে,36,11
বায়ুর তাপমাত্রা নিয়ন্ত্রণের ক্ষেত্রে জলীয় বাষ্পের একটি বিরাট ভূমিকা রয়েছে কারণ এটি ভূপৃষ্ঠ থেকে সৌর শক্তি এবং বিকীর্ণ তাপ শোষণ করে নেয়,বা য় ু র   তা প মা ত্রা   নি য় ন্ত্র ণে র   ক্ষে ত্রে   জ লী য়   বা ষ্পে র   এ ক টি   বি রা ট   ভূ মি কা   র য় ে ছে   কা র ণ   এ টি   ভূ পৃ ষ্ঠ   থে কে   সৌ র   শ ক্তি   এ বং   বি কী র্ণ   তা প   শো ষ ণ   ক রে   নে য়,62,22
জল চক্রের উপর কিছু মানবীয় প্রভাবের আন্দাজ পেতে জলের ভারসাম্যটি কার্যকর,জ ল   চ ক্রে র   উ প র   কি ছু   মা ন বী য়   প্র ভা বে র   আ ন্দা জ   পে তে   জ লে র   ভা র সা ম্য টি   কা র্য ক র,35,11
"তারপর, ক্রমশ এটি স্ট্র্যাটোপজ অবধি বেড়ে যায়","তা র প র ,   ক্র ম শ   এ টি   স্ট্র্যা টো প জ   অ ব ধি   বে ড় ে   যা য়",22,7
"দুটি পদ্ধতির মাধ্যমে এটি অঞ্চলটির অবনতি সাধন করে, মূলত তুষার উত্তোলন ও তুষার চূর্ণীভবন","দু টি   প দ্ধ তি র   মা ধ্য মে   এ টি   অ ঞ্চ ল টি র   অ ব ন তি   সা ধ ন   ক রে ,   মূ ল ত   তু ষা র   উ ত্তো ল ন   ও   তু ষা র   চূ র্ণী ভ ব ন",45,14
মাটি প্রতিফলন তথ্যসমূহ গবেষণাগার অথবা জমিতে এবং বায়ু/মহাকাশ থেকে পাওয়া যেতে পারে,মা টি   প্র তি ফ ল ন   ত থ্য স মূ হ   গ বে ষ ণা গা র   অ থ বা   জ মি তে   এ বং   বা য় ু / ম হা কা শ   থে কে   পা ও য় া   যে তে   পা রে,44,12
উত্তর-পূর্বের অসম রাজ্যে হিমালয়ের পাদদেশ বরাবর মানস অবস্থিত,উ ত্ত র - পূ র্বে র   অ স ম   রা জ্যে   হি মা ল য় ে র   পা দ দে শ   ব রা ব র   মা ন স   অ ব স্থি ত,33,8
"তবে, রাজনৈতিক পরিবেশে অন্যান্য প্রভাবও রয়েছে যা সিদ্ধান্ত গঠনে সাহায্য করে, যার মধ্যে সংস্কৃতি, বিশ্বাস, সামাজিক স্বার্থ এবং দলগুলির মধ্যে প্রতিদ্বন্দ্বিতা রয়েছে","ত বে ,   রা জ নৈ তি ক   প রি বে শে   অ ন্যা ন্য   প্র ভা ব ও   র য় ে ছে   যা   সি দ্ধা ন্ত   গ ঠ নে   সা হা য্য   ক রে ,   যা র   ম ধ্যে   সং স্কৃ তি ,   বি শ্বা স ,   সা মা জি ক   স্বা র্থ   এ বং   দ ল গু লি র   ম ধ্যে   প্র তি দ্ব ন্দ্বি তা   র য় ে ছে",72,22
"সাধারণত, প্রশ্নের সময় শেষ হওয়া এবং লোকসভার টেবিলে কাগজপত্র স্থাপন করার পরে এবং কার্যতালিকার কোনও বিষয় শুরু করার আগে দৃষ্টি আকর্ষণের বিষয়টি উত্থাপন করা হয়","সা ধা র ণ ত ,   প্র শ্নে র   স ম য়   শে ষ   হ ও য় া   এ বং   লো ক স ভা র   টে বি লে   কা গ জ প ত্র   স্থা প ন   ক রা র   প রে   এ বং   কা র্য তা লি কা র   কো ন ও   বি ষ য়   শু রু   ক রা র   আ গে   দৃ ষ্টি   আ ক র্ষ ণে র   বি ষ য় টি   উ ত্থা প ন   ক রা   হ য়",81,25
তাই মহামারী মোকাবিলায় এবং বহুপাক্ষিকতার উপর ভিত্তি করে মানবিক প্রতিক্রিয়ার খাতিরে সম্পদ সংগ্রহ করতে আমাদের যৌথ কর্ম ও পারস্পারিক সহযোগিতার জন্য প্রস্তুত থাকতে হবে,তা ই   ম হা মা রী   মো কা বি লা য়   এ বং   ব হু পা ক্ষি ক তা র   উ প র   ভি ত্তি   ক রে   মা ন বি ক   প্র তি ক্রি য ় া র   খা তি রে   স ম্প দ   সং গ্র হ   ক র তে   আ মা দে র   যৌ থ   ক র্ম   ও   পা র স্পা রি ক   স হ যো গি তা র   জ ন্য   প্র স্তু ত   থা ক তে   হ বে,80,24
"বর্তমানে (২০১৯-২০২৩) এটি পশু স্বাস্থ্য পরিচর্যা, উদ্ভিদ, খাদ্য সুরক্ষা এবং পরিবেশ বিভাগের জন্য একটি সমন্বিত জাতীয় অ্যাণ্টিমাইক্রোবিয়াল প্রতিরোধ ও অবশেষ নজরদারি পরিকল্পনার সাহায্যপ্রাপ্ত","ব র্ত মা নে   ( ২ ০ ১ ৯ - ২ ০ ২ ৩ )   এ টি   প শু   স্বা স্থ্য   প রি চ র্যা ,   উ দ্ভি দ ,   খা দ্য   সু র ক্ষা   এ বং   প রি বে শ   বি ভা গে র   জ ন্য   এ ক টি   স ম ন্বি ত   জা তী য়   অ ্ যা ণ্টি মা ই ক্রো বি য় া ল   প্র তি রো ধ   ও   অ ব শে ষ   ন জ র দা রি   প রি ক ল্প না র   সা হা য্য প্রা প্ত",93,23
"আগেকার সময়ে, প্রাকৃতিক দুর্যোগের ফলে রাজ্যের যে বার্ষিক আয়ের চাহিদা দেখা দিত তা মেটানোর জন্য সাধারণত প্রত্যক্ষ করের উপর অতিরিক্ত কর ধার্য্য করা হতো","আ গে কা র   স ম য় ে ,   প্রা কৃ তি ক   দু র্যো গে র   ফ লে   রা জ্যে র   যে   বা র্ষি ক   আ য় ে র   চা হি দা   দে খা   দি ত   তা   মে টা নো র   জ ন্য   সা ধা র ণ ত   প্র ত্য ক্ষ   ক রে র   উ প র   অ তি রি ক্ত   ক র   ধা র্য্য   ক রা   হ তো",70,24
ভারত ১৯৯৪ সালের মে মাসে জীব বৈচিত্র্যের উপর জাতিসংঘের ১৯৯২-এর অধিবেশনে এবং ২০১৪ সালের অক্টোবর মাসে জীন-সংক্রান্ত সংস্থান এবং তাদের ব্যবহার থেকে উদ্ভূত সুবিধার ন্যায্য ও ন্যায়সঙ্গত ভাগাভাগির উপর নাগোয়া প্রটোকলের একজন স্বাক্ষরকারী হয়ে ওঠে,ভা র ত   ১ ৯ ৯ ৪   সা লে র   মে   মা সে   জী ব   বৈ চি ত্র্যে র   উ প র   জা তি সং ঘে র   ১ ৯ ৯ ২ - এ র   অ ধি বে শ নে   এ বং   ২ ০ ১ ৪   সা লে র   অ ক্টো ব র   মা সে   জী ন - সং ক্রা ন্ত   সং স্থা ন   এ বং   তা দে র   ব্য ব হা র   থে কে   উ দ্ভূ ত   সু বি ধা র   ন্যা য্য   ও   ন্যা য ় স ঙ্গ ত   ভা গা ভা গি র   উ প র   না গো য ় া   প্র টো ক লে র   এ ক জ ন   স্বা ক্ষ র কা রী   হ য় ে   ও ঠে,122,35
"ভারতের সমর্থন আফগানিস্তানের সরকার এবং জনগণের চাহিদা ও অগ্রাধিকার দ্বারা পরিচালিত হয়, আফগান সরকারের অংশীদারীর সঙ্গে কার্যক্রম চালানো হয় এবং প্রকল্পগুলি আফগানিস্তানে বিস্তৃত এলাকা জুড়ে ছড়িয়ে রয়েছে","ভা র তে র   স ম র্থ ন   আ ফ গা নি স্তা নে র   স র কা র   এ বং   জ ন গ ণে র   চা হি দা   ও   অ গ্রা ধি কা র   দ্বা রা   প রি চা লি ত   হ য ় ,   আ ফ গা ন   স র কা রে র   অ ং শী দা রী র   স ঙ্গে   কা র্য ক্র ম   চা লা নো   হ য়   এ বং   প্র ক ল্প গু লি   আ ফ গা নি স্তা নে   বি স্তৃ ত   এ লা কা   জু ড় ে   ছ ড় ি য় ে   র য় ে ছে",103,27
"আমার সহকর্মী, পেট্রল ও প্রাকৃতিক গ্যাস মন্ত্রীর দ্বারা বিস্তারিত ঘোষণা করা হবে","আ মা র   স হ ক র্মী ,   পে ট্র ল   ও   প্রা কৃ তি ক   গ্যা স   ম ন্ত্রী র   দ্বা রা   বি স্তা রি ত   ঘো ষ ণা   ক রা   হ বে",34,12
পেট্রলজাত পণ্যের কার্যকর ও স্থিতিশীল একটি মূল্য ব্যবস্থার পরামর্শ পেতে সরকার একটি বিশেষজ্ঞের দল নির্মাণ করবে,পে ট্র ল জা ত   প ণ্যে র   কা র্য ক র   ও   স্থি তি শী ল   এ ক টি   মূ ল্য   ব্য ব স্থা র   প রা ম র্শ   পে তে   স র কা র   এ ক টি   বি শে ষ জ্ঞে র   দ ল   নি র্মা ণ   ক র বে,52,16
২০০৮-৯-এর সময় এন,২ ০ ০ ৮ - ৯ - এ র   স ম য়   এ ন,14,3
আর,আ র,2,1
ই,ই,1,1
জি,জি,1,1
এ ৪,এ   ৪,2,2
৪৭ কোটিরও বেশি পরিবারের জন্য কর্মসংস্থানের সুযোগ করে দেয় যা ২০০৭-৮-এর সময় ৩,৪ ৭   কো টি র ও   বে শি   প রি বা রে র   জ ন্য   ক র্ম সং স্থা নে র   সু যো গ   ক রে   দে য়   যা   ২ ০ ০ ৭ - ৮ - এ র   স ম য়   ৩,42,13
৩৯ কোটি পরিবারকে অন্তর্ভুক্ত করেছিল,৩ ৯   কো টি   প রি বা র কে   অ ন্ত র্ভু ক্ত   ক রে ছি ল,17,5
ফেব্রুয়ারী ২০০৬-এ প্রথম বাস্তবায়িত রাষ্ট্রীয় গ্রামীণ রোজগার গ্যারাণ্টি আইন (এন,ফে ব্রু য় া রী   ২ ০ ০ ৬ - এ   প্র থ ম   বা স্ত বা য় ি ত   রা ষ্ট্রী য়   গ্রা মী ণ   রো জ গা র   গ্যা রা ণ্টি   আ ই ন   ( এ ন,39,10
আর,আ র,2,1
ই,ই,1,1
জি,জি,1,1
এ)-টির বিশাল সাফল্য ব্যাপকভাবে স্বীকৃত,এ ) - টি র   বি শা ল   সা ফ ল্য   ব্যা প ক ভা বে   স্বী কৃ ত,19,5
এন,এ ন,2,1
আর,আ র,2,1
ই,ই,1,1
জি,জি,1,1
এ-র বরাদ্দ হিসেবে আমরা প্রতিদিন ১০০ টাকা প্রকৃত মজুরি দিতে বাধ্য,এ - র   ব রা দ্দ   হি সে বে   আ ম রা   প্র তি দি ন   ১ ০ ০   টা কা   প্র কৃ ত   ম জু রি   দি তে   বা ধ্য,31,11
"সেই থেকে মূল্য কমে গেলেও, ইতিমধ্যেই সেগুলি বিশ্ব অর্থ সঙ্কটের গোড়ার দিকের নিম্নমানের প্রায় দ্বিগুণ","সে ই   থে কে   মূ ল্য   ক মে   গে লে ও ,   ই তি ম ধ্যে ই   সে গু লি   বি শ্ব   অ র্থ   স ঙ্ক টে র   গো ড় া র   দি কে র   নি ম্ন মা নে র   প্রা য়   দ্বি গু ণ",45,15
অভ্যন্তরীণ বাস্তুচ্যুত ব্যক্তিবর্গের পুনর্বাসন এবং শ্রীলঙ্কার উত্তর ও পূর্বাঞ্চলের পুনর্গঠনের জন্য আমি ৫০০ কোটি টাকা বরাদ্দ করার প্রস্তাব দিচ্ছি,অ ভ্য ন্ত রী ণ   বা স্তু চ্যু ত   ব্য ক্তি ব র্গে র   পু ন র্বা স ন   এ বং   শ্রী ল ঙ্কা র   উ ত্ত র   ও   পূ র্বা ঞ্চ লে র   পু ন র্গ ঠ নে র   জ ন্য   আ মি   ৫ ০ ০   কো টি   টা কা   ব রা দ্দ   ক রা র   প্র স্তা ব   দি চ্ছি,62,19
মার্কিন যুক্তরাষ্ট্রে একবার নিজের প্রথম উপস্থিতি প্রতিষ্ঠা করা হয়ে গেলে হালকা আকারের স্থানীয় ব্র্যাণ্ডের অনলাইন দোকান চালু করা যায় এবং সম্পূর্ণ কার্যকরী মার্কিনী ওয়েবসাইট শুরুর আগে পরিষেবা ও খ্যাতি নির্মাণে মনোনিবেশ করতে হয়; আর অভিজ্ঞতা বাড়তে দিন এবং নতুন গ্রাহক টানার জন্য আরও বেশি আক্রমণাত্মক ও ঝুঁকিপূর্ণ বিপণন কৌশল বাস্তবায়ন করুন,মা র্কি ন   যু ক্ত রা ষ্ট্রে   এ ক বা র   নি জে র   প্র থ ম   উ প স্থি তি   প্র তি ষ্ঠা   ক রা   হ য় ে   গে লে   হা ল কা   আ কা রে র   স্থা নী য়   ব্র্যা ণ্ডে র   অ ন লা ই ন   দো কা ন   চা লু   ক রা   যা য়   এ বং   স ম্পূ র্ণ   কা র্য ক রী   মা র্কি নী   ও য় ে ব সা ই ট   শু রু র   আ গে   প রি ষে বা   ও   খ্যা তি   নি র্মা ণে   ম নো নি বে শ   ক র তে   হ য় ;   আ র   অ ভি জ্ঞ তা   বা ড় তে   দি ন   এ বং   ন তু ন   গ্রা হ ক   টা না র   জ ন্য   আ র ও   বে শি   আ ক্র ম ণা ত্ম ক   ও   ঝুঁ কি পূ র্ণ   বি প ণ ন   কৌ শ ল   বা স্ত বা য ় ন   ক রু ন,159,51
"প্রযুক্তিগত অগ্রগতির মাধ্যমে আসা পরিশীলিতা এবং পরিবর্তন যা তার পরিধিকে আরও প্রসারিত করেছে, এর পরিপ্রেক্ষিতে মিডিয়া বর্তমান জনমত গঠনের জন্য একটি পৃথক চরিত্র অর্জন করেছে","প্র যু ক্তি গ ত   অ গ্র গ তি র   মা ধ্য মে   আ সা   প রি শী লি তা   এ বং   প রি ব র্ত ন   যা   তা র   প রি ধি কে   আ র ও   প্র সা রি ত   ক রে ছে ,   এ র   প রি প্রে ক্ষি তে   মি ডি য় া   ব র্ত মা ন   জ ন ম ত   গ ঠ নে র   জ ন্য   এ ক টি   পৃ থ ক   চ রি ত্র   অ র্জ ন   ক রে ছে",85,25
"উচ্চতর ইক্যুইটির আশায়, আসল লাভের বর্তমান হার ১০ শতাংশ এম","উ চ্চ ত র   ই ক্যু ই টি র   আ শা য় ,   আ স ল   লা ভে র   ব র্ত মা ন   হা র   ১ ০   শ তাং শ   এ ম",32,10
এ,এ,1,1
টি-র হারকে বাড়িয়ে ১৫ শতাংশ করে দেওয়ার প্রস্তাব রাখছি,টি - র   হা র কে   বা ড় ি য় ে   ১ ৫   শ তাং শ   ক রে   দে ও য় া র   প্র স্তা ব   রা খ ছি,29,9
পাসপোর্টের আবেদন জমা দিতে পাসপোর্ট কেন্দ্রগুলিতে অনলাইন সাক্ষাৎ নিশ্চিত করার বিষয়টি সরলীকৃত হয়ে গেছে,পা স পো র্টে র   আ বে দ ন   জ মা   দি তে   পা স পো র্ট   কে ন্দ্র গু লি তে   অ ন লা ই ন   সা ক্ষা ৎ   নি শ্চি ত   ক রা র   বি ষ য় টি   স র লী কৃ ত   হ য় ে   গে ছে,50,14
এই উপরোধের উপর ভিত্তি করে সরকার ২০০৬ সালের ১লা জানুয়ারীর আগেকার আধিকারিক পদমর্যাদার (পি,এ ই   উ প রে া ধে র   উ প র   ভি ত্তি   ক রে   স র কা র   ২ ০ ০ ৬   সা লে র   ১ লা   জা নু য ় া রী র   আ গে কা র   আ ধি কা রি ক   প দ ম র্যা দা র   ( পি,52,14
বি,বি,1,1
ও,ও,1,1
আর) নীচের প্রতিরক্ষা পেনশনভোগীদের পেনশনের যথেষ্ট উন্নতি করার এবং ১৯৯৭ সালের ১০ই অক্টোবরের আগের পেনশনভোগীদের ১৯৯৭ সালের ১০ই অক্টোবরের পরে পেনশনভোগীদের সমতুল্য করার সিদ্ধান্ত নিয়েছে৷,আ র )   নী চে র   প্র তি র ক্ষা   পে ন শ ন ভো গী দে র   পে ন শ নে র   য থে ষ্ট   উ ন্ন তি   ক রা র   এ বং   ১ ৯ ৯ ৭   সা লে র   ১ ০ ই   অ ক্টো ব রে র   আ গে র   পে ন শ ন ভো গী দে র   ১ ৯ ৯ ৭   সা লে র   ১ ০ ই   অ ক্টো ব রে র   প রে   পে ন শ ন ভো গী দে র   স ম তু ল্য   ক রা র   সি দ্ধা ন্ত   নি য ় ে ছে ৷,101,25
তাই আজকের এই উপলক্ষ্যে আমি সারা বিশ্বের সংসদের মুখ্য আধিকারিকদের একটি পাকাপোক্ত কাজের পরিকল্পনা তৈরি করার জন্য সক্রিয় ভূমিকা পালন করতে বলব যা জনগণকে প্রতিক্রিয়ার কেন্দ্রে রাখে যাতে সকলের জন্য আরও ন্যায়সঙ্গত এবং স্থিতিস্থাপক ফলাফল অর্জন করা যায় এবং সংসদগুলিকে এর কার্যকর বাস্তবায়নের জন্য গঠনমূলক ভূমিকা পালন করতে হবে,তা ই   আ জ কে র   এ ই   উ প ল ক্ষ্যে   আ মি   সা রা   বি শ্বে র   সং স দে র   মু খ্য   আ ধি কা রি ক দে র   এ ক টি   পা কা পো ক্ত   কা জে র   প রি ক ল্প না   তৈ রি   ক রা র   জ ন্য   স ক্রি য়   ভূ মি কা   পা ল ন   ক র তে   ব ল ব   যা   জ ন গ ণ কে   প্র তি ক্রি য় া র   কে ন্দ্রে   রা খে   যা তে   স ক লে র   জ ন্য   আ র ও   ন্যা য ় স ঙ্গ ত   এ বং   স্থি তি স্থা প ক   ফ লা ফ ল   অ র্জ ন   ক রা   যা য়   এ বং   সং স দ গু লি কে   এ র   কা র্য ক র   বা স্ত বা য় নে র   জ ন্য   গ ঠ ন মূ ল ক   ভূ মি কা   পা ল ন   ক র তে   হ বে,159,49
আঠারোটি রাজ্য এবং ইউটি-তে ৪৬ লক্ষরও বেশি বিপিএল পরিবারের জন্য বায়োমেট্রিক স্মার্ট কার্ড চালু করা হয়,আ ঠা রো টি   রা জ্য   এ বং   ই উ টি - তে   ৪ ৬   ল ক্ষ র ও   বে শি   বি পি এ ল   প রি বা রে র   জ ন্য   বা য ় ো মে ট্রি ক   স্মা র্ট   কা র্ড   চা লু   ক রা   হ য়,49,16
১৯৯৪-এ শুরু হয় কার্যধারার সরাসরি সম্প্রচার,১ ৯ ৯ ৪ - এ   শু রু   হ য়   কা র্য ধা রা র   স রা স রি   স ম্প্র চা র,23,6
২০২১ সালের ১৫ই সেপ্টেম্বর আন্তর্জাতিক গণতন্ত্র দিবস স্মরণে সংসদ টিভি চালু করা হয়েছিল ভারতের উপ-রাষ্ট্রপতি শ্রী এম,২ ০ ২ ১   সা লে র   ১ ৫ ই   সে প্টে ম্ব র   আ ন্ত র্জা তি ক   গ ণ ত ন্ত্র   দি ব স   স্ম র ণে   সং স দ   টি ভি   চা লু   ক রা   হ য় ে ছি ল   ভা র তে র   উ প - রা ষ্ট্র প তি   শ্রী   এ ম,57,17
"ভেঙ্কাইয়া নাইডু, ভারতের প্রধানমন্ত্রী, শ্রী নরেন্দ্র মোদী এবং লোকসভার স্পিকার, শ্রী ওম বিড়লার অগাস্ট উপস্থিতিতে, নয়াদিল্লী সংসদ ভবন সংযুক্ত সদনে","ভে ঙ্কা ই য ় া   না ই ডু ,   ভা র তে র   প্র ধা ন ম ন্ত্রী ,   শ্রী   ন রে ন্দ্র   মো দী   এ বং   লো ক স ভা র   স্পি কা র ,   শ্রী   ও ম   বি ড ় লা র   অ গা স্ট   উ প স্থি তি তে ,   ন য ় া দি ল্লী   সং স দ   ভ ব ন   সং যু ক্ত   স দ নে",72,20
"উভয় সংসদ ভবনের মুখ্য আধিকারিক ভারতের উপ-রাষ্ট্রপতি ও রাজ্যসভার চেয়ারম্যান এবং লোকসভার স্পিকার দুটো চ্যানেলকে সম্পূর্ণভাবে যুক্ত করতে সম্মত হন যাতে অর্থনীতি, কর্মদক্ষতা ও কার্যকারিতা নিয়ে আসা যায়","উ ভ য়   সং স দ   ভ ব নে র   মু খ্য   আ ধি কা রি ক   ভা র তে র   উ প - রা ষ্ট্র প তি   ও   রা জ্য স ভা র   চে য ় া র ম্যা ন   এ বং   লো ক স ভা র   স্পি কা র   দু টো   চ্যা নে ল কে   স ম্পূ র্ণ ভা বে   যু ক্ত   ক র তে   স ম্ম ত   হ ন   যা তে   অ র্থ নী তি ,   ক র্ম দ ক্ষ তা   ও   কা র্য কা রি তা   নি য় ে   আ সা   যা য়",97,28
আলোচনার জন্য সাধারণত তিন দিন বরাদ্দ করা হয়,আ লো চ না র   জ ন্য   সা ধা র ণ ত   তি ন   দি ন   ব রা দ্দ   ক রা   হ য়,23,8
"২০১৪ থেকে, সাধারণ ভারতীয়দের জন্য দেশে এবং বিদেশে উভয় স্থানেই পাসপোর্ট পাওয়া এবং পুনর্নবীকরণটি সহজতর করে তোলাই মোদি সরকারের অগ্রাধিকার থেকে এসেছে","২ ০ ১ ৪   থে কে ,   সা ধা র ণ   ভা র তী য় দে র   জ ন্য   দে শে   এ বং   বি দে শে   উ ভ য়   স্থা নে ই   পা স পো র্ট   পা ও য় া   এ বং   পু ন র্ন বী ক র ণ টি   স হ জ ত র   ক রে   তো লা ই   মো দি   স র কা রে র   অ গ্রা ধি কা র   থে কে   এ সে ছে",77,22
"যাইহোক, পরের অভিযান উপকূল থেকে কিছুটা দূরে সমুদ্রে অবস্থিত অববাহিকা (পূর্ব উপকূল, পশ্চিম উপকূল এবং আন্দামান) থেকে ই","যা ই হো ক ,   প রে র   অ ভি যা ন   উ প কূ ল   থে কে   কি ছু টা   দূ রে   স মু দ্রে   অ ব স্থি ত   অ ব বা হি কা   ( পূ র্ব   উ প কূ ল ,   প শ্চি ম   উ প কূ ল   এ বং   আ ন্দা মা ন )   থে কে   ই",60,18
ই,ই,1,1
জেড সীমানা পর্যন্ত অন্তর্ভুক্ত করবে,জে ড   সী মা না   প র্য ন্ত   অ ন্ত র্ভু ক্ত   ক র বে,15,5
ভূমি অববাহিকাকে অন্তর্ভুক্ত করার জন্য এন,ভূ মি   অ ব বা হি কা কে   অ ন্ত র্ভু ক্ত   ক রা র   জ ন্য   এ ন,19,6
এস,এ স,2,1
পি-র অধীনে মূল্যায়ন কর্মসূচির পরিকল্পনা করা হয়েছিল,পি - র   অ ধী নে   মূ ল্যা য় ন   ক র্ম সূ চি র   প রি ক ল্প না   ক রা   হ য় ে ছি ল,27,7
"ফেব্রুয়ারী ২০২২ পর্যন্ত, আন্দামানের সমুদ্রতীর থেকে দূরে মোট ২২,৫৫৫ এল","ফে ব্রু য় া রী   ২ ০ ২ ২   প র্য ন্ত ,   আ ন্দা মা নে র   স মু দ্র তী র   থে কে   দূ রে   মো ট   ২ ২ , ৫ ৫ ৫   এ ল",37,10
কে,কে,1,1
এম ২ডি ব্রডব্যাণ্ড ভূকম্পীয় তথ্য পাওয়া গেছে,এ ম   ২ ডি   ব্র ড ব্যা ণ্ড   ভূ ক ম্পী য়   ত থ্য   পা ও য় া   গে ছে,20,7
"আমাদের উন্নতির প্রচেষ্টায় অবশিষ্ট, বিশেষত আমাদের জনসংখ্যার দুর্বল অংশগুলির ক্ষেত্রে, গুরুতর ফাঁকগুলি ভরাট করতে এই পুঁজি আমাদের সহায়তা করে","আ মা দে র   উ ন্ন তি র   প্র চে ষ্টা য়   অ ব শি ষ্ট ,   বি শে ষ ত   আ মা দে র   জ ন সং খ্যা র   দু র্ব ল   অ ং শ গু লি র   ক্ষে ত্রে ,   গু রু ত র   ফাঁ ক গু লি   ভ রা ট   ক র তে   এ ই   পুঁ জি   আ মা দে র   স হা য় তা   ক রে",70,19
লক্ষ্যটি হবে বর্তমান নারী নিরক্ষরতার হার তিন বছরের মধ্যে অর্ধেকে হ্রাস করা,ল ক্ষ্য টি   হ বে   ব র্ত মা ন   না রী   নি র ক্ষ র তা র   হা র   তি ন   ব ছ রে র   ম ধ্যে   অ র্ধে কে   হ্রা স   ক রা,34,12
"কিন্তু, বেসামরিক পরিষেবাগুলি, পুলিশ এবং সেনা ছিল মুসলমানদের নিকটতর সংরক্ষণ","কি ন্তু ,   বে সা ম রি ক   প রি ষে বা গু লি ,   পু লি শ   এ বং   সে না   ছি ল   মু স ল মা ন দে র   নি ক ট ত র   সং র ক্ষ ণ",40,10
পি,পি,1,1
এস,এ স,2,1
"কে-তে আগমনের সঙ্গে সঙ্গে বৈদ্যুতিক টোকেন প্রদান করা আর কাজ শেষ হওয়ার পরে বৈদ্যুতিক প্রস্থান চিঠি দেওয়ার মাধ্যমে কাগজবিহীন পরিষেবা প্রদান সম্ভব হয়েছে, যা পরিবেশ রক্ষা করে এবং ডিজিটাল ভারতের সবুজ উদ্যোগের প্রচার করে","কে - তে   আ গ ম নে র   স ঙ্গে   স ঙ্গে   বৈ দ্যু তি ক   টো কে ন   প্র দা ন   ক রা   আ র   কা জ   শে ষ   হ ও য় া র   প রে   বৈ দ্যু তি ক   প্র স্থা ন   চি ঠি   দে ও য় া র   মা ধ্য মে   কা গ জ বি হী ন   প রি ষে বা   প্র দা ন   স ম্ভ ব   হ য ় ে ছে ,   যা   প রি বে শ   র ক্ষা   ক রে   এ বং   ডি জি টা ল   ভা র তে র   স বু জ   উ দ্যো গে র   প্র চা র   ক রে",107,34
পরিষেবা প্রদানের গতি বৃদ্ধি করতে এবং জনসাধারণের অভিযোগ কমাতে এরকম একটি মসৃণ পদ্ধতি সাহায্য করেছে,প রি ষে বা   প্র দা নে র   গ তি   বৃ দ্ধি   ক র তে   এ বং   জ ন সা ধা র ণে র   অ ভি যো গ   ক মা তে   এ র ক ম   এ ক টি   ম সৃ ণ   প দ্ধ তি   সা হা য্য   ক রে ছে,50,15
নিয়মানুসারে এ বিষয়ে সংসদীয় নেতা বা সংশ্লিষ্ট মন্ত্রীর সঙ্গে পরামর্শ করার কোনও প্রয়োজন নেই,নি য় মা নু সা রে   এ   বি ষ য় ে   সং স দী য়   নে তা   বা   সং শ্লি ষ্ট   ম ন্ত্রী র   স ঙ্গে   প রা ম র্শ   ক রা র   কো ন ও   প্র য় ো জ ন   নে ই,43,14
"এই পদক্ষেপগুলিতে বাজেটের সমস্ত দিককে অন্তর্ভুক্ত করতে হবে, যেমন ভর্তুকি, কর, ব্যয় এবং বিনিয়োগ কমানো","এ ই   প দ ক্ষে প গু লি তে   বা জে টে র   স ম স্ত   দি ক কে   অ ন্ত র্ভু ক্ত   ক র তে   হ বে ,   যে ম ন   ভ র্তু কি ,   ক র ,   ব্য য়   এ বং   বি নি য় ো গ   ক মা নো",51,15
"স্থিতিশীল অর্থপ্রদানের ভারসাম্য, পর্যাপ্ত সুদের হার, এবং যৌথ বিনিয়োগের জন্য বহিরাগত মূলধনের একটি সুস্থির প্রবাহ বজায় রাখতে এটি অপরিহার্য","স্থি তি শী ল   অ র্থ প্র দা নে র   ভা র সা ম্য ,   প র্যা প্ত   সু দে র   হা র ,   এ বং   যৌ থ   বি নি য় ো গে র   জ ন্য   ব হি রা গ ত   মূ ল ধ নে র   এ ক টি   সু স্থি র   প্র বা হ   ব জা য়   রা খ তে   এ টি   অ প রি হা র্য",68,19
"সর্বোপরি, মার্কিন খরিদ্দাররা তাদের টাকা বিদেশে ব্যয় করতে পেরে খুশি যেহেতু যুক্তরাজ্য তাদের পছন্দের গন্তব্য (৪৯ শতাংশ;) তারপর আসে চীন (৩৯ শতাংশ), কানাডা (৩৪ শতাংশ), হংকং (২০ শতাংশ) এবং অস্ট্রেলিয়া (১৮ শতাংশ)","স র্বো প রি ,   মা র্কি ন   খ রি দ্দা র রা   তা দে র   টা কা   বি দে শে   ব্য য ়   ক র তে   পে রে   খু শি   যে হে তু   যু ক্ত রা জ্য   তা দে র   প ছ ন্দে র   গ ন্ত ব্য   ( ৪ ৯   শ তাং শ ; )   তা র প র   আ সে   চী ন   ( ৩ ৯   শ তাং শ ) ,   কা না ডা   ( ৩ ৪   শ তাং শ ) ,   হং কং   ( ২ ০   শ তাং শ )   এ বং   অ স্ট্রে লি য় া   ( ১ ৮   শ তাং শ )",106,32
রাজ্য নোডাল সংস্থাগুলি (এস,রা জ্য   নো ডা ল   সং স্থা গু লি   ( এ স,12,4
এন,এ ন,2,1
"এ) রাজ্যে সর্বজনীন চার্জিং কেন্দ্র বসানো, পরিচালনা ও রক্ষণাবেক্ষণ করা এবং ব্যাটারি অদলবদল/চার্জিং সুবিধার বাস্তবায়নকারী সংস্থা নির্বাচন করতে আদেশপ্রাপ্ত","এ )   রা জ্যে   স র্ব জ নী ন   চা র্জিং   কে ন্দ্র   ব সা নো ,   প রি চা ল না   ও   র ক্ষ ণা বে ক্ষ ণ   ক রা   এ বং   ব্যা টা রি   অ দ ল ব দ ল / চা র্জিং   সু বি ধা র   বা স্ত বা য ় ন কা রী   সং স্থা   নি র্বা চ ন   ক র তে   আ দে শ প্রা প্ত",71,19
ব্যাঙ্কিং এবং আর্থিক বিভাগের প্রতি আমাদের সরকারের দৃষ্টিভঙ্গি হল আর্থিক উপলব্ধতার প্রসার এবং অর্থকরী অনুমোদন বাড়িয়ে তোলা মাধ্যমে বাজারকে গভীরতর করার বলিষ্ঠ তদারকি নিশ্চিত করা,ব্যা ঙ্কিং   এ বং   আ র্থি ক   বি ভা গে র   প্র তি   আ মা দে র   স র কা রে র   দৃ ষ্টি ভ ঙ্গি   হ ল   আ র্থি ক   উ প ল ব্ধ তা র   প্র সা র   এ বং   অ র্থ ক রী   অ নু মো দ ন   বা ড় ি য় ে   তো লা   মা ধ্য মে   বা জা র কে   গ ভী র ত র   ক রা র   ব লি ষ্ঠ   ত দা র কি   নি শ্চি ত   ক রা,85,25
এর কারণ উচ্চতাবৃদ্ধি জীনঘটিত ও পরিবেশসংক্রান্ত উভয় ক্ষেত্রের দ্বারাই প্রভাবিত হয়,এ র   কা র ণ   উ চ্চ তা বৃ দ্ধি   জী ন ঘ টি ত   ও   প রি বে শ সং ক্রা ন্ত   উ ভ য়   ক্ষে ত্রে র   দ্বা রা ই   প্র ভা বি ত   হ য়,38,11
"খাদ্য উৎপাদন, অর্থনীতি ও নিরাপত্তার উপর এর প্রভাবের দরুন জীবাণুরোধ প্রতিরোধের শক্তিকেও স্বাস্থ্য, জাতীয় নিরাপত্তা এবং অর্থনীতির প্রতি আশঙ্কা হিসেবে বিবেচনা করা হয়","খা দ্য   উ ৎ পা দ ন ,   অ র্থ নী তি   ও   নি রা প ত্তা র   উ প র   এ র   প্র ভা বে র   দ রু ন   জী বা ণু রো ধ   প্র তি রো ধে র   শ ক্তি কে ও   স্বা স্থ্য ,   জা তী য়   নি রা প ত্তা   এ বং   অ র্থ নী তি র   প্র তি   আ শ ঙ্কা   হি সে বে   বি বে চ না   ক রা   হ য়",77,23
চরক সংহিতা ও সুশ্রুত সংহিতা হল ২৫০০ খ্রিস্টপূর্বাব্দের আশে পাশে তৈরী হোওয়া আয়ুর্বেদশাস্ত্র যা বর্তমানে সম্পূর্ণরূপে উপলব্ধ,চ র ক   সং হি তা   ও   সু শ্রু ত   সং হি তা   হ ল   ২ ৫ ০ ০   খ্রি স্ট পূ র্বা ব্দে র   আ শে   পা শে   তৈ রী   হো ও য় া   আ য় ু র্বে দ শা স্ত্র   যা   ব র্ত মা নে   স ম্পূ র্ণ রূ পে   উ প ল ব্ধ,56,17
হৃদ-শ্বাসযন্ত্রের সহনশীলতা কোনও শারীরিক কাজ অতিক্রমের সময় শরীরের সংবহনতন্ত্র ও শ্বসনতন্ত্রের ইন্ধন যোগানোর ক্ষমতাকে প্রতিফলিত করে,হৃ দ - শ্বা স য ন্ত্রে র   স হ ন শী ল তা   কো ন ও   শা রী রি ক   কা জ   অ তি ক্র মে র   স ম য়   শ রী রে র   সং ব হ ন ত ন্ত্র   ও   শ্ব স ন ত ন্ত্রে র   ই ন্ধ ন   যো গা নো র   ক্ষ ম তা কে   প্র তি ফ লি ত   ক রে,66,16
"আয়ুষ ডাক্তারদের প্রাপ্যতা অনুযায়ী হোমিওপ্যাথি, আয়ুর্বেদ, সিদ্ধ এবং ইউনানী পদ্ধতির ১৮টা জেলার (রাজ্য) মধ্যে ১৩টার জন্য প্রেসক্রিপশনগুলি উপলব্ধ ছিল","আ য ় ু ষ   ডা ক্তা র দে র   প্রা প্য তা   অ নু যা য ় ী   হো মি ও প্যা থি ,   আ য ় ু র্বে দ ,   সি দ্ধ   এ বং   ই উ না নী   প দ্ধ তি র   ১ ৮ টা   জে লা র   ( রা জ্য )   ম ধ্যে   ১ ৩ টা র   জ ন্য   প্রে স ক্রি প শ ন গু লি   উ প ল ব্ধ   ছি ল",76,19
সুলেমানের বাবা-মা বেশ লম্বা ছিলেন,সু লে মা নে র   বা বা - মা   বে শ   ল ম্বা   ছি লে ন,16,5
"উপরন্তু, আয়ুর্বেদ এবং জৈব-ওষুধ অনুশীলনকারীদের মধ্যে যোগাযোগে বাধা, আয়ুর্বেদিক ওষুধ এবং চিকিৎসার সুরক্ষা ও কার্যকারিতার বিষয়ে যৎসামান্য গবেষণা, এবং অপর্যাপ্ত নৈতিক উদ্যোগগুলিকে তাঁরা আয়ুর্বেদ এবং জৈব-ওষুধের কার্যকর মিলনের পথে গুরুত্বপূর্ণ বাধা হিসাবে চিহ্নিত করেছেন","উ প র ন্তু ,   আ য় ু র্বে দ   এ বং   জৈ ব - ও ষু ধ   অ নু শী ল ন কা রী দে র   ম ধ্যে   যো গা যো গে   বা ধা ,   আ য় ু র্বে দি ক   ও ষু ধ   এ বং   চি কি ৎ সা র   সু র ক্ষা   ও   কা র্য কা রি তা র   বি ষ য় ে   য ৎ সা মা ন্য   গ বে ষ ণা ,   এ বং   অ প র্যা প্ত   নৈ তি ক   উ দ্যো গ গু লি কে   তাঁ রা   আ য় ু র্বে দ   এ বং   জৈ ব - ও ষু ধে র   কা র্য ক র   মি ল নে র   প থে   গু রু ত্ব পূ র্ণ   বা ধা   হি সা বে   চি হ্নি ত   ক রে ছে ন",134,34
আয়ুশ পরিষেবার জন্য বেশীমাত্রায় আর্থিক বরাদ্দ দরকার,আ য় ু শ   প রি ষে বা র   জ ন্য   বে শী মা ত্রা য়   আ র্থি ক   ব রা দ্দ   দ র কা র,26,7
"মোট বাজেটের মাত্র ৩% বরাদ্দ চূড়ান্তমাত্রায় অপর্যাপ্ত এবং, বহুল সংখ্যক প্রতিষ্ঠান সহ, সেগুলিতে শুধুমাত্র নিম্নমানের পরিষেবাই নিশ্চিত করা যেতে পারে","মো ট   বা জে টে র   মা ত্র   ৩ %   ব রা দ্দ   চূ ড় া ন্ত মা ত্রা য়   অ প র্যা প্ত   এ বং ,   ব হু ল   সং খ্য ক   প্র তি ষ্ঠা ন   স হ ,   সে গু লি তে   শু ধু মা ত্র   নি ম্ন মা নে র   প রি ষে বা ই   নি শ্চি ত   ক রা   যে তে   পা রে",67,20
"যেহেতু সমীক্ষায় বলা আছে না করতে সেহেতু আপনি যদি কিছু না করেন, সেটা প্রতিরক্ষা হিসেবে যথেষ্ট ভালো নাও হতে পারে","যে হে তু   স মী ক্ষা য়   ব লা   আ ছে   না   ক র তে   সে হে তু   আ প নি   য দি   কি ছু   না   ক রে ন ,   সে টা   প্র তি র ক্ষা   হি সে বে   য থে ষ্ট   ভা লো   না ও   হ তে   পা রে",50,20
বিচক্ষণ ডাক্তার নাকি বিচক্ষণ রোগীঃ কে কার জন্য সিদ্ধান্ত নেয়,বি চ ক্ষ ণ   ডা ক্তা র   না কি   বি চ ক্ষ ণ   রো গীঃ   কে   কা র   জ ন্য   সি দ্ধা ন্ত   নে য়,25,10
"চমকপ্রদভাবে, বিশ্ব স্বাস্থ্য সংস্থা (হু)-র মতে, বর্তমানে শুধুমাত্র ৪৩ কোটি মানুষই যে শ্রবণশক্তি হ্রাসের অক্ষমতা নিয়ে বেঁচে আছে তা-ই নয়, সাঙ্গীতিক অনুষ্ঠান এবং ক্লাব অথবা তাদের যন্ত্রের উচ্চ আওয়াজের সংস্পর্শের কারণে ১২ থেকে ৩৫ বছর বয়সী ১০০ কোটিরও বেশি মানুষের শ্রবণ ক্ষমতা কমে যাওয়ার ঝুঁকি রয়েছে","চ ম ক প্র দ ভা বে ,   বি শ্ব   স্বা স্থ্য   সং স্থা   ( হু ) - র   ম তে ,   ব র্ত মা নে   শু ধু মা ত্র   ৪ ৩   কো টি   মা নু ষ ই   যে   শ্র ব ণ শ ক্তি   হ্রা সে র   অ ক্ষ ম তা   নি য় ে   বেঁ চে   আ ছে   তা - ই   ন য় ,   সা ঙ্গী তি ক   অ নু ষ্ঠা ন   এ বং   ক্লা ব   অ থ বা   তা দে র   য ন্ত্রে র   উ চ্চ   আ ও য় া জে র   সং স্প র্শে র   কা র ণে   ১ ২   থে কে   ৩ ৫   ব ছ র   ব য় সী   ১ ০ ০   কো টি র ও   বে শি   মা নু ষে র   শ্র ব ণ   ক্ষ ম তা   ক মে   যা ও য় া র   ঝুঁ কি   র য় ে ছে",144,46
আমাদের ব্যক্তিগত ঝুঁকি ব্যাখ্যা করা উচিত,আ মা দে র   ব্য ক্তি গ ত   ঝুঁ কি   ব্যা খ্যা   ক রা   উ চি ত,17,6
"কার্যত, বুকের দুধে থাকা পুষ্টির ঘনত্ব, প্রোটিন, কার্বোহাইড্রেট আর ফ্যাট শিশুর বৃদ্ধির ক্ষেত্রে খুবই গুরুত্বপূর্ণ","কা র্য ত ,   বু কে র   দু ধে   থা কা   পু ষ্টি র   ঘ ন ত্ব ,   প্রো টি ন ,   কা র্বো হা ই ড্রে ট   আ র   ফ্যা ট   শি শু র   বৃ দ্ধি র   ক্ষে ত্রে   খু ব ই   গু রু ত্ব পূ র্ণ",48,15
"সুস্থ হয়ে উঠছে মনে হলেও জলে ডুবে দুর্ঘটনার শিকার হওয়া কোনও ব্যক্তির ডাক্তার দ্বারা চিকিৎসার প্রয়োজন, কারণ ১২","সু স্থ   হ য় ে   উ ঠ ছে   ম নে   হ লে ও   জ লে   ডু বে   দু র্ঘ ট না র   শি কা র   হ ও য় া   কো ন ও   ব্য ক্তি র   ডা ক্তা র   দ্বা রা   চি কি ৎ সা র   প্র য় ো জ ন ,   কা র ণ   ১ ২",56,18
"২ বাক্সের ব্যাখ্যা অনুযায়ী, পরবর্তী কালে একটি দ্বিতীয় পর্যায়ের ডুবে যাওযার ঘটনা তার ক্ষেত্রে ঘটতে পারে","২   বা ক্সে র   ব্যা খ্যা   অ নু যা য় ী ,   প র ব র্তী   কা লে   এ ক টি   দ্বি তী য়   প র্যা য় ে র   ডু বে   যা ও যা র   ঘ ট না   তা র   ক্ষে ত্রে   ঘ ট তে   পা রে",47,16
পরিপূরক ঔষধের ক্ষেত্রে ভারতের তুলনামূলক সুবিধা রয়েছে এবং এই ক্ষেত্রে তারা বিশ্বনায়ক হয়ে উঠতে পারে,প রি পূ র ক   ঔ ষ ধে র   ক্ষে ত্রে   ভা র তে র   তু ল না মূ ল ক   সু বি ধা   র য় ে ছে   এ বং   এ ই   ক্ষে ত্রে   তা রা   বি শ্ব না য ় ক   হ য় ে   উ ঠ তে   পা রে,50,15
এর কারণ হল ভারতের নিজস্ব একটি অত্যন্ত সমৃদ্ধ ও পরিপক্ক দেশীয় চিকিৎসাগত ঐতিহ্য এবং পশ্চিমী জৈবচিকিৎসা বিজ্ঞানে শক্তিশালী ভিত রয়েছে,এ র   কা র ণ   হ ল   ভা র তে র   নি জ স্ব   এ ক টি   অ ত্য ন্ত   স মৃ দ্ধ   ও   প রি প ক্ক   দে শী য ়   চি কি ৎ সা গ ত   ঐ তি হ্য   এ বং   প শ্চি মী   জৈ ব চি কি ৎ সা   বি জ্ঞা নে   শ ক্তি শা লী   ভি ত   র য ় ে ছে,66,20
"কোন্ জীবাণুর উপর কাজ করবে সেই অনুযায়ী এইগুলো অ্যান্টি-ভাইরাল, অ্যান্টি-ফাঙ্গাল, অ্যান্টি-প্রোটোজোয়াল এবং অ্যান্টিবায়োটিক হিসেবে বিভাজিত","কো ন্   জী বা ণু র   উ প র   কা জ   ক র বে   সে ই   অ নু যা য় ী   এ ই গু লো   অ ্ যা ন্টি - ভা ই রা ল ,   অ ্ যা ন্টি - ফা ঙ্গা ল ,   অ ্ যা ন্টি - প্রো টো জো য ় া ল   এ বং   অ ্ যা ন্টি বা য ় ো টি ক   হি সে বে   বি ভা জি ত",75,15
"এগুলির মধ্যে খাদ্য অথবা জল খাওয়া কমে যাওয়া, আলস্য, চোখ থেকে জলীয় অথবা ফ্যাকাশে সাদা শ্লেষ্মা স্রাব, চোখ ফোলা, এবং অস্বাভাবিক (রং ও গঠন) মল অন্তর্ভুক্ত হতে পারে","এ গু লি র   ম ধ্যে   খা দ্য   অ থ বা   জ ল   খা ও য় া   ক মে   যা ও য় া ,   আ ল স্য ,   চো খ   থে কে   জ লী য়   অ থ বা   ফ্যা কা শে   সা দা   শ্লে ষ্মা   স্রা ব ,   চো খ   ফো লা ,   এ বং   অ স্বা ভা বি ক   ( রং   ও   গ ঠ ন )   ম ল   অ ন্ত র্ভু ক্ত   হ তে   পা রে",77,28
"আরেকটি নিরাময়কারী তেজস্ক্রিয় ওষুধের গুরুত্বপূর্ণ স্থানীয়-আঞ্চলিক প্রয়োগ হেপাটোসেলুলার কার্সিনোমা (যকৃৎ ক্যান্সার)-র চিকিৎসায় দেখা গেছে, যেখানে তেজস্ক্রিয় লেবেলযুক্ত নির্দিষ্ট আকারের অণুকণা অথবা তেজস্ক্রিয় লেবেলযুক্ত লিপিওডল (পোস্ত দানার তেল থেকে লব্ধ স্নেহজ অ্যাসিডের অত্যন্ত আঠালো একটি তরল ইথাইল এস্টার) যকৃতের ধমনীর মাধ্যমে রোগীর শরীরে প্রবেশ করানো হয়","আ রে ক টি   নি রা ম য় কা রী   তে জ স্ ক্রি য়   ও ষু ধে র   গু রু ত্ব পূ র্ণ   স্থা নী য় - আ ঞ্চ লি ক   প্র য় ো গ   হে পা টো সে লু লা র   কা র্সি নো মা   ( য কৃ ৎ   ক্যা ন্সা র ) - র   চি কি ৎ সা য়   দে খা   গে ছে ,   যে খা নে   তে জ স্ ক্রি য়   লে বে ল যু ক্ত   নি র্দি ষ্ট   আ কা রে র   অ ণু ক ণা   অ থ বা   তে জ স্ ক্রি য়   লে বে ল যু ক্ত   লি পি ও ড ল   ( পো স্ত   দা না র   তে ল   থে কে   ল ব্ধ   স্নে হ জ   অ ্ যা সি ডে র   অ ত্য ন্ত   আ ঠা লো   এ ক টি   ত র ল   ই থা ই ল   এ স্টা র )   য কৃ তে র   ধ ম নী র   মা ধ্য মে   রো গী র   শ রী রে   প্র বে শ   ক রা নো   হ য়",175,45
"""রেডিয়েশন সিনোভেক্টমি"" অথবা ""রেডিওসিনোভিওরথিসিস"" নামে পরিচিত এই চিকিৎসা পদ্ধতিটিতে আক্রান্ত অস্থিসংযোগের সিনোভিয়াল গহ্বরগুলিতে বিকিরণ লেবেলযুক্ত কণা অথবা বিকিরণ লেবেলযুক্ত কলয়েড প্রয়োগ করা হয়",""" রে ডি য় ে শ ন   সি নো ভে ক্ট মি ""   অ থ বা   "" রে ডি ও সি নো ভি ও র থি সি স ""   না মে   প রি চি ত   এ ই   চি কি ৎ সা   প দ্ধ তি টি তে   আ ক্রা ন্ত   অ স্থি সং যো গে র   সি নো ভি য় া ল   গ হ্ব র গু লি তে   বি কি র ণ   লে বে ল যু ক্ত   ক ণা   অ থ বা   বি কি র ণ   লে বে ল যু ক্ত   ক ল য় ে ড   প্র য় ো গ   ক রা   হ য়",103,23
কক্লিয়ার প্রতিস্থাপন সেইসব মানুষেরও উপকার করে যাদের শ্রবণ ক্ষমতা আরও উল্লেখযোগ্যভাবে হ্রাস পায়,ক ক্লি য ় া র   প্র তি স্থা প ন   সে ই স ব   মা নু ষে র ও   উ প কা র   ক রে   যা দে র   শ্র ব ণ   ক্ষ ম তা   আ র ও   উ ল্লে খ যো গ্য ভা বে   হ্রা স   পা য়,49,13
"শ্রবণসংক্রান্ত অসুবিধাযুক্ত ব্যক্তিরা সাধারণত কথ্য ভাষার মাধ্যমেই কথোপকথন করেন এবং শ্রবণ সহায়ক যন্ত্র, কক্লিয়া প্রতিস্থাপন এবং অন্যান্য যান্ত্রিক সাহায্যের পাশাপাশি শিরোলিপির মাধ্যমেও সুবিধা পেতে পারেন","শ্র ব ণ সং ক্রা ন্ত   অ সু বি ধা যু ক্ত   ব্য ক্তি রা   সা ধা র ণ ত   ক থ্য   ভা ষা র   মা ধ্য মে ই   ক থো প ক থ ন   ক রে ন   এ বং   শ্র ব ণ   স হা য় ক   য ন্ত্র ,   ক ক্লি য় া   প্র তি স্থা প ন   এ বং   অ ন্যা ন্য   যা ন্ত্রি ক   সা হা য্যে র   পা শা পা শি   শি রো লি পি র   মা ধ্য মে ও   সু বি ধা   পে তে   পা রে ন",92,25
মলদ্বার পরীক্ষার পদ্ধতি একটি দ্রুত পদ্ধতি (একজন অভিজ্ঞ ব্যক্তি ১২ মিনিট সময় নেয়),ম ল দ্বা র   প রী ক্ষা র   প দ্ধ তি   এ ক টি   দ্রু ত   প দ্ধ তি   ( এ ক জ ন   অ ভি জ্ঞ   ব্য ক্তি   ১ ২   মি নি ট   স ম য়   নে য় ),40,13
রেডিওফার্মাসিউটিক্যালস অত্যন্ত বিশুদ্ধ তেজস্ক্রিয় ওষধি দ্রব্য যা মানুষের উপর প্রয়োগ করার ক্ষেত্রে যথেষ্ট নিরাপদ এবং হয় রোগ নির্ণয়ের ক্ষেত্রে বা মানুষের বিভিন্ন ধরনের অসুস্থতার জন্য চিকিৎসা ক্ষেত্রে ব্যবহার করা হয়,রে ডি ও ফা র্মা সি উ টি ক্যা ল স   অ ত্য ন্ত   বি শু দ্ধ   তে জ স্ ক্রি য ়   ও ষ ধি   দ্র ব্য   যা   মা নু ষে র   উ প র   প্র য় ো গ   ক রা র   ক্ষে ত্রে   য থে ষ্ট   নি রা প দ   এ বং   হ য়   রো গ   নি র্ণ য ় ে র   ক্ষে ত্রে   বা   মা নু ষে র   বি ভি ন্ন   ধ র নে র   অ সু স্থ তা র   জ ন্য   চি কি ৎ সা   ক্ষে ত্রে   ব্য ব হা র   ক রা   হ য়,99,30
জীবাণুরোধীর অপব্যবহার ও অতিরিক্ত ব্যবহার এই প্রক্রিয়ার গতিবৃদ্ধি করছে,জী বা ণু রো ধী র   অ প ব্য ব হা র   ও   অ তি রি ক্ত   ব্য ব হা র   এ ই   প্র ক্রি য় া র   গ তি বৃ দ্ধি   ক র ছে,35,9
সুকৌশলী পরিকল্পনা একটি সমন্বিত ও সহযোগীমূলক ওয়ান হেলথ নীতির ঘোষণা করে যার মধ্যে সরকার এবং অন্যান্য বিভাগের প্রধান অংশীদাররা জড়িত,সু কে ৗ শ লী   প রি ক ল্প না   এ ক টি   স ম ন্বি ত   ও   স হ যো গী মূ ল ক   ও য় া ন   হে ল থ   নী তি র   ঘো ষ ণা   ক রে   যা র   ম ধ্যে   স র কা র   এ বং   অ ন্যা ন্য   বি ভা গে র   প্র ধা ন   অ ং শী দা র রা   জ ড় ি ত,70,20
প্রতিষ্ঠানের ও,প্র তি ষ্ঠা নে র   ও,6,2
পি,পি,1,1
ডি ও আই,ডি   ও   আ ই,4,3
পি,পি,1,1
ডি-তে রোগীর উপস্থিতি সমানে বেড়েছে,ডি - তে   রো গী র   উ প স্থি তি   স মা নে   বে ড় ে ছে,17,5
একটা চিকিৎসা ও আইন সংক্রান্ত দিক রয়েছে,এ ক টা   চি কি ৎ সা   ও   আ ই ন   সং ক্রা ন্ত   দি ক   র য় ে ছে,20,7
"বিভিন্ন রাজ্যে গুণমানটি ভিন্ন হলেও প্রায় সব রাজ্যেই পরিকাঠামোর গুণমান, মানব সম্পদের উপস্থিতি, ওষুধের যোগান, এবং নথিগুলি অসন্তোষজনক ছিল","বি ভি ন্ন   রা জ্যে   গু ণ মা ন টি   ভি ন্ন   হ লে ও   প্রা য়   স ব   রা জ্যে ই   প রি কা ঠা মো র   গু ণ মা ন ,   মা ন ব   স ম্প দে র   উ প স্থি তি ,   ও ষু ধে র   যো গা ন ,   এ বং   ন থি গু লি   অ স ন্তো ষ জ ন ক   ছি ল",68,19
স্বাস্থ্য বিবরণ কীভাবে তৈরি করতে হয় তার জন্য কোনও জাতীয় নকশা নেই,স্বা স্থ্য   বি ব র ণ   কী ভা বে   তৈ রি   ক র তে   হ য়   তা র   জ ন্য   কো ন ও   জা তী য়   ন ক শা   নে ই,31,12
জাতীয় গ্রামীণ স্বাস্থ্য মিশন (এন,জা তী য়   গ্রা মী ণ   স্বা স্থ্য   মি শ ন   ( এ ন,14,5
আর,আ র,2,1
এইচ,এ ই চ,3,1
এম)-এর মতো কর্মসূচির মাধ্যমে ভারত জুড়ে আয়ুর্বেদ ও জৈব চিকিৎসা কেন্দ্রগুলিকে সহ-অবস্থিত করার প্রচেষ্টা শুধুমাত্র জৈবচিকিৎসা এবং আয়ুর্বেদের মধ্যে শারীরিক নৈকট্য অবধিই সীমাবদ্ধ এবং একসঙ্গে চিকিৎসা পরিষেবা প্রদানের মূলীয় স্তরে কার্যকরী মিলনের সম্ভাবনা থেকে অনেক দূরে,এ ম ) - এ র   ম তো   ক র্ম সূ চি র   মা ধ্য মে   ভা র ত   জু ড় ে   আ য় ু র্বে দ   ও   জৈ ব   চি কি ৎ সা   কে ন্দ্র গু লি কে   স হ - অ ব স্থি ত   ক রা র   প্র চে ষ্টা   শু ধু মা ত্র   জৈ ব চি কি ৎ সা   এ বং   আ য় ু র্বে দে র   ম ধ্যে   শা রী রি ক   নৈ ক ট্য   অ ব ধি ই   সী মা ব দ্ধ   এ বং   এ ক স ঙ্গে   চি কি ৎ সা   প রি ষে বা   প্র দা নে র   মূ লী য়   স্ত রে   কা র্য ক রী   মি ল নে র   স ম্ভা ব না   থে কে   অ নে ক   দূ রে,129,36
যদি পশুর পালের মধ্যে কোনও পশু অন্যান্য পশুদের থেকে দূরে দূরে থাকে তাহলে সেটা ইঙ্গিত করে যে পশুটি কোনও স্বাস্থ্যজনিত সমস্যায় ভুগছে,য দি   প শু র   পা লে র   ম ধ্যে   কো ন ও   প শু   অ ন্যা ন্য   প শু দে র   থে কে   দূ রে   দূ রে   থা কে   তা হ লে   সে টা   ই ঙ্গি ত   ক রে   যে   প শু টি   কো ন ও   স্বা স্থ্য জ নি ত   স ম স্যা য়   ভু গ ছে,59,22
স্বাস্থ্য আধিকারিকটি আমাকে আবার তার কাছে যেতে দিলেন না বরং আমার কাছে একজন দারোগাকে পাঠানোর জন্য বলতে লাগলেন,স্বা স্থ্য   আ ধি কা রি ক টি   আ মা কে   আ বা র   তা র   কা ছে   যে তে   দি লে ন   না   ব রং   আ মা র   কা ছে   এ ক জ ন   দা রো গা কে   পা ঠা নো র   জ ন্য   ব ল তে   লা গ লে ন,52,18
সাদা তেলে হাইড্রোজেন মেশানোর ফলে ট্রান্স ফ্যাট তৈরি হয় যা বাজারের সেঁকা জিনিস এবং বেশিরভাগ রেস্তরাঁ ও ফাস্ট-ফুড চেইনে রান্নার জন্য ব্যবহৃত হয়,সা দা   তে লে   হা ই ড্রো জে ন   মে শা নো র   ফ লে   ট্রা ন্স   ফ্যা ট   তৈ রি   হ য়   যা   বা জা রে র   সেঁ কা   জি নি স   এ বং   বে শি র ভা গ   রে স্ত রাঁ   ও   ফা স্ট - ফু ড   চে ই নে   রা ন্না র   জ ন্য   ব্য ব হৃ ত   হ য়,63,23
অসম্পৃক্ত চর্বি হল সেইসব চর্বি যা ঘরের স্বাভাবিক তাপমাত্রা তরল অবস্থায় থাকে,অ স ম্পৃ ক্ত   চ র্বি   হ ল   সে ই স ব   চ র্বি   যা   ঘ রে র   স্বা ভা বি ক   তা প মা ত্রা   ত র ল   অ ব স্থা য়   থা কে,35,12
"বৈষম্য, ক্ষমতার অপব্যবহার, এবং কাজের জায়গা অথবা কাজের সঙ্গে যুক্ত যৌন নিগ্রহ (সম্মিলিতভাবে অপমানজনক ব্যবহার হিসাবে চিহ্নিত) সহ কোনোরকম নিগ্রহের প্রতি সাড়া দেওয়া এবং সবরকম উপযুক্ত পদক্ষেপ গ্রহণ করে তা রোধ করার দায়িত্ব হু-এর রয়েছে","বৈ ষ ম্য ,   ক্ষ ম তা র   অ প ব্য ব হা র ,   এ বং   কা জে র   জা য় গা   অ থ বা   কা জে র   স ঙ্গে   যু ক্ত   যৌ ন   নি গ্র হ   ( স ম্মি লি ত ভা বে   অ প মা ন জ ন ক   ব্য ব হা র   হি সা বে   চি হ্নি ত )   স হ   কো নো র ক ম   নি গ্র হে র   প্র তি   সা ড় া   দে ও য় া   এ বং   স ব র ক ম   উ প যু ক্ত   প দ ক্ষে প   গ্র হ ণ   ক রে   তা   রো ধ   ক রা র   দা য় ি ত্ব   হু - এ র   র য় ে ছে",121,35
কী ক্ষতি,কী   ক্ষ তি,3,2
এই তৃতীয় ধাপের উদ্দেশ্য হল এমন ভাবে ফলাফল পেশ করা এবং জানানো যা সিদ্ধান্ত-গ্রহণকে সমর্থন করবে,এ ই   তৃ তী য়   ধা পে র   উ দ্দে শ্য   হ ল   এ ম ন   ভা বে   ফ লা ফ ল   পে শ   ক রা   এ বং   জা না নো   যা   সি দ্ধা ন্ত - গ্র হ ণ কে   স ম র্থ ন   ক র বে,47,16
"যোগ শব্দটির দু'টি অর্থ আছে; প্রথমটি আসে যুজির অথবা মিলন ধাতু থেকে, এবং দ্বিতীয়টি একটি অন্য ধাতু যুজ থেকে নেওয়া হয়েছে যার অর্থ সমাধি, উচ্চতম মানসিক অবস্থা এবং পরম জ্ঞান","যো গ   শ ব্দ টি র   দু ' টি   অ র্থ   আ ছে ;   প্র থ ম টি   আ সে   যু জি র   অ থ বা   মি ল ন   ধা তু   থে কে ,   এ বং   দ্বি তী য় টি   এ ক টি   অ ন্য   ধা তু   যু জ   থে কে   নে ও য় া   হ য় ে ছে   যা র   অ র্থ   স মা ধি ,   উ চ্চ ত ম   মা ন সি ক   অ ব স্থা   এ বং   প র ম   জ্ঞা ন",85,30
"রোগনির্ণায়ক অথবা নিরামক মাধ্যম হিসাবে ওষুধগুলির কার্যকারিতা প্রমাণ করতে, তেজস্ক্রিয় ঔষধশিল্প সেগুলির রেডিওনিউক্লাইডের নিউক্লীয় বৈশিষ্ট্যের পাশাপাশি ওষুধসমূহের কার্যকরী বৈশিষ্ট্যগুলিকেও কাজে লাগায়","রো গ নি র্ণা য় ক   অ থ বা   নি রা ম ক   মা ধ্য ম   হি সা বে   ও ষু ধ গু লি র   কা র্য কা রি তা   প্র মা ণ   ক র তে ,   তে জ স্ ক্রি য়   ঔ ষ ধ শি ল্প   সে গু লি র   রে ডি ও নি উ ক্লা ই ডে র   নি উ ক্লী য়   বৈ শি ষ্ট্যে র   পা শা পা শি   ও ষু ধ স মূ হে র   কা র্য ক রী   বৈ শি ষ্ট্য গু লি কে ও   কা জে   লা গা য়",95,21
"""গ্রিন ইকোনমি"" নামটা ব্লুপ্রিন্ট ফর আ গ্রিন ইকোনমি শিরোনামে, প্রথম ১৯৮৯-এর একটি প্রতিবেদনে যুক্তরাজ্য সরকারের জন্য একদল মুখ্য পরিবেশ অর্থনীতিবিদের দ্বারা সৃষ্টি হয়েছিল",""" গ্রি ন   ই কো ন মি ""   না ম টা   ব্লু প্রি ন্ট   ফ র   আ   গ্রি ন   ই কো ন মি   শি রো না মে ,   প্র থ ম   ১ ৯ ৮ ৯ - এ র   এ ক টি   প্র তি বে দ নে   যু ক্ত রা জ্য   স র কা রে র   জ ন্য   এ ক দ ল   মু খ্য   প রি বে শ   অ র্থ নী তি বি দে র   দ্বা রা   সৃ ষ্টি   হ য় ে ছি ল",83,23
কিউই ফল থেকে তৈরি নারা আবা নামের একটি হোয়াইট ওয়াইন অরুণাচল প্রদেশ থেকে আসে এবং নিম্ন সুবনসিরি জেলার হং গ্রামের লাম্বু -সুবু খাদ্য ও পানীয় সংস্থা দ্বারা উৎপাদিত হয়,কি উ ই   ফ ল   থে কে   তৈ রি   না রা   আ বা   না মে র   এ ক টি   হো য় া ই ট   ও য় া ই ন   অ রু ণা চ ল   প্র দে শ   থে কে   আ সে   এ বং   নি ম্ন   সু ব ন সি রি   জে লা র   হং   গ্রা মে র   লা ম্বু   - সু বু   খা দ্য   ও   পা নী য়   সং স্থা   দ্বা রা   উ ৎ পা দি ত   হ য়,79,29
"উচ্চতা কমাতে, নীচের দিকে যাওয়ার জন্য বন্ধনমুক্তির বোতামটি টিপুন","উ চ্চ তা   ক মা তে ,   নী চে র   দি কে   যা ও য় া র   জ ন্য   ব ন্ধ ন মু ক্তি র   বো তা ম টি   টি পু ন",32,9
বৃদ্ধির প্রাথমিক পর্যায়ে পশুখাদ্য ফসলে বেশি পরিমাণে প্রোটিন উপাদান থাকে এবং তা সহজপাচ্য হয় কিন্তু তাদের ফলন (মোট পরিমাণ বা জৈবভর) কম থাকে,বৃ দ্ধি র   প্রা থ মি ক   প র্যা য় ে   প শু খা দ্য   ফ স লে   বে শি   প রি মা ণে   প্রো টি ন   উ পা দা ন   থা কে   এ বং   তা   স হ জ পা চ্য   হ য়   কি ন্তু   তা দে র   ফ ল ন   ( মো ট   প রি মা ণ   বা   জৈ ব ভ র )   ক ম   থা কে,68,23
"পরীক্ষামূলক ভাবনার আবেগে পূর্ণ এবং আত্মবিশ্বাস এবং সঙ্কল্পে ভরপুর, উখরুলের জেইনোরিন কোনও সাধারণ উদ্যোক্তা নন","প রী ক্ষা মূ ল ক   ভা ব না র   আ বে গে   পূ র্ণ   এ বং   আ ত্ম বি শ্বা স   এ বং   স ঙ্ক ল্পে   ভ র পু র ,   উ খ রু লে র   জে ই নো রি ন   কো ন ও   সা ধা র ণ   উ দ্যো ক্তা   ন ন",54,15
"মূলত এতে জৈব পদার্থ তৈরি হয়, যা বিভিন্ন পন্থায় যেমন তাপ রূপান্তর, রাসায়নিক রূপান্তর ও জৈব রাসায়নিক রূপান্তরের মাধ্যমে উপযুক্ত শক্তি আছে এমন সামগ্রীতে পরিণত করা যায়","মূ ল ত   এ তে   জৈ ব   প দা র্থ   তৈ রি   হ য় ,   যা   বি ভি ন্ন   প ন্থা য়   যে ম ন   তা প   রূ পা ন্ত র ,   রা সা য ় নি ক   রূ পা ন্ত র   ও   জৈ ব   রা সা য ় নি ক   রূ পা ন্ত রে র   মা ধ্য মে   উ প যু ক্ত   শ ক্তি   আ ছে   এ ম ন   সা ম গ্রী তে   প রি ণ ত   ক রা   যা য়",82,27
এইগুলো জ্বালানি যেমন কয়লা ও পেট্রোলিয়ামের মতো ভূতাত্ত্বিক প্রক্রিয়ার মাধ্যমে তৈরি হওয়ার পরিবর্তে জৈবিক প্রক্রিয়ার মাধ্যমে উৎপন্ন হয়,এ ই গু লো   জ্বা লা নি   যে ম ন   ক য় লা   ও   পে ট্রো লি য় া মে র   ম তো   ভূ তা ত্ত্বি ক   প্র ক্রি য ় া র   মা ধ্য মে   তৈ রি   হ ও য় া র   প রি ব র্তে   জৈ বি ক   প্র ক্রি য ় া র   মা ধ্য মে   উ ৎ প ন্ন   হ য়,65,18
দীপ মডার্ন চুলহা সোসাইটি অফ ডেভেলপমেন্ট অ্যাণ্ড এনভায়রনমেন্ট প্রোটেকশন (ডীপ) আধুনিক দীপ চুলহা বানিয়েছে যা কাঠের ব্যবহার ৫০ শতাংশ কমিয়ে আনার জন্য জৈব পদার্থের ব্যবহার করে,দী প   ম ডা র্ন   চু ল হা   সো সা ই টি   অ ফ   ডে ভে ল প মে ন্ট   অ ্ যা ণ্ড   এ ন ভা য ় র ন মে ন্ট   প্রো টে ক শ ন   ( ডী প )   আ ধু নি ক   দী প   চু ল হা   বা নি য় ে ছে   যা   কা ঠে র   ব্য ব হা র   ৫ ০   শ তাং শ   ক মি য় ে   আ না র   জ ন্য   জৈ ব   প দা র্থে র   ব্য ব হা র   ক রে,90,26
"১৯৭-এর গেজেট বিজ্ঞপ্তি জানায় যে, ২০২০-র মধ্যে দেশীয় শাবকদের হয়ে গিয়েছিল","১ ৯ ৭ - এ র   গে জে ট   বি জ্ঞ প্তি   জা না য়   যে ,   ২ ০ ২ ০ - র   ম ধ্যে   দে শী য়   শা ব ক দে র   হ য় ে   গি য় ে ছি ল",41,11
পয়ঃপ্রণালী ব্যবস্থায় ঘাটতি থাকা গ্রামগুলি এবং শহরের বস্তিগুলিতে স্বাস্থ্যকর স্বাস্থ্যবিধির জন্য জৈব-শৌগাগারজনিত সমাধানের সৃষ্টি করেছে এনবায়োলেট সবুজ সমাধান সংস্থা (জি,প য় ঃ প্র ণা লী   ব্য ব স্থা য়   ঘা ট তি   থা কা   গ্রা ম গু লি   এ বং   শ হ রে র   ব স্তি গু লি তে   স্বা স্থ্য ক র   স্বা স্থ্য বি ধি র   জ ন্য   জৈ ব - শৌ গা গা র জ নি ত   স মা ধা নে র   সৃ ষ্টি   ক রে ছে   এ ন বা য় ো লে ট   স বু জ   স মা ধা ন   সং স্থা   ( জি,79,20
এস,এ স,2,1
এফ),এ ফ ),3,1
আমদানির বিকল্পের জন্য ২০২৪ সালের মধ্যে আই,আ ম দা নি র   বি ক ল্পে র   জ ন্য   ২ ০ ২ ৪   সা লে র   ম ধ্যে   আ ই,22,7
সি,সি,1,1
এ,এ,1,1
আর ক্ষেত ও উদ্যানপালন সংক্রান্ত ফসলের ৩০টি প্রক্রিয়াযোগ্য জাতের বৃদ্ধি ঘটাবে বলে লক্ষ্য নিয়েছে,আ র   ক্ষে ত   ও   উ দ্যা ন পা ল ন   সং ক্রা ন্ত   ফ স লে র   ৩ ০ টি   প্র ক্রি য ় া যো গ্য   জা তে র   বৃ দ্ধি   ঘ টা বে   ব লে   ল ক্ষ্য   নি য় ে ছে,44,14
"তেজস্ক্রিয় আইসোটোপের ক্রমবর্ধমান চাহিদা এবং পারমাণবিক বিজ্ঞানে উন্নত গবেষণার পূর্বাভাস পেয়ে, ১৯৭০-এই তুলনামূলকভাবে উচ্চতর নিউট্রন প্রবাহ যুক্ত আরেকটি পারমাণবিক চুল্লির প্রয়োজনীয়তা অনুভূত হয়েছিল, যার ফলে ট্রম্বের বার্ক-এ শেষ পর্যন্ত আর-৫ (পরবর্তীকালে ধ্রুব পারমাণবিক চুল্লি নামে পরিচিত) পারমাণবিক চুল্লিটির নির্মাণ এবং সম্পাদন কার্যকর হয়েছিল","তে জ স্ ক্রি য়   আ ই সো টো পে র   ক্র ম ব র্ধ মা ন   চা হি দা   এ বং   পা র মা ণ বি ক   বি জ্ঞা নে   উ ন্ন ত   গ বে ষ ণা র   পূ র্বা ভা স   পে য় ে ,   ১ ৯ ৭ ০ - এ ই   তু ল না মূ ল ক ভা বে   উ চ্চ ত র   নি উ ট্র ন   প্র বা হ   যু ক্ত   আ রে ক টি   পা র মা ণ বি ক   চু ল্লি র   প্র য় ো জ নী য় তা   অ নু ভূ ত   হ য় ে ছি ল ,   যা র   ফ লে   ট্র ম্বে র   বা র্ক - এ   শে ষ   প র্য ন্ত   আ র - ৫   ( প র ব র্তী কা লে   ধ্রু ব   পা র মা ণ বি ক   চু ল্লি   না মে   প রি চি ত )   পা র মা ণ বি ক   চু ল্লি টি র   নি র্মা ণ   এ বং   স ম্পা দ ন   কা র্য ক র   হ য় ে ছি ল",177,43
"এইচএলএলডব্লু-র মধ্যে বিদারক দ্রব্য, লঘু অ্যাক্টিনাইড, ইউরেনিয়াম ও প্লুটোনিয়ামের চিহ্নমাত্র, জারক দ্রব্য, এবং পুনরায় প্রক্রিয়াকরণের সময়কার রাসায়নিক সমূহ থাকে","এ ই চ এ ল এ ল ড ব্লু - র   ম ধ্যে   বি দা র ক   দ্র ব্য ,   ল ঘু   অ ্ যা ক্টি না ই ড ,   ই উ রে নি য় া ম   ও   প্লু টো নি য় া মে র   চি হ্ন মা ত্র ,   জা র ক   দ্র ব্য ,   এ বং   পু ন রা য়   প্র ক্রি য় া ক র ণে র   স ম য় কা র   রা সা য় নি ক   স মূ হ   থা কে",85,19
"কোনও নিষ্ক্রিয় কাঁচ (কাঁচ-জাতীয়) ছাঁচে এইচএলএলডবলু অচল হয়ে যায়, কয়েক দশকের জন্য কোনও ভুগর্ভস্থ বাতানুকূল ভাণ্ডারে সংরক্ষিত থাকে, এবং পরে কোনও গভীর আধারে ঢেলে দেওয়ার জন্য পরিকল্পিত হয়","কো ন ও   নি ষ্ ক্রি য়   কাঁ চ   ( কাঁ চ - জা তী য় )   ছাঁ চে   এ ই চ এ ল এ ল ড ব লু   অ চ ল   হ য় ে   যা য় ,   ক য় ে ক   দ শ কে র   জ ন্য   কো ন ও   ভু গ র্ভ স্থ   বা তা নু কূ ল   ভা ণ্ডা রে   সং র ক্ষি ত   থা কে ,   এ বং   প রে   কো ন ও   গ ভী র   আ ধা রে   ঢে লে   দে ও য় া র   জ ন্য   প রি ক ল্পি ত   হ য়",99,28
"জার্সি গরু প্রায় ৫ শতাংশ স্নেহপদার্থ যুক্ত দুধ দেয়, যেখানে হলস্টাইন-ফ্রিসন-এর দুধে প্রায় ৩","জা র্সি   গ রু   প্রা য়   ৫   শ তাং শ   স্নে হ প দা র্থ   যু ক্ত   দু ধ   দে য় ,   যে খা নে   হ ল স্টা ই ন - ফ্রি স ন - এ র   দু ধে   প্রা য়   ৩",42,14
৫ শতাংশ স্নেহপদার্থ থাকে,৫   শ তাং শ   স্নে হ প দা র্থ   থা কে,11,4
"মানুষের নিরাপত্তা মূলত সকল মানুষ যেমন গ্রাহক, কর্মী ও পরিচালকবর্গের স্বাস্থ্য, স্বাস্থ্যবিধি এবং পরিবেশের উপর মনোনিবেশ করে","মা নু ষে র   নি রা প ত্তা   মূ ল ত   স ক ল   মা নু ষ   যে ম ন   গ্রা হ ক ,   ক র্মী   ও   প রি চা ল ক ব র্গে র   স্বা স্থ্য ,   স্বা স্থ্য বি ধি   এ বং   প রি বে শে র   উ প র   ম নো নি বে শ   ক রে",59,17
দ্বিতীয় চক্রের লক্ষ্য সিজিয়াম উদ্ধার করা হলেও এইচএলএলডব্লু থেকে স্ট্রন্টিয়াম-অ্যাক্টিনাইড-ল্যান্থানাইড সংযুক্ত পৃথকীকরণটি তৃতীয় চক্রেই সম্পাদিত হয়,দ্বি তী য়   চ ক্রে র   ল ক্ষ্য   সি জি য় া ম   উ দ্ধা র   ক রা   হ লে ও   এ ই চ এ ল এ ল ড ব্লু   থে কে   স্ট্র ন্টি য় া ম - অ ্ যা ক্টি না ই ড - ল্যা ন্থা না ই ড   সং যু ক্ত   পৃ থ কী ক র ণ টি   তৃ তী য়   চ ক্রে ই   স ম্পা দি ত   হ য়,73,16
"কম কম্পাঙ্কে ক্ষুদ্র তরঙ্গের কাছে জলবায়ু স্বচ্ছ হওয়ায় ও মেঘ ভেদ করে যেতে পারায় মাইক্রোওয়েভ রিমোট সেন্সিং প্রযুক্তির সবরকম আবহাওয়া সহন ক্ষমতা রয়েছে, এবং মাইক্রোওয়েভের সেন্সরগুলি সূর্যের আলোর প্রভাবমুক্ত হওয়ায় সেগুলি দিনে ও রাতে ব্যবহারের উপযুক্ত","ক ম   ক ম্পা ঙ্কে   ক্ষু দ্র   ত র ঙ্গে র   কা ছে   জ ল বা য় ু   স্ব চ্ছ   হ ও য় া য়   ও   মে ঘ   ভে দ   ক রে   যে তে   পা রা য়   মা ই ক্রো ও য় ে ভ   রি মো ট   সে ন্সিং   প্র যু ক্তি র   স ব র ক ম   আ ব হা ও য় া   স হ ন   ক্ষ ম তা   র য় ে ছে ,   এ বং   মা ই ক্রো ও য় ে ভে র   সে ন্স র গু লি   সূ র্যে র   আ লো র   প্র ভা ব মু ক্ত   হ ও য় া য়   সে গু লি   দি নে   ও   রা তে   ব্য ব হা রে র   উ প যু ক্ত",123,36
পারমাণবিক বিদারণের জন্য পারমাণবিক বিদ্যুৎ কেন্দ্রগুলিতে ইউরেনিয়ামকে হয় প্রাকৃতিক ভাবে বা সমৃদ্ধ অবস্থায় সাধারণত জ্বালানি হিসেবে ব্যবহার করা হয়,পা র মা ণ বি ক   বি দা র ণে র   জ ন্য   পা র মা ণ বি ক   বি দ্যু ৎ   কে ন্দ্র গু লি তে   ই উ রে নি য ় া ম কে   হ য়   প্রা কৃ তি ক   ভা বে   বা   স মৃ দ্ধ   অ ব স্থা য়   সা ধা র ণ ত   জ্বা লা নি   হি সে বে   ব্য ব হা র   ক রা   হ য়,71,19
"এছাড়া, সয়াবিনে উৎপাদনসংক্রান্ত প্রারম্ভিকতা সংযুক্ত হয়েছে","এ ছা ড় া ,   স য় া বি নে   উ ৎ পা দ ন সং ক্রা ন্ত   প্রা র ম্ভি ক তা   সং যু ক্ত   হ য় ে ছে",30,6
দেওয়ালটির সম্পূর্ণ দৈর্ঘ্য একসঙ্গে শেষ করা না গেলে ভাগে ভাগে নির্মাণের পদ্ধতিটি কার্যকর,দে ও য় া ল টি র   স ম্পূ র্ণ   দৈ র্ঘ্য   এ ক স ঙ্গে   শে ষ   ক রা   না   গে লে   ভা গে   ভা গে   নি র্মা ণে র   প দ্ধ তি টি   কা র্য ক র,39,13
"জৈব চাষ ও অন্যান্য কলা-কৌশল যা মাটি এবং পরিবেশকে পুনরুদ্ধার, পুনরুজ্জীবিত ও পুনরানয়ন করে এমন রাসায়নিক মুক্ত চাষের প্রতি এটি সংশ্লিষ্ট সকলের মনোযোগ আকর্ষণ করেছে","জৈ ব   চা ষ   ও   অ ন্যা ন্য   ক লা - কৌ শ ল   যা   মা টি   এ বং   প রি বে শ কে   পু ন রু দ্ধা র ,   পু ন রু জ্জী বি ত   ও   পু ন রা ন য ় ন   ক রে   এ ম ন   রা সা য ় নি ক   মু ক্ত   চা ষে র   প্র তি   এ টি   সং শ্লি ষ্ট   স ক লে র   ম নো যো গ   আ ক র্ষ ণ   ক রে ছে",82,25
১৫°-২৭° সেলসিয়াসের সর্বাপেক্ষা অনুকূল তাপমাত্রা এবং ৭৫ শতাংশ আপেক্ষিক আর্দ্রতা সহ দিনমানে ২৪°-২৭° সেলসিয়াস এবং রাত্রে ১৫°-১৭° সেলসিয়াস তাপমাত্রার প্রয়োজন,১ ৫ ° - ২ ৭ °   সে ল সি য় া সে র   স র্বা পে ক্ষা   অ নু কূ ল   তা প মা ত্রা   এ বং   ৭ ৫   শ তাং শ   আ পে ক্ষি ক   আ র্দ্র তা   স হ   দি ন মা নে   ২ ৪ ° - ২ ৭ °   সে ল সি য় া স   এ বং   রা ত্রে   ১ ৫ ° - ১ ৭ °   সে ল সি য় া স   তা প মা ত্রা র   প্র য় ো জ ন,86,20
"ডিজিটাল বাণিজ্য: মেনা অঞ্চলের তরুণদের জন্য সুযোগ, এসডিজি আলোকচিত্র প্রদর্শনীর জন্য ছোট ব্যবসা, ক্রীড়ায় তরুণ উদ্যোক্তা এবং নারীদের জন্য বিনিয়োগ-এর মতো বিভিন্ন অনুষ্ঠানের আয়োজন করছে আন্তর্জাতিক বাণিজ্য কেন্দ্র, তারা ছোট ব্যবসা এবং উদ্যোক্তাদের প্রয়োজনগুলি তুলে ধরার পাশাপাশি তাদের বেড়ে ওঠার সময় সহায়তা প্রদানের দিকে জোর দিচ্ছে","ডি জি টা ল   বা ণি জ্য :   মে না   অ ঞ্চ লে র   ত রু ণ দে র   জ ন্য   সু যো গ ,   এ স ডি জি   আ লো ক চি ত্র   প্র দ র্শ নী র   জ ন্য   ছো ট   ব্য ব সা ,   ক্রী ড় া য়   ত রু ণ   উ দ্যো ক্তা   এ বং   না রী দে র   জ ন্য   বি নি য় ো গ - এ র   ম তো   বি ভি ন্ন   অ নু ষ্ঠা নে র   আ য় ো জ ন   ক র ছে   আ ন্ত র্জা তি ক   বা ণি জ্য   কে ন্দ্র ,   তা রা   ছো ট   ব্য ব সা   এ বং   উ দ্যো ক্তা দে র   প্র য় ো জ ন গু লি   তু লে   ধ রা র   পা শা পা শি   তা দে র   বে ড় ে   ও ঠা র   স ম য়   স হা য় তা   প্র দা নে র   দি কে   জো র   দি চ্ছে",158,46
"এই প্রক্রিয়ায় একটি জৈব প্রবাহের মধ্যে দ্রাবক, নির্বাচনী নিষ্কাশনের চিহ্ন এবং জলীয় বর্জ্যকে শক্তিশালী আলোড়নের মাধ্যমে ঘনিষ্ঠ যোগাযোগে রাখা হয়","এ ই   প্র ক্রি য় া য়   এ ক টি   জৈ ব   প্র বা হে র   ম ধ্যে   দ্রা ব ক ,   নি র্বা চ নী   নি ষ্কা শ নে র   চি হ্ন   এ বং   জ লী য ়   ব র্জ্য কে   শ ক্তি শা লী   আ লে া ড ় নে র   মা ধ্য মে   ঘ নি ষ্ঠ   যো গা যো গে   রা খা   হ য ়",68,20
প্রতিটি পেন্সিলে সিজিয়াম কাঁচের সুনির্দিষ্ট নিয়ন্ত্রণ সহ Cs কাঁচ পেন্সিল তৈরির সিজিয়াম কাঁচ-সম্বলিত বণ্টকটি নিবেদিত পুনর্গলন চুল্লিতে দূর থেকে জোড়া দেওয়া হয়,প্র তি টি   পে ন্সি লে   সি জি য় া ম   কাঁ চে র   সু নি র্দি ষ্ট   নি য় ন্ত্র ণ   স হ   C s   কাঁ চ   পে ন্সি ল   তৈ রি র   সি জি য় া ম   কাঁ চ - স ম্ব লি ত   ব ণ্ট ক টি   নি বে দি ত   পু ন র্গ ল ন   চু ল্লি তে   দূ র   থে কে   জো ড় া   দে ও য় া   হ য়,75,22
"উপরন্তু, নির্ভরযোগ্য ও সময়মতো অনুমান এবং মরশুমি শস্যের মোট খেতের পরিমাণ ও উৎপাদন অনুমানগুলি আমদানি/রপ্তানি, মূল্য নির্ধারণ এবং গণ বণ্টনের মতো বিপণন কৌশল রূপায়ণের ক্ষেত্রে গুরুত্বপূর্ণ","উ প র ন্তু ,   নি র্ভ র যো গ্য   ও   স ম য় ম তো   অ নু মা ন   এ বং   ম র শু মি   শ স্যে র   মো ট   খে তে র   প রি মা ণ   ও   উ ৎ পা দ ন   অ নু মা ন গু লি   আ ম দা নি / র প্তা নি ,   মূ ল্য   নি র্ধা র ণ   এ বং   গ ণ   ব ণ্ট নে র   ম তো   বি প ণ ন   কৌ শ ল   রূ পা য় ণে র   ক্ষে ত্রে   গু রু ত্ব পূ র্ণ",94,26
"কৃষিকাজের (অনুভূমিক পদ্ধতি) জন্য অতিরিক্ত জমি দখলে আনা এবং উন্নত ফসল ব্যবস্থাপনার (উল্লম্ব পদ্ধতি) প্রযুক্তি যেমন উচ্চ ফলনশীল, প্রয়োগে সাড়া দেওয়া, শক্তি-নিবিড়, চাপ সহনশীল প্রকারের ব্যবহার, জলসেচ বৃদ্ধি এবং সমন্বিত ফসলের পুষ্টি ও সুরক্ষার দ্বারা ফসল উৎপাদনে উল্লেখযোগ্য বৃদ্ধি সম্ভব","কৃ ষি কা জে র   ( অ নু ভূ মি ক   প দ্ধ তি )   জ ন্য   অ তি রি ক্ত   জ মি   দ খ লে   আ না   এ বং   উ ন্ন ত   ফ স ল   ব্য ব স্থা প না র   ( উ ল্ল ম্ব   প দ্ধ তি )   প্র যু ক্তি   যে ম ন   উ চ্চ   ফ ল ন শী ল ,   প্র য় ো গে   সা ড় া   দে ও য় া ,   শ ক্তি - নি বি ড় ,   চা প   স হ ন শী ল   প্র কা রে র   ব্য ব হা র ,   জ ল সে চ   বৃ দ্ধি   এ বং   স ম ন্বি ত   ফ স লে র   পু ষ্টি   ও   সু র ক্ষা র   দ্বা রা   ফ স ল   উ ৎ পা দ নে   উ ল্লে খ যো গ্য   বৃ দ্ধি   স ম্ভ ব",142,40
সামনের বসার জায়গা দুটির মাঝখানের জায়গাটিতে গিয়ার পরিবর্তনকারী লিভারটি অবস্থিত থাকে,সা ম নে র   ব সা র   জা য় গা   দু টি র   মা ঝ খা নে র   জা য় গা টি তে   গি য় া র   প রি ব র্ত ন কা রী   লি ভা র টি   অ ব স্থি ত   থা কে,44,11
"কিন্তু, এই পরিবর্তনের কৃতিত্ব শুধুমাত্র প্রযুক্তির ধরে নিলে তা ত্রুটিপূর্ণ হবে","কি ন্তু ,   এ ই   প রি ব র্ত নে র   কৃ তি ত্ব   শু ধু মা ত্র   প্র যু ক্তি র   ধ রে   নি লে   তা   ত্রু টি পূ র্ণ   হ বে",33,11
প্রতিটি রাজ্যের সুবিধার গুণমানের জন্য এই সবকটি ধ্রুবকের সূচককে একত্রিত করে একটি গুণগত মান গঠন করা হয়েছিল,প্র তি টি   রা জ্যে র   সু বি ধা র   গু ণ মা নে র   জ ন্য   এ ই   স ব ক টি   ধ্রু ব কে র   সূ চ ক কে   এ ক ত্রি ত   ক রে   এ ক টি   গু ণ গ ত   মা ন   গ ঠ ন   ক রা   হ য় ে ছি ল,56,17
"দৈর্ঘ্য, বাইরের এবং ভিতরের ব্যাসগুলির হিসাব করতে এই ক্যালিপারগুলি ব্যবহার করা যেতে পারে","দৈ র্ঘ্য ,   বা ই রে র   এ বং   ভি ত রে র   ব্যা স গু লি র   হি সা ব   ক র তে   এ ই   ক্যা লি পা র গু লি   ব্য ব হা র   ক রা   যে তে   পা রে",42,13
গাঁথনির কাজে ব্যবহার করার আগে ইঁটের মজবুতি এবং স্থায়িত্ব পরীক্ষা করা উচিত,গাঁ থ নি র   কা জে   ব্য ব হা র   ক রা র   আ গে   ই ঁ টে র   ম জ বু তি   এ বং   স্থা য় ি ত্ব   প রী ক্ষা   ক রা   উ চি ত,37,12
সম্ভাব্য কম খরিফ ধান উৎপাদনের কারণে খাদ্যশস্য মূল্যের ধাক্কা গম থেকে চালে ছড়িয়ে পড়ছে,স ম্ভা ব্য   ক ম   খ রি ফ   ধা ন   উ ৎ পা দ নে র   কা র ণে   খা দ্য শ স্য   মূ ল্যে র   ধা ক্কা   গ ম   থে কে   চা লে   ছ ড় ি য় ে   প ড় ছে,42,14
ভারত সরকার এবং অন্যান্য অংশীদারদের কর্মশীল প্রচেষ্টার ফলে আয়ুর্বেদের প্রসার ব্যাপক ভোক্তা সমর্থনের সঙ্গে অনেকদূর বেড়েছে,ভা র ত   স র কা র   এ বং   অ ন্যা ন্য   অ ং শী দা র দে র   ক র্ম শী ল   প্র চে ষ্টা র   ফ লে   আ য় ু র্বে দে র   প্র সা র   ব্যা প ক   ভো ক্তা   স ম র্থ নে র   স ঙ্গে   অ নে ক দূ র   বে ড় ে ছে,59,16
"এছাড়াও, নিরাময়কারী প্রয়োগ ছাড়া তেজস্ক্রিয় আইসোটোপটি ব্যবহারকালে তেজস্ক্রিয়তার কোনওরকম অনিচ্ছাকৃত বিমুক্তি ঘটা আটকাতে সেটিকে কোনও অপরিশোধনীয় অবস্থায় রূপান্তরিত করে নিতে হবে","এ ছা ড় া ও ,   নি রা ম য় কা রী   প্র য় ো গ   ছা ড় া   তে জ স্ ক্রি য়   আ ই সো টো প টি   ব্য ব হা র কা লে   তে জ স্ ক্রি য় তা র   কো ন ও র ক ম   অ নি চ্ছা কৃ ত   বি মু ক্তি   ঘ টা   আ ট কা তে   সে টি কে   কো ন ও   অ প রি শো ধ নী য়   অ ব স্থা য়   রূ পা ন্ত রি ত   ক রে   নি তে   হ বে",91,21
"কোনও মৌলিক পদার্থের তেজস্ক্রিয় রূপ ব্যবহারের সময়, প্রথমত এটিকে তেজস্ক্রিয়-রাসায়নিকের বিশুদ্ধ অবস্থায় এইচ","কো ন ও   মৌ লি ক   প দা র্থে র   তে জ স্ ক্রি য়   রূ প   ব্য ব হা রে র   স ম য় ,   প্র থ ম ত   এ টি কে   তে জ স্ ক্রি য় - রা সা য ় নি কে র   বি শু দ্ধ   অ ব স্থা য়   এ ই চ",56,13
এল,এ ল,2,1
এল,এ ল,2,1
ডবলু থেকে আলাদা করতে হবে,ড ব লু   থে কে   আ লা দা   ক র তে   হ বে,13,5
"আমানতের দাবিপত্রটিতে কাঙ্ক্ষিত দ্রব্যগুলির তথ্য, সম্ভাব্য বিক্রেতাদের বিস্তারিত তথ্য, সরবরাহ নির্দেশাবলী, বিস্তারিত হিসাব, যোগাযোগ তথ্য ইত্যাদি থাকে","আ মা ন তে র   দা বি প ত্র টি তে   কা ঙ্ক্ষি ত   দ্র ব্য গু লি র   ত থ্য ,   স ম্ভা ব্য   বি ক্রে তা দে র   বি স্তা রি ত   ত থ্য ,   স র ব রা হ   নি র্দে শা ব লী ,   বি স্তা রি ত   হি সা ব ,   যো গা যো গ   ত থ্য   ই ত্যা দি   থা কে",67,17
তা হল আন্তর্জালের মাধ্যমে পণ্য ও পরিষেবার বিকিকিনি,তা   হ ল   আ ন্ত র্জা লে র   মা ধ্য মে   প ণ্য   ও   প রি ষে বা র   বি কি কি নি,23,8
"সেই অনুযায়ী, দায়ের করা নালিশটি গুজরাটের আধিকারিকদের কাছে পাঠানো হয়েছিল","সে ই   অ নু যা য় ী ,   দা য় ে র   ক রা   না লি শ টি   গু জ রা টে র   আ ধি কা রি ক দে র   কা ছে   পা ঠা নো   হ য় ে ছি ল",40,10
১৯৭৮-এর বাল্যবিবাহ নিরোধক আইনটি মেয়েদের ক্ষেত্রে ১৮ এবং ছেলেদের ক্ষেত্রে ২১ বছরকে বিবাহের বৈধ বয়স হিসাবে ধার্য করলেও সামাজিক প্রথাগুলি অপ্রাপ্তবয়স্ক বিবাহকে এখনও উৎসাহিত করে,১ ৯ ৭ ৮ - এ র   বা ল্য বি বা হ   নি রো ধ ক   আ ই ন টি   মে য় ে দে র   ক্ষে ত্রে   ১ ৮   এ বং   ছে লে দে র   ক্ষে ত্রে   ২ ১   ব ছ র কে   বি বা হে র   বৈ ধ   ব য় স   হি সা বে   ধা র্য   ক র লে ও   সা মা জি ক   প্র থা গু লি   অ প্রা প্ত ব য় স্ক   বি বা হ কে   এ খ ন ও   উ ৎ সা হি ত   ক রে,90,25
"যাইহোক, কঠোর অসামরিক দায় আরোপ করার মতো বিএসএনএল-এর কোনও বিধিবদ্ধ, নিয়ন্ত্রক, অথবা পুলিশি ক্ষমতা নেই","যা ই হো ক ,   ক ঠো র   অ সা ম রি ক   দা য়   আ রো প   ক রা র   ম তো   বি এ স এ ন এ ল - এ র   কো ন ও   বি ধি ব দ্ধ ,   নি য় ন্ত্র ক ,   অ থ বা   পু লি শি   ক্ষ ম তা   নে ই",57,15
"পূর্বোক্ত কারণের জন্য আমাদের বিবেচিত ধারণা হয়েছে যে, মেসার্স","পূ র্বো ক্ত   কা র ণে র   জ ন্য   আ মা দে র   বি বে চি ত   ধা র ণা   হ য় ে ছে   যে ,   মে সা র্স",29,9
কোয়ালিটি আইসক্রিম এবং বি,কো য় া লি টি   আ ই স ক্রি ম   এ বং   বি,13,4
বি,বি,1,1
এল,এ ল,2,1
আই,আ ই,2,1
এল সম্পর্কিত নয়- এই সিদ্ধান্তে এসে বিচারসভা কোনও ভুল করেনি,এ ল   স ম্প র্কি ত   ন য় -   এ ই   সি দ্ধা ন্তে   এ সে   বি চা র স ভা   কো ন ও   ভু ল   ক রে নি,29,10
তাদের মধ্যে লেনদেনটি আসলের সাপেক্ষে আসল প্রকৃতির এবং পণ্যদ্রব্যগুলি বিক্রয়ের ক্ষেত্রে তাদের মূল্যই ছিল একমাত্র বিচার্য বিষয়,তা দে র   ম ধ্যে   লে ন দে ন টি   আ স লে র   সা পে ক্ষে   আ স ল   প্র কৃ তি র   এ বং   প ণ্য দ্র ব্য গু লি   বি ক্র য় ে র   ক্ষে ত্রে   তা দে র   মূ ল্য ই   ছি ল   এ ক মা ত্র   বি চা র্য   বি ষ য়,57,17
"এরপর জমা দেওয়া হয়, তারপর রাজ্য বিধানসভা নির্বাচন ১১","এ র প র   জ মা   দে ও য় া   হ য় ,   তা র প র   রা জ্য   বি ধা ন স ভা   নি র্বা চ ন   ১ ১",30,9
০৪,০ ৪,2,1
২০১৯-এ অনুষ্ঠিত হয়েছিল এবং শ্রী ওয়াই,২ ০ ১ ৯ - এ   অ নু ষ্ঠি ত   হ য় ে ছি ল   এ বং   শ্রী   ও য ় া ই,23,6
জগনমোহন রেড্ডি ৩০,জ গ ন মো হ ন   রে ড্ডি   ৩ ০,10,3
০৫,০ ৫,2,1
২০১৯-এ মুখ্যমন্ত্রী হিসাবে শপথ গ্রহণ করেন,২ ০ ১ ৯ - এ   মু খ্য ম ন্ত্রী   হি সা বে   শ প থ   গ্র হ ণ   ক রে ন,22,6
রমেশ কুমারী মামলায় (সুপরা) যে রায় পেশ করা হয়েছিল তার পুনরাবৃত্তি ঘটে লাল্লান চৌধুরী এবং বাকিরা বনাম বিহার রাজ্যের মামলার সময় (এ,র মে শ   কু মা রী   মা ম লা য়   ( সু প রা )   যে   রা য়   পে শ   ক রা   হ য় ে ছি ল   তা র   পু ন রা বৃ ত্তি   ঘ টে   লা ল্লা ন   চৌ ধু রী   এ বং   বা কি রা   ব না ম   বি হা র   রা জ্যে র   মা ম লা র   স ম য়   ( এ,65,22
আই,আ ই,2,1
আর ২০০৬ এস,আ র   ২ ০ ০ ৬   এ স,8,3
সি ৩৩৭৬),সি   ৩ ৩ ৭ ৬ ),6,2
"এই নালিশগুলির ভিত্তিতে, স্থানীয় সি","এ ই   না লি শ গু লি র   ভি ত্তি তে ,   স্থা নী য়   সি",16,5
এল,এ ল,2,1
আই নম্বর ০২৮১-৩০৪১০০০-তে ফোন করে বিএসএনএল তার নিজস্ব অনুসন্ধান চালায়,আ ই   ন ম্ব র   ০ ২ ৮ ১ - ৩ ০ ৪ ১ ০ ০ ০ - তে   ফো ন   ক রে   বি এ স এ ন এ ল   তা র   নি জ স্ব   অ নু স ন্ধা ন   চা লা য়,43,10
তাদের এখনও একটি এফআইআর নথিভুক্ত করা বাকি,তা দে র   এ খ ন ও   এ ক টি   এ ফ আ ই আ র   ন থি ভু ক্ত   ক রা   বা কি,24,7
অনুপ্রবেশকারীর বিরুদ্ধে কোনও পদক্ষেপের ক্ষেত্রে ব্যবহার ও বসবাসের ফলে হওয়া ক্ষতির জন্য মালিক কোনওরকম দাবি জানাচ্ছেন কিনা সেটা জরুরি নয়,অ নু প্র বে শ কা রী র   বি রু দ্ধে   কো ন ও   প দ ক্ষে পে র   ক্ষে ত্রে   ব্য ব হা র   ও   ব স বা সে র   ফ লে   হ ও য় া   ক্ষ তি র   জ ন্য   মা লি ক   কো ন ও র ক ম   দা বি   জা না চ্ছে ন   কি না   সে টা   জ রু রি   ন য়,66,20
"মার্চ ২১, ১৯৯৭-এ সমাপ্ত হওয়া একটি সময়কালের জন্য এটি বিবিএলইএল-এর সঙ্গে চুক্তিবদ্ধ হয়েছে","মা র্চ   ২ ১ ,   ১ ৯ ৯ ৭ - এ   স মা প্ত   হ ও য় া   এ ক টি   স ম য় কা লে র   জ ন্য   এ টি   বি বি এ ল ই এ ল - এ র   স ঙ্গে   চু ক্তি ব দ্ধ   হ য় ে ছে",51,13
পরে মেসার্স,প রে   মে সা র্স,5,2
এইচ,এ ই চ,3,1
এল,এ ল,2,1
এল-এর সঙ্গে একটি চুক্তিতে প্রবেশ করা হয় যা ১৯৯৭ সালের ২২শে মার্চ থেকে কার্যকর হয়,এ ল - এ র   স ঙ্গে   এ ক টি   চু ক্তি তে   প্র বে শ   ক রা   হ য়   যা   ১ ৯ ৯ ৭   সা লে র   ২ ২ শে   মা র্চ   থে কে   কা র্য ক র   হ য়,41,15
"গুজরাট রাজ্য কর্তৃপক্ষের পক্ষপাতমূলক পদ্ধতি সুস্পষ্ট বোঝা যাওয়া নিয়ে তর্কবিতর্ক হচ্ছে, যা শুধু দায়ের করা পাল্টা হলফনামা উপর উপর পড়লেই প্রমাণ পাওয়া যায়","গু জ রা ট   রা জ্য   ক র্তৃ প ক্ষে র   প ক্ষ পা ত মূ ল ক   প দ্ধ তি   সু স্প ষ্ট   বো ঝা   যা ও য় া   নি য় ে   ত র্ক বি ত র্ক   হ চ্ছে ,   যা   শু ধু   দা য় ে র   ক রা   পা ল্টা   হ ল ফ না মা   উ প র   উ প র   প ড় লে ই   প্র মা ণ   পা ও য় া   যা য়",76,23
প্রধানত কোনও সফ্টওয়্যারকে সরকারি ছাড়পত্র প্রদান করার জন্য জিপিএল পরিকল্পিত হয়েছে,প্র ধা ন ত   কো ন ও   স ফ্ট ও য় ্ যা র কে   স র কা রি   ছা ড় প ত্র   প্র দা ন   ক রা র   জ ন্য   জি পি এ ল   প রি ক ল্পি ত   হ য় ে ছে,44,11
পরবর্তীকালে বিপণনের জন্য এইচএলএল-এর সঙ্গে মিশে যাওয়া বিবিএলআইএল-কে সম্পূর্ণ উৎপাদন বিক্রি করে দেওয়ার জন্য চুক্তি করা হয়েছিল,প র ব র্তী কা লে   বি প ণ নে র   জ ন্য   এ ই চ এ ল এ ল - এ র   স ঙ্গে   মি শে   যা ও য় া   বি বি এ ল আ ই এ ল - কে   স ম্পূ র্ণ   উ ৎ পা দ ন   বি ক্রি   ক রে   দে ও য় া র   জ ন্য   চু ক্তি   ক রা   হ য় ে ছি ল,69,17
"কোয়ালিটি আইসক্রিম (বিবাদী পক্ষ মূল্যায়নকারী) আইসক্রিম উৎপাদনের সঙ্গে জড়িত যা কেন্দ্রীয় আবগারি শুল্ক আইন ১৯৮৫-এর (ছোট করে, আইন) অনুসূচীর মধ্যে পড়ে","কো য় া লি টি   আ ই স ক্রি ম   ( বি বা দী   প ক্ষ   মূ ল্যা য ় ন কা রী )   আ ই স ক্রি ম   উ ৎ পা দ নে র   স ঙ্গে   জ ড় ি ত   যা   কে ন্দ্রী য়   আ ব গা রি   শু ল্ক   আ ই ন   ১ ৯ ৮ ৫ - এ র   ( ছো ট   ক রে ,   আ ই ন )   অ নু সূ চী র   ম ধ্যে   প ড় ে",81,21
এই স্বল্পকালীন অধিবেশনে বিবেচিত গুরুত্বপূর্ণ প্রশ্নটি ছিল যুক্তরাষ্ট্রীয় আইনসভার গঠন সম্বন্ধিত,এ ই   স্ব ল্প কা লী ন   অ ধি বে শ নে   বি বে চি ত   গু রু ত্ব পূ র্ণ   প্র শ্ন টি   ছি ল   যু ক্ত রা ষ্ট্রী য়   আ ই ন স ভা র   গ ঠ ন   স ম্ব ন্ধি ত,44,11
"উপরন্তু, প্রাজ্ঞ বরিষ্ঠ কৌঁসুলি দাখিল করেছেন যে, প্রভাবিত (গুপ্ত) সি","উ প র ন্তু ,   প্রা জ্ঞ   ব রি ষ্ঠ   কে ৗ ঁ সু লি   দা খি ল   ক রে ছে ন   যে ,   প্র ভা বি ত   ( গু প্ত )   সি",33,10
এল,এ ল,2,1
আই-এর মাধ্যমে কোনো কল চিহ্নিত অথবা প্রতিরোধ করা বিএসএনএল-এর পক্ষে প্রযুক্তিগতভাবে অসম্ভব,আ ই - এ র   মা ধ্য মে   কো নো   ক ল   চি হ্নি ত   অ থ বা   প্র তি রো ধ   ক রা   বি এ স এ ন এ ল - এ র   প ক্ষে   প্র যু ক্তি গ ত ভা বে   অ স ম্ভ ব,47,12
"যে, একটি নির্দিষ্ট দিনে একটি মাত্র পি","যে ,   এ ক টি   নি র্দি ষ্ট   দি নে   এ ক টি   মা ত্র   পি",16,7
ও,ও,1,1
আই লক্ষ লক্ষ মিনিটের কল বি,আ ই   ল ক্ষ   ল ক্ষ   মি নি টে র   ক ল   বি,13,6
এস,এ স,2,1
এন,এ ন,2,1
এল-কে হস্তান্তর করে এবং এই অবস্থায় তা বাণিজ্যিকভাবে উদ্ধার করা সম্ভব নয় যে কোন কলটি সত্যিকারের এবং কোন কল সি,এ ল - কে   হ স্তা ন্ত র   ক রে   এ বং   এ ই   অ ব স্থা য়   তা   বা ণি জ্যি ক ভা বে   উ দ্ধা র   ক রা   স ম্ভ ব   ন য়   যে   কো ন   ক ল টি   স ত্যি কা রে র   এ বং   কো ন   ক ল   সি,53,20
এল,এ ল,2,1
আই ছাড়া বা কলের সি,আ ই   ছা ড় া   বা   ক লে র   সি,10,5
এল,এ ল,2,1
আই নষ্ট করে দেওয়া,আ ই   ন ষ্ট   ক রে   দে ও য় া,10,4
৬,৬,1,1
৪,৪,1,1
"৬ ধারার ব্যাখ্যা করে প্রাজ্ঞ কৌঁসুলি দাখিল করেন যে, উক্ত ধারাটি একটি গুরুদণ্ড বহন করে; যে উক্ত ধারাটি কার্যকারী সংস্থার তরফে কোনও ভুলের জন্য টেলিফোনে কথাবার্তায় অন্যায় হস্তক্ষেপ অথবা ভুল জায়গায় চালিত করার ক্ষেত্রে প্রযোজ্য অন্যথায় নয়; এবং বর্তমান মামলায় নালিশের অন্তর্গত কার্যকলাপগুলি রিলায়েন্সের না হয়ে এক নীতিহীন গ্রাহকের হওয়ায় ৬","৬   ধা রা র   ব্যা খ্যা   ক রে   প্রা জ্ঞ   কৌঁ সু লি   দা খি ল   ক রে ন   যে ,   উ ক্ত   ধা রা টি   এ ক টি   গু রু দ ণ্ড   ব হ ন   ক রে ;   যে   উ ক্ত   ধা রা টি   কা র্য কা রী   সং স্থা র   ত র ফে   কো ন ও   ভু লে র   জ ন্য   টে লি ফো নে   ক থা বা র্তা য়   অ ন্যা য়   হ স্ত ক্ষে প   অ থ বা   ভু ল   জা য় গা য়   চা লি ত   ক রা র   ক্ষে ত্রে   প্র যো জ্য   অ ন্য থা য়   ন য় ;   এ বং   ব র্ত মা ন   মা ম লা য়   না লি শে র   অ ন্ত র্গ ত   কা র্য ক লা প গু লি   রি লা য় ে ন্সে র   না   হ য় ে   এ ক   নী তি হী ন   গ্রা হ কে র   হ ও য় া য়   ৬",157,51
৪,৪,1,1
৬ ধারাটি প্রযুক্ত হবে না,৬   ধা রা টি   প্র যু ক্ত   হ বে   না,10,5
কিছু র‍্যানসমওয়্যার স্প্যাম মেলে ইমেল সংযোজন হিসাবে প্রেরিত হয়,কি ছু   র ্ যা ন স ম ও য় ্ যা র   স্প্যা ম   মে লে   ই মে ল   সং যো জ ন   হি সা বে   প্রে রি ত   হ য়,32,9
চুক্তি আইনটির দ্বারা একটি চুক্তিবদ্ধ পক্ষ (রিলায়েন্স)-এর কাছ থেকে অন্য চুক্তিবদ্ধ পক্ষ (বিএসএনএল)-এর কোনও পরিমাণ অর্থ গ্রহণের প্রত্যাশা না করাই এটির কারণ,চু ক্তি   আ ই ন টি র   দ্বা রা   এ ক টি   চু ক্তি ব দ্ধ   প ক্ষ   ( রি লা য় ে ন্স ) - এ র   কা ছ   থে কে   অ ন্য   চু ক্তি ব দ্ধ   প ক্ষ   ( বি এ স এ ন এ ল ) - এ র   কো ন ও   প রি মা ণ   অ র্থ   গ্র হ ণে র   প্র ত্যা শা   না   ক রা ই   এ টি র   কা র ণ,78,22
আবেদনকারীর বক্তব্য হল যে তিনি মুম্বই পুলিশের সঙ্গে তাদের জিজ্ঞাসাবাদে সম্পূর্ণ সহযোগিতা করেছেন ঠিকই তবে তদন্তটা যদি সিবিআই-এর দ্বারা চালিত হয় তাঁর কোনও আপত্তি থাকবে না,আ বে দ ন কা রী র   ব ক্ত ব্য   হ ল   যে   তি নি   মু ম্ব ই   পু লি শে র   স ঙ্গে   তা দে র   জি জ্ঞা সা বা দে   স ম্পূ র্ণ   স হ যো গি তা   ক রে ছে ন   ঠি ক ই   ত বে   ত দ ন্ত টা   য দি   সি বি আ ই - এ র   দ্বা রা   চা লি ত   হ য়   তাঁ র   কো ন ও   আ প ত্তি   থা ক বে   না,81,26
জি,জি,1,1
এন,এ ন,2,1
ইউ-এর সাধারণ সরকারি ছাড়পত্র (জিপিএল) এবং সৃজনশীল সাধারণ (সিসি) হলো সরকারি ছাড়পত্রের দুটি জনপ্রিয় বিভাগ,ই উ - এ র   সা ধা র ণ   স র কা রি   ছা ড় প ত্র   ( জি পি এ ল )   এ বং   সৃ জ ন শী ল   সা ধা র ণ   ( সি সি )   হ লো   স র কা রি   ছা ড় প ত্রে র   দু টি   জ ন প্রি য়   বি ভা গ,58,15
"বর্তমান মামলায়, এনজিটি তার এখ্‌তিয়ার পরিত্যাগ করেছে এবং একটি বিশেষজ্ঞ প্রশাসনিক কমিটির উপরে বিচারসংক্রান্ত কর্মকাণ্ডের ভার ন্যস্ত করেছে","ব র্ত মা ন   মা ম লা য় ,   এ ন জি টি   তা র   এ খ্ তি য় া র   প রি ত্যা গ   ক রে ছে   এ বং   এ ক টি   বি শে ষ জ্ঞ   প্র শা স নি ক   ক মি টি র   উ প রে   বি চা র সং ক্রা ন্ত   ক র্ম কা ণ্ডে র   ভা র   ন্য স্ত   ক রে ছে",67,18
"সে দোহাই দেয় যে, উল্লিখিত ঘরটি ১৯৭১ সালের আইনের আওতায় বস্তি এলাকায় অবস্থিত এবং প্রথম বিবাদী পক্ষের করা মামলা সেই আইনের ২২(১)(এ) ধারায় থাকা নিষেধাজ্ঞার পরিপ্রেক্ষিতে উপযুক্ত কর্তৃপক্ষের কোনও লিখিত অনুমতি ছাড়া বজায় রাখা যেত না","সে   দো হা ই   দে য়   যে ,   উ ল্লি খি ত   ঘ র টি   ১ ৯ ৭ ১   সা লে র   আ ই নে র   আ ও তা য়   ব স্তি   এ লা কা য়   অ ব স্থি ত   এ বং   প্র থ ম   বি বা দী   প ক্ষে র   ক রা   মা ম লা   সে ই   আ ই নে র   ২ ২ ( ১ ) ( এ )   ধা রা য়   থা কা   নি ষে ধা জ্ঞা র   প রি প্রে ক্ষি তে   উ প যু ক্ত   ক র্তৃ প ক্ষে র   কো ন ও   লি খি ত   অ নু ম তি   ছা ড় া   ব জা য়   রা খা   যে ত   না",115,36
"যেমনটা অখিল ভারতীয় আয়ুর্বিজ্ঞান সংস্থার ক্ষেত্রে হয়েছে এবং গঙ্গাধরের ক্ষেত্রে পুনরাবৃত্তি করেছিল, এর সমাধানও শাসকের কাছে অভিযোগ দাখিল করার মাধ্যমে রয়েছে","যে ম ন টা   অ খি ল   ভা র তী য়   আ য় ু র্বি জ্ঞা ন   সং স্থা র   ক্ষে ত্রে   হ য় ে ছে   এ বং   গ ঙ্গা ধ রে র   ক্ষে ত্রে   পু ন রা বৃ ত্তি   ক রে ছি ল ,   এ র   স মা ধা ন ও   শা স কে র   কা ছে   অ ভি যো গ   দা খি ল   ক রা র   মা ধ্য মে   র য় ে ছে",75,21
"যদিও এটা ক্ষীণভাবে প্রকাশিত ছিল যে, অখিল ভারতীয় আয়ুর্বিজ্ঞান সংস্থানের ক্ষেত্রে, গঙ্গাধরের মামলায়, হরি সিংহের মামলায়, মিনু কুমারির মামলায় এবং রমেশ কুমারির মামলার ক্ষেত্রে একটি মতবিরোধ ছিল, আমরা দেখতে পাই যে, রমেশ কুমারির মামলায় যে মতামত প্রকাশ করা হয়েছিল তা পুলিশের নজরে আসা কোনও আমলযোগ্য অপরাধের সময় তাদের যে ব্যবস্থা নেওয়ার প্রয়োজন ছিল, তার সঙ্গে মিল রয়েছে","য দি ও   এ টা   ক্ষী ণ ভা বে   প্র কা শি ত   ছি ল   যে ,   অ খি ল   ভা র তী য়   আ য় ু র্বি জ্ঞা ন   সং স্থা নে র   ক্ষে ত্রে ,   গ ঙ্গা ধ রে র   মা ম লা য় ,   হ রি   সিং হে র   মা ম লা য় ,   মি নু   কু মা রি র   মা ম লা য়   এ বং   র মে শ   কু মা রি র   মা ম লা র   ক্ষে ত্রে   এ ক টি   ম ত বি রো ধ   ছি ল ,   আ ম রা   দে খ তে   পা ই   যে ,   র মে শ   কু মা রি র   মা ম লা য়   যে   ম তা ম ত   প্র কা শ   ক রা   হ য় ে ছি ল   তা   পু লি শে র   ন জ রে   আ সা   কো ন ও   আ ম ল যো গ্য   অ প রা ধে র   স ম য়   তা দে র   যে   ব্য ব স্থা   নে ও য় া র   প্র য় ো জ ন   ছি ল ,   তা র   স ঙ্গে   মি ল   র য় ে ছে",185,57
"যখন পুলিশ ১৫৪ ধারার অধীনে থাকা সংবিধিবদ্ধ প্রয়োজনীয়তাগুলি পালন করে না, নির্ধারিত কার্যধারা তখন অখিল ভারতীয় আয়ুর্বিজ্ঞান সংস্থানের মামলা, গঙ্গাধরের মামলা, হরি সিংহের মামলা এবং মিনু কুমারির মামলার ক্ষেত্রে সরাসরিভাবে বিরোধে ছিল","য খ ন   পু লি শ   ১ ৫ ৪   ধা রা র   অ ধী নে   থা কা   সং বি ধি ব দ্ধ   প্র য় ো জ নী য় তা গু লি   পা ল ন   ক রে   না ,   নি র্ধা রি ত   কা র্য ধা রা   ত খ ন   অ খি ল   ভা র তী য়   আ য় ু র্বি জ্ঞা ন   সং স্থা নে র   মা ম লা ,   গ ঙ্গা ধ রে র   মা ম লা ,   হ রি   সিং হে র   মা ম লা   এ বং   মি নু   কু মা রি র   মা ম লা র   ক্ষে ত্রে   স রা স রি ভা বে   বি রো ধে   ছি ল",112,32
সিদ্ধান্তটি অতএব ভারত অধিরাজ্যের বিশেষজ্ঞ সংস্থাগুলির উপর ছেড়ে দেওয়া হয়েছিল,সি দ্ধা ন্ত টি   অ ত এ ব   ভা র ত   অ ধি রা জ্যে র   বি শে ষ জ্ঞ   সং স্থা গু লি র   উ প র   ছে ড় ে   দে ও য় া   হ য় ে ছি ল,40,10
"প্রথম আপিল আদালত ১ ও ৪ নং সমস্যায় বিচার আদালতের রায়গুলিকে বাতিল করে এবং দাবি করে যে, সে অনুপ্রবেশকারী হওয়ায় প্রথম বিবাদী পক্ষের দায়ের করা ৪টি মামলাই সংশ্লিষ্ট কর্তৃপক্ষের অনুমতি ছাড়া সমর্থনযোগ্য, এবং ১৯৭১-এর আইন দ্বারা নিয়ন্ত্রিত কোনও বস্তি এলাকায় অনুপ্রবেশকারীর শাস্তির ক্ষেত্রে সংশ্লিষ্ট কর্তৃপক্ষের অনুমতির প্রয়োজন হতো না","প্র থ ম   আ পি ল   আ দা ল ত   ১   ও   ৪   নং   স ম স্যা য়   বি চা র   আ দা ল তে র   রা য় গু লি কে   বা তি ল   ক রে   এ বং   দা বি   ক রে   যে ,   সে   অ নু প্র বে শ কা রী   হ ও য় া য়   প্র থ ম   বি বা দী   প ক্ষে র   দা য় ে র   ক রা   ৪ টি   মা ম লা ই   সং শ্লি ষ্ট   ক র্তৃ প ক্ষে র   অ নু ম তি   ছা ড় া   স ম র্থ ন যো গ্য ,   এ বং   ১ ৯ ৭ ১ - এ র   আ ই ন   দ্বা রা   নি য় ন্ত্রি ত   কো ন ও   ব স্তি   এ লা কা য়   অ নু প্র বে শ কা রী র   শা স্তি র   ক্ষে ত্রে   সং শ্লি ষ্ট   ক র্তৃ প ক্ষে র   অ নু ম তি র   প্র য় ো জ ন   হ তো   না",161,49
আবেদনকারী এবং সম্প্রতি মৃত ব্যক্তিটি একটি লিভ-ইন সম্পর্কে ছিল কিন্তু ৮,আ বে দ ন কা রী   এ বং   স ম্প্র তি   মৃ ত   ব্য ক্তি টি   এ ক টি   লি ভ - ই ন   স ম্প র্কে   ছি ল   কি ন্তু   ৮,32,11
৬,৬,1,1
২০২০ তারিখে অভিনেতার মৃত্যুর কিছুদিন আগে সে তার মুম্বইয়ের বাড়িতে চলে যায়,২ ০ ২ ০   তা রি খে   অ ভি নে তা র   মৃ ত্যু র   কি ছু দি ন   আ গে   সে   তা র   মু ম্ব ই য় ে র   বা ড় ি তে   চ লে   যা য়,38,12
"এই কার্যধারার উদ্দেশ্য হল, শুধু এইটুকু নিশ্চিত করা যে একজন ব্যক্তি সন্দেহজনক পরিস্থিতির জেরে মারা গেছে কি না নাকি অস্বাভাবিক মৃত্যু হয়েছে এবং যদি তাই হয় তাহলে সেই মৃত্যুর কারণ কী","এ ই   কা র্য ধা রা র   উ দ্দে শ্য   হ ল ,   শু ধু   এ ই টু কু   নি শ্চি ত   ক রা   যে   এ ক জ ন   ব্য ক্তি   স ন্দে হ জ ন ক   প রি স্থি তি র   জে রে   মা রা   গে ছে   কি   না   না কি   অ স্বা ভা বি ক   মৃ ত্যু   হ য় ে ছে   এ বং   য দি   তা ই   হ য়   তা হ লে   সে ই   মৃ ত্যু র   কা র ণ   কী",83,31
"বিস্তারিত বিষয়ে প্রশ্নসমূহ যেমন কীভাবে মৃত ব্যক্তিকে আক্রমণ করা হয়েছিল, কে আক্রমণ করেছিল বা কোন পরিস্থিতিতে আক্রমণ করা হয়েছিল সেসব ১৭৪ আইনী ধারার অধীনে কার্যধারার পরিধি ও ক্ষেত্রের বাইরে","বি স্তা রি ত   বি ষ য় ে   প্র শ্ন স মূ হ   যে ম ন   কী ভা বে   মৃ ত   ব্য ক্তি কে   আ ক্র ম ণ   ক রা   হ য় ে ছি ল ,   কে   আ ক্র ম ণ   ক রে ছি ল   বা   কো ন   প রি স্থি তি তে   আ ক্র ম ণ   ক রা   হ য় ে ছি ল   সে স ব   ১ ৭ ৪   আ ই নী   ধা রা র   অ ধী নে   কা র্য ধা রা র   প রি ধি   ও   ক্ষে ত্রে র   বা ই রে",94,29
"উপধারা (৩) অনুযায়ী, এই ধরনের আবেদন পাওয়ার পর উপযুক্ত কর্তৃপক্ষ দুই পক্ষকে শুনানির সুযোগ দিয়ে এবং মামলার পরিস্থিতির ক্ষেত্রে উপযুক্ত মনে হলে তদন্তের এই ধরনের সংক্ষিপ্তসার তৈরি করার পরে, হয় লিখিতভাবে অনুমতি প্রদান করবে বা এই ধরনের অনুমতি দিতে অস্বীকার করবে","উ প ধা রা   ( ৩ )   অ নু যা য় ী ,   এ ই   ধ র নে র   আ বে দ ন   পা ও য় া র   প র   উ প যু ক্ত   ক র্তৃ প ক্ষ   দু ই   প ক্ষ কে   শু না নি র   সু যো গ   দি য় ে   এ বং   মা ম লা র   প রি স্থি তি র   ক্ষে ত্রে   উ প যু ক্ত   ম নে   হ লে   ত দ ন্তে র   এ ই   ধ র নে র   সং ক্ষি প্ত সা র   তৈ রি   ক রা র   প রে ,   হ য ়   লি খি ত ভা বে   অ নু ম তি   প্র দা ন   ক র বে   বা   এ ই   ধ র নে র   অ নু ম তি   দি তে   অ স্বী কা র   ক র বে",135,41
"২২ নং ধারার উপধারা (২) অনুযায়ী, অনুমতি পেতে চাওয়া কোনও ব্যক্তিকে সঠিক কর্তৃপক্ষের কাছে লিখিত আবেদন করতে হবে","২ ২   নং   ধা রা র   উ প ধা রা   ( ২ )   অ নু যা য় ী ,   অ নু ম তি   পে তে   চা ও য় া   কো ন ও   ব্য ক্তি কে   স ঠি ক   ক র্তৃ প ক্ষে র   কা ছে   লি খি ত   আ বে দ ন   ক র তে   হ বে",57,18
"একটি বাণিজ্য চিহ্নে ব্র্যাণ্ড অথবা বাণিজ্যিক উদ্যোগটিকে অন্যান্য ব্র্যাণ্ড অথবা বাণিজ্যিক উদ্যোগ থেকে আলাদা করা যে কোনও দৃশ্যমান চিহ্ন, শব্দ, নাম, নকশা, স্লোগান, তকমা প্রভৃতি অন্তর্ভুক্ত থাকে","এ ক টি   বা ণি জ্য   চি হ্নে   ব্র্যা ণ্ড   অ থ বা   বা ণি জ্যি ক   উ দ্যো গ টি কে   অ ন্যা ন্য   ব্র্যা ণ্ড   অ থ বা   বা ণি জ্যি ক   উ দ্যো গ   থে কে   আ লা দা   ক রা   যে   কো ন ও   দৃ শ্য মা ন   চি হ্ন ,   শ ব্দ ,   না ম ,   ন ক শা ,   স্লো গা ন ,   ত ক মা   প্র ভৃ তি   অ ন্ত র্ভু ক্ত   থা কে",81,27
"পুলিশ যখনই এমন আমলযোগ্য অপরাধের অভিযোগের কোনও তথ্য পায়, একটা এফ","পু লি শ   য খ ন ই   এ ম ন   আ ম ল যো গ্য   অ প রা ধে র   অ ভি যো গে র   কো ন ও   ত থ্য   পা য় ,   এ ক টা   এ ফ",38,11
আই,আ ই,2,1
আর দায়ের করাটা কর্তব্য হয়ে দাঁড়ায়,আ র   দা য় ে র   ক রা টা   ক র্ত ব্য   হ য় ে   দাঁ ড় া য়,19,6
"উপকূলীয় নির্মাণ নিরুৎসাহিত করা জমি ব্যবহার নীতিগুলি, সমুদ্রপৃষ্ঠের উচ্চতা বৃদ্ধির মোকাবিলায় গোষ্ঠীগুলিকে নমনীয়তা প্রদান করবে","উ প কূ লী য়   নি র্মা ণ   নি রু ৎ সা হি ত   ক রা   জ মি   ব্য ব হা র   নী তি গু লি ,   স মু দ্র পৃ ষ্ঠে র   উ চ্চ তা   বৃ দ্ধি র   মো কা বি লা য়   গো ষ্ঠী গু লি কে   ন ম নী য় তা   প্র দা ন   ক র বে",60,15
কোথাও সমুদ্রতীরবর্তী অথবা উপসাগরবর্তী বাড়ি থাকলে উপকূলরেখা শক্ত করার মতো পদ্ধতির মাধ্যমে মালিকরা তাঁদের সম্পত্তি রক্ষা করার চেষ্টা করবেন,কো থা ও   স মু দ্র তী র ব র্তী   অ থ বা   উ প সা গ র ব র্তী   বা ড় ি   থা ক লে   উ প কূ ল রে খা   শ ক্ত   ক রা র   ম তো   প দ্ধ তি র   মা ধ্য মে   মা লি ক রা   তাঁ দে র   স ম্প ত্তি   র ক্ষা   ক রা র   চে ষ্টা   ক র বে ন,67,19
গ্রামে এক মহামারী ছড়িয়ে পড়ে এবং আশ্রমের বাচ্চাদের সুরক্ষার ক্ষেত্রে আমি স্পষ্ট বিপদ দেখতে পেলাম,গ্রা মে   এ ক   ম হা মা রী   ছ ড় ি য় ে   প ড় ে   এ বং   আ শ্র মে র   বা চ্চা দে র   সু র ক্ষা র   ক্ষে ত্রে   আ মি   স্প ষ্ট   বি প দ   দে খ তে   পে লা ম,45,15
সেই মরশুমে মার্চ ও এপ্রিলে তাপপ্রবাহ/তীব্র তাপপ্রবাহের পরিস্থিতি অনুভব করা যেত,সে ই   ম র শু মে   মা র্চ   ও   এ প্রি লে   তা প প্র বা হ / তী ব্র   তা প প্র বা হে র   প রি স্থি তি   অ নু ভ ব   ক রা   যে ত,38,11
মে মাসে কোনও উল্লেখযোগ্য তাপপ্রবাহের দশা অনুভব করা যায়নি,মে   মা সে   কো ন ও   উ ল্লে খ যো গ্য   তা প প্র বা হে র   দ শা   অ নু ভ ব   ক রা   যা য় নি,28,9
"হায়দরাবাদি কাবাব এবং আগে কখনো খাইনি এমন কুবানির মিষ্টি খাওয়ার পরে, তাঁর জীবন এবং সিনেমার সম্পর্কে গল্প করার জন্য আমরা বিশাল গদি মোড়া সোফা চেয়ারে বসে চায়ে চুমুক দিলাম","হা য় দ রা বা দি   কা বা ব   এ বং   আ গে   ক খ নো   খা ই নি   এ ম ন   কু বা নি র   মি ষ্টি   খা ও য় া র   প রে ,   তাঁ র   জী ব ন   এ বং   সি নে মা র   স ম্প র্কে   গ ল্প   ক রা র   জ ন্য   আ ম রা   বি শা ল   গ দি   মো ড় া   সো ফা   চে য় া রে   ব সে   চা য় ে   চু মু ক   দি লা ম",85,29
"বর্তমানে বহু বছর যাবৎ ফাতমা বেগম প্রচারের আলো থেকে দূরে জীবন কাটাচ্ছেন, তাই গণমাধ্যমে কখনও কোনও সাক্ষাৎকার না দেওয়া ভারতীয় চলচ্চিত্রের এই প্রথম মহিলা যখন ৩রা মে, ২০১৩-তে আমার সঙ্গে কথা বলতে রাজি হলেন, আমি তাঁর এককালের চিত্তাকর্ষক কিন্তু বর্তমানে ক্ষয়িষ্ণু বাসভবন ধনরাজ মহলে, যেখানে তিনি তাঁর মেয়ে জুবেইদার সঙ্গে থাকেন, সেখানে তৎক্ষণাৎ পৌঁছে যাই","ব র্ত মা নে   ব হু   ব ছ র   যা ব ৎ   ফা ত মা   বে গ ম   প্র চা রে র   আ লো   থে কে   দূ রে   জী ব ন   কা টা চ্ছে ন ,   তা ই   গ ণ মা ধ্য মে   ক খ ন ও   কো ন ও   সা ক্ষা ৎ কা র   না   দে ও য় া   ভা র তী য়   চ ল চ্চি ত্রে র   এ ই   প্র থ ম   ম হি লা   য খ ন   ৩ রা   মে ,   ২ ০ ১ ৩ - তে   আ মা র   স ঙ্গে   ক থা   ব ল তে   রা জি   হ লে ন ,   আ মি   তাঁ র   এ ক কা লে র   চি ত্তা ক র্ষ ক   কি ন্তু   ব র্ত মা নে   ক্ষ য় ি ষ্ণু   বা স ভ ব ন   ধ ন রা জ   ম হ লে ,   যে খা নে   তি নি   তাঁ র   মে য় ে   জু বে ই দা র   স ঙ্গে   থা কে ন ,   সে খা নে   ত ৎ ক্ষ ণা ৎ   পৌঁ ছে   যা ই",176,55
এই ভাইরাসের আরও ভয়ঙ্কর রূপ আগামী দিনে প্রত্যাশিত,এ ই   ভা ই রা সে র   আ র ও   ভ য ় ঙ্ক র   রূ প   আ গা মী   দি নে   প্র ত্যা শি ত,26,8
সবচেয়ে বেশী প্রভাব সম্ভবত এশিয়া এবং আফ্রিকায় পড়বে যা যথাক্রমে ৪ কোটি ৭ লক্ষ ও ৪ কোটি ২ লক্ষ আনুমানিক মৃত্যুর জন্য দায়ী হবে,স ব চে য় ে   বে শী   প্র ভা ব   স ম্ভ ব ত   এ শি য় া   এ বং   আ ফ্রি কা য়   প ড় বে   যা   য থা ক্র মে   ৪   কো টি   ৭   ল ক্ষ   ও   ৪   কো টি   ২   ল ক্ষ   আ নু মা নি ক   মৃ ত্যু র   জ ন্য   দা য় ী   হ বে,60,24
এখানে দেখি আবদুল গনি শেঠ আমার প্রতীক্ষায় ছিলেন এবং আমায় আন্তরিক অভ্যর্থনা জানালেন,এ খা নে   দে খি   আ ব দু ল   গ নি   শে ঠ   আ মা র   প্র তী ক্ষা য়   ছি লে ন   এ বং   আ মা য়   আ ন্ত রি ক   অ ভ্য র্থ না   জা না লে ন,40,13
তাই আমি গাড়িচালককে বলি আমায় মহম্মদ কসম কামরুদ্দিনের দোকান অবধি নিয়ে যেতে,তা ই   আ মি   গা ড় ি চা ল ক কে   ব লি   আ মা য়   ম হ ম্ম দ   ক স ম   কা ম রু দ্দি নে র   দো কা ন   অ ব ধি   নি য় ে   যে তে,40,12
"আমি এটা লক্ষ্য করে গিয়েছি যে, ভারতীয়দের, চীনাদের এবং অন্যান্যদের রক্ষা করা দুরস্ত, এই পদাধিকারীরা এদের পায়ে পিষে ফেলছে","আ মি   এ টা   ল ক্ষ্য   ক রে   গি য় ে ছি   যে ,   ভা র তী য় দে র ,   চী না দে র   এ বং   অ ন্যা ন্য দে র   র ক্ষা   ক রা   দু র স্ত ,   এ ই   প দা ধি কা রী রা   এ দে র   পা য় ে   পি ষে   ফে ল ছে",59,19
জিজ্ঞাসাবাদের সময় অন্যান্য ষড়যন্ত্রকারীদের নাম প্রকাশের জন্য তাঁকে বাধ্য করার অনেক প্রচেষ্টা চলেছিল,জি জ্ঞা সা বা দে র   স ম য়   অ ন্যা ন্য   ষ ড ় য ন্ত্র কা রী দে র   না ম   প্র কা শে র   জ ন্য   তাঁ কে   বা ধ্য   ক রা র   অ নে ক   প্র চে ষ্টা   চ লে ছি ল,46,13
মিডিয়া হচ্ছে সবচেয়ে ক্ষমতাশালী অস্ত্র যা সংসদকে তার জনগণের সঙ্গে যুক্ত করে,মি ডি য় া   হ চ্ছে   স ব চে য় ে   ক্ষ ম তা শা লী   অ স্ত্র   যা   সং স দ কে   তা র   জ ন গ ণে র   স ঙ্গে   যু ক্ত   ক রে,36,12
রাজকোট পৌঁছে পরের দিন সকালে আমি স্বাস্থ্য আধিকারিকের কাছে হাজিরা দিই,রা জ কো ট   পৌঁ ছে   প রে র   দি ন   স কা লে   আ মি   স্বা স্থ্য   আ ধি কা রি কে র   কা ছে   হা জি রা   দি ই,31,11
বীর প্রাক্তন সৈনিকদের প্রতি আমাদের দেশের কৃতজ্ঞতা প্রকাশের একটি দীর্ঘ ঋণ রয়েছে,বী র   প্রা ক্ত ন   সৈ নি ক দে র   প্র তি   আ মা দে র   দে শে র   কৃ ত জ্ঞ তা   প্র কা শে র   এ ক টি   দী র্ঘ   ঋ ণ   র য় ে ছে,38,12
প্রাথমিক সাড়াটা বেশ ভালো পাওয়া গিয়েছে,প্রা থ মি ক   সা ড় া টা   বে শ   ভা লো   পা ও য় া   গি য় ে ছে,20,6
নারীর সমানাধিকার প্রকৃতপক্ষেই মানবাধিকার,না রী র   স মা না ধি কা র   প্র কৃ ত প ক্ষে ই   মা ন বা ধি কা র,21,4
"যেহেতু ভারতীয় চলচ্চিত্রের শতবর্ষ একটি বড় ধাপ যা অগ্রাহ্য করা যায় না, সেহেতু এই সূত্রের আমাদের বিষয়বস্তু পছন্দ হওয়াটা মোটামুটি অনিবার্য ছিল","যে হে তু   ভা র তী য়   চ ল চ্চি ত্রে র   শ ত ব র্ষ   এ ক টি   ব ড়   ধা প   যা   অ গ্রা হ্য   ক রা   যা য়   না ,   সে হে তু   এ ই   সূ ত্রে র   আ মা দে র   বি ষ য় ব স্তু   প ছ ন্দ   হ ও য় া টা   মো টা মু টি   অ নি বা র্য   ছি ল",68,22
"এই ধাপে, কার্যকরী নীতি উদ্যোগ উপকারী ফলাফল দিতে শুরু করে","এ ই   ধা পে ,   কা র্য ক রী   নী তি   উ দ্যো গ   উ প কা রী   ফ লা ফ ল   দি তে   শু রু   ক রে",28,10
"স্বচ্ছ ভারত অভিযান (পরিচ্ছন্নতা ও পরিবেশ দূষণ, খোলা জায়গায় শৌচ বন্ধ করা এবং কঠিন বর্জ্য ব্যবস্থাপনার উন্নতির ক্ষেত্রে গণসচেতনতা তৈরি করা) এবং নমামি গঙ্গের (উল্লেখযোগ্যভাবে দূষণ হ্রাস করা, গঙ্গা নদীর সংরক্ষণ ও পুনরুত্থান) মতো কিছু কিছু সরকারি উদ্যোগের ব্যাপারে এখানে উল্লেখ করাটা উচিত","স্ব চ্ছ   ভা র ত   অ ভি যা ন   ( প রি চ্ছ ন্ন তা   ও   প রি বে শ   দূ ষ ণ ,   খো লা   জা য় গা য়   শৌ চ   ব ন্ধ   ক রা   এ বং   ক ঠি ন   ব র্জ্য   ব্য ব স্থা প না র   উ ন্ন তি র   ক্ষে ত্রে   গ ণ স চে ত ন তা   তৈ রি   ক রা )   এ বং   ন মা মি   গ ঙ্গে র   ( উ ল্লে খ যো গ্য ভা বে   দূ ষ ণ   হ্রা স   ক রা ,   গ ঙ্গা   ন দী র   সং র ক্ষ ণ   ও   পু ন রু ত্থা ন )   ম তো   কি ছু   কি ছু   স র কা রি   উ দ্যো গে র   ব্যা পা রে   এ খা নে   উ ল্লে খ   ক রা টা   উ চি ত",136,43
২০১৪ সালের আগে দেশে ৭৭ টি পাসপোর্ট সেবা কেন্দ্র (পি,২ ০ ১ ৪   সা লে র   আ গে   দে শে   ৭ ৭   টি   পা স পো র্ট   সে বা   কে ন্দ্র   ( পি,24,10
এস,এ স,2,1
কে) চালু ছিল,কে )   চা লু   ছি ল,6,3
অনলাইনে আবেদন করার শেষ তারিখ ছিল ৩১,অ ন লা ই নে   আ বে দ ন   ক রা র   শে ষ   তা রি খ   ছি ল   ৩ ১,21,7
০১,০ ১,2,1
২০২০,২ ০ ২ ০,4,1
"২০২২ সালের ১২ই আগস্ট, এই উপলক্ষ্যে সমিতি থেকে একটি রক্তদান শিবিরেরও ব্যবস্থা করা হয়","২ ০ ২ ২   সা লে র   ১ ২ ই   আ গ স্ট ,   এ ই   উ প ল ক্ষ্যে   স মি তি   থে কে   এ ক টি   র ক্ত দা ন   শি বি রে র ও   ব্য ব স্থা   ক রা   হ য়",44,14
সমিতির কর্মচারীদের দ্বারা আয়োজিত 'দেশভাগ এবং স্বাধীনতা: সাহিত্য ও চলচ্চিত্রে তার প্রতিফলন' শীর্ষক একটি সাংস্কৃতিক আয়োজনের সঙ্গে অনুষ্ঠানটি শেষ হয়,স মি তি র   ক র্ম চা রী দে র   দ্বা রা   আ য় ো জি ত   ' দে শ ভা গ   এ বং   স্বা ধী ন তা :   সা হি ত্য   ও   চ ল চ্চি ত্রে   তা র   প্র তি ফ ল ন '   শী র্ষ ক   এ ক টি   সাং স্কৃ তি ক   আ য় ো জ নে র   স ঙ্গে   অ নু ষ্ঠা ন টি   শে ষ   হ য়,72,20
"সমিতির কর্মচারীরা, পরিষদের সদস্য ও অন্যান্য সদস্য এবং শুভাকাঙ্ক্ষীরা অনুষ্ঠান আয়োজনে এবং সারাদিন ধরে উপস্থিত থাকায়, উভয় ক্ষেত্রেই সক্রিয়ভাবে যোগদান করে","স মি তি র   ক র্ম চা রী রা ,   প রি ষ দে র   স দ স্য   ও   অ ন্যা ন্য   স দ স্য   এ বং   শু ভা কা ঙ্ক্ষী রা   অ নু ষ্ঠা ন   আ য় ো জ নে   এ বং   সা রা দি ন   ধ রে   উ প স্থি ত   থা কা য় ,   উ ভ য়   ক্ষে ত্রে ই   স ক্রি য় ভা বে   যো গ দা ন   ক রে",74,21
সারা ভারত থেকে মোট ৪১জন অংশগ্রহণকারী এই কোর্সে অংশগ্রহণ করে,সা রা   ভা র ত   থে কে   মো ট   ৪ ১ জ ন   অ ং শ গ্র হ ণ কা রী   এ ই   কো র্সে   অ ং শ গ্র হ ণ   ক রে,33,10
দেশটি কোভিড-১৯ এবং ইউক্রেনে সংঘাতের ধাক্কা সামলেছে,দে শ টি   কো ভি ড - ১ ৯   এ বং   ই উ ক্রে নে   সং ঘা তে র   ধা ক্কা   সা ম লে ছে,25,7
মহাত্মা গান্ধীর সত্যাগ্রহের আদর্শ প্রত্যেক ভারতীয়ের মধ্যে অন্যের বড় মাপের ভালো করার জন্য অদম্য আত্মবিশ্বাস ও ত্যাগের চেতনা জাগিয়ে তুলেছিল,ম হা ত্মা   গা ন্ধী র   স ত্যা গ্র হে র   আ দ র্শ   প্র ত্যে ক   ভা র তী য় ে র   ম ধ্যে   অ ন্যে র   ব ড়   মা পে র   ভা লো   ক রা র   জ ন্য   অ দ ম্য   আ ত্ম বি শ্বা স   ও   ত্যা গে র   চে ত না   জা গি য় ে   তু লে ছি ল,63,20
পর্যটন শিল্পে ২০২০-র নিদর্শন হল বিশ্ব পর্যটন সংস্থার দীর্ঘমেয়াদি পূর্বানুমান এবং নতুন সহস্রাব্দের প্রথম ২০ বছরের পর্যটন বিকাশের মূল্যায়ন,প র্য ট ন   শি ল্পে   ২ ০ ২ ০ - র   নি দ র্শ ন   হ ল   বি শ্ব   প র্য ট ন   সং স্থা র   দী র্ঘ মে য় া দি   পূ র্বা নু মা ন   এ বং   ন তু ন   স হ স্রা ব্দে র   প্র থ ম   ২ ০   ব ছ রে র   প র্য ট ন   বি কা শে র   মূ ল্যা য় ন,69,19
বিভিন্ন সরকারি প্রতিষ্ঠান খিলভূমির আওতায় যে পরিমাণ এলাকার বিবরণ দিয়েছে তা ৩৮ মিলিয়ন হেক্টর থেকে ১৭৫ মিলিয়ন হেক্টর পর্যন্ত পরিবর্তিত হয়,বি ভি ন্ন   স র কা রি   প্র তি ষ্ঠা ন   খি ল ভূ মি র   আ ও তা য়   যে   প রি মা ণ   এ লা কা র   বি ব র ণ   দি য় ে ছে   তা   ৩ ৮   মি লি য ় ন   হে ক্ট র   থে কে   ১ ৭ ৫   মি লি য ় ন   হে ক্ট র   প র্য ন্ত   প রি ব র্তি ত   হ য়,71,21
আমরা বেশ কিছু গুরুত্বপূর্ণ বক্তৃতারও আয়োজনও করব যার মধ্যে 'আজাদি কা অমৃত মহোৎসব' প্রকল্পের উদযাপন থাকবে,আ ম রা   বে শ   কি ছু   গু রু ত্ব পূ র্ণ   ব ক্তৃ তা র ও   আ য় ো জ ন ও   ক র ব   যা র   ম ধ্যে   ' আ জা দি   কা   অ মৃ ত   ম হো ৎ স ব '   প্র ক ল্পে র   উ দ যা প ন   থা ক বে,56,16
২০২১ সালের জন্য প্রফেসর সুদীপ্ত সেন স্যার উইলিয়াম জোন্স মেমোরিয়াল মেডেলটি পেয়েছিলেন এবং ২২,২ ০ ২ ১   সা লে র   জ ন্য   প্র ফে স র   সু দী প্ত   সে ন   স্যা র   উ ই লি য় া ম   জো ন্স   মে মো রি য় া ল   মে ডে ল টি   পে য় ে ছি লে ন   এ বং   ২ ২,48,14
০৭,০ ৭,2,1
২০২২-এ উইলিয়াম জোন্স ও অষ্টাদশ শতাব্দীর শেষের দিকে কলকাতায় আইনী শাসনের উপর একটি সংক্ষিপ্ত বক্তৃতা দিয়েছিলেন,২ ০ ২ ২ - এ   উ ই লি য় া ম   জো ন্স   ও   অ ষ্টা দ শ   শ তা ব্দী র   শে ষে র   দি কে   ক ল কা তা য়   আ ই নী   শা স নে র   উ প র   এ ক টি   সং ক্ষি প্ত   ব ক্তৃ তা   দি য় ে ছি লে ন,58,16
প্রত্যেকদিন আমি এই ধরনের অভিযোগ পাই: 'যারা বৈধ তাদের ঢুকতে দেওয়া হচ্ছে না ওদিকে যারা বৈধ নয় তারা ১০০ টাকা দিলেই পাচার করে নিয়ে আসা হচ্ছে',প্র ত্যে ক দি ন   আ মি   এ ই   ধ র নে র   অ ভি যো গ   পা ই :   ' যা রা   বৈ ধ   তা দে র   ঢু ক তে   দে ও য় া   হ চ্ছে   না   ও দি কে   যা রা   বৈ ধ   ন য়   তা রা   ১ ০ ০   টা কা   দি লে ই   পা চা র   ক রে   নি য় ে   আ সা   হ চ্ছে ',70,26
কোনারকের সূর্য মন্দিরে শুইয়ে রাখা লৌহ স্তম্ভগুলি আরও বড়,কো না র কে র   সূ র্য   ম ন্দি রে   শু ই য় ে   রা খা   লৌ হ   স্ত ম্ভ গু লি   আ র ও   ব ড়,27,9
অর্জনহীনতার এই জৈন তত্ত্বটি সমাজে সম্পত্তি ও সম্পদের অধিকতর ন্যায়সঙ্গত বণ্টনের দিকে এগিয়ে নিয়ে যেতে পারে,অ র্জ ন হী ন তা র   এ ই   জৈ ন   ত ত্ত্ব টি   স মা জে   স ম্প ত্তি   ও   স ম্প দে র   অ ধি ক ত র   ন্যা য় স ঙ্গ ত   ব ণ্ট নে র   দি কে   এ গি য় ে   নি য় ে   যে তে   পা রে,52,16
"একইভাবে, যথাক্রমে ৩২","এ ক ই ভা বে ,   য থা ক্র মে   ৩ ২",12,3
"১২, ৩২","১ ২ ,   ৩ ২",5,2
১৩ ও ৩২,১ ৩   ও   ৩ ২,5,3
১৪ এবং ৪৯,১ ৪   এ বং   ৪ ৯,6,3
১ ও ৪৯,১   ও   ৪ ৯,4,3
"২ অধ্যায়ে অত্যন্ত দুষ্ট দু'জন মানুষ, গ্রেহ্‌মা ও বেনদ্বার উল্লেখ রয়েছে","২   অ ধ্যা য় ে   অ ত্য ন্ত   দু ষ্ট   দু ' জ ন   মা নু ষ ,   গ্রে হ্ মা   ও   বে ন দ্বা র   উ ল্লে খ   র য় ে ছে",33,11
"যেহেতু ধ্বংস করার মতো দীর্ঘস্থায়ী কিছু নেই এবং অমর হওয়ার মতো স্থিতিশীল কোনও আত্মা নেই সেহেতু প্রকৃত লক্ষ্য ধ্বংসবাদও নয়, শাশ্বতবাদও নয়","যে হে তু   ধ্বং স   ক রা র   ম তো   দী র্ঘ স্থা য় ী   কি ছু   নে ই   এ বং   অ ম র   হ ও য় া র   ম তো   স্থি তি শী ল   কো ন ও   আ ত্মা   নে ই   সে হে তু   প্র কৃ ত   ল ক্ষ্য   ধ্বং স বা দ ও   ন য় ,   শা শ্ব ত বা দ ও   ন য়",66,22
বিচ্ছেদের এই মুহূর্তে দু'জন কাছের মানুষের প্রতি তাঁর সমবেদনা ছিল নিদারুণ,বি চ্ছে দে র   এ ই   মু হূ র্তে   দু ' জ ন   কা ছে র   মা নু ষে র   প্র তি   তাঁ র   স ম বে দ না   ছি ল   নি দা রু ণ,35,11
সবকিছুর প্রাচুর্য থাকায় এবং সুরক্ষিত হওয়ার ফলে মা ও শিশুর ভবিষ্যতের পার্থিব সুখ ও স্বাচ্ছন্দ্য নিয়ে তিনি চিন্তিত ছিলেন না,স ব কি ছু র   প্রা চু র্য   থা কা য়   এ বং   সু র ক্ষি ত   হ ও য় া র   ফ লে   মা   ও   শি শু র   ভ বি ষ্য তে র   পা র্থি ব   সু খ   ও   স্বা চ্ছ ন্দ্য   নি য় ে   তি নি   চি ন্তি ত   ছি লে ন   না,55,20
"প্রায় একই সময়ে, এক সুপরিচিত হিন্দুর খ্রীষ্টধর্মে ধর্মান্তরিত হওয়ার কথা আমার কানে এলো","প্রা য়   এ ক ই   স ম য় ে ,   এ ক   সু প রি চি ত   হি ন্দু র   খ্রী ষ্ট ধ র্মে   ধ র্মা ন্ত রি ত   হ ও য় া র   ক থা   আ মা র   কা নে   এ লো",43,13
"পরবর্তী শ্লোকগুলিতে আমাদের বলা হয়েছে যে, মানবজাতিকে সত্যের পথ এবং সত্য অনুসারে জীবনযাপনের উপায় বাতলে দিতে ভগবান জরথুষ্ট্রকে মানবজাতির শিক্ষক হিসাবে নিযুক্ত করেছেন","প র ব র্তী   শ্লো ক গু লি তে   আ মা দে র   ব লা   হ য় ে ছে   যে ,   মা ন ব জা তি কে   স ত্যে র   প থ   এ বং   স ত্য   অ নু সা রে   জী ব ন যা প নে র   উ পা য়   বা ত লে   দি তে   ভ গ বা ন   জ র থু ষ্ট্র কে   মা ন ব জা তি র   শি ক্ষ ক   হি সা বে   নি যু ক্ত   ক রে ছে ন",83,23
"সামরিক অথবা আধ্যাত্মিক পরাক্রমে তিনভুবনে তাঁর সমান কেউ নেই, এবং কখনও থাকবেও না","সা ম রি ক   অ থ বা   আ ধ্যা ত্মি ক   প রা ক্র মে   তি ন ভু ব নে   তাঁ র   স মা ন   কে উ   নে ই ,   এ বং   ক খ ন ও   থা ক বে ও   না",41,13
"একাকী জীবনযাপনের জন্য অধিকতর আধ্যাত্মিক প্রবৃত্তিবিশিষ্টদের স্বভাব অনুযায়ী তাঁদের জন্য সবরকম সুযোগ-সুবিধা প্রদান করা হতো, এবং এই শিক্ষকদের অধিকাংশেরই প্রচুর সংখ্যক শিষ্য ছিল","এ কা কী   জী ব ন যা প নে র   জ ন্য   অ ধি ক ত র   আ ধ্যা ত্মি ক   প্র বৃ ত্তি বি শি ষ্ট দে র   স্ব ভা ব   অ নু যা য় ী   তাঁ দে র   জ ন্য   স ব র ক ম   সু যো গ - সু বি ধা   প্র দা ন   ক রা   হ তো ,   এ বং   এ ই   শি ক্ষ ক দে র   অ ধি কাং শে র ই   প্র চু র   সং খ্য ক   শি ষ্য   ছি ল",87,23
"তাই, পূর্বতনের থেকে অধিক দক্ষ অন্য এক ধর্মীয় শিক্ষকের সন্ধান করা সন্ন্যাসী গৌতমের পক্ষে কঠিন ছিল না","তা ই ,   পূ র্ব ত নে র   থে কে   অ ধি ক   দ ক্ষ   অ ন্য   এ ক   ধ র্মী য়   শি ক্ষ কে র   স ন্ধা ন   ক রা   স ন্ন্যা সী   গৌ ত মে র   প ক্ষে   ক ঠি ন   ছি ল   না",46,17
অতিরিক্ত সাতটি শপথের সঙ্গে আংশিক রীতিটি গৃহস্থদের জন্য সৃষ্ট হয়েছে,অ তি রি ক্ত   সা ত টি   শ প থে র   স ঙ্গে   আ ং শি ক   রী তি টি   গৃ হ স্থ দে র   জ ন্য   সৃ ষ্ট   হ য় ে ছে,33,10
"একইভাবে, দ্বিতীয় শ্রেণীর ঐর্যম্ন, বা বন্ধু কুৎসাকারীদের দ্বারা আক্রান্ত হতে পারে; এরকম মানুষদের তার থেকে দূরে রাখতে হবে","এ ক ই ভা বে ,   দ্বি তী য়   শ্রে ণী র   ঐ র্য ম্ন ,   বা   ব ন্ধু   কু ৎ সা কা রী দে র   দ্বা রা   আ ক্রা ন্ত   হ তে   পা রে ;   এ র ক ম   মা নু ষ দে র   তা র   থে কে   দূ রে   রা খ তে   হ বে",56,18
"পবিত্র শব্দের মাধ্যমে প্রভুর মহিমা কীর্তন কোনও অনুতপ্ত পাপীকে মুক্তি দিতে পারে, আর তাই, কর্মের তত্ত্বটির কার্যকারিতা থেমে যায়","প বি ত্র   শ ব্দে র   মা ধ্য মে   প্র ভু র   ম হি মা   কী র্ত ন   কো ন ও   অ নু ত প্ত   পা পী কে   মু ক্তি   দি তে   পা রে ,   আ র   তা ই ,   ক র্মে র   ত ত্ত্ব টি র   কা র্য কা রি তা   থে মে   যা য়",56,19
স্বয়ংসম্পূর্ণ এবং ধর্মীয় নির্দেশের আর প্রয়োজন না থাকা শ্বয়াইটু হলেন সর্বোচ্চ; বিপথে যাওয়া থেকে আটকাতে মানুষের সঙ্গে বন্ধুত্ব করা ঐর্যম্ন অথবা বন্ধু; এবং মাঠে নেমে কাজ করা সক্রিয় কর্মী এবং বিশ্বাসের প্রচারক ভেরেজানা অথবা কর্মী,স্ব য় ং স ম্পূ র্ণ   এ বং   ধ র্মী য়   নি র্দে শে র   আ র   প্র য় ো জ ন   না   থা কা   শ্ব য় া ই টু   হ লে ন   স র্বো চ্চ ;   বি প থে   যা ও য় া   থে কে   আ ট কা তে   মা নু ষে র   স ঙ্গে   ব ন্ধু ত্ব   ক রা   ঐ র্য ম্ন   অ থ বা   ব ন্ধু ;   এ বং   মা ঠে   নে মে   কা জ   ক রা   স ক্রি য়   ক র্মী   এ বং   বি শ্বা সে র   প্র চা র ক   ভে রে জা না   অ থ বা   ক র্মী,104,35
"আগুনের এই চিত্রণটির উল্লেখ করে বুদ্ধ যোগ করেন যে, প্রশ্নটি ভুলভাবে উপস্থাপিত","আ গু নে র   এ ই   চি ত্র ণ টি র   উ ল্লে খ   ক রে   বু দ্ধ   যো গ   ক রে ন   যে ,   প্র শ্ন টি   ভু ল ভা বে   উ প স্থা পি ত",37,12
"বুদ্ধ বলেন যে, মৃত্যুর পরে একজন অরহন্তের অস্তিত্ব আছে নাকি নেই সে সম্বন্ধে কিছু বলা সমীচীন নয়","বু দ্ধ   ব লে ন   যে ,   মৃ ত্যু র   প রে   এ ক জ ন   অ র হ ন্তে র   অ স্তি ত্ব   আ ছে   না কি   নে ই   সে   স ম্ব ন্ধে   কি ছু   ব লা   স মী চী ন   ন য়",44,17
উদাহরণ ও উপদেশের মাধ্যমে শেষ মুহূর্ত পর্যন্ত তিনি মানবতার সেবা করে গেছেন,উ দা হ র ণ   ও   উ প দে শে র   মা ধ্য মে   শে ষ   মু হূ র্ত   প র্য ন্ত   তি নি   মা ন ব তা র   সে বা   ক রে   গে ছে ন,36,12
"এই শপথে, নিজের আইনত বিবাহিত স্ত্রী ছাড়া গৃহস্থ আর কারোর সঙ্গে কোনওরকম যৌন সম্পর্কে লিপ্ত হতে পারবেন না","এ ই   শ প থে ,   নি জে র   আ ই ন ত   বি বা হি ত   স্ত্রী   ছা ড় া   গৃ হ স্থ   আ র   কা রো র   স ঙ্গে   কো ন ও র ক ম   যৌ ন   স ম্প র্কে   লি প্ত   হ তে   পা র বে ন   না",51,18
ছজন একসঙ্গে স্বর্গের উদ্দেশ্যে যাত্রা করলেও পরে ধর্মের অবতার হিসাবে প্রতীত একটি ছোট সারমেয় সহ স্বর্গের দরজা পর্যন্ত পৌঁছানো যুধিষ্ঠির ছাড়া সকলেরই পথেই মৃত্যু হয়,ছ জ ন   এ ক স ঙ্গে   স্ব র্গে র   উ দ্দে শ্যে   যা ত্রা   ক র লে ও   প রে   ধ র্মে র   অ ব তা র   হি সা বে   প্র তী ত   এ ক টি   ছো ট   সা র মে য়   স হ   স্ব র্গে র   দ র জা   প র্য ন্ত   পৌঁ ছা নো   যু ধি ষ্ঠি র   ছা ড় া   স ক লে র ই   প থে ই   মৃ ত্যু   হ য়,76,25
"শিখ ধর্মের আদর্শবাদী পন্থাটি হলো এই যে, তা ধনী অথবা গরিব, উচ্চ বা নীচ, বর্ণ, ধর্মবিশ্বাস, রং, জাতি, লিঙ্গ, ধর্ম অথবা জাতীয়তা নির্বিশেষে সব মানুষের মধ্যে একই স্বর্গীয় জ্যোতির অস্তিত্বের স্বীকৃতি দেয়","শি খ   ধ র্মে র   আ দ র্শ বা দী   প ন্থা টি   হ লো   এ ই   যে ,   তা   ধ নী   অ থ বা   গ রি ব ,   উ চ্চ   বা   নী চ ,   ব র্ণ ,   ধ র্ম বি শ্বা স ,   রং ,   জা তি ,   লি ঙ্গ ,   ধ র্ম   অ থ বা   জা তী য় তা   নি র্বি শে ষে   স ব   মা নু ষে র   ম ধ্যে   এ ক ই   স্ব র্গী য়   জ্যো তি র   অ স্তি ত্বে র   স্বী কৃ তি   দে য়",91,32
"অতএব, কোনওরকম কুসংস্কার অথবা সামাজিক বৈষম্য ছাড়াই গুরুদ্বার (গুরুর গৃহ) নামক শিখ মন্দিরের দরজা বিশ্বের সবার জন্য উন্মুক্ত","অ ত এ ব ,   কো ন ও র ক ম   কু সং স্কা র   অ থ বা   সা মা জি ক   বৈ ষ ম্য   ছা ড় া ই   গু রু দ্বা র   ( গু রু র   গৃ হ )   না ম ক   শি খ   ম ন্দি রে র   দ র জা   বি শ্বে র   স বা র   জ ন্য   উ ন্মু ক্ত",63,18
তা ভবিষ্যতের ত্রাণকর্তাও,তা   ভ বি ষ্য তে র   ত্রা ণ ক র্তা ও,11,3
"গাথার সম্ভবত সবথেকে গুরুত্বপূর্ণ শ্লোক, অধ্যায় ৪৫, শ্লোক নং","গা থা র   স ম্ভ ব ত   স ব থে কে   গু রু ত্ব পূ র্ণ   শ্লো ক ,   অ ধ্যা য়   ৪ ৫ ,   শ্লো ক   নং",28,9
"৮, যেখানে শেষ পর্যন্ত নবী জরথুষ্ট্র তাঁর মনশ্চক্ষুতে সর্বশক্তিমান স্বয়ং ঈশ্বরকে উপলব্ধি করেন, যেটির অনুবর্তী হিসাবে মানবজাতির অনুসরণীয় শুভ চিন্তা, শুভ শব্দ এবং শুভ কর্ম নিয়ে শুভ ত্রয়ীটি সত্যের পথ রূপে প্রবর্তিত হয়েছে","৮ ,   যে খা নে   শে ষ   প র্য ন্ত   ন বী   জ র থু ষ্ট্র   তাঁ র   ম ন শ্চ ক্ষু তে   স র্ব শ ক্তি মা ন   স্ব য় ং   ঈ শ্ব র কে   উ প ল ব্ধি   ক রে ন ,   যে টি র   অ নু ব র্তী   হি সা বে   মা ন ব জা তি র   অ নু স র ণী য়   শু ভ   চি ন্তা ,   শু ভ   শ ব্দ   এ বং   শু ভ   ক র্ম   নি য় ে   শু ভ   ত্র য় ী টি   স ত্যে র   প থ   রূ পে   প্র ব র্তি ত   হ য় ে ছে",105,33
"এই শ্লোকগুলির মধ্যে কয়েকটিতে উদ্ঘাটনের ধরনটি উল্লিখিত আছে, যেটি হলো জরথুষ্ট্রের মধ্যে শুদ্ধ মানসের প্রবেশ এবং মানবজাতিকে তিনি কী বলবেন তা বলে দেওয়া","এ ই   শ্লো ক গু লি র   ম ধ্যে   ক য় ে ক টি তে   উ দ্ঘা ট নে র   ধ র ন টি   উ ল্লি খি ত   আ ছে ,   যে টি   হ লো   জ র থু ষ্ট্রে র   ম ধ্যে   শু দ্ধ   মা ন সে র   প্র বে শ   এ বং   মা ন ব জা তি কে   তি নি   কী   ব ল বে ন   তা   ব লে   দে ও য় া",73,23
"নামসহ উল্লিখিত তৃতীয় জন হলেন বেনদ্বা, যিনি আবার স্বভাবগতভাবে এক মিথ্যাবাদী এবং শঠ ছিলেন, যে কারণে জরথুষ্ট্র তাঁর অনুগামীদের এই ধরনের মানুষজনের সঙ্গে মেলামেশা নিষিদ্ধ করেন","না ম স হ   উ ল্লি খি ত   তৃ তী য়   জ ন   হ লে ন   বে ন দ্বা ,   যি নি   আ বা র   স্ব ভা ব গ ত ভা বে   এ ক   মি থ্যা বা দী   এ বং   শ ঠ   ছি লে ন ,   যে   কা র ণে   জ র থু ষ্ট্র   তাঁ র   অ নু গা মী দে র   এ ই   ধ র নে র   মা নু ষ জ নে র   স ঙ্গে   মে লা মে শা   নি ষি দ্ধ   ক রে ন",86,26
"গীতার বাকি অংশ আত্মসংযম ও ভরসা, মনের সমতা ও নিঃস্বার্থভাব, তবে সর্বোপরি ভক্তি বা নিষ্ঠার গুরুত্ব সম্পর্কে বোধোদয়ের আগের ধারণাগুলিকে গভীরতর ও সম্পূরণ করে","গী তা র   বা কি   অ ং শ   আ ত্ম সং য ম   ও   ভ র সা ,   ম নে র   স ম তা   ও   নিঃ স্বা র্থ ভা ব ,   ত বে   স র্বো প রি   ভ ক্তি   বা   নি ষ্ঠা র   গু রু ত্ব   স ম্প র্কে   বো ধো দ য় ে র   আ গে র   ধা র ণা গু লি কে   গ ভী র ত র   ও   স ম্পূ র ণ   ক রে",76,24
"এই শ্লোকগুলিতে, জরথুষ্ট্র কোনও মানব মস্তিষ্ক অর্জিত সর্বোচ্চের সমতুল্য স্পেণ্টা মেইনয়ু-এর মতো হতে চান","এ ই   শ্লো ক গু লি তে ,   জ র থু ষ্ট্র   কো ন ও   মা ন ব   ম স্তি ষ্ক   অ র্জি ত   স র্বো চ্চে র   স ম তু ল্য   স্পে ণ্টা   মে ই ন য় ু - এ র   ম তো   হ তে   চা ন",48,14
এরপর তিনি অর্জুনকে দার্শনিক চিন্তাধারা ও মোক্ষলাভের উপায়সমূহের এক সফরে নিয়ে যান,এ র প র   তি নি   অ র্জু ন কে   দা র্শ নি ক   চি ন্তা ধা রা   ও   মো ক্ষ লা ভে র   উ পা য় স মূ হে র   এ ক   স ফ রে   নি য় ে   যা ন,41,12
"গীতার এই অংশটি এক বিহ্বল করা দর্শনের মধ্যে দিয়ে শেষ হয়: অর্জুনের হৃদয়ে ত্রাস উদ্রেককারী তাঁর দিব্য রূপ, বিশ্বরূপের দর্শন করান কৃষ্ণ","গী তা র   এ ই   অ ং শ টি   এ ক   বি হ্ব ল   ক রা   দ র্শ নে র   ম ধ্যে   দি য় ে   শে ষ   হ য় :   অ র্জু নে র   হৃ দ য় ে   ত্রা স   উ দ্রে ক কা রী   তাঁ র   দি ব্য   রূ প ,   বি শ্ব রূ পে র   দ র্শ ন   ক রা ন   কৃ ষ্ণ",65,22
"তারপর আসেন এক অবৈধ সম্পর্কজাত রাজা, দারিয়ুস নথোস; নথোস অর্থাৎ বিজয়ী উইলিয়ামের মতো অবৈধ কারোর পুত্র","তা র প র   আ সে ন   এ ক   অ বৈ ধ   স ম্প র্ক জা ত   রা জা ,   দা রি য় ু স   ন থো স ;   ন থো স   অ র্থা ৎ   বি জ য় ী   উ ই লি য় া মে র   ম তো   অ বৈ ধ   কা রো র   পু ত্র",56,16
"এরপর আমরা পাই দ্বিতীয় আর্টাজার্ক্সিসকে, যিনি ছিলেন বিবেচক","এ র প র   আ ম রা   পা ই   দ্বি তী য়   আ র্টা জা র্ক্সি স কে ,   যি নি   ছি লে ন   বি বে চ ক",28,8
"বলা হয় যে, তিনি এই বিশ্বের আধ্যাত্মিক দিকটির পরিবর্তে পার্থিব দিকটি আলোকিত করেছেন এবং তাই জরথুষ্ট্র দ্বারা নিন্দিত","ব লা   হ য়   যে ,   তি নি   এ ই   বি শ্বে র   আ ধ্যা ত্মি ক   দি ক টি র   প রি ব র্তে   পা র্থি ব   দি ক টি   আ লো কি ত   ক রে ছে ন   এ বং   তা ই   জ র থু ষ্ট্র   দ্বা রা   নি ন্দি ত",52,18
"প্রথম জন হলেন যিমা, যিনি আর কেউ নন; সেই নামকরা রাজা জামশেদ, যার নামে প্রত্যেক বছর ২১শে মার্চের নভরোজ উৎসবের নামকরণ হয়","প্র থ ম   জ ন   হ লে ন   যি মা ,   যি নি   আ র   কে উ   ন ন ;   সে ই   না ম ক রা   রা জা   জা ম শে দ ,   যা র   না মে   প্র ত্যে ক   ব ছ র   ২ ১ শে   মা র্চে র   ন ভ রো জ   উ ৎ স বে র   না ম ক র ণ   হ য়",65,22
"এই বিভ্রান্তি দূর করতে, কোনও ব্যক্তি সম্পত্তিহীনতার শপথ নেন এবং আত্মার পরিপূর্ণতা উপলব্ধি করেন","এ ই   বি ভ্রা ন্তি   দূ র   ক র তে ,   কো ন ও   ব্য ক্তি   স ম্প ত্তি হী ন তা র   শ প থ   নে ন   এ বং   আ ত্মা র   প রি পূ র্ণ তা   উ প ল ব্ধি   ক রে ন",45,14
"নগর মন্দির থেকে আলাদা, দ্রাবিড় মন্দির একটি প্রাচীর দ্বারা পরিবেষ্টিত","ন গ র   ম ন্দি র   থে কে   আ লা দা ,   দ্রা বি ড়   ম ন্দি র   এ ক টি   প্রা চী র   দ্বা রা   প রি বে ষ্টি ত",31,10
"যাইহোক, অশুভের হাত থেকে মানবজাতির রক্ষার্থে তিনি ভগবানের বার্তা নিয়ে আসা এক সন্ত","যা ই হো ক ,   অ শু ভে র   হা ত   থে কে   মা ন ব জা তি র   র ক্ষা র্থে   তি নি   ভ গ বা নে র   বা র্তা   নি য় ে   আ সা   এ ক   স ন্ত",40,13
"ইতিমধ্যেই আমরা দেখেছি যে, ধরিত্রী মাতা কিভাবে কোনও একজন রক্ষকের নিযুক্তি চেয়েছিলেন এবং সেইমতো জরথুষ্ট্র কেমন করে নিযুক্ত হন","ই তি ম ধ্যে ই   আ ম রা   দে খে ছি   যে ,   ধ রি ত্রী   মা তা   কি ভা বে   কো ন ও   এ ক জ ন   র ক্ষ কে র   নি যু ক্তি   চে য় ে ছি লে ন   এ বং   সে ই ম তো   জ র থু ষ্ট্র   কে ম ন   ক রে   নি যু ক্ত   হ ন",61,19
অর্জুন যুদ্ধ করতে অস্বীকার করলে কৃষ্ণ তাঁর প্রতি ধৈর্য হারিয়ে ফেলেন,অ র্জু ন   যু দ্ধ   ক র তে   অ স্বী কা র   ক র লে   কৃ ষ্ণ   তাঁ র   প্র তি   ধৈ র্য   হা রি য় ে   ফে লে ন,30,11
"অতএব, গুরুত্বপূর্ণ এক শ্লোকে, মাঘ সম্প্রদায়ের প্রথম স্তরে থাকা আত্মনির্ভরদের বিকৃত চিন্তা থেকে সাবধানে থাকতে হবে, যার পেছনে মূল ধারণাটি হলো, সর্বোচ্চ স্তরে পৌঁছনো মানুষদের অহংবোধ নয়, নম্রতার পথই মেনেই চলা উচিত","অ ত এ ব ,   গু রু ত্ব পূ র্ণ   এ ক   শ্লো কে ,   মা ঘ   স ম্প্র দা য় ে র   প্র থ ম   স্ত রে   থা কা   আ ত্ম নি র্ভ র দে র   বি কৃ ত   চি ন্তা   থে কে   সা ব ধা নে   থা ক তে   হ বে ,   যা র   পে ছ নে   মূ ল   ধা র ণা টি   হ লো ,   স র্বো চ্চ   স্ত রে   পৌঁ ছ নো   মা নু ষ দে র   অ হং বো ধ   ন য় ,   ন ম্র তা র   প থ ই   মে নে ই   চ লা   উ চি ত",103,32
"টোকিও অলিম্পিকের সময়ে, আমি একজন মনোবিদের কাছে গেলেও কখনই সেটিকে প্রাধান্য দিইনি এবং আমার শরীরের খেয়াল রাখিনি","টো কি ও   অ লি ম্পি কে র   স ম য় ে ,   আ মি   এ ক জ ন   ম নো বি দে র   কা ছে   গে লে ও   ক খ ন ই   সে টি কে   প্রা ধা ন্য   দি ই নি   এ বং   আ মা র   শ রী রে র   খে য় া ল   রা খি নি",58,17
আমার এখনও কঠিন প্রশিক্ষণের প্রয়োজন,আ মা র   এ খ ন ও   ক ঠি ন   প্র শি ক্ষ ণে র   প্র য় ো জ ন,20,5
"অলিম্পিয়ান হওয়া দারুণ ব্যাপার, কিন্তু পরবর্তীকালে চাপ এবং উদ্বেগ থেকে যায়","অ লি ম্পি য় া ন   হ ও য় া   দা রু ণ   ব্যা পা র ,   কি ন্তু   প র ব র্তী কা লে   চা প   এ বং   উ দ্বে গ   থে কে   যা য়",36,11
"আর হ্যাঁ, আপনি একজন অলিম্পিয়ান কিন্তু তার জন্য আপনি কী পান","আ র   হ্যাঁ ,   আ প নি   এ ক জ ন   অ লি ম্পি য় া ন   কি ন্তু   তা র   জ ন্য   আ প নি   কী   পা ন",29,11
২০১৪ সালে তাঁর মৃত্যুর আগে আমি এটা অর্জন করতে পারিনি,২ ০ ১ ৪   সা লে   তাঁ র   মৃ ত্যু র   আ গে   আ মি   এ টা   অ র্জ ন   ক র তে   পা রি নি,26,10
"আমি তাঁকে আমার সঙ্গে অনুভব করেছি, তিনি যেন রাত্রে আমাকে পাহারা দিচ্ছেন","আ মি   তাঁ কে   আ মা র   স ঙ্গে   অ নু ভ ব   ক রে ছি ,   তি নি   যে ন   রা ত্রে   আ মা কে   পা হা রা   দি চ্ছে ন",32,12
"শুধুমাত্র গোলরক্ষককে মাত করতে, দলের একজন মনোনীত সদস্যকে পেনাল্টি বিন্দু থেকে গোলে মারার অনুমতি দেওয়া হয়","শু ধু মা ত্র   গো ল র ক্ষ ক কে   মা ত   ক র তে ,   দ লে র   এ ক জ ন   ম নো নী ত   স দ স্য কে   পে না ল্টি   বি ন্দু   থে কে   গো লে   মা রা র   অ নু ম তি   দে ও য় া   হ য়",53,16
যতক্ষণ না বল মারা হচ্ছে গোলরক্ষকের নিজের লাইনেই থাকা উচিত এবং বাকি সব খেলোয়াড়দের পেনাল্টি মারার স্থানের পিছনে পেনাল্টি অঞ্চলের বাইরে থাকা উচিত,য ত ক্ষ ণ   না   ব ল   মা রা   হ চ্ছে   গো ল র ক্ষ কে র   নি জে র   লা ই নে ই   থা কা   উ চি ত   এ বং   বা কি   স ব   খে লো য় া ড় দে র   পে না ল্টি   মা রা র   স্থা নে র   পি ছ নে   পে না ল্টি   অ ঞ্চ লে র   বা ই রে   থা কা   উ চি ত,69,23
কোনও দলগত খেলার অর্থ হলো একই লক্ষ্যের দিকে এগিয়ে যাওয়া খেলোয়াড়দের নিয়ে সংগঠিত শারীরিক কার্যকলাপ,কো ন ও   দ ল গ ত   খে লা র   অ র্থ   হ লো   এ ক ই   ল ক্ষ্যে র   দি কে   এ গি য় ে   যা ও য় া   খে লো য় া ড় দে র   নি য় ে   সং গ ঠি ত   শা রী রি ক   কা র্য ক লা প,53,15
"দলগত খেলায়, বিজয়ী হওয়ার একই লক্ষ্যে একটি দলের প্রত্যেকে কাঁধে কাঁধ মিলিয়ে প্রস্তুতি নেয় ও লড়ে","দ ল গ ত   খে লা য় ,   বি জ য় ী   হ ও য় া র   এ ক ই   ল ক্ষ্যে   এ ক টি   দ লে র   প্র ত্যে কে   কাঁ ধে   কাঁ ধ   মি লি য় ে   প্র স্তু তি   নে য়   ও   ল ড় ে",48,16
"দলের সদস্যরা পয়েন্টের লক্ষ্যমাত্রা ঠিক করে নিয়ে স্কোর করে, সিদ্ধান্ত নেয়, নিজেদের মধ্যে আলোচনা করে, পরস্পরবিরোধী পরিস্থিতির সামাল দেয় এবং যাতে তাদের লক্ষ্যে পৌঁছতে পারে সেজন্য একটি অনুকূল, বিশ্বস্ত পরিবেশে সমস্যার সমাধান করে","দ লে র   স দ স্য রা   প য় ে ন্টে র   ল ক্ষ্য মা ত্রা   ঠি ক   ক রে   নি য় ে   স্কো র   ক রে ,   সি দ্ধা ন্ত   নে য় ,   নি জে দে র   ম ধ্যে   আ লো চ না   ক রে ,   প র স্প র বি রো ধী   প রি স্থি তি র   সা মা ল   দে য়   এ বং   যা তে   তা দে র   ল ক্ষ্যে   পৌঁ ছ তে   পা রে   সে জ ন্য   এ ক টি   অ নু কূ ল ,   বি শ্ব স্ত   প রি বে শে   স ম স্যা র   স মা ধা ন   ক রে",106,33
"মেয়েবেলার প্রায় সবকটি স্বপ্নই পূরণ করলেও, টোকিও-র পরে হোয়াইটবুইয়ের মধ্যে একটা অসন্তুষ্ট ভাব রয়ে গেছিলো","মে য় ে বে লা র   প্রা য়   স ব ক টি   স্ব প্ন ই   পূ র ণ   ক র লে ও ,   টো কি ও - র   প রে   হো য় া ই ট বু ই য় ে র   ম ধ্যে   এ ক টা   অ স ন্তু ষ্ট   ভা ব   র য় ে   গে ছি লো",57,15
বিশ্বব্যাপী অতিমারীটি অলিম্পিক অভিজ্ঞতার জৌলুস কিছুটা কমিয়ে দিয়েছে,বি শ্ব ব্যা পী   অ তি মা রী টি   অ লি ম্পি ক   অ ভি জ্ঞ তা র   জৌ লু স   কি ছু টা   ক মি য় ে   দি য় ে ছে,32,8
একটি প্রদর্শনী খেলা চলাকালীন কেউ কেউ মন্তব্য করে যে খেলোয়াড়রা জালের উপর দিয়ে বলটাকে আগে পিছে করে ভলি করানোর চেষ্টা করছে এবং তাই বোধহয় ভলিবল নামটা এই ক্রীড়ার জন্য বেশ একটা বর্ণনামূলক নাম,এ ক টি   প্র দ র্শ নী   খে লা   চ লা কা লী ন   কে উ   কে উ   ম ন্ত ব্য   ক রে   যে   খে লো য় া ড় রা   জা লে র   উ প র   দি য় ে   ব ল টা কে   আ গে   পি ছে   ক রে   ভ লি   ক রা নো র   চে ষ্টা   ক র ছে   এ বং   তা ই   বো ধ হ য়   ভ লি ব ল   না ম টা   এ ই   ক্রী ড় া র   জ ন্য   বে শ   এ ক টা   ব র্ণ না মূ ল ক   না ম,96,33
ম্যাসাচুসেট্‌সের হলিওক-এ ওয়াই,ম্যা সা চু সে ট্ সে র   হ লি ও ক - এ   ও য় া ই,17,3
এম,এ ম,2,1
সি,সি,1,1
এ (আমেরিকা) দ্বারা ১৮৯৫-এ উইলিয়াম জি,এ   ( আ মে রি কা )   দ্বা রা   ১ ৮ ৯ ৫ - এ   উ ই লি য় া ম   জি,22,6
মর্গ্যান ভলিবল খেলাটির উদ্ভাবন করেন,ম র্গ্যা ন   ভ লি ব ল   খে লা টি র   উ দ্ভা ব ন   ক রে ন,18,5
"ফিল্ড হকি হল একটি দলগত খেলা যেখানে একটি দলের খেলোয়াড়রা বাঁকানো স্টিক ব্যবহার করে প্রতিপক্ষ দলের গোলপোস্টে বলটাকে আঘাত করে, ছেঁচে, ধাক্কা মেরে বা ঠেলে দিয়ে গোল করার প্রচেষ্টা করে","ফি ল্ড   হ কি   হ ল   এ ক টি   দ ল গ ত   খে লা   যে খা নে   এ ক টি   দ লে র   খে লো য় া ড় রা   বাঁ কা নো   স্টি ক   ব্য ব হা র   ক রে   প্র তি প ক্ষ   দ লে র   গো ল পো স্টে   ব ল টা কে   আ ঘা ত   ক রে ,   ছেঁ চে ,   ধা ক্কা   মে রে   বা   ঠে লে   দি য় ে   গো ল   ক রা র   প্র চে ষ্টা   ক রে",85,30
"যাইহোক ""ফিল্ড হকি"" নামটা সেইসব দেশে ব্যবহার করা হয় যেখানে ""হকি"" শব্দটি সাধারণত অন্য ধরনের হকি-খেলা যেমন- আইস হকি বা স্ট্রিট হকির জন্য সংরক্ষিত করে রাখা","যা ই হো ক   "" ফি ল্ড   হ কি ""   না ম টা   সে ই স ব   দে শে   ব্য ব হা র   ক রা   হ য়   যে খা নে   "" হ কি ""   শ ব্দ টি   সা ধা র ণ ত   অ ন্য   ধ র নে র   হ কি - খে লা   যে ম ন -   আ ই স   হ কি   বা   স্ট্রি ট   হ কি র   জ ন্য   সং র ক্ষি ত   ক রে   রা খা",78,26
"ড্রিবলিং, পাসিং, ট্যাপিং এবং হিটিং-এর মতো প্রাথমিক দক্ষতাগুলি খেলোয়াড়দের শিখতে হবে","ড্রি ব লিং ,   পা সিং ,   ট্যা পিং   এ বং   হি টিং - এ র   ম তো   প্রা থ মি ক   দ ক্ষ তা গু লি   খে লো য় া ড় দে র   শি খ তে   হ বে",39,11
অস্ট্রেলিয়া এবং নিউজিল্যাণ্ডের পুরুষ দলের মধ্যে ২০০৫-এর ১৭ই ফেব্রুয়ারি প্রথম আন্তর্জাতিক টি-টোয়েন্টি ম্যাচ খেলা হয়েছিল,অ স্ট্রে লি য় া   এ বং   নি উ জি ল্যা ণ্ডে র   পু রু ষ   দ লে র   ম ধ্যে   ২ ০ ০ ৫ - এ র   ১ ৭ ই   ফে ব্রু য় া রি   প্র থ ম   আ ন্ত র্জা তি ক   টি - টো য় ে ন্টি   ম্যা চ   খে লা   হ য় ে ছি ল,59,15
ইংল্যাণ্ড এবং নিউজিল্যাণ্ডের মেয়েদের দলের মধ্যে ২০০৪-এর ৫ই আগস্ট প্রথম আন্তর্জাতিক টি-টোয়েন্টি ম্যাচ খেলা হয়,ই ং ল্যা ণ্ড   এ বং   নি উ জি ল্যা ণ্ডে র   মে য় ে দে র   দ লে র   ম ধ্যে   ২ ০ ০ ৪ - এ র   ৫ ই   আ গ স্ট   প্র থ ম   আ ন্ত র্জা তি ক   টি - টো য় ে ন্টি   ম্যা চ   খে লা   হ য়,54,15
"কমনওয়েলথের বাইরের দেশগুলিকে সদস্য হওয়ার সুযোগ করে দিতে ইম্পেরিয়াল ক্রিকেট কনফারেন্স নামটি আন্তর্জাতিক ক্রিকেট কাউন্সিল (পরবর্তীকালে, কাউন্সিল)-এ রূপান্তরিত করা হয়","ক ম ন ও য় ে ল থে র   বা ই রে র   দে শ গু লি কে   স দ স্য   হ ও য় া র   সু যো গ   ক রে   দি তে   ই ম্পে রি য় া ল   ক্রি কে ট   ক ন ফা রে ন্স   না ম টি   আ ন্ত র্জা তি ক   ক্রি কে ট   কা উ ন্সি ল   ( প র ব র্তী কা লে ,   কা উ ন্সি ল ) - এ   রূ পা ন্ত রি ত   ক রা   হ য়",86,20
"আসল নাম মিন্টোনেট, এটি একটি হালকা ধরনের অন্তঃস্থ খেলা হিসেবে বয়স্ক খেলোয়াড়দের জন্য তৈরী হয়েছিল যাতে তারা বলটিকে বাতাসে ভাসিয়ে রেখে কিছুটা দৌড়বিদসুলভ প্রচেষ্টা প্রয়োগ করতে সক্ষম হয়","আ স ল   না ম   মি ন্টো নে ট ,   এ টি   এ ক টি   হা ল কা   ধ র নে র   অ ন্তঃ স্থ   খে লা   হি সে বে   ব য় স্ক   খে লো য় া ড় দে র   জ ন্য   তৈ রী   হ য় ে ছি ল   যা তে   তা রা   ব ল টি কে   বা তা সে   ভা সি য় ে   রে খে   কি ছু টা   দৌ ড় বি দ সু ল ভ   প্র চে ষ্টা   প্র য় ো গ   ক র তে   স ক্ষ ম   হ য়",91,28
জাল ব্যবহার করার বুদ্ধিটা টেনিসের থেকে ধার করা,জা ল   ব্য ব হা র   ক রা র   বু দ্ধি টা   টে নি সে র   থে কে   ধা র   ক রা,22,8
"পাস করার আগে লক্ষ্যের দিকে তাকান, তারপরে বলের দিকে এগোন এবং মাথা শক্ত রেখে বলের দিকে তাকিয়ে থাকুন","পা স   ক রা র   আ গে   ল ক্ষ্যে র   দি কে   তা কা ন ,   তা র প রে   ব লে র   দি কে   এ গো ন   এ বং   মা থা   শ ক্ত   রে খে   ব লে র   দি কে   তা কি য় ে   থা কু ন",48,18
"যে রেফারি ছয় গজ দূরে দাঁড়িয়ে ছিল, দুটো হাতের তালু নিচের দিকে করে রক্ষণভাগের খেলোয়াড়কে সংকেত দিচ্ছিল কঠিন ট্যাকল থেকে বেরিয়ে আসতে","যে   রে ফা রি   ছ য়   গ জ   দূ রে   দাঁ ড় ি য় ে   ছি ল ,   দু টো   হা তে র   তা লু   নি চে র   দি কে   ক রে   র ক্ষ ণ ভা গে র   খে লো য় া ড় কে   সং কে ত   দি চ্ছি ল   ক ঠি ন   ট্যা ক ল   থে কে   বে রি য় ে   আ স তে",65,22
সপ্তদশ শতাব্দীর দ্বিতীয়ার্ধে ক্রিকেট একটি ব্যাপক জনপ্রিয় ক্রীড়ায় রূপান্তরিত হয়,স প্ত দ শ   শ তা ব্দী র   দ্বি তী য় া র্ধে   ক্রি কে ট   এ ক টি   ব্যা প ক   জ ন প্রি য়   ক্রী ড় া য়   রূ পা ন্ত রি ত   হ য়,37,10
১৭৫০-এর দশকে প্রতিষ্ঠিত হেম্বলডন ক্লাব খেলাটির বিবর্তনে এক গুরুত্বপূর্ণ ভূমিকা পালন করে,১ ৭ ৫ ০ - এ র   দ শ কে   প্র তি ষ্ঠি ত   হে ম্ব ল ড ন   ক্লা ব   খে লা টি র   বি ব র্ত নে   এ ক   গু রু ত্ব পূ র্ণ   ভূ মি কা   পা ল ন   ক রে,44,12
বর্তমানে যেমনভাবে ক্রিকেট খেলা হয় তার উৎপত্তি ইংল্যাণ্ডের দক্ষিণ-পূর্ব ভাগ থেকে,ব র্ত মা নে   যে ম ন ভা বে   ক্রি কে ট   খে লা   হ য়   তা র   উ ৎ প ত্তি   ই ং ল্যা ণ্ডে র   দ ক্ষি ণ - পূ র্ব   ভা গ   থে কে,37,11
রিবাউন্ডের দুটি শ্রেণী হয়ঃ আক্রমণাত্মক রিবাউন্ড যেখানে বল আক্রমণাত্মক পক্ষের দ্বারা পুন:প্রাপ্ত হয় ও তারা দখল ছাড়ে না আর রক্ষণাত্মক রিবাউন্ড যেখানে রক্ষক দল ফাঁকা বলের দখল প্রাপ্ত করে,রি বা উ ন্ডে র   দু টি   শ্রে ণী   হ য় ঃ   আ ক্র ম ণা ত্ম ক   রি বা উ ন্ড   যে খা নে   ব ল   আ ক্র ম ণা ত্ম ক   প ক্ষে র   দ্বা রা   পু ন : প্রা প্ত   হ য়   ও   তা রা   দ খ ল   ছা ড় ে   না   আ র   র ক্ষ ণা ত্ম ক   রি বা উ ন্ড   যে খা নে   র ক্ষ ক   দ ল   ফাঁ কা   ব লে র   দ খ ল   প্রা প্ত   ক রে,86,29
"কোনও দলে একটি শটও ফসকালে অধিকাংশ দখলে থাকা বল চলে যায়, যা খেলায় একটি গুরুত্বপূর্ণ ভূমিকা পালন করে","কো ন ও   দ লে   এ ক টি   শ ট ও   ফ স কা লে   অ ধি কাং শ   দ খ লে   থা কা   ব ল   চ লে   যা য় ,   যা   খে লা য়   এ ক টি   গু রু ত্ব পূ র্ণ   ভূ মি কা   পা ল ন   ক রে",51,18
দ্রুত বলের আদান-প্রদানটা চলতে থাকে যেখানে প্রতি দলকে তিনটি একটানা টাচের অনুমতি দেওয়া হয় যতক্ষণ না কোনও একটা দল প্রতিপক্ষের কোর্টে বলটি ফেলে জিতে যাচ্ছে বা কোনও দল ভুলের মাসুল দিয়ে হেরে যাচ্ছে,দ্রু ত   ব লে র   আ দা ন - প্র দা ন টা   চ ল তে   থা কে   যে খা নে   প্র তি   দ ল কে   তি ন টি   এ ক টা না   টা চে র   অ নু ম তি   দে ও য় া   হ য়   য ত ক্ষ ণ   না   কো ন ও   এ ক টা   দ ল   প্র তি প ক্ষে র   কো র্টে   ব ল টি   ফে লে   জি তে   যা চ্ছে   বা   কো ন ও   দ ল   ভু লে র   মা সু ল   দি য় ে   হে রে   যা চ্ছে,94,33
গ্রাহক দলটি তাদের ক্ষেত্রের মধ্যে বলটিকে আটকে যেতে দেবে না,গ্রা হ ক   দ ল টি   তা দে র   ক্ষে ত্রে র   ম ধ্যে   ব ল টি কে   আ ট কে   যে তে   দে বে   না,26,10
"তাদের অগ্রগতির সঙ্গে তাল মিলিয়ে দক্ষতাগুলিও আরও সঙ্গতিপূর্ণ ও কার্যকর হয়ে উঠতে হবে, এবং পরিস্থিতি অনুযায়ী খেলোয়াড়দের পরিচিত করাতে হবে","তা দে র   অ গ্র গ তি র   স ঙ্গে   তা ল   মি লি য় ে   দ ক্ষ তা গু লি ও   আ র ও   স ঙ্গ তি পূ র্ণ   ও   কা র্য ক র   হ য় ে   উ ঠ তে   হ বে ,   এ বং   প রি স্থি তি   অ নু যা য় ী   খে লো য় া ড় দে র   প রি চি ত   ক রা তে   হ বে",71,20
এটা করতে গেলে তাদের শিখতে হবে কীভাবে বলটাকে নিজের কাছে রাখার জন্য সফলভাবে এবং সঠিকভাবে ও তাড়াতাড়ি বলটাকে খেলোয়াড়দের মাঝ দিয়ে কাটিয়ে আনতে হয়,এ টা   ক র তে   গে লে   তা দে র   শি খ তে   হ বে   কী ভা বে   ব ল টা কে   নি জে র   কা ছে   রা খা র   জ ন্য   স ফ ল ভা বে   এ বং   স ঠি ক ভা বে   ও   তা ড় া তা ড় ি   ব ল টা কে   খে লো য় া ড় দে র   মা ঝ   দি য় ে   কা টি য় ে   আ ন তে   হ য়,76,24
এবং ৪১ বছরের জ্লাটান ইব্রাহিমোভিচের কি এখনও একটি বড় গোল দেওয়ার সম্ভাবনা আছে,এ বং   ৪ ১   ব ছ রে র   জ্লা টা ন   ই ব্রা হি মো ভি চে র   কি   এ খ ন ও   এ ক টি   ব ড়   গো ল   দে ও য় া র   স ম্ভা ব না   আ ছে,41,13
এইটা সামনের দিকের খেলোয়াড়দের মধ্যে লড়াই পর্যন্ত নেমে আসতে পারে,এ ই টা   সা ম নে র   দি কে র   খে লো য় া ড় দে র   ম ধ্যে   ল ড় া ই   প র্য ন্ত   নে মে   আ স তে   পা রে,33,10
হ্যারি কেন ও সন হিউং-মিন কি তাদের দক্ষতা দিয়ে মিলানকে কুপোকাত করতে পারবে নাকি চেলসি এবং আর্সেনালের প্রাক্তন ফরোয়ার্ড অলিভিয়ের জিরু স্পার্সের আতঙ্কিত করার জন্য পুনরায় ফিরে আসবে,হ্যা রি   কে ন   ও   স ন   হি উ ং - মি ন   কি   তা দে র   দ ক্ষ তা   দি য় ে   মি লা ন কে   কু পো কা ত   ক র তে   পা র বে   না কি   চে ল সি   এ বং   আ র্সে না লে র   প্রা ক্ত ন   ফ রো য ় া র্ড   অ লি ভি য ় ে র   জি রু   স্পা র্সে র   আ ত ঙ্কি ত   ক রা র   জ ন্য   পু ন রা য়   ফি রে   আ স বে,88,28
এটা ঘরের ভেতরে অথবা বাইরে খেলা যায়,এ টা   ঘ রে র   ভে ত রে   অ থ বা   বা ই রে   খে লা   যা য়,18,7
ভলিবল হলো ছ'জন করে খেলোয়াড় নিয়ে দু'টি দলের মধ্যে একটি দ্রুতগতির খেলা,ভ লি ব ল   হ লো   ছ ' জ ন   ক রে   খে লো য় া ড়   নি য় ে   দু ' টি   দ লে র   ম ধ্যে   এ ক টি   দ্রু ত গ তি র   খে লা,38,12
মেরিলিবোন ক্রিকেট ক্লাব (এম,মে রি লি বো ন   ক্রি কে ট   ক্লা ব   ( এ ম,13,4
সি,সি,1,1
"সি), লণ্ডনের লর্ডসে যাদের সদর দপ্তর, তাদের দ্বারা এটি রদ করা হয়","সি ) ,   ল ণ্ড নে র   ল র্ড সে   যা দে র   স দ র   দ প্ত র ,   তা দে র   দ্বা রা   এ টি   র দ   ক রা   হ য়",33,12
ভিসা হল কোনও ব্যক্তির প্রমাণপত্রাদি যাচাইয়ের পর তাঁর পাসপোর্টে বাইরের কোনও অভিবাসন আধিকারিকদের তৈরী ছাপসহ একটি শংসাপত্র,ভি সা   হ ল   কো ন ও   ব্য ক্তি র   প্র মা ণ প ত্রা দি   যা চা ই য় ে র   প র   তাঁ র   পা স পো র্টে   বা ই রে র   কো ন ও   অ ভি বা স ন   আ ধি কা রি ক দে র   তৈ রী   ছা প স হ   এ ক টি   শং সা প ত্র,62,17
এটি কোনও ব্যক্তিকে অস্থায়ী সময়কালের জন্য কোনও দেশে প্রবেশ ও বাস করার অধিকার প্রদান করে,এ টি   কো ন ও   ব্য ক্তি কে   অ স্থা য় ী   স ম য় কা লে র   জ ন্য   কো ন ও   দে শে   প্র বে শ   ও   বা স   ক রা র   অ ধি কা র   প্র দা ন   ক রে,43,15
"সার্জেন্ট কমিটির বিবৃতি অনুসারে, পর্যটক চলাচল কমিটিটি ১৯৪৮-এ সংগঠিত হয়","সা র্জে ন্ট   ক মি টি র   বি বৃ তি   অ নু সা রে ,   প র্য ট ক   চ লা চ ল   ক মি টি টি   ১ ৯ ৪ ৮ - এ   সং গ ঠি ত   হ য়",39,10
"আকর্ষণসমূহ, থাকার ব্যবস্থা, সহযোগী সুযোগ-সুবিধা এবং পরিকাঠামো হলো পর্যটনের মূল উপাদান","আ ক র্ষ ণ স মূ হ ,   থা কা র   ব্য ব স্থা ,   স হ যো গী   সু যো গ - সু বি ধা   এ বং   প রি কা ঠা মো   হ লো   প র্য ট নে র   মূ ল   উ পা দা ন",46,11
পর্যটন শিল্পের আরও বেশি উন্নতির ক্ষেত্রে বিশেষ বিশেষ জায়গায় এইসব সুবিধা-সুযোগ গড়ে তুলতে হবে এবং এর জন্য সরকারীর পাশাপাশি বেসরকারী ক্ষেত্রকে নেতৃত্ব নিতে হবে,প র্য ট ন   শি ল্পে র   আ র ও   বে শি   উ ন্ন তি র   ক্ষে ত্রে   বি শে ষ   বি শে ষ   জা য় গা য়   এ ই স ব   সু বি ধা - সু যে া গ   গ ড় ে   তু ল তে   হ বে   এ বং   এ র   জ ন্য   স র কা রী র   পা শা পা শি   বে স র কা রী   ক্ষে ত্র কে   নে তৃ ত্ব   নি তে   হ বে,78,24
"উপহ্রদ, হ্রদ এবং খালের এক জটিল অন্তর্জাল দ্বারা বেষ্টিত কেরলের ব্যাকওয়াটারসমূহ 'কেট্টুবল্লম' নামক একধরনের ঐতিহ্যবাহী খড়ের চালের হাউসবোটে থেকে সর্বোত্তম উপভোগ করা যায়","উ প হ্র দ ,   হ্র দ   এ বং   খা লে র   এ ক   জ টি ল   অ ন্ত র্জা ল   দ্বা রা   বে ষ্টি ত   কে র লে র   ব্যা ক ও য় া টা র স মূ হ   ' কে ট্টু ব ল্ল ম '   না ম ক   এ ক ধ র নে র   ঐ তি হ্য বা হী   খ ড় ে র   চা লে র   হা উ স বো টে   থে কে   স র্বো ত্ত ম   উ প ভো গ   ক রা   যা য়",87,23
"অবরুদ্ধ জলাশয়ের মধ্যে দিয়ে ক্রুজে করে ঘোরার সময় যে শোভা চোখে পরবে তা হল নদীর পারের জীবন, সবুজ ধানের ক্ষেত এবং মাঝে মাঝে মন্দির বা গির্জা সহ নারকেলের বাগান","অ ব রু দ্ধ   জ লা শ য় ে র   ম ধ্যে   দি য় ে   ক্রু জে   ক রে   ঘো রা র   স ম য়   যে   শো ভা   চো খে   প র বে   তা   হ ল   ন দী র   পা রে র   জী ব ন ,   স বু জ   ধা নে র   ক্ষে ত   এ বং   মা ঝে   মা ঝে   ম ন্দি র   বা   গি র্জা   স হ   না র কে লে র   বা গা ন",76,29
বোধগয়া (বিহার)-ই হলো সেই স্থান যেখানে রাজকুমার সিদ্ধার্থ জ্ঞান লাভ করে ভগবান বুদ্ধ হন,বো ধ গ য় া   ( বি হা র ) - ই   হ লো   সে ই   স্থা ন   যে খা নে   রা জ কু মা র   সি দ্ধা র্থ   জ্ঞা ন   লা ভ   ক রে   ভ গ বা ন   বু দ্ধ   হ ন,43,14
ডাক যাত্রীদের সুবিধার্থে তাঁরা পথের ধারে ডাক বাংলো নির্মাণ করেন,ডা ক   যা ত্রী দে র   সু বি ধা র্থে   তাঁ রা   প থে র   ধা রে   ডা ক   বাং লো   নি র্মা ণ   ক রে ন,27,10
কর্ণাটকের মধ্যে দিয়ে একটি মায়াবী ও মন্ত্রমুগ্ধকর যাত্রায় নিয়ে চলা গোল্ডেন চ্যারিয়ট কর্ণাটক রাজ্যের সম্পদশালী সংস্কৃতিকে পূর্ণ করে এবং তা নিজেই একটি বিস্ময়,ক র্ণা ট কে র   ম ধ্যে   দি য় ে   এ ক টি   মা য় া বী   ও   ম ন্ত্র মু গ্ধ ক র   যা ত্রা য়   নি য় ে   চ লা   গো ল্ডে ন   চ্যা রি য় ট   ক র্ণা ট ক   রা জ্যে র   স ম্প দ শা লী   সং স্কৃ তি কে   পূ র্ণ   ক রে   এ বং   তা   নি জে ই   এ ক টি   বি স্ম য়,71,23
"কালজয়ী কাহিনী বর্ণনাকারী জটিল কারিগরীর সম্ভারের মধ্যে, ট্রেনটির কামরাগুলি ইতিহাসে পরিপূর্ণ","কা ল জ য় ী   কা হি নী   ব র্ণ না কা রী   জ টি ল   কা রি গ রী র   স ম্ভা রে র   ম ধ্যে ,   ট্রে ন টি র   কা ম রা গু লি   ই তি হা সে   প রি পূ র্ণ",45,11
এই স্থানের আসল সত্তার সংজ্ঞা বহন করে এমন বহু সংখ্যক ছোট শহর ও গ্রাম রাজস্থানের একেবারে কেন্দ্রে অবস্থিত,এ ই   স্থা নে র   আ স ল   স ত্তা র   সং জ্ঞা   ব হ ন   ক রে   এ ম ন   ব হু   সং খ্য ক   ছো ট   শ হ র   ও   গ্রা ম   রা জ স্থা নে র   এ কে বা রে   কে ন্দ্রে   অ ব স্থি ত,49,18
ভারতবর্ষ হলো বিশাল বৈচিত্র্য এবং বৈপরীত্যের দেশ,ভা র ত ব র্ষ   হ লো   বি শা ল   বৈ চি ত্র্য   এ বং   বৈ প রী ত্যে র   দে শ,22,7
ভারতের অন্যতম গুরুত্বপূর্ণ বাণিজ্যশিল্প হিসাবে পর্যটন আত্মপ্রকাশ করেছে,ভা র তে র   অ ন্য ত ম   গু রু ত্ব পূ র্ণ   বা ণি জ্য শি ল্প   হি সা বে   প র্য ট ন   আ ত্ম প্র কা শ   ক রে ছে,33,8
"প্রাকৃতিক পরিবেশ, স্থাপত্যের শ্রেষ্ঠ নিদর্শনসমূহ, সঙ্গীত, নৃত্য, অঙ্কন, রীতি এবং ভাষাসমূহ- ভারতবর্ষকে পর্যটকদের স্বর্গ করে তোলায় সবকটিই গুরুত্বপূর্ণ","প্রা কৃ তি ক   প রি বে শ ,   স্থা প ত্যে র   শ্রে ষ্ঠ   নি দ র্শ ন স মূ হ ,   স ঙ্গী ত ,   নৃ ত্য ,   অ ঙ্ক ন ,   রী তি   এ বং   ভা ষা স মূ হ -   ভা র ত ব র্ষ কে   প র্য ট ক দে র   স্ব র্গ   ক রে   তো লা য়   স ব ক টি ই   গু রু ত্ব পূ র্ণ",73,18
"পর্যটকদের সঙ্গে কথোপকথন, স্থানীয় এলাকাগুলিতে পর্যটনের সঙ্গে যুক্ত কর্মীদের মধ্যে অতিথিপরায়ণ ব্যবহারের বিকাশ ঘটাতে সাহায্য করে","প র্য ট ক দে র   স ঙ্গে   ক থো প ক থ ন ,   স্থা নী য়   এ লা কা গু লি তে   প র্য ট নে র   স ঙ্গে   যু ক্ত   ক র্মী দে র   ম ধ্যে   অ তি থি প রা য় ণ   ব্য ব হা রে র   বি কা শ   ঘ টা তে   সা হা য্য   ক রে",62,16
"ওলন্দাজ অট্টালিকা, পর্তুগিজ গির্জা, ইহুদি ধর্মস্থান, ব্রিটিশ গুদাম এবং ১৪ শতকের চীনা মাছ ধরার জালে যে বৈশিষ্ট্যসূচক স্থাপত্য দেখতে পাওয়া যায় তা বাণিজ্য কেন্দ্র এবং গুরুত্বপূর্ণ বন্দরনগরী হিসেবে কোচির দীর্ঘ ইতিহাসকে প্রতিফলিত করে","ও ল ন্দা জ   অ ট্টা লি কা ,   প র্তু গি জ   গি র্জা ,   ই হু দি   ধ র্ম স্থা ন ,   ব্রি টি শ   গু দা ম   এ বং   ১ ৪   শ ত কে র   চী না   মা ছ   ধ রা র   জা লে   যে   বৈ শি ষ্ট্য সূ চ ক   স্থা প ত্য   দে খ তে   পা ও য় া   যা য়   তা   বা ণি জ্য   কে ন্দ্র   এ বং   গু রু ত্ব পূ র্ণ   ব ন্দ র ন গ রী   হি সে বে   কো চি র   দী র্ঘ   ই তি হা স কে   প্র তি ফ লি ত   ক রে",105,33
জীবনে একবার অন্তত যাওয়া উচিত এমন পর্যটন গন্তব্যের শীর্ষ ৫০-এর মধ্যে ন্যাশনাল জিওগ্রাফিক চ্যানেল কর্তৃক কেরলকে অন্তর্ভুক্ত করা হয়েছে,জী ব নে   এ ক বা র   অ ন্ত ত   যা ও য় া   উ চি ত   এ ম ন   প র্য ট ন   গ ন্ত ব্যে র   শী র্ষ   ৫ ০ - এ র   ম ধ্যে   ন্যা শ না ল   জি ও গ্রা ফি ক   চ্যা নে ল   ক র্তৃ ক   কে র ল কে   অ ন্ত র্ভু ক্ত   ক রা   হ য় ে ছে,66,19
"কেরলের সৌন্দর্য রয়েছে তার প্রশান্ত প্রকৃতিতে, অক্ষুব্ধ নদীপথের পশ্চাদবর্তী জলে, সমুদ্রসৈকত, পাহাড়ি জায়গা, মশলার চাষ, উদ্ভিদ ও প্রাণীজগত, আয়ুর্বেদ, নৌকা দৌড় প্রতিযোগিতা, প্রাকৃতিক বন্দর এবং আরও অনেক কিছু জুড়ে","কে র লে র   সৌ ন্দ র্য   র য় ে ছে   তা র   প্র শা ন্ত   প্র কৃ তি তে ,   অ ক্ষু ব্ধ   ন দী প থে র   প শ্চা দ ব র্তী   জ লে ,   স মু দ্র সৈ ক ত ,   পা হা ড় ি   জা য় গা ,   ম শ লা র   চা ষ ,   উ দ্ভি দ   ও   প্রা ণী জ গ ত ,   আ য় ু র্বে দ ,   নৌ কা   দৌ ড়   প্র তি যো গি তা ,   প্রা কৃ তি ক   ব ন্দ র   এ বং   আ র ও   অ নে ক   কি ছু   জু ড় ে",105,29
মুন্নার হলো ঘন অরণ্য এবং চা বাগানের গালিচা আবৃত,মু ন্না র   হ লো   ঘ ন   অ র ণ্য   এ বং   চা   বা গা নে র   গা লি চা   আ বৃ ত,23,9
"এগুলির মধ্যে, কিছু স্মৃতিস্তম্ভ ইউনেস্কোর বিশ্ব ঐতিহ্য স্থানের তালিকাতেও রয়েছে","এ গু লি র   ম ধ্যে ,   কি ছু   স্মৃ তি স্ত ম্ভ   ই উ নে স্কো র   বি শ্ব   ঐ তি হ্য   স্থা নে র   তা লি কা তে ও   র য় ে ছে",35,10
"সহ্যাদ্রি পর্বতমালা মহারাষ্ট্রের মেরুদণ্ড হওয়ায়, রাজ্যের অর্থনৈতিক উন্নতির জন্য পর্যটনকে এক প্রধান গুরুত্বপূর্ণ ক্ষেত্র হিসাবে স্বীকৃতি দিয়েছে মহারাষ্ট্র","স হ্যা দ্রি   প র্ব ত মা লা   ম হা রা ষ্ট্রে র   মে রু দ ণ্ড   হ ও য় া য় ,   রা জ্যে র   অ র্থ নৈ তি ক   উ ন্ন তি র   জ ন্য   প র্য ট ন কে   এ ক   প্র ধা ন   গু রু ত্ব পূ র্ণ   ক্ষে ত্র   হি সা বে   স্বী কৃ তি   দি য় ে ছে   ম হা রা ষ্ট্র",68,18
"বিমানবন্দরে মিট ও গ্রিট পরিষেবা পর্যটকদের পাশাপাশি সংস্থার জন্যও একটি গুরুত্বপূর্ণ সেবা যেহেতু এটি পর্যটকদের আগমন বা প্রস্থানের সময় দ্রুততর ক্লিয়ারেন্সে সহায়তার মাধ্যমে স্থানান্তর, মালপত্র বহন ও পরিবারসহ ভ্রমণে সাহায্য করে এবং বিমানবন্দরের মধ্যে দিয়ে দ্রুত, নির্ঝঞ্ঝাট ও নিরাপদ চলন নিশ্চিত করে","বি মা ন ব ন্দ রে   মি ট   ও   গ্রি ট   প রি ষে বা   প র্য ট ক দে র   পা শা পা শি   সং স্থা র   জ ন্য ও   এ ক টি   গু রু ত্ব পূ র্ণ   সে বা   যে হে তু   এ টি   প র্য ট ক দে র   আ গ ম ন   বা   প্র স্থা নে র   স ম য়   দ্রু ত ত র   ক্লি য় া রে ন্সে   স হা য় তা র   মা ধ্য মে   স্থা না ন্ত র ,   মা ল প ত্র   ব হ ন   ও   প রি বা র স হ   ভ্র ম ণে   সা হা য্য   ক রে   এ বং   বি মা ন ব ন্দ রে র   ম ধ্যে   দি য় ে   দ্রু ত ,   নি র্ঝ ঞ্ঝা ট   ও   নি রা প দ   চ ল ন   নি শ্চি ত   ক রে",142,42
পশ্চিমঘাট এবং আরব সাগরের মধ্যবর্তী ৭২০ কিমি দীর্ঘ এলাকা জুড়ে একগুচ্ছ গোপন সৈকত এবং খাঁড়ির অবস্থান,প শ্চি ম ঘা ট   এ বং   আ র ব   সা গ রে র   ম ধ্য ব র্তী   ৭ ২ ০   কি মি   দী র্ঘ   এ লা কা   জু ড় ে   এ ক গু চ্ছ   গো প ন   সৈ ক ত   এ বং   খাঁ ড় ি র   অ ব স্থা ন,51,16
বন্য এবং শ্যামল পশ্চিমঘাটের পার্শ্বস্থিত এই নির্জন সৈকতগুলি তাদের কোলাহলপূর্ণ গোয়ান প্রতিপক্ষের এক শান্ত বিকল্প,ব ন্য   এ বং   শ্যা ম ল   প শ্চি ম ঘা টে র   পা র্শ্ব স্থি ত   এ ই   নি র্জ ন   সৈ ক ত গু লি   তা দে র   কো লা হ ল পূ র্ণ   গো য় া ন   প্র তি প ক্ষে র   এ ক   শা ন্ত   বি ক ল্প,52,15
"কেরলের মশলা বাগানের মূলকেন্দ্র, পেরিয়ার, যা তার বন্যপ্রাণী উদ্যানের জন্যও বিখ্যাত, পেরিয়ার হ্রদের বুকে নৌকা ভ্রমণের মাধ্যমে সর্বোত্তম উপভোগ্য","কে র লে র   ম শ লা   বা গা নে র   মূ ল কে ন্দ্র ,   পে রি য় া র ,   যা   তা র   ব ন্য প্রা ণী   উ দ্যা নে র   জ ন্য ও   বি খ্যা ত ,   পে রি য় া র   হ্র দে র   বু কে   নৌ কা   ভ্র ম ণে র   মা ধ্য মে   স র্বো ত্ত ম   উ প ভো গ্য",67,19
"এছাড়া, অন্যান্য বহু কার্য্যালয় আন্তর্জাতিক পর্যটকদের মনোযোগের কেন্দ্রে রয়েছে","এ ছা ড় া ,   অ ন্যা ন্য   ব হু   কা র্য্যা ল য়   আ ন্ত র্জা তি ক   প র্য ট ক দে র   ম নো যো গে র   কে ন্দ্রে   র য় ে ছে",36,9
নির্মল হ্রদে শিকারা বেয়ে চলা এবং কাঠের হাউসবোটে বাস করা হলো শ্রীনগর দ্বারা প্রদত্ত অনন্য অভিজ্ঞতাসমূহ,নি র্ম ল   হ্র দে   শি কা রা   বে য় ে   চ লা   এ বং   কা ঠে র   হা উ স বো টে   বা স   ক রা   হ লো   শ্রী ন গ র   দ্বা রা   প্র দ ত্ত   অ ন ন্য   অ ভি জ্ঞ তা স মূ হ,48,16
"ভারতের মানচিত্রে রত্নখচিত মুকুটের মতন বসানো কাশ্মীর ঋতুর সঙ্গে সঙ্গে তার রঙ পরিবর্তন করে - শীতে যখন পাহাড় বরফের কার্পেটে মোড়া থাকে, তখন মসৃণ ধালের উপর স্কি করা যায় ও স্লেজ গাড়ি চলে; বসন্তে ও গ্রীষ্মে মধুর শিশিরে ঢাকা বাগান, তরঙ্গায়িত হ্রদ এই উপত্যকাটিকে শ্বাসরুদ্ধকরভাবে সুন্দর করে তোলে","ভা র তে র   মা ন চি ত্রে   র ত্ন খ চি ত   মু কু টে র   ম ত ন   ব সা নো   কা শ্মী র   ঋ তু র   স ঙ্গে   স ঙ্গে   তা র   র ঙ   প রি ব র্ত ন   ক রে   -   শী তে   য খ ন   পা হা ড়   ব র ফে র   কা র্পে টে   মো ড় া   থা কে ,   ত খ ন   ম সৃ ণ   ধা লে র   উ প র   স্কি   ক রা   যা য়   ও   স্লে জ   গা ড় ি   চ লে ;   ব স ন্তে   ও   গ্রী ষ্মে   ম ধু র   শি শি রে   ঢা কা   বা গা ন ,   ত র ঙ্গা য ় ি ত   হ্র দ   এ ই   উ প ত্য কা টি কে   শ্বা স রু দ্ধ ক র ভা বে   সু ন্দ র   ক রে   তো লে",142,48
"২০১৫-এ বাণিজ্যটি থেকে বৈদেশিক লেনদেনে ভারতের আয় ছিল ১,৬৯৪ কোটি ডলার","২ ০ ১ ৫ - এ   বা ণি জ্য টি   থে কে   বৈ দে শি ক   লে ন দে নে   ভা র তে র   আ য়   ছি ল   ১ , ৬ ৯ ৪   কো টি   ড লা র",38,11
অজন্তার মতো বাঘ গুহাগুলিও বাঘানির মরশুমি প্রবাহের বিপরীতে খাড়া একটি বেলেপাথরের পাহাড় খোদাই করে নির্মিত হয়েছিল,অ জ ন্তা র   ম তো   বা ঘ   গু হা গু লি ও   বা ঘা নি র   ম র শু মি   প্র বা হে র   বি প রী তে   খা ড় া   এ ক টি   বে লে পা থ রে র   পা হা ড়   খো দা ই   ক রে   নি র্মি ত   হ য় ে ছি ল,57,16
"১৯৬৯-এ গঠিত আলাদা একটি পর্যটন বিভাগ থাকলেও, মহারাষ্ট্র রাজ্য পর্যটন উন্নয়ন নিগম (এম","১ ৯ ৬ ৯ - এ   গ ঠি ত   আ লা দা   এ ক টি   প র্য ট ন   বি ভা গ   থা ক লে ও ,   ম হা রা ষ্ট্র   রা জ্য   প র্য ট ন   উ ন্ন য় ন   নি গ ম   ( এ ম",47,13
টি,টি,1,1
ডি,ডি,1,1
সি) নামক পর্যটন প্রচারক একটি সরকারী সংস্থা ১৯৭৫ সালে প্রতিষ্ঠিত হয়,সি )   না ম ক   প র্য ট ন   প্র চা র ক   এ ক টি   স র কা রী   সং স্থা   ১ ৯ ৭ ৫   সা লে   প্র তি ষ্ঠি ত   হ য়,34,11
সুবৃহৎ সাংস্কৃতিক ও ধর্মীয় ঐতিহ্য এবং ভিন্ন প্রাকৃতিক আকর্ষণের কারণে ভারতের পর্যটন খাতে বৃদ্ধির বিশাল সম্ভাবনা রয়েছে কিন্তু বিশ্ব পর্যটনের ছবিতে তার ভূমিকা তুলনামূলকভাবে ছোট,সু বৃ হ ৎ   সাং স্কৃ তি ক   ও   ধ র্মী য়   ঐ তি হ্য   এ বং   ভি ন্ন   প্রা কৃ তি ক   আ ক র্ষ ণে র   কা র ণে   ভা র তে র   প র্য ট ন   খা তে   বৃ দ্ধি র   বি শা ল   স ম্ভা ব না   র য় ে ছে   কি ন্তু   বি শ্ব   প র্য ট নে র   ছ বি তে   তা র   ভূ মি কা   তু ল না মূ ল ক ভা বে   ছো ট,82,25
২০শ শতাব্দীর বিশ্বব্যাপী বৃহত্তম বাণিজ্যশিল্প হিসাবে এবং ২১শ শতাব্দীতে দ্রুততর বৃদ্ধির সম্ভাবনা নিয়ে পর্যটনশিল্প আত্মপ্রকাশ করেছে,২ ০ শ   শ তা ব্দী র   বি শ্ব ব্যা পী   বৃ হ ত্ত ম   বা ণি জ্য শি ল্প   হি সা বে   এ বং   ২ ১ শ   শ তা ব্দী তে   দ্রু ত ত র   বৃ দ্ধি র   স ম্ভা ব না   নি য় ে   প র্য ট ন শি ল্প   আ ত্ম প্র কা শ   ক রে ছে,60,16
পর্যটন আমাদের ব্যবসা হলেও প্রতিটি সফর একজন পর্যটকের কাছে স্মৃতিবহুল,প র্য ট ন   আ মা দে র   ব্য ব সা   হ লে ও   প্র তি টি   স ফ র   এ ক জ ন   প র্য ট কে র   কা ছে   স্মৃ তি ব হু ল,36,10
"সফর নথির মধ্যে পাসপোর্ট, ভিসা, মুদ্রা শংসাপত্র অথবা পাসপোর্টে মুদ্রার অনুমোদন, সফর বীমা, আয়কর বিবৃতি, স্বাস্থ্য শংসাপত্র ইত্যাদি অন্তর্ভুক্ত","স ফ র   ন থি র   ম ধ্যে   পা স পো র্ট ,   ভি সা ,   মু দ্রা   শং সা প ত্র   অ থ বা   পা স পো র্টে   মু দ্রা র   অ নু মো দ ন ,   স ফ র   বী মা ,   আ য় ক র   বি বৃ তি ,   স্বা স্থ্য   শং সা প ত্র   ই ত্যা দি   অ ন্ত র্ভু ক্ত",65,19
"এগুলির মধ্যে কয়েকটি উৎসব হলো ইলোরা উৎসব, পুণের গণেশ উৎসব, ঘরপুরী উৎসব, মুরুদ (রায়গড়)-এ পর্যটন মহোৎসব, এবং অন্যান্য","এ গু লি র   ম ধ্যে   ক য় ে ক টি   উ ৎ স ব   হ লো   ই লো রা   উ ৎ স ব ,   পু ণে র   গ ণে শ   উ ৎ স ব ,   ঘ র পু রী   উ ৎ স ব ,   মু রু দ   ( রা য় গ ড় ) - এ   প র্য ট ন   ম হো ৎ স ব ,   এ বং   অ ন্যা ন্য",71,18
"পৌরসভার পৃষ্ঠপোষকতায় একাধিক পর্যটন কেন্দ্র থেকে পর্যটকদের জন্য কিছু থাকার জায়গা, রিসোর্ট ও হোটেল ভ্রমণকারীদের থাকতে দেওয়া ও তথ্য প্রদানের জন্য এবং নির্দেশিত ভ্রমণেরও ব্যবস্থা করে দেওয়ার জন্য চালানো হয়","পে ৗ র স ভা র   পৃ ষ্ঠ পো ষ ক তা য়   এ কা ধি ক   প র্য ট ন   কে ন্দ্র   থে কে   প র্য ট ক দে র   জ ন্য   কি ছু   থা কা র   জা য় গা ,   রি সো র্ট   ও   হো টে ল   ভ্র ম ণ কা রী দে র   থা ক তে   দে ও য় া   ও   ত থ্য   প্র দা নে র   জ ন্য   এ বং   নি র্দে শি ত   ভ্র ম ণে র ও   ব্য ব স্থা   ক রে   দে ও য় া র   জ ন্য   চা লা নো   হ য়",100,30
এটি ইতিবাচক অথবা নেতিবাচক হতে পারে,এ টি   ই তি বা চ ক   অ থ বা   নে তি বা চ ক   হ তে   পা রে,19,6
"পর্যটন শিল্পের উন্নয়ন, পরিকল্পনা ও নিয়ন্ত্রণ ব্যবস্থা ছাড়া সামাজিক, সাংস্কৃতিক এবং অর্থনৈতিক বিকৃতির ফলে ব্যাহত হতে পারে যা পর্যটক ও স্থানীয় মানুষের সম্পর্কের মধ্যে দিয়ে প্রতিফলিত হবে","প র্য ট ন   শি ল্পে র   উ ন্ন য় ন ,   প রি ক ল্প না   ও   নি য় ন্ত্র ণ   ব্য ব স্থা   ছা ড় া   সা মা জি ক ,   সাং স্কৃ তি ক   এ বং   অ র্থ নৈ তি ক   বি কৃ তি র   ফ লে   ব্যা হ ত   হ তে   পা রে   যা   প র্য ট ক   ও   স্থা নী য়   মা নু ষে র   স ম্প র্কে র   ম ধ্যে   দি য় ে   প্র তি ফ লি ত   হ বে",86,27
প্লিটস বা ক্যালিস পঞ্চ বুদ্ধ বা পঞ্চ রত্নকে বোঝায়,প্লি ট স   বা   ক্যা লি স   প ঞ্চ   বু দ্ধ   বা   প ঞ্চ   র ত্ন কে   বো ঝা য়,20,9
"পূর্বে, অন্যান্যদের মধ্যে পদম, পাসি, মিনিয়ং এবং বোকার-এর মতো আদির অনেক উপজাতির দেখা মেলে","পূ র্বে ,   অ ন্যা ন্য দে র   ম ধ্যে   প দ ম ,   পা সি ,   মি নি য ় ং   এ বং   বো কা র - এ র   ম তো   আ দি র   অ নে ক   উ প জা তি র   দে খা   মে লে",47,14
ইউরোপিয়ান উপনিবেশকারীরা এমন একটি স্থাপত্য গড়ে তুলেছিল যা রাজ্য বা ধর্মের উদ্দেশ্যে নিবেদিত তাদের বিজয় লক্ষ্যের প্রতীক,ই উ রো পি য় া ন   উ প নি বে শ কা রী রা   এ ম ন   এ ক টি   স্থা প ত্য   গ ড় ে   তু লে ছি ল   যা   রা জ্য   বা   ধ র্মে র   উ দ্দে শ্যে   নি বে দি ত   তা দে র   বি জ য়   ল ক্ষ্যে র   প্র তী ক,57,17
"রাগ, রঙ্গিলা চৌপদী, ইত্যাদির উপর ভিত্তি করা ভজন, জনন এবং উড়িয়া গানগুলিকে হালকা শাস্ত্রীয় সঙ্গীতের মধ্যে শ্রেণীবদ্ধ করা হয়, যা উড়িয়া সঙ্গীতের একটি গুরুত্বপূর্ণ বিভাগ তৈরি করে","রা গ ,   র ঙ্গি লা   চৌ প দী ,   ই ত্যা দি র   উ প র   ভি ত্তি   ক রা   ভ জ ন ,   জ ন ন   এ বং   উ ড় ি য় া   গা ন গু লি কে   হা ল কা   শা স্ত্রী য ়   স ঙ্গী তে র   ম ধ্যে   শ্রে ণী ব দ্ধ   ক রা   হ য় ,   যা   উ ড় ি য় া   স ঙ্গী তে র   এ ক টি   গু রু ত্ব পূ র্ণ   বি ভা গ   তৈ রি   ক রে",87,27
ভাগ্যের অদম্য অনুভূতি এবং তার সঙ্গীদের স্তাবকতা তার অসাধারণ কৃতিত্বের সঙ্গে মিলে মিশে হয়তো এই প্রভাব ফেলেছে,ভা গ্যে র   অ দ ম্য   অ নু ভূ তি   এ বং   তা র   স ঙ্গী দে র   স্তা ব ক তা   তা র   অ সা ধা র ণ   কৃ তি ত্বে র   স ঙ্গে   মি লে   মি শে   হ য় তো   এ ই   প্র ভা ব   ফে লে ছে,50,17
কাম্বোডিয়ায় খ্‌মের সাম্রাজ্যের সময় থেকেই গঙ্গাকে পূজা করা হয়,কা ম্বো ডি য় া য়   খ্ মে র   সা ম্রা জ্যে র   স ম য়   থে কে ই   গ ঙ্গা কে   পূ জা   ক রা   হ য়,28,9
"দীপস্তম্ভ, ক্রুশ এবং ঘোড়ে মোড়নিকে অনুসরণ করা একটি রথকে কেন্দ্র করে নির্মিত গোয়ার ট্যাব্লোটি ধর্মীয় সম্প্রীতির প্রদর্শন করে","দী প স্ত ম্ভ ,   ক্রু শ   এ বং   ঘো ড় ে   মো ড় নি কে   অ নু স র ণ   ক রা   এ ক টি   র থ কে   কে ন্দ্র   ক রে   নি র্মি ত   গো য় া র   ট্যা ব্লো টি   ধ র্মী য়   স ম্প্রী তি র   প্র দ র্শ ন   ক রে",56,18
এই ঘটনার ব্যাপারে অন্বেষণ করে তিনি 'মিজো এনগে ইজরায়েল,এ ই   ঘ ট না র   ব্যা পা রে   অ ন্বে ষ ণ   ক রে   তি নি   ' মি জো   এ ন গে   ই জ রা য ় ে ল,30,9
"' (""মিজো নাকি ইসরায়েলি","'   ( "" মি জো   না কি   ই স রা য ় ে লি",14,4
""") (২০০৪) বইটি লিখেছেন",""" )   ( ২ ০ ০ ৪ )   ব ই টি   লি খে ছে ন",15,4
প্রচলিত প্রোটো ইন্দো ইরানী ভাষা থেকে নেমে আসা বৈদিক সংস্কৃত এবং গথিক আবেস্তান ভাষার প্রাচীনতম লিপিভুক্ত রুপ অদ্ভুতভাবে অনুরূপ,প্র চ লি ত   প্রো টো   ই ন্দো   ই রা নী   ভা ষা   থে কে   নে মে   আ সা   বৈ দি ক   সং স্কৃ ত   এ বং   গ থি ক   আ বে স্তা ন   ভা ষা র   প্রা চী ন ত ম   লি পি ভু ক্ত   রু প   অ দ্ভু ত ভা বে   অ নু রূ প,57,19
"দক্ষিণ ভারতে স্মৃতিস্তম্ভ নির্মাণ, আলওয়ার এবং নয়নারদের (ভক্তি) সম্প্রদায় প্রতিষ্ঠা, সংস্কৃত শিক্ষার গ্রামীণ ব্রাহ্মণ্যবাদী প্রতিষ্ঠানের উত্থান, এবং একজন উপজাতীয় প্রধানের অধীনে প্রত্যেকের সংস্কৃতি সহ প্রাক-পল্লবীয় যুগের আঞ্চলিকভাবে বিভক্ত জনতার অবসান ঘটানো রাজত্বের চক্রবর্তিন আদর্শ প্রতিষ্ঠা সহ সিংহবিষ্ণু থেকে শুরু হওয়া পল্লব সময়কালটি (৫৭৫-৯০০ খ্রিষ্টাব্দ) ছিল দক্ষিণ ভারতীয় সমাজের একটি ক্রান্তিকালীন পর্যায়","দ ক্ষি ণ   ভা র তে   স্মৃ তি স্ত ম্ভ   নি র্মা ণ ,   আ ল ও য় া র   এ বং   ন য় না র দে র   ( ভ ক্তি )   স ম্প্র দা য়   প্র তি ষ্ঠা ,   সং স্কৃ ত   শি ক্ষা র   গ্রা মী ণ   ব্রা হ্ম ণ্য বা দী   প্র তি ষ্ঠা নে র   উ ত্থা ন ,   এ বং   এ ক জ ন   উ প জা তী য়   প্র ধা নে র   অ ধী নে   প্র ত্যে কে র   সং স্কৃ তি   স হ   প্রা ক - প ল্ল বী য়   যু গে র   আ ঞ্চ লি ক ভা বে   বি ভ ক্ত   জ ন তা র   অ ব সা ন   ঘ টা নো   রা জ ত্বে র   চ ক্র ব র্তি ন   আ দ র্শ   প্র তি ষ্ঠা   স হ   সিং হ বি ষ্ণু   থে কে   শু রু   হ ও য় া   প ল্ল ব   স ম য় কা ল টি   ( ৫ ৭ ৫ - ৯ ০ ০   খ্রি ষ্টা ব্দ )   ছি ল   দ ক্ষি ণ   ভা র তী য়   স মা জে র   এ ক টি   ক্রা ন্তি কা লী ন   প র্যা য়",194,51
"২০শ শতাব্দীর ওড়িয়া সাহিত্য সৃষ্টিকারী কিছু নাম হলো গোদাবরীশ মহাপাত্র, কালিন্দী চরণ পাণিগ্রাহী, কাহ্নূ চরণ মোহান্তি (১৯০৬-১৯৯৪), গোপীনাথ মোহান্তি (১৯১৪-১৯৯১), সচ্চিদানন্দ রাউতরায় (১৯১৬-২০০৪), সীতাকান্ত মহাপাত্র (জন্ম ১৭ই সেপ্টেম্বর ১৯৩৭), সুরেন্দ্র মোহান্তি, মনোজ দাস, কিশোরী চরণ দাস, রমাকান্ত রথ (জন্ম ১৩ই ডিসেম্বর ১৯৩৪), বীণাপাণি মোহান্তি, জগদীশ মোহান্তি, সরোজিনী সাহু, রাজেন্দ্র কিশোর পণ্ডা, পদ্মজ পাল, রামচন্দ্র বেহরা, প্রতিভা শতপতি, নন্দিনী সাহু, দেবরাজ সামন্তরায়","২ ০ শ   শ তা ব্দী র   ও ড় ি য় া   সা হি ত্য   সৃ ষ্টি কা রী   কি ছু   না ম   হ লো   গো দা ব রী শ   ম হা পা ত্র ,   কা লি ন্দী   চ র ণ   পা ণি গ্রা হী ,   কা হ্নূ   চ র ণ   মো হা ন্তি   ( ১ ৯ ০ ৬ - ১ ৯ ৯ ৪ ) ,   গো পী না থ   মো হা ন্তি   ( ১ ৯ ১ ৪ - ১ ৯ ৯ ১ ) ,   স চ্চি দা ন ন্দ   রা উ ত রা য়   ( ১ ৯ ১ ৬ - ২ ০ ০ ৪ ) ,   সী তা কা ন্ত   ম হা পা ত্র   ( জ ন্ম   ১ ৭ ই   সে প্টে ম্ব র   ১ ৯ ৩ ৭ ) ,   সু রে ন্দ্র   মো হা ন্তি ,   ম নো জ   দা স ,   কি শো রী   চ র ণ   দা স ,   র মা কা ন্ত   র থ   ( জ ন্ম   ১ ৩ ই   ডি সে ম্ব র   ১ ৯ ৩ ৪ ) ,   বী ণা পা ণি   মো হা ন্তি ,   জ গ দী শ   মো হা ন্তি ,   স রো জি নী   সা হু ,   রা জে ন্দ্র   কি শো র   প ণ্ডা ,   প দ্ম জ   পা ল ,   রা ম চ ন্দ্র   বে হ রা ,   প্র তি ভা   শ ত প তি ,   ন ন্দি নী   সা হু ,   দে ব রা জ   সা ম ন্ত রা য়",244,61
"ইসলামিক বাংলা তার সূক্ষ্ম সুতির কাপড় এবং শাড়ি উৎপাদন, বিশেষ করে জামদানীর জন্য প্রসিদ্ধ, যা মুঘল দরবার থেকে হুকুমনামা পেয়েছিল","ই স লা মি ক   বাং লা   তা র   সূ ক্ষ্ম   সু তি র   কা প ড়   এ বং   শা ড় ি   উ ৎ পা দ ন ,   বি শে ষ   ক রে   জা ম দা নী র   জ ন্য   প্র সি দ্ধ ,   যা   মু ঘ ল   দ র বা র   থে কে   হু কু ম না মা   পে য় ে ছি ল",64,20
"৭৯৭ খ্রিস্টাব্দে (বা সম্ভবত ৮০১ খ্রিস্টাব্দ) বাগদাদের আব্বাসীয় খলিফা হারুন আল রশিদ একটি জলঘড়ির ""বিশেষ করে বিশদ উদাহরণের"" আথে একসঙ্গে আবুল-আব্বাস নামক একটি এশিয়ান হাতির মাধ্যমে শার্লেম্যানকে উপস্থাপিত করেছিলেন","৭ ৯ ৭   খ্রি স্টা ব্দে   ( বা   স ম্ভ ব ত   ৮ ০ ১   খ্রি স্টা ব্দ )   বা গ দা দে র   আ ব্বা সী য ়   খ লি ফা   হা রু ন   আ ল   র শি দ   এ ক টি   জ ল ঘ ড় ি র   "" বি শে ষ   ক রে   বি শ দ   উ দা হ র ণে র ""   আ থে   এ ক স ঙ্গে   আ বু ল - আ ব্বা স   না ম ক   এ ক টি   এ শি য় া ন   হা তি র   মা ধ্য মে   শা র্লে ম্যা ন কে   উ প স্থা পি ত   ক রে ছি লে ন",110,29
"ভালো সামাজিক মর্যাদাসম্পন্ন ইংরেজ মহিলারা ছিলেন বিরল; শল্যচিকিৎসক জন স্টুয়ার্ট ১৭৮৫-তে কানপুর থেকে তাঁর ভাইকে লেখেন: ""এখানকার মহিলাদের অনেকেই লাডগেট হিলের মহিলাদের টুপি প্রস্তুতকারী দোকান থেকে এবং কেউ কেউ তো কভেন্ট গার্ডেন এবং ওল্ড ড্রুরি [১৮ম শতাব্দীর শেষের দিকে লণ্ডনে পতিতাবৃত্তির সুপরিচিত এলাকা] থেকে আসা দুঃসাহসিনী মাত্র","ভা লো   সা মা জি ক   ম র্যা দা স ম্প ন্ন   ই ং রে জ   ম হি লা রা   ছি লে ন   বি র ল ;   শ ল্য চি কি ৎ স ক   জ ন   স্টু য় া র্ট   ১ ৭ ৮ ৫ - তে   কা ন পু র   থে কে   তাঁ র   ভা ই কে   লে খে ন :   "" এ খা ন কা র   ম হি লা দে র   অ নে কে ই   লা ড গে ট   হি লে র   ম হি লা দে র   টু পি   প্র স্তু ত কা রী   দো কা ন   থে কে   এ বং   কে উ   কে উ   তো   ক ভে ন্ট   গা র্ডে ন   এ বং   ও ল্ড   ড্রু রি   [ ১ ৮ ম   শ তা ব্দী র   শে ষে র   দি কে   ল ণ্ড নে   প তি তা বৃ ত্তি র   সু প রি চি ত   এ লা কা ]   থে কে   আ সা   দুঃ সা হ সি নী   মা ত্র",161,47
"""","""",1,1
মৃত্যু অন্য কোথাও ঘটে থাকলে গঙ্গায় অস্থিভস্ম ডোবানোর দ্বারা মুক্তি পাওয়া যাবে,মৃ ত্যু   অ ন্য   কো থা ও   ঘ টে   থা ক লে   গ ঙ্গা য়   অ স্থি ভ স্ম   ডো বা নো র   দ্বা রা   মু ক্তি   পা ও য় া   যা বে,33,12
"প্রবন্ধগুলি ছিল ১৯৮৯-এর তিয়ানামেন চত্বরের হত্যাকাণ্ড, সভাপতি মাও জেদং-এর সাংস্কৃতিক বিপ্লব, গণতন্ত্রের জন্য হংকং-এর লড়াই এবং শিনজিয়াং ও তিব্বতের জাতিগত চাপানউতোর-এর মতো চীনে নিষিদ্ধ গণ্য হওয়া বিষয়গুলিকে কেন্দ্র করে","প্র ব ন্ধ গু লি   ছি ল   ১ ৯ ৮ ৯ - এ র   তি য় া না মে ন   চ ত্ব রে র   হ ত্যা কা ণ্ড ,   স ভা প তি   মা ও   জে দং - এ র   সাং স্কৃ তি ক   বি প্ল ব ,   গ ণ ত ন্ত্রে র   জ ন্য   হং কং - এ র   ল ড় া ই   এ বং   শি ন জি য় া ং   ও   তি ব্ব তে র   জা তি গ ত   চা পা ন উ তো র - এ র   ম তো   চী নে   নি ষি দ্ধ   গ ণ্য   হ ও য় া   বি ষ য় গু লি কে   কে ন্দ্র   ক রে",113,29
ব্রিটিশ রাজার প্রতিকৃতি প্রতিস্থাপিত করেছিল অশোকের সিংহ রাজধানী,ব্রি টি শ   রা জা র   প্র তি কৃ তি   প্র তি স্থা পি ত   ক রে ছি ল   অ শো কে র   সিং হ   রা জ ধা নী,29,8
বয়োজ্যেষ্ঠ প্লিনি যোগ করেন যে পরিকল্পিত দূরত্বটি ছিল ১২ কিলোমিটার (৭,ব য় ো জ্যে ষ্ঠ   প্লি নি   যো গ   ক রে ন   যে   প রি ক ল্পি ত   দূ র ত্ব টি   ছি ল   ১ ২   কি লো মি টা র   ( ৭,33,11
৫ মাইল) এবং উদ্দেশ্যটি ছিল কেস্ট্রীয় এবং হারমীয় উপসাগরের মধ্যে সংযোগ স্থাপন করতে স্থলসন্ধির মধ্যে দিয়ে একটি খাল কাটা,৫   মা ই ল )   এ বং   উ দ্দে শ্য টি   ছি ল   কে স্ট্রী য়   এ বং   হা র মী য়   উ প সা গ রে র   ম ধ্যে   সং যো গ   স্থা প ন   ক র তে   স্থ ল স ন্ধি র   ম ধ্যে   দি য় ে   এ ক টি   খা ল   কা টা,56,19
অর্থশাস্ত্র অনুযায়ী একটি স্বর্ণ বা কার্শ ছিল ৮০ রত্তির সমান (১ মাশা = ৫ রত্তি মানের ভিত্তিতে),অ র্থ শা স্ত্র   অ নু যা য় ী   এ ক টি   স্ব র্ণ   বা   কা র্শ   ছি ল   ৮ ০   র ত্তি র   স মা ন   ( ১   মা শা   =   ৫   র ত্তি   মা নে র   ভি ত্তি তে ),42,17
দ্বিতীয়-বি আমরি সময়কালের মৃৎশিল্পের সঙ্গে সাম্প্রতিক সি১৪ সময়-নির্ধারণ এবং শৈলীগত তুলনাগুলি দেখায় যে প্রথম দুটি পর্যায়কে প্রাক-হরপ্পান ধোলাবীরীয় সংস্কৃতি বলা এবং সময়গুলিকে নিম্নরূপে পুনর্নির্ধারণ করা উচিত: প্রথম পর্যায় (আনুমানিক ৩৫০০-৩২০০ খ্রিষ্টপূর্বাব্দ) এবং দ্বিতীয় পর্যায় (আনুমানিক ৩২০০-২৬০০ খ্রিষ্টপূর্বাব্দ),দ্বি তী য় - বি   আ ম রি   স ম য় কা লে র   মৃ ৎ শি ল্পে র   স ঙ্গে   সা ম্প্র তি ক   সি ১ ৪   স ম য় - নি র্ধা র ণ   এ বং   শৈ লী গ ত   তু ল না গু লি   দে খা য়   যে   প্র থ ম   দু টি   প র্যা য় কে   প্রা ক - হ র প্পা ন   ধো লা বী রী য়   সং স্কৃ তি   ব লা   এ বং   স ম য় গু লি কে   নি ম্ন রূ পে   পু ন র্নি র্ধা র ণ   ক রা   উ চি ত :   প্র থ ম   প র্যা য়   ( আ নু মা নি ক   ৩ ৫ ০ ০ - ৩ ২ ০ ০   খ্রি ষ্ট পূ র্বা ব্দ )   এ বং   দ্বি তী য়   প র্যা য়   ( আ নু মা নি ক   ৩ ২ ০ ০ - ২ ৬ ০ ০   খ্রি ষ্ট পূ র্বা ব্দ ),157,37
"রুশ ইতিহাসবিদ লেব গুমিলেব লেখেন যে উত্তরে চীনা আগ্রাসন রুখে দেওয়ায় জিনিউ, মোঙ্গল (মোঙ্গল সাম্রাজ্য, জুঙ্ঘর খানতে), এবং তুর্কী লোকজন (প্রথম তুর্কী খগানতে, উইঘুর খগানতে) একটি ভূমিকা পালন করেন","রু শ   ই তি হা স বি দ   লে ব   গু মি লে ব   লে খে ন   যে   উ ত্ত রে   চী না   আ গ্রা স ন   রু খে   দে ও য় া য়   জি নি উ ,   মো ঙ্গ ল   ( মো ঙ্গ ল   সা ম্রা জ্য ,   জু ঙ্ঘ র   খা ন তে ) ,   এ বং   তু র্কী   লো ক জ ন   ( প্র থ ম   তু র্কী   খ গা ন তে ,   উ ই ঘু র   খ গা ন তে )   এ ক টি   ভূ মি কা   পা ল ন   ক রে ন",97,29
সন্দংশ/সন্দম্শ‌ (সাঁড়াশির নরক): ভাগবত পুরাণ এবং দেবী ভাগবত পুরাণ বলে যে অত্যন্ত প্রয়োজন না থাকা সত্ত্বেও কোনও ব্রাহ্মণের কাছ থেকে ডাকাতি করলে অথবা কারুর কাছ থেকে গয়না বা সোনা চুরি করলে এই নরকে আবদ্ধ হতে হয়,স ন্দং শ / স ন্দ ম্শ   ( সাঁ ড় া শি র   ন র ক ) :   ভা গ ব ত   পু রা ণ   এ বং   দে বী   ভা গ ব ত   পু রা ণ   ব লে   যে   অ ত্য ন্ত   প্র য় ো জ ন   না   থা কা   স ত্ত্বে ও   কো ন ও   ব্রা হ্ম ণে র   কা ছ   থে কে   ডা কা তি   ক র লে   অ থ বা   কা রু র   কা ছ   থে কে   গ য় না   বা   সো না   চু রি   ক র লে   এ ই   ন র কে   আ ব দ্ধ   হ তে   হ য়,103,36
শৈলীর পার্থক্য এবং কিছু অংশে বিষয়ভিত্তিক অসঙ্গতির কারণে সর্বদর্শন সিদ্ধান্ত সংগ্রহ সংকলনটি সম্পূর্ণরূপে শঙ্কর রচিত হওয়া সম্বন্ধে কিছু সন্দেহ প্রকাশ করেছেন পল হ্যাকার,শৈ লী র   পা র্থ ক্য   এ বং   কি ছু   অ ং শে   বি ষ য় ভি ত্তি ক   অ স ঙ্গ তি র   কা র ণে   স র্ব দ র্শ ন   সি দ্ধা ন্ত   সং গ্র হ   সং ক ল ন টি   স ম্পূ র্ণ রূ পে   শ ঙ্ক র   র চি ত   হ ও য় া   স ম্ব ন্ধে   কি ছু   স ন্দে হ   প্র কা শ   ক রে ছে ন   প ল   হ্যা কা র,78,23
"উইলেম ভ্যান শেণ্ডেল এবং হেঙ্ক শুল্টে নর্ডহোল্ট-এর মতে, ১৯৫০ এবং ১৯৬০-এর দশকে পাকিস্তানী শাসন প্রতিহত করার সময়ে বাংলাদেশীদের মধ্যে সাংস্কৃতিক গর্ব এবং ঐতিহ্য প্রকাশের একটি জনপ্রিয় মাধ্যম হয়ে ওঠে উৎসবটি","উ ই লে ম   ভ্যা ন   শে ণ্ডে ল   এ বং   হে ঙ্ক   শু ল্টে   ন র্ড হো ল্ট - এ র   ম তে ,   ১ ৯ ৫ ০   এ বং   ১ ৯ ৬ ০ - এ র   দ শ কে   পা কি স্তা নী   শা স ন   প্র তি হ ত   ক রা র   স ম য় ে   বাং লা দে শী দে র   ম ধ্যে   সাং স্কৃ তি ক   গ র্ব   এ বং   ঐ তি হ্য   প্র কা শে র   এ ক টি   জ ন প্রি য়   মা ধ্য ম   হ য় ে   ও ঠে   উ ৎ স ব টি",102,30
"আলা অল-দিন হুসেন গজনভি অঞ্চলে এক বিধ্বংসী অভিযান চালিয়ে তাদের রাজধানী ধ্বংস করেন, যদিও সেলজুকদের কাছে তাঁর পরাজয়টি বেগবান ঘুরির সম্প্রসারকে সাময়িকভাবে থামিয়ে দিয়েছিল","আ লা   অ ল - দি ন   হু সে ন   গ জ ন ভি   অ ঞ্চ লে   এ ক   বি ধ্বং সী   অ ভি যা ন   চা লি য় ে   তা দে র   রা জ ধা নী   ধ্বং স   ক রে ন ,   য দি ও   সে ল জু ক দে র   কা ছে   তাঁ র   প রা জ য় টি   বে গ বা ন   ঘু রি র   স ম্প্র সা র কে   সা ম য় ি ক ভা বে   থা মি য় ে   দি য় ে ছি ল",89,24
পল্লবদের নির্মাণের প্রাচীনতম উদাহরণ হলো ৬১০ খ্রিস্টপূর্বাব্দ থেকে ৬৯০ খ্রিস্টপূর্বাব্দের সময়কার পাথর কেটে বানানো মন্দির এবং ৬৯০ খ্রিস্টপূর্বাব্দ এবং ৯০০ খ্রিস্টপূর্বাব্দের মধ্যে বানানো কাঠামোগত মন্দির,প ল্ল ব দে র   নি র্মা ণে র   প্রা চী ন ত ম   উ দা হ র ণ   হ লো   ৬ ১ ০   খ্রি স্ট পূ র্বা ব্দ   থে কে   ৬ ৯ ০   খ্রি স্ট পূ র্বা ব্দে র   স ম য় কা র   পা থ র   কে টে   বা না নো   ম ন্দি র   এ বং   ৬ ৯ ০   খ্রি স্ট পূ র্বা ব্দ   এ বং   ৯ ০ ০   খ্রি স্ট পূ র্বা ব্দে র   ম ধ্যে   বা না নো   কা ঠা মো গ ত   ম ন্দি র,90,25
শলাঙ্কায়নরা ছিল ভেঙ্গি (আধুনিক পেডাভেগি)-তে রাজধানী সহ ৩০০ থেকে ৪৪০ খ্রিষ্টাব্দ অবধি গোদাবরী এবং কৃষ্ণার মধ্যবর্তী অন্ধ্র অঞ্চল শাসনকারী এক প্রাচীন রাজবংশ,শ লা ঙ্কা য় ন রা   ছি ল   ভে ঙ্গি   ( আ ধু নি ক   পে ডা ভে গি ) - তে   রা জ ধা নী   স হ   ৩ ০ ০   থে কে   ৪ ৪ ০   খ্রি ষ্টা ব্দ   অ ব ধি   গো দা ব রী   এ বং   কৃ ষ্ণা র   ম ধ্য ব র্তী   অ ন্ধ্র   অ ঞ্চ ল   শা স ন কা রী   এ ক   প্রা চী ন   রা জ বং শ,74,22
"পুরুষদের পরকীয়াগত শারীরিক সম্পর্কের ঘটনাকে ৬টি সভ্যতায় ""বিশ্বজনীন"" হিসেবে, ২৯টি সভ্যতায় ""মধ্যপন্থী"" হিসেবে, ৬টি সভ্যতায় ""আকস্মিক"" হিসেবে এবং ১০টি সভ্যতায় ""বিরল"" হিসেবে বর্ণনা করা হয়","পু রু ষ দে র   প র কী য় া গ ত   শা রী রি ক   স ম্প র্কে র   ঘ ট না কে   ৬ টি   স ভ্য তা য়   "" বি শ্ব জ নী ন ""   হি সে বে ,   ২ ৯ টি   স ভ্য তা য়   "" ম ধ্য প ন্থী ""   হি সে বে ,   ৬ টি   স ভ্য তা য়   "" আ ক স্মি ক ""   হি সে বে   এ বং   ১ ০ টি   স ভ্য তা য়   "" বি র ল ""   হি সে বে   ব র্ণ না   ক রা   হ য়",97,25
"সমান মূল্যবান ছিল জাহাজের রাটার (নাবিকের নির্দেশ-পুস্তক), যার মধ্যে চীন, ভারত এবং জাপানের বাণিজ্যপথ সম্পর্কে গুরুত্বপূর্ণ তথ্য থাকত","স মা ন   মূ ল্য বা ন   ছি ল   জা হা জে র   রা টা র   ( না বি কে র   নি র্দে শ - পু স্ত ক ) ,   যা র   ম ধ্যে   চী ন ,   ভা র ত   এ বং   জা পা নে র   বা ণি জ্য প থ   স ম্প র্কে   গু রু ত্ব পূ র্ণ   ত থ্য   থা ক ত",64,18
এই অঞ্চলে দৃশ্যমান অঙ্কনের একটি গুরুত্বপূর্ণ কেন্দ্র হল আর্ট ইন্সটিটিউট ঢাকা,এ ই   অ ঞ্চ লে   দৃ শ্য মা ন   অ ঙ্ক নে র   এ ক টি   গু রু ত্ব পূ র্ণ   কে ন্দ্র   হ ল   আ র্ট   ই ন্স টি টি উ ট   ঢা কা,35,11
ব্রহ্মসূত্র (খ্রিষ্টপূর্ব প্রথম সহস্রাব্দে রচিত বেদান্ত সূত্র হিসাবেও পরিচিত) এটিকে শ্লোক ১,ব্র হ্ম সূ ত্র   ( খ্রি ষ্ট পূ র্ব   প্র থ ম   স হ স্রা ব্দে   র চি ত   বে দা ন্ত   সূ ত্র   হি সা বে ও   প রি চি ত )   এ টি কে   শ্লো ক   ১,39,12
১,১,1,1
"৪-এ স্বীকৃতি দেয় এবং দাবি করে যে, উপনিষদীয় শিক্ষাগুলিকে শুধুমাত্র আংশিক, বাছাইয়ের ভিত্তিতে নয় বরং বৈদিক পাঠ্যে নিহিত ভাবনাগুলিকে উপলব্ধি, অনুমান, এবং অবশিষ্ট প্রমাণাদির সঙ্গে সঙ্গতিপূর্ণভাবে সামগ্রিক রূপে বুঝতে হবে","৪ - এ   স্বী কৃ তি   দে য়   এ বং   দা বি   ক রে   যে ,   উ প নি ষ দী য়   শি ক্ষা গু লি কে   শু ধু মা ত্র   আ ং শি ক ,   বা ছা ই য় ে র   ভি ত্তি তে   ন য়   ব রং   বৈ দি ক   পা ঠ্যে   নি হি ত   ভা ব না গু লি কে   উ প ল ব্ধি ,   অ নু মা ন ,   এ বং   অ ব শি ষ্ট   প্র মা ণা দি র   স ঙ্গে   স ঙ্গ তি পূ র্ণ ভা বে   সা ম গ্রি ক   রূ পে   বু ঝ তে   হ বে",104,30
এটি ইঙ্গিত করে যে এইসব পেশার সদস্যদের খুঁজে খুঁজে এই গোপন পরিষেবায় সেবা প্রদান করা উচিত,এ টি   ই ঙ্গি ত   ক রে   যে   এ ই স ব   পে শা র   স দ স্য দে র   খুঁ জে   খুঁ জে   এ ই   গো প ন   প রি ষে বা য়   সে বা   প্র দা ন   ক রা   উ চি ত,44,16
সমাপ্তির কাছাকাছি একটি ছোট অংশ যুদ্ধবিগ্রহের বৃহত্তর বিষয়গুলিকে উদ্দেশ করে এবং রণহস্তী এবং সৈনিকের বিভিন্ন ব্যবহার ব্যাখ্যা করে,স মা প্তি র   কা ছা কা ছি   এ ক টি   ছো ট   অ ং শ   যু দ্ধ বি গ্র হে র   বৃ হ ত্ত র   বি ষ য় গু লি কে   উ দ্দে শ   ক রে   এ বং   র ণ হ স্তী   এ বং   সৈ নি কে র   বি ভি ন্ন   ব্য ব হা র   ব্যা খ্যা   ক রে,60,18
দৈর্ঘ্য ও রচয়িতা অনুযায়ী প্রত্যেক গ্রন্থ রাগের উপবিভাগ সহ বৃহদায়তন ধর্মগ্রন্থটি ৩১টি প্রধান রাগে বিভক্ত,দৈ র্ঘ্য   ও   র চ য় ি তা   অ নু যা য় ী   প্র ত্যে ক   গ্র ন্থ   রা গে র   উ প বি ভা গ   স হ   বৃ হ দা য় ত ন   ধ র্ম গ্র ন্থ টি   ৩ ১ টি   প্র ধা ন   রা গে   বি ভ ক্ত,50,15
ভিন্ন আকার অনুচ্ছেদের একটি বিচিত্র সংগ্রহ সহ পাঠ্যাংশটি একটি গদ্যরূপী উপনিষদ,ভি ন্ন   আ কা র   অ নু চ্ছে দে র   এ ক টি   বি চি ত্র   সং গ্র হ   স হ   পা ঠ্যাং শ টি   এ ক টি   গ দ্য রূ পী   উ প নি ষ দ,37,11
"নাস্তিক ভারতীয় দর্শনের মধ্যে পড়ে বৌদ্ধ, জৈন, চার্বাক, অজীবিকা এবং অন্যান্য","না স্তি ক   ভা র তী য়   দ র্শ নে র   ম ধ্যে   প ড় ে   বৌ দ্ধ ,   জৈ ন ,   চা র্বা ক ,   অ জী বি কা   এ বং   অ ন্যা ন্য",35,11
"উদাহরণস্বরূপ, একটি বাল্বের সতর্কতাকে অগ্রাহ্য করা এবং তার অবজ্ঞার ফলস্বরূপ শাস্তি পাওয়া ""বৃদ্ধ লোকটি""র কাহিনী ব্যক্ত করে ""দ্য ট্রিকস্টার অ্যাণ্ড দ্য টকিং বাল্ব""","উ দা হ র ণ স্ব রূ প ,   এ ক টি   বা ল্বে র   স ত র্ক তা কে   অ গ্রা হ্য   ক রা   এ বং   তা র   অ ব জ্ঞা র   ফ ল স্ব রূ প   শা স্তি   পা ও য় া   "" বৃ দ্ধ   লো ক টি "" র   কা হি নী   ব্য ক্ত   ক রে   "" দ্য   ট্রি ক স্টা র   অ ্ যা ণ্ড   দ্য   ট কিং   বা ল্ব """,75,23
"এই কয়েনগুলো বেশিরভাগই তামার এবং ক্বচিৎ কদাচিৎ রুপোর হয়, ধাতুর ডাইগুলিতে সাবধানে প্রয়োজনীয় নকশা কাটা হয়","এ ই   ক য় ে ন গু লো   বে শি র ভা গ ই   তা মা র   এ বং   ক্ব চি ৎ   ক দা চি ৎ   রু পো র   হ য় ,   ধা তু র   ডা ই গু লি তে   সা ব ধা নে   প্র য় ো জ নী য়   ন ক শা   কা টা   হ য়",57,16
"কঠোপনিষদ বলে, যে মানুষ কুটিল চিন্তা না করে এই চিরন্তনী বিষয় নিয়ে ভাবে, সে মুক্ত হতে পারে এবং কখনও শোকগ্রস্ত হয় না","ক ঠো প নি ষ দ   ব লে ,   যে   মা নু ষ   কু টি ল   চি ন্তা   না   ক রে   এ ই   চি র ন্ত নী   বি ষ য়   নি য় ে   ভা বে ,   সে   মু ক্ত   হ তে   পা রে   এ বং   ক খ ন ও   শো ক গ্র স্ত   হ য়   না",56,22
"তরবারি ও ঢাল (খগচর্মবিধৌ)-সহ নেওয়া ৩২টি ভঙ্গিমা; লড়াইয়ে একটিমাত্র দড়ি ব্যবহারের ১১টি কৌশল, দড়িটিকে চালনার ৫টি ক্রিয়া, চক্র (রণ-কোণ) সংক্রান্ত করণীয়ের তালিকা, বর্শা, তোমর (লৌহ দণ্ড), গদা, কুঠার, হাতুড়ি, ভিন্দিপল অথবা লগুড়, বজ্র, ছোরা, গুলতি এবং একটি মুগুর অথবা ডাণ্ডা সহ বিভিন্ন অস্ত্রের মাধ্যমে সম্ভাব্য ক্রিয়াকাণ্ডের নামের তালিকা দিয়ে অংশের সমাপ্তি ঘটে","ত র বা রি   ও   ঢা ল   ( খ গ চ র্ম বি ধৌ ) - স হ   নে ও য় া   ৩ ২ টি   ভ ঙ্গি মা ;   ল ড় া ই য় ে   এ ক টি মা ত্র   দ ড় ি   ব্য ব হা রে র   ১ ১ টি   কৌ শ ল ,   দ ড় ি টি কে   চা ল না র   ৫ টি   ক্রি য় া ,   চ ক্র   ( র ণ - কো ণ )   সং ক্রা ন্ত   ক র ণী য় ে র   তা লি কা ,   ব র্শা ,   তো ম র   ( লৌ হ   দ ণ্ড ) ,   গ দা ,   কু ঠা র ,   হা তু ড় ি ,   ভি ন্দি প ল   অ থ বা   ল গু ড় ,   ব জ্র ,   ছো রা ,   গু ল তি   এ বং   এ ক টি   মু গু র   অ থ বা   ডা ণ্ডা   স হ   বি ভি ন্ন   অ স্ত্রে র   মা ধ্য মে   স ম্ভা ব্য   ক্রি য় া কা ণ্ডে র   না মে র   তা লি কা   দি য় ে   অ ং শে র   স মা প্তি   ঘ টে",188,52
"যুগোস্লাভিয় সাধারণ বাজারের উপর পাশ্চাত্য নিষেধাজ্ঞা থেকে শুরু করে উত্তর ম্যাসেডোনিয়ার উপর গ্রীক নিষেধাজ্ঞা পর্যন্ত, দেশটির পূর্ববর্তী নাম, ম্যাসেডোনিয়ার প্রজাতন্ত্র জুড়ে","যু গো স্লা ভি য ়   সা ধা র ণ   বা জা রে র   উ প র   পা শ্চা ত্য   নি ষে ধা জ্ঞা   থে কে   শু রু   ক রে   উ ত্ত র   ম্যা সে ডো নি য ় া র   উ প র   গ্রী ক   নি ষে ধা জ্ঞা   প র্য ন্ত ,   দে শ টি র   পূ র্ব ব র্তী   না ম ,   ম্যা সে ডো নি য ় া র   প্র জা ত ন্ত্র   জু ড ় ে",81,21
"১৯৯১-এর তীব্র অবমূল্যায়ন এবং ১৯৯৪-এর কারেণ্ট অ্যাকাউণ্টে রূপান্তরযোগ্যতার পরে, টাকার মূল্যটি ব্যাপকভাবে বাজার শক্তির দ্বারা নির্ধারিত হয়ে এসেছে","১ ৯ ৯ ১ - এ র   তী ব্র   অ ব মূ ল্যা য় ন   এ বং   ১ ৯ ৯ ৪ - এ র   কা রে ণ্ট   অ ্ যা কা উ ণ্টে   রূ পা ন্ত র যো গ্য তা র   প রে ,   টা কা র   মূ ল্য টি   ব্যা প ক ভা বে   বা জা র   শ ক্তি র   দ্বা রা   নি র্ধা রি ত   হ য় ে   এ সে ছে",73,18
"তাঁর পরিবারের সংস্থা, সিনো-থাই ইঞ্জিনিয়ারিং অ্যাণ্ড কন্স্‌ট্রাকশন পি","তাঁ র   প রি বা রে র   সং স্থা ,   সি নো - থা ই   ই ঞ্জি নি য় া রিং   অ ্ যা ণ্ড   ক ন্স্ ট্রা ক শ ন   পি",32,8
সি,সি,1,1
এল ব্যাংককের সুবর্ণভূমি বিমানবন্দরের মতো সরকারের বেশ কয়েকটি বৃহৎ প্রকল্প নির্মাণ করেছে,এ ল   ব্যাং ক কে র   সু ব র্ণ ভূ মি   বি মা ন ব ন্দ রে র   ম তো   স র কা রে র   বে শ   ক য় ে ক টি   বৃ হ ৎ   প্র ক ল্প   নি র্মা ণ   ক রে ছে,44,12
"অ্যাপ্‌ল স্টোরের উদ্বোধন এবং নতুন পণ্য মুক্তি শত শত মানুষের ভিড় টানতে পারে, যার মধ্যে কিছু মানুষ আবার উদ্বোধনের আগের দিন থেকে পংক্তিতে অপেক্ষা করবেন","অ ্ যা প্ ল   স্টো রে র   উ দ্বো ধ ন   এ বং   ন তু ন   প ণ্য   মু ক্তি   শ ত   শ ত   মা নু ষে র   ভি ড়   টা ন তে   পা রে ,   যা র   ম ধ্যে   কি ছু   মা নু ষ   আ বা র   উ দ্বো ধ নে র   আ গে র   দি ন   থে কে   পং ক্তি তে   অ পে ক্ষা   ক র বে ন",71,25
"অ্যাপ্‌লের প্রচারক গাই কাওয়াসাকি ব্র্যাণ্ড নিয়ে এই গোঁড়ামিটিকে ""হঠাৎ পাওয়া কোনওকিছু"" বললেও ২০১৪-এ আমি ব্যাখ্যা করেছিলাম যে অ্যাপ্‌লের পণ্যের সঙ্গে ""অবিশ্বাস্য এক ব্যক্তিগত সম্পর্ক রয়েছে মানুষের""","অ ্ যা প্ লে র   প্র চা র ক   গা ই   কা ও য় া সা কি   ব্র্যা ণ্ড   নি য় ে   এ ই   গোঁ ড় া মি টি কে   "" হ ঠা ৎ   পা ও য় া   কো ন ও কি ছু ""   ব ল লে ও   ২ ০ ১ ৪ - এ   আ মি   ব্যা খ্যা   ক রে ছি লা ম   যে   অ ্ যা প্ লে র   প ণ্যে র   স ঙ্গে   "" অ বি শ্বা স্য   এ ক   ব্য ক্তি গ ত   স ম্প র্ক   র য় ে ছে   মা নু ষে র """,99,26
"সপ্তাহে সাত দিন, ১৩ ঘণ্টা করে উপগ্রহ দূরদর্শন প্রদানকারী ডিরেকটিভি প্রেরিত একটি সদস্যমূলক পরিষেবা হিসাবে এটি ১৯৯৪-এ প্রবর্তিত হয়","স প্তা হে   সা ত   দি ন ,   ১ ৩   ঘ ণ্টা   ক রে   উ প গ্র হ   দূ র দ র্শ ন   প্র দা ন কা রী   ডি রে ক টি ভি   প্রে রি ত   এ ক টি   স দ স্য মূ ল ক   প রি ষে বা   হি সা বে   এ টি   ১ ৯ ৯ ৪ - এ   প্র ব র্তি ত   হ য়",66,19
২০১৯ নাগাদ জি এণ্টারটেইনমেণ্ট এণ্টারপ্রাইজেস লিমিটিড (জেড,২ ০ ১ ৯   না গা দ   জি   এ ণ্টা র টে ই ন মে ণ্ট   এ ণ্টা র প্রা ই জে স   লি মি টি ড   ( জে ড,30,7
ই,ই,1,1
ই,ই,1,1
"এল) ছিল এসেল গোষ্ঠীর একমাত্র লাভ-উৎপাদক সংস্থা; সর্বমোট ২০,০০০ কোটির (২০২০-তে ২১,০০০ কোটি বা ২৬০ কোটি মার্কিন ডলারের সমতুল) ঋণ পুঞ্জীভূত করে গোষ্ঠীটি","এ ল )   ছি ল   এ সে ল   গো ষ্ঠী র   এ ক মা ত্র   লা ভ - উ ৎ পা দ ক   সং স্থা ;   স র্ব মো ট   ২ ০ , ০ ০ ০   কো টি র   ( ২ ০ ২ ০ - তে   ২ ১ , ০ ০ ০   কো টি   বা   ২ ৬ ০   কো টি   মা র্কি ন   ড লা রে র   স ম তু ল )   ঋ ণ   পু ঞ্জী ভূ ত   ক রে   গো ষ্ঠী টি",83,23
ই,ই,1,1
ডি,ডি,1,1
এস অবশেষে এ,এ স   অ ব শে ষে   এ,7,3
"টি কিয়ার্নির শতাধিক কর্মচারী ছাঁটাই করে, ক্ষতিপূরণ কমিয়ে দেয়, ব্যাক-অফিস ক্রিয়াকলাপ সংকুচিত করে, এবং এ","টি   কি য় া র্নি র   শ তা ধি ক   ক র্ম চা রী   ছাঁ টা ই   ক রে ,   ক্ষ তি পূ র ণ   ক মি য় ে   দে য় ,   ব্যা ক - অ ফি স   ক্রি য় া ক লা প   সং কু চি ত   ক রে ,   এ বং   এ",54,15
টি কিয়ার্নির সদর দপ্তর শেষ পর্যন্ত শিকাগো থেকে প্লেনোতে স্থানান্তরিত করে,টি   কি য় া র্নি র   স দ র   দ প্ত র   শে ষ   প র্য ন্ত   শি কা গো   থে কে   প্লে নো তে   স্থা না ন্ত রি ত   ক রে,32,11
"প্যারাস্টেটালগুলির বেসরকারীকরণ, কৃষি বিপণন পরিষদগুলির দ্রবীভবন, বিদেশী বিনিয়োগের পক্ষপাতী অধিক মুক্ত বিনিয়োগের অনুমোদন, ব্যাঙ্কিং শিল্পের বেসরকারীকরণ, ঐতিহ্যগত, প্রধান পণ্য রপ্তানির বৈচিত্র্য, এবং খাদ্য উৎপাদনে অধিক বিনিয়োগের সাক্ষী থেকেছে ১৯৮০-পরবর্তী রাতসিরাক এবং জ্যাফির শাসনগুলি","প্যা রা স্টে টা ল গু লি র   বে স র কা রী ক র ণ ,   কৃ ষি   বি প ণ ন   প রি ষ দ গু লি র   দ্র বী ভ ব ন ,   বি দে শী   বি নি য় ো গে র   প ক্ষ পা তী   অ ধি ক   মু ক্ত   বি নি য় ো গে র   অ নু মো দ ন ,   ব্যা ঙ্কিং   শি ল্পে র   বে স র কা রী ক র ণ ,   ঐ তি হ্য গ ত ,   প্র ধা ন   প ণ্য   র প্তা নি র   বৈ চি ত্র্য ,   এ বং   খা দ্য   উ ৎ পা দ নে   অ ধি ক   বি নি য় ো গে র   সা ক্ষী   থে কে ছে   ১ ৯ ৮ ০ - প র ব র্তী   রা ত সি রা ক   এ বং   জ্যা ফি র   শা স ন গু লি",146,33
"বাণিজ্যিক ব্যাঙ্ক ঋণ, ক্রেতার আমানত, জোগানদারের আমানত, অস্থায়ী হারের নোট এবং স্থায়ী হারের বণ্ডের মতো সুরক্ষিত দলিল ইত্যাদি, আন্তর্জাতিক অর্থ নিগম (ওয়াশিংটন), এ","বা ণি জ্যি ক   ব্যা ঙ্ক   ঋ ণ ,   ক্রে তা র   আ মা ন ত ,   জো গা ন দা রে র   আ মা ন ত ,   অ স্থা য় ী   হা রে র   নো ট   এ বং   স্থা য় ী   হা রে র   ব ণ্ডে র   ম তো   সু র ক্ষি ত   দ লি ল   ই ত্যা দি ,   আ ন্ত র্জা তি ক   অ র্থ   নি গ ম   ( ও য় া শিং ট ন ) ,   এ",81,23
ডি,ডি,1,1
"বি, এ","বি ,   এ",3,2
এফ,এ ফ,2,1
আই,আ ই,2,1
"সি, সি","সি ,   সি",3,2
ডি,ডি,1,1
সি প্রভৃতির মতো বহুপাক্ষিক অর্থ প্রতিষ্ঠানগুলির বেসরকারি বিভাগ থেকে আগত বাণিজ্যিক ধারসমূহ ই,সি   প্র ভৃ তি র   ম তো   ব হু পা ক্ষি ক   অ র্থ   প্র তি ষ্ঠা ন গু লি র   বে স র কা রি   বি ভা গ   থে কে   আ গ ত   বা ণি জ্যি ক   ধা র স মূ হ   ই,44,13
সি,সি,1,1
বিগুলির মধ্যে অন্তর্ভুক্ত থাকে,বি গু লি র   ম ধ্যে   অ ন্ত র্ভু ক্ত   থা কে,12,4
১৭ই মে ২০১৬-এ এসবিআই বোর্ড তার ৫টি সহকারী ব্যাঙ্ক এবং ভারতীয় মহিলা ব্যাঙ্ককে নিজের সঙ্গে একত্র করার প্রস্তাবটি মঞ্জুর করার এক মাস পরে এটি আসে,১ ৭ ই   মে   ২ ০ ১ ৬ - এ   এ স বি আ ই   বো র্ড   তা র   ৫ টি   স হ কা রী   ব্যা ঙ্ক   এ বং   ভা র তী য ়   ম হি লা   ব্যা ঙ্ক কে   নি জে র   স ঙ্গে   এ ক ত্র   ক রা র   প্র স্তা ব টি   ম ঞ্জু র   ক রা র   এ ক   মা স   প রে   এ টি   আ সে,71,25
মোট বিক্রয়লব্ধ আয়ের নিরিখে ২০১৮ ফর্চুন ৫০০-এর মার্কিন যুক্তরাষ্ট্রের বৃহত্তম সংস্থাগুলির তালিকায় ৮৬তম স্থান অর্জন করে আমেরিকান এক্সপ্রেস,মো ট   বি ক্র য় ল ব্ধ   আ য় ে র   নি রি খে   ২ ০ ১ ৮   ফ র্চু ন   ৫ ০ ০ - এ র   মা র্কি ন   যু ক্ত রা ষ্ট্রে র   বৃ হ ত্ত ম   সং স্থা গু লি র   তা লি কা য়   ৮ ৬ ত ম   স্থা ন   অ র্জ ন   ক রে   আ মে রি কা ন   এ ক্স প্রে স,68,18
খনন এবং প্রাকৃতিক গ্যাস নিষ্কাশন তথা ব্যাঙ্কিং বিভাগে বিনিয়োগ বৃদ্ধি পায়,খ ন ন   এ বং   প্রা কৃ তি ক   গ্যা স   নি ষ্কা শ ন   ত থা   ব্যা ঙ্কিং   বি ভা গে   বি নি য় ো গ   বৃ দ্ধি   পা য়,31,11
"১৯১৩ থেকে ১৯২৯-এর মধ্যে, এটির কৃষিজাত রপ্তানি ৩০ লক্ষ ডলার (কলা থেকে ২ লক্ষ ডলার) থেকে বেড়ে ২","১ ৯ ১ ৩   থে কে   ১ ৯ ২ ৯ - এ র   ম ধ্যে ,   এ টি র   কৃ ষি জা ত   র প্তা নি   ৩ ০   ল ক্ষ   ড লা র   ( ক লা   থে কে   ২   ল ক্ষ   ড লা র )   থে কে   বে ড় ে   ২",51,18
৫ কোটি ডলার (কলা থেকে ২,৫   কো টি   ড লা র   ( ক লা   থে কে   ২,12,6
১ কোটি ডলার)-এ গিয়ে পৌঁছয়,১   কো টি   ড লা র ) - এ   গি য় ে   পৌঁ ছ য়,15,5
"তবে, ২০১৩-র প্রথম দিকে প্রায় ১১%-এ পৌঁছে যাওয়া পোল্যাণ্ডের বেকারত্বের হারকে ব্যবসা চক্রটির অর্থনৈতিক অস্থিরতাটি সত্যিই প্রভাবিত করেছিল","ত বে ,   ২ ০ ১ ৩ - র   প্র থ ম   দি কে   প্রা য়   ১ ১ % - এ   পৌঁ ছে   যা ও য় া   পো ল্যা ণ্ডে র   বে কা র ত্বে র   হা র কে   ব্য ব সা   চ ক্র টি র   অ র্থ নৈ তি ক   অ স্থি র তা টি   স ত্যি ই   প্র ভা বি ত   ক রে ছি ল",67,18
"২০০০-এ, এই সূচকটি ব্যবহার করে এস","২ ০ ০ ০ - এ ,   এ ই   সূ চ ক টি   ব্য ব হা র   ক রে   এ স",21,6
অ্যাণ্ড,অ ্ যা ণ্ড,4,1
পি বি,পি   বি,2,2
এস,এ স,2,1
ই সেনসেক্স-এর ভবিষ্যৎ চুক্তিগুলির ব্যবসা করে বি,ই   সে ন সে ক্স - এ র   ভ বি ষ্য ৎ   চু ক্তি গু লি র   ব্য ব সা   ক রে   বি,23,7
এস,এ স,2,1
ই তার সিদ্ধান্তমূলক বাজারটি খুলে দেয়,ই   তা র   সি দ্ধা ন্ত মূ ল ক   বা জা র টি   খু লে   দে য়,17,6
বি,বি,1,1
এস,এ স,2,1
"ই-র বাণিজ্য ক্ষেত্রটি প্রসারিত করে দিয়ে, ২০০১ এবং ২০০২-এ ইক্যুইটি ডেরিভেটিভগুলি সহ এস","ই - র   বা ণি জ্য   ক্ষে ত্র টি   প্র সা রি ত   ক রে   দি য় ে ,   ২ ০ ০ ১   এ বং   ২ ০ ০ ২ - এ   ই ক্যু ই টি   ডে রি ভে টি ভ গু লি   স হ   এ স",46,13
অ্যাণ্ড,অ ্ যা ণ্ড,4,1
পি বি,পি   বি,2,2
এস,এ স,2,1
ই সেন্সেক্স বিকল্পগুলির উন্নয়ন সাধিত হয়,ই   সে ন্সে ক্স   বি ক ল্প গু লি র   উ ন্ন য় ন   সা ধি ত   হ য়,19,6
"ক্ষুধার সঙ্গে লড়াইয়ে, গণমাধ্যম তারকা এবং সংশ্লিষ্ট নাগরিকদের ক্ষমতাকে একত্র করতে, ১৯৯৭-এ কনসার্ট, ক্রীড়ানুষ্ঠান এবং অন্যান্য কার্যক্রম সমন্বিত টেলিফুড নামক একটি অভিযান শুরু করে এফ","ক্ষু ধা র   স ঙ্গে   ল ড ় া ই য ় ে ,   গ ণ মা ধ্য ম   তা র কা   এ বং   সং শ্লি ষ্ট   না গ রি ক দে র   ক্ষ ম তা কে   এ ক ত্র   ক র তে ,   ১ ৯ ৯ ৭ - এ   ক ন সা র্ট ,   ক্রী ড ় া নু ষ্ঠা ন   এ বং   অ ন্যা ন্য   কা র্য ক্র ম   স ম ন্বি ত   টে লি ফু ড   না ম ক   এ ক টি   অ ভি যা ন   শু রু   ক রে   এ ফ",95,25
এ,এ,1,1
ও,ও,1,1
"ব্যবসা পরিষেবাসমূহ: ২,৮০০,০০০ কাজের জায়গা সহ উদ্যোক্তা কাঠামোর ১০","ব্য ব সা   প রি ষে বা স মূ হ :   ২ , ৮ ০ ০ , ০ ০ ০   কা জে র   জা য় গা   স হ   উ দ্যো ক্তা   কা ঠা মো র   ১ ০",37,9
"৩%-এর সমান ৬,৩০,০০০ নিবন্ধিত সংস্থা","৩ % - এ র   স মা ন   ৬ , ৩ ০ , ০ ০ ০   নি ব ন্ধি ত   সং স্থা",22,5
সম্পত্তি মূল্য গণনাকারী স্টার্ট-আপ হিসাবে রিয়েলকে ২০১৭-এ অধিগ্রহণ করে এ,স ম্প ত্তি   মূ ল্য   গ ণ না কা রী   স্টা র্ট - আ প   হি সা বে   রি য় ে ল কে   ২ ০ ১ ৭ - এ   অ ধি গ্র হ ণ   ক রে   এ,37,10
এন,এ ন,2,1
জেড,জে ড,2,1
এটি ১৪৮২টি নাগরিক এবং ৫৮টি বহুরাজ্য সমবায় ব্যাঙ্ককে আরবিআই-এর তত্ত্বাবধানে নিয়ে এসেছে,এ টি   ১ ৪ ৮ ২ টি   না গ রি ক   এ বং   ৫ ৮ টি   ব হু রা জ্য   স ম বা য়   ব্যা ঙ্ক কে   আ র বি আ ই - এ র   ত ত্ত্বা ব ধা নে   নি য় ে   এ সে ছে,46,12
"অতএব, উলউইচ বার্ক্লেস কোম্পানি গোষ্ঠীতে যোগদান করে, এবং অধিগ্রহণের পরে উলউইচ নামটি বজায় রাখা হয়","অ ত এ ব ,   উ ল উ ই চ   বা র্ক্লে স   কো ম্পা নি   গো ষ্ঠী তে   যো গ দা ন   ক রে ,   এ বং   অ ধি গ্র হ ণে র   প রে   উ ল উ ই চ   না ম টি   ব জা য়   রা খা   হ য়",51,15
"২০১২-র অক্টোবরে, নিম্নমুখী বিক্রয়লব্ধ আয়ের কারণে এটি আরও ১৫% কর্মচারী ছাঁটাইয়ের পরিকল্পনার ঘোষণা করে","২ ০ ১ ২ - র   অ ক্টো ব রে ,   নি ম্ন মু খী   বি ক্র য় ল ব্ধ   আ য় ে র   কা র ণে   এ টি   আ র ও   ১ ৫ %   ক র্ম চা রী   ছাঁ টা ই য় ে র   প রি ক ল্প না র   ঘো ষ ণা   ক রে",56,14
"""আন্তর্জাতিক"" ওয়াট হিসাবে সিমেন্সের সংজ্ঞাটি গৃহীত হয়",""" আ ন্ত র্জা তি ক ""   ও য় া ট   হি সা বে   সি মে ন্সে র   সং জ্ঞা টি   গৃ হী ত   হ য়",26,7
"উপরন্তু, বাজাজ গোষ্ঠী বেশ কয়েকটি শিক্ষামূলক কার্যক্রমও গ্রহণ করেছে","উ প র ন্তু ,   বা জা জ   গো ষ্ঠী   বে শ   ক য় ে ক টি   শি ক্ষা মূ ল ক   কা র্য ক্র ম ও   গ্র হ ণ   ক রে ছে",33,9
জানুয়ারি-মার্চ ২০১৫ সময়কালে চীনের ৭%-এর তুলনায় ভারতের জিডিপি বৃদ্ধি ছিল ৭,জা নু য় া রি - মা র্চ   ২ ০ ১ ৫   স ম য় কা লে   চী নে র   ৭ % - এ র   তু ল না য়   ভা র তে র   জি ডি পি   বৃ দ্ধি   ছি ল   ৭,41,11
"৫%, যা ভারতকে দ্রুততম বর্ধনশীল প্রধান অর্থনীতি করে তোলে","৫ % ,   যা   ভা র ত কে   দ্রু ত ত ম   ব র্ধ ন শী ল   প্র ধা ন   অ র্থ নী তি   ক রে   তো লে",28,9
দীর্ঘকালীন বিনিয়োগগুলি অনেক বছরের জন্য ধরে রাখতে হয় এবং অদূর ভবিষ্যতে নিষ্পত্তি হওয়ারও কোনও অভিপ্রায় থাকে না,দী র্ঘ কা লী ন   বি নি য় ো গ গু লি   অ নে ক   ব ছ রে র   জ ন্য   ধ রে   রা খ তে   হ য়   এ বং   অ দূ র   ভ বি ষ্য তে   নি ষ্প ত্তি   হ ও য় া র ও   কো ন ও   অ ভি প্রা য়   থা কে   না,56,17
২০১০-এর ২৮ ডিসেম্বর কোয়ালিশন টু আপরুট র‍্যাগিং ফ্রম এডুকেশন (কিওর) নামক বেসরকারি সংস্থার সহ-প্রতিষ্ঠাতা হর্ষ আগরওয়াল একটি নির্দিষ্ট দৃশ্যে অগ্রজদের দ্বারা প্রধান অভিনেতাদের র‍্যাগিং নিয়ে ক্ষোভের বিবরণ দিয়ে পূর্বতন এইচ,২ ০ ১ ০ - এ র   ২ ৮   ডি সে ম্ব র   কো য় া লি শ ন   টু   আ প রু ট   র ্ যা গিং   ফ্র ম   এ ডু কে শ ন   ( কি ও র )   না ম ক   বে স র কা রি   সং স্থা র   স হ - প্র তি ষ্ঠা তা   হ র্ষ   আ গ র ও য় া ল   এ ক টি   নি র্দি ষ্ট   দৃ শ্যে   অ গ্র জ দে র   দ্বা রা   প্র ধা ন   অ ভি নে তা দে র   র ্ যা গিং   নি য় ে   ক্ষো ভে র   বি ব র ণ   দি য় ে   পূ র্ব ত ন   এ ই চ,115,30
আর,আ র,2,1
ডি মন্ত্রী আর,ডি   ম ন্ত্রী   আ র,5,3
কে,কে,1,1
"রাঘবনের নেতৃত্বাধীন একটি প্যানেল, রাঘবন কমিটিকে একটি চিঠি লেখেন","রা ঘ ব নে র   নে তৃ ত্বা ধী ন   এ ক টি   প্যা নে ল ,   রা ঘ ব ন   ক মি টি কে   এ ক টি   চি ঠি   লে খে ন",33,9
পুনরুজ্জীবনের প্রচেষ্টার মধ্যে শিল্প নির্দেশক হিসাবে জিন-চার্লস ডে ক্যাস্টেল ব্যাজ্যাকের নিযুক্তি এবং আলোকচিত্রকর অলিভিয়েরো টাস্কানির পুনর্নিয়োগও অন্তর্গত,পু ন রু জ্জী ব নে র   প্র চে ষ্টা র   ম ধ্যে   শি ল্প   নি র্দে শ ক   হি সা বে   জি ন - চা র্ল স   ডে   ক্যা স্টে ল   ব্যা জ্যা কে র   নি যু ক্তি   এ বং   আ লো ক চি ত্র ক র   অ লি ভি য় ে রো   টা স্কা নি র   পু ন র্নি য় ো গ ও   অ ন্ত র্গ ত,69,17
"মেক্সিকোয় যৌথ উদ্যোগ প্রতিষ্ঠান স্থাপন করা বিদেশী সংস্থাগুলির মধ্যে উল্লেখযোগ্য হলো সম্পূর্ণ টেলিভিশন, সাদা পণ্য, মুদ্রিত সার্কিট বোর্ড, এল","মে ক্সি কো য়   যৌ থ   উ দ্যো গ   প্র তি ষ্ঠা ন   স্থা প ন   ক রা   বি দে শী   সং স্থা গু লি র   ম ধ্যে   উ ল্লে খ যো গ্য   হ লো   স ম্পূ র্ণ   টে লি ভি শ ন ,   সা দা   প ণ্য ,   মু দ্রি ত   সা র্কি ট   বো র্ড ,   এ ল",60,19
সি,সি,1,1
"ডি প্যানেল, এবং অর্ধপরিবাহী নকশাকার ও প্রস্তুতকারক একটি স্থানীয় ডিজাইনার স্যামেক্স গঠন করা স্যামসাং; এবং ইলেক্ট্রনিক্সের অংশ, টেলিভিশন, এবং কারখানার ভারী যন্ত্রপাতি উৎপাদনকারী তোশিবা দে মেক্সিকো, এস","ডি   প্যা নে ল ,   এ বং   অ র্ধ প রি বা হী   ন ক শা কা র   ও   প্র স্তু ত কা র ক   এ ক টি   স্থা নী য়   ডি জা ই না র   স্যা মে ক্স   গ ঠ ন   ক রা   স্যা ম সাং ;   এ বং   ই লে ক্ট্র নি ক্সে র   অ ং শ ,   টে লি ভি শ ন ,   এ বং   কা র খা না র   ভা রী   য ন্ত্র পা তি   উ ৎ পা দ ন কা রী   তো শি বা   দে   মে ক্সি কো ,   এ স",96,27
এ,এ,1,1
দি সি,দি   সি,2,2
ভি,ভি,1,1
নামে প্রশাসনিকভাবে স্বশাসিত একটি সহায়ক গঠন করা তোশিবা,না মে   প্র শা স নি ক ভা বে   স্ব শা সি ত   এ ক টি   স হা য় ক   গ ঠ ন   ক রা   তো শি বা,28,8
"২০১৪-এ, সরকার বীমা বিভাগে বিদেশী বিনিয়োগের উপরিসীমা ২৬% থেকে বাড়িয়ে ৪৯% করে দিয়েছে","২ ০ ১ ৪ - এ ,   স র কা র   বী মা   বি ভা গে   বি দে শী   বি নি য় ো গে র   উ প রি সী মা   ২ ৬ %   থে কে   বা ড় ি য় ে   ৪ ৯ %   ক রে   দি য় ে ছে",49,13
১৯৩৪-এর ভারতীয় রিজার্ভ ব্যাঙ্ক আইনের দ্বিতীয় তফসিলের অন্তর্গত ব্যাঙ্কগুলি হলো তফসিলিভুক্ত ব্যাঙ্ক,১ ৯ ৩ ৪ - এ র   ভা র তী য়   রি জা র্ভ   ব্যা ঙ্ক   আ ই নে র   দ্বি তী য়   ত ফ সি লে র   অ ন্ত র্গ ত   ব্যা ঙ্ক গু লি   হ লো   ত ফ সি লি ভু ক্ত   ব্যা ঙ্ক,46,12
এটি বসার ঘরে একটি ৬০,এ টি   ব সা র   ঘ রে   এ ক টি   ৬ ০,12,5
"৬ ইঞ্চি (১৫৪ সেমি) চওড়া দু'জন বসার মতো হেলান দেওয়া সোফা এবং ৩২ ইঞ্চি (৮১ সেমি) টিভি মনিটর বিশিষ্ট; শাওয়ার সহ লাগোয়া একটি বাথরুম; শোওয়ার ঘরে একটি ৮২ ইঞ্চি (২১০ সেমি) লম্বা, ৪৭","৬   ই ঞ্চি   ( ১ ৫ ৪   সে মি )   চ ও ড় া   দু ' জ ন   ব সা র   ম তো   হে লা ন   দে ও য় া   সো ফা   এ বং   ৩ ২   ই ঞ্চি   ( ৮ ১   সে মি )   টি ভি   ম নি ট র   বি শি ষ্ট ;   শা ও য় া র   স হ   লা গো য় া   এ ক টি   বা থ রু ম ;   শো ও য় া র   ঘ রে   এ ক টি   ৮ ২   ই ঞ্চি   ( ২ ১ ০   সে মি )   ল ম্বা ,   ৪ ৭",99,33
"৫ ইঞ্চি (১২১ সেমি) চওড়া দু'জনের বিছানা, যার মধ্যে একটি ২৭ ইঞ্চি (৬৯ সেমি) টিভি মনিটর এবং একজন ব্যক্তিগত খানসামাও অন্তর্ভুক্ত","৫   ই ঞ্চি   ( ১ ২ ১   সে মি )   চ ও ড় া   দু ' জ নে র   বি ছা না ,   যা র   ম ধ্যে   এ ক টি   ২ ৭   ই ঞ্চি   ( ৬ ৯   সে মি )   টি ভি   ম নি ট র   এ বং   এ ক জ ন   ব্য ক্তি গ ত   খা ন সা মা ও   অ ন্ত র্ভু ক্ত",65,21
"প্রথমটি উৎপাদনশীলতা উদ্রেককারী একটি উপভোক্তা অর্থনীতি, এবং পরেরটি সর্বগ্রাসী সামাজিক নিয়ন্ত্রণের মাধ্যম হিসাবে পরিকল্পিত এক ঘাটতি অর্থনীতি","প্র থ ম টি   উ ৎ পা দ ন শী ল তা   উ দ্রে ক কা রী   এ ক টি   উ প ভো ক্তা   অ র্থ নী তি ,   এ বং   প রে র টি   স র্ব গ্রা সী   সা মা জি ক   নি য় ন্ত্র ণে র   মা ধ্য ম   হি সা বে   প রি ক ল্পি ত   এ ক   ঘা ট তি   অ র্থ নী তি",68,17
"২০১৩-র আগে, প্রথমে ভারতে একটি আই","২ ০ ১ ৩ - র   আ গে ,   প্র থ মে   ভা র তে   এ ক টি   আ ই",20,6
পি,পি,1,1
ও সম্পূর্ণ করার আগে তাদের সুরক্ষাগুলি আন্তর্জাতিক তালিকাভুক্ত করার অনুমতি ভারতীয় সংস্থাগুলির ছিল না,ও   স ম্পূ র্ণ   ক রা র   আ গে   তা দে র   সু র ক্ষা গু লি   আ ন্ত র্জা তি ক   তা লি কা ভু ক্ত   ক রা র   অ নু ম তি   ভা র তী য়   সং স্থা গু লি র   ছি ল   না,46,14
"""অ্যাপ্‌ল ফ্যানবয়"" বিশেষণটি প্রয়োগ করে এবং কোনও পণ্য মুক্তির আগে দীর্ঘ লাইন তৈরি হওয়াকে বিদ্রূপ করে ব্র্যাণ্ড আনুগত্যের উচ্চপর্যায়টির সমালোচনা এবং উপহাস করা হয়েছে",""" অ ্ যা প্ ল   ফ্যা ন ব য় ""   বি শে ষ ণ টি   প্র য় ো গ   ক রে   এ বং   কো ন ও   প ণ্য   মু ক্তি র   আ গে   দী র্ঘ   লা ই ন   তৈ রি   হ ও য় া কে   বি দ্রূ প   ক রে   ব্র্যা ণ্ড   আ নু গ ত্যে র   উ চ্চ প র্যা য় টি র   স মা লো চ না   এ বং   উ প হা স   ক রা   হ য় ে ছে",82,24
"২০০৬-এ নিউ ইয়র্ক শহরের অ্যাপ্‌ল ফিফ্‌থ অ্যাভিনিউ স্টোরের উদ্বোধনটিতে অনেকে উপস্থিত ছিলেন, এবং অনুষ্ঠানটির জন্য ইউরোপ থেকেও অতিথিরা উড়ে আসেন","২ ০ ০ ৬ - এ   নি উ   ই য় র্ক   শ হ রে র   অ ্ যা প্ ল   ফি ফ্ থ   অ ্ যা ভি নি উ   স্টো রে র   উ দ্বো ধ ন টি তে   অ নে কে   উ প স্থি ত   ছি লে ন ,   এ বং   অ নু ষ্ঠা ন টি র   জ ন্য   ই উ রো প   থে কে ও   অ তি থি রা   উ ড় ে   আ সে ন",76,20
মোট অভ্যন্তরীণ উৎপাদনের ২১,মো ট   অ ভ্য ন্ত রী ণ   উ ৎ পা দ নে র   ২ ১,15,4
৬% হারে অভ্যন্তরীণ সঞ্চয় এবং মোট অভ্যন্তরীণ উৎপাদনের ১,৬ %   হা রে   অ ভ্য ন্ত রী ণ   স ঞ্চ য়   এ বং   মো ট   অ ভ্য ন্ত রী ণ   উ ৎ পা দ নে র   ১,28,9
৬% হারে বিদেশী সঞ্চয় সহ অভ্যন্তরীণ এবং বিদেশী উৎস থেকে বিনিয়োগের জন্য প্রয়োজনীয় সঞ্চয়গুলি আসার কথা ছিল,৬ %   হা রে   বি দে শী   স ঞ্চ য়   স হ   অ ভ্য ন্ত রী ণ   এ বং   বি দে শী   উ ৎ স   থে কে   বি নি য় ো গে র   জ ন্য   প্র য় ো জ নী য়   স ঞ্চ য় গু লি   আ সা র   ক থা   ছি ল,53,17
"কম্পিউটার সায়েন্সেস কর্পোরেশন এবং অ্যাকসেন্চারের সাথে দুপঁ-র মুখ্য তথ্য আধিকারিক সিণ্ডা হলম্যানের ১০ বছরব্যাপী ৪০০ কোটি মার্কিন ডলারের আউটসোর্সিং চুক্তির ব্যবস্থাপনার বিবরণ আউটসোর্স করা হয়েছিল, এভাবে ""ঘরে বসে করার মতো একটি পদ্ধতি আমরা উদ্ভাবন করি","ক ম্পি উ টা র   সা য ় ে ন্সে স   ক র্পো রে শ ন   এ বং   অ ্ যা ক সে ন্চা রে র   সা থে   দু পঁ - র   মু খ্য   ত থ্য   আ ধি কা রি ক   সি ণ্ডা   হ ল ম্যা নে র   ১ ০   ব ছ র ব্যা পী   ৪ ০ ০   কো টি   মা র্কি ন   ড লা রে র   আ উ ট সো র্সিং   চু ক্তি র   ব্য ব স্থা প না র   বি ব র ণ   আ উ ট সো র্স   ক রা   হ য় ে ছি ল ,   এ ভা বে   "" ঘ রে   ব সে   ক রা র   ম তো   এ ক টি   প দ্ধ তি   আ ম রা   উ দ্ভা ব ন   ক রি",126,35
"""","""",1,1
"আলাস্কার আঙ্কোরেজে অবস্থিত রবার্ট বি অ্যাটউড বিল্ডিংয়ের নাম একসময় ব্যাংক অফ আমেরিকা সেন্টার দেওয়া হয়েছিল, তাদের ভাড়াটে সিকিউরিটি প্যাসিফিক ব্যাংককে অধিগ্রহণ করে নেওয়ার সময় একসাথে এই পুনর্নামকরণ করা হয়েছিল","আ লা স্কা র   আ ঙ্কো রে জে   অ ব স্থি ত   র বা র্ট   বি   অ ্ যা ট উ ড   বি ল্ডিং য় ে র   না ম   এ ক স ম য়   ব্যাং ক   অ ফ   আ মে রি কা   সে ন্টা র   দে ও য় া   হ য় ে ছি ল ,   তা দে র   ভা ড় া টে   সি কি উ রি টি   প্যা সি ফি ক   ব্যাং ক কে   অ ধি গ্র হ ণ   ক রে   নে ও য় া র   স ম য়   এ ক সা থে   এ ই   পু ন র্না ম ক র ণ   ক রা   হ য় ে ছি ল",109,29
নিউরোমডিউলেশন থেকে বি,নি উ রো ম ডি উ লে শ ন   থে কে   বি,12,3
সি,সি,1,1
"আই আলাদা এইভাবে যে, এটি তথ্যের দ্বিমুখী প্রবাহের অনুমতি দেয়","আ ই   আ লা দা   এ ই ভা বে   যে ,   এ টি   ত থ্যে র   দ্বি মু খী   প্র বা হে র   অ নু ম তি   দে য়",29,10
"যাইহোক, এই ধরনের পর্যায়ক্রমিক অনুক্রমগুলি আকর্ষণীয় হওয়ার পরিবর্তে অরুচিকর হয়, অর্থাৎ বিবর্তনশীল চলরাশিটি কাছাকাছি হলেও অনুক্রমের বাইরে থাকলে, সেটি অনুক্রমে প্রবেশ করবে না এবং, কার্যত, সেটি থেকে বিচ্যুত হবে","যা ই হো ক ,   এ ই   ধ র নে র   প র্যা য় ক্র মি ক   অ নু ক্র ম গু লি   আ ক র্ষ ণী য়   হ ও য় া র   প রি ব র্তে   অ রু চি ক র   হ য় ,   অ র্থা ৎ   বি ব র্ত ন শী ল   চ ল রা শি টি   কা ছা কা ছি   হ লে ও   অ নু ক্র মে র   বা ই রে   থা ক লে ,   সে টি   অ নু ক্র মে   প্র বে শ   ক র বে   না   এ বং ,   কা র্য ত ,   সে টি   থে কে   বি চ্যু ত   হ বে",107,29
এক অধি সেকেণ্ড হলো অনিয়ম এবং পৃথিবীর আবর্তনে দীর্ঘমেয়াদি মন্দীভবনের কারণে পরিবর্তিত হতে থাকা নির্ভুল সময় (পারমাণবিক ঘড়ি দ্বারা পরিমিত আন্তর্জাতিক পারমাণবিক সময় (টাই)) এবং অনির্ভুল পর্যবেক্ষিত সৌর সময় (ইউটি১)-এর মধ্যে পার্থক্যটিকে সমন্বিত করতে স্থানাঙ্কিত বিশ্বজনীন সময় (ইউটিসি)-এ মাঝেমধ্যে প্রযুক্ত এক সেকেণ্ডের একটি সামঞ্জস্যবিধান,এ ক   অ ধি   সে কে ণ্ড   হ লো   অ নি য় ম   এ বং   পৃ থি বী র   আ ব র্ত নে   দী র্ঘ মে য় া দি   ম ন্দী ভ ব নে র   কা র ণে   প রি ব র্তি ত   হ তে   থা কা   নি র্ভু ল   স ম য়   ( পা র মা ণ বি ক   ঘ ড় ি   দ্বা রা   প রি মি ত   আ ন্ত র্জা তি ক   পা র মা ণ বি ক   স ম য়   ( টা ই ) )   এ বং   অ নি র্ভু ল   প র্য বে ক্ষি ত   সৌ র   স ম য়   ( ই উ টি ১ ) - এ র   ম ধ্যে   পা র্থ ক্য টি কে   স ম ন্বি ত   ক র তে   স্থা না ঙ্কি ত   বি শ্ব জ নী ন   স ম য়   ( ই উ টি সি ) - এ   মা ঝে ম ধ্যে   প্র যু ক্ত   এ ক   সে কে ণ্ডে র   এ ক টি   সা ম ঞ্জ স্য বি ধা ন,170,44
"ক্রেমার এট অল-এর শিক্ষকদের উপর করা একটি গবেষণায় পাওয়া গেছে যে, সমীক্ষার সময় ২৫ শতাংশ বেসরকারি খাতের শিক্ষক এবং ৪০ শতাংশ সারকারি খাতের চিকিৎসাকর্মী অনুপস্থিত ছিলেন","ক্রে মা র   এ ট   অ ল - এ র   শি ক্ষ ক দে র   উ প র   ক রা   এ ক টি   গ বে ষ ণা য়   পা ও য় া   গে ছে   যে ,   স মী ক্ষা র   স ম য়   ২ ৫   শ তাং শ   বে স র কা রি   খা তে র   শি ক্ষ ক   এ বং   ৪ ০   শ তাং শ   সা র কা রি   খা তে র   চি কি ৎ সা ক র্মী   অ নু প স্থি ত   ছি লে ন",87,26
১৯২৩ সালের কম্পটন প্রভাব আরও নজির প্রদান করে যে বিশেষ আপেক্ষিকতা খাটে ফোটন-ইলেক্ট্রন বিক্ষেপের সময় একটি কণার বর্ণনার ক্ষেত্রে,১ ৯ ২ ৩   সা লে র   ক ম্প ট ন   প্র ভা ব   আ র ও   ন জি র   প্র দা ন   ক রে   যে   বি শে ষ   আ পে ক্ষি ক তা   খা টে   ফো ট ন - ই লে ক্ট্র ন   বি ক্ষে পে র   স ম য়   এ ক টি   ক ণা র   ব র্ণ না র   ক্ষে ত্রে,63,19
"উৎসে আধান এবং বিদ্যুৎপ্রবাহ থেকে বিকীর্ণ হয়, সেগুলির উপরে কোনও ""প্রতিক্রিয়া"" প্রভাব নেই, এবং বর্তমান সময়ে সেগুলির দ্বারা প্রত্যক্ষভাবে প্রভাবিত হয় না (বরং অতীতে সেগুলি থেকে বিকীর্ণ ক্ষেত্রের পরিবর্তনসমূহের অনুক্রম থেকে পরোক্ষভাবে উৎপাদিত হয় এটি) বলে বিদ্যুৎপ্রবাহ এবং আধান (উৎস) থেকে বহু দূরের কোনও তড়িৎ-চুম্বকীয় ক্ষেত্রকে তড়িৎ-চুম্বকীয় বিকিরণ (ইএমআর) বলে","উ ৎ সে   আ ধা ন   এ বং   বি দ্যু ৎ প্র বা হ   থে কে   বি কী র্ণ   হ য় ,   সে গু লি র   উ প রে   কো ন ও   "" প্র তি ক্রি য় া ""   প্র ভা ব   নে ই ,   এ বং   ব র্ত মা ন   স ম য় ে   সে গু লি র   দ্বা রা   প্র ত্য ক্ষ ভা বে   প্র ভা বি ত   হ য়   না   ( ব রং   অ তী তে   সে গু লি   থে কে   বি কী র্ণ   ক্ষে ত্রে র   প রি ব র্ত ন স মূ হে র   অ নু ক্র ম   থে কে   প রো ক্ষ ভা বে   উ ৎ পা দি ত   হ য়   এ টি )   ব লে   বি দ্যু ৎ প্র বা হ   এ বং   আ ধা ন   ( উ ৎ স )   থে কে   ব হু   দূ রে র   কো ন ও   ত ড় ি ৎ - চু ম্ব কী য়   ক্ষে ত্র কে   ত ড় ি ৎ - চু ম্ব কী য়   বি কি র ণ   ( ই এ ম আ র )   ব লে",182,50
"উপরের উল্লেখ অনুসারে, অধিকাংশ ডি","উ প রে র   উ ল্লে খ   অ নু সা রে ,   অ ধি কাং শ   ডি",17,5
এন,এ ন,2,1
"এ অণুই হলো অসংযোজক বন্ধনে প্যাঁচালো কায়দায় একসঙ্গে আবদ্ধ পলিমারের দু'টি সূত্র; অধিকাংশ ক্ষেত্রে, জি এবং সি স্ট্যাকের ক্ষেত্রে সবথেকে শক্তিশালী এই আন্তঃসূত্র বেস স্ট্যাকিং পারস্পরিক যোগাযোগ দ্বারা এই দ্বি-সূত্রক গঠনটি রক্ষিত হয়","এ   অ ণু ই   হ লো   অ সং যো জ ক   ব ন্ধ নে   প্যাঁ চা লো   কা য় দা য়   এ ক স ঙ্গে   আ ব দ্ধ   প লি মা রে র   দু ' টি   সূ ত্র ;   অ ধি কাং শ   ক্ষে ত্রে ,   জি   এ বং   সি   স্ট্যা কে র   ক্ষে ত্রে   স ব থে কে   শ ক্তি শা লী   এ ই   আ ন্তঃ সূ ত্র   বে স   স্ট্যা কিং   পা র স্প রি ক   যো গা যো গ   দ্বা রা   এ ই   দ্বি - সূ ত্র ক   গ ঠ ন টি   র ক্ষি ত   হ য়",100,33
"ক্রান্তীয় ঝড়ের উৎস সম্বন্ধে তাঁর অনুসন্ধানের ফলস্বরূপ, প্রথমে তিনি সমুদ্রপৃষ্ঠ থেকে উচ্চতা বৃদ্ধির সঙ্গে গড় তাপমাত্রা পতনের হারটি খতিয়ে দেখেন, যার ফলে, উচ্চতর অক্ষাংশের বায়ুমণ্ডলীয় ঝঞ্ঝা নিয়ন্ত্রক অধিক জটিল নিয়ম শনাক্তকরণের সর্বপ্রথম সূত্রটির সন্ধান পাওয়া যায়","ক্রা ন্তী য়   ঝ ড় ে র   উ ৎ স   স ম্ব ন্ধে   তাঁ র   অ নু স ন্ধা নে র   ফ ল স্ব রূ প ,   প্র থ মে   তি নি   স মু দ্র পৃ ষ্ঠ   থে কে   উ চ্চ তা   বৃ দ্ধি র   স ঙ্গে   গ ড়   তা প মা ত্রা   প ত নে র   হা র টি   খ তি য় ে   দে খে ন ,   যা র   ফ লে ,   উ চ্চ ত র   অ ক্ষাং শে র   বা য় ু ম ণ্ড লী য়   ঝ ঞ্ঝা   নি য় ন্ত্র ক   অ ধি ক   জ টি ল   নি য় ম   শ না ক্ত ক র ণে র   স র্ব প্র থ ম   সূ ত্র টি র   স ন্ধা ন   পা ও য় া   যা য়",128,36
"লেজার দিয়ে গ্র্যাফাইটকে বাষ্পীভূত করে সেই বাষ্পটিকে এক হিলিয়াম বায়ুমণ্ডলে শীতল করার পরীক্ষায়, ১৯৮৪-তে প্রথম কার্বনের গুচ্ছ সনাক্ত করেন এরিক এ","লে জা র   দি য় ে   গ্র্যা ফা ই ট কে   বা ষ্পী ভূ ত   ক রে   সে ই   বা ষ্প টি কে   এ ক   হি লি য় া ম   বা য় ু ম ণ্ড লে   শী ত ল   ক রা র   প রী ক্ষা য় ,   ১ ৯ ৮ ৪ - তে   প্র থ ম   কা র্ব নে র   গু চ্ছ   স না ক্ত   ক রে ন   এ রি ক   এ",72,21
"রলফিং, ডোনাল্ড এম","র ল ফিং ,   ডো না ল্ড   এ ম",9,3
কক্স এবং অ্যান্ড্রু ক্যাল্ডর,ক ক্স   এ বং   অ ্ যা ন্ড্রু   ক্যা ল্ড র,11,4
"গাণিতিক পরিভাষার জটিলতা বোঝা মানে উপরের সীমা নির্ণয় করা বা কতগুলো সরল ক্রিয়ার হিসেব করা, যেমন স্কেলারের যোগ ও গুণন, উদাহরণস্বরূপ কিছু কিছু গাণিতিক পরিভাষার ক্ষেত্রে ম্যাট্রিক্সের গুণন হল আবশ্যক","গা ণি তি ক   প রি ভা ষা র   জ টি ল তা   বো ঝা   মা নে   উ প রে র   সী মা   নি র্ণ য়   ক রা   বা   ক ত গু লো   স র ল   ক্রি য় া র   হি সে ব   ক রা ,   যে ম ন   স্কে লা রে র   যো গ   ও   গু ণ ন ,   উ দা হ র ণ স্ব রূ প   কি ছু   কি ছু   গা ণি তি ক   প রি ভা ষা র   ক্ষে ত্রে   ম্যা ট্রি ক্সে র   গু ণ ন   হ ল   আ ব শ্য ক",96,30
"এই সময়ে, বাংলার মুঘল রাজ্যপালদের সঙ্গে সংঘাতে জড়িয়ে পড়ে ইংরেজরা","এ ই   স ম য় ে ,   বাং লা র   মু ঘ ল   রা জ্য পা ল দে র   স ঙ্গে   সং ঘা তে   জ ড় ি য় ে   প ড় ে   ই ং রে জ রা",37,10
"১৯০৬ সালে রেজিনাল্ড ফেসেনডেনের দ্বারা প্রথম দূরবর্তী অডিও প্রেরণে, আলেকজান্ডারসন অল্টারনেটর থেকে একটি টানা তরঙ্গ জলে ঠাণ্ডা করা কার্বন মাইক্রোফোনের মধ্যে দিয়ে সরাসরি প্রেরণ করার অ্যান্টেনায় চালানো হয়েছিল","১ ৯ ০ ৬   সা লে   রে জি না ল্ড   ফে সে ন ডে নে র   দ্বা রা   প্র থ ম   দূ র ব র্তী   অ ডি ও   প্রে র ণে ,   আ লে ক জা ন্ডা র স ন   অ ল্টা র নে ট র   থে কে   এ ক টি   টা না   ত র ঙ্গ   জ লে   ঠা ণ্ডা   ক রা   কা র্ব ন   মা ই ক্রো ফো নে র   ম ধ্যে   দি য় ে   স রা স রি   প্রে র ণ   ক রা র   অ ্ যা ন্টে না য়   চা লা নো   হ য় ে ছি ল",100,28
"প্রযুক্তি শিক্ষকদের সহায়তা করে আরও ভালো মূল্যায়ন পত্র তৈরি করতে, যাতে বোঝা যায় যে, যেসব শিক্ষার্থীদের শেখার বস্তু নিয়ে অসুবিধা হচ্ছিল তাদের সমস্যাটা কোথায়","প্র যু ক্তি   শি ক্ষ ক দে র   স হা য় তা   ক রে   আ র ও   ভা লো   মূ ল্যা য় ন   প ত্র   তৈ রি   ক র তে ,   যা তে   বো ঝা   যা য়   যে ,   যে স ব   শি ক্ষা র্থী দে র   শে খা র   ব স্তু   নি য় ে   অ সু বি ধা   হ চ্ছি ল   তা দে র   স ম স্যা টা   কো থা য়",72,24
অটোক্রাইন হলো একটি কোষ যা একটি অণু নিঃসৃত করে নিজেকে সংকেত পাঠায় যেটি তার পৃষ্ঠের উপরের রিসেপ্টরের সঙ্গে আবদ্ধ হয়ে থাকে,অ টো ক্রা ই ন   হ লো   এ ক টি   কো ষ   যা   এ ক টি   অ ণু   নিঃ সৃ ত   ক রে   নি জে কে   সং কে ত   পা ঠা য়   যে টি   তা র   পৃ ষ্ঠে র   উ প রে র   রি সে প্ট রে র   স ঙ্গে   আ ব দ্ধ   হ য় ে   থা কে,58,21
"পুঞ্চ এবং মীরপুর অঞ্চলের বিদ্রোহগুলি এবং পাকিস্তান-সমর্থিত খাইবার পাখ্তুনখোয়ার পাশতুন উপজাতীয় হস্তক্ষেপের পরে, ভারতীয় সৈন্যের সহায়তা প্রার্থনা করেন মহারাজা","পু ঞ্চ   এ বং   মী র পু র   অ ঞ্চ লে র   বি দ্রো হ গু লি   এ বং   পা কি স্তা ন - স ম র্থি ত   খা ই বা র   পা খ্তু ন খো য় া র   পা শ তু ন   উ প জা তী য়   হ স্ত ক্ষে পে র   প রে ,   ভা র তী য়   সৈ ন্যে র   স হা য় তা   প্রা র্থ না   ক রে ন   ম হা রা জা",77,19
"নাকি আপনি একটি বিবেচিত সিদ্ধান্ত নিয়ে নিয়েছেন যে টেম্পলেটটি প্রযোজ্য, অথবা আর প্রযোজ্য নয়","না কি   আ প নি   এ ক টি   বি বে চি ত   সি দ্ধা ন্ত   নি য় ে   নি য় ে ছে ন   যে   টে ম্প লে ট টি   প্র যো জ্য ,   অ থ বা   আ র   প্র যো জ্য   ন য়",43,14
"যদি কোন গম ফসল পোকায় নষ্ট করে দেয়, পরের বছর আমাদের অন্তঃনির্দিষ্ট বৈচিত্র্যের উপর নির্ভর করে আরও কঠিন জাতের গম রোপণ করতে হবে","য দি   কো ন   গ ম   ফ স ল   পো কা য়   ন ষ্ট   ক রে   দে য় ,   প রে র   ব ছ র   আ মা দে র   অ ন্তঃ নি র্দি ষ্ট   বৈ চি ত্র্যে র   উ প র   নি র্ভ র   ক রে   আ র ও   ক ঠি ন   জা তে র   গ ম   রো প ণ   ক র তে   হ বে",65,23
"১৯৭১ সালে এই ক্ষেত্রটি উন্নতি লাভ করা শুরু করে যখন স্টিফেন কুক এবং লিওনিড লেভিন কার্যত প্রাসঙ্গিক সমস্যা, যা এন","১ ৯ ৭ ১   সা লে   এ ই   ক্ষে ত্র টি   উ ন্ন তি   লা ভ   ক রা   শু রু   ক রে   য খ ন   স্টি ফে ন   কু ক   এ বং   লি ও নি ড   লে ভি ন   কা র্য ত   প্রা স ঙ্গি ক   স ম স্যা ,   যা   এ ন",53,20
"পি-সম্পূর্ণ ছিল, তার অস্তিত্ব প্রমাণ করে দেন","পি - স ম্পূ র্ণ   ছি ল ,   তা র   অ স্তি ত্ব   প্র মা ণ   ক রে   দে ন",20,7
আদি মধ্যযুগীয় অ্যাল্পাইন উচ্চভূমির কিছু স্থান চুল্লি কক্ষ থেকে মেঝের নীচের পথ দিয়ে প্রবাহিত একটি সহজতর কেন্দ্রীয় উত্তাপন ব্যবস্থা রোমান হাইপোকস্টকে প্রতিস্থাপিত করে,আ দি   ম ধ্য যু গী য়   অ ্ যা ল্পা ই ন   উ চ্চ ভূ মি র   কি ছু   স্থা ন   চু ল্লি   ক ক্ষ   থে কে   মে ঝে র   নী চে র   প থ   দি য় ে   প্র বা হি ত   এ ক টি   স হ জ ত র   কে ন্দ্রী য়   উ ত্তা প ন   ব্য ব স্থা   রো মা ন   হা ই পো ক স্ট কে   প্র তি স্থা পি ত   ক রে,77,23
"তারা প্রধানত ২জি, ৩জি ও ৪জি বেতার সেলুলার নেটওয়ার্কের ক্ষেত্রে দামী অডিও পাওয়ার পরিবর্ধক এবং আর","তা রা   প্র ধা ন ত   ২ জি ,   ৩ জি   ও   ৪ জি   বে তা র   সে লু লা র   নে ট ও য ় া র্কে র   ক্ষে ত্রে   দা মী   অ ডি ও   পা ও য় া র   প রি ব র্ধ ক   এ বং   আ র",50,16
এফ পাওয়ার পরিবর্ধকে ব্যবহৃত হয়,এ ফ   পা ও য় া র   প রি ব র্ধ কে   ব্য ব হৃ ত   হ য়,18,5
"প্রধান ফিল্টার ক্যাপ্যাসিটার সাধারণত ক্ষতের উপর যে প্রকার প্লাস্টিক ফিল্ম লাগানো থাকে তাতে মোড়ানো থাকে, কারণ এগুলি কম খরচে হাই ভোল্টেজ বিদ্যুৎ প্রদান করে এবং হয়তো গলে যায় এবং স্ব-নিরাময় বৈশিষ্ট্য সহ বানানো","প্র ধা ন   ফি ল্টা র   ক্যা প্যা সি টা র   সা ধা র ণ ত   ক্ষ তে র   উ প র   যে   প্র কা র   প্লা স্টি ক   ফি ল্ম   লা গা নো   থা কে   তা তে   মো ড় া নো   থা কে ,   কা র ণ   এ গু লি   ক ম   খ র চে   হা ই   ভো ল্টে জ   বি দ্যু ৎ   প্র দা ন   ক রে   এ বং   হ য় তো   গ লে   যা য়   এ বং   স্ব - নি রা ম য ়   বৈ শি ষ্ট্য   স হ   বা না নো",95,33
বহু-প্রতিনিধি শক্তিবৃদ্ধি শিক্ষা এই পরিবেশে উপস্থাপিত সমস্যাগুলির অধ্যয়ন করে,ব হু - প্র তি নি ধি   শ ক্তি বৃ দ্ধি   শি ক্ষা   এ ই   প রি বে শে   উ প স্থা পি ত   স ম স্যা গু লি র   অ ধ্য য় ন   ক রে,36,9
এটি ডি,এ টি   ডি,3,2
ই,ই,1,1
পি,পি,1,1
"এম, বি","এ ম ,   বি",4,2
"টেক (ইলেকট্রনিক ইঞ্জিনিয়ারিং), এম","টে ক   ( ই লে ক ট্র নি ক   ই ঞ্জি নি য় া রিং ) ,   এ ম",19,4
"টেক (ইলেকট্রনিক্স ডিজাইন টেকনোলজি), পি","টে ক   ( ই লে ক ট্র নি ক্স   ডি জা ই ন   টে ক নো ল জি ) ,   পি",21,5
এইচ,এ ই চ,3,1
ডি এবং স্বল্পমেয়াদী কোর্স অফার করে,ডি   এ বং   স্ব ল্প মে য ় া দী   কো র্স   অ ফা র   ক রে,17,6
"উদাহরণস্বরূপ, সাইমন ব্ল্যাকবার্ন এবং জেগওয়ান কিম দ্বারা প্রদত্ত সংজ্ঞাটিই হলো জন পলকিংহর্ন-এর পরিভাষায় 'ধারণামূলক' অথবা 'জ্ঞানতাত্ত্বিক' খণ্ডতাবাদ: সেই ধরনের খণ্ডতাবাদ যেটি এক ধরনের অধিবাচনের সঙ্গে যুক্ত তথ্য অথবা অস্তিত্বগুলিকে অন্য ধরন থেকে গৃহীত অন্যান্য তথ্য অথবা অস্তিত্ব দিয়ে প্রতিস্থাপিত করার কার্যক্রমের সঙ্গে সম্পর্কিত হওয়ার ফলে তাদের মধ্যে একটি সম্পর্ক স্থাপন করে","উ দা হ র ণ স্ব রূ প ,   সা ই ম ন   ব্ল্যা ক বা র্ন   এ বং   জে গ ও য় া ন   কি ম   দ্বা রা   প্র দ ত্ত   সং জ্ঞা টি ই   হ লো   জ ন   প ল কিং হ র্ন - এ র   প রি ভা ষা য়   ' ধা র ণা মূ ল ক '   অ থ বা   ' জ্ঞা ন তা ত্ত্বি ক '   খ ণ্ড তা বা দ :   সে ই   ধ র নে র   খ ণ্ড তা বা দ   যে টি   এ ক   ধ র নে র   অ ধি বা চ নে র   স ঙ্গে   যু ক্ত   ত থ্য   অ থ বা   অ স্তি ত্ব গু লি কে   অ ন্য   ধ র ন   থে কে   গৃ হী ত   অ ন্যা ন্য   ত থ্য   অ থ বা   অ স্তি ত্ব   দি য় ে   প্র তি স্থা পি ত   ক রা র   কা র্য ক্র মে র   স ঙ্গে   স ম্প র্কি ত   হ ও য় া র   ফ লে   তা দে র   ম ধ্যে   এ ক টি   স ম্প র্ক   স্থা প ন   ক রে",183,51
২০১৯-এর হিসাবে বাংলাদেশের স্বাক্ষরতার হার ৭৪,২ ০ ১ ৯ - এ র   হি সা বে   বাং লা দে শে র   স্বা ক্ষ র তা র   হা র   ৭ ৪,24,6
৭%; পুরুষদের ক্ষেত্রে এবং ৭১,৭ % ;   পু রু ষ দে র   ক্ষে ত্রে   এ বং   ৭ ১,14,5
৯% মহিলাদের ক্ষেত্রে ৭৭,৯ %   ম হি লা দে র   ক্ষে ত্রে   ৭ ৭,11,4
৪%,৪ %,2,1
"ভারতীয় সংখ্যা ব্যবস্থাটি পাশ্চাত্য ব্যবস্থার দশের চতুর্থ শক্তি হয়ে শূন্যের অনুরূপ: এক, দশ, একশো, এক হাজার, এবং দশ হাজার","ভা র তী য়   সং খ্যা   ব্য ব স্থা টি   পা শ্চা ত্য   ব্য ব স্থা র   দ শে র   চ তু র্থ   শ ক্তি   হ য় ে   শূ ন্যে র   অ নু রূ প :   এ ক ,   দ শ ,   এ ক শো ,   এ ক   হা জা র ,   এ বং   দ শ   হা জা র",59,19
অনুঘটক প্রক্রিয়া সংক্রান্ত কার্যকলাপ পরিমাপ করার জন্য এস,অ নু ঘ ট ক   প্র ক্রি য় া   সং ক্রা ন্ত   কা র্য ক লা প   প রি মা প   ক রা র   জ ন্য   এ স,28,8
আই প্রাপ্ত একক কাতাল যা ব্যক্ত করা হয় মোল প্রতি সেকেন্ডে,আ ই   প্রা প্ত   এ ক ক   কা তা ল   যা   ব্য ক্ত   ক রা   হ য়   মো ল   প্র তি   সে কে ন্ডে,24,11
"আক্রমণকারী সেলজুক তুর্কিরা, যারা ১০৭৭-এ রাম সালতানাত প্রতিষ্ঠা করেছিল, এই ভিতরকার নামটিকে (রুমানা ""রোমানদের দেশ,"" যেটা হলো পূর্ব রোমান সাম্রাজ্য) প্রদেশের আর একটি নাম হিসেবে ভেবে নেয়","আ ক্র ম ণ কা রী   সে ল জু ক   তু র্কি রা ,   যা রা   ১ ০ ৭ ৭ - এ   রা ম   সা ল তা না ত   প্র তি ষ্ঠা   ক রে ছি ল ,   এ ই   ভি ত র কা র   না ম টি কে   ( রু মা না   "" রো মা ন দে র   দে শ , ""   যে টা   হ লো   পূ র্ব   রো মা ন   সা ম্রা জ্য )   প্র দে শে র   আ র   এ ক টি   না ম   হি সে বে   ভে বে   নে য়",93,27
"তবে, সেই সময় ইতালির কন্যারাশির ইন্টারফেরোমিটারটি কাজ করছিল না, এবং জিইও৬০০টি ইঞ্জিনিয়ারিং মোডে ছিল ও যথেষ্ট সংবেদনশীল ছিল না, তাই সেটি সঙ্কেতটিকে নিশ্চিত করতে পারেনি","ত বে ,   সে ই   স ম য়   ই তা লি র   ক ন্যা রা শি র   ই ন্টা র ফে রো মি টা র টি   কা জ   ক র ছি ল   না ,   এ বং   জি ই ও ৬ ০ ০ টি   ই ঞ্জি নি য় া রিং   মো ডে   ছি ল   ও   য থে ষ্ট   সং বে দ ন শী ল   ছি ল   না ,   তা ই   সে টি   স ঙ্কে ত টি কে   নি শ্চি ত   ক র তে   পা রে নি",85,25
"এই শরণার্থীরা দলে দলে এসে পৌঁছন, এবং শুধুমাত্র দেশভাগের সময়তেই এঁরা আসেননি","এ ই   শ র ণা র্থী রা   দ লে   দ লে   এ সে   পৌঁ ছ ন ,   এ বং   শু ধু মা ত্র   দে শ ভা গে র   স ম য় তে ই   এ ঁ রা   আ সে ন নি",40,12
এই লাইব্রেরিটিকে পছন্দের টার্গেট পর্যায়ক্রম বাদ দিয়ে নির্বাচন করা হয় যা রিপোর্টার জিন গঠনের প্রবর্তক অঞ্চলে প্রবেশ করানো হয়,এ ই   লা ই ব্রে রি টি কে   প ছ ন্দে র   টা র্গে ট   প র্যা য় ক্র ম   বা দ   দি য় ে   নি র্বা চ ন   ক রা   হ য়   যা   রি পো র্টা র   জি ন   গ ঠ নে র   প্র ব র্ত ক   অ ঞ্চ লে   প্র বে শ   ক রা নো   হ য়,59,19
"মিউটেরোটেশন নামক পদ্ধতিতে, ঘণ্টার অনুমানে সাধারণ তাপমাত্রায় দ্রবণে চারটি চক্রীয় আইসোমারের আন্তঃরূপান্তর ঘটে","মি উ টে রো টে শ ন   না ম ক   প দ্ধ তি তে ,   ঘ ণ্টা র   অ নু মা নে   সা ধা র ণ   তা প মা ত্রা য়   দ্র ব ণে   চা র টি   চ ক্রী য ়   আ ই সো মা রে র   আ ন্তঃ রূ পা ন্ত র   ঘ টে",55,13
সেন্স কয়েল একটি অন্যরকম বিদ্যুৎ ট্রান্সফরমার যা সক্রিয় এবং প্রশমিত কন্ডাক্টরকে ঘিরে থাকে (কিন্তু বৈদ্যুতিকভাবে সংযুক্ত থাকে না),সে ন্স   ক য় ে ল   এ ক টি   অ ন্য র ক ম   বি দ্যু ৎ   ট্রা ন্স ফ র মা র   যা   স ক্রি য ়   এ বং   প্র শ মি ত   ক ন্ডা ক্ট র কে   ঘি রে   থা কে   ( কি ন্তু   বৈ দ্যু তি ক ভা বে   সং যু ক্ত   থা কে   না ),59,18
"একটি পাতার ছিদ্রবহুল নরম মেসোফিল-এ প্যারেনকাইমা কোষগুলি প্রশস্ত আন্তঃকোষীয় ব্যবধান সহ প্রায়-গোলাকার এবং শিথিলভাবে বিন্যস্ত হওয়া থেকে শাখাযুক্ত অথবা তারকাকৃতি অবধি হতে পারে, লাল শিমের দানা, ফাসিওলাস ভালগারিস এবং অন্যান্য মেসোফাইটের মতো একটি ত্রিমাত্রিক অন্তর্জাল গঠন করতে বাহুর শেষপ্রান্তে তাদের প্রতিবেশীদের সঙ্গে পরস্পর আন্তঃসংযুক্ত","এ ক টি   পা তা র   ছি দ্র ব হু ল   ন র ম   মে সো ফি ল - এ   প্যা রে ন কা ই মা   কো ষ গু লি   প্র শ স্ত   আ ন্তঃ কো ষী য়   ব্য ব ধা ন   স হ   প্রা য় - গো লা কা র   এ বং   শি থি ল ভা বে   বি ন্য স্ত   হ ও য় া   থে কে   শা খা যু ক্ত   অ থ বা   তা র কা কৃ তি   অ ব ধি   হ তে   পা রে ,   লা ল   শি মে র   দা না ,   ফা সি ও লা স   ভা ল গা রি স   এ বং   অ ন্যা ন্য   মে সো ফা ই টে র   ম তো   এ ক টি   ত্রি মা ত্রি ক   অ ন্ত র্জা ল   গ ঠ ন   ক র তে   বা হু র   শে ষ প্রা ন্তে   তা দে র   প্র তি বে শী দে র   স ঙ্গে   প র স্প র   আ ন্তঃ সং যু ক্ত",162,44
"টমাস প্রেসিশান (একটি গতিপথের পরে তার প্রাথমিক বেগে ফিরে আসা মোট আবর্তন) একটি নিখাদ গতিসংক্রান্ত প্রভাব হলেও এটি শুধুমাত্র বক্ররৈখিক চলনে সংঘটিত হয় এবং তাই কোনও তড়িৎ-চুম্বকীয় ক্ষেত্র, মহাকর্ষীয় ক্ষেত্র অথবা কোনও যান্ত্রিক বলের মতো সেই বক্ররৈখিক চলনটি ঘটানো বাইরের কোনও বল ছাড়া আলাদা করে পর্যবেক্ষণ করা যায় না, অতএব টমাস পূর্ববর্তিতা সাধারণত গতিশীল প্রভাবসমূহের অনুষঙ্গে ঘটে","ট মা স   প্রে সি শা ন   ( এ ক টি   গ তি প থে র   প রে   তা র   প্রা থ মি ক   বে গে   ফি রে   আ সা   মো ট   আ ব র্ত ন )   এ ক টি   নি খা দ   গ তি সং ক্রা ন্ত   প্র ভা ব   হ লে ও   এ টি   শু ধু মা ত্র   ব ক্র রৈ খি ক   চ ল নে   সং ঘ টি ত   হ য়   এ বং   তা ই   কো ন ও   ত ড় ি ৎ - চু ম্ব কী য়   ক্ষে ত্র ,   ম হা ক র্ষী য়   ক্ষে ত্র   অ থ বা   কো ন ও   যা ন্ত্রি ক   ব লে র   ম তো   সে ই   ব ক্র রৈ খি ক   চ ল ন টি   ঘ টা নো   বা ই রে র   কো ন ও   ব ল   ছা ড় া   আ লা দা   ক রে   প র্য বে ক্ষ ণ   ক রা   যা য়   না ,   অ ত এ ব   ট মা স   পূ র্ব ব র্তি তা   সা ধা র ণ ত   গ তি শী ল   প্র ভা ব স মূ হে র   অ নু ষ ঙ্গে   ঘ টে",190,57
তথাকথিত একটি ভাস্বরদীপের বিপরীতে একটি এল,ত থা ক থি ত   এ ক টি   ভা স্ব র দী পে র   বি প রী তে   এ ক টি   এ ল,23,6
ই,ই,1,1
ডি তখনই জ্বলবে যখন ডায়োডের সামনের দিকে ভোল্টেজ প্রয়োগ করা হবে,ডি   ত খ ন ই   জ্ব ল বে   য খ ন   ডা য় ো ডে র   সা ম নে র   দি কে   ভো ল্টে জ   প্র য় ো গ   ক রা   হ বে,33,11
"দুটি প্রিন্ট, প্রতিটি হয় ডানদিকের বা বাঁদিকের দৃষ্টি বহন করে, প্রজেকশন করার সময় একটি বাহ্যিক সেলসিন মোটর ব্যবহার করে সামঞ্জস্য রাখতে হবে","দু টি   প্রি ন্ট ,   প্র তি টি   হ য়   ডা ন দি কে র   বা   বাঁ দি কে র   দৃ ষ্টি   ব হ ন   ক রে ,   প্র জে ক শ ন   ক রা র   স ম য়   এ ক টি   বা হ্যি ক   সে ল সি ন   মো ট র   ব্য ব হা র   ক রে   সা ম ঞ্জ স্য   রা খ তে   হ বে",67,22
নতুন অ্যাপ্লিকেশন বা শিল্পের ক্ষেত্রে প্রাথমিকভাবে যখন মেশিন লার্নিং কৌশল ব্যবহার করা হয় তখন বেশীরভাগ সময়ই বুনিয়াদি প্রক্রিয়ায় প্রয়োগ করার মতো যথেষ্ট প্রশিক্ষণ তথ্য উপলব্ধ থাকে না,ন তু ন   অ ্ যা প্লি কে শ ন   বা   শি ল্পে র   ক্ষে ত্রে   প্রা থ মি ক ভা বে   য খ ন   মে শি ন   লা র্নিং   কৌ শ ল   ব্য ব হা র   ক রা   হ য়   ত খ ন   বে শী র ভা গ   স ম য় ই   বু নি য ় া দি   প্র ক্রি য় া য়   প্র য় ো গ   ক রা র   ম তো   য থে ষ্ট   প্র শি ক্ষ ণ   ত থ্য   উ প ল ব্ধ   থা কে   না,89,27
একবার প্রশিক্ষিত হওয়ার পর এই ধরনের মডেল সমার্থক শব্দগুলো সনাক্ত করতে পারবে বা আংশিক বাক্যের জন্য অতিরিক্ত শব্দের ইঙ্গিত দিতে পারবে,এ ক বা র   প্র শি ক্ষি ত   হ ও য় া র   প র   এ ই   ধ র নে র   ম ডে ল   স মা র্থ ক   শ ব্দ গু লো   স না ক্ত   ক র তে   পা র বে   বা   আ ং শি ক   বা ক্যে র   জ ন্য   অ তি রি ক্ত   শ ব্দে র   ই ঙ্গি ত   দি তে   পা র বে,66,21
"এটি এনসাইক্লোপেডিয়া ব্রিটানিকা, ইনকর্পোরেটেড কর্তৃক প্রকাশিত হয়; সংস্থাটির অস্তিত্ব সেই ১৮শ শতক থেকে, যদিও শতাব্দী জুড়ে বিভিন্ন সময়ে এটির মালিকানা পরিবর্তিত হয়েছে","এ টি   এ ন সা ই ক্লো পে ডি য় া   ব্রি টা নি কা ,   ই ন ক র্পো রে টে ড   ক র্তৃ ক   প্র কা শি ত   হ য় ;   সং স্থা টি র   অ স্তি ত্ব   সে ই   ১ ৮ শ   শ ত ক   থে কে ,   য দি ও   শ তা ব্দী   জু ড় ে   বি ভি ন্ন   স ম য় ে   এ টি র   মা লি কা না   প রি ব র্তি ত   হ য় ে ছে",83,22
"ছবিটি মুক্তি পাওয়ার ১০ বছর পরে আরবাজ খান একটি সাক্ষাৎকারে বলেছিলেন যে, ছবিটির বাজেট ৩০ কোটি (২০২০ সালে ৫৭ কোটি টাকা বা ৭ কোটি ২ লক্ষ মার্কিন ডলারের সমান) থেকে ৪৯ কোটিতে (২০২০ সালে ৯৩ কোটি বা ১২ কোটি মার্কিন ডলারের সমান) বাড়ানো হয়েছিল যার ফলে তাঁর বেশ ক্ষতি হয়, তবে বিস্ময়কর সাফল্যের পরে তিনি সলমান খানের পারিশ্রমিক দিয়ে দিয়েছিলেন","ছ বি টি   মু ক্তি   পা ও য় া র   ১ ০   ব ছ র   প রে   আ র বা জ   খা ন   এ ক টি   সা ক্ষা ৎ কা রে   ব লে ছি লে ন   যে ,   ছ বি টি র   বা জে ট   ৩ ০   কো টি   ( ২ ০ ২ ০   সা লে   ৫ ৭   কো টি   টা কা   বা   ৭   কো টি   ২   ল ক্ষ   মা র্কি ন   ড লা রে র   স মা ন )   থে কে   ৪ ৯   কো টি তে   ( ২ ০ ২ ০   সা লে   ৯ ৩   কো টি   বা   ১ ২   কো টি   মা র্কি ন   ড লা রে র   স মা ন )   বা ড় া নো   হ য় ে ছি ল   যা র   ফ লে   তাঁ র   বে শ   ক্ষ তি   হ য় ,   ত বে   বি স্ম য ় ক র   সা ফ ল্যে র   প রে   তি নি   স ল মা ন   খা নে র   পা রি শ্র মি ক   দি য় ে   দি য় ে ছি লে ন",173,60
ভারতীয় সেনার যুদ্ধ-কঠিন এবং বিদ্রোহী এক আধিকারিক এক প্রাক্তন প্রেমিকার রহস্যময় ভাবে অপহৃত সন্তানের খোঁজে যান,ভা র তী য়   সে না র   যু দ্ধ - ক ঠি ন   এ বং   বি দ্রো হী   এ ক   আ ধি কা রি ক   এ ক   প্রা ক্ত ন   প্রে মি কা র   র হ স্য ম য়   ভা বে   অ প হৃ ত   স ন্তা নে র   খোঁ জে   যা ন,53,16
১৯৩২ থেকে ২০১১-এর মধ্যে হাজার তিরিশটি গুজরাটি ছবি বানানো হয়েছিল কিন্তু খুব কম আর্কাইভ করা হয়েছে,১ ৯ ৩ ২   থে কে   ২ ০ ১ ১ - এ র   ম ধ্যে   হা জা র   তি রি শ টি   গু জ রা টি   ছ বি   বা না নো   হ য় ে ছি ল   কি ন্তু   খু ব   ক ম   আ র্কা ই ভ   ক রা   হ য় ে ছে,52,16
"অমিয় চক্রবর্তী (৩০শে নভেম্বর ১৯১২-৬ই মার্চ ১৯৫৭) ১৯৪০ এবং ১৯৫০-এর দশকের একজন ভারতীয় চলচ্চিত্র পরিচালক, চিত্রনাট্যকার ও প্রযোজক, এবং হিন্দি সিনেমার প্রধান চলচ্চিত্র পরিচালক ছিলেন","অ মি য়   চ ক্র ব র্তী   ( ৩ ০ শে   ন ভে ম্ব র   ১ ৯ ১ ২ - ৬ ই   মা র্চ   ১ ৯ ৫ ৭ )   ১ ৯ ৪ ০   এ বং   ১ ৯ ৫ ০ - এ র   দ শ কে র   এ ক জ ন   ভা র তী য়   চ ল চ্চি ত্র   প রি চা ল ক ,   চি ত্র না ট্য কা র   ও   প্র যো জ ক ,   এ বং   হি ন্দি   সি নে মা র   প্র ধা ন   চ ল চ্চি ত্র   প রি চা ল ক   ছি লে ন",99,25
"অন্যান্য অভিনেতা যাঁদের সঙ্গে তিনি প্রায়শই একত্রে কাজ করেছেন হলেন রেখা, মাধুরি দিক্ষিত, অনিল কাপুর, শাহ্রুখ খান এবং অমরেশ পুরি","অ ন্যা ন্য   অ ভি নে তা   যাঁ দে র   স ঙ্গে   তি নি   প্রা য় শ ই   এ ক ত্রে   কা জ   ক রে ছে ন   হ লে ন   রে খা ,   মা ধু রি   দি ক্ষি ত ,   অ নি ল   কা পু র ,   শা হ্রু খ   খা ন   এ বং   অ ম রে শ   পু রি",60,20
"ঝর্ণা, রহস্যময় অরণ্য ও খাড়া বাঁধের উপরের জলাশয় এবং এক তুষারধ্বস থেকে পালানো প্রধান জুটি, এই সবগুলির অবদানই দৃশ্যপটকে আরও পরিপুষ্ট করে তুলেছে","ঝ র্ণা ,   র হ স্য ম য়   অ র ণ্য   ও   খা ড় া   বাঁ ধে র   উ প রে র   জ লা শ য়   এ বং   এ ক   তু ষা র ধ্ব স   থে কে   পা লা নো   প্র ধা ন   জু টি ,   এ ই   স ব গু লি র   অ ব দা ন ই   দৃ শ্য প ট কে   আ র ও   প রি পু ষ্ট   ক রে   তু লে ছে",75,23
"পাণ্ডুরং ছিল একজন হত্যাকারী যাকে বাবলি আগে গুপ্তচর হিসেবে পাঠিয়েছিল, পরে সমীরের সত্যিটা শুনে গোপালের সাথ দেয় এবং গুণ্ডাদেরকে মেরে তাড়ায়, লড়াইটা শেষমেশ সমাপ্ত হয় যখন গোপালের পশ্চাৎদেশে বাবলি ভুলবশত ছুরি মারে এবং তার কিছুক্ষণ পরই সে বেহুঁশ হয়ে যায়, তবে মাধব, লাকি আর লক্ষ্মণকে ছুরিটা না ছুঁতে সতর্ক করার আগে নয়, যা দেখে তিন বন্ধু হাসতে থাকে","পা ণ্ডু রং   ছি ল   এ ক জ ন   হ ত্যা কা রী   যা কে   বা ব লি   আ গে   গু প্ত চ র   হি সে বে   পা ঠি য় ে ছি ল ,   প রে   স মী রে র   স ত্যি টা   শু নে   গো পা লে র   সা থ   দে য়   এ বং   গু ণ্ডা দে র কে   মে রে   তা ড় া য় ,   ল ড় া ই টা   শে ষ মে শ   স মা প্ত   হ য়   য খ ন   গো পা লে র   প শ্চা ৎ দে শে   বা ব লি   ভু ল ব শ ত   ছু রি   মা রে   এ বং   তা র   কি ছু ক্ষ ণ   প র ই   সে   বে হুঁ শ   হ য় ে   যা য় ,   ত বে   মা ধ ব ,   লা কি   আ র   ল ক্ষ্ম ণ কে   ছু রি টা   না   ছুঁ তে   স ত র্ক   ক রা র   আ গে   ন য় ,   যা   দে খে   তি ন   ব ন্ধু   হা স তে   থা কে",169,58
"তবে, তাদের বিয়ের দিনে বৈদেহী এসে পৌঁছয় না এবং সে মুম্বাই পালিয়ে গেছে এই কথা প্রকাশিত হয়","ত বে ,   তা দে র   বি য় ে র   দি নে   বৈ দে হী   এ সে   পৌঁ ছ য়   না   এ বং   সে   মু ম্বা ই   পা লি য় ে   গে ছে   এ ই   ক থা   প্র কা শি ত   হ য়",43,17
"জসুর সঙ্গে রামচন্দ্রের ভাঙা সম্পর্ক জোড়া লাগিয়ে (যেটা ঠুনকো ছিল কারণ ৭ বছর আগে রামচন্দ্রের সঙ্গে একজন মহিলার সম্পর্ক হয়েছিল), পৈদাথল্লির সঙ্গে বিরোধ মিটিয়ে, এবং কাশীরাম ও সীতারামের মতো পরিবারের অসৎ সদস্যদের চরিত্র শোধন করে বন্তু যে সমস্যাগুলিতে তার বাড়ি জর্জরিত ছিল সেগুলি সমাধান করতে শুরু করেছে","জ সু র   স ঙ্গে   রা ম চ ন্দ্রে র   ভা ঙা   স ম্প র্ক   জো ড় া   লা গি য় ে   ( যে টা   ঠু ন কো   ছি ল   কা র ণ   ৭   ব ছ র   আ গে   রা ম চ ন্দ্রে র   স ঙ্গে   এ ক জ ন   ম হি লা র   স ম্প র্ক   হ য় ে ছি ল ) ,   পৈ দা থ ল্লি র   স ঙ্গে   বি রো ধ   মি টি য় ে ,   এ বং   কা শী রা ম   ও   সী তা রা মে র   ম তো   প রি বা রে র   অ স ৎ   স দ স্য দে র   চ রি ত্র   শো ধ ন   ক রে   ব ন্তু   যে   স ম স্যা গু লি তে   তা র   বা ড় ি   জ র্জ রি ত   ছি ল   সে গু লি   স মা ধা ন   ক র তে   শু রু   ক রে ছে",149,47
একটি মাত্র চ্যানেল ক্রমবর্ধমান দর্শকের চাহিদা পূরণ করতে গিয়ে দূরদর্শন অনুষ্ঠান খুব শীঘ্রই তার শেষ সীমায় পৌঁছে যায়,এ ক টি   মা ত্র   চ্যা নে ল   ক্র ম ব র্ধ মা ন   দ র্শ কে র   চা হি দা   পূ র ণ   ক র তে   গি য় ে   দূ র দ র্শ ন   অ নু ষ্ঠা ন   খু ব   শী ঘ্র ই   তা র   শে ষ   সী মা য়   পৌঁ ছে   যা য়,55,18
বেটা (অনুবাদ: পুত্র) হলো ইন্দ্র কুমার পরিচালিত এবং নৌশির খাতাউ ও কমলেশ পাণ্ডে লিখিত ১৯৯২-এর ভারতীয় হিন্দি নাট্য চলচ্চিত্র,বে টা   ( অ নু বা দ :   পু ত্র )   হ লো   ই ন্দ্র   কু মা র   প রি চা লি ত   এ বং   নৌ শি র   খা তা উ   ও   ক ম লে শ   পা ণ্ডে   লি খি ত   ১ ৯ ৯ ২ - এ র   ভা র তী য়   হি ন্দি   না ট্য   চ ল চ্চি ত্র,60,19
দেশীয় সংবাদদাতাদের দ্বারা একত্রিত দেশীয় মনোরঞ্জন অনুষ্ঠান এবং তথ্যগুলি অ-দেশীয় দর্শকদের জন্য সস্তায় পুনরায় প্যাকেজ করা সম্ভব বলে একটি মাত্র দেশে সম্প্রচার করার থেকে বেশি কার্যকর এটি,দে শী য়   সং বা দ দা তা দে র   দ্বা রা   এ ক ত্রি ত   দে শী য়   ম নো র ঞ্জ ন   অ নু ষ্ঠা ন   এ বং   ত থ্য গু লি   অ - দে শী য়   দ র্শ ক দে র   জ ন্য   স স্তা য়   পু ন রা য়   প্যা কে জ   ক রা   স ম্ভ ব   ব লে   এ ক টি   মা ত্র   দে শে   স ম্প্র চা র   ক রা র   থে কে   বে শি   কা র্য ক র   এ টি,87,27
চিট্টির জয়ে ক্রোধিত ধীনেন্দ্র সিন্থেসাইজার থেকে পক্ষীর আত্মাকে মুক্ত করে দেয়,চি ট্টি র   জ য় ে   ক্রো ধি ত   ধী নে ন্দ্র   সি ন্থে সা ই জা র   থে কে   প ক্ষী র   আ ত্মা কে   মু ক্ত   ক রে   দে য়,32,11
"একটি মনুষ্য চোখ এবং একটি ক্ষতসহ ধাতব চোখের সুপারস্টারকে যেখানে আমরা দেখি, খল যন্ত্রমানবটির ""টার্মিনেটর"" সৃষ্টি করার ঘোষণাটি শুধুমাত্র দৃশ্যতই নয়, ইচ্ছাকৃতভাবে বিশদে ব্যাখ্যা করে","এ ক টি   ম নু ষ্য   চো খ   এ বং   এ ক টি   ক্ষ ত স হ   ধা ত ব   চো খে র   সু পা র স্টা র কে   যে খা নে   আ ম রা   দে খি ,   খ ল   য ন্ত্র মা ন ব টি র   "" টা র্মি নে ট র ""   সৃ ষ্টি   ক রা র   ঘো ষ ণা টি   শু ধু মা ত্র   দৃ শ্য ত ই   ন য় ,   ই চ্ছা কৃ ত ভা বে   বি শ দে   ব্যা খ্যা   ক রে",87,25
"এর সাফল্যের পরে ছবিটি পূর্ব এশীয় বাজারে দেখানো হয়; ২০১০-এর ১৭ই ডিসেম্বর এটি তাইওয়ানে মুক্তি পায়, তার পর পরই ২০১১-এর ১লা সেপ্টেম্বর হংকং-এ মুক্তি পায়","এ র   সা ফ ল্যে র   প রে   ছ বি টি   পূ র্ব   এ শী য়   বা জা রে   দে খা নো   হ য় ;   ২ ০ ১ ০ - এ র   ১ ৭ ই   ডি সে ম্ব র   এ টি   তা ই ও য় া নে   মু ক্তি   পা য় ,   তা র   প র   প র ই   ২ ০ ১ ১ - এ র   ১ লা   সে প্টে ম্ব র   হং কং - এ   মু ক্তি   পা য়",80,25
"গানটি বেলজিয়াম, বুলগেরিয়া, হাঙ্গেরি, যুক্তরাজ্য, তুরস্ক, আলবেনিয়া, সাইপ্রাস, সার্বিয়া ও মন্টিনিগ্রো, সুইডেন ও জার্মানি থেকে ১২ পয়েন্টের ১০টা সেট সহ ২৩০ পয়েন্ট পায়, এবং বিভিন্ন দেশে, বিশেষ করে গ্রীসে, একটি জমাটি হিট গানে পরিণত হয়েছিল","গা ন টি   বে ল জি য ় া ম ,   বু ল গে রি য ় া ,   হা ঙ্গে রি ,   যু ক্ত রা জ্য ,   তু র স্ক ,   আ ল বে নি য ় া ,   সা ই প্রা স ,   সা র্বি য ় া   ও   ম ন্টি নি গ্রো ,   সু ই ডে ন   ও   জা র্মা নি   থে কে   ১ ২   প য় ে ন্টে র   ১ ০ টা   সে ট   স হ   ২ ৩ ০   প য় ে ন্ট   পা য় ,   এ বং   বি ভি ন্ন   দে শে ,   বি শে ষ   ক রে   গ্রী সে ,   এ ক টি   জ মা টি   হি ট   গা নে   প রি ণ ত   হ য় ে ছি ল",125,35
"অমল পালেকর ও জারিনা ওয়াহাব অভিনীত ঘরৌন্দা (১৯৭৭), এবং শর্মিলা ঠাকুর ও উত্তম কুমার অভিনীত দূরিয়াঁ (১৯৭৯)-এর মতো সমালোচকদের দ্বারা বহুল প্রশংসিত চলচ্চিত্রগুলি পরিচালনার জন্য তিনি সর্বাধিক পরিচিত","অ ম ল   পা লে ক র   ও   জা রি না   ও য় া হা ব   অ ভি নী ত   ঘ রৌ ন্দা   ( ১ ৯ ৭ ৭ ) ,   এ বং   শ র্মি লা   ঠা কু র   ও   উ ত্ত ম   কু মা র   অ ভি নী ত   দূ রি য় া ঁ   ( ১ ৯ ৭ ৯ ) - এ র   ম তো   স মা লো চ ক দে র   দ্বা রা   ব হু ল   প্র শং সি ত   চ ল চ্চি ত্র গু লি   প রি চা ল না র   জ ন্য   তি নি   স র্বা ধি ক   প রি চি ত",105,28
"১৯৫১-এ ""দ্য লেডি উইথ আ ল্যাম্প""-এ অভিনয় করেন অ্যানা নিগ্‌ল","১ ৯ ৫ ১ - এ   "" দ্য   লে ডি   উ ই থ   আ   ল্যা ম্প "" - এ   অ ভি ন য়   ক রে ন   অ ্ যা না   নি গ্ ল",33,10
"একটি পূর্ণ-দৈর্ঘ্যের নির্বাক চলচ্চিত্র তৈরি করতে, পরিবারের জমিদারির বাগানে একটি অস্থায়ী স্টুডিও নির্মাণ করা হয়, এবং ১৯৩১ সালে মুক্তিপ্রাপ্ত দ্য লাস্ট কিস্ নামে একটি পূর্ণ-দৈর্ঘ্যের নির্বাক চলচ্চিত্র প্রযোজনা করেন তাঁরা","এ ক টি   পূ র্ণ - দৈ র্ঘ্যে র   নি র্বা ক   চ ল চ্চি ত্র   তৈ রি   ক র তে ,   প রি বা রে র   জ মি দা রি র   বা গা নে   এ ক টি   অ স্থা য় ী   স্টু ডি ও   নি র্মা ণ   ক রা   হ য় ,   এ বং   ১ ৯ ৩ ১   সা লে   মু ক্তি প্রা প্ত   দ্য   লা স্ট   কি স্   না মে   এ ক টি   পূ র্ণ - দৈ র্ঘ্যে র   নি র্বা ক   চ ল চ্চি ত্র   প্র যো জ না   ক রে ন   তাঁ রা",97,30
"টেরেন্স ম্যাকন্যালি তাঁর নিজের ব্রডওয়ের বাইরের নাটক, কেনেথ ওয়েল্‌শ এবং ক্যাথি বেট্‌স অভিনীত ফ্র্যাঙ্কি অ্যাণ্ড জনি ইন দ্য ক্লেয়ার দে লুন (১৯৮৭) থেকে কিছু পরিবর্তন করে গ্রহণ করেছিলেন এটি","টে রে ন্স   ম্যা ক ন্যা লি   তাঁ র   নি জে র   ব্র ড ও য় ে র   বা ই রে র   না ট ক ,   কে নে থ   ও য় ে ল্ শ   এ বং   ক্যা থি   বে ট্ স   অ ভি নী ত   ফ্র্যা ঙ্কি   অ ্ যা ণ্ড   জ নি   ই ন   দ্য   ক্লে য় া র   দে   লু ন   ( ১ ৯ ৮ ৭ )   থে কে   কি ছু   প রি ব র্ত ন   ক রে   গ্র হ ণ   ক রে ছি লে ন   এ টি",90,29
"২০১১-এ কাল্কি কেঁকল্যা অভিনীত এবং সহ-লিখিত থ্রিলার, দ্যাট গার্ল ইন ইয়েলো বুট্‌স পরিচালনা করেন কাশ্যপ","২ ০ ১ ১ - এ   কা ল্কি   কেঁ ক ল্যা   অ ভি নী ত   এ বং   স হ - লি খি ত   থ্রি লা র ,   দ্যা ট   গা র্ল   ই ন   ই য় ে লো   বু ট্ স   প রি চা ল না   ক রে ন   কা শ্য প",51,15
তাঁকে ছবিটির জন্য গ্রীক ভাষা শিখতে হয়েছিল এবং তিনি নিজের ডাবও করেছিলেন,তাঁ কে   ছ বি টি র   জ ন্য   গ্রী ক   ভা ষা   শি খ তে   হ য় ে ছি ল   এ বং   তি নি   নি জে র   ডা ব ও   ক রে ছি লে ন,35,12
ডিরেক্টরস ফোর্টনাইট বিভাগের ইতিবাচক প্রতিক্রিয়া সহ ২০১৬ সিডনি চলচ্চিত্র উৎসব এবং ২০১৬ কান চলচ্চিত্র উৎসবে চলচ্চিত্রটির প্রিমিয়ার হয়,ডি রে ক্ট র স   ফো র্ট না ই ট   বি ভা গে র   ই তি বা চ ক   প্র তি ক্রি য় া   স হ   ২ ০ ১ ৬   সি ড নি   চ ল চ্চি ত্র   উ ৎ স ব   এ বং   ২ ০ ১ ৬   কা ন   চ ল চ্চি ত্র   উ ৎ স বে   চ ল চ্চি ত্র টি র   প্রি মি য় া র   হ য়,70,18
"উপরন্তু, ২০১৪-এ ঘরোয়া ভিডিওর খুচরো বিক্রেতাদের এক জাপানি সংগঠন আয়োজিত ৪র্থ ভিডিওয়াসান পুরস্কারে শ্রেষ্ঠ পুরস্কার পায় থ্রি ইডিয়টস; ঘরোয়া ও বিদেশী হলিউড প্রযোজনা সহ হাজার হাজার চলচ্চিত্র, অ্যানিমে এবং টেলিভিশন অনুষ্ঠানকে পিছনে ফেলে ২০১৩-এ মুক্তিপ্রাপ্ত সর্বশ্রেষ্ঠ ভিডিও হিসাবে মনোনীত হয থ্রি ইডিয়টস","উ প র ন্তু ,   ২ ০ ১ ৪ - এ   ঘ রো য় া   ভি ডি ও র   খু চ রো   বি ক্রে তা দে র   এ ক   জা পা নি   সং গ ঠ ন   আ য় ো জি ত   ৪ র্থ   ভি ডি ও য় া সা ন   পু র স্কা রে   শ্রে ষ্ঠ   পু র স্কা র   পা য়   থ্রি   ই ডি য় ট স ;   ঘ রো য় া   ও   বি দে শী   হ লি উ ড   প্র যো জ না   স হ   হা জা র   হা জা র   চ ল চ্চি ত্র ,   অ ্ যা নি মে   এ বং   টে লি ভি শ ন   অ নু ষ্ঠা ন কে   পি ছ নে   ফে লে   ২ ০ ১ ৩ - এ   মু ক্তি প্রা প্ত   স র্ব শ্রে ষ্ঠ   ভি ডি ও   হি সা বে   ম নো নী ত   হ য   থ্রি   ই ডি য় ট স",152,42
"যদিও এটি একটি ফিল্মফেয়ার পুরস্কার হিসেবে অনুমিত, তিনি একটি সাক্ষাৎকারে বলেছিলেন যে ""আমি তো ফিল্মফেয়ার পুরস্কার লিখিনি","য দি ও   এ টি   এ ক টি   ফি ল্ম ফে য় া র   পু র স্কা র   হি সে বে   অ নু মি ত ,   তি নি   এ ক টি   সা ক্ষা ৎ কা রে   ব লে ছি লে ন   যে   "" আ মি   তো   ফি ল্ম ফে য় া র   পু র স্কা র   লি খি নি",59,17
"""","""",1,1
"জর্ডান পিল-এর ছবি 'আস'-এ, ১৯৮৬ সালে একটি ছোট মেয়ে অ্যাডি, শামানের ভিশন কোয়েস্টের আকর্ষণে তার দিকে চলে যায় এবং ঢুকে পড়ে, যার প্রবেশদ্বারের শীর্ষে উষ্ণীষ সহ এবং ডান হাত সম্ভাব্য কোয়েস্টরদের দিকে তাক করা একজন মূলবাসী মার্কিন ব্যক্তি দাঁড়িয়ে থাকে","জ র্ডা ন   পি ল - এ র   ছ বি   ' আ স ' - এ ,   ১ ৯ ৮ ৬   সা লে   এ ক টি   ছো ট   মে য় ে   অ ্ যা ডি ,   শা মা নে র   ভি শ ন   কো য ় ে স্টে র   আ ক র্ষ ণে   তা র   দি কে   চ লে   যা য়   এ বং   ঢু কে   প ড় ে ,   যা র   প্র বে শ দ্বা রে র   শী র্ষে   উ ষ্ণী ষ   স হ   এ বং   ডা ন   হা ত   স ম্ভা ব্য   কো য ় ে স্ট র দে র   দি কে   তা ক   ক রা   এ ক জ ন   মূ ল বা সী   মা র্কি ন   ব্য ক্তি   দাঁ ড় ি য় ে   থা কে",127,40
ভারতব্যাপী এক চলচ্চিত্র বিপ্লব ঘটিয়ে মুক্তিপ্রাপ্ত আধুনিক ছবিগুলি বহু ভাষায় ডাব করা হয়,ভা র ত ব্যা পী   এ ক   চ ল চ্চি ত্র   বি প্ল ব   ঘ টি য় ে   মু ক্তি প্রা প্ত   আ ধু নি ক   ছ বি গু লি   ব হু   ভা ষা য়   ডা ব   ক রা   হ য়,41,13
"আমির খান, যিনি এর আগে কখনো তাঁর অভিনয় জীবনে কোনও ছবির পুনর্নির্মাণ করেননি, প্রথমটা সংশয়াপন্ন ছিলেন ছবিটা করা নিয়ে, কিন্তু তামিল ছবি 'ঘজনি'-র আসল অভিনেতা সূর্য, যিনি তাঁকে বলেছিলেন, ""একমাত্র তুমিই এই চরিত্রের প্রতি ন্যায়বিচার করতে পারবে"", সেকথা শুনে তিনি আশ্বস্ত হন","আ মি র   খা ন ,   যি নি   এ র   আ গে   ক খ নো   তাঁ র   অ ভি ন য়   জী ব নে   কো ন ও   ছ বি র   পু ন র্নি র্মা ণ   ক রে ন নি ,   প্র থ ম টা   সং শ য ় া প ন্ন   ছি লে ন   ছ বি টা   ক রা   নি য় ে ,   কি ন্তু   তা মি ল   ছ বি   ' ঘ জ নি ' - র   আ স ল   অ ভি নে তা   সূ র্য ,   যি নি   তাঁ কে   ব লে ছি লে ন ,   "" এ ক মা ত্র   তু মি ই   এ ই   চ রি ত্রে র   প্র তি   ন্যা য ় বি চা র   ক র তে   পা র বে "" ,   সে ক থা   শু নে   তি নি   আ শ্ব স্ত   হ ন",139,42
"২০০০-এ ড্রামবাদক ডেনিস চেম্বার্স (কার্লোস সান্টানা, জন ম্যাকলাফলিন এবং অন্যান্য)-এর সঙ্গে তিনি রেসকিউ রেকর্ড করেন এবং ২০০৬-এ, অতিথি ডিজে লজিক এবং কেলার উইলিয়ামস (গিটার ও বেস)-এর সঙ্গে তাঁর শ্যাটো বেনারস মুক্তিপ্রাপ্ত হয়","২ ০ ০ ০ - এ   ড্রা ম বা দ ক   ডে নি স   চে ম্বা র্স   ( কা র্লো স   সা ন্টা না ,   জ ন   ম্যা ক লা ফ লি ন   এ বং   অ ন্যা ন্য ) - এ র   স ঙ্গে   তি নি   রে স কি উ   রে ক র্ড   ক রে ন   এ বং   ২ ০ ০ ৬ - এ ,   অ তি থি   ডি জে   ল জি ক   এ বং   কে লা র   উ ই লি য় া ম স   ( গি টা র   ও   বে স ) - এ র   স ঙ্গে   তাঁ র   শ্যা টো   বে না র স   মু ক্তি প্রা প্ত   হ য়",112,32
রেডিও ৪-এর মহাফেজখানা থেকে বহু কমেডি এবং নাট্যানুষ্ঠান বিবিসি রেডিও ৪ এক্ট্রা-য় সম্প্রচারিত হয়,রে ডি ও   ৪ - এ র   ম হা ফে জ খা না   থে কে   ব হু   ক মে ডি   এ বং   না ট্যা নু ষ্ঠা ন   বি বি সি   রে ডি ও   ৪   এ ক্ট্রা - য়   স ম্প্র চা রি ত   হ য়,45,14
ভারতের আঞ্চলিক ভাষার সেরা চলচ্চিত্রগুলিকেও জাতীয় চলচ্চিত্র পুরস্কার প্রদান করা হয়,ভা র তে র   আ ঞ্চ লি ক   ভা ষা র   সে রা   চ ল চ্চি ত্র গু লি কে ও   জা তী য ়   চ ল চ্চি ত্র   পু র স্কা র   প্র দা ন   ক রা   হ য়,40,11
নেহার শ্বশুরবাড়ি ভাবে নিকিতা মারা গেছে এবং নিকিতা উপলব্ধি করে যে তার সমস্যা থেকে বেরোনোর একটা উপায় হলো নেহার পরিচয় ভাঁড়িয়ে নেওয়া,নে হা র   শ্ব শু র বা ড ় ি   ভা বে   নি কি তা   মা রা   গে ছে   এ বং   নি কি তা   উ প ল ব্ধি   ক রে   যে   তা র   স ম স্যা   থে কে   বে রো নো র   এ ক টা   উ পা য়   হ লো   নে হা র   প রি চ য়   ভাঁ ড় ি য় ে   নে ও য় া,66,22
"এই দুটি গানের কথা সাহিত্যর কলমে লেখা এবং বাকি গানগুলি লিখেছেন রামাজোগাইয়া শাস্ত্রী, চন্দ্র বসু, দেবী শ্রী প্রসাদ, ও ভাস্করভাতলা","এ ই   দু টি   গা নে র   ক থা   সা হি ত্য র   ক ল মে   লে খা   এ বং   বা কি   গা ন গু লি   লি খে ছে ন   রা মা জো গা ই য ় া   শা স্ত্রী ,   চ ন্দ্র   ব সু ,   দে বী   শ্রী   প্র সা দ ,   ও   ভা স্ক র ভা ত লা",60,20
"""একসঙ্গে ভালো কাজ করা"" অথচ ""একটি নড়বড়ে কাহিনী টেনে নিয়ে যেতে"" বাধ্য হওয়া প্রধান অভিনেতাদের প্রশংসা করে দ্য ইণ্ডিয়ান এক্সপ্রেসের শুভ্রা গুপ্তা ৫-এ ২",""" এ ক স ঙ্গে   ভা লো   কা জ   ক রা ""   অ থ চ   "" এ ক টি   ন ড় ব ড় ে   কা হি নী   টে নে   নি য় ে   যে তে ""   বা ধ্য   হ ও য় া   প্র ধা ন   অ ভি নে তা দে র   প্র শং সা   ক রে   দ্য   ই ণ্ডি য় া ন   এ ক্স প্রে সে র   শু ভ্রা   গু প্তা   ৫ - এ   ২",74,24
৫ দেন চলচ্চিত্রটিকে,৫   দে ন   চ ল চ্চি ত্র টি কে,9,3
"৫১তম সংস্করণটির মতো, এই সংস্করণটিও অনলাইন এবং সামনাসামনি অংশগ্রহণের মিলিত একটি মিশ্রিত পদ্ধতিতে আয়োজিত হয়েছিল","৫ ১ ত ম   সং স্ক র ণ টি র   ম তো ,   এ ই   সং স্ক র ণ টি ও   অ ন লা ই ন   এ বং   সা ম না সা ম নি   অ ং শ গ্র হ ণে র   মি লি ত   এ ক টি   মি শ্রি ত   প দ্ধ তি তে   আ য় ো জি ত   হ য় ে ছি ল",64,15
চলচ্চিত্রটিতে কোচির সোম কেরল প্রাসাদটিকে কর্ম প্রতিষ্ঠান (গুরুস্বামীর বিদ্যালয়) হিসাবে দেখানো হয়,চ ল চ্চি ত্র টি তে   কো চি র   সো ম   কে র ল   প্রা সা দ টি কে   ক র্ম   প্র তি ষ্ঠা ন   ( গু রু স্বা মী র   বি দ্যা ল য় )   হি সা বে   দে খা নো   হ য়,44,12
"কণ্ঠ্য দিয়েছেন: নিখিল ডি'সুজা, মোনালি ঠাকুর, লাকি আলি, রাহাত ফতেহ আলী খান, শেখর রাভজিয়ানি, ক্যারালিসা মন্টেরো, মোহিত চৌহান, শ্রুতি পাঠক, বিশাল দাদলানি, শিল্পা রাও ও অভিজিৎ ভাঘানি","ক ণ্ঠ্য   দি য় ে ছে ন :   নি খি ল   ডি ' সু জা ,   মো না লি   ঠা কু র ,   লা কি   আ লি ,   রা হা ত   ফ তে হ   আ লী   খা ন ,   শে খ র   রা ভ জি য ় া নি ,   ক্যা রা লি সা   ম ন্টে রো ,   মো হি ত   চৌ হা ন ,   শ্রু তি   পা ঠ ক ,   বি শা ল   দা দ লা নি ,   শি ল্পা   রা ও   ও   অ ভি জি ৎ   ভা ঘা নি",91,27
বন্তুর মতন যোগ্য ও সি,ব ন্তু র   ম ত ন   যো গ্য   ও   সি,10,5
ই,ই,1,1
ও করে তোলার জন্য জসু তখন বাল্মীকিকে বলে রাজকে পাঁচ বছরের জন্য প্রশিক্ষণ দিতে,ও   ক রে   তো লা র   জ ন্য   জ সু   ত খ ন   বা ল্মী কি কে   ব লে   রা জ কে   পাঁ চ   ব ছ রে র   জ ন্য   প্র শি ক্ষ ণ   দি তে,36,14
"একে অপরকে নিজেদের গাড়ি করে অনুসরণ করলে, রাজ মীরাকে মৃত্যুর হাত থেকে বাঁচায় এবং তার সঙ্গে আর কোনোদিনও দেখা না করতে বলে","এ কে   অ প র কে   নি জে দে র   গা ড় ি   ক রে   অ নু স র ণ   ক র লে ,   রা জ   মী রা কে   মৃ ত্যু র   হা ত   থে কে   বাঁ চা য়   এ বং   তা র   স ঙ্গে   আ র   কো নো দি ন ও   দে খা   না   ক র তে   ব লে",60,22
হিন্দুস্তান টাইমসের অনুপমা চোপড়া ৫-এর মধ্যে ৪,হি ন্দু স্তা ন   টা ই ম সে র   অ নু প মা   চো প ড় া   ৫ - এ র   ম ধ্যে   ৪,24,7
"৫ দিয়ে বলেছেন, ""উড়িয়ে দেওয়া, অসাড় করা ও দৃশ্যত অপূর্ব"", এবং লেখেন ""বাজিরাও মস্তানি অপেরা ধরনের সম্বিত হারিয়ে ফেলা অত্যুত্তেজিত প্রেমের কবিতার মতো চলতে থাকে","৫   দি য় ে   ব লে ছে ন ,   "" উ ড় ি য় ে   দে ও য় া ,   অ সা ড ়   ক রা   ও   দৃ শ্য ত   অ পূ র্ব "" ,   এ বং   লে খে ন   "" বা জি রা ও   ম স্তা নি   অ পে রা   ধ র নে র   স ম্বি ত   হা রি য় ে   ফে লা   অ ত্যু ত্তে জি ত   প্রে মে র   ক বি তা র   ম তো   চ ল তে   থা কে",83,25
"""","""",1,1
দেশের প্রধান নদী ও জলপথের মাধ্যমে বার্ষিকভাবে প্রায় ৪ কোটি ৪০ লক্ষ মেট্রিক টন জাহাজী মাল স্থানান্তর করা হয়,দে শে র   প্র ধা ন   ন দী   ও   জ ল প থে র   মা ধ্য মে   বা র্ষি ক ভা বে   প্রা য়   ৪   কো টি   ৪ ০   ল ক্ষ   মে ট্রি ক   ট ন   জা হা জী   মা ল   স্থা না ন্ত র   ক রা   হ য়,49,19
"২০১০ সালের প্রতিবেদন অনুযায়ী, আফগানিস্তানের মাত্র প্রায় ২","২ ০ ১ ০   সা লে র   প্র তি বে দ ন   অ নু যা য় ী ,   আ ফ গা নি স্তা নে র   মা ত্র   প্রা য়   ২",30,8
"১ শতাংশ (বা ১,৩৫০,০০০ হেক্টর) হলো বনাঞ্চল","১   শ তাং শ   ( বা   ১ , ৩ ৫ ০ , ০ ০ ০   হে ক্ট র )   হ লো   ব না ঞ্চ ল",25,7
সমস্ত মহাদেশীয় ভূত্বকই শেষ পর্যন্ত আগ্নেয়গিরিজাত শিলার গলন এবং প্রাক-বিদ্যমান মহাদেশীয় ভূত্বকের আত্তীকরণ (পুনর্গলন)-এর ভগ্নাংশের পার্থক্যের মাধ্যমে আচ্ছাদন-নির্গত গলন (প্রধানত আগ্নেয়গিরিজাত শিলা) থেকেই উদ্ভূত,স ম স্ত   ম হা দে শী য়   ভূ ত্ব ক ই   শে ষ   প র্য ন্ত   আ গ্নে য় গি রি জা ত   শি লা র   গ ল ন   এ বং   প্রা ক - বি দ্য মা ন   ম হা দে শী য়   ভূ ত্ব কে র   আ ত্তী ক র ণ   ( পু ন র্গ ল ন ) - এ র   ভ গ্নাং শে র   পা র্থ ক্যে র   মা ধ্য মে   আ চ্ছা দ ন - নি র্গ ত   গ ল ন   ( প্র ধা ন ত   আ গ্নে য় গি রি জা ত   শি লা )   থে কে ই   উ দ্ভূ ত,106,24
"চাল (চালের পাঁপড় ও প্রক্রিয়াজাত খাদ্য তৈরি ছাড়া) এবং গমের ক্ষেত্রে জাপান স্বয়ংসম্পূর্ণ হলেও, অন্যান্য দানা ও পশুখাদ্য শস্যের প্রয়োজনের ৫০% দেশটিকে আমদানি করতেই হয়, এবং অর্ধেক মাংসের জোগানের জন্যেও আমদানির উপরেই নির্ভর করে","চা ল   ( চা লে র   পাঁ প ড়   ও   প্র ক্রি য় া জা ত   খা দ্য   তৈ রি   ছা ড় া )   এ বং   গ মে র   ক্ষে ত্রে   জা পা ন   স্ব য় ং স ম্পূ র্ণ   হ লে ও ,   অ ন্যা ন্য   দা না   ও   প শু খা দ্য   শ স্যে র   প্র য় ো জ নে র   ৫ ০ %   দে শ টি কে   আ ম দা নি   ক র তে ই   হ য় ,   এ বং   অ র্ধে ক   মাং সে র   জো গা নে র   জ ন্যে ও   আ ম দা নি র   উ প রে ই   নি র্ভ র   ক রে",110,34
"মার্কিন ভূতত্ত্ববিদ গ্রোভ কার্ল গিলবার্ট ১৮৮৫-এ প্রথম যুক্তি দিয়েছিলেন যে, উপকূলবর্তী পলি সমুদ্রতীরস্থ উৎস থেকে পাওয়া যায়","মা র্কি ন   ভূ ত ত্ত্ব বি দ   গ্রো ভ   কা র্ল   গি ল বা র্ট   ১ ৮ ৮ ৫ - এ   প্র থ ম   যু ক্তি   দি য় ে ছি লে ন   যে ,   উ প কূ ল ব র্তী   প লি   স মু দ্র তী র স্থ   উ ৎ স   থে কে   পা ও য় া   যা য়",60,17
আসানসোলের গ্রীষ্মকাল গরম ও শুষ্ক এবং শীতে হালকা ঠাণ্ডা,আ সা ন সো লে র   গ্রী ষ্ম কা ল   গ র ম   ও   শু ষ্ক   এ বং   শী তে   হা ল কা   ঠা ণ্ডা,25,9
দুটি ক্ষুদ্র নদী নুনিয়া ও গৌরি আসানসোলের পাশ দিয়ে বয়ে যায়,দু টি   ক্ষু দ্র   ন দী   নু নি য় া   ও   গৌ রি   আ সা ন সো লে র   পা শ   দি য় ে   ব য় ে   যা য়,29,11
একটি বিশাল ভূমিকম্পের উপকেন্দ্র যখন উপকূল থেকে কিছুটা দূরে সমুদ্রে অবস্থিত হয় তখন হয়তো একটি সুনামি ঘটানোর জন্য সমুদ্রতল যথেষ্টভাবে নড়ে ওঠে,এ ক টি   বি শা ল   ভূ মি ক ম্পে র   উ প কে ন্দ্র   য খ ন   উ প কূ ল   থে কে   কি ছু টা   দূ রে   স মু দ্রে   অ ব স্থি ত   হ য়   ত খ ন   হ য় তো   এ ক টি   সু না মি   ঘ টা নো র   জ ন্য   স মু দ্র ত ল   য থে ষ্ট ভা বে   ন ড় ে   ও ঠে,71,22
"শীতকালে (ম্যাকলেওডগঞ্জ, ভাগসু নাগ এবং নাদ্দি সহ) ঊর্ধ্বতন ধর্মশালায় তুষারপাত ও শিলাবৃষ্টি সাধারণ ব্যাপার","শী ত কা লে   ( ম্যা ক লে ও ড গ ঞ্জ ,   ভা গ সু   না গ   এ বং   না দ্দি   স হ )   ঊ র্ধ্ব ত ন   ধ র্ম শা লা য়   তু ষা র পা ত   ও   শি লা বৃ ষ্টি   সা ধা র ণ   ব্যা পা র",51,14
"লেবু জাতীয় ফল মূলত জামাইকার কেন্দ্রীয় অঞ্চলে বিশেষ করে ১০০০-২,৫০০ ফুট উচ্চতার মধ্যে উৎপাদন করা হয়","লে বু   জা তী য়   ফ ল   মূ ল ত   জা মা ই কা র   কে ন্দ্রী য়   অ ঞ্চ লে   বি শে ষ   ক রে   ১ ০ ০ ০ - ২ , ৫ ০ ০   ফু ট   উ চ্চ তা র   ম ধ্যে   উ ৎ পা দ ন   ক রা   হ য়",53,16
দেরাদুন শহর তার চাহিদা মেটাতে গিয়ে দুটি প্রাথমিক উৎস থেকে পানীয় জল পায়: পৃষ্ঠতলের জল ও ভূগর্ভের জল,দে রা দু ন   শ হ র   তা র   চা হি দা   মে টা তে   গি য় ে   দু টি   প্রা থ মি ক   উ ৎ স   থে কে   পা নী য়   জ ল   পা য় :   পৃ ষ্ঠ ত লে র   জ ল   ও   ভূ গ র্ভে র   জ ল,51,18
"চাষীদের মালিকানাধীন পাহাড়ি জমিতে বিভিন্ন ধরনের ফল যেমন আম, সবেদা, কমলালেবু, কলা, পেঁপে, আনারস এবং মূলজাতীয় ফসল উৎপাদন করা হয়","চা ষী দে র   মা লি কা না ধী ন   পা হা ড় ি   জ মি তে   বি ভি ন্ন   ধ র নে র   ফ ল   যে ম ন   আ ম ,   স বে দা ,   ক ম লা লে বু ,   ক লা ,   পেঁ পে ,   আ না র স   এ বং   মূ ল জা তী য়   ফ স ল   উ ৎ পা দ ন   ক রা   হ য়",71,20
তাজা মাছ ফ্রান্সে এবং শুকোনো ও সংরক্ষণ করা মাছ স্পেন ও ইতালিতে রপ্তানি হয়,তা জা   মা ছ   ফ্রা ন্সে   এ বং   শু কো নো   ও   সং র ক্ষ ণ   ক রা   মা ছ   স্পে ন   ও   ই তা লি তে   র প্তা নি   হ য়,32,14
"এর প্রাচীরগুলি, যার পূর্ব পাড় ছাড়া ভিলুর কোন চিহ্ন নেই, সাধারণত চওড়ায় ছোট হয়, যা মালদ্বীপের মান অনুসারে বিচার করলে বেশ প্রকাণ্ড দ্বীপের তলায় ঢাকা","এ র   প্রা চী র গু লি ,   যা র   পূ র্ব   পা ড়   ছা ড় া   ভি লু র   কো ন   চি হ্ন   নে ই ,   সা ধা র ণ ত   চ ও ড় া য়   ছো ট   হ য় ,   যা   মা ল দ্বী পে র   মা ন   অ নু সা রে   বি চা র   ক র লে   বে শ   প্র কা ণ্ড   দ্বী পে র   ত লা য়   ঢা কা",73,25
প্রসার্য শক্তি এবং তাপ নিয়ন্ত্রণ বৈশিষ্ট্যের পার্থক্য সহ সেলুলোজ তন্তুর বিকল্পসমূহের অনুরূপ বৈশিষ্ট্য রয়েছে কিন্তু তারা সুতির তন্তুর যথাযথ বিকল্প নয়,প্র সা র্য   শ ক্তি   এ বং   তা প   নি য় ন্ত্র ণ   বৈ শি ষ্ট্যে র   পা র্থ ক্য   স হ   সে লু লো জ   ত ন্তু র   বি ক ল্প স মূ হে র   অ নু রূ প   বৈ শি ষ্ট্য   র য় ে ছে   কি ন্তু   তা রা   সু তি র   ত ন্তু র   য থা য থ   বি ক ল্প   ন য়,66,21
তুলো চাষে উচ্চ পরিমাণ জল ও কীটনাশকের ব্যবহার স্থায়িত্বের বিষয় নিয়ে প্রশ্ন তুলেছে এবং প্রাকৃতিক সুতোর বিকল্পগুলির জন্য একটি বাজার তৈরি করেছে,তু লো   চা ষে   উ চ্চ   প রি মা ণ   জ ল   ও   কী ট না শ কে র   ব্য ব হা র   স্থা য় ি ত্বে র   বি ষ য়   নি য় ে   প্র শ্ন   তু লে ছে   এ বং   প্রা কৃ তি ক   সু তো র   বি ক ল্প গু লি র   জ ন্য   এ ক টি   বা জা র   তৈ রি   ক রে ছে,67,22
"মেরু অঞ্চল যেখানকার জল শীতল তার তুলনায় ক্রান্তীয় উষ্ণ, স্বচ্ছ জলে প্রবাল প্রচুর পরিমাণে পাওয়া যায়","মে রু   অ ঞ্চ ল   যে খা ন কা র   জ ল   শী ত ল   তা র   তু ল না য়   ক্রা ন্তী য়   উ ষ্ণ ,   স্ব চ্ছ   জ লে   প্র বা ল   প্র চু র   প রি মা ণে   পা ও য় া   যা য়",47,16
"ভারতে ৭,৫১৬ কিলোমিটার (৪ ৬৭০ মাইল) সামুদ্রিক উপকূলরেখা, ৩,৮২৭টি মৎস্য গ্রাম এবং ১,৯১৪টি গতানুগতিক মাছ অবতরণ কেন্দ্র রয়েছে","ভা র তে   ৭ , ৫ ১ ৬   কি লো মি টা র   ( ৪   ৬ ৭ ০   মা ই ল )   সা মু দ্রি ক   উ প কূ ল রে খা ,   ৩ , ৮ ২ ৭ টি   ম ৎ স্য   গ্রা ম   এ বং   ১ , ৯ ১ ৪ টি   গ তা নু গ তি ক   মা ছ   অ ব ত র ণ   কে ন্দ্র   র য় ে ছে",71,18
"মণিপুরের জন্য উপযুক্ত কিছু অর্থকরী ফসল হলো লিচু, কাজু, আখরোট, কমলালেবু, পাতিলেবু, আনারস, পেঁপে, প্যাশন ফল, পীচ ফল, নাশপাতি এবং বরই","ম ণি পু রে র   জ ন্য   উ প যু ক্ত   কি ছু   অ র্থ ক রী   ফ স ল   হ লো   লি চু ,   কা জু ,   আ খ রো ট ,   ক ম লা লে বু ,   পা তি লে বু ,   আ না র স ,   পেঁ পে ,   প্যা শ ন   ফ ল ,   পী চ   ফ ল ,   না শ পা তি   এ বং   ব র ই",72,21
"প্রদর্শন ব্যবস্থায় এই পরিবর্তন পশু রক্ষকদের ক্ষেত্র রক্ষণাবেক্ষণ, গাছের যত্ন, আবহাওয়া নিয়ন্ত্রণ এবং বিভিন্ন শ্রেণীর আরও অনেক প্রজাতির পশুপালনের প্রশস্ত জ্ঞান সহ বসবাসের পরিবেশ তত্ত্বাবধানে আবশ্যক কর্ম অভিজ্ঞতা সহ আবাস রক্ষকে পরিণত করে কাজের সুযোগকে পরিবর্তিত করছে","প্র দ র্শ ন   ব্য ব স্থা য়   এ ই   প রি ব র্ত ন   প শু   র ক্ষ ক দে র   ক্ষে ত্র   র ক্ষ ণা বে ক্ষ ণ ,   গা ছে র   য ত্ন ,   আ ব হা ও য় া   নি য় ন্ত্র ণ   এ বং   বি ভি ন্ন   শ্রে ণী র   আ র ও   অ নে ক   প্র জা তি র   প শু পা ল নে র   প্র শ স্ত   জ্ঞা ন   স হ   ব স বা সে র   প রি বে শ   ত ত্ত্বা ব ধা নে   আ ব শ্য ক   ক র্ম   অ ভি জ্ঞ তা   স হ   আ বা স   র ক্ষ কে   প রি ণ ত   ক রে   কা জে র   সু যো গ কে   প রি ব র্তি ত   ক র ছে",131,37
"উল্লেখযোগ্য স্তন্যপায়ী প্রাণী, যা দেশের মধ্যেই বিলুপ্ত হয়ে গেছে বা বিলুপ্ত বলে ধরে নেওয়া হয়েছে, তার মধ্যে হলো ভারতীয় বা এশিয়াটিক চিতা, জাভাদেশীয় গণ্ডার এবং সুমান্ত্রার গণ্ডার","উ ল্লে খ যো গ্য   স্ত ন্য পা য় ী   প্রা ণী ,   যা   দে শে র   ম ধ্যে ই   বি লু প্ত   হ য় ে   গে ছে   বা   বি লু প্ত   ব লে   ধ রে   নে ও য় া   হ য় ে ছে ,   তা র   ম ধ্যে   হ লো   ভা র তী য়   বা   এ শি য় া টি ক   চি তা ,   জা ভা দে শী য়   গ ণ্ডা র   এ বং   সু মা ন্ত্রা র   গ ণ্ডা র",82,27
"গোয়ার রাষ্ট্রীয় প্রাণী গৌর, রাষ্ট্রীয় পাখি হলুদ বুলবুল এবং রাষ্ট্রীয় গাছ হলো ভারতীয় লরেল","গো য় া র   রা ষ্ট্রী য়   প্রা ণী   গৌ র ,   রা ষ্ট্রী য়   পা খি   হ লু দ   বু ল বু ল   এ বং   রা ষ্ট্রী য়   গা ছ   হ লো   ভা র তী য়   ল রে ল",40,14
"ধান হলো প্রধান শস্য এবং ডাল (শুঁটি), রাগী (মারওয়া) ও অন্যান্য খাদ্য শস্যও উৎপাদন করা হয়","ধা ন   হ লো   প্র ধা ন   শ স্য   এ বং   ডা ল   ( শুঁ টি ) ,   রা গী   ( মা র ও য় া )   ও   অ ন্যা ন্য   খা দ্য   শ স্য ও   উ ৎ পা দ ন   ক রা   হ য়",45,16
"গ্রীষ্মকাল মাত্রাতিরিক্ত গরম, মে মাসে নিচু এলাকাগুলিতে তাপমাত্রা ৫০° সেন্টিগ্রেড (১২২° ফারেনহাইট) ছাড়িয়ে যায় যা তাপপ্রবাহের সৃষ্টি করে, যেগুলির প্রত্যেকটি শয়ে শয়ে ভারতীয়কে মেরে ফেলতে পারে","গ্রী ষ্ম কা ল   মা ত্রা তি রি ক্ত   গ র ম ,   মে   মা সে   নি চু   এ লা কা গু লি তে   তা প মা ত্রা   ৫ ০ °   সে ন্টি গ্রে ড   ( ১ ২ ২ °   ফা রে ন হা ই ট )   ছা ড় ি য় ে   যা য়   যা   তা প প্র বা হে র   সৃ ষ্টি   ক রে ,   যে গু লি র   প্র ত্যে ক টি   শ য় ে   শ য় ে   ভা র তী য় কে   মে রে   ফে ল তে   পা রে",92,26
"নাতিশীতোষ্ণ পর্ণমোচী বনের বায়োমগুলি হলো উত্তর ও দক্ষিণ আমেরিকা, এশিয়া, হিমালয়ের দক্ষিণ ঢাল, ইউরোপের এবং ওশেনিয়ায় চাষাবাদের উদ্দেশ্যে ছড়িয়ে থাকা উদ্ভিদ সম্প্রদায়","না তি শী তো ষ্ণ   প র্ণ মো চী   ব নে র   বা য ় ো ম গু লি   হ লো   উ ত্ত র   ও   দ ক্ষি ণ   আ মে রি কা ,   এ শি য় া ,   হি মা ল য় ে র   দ ক্ষি ণ   ঢা ল ,   ই উ রো পে র   এ বং   ও শে নি য ় া য়   চা ষা বা দে র   উ দ্দে শ্যে   ছ ড় ি য় ে   থা কা   উ দ্ভি দ   স ম্প্র দা য়",86,22
"এই ঋতুগতভাবে বৈশিষ্ট্যসূচক সম্প্রদায়গুলির বিভিন্ন জীবন গঠন রয়েছে, যা তাদের জলবায়ুর ঋতুবৈচিত্র্য দ্বারা প্রধানত তাপমাত্রা ও বৃষ্টিপাতের হারের ক্ষেত্রে ব্যাপকভাবে প্রভাবিত হয়","এ ই   ঋ তু গ ত ভা বে   বৈ শি ষ্ট্য সূ চ ক   স ম্প্র দা য় গু লি র   বি ভি ন্ন   জী ব ন   গ ঠ ন   র য় ে ছে ,   যা   তা দে র   জ ল বা য ় ু র   ঋ তু বৈ চি ত্র্য   দ্বা রা   প্র ধা ন ত   তা প মা ত্রা   ও   বৃ ষ্টি পা তে র   হা রে র   ক্ষে ত্রে   ব্যা প ক ভা বে   প্র ভা বি ত   হ য়",83,22
"ভারতের কাণ্ডলা বন্দর, মুন্দ্রা বন্দর, পিপাভাব বন্দর, দাহেজ বন্দর, হাজিরা বন্দর, মুম্বই বন্দর, নবসেবা বন্দর (নবি মুম্বই), মার্মাগাঁও বন্দর (গোয়া), নিউ ম্যাঙ্গালোর বন্দর, কোচি বন্দর; পাকিস্তানের করাচি বন্দর, কাসিম বন্দর, এবং গদর বন্দর; ইরানের চাবাহার বন্দর; এবং ওমানের সালাহ্-এ সালালাহ্ বন্দর প্রধান সমুদ্রবন্দরগুলির অন্তর্ভুক্ত","ভা র তে র   কা ণ্ড লা   ব ন্দ র ,   মু ন্দ্রা   ব ন্দ র ,   পি পা ভা ব   ব ন্দ র ,   দা হে জ   ব ন্দ র ,   হা জি রা   ব ন্দ র ,   মু ম্ব ই   ব ন্দ র ,   ন ব সে বা   ব ন্দ র   ( ন বি   মু ম্ব ই ) ,   মা র্মা গাঁ ও   ব ন্দ র   ( গো য় া ) ,   নি উ   ম্যা ঙ্গা লো র   ব ন্দ র ,   কো চি   ব ন্দ র ;   পা কি স্তা নে র   ক রা চি   ব ন্দ র ,   কা সি ম   ব ন্দ র ,   এ বং   গ দ র   ব ন্দ র ;   ই রা নে র   চা বা হা র   ব ন্দ র ;   এ বং   ও মা নে র   সা লা হ্ - এ   সা লা লা হ্   ব ন্দ র   প্র ধা ন   স মু দ্র ব ন্দ র গু লি র   অ ন্ত র্ভু ক্ত",164,44
"মধ্য প্রদেশ, ছত্তিশগড়, ওড়িশা, বিহার, ঝাড়খণ্ড, পশ্চিম বঙ্গ, অন্ধ্র প্রদেশ, মহারাষ্ট্র, জম্মু ও কাশ্মীর, পঞ্জাব, হিমাচল প্রদেশ, রাজস্থান, এবং উত্তরাখণ্ড গণ্ডোয়ানা এবং বিন্ধ্যের ভাঁজের অন্তর্ভুক্ত","ম ধ্য   প্র দে শ ,   ছ ত্তি শ গ ড় ,   ও ড় ি শা ,   বি হা র ,   ঝা ড় খ ণ্ড ,   প শ্চি ম   ব ঙ্গ ,   অ ন্ধ্র   প্র দে শ ,   ম হা রা ষ্ট্র ,   জ ম্মু   ও   কা শ্মী র ,   প ঞ্জা ব ,   হি মা চ ল   প্র দে শ ,   রা জ স্থা ন ,   এ বং   উ ত্ত রা খ ণ্ড   গ ণ্ডো য় া না   এ বং   বি ন্ধ্যে র   ভাঁ জে র   অ ন্ত র্ভু ক্ত",91,25
"টমোগ্রাফিতে দেখায় যে, উত্তর আমেরিকার তলদেশে ক্রেটন শিকড়ের দুটি স্তর","ট মো গ্রা ফি তে   দে খা য়   যে ,   উ ত্ত র   আ মে রি কা র   ত ল দে শে   ক্রে ট ন   শি ক ড ় ে র   দু টি   স্ত র",35,10
প্রতি মাসের গড় বৃষ্টিপাত ফেব্রুয়ারী থেকে এপ্রিলের জন্য ৫৪ মিমি (২,প্র তি   মা সে র   গ ড়   বৃ ষ্টি পা ত   ফে ব্রু য় া রী   থে কে   এ প্রি লে র   জ ন্য   ৫ ৪   মি মি   ( ২,30,11
১ ইঞ্চি) এবং জুলাইয়ের জন্য ৭৮ মিমি (৩,১   ই ঞ্চি )   এ বং   জু লা ই য় ে র   জ ন্য   ৭ ৮   মি মি   ( ৩,20,8
১ইঞ্চি)-র মধ্যে ঘোরাফেরা করে,১ ই ঞ্চি ) - র   ম ধ্যে   ঘো রা ফে রা   ক রে,14,4
"জমি ও জলের অভাব, অনুন্নত কৃষি পদ্ধতি এবং প্রবালপ্রাচীর এলাকাগুলিতে সাহায্য পরিষেবার অনুপস্থিতির অর্থ হচ্ছে নিম্ন উৎপাদন এবং, এহেন কারণে এই অঞ্চলগুলিতে আয় কম","জ মি   ও   জ লে র   অ ভা ব ,   অ নু ন্ন ত   কৃ ষি   প দ্ধ তি   এ বং   প্র বা ল প্রা চী র   এ লা কা গু লি তে   সা হা য্য   প রি ষে বা র   অ নু প স্থি তি র   অ র্থ   হ চ্ছে   নি ম্ন   উ ৎ পা দ ন   এ বং ,   এ হে ন   কা র ণে   এ ই   অ ঞ্চ ল গু লি তে   আ য়   ক ম",79,24
"গুরুত্বপূর্ণ বনজ দ্রব্যগুলি হল বাঁশের বেত, মারাঠা ছাল, চিল্লার ছাল এবং ভিরন্দ","গু রু ত্ব পূ র্ণ   ব ন জ   দ্র ব্য গু লি   হ ল   বাঁ শে র   বে ত ,   মা রা ঠা   ছা ল ,   চি ল্লা র   ছা ল   এ বং   ভি র ন্দ",36,12
"অন্যান্য উল্লেখযোগ্য শস্য হলো ধান, তুলো, আঁখ, বাজরি, রাগী, জোয়ার, ভুট্টা, বার্লি এবং ফল","অ ন্যা ন্য   উ ল্লে খ যো গ্য   শ স্য   হ লো   ধা ন ,   তু লো ,   আ ঁ খ ,   বা জ রি ,   রা গী ,   জো য় া র ,   ভু ট্টা ,   বা র্লি   এ বং   ফ ল",43,14
৩৭টি সরীসৃপ ও উভচর প্রাণীর বর্গেরও নথিভুক্তি করা হয়েছে,৩ ৭ টি   স রী সৃ প   ও   উ ভ চ র   প্রা ণী র   ব র্গে র ও   ন থি ভু ক্তি   ক রা   হ য় ে ছে,29,9
"ডি লেসেপ্স কোম্পানি, যারা সুয়েজ খাল চালায়, ১৮৮০-এর দশকে প্রথম পানামা খাল তৈরির প্রচেষ্টা করেছিল","ডি   লে সে প্স   কো ম্পা নি ,   যা রা   সু য় ে জ   খা ল   চা লা য় ,   ১ ৮ ৮ ০ - এ র   দ শ কে   প্র থ ম   পা না মা   খা ল   তৈ রি র   প্র চে ষ্টা   ক রে ছি ল",48,15
"তিনটি জলপথ পৌরসভাকে আড়াআড়ি অতিক্রম করেছে: উইসপার্ট্রেকভার্ট গেছে পশ্চিম থেকে দক্ষিণে, আমস্টারডাম-রাইন খাল গেছে উত্তর থেকে পূর্বে এবং দিয়েম নদী গেছে দক্ষিণ থেকে উত্তরে","তি ন টি   জ ল প থ   পৌ র স ভা কে   আ ড ় া আ ড ় ি   অ তি ক্র ম   ক রে ছে :   উ ই স পা র্ট্রে ক ভা র্ট   গে ছে   প শ্চি ম   থে কে   দ ক্ষি ণে ,   আ ম স্টা র ডা ম - রা ই ন   খা ল   গে ছে   উ ত্ত র   থে কে   পূ র্বে   এ বং   দি য় ে ম   ন দী   গে ছে   দ ক্ষি ণ   থে কে   উ ত্ত রে",86,24
দুই ধরনের কৃষি ব্যবস্থাপনা রীতি যার মধ্যে রয়েছে জৈব কৃষি ও প্রচলিত কৃষি,দু ই   ধ র নে র   কৃ ষি   ব্য ব স্থা প না   রী তি   যা র   ম ধ্যে   র য় ে ছে   জৈ ব   কৃ ষি   ও   প্র চ লি ত   কৃ ষি,34,13
স্ট্র্যাটোস্ফিয়ারে সালফেট এরোসলের রাসায়নিক বিক্রিয়া ওজোন স্তরের ক্ষতি করতে পারে এবং হাইড্রোজেন ক্লোরাইড (HCl) ও হাইড্রোজেন ফ্লোরাইডের (HF) মত অ্যাসিড মাটির উপর অ্যাসিড বৃষ্টি হয়ে ঝরে পড়তে পারে,স্ট্র্যা টো স্ফি য় া রে   সা ল ফে ট   এ রো স লে র   রা সা য ় নি ক   বি ক্রি য ় া   ও জো ন   স্ত রে র   ক্ষ তি   ক র তে   পা রে   এ বং   হা ই ড্রো জে ন   ক্লো রা ই ড   ( H C l )   ও   হা ই ড্রো জে ন   ফ্লো রা ই ডে র   ( H F )   ম ত   অ ্ যা সি ড   মা টি র   উ প র   অ ্ যা সি ড   বৃ ষ্টি   হ য় ে   ঝ রে   প ড় তে   পা রে,100,28
ক্রান্তীয় মৌসুমি জলবায়ু সহ অসম হলো নাতিশীতোষ্ণ (গ্রীষ্ম সর্বোচ্চ ৯৫° - ১০০° ফারেনহাইট বা ৩৫° - ৩৮° সেন্টিগ্রেড এবং শীত সর্বনিম্ন ৪৩° - ৪৬° ফারেনহাইট বা ৬° - ৮° সেন্টিগ্রেড) এবং ভারী বৃষ্টিপাত ও উচ্চ আর্দ্রতা ভোগ করে,ক্রা ন্তী য়   মৌ সু মি   জ ল বা য ় ু   স হ   অ স ম   হ লো   না তি শী তো ষ্ণ   ( গ্রী ষ্ম   স র্বো চ্চ   ৯ ৫ °   -   ১ ০ ০ °   ফা রে ন হা ই ট   বা   ৩ ৫ °   -   ৩ ৮ °   সে ন্টি গ্রে ড   এ বং   শী ত   স র্ব নি ম্ন   ৪ ৩ °   -   ৪ ৬ °   ফা রে ন হা ই ট   বা   ৬ °   -   ৮ °   সে ন্টি গ্রে ড )   এ বং   ভা রী   বৃ ষ্টি পা ত   ও   উ চ্চ   আ র্দ্র তা   ভো গ   ক রে,106,38
"এই অঞ্চলে গড়ে প্রায় ১০, ০০০ মিলিমিটার (৩৯০ ইঞ্চি) বা তার বেশী পরিমাণের উচ্চ বৃষ্টিপাতের হার উচ্চ ভূকম্পীয় কার্যকলাপ এবং বন্যাসহ বাস্তুতন্ত্রের জন্য সমস্যা সৃষ্টি করে","এ ই   অ ঞ্চ লে   গ ড় ে   প্রা য়   ১ ০ ,   ০ ০ ০   মি লি মি টা র   ( ৩ ৯ ০   ই ঞ্চি )   বা   তা র   বে শী   প রি মা ণে র   উ চ্চ   বৃ ষ্টি পা তে র   হা র   উ চ্চ   ভূ ক ম্পী য ়   কা র্য ক লা প   এ বং   ব ন্যা স হ   বা স্তু ত ন্ত্রে র   জ ন্য   স ম স্যা   সৃ ষ্টি   ক রে",79,26
"২০২১ অবধি, ভারতের ২৮ টি রাজ্য রয়েছে, প্রত্যেকটির নিজস্ব সরকার আলাদা আলাদাভাবে জাতীয় সরকার (কেন্দ্রীয় বা যুক্তরাষ্ট্রীয় সরকারও বলা হয়) হতে নির্বাচিত এবং ৮টি কেন্দ্রশাসিত অঞ্চল রয়েছে যা কেন্দ্রীয় সরকার দ্বারা পরিচালিত হয়","২ ০ ২ ১   অ ব ধি ,   ভা র তে র   ২ ৮   টি   রা জ্য   র য় ে ছে ,   প্র ত্যে ক টি র   নি জ স্ব   স র কা র   আ লা দা   আ লা দা ভা বে   জা তী য ়   স র কা র   ( কে ন্দ্রী য়   বা   যু ক্ত রা ষ্ট্রী য়   স র কা র ও   ব লা   হ য় )   হ তে   নি র্বা চি ত   এ বং   ৮ টি   কে ন্দ্র শা সি ত   অ ঞ্চ ল   র য় ে ছে   যা   কে ন্দ্রী য ়   স র কা র   দ্বা রা   প রি চা লি ত   হ য ়",111,33
"এই ঘটনায়, ভারতীয়রা, একটি গুলি পর্যন্ত না ছুঁড়ে ভাঁওতা দিয়ে নিজেদের নিরাপদ রাস্তায় নিয়ে আসে","এ ই   ঘ ট না য় ,   ভা র তী য় রা ,   এ ক টি   গু লি   প র্য ন্ত   না   ছুঁ ড় ে   ভাঁ ও তা   দি য় ে   নি জে দে র   নি রা প দ   রা স্তা য়   নি য় ে   আ সে",47,15
"প্রত্যেকটির একটি করে বিভাগীয় সদর দপ্তর সহ, ভারতীয় রেল আরও সাতষট্টিটি বিভাগে বিভক্ত","প্র ত্যে ক টি র   এ ক টি   ক রে   বি ভা গী য ়   স দ র   দ প্ত র   স হ ,   ভা র তী য়   রে ল   আ র ও   সা ত ষ ট্টি টি   বি ভা গে   বি ভ ক্ত",44,13
"উদ্বাসনের সময়, আগুয়ান রেড আর্মির থেকে পালাতে গিয়ে পূর্ব প্রুশিয়া, সাইলেসিয়া এবং পোমেরেনিয়ার মতো জার্মান প্রদেশের বিপুল সংখ্যক বাসিন্দারা মারা যায়, কেউ কেউ ঠাণ্ডায় ও অনাহারে, কেউ কেউ সংগ্রামের সময়","উ দ্বা স নে র   স ম য় ,   আ গু য ় া ন   রে ড   আ র্মি র   থে কে   পা লা তে   গি য় ে   পূ র্ব   প্রু শি য ় া ,   সা ই লে সি য ় া   এ বং   পো মে রে নি য ় া র   ম তো   জা র্মা ন   প্র দে শে র   বি পু ল   সং খ্য ক   বা সি ন্দা রা   মা রা   যা য় ,   কে উ   কে উ   ঠা ণ্ডা য়   ও   অ না হা রে ,   কে উ   কে উ   সং গ্রা মে র   স ম য়",101,30
"জয়ী প্রার্থীর থেকে বাদ পড়া প্রার্থীর কাছে ভোট স্থানান্তর অসম্ভব, এবং নিকটতম চিহ্নিত কোনও পছন্দের অনুষঙ্গ দেওয়া আবশ্যক","জ য় ী   প্রা র্থী র   থে কে   বা দ   প ড় া   প্রা র্থী র   কা ছে   ভো ট   স্থা না ন্ত র   অ স ম্ভ ব ,   এ বং   নি ক ট ত ম   চি হ্নি ত   কো ন ও   প ছ ন্দে র   অ নু ষ ঙ্গ   দে ও য় া   আ ব শ্য ক",58,18
মাদ্রাজের এক উকিল টি,মা দ্রা জে র   এ ক   উ কি ল   টি,10,4
রঙ্গাচারির নেতৃত্বে তিনজন ইংরেজ ও তিনজন ভারতীয় নিয়ে আইসিসি গঠিত হয়েছিল,র ঙ্গা চা রি র   নে তৃ ত্বে   তি ন জ ন   ই ং রে জ   ও   তি ন জ ন   ভা র তী য়   নি য় ে   আ ই সি সি   গ ঠি ত   হ য় ে ছি ল,40,11
"২০২০-তে, অর্থমন্ত্রী নির্মলা সীতারমন আইনটি সংশোধনের জন্য একটি বিলের প্রস্তাবনা করেন","২ ০ ২ ০ - তে ,   অ র্থ ম ন্ত্রী   নি র্ম লা   সী তা র ম ন   আ ই ন টি   সং শো ধ নে র   জ ন্য   এ ক টি   বি লে র   প্র স্তা ব না   ক রে ন",43,11
২০১২-এর ডিসেম্বরে কেরালা বন বিভাগ ওয়ানাড় বন্যপ্রাণী অভয়ারণ্যের প্রান্তে একট কফি বাগানে একটি বাঘকে গুলি করে,২ ০ ১ ২ - এ র   ডি সে ম্ব রে   কে রা লা   ব ন   বি ভা গ   ও য ় া না ড়   ব ন্য প্রা ণী   অ ভ য ় া র ণ্যে র   প্রা ন্তে   এ ক ট   ক ফি   বা গা নে   এ ক টি   বা ঘ কে   গু লি   ক রে,57,16
বাঘটি জ্যান্ত গবাদি পশু তুলে নিয়ে যাওয়ার ফলে গণ প্রতিরোধ শুরু হওয়ায় কেরলের প্রধান বন্যপ্রাণ তত্ত্বাবধায়ক জন্তুটিকে শিকারের আদেশ দেন,বা ঘ টি   জ্যা ন্ত   গ বা দি   প শু   তু লে   নি য় ে   যা ও য় া র   ফ লে   গ ণ   প্র তি রো ধ   শু রু   হ ও য় া য়   কে র লে র   প্র ধা ন   ব ন্য প্রা ণ   ত ত্ত্বা ব ধা য় ক   জ ন্তু টি কে   শি কা রে র   আ দে শ   দে ন,65,20
"শাহ জোর দিয়েছেন যে, আইনটি মুসলমান-বিরোধী নয় কারণ এটি তাদের বিদ্যমান নাগরিকত্বের পথ পরিবর্তন করেনি","শা হ   জো র   দি য় ে ছে ন   যে ,   আ ই ন টি   মু স ল মা ন - বি রো ধী   ন য়   কা র ণ   এ টি   তা দে র   বি দ্য মা ন   না গ রি ক ত্বে র   প থ   প রি ব র্ত ন   ক রে নি",54,15
"১৯৯২-র জানুয়ারিতে, সেনার অ-যোদ্ধা শাখায় স্বল্পকালীন নিয়োগে কেন্দ্রীয় সরকার নারীর অন্তর্ভুক্তি অনুমোদিত করে","১ ৯ ৯ ২ - র   জা নু য় া রি তে ,   সে না র   অ - যো দ্ধা   শা খা য়   স্ব ল্প কা লী ন   নি য় ো গে   কে ন্দ্রী য়   স র কা র   না রী র   অ ন্ত র্ভু ক্তি   অ নু মো দি ত   ক রে",53,13
"২০১২ সালের জানুয়ারিতে ওবামা আমারিকার হোয়াইট হাউজ ""মার্কিন চাকরির ইনসোর্সিং""-এর ফোরামে বিনিয়োগের জন্য কার্যকরী ডাক জারি করেছিলেন","২ ০ ১ ২   সা লে র   জা নু য় া রি তে   ও বা মা   আ মা রি কা র   হো য় া ই ট   হা উ জ   "" মা র্কি ন   চা ক রি র   ই ন সো র্সিং "" - এ র   ফো রা মে   বি নি য় ো গে র   জ ন্য   কা র্য ক রী   ডা ক   জা রি   ক রে ছি লে ন",69,17
"এখানে, ১৮৫৭ সালের ৭ই জুলাই, মহারানীর ২৪তম পদাতিক সৈন্যদলের (সাউথ ওয়েলস সীমানা) ৩৫ জন ব্রিটিশ সৈন্যকে বিদ্রোহীদের দ্বারা মেরে ফেলা হয়","এ খা নে ,   ১ ৮ ৫ ৭   সা লে র   ৭ ই   জু লা ই ,   ম হা রা নী র   ২ ৪ ত ম   প দা তি ক   সৈ ন্য দ লে র   ( সা উ থ   ও য ় ে ল স   সী মা না )   ৩ ৫   জ ন   ব্রি টি শ   সৈ ন্য কে   বি দ্রো হী দে র   দ্বা রা   মে রে   ফে লা   হ য়",72,21
১৯৯৭-এ অন্ধ্র প্রদেশ সরকার কুমারকে এনটিআর জাতীয় পুরস্কারে সম্মানিত করে,১ ৯ ৯ ৭ - এ   অ ন্ধ্র   প্র দে শ   স র কা র   কু মা র কে   এ ন টি আ র   জা তী য়   পু র স্কা রে   স ম্মা নি ত   ক রে,37,10
সরকার সমস্ত খনি ও সংশ্লিষ্ট শিল্পের ৯০ শতাংশের মালিক এবং বিদেশী বিনিয়োগ খুঁজছে,স র কা র   স ম স্ত   খ নি   ও   সং শ্লি ষ্ট   শি ল্পে র   ৯ ০   শ তাং শে র   মা লি ক   এ বং   বি দে শী   বি নি য় ো গ   খুঁ জ ছে,38,13
ক্যালিফোর্ণিয়া ইন্স্টিটিউট অফ টেকনোলজি (ক্যালটেক) পরিচালিত নাসা-অর্থায়িত জেট প্রোপালশন ল্যাবরেটরি (জে,ক্যা লি ফো র্ণি য় া   ই ন্স্টি টি উ ট   অ ফ   টে ক নো ল জি   ( ক্যা ল টে ক )   প রি চা লি ত   না সা - অ র্থা য় ি ত   জে ট   প্রো পা ল শ ন   ল্যা ব রে ট রি   ( জে,51,11
পি,পি,1,1
"এল)-র মতোই ইসরো এবং ভারতীয় মহাকাশ বিজ্ঞান ও প্রযুক্তি সংস্থা (আইআইএসটি) ২০২১-এ একটি যৌথ কার্যকরী কাঠামো বাস্তবায়িত করে যেটির সাহায্যে সাধারণ আগ্রহের সবরকম ছোট, মাঝারি ও দীর্ঘমেয়াদি মহাকাশ গবেষণা প্রকল্প অনুমোদিত করবে বেঙ্গালুরু স্থিত ইসরোর ক্যাপাসিটি বিল্ডিং প্রোগ্রাম অফিস (সি","এ ল ) - র   ম তো ই   ই স রো   এ বং   ভা র তী য়   ম হা কা শ   বি জ্ঞা ন   ও   প্র যু ক্তি   সং স্থা   ( আ ই আ ই এ স টি )   ২ ০ ২ ১ - এ   এ ক টি   যৌ থ   কা র্য ক রী   কা ঠা মো   বা স্ত বা য় ি ত   ক রে   যে টি র   সা হা য্যে   সা ধা র ণ   আ গ্র হে র   স ব র ক ম   ছো ট ,   মা ঝা রি   ও   দী র্ঘ মে য় া দি   ম হা কা শ   গ বে ষ ণা   প্র ক ল্প   অ নু মো দি ত   ক র বে   বে ঙ্গা লু রু   স্থি ত   ই স রো র   ক্যা পা সি টি   বি ল্ডিং   প্রো গ্রা ম   অ ফি স   ( সি",140,40
বি,বি,1,1
পি,পি,1,1
ও)-এর অন্তর্গত একটি ক্ষমতাপ্রাপ্ত তত্ত্বাবধান কমিটি (ই,ও ) - এ র   অ ন্ত র্গ ত   এ ক টি   ক্ষ ম তা প্রা প্ত   ত ত্ত্বা ব ধা ন   ক মি টি   ( ই,27,7
ও,ও,1,1
সি),সি ),2,1
বেশীরভাগ ভারতীয় রাজ্যগুলি সিবিআই-কে তাদের এলাকার মধ্যে অপরাধের তদন্ত করার সাধারণ সম্মতি প্রদান করেছে,বে শী র ভা গ   ভা র তী য়   রা জ্য গু লি   সি বি আ ই - কে   তা দে র   এ লা কা র   ম ধ্যে   অ প রা ধে র   ত দ ন্ত   ক রা র   সা ধা র ণ   স ম্ম তি   প্র দা ন   ক রে ছে,52,14
"একইভাবে, নগদ প্রবাহের ঘাটতি হলে সরকারি সুরক্ষা কিনে অর্থনীতিতে আরবিআই অর্থের জোগান বৃদ্ধি করবে","এ ক ই ভা বে ,   ন গ দ   প্র বা হে র   ঘা ট তি   হ লে   স র কা রি   সু র ক্ষা   কি নে   অ র্থ নী তি তে   আ র বি আ ই   অ র্থে র   জো গা ন   বৃ দ্ধি   ক র বে",48,14
"প্রাক্তন এক বিজেপি রাজনীতিবিদ এবং সক্রিয় কর্মী, রতন টির্কে বলেন যে উপজাতীয় সম্প্রদায়গুলিকে মঞ্জুর করা স্ব-শাসন অধিকারগুলির বাস্তবায়ন নিশ্চিত করতে যথেষ্ট সচেষ্ট হননি মুর্মু","প্রা ক্ত ন   এ ক   বি জে পি   রা জ নী তি বি দ   এ বং   স ক্রি য়   ক র্মী ,   র ত ন   টি র্কে   ব লে ন   যে   উ প জা তী য়   স ম্প্র দা য় গু লি কে   ম ঞ্জু র   ক রা   স্ব - শা স ন   অ ধি কা র গু লি র   বা স্ত বা য় ন   নি শ্চি ত   ক র তে   য থে ষ্ট   স চে ষ্ট   হ ন নি   মু র্মু",82,24
২০২১-এ বাংলাদেশ শ্রীলঙ্কাকে ২০ কোটি মার্কিন ডলার এবং সুদানকে ৭ কোটি ৭০ লক্ষ মার্কিন ডলারের ঋণ আর্থিক সহায়তা হিসেবে প্রদান করেছে,২ ০ ২ ১ - এ   বাং লা দে শ   শ্রী ল ঙ্কা কে   ২ ০   কো টি   মা র্কি ন   ড লা র   এ বং   সু দা ন কে   ৭   কো টি   ৭ ০   ল ক্ষ   মা র্কি ন   ড লা রে র   ঋ ণ   আ র্থি ক   স হা য ় তা   হি সে বে   প্র দা ন   ক রে ছে,63,21
যুদ্ধ অথবা প্রাকৃতিক দুর্যোগে অধিক ক্ষয়ক্ষতির পরিস্থিতিতে চিকিৎসা সহায়তা প্রদান করতে কিছু নৌসেনা সমুদ্রগামী হাসপাতালরূপী জাহাজ পরিচালনা করে,যু দ্ধ   অ থ বা   প্রা কৃ তি ক   দু র্যো গে   অ ধি ক   ক্ষ য় ক্ষ তি র   প রি স্থি তি তে   চি কি ৎ সা   স হা য় তা   প্র দা ন   ক র তে   কি ছু   নৌ সে না   স মু দ্র গা মী   হা স পা তা ল রূ পী   জা হা জ   প রি চা ল না   ক রে,66,18
"চুক্তিটি অনুসারে, ক্রমবর্ধমান উচ্চতর প্রতিশ্রুতির লক্ষ্যে সদস্য রাজ্যগুলি পরিষেবায় বাণিজ্য উদারীকরণের জন্য ধারাবাহিক আলাপ-আলোচনার পর্বে প্রবেশ করবে","চু ক্তি টি   অ নু সা রে ,   ক্র ম ব র্ধ মা ন   উ চ্চ ত র   প্র তি শ্রু তি র   ল ক্ষ্যে   স দ স্য   রা জ্য গু লি   প রি ষে বা য়   বা ণি জ্য   উ দা রী ক র ণে র   জ ন্য   ধা রা বা হি ক   আ লা প - আ লো চ না র   প র্বে   প্র বে শ   ক র বে",71,17
"""এক সর্বজনীন পরিচয় গঠন এবং মানুষের কল্যাণ, জীবনযাত্রা এবং সমৃদ্ধিতে উন্নত, সমন্বয়পূর্ণ এবং সম্প্রীতিমূলক এক যত্নশীল ও বণ্টনমূলক সমাজ নির্মাণের মাধ্যমে আসিয়ানের দেশগুলি ও জনগণের মধ্যে স্থায়ী সংহতি ও ঐক্য গড়ে তোলার লক্ষ্য সহ জনগণ-কেন্দ্রিক এবং সামাজিকভাবে দায়বদ্ধ এক আসিয়ান সমাজ""-এর দর্শন যোগায় এটি",""" এ ক   স র্ব জ নী ন   প রি চ য়   গ ঠ ন   এ বং   মা নু ষে র   ক ল্যা ণ ,   জী ব ন যা ত্রা   এ বং   স মৃ দ্ধি তে   উ ন্ন ত ,   স ম ন্ব য় পূ র্ণ   এ বং   স ম্প্রী তি মূ ল ক   এ ক   য ত্ন শী ল   ও   ব ণ্ট ন মূ ল ক   স মা জ   নি র্মা ণে র   মা ধ্য মে   আ সি য় া নে র   দে শ গু লি   ও   জ ন গ ণে র   ম ধ্যে   স্থা য় ী   সং হ তি   ও   ঐ ক্য   গ ড় ে   তো লা র   ল ক্ষ্য   স হ   জ ন গ ণ - কে ন্দ্রি ক   এ বং   সা মা জি ক ভা বে   দা য় ব দ্ধ   এ ক   আ সি য় া ন   স মা জ "" - এ র   দ র্শ ন   যো গা য়   এ টি",156,44
বায়োটেকনোলজি রেগুলেটরি অথরিটি অফ ইণ্ডিয়া (বি,বা য ় ো টে ক নো ল জি   রে গু লে ট রি   অ থ রি টি   অ ফ   ই ণ্ডি য় া   ( বি,26,6
আর,আ র,2,1
এ,এ,1,1
"আই) ভারতের জৈবপ্রযুক্তি দ্বারা উৎপন্ন দ্রব্য যেমন, জিনগতভাবে পরিবর্তিত জীব (জি","আ ই )   ভা র তে র   জৈ ব প্র যু ক্তি   দ্বা রা   উ ৎ প ন্ন   দ্র ব্য   যে ম ন ,   জি ন গ ত ভা বে   প রি ব র্তি ত   জী ব   ( জি",39,11
এম,এ ম,2,1
ও) ব্যবহার করার একটি প্রস্তাবিত নিয়ন্ত্রক সংস্থা,ও )   ব্য ব হা র   ক রা র   এ ক টি   প্র স্তা বি ত   নি য ় ন্ত্র ক   সং স্থা,23,7
"১৯৬৭-র রাজ্য বিধানসভা নির্বাচনে সবকটি সমাজতান্ত্রিক দল বাদ পড়ে যায়, এবং সিপিআই বিরোধী দলের মর্যাদা হারায়","১ ৯ ৬ ৭ - র   রা জ্য   বি ধা ন স ভা   নি র্বা চ নে   স ব ক টি   স মা জ তা ন্ত্রি ক   দ ল   বা দ   প ড় ে   যা য় ,   এ বং   সি পি আ ই   বি রো ধী   দ লে র   ম র্যা দা   হা রা য়",55,16
"ক্ষমতার কেন্দ্রীকরণ ঘটানো, প্রকৃতিগতভাবে যুক্তরাষ্ট্রীয়-বিরোধী এবং স্থানীয়-পর্যায়ে উন্নয়নের উপর প্রভাব বিস্তারকারী ও সমাজের অণু-স্তরে দুর্দশার মোকাবিলা করায় সাংসদের প্রভাব সহ এই প্রক্রিয়াটি সমস্যাযুক্ত হিসাবে চিহ্নিত হয়েছে","ক্ষ ম তা র   কে ন্দ্রী ক র ণ   ঘ টা নো ,   প্র কৃ তি গ ত ভা বে   যু ক্ত রা ষ্ট্রী য় - বি রো ধী   এ বং   স্থা নী য় - প র্যা য় ে   উ ন্ন য় নে র   উ প র   প্র ভা ব   বি স্তা র কা রী   ও   স মা জে র   অ ণু - স্ত রে   দু র্দ শা র   মো কা বি লা   ক রা য়   সাং স দে র   প্র ভা ব   স হ   এ ই   প্র ক্রি য় া টি   স ম স্যা যু ক্ত   হি সা বে   চি হ্নি ত   হ য় ে ছে",107,26
"বিজেডি প্রার্থী হিসাবে ২০০০ সালে, জেডি প্রার্থী হিসাবে ১৯৯০-এ এবং জেএনপি প্রার্থী হিসাবে ১৯৭৭-এ এই আসনে জয়ী হন তাঁর পিতা অদ্বৈত প্রসাদ সিং","বি জে ডি   প্রা র্থী   হি সা বে   ২ ০ ০ ০   সা লে ,   জে ডি   প্রা র্থী   হি সা বে   ১ ৯ ৯ ০ - এ   এ বং   জে এ ন পি   প্রা র্থী   হি সা বে   ১ ৯ ৭ ৭ - এ   এ ই   আ স নে   জ য় ী   হ ন   তাঁ র   পি তা   অ দ্বৈ ত   প্র সা দ   সিং",66,23
২০১৯-এর ওড়িশা বিধানসভা নির্বাচনে নির্বাচিত এবং পরবর্তীকালে বিধানসভার উপাধ্যক্ষ হিসাবে বিনা প্রতিদ্বন্দ্বিতায় নির্বাচিত অনুগুল (ওড়িশা বিধানসভা নির্বাচনী এলাকা)-এর বর্তমান বিধায়ক হলেন বিজেডি'র রজনীকান্ত সিং,২ ০ ১ ৯ - এ র   ও ড় ি শা   বি ধা ন স ভা   নি র্বা চ নে   নি র্বা চি ত   এ বং   প র ব র্তী কা লে   বি ধা ন স ভা র   উ পা ধ্য ক্ষ   হি সা বে   বি না   প্র তি দ্ব ন্দ্বি তা য়   নি র্বা চি ত   অ নু গু ল   ( ও ড় ি শা   বি ধা ন স ভা   নি র্বা চ নী   এ লা কা ) - এ র   ব র্ত মা ন   বি ধা য় ক   হ লে ন   বি জে ডি ' র   র জ নী কা ন্ত   সিং,104,24
"আয়কর বিভাগ দ্বারা আবেদনপত্র প্রক্রিয়াকরণ, সংগ্রহ, এবং পরিচয়, বয়স ও ঠিকানার প্রমাণের মতো ব্যক্তিগত নথি পরিচালন ও প্রতিপাদন, আবেদনকারীর সংশোধন, কার্ড এবং চিঠি ছাপা এবং সেটিকে ডাকযোগে প্রেরণের কাজের জন্য এন","আ য় ক র   বি ভা গ   দ্বা রা   আ বে দ ন প ত্র   প্র ক্রি য় া ক র ণ ,   সং গ্র হ ,   এ বং   প রি চ য় ,   ব য় স   ও   ঠি কা না র   প্র মা ণে র   ম তো   ব্য ক্তি গ ত   ন থি   প রি চা ল ন   ও   প্র তি পা দ ন ,   আ বে দ ন কা রী র   সং শো ধ ন ,   কা র্ড   এ বং   চি ঠি   ছা পা   এ বং   সে টি কে   ডা ক যো গে   প্রে র ণে র   কা জে র   জ ন্য   এ ন",106,31
এস,এ স,2,1
ডি,ডি,1,1
এল ই-গভর্ন্যান্স ইন্ফ্রাস্ট্রাক্‌চার লিমিটেড (পূর্বতন ন্যাশনাল সিকিউরিটিজ ডিপোজিটারি লিমিটেড) এবং ইউটিআই ইন্ফ্রাস্ট্রাক্‌চার টেকনোলজি সার্ভিসেস লিমিটেড (ইউ,এ ল   ই - গ ভ র্ন্যা ন্স   ই ন্ফ্রা স্ট্রা ক্ চা র   লি মি টে ড   ( পূ র্ব ত ন   ন্যা শ না ল   সি কি উ রি টি জ   ডি পো জি টা রি   লি মি টে ড )   এ বং   ই উ টি আ ই   ই ন্ফ্রা স্ট্রা ক্ চা র   টে ক নো ল জি   সা র্ভি সে স   লি মি টে ড   ( ই উ,72,16
টি,টি,1,1
আই,আ ই,2,1
আই,আ ই,2,1
টি,টি,1,1
এস,এ স,2,1
এল)-এর মতো স্বনামধন্য সংস্থাগুলির উপর পরিচালন পরিষেবা প্রদানকারীর দায়িত্ব দেওয়া হয়েছে,এ ল ) - এ র   ম তো   স্ব না ম ধ ন্য   সং স্থা গু লি র   উ প র   প রি চা ল ন   প রি ষে বা   প্র দা ন কা রী র   দা য় ি ত্ব   দে ও য় া   হ য় ে ছে,48,11
"ভবনটির মাঝখানে বৃত্তাকার মধ্যবর্তী চেম্বার এবং এই চেম্বারটিকে ঘিরে রয়েছে তিনটি অর্ধবৃত্তাকার হলঘর, যা চেম্বার অফ প্রিন্সেস (বর্তমানে লাইব্রেরি হল হিসেবে ব্যবহার হয়), রাজ্য পরিষদ (বর্তমানে রাজ্যসভার ক্ষেত্রে ব্যবহার হয়), এবং কেন্দ্রীয় বিধানসভার (বর্তমানে লোকসভার ক্ষেত্রে ব্যবহার হয়) অধিবেশনের জন্য নির্মাণ করা হয়েছিল","ভ ব ন টি র   মা ঝ খা নে   বৃ ত্তা কা র   ম ধ্য ব র্তী   চে ম্বা র   এ বং   এ ই   চে ম্বা র টি কে   ঘি রে   র য় ে ছে   তি ন টি   অ র্ধ বৃ ত্তা কা র   হ ল ঘ র ,   যা   চে ম্বা র   অ ফ   প্রি ন্সে স   ( ব র্ত মা নে   লা ই ব্রে রি   হ ল   হি সে বে   ব্য ব হা র   হ য় ) ,   রা জ্য   প রি ষ দ   ( ব র্ত মা নে   রা জ্য স ভা র   ক্ষে ত্রে   ব্য ব হা র   হ য় ) ,   এ বং   কে ন্দ্রী য়   বি ধা ন স ভা র   ( ব র্ত মা নে   লো ক স ভা র   ক্ষে ত্রে   ব্য ব হা র   হ য় )   অ ধি বে শ নে র   জ ন্য   নি র্মা ণ   ক রা   হ য় ে ছি ল",154,43
"বাঘা যতীন, ক্ষুদিরাম বসু, ভগৎ সিং, চন্দ্রশেখর আজাদ, সূর্য সেন, এবং সুভাষ চন্দ্র বোসের মতো বিপ্লবীরা ইংরেজ শাসনের বিরুদ্ধে তাঁদের অভিযানে সহিংসতার প্রয়োগে গান্ধীজীর থেকে আলাদা ছিলেন","বা ঘা   য তী ন ,   ক্ষু দি রা ম   ব সু ,   ভ গ ৎ   সিং ,   চ ন্দ্র শে খ র   আ জা দ ,   সূ র্য   সে ন ,   এ বং   সু ভা ষ   চ ন্দ্র   বো সে র   ম তো   বি প্ল বী রা   ই ং রে জ   শা স নে র   বি রু দ্ধে   তাঁ দে র   অ ভি যা নে   স হিং স তা র   প্র য় ো গে   গা ন্ধী জী র   থে কে   আ লা দা   ছি লে ন",87,27
সাতটি আসন সহ এককক্ষবিশিষ্ট একটি কোকোস (কীলিং) দ্বীপ শায়ার পরিষদের অস্তিত্বও সেখানে রয়েছে,সা ত টি   আ স ন   স হ   এ ক ক ক্ষ বি শি ষ্ট   এ ক টি   কো কো স   ( কী লিং )   দ্বী প   শা য় া র   প রি ষ দে র   অ স্তি ত্ব ও   সে খা নে   র য় ে ছে,47,13
"৫ই মে-র মধ্যে, ভারত ৫,৭৬৯,৪৪২টি পণ্য সহায়তা হিসাবে পায়","৫ ই   মে - র   ম ধ্যে ,   ভা র ত   ৫ , ৭ ৬ ৯ , ৪ ৪ ২ টি   প ণ্য   স হা য় তা   হি সা বে   পা য়",32,9
"দেবস চুক্তিটি ইতিমধ্যেই স্বাক্ষরিত হয়ে যাওয়ার পরে, ২০০৫-এর নভেম্বরে মন্ত্রিসভায় ভুল তথ্য পরিবেশিত হয় যে, একাধিক পরিষেবা প্রদানকারী উপগ্রহজনিত ক্ষমতা ব্যবহারে উৎসাহী","দে ব স   চু ক্তি টি   ই তি ম ধ্যে ই   স্বা ক্ষ রি ত   হ য় ে   যা ও য় া র   প রে ,   ২ ০ ০ ৫ - এ র   ন ভে ম্ব রে   ম ন্ত্রি স ভা য়   ভু ল   ত থ্য   প রি বে শি ত   হ য়   যে ,   এ কা ধি ক   প রি ষে বা   প্র দা ন কা রী   উ প গ্র হ জ নি ত   ক্ষ ম তা   ব্য ব হা রে   উ ৎ সা হী",86,22
"২০১৭-এ রুশ রাষ্ট্রপতি ভ্লাদিমির পুতিন ""স্তালিনবাদের আতঙ্ক""কে স্বীকার করলেও ""রাশিয়ার শত্রুদের"" হাতে ""স্তালিনের অত্যধিক দানবীকরণ""-এর সমালোচনাও করেন","২ ০ ১ ৭ - এ   রু শ   রা ষ্ট্র প তি   ভ্লা দি মি র   পু তি ন   "" স্তা লি ন বা দে র   আ ত ঙ্ক "" কে   স্বী কা র   ক র লে ও   "" রা শি য় া র   শ ত্রু দে র ""   হা তে   "" স্তা লি নে র   অ ত্য ধি ক   দা ন বী ক র ণ "" - এ র   স মা লো চ না ও   ক রে ন",79,17
এই সঙ্ঘমৈত্রী ব্রিটেনের বাণিজ্যিক জাহাজনির্মাতাদের কাছ থেকে অনেকগুলি যুদ্ধজাহাজ (সি,এ ই   স ঙ্ঘ মৈ ত্রী   ব্রি টে নে র   বা ণি জ্যি ক   জা হা জ নি র্মা তা দে র   কা ছ   থে কে   অ নে ক গু লি   যু দ্ধ জা হা জ   ( সি,38,10
এস,এ স,2,1
"এস আলাবামা, সি","এ স   আ লা বা মা ,   সি",8,3
এস,এ স,2,1
"এস শেনানডোয়া, সি","এ স   শে না ন ডো য় া ,   সি",10,3
এস,এ স,2,1
"এস টেনেসি, সি","এ স   টে নে সি ,   সি",7,3
এস,এ স,2,1
"এস টালহাসি, সি","এ স   টা ল হা সি ,   সি",8,3
এস,এ স,2,1
"এস ফ্লোরিডা, এবং অন্যান্য) কেনে","এ স   ফ্লো রি ডা ,   এ বং   অ ন্যা ন্য )   কে নে",14,5
"নতুন পন্থা অনুযায়ী, সম্প্রদায়গুলি থেকে পরামর্শ নেওয়া হচ্ছে এবং তাদেরকে প্রশিক্ষিত করা হচ্ছে, এবং পরিচালনা ও রক্ষণাবেক্ষণের খরচ চালানোর জন্য যথেষ্ট উচ্চ স্তরে ধার্য একটি শুল্ক দিতে রাজি হয়েছেন ব্যবহারকারীরা","ন তু ন   প ন্থা   অ নু যা য় ী ,   স ম্প্র দা য় গু লি   থে কে   প রা ম র্শ   নে ও য় া   হ চ্ছে   এ বং   তা দে র কে   প্র শি ক্ষি ত   ক রা   হ চ্ছে ,   এ বং   প রি চা ল না   ও   র ক্ষ ণা বে ক্ষ ণে র   খ র চ   চা লা নো র   জ ন্য   য থে ষ্ট   উ চ্চ   স্ত রে   ধা র্য   এ ক টি   শু ল্ক   দি তে   রা জি   হ য় ে ছে ন   ব্য ব হা র কা রী রা",98,30
"১৯৮১ থেকে ১৯৯৪ সাল পর্যন্ত ভেরে বার্ড প্রধানমন্ত্রী এবং ১৯৬০ থেকে ১৯৮১ সাল পর্যন্ত অ্যান্টিগার মুখ্যমন্ত্রী ছিলেন, শুধু ১৯৭১ থেকে ১৯৭৬ সালের সময়টা ছাড়া, যখন প্রগতিশীল শ্রমিক আন্দোলন (পি","১ ৯ ৮ ১   থে কে   ১ ৯ ৯ ৪   সা ল   প র্য ন্ত   ভে রে   বা র্ড   প্র ধা ন ম ন্ত্রী   এ বং   ১ ৯ ৬ ০   থে কে   ১ ৯ ৮ ১   সা ল   প র্য ন্ত   অ ্ যা ন্টি গা র   মু খ্য ম ন্ত্রী   ছি লে ন ,   শু ধু   ১ ৯ ৭ ১   থে কে   ১ ৯ ৭ ৬   সা লে র   স ম য় টা   ছা ড় া ,   য খ ন   প্র গ তি শী ল   শ্র মি ক   আ ন্দো ল ন   ( পি",95,29
এল,এ ল,2,1
এম) তাঁর দলকে হারিয়ে দেয়,এ ম )   তাঁ র   দ ল কে   হা রি য় ে   দে য়,14,5
"কিন্তু নতুন সরকার তার বৈধতা প্রতিষ্ঠায় ব্যর্থ হয় এবং তার অধিকাংশ আর্থিক সহায়তা হ্রাস পাওয়ায়, স্থানীয় ও মধ্য শ্রেণীর নেতারা এবং তাদের বাহিনী শুধুমাত্র নিজেদের মধ্যে লড়াই-ই করেননি, ক্ষমতা ও লাভ আদায়ের জন্য দীর্ঘকালীন বিক্ষিপ্ত সংঘর্ষে একগুচ্ছ মানার অযোগ্য পদ্ধতিও অবলম্বন করে","কি ন্তু   ন তু ন   স র কা র   তা র   বৈ ধ তা   প্র তি ষ্ঠা য়   ব্য র্থ   হ য়   এ বং   তা র   অ ধি কাং শ   আ র্থি ক   স হা য় তা   হ্রা স   পা ও য় া য় ,   স্থা নী য়   ও   ম ধ্য   শ্রে ণী র   নে তা রা   এ বং   তা দে র   বা হি নী   শু ধু মা ত্র   নি জে দে র   ম ধ্যে   ল ড় া ই - ই   ক রে ন নি ,   ক্ষ ম তা   ও   লা ভ   আ দা য় ে র   জ ন্য   দী র্ঘ কা লী ন   বি ক্ষি প্ত   সং ঘ র্ষে   এ ক গু চ্ছ   মা না র   অ যো গ্য   প দ্ধ তি ও   অ ব ল ম্ব ন   ক রে",131,42
"ভারতের রাজ্য প্রশাসনিক সেবার সমস্ত আধিকারিকরা হলেন ভারতের বিভিন্ন মহকুমায় নিযুক্ত সহকারী সংগ্রাহক বা মহকুমা ম্যাজিস্ট্রেট, বিভিন্ন পৌরসভা, নথিভুক্ত এলাকা কাউন্সিল, পৌরসভা কাউন্সিল, জেলা পরিষদ, ব্লক পরিষদ এবং গ্রাম পঞ্চায়েতে নিযুক্ত ওয়ার্ড আধিকারিক এবং বিবিধ রাজ্য সচিবালয়ে নিযুক্ত সচিব","ভা র তে র   রা জ্য   প্র শা স নি ক   সে বা র   স ম স্ত   আ ধি কা রি ক রা   হ লে ন   ভা র তে র   বি ভি ন্ন   ম হ কু মা য়   নি যু ক্ত   স হ কা রী   সং গ্রা হ ক   বা   ম হ কু মা   ম্যা জি স্ট্রে ট ,   বি ভি ন্ন   পৌ র স ভা ,   ন থি ভু ক্ত   এ লা কা   কা উ ন্সি ল ,   পৌ র স ভা   কা উ ন্সি ল ,   জে লা   প রি ষ দ ,   ব্ল ক   প রি ষ দ   এ বং   গ্রা ম   প ঞ্চা য় ে তে   নি যু ক্ত   ও য় া র্ড   আ ধি কা রি ক   এ বং   বি বি ধ   রা জ্য   স চি বা ল য় ে   নি যু ক্ত   স চি ব",141,39
২০১৮ সালের পুনঃসমীক্ষা দেখিয়েছে যে ভূমধ্য খাদ্য সামগ্রিক স্বাস্থ্য অবস্থার উন্নতি করতে পারে যেমন অসংক্রামক ব্যাধির ঝুঁকি কম করা,২ ০ ১ ৮   সা লে র   পু নঃ স মী ক্ষা   দে খি য় ে ছে   যে   ভূ ম ধ্য   খা দ্য   সা ম গ্রি ক   স্বা স্থ্য   অ ব স্থা র   উ ন্ন তি   ক র তে   পা রে   যে ম ন   অ সং ক্রা ম ক   ব্যা ধি র   ঝুঁ কি   ক ম   ক রা,58,19
সাধারণত ব্যথা শুরু হওয়ার বারো ঘণ্টা পরে কার্ডিয়াক ট্রপোনিনের জন্য একটি রক্ত পরীক্ষা করা হয়,সা ধা র ণ ত   ব্য থা   শু রু   হ ও য় া র   বা রো   ঘ ণ্টা   প রে   কা র্ডি য ় া ক   ট্র পো নি নে র   জ ন্য   এ ক টি   র ক্ত   প রী ক্ষা   ক রা   হ য়,45,15
এটা এমন কোনো প্রক্রিয়ার ক্ষেত্রে হতে পারে যা একটি জীব থেকে উদ্ভূত হয় (যা হলো এন্ডোজেনিক) এবং পরিবেশে সাড়া দেয় (পরিবেশ দ্বারা প্রবেশ করানো),এ টা   এ ম ন   কো নো   প্র ক্রি য় া র   ক্ষে ত্রে   হ তে   পা রে   যা   এ ক টি   জী ব   থে কে   উ দ্ভূ ত   হ য়   ( যা   হ লো   এ ন্ডো জে নি ক )   এ বং   প রি বে শে   সা ড় া   দে য়   ( প রি বে শ   দ্বা রা   প্র বে শ   ক রা নো ),66,24
ডেভিড ই,ডে ভি ড   ই,4,2
"নিকোলসের মতে, ""ওষুধ তৈরি শিল্পের সাথে যুক্ত বহু সহকর্মীর সঙ্গে বছরের পর বছর যাবৎ আলোচনা আমাকে অবহিত করেছে যে, যদি সম্ভাব্য নতুন ওষুধের স্ক্রিনিং করার সময় সেরোটোনিন ৫-এইচ","নি কো ল সে র   ম তে ,   "" ও ষু ধ   তৈ রি   শি ল্পে র   সা থে   যু ক্ত   ব হু   স হ ক র্মী র   স ঙ্গে   ব ছ রে র   প র   ব ছ র   যা ব ৎ   আ লো চ না   আ মা কে   অ ব হি ত   ক রে ছে   যে ,   য দি   স ম্ভা ব্য   ন তু ন   ও ষু ধে র   স্ ক্রি নিং   ক রা র   স ম য়   সে রো টো নি ন   ৫ - এ ই চ",89,28
টি,টি,1,1
২,২,1,1
"এ অ্যাগোনিস্টজনিত কার্যকলাপ পাওয়া যায়, তবে এটি প্রায় সব ক্ষেত্রেই সেই অণুর আরও বৃদ্ধির সমাপ্তির সংকেত দেয়""","এ   অ ্ যা গো নি স্ট জ নি ত   কা র্য ক লা প   পা ও য ় া   যা য ় ,   ত বে   এ টি   প্রা য ়   স ব   ক্ষে ত্রে ই   সে ই   অ ণু র   আ র ও   বৃ দ্ধি র   স মা প্তি র   সং কে ত   দে য ় """,58,17
"দুধ, ডিম, চিনে বাদাম, বৃক্ষজাত বাদাম এবং মাছের অ্যালার্জি নিশ্চিত করতে নির্দিষ্ট আইজিই-র জন্য রক্ত পরীক্ষা উপযোগী হতে পারে","দু ধ ,   ডি ম ,   চি নে   বা দা ম ,   বৃ ক্ষ জা ত   বা দা ম   এ বং   মা ছে র   অ ্ যা লা র্জি   নি শ্চি ত   ক র তে   নি র্দি ষ্ট   আ ই জি ই - র   জ ন্য   র ক্ত   প রী ক্ষা   উ প যো গী   হ তে   পা রে",59,19
"২০০৩-এর বাত্তেল পরিবেশ মূল্যায়ন ব্যবস্থা (বিইইএস)-র দ্বারা কৃত ব্যাঙ্গালোরের ভৌত, জৈবিক এবং আর্থ-সামাজিক মানদণ্ডগুলির একটি মূল্যায়ন নির্দেশ করে যে, ব্যাঙ্গালোরের জলের গুণমান এবং স্থলজ ও জলজ বাস্তুতন্ত্রগুলি আদর্শের কাছাকাছি হলেও শহরের আর্থসামাজিক মাপদণ্ডগুলি (যান চলাচল, জীবনের গুণমান), বায়ুর গুণমান এবং শব্দ দূষণ ক্ষতিকর পর্যায়ে ছিল","২ ০ ০ ৩ - এ র   বা ত্তে ল   প রি বে শ   মূ ল্যা য় ন   ব্য ব স্থা   ( বি ই ই এ স ) - র   দ্বা রা   কৃ ত   ব্যা ঙ্গা লো রে র   ভৌ ত ,   জৈ বি ক   এ বং   আ র্থ - সা মা জি ক   মা ন দ ণ্ড গু লি র   এ ক টি   মূ ল্যা য় ন   নি র্দে শ   ক রে   যে ,   ব্যা ঙ্গা লো রে র   জ লে র   গু ণ মা ন   এ বং   স্থ ল জ   ও   জ ল জ   বা স্তু ত ন্ত্র গু লি   আ দ র্শে র   কা ছা কা ছি   হ লে ও   শ হ রে র   আ র্থ সা মা জি ক   মা প দ ণ্ড গু লি   ( যা ন   চ লা চ ল ,   জী ব নে র   গু ণ মা ন ) ,   বা য় ু র   গু ণ মা ন   এ বং   শ ব্দ   দূ ষ ণ   ক্ষ তি ক র   প র্যা য় ে   ছি ল",172,45
"যেহেতু পুডেন্ডাল স্নায়ু বহন করে মোটর ও ইন্দ্রিয় সংক্রান্ত ফাইবার যা পেলভিক পেশীর স্নায়ুসংস্থান করে, এই পুডেন্ডাল নার্ভ ব্লক প্রসব যন্ত্রণা থেকে রেহাই দেয়","যে হে তু   পু ডে ন্ডা ল   স্না য় ু   ব হ ন   ক রে   মো ট র   ও   ই ন্দ্রি য়   সং ক্রা ন্ত   ফা ই বা র   যা   পে ল ভি ক   পে শী র   স্না য় ু সং স্থা ন   ক রে ,   এ ই   পু ডে ন্ডা ল   না র্ভ   ব্ল ক   প্র স ব   য ন্ত্র ণা   থে কে   রে হা ই   দে য়",69,24
"এটি উপত্বকে শোষিত হয়, যেখানে এটি গরম ও ঠাণ্ডার প্রতি সংবেদনশীল স্নায়ু প্রান্তগুলিকে উদ্দীপিত করে সবলে প্রযুক্ত হলে উষ্ণ অনুভূতি এবং মৃদুভাবে প্রযুক্ত হলে ঠাণ্ডা অনুভূতি উৎপাদিত করে যেটি তার প্রদাহ প্রতিরোধ বৈশিষ্ট্য সূচক","এ টি   উ প ত্ব কে   শো ষি ত   হ য় ,   যে খা নে   এ টি   গ র ম   ও   ঠা ণ্ডা র   প্র তি   সং বে দ ন শী ল   স্না য় ু   প্রা ন্ত গু লি কে   উ দ্দী পি ত   ক রে   স ব লে   প্র যু ক্ত   হ লে   উ ষ্ণ   অ নু ভূ তি   এ বং   মৃ দু ভা বে   প্র যু ক্ত   হ লে   ঠা ণ্ডা   অ নু ভূ তি   উ ৎ পা দি ত   ক রে   যে টি   তা র   প্র দা হ   প্র তি রো ধ   বৈ শি ষ্ট্য   সূ চ ক",101,34
১৮২৯-এ কলেরা ইউরাল পর্বতের দক্ষিণ প্রান্তে পৌঁছে যায়,১ ৮ ২ ৯ - এ   ক লে রা   ই উ রা ল   প র্ব তে র   দ ক্ষি ণ   প্রা ন্তে   পৌঁ ছে   যা য়,26,8
"হিমোস্ট্যাট হিসেবে কোলাজেন: কোলাজেন যখন প্লেটলেট-এর সঙ্গে যোগাযোগ স্থাপন করে, তখন তা রক্তের দ্রুত জমাট বাঁধিয়ে দেয়","হি মো স্ট্যা ট   হি সে বে   কো লা জে ন :   কো লা জে ন   য খ ন   প্লে ট লে ট - এ র   স ঙ্গে   যো গা যো গ   স্থা প ন   ক রে ,   ত খ ন   তা   র ক্তে র   দ্রু ত   জ মা ট   বাঁ ধি য় ে   দে য়",56,17
"বর্তমানে ব্যবহৃত সবক'টি অ্যানথ্রাক্স টিকাই প্রায় ১% গ্রহীতার মধ্যে যথেষ্ট স্থানীয় এবং সাধারণ প্রতিক্রিয়াশীলতা (এরিথিমা, চর্ম কাঠিন্য, ব্যথা এবং জ্বর), এবং গুরুতর ক্ষতিকর প্রতিক্রিয়া প্রদর্শন করে","ব র্ত মা নে   ব্য ব হৃ ত   স ব ক ' টি   অ ্ যা ন থ্রা ক্স   টি কা ই   প্রা য়   ১ %   গ্র হী তা র   ম ধ্যে   য থে ষ্ট   স্থা নী য়   এ বং   সা ধা র ণ   প্র তি ক্রি য় া শী ল তা   ( এ রি থি মা ,   চ র্ম   কা ঠি ন্য ,   ব্য থা   এ বং   জ্ব র ) ,   এ বং   গু রু ত র   ক্ষ তি ক র   প্র তি ক্রি য় া   প্র দ র্শ ন   ক রে",93,26
"রোগনির্ণয়, প্রবলতা এবং ব্যক্তিবিশেষের পাশাপাশি চাকরির উপর নির্ভর করে, কাজ অথবা কাজের জায়গার সঙ্গে মানিয়ে নেওয়ার অসুবিধা, যার সম্ভাব্য পরিণতি হিসাবে আন্তঃব্যক্তিক সম্পর্কে হস্তক্ষেপ সহ অন্যদের সঙ্গে সমস্যার সঙ্গে ব্যক্তিত্বগত ব্যাধিগুলিকে যুক্ত করা যেতে পারে","রো গ নি র্ণ য় ,   প্র ব ল তা   এ বং   ব্য ক্তি বি শে ষে র   পা শা পা শি   চা ক রি র   উ প র   নি র্ভ র   ক রে ,   কা জ   অ থ বা   কা জে র   জা য় গা র   স ঙ্গে   মা নি য় ে   নে ও য় া র   অ সু বি ধা ,   যা র   স ম্ভা ব্য   প রি ণ তি   হি সা বে   আ ন্তঃ ব্য ক্তি ক   স ম্প র্কে   হ স্ত ক্ষে প   স হ   অ ন্য দে র   স ঙ্গে   স ম স্যা র   স ঙ্গে   ব্য ক্তি ত্ব গ ত   ব্যা ধি গু লি কে   যু ক্ত   ক রা   যে তে   পা রে",119,35
বদ্ধ জায়গার অপর্যাপ্ত বায়ুচলাচলের ফলে নি:সৃত হওয়া শ্বাসপ্রশ্বাসের কণা ভরে উঠতে পারে,ব দ্ধ   জা য় গা র   অ প র্যা প্ত   বা য ় ু চ লা চ লে র   ফ লে   নি : সৃ ত   হ ও য় া   শ্বা স প্র শ্বা সে র   ক ণা   ভ রে   উ ঠ তে   পা রে,44,12
ট্যামিফ্লুর সাধারণ সংস্করণ (ওসেল্টামিভির) ভারতের বাজারে সোয়াইন ফ্লুর প্রকোপের বেশ কিছু মাস পর থেকে চালু করা হয়,ট্যা মি ফ্লু র   সা ধা র ণ   সং স্ক র ণ   ( ও সে ল্টা মি ভি র )   ভা র তে র   বা জা রে   সো য ় া ই ন   ফ্লু র   প্র কো পে র   বে শ   কি ছু   মা স   প র   থে কে   চা লু   ক রা   হ য়,55,17
অন্ত্রের মধ্যে ৮০-৮৫% উপকারী ব্যাক্টেরিয়া এবং ১৫-২০% সম্ভাব্য ক্ষতিকর ব্যাক্টেরিয়ার একটি অনুপাত সাধারণত স্বাভাবিক হিসাবে বিবেচিত হয় এবং শারীরিক সুস্থিতি বজায় রাখে,অ ন্ত্রে র   ম ধ্যে   ৮ ০ - ৮ ৫ %   উ প কা রী   ব্যা ক্টে রি য় া   এ বং   ১ ৫ - ২ ০ %   স ম্ভা ব্য   ক্ষ তি ক র   ব্যা ক্টে রি য় া র   এ ক টি   অ নু পা ত   সা ধা র ণ ত   স্বা ভা বি ক   হি সা বে   বি বে চি ত   হ য়   এ বং   শা রী রি ক   সু স্থি তি   ব জা য়   রা খে,80,22
"১৮২৯-এর ১৩ই জুলাই যখন ব্রিটিশরা অবশেষে জায়গাটা দখল করে, তখন এটি প্রায় জনমানবহীন ছিল; জায়গাটাকে জনবহুল করতে জমি চাষের জন্য ১,২৬০ টাকার প্রণোদনা দিয়ে চাষিদের অন্তর্ভুক্ত করার সেই সময়ের প্রচেষ্টাও জলে যায়","১ ৮ ২ ৯ - এ র   ১ ৩ ই   জু লা ই   য খ ন   ব্রি টি শ রা   অ ব শে ষে   জা য় গা টা   দ খ ল   ক রে ,   ত খ ন   এ টি   প্রা য়   জ ন মা ন ব হী ন   ছি ল ;   জা য় গা টা কে   জ ন ব হু ল   ক র তে   জ মি   চা ষে র   জ ন্য   ১ , ২ ৬ ০   টা কা র   প্র ণো দ না   দি য় ে   চা ষি দে র   অ ন্ত র্ভু ক্ত   ক রা র   সে ই   স ম য় ে র   প্র চে ষ্টা ও   জ লে   যা য়",112,32
মানসিক স্বাস্থ্যের বিশেষজ্ঞ যেমন মনোরোগ বিশেষজ্ঞরা তাদের যোগ্যতা অর্জন করতে কোন এক মেডিকেল কাউন্সিল অফ ইন্ডিয়ার কেন্দ্র থেকে এম,মা ন সি ক   স্বা স্থ্যে র   বি শে ষ জ্ঞ   যে ম ন   ম নো রো গ   বি শে ষ জ্ঞ রা   তা দে র   যো গ্য তা   অ র্জ ন   ক র তে   কো ন   এ ক   মে ডি কে ল   কা উ ন্সি ল   অ ফ   ই ন্ডি য ় া র   কে ন্দ্র   থে কে   এ ম,61,19
বি,বি,1,1
বি,বি,1,1
এস-র পর মনোরোগবিদ্যায় এম,এ স - র   প র   ম নো রো গ বি দ্যা য়   এ ম,15,4
"ডি, সাইকিয়াট্রিক মেডিসিনে ডিপ্লোমা (ডি","ডি ,   সা ই কি য ় া ট্রি ক   মে ডি সি নে   ডি প্লো মা   ( ডি",19,5
পি,পি,1,1
এম) বা মনোরোগবিদ্যায় ডিপ্লোম্যাট অফ ন্যাশনাল বোর্ড (ডি,এ ম )   বা   ম নো রো গ বি দ্যা য়   ডি প্লো ম্যা ট   অ ফ   ন্যা শ না ল   বো র্ড   ( ডি,25,8
এন,এ ন,2,1
বি) সম্পূর্ণ করে,বি )   স ম্পূ র্ণ   ক রে,7,3
"কানাডায়, ২১ অক্টোবর থেকে ৭ নভেম্বরের মধ্যে ৬৬ লক্ষ টিকা বণ্টন হয়ে যাওয়ার পরে, টিকাকরণ হয়ে যাওয়া ৫৯৮ জনের মধ্যে বমিভাব, মাথাঘোরা, মাথাব্যথা, জ্বর, বমি এবং ফোলাভাব সহ মৃদু প্রতিক্রিয়ার ঘটনা সামনে আসে","কা না ডা য় ,   ২ ১   অ ক্টো ব র   থে কে   ৭   ন ভে ম্ব রে র   ম ধ্যে   ৬ ৬   ল ক্ষ   টি কা   ব ণ্ট ন   হ য় ে   যা ও য় া র   প রে ,   টি কা ক র ণ   হ য় ে   যা ও য় া   ৫ ৯ ৮   জ নে র   ম ধ্যে   ব মি ভা ব ,   মা থা ঘো রা ,   মা থা ব্য থা ,   জ্ব র ,   ব মি   এ বং   ফো লা ভা ব   স হ   মৃ দু   প্র তি ক্রি য় া র   ঘ ট না   সা ম নে   আ সে",105,33
"প্যাথোজেনের ক্ষয়প্রাপ্তি নিশ্চিত হলেও, প্যাথোজেনিক রূপে ফিরে গিয়ে রোগের জন্ম দেওয়া তাদের পক্ষে অত্যন্ত বিরল","প্যা থো জে নে র   ক্ষ য় প্রা প্তি   নি শ্চি ত   হ লে ও ,   প্যা থো জে নি ক   রূ পে   ফি রে   গি য় ে   রো গে র   জ ন্ম   দে ও য় া   তা দে র   প ক্ষে   অ ত্য ন্ত   বি র ল",48,15
"লাইভ এটেনুয়েটেড টীকাগুলি নিরাপদ এবং একটি শক্তিশালী ও সক্রিয় প্রতিরোধ ক্ষমতা উদ্দীপিত করে, যা দীর্ঘস্থায়ী","লা ই ভ   এ টে নু য় ে টে ড   টী কা গু লি   নি রা প দ   এ বং   এ ক টি   শ ক্তি শা লী   ও   স ক্রি য ়   প্র তি রো ধ   ক্ষ ম তা   উ দ্দী পি ত   ক রে ,   যা   দী র্ঘ স্থা য ় ী",53,15
"একটি হল অপুষ্টি, যা মধ্যে রয়েছে বাড়ের বৃদ্ধি হ্রাস (বয়স আন্দাজে কম উচ্চতা), ক্ষয় (উচ্চতা আন্দাজে কম ওজোন), ওজনের স্বল্পতা (বয়স আন্দাজে কম ওজন) এবং মাইক্রোনিউট্রিয়েন্টের ঘাটতি বা অপ্রতুলতা (জরুরী ভিটামিন ও মিনারেলের অভাব)","এ ক টি   হ ল   অ পু ষ্টি ,   যা   ম ধ্যে   র য় ে ছে   বা ড় ে র   বৃ দ্ধি   হ্রা স   ( ব য় স   আ ন্দা জে   ক ম   উ চ্চ তা ) ,   ক্ষ য়   ( উ চ্চ তা   আ ন্দা জে   ক ম   ও জো ন ) ,   ও জ নে র   স্ব ল্প তা   ( ব য় স   আ ন্দা জে   ক ম   ও জ ন )   এ বং   মা ই ক্রো নি উ ট্রি য ় ে ন্টে র   ঘা ট তি   বা   অ প্র তু ল তা   ( জ রু রী   ভি টা মি ন   ও   মি না রে লে র   অ ভা ব )",114,34
"যাইহোক, যারা দুই বা তিন বছর ধরে ধ্যান করেছে, তাদের ইতিমধ্যেই কম রক্তচাপ পাওয়া গেছে","যা ই হো ক ,   যা রা   দু ই   বা   তি ন   ব ছ র   ধ রে   ধ্যা ন   ক রে ছে ,   তা দে র   ই তি ম ধ্যে ই   ক ম   র ক্ত চা প   পা ও য় া   গে ছে",43,15
এন,এ ন,2,1
সি,সি,1,1
"ডি অন্তর্ভুক্ত করে অনেক পরিবেশগত রোগের যা মানব স্বাস্থ্যের পরিহার্য ও অপরিহার্য অবস্থার বিস্তৃত বিভাগকে কভার করে, যা সূর্যের আলো, পুষ্টি, দূষণ এবং জীবনধারার বিকল্পের মতন বাহ্যিক কারণগুলো দ্বারা সৃষ্ট","ডি   অ ন্ত র্ভু ক্ত   ক রে   অ নে ক   প রি বে শ গ ত   রো গে র   যা   মা ন ব   স্বা স্থ্যে র   প রি হা র্য   ও   অ প রি হা র্য   অ ব স্থা র   বি স্তৃ ত   বি ভা গ কে   ক ভা র   ক রে ,   যা   সূ র্যে র   আ লো ,   পু ষ্টি ,   দূ ষ ণ   এ বং   জী ব ন ধা রা র   বি ক ল্পে র   ম ত ন   বা হ্যি ক   কা র ণ গু লো   দ্বা রা   সৃ ষ্ট",93,30
"সালফাইটের ফলে ইমিউনোলজিক এবং অ-ইমিউনোলজিক প্রক্রিয়া, এই উভয়ের দ্বারাই বিক্রিয়া হতে পারে","সা ল ফা ই টে র   ফ লে   ই মি উ নো ল জি ক   এ বং   অ - ই মি উ নো ল জি ক   প্র ক্রি য ় া ,   এ ই   উ ভ য় ে র   দ্বা রা ই   বি ক্রি য ় া   হ তে   পা রে",51,12
২০২০-র ২রা এপ্রিল দাগেনস ইকো বিবরণী পেশ করেছেন যে কম করে ৯০টি পৌরসভার অবসর গৃহগুলিতে কোভিড-১৯ উল্লেখযোগ্যভাবে ছড়িয়েছে,২ ০ ২ ০ - র   ২ রা   এ প্রি ল   দা গে ন স   ই কো   বি ব র ণী   পে শ   ক রে ছে ন   যে   ক ম   ক রে   ৯ ০ টি   পৌ র স ভা র   অ ব স র   গৃ হ গু লি তে   কো ভি ড - ১ ৯   উ ল্লে খ যো গ্য ভা বে   ছ ড় ি য় ে ছে,68,18
কোনও ভাইরাস বংশাণুসমগ্র একবার কোনও বাহক কোষে কার্যকর হয়ে গেলে সেটি দূষিত প্রোটিনের সংশ্লেষণ পরিচালনাকারী বার্তাবহ আর,কো ন ও   ভা ই রা স   বং শা ণু স ম গ্র   এ ক বা র   কো ন ও   বা হ ক   কো ষে   কা র্য ক র   হ য় ে   গে লে   সে টি   দূ ষি ত   প্রো টি নে র   সং শ্লে ষ ণ   প রি চা ল না কা রী   বা র্তা ব হ   আ র,60,17
এন,এ ন,2,1
এ (এম,এ   ( এ ম,4,2
আর,আ র,2,1
এন,এ ন,2,1
এ) অণু উৎপন্ন করে,এ )   অ ণু   উ ৎ প ন্ন   ক রে,10,4
"এই কারণগুলির জন্য, সতীচছদ পরীক্ষা করে সতীত্ব নিশ্চিতভাবে নির্ধারণ করা যায় না","এ ই   কা র ণ গু লি র   জ ন্য ,   স তী চ ছ দ   প রী ক্ষা   ক রে   স তী ত্ব   নি শ্চি ত ভা বে   নি র্ধা র ণ   ক রা   যা য়   না",38,12
"তাঁদের যুক্তিতে, ব্যক্তিত্ব ব্যাধির তত্ত্ব এবং রোগ নির্ণয়টি কঠোরভাবে সামাজিক, এমনকি সামাজিক-রাজনৈতিক ও অর্থনৈতিক বিবেচনা ভিত্তিক","তাঁ দে র   যু ক্তি তে ,   ব্য ক্তি ত্ব   ব্যা ধি র   ত ত্ত্ব   এ বং   রো গ   নি র্ণ য় টি   ক ঠো র ভা বে   সা মা জি ক ,   এ ম ন কি   সা মা জি ক - রা জ নৈ তি ক   ও   অ র্থ নৈ তি ক   বি বে চ না   ভি ত্তি ক",60,16
কিছু কিছু গবেষণা শারীরিক অতৃপ্তির বৃদ্ধি এবং এস,কি ছু   কি ছু   গ বে ষ ণা   শা রী রি ক   অ তৃ প্তি র   বৃ দ্ধি   এ বং   এ স,22,8
ই,ই,1,1
এস-এর বৃদ্ধির মধ্যে একটি সম্পর্ক প্রদর্শন করেছে,এ স - এ র   বৃ দ্ধি র   ম ধ্যে   এ ক টি   স ম্প র্ক   প্র দ র্শ ন   ক রে ছে,23,7
এই টীকাগুলোয় হয় নিষ্ক্রিয় করা (মেরে ফেলা) ইনফ্লুয়েঞ্জা ভাইরাস রয়েছে অথবা দুর্বল করা জীবন্ত ভাইরাস যা ইনফ্লুয়েঞ্জা ঘটাতে পারবে না,এ ই   টী কা গু লো য়   হ য়   নি ষ্ ক্রি য ়   ক রা   ( মে রে   ফে লা )   ই ন ফ্লু য় ে ঞ্জা   ভা ই রা স   র য় ে ছে   অ থ বা   দু র্ব ল   ক রা   জী ব ন্ত   ভা ই রা স   যা   ই ন ফ্লু য় ে ঞ্জা   ঘ টা তে   পা র বে   না,65,20
"এপ্রিল ২০২০-র শুরুর দিকে, অধিকর্তা করোনা ভাইরাসের জন্য যক্ষ্মার সম্ভাব্য একটি টিকাকে আফ্রিকায় পরীক্ষা করার বিষয়ে দু'জন ফরাসী বিজ্ঞানী অধ্যাপক জাঁ পল মিরা এবং ক্যামিল লখ্ট-এর মন্তব্যের বিরোধিতা করে ডা","এ প্রি ল   ২ ০ ২ ০ - র   শু রু র   দি কে ,   অ ধি ক র্তা   ক রো না   ভা ই রা সে র   জ ন্য   য ক্ষ্মা র   স ম্ভা ব্য   এ ক টি   টি কা কে   আ ফ্রি কা য়   প রী ক্ষা   ক রা র   বি ষ য় ে   দু ' জ ন   ফ রা সী   বি জ্ঞা নী   অ ধ্যা প ক   জাঁ   প ল   মি রা   এ বং   ক্যা মি ল   ল খ্ট - এ র   ম ন্ত ব্যে র   বি রো ধি তা   ক রে   ডা",95,30
"জন কেঙ্গাসং তাকে ""ন্যক্কারজনক এবং জাতিবিদ্বেষমূলক"" বলে অভিহিত করেন","জ ন   কে ঙ্গা সং   তা কে   "" ন্য ক্কা র জ ন ক   এ বং   জা তি বি দ্বে ষ মূ ল ক ""   ব লে   অ ভি হি ত   ক রে ন",34,9
"সেটির কার্যনির্বাহী এবং বিজ্ঞান ও কর্মসূচি কার্যালয় ছাড়াও, ""নীতি, স্বাস্থ্য কূটনীতি এবং যোগাযোগ ব্যবস্থা"", ""পরিচালন ও প্রশাসন"", ""নজরদারি এবং রোগের খবর"", ""গবেষণাগার ব্যবস্থা এবং নেটওয়ার্ক"", ""আপৎকালীন প্রস্তুতি ও প্রতিক্রিয়া"" এবং ""সাধারণ স্বাস্থ্য প্রতিষ্ঠানসমূহ ও গবেষণা""-র সঙ্গে সংযুক্ত সংস্থার বিভিন্ন বিভাগ রয়েছে","সে টি র   কা র্য নি র্বা হী   এ বং   বি জ্ঞা ন   ও   ক র্ম সূ চি   কা র্যা ল য়   ছা ড় া ও ,   "" নী তি ,   স্বা স্থ্য   কূ ট নী তি   এ বং   যো গা যো গ   ব্য ব স্থা "" ,   "" প রি চা ল ন   ও   প্র শা স ন "" ,   "" ন জ র দা রি   এ বং   রো গে র   খ ব র "" ,   "" গ বে ষ ণা গা র   ব্য ব স্থা   এ বং   নে ট ও য় া র্ক "" ,   "" আ প ৎ কা লী ন   প্র স্তু তি   ও   প্র তি ক্রি য় া ""   এ বং   "" সা ধা র ণ   স্বা স্থ্য   প্র তি ষ্ঠা ন স মূ হ   ও   গ বে ষ ণা "" - র   স ঙ্গে   সং যু ক্ত   সং স্থা র   বি ভি ন্ন   বি ভা গ   র য় ে ছে",156,41
আফ্রিকা সি,আ ফ্রি কা   সি,4,2
ডি,ডি,1,1
সি ইথিওপিয়ার আদ্দীস অবেবাতে আফ্রিকা সি,সি   ই থি ও পি য ় া র   আ দ্দী স   অ বে বা তে   আ ফ্রি কা   সি,20,6
ডি,ডি,1,1
"সি-র সমন্বয় কেন্দ্রে অবস্থিত, যেটিতে এজেন্সির জরুরি ক্রিয়া কেন্দ্রও রয়েছে","সি - র   স ম ন্ব য ়   কে ন্দ্রে   অ ব স্থি ত ,   যে টি তে   এ জে ন্সি র   জ রু রি   ক্রি য় া   কে ন্দ্র ও   র য় ে ছে",35,10
অসংক্রামক রোগের সঙ্গে মোকাবিলা করার জন্য এন,অ সং ক্রা ম ক   রো গে র   স ঙ্গে   মো কা বি লা   ক রা র   জ ন্য   এ ন,21,7
সি,সি,1,1
ডি জোট মোটামুটিভাবে ৯০০টা জাতীয় সদস্য সমিতিকে একসঙ্গে আনছে,ডি   জো ট   মে া টা মু টি ভা বে   ৯ ০ ০ টা   জা তী য ়   স দ স্য   স মি তি কে   এ ক স ঙ্গে   আ ন ছে,32,9
জি,জি,1,1
"আই নালীতে মানুষ ও অন্যান্য জন্তুর পাচনতন্ত্রের সমস্থ প্রধান অঙ্গ প্রত্যঙ্গ আছে, যার মধ্যে রয়েছে খাদ্যনালী, পাকস্থলী এবং অন্ত্র","আ ই   না লী তে   মা নু ষ   ও   অ ন্যা ন্য   জ ন্তু র   পা চ ন ত ন্ত্রে র   স ম স্থ   প্র ধা ন   অ ঙ্গ   প্র ত্য ঙ্গ   আ ছে ,   যা র   ম ধ্যে   র য় ে ছে   খা দ্য না লী ,   পা ক স্থ লী   এ বং   অ ন্ত্র",56,19
গ্যাস্ট্রোইনটেস্টাইনাল নালী (জি,গ্যা স্ট্রো ই ন টে স্টা ই না ল   না লী   ( জি,13,3
"আই নালী, পাচক নালী, খাদ্যনালী) হলো পাচনতন্ত্রের নালী বা রাস্তা, যা মুখ থেকে মলদ্বার পর্যন্ত যায়","আ ই   না লী ,   পা চ ক   না লী ,   খা দ্য না লী )   হ লো   পা চ ন ত ন্ত্রে র   না লী   বা   রা স্তা ,   যা   মু খ   থে কে   ম ল দ্বা র   প র্য ন্ত   যা য়",44,16
"উদাহরণস্বরূপ, পাকস্থলীর নিম্ন পি","উ দা হ র ণ স্ব রূ প ,   পা ক স্থ লী র   নি ম্ন   পি",17,4
"এইচ রেখা (১ থেকে ৪-র মধ্যে) বহু অণুজীব যেগুলি পেটের মধ্যে ঢোকে, তাদের জন্য মারাত্মক হতে পারে","এ ই চ   রে খা   ( ১   থে কে   ৪ - র   ম ধ্যে )   ব হু   অ ণু জী ব   যে গু লি   পে টে র   ম ধ্যে   ঢো কে ,   তা দে র   জ ন্য   মা রা ত্ম ক   হ তে   পা রে",45,17
ব্যক্তিত্বের ব্যাধির জন্য প্রমাণ-ভিত্তিক সাইকোথেরাপির মধ্যে রয়েছে জ্ঞান-ভিত্তিক আচরণগত থেরাপি এবং বিশেষ করে সীমান্তবর্তী ব্যক্তিত্ব ব্যাধির জন্য রয়েছে দ্বান্দ্বিক আচরণ থেরাপি,ব্য ক্তি ত্বে র   ব্যা ধি র   জ ন্য   প্র মা ণ - ভি ত্তি ক   সা ই কো থে রা পি র   ম ধ্যে   র য় ে ছে   জ্ঞা ন - ভি ত্তি ক   আ চ র ণ গ ত   থে রা পি   এ বং   বি শে ষ   ক রে   সী মা ন্ত ব র্তী   ব্য ক্তি ত্ব   ব্যা ধি র   জ ন্য   র য় ে ছে   দ্বা ন্দ্বি ক   আ চ র ণ   থে রা পি,78,21
"হাসপাতাল ও প্রাথমিক স্বাস্থ্যসেবা পরিষেবাগুলির জন্য পরীক্ষণের দিকে গবেষণাগারগুলির মনোযোগ, নির্বাচনী প্রক্রিয়া বাতিল করা, রোগীদের পৃথকীকরণ এবং বিচ্ছিন্ন করে রাখা, এবং কর্মীদের প্রশিক্ষণ দিয়ে নিবিড় পর্যবেক্ষণ ক্ষমতা এবং ভেন্টিলেটর ও শয্যা বৃদ্ধি সহ বহুবিধ স্তরে সম্পদ স্থানান্তরিত করার নির্দেশিকা জারি করে ইসিডিসি এবং হু-এর স্থানীয় ইউরোপীয় কার্যালয়","হা স পা তা ল   ও   প্রা থ মি ক   স্বা স্থ্য সে বা   প রি ষে বা গু লি র   জ ন্য   প রী ক্ষ ণে র   দি কে   গ বে ষ ণা গা র গু লি র   ম নো যো গ ,   নি র্বা চ নী   প্র ক্রি য় া   বা তি ল   ক রা ,   রো গী দে র   পৃ থ কী ক র ণ   এ বং   বি চ্ছি ন্ন   ক রে   রা খা ,   এ বং   ক র্মী দে র   প্র শি ক্ষ ণ   দি য় ে   নি বি ড়   প র্য বে ক্ষ ণ   ক্ষ ম তা   এ বং   ভে ন্টি লে ট র   ও   শ য্যা   বৃ দ্ধি   স হ   ব হু বি ধ   স্ত রে   স ম্প দ   স্থা না ন্ত রি ত   ক রা র   নি র্দে শি কা   জা রি   ক রে   ই সি ডি সি   এ বং   হু - এ র   স্থা নী য়   ই উ রো পী য়   কা র্যা ল য়",163,47
"শারীরিক স্বাস্থ্যে পরিণতিগুলির মধ্যে রয়েছে আঘাত (কাটা থেকে ভাঙা পর্যন্ত এবং অভ্যন্তরীণ অঙ্গের আঘাত), অযাচিত গর্ভাবস্থা, স্ত্রীরোগ সংক্রান্ত সমস্যা, এইচআইভি সহ এসটিডিসমূহ, গর্ভপাত, শ্রোণীচক্রের প্রদাহজনক ব্যাধি, শ্রোণীচক্রের দীর্ঘস্থায়ী যন্ত্রণা, মাথাব্যথা, চিরস্থায়ী অক্ষমতা, হাঁপানি, উপদাহী অন্ত্র সংলক্ষণ, স্ব-ক্ষতিকর ব্যবহারিকতা (ধূমপান, অসুরক্ষিত যৌনতা); মানসিক স্বাস্থ্যের উপর প্রভাবগুলির মধ্যে বিষণ্ণতা, ভয়, উদ্বেগ, হীনমন্যতা, যৌন অক্ষমতা, আহার ব্যাধি, আবেশিক অনুকর্ষী ব্যাধি অথবা আঘাত-পরবর্তী চাপজনিত ব্যাধি অন্তর্ভুক্ত থাকতে পারে","শা রী রি ক   স্বা স্থ্যে   প রি ণ তি গু লি র   ম ধ্যে   র য় ে ছে   আ ঘা ত   ( কা টা   থে কে   ভা ঙা   প র্য ন্ত   এ বং   অ ভ্য ন্ত রী ণ   অ ঙ্গে র   আ ঘা ত ) ,   অ যা চি ত   গ র্ভা ব স্থা ,   স্ত্রী রো গ   সং ক্রা ন্ত   স ম স্যা ,   এ ই চ আ ই ভি   স হ   এ স টি ডি স মূ হ ,   গ র্ভ পা ত ,   শ্রো ণী চ ক্রে র   প্র দা হ জ ন ক   ব্যা ধি ,   শ্রো ণী চ ক্রে র   দী র্ঘ স্থা য় ী   য ন্ত্র ণা ,   মা থা ব্য থা ,   চি র স্থা য় ী   অ ক্ষ ম তা ,   হাঁ পা নি ,   উ প দা হী   অ ন্ত্র   সং ল ক্ষ ণ ,   স্ব - ক্ষ তি ক র   ব্য ব হা রি ক তা   ( ধূ ম পা ন ,   অ সু র ক্ষি ত   যৌ ন তা ) ;   মা ন সি ক   স্বা স্থ্যে র   উ প র   প্র ভা ব গু লি র   ম ধ্যে   বি ষ ণ্ণ তা ,   ভ য় ,   উ দ্বে গ ,   হী ন ম ন্য তা ,   যৌ ন   অ ক্ষ ম তা ,   আ হা র   ব্যা ধি ,   আ বে শি ক   অ নু ক র্ষী   ব্যা ধি   অ থ বা   আ ঘা ত - প র ব র্তী   চা প জ নি ত   ব্যা ধি   অ ন্ত র্ভু ক্ত   থা ক তে   পা রে",259,64
"পরবর্তী বছরগুলিতে, লুপ বহুমূত্রতা (ল্যাসিক্স/ফিউরোসেমাইড, হখ্শ্ট ফার্মাসিউটিক্যালস, ১৯৬৩), বিটা-ব্লকার (আইসিআই ফার্মাসিউটিক্যালস, ১৯৬৪), এসিই ইন্‌হিবিটর্‌স এবং অ্যাঞ্জিওটেন্‌সিন রিসেপ্টর ব্লকার সহ উচ্চ রক্তচাপ প্রতিরোধক ওষুধের অন্যান্য শ্রেণীগুলি বিকশিত হয় এবং সম্মিলিত চিকিৎসায় ব্যাপক স্বীকৃতি লাভ করে","প র ব র্তী   ব ছ র গু লি তে ,   লু প   ব হু মূ ত্র তা   ( ল্যা সি ক্স / ফি উ রো সে মা ই ড ,   হ খ্শ্ট   ফা র্মা সি উ টি ক্যা ল স ,   ১ ৯ ৬ ৩ ) ,   বি টা - ব্ল কা র   ( আ ই সি আ ই   ফা র্মা সি উ টি ক্যা ল স ,   ১ ৯ ৬ ৪ ) ,   এ সি ই   ই ন্ হি বি ট র্ স   এ বং   অ ্ যা ঞ্জি ও টে ন্ সি ন   রি সে প্ট র   ব্ল কা র   স হ   উ চ্চ   র ক্ত চা প   প্র তি রো ধ ক   ও ষু ধে র   অ ন্যা ন্য   শ্রে ণী গু লি   বি ক শি ত   হ য়   এ বং   স ম্মি লি ত   চি কি ৎ সা য়   ব্যা প ক   স্বী কৃ তি   লা ভ   ক রে",154,34
"প্রধান খাদ্য শস্য, ধানের অধিকাংশ চাষ আন্দামান দ্বীপপুঞ্জে হয়, এবং নারকেল এবং সুপারি হল নিকোবর দ্বীপপুঞ্জের অর্থকরী ফসল","প্র ধা ন   খা দ্য   শ স্য ,   ধা নে র   অ ধি কাং শ   চা ষ   আ ন্দা মা ন   দ্বী প পু ঞ্জে   হ য় ,   এ বং   না র কে ল   এ বং   সু পা রি   হ ল   নি কো ব র   দ্বী প পু ঞ্জে র   অ র্থ ক রী   ফ স ল",57,18
১৯৯৬-এ ল্যাপটপে ৩ডি-গ্রাফিক্স গতিবৃদ্ধি প্রবর্তনের মাধ্যমে এ,১ ৯ ৯ ৬ - এ   ল্যা প ট পে   ৩ ডি - গ্রা ফি ক্স   গ তি বৃ দ্ধি   প্র ব র্ত নে র   মা ধ্য মে   এ,29,7
টি,টি,1,1
আই চলমান কম্পিউটিং বিভাগে প্রবেশ করে,আ ই   চ ল মা ন   ক ম্পি উ টিং   বি ভা গে   প্র বে শ   ক রে,18,6
"কয়লা খনির পূর্বে, ঝরিয়ায় উপজাতি অধ্যুষিত অরণ্য ছিল","ক য় লা   খ নি র   পূ র্বে ,   ঝ রি য় া য়   উ প জা তি   অ ধ্যু ষি ত   অ র ণ্য   ছি ল",27,8
"একটি আন্তর্জাতিক জাহাজী মাল কেন্দ্র প্রকল্প, নাগপুরের বহু-প্রকার আন্তর্জাতিক জাহাজী মাল কেন্দ্র ও বিমানবন্দর (মিহান), গড়ে তোলা হয়েছে","এ ক টি   আ ন্ত র্জা তি ক   জা হা জী   মা ল   কে ন্দ্র   প্র ক ল্প ,   না গ পু রে র   ব হু - প্র কা র   আ ন্ত র্জা তি ক   জা হা জী   মা ল   কে ন্দ্র   ও   বি মা ন ব ন্দ র   ( মি হা ন ) ,   গ ড় ে   তো লা   হ য় ে ছে",64,18
অশোক লেল্যাণ্ডের অভ্যন্তরীণ আর,অ শো ক   লে ল্যা ণ্ডে র   অ ভ্য ন্ত রী ণ   আ র,14,4
অ্যাণ্ড,অ ্ যা ণ্ড,4,1
"ডি ঘাঁটি, বিশ্ব প্রযুক্তি প্রধানদের সঙ্গে তার সহযোগিতা, এবং ভারতে অশোক লেল্যাণ্ডের অত্যাধুনিক কারখানাগুলিরও উদ্দেশ্যসাধন করে অশোক লেল্যাণ্ড রক্ষণ ব্যবস্থা লিমিটেড (এ","ডি   ঘাঁ টি ,   বি শ্ব   প্র যু ক্তি   প্র ধা ন দে র   স ঙ্গে   তা র   স হ যো গি তা ,   এ বং   ভা র তে   অ শো ক   লে ল্যা ণ্ডে র   অ ত্যা ধু নি ক   কা র খা না গু লি র ও   উ দ্দে শ্য সা ধ ন   ক রে   অ শো ক   লে ল্যা ণ্ড   র ক্ষ ণ   ব্য ব স্থা   লি মি টে ড   ( এ",75,22
এল,এ ল,2,1
ডি,ডি,1,1
এস),এ স ),3,1
৮এম পিক্সেল পিচের একটি জ্যাস্পার ডিসপ্লে সি,৮ এ ম   পি ক্সে ল   পি চে র   এ ক টি   জ্যা স্পা র   ডি স প্লে   সি,19,7
এম,এ ম,2,1
ও,ও,1,1
এস ব্যাকপ্লেন ০,এ স   ব্যা ক প্লে ন   ০,7,3
৭-ইঞ্চি (১৮মিমি) সক্রিয়-ম্যাট্রিক্স মাইক্রোএল,৭ - ই ঞ্চি   ( ১ ৮ মি মি )   স ক্রি য় - ম্যা ট্রি ক্স   মা ই ক্রো এ ল,22,4
ই,ই,1,1
ডি ডিসপ্লের সঙ্গে জোড়া একটি একশিলা একরঙা নীল গান-অন-সিলিকন ওয়েফারের প্রদর্শন করে প্লেসি সেমিকণ্ডাক্টর্‌স লিমিটেড,ডি   ডি স প্লে র   স ঙ্গে   জো ড় া   এ ক টি   এ ক শি লা   এ ক র ঙা   নী ল   গা ন - অ ন - সি লি ক ন   ও য় ে ফা রে র   প্র দ র্শ ন   ক রে   প্লে সি   সে মি ক ণ্ডা ক্ট র্ স   লি মি টে ড,58,15
শহরটির অপরিকল্পিত বৃদ্ধি যানচলাচলে বিরাট বিঘ্ন সৃষ্টি করে; শুধুমাত্র পরিমিতরূপে সফল একটি উড়ালপুল ব্যবস্থা এবং একমুখী ট্রাফিক ব্যবস্থা প্রবর্তিত হয়,শ হ র টি র   অ প রি ক ল্পি ত   বৃ দ্ধি   যা ন চ লা চ লে   বি রা ট   বি ঘ্ন   সৃ ষ্টি   ক রে ;   শু ধু মা ত্র   প রি মি ত রূ পে   স ফ ল   এ ক টি   উ ড় া ল পু ল   ব্য ব স্থা   এ বং   এ ক মু খী   ট্রা ফি ক   ব্য ব স্থা   প্র ব র্তি ত   হ য়,72,20
নিয়ারশোর এবং আইটি পরিষেবার ভিত্তিপ্রস্তর হলো ইংরেজি ভাষার দক্ষতা,নি য় া র শো র   এ বং   আ ই টি   প রি ষে বা র   ভি ত্তি প্র স্ত র   হ লো   ই ং রে জি   ভা ষা র   দ ক্ষ তা,33,9
সি,সি,1,1
এম,এ ম,2,1
ডি,ডি,1,1
এস হলো রাডার-পরিচালিত এবং আই,এ স   হ লো   রা ডা র - প রি চা লি ত   এ বং   আ ই,17,5
"আর সন্ধানী, বায়ু ও স্থল-নিক্ষিপ্ত ক্ষেপণাস্ত্রের বিরুদ্ধে নিষ্ক্রিয় ই","আ র   স ন্ধা নী ,   বা য় ু   ও   স্থ ল - নি ক্ষি প্ত   ক্ষে প ণা স্ত্রে র   বি রু দ্ধে   নি ষ্ ক্রি য়   ই",29,9
সি,সি,1,1
এম-এর মাধ্যমে আকাশযানটিকে আত্মসুরক্ষা প্রদানকারী একটি বায়ুবাহিত রক্ষণ ব্যবস্থা,এ ম - এ র   মা ধ্য মে   আ কা শ যা ন টি কে   আ ত্ম সু র ক্ষা   প্র দা ন কা রী   এ ক টি   বা য় ু বা হি ত   র ক্ষ ণ   ব্য ব স্থা,40,9
২০১৩-এ মোট তেল খরচের ২০%-এরও বেশি এবং মোট শুষ্ক প্রাকৃতিক গ্যাস খরচের ৪০%-এরও বেশি সহ মিশর ছিল আফ্রিকায় তেল ও প্রাকৃতিক গ্যাসের বৃহত্তম ভোক্তা,২ ০ ১ ৩ - এ   মো ট   তে ল   খ র চে র   ২ ০ % - এ র ও   বে শি   এ বং   মো ট   শু ষ্ক   প্রা কৃ তি ক   গ্যা স   খ র চে র   ৪ ০ % - এ র ও   বে শি   স হ   মি শ র   ছি ল   আ ফ্রি কা য়   তে ল   ও   প্রা কৃ তি ক   গ্যা সে র   বৃ হ ত্ত ম   ভো ক্তা,75,24
"একটি সংযুক্তি পদ্ধতির পরে, অবশিষ্ট ৫টি সহকারী ব্যাঙ্ক (অর্থাৎ, স্টেট ব্যাঙ্ক অফ বিকানের অ্যাণ্ড জয়পুর, স্টেট ব্যাঙ্ক অফ হায়দরাবাদ, স্টেট ব্যাঙ্ক অফ মাইসোর, স্টেট ব্যাঙ্ক অফ পাটিয়ালা এবং স্টেট ব্যাঙ্ক অফ ট্রাভাঙ্কোর) এবং ভারতীয় মহিলা ব্যাঙ্কের সঙ্গে এসবিআই-এর সংযুক্তিকরণ ১৫ই জুন, ২০১৬-এ কেন্দ্রীয় মন্ত্রিসভার নীতিগত অনুমোদন লাভ করে","এ ক টি   সং যু ক্তি   প দ্ধ তি র   প রে ,   অ ব শি ষ্ট   ৫ টি   স হ কা রী   ব্যা ঙ্ক   ( অ র্থা ৎ ,   স্টে ট   ব্যা ঙ্ক   অ ফ   বি কা নে র   অ ্ যা ণ্ড   জ য় পু র ,   স্টে ট   ব্যা ঙ্ক   অ ফ   হা য় দ রা বা দ ,   স্টে ট   ব্যা ঙ্ক   অ ফ   মা ই সো র ,   স্টে ট   ব্যা ঙ্ক   অ ফ   পা টি য় া লা   এ বং   স্টে ট   ব্যা ঙ্ক   অ ফ   ট্রা ভা ঙ্কো র )   এ বং   ভা র তী য়   ম হি লা   ব্যা ঙ্কে র   স ঙ্গে   এ স বি আ ই - এ র   সং যু ক্তি ক র ণ   ১ ৫ ই   জু ন ,   ২ ০ ১ ৬ - এ   কে ন্দ্রী য়   ম ন্ত্রি স ভা র   নী তি গ ত   অ নু মো দ ন   লা ভ   ক রে",158,48
"গেইল মিশরের দু'টি গ্যাস সংস্থা, মূলত ফায়ুম গ্যাস কোম্পানি (এফ","গে ই ল   মি শ রে র   দু ' টি   গ্যা স   সং স্থা ,   মূ ল ত   ফা য় ু ম   গ্যা স   কো ম্পা নি   ( এ ফ",30,10
জি,জি,1,1
সি) এবং ন্যাশনাল গ্যাস কোম্পানি (ন্যাটগ্যাস)-এর এক ইক্যুইটি অংশীদার,সি )   এ বং   ন্যা শ না ল   গ্যা স   কো ম্পা নি   ( ন্যা ট গ্যা স ) - এ র   এ ক   ই ক্যু ই টি   অ ং শী দা র,33,9
"১৮২৪-এ, হ্যামিল্টনের সঙ্গে এজওয়ার্থ্‌সটাউনে ঔপন্যাসিক মারিয়া এজওয়ার্থের আলাপ করিয়ে দেন মিথ কাউণ্টির ট্রিমের প্রধান পুরোহিত, রেভারেণ্ড রিচার্ড বাটলার, যাঁর সহকারী যাজক ছিলেন তাঁর কাকা, জেম্‌স হ্যামিল্টন","১ ৮ ২ ৪ - এ ,   হ্যা মি ল্ট নে র   স ঙ্গে   এ জ ও য় া র্থ্ স টা উ নে   ঔ প ন্যা সি ক   মা রি য় া   এ জ ও য় া র্থে র   আ লা প   ক রি য় ে   দে ন   মি থ   কা উ ণ্টি র   ট্রি মে র   প্র ধা ন   পু রো হি ত ,   রে ভা রে ণ্ড   রি চা র্ড   বা ট লা র ,   যাঁ র   স হ কা রী   যা জ ক   ছি লে ন   তাঁ র   কা কা ,   জে ম্ স   হ্যা মি ল্ট ন",102,26
"বেঙ্গল কেমিক্যালস অ্যাণ্ড ফার্মাসিউটিক্যাল্‌স-এর প্রতিষ্ঠা করেন কলকাতা বিশ্ববিদ্যালয়ের রসায়নের এক অধ্যাপক, পি","বে ঙ্গ ল   কে মি ক্যা ল স   অ ্ যা ণ্ড   ফা র্মা সি উ টি ক্যা ল্ স - এ র   প্র তি ষ্ঠা   ক রে ন   ক ল কা তা   বি শ্ব বি দ্যা ল য় ে র   র সা য় নে র   এ ক   অ ধ্যা প ক ,   পি",54,12
সি,সি,1,1
রায়,রা য়,2,1
ইণ্ডিয়ান এয়ারলাইন্স ঘরোয়া যাত্রাপথ এবং এয়ার ইণ্ডিয়া ইণ্টারন্যাশনাল আন্তর্জাতিক পরিষেবায় মনোনিবেশ করে,ই ণ্ডি য় া ন   এ য় া র লা ই ন্স   ঘ রো য় া   যা ত্রা প থ   এ বং   এ য় া র   ই ণ্ডি য় া   ই ণ্টা র ন্যা শ না ল   আ ন্ত র্জা তি ক   প রি ষে বা য়   ম নো নি বে শ   ক রে,54,12
"অন্যান্য ক্ষেত্রে, হেলিকপ্টার শুধুমাত্র আন্দাজ করতে এবং অস্ত্র হিসাবে রকেট-বাহিত টর্পেডোর ব্যবহার করা হয়েছে","অ ন্যা ন্য   ক্ষে ত্রে ,   হে লি ক প্টা র   শু ধু মা ত্র   আ ন্দা জ   ক র তে   এ বং   অ স্ত্র   হি সা বে   র কে ট - বা হি ত   ট র্পে ডো র   ব্য ব হা র   ক রা   হ য় ে ছে",49,14
"১৯৮০-র দশকে, স্পেনীয় সংস্থা এস্পেরান্‌জ়া ই সিয়া অস্ত্র-বিরোধী ২১টি সামরিক উপসম্ভার সম্বলিত একটি ১২০-মিমি কামান বোমা নির্মাণ করে","১ ৯ ৮ ০ - র   দ শ কে ,   স্পে নী য়   সং স্থা   এ স্পে রা ন্ জ ় া   ই   সি য় া   অ স্ত্র - বি রো ধী   ২ ১ টি   সা ম রি ক   উ প স ম্ভা র   স ম্ব লি ত   এ ক টি   ১ ২ ০ - মি মি   কা মা ন   বো মা   নি র্মা ণ   ক রে",67,18
"কিছু অনুমান অনুযায়ী, ভারতের কাছে ১০,৬০০ মেগাওয়াট ভূ-তাপীয় শক্তি উপলব্ধ রয়েছে","কি ছু   অ নু মা ন   অ নু যা য় ী ,   ভা র তে র   কা ছে   ১ ০ , ৬ ০ ০   মে গা ও য় া ট   ভূ - তা পী য়   শ ক্তি   উ প ল ব্ধ   র য় ে ছে",45,11
এন,এ ন,2,1
আর,আ র,2,1
"ও অ্যাকাউণ্টে অনুমোদনযোগ্য আমানতগুলি হলো ভারতের বাইরে থেকে অভ্যন্তরীণ অর্থ প্রেরণ, ভারতে বৈধ বকেয়া এবং অন্যান্য এন","ও   অ ্ যা কা উ ণ্টে   অ নু মো দ ন যো গ্য   আ মা ন ত গু লি   হ লো   ভা র তে র   বা ই রে   থে কে   অ ভ্য ন্ত রী ণ   অ র্থ   প্রে র ণ ,   ভা র তে   বৈ ধ   ব কে য় া   এ বং   অ ন্যা ন্য   এ ন",58,17
আর,আ র,2,1
ও অ্যাকাউণ্ট থেকে স্থানান্তরিত অর্থ,ও   অ ্ যা কা উ ণ্ট   থে কে   স্থা না ন্ত রি ত   অ র্থ,16,5
"রপ্তানির সুবিধার্থে, কেন্দ্রীয় সরকার এম","র প্তা নি র   সু বি ধা র্থে ,   কে ন্দ্রী য়   স র কা র   এ ম",18,5
আই,আ ই,2,1
ডি,ডি,1,1
সি আম্বাদে একটি কণ্টেইনার মালবাহী স্টেশন চালু করে,সি   আ ম্বা দে   এ ক টি   ক ণ্টে ই না র   মা ল বা হী   স্টে শ ন   চা লু   ক রে,23,8
"৮ই আগস্ট, ১৯৮৪-তে, ইউভিপি, ইনক","৮ ই   আ গ স্ট ,   ১ ৯ ৮ ৪ - তে ,   ই উ ভি পি ,   ই ন ক",21,5
"এবং পরবর্তীকালে ৩ডি সিস্টেম্‌স কর্পোরেশনের চাক হালকে বরাদ্দ করা পেটেন্ট ইউএস৪৫৭৫৩৩০-র বিরুদ্ধে বিকিরণের প্রবেশ, কণা বর্ষণ, রাসায়নিক প্রতিক্রিয়া করিয়ে অথবা শুধুমাত্র আলোর অতিবেগুনি লেজাররশ্মি ব্যবহার করে ফটোপলিমারের শুদ্ধিকরণ ঘটানোর জন্য একটি স্টিরিওলিথোগ্রাফি জালিয়াতি পদ্ধতির মামলা দায়ের করা হয়","এ বং   প র ব র্তী কা লে   ৩ ডি   সি স্টে ম্ স   ক র্পো রে শ নে র   চা ক   হা ল কে   ব রা দ্দ   ক রা   পে টে ন্ট   ই উ এ স ৪ ৫ ৭ ৫ ৩ ৩ ০ - র   বি রু দ্ধে   বি কি র ণে র   প্র বে শ ,   ক ণা   ব র্ষ ণ ,   রা সা য় নি ক   প্র তি ক্রি য় া   ক রি য় ে   অ থ বা   শু ধু মা ত্র   আ লো র   অ তি বে গু নি   লে জা র র শ্মি   ব্য ব হা র   ক রে   ফ টো প লি মা রে র   শু দ্ধি ক র ণ   ঘ টা নো র   জ ন্য   এ ক টি   স্টি রি ও লি থো গ্রা ফি   জা লি য় া তি   প দ্ধ তি র   মা ম লা   দা য় ে র   ক রা   হ য়",152,38
"অন্যান্য প্রধান শিল্পগুলির মধ্যে বৈজ্ঞানিক যন্ত্রপাতি, কৃষি পণ্য, বৈদ্যুতিক পণ্য, কল যন্ত্র, বয়ন, সেলাই যন্ত্র, ক্রীড়া পণ্য, মাড়, সার, বাইসাইকেল, পোশাক উৎপাদন, এবং পাইন তেল ও চিনি প্রক্রিয়াকরণ অন্তর্ভুক্ত","অ ন্যা ন্য   প্র ধা ন   শি ল্প গু লি র   ম ধ্যে   বৈ জ্ঞা নি ক   য ন্ত্র পা তি ,   কৃ ষি   প ণ্য ,   বৈ দ্যু তি ক   প ণ্য ,   ক ল   য ন্ত্র ,   ব য় ন ,   সে লা ই   য ন্ত্র ,   ক্রী ড় া   প ণ্য ,   মা ড় ,   সা র ,   বা ই সা ই কে ল ,   পো শা ক   উ ৎ পা দ ন ,   এ বং   পা ই ন   তে ল   ও   চি নি   প্র ক্রি য় া ক র ণ   অ ন্ত র্ভু ক্ত",98,29
কম্পিউটার নির্মাণকৌশলে শক্তি খরচের ব্যাপারে বলতে গেলে যে সাধারণ পরিমাপের কথা উল্লেখ করা হয় তা হল এম,ক ম্পি উ টা র   নি র্মা ণ কে ৗ শ লে   শ ক্তি   খ র চে র   ব্যা পা রে   ব ল তে   গে লে   যে   সা ধা র ণ   প রি মা পে র   ক থা   উ ল্লে খ   ক রা   হ য়   তা   হ ল   এ ম,50,17
আই,আ ই,2,1
পি,পি,1,1
এস/ডবলু (প্রতি ওয়াট প্রতি সেকেন্ডে মিলিয়ানস অফ ইনস্ট্রাকশনস),এ স / ড ব লু   ( প্র তি   ও য ় া ট   প্র তি   সে কে ন্ডে   মি লি য় া ন স   অ ফ   ই ন স্ট্রা ক শ ন স ),35,8
আর,আ র,2,1
সি,সি,1,1
"আই-কে আদিরূপ বিকশিত করতে সাহায্য করে হায়দ্রাবাদের এম্প্লয়িজ স্টেট ইন্স্যুরেন্স কর্পোরেশন মেডিক্যাল কলেজ, এবং চিকিৎসায় ব্যবহার্য পণ্যের পরীক্ষণ, মূল্যায়ন, এবং স্বীকৃতিতে সাহায্য করে পোস্টগ্র্যাজুয়েট ইন্স্টিটিউট অফ মেডিক্যাল এডুকেশন অ্যাণ্ড রিসার্চ","আ ই - কে   আ দি রূ প   বি ক শি ত   ক র তে   সা হা য্য   ক রে   হা য় দ্রা বা দে র   এ ম্প্ল য় ি জ   স্টে ট   ই ন্স্যু রে ন্স   ক র্পো রে শ ন   মে ডি ক্যা ল   ক লে জ ,   এ বং   চি কি ৎ সা য়   ব্য ব হা র্য   প ণ্যে র   প রী ক্ষ ণ ,   মূ ল্যা য় ন ,   এ বং   স্বী কৃ তি তে   সা হা য্য   ক রে   পো স্ট গ্র্যা জু য় ে ট   ই ন্স্টি টি উ ট   অ ফ   মে ডি ক্যা ল   এ ডু কে শ ন   অ ্ যা ণ্ড   রি সা র্চ",115,30
"কিছু ক্ষেত্রে, কল্পবিজ্ঞানে প্রথম প্রবর্তিত অস্ত্রগুলিকে বর্তমানে বাস্তবে রূপ দেওয়া হয়েছে","কি ছু   ক্ষে ত্রে ,   ক ল্প বি জ্ঞা নে   প্র থ ম   প্র ব র্তি ত   অ স্ত্র গু লি কে   ব র্ত মা নে   বা স্ত বে   রূ প   দে ও য় া   হ য় ে ছে",39,11
"তামিলনাড়ুর সালেমে ভারতের প্রধান স্টীল উৎপাদক, সেইল-এর একটি স্টীল কারখানা রয়েছে","তা মি ল না ড় ু র   সা লে মে   ভা র তে র   প্র ধা ন   স্টী ল   উ ৎ পা দ ক ,   সে ই ল - এ র   এ ক টি   স্টী ল   কা র খা না   র য় ে ছে",44,11
"পলিমার ট্যান্টালাম চিপ ""পস্‌ক্যাপ"" নিয়ে ১৯৯৭-এ অনুসারী হয় সানিয়ো","প লি মা র   ট্যা ন্টা লা ম   চি প   "" প স্ ক্যা প ""   নি য় ে   ১ ৯ ৯ ৭ - এ   অ নু সা রী   হ য়   সা নি য় ো",35,9
"বিমানের ককপিট হলো বিমানে ব্যবহৃত যন্ত্রপাতির একটি বিশেষ অবস্থান যার মধ্যে অন্তর্ভুক্ত থাকে নিয়ন্ত্রণ, পর্যবেক্ষণ, যোগাযোগ, বিমানপোতচালন, আবহওয়া এবং ধাক্কা না লাগার ব্যবস্থা","বি মা নে র   ক ক পি ট   হ লো   বি মা নে   ব্য ব হৃ ত   য ন্ত্র পা তি র   এ ক টি   বি শে ষ   অ ব স্থা ন   যা র   ম ধ্যে   অ ন্ত র্ভু ক্ত   থা কে   নি য় ন্ত্র ণ ,   প র্য বে ক্ষ ণ ,   যো গা যো গ ,   বি মা ন পে া ত চা ল ন ,   আ ব হ ও য় া   এ বং   ধা ক্কা   না   লা গা র   ব্য ব স্থা",85,23
চারটি মূল প্রস্তাব ছিল এবং বিভিন্ন ক্ষেত্রে উন্নয়নের অগ্রগতির সঙ্গে সঙ্গে চূড়ান্ত ব্যবহারগুলি পাকা করা হবে,চা র টি   মূ ল   প্র স্তা ব   ছি ল   এ বং   বি ভি ন্ন   ক্ষে ত্রে   উ ন্ন য় নে র   অ গ্র গ তি র   স ঙ্গে   স ঙ্গে   চূ ড় া ন্ত   ব্য ব হা র গু লি   পা কা   ক রা   হ বে,47,16
"ভারতীয় অর্থ বাজারকে বেসরকারি, সরকারি এবং বিদেশী মালিকানাধীন বাণিজ্যিক ব্যাঙ্ক ও সমবায় ব্যাঙ্ক, একত্রভাবে ""তফসিলভুক্ত ব্যাঙ্ক"" নামে পরিচিত সংগঠিত শাখা এবং ব্যক্তিগত বা পরিবারের মালিকানাধীন স্বদেশী ব্যাঙ্কার অথবা মহাজন এবং নন-ব্যাঙ্কিং অর্থ সংস্থা সম্বলিত অসংগঠিত শাখায় শ্রেণীবদ্ধ করা হয়","ভা র তী য়   অ র্থ   বা জা র কে   বে স র কা রি ,   স র কা রি   এ বং   বি দে শী   মা লি কা না ধী ন   বা ণি জ্যি ক   ব্যা ঙ্ক   ও   স ম বা য়   ব্যা ঙ্ক ,   এ ক ত্র ভা বে   "" ত ফ সি ল ভু ক্ত   ব্যা ঙ্ক ""   না মে   প রি চি ত   সং গ ঠি ত   শা খা   এ বং   ব্য ক্তি গ ত   বা   প রি বা রে র   মা লি কা না ধী ন   স্ব দে শী   ব্যা ঙ্কা র   অ থ বা   ম হা জ ন   এ বং   ন ন - ব্যা ঙ্কিং   অ র্থ   সং স্থা   স ম্ব লি ত   অ সং গ ঠি ত   শা খা য়   শ্রে ণী ব দ্ধ   ক রা   হ য়",134,39
"আগস্ট ২০০৬-এ উত্তরের গ্রিডটিও আন্তঃসংযুক্ত হয়, যার ফলে একসঙ্গে সংযুক্ত এবং এক কম্পাঙ্কে কাজ করা একটি কেন্দ্রীয় গ্রিড রূপায়িত হয়","আ গ স্ট   ২ ০ ০ ৬ - এ   উ ত্ত রে র   গ্রি ড টি ও   আ ন্তঃ সং যু ক্ত   হ য় ,   যা র   ফ লে   এ ক স ঙ্গে   সং যু ক্ত   এ বং   এ ক   ক ম্পা ঙ্কে   কা জ   ক রা   এ ক টি   কে ন্দ্রী য়   গ্রি ড   রূ পা য় ি ত   হ য়",62,20
"আঞ্চলিক বিদ্যুদ্বাহী তারজালির প্রথম আন্তঃসংযোগ স্থাপন করা হয় ১৯৯১-এর অক্টোবর মাসে, যখন উত্তর-পূর্ব ও পূর্বাঞ্চলীয় বিদ্যুদ্বাহী তারজালিগুলির আন্তঃসংযোগ করানো হয়","আ ঞ্চ লি ক   বি দ্যু দ্বা হী   তা র জা লি র   প্র থ ম   আ ন্তঃ সং যো গ   স্থা প ন   ক রা   হ য়   ১ ৯ ৯ ১ - এ র   অ ক্টো ব র   মা সে ,   য খ ন   উ ত্ত র - পূ র্ব   ও   পূ র্বা ঞ্চ লী য ়   বি দ্যু দ্বা হী   তা র জা লি গু লি র   আ ন্তঃ সং যো গ   ক রা নো   হ য়",79,20
ডিজেল প্রতিস্থাপন করার সাশ্রয়ী খুচরো মূল্য হবে ১৯ টাকা/কিলোওয়াটঘণ্টা (শক্তি দক্ষতা শ্যাফ্ট করতে ৭৫% নিবিষ্ট বিদ্যুতে ৮৬০ কিলোক্যালরি/কিলোওয়াটঘণ্টা বনাম শক্তি দক্ষতা ক্র্যাঙ্কশ্যাফ্ট করতে ৪০% ইন্ধন শক্তিতে ৮৫৭২ কিলোক্যালরি/লিটারের ডিজেলের মোট ক্যালরিযুক্ত মূল্য) এবং পেট্রল প্রতিস্থাপনের তুলনীয় সংখ্যাটি হবে ২৮ টাকা/কিলোওয়াটঘণ্টা (শক্তি দক্ষতা শ্যাফ্ট করতে ৭৫% নিবিষ্ট বিদ্যুতে ৮৬০ কিলোক্যালরি/কিলোওয়াটঘণ্টা বনাম শক্তি দক্ষতা ক্র্যাঙ্কশ্যাফ্ট করতে ৩৩% ইন্ধন শক্তিতে ৭৬৯৩ কিলোক্যালরি/লিটারের পেট্রলের মোট ক্যালরিযুক্ত মূল্য),ডি জে ল   প্র তি স্থা প ন   ক রা র   সা শ্র য় ী   খু চ রো   মূ ল্য   হ বে   ১ ৯   টা কা / কি লো ও য় া ট ঘ ণ্টা   ( শ ক্তি   দ ক্ষ তা   শ্যা ফ্ট   ক র তে   ৭ ৫ %   নি বি ষ্ট   বি দ্যু তে   ৮ ৬ ০   কি লো ক্যা ল রি / কি লো ও য় া ট ঘ ণ্টা   ব না ম   শ ক্তি   দ ক্ষ তা   ক্র্যা ঙ্ক শ্যা ফ্ট   ক র তে   ৪ ০ %   ই ন্ধ ন   শ ক্তি তে   ৮ ৫ ৭ ২   কি লো ক্যা ল রি / লি টা রে র   ডি জে লে র   মো ট   ক্যা ল রি যু ক্ত   মূ ল্য )   এ বং   পে ট্র ল   প্র তি স্থা প নে র   তু ল নী য়   সং খ্যা টি   হ বে   ২ ৮   টা কা / কি লো ও য় া ট ঘ ণ্টা   ( শ ক্তি   দ ক্ষ তা   শ্যা ফ্ট   ক র তে   ৭ ৫ %   নি বি ষ্ট   বি দ্যু তে   ৮ ৬ ০   কি লো ক্যা ল রি / কি লো ও য় া ট ঘ ণ্টা   ব না ম   শ ক্তি   দ ক্ষ তা   ক্র্যা ঙ্ক শ্যা ফ্ট   ক র তে   ৩ ৩ %   ই ন্ধ ন   শ ক্তি তে   ৭ ৬ ৯ ৩   কি লো ক্যা ল রি / লি টা রে র   পে ট্র লে র   মো ট   ক্যা ল রি যু ক্ত   মূ ল্য ),246,63
বাজারে একশোটি হ্যান্ডসেট আছে এবং তারা পর্দার আয়তন আর যে প্রযুক্তিগুলি তারা প্রদান করতে পারে (উদাহরণ এম,বা জা রে   এ ক শো টি   হ্যা ন্ড সে ট   আ ছে   এ বং   তা রা   প র্দা র   আ য় ত ন   আ র   যে   প্র যু ক্তি গু লি   তা রা   প্র দা ন   ক র তে   পা রে   ( উ দা হ র ণ   এ ম,50,17
এম,এ ম,2,1
"এস, ওয়্যাপ ২","এ স ,   ও য় ্ যা প   ২",9,3
০) সেই দিক দিয়ে পৃথক,০ )   সে ই   দি ক   দি য় ে   পৃ থ ক,12,5
সংস্থান সন্ধানের সবথেকে কার্যকর হলো একটি সরকারি-বেসরকারি অংশীদারিত্ব (পিপিপি) পন্থা,সং স্থা ন   স ন্ধা নে র   স ব থে কে   কা র্য ক র   হ লো   এ ক টি   স র কা রি - বে স র কা রি   অ ং শী দা রি ত্ব   ( পি পি পি )   প ন্থা,43,10
"""সেই মুহূর্ত থেকে,"" ১৯৪৫-এর প্রতিবেদনে বলা আছে, ""কলকাতাবাসিকে খাওয়ানোর ক্ষেত্রে এই সাধারণ বাণিজ্য ব্যবস্থার উপর আস্থা রাখা চলে না",""" সে ই   মু হূ র্ত   থে কে , ""   ১ ৯ ৪ ৫ - এ র   প্র তি বে দ নে   ব লা   আ ছে ,   "" ক ল কা তা বা সি কে   খা ও য় া নো র   ক্ষে ত্রে   এ ই   সা ধা র ণ   বা ণি জ্য   ব্য ব স্থা র   উ প র   আ স্থা   রা খা   চ লে   না",66,19
"""","""",1,1
"১৫৯১ খ্রিষ্টাব্দে, জন লেগেট প্রথম কেমব্রিজ বাইবেলটির মুদ্রণ করেন, এবং ১৬২৯-এ কিং জেম্‌স বাইবেলের কেমব্রিজ ফোলিও সংস্করণটির মুদ্রণ করেন টমাস এবং জন বাক","১ ৫ ৯ ১   খ্রি ষ্টা ব্দে ,   জ ন   লে গে ট   প্র থ ম   কে ম ব্রি জ   বা ই বে ল টি র   মু দ্র ণ   ক রে ন ,   এ বং   ১ ৬ ২ ৯ - এ   কিং   জে ম্ স   বা ই বে লে র   কে ম ব্রি জ   ফো লি ও   সং স্ক র ণ টি র   মু দ্র ণ   ক রে ন   ট মা স   এ বং   জ ন   বা ক",78,23
ডিসেম্বর ২০১৭-র বায়ু প্রকল্পের নিলাম চলাকালীন বায়ু শক্তির সমানীকৃত শুল্ক পৌঁছায় প্রতি কিলোওয়াট-ঘন্টা ২,ডি সে ম্ব র   ২ ০ ১ ৭ - র   বা য় ু   প্র ক ল্পে র   নি লা ম   চ লা কা লী ন   বা য় ু   শ ক্তি র   স মা নী কৃ ত   শু ল্ক   পৌঁ ছা য়   প্র তি   কি লো ও য় া ট - ঘ ন্টা   ২,53,14
৪৩ টাকা (০,৪ ৩   টা কা   ( ০,6,3
০৩ মার্কিন ডলার)-এর সর্বকালীন নিম্নে,০ ৩   মা র্কি ন   ড লা র ) - এ র   স র্ব কা লী ন   নি ম্নে,19,5
"১৯৭২ থেকে ১৯৭৫-এর মধ্যে ২৫ পয়সা, ৫০ পয়সা ও ১ টাকার মুদ্রায় নিকেলের পরিবর্তে তামা-নিকেল জায়গা করে নেয়; ১৯৮২-তে তামা-নিকেলের তৈরী দুই টাকার মুদ্রা প্রথম চালু হয়","১ ৯ ৭ ২   থে কে   ১ ৯ ৭ ৫ - এ র   ম ধ্যে   ২ ৫   প য় সা ,   ৫ ০   প য় সা   ও   ১   টা কা র   মু দ্রা য়   নি কে লে র   প রি ব র্তে   তা মা - নি কে ল   জা য় গা   ক রে   নে য় ;   ১ ৯ ৮ ২ - তে   তা মা - নি কে লে র   তৈ রী   দু ই   টা কা র   মু দ্রা   প্র থ ম   চা লু   হ য়",85,27
"ডেম্বওস্কি তাঁর, ""টেকিং দ্যা স্টেট টু দ্যা সুপ্রিম কোর্ট: পাব্লিক ইন্টারেস্ট লিটিগেশন এন্ড দ্যা পাব্লিক স্ফিয়ার ইন মেট্রোপলিটান ইন্ডিয়া,"" বইতে এর ব্যাপারে লিখেছিলেন, যা মূলত ২০০১ সালে অক্সফোর্ড ইউনিভার্সিটি প্রেস দ্বারা প্রকাশিত হয়েছিল","ডে ম্ব ও স্কি   তাঁ র ,   "" টে কিং   দ্যা   স্টে ট   টু   দ্যা   সু প্রি ম   কো র্ট :   পা ব্লি ক   ই ন্টা রে স্ট   লি টি গে শ ন   এ ন্ড   দ্যা   পা ব্লি ক   স্ফি য় া র   ই ন   মে ট্রো প লি টা ন   ই ন্ডি য় া , ""   ব ই তে   এ র   ব্যা পা রে   লি খে ছি লে ন ,   যা   মূ ল ত   ২ ০ ০ ১   সা লে   অ ক্স ফো র্ড   ই উ নি ভা র্সি টি   প্রে স   দ্বা রা   প্র কা শি ত   হ য় ে ছি ল",104,33
"একজন সুরক্ষিত ব্যক্তি হয়তো ""এই জাতীয় চরিত্রের কিছু করেনি যার দ্বারা শারীরিক কষ্ট বা উপঘাত হতে পারে","এ ক জ ন   সু র ক্ষি ত   ব্য ক্তি   হ য় তো   "" এ ই   জা তী য়   চ রি ত্রে র   কি ছু   ক রে নি   যা র   দ্বা রা   শা রী রি ক   ক ষ্ট   বা   উ প ঘা ত   হ তে   পা রে",47,17
"""","""",1,1
"২৮ নং ধারা বলে যে, একটি গ্রামকে যখন যুদ্ধের মাধ্যমে দখলে আনা হয় তখনও কোন দলের দ্বারা লুঠতরাজের অনুমতি থাকে না","২ ৮   নং   ধা রা   ব লে   যে ,   এ ক টি   গ্রা ম কে   য খ ন   যু দ্ধে র   মা ধ্য মে   দ খ লে   আ না   হ য়   ত খ ন ও   কো ন   দ লে র   দ্বা রা   লু ঠ ত রা জে র   অ নু ম তি   থা কে   না",55,21
অধিকার ও মর্যাদার প্রতি সম্মান পোষণ করতে যাতে প্রতিবন্ধীদের প্রতি বৈষম্য প্রতিরোধ করা যায় সেই বিষয়ে কনভেনশনের ৮ নং ধারা দলগুলির সচেতনতা বাড়ানোর প্রতিশ্রুতির উপর জোর দেয়,অ ধি কা র   ও   ম র্যা দা র   প্র তি   স ম্মা ন   পো ষ ণ   ক র তে   যা তে   প্র তি ব ন্ধী দে র   প্র তি   বৈ ষ ম্য   প্র তি রো ধ   ক রা   যা য়   সে ই   বি ষ য় ে   ক ন ভে ন শ নে র   ৮   নং   ধা রা   দ ল গু লি র   স চে ত ন তা   বা ড় া নো র   প্র তি শ্রু তি র   উ প র   জো র   দে য়,85,27
"যুক্তরাষ্ট্রীয় তালিকার অন্তর্ভুক্ত বিষয়ে (যেমন নাগরিকত্ব, প্রতিরক্ষা, অভ্যন্তরীণ নিরাপত্তা, অসামরিক এবং অপরাধ আইন, অর্থ, ব্যবসা, বাণিজ্য ও শিল্প, শিক্ষা, শ্রম এবং পর্যটন) আইন প্রণয়নে একচেটিয়া অধিকার সংসদের, এবং রাজ্য তালিকার অন্তর্ভুক্ত বিষয়ে (যেমন জমি, স্থানীয় সরকার, শরিয়া আইন ও শরিয়া আদালত, রাজ্যের ছুটির দিন এবং রাজ্য সরকারী ক্রিয়াকলাপ) প্রতিটি রাজ্যের আইনানুগ ক্ষমতা রয়েছে সংশ্লিষ্ট রাজ্যের বিধানসভার মাধ্যমে","যু ক্ত রা ষ্ট্রী য়   তা লি কা র   অ ন্ত র্ভু ক্ত   বি ষ য় ে   ( যে ম ন   না গ রি ক ত্ব ,   প্র তি র ক্ষা ,   অ ভ্য ন্ত রী ণ   নি রা প ত্তা ,   অ সা ম রি ক   এ বং   অ প রা ধ   আ ই ন ,   অ র্থ ,   ব্য ব সা ,   বা ণি জ্য   ও   শি ল্প ,   শি ক্ষা ,   শ্র ম   এ বং   প র্য ট ন )   আ ই ন   প্র ণ য় নে   এ ক চে টি য় া   অ ধি কা র   সং স দে র ,   এ বং   রা জ্য   তা লি কা র   অ ন্ত র্ভু ক্ত   বি ষ য় ে   ( যে ম ন   জ মি ,   স্থা নী য়   স র কা র ,   শ রি য় া   আ ই ন   ও   শ রি য় া   আ দা ল ত ,   রা জ্যে র   ছু টি র   দি ন   এ বং   রা জ্য   স র কা রী   ক্রি য় া ক লা প )   প্র তি টি   রা জ্যে র   আ ই না নু গ   ক্ষ ম তা   র য় ে ছে   সং শ্লি ষ্ট   রা জ্যে র   বি ধা ন স ভা র   মা ধ্য মে",209,57
"বীক এবং ইচ্ট-সুস্টেরেনে ১০ই ফেব্রুয়ারী পর্যন্ত জরুরী আজ্ঞা চলবে, যা পুলিশকে কোন কারণ ছাড়াই মানুষকে থামিয়ে তল্লাশি করার অনুমতি দেবে","বী ক   এ বং   ই চ্ট - সু স্টে রে নে   ১ ০ ই   ফে ব্রু য় া রী   প র্য ন্ত   জ রু রী   আ জ্ঞা   চ ল বে ,   যা   পু লি শ কে   কো ন   কা র ণ   ছা ড় া ই   মা নু ষ কে   থা মি য় ে   ত ল্লা শি   ক রা র   অ নু ম তি   দে বে",65,20
"তবে, কোনো রাজ্য আইনজীবী পরিষদে তালিকাভুক্ত হয়ে থাকলে, সেই ব্যারিস্টারকে ভারতে কোন আদালতের সামনে পেশ হওয়া থেকে আটকাতে পারে না যদিও এটি রাজ্য আইনজীবী পরিষদে, যেটিতে তিনি তালিকাভুক্ত হয়ে আছেন, তার আঞ্চলিক এক্তিয়ারের বাইরে","ত বে ,   কো নো   রা জ্য   আ ই ন জী বী   প রি ষ দে   তা লি কা ভু ক্ত   হ য় ে   থা ক লে ,   সে ই   ব্যা রি স্টা র কে   ভা র তে   কো ন   আ দা ল তে র   সা ম নে   পে শ   হ ও য় া   থে কে   আ ট কা তে   পা রে   না   য দি ও   এ টি   রা জ্য   আ ই ন জী বী   প রি ষ দে ,   যে টি তে   তি নি   তা লি কা ভু ক্ত   হ য় ে   আ ছে ন ,   তা র   আ ঞ্চ লি ক   এ ক্তি য় া রে র   বা ই রে",112,34
"এই আইনগুলি কোনওরকম অসরকারি রাজনৈতিক কার্যকলাপকে প্রবলভাবে সীমাবদ্ধ করে দিয়েছে: পথ বিক্ষোভ, অননুমোদিত রাজনৈতিক সম্মেলন এবং অনিবন্ধিত আর্থিক অনুদান আনুষ্ঠানিকভাবে নিষিদ্ধ করা হয়","এ ই   আ ই ন গু লি   কো ন ও র ক ম   অ স র কা রি   রা জ নৈ তি ক   কা র্য ক লা প কে   প্র ব ল ভা বে   সী মা ব দ্ধ   ক রে   দি য় ে ছে :   প থ   বি ক্ষো ভ ,   অ ন নু মো দি ত   রা জ নৈ তি ক   স ম্মে ল ন   এ বং   অ নি ব ন্ধি ত   আ র্থি ক   অ নু দা ন   আ নু ষ্ঠা নি ক ভা বে   নি ষি দ্ধ   ক রা   হ য়",94,23
ব্যভিচার প্রায়শই বিবাহের সময়ের বিশ্বাসভঙ্গ এবং যে অঙ্গীকার করা হয় তার লঙ্ঘন হিসেবে দেখা হয়,ব্য ভি চা র   প্রা য় শ ই   বি বা হে র   স ম য় ে র   বি শ্বা স ভ ঙ্গ   এ বং   যে   অ ঙ্গী কা র   ক রা   হ য়   তা র   ল ঙ্ঘ ন   হি সে বে   দে খা   হ য়,45,15
আপনি কি মনোযোগ সহকারে হেল্প পেইজগুলি পড়েছিলেন এবং পুঙ্খানুপুঙ্খভাবে সমস্যাটি শুধরেছিলেন,আ প নি   কি   ম নো যো গ   স হ কা রে   হে ল্প   পে ই জ গু লি   প ড় ে ছি লে ন   এ বং   পু ঙ্খা নু পু ঙ্খ ভা বে   স ম স্যা টি   শু ধ রে ছি লে ন,44,11
২০০৬-এর জুলাই এবং আগস্টে লেবানন ও ইজরায়লের যুদ্ধের সময় ক্লাস্টার যুদ্ধাস্ত্রের ব্যবহার ও প্রভাব নিয়ে আন্তর্জাতিক বিতর্কটি একটি নিষেধাজ্ঞা চুক্তির জন্য বিশ্বব্যাপী প্রচারণায় আরও গুরুত্ব যোগ করে,২ ০ ০ ৬ - এ র   জু লা ই   এ বং   আ গ স্টে   লে বা ন ন   ও   ই জ রা য় লে র   যু দ্ধে র   স ম য়   ক্লা স্টা র   যু দ্ধা স্ত্রে র   ব্য ব হা র   ও   প্র ভা ব   নি য় ে   আ ন্ত র্জা তি ক   বি ত র্ক টি   এ ক টি   নি ষে ধা জ্ঞা   চু ক্তি র   জ ন্য   বি শ্ব ব্যা পী   প্র চা র ণা য়   আ র ও   গু রু ত্ব   যো গ   ক রে,90,27
"তাইওয়ানে, ভোটদান এবং গবেষণা ধারাবাহিকভাবে মৃত্যুদণ্ডের প্রতি ৮০ শতাংশ শক্তিশালী সমর্থন জানিয়েছে","তা ই ও য় া নে ,   ভো ট দা ন   এ বং   গ বে ষ ণা   ধা রা বা হি ক ভা বে   মৃ ত্যু দ ণ্ডে র   প্র তি   ৮ ০   শ তাং শ   শ ক্তি শা লী   স ম র্থ ন   জা নি য় ে ছে",49,12
"এছাড়াও, ন্যুরেমবার্গ ট্রায়ালের প্রাক্তন প্রধান অভিশংসক বেঞ্জামিন ফেরেনজ ইরাক আক্রমণকে ""স্পষ্ট আইন লঙ্ঘন"" বলে অবিহিত করেছেন এবং এটি শান্তি বিরুদ্ধ একটি অপরাধ গঠন করে","এ ছা ড ় া ও ,   ন্যু রে ম বা র্গ   ট্রা য ় া লে র   প্রা ক্ত ন   প্র ধা ন   অ ভি শং স ক   বে ঞ্জা মি ন   ফে রে ন জ   ই রা ক   আ ক্র ম ণ কে   "" স্প ষ্ট   আ ই ন   ল ঙ্ঘ ন ""   ব লে   অ বি হি ত   ক রে ছে ন   এ বং   এ টি   শা ন্তি   বি রু দ্ধ   এ ক টি   অ প রা ধ   গ ঠ ন   ক রে",86,24
২০১২ সালের সেপ্টেম্বরে আদালতের অবমাননার জন্য তাদের দোষী সাব্যস্ত করা হয়,২ ০ ১ ২   সা লে র   সে প্টে ম্ব রে   আ দা ল তে র   অ ব মা ন না র   জ ন্য   তা দে র   দো ষী   সা ব্য স্ত   ক রা   হ য়,36,11
"২০০৮ সালে, পাশ দিয়ে যাওয়া মহিলাদের উদ্দেশে অশালীন মন্তব্য করতে গিয়ে ধরা পড়ে যাওয়া ১৯ বছর বয়সী একজনকে দিল্লির আদালত স্কুল কলেজের বাইরে তরুণদের ৫০০টি হাতে লেখা কাগজ বিলি করতে হুকুম দেয়, যেগুলি অশালীন আচরণের পরিণতি ব্যখ্যা করে","২ ০ ০ ৮   সা লে ,   পা শ   দি য় ে   যা ও য় া   ম হি লা দে র   উ দ্দে শে   অ শা লী ন   ম ন্ত ব্য   ক র তে   গি য় ে   ধ রা   প ড় ে   যা ও য় া   ১ ৯   ব ছ র   ব য় সী   এ ক জ ন কে   দি ল্লি র   আ দা ল ত   স্কু ল   ক লে জে র   বা ই রে   ত রু ণ দে র   ৫ ০ ০ টি   হা তে   লে খা   কা গ জ   বি লি   ক র তে   হু কু ম   দে য় ,   যে গু লি   অ শা লী ন   আ চ র ণে র   প রি ণ তি   ব্য খ্যা   ক রে",122,38
"২০১৫ সালের ১১ই মার্চ, ডাঃ মনমোহন সিংহ এবং অন্য পাঁচজন অভিযুক্ত মেসার্স","২ ০ ১ ৫   সা লে র   ১ ১ ই   মা র্চ ,   ডাঃ   ম ন মো হ ন   সিং হ   এ বং   অ ন্য   পাঁ চ জ ন   অ ভি যু ক্ত   মে সা র্স",36,12
"হিন্ডালকো, সুবেন্ধু অমিতাভ, ডি","হি ন্ডা ল কো ,   সু বে ন্ধু   অ মি তা ভ ,   ডি",14,4
"ভট্টাচার্য, কুমার মঙ্গলম বিড়লা, এবং পি","ভ ট্টা চা র্য ,   কু মা র   ম ঙ্গ ল ম   বি ড ় লা ,   এ বং   পি",20,6
সি,সি,1,1
"পরখের বিরুদ্ধে ১৮৬০ ভারতীয় দণ্ডবিধির ধারা ১২০-বি এবং ৪০৯ এবং ১৯৮৮-এর দুর্নীতি প্রতিরোধ আইনের ধারা ১৩(১)(সি), ১৩(১)(ডি)(iii) অনুসারে একজন বিশেষ সি","প র খে র   বি রু দ্ধে   ১ ৮ ৬ ০   ভা র তী য ়   দ ণ্ড বি ধি র   ধা রা   ১ ২ ০ - বি   এ বং   ৪ ০ ৯   এ বং   ১ ৯ ৮ ৮ - এ র   দু র্নী তি   প্র তি রো ধ   আ ই নে র   ধা রা   ১ ৩ ( ১ ) ( সি ) ,   ১ ৩ ( ১ ) ( ডি ) ( i i i )   অ নু সা রে   এ ক জ ন   বি শে ষ   সি",89,21
বি,বি,1,1
আই বিচারক অপরাধের স্বীকৃতি নেন,আ ই   বি চা র ক   অ প রা ধে র   স্বী কৃ তি   নে ন,16,5
সে পূর্বে যুদ্ধাপরাধ এবং যৌথ ষড়যন্ত্রের অভিযোগ থেকে খালাস পেয়েছিল,সে   পূ র্বে   যু দ্ধা প রা ধ   এ বং   যৌ থ   ষ ড ় য ন্ত্রে র   অ ভি যো গ   থে কে   খা লা স   পে য় ে ছি ল,32,10
নাগরিকদের ডিজিটাল নজরদারির আওতায় রাখা এবং বাক স্বাধীনতায় প্রবল সীমাবদ্ধতা আরোপের মাধ্যমে মানবাধিকার লঙ্ঘন করার কারণে আইটি গোষ্ঠী দ্বারা ব্যাপকভাবে সমালোচিত হয় এই আইনটি,না গ রি ক দে র   ডি জি টা ল   ন জ র দা রি র   আ ও তা য়   রা খা   এ বং   বা ক   স্বা ধী ন তা য়   প্র ব ল   সী মা ব দ্ধ তা   আ রো পে র   মা ধ্য মে   মা ন বা ধি কা র   ল ঙ্ঘ ন   ক রা র   কা র ণে   আ ই টি   গো ষ্ঠী   দ্বা রা   ব্যা প ক ভা বে   স মা লো চি ত   হ য়   এ ই   আ ই ন টি,86,24
সংবিধানের প্রস্তাবনার বক্তব্যের মতোই দ্রুত ন্যায় প্রদানই হলো সংবিধানের প্রধানতম উদ্দেশ্য,সং বি ধা নে র   প্র স্তা ব না র   ব ক্ত ব্যে র   ম তো ই   দ্রু ত   ন্যা য়   প্র দা ন ই   হ লো   সং বি ধা নে র   প্র ধা ন ত ম   উ দ্দে শ্য,40,11
১৪৫ নং ধারা সংশোধন করা হয় এবং ২০১৩-এর সুপ্রিম কোর্টের নিয়মাবলী দ্বারা নিয়ন্ত্রিত হয়,১ ৪ ৫   নং   ধা রা   সং শে া ধ ন   ক রা   হ য়   এ বং   ২ ০ ১ ৩ - এ র   সু প্রি ম   কো র্টে র   নি য় মা ব লী   দ্বা রা   নি য় ন্ত্রি ত   হ য়,43,14
"যুক্তরাজ্যে সংসদীয় সার্বভৌমত্বের মতবাদের অধীনে সংসদের আইনগুলিকে আলাদা করা যাবে না কিন্তু পরিষদের আইন, আরেক ধরনের প্রাথমিক আইন যা সংসদ দ্বারা পাশ করানো নয়, তাদের করা যায় (দেখুন সিভিল সার্ভিস ইউনিয়নের পরিষদ বনাম সিভিল সার্ভিসের জন্য মন্ত্রী (১৯৮৫) এবং মিলার/চেরি (২০১৯))","যু ক্ত রা জ্যে   সং স দী য ়   সা র্ব ভৌ ম ত্বে র   ম ত বা দে র   অ ধী নে   সং স দে র   আ ই ন গু লি কে   আ লা দা   ক রা   যা বে   না   কি ন্তু   প রি ষ দে র   আ ই ন ,   আ রে ক   ধ র নে র   প্রা থ মি ক   আ ই ন   যা   সং স দ   দ্বা রা   পা শ   ক রা নো   ন য় ,   তা দে র   ক রা   যা য়   ( দে খু ন   সি ভি ল   সা র্ভি স   ই উ নি য ় নে র   প রি ষ দ   ব না ম   সি ভি ল   সা র্ভি সে র   জ ন্য   ম ন্ত্রী   ( ১ ৯ ৮ ৫ )   এ বং   মি লা র / চে রি   ( ২ ০ ১ ৯ ) )",143,41
"উদাহরণস্বরূপ, ""এক ব্যক্তির রাষ্ট্রহীনতার ঝুঁকি হতে পারে যদি সে এমন এক রাজ্যে জন্মগ্রহন করে যেখানে বংশসূত্রে নাগরিকত্ব প্রযোজ্য এদিকে তার মাতা পিতা এমন এক রাজ্যে জন্মগ্রহণ করেছেন, যেখানে জন্মসূত্রে নাগরিকত্ব প্রযোজ্য, যার ফলে পরস্পরবিরোধী আইনের কারণে ব্যক্তি উভয় রাজ্যেই নাগরিকত্বের জন্য অযোগ্য হয়ে পড়ে","উ দা হ র ণ স্ব রূ প ,   "" এ ক   ব্য ক্তি র   রা ষ্ট্র হী ন তা র   ঝুঁ কি   হ তে   পা রে   য দি   সে   এ ম ন   এ ক   রা জ্যে   জ ন্ম গ্র হ ন   ক রে   যে খা নে   বং শ সূ ত্রে   না গ রি ক ত্ব   প্র যো জ্য   এ দি কে   তা র   মা তা   পি তা   এ ম ন   এ ক   রা জ্যে   জ ন্ম গ্র হ ণ   ক রে ছে ন ,   যে খা নে   জ ন্ম সূ ত্রে   না গ রি ক ত্ব   প্র যো জ্য ,   যা র   ফ লে   প র স্প র বি রো ধী   আ ই নে র   কা র ণে   ব্য ক্তি   উ ভ য়   রা জ্যে ই   না গ রি ক ত্বে র   জ ন্য   অ যো গ্য   হ য় ে   প ড় ে",144,44
"""","""",1,1
সি,সি,1,1
ডি,ডি,1,1
এইচ,এ ই চ,3,1
আর,আ র,2,1
"আই প্রত্যেককে ""তার দেশের সাধারণ প্রশাসনে প্রত্যক্ষ অথবা পরোক্ষভাবে অংশগ্রহণের অধিকার""-এর প্রতিশ্রুতি প্রদান করে","আ ই   প্র ত্যে ক কে   "" তা র   দে শে র   সা ধা র ণ   প্র শা স নে   প্র ত্য ক্ষ   অ থ বা   প রো ক্ষ ভা বে   অ ং শ গ্র হ ণে র   অ ধি কা র "" - এ র   প্র তি শ্রু তি   প্র দা ন   ক রে",55,14
আদালতের আসনটি ছিল দিল্লিতে সংসদ ভবনের চেম্বার অফ প্রিন্সেস,আ দা ল তে র   আ স ন টি   ছি ল   দি ল্লি তে   সং স দ   ভ ব নে র   চে ম্বা র   অ ফ   প্রি ন্সে স,29,9
জেনেভা কনভেনশন (জি,জে নে ভা   ক ন ভে ন শ ন   ( জি,11,3
সি) এবং তাদের অতিরিক্ত আচরণ বিধি (এ,সি )   এ বং   তা দে র   অ তি রি ক্ত   আ চ র ণ   বি ধি   ( এ,19,7
পি) দ্বারা চাওয়া হয় যেন যেকোনও বিচারাধীন যুদ্ধাপরাধী যেন তার ন্যায্য বিচার পায়,পি )   দ্বা রা   চা ও য় া   হ য়   যে ন   যে কো ন ও   বি চা রা ধী ন   যু দ্ধা প রা ধী   যে ন   তা র   ন্যা য্য   বি চা র   পা য়,37,13
ইন্দোনেশিয়ার সুপ্রিম কোর্ট (ইন্দোনেশিয়ান: মাহকামাহ অগুং) হলো বিচার বিভাগীয় শাখার সবচেয়ে উচ্চ স্তর,ই ন্দো নে শি য ় া র   সু প্রি ম   কো র্ট   ( ই ন্দো নে শি য ় া ন :   মা হ কা মা হ   অ গুং )   হ লো   বি চা র   বি ভা গী য ়   শা খা র   স ব চে য় ে   উ চ্চ   স্ত র,53,13
এম,এ ম,2,1
টি,টি,1,1
পি আইনে রয়েছে যে ১২ সপ্তাহ পর্যন্ত বরখাস্তের জন্য একজন নিবন্ধিত চিকিৎসকের মতামতের (আর,পি   আ ই নে   র য় ে ছে   যে   ১ ২   স প্তা হ   প র্য ন্ত   ব র খা স্তে র   জ ন্য   এ ক জ ন   নি ব ন্ধি ত   চি কি ৎ স কে র   ম তা ম তে র   ( আ র,46,14
এম,এ ম,2,1
পি) প্রয়োজন এবং ১২ ও ২০ সপ্তাহের মধ্যে বরখাস্তের জন্য দুজন আর,পি )   প্র য় ো জ ন   এ বং   ১ ২   ও   ২ ০   স প্তা হে র   ম ধ্যে   ব র খা স্তে র   জ ন্য   দু জ ন   আ র,32,12
এম,এ ম,2,1
পি-র মতামতের প্রয়োজন,পি - র   ম তা ম তে র   প্র য় ো জ ন,13,3
"উদাহরণস্বরূপ, মাইন-এর মতো গুচ্ছ বোমাও একই সমস্যার সৃষ্টি করে: কোনও সংঘর্ষ সমাপ্তির বহু পরেও অবিস্ফোরিত ছোট বোমা সাধারণ নাগরিকদের জন্য বিপদের কারণ হয়ে থেকে যায়","উ দা হ র ণ স্ব রূ প ,   মা ই ন - এ র   ম তো   গু চ্ছ   বো মা ও   এ ক ই   স ম স্যা র   সৃ ষ্টি   ক রে :   কো ন ও   সং ঘ র্ষ   স মা প্তি র   ব হু   প রে ও   অ বি স্ফো রি ত   ছো ট   বো মা   সা ধা র ণ   না গ রি ক দে র   জ ন্য   বি প দে র   কা র ণ   হ য় ে   থে কে   যা য়",84,25
"স্টিওয়ার্ড এবং বার্নেট নৃতত্ত্বকে বিদ্যাগত বিষয়ের মধ্যে সীমাবদ্ধ করে রাখার পরামর্শ দিলেও, জাতিগত সংখ্যালঘু অথবা আন্তর্জাতিক সম্পর্ক সম্বন্ধিত লোকনীতিতে অ-নৃবিজ্ঞানীদের দ্বারা এই নীতিটির ব্যবহার নিয়ে বিষয়ের ভিতরের এবং বাইরের লোকজনের মধ্যে বিতর্ক অব্যাহত","স্টি ও য় া র্ড   এ বং   বা র্নে ট   নৃ ত ত্ত্ব কে   বি দ্যা গ ত   বি ষ য় ে র   ম ধ্যে   সী মা ব দ্ধ   ক রে   রা খা র   প রা ম র্শ   দি লে ও ,   জা তি গ ত   সং খ্যা ল ঘু   অ থ বা   আ ন্ত র্জা তি ক   স ম্প র্ক   স ম্ব ন্ধি ত   লো ক নী তি তে   অ - নৃ বি জ্ঞা নী দে র   দ্বা রা   এ ই   নী তি টি র   ব্য ব হা র   নি য় ে   বি ষ য় ে র   ভি ত রে র   এ বং   বা ই রে র   লো ক জ নে র   ম ধ্যে   বি ত র্ক   অ ব্যা হ ত",122,33
জিন-পল আকায়েসুর বিরুদ্ধে রায় ধর্ষণকে একটি যুদ্ধাপরাধ হিসেবে প্রতিষ্ঠিত করেছে,জি ন - প ল   আ কা য ় ে সু র   বি রু দ্ধে   রা য়   ধ র্ষ ণ কে   এ ক টি   যু দ্ধা প রা ধ   হি সে বে   প্র তি ষ্ঠি ত   ক রে ছে,39,10
প্রাচীনতম উদাহরণের মধ্যে মেসোপটেমিয়ার শহর-রাজ্য লাগাশ ও উম্মার (আনুমানিক ২১০০ খ্রিষ্টপূর্বাব্দ) মধ্যে শান্তি চুক্তি এবং মিশরীয় ফারাও দ্বিতীয় রামসেস ও হিট্টাইট রাজা তৃতীয় হাতুসিলির মধ্যে একটি চুক্তি ১২৫৮ খ্রিষ্টপূর্বাব্দে সমাপ্ত হয়,প্রা চী ন ত ম   উ দা হ র ণে র   ম ধ্যে   মে সো প টে মি য ় া র   শ হ র - রা জ্য   লা গা শ   ও   উ ম্মা র   ( আ নু মা নি ক   ২ ১ ০ ০   খ্রি ষ্ট পূ র্বা ব্দ )   ম ধ্যে   শা ন্তি   চু ক্তি   এ বং   মি শ রী য ়   ফা রা ও   দ্বি তী য ়   রা ম সে স   ও   হি ট্টা ই ট   রা জা   তৃ তী য ়   হা তু সি লি র   ম ধ্যে   এ ক টি   চু ক্তি   ১ ২ ৫ ৮   খ্রি ষ্ট পূ র্বা ব্দে   স মা প্ত   হ য়,112,31
মৃত্যুদণ্ড নিয়ে জনগণের মতামত দেশ অনুযায়ী এবং যে অপরাধের ব্যাপারে কথা হচ্ছে তার ভিত্তিতে পরিবর্তিত হয়,মৃ ত্যু দ ণ্ড   নি য় ে   জ ন গ ণে র   ম তা ম ত   দে শ   অ নু যা য় ী   এ বং   যে   অ প রা ধে র   ব্যা পা রে   ক থা   হ চ্ছে   তা র   ভি ত্তি তে   প রি ব র্তি ত   হ য়,50,16
"ব্যাপক অর্থে, এক্তিয়ার বহির্ভূত ক্রিয়াকাণ্ডের প্রেক্ষিতে, কোনও প্রশাসনিক সিদ্ধান্ত অযৌক্তিক (কানাডীয় আইন অনুযায়ী সর্বোচ্চ আদালতে ডান্সম্যুয়র বনাম নিউ ব্রান্সউইকে ""স্পষ্টতই অযৌক্তিক""-এর মানদণ্ড প্রত্যাখ্যান অনুসারে), ওয়েডনেসবেরি অযৌক্তিক (ইংরেজ আইনের অন্তর্ভুক্ত) অথবা যদৃচ্ছ ও অনির্ভরযোগ্য (মার্কিন প্রশাসনিক পদ্ধতি আইন এবং নিউ ইয়র্ক রাষ্ট্র আইনের অন্তর্ভুক্ত) হলে পুনর্বিবেচনা আদালত সেটিকে খারিজ করতে পারে","ব্যা প ক   অ র্থে ,   এ ক্তি য় া র   ব হি র্ভূ ত   ক্রি য় া কা ণ্ডে র   প্রে ক্ষি তে ,   কো ন ও   প্র শা স নি ক   সি দ্ধা ন্ত   অ যৌ ক্তি ক   ( কা না ডী য়   আ ই ন   অ নু যা য় ী   স র্বো চ্চ   আ দা ল তে   ডা ন্স ম্যু য় র   ব না ম   নি উ   ব্রা ন্স উ ই কে   "" স্প ষ্ট ত ই   অ যৌ ক্তি ক "" - এ র   মা ন দ ণ্ড   প্র ত্যা খ্যা ন   অ নু সা রে ) ,   ও য় ে ড নে স বে রি   অ যৌ ক্তি ক   ( ই ং রে জ   আ ই নে র   অ ন্ত র্ভু ক্ত )   অ থ বা   য দৃ চ্ছ   ও   অ নি র্ভ র যো গ্য   ( মা র্কি ন   প্র শা স নি ক   প দ্ধ তি   আ ই ন   এ বং   নি উ   ই য় র্ক   রা ষ্ট্র   আ ই নে র   অ ন্ত র্ভু ক্ত )   হ লে   পু ন র্বি বে চ না   আ দা ল ত   সে টি কে   খা রি জ   ক র তে   পা রে",197,50
"মনোনীত ব্যক্তি পরিবর্তনের সম্পূর্ণ পদ্ধতিটির জন্য একমাত্র মালিক এবং মনোনীত ব্যক্তিকে দু'টি ফর্ম, আইএনসি-৩ এবং আইএনসি-৪ সম্পাদন করতে হবে","ম নো নী ত   ব্য ক্তি   প রি ব র্ত নে র   স ম্পূ র্ণ   প দ্ধ তি টি র   জ ন্য   এ ক মা ত্র   মা লি ক   এ বং   ম নো নী ত   ব্য ক্তি কে   দু ' টি   ফ র্ম ,   আ ই এ ন সি - ৩   এ বং   আ ই এ ন সি - ৪   স ম্পা দ ন   ক র তে   হ বে",69,19
"দারফুর, সুদানের পরিস্থিতির মধ্যে বান্দার আদালতের বিচার ২০১৪ সালে শুরু হওয়ার কথা ছিল কিন্তু শুরুর তারিখটাকে খালি করা হয়েছিল","দা র ফু র ,   সু দা নে র   প রি স্থি তি র   ম ধ্যে   বা ন্দা র   আ দা ল তে র   বি চা র   ২ ০ ১ ৪   সা লে   শু রু   হ ও য় া র   ক থা   ছি ল   কি ন্তু   শু রু র   তা রি খ টা কে   খা লি   ক রা   হ য় ে ছি ল",63,19
"১২৬১ (১৯৯৯), ১২৬৫ (১৯৯৯), ১২৯৬ (২০০০) এবং ১৩১৪ (২০০০)-এর নির্ণয় অনুস্মরণ করার পরে, ২০০০ সালের ৩১শে অক্টোবর জাতিসংঘ নিরাপত্তা পরিষদ দ্বারা সর্বসম্মতিক্রমে নারী, শান্তি ও নিরাপত্তার উপর জাতিসংঘ নিরাপত্তা পরিষদের ১৩২৫ (এস/আর","১ ২ ৬ ১   ( ১ ৯ ৯ ৯ ) ,   ১ ২ ৬ ৫   ( ১ ৯ ৯ ৯ ) ,   ১ ২ ৯ ৬   ( ২ ০ ০ ০ )   এ বং   ১ ৩ ১ ৪   ( ২ ০ ০ ০ ) - এ র   নি র্ণ য়   অ নু স্ম র ণ   ক রা র   প রে ,   ২ ০ ০ ০   সা লে র   ৩ ১ শে   অ ক্টো ব র   জা তি সং ঘ   নি রা প ত্তা   প রি ষ দ   দ্বা রা   স র্ব স ম্ম তি ক্র মে   না রী ,   শা ন্তি   ও   নি রা প ত্তা র   উ প র   জা তি সং ঘ   নি রা প ত্তা   প রি ষ দে র   ১ ৩ ২ ৫   ( এ স / আ র",133,32
ই,ই,1,1
এস/১৩২৫) নির্ণয় নেওয়া হয়েছিল,এ স / ১ ৩ ২ ৫ )   নি র্ণ য়   নে ও য় া   হ য় ে ছি ল,20,4
"সীমান্ত বিতর্ক মামলায়, অন্তর্বর্তী পদক্ষেপ নির্দেশ করার জন্য আদালতের কাছে একটি আবেদন দাখিল করেন বিবাদী পক্ষদ্বয়, বার্কিনা ফাসো ও মালি","সী মা ন্ত   বি ত র্ক   মা ম লা য় ,   অ ন্ত র্ব র্তী   প দ ক্ষে প   নি র্দে শ   ক রা র   জ ন্য   আ দা ল তে র   কা ছে   এ ক টি   আ বে দ ন   দা খি ল   ক রে ন   বি বা দী   প ক্ষ দ্ব য় ,   বা র্কি না   ফা সো   ও   মা লি",63,20
"২০০৯-এর ২রা জুলাইয়ের আগে যতদিন না দিল্লির হাই কোর্ট ইচ্ছুক প্রাপ্তবয়স্কদের মধ্যে সম্মতিমূলক ব্যক্তিগত যৌন কার্যকে অপরাধমূলক নয় বলেনি, ব্রিটিশ ঔপনিবেশিক সরকার দ্বারা পাস করানো ১৫০ বছর পুরানো ভারতীয় দণ্ডবিধি (আই","২ ০ ০ ৯ - এ র   ২ রা   জু লা ই য় ে র   আ গে   য ত দি ন   না   দি ল্লি র   হা ই   কো র্ট   ই চ্ছু ক   প্রা প্ত ব য় স্ক দে র   ম ধ্যে   স ম্ম তি মূ ল ক   ব্য ক্তি গ ত   যৌ ন   কা র্য কে   অ প রা ধ মূ ল ক   ন য়   ব লে নি ,   ব্রি টি শ   ঔ প নি বে শি ক   স র কা র   দ্বা রা   পা স   ক রা নো   ১ ৫ ০   ব ছ র   পু রা নো   ভা র তী য ়   দ ণ্ড বি ধি   ( আ ই",110,31
পি,পি,1,1
সি) আইনের অস্পষ্ট ৩৭৭ ধারার ব্যাখ্যা অনুসারে সমকামিতা অপরাধ বলে বিবেচিত হত,সি )   আ ই নে র   অ স্প ষ্ট   ৩ ৭ ৭   ধা রা র   ব্যা খ্যা   অ নু সা রে   স ম কা মি তা   অ প রা ধ   ব লে   বি বে চি ত   হ ত,38,12
"গ্রাম আদালত, যেমন লোক আদালাত (জনগণের আদালত) বা ন্যায় পঞ্চায়েত (গ্রামের ন্যায়বিচার) বৈকল্পিক বিরোধ নিষ্পত্তি প্রদান করে","গ্রা ম   আ দা ল ত ,   যে ম ন   লো ক   আ দা লা ত   ( জ ন গ ণে র   আ দা ল ত )   বা   ন্যা য ়   প ঞ্চা য ় ে ত   ( গ্রা মে র   ন্যা য ় বি চা র )   বৈ ক ল্পি ক   বি রো ধ   নি ষ্প ত্তি   প্র দা ন   ক রে",63,17
২য় ভাগটি (অনুচ্ছেদ নং,২ য়   ভা গ টি   ( অ নু চ্ছে দ   নং,11,4
১৭-২৪) সম্মেলনের নথিকরণ ও পর্যবেক্ষণ এবং সেগুলির বাস্তবায়নের জন্য দলগুলির নেওয়া পদক্ষেপ পরিচালনা করে,১ ৭ - ২ ৪ )   স ম্মে ল নে র   ন থি ক র ণ   ও   প র্য বে ক্ষ ণ   এ বং   সে গু লি র   বা স্ত বা য় নে র   জ ন্য   দ ল গু লি র   নে ও য় া   প দ ক্ষে প   প রি চা ল না   ক রে,56,14
"হায়দ্রাবাদ অঞ্চলে এবং মুসলমানদের মধ্যে ইউনানী ছিল সুগৃহীত, অন্যদিকে বাংলা ও উড়িষ্যায় হোমিওপ্যাথি ছিল খুবই জনপ্রিয়","হা য ় দ্রা বা দ   অ ঞ্চ লে   এ বং   মু স ল মা ন দে র   ম ধ্যে   ই উ না নী   ছি ল   সু গৃ হী ত ,   অ ন্য দি কে   বাং লা   ও   উ ড় ি ষ্যা য়   হো মি ও প্যা থি   ছি ল   খু ব ই   জ ন প্রি য়",57,16
"আলাস্কা অ্যাঙ্করেজ, ফেয়ারব্যাঙ্কস এবং হেইন্সে বিক্ষোভ সহ্য করেছিল","আ লা স্কা   অ ্ যা ঙ্ক রে জ ,   ফে য ় া র ব্যা ঙ্ক স   এ বং   হে ই ন্সে   বি ক্ষো ভ   স হ্য   ক রে ছি ল",32,8
বাকি ব্যাঙ্কগুলি খুচরো ব্যবসা করার সময় কমিয়ে দিয়েছে এবং অনলাইন ব্যাঙ্কিংয়ের দিকে ঠেলে দিয়েছে,বা কি   ব্যা ঙ্ক গু লি   খু চ রো   ব্য ব সা   ক রা র   স ম য়   ক মি য় ে   দি য় ে ছে   এ বং   অ ন লা ই ন   ব্যা ঙ্কিং য় ে র   দি কে   ঠে লে   দি য় ে ছে,46,14
"ইরানে ইন্টারনেট পাহারার কারণে সর্বদা ইরানী সরকার এবং ইসলামধর্মীয় বিপ্লবী সেনাবাহিনী বরাবরই ফেসবুক, টুইটার ইত্যাদির মতো জনপ্রিয় সমাজ মাধ্যমে ইরানীদের যোগদানের বিরোধিতা করে গেছে","ই রা নে   ই ন্টা র নে ট   পা হা রা র   কা র ণে   স র্ব দা   ই রা নী   স র কা র   এ বং   ই স লা ম ধ র্মী য ়   বি প্ল বী   সে না বা হি নী   ব রা ব র ই   ফে স বু ক ,   টু ই টা র   ই ত্যা দি র   ম তো   জ ন প্রি য়   স মা জ   মা ধ্য মে   ই রা নী দে র   যো গ দা নে র   বি রো ধি তা   ক রে   গে ছে",91,24
"সুতরাং, ইরানে জনপ্রিয় সমাজ মাধ্যমগুলো ব্লক করা হয়েছে এবং ইরানী বিক্ষোভের কারণে ইরানে ইন্টারনেট প্রহরতা বেড়ে গেছে","সু ত রাং ,   ই রা নে   জ ন প্রি য়   স মা জ   মা ধ্য ম গু লো   ব্ল ক   ক রা   হ য় ে ছে   এ বং   ই রা নী   বি ক্ষো ভে র   কা র ণে   ই রা নে   ই ন্টা র নে ট   প্র হ র তা   বে ড় ে   গে ছে",56,17
স্বাক্ষরতার হার ১৯৯১ সালে ৩৯ শতাংশ থেকে ২০০১ সালে ৪৭ শতাংশ থেকে ২০১১ সালে ৬৩,স্বা ক্ষ র তা র   হা র   ১ ৯ ৯ ১   সা লে   ৩ ৯   শ তাং শ   থে কে   ২ ০ ০ ১   সা লে   ৪ ৭   শ তাং শ   থে কে   ২ ০ ১ ১   সা লে   ৬ ৩,41,15
৮ শতাংশ পর্যন্ত বেড়েছে,৮   শ তাং শ   প র্য ন্ত   বে ড় ে ছে,11,4
সি,সি,1,1
পি,পি,1,1
এন (ইউ,এ ন   ( ই উ,5,2
এম,এ ম,2,1
"এল)-ও ঝাপা ৫, রূপনদেহি ১ এবং বাঁকে ২-এ রাষ্ট্রীয় প্রজাতন্ত্র দলের প্রার্থীদের সমর্থন করার এবং রাষ্ট্রীয় প্রজাতন্ত্র দল নেপালের সভাপতি কমল থাপাকে মাকওয়ানপুর ১-এ তাদের নির্বাচনী চিহ্নে দাঁড় করানোর সিদ্ধান্ত নেয়","এ ল ) - ও   ঝা পা   ৫ ,   রূ প ন দে হি   ১   এ বং   বাঁ কে   ২ - এ   রা ষ্ট্রী য়   প্র জা ত ন্ত্র   দ লে র   প্রা র্থী দে র   স ম র্থ ন   ক রা র   এ বং   রা ষ্ট্রী য়   প্র জা ত ন্ত্র   দ ল   নে পা লে র   স ভা প তি   ক ম ল   থা পা কে   মা ক ও য় া ন পু র   ১ - এ   তা দে র   নি র্বা চ নী   চি হ্নে   দাঁ ড়   ক রা নো র   সি দ্ধা ন্ত   নে য়",99,31
পূর্ব ও উত্তর খার্তুমের বিক্ষোভকারীরা বিক্ষেভ প্রদর্শনে যোগদান করে যা জুমার নামাজের পরে শুরু হয়,পূ র্ব   ও   উ ত্ত র   খা র্তু মে র   বি ক্ষো ভ কা রী রা   বি ক্ষে ভ   প্র দ র্শ নে   যো গ দা ন   ক রে   যা   জু মা র   না মা জে র   প রে   শু রু   হ য়,43,15
ইউক্রেনীয় পাসপোর্ট অথবা পরিচয়পত্র সহ শরণার্থীদের পোল্যাণ্ড এবং জার্মানির মধ্যে দীর্ঘপথের ট্রেনে বিনামূল্যে চলাচলের অনুমোদন প্রদান করে জার্মান জাতীয় রেল সংস্থা ডয়চে বান,ই উ ক্রে নী য়   পা স পো র্ট   অ থ বা   প রি চ য় প ত্র   স হ   শ র ণা র্থী দে র   পো ল্যা ণ্ড   এ বং   জা র্মা নি র   ম ধ্যে   দী র্ঘ প থে র   ট্রে নে   বি না মূ ল্যে   চ লা চ লে র   অ নু মো দ ন   প্র দা ন   ক রে   জা র্মা ন   জা তী য়   রে ল   সং স্থা   ড য় চে   বা ন,78,23
২০০৭-এ অনিতা উলফকে সহকারী সম্পাদক এবং থিওডোর পাপ্পাসকে এক্জিকিউটিভ সম্পাদক হিসেবে তালিকাভুক্ত করা হয়,২ ০ ০ ৭ - এ   অ নি তা   উ ল ফ কে   স হ কা রী   স ম্পা দ ক   এ বং   থি ও ডো র   পা প্পা স কে   এ ক্জি কি উ টি ভ   স ম্পা দ ক   হি সে বে   তা লি কা ভু ক্ত   ক রা   হ য়,53,14
"ব্যর্থতাগুলির উপর দ্য ওয়াশিংটন পোস্ট প্রথম পাতায় একটি নিবন্ধ প্রকাশ করে মন্তব্য করে যে: ""২১শ শতাব্দীতে প্রবেশকালে সেনাবাহিনীর গর্বিত হেলিকপ্টারগুলি একাধিক ত্রুটির প্রতীকস্বরূপ ব্যবহৃত হতে থাকে: দ্রুত চলনে অক্ষমতা, পরিবর্তনের প্রতি তার বিরোধিতা, হতাহতের প্রতি তার আবেশ, ঠাণ্ডা-যুদ্ধ পরবর্তী তার পরিচয় সঙ্কট","ব্য র্থ তা গু লি র   উ প র   দ্য   ও য় া শিং ট ন   পো স্ট   প্র থ ম   পা তা য়   এ ক টি   নি ব ন্ধ   প্র কা শ   ক রে   ম ন্ত ব্য   ক রে   যে :   "" ২ ১ শ   শ তা ব্দী তে   প্র বে শ কা লে   সে না বা হি নী র   গ র্বি ত   হে লি ক প্টা র গু লি   এ কা ধি ক   ত্রু টি র   প্র তী ক স্ব রূ প   ব্য ব হৃ ত   হ তে   থা কে :   দ্রু ত   চ ল নে   অ ক্ষ ম তা ,   প রি ব র্ত নে র   প্র তি   তা র   বি রো ধি তা ,   হ তা হ তে র   প্র তি   তা র   আ বে শ ,   ঠা ণ্ডা - যু দ্ধ   প র ব র্তী   তা র   প রি চ য়   স ঙ্ক ট",149,42
"""","""",1,1
"২০০৭-এ, নিউ ইংল্যাণ্ড জার্নাল অফ মেডিসিনের প্রাক্তন প্রধান সম্পাদক এবং হার্ভার্ড মেডিকাল স্কুলে সামাজিক চিকিৎসার এক অধ্যাপক, মার্সিয়া এঞ্জেল, জার্মান ভাষার সাপ্তাহিক এক খবরের পত্রিকা, স্টার্ন-এ, ""[প্রতিটি ওষুধের] সম্ভাব্য তুলনামূলক মাত্রা ব্যবহারের পরিবর্তে সংস্থাটির বিজ্ঞানীরা উচ্চতর মাত্রায় নেক্সিয়াম ব্যবহার করেছেন"" বলে বলেন যে, ওষুধটির কার্যকারিতার উপর তাঁদের গবেষণাকে ভুলভাবে উপস্থাপিত করেছেন অ্যাস্ট্রাজেনেকার বিজ্ঞানীরা","২ ০ ০ ৭ - এ ,   নি উ   ই ং ল্যা ণ্ড   জা র্না ল   অ ফ   মে ডি সি নে র   প্রা ক্ত ন   প্র ধা ন   স ম্পা দ ক   এ বং   হা র্ভা র্ড   মে ডি কা ল   স্কু লে   সা মা জি ক   চি কি ৎ সা র   এ ক   অ ধ্যা প ক ,   মা র্সি য় া   এ ঞ্জে ল ,   জা র্মা ন   ভা ষা র   সা প্তা হি ক   এ ক   খ ব রে র   প ত্রি কা ,   স্টা র্ন - এ ,   "" [ প্র তি টি   ও ষু ধে র ]   স ম্ভা ব্য   তু ল না মূ ল ক   মা ত্রা   ব্য ব হা রে র   প রি ব র্তে   সং স্থা টি র   বি জ্ঞা নী রা   উ চ্চ ত র   মা ত্রা য়   নে ক্সি য় া ম   ব্য ব হা র   ক রে ছে ন ""   ব লে   ব লে ন   যে ,   ও ষু ধ টি র   কা র্য কা রি তা র   উ প র   তাঁ দে র   গ বে ষ ণা কে   ভু ল ভা বে   উ প স্থা পি ত   ক রে ছে ন   অ ্ যা স্ট্রা জে নে কা র   বি জ্ঞা নী রা",206,53
"মার্চের প্রথমদিকে, মালয়েশিয়া প্রিমিয়ার লীগ ক্লাব সেলাঙ্গর এফসি ২-এ দ্বিতীয় ডিভিশনে খেলা হাইন হেত অং মালয়েশিয়ায় পিডিআরএম এফসি-র বিরুদ্ধে একটি খেলায় তিন-আঙুলের স্যালুট দেখান","মা র্চে র   প্র থ ম দি কে ,   মা ল য় ে শি য় া   প্রি মি য় া র   লী গ   ক্লা ব   সে লা ঙ্গ র   এ ফ সি   ২ - এ   দ্বি তী য়   ডি ভি শ নে   খে লা   হা ই ন   হে ত   অ ং   মা ল য় ে শি য় া য়   পি ডি আ র এ ম   এ ফ সি - র   বি রু দ্ধে   এ ক টি   খে লা য়   তি ন - আ ঙু লে র   স্যা লু ট   দে খা ন",92,24
২০২২-এর ২৮শে মার্চ কাস্টিলোর সরকারের বিরুদ্ধে ব্যাপক বিক্ষোভ শুরু হয়,২ ০ ২ ২ - এ র   ২ ৮ শে   মা র্চ   কা স্টি লো র   স র কা রে র   বি রু দ্ধে   ব্যা প ক   বি ক্ষো ভ   শু রু   হ য়,34,10
২০১৭ সালের ১২ই নভেম্বর বারাখাম্বা রোড থেকে যন্তর মন্তর পর্যন্ত দিল্লি তার দশম ক্যুইর প্রাইড প্রদর্শনের আয়োজন করে,২ ০ ১ ৭   সা লে র   ১ ২ ই   ন ভে ম্ব র   বা রা খা ম্বা   রো ড   থে কে   য ন্ত র   ম ন্ত র   প র্য ন্ত   দি ল্লি   তা র   দ শ ম   ক্যু ই র   প্রা ই ড   প্র দ র্শ নে র   আ য ় ো জ ন   ক রে,57,18
"১৪ ফেব্রুয়ারিতে, ইউএন মহাসচিব আন্তোনিও গুটেরেস মায়ান্মারের পরিস্থিতি সম্পর্কে গভীর উদ্বেগ প্রকাশ করে ""ক্রমবর্ধমান বলপ্রয়োগ এবং প্রধান শহরগুলিতে অতিরিক্ত সাঁজোয়া যান মোতায়েনের খবর""-টিকে প্রাধান্য দিয়ে একটি বিবৃতি প্রকাশ করেন","১ ৪   ফে ব্রু য় া রি তে ,   ই উ এ ন   ম হা স চি ব   আ ন্তো নি ও   গু টে রে স   মা য় া ন্মা রে র   প রি স্থি তি   স ম্প র্কে   গ ভী র   উ দ্বে গ   প্র কা শ   ক রে   "" ক্র ম ব র্ধ মা ন   ব ল প্র য় ো গ   এ বং   প্র ধা ন   শ হ র গু লি তে   অ তি রি ক্ত   সাঁ জো য় া   যা ন   মো তা য় ে নে র   খ ব র "" - টি কে   প্রা ধা ন্য   দি য় ে   এ ক টি   বি বৃ তি   প্র কা শ   ক রে ন",115,29
"পোলিশ সীমান্ত রক্ষীদের দিকে পাথর, বোতল এবং কাঠের টুকরো ছুঁড়তে শুরু করে এবং অস্থায়ীভাবে বন্ধ ব্রুজগি-কুজনিচা চেকপয়েণ্ট ভেঙে ঢোকার প্রয়াসে সীমান্ত বেষ্টনীটি ধ্বংস করার চেষ্টা করে তারা","পো লি শ   সী মা ন্ত   র ক্ষী দে র   দি কে   পা থ র ,   বো ত ল   এ বং   কা ঠে র   টু ক রো   ছুঁ ড় তে   শু রু   ক রে   এ বং   অ স্থা য় ী ভা বে   ব ন্ধ   ব্রু জ গি - কু জ নি চা   চে ক প য় ে ণ্ট   ভে ঙে   ঢো কা র   প্র য় া সে   সী মা ন্ত   বে ষ্ট নী টি   ধ্বং স   ক রা র   চে ষ্টা   ক রে   তা রা",85,27
বিক্ষোভ করে রাষ্ট্রপতি এবং সংসদের পুরো ২২৫জন সাংসদ সহ সমগ্র সরকারকে পদত্যাগ করার আহ্বান জানানো সত্ত্বেও ২০২২-এর ১৮ই এপ্রিল গোতবায়া ১৭জন সদস্যের একটি নতুন মন্ত্রিসভা নিয়োগ করেন,বি ক্ষো ভ   ক রে   রা ষ্ট্র প তি   এ বং   সং স দে র   পু রো   ২ ২ ৫ জ ন   সাং স দ   স হ   স ম গ্র   স র কা র কে   প দ ত্যা গ   ক রা র   আ হ্বা ন   জা না নো   স ত্ত্বে ও   ২ ০ ২ ২ - এ র   ১ ৮ ই   এ প্রি ল   গো ত বা য ় া   ১ ৭ জ ন   স দ স্যে র   এ ক টি   ন তু ন   ম ন্ত্রি স ভা   নি য় ো গ   ক রে ন,95,27
"সমর্থনে ভোটগুলো পপুলার ফোর্স, এ","স ম র্থ নে   ভো ট গু লো   প পু লা র   ফো র্স ,   এ",16,5
আর,আ র,2,1
পি,পি,1,1
"এ, ব্রড ফ্রন্ট এবং পপুলার অ্যাকশন বেঞ্চের তরফ থেকে এসেছে","এ ,   ব্র ড   ফ্র ন্ট   এ বং   প পু লা র   অ ্ যা ক শ ন   বে ঞ্চে র   ত র ফ   থে কে   এ সে ছে",29,10
"১৯৮৬ সালের ২৫শে ফেব্রুয়ারী নিরাপত্তা পুলিশ দাঙ্গা করা, বিক্ষোভ করা শুরু করে দেয় এই গুজবের বিরুদ্ধে যে তাদের কাজের মেয়াদ ৩ থেকে ৪ বছর বাড়িয়ে দেওয়া হবে","১ ৯ ৮ ৬   সা লে র   ২ ৫ শে   ফে ব্রু য় া রী   নি রা প ত্তা   পু লি শ   দা ঙ্গা   ক রা ,   বি ক্ষো ভ   ক রা   শু রু   ক রে   দে য়   এ ই   গু জ বে র   বি রু দ্ধে   যে   তা দে র   কা জে র   মে য় া দ   ৩   থে কে   ৪   ব ছ র   বা ড় ি য় ে   দে ও য় া   হ বে",76,27
"দুদিন পর, উন্নয়ন মন্ত্রী মরিয়ম কিতির ঘোষণা করেন যে, ইউক্রেনকে অতিরিক্ত মানবিক সহায়তার খাতিরে তিরিশ লক্ষ্য ইউরো বরাদ্দ করা হবে","দু দি ন   প র ,   উ ন্ন য ় ন   ম ন্ত্রী   ম রি য ় ম   কি তি র   ঘো ষ ণা   ক রে ন   যে ,   ই উ ক্রে ন কে   অ তি রি ক্ত   মা ন বি ক   স হা য় তা র   খা তি রে   তি রি শ   ল ক্ষ্য   ই উ রো   ব রা দ্দ   ক রা   হ বে",65,20
"৭ই মার্চ, রাষ্ট্র পরিচালিত মিডিয়া এবং মানবাধিকার দলগুলি নিরাপত্তা বাহিনী দ্বারা সরকারী হাসপাতাল, বিশ্ববিদ্যালয় ও মন্দির চত্বর দখল করার খবর নিশ্চিত করে","৭ ই   মা র্চ ,   রা ষ্ট্র   প রি চা লি ত   মি ডি য ় া   এ বং   মা ন বা ধি কা র   দ ল গু লি   নি রা প ত্তা   বা হি নী   দ্বা রা   স র কা রী   হা স পা তা ল ,   বি শ্ব বি দ্যা ল য়   ও   ম ন্দি র   চ ত্ব র   দ খ ল   ক রা র   খ ব র   নি শ্চি ত   ক রে",75,22
"২৬শে এপ্রিলে একটি দু মিনিটের লম্বা ভিডিওতে একজন ফ্রেঞ্চ নাগরিককে দেখা গেছে, যিনি আত্মহত্যা করার জন্য কোয়ারেন্টাইন কর্মীদের কাছে তিনটি ভাষায় সাহায্য চাইছেন","২ ৬ শে   এ প্রি লে   এ ক টি   দু   মি নি টে র   ল ম্বা   ভি ডি ও তে   এ ক জ ন   ফ্রে ঞ্চ   না গ রি ক কে   দে খা   গে ছে ,   যি নি   আ ত্ম হ ত্যা   ক রা র   জ ন্য   কো য ় া রে ন্টা ই ন   ক র্মী দে র   কা ছে   তি ন টি   ভা ষা য়   সা হা য্য   চা ই ছে ন",74,23
টিয়ার গ্যাস এবং গোলাগুলি সহ ২৯শে মে খার্তুমের আল-কালাকলা পার্শ্ববর্তী এলাকায় নিরাপত্তা বাহিনী একটি বিক্ষোভ প্রদর্শনী আক্রমণ করে,টি য় া র   গ্যা স   এ বং   গো লা গু লি   স হ   ২ ৯ শে   মে   খা র্তু মে র   আ ল - কা লা ক লা   পা র্শ্ব ব র্তী   এ লা কা য়   নি রা প ত্তা   বা হি নী   এ ক টি   বি ক্ষো ভ   প্র দ র্শ নী   আ ক্র ম ণ   ক রে,60,18
"১৪ই মে প্রায় হাজারজন বিক্ষোভকারী পিটসবার্গের সিটি-কাউন্টি বিল্ডিংয়ের চারপাশে সমাবেশ করেন, এবং প্রায় ১৫০জন বেথলেহেমে ব্যানস অফ আওয়ার বডিজ অনুষ্ঠান করার জন্য সমাবেশ করেছিলেন","১ ৪ ই   মে   প্রা য়   হা জা র জ ন   বি ক্ষো ভ কা রী   পি ট স বা র্গে র   সি টি - কা উ ন্টি   বি ল্ডিং য় ে র   চা র পা শে   স মা বে শ   ক রে ন ,   এ বং   প্রা য়   ১ ৫ ০ জ ন   বে থ লে হে মে   ব্যা ন স   অ ফ   আ ও য় া র   ব ডি জ   অ নু ষ্ঠা ন   ক রা র   জ ন্য   স মা বে শ   ক রে ছি লে ন",90,24
ইয়াঙ্গুন হ্লাইং থার ইয়ার শহর এলাকায় দুর্ঘটনাবশত বেশ কয়েকটি বোমা বিস্ফোরণের পরে তাতমাদও সৈন্যরা ৩টি আহত ফাইটার প্লেন সহ ১২টি সন্দেহভাজন প্রতিরোধকারী ফাইটার প্লেনকে বন্দী করে,ই য ় া ঙ্গু ন   হ্লা ই ং   থা র   ই য ় া র   শ হ র   এ লা কা য়   দু র্ঘ ট না ব শ ত   বে শ   ক য ় ে ক টি   বো মা   বি স্ফো র ণে র   প রে   তা ত মা দ ও   সৈ ন্য রা   ৩ টি   আ হ ত   ফা ই টা র   প্লে ন   স হ   ১ ২ টি   স ন্দে হ ভা জ ন   প্র তি রো ধ কা রী   ফা ই টা র   প্লে ন কে   ব ন্দী   ক রে,94,26
২০২১-এর মহিলা রাগবি বিশ্বকাপের নবম সংস্করণটি পূর্বপরিকল্পিত ১৮ই সেপ্টেম্বর থেকে ১৮ই অক্টোবরের সময়সূচি থেকে পিছিয়ে ৮ই অক্টোবর থেকে ১২ই নভেম্বর ২০২২-এ নিউজিল্যাণ্ডে অনুষ্ঠিত হয়,২ ০ ২ ১ - এ র   ম হি লা   রা গ বি   বি শ্ব কা পে র   ন ব ম   সং স্ক র ণ টি   পূ র্ব প রি ক ল্পি ত   ১ ৮ ই   সে প্টে ম্ব র   থে কে   ১ ৮ ই   অ ক্টো ব রে র   স ম য় সূ চি   থে কে   পি ছি য় ে   ৮ ই   অ ক্টো ব র   থে কে   ১ ২ ই   ন ভে ম্ব র   ২ ০ ২ ২ - এ   নি উ জি ল্যা ণ্ডে   অ নু ষ্ঠি ত   হ য়,93,24
"অন্যান্যগুলির মধ্যে রয়েছে- আদতে ফেব্রুয়ারি ২০১৬-তে রৈখিক টেলিভিশন চ্যানেল হিসাবে কাজ করা বন্ধ করে দিয়ে ফেব্রুয়ারি ২০২২-এ টেলিভিশনে ফিরে আসা যুব চ্যানেল বিবিসি থ্রি, সাংস্কৃতিক ও তথ্যমূলক চ্যানেল বিবিসি ফোর, খবরের চ্যানেল বিবিসি নিউজ ও বিবিসি ওয়ার্ল্ড নিউজ, সংসদীয় চ্যানেল বিবিসি পার্লামেণ্ট, এবং ছোটদের দু'টি চ্যানেল সিবিবিসি এবং সিবিবিস","অ ন্যা ন্য গু লি র   ম ধ্যে   র য় ে ছে -   আ দ তে   ফে ব্রু য় া রি   ২ ০ ১ ৬ - তে   রৈ খি ক   টে লি ভি শ ন   চ্যা নে ল   হি সা বে   কা জ   ক রা   ব ন্ধ   ক রে   দি য় ে   ফে ব্রু য় া রি   ২ ০ ২ ২ - এ   টে লি ভি শ নে   ফি রে   আ সা   যু ব   চ্যা নে ল   বি বি সি   থ্রি ,   সাং স্কৃ তি ক   ও   ত থ্য মূ ল ক   চ্যা নে ল   বি বি সি   ফো র ,   খ ব রে র   চ্যা নে ল   বি বি সি   নি উ জ   ও   বি বি সি   ও য় া র্ল্ড   নি উ জ ,   সং স দী য়   চ্যা নে ল   বি বি সি   পা র্লা মে ণ্ট ,   এ বং   ছো ট দে র   দু ' টি   চ্যা নে ল   সি বি বি সি   এ বং   সি বি বি স",163,49
"রুশ পণ্য বর্জন করার আহ্বান সমাজ মাধ্যমগুলোতে ছড়াচ্ছে, অন্যদিকে হ্যাকাররা রুশ ওয়েবসাইটগুলি আক্রমণ করছেন, বিশেষ করে যেগুলি রুশ সরকার দ্বারা পরিচালিত","রু শ   প ণ্য   ব র্জ ন   ক রা র   আ হ্বা ন   স মা জ   মা ধ্য ম গু লো তে   ছ ড় া চ্ছে ,   অ ন্য দি কে   হ্যা কা র রা   রু শ   ও য় ে ব সা ই ট গু লি   আ ক্র ম ণ   ক র ছে ন ,   বি শে ষ   ক রে   যে গু লি   রু শ   স র কা র   দ্বা রা   প রি চা লি ত",76,21
সে মুম্বাইয়ের দাদর রেল স্টেশনে ফুল বেচতে শুরু করে এবং অবশেষে এই শহরে দুটি ফুলের দোকানের মালিক হতে সক্ষম হয়,সে   মু ম্বা ই য় ে র   দা দ র   রে ল   স্টে শ নে   ফু ল   বে চ তে   শু রু   ক রে   এ বং   অ ব শে ষে   এ ই   শ হ রে   দু টি   ফু লে র   দো কা নে র   মা লি ক   হ তে   স ক্ষ ম   হ য়,54,20
"জিহাদী, মুজাহিদীন ও ফেদায়ীন হলো অনুরূপ আরবি শব্দ, যা ইংরেজি অভিধানে প্রবেশ করেছে","জি হা দী ,   মু জা হি দী ন   ও   ফে দা য ় ী ন   হ লো   অ নু রূ প   আ র বি   শ ব্দ ,   যা   ই ং রে জি   অ ভি ধা নে   প্র বে শ   ক রে ছে",43,13
গণতন্ত্র প্রত্যাশী এবং সর্বোচ্চ নেতা আলি খামেনেই-এর শাসন বিরোধী ইরানীয়দের দীর্ঘমেয়াদি কারাবাস এবং মৃত্যুদণ্ড দেওয়ার দীর্ঘ রেকর্ড রয়েছে এই দুই বিচারকের,গ ণ ত ন্ত্র   প্র ত্যা শী   এ বং   স র্বো চ্চ   নে তা   আ লি   খা মে নে ই - এ র   শা স ন   বি রো ধী   ই রা নী য় দে র   দী র্ঘ মে য় া দি   কা রা বা স   এ বং   মৃ ত্যু দ ণ্ড   দে ও য় া র   দী র্ঘ   রে ক র্ড   র য় ে ছে   এ ই   দু ই   বি চা র কে র,74,21
প্রথমটির পূর্বে এবং প্রতিটি মন্বন্তরের পরে প্রত্যেকটিতে একটি কৃত-যুগ (সত্য যুগ) সহ একটি মন্বন্তর-সন্ধ্যা (সংযোগ যুগ) থাকে,প্র থ ম টি র   পূ র্বে   এ বং   প্র তি টি   ম ন্ব ন্ত রে র   প রে   প্র ত্যে ক টি তে   এ ক টি   কৃ ত - যু গ   ( স ত্য   যু গ )   স হ   এ ক টি   ম ন্ব ন্ত র - স ন্ধ্যা   ( সং যো গ   যু গ )   থা কে,59,17
ক্রোনাস তার পিতার সঙ্গে বিশ্বাসঘাতকতা করেছিল এবং তার সন্তানও সেই একই কাজ করবে এই ভয়ে সে রিয়ার প্রতিটি সন্তানকে জন্মলাভের সঙ্গে সঙ্গেই কেড়ে খেয়ে নিত,ক্রো না স   তা র   পি তা র   স ঙ্গে   বি শ্বা স ঘা ত ক তা   ক রে ছি ল   এ বং   তা র   স ন্তা ন ও   সে ই   এ ক ই   কা জ   ক র বে   এ ই   ভ য় ে   সে   রি য় া র   প্র তি টি   স ন্তা ন কে   জ ন্ম লা ভে র   স ঙ্গে   স ঙ্গে ই   কে ড় ে   খে য় ে   নি ত,74,25
"ফ্রিডহেম হার্ডির মতে, কৃষ্ণ-ঐতিহ্যকে উত্তরের ঐতিহ্যের সঙ্গে মিলিয়ে দেওয়ার প্রবণতা থাকা সত্বেও প্রাচীন ""দক্ষিণী কৃষ্ণবাদ""-এর প্রমাণ রয়েছে","ফ্রি ড হে ম   হা র্ডি র   ম তে ,   কৃ ষ্ণ - ঐ তি হ্য কে   উ ত্ত রে র   ঐ তি হ্যে র   স ঙ্গে   মি লি য় ে   দে ও য় া র   প্র ব ণ তা   থা কা   স ত্বে ও   প্রা চী ন   "" দ ক্ষি ণী   কৃ ষ্ণ বা দ "" - এ র   প্র মা ণ   র য় ে ছে",67,17
কোনও বুদ্ধ মূর্তির অভিষেকের আচারটি হলো বুদ্ধের জীবনসংক্রান্ত শ্রুতির পুনঃপ্রণয়ন সম্বলিত আরেকটি বৌদ্ধ আচার,কো ন ও   বু দ্ধ   মূ র্তি র   অ ভি ষে কে র   আ চা র টি   হ লো   বু দ্ধে র   জী ব ন সং ক্রা ন্ত   শ্রু তি র   পু নঃ প্র ণ য় ন   স ম্ব লি ত   আ রে ক টি   বৌ দ্ধ   আ চা র,50,14
বৌদ্ধ ধর্মে ব্রহ্ম হলেন এক প্রধান দেবতা (দেব) এবং স্বর্গের রাজা,বৌ দ্ধ   ধ র্মে   ব্র হ্ম   হ লে ন   এ ক   প্র ধা ন   দে ব তা   ( দে ব )   এ বং   স্ব র্গে র   রা জা,28,11
"কর্ণাটকে, ৭ম এবং ৮ম শতাব্দীর পট্টাডাকালের মন্দির সমূহ, গম্বুজাকৃতি ছাদের চৈত্য কক্ষ ধরনের পরিকল্পনা থাকা সত্ত্বেও আইহোলের মতোই, পরবর্তীকালে উত্তর ও দক্ষিণ উভয়ের সঙ্গে সম্পর্কিত বিখ্যাত ধারার মেলবন্ধন ঘটায়","ক র্ণা ট কে ,   ৭ ম   এ বং   ৮ ম   শ তা ব্দী র   প ট্টা ডা কা লে র   ম ন্দি র   স মূ হ ,   গ ম্বু জা কৃ তি   ছা দে র   চৈ ত্য   ক ক্ষ   ধ র নে র   প রি ক ল্প না   থা কা   স ত্ত্বে ও   আ ই হো লে র   ম তো ই ,   প র ব র্তী কা লে   উ ত্ত র   ও   দ ক্ষি ণ   উ ভ য় ে র   স ঙ্গে   স ম্প র্কি ত   বি খ্যা ত   ধা রা র   মে ল ব ন্ধ ন   ঘ টা য়",101,29
"যাইহোক, অনারবীয় মুসলমান ধর্মান্তরিতদের মধ্যে আরবীয়দের উচ্চ মর্যাদা এবং ভারী কর প্রদানে অনারবীয়দের বাধ্যবাদকতা অসন্তোষের সৃষ্টি করে","যা ই হো ক ,   অ না র বী য়   মু স ল মা ন   ধ র্মা ন্ত রি ত দে র   ম ধ্যে   আ র বী য় দে র   উ চ্চ   ম র্যা দা   এ বং   ভা রী   ক র   প্র দা নে   অ না র বী য় দে র   বা ধ্য বা দ ক তা   অ স ন্তো ষে র   সৃ ষ্টি   ক রে",66,17
"লোপেজ বলেন যে তাঁরা বৌদ্ধ শব্দটিও ব্যবহার করতেন, যদিও পণ্ডিত রিচার্ড কোহেনের মতে বৌদ্ধদের বোঝাতে এই শব্দটি শুধুমাত্র বহিরাগতরাই ব্যবহার করতেন","লো পে জ   ব লে ন   যে   তাঁ রা   বৌ দ্ধ   শ ব্দ টি ও   ব্য ব হা র   ক র তে ন ,   য দি ও   প ণ্ডি ত   রি চা র্ড   কো হে নে র   ম তে   বৌ দ্ধ দে র   বো ঝা তে   এ ই   শ ব্দ টি   শু ধু মা ত্র   ব হি রা গ ত রা ই   ব্য ব হা র   ক র তে ন",70,21
"সারা ভারত, পাকিস্তান ও আমেরিকা জুড়ে তাঁর হাজার হাজার শিষ্য ছিল এবং সারা ভারত জুড়ে তাঁর অনেক খলিফাও ছিল","সা রা   ভা র ত ,   পা কি স্তা ন   ও   আ মে রি কা   জু ড় ে   তাঁ র   হা জা র   হা জা র   শি ষ্য   ছি ল   এ বং   সা রা   ভা র ত   জু ড় ে   তাঁ র   অ নে ক   খ লি ফা ও   ছি ল",51,19
"তিনি দেখান যে, প্রকৃতির বিস্ময় অথবা ব্রহ্মাণ্ডের আপাত নিয়মানুবর্তিতা থেকে সংগৃহীত ভগবানের অস্তিত্ব প্রমাণের প্রধান যুক্তিগুলির সবক'টিই বিরোধিতাযোগ্য (নির্দিষ্ট কিছু জঘন্য কীটপতঙ্গের অস্তিত্বে বিস্ময়ের কী আছে, সমস্ত গ্রহগুলির প্রায় অনুরূপ সমতলে ঘূর্ণনের পর্যবেক্ষণে নিয়মানুবর্তিতার কি আছে, অনুরূপ সমতল লক্ষণীয় হতে পারতো কিন্তু 'প্রায় অনুরূপ সমতল' অনেক কম বিশ্বাসযোগ্য)","তি নি   দে খা ন   যে ,   প্র কৃ তি র   বি স্ম য়   অ থ বা   ব্র হ্মা ণ্ডে র   আ পা ত   নি য় মা নু ব র্তি তা   থে কে   সং গৃ হী ত   ভ গ বা নে র   অ স্তি ত্ব   প্র মা ণে র   প্র ধা ন   যু ক্তি গু লি র   স ব ক ' টি ই   বি রো ধি তা যো গ্য   ( নি র্দি ষ্ট   কি ছু   জ ঘ ন্য   কী ট প ত ঙ্গে র   অ স্তি ত্বে   বি স্ম য় ে র   কী   আ ছে ,   স ম স্ত   গ্র হ গু লি র   প্রা য়   অ নু রূ প   স ম ত লে   ঘূ র্ণ নে র   প র্য বে ক্ষ ণে   নি য় মা নু ব র্তি তা র   কি   আ ছে ,   অ নু রূ প   স ম ত ল   ল ক্ষ ণী য়   হ তে   পা র তো   কি ন্তু   ' প্রা য়   অ নু রূ প   স ম ত ল '   অ নে ক   ক ম   বি শ্বা স যো গ্য )",177,48
তাঁর মাধ্যমে যম (দক্ষিণ অঞ্চলে বসবাসকারী মৃত্যুর দেবতা)-কে প্রতিহত করার জন্য প্রতিদ্বন্দ্বিতায় বদ্ধপরিকর আরও এক মৃত্যুর দেবতাকে প্রকাশ্যে আনে উত্তরের অঞ্চল,তাঁ র   মা ধ্য মে   য ম   ( দ ক্ষি ণ   অ ঞ্চ লে   ব স বা স কা রী   মৃ ত্যু র   দে ব তা ) - কে   প্র তি হ ত   ক রা র   জ ন্য   প্র তি দ্ব ন্দ্বি তা য়   ব দ্ধ প রি ক র   আ র ও   এ ক   মৃ ত্যু র   দে ব তা কে   প্র কা শ্যে   আ নে   উ ত্ত রে র   অ ঞ্চ ল,74,21
"৮ম শতাব্দীর বৈদিক পণ্ডিত ও গুরু (আচার্য) আদি শঙ্কর যেখানে ব্রাহ্মণের সদা উপস্থিতির কারণে ব্রাহ্মণ-জ্ঞান সরল এবং কোনও 'ক্রিয়া' অর্থাৎ প্রচেষ্টা ও উদ্যমের অপ্রয়োজনীয়তায় জোর দেন, সেখানে জ্ঞানের মাধ্যম হিসাবে মহাকাব্যের অনুশীলন এবং যোগ সমাধির স্বীকৃতি সহ বিস্তারিত প্রস্তুতিমূলক অনুশীলনের নির্দেশ দিয়ে অন্যান্য আধ্যাত্মিক শাখা ও প্রথায় স্বীকৃত বৈপরীত্যের জন্ম দেয় অদ্বৈত প্রথা","৮ ম   শ তা ব্দী র   বৈ দি ক   প ণ্ডি ত   ও   গু রু   ( আ চা র্য )   আ দি   শ ঙ্ক র   যে খা নে   ব্রা হ্ম ণে র   স দা   উ প স্থি তি র   কা র ণে   ব্রা হ্ম ণ - জ্ঞা ন   স র ল   এ বং   কো ন ও   ' ক্রি য় া '   অ র্থা ৎ   প্র চে ষ্টা   ও   উ দ্য মে র   অ প্র য় ো জ নী য় তা য়   জো র   দে ন ,   সে খা নে   জ্ঞা নে র   মা ধ্য ম   হি সা বে   ম হা কা ব্যে র   অ নু শী ল ন   এ বং   যো গ   স মা ধি র   স্বী কৃ তি   স হ   বি স্তা রি ত   প্র স্তু তি মূ ল ক   অ নু শী ল নে র   নি র্দে শ   দি য় ে   অ ন্যা ন্য   আ ধ্যা ত্মি ক   শা খা   ও   প্র থা য়   স্বী কৃ ত   বৈ প রী ত্যে র   জ ন্ম   দে য়   অ দ্বৈ ত   প্র থা",173,53
ইসলামের আগমন বৌদ্ধ ধর্মের মঠ ঐতিহ্যের প্রতি রাজকীয় পৃষ্ঠপোষকতাকে অপসারিত করে এবং দীর্ঘ-দূরত্বের বাণিজ্যে মুসলমান দ্বারা বৌদ্ধদের প্রতিস্থাপনটি পৃষ্ঠপোষকতার সূত্রগুলির ক্ষয়সাধন করে,ই স লা মে র   আ গ ম ন   বৌ দ্ধ   ধ র্মে র   ম ঠ   ঐ তি হ্যে র   প্র তি   রা জ কী য়   পৃ ষ্ঠ পো ষ ক তা কে   অ প সা রি ত   ক রে   এ বং   দী র্ঘ - দূ র ত্বে র   বা ণি জ্যে   মু স ল মা ন   দ্বা রা   বৌ দ্ধ দে র   প্র তি স্থা প ন টি   পৃ ষ্ঠ পো ষ ক তা র   সূ ত্র গু লি র   ক্ষ য় সা ধ ন   ক রে,88,22
"তৃতীয় পর্যায়ে, অতিরিক্ত ধারণার প্রবর্তন ঘটে; উদাহরণস্বরূপ, কর্মের বোঝা লাঘবকারী আচার, অনুতাপ এবং তাওবাদী মন্দিরে অর্পণ করাকে উৎসাহিত করা হত","তৃ তী য়   প র্যা য় ে ,   অ তি রি ক্ত   ধা র ণা র   প্র ব র্ত ন   ঘ টে ;   উ দা হ র ণ স্ব রূ প ,   ক র্মে র   বো ঝা   লা ঘ ব কা রী   আ চা র ,   অ নু তা প   এ বং   তা ও বা দী   ম ন্দি রে   অ র্প ণ   ক রা কে   উ ৎ সা হি ত   ক রা   হ ত",74,20
"অনন্ত কৌণ্ডিন্যকে প্রতিশ্রুতি দেন যে, তৎক্ষণাৎ ১৪-বছরের প্রতিজ্ঞাটি করলে তিনি সব পাপ থেকে মুক্ত হয়ে সম্পত্তি, সন্তান ও সুখের অধিকারী হবেন","অ ন ন্ত   কৌ ণ্ডি ন্য কে   প্র তি শ্রু তি   দে ন   যে ,   ত ৎ ক্ষ ণা ৎ   ১ ৪ - ব ছ রে র   প্র তি জ্ঞা টি   ক র লে   তি নি   স ব   পা প   থে কে   মু ক্ত   হ য় ে   স ম্প ত্তি ,   স ন্তা ন   ও   সু খে র   অ ধি কা রী   হ বে ন",65,21
"৭ম শতাব্দীর ভারতবর্ষে জুয়ানঝাং-এর সম্মুখীন হওয়া প্রায় অর্ধেক সন্ন্যাসী মহাযানী হওয়ার আগে পর্যন্ত, বেশ খানিকটা সময়ের জন্য, ভারতীয় বৌদ্ধদের মধ্যে মহাযান ছিল ধীরগতিতে বৃদ্ধি পাওয়া একটি সংখ্যালঘু গোষ্ঠী","৭ ম   শ তা ব্দী র   ভা র ত ব র্ষে   জু য় া ন ঝাং - এ র   স ম্মু খী ন   হ ও য় া   প্রা য়   অ র্ধে ক   স ন্ন্যা সী   ম হা যা নী   হ ও য় া র   আ গে   প র্য ন্ত ,   বে শ   খা নি ক টা   স ম য় ে র   জ ন্য ,   ভা র তী য়   বৌ দ্ধ দে র   ম ধ্যে   ম হা যা ন   ছি ল   ধী র গ তি তে   বৃ দ্ধি   পা ও য় া   এ ক টি   সং খ্যা ল ঘু   গো ষ্ঠী",100,28
১৬০২ খ্রিষ্টাব্দে যখন ওলন্দাজ অধিনায়ক জোরিস ভ্যান স্পিলবার্গেন অবতরণ করেন তখন ক্যাণ্ডির রাজা তাঁর কাছে সাহায্যের আবেদন করেন,১ ৬ ০ ২   খ্রি ষ্টা ব্দে   য খ ন   ও ল ন্দা জ   অ ধি না য় ক   জো রি স   ভ্যা ন   স্পি ল বা র্গে ন   অ ব ত র ণ   ক রে ন   ত খ ন   ক্যা ণ্ডি র   রা জা   তাঁ র   কা ছে   সা হা য্যে র   আ বে দ ন   ক রে ন,60,18
বিবৃতিটি চুক্তি সংস্থাকৃত সাধারণ মন্তব্য এবং দেশ-নির্দিষ্ট সুপারিশগুলিকে বাছাই করে উদ্ধৃত করে এবং তাঁর ব্যক্তিগত মতামতকে ন্যায্যতা প্রদানকারী তথাকথিত যোগ্যকর্তা নীতি সহ বিতর্কিত ও অস্বীকৃত নীতিগুলিকে প্রচার করে,বি বৃ তি টি   চু ক্তি   সং স্থা কৃ ত   সা ধা র ণ   ম ন্ত ব্য   এ বং   দে শ - নি র্দি ষ্ট   সু পা রি শ গু লি কে   বা ছা ই   ক রে   উ দ্ধৃ ত   ক রে   এ বং   তাঁ র   ব্য ক্তি গ ত   ম তা ম ত কে   ন্যা য্য তা   প্র দা ন কা রী   ত থা ক থি ত   যো গ্য ক র্তা   নী তি   স হ   বি ত র্কি ত   ও   অ স্বী কৃ ত   নী তি গু লি কে   প্র চা র   ক রে,95,28
"এই সমন্বয়ে কনফুসীয় আচার এবং প্রতিষ্ঠানের সঙ্গে বিস্তৃত একটি উদার গণতান্ত্রিক কাঠামোর মিশ্রণ ঘটেছে, সেঙের মতে, যা অত্যধিক ব্যক্তিকেন্দ্রিকতা ও নৈতিক দর্শনের ঘাটতিতে ভুগতে থাকা পাশ্চাত্য-শৈলীর উদারনীতি এবং অনমনীয় শ্রেণীবিভাগ ও অভিজাতদের হাতে ঐতিহাসিকভাবে দমিত ঐতিহ্যবাহী কনফুসীয়বাদ, উভয়ের থেকেই আলাদা","এ ই   স ম ন্ব য় ে   ক ন ফু সী য়   আ চা র   এ বং   প্র তি ষ্ঠা নে র   স ঙ্গে   বি স্তৃ ত   এ ক টি   উ দা র   গ ণ তা ন্ত্রি ক   কা ঠা মো র   মি শ্র ণ   ঘ টে ছে ,   সে ঙে র   ম তে ,   যা   অ ত্য ধি ক   ব্য ক্তি কে ন্দ্রি ক তা   ও   নৈ তি ক   দ র্শ নে র   ঘা ট তি তে   ভু গ তে   থা কা   পা শ্চা ত্য - শৈ লী র   উ দা র নী তি   এ বং   অ ন ম নী য়   শ্রে ণী বি ভা গ   ও   অ ভি জা ত দে র   হা তে   ঐ তি হা সি ক ভা বে   দ মি ত   ঐ তি হ্য বা হী   ক ন ফু সী য় বা দ ,   উ ভ য় ে র   থে কে ই   আ লা দা",150,40
"শিখ ধর্ম খাদ্যে মিতাচার ও সংযম উৎসাহিত করে, অর্থাৎ উপবাস অথবা অতি আহার কোনোটিই নয়","শি খ   ধ র্ম   খা দ্যে   মি তা চা র   ও   সং য ম   উ ৎ সা হি ত   ক রে ,   অ র্থা ৎ   উ প বা স   অ থ বা   অ তি   আ হা র   কো নো টি ই   ন য়",43,15
"কিছু ভজন শতাব্দী-প্রাচীন, সমস্ত অঞ্চল জুড়ে জনপ্রিয় ও সামাজিক ঐতিহ্য হিসাবে সঞ্চারিত, আবার অন্যান্যগুলি নতুন করে রচিত","কি ছু   ভ জ ন   শ তা ব্দী - প্রা চী ন ,   স ম স্ত   অ ঞ্চ ল   জু ড় ে   জ ন প্রি য়   ও   সা মা জি ক   ঐ তি হ্য   হি সা বে   স ঞ্চা রি ত ,   আ বা র   অ ন্যা ন্য গু লি   ন তু ন   ক রে   র চি ত",58,17
"এবং কেউ যদি অসংযমী (হয়ে থাকে), সামর্থ্য অনুযায়ী তারা নিজেদের অসংযম থেকে নিরস্ত করেছে; এবং অতীত ও ভবিষ্যতের তুলনায় প্রত্যেক ক্ষেত্রে তাদের পিতা, মাতা এবং গুরুজনদের বাধ্য হয়ে থাকার ফলে তারা আরও ভালো থাকবে ও সুখে থাকবে","এ বং   কে উ   য দি   অ সং য মী   ( হ য় ে   থা কে ) ,   সা ম র্থ্য   অ নু যা য় ী   তা রা   নি জে দে র   অ সং য ম   থে কে   নি র স্ত   ক রে ছে ;   এ বং   অ তী ত   ও   ভ বি ষ্য তে র   তু ল না য়   প্র ত্যে ক   ক্ষে ত্রে   তা দে র   পি তা ,   মা তা   এ বং   গু রু জ ন দে র   বা ধ্য   হ য় ে   থা কা র   ফ লে   তা রা   আ র ও   ভা লো   থা ক বে   ও   সু খে   থা ক বে",107,37
গুরু গ্রন্থ সাহিব জপজি সাহেব দিয়ে শুরু হয় এদিকে দসম গ্রন্থ শুরু হয় জপ সাহেব দিয়ে যাকে জপু সাহেবও বলা হয়,গু রু   গ্র ন্থ   সা হি ব   জ প জি   সা হে ব   দি য় ে   শু রু   হ য়   এ দি কে   দ স ম   গ্র ন্থ   শু রু   হ য়   জ প   সা হে ব   দি য় ে   যা কে   জ পু   সা হে ব ও   ব লা   হ য়,52,21
"ইমামদের মধ্যে একটি গোপন ব্যালটের মাধ্যমে সম্প্রদায়ের প্রধান প্রতিনিধি, কন্স্‌ট্যাণ্টা মুফতিকে নির্বাচিত করা হয়","ই মা ম দে র   ম ধ্যে   এ ক টি   গো প ন   ব্যা ল টে র   মা ধ্য মে   স ম্প্র দা য় ে র   প্র ধা ন   প্র তি নি ধি ,   ক ন্স্ ট্যা ণ্টা   মু ফ তি কে   নি র্বা চি ত   ক রা   হ য়",50,14
"সর্বোচ্চ ধার্মিক কর্তব্য হিসাবে অহিংসার ধর্মতাত্ত্বিক ভিত্তিটিকে ""দান থেকে অর্জিত সদ্গুণ অথবা অন্যান্য প্রাণীর প্রতি সহানুভূতি বা সমস্ত প্রাণী উদ্ধারের কর্তব্য দ্ৱারা চালিত"" হিসাবে নয় বরং ""ক্রমাগত আত্ম-শৃঙ্খলা"", শেষ পর্যন্ত নির্বাণ এবং পুনর্জন্ম থেকে মুক্তিকে প্রভাবিত করা নিজের আধ্যাত্মিক উন্নতি সাধনকারী আত্মার শুদ্ধিকরণের পরিণাম হিসাবে ব্যাখ্যা করেছেন কয়েকজন জৈন পণ্ডিত","স র্বো চ্চ   ধা র্মি ক   ক র্ত ব্য   হি সা বে   অ হিং সা র   ধ র্ম তা ত্ত্বি ক   ভি ত্তি টি কে   "" দা ন   থে কে   অ র্জি ত   স দ্গু ণ   অ থ বা   অ ন্যা ন্য   প্রা ণী র   প্র তি   স হা নু ভূ তি   বা   স ম স্ত   প্রা ণী   উ দ্ধা রে র   ক র্ত ব্য   দ্ ৱ া রা   চা লি ত ""   হি সা বে   ন য়   ব রং   "" ক্র মা গ ত   আ ত্ম - শৃ ঙ্খ লা "" ,   শে ষ   প র্য ন্ত   নি র্বা ণ   এ বং   পু ন র্জ ন্ম   থে কে   মু ক্তি কে   প্র ভা বি ত   ক রা   নি জে র   আ ধ্যা ত্মি ক   উ ন্ন তি   সা ধ ন কা রী   আ ত্মা র   শু দ্ধি ক র ণে র   প রি ণা ম   হি সা বে   ব্যা খ্যা   ক রে ছে ন   ক য় ে ক জ ন   জৈ ন   প ণ্ডি ত",166,50
মুঘল শাসন যুগে বহু উপদলীয় শিখ সম্প্রদায় গঠিত হয়,মু ঘ ল   শা স ন   যু গে   ব হু   উ প দ লী য়   শি খ   স ম্প্র দা য়   গ ঠি ত   হ য়,26,9
মামলুক শাসনের প্রথম যুগের পুরোনো অভিজাত শ্রেণীর উৎখাতের সাক্ষী ছিল আলাই যুগ,মা ম লু ক   শা স নে র   প্র থ ম   যু গে র   পু রো নো   অ ভি জা ত   শ্রে ণী র   উ ৎ খা তে র   সা ক্ষী   ছি ল   আ লা ই   যু গ,38,12
উদাহরণগুলি হলো অমৃতসরের স্বর্ণ মন্দির এবং হুজুর সাহিব,উ দা হ র ণ গু লি   হ লো   অ মৃ ত স রে র   স্ব র্ণ   ম ন্দি র   এ বং   হু জু র   সা হি ব,28,8
"ফেনেক বলেন, ""পবিত্র শিখ গ্রন্থ, গুরু গ্রন্থ সাহিব এবং সহযোগী প্রধান দসম গ্রন্থে ভারতীয় পৌরাণিক কাহিনী ছড়িয়ে আছে এবং বর্তমানের শিখ এবং অতীতে তাদের পূর্বপুরুষদের পবিত্র প্রতীকী বিশ্বের মধ্যো সূক্ষ্ম পার্থক্য ও মর্ম যোগ করে","ফে নে ক   ব লে ন ,   "" প বি ত্র   শি খ   গ্র ন্থ ,   গু রু   গ্র ন্থ   সা হি ব   এ বং   স হ যো গী   প্র ধা ন   দ স ম   গ্র ন্থে   ভা র তী য়   পৌ রা ণি ক   কা হি নী   ছ ড় ি য় ে   আ ছে   এ বং   ব র্ত মা নে র   শি খ   এ বং   অ তী তে   তা দে র   পূ র্ব পু রু ষ দে র   প বি ত্র   প্র তী কী   বি শ্বে র   ম ধ্যো   সূ ক্ষ্ম   পা র্থ ক্য   ও   ম র্ম   যো গ   ক রে",102,35
মতবাদটির বিবর্তন এবং বুদ্ধের শিক্ষা প্রচার করার ক্ষেত্রে এটির বিশেষ ক্ষমতা থাকার কারণ ব্যাখ্যাকারী এই আখ্যানগুলি সৃষ্টিসংক্রান্ত কাহিনীর কাজ করে,ম ত বা দ টি র   বি ব র্ত ন   এ বং   বু দ্ধে র   শি ক্ষা   প্র চা র   ক রা র   ক্ষে ত্রে   এ টি র   বি শে ষ   ক্ষ ম তা   থা কা র   কা র ণ   ব্যা খ্যা কা রী   এ ই   আ খ্যা ন গু লি   সৃ ষ্টি সং ক্রা ন্ত   কা হি নী র   কা জ   ক রে,64,20
"এই পাঠগত শ্রেণীবিভাগের বিপরীতে, বহু সম্মানিত হিন্দু গ্রন্থ ও মতবাদ সামাজিক শ্রেণীবিভাগের এই ব্যবস্থার বিরুদ্ধে প্রশ্ন তুলে এটির সঙ্গে অসম্মত হয়","এ ই   পা ঠ গ ত   শ্রে ণী বি ভা গে র   বি প রী তে ,   ব হু   স ম্মা নি ত   হি ন্দু   গ্র ন্থ   ও   ম ত বা দ   সা মা জি ক   শ্রে ণী বি ভা গে র   এ ই   ব্য ব স্থা র   বি রু দ্ধে   প্র শ্ন   তু লে   এ টি র   স ঙ্গে   অ স ম্ম ত   হ য়",66,21
১৯২৫-এ প্রতিষ্ঠিত ফিনিশ-ইসলামীয় সঙ্ঘ হলো প্রাচীনতম,১ ৯ ২ ৫ - এ   প্র তি ষ্ঠি ত   ফি নি শ - ই স লা মী য়   স ঙ্ঘ   হ লো   প্রা চী ন ত ম,28,6
"মুরিদদের সখনা মাগট ডিওপ নামের একজন মহিলা মারাবুত ছিলেন, যিনি উত্তরাধিকার সূত্রে তাঁর পিতার পদপ্রাপ্ত","মু রি দ দে র   স খ না   মা গ ট   ডি ও প   না মে র   এ ক জ ন   ম হি লা   মা রা বু ত   ছি লে ন ,   যি নি   উ ত্ত রা ধি কা র   সূ ত্রে   তাঁ র   পি তা র   প দ প্রা প্ত",51,15
"সাধারণত, আধুনিক স্পেনের প্রথম যুগে, বহু সন্ন্যাসিনী ছিলেন বার্ষিক খরচ হিসাবে সন্ন্যাসিনী সঙ্ঘের পণ ও ""রক্ষণাবেক্ষণ ভাতা"" প্রদানে সক্ষম অভিজাত পরিবার থেকে আগত","সা ধা র ণ ত ,   আ ধু নি ক   স্পে নে র   প্র থ ম   যু গে ,   ব হু   স ন্ন্যা সি নী   ছি লে ন   বা র্ষি ক   খ র চ   হি সা বে   স ন্ন্যা সি নী   স ঙ্ঘে র   প ণ   ও   "" র ক্ষ ণা বে ক্ষ ণ   ভা তা ""   প্র দা নে   স ক্ষ ম   অ ভি জা ত   প রি বা র   থে কে   আ গ ত",76,23
"ইনুইটের প্রথাগত কাহিনী, আচার এবং বিধিনিষেধগুলি প্রায়শই হল তাদের রুক্ষ সুমেরীয় পরিবেশের বিপদের বিরুদ্ধে সতর্কতা","ই নু ই টে র   প্র থা গ ত   কা হি নী ,   আ চা র   এ বং   বি ধি নি ষে ধ গু লি   প্রা য় শ ই   হ ল   তা দে র   রু ক্ষ   সু মে রী য়   প রি বে শে র   বি প দে র   বি রু দ্ধে   স ত র্ক তা",56,15
"উপাসনা অথবা প্রার্থনার স্থানের নিরিখে, কপিতায়নে সাঙ্গার পরিভাষাটিও ব্যবহার করেছেন ওয়ালিসোঙ্গো, যা হিন্দুত্ব অথবা বৌদ্ধ ধর্মের আলোকচ্ছটা বা মূর্তির পরিবর্তে সাং হ্যাং তায়ার প্রতীকস্বরূপ দেওয়ালে একটি খালি গর্ত সহ এক চার-চতুষ্কোণ স্থাপত্যের প্রতিনিধিত্ৱ করে","উ পা স না   অ থ বা   প্রা র্থ না র   স্থা নে র   নি রি খে ,   ক পি তা য় নে   সা ঙ্গা র   প রি ভা ষা টি ও   ব্য ব হা র   ক রে ছে ন   ও য় া লি সো ঙ্গো ,   যা   হি ন্দু ত্ব   অ থ বা   বৌ দ্ধ   ধ র্মে র   আ লো ক চ্ছ টা   বা   মূ র্তি র   প রি ব র্তে   সাং   হ্যাং   তা য় া র   প্র তী ক স্ব রূ প   দে ও য় া লে   এ ক টি   খা লি   গ র্ত   স হ   এ ক   চা র - চ তু ষ্কো ণ   স্থা প ত্যে র   প্র তি নি ধি ত্ ৱ   ক রে",119,34
"খ্রিশ্চানদের দ্বারা অবৈধ সম্পর্ককে অনৈতিক ও পাপ বলে ধরা হয়, যা মূলত এক্সোডাস ২০:১৪ ও ১ কোরিন্থিয়ান্স ৬:৯১০ রচনাংশের উপর ভিত্তি করা","খ্রি শ্চা ন দে র   দ্বা রা   অ বৈ ধ   স ম্প র্ক কে   অ নৈ তি ক   ও   পা প   ব লে   ধ রা   হ য় ,   যা   মূ ল ত   এ ক্সো ডা স   ২ ০ : ১ ৪   ও   ১   কো রি ন্থি য় া ন্স   ৬ : ৯ ১ ০   র চ নাং শে র   উ প র   ভি ত্তি   ক রা",66,22
"তিনি তাঁর মাকে, যিনি অ-ধার্মিক অভিভাবকদের দ্বারা বড় হয়ে উঠেছিলেন, ""ধর্মবোধ থেকে বিচ্ছিন্ন"" একজন মানুষ বলে উল্লেখ করলেও অনেক ক্ষেত্রে ""আমার জানা অধ্যাত্মবোধে সবচেয়ে জাগরিত একজন ব্যক্তি"" এবং ""ধর্মনিরপেক্ষ মানবতাবোধের একজন একাকী সাক্ষী"" বলেছেন","তি নি   তাঁ র   মা কে ,   যি নি   অ - ধা র্মি ক   অ ভি ভা ব ক দে র   দ্বা রা   ব ড়   হ য় ে   উ ঠে ছি লে ন ,   "" ধ র্ম বো ধ   থে কে   বি চ্ছি ন্ন ""   এ ক জ ন   মা নু ষ   ব লে   উ ল্লে খ   ক র লে ও   অ নে ক   ক্ষে ত্রে   "" আ মা র   জা না   অ ধ্যা ত্ম বো ধে   স ব চে য় ে   জা গ রি ত   এ ক জ ন   ব্য ক্তি ""   এ বং   "" ধ র্ম নি র পে ক্ষ   মা ন ব তা বো ধে র   এ ক জ ন   এ কা কী   সা ক্ষী ""   ব লে ছে ন",123,34
উপনিষদের ৭,উ প নি ষ দে র   ৭,7,2
"১ বিভাগে সনৎকুমার বলেন, ""জাগতিক জ্ঞানকে শ্রদ্ধা ও মান্য করো, কিন্তু সমস্ত জ্ঞান একত্রিত করে ব্রাহ্মণ নামে ধ্যান করো","১   বি ভা গে   স ন ৎ কু মা র   ব লে ন ,   "" জা গ তি ক   জ্ঞা ন কে   শ্র দ্ধা   ও   মা ন্য   ক রো ,   কি ন্তু   স ম স্ত   জ্ঞা ন   এ ক ত্রি ত   ক রে   ব্রা হ্ম ণ   না মে   ধ্যা ন   ক রো",52,19
"""","""",1,1
"মন্ত্রগুলি তৈত্তিরীয় উপনিষদ, শিক্ষাবলী ১ ১১","ম ন্ত্র গু লি   তৈ ত্তি রী য়   উ প নি ষ দ ,   শি ক্ষা ব লী   ১   ১ ১",21,6
"২ থেকে নেওয়া, যেখানে বলা হয়: মাতৃদেব ভব, মিত্রদেব ভস, পিতৃদেব ভব, পুত্রদেব ভব, আচার্যদেব ভব, অতিথিদেব ভব","২   থে কে   নে ও য় া ,   যে খা নে   ব লা   হ য় :   মা তৃ দে ব   ভ ব ,   মি ত্র দে ব   ভ স ,   পি তৃ দে ব   ভ ব ,   পু ত্র দে ব   ভ ব ,   আ চা র্য দে ব   ভ ব ,   অ তি থি দে ব   ভ ব",59,18
১৯২০-র অলিম্পিকে ভারত তার প্রথম জাতীয় দল পাঠায় এবং সেই থেকে প্রত্যেক গ্রীষ্মকালীন অলিম্পিকে অংশগ্রহণ করে আসছে,১ ৯ ২ ০ - র   অ লি ম্পি কে   ভা র ত   তা র   প্র থ ম   জা তী য়   দ ল   পা ঠা য়   এ বং   সে ই   থে কে   প্র ত্যে ক   গ্রী ষ্ম কা লী ন   অ লি ম্পি কে   অ ং শ গ্র হ ণ   ক রে   আ স ছে,55,17
বায়ুচালিত বন্দুকদ্বয় লম্বা বন্দুক (এয়ার রাইফেল) ও হ্যাণ্ডগানের (এয়ার পিস্তল) রূপে পাওয়া যায়,বা য ় ু চা লি ত   ব ন্দু ক দ্ব য়   ল ম্বা   ব ন্দু ক   ( এ য ় া র   রা ই ফে ল )   ও   হ্যা ণ্ড গা নে র   ( এ য ় া র   পি স্ত ল )   রূ পে   পা ও য় া   যা য়,52,13
"একমাত্র মিলখা সিংহই ছিলেন কমনওয়েল্থ গেম্সে ব্যক্তিগত স্বর্ণপদক প্রাপক, কিন্তু ২০১০ কমনওয়েল্থ গেম্সে ভারতের হয়ে মহিলাদের ডিস্কাস থ্রো-এ স্বর্ণপদক জিতে এবং কমনওয়েল্থ গেম্সের অ্যাথলেটিক্সে প্রথম মহিলা স্বর্ণপদক প্রাপক হিসাবে ৫২ বছর পরে ইতিহাস গড়েন কৃষ্ণা পুনিয়া","এ ক মা ত্র   মি ল খা   সিং হ ই   ছি লে ন   ক ম ন ও য় ে ল্থ   গে ম্সে   ব্য ক্তি গ ত   স্ব র্ণ প দ ক   প্রা প ক ,   কি ন্তু   ২ ০ ১ ০   ক ম ন ও য় ে ল্থ   গে ম্সে   ভা র তে র   হ য় ে   ম হি লা দে র   ডি স্কা স   থ্রো - এ   স্ব র্ণ প দ ক   জি তে   এ বং   ক ম ন ও য় ে ল্থ   গে ম্সে র   অ ্ যা থ লে টি ক্সে   প্র থ ম   ম হি লা   স্ব র্ণ প দ ক   প্রা প ক   হি সা বে   ৫ ২   ব ছ র   প রে   ই তি হা স   গ ড় ে ন   কৃ ষ্ণা   পু নি য় া",132,36
অঞ্জুর বিবাহ হয় রবার্ট ববি জর্জের সঙ্গে যিনি হলেন ট্রিপল জাম্পে প্রাক্তন জাতীয় চ্যাম্পিয়ন এবং তাঁর প্রশিক্ষকও,অ ঞ্জু র   বি বা হ   হ য়   র বা র্ট   ব বি   জ র্জে র   স ঙ্গে   যি নি   হ লে ন   ট্রি প ল   জা ম্পে   প্রা ক্ত ন   জা তী য ়   চ্যা ম্পি য ় ন   এ বং   তাঁ র   প্র শি ক্ষ ক ও,49,17
সেকেণ্ড প্রতি ২,সে কে ণ্ড   প্র তি   ২,6,3
০ মিটারের বেশি অনুগামী বাতাস সহ কোনও প্রদর্শন রেকর্ডের মধ্যে গৃহীত হয় না,০   মি টা রে র   বে শি   অ নু গা মী   বা তা স   স হ   কো ন ও   প্র দ র্শ ন   রে ক র্ডে র   ম ধ্যে   গৃ হী ত   হ য়   না,35,13
"২০১০ সালের ১লা জানুয়ারি অনুযায়ী, পুরুষদের কোমর থেকে হাঁটু পর্যন্ত পোশাক পড়ার অনুমতি রয়েছে","২ ০ ১ ০   সা লে র   ১ লা   জা নু য় া রি   অ নু যা য় ী ,   পু রু ষ দে র   কো ম র   থে কে   হাঁ টু   প র্য ন্ত   পো শা ক   প ড় া র   অ নু ম তি   র য় ে ছে",50,14
ব্রিস্টল বিয়ারস (রাগবি ইউনিয়ন) এবং গ্লুচেস্টারশায়ার জেলা ক্রিকেট ক্লাবও এই শহরেই অবস্থিত,ব্রি স্ট ল   বি য ় া র স   ( রা গ বি   ই উ নি য ় ন )   এ বং   গ্লু চে স্টা র শা য ় া র   জে লা   ক্রি কে ট   ক্লা ব ও   এ ই   শ হ রে ই   অ ব স্থি ত,49,12
"২০১৪ সালে সিঙ্গাপুর টেবিল টেনিস অ্যাসোসিয়েশনের সভাপতি লি বি ওয়াহ এই সমস্যার কারণে পদত্যাগ করেছিলেন, পরে তাঁর উত্তরসূরি এলেন লি একজন চীনে জন্মগ্রহণকারী খেলোয়াড় ঝেং জিয়ানের নাগরিকত্বের আবেদনের পক্ষে ছিলেন","২ ০ ১ ৪   সা লে   সি ঙ্গা পু র   টে বি ল   টে নি স   অ ্ যা সো সি য ় ে শ নে র   স ভা প তি   লি   বি   ও য ় া হ   এ ই   স ম স্যা র   কা র ণে   প দ ত্যা গ   ক রে ছি লে ন ,   প রে   তাঁ র   উ ত্ত র সূ রি   এ লে ন   লি   এ ক জ ন   চী নে   জ ন্ম গ্র হ ণ কা রী   খে লো য় া ড়   ঝেং   জি য ় া নে র   না গ রি ক ত্বে র   আ বে দ নে র   প ক্ষে   ছি লে ন",111,30
১৯২০-এর দশক থেকে পেশাদারী ইঞ্জিনিয়াররা ধাতুবিদ্যায় আগ্রহী ছিলেন যা পূর্বে ঐতিহ্যগত কারুশিল্প বিশেষজ্ঞদের একচেটিয়া ক্ষেত্র ছিল,১ ৯ ২ ০ - এ র   দ শ ক   থে কে   পে শা দা রী   ই ঞ্জি নি য় া র রা   ধা তু বি দ্যা য়   আ গ্র হী   ছি লে ন   যা   পূ র্বে   ঐ তি হ্য গ ত   কা রু শি ল্প   বি শে ষ জ্ঞ দে র   এ ক চে টি য ় া   ক্ষে ত্র   ছি ল,63,16
১৮৪টি আন্তর্জাতিক প্রতিযোগিতার ১০২টিতে জয়ী হওয়া এবং সর্বকালের সেরা চালক হিসাবে ব্যাপকভাবে স্বীকৃত জুয়ান ম্যানুয়েল ফাঙ্গিও চারটি আলাদা দলের হয়ে পাঁচ বার ফর্মুলা ওয়ান বিশ্ব চ্যাম্পিয়ন হয়েছেন,১ ৮ ৪ টি   আ ন্ত র্জা তি ক   প্র তি যো গি তা র   ১ ০ ২ টি তে   জ য় ী   হ ও য় া   এ বং   স র্ব কা লে র   সে রা   চা ল ক   হি সা বে   ব্যা প ক ভা বে   স্বী কৃ ত   জু য় া ন   ম্যা নু য় ে ল   ফা ঙ্গি ও   চা র টি   আ লা দা   দ লে র   হ য় ে   পাঁ চ   বা র   ফ র্মু লা   ও য় া ন   বি শ্ব   চ্যা ম্পি য় ন   হ য় ে ছে ন,96,27
ভারতে বেইটন কাপ ও আগা খান টুর্নামেন্ট দশ বছরের মধ্যে শুরু হয়,ভা র তে   বে ই ট ন   কা প   ও   আ গা   খা ন   টু র্না মে ন্ট   দ শ   ব ছ রে র   ম ধ্যে   শু রু   হ য়,30,12
তুরস্কেের আন্টালিয়ায় ২০১২ সালের মে মাসে বিশ্বকাপের ব্যক্তিগত পর্যায়ে দীপিকা কুমারী তাঁর প্রথম রিকার্ভ সোনার পদক জিতেছিলেন,তু র স্কে ে র   আ ন্টা লি য ় া য়   ২ ০ ১ ২   সা লে র   মে   মা সে   বি শ্ব কা পে র   ব্য ক্তি গ ত   প র্যা য ় ে   দী পি কা   কু মা রী   তাঁ র   প্র থ ম   রি কা র্ভ   সো না র   প দ ক   জি তে ছি লে ন,61,17
"তিনি বলেছেন যে, বিগত দুই বছর ধরে না ওঁর বেতন দেওয়া হয়েছে আর না-ই ওঁর ছুটি-পরবর্তী খেলাগুলির জন্য কর্তৃপক্ষ মঞ্জুর করেছে","তি নি   ব লে ছে ন   যে ,   বি গ ত   দু ই   ব ছ র   ধ রে   না   ও ঁ র   বে ত ন   দে ও য় া   হ য় ে ছে   আ র   না - ই   ও ঁ র   ছু টি - প র ব র্তী   খে লা গু লি র   জ ন্য   ক র্তৃ প ক্ষ   ম ঞ্জু র   ক রে ছে",65,21
"সম্ভাব্য প্রতিযোগীদের বিচার করা হয়েছিল তাদের শারীরিক গঠন, চেহারা এবং ব্যক্তিত্বের উপর ভিত্তি করে","স ম্ভা ব্য   প্র তি যো গী দে র   বি চা র   ক রা   হ য় ে ছি ল   তা দে র   শা রী রি ক   গ ঠ ন ,   চে হা রা   এ বং   ব্য ক্তি ত্বে র   উ প র   ভি ত্তি   ক রে",46,14
বিশ্বকাপে ভারতের একমাত্র জয় অর্জনে সবচেয়ে গুরুত্বপূর্ণ জয়সূচক গোলটি করেন অশোক কুমার,বি শ্ব কা পে   ভা র তে র   এ ক মা ত্র   জ য়   অ র্জ নে   স ব চে য় ে   গু রু ত্ব পূ র্ণ   জ য় সূ চ ক   গো ল টি   ক রে ন   অ শো ক   কু মা র,44,12
"২০১৪ সালের কমনওয়েলথ গেমসে মহিলাদের ৫৫ কেজি ফ্রিস্টাইল বিভাগের কোয়ার্টার ফাইনালে ববিতার প্রথম প্রতিপক্ষ ছিল স্কটল্যাণ্ডের ক্যাথরিন মার্শ যাকে সে ৯২, ৪০ (শ্রেণিবিন্যাস পয়েন্ট ৪:১)-এ পরাজিত করে","২ ০ ১ ৪   সা লে র   ক ম ন ও য ় ে ল থ   গে ম সে   ম হি লা দে র   ৫ ৫   কে জি   ফ্রি স্টা ই ল   বি ভা গে র   কো য ় া র্টা র   ফা ই না লে   ব বি তা র   প্র থ ম   প্র তি প ক্ষ   ছি ল   স্ক ট ল্যা ণ্ডে র   ক্যা থ রি ন   মা র্শ   যা কে   সে   ৯ ২ ,   ৪ ০   ( শ্রে ণি বি ন্যা স   প য ় ে ন্ট   ৪ : ১ ) - এ   প রা জি ত   ক রে",101,27
২০১৫ সালের কমনওয়েলথ ক্যারাটে গেমস ভারতের দিল্লিতে অনুষ্ঠিত হয়,২ ০ ১ ৫   সা লে র   ক ম ন ও য ় ে ল থ   ক্যা রা টে   গে ম স   ভা র তে র   দি ল্লি তে   অ নু ষ্ঠি ত   হ য়,35,9
"পুরুষ এবং মহিলাদের নিক্ষিপ্ত সরঞ্জামের ওজন আলাদা হয়: মহিলাদের ৬০০-র তুলনায় পুরুষদের জ্যাভেলিন হয় ৮০০ গ্রামের, মহিলাদের ২০-র তুলনায় পুরুষদের ওজন নিক্ষেপ ৩৫ পাউণ্ডের হয়, মহিলাদের ১-এর তুলনায় পুরুষদের ডিস্কাস হয় ২ কিলোগ্রামের, মহিলাদের ৮ পাউণ্ডের তুলনায় পুরুষদের শট পুট হয় ১৬ পাউণ্ডের, এবং মহিলাদের ৮-এর তুলনায় পুরুষদের হাতুড়ি নিক্ষেপ ১৬ পাউণ্ডের হয়","পু রু ষ   এ বং   ম হি লা দে র   নি ক্ষি প্ত   স র ঞ্জা মে র   ও জ ন   আ লা দা   হ য় :   ম হি লা দে র   ৬ ০ ০ - র   তু ল না য়   পু রু ষ দে র   জ্যা ভে লি ন   হ য়   ৮ ০ ০   গ্রা মে র ,   ম হি লা দে র   ২ ০ - র   তু ল না য়   পু রু ষ দে র   ও জ ন   নি ক্ষে প   ৩ ৫   পা উ ণ্ডে র   হ য় ,   ম হি লা দে র   ১ - এ র   তু ল না য়   পু রু ষ দে র   ডি স্কা স   হ য়   ২   কি লো গ্রা মে র ,   ম হি লা দে র   ৮   পা উ ণ্ডে র   তু ল না য়   পু রু ষ দে র   শ ট   পু ট   হ য়   ১ ৬   পা উ ণ্ডে র ,   এ বং   ম হি লা দে র   ৮ - এ র   তু ল না য়   পু রু ষ দে র   হা তু ড় ি   নি ক্ষে প   ১ ৬   পা উ ণ্ডে র   হ য়",189,53
২০০৯ সালে তিনি লাভজনক গুজরাট ক্রিকেট অ্যাসোসিয়েশনের (জি,২ ০ ০ ৯   সা লে   তি নি   লা ভ জ ন ক   গু জ রা ট   ক্রি কে ট   অ ্ যা সো সি য ় ে শ নে র   ( জি,33,8
সি,সি,1,1
এ) উপসভাপতি হয়েছিলেন এদিকে মোদী এটির সভাপতি হিসেবে সেবা প্রদান করেছিলেন,এ )   উ প স ভা প তি   হ য় ে ছি লে ন   এ দি কে   মো দী   এ টি র   স ভা প তি   হি সে বে   সে বা   প্র দা ন   ক রে ছি লে ন,39,11
"আরেকটি প্রকার হলো রিলে ট্রায়াথলন যেখানে প্রতিযোগিতায় একটি প্রতিযোগীদের দল পালাক্রমে অংশ নেয়, প্রত্যেক প্রতিযোগীকে সাঁতার, সাইক্লিং এবং দৌড়ের একটি করে অংশ করতে হয়","আ রে ক টি   প্র কা র   হ লো   রি লে   ট্রা য ় া থ ল ন   যে খা নে   প্র তি যো গি তা য়   এ ক টি   প্র তি যো গী দে র   দ ল   পা লা ক্র মে   অ ং শ   নে য় ,   প্র ত্যে ক   প্র তি যো গী কে   সাঁ তা র ,   সা ই ক্লিং   এ বং   দৌ ড় ে র   এ ক টি   ক রে   অ ং শ   ক র তে   হ য়",82,24
"আইসিসি-র নিয়ম অনুযায়ী, দ্বিতীয়ভাগে ব্যাট করা পক্ষকে ২৫ ওভার বল করার পরেই একমাত্র কোনও একদিনের আন্তর্জাতিক ম্যাচ সরকারীভাবে স্বীকৃত হয়","আ ই সি সি - র   নি য় ম   অ নু যা য় ী ,   দ্বি তী য় ভা গে   ব্যা ট   ক রা   প ক্ষ কে   ২ ৫   ও ভা র   ব ল   ক রা র   প রে ই   এ ক মা ত্র   কো ন ও   এ ক দি নে র   আ ন্ত র্জা তি ক   ম্যা চ   স র কা রী ভা বে   স্বী কৃ ত   হ য়",70,20
অতিরিক্ত দিনে শ্রীলঙ্কানরা আবার প্রথমে ব্যাট করে মাহেলা জয়বর্ধনে ও রাসেল আর্নল্ডের যথাক্রমে ৭৭ ও ৫৬ রান সহ ২২২ রান তোলে এবং ভারতীয় জাহির খান ৪৪ রানে তিন উইকেট নেন,অ তি রি ক্ত   দি নে   শ্রী ল ঙ্কা ন রা   আ বা র   প্র থ মে   ব্যা ট   ক রে   মা হে লা   জ য ় ব র্ধ নে   ও   রা সে ল   আ র্ন ল্ডে র   য থা ক্র মে   ৭ ৭   ও   ৫ ৬   রা ন   স হ   ২ ২ ২   রা ন   তো লে   এ বং   ভা র তী য়   জা হি র   খা ন   ৪ ৪   রা নে   তি ন   উ ই কে ট   নে ন,81,30
এপ্রিল ২০০১-এ আইটিএফ সার্কিটে ১৫-বছর-বয়সী হিসাবে আত্মপ্রকাশ করে সিনিয়র সার্কিটে প্রাথমিক সাফল্য প্রদর্শন করতে শুরু করেন মির্জা,এ প্রি ল   ২ ০ ০ ১ - এ   আ ই টি এ ফ   সা র্কি টে   ১ ৫ - ব ছ র - ব য় সী   হি সা বে   আ ত্ম প্র কা শ   ক রে   সি নি য় র   সা র্কি টে   প্রা থ মি ক   সা ফ ল্য   প্র দ র্শ ন   ক র তে   শু রু   ক রে ন   মি র্জা,65,17
"২০২৩ ক্রিকেট বিশ্বকাপের বাছাইপর্বে, দু'টি দলের মধ্যে লীগ ২-এর দলটি উচ্চতর স্থানে শেষ করলে, ১৩তম স্থানে থাকা দলটির পরিবর্তে সিডব্লুসি লীগ ২-এর শীর্ষস্থানীয় দলটিকে পরবর্তী ২০২০-২০২৩ আইসিসি ক্রিকেট বিশ্বকাপ সুপার লীগে তুলে দেওয়াই ছিল আসল উদ্দেশ্য","২ ০ ২ ৩   ক্রি কে ট   বি শ্ব কা পে র   বা ছা ই প র্বে ,   দু ' টি   দ লে র   ম ধ্যে   লী গ   ২ - এ র   দ ল টি   উ চ্চ ত র   স্থা নে   শে ষ   ক র লে ,   ১ ৩ ত ম   স্থা নে   থা কা   দ ল টি র   প রি ব র্তে   সি ড ব্লু সি   লী গ   ২ - এ র   শী র্ষ স্থা নী য়   দ ল টি কে   প র ব র্তী   ২ ০ ২ ০ - ২ ০ ২ ৩   আ ই সি সি   ক্রি কে ট   বি শ্ব কা প   সু পা র   লী গে   তু লে   দে ও য় া ই   ছি ল   আ স ল   উ দ্দে শ্য",126,36
চীনের হিয়েন ইন পেং এবং চান হাও-চিংকে হারিয়ে মিক্সড ডাব্‌ল্‌স প্রতিযোগিতায় সোনা জয়ে সাকেথ মাইনেনির সঙ্গে তিনি জুটি বাঁধেন,চী নে র   হি য় ে ন   ই ন   পেং   এ বং   চা ন   হা ও - চিং কে   হা রি য় ে   মি ক্স ড   ডা ব্ ল্ স   প্র তি যো গি তা য়   সো না   জ য় ে   সা কে থ   মা ই নে নি র   স ঙ্গে   তি নি   জু টি   বাঁ ধে ন,58,19
"সেমেনিয়ার দেশ বিশ্ব ক্রীড়ায় তাঁর মর্যাদা, অধিকার এবং স্থান রক্ষার্থে তাঁকে ঘিরে সমাবেশ করেছিল","সে মে নি য ় া র   দে শ   বি শ্ব   ক্রী ড ় া য়   তাঁ র   ম র্যা দা ,   অ ধি কা র   এ বং   স্থা ন   র ক্ষা র্থে   তাঁ কে   ঘি রে   স মা বে শ   ক রে ছি ল",45,14
"জিব্রাল্টার প্রণালী, তিররেনীয় সাগর, কুক প্রণালী, গ্রীসে তোরোনিওস উপসাগর (ক্যাসাণ্ড্রার উপসাগর), ক্যালিফোর্নিয়া উপকূলের ক্যাটালানিয়া চ্যানেল এবং থ্রি অ্যাঙ্কর উপসাগর থেকে দক্ষিণ আফ্রিকার কেপ টাউনের কাছে রবেন দ্বীপ পর্যন্ত ২০০৫-এ পাঁচটি মহাদেশের সাগর প্রণালী সাঁতরে পার করা প্রথম মহিলা হলেন তিনিই","জি ব্রা ল্টা র   প্র ণা লী ,   তি র রে নী য়   সা গ র ,   কু ক   প্র ণা লী ,   গ্রী সে   তো রো নি ও স   উ প সা গ র   ( ক্যা সা ণ্ড্রা র   উ প সা গ র ) ,   ক্যা লি ফো র্নি য় া   উ প কূ লে র   ক্যা টা লা নি য় া   চ্যা নে ল   এ বং   থ্রি   অ ্ যা ঙ্ক র   উ প সা গ র   থে কে   দ ক্ষি ণ   আ ফ্রি কা র   কে প   টা উ নে র   কা ছে   র বে ন   দ্বী প   প র্য ন্ত   ২ ০ ০ ৫ - এ   পাঁ চ টি   ম হা দে শে র   সা গ র   প্র ণা লী   সাঁ ত রে   পা র   ক রা   প্র থ ম   ম হি লা   হ লে ন   তি নি ই",144,40
একটি রাজ্য দলের হয়ে জাতীয় চ্যাম্পিয়নশিপের সিনিয়র স্তরে তাঁর সর্বাধিক পদক জয়ের জাতীয় রেকর্ড রয়েছে,এ ক টি   রা জ্য   দ লে র   হ য় ে   জা তী য়   চ্যা ম্পি য় ন শি পে র   সি নি য় র   স্ত রে   তাঁ র   স র্বা ধি ক   প দ ক   জ য় ে র   জা তী য়   রে ক র্ড   র য় ে ছে,50,15
২০০৬-এর একটি কমনওয়েল্থ গেম্‌স এবং ২০১০ ও ২০১৪-র দু'টি এশীয় গেম্‌সে ভারতীয় জাতীয় দলের প্রতিনিধিত্বকারী প্রথম মহিলা বাস্কেটবল খেলোয়াড় তিনি,২ ০ ০ ৬ - এ র   এ ক টি   ক ম ন ও য় ে ল্থ   গে ম্ স   এ বং   ২ ০ ১ ০   ও   ২ ০ ১ ৪ - র   দু ' টি   এ শী য়   গে ম্ সে   ভা র তী য়   জা তী য়   দ লে র   প্র তি নি ধি ত্ব কা রী   প্র থ ম   ম হি লা   বা স্কে ট ব ল   খে লো য় া ড়   তি নি,77,20
"এদিকে, লাহিড়ী দুটি ইউরোপিয়ান ট্যুর এবং সাতটি এশিয়ান ট্যুর জিতেছেন","এ দি কে ,   লা হি ড় ী   দু টি   ই উ রো পি য় া ন   ট্যু র   এ বং   সা ত টি   এ শি য় া ন   ট্যু র   জি তে ছে ন",35,10
দক্ষিণ কোরিয়ার বুসানে ২০০২ এশীয় গেম্‌সে রৌপ্য পদক জয় তাঁর খ্যাতি বৃদ্ধি করে,দ ক্ষি ণ   কো রি য় া র   বু সা নে   ২ ০ ০ ২   এ শী য়   গে ম্ সে   রৌ প্য   প দ ক   জ য়   তাঁ র   খ্যা তি   বৃ দ্ধি   ক রে,36,13
এই চারটি ইভেণ্টকে একসঙ্গে মেজর্স অথবা স্ল্যাম্‌স (বেসবল নয় বরং ব্রিজ থেকে ঋণীকৃত একটি পরিভাষা) বলা হয়,এ ই   চা র টি   ই ভে ণ্ট কে   এ ক স ঙ্গে   মে জ র্স   অ থ বা   স্ল্যা ম্ স   ( বে স ব ল   ন য়   ব রং   ব্রি জ   থে কে   ঋ ণী কৃ ত   এ ক টি   প রি ভা ষা )   ব লা   হ য়,51,17
"প্রাঙ্গণ জুড়ে অলিম্পিকের পতাকাটি বহন করেন আটজন প্রাক্তন অস্ট্রেলীয় অলিম্পিক চ্যাম্পিয়ন: নিল রয়ক্রফ্ট, মারে রোজ, লিয়্যান টুথ, জিলিয়ান রল্টন, মার্জারি জ্যাকসন, লরেন ক্র্যাপ, মাইকেল ওয়েণ্ডেন এবং নিক গ্রীন","প্রা ঙ্গ ণ   জু ড় ে   অ লি ম্পি কে র   প তা কা টি   ব হ ন   ক রে ন   আ ট জ ন   প্রা ক্ত ন   অ স্ট্রে লী য়   অ লি ম্পি ক   চ্যা ম্পি য় ন :   নি ল   র য় ক্র ফ্ট ,   মা রে   রো জ ,   লি য় ্ যা ন   টু থ ,   জি লি য় া ন   র ল্ট ন ,   মা র্জা রি   জ্যা ক স ন ,   ল রে ন   ক্র্যা প ,   মা ই কে ল   ও য় ে ণ্ডে ন   এ বং   নি ক   গ্রী ন",99,28
"সিডনি অপেরা হাউসের আশপাশে থাকা সুইৎজারল্যাণ্ডের প্রতিনিধিত্বকারী ব্রিজিট ম্যাকমোহন দেশের বিশেষ সুবিধাপ্রাপ্ত ক্রীড়াবিদদের যেমন রূপো জয়ী মিশেলি জোন্সকে সাঁতারে, সাইকেল চালনায় এবং দৌড়ে পরাজিত করে এই ক্রীড়ায় প্রথম সোনার পদক জিতেছিলেন","সি ড নি   অ পে রা   হা উ সে র   আ শ পা শে   থা কা   সু ই ৎ জা র ল্যা ণ্ডে র   প্র তি নি ধি ত্ব কা রী   ব্রি জি ট   ম্যা ক মো হ ন   দে শে র   বি শে ষ   সু বি ধা প্রা প্ত   ক্রী ড় া বি দ দে র   যে ম ন   রূ পো   জ য় ী   মি শে লি   জো ন্স কে   সাঁ তা রে ,   সা ই কে ল   চা ল না য়   এ বং   দৌ ড় ে   প রা জি ত   ক রে   এ ই   ক্রী ড় া য়   প্র থ ম   সো না র   প দ ক   জি তে ছি লে ন",114,31
মহিলাদের প্রতিযোগিতার সঙ্গে অলিম্পিকে ট্রায়াথলনের অভিষেক ঘটে,ম হি লা দে র   প্র তি যো গি তা র   স ঙ্গে   অ লি ম্পি কে   ট্রা য ় া থ ল নে র   অ ভি ষে ক   ঘ টে,31,7
"আসল জীবনে ""কুট্টিনারায়ণন"" নামে পরিচিত এই হাতিটি সাত বছর বয়সে একটি সেপ্টিক ট্যাঙ্কে পা দেওয়ার দুর্ঘটনায় তার পা ভেঙে ফেলে","আ স ল   জী ব নে   "" কু ট্টি না রা য় ণ ন ""   না মে   প রি চি ত   এ ই   হা তি টি   সা ত   ব ছ র   ব য় সে   এ ক টি   সে প্টি ক   ট্যা ঙ্কে   পা   দে ও য় া র   দু র্ঘ ট না য়   তা র   পা   ভে ঙে   ফে লে",60,20
১৮৭৫ সালে কাঠামোকে উইংফিল্ডের সংস্করণের অনুরূপ চিহ্ন সহ তার অঙ্গনের বালিঘড়ির আকৃতি একটি আয়তক্ষেত্রে বদল করে বর্তমানে বিদ্যমান অঙ্গনের নকশায় পরিবর্তন করা হয়েছিল,১ ৮ ৭ ৫   সা লে   কা ঠা মো কে   উ ই ং ফি ল্ডে র   সং স্ক র ণে র   অ নু রূ প   চি হ্ন   স হ   তা র   অ ঙ্গ নে র   বা লি ঘ ড ় ি র   আ কৃ তি   এ ক টি   আ য ় ত ক্ষে ত্রে   ব দ ল   ক রে   ব র্ত মা নে   বি দ্য মা ন   অ ঙ্গ নে র   ন ক শা য়   প রি ব র্ত ন   ক রা   হ য় ে ছি ল,87,23
পূর্ণবেগে দৌড়ানোয় মার্কিন যুক্তরাষ্ট্রের আধিপত্য দীর্ঘতর ট্র্যাক দৌড়ে বজায় রেখেছিল গ্রেট ব্রিটেন,পূ র্ণ বে গে   দৌ ড় া নো য়   মা র্কি ন   যু ক্ত রা ষ্ট্রে র   আ ধি প ত্য   দী র্ঘ ত র   ট্র্যা ক   দৌ ড় ে   ব জা য়   রে খে ছি ল   গ্রে ট   ব্রি টে ন,42,12
দ্বিতীয় রাউণ্ডে তিনি অ্যান কেওথাভংকে হারিয়ে কোয়ার্টার ফাইনালে প্রবেশ করেন যেখানে সিহ সু-উইয়ের কাছে তিনি হেরে যান,দ্বি তী য়   রা উ ণ্ডে   তি নি   অ ্ যা ন   কে ও থা ভং কে   হা রি য় ে   কো য ় া র্টা র   ফা ই না লে   প্র বে শ   ক রে ন   যে খা নে   সি হ   সু - উ ই য় ে র   কা ছে   তি নি   হে রে   যা ন,57,17
"অন্যান্য ফ্রেঞ্চ শিল্পীরা, যাঁরা তাঁদের কাজে এই খেলার প্রতিনিধিত্ব করেছেন, সেগুলির মধ্যে রয়েছে অ্যালবার্ট গ্লাইজেস-এর লে জুউর দ্য ফুতবল (১৯১২), রবার্ট দেলনের ফুতবল ল'কিপ দ্য কার্ডিফ (১৯১৬), এবং আন্দ্রে লোতের পার্তি দ্য রাগবি (১৯১৭)","অ ন্যা ন্য   ফ্রে ঞ্চ   শি ল্পী রা ,   যাঁ রা   তাঁ দে র   কা জে   এ ই   খে লা র   প্র তি নি ধি ত্ব   ক রে ছে ন ,   সে গু লি র   ম ধ্যে   র য় ে ছে   অ ্ যা ল বা র্ট   গ্লা ই জে স - এ র   লে   জু উ র   দ্য   ফু ত ব ল   ( ১ ৯ ১ ২ ) ,   র বা র্ট   দে ল নে র   ফু ত ব ল   ল ' কি প   দ্য   কা র্ডি ফ   ( ১ ৯ ১ ৬ ) ,   এ বং   আ ন্দ্রে   লো তে র   পা র্তি   দ্য   রা গ বি   ( ১ ৯ ১ ৭ )",115,34
এই রাস্তাটি উত্তর ভারতীয় খাবারের জন্য প্রসিদ্ধ হলেও এই চত্বরে অন্যান্য ভারতীয় খাবারও পাওয়া যায়,এ ই   রা স্তা টি   উ ত্ত র   ভা র তী য ়   খা বা রে র   জ ন্য   প্র সি দ্ধ   হ লে ও   এ ই   চ ত্ব রে   অ ন্যা ন্য   ভা র তী য ়   খা বা র ও   পা ও য় া   যা য়,48,15
"বাকুর সাংস্কৃতিক স্থানগুলির মধ্যে রয়েছে আজারবাইজান স্টেট ফিলহারমোনিক হল, আজারবাইজান স্টেট অ্যাকাডেমিক অপেরা এবং ব্যালে থিয়েটার","বা কু র   সাং স্কৃ তি ক   স্থা ন গু লি র   ম ধ্যে   র য় ে ছে   আ জা র বা ই জা ন   স্টে ট   ফি ল হা র মো নি ক   হ ল ,   আ জা র বা ই জা ন   স্টে ট   অ ্ যা কা ডে মি ক   অ পে রা   এ বং   ব্যা লে   থি য় ে টা র",65,16
"ভানুয়াতু এবং সলোমন দ্বীপপুঞ্জ প্রাকৃতিক আকর্ষণের দিক দিয়ে কোনো অংশে কম নয়, তবে যেহেতু এই দুটি দেশে পর্যটক কম হয় সেহেতু এই অঞ্চলের আকর্ষণগুলিকে বেশীরভাগ ক্ষেত্রেই যথার্থ মূল্য দেওয়া হয় না","ভা নু য ় া তু   এ বং   স লো ম ন   দ্বী প পু ঞ্জ   প্রা কৃ তি ক   আ ক র্ষ ণে র   দি ক   দি য় ে   কো নো   অ ং শে   ক ম   ন য় ,   ত বে   যে হে তু   এ ই   দু টি   দে শে   প র্য ট ক   ক ম   হ য়   সে হে তু   এ ই   অ ঞ্চ লে র   আ ক র্ষ ণ গু লি কে   বে শী র ভা গ   ক্ষে ত্রে ই   য থা র্থ   মূ ল্য   দে ও য় া   হ য়   না",95,31
সেপ্টেম্বর ২০১৬-এর হিসেবে শেনজেন এবং হংকংয়ের মাঝে সীমান্তের উপর নটি পারাপার করার স্থান রয়েছে যার মধ্যে ছটি হলো স্থল সংযোগ,সে প্টে ম্ব র   ২ ০ ১ ৬ - এ র   হি সে বে   শে ন জে ন   এ বং   হং কং য় ে র   মা ঝে   সী মা ন্তে র   উ প র   ন টি   পা রা পা র   ক রা র   স্থা ন   র য় ে ছে   যা র   ম ধ্যে   ছ টি   হ লো   স্থ ল   সং যো গ,62,20
"বাংলাদেশী গ্রামগুলিতে কাদামাটি, খড়, কাঠ এবং বাঁশের মতো প্রাকৃতিক উপাদানে নির্মিত খড়ের চালের বাড়ি রয়েছে","বাং লা দে শী   গ্রা ম গু লি তে   কা দা মা টি ,   খ ড় ,   কা ঠ   এ বং   বাঁ শে র   ম তো   প্রা কৃ তি ক   উ পা দা নে   নি র্মি ত   খ ড় ে র   চা লে র   বা ড় ি   র য় ে ছে",51,15
"আফ্রিকার এই অংশে আপনি পাবেন সাভানায় সাফারি করার একেবারে সেরা অভিজ্ঞতা, সিংহ, চিতা এবং হাতি সন্ধান করার জন্য ল্যাণ্ড রোভারে চড়ে সমভূমি জুড়ে বেড়িয়ে আসা","আ ফ্রি কা র   এ ই   অ ং শে   আ প নি   পা বে ন   সা ভা না য়   সা ফা রি   ক রা র   এ কে বা রে   সে রা   অ ভি জ্ঞ তা ,   সিং হ ,   চি তা   এ বং   হা তি   স ন্ধা ন   ক রা র   জ ন্য   ল্যা ণ্ড   রো ভা রে   চ ড় ে   স ম ভূ মি   জু ড় ে   বে ড় ি য় ে   আ সা",75,25
১৯২৯-এ রেজিনাল্ড ইনেস পোকক দ্বারা প্যান্থেরা বর্গের অন্তর্ভুক্ত হয় এটি,১ ৯ ২ ৯ - এ   রে জি না ল্ড   ই নে স   পো ক ক   দ্বা রা   প্যা ন্থে রা   ব র্গে র   অ ন্ত র্ভু ক্ত   হ য়   এ টি,32,10
"বালিপাড়া থেকে আরও ১৫ কিমি যেতে হবে - হয় আপনি ইটানগর-বমডিলা বাসটি ধরবেন যেটা বালিপাড়া দিয়ে সকাল ১১টা নাগাদ যাবে, আপনাকে নামেরি বাস স্টপে নামিয়ে দেবে (সেখানে আপনি ""ভালুকপং ২২ কিমি"" মাইলফলকটি দেখতে পাবেন) অথবা নামেরি বাস স্টপে নামার জন্য যে অসংখ্য শেয়ার ট্যাক্সি রয়েছে সেগুলির একটির সঙ্গে দরাদরি করে নেবেন","বা লি পা ড ় া   থে কে   আ র ও   ১ ৫   কি মি   যে তে   হ বে   -   হ য়   আ প নি   ই টা ন গ র - ব ম ডি লা   বা স টি   ধ র বে ন   যে টা   বা লি পা ড ় া   দি য় ে   স কা ল   ১ ১ টা   না গা দ   যা বে ,   আ প না কে   না মে রি   বা স   স্ট পে   না মি য় ে   দে বে   ( সে খা নে   আ প নি   "" ভা লু ক পং   ২ ২   কি মি ""   মা ই ল ফ ল ক টি   দে খ তে   পা বে ন )   অ থ বা   না মে রি   বা স   স্ট পে   না মা র   জ ন্য   যে   অ সং খ্য   শে য় া র   ট্যা ক্সি   র য় ে ছে   সে গু লি র   এ ক টি র   স ঙ্গে   দ রা দ রি   ক রে   নে বে ন",161,51
গোয়ায় দু'টি বিশ্ব ঐতিহ্যবাহী স্থান আছে: বম জিসাস ব্যাসিলিকা এবং পুরনো গোয়ার গির্জা ও মঠগুলি,গো য় া য়   দু ' টি   বি শ্ব   ঐ তি হ্য বা হী   স্থা ন   আ ছে :   ব ম   জি সা স   ব্যা সি লি কা   এ বং   পু র নো   গো য় া র   গি র্জা   ও   ম ঠ গু লি,44,15
"একটি বেশ বড় প্রদর্শনী, সংরক্ষণাগার এবং কর্মক্ষেত্র এলাকা সহ তাহরির ময়দানে গ্র্যাণ্ড মিশরীয় সংগ্রহশালা হল প্রাচীন মিশরীয় সংগ্রহশালার দীর্ঘ প্রতীক্ষিত প্রাথমিক প্রতিস্থাপন","এ ক টি   বে শ   ব ড়   প্র দ র্শ নী ,   সং র ক্ষ ণা গা র   এ বং   ক র্ম ক্ষে ত্র   এ লা কা   স হ   তা হ রি র   ম য় দা নে   গ্র্যা ণ্ড   মি শ রী য ়   সং গ্র হ শা লা   হ ল   প্রা চী ন   মি শ রী য ়   সং গ্র হ শা লা র   দী র্ঘ   প্র তী ক্ষি ত   প্রা থ মি ক   প্র তি স্থা প ন",80,22
"গ্বালিয়রও দেশের একটি গুরুত্বপূর্ণ ঐতিহাসিক ও পর্যটন বিভাগ; অতএব, দেশের অর্থনীতির উপর এই পর্যটন বিভাগেরও একটি প্রভাব রয়েছে","গ্বা লি য় র ও   দে শে র   এ ক টি   গু রু ত্ব পূ র্ণ   ঐ তি হা সি ক   ও   প র্য ট ন   বি ভা গ ;   অ ত এ ব ,   দে শে র   অ র্থ নী তি র   উ প র   এ ই   প র্য ট ন   বি ভা গে র ও   এ ক টি   প্র ভা ব   র য় ে ছে",67,18
ফাঁড়িটির উপস্থিতির সম্মানে পরবর্তীকালে অন্তরীপটির নাম পরিবর্তন করে উত্তমাশা অন্তরীপ করা হয়,ফাঁ ড় ি টি র   উ প স্থি তি র   স ম্মা নে   প র ব র্তী কা লে   অ ন্ত রী প টি র   না ম   প রি ব র্ত ন   ক রে   উ ত্ত মা শা   অ ন্ত রী প   ক রা   হ য়,46,12
১৯৯৯-এ মোটামুটি ১৬ লক্ষ পর্যটক কিউবা ভ্রমণে গিয়ে মোট প্রায় ১৯০ কোটি ডলার রাজস্ব উৎপাদন করেন বলে কিউবার আধিকারিকদের অনুমান,১ ৯ ৯ ৯ - এ   মো টা মু টি   ১ ৬   ল ক্ষ   প র্য ট ক   কি উ বা   ভ্র ম ণে   গি য় ে   মো ট   প্রা য়   ১ ৯ ০   কো টি   ড লা র   রা জ স্ব   উ ৎ পা দ ন   ক রে ন   ব লে   কি উ বা র   আ ধি কা রি ক দে র   অ নু মা ন,67,20
"এই অঞ্চলের খাদ্যে গুরুত্বপূর্ণ আরব, সিরীয়, পর্তুগিজ, ওলন্দাজ, ইহুদি এবং মধ্য প্রাচ্যের প্রভাবের অস্তিত্ব রয়েছে","এ ই   অ ঞ্চ লে র   খা দ্যে   গু রু ত্ব পূ র্ণ   আ র ব ,   সি রী য় ,   প র্তু গি জ ,   ও ল ন্দা জ ,   ই হু দি   এ বং   ম ধ্য   প্রা চ্যে র   প্র ভা বে র   অ স্তি ত্ব   র য় ে ছে",52,15
লোনাভালা মহারাষ্ট্রের একটি পাহাড়ি অঞ্চল এবং আপনি এখানকার গরম মশলা চা বা বড়াপাও বাদ দিতে পারবেন না (নিরামিষ ভারতীয় বার্গার যার পুর হিসেবে থাকে বেসনে চোবানো ডুবো তেলে ভাজা আলুর প্যাটি),লো না ভা লা   ম হা রা ষ্ট্রে র   এ ক টি   পা হা ড় ি   অ ঞ্চ ল   এ বং   আ প নি   এ খা ন কা র   গ র ম   ম শ লা   চা   বা   ব ড় া পা ও   বা দ   দি তে   পা র বে ন   না   ( নি রা মি ষ   ভা র তী য়   বা র্গা র   যা র   পু র   হি সে বে   থা কে   বে স নে   চো বা নো   ডু বো   তে লে   ভা জা   আ লু র   প্যা টি ),90,31
স্কুবা ডাইভিংয়ের সমস্ত স্তরের জন্য মাদাং প্রসিদ্ধ এবং এই প্রবাল-প্রাচীর হলো বিভিন্ন বিরল প্রজাতির রঙিন মাছের বাসস্থান,স্কু বা   ডা ই ভিং য় ে র   স ম স্ত   স্ত রে র   জ ন্য   মা দাং   প্র সি দ্ধ   এ বং   এ ই   প্র বা ল - প্রা চী র   হ লো   বি ভি ন্ন   বি র ল   প্র জা তি র   র ঙি ন   মা ছে র   বা স স্থা ন,54,17
"অবশেষে, গ্রীষ্মমণ্ডলীয় এশিয়া, যা পূর্ব এশিয়ার একটি অংশ এবং দক্ষিণ ও দক্ষিণ-পূর্ব এশিয়ার বেশীরভাগ অংশ জুড়ে রয়েছে, যেখানের জমিতে চাষ বা নগরায়ন করা হয় না, বিভিন্ন ধরনের ক্রান্তীয় বনাঞ্চল এবং হাজার হাজার সমুদ্রসৈকত যেমন মালদ্বীপের মতো নির্জন স্বর্গ দ্বীপ থেকে শুরু করে থাইল্যাণ্ডে অবস্থিত বিশ্বের সবচেয়ে জনপ্রিয় কিছু সমুদ্র সৈকত রিসর্টে ভরা","অ ব শে ষে ,   গ্রী ষ্ম ম ণ্ড লী য়   এ শি য ় া ,   যা   পূ র্ব   এ শি য় া র   এ ক টি   অ ং শ   এ বং   দ ক্ষি ণ   ও   দ ক্ষি ণ - পূ র্ব   এ শি য় া র   বে শী র ভা গ   অ ং শ   জু ড় ে   র য় ে ছে ,   যে খা নে র   জ মি তে   চা ষ   বা   ন গ রা য ় ন   ক রা   হ য ়   না ,   বি ভি ন্ন   ধ র নে র   ক্রা ন্তী য ়   ব না ঞ্চ ল   এ বং   হা জা র   হা জা র   স মু দ্র সৈ ক ত   যে ম ন   মা ল দ্বী পে র   ম তো   নি র্জ ন   স্ব র্গ   দ্বী প   থে কে   শু রু   ক রে   থা ই ল্যা ণ্ডে   অ ব স্থি ত   বি শ্বে র   স ব চে য ় ে   জ ন প্রি য ়   কি ছু   স মু দ্র   সৈ ক ত   রি স র্টে   ভ রা",174,52
মহাদেশেটির পূর্বতম অংশের বহু পর্বত আগ্নেয়গিরিতুল্য এবং ইন্দোনেশিয়া ও কামচটকা হলো প্রকৃতপক্ষে আগ্নেয়গিরি-সম্বন্ধীয় পর্যটনের অসাধারণ গন্তব্যস্থল,ম হা দে শে টি র   পূ র্ব ত ম   অ ং শে র   ব হু   প র্ব ত   আ গ্নে য ় গি রি তু ল্য   এ বং   ই ন্দো নে শি য ় া   ও   কা ম চ ট কা   হ লো   প্র কৃ ত প ক্ষে   আ গ্নে য় গি রি - স ম্ব ন্ধী য়   প র্য ট নে র   অ সা ধা র ণ   গ ন্ত ব্য স্থ ল,74,16
মেঘালয়ের খাদ্য অদ্বিতীয় এবং অন্যান্য উত্তরপূর্ব ভারতীয় রাজ্যের থেকে আলাদা,মে ঘা ল য় ে র   খা দ্য   অ দ্বি তী য়   এ বং   অ ন্যা ন্য   উ ত্ত র পূ র্ব   ভা র তী য়   রা জ্যে র   থে কে   আ লা দা,34,10
শহরের সমৃদ্ধ সাংস্কৃতিক ঐতিহ্যকে বুকার পুরস্কারপ্রাপ্ত সলমন রুশদি ও অরবিন্দ আদিগার হাত ধরে আন্তর্জাতিকভাবে দৃষ্টিগোচর করানো হয়েছে,শ হ রে র   স মৃ দ্ধ   সাং স্কৃ তি ক   ঐ তি হ্য কে   বু কা র   পু র স্কা র প্রা প্ত   স ল ম ন   রু শ দি   ও   অ র বি ন্দ   আ দি গা র   হা ত   ধ রে   আ ন্ত র্জা তি ক ভা বে   দৃ ষ্টি গে া চ র   ক রা নো   হ য় ে ছে,64,17
আঙ্কোর প্রত্নতাত্ত্বিক উদ্যানে প্রবেশ করতে অ-কম্বোডীয় পরিদর্শকদের অবশ্যই একটি আঙ্কোর পাস নিতে হবে,আ ঙ্কো র   প্র ত্ন তা ত্ত্বি ক   উ দ্যা নে   প্র বে শ   ক র তে   অ - ক ম্বো ডী য়   প রি দ র্শ ক দে র   অ ব শ্য ই   এ ক টি   আ ঙ্কো র   পা স   নি তে   হ বে,46,13
"এমনকি ফ্লোরিডা, অরল্যাণ্ডো এবং এর আশেপাশে অসংখ্য অন্যান্য আকর্ষণের মাঝেও মাউস হাউজ খাড়া হয়ে দাঁড়িয়ে রয়েছে, এর বাতিঘরটি প্রতি বছর লক্ষ লক্ষ পর্যটককে এই অঞ্চলের প্রতি আকৃষ্ট করে","এ ম ন কি   ফ্লো রি ডা ,   অ র ল্যা ণ্ডো   এ বং   এ র   আ শে পা শে   অ সং খ্য   অ ন্যা ন্য   আ ক র্ষ ণে র   মা ঝে ও   মা উ স   হা উ জ   খা ড় া   হ য় ে   দাঁ ড় ি য় ে   র য় ে ছে ,   এ র   বা তি ঘ র টি   প্র তি   ব ছ র   ল ক্ষ   ল ক্ষ   প র্য ট ক কে   এ ই   অ ঞ্চ লে র   প্র তি   আ কৃ ষ্ট   ক রে",90,28
"সান ফ্রান্সিসকোর উপসাগরের খেয়া চলে ফেরী বিল্ডিং ও পিয়ার ৩৯ থেকে ওকল্যাণ্ড, আলামেডা, বে ফার্ম আইল্যাণ্ড, দক্ষিণ সান ফ্রান্সিসকোর কিছু জায়গায় এবং উত্তরে সোলানো কাউণ্টির ভালেহো পর্যন্ত","সা ন   ফ্রা ন্সি স কো র   উ প সা গ রে র   খে য় া   চ লে   ফে রী   বি ল্ডিং   ও   পি য় া র   ৩ ৯   থে কে   ও ক ল্যা ণ্ড ,   আ লা মে ডা ,   বে   ফা র্ম   আ ই ল্যা ণ্ড ,   দ ক্ষি ণ   সা ন   ফ্রা ন্সি স কো র   কি ছু   জা য় গা য়   এ বং   উ ত্ত রে   সো লা নো   কা উ ণ্টি র   ভা লে হো   প র্য ন্ত",83,27
ইয়েলো লাইনের অর্জন গড় হলো নিকটতম দিল্লি মেট্রো স্টেশন,ই য় ে লো   লা ই নে র   অ র্জ ন   গ ড়   হ লো   নি ক ট ত ম   দি ল্লি   মে ট্রো   স্টে শ ন,27,9
"স্থানীয় ট্যাক্সিগুলোও চেরাপুঞ্জি পর্যন্ত যায় এবং শিলং থেকে চেরাপুঞ্জি যাওয়ার পথে তারা আপনাকে কয়েকটি ভিউপয়েন্ট এবং দর্শনীয় স্থানে থামার বিকল্প দেয় (এলিফ্যান্ট জলপ্রপাত, মাওকডক ডিম্পেপ ভ্যালি ভিউ এবং অন্যান্য) সেইসঙ্গে চেরাপুঞ্জির দর্শনীয় স্থানগুলিতেও থামার সুযোগ থাকে (মাওসমাই গুহা, চেরাপুঞ্জি ইকো পার্ক, নোহসনিথিয়াং জলপ্রপাত বা সেভেন সিস্টার জলপ্রপাত)","স্থা নী য়   ট্যা ক্সি গু লো ও   চে রা পু ঞ্জি   প র্য ন্ত   যা য়   এ বং   শি লং   থে কে   চে রা পু ঞ্জি   যা ও য ় া র   প থে   তা রা   আ প না কে   ক য ় ে ক টি   ভি উ প য ় ে ন্ট   এ বং   দ র্শ নী য ়   স্থা নে   থা মা র   বি ক ল্প   দে য ়   ( এ লি ফ্যা ন্ট   জ ল প্র পা ত ,   মা ও ক ড ক   ডি ম্পে প   ভ্যা লি   ভি উ   এ বং   অ ন্যা ন্য )   সে ই স ঙ্গে   চে রা পু ঞ্জি র   দ র্শ নী য ়   স্থা ন গু লি তে ও   থা মা র   সু যো গ   থা কে   ( মা ও স মা ই   গু হা ,   চে রা পু ঞ্জি   ই কো   পা র্ক ,   নো হ স নি থি য ় া ং   জ ল প্র পা ত   বা   সে ভে ন   সি স্টা র   জ ল প্র পা ত )",174,47
"জাতীয় উদ্যানে আসা দর্শকদের কাছে অনেক বিকল্প রয়েছে যার অন্তর্ভুক্ত প্রত্যন্ত উত্তর রিম, বেশী গম্য (আর তাই বেশি ভিড়) দক্ষিণ রিম, গিরিখাতের কিছু অংশ যেমন ফ্যান্টম র‍্যাঞ্চ অথবা কলোরাডো নদী, যার উপর অনেক নৌকা ভ্রমণ করা হয়","জা তী য়   উ দ্যা নে   আ সা   দ র্শ ক দে র   কা ছে   অ নে ক   বি ক ল্প   র য় ে ছে   যা র   অ ন্ত র্ভু ক্ত   প্র ত্য ন্ত   উ ত্ত র   রি ম ,   বে শী   গ ম্য   ( আ র   তা ই   বে শি   ভি ড় )   দ ক্ষি ণ   রি ম ,   গি রি খা তে র   কি ছু   অ ং শ   যে ম ন   ফ্যা ন্ট ম   র ্ যা ঞ্চ   অ থ বা   ক লো রা ডো   ন দী ,   যা র   উ প র   অ নে ক   নৌ কা   ভ্র ম ণ   ক রা   হ য ়",108,37
গ্র্যাণ্ড ক্যানিয়ন উত্তর অ্যারিজোনায় অবস্থিত এবং এটি মার্কিন যুক্তরাষ্ট্রের অন্যতম পর্যটন আকর্ষণ সেইসাথে বিশ্বের সাতটি প্রাকৃতিক আশ্চর্যের একটি,গ্র্যা ণ্ড   ক্যা নি য ় ন   উ ত্ত র   অ ্ যা রি জো না য়   অ ব স্থি ত   এ বং   এ টি   মা র্কি ন   যু ক্ত রা ষ্ট্রে র   অ ন্য ত ম   প র্য ট ন   আ ক র্ষ ণ   সে ই সা থে   বি শ্বে র   সা ত টি   প্রা কৃ তি ক   আ শ্চ র্যে র   এ ক টি,66,18
আন্তঃজাতিগত মিথস্ক্রিয়া উৎসাহিত করতে এবং রাজ্যের সাংস্কৃতিক ঐতিহ্য প্রচারে ২০০০ সালের ডিসেম্বরে নাগাল্যাণ্ড সরকার দ্বারা হর্নবিল উৎসবের সূচনা করা হয়,আ ন্তঃ জা তি গ ত   মি থ স্ ক্রি য ় া   উ ৎ সা হি ত   ক র তে   এ বং   রা জ্যে র   সাং স্কৃ তি ক   ঐ তি হ্য   প্র চা রে   ২ ০ ০ ০   সা লে র   ডি সে ম্ব রে   না গা ল্যা ণ্ড   স র কা র   দ্বা রা   হ র্ন বি ল   উ ৎ স বে র   সূ চ না   ক রা   হ য়,73,20
"চার্চ স্ট্রিটে সেভেন ইলেভেন শরবতের দোকান একটি ভালো আড্ডা দেওয়ার জায়গা, যাকে স্থানীয় মানুষ দ্বারা ""জুস কড়াই"" নামেও ডাকা হয়","চা র্চ   স্ট্রি টে   সে ভে ন   ই লে ভে ন   শ র ব তে র   দো কা ন   এ ক টি   ভা লো   আ ড্ডা   দে ও য় া র   জা য় গা ,   যা কে   স্থা নী য়   মা নু ষ   দ্বা রা   "" জু স   ক ড় া ই ""   না মে ও   ডা কা   হ য়",60,20
আন্দামানের সেরা জলে ডুব দেওয়ার জায়গাগুলি রয়েছে দুূরবর্তী অবস্থানে এবং ব্যক্তিগত ইয়ট চার্টার ছাড়া পৌঁছানো অসম্ভব,আ ন্দা মা নে র   সে রা   জ লে   ডু ব   দে ও য় া র   জা য় গা গু লি   র য় ে ছে   দু ূ র ব র্তী   অ ব স্থা নে   এ বং   ব্য ক্তি গ ত   ই য ় ট   চা র্টা র   ছা ড় া   পৌঁ ছা নো   অ স ম্ভ ব,57,16
"ওয়াল্ট ডিজনি ওয়ার্ল্ডের কেন্দ্রবিন্দু হলো চারটি থিম পার্কঃ দ্য ম্যাজিক কিংডম, এপকট, ডিজনির হলিউড স্টুডিও এবং ডিজনির অ্যানিমাল কিংডম","ও য ় া ল্ট   ডি জ নি   ও য ় া র্ল্ডে র   কে ন্দ্র বি ন্দু   হ লো   চা র টি   থি ম   পা র্কঃ   দ্য   ম্যা জি ক   কিং ড ম ,   এ প ক ট ,   ডি জ নি র   হ লি উ ড   স্টু ডি ও   এ বং   ডি জ নি র   অ ্ যা নি মা ল   কিং ড ম",66,19
"মূল উপকরণ এক হলেও, রন্ধনপ্রণালীতে রয়েছে গাড়োয়াল ও কুমায়ুনের ভিন্ন দু'টি উপ-অঞ্চলের খাদ্য","মূ ল   উ প ক র ণ   এ ক   হ লে ও ,   র ন্ধ ন প্র ণা লী তে   র য় ে ছে   গা ড় ো য় া ল   ও   কু মা য় ু নে র   ভি ন্ন   দু ' টি   উ প - অ ঞ্চ লে র   খা দ্য",51,13
"মোত্তো গ্রামের নিকটে একটি ৩২ কিমি দীর্ঘ, সরু বাইরের নদী-পথ উপহ্রদটিকে বঙ্গোপসাগরের সঙ্গে সংযুক্ত করেছে","মো ত্তো   গ্রা মে র   নি ক টে   এ ক টি   ৩ ২   কি মি   দী র্ঘ ,   স রু   বা ই রে র   ন দী - প থ   উ প হ্র দ টি কে   ব ঙ্গো প সা গ রে র   স ঙ্গে   সং যু ক্ত   ক রে ছে",50,15
"ভুটানের শিক্ষা ব্যবস্থায়, শিক্ষার মাধ্যম ইংরেজি হলেও জাতীয় ভাষা হিসাবে জংখা শেখানো হয়","ভু টা নে র   শি ক্ষা   ব্য ব স্থা য় ,   শি ক্ষা র   মা ধ্য ম   ই ং রে জি   হ লে ও   জা তী য়   ভা ষা   হি সা বে   জং খা   শে খা নো   হ য়",39,13
"চীনা, ভারতীয় উপমহাদেশ এবং দক্ষিণ-পূর্ব এশিয়ার জিনিসপত্রের ব্যাপক সম্ভার সহ জাদুঘরের প্রধান প্রদর্শনী ঘরটি, যা এশিয়ান শিল্পের প্রতি নিবেদিত, সেটি হলো ৩৩ নম্বর গ্যালারি","চী না ,   ভা র তী য ়   উ প ম হা দে শ   এ বং   দ ক্ষি ণ - পূ র্ব   এ শি য ় া র   জি নি স প ত্রে র   ব্যা প ক   স ম্ভা র   স হ   জা দু ঘ রে র   প্র ধা ন   প্র দ র্শ নী   ঘ র টি ,   যা   এ শি য ় া ন   শি ল্পে র   প্র তি   নি বে দি ত ,   সে টি   হ লো   ৩ ৩   ন ম্ব র   গ্যা লা রি",87,24
"যে যে বিরল ও বিপন্ন প্রাণী প্রজাতি চিহ্নিত করা গেছে তা হলো সবুজ সামুদ্রিক কচ্ছপ, ডুগং, ইরাবতী ডলফিন, কালো হরিণ, চামচ-বিল স্যান্ডপাইপার, চিলকার হাত-পা হীন টিকটিকি এবং মেছো বিড়াল","যে   যে   বি র ল   ও   বি প ন্ন   প্রা ণী   প্র জা তি   চি হ্নি ত   ক রা   গে ছে   তা   হ লো   স বু জ   সা মু দ্রি ক   ক চ্ছ প ,   ডু গং ,   ই রা ব তী   ড ল ফি ন ,   কা লো   হ রি ণ ,   চা ম চ - বি ল   স্যা ন্ড পা ই পা র ,   চি ল কা র   হা ত - পা   হী ন   টি ক টি কি   এ বং   মে ছো   বি ড় া ল",88,29
"এই রাজ্যের উপকূলবর্তী জেলাগুলিতে বেশ কিছু সমুদ্রসৈকত রয়েছে যেমন ঋষিকোণ্ডা, মাইপাডু, সূর্যলঙ্কা ইত্যাদি, গুহা রয়েছে যেমন বোরা গুহা, উন্দাভাল্লি গুহা যা ভারতের পাথর-খোদাই স্থাপত্যের চিত্র বর্ণন করে এবং দেশের দ্বিতীয় দীর্ঘতম গুহা বেলাম গুহা","এ ই   রা জ্যে র   উ প কূ ল ব র্তী   জে লা গু লি তে   বে শ   কি ছু   স মু দ্র সৈ ক ত   র য় ে ছে   যে ম ন   ঋ ষি কো ণ্ডা ,   মা ই পা ডু ,   সূ র্য ল ঙ্কা   ই ত্যা দি ,   গু হা   র য় ে ছে   যে ম ন   বো রা   গু হা ,   উ ন্দা ভা ল্লি   গু হা   যা   ভা র তে র   পা থ র - খো দা ই   স্থা প ত্যে র   চি ত্র   ব র্ণ ন   ক রে   এ বং   দে শে র   দ্বি তী য়   দী র্ঘ ত ম   গু হা   বে লা ম   গু হা",113,34
ক্রিসমাস আইল্যাণ্ড ট্রাভেল এক্সচেঞ্জের মাধ্যমে বুকিং করিয়ে গরুড় ইন্দোনেশিয়া জাকার্তা থেকে/পর্যন্ত সাপ্তাহিক ওপেন চার্টার বিমান পরিচালনা করে,ক্রি স মা স   আ ই ল্যা ণ্ড   ট্রা ভে ল   এ ক্স চে ঞ্জে র   মা ধ্য মে   বু কিং   ক রি য় ে   গ রু ড়   ই ন্দো নে শি য ় া   জা কা র্তা   থে কে / প র্য ন্ত   সা প্তা হি ক   ও পে ন   চা র্টা র   বি মা ন   প রি চা ল না   ক রে,64,17
"ডিসেম্বর ২০২০-র হিসাবে, ১,১৯,৭৭৬ বর্গকিমি (৪৬,২৪৬ বর্গ মাইল) জুড়ে ভারতে ৫৫৩টি বন্যপ্রাণী অভয়ারণ্য প্রতিষ্ঠিত হয়েছে","ডি সে ম্ব র   ২ ০ ২ ০ - র   হি সা বে ,   ১ , ১ ৯ , ৭ ৭ ৬   ব র্গ কি মি   ( ৪ ৬ , ২ ৪ ৬   ব র্গ   মা ই ল )   জু ড় ে   ভা র তে   ৫ ৫ ৩ টি   ব ন্য প্রা ণী   অ ভ য় া র ণ্য   প্র তি ষ্ঠি ত   হ য় ে ছে",67,15
"প্রতিবেশী তামিলনাড়ুর থেকে কড়াইকালে মদ সস্তা, কড়াইকালে কয়েকটি মাত্র ঠিকঠাক মানের পানশালা রয়েছে- নন্দা হোটেলে নায়াগ্রা বার, প্যারিস ইণ্টারন্যাশনালে থাণ্ডার বার, শহরের অন্যতম জনপ্রিয় সিটি বার এবং পণ্ডিচেরি সরকারের অধীন দ্য সি গালস রেস্তোঁরা সমুদ্রতীরে অবস্থিত এবং সান্ধ্যবাসরের জন্য জায়গাটি ভালো","প্র তি বে শী   তা মি ল না ড় ু র   থে কে   ক ড় া ই কা লে   ম দ   স স্তা ,   ক ড় া ই কা লে   ক য় ে ক টি   মা ত্র   ঠি ক ঠা ক   মা নে র   পা ন শা লা   র য় ে ছে -   ন ন্দা   হো টে লে   না য় া গ্রা   বা র ,   প্যা রি স   ই ণ্টা র ন্যা শ না লে   থা ণ্ডা র   বা র ,   শ হ রে র   অ ন্য ত ম   জ ন প্রি য়   সি টি   বা র   এ বং   প ণ্ডি চে রি   স র কা রে র   অ ধী ন   দ্য   সি   গা ল স   রে স্তোঁ রা   স মু দ্র তী রে   অ ব স্থি ত   এ বং   সা ন্ধ্য বা স রে র   জ ন্য   জা য় গা টি   ভা লো",144,41
"মা, চলো কাল সিনেমা দেখতে যাই","মা ,   চ লো   কা ল   সি নে মা   দে খ তে   যা ই",14,6
আমায় কাল স্কুলে যেতে হবেনা,আ মা য়   কা ল   স্কু লে   যে তে   হ বে না,12,5
কাল ছুটি,কা ল   ছু টি,4,2
"ওহ, আগামীকাল ১৪ই এপ্রিল তাই না","ও হ ,   আ গা মী কা ল   ১ ৪ ই   এ প্রি ল   তা ই   না",17,6
তোমার বাবারও কাল কাজে ছুটি থাকবে,তো মা র   বা বা র ও   কা ল   কা জে   ছু টি   থা ক বে,16,6
আমরা একটা সিনেমা যাওয়ার প্ল্যান করতেই পারি,আ ম রা   এ ক টা   সি নে মা   যা ও য় া র   প্ল্যা ন   ক র তে ই   পা রি,22,7
এটা তো সুখবর,এ টা   তো   সু খ ব র,7,3
কিন্তু ছুটিটা কেন,কি ন্তু   ছু টি টা   কে ন,7,3
"আগামিকাল কি সব স্কুল, কলেজ আর অফিস বন্ধ","আ গা মি কা ল   কি   স ব   স্কু ল ,   ক লে জ   আ র   অ ফি স   ব ন্ধ",21,8
আগামীকাল আম্বেদকর জয়ন্তী,আ গা মী কা ল   আ ম্বে দ ক র   জ য ় ন্তী,14,3
এই দিনটা ডক্টর বি আর আম্বেদকরের জন্মদিন উপলক্ষে প্রতি বছর উদযাপন করা হয়,এ ই   দি ন টা   ড ক্ট র   বি   আ র   আ ম্বে দ ক রে র   জ ন্ম দি ন   উ প ল ক্ষে   প্র তি   ব ছ র   উ দ যা প ন   ক রা   হ য়,39,13
তুমি কি তাঁর নাম শুনেছ,তু মি   কি   তাঁ র   না ম   শু নে ছ,10,5
আমার মনে হয় আমি তাঁকে ইতিহাস আর নাগরিক বিজ্ঞানের বইতে দেখেছি,আ মা র   ম নে   হ য়   আ মি   তাঁ কে   ই তি হা স   আ র   না গ রি ক   বি জ্ঞা নে র   ব ই তে   দে খে ছি,31,11
তিনি কি আমাদের সংবিধানের সাথে কোনওভাবে যুক্ত,তি নি   কি   আ মা দে র   সং বি ধা নে র   সা থে   কো ন ও ভা বে   যু ক্ত,21,7
অবশ্যই,অ ব শ্য ই,4,1
তিনি ভারতীয় সংবিধানের জনক হিসেবে পরিচিত,তি নি   ভা র তী য ়   সং বি ধা নে র   জ ন ক   হি সে বে   প রি চি ত,22,6
তিনি একজন নাগরিক অধিকার কর্মী ছিলেন যিনি সংবিধান তৈরীতে একটি প্রধান ভূমিকা পালন করেছিলেন,তি নি   এ ক জ ন   না গ রি ক   অ ধি কা র   ক র্মী   ছি লে ন   যি নি   সং বি ধা ন   তৈ রী তে   এ ক টি   প্র ধা ন   ভূ মি কা   পা ল ন   ক রে ছি লে ন,45,14
তিনি প্রাণবন্ত গণতান্ত্রিক কাঠামো গঠনে একটি গুরুত্বপূর্ণ ভূমিকা পালন করেছিলেন যার জন্য ভারত গর্বিত বোধ করে,তি নি   প্রা ণ ব ন্ত   গ ণ তা ন্ত্রি ক   কা ঠা মো   গ ঠ নে   এ ক টি   গু রু ত্ব পূ র্ণ   ভূ মি কা   পা ল ন   ক রে ছি লে ন   যা র   জ ন্য   ভা র ত   গ র্বি ত   বো ধ   ক রে,50,16
এবার আমার মনে পড়েছে,এ বা র   আ মা র   ম নে   প ড় ে ছে,12,4
সেদিন আমরা আমাদের নাগরিক বিজ্ঞান ক্লাসে তাঁকে নিয়ে আলোচনা করছিলাম,সে দি ন   আ ম রা   আ মা দে র   না গ রি ক   বি জ্ঞা ন   ক্লা সে   তাঁ কে   নি য় ে   আ লো চ না   ক র ছি লা ম,33,10
"ম্যাড্যাম বলেছিলেন যে, যখন আমরা ভারতীয় সংবিধানের অধ্যায়টা পড়ব তখন উনি আমাদের ওঁর সম্বন্ধে আরও বলবেন","ম্যা ড্যা ম   ব লে ছি লে ন   যে ,   য খ ন   আ ম রা   ভা র তী য়   সং বি ধা নে র   অ ধ্যা য ় টা   প ড় ব   ত খ ন   উ নি   আ মা দে র   ও ঁ র   স ম্ব ন্ধে   আ র ও   ব ল বে ন",55,16
"সমাজে থাকা শ্রেণীবৈষম্য দূর করতে তিনি লড়াই করেছিলেন, তাই না","স মা জে   থা কা   শ্রে ণী বৈ ষ ম্য   দূ র   ক র তে   তি নি   ল ড ় া ই   ক রে ছি লে ন ,   তা ই   না",31,10
হ্যাঁ,হ্যাঁ,1,1
"নিজে একজন দলিত হিসেবে তিনি বুঝতে পেরেছিলেন যে, অস্পৃশ্যতার কুফলকে মোকাবিলা করা কতটা কঠিন","নি জে   এ ক জ ন   দ লি ত   হি সে বে   তি নি   বু ঝ তে   পে রে ছি লে ন   যে ,   অ স্পৃ শ্য তা র   কু ফ ল কে   মো কা বি লা   ক রা   ক ত টা   ক ঠি ন",45,14
"তাই, তিনি নিচু শ্রেণীর মানুষের অধিকারের জন্য লড়াই করেছিলেন","তা ই ,   তি নি   নি চু   শ্রে ণী র   মা নু ষে র   অ ধি কা রে র   জ ন্য   ল ড় া ই   ক রে ছি লে ন",30,9
তিনি বৈষম্যের বিরুদ্ধে প্রচুর প্রচারণা চালান এবং জয়ী হন,তি নি   বৈ ষ ম্যে র   বি রু দ্ধে   প্র চু র   প্র চা র ণা   চা লা ন   এ বং   জ য় ী   হ ন,26,9
"বাহ, কি শক্তিশালী ব্যক্তিত্ব","বা হ ,   কি   শ ক্তি শা লী   ব্য ক্তি ত্ব",11,4
সেই জন্যই এই দিনটা গোটা উপমহাদেশে সাম্য দিবস হিসেবেও উদযাপিত হয়,সে ই   জ ন্য ই   এ ই   দি ন টা   গো টা   উ প ম হা দে শে   সা ম্য   দি ব স   হি সে বে ও   উ দ যা পি ত   হ য়,34,11
আমি নিশ্চিত যে তুমি যখন স্কুলে অধ্যায়টি শিখবে তখন তুমি এই মানুষটা সম্পর্কে পড়তে খুব পছন্দ করবে,আ মি   নি শ্চি ত   যে   তু মি   য খ ন   স্কু লে   অ ধ্যা য ় টি   শি খ বে   ত খ ন   তু মি   এ ই   মা নু ষ টা   স ম্প র্কে   প ড ় তে   খু ব   প ছ ন্দ   ক র বে,47,17
"হ্যাঁ মা, আমি আর অপেক্ষা করতে পারছিনা","হ্যাঁ   মা ,   আ মি   আ র   অ পে ক্ষা   ক র তে   পা র ছি না",17,7
আমি সত্যিই খুব কৌতূহলী হয়ে পড়েছি,আ মি   স ত্যি ই   খু ব   কৌ তূ হ লী   হ য় ে   প ড় ে ছি,18,6
"আচ্ছা, এবার বল কোন সিনেমাটা দেখতে যেতে চাও","আ চ্ছা ,   এ বা র   ব ল   কো ন   সি নে মা টা   দে খ তে   যে তে   চা ও",21,8
তুমি কি মার্ভেলের নতুন সিনেমাটা দেখতে চাও,তু মি   কি   মা র্ভে লে র   ন তু ন   সি নে মা টা   দে খ তে   চা ও,19,7
তুমি ডক্টর স্ট্রেঞ্জ অ্যান্ড মাল্টিভারস অফ ম্যাডনেস-এর কথা বলছ,তু মি   ড ক্ট র   স্ট্রে ঞ্জ   অ ্ যা ন্ড   মা ল্টি ভা র স   অ ফ   ম্যা ড নে স - এ র   ক থা   ব ল ছ,30,9
আমি এটা দেখার জন্য পাগল,আ মি   এ টা   দে খা র   জ ন্য   পা গ ল,12,5
তুমি কি টিকিটগুলো বুক করতে পারবে,তু মি   কি   টি কি ট গু লো   বু ক   ক র তে   পা র বে,16,6
আমি বাবার সাথে কথা বলি,আ মি   বা বা র   সা থে   ক থা   ব লি,11,5
"এই যে, তুমি ওয়েব ডিজাইনিংয়ের উপর একটা কোর্স করছ, তাই না","এ ই   যে ,   তু মি   ও য় ে ব   ডি জা ই নিং য় ে র   উ প র   এ ক টা   কো র্স   ক র ছ ,   তা ই   না",32,11
"আমার একজন বান্ধবী এই একই জিনিস করার কথা ভাবছে, তাই আমি তাকে বললাম আমি তোমার কাছ থেকে এ সম্পর্কে কিছু কথা জেনে নেব","আ মা র   এ ক জ ন   বা ন্ধ বী   এ ই   এ ক ই   জি নি স   ক রা র   ক থা   ভা ব ছে ,   তা ই   আ মি   তা কে   ব ল লা ম   আ মি   তো মা র   কা ছ   থে কে   এ   স ম্প র্কে   কি ছু   ক থা   জে নে   নে ব",58,23
"হ্যাঁ, আমি সেকেন্ড ইয়ারে পড়ছি","হ্যাঁ ,   আ মি   সে কে ন্ড   ই য় া রে   প ড় ছি",14,5
"বাহ্ তা দারুণ, তো সে কী জানতে চায়","বা হ্   তা   দা রু ণ ,   তো   সে   কী   জা ন তে   চা য়",15,8
কোন্ কোন‌ কলেজ রয়েছে যেগুলো ওয়েব ডিজাইনিং-এ ডিপ্লোমা কোর্স করায়,কো ন্   কো ন   ক লে জ   র য় ে ছে   যে গু লো   ও য় ে ব   ডি জা ই নিং - এ   ডি প্লো মা   কো র্স   ক রা য়,32,10
"সে তার পছন্দটা নিয়ে খুব একটা নিশ্চিত নয়, তাই এই মুহূর্তে শুধুমাত্র চেষ্টা করে দেখতে চায় এটা","সে   তা র   প ছ ন্দ টা   নি য় ে   খু ব   এ ক টা   নি শ্চি ত   ন য় ,   তা ই   এ ই   মু হূ র্তে   শু ধু মা ত্র   চে ষ্টা   ক রে   দে খ তে   চা য়   এ টা",43,17
"আচ্ছা, বুঝতে পেরেছি","আ চ্ছা ,   বু ঝ তে   পে রে ছি",9,3
"এটা আরও অনেক জায়গার মধ্যে পুণের স্কুল অফ ফ্যাশন টেকনোলজি, চেন্নাইয়ের স্টেলা মারিস কলেজ এবং লয়োলা কলেজের মতন অনেক কলেজেই পড়ানো হয়","এ টা   আ র ও   অ নে ক   জা য় গা র   ম ধ্যে   পু ণে র   স্কু ল   অ ফ   ফ্যা শ ন   টে ক নো ল জি ,   চে ন্না ই য় ে র   স্টে লা   মা রি স   ক লে জ   এ বং   ল য ় ো লা   ক লে জে র   ম ত ন   অ নে ক   ক লে জে ই   প ড় া নো   হ য়",71,22
"তুমি লয়োলা কলেজে পড়েছ, তাই তো","তু মি   ল য ় ো লা   ক লে জে   প ড় ে ছ ,   তা ই   তো",18,6
"হ্যাঁ, আমি ওখানে পড়েছি","হ্যাঁ ,   আ মি   ও খা নে   প ড় ে ছি",11,4
এইসব কলেজ যেগুলো তুমি বললে বেশ নাম করা,এ ই স ব   ক লে জ   যে গু লো   তু মি   ব ল লে   বে শ   না ম   ক রা,21,8
প্রবেশিকার পদ্ধতিটা কী,প্র বে শি কা র   প দ্ধ তি টা   কী,10,3
"হ্যাঁ, কিছু কলেজ তাদের নিজস্ব প্রবেশিকা পরীক্ষার ব্যবস্থা করে","হ্যাঁ ,   কি ছু   ক লে জ   তা দে র   নি জ স্ব   প্র বে শি কা   প রী ক্ষা র   ব্য ব স্থা   ক রে",26,9
এর সঙ্গে তারা ১০ম এবং ১২শ শ্রেণীর নম্বরও দেখে,এ র   স ঙ্গে   তা রা   ১ ০ ম   এ বং   ১ ২ শ   শ্রে ণী র   ন ম্ব র ও   দে খে,23,9
এন,এ ন,2,1
আই,আ ই,2,1
ডি প্রবেশিকা পরীক্ষার মতো জাতীয় পরীক্ষাও রয়েছে,ডি   প্র বে শি কা   প রী ক্ষা র   ম তো   জা তী য ়   প রী ক্ষা ও   র য ় ে ছে,24,7
"আমার বান্ধবী তার বোর্ডের পরীক্ষায় সত্যিই ভালো করেছিল, তাই যেকোনও যোগ্যতা-ভিত্তিক প্রবেশিকাতেই সে টেক্কা দিতে পারবে","আ মা র   বা ন্ধ বী   তা র   বো র্ডে র   প রী ক্ষা য়   স ত্যি ই   ভা লো   ক রে ছি ল ,   তা ই   যে কো ন ও   যো গ্য তা - ভি ত্তি ক   প্র বে শি কা তে ই   সে   টে ক্কা   দি তে   পা র বে",52,16
সে তার সৃজনশীল দক্ষতা নিয়ে খুব একটা আত্মবিশ্বাসী নয়,সে   তা র   সৃ জ ন শী ল   দ ক্ষ তা   নি য় ে   খু ব   এ ক টা   আ ত্ম বি শ্বা সী   ন য়,26,9
এসব বিশ্ববিদ্যালয়গুলোতে ডিপ্লোমা কোর্স কত দিনের,এ স ব   বি শ্ব বি দ্যা ল য় গু লো তে   ডি প্লো মা   কো র্স   ক ত   দি নে র,22,6
সাধারণত এক-দুই বছরের মধ্যে হয়,সা ধা র ণ ত   এ ক - দু ই   ব ছ রে র   ম ধ্যে   হ য়,18,5
"এটা আসলে নির্ভর করে তুমি কোন কলেজে ভর্তি হোচ্ছ, তার উপর","এ টা   আ স লে   নি র্ভ র   ক রে   তু মি   কো ন   ক লে জে   ভ র্তি   হো চ্ছ ,   তা র   উ প র",27,11
কর্মক্ষেত্রের ভালো বিকল্প আছে,ক র্ম ক্ষে ত্রে র   ভা লো   বি ক ল্প   আ ছে,12,4
"হ্যাঁ, এই ক্ষেত্রের চাকরির সম্ভাবনা আশাব্যঞ্জক","হ্যাঁ ,   এ ই   ক্ষে ত্রে র   চা ক রি র   স ম্ভা ব না   আ শা ব্য ঞ্জ ক",20,6
এটা বিশেষত এই বিচারে যে বিশ্ব ক্রমশ ডিজিটাল হয়ে উঠছে,এ টা   বি শে ষ ত   এ ই   বি চা রে   যে   বি শ্ব   ক্র ম শ   ডি জি টা ল   হ য় ে   উ ঠ ছে,27,10
"হুম, বুঝতে পারছি কি বলছ","হু ম ,   বু ঝ তে   পা র ছি   কি   ব ল ছ",13,5
তুমি কাউকে চেনো যে এই কোর্স আগে করেছে,তু মি   কা উ কে   চে নো   যে   এ ই   কো র্স   আ গে   ক রে ছে,17,8
"হ্যাঁ, আমার এক বন্ধু, এই পাঁচ বছর মতো আগে ওয়েব ডিজাইনিংয়ের উপর একটা কোর্স করেছিল","হ্যাঁ ,   আ মা র   এ ক   ব ন্ধু ,   এ ই   পাঁ চ   ব ছ র   ম তো   আ গে   ও য় ে ব   ডি জা ই নিং য় ে র   উ প র   এ ক টা   কো র্স   ক রে ছি ল",44,15
সে এখন একজন সফল ওয়েব ডিজাইনার,সে   এ খ ন   এ ক জ ন   স ফ ল   ও য ় ে ব   ডি জা ই না র,21,6
"যদি কিছু মনে না করো, আমি কি তার যোগাযোগের নম্বরটা পেতে পারি","য দি   কি ছু   ম নে   না   ক রো ,   আ মি   কি   তা র   যো গা যো গে র   ন ম্ব র টা   পে তে   পা রি",28,12
"চাওয়ার কারণ এটা যে, আমি এটা আমার বান্ধবীকে তা দিতে পারি যাতে সে এমন কারুর সঙ্গে এই কোর্সের বিষয় বিষদে কথা বলতে পারে","চা ও য় া র   কা র ণ   এ টা   যে ,   আ মি   এ টা   আ মা র   বা ন্ধ বী কে   তা   দি তে   পা রি   যা তে   সে   এ ম ন   কা রু র   স ঙ্গে   এ ই   কো র্সে র   বি ষ য়   বি ষ দে   ক থা   ব ল তে   পা রে",57,23
"নিশ্চয়ই, আমি হোয়াটসঅ্যাপে তোমায় যোগাযোগের নম্বরটা পাঠিয়ে দেব","নি শ্চ য় ই ,   আ মি   হো য ় া ট স অ ্ যা পে   তো মা য়   যো গা যো গে র   ন ম্ব র টা   পা ঠি য় ে   দে ব",35,8
আমার কি খুব দেরী হয়ে গেছে,আ মা র   কি   খু ব   দে রী   হ য় ে   গে ছে,13,6
কুচকাওয়াজ শুরু হয়ে গেছে,কু চ কা ও য় া জ   শু রু   হ য় ে   গে ছে,14,4
জানিনা কেন এতো ঘুমিয়ে পড়লাম,জা নি না   কে ন   এ তো   ঘু মি য় ে   প ড় লা ম,15,5
"চিন্তা করো না, তুমি ঠিক সময়তেই এসেছ","চি ন্তা   ক রো   না ,   তু মি   ঠি ক   স ম য় তে ই   এ সে ছ",18,7
সবেমাত্র ৫ মিনিট হয়েছে,স বে মা ত্র   ৫   মি নি ট   হ য় ে ছে,12,4
"এসো, এসে বোসো","এ সো ,   এ সে   বো সো",7,3
কি মিস করলাম আমি,কি   মি স   ক র লা ম   আ মি,9,4
"বেশি কিছু না, রাষ্ট্রপতি শুধু জাতীয় পতাকা উত্তোলন করেছেন","বে শি   কি ছু   না ,   রা ষ্ট্র প তি   শু ধু   জা তী য়   প তা কা   উ ত্তো ল ন   ক রে ছে ন",26,9
এবং ২১টা গান স্যালুট দিয়ে রাষ্ট্রপতিকে সামরিক অভিবাদন জানানো হয়েছে,এ বং   ২ ১ টা   গা ন   স্যা লু ট   দি য় ে   রা ষ্ট্র প তি কে   সা ম রি ক   অ ভি বা দ ন   জা না নো   হ য় ে ছে,34,10
"এখন সেনাবাহিনী, নৌবাহিনী আর বিমান বাহিনীর বিভিন্ন রেজিমেন্ট এবং সেইসাথে তাদের ব্যাণ্ড, রাষ্ট্রপতিভবন থেকে রাজপথ ধরে কুচকাওয়াজ করে যাচ্ছে","এ খ ন   সে না বা হি নী ,   নৌ বা হি নী   আ র   বি মা ন   বা হি নী র   বি ভি ন্ন   রে জি মে ন্ট   এ বং   সে ই সা থে   তা দে র   ব্যা ণ্ড ,   রা ষ্ট্র প তি ভ ব ন   থে কে   রা জ প থ   ধ রে   কু চ কা ও য় া জ   ক রে   যা চ্ছে",67,19
তারা কোথায় যাচ্ছে,তা রা   কো থা য়   যা চ্ছে,7,3
ইণ্ডিয়া গেটের দিকে এবং সবশেষে লালকেল্লা,ই ণ্ডি য় া   গে টে র   দি কে   এ বং   স ব শে ষে   লা ল কে ল্লা,19,6
তারা একে একে যাওয়ার সময় রাষ্ট্রপতির প্রতি শ্রদ্ধা নিবেদন করে,তা রা   এ কে   এ কে   যা ও য় া র   স ম য়   রা ষ্ট্র প তি র   প্র তি   শ্র দ্ধা   নি বে দ ন   ক রে,29,10
আর লক্ষ্য করো কীভাবে তিনি তা স্বীকার করে উঠে দাঁড়াচ্ছেন এবং তাদের এগিয়ে যাওয়ার জন্য উৎসাহ দিচ্ছেন,আ র   ল ক্ষ্য   ক রো   কী ভা বে   তি নি   তা   স্বী কা র   ক রে   উ ঠে   দাঁ ড় া চ্ছে ন   এ বং   তা দে র   এ গি য় ে   যা ও য় া র   জ ন্য   উ ৎ সা হ   দি চ্ছে ন,47,17
আমি কোনোদিন সশরীরে এই সবটা দেখতে চাই,আ মি   কো নো দি ন   স শ রী রে   এ ই   স ব টা   দে খ তে   চা ই,20,7
বিভিন্ন রাজ্যের উপস্থাপনার ব্যাপারটার কি হলো,বি ভি ন্ন   রা জ্যে র   উ প স্থা প না র   ব্যা পা র টা র   কি   হ লো,20,6
সৈন্যবাহিনী মার্চ করে চলে যাওয়ার পরে হবে,সৈ ন্য বা হি নী   মা র্চ   ক রে   চ লে   যা ও য় া র   প রে   হ বে,20,7
"হ্যাঁ, একবার সব সৈন্যদল মার্চ করে চলে গেলে, ওগুলো আসবে","হ্যাঁ ,   এ ক বা র   স ব   সৈ ন্য দ ল   মা র্চ   ক রে   চ লে   গে লে ,   ও গু লো   আ স বে",27,10
একটা করে ট্যাবলোর মাধ্যমে প্রত্যেক রাজ্যকে উপস্থাপিত করা হয়,এ ক টা   ক রে   ট্যা ব লো র   মা ধ্য মে   প্র ত্যে ক   রা জ্য কে   উ প স্থা পি ত   ক রা   হ য়,27,9
"তারা তাদের নিজের নিজের রাজ্যের ইতিহাস, সংস্কৃতি, ঐতিহ্য, উন্নয়ন কর্মসূচি এবং পরিবেশ প্রদর্শন করে","তা রা   তা দে র   নি জে র   নি জে র   রা জ্যে র   ই তি হা স ,   সং স্কৃ তি ,   ঐ তি হ্য ,   উ ন্ন য ় ন   ক র্ম সূ চি   এ বং   প রি বে শ   প্র দ র্শ ন   ক রে",48,14
তারা তাদের সঙ্গে কিছু অ্যানিমেশন এবং বাজনা দেখাতে ও বাজাতে থাকে,তা রা   তা দে র   স ঙ্গে   কি ছু   অ ্ যা নি মে শ ন   এ বং   বা জ না   দে খা তে   ও   বা জা তে   থা কে,30,11
এটা একটা বেশ রঙিন প্রদর্শনী,এ টা   এ ক টা   বে শ   র ঙি ন   প্র দ র্শ নী,14,5
হ্যাঁ এবং গোটা কুচকাওয়াজের আমার পছন্দসই অংশও বটে,হ্যাঁ   এ বং   গো টা   কু চ কা ও য় া জে র   আ মা র   প ছ ন্দ স ই   অ ং শ ও   ব টে,27,8
আমার এখনও মনে আছে কীভাবে পশ্চিমবঙ্গের ট্যাবলোটা শেষ বার সাজানো হয়েছিল,আ মা র   এ খ ন ও   ম নে   আ ছে   কী ভা বে   প শ্চি ম ব ঙ্গে র   ট্যা ব লো টা   শে ষ   বা র   সা জা নো   হ য় ে ছি ল,36,11
"এবং তার উপরের নৃত্যশিল্পীদের কথাও, যারা গ্রাম বাংলার লোকনৃত্য প্রদর্শন করছিল","এ বং   তা র   উ প রে র   নৃ ত্য শি ল্পী দে র   ক থা ও ,   যা রা   গ্রা ম   বাং লা র   লো ক নৃ ত্য   প্র দ র্শ ন   ক র ছি ল",37,11
আমি ভাবছি তারা এই বছর কী সাজিয়ে রেখেছে আমাদের জন্য,আ মি   ভা ব ছি   তা রা   এ ই   ব ছ র   কী   সা জি য় ে   রে খে ছে   আ মা দে র   জ ন্য,26,10
"চলো অপেক্ষা করি, দেখি","চ লো   অ পে ক্ষা   ক রি ,   দে খি",10,4
তবে ভুলে যেও না তোমার আজ দুপুর ১২টার দিকে বসে আঁকো প্রতিযোগিতা রয়েছে,ত বে   ভু লে   যে ও   না   তো মা র   আ জ   দু পু র   ১ ২ টা র   দি কে   ব সে   আ ঁ কো   প্র তি যো গি তা   র য় ে ছে,35,13
তুমি কি তার জন্য প্রস্তুত,তু মি   কি   তা র   জ ন্য   প্র স্তু ত,10,5
আমি ইতিমধ্যেই স্কেচগুলো প্র্যাকটিস করে রেখেছি,আ মি   ই তি ম ধ্যে ই   স্কে চ গু লো   প্র্যা ক টি স   ক রে   রে খে ছি,20,6
আমি এই প্রজাতন্ত্র দিবসের কুচকাওয়াজের একটা ঝলকের ছবিই আঁকছি,আ মি   এ ই   প্র জা ত ন্ত্র   দি ব সে র   কু চ কা ও য ় া জে র   এ ক টা   ঝ ল কে র   ছ বি ই   আ ঁ ক ছি,35,9
আশা করছি একটা পুরস্কার যেন পাই,আ শা   ক র ছি   এ ক টা   পু র স্কা র   যে ন   পা ই,16,6
পুরস্কার সম্বন্ধে অত ভেবো না,পু র স্কা র   স ম্ব ন্ধে   অ ত   ভে বো   না,12,5
শুধু সেখানে গিয়ে নিজের মতো উপভোগ করো,শু ধু   সে খা নে   গি য় ে   নি জে র   ম তো   উ প ভো গ   ক রো,19,7
তোমার জন্য আমার শুভকামনা রইল,তো মা র   জ ন্য   আ মা র   শু ভ কা ম না   র ই ল,16,5
ধন্যবাদ বাবা,ধ ন্য বা দ   বা বা,6,2
তবে প্রতিযোগিতার কারণে আমি এই কুচকাওয়াজের যে অংশটুকু দেখতে পারবো না তুমি কিন্তু অবশ্যই তা দেখবে,ত বে   প্র তি যো গি তা র   কা র ণে   আ মি   এ ই   কু চ কা ও য ় া জে র   যে   অ ং শ টু কু   দে খ তে   পা র বো   না   তু মি   কি ন্তু   অ ব শ্য ই   তা   দে খ বে,49,16
আমি শোওয়ার সময় তার ব্যাপারে শুনব,আ মি   শো ও য় া র   স ম য়   তা র   ব্যা পা রে   শু ন ব,18,6
"হ্যালো, এটা কি সমাধান হেল্পলাইন","হ্যা লো ,   এ টা   কি   স মা ধা ন   হে ল্প লা ই ন",15,5
"হ্যাঁ, বলুন আপনাকে কীভাবে সাহায্য করতে পারি","হ্যাঁ ,   ব লু ন   আ প না কে   কী ভা বে   সা হা য্য   ক র তে   পা রি",20,7
আমি হরিশ এবং আমি স্বামী বিবেকানন্দ এডুকেশনাল ইনস্টিটিউটের তরফ থেকে কল করছি,আ মি   হ রি শ   এ বং   আ মি   স্বা মী   বি বে কা ন ন্দ   এ ডু কে শ না ল   ই ন স্টি টি উ টে র   ত র ফ   থে কে   ক ল   ক র ছি,39,12
আমি এই মেরিট-কাম-মিনস স্কলারশিপ প্রোগ্রাম সম্পর্কে আরও জানতে চাই,আ মি   এ ই   মে রি ট - কা ম - মি ন স   স্ক লা র শি প   প্রো গ্রা ম   স ম্প র্কে   আ র ও   জা ন তে   চা ই,33,9
যাতে আমি আমাদের ছাত্রছাত্রীদের এই প্রোগ্রাম সম্পর্কে জানাতে পারি,যা তে   আ মি   আ মা দে র   ছা ত্র ছা ত্রী দে র   এ ই   প্রো গ্রা ম   স ম্প র্কে   জা না তে   পা রি,27,9
বেশ,বে শ,2,1
এই প্রকল্পটির মূল লক্ষ্য হল সংখ্যালঘু জনগোষ্ঠীর সুবিধাবঞ্চিত এবং যোগ্য পড়ুয়াদের আর্থিক সহায়তা জোগানো,এ ই   প্র ক ল্প টি র   মূ ল   ল ক্ষ্য   হ ল   সং খ্যা ল ঘু   জ ন গো ষ্ঠী র   সু বি ধা ব ঞ্চি ত   এ বং   যো গ্য   প ড় ু য় া দে র   আ র্থি ক   স হা য ় তা   জো গা নো,50,14
এবং এই বৃত্তির মাধ্যমে তারা পেশাগত ও কারিগরি শিক্ষা পেতে পারবে,এ বং   এ ই   বৃ ত্তি র   মা ধ্য মে   তা রা   পে শা গ ত   ও   কা রি গ রি   শি ক্ষা   পে তে   পা র বে,28,11
সংখ্যালঘু বিষয়ক মন্ত্রক দ্বারা এই প্রকল্পটি চালু করা হয়েছে,সং খ্যা ল ঘু   বি ষ য ় ক   ম ন্ত্র ক   দ্বা রা   এ ই   প্র ক ল্প টি   চা লু   ক রা   হ য় ে ছে,28,9
হ্যাঁ স্যার,হ্যাঁ   স্যা র,3,2
"স্যার, এটা কি ঠিক যে, এই বৃত্তি ভারতে পড়াশোনার জন্য দেওয়া হয়","স্যা র ,   এ টা   কি   ঠি ক   যে ,   এ ই   বৃ ত্তি   ভা র তে   প ড় া শো না র   জ ন্য   দে ও য় া   হ য়",31,12
"হ্যাঁ, এই বৃত্তি শুধুমাত্র সেই পড়ুয়াদের দেওয়া হবে যারা ভারতের কোনও সরকারী অথবা বেসরকারী বিশ্ববিদ্যালয়ে পড়ছে","হ্যাঁ ,   এ ই   বৃ ত্তি   শু ধু মা ত্র   সে ই   প ড় ু য় া দে র   দে ও য় া   হ বে   যা রা   ভা র তে র   কো ন ও   স র কা রী   অ থ বা   বে স র কা রী   বি শ্ব বি দ্যা ল য় ে   প ড় ছে",56,16
এই বৃত্তি কি শুধুমাত্র স্নাতক স্তরের ছাত্রছাত্রীদের জন্য,এ ই   বৃ ত্তি   কি   শু ধু মা ত্র   স্না ত ক   স্ত রে র   ছা ত্র ছা ত্রী দে র   জ ন্য,23,8
"না, এটা স্নাতক ও স্নাতকোত্তর স্তরে কারিগরি এবং পেশাজনিত কোর্সগুলিকেও কভার করবে","না ,   এ টা   স্না ত ক   ও   স্না ত কো ত্ত র   স্ত রে   কা রি গ রি   এ বং   পে শা জ নি ত   কো র্স গু লি কে ও   ক ভা র   ক র বে",38,12
এই বৃত্তির জন্য আবেদন করতে হলে মূল বিষয়গুলো কী কী,এ ই   বৃ ত্তি র   জ ন্য   আ বে দ ন   ক র তে   হ লে   মূ ল   বি ষ য় গু লো   কী   কী,25,10
"যে পড়ুয়ারা তাদের পূর্ববর্তী ফাইনাল পরীক্ষায় কমপক্ষে ৫০ শতাংশ বা সমমানের গ্রেড পেয়েছে, তারা এই বৃত্তি পাওয়ার উপযুক্ত হবে","যে   প ড় ু য় া রা   তা দে র   পূ র্ব ব র্তী   ফা ই না ল   প রী ক্ষা য ়   ক ম প ক্ষে   ৫ ০   শ তাং শ   বা   স ম মা নে র   গ্রে ড   পে য় ে ছে ,   তা রা   এ ই   বৃ ত্তি   পা ও য় া র   উ প যু ক্ত   হ বে",62,19
"এছাড়াও, যদি তাদের বাবা মায়ের বা অভিভাবকদের সমস্ত উৎস থেকে বার্ষিক আয় ২","এ ছা ড় া ও ,   য দি   তা দে র   বা বা   মা য় ে র   বা   অ ভি ভা ব ক দে র   স ম স্ত   উ ৎ স   থে কে   বা র্ষি ক   আ য়   ২",39,13
৫০ লক্ষ টাকা অতিক্রম না করে,৫ ০   ল ক্ষ   টা কা   অ তি ক্র ম   না   ক রে,13,6
"স্যার, কতজন পড়ুয়াদের এম","স্যা র ,   ক ত জ ন   প ড় ু য় া দে র   এ ম",16,4
সি,সি,1,1
এম দিয়ে পুরস্কৃত করা হবে,এ ম   দি য় ে   পু র স্কৃ ত   ক রা   হ বে,13,5
"পুনর্নবীকরণ বৃত্তি ছাড়াও, নতুন বৃত্তি হিসেবে মোট ৬০,০০০ বৃত্তি বিতরণ করার লক্ষ্য রাখা হয়েছে","পু ন র্ন বী ক র ণ   বৃ ত্তি   ছা ড় া ও ,   ন তু ন   বৃ ত্তি   হি সে বে   মো ট   ৬ ০ , ০ ০ ০   বৃ ত্তি   বি ত র ণ   ক রা র   ল ক্ষ্য   রা খা   হ য় ে ছে",47,14
"এটা তো একটা বিরাট সংখ্যা এবং ছাত্রছাত্রীরা, যাদের প্রয়োজন রয়েছে তাদের জন্য উপকারী হবে এটা","এ টা   তো   এ ক টা   বি রা ট   সং খ্যা   এ বং   ছা ত্র ছা ত্রী রা ,   যা দে র   প্র য় ো জ ন   র য় ে ছে   তা দে র   জ ন্য   উ প কা রী   হ বে   এ টা",44,15
এইসব বৃত্তি অন্যান্য পড়ুয়াদের জন্য প্রেরণারও একটা উৎস,এ ই স ব   বৃ ত্তি   অ ন্যা ন্য   প ড় ু য় া দে র   জ ন্য   প্রে র ণা র ও   এ ক টা   উ ৎ স,29,8
"হ্যাঁ, ঠিক বলেছেন","হ্যাঁ ,   ঠি ক   ব লে ছে ন",8,3
"একটা সংরক্ষণ নীতি রয়েছে, একটি রাজ্য/কেন্দ্রশাসিত অঞ্চলের প্রতিটি সংখ্যালঘু সম্প্রদায়ের মেয়ে পড়ুয়াদের জন্য ৩০ শতাংশ বৃত্তি নির্দিষ্ট করা আছে","এ ক টা   সং র ক্ষ ণ   নী তি   র য় ে ছে ,   এ ক টি   রা জ্য / কে ন্দ্র শা সি ত   অ ঞ্চ লে র   প্র তি টি   সং খ্যা ল ঘু   স ম্প্র দা য ় ে র   মে য ় ে   প ড় ু য় া দে র   জ ন্য   ৩ ০   শ তাং শ   বৃ ত্তি   নি র্দি ষ্ট   ক রা   আ ছে",70,19
"ওহ, এটা তো অসাধারণ","ও হ ,   এ টা   তো   অ সা ধা র ণ",11,4
কতদিন পর্যন্ত এই বৃত্তির মেয়াদ,ক ত দি ন   প র্য ন্ত   এ ই   বৃ ত্তি র   মে য় া দ,16,5
গোটা শিক্ষাবর্ষ/কোর্সের জন্য বৃত্তি প্রদান করা হবে,গো টা   শি ক্ষা ব র্ষ / কো র্সে র   জ ন্য   বৃ ত্তি   প্র দা ন   ক রা   হ বে,21,7
"এবং একটি শিক্ষাবর্ষের জন্য রক্ষণাবেক্ষণ ভাতা, যা একটি নির্দিষ্ট এককালীন পরিমাণ হিসেবে ১০,০০০ টাকা হোস্টেল পড়ুয়াদের জন্য এবং ৫০০০ টাকা দিনের ডে স্কলারদের জন্য প্রদান করা হবে","এ বং   এ ক টি   শি ক্ষা ব র্ষে র   জ ন্য   র ক্ষ ণা বে ক্ষ ণ   ভা তা ,   যা   এ ক টি   নি র্দি ষ্ট   এ ক কা লী ন   প রি মা ণ   হি সে বে   ১ ০ , ০ ০ ০   টা কা   হো স্টে ল   প ড় ু য় া দে র   জ ন্য   এ বং   ৫ ০ ০ ০   টা কা   দি নে র   ডে   স্ক লা র দে র   জ ন্য   প্র দা ন   ক রা   হ বে",86,27
দারুণ,দা রু ণ,3,1
বৃত্তির জন্য আবেদন কীভাবে করতে হয়,বৃ ত্তি র   জ ন্য   আ বে দ ন   কী ভা বে   ক র তে   হ য়,17,6
এই প্রকল্পটি ন্যাশনাল স্কলারশিপ পোর্টাল (এন,এ ই   প্র ক ল্প টি   ন্যা শ না ল   স্ক লা র শি প   পো র্টা ল   ( এ ন,21,6
এস,এ স,2,1
পি)-এর মাধ্যমে বাস্তবায়িত করা হয়,পি ) - এ র   মা ধ্য মে   বা স্ত বা য ় ি ত   ক রা   হ য ়,20,5
সকল পড়ুয়াদের জন্য অনলাইন ওয়েবসাইট www,স ক ল   প ড় ু য় া দে র   জ ন্য   অ ন লা ই ন   ও য় ে ব সা ই ট   w w w,27,6
scholarships,s c h o l a r s h i p s,12,1
gov,g o v,3,1
in,i n,2,1
এ আবেদন করাটা বাধ্যতামূলক,এ   আ বে দ ন   ক রা টা   বা ধ্য তা মূ ল ক,14,4
এটা তাদের জন্য কাজের হবে,এ টা   তা দে র   জ ন্য   কা জে র   হ বে,12,5
আপনি ন্যাশনাল স্কলারশিপ পোর্টাল থেকে আরও বিস্তারিত তথ্য ডাউনলোড করে নিতে পারেন,আ প নি   ন্যা শ না ল   স্ক লা র শি প   পো র্টা ল   থে কে   আ র ও   বি স্তা রি ত   ত থ্য   ডা উ ন লো ড   ক রে   নি তে   পা রে ন,38,12
"নিশ্চয়ই স্যার, অনেক ধন্যবাদ আপনাকে","নি শ্চ য় ই   স্যা র ,   অ নে ক   ধ ন্য বা দ   আ প না কে",18,5
ইউ আর ওয়েলকাম,ই উ   আ র   ও য় ে ল কা ম,10,3
"হ্যালো, সামনের মাসে আমি বিয়ে করছি","হ্যা লো ,   সা ম নে র   মা সে   আ মি   বি য় ে   ক র ছি",17,6
আইনি পদ্ধতির ব্যাপারে আমাকে সাহায্য করতে পারেন,আ ই নি   প দ্ধ তি র   ব্যা পা রে   আ মা কে   সা হা য্য   ক র তে   পা রে ন,22,7
আমার বিয়ের আইনগত বৈধতা কিভাবে পেতে পারি,আ মা র   বি য় ে র   আ ই ন গ ত   বৈ ধ তা   কি ভা বে   পে তে   পা রি,22,7
আইনি স্বীকৃতির জন্য বিয়ের নিবন্ধীকরণ আবশ্যিক,আ ই নি   স্বী কৃ তি র   জ ন্য   বি য় ে র   নি ব ন্ধী ক র ণ   আ ব শ্যি ক,23,6
বর ও কনে বিয়ের শংসাপত্র হাতে পেয়ে গেলেই বিয়ের নিবন্ধীকরণ পদ্ধতি শেষ হয়,ব র   ও   ক নে   বি য় ে র   শং সা প ত্র   হা তে   পে য় ে   গে লে ই   বি য় ে র   নি ব ন্ধী ক র ণ   প দ্ধ তি   শে ষ   হ য়,38,13
বিয়ের শংসাপত্র কী করে পেতে পারি,বি য় ে র   শং সা প ত্র   কী   ক রে   পে তে   পা রি,15,6
বিবাহ নিবন্ধীকরণের অনুরোধ জানিয়ে একটা এফিডেভিট আপনাকে জমা দিতে হবে,বি বা হ   নি ব ন্ধী ক র ণে র   অ নু রো ধ   জা নি য় ে   এ ক টা   এ ফি ডে ভি ট   আ প না কে   জ মা   দি তে   হ বে,36,10
কোনও জুটি তাদের বিয়ের জন্য যৌথ এফিডেভিট অথবা যে যার নিজের এফিডেভিটও জমা দিতে পারে,কো ন ও   জু টি   তা দে র   বি য় ে র   জ ন্য   যৌ থ   এ ফি ডে ভি ট   অ থ বা   যে   যা র   নি জে র   এ ফি ডে ভি ট ও   জ মা   দি তে   পা রে,42,15
দু'টোর মধ্যে কোনও পার্থক্য আছে কি,দু ' টো র   ম ধ্যে   কো ন ও   পা র্থ ক্য   আ ছে   কি,15,6
"খুব একটা নয়, কিন্তু কিছু রাজ্যে যৌথ এফিডেভিট জমা দেওয়া বাধ্যতামূলক","খু ব   এ ক টা   ন য় ,   কি ন্তু   কি ছু   রা জ্যে   যৌ থ   এ ফি ডে ভি ট   জ মা   দে ও য় া   বা ধ্য তা মূ ল ক",33,11
"আচ্ছা, বিবাহ নিবন্ধীকরণের যৌথ এফিডেভিট দাখিল করার ধাপগুলো কি কি","আ চ্ছা ,   বি বা হ   নি ব ন্ধী ক র ণে র   যৌ থ   এ ফি ডে ভি ট   দা খি ল   ক রা র   ধা প গু লো   কি   কি",32,10
"ভারতে দু'টো আইনের অধীনে বিবাহ নিবন্ধীকরণ করা যায়, ১৯৫৪-এর বিশেষ বিবাহ আইন এবং ১৯৫৫-এর হিন্দু বিবাহ আইন","ভা র তে   দু ' টো   আ ই নে র   অ ধী নে   বি বা হ   নি ব ন্ধী ক র ণ   ক রা   যা য় ,   ১ ৯ ৫ ৪ - এ র   বি শে ষ   বি বা হ   আ ই ন   এ বং   ১ ৯ ৫ ৫ - এ র   হি ন্দু   বি বা হ   আ ই ন",60,17
প্রথমটা বিশ্বাস বা ধর্ম নির্বিশেষে সবার ক্ষেত্রেই প্রযোজ্য এবং বিদেশে বসবাসকারী ভারতীয়রাও এর আওতায়,প্র থ ম টা   বি শ্বা স   বা   ধ র্ম   নি র্বি শে ষে   স বা র   ক্ষে ত্রে ই   প্র যো জ্য   এ বং   বি দে শে   ব স বা স কা রী   ভা র তী য় রা ও   এ র   আ ও তা য়,46,14
অসবর্ণ বিবাহও এই আইনের অধীনেই নিবন্ধিত হবে,অ স ব র্ণ   বি বা হ ও   এ ই   আ ই নে র   অ ধী নে ই   নি ব ন্ধি ত   হ বে,24,7
"পরেরটা হলো জৈন, বৌদ্ধ ও শিখ সম্প্রদায় পর্যন্ত, দু'জন হিন্দুর মধ্যে বিবাহের আইন","প রে র টা   হ লো   জৈ ন ,   বৌ দ্ধ   ও   শি খ   স ম্প্র দা য়   প র্য ন্ত ,   দু ' জ ন   হি ন্দু র   ম ধ্যে   বি বা হে র   আ ই ন",38,13
বিশেষ বিবাহ আইনের অন্তর্গত যৌথ এফিডেভিট জমা দিতে কোন কোন ধাপ অনুসরণ করতে হবে,বি শে ষ   বি বা হ   আ ই নে র   অ ন্ত র্গ ত   যৌ থ   এ ফি ডে ভি ট   জ মা   দি তে   কো ন   কো ন   ধা প   অ নু স র ণ   ক র তে   হ বে,41,14
"প্রথমে, অভীষ্ট বিবাহের একটা নোটিস আপনার জেলার বিবাহ নিবন্ধকের কাছে দাখিল করতে হবে","প্র থ মে ,   অ ভী ষ্ট   বি বা হে র   এ ক টা   নো টি স   আ প না র   জে লা র   বি বা হ   নি ব ন্ধ কে র   কা ছে   দা খি ল   ক র তে   হ বে",42,13
এটা শুধুমাত্র এমন কোনও জায়গা থেকেই দাখিল করা যাবে যেখানে যে কোনও এক পক্ষ অন্ততপক্ষে তিরিশ দিন থেকেছে,এ টা   শু ধু মা ত্র   এ ম ন   কো ন ও   জা য় গা   থে কে ই   দা খি ল   ক রা   যা বে   যে খা নে   যে   কো ন ও   এ ক   প ক্ষ   অ ন্ত ত প ক্ষে   তি রি শ   দি ন   থে কে ছে,49,18
তারপর এই নোটিসটা নিবন্ধকের অফিসেের নোটিস বোর্ডে টাঙানো থাকবে যাতে এই মিলনের প্রতি কারোর আপত্তি থাকলে সে তা জানাতে পারে,তা র প র   এ ই   নো টি স টা   নি ব ন্ধ কে র   অ ফি সে ে র   নো টি স   বো র্ডে   টা ঙা নো   থা ক বে   যা তে   এ ই   মি ল নে র   প্র তি   কা রো র   আ প ত্তি   থা ক লে   সে   তা   জা না তে   পা রে,57,20
৩০ দিনের মধ্যে কেউ আপত্তি না জানালে বিয়েটা কি স্বীকৃত বলে ধরা হবে,৩ ০   দি নে র   ম ধ্যে   কে উ   আ প ত্তি   না   জা না লে   বি য় ে টা   কি   স্বী কৃ ত   ব লে   ধ রা   হ বে,30,13
"হ্যাঁ, বর ও কনে পক্ষের ৩জন সাক্ষীর উপস্থিতিতে তাদের বিয়েকে স্বীকৃতি দিতে তাদের অফিসে ডাকা হয়","হ্যাঁ ,   ব র   ও   ক নে   প ক্ষে র   ৩ জ ন   সা ক্ষী র   উ প স্থি তি তে   তা দে র   বি য় ে কে   স্বী কৃ তি   দি তে   তা দে র   অ ফি সে   ডা কা   হ য়",43,16
এই ছ'জন সাক্ষীর প্রত্যেককে রেজিস্টারে সই করতে হবে,এ ই   ছ ' জ ন   সা ক্ষী র   প্র ত্যে ক কে   রে জি স্টা রে   স ই   ক র তে   হ বে,24,8
পদ্ধতিটা হিন্দু বিবাহ আইনের থেকে আলাদা কিভাবে,প দ্ধ তি টা   হি ন্দু   বি বা হ   আ ই নে র   থে কে   আ লা দা   কি ভা বে,21,7
তাদের বিবাহানুষ্ঠানের দু'কপি ছবি আর নিমন্ত্রণ পত্র সহ যুগলকে একটা আবেদনপত্র পূরণ করে জমা দিতে হবে,তা দে র   বি বা হা নু ষ্ঠা নে র   দু ' ক পি   ছ বি   আ র   নি ম ন্ত্র ণ   প ত্র   স হ   যু গ ল কে   এ ক টা   আ বে দ ন প ত্র   পূ র ণ   ক রে   জ মা   দি তে   হ বে,50,16
"উভয়পক্ষকেই তাদের পরিচয়, বয়স ও ঠিকানার প্রমাণাদি জমা দিতে হবে","উ ভ য় প ক্ষ কে ই   তা দে র   প রি চ য় ,   ব য় স   ও   ঠি কা না র   প্র মা ণা দি   জ মা   দি তে   হ বে",33,10
বিয়ের সময় তাদের যে কোনও জীবিত সঙ্গী নেই সেটা ঘোষণা করে আলাদা এফিডেভিট আগে থেকে জমা দিয়ে রাখতে হবে,বি য় ে র   স ম য়   তা দে র   যে   কো ন ও   জী বি ত   স ঙ্গী   নে ই   সে টা   ঘো ষ ণা   ক রে   আ লা দা   এ ফি ডে ভি ট   আ গে   থে কে   জ মা   দি য় ে   রা খ তে   হ বে,50,19
বিবাহ নিবন্ধীকরণের জন্য নির্দিষ্ট কোনও সময়সীমা আছে কি,বি বা হ   নি ব ন্ধী ক র ণে র   জ ন্য   নি র্দি ষ্ট   কো ন ও   স ম য় সী মা   আ ছে   কি,26,8
বিয়ের নিবন্ধনে কারা সাক্ষী হতে পারে,বি য় ে র   নি ব ন্ধ নে   কা রা   সা ক্ষী   হ তে   পা রে,16,6
"হিন্দু বিবাহ আইন অনুসারে, বিবাহানুষ্ঠানের এক মাসের মধ্যে বিয়ের নিবন্ধীকরণ করাতে হবে","হি ন্দু   বি বা হ   আ ই ন   অ নু সা রে ,   বি বা হা নু ষ্ঠা নে র   এ ক   মা সে র   ম ধ্যে   বি য় ে র   নি ব ন্ধী ক র ণ   ক রা তে   হ বে",42,12
তিনজন সাক্ষীর উপস্থিতিতে বর ও কনে উভয়ই রেজিস্টারে সই করে,তি ন জ ন   সা ক্ষী র   উ প স্থি তি তে   ব র   ও   ক নে   উ ভ য় ই   রে জি স্টা রে   স ই   ক রে,29,10
নিবন্ধীকরণের সময় উভয় পক্ষেরই মা-বা বা অভিভাবককে উপস্থিত থাকতে হবে,নি ব ন্ধী ক র ণে র   স ম য়   উ ভ য়   প ক্ষে র ই   মা - বা   বা   অ ভি ভা ব ক কে   উ প স্থি ত   থা ক তে   হ বে,36,10
এফিডেভিটের জন্য কোন কোন প্রমাণ লাগবে,এ ফি ডে ভি টে র   জ ন্য   কো ন   কো ন   প্র মা ণ   লা গ বে,18,6
"আবেদন পত্র, পরিচয়ের প্রমাণপত্র, ঠিকানার প্রমাণপত্র, জন্মতারিখের প্রমাণপত্র, দু'টো পাসপোর্ট-সাইজ ছবি আর বর ও কনেকে অবশ্যই লাগবে","আ বে দ ন   প ত্র ,   প রি চ য় ে র   প্র মা ণ প ত্র ,   ঠি কা না র   প্র মা ণ প ত্র ,   জ ন্ম তা রি খে র   প্র মা ণ প ত্র ,   দু ' টো   পা স পো র্ট - সা ই জ   ছ বি   আ র   ব র   ও   ক নে কে   অ ব শ্য ই   লা গ বে",69,17
ডিভোর্সি বা বিধবা/বিপত্নীক হলে ডিভোর্সের ফরমান বা আগের সঙ্গীর ডেথ সার্টিফিকেট লাগবে,ডি ভো র্সি   বা   বি ধ বা / বি প ত্নী ক   হ লে   ডি ভো র্সে র   ফ র মা ন   বা   আ গে র   স ঙ্গী র   ডে থ   সা র্টি ফি কে ট   লা গ বে,39,12
"হ্যালো, আমি এই প্রথমবার ই-ভিসার জন্য আবেদন করছি","হ্যা লো ,   আ মি   এ ই   প্র থ ম বা র   ই - ভি সা র   জ ন্য   আ বে দ ন   ক র ছি",26,8
আবেদন করতে কী কী ডকুমেন্ট লাগবে যদি বলতেন,আ বে দ ন   ক র তে   কী   কী   ড কু মে ন্ট   লা গ বে   য দি   ব ল তে ন,22,8
"নিশ্চয়ই, আমকে কল করে খুব ভালো করেছেন","নি শ্চ য় ই ,   আ ম কে   ক ল   ক রে   খু ব   ভা লো   ক রে ছে ন",20,7
কোন্ দেশের জন্য আপনার ভিসা লাগবে জানতে পারি কি,কো ন্   দে শে র   জ ন্য   আ প না র   ভি সা   লা গ বে   জা ন তে   পা রি   কি,22,9
ভারতের জন্য একটা ট্যুরিস্ট ভিসার দরকার আমার,ভা র তে র   জ ন্য   এ ক টা   ট্যু রি স্ট   ভি সা র   দ র কা র   আ মা র,22,7
আমি এক সপ্তাহের জন্য যাব,আ মি   এ ক   স প্তা হে র   জ ন্য   যা ব,12,5
"আচ্ছা, প্রয়োজনীয় সবথেকে গুরুত্বপূর্ণ ডকুমেণ্ট হলো পাসপোর্ট","আ চ্ছা ,   প্র য় ো জ নী য়   স ব থে কে   গু রু ত্ব পূ র্ণ   ড কু মে ণ্ট   হ লো   পা স পো র্ট",28,7
ভারতে পৌঁছনোর সম্ভাব্য তারিখ থেকে ছ'মাস অবধি আপনার পাসপোর্টের বৈধতা আপনাকে নিশ্চিত করতে হবে,ভা র তে   পৌঁ ছ নো র   স ম্ভা ব্য   তা রি খ   থে কে   ছ ' মা স   অ ব ধি   আ প না র   পা স পো র্টে র   বৈ ধ তা   আ প না কে   নি শ্চি ত   ক র তে   হ বে,46,14
শুধুমাত্র এই কারণে খারিজ হয়ে যাওয়া বহু আবেদন আমাদের কাছে আসে,শু ধু মা ত্র   এ ই   কা র ণে   খা রি জ   হ য় ে   যা ও য় া   ব হু   আ বে দ ন   আ মা দে র   কা ছে   আ সে,33,11
"হ্যাঁ, ইতিমধ্যেই আমি আমার পাসপোর্টের বৈধতা দেখে নিয়েছি, আর আপনার এক্ষুণি বলা শর্তের সঙ্গে তা মানানসই","হ্যাঁ ,   ই তি ম ধ্যে ই   আ মি   আ মা র   পা স পো র্টে র   বৈ ধ তা   দে খে   নি য় ে ছি ,   আ র   আ প না র   এ ক্ষু ণি   ব লা   শ র্তে র   স ঙ্গে   তা   মা না ন স ই",49,16
অন্য কিছু কি লাগবে,অ ন্য   কি ছু   কি   লা গ বে,8,4
"আচ্ছা, তাহলে তো ঠিকই আছে","আ চ্ছা ,   তা হ লে   তো   ঠি ক ই   আ ছে",12,5
এর পরে আপনার যেটা লাগবে সেটা হলো একটা বৈধ ইমেল আইডি,এ র   প রে   আ প না র   যে টা   লা গ বে   সে টা   হ লো   এ ক টা   বৈ ধ   ই মে ল   আ ই ডি,28,11
"এটার ব্যাপারেও সতর্ক থাকবেন, কারণ কোনও ভারতীয় ভিসার প্রক্রিয়াকরণ ও অনুমোদন হয়ে গেলে, আবেদনপত্রে দেওয়া ইমেল অ্যাড্রেসে সেটা সরাসরি পাঠিয়ে দেওয়া হবে","এ টা র   ব্যা পা রে ও   স ত র্ক   থা ক বে ন ,   কা র ণ   কো ন ও   ভা র তী য়   ভি সা র   প্র ক্রি য় া ক র ণ   ও   অ নু মো দ ন   হ য় ে   গে লে ,   আ বে দ ন প ত্রে   দে ও য় া   ই মে ল   অ ্ যা ড্রে সে   সে টা   স রা স রি   পা ঠি য় ে   দে ও য় া   হ বে",81,22
কোনও ব্যক্তিগত ইমেল আইডি ব্যবহার না করে কাজের ইমেল আইডি ব্যবহার করলে হবে তো,কো ন ও   ব্য ক্তি গ ত   ই মে ল   আ ই ডি   ব্য ব হা র   না   ক রে   কা জে র   ই মে ল   আ ই ডি   ব্য ব হা র   ক র লে   হ বে   তো,39,14
আমার ব্যক্তিগত আইডির ই-মেলগুলো খুব একটা ঘন ঘন দেখি না,আ মা র   ব্য ক্তি গ ত   আ ই ডি র   ই - মে ল গু লো   খু ব   এ ক টা   ঘ ন   ঘ ন   দে খি   না,29,10
সেটা কোনও ব্যাপারই নয়,সে টা   কো ন ও   ব্যা পা র ই   ন য়,11,4
ইমেল অ্যাড্রেসটা কাজ করার মতো হলেই হবে,ই মে ল   অ ্ যা ড্রে স টা   কা জ   ক রা র   ম তো   হ লে ই   হ বে,21,7
শুধু এই ক'টা জিনিসই আমার লাগবে তো,শু ধু   এ ই   ক ' টা   জি নি স ই   আ মা র   লা গ বে   তো,18,7
ভারতে ঘুরতে যাওয়ার অনুমোদন পেতে ভারতের ই-ভিসা সংক্রান্ত প্রমাণেরও প্রয়োজন,ভা র তে   ঘু র তে   যা ও য় া র   অ নু মো দ ন   পে তে   ভা র তে র   ই - ভি সা   সং ক্রা ন্ত   প্র মা ণে র ও   প্র য় ো জ ন,39,10
বৈধ পাসপোর্টের প্রথম পৃষ্ঠা অথবা জীবনীবিষয়ক পৃষ্ঠার রঙিন স্ক্যান্‌ড কপি জমা দিতে হয় আবেদনকারীদের,বৈ ধ   পা স পো র্টে র   প্র থ ম   পৃ ষ্ঠা   অ থ বা   জী ব নী বি ষ য় ক   পৃ ষ্ঠা র   র ঙি ন   স্ক্যা ন্ ড   ক পি   জ মা   দি তে   হ য়   আ বে দ ন কা রী দে র,47,14
প্রত্যেক আবেদনকারীর সাম্প্রতিক একটা রঙিন পাসপোর্ট-স্টাইল ছবি জমা দেওয়াও বাধ্যতামূলক,প্র ত্যে ক   আ বে দ ন কা রী র   সা ম্প্র তি ক   এ ক টা   র ঙি ন   পা স পো র্ট - স্টা ই ল   ছ বি   জ মা   দে ও য় া ও   বা ধ্য তা মূ ল ক,43,10
এ তো বেশ অনেকগুলো নির্দিষ্ট জিনিস,এ   তো   বে শ   অ নে ক গু লো   নি র্দি ষ্ট   জি নি স,15,6
"আমি লিখে রাখছি, যাতে ভুলে না যাই","আ মি   লি খে   রা খ ছি ,   যা তে   ভু লে   না   যা ই",15,7
এটা ভালো আইডিয়া,এ টা   ভা লো   আ ই ডি য় া,9,3
আপনার একটা ডেবিট বা ক্রেডিট কার্ডও লাগবে,আ প না র   এ ক টা   ডে বি ট   বা   ক্রে ডি ট   কা র্ড ও   লা গ বে,20,7
"আচ্ছা, আমার কাছে একটা আছে","আ চ্ছা ,   আ মা র   কা ছে   এ ক টা   আ ছে",13,5
অন্য কিছু জানার থাকলে আপনাকে আবার কল করতে পারি তো,অ ন্য   কি ছু   জা না র   থা ক লে   আ প না কে   আ বা র   ক ল   ক র তে   পা রি   তো,25,10
"নিশ্চয়ই, কোনও কিছু জানার থাকলে নির্দ্বিধায় আমাদের সঙ্গে যোগাযোগ করবেন","নি শ্চ য় ই ,   কো ন ও   কি ছু   জা না র   থা ক লে   নি র্দ্বি ধা য়   আ মা দে র   স ঙ্গে   যো গা যো গ   ক র বে ন",34,10
এই বছর থেকে আমাকে একটা বিদেশী ভাষা নিতে হবে,এ ই   ব ছ র   থে কে   আ মা কে   এ ক টা   বি দে শী   ভা ষা   নি তে   হ বে,22,9
আমি ঠিক নিশ্চিত নই কোনটা নেওয়া উচিত,আ মি   ঠি ক   নি শ্চি ত   ন ই   কো ন টা   নে ও য় া   উ চি ত,19,7
প্রচুর অপশন রয়েছে,প্র চু র   অ প শ ন   র য় ে ছে,11,3
"সত্যি বলতে, আমি দিশাহারা","স ত্যি   ব ল তে ,   আ মি   দি শা হা রা",12,4
তোমার কি মনে হয় আমার কোন্ ভাষাটা নেওয়া উচিত,তো মা র   কি   ম নে   হ য়   আ মা র   কো ন্   ভা ষা টা   নে ও য় া   উ চি ত,23,9
আমি তো বলবো তোমার যেটা ভালো লাগে সেটাই বেছে নাও,আ মি   তো   ব ল বো   তো মা র   যে টা   ভা লো   লা গে   সে টা ই   বে ছে   না ও,22,10
তাহলে তোমার সেটা শেখার প্রতি একটা আগ্রহ বজায় থাকবে,তা হ লে   তো মা র   সে টা   শে খা র   প্র তি   এ ক টা   আ গ্র হ   ব জা য়   থা ক বে,25,9
"এছাড়াও, মনে হবে না যে জোর করে শিখতে হচ্ছে","এ ছা ড় া ও ,   ম নে   হ বে   না   যে   জো র   ক রে   শি খ তে   হ চ্ছে",21,9
এটাই তো সমস্যা,এ টা ই   তো   স ম স্যা,7,3
আমার মনে হয় আমার সব ভাষাই ভালো লাগে,আ মা র   ম নে   হ য়   আ মা র   স ব   ভা ষা ই   ভা লো   লা গে,19,8
"আমার কাছে বিকল্প থাকলে, আমি সবকটাই নিয়ে নিতাম","আ মা র   কা ছে   বি ক ল্প   থা ক লে ,   আ মি   স ব ক টা ই   নি য় ে   নি তা ম",25,8
পরের বছরের জন্য শুধু একটাই নিতে পারবো আমি,প রে র   ব ছ রে র   জ ন্য   শু ধু   এ ক টা ই   নি তে   পা র বো   আ মি,22,8
তাহলে আমি বলবো যেটা তোমার পক্ষে সবচেয়ে উপকারী হবে সেই ভাষাটা নিতে,তা হ লে   আ মি   ব ল বো   যে টা   তো মা র   প ক্ষে   স ব চে য় ে   উ প কা রী   হ বে   সে ই   ভা ষা টা   নি তে,33,12
যেটা ভবিষ্যতে তোমায় সাহায্য করবে,যে টা   ভ বি ষ্য তে   তো মা য়   সা হা য্য   ক র বে,15,5
তুমি ঠিক করেছো ভবিষ্যতে তুমি কি হতে চাও,তু মি   ঠি ক   ক রে ছো   ভ বি ষ্য তে   তু মি   কি   হ তে   চা ও,18,8
সেরকম কিছু আমি ঠিক করিনি,সে র ক ম   কি ছু   আ মি   ঠি ক   ক রি নি,13,5
তুমি কি আমায় বলতে পারবে কোন্ বিষয়ের জন্য কোন্ ভাষাটা দরকারী,তু মি   কি   আ মা য়   ব ল তে   পা র বে   কো ন্   বি ষ য় ে র   জ ন্য   কো ন্   ভা ষা টা   দ র কা রী,30,11
পরে বাছাই করতে খুব সাহায্য হবে তাহলে আমার,প রে   বা ছা ই   ক র তে   খু ব   সা হা য্য   হ বে   তা হ লে   আ মা র,21,8
তুমি যদি সাহিত্য নিতে চাও তাহলে সেটার জন্য সবচেয়ে ভালো হবে ফ্রেঞ্চ,তু মি   য দি   সা হি ত্য   নি তে   চা ও   তা হ লে   সে টা র   জ ন্য   স ব চে য় ে   ভা লো   হ বে   ফ্রে ঞ্চ,30,12
প্রচুর সাহিত্য রয়েছে যা তুমি পড়তে পারবে,প্র চু র   সা হি ত্য   র য় ে ছে   যা   তু মি   প ড় তে   পা র বে,19,7
যদি তুমি বিনোদন জগতে পা রাখতে চাও তাহলে কোরিয়ান ভাষা তোমায় সাহায্য করবে,য দি   তু মি   বি নো দ ন   জ গ তে   পা   রা খ তে   চা ও   তা হ লে   কো রি য় া ন   ভা ষা   তো মা য়   সা হা য্য   ক র বে,36,13
কে-পপ এবং কে-ড্রামা আজকাল প্রচুর জনপ্রিয়তা পাচ্ছে,কে - প প   এ বং   কে - ড্রা মা   আ জ কা ল   প্র চু র   জ ন প্রি য ় তা   পা চ্ছে,25,7
পর্যটনের জন্য স্প্যানিশটা সত্যি প্রয়োজনীয়,প র্য ট নে র   জ ন্য   স্প্যা নি শ টা   স ত্যি   প্র য় ো জ নী য়,19,5
এই সবকটাই দারুণ লাগছে শুনতে,এ ই   স ব ক টা ই   দা রু ণ   লা গ ছে   শু ন তে,16,5
আমি ভাবছি ভবিষ্যতের পড়াশোনার জন্য আমি বিজ্ঞান নেবো,আ মি   ভা ব ছি   ভ বি ষ্য তে র   প ড় া শো না র   জ ন্য   আ মি   বি জ্ঞা ন   নে বো,25,8
বৈজ্ঞানিক গবেষণার জন্য কোন্ সব ভাষাগুলো সবচেয়ে ভালো,বৈ জ্ঞা নি ক   গ বে ষ ণা র   জ ন্য   কো ন্   স ব   ভা ষা গু লো   স ব চে য় ে   ভা লো,26,8
তোমার জন্য সবচেয়ে ভালো হবে জার্মান ভাষা,তো মা র   জ ন্য   স ব চে য় ে   ভা লো   হ বে   জা র্মা ন   ভা ষা,19,7
"যেহেতু বেশীরভাগ প্রাচীন বৈজ্ঞানিক নথিপত্র জার্মানে লেখা, সেহেতু এটা সত্যিই সাহায্য করবে","যে হে তু   বে শী র ভা গ   প্রা চী ন   বৈ জ্ঞা নি ক   ন থি প ত্র   জা র্মা নে   লে খা ,   সে হে তু   এ টা   স ত্যি ই   সা হা য্য   ক র বে",39,12
"তাছাড়া, জার্মানিতে আরও অনেক পড়ার সুযোগ রয়েছে","তা ছা ড় া ,   জা র্মা নি তে   আ র ও   অ নে ক   প ড় া র   সু যো গ   র য় ে ছে",26,7
"তবে তুমি যদি প্রযুক্তির দিকে যেতে চাও, আমি মনে করি চাইনিজ ভাষা নেওয়াটা বেশি ভালো হবে","ত বে   তু মি   য দি   প্র যু ক্তি র   দি কে   যে তে   চা ও ,   আ মি   ম নে   ক রি   চা ই নি জ   ভা ষা   নে ও য় া টা   বে শি   ভা লো   হ বে",40,16
"তারা যে গতিতে প্রযুক্তি উদ্ভাবন করে চলেছে, তাদের সঙ্গে তাল মিলিয়ে চলতে গেলে তোমার এটার প্রয়োজন হবে","তা রা   যে   গ তি তে   প্র যু ক্তি   উ দ্ভা ব ন   ক রে   চ লে ছে ,   তা দে র   স ঙ্গে   তা ল   মি লি য় ে   চ ল তে   গে লে   তো মা র   এ টা র   প্র য় ো জ ন   হ বে",48,17
আমি নিশ্চিত ভবিষ্যতে বাছাই করার জন্য এইগুলো আমাকে সাহায্য করবে,আ মি   নি শ্চি ত   ভ বি ষ্য তে   বা ছা ই   ক রা র   জ ন্য   এ ই গু লো   আ মা কে   সা হা য্য   ক র বে,30,10
"সুপ্রভাত, ছাত্রগণ","সু প্র ভা ত ,   ছা ত্র গ ণ",9,2
আশা করি তোমরা সবাই ভালো আছো,আ শা   ক রি   তো ম রা   স বা ই   ভা লো   আ ছো,14,6
শেষ ক্লাসে নদীর ব্যাপারে শুরু করা আলোচনাটা মনে আছে তো,শে ষ   ক্লা সে   ন দী র   ব্যা পা রে   শু রু   ক রা   আ লো চ না টা   ম নে   আ ছে   তো,24,10
কয়েকটি অনন্য বৈশিষ্ট্য সহ আমাদের দেশের কিছু সুপরিচিত নদী সম্বন্ধে যা জানো আমাকে বলতে পারবে,ক য় ে ক টি   অ ন ন্য   বৈ শি ষ্ট্য   স হ   আ মা দে র   দে শে র   কি ছু   সু প রি চি ত   ন দী   স ম্ব ন্ধে   যা   জা নো   আ মা কে   ব ল তে   পা র বে,44,15
"সুপ্রভাত, মিস লিয়া","সু প্র ভা ত ,   মি স   লি য় া",10,3
শেষ ক্লাস থেকে আমার কয়েকটা নদীর কথা মনে আছে,শে ষ   ক্লা স   থে কে   আ মা র   ক য় ে ক টা   ন দী র   ক থা   ম নে   আ ছে,23,9
"গ্যাঞ্জেস বলেও পরিচিত গঙ্গা নদী দিয়ে আমরা আলোচনা শুরু করেছিলাম, যেটি ভারতের দীর্ঘতম নদী, এটির বহু ধর্মীয় গুরুত্ব থাকা সত্ত্বেও সর্বাধিক দূষিত নদীগুলির মধ্যে এটি একটি","গ্যা ঞ্জে স   ব লে ও   প রি চি ত   গ ঙ্গা   ন দী   দি য় ে   আ ম রা   আ লো চ না   শু রু   ক রে ছি লা ম ,   যে টি   ভা র তে র   দী র্ঘ ত ম   ন দী ,   এ টি র   ব হু   ধ র্মী য়   গু রু ত্ব   থা কা   স ত্ত্বে ও   স র্বা ধি ক   দূ ষি ত   ন দী গু লি র   ম ধ্যে   এ টি   এ ক টি",80,26
"১৫টিরও বেশি বড় শহরের মধ্যে দিয়ে প্রবাহিত, প্রায় ২৫২৫ কিমি দৈর্ঘ্য সহ হিমাচল প্রদেশের গঙ্গোত্রীতে এটির উৎপত্তি","১ ৫ টি র ও   বে শি   ব ড়   শ হ রে র   ম ধ্যে   দি য় ে   প্র বা হি ত ,   প্রা য়   ২ ৫ ২ ৫   কি মি   দৈ র্ঘ্য   স হ   হি মা চ ল   প্র দে শে র   গ ঙ্গো ত্রী তে   এ টি র   উ ৎ প ত্তি",54,17
"আর হ্যাঁ, এটি পৃথিবীর বৃহত্তম বদ্বীপগুলি সৃষ্টি করেছে: পশ্চিম বঙ্গের সুন্দরবন","আ র   হ্যাঁ ,   এ টি   পৃ থি বী র   বৃ হ ত্ত ম   ব দ্বী প গু লি   সৃ ষ্টি   ক রে ছে :   প শ্চি ম   ব ঙ্গে র   সু ন্দ র ব ন",36,11
সিন্ধু সম্পর্কে মনে আছে তোমার,সি ন্ধু   স ম্প র্কে   ম নে   আ ছে   তো মা র,12,5
"বৃহত্তম প্রাচীন মানবসভ্যতা, সিন্ধু সভ্যতার জন্ম দিয়েছিল এই নদীটি এবং এর বিরাট ঐতিহাসিক মূল্য রয়েছে","বৃ হ ত্ত ম   প্রা চী ন   মা ন ব স ভ্য তা ,   সি ন্ধু   স ভ্য তা র   জ ন্ম   দি য় ে ছি ল   এ ই   ন দী টি   এ বং   এ র   বি রা ট   ঐ তি হা সি ক   মূ ল্য   র য় ে ছে",50,15
"হ্যাঁ, আপনি বলেছিলেন যে এটাকে সিন্ধুও বলে","হ্যাঁ ,   আ প নি   ব লে ছি লে ন   যে   এ টা কে   সি ন্ধু ও   ব লে",19,7
"চীন, পাকিস্তান এবং ভারতের মধ্যে দিয়েও এটি প্রবাহিত","চী ন ,   পা কি স্তা ন   এ বং   ভা র তে র   ম ধ্যে   দি য় ে ও   এ টি   প্র বা হি ত",25,8
এটির মাত্র পাঁচ শতাংশ ভারতে থাকলেও সভ্যতা এবং অর্থনীতির নিরিখে সর্বাধিক গুরুত্বপূর্ণ নদীগুলির মধ্যে এটি একটি,এ টি র   মা ত্র   পাঁ চ   শ তাং শ   ভা র তে   থা ক লে ও   স ভ্য তা   এ বং   অ র্থ নী তি র   নি রি খে   স র্বা ধি ক   গু রু ত্ব পূ র্ণ   ন দী গু লি র   ম ধ্যে   এ টি   এ ক টি,51,16
"ম্যাম, আপনি ইণ্ডিয়া আর ইন্দাস শব্দ দু'টির প্রাসঙ্গিকতা সম্পর্কেও কিছু একটা বলেছিলেন; আরেকবার বলবেন সেটা","ম্যা ম ,   আ প নি   ই ণ্ডি য় া   আ র   ই ন্দা স   শ ব্দ   দু ' টি র   প্রা স ঙ্গি ক তা   স ম্প র্কে ও   কি ছু   এ ক টা   ব লে ছি লে ন ;   আ রে ক বা র   ব ল বে ন   সে টা",52,15
উত্তর-পশ্চিম ভারত হয়ে পাকিস্তানে প্রবেশ করা সিন্ধু জলপথটি তার নাম পেয়েছে সংস্কৃত শব্দ সিন্ধু থেকে,উ ত্ত র - প শ্চি ম   ভা র ত   হ য় ে   পা কি স্তা নে   প্র বে শ   ক রা   সি ন্ধু   জ ল প থ টি   তা র   না ম   পে য় ে ছে   সং স্কৃ ত   শ ব্দ   সি ন্ধু   থে কে,46,15
"পারসিকরা সিন্ধু জলপথের পারিপার্শ্বিক স্থলভূমিকে, সংস্কৃত সিন্ধু শব্দের ভুল প্রয়োগ করে হিন্দু নামাঙ্কিত করার ফলে ইণ্ডাস থেকে ইণ্ডিয়া নামটি এসেছে","পা র সি ক রা   সি ন্ধু   জ ল প থে র   পা রি পা র্শ্বি ক   স্থ ল ভূ মি কে ,   সং স্কৃ ত   সি ন্ধু   শ ব্দে র   ভু ল   প্র য় ো গ   ক রে   হি ন্দু   না মা ঙ্কি ত   ক রা র   ফ লে   ই ণ্ডা স   থে কে   ই ণ্ডি য় া   না ম টি   এ সে ছে",65,20
"ও, হ্যাঁ, আপনি আমাদের এগুলো পড়িয়েছিলেন, ধন্যবাদ","ও ,   হ্যাঁ ,   আ প নি   আ মা দে র   এ গু লো   প ড় ি য় ে ছি লে ন ,   ধ ন্য বা দ",27,7
"ভারতের বৃহত্তম নদী, ব্রহ্মপুত্র সম্পর্কে কিছুদিন আগে আলোচিত তথ্যগুলো মনে আছে","ভা র তে র   বৃ হ ত্ত ম   ন দী ,   ব্র হ্ম পু ত্র   স ম্প র্কে   কি ছু দি ন   আ গে   আ লো চি ত   ত থ্য গু লো   ম নে   আ ছে",36,11
কোথায় তার উৎপত্তি এবং কিভাবে সেখানে তার নামটা আলাদা,কো থা য়   তা র   উ ৎ প ত্তি   এ বং   কি ভা বে   সে খা নে   তা র   না ম টা   আ লা দা,25,9
কৈলাস পাহাড়ের কাছে আংসি হিমবাহ থেকে এর উৎপত্তি এবং একে ইয়ার্লুং সাংপোও বলা হয়ে থাকে,কৈ লা স   পা হা ড় ে র   কা ছে   আ ং সি   হি ম বা হ   থে কে   এ র   উ ৎ প ত্তি   এ বং   এ কে   ই য় া র্লুং   সাং পো ও   ব লা   হ য় ে   থা কে,43,15
"এর ব-দ্বীপটি ১৩ কোটি মানুষের বাসস্থান এবং নদী-সংলগ্ন দ্বীপগুলিতে ৬,০০,০০০ মানুষের বসবাস","এ র   ব - দ্বী প টি   ১ ৩   কো টি   মা নু ষে র   বা স স্থা ন   এ বং   ন দী - সং ল গ্ন   দ্বী প গু লি তে   ৬ , ০ ০ , ০ ০ ০   মা নু ষে র   ব স বা স",48,12
"কিন্তু ম্যাম, গঙ্গা আর ব্রহ্মপুত্র দুটোই কি করে ভারতের দীর্ঘতম নদী হতে পারে","কি ন্তু   ম্যা ম ,   গ ঙ্গা   আ র   ব্র হ্ম পু ত্র   দু টো ই   কি   ক রে   ভা র তে র   দী র্ঘ ত ম   ন দী   হ তে   পা রে",33,13
ব্রহ্মপুত্র তো স্পষ্টতই গঙ্গার থেকে দীর্ঘতর,ব্র হ্ম পু ত্র   তো   স্প ষ্ট ত ই   গ ঙ্গা র   থে কে   দী র্ঘ ত র,18,6
গঙ্গা দীর্ঘতম হলেও জলপ্রবাহের নিরিখে ব্রহ্মপুত্র হলো বৃহত্তম,গ ঙ্গা   দী র্ঘ ত ম   হ লে ও   জ ল প্র বা হে র   নি রি খে   ব্র হ্ম পু ত্র   হ লো   বৃ হ ত্ত ম,28,8
'দক্ষিণ গঙ্গা' নামেও পরিচিত গোদাবরী হলো গঙ্গার পরে দ্বিতীয় দীর্ঘতম এবং দক্ষিণ ভারতের দীর্ঘতম নদী,' দ ক্ষি ণ   গ ঙ্গা '   না মে ও   প রি চি ত   গো দা ব রী   হ লো   গ ঙ্গা র   প রে   দ্বি তী য়   দী র্ঘ ত ম   এ বং   দ ক্ষি ণ   ভা র তে র   দী র্ঘ ত ম   ন দী,47,15
হিন্দু ধর্মগ্রন্থে বহু সহস্র কাল ধরে সম্মানিত এবং সমৃদ্ধ সাংস্কৃতিক ঐতিহ্যের ধারক ও বাহক হয়ে আছে নদীটি,হি ন্দু   ধ র্ম গ্র ন্থে   ব হু   স হ স্র   কা ল   ধ রে   স ম্মা নি ত   এ বং   স মৃ দ্ধ   সাং স্কৃ তি ক   ঐ তি হ্যে র   ধা র ক   ও   বা হ ক   হ য় ে   আ ছে   ন দী টি,47,17
এবং কৃষ্ণা-গোদাবরী অববাহিকা হলো বিপন্ন অলিভ রিডলি কাছিমের ডিম পাড়ার প্রধান স্থানগুলির মধ্যে অন্যতম,এ বং   কৃ ষ্ণা - গো দা ব রী   অ ব বা হি কা   হ লো   বি প ন্ন   অ লি ভ   রি ড লি   কা ছি মে র   ডি ম   পা ড় া র   প্র ধা ন   স্থা ন গু লি র   ম ধ্যে   অ ন্য ত ম,49,14
একদমই তাই,এ ক দ ম ই   তা ই,7,2
নদী সম্পর্কে তোমার বিস্তারিত ধারণা দেখে আমি সত্যিই খুশি হয়েছি,ন দী   স ম্প র্কে   তো মা র   বি স্তা রি ত   ধা র ণা   দে খে   আ মি   স ত্যি ই   খু শি   হ য় ে ছি,28,10
"ধন্যবাদ ম্যাম, বেশিরভাগই আপনি আমাদের আগের ক্লাসে পড়িয়েছেন","ধ ন্য বা দ   ম্যা ম ,   বে শি র ভা গ ই   আ প নি   আ মা দে র   আ গে র   ক্লা সে   প ড় ি য় ে ছে ন",32,8
আর পরেরটায় আমরা আরও কিছু শিখবো,আ র   প রে র টা য়   আ ম রা   আ র ও   কি ছু   শি খ বো,18,6
সময় শেষ,স ম য়   শে ষ,5,2
"কাল দেখা হবে, বাচ্চারা","কা ল   দে খা   হ বে ,   বা চ্চা রা",10,4
"হ্যালো, তোমাকে চিন্তিত মনে হচ্ছে, কি ব্যাপার","হ্যা লো ,   তো মা কে   চি ন্তি ত   ম নে   হ চ্ছে ,   কি   ব্যা পা র",18,7
"হ্যাঁ, কয়েক ঘণ্টা ধরে ওড়িশার ঘূর্ণিঝড়ের সাম্প্রতিক খবরগুলো দেখছিলাম","হ্যাঁ ,   ক য় ে ক   ঘ ণ্টা   ধ রে   ও ড় ি শা র   ঘূ র্ণি ঝ ড় ে র   সা ম্প্র তি ক   খ ব র গু লো   দে খ ছি লা ম",35,9
"আজ ঘূর্ণিঝড়ের দ্বিতীয় দিন, আর পুরো শহরটাই বিপর্যস্ত হয়ে পড়েছে","আ জ   ঘূ র্ণি ঝ ড় ে র   দ্বি তী য়   দি ন ,   আ র   পু রো   শ হ র টা ই   বি প র্য স্ত   হ য় ে   প ড় ে ছে",34,10
এমনকি মৌলিক সুবিধাগুলোর জন্য বাইরে বেরনো অবধি কঠিন হয়ে পড়েছে,এ ম ন কি   মৌ লি ক   সু বি ধা গু লো র   জ ন্য   বা ই রে   বে র নো   অ ব ধি   ক ঠি ন   হ য় ে   প ড় ে ছে,34,10
"সৌভাগ্যবশত আমাদের পাড়ায় এখনও পর্যন্ত বিদ্যুৎ আছে, তবে বেশিরভাগ অঞ্চলই বিদ্যুৎবিহীন","সৌ ভা গ্য ব শ ত   আ মা দে র   পা ড় া য়   এ খ ন ও   প র্য ন্ত   বি দ্যু ৎ   আ ছে ,   ত বে   বে শি র ভা গ   অ ঞ্চ ল ই   বি দ্যু ৎ বি হী ন",44,11
"শুনে আমার খুব খারাপ লাগছে, আশা করি তুমি ও তোমার পরিবার সুরক্ষিত আছো","শু নে   আ মা র   খু ব   খা রা প   লা গ ছে ,   আ শা   ক রি   তু মি   ও   তো মা র   প রি বা র   সু র ক্ষি ত   আ ছো",34,13
এটা কতক্ষণ চলতে পারে সে সম্বন্ধে তোমার কোনও ধারণা আছে,এ টা   ক ত ক্ষ ণ   চ ল তে   পা রে   সে   স ম্ব ন্ধে   তো মা র   কো ন ও   ধা র ণা   আ ছে,26,10
"আবহাওয়ার আগের পূর্বাভাস এবং সর্বশেষ খবর অনুযায়ী, প্রায় ৩ দিন ধরে চলবে এটা","আ ব হা ও য় া র   আ গে র   পূ র্বা ভা স   এ বং   স র্ব শে ষ   খ ব র   অ নু যা য় ী ,   প্রা য়   ৩   দি ন   ধ রে   চ ল বে   এ টা",41,13
কিন্তু আমি যদিও বেশি চিন্তিত এর পরিণতি নিয়ে,কি ন্তু   আ মি   য দি ও   বে শি   চি ন্তি ত   এ র   প রি ণ তি   নি য় ে,21,8
শেষবার ২০২০-তে দু'দিন ধরে চলা ঘূর্ণিঝড়ের পরে কিছু এলাকায় বিদ্যুৎ আসতে ১৫ দিন অবধি লেগে গিয়েছিল,শে ষ বা র   ২ ০ ২ ০ - তে   দু ' দি ন   ধ রে   চ লা   ঘূ র্ণি ঝ ড় ে র   প রে   কি ছু   এ লা কা য়   বি দ্যু ৎ   আ স তে   ১ ৫   দি ন   অ ব ধি   লে গে   গি য় ে ছি ল,52,16
"যখনই কোনোরকম প্রাকৃতিক দুর্যোগ ঘটেছে, ওড়িশায় এই ধরনের ক্ষয়ক্ষতির প্রবণতা দেখা গেছে","য খ ন ই   কো নো র ক ম   প্রা কৃ তি ক   দু র্যো গ   ঘ টে ছে ,   ও ড় ি শা য়   এ ই   ধ র নে র   ক্ষ য় ক্ষ তি র   প্র ব ণ তা   দে খা   গে ছে",44,12
"২০২০-তে তো তুমি ওড়িশায় এসেছিলে, ঘূর্ণিঝড়ের সময় ছিলে","২ ০ ২ ০ - তে   তো   তু মি   ও ড় ি শা য়   এ সে ছি লে ,   ঘূ র্ণি ঝ ড় ে র   স ম য়   ছি লে",30,8
"না, সৌভাগ্যবশত ঘূর্ণিঝড়ের ঠিক এক সপ্তাহ আগেই আমি চলে গিয়েছিলাম","না ,   সৌ ভা গ্য ব শ ত   ঘূ র্ণি ঝ ড় ে র   ঠি ক   এ ক   স প্তা হ   আ গে ই   আ মি   চ লে   গি য় ে ছি লা ম",34,10
এরকম একটা বিধ্বংসী ব্যাপার এখানে বসবাসকারী মানুষের জন্য কেমন হতে পারে তাই ভাবি,এ র ক ম   এ ক টা   বি ধ্বং সী   ব্যা পা র   এ খা নে   ব স বা স কা রী   মা নু ষে র   জ ন্য   কে ম ন   হ তে   পা রে   তা ই   ভা বি,39,13
"বিশেষত, উপকূলের কাছাকাছি থাকা লোকজন","বি শে ষ ত ,   উ প কূ লে র   কা ছা কা ছি   থা কা   লো ক জ ন",20,5
বাড়িঘর আর জীবিকা পুনর্বাসনে সরকার কি এদের সাহায্য করে,বা ড় ি ঘ র   আ র   জী বি কা   পু ন র্বা স নে   স র কা র   কি   এ দে র   সা হা য্য   ক রে,28,9
বছরের পর বছরের খাটনি এক-দু'দিনের মধ্যে নষ্ট হওয়াটা নিশ্চয়ই ভয়ানক,ব ছ রে র   প র   ব ছ রে র   খা ট নি   এ ক - দু ' দি নে র   ম ধ্যে   ন ষ্ট   হ ও য় া টা   নি শ্চ য় ই   ভ য় া ন ক,39,10
"সরকার তার সাধ্যমতো সাহায্য অবশ্যই করে, বিশেষত গ্রামাঞ্চলে, যেখানে মানুষ নিজেদের সংস্থান নিজেরাই ঘটায়","স র কা র   তা র   সা ধ্য ম তো   সা হা য্য   অ ব শ্য ই   ক রে ,   বি শে ষ ত   গ্রা মা ঞ্চ লে ,   যে খা নে   মা নু ষ   নি জে দে র   সং স্থা ন   নি জে রা ই   ঘ টা য়",49,14
কাজের গতি বাড়াতে গতবার ভিন্ রাজ্য থেকে কর্মী আনা হয়েছিল,কা জে র   গ তি   বা ড় া তে   গ ত বা র   ভি ন্   রা জ্য   থে কে   ক র্মী   আ না   হ য় ে ছি ল,28,10
বহু অসুবিধার শিকার হওয়া শিশু ও বয়স্ক মানুষদের জন্য ঠিক সময়ে বিদ্যুৎ সংযোগ ফিরিয়ে আনতে পৌর নিগমের কর্মীরাও এমনকি দিনরাত এক করে কাজ করেছে,ব হু   অ সু বি ধা র   শি কা র   হ ও য় া   শি শু   ও   ব য় স্ক   মা নু ষ দে র   জ ন্য   ঠি ক   স ম য় ে   বি দ্যু ৎ   সং যো গ   ফি রি য় ে   আ ন তে   পৌ র   নি গ মে র   ক র্মী রা ও   এ ম ন কি   দি ন রা ত   এ ক   ক রে   কা জ   ক রে ছে,73,24
এই সময়গুলোতে চরম আবহাওয়া পরিস্থিতির সম্মুখীন হওয়া স্থানগুলোর মধ্যে ওড়িশা একটা,এ ই   স ম য় গু লো তে   চ র ম   আ ব হা ও য় া   প রি স্থি তি র   স ম্মু খী ন   হ ও য় া   স্থা ন গু লো র   ম ধ্যে   ও ড় ি শা   এ ক টা,44,11
নাগরিকরা সময়মতো সাহায্য পান জেনে ভালো লাগলো,না গ রি ক রা   স ম য় ম তো   সা হা য্য   পা ন   জে নে   ভা লো   লা গ লো,22,7
এইরকম চরম আবহাওয়া পরিস্থিতির কারণে কীরকম সাঙ্ঘাতিক অবস্থা হতে পারে তা দেখাটাও দুর্ভাগ্যজনক,এ ই র ক ম   চ র ম   আ ব হা ও য় া   প রি স্থি তি র   কা র ণে   কী র ক ম   সা ঙ্ঘা তি ক   অ ব স্থা   হ তে   পা রে   তা   দে খা টা ও   দু র্ভা গ্য জ ন ক,48,13
তুমি সেখানে কবে থেকে থাকো,তু মি   সে খা নে   ক বে   থে কে   থা কো,11,5
জলবায়ুর রকমফের তোমাকে কখনও রাজ্য ছেড়ে আসতে অনুপ্রাণিত করেছে,জ ল বা য় ু র   র ক ম ফে র   তো মা কে   ক খ ন ও   রা জ্য   ছে ড় ে   আ স তে   অ নু প্রা ণি ত   ক রে ছে,34,9
পাঁচ বছর হয়ে গেলো আমি এখানে আছি,পাঁ চ   ব ছ র   হ য় ে   গে লো   আ মি   এ খা নে   আ ছি,17,7
গ্রীষ্মকালটায় গরম আর আর্দ্রতা বেশ ভালোরকম থাকলেও অন্যান্য দিক থেকে আবহাওয়া ভালো হওয়ার কারণে ছেড়ে যাওয়ার কথা কখনও ভাবিনি,গ্রী ষ্ম কা ল টা য়   গ র ম   আ র   আ র্দ্র তা   বে শ   ভা লো র ক ম   থা ক লে ও   অ ন্যা ন্য   দি ক   থে কে   আ ব হা ও য় া   ভা লো   হ ও য় া র   কা র ণে   ছে ড় ে   যা ও য় া র   ক থা   ক খ ন ও   ভা বি নি,65,19
বর্ষাকালটা একটু কঠিন মনে হলেও এত বছরে সেটা গা-সওয়া হয়ে গেছে,ব র্ষা কা ল টা   এ ক টু   ক ঠি ন   ম নে   হ লে ও   এ ত   ব ছ রে   সে টা   গা - স ও য় া   হ য় ে   গে ছে,34,11
"আচ্ছা, এটা সয়ে যাওয়ার মতোই মনে হচ্ছে; খুব তাড়াতাড়ি পরিস্থিতি আরও ভালো হয়ে উঠুক এটুকুই আশা রাখি","আ চ্ছা ,   এ টা   স য় ে   যা ও য় া র   ম তো ই   ম নে   হ চ্ছে ;   খু ব   তা ড় া তা ড় ি   প রি স্থি তি   আ র ও   ভা লো   হ য় ে   উ ঠু ক   এ টু কু ই   আ শা   রা খি",52,17
"সরি, আমাকে যেতে হবে, চট করে ঘূর্ণিঝড়ের সাম্প্রতিক খবরটা দিতে পারো","স রি ,   আ মা কে   যে তে   হ বে ,   চ ট   ক রে   ঘূ র্ণি ঝ ড় ে র   সা ম্প্র তি ক   খ ব র টা   দি তে   পা রো",33,11
বর্তমান পরিস্থিতি আর এই মুহূর্তে কীভাবে সবাই সেটার মোকাবিলা করছে,ব র্ত মা ন   প রি স্থি তি   আ র   এ ই   মু হূ র্তে   কী ভা বে   স বা ই   সে টা র   মো কা বি লা   ক র ছে,31,10
"সবার জন্য মুদির জিনিসপত্র, চিকিৎসার সুযোগ-সুবিধা, ওষুধ আর সবরকম প্রয়োজনীয় জিনিস নিয়ে সাহায্যের জন্য এখানকার অনেকগুলি সংস্থা এগিয়ে এসেছে","স বা র   জ ন্য   মু দি র   জি নি স প ত্র ,   চি কি ৎ সা র   সু যো গ - সু বি ধা ,   ও ষু ধ   আ র   স ব র ক ম   প্র য় ো জ নী য়   জি নি স   নি য় ে   সা হা য্যে র   জ ন্য   এ খা ন কা র   অ নে ক গু লি   সং স্থা   এ গি য় ে   এ সে ছে",74,19
প্রয়োজনমতো সাহায্যের জন্য বেশীরভাগ এলাকায় দলও গঠন করা হয়েছে,প্র য় ো জ ন ম তো   সা হা য্যে র   জ ন্য   বে শী র ভা গ   এ লা কা য়   দ ল ও   গ ঠ ন   ক রা   হ য় ে ছে,34,9
তবে ধৈর্য্য ধরে থাকা আর একে অপরকে সাহায্য করা ছাড়া আমাদেরও আর বিশেষ কিছু করার নেই,ত বে   ধৈ র্য্য   ধ রে   থা কা   আ র   এ কে   অ প র কে   সা হা য্য   ক রা   ছা ড় া   আ মা দে র ও   আ র   বি শে ষ   কি ছু   ক রা র   নে ই,41,16
"হ্যাঁ, তা ঠিক","হ্যাঁ ,   তা   ঠি ক",5,3
তোমরা সবাই নিজেদের আর একে অপরের খেয়াল রেখো,তো ম রা   স বা ই   নি জে দে র   আ র   এ কে   অ প রে র   খে য় া ল   রে খো,24,8
আশা করি সব খুব তাড়াতাড়ি ঠিক হয়ে যাবে; এখান থেকে আমার করার মতো কিছু থাকলে আমাকে জানিও,আ শা   ক রি   স ব   খু ব   তা ড় া তা ড় ি   ঠি ক   হ য় ে   যা বে ;   এ খা ন   থে কে   আ মা র   ক রা র   ম তো   কি ছু   থা ক লে   আ মা কে   জা নি ও,46,17
"নিশ্চয়ই, আমি তোমাকে অবশ্যই জানাবো","নি শ্চ য় ই ,   আ মি   তো মা কে   অ ব শ্য ই   জা না বো",17,5
"অবশেষে, আনলক পর্ব শুরু হলো","অ ব শে ষে ,   আ ন ল ক   প র্ব   শু রু   হ লো",15,5
আর কোনও কঠিন নিষেধাজ্ঞা নেই,আ র   কো ন ও   ক ঠি ন   নি ষে ধা জ্ঞা   নে ই,14,5
আমি বোধয় উন্মাদ হয়ে যেতাম যদি আমায় আরও একটা সপ্তাহ বাড়ির মধ্যে থাকতে হতো,আ মি   বো ধ য়   উ ন্মা দ   হ য় ে   যে তা ম   য দি   আ মা য়   আ র ও   এ ক টা   স প্তা হ   বা ড় ি র   ম ধ্যে   থা ক তে   হ তো,39,14
কে বলল তুমি নও,কে   ব ল ল   তু মি   ন ও,8,4
"আচ্ছা, মজা বাদ দাও, আনলক চালু হওয়া মানে এই নয় যে তুমি যা চাও তাই করতে পারবে","আ চ্ছা ,   ম জা   বা দ   দা ও ,   আ ন ল ক   চা লু   হ ও য় া   মা নে   এ ই   ন য়   যে   তু মি   যা   চা ও   তা ই   ক র তে   পা র বে",40,17
রাতের কারফিউ এখনও চলবে,রা তে র   কা র ফি উ   এ খ ন ও   চ ল বে,14,4
মাস্ক পড়ার বাধ্যতা এবং সামাজিক দূরত্বের নিয়ম এখনও প্রযোজ্য,মা স্ক   প ড় া র   বা ধ্য তা   এ বং   সা মা জি ক   দূ র ত্বে র   নি য ় ম   এ খ ন ও   প্র যো জ্য,30,9
"এবং সব থেকে গুরুত্বপূর্ণ, টীকা নেওয়া নিয়ে আমাদের এই মুহূর্তে ভাবতে হবে","এ বং   স ব   থে কে   গু রু ত্ব পূ র্ণ ,   টী কা   নে ও য় া   নি য় ে   আ মা দে র   এ ই   মু হূ র্তে   ভা ব তে   হ বে",35,12
"ওহ, টীকা নেওয়াটা কি বাধ্যতামূলক","ও হ ,   টী কা   নে ও য় া টা   কি   বা ধ্য তা মূ ল ক",17,5
আগে একবার কোভিডে আক্রান্ত হয়ে থাকলে সেই ব্যক্তির রোগটার প্রতি প্রতিরোধ গড়ে ওঠে না,আ গে   এ ক বা র   কো ভি ডে   আ ক্রা ন্ত   হ য় ে   থা ক লে   সে ই   ব্য ক্তি র   রো গ টা র   প্র তি   প্র তি রো ধ   গ ড় ে   ও ঠে   না,39,14
হে ভগবান,হে   ভ গ বা ন,5,2
কোথা থেকে এইসব ভুলভাল ধারণা পাও,কো থা   থে কে   এ ই স ব   ভু ল ভা ল   ধা র ণা   পা ও,17,6
"না, আগে একবার কোভিড হয়ে গিয়ে থাকলেও তার রোগের প্রতি প্রতিরোধ গড়ে ওঠে না","না ,   আ গে   এ ক বা র   কো ভি ড   হ য় ে   গি য় ে   থা ক লে ও   তা র   রো গে র   প্র তি   প্র তি রো ধ   গ ড় ে   ও ঠে   না",38,14
আসলে দুটোর মধ্যে কোনও সম্পর্কই নেই,আ স লে   দু টো র   ম ধ্যে   কো ন ও   স ম্প র্ক ই   নে ই,17,6
"এবং সব থেকে জরুরী, টীকা নেওয়া একেবারে বাধ্যতামূলক","এ বং   স ব   থে কে   জ রু রী ,   টী কা   নে ও য় া   এ কে বা রে   বা ধ্য তা মূ ল ক",26,8
প্রত্যেককেই এই দুটো কোভিশিল্ড এবং কোভ্যাক্সিন নামে যাচাই করা টীকার যেকোনো একটা নিতে হবে,প্র ত্যে ক কে ই   এ ই   দু টো   কো ভি শি ল্ড   এ বং   কো ভ্যা ক্সি ন   না মে   যা চা ই   ক রা   টী কা র   যে কো নো   এ ক টা   নি তে   হ বে,39,14
তার মানে তুমি বলতে চাইছ আমাকে গিয়ে প্রথমে টীকা নিতে হবে এবং তারপরে গিয়ে ভাবতে পারবো আনলকের সময় আমি কী কী করতে চাই,তা র   মা নে   তু মি   ব ল তে   চা ই ছ   আ মা কে   গি য় ে   প্র থ মে   টী কা   নি তে   হ বে   এ বং   তা র প রে   গি য় ে   ভা ব তে   পা র বো   আ ন ল কে র   স ম য়   আ মি   কী   কী   ক র তে   চা ই,59,23
"শুধু একটা নয়, একই টীকার দুটো ডোজ","শু ধু   এ ক টা   ন য় ,   এ ক ই   টী কা র   দু টো   ডো জ",18,7
কোনও মলে ঢোকার আগে বা ট্রেন অথবা বিমানে যাত্রা করার আগে তোমাকে তোমার টীকাকরণের শংসাপত্রগুলো দেখাতে বলবে,কো ন ও   ম লে   ঢো কা র   আ গে   বা   ট্রে ন   অ থ বা   বি মা নে   যা ত্রা   ক রা র   আ গে   তো মা কে   তো মা র   টী কা ক র ণে র   শং সা প ত্র গু লো   দে খা তে   ব ল বে,50,17
সত্যি,স ত্যি,2,1
তারা চাইবে,তা রা   চা ই বে,5,2
আমি কী করে এটার ব্যাপারে কিছুই জানিনা,আ মি   কী   ক রে   এ টা র   ব্যা পা রে   কি ছু ই   জা নি না,17,7
"এদিকে, আমি তো এই গরমকালে পরিবারের সঙ্গে ছুটি কাটাতে যাওয়ার পরিকল্পনা করছিলাম","এ দি কে ,   আ মি   তো   এ ই   গ র ম কা লে   প রি বা রে র   স ঙ্গে   ছু টি   কা টা তে   যা ও য় া র   প রি ক ল্প না   ক র ছি লা ম",41,12
"সেটার জন্য, তোমাদের সকলকে কোভিড-১৯ টীকার অন্তত প্রথম ডোজটা নিয়ে রাখতেই হবে","সে টা র   জ ন্য ,   তো মা দে র   স ক ল কে   কো ভি ড - ১ ৯   টী কা র   অ ন্ত ত   প্র থ ম   ডো জ টা   নি য় ে   রা খ তে ই   হ বে",41,12
ঢোকার দরজাতেই তারা তোমাদের থেকে টীকাকরণের শংসাপত্র চাইবে,ঢো কা র   দ র জা তে ই   তা রা   তো মা দে র   থে কে   টী কা ক র ণে র   শং সা প ত্র   চা ই বে,29,8
খবরের আপডেট সম্পর্কে দয়া করে সতর্ক থেকো,খ ব রে র   আ প ডে ট   স ম্প র্কে   দ য় া   ক রে   স ত র্ক   থে কো,21,7
"হ্যাঁ ধন্যবাদ, এই পুরো সময়টা আমি অন্যরকম ভাবছিলাম","হ্যাঁ   ধ ন্য বা দ ,   এ ই   পু রো   স ম য় টা   আ মি   অ ন্য র ক ম   ভা ব ছি লা ম",26,8
যত তাড়াতাড়ি সম্ভব আমি আমার ডোজটা নিয়ে নেব,য ত   তা ড় া তা ড় ি   স ম্ভ ব   আ মি   আ মা র   ডো জ টা   নি য় ে   নে ব,24,8
"হ্যাঁ দয়া করে নাও, আমাদের ভুলে যাওয়া উচিত নয় যে অতিমারী এখনও চলে যায়নি","হ্যাঁ   দ য় া   ক রে   না ও ,   আ মা দে র   ভু লে   যা ও য় া   উ চি ত   ন য়   যে   অ তি মা রী   এ খ ন ও   চ লে   যা য় নি",38,14
আশা করি তুমি কোউইন ওয়েবসাইটে নিজেকে রেজিস্টার করে রেখেছ,আ শা   ক রি   তু মি   কো উ ই ন   ও য় ে ব সা ই টে   নি জে কে   রে জি স্টা র   ক রে   রে খে ছ,29,9
হ্যাঁ আমি রেজিস্টার করেছি,হ্যাঁ   আ মি   রে জি স্টা র   ক রে ছি,10,4
তাহলে অনুগ্রহ করে টীকাকরণের একটা উপযুক্ত তারিখের খোঁজ করো আর সেটাকেই নির্ধারিত করো,তা হ লে   অ নু গ্র হ   ক রে   টী কা ক র ণে র   এ ক টা   উ প যু ক্ত   তা রি খে র   খোঁ জ   ক রো   আ র   সে টা কে ই   নি র্ধা রি ত   ক রো,42,13
তোমার টীকা নিয়ে এই সময়ে খুব জরুরী,তো মা র   টী কা   নি য় ে   এ ই   স ম য় ে   খু ব   জ রু রী,19,7
আমি আজই এটা করে নেব,আ মি   আ জ ই   এ টা   ক রে   নে ব,11,5
আমার ভুল ধারণা দূর করে দেওয়ার জন্য ধন্যবাদ,আ মা র   ভু ল   ধা র ণা   দূ র   ক রে   দে ও য় া র   জ ন্য   ধ ন্য বা দ,23,8
"হ্যালো, স্যার, অভিযোগ কোথায় দায়ের করতে পারবো","হ্যা লো ,   স্যা র ,   অ ভি যো গ   কো থা য়   দা য় ে র   ক র তে   পা র বো",23,7
আপনার কী ধরনের অভিযোগ রয়েছে,আ প না র   কী   ধ র নে র   অ ভি যো গ   র য় ে ছে,17,5
"স্যার, আমাদের গ্রাম পরিষ্কার পানীয় জল পাচ্ছে না","স্যা র ,   আ মা দে র   গ্রা ম   প রি ষ্কা র   পা নী য়   জ ল   পা চ্ছে   না",21,8
"সরকার পরিষ্কার জলের কথা দিয়েছে, কিন্তু আমরা আমাদের গ্রামে তা পাচ্ছি না","স র কা র   প রি ষ্কা র   জ লে র   ক থা   দি য় ে ছে ,   কি ন্তু   আ ম রা   আ মা দে র   গ্রা মে   তা   পা চ্ছি   না",33,12
আপনাদের গ্রামে এখনও পর্যন্ত কোনোও পরিদর্শন হয়নি,আ প না দে র   গ্রা মে   এ খ ন ও   প র্য ন্ত   কো নো ও   প রি দ র্শ ন   হ য় নি,25,7
"না স্যার, মাস পেরিয়ে গেছে কিন্তু তিনি আমাদের গ্রাম পরিদর্শনে আসেন নি","না   স্যা র ,   মা স   পে রি য় ে   গে ছে   কি ন্তু   তি নি   আ মা দে র   গ্রা ম   প রি দ র্শ নে   আ সে ন   নি",31,12
আপনি কোন্ গ্রাম থেকে আসছেন,আ প নি   কো ন্   গ্রা ম   থে কে   আ স ছে ন,13,5
"স্যার, আমি মহুয়ারিয়া গ্রাম থেকে আসছি","স্যা র ,   আ মি   ম হু য ় া রি য ় া   গ্রা ম   থে কে   আ স ছি",21,6
আর আপনাদের গ্রাম প্রধান কে,আ র   আ প না দে র   গ্রা ম   প্র ধা ন   কে,13,5
"স্যার, আমিই ওখানকার গ্রাম প্রধান","স্যা র ,   আ মি ই   ও খা ন কা র   গ্রা ম   প্র ধা ন",16,5
"আচ্ছা, স্যার, অনুগ্রহ করে আমাকে আপনার অভিযোগ সম্পর্কে বিস্তারিত বলুন","আ চ্ছা ,   স্যা র ,   অ নু গ্র হ   ক রে   আ মা কে   আ প না র   অ ভি যো গ   স ম্প র্কে   বি স্তা রি ত   ব লু ন",33,10
আমি জল সরবরাহ বিভাগের কর্মকর্তার কাছে এটা পাঠিয়ে দেব,আ মি   জ ল   স র ব রা হ   বি ভা গে র   ক র্ম ক র্তা র   কা ছে   এ টা   পা ঠি য় ে   দে ব,28,9
প্রথমত স্যার আমরা জলই পেয়েছি অনেক ঝামেলার পর,প্র থ ম ত   স্যা র   আ ম রা   জ ল ই   পে য় ে ছি   অ নে ক   ঝা মে লা র   প র,25,8
তার জন্য আমাদের নিয়মিত এই অফিসে আসতে হত,তা র   জ ন্য   আ মা দে র   নি য় মি ত   এ ই   অ ফি সে   আ স তে   হ ত,22,8
এমনকি সঠিক জল সরবারাহের দাবিতে এই অফিসের সামনে আমাদের একবার প্রতিবাদ জানাতে হয়েছে,এ ম ন কি   স ঠি ক   জ ল   স র বা রা হে র   দা বি তে   এ ই   অ ফি সে র   সা ম নে   আ মা দে র   এ ক বা র   প্র তি বা দ   জা না তে   হ য় ে ছে,46,13
"অনেক ঝামেলার পরে আমরা তা পেয়েছি, কিন্তু এখন যে নালীর মধ্যে দিয়ে জলটা আসছে সেটা খুব নোংরা","অ নে ক   ঝা মে লা র   প রে   আ ম রা   তা   পে য় ে ছি ,   কি ন্তু   এ খ ন   যে   না লী র   ম ধ্যে   দি য় ে   জ ল টা   আ স ছে   সে টা   খু ব   নোং রা",44,17
এটা কতটা নোংরা সেটা আরেকটু বলতে পারবেন,এ টা   ক ত টা   নোং রা   সে টা   আ রে ক টু   ব ল তে   পা র বে ন,20,7
এটা কি ঘোলাটে নাকি এর মধ্যে কোনও ময়লা থাকছে,এ টা   কি   ঘো লা টে   না কি   এ র   ম ধ্যে   কো ন ও   ম য় লা   থা ক ছে,21,9
"এটা ঘোলাটে জল, স্যার","এ টা   ঘো লা টে   জ ল ,   স্যা র",10,4
তার সাথে ময়লাও রয়েছে,তা র   সা থে   ম য় লা ও   র য় ে ছে,12,4
অনেক গ্রামবাসীকে এই জল ব্যবহার করার ফলে ত্বকের সমস্যায় ভুগতে হয়েছে,অ নে ক   গ্রা ম বা সী কে   এ ই   জ ল   ব্য ব হা র   ক রা র   ফ লে   ত্ব কে র   স ম স্যা য়   ভু গ তে   হ য় ে ছে,35,11
"ওহ, এটা তো খুব গুরুতর ব্যাপার","ও হ ,   এ টা   তো   খু ব   গু রু ত র   ব্যা পা র",15,6
"হ্যাঁ স্যার, এটা খুবই গুরুতর ব্যাপার","হ্যাঁ   স্যা র ,   এ টা   খু ব ই   গু রু ত র   ব্যা পা র",16,6
আমাদের পুকুর ও টিউব কলেও পরিষ্কার জল নেই,আ মা দে র   পু কু র   ও   টি উ ব   ক লে ও   প রি ষ্কা র   জ ল   নে ই,22,8
সেখানকার জলে প্রচুর পরিমাণে আয়রন রয়েছে,সে খা ন কা র   জ লে   প্র চু র   প রি মা ণে   আ য ় র ন   র য ় ে ছে,24,6
কিন্তু আমাদের এখন এই পুকুর এবং টিউব কলের জল ব্যবহার করা ছাড়া আর কোনও উপায় নেই,কি ন্তু   আ মা দে র   এ খ ন   এ ই   পু কু র   এ বং   টি উ ব   ক লে র   জ ল   ব্য ব হা র   ক রা   ছা ড় া   আ র   কো ন ও   উ পা য়   নে ই,43,16
এর ফলে গুরুতর স্বাস্থ্য সমস্যা দেখা দিচ্ছে,এ র   ফ লে   গু রু ত র   স্বা স্থ্য   স ম স্যা   দে খা   দি চ্ছে,17,7
সরবরাহ করা জল পান করার পরে কেউ অসুস্থ হয়ে পড়েছে,স র ব রা হ   ক রা   জ ল   পা ন   ক রা র   প রে   কে উ   অ সু স্থ   হ য় ে   প ড় ে ছে,28,10
"না স্যার, এখনও পর্যন্ত নয় কারণ আমারা এটা তক্ষুণি ব্যবহার করা একেবারে বন্ধ করে দিয়েছি","না   স্যা র ,   এ খ ন ও   প র্য ন্ত   ন য়   কা র ণ   আ মা রা   এ টা   ত ক্ষু ণি   ব্য ব হা র   ক রা   এ কে বা রে   ব ন্ধ   ক রে   দি য় ে ছি",42,15
"বহু গ্রামবাসীর ত্বকের সমস্যা হতে দেখে, আমরা এটা ব্যবহার করা বন্ধ করে দিয়েছি","ব হু   গ্রা ম বা সী র   ত্ব কে র   স ম স্যা   হ তে   দে খে ,   আ ম রা   এ টা   ব্য ব হা র   ক রা   ব ন্ধ   ক রে   দি য় ে ছি",37,13
নাহলে এর কারণে সহজেই আমাদের পেট ব্যথা আর পেট খারাপের মতন অসুখ দেখা দিত,না হ লে   এ র   কা র ণে   স হ জে ই   আ মা দে র   পে ট   ব্য থা   আ র   পে ট   খা রা পে র   ম ত ন   অ সু খ   দে খা   দি ত,38,14
আমি এক্ষুনি আপনার অভিযোগ কর্মকর্তার কাছে পাঠিয়ে দিচ্ছি,আ মি   এ ক্ষু নি   আ প না র   অ ভি যো গ   ক র্ম ক র্তা র   কা ছে   পা ঠি য় ে   দি চ্ছি,26,8
তিনি তারপরে কাউকে পরিস্থিতি পরিদর্শন করতে পাঠাবেন,তি নি   তা র প রে   কা উ কে   প রি স্থি তি   প রি দ র্শ ন   ক র তে   পা ঠা বে ন,25,7
আপনি এখন বাড়ি যেতে পারেন,আ প নি   এ খ ন   বা ড় ি   যে তে   পা রে ন,14,5
আমি বাকিটা করে দিচ্ছি,আ মি   বা কি টা   ক রে   দি চ্ছি,9,4
"কী গো, আজ তোমাকে আমাদের নির্দিষ্ট ঠেকে দেখতে পেলাম না তো","কী   গো ,   আ জ   তো মা কে   আ মা দে র   নি র্দি ষ্ট   ঠে কে   দে খ তে   পে লা ম   না   তো",25,11
কোথায় ছিলে আজ,কো থা য়   ছি লে   আ জ,7,3
দেখে মনে হচ্ছে কোথাও থেকে ফিরছ,দে খে   ম নে   হ চ্ছে   কো থা ও   থে কে   ফি র ছ,14,6
কোথায় গেছিলে,কো থা য়   গে ছি লে,6,2
"লম্বা গল্প, আমায় একটু সময় দাও","ল ম্বা   গ ল্প ,   আ মা য়   এ ক টু   স ম য়   দা ও",16,6
আমি জামা বদলে এটা পরে নিই,আ মি   জা মা   ব দ লে   এ টা   প রে   নি ই,13,6
"জামাকাপড়ের কথা উঠল যখন, তোমারগুলো এলোমেলো আর নোংরা লাগছে","জা মা কা প ড় ে র   ক থা   উ ঠ ল   য খ ন ,   তো মা র গু লো   এ লো মে লো   আ র   নোং রা   লা গ ছে",32,9
ঠিক এই জন্যেই গ্রামে ঢোকার আগে আমি এটা বদলে ফেলছি,ঠি ক   এ ই   জ ন্যে ই   গ্রা মে   ঢো কা র   আ গে   আ মি   এ টা   ব দ লে   ফে ল ছি,24,10
এবং আমি আমাদের নির্দিষ্ট ঠেকে আর যেতে পারব না,এ বং   আ মি   আ মা দে র   নি র্দি ষ্ট   ঠে কে   আ র   যে তে   পা র ব   না,21,9
প্রতি সপ্তাহে সিগারেট টানার সামর্থ্য নেই আর,প্র তি   স প্তা হে   সি গা রে ট   টা না র   সা ম র্থ্য   নে ই   আ র,19,7
আমি ধূমপান ছাড়ার চেষ্টা করছি,আ মি   ধূ ম পা ন   ছা ড ় া র   চে ষ্টা   ক র ছি,16,5
"বাহ, এটা অপ্রত্যাশিত ছিল","বা হ ,   এ টা   অ প্র ত্যা শি ত   ছি ল",12,4
এবং তোমার আগের প্রশ্নের উত্তরে বলি-,এ বং   তো মা র   আ গে র   প্র শ্নে র   উ ত্ত রে   ব লি -,17,6
আমি সবে কাছের গ্রামটা থেকে ফিরেছি,আ মি   স বে   কা ছে র   গ্রা ম টা   থে কে   ফি রে ছি,15,6
এই কয়েকদিনের বৃষ্টিতে ব্যবহার করার মতো রাস্তাটা ভেসে গেছে সুতরাং আমাকে গাড়ি বদল করে করে লিফট চেয়ে আসতে হল,এ ই   ক য় ে ক দি নে র   বৃ ষ্টি তে   ব্য ব হা র   ক রা র   ম তো   রা স্তা টা   ভে সে   গে ছে   সু ত রাং   আ মা কে   গা ড় ি   ব দ ল   ক রে   ক রে   লি ফ ট   চে য় ে   আ স তে   হ ল,55,19
তুমি সেখানে যাচ্ছিলেই বা কেন,তু মি   সে খা নে   যা চ্ছি লে ই   বা   কে ন,12,5
তুমি আমায় জিজ্ঞেস করতে পারতে তোমার কোনও কিছু নিয়ে সাহায্য লাগবে কি না,তু মি   আ মা য়   জি জ্ঞে স   ক র তে   পা র তে   তো মা র   কো ন ও   কি ছু   নি য় ে   সা হা য্য   লা গ বে   কি   না,33,13
এখানে তোমার সাহায্য আশা করতে পারি না,এ খা নে   তো মা র   সা হা য্য   আ শা   ক র তে   পা রি   না,17,7
আমি সেখানে প্রত্যেক সকালে ফুটবল খেলতে যাই,আ মি   সে খা নে   প্র ত্যে ক   স কা লে   ফু ট ব ল   খে ল তে   যা ই,20,7
সেই গ্রামের উল্টো দিকে গোলপোস্ট আর নেট লাগানো একটা মাঠ রয়েছে,সে ই   গ্রা মে র   উ ল্টো   দি কে   গো ল পো স্ট   আ র   নে ট   লা গা নো   এ ক টা   মা ঠ   র য় ে ছে,29,11
"যেহেতু এলাকাটা জনগণের সম্পত্তি, যে কেউ আসতে পারে এবং খেলতে পারে","যে হে তু   এ লা কা টা   জ ন গ ণে র   স ম্প ত্তি ,   যে   কে উ   আ স তে   পা রে   এ বং   খে ল তে   পা রে",31,11
"তাই তুমি আগে আগে যাও খেলার জন্য জায়গা ও সময় পেতে, তাই তো","তা ই   তু মি   আ গে   আ গে   যা ও   খে লা র   জ ন্য   জা য় গা   ও   স ম য়   পে তে ,   তা ই   তো",28,13
"একদম, আমায় অন্তত ৭ঃ৩০ টার মধ্যে পৌঁছতেই হয়","এ ক দ ম ,   আ মা য়   অ ন্ত ত   ৭ ঃ ৩ ০   টা র   ম ধ্যে   পৌঁ ছ তে ই   হ য়",25,8
যার মানে আমাকে ৫টার মধ্যে বাড়ি থেকে বেরিয়ে যেতে হবে,যা র   মা নে   আ মা কে   ৫ টা র   ম ধ্যে   বা ড় ি   থে কে   বে রি য় ে   যে তে   হ বে,25,10
"ব্যাপারটা খুবই ক্লান্তিকর কিন্তু কী আর করা যাবে, তাই না","ব্যা পা র টা   খু ব ই   ক্লা ন্তি ক র   কি ন্তু   কী   আ র   ক রা   যা বে ,   তা ই   না",24,10
"আক্ষরিক অর্থে, এই গ্রামে একটাও অব্যবহৃত খোলা জায়গা নেই","আ ক্ষ রি ক   অ র্থে ,   এ ই   গ্রা মে   এ ক টা ও   অ ব্য ব হৃ ত   খো লা   জা য় গা   নে ই",27,9
"হ্যাঁ, আমারও মনে হয় এটা সত্যি","হ্যাঁ ,   আ মা র ও   ম নে   হ য়   এ টা   স ত্যি",14,6
তুমি বড়দের জিজ্ঞেস করেছ তারা কোনও জায়গা পরিষ্কার করে দিতে পারবে কি না,তু মি   ব ড় দে র   জি জ্ঞে স   ক রে ছ   তা রা   কো ন ও   জা য় গা   প রি ষ্কা র   ক রে   দি তে   পা র বে   কি   না,33,13
"না, তাদের কি ঠেকা পড়েছে করার","না ,   তা দে র   কি   ঠে কা   প ড় ে ছে   ক রা র",15,6
তারা তাদের রাজনৈতিক এবং ধর্মীয় মতাদর্শ নিয়ে খুব বেশি জড়িয়ে আছে,তা রা   তা দে র   রা জ নৈ তি ক   এ বং   ধ র্মী য ়   ম তা দ র্শ   নি য় ে   খু ব   বে শি   জ ড় ি য় ে   আ ছে,34,11
এমনকি আমার নিজের পরিবার চায় আমি স্কুলে যাওয়া বন্ধ করে রোজগার করতে শুরু করি,এ ম ন কি   আ মা র   নি জে র   প রি বা র   চা য়   আ মি   স্কু লে   যা ও য় া   ব ন্ধ   ক রে   রো জ গা র   ক র তে   শু রু   ক রি,39,14
তোমার মনে হয় তারা আমায় ফুটবল খেলার জন্য উৎসাহিত করবে,তো মা র   ম নে   হ য়   তা রা   আ মা য়   ফু ট ব ল   খে লা র   জ ন্য   উ ৎ সা হি ত   ক র বে,29,10
"বুঝতে পারি, খুবই দুঃখের এটা","বু ঝ তে   পা রি ,   খু ব ই   দুঃ খে র   এ টা",14,5
আমাদের এখানে আসলে খেলার মতন ঠিকঠাক কোন ব্যবস্থাই নেই,আ মা দে র   এ খা নে   আ স লে   খে লা র   ম ত ন   ঠি ক ঠা ক   কো ন   ব্য ব স্থা ই   নে ই,28,9
আমি কয়েকটা বুট কেনার জন্য আমার হাত খরচ বাঁচাচ্ছি,আ মি   ক য় ে ক টা   বু ট   কে না র   জ ন্য   আ মা র   হা ত   খ র চ   বাঁ চা চ্ছি,25,9
তারপর আমি চেষ্টা-চরিত্র করব,তা র প র   আ মি   চে ষ্টা - চ রি ত্র   ক র ব,15,4
দেখা যাক কী হয়,দে খা   যা ক   কী   হ য়,7,4
এই বছরের রেসলম্যানিয়া দেখেছ,এ ই   ব ছ রে র   রে স ল ম্যা নি য ় া   দে খে ছ,17,4
"কেমন একটা অন্যরকম লাগলো, তবে রোডসের প্রত্যাবর্তনের সঙ্গে এটা অবশ্যই একরকম উপভোগ্য ছিল","কে ম ন   এ ক টা   অ ন্য র ক ম   লা গ লো ,   ত বে   রো ড সে র   প্র ত্যা ব র্ত নে র   স ঙ্গে   এ টা   অ ব শ্য ই   এ ক র ক ম   উ প ভো গ্য   ছি ল",46,13
"আমি সাধারণত কুস্তি বেশি একটা দেখি না, তবে এই বছর রেসলম্যানিয়ার জন্য উন্মুখ ছিলাম","আ মি   সা ধা র ণ ত   কু স্তি   বে শি   এ ক টা   দে খি   না ,   ত বে   এ ই   ব ছ র   রে স ল ম্যা নি য ় া র   জ ন্য   উ ন্মু খ   ছি লা ম",42,14
"যদিও আমি দেখতে পাইনি, পরে শুধু হাইলাইটস দেখলাম","য দি ও   আ মি   দে খ তে   পা ই নি ,   প রে   শু ধু   হা ই লা ই ট স   দে খ লা ম",26,8
আমি জানতামই না কোথায় হচ্ছে,আ মি   জা ন তা ম ই   না   কো থা য়   হ চ্ছে,13,5
আমি ভেবেছিলাম ইউটিউবে লাইভ চলবে,আ মি   ভে বে ছি লা ম   ই উ টি উ বে   লা ই ভ   চ ল বে,18,5
কিন্তু তারপর দেখলাম সোনি টেন ১-এ,কি ন্তু   তা র প র   দে খ লা ম   সো নি   টে ন   ১ - এ,17,6
ডবলু,ড ব লু,3,1
ডবলু,ড ব লু,3,1
ই চ্যানেলেও লাইভ হচ্ছিল,ই   চ্যা নে লে ও   লা ই ভ   হ চ্ছি ল,11,4
"ওহ, আমি জানতাম না যে এটা সোনি চ্যানেলে হয়","ও হ ,   আ মি   জা ন তা ম   না   যে   এ টা   সো নি   চ্যা নে লে   হ য়",20,9
ওটা আসলে ২ দিনের জন্য হাইলাইট ছিল আর গোটা দিন ধরে চলেছে,ও টা   আ স লে   ২   দি নে র   জ ন্য   হা ই লা ই ট   ছি ল   আ র   গো টা   দি ন   ধ রে   চ লে ছে,29,12
সোনি টেন ৩-এ হিন্দিতেও দেখতে পারো,সো নি   টে ন   ৩ - এ   হি ন্দি তে ও   দে খ তে   পা রো,16,6
মিস করলাম তাহলে,মি স   ক র লা ম   তা হ লে,9,3
"পরেরটা দেখার চেষ্টা করবো, যখন হবে","প রে র টা   দে খা র   চে ষ্টা   ক র বো ,   য খ ন   হ বে",18,6
আমি সব সময় চেষ্টা করেছি পুরো লাইভ ইভেন্টটা দেখার কিন্তু এখানকার বেশীরভাগ চ্যানেলেই দেখায় না,আ মি   স ব   স ম য়   চে ষ্টা   ক রে ছি   পু রো   লা ই ভ   ই ভে ন্ট টা   দে খা র   কি ন্তু   এ খা ন কা র   বে শী র ভা গ   চ্যা নে লে ই   দে খা য়   না,44,15
"হ্যাঁ, তবে আরেকটা লাইভ ইভেন্ট দেখার জন্য তোমায় পরের রেসলম্যানিয়ার জন্য অপেক্ষা করতে হবে না","হ্যাঁ ,   ত বে   আ রে ক টা   লা ই ভ   ই ভে ন্ট   দে খা র   জ ন্য   তো মা য়   প রে র   রে স ল ম্যা নি য ় া র   জ ন্য   অ পে ক্ষা   ক র তে   হ বে   না",45,15
আমেরিকাতে রেসলম্যানিয়া ব্যাকল্যাশ ২০২২ হতে চলেছে ৮ই মে সন্ধ্যে ৮টা নাগাদ,আ মে রি কা তে   রে স ল ম্যা নি য ় া   ব্যা ক ল্যা শ   ২ ০ ২ ২   হ তে   চ লে ছে   ৮ ই   মে   স ন্ধ্যে   ৮ টা   না গা দ,36,11
তো সেটা ভারতে হবে ৯ই মে এবং ইভেন্ট সকাল ৫ঃ৩০এ শুরু হবে,তো   সে টা   ভা র তে   হ বে   ৯ ই   মে   এ বং   ই ভে ন্ট   স কা ল   ৫ ঃ ৩ ০ এ   শু রু   হ বে,28,12
আশা করছি এটা যেন দেখতে পারি,আ শা   ক র ছি   এ টা   যে ন   দে খ তে   পা রি,14,6
"যদিও এটা চাপের হবে, ৯ই মে সোমবার","য দি ও   এ টা   চা পে র   হ বে ,   ৯ ই   মে   সো ম বা র",18,7
"তবে এটা অনেক লম্বা হবে, তাই তুমি তাও হয়তো শো-এর কয়েক ঘণ্টা দেখতে পারবে","ত বে   এ টা   অ নে ক   ল ম্বা   হ বে ,   তা ই   তু মি   তা ও   হ য় তো   শো - এ র   ক য় ে ক   ঘ ণ্টা   দে খ তে   পা র বে",37,14
এই ব্যাকল্যাশের মূল ইভেন্টগুলো কি কি,এ ই   ব্যা ক ল্যা শে র   মূ ল   ই ভে ন্ট গু লো   কি   কি,16,6
এই ইভেন্টে এ,এ ই   ই ভে ন্টে   এ,6,3
জে স্টাইলস এজের বিরুদ্ধে এবং শেঠ রোলিন্স কোডি রোডসের বিরুদ্ধে লড়বে,জে   স্টা ই ল স   এ জে র   বি রু দ্ধে   এ বং   শে ঠ   রো লি ন্স   কো ডি   রো ড সে র   বি রু দ্ধে   ল ড ় বে,31,11
"এই বছর রোডসের প্রত্যাবর্তনের পরে এটা একটা বড় ব্যাপার হতে চলেছে, ভক্তরা উত্তেজিত","এ ই   ব ছ র   রো ড সে র   প্র ত্যা ব র্ত নে র   প রে   এ টা   এ ক টা   ব ড়   ব্যা পা র   হ তে   চ লে ছে ,   ভ ক্ত রা   উ ত্তে জি ত",40,13
কোন উত্তেজনাপূর্ণ ট্যাগ ম্যাচ হবে কি,কো ন   উ ত্তে জ না পূ র্ণ   ট্যা গ   ম্যা চ   হ বে   কি,15,6
"আসলে হ্যাঁ, ইভেন্টে একটা ছয় জনের দলীয় ট্যাগ ম্যাচ হতে চলেছে","আ স লে   হ্যাঁ ,   ই ভে ন্টে   এ ক টা   ছ য়   জ নে র   দ লী য়   ট্যা গ   ম্যা চ   হ তে   চ লে ছে",28,11
রোমান রেইনস ও ইউসোস ড্রু ম্যাকইনটায়ার ও আরকে-ব্রোর বিপক্ষে খেলবে,রো মা ন   রে ই ন স   ও   ই উ সো স   ড্রু   ম্যা ক ই ন টা য ় া র   ও   আ র কে - ব্রো র   বি প ক্ষে   খে ল বে,35,10
ওইসব লোকেরা অনেক খেতাব জিতেছে,ও ই স ব   লো কে রা   অ নে ক   খে তা ব   জি তে ছে,16,5
এই রোমান রেইনস ডবলু,এ ই   রো মা ন   রে ই ন স   ড ব লু,12,4
ডবলু,ড ব লু,3,1
ই ইউনিভার্সালের চ্যাম্পিয়ন না,ই   ই উ নি ভা র্সা লে র   চ্যা ম্পি য ় ন   না,14,4
হ্যাঁ আর ইউসোস হল স্ম্যাকডাউন ট্যাগ দলের চ্যাম্পিয়ন এবং আরকে-ব্রো হল র ট্যাগ দলের চ্যাম্পিয়ন,হ্যাঁ   আ র   ই উ সো স   হ ল   স্ম্যা ক ডা উ ন   ট্যা গ   দ লে র   চ্যা ম্পি য ় ন   এ বং   আ র কে - ব্রো   হ ল   র   ট্যা গ   দ লে র   চ্যা ম্পি য ় ন,44,15
"যদিও এটা টাইটেল ম্যাচ নয়, তাও ভক্তরা উত্তেজিত","য দি ও   এ টা   টা ই টে ল   ম্যা চ   ন য় ,   তা ও   ভ ক্ত রা   উ ত্তে জি ত",23,8
দুই পক্ষই ভক্তদের প্রিয় এবং রেণ্ডি অর্টন বনাম রেইনস এমন একটা ব্যাপার যার জন্য ভক্তরা উন্মুখ হয়ে রয়েছে,দু ই   প ক্ষ ই   ভ ক্ত দে র   প্রি য়   এ বং   রে ণ্ডি   অ র্ট ন   ব না ম   রে ই ন স   এ ম ন   এ ক টা   ব্যা পা র   যা র   জ ন্য   ভ ক্ত রা   উ ন্মু খ   হ য় ে   র য় ে ছে,51,18
"হ্যাঁ, তাই চেষ্টা করো আর দেখো যদি সম্ভব হয়, তবে, সময়টার জন্য কিছুটা চাপেরই হবে","হ্যাঁ ,   তা ই   চে ষ্টা   ক রো   আ র   দে খো   য দি   স ম্ভ ব   হ য় ,   ত বে ,   স ম য় টা র   জ ন্য   কি ছু টা   চা পে র ই   হ বে",39,15
"এই যে ডিম্পি, কেমন আছ তুমি","এ ই   যে   ডি ম্পি ,   কে ম ন   আ ছ   তু মি",13,6
আমাদের শেষবার কথা বলার পর বেশ কিছুদিন পেরিয়ে গেছে,আ মা দে র   শে ষ বা র   ক থা   ব লা র   প র   বে শ   কি ছু দি ন   পে রি য় ে   গে ছে,27,9
তোমার ওদিকে সব ঠিক আছে,তো মা র   ও দি কে   স ব   ঠি ক   আ ছে,12,5
আরে দেবাঙ্গ,আ রে   দে বা ঙ্গ,5,2
আমি ভাল আছি,আ মি   ভা ল   আ ছি,6,3
"হ্যাঁ, বেশ কিছুদিন হয়ে গেল","হ্যাঁ ,   বে শ   কি ছু দি ন   হ য় ে   গে ল",13,5
"আমার এদিকে সব ভালই আছে, শুধু আমার খুড়তুতো ভাইটি ছাড়া","আ মা র   এ দি কে   স ব   ভা ল ই   আ ছে ,   শু ধু   আ মা র   খু ড় তু তো   ভা ই টি   ছা ড় া",29,10
ওহ,ও হ,2,1
কি হয়েছে ওর,কি   হ য় ে ছে   ও র,7,3
আমার কিছুই শুনিনি কারোর কাছ থেকে,আ মা র   কি ছু ই   শু নি নি   কা রো র   কা ছ   থে কে,16,6
সে এখন ভাল আছে,সে   এ খ ন   ভা ল   আ ছে,8,4
গত সপ্তাহে তার একটা দুর্ঘটনা হয়,গ ত   স প্তা হে   তা র   এ ক টা   দু র্ঘ ট না   হ য়,16,6
ভগবানের কৃপায় এখন ভাল হয়ে উঠছে,ভ গ বা নে র   কৃ পা য়   এ খ ন   ভা ল   হ য় ে   উ ঠ ছে,19,6
ভাগ্যিস স্বাস্থ্য বীমা থেকে খরচটা মেটানো গেছে,ভা গ্যি স   স্বা স্থ্য   বী মা   থে কে   খ র চ টা   মে টা নো   গে ছে,18,7
শুনে ভাল লাগল যে ও সুস্থ হয়ে উঠছে,শু নে   ভা ল   লা গ ল   যে   ও   সু স্থ   হ য় ে   উ ঠ ছে,17,8
কীসের স্বাস্থ্য বীমা ছিল,কী সে র   স্বা স্থ্য   বী মা   ছি ল,9,4
আমিও ভাবছি একটা স্বাস্থ্য বীমা নেব,আ মি ও   ভা ব ছি   এ ক টা   স্বা স্থ্য   বী মা   নে ব,15,6
ওর স্বাস্থ্য বীমাটা ছিল স্টার হেলথ ইন্সিওরেন্সের,ও র   স্বা স্থ্য   বী মা টা   ছি ল   স্টা র   হে ল থ   ই ন্সি ও রে ন্সে র,20,7
ও একটা সরকারি পারিবারিক বীমা কিনেছিল,ও   এ ক টা   স র কা রি   পা রি বা রি ক   বী মা   কি নে ছি ল,19,6
এটা পরিবারের ৫জন সদস্য অবধি কভার করে,এ টা   প রি বা রে র   ৫ জ ন   স দ স্য   অ ব ধি   ক ভা র   ক রে,21,7
কত প্রিমিয়াম দিতে হয়,ক ত   প্রি মি য ় া ম   দি তে   হ য়,12,4
এটা কি প্রতি মাসে রিনিউ করতে হয়,এ টা   কি   প্র তি   মা সে   রি নি উ   ক র তে   হ য়,15,7
এটা আমরা কিভাবে কিনব,এ টা   আ ম রা   কি ভা বে   কি ন ব,11,4
এটা কি হাসপাতালে নগদ ছাড়া অ্যাডমিশনের সুবিধা দেয়,এ টা   কি   হা স পা তা লে   ন গ দ   ছা ড় া   অ ্ যা ড মি শ নে র   সু বি ধা   দে য ়,28,8
তুমি যে প্ল্যানটা বেছে নেবে তার উপর ভিত্তি করে প্রিমিয়াম পরিবর্তিত হয়,তু মি   যে   প্ল্যা ন টা   বে ছে   নে বে   তা র   উ প র   ভি ত্তি   ক রে   প্রি মি য ় া ম   প রি ব র্তি ত   হ য ়,33,12
অনেকগুলো প্ল্যান থেকে তুমি বেছে নিতে পার,অ নে ক গু লো   প্ল্যা ন   থে কে   তু মি   বে ছে   নি তে   পা র,17,7
বিস্তারিত ব্যাখ্যা অনলাইনে পাওয়া যাবে,বি স্তা রি ত   ব্যা খ্যা   অ ন লা ই নে   পা ও য ় া   যা বে,18,5
"তুমি মাসিক, ত্রৈমাসিক, ছয় মাসিক বা বার্ষিক হারে প্রিমিয়াম দিতে পার","তু মি   মা সি ক ,   ত্রৈ মা সি ক ,   ছ য ়   মা সি ক   বা   বা র্ষি ক   হা রে   প্রি মি য ় া ম   দি তে   পা র",33,11
"হ্যাঁ, এই বীমাটা তাদের নেটওয়ার্ক হাসপাতালের মাধ্যমে হাসপাতালে নগদছাড়া অ্যাডমিশনের সুবিধা দেয়","হ্যাঁ ,   এ ই   বী মা টা   তা দে র   নে ট ও য ় া র্ক   হা স পা তা লে র   মা ধ্য মে   হা স পা তা লে   ন গ দ ছা ড় া   অ ্ যা ড মি শ নে র   সু বি ধা   দে য়",50,12
সারা ভারতে তাদের নেটওয়ার্কের অধীনে ৫০০ টারও বেশি হাসপাতাল আছে,সা রা   ভা র তে   তা দে র   নে ট ও য ় া র্কে র   অ ধী নে   ৫ ০ ০   টা র ও   বে শি   হা স পা তা ল   আ ছে,34,10
এটা তো চমৎকার ব্যাপার,এ টা   তো   চ ম ৎ কা র   ব্যা পা র,11,4
নগদহীন অ্যাডমিশনের সুবিধা হাসপাতালে ভর্তির সময়কার চাপ কমিয়ে দেয়,ন গ দ হী ন   অ ্ যা ড মি শ নে র   সু বি ধা   হা স পা তা লে   ভ র্তি র   স ম য ় কা র   চা প   ক মি য ় ে   দে য ়,40,9
আমাদের কাছে সব সময় নগদ থাকে না,আ মা দে র   কা ছে   স ব   স ম য়   ন গ দ   থা কে   না,17,7
"সবচেয়ে বড় কথা হল, আমরা জানি না কখন আর কীভাবে দুর্ভাগ্য আমাদের দরজায় কড়া নাড়বে","স ব চে য ় ে   ব ড ়   ক থা   হ ল ,   আ ম রা   জা নি   না   ক খ ন   আ র   কী ভা বে   দু র্ভা গ্য   আ মা দে র   দ র জা য ়   ক ড ় া   না ড ় বে",48,15
নথিভুক্তি করার সময় কি আমাদের কোনও মেডিকেল সার্টিফিকেট দিতে হবে,ন থি ভু ক্তি   ক রা র   স ম য ়   কি   আ মা দে র   কো ন ও   মে ডি কে ল   সা র্টি ফি কে ট   দি তে   হ বে,32,10
"আবেদনকারীরা, যাদের বয়স ৪০-এর বেশি নয় তাদের কোনও মেডিকেল সার্টিফিকেটের প্রয়োজন নেই","আ বে দ ন কা রী রা ,   যা দে র   ব য় স   ৪ ০ - এ র   বে শি   ন য ়   তা দে র   কো ন ও   মে ডি কে ল   সা র্টি ফি কে টে র   প্র য ় ো জ ন   নে ই",48,12
তোমার যদি আগে কোনও অসুখ থেকে থাকে তাহলে সেই সম্পর্কে তোমায় ফর্মে লিখতে হবে,তো মা র   য দি   আ গে   কো ন ও   অ সু খ   থে কে   থা কে   তা হ লে   সে ই   স ম্প র্কে   তো মা য়   ফ র্মে   লি খ তে   হ বে,35,14
তালিকাভুক্ত হওয়ার প্রক্রিয়াটা সহজ,তা লি কা ভু ক্ত   হ ও য় া র   প্র ক্রি য ় া টা   স হ জ,19,4
আমি কি এই বীমাটা অনলাইনে কিনতে পারি,আ মি   কি   এ ই   বী মা টা   অ ন লা ই নে   কি ন তে   পা রি,18,7
পলিসির কপিটা আমি কখন হাতে পাওয়ার আশা করতে পারি,প লি সি র   ক পি টা   আ মি   ক খ ন   হা তে   পা ও য ় া র   আ শা   ক র তে   পা রি,27,9
ওরা কি এটা পোস্টে পাঠায়,ও রা   কি   এ টা   পো স্টে   পা ঠা য়,10,5
"হ্যাঁ, তুমি এটা অনলাইনে কিনতে পার","হ্যাঁ ,   তু মি   এ টা   অ ন লা ই নে   কি ন তে   পা র",16,6
"অনলাইনে টাকা দেওয়ার পরে, ওরা পলিসিটার সফট কপি তোমার মেলে পাঠাবে","অ ন লা ই নে   টা কা   দে ও য় া র   প রে ,   ও রা   প লি সি টা র   স ফ ট   ক পি   তো মা র   মে লে   পা ঠা বে",35,11
এর একটা হার্ড কপি ডাকের মাধ্যমে তোমার কাছে পৌঁছে যাবে,এ র   এ ক টা   হা র্ড   ক পি   ডা কে র   মা ধ্য মে   তো মা র   কা ছে   পৌঁ ছে   যা বে,24,10
বিস্তারিত জানার জন্য অবশ্যই তাদের ওয়েবসাইটটা দেখ,বি স্তা রি ত   জা না র   জ ন্য   অ ব শ্য ই   তা দে র   ও য ় ে ব সা ই ট টা   দে খ,27,7
আমি তোমাকে লিঙ্কটা পাঠাচ্ছি,আ মি   তো মা কে   লি ঙ্ক টা   পা ঠা চ্ছি,11,4
"গোয়া, বাবা","গো য় া ,   বা বা",6,2
আমার তো বিশ্বাসই হচ্ছে না যে শেষ পর্যন্ত আমরা যাচ্ছি,আ মা র   তো   বি শ্বা স ই   হ চ্ছে   না   যে   শে ষ   প র্য ন্ত   আ ম রা   যা চ্ছি,22,10
এটা বোধহয় আমাদের সাত নম্বর বারের পরিকল্পনা,এ টা   বো ধ হ য়   আ মা দে র   সা ত   ন ম্ব র   বা রে র   প রি ক ল্প না,23,7
এ তো পুরো দিল চাহতা হ্যায়-র মতো লাগছে,এ   তো   পু রো   দি ল   চা হ তা   হ্যা য় - র   ম তো   লা গ ছে,18,8
আর এটা শেষমেশ হচ্ছে,আ র   এ টা   শে ষ মে শ   হ চ্ছে,10,4
শুধু যদি এটা কনভার্টিব্‌ল হত আর তা হত লাল রঙের,শু ধু   য দি   এ টা   ক ন ভা র্টি ব্ ল   হ ত   আ র   তা   হ ত   লা ল   র ঙে র,24,10
তাই না,তা ই   না,3,2
একদম দারুণ লাগছে,এ ক দ ম   দা রু ণ   লা গ ছে,10,3
"তাহলে, আমাদের যাত্রার একটা পরিকল্পনা আছে তো","তা হ লে ,   আ মা দে র   যা ত্রা র   এ ক টা   প রি ক ল্প না   আ ছে   তো",22,7
"নবীশ ভেবো না, তবে এটাই না আমার প্রথম রোড ট্রিপ","ন বী শ   ভে বো   না ,   ত বে   এ টা ই   না   আ মা র   প্র থ ম   রো ড   ট্রি প",23,10
গতকাল রাতে আমি যে গানের সেরা প্লেলিস্ট বানিয়েছি সেটা শুনবো আমরা,গ ত কা ল   রা তে   আ মি   যে   গা নে র   সে রা   প্লে লি স্ট   বা নি য় ে ছি   সে টা   শু ন বো   আ ম রা,30,11
পালা করে গাড়ি চালাবো,পা লা   ক রে   গা ড় ি   চা লা বো,10,4
আর জায়গায় জায়গায় চমৎকার সব ছবির জন্য দাঁড়াবো,আ র   জা য় গা য়   জা য় গা য়   চ ম ৎ কা র   স ব   ছ বি র   জ ন্য   দাঁ ড় া বো,26,8
কেননা যাওয়ার পথের দৃশ্যগুলো দুর্দান্ত,কে ন না   যা ও য় া র   প থে র   দৃ শ্য গু লো   দু র্দা ন্ত,18,5
বলিউডের সবগুলো রোড ট্রিপের গান আশা করি তোমার কাছে আছে,ব লি উ ডে র   স ব গু লো   রো ড   ট্রি পে র   গা ন   আ শা   ক রি   তো মা র   কা ছে   আ ছে,27,10
জেডএনএমডি আর দিল চাহতা হ্যায়-এর গানগুলো ছাড়া কোনও রোড ট্রিপ হতেই পারে না,জে ড এ ন এ ম ডি   আ র   দি ল   চা হ তা   হ্যা য় - এ র   গা ন গু লো   ছা ড় া   কো ন ও   রো ড   ট্রি প   হ তে ই   পা রে   না,39,13
একদম,এ ক দ ম,4,1
বলিউড আমাদের বিগড়ে দিয়েছে বলে মনে হয় আমার,ব লি উ ড   আ মা দে র   বি গ ড় ে   দি য় ে ছে   ব লে   ম নে   হ য়   আ মা র,25,8
সব অভিজ্ঞতাকেই আমরা বলিউডের সঙ্গে তুলনা করি,স ব   অ ভি জ্ঞ তা কে ই   আ ম রা   ব লি উ ডে র   স ঙ্গে   তু ল না   ক রি,23,7
"কিন্তু, তা কিছু ভালো মাপকাঠিও তৈরি করে দিয়েছে","কি ন্তু ,   তা   কি ছু   ভা লো   মা প কা ঠি ও   তৈ রি   ক রে   দি য় ে ছে",21,8
"এই যে, এটা চালানো যাক","এ ই   যে ,   এ টা   চা লা নো   যা ক",11,5
আমি সহমত,আ মি   স হ ম ত,6,2
আমার পুরো জীবনই বলিউডকে দিয়ে ঘেরা,আ মা র   পু রো   জী ব ন ই   ব লি উ ড কে   দি য় ে   ঘে রা,19,6
"তাহলে, কতক্ষণের পথ","তা হ লে ,   ক ত ক্ষ ণে র   প থ",11,3
যাওযার পথে কি আমরা ছবি তোলা ছাড়া আর কিছু করতে পারি,যা ও যা র   প থে   কি   আ ম রা   ছ বি   তো লা   ছা ড় া   আ র   কি ছু   ক র তে   পা রি,26,11
দাঁড়াও,দাঁ ড় া ও,4,1
"আমার এক্ষুণি মনে পড়লো, এটা তোমার প্রথম রোড ট্রিপ বলছিলে না","আ মা র   এ ক্ষু ণি   ম নে   প ড় লো ,   এ টা   তো মা র   প্র থ ম   রো ড   ট্রি প   ব ল ছি লে   না",29,11
সত্যি,স ত্যি,2,1
"তাই যদি হয়, আমাদের তো এটাকে স্মরণীয় করে তুলতে হবে","তা ই   য দি   হ য় ,   আ মা দে র   তো   এ টা কে   স্ম র ণী য়   ক রে   তু ল তে   হ বে",26,10
করতেই হবে,ক র তে ই   হ বে,6,2
আমি চাই এই অভিজ্ঞতাটা একদম আলাদাই হোক,আ মি   চা ই   এ ই   অ ভি জ্ঞ তা টা   এ ক দ ম   আ লা দা ই   হো ক,21,7
আবার কবে এটা করতে পারবো জানি না,আ বা র   ক বে   এ টা   ক র তে   পা র বো   জা নি   না,16,7
ট্রেন আর প্লেনেই আমি বেশি অভ্যস্ত,ট্রে ন   আ র   প্লে নে ই   আ মি   বে শি   অ ভ্য স্ত,14,6
"সেগুলো একটু বেশি সুবিধাজনক, না","সে গু লো   এ ক টু   বে শি   সু বি ধা জ ন ক ,   না",16,5
বিশেষ করে ছোট ট্রিপ হলে,বি শে ষ   ক রে   ছো ট   ট্রি প   হ লে,11,5
আমার কাছে রোড ট্রিপ অনেক বেশি সুবিধাজনক,আ মা র   কা ছে   রো ড   ট্রি প   অ নে ক   বে শি   সু বি ধা জ ন ক,20,7
আর এগুলো আদতে একটা ছুটির মেজাজ নিয়ে আসে,আ র   এ গু লো   আ দ তে   এ ক টা   ছু টি র   মে জা জ   নি য় ে   আ সে,22,8
যাতে তুমি বেশি করে রিল্যাক্স করতে পারো,যা তে   তু মি   বে শি   ক রে   রি ল্যা ক্স   ক র তে   পা রো,16,7
আর প্লেনে,আ র   প্লে নে,4,2
হুশ,হু শ,2,1
আর তুমি পৌঁছে গেলে,আ র   তু মি   পৌঁ ছে   গে লে,8,4
ট্রেন তা-ও ভালো,ট্রে ন   তা - ও   ভা লো,7,3
"সেটা তো আছেই, কিন্তু রোড ট্রিপে ছুটির অর্ধেকটাই রাস্তায় কেটে যায়","সে টা   তো   আ ছে ই ,   কি ন্তু   রো ড   ট্রি পে   ছু টি র   অ র্ধে ক টা ই   রা স্তা য়   কে টে   যা য়",28,11
"কিন্তু, দু'টোরই নিজস্ব কিছু সুবিধা আছে বলে মনে হয়","কি ন্তু ,   দু ' টো র ই   নি জ স্ব   কি ছু   সু বি ধা   আ ছে   ব লে   ম নে   হ য়",24,9
গোয়া রোড ট্রিপ সম্বন্ধে আমার ধারণা বদলে দিতে পারে কিনা দেখা যাক,গো য় া   রো ড   ট্রি প   স ম্ব ন্ধে   আ মা র   ধা র ণা   ব দ লে   দি তে   পা রে   কি না   দে খা   যা ক,29,12
এটা তোমাকে বদলে দেবে,এ টা   তো মা কে   ব দ লে   দে বে,10,4
"কিন্তু তার আগে, আমাদের তেল ভরার জন্য একবার দাঁড়ানো প্রয়োজন","কি ন্তু   তা র   আ গে ,   আ মা দে র   তে ল   ভ রা র   জ ন্য   এ ক বা র   দাঁ ড় া নো   প্র য় ো জ ন",31,10
মজা হতে চলেছে,ম জা   হ তে   চ লে ছে,7,3
তুমি যতক্ষণ তেল ভরাচ্ছো আমি বরং ততক্ষণ কয়েকটা ছবি তুলে নিই,তু মি   য ত ক্ষ ণ   তে ল   ভ রা চ্ছো   আ মি   ব রং   ত ত ক্ষ ণ   ক য় ে ক টা   ছ বি   তু লে   নি ই,30,11
"এই, তোমার ভাই এ পি ধিলোঁর কন্সার্ট উদ্যোক্তাদের চেনে শুনলাম","এ ই ,   তো মা র   ভা ই   এ   পি   ধি লোঁ র   ক ন্সা র্ট   উ দ্যো ক্তা দে র   চে নে   শু ন লা ম",27,10
"বহুদিন ধরে আমি কয়েকটা পাসের খোঁজ করছি, কিন্তু এখনও পাইনি","ব হু দি ন   ধ রে   আ মি   ক য় ে ক টা   পা সে র   খোঁ জ   ক র ছি ,   কি ন্তু   এ খ ন ও   পা ই নি",31,10
আমাকে কি একটু সাহায্য করতে পারবে,আ মা কে   কি   এ ক টু   সা হা য্য   ক র তে   পা র বে,16,6
"হ্যাঁ, উদ্যোক্তাদের দলেও ও আছে","হ্যাঁ ,   উ দ্যো ক্তা দে র   দ লে ও   ও   আ ছে",13,5
আর এক্সট্রা টিকিট আছে কিনা জিজ্ঞাসা করবো ওকে,আ র   এ ক্স ট্রা   টি কি ট   আ ছে   কি না   জি জ্ঞা সা   ক র বো   ও কে,20,8
ক'টা টিকিট লাগবে তোমার,ক ' টা   টি কি ট   লা গ বে   তো মা র,12,4
আমার আর আমার বন্ধুদের জন্য পাঁচটা টিকিট লাগবে,আ মা র   আ র   আ মা র   ব ন্ধু দে র   জ ন্য   পাঁ চ টা   টি কি ট   লা গ বে,23,8
প্ল্যান করার সময় একেকটা টিকিটের দাম ছিল প্রায় ১০ হাজার,প্ল্যা ন   ক রা র   স ম য়   এ কে ক টা   টি কি টে র   দা ম   ছি ল   প্রা য়   ১ ০   হা জা র,27,10
কিন্তু এখন ৩৫ থেকে ৪০ হাজারে বিক্রি হচ্ছে বলে শুনলাম,কি ন্তু   এ খ ন   ৩ ৫   থে কে   ৪ ০   হা জা রে   বি ক্রি   হ চ্ছে   ব লে   শু ন লা ম,24,10
দামটাও নিশ্চিত করে বলতে পারবে,দা ম টা ও   নি শ্চি ত   ক রে   ব ল তে   পা র বে,15,5
খরচটা আসলে উদ্যোক্তাদের হিসাবের বেশ খানিকটা বাইরে চলে গেছে,খ র চ টা   আ স লে   উ দ্যো ক্তা দে র   হি সা বে র   বে শ   খা নি ক টা   বা ই রে   চ লে   গে ছে,29,9
কিন্তু তুমি যেমন বলছো অতটাও দামী নয়,কি ন্তু   তু মি   যে ম ন   ব ল ছো   অ ত টা ও   দা মী   ন য়,18,7
"কিছু দালাল ব্ল্যাকে বিক্রি করছে, তুমি হয়তো তাদের কাছ থেকেই শুনে থাকবে","কি ছু   দা লা ল   ব্ল্যা কে   বি ক্রি   ক র ছে ,   তু মি   হ য় তো   তা দে র   কা ছ   থে কে ই   শু নে   থা ক বে",31,12
মাথাপিছু টিকিটের দাম ৮ হাজার,মা থা পি ছু   টি কি টে র   দা ম   ৮   হা জা র,14,5
কিন্তু এই মুহূর্তে ৫টা টিকিটের ব্যবস্থা করতে পারবো কিনা সন্দেহ আছে,কি ন্তু   এ ই   মু হূ র্তে   ৫ টা   টি কি টে র   ব্য ব স্থা   ক র তে   পা র বো   কি না   স ন্দে হ   আ ছে,29,11
দালালরাই যে দাম বাড়িয়ে দেয় সেটা তুমি একদম ঠিক বলেছো,দা লা ল রা ই   যে   দা ম   বা ড় ি য় ে   দে য়   সে টা   তু মি   এ ক দ ম   ঠি ক   ব লে ছো,28,10
এগুলো উদ্যোক্তাদের কাছে পৌঁছয় না কিন্তু দামটাকে খুব প্রভাবিত করে,এ গু লো   উ দ্যো ক্তা দে র   কা ছে   পৌঁ ছ য়   না   কি ন্তু   দা ম টা কে   খু ব   প্র ভা বি ত   ক রে,28,10
ফ্যানেরা এতটাই পাগল যে তাও তারা এদের কাছ থেকেই কিনবে,ফ্যা নে রা   এ ত টা ই   পা গ ল   যে   তা ও   তা রা   এ দে র   কা ছ   থে কে ই   কি ন বে,26,10
"এই কারণে আমি পুরো প্ল্যানটাই বাতিল করে দিচ্ছিলাম, কিন্তু তখনই তোমার কথা মনে পড়লো","এ ই   কা র ণে   আ মি   পু রো   প্ল্যা ন টা ই   বা তি ল   ক রে   দি চ্ছি লা ম ,   কি ন্তু   ত খ ন ই   তো মা র   ক থা   ম নে   প ড় লো",39,14
৫টা পাওয়া কঠিন হলে ‍‍‍‍‍‍‍‍‍‍‍‍‍‍‍‍‍‍‍‍‍‍‍‍‍অন্তত ২টোর চেষ্টা করতে পারো কি,৫ টা   পা ও য় া   ক ঠি ন   হ লে   অ ন্ত ত   ২ টো র   চে ষ্টা   ক র তে   পা রো   কি,25,10
২টো টিকিটের ব্যবস্থা করাই যায়,২ টো   টি কি টে র   ব্য ব স্থা   ক রা ই   যা য়,14,5
আমার ভাইকে বলে খুব তাড়াতাড়িই টিকিটগুলো তোমার হাতে দিয়ে দেবো,আ মা র   ভা ই কে   ব লে   খু ব   তা ড় া তা ড় ি ই   টি কি ট গু লো   তো মা র   হা তে   দি য় ে   দে বো,32,10
"টাকাটা তুমি ওকেই সরাসরি পাঠিয়ে দিতে পারো, সেটাই ভালো","টা কা টা   তু মি   ও কে ই   স রা স রি   পা ঠি য় ে   দি তে   পা রো ,   সে টা ই   ভা লো",26,9
"ধন্যবাদ বন্ধু, প্রেমিকাকে কথা দিয়েছিলাম","ধ ন্য বা দ   ব ন্ধু ,   প্রে মি কা কে   ক থা   দি য় ে ছি লা ম",19,5
পরের কন্সার্ট অবধি আমাকে জ্বালাতন করতো,প রে র   ক ন্সা র্ট   অ ব ধি   আ মা কে   জ্বা লা ত ন   ক র তো,19,6
"যাই হোক, গানের জন্য এসব কন্সার্টে কে যায় ভাই, আমার জন্য এটা শুধুই একটা নেশার মতো","যা ই   হো ক ,   গা নে র   জ ন্য   এ স ব   ক ন্সা র্টে   কে   যা য়   ভা ই ,   আ মা র   জ ন্য   এ টা   শু ধু ই   এ ক টা   নে শা র   ম তো",40,16
"কিন্তু এসব তো আর তোমাকে বলার মতো ওকে বলা যায় না, বন্ধু","কি ন্তু   এ স ব   তো   আ র   তো মা কে   ব লা র   ম তো   ও কে   ব লা   যা য়   না ,   ব ন্ধু",26,12
বুঝতে পারছি,বু ঝ তে   পা র ছি,6,2
"চিন্তা কোরো না, ২টো টিকিটের ব্যবস্থা ভালোভাবেই হয়ে যাবে","চি ন্তা   কো রো   না ,   ২ টো   টি কি টে র   ব্য ব স্থা   ভা লো ভা বে ই   হ য় ে   যা বে",25,9
ভাইকে অলরেডি বলে দিয়েছি আর ও তোমার টিকিটগুলো বুকও করে দিয়েছে,ভা ই কে   অ ল রে ডি   ব লে   দি য় ে ছি   আ র   ও   তো মা র   টি কি ট গু লো   বু ক ও   ক রে   দি য় ে ছে,33,11
"অতএব, নিশ্চিন্তে থাকতে পারো আর কালকে দেখা হলে নিয়ে নিও আমার কাছ থেকে","অ ত এ ব ,   নি শ্চি ন্তে   থা ক তে   পা রো   আ র   কা ল কে   দে খা   হ লে   নি য় ে   নি ও   আ মা র   কা ছ   থে কে",34,13
"একদম ভাই, থ্যাঙ্ক ইউ","এ ক দ ম   ভা ই ,   থ্যা ঙ্ক   ই উ",11,4
"মোস্ট ওয়েলকাম, খুব তাড়াতাড়ি দেখা হচ্ছে","মো স্ট   ও য় ে ল কা ম ,   খু ব   তা ড় া তা ড় ি   দে খা   হ চ্ছে",21,6
"নমস্কার, আপনি কি ট্রিনিটি এলিমেন্টারি স্কুলের আর্টসের শিক্ষক মিসেস রাধিকা","ন ম স্কা র ,   আ প নি   কি   ট্রি নি টি   এ লি মে ন্টা রি   স্কু লে র   আ র্ট সে র   শি ক্ষ ক   মি সে স   রা ধি কা",33,10
"হ্যাঁ, আপনি কে","হ্যাঁ ,   আ প নি   কে",6,3
"আমার নাম জন বার্ণাড, আর আমি মিশেলের বাবা","আ মা র   না ম   জ ন   বা র্ণা ড ,   আ র   আ মি   মি শে লে র   বা বা",21,8
"আচ্ছা স্যার, বলুন আমি আপনাকে কিভাবে সাহায্য করতে পারি","আ চ্ছা   স্যা র ,   ব লু ন   আ মি   আ প না কে   কি ভা বে   সা হা য্য   ক র তে   পা রি",25,9
মিশেল গান শেখার প্রতি আগ্রহ প্রকাশ করেছে,মি শে ল   গা ন   শে খা র   প্র তি   আ গ্র হ   প্র কা শ   ক রে ছে,19,7
আমি একটি ধারা বেছে নেওয়া নিয়ে খুবই দ্বিধাগ্রস্ত,আ মি   এ ক টি   ধা রা   বে ছে   নে ও য় া   নি য় ে   খু ব ই   দ্বি ধা গ্র স্ত,23,8
আপনি কি আমায় সাহায্য করতে পারবেন,আ প নি   কি   আ মা য়   সা হা য্য   ক র তে   পা র বে ন,17,6
শেখার জন্য সবচেয়ে সহজ ধারার গান কোনটা,শে খা র   জ ন্য   স ব চে য় ে   স হ জ   ধা রা র   গা ন   কো ন টা,21,7
নিশ্চয়ই,নি শ্চ য় ই,4,1
"আমার মতে, ছোটদের শাস্ত্রীয় সঙ্গীত শেখা উচিত","আ মা র   ম তে ,   ছো ট দে র   শা স্ত্রী য ়   স ঙ্গী ত   শে খা   উ চি ত",22,7
শিশুদের জন্য শাস্ত্রীয় সঙ্গীত শেখা কি উপকারী,শি শু দে র   জ ন্য   শা স্ত্রী য ়   স ঙ্গী ত   শে খা   কি   উ প কা রী,20,7
হ্যাঁ,হ্যাঁ,1,1
এটা খুবই কঠিন কিন্তু শিশুদের জন্য শাস্ত্রীয় সঙ্গীতের বিশাল মানসিক উপকারিতা রয়েছে,এ টা   খু ব ই   ক ঠি ন   কি ন্তু   শি শু দে র   জ ন্য   শা স্ত্রী য ়   স ঙ্গী তে র   বি শা ল   মা ন সি ক   উ প কা রি তা   র য় ে ছে,40,12
গবেষণা অনুযায়ী লাইভ শাস্ত্রীয় সঙ্গীত শুনলে শিশুদের মধ্যে ইতিবাচক অনুভূতি জাগে,গ বে ষ ণা   অ নু যা য ় ী   লা ই ভ   শা স্ত্রী য ়   স ঙ্গী ত   শু ন লে   শি শু দে র   ম ধ্যে   ই তি বা চ ক   অ নু ভূ তি   জা গে,40,11
এটা তাদের শোনা আর একাগ্রতার ক্ষমতার উপরেও প্রভাব ফেলে,এ টা   তা দে র   শো না   আ র   এ কা গ্র তা র   ক্ষ ম তা র   উ প রে ও   প্র ভা ব   ফে লে,27,9
"শাস্ত্রীয় সঙ্গীত শিশুদের বিকাশের জন্য উপকারী, তা ভালো","শা স্ত্রী য ়   স ঙ্গী ত   শি শু দে র   বি কা শে র   জ ন্য   উ প কা রী ,   তা   ভা লো",25,8
শাস্ত্রীয় সঙ্গীতের আর কী কী উপকারিতা রয়েছে,শা স্ত্রী য ়   স ঙ্গী তে র   আ র   কী   কী   উ প কা রি তা   র য় ে ছে,21,7
শাস্ত্রীয় সঙ্গীতে অনুশীলন ও অধ্যবসা অপরিহার্য,শা স্ত্রী য ়   স ঙ্গী তে   অ নু শী ল ন   ও   অ ধ্য ব সা   অ প রি হা র্য,22,6
এই প্রশিক্ষণ শিশুর জীবনকে নিয়মানুবর্তী করবে,এ ই   প্র শি ক্ষ ণ   শি শু র   জী ব ন কে   নি য় মা নু ব র্তী   ক র বে,22,6
এটা অবসাদ কমাতেও হিসেবে কাজ করে,এ টা   অ ব সা দ   ক মা তে ও   হি সে বে   কা জ   ক রে,17,6
এটা শিশুদের মনকে শান্তও করে,এ টা   শি শু দে র   ম ন কে   শা ন্ত ও   ক রে,14,5
"হ্যাঁ, একজন শান্ত শিশু অনেক বেশি আনন্দময়","হ্যাঁ ,   এ ক জ ন   শা ন্ত   শি শু   অ নে ক   বে শি   আ ন ন্দ ম য ়",21,7
"যেহেতু শিশুরা শুধুমাত্র কান দেওয়ার চেয়ে মনোযোগ দিয়ে শুনতে শেখে,","যে হে তু   শি শু রা   শু ধু মা ত্র   কা ন   দে ও য় া র   চে য় ে   ম নো যো গ   দি য ় ে   শু ন তে   শে খে ,",34,10
"তাদের স্মৃতি কোষগুলো ধ্বনি, সুর, কণ্ঠস্বর, পদ্ধতি, পন্থা এবং আরও অনেক কিছু সংরক্ষণ করতে আরও বেশি কাজ করতে শুরু করে","তা দে র   স্মৃ তি   কো ষ গু লো   ধ্ব নি ,   সু র ,   ক ণ্ঠ স্ব র ,   প দ্ধ তি ,   প ন্থা   এ বং   আ র ও   অ নে ক   কি ছু   সং র ক্ষ ণ   ক র তে   আ র ও   বে শি   কা জ   ক র তে   শু রু   ক রে",57,20
"ঠিক আছে, আমি মিশেলের জন্য এই এলাকাতে শাস্ত্রীয় সঙ্গীতের শিক্ষক খুঁজে দেখব","ঠি ক   আ ছে ,   আ মি   মি শে লে র   জ ন্য   এ ই   এ লা কা তে   শা স্ত্রী য ়   স ঙ্গী তে র   শি ক্ষ ক   খুঁ জে   দে খ ব",35,12
আমি বুঝলাম যে শাস্ত্রীয় সঙ্গীত ভারতের প্রাণ,আ মি   বু ঝ লা ম   যে   শা স্ত্রী য ়   স ঙ্গী ত   ভা র তে র   প্রা ণ,20,7
দারুণ,দা রু ণ,3,1
"অনুগ্রহ করে মাথায় রাখবেন যে, যদি সে শাস্ত্রীয় সঙ্গীত শিখতে আগ্রহী না হয়, তাহলে তাকে এটা শিখতে জোর করবেন না","অ নু গ্র হ   ক রে   মা থা য়   রা খ বে ন   যে ,   য দি   সে   শা স্ত্রী য ়   স ঙ্গী ত   শি খ তে   আ গ্র হী   না   হ য় ,   তা হ লে   তা কে   এ টা   শি খ তে   জো র   ক র বে ন   না",52,20
আমাদের উচিত যোগ্যতার ওপর নির্ভর করে ওদের উৎসাহিত করা,আ মা দে র   উ চি ত   যো গ্য তা র   ও প র   নি র্ভ র   ক রে   ও দে র   উ ৎ সা হি ত   ক রা,29,9
অবশ্যই ম্যাডাম,অ ব শ্য ই   ম্যা ডা ম,7,2
আপনার সাহায্যের জন্য আপনাকে অনেক ধন্যবাদ,আ প না র   সা হা য্যে র   জ ন্য   আ প না কে   অ নে ক   ধ ন্য বা দ,21,6
"আপনাকে ওয়েলকাম, আর দয়া করে মিশেলকে আমার শুভেচ্ছা জানাবেন","আ প না কে   ও য় ে ল কা ম ,   আ র   দ য় া   ক রে   মি শে ল কে   আ মা র   শু ভে চ্ছা   জা না বে ন",32,9
"আচ্ছা, বাই","আ চ্ছা ,   বা ই",5,2
আগামীকাল তোমার ছুটি আছে,আ গা মী কা ল   তো মা র   ছু টি   আ ছে,12,4
একটা কাজের দিনে আমার ছুটি থাকতে যাবে কেন,এ ক টা   কা জে র   দি নে   আ মা র   ছু টি   থা ক তে   যা বে   কে ন,20,8
আসলে আগামীকাল একটা সমাবেশ হবে,আ স লে   আ গা মী কা ল   এ ক টা   স মা বে শ   হ বে,17,5
আমাদের পাড়ার ছেলেমেয়েগুলোর ছুটি,আ মা দে র   পা ড় া র   ছে লে মে য় ে গু লো র   ছু টি,18,4
আমি ভাবলাম তোমারও তাই,আ মি   ভা ব লা ম   তো মা র ও   তা ই,12,4
আমার কোনও ছুটি নেই,আ মা র   কো ন ও   ছু টি   নে ই,10,4
তাহলে আমার মনে হয় আরও ভালো হয় যদি তুমি আগামীকালের জন্য একটা ছুটি নিয়ে নাও,তা হ লে   আ মা র   ম নে   হ য়   আ র ও   ভা লো   হ য়   য দি   তু মি   আ গা মী কা লে র   জ ন্য   এ ক টা   ছু টি   নি য় ে   না ও,39,15
এই সমাবেশটা কী এমন বড় ব্যাপার,এ ই   স মা বে শ টা   কী   এ ম ন   ব ড়   ব্যা পা র,16,6
অনেক সমাবেশই তো হচ্ছে সবসময়,অ নে ক   স মা বে শ ই   তো   হ চ্ছে   স ব স ম য়,16,5
এইটা বিশাল হবে,এ ই টা   বি শা ল   হ বে,8,3
"কারণ সব বড় দলগুলো, ভারতীয় জনতা পার্টি, তৃণমূল কংগ্রেস এবং কমিউনিস্ট পার্টি এতে যোগদান করবে","কা র ণ   স ব   ব ড়   দ ল গু লো ,   ভা র তী য়   জ ন তা   পা র্টি ,   তৃ ণ মূ ল   কং গ্রে স   এ বং   ক মি উ নি স্ট   পা র্টি   এ তে   যো গ দা ন   ক র বে",47,15
তাদের সবাই,তা দে র   স বা ই,6,2
হ্যাঁ এবং তুমি সময়মতো বাড়ি পৌঁছতে পারবে কি না তা নিয়ে আমার যথেষ্ট সন্দেহ আছে,হ্যাঁ   এ বং   তু মি   স ম য় ম তো   বা ড় ি   পৌঁ ছ তে   পা র বে   কি   না   তা   নি য় ে   আ মা র   য থে ষ্ট   স ন্দে হ   আ ছে,36,15
যদি তুমি আগামীকাল অফিস যাও,য দি   তু মি   আ গা মী কা ল   অ ফি স   যা ও,14,5
আমারও তাই সন্দেহ হচ্ছে,আ মা র ও   তা ই   স ন্দে হ   হ চ্ছে,11,4
কিন্তু আমি এই সম্পর্কে কিছুই জানিনা,কি ন্তু   আ মি   এ ই   স ম্প র্কে   কি ছু ই   জা নি না,15,6
কেন করছে তারা এইসব,কে ন   ক র ছে   তা রা   এ ই স ব,11,4
তারা এইসব করছে কারণ সরকার ঘোষণাপত্রে যা যা বলেছিল তার সবটা তারা করেনি,তা রা   এ ই স ব   ক র ছে   কা র ণ   স র কা র   ঘো ষ ণা প ত্রে   যা   যা   ব লে ছি ল   তা র   স ব টা   তা রা   ক রে নি,37,13
তাই কি,তা ই   কি,3,2
তাহলে ভারতীয় জনতা পার্টি যখন ক্ষমতায় ছিল সেই সময়ে কী হয়েছিল,তা হ লে   ভা র তী য়   জ ন তা   পা র্টি   য খ ন   ক্ষ ম তা য়   ছি ল   সে ই   স ম য় ে   কী   হ য় ে ছি ল,33,11
তারাও তো যা কথা দিয়েছিল সেসব করেনি,তা রা ও   তো   যা   ক থা   দি য় ে ছি ল   সে স ব   ক রে নি,18,7
"ঠিক, তবে কে ধার ধারে","ঠি ক ,   ত বে   কে   ধা র   ধা রে",10,5
"রাজনীতি তো সবসময়ই এরকম, তাই না","রা জ নী তি   তো   স ব স ম য় ই   এ র ক ম ,   তা ই   না",19,6
"হ্যাঁ, প্রচার ও অন্যান্য লাভের জন্য তারা একে অপরের বিরুদ্ধে প্রতিবাদ জানায়","হ্যাঁ ,   প্র চা র   ও   অ ন্যা ন্য   লা ভে র   জ ন্য   তা রা   এ কে   অ প রে র   বি রু দ্ধে   প্র তি বা দ   জা না য়",32,12
"কিন্তু আসলে এইসব করে তারা কিচ্ছু পায়না,","কি ন্তু   আ স লে   এ ই স ব   ক রে   তা রা   কি চ্ছু   পা য় না ,",19,7
"কেবল আমরা ছাড়া, যারা জ্যামজট এবং সব কিছুর জন্য ভুগতে থাকি","কে ব ল   আ ম রা   ছা ড় া ,   যা রা   জ্যা ম জ ট   এ বং   স ব   কি ছু র   জ ন্য   ভু গ তে   থা কি",30,11
"একদম, আশা করছি আগামীকাল এটা সন্ধ্যা পর্যন্ত চলবে না","এ ক দ ম ,   আ শা   ক র ছি   আ গা মী কা ল   এ টা   স ন্ধ্যা   প র্য ন্ত   চ ল বে   না",26,9
তুমি কি যাবে,তু মি   কি   যা বে,5,3
"আমাকে যেতেই হবে, অফিসে প্রচুর কাজ রয়েছে","আ মা কে   যে তে ই   হ বে ,   অ ফি সে   প্র চু র   কা জ   র য় ে ছে",21,7
এইসবের জন্য আমি ছুটি নিতে পারব না,এ ই স বে র   জ ন্য   আ মি   ছু টি   নি তে   পা র ব   না,17,7
তাহলে আগামীকাল গণ পরিবহণে যেও,তা হ লে   আ গা মী কা ল   গ ণ   প রি ব হ ণে   যে ও,17,5
আমরা তো জানিনা কী হতে চলেছে,আ ম রা   তো   জা নি না   কী   হ তে   চ লে ছে,13,6
যদি কোনও মারপিট হয়,য দি   কো ন ও   মা র পি ট   হ য়,11,4
"মনে আছে, এক বছর আগে ওরা তোমার সহকর্মীর বাইক পুড়িয়ে দিয়েছিল","ম নে   আ ছে ,   এ ক   ব ছ র   আ গে   ও রা   তো মা র   স হ ক র্মী র   বা ই ক   পু ড় ি য় ে   দি য় ে ছি ল",35,11
তুমি বেশী চিন্তা করছ,তু মি   বে শী   চি ন্তা   ক র ছ,9,4
সেরকম কিচ্ছু ঘটবে না,সে র ক ম   কি চ্ছু   ঘ ট বে   না,10,4
"অ্যাই, তুমি ভূগোলে সবসময় কি করে সর্বোচ্চ নম্বর পাও বলো তো","অ ্ যা ই ,   তু মি   ভূ গো লে   স ব স ম য়   কি   ক রে   স র্বো চ্চ   ন ম্ব র   পা ও   ব লো   তো",29,11
পড়াশোনা তো প্রায় করো না বললেই চলে,প ড় া শো না   তো   প্রা য়   ক রো   না   ব ল লে ই   চ লে,17,7
আর এদিকে আমাকে দেখো,আ র   এ দি কে   আ মা কে   দে খো,10,4
"হাই, আমি আমার ছোট একটা গুপ্ত কথা মেনে চলি","হা ই ,   আ মি   আ মা র   ছো ট   এ ক টা   গু প্ত   ক থা   মে নে   চ লি",21,9
কাউকে বলি না,কা উ কে   ব লি   না,6,3
‍,,0,1
"ইয়ার্কি না করে বলছি, ভূগোলের প্রতি প্রথম থেকেই আমার গভীর আগ্রহ","ই য় া র্কি   না   ক রে   ব ল ছি ,   ভূ গো লে র   প্র তি   প্র থ ম   থে কে ই   আ মা র   গ ভী র   আ গ্র হ",32,11
"সত্যি কথা বলতে, বিষয়টা আমি সর্বক্ষণ পড়ি না","স ত্যি   ক থা   ব ল তে ,   বি ষ য় টা   আ মি   স র্ব ক্ষ ণ   প ড় ি   না",22,8
ক্লাস চলাকালীন ম্যাম যখন আমাদের চ্যাপ্টারগুলো পড়ান তখন আসল দৃশ্যের সঙ্গে মিলিয়ে মনের মধ্যে একটা ছবি এঁকে নেওয়ার চেষ্টা করি আমি,ক্লা স   চ লা কা লী ন   ম্যা ম   য খ ন   আ মা দে র   চ্যা প্টা র গু লো   প ড় া ন   ত খ ন   আ স ল   দৃ শ্যে র   স ঙ্গে   মি লি য় ে   ম নে র   ম ধ্যে   এ ক টা   ছ বি   এ ঁ কে   নে ও য় া র   চে ষ্টা   ক রি   আ মি,64,21
এর মাধ্যমে ধারণাগুলোও আমার কাছে পরিষ্কার হয়ে যায়,এ র   মা ধ্য মে   ধা র ণা গু লো ও   আ মা র   কা ছে   প রি ষ্কা র   হ য় ে   যা য়,25,8
আসল দৃশ্যের সঙ্গে মেলানো বলতে কি বোঝাচ্ছো,আ স ল   দৃ শ্যে র   স ঙ্গে   মে লা নো   ব ল তে   কি   বো ঝা চ্ছো,18,7
এটা তো ভূগোল,এ টা   তো   ভূ গো ল,6,3
"এতে তো আছে বলতে শুধুই পাহাড়, নদী, সমুদ্র, জলবায়ু আর অপ্রয়োজনীয় সংখ্যা","এ তে   তো   আ ছে   ব ল তে   শু ধু ই   পা হা ড় ,   ন দী ,   স মু দ্র ,   জ ল বা য় ু   আ র   অ প্র য় ো জ নী য়   সং খ্যা",38,12
এর মধ্যে তোমার পছন্দই বা কি হয়,এ র   ম ধ্যে   তো মা র   প ছ ন্দ ই   বা   কি   হ য়,15,7
সব একঘেয়ে বিষয়ের মধ্যে সবথেকে একঘেয়ে তো এটাই,স ব   এ ক ঘে য় ে   বি ষ য় ে র   ম ধ্যে   স ব থে কে   এ ক ঘে য় ে   তো   এ টা ই,27,8
যদি তুমি সেরকমভাবে ভাবো,য দি   তু মি   সে র ক ম ভা বে   ভা বো,12,4
তুমি তো জানো যে আমি খুব ঘুরে বেড়াই আর অনেক সিনেমা দেখি,তু মি   তো   জা নো   যে   আ মি   খু ব   ঘু রে   বে ড় া ই   আ র   অ নে ক   সি নে মা   দে খি,26,12
"যা কিছু আমরা পড়ি সবই আমাদের আশেপাশে আছে, আমাদের শুধু তাকিয়ে দেখতে হবে","যা   কি ছু   আ ম রা   প ড় ি   স ব ই   আ মা দে র   আ শে পা শে   আ ছে ,   আ মা দে র   শু ধু   তা কি য় ে   দে খ তে   হ বে",38,13
"তাই, যা-ই পড়ি না কেন, আমার ঘুরে আসা কোনও জায়গা অথবা সিনেমায় দেখা ছবিগুলোর কথা মনে করে সেগুলোর সঙ্গে মেলানোর চেষ্টা করি আমি","তা ই ,   যা - ই   প ড় ি   না   কে ন ,   আ মা র   ঘু রে   আ সা   কো ন ও   জা য় গা   অ থ বা   সি নে মা য়   দে খা   ছ বি গু লো র   ক থা   ম নে   ক রে   সে গু লো র   স ঙ্গে   মে লা নো র   চে ষ্টা   ক রি   আ মি",62,23
"এরকমভাবে, আমার ক্ষেত্রে এটা অনেকাংশেই চোখের সামনে ফুটে ওঠে, আর অনেক বেশি সময়ের জন্য মনেও রাখতে পারা যায়","এ র ক ম ভা বে ,   আ মা র   ক্ষে ত্রে   এ টা   অ নে কাং শে ই   চো খে র   সা ম নে   ফু টে   ও ঠে ,   আ র   অ নে ক   বে শি   স ম য় ে র   জ ন্য   ম নে ও   রা খ তে   পা রা   যা য়",54,18
এরকম ভাবে পড়াশোনা করার কথা ভেবেছো কখনও,এ র ক ম   ভা বে   প ড় া শো না   ক রা র   ক থা   ভে বে ছো   ক খ ন ও,23,7
"তুমি হয়তো ঠিকই বলছো, কিছু কিছু সময় এই পদ্ধতিটা সত্যিই কার্যকর হয়","তু মি   হ য় তো   ঠি ক ই   ব ল ছো ,   কি ছু   কি ছু   স ম য়   এ ই   প দ্ধ তি টা   স ত্যি ই   কা র্য ক র   হ য়",34,12
"কিন্তু কি জানো তো, ভূগোলের মতো একটা বিষয়ের সঙ্গে আমার পক্ষে তা মেলানো খুবই কঠিন","কি ন্তু   কি   জা নো   তো ,   ভূ গো লে র   ম তো   এ ক টা   বি ষ য় ে র   স ঙ্গে   আ মা র   প ক্ষে   তা   মে লা নো   খু ব ই   ক ঠি ন",38,15
"তুমি খুব ঘুরে বেড়াও বলে হয়তো এটা তোমাকে টানে; অপর দিকে, আমার ক্ষেত্রে এগুলো সবই কাল্পনিক তথ্য","তু মি   খু ব   ঘু রে   বে ড় া ও   ব লে   হ য় তো   এ টা   তো মা কে   টা নে ;   অ প র   দি কে ,   আ মা র   ক্ষে ত্রে   এ গু লো   স ব ই   কা ল্প নি ক   ত থ্য",46,17
"তাছাড়া, ভারতীয় ভূগোল আমাদের সিলেবাসের অংশ, আর তোমরা বোধহয় পৃথিবীর সবথেকে ভালো জায়গাগুলো সম্পর্কে পড়ো","তা ছা ড় া ,   ভা র তী য়   ভূ গো ল   আ মা দে র   সি লে বা সে র   অ ং শ ,   আ র   তো ম রা   বো ধ হ য়   পৃ থি বী র   স ব থে কে   ভা লো   জা য় গা গু লো   স ম্প র্কে   প ড় ো",55,15
আমাদের ক্ষেত্রে ব্যাপারটা আলাদা,আ মা দে র   ক্ষে ত্রে   ব্যা পা র টা   আ লা দা,13,4
"একটু যে আলাদা সেটা বুঝতে পারছি, কিন্তু কিছু নির্দিষ্ট বিষয়ের ওপর কয়েকটা ভিডিও দেখলে সেখান থেকেও তুমি কিছুটা ধারণা পাবে","এ ক টু   যে   আ লা দা   সে টা   বু ঝ তে   পা র ছি ,   কি ন্তু   কি ছু   নি র্দি ষ্ট   বি ষ য় ে র   ও প র   ক য় ে ক টা   ভি ডি ও   দে খ লে   সে খা ন   থে কে ও   তু মি   কি ছু টা   ধা র ণা   পা বে",58,20
"আমি সেরকমভাবেই শুরু করেছিলাম, তার পরে বিকল্পের খোঁজ পেয়েছি","আ মি   সে র ক ম ভা বে ই   শু রু   ক রে ছি লা ম ,   তা র   প রে   বি ক ল্পে র   খোঁ জ   পে য় ে ছি",31,9
অনেকাংশেই এটা অডিও-ভিজ্যুয়াল,অ নে কাং শে ই   এ টা   অ ডি ও - ভি জ্যু য় া ল,16,3
তুমি চাইলে এই ব্যাপারে আমি তোমায় সাহায্য করতে পারি,তু মি   চা ই লে   এ ই   ব্যা পা রে   আ মি   তো মা য়   সা হা য্য   ক র তে   পা রি,23,9
"হ্যাঁ, সেটা তো আমার ভালোই লাগবে","হ্যাঁ ,   সে টা   তো   আ মা র   ভা লো ই   লা গ বে",14,6
"তোমার কি মনে হয়, তোমার এতো ঘুরে বেড়ানো কি বিষয়টার প্রতি তোমার আগ্রহ তৈরি করেছে নাকি উল্টোটাও সম্ভব","তো মা র   কি   ম নে   হ য় ,   তো মা র   এ তো   ঘু রে   বে ড় া নো   কি   বি ষ য় টা র   প্র তি   তো মা র   আ গ্র হ   তৈ রি   ক রে ছে   না কি   উ ল্টো টা ও   স ম্ভ ব",48,18
"মানে, বিভিন্ন জায়গা ঘুরে বেড়ানোর সময় আবহাওয়ার অবস্থা, জায়গা, গঠন আর বাকি যা কিছুর তথ্য সব কাজে লাগে","মা নে ,   বি ভি ন্ন   জা য় গা   ঘু রে   বে ড় া নো র   স ম য়   আ ব হা ও য় া র   অ ব স্থা ,   জা য় গা ,   গ ঠ ন   আ র   বা কি   যা   কি ছু র   ত থ্য   স ব   কা জে   লা গে",53,18
"বিশেষ করে ভারতবর্ষে, যেখানে দেখার মতো প্রায় কিছু নেই বললেই চলে","বি শে ষ   ক রে   ভা র ত ব র্ষে ,   যে খা নে   দে খা র   ম তো   প্রা য়   কি ছু   নে ই   ব ল লে ই   চ লে",31,11
ব্যাপারটা কিন্তু সেরকম নয়,ব্যা পা র টা   কি ন্তু   সে র ক ম   ন য়,12,4
"ভারতবর্ষে দেখার মতো অনেক কিছু আছে, বেশির ভাগ গুরুত্বপূর্ণ জলাশয়, পাহাড় আর সমতলও তুমি ভারতেই পাবে","ভা র ত ব র্ষে   দে খা র   ম তো   অ নে ক   কি ছু   আ ছে ,   বে শি র   ভা গ   গু রু ত্ব পূ র্ণ   জ লা শ য় ,   পা হা ড়   আ র   স ম ত ল ও   তু মি   ভা র তে ই   পা বে",51,16
"যেমন ধরো, বিভিন্ন রাজ্য থেকে দেখতে পাওয়া কাঞ্চনজঙ্ঘার মতো হিমালয়ের অন্যান্য পর্বতমালাগুলি অদ্বিতীয় এবং প্রতিটি পর্বতমালারই ভাগ করে নেওয়ার মতো নিজস্ব কিছু বৈশিষ্ট্য রয়েছে","যে ম ন   ধ রো ,   বি ভি ন্ন   রা জ্য   থে কে   দে খ তে   পা ও য় া   কা ঞ্চ ন জ ঙ্ঘা র   ম তো   হি মা ল য় ে র   অ ন্যা ন্য   প র্ব ত মা লা গু লি   অ দ্বি তী য়   এ বং   প্র তি টি   প র্ব ত মা লা র ই   ভা গ   ক রে   নে ও য় া র   ম তো   নি জ স্ব   কি ছু   বৈ শি ষ্ট্য   র য় ে ছে",83,24
জলের অংশও বিভিন্ন জায়গায় ভাগ হয়ে গিয়ে ব-দ্বীপ আর দ্বীপ তৈরি করেছে,জ লে র   অ ং শ ও   বি ভি ন্ন   জা য় গা য়   ভা গ   হ য় ে   গি য় ে   ব - দ্বী প   আ র   দ্বী প   তৈ রি   ক রে ছে,35,12
সেইসব স্থলভূমিরও নিজস্ব কিছু অনন্য বৈশিষ্ট্য রয়েছে,সে ই স ব   স্থ ল ভূ মি র ও   নি জ স্ব   কি ছু   অ ন ন্য   বৈ শি ষ্ট্য   র য় ে ছে,25,7
তুমি বোধহয় ঠিকই বলছো,তু মি   বো ধ হ য়   ঠি ক ই   ব ল ছো,12,4
মিস লিয়া তাঁর ভারতীয় ভূগোলের ক্লাসে আমাদের জন্য কিভাবে মনোগ্রাহী এক বর্ণনা এঁকেছিলেন আমার মনে আছে,মি স   লি য় া   তাঁ র   ভা র তী য়   ভূ গো লে র   ক্লা সে   আ মা দে র   জ ন্য   কি ভা বে   ম নো গ্রা হী   এ ক   ব র্ণ না   এ ঁ কে ছি লে ন   আ মা র   ম নে   আ ছে,48,16
ব্যাপারটা হলো যে বিভিন্ন উপায় অবলম্বন করে কিভাবে বিষয়টাকে আরও আকর্ষক করে তুলতে পারো,ব্যা পা র টা   হ লো   যে   বি ভি ন্ন   উ পা য়   অ ব ল ম্ব ন   ক রে   কি ভা বে   বি ষ য় টা কে   আ র ও   আ ক র্ষ ক   ক রে   তু ল তে   পা রো,42,14
"অনেকদিনের জন্য বাড়ি ছেড়ে যেতে আমার ভালো লাগে না, কিন্তু তোমার মতো করে খোলা মনে চেয়ে দেখার চেষ্টা করবো","অ নে ক দি নে র   জ ন্য   বা ড় ি   ছে ড় ে   যে তে   আ মা র   ভা লো   লা গে   না ,   কি ন্তু   তো মা র   ম তো   ক রে   খো লা   ম নে   চে য় ে   দে খা র   চে ষ্টা   ক র বো",49,19
এই শো আর সিনেমাগুলো কাজে লাগতে পারে,এ ই   শো   আ র   সি নে মা গু লো   কা জে   লা গ তে   পা রে,17,7
"কথা বলে ভালো লাগলো, ভাই","ক থা   ব লে   ভা লো   লা গ লো ,   ভা ই",12,5
অনেক ধন্যবাদ,অ নে ক   ধ ন্য বা দ,7,2
ওয়েলকাম,ও য় ে ল কা ম,6,1
"হ্যালো, আমি বিশ্ববিদ্যালয়ের হোস্টেল থেকে জেড স্কোয়ার মল যাওয়ার জন্য গাড়ি বুক করার ব্যাপারে কল করছি","হ্যা লো ,   আ মি   বি শ্ব বি দ্যা ল য় ে র   হো স্টে ল   থে কে   জে ড   স্কো য ় া র   ম ল   যা ও য় া র   জ ন্য   গা ড় ি   বু ক   ক রা র   ব্যা পা রে   ক ল   ক র ছি",50,16
কত তাড়াতাড়ি পেতে পারি,ক ত   তা ড় া তা ড় ি   পে তে   পা রি,12,4
আমি এক্ষুনি আমাদের একজন ড্রাইভারকে আপনার ঠিকানায় পাঠিয়ে দিতে পারি,আ মি   এ ক্ষু নি   আ মা দে র   এ ক জ ন   ড্রা ই ভা র কে   আ প না র   ঠি কা না য়   পা ঠি য় ে   দি তে   পা রি,34,10
আপনি কোথা থেকে তুললে ভালো হয়,আ প নি   কো থা   থে কে   তু ল লে   ভা লো   হ য়,14,6
"আমি মেইন ক্যম্পাসেই অপেক্ষা করব, যেটা প্রবেশদ্বারের খুব কাছে","আ মি   মে ই ন   ক্য ম্পা সে ই   অ পে ক্ষা   ক র ব ,   যে টা   প্র বে শ দ্বা রে র   খু ব   কা ছে",28,9
নিরাপত্তারক্ষী ঝামেলা না করেই আপনাকে ঢুকতে দেবে,নি রা প ত্তা র ক্ষী   ঝা মে লা   না   ক রে ই   আ প না কে   ঢু ক তে   দে বে,22,7
"বেশ, ক্যাম্পাস চত্বরে গাড়ি ঢুকতে পারবে","বে শ ,   ক্যা ম্পা স   চ ত্ব রে   গা ড় ি   ঢু ক তে   পা র বে",18,6
এর অনুমতি আছে,এ র   অ নু ম তি   আ ছে,8,3
"আমরা একবার আরেকটা বিশ্ববিদ্যালয়ের ক্ষেত্রে ঝামেলায় পড়ে গেছিলাম, আমি শুধুমাত্র নিশ্চিত হওয়ার জন্য জিজ্ঞেস করছি","আ ম রা   এ ক বা র   আ রে ক টা   বি শ্ব বি দ্যা ল য় ে র   ক্ষে ত্রে   ঝা মে লা য়   প ড় ে   গে ছি লা ম ,   আ মি   শু ধু মা ত্র   নি শ্চি ত   হ ও য় া র   জ ন্য   জি জ্ঞে স   ক র ছি",55,15
যতক্ষণ পর্যন্ত তাদের আগে থাকতে জানানো থাকে ততক্ষণ অবধি ঠিক আছে,য ত ক্ষ ণ   প র্য ন্ত   তা দে র   আ গে   থা ক তে   জা না নো   থা কে   ত ত ক্ষ ণ   অ ব ধি   ঠি ক   আ ছে,31,11
আমি তাদের এখন জানিয়ে দিয়েছি যাতে ঢুকতে গেলে আপনাকে কোনও ঝামেলার মুখোমুখি না হতে হয়,আ মি   তা দে র   এ খ ন   জা নি য় ে   দি য় ে ছি   যা তে   ঢু ক তে   গে লে   আ প না কে   কো ন ও   ঝা মে লা র   মু খো মু খি   না   হ তে   হ য়,43,15
"ঠিক আছে, এটা যাচাই করার জন্য আপনি আমাকে কোনও কাগজপত্র বা স্ক্রিনশট পাঠাতে পারবেন","ঠি ক   আ ছে ,   এ টা   যা চা ই   ক রা র   জ ন্য   আ প নি   আ মা কে   কো ন ও   কা গ জ প ত্র   বা   স্ ক্রি ন শ ট   পা ঠা তে   পা র বে ন",42,14
"সমস্যা সৃষ্টির জন্য আমি দুঃখিত, কিন্তু এটা কোম্পানির নীতি","স ম স্যা   সৃ ষ্টি র   জ ন্য   আ মি   দুঃ খি ত ,   কি ন্তু   এ টা   কো ম্পা নি র   নী তি",24,9
আমার কাছে ক্যাম্পাস নির্দেশিকার একটা কপি রয়েছে যেখানে এটা বলা আছে,আ মা র   কা ছে   ক্যা ম্পা স   নি র্দে শি কা র   এ ক টা   ক পি   র য় ে ছে   যে খা নে   এ টা   ব লা   আ ছে,31,11
আমি এক্ষুনি আপনাকে হোয়াটসঅ্যাপে পাঠালাম,আ মি   এ ক্ষু নি   আ প না কে   হো য ় া ট স অ ্ যা পে   পা ঠা লা ম,23,5
"আচ্ছা, এটায় কাজ হওয়া উচিত","আ চ্ছা ,   এ টা য়   কা জ   হ ও য় া   উ চি ত",15,5
ভবিষ্যতে সুবিধার জন্য আপনি ক্যাম্পাসে আমাদের পরিষেবা পেতে একটা অ্যাপ ব্যবহার করতে পারেন,ভ বি ষ্য তে   সু বি ধা র   জ ন্য   আ প নি   ক্যা ম্পা সে   আ মা দে র   প রি ষে বা   পে তে   এ ক টা   অ ্ যা প   ব্য ব হা র   ক র তে   পা রে ন,43,13
এটির নাম ট্রাভা-গো এবং গুগল প্লে স্টোরে উপলব্ধ,এ টি র   না ম   ট্রা ভা - গো   এ বং   গু গ ল   প্লে   স্টো রে   উ প ল ব্ধ,21,8
এটা দারুণ কাজে আসবে,এ টা   দা রু ণ   কা জে   আ স বে,10,4
আপনি কি হোস্টেলের অবস্থানের সঙ্গে পরিচিত,আ প নি   কি   হো স্টে লে র   অ ব স্থা নে র   স ঙ্গে   প রি চি ত,19,6
আমি এলাকায় নতুন তাই মনে হয় আমার খুব একটা ধারণা নেই,আ মি   এ লা কা য়   ন তু ন   তা ই   ম নে   হ য়   আ মা র   খু ব   এ ক টা   ধা র ণা   নে ই,28,11
"তবে আমি নিশ্চিত, যে ড্রাইভার আপনার জন্য বরাদ্দ করা হবে, সে রাস্তাঘাট চিনবে","ত বে   আ মি   নি শ্চি ত ,   যে   ড্রা ই ভা র   আ প না র   জ ন্য   ব রা দ্দ   ক রা   হ বে ,   সে   রা স্তা ঘা ট   চি ন বে",35,13
আমি আপনাকে ঠিকানা পাঠিয়ে দেব পাছে সে যদি না জেনে থাকে,আ মি   আ প না কে   ঠি কা না   পা ঠি য় ে   দে ব   পা ছে   সে   য দি   না   জে নে   থা কে,25,11
ভাড়া কি আগে থাকতে দিতে হবে নাকি গন্তব্যে পৌঁছানোর পর,ভা ড় া   কি   আ গে   থা ক তে   দি তে   হ বে   না কি   গ ন্ত ব্যে   পৌঁ ছা নো র   প র,24,10
সেটা আপনার ইচ্ছা,সে টা   আ প না র   ই চ্ছা,8,3
আপনি চাইলে আগে দিয়ে দিতে পারেন বা পৌঁছনোর পরে,আ প নি   চা ই লে   আ গে   দি য় ে   দি তে   পা রে ন   বা   পৌঁ ছ নো র   প রে,23,9
যদি গাড়িকে আপনার জন্য আপেক্ষা করতে হয় তাহলে অতিরিক্ত ভাড়া লাগবে,য দি   গা ড় ি কে   আ প না র   জ ন্য   আ পে ক্ষা   ক র তে   হ য়   তা হ লে   অ তি রি ক্ত   ভা ড় া   লা গ বে,33,11
তার কোনও প্রয়োজন পরবে না,তা র   কো ন ও   প্র য় ো জ ন   প র বে   না,14,5
"আমি দশ মিনিটের মধ্যে তৈরি হয়ে যাব, তাই আশা করছি তার মধ্যে গাড়ি এসে যাবে","আ মি   দ শ   মি নি টে র   ম ধ্যে   তৈ রি   হ য় ে   যা ব ,   তা ই   আ শা   ক র ছি   তা র   ম ধ্যে   গা ড় ি   এ সে   যা বে",36,15
"ঠিক আছে, আপনার গাড়ি আপনার ঠিকানায় ১৫ মিনিটের মধ্যে পৌঁছে যাবে বলে আশা করা হচ্ছে","ঠি ক   আ ছে ,   আ প না র   গা ড় ি   আ প না র   ঠি কা না য়   ১ ৫   মি নি টে র   ম ধ্যে   পৌঁ ছে   যা বে   ব লে   আ শা   ক রা   হ চ্ছে",40,15
আমাদের গাড়ি পরিষেবা ব্যবহার করার জন্য আপনাকে ধন্যবাদ,আ মা দে র   গা ড় ি   প রি ষে বা   ব্য ব হা র   ক রা র   জ ন্য   আ প না কে   ধ ন্য বা দ,28,8
"নমস্কার স্যার, আমি আদর্শের মা","ন ম স্কা র   স্যা র ,   আ মি   আ দ র্শে র   মা",14,5
আমি এখানে আমার ছেলের ব্যাপারে কিছু আলোচনা করতে এসছি,আ মি   এ খা নে   আ মা র   ছে লে র   ব্যা পা রে   কি ছু   আ লো চ না   ক র তে   এ স ছি,26,9
"আপনি যেহেতু ওর ক্লাস টিচার, তাই আমার মনে হল আমি যদি আমার উদ্বেগের জায়গাগুলো নিয়ে আপনার সাথে আলোচনা করি তাহলে সবচেয়ে ভালো হবে","আ প নি   যে হে তু   ও র   ক্লা স   টি চা র ,   তা ই   আ মা র   ম নে   হ ল   আ মি   য দি   আ মা র   উ দ্বে গে র   জা য় গা গু লো   নি য ় ে   আ প না র   সা থে   আ লো চ না   ক রি   তা হ লে   স ব চে য ় ে   ভা লো   হ বে",68,23
অনুগ্রহ করে নিশ্চিন্ত হন,অ নু গ্র হ   ক রে   নি শ্চি ন্ত   হ ন,11,4
আপনি কী নিয়ে আলোচনা করতে চান,আ প নি   কী   নি য় ে   আ লো চ না   ক র তে   চা ন,16,6
আমি আমার ছেলের মোবাইল ফোন আর ভিডিও গেমের প্রতি ক্রমশ বাড়তে থাকা আসক্তি নিয়ে চিন্তিত,আ মি   আ মা র   ছে লে র   মো বা ই ল   ফো ন   আ র   ভি ডি ও   গে মে র   প্র তি   ক্র ম শ   বা ড় তে   থা কা   আ স ক্তি   নি য ় ে   চি ন্তি ত,42,15
ও সবসময়ই ফোনে গেম খেলতে ব্যস্ত,ও   স ব স ম য় ই   ফো নে   গে ম   খে ল তে   ব্য স্ত,16,6
আর আমি সত্যিই ওর স্বাস্থ্য এবং পড়াশোনা নিয়েও চিন্তিত,আ র   আ মি   স ত্যি ই   ও র   স্বা স্থ্য   এ বং   প ড় া শো না   নি য় ে ও   চি ন্তি ত,25,9
"ওহ, এটা তো চিন্তার বিষয়","ও হ ,   এ টা   তো   চি ন্তা র   বি ষ য়",12,5
এই আসক্তিটা এইসব ছোটো ছেলেমেয়েদের মধ্যে বাড়ছে,এ ই   আ স ক্তি টা   এ ই স ব   ছো টো   ছে লে মে য় ে দে র   ম ধ্যে   বা ড় ছে,24,7
এই সমস্যাটার মোকাবিলা করার জন্য আপনার ওকে কিছু উপভোগ্য শখের মধ্যে ঢোকানোর চেষ্টা করা উচিত,এ ই   স ম স্যা টা র   মো কা বি লা   ক রা র   জ ন্য   আ প না র   ও কে   কি ছু   উ প ভো গ্য   শ খে র   ম ধ্যে   ঢো কা নো র   চে ষ্টা   ক রা   উ চি ত,44,15
ভালো শখ বলতে,ভা লো   শ খ   ব ল তে,7,3
আমাকে আপনি কিছু পরামর্শ দিতে পারেন,আ মা কে   আ প নি   কি ছু   প রা ম র্শ   দি তে   পা রে ন,17,6
আপনার ওকে ওর অবসর সময়ে গল্পের বই পড়তে উৎসাহিত করা উচিত,আ প না র   ও কে   ও র   অ ব স র   স ম য ় ে   গ ল্পে র   ব ই   প ড ় তে   উ ৎ সা হি ত   ক রা   উ চি ত,36,11
আমার মতে এটা একজন ছাত্রের জন্য সবচেয়ে ভাল শখ,আ মা র   ম তে   এ টা   এ ক জ ন   ছা ত্রে র   জ ন্য   স ব চে য় ে   ভা ল   শ খ,25,9
"এছাড়াও, ওকে মোবাইল ফোন থেকে দূরে রাখতে আপনি ওকে কোনও স্পোর্টস একাডেমিতে ভর্তি করতে পারেন","এ ছা ড় া ও ,   ও কে   মো বা ই ল   ফো ন   থে কে   দূ রে   রা খ তে   আ প নি   ও কে   কো ন ও   স্পো র্ট স   এ কা ডে মি তে   ভ র্তি   ক র তে   পা রে ন",45,15
"মার্শাল আর্ট, সাঁতার, ক্রিকেট ইত্যাদি কয়েকটি ভালো খেলা আছে যেগুলো ও খেলার চেষ্টা করতে পারে","মা র্শা ল   আ র্ট ,   সাঁ তা র ,   ক্রি কে ট   ই ত্যা দি   ক য় ে ক টি   ভা লো   খে লা   আ ছে   যে গু লো   ও   খে লা র   চে ষ্টা   ক র তে   পা রে",41,15
এইভাবে ও ফিটও থাকবে,এ ই ভা বে   ও   ফি ট ও   থা ক বে,11,4
"যখন ও গেম খেলেনা, তখন ও সাধারণত গানের কোনও রিয়েলিটি শো-এর ভিডিও দেখে","য খ ন   ও   গে ম   খে লে না ,   ত খ ন   ও   সা ধা র ণ ত   গা নে র   কো ন ও   রি য ় ে লি টি   শো - এ র   ভি ডি ও   দে খে",40,13
"তাই, আমার মনে হয়েছে যে ও গানে উৎসাহী","তা ই ,   আ মা র   ম নে   হ য় ে ছে   যে   ও   গা নে   উ ৎ সা হী",20,8
আমি কি ওকে তাহলে কোনও গানের স্কুলে ভর্তি করে দেব,আ মি   কি   ও কে   তা হ লে   কো ন ও   গা নে র   স্কু লে   ভ র্তি   ক রে   দে ব,22,10
সেটা কি ওর জন্য একটা ইতিবাচক শখ হবে,সে টা   কি   ও র   জ ন্য   এ ক টা   ই তি বা চ ক   শ খ   হ বে,19,8
নিঃসন্দেহে সেটা একটা খুবই ভাল শখ হবে,নিঃ স ন্দে হে   সে টা   এ ক টা   খু ব ই   ভা ল   শ খ   হ বে,18,7
আপনি সেটা করতে পারেন,আ প নি   সে টা   ক র তে   পা রে ন,11,4
কিন্তু আপনাকে এটাও নিশ্চিত করতে হবে যাতে ও বাইরে যায় এবং অন্য বাচ্চাদের সাথে খেলে,কি ন্তু   আ প না কে   এ টা ও   নি শ্চি ত   ক র তে   হ বে   যা তে   ও   বা ই রে   যা য়   এ বং   অ ন্য   বা চ্চা দে র   সা থে   খে লে,37,15
ওর বাইরের জগৎটা দেখা এবং এর আনন্দ নেওয়া দরকার,ও র   বা ই রে র   জ গ ৎ টা   দে খা   এ বং   এ র   আ ন ন্দ   নে ও য় া   দ র কা র,27,9
"হ্যাঁ, আমি ভাবছি রোজ বিকেলে ওকে আমাদের সবচেয়ে কাছের খেলার মাঠটায় নিয়ে যাব","হ্যাঁ ,   আ মি   ভা ব ছি   রো জ   বি কে লে   ও কে   আ মা দে র   স ব চে য় ে   কা ছে র   খে লা র   মা ঠ টা য়   নি য় ে   যা ব",38,13
আর আমি ওকে একটা গানের স্কুলেও ভর্তি করে দেব,আ র   আ মি   ও কে   এ ক টা   গা নে র   স্কু লে ও   ভ র্তি   ক রে   দে ব,21,9
আমি আশা করছি যে এটা কিছুটা বদল আনবে,আ মি   আ শা   ক র ছি   যে   এ টা   কি ছু টা   ব দ ল   আ ন বে,19,8
আমি ওকে কিছু ভাল কমিক বইও কিনে দেব যাতে ও বই পড়তে আগ্রহী হয়ে ওঠে,আ মি   ও কে   কি ছু   ভা ল   ক মি ক   ব ই ও   কি নে   দে ব   যা তে   ও   ব ই   প ড় তে   আ গ্র হী   হ য় ে   ও ঠে,34,15
"হ্যাঁ, এটা আপনার প্রথম পদক্ষেপ হবে","হ্যাঁ ,   এ টা   আ প না র   প্র থ ম   প দ ক্ষে প   হ বে",17,6
"আমার মনে হয়, এগুলো করার পর ও এইসব জিনিসে আগ্রহ খুঁজে পাবে","আ মা র   ম নে   হ য় ,   এ গু লো   ক রা র   প র   ও   এ ই স ব   জি নি সে   আ গ্র হ   খুঁ জে   পা বে",31,12
আপনার কি অন্য কোনও প্রশ্ন আছে,আ প না র   কি   অ ন্য   কো ন ও   প্র শ্ন   আ ছে,14,6
"না স্যার, আমি এটা নিয়েই আপনার সাথে আলোচনা করতে চাইছিলাম","না   স্যা র ,   আ মি   এ টা   নি য় ে ই   আ প না র   সা থে   আ লো চ না   ক র তে   চা ই ছি লা ম",30,10
আপনার পরামর্শের জন্য আপনাকে অনেক ধন্যবাদ,আ প না র   প রা ম র্শে র   জ ন্য   আ প না কে   অ নে ক   ধ ন্য বা দ,22,6
আপনাকে ওয়েলকাম,আ প না কে   ও য় ে ল কা ম,10,2
অনুগ্রহ করে আবার আসবেন যদি সমস্যার চেহারা একই রকম থাকে,অ নু গ্র হ   ক রে   আ বা র   আ স বে ন   য দি   স ম স্যা র   চে হা রা   এ ক ই   র ক ম   থা কে,30,10
"হ্যাঁ, নিশ্চয়ই","হ্যাঁ ,   নি শ্চ য় ই",6,2
"হাই, তুমি কি এই ইউনিভার্সিটিতে নতুন","হা ই ,   তু মি   কি   এ ই   ই উ নি ভা র্সি টি তে   ন তু ন",18,6
"হ্যাঁ, এই বছরেই ভর্তি হয়েছি","হ্যাঁ ,   এ ই   ব ছ রে ই   ভ র্তি   হ য় ে ছি",14,5
তুমি,তু মি,2,1
আমিও,আ মি ও,3,1
এবছরই ভর্তি হলাম,এ ব ছ র ই   ভ র্তি   হ লা ম,10,3
তোমার নাম কি,তো মা র   না ম   কি,6,3
কোনও ক্লাবে যুক্ত করলে,কো ন ও   ক্লা বে   যু ক্ত   ক র লে,10,4
"আমি দেবেন্দ্র, আর আমি স্পোর্টস ক্লাবে জয়েন করেছি","আ মি   দে বে ন্দ্র ,   আ র   আ মি   স্পো র্ট স   ক্লা বে   জ য় ে ন   ক রে ছি",22,8
তুমি,তু মি,2,1
আমি মিউজিক ক্লাবে জয়েন করেছি,আ মি   মি উ জি ক   ক্লা বে   জ য় ে ন   ক রে ছি,15,5
তোমার কি সব ধরনের খেলাধুলোয় আগ্রহ,তো মা র   কি   স ব   ধ র নে র   খে লা ধু লো য়   আ গ্র হ,18,6
"না, খেলাধুলোর থেকেও আমার বেশি আগ্রহ বাইকিংয়ে","না ,   খে লা ধু লো র   থে কে ও   আ মা র   বে শি   আ গ্র হ   বা ই কিং য় ে",23,7
"বাইকে চড়ে দূরদূরান্ত ঘুরে বেড়াতে ভালো লাগে, এটা আমার শখ","বা ই কে   চ ড় ে   দূ র দূ রা ন্ত   ঘু রে   বে ড় া তে   ভা লো   লা গে ,   এ টা   আ মা র   শ খ",29,10
"কিন্তু খেলাধুলো ছাড়া এখানকার অন্য কিছুতে আগ্রহ না থাকায়, সেটাতেই জয়েন করলাম","কি ন্তু   খে লা ধু লো   ছা ড় া   এ খা ন কা র   অ ন্য   কি ছু তে   আ গ্র হ   না   থা কা য় ,   সে টা তে ই   জ য় ে ন   ক র লা ম",39,12
মাঝেমধ্যে ফুটবল খেলি,মা ঝে ম ধ্যে   ফু ট ব ল   খে লি,10,3
"ওহ্, তাই","ও হ্ ,   তা ই",5,2
তাহলে তো তুমি খুব রোমাঞ্চকর,তা হ লে   তো   তু মি   খু ব   রো মা ঞ্চ ক র,13,5
"হ্যাঁ, তা বলতে পারো","হ্যাঁ ,   তা   ব ল তে   পা রো",8,4
আমি আবার এসব রোমাঞ্চকর খেলাধুলোর মধ্যে নেই,আ মি   আ বা র   এ স ব   রো মা ঞ্চ ক র   খে লা ধু লো র   ম ধ্যে   নে ই,22,7
তোমরা কি করে করো বলো তো,তো ম রা   কি   ক রে   ক রো   ব লো   তো,11,6
ভয় লাগে না,ভ য়   লা গে   না,5,3
"না, বাইকিং ভীতিকর নয়, আর আমি তেমন ভয়ানক চালকও নই","না ,   বা ই কিং   ভী তি ক র   ন য় ,   আ র   আ মি   তে ম ন   ভ য় া ন ক   চা ল ক ও   ন ই",30,10
একবার করে দেখতে পারো; রাস্তাঘাট খালি আর সুন্দর হলে খুবই শান্তির,এ ক বা র   ক রে   দে খ তে   পা রো ;   রা স্তা ঘা ট   খা লি   আ র   সু ন্দ র   হ লে   খু ব ই   শা ন্তি র,31,11
"আচ্ছা, গান গাওয়া কি তোমার নেশা","আ চ্ছা ,   গা ন   গা ও য় া   কি   তো মা র   নে শা",15,6
"হ্যাঁ, গান গাইতে আমার ভালো লাগে","হ্যাঁ ,   গা ন   গা ই তে   আ মা র   ভা লো   লা গে",14,6
"কিন্তু, তুমি কী করে জানলে","কি ন্তু ,   তু মি   কী   ক রে   জা ন লে",11,5
"না, এমনি জিজ্ঞাসা করলাম, তুমি বললে না যে তুমি মিউজিক ক্লাব জয়েন করেছো","না ,   এ ম নি   জি জ্ঞা সা   ক র লা ম ,   তু মি   ব ল লে   না   যে   তু মি   মি উ জি ক   ক্লা ব   জ য় ে ন   ক রে ছো",35,13
তুমি কোন ধরনের গান গাও,তু মি   কো ন   ধ র নে র   গা ন   গা ও,12,5
অসমিয়া গান গাইতে ভালো লাগে আমার,অ স মি য় া   গা ন   গা ই তে   ভা লো   লা গে   আ মা র,17,6
যদিও অন্যান্য ভাষার গানও আমি গাই,য দি ও   অ ন্যা ন্য   ভা ষা র   গা ন ও   আ মি   গা ই,16,6
গান আমার মনকে শান্ত করে,গা ন   আ মা র   ম ন কে   শা ন্ত   ক রে,12,5
গান শুনতে আমি ভালোবাসি আর সেখান থেকেই গান গাওয়া আমার শখ হয়ে ওঠে,গা ন   শু ন তে   আ মি   ভা লো বা সি   আ র   সে খা ন   থে কে ই   গা ন   গা ও য় া   আ মা র   শ খ   হ য় ে   ও ঠে,35,13
তোমার শখ সম্পর্কে আমাকে আরও কিছু বলো,তো মা র   শ খ   স ম্প র্কে   আ মা কে   আ র ও   কি ছু   ব লো,18,7
"বাহ্, দারুণ ব্যাপার","বা হ্ ,   দা রু ণ   ব্যা পা র",9,3
"যেমন বললাম, আমার মোটরসাইকেলে চড়ে মাইলের পর মাইল পেরিয়ে যেতে ভালো লাগে","যে ম ন   ব ল লা ম ,   আ মা র   মো ট র সা ই কে লে   চ ড় ে   মা ই লে র   প র   মা ই ল   পে রি য় ে   যে তে   ভা লো   লা গে",40,12
বেশির ভাগ উইকেণ্ডে আমি আমার দলের সঙ্গে বেরিয়ে পড়ি,বে শি র   ভা গ   উ ই কে ণ্ডে   আ মি   আ মা র   দ লে র   স ঙ্গে   বে রি য় ে   প ড় ি,26,9
কোনও একদিন আমাদের সঙ্গে আসবে নাকি,কো ন ও   এ ক দি ন   আ মা দে র   স ঙ্গে   আ স বে   না কি,18,6
"হ্যাঁ, নিশ্চয়ই, কেন নয়","হ্যাঁ ,   নি শ্চ য় ই ,   কে ন   ন য়",11,4
একদিন করে দেখতে ভালোই লাগবে,এ ক দি ন   ক রে   দে খ তে   ভা লো ই   লা গ বে,15,5
"আচ্ছা, পরের বার আমরা বেরোলে তোমায় বলবো","আ চ্ছা ,   প রে র   বা র   আ ম রা   বে রো লে   তো মা য়   ব ল বো",20,7
আচ্ছা তোমার পছন্দের জায়গা কোনটা,আ চ্ছা   তো মা র   প ছ ন্দে র   জা য় গা   কো ন টা,15,5
"আমরা মাঝেমধ্যেই মেঘালয়ে যাই, কারণ সেখানকার রাস্তাঘাট আর জায়গা দুটোই খুব সুন্দর","আ ম রা   মা ঝে ম ধ্যে ই   মে ঘা ল য় ে   যা ই ,   কা র ণ   সে খা ন কা র   রা স্তা ঘা ট   আ র   জা য় গা   দু টো ই   খু ব   সু ন্দ র",41,12
"বাহ্, দারুণ ব্যাপার","বা হ্ ,   দা রু ণ   ব্যা পা র",9,3
তাহলে তো পরের বার আমি যাচ্ছিই,তা হ লে   তো   প রে র   বা র   আ মি   যা চ্ছি ই,14,6
একদম,এ ক দ ম,4,1
সুপ্রভাত সবাইকে,সু প্র ভা ত   স বা ই কে,8,2
"আপনারা সকলেই জানেন, আজ ৫ই জুন, যে দিনটিকে বিশ্ব পরিবেশ দিবস হিসেবে পালন করা হয়","আ প না রা   স ক লে ই   জা নে ন ,   আ জ   ৫ ই   জু ন ,   যে   দি ন টি কে   বি শ্ব   প রি বে শ   দি ব স   হি সে বে   পা ল ন   ক রা   হ য়",43,15
"মিঃ বালসুব্রহ্মণ্যম, ইনি হলেন পূর্বাঞ্চলের বন বিভাগের প্রধান","মিঃ   বা ল সু ব্র হ্ম ণ্য ম ,   ই নি   হ লে ন   পূ র্বা ঞ্চ লে র   ব ন   বি ভা গে র   প্র ধা ন",28,8
এবার তিনি বলবেন,এ বা র   তি নি   ব ল বে ন,9,3
সুপ্রভাত,সু প্র ভা ত,4,1
আশা করি আপনারা সকলে ভালো আছেন,আ শা   ক রি   আ প না রা   স ক লে   ভা লো   আ ছে ন,16,6
আমি বন বিভাগের পক্ষ থেকে আসছি,আ মি   ব ন   বি ভা গে র   প ক্ষ   থে কে   আ স ছি,15,6
আমার কাজ হল গ্রহের পরিবেশের সবচেয়ে অপরিবর্তনীয় দিক না হলেও অন্যতম একটি অপরিবর্তনীয় ব্যাপারের সংরক্ষণ করা,আ মা র   কা জ   হ ল   গ্র হে র   প রি বে শে র   স ব চে য ় ে   অ প রি ব র্ত নী য ়   দি ক   না   হ লে ও   অ ন্য ত ম   এ ক টি   অ প রি ব র্ত নী য ়   ব্যা পা রে র   সং র ক্ষ ণ   ক রা,60,16
"দূষণ বৃদ্ধির উদ্বেগজনক হারের কারণে, গ্রহের জন্য যারা প্রায় এক-তৃতীয়াংশ অক্সিজেন উৎপাদন করে তাদের সংরক্ষণ করা আবশ্যক","দূ ষ ণ   বৃ দ্ধি র   উ দ্বে গ জ ন ক   হা রে র   কা র ণে ,   গ্র হে র   জ ন্য   যা রা   প্রা য ়   এ ক - তৃ তী য ় া ং শ   অ ক্সি জে ন   উ ৎ পা দ ন   ক রে   তা দে র   সং র ক্ষ ণ   ক রা   আ ব শ্য ক",63,17
তাই এই পরিবেশ দিবসে আমরা চাই আপনারা এই এলাকার বনভূমির উদ্দেশে অবদান রাখুন,তা ই   এ ই   প রি বে শ   দি ব সে   আ ম রা   চা ই   আ প না রা   এ ই   এ লা কা র   ব ন ভূ মি র   উ দ্দে শে   অ ব দা ন   রা খু ন,41,13
আমরা একসঙ্গে গাছ লাগাব,আ ম রা   এ ক স ঙ্গে   গা ছ   লা গা ব,12,4
আশা করছি সকলে সহযোগিতা করবেন,আ শা   ক র ছি   স ক লে   স হ যো গি তা   ক র বে ন,17,5
আমরা মূলত বট গাছের চারা পুঁতবো,আ ম রা   মূ ল ত   ব ট   গা ছে র   চা রা   পুঁ ত বো,16,6
আম এবং অন্যান্য প্রচলিত প্রজাতির কিছু নমুনাও রয়েছে,আ ম   এ বং   অ ন্যা ন্য   প্র চ লি ত   প্র জা তি র   কি ছু   ন মু না ও   র য় ে ছে,25,8
আমরা দল বেঁধে কাজ করবো যদি আপনারা চান,আ ম রা   দ ল   বেঁ ধে   কা জ   ক র বো   য দি   আ প না রা   চা ন,20,8
তবে এগুলো লাগানো খুবই সহজ,ত বে   এ গু লো   লা গা নো   খু ব ই   স হ জ,14,5
আপনারা প্রত্যেকে কারুর সাহায্য ছাড়াই একটা করে সামলাতে পারেন,আ প না রা   প্র ত্যে কে   কা রু র   সা হা য্য   ছা ড় া ই   এ ক টা   ক রে   সা ম লা তে   পা রে ন,29,9
প্রত্যেক ছাত্রছাত্রীকে অন্তত একটা চাড়া লাগাতেই হবে,প্র ত্যে ক   ছা ত্র ছা ত্রী কে   অ ন্ত ত   এ ক টা   চা ড় া   লা গা তে ই   হ বে,23,7
নির্দেশাবলী অনুসরণ করবেন,নি র্দে শা ব লী   অ নু স র ণ   ক র বে ন,14,3
আমি সত্যি আশা রাখছি আপনারা দিনটা উপভোগ করবেন,আ মি   স ত্যি   আ শা   রা খ ছি   আ প না রা   দি ন টা   উ প ভো গ   ক র বে ন,24,8
মিঃ বালসুব্রহ্মণ্যমের মতো জ্ঞানী একজন মানুষ তাঁর উপস্থিতিতে আমাদের ধন্য করেছেন,মিঃ   বা ল সু ব্র হ্ম ণ্য মে র   ম তো   জ্ঞা নী   এ ক জ ন   মা নু ষ   তাঁ র   উ প স্থি তি তে   আ মা দে র   ধ ন্য   ক রে ছে ন,37,11
"মিঃ দেশাই, এটা আবশ্যক যে ছাত্রছাত্রীরা পরিবেশ সংরক্ষণ করতে শিখুক","মিঃ   দে শা ই ,   এ টা   আ ব শ্য ক   যে   ছা ত্র ছা ত্রী রা   প রি বে শ   সং র ক্ষ ণ   ক র তে   শি খু ক",31,10
আমি সাহায্যে করতে পেরে খুশি,আ মি   সা হা য্যে   ক র তে   পে রে   খু শি,12,5
লেগে পড়ো বাচ্চারা,লে গে   প ড় ো   বা চ্চা রা,8,3
একটা চাড়া তুলে নাও এবং তাকে আশ্রয় দাও,এ ক টা   চা ড় া   তু লে   না ও   এ বং   তা কে   আ শ্র য়   দা ও,19,8
"যদি কোনও প্রশ্ন থেকে থাকে,দয়া করে আমাকে জিজ্ঞাসা করুন","য দি   কো ন ও   প্র শ্ন   থে কে   থা কে , দ য় া   ক রে   আ মা কে   জি জ্ঞা সা   ক রু ন",26,9
সুপ্রভাত ম্যাডাম,সু প্র ভা ত   ম্যা ডা ম,7,2
আমি এখানে জীবন বীমা পলিসি সংক্রান্ত কিছু তথ্য পাওয়ার জন্য এসেছি,আ মি   এ খা নে   জী ব ন   বী মা   প লি সি   সং ক্রা ন্ত   কি ছু   ত থ্য   পা ও য় া র   জ ন্য   এ সে ছি,30,11
আপনি কি অনুগ্রহ করে আমাকে সাহায্য করতে পারবেন,আ প নি   কি   অ নু গ্র হ   ক রে   আ মা কে   সা হা য্য   ক র তে   পা র বে ন,23,8
"সুপ্রভাত, দয়া করে বসুন","সু প্র ভা ত ,   দ য় া   ক রে   ব সু ন",13,4
"অবশ্যই, আমরা আমাদের গ্রাহকদের সেবা করতেই এখানে আছি","অ ব শ্য ই ,   আ ম রা   আ মা দে র   গ্রা হ ক দে র   সে বা   ক র তে ই   এ খা নে   আ ছি",28,8
"আপনি আমাদের পলিসি সম্পর্কে যা কিছু জানতে চান, আমি সে ব্যাপারে আপনাকে সাহায্য করব","আ প নি   আ মা দে র   প লি সি   স ম্প র্কে   যা   কি ছু   জা ন তে   চা ন ,   আ মি   সে   ব্যা পা রে   আ প না কে   সা হা য্য   ক র ব",38,14
আমি কি আপনার নাম এবং বয়স জানতে পারি,আ মি   কি   আ প না র   না ম   এ বং   ব য় স   জা ন তে   পা রি,19,8
আমার নাম দেবাঙ্গ সাইকিয়া আর আমার বয়স ৩৯,আ মা র   না ম   দে বা ঙ্গ   সা ই কি য় া   আ র   আ মা র   ব য় স   ৩ ৯,23,8
আমি জানতে চাই এই বয়সে আমার জন্য কোন্ বীমা পলিসিটা উপযুক্ত,আ মি   জা ন তে   চা ই   এ ই   ব য ় সে   আ মা র   জ ন্য   কো ন্   বী মা   প লি সি টা   উ প যু ক্ত,30,11
এছাড়াও আমি এর লাভগুলো সম্পর্কে জানতে চাই,এ ছা ড় া ও   আ মি   এ র   লা ভ গু লো   স ম্প র্কে   জা ন তে   চা ই,21,7
আপনার নাম এবং বয়স আমাদের জানানোর জন্য আপনাকে অনেক ধন্যবাদ,আ প না র   না ম   এ বং   ব য ় স   আ মা দে র   জা না নো র   জ ন্য   আ প না কে   অ নে ক   ধ ন্য বা দ,33,10
আমাদের একটা খুব ভাল পলিসি আছে যার নাম জীবন উমং,আ মা দে র   এ ক টা   খু ব   ভা ল   প লি সি   আ ছে   যা র   না ম   জী ব ন   উ মং,25,10
আপনি সেটা নিতে পারেন,আ প নি   সে টা   নি তে   পা রে ন,10,4
এই পলিসিতে নিশ্চিত ন্যূনতম মোট কত,এ ই   প লি সি তে   নি শ্চি ত   ন্যূ ন ত ম   মো ট   ক ত,17,6
এই পলিসি নেওয়ার জন্য ন্যূনতম বয়স কত,এ ই   প লি সি   নে ও য় া র   জ ন্য   ন্যূ ন ত ম   ব য ় স   ক ত,22,7
সর্বোচ্চ বয়স কত,স র্বো চ্চ   ব য ় স   ক ত,9,3
ন্যূনতম প্রাথমিক রাশি হল দু লক্ষ টাকা,ন্যূ ন ত ম   প্রা থ মি ক   রা শি   হ ল   দু   ল ক্ষ   টা কা,17,7
ন্যূনতম বয়স হল ৯০ দিন,ন্যূ ন ত ম   ব য ় স   হ ল   ৯ ০   দি ন,14,5
এই পলিসির জন্য সর্বোচ্চ বয়স হল ৫৫ বছর,এ ই   প লি সি র   জ ন্য   স র্বো চ্চ   ব য ় স   হ ল   ৫ ৫   ব ছ র,22,8
এই তথ্য দেওয়ার জন্য আপনাকে অনেক ধন্যবাদ,এ ই   ত থ্য   দে ও য় া র   জ ন্য   আ প না কে   অ নে ক   ধ ন্য বা দ,22,7
মারা যাওয়ার পর এই পলিসি থেকে কী কী সুবিধা পাওয়া যাবে,মা রা   যা ও য় া র   প র   এ ই   প লি সি   থে কে   কী   কী   সু বি ধা   পা ও য় া   যা বে,27,11
আমি কি বার্ষিকভাবে প্রিমিয়াম দিতে পারি,আ মি   কি   বা র্ষি ক ভা বে   প্রি মি য ় া ম   দি তে   পা রি,18,6
"প্রথম পাঁচ বছরের মধ্যে মৃত্যু হলে, মৃত্যুর উপর বীমাকৃত রাশি দেওয়া হবে","প্র থ ম   পাঁ চ   ব ছ রে র   ম ধ্যে   মৃ ত্যু   হ লে ,   মৃ ত্যু র   উ প র   বী মা কৃ ত   রা শি   দে ও য় া   হ বে",34,12
"পলিসির পাঁচ বছর পূর্ণ হওয়ার পরে কিন্তু মেয়াদপূর্তির আগে মৃত্যু হলে, মৃত্যু ও লয়্যালটি যোগে বীমাকৃত অর্থ, যদি থাকে, সেটা দেওয়া হবে","প লি সি র   পাঁ চ   ব ছ র   পূ র্ণ   হ ও য ় া র   প রে   কি ন্তু   মে য ় া দ পূ র্তি র   আ গে   মৃ ত্যু   হ লে ,   মৃ ত্যু   ও   ল য় ্ যা ল টি   যো গে   বী মা কৃ ত   অ র্থ ,   য দি   থা কে ,   সে টা   দে ও য় া   হ বে",67,22
এইসব তখনই প্রযোজ্য হবে যখন সমস্ত বকেয়া পরিশোধ করা হয়ে যাবে,এ ই স ব   ত খ ন ই   প্র যো জ্য   হ বে   য খ ন   স ম স্ত   ব কে য ় া   প রি শো ধ   ক রা   হ য় ে   যা বে,35,11
"প্রিমিয়ামগুলো নিয়মিতভাবে বার্ষিক, অর্ধ-বার্ষিক, ত্রৈমাসিক কিম্বা মাসিক হারে দেওয়া যেতে পারে","প্রি মি য ় া ম গু লো   নি য ় মি ত ভা বে   বা র্ষি ক ,   অ র্ধ - বা র্ষি ক ,   ত্রৈ মা সি ক   কি ম্বা   মা সি ক   হা রে   দে ও য় া   যে তে   পা রে",45,11
আমি কি মেয়াদপূর্তির আগে পলিসি জমা দিয়ে দিতে পারি,আ মি   কি   মে য ় া দ পূ র্তি র   আ গে   প লি সি   জ মা   দি য় ে   দি তে   পা রি,25,9
জমা দেওয়ার মূল্য কত হবে,জ মা   দে ও য় া র   মূ ল্য   ক ত   হ বে,13,5
"হ্যাঁ, পলিসিধারী মেয়াদপূর্তির আগে তিন বছর পূর্ণ হওয়ার পরে পলিসি জমা দিয়ে দিতে পারে","হ্যাঁ ,   প লি সি ধা রী   মে য ় া দ পূ র্তি র   আ গে   তি ন   ব ছ র   পূ র্ণ   হ ও য ় া র   প রে   প লি সি   জ মা   দি য় ে   দি তে   পা রে",44,14
আপনাকে অন্তত ৩ বছর ধরে যথাযথভাবে প্রিমিয়াম দিয়ে যেতে হবে,আ প না কে   অ ন্ত ত   ৩   ব ছ র   ধ রে   য থা য থ ভা বে   প্রি মি য ় া ম   দি য় ে   যে তে   হ বে,32,10
"এই প্রক্রিয়ার বিশদ বিবরণ আমাদের হিসেবের নোটবইতে পাওয়া যাবে, দয়া করে এটা দেখুন","এ ই   প্র ক্রি য ় া র   বি শ দ   বি ব র ণ   আ মা দে র   হি সে বে র   নো ট ব ই তে   পা ও য় া   যা বে ,   দ য ় া   ক রে   এ টা   দে খু ন",46,13
এই তথ্যগুলো আমায় সত্যিই খুব সাহায্য করল,এ ই   ত থ্য গু লো   আ মা য়   স ত্যি ই   খু ব   সা হা য্য   ক র ল,20,7
আপনাকে অনেক ধন্যবাদ,আ প না কে   অ নে ক   ধ ন্য বা দ,11,3
আপনাকে ওয়েলকাম,আ প না কে   ও য় ে ল কা ম,10,2
"আপনি যদি চান, আমি আপনার সাথে আমাদের এজেন্টদের মধ্যে একজনের যোগাযোগ করিয়ে দিতে পারি যিনি আপনাকে বিশদভাবে বুঝিয়ে দেবেন","আ প নি   য দি   চা ন ,   আ মি   আ প না র   সা থে   আ মা দে র   এ জে ন্ট দে র   ম ধ্যে   এ ক জ নে র   যো গা যো গ   ক রি য় ে   দি তে   পা রি   যি নি   আ প না কে   বি শ দ ভা বে   বু ঝি য় ে   দে বে ন",62,19
আপনি কি দয়া করে আমায় আপনার ফোন নম্বরটা দেবেন,আ প নি   কি   দ য় া   ক রে   আ মা য়   আ প না র   ফো ন   ন ম্ব র টা   দে বে ন,25,9
সেটা তো খুবই ভাল হবে,সে টা   তো   খু ব ই   ভা ল   হ বে,10,5
দয়া করে আমার নম্বরটা লিখে নিন,দ য় া   ক রে   আ মা র   ন ম্ব র টা   লি খে   নি ন,16,6
"নমস্কার, আমি উত্তর-পূর্বের রান্নার ব্যাপারে জানতে চাইছিলাম","ন ম স্কা র ,   আ মি   উ ত্ত র - পূ র্বে র   রা ন্না র   ব্যা পা রে   জা ন তে   চা ই ছি লা ম",28,7
"আমার বন্ধু সিরিল আমায় বলে যে, যখন খাবার আর রেস্তোরাঁর সুপারিশের প্রসঙ্গ আসবে, তখন কথা বলার জন্য আপনিই সঠিক ব্যক্তি","আ মা র   ব ন্ধু   সি রি ল   আ মা য়   ব লে   যে ,   য খ ন   খা বা র   আ র   রে স্তো রাঁ র   সু পা রি শে র   প্র স ঙ্গ   আ স বে ,   ত খ ন   ক থা   ব লা র   জ ন্য   আ প নি ই   স ঠি ক   ব্য ক্তি",58,20
"হ্যাঁ, আমি বেশ কিছুদিন ধরে এই জায়গাতে আছি, তাই আমি আপনাকে খাবারের পরামর্শ দিয়ে সাহায্য করতে পারি","হ্যাঁ ,   আ মি   বে শ   কি ছু দি ন   ধ রে   এ ই   জা য ় গা তে   আ ছি ,   তা ই   আ মি   আ প না কে   খা বা রে র   প রা ম র্শ   দি য ় ে   সা হা য্য   ক র তে   পা রি",50,17
"খার, যেটা একটা অসমীয়া খাবার, শুরুর জন্য একটা ভাল পদ","খা র ,   যে টা   এ ক টা   অ স মী য ় া   খা বা র ,   শু রু র   জ ন্য   এ ক টা   ভা ল   প দ",30,10
"ও আচ্ছা, বুঝলাম","ও   আ চ্ছা ,   বু ঝ লা ম",8,3
এটা কি নিরামিষ,এ টা   কি   নি রা মি ষ,7,3
এটা কী দিয়ে তৈরি হয়,এ টা   কী   দি য় ে   তৈ রি   হ য়,10,5
"এটা লাল চাল, ভাঙা ডাল আর কাঁচা পেপের একটা মিশ্রণ দিয়ে তৈরি হয় তাই এটা পুরোপুরি নিরামিষ","এ টা   লা ল   চা ল ,   ভা ঙা   ডা ল   আ র   কাঁ চা   পে পে র   এ ক টা   মি শ্র ণ   দি য় ে   তৈ রি   হ য়   তা ই   এ টা   পু রো পু রি   নি রা মি ষ",43,17
এটা রান্না করতে অনেক অসমীয়া মসলাও লাগে,এ টা   রা ন্না   ক র তে   অ নে ক   অ স মী য় া   ম স লা ও   লা গে,21,7
"আচ্ছা, আমি এটা নিশ্চয়ই খেয়ে দেখার চেষ্টা করব","আ চ্ছা ,   আ মি   এ টা   নি শ্চ য় ই   খে য় ে   দে খা র   চে ষ্টা   ক র ব",22,8
বাঁশ চালটা কি ব্যাপার,বাঁ শ   চা ল টা   কি   ব্যা পা র,9,4
আমি শুনেছি এটা অসমের একটা বিশেষ খাদ্য,আ মি   শু নে ছি   এ টা   অ স মে র   এ ক টা   বি শে ষ   খা দ্য,19,7
নামটা আমার সঠিক মনে নেই; আমার মনে হয় তা 'প' দিয়ে শুরু হয়,না ম টা   আ মা র   স ঠি ক   ম নে   নে ই ;   আ মা র   ম নে   হ য়   তা   ' প '   দি য় ে   শু রু   হ য়,32,13
যেই পদটির কথা আপনি বলছেন সেটাকে পিঠা কিংবা পিঠা বলা হয়,যে ই   প দ টি র   ক থা   আ প নি   ব ল ছে ন   সে টা কে   পি ঠা   কিং বা   পি ঠা   ব লা   হ য়,28,11
হালকা স্বাদের চাল ফাঁপা বাঁশের কাণ্ডে ভরে এটা তৈরি করা হয়,হা ল কা   স্বা দে র   চা ল   ফাঁ পা   বাঁ শে র   কা ণ্ডে   ভ রে   এ টা   তৈ রি   ক রা   হ য়,25,11
"ও, তাহলে এই পদটাও নিরামিষ","ও ,   তা হ লে   এ ই   প দ টা ও   নি রা মি ষ",15,5
"হ্যাঁ, আর পছন্দের ওপর নির্ভর করে এটার স্বাদ মিষ্টি অথবা নোনতা হতে পারে","হ্যাঁ ,   আ র   প ছ ন্দে র   ও প র   নি র্ভ র   ক রে   এ টা র   স্বা দ   মি ষ্টি   অ থ বা   নে া ন তা   হ তে   পা রে",34,13
"বেশিরভাগ মানুষ মিষ্টি সংস্করণটাই পছন্দ করেন, আর এটা সাধারণত দই ও গুড়ের সাথে খাওয়া হয়","বে শি র ভা গ   মা নু ষ   মি ষ্টি   সং স্ক র ণ টা ই   প ছ ন্দ   ক রে ন ,   আ র   এ টা   সা ধা র ণ ত   দ ই   ও   গু ড় ে র   সা থে   খা ও য় া   হ য়",47,15
আচ্ছা আপনি আমায় কয়েকটি আমিষ খাবারের পরামর্শ দিতে পারেন,আ চ্ছা   আ প নি   আ মা য়   ক য ় ে ক টি   আ মি ষ   খা বা রে র   প রা ম র্শ   দি তে   পা রে ন,30,9
"আমি আমিষ খাবার পছন্দ করি তো, সেই কারণে","আ মি   আ মি ষ   খা বা র   প ছ ন্দ   ক রি   তো ,   সে ই   কা র ণে",20,8
"সেই ক্ষেত্রে, নাগাল্যাণ্ডের পোড়ানো শূয়োরের মাংসের স্বাদ আপনাকে তৃপ্ত করবে","সে ই   ক্ষে ত্রে ,   না গা ল্যা ণ্ডে র   পো ড় া নো   শূ য় ো রে র   মাং সে র   স্বা দ   আ প না কে   তৃ প্ত   ক র বে",33,10
"এটার বাইরেটা খাস্তা, ভিতরটা নরম আর রসালো, এবং ভেতরের ধোঁয়াটে গন্ধটা খুব ভাল","এ টা র   বা ই রে টা   খা স্তা ,   ভি ত র টা   ন র ম   আ র   র সা লো ,   এ বং   ভে ত রে র   ধোঁ য ় া টে   গ ন্ধ টা   খু ব   ভা ল",41,13
"ও আচ্ছা, এটা খুবই সুস্বাদু শোনাচ্ছে, কিন্তু আমি শুয়োরের মাংস খাই না","ও   আ চ্ছা ,   এ টা   খু ব ই   সু স্বা দু   শো না চ্ছে ,   কি ন্তু   আ মি   শু য় ো রে র   মাং স   খা ই   না",30,12
তাও আমি আমার বন্ধু সিরিল-কে এই পদটার কথা বলব,তা ও   আ মি   আ মা র   ব ন্ধু   সি রি ল - কে   এ ই   প দ টা র   ক থা   ব ল ব,25,9
হুম,হু ম,2,1
তাহলে থুকপাটা কেমন হবে,তা হ লে   থু ক পা টা   কে ম ন   হ বে,12,4
এটা অরুণাচল প্রদেশের একটি নুডল ভিত্তিক খাবার আর এর উপকরণগুলো মুসুর ডাল থেকে শুরু করে যে কোনও ধরণের মাংসের হতে পারে,এ টা   অ রু ণা চ ল   প্র দে শে র   এ ক টি   নু ড ল   ভি ত্তি ক   খা বা র   আ র   এ র   উ প ক র ণ গু লো   মু সু র   ডা ল   থে কে   শু রু   ক রে   যে   কো ন ও   ধ র ণে র   মাং সে র   হ তে   পা রে,60,21
"আপনার যদি মাছ বেশি ভাল লাগে, তাহলে অসমের টেঙ্গা মাছের পদটা আপনার পছন্দসই হবে","আ প না র   য দি   মা ছ   বে শি   ভা ল   লা গে ,   তা হ লে   অ স মে র   টে ঙ্গা   মা ছে র   প দ টা   আ প না র   প ছ ন্দ স ই   হ বে",41,14
"আমি নুডলসের খুব ভক্ত, তাই আমার উত্তর-পূর্বের খাবারের তালিকায় খেয়ে দেখার জন্য থুকপা-ই প্রথমে থাকছে","আ মি   নু ড ল সে র   খু ব   ভ ক্ত ,   তা ই   আ মা র   উ ত্ত র - পূ র্বে র   খা বা রে র   তা লি কা য ়   খে য় ে   দে খা র   জ ন্য   থু ক পা - ই   প্র থ মে   থা ক ছে",52,15
আমি টেঙ্গাটাও খেয়ে দেখব,আ মি   টে ঙ্গা টা ও   খে য় ে   দে খ ব,12,4
উত্তর-পূর্বের খাবার কি সাধারণত মশলাদার হয়,উ ত্ত র - পূ র্বে র   খা বা র   কি   সা ধা র ণ ত   ম শ লা দা র   হ য়,23,6
"না, সেগুলো একদমই মসলাদার নয়","না ,   সে গু লো   এ ক দ ম ই   ম স লা দা র   ন য়",17,5
আদপে এগুলো সতেজ আর সুগন্ধে ভরা,আ দ পে   এ গু লো   স তে জ   আ র   সু গ ন্ধে   ভ রা,16,6
"হ্যালো, এটা কি টাটা ক্যাপিটাল","হ্যা লো ,   এ টা   কি   টা টা   ক্যা পি টা ল",12,5
"হ্যাঁ, এটা টাটা ক্যাপিটাল","হ্যাঁ ,   এ টা   টা টা   ক্যা পি টা ল",10,4
আপনাকে কিভাবে সাহায্য করতে পারি,আ প না কে   কি ভা বে   সা হা য্য   ক র তে   পা রি,15,5
কিছু টাকার ব্যক্তিগত ঋণ নিতে চাই আমি,কি ছু   টা কা র   ব্য ক্তি গ ত   ঋ ণ   নি তে   চা ই   আ মি,17,7
আমার ক্রেডিট স্কোর দেখে কত টাকা পেতে পারি জানাবেন দয়া করে,আ মা র   ক্রে ডি ট   স্কো র   দে খে   ক ত   টা কা   পে তে   পা রি   জা না বে ন   দ য় া   ক রে,27,11
"হ্যাঁ নিশ্চয়ই, একটু অপেক্ষা করুন","হ্যাঁ   নি শ্চ য় ই ,   এ ক টু   অ পে ক্ষা   ক রু ন",15,5
আপনার ক্রেডিট স্কোর অনুযায়ী সর্বোচ্চ ৮ লাখ অবধি ঋণ পেতে পারেন আপনি,আ প না র   ক্রে ডি ট   স্কো র   অ নু যা য় ী   স র্বো চ্চ   ৮   লা খ   অ ব ধি   ঋ ণ   পে তে   পা রে ন   আ প নি,33,12
এখন ব্যক্তিগত ঋণে সুদের হার কত,এ খ ন   ব্য ক্তি গ ত   ঋ ণে   সু দে র   হা র   ক ত,16,6
"আর, আবেদন করার পদ্ধতিটা জানতে পারি কি","আ র ,   আ বে দ ন   ক রা র   প দ্ধ তি টা   জা ন তে   পা রি   কি",20,7
ব্যক্তিগত ঋণে সুদের হার সাধারণত ১০,ব্য ক্তি গ ত   ঋ ণে   সু দে র   হা র   সা ধা র ণ ত   ১ ০,18,6
৫০% ও ২৪%-এর মধ্যে ওঠানামা করতে পারে,৫ ০ %   ও   ২ ৪ % - এ র   ম ধ্যে   ও ঠা না মা   ক র তে   পা রে,21,7
সেটা সাধারণত নির্ভর করে আর্থিক প্রতিষ্ঠানটির ব্যক্তিগত ঋণের জন্য প্রয়োজনীয় যোগ্যতাগুলো আপনি কতটা পূরণ করতে পারছেন তার ওপর,সে টা   সা ধা র ণ ত   নি র্ভ র   ক রে   আ র্থি ক   প্র তি ষ্ঠা ন টি র   ব্য ক্তি গ ত   ঋ ণে র   জ ন্য   প্র য় ো জ নী য়   যো গ্য তা গু লো   আ প নি   ক ত টা   পূ র ণ   ক র তে   পা র ছে ন   তা র   ও প র,62,18
পদ্ধতিটা শুরু করতে বেশ কয়েকটি ডকুমেণ্ট আপনাকে জমা দিতে হবে,প দ্ধ তি টা   শু রু   ক র তে   বে শ   ক য় ে ক টি   ড কু মে ণ্ট   আ প না কে   জ মা   দি তে   হ বে,30,10
"আপনার বিশ্বস্ততা প্রতিষ্ঠা করতে ভোটার কার্ড, আধার কার্ড আর প্যান কার্ডের মতো প্রয়োজনীয় ডকুমেণ্ট চাই","আ প না র   বি শ্ব স্ত তা   প্র তি ষ্ঠা   ক র তে   ভো টা র   কা র্ড ,   আ ধা র   কা র্ড   আ র   প্যা ন   কা র্ডে র   ম তো   প্র য় ো জ নী য়   ড কু মে ণ্ট   চা ই",46,15
পরিচয়ের প্রমাণ এবং বাসস্থানের প্রমাণ,প রি চ য় ে র   প্র মা ণ   এ বং   বা স স্থা নে র   প্র মা ণ,19,5
শেষ তিন মাসের মাইনের স্লিপ এবং আইটি রিটার্ন বিবরণের মতো উপার্জনের নথিপত্র,শে ষ   তি ন   মা সে র   মা ই নে র   স্লি প   এ বং   আ ই টি   রি টা র্ন   বি ব র ণে র   ম তো   উ পা র্জ নে র   ন থি প ত্র,37,12
ব্যক্তিগতভাবে শাখায় যাওয়ার প্রয়োজন আছে কি,ব্য ক্তি গ ত ভা বে   শা খা য়   যা ও য় া র   প্র য় ো জ ন   আ ছে   কি,22,6
নাকি অনলাইনে আবেদন করতে পারি,না কি   অ ন লা ই নে   আ বে দ ন   ক র তে   পা রি,16,5
অনলাইনে আবেদন করা যাবে,অ ন লা ই নে   আ বে দ ন   ক রা   যা বে,13,4
‍,,0,1
কিন্তু নথি জমা দেওয়া আর যাচাইয়ের জন্য আপনাকে শাখায় আসতে হবে,কি ন্তু   ন থি   জ মা   দে ও য় া   আ র   যা চা ই য় ে র   জ ন্য   আ প না কে   শা খা য়   আ স তে   হ বে,32,11
"আমি আপনাদের সংস্থার একজন নিয়মিত গ্রাহক, সেটা আপনি নিশ্চিত করে নিতে পারেন","আ মি   আ প না দে র   সং স্থা র   এ ক জ ন   নি য় মি ত   গ্রা হ ক ,   সে টা   আ প নি   নি শ্চি ত   ক রে   নি তে   পা রে ন",37,12
ডকুমেণ্টগুলো আপনাদের অফিসে পাঠিয়ে দিলে হবে না,ড কু মে ণ্ট গু লো   আ প না দে র   অ ফি সে   পা ঠি য় ে   দি লে   হ বে   না,23,7
"খুব বেশি সময় লাগবে না স্যার, ডকুমেণ্টগুলো পাঠানো হলে অন্যান্য আবেদনের সঙ্গে গুলিয়ে যেতে পারে","খু ব   বে শি   স ম য়   লা গ বে   না   স্যা র ,   ড কু মে ণ্ট গু লো   পা ঠা নো   হ লে   অ ন্যা ন্য   আ বে দ নে র   স ঙ্গে   গু লি য় ে   যে তে   পা রে",43,15
"সাধারণত, কোনও ব্যক্তিগত ঋণে নিম্নসীমা ও ঊর্ধসীমা কত","সা ধা র ণ ত ,   কো ন ও   ব্য ক্তি গ ত   ঋ ণে   নি ম্ন সী মা   ও   ঊ র্ধ সী মা   ক ত",26,8
"আপনার যোগ্যতার উপর ভিত্তি করে আমরা ন্যূনতম ৭৫,০০০ থেকে সর্বোচ্চ ৩৫,০০,০০০/- পর্যন্ত ব্যক্তিগত ঋণ দিয়ে থাকি","আ প না র   যো গ্য তা র   উ প র   ভি ত্তি   ক রে   আ ম রা   ন্যূ ন ত ম   ৭ ৫ , ০ ০ ০   থে কে   স র্বো চ্চ   ৩ ৫ , ০ ০ , ০ ০ ০ / -   প র্য ন্ত   ব্য ক্তি গ ত   ঋ ণ   দি য় ে   থা কি",58,16
"ঠিক আছে, তথ্যগুলোর জন্য ধন্যবাদ","ঠি ক   আ ছে ,   ত থ্য গু লো র   জ ন্য   ধ ন্য বা দ",16,5
খুব তাড়াতাড়িই শাখায় যাবো আমি,খু ব   তা ড় া তা ড় ি ই   শা খা য়   যা বো   আ মি,16,5
অন্য কোনও সহায়তার প্রয়োজন হলে যোগাযোগ করতে ভুলবেন না,অ ন্য   কো ন ও   স হা য় তা র   প্র য় ো জ ন   হ লে   যো গা যো গ   ক র তে   ভু ল বে ন   না,29,9
"কমলা, কবে কাজে ফিরছো","ক ম লা ,   ক বে   কা জে   ফি র ছো",11,4
ক্যালেণ্ডারটা দেখেছো,ক্যা লে ণ্ডা র টা   দে খে ছো,8,2
প্রায় এক মাস হতে চললো,প্রা য়   এ ক   মা স   হ তে   চ ল লো,11,5
১০ দিনের ছুটি নেবে বলেছিলে যদ্দূর মনে পড়ছে,১ ০   দি নে র   ছু টি   নে বে   ব লে ছি লে   য দ্দূ র   ম নে   প ড় ছে,21,8
"ভুল হয়ে গেছে, ম্যাম","ভু ল   হ য় ে   গে ছে ,   ম্যা ম",10,4
আপনাকে জানাতে পারিনি,আ প না কে   জা না তে   পা রি নি,10,3
তুমি আছো কোথায়,তু মি   আ ছো   কো থা য়,7,3
এখনও কি পৈতৃক বাড়িতেই আছো নাকি,এ খ ন ও   কি   পৈ তৃ ক   বা ড় ি তে ই   আ ছো   না কি,17,6
"না ম্যাম, তিন দিন আগে বাড়ি ফিরে এসেছি","না   ম্যা ম ,   তি ন   দি ন   আ গে   বা ড় ি   ফি রে   এ সে ছি",18,8
তিন দিন আগে,তি ন   দি ন   আ গে,6,3
তাহলে কাজে আসছো না কেন,তা হ লে   কা জে   আ স ছো   না   কে ন,11,5
আমার হাতটা একটু ফুলে রয়েছে,আ মা র   হা ত টা   এ ক টু   ফু লে   র য় ে ছে,15,5
কাজ করতে অসুবিধা হচ্ছে,কা জ   ক র তে   অ সু বি ধা   হ চ্ছে,11,4
ফুলে গেছে,ফু লে   গে ছে,4,2
ডাক্তার দেখিয়েছো কোনও,ডা ক্তা র   দে খি য় ে ছো   কো ন ও,11,3
দিনকতক বিশ্রাম নিতে বলেছে ডাক্তার,দি ন ক ত ক   বি শ্রা ম   নি তে   ব লে ছে   ডা ক্তা র,16,5
নিশ্চয়ই এক মাস বলেনি,নি শ্চ য় ই   এ ক   মা স   ব লে নি,11,4
হাতটা ভাঙোনি নিশ্চয়ই,হা ত টা   ভা ঙো নি   নি শ্চ য় ই,10,3
"না ম্যাম, ব্যাপারটা তা নয়","না   ম্যা ম ,   ব্যা পা র টা   তা   ন য়",11,5
তাহলে ব্যাপারটা ঠিক কি,তা হ লে   ব্যা পা র টা   ঠি ক   কি,10,4
"জানি না, ম্যাম","জা নি   না ,   ম্যা ম",6,3
"হাতটা ফুলে আছে, যন্ত্রণা হচ্ছে","হা ত টা   ফু লে   আ ছে ,   য ন্ত্র ণা   হ চ্ছে",13,5
কাজটা একদিনও ঠিক মতো করলে হতো না এসব,কা জ টা   এ ক দি ন ও   ঠি ক   ম তো   ক র লে   হ তো   না   এ স ব,21,8
জামাকাপড়গুলো তো কোনওদিনও ভাঁজ করো না,জা মা কা প ড় গু লো   তো   কো ন ও দি ন ও   ভাঁ জ   ক রো   না,19,6
বাসনগুলো কোনওদিনও ঠিকঠাক ভাবে পরিষ্কার হয় না,বা স ন গু লো   কো ন ও দি ন ও   ঠি ক ঠা ক   ভা বে   প রি ষ্কা র   হ য়   না,24,7
ওয়াশিং মেশিন আছে বলে তো জামাকাপড়গুলো কাচতেও হয় না তোমায়,ও য় া শিং   মে শি ন   আ ছে   ব লে   তো   জা মা কা প ড় গু লো   কা চ তে ও   হ য়   না   তো মা য়,29,10
এরকমভাবে তো আর চলতে পারে না,এ র ক ম ভা বে   তো   আ র   চ ল তে   পা রে   না,15,6
যতটা পারি করি তো ম্যাম,য ত টা   পা রি   ক রি   তো   ম্যা ম,10,5
মুখে মুখে তর্ক করো না,মু খে   মু খে   ত র্ক   ক রো   না,9,5
"বাড়িতে থাকো, আরাম করো","বা ড় ি তে   থা কো ,   আ রা ম   ক রো",12,4
আমার কাছে আর কাজ করতে আসার দরকার নেই তোমার,আ মা র   কা ছে   আ র   কা জ   ক র তে   আ সা র   দ র কা র   নে ই   তো মা র,24,9
ছাড়িয়ে দিলাম তোমায়,ছা ড় ি য় ে   দি লা ম   তো মা য়,11,3
বাপ রে,বা প   রে,3,2
এ তো বেশ বিলাসবহুল,এ   তো   বে শ   বি লা স ব হু ল,10,4
কবে কিনলে,ক বে   কি ন লে,5,2
"আমি চালাতে পারি, প্লিজ","আ মি   চা লা তে   পা রি ,   প্লি জ",10,4
"চালাতে পারো, ঠিক তো","চা লা তে   পা রো ,   ঠি ক   তো",9,4
আমি চাই না এই সুন্দরীর কোনওরকম ক্ষতি হোক,আ মি   চা ই   না   এ ই   সু ন্দ রী র   কো ন ও র ক ম   ক্ষ তি   হো ক,21,8
কেন পারবো না,কে ন   পা র বো   না,6,3
আমি চেষ্টা করতে পারি,আ মি   চে ষ্টা   ক র তে   পা রি,9,4
তোমার বীমা করানো নেই,তো মা র   বী মা   ক রা নো   নে ই,10,4
হা হা,হা   হা,2,2
সরি মজা করছিলাম,স রি   ম জা   ক র ছি লা ম,9,3
একবার যদি নিজের মুখটা দেখতে এখন,এ ক বা র   য দি   নি জে র   মু খ টা   দে খ তে   এ খ ন,18,6
কি যা তা বলছো,কি   যা   তা   ব ল ছো,6,4
আমার গাড়ি নিয়ে কোনও মজা চলবে না,আ মা র   গা ড় ি   নি য় ে   কো ন ও   ম জা   চ ল বে   না,18,7
আমার জীবন নিয়ে যত ইচ্ছা মজা করতে পারো,আ মা র   জী ব ন   নি য় ে   য ত   ই চ্ছা   ম জা   ক র তে   পা রো,20,8
"যাই হোক, এই নাও","যা ই   হো ক ,   এ ই   না ও",9,4
এটাকে নিয়ে একবার ঘুরে আসা যাক,এ টা কে   নি য় ে   এ ক বা র   ঘু রে   আ সা   যা ক,16,6
এর কোনও নাম দিয়েছো,এ র   কো ন ও   না ম   দি য় ে ছো,11,4
গাড়ির নামটা তো দিতে হবে,গা ড় ি র   না ম টা   তো   দি তে   হ বে,12,5
হাহা হ্যাঁ,হা হা   হ্যাঁ,3,2
ওকে আমি অ্যাথেনা নামে ডাকবো,ও কে   আ মি   অ ্ যা থে না   না মে   ডা ক বো,14,5
"তুমি আর তোমার গ্রীক নাম, ভাই","তু মি   আ র   তো মা র   গ্রী ক   না ম ,   ভা ই",14,6
ওহ্,ও হ্,2,1
ইঞ্জিনের আওয়াজটা,ই ঞ্জি নে র   আ ও য় া জ টা,10,2
কী দারুণ,কী   দা রু ণ,4,2
আর কী মোলায়েম,আ র   কী   মো লা য় ে ম,8,3
নিশ্চয়ই অনেক দাম পড়েছে,নি শ্চ য় ই   অ নে ক   দা ম   প ড় ে ছে,13,4
বাবা বড়লোক না হ'লে সেটাই হতো,বা বা   ব ড় লো ক   না   হ ' লে   সে টা ই   হ তো,15,6
"এটা একটা গিফ্ট, ভাই","এ টা   এ ক টা   গি ফ্ট ,   ভা ই",10,4
আমার মাইনেতে তো একটা আই-ফোনও সামর্থ্যে কুলায় না; ফেরারি তো ভুলেই যাও,আ মা র   মা ই নে তে   তো   এ ক টা   আ ই - ফো ন ও   সা ম র্থ্যে   কু লা য়   না ;   ফে রা রি   তো   ভু লে ই   যা ও,34,12
"তাহলে, কেমন লাগলো তোমার","তা হ লে ,   কে ম ন   লা গ লো   তো মা র",13,4
রাহুলেরটার থেকেও ভালো না,রা হু লে র টা র   থে কে ও   ভা লো   না,12,4
একদম,এ ক দ ম,4,1
‍,,0,1
এটা তো ফেরারি,এ টা   তো   ফে রা রি,6,3
এটার পেছনে 'বাবার উপহার' লিখে রাখা উচিত তোমার,এ টা র   পে ছ নে   ' বা বা র   উ প হা র '   লি খে   রা খা   উ চি ত   তো মা র,25,8
হাহা,হা হা,2,1
এটা গুরগাঁও নয়,এ টা   গু র গাঁ ও   ন য়,8,3
নিয়ে বেরোলে লজ্জাতে মরেই যাবো প্রত্যেকবার,নি য় ে   বে রো লে   ল জ্জা তে   ম রে ই   যা বো   প্র ত্যে ক বা র,19,6
এইসব ব্যাপারে লোকজন যে এত সাহসী কি করে হয়,এ ই স ব   ব্যা পা রে   লো ক জ ন   যে   এ ত   সা হ সী   কি   ক রে   হ য়,22,9
তাদের বড়লোক বাবা আছে বলে,তা দে র   ব ড় লো ক   বা বা   আ ছে   ব লে,13,5
হাহা,হা হা,2,1
সেটা তাদের বাড়তি উৎসাহ দেয়,সে টা   তা দে র   বা ড় তি   উ ৎ সা হ   দে য়,14,5
"হ্যাঁ, তাই হবে হয়তো","হ্যাঁ ,   তা ই   হ বে   হ য় তো",9,4
থেমে একটু কিছু খেয়ে নেওয়া যাক,থে মে   এ ক টু   কি ছু   খে য় ে   নে ও য় া   যা ক,16,6
নিশ্চয়ই,নি শ্চ য় ই,4,1
‍,,0,1
লোকজন হাঁ করে তাকিয়ে আছে দেখো,লো ক জ ন   হাঁ   ক রে   তা কি য় ে   আ ছে   দে খো,15,6
দারুণ,দা রু ণ,3,1
"আরে রাহুল, আমি সম্প্রতি 'দ্য কাশ্মীর ফাইলস' দেখলাম","আ রে   রা হু ল ,   আ মি   স ম্প্র তি   ' দ্য   কা শ্মী র   ফা ই ল স '   দে খ লা ম",25,8
প্রতিটি অভিনেতার কী আশ্চর্য অভিনয়,প্র তি টি   অ ভি নে তা র   কী   আ শ্চ র্য   অ ভি ন য়,16,5
ভাষা সুম্বলির অভিনয় দেখে আমি বিশেষভাবে ছিটকে গিয়েছি,ভা ষা   সু ম্ব লি র   অ ভি ন য ়   দে খে   আ মি   বি শে ষ ভা বে   ছি ট কে   গি য় ে ছি,27,8
হ্যাঁ; তার চরিত্রে অভিনয় করা খুব চ্যালেঞ্জিং ছিল,হ্যাঁ ;   তা র   চ রি ত্রে   অ ভি ন য়   ক রা   খু ব   চ্যা লে ঞ্জিং   ছি ল,20,8
সুম্বলি তার শারদা পণ্ডিত চরিত্রের প্রতি পুরোদস্তুর ন্যায়বিচার করেছে,সু ম্ব লি   তা র   শা র দা   প ণ্ডি ত   চ রি ত্রে র   প্র তি   পু রো দ স্তু র   ন্যা য় বি চা র   ক রে ছে,30,9
তুমি কি জানতে যে সুম্বলি নিজে কাশ্মীরি পণ্ডিত সম্প্রদায়ের,তু মি   কি   জা ন তে   যে   সু ম্ব লি   নি জে   কা শ্মী রি   প ণ্ডি ত   স ম্প্র দা য় ে র,24,9
"হ্যাঁ, আমি সম্প্রতি এটা জানতে পেরেছি","হ্যাঁ ,   আ মি   স ম্প্র তি   এ টা   জা ন তে   পে রে ছি",15,6
আমি বিশেষ করে অবাক হয়েছি যে সে তার প্রথম ছবিতেই কতটা ভালো করেছে,আ মি   বি শে ষ   ক রে   অ বা ক   হ য ় ে ছি   যে   সে   তা র   প্র থ ম   ছ বি তে ই   ক ত টা   ভা লো   ক রে ছে,34,13
"আরে না, 'দ্য কাশ্মীর ফাইলস' সুম্বলির প্রথম ছবি নয়","আ রে   না ,   ' দ্য   কা শ্মী র   ফা ই ল স '   সু ম্ব লি র   প্র থ ম   ছ বি   ন য়",25,9
সে আগে ২০২০ সালে 'ছাপ্পাক' ছবিতে একটা ছোট চরিত্র করেছিল,সে   আ গে   ২ ০ ২ ০   সা লে   ' ছা প্পা ক '   ছ বি তে   এ ক টা   ছো ট   চ রি ত্র   ক রে ছি ল,29,10
"তাই নাকি, তার চরিত্রটা কী ছিল","তা ই   না কি ,   তা র   চ রি ত্র টা   কী   ছি ল",14,6
"সে বশীর খান, যে মালতির মুখের ওপর অ্যাসিড ছুঁড়ে মারে, তার বোনের চরিত্রে অভিনয় করেছিল","সে   ব শী র   খা ন ,   যে   মা ল তি র   মু খে র   ও প র   অ ্ যা সি ড   ছুঁ ড় ে   মা রে ,   তা র   বো নে র   চ রি ত্রে   অ ভি ন য়   ক রে ছি ল",45,15
"আচ্ছা, আমি ভেবেছিলাম এটাই তার প্রথম অভিনয়","আ চ্ছা ,   আ মি   ভে বে ছি লা ম   এ টা ই   তা র   প্র থ ম   অ ভি ন য়",22,7
আমি পড়েছিলাম যে ক্লাইম্যাক্সের শুটিং করতে গিয়েও সুম্বলি ভেঙে পড়েছিল,আ মি   প ড় ে ছি লা ম   যে   ক্লা ই ম্যা ক্সে র   শু টিং   ক র তে   গি য ় ে ও   সু ম্ব লি   ভে ঙে   প ড ় ে ছি ল,35,10
"হ্যাঁ, দৃশ্যটি খুবই নৃশংস আর ব্যাপারটা হচ্ছে যে এটা বাস্তব ঘটনার উপর ভিত্তি করে তৈরি করা যার জন্য দেখাটা আরও কঠিন হয়ে ওঠে, অভিনয় করা তো ছেড়েই দাও","হ্যাঁ ,   দৃ শ্য টি   খু ব ই   নৃ শং স   আ র   ব্যা পা র টা   হ চ্ছে   যে   এ টা   বা স্ত ব   ঘ ট না র   উ প র   ভি ত্তি   ক রে   তৈ রি   ক রা   যা র   জ ন্য   দে খা টা   আ র ও   ক ঠি ন   হ য় ে   ও ঠে ,   অ ভি ন য়   ক রা   তো   ছে ড় ে ই   দা ও",72,28
তুমি কি জানতে যে অনুপম খেরও কাশ্মীরি পণ্ডিত সম্প্রদায়ের,তু মি   কি   জা ন তে   যে   অ নু প ম   খে র ও   কা শ্মী রি   প ণ্ডি ত   স ম্প্র দা য় ে র,26,9
"হ্যাঁ, তাঁর মায়ের দিক থেকে","হ্যাঁ ,   তাঁ র   মা য় ে র   দি ক   থে কে",12,5
আর তাঁর পুষ্কর নাথ পণ্ডিতের চরিত্রটা তার বাবার নামে নামকরণ করা,আ র   তাঁ র   পু ষ্ক র   না থ   প ণ্ডি তে র   চ রি ত্র টা   তা র   বা বা র   না মে   না ম ক র ণ   ক রা,31,11
"তিনি এমন একজন স্বাভাবিক অভিনেতা, যাঁর অভিনয় এত অনায়াস","তি নি   এ ম ন   এ ক জ ন   স্বা ভা বি ক   অ ভি নে তা ,   যাঁ র   অ ভি ন য ়   এ ত   অ না য ় া স",33,9
"হ্যাঁ, তুমি তাঁর অভিনয় 'ধোকা', 'আ ওয়েডনেসডে' আর 'কর্মা'-তেও দেখতে পারো","হ্যাঁ ,   তু মি   তাঁ র   অ ভি ন য়   ' ধো কা ' ,   ' আ   ও য় ে ড নে স ডে '   আ র   ' ক র্মা ' - তে ও   দে খ তে   পা রো",39,11
অভিজ্ঞ অভিনেতাদের একসাথে অভিনয় কেমন বিশ্বাসযোগ্য পারফরম্যান্স দেয়,অ ভি জ্ঞ   অ ভি নে তা দে র   এ ক সা থে   অ ভি ন য়   কে ম ন   বি শ্বা স যো গ্য   পা র ফ র ম্যা ন্স   দে য়,33,8
পুনীত ঈশ্বরকে ডিজিপি হরি নারায়ণের চরিত্রে দেখে খুব ভাল লাগল,পু নী ত   ঈ শ্ব র কে   ডি জি পি   হ রি   না রা য ় ণে র   চ রি ত্রে   দে খে   খু ব   ভা ল   লা গ ল,30,10
উনি বি,উ নি   বি,3,2
আর,আ র,2,1
চোপড়ার মহাভারতে দুর্যোধনের চরিত্রে অভিনয় করেছিলেন না,চো প ড় া র   ম হা ভা র তে   দু র্যো ধ নে র   চ রি ত্রে   অ ভি ন য়   ক রে ছি লে ন   না,28,7
"হ্যাঁ তিনি করেছিলেন, তারপর আইএএস অফিসার ব্রহ্ম দত্তের ভূমিকায় মিঠুন চক্রবর্তীও আছেন","হ্যাঁ   তি নি   ক রে ছি লে ন ,   তা র প র   আ ই এ এ স   অ ফি সা র   ব্র হ্ম   দ ত্তে র   ভূ মি কা য ়   মি ঠু ন   চ ক্র ব র্তী ও   আ ছে ন",43,12
এমনকি আমান ইকবাল আর দর্শন কুমারের মতো নতুন প্রতিভারাও যথেষ্ট প্রতিশ্রুতিবান,এ ম ন কি   আ মা ন   ই ক বা ল   আ র   দ র্শ ন   কু মা রে র   ম তো   ন তু ন   প্র তি ভা রা ও   য থে ষ্ট   প্র তি শ্রু তি বা ন,39,11
প্রবীণ অভিনেত্রীর কথা উঠলে আমাকর লক্ষ্মী দত্তের চরিত্রে মৃণাল কুলকার্নিকে মনে পড়ে,প্র বী ণ   অ ভি নে ত্রী র   ক থা   উ ঠ লে   আ মা ক র   ল ক্ষ্মী   দ ত্তে র   চ রি ত্রে   মৃ ণা ল   কু ল কা র্নি কে   ম নে   প ড় ে,38,12
'শোণ পরী'-তে আমার তাঁকে খুব ভাল লাগত,' শো ণ   প রী ' - তে   আ মা র   তাঁ কে   খু ব   ভা ল   লা গ ত,20,7
পল্লবী যোশীর অভিনয়ও সত্যিই মার্জিত,প ল্ল বী   যো শী র   অ ভি ন য ় ও   স ত্যি ই   মা র্জি ত,18,5
যারাই সিনেমাটি দেখেছেন প্রত্যেকেই তাঁর দুর্দান্ত অভিনয়ের কারণে অধ্যাপিকা রাধিকা মেননকে অপছন্দ করেন,যা রা ই   সি নে মা টি   দে খে ছে ন   প্র ত্যে কে ই   তাঁ র   দু র্দা ন্ত   অ ভি ন য ় ে র   কা র ণে   অ ধ্যা পি কা   রা ধি কা   মে ন ন কে   অ প ছ ন্দ   ক রে ন,48,13
সত্যিই,স ত্যি ই,3,1
নেতিবাচক চরিত্রে অভিনয় করা সহজ নয় কিন্তু জোশি কী অভিনয় করেছেন,নে তি বা চ ক   চ রি ত্রে   অ ভি ন য ়   ক রা   স হ জ   ন য ়   কি ন্তু   জো শি   কী   অ ভি ন য়   ক রে ছে ন,34,11
বড় পর্দায় তাঁর সময় খুব কম ছিল তবুও তার চরিত্রায়ণ একটা জোরালো প্রভাব রেখে গেছে,ব ড়   প র্দা য়   তাঁ র   স ম য়   খু ব   ক ম   ছি ল   ত বু ও   তা র   চ রি ত্রা য় ণ   এ ক টা   জো রা লো   প্র ভা ব   রে খে   গে ছে,39,15
প্রত্যেক অভিনেতা একেবারে নিপুণ ভাবে তাঁদের চরিত্রে অভিনয় করেছেন,প্র ত্যে ক   অ ভি নে তা   এ কে বা রে   নি পু ণ   ভা বে   তাঁ দে র   চ রি ত্রে   অ ভি ন য়   ক রে ছে ন,30,9
"শুভ দিন, ভদ্রমহোদয়, আর্টিস্ট'স গ্যালেরিয়াতে আপনাকে স্বাগতম","শু ভ   দি ন ,   ভ দ্র ম হো দ য় ,   আ র্টি স্ট ' স   গ্যা লে রি য় া তে   আ প না কে   স্বা গ ত ম",31,7
"ধন্যবাদ, আপনার সাথে আলাপ হয়ে ভালো লাগলো","ধ ন্য বা দ ,   আ প না র   সা থে   আ লা প   হ য় ে   ভা লো   লা গ লো",22,7
আপনি কি কিছু সাহায্য চান,আ প নি   কি   কি ছু   সা হা য্য   চা ন,11,5
"হ্যাঁ, চাই","হ্যাঁ ,   চা ই",4,2
"স্যার, আমরা বলতে পারি যে অনেক ধরনের শিল্পকলা আছে","স্যা র ,   আ ম রা   ব ল তে   পা রি   যে   অ নে ক   ধ র নে র   শি ল্প ক লা   আ ছে",25,9
শিল্পকলার বিভিন্ন রকমের রূপ কী কী,শি ল্প ক লা র   বি ভি ন্ন   র ক মে র   রূ প   কী   কী,16,6
সাত রকমের শিল্পকলা রয়েছে,সা ত   র ক মে র   শি ল্প ক লা   র য় ে ছে,14,4
"চিত্রকলা, ভাস্কর্য, সাহিত্য, স্থাপত্য, চলচ্চিত্র, সঙ্গীত আর থিয়েটার এগুলোর মধ্যে অন্যতম","চি ত্র ক লা ,   ভা স্ক র্য ,   সা হি ত্য ,   স্থা প ত্য ,   চ ল চ্চি ত্র ,   স ঙ্গী ত   আ র   থি য ় ে টা র   এ গু লো র   ম ধ্যে   অ ন্য ত ম",43,11
ওহ চমৎকার,ও হ   চ ম ৎ কা র,7,2
আমরা যখন শিল্পকলার কথা ভাবি আমাদের প্রথমেই যা মনে আসে তা হল চিত্রকলা,আ ম রা   য খ ন   শি ল্প ক লা র   ক থা   ভা বি   আ মা দে র   প্র থ মে ই   যা   ম নে   আ সে   তা   হ ল   চি ত্র ক লা,35,13
চিত্রকলার সবচেয়ে গুরুত্বপূর্ণ শৈলীগুলো কী কী,চি ত্র ক লা র   স ব চে য ় ে   গু রু ত্ব পূ র্ণ   শৈ লী গু লো   কী   কী,22,6
চিত্রকলা হল আঁকার প্রাথমিক মাধ্যম দিয়ে আপনার শৈল্পিক দৃষ্টিভঙ্গি প্রকাশ করার একটি পদ্ধতি,চি ত্র ক লা   হ ল   আ ঁ কা র   প্রা থ মি ক   মা ধ্য ম   দি য ় ে   আ প না র   শৈ ল্পি ক   দৃ ষ্টি ভ ঙ্গি   প্র কা শ   ক রা র   এ ক টি   প দ্ধ তি,44,13
"রঙকে বিভিন্ন উপায়ে ব্যবহার করা যেতে পারে, যার মধ্যে ব্রাশিং করা, আলেপ, লেপন করা এবং রঙ ছিটিয়ে আঁকা সবই রয়েছে","র ঙ কে   বি ভি ন্ন   উ পা য ় ে   ব্য ব হা র   ক রা   যে তে   পা রে ,   যা র   ম ধ্যে   ব্রা শিং   ক রা ,   আ লে প ,   লে প ন   ক রা   এ বং   র ঙ   ছি টি য় ে   আ ঁ কা   স ব ই   র য় ে ছে",58,20
আঁকার বিভিন্ন শৈলী কী কী,আ ঁ কা র   বি ভি ন্ন   শৈ লী   কী   কী,11,5
"আঁকার অনেক ধরনের শৈলী রয়েছে যার মধ্যে আধুনিকতাবাদী, অভিব্যক্তিবাদী, শাস্ত্রীয়, পরাবাস্তব, কিউবিস্ট, চীনা শৈলী, বিমূর্ত, প্রতীতিবাদী এবং আরও অনেক কিছু আছে","আ ঁ কা র   অ নে ক   ধ র নে র   শৈ লী   র য় ে ছে   যা র   ম ধ্যে   আ ধু নি ক তা বা দী ,   অ ভি ব্য ক্তি বা দী ,   শা স্ত্রী য ় ,   প রা বা স্ত ব ,   কি উ বি স্ট ,   চী না   শৈ লী ,   বি মূ র্ত ,   প্র তী তি বা দী   এ বং   আ র ও   অ নে ক   কি ছু   আ ছে",78,21
আচ্ছা,আ চ্ছা,2,1
আর দ্বিতীয়টা - ভাস্কর্য,আ র   দ্বি তী য ় টা   -   ভা স্ক র্য,11,4
ভাস্কর্য হল একটি প্রাচীন ধরনের প্রাগৈতিহাসিক যুগের দৃশ্যমান শিল্প,ভা স্ক র্য   হ ল   এ ক টি   প্রা চী ন   ধ র নে র   প্রা গৈ তি হা সি ক   যু গে র   দৃ শ্য মা ন   শি ল্প,30,9
"ভাস্কর্য একটা ত্রিমাত্রিক দৃশ্যমান ছবি যা মাটি, পাথর, সেরামিক, ধাতু কিম্বা কাঠের মতো চিরাচরিত জিনিস দিয়ে তৈরি হয়","ভা স্ক র্য   এ ক টা   ত্রি মা ত্রি ক   দৃ শ্য মা ন   ছ বি   যা   মা টি ,   পা থ র ,   সে রা মি ক ,   ধা তু   কি ম্বা   কা ঠে র   ম তো   চি রা চ রি ত   জি নি স   দি য ় ে   তৈ রি   হ য়",54,18
প্রাচীন ভাস্করদের মধ্যে সবচেয়ে সুপরিচিত কে কে ছিলেন,প্রা চী ন   ভা স্ক র দে র   ম ধ্যে   স ব চে য ় ে   সু প রি চি ত   কে   কে   ছি লে ন,26,8
মাইকেল এঞ্জেলো আর মাইরন ছিলেন দুজন সুপরিচিত শাস্ত্রীয় ভাস্কর,মা ই কে ল   এ ঞ্জে লো   আ র   মা ই র ন   ছি লে ন   দু জ ন   সু প রি চি ত   শা স্ত্রী য ়   ভা স্ক র,31,9
"তৃতীয়টা সাহিত্য, তাই না","তৃ তী য় টা   সা হি ত্য ,   তা ই   না",11,4
হ্যাঁ স্যার,হ্যাঁ   স্যা র,3,2
প্রতিটা সৃজনশীল রূপের একটা গল্প আছে,প্র তি টা   সৃ জ ন শী ল   রূ পে র   এ ক টা   গ ল্প   আ ছে,18,6
অন্যদিকে সাহিত্য একটা ভাষা শিল্প যাকে পড়া বা বলা যায়,অ ন্য দি কে   সা হি ত্য   এ ক টা   ভা ষা   শি ল্প   যা কে   প ড ় া   বা   ব লা   যা য ়,26,10
একদম,এ ক দ ম,4,1
স্থাপত্য একটা আলাদা ধরনের শিল্প; এটা কাঠামো নির্মাণের শিল্প,স্থা প ত্য   এ ক টা   আ লা দা   ধ র নে র   শি ল্প ;   এ টা   কা ঠা মো   নি র্মা ণে র   শি ল্প,27,9
আমি কি ঠিক বললাম,আ মি   কি   ঠি ক   ব ল লা ম,9,4
অবশ্যই স্যার,অ ব শ্য ই   স্যা র,6,2
"গ্রেট পিরামিড, রোমের কলোসিয়াম, তাজমহল, হাগিয়া সোফিয়া আর স্টোনহেঞ্জ প্রাচীন স্থাপত্যের আশ্চর্যজনক উদাহরণ","গ্রে ট   পি রা মি ড ,   রো মে র   ক লো সি য ় া ম ,   তা জ ম হ ল ,   হা গি য ় া   সো ফি য ় া   আ র   স্টো ন হে ঞ্জ   প্রা চী ন   স্থা প ত্যে র   আ শ্চ র্য জ ন ক   উ দা হ র ণ",58,13
অন্য দুটো হল সিনেমা আর গান,অ ন্য   দু টো   হ ল   সি নে মা   আ র   গা ন,13,6
"সিনেমা সাতটা শিল্পের মধ্যে সবচেয়ে নতুন, যা সবে আগের শতাব্দীতে তৈরি হয়েছে","সি নে মা   সা ত টা   শি ল্পে র   ম ধ্যে   স ব চে য় ে   ন তু ন ,   যা   স বে   আ গে র   শ তা ব্দী তে   তৈ রি   হ য ় ে ছে",37,12
"চলচ্চিত্র হল ত্রিমাত্রিক পৃথিবীর একটা দ্বি-মাত্রিক প্রোজেকশন, যা আমাদের শোনা এবং দেখার দুটো বোধকে নিয়েই জড়িত","চ ল চ্চি ত্র   হ ল   ত্রি মা ত্রি ক   পৃ থি বী র   এ ক টা   দ্বি - মা ত্রি ক   প্রো জে ক শ ন ,   যা   আ মা দে র   শো না   এ বং   দে খা র   দু টো   বো ধ কে   নি য় ে ই   জ ড ় ি ত",54,16
"তাহলে আমরা বলতে পারি যে সঙ্গীত হল সুর, ঐকতান, তাল এবং গলাকে কাজে লাগিয়ে গান রচনা করার জন্য শোনার মতো শব্দ ও অনুনাদকে সাজানোর দক্ষতা","তা হ লে   আ ম রা   ব ল তে   পা রি   যে   স ঙ্গী ত   হ ল   সু র ,   ঐ ক তা ন ,   তা ল   এ বং   গ লা কে   কা জে   লা গি য ় ে   গা ন   র চ না   ক রা র   জ ন্য   শো না র   ম তো   শ ব্দ   ও   অ নু না দ কে   সা জা নো র   দ ক্ষ তা",69,25
আচ্ছা,আ চ্ছা,2,1
তাহলে শেষেরটা কী ব্যাপার,তা হ লে   শে ষে র টা   কী   ব্যা পা র,11,4
থিয়েটার এক ধরনের শিল্প যেখানে শিল্পী দৃশ্যমান ও নাটকীয় উভয় উপাদানকেই কাজে লাগায়,থি য ় ে টা র   এ ক   ধ র নে র   শি ল্প   যে খা নে   শি ল্পী   দৃ শ্য মা ন   ও   না ট কী য ়   উ ভ য ়   উ পা দা ন কে ই   কা জে   লা গা য়,44,13
"খ্রিস্টপূর্ব ৬ষ্ঠ শতাব্দী থেকে, যখন প্রাচীন গ্রীকরা থিয়েটার আবিষ্কার করে তখন থেকেই এটা সভ্যতার একটা অঙ্গ","খ্রি স্ট পূ র্ব   ৬ ষ্ঠ   শ তা ব্দী   থে কে ,   য খ ন   প্রা চী ন   গ্রী ক রা   থি য ় ে টা র   আ বি ষ্কা র   ক রে   ত খ ন   থে কে ই   এ টা   স ভ্য তা র   এ ক টা   অ ঙ্গ",50,16
দারুণ,দা রু ণ,3,1
"স্যার, অনুগ্রহ করে আমাদের গ্যালারীটি একবার দেখবেন আর মন্তব্য করার বাক্সে আপনার গুরুত্বপূর্ণ মন্তব্য লিখে দেবেন","স্যা র ,   অ নু গ্র হ   ক রে   আ মা দে র   গ্যা লা রী টি   এ ক বা র   দে খ বে ন   আ র   ম ন্ত ব্য   ক রা র   বা ক্সে   আ প না র   গু রু ত্ব পূ র্ণ   ম ন্ত ব্য   লি খে   দে বে ন",52,16
"নিশ্চয়ই, ধন্যবাদ","নি শ্চ য় ই ,   ধ ন্য বা দ",9,2
এই যে নমন,এ ই   যে   ন ম ন,6,3
আমি রাহুল,আ মি   রা হু ল,5,2
কেমন আছ তুমি,কে ম ন   আ ছ   তু মি,7,3
আরে রাহুল,আ রে   রা হু ল,5,2
খুব খুশী হলাম তুমি ফোন করাতে,খু ব   খু শী   হ লা ম   তু মি   ফো ন   ক রা তে,14,6
আজকাল আমি একটু ব্যস্ত আছি,আ জ কা ল   আ মি   এ ক টু   ব্য স্ত   আ ছি,13,5
আমার প্রোজেক্টের জন্য আমি ভারতের বিখ্যাত জাদুঘরগুলোকে নিয়ে গবেষণা করছি,আ মা র   প্রো জে ক্টে র   জ ন্য   আ মি   ভা র তে র   বি খ্যা ত   জা দু ঘ র গু লো কে   নি য় ে   গ বে ষ ণা   ক র ছি,35,10
বাহ,বা হ,2,1
এ তো খুব ভাল,এ   তো   খু ব   ভা ল,6,4
তোমার প্রোজেক্ট কেমন চলছে,তো মা র   প্রো জে ক্ট   কে ম ন   চ ল ছে,12,4
"দেখো, আমি জানি যে ভারতে অনেক জাদুঘর আছে","দে খো ,   আ মি   জা নি   যে   ভা র তে   অ নে ক   জা দু ঘ র   আ ছে",20,8
কিন্তু আমি শুধুমাত্র সবচেয়ে বিখ্যাতগুলোকেই নিতে চাই,কি ন্তু   আ মি   শু ধু মা ত্র   স ব চে য় ে   বি খ্যা ত গু লো কে ই   নি তে   চা ই,24,7
তুমি কি এখনও সেই পর্যটন সংস্থাতে কাজ করছ,তু মি   কি   এ খ ন ও   সে ই   প র্য ট ন   সং স্থা তে   কা জ   ক র ছ,21,8
"হ্যাঁ, আমি এখনো যাত্রা ট্র্যাভেল অ্যান্ড ট্যুরস-এ কাজ করছি","হ্যাঁ ,   আ মি   এ খ নো   যা ত্রা   ট্র্যা ভে ল   অ ্ যা ন্ড   ট্যু র স - এ   কা জ   ক র ছি",26,9
দারুণ,দা রু ণ,3,1
তুমি কি আমাকে এখানে একটু সাহায্য করতে পারবে,তু মি   কি   আ মা কে   এ খা নে   এ ক টু   সা হা য্য   ক র তে   পা র বে,21,8
হ্যাঁ,হ্যাঁ,1,1
আমার মনে হয় তুমি ভারতের তিনটে সবচেয়ে বিখ্যাত জাদুঘরকে বাছতে পারো,আ মা র   ম নে   হ য়   তু মি   ভা র তে র   তি ন টে   স ব চে য় ে   বি খ্যা ত   জা দু ঘ র কে   বা ছ তে   পা রো,34,11
"এগুলো হল দিল্লীর ন্যাশনাল মিউজিয়াম, কলকাতার ইণ্ডিয়ান মিউজিয়াম আর চেন্নাইয়ের সরকারী সংগ্রহশালা","এ গু লো   হ ল   দি ল্লী র   ন্যা শ না ল   মি উ জি য ় া ম ,   ক ল কা তা র   ই ণ্ডি য় া ন   মি উ জি য ় া ম   আ র   চে ন্না ই য় ে র   স র কা রী   সং গ্র হ শা লা",54,12
বেশ,বে শ,2,1
জেনে ভাল লাগল,জে নে   ভা ল   লা গ ল,7,3
এগুলো এত গুরুত্বপূর্ণ কেন,এ গু লো   এ ত   গু রু ত্ব পূ র্ণ   কে ন,12,4
জাতীয় সংগ্রহশালায় প্রাচীন যুগের চমৎকার বিভিন্ন প্রবন্ধ রয়েছে,জা তী য ়   সং গ্র হ শা লা য়   প্রা চী ন   যু গে র   চ ম ৎ কা র   বি ভি ন্ন   প্র ব ন্ধ   র য় ে ছে,31,8
এটা প্রাণবন্ত শহর দিল্লীর জনপথের কোণে ১৯৪৯ সালে তৈরি হয়,এ টা   প্রা ণ ব ন্ত   শ হ র   দি ল্লী র   জ ন প থে র   কো ণে   ১ ৯ ৪ ৯   সা লে   তৈ রি   হ য ়,30,10
তারা কী কী প্রদর্শন করে,তা রা   কী   কী   প্র দ র্শ ন   ক রে,10,5
"এখানে বিভিন্ন ধরনের সংগ্রহ রয়েছে যার মধ্যে আছে গয়না, হাতে আঁকা ছবি, বর্ম, আলংকারিক শিল্প আর পাণ্ডুলিপি","এ খা নে   বি ভি ন্ন   ধ র নে র   সং গ্র হ   র য ় ে ছে   যা র   ম ধ্যে   আ ছে   গ য ় না ,   হা তে   আ ঁ কা   ছ বি ,   ব র্ম ,   আ লং কা রি ক   শি ল্প   আ র   পা ণ্ডু লি পি",53,17
বাহ,বা হ,2,1
আর ভারতীয় সংগ্রহশালায় কী কী আছে,আ র   ভা র তী য ়   সং গ্র হ শা লা য়   কী   কী   আ ছে,17,6
"এখানে প্রত্নতত্ত্ব, ভূতত্ত্ব, অর্থনৈতিক সৌন্দর্য আর শিল্পকলার সৃজনশীল ও বৈজ্ঞানিক কাজের পাঁচটা গ্যালারীর সাথে ছটা বিভাগ আছে","এ খা নে   প্র ত্ন ত ত্ত্ব ,   ভূ ত ত্ত্ব ,   অ র্থ নৈ তি ক   সৌ ন্দ র্য   আ র   শি ল্প ক লা র   সৃ জ ন শী ল   ও   বৈ জ্ঞা নি ক   কা জে র   পাঁ চ টা   গ্যা লা রী র   সা থে   ছ টা   বি ভা গ   আ ছে",56,17
বাহ,বা হ,2,1
এটা কি পৃথিবীর সবচেয়ে পুরনো সংগ্রহশালাগুলোর মধ্যে একটা,এ টা   কি   পৃ থি বী র   স ব চে য় ে   পু র নো   সং গ্র হ শা লা গু লো র   ম ধ্যে   এ ক টা,28,8
"হ্যাঁ, এটা ১৮১৪ খ্রিষ্টাব্দে এশিয়াটিক সোসাইটি অফ বেঙ্গল কলকাতায় প্রতিষ্ঠিত করে","হ্যাঁ ,   এ টা   ১ ৮ ১ ৪   খ্রি ষ্টা ব্দে   এ শি য় া টি ক   সো সা ই টি   অ ফ   বে ঙ্গ ল   ক ল কা তা য়   প্র তি ষ্ঠি ত   ক রে",37,11
তা ভালো,তা   ভা লো,3,2
সরকারি সংগ্রহশালা এত বিখ্যাত কেন,স র কা রি   সং গ্র হ শা লা   এ ত   বি খ্যা ত   কে ন,16,5
"সরকারি সংগ্রহশালা ভূতত্ত্ব, প্রাণিবিদ্যা, নৃতত্ত্ব আর উদ্ভিদবিদ্যার বিভিন্ন বৈচিত্র্য প্রদর্শন করে","স র কা রি   সং গ্র হ শা লা   ভূ ত ত্ত্ব ,   প্রা ণি বি দ্যা ,   নৃ ত ত্ত্ব   আ র   উ দ্ভি দ বি দ্যা র   বি ভি ন্ন   বৈ চি ত্র্য   প্র দ র্শ ন   ক রে",41,11
১৮৫১ খ্রিষ্টাব্দে ব্রিটিশ যুগের সময় প্রতিষ্ঠিত হওয়া এই সংগ্রহশালা ইতিহাস ও শিল্পের দিকে ঝোঁক আছে এমন মানুষজনের জন্য একটা আদর্শ জায়গা,১ ৮ ৫ ১   খ্রি ষ্টা ব্দে   ব্রি টি শ   যু গে র   স ম য ়   প্র তি ষ্ঠি ত   হ ও য় া   এ ই   সং গ্র হ শা লা   ই তি হা স   ও   শি ল্পে র   দি কে   ঝোঁ ক   আ ছে   এ ম ন   মা নু ষ জ নে র   জ ন্য   এ ক টা   আ দ র্শ   জা য ় গা,67,21
তোমার কি কোনও প্রশ্ন আছে,তো মা র   কি   কো ন ও   প্র শ্ন   আ ছে,11,5
"না, এই তথ্যগুলো ভাগ করে নেওয়ার জন্য তোমাকে অসংখ্য ধন্যবাদ","না ,   এ ই   ত থ্য গু লো   ভা গ   ক রে   নে ও য় া র   জ ন্য   তো মা কে   অ সং খ্য   ধ ন্য বা দ",29,10
আমি এগুলোর একটা নোট বানিয়ে রাখব,আ মি   এ গু লো র   এ ক টা   নো ট   বা নি য় ে   রা খ ব,18,6
ওয়েলকাম তোমাকে,ও য় ে ল কা ম   তো মা কে,9,2
সাহিত্য সহায়তা সমিতিতে আসার জন্য আপনাকে ধন্যবাদ,সা হি ত্য   স হা য ় তা   স মি তি তে   আ সা র   জ ন্য   আ প না কে   ধ ন্য বা দ,25,7
আমি আপনাকে সাহায্য করার জন্য কী করতে পারি,আ মি   আ প না কে   সা হা য্য   ক রা র   জ ন্য   কী   ক র তে   পা রি,20,8
আপনাকে অনেক ধন্যবাদ,আ প না কে   অ নে ক   ধ ন্য বা দ,11,3
আমি আপনাকে ভারতের সাহিত্যিক শিল্প সম্পর্কে কয়েকটা প্রশ্ন করতে চাই,আ মি   আ প না কে   ভা র তে র   সা হি ত্যি ক   শি ল্প   স ম্প র্কে   ক য ় ে ক টা   প্র শ্ন   ক র তে   চা ই,32,10
"আচ্ছা, সে ঠিক আছে","আ চ্ছা ,   সে   ঠি ক   আ ছে",8,4
আমি আপনাকে আমার জ্ঞান আর বিচারবুদ্ধি দিয়ে সাহায্য করার চেষ্টা করব,আ মি   আ প না কে   আ মা র   জ্ঞা ন   আ র   বি চা র বু দ্ধি   দি য় ে   সা হা য্য   ক রা র   চে ষ্টা   ক র ব,32,11
সাহিত্যিক শিল্পের সংজ্ঞা কি,সা হি ত্যি ক   শি ল্পে র   সং জ্ঞা   কি,10,4
"সাহিত্যিক শিল্প হল সাহিত্যের সমস্ত কাজ যা শৈলী, বিষয়বস্তু, চরিত্র কিম্বা গল্পের ধাঁচে সুন্দর","সা হি ত্যি ক   শি ল্প   হ ল   সা হি ত্যে র   স ম স্ত   কা জ   যা   শৈ লী ,   বি ষ য ় ব স্তু ,   চ রি ত্র   কি ম্বা   গ ল্পে র   ধাঁ চে   সু ন্দ র",41,14
"গীতিকবিতা, নাটক, ছোট গল্প এবং উপন্যাস এর উদাহরণ","গী তি ক বি তা ,   না ট ক ,   ছো ট   গ ল্প   এ বং   উ প ন্যা স   এ র   উ দা হ র ণ",27,8
সাহিত্যিক শিল্পের গুরুত্ব কী,সা হি ত্যি ক   শি ল্পে র   গু রু ত্ব   কী,11,4
এটা আমাদেরকে এমন কোনও বিষয়ে জ্ঞান বিনিময় করতে দেয় যা মৌখিকভাবে প্রকাশ করা সম্ভব নয়,এ টা   আ মা দে র কে   এ ম ন   কো ন ও   বি ষ য ় ে   জ্ঞা ন   বি নি ম য ়   ক র তে   দে য ়   যা   মৌ খি ক ভা বে   প্র কা শ   ক রা   স ম্ভ ব   ন য ়,48,15
"আমরা আমাদের অনুভূতি, ধারণা, অভিজ্ঞতা এবং অন্য যা কিছু মনে আসে তা প্রকাশ করার একটা পদ্ধতি খুঁজে পাই","আ ম রা   আ মা দে র   অ নু ভূ তি ,   ধা র ণা ,   অ ভি জ্ঞ তা   এ বং   অ ন্য   যা   কি ছু   ম নে   আ সে   তা   প্র কা শ   ক রা র   এ ক টা   প দ্ধ তি   খুঁ জে   পা ই",48,18
আচ্ছা,আ চ্ছা,2,1
ভারতের সব চেয়ে পুরনো সাহিত্য কোনটা,ভা র তে র   স ব   চে য় ে   পু র নো   সা হি ত্য   কো ন টা,18,6
বেদ ভারতের প্রাচীনতম জানা সাহিত্যকর্ম,বে দ   ভা র তে র   প্রা চী ন ত ম   জা না   সা হি ত্য ক র্ম,18,5
এগুলো সংস্কৃত ভাষায় লেখা হয়েছিল এবং প্রজন্ম থেকে প্রজন্মে মুখে মুখে চলে আসছে,এ গু লো   সং স্কৃ ত   ভা ষা য ়   লে খা   হ য ় ে ছি ল   এ বং   প্র জ ন্ম   থে কে   প্র জ ন্মে   মু খে   মু খে   চ লে   আ স ছে,37,13
ভারতে সাহিত্যিক শিল্পের কী কী বর্গ আছে,ভা র তে   সা হি ত্যি ক   শি ল্পে র   কী   কী   ব র্গ   আ ছে,16,7
"গদ্য, নাটক এবং কবিতা হল তিনটে প্রধান বর্গ","গ দ্য ,   না ট ক   এ বং   ক বি তা   হ ল   তি ন টে   প্র ধা ন   ব র্গ",21,8
গদ্য হল এক ধরনের সাহিত্য যা সংলাপ ও বাক্য গঠনের সম্ভাব্য নমুনা অনুসরণ করে চলে,গ দ্য   হ ল   এ ক   ধ র নে র   সা হি ত্য   যা   সং লা প   ও   বা ক্য   গ ঠ নে র   স ম্ভা ব্য   ন মু না   অ নু স র ণ   ক রে   চ লে,39,15
একটা ছন্দোবদ্ধ গল্প কল্পকাহিনী কিম্বা প্রকৃত তথ্যভিত্তিক সাহিত্য হতে পারে আর এটা বিভিন্ন বিষয় নিয়ে হতে পারে,এ ক টা   ছ ন্দো ব দ্ধ   গ ল্প   ক ল্প কা হি নী   কি ম্বা   প্র কৃ ত   ত থ্য ভি ত্তি ক   সা হি ত্য   হ তে   পা রে   আ র   এ টা   বি ভি ন্ন   বি ষ য ়   নি য় ে   হ তে   পা রে,49,17
"অন্যদিকে কবিতা হল এমন সাহিত্যকর্ম যা একটি শক্তিশালী অনুভূতি কিংবা ধারণাকে প্রকাশ করার জন্য ছড়া, ছন্দ এবং অন্যান্য কৌশল ব্যবহার করে","অ ন্য দি কে   ক বি তা   হ ল   এ ম ন   সা হি ত্য ক র্ম   যা   এ ক টি   শ ক্তি শা লী   অ নু ভূ তি   কিং বা   ধা র ণা কে   প্র কা শ   ক রা র   জ ন্য   ছ ড ় া ,   ছ ন্দ   এ বং   অ ন্যা ন্য   কৌ শ ল   ব্য ব হা র   ক রে",64,21
ভারতের প্রথম সাহিত্যিক ভাষা কী ছিল,ভা র তে র   প্র থ ম   সা হি ত্যি ক   ভা ষা   কী   ছি ল,16,6
সংস্কৃত পৃথিবীর সবচেয়ে পুরোনো ভাষা,সং স্কৃ ত   পৃ থি বী র   স ব চে য় ে   পু রো নো   ভা ষা,17,5
আপনি কি এর আরও একটু ব্যাখ্যা করতে পারবেন,আ প নি   কি   এ র   আ র ও   এ ক টু   ব্যা খ্যা   ক র তে   পা র বে ন,21,8
অবশ্যই,অ ব শ্য ই,4,1
শ্রুতি পরম্পরা থেকে শুরু করে সংস্কৃত সাহিত্য মৌখিক ঐতিহ্যের মাধ্যমে আমাদের কাছে চলে এসেছে,শ্রু তি   প র ম্প রা   থে কে   শু রু   ক রে   সং স্কৃ ত   সা হি ত্য   মৌ খি ক   ঐ তি হ্যে র   মা ধ্য মে   আ মা দে র   কা ছে   চ লে   এ সে ছে,39,14
রচনার সবচেয়ে বেশি অংশ কবিতার মধ্যে সীমাবদ্ধ,র চ না র   স ব চে য় ে   বে শি   অ ং শ   ক বি তা র   ম ধ্যে   সী মা ব দ্ধ,24,7
সংস্কৃত রচনার একটি অবিচ্ছিন্ন প্রবাহ কবিতায় বিশ্বসাহিত্যের সবচেয়ে পুরনো নথি ঋগ্বেদে খুঁজে পাওয়া যায়,সং স্কৃ ত   র চ না র   এ ক টি   অ বি চ্ছি ন্ন   প্র বা হ   ক বি তা য ়   বি শ্ব সা হি ত্যে র   স ব চে য় ে   পু র নো   ন থি   ঋ গ্বে দে   খুঁ জে   পা ও য ় া   যা য ়,51,14
বাহ্ চমৎকার,বা হ্   চ ম ৎ কা র,7,2
"স্যার, আপনার চমৎকার ব্যাখ্যার জন্য আপনাকে ধন্যবাদ","স্যা র ,   আ প না র   চ ম ৎ কা র   ব্যা খ্যা র   জ ন্য   আ প না কে   ধ ন্য বা দ",25,7
"আপনাকে স্বাগত জানাই, যে কোনো সময়","আ প না কে   স্বা গ ত   জা না ই ,   যে   কো নো   স ম য ়",18,6
আপনার দিন ভাল কাটুক,আ প না র   দি ন   ভা ল   কা টু ক,11,4
বাই,বা ই,2,1
"হ্যালো, আমি ফোন করছি কুতুব মিনার দেখতে যাওয়ার সময় সম্পর্কে জানতে","হ্যা লো ,   আ মি   ফো ন   ক র ছি   কু তু ব   মি না র   দে খ তে   যা ও য় া র   স ম য ়   স ম্প র্কে   জা ন তে",34,11
"হ্যাঁ, মিনারটি সব দিন খোলা এবং আপনি সকাল ৭টা থেকে বিকেল ৫টার মধ্যে যেকোনও সময় আসতে পারেন","হ্যাঁ ,   মি না র টি   স ব   দি ন   খো লা   এ বং   আ প নি   স কা ল   ৭ টা   থে কে   বি কে ল   ৫ টা র   ম ধ্যে   যে কো ন ও   স ম য়   আ স তে   পা রে ন",45,17
বড়দের জন্য প্রবেশ মূল্য কত,ব ড় দে র   জ ন্য   প্র বে শ   মূ ল্য   ক ত,13,5
বড়দের জন্য আলাদা করে প্রবেশ মূল্য নেই,ব ড় দে র   জ ন্য   আ লা দা   ক রে   প্র বে শ   মূ ল্য   নে ই,18,7
ওটা নির্ভর করে আপনি ভারতীয় নাকি বিদেশী তার উপর,ও টা   নি র্ভ র   ক রে   আ প নি   ভা র তী য়   না কি   বি দে শী   তা র   উ প র,24,9
ভারতীয়দের জন্য ৩৫ টাকা এবং বিদেশীদের জন্য ৫৫০ টাকা,ভা র তী য় দে র   জ ন্য   ৩ ৫   টা কা   এ বং   বি দে শী দে র   জ ন্য   ৫ ৫ ০   টা কা,26,9
আচ্ছা বুঝলাম,আ চ্ছা   বু ঝ লা ম,6,2
আমি যাদবপুর বিশ্ববিদ্যালয়ের একজন ছাত্র,আ মি   যা দ ব পু র   বি শ্ব বি দ্যা ল য ় ে র   এ ক জ ন   ছা ত্র,22,5
ছাত্রদের জন্য কোনও ছাড় আছে যেটা আমি পেতে পারি,ছা ত্র দে র   জ ন্য   কো ন ও   ছা ড়   আ ছে   যে টা   আ মি   পে তে   পা রি,21,9
আমি আমার সঙ্গে আমার চারজন বন্ধুকেও আনার পরিকল্পনা করছি,আ মি   আ মা র   স ঙ্গে   আ মা র   চা র জ ন   ব ন্ধু কে ও   আ না র   প রি ক ল্প না   ক র ছি,29,9
সেরকম কোনও ছাড় নেই ছাত্রদের জন্য,সে র ক ম   কো ন ও   ছা ড়   নে ই   ছা ত্র দে র   জ ন্য,17,6
তবে আপনি যদি অনলাইনে টিকিট কেনেন বা টাকা দেওয়ার জন্য একটা কিউ,ত বে   আ প নি   য দি   অ ন লা ই নে   টি কি ট   কে নে ন   বা   টা কা   দে ও য় া র   জ ন্য   এ ক টা   কি উ,33,12
আর কোড স্ক্যান করেন তবে একটা ছাড় পেতে পারেন,আ র   কো ড   স্ক্যা ন   ক রে ন   ত বে   এ ক টা   ছা ড়   পে তে   পা রে ন,21,9
"ঠিক আছে, এই হল আমার নম্বর","ঠি ক   আ ছে ,   এ ই   হ ল   আ মা র   ন ম্ব র",15,6
আপনি কি দয়া করে ওয়েবসাইটে ঢোকার একটা লিঙ্ক হোয়াটসঅ্যাপে আমাকে পাঠাতে পারবেন,আ প নি   কি   দ য় া   ক রে   ও য় ে ব সা ই টে   ঢো কা র   এ ক টা   লি ঙ্ক   হো য ় া ট স অ ্ যা পে   আ মা কে   পা ঠা তে   পা র বে ন,44,12
নিশ্চয়ই পারব,নি শ্চ য় ই   পা র ব,7,2
এই ভাবে আপনি টিকিটগুলোও আগে থেকে বুক করতে পারবেন,এ ই   ভা বে   আ প নি   টি কি ট গু লো ও   আ গে   থে কে   বু ক   ক র তে   পা র বে ন,26,9
"আচ্ছা, কোন্ সময়টায় ভিড় সবচেয়ে কম থাকে","আ চ্ছা ,   কো ন্   স ম য় টা য়   ভি ড়   স ব চে য় ে   ক ম   থা কে",21,7
একটি তথ্যচিত্রের শুটিং করার জন্য আমার বন্ধুদের এবং আমার কুতুব মিনার যাওয়াটা দরকার,এ ক টি   ত থ্য চি ত্রে র   শু টিং   ক রা র   জ ন্য   আ মা র   ব ন্ধু দে র   এ বং   আ মা র   কু তু ব   মি না র   যা ও য় া টা   দ র কা র,42,13
"তাই, আমাদের পক্ষে ভিড়টা এড়াতে পারলে সবচেয়ে ভালো হয়","তা ই ,   আ মা দে র   প ক্ষে   ভি ড় টা   এ ড় া তে   পা র লে   স ব চে য় ে   ভা লো   হ য়",28,9
মিনারে বেশীরভাগ সময়ই ভিড় তবে বিশেষ করে নভেম্বর থেকে মার্চের মধ্যে বেশী কারণ এটা দেখার এটাই সবচেয়ে ভালো সময়,মি না রে   বে শী র ভা গ   স ম য় ই   ভি ড়   ত বে   বি শে ষ   ক রে   ন ভে ম্ব র   থে কে   মা র্চে র   ম ধ্যে   বে শী   কা র ণ   এ টা   দে খা র   এ টা ই   স ব চে য় ে   ভা লো   স ম য়,55,19
"ভিড়টা সামান্য কমেছে কোভিডের জন্য, তাই আপনি যদি ভোরবেলা আসতে পারেন, শান্তিতে শুট করতে পারবেন","ভি ড় টা   সা মা ন্য   ক মে ছে   কো ভি ডে র   জ ন্য ,   তা ই   আ প নি   য দি   ভো র বে লা   আ স তে   পা রে ন ,   শা ন্তি তে   শু ট   ক র তে   পা র বে ন",46,15
"আচ্ছা, ভোরবেলা তো, ঠিক আছে আমি মাথায় রাখবো এটা","আ চ্ছা ,   ভো র বে লা   তো ,   ঠি ক   আ ছে   আ মি   মা থা য়   রা খ বো   এ টা",23,9
আমরা কি মিনারের চূড়া পর্যন্ত যেতে পারব,আ ম রা   কি   মি না রে র   চূ ড় া   প র্য ন্ত   যে তে   পা র ব,19,7
দারুণ হতো যদি আমরা আমাদের তথ্যচিত্রে মিনারের ছাত থেকে যে দৃশ্য দেখা যায় সেটা ঢোকাতে পারতাম,দা রু ণ   হ তো   য দি   আ ম রা   আ মা দে র   ত থ্য চি ত্রে   মি না রে র   ছা ত   থে কে   যে   দৃ শ্য   দে খা   যা য়   সে টা   ঢো কা তে   পা র তা ম,42,16
"এটা আগে হলে সম্ভব হতো, কিন্তু এখন এটা নিষিদ্ধ কারণ কিছু সময় আগে একটা দুর্ঘটনা ঘটেছিল","এ টা   আ গে   হ লে   স ম্ভ ব   হ তো ,   কি ন্তু   এ খ ন   এ টা   নি ষি দ্ধ   কা র ণ   কি ছু   স ম য়   আ গে   এ ক টা   দু র্ঘ ট না   ঘ টে ছি ল",43,16
আমি নিশ্চিত আপনি বাইরে থেকেই স্মৃতিস্তম্ভের অনেক সুন্দর সুন্দর দৃশ্য নিতে পারবেন,আ মি   নি শ্চি ত   আ প নি   বা ই রে   থে কে ই   স্মৃ তি স্ত ম্ভে র   অ নে ক   সু ন্দ র   সু ন্দ র   দৃ শ্য   নি তে   পা র বে ন,36,12
"ওহ, এটা হতাশাজনক","ও হ ,   এ টা   হ তা শা জ ন ক",11,3
তবে আমার মনে হয় যা পাবো তাই দিয়েই আমরা করে নেব,ত বে   আ মা র   ম নে   হ য়   যা   পা বো   তা ই   দি য় ে ই   আ ম রা   ক রে   নে ব,25,11
"ওখানে ক্যামেরা ব্যবহার করা যাবে, তাই তো","ও খা নে   ক্যা মে রা   ব্য ব হা র   ক রা   যা বে ,   তা ই   তো",18,7
"হ্যাঁ, অবশ্যই, ক্যামেরার অনুমতি আছে","হ্যাঁ ,   অ ব শ্য ই ,   ক্যা মে রা র   অ নু ম তি   আ ছে",17,5
"সুপ্রভাত, তোমার মহারাষ্ট্র ভ্রমণ কেমন ছিল","সু প্র ভা ত ,   তো মা র   ম হা রা ষ্ট্র   ভ্র ম ণ   কে ম ন   ছি ল",20,6
"হ্যালো, অসাধারণ ছিল","হ্যা লো ,   অ সা ধা র ণ   ছি ল",10,3
আমি অনেক জায়গা ঘুরলাম আর স্থানীয় খাবার খাওয়া থেকে শুরু করে কিছু সুপরিচিত জায়গা ঘুরে দেখলাম,আ মি   অ নে ক   জা য ় গা   ঘু র লা ম   আ র   স্থা নী য ়   খা বা র   খা ও য় া   থে কে   শু রু   ক রে   কি ছু   সু প রি চি ত   জা য ় গা   ঘু রে   দে খ লা ম,49,16
"আমাকে তোমায় সবকিছু বলতে হবে, কারণ তুমি আমাকে এখানে রেখে এক সপ্তাহের জন্য একা ঘুরতে চলে গেলে","আ মা কে   তো মা য়   স ব কি ছু   ব ল তে   হ বে ,   কা র ণ   তু মি   আ মা কে   এ খা নে   রে খে   এ ক   স প্তা হে র   জ ন্য   এ কা   ঘু র তে   চ লে   গে লে",46,17
তোমারও একবার মহারাষ্ট্র অবশ্যই ঘুরতে যাওয়া উচিত,তো মা র ও   এ ক বা র   ম হা রা ষ্ট্র   অ ব শ্য ই   ঘু র তে   যা ও য় া   উ চি ত,26,7
এমন অনেক জায়গা আছে যেখানে তুমি যেতে পার আর বিশেষ করে যখন তোমার ঐতিহাসিক স্থান নিয়ে আগ্রহ আছে,এ ম ন   অ নে ক   জা য় গা   আ ছে   যে খা নে   তু মি   যে তে   পা র   আ র   বি শে ষ   ক রে   য খ ন   তো মা র   ঐ তি হা সি ক   স্থা ন   নি য় ে   আ গ্র হ   আ ছে,48,18
"হ্যাঁ, আমি মহারাষ্ট্রের ঐতিহাসিক ঐতিহ্যের কথা অনেক শুনেছি","হ্যাঁ ,   আ মি   ম হা রা ষ্ট্রে র   ঐ তি হা সি ক   ঐ তি হ্যে র   ক থা   অ নে ক   শু নে ছি",26,8
তুমি কি ঔরঙ্গাবাদ গিয়েছিলে,তু মি   কি   ঔ র ঙ্গা বা দ   গি য় ে ছি লে,13,4
"অবশ্যই, আমি এইবার ওটা মিস করার সুযোগ নিইনি","অ ব শ্য ই ,   আ মি   এ ই বা র   ও টা   মি স   ক রা র   সু যো গ   নি ই নি",24,8
আমি ইতিমধ্যেই এই জায়গাগুলো সম্পর্কে অনেক পড়েছি আর আগেরবার আমার ঔরঙ্গাবাদে যাওয়ার সময় ছিল না,আ মি   ই তি ম ধ্যে ই   এ ই   জা য ় গা গু লো   স ম্প র্কে   অ নে ক   প ড ় ে ছি   আ র   আ গে র বা র   আ মা র   ঔ র ঙ্গা বা দে   যা ও য ় া র   স ম য ়   ছি ল   না,54,15
তুমি ওখানে কতদিন ছিলে,তু মি   ও খা নে   ক ত দি ন   ছি লে,11,4
আর ওখানে তুমি কী কী দেখলে,আ র   ও খা নে   তু মি   কী   কী   দে খ লে,12,6
এইবারে আমি ওখানে দশ দিন ছিলাম তাই আমার হাতে অনেক সময় ছিল,এ ই বা রে   আ মি   ও খা নে   দ শ   দি ন   ছি লা ম   তা ই   আ মা র   হা তে   অ নে ক   স ম য়   ছি ল,31,12
আমি বিখ্যাত অজন্তা আর ইলোরা গুহায় গেছিলাম,আ মি   বি খ্যা ত   অ জ ন্তা   আ র   ই লো রা   গু হা য়   গে ছি লা ম,20,7
অজন্তা গুহাগুলো ঔরঙ্গাবাদের প্রাচীন ঐতিহাসিক স্থানগুলির মধ্যে অন্যতম এবং তাদের গুহাচিত্র আর বৌদ্ধ ভাস্কর্যের জন্য জনপ্রিয়,অ জ ন্তা   গু হা গু লো   ঔ র ঙ্গা বা দে র   প্রা চী ন   ঐ তি হা সি ক   স্থা ন গু লি র   ম ধ্যে   অ ন্য ত ম   এ বং   তা দে র   গু হা চি ত্র   আ র   বৌ দ্ধ   ভা স্ক র্যে র   জ ন্য   জ ন প্রি য ়,56,16
চারপাশে ঘন মনোরম পাহাড় দিয়ে ঘেরা এই গুহাগুলো দুর্দান্ত ভারতীয় স্থাপত্যের প্রদর্শন করে,চা র পা শে   ঘ ন   ম নো র ম   পা হা ড ়   দি য় ে   ঘে রা   এ ই   গু হা গু লো   দু র্দা ন্ত   ভা র তী য ়   স্থা প ত্যে র   প্র দ র্শ ন   ক রে,43,13
ইলোরা গুহাগুলোকে পৃথিবীর বৃহত্তম পাথরে-খোদাই গুহার মধ্যে একটি হিসেবে ধরা হয়,ই লো রা   গু হা গু লো কে   পৃ থি বী র   বৃ হ ত্ত ম   পা থ রে - খো দা ই   গু হা র   ম ধ্যে   এ ক টি   হি সে বে   ধ রা   হ য়,38,11
এগুলো ৬০০ থেকে ১০০০ খ্রিস্টাব্দের মধ্যে তৈরি হয়েছিল,এ গু লো   ৬ ০ ০   থে কে   ১ ০ ০ ০   খ্রি স্টা ব্দে র   ম ধ্যে   তৈ রি   হ য় ে ছি ল,25,8
"ইলোরা গুহা ১০০টি হিন্দু, জৈন আর বৌদ্ধ গুহা নিয়ে গঠিত, যার মধ্যে ৩৪টি দর্শনার্থীদের জন্য খোলা","ই লো রা   গু হা   ১ ০ ০ টি   হি ন্দু ,   জৈ ন   আ র   বৌ দ্ধ   গু হা   নি য ় ে   গ ঠি ত ,   যা র   ম ধ্যে   ৩ ৪ টি   দ র্শ না র্থী দে র   জ ন্য   খো লা",45,16
তুমি কৈলাসনাথ মন্দির দেখতে গেছিলে,তু মি   কৈ লা স না থ   ম ন্দি র   দে খ তে   গে ছি লে,16,5
আমি শুনেছি এটা সবচেয়ে বড় একটিমাত্র পাথরে-খোদাই মন্দির,আ মি   শু নে ছি   এ টা   স ব চে য ় ে   ব ড ়   এ ক টি মা ত্র   পা থ রে - খো দা ই   ম ন্দি র,31,8
"কৈলাসনাথ একটা অত্যাশ্চর্য গুহা মন্দির, যা ইলোরার ৩৪টি প্রাচীন গুহার মধ্যে একটা","কৈ লা স না থ   এ ক টা   অ ত্যা শ্চ র্য   গু হা   ম ন্দি র ,   যা   ই লো রা র   ৩ ৪ টি   প্রা চী ন   গু হা র   ম ধ্যে   এ ক টা",37,12
ইলোরা গুহাগুলোর ১৬তম গুহাটি হচ্ছে কৈলাসনাথ যা রাষ্ট্রকূট রাজবংশের সময় তৈরি হয় আর ভগবান শিবকে উৎসর্গ করা এটা একটা একশিলার কাঠামো,ই লো রা   গু হা গু লো র   ১ ৬ ত ম   গু হা টি   হ চ্ছে   কৈ লা স না থ   যা   রা ষ্ট্র কূ ট   রা জ বং শে র   স ম য ়   তৈ রি   হ য়   আ র   ভ গ বা ন   শি ব কে   উ ৎ স র্গ   ক রা   এ টা   এ ক টা   এ ক শি লা র   কা ঠা মো,68,21
তুমি বলতে চাও এটা দ্রাবিড় স্থাপত্য,তু মি   ব ল তে   চা ও   এ টা   দ্রা বি ড ়   স্থা প ত্য,16,6
এটা সম্পূর্ণরূপে দ্রাবিড় স্থাপত্যের সময়কালে তৈরি,এ টা   স ম্পূ র্ণ রূ পে   দ্রা বি ড ়   স্থা প ত্যে র   স ম য় কা লে   তৈ রি,22,6
বিখ্যাত অজন্তা গুহাগুলোর অংশ হিসেবে মোট ২৯টা পাথর-কাটা বৌদ্ধ গুহা রয়েছে যা প্রশান্তি আর নির্মলতার সৃষ্টি করে,বি খ্যা ত   অ জ ন্তা   গু হা গু লো র   অ ং শ   হি সে বে   মো ট   ২ ৯ টা   পা থ র - কা টা   বৌ দ্ধ   গু হা   র য ় ে ছে   যা   প্র শা ন্তি   আ র   নি র্ম ল তা র   সৃ ষ্টি   ক রে,52,17
এগুলি খ্রিস্টপূর্ব ২য় শতাব্দীতে তৈরি আর এতে মঠ ও চৈত্য গৃহ রয়েছে,এ গু লি   খ্রি স্ট পূ র্ব   ২ য ়   শ তা ব্দী তে   তৈ রি   আ র   এ তে   ম ঠ   ও   চৈ ত্য   গৃ হ   র য ় ে ছে,32,12
গুহাগুলোর দেয়াল সুন্দর ছবি আর মনকাড়া ভাস্কর্য দিয়ে সাজানো যা গৌতম বুদ্ধের জীবন সম্পর্কে বলে,গু হা গু লো র   দে য ় া ল   সু ন্দ র   ছ বি   আ র   ম ন কা ড় া   ভা স্ক র্য   দি য় ে   সা জা নো   যা   গৌ ত ম   বু দ্ধে র   জী ব ন   স ম্প র্কে   ব লে,46,15
"সত্যি, বৌদ্ধ স্থাপত্য উপমহাদেশের সবচেয়ে প্রাচীন কৃতিত্বের মধ্যে একটি","স ত্যি ,   বৌ দ্ধ   স্থা প ত্য   উ প ম হা দে শে র   স ব চে য ় ে   প্রা চী ন   কৃ তি ত্বে র   ম ধ্যে   এ ক টি",33,9
ওখানকার ইসলামী স্থাপত্য কেমন,ও খা ন কা র   ই স লা মী   স্থা প ত্য   কে ম ন,15,4
"তোমার অবশ্যই জামা মসজিদ দেখা উচিত, যেটা আধ্যাত্মিকভাবে গুরুত্বপূর্ণ ঔরঙ্গাবাদের স্মৃতিস্তম্ভগুলির মধ্যে একটা এবং এটি অসাধারণ স্থাপত্যকীর্তির জন্য জনপ্রিয়","তো মা র   অ ব শ্য ই   জা মা   ম স জি দ   দে খা   উ চি ত ,   যে টা   আ ধ্যা ত্মি ক ভা বে   গু রু ত্ব পূ র্ণ   ঔ র ঙ্গা বা দে র   স্মৃ তি স্ত ম্ভ গু লি র   ম ধ্যে   এ ক টা   এ বং   এ টি   অ সা ধা র ণ   স্থা প ত্য কী র্তি র   জ ন্য   জ ন প্রি য ়",72,19
"এই ইসলামী মাজারে মোট ৫০টি বহুভুজ স্তম্ভ, উঁচু মিনার এবং বিস্ময়কর খিলান আছে","এ ই   ই স লা মী   মা জা রে   মো ট   ৫ ০ টি   ব হু ভু জ   স্ত ম্ভ ,   উ ঁ চু   মি না র   এ বং   বি স্ম য ় ক র   খি লা ন   আ ছে",40,13
"তুমি কি ঔরঙ্গাবাদের গুহাগুলিও দেখেছ, যেগুলো অজন্তা আর ইলোরার থেকে কিছুটা আলাদা","তু মি   কি   ঔ র ঙ্গা বা দে র   গু হা গু লি ও   দে খে ছ ,   যে গু লো   অ জ ন্তা   আ র   ই লো রা র   থে কে   কি ছু টা   আ লা দা",38,12
"হ্যাঁ, ৯ম শতাব্দীতে খনন করা জনপ্রিয় ইলোরা গুহাগুলোতে পাঁচটা প্রাচীন জৈন গুহার একটা সমষ্টি রয়েছে আর এটা ঔরঙ্গাবাদের অন্যতম আকর্ষণীয় স্মৃতিস্তম্ভ৷","হ্যাঁ ,   ৯ ম   শ তা ব্দী তে   খ ন ন   ক রা   জ ন প্রি য ়   ই লো রা   গু হা গু লো তে   পাঁ চ টা   প্রা চী ন   জৈ ন   গু হা র   এ ক টা   স ম ষ্টি   র য ় ে ছে   আ র   এ টা   ঔ র ঙ্গা বা দে র   অ ন্য ত ম   আ ক র্ষ ণী য ়   স্মৃ তি স্ত ম্ভ ৷",73,21
মনকাড়া খোদাই আর ছবির মাধ্যমে এই গুহাগুলো জৈন ধর্মের বিশ্বাস এবং প্রচার উদযাপন করে,ম ন কা ড় া   খো দা ই   আ র   ছ বি র   মা ধ্য মে   এ ই   গু হা গু লো   জৈ ন   ধ র্মে র   বি শ্বা স   এ বং   প্র চা র   উ দ যা প ন   ক রে,42,14
আমার মনে হয় তুমি বিবি কা মকবরা মিস করোনি যা দেখতে ঠিক তাজমহলের মতো,আ মা র   ম নে   হ য়   তু মি   বি বি   কা   ম ক ব রা   মি স   ক রো নি   যা   দে খ তে   ঠি ক   তা জ ম হ লে র   ম তো,35,14
আমি সারা পৃথিবীকে একদিকে রেখেও এটা কিছুতেই মিস করতে পারি না,আ মি   সা রা   পৃ থি বী কে   এ ক দি কে   রে খে ও   এ টা   কি ছু তে ই   মি স   ক র তে   পা রি   না,29,11
বিবি-কা-মকবরা শেষ মুঘল শাসক ঔরঙ্গজেব তাঁর প্রিয় স্ত্রী দিলরাস বানু বেগমের ভালবাসার স্মৃতিতে তৈরি করেছিলেন,বি বি - কা - ম ক ব রা   শে ষ   মু ঘ ল   শা স ক   ঔ র ঙ্গ জে ব   তাঁ র   প্রি য ়   স্ত্রী   দি ল রা স   বা নু   বে গ মে র   ভা ল বা সা র   স্মৃ তি তে   তৈ রি   ক রে ছি লে ন,53,15
এটাকে ভালবাসার প্রতীক আর ঔরঙ্গাবাদের অন্যতম একটা প্রধান ঐতিহাসিক স্থান হিসাবে ধরা হয়,এ টা কে   ভা ল বা সা র   প্র তী ক   আ র   ঔ র ঙ্গা বা দে র   অ ন্য ত ম   এ ক টা   প্র ধা ন   ঐ তি হা সি ক   স্থা ন   হি সা বে   ধ রা   হ য ়,44,13
খাঁটি সাদা মার্বেল দিয়ে তৈরি এবং জটিল খোদাই দিয়ে সাজানো এই স্থাপনাটি ঔরঙ্গাবাদের বৃহত্তম স্মৃতিস্তম্ভগুলির মধ্যেও একটা,খাঁ টি   সা দা   মা র্বে ল   দি য ় ে   তৈ রি   এ বং   জ টি ল   খো দা ই   দি য ় ে   সা জা নো   এ ই   স্থা প না টি   ঔ র ঙ্গা বা দে র   বৃ হ ত্ত ম   স্মৃ তি স্ত ম্ভ গু লি র   ম ধ্যে ও   এ ক টা,57,17
দারুণ,দা রু ণ,3,1
তুমি আমাকে হিংসুটে করে তুললে,তু মি   আ মা কে   হিং সু টে   ক রে   তু ল লে,13,5
পরের বার যা-ই হয়ে যাক না কেন আমি তোমার সঙ্গে যোগ দেব,প রে র   বা র   যা - ই   হ য় ে   যা ক   না   কে ন   আ মি   তো মা র   স ঙ্গে   যো গ   দে ব,27,12
এই সুফি,এ ই   সু ফি,4,2
এখন কি ব্যস্ত,এ খ ন   কি   ব্য স্ত,6,3
আরে কিরাত,আ রে   কি রা ত,5,2
তেমন একটা না,তে ম ন   এ ক টা   না,7,3
বলো না,ব লো   না,3,2
আমার দাদুকে কিছু কাগজপত্রের ব্যাপারে সাহায্য করছিলাম,আ মা র   দা দু কে   কি ছু   কা গ জ প ত্রে র   ব্যা পা রে   সা হা য্য   ক র ছি লা ম,25,7
"আর ওঁর বিনিয়োগ করা একটা স্কিম পেলাম, যেটার খুঁটিনাটি দাদুর মনে নেই","আ র   ও ঁ র   বি নি য় ো গ   ক রা   এ ক টা   স্কি ম   পে লা ম ,   যে টা র   খুঁ টি না টি   দা দু র   ম নে   নে ই",35,12
সে ব্যাপারে কিছু সাহায্য করতে পারো,সে   ব্যা পা রে   কি ছু   সা হা য্য   ক র তে   পা রো,14,6
এসব ব্যাপারে বয়স্কদের সাহায্য করে এমন একটা এনজিও-র সঙ্গে তো যুক্ত ছিলে তুমি,এ স ব   ব্যা পা রে   ব য় স্ক দে র   সা হা য্য   ক রে   এ ম ন   এ ক টা   এ ন জি ও - র   স ঙ্গে   তো   যু ক্ত   ছি লে   তু মি,37,13
"হ্যাঁ, হ্যাঁ","হ্যাঁ ,   হ্যাঁ",3,2
কি দেখছো বলো আমায়,কি   দে খ ছো   ব লো   আ মা য়,9,4
তো এই কাগজটাতে লেখা যে: পিএম ব্যায় বন্দনা যোজনা,তো   এ ই   কা গ জ টা তে   লে খা   যে :   পি এ ম   ব্যা য়   ব ন্দ না   যো জ না,23,9
এটা কীসের,এ টা   কী সে র,5,2
সুবিধাগুলো কী কী,সু বি ধা গু লো   কী   কী,7,3
এটা কীভাবে কাজ করে,এ টা   কী ভা বে   কা জ   ক রে,9,4
"ওহ, এটায় বিনিয়োগ করেছেন উনি","ও হ ,   এ টা য়   বি নি য় ো গ   ক রে ছে ন   উ নি",17,5
এটা সরকারের একটা ভালো বিনিয়োগ পরিকল্পনা,এ টা   স র কা রে র   এ ক টা   ভা লো   বি নি য় ো গ   প রি ক ল্প না,22,6
এই স্কীমটা অর্থ মন্ত্রকের অন্তর্গত,এ ই   স্কী ম টা   অ র্থ   ম ন্ত্র কে র   অ ন্ত র্গ ত,15,5
সিনিয়র সিটিজেনদের বাজারের আর্থিক প্রভাব থেকে সুরক্ষা দেয় এটা,সি নি য় র   সি টি জে ন দে র   বা জা রে র   আ র্থি ক   প্র ভা ব   থে কে   সু র ক্ষা   দে য়   এ টা,29,9
ঠিক বুঝলাম না,ঠি ক   বু ঝ লা ম   না,7,3
পাল্টাতে থাকে বাজারগত বিনিয়োগের থেকে এটা তাঁদের সুরক্ষা দেবে কীভাবে,পা ল্টা তে   থা কে   বা জা র গ ত   বি নি য় ো গে র   থে কে   এ টা   তাঁ দে র   সু র ক্ষা   দে বে   কী ভা বে,31,10
বুঝিয়ে বলছি,বু ঝি য় ে   ব ল ছি,7,2
"তো, ভবিষ্যতে বিনিয়োগ থেকে সুদের উপার্জন কমে গেলে, এই স্কীমটা সেই ধরনের অনিশ্চিত বিনিয়োগের একটা বিকল্প প্রদান করে","তো ,   ভ বি ষ্য তে   বি নি য় ো গ   থে কে   সু দে র   উ পা র্জ ন   ক মে   গে লে ,   এ ই   স্কী ম টা   সে ই   ধ র নে র   অ নি শ্চি ত   বি নি য় ো গে র   এ ক টা   বি ক ল্প   প্র দা ন   ক রে",57,18
"এই স্কীমে, সিনিয়র সিটিজেনরা তাঁদের বিনিয়োগের ওপর ৮ শতাংশ সুনিশ্চিত ফেরত পাবেন","এ ই   স্কী মে ,   সি নি য় র   সি টি জে ন রা   তাঁ দে র   বি নি য় ো গে র   ও প র   ৮   শ তাং শ   সু নি শ্চি ত   ফে র ত   পা বে ন",40,12
আর ডিফারেনশিয়াল রিটার্ন থাকলে সেটা সরকার পূরণ করে দেবে,আ র   ডি ফা রে ন শি য ় া ল   রি টা র্ন   থা ক লে   সে টা   স র কা র   পূ র ণ   ক রে   দে বে,30,9
ডিফারেনশিয়াল রিটার্ন কি,ডি ফা রে ন শি য ় া ল   রি টা র্ন   কি,13,3
এই স্কীমটা এলআইসি'র সঙ্গে সহযোগিতায় করা হয়েছে,এ ই   স্কী ম টা   এ ল আ ই সি ' র   স ঙ্গে   স হ যো গি তা য়   ক রা   হ য় ে ছে,26,7
"তাই, তোমার বিনিয়োগের ওপর সুনিশ্চিত ৮ শতাংশ এলআইসি দেবে","তা ই ,   তো মা র   বি নি য় ো গে র   ও প র   সু নি শ্চি ত   ৮   শ তাং শ   এ ল আ ই সি   দে বে",30,9
"সেক্ষেত্রে যদি কোনওরকম কমবেশি হয়, মানে যদি কোনও লোকসান হয়, তাহলে সেটা সরকার বহন করবে","সে ক্ষে ত্রে   য দি   কো ন ও র ক ম   ক ম বে শি   হ য় ,   মা নে   য দি   কো ন ও   লো ক সা ন   হ য় ,   তা হ লে   সে টা   স র কা র   ব হ ন   ক র বে",47,15
তখনও তোমার বিনিয়োগ ৮ শতাংশই থাকবে,ত খ ন ও   তো মা র   বি নি য় ো গ   ৮   শ তাং শ ই   থা ক বে,20,6
"ও, আচ্ছা","ও ,   আ চ্ছা",4,2
এবার বুঝেছি,এ বা র   বু ঝে ছি,6,2
আর সুদ পাওয়ার কী হবে,আ র   সু দ   পা ও য় া র   কী   হ বে,12,5
১০ বছরের জন্য প্রতি মাসে পরিশোধ পাবে,১ ০   ব ছ রে র   জ ন্য   প্র তি   মা সে   প রি শো ধ   পা বে,18,7
কত বিনিয়োগ করেছেন দাদু,ক ত   বি নি য় ো গ   ক রে ছে ন   দা দু,13,4
প্রথমে ৭,প্র থ মে   ৭,4,2
৫ লাখ আর পরে ১৫ দেখাচ্ছে,৫   লা খ   আ র   প রে   ১ ৫   দে খা চ্ছে,12,6
"হ্যাঁ, তাহলে এটায় শুধু এক বছরের জন্য টাকা জমা দিতে হয়েছে আর পরে পরিবারপিছু বিনিয়োগের সীমা বাড়ানো হয়েছিল","হ্যাঁ ,   তা হ লে   এ টা য়   শু ধু   এ ক   ব ছ রে র   জ ন্য   টা কা   জ মা   দি তে   হ য় ে ছে   আ র   প রে   প রি বা র পি ছু   বি নি য় ো গে র   সী মা   বা ড় া নো   হ য় ে ছি ল",55,18
সত্যি অনেক উপকার হলো,স ত্যি   অ নে ক   উ প কা র   হ লো,11,4
এটার কথা ওঁর মনেই নেই,এ টা র   ক থা   ও ঁ র   ম নে ই   নে ই,13,5
আরও তথ্য ওদের অফিসে গিয়ে জেনে আসবো,আ র ও   ত থ্য   ও দে র   অ ফি সে   গি য় ে   জে নে   আ স বো,19,7
কোনও ব্যাপার নয় ভাই,কো ন ও   ব্যা পা র   ন য়   ভা ই,10,4
আরও কোনও তথ্য দরকার হলে বোলো,আ র ও   কো ন ও   ত থ্য   দ র কা র   হ লে   বো লো,16,6
ভালো থেকো,ভা লো   থে কো,4,2
"সুপ্রভাত, ক্লাস","সু প্র ভা ত ,   ক্লা স",7,2
যে যার জায়গায় বসে পড়ো সবাই,যে   যা র   জা য় গা য়   ব সে   প ড় ো   স বা ই,15,6
আজ আমরা ভোটারদের সম্পর্কে কথা বলবো,আ জ   আ ম রা   ভো টা র দে র   স ম্প র্কে   ক থা   ব ল বো,18,6
"আমরা সবাই জানি যে, কোনও নির্বাচনে ভোটদানকারী ব্যক্তিকে ভোটার বলা হয়","আ ম রা   স বা ই   জা নি   যে ,   কো ন ও   নি র্বা চ নে   ভো ট দা ন কা রী   ব্য ক্তি কে   ভো টা র   ব লা   হ য়",33,11
"এবার, কেউ কি বলতে পারবে যে ভোট দেওয়ার জন্য কোনও ভোটারের কী কী যোগ্যতা থাকতে হয়","এ বা র ,   কে উ   কি   ব ল তে   পা র বে   যে   ভো ট   দে ও য় া র   জ ন্য   কো ন ও   ভো টা রে র   কী   কী   যো গ্য তা   থা ক তে   হ য়",40,16
সেই ব্যক্তির বয়স ১৮ বছর বা তার বেশি হতে হবে,সে ই   ব্য ক্তি র   ব য় স   ১ ৮   ব ছ র   বা   তা র   বে শি   হ তে   হ বে,22,10
একদম ঠিক,এ ক দ ম   ঠি ক,6,2
"নাগরিকত্ব আইন জাতি, ধর্ম, লিঙ্গ ইত্যাদির বৈষম্য নির্বিশেষে সব নাগরিককেই ভোটাধিকার প্রদান করে","না গ রি ক ত্ব   আ ই ন   জা তি ,   ধ র্ম ,   লি ঙ্গ   ই ত্যা দি র   বৈ ষ ম্য   নি র্বি শে ষে   স ব   না গ রি ক কে ই   ভো টা ধি কা র   প্র দা ন   ক রে",45,13
কিন্তু তাদের বয়স হতে হবে ১৮ বছর বা তার বেশি,কি ন্তু   তা দে র   ব য় স   হ তে   হ বে   ১ ৮   ব ছ র   বা   তা র   বে শি,22,10
"তা ছাড়া, শুধুমাত্র ভারতের নাগরিক হলেই ভোটদানের যোগ্যতা থাকবে","তা   ছা ড় া ,   শু ধু মা ত্র   ভা র তে র   না গ রি ক   হ লে ই   ভো ট দা নে র   যো গ্য তা   থা ক বে",31,9
ভারতের কোনও নির্বাচনে ভোট দিতে হলে তাকে ভারতীয় নাগরিক হতে হবে,ভা র তে র   কো ন ও   নি র্বা চ নে   ভো ট   দি তে   হ লে   তা কে   ভা র তী য়   না গ রি ক   হ তে   হ বে,31,11
যোগ্যতার আর কোনও মাপকাঠি সম্পর্কে জানো,যো গ্য তা র   আ র   কো ন ও   মা প কা ঠি   স ম্প র্কে   জা নো,18,6
তাদের নাম ভোটার তালিকায় থাকতে হবে,তা দে র   না ম   ভো টা র   তা লি কা য়   থা ক তে   হ বে,17,6
ঠিক,ঠি ক,2,1
ভোটার তালিকায় ভোট দেওয়ার যোগ্য সবার নামই থাকবে,ভো টা র   তা লি কা য়   ভো ট   দে ও য় া র   যো গ্য   স বা র   না ম ই   থা ক বে,25,8
ভোট দেওয়ার যোগ্য হতে হলে তোমাকে ভোটার তালিকায় নাম নথিভুক্ত করতে হবে,ভো ট   দে ও য় া র   যো গ্য   হ তে   হ লে   তো মা কে   ভো টা র   তা লি কা য়   না ম   ন থি ভু ক্ত   ক র তে   হ বে,34,12
যেখানে নাম নথিভুক্ত করতে চাও সেই নির্বাচন কেন্দ্রের অংশ/ভোটার এলাকার সাধারণ বাসিন্দা হতে হবে,যে খা নে   না ম   ন থি ভু ক্ত   ক র তে   চা ও   সে ই   নি র্বা চ ন   কে ন্দ্রে র   অ ং শ / ভো টা র   এ লা কা র   সা ধা র ণ   বা সি ন্দা   হ তে   হ বে,45,14
"ম্যাম, শুনেছি যে নির্দিষ্ট কোনও জায়গায় নাম নথিভুক্ত করলে শুধুমাত্র সেখানেই ভোট দেওয়া যায়","ম্যা ম ,   শু নে ছি   যে   নি র্দি ষ্ট   কো ন ও   জা য় গা য়   না ম   ন থি ভু ক্ত   ক র লে   শু ধু মা ত্র   সে খা নে ই   ভো ট   দে ও য় া   যা য়",42,14
"হ্যাঁ, একটা মাত্র জায়গাতেই নাম নথিভুক্ত করা য়ায়","হ্যাঁ ,   এ ক টা   মা ত্র   জা য় গা তে ই   না ম   ন থি ভু ক্ত   ক রা   য় া য়",23,8
"তাই, তোমার নির্বাচন কেন্দ্রে নাম নথিভুক্ত করলে, যেখানেই থাকো না কেন, ভোট দিতে হলে তোমার নির্বাচন কেন্দ্রেই আসতে হবে","তা ই ,   তো মা র   নি র্বা চ ন   কে ন্দ্রে   না ম   ন থি ভু ক্ত   ক র লে ,   যে খা নে ই   থা কো   না   কে ন ,   ভো ট   দি তে   হ লে   তো মা র   নি র্বা চ ন   কে ন্দ্রে ই   আ স তে   হ বে",53,19
অন্য কোনও বুথেই তুমি ভোটারের যোগ্যতা পাবে না,অ ন্য   কো ন ও   বু থে ই   তু মি   ভো টা রে র   যো গ্য তা   পা বে   না,20,8
বিশেষভাবে সক্ষমদের ভোট দেওয়ার জন্য বিশেষ সুবিধা আছে কি,বি শে ষ ভা বে   স ক্ষ ম দে র   ভো ট   দে ও য় া র   জ ন্য   বি শে ষ   সু বি ধা   আ ছে   কি,28,9
তাদের নাম বিশেষভাবে সক্ষম ভোটদাতা হিসাবে নথিভুক্ত হয়,তা দে র   না ম   বি শে ষ ভা বে   স ক্ষ ম   ভো ট দা তা   হি সা বে   ন থি ভু ক্ত   হ য়,26,8
সুবিধা বলতে তাদের নির্বাচনী বুথের লাইনে দাঁড়াতে হয় না,সু বি ধা   ব ল তে   তা দে র   নি র্বা চ নী   বু থে র   লা ই নে   দাঁ ড় া তে   হ য়   না,26,9
"কিন্তু, বিকৃত মস্তিষ্কের কাউকে ভোট দেওয়া থেকে অব্যাহতি দেওয়া হয়","কি ন্তু ,   বি কৃ ত   ম স্তি ষ্কে র   কা উ কে   ভো ট   দে ও য় া   থে কে   অ ব্যা হ তি   দে ও য় া   হ য়",31,10
"ওহ্, অন্য কেউ কি ভোটদানে অযোগ্য হতে পারে","ও হ্ ,   অ ন্য   কে উ   কি   ভো ট দা নে   অ যো গ্য   হ তে   পা রে",19,8
হ্যাঁ,হ্যাঁ,1,1
"ভারতীয় সংবিধানের জন প্রতিনিধিত্ব আইন, ১৯৫১ অনুযায়ী, দোষী সাব্যস্ত হওয়া সব বন্দিরা ভোট দেওয়ার অযোগ্য","ভা র তী য়   সং বি ধা নে র   জ ন   প্র তি নি ধি ত্ব   আ ই ন ,   ১ ৯ ৫ ১   অ নু যা য় ী ,   দো ষী   সা ব্য স্ত   হ ও য় া   স ব   ব ন্দি রা   ভো ট   দে ও য় া র   অ যো গ্য",54,15
প্যারোলে থাকা বন্দি আর আটক বন্দিরাও তার মধ্যে পড়ে,প্যা রো লে   থা কা   ব ন্দি   আ র   আ ট ক   ব ন্দি রা ও   তা র   ম ধ্যে   প ড় ে,23,9
অন্য দেশের নাগরিকত্ব থাকা কারুর ক্ষেত্রেও একই কথা খাটে,অ ন্য   দে শে র   না গ রি ক ত্ব   থা কা   কা রু র   ক্ষে ত্রে ও   এ ক ই   ক থা   খা টে,25,9
একাধিক নাগরিকত্বের স্বীকৃতি ভারতবর্ষ দেয় না,এ কা ধি ক   না গ রি ক ত্বে র   স্বী কৃ তি   ভা র ত ব র্ষ   দে য়   না,21,6
"অতএব, অন্য দেশের নাগরিকত্ব থাকলে ভারতীয় নাগরিকত্ব ও ভোটাধিকার হারাতে হবে","অ ত এ ব ,   অ ন্য   দে শে র   না গ রি ক ত্ব   থা ক লে   ভা র তী য়   না গ রি ক ত্ব   ও   ভো টা ধি কা র   হা রা তে   হ বে",38,11
"এটা আমরা জানতাম না, ম্যাম","এ টা   আ ম রা   জা ন তা ম   না ,   ম্যা ম",13,5
"বৈধ ভোটার পরিচয়পত্রও থাকতে হবে, তাই না ম্যাম","বৈ ধ   ভো টা র   প রি চ য় প ত্র ও   থা ক তে   হ বে ,   তা ই   না   ম্যা ম",23,8
"হ্যাঁ, হ্যাঁ","হ্যাঁ ,   হ্যাঁ",3,2
বৈধ ভোটার পরিচয়পত্রও থাকতে হবে,বৈ ধ   ভো টা র   প রি চ য় প ত্র ও   থা ক তে   হ বে,17,5
একমাত্র তাহলেই ভোটার তালিকায় নাম নথিভুক্ত হবে,এ ক মা ত্র   তা হ লে ই   ভো টা র   তা লি কা য়   না ম   ন থি ভু ক্ত   হ বে,23,7
অনলাইনে রেজিস্টার করে বা যথাযথ ডকুমেণ্ট সহ কোনও পরিষেবা কেন্দ্র থেকে ভোটারের পরিচয়পত্র পেতে পারো,অ ন লা ই নে   রে জি স্টা র   ক রে   বা   য থা য থ   ড কু মে ণ্ট   স হ   কো ন ও   প রি ষে বা   কে ন্দ্র   থে কে   ভো টা রে র   প রি চ য় প ত্র   পে তে   পা রো,47,15
আজকের জন্য এটুকুই,আ জ কে র   জ ন্য   এ টু কু ই,10,3
পরের দিনের জন্য তোমরা তোমাদের পরিবারের সঙ্গে ভোটার হিসাবে তাঁদের অভিজ্ঞতা নিয়ে কথা বলবে,প রে র   দি নে র   জ ন্য   তো ম রা   তো মা দে র   প রি বা রে র   স ঙ্গে   ভো টা র   হি সা বে   তাঁ দে র   অ ভি জ্ঞ তা   নি য় ে   ক থা   ব ল বে,43,14
"হ্যাঁ ম্যাম, থ্যাঙ্ক ইউ","হ্যাঁ   ম্যা ম ,   থ্যা ঙ্ক   ই উ",8,4
"নমস্কার, আমি একটা প্যান কার্ড করাতে এসেছি","ন ম স্কা র ,   আ মি   এ ক টা   প্যা ন   কা র্ড   ক রা তে   এ সে ছি",20,7
আপনার নিজের জন্য,আ প না র   নি জে র   জ ন্য,9,3
আসলে আমার আর আমার মেয়ের জন্য,আ স লে   আ মা র   আ র   আ মা র   মে য় ে র   জ ন্য,17,6
কিন্তু আমার মেয়ের ব্রিটিশ নাগরিকত্ব রয়েছে,কি ন্তু   আ মা র   মে য় ে র   ব্রি টি শ   না গ রি ক ত্ব   র য় ে ছে,21,6
"ও, সে ঠিক আছে","ও ,   সে   ঠি ক   আ ছে",7,4
আমাদের কি কি কাগজপত্র লাগবে তার একটা তালিকা করে দিতে পারেন,আ মা দে র   কি   কি   কা গ জ প ত্র   লা গ বে   তা র   এ ক টা   তা লি কা   ক রে   দি তে   পা রে ন,29,11
আপনার প্যান কার্ড দিয়ে শুরু করা যাক,আ প না র   প্যা ন   কা র্ড   দি য় ে   শু রু   ক রা   যা ক,17,7
ধরে নিচ্ছি আপনি ভারতীয়,ধ রে   নি চ্ছি   আ প নি   ভা র তী য়,11,4
"হ্যাঁ, ঠিক তাই","হ্যাঁ ,   ঠি ক   তা ই",6,3
আপনার ক্ষেত্রে আমাদের তিনটে ডকুমেণ্ট লাগবে,আ প না র   ক্ষে ত্রে   আ মা দে র   তি ন টে   ড কু মে ণ্ট   লা গ বে,20,6
"পরিচয়ের প্রমাণ, ঠিকানার প্রমাণ আর আপনার জন্ম তারিখের একটা প্রমাণ","প রি চ য় ে র   প্র মা ণ ,   ঠি কা না র   প্র মা ণ   আ র   আ প না র   জ ন্ম   তা রি খে র   এ ক টা   প্র মা ণ",35,10
প্রতিটার প্রমাণ হিসেবে কোন কোন ডকুমেণ্ট গ্রাহ্য হবে,প্র তি টা র   প্র মা ণ   হি সে বে   কো ন   কো ন   ড কু মে ণ্ট   গ্রা হ্য   হ বে,22,8
"পরিচয়ের জন্য আপনার আধার কার্ড, ভোটার কার্ড বা পাসপোর্টের কপি দেখাতে পারেন","প রি চ য় ে র   জ ন্য   আ প না র   আ ধা র   কা র্ড ,   ভো টা র   কা র্ড   বা   পা স পো র্টে র   ক পি   দে খা তে   পা রে ন",37,12
"অথবা আপনার রেশন কার্ডও দেখাতে পারেন, আর অন্যান্য কয়েকটা ডকুমেণ্ট যেগুলোর তালিকা আমি যে ফর্মটা দেব সেটায় আপনি পেয়ে যাবেন","অ থ বা   আ প না র   রে শ ন   কা র্ড ও   দে খা তে   পা রে ন ,   আ র   অ ন্যা ন্য   ক য় ে ক টা   ড কু মে ণ্ট   যে গু লো র   তা লি কা   আ মি   যে   ফ র্ম টা   দে ব   সে টা য়   আ প নি   পে য় ে   যা বে ন",61,20
"যাই হোক না কেন, তাতে আপনার ছবি অবশ্যই থাকতে হবে","যা ই   হো ক   না   কে ন ,   তা তে   আ প না র   ছ বি   অ ব শ্য ই   থা ক তে   হ বে",25,10
বোঝাতে পারলাম তো,বো ঝা তে   পা র লা ম   তো,8,3
"হ্যাঁ, স্যার, পেরেছেন","হ্যাঁ ,   স্যা র ,   পে রে ছে ন",9,3
ঠিকানার প্রমাণের জন্য তিন মাসের বেশি পুরনো নয় এমন কোনও একটা বিল দেখালে হবে,ঠি কা না র   প্র মা ণে র   জ ন্য   তি ন   মা সে র   বে শি   পু র নো   ন য়   এ ম ন   কো ন ও   এ ক টা   বি ল   দে খা লে   হ বে,38,14
"বিল বলতে ল্যাণ্ডলাইন বিল, বিদ্যুতের বিল বা জলের বিলের কথা বলছি","বি ল   ব ল তে   ল্যা ণ্ড লা ই ন   বি ল ,   বি দ্যু তে র   বি ল   বা   জ লে র   বি লে র   ক থা   ব ল ছি",31,11
ফর্মে এগুলোর তালিকা দেওয়া আছে,ফ র্মে   এ গু লো র   তা লি কা   দে ও য় া   আ ছে,15,5
"অথবা, আপনার পোস্ট অফিসের পাসবই বা পাসপোর্টও দেখাতে পারেন","অ থ বা ,   আ প না র   পো স্ট   অ ফি সে র   পা স ব ই   বা   পা স পো র্ট ও   দে খা তে   পা রে ন",30,9
"আবার, যাই হোক না কেন, তাতে আপনার ঠিকানা থাকা আবশ্যিক","আ বা র ,   যা ই   হো ক   না   কে ন ,   তা তে   আ প না র   ঠি কা না   থা কা   আ ব শ্যি ক",27,10
বুঝতে পারছেন নিশ্চয়ই,বু ঝ তে   পা র ছে ন   নি শ্চ য় ই,11,3
"হ্যাঁ, আর জন্ম তারিখেরটা","হ্যাঁ ,   আ র   জ ন্ম   তা রি খে র টা",11,4
জন্মের শংসাপত্র বা পাসপোর্ট হলেই হবে,জ ন্মে র   শং সা প ত্র   বা   পা স পো র্ট   হ লে ই   হ বে,17,6
"এবার, আপনার মেয়ের ব্যাপারে, ওনাকে দু'টো ডকুমেণ্ট দেখাতে হবে","এ বা র ,   আ প না র   মে য় ে র   ব্যা পা রে ,   ও না কে   দু ' টো   ড কু মে ণ্ট   দে খা তে   হ বে",31,9
পরিচয়ের প্রমাণ আর ঠিকানার প্রমাণ,প রি চ য় ে র   প্র মা ণ   আ র   ঠি কা না র   প্র মা ণ,18,5
দু'টোর জন্যই পাসপোর্টই যথেষ্ট,দু ' টো র   জ ন্য ই   পা স পো র্ট ই   য থে ষ্ট,15,4
তাহলে তো নিশ্চিন্ত,তা হ লে   তো   নি শ্চি ন্ত,7,3
এই হলো তালিকা,এ ই   হ লো   তা লি কা,7,3
সব ডকুমেণ্টের তালিকা পেয়ে যাবেন,স ব   ড কু মে ণ্টে র   তা লি কা   পে য় ে   যা বে ন,16,5
কার্ডটা আসতে কত দিন লাগবে,কা র্ড টা   আ স তে   ক ত   দি ন   লা গ বে,13,5
কমপক্ষে ১৫ থেকে ২০টি কাজের দিন,ক ম প ক্ষে   ১ ৫   থে কে   ২ ০ টি   কা জে র   দি ন,16,6
"আমি কি ভিতরে আসতে পারি, স্যার","আ মি   কি   ভি ত রে   আ স তে   পা রি ,   স্যা র",14,6
"হ্যাঁ, দয়া করে ভিতরে আসুন","হ্যাঁ ,   দ য় া   ক রে   ভি ত রে   আ সু ন",13,5
দয়া করে বসুন,দ য় া   ক রে   ব সু ন,8,3
বলুন কীভাবে আপনাকে সাহায্য করতে পারি,ব লু ন   কী ভা বে   আ প না কে   সা হা য্য   ক র তে   পা রি,18,6
স্যার আমি হোপ এন,স্যা র   আ মি   হো প   এ ন,8,4
জি,জি,1,1
ও থেকে আসছি,ও   থে কে   আ স ছি,6,3
আমরা সুবিধাবঞ্চিতদের জন্য কয়েকটা স্কুল চালাই,আ ম রা   সু বি ধা ব ঞ্চি ত দে র   জ ন্য   ক য় ে ক টা   স্কু ল   চা লা ই,23,6
বস্তি এলাকায় আমাদের ৩টে স্কুল রয়েছে,ব স্তি   এ লা কা য়   আ মা দে র   ৩ টে   স্কু ল   র য় ে ছে,18,6
এটা সত্যিই ভালো ব্যাপার,এ টা   স ত্যি ই   ভা লো   ব্যা পা র,10,4
"আমাকে বলতেই হচ্ছে, এটা সত্যি একটা মহান কর্মোদ্যোগ","আ মা কে   ব ল তে ই   হ চ্ছে ,   এ টা   স ত্যি   এ ক টা   ম হা ন   ক র্মো দ্যো গ",24,8
"তো, আমি কী দিয়ে আপনাকে সাহায্য করতে পারি","তো ,   আ মি   কী   দি য় ে   আ প না কে   সা হা য্য   ক র তে   পা রি",20,8
"স্যার, আমার আপনার অফিস সম্পর্কে কিছু তথ্য দরকার","স্যা র ,   আ মা র   আ প না র   অ ফি স   স ম্প র্কে   কি ছু   ত থ্য   দ র কা র",24,8
আপনি তো জানেন আমাদের বাচ্চারা শ্রমিক পরিবার থেকে আসে,আ প নি   তো   জা নে ন   আ মা দে র   বা চ্চা রা   শ্র মি ক   প রি বা র   থে কে   আ সে,25,9
আমি জানতে চাই আমাদের ১০ম শ্রেণীর বাচ্চাদের জন্য কোনও কাজের সুযোগ আছে কি না,আ মি   জা ন তে   চা ই   আ মা দে র   ১ ০ ম   শ্রে ণী র   বা চ্চা দে র   জ ন্য   কো ন ও   কা জে র   সু যো গ   আ ছে   কি   না,36,14
"হ্যাঁ বলুন, আপনি কী জানতে চান","হ্যাঁ   ব লু ন ,   আ প নি   কী   জা ন তে   চা ন",14,6
এটা তো বেশ ভালো ভাবনা,এ টা   তো   বে শ   ভা লো   ভা ব না,10,5
"কিন্তু, তারা পড়াশোনা করতে করতে কাজ করবে কি","কি ন্তু ,   তা রা   প ড় া শো না   ক র তে   ক র তে   কা জ   ক র বে   কি",22,8
"না স্যার, তারা করবে না","না   স্যা র ,   তা রা   ক র বে   না",10,5
পরের মাসে তারা তাদের ১০ম শ্রেণীর পরীক্ষা শেষ করছে,প রে র   মা সে   তা রা   তা দে র   ১ ০ ম   শ্রে ণী র   প রী ক্ষা   শে ষ   ক র ছে,24,9
"তাই, পরীক্ষার পরে আমরা চাই তারা কোথাও ঢুকে যাক, যাতে তারা রোজগার শুরু করতে পারে","তা ই ,   প রী ক্ষা র   প রে   আ ম রা   চা ই   তা রা   কো থা ও   ঢু কে   যা ক ,   যা তে   তা রা   রো জ গা র   শু রু   ক র তে   পা রে",39,15
"তারা শৃঙ্খলা, দলবদ্ধ হয়ে কাজ করা ইত্যাদির ব্যাপারেও শিখতে পারবে","তা রা   শৃ ঙ্খ লা ,   দ ল ব দ্ধ   হ য় ে   কা জ   ক রা   ই ত্যা দি র   ব্যা পা রে ও   শি খ তে   পা র বে",31,10
"ওহ, আচ্ছা, সেটা করা যেতে পারে","ও হ ,   আ চ্ছা ,   সে টা   ক রা   যে তে   পা রে",14,6
এটা তাদের ক্ষেত্রেও ভালো হবে,এ টা   তা দে র   ক্ষে ত্রে ও   ভা লো   হ বে,12,5
তারা বিভিন্ন জিনিস শিখতে পারবে,তা রা   বি ভি ন্ন   জি নি স   শি খ তে   পা র বে,14,5
"হ্যাঁ স্যার, আমরা চাই না তারা বস্তির পরিবেশে ফিরে যাক","হ্যাঁ   স্যা র ,   আ ম রা   চা ই   না   তা রা   ব স্তি র   প রি বে শে   ফি রে   যা ক",23,10
"যদি তারা কোনও অফিসে কাজ করতে শুরু করে, তারা কাজের পরিবেশের সঙ্গে পরিচিত হবে","য দি   তা রা   কো ন ও   অ ফি সে   কা জ   ক র তে   শু রু   ক রে ,   তা রা   কা জে র   প রি বে শে র   স ঙ্গে   প রি চি ত   হ বে",38,14
"হ্যাঁ, এটা তাদের জন্য একটা উৎসাহের ব্যাপার হবে","হ্যাঁ ,   এ টা   তা দে র   জ ন্য   এ ক টা   উ ৎ সা হে র   ব্যা পা র   হ বে",22,8
আমি দেখবো যদি তাদের কয়েকজনকে আমার প্যাকেজিং বিভাগে ঢোকানো যায়,আ মি   দে খ বো   য দি   তা দে র   ক য় ে ক জ ন কে   আ মা র   প্যা কে জিং   বি ভা গে   ঢো কা নো   যা য়,31,10
আপনার আশ্বাসের জন্য আপনাকে অশেষ ধন্যবাদ,আ প না র   আ শ্বা সে র   জ ন্য   আ প না কে   অ শে ষ   ধ ন্য বা দ,21,6
"একবার পরীক্ষাটা হয়ে গেলে, আমি তাদের কয়েকজনকে নিয়ে আসব","এ ক বা র   প রী ক্ষা টা   হ য় ে   গে লে ,   আ মি   তা দে র   ক য় ে ক জ ন কে   নি য় ে   আ স ব",32,9
আপনার সহায়ক ভাবনা জন্য আবারও আপনাকে অনেক ধন্যবাদ,আ প না র   স হা য় ক   ভা ব না   জ ন্য   আ বা র ও   আ প না কে   অ নে ক   ধ ন্য বা দ,28,8
এই লিট্টি আমায় ইডলির কথা মনে করিয়ে দিচ্ছে,এ ই   লি ট্টি   আ মা য়   ই ড লি র   ক থা   ম নে   ক রি য় ে   দি চ্ছে,21,8
দুটো খুবই আলাদা কিন্তু আকৃতিটা আমায় এর কথা মনে করিয়ে দিচ্ছে,দু টো   খু ব ই   আ লা দা   কি ন্তু   আ কৃ তি টা   আ মা য়   এ র   ক থা   ম নে   ক রি য় ে   দি চ্ছে,29,11
"হ্যাঁ, এটা একটা প্রধান বিহারী খাদ্য","হ্যাঁ ,   এ টা   এ ক টা   প্র ধা ন   বি হা রী   খা দ্য",15,6
সাথের পদটিকে চোখা বলা হয়,সা থে র   প দ টি কে   চো খা   ব লা   হ য়,13,5
লিট্টি মূলত গম দিয়ে তৈরি হয় আর এদিকে চোখা বেগুন ও টমেটো দিয়ে বানানো হয়,লি ট্টি   মূ ল ত   গ ম   দি য ় ে   তৈ রি   হ য়   আ র   এ দি কে   চো খা   বে গু ন   ও   ট মে টো   দি য় ে   বা না নো   হ য়,37,15
এটায় ওরা কোন্ তেল ব্যবহার করে,এ টা য়   ও রা   কো ন্   তে ল   ব্য ব হা র   ক রে,15,6
কেরলের খাবারের থেকে এটা আলাদা মনে হচ্ছে,কে র লে র   খা বা রে র   থে কে   এ টা   আ লা দা   ম নে   হ চ্ছে,19,7
চোখাতে সাধারণত সর্ষের তেল ব্যবহার করা হয়,চো খা তে   সা ধা র ণ ত   স র্ষে র   তে ল   ব্য ব হা র   ক রা   হ য়,21,7
সব বিহারী খাবারেই সর্ষের তেল ব্যবহার করা হয়,স ব   বি হা রী   খা বা রে ই   স র্ষে র   তে ল   ব্য ব হা র   ক রা   হ য়,22,8
আপনার সামনের পদটা কি,আ প না র   সা ম নে র   প দ টা   কি,12,4
এটাকে পুট্টু বলা হয় আর আমরা সাধারণত এটা কালো ছোলা দিয়ে খাই,এ টা কে   পু ট্টু   ব লা   হ য়   আ র   আ ম রা   সা ধা র ণ ত   এ টা   কা লো   ছো লা   দি য় ে   খা ই,30,12
"এটার অনেক রকমফের আছে, কিন্তু যেটা আমি অর্ডার করেছি সেটা চালের গুঁড়ো দিয়ে তৈরি","এ টা র   অ নে ক   র ক ম ফে র   আ ছে ,   কি ন্তু   যে টা   আ মি   অ র্ডা র   ক রে ছি   সে টা   চা লে র   গুঁ ড় ো   দি য় ে   তৈ রি",39,14
"ও, আচ্ছা সাথের কালো ছোলার পদটা কি মশলাদার","ও ,   আ চ্ছা   সা থে র   কা লো   ছো লা র   প দ টা   কি   ম শ লা দা র",21,8
আমি পুট্টুর কথা আগে শুনিনি,আ মি   পু ট্টু র   ক থা   আ গে   শু নি নি,12,5
এটার ওপরে কি ওটা নারকেল ছড়ানো,এ টা র   ও প রে   কি   ও টা   না র কে ল   ছ ড় া নো,17,6
"হ্যাঁ, কেরলের অনেক খাবারে সাধারণত নারকেল ব্যবহার করা হয়","হ্যাঁ ,   কে র লে র   অ নে ক   খা বা রে   সা ধা র ণ ত   না র কে ল   ব্য ব হা র   ক রা   হ য ়",30,9
এখানে মশলাও প্রচুর তাই বেশিরভাগ খাবারেই মশলার পরিমাণ খুব বেশি থাকে,এ খা নে   ম শ লা ও   প্র চু র   তা ই   বে শি র ভা গ   খা বা রে ই   ম শ লা র   প রি মা ণ   খু ব   বে শি   থা কে,35,11
লিট্টি কি আপনার সব চেয়ে প্রিয় পদ,লি ট্টি   কি   আ প না র   স ব   চে য় ে   প্রি য়   প দ,16,7
লিট্টি আমার পছন্দের খাবারের মধ্যে একটা,লি ট্টি   আ মা র   প ছ ন্দে র   খা বা রে র   ম ধ্যে   এ ক টা,18,6
আমার প্রিয় বিহারী খাবার হল ছাতুর পরোটা,আ মা র   প্রি য়   বি হা রী   খা বা র   হ ল   ছা তু র   প রো টা,19,7
এটা একটা ভারতীয় টাকোর মতো দেখতে,এ টা   এ ক টা   ভা র তী য়   টা কো র   ম তো   দে খ তে,17,6
"আমি এটার কথা কখনও শুনিনি, কিন্তু এটা কি খুব স্বাস্থ্যকর","আ মি   এ টা র   ক থা   ক খ ন ও   শু নি নি ,   কি ন্তু   এ টা   কি   খু ব   স্বা স্থ্য ক র",26,10
আরে হ্যাঁ,আ রে   হ্যাঁ,3,2
এটা একটা খুবই স্বাস্থ্যকর পদ,এ টা   এ ক টা   খু ব ই   স্বা স্থ্য ক র   প দ,14,5
এটা ছোলার ময়দা আর অন্যান্য শাকপাতা দিয়ে তৈরি করা হয়,এ টা   ছো লা র   ম য ় দা   আ র   অ ন্যা ন্য   শা ক পা তা   দি য ় ে   তৈ রি   ক রা   হ য়,28,10
এটার একটা খুব টকমতো স্বাদও আছে যার জন্য এটা আমার প্রিয়,এ টা র   এ ক টা   খু ব   ট ক ম তো   স্বা দ ও   আ ছে   যা র   জ ন্য   এ টা   আ মা র   প্রি য়,28,11
"তোমার কথা বল, কেরলের খাবারের মধ্যে তোমার পছন্দের পদ কোনটা","তো মা র   ক থা   ব ল ,   কে র লে র   খা বা রে র   ম ধ্যে   তো মা র   প ছ ন্দে র   প দ   কো ন টা",30,10
আপ্পাম আর স্ট্যু আমার পছন্দের,আ প্পা ম   আ র   স্ট্যু   আ মা র   প ছ ন্দে র,13,5
এটা গেঁজিয়ে তোলা চালের গুঁড়ো দিয়ে তৈরি করা হয়,এ টা   গেঁ জি য় ে   তো লা   চা লে র   গুঁ ড় ো   দি য় ে   তৈ রি   ক রা   হ য়,23,9
এটা মূলত একটা প্যানকেক যার ধারগুলো খাস্তা হয়,এ টা   মূ ল ত   এ ক টা   প্যা ন কে ক   যা র   ধা র গু লো   খা স্তা   হ য়,22,8
"ওহ, এটা সুস্বাদু শোনাচ্ছে","ও হ ,   এ টা   সু স্বা দু   শো না চ্ছে",11,4
আমাদের এটা আরও বেশি বার করা উচিত,আ মা দে র   এ টা   আ র ও   বে শি   বা র   ক রা   উ চি ত,18,7
"শুনছেন, এখানে কি কোনও ময়দা-ছাড়া খাবার পাওয়া যায়","শু ন ছে ন ,   এ খা নে   কি   কো ন ও   ম য় দা - ছা ড় া   খা বা র   পা ও য় া   যা য়",28,8
আমি ডায়াবেটিসে ভোগা মানুষ আর আমার বন্ধুর ময়দাতে অ্যালার্জি আছে,আ মি   ডা য় া বে টি সে   ভো গা   মা নু ষ   আ র   আ মা র   ব ন্ধু র   ম য় দা তে   অ ্ যা লা র্জি   আ ছে,32,10
"নিশ্চয়ই, আপনি কী খেতে আগ্রহী","নি শ্চ য় ই ,   আ প নি   কী   খে তে   আ গ্র হী",14,5
আমি আশা করছিলাম যে আপনি আপনাদের কিছু খাবার নিয়ে পরামর্শ দিতে পারবেন,আ মি   আ শা   ক র ছি লা ম   যে   আ প নি   আ প না দে র   কি ছু   খা বা র   নি য় ে   প রা ম র্শ   দি তে   পা র বে ন,36,12
আমি শুনেছি যে এই রেস্তরাঁয় খুব স্বাস্থ্যকর খাবার পাওয়া যায়,আ মি   শু নে ছি   যে   এ ই   রে স্ত রাঁ য়   খু ব   স্বা স্থ্য ক র   খা বা র   পা ও য় া   যা য়,27,10
"ময়দা-ছাড়া খাবার খুঁজছেন এমন গ্রাহকদের জন্য আমরা চাল, ভুট্টা, শণের বীজ আর বাজরার বিকল্প রাখি","ম য় দা - ছা ড় া   খা বা র   খুঁ জ ছে ন   এ ম ন   গ্রা হ ক দে র   জ ন্য   আ ম রা   চা ল ,   ভু ট্টা ,   শ ণে র   বী জ   আ র   বা জ রা র   বি ক ল্প   রা খি",49,15
আমাদের অনেক রকমের স্যালাড আর স্মুদি-ও আছে,আ মা দে র   অ নে ক   র ক মে র   স্যা লা ড   আ র   স্মু দি - ও   আ ছে,22,7
আমাদের একটা ডায়াবেটিকদের উপযোগী মেনুও রয়েছে,আ মা দে র   এ ক টা   ডা য় া বে টি ক দে র   উ প যো গী   মে নু ও   র য় ে ছে,26,6
আমি একটা স্থানীয় খাবারের তালিকা খুঁজছিলাম যাতে ময়দা নেই,আ মি   এ ক টা   স্থা নী য়   খা বা রে র   তা লি কা   খুঁ জ ছি লা ম   যা তে   ম য় দা   নে ই,27,9
মাশরুম ভাত কিম্বা চিকেন কিনোয়া বিরিয়ানির মতো কিছু,মা শ রু ম   ভা ত   কি ম্বা   চি কে ন   কি নো য় া   বি রি য ় া নি র   ম তো   কি ছু,26,8
"হ্যাঁ, এই বিকল্পগুলো এখানে পাওয়া যায়","হ্যাঁ ,   এ ই   বি ক ল্প গু লো   এ খা নে   পা ও য় া   যা য়",18,6
আমাদের কিছু ময়দা-ছাড়া স্যুপের পদও আছে যেগুলো আপনি একবার খেয়ে দেখতে পারেন,আ মা দে র   কি ছু   ম য় দা - ছা ড় া   স্যু পে র   প দ ও   আ ছে   যে গু লো   আ প নি   এ ক বা র   খে য় ে   দে খ তে   পা রে ন,40,12
ডায়াবেটিকদের উপযোগী মেনু থেকে আপনি কী পাওয়ার আশা রাখেন,ডা য ় া বে টি ক দে র   উ প যো গী   মে নু   থে কে   আ প নি   কী   পা ও য় া র   আ শা   রা খে ন,31,9
আমি একটা সাবুদানার খিচুড়ি আর একটা মাশরুম ব্রাউন রাইস নেব যেটার কথা আমি আগে বলেছিলাম,আ মি   এ ক টা   সা বু দা না র   খি চু ড় ি   আ র   এ ক টা   মা শ রু ম   ব্রা উ ন   রা ই স   নে ব   যে টা র   ক থা   আ মি   আ গে   ব লে ছি লা ম,45,15
স্যুপের জন্য আপনার কী কী বিকল্প আছে,স্যু পে র   জ ন্য   আ প না র   কী   কী   বি ক ল্প   আ ছে,16,7
আমাদের একটা ফ্রেঞ্চ অনিয়ন সুপ রয়েছে যা ময়দা-ছাড়া,আ মা দে র   এ ক টা   ফ্রে ঞ্চ   অ নি য় ন   সু প   র য় ে ছে   যা   ম য় দা - ছা ড় া,27,8
আমরা একটা সুস্বাদু স্প্লিট পি স্যুপও বানাই,আ ম রা   এ ক টা   সু স্বা দু   স্প্লি ট   পি   স্যু প ও   বা না ই,18,7
এরপর আমাদের রয়েছে ফো বো এবং আরেকটি পশ্চিম আফ্রিকান পিনাট বাটার স্যুপ,এ র প র   আ মা দে র   র য় ে ছে   ফো   বো   এ বং   আ রে ক টি   প শ্চি ম   আ ফ্রি কা ন   পি না ট   বা টা র   স্যু প,35,12
ফ্রেঞ্চ অনিয়ন স্যুপটা আকর্ষণীয় শোনাচ্ছে তাই আমরা এটা দুটো নেব,ফ্রে ঞ্চ   অ নি য় ন   স্যু প টা   আ ক র্ষ ণী য ়   শো না চ্ছে   তা ই   আ ম রা   এ টা   দু টো   নে ব,29,10
আমি সাধারণত মিষ্টিটা এড়িয়ে চলি কারণ ডায়াবেটিস- উপযোগী মিষ্টি খুঁজে পাওয়া কঠিন,আ মি   সা ধা র ণ ত   মি ষ্টি টা   এ ড় ি য় ে   চ লি   কা র ণ   ডা য ় া বে টি স -   উ প যো গী   মি ষ্টি   খুঁ জে   পা ও য ় া   ক ঠি ন,44,12
"ওহ, চিন্তা করবেন না, আমাদের ডায়াবেটিক- উপযোগী মিষ্টির বিকল্পও রয়েছে","ও হ ,   চি ন্তা   ক র বে ন   না ,   আ মা দে র   ডা য় া বে টি ক -   উ প যো গী   মি ষ্টি র   বি ক ল্প ও   র য ় ে ছে",38,10
আপনি কম কার্ব-এর পিনাট বাটার কুকিজ কিংবা চকোলেট কিটো ফ্যাট বম্ব খেয়ে দেখতে পারেন,আ প নি   ক ম   কা র্ব - এ র   পি না ট   বা টা র   কু কি জ   কিং বা   চ কো লে ট   কি টো   ফ্যা ট   ব ম্ব   খে য় ে   দে খ তে   পা রে ন,40,14
আমরা খুব ভাল প্রোটিন চিজকেকও বানাই,আ ম রা   খু ব   ভা ল   প্রো টি ন   চি জ কে ক ও   বা না ই,18,6
আমি আমার ডায়াবেটিসের কারণ অনেকদিন চিজকেক খাইনি,আ মি   আ মা র   ডা য় া বে টি সে র   কা র ণ   অ নে ক দি ন   চি জ কে ক   খা ই নি,27,7
আমি ওর জন্য প্রোটিন চিজকেক আর লো-কার্ব পিনাট বাটার কুকিজ নেব,আ মি   ও র   জ ন্য   প্রো টি ন   চি জ কে ক   আ র   লো - কা র্ব   পি না ট   বা টা র   কু কি জ   নে ব,30,11
এই রেস্তোরাঁটা চমৎকার,এ ই   রে স্তো রাঁ টা   চ ম ৎ কা র,11,3
প্রশংসার জন্য ধন্যবাদ,প্র শং সা র   জ ন্য   ধ ন্য বা দ,10,3
আশা করি আপনি সময় বার করে গুগুলে আমাদের জন্য একটা রিভিউ দেবেন,আ শা   ক রি   আ প নি   স ম য়   বা র   ক রে   গু গু লে   আ মা দে র   জ ন্য   এ ক টা   রি ভি উ   দে বে ন,32,12
আপনার যদি কিছু প্রয়োজন হয় অনুগ্রহ করে আমায় জানাবেন,আ প না র   য দি   কি ছু   প্র য় ো জ ন   হ য়   অ নু গ্র হ   ক রে   আ মা য়   জা না বে ন,28,9
আমি নিশ্চয়ই একটা ভাল রিভিউ দেব আপনাদের,আ মি   নি শ্চ য় ই   এ ক টা   ভা ল   রি ভি উ   দে ব   আ প না দে র,21,7
"স্যার, আমি কি ভিতরে আসতে পারি","স্যা র ,   আ মি   কি   ভি ত রে   আ স তে   পা রি",14,6
"হ্যাঁ, বসুন","হ্যাঁ ,   ব সু ন",5,2
আপনার জন্য আমি কী করতে পারি,আ প না র   জ ন্য   আ মি   কী   ক র তে   পা রি,14,6
আমার নাম আনন্দ যাদব,আ মা র   না ম   আ ন ন্দ   যা দ ব,11,4
আমি আমার সেভিংস আকাউন্ট থেকে কিছু টাকা তুলতে চাই,আ মি   আ মা র   সে ভিং স   আ কা উ ন্ট   থে কে   কি ছু   টা কা   তু ল তে   চা ই,23,9
টাকা তোলার পদ্ধতি কি সেটা আমি ঠিক জানিনা,টা কা   তো লা র   প দ্ধ তি   কি   সে টা   আ মি   ঠি ক   জা নি না,18,8
আপনি কি দয়া করে আমায় সাহায্য করতে পারেন,আ প নি   কি   দ য় া   ক রে   আ মা য়   সা হা য্য   ক র তে   পা রে ন,21,8
"অবশ্যই, স্যার","অ ব শ্য ই ,   স্যা র",7,2
"প্রথমে এবং সবার আগে, আপনাকে টাকা তোলার ফর্মটা ভরতে হবে","প্র থ মে   এ বং   স বা র   আ গে ,   আ প না কে   টা কা   তো লা র   ফ র্ম টা   ভ র তে   হ বে",28,10
"অনুগ্রহ করে নিচের ঘরগুলোয় আপনার আকাউন্ট নম্বর, নাম, মোবাইল নম্বর আর ঠিকানা লিখুন","অ নু গ্র হ   ক রে   নি চে র   ঘ র গু লো য়   আ প না র   আ কা উ ন্ট   ন ম্ব র ,   না ম ,   মো বা ই ল   ন ম্ব র   আ র   ঠি কা না   লি খু ন",44,13
ঠিক আছে,ঠি ক   আ ছে,4,2
আমাকে কি এখানে সই করতে হবে,আ মা কে   কি   এ খা নে   স ই   ক র তে   হ বে,14,6
অবশ্যই,অ ব শ্য ই,4,1
দয়া করে করুন,দ য় া   ক রে   ক রু ন,8,3
আপনি কত টাকা তুলতে চান,আ প নি   ক ত   টা কা   তু ল তে   চা ন,12,5
"আমায় ১,০০০০০ টাকা তুলতে হবে","আ মা য়   ১ , ০ ০ ০ ০ ০   টা কা   তু ল তে   হ বে",17,5
"দয়া করে শব্দে ও সংখ্যায় পরিমাণটা দিয়ে ফর্মটা ভর্তি করুন, স্যার","দ য় া   ক রে   শ ব্দে   ও   সং খ্যা য়   প রি মা ণ টা   দি য় ে   ফ র্ম টা   ভ র্তি   ক রু ন ,   স্যা র",30,11
উইথড্রয়াল ফর্মের নীচে আপনার নাম সই করতে ভুলবেন না,উ ই থ ড্র য় া ল   ফ র্মে র   নী চে   আ প না র   না ম   স ই   ক র তে   ভু ল বে ন   না,28,9
আচ্ছা,আ চ্ছা,2,1
আমি এটা মনে রাখব,আ মি   এ টা   ম নে   রা খ ব,9,4
এর মধ্যে কোনটা টাকা তোলার কাউন্টার,এ র   ম ধ্যে   কো ন টা   টা কা   তো লা র   কা উ ন্টা র,16,6
"স্যার, অনুগ্রহ করে কাউন্টার নম্বর ২-এর দিকে যান","স্যা র ,   অ নু গ্র হ   ক রে   কা উ ন্টা র   ন ম্ব র   ২ - এ র   দি কে   যা ন",24,8
কাউন্টারে যিনি আছেন তিনি গ্রাহকের অ্যাকাউন্ট নম্বর আর নাম নিশ্চিত করে নেবেন,কা উ ন্টা রে   যি নি   আ ছে ন   তি নি   গ্রা হ কে র   অ ্ যা কা উ ন্ট   ন ম্ব র   আ র   না ম   নি শ্চি ত   ক রে   নে বে ন,36,12
আর আপনি আপনার টাকাটা পেয়ে যাবেন,আ র   আ প নি   আ প না র   টা কা টা   পে য় ে   যা বে ন,18,6
ধন্যবাদ,ধ ন্য বা দ,4,1
আমি কি আপনার জন্য আর কিছু করতে পারি,আ মি   কি   আ প না র   জ ন্য   আ র   কি ছু   ক র তে   পা রি,18,8
আমার আরও একটা সাহায্যের প্রয়োজন,আ মা র   আ র ও   এ ক টা   সা হা য্যে র   প্র য ় ো জ ন,19,5
টাকা তোলার পর আমি কীভাবে জানব আমার অ্যাকাউন্টে কত টাকা বাকি আছে,টা কা   তো লা র   প র   আ মি   কী ভা বে   জা ন ব   আ মা র   অ ্ যা কা উ ন্টে   ক ত   টা কা   বা কি   আ ছে,32,12
"স্যার, অনুগ্রহ করে কাউন্টারের কর্মীদের পাসবুকে ব্যালান্সের পরিমাণটা তুলে দিতে বলুন","স্যা র ,   অ নু গ্র হ   ক রে   কা উ ন্টা রে র   ক র্মী দে র   পা স বু কে   ব্যা লা ন্সে র   প রি মা ণ টা   তু লে   দি তে   ব লু ন",38,11
ঠিক আছে,ঠি ক   আ ছে,4,2
আপনাকে অনেক ধন্যবাদ,আ প না কে   অ নে ক   ধ ন্য বা দ,11,3
ওয়েলকাম স্যার,ও য় ে ল কা ম   স্যা র,8,2
মূল্যবান গ্রাহক হওয়ার জন্য ধন্যবাদ,মূ ল্য বা ন   গ্রা হ ক   হ ও য ় া র   জ ন্য   ধ ন্য বা দ,19,5
আবার আসবেন,আ বা র   আ স বে ন,7,2
আপনার খেলাধুলো নিয়ে ছবি পছন্দ,আ প না র   খে লা ধু লো   নি য় ে   ছ বি   প ছ ন্দ,16,5
আরে যেই ছবিগুলোয় সত্যিকারের খেলোয়াড়দের গল্প বলে,আ রে   যে ই   ছ বি গু লো য়   স ত্যি কা রে র   খে লো য় া ড় দে র   গ ল্প   ব লে,25,7
ওগুলো বেশ অনুপ্রেরণা দেয়,ও গু লো   বে শ   অ নু প্রে র ণা   দে য়,12,4
'মেরি কম' দেখার পর থেকে আমার এগুলো ভালো লাগতে শুরু করে,' মে রি   ক ম '   দে খা র   প র   থে কে   আ মা র   এ গু লো   ভা লো   লা গ তে   শু রু   ক রে,28,11
কী ভালো লেগেছিল ওটা দেখতে,কী   ভা লো   লে গে ছি ল   ও টা   দে খ তে,12,5
ওহ্ আমার দারুণ লাগে এই ছবিগুলো,ও হ্   আ মা র   দা রু ণ   লা গে   এ ই   ছ বি গু লো,16,6
আমার সবচেয়ে প্রিয় 'ভাগ মিলখা ভাগ',আ মা র   স ব চে য় ে   প্রি য়   ' ভা গ   মি ল খা   ভা গ ',19,6
এটা দৌড়বিদ মিলখা সিংহ-কে নিয়ে ২০১৩-র ছবি,এ টা   দৌ ড় বি দ   মি ল খা   সিং হ - কে   নি য় ে   ২ ০ ১ ৩ - র   ছ বি,24,7
আপনি জানেন সেই লোকটা কী দারুণ,আ প নি   জা নে ন   সে ই   লো ক টা   কী   দা রু ণ,15,6
তিনি দ্য ফ্লাইং শিখ নামেও পরিচিত,তি নি   দ্য   ফ্লা ই ং   শি খ   না মে ও   প রি চি ত,15,6
ওহ্ আমার দারুণ লাগে লোকটাকে,ও হ্   আ মা র   দা রু ণ   লা গে   লো ক টা কে,14,5
"ইনিই একমাত্র ক্রীড়াবিদ, যিনি এশিয়ান গেমস এবং কমনওয়েলথ গেমসের ৪০০ মিটারে সোনা জিতেছিলেন","ই নি ই   এ ক মা ত্র   ক্রী ড় া বি দ ,   যি নি   এ শি য় া ন   গে ম স   এ বং   ক ম ন ও য় ে ল থ   গে ম সে র   ৪ ০ ০   মি টা রে   সো না   জি তে ছি লে ন",50,13
কি কুল না ব্যাপারটা,কি   কু ল   না   ব্যা পা র টা,8,4
তিনি ১৯৫৮ ও ১৯৬২-এর এশিয়ান গেমসেও সোনার পদক জিতেছিলেন,তি নি   ১ ৯ ৫ ৮   ও   ১ ৯ ৬ ২ - এ র   এ শি য় া ন   গে ম সে ও   সো না র   প দ ক   জি তে ছি লে ন,34,9
আমি একদিন ওঁর মতন হতে চাই,আ মি   এ ক দি ন   ও ঁ র   ম ত ন   হ তে   চা ই,16,6
উনার একটা পদ্মশ্রী আছে,উ না র   এ ক টা   প দ্ম শ্রী   আ ছে,11,4
ওঁর মতন একজন দুর্দান্ত ক্রীড়াবিদ হয়ে যাওয়ার পরে আমিও তা পেতে চাই,ও ঁ র   ম ত ন   এ ক জ ন   দু র্দা ন্ত   ক্রী ড় া বি দ   হ য় ে   যা ও য় া র   প রে   আ মি ও   তা   পে তে   চা ই,36,12
আর সেই দৌড়টা যেখানে তিনি চতুর্থ হয়েছিলেন,আ র   সে ই   দৌ ড় টা   যে খা নে   তি নি   চ তু র্থ   হ য় ে ছি লে ন,21,7
১৯৬০-এর অলিম্পিক গেমসের ৪০০ মিটারের ফাইনালটা,১ ৯ ৬ ০ - এ র   অ লি ম্পি ক   গে ম সে র   ৪ ০ ০   মি টা রে র   ফা ই না ল টা,27,6
আমার মনে হয় এটার জন্যই ওঁকে সবচেয়ে বেশি মনে রাখা হয়েছে,আ মা র   ম নে   হ য়   এ টা র   জ ন্য ই   ও ঁ কে   স ব চে য় ে   বে শি   ম নে   রা খা   হ য় ে ছে,31,11
আমাকে একবার ওঁর বিষয়ে একটা প্রজেক্ট রিপোর্ট লিখতে হয়েছিল,আ মা কে   এ ক বা র   ও ঁ র   বি ষ য় ে   এ ক টা   প্র জে ক্ট   রি পো র্ট   লি খ তে   হ য় ে ছি ল,31,9
অনেক পড়েছিলাম তখন ওঁর সম্পর্কে,অ নে ক   প ড় ে ছি লা ম   ত খ ন   ও ঁ র   স ম্প র্কে,18,5
"সেই সময় তিনি চতুর্থ হয়ে ভারতীয় জাতীয় রেকর্ড গড়েছিলেন, যা ৪০ বছর পর্যন্ত ভাঙেনি","সে ই   স ম য়   তি নি   চ তু র্থ   হ য় ে   ভা র তী য়   জা তী য়   রে ক র্ড   গ ড় ে ছি লে ন ,   যা   ৪ ০   ব ছ র   প র্য ন্ত   ভা ঙে নি",42,14
আমার বড় হয়ে ওঠার সময়টায় আমি ওঁর সম্পর্কে অনেক শুনেছি,আ মা র   ব ড়   হ য় ে   ও ঠা র   স ম য় টা য়   আ মি   ও ঁ র   স ম্প র্কে   অ নে ক   শু নে ছি,30,10
আমার বাবা একজন অন্ধ ভক্ত ছিলেন,আ মা র   বা বা   এ ক জ ন   অ ন্ধ   ভ ক্ত   ছি লে ন,16,6
আমি তাঁর আত্মজীবনীও পড়েছি,আ মি   তাঁ র   আ ত্ম জী ব নী ও   প ড় ে ছি,14,4
এটা পড়ার পরই আমার মনে হয়েছিল ছবিটা দেখব,এ টা   প ড় া র   প র ই   আ মা র   ম নে   হ য় ে ছি ল   ছ বি টা   দে খ ব,25,8
দেখাটা একদম সার্থক ছিল,দে খা টা   এ ক দ ম   সা র্থ ক   ছি ল,12,4
ছবিটা অনেক পুরস্কারও পেয়েছে,ছ বি টা   অ নে ক   পু র স্কা র ও   পে য় ে ছে,15,4
ফারহান আখতার দারুণ করেছে,ফা র হা ন   আ খ তা র   দা রু ণ   ক রে ছে,14,4
বেশ কুল হবে ব্যাপারটা যদি মিলখা সিংহের মতন একজন মহান ক্রীড়াবিদ হওয়া যায়,বে শ   কু ল   হ বে   ব্যা পা র টা   য দি   মি ল খা   সিং হে র   ম ত ন   এ ক জ ন   ম হা ন   ক্রী ড় া বি দ   হ ও য় া   যা য়,39,13
"হ্যালো, এটা কি জয়পুর সিটি প্যালেস","হ্যা লো ,   এ টা   কি   জ য় পু র   সি টি   প্যা লে স",15,6
"হ্যাঁ, আমি কিভাবে আপনাকে সাহায্য করতে পারি","হ্যাঁ ,   আ মি   কি ভা বে   আ প না কে   সা হা য্য   ক র তে   পা রি",19,7
আমি ভেরা ব্র্যাণ্ড থেকে যোগাযোগ করছি,আ মি   ভে রা   ব্র্যা ণ্ড   থে কে   যো গা যো গ   ক র ছি,15,6
আমরা চেন্নাই ভিত্তিক একটি আন্তর্জাতিক বিলাসবহুল ব্র্যাণ্ড,আ ম রা   চে ন্না ই   ভি ত্তি ক   এ ক টি   আ ন্ত র্জা তি ক   বি লা স ব হু ল   ব্র্যা ণ্ড,25,7
আমি ছবি তোলার জন্য প্রাসাদে প্রবেশ করার অনুরোধ জানাতে যোগাযোগ করছি,আ মি   ছ বি   তো লা র   জ ন্য   প্রা সা দে   প্র বে শ   ক রা র   অ নু রো ধ   জা না তে   যো গা যো গ   ক র ছি,32,11
আমরা একটি নতুন জিনিস প্রকাশ করছি,আ ম রা   এ ক টি   ন তু ন   জি নি স   প্র কা শ   ক র ছি,18,6
"আচ্ছা, সেটার ব্যবস্থা করে দেওয়া যাবে","আ চ্ছা ,   সে টা র   ব্য ব স্থা   ক রে   দে ও য় া   যা বে",17,6
আমি কি আপনার নামটা জানতে পারি,আ মি   কি   আ প না র   না ম টা   জা ন তে   পা রি,15,6
আমার নাম হল অনন্ত,আ মা র   না ম   হ ল   অ ন ন্ত,10,4
কোনও পরিচয়পত্র প্রয়োজন আপনার,কো ন ও   প রি চ য় প ত্র   প্র য় ো জ ন   আ প না র,18,4
আমাদের বেশ কিছু কাগজপত্র দরকার,আ মা দে র   বে শ   কি ছু   কা গ জ প ত্র   দ র কা র,17,5
"এক, একটা বৈধ প্রমাণপত্র যে কোম্পানিটির অস্তিত্ব রয়েছে","এ ক ,   এ ক টা   বৈ ধ   প্র মা ণ প ত্র   যে   কো ম্পা নি টি র   অ স্তি ত্ব   র য় ে ছে",26,8
"দ্বিতীয়, এর সঙ্গে জড়িত সব সদস্যদের একটি তালিকা, সঙ্গে তাদের পরিচয়পত্র","দ্বি তী য় ,   এ র   স ঙ্গে   জ ড় ি ত   স ব   স দ স্য দে র   এ ক টি   তা লি কা ,   স ঙ্গে   তা দে র   প রি চ য় প ত্র",37,11
এবং দায়িত্বে থাকা ব্যক্তির পরিচয়ের প্রমাণ,এ বং   দা য ় ি ত্বে   থা কা   ব্য ক্তি র   প রি চ য ় ে র   প্র মা ণ,22,6
"কাগজপত্রগুলো যদি আপনাকে মেইল করে দি, তাহলে হবে তো","কা গ জ প ত্র গু লো   য দি   আ প না কে   মে ই ল   ক রে   দি ,   তা হ লে   হ বে   তো",26,9
"হ্যাঁ, তবে শুটের দিনে আমরা পরিচয়ের প্রমাণপত্র দেখতে চাইব","হ্যাঁ ,   ত বে   শু টে র   দি নে   আ ম রা   প রি চ য় ে র   প্র মা ণ প ত্র   দে খ তে   চা ই ব",29,9
"নিশ্চয়ই, আমি বুঝতে পারছি","নি শ্চ য় ই ,   আ মি   বু ঝ তে   পা র ছি",13,4
চার্জ ও ভাড়া কত,চা র্জ   ও   ভা ড় া   ক ত,8,4
প্যাকেজের উপর ভিত্তি করে ভারতীয় নাগরিক বা বাসিন্দাদের ভাড়া হল ২০০ বা ৩০০ টাকা,প্যা কে জে র   উ প র   ভি ত্তি   ক রে   ভা র তী য ়   না গ রি ক   বা   বা সি ন্দা দে র   ভা ড় া   হ ল   ২ ০ ০   বা   ৩ ০ ০   টা কা,40,14
সংগ্রহশালার প্যাকেজে রয়েছে প্রাসাদের সবকটা কোর্ট ও গ্যালারি এবং ট্রাইপড ছাড়া ক্যামেরা,সং গ্র হ শা লা র   প্যা কে জে   র য় ে ছে   প্রা সা দে র   স ব ক টা   কো র্ট   ও   গ্যা লা রি   এ বং   ট্রা ই প ড   ছা ড় া   ক্যা মে রা,39,12
কম্পোজিট প্যাকেজে এটা থাকে সঙ্গে জয়গড় এবং রাজকীয় সেনোটাফগুলি,ক ম্পো জি ট   প্যা কে জে   এ টা   থা কে   স ঙ্গে   জ য ় গ ড ়   এ বং   রা জ কী য়   সে নো টা ফ গু লি,31,9
বিদেশীদের এই কম্পোজিট প্যাকেজের জন্য ৭০০ টাকা চার্জ করা হবে,বি দে শী দে র   এ ই   ক ম্পো জি ট   প্যা কে জে র   জ ন্য   ৭ ০ ০   টা কা   চা র্জ   ক রা   হ বে,28,10
প্রাসাদে রাতে প্রবেশ করতে পারব আমরা,প্রা সা দে   রা তে   প্র বে শ   ক র তে   পা র ব   আ ম রা,17,6
"করতে পারবেন, সেটা অন্য প্যাকেজ","ক র তে   পা র বে ন ,   সে টা   অ ন্য   প্যা কে জ",15,5
সেটা আপনার ভারতীয়দের জন্য ৫০০ টাকা এবং বিদেশীদের জন্য ১০০০ টাকা পড়বে,সে টা   আ প না র   ভা র তী য় দে র   জ ন্য   ৫ ০ ০   টা কা   এ বং   বি দে শী দে র   জ ন্য   ১ ০ ০ ০   টা কা   প ড় বে,37,12
বিশেষ কিছু টিকিটও পাওয়া যায় যেটা আপনাকে একান্ত প্রবেশাধিকার দেবে,বি শে ষ   কি ছু   টি কি ট ও   পা ও য় া   যা য়   যে টা   আ প না কে   এ কা ন্ত   প্র বে শা ধি কা র   দে বে,32,10
আরও বিস্তারিত জানার জন্য আপনি আমাদের ওয়েবসাইটটা দেখতে পারেন,আ র ও   বি স্তা রি ত   জা না র   জ ন্য   আ প নি   আ মা দে র   ও য় ে ব সা ই ট টা   দে খ তে   পা রে ন,33,9
"সপ্তাহের মাঝখানে যদি কেউ আসে এবং বুকিং করে যায়, সেটা কি হবে","স প্তা হে র   মা ঝ খা নে   য দি   কে উ   আ সে   এ বং   বু কিং   ক রে   যা য় ,   সে টা   কি   হ বে",28,12
"হ্যাঁ, তা-ও ঠিক আছে","হ্যাঁ ,   তা - ও   ঠি ক   আ ছে",9,4
যোগাযোগ করার জন্য ধন্যবাদ,যো গা যো গ   ক রা র   জ ন্য   ধ ন্য বা দ,13,4
"হাই বিষ্ণু, কি করছো আজকাল","হা ই   বি ষ্ণু ,   কি   ক র ছো   আ জ কা ল",13,5
সাম্প্রতিক কোনও বাইক রাইডে গেছিলে নাকি,সা ম্প্র তি ক   কো ন ও   বা ই ক   রা ই ডে   গে ছি লে   না কি,18,6
তোমার কয়েকটা ছবি দেখলাম,তো মা র   ক য় ে ক টা   ছ বি   দে খ লা ম,14,4
"না, ওগুলো বহুকাল আগের অন্য এক রাইডের ছবি","না ,   ও গু লো   ব হু কা ল   আ গে র   অ ন্য   এ ক   রা ই ডে র   ছ বি",22,8
সারা সপ্তাহটা খুব ব্যস্ত কাটায় রাইডের জন্য সময়ই বের করতে পারিনি,সা রা   স প্তা হ টা   খু ব   ব্য স্ত   কা টা য়   রা ই ডে র   জ ন্য   স ম য় ই   বে র   ক র তে   পা রি নি,31,11
"কিন্তু, এই উইকেণ্ডে যাচ্ছি","কি ন্তু ,   এ ই   উ ই কে ণ্ডে   যা চ্ছি",11,4
তোমার খবর কি; তোমার গানের প্র্যাক্টিস করছো তো,তো মা র   খ ব র   কি ;   তো মা র   গা নে র   প্র্যা ক্টি স   ক র ছো   তো,21,8
"হ্যাঁ, একটুও খালি সময় পেলেই করছি","হ্যাঁ ,   এ ক টু ও   খা লি   স ম য়   পে লে ই   ক র ছি",17,6
"আমার দিনগুলোও ব্যস্ততায় ভরা, জানো","আ মা র   দি ন গু লো ও   ব্য স্ত তা য়   ভ রা ,   জা নো",17,5
রেওয়াজ করার সময়টুকুও তো রোজ বার করতে পারি না,রে ও য় া জ   ক রা র   স ম য় টু কু ও   তো   রো জ   বা র   ক র তে   পা রি   না,25,9
"যাই হোক, এই উইকেণ্ডে কি সত্যিই তুমি খালি আছো","যা ই   হো ক ,   এ ই   উ ই কে ণ্ডে   কি   স ত্যি ই   তু মি   খা লি   আ ছো",21,9
রাইডে যাওয়ার সময় বার করবে কি করে,রা ই ডে   যা ও য় া র   স ম য়   বা র   ক র বে   কি   ক রে,19,7
আসলে কয়েকদিন ধরে ওভারটাইম করে আমার টার্গেট পূরণ করেছি,আ স লে   ক য় ে ক দি ন   ধ রে   ও ভা র টা ই ম   ক রে   আ মা র   টা র্গে ট   পূ র ণ   ক রে ছি,31,9
তাই এই উইকেণ্ডে খালি আছি,তা ই   এ ই   উ ই কে ণ্ডে   খা লি   আ ছি,12,5
নিজেকে চাঙ্গা করার সময়ের ভীষণ প্রয়োজন আমার,নি জে কে   চা ঙ্গা   ক রা র   স ম য় ে র   ভী ষ ণ   প্র য় ো জ ন   আ মা র,24,7
"একমাত্র তোমার শখ অনুসরণ করলেই সেটা সম্ভব, তাই না","এ ক মা ত্র   তো মা র   শ খ   অ নু স র ণ   ক র লে ই   সে টা   স ম্ভ ব ,   তা ই   না",27,9
"হ্যাঁ, ঠিক বলেছো","হ্যাঁ ,   ঠি ক   ব লে ছো",7,3
নিজের জন্য কিছুটা সময় আমারও দরকার,নি জে র   জ ন্য   কি ছু টা   স ম য়   আ মা র ও   দ র কা র,19,6
এই শুক্রবার একটা গানের প্রতিযোগিতায় অংশগ্রহণ করার কথাও ভাবছি,এ ই   শু ক্র বা র   এ ক টা   গা নে র   প্র তি যো গি তা য়   অ ং শ গ্র হ ণ   ক রা র   ক থা ও   ভা ব ছি,33,9
আমার পছন্দের কাজের সঙ্গে যুক্ত হওয়ায় সাহায্য করবে বলে আশা করি,আ মা র   প ছ ন্দে র   কা জে র   স ঙ্গে   যু ক্ত   হ ও য় া য়   সা হা য্য   ক র বে   ব লে   আ শা   ক রি,31,11
এত ব্যস্ততার মধ্যেও তোমার শখ অনুসরণ করার সময় বের করো কি করে বলো তো,এ ত   ব্য স্ত তা র   ম ধ্যে ও   তো মা র   শ খ   অ নু স র ণ   ক রা র   স ম য়   বে র   ক রো   কি   ক রে   ব লো   তো,35,14
কাজ শুরুর আগে প্রতিদিন সকালে রেওয়াজে বসার চেষ্টা করি,কা জ   শু রু র   আ গে   প্র তি দি ন   স কা লে   রে ও য় া জে   ব সা র   চে ষ্টা   ক রি,26,9
আর কাজ ফেলে না রাখার চেষ্টা করি,আ র   কা জ   ফে লে   না   রা খা র   চে ষ্টা   ক রি,14,7
নিজের পছন্দের কাজগুলো করার জন্য কিছুটা সময় যাতে পাই,নি জে র   প ছ ন্দে র   কা জ গু লো   ক রা র   জ ন্য   কি ছু টা   স ম য়   যা তে   পা ই,26,9
"সেটা করলে, উইকেণ্ডগুলো গান শুনে আর প্র্যাক্টিস করে কাটাতে পারি","সে টা   ক র লে ,   উ ই কে ণ্ড গু লো   গা ন   শু নে   আ র   প্র্যা ক্টি স   ক রে   কা টা তে   পা রি",28,10
আমিও একদম এরকমই করার চেষ্টা করি,আ মি ও   এ ক দ ম   এ র ক ম ই   ক রা র   চে ষ্টা   ক রি,19,6
কিন্তু গত কয়েকটা সপ্তাহ ভীষণ ব্যস্ততায় কেটেছে,কি ন্তু   গ ত   ক য় ে ক টা   স প্তা হ   ভী ষ ণ   ব্য স্ত তা য়   কে টে ছে,22,7
তাও এই উইকেণ্ডেটা বের করতে পেরেছি,তা ও   এ ই   উ ই কে ণ্ডে টা   বে র   ক র তে   পে রে ছি,17,6
কি ধরনের গানের প্রতিযোগিতায় অংশগ্রহণ করছো,কি   ধ র নে র   গা নে র   প্র তি যো গি তা য়   অ ং শ গ্র হ ণ   ক র ছো,23,6
এটা এক ধরনের ইণ্টার-অফিস প্রতিযোগিতা,এ টা   এ ক   ধ র নে র   ই ণ্টা র - অ ফি স   প্র তি যো গি তা,20,5
এই প্রতিযোগিতাটায় আমি আমার অফিসের প্রতিনিধিত্ব করবো,এ ই   প্র তি যো গি তা টা য়   আ মি   আ মা র   অ ফি সে র   প্র তি নি ধি ত্ব   ক র বো,26,7
এটা নিয়ে আমি খুবই উত্তেজিত,এ টা   নি য় ে   আ মি   খু ব ই   উ ত্তে জি ত,14,5
"দারুণ, অবশ্যই অংশগ্রহণ করা উচিত তোমার","দা রু ণ ,   অ ব শ্য ই   অ ং শ গ্র হ ণ   ক রা   উ চি ত   তো মা র",22,6
শুভ কামনা জানালাম,শু ভ   কা ম না   জা না লা ম,9,3
অনেক ধন্যবাদ,অ নে ক   ধ ন্য বা দ,7,2
তোমার যাত্রাও সুরক্ষিত হোক,তো মা র   যা ত্রা ও   সু র ক্ষি ত   হো ক,12,4
"ধন্যবাদ, লেলিনা","ধ ন্য বা দ ,   লে লি না",8,2
