original,tokenized,token_count,word_count
"ਇਕ ਵਿਅਕਤੀ ਦਾ ਪਹਿਰਾਵਾ ਜੀਵੇਂ ਕਿ ਉਸ ਦੇ ਜੁੱਤੇ, ਕੱਪੜੇ, ਨੈਕਟਾਈ,ਆਭੂਸ਼ਣ, ਬਾਲ ਬਣਾਉਣ ਦਾ ਤਰੀਕਾ, ਮੈਕ-ਅੱਪ, ਘੜੀ, ਅਤਰ ਆਦੀ ਉਸ ਦਿਆਂ ਵਿਸ਼ੇਸ਼ਤਵਾਂ ਦਰਸਾਉਂਦਾ ਹੈ I","ਇ ਕ   ਵਿ ਅ ਕ ਤੀ   ਦਾ   ਪ ਹਿ ਰਾ ਵਾ   ਜੀ ਵੇਂ   ਕਿ   ਉ ਸ   ਦੇ   ਜੁ ੱ ਤੇ ,   ਕ ੱ ਪ ੜ ੇ ,   ਨੈ ਕ ਟਾ ਈ , ਆ ਭੂ ਸ ਼ ਣ ,   ਬਾ ਲ   ਬ ਣਾ ਉ ਣ   ਦਾ   ਤ ਰੀ ਕਾ ,   ਮੈ ਕ - ਅ ੱ ਪ ,   ਘ ੜ ੀ ,   ਅ ਤ ਰ   ਆ ਦੀ   ਉ ਸ   ਦਿ ਆ ਂ   ਵਿ ਸ ਼ ੇ ਸ ਼ ਤ ਵਾਂ   ਦ ਰ ਸਾ ਉ ਂ ਦਾ   ਹੈ   I",86,25
ਮਹਾਰਾਸ਼ਟਰਾ ਦੇ ਔਰੰਗਾਬਾਦ ਜਿਲ੍ਹੇ ਵਿੱਚ ਸਥਿਤ ਅਜੰਤਾ ਵਿੱਚ ਉਨੱਤੀ ਕੇਟਿਆ ਅਤੇ ਵਿਹਾਰਾ ਗੁਫ਼ਾਵਾ ਹਨ ਜੋਂ ਪਿਹਲੀ ਸਦੀ ਤੋਂ ਲੈ ਕੇ ਪੰਜਵੀ ਸਦੀ ਤੱਕ ਦੀਆਂ ਮੂਰਤੀਆਂ ਅਤੇ ਚਿਤੱਰਕਾਰੀ ਨਾਲ ਸਜਿਆ ਹੋਈਆਂ ਹਨ I,ਮ ਹਾ ਰਾ ਸ਼ ਟ ਰਾ   ਦੇ   ਔ ਰ ੰ ਗਾ ਬਾ ਦ   ਜਿ ਲ੍ਹੇ   ਵਿ ੱ ਚ   ਸ ਥਿ ਤ   ਅ ਜ ੰ ਤਾ   ਵਿ ੱ ਚ   ਉ ਨ ੱ ਤੀ   ਕੇ ਟਿ ਆ   ਅ ਤੇ   ਵਿ ਹਾ ਰਾ   ਗੁ ਫ਼ ਾ ਵਾ   ਹ ਨ   ਜੋਂ   ਪਿ ਹ ਲੀ   ਸ ਦੀ   ਤੋਂ   ਲੈ   ਕੇ   ਪ ੰ ਜ ਵੀ   ਸ ਦੀ   ਤ ੱ ਕ   ਦੀ ਆ ਂ   ਮੂ ਰ ਤੀ ਆ ਂ   ਅ ਤੇ   ਚਿ ਤ ੱ ਰ ਕਾ ਰੀ   ਨਾ ਲ   ਸ ਜਿ ਆ   ਹੋ ਈ ਆ ਂ   ਹ ਨ   I,92,32
ਸ਼ਰੀਰ ਦਾ ਰੰਗ ਬਾਹਰਲੀ ਸ਼੍ਰੇਣੀ ਨਾਲ ਜੁੜ ਕੇ ਇੱਕ ਵੱਡੇ ਅਕਾਰ ਦੀ ਭਾਂਤ ਦਿੰਦਾ ਹੈ I,ਸ ਼ ਰੀ ਰ   ਦਾ   ਰ ੰ ਗ   ਬਾ ਹ ਰ ਲੀ   ਸ ਼ ੍ ਰੇ ਣੀ   ਨਾ ਲ   ਜੁ ੜ   ਕੇ   ਇ ੱ ਕ   ਵ ੱ ਡੇ   ਅ ਕਾ ਰ   ਦੀ   ਭਾਂ ਤ   ਦਿ ੰ ਦਾ   ਹੈ   I,39,16
"ਅਸ਼ੋਕਾ ਨੇ ਵੱਧ-ਚੜ ਕੇ ਪਧੱਰ ਦਾ ਪ੍ਰਯੋਗ ਕਰਵੇ ਮੂਰਤੀਆਂ ਅਤੇ ਹੋਰ ਸਮਾਰਕ ਬਣਵਾਣ ਦੇ ਲਈ, ਇਸ ਤੋਂ ਪਹਿਲਾਂ ਸਾਰੀਆਂ ਇਮਾਰਤਾਂ ਲੱਕੜ ਅਤੇ ਮਿੱਟੀ ਦਿਆਂ ਬਣਦੀਆਂ ਸਨ I","ਅ ਸ਼ੋ ਕਾ   ਨੇ   ਵ ੱ ਧ - ਚ ੜ   ਕੇ   ਪ ਧ ੱ ਰ   ਦਾ   ਪ੍ਰ ਯੋ ਗ   ਕ ਰ ਵੇ   ਮੂ ਰ ਤੀ ਆ ਂ   ਅ ਤੇ   ਹੋ ਰ   ਸ ਮਾ ਰ ਕ   ਬ ਣ ਵਾ ਣ   ਦੇ   ਲ ਈ ,   ਇ ਸ   ਤੋਂ   ਪ ਹਿ ਲਾਂ   ਸਾ ਰੀ ਆ ਂ   ਇ ਮਾ ਰ ਤਾਂ   ਲ ੱ ਕ ੜ   ਅ ਤੇ   ਮਿ ੱ ਟੀ   ਦਿ ਆ ਂ   ਬ ਣ ਦੀ ਆ ਂ   ਸ ਨ   I",77,27
ਮਹਾਰਾਸ਼ਟਰ ਦੀ ਇਹ ਜ਼ਾਇਕੇਦਾਰ ਅਤੇ ਮਸ਼ਹੂਰ ਪਕਵਾਨ ਬਣਾਉਨਣ ਲਈ ਆਲੂਆਂ ਨੂੰ ਮਸਲਿਆ ਨਾਲ ਰਲਾ ਕੇ ਫ਼ੇਰ ਬੇਸਨ ਦੀ ਇਕ ਪਰਤ ਚੜਾ ਕੇ ਤਲਿਆ ਜਾਂਦਾ ਹੈ I,ਮ ਹਾ ਰਾ ਸ ਼ ਟ ਰ   ਦੀ   ਇ ਹ   ਜ ਼ ਾ ਇ ਕੇ ਦਾ ਰ   ਅ ਤੇ   ਮ ਸ ਼ ਹੂ ਰ   ਪ ਕ ਵਾ ਨ   ਬ ਣਾ ਉ ਨ ਣ   ਲ ਈ   ਆ ਲੂ ਆ ਂ   ਨੂ ੰ   ਮ ਸ ਲਿ ਆ   ਨਾ ਲ   ਰ ਲਾ   ਕੇ   ਫ ਼ ੇ ਰ   ਬੇ ਸ ਨ   ਦੀ   ਇ ਕ   ਪ ਰ ਤ   ਚ ੜ ਾ   ਕੇ   ਤ ਲਿ ਆ   ਜਾਂ ਦਾ   ਹੈ   I,74,26
"ਨਾਟੂਕੋਟਾਈ ਚਿਟੈਆਰ ਜਾਂ ਨਾਗਾਰਾਥਰ ਸਮੁਦਾਈ ਜੋ ਕਿ ਤਾਮਿਲਨਾਡੂ ਰਾਜ ਦੇ ਚੈਟਿਨਾਦ ਇਲਾਕੇ ਤੋਂ ਹਨ, ਓਨ੍ਹਾਂ ਦੇ ਖਾਣ-ਪਿਣ ਨੂੰ ""ਚੈਟਿਨਾਦ ਕੁਰਜ਼ੀਨ"" ਨਾਲ ਜਾਣਿਆ ਜਾਂਦਾ ਹੈ I","ਨਾ ਟੂ ਕੋ ਟਾ ਈ   ਚਿ ਟੈ ਆ ਰ   ਜਾਂ   ਨਾ ਗਾ ਰਾ ਥ ਰ   ਸ ਮੁ ਦਾ ਈ   ਜੋ   ਕਿ   ਤਾ ਮਿ ਲ ਨਾ ਡੂ   ਰਾ ਜ   ਦੇ   ਚੈ ਟਿ ਨਾ ਦ   ਇ ਲਾ ਕੇ   ਤੋਂ   ਹ ਨ ,   ਓ ਨ੍ਹਾਂ   ਦੇ   ਖਾ ਣ - ਪਿ ਣ   ਨੂ ੰ   "" ਚੈ ਟਿ ਨਾ ਦ   ਕੁ ਰ ਜ਼ ੀ ਨ ""   ਨਾ ਲ   ਜਾ ਣਿ ਆ   ਜਾਂ ਦਾ   ਹੈ   I",70,25
ਦਾਲ - ਚੀਨੀ ਇੱਕ ਦੇਸੀ ਮਸਾਲਾ ਹੈ ਅਤੇ ਇਸ ਦੀ ਵਰਤੋਂ ਖਾਣ - ਪੀਣ ਤੋ ਲੈ ਕੇ ਦਵਾਈਆ ਤੱਕ ਕਿਤੀ ਜਾਂਦੀ ਹੈ I,ਦਾ ਲ   -   ਚੀ ਨੀ   ਇ ੱ ਕ   ਦੇ ਸੀ   ਮ ਸਾ ਲਾ   ਹੈ   ਅ ਤੇ   ਇ ਸ   ਦੀ   ਵ ਰ ਤੋਂ   ਖਾ ਣ   -   ਪੀ ਣ   ਤੋ   ਲੈ   ਕੇ   ਦ ਵਾ ਈ ਆ   ਤ ੱ ਕ   ਕਿ ਤੀ   ਜਾਂ ਦੀ   ਹੈ   I,43,23
ਇਸ ਨੂੰ ਮਿਕਸਰ ਜਾ ਘੋਟਣੇ ਦੀ ਵਰਤੋ ਨਾਲ ਚੂਰੇ ਵਿੱਚ ਘੋਟ ਲੋ I,ਇ ਸ   ਨੂ ੰ   ਮਿ ਕ ਸ ਰ   ਜਾ   ਘੋ ਟ ਣੇ   ਦੀ   ਵ ਰ ਤੋ   ਨਾ ਲ   ਚੂ ਰੇ   ਵਿ ੱ ਚ   ਘੋ ਟ   ਲੋ   I,27,13
"ਪੰਜਾਬ ਦੇ ਹਰ ਇੱਕ ਸ਼ਹਿਰ ਦੇ ਖਾਣੇ ਦੀ ਪਸੰਦ ਅਲਗ ਹੈ, ਜੀਵੇਂ ਕਿ ਅੰਮ੍ਰਿਤਸਰ ਦੇ ਲੋਕਾਂ ਨੂੰ ਕੁੱਲਚੇ-ਛੋਲੇ, ਪ੍ਰੌਂਠੇ ਅਤੇ ਦੁੱਧ ਤੋ ਬਣੀ ਚੀਜ਼ਾ ਪਸੰਦ ਹਨ I","ਪ ੰ ਜਾ ਬ   ਦੇ   ਹ ਰ   ਇ ੱ ਕ   ਸ ਼ ਹਿ ਰ   ਦੇ   ਖਾ ਣੇ   ਦੀ   ਪ ਸ ੰ ਦ   ਅ ਲ ਗ   ਹੈ ,   ਜੀ ਵੇਂ   ਕਿ   ਅ ੰ ਮ੍ਰਿ ਤ ਸ ਰ   ਦੇ   ਲੋ ਕਾਂ   ਨੂ ੰ   ਕੁ ੱ ਲ ਚੇ - ਛੋ ਲੇ ,   ਪ੍ਰੌਂ ਠੇ   ਅ ਤੇ   ਦੁ ੱ ਧ   ਤੋ   ਬ ਣੀ   ਚੀ ਜ ਼ ਾ   ਪ ਸ ੰ ਦ   ਹ ਨ   I",70,27
ਰਾਮ ਅਤੇ ਲਕਸ਼ਮਣ ਨੂੰ ਸਾਧੂ ਮੁਨੀ ਨਾਲ ਭੇਜੋਂ I,ਰਾ ਮ   ਅ ਤੇ   ਲ ਕ ਸ ਼ ਮ ਣ   ਨੂ ੰ   ਸਾ ਧੂ   ਮੁ ਨੀ   ਨਾ ਲ   ਭੇ ਜੋਂ   I,21,9
ਮੰਗਲ ਪਾਂਡੇ ਦੀ ਦਲੇਰੀ ਓਨ੍ਹਾਂ ਦੇ ਉੱਚ ਤੇ ਸ਼੍ਰੇਸ਼ਠ ਅਸੂਲਾ ਦਾ ਨਤੀਜਾ ਸੀ I,ਮ ੰ ਗ ਲ   ਪਾਂ ਡੇ   ਦੀ   ਦ ਲੇ ਰੀ   ਓ ਨ੍ਹਾਂ   ਦੇ   ਉ ੱ ਚ   ਤੇ   ਸ ਼ ੍ ਰੇ ਸ ਼ ਠ   ਅ ਸੂ ਲਾ   ਦਾ   ਨ ਤੀ ਜਾ   ਸੀ   I,33,14
ਜਦੋਂ ਪਿਆਜ਼ ਅਧੇ ਪੱਕ ਜਾਣ ਓਦੋਂ ਓਨ੍ਹਾਂ ਵਿੱਚ ਹਲਦੀ ਵਾਲਾ ਮੱਟਨ ਪਾਓ ਅਤੇ ਓਦੋਂ ਤੱਕ ਭੁਨੋ ਜਦੋਂ ਤੱਕ ਸਾਰੇ ਮਸਾਲੇ ਮੱਟਨ ਵਿੱਚ 5-6 ਮਿੰਟਾਂ ਤੱਕ ਜਜ਼ਬ ਨਾ ਹੋ ਜਾਣ I,ਜ ਦੋਂ   ਪਿ ਆ ਜ਼   ਅ ਧੇ   ਪ ੱ ਕ   ਜਾ ਣ   ਓ ਦੋਂ   ਓ ਨ੍ਹਾਂ   ਵਿ ੱ ਚ   ਹ ਲ ਦੀ   ਵਾ ਲਾ   ਮ ੱ ਟ ਨ   ਪਾ ਓ   ਅ ਤੇ   ਓ ਦੋਂ   ਤ ੱ ਕ   ਭੁ ਨੋ   ਜ ਦੋਂ   ਤ ੱ ਕ   ਸਾ ਰੇ   ਮ ਸਾ ਲੇ   ਮ ੱ ਟ ਨ   ਵਿ ੱ ਚ   5 - 6   ਮਿ ੰ ਟਾਂ   ਤ ੱ ਕ   ਜ ਜ਼ ਬ   ਨਾ   ਹੋ   ਜਾ ਣ   I,73,30
"ਹਿਟੋਪਾਦੇਸਾ ਦੂਨੀਆਂ ਭਰ ਦੇ ਗਿਆਨ ਦੀ ਇੱਕ ਕਿਤਾਬ ਹੈ ਜੋ ਕਿ ਪਕਸ਼ੀਆਂ, ਜਾਂਵਰਾ ਅਤੇ ਇਨਸਾਨਾ ਦੇ ਕਿਰਦਾਰਾ ਦੇ ਰਾਹੀ ਵਿੱਦਿਆ ਦਿੰਦੀ ਹੈ I","ਹਿ ਟੋ ਪਾ ਦੇ ਸਾ   ਦੂ ਨੀ ਆ ਂ   ਭ ਰ   ਦੇ   ਗਿ ਆ ਨ   ਦੀ   ਇ ੱ ਕ   ਕਿ ਤਾ ਬ   ਹੈ   ਜੋ   ਕਿ   ਪ ਕ ਸ ਼ ੀ ਆ ਂ ,   ਜਾਂ ਵ ਰਾ   ਅ ਤੇ   ਇ ਨ ਸਾ ਨਾ   ਦੇ   ਕਿ ਰ ਦਾ ਰਾ   ਦੇ   ਰਾ ਹੀ   ਵਿ ੱ ਦਿ ਆ   ਦਿ ੰ ਦੀ   ਹੈ   I",59,23
ਇਸ ਕਿਤਾਬ ਦਾ ਮਕਸਦ ਸੰਸਕ੍ਰਿਤ ਵਿੱਚ ਕੁਸ਼ਲਤਾ ਵੱਧਾਉਣਾ ਅਤੇ ਸਮਝਦਾਰ ਵਿਹਾਰ ਉਕਾਸਾਉਣਾ ਜਾਪਦਾ ਹੈ I,ਇ ਸ   ਕਿ ਤਾ ਬ   ਦਾ   ਮ ਕ ਸ ਦ   ਸ ੰ ਸ ਕ੍ਰਿ ਤ   ਵਿ ੱ ਚ   ਕੁ ਸ ਼ ਲ ਤਾ   ਵ ੱ ਧਾ ਉ ਣਾ   ਅ ਤੇ   ਸ ਮ ਝ ਦਾ ਰ   ਵਿ ਹਾ ਰ   ਉ ਕਾ ਸਾ ਉ ਣਾ   ਜਾ ਪ ਦਾ   ਹੈ   I,48,15
"ਪ੍ਰੋਫ਼ੈਸਰ ਅਸਿਤਕੁਮਾਰ ਬੰਦਯੋਪਧਏ ਨੇ ਆਪਣੇ ਕਿਤਾਬ ""ਹਾਵੜਾ ਸਾਹਾਰੇਰ ਇਤਿਬਰ੍ਰਿਟੋ"" (ਪਿਹਲਾਂ ਅਤੇ ਦੂਜਾ ਭਾਗ) ਆਪਣੇ ਸ਼ਹਿਰ ਹਾਵੜਾ ਦਾ ਇਤਹਾਸ ਸਾਲ 1994 ਅਤੇ 1995 ਵਿੱਚ ਦਰਜ਼ ਕਰ ਕੇ ਇੱਕ ਮੱਹਤਵਪੂਰਨ ਭੂਮਿਕਾ ਨਿਭਾਈ ਹੈ I","ਪ੍ਰੋ ਫ਼ ੈ ਸ ਰ   ਅ ਸਿ ਤ ਕੁ ਮਾ ਰ   ਬ ੰ ਦ ਯੋ ਪ ਧ ਏ   ਨੇ   ਆ ਪ ਣੇ   ਕਿ ਤਾ ਬ   "" ਹਾ ਵ ੜ ਾ   ਸਾ ਹਾ ਰੇ ਰ   ਇ ਤਿ ਬ ਰ੍ਰਿ ਟੋ ""   ( ਪਿ ਹ ਲਾਂ   ਅ ਤੇ   ਦੂ ਜਾ   ਭਾ ਗ )   ਆ ਪ ਣੇ   ਸ਼ ਹਿ ਰ   ਹਾ ਵ ੜ ਾ   ਦਾ   ਇ ਤ ਹਾ ਸ   ਸਾ ਲ   1 9 9 4   ਅ ਤੇ   1 9 9 5   ਵਿ ੱ ਚ   ਦ ਰ ਜ਼   ਕ ਰ   ਕੇ   ਇ ੱ ਕ   ਮ ੱ ਹ ਤ ਵ ਪੂ ਰ ਨ   ਭੂ ਮਿ ਕਾ   ਨਿ ਭਾ ਈ   ਹੈ   I",106,32
ਕੇਟਿਆ ਹਾਲ ਦਾ ਮੂਰ੍ਹਲਾ ਭਾਗ ਇੱਕ ਅਰਧ ਚਕੱਰ ਦੇ ਦੀ ਚਿੱਤਰਕਾਰੀ ਨਾਲ ਭਰੀਆ ਹੋਈਆ ਹੈ ਜੋ ਲਕੜੀ ਦਾ ਬਣੀਆ ਹੋਈਆ ਹੈ ਅਤੇ ਕਈ ਸਥਿਤੀਆ ਵਿੱਚ ਇਹ ਪਰਭਾਵਸ਼ਾਲੀ ਕੇਟਿਆ ਆਰਚ ਖਿੜਕੀ ਨਹੀਂ ਹੁੰਦੀ ਹੈI,ਕੇ ਟਿ ਆ   ਹਾ ਲ   ਦਾ   ਮੂ ਰ੍ਹ ਲਾ   ਭਾ ਗ   ਇ ੱ ਕ   ਅ ਰ ਧ   ਚ ਕ ੱ ਰ   ਦੇ   ਦੀ   ਚਿ ੱ ਤ ਰ ਕਾ ਰੀ   ਨਾ ਲ   ਭ ਰੀ ਆ   ਹੋ ਈ ਆ   ਹੈ   ਜੋ   ਲ ਕ ੜ ੀ   ਦਾ   ਬ ਣੀ ਆ   ਹੋ ਈ ਆ   ਹੈ   ਅ ਤੇ   ਕ ਈ   ਸ ਥਿ ਤੀ ਆ   ਵਿ ੱ ਚ   ਇ ਹ   ਪ ਰ ਭਾ ਵ ਸ਼ਾ ਲੀ   ਕੇ ਟਿ ਆ   ਆ ਰ ਚ   ਖਿ ੜ ਕੀ   ਨ ਹੀਂ   ਹੁ ੰ ਦੀ   ਹੈ I,86,33
ਸਦੀਆਂ ਭਾਰ ਤੋ 'ਮਹਾਰਾਜ' ਅਤੇ 'ਖਾਨਸਾਮਿਆਂ' (ਭਾਰਤ ਵਿੱਚ ਮੁੱਖ ਰਸੋਇਆਂ ਨੂੰ ਰਵਾਇਤੀ ਤੋਰ ਤੇ ਇਸ ਨਾਂ ਨਾਲ ਜਾਨਿਆ ਜਾਂਦਾ ਹੈ) ਨੇ ਪਕਵਾਨਾਂ ਬਨਾਣ ਦੀ ਵਿਧੀ ਨੂੰ ਪੂਰਨ ਕਿਤਾ ਅਤੇ ਇਹ ਵਿਧੀਆਂ ਮੁਹ-ਜ਼ੁਬਾਨੀ ਅਗਲੀ ਪੀੜ੍ਹੀਆਂ ਤੱਕ ਪਹੁੰਚੀਆਂ ਹਨ I,ਸ ਦੀ ਆ ਂ   ਭਾ ਰ   ਤੋ   ' ਮ ਹਾ ਰਾ ਜ '   ਅ ਤੇ   ' ਖਾ ਨ ਸਾ ਮਿ ਆ ਂ '   ( ਭਾ ਰ ਤ   ਵਿ ੱ ਚ   ਮੁ ੱ ਖ   ਰ ਸੋ ਇ ਆ ਂ   ਨੂ ੰ   ਰ ਵਾ ਇ ਤੀ   ਤੋ ਰ   ਤੇ   ਇ ਸ   ਨਾਂ   ਨਾ ਲ   ਜਾ ਨਿ ਆ   ਜਾਂ ਦਾ   ਹੈ )   ਨੇ   ਪ ਕ ਵਾ ਨਾਂ   ਬ ਨਾ ਣ   ਦੀ   ਵਿ ਧੀ   ਨੂ ੰ   ਪੂ ਰ ਨ   ਕਿ ਤਾ   ਅ ਤੇ   ਇ ਹ   ਵਿ ਧੀ ਆ ਂ   ਮੁ ਹ - ਜ਼ ੁ ਬਾ ਨੀ   ਅ ਗ ਲੀ   ਪੀ ੜ ੍ ਹੀ ਆ ਂ   ਤ ੱ ਕ   ਪ ਹੁ ੰ ਚੀ ਆ ਂ   ਹ ਨ   I,113,38
"ਖਾਣੇ ਦੀ ਤਿਆਰੀ ਆਮ ਤੌਰ ਤੇ ""ਵਸਤਾ ਵਜ਼ਾ"" ਜ਼ਾ ਖ਼ਾਨਸਾਮਾ, ਮੁੱਖ ਰਸੋਈਆ ਅਤੇ ਹੋਰ ਵਾਜ਼ਾ ਦੀ ਸਹਾਇਤਾ ਨਾਲ ਕਰਦਾ ਹੈ I","ਖਾ ਣੇ   ਦੀ   ਤਿ ਆ ਰੀ   ਆ ਮ   ਤੌ ਰ   ਤੇ   "" ਵ ਸ ਤਾ   ਵ ਜ ਼ ਾ ""   ਜ ਼ ਾ   ਖ ਼ ਾ ਨ ਸਾ ਮਾ ,   ਮੁ ੱ ਖ   ਰ ਸੋ ਈ ਆ   ਅ ਤੇ   ਹੋ ਰ   ਵਾ ਜ ਼ ਾ   ਦੀ   ਸ ਹਾ ਇ ਤਾ   ਨਾ ਲ   ਕ ਰ ਦਾ   ਹੈ   I",57,21
ਪਾਉ ਭਾਜੀ : ਇਹ ਫਟਾਫਟ ਪਰੋਸਿਆ ਜਾਣ ਵਾਲਾ ਇੱਕ ਪਕਵਾਨ ਹੈ ਜੋਂ ਕਿ ਗਾੜ੍ਹੀ ਸਬਜ਼ੀਆਂ ਦੇ ਘੋਲ (ਭਾਜੀ) ਵਿੱਚ ਮੱਖਣ ਪਾ ਕੇ ਤਿਆਰ ਕਿਤਾ ਜਾਂਦਾ ਹੈ ਅਤੇ ਇੱਕ ਨਰਮ ਬ੍ਰੈਡ ਰੋਲ (ਪਾਵ) ਨਾਲ ਪਰੋਸਿਆ ਜਾਂਦਾ ਹੈ I,ਪਾ ਉ   ਭਾ ਜੀ   :   ਇ ਹ   ਫ ਟਾ ਫ ਟ   ਪ ਰੋ ਸਿ ਆ   ਜਾ ਣ   ਵਾ ਲਾ   ਇ ੱ ਕ   ਪ ਕ ਵਾ ਨ   ਹੈ   ਜੋਂ   ਕਿ   ਗਾ ੜ ੍ ਹੀ   ਸ ਬ ਜ਼ ੀ ਆ ਂ   ਦੇ   ਘੋ ਲ   ( ਭਾ ਜੀ )   ਵਿ ੱ ਚ   ਮ ੱ ਖ ਣ   ਪਾ   ਕੇ   ਤਿ ਆ ਰ   ਕਿ ਤਾ   ਜਾਂ ਦਾ   ਹੈ   ਅ ਤੇ   ਇ ੱ ਕ   ਨ ਰ ਮ   ਬ੍ਰੈ ਡ   ਰੋ ਲ   ( ਪਾ ਵ )   ਨਾ ਲ   ਪ ਰੋ ਸਿ ਆ   ਜਾਂ ਦਾ   ਹੈ   I,89,37
"ਲਾਲ ਡੇਡ ਤੇ ਹੱਬਾ ਖ਼ਾਤੂਨ ਦਿਆ ਕਸ਼ਮੇਰੀ ਰਚਨਾਵਾਂ ਆਪਣੀ ਰਹਸਮਈ ਰੰਗ ਤੇ ਅੰਦਰ ਦੀ ਪੀੜ੍ਹਾ ਬਿਆਨ ਕਰਨ ਲਈ ਜਾਣੇ ਜਾਂਦੇ ਹਨ, ਮੀਰਾਬਾਈ ਦੀ ਰਾਜਸਥਾਨੀ ਰਚਨਾਵਾਂ ਆਪਣੀ ਅਨੋਖੀ ਧਾਰਮਿਕ ਗੁਣ, ਅੰਢਲ ਦਾ ਤਾਮਿਲ ਰਹੱਸਵਾਦ ਅਤੇ ਅੱਕਕਾ ਮਹਾਦੇਵੀ ਦੀ ਕੱਨੜਾ ਵਿੱਚ ਵਚਨਾਸ , ਇਹ ਸੱਬ ਮਹਿਲਾਵਾਂ ਦੇ ਸਾਹਿਤ ਵਿੱਚ ਮਹਾਨ ਯੋਗਦਾਨ ਦੇ ਗਵਾਹ ਹਨ I","ਲਾ ਲ   ਡੇ ਡ   ਤੇ   ਹ ੱ ਬਾ   ਖ਼ ਾ ਤੂ ਨ   ਦਿ ਆ   ਕ ਸ਼ ਮੇ ਰੀ   ਰ ਚ ਨਾ ਵਾਂ   ਆ ਪ ਣੀ   ਰ ਹ ਸ ਮ ਈ   ਰ ੰ ਗ   ਤੇ   ਅ ੰ ਦ ਰ   ਦੀ   ਪੀ ੜ ੍ ਹਾ   ਬਿ ਆ ਨ   ਕ ਰ ਨ   ਲ ਈ   ਜਾ ਣੇ   ਜਾਂ ਦੇ   ਹ ਨ ,   ਮੀ ਰਾ ਬਾ ਈ   ਦੀ   ਰਾ ਜ ਸ ਥਾ ਨੀ   ਰ ਚ ਨਾ ਵਾਂ   ਆ ਪ ਣੀ   ਅ ਨੋ ਖੀ   ਧਾ ਰ ਮਿ ਕ   ਗੁ ਣ ,   ਅ ੰ ਢ ਲ   ਦਾ   ਤਾ ਮਿ ਲ   ਰ ਹ ੱ ਸ ਵਾ ਦ   ਅ ਤੇ   ਅ ੱ ਕ ਕਾ   ਮ ਹਾ ਦੇ ਵੀ   ਦੀ   ਕ ੱ ਨ ੜ ਾ   ਵਿ ੱ ਚ   ਵ ਚ ਨਾ ਸ   ,   ਇ ਹ   ਸ ੱ ਬ   ਮ ਹਿ ਲਾ ਵਾਂ   ਦੇ   ਸਾ ਹਿ ਤ   ਵਿ ੱ ਚ   ਮ ਹਾ ਨ   ਯੋ ਗ ਦਾ ਨ   ਦੇ   ਗ ਵਾ ਹ   ਹ ਨ   I",153,53
ਬੋਧੀ ਚਿੱਤਰਕਰੀ ਵਾਲਿਆ ਬਾਗ ਗੁਫ਼ਾ ਮੱਧਿਆ ਪ੍ਰਦੇਸ਼ ਦੇ ਧਾਰ ਜਿਲ੍ਹੇ ਤੋ 97 ਕਿਲੋਮੀਟਰ ਦੀ ਦੂਰੀ ਤੇ ਸਥਿਤ ਹਨ I,ਬੋ ਧੀ   ਚਿ ੱ ਤ ਰ ਕ ਰੀ   ਵਾ ਲਿ ਆ   ਬਾ ਗ   ਗੁ ਫ ਼ ਾ   ਮ ੱ ਧਿ ਆ   ਪ੍ਰ ਦੇ ਸ ਼   ਦੇ   ਧਾ ਰ   ਜਿ ਲ੍ਹੇ   ਤੋ   9 7   ਕਿ ਲੋ ਮੀ ਟ ਰ   ਦੀ   ਦੂ ਰੀ   ਤੇ   ਸ ਥਿ ਤ   ਹ ਨ   I,48,19
"ਸੰਸਕ੍ਰਿਤ ਸਾਹਿਤ ਵਿੱਚ ""ਮੁਲਾ"" ਸ਼ਬਦ ਦਾ ਮਤਲਬ ਹੈ ਪੌਦੇ ਜਾਂ ਰੁੱਖ ਦੀਆਂ ਜੜ੍ਹਾਂ ਪਰ ਅਲੰਕਾਰਕ ਤੋਰ ਤੇ ਇਹ ਕਿਸੇ ਚੀਜ਼ ਦਾ ਵੀ ਹੇਠਲਾਂ ਹਿੱਸਾ ਹੋ ਸਕਦਾ ਹੈ I","ਸ ੰ ਸ ਕ੍ਰਿ ਤ   ਸਾ ਹਿ ਤ   ਵਿ ੱ ਚ   "" ਮੁ ਲਾ ""   ਸ਼ ਬ ਦ   ਦਾ   ਮ ਤ ਲ ਬ   ਹੈ   ਪੌ ਦੇ   ਜਾਂ   ਰੁ ੱ ਖ   ਦੀ ਆ ਂ   ਜ ੜ ੍ ਹਾਂ   ਪ ਰ   ਅ ਲ ੰ ਕਾ ਰ ਕ   ਤੋ ਰ   ਤੇ   ਇ ਹ   ਕਿ ਸੇ   ਚੀ ਜ਼   ਦਾ   ਵੀ   ਹੇ ਠ ਲਾਂ   ਹਿ ੱ ਸਾ   ਹੋ   ਸ ਕ ਦਾ   ਹੈ   I",68,28
"ਸਿੰਦੂ ਘਾਟੀ ਸੱਭਿਅਤਾ, ਵੱਖ-ਵੱਖ ਖੇਤਰਾਂ ਵਿੱਚ ਆਪਣੀ ਤਕਨੀਕੀ ਗਿਆਨ ਲਈ ਜਾਣੀ ਜਾਂਦੀ ਹੈ I","ਸਿ ੰ ਦੂ   ਘਾ ਟੀ   ਸ ੱ ਭਿ ਅ ਤਾ ,   ਵ ੱ ਖ - ਵ ੱ ਖ   ਖੇ ਤ ਰਾਂ   ਵਿ ੱ ਚ   ਆ ਪ ਣੀ   ਤ ਕ ਨੀ ਕੀ   ਗਿ ਆ ਨ   ਲ ਈ   ਜਾ ਣੀ   ਜਾਂ ਦੀ   ਹੈ   I",42,14
ਸਾਰੇ ਕੌਰਵਾ ਦੀ ਮਿਰਤੂ ਹੋ ਜਾਂਦੀ ਹੈ ਅਤੇ ਸਿਰਫ਼ ਪੰਜ ਪਾਂਡਵ ਭਾਈ ਅਤੇ ਕ੍ਰਿਸ਼ਨਾ ਬਚਦੇ ਹਨ I,ਸਾ ਰੇ   ਕੌ ਰ ਵਾ   ਦੀ   ਮਿ ਰ ਤੂ   ਹੋ   ਜਾਂ ਦੀ   ਹੈ   ਅ ਤੇ   ਸਿ ਰ ਫ ਼   ਪ ੰ ਜ   ਪਾਂ ਡ ਵ   ਭਾ ਈ   ਅ ਤੇ   ਕ੍ਰਿ ਸ ਼ ਨਾ   ਬ ਚ ਦੇ   ਹ ਨ   I,39,17
ਇਹ ਯੁੱਧ 18 ਦੀਨਾਂ ਤੱਕ ਚੱਲਿਆ ਅਤੇ ਕੌਰਵਾ ਦੀ ਹਾਰ ਨਾਲ ਇਸ ਦਾ ਅੰਤ ਹੋਇਆਂ I,ਇ ਹ   ਯੁ ੱ ਧ   1 8   ਦੀ ਨਾਂ   ਤ ੱ ਕ   ਚ ੱ ਲਿ ਆ   ਅ ਤੇ   ਕੌ ਰ ਵਾ   ਦੀ   ਹਾ ਰ   ਨਾ ਲ   ਇ ਸ   ਦਾ   ਅ ੰ ਤ   ਹੋ ਇ ਆ ਂ   I,37,16
"ਮਹਾਭਾਰਤਾ ਦਾ ਪ੍ਰਮੁੱਖ ਸੰਘਰਸ਼ ਹੈ ਹਸਤੀਨਾਪੁਰ ਰਾਜ ਦੀ ਉਤੱਰਧਿਕਾਰੀ, ਜੋ ਕਿ ਵਰਤਮਾਨ ਦਿੱਲੀ ਦੇ ਉੱਤਰ ਵਿੱਚ ""ਭਾਰਤਾ"" ਕਬੀਲੇ ਦਾ ਪਿਤਰਵਲੀ ਨਿਵਾਸ ਸੀ I","ਮ ਹਾ ਭਾ ਰ ਤਾ   ਦਾ   ਪ੍ਰ ਮੁ ੱ ਖ   ਸ ੰ ਘ ਰ ਸ਼   ਹੈ   ਹ ਸ ਤੀ ਨਾ ਪੁ ਰ   ਰਾ ਜ   ਦੀ   ਉ ਤ ੱ ਰ ਧਿ ਕਾ ਰੀ ,   ਜੋ   ਕਿ   ਵ ਰ ਤ ਮਾ ਨ   ਦਿ ੱ ਲੀ   ਦੇ   ਉ ੱ ਤ ਰ   ਵਿ ੱ ਚ   "" ਭਾ ਰ ਤਾ ""   ਕ ਬੀ ਲੇ   ਦਾ   ਪਿ ਤ ਰ ਵ ਲੀ   ਨਿ ਵਾ ਸ   ਸੀ   I",70,23
ਕਰਨਾਟਕ ਰਾਜ ਵਿੱਚ ਵੈਸ਼ਨੂੰ ਖਾਣਾ ਖਾਣ ਵਾਲਿਆ ਦੀ ਸੰਖਿਆ ਮਾਸ- ਮੱਛੀ ਖਾਣ ਵਾਲਿਆ ਤੋ ਜ਼ਿਆਦਾ ਹੈ ਇਸ ਲਈ ਉਨ੍ਹਾਂ ਦੇ ਖਾਣ- ਪਾਣ ਵਿੱਚ ਸ਼ਾਕਾਹਾਰੀ ਭੋਜਨ ਅਧਿਕਤਾ ਵਿੱਚ ਬਣਾਈਆਂ ਜਾਂਦਾ ਹੈ I,ਕ ਰ ਨਾ ਟ ਕ   ਰਾ ਜ   ਵਿ ੱ ਚ   ਵੈ ਸ ਼ ਨੂ ੰ   ਖਾ ਣਾ   ਖਾ ਣ   ਵਾ ਲਿ ਆ   ਦੀ   ਸ ੰ ਖਿ ਆ   ਮਾ ਸ -   ਮ ੱ ਛੀ   ਖਾ ਣ   ਵਾ ਲਿ ਆ   ਤੋ   ਜ ਼ ਿ ਆ ਦਾ   ਹੈ   ਇ ਸ   ਲ ਈ   ਉ ਨ੍ਹਾਂ   ਦੇ   ਖਾ ਣ -   ਪਾ ਣ   ਵਿ ੱ ਚ   ਸ ਼ ਾ ਕਾ ਹਾ ਰੀ   ਭੋ ਜ ਨ   ਅ ਧਿ ਕ ਤਾ   ਵਿ ੱ ਚ   ਬ ਣਾ ਈ ਆ ਂ   ਜਾਂ ਦਾ   ਹੈ   I,85,31
ਇਸ ਦਾ ਜਵਾਬ ਸੰਜੈ ਦਿੰਦਾ ਹੈ ਜੋ ਜੰਗ ਦੇ ਮੈਦਾਨ ਤੇ ਵਾਪਰ ਰਹੀ ਸਾਰੀ ਘਟਨਾਵਾਂ ਬਾਰੇ ਵਰਣਨ ਕਰਦਾ ਹੈ I,ਇ ਸ   ਦਾ   ਜ ਵਾ ਬ   ਸ ੰ ਜੈ   ਦਿ ੰ ਦਾ   ਹੈ   ਜੋ   ਜ ੰ ਗ   ਦੇ   ਮੈ ਦਾ ਨ   ਤੇ   ਵਾ ਪ ਰ   ਰ ਹੀ   ਸਾ ਰੀ   ਘ ਟ ਨਾ ਵਾਂ   ਬਾ ਰੇ   ਵ ਰ ਣ ਨ   ਕ ਰ ਦਾ   ਹੈ   I,44,20
ਤਾਮਿਲ ਭਾਸ਼ਾ ਵਿੱਚ ਦੋ ਬੀਰ ਗਾਥਾ ਪਾਏ ਜਾਂਦੇ ਹਨ ਜੋ ਕਿ ਸਿਲਾਪਾਠੀਕਰਮ ਅਤੇ ਮਨੀਮੈਕਲਾਈ ਹਨ,ਤਾ ਮਿ ਲ   ਭਾ ਸ਼ਾ   ਵਿ ੱ ਚ   ਦੋ   ਬੀ ਰ   ਗਾ ਥਾ   ਪਾ ਏ   ਜਾਂ ਦੇ   ਹ ਨ   ਜੋ   ਕਿ   ਸਿ ਲਾ ਪਾ ਠੀ ਕ ਰ ਮ   ਅ ਤੇ   ਮ ਨੀ ਮੈ ਕ ਲਾ ਈ   ਹ ਨ,38,15
ਇਸ ਇਲਾਕੇ ਵਿੱਚ ਮਿਰਚ ਦੀ ਵਰਤੋ ਧਿਆਨ ਨਾਲ ਕਿਤੀ ਜਾਂਦੀ ਹੈ I,ਇ ਸ   ਇ ਲਾ ਕੇ   ਵਿ ੱ ਚ   ਮਿ ਰ ਚ   ਦੀ   ਵ ਰ ਤੋ   ਧਿ ਆ ਨ   ਨਾ ਲ   ਕਿ ਤੀ   ਜਾਂ ਦੀ   ਹੈ   I,26,12
"ਸੰਸਕ੍ਰਿਤ ਭਾਸ਼ਾ ਤੋ ਲਿਆ ਗਿਆ ਸ਼ਬਦ, ""ਯੋਗਾ"" ਦਾ ਮੂਲ ਸ਼ਬਦ ਹੈ ""ਯੁਜ"" ਜਿਸ ਦਾ ਅਰਥ ਹੁੰਦਾ ਹੈ ਜੋੜਨਾ ਜਾਂ ਇੱਕਥੇ ਕਰਨਾ I","ਸ ੰ ਸ ਕ੍ਰਿ ਤ   ਭਾ ਸ਼ਾ   ਤੋ   ਲਿ ਆ   ਗਿ ਆ   ਸ਼ ਬ ਦ ,   "" ਯੋ ਗਾ ""   ਦਾ   ਮੂ ਲ   ਸ਼ ਬ ਦ   ਹੈ   "" ਯੁ ਜ ""   ਜਿ ਸ   ਦਾ   ਅ ਰ ਥ   ਹੁ ੰ ਦਾ   ਹੈ   ਜੋ ੜ ਨਾ   ਜਾਂ   ਇ ੱ ਕ ਥੇ   ਕ ਰ ਨਾ   I",53,22
ਵਰਤਾਮਾਣ ਯੁੱਗ ਦਾ ਉੜੀਸੀ ਨਿਰਤ ਉੜੀਸਾ ਦੇ ਮੰਦਿਰਾਂ ਵਿੱਚ ਮੂਰਤੀਆਂ ਤੇ ਚਿਨ੍ਹਾਂ ਤੋ ਵਿਕਸਿਤ ਹੋਇਆਂ ਹੈ I,ਵ ਰ ਤਾ ਮਾ ਣ   ਯੁ ੱ ਗ   ਦਾ   ਉ ੜ ੀ ਸੀ   ਨਿ ਰ ਤ   ਉ ੜ ੀ ਸਾ   ਦੇ   ਮ ੰ ਦਿ ਰਾਂ   ਵਿ ੱ ਚ   ਮੂ ਰ ਤੀ ਆ ਂ   ਤੇ   ਚਿ ਨ੍ਹਾਂ   ਤੋ   ਵਿ ਕ ਸਿ ਤ   ਹੋ ਇ ਆ ਂ   ਹੈ   I,47,17
"ਵਸਿਸ਼ਥਾ ਨੇ ਹੁਣ ਰਾਜੇ ਵਲ ਮੁੜ ਤੇ ਕਿਹਾ,""`ਇਹ ਤੁਹਾਨੂੰ ਸ਼ੋਭਾ ਨਹੀਂ ਦਿੰਦਾ, ਇੱਕ ਵਾਰ ਵਾਅਦਾ ਕਰ ਕੇ ਮੁੜ ਮਨਾਂ ਕਰ ਦੇਣਾ I","ਵ ਸਿ ਸ਼ ਥਾ   ਨੇ   ਹੁ ਣ   ਰਾ ਜੇ   ਵ ਲ   ਮੁ ੜ   ਤੇ   ਕਿ ਹਾ , "" ` ਇ ਹ   ਤੁ ਹਾ ਨੂ ੰ   ਸ਼ੋ ਭਾ   ਨ ਹੀਂ   ਦਿ ੰ ਦਾ ,   ਇ ੱ ਕ   ਵਾ ਰ   ਵਾ ਅ ਦਾ   ਕ ਰ   ਕੇ   ਮੁ ੜ   ਮ ਨਾਂ   ਕ ਰ   ਦੇ ਣਾ   I",53,22
ਜਦੋਂ ਕ੍ਰਿਸ਼ਣਾ ਨੂੰ ਅਰਜੂਨ ਦੀ ਮਾਯੂਸੀ ਦੀ ਸੀਮਾ ਦਾ ਬਾਂਤ ਲਗਦਾ ਹੈ ਓਦੋਂ ਹੀ ਉਹ ਆਪਣਾ ਰਵਿਆ ਬਦਲਦੇ ਹਨ ਅਤੇ ਉਸ ਨੂੰ ਧਾਰਮਿਕ ਕ੍ਰਿਆ ਦੇ ਰਹਸ ਬਾਰੇ ਗਿਆਨ ਦਿੰਦੇ ਹਨ I,ਜ ਦੋਂ   ਕ੍ਰਿ ਸ਼ ਣਾ   ਨੂ ੰ   ਅ ਰ ਜੂ ਨ   ਦੀ   ਮਾ ਯੂ ਸੀ   ਦੀ   ਸੀ ਮਾ   ਦਾ   ਬਾਂ ਤ   ਲ ਗ ਦਾ   ਹੈ   ਓ ਦੋਂ   ਹੀ   ਉ ਹ   ਆ ਪ ਣਾ   ਰ ਵਿ ਆ   ਬ ਦ ਲ ਦੇ   ਹ ਨ   ਅ ਤੇ   ਉ ਸ   ਨੂ ੰ   ਧਾ ਰ ਮਿ ਕ   ਕ੍ਰਿ ਆ   ਦੇ   ਰ ਹ ਸ   ਬਾ ਰੇ   ਗਿ ਆ ਨ   ਦਿ ੰ ਦੇ   ਹ ਨ   I,69,31
ਜੀਵੇਂ - ਜੀਵੇਂ ਤੁਸੀ ਪਤੀਲੇ ਵਿੱਚ ਚਾਵਲ ਦਾ ਅੱਟਾ ਮਿਲਾ ਰਹੇ ਹੋ ਨਾਲ ਹੀ ਥੋੜਾ ਸੁਕਾ ਨਾਰੀਅਲ ਵੀ ਉਸ ਨਾਲ ਮਿਲਾ ਦੋ I,ਜੀ ਵੇਂ   -   ਜੀ ਵੇਂ   ਤੁ ਸੀ   ਪ ਤੀ ਲੇ   ਵਿ ੱ ਚ   ਚਾ ਵ ਲ   ਦਾ   ਅ ੱ ਟਾ   ਮਿ ਲਾ   ਰ ਹੇ   ਹੋ   ਨਾ ਲ   ਹੀ   ਥੋ ੜ ਾ   ਸੁ ਕਾ   ਨਾ ਰੀ ਅ ਲ   ਵੀ   ਉ ਸ   ਨਾ ਲ   ਮਿ ਲਾ   ਦੋ   I,46,23
ਤੁਸੀ ਇੱਕ ਚਮਚ ਭਰ ਕੇ ਨਾਰੀਅਲ ਦਾ ਬੁਰਾਦਾ ਸਲੰਨਡਰ ਆਕਾਰ ਵਾਲੇ ਬਾਂਡੇ ਵਿੱਚ ਪਾਓ ਅਤੇ ਇਸ ਤੋ ਬਾਅਦ ਚਾਵਲ ਦਾ ਆਟਾ ਚੰਗੀ ਤਰ੍ਹਾ ਮਿਲਾਓ I,ਤੁ ਸੀ   ਇ ੱ ਕ   ਚ ਮ ਚ   ਭ ਰ   ਕੇ   ਨਾ ਰੀ ਅ ਲ   ਦਾ   ਬੁ ਰਾ ਦਾ   ਸ ਲ ੰ ਨ ਡ ਰ   ਆ ਕਾ ਰ   ਵਾ ਲੇ   ਬਾਂ ਡੇ   ਵਿ ੱ ਚ   ਪਾ ਓ   ਅ ਤੇ   ਇ ਸ   ਤੋ   ਬਾ ਅ ਦ   ਚਾ ਵ ਲ   ਦਾ   ਆ ਟਾ   ਚ ੰ ਗੀ   ਤ ਰ੍ਹਾ   ਮਿ ਲਾ ਓ   I,60,25
ਮਹਾਰਾਜਾ ਰਣਜੀਤ ਸਿੰਘ ਦੀ ਪ੍ਰਤਿਭਾ ਹੇਠ ਨੈਨਡੇਡ ਵਿੱਚ 1935 ਈ ਦੇ ਲੱਗ - ਭਗ ਇੱਕ ਖੂਬਸੂਰਤ ਤੇ ਸ਼ਾਨਦਾਰ ਗੁਰਦੁਵਾਰਾ ਦੀ ਊਸਾਰੀ ਹੋਈ ਜਿਸ ਦਾ ਆਲੀਸ਼ਾਨ ਗੁੰਬਦ ਸੀ ਜਿਸ ਉਪਰ ਪੇਚੀਦਾ ਉੱਕਰਨ ਕਿਤਾ ਹੋਈਆਂ ਸੀ I,ਮ ਹਾ ਰਾ ਜਾ   ਰ ਣ ਜੀ ਤ   ਸਿ ੰ ਘ   ਦੀ   ਪ੍ਰ ਤਿ ਭਾ   ਹੇ ਠ   ਨੈ ਨ ਡੇ ਡ   ਵਿ ੱ ਚ   1 9 3 5   ਈ   ਦੇ   ਲ ੱ ਗ   -   ਭ ਗ   ਇ ੱ ਕ   ਖੂ ਬ ਸੂ ਰ ਤ   ਤੇ   ਸ ਼ ਾ ਨ ਦਾ ਰ   ਗੁ ਰ ਦੁ ਵਾ ਰਾ   ਦੀ   ਊ ਸਾ ਰੀ   ਹੋ ਈ   ਜਿ ਸ   ਦਾ   ਆ ਲੀ ਸ਼ਾ ਨ   ਗੁ ੰ ਬ ਦ   ਸੀ   ਜਿ ਸ   ਉ ਪ ਰ   ਪੇ ਚੀ ਦਾ   ਉ ੱ ਕ ਰ ਨ   ਕਿ ਤਾ   ਹੋ ਈ ਆ ਂ   ਸੀ   I,95,35
ਸਾਮਵੇਦਾਂ ਇਨ੍ਹਾਂ ਚੁਣੇ ਹੋਏ ਰੁੱਚਾ ਦਾ ਸੰਕਲਨ ਹੈ ਜੋ ਕਿ ਸਵਾਰਾਸ ਤੇ ਤੈਅ ਕਰ ਕੇ ਓਨ੍ਹਾਂ ਦੇ ਪ੍ਰਸਤਾਵਿਤ ਚੰਦਾ ਜਾਂ ਤਾਲਬੱਧ ਮੀਟਰ ਨੂੰ ਰੱਖ ਕੇ ਕਿਤਾ ਗਿਆ ਹੈ I,ਸਾ ਮ ਵੇ ਦਾਂ   ਇ ਨ੍ਹਾਂ   ਚੁ ਣੇ   ਹੋ ਏ   ਰੁ ੱ ਚਾ   ਦਾ   ਸ ੰ ਕ ਲ ਨ   ਹੈ   ਜੋ   ਕਿ   ਸ ਵਾ ਰਾ ਸ   ਤੇ   ਤੈ ਅ   ਕ ਰ   ਕੇ   ਓ ਨ੍ਹਾਂ   ਦੇ   ਪ੍ਰ ਸ ਤਾ ਵਿ ਤ   ਚ ੰ ਦਾ   ਜਾਂ   ਤਾ ਲ ਬ ੱ ਧ   ਮੀ ਟ ਰ   ਨੂ ੰ   ਰ ੱ ਖ   ਕੇ   ਕਿ ਤਾ   ਗਿ ਆ   ਹੈ   I,64,29
ਵਾਲਮੀਕੀ ਦੀ ਕੋਸਾਲਾ ਰਾਜਧਾਨੀ ਦੇ ਵੇਰਵੇ ਤੋਂ ਇਹ ਗੱਲ ਸਾਫ਼ ਹੈ ਕਿ ਪ੍ਰਾਚੀਨ ਅਯੋਧਿਆ ਸਾਡੇ ਅੱਜ ਦੇ ਸ਼ਹਿਰਾ ਤੋਂ ਕੁੱਛ ਘਟ ਨਹੀਂ ਸੀ I,ਵਾ ਲ ਮੀ ਕੀ   ਦੀ   ਕੋ ਸਾ ਲਾ   ਰਾ ਜ ਧਾ ਨੀ   ਦੇ   ਵੇ ਰ ਵੇ   ਤੋਂ   ਇ ਹ   ਗ ੱ ਲ   ਸਾ ਫ਼   ਹੈ   ਕਿ   ਪ੍ਰਾ ਚੀ ਨ   ਅ ਯੋ ਧਿ ਆ   ਸਾ ਡੇ   ਅ ੱ ਜ   ਦੇ   ਸ਼ ਹਿ ਰਾ   ਤੋਂ   ਕੁ ੱ ਛ   ਘ ਟ   ਨ ਹੀਂ   ਸੀ   I,52,24
"ਇੱਕ ਵਾਰ 'ਮੈਂ ਕਰੂੰਗਾ' ਕਿਹ ਕੇ, ਤੁਹਾਡੇ ਕੋਲ ਉਸ ਨੂੰ ਕਰਨ ਤੋਂ ਇਲਾਵਾਂ ਹੋਰ ਕੋਈ ਵਿਕਲਪ ਨਹੀਂ ਹੈ I","ਇ ੱ ਕ   ਵਾ ਰ   ' ਮੈਂ   ਕ ਰੂ ੰ ਗਾ '   ਕਿ ਹ   ਕੇ ,   ਤੁ ਹਾ ਡੇ   ਕੋ ਲ   ਉ ਸ   ਨੂ ੰ   ਕ ਰ ਨ   ਤੋਂ   ਇ ਲਾ ਵਾਂ   ਹੋ ਰ   ਕੋ ਈ   ਵਿ ਕ ਲ ਪ   ਨ ਹੀਂ   ਹੈ   I",44,19
ਅੱਜ-ਕੱਲ ਦੇ ਦਿਨਾਂ ਵਿੱਚ ਰੁਪਏ ਦੇ ਐਕਸਚੇਂਜ ਭਾਅ ਨੂੰ ਲੈ ਕੇ ਅਤੇ ਆਪਣੇ ਫੋਰੇਕਸ ਰਿਜ਼ਰਵ ਦੀ ਸਮਰਥਾ ਨੂੰ ਲੈ ਕੇ ਅਲੱਗ-ਅਲੱਗ ਵਿਚਾਰ ਸਾਮਣੇ ਆ ਰਹੇ ਹਨ I,ਅ ੱ ਜ - ਕ ੱ ਲ   ਦੇ   ਦਿ ਨਾਂ   ਵਿ ੱ ਚ   ਰੁ ਪ ਏ   ਦੇ   ਐ ਕ ਸ ਚੇਂ ਜ   ਭਾ ਅ   ਨੂ ੰ   ਲੈ   ਕੇ   ਅ ਤੇ   ਆ ਪ ਣੇ   ਫੋ ਰੇ ਕ ਸ   ਰਿ ਜ਼ ਰ ਵ   ਦੀ   ਸ ਮ ਰ ਥਾ   ਨੂ ੰ   ਲੈ   ਕੇ   ਅ ਲ ੱ ਗ - ਅ ਲ ੱ ਗ   ਵਿ ਚਾ ਰ   ਸਾ ਮ ਣੇ   ਆ   ਰ ਹੇ   ਹ ਨ   I,71,27
ਜਦੋਂ ਕੋਈ ਉਧਾਰ ਕਾਰਡ ਖਾਤਾ ਤਿੰਨ ਦਿਨਾਂ ਤੋਂ ਵੱਧ ਪਿਚਲਾਂ ਬਕਾਇਆ ਦਿਖਾਂਦਾ ਹੈ ਸਿਰਫ਼ ਓਦੋਂ ਹੀ ਬੈਂਕ ਉਧਾਰ ਸੂਚ ਕੰਪਨੀਆਂ (ਸਿ,ਜ ਦੋਂ   ਕੋ ਈ   ਉ ਧਾ ਰ   ਕਾ ਰ ਡ   ਖਾ ਤਾ   ਤਿ ੰ ਨ   ਦਿ ਨਾਂ   ਤੋਂ   ਵ ੱ ਧ   ਪਿ ਚ ਲਾਂ   ਬ ਕਾ ਇ ਆ   ਦਿ ਖਾਂ ਦਾ   ਹੈ   ਸਿ ਰ ਫ਼   ਓ ਦੋਂ   ਹੀ   ਬੈਂ ਕ   ਉ ਧਾ ਰ   ਸੂ ਚ   ਕ ੰ ਪ ਨੀ ਆ ਂ   ( ਸਿ,53,21
ਐਲ,ਐ ਲ,2,1
ਸਿ) ਨੂੰ ਸੂਚਿਤ ਕਰ ਸਕਦਾ ਹੈ ਕਿ ਇਦਾਂ ਪਿਚਲਾਂ ਬਕਾਇਆ ਹੈ ਜਾਂ ਪਿਛੇਤੀ ਭੁਗਤਾਨ ਰਿਹੰਦਾ ਹੈ ਇਸਲਈ ਜ਼ੁਰਮਾਨਾ ਲੱਗ ਸਕਦਾ ਹੈ I,ਸਿ )   ਨੂ ੰ   ਸੂ ਚਿ ਤ   ਕ ਰ   ਸ ਕ ਦਾ   ਹੈ   ਕਿ   ਇ ਦਾਂ   ਪਿ ਚ ਲਾਂ   ਬ ਕਾ ਇ ਆ   ਹੈ   ਜਾਂ   ਪਿ ਛੇ ਤੀ   ਭੁ ਗ ਤਾ ਨ   ਰਿ ਹ ੰ ਦਾ   ਹੈ   ਇ ਸ ਲ ਈ   ਜ਼ ੁ ਰ ਮਾ ਨਾ   ਲ ੱ ਗ   ਸ ਕ ਦਾ   ਹੈ   I,54,22
ਆਪਣੀ ਆਰਥਿਕ ਸਥਿਤੀ ਸੁਧਾਰਨ ਲਈ ਦੇਸ਼ ਅੰਦਰੋਂ ਹੀ ਸਿੱਧਾ ਨਿਵੇਸ਼ ਕਰਨ ਲਈ ਉਕਸਾ ਸਕਦਾ ਹੈ I,ਆ ਪ ਣੀ   ਆ ਰ ਥਿ ਕ   ਸ ਥਿ ਤੀ   ਸੁ ਧਾ ਰ ਨ   ਲ ਈ   ਦੇ ਸ਼   ਅ ੰ ਦ ਰੋਂ   ਹੀ   ਸਿ ੱ ਧਾ   ਨਿ ਵੇ ਸ਼   ਕ ਰ ਨ   ਲ ਈ   ਉ ਕ ਸਾ   ਸ ਕ ਦਾ   ਹੈ   I,42,16
"ਪਰੰਤੂ ਪ੍ਰੋਤਸਾਹਨ ਦੇ ਤੋਰ ਤੇ, ਗਠੜੀ ਦੀ ਛੇਤੀ ਤਾਮੀਲ ਦੇ ਲਈ , ਜੇ ਮਜ਼ੂਰਸ਼ੁਦਾ ਗਠੜੀ ਬੈਂਕ ਵਿਚੋਂ ਅਰਜ਼ੀ ਦੀ ਰਸੀਦ ਦੇ 90 ਦਿਨਾਂ ਵਿਚੋਂ ਲਾਗੂ ਹੋ ਜਾਂਦੀ ਹੈ, ਤਾਂ ਜਾਈਦਾਦ ਦਾ ਵਰਗੀਕਰਨ ਦਾ ਦਰਜਾ ਵਾਪਸ ਉਸੀ ਸਥਾਨ ਵਿੱਚ ਆ ਜਾਵੇਗਾ ਜਿਥੇ ਪਹਿਲਾਂ ਸੀ ਜਦੋਂ ਅਰਜ਼ੀ ਬੈਂਕ ਵਲੋਂ ਪ੍ਰਾਪਤ ਹੋਈ ਸੀ I","ਪ ਰ ੰ ਤੂ   ਪ੍ਰੋ ਤ ਸਾ ਹ ਨ   ਦੇ   ਤੋ ਰ   ਤੇ ,   ਗ ਠ ੜ ੀ   ਦੀ   ਛੇ ਤੀ   ਤਾ ਮੀ ਲ   ਦੇ   ਲ ਈ   ,   ਜੇ   ਮ ਜ਼ ੂ ਰ ਸ਼ੁ ਦਾ   ਗ ਠ ੜ ੀ   ਬੈਂ ਕ   ਵਿ ਚੋਂ   ਅ ਰ ਜ਼ ੀ   ਦੀ   ਰ ਸੀ ਦ   ਦੇ   9 0   ਦਿ ਨਾਂ   ਵਿ ਚੋਂ   ਲਾ ਗੂ   ਹੋ   ਜਾਂ ਦੀ   ਹੈ ,   ਤਾਂ   ਜਾ ਈ ਦਾ ਦ   ਦਾ   ਵ ਰ ਗੀ ਕ ਰ ਨ   ਦਾ   ਦ ਰ ਜਾ   ਵਾ ਪ ਸ   ਉ ਸੀ   ਸ ਥਾ ਨ   ਵਿ ੱ ਚ   ਆ   ਜਾ ਵੇ ਗਾ   ਜਿ ਥੇ   ਪ ਹਿ ਲਾਂ   ਸੀ   ਜ ਦੋਂ   ਅ ਰ ਜ਼ ੀ   ਬੈਂ ਕ   ਵ ਲੋਂ   ਪ੍ਰਾ ਪ ਤ   ਹੋ ਈ   ਸੀ   I",119,51
"ਕਿ ਨਿਜੀ ਧਨ ਸੰਚਿਤ ਕਰਣ ਨਾਲ ਧਨ ਕੁੱਛ ਹੀ ਲੋਕਾਂ ਕੋਲ ਆਉਂਦਾ ਹੈ ਜਾਂ ਪ੍ਰਗਤੀ,ਪ੍ਰਤਿਯੋਗਤਾ ਤੇ ਤਕਨੀਕੀ ਵਾਧਾ ਅਸਮਾਨਤਾ ਨੂੰ ਘਟਾ ਸਕਦਾ ਹੈ","ਕਿ   ਨਿ ਜੀ   ਧ ਨ   ਸ ੰ ਚਿ ਤ   ਕ ਰ ਣ   ਨਾ ਲ   ਧ ਨ   ਕੁ ੱ ਛ   ਹੀ   ਲੋ ਕਾਂ   ਕੋ ਲ   ਆ ਉ ਂ ਦਾ   ਹੈ   ਜਾਂ   ਪ੍ਰ ਗ ਤੀ , ਪ੍ਰ ਤਿ ਯੋ ਗ ਤਾ   ਤੇ   ਤ ਕ ਨੀ ਕੀ   ਵਾ ਧਾ   ਅ ਸ ਮਾ ਨ ਤਾ   ਨੂ ੰ   ਘ ਟਾ   ਸ ਕ ਦਾ   ਹੈ",59,23
ਇਹ ਬਜ਼ਾਰ ਦੇ ਵਿੱਚ ਦਖਲ ਕਰ ਕੇ ਅਧਿਕ ਅਸਥਿਰਤਾ ਤੇ ਆਸ਼ਾਵਾਂ ਨੂੰ ਕਾਬੂ ਕਰਦਾ ਹੈ I,ਇ ਹ   ਬ ਜ਼ ਾ ਰ   ਦੇ   ਵਿ ੱ ਚ   ਦ ਖ ਲ   ਕ ਰ   ਕੇ   ਅ ਧਿ ਕ   ਅ ਸ ਥਿ ਰ ਤਾ   ਤੇ   ਆ ਸ਼ਾ ਵਾਂ   ਨੂ ੰ   ਕਾ ਬੂ   ਕ ਰ ਦਾ   ਹੈ   I,37,16
ਦੂਜੇ ਭਾਗ ਦੇ ਵੱਧ ਵਾਰਵਾਰਤਾ ਦੇ ਅੰਕੜੇ ਇਹ ਦਰਸਾਂਦੇ ਹਨ ਕਿ ਆਰਥਿਕ ਕ੍ਰਿਆਸ਼ੀਲਤਾ ਇਕੋ ਜਗਾਹ ਥਮੀ ਹੋਈ ਹੈ I,ਦੂ ਜੇ   ਭਾ ਗ   ਦੇ   ਵ ੱ ਧ   ਵਾ ਰ ਵਾ ਰ ਤਾ   ਦੇ   ਅ ੰ ਕ ੜ ੇ   ਇ ਹ   ਦ ਰ ਸਾਂ ਦੇ   ਹ ਨ   ਕਿ   ਆ ਰ ਥਿ ਕ   ਕ੍ਰਿ ਆ ਸ਼ੀ ਲ ਤਾ   ਇ ਕੋ   ਜ ਗਾ ਹ   ਥ ਮੀ   ਹੋ ਈ   ਹੈ   I,48,19
"ਸਮਸ਼ਟੀ ਅਰਥ ਸ਼ਾਸਤਰ ਦਾ ਅਧੀਨ ਆਮ ਤੋਰ ਤੇ ਇੱਕ ਰਾਸ਼ਟਰ ਬਾਰੇ ਹੁੰਦਾ ਹੈ ਅਤੇ ਕਿਵੇ ਸਾਰੇ ਬਜ਼ਾਰ ਇਕ ਹੋ ਕੇ ਵੱਡੀ ਅਸਚਰਜ ਘਟਨਾ ਪੈਦਾ ਕਰਦੇ ਹਨ ਜਿਸ ਨੂੰ ਅਰਥ ਵਿਗਿਆਨੀ "" ਏਗ੍ਰਿਗੇਟ ਵੇਰੀਬਲਜ਼"" ਕਹਿੰਦੇ ਹਨ I","ਸ ਮ ਸ਼ ਟੀ   ਅ ਰ ਥ   ਸ਼ਾ ਸ ਤ ਰ   ਦਾ   ਅ ਧੀ ਨ   ਆ ਮ   ਤੋ ਰ   ਤੇ   ਇ ੱ ਕ   ਰਾ ਸ਼ ਟ ਰ   ਬਾ ਰੇ   ਹੁ ੰ ਦਾ   ਹੈ   ਅ ਤੇ   ਕਿ ਵੇ   ਸਾ ਰੇ   ਬ ਜ਼ ਾ ਰ   ਇ ਕ   ਹੋ   ਕੇ   ਵ ੱ ਡੀ   ਅ ਸ ਚ ਰ ਜ   ਘ ਟ ਨਾ   ਪੈ ਦਾ   ਕ ਰ ਦੇ   ਹ ਨ   ਜਿ ਸ   ਨੂ ੰ   ਅ ਰ ਥ   ਵਿ ਗਿ ਆ ਨੀ   ""   ਏ ਗ੍ਰਿ ਗੇ ਟ   ਵੇ ਰੀ ਬ ਲ ਜ਼ ""   ਕ ਹਿ ੰ ਦੇ   ਹ ਨ   I",94,36
ਦਿਵਾਲਾ ਨਿਕਲਣਾ ਉਸ ਨੂੰ ਕਹਿੰਦੇ ਹਨ ਜਿਸ ਹੱਦ ਤੱਕ ਆਰਥਿਕ ਸੰਪਤੀ ਪੂਰੇ ਬਜ਼ਾਰ ਦੇ ਭਾਵ ਨਾਲ ਘੱਟ ਸਮੇਂ ਵਿੱਚ ਵੇਚੀ ਜਾ ਸਕਦੀ ਹੈ I,ਦਿ ਵਾ ਲਾ   ਨਿ ਕ ਲ ਣਾ   ਉ ਸ   ਨੂ ੰ   ਕ ਹਿ ੰ ਦੇ   ਹ ਨ   ਜਿ ਸ   ਹ ੱ ਦ   ਤ ੱ ਕ   ਆ ਰ ਥਿ ਕ   ਸ ੰ ਪ ਤੀ   ਪੂ ਰੇ   ਬ ਜ਼ ਾ ਰ   ਦੇ   ਭਾ ਵ   ਨਾ ਲ   ਘ ੱ ਟ   ਸ ਮੇਂ   ਵਿ ੱ ਚ   ਵੇ ਚੀ   ਜਾ   ਸ ਕ ਦੀ   ਹੈ   I,60,24
"ਮੋਟਾ ਮੋਟੀ, ਆਮਦਨ ਪਛਾਣ ਦੀ ਨੀਤੀ ਬਾਹਰਮੁੱਖਤਾ ਹੋਣੀ ਚਾਹੀਦੀ ਹੈ ਅਤੇ ਇਹ ਵਿਅਕਤੀਗਤ ਲਿਹਾਜ਼ਾ ਦੀ ਥਾਂ ਵਸੂਲੀ ਦੇ ਦਸਤਾਵੇਜ਼ ਤੇ ਅਧਾਰਿਤ ਹੋਣੀ ਚਾਹੀਦੀ ਹੈ I","ਮੋ ਟਾ   ਮੋ ਟੀ ,   ਆ ਮ ਦ ਨ   ਪ ਛਾ ਣ   ਦੀ   ਨੀ ਤੀ   ਬਾ ਹ ਰ ਮੁ ੱ ਖ ਤਾ   ਹੋ ਣੀ   ਚਾ ਹੀ ਦੀ   ਹੈ   ਅ ਤੇ   ਇ ਹ   ਵਿ ਅ ਕ ਤੀ ਗ ਤ   ਲਿ ਹਾ ਜ਼ ਾ   ਦੀ   ਥਾਂ   ਵ ਸੂ ਲੀ   ਦੇ   ਦ ਸ ਤਾ ਵੇ ਜ਼   ਤੇ   ਅ ਧਾ ਰਿ ਤ   ਹੋ ਣੀ   ਚਾ ਹੀ ਦੀ   ਹੈ   I",65,25
"ਇਸ ਲਈ, ਇਸ ਕਿਮਤ ਦਾ ਵਿਆਜ ਜਿਆਦਾ ਨਹੀਂ ਬਣਦਾ ਅਤੇ ਐਨ ਪੀ ਏ, ਵਿਆਜ ਦੇ ਖ਼ਰਚ ਦੀ ਮਿਤੀ ਦੇ ਨਾਲ ਸੰਬੰਧਿਤ ਹੈ I","ਇ ਸ   ਲ ਈ ,   ਇ ਸ   ਕਿ ਮ ਤ   ਦਾ   ਵਿ ਆ ਜ   ਜਿ ਆ ਦਾ   ਨ ਹੀਂ   ਬ ਣ ਦਾ   ਅ ਤੇ   ਐ ਨ   ਪੀ   ਏ ,   ਵਿ ਆ ਜ   ਦੇ   ਖ਼ ਰ ਚ   ਦੀ   ਮਿ ਤੀ   ਦੇ   ਨਾ ਲ   ਸ ੰ ਬ ੰ ਧਿ ਤ   ਹੈ   I",50,23
"ਭਾਰਤ ਦੇ ਭੁਗਤਾਨ ਕਰਨ ਵਾਲੇ ਸ਼ੈਲੀਆ ਦਾ ਦੂਸਰੇ ਅਧਿਕਾਰ ਖੇਤਰਾਂ ਨਾਲ ਜੋੜਨ ਦੀ ਸੰਭਾਵਨਾ, ਜਿਸ ਵਿੱਚ ਹੁਣ ਚੱਲ ਰਿਹਾ ਭਾਰਤ ਦਾ ਤੁਰੰਤ ਹੋਣ ਵਾਲਾ ਯੁ","ਭਾ ਰ ਤ   ਦੇ   ਭੁ ਗ ਤਾ ਨ   ਕ ਰ ਨ   ਵਾ ਲੇ   ਸ਼ੈ ਲੀ ਆ   ਦਾ   ਦੂ ਸ ਰੇ   ਅ ਧਿ ਕਾ ਰ   ਖੇ ਤ ਰਾਂ   ਨਾ ਲ   ਜੋ ੜ ਨ   ਦੀ   ਸ ੰ ਭਾ ਵ ਨਾ ,   ਜਿ ਸ   ਵਿ ੱ ਚ   ਹੁ ਣ   ਚ ੱ ਲ   ਰਿ ਹਾ   ਭਾ ਰ ਤ   ਦਾ   ਤੁ ਰ ੰ ਤ   ਹੋ ਣ   ਵਾ ਲਾ   ਯੁ",64,25
ਪਿ,ਪਿ,1,1
ਆਇ ਦੂਜੇ ਅਧਿਕਾਰ ਖੇਤਰਾਂ ਵਿੱਚ ਨਾਲ ਦੀ ਸ਼ੈਲੀਆ ਨਾਲ ਜੋੜਨ ਨਾਲ ਦੂਸਰੀ ਸਰਹੱਦਾ ਦੀ ਭੁਗਤਾਨ ਅਤੇ ਭੇਜੀ ਹੋਈ ਰਕਮਾਂ ਵਿੱਚ ਵਾਧਾ ਆਈਗਾ I,ਆ ਇ   ਦੂ ਜੇ   ਅ ਧਿ ਕਾ ਰ   ਖੇ ਤ ਰਾਂ   ਵਿ ੱ ਚ   ਨਾ ਲ   ਦੀ   ਸ਼ੈ ਲੀ ਆ   ਨਾ ਲ   ਜੋ ੜ ਨ   ਨਾ ਲ   ਦੂ ਸ ਰੀ   ਸ ਰ ਹ ੱ ਦਾ   ਦੀ   ਭੁ ਗ ਤਾ ਨ   ਅ ਤੇ   ਭੇ ਜੀ   ਹੋ ਈ   ਰ ਕ ਮਾਂ   ਵਿ ੱ ਚ   ਵਾ ਧਾ   ਆ ਈ ਗਾ   I,58,23
"ਊਰਜਾ ਪ੍ਰਧਾਨ ਕਰਨ ਵਾਲੇ ਖੇਤਰ ਵਿੱਚ "" ਲੀਕੂਏਫੀਏਲ਼ਡ ਨੈਚੁਰਲ ਗੈਸ"" ਜ਼ਿਆਦਾ ਪ੍ਰਮਾਨਤਾ ਪ੍ਰਾਪਤ ਕਰ ਰਿਹਾ ਹੈ ਇਹ ਪਾਵਰ ਪਲਾਂਟ ਅਤੇ ਉਦਯੋਗਿਕ (ਖਾਦ) ਪਲਾਂਟ ਨੂੰ ਚਲਾਉਣ ਲਈ ਵਰਤੇ ਜਾਂਦੇ ਹਨ I","ਊ ਰ ਜਾ   ਪ੍ਰ ਧਾ ਨ   ਕ ਰ ਨ   ਵਾ ਲੇ   ਖੇ ਤ ਰ   ਵਿ ੱ ਚ   ""   ਲੀ ਕੂ ਏ ਫੀ ਏ ਲ਼ ਡ   ਨੈ ਚੁ ਰ ਲ   ਗੈ ਸ ""   ਜ਼ ਿ ਆ ਦਾ   ਪ੍ਰ ਮਾ ਨ ਤਾ   ਪ੍ਰਾ ਪ ਤ   ਕ ਰ   ਰਿ ਹਾ   ਹੈ   ਇ ਹ   ਪਾ ਵ ਰ   ਪ ਲਾਂ ਟ   ਅ ਤੇ   ਉ ਦ ਯੋ ਗਿ ਕ   ( ਖਾ ਦ )   ਪ ਲਾਂ ਟ   ਨੂ ੰ   ਚ ਲਾ ਉ ਣ   ਲ ਈ   ਵ ਰ ਤੇ   ਜਾਂ ਦੇ   ਹ ਨ   I",86,30
ਭਾਵੇਂ ਮੰਡੀਆਂ ਤੁਹਾਨੂੰ ਵਿਕਰੀ ਕਰਨ ਵਿੱਚ ਸਹਾਇਤਾ ਦਿੰਦਿਆਂ ਹਨ ਪਰ ਓਹ ਤੁਹਾਨੂੰ ਆਪਣਾ ਖੁਦ ਦਾ ਇੱਕ ਟਿਕਾਊ ਕਾਰੋਬਾਰ ਤੇ ਬ੍ਰਾਂਡ ਬਣਾਉਣ ਦਾ ਮੌਕਾ ਨਹੀਂ ਦਿੰਦੇ ਹਨ I,ਭਾ ਵੇਂ   ਮ ੰ ਡੀ ਆ ਂ   ਤੁ ਹਾ ਨੂ ੰ   ਵਿ ਕ ਰੀ   ਕ ਰ ਨ   ਵਿ ੱ ਚ   ਸ ਹਾ ਇ ਤਾ   ਦਿ ੰ ਦਿ ਆ ਂ   ਹ ਨ   ਪ ਰ   ਓ ਹ   ਤੁ ਹਾ ਨੂ ੰ   ਆ ਪ ਣਾ   ਖੁ ਦ   ਦਾ   ਇ ੱ ਕ   ਟਿ ਕਾ ਊ   ਕਾ ਰੋ ਬਾ ਰ   ਤੇ   ਬ੍ਰਾਂ ਡ   ਬ ਣਾ ਉ ਣ   ਦਾ   ਮੌ ਕਾ   ਨ ਹੀਂ   ਦਿ ੰ ਦੇ   ਹ ਨ   I,73,27
"ਪੇਇਮਅਨਟ ਐਗਰਿਗਅਟਜ਼, ਅਦਾਇਗੀ ਦੇ ਮਾਹੋਲ ਵਿੱਚ ਇੱਕ ਅਹਿਮ ਭੂਮਿਕਾ ਨਿਭਾਨਦੇ ਹਨ ਜਿਸ ਕਰਕੇ ਇਨ੍ਹਾਂ ਨੂੰ ਮਾਰਚ 2020 ਵਿੱਚ ਨਿਯਮਾਂ ਦੇ ਅੰਦਰ ਲਿਆਆਂ ਗਿਆ ਅਤੇ ""ਪੇਇਮਅਨਟ ਸਿਸਟਮ ਉਪਰੈਤਰਜ਼""(ਪੀ","ਪੇ ਇ ਮ ਅ ਨ ਟ   ਐ ਗ ਰਿ ਗ ਅ ਟ ਜ਼ ,   ਅ ਦਾ ਇ ਗੀ   ਦੇ   ਮਾ ਹੋ ਲ   ਵਿ ੱ ਚ   ਇ ੱ ਕ   ਅ ਹਿ ਮ   ਭੂ ਮਿ ਕਾ   ਨਿ ਭਾ ਨ ਦੇ   ਹ ਨ   ਜਿ ਸ   ਕ ਰ ਕੇ   ਇ ਨ੍ਹਾਂ   ਨੂ ੰ   ਮਾ ਰ ਚ   2 0 2 0   ਵਿ ੱ ਚ   ਨਿ ਯ ਮਾਂ   ਦੇ   ਅ ੰ ਦ ਰ   ਲਿ ਆ ਆ ਂ   ਗਿ ਆ   ਅ ਤੇ   "" ਪੇ ਇ ਮ ਅ ਨ ਟ   ਸਿ ਸ ਟ ਮ   ਉ ਪ ਰੈ ਤ ਰ ਜ਼ "" ( ਪੀ",95,27
ਐਸ,ਐ ਸ,2,1
ਓ) ਦੀ ਨਾਮਜ਼ਦਗੀ ਦਿਤੀ ਗਈ I,ਓ )   ਦੀ   ਨਾ ਮ ਜ਼ ਦ ਗੀ   ਦਿ ਤੀ   ਗ ਈ   I,13,6
"ਵਰਤਮਾਨ ਨਿਯਮ ਸਿਰਫ਼ ਪੈਮਨਟ ਐਗਰਿਗਅਟ ਜੋ ਕਿ ਔਨਲਾਇਨ ਜਾਂ ਈ-ਕਾਮਰਸ ਦੇ ਕਾਰਜ਼ ਦੀ ਕਾਰਵਾਈ ਕਰਦੇ ਹਨ, ਓਨ੍ਹਾਂ ਤੱਕ ਹੀ ਸੀਮੀਤ ਹੈ I","ਵ ਰ ਤ ਮਾ ਨ   ਨਿ ਯ ਮ   ਸਿ ਰ ਫ਼   ਪੈ ਮ ਨ ਟ   ਐ ਗ ਰਿ ਗ ਅ ਟ   ਜੋ   ਕਿ   ਔ ਨ ਲਾ ਇ ਨ   ਜਾਂ   ਈ - ਕਾ ਮ ਰ ਸ   ਦੇ   ਕਾ ਰ ਜ਼   ਦੀ   ਕਾ ਰ ਵਾ ਈ   ਕ ਰ ਦੇ   ਹ ਨ ,   ਓ ਨ੍ਹਾਂ   ਤ ੱ ਕ   ਹੀ   ਸੀ ਮੀ ਤ   ਹੈ   I",61,22
"ਰਿਕਾਰਡੋ ਦੀ ਅੰਤਰਦ੍ਰਿਸ਼ਟੀ ਕੁੱਛ ਇੰਝ ਸੀ ਕਿ ਇਸ ਪ੍ਰਕਾਰ ਦੇ ਦੇਸ਼ ਨੂੰ ਵਪਾਰ ਤੋਂ ਲਾਭ ਹੋਵੇਗਾ ਜਿਸ ਦੇ ਤੁਲਨਾਤਮਕ ਸਹੂਲ਼ਤ ਵਜੋਂ, ਓਨ੍ਹਾਂ ਉਤਪਾਦਾ ਨੂੰ ਨਿਰਯਾਤ ਕਰ ਕੇ ਜਿਨ੍ਹਾਂ ਵਿੱਚ ਉਸ ਨੂੰ ਸਭ ਤੋਂ ਵੱਧ ਲਾਭ ਪ੍ਰਾਪਤ ਹੋਵੇਗਾ ਅਤੇ ਓਨ੍ਹਾਂ ਉਤਪਾਦਾ ਨੂੰ ਅਯਾਤ ਕਰ ਕੇ ਜਿਨ੍ਹਾਂ ਵਿੱਚ ਉਸ ਨੂੰ ਤੁਲਨਾਤਮਕ ਘੱਟ ਲਾਭ ਪ੍ਰਾਪਤ ਹੋਵੇਗਾ (ਭਾਵੇ ਓਹ ਚੰਗਾ ਹੋਵੇ) I","ਰਿ ਕਾ ਰ ਡੋ   ਦੀ   ਅ ੰ ਤ ਰ ਦ੍ਰਿ ਸ਼ ਟੀ   ਕੁ ੱ ਛ   ਇ ੰ ਝ   ਸੀ   ਕਿ   ਇ ਸ   ਪ੍ਰ ਕਾ ਰ   ਦੇ   ਦੇ ਸ਼   ਨੂ ੰ   ਵ ਪਾ ਰ   ਤੋਂ   ਲਾ ਭ   ਹੋ ਵੇ ਗਾ   ਜਿ ਸ   ਦੇ   ਤੁ ਲ ਨਾ ਤ ਮ ਕ   ਸ ਹੂ ਲ਼ ਤ   ਵ ਜੋਂ ,   ਓ ਨ੍ਹਾਂ   ਉ ਤ ਪਾ ਦਾ   ਨੂ ੰ   ਨਿ ਰ ਯਾ ਤ   ਕ ਰ   ਕੇ   ਜਿ ਨ੍ਹਾਂ   ਵਿ ੱ ਚ   ਉ ਸ   ਨੂ ੰ   ਸ ਭ   ਤੋਂ   ਵ ੱ ਧ   ਲਾ ਭ   ਪ੍ਰਾ ਪ ਤ   ਹੋ ਵੇ ਗਾ   ਅ ਤੇ   ਓ ਨ੍ਹਾਂ   ਉ ਤ ਪਾ ਦਾ   ਨੂ ੰ   ਅ ਯਾ ਤ   ਕ ਰ   ਕੇ   ਜਿ ਨ੍ਹਾਂ   ਵਿ ੱ ਚ   ਉ ਸ   ਨੂ ੰ   ਤੁ ਲ ਨਾ ਤ ਮ ਕ   ਘ ੱ ਟ   ਲਾ ਭ   ਪ੍ਰਾ ਪ ਤ   ਹੋ ਵੇ ਗਾ   ( ਭਾ ਵੇ   ਓ ਹ   ਚ ੰ ਗਾ   ਹੋ ਵੇ )   I",147,58
ਇੱਕ ਸਾਲ ਪਿਹਲਾਂ 6,ਇ ੱ ਕ   ਸਾ ਲ   ਪਿ ਹ ਲਾਂ   6,9,4
"7 ਪਰਸੈਂਟ ਦੇ ਉਲਟ ਹੋ ਕੇ 9 ਸਤੰਬਰ, 2022 ਨੂੰ ਬੈਂਕ ਦਾ ਕਰਜ਼ ਸਾਲ ਭਰ ਸਾਲ ਵੱਧ ਕੇ 16","7   ਪ ਰ ਸੈਂ ਟ   ਦੇ   ਉ ਲ ਟ   ਹੋ   ਕੇ   9   ਸ ਤ ੰ ਬ ਰ ,   2 0 2 2   ਨੂ ੰ   ਬੈਂ ਕ   ਦਾ   ਕ ਰ ਜ਼   ਸਾ ਲ   ਭ ਰ   ਸਾ ਲ   ਵ ੱ ਧ   ਕੇ   1 6",42,19
2 ਪਰਸੈਂਟ ਹੋ ਗਿਆ I,2   ਪ ਰ ਸੈਂ ਟ   ਹੋ   ਗਿ ਆ   I,9,5
"ਫ਼ਸਲ ਦੀ ਕਟਾਈ ਤੋਂ ਪਿਹਲਾ ਅਤੇ ਬਾਅਦ ਵਿੱਚ ਉਸ ਤੇ ਸਪਰੇਇ ਛਿੜਕਣਾ, ਨਦੀਣ ਕੱਢਣਾ, ਉਸ ਦੀ ਵੱਢ, ਛੰਟਾਈ, ਦਰਜਾਬੰਦੀ ਅਤੇ ਡੋਆ-ਦੁਆਈ ਕਰਜ਼ੇ ਹੇਠ ਆਉਂਦੇ ਹਨ I","ਫ਼ ਸ ਲ   ਦੀ   ਕ ਟਾ ਈ   ਤੋਂ   ਪਿ ਹ ਲਾ   ਅ ਤੇ   ਬਾ ਅ ਦ   ਵਿ ੱ ਚ   ਉ ਸ   ਤੇ   ਸ ਪ ਰੇ ਇ   ਛਿ ੜ ਕ ਣਾ ,   ਨ ਦੀ ਣ   ਕ ੱ ਢ ਣਾ ,   ਉ ਸ   ਦੀ   ਵ ੱ ਢ ,   ਛ ੰ ਟਾ ਈ ,   ਦ ਰ ਜਾ ਬ ੰ ਦੀ   ਅ ਤੇ   ਡੋ ਆ - ਦੁ ਆ ਈ   ਕ ਰ ਜ਼ ੇ   ਹੇ ਠ   ਆ ਉ ਂ ਦੇ   ਹ ਨ   I",78,26
"ਖੇਤੀ-ਬਾੜੀ ਅਤੇ ਉਸ ਦੇ ਮਿਲਦੇ ਜੁਲਦੇ ਕਾਰੀਆ ਦੇ ਲਈ ਮਾਧਿਅਮ ਅਤੇ ਲੰਬੇ ਸਮੇ ਦੇ ਕਰਜ਼ੇ, ਖੇਤੀ-ਬਾੜੀ ਦੀਆ ਮਸ਼ੀਨਾ ਜੋ ਸਿੰਜਾਈ ਅਤੇ ਹੋਰ ਵਿਕਾਸ ਸੰਬੰਧੀ ਢੱਕ ਦਾ ਹੈ I","ਖੇ ਤੀ - ਬਾ ੜ ੀ   ਅ ਤੇ   ਉ ਸ   ਦੇ   ਮਿ ਲ ਦੇ   ਜੁ ਲ ਦੇ   ਕਾ ਰੀ ਆ   ਦੇ   ਲ ਈ   ਮਾ ਧਿ ਅ ਮ   ਅ ਤੇ   ਲ ੰ ਬੇ   ਸ ਮੇ   ਦੇ   ਕ ਰ ਜ਼ ੇ ,   ਖੇ ਤੀ - ਬਾ ੜ ੀ   ਦੀ ਆ   ਮ ਸ਼ੀ ਨਾ   ਜੋ   ਸਿ ੰ ਜਾ ਈ   ਅ ਤੇ   ਹੋ ਰ   ਵਿ ਕਾ ਸ   ਸ ੰ ਬ ੰ ਧੀ   ਢ ੱ ਕ   ਦਾ   ਹੈ   I",74,28
ਬੈਂਕਿੰਗ ਨਿਰਦੇਸ਼ਕ ਰਵਾਇਤੀ ਬੈਂਕਾ ਦਾ ਸ਼ੇਡੋ ਬੈਂਕ ਤੇ ਪ੍ਰਭਾਵ ਸਮਝ ਰਹੇ ਹਨ ਅਤੇ ਉਸ ਨੂੰ ਬਿਹਤਰ ਧੰਨ ਤੇ ਤਰਲਤਾ ਦੇ ਨਿਯਮਾਂ ਦੇ ਅਨੁਸਾਰ ਰੋਕ ਰਹੇ ਹਨ ਕਿਉਂਕਿ ਇਸ ਪ੍ਰਭਾਵ ਨੇ ਸ਼ੇਡੋ ਬੈਂਕਾਂ ਨੂੰ ਰਵਾਇਤੀ ਆਰਥਿਕ ਖੇਤਰ ਅਤੇ ਆਰਥਿਕਕਤਾ ਤੇ ਅਸਰ ਕਿਤਾ ਸੀ I,ਬੈਂ ਕਿ ੰ ਗ   ਨਿ ਰ ਦੇ ਸ਼ ਕ   ਰ ਵਾ ਇ ਤੀ   ਬੈਂ ਕਾ   ਦਾ   ਸ਼ੇ ਡੋ   ਬੈਂ ਕ   ਤੇ   ਪ੍ਰ ਭਾ ਵ   ਸ ਮ ਝ   ਰ ਹੇ   ਹ ਨ   ਅ ਤੇ   ਉ ਸ   ਨੂ ੰ   ਬਿ ਹ ਤ ਰ   ਧ ੰ ਨ   ਤੇ   ਤ ਰ ਲ ਤਾ   ਦੇ   ਨਿ ਯ ਮਾਂ   ਦੇ   ਅ ਨੁ ਸਾ ਰ   ਰੋ ਕ   ਰ ਹੇ   ਹ ਨ   ਕਿ ਉ ਂ ਕਿ   ਇ ਸ   ਪ੍ਰ ਭਾ ਵ   ਨੇ   ਸ਼ੇ ਡੋ   ਬੈਂ ਕਾਂ   ਨੂ ੰ   ਰ ਵਾ ਇ ਤੀ   ਆ ਰ ਥਿ ਕ   ਖੇ ਤ ਰ   ਅ ਤੇ   ਆ ਰ ਥਿ ਕ ਕ ਤਾ   ਤੇ   ਅ ਸ ਰ   ਕਿ ਤਾ   ਸੀ   I,107,43
"ਵਿਸ਼ਵ ਆਰਥਿਕ ਸੰਕਟ ਆਉਣ ਤੋਂ ਬਾਅਦ, ਮਨਸਬਦਾਰ ਖੇਤਰ ਵੱਧ ਤੋਂ ਵੱਧ ਜਾਣਕਰੀ ਇਕੱਠੀ ਕਰ ਰਿਹਾ ਹੈ ਅਤੇ ਛੁਪੀਆਂ ਹੋਇਆਂ ਕਮਿਆਂ ਨੂੰ ਸਾਮਣੇ ਲਿਆਉਣ ਦੀ ਕੋਸ਼ਿਸ਼ ਕਰ ਰਿਹਾ ਹੈ I","ਵਿ ਸ਼ ਵ   ਆ ਰ ਥਿ ਕ   ਸ ੰ ਕ ਟ   ਆ ਉ ਣ   ਤੋਂ   ਬਾ ਅ ਦ ,   ਮ ਨ ਸ ਬ ਦਾ ਰ   ਖੇ ਤ ਰ   ਵ ੱ ਧ   ਤੋਂ   ਵ ੱ ਧ   ਜਾ ਣ ਕ ਰੀ   ਇ ਕ ੱ ਠੀ   ਕ ਰ   ਰਿ ਹਾ   ਹੈ   ਅ ਤੇ   ਛੁ ਪੀ ਆ ਂ   ਹੋ ਇ ਆ ਂ   ਕ ਮਿ ਆ ਂ   ਨੂ ੰ   ਸਾ ਮ ਣੇ   ਲਿ ਆ ਉ ਣ   ਦੀ   ਕੋ ਸ਼ਿ ਸ਼   ਕ ਰ   ਰਿ ਹਾ   ਹੈ   I",81,29
ਮਾਰਕੇਟ ਕਲੇਅਰਿੰਗ ਪ੍ਰਾਇਸ ਓਸ ਲੋੜ ਤੇ ਨਿਸ਼ਚਤ ਕਿਤਾ ਜਾਂਦਾ ਹੈ ਜਿਸ ਕੀਮਤ ਤੇ ਸਪਲਾਇ ਜ਼ਰੂਰਤ ਦੇ ਸਮਰੂਪ ਹੁੰਦੀ ਹੈ I,ਮਾ ਰ ਕੇ ਟ   ਕ ਲੇ ਅ ਰਿ ੰ ਗ   ਪ੍ਰਾ ਇ ਸ   ਓ ਸ   ਲੋ ੜ   ਤੇ   ਨਿ ਸ਼ ਚ ਤ   ਕਿ ਤਾ   ਜਾਂ ਦਾ   ਹੈ   ਜਿ ਸ   ਕੀ ਮ ਤ   ਤੇ   ਸ ਪ ਲਾ ਇ   ਜ਼ ਰੂ ਰ ਤ   ਦੇ   ਸ ਮ ਰੂ ਪ   ਹੁ ੰ ਦੀ   ਹੈ   I,51,20
ਪ੍ਰਤਿਮਾ ਦਾ ਸਮੀਕਰਨ ਉਸ ਦੀ ਸਪਲਾਈ ਅਤੇ ਡਿਮਾਂਡ ਨਿਸ਼ਚੀਤ ਕਰਦੀ ਹੈ ਜੋ ਕਿ ਕੀਮਤ ਅਤੇ ਹੋਰ ਅਸਥਿਰ ਕਾਰਨ ( ਉਦਾਹਰਨ ਲਈ ਆਮਦਨ) ਤੇ ਨਿਰਭਰ ਕਰਦਾ ਹੈ I,ਪ੍ਰ ਤਿ ਮਾ   ਦਾ   ਸ ਮੀ ਕ ਰ ਨ   ਉ ਸ   ਦੀ   ਸ ਪ ਲਾ ਈ   ਅ ਤੇ   ਡਿ ਮਾਂ ਡ   ਨਿ ਸ਼ ਚੀ ਤ   ਕ ਰ ਦੀ   ਹੈ   ਜੋ   ਕਿ   ਕੀ ਮ ਤ   ਅ ਤੇ   ਹੋ ਰ   ਅ ਸ ਥਿ ਰ   ਕਾ ਰ ਨ   (   ਉ ਦਾ ਹ ਰ ਨ   ਲ ਈ   ਆ ਮ ਦ ਨ )   ਤੇ   ਨਿ ਰ ਭ ਰ   ਕ ਰ ਦਾ   ਹੈ   I,68,27
ਵਰਤਮਾਨ ਖਾਤੇ ਦਾ ਸੰਤੁਲਨ ਹੈ ਵਪਾਰ ਦੇ ਸੰਤੁਲਨ ਵਿੱਚ ਜੁੜੀਆਂ ਨੈੱਟ ਫੈਕਟਰ ਆਮਦਨ (ਜਿਵੇ ਕਿ ਵਿਆਜ ਤੇ ਵਿਦੇਸ਼ੀ ਨਿਵੇਸ਼ ਜਾਂ ਕਰਮਚਾਰੀਆਂ ਦੀ ਵਜਰਕਮ )ਅਤੇ ਵਿਦੇਸ਼ ਤੋਂ ਸੰਚਾਰ ((ਜਿਵੇ ਕਿ ਵਿਦੇਸ਼ੀ ਸਹਾਇਤਾ ) ਜੋ ਕਿ ਆਮ ਤੋਰ ਤੇ ਪੂਰੇ ਦਾ ਇੱਕ ਛੋਟਾ ਹਿੱਸਾ ਹੁੰਦੇ ਹਨ I,ਵ ਰ ਤ ਮਾ ਨ   ਖਾ ਤੇ   ਦਾ   ਸ ੰ ਤੁ ਲ ਨ   ਹੈ   ਵ ਪਾ ਰ   ਦੇ   ਸ ੰ ਤੁ ਲ ਨ   ਵਿ ੱ ਚ   ਜੁ ੜ ੀ ਆ ਂ   ਨੈ ੱ ਟ   ਫੈ ਕ ਟ ਰ   ਆ ਮ ਦ ਨ   ( ਜਿ ਵੇ   ਕਿ   ਵਿ ਆ ਜ   ਤੇ   ਵਿ ਦੇ ਸ ਼ ੀ   ਨਿ ਵੇ ਸ਼   ਜਾਂ   ਕ ਰ ਮ ਚਾ ਰੀ ਆ ਂ   ਦੀ   ਵ ਜ ਰ ਕ ਮ   ) ਅ ਤੇ   ਵਿ ਦੇ ਸ ਼   ਤੋਂ   ਸ ੰ ਚਾ ਰ   ( ( ਜਿ ਵੇ   ਕਿ   ਵਿ ਦੇ ਸ ਼ ੀ   ਸ ਹਾ ਇ ਤਾ   )   ਜੋ   ਕਿ   ਆ ਮ   ਤੋ ਰ   ਤੇ   ਪੂ ਰੇ   ਦਾ   ਇ ੱ ਕ   ਛੋ ਟਾ   ਹਿ ੱ ਸਾ   ਹੁ ੰ ਦੇ   ਹ ਨ   I,123,45
ਸਮਾਨ ਅਤੇ ਸੇਵਾਵਾਂ ਦੇ ਨਿਰਯਾਤ ਦੀ ਕਿਮਤ ਅਤੇ ਓਨ੍ਹਾਂ ਦੇ ਆਯਾਤ ਦੀ ਕਿਮਤ ਦੇ ਅੰਤਰ ਨੂੰ ਟ੍ਰੇਡ ਬੇਲੈਨਸ ਕਹਿੰਦੇ ਹਨ I,ਸ ਮਾ ਨ   ਅ ਤੇ   ਸੇ ਵਾ ਵਾਂ   ਦੇ   ਨਿ ਰ ਯਾ ਤ   ਦੀ   ਕਿ ਮ ਤ   ਅ ਤੇ   ਓ ਨ੍ਹਾਂ   ਦੇ   ਆ ਯਾ ਤ   ਦੀ   ਕਿ ਮ ਤ   ਦੇ   ਅ ੰ ਤ ਰ   ਨੂ ੰ   ਟ੍ਰੇ ਡ   ਬੇ ਲੈ ਨ ਸ   ਕ ਹਿ ੰ ਦੇ   ਹ ਨ   I,49,21
"ਸ਼੍ਰੀ ਗਿਰਿਰਾਜ ਸਿੰਘ, 15 ਐਸ","ਸ਼੍ਰੀ   ਗਿ ਰਿ ਰਾ ਜ   ਸਿ ੰ ਘ ,   1 5   ਐ ਸ",13,5
ਐਮ,ਐ ਮ,2,1
"ਇ ਦੇ ਵਿਸ਼ਵ ਸੰਮੇਲਨ , ਜੋ ਕਿ ਐਮ","ਇ   ਦੇ   ਵਿ ਸ਼ ਵ   ਸ ੰ ਮੇ ਲ ਨ   ,   ਜੋ   ਕਿ   ਐ ਮ",15,8
ਐਸ,ਐ ਸ,2,1
ਐਮ,ਐ ਮ,2,1
ਇ ਵਲੋਂ ਸਿ,ਇ   ਵ ਲੋਂ   ਸਿ,4,3
ਆਇ,ਆ ਇ,2,1
"ਆਇ ਨਾਲ ਮਿਲ ਕੇ ਆਯੋਜਿਤ ਸੀ 19 - 20 ਦਿਸੰਬਰ 2018 , ਨਵੀਂ ਦਿਲੀ ਵਿੱਚ , ਕਿਹਾ ਕਿ ਲਗਾਤਾਰ ਜਤਨਾਂ ਨੇ ਸਾਡੀ ਵਿਸ਼ਵ ਇ","ਆ ਇ   ਨਾ ਲ   ਮਿ ਲ   ਕੇ   ਆ ਯੋ ਜਿ ਤ   ਸੀ   1 9   -   2 0   ਦਿ ਸ ੰ ਬ ਰ   2 0 1 8   ,   ਨ ਵੀਂ   ਦਿ ਲੀ   ਵਿ ੱ ਚ   ,   ਕਿ ਹਾ   ਕਿ   ਲ ਗਾ ਤਾ ਰ   ਜ ਤ ਨਾਂ   ਨੇ   ਸਾ ਡੀ   ਵਿ ਸ਼ ਵ   ਇ",52,24
ਓ,ਓ,1,1
ਡਿ,ਡਿ,1,1
ਬਿ ਦੀ ਸ਼ੇਣੀਕਰਣ ਵਿੱਚ ਸੁਧਾਰ ਲਿਆਂਦਾ ਹੈ ਅਤੇ ਐਮ,ਬਿ   ਦੀ   ਸ਼ੇ ਣੀ ਕ ਰ ਣ   ਵਿ ੱ ਚ   ਸੁ ਧਾ ਰ   ਲਿ ਆ ਂ ਦਾ   ਹੈ   ਅ ਤੇ   ਐ ਮ,22,9
ਐਸ,ਐ ਸ,2,1
ਐਮ,ਐ ਮ,2,1
ਇ ਨਾਲ ਜਿ,ਇ   ਨਾ ਲ   ਜਿ,4,3
ਵਿ,ਵਿ,1,1
"ਸਿ ਨੂੰ ਜੋੜਨ ਵਿੱਚ ਜੋ ਚੁਣੋਤਿਆ ਆਈਆਂ , ਓਨ੍ਹਾਂ ਠੀਕ ਕਰਨਾ I","ਸਿ   ਨੂ ੰ   ਜੋ ੜ ਨ   ਵਿ ੱ ਚ   ਜੋ   ਚੁ ਣੋ ਤਿ ਆ   ਆ ਈ ਆ ਂ   ,   ਓ ਨ੍ਹਾਂ   ਠੀ ਕ   ਕ ਰ ਨਾ   I",27,12
ਇਹਨਾਂ ਕਾਰਕਾਂ ਨੂੰ ਦੇਖ ਕੇ ਮਹਿੰਗਾਈ ਦਾ ਪ੍ਰਖੇਪ ਸਾਲ 2022-23 ਵਿੱਚ 6,ਇ ਹ ਨਾਂ   ਕਾ ਰ ਕਾਂ   ਨੂ ੰ   ਦੇ ਖ   ਕੇ   ਮ ਹਿ ੰ ਗਾ ਈ   ਦਾ   ਪ੍ਰ ਖੇ ਪ   ਸਾ ਲ   2 0 2 2 - 2 3   ਵਿ ੱ ਚ   6,33,12
"7 ਪ੍ਰਤੀਸ਼ਤ ਸੀ, ਕੁਆਟਰ 2 ਵਿੱਚ 7","7   ਪ੍ਰ ਤੀ ਸ ਼ ਤ   ਸੀ ,   ਕੁ ਆ ਟ ਰ   2   ਵਿ ੱ ਚ   7",17,7
"1 ਪ੍ਰਤੀਸ਼ਤ, ਕੁਆਟਰ 3 ਵਿੱਚ 6","1   ਪ੍ਰ ਤੀ ਸ ਼ ਤ ,   ਕੁ ਆ ਟ ਰ   3   ਵਿ ੱ ਚ   6",16,6
5 ਪ੍ਰਤੀਸ਼ਤ ਅਤੇ ਕੁਆਟਰ 4 ਵਿੱਚ 5,5   ਪ੍ਰ ਤੀ ਸ ਼ ਤ   ਅ ਤੇ   ਕੁ ਆ ਟ ਰ   4   ਵਿ ੱ ਚ   5,17,7
"8 ਪ੍ਰਤੀਸ਼ਤ , ਅਤੇ ਖੇਤਰੇ ਘੱਟ ਤੋਂ ਘੱਟ ਹਨ I","8   ਪ੍ਰ ਤੀ ਸ ਼ ਤ   ,   ਅ ਤੇ   ਖੇ ਤ ਰੇ   ਘ ੱ ਟ   ਤੋਂ   ਘ ੱ ਟ   ਹ ਨ   I",22,10
ਭਾਰਤ ਦਾ ਦਰਾਮਦ ਵਾਧਾ ਘੱਟ ਹੋਣ ਦੇ ਭਾਵਜੂਦ ਉਸ ਦੇ ਬਰਾਮਦ ਵਿੱਚ ਵਾਧਾ ਹੋਈਆ ਹੈ I,ਭਾ ਰ ਤ   ਦਾ   ਦ ਰਾ ਮ ਦ   ਵਾ ਧਾ   ਘ ੱ ਟ   ਹੋ ਣ   ਦੇ   ਭਾ ਵ ਜੂ ਦ   ਉ ਸ   ਦੇ   ਬ ਰਾ ਮ ਦ   ਵਿ ੱ ਚ   ਵਾ ਧਾ   ਹੋ ਈ ਆ   ਹੈ   I,37,16
"ਇਸ ਸਮੇ, ਉਤਪਤੀ ਲੇਖਾ ਜਿਆਦਾਤਰ ਆਰਥਿਕ ਕਿਰਿਆ(ਉਤਪਤੀ ਦੀ ਗਤਿ,ਘਾਟ ਜਿ","ਇ ਸ   ਸ ਮੇ ,   ਉ ਤ ਪ ਤੀ   ਲੇ ਖਾ   ਜਿ ਆ ਦਾ ਤ ਰ   ਆ ਰ ਥਿ ਕ   ਕਿ ਰਿ ਆ ( ਉ ਤ ਪ ਤੀ   ਦੀ   ਗ ਤਿ , ਘਾ ਟ   ਜਿ",35,10
ਡਿ,ਡਿ,1,1
"ਪਿ ਦੀ ਪ੍ਰਤੀਸ਼ਤ ਦੇ ਤੇ ਤੋਰ ਤੇ , ਸਰਕਾਰੀ ਕਰਜਾਂ ਜਿ","ਪਿ   ਦੀ   ਪ੍ਰ ਤੀ ਸ ਼ ਤ   ਦੇ   ਤੇ   ਤੋ ਰ   ਤੇ   ,   ਸ ਰ ਕਾ ਰੀ   ਕ ਰ ਜਾਂ   ਜਿ",21,11
ਡਿ,ਡਿ,1,1
"ਪਿ ਦੀ ਪ੍ਰਤੀਸ਼ਤ ਦੇ ਤੋਰ ਤੇ, ਲਗਾਨ ਜਿ","ਪਿ   ਦੀ   ਪ੍ਰ ਤੀ ਸ ਼ ਤ   ਦੇ   ਤੋ ਰ   ਤੇ ,   ਲ ਗਾ ਨ   ਜਿ",16,8
ਡਿ,ਡਿ,1,1
"ਪਿ ਦੀ ਪ੍ਰਤੀਸ਼ਤ ਦੇ ਤੋਰ ਤੇ ਆਦਿ) ਅਤੇ ਸਮਾਜਿਕ ਕਿਰਿਆ (ਗਰੀਬੀ, ਅਸਮਾਨਤਾ,ਰੁਜ਼ਗਾਰ ਦਾ ਸਤਰ, ਅਬਾਦੀ ਦੀ ਪੌਸ਼ਟਿਕਤਾ ਦਾ ਸਤਰ ਆਦਿ ) ਤੇ ਕੇਂਦਰਿਤ ਹੈ I","ਪਿ   ਦੀ   ਪ੍ਰ ਤੀ ਸ ਼ ਤ   ਦੇ   ਤੋ ਰ   ਤੇ   ਆ ਦਿ )   ਅ ਤੇ   ਸ ਮਾ ਜਿ ਕ   ਕਿ ਰਿ ਆ   ( ਗ ਰੀ ਬੀ ,   ਅ ਸ ਮਾ ਨ ਤਾ , ਰੁ ਜ਼ ਗਾ ਰ   ਦਾ   ਸ ਤ ਰ ,   ਅ ਬਾ ਦੀ   ਦੀ   ਪੌ ਸ ਼ ਟਿ ਕ ਤਾ   ਦਾ   ਸ ਤ ਰ   ਆ ਦਿ   )   ਤੇ   ਕੇਂ ਦ ਰਿ ਤ   ਹੈ   I",67,25
ਵਰਤਮਾਨ ਸਮੇਂ ਦੀ ਆਰਥਿਕ ਵਿਚਾਰ- ਚਰਚਾ ਸਮਾਜਿਕ ਅਤੇ ਆਰਥਿਕ ਪੂਰਤੀ ਦੇ ਸੰਤੁਲਨ ਉਪਰ ਆਧਾਰਿਤ ਹੈ ਅਤੇ ਇਹ ਚਰਚਾ ਇਹਨਾਂ ਦੇ ਵਾਤਾਵਰਨ ਦੇ ਨਾਲ ਪਰਸਪਰ ਪ੍ਰਭਾਵ ਨੂੰ ਅਵਹੇਲਣਾ ਕਰਦੇ ਹਨ I,ਵ ਰ ਤ ਮਾ ਨ   ਸ ਮੇਂ   ਦੀ   ਆ ਰ ਥਿ ਕ   ਵਿ ਚਾ ਰ -   ਚ ਰ ਚਾ   ਸ ਮਾ ਜਿ ਕ   ਅ ਤੇ   ਆ ਰ ਥਿ ਕ   ਪੂ ਰ ਤੀ   ਦੇ   ਸ ੰ ਤੁ ਲ ਨ   ਉ ਪ ਰ   ਆ ਧਾ ਰਿ ਤ   ਹੈ   ਅ ਤੇ   ਇ ਹ   ਚ ਰ ਚਾ   ਇ ਹ ਨਾਂ   ਦੇ   ਵਾ ਤਾ ਵ ਰ ਨ   ਦੇ   ਨਾ ਲ   ਪ ਰ ਸ ਪ ਰ   ਪ੍ਰ ਭਾ ਵ   ਨੂ ੰ   ਅ ਵ ਹੇ ਲ ਣਾ   ਕ ਰ ਦੇ   ਹ ਨ   I,86,30
"ਕਰਜ਼ੇ ਦਾ ਨਿਰਪੱਖ ਮੁੱਲ ਪੁਨਰਗਠਨ ਤੋਂ ਬਾਅਦ ਗਿਣੀਆਂ ਜਾਏਗਾ ਕੈਸ਼ ਦੀ ਵਰਤਮਾਨ ਕਿਮਤ ਬਿਆਜ ਦਰਸਾਉਂਦਾ ਹੈ ਮੂਲ ਤੇ ਕਿਤੇ ਗਏ ਐਡਵਾਂਸ ਪੁਨਰਗਠਨ ਉਪਰ, ਇਹ ਛੂਟ ਬੈਂਕ ਦੀ ਬਿ","ਕ ਰ ਜ਼ ੇ   ਦਾ   ਨਿ ਰ ਪ ੱ ਖ   ਮੁ ੱ ਲ   ਪੁ ਨ ਰ ਗ ਠ ਨ   ਤੋਂ   ਬਾ ਅ ਦ   ਗਿ ਣੀ ਆ ਂ   ਜਾ ਏ ਗਾ   ਕੈ ਸ਼   ਦੀ   ਵ ਰ ਤ ਮਾ ਨ   ਕਿ ਮ ਤ   ਬਿ ਆ ਜ   ਦ ਰ ਸਾ ਉ ਂ ਦਾ   ਹੈ   ਮੂ ਲ   ਤੇ   ਕਿ ਤੇ   ਗ ਏ   ਐ ਡ ਵਾਂ ਸ   ਪੁ ਨ ਰ ਗ ਠ ਨ   ਉ ਪ ਰ ,   ਇ ਹ   ਛੂ ਟ   ਬੈਂ ਕ   ਦੀ   ਬਿ",80,28
ਪਿ,ਪਿ,1,1
ਐਲ,ਐ ਲ,2,1
ਆਰ ਦੇ ਰੈਟ ਤੇ ਉਸੀ ਪੁਨਰਗਠਨ ਨਾਲ ਜੁੜਿਆ ਹੋਇਆ ਠੀਕ ਮਿਆ ਅਤੇ ਜੋਖ਼ਿਮ ਨਫ਼ਾ ਪੁਨਰਗਠਨ ਦੀ ਤਰਿਖ਼ ਤੇ ਹੈ I,ਆ ਰ   ਦੇ   ਰੈ ਟ   ਤੇ   ਉ ਸੀ   ਪੁ ਨ ਰ ਗ ਠ ਨ   ਨਾ ਲ   ਜੁ ੜ ਿ ਆ   ਹੋ ਇ ਆ   ਠੀ ਕ   ਮਿ ਆ   ਅ ਤੇ   ਜੋ ਖ਼ ਿ ਮ   ਨ ਫ਼ ਾ   ਪੁ ਨ ਰ ਗ ਠ ਨ   ਦੀ   ਤ ਰਿ ਖ਼   ਤੇ   ਹੈ   I,49,20
"ਇਸ ਦੇ ਨਾਲ ਹੀ, ਬੈਂਕ ਨਕਦੀ ਦੇ ਦਬਾਅ ਅਤੇ ਆਰਥਿਕ ਸਥਿਰਤ ਨੂੰ ਕਾਬੂ ਵਿੱਚ ਕਰਣ ਦੇ ਲਈ , ਰਿਜ਼ਰਵ ਬੈਂਕ ਆਫ਼ ਇੰਡੀਆ ਨੇ ਇੱਕ ਖ਼ਾਸ "" ਸਪੈਸ਼ਲ ਲਿਕੁਇਡਿਟੀ ਫੈਸਲਿਟੀ ਫ਼ੋਰ ਐਮ ਏਫ਼ ਸ"" ਕੱਢਿਆ ਜਿਸ ਦੀ ਰਕਮ 50,000 ਕਰੋੜ ਹੈ ਅਤੇ ਇਸ ਨੇ ਆਰਥਿਕ ਬਜ਼ਾਰ ਵਿੱਚ ਵਾਪਸ ਵਿਸ਼ਵਾਸ ਸਥਾਪਤ ਕਿਤਾ ਹੈ I","ਇ ਸ   ਦੇ   ਨਾ ਲ   ਹੀ ,   ਬੈਂ ਕ   ਨ ਕ ਦੀ   ਦੇ   ਦ ਬਾ ਅ   ਅ ਤੇ   ਆ ਰ ਥਿ ਕ   ਸ ਥਿ ਰ ਤ   ਨੂ ੰ   ਕਾ ਬੂ   ਵਿ ੱ ਚ   ਕ ਰ ਣ   ਦੇ   ਲ ਈ   ,   ਰਿ ਜ਼ ਰ ਵ   ਬੈਂ ਕ   ਆ ਫ਼   ਇ ੰ ਡੀ ਆ   ਨੇ   ਇ ੱ ਕ   ਖ਼ ਾ ਸ   ""   ਸ ਪੈ ਸ਼ ਲ   ਲਿ ਕੁ ਇ ਡਿ ਟੀ   ਫੈ ਸ ਲਿ ਟੀ   ਫ਼ ੋ ਰ   ਐ ਮ   ਏ ਫ਼   ਸ ""   ਕ ੱ ਢਿ ਆ   ਜਿ ਸ   ਦੀ   ਰ ਕ ਮ   5 0 , 0 0 0   ਕ ਰੋ ੜ   ਹੈ   ਅ ਤੇ   ਇ ਸ   ਨੇ   ਆ ਰ ਥਿ ਕ   ਬ ਜ਼ ਾ ਰ   ਵਿ ੱ ਚ   ਵਾ ਪ ਸ   ਵਿ ਸ਼ ਵਾ ਸ   ਸ ਥਾ ਪ ਤ   ਕਿ ਤਾ   ਹੈ   I",133,52
"ਹਾਲ ਵਿੱਚ ਕੀਮਤਾਂ ਵਿੱਚ ਵਾਧਾ ਹੋਣ ਕਰਕੇ ਅਗੇ ਦੀ ਜਾਣਕਾਰੀ ਵਧਦੇ ਕੀਮਤਾਂ ਵਿੱਚ ਵਾਧਾ ਕਾਰਨ ਆਰਥਿਕ ਸਥਿਤੀ ਵਿੱਚ ਮੁਸਕਲਾਂ, ਵੱਧ ਅਸਥਿਰਤਾ ਅਤੇ ਜੋਖਮ ਵਿਗਾੜ ਹੋ ਗਿਆ ਹੈ I","ਹਾ ਲ   ਵਿ ੱ ਚ   ਕੀ ਮ ਤਾਂ   ਵਿ ੱ ਚ   ਵਾ ਧਾ   ਹੋ ਣ   ਕ ਰ ਕੇ   ਅ ਗੇ   ਦੀ   ਜਾ ਣ ਕਾ ਰੀ   ਵ ਧ ਦੇ   ਕੀ ਮ ਤਾਂ   ਵਿ ੱ ਚ   ਵਾ ਧਾ   ਕਾ ਰ ਨ   ਆ ਰ ਥਿ ਕ   ਸ ਥਿ ਤੀ   ਵਿ ੱ ਚ   ਮੁ ਸ ਕ ਲਾਂ ,   ਵ ੱ ਧ   ਅ ਸ ਥਿ ਰ ਤਾ   ਅ ਤੇ   ਜੋ ਖ ਮ   ਵਿ ਗਾ ੜ   ਹੋ   ਗਿ ਆ   ਹੈ   I",75,28
ਪੂਰੀ ਕਿਮਤ ਦੇ ਨੋਟ ਆਰ,ਪੂ ਰੀ   ਕਿ ਮ ਤ   ਦੇ   ਨੋ ਟ   ਆ ਰ,10,5
ਬਿ,ਬਿ,1,1
"ਆਇ ਦੇ ਜਾਰੀ ਕਰਨ ਵਾਲੇ ਦਫ਼ਤਰ ਵਲੋਂ ਤਿਜੌਰੀ ਨੂੰ ਭੇਜੀ ਹੋਈ ਰਕਮ ਹੈ, ਅਧੀ ਕਿਮਤ ਵਾਲੇ ਆਟੇ ਖਰਾਬ ਨੋਟ ਅਦਾਲਤੀ ਹੁਕਮਾ ਦੇ ਲਈ ਪੇਸ਼ ਕਿਤੇ ਜਾਣਗੇ ਅਤੇ ਉਸੀ ਅਨੁਸਾਰ ਕਾਰਵਾਈ ਕਿਤੀ ਜਾਈਗੀ I","ਆ ਇ   ਦੇ   ਜਾ ਰੀ   ਕ ਰ ਨ   ਵਾ ਲੇ   ਦ ਫ਼ ਤ ਰ   ਵ ਲੋਂ   ਤਿ ਜੌ ਰੀ   ਨੂ ੰ   ਭੇ ਜੀ   ਹੋ ਈ   ਰ ਕ ਮ   ਹੈ ,   ਅ ਧੀ   ਕਿ ਮ ਤ   ਵਾ ਲੇ   ਆ ਟੇ   ਖ ਰਾ ਬ   ਨੋ ਟ   ਅ ਦਾ ਲ ਤੀ   ਹੁ ਕ ਮਾ   ਦੇ   ਲ ਈ   ਪੇ ਸ਼   ਕਿ ਤੇ   ਜਾ ਣ ਗੇ   ਅ ਤੇ   ਉ ਸੀ   ਅ ਨੁ ਸਾ ਰ   ਕਾ ਰ ਵਾ ਈ   ਕਿ ਤੀ   ਜਾ ਈ ਗੀ   I",79,33
ਭਾਰਤ ਵਿੱਚ ਕਰਜਾ ਪ੍ਰਤੀਭੂਤੀਆਂ ਦੀ ਮਾਤਰਾ ਵਿੱਚ ਵਿਸ਼ਾਲ ਵਾਧਾ ਹੋਈਆ ਹੈ I,ਭਾ ਰ ਤ   ਵਿ ੱ ਚ   ਕ ਰ ਜਾ   ਪ੍ਰ ਤੀ ਭੂ ਤੀ ਆ ਂ   ਦੀ   ਮਾ ਤ ਰਾ   ਵਿ ੱ ਚ   ਵਿ ਸ਼ਾ ਲ   ਵਾ ਧਾ   ਹੋ ਈ ਆ   ਹੈ   I,32,12
ਵਿਸ਼ਵ ਵਿੱਚ ਹੋ ਰਹੀ ਇਸ ਉਥਲ-ਪੁਥਲ ਦੇ ਬਾਵਜੂਦ ਵੀ ਭਾਰਤੀ ਅਰਥਚਾਰਾ ਮਜਬੂਤ ਚੱਲ ਰਹੀ ਹੈ I,ਵਿ ਸ਼ ਵ   ਵਿ ੱ ਚ   ਹੋ   ਰ ਹੀ   ਇ ਸ   ਉ ਥ ਲ - ਪੁ ਥ ਲ   ਦੇ   ਬਾ ਵ ਜੂ ਦ   ਵੀ   ਭਾ ਰ ਤੀ   ਅ ਰ ਥ ਚਾ ਰਾ   ਮ ਜ ਬੂ ਤ   ਚ ੱ ਲ   ਰ ਹੀ   ਹੈ   I,43,16
ਅਰਥ ਵਿਵਸਥਾ ਅਤੇ ਆਰਥਿਕ ਸਥਿਰਤਾ ਨੂੰ ਲੈ ਕੇ ਵਿਤੀ ਬਜ਼ਾਰ ਵਿੱਚ ਡਰ ਬਣਿਆ ਹੋਇਆ ਹੈ I,ਅ ਰ ਥ   ਵਿ ਵ ਸ ਥਾ   ਅ ਤੇ   ਆ ਰ ਥਿ ਕ   ਸ ਥਿ ਰ ਤਾ   ਨੂ ੰ   ਲੈ   ਕੇ   ਵਿ ਤੀ   ਬ ਜ਼ ਾ ਰ   ਵਿ ੱ ਚ   ਡ ਰ   ਬ ਣਿ ਆ   ਹੋ ਇ ਆ   ਹੈ   I,40,16
"ਜਦੋਂ ਇੱਕ ਵਿਅਕਤੀ ਕੋਲ ਪੇਸ਼ ਕਿਤੇ ਗਏ ਨੋਟ 5 ਟੁਕੜਿਆਂ ਤੋਂ ਵੱਧ ਹੈ ਪਰ ਕੁਲ ਰਕਮ 5,000 ਤੋਂ ਵੱਧ ਨਹੀਂ ਹੈ ਤਾਂ ਰਕਮ ਭੇਜਨ ਵਾਲੇ ਨੂੰ ਸਲਾਹ ਦਿਤੀ ਜਾਂਦੀ ਹੈ ਕਿ ਓਹ ਅਹਿਜੇ ਨੋਟ ਕੋਈ ਨੇੜੇ ਨੋਟਾ ਦੀ ਤਿਜੌਰੀ ਵਿੱਚ ਆਪਣੇ ਖਾਤੇ ਦਾ ਵੇਰਵਾ (ਖਾਤਾ ਨੰਬਰ, ਸ਼ਾਖਾ ਦਾ ਨਾਂ, ਆਇ","ਜ ਦੋਂ   ਇ ੱ ਕ   ਵਿ ਅ ਕ ਤੀ   ਕੋ ਲ   ਪੇ ਸ਼   ਕਿ ਤੇ   ਗ ਏ   ਨੋ ਟ   5   ਟੁ ਕ ੜ ਿ ਆ ਂ   ਤੋਂ   ਵ ੱ ਧ   ਹੈ   ਪ ਰ   ਕੁ ਲ   ਰ ਕ ਮ   5 , 0 0 0   ਤੋਂ   ਵ ੱ ਧ   ਨ ਹੀਂ   ਹੈ   ਤਾਂ   ਰ ਕ ਮ   ਭੇ ਜ ਨ   ਵਾ ਲੇ   ਨੂ ੰ   ਸ ਲਾ ਹ   ਦਿ ਤੀ   ਜਾਂ ਦੀ   ਹੈ   ਕਿ   ਓ ਹ   ਅ ਹਿ ਜੇ   ਨੋ ਟ   ਕੋ ਈ   ਨੇ ੜ ੇ   ਨੋ ਟਾ   ਦੀ   ਤਿ ਜੌ ਰੀ   ਵਿ ੱ ਚ   ਆ ਪ ਣੇ   ਖਾ ਤੇ   ਦਾ   ਵੇ ਰ ਵਾ   ( ਖਾ ਤਾ   ਨ ੰ ਬ ਰ ,   ਸ਼ਾ ਖਾ   ਦਾ   ਨਾਂ ,   ਆ ਇ",115,50
ਐਫ,ਐ ਫ,2,1
ਐਸ,ਐ ਸ,2,1
ਸਿ ਆਦਿ) ਦੇ ਕੇ ਬਿਮਾ ਕਰਵਾ ਦੇਵੇ ਜਾਂ ਓਨ੍ਹਾਂ ਦੀ ਬਦਲੀ ਕਰਵਾ ਲੇਵੈ I,ਸਿ   ਆ ਦਿ )   ਦੇ   ਕੇ   ਬਿ ਮਾ   ਕ ਰ ਵਾ   ਦੇ ਵੇ   ਜਾਂ   ਓ ਨ੍ਹਾਂ   ਦੀ   ਬ ਦ ਲੀ   ਕ ਰ ਵਾ   ਲੇ ਵੈ   I,26,14
ਕੋਰਟ ਨੇ ਇਸ ਗੱਲ ਤੇ ਵੀ ਜ਼ੋਰ ਦਿਤਾ ਕਿ ਨਿਜੀ ਜਾਨਕਾਰੀ ਤੇ ਤੱਥ ਗੋਪਨੀਯਤਾ ਐਕਟ ਦੇ ਅਧੀਨ ਇੱਕ ਜਰੂਰੀ ਤੱਥ ਹੈ ਜਿਸ ਕਰਕੇ ਇਹ ਹੈ ਜਦੋਂ ਸਿ,ਕੋ ਰ ਟ   ਨੇ   ਇ ਸ   ਗ ੱ ਲ   ਤੇ   ਵੀ   ਜ਼ ੋ ਰ   ਦਿ ਤਾ   ਕਿ   ਨਿ ਜੀ   ਜਾ ਨ ਕਾ ਰੀ   ਤੇ   ਤ ੱ ਥ   ਗੋ ਪ ਨੀ ਯ ਤਾ   ਐ ਕ ਟ   ਦੇ   ਅ ਧੀ ਨ   ਇ ੱ ਕ   ਜ ਰੂ ਰੀ   ਤ ੱ ਥ   ਹੈ   ਜਿ ਸ   ਕ ਰ ਕੇ   ਇ ਹ   ਹੈ   ਜ ਦੋਂ   ਸਿ,60,27
ਬ,ਬ,1,1
ਡ,ਡ,1,1
"ਸਿ ਨੂੰ ਜਾਰੀ ਕਰਨ ਲਈ ਆਂਕੜੇ ਇਕੇਠੇ ਕੀਤੇ ਜਾ ਰਹੇ ਹਨ ਤਾਂ ਨਗਰੀਕ ਦਾ ਭਲਾ ਸਭ ਤੋਂ ਉੱਤਮ ਹੋਣਾ ਚਾਹੀਦਾ ਹੈ ਅਤੇ ਸਿਰਫ਼ ਓਹੀ ਆਂਕੜੇ ਜੋ ਕਿ ਲਾਜ਼ਮੀ ਹਨ ਅਤੇ ਉਸੀ ਕੰਮ ਲਈ ਵਰਤੋਂ ਹੋਣਗੇ ਜਿਸ ਲਈ ਓਹ ਇਕਠੇ ਕਿਤੇ ਜਾ ਰਹੇ ਹਨ , ਤਾਹਿ ਓਹ ਸੰਕਲਿਤ ਕਿਤੇ ਜਾ ਸਕਦੇ ਹਨ I","ਸਿ   ਨੂ ੰ   ਜਾ ਰੀ   ਕ ਰ ਨ   ਲ ਈ   ਆ ਂ ਕ ੜ ੇ   ਇ ਕੇ ਠੇ   ਕੀ ਤੇ   ਜਾ   ਰ ਹੇ   ਹ ਨ   ਤਾਂ   ਨ ਗ ਰੀ ਕ   ਦਾ   ਭ ਲਾ   ਸ ਭ   ਤੋਂ   ਉ ੱ ਤ ਮ   ਹੋ ਣਾ   ਚਾ ਹੀ ਦਾ   ਹੈ   ਅ ਤੇ   ਸਿ ਰ ਫ਼   ਓ ਹੀ   ਆ ਂ ਕ ੜ ੇ   ਜੋ   ਕਿ   ਲਾ ਜ਼ ਮੀ   ਹ ਨ   ਅ ਤੇ   ਉ ਸੀ   ਕ ੰ ਮ   ਲ ਈ   ਵ ਰ ਤੋਂ   ਹੋ ਣ ਗੇ   ਜਿ ਸ   ਲ ਈ   ਓ ਹ   ਇ ਕ ਠੇ   ਕਿ ਤੇ   ਜਾ   ਰ ਹੇ   ਹ ਨ   ,   ਤਾ ਹਿ   ਓ ਹ   ਸ ੰ ਕ ਲਿ ਤ   ਕਿ ਤੇ   ਜਾ   ਸ ਕ ਦੇ   ਹ ਨ   I",115,52
"ਸਾਈਬਰ ਮੁਜਰਿਮ , ਕੰਪਯੂਟਰ ਜਾਂ ਨੇਟਵਰਕ ਤੇ ਹਮਲਾ ਕਰਦਾ ਹੈ ਤਾਂ ਜੋ ਓਹ ਦੂਜੇ ਕੰਪਯੂਟਰਾ ਦੀ ਡਾਟਾ ਜਾਂ ਸੇਵਾਵਾਂ ਖ਼ਰਾਬ ਜਾਂ ਬੰਦ ਕਰ ਸਕੇ I","ਸਾ ਈ ਬ ਰ   ਮੁ ਜ ਰਿ ਮ   ,   ਕ ੰ ਪ ਯੂ ਟ ਰ   ਜਾਂ   ਨੇ ਟ ਵ ਰ ਕ   ਤੇ   ਹ ਮ ਲਾ   ਕ ਰ ਦਾ   ਹੈ   ਤਾਂ   ਜੋ   ਓ ਹ   ਦੂ ਜੇ   ਕ ੰ ਪ ਯੂ ਟ ਰਾ   ਦੀ   ਡਾ ਟਾ   ਜਾਂ   ਸੇ ਵਾ ਵਾਂ   ਖ਼ ਰਾ ਬ   ਜਾਂ   ਬ ੰ ਦ   ਕ ਰ   ਸ ਕੇ   I",60,25
ਸਾਰੇ ਖਾਣ ਵਾਲੇ ਪਧਾਰਥਾਂ ਦੇ ਪੈਕਟ ਅਤੇ ਡੱਬੇ ਵਿੱਚ ਸੋਡਿਅਮ ਦੀ ਮਾਤਰਾ ਵੱਧ ਹੁੰਦੀ ਹੈ ਕਿਉਂਕਿ ਨਮਕ ਖਾਣੇ ਨੂੰ ਕਾਇਮ ਰੱਖਦਾ ਹੈ I,ਸਾ ਰੇ   ਖਾ ਣ   ਵਾ ਲੇ   ਪ ਧਾ ਰ ਥਾਂ   ਦੇ   ਪੈ ਕ ਟ   ਅ ਤੇ   ਡ ੱ ਬੇ   ਵਿ ੱ ਚ   ਸੋ ਡਿ ਅ ਮ   ਦੀ   ਮਾ ਤ ਰਾ   ਵ ੱ ਧ   ਹੁ ੰ ਦੀ   ਹੈ   ਕਿ ਉ ਂ ਕਿ   ਨ ਮ ਕ   ਖਾ ਣੇ   ਨੂ ੰ   ਕਾ ਇ ਮ   ਰ ੱ ਖ ਦਾ   ਹੈ   I,57,23
"ਜਦੋਂ ਵਾਹਨ ਚੱਲ ਰਿਹਾ ਹੈ ਤਾਂ ਇਕਦਮ ਬ੍ਰੇਕ ਮਾਰਨ ਨਾਲ, ਮੋੜਨ ਨਾਲ ਜਾਂ ਦੁਰਘਟਨਾ ਦੇ ਮਾਮਲੇ ਵਿੱਚ "" ਚਾਇਲਡ ਰਿਸਟੇਰੇਨਡ ਸਿਸਟਮ"" ਵਾਹਨ ਦੇ ਅੰਦਰ ਗਿਰ ਸਕਦਾ ਹੈ I","ਜ ਦੋਂ   ਵਾ ਹ ਨ   ਚ ੱ ਲ   ਰਿ ਹਾ   ਹੈ   ਤਾਂ   ਇ ਕ ਦ ਮ   ਬ੍ਰੇ ਕ   ਮਾ ਰ ਨ   ਨਾ ਲ ,   ਮੋ ੜ ਨ   ਨਾ ਲ   ਜਾਂ   ਦੁ ਰ ਘ ਟ ਨਾ   ਦੇ   ਮਾ ਮ ਲੇ   ਵਿ ੱ ਚ   ""   ਚਾ ਇ ਲ ਡ   ਰਿ ਸ ਟੇ ਰੇ ਨ ਡ   ਸਿ ਸ ਟ ਮ ""   ਵਾ ਹ ਨ   ਦੇ   ਅ ੰ ਦ ਰ   ਗਿ ਰ   ਸ ਕ ਦਾ   ਹੈ   I",73,28
"ਪਰ ਉਸ ਸਵੇਰੇ, ਇੱਕ ਗੋਰਾ ਕੈਦੀ ਜਿਸ ਨੂੰ ਨਾਰਾਪਤ ਸਿੰਘ ਨੇ ਰਿਆਹ ਕਿਤਾ ਸੀ , ਉਸ ਨੇ ਅੰਗਰੇਜ਼ੀ ਕੈਂਪ ਤੇ ਪਹੁੰਚ ਕੇ ਜਨਰਲ ਨੂੰ ਦੱਸਿਆ ਕਿ ਉਸ ਨੇ ਨਾਰਾਪਤ ਸਿੰਘ ਨੂੰ ਗੱਲ ਕਰਦੇ ਸੁਨਿਆ ਹੈ ਕਿ ਓਹ ਕਿਲ੍ਹੇ ਨੂੰ ਓਦੋਂ ਤੱਕ ਖਾਲੀ ਨਹੀਂ ਕਰੇਗਾ ਜਦੋਂ ਤੱਕ ਉਸ ਦਾ ਬਲਦਾ ਪੂਰਾ ਨਹੀਂ ਹੋ ਜਾਂਦਾ I","ਪ ਰ   ਉ ਸ   ਸ ਵੇ ਰੇ ,   ਇ ੱ ਕ   ਗੋ ਰਾ   ਕੈ ਦੀ   ਜਿ ਸ   ਨੂ ੰ   ਨਾ ਰਾ ਪ ਤ   ਸਿ ੰ ਘ   ਨੇ   ਰਿ ਆ ਹ   ਕਿ ਤਾ   ਸੀ   ,   ਉ ਸ   ਨੇ   ਅ ੰ ਗ ਰੇ ਜ਼ ੀ   ਕੈਂ ਪ   ਤੇ   ਪ ਹੁ ੰ ਚ   ਕੇ   ਜ ਨ ਰ ਲ   ਨੂ ੰ   ਦ ੱ ਸਿ ਆ   ਕਿ   ਉ ਸ   ਨੇ   ਨਾ ਰਾ ਪ ਤ   ਸਿ ੰ ਘ   ਨੂ ੰ   ਗ ੱ ਲ   ਕ ਰ ਦੇ   ਸੁ ਨਿ ਆ   ਹੈ   ਕਿ   ਓ ਹ   ਕਿ ਲ੍ਹੇ   ਨੂ ੰ   ਓ ਦੋਂ   ਤ ੱ ਕ   ਖਾ ਲੀ   ਨ ਹੀਂ   ਕ ਰੇ ਗਾ   ਜ ਦੋਂ   ਤ ੱ ਕ   ਉ ਸ   ਦਾ   ਬ ਲ ਦਾ   ਪੂ ਰਾ   ਨ ਹੀਂ   ਹੋ   ਜਾਂ ਦਾ   I",122,54
"ਇਸ ਸਮੇਂ, ਲਾਹੋਰ ਫੌਜ ਦਾ ਮੁੱਖੀ ਰੋਬਰਟ ਮੋਂਟਗੋਮੇਰੀ ਸੀ I","ਇ ਸ   ਸ ਮੇਂ ,   ਲਾ ਹੋ ਰ   ਫੌ ਜ   ਦਾ   ਮੁ ੱ ਖੀ   ਰੋ ਬ ਰ ਟ   ਮੋਂ ਟ ਗੋ ਮੇ ਰੀ   ਸੀ   I",25,10
"ਮੀਆਂ ਮਿਰ ਦੇ ਡੇਰਾ ਤੇ ਸਿਪਾਹੀਆ, ਅੰਗਰੇਜ਼ੀ ਸੈਨਿਕਾ ਤੋਂ ਚਾਰ ਤੋਂ ਇੱਕ ਦੇ ਅੰਕੜੇ ਤੋਂ ਜਿਆਦਾ ਸਨ, ਅੰਗਰੇਜ਼ੀ ਅਫਸਰਾਂ ਨੂੰ ਓਨ੍ਹਾਂ ਬਾਰੇ ਕੋਈ ਸ਼ੱਕ ਨਹੀਂ ਸੀ ਪਰ ਜਦੋਂ ਮੇਰਟ ਤੋਂ ਇਹ ਖ਼ਬਰ ਆਈ, ਓਨ੍ਹਾਂ ਨੂੰ ਇਹ ਗੱਲ ਨੀਸ਼ਚਿਤ ਕਰਨਾ ਮੁਸ਼ਕਿਲ ਹੋ ਗਿਆ ਕਿ ਓਹ ਐਮਇਰਟ ਦੇ ਸਿਪਾਹੀਆ ਨਾਲ ਚੋਰੀ-ਛਿਪੇ ਗੱਲ-ਬਾਤ ਕਰ ਰਹੇ ਸਨ ਜਾਂ ਨਹੀਂ I","ਮੀ ਆ ਂ   ਮਿ ਰ   ਦੇ   ਡੇ ਰਾ   ਤੇ   ਸਿ ਪਾ ਹੀ ਆ ,   ਅ ੰ ਗ ਰੇ ਜ਼ ੀ   ਸੈ ਨਿ ਕਾ   ਤੋਂ   ਚਾ ਰ   ਤੋਂ   ਇ ੱ ਕ   ਦੇ   ਅ ੰ ਕ ੜ ੇ   ਤੋਂ   ਜਿ ਆ ਦਾ   ਸ ਨ ,   ਅ ੰ ਗ ਰੇ ਜ਼ ੀ   ਅ ਫ ਸ ਰਾਂ   ਨੂ ੰ   ਓ ਨ੍ਹਾਂ   ਬਾ ਰੇ   ਕੋ ਈ   ਸ਼ ੱ ਕ   ਨ ਹੀਂ   ਸੀ   ਪ ਰ   ਜ ਦੋਂ   ਮੇ ਰ ਟ   ਤੋਂ   ਇ ਹ   ਖ਼ ਬ ਰ   ਆ ਈ ,   ਓ ਨ੍ਹਾਂ   ਨੂ ੰ   ਇ ਹ   ਗ ੱ ਲ   ਨੀ ਸ਼ ਚਿ ਤ   ਕ ਰ ਨਾ   ਮੁ ਸ਼ ਕਿ ਲ   ਹੋ   ਗਿ ਆ   ਕਿ   ਓ ਹ   ਐ ਮ ਇ ਰ ਟ   ਦੇ   ਸਿ ਪਾ ਹੀ ਆ   ਨਾ ਲ   ਚੋ ਰੀ - ਛਿ ਪੇ   ਗ ੱ ਲ - ਬਾ ਤ   ਕ ਰ   ਰ ਹੇ   ਸ ਨ   ਜਾਂ   ਨ ਹੀਂ   I",142,56
ਨਾ ਹੀ ਸਿਰਫ਼ ਇਨ੍ਹਾਂ ਦੀ ਲਤ ਲੱਗ ਸਕਦੀ ਹੈ ਪਰ ਇਹ ਦਿਮਾਗ ਤੇ ਵੀ ਗਲਤ ਪ੍ਰਭਾਵ ਪਾਉਂਦੇ ਹਨ I,ਨਾ   ਹੀ   ਸਿ ਰ ਫ਼   ਇ ਨ੍ਹਾਂ   ਦੀ   ਲ ਤ   ਲ ੱ ਗ   ਸ ਕ ਦੀ   ਹੈ   ਪ ਰ   ਇ ਹ   ਦਿ ਮਾ ਗ   ਤੇ   ਵੀ   ਗ ਲ ਤ   ਪ੍ਰ ਭਾ ਵ   ਪਾ ਉ ਂ ਦੇ   ਹ ਨ   I,39,19
"ਦਿਨ ਭਰ ਦਿਨ, ਹੋਰ ਸੈਨਿਕ ਦੋਨੋਂ ਪਾਸਿਆਂ ਤੋਂ ਘੇਰ ਰਹੇ ਸਨ I","ਦਿ ਨ   ਭ ਰ   ਦਿ ਨ ,   ਹੋ ਰ   ਸੈ ਨਿ ਕ   ਦੋ ਨੋਂ   ਪਾ ਸਿ ਆ ਂ   ਤੋਂ   ਘੇ ਰ   ਰ ਹੇ   ਸ ਨ   I",26,12
ਜੇਕਰ ਕੋਈ ਆਪਸੀ ਖੁਣਸ ਹੁੰਦਾ ਤਾਂ ਮੰਗਲ ਪਾਂਡੇ ਦਾ ਨਾਂ ਸ਼ਹੀਦਾ ਦੀ ਸੂਚੀ ਦੀ ਥਾਂ ਕਾਤਲਾ ਦੀ ਸੂਚੀ ਵਿੱਚ ਹੋਣਾ ਸੀ I,ਜੇ ਕ ਰ   ਕੋ ਈ   ਆ ਪ ਸੀ   ਖੁ ਣ ਸ   ਹੁ ੰ ਦਾ   ਤਾਂ   ਮ ੰ ਗ ਲ   ਪਾਂ ਡੇ   ਦਾ   ਨਾਂ   ਸ ਼ ਹੀ ਦਾ   ਦੀ   ਸੂ ਚੀ   ਦੀ   ਥਾਂ   ਕਾ ਤ ਲਾ   ਦੀ   ਸੂ ਚੀ   ਵਿ ੱ ਚ   ਹੋ ਣਾ   ਸੀ   I,45,22
"ਉਸ ਨੇ ਮੇਰੇ ਵੱਲ ਵੇਖ ਕੇ ਨਿਮਰਤਾ ਨਾਲ ਕਿਹਾ,"" ਮੈਨੂੰ ਬਹੁਤ ਅਫ਼ਸੋਸ ਹੈ, ਅਸੀਂ ਪੂਰੇ ਭਰੇ ਹੋਏ ਹਾਂ"", ਤੇ ਮੈਨੂੰ ਅਲਵਿਦਾ ਕਿਤਾ I","ਉ ਸ   ਨੇ   ਮੇ ਰੇ   ਵ ੱ ਲ   ਵੇ ਖ   ਕੇ   ਨਿ ਮ ਰ ਤਾ   ਨਾ ਲ   ਕਿ ਹਾ , ""   ਮੈ ਨੂ ੰ   ਬ ਹੁ ਤ   ਅ ਫ਼ ਸੋ ਸ   ਹੈ ,   ਅ ਸੀਂ   ਪੂ ਰੇ   ਭ ਰੇ   ਹੋ ਏ   ਹਾਂ "" ,   ਤੇ   ਮੈ ਨੂ ੰ   ਅ ਲ ਵਿ ਦਾ   ਕਿ ਤਾ   I",55,23
ਕਿ ਤੁਸੀਂ ਕਦੇ ਸੋਚੀਆਂ ਹੈ ਕਿ ਹੋਵੇਗਾ ਜੇਕਰ ਕੂੜਾ ਸਾਡੇ ਘਰਾਂ ਅਤੇ ਆਲੇ-ਦੁਆਲੇ ਤੋਂ ਸਾਫ਼ ਨਹੀਂ ਕਿਤਾ ਗਿਆ,ਕਿ   ਤੁ ਸੀਂ   ਕ ਦੇ   ਸੋ ਚੀ ਆ ਂ   ਹੈ   ਕਿ   ਹੋ ਵੇ ਗਾ   ਜੇ ਕ ਰ   ਕੂ ੜ ਾ   ਸਾ ਡੇ   ਘ ਰਾਂ   ਅ ਤੇ   ਆ ਲੇ - ਦੁ ਆ ਲੇ   ਤੋਂ   ਸਾ ਫ਼   ਨ ਹੀਂ   ਕਿ ਤਾ   ਗਿ ਆ,41,18
"ਹਾਲੀਆ ਵਿੱਚ, ਡਿਜ਼ੀਟਲ ਤਕਨਾਲੋਗੀ ਨੂੰ ਲੈ ਕੇ ਸਾਡੇ ਆਸ-ਪਾਸ ਬਹੁਤ ਸਾਰੇ ਬਦਲਾਵ ਦੇਖਣ ਨੂੰ ਮਿਲਦੇ ਹਨ I","ਹਾ ਲੀ ਆ   ਵਿ ੱ ਚ ,   ਡਿ ਜ ਼ ੀ ਟ ਲ   ਤ ਕ ਨਾ ਲੋ ਗੀ   ਨੂ ੰ   ਲੈ   ਕੇ   ਸਾ ਡੇ   ਆ ਸ - ਪਾ ਸ   ਬ ਹੁ ਤ   ਸਾ ਰੇ   ਬ ਦ ਲਾ ਵ   ਦੇ ਖ ਣ   ਨੂ ੰ   ਮਿ ਲ ਦੇ   ਹ ਨ   I",49,17
"ਅਤੀਤ ਵਿੱਚ , ਇੱਕ ਚਿੱਠੀ ਨੂੰ ਪਹੁੰਚਣ ਵਿੱਚ ਕਈ ਦਿਨ ਲੱਗ ਜਾਂਦੇ ਸਨ ਅਤੇ ਹਰ ਕਰਤਾ ਨੂੰ ਆਪਣੀ ਕਾਪੀ ਮਿਲਦੀ ਸੀ ਜਿਸ ਦਾ ਓਹ ਅਲੱਗ ਤੋਂ ਜਵਾਬ ਦਿੰਦਾ ਜਾਂ ਦਿੰਦੀ ਸੀ I","ਅ ਤੀ ਤ   ਵਿ ੱ ਚ   ,   ਇ ੱ ਕ   ਚਿ ੱ ਠੀ   ਨੂ ੰ   ਪ ਹੁ ੰ ਚ ਣ   ਵਿ ੱ ਚ   ਕ ਈ   ਦਿ ਨ   ਲ ੱ ਗ   ਜਾਂ ਦੇ   ਸ ਨ   ਅ ਤੇ   ਹ ਰ   ਕ ਰ ਤਾ   ਨੂ ੰ   ਆ ਪ ਣੀ   ਕਾ ਪੀ   ਮਿ ਲ ਦੀ   ਸੀ   ਜਿ ਸ   ਦਾ   ਓ ਹ   ਅ ਲ ੱ ਗ   ਤੋਂ   ਜ ਵਾ ਬ   ਦਿ ੰ ਦਾ   ਜਾਂ   ਦਿ ੰ ਦੀ   ਸੀ   I",74,32
ਅੰਨਦੋਲਨਾਂ ਦਾ ਜੋਸ਼ ਪਵਿਤਰ ਜਾਂ ਅਪਵਿਤਰ ਮੰਨਿਆ ਜਾਂਦਾ ਹੈ ਕਿਉਂਕਿ ਓਨ੍ਹਾਂ ਦਾ ਅੰਦਰਲਾ ਅਸੂਲ ਲਾਭਦਾਇਕ ਜਾਂ ਦੁਸ਼ਟ ਹੈ I,ਅ ੰ ਨ ਦੋ ਲ ਨਾਂ   ਦਾ   ਜੋ ਸ਼   ਪ ਵਿ ਤ ਰ   ਜਾਂ   ਅ ਪ ਵਿ ਤ ਰ   ਮ ੰ ਨਿ ਆ   ਜਾਂ ਦਾ   ਹੈ   ਕਿ ਉ ਂ ਕਿ   ਓ ਨ੍ਹਾਂ   ਦਾ   ਅ ੰ ਦ ਰ ਲਾ   ਅ ਸੂ ਲ   ਲਾ ਭ ਦਾ ਇ ਕ   ਜਾਂ   ਦੁ ਸ਼ ਟ   ਹੈ   I,52,19
"ਕਾਬਾ ਗਾਂਧੀ ਨੇ ਚਾਰ ਵਾਰ ਵਿਆਹ ਕਰਵਾਇਆ, ਹਰ ਵਾਰ ਓਨ੍ਹਾਂ ਦੀ ਪਤਨੀ ਦੀ ਮੌਤ ਹੋ ਗਈ I","ਕਾ ਬਾ   ਗਾਂ ਧੀ   ਨੇ   ਚਾ ਰ   ਵਾ ਰ   ਵਿ ਆ ਹ   ਕ ਰ ਵਾ ਇ ਆ ,   ਹ ਰ   ਵਾ ਰ   ਓ ਨ੍ਹਾਂ   ਦੀ   ਪ ਤ ਨੀ   ਦੀ   ਮੌ ਤ   ਹੋ   ਗ ਈ   I",35,17
ਇਹ ਲੇਖਕਾਂ ਦੀ ਸਮਾਜਿਕ ਜ਼ਿੰਮੇਵਾਰੀ ਬਣ ਗਈ ਕੀ ਓਹ ਲੋਕਾਂ ਨੂੰ ਗੁਲਾਮੀ ਤੋਂ ਇਨਸਾਫ਼ ਅਤੇ ਸੁਤੰਤਰਤਾ ਦੇ ਵਿਚਾਰਾਂ ਵੱਲ ਉਜਾਗਰ ਕਰਨ I,ਇ ਹ   ਲੇ ਖ ਕਾਂ   ਦੀ   ਸ ਮਾ ਜਿ ਕ   ਜ਼ ਿ ੰ ਮੇ ਵਾ ਰੀ   ਬ ਣ   ਗ ਈ   ਕੀ   ਓ ਹ   ਲੋ ਕਾਂ   ਨੂ ੰ   ਗੁ ਲਾ ਮੀ   ਤੋਂ   ਇ ਨ ਸਾ ਫ਼   ਅ ਤੇ   ਸੁ ਤ ੰ ਤ ਰ ਤਾ   ਦੇ   ਵਿ ਚਾ ਰਾਂ   ਵ ੱ ਲ   ਉ ਜਾ ਗ ਰ   ਕ ਰ ਨ   I,58,22
ਇਹ ਤੱਥ ਹੀ ਕਾਫ਼ੀ ਹੈ ਓਨ੍ਹਾਂ ਦੀ ਸ਼ਖ਼ਸੀਅਤ ਅਤੇ ਚਰਿੱਤਰ ਦਾ ਅਨੁਮਾਨ ਲਗਾਣ ਦੇ ਲਈ I,ਇ ਹ   ਤ ੱ ਥ   ਹੀ   ਕਾ ਫ਼ ੀ   ਹੈ   ਓ ਨ੍ਹਾਂ   ਦੀ   ਸ਼ ਖ਼ ਸੀ ਅ ਤ   ਅ ਤੇ   ਚ ਰਿ ੱ ਤ ਰ   ਦਾ   ਅ ਨੁ ਮਾ ਨ   ਲ ਗਾ ਣ   ਦੇ   ਲ ਈ   I,37,16
ਅਸੀਂ ਰਿੱਜ ਤੋਂ ਹਜ਼ਾਰੋਂ ਸਿਪਾਹੀਆ ਨੂੰ ਸਾਫ਼ ਦੇਖ ਸਕਦੇ ਸੀ ਜੋ ਸ਼ਹਿਰ ਵਿੱਚ ਉੱਤਮ ਅਨੁਸ਼ਾਸਨ ਨਾਲ ਆ ਰਹੇ ਸਨ ਅਤੇ ਡਰਿਲ ਯੁੱਧ ਦੇ ਗਾਣੇ ਗਾਂਦੇ ਤੇ ਰੰਗਬਰੰਗੇ ਘੰਡੇ ਲਹਿਰੌਂਦੇ ਆ ਰਹੇ ਸਨ I,ਅ ਸੀਂ   ਰਿ ੱ ਜ   ਤੋਂ   ਹ ਜ਼ ਾ ਰੋਂ   ਸਿ ਪਾ ਹੀ ਆ   ਨੂ ੰ   ਸਾ ਫ਼   ਦੇ ਖ   ਸ ਕ ਦੇ   ਸੀ   ਜੋ   ਸ਼ ਹਿ ਰ   ਵਿ ੱ ਚ   ਉ ੱ ਤ ਮ   ਅ ਨੁ ਸ਼ਾ ਸ ਨ   ਨਾ ਲ   ਆ   ਰ ਹੇ   ਸ ਨ   ਅ ਤੇ   ਡ ਰਿ ਲ   ਯੁ ੱ ਧ   ਦੇ   ਗਾ ਣੇ   ਗਾਂ ਦੇ   ਤੇ   ਰ ੰ ਗ ਬ ਰ ੰ ਗੇ   ਘ ੰ ਡੇ   ਲ ਹਿ ਰੌਂ ਦੇ   ਆ   ਰ ਹੇ   ਸ ਨ   I,81,33
ਓਨ੍ਹਾਂ ਨੇ ਰਮਾਇਨ ਅਤੇ ਮਾਹਾਭਾਰਤਾ ਇਕੱਠੇ ਪੜ੍ਹੇ ਸਨ: ਇਕੱਠੇ ਹੀ ਓਨ੍ਹਾਂ ਨੇ ਮਾਹਰਟਾ ਦੇ ਜੰਗ ਦੇ ਕਿੱਸੇ ਸੁਣੇ ਸਨ ਅਤੇ ਇਕੱਠੇ ਹੀ ਹਿੰਦੂ ਬਹਾਦਰੀ ਦੀਆਂ ਕਹਾਣੀਆਂ ਸੁਣ ਕੇ ਓਨ੍ਹਾਂ ਦੇ ਦਿਲ ਧੜਕਦੇ ਸਨ I,ਓ ਨ੍ਹਾਂ   ਨੇ   ਰ ਮਾ ਇ ਨ   ਅ ਤੇ   ਮਾ ਹਾ ਭਾ ਰ ਤਾ   ਇ ਕ ੱ ਠੇ   ਪ ੜ ੍ ਹੇ   ਸ ਨ :   ਇ ਕ ੱ ਠੇ   ਹੀ   ਓ ਨ੍ਹਾਂ   ਨੇ   ਮਾ ਹ ਰ ਟਾ   ਦੇ   ਜ ੰ ਗ   ਦੇ   ਕਿ ੱ ਸੇ   ਸੁ ਣੇ   ਸ ਨ   ਅ ਤੇ   ਇ ਕ ੱ ਠੇ   ਹੀ   ਹਿ ੰ ਦੂ   ਬ ਹਾ ਦ ਰੀ   ਦੀ ਆ ਂ   ਕ ਹਾ ਣੀ ਆ ਂ   ਸੁ ਣ   ਕੇ   ਓ ਨ੍ਹਾਂ   ਦੇ   ਦਿ ਲ   ਧ ੜ ਕ ਦੇ   ਸ ਨ   I,86,34
ਕਲਾਉਡ ਫ੍ਰੀ ਆਪਟੀਕਲ ਉਪਗ੍ਰਹਿ ਅੰਕੜੇ ਦੀ ਕਮੀ ਇੱਕ ਵਿਘਨ ਪੈਦਾ ਕਰਦੀ ਹੈ ਮੌਨਸੂਨ ਵਿੱਚ ਆਪਟੀਕਲ ਉਪਗ੍ਰਹਿ ਦੀ ਵਰਤੋਂ ਖੇਤੀ ਐਪਲੀਕੇਸ਼ਨ ਦੇ ਲਈ I,ਕ ਲਾ ਉ ਡ   ਫ੍ਰੀ   ਆ ਪ ਟੀ ਕ ਲ   ਉ ਪ ਗ੍ਰ ਹਿ   ਅ ੰ ਕ ੜ ੇ   ਦੀ   ਕ ਮੀ   ਇ ੱ ਕ   ਵਿ ਘ ਨ   ਪੈ ਦਾ   ਕ ਰ ਦੀ   ਹੈ   ਮੌ ਨ ਸੂ ਨ   ਵਿ ੱ ਚ   ਆ ਪ ਟੀ ਕ ਲ   ਉ ਪ ਗ੍ਰ ਹਿ   ਦੀ   ਵ ਰ ਤੋਂ   ਖੇ ਤੀ   ਐ ਪ ਲੀ ਕੇ ਸ ਼ ਨ   ਦੇ   ਲ ਈ   I,67,23
ਜਦੋਂ ਅਸੀਂ ਇੰਟਰਨੇਟ ਤੇ ਕਿਸੀ ਖਤਰਨਾਕ ਵਿਗਿਆਪਨ ਤੇ ਕਲਿੱਕ ਕਰਦੇ ਹਾ ਤਾਂ ਓਹ ਸਾਡੇ ਸਿਸਟਮ ਤੇ ਵੀ ਪਹੁੰਚ ਸਕਦੀ ਹੈ I,ਜ ਦੋਂ   ਅ ਸੀਂ   ਇ ੰ ਟ ਰ ਨੇ ਟ   ਤੇ   ਕਿ ਸੀ   ਖ ਤ ਰ ਨਾ ਕ   ਵਿ ਗਿ ਆ ਪ ਨ   ਤੇ   ਕ ਲਿ ੱ ਕ   ਕ ਰ ਦੇ   ਹਾ   ਤਾਂ   ਓ ਹ   ਸਾ ਡੇ   ਸਿ ਸ ਟ ਮ   ਤੇ   ਵੀ   ਪ ਹੁ ੰ ਚ   ਸ ਕ ਦੀ   ਹੈ   I,52,21
"ਆਪਣੀ ਗੁਫ਼ਾ ਨੂੰ ਖ਼ਤਰਾ ਵਿੱਚ ਦੇਖ ਕੇ, ਓਹ ਆਪਣੇ ਘੁਰਨੇ ਚੋਂ ਨਿਕਲੀਆਂ ਅੱਤੇ ਅਪਣੇ ਪੰਜੇ ਨਾਲ ਦੁਸ਼ਮਣ ਤੇ ਵਾਰ ਕਰ ਕੇ ਉਸ ਨੂੰ ਖੂਨਮ ਖੂਨੀ ਕਰ ਦਿਤਾ I","ਆ ਪ ਣੀ   ਗੁ ਫ਼ ਾ   ਨੂ ੰ   ਖ਼ ਤ ਰਾ   ਵਿ ੱ ਚ   ਦੇ ਖ   ਕੇ ,   ਓ ਹ   ਆ ਪ ਣੇ   ਘੁ ਰ ਨੇ   ਚੋਂ   ਨਿ ਕ ਲੀ ਆ ਂ   ਅ ੱ ਤੇ   ਅ ਪ ਣੇ   ਪ ੰ ਜੇ   ਨਾ ਲ   ਦੁ ਸ਼ ਮ ਣ   ਤੇ   ਵਾ ਰ   ਕ ਰ   ਕੇ   ਉ ਸ   ਨੂ ੰ   ਖੂ ਨ ਮ   ਖੂ ਨੀ   ਕ ਰ   ਦਿ ਤਾ   I",67,28
"ਓਨ੍ਹਾਂ ਨੂੰ ਆਪਣੇ ਨਾਲ ਲੈ ਕੇ, ਨਾਨਾ, ਬਿਥਊਰ ਵੱਲ ਵਧੇ ਅਤੇ ਓਨ੍ਹਾਂ ਨੇ ਕਾਵਣਪੋਰ ਤੇ ਹਮਲਾ ਕਰਨ ਦੀ ਧਮਕੀ ਦਿਤੀ I","ਓ ਨ੍ਹਾਂ   ਨੂ ੰ   ਆ ਪ ਣੇ   ਨਾ ਲ   ਲੈ   ਕੇ ,   ਨਾ ਨਾ ,   ਬਿ ਥ ਊ ਰ   ਵ ੱ ਲ   ਵ ਧੇ   ਅ ਤੇ   ਓ ਨ੍ਹਾਂ   ਨੇ   ਕਾ ਵ ਣ ਪੋ ਰ   ਤੇ   ਹ ਮ ਲਾ   ਕ ਰ ਨ   ਦੀ   ਧ ਮ ਕੀ   ਦਿ ਤੀ   I",48,21
ਸ਼ੇਥ ਅਤੇ ਉਸ ਦੇ ਮੁਨਸ਼ੀਆਂ ਨੇ ਮੈਨੂੰ ਘੇਰ ਲਿਆ I,ਸ਼ੇ ਥ   ਅ ਤੇ   ਉ ਸ   ਦੇ   ਮੁ ਨ ਸ਼ੀ ਆ ਂ   ਨੇ   ਮੈ ਨੂ ੰ   ਘੇ ਰ   ਲਿ ਆ   I,21,10
"ਉਸ ਤੋਂ ਬਾਅਦ, ਜ਼ੀਰਜ਼ੀਸ II ਕੁੱਛ ਚਿਰ ਦੇ ਲਈ ਆਏ I","ਉ ਸ   ਤੋਂ   ਬਾ ਅ ਦ ,   ਜ਼ ੀ ਰ ਜ਼ ੀ ਸ   I I   ਕੁ ੱ ਛ   ਚਿ ਰ   ਦੇ   ਲ ਈ   ਆ ਏ   I",26,11
ਭਰਾਵਾਂ ਦਾ ਆਪਸ ਵਿੱਚ ਬਹੁਤ ਪਿਆਰ ਸੀ I,ਭ ਰਾ ਵਾਂ   ਦਾ   ਆ ਪ ਸ   ਵਿ ੱ ਚ   ਬ ਹੁ ਤ   ਪਿ ਆ ਰ   ਸੀ   I,18,8
ਮੈਨੂੰ ਲਗਦਾ ਹੈ ਜੇਕਰ ਉਹ ਪ੍ਰਸਤਾਵ ਨੂੰ ਮੰਨਣ ਲਈ ਤਿਆਰ ਹੋ ਜਾਂਦੇ ਤਾਂ ਬਾਕੀ ਵੀ ਇਸ ਨੂੰ ਮੰਨ ਜਾਂਦੇ I,ਮੈ ਨੂ ੰ   ਲ ਗ ਦਾ   ਹੈ   ਜੇ ਕ ਰ   ਉ ਹ   ਪ੍ਰ ਸ ਤਾ ਵ   ਨੂ ੰ   ਮ ੰ ਨ ਣ   ਲ ਈ   ਤਿ ਆ ਰ   ਹੋ   ਜਾਂ ਦੇ   ਤਾਂ   ਬਾ ਕੀ   ਵੀ   ਇ ਸ   ਨੂ ੰ   ਮ ੰ ਨ   ਜਾਂ ਦੇ   I,44,20
ਸ਼ਹਿਰੀ ਇਲਾਕੀਆਂ ਦਾ ਸਭ ਤੋਂ ਪ੍ਰਭਾਵਸ਼ਾਲੀ ਭਾਗ ਓਨ੍ਹਾਂ ਦੇ ਅਲੱਗ-ਅਲੱਗ ਆਵਾਜਾਈ ਦੇ ਢੰਗ ਹਨ I,ਸ਼ ਹਿ ਰੀ   ਇ ਲਾ ਕੀ ਆ ਂ   ਦਾ   ਸ ਭ   ਤੋਂ   ਪ੍ਰ ਭਾ ਵ ਸ਼ਾ ਲੀ   ਭਾ ਗ   ਓ ਨ੍ਹਾਂ   ਦੇ   ਅ ਲ ੱ ਗ - ਅ ਲ ੱ ਗ   ਆ ਵਾ ਜਾ ਈ   ਦੇ   ਢ ੰ ਗ   ਹ ਨ   I,42,15
"ਅਗੇ ਲਿਖਣ ਵਾਲਾ ਗਤੀ ਲੇਖ ਨਿਯਮਾਂ ਨਾਲ ਇਹ ਗੱਲ ਨਿਸ਼ਤੀਤ ਹੁੰਦੀ ਹੈ ਜੇਕਰ ਬਰਬਾਦੀ ਹੁੰਦੀ ਹੈ ਤਾਂ ਇੱਕ ਪੁਨਰ ਪ੍ਰਾਪਤੀ ਵਾਲੀ ਪ੍ਰਕਿਰਿਆ,ਲੇਖ ਨਿਯਮਾਂ ਨੂੰ ਦੇਖ ਕਰ ਸਿਲਸਿਲੇਵਾਰ ਸਾਰੇ ਪੂਰੇ ਤੇ ਨਿਯਤ ਕਿਤੇ ਗਏ ਬਦਲਾਵਾਂ ਨੂੰ ਸੈਲ ਭੰਨਡਾਰ ਵਿੱਚ ਦੇਖ ਸਕਦਾ ਹੈ ਅਤੇ ਭਾਵੇ ਤਾਂ ਓਨ੍ਹਾਂ ਲਿਖੀਤ ਨਿਯਮਾਂ ਨੂੰ ਪੂਰਾਨੇ ਅੰਕਾਂ ਤੇ ਪੁਨਰ ਸਥਾਪਿਤ ਕਰ ਸਕਦਾ ਹੈ ਜਾਂ ਓਨ੍ਹਾਂ ਨੂੰ ਨਵੇ ਅੰਕ ਦੇ ਸਕਦਾ ਹੈ ਲੋੜ ਅਨੁਸਾਰ I","ਅ ਗੇ   ਲਿ ਖ ਣ   ਵਾ ਲਾ   ਗ ਤੀ   ਲੇ ਖ   ਨਿ ਯ ਮਾਂ   ਨਾ ਲ   ਇ ਹ   ਗ ੱ ਲ   ਨਿ ਸ਼ ਤੀ ਤ   ਹੁ ੰ ਦੀ   ਹੈ   ਜੇ ਕ ਰ   ਬ ਰ ਬਾ ਦੀ   ਹੁ ੰ ਦੀ   ਹੈ   ਤਾਂ   ਇ ੱ ਕ   ਪੁ ਨ ਰ   ਪ੍ਰਾ ਪ ਤੀ   ਵਾ ਲੀ   ਪ੍ਰ ਕਿ ਰਿ ਆ , ਲੇ ਖ   ਨਿ ਯ ਮਾਂ   ਨੂ ੰ   ਦੇ ਖ   ਕ ਰ   ਸਿ ਲ ਸਿ ਲੇ ਵਾ ਰ   ਸਾ ਰੇ   ਪੂ ਰੇ   ਤੇ   ਨਿ ਯ ਤ   ਕਿ ਤੇ   ਗ ਏ   ਬ ਦ ਲਾ ਵਾਂ   ਨੂ ੰ   ਸੈ ਲ   ਭ ੰ ਨ ਡਾ ਰ   ਵਿ ੱ ਚ   ਦੇ ਖ   ਸ ਕ ਦਾ   ਹੈ   ਅ ਤੇ   ਭਾ ਵੇ   ਤਾਂ   ਓ ਨ੍ਹਾਂ   ਲਿ ਖੀ ਤ   ਨਿ ਯ ਮਾਂ   ਨੂ ੰ   ਪੂ ਰਾ ਨੇ   ਅ ੰ ਕਾਂ   ਤੇ   ਪੁ ਨ ਰ   ਸ ਥਾ ਪਿ ਤ   ਕ ਰ   ਸ ਕ ਦਾ   ਹੈ   ਜਾਂ   ਓ ਨ੍ਹਾਂ   ਨੂ ੰ   ਨ ਵੇ   ਅ ੰ ਕ   ਦੇ   ਸ ਕ ਦਾ   ਹੈ   ਲੋ ੜ   ਅ ਨੁ ਸਾ ਰ   I",165,67
"ਸੰਮਤੀ ਹਾਸਲ ਕਰਨ ਵਿੱਚ ਲਾਭ ਹੈ ਕਿ ਪਹੀਲਾਂ ਜਦੋਂ ਇੱਕ ਤੋਂ ਵੱਧ ਤਾਲਾ ਹੈ ਤਾਂ ਵੱਧ ਸਮੇ ਲਗਦਾ ਹੈ ਤਾਲੇ ਨੂੰ ਹਾਸਲ ਕਰਨ ਤੇ ਖੋਲਣ ਵਿੱਚ, ਦੂਜਾ ਇਹ ਕਿ ਸਹੀ ਹੋਣ ਵਾਲੇ ਬਹਿਸ ਹੋਰ ਜਟਿਲ ਹੋ ਜਾਂਦੇ ਹਨ I","ਸ ੰ ਮ ਤੀ   ਹਾ ਸ ਲ   ਕ ਰ ਨ   ਵਿ ੱ ਚ   ਲਾ ਭ   ਹੈ   ਕਿ   ਪ ਹੀ ਲਾਂ   ਜ ਦੋਂ   ਇ ੱ ਕ   ਤੋਂ   ਵ ੱ ਧ   ਤਾ ਲਾ   ਹੈ   ਤਾਂ   ਵ ੱ ਧ   ਸ ਮੇ   ਲ ਗ ਦਾ   ਹੈ   ਤਾ ਲੇ   ਨੂ ੰ   ਹਾ ਸ ਲ   ਕ ਰ ਨ   ਤੇ   ਖੋ ਲ ਣ   ਵਿ ੱ ਚ ,   ਦੂ ਜਾ   ਇ ਹ   ਕਿ   ਸ ਹੀ   ਹੋ ਣ   ਵਾ ਲੇ   ਬ ਹਿ ਸ   ਹੋ ਰ   ਜ ਟਿ ਲ   ਹੋ   ਜਾਂ ਦੇ   ਹ ਨ   I",85,39
ਜੇ ਤੈਰਾਕੀ ਦੀ ਸੁਵਿਧਾ ਉਪਲਬਧ ਹੈ ਤਾਂ ਡੁੱਬਣ ਤੋਂ ਬਚਾਣ ਵਾਲੀ ਕਲਾ ਦਾ ਅਭਿਆਸ ਕਿਤਾ ਜਾ ਸਕਦਾ ਹੈ I,ਜੇ   ਤੈ ਰਾ ਕੀ   ਦੀ   ਸੁ ਵਿ ਧਾ   ਉ ਪ ਲ ਬ ਧ   ਹੈ   ਤਾਂ   ਡੁ ੱ ਬ ਣ   ਤੋਂ   ਬ ਚਾ ਣ   ਵਾ ਲੀ   ਕ ਲਾ   ਦਾ   ਅ ਭਿ ਆ ਸ   ਕਿ ਤਾ   ਜਾ   ਸ ਕ ਦਾ   ਹੈ   I,40,19
ਵਿਦਿਆਰਥੀਆਂ ਨੂੰ ਉਕਸਾਉਣਾ ਚਾਹੀਦਾ ਹੈ ਤਾਂ ਜੋ ਉਹ ਤੈਰਾਕੀ ਵਿੱਚ ਮੁੱਢਲੀ ਸਹਾਇਤਾ ਦੇਣ ਦੇ ਬਾਰੇ ਵੱਧ ਤੋਂ ਵੱਧ ਸਵਾਲ ਪੁੱਛ ਸਕਣ I,ਵਿ ਦਿ ਆ ਰ ਥੀ ਆ ਂ   ਨੂ ੰ   ਉ ਕ ਸਾ ਉ ਣਾ   ਚਾ ਹੀ ਦਾ   ਹੈ   ਤਾਂ   ਜੋ   ਉ ਹ   ਤੈ ਰਾ ਕੀ   ਵਿ ੱ ਚ   ਮੁ ੱ ਢ ਲੀ   ਸ ਹਾ ਇ ਤਾ   ਦੇ ਣ   ਦੇ   ਬਾ ਰੇ   ਵ ੱ ਧ   ਤੋਂ   ਵ ੱ ਧ   ਸ ਵਾ ਲ   ਪੁ ੱ ਛ   ਸ ਕ ਣ   I,58,22
ਇਹ ਪਤਾ ਲਗਾਨਾ ਜ਼ਰੂਰੀ ਸੀ ਕਿ ਪੰਜਾਬ ਦੇ ਸਿਪਾਹੀਆਂ ਵਿੱਚ ਕੌਮੀ ਆਜ਼ਾਦੀ ਨੂੰ ਲੈ ਕੇ ਕਿੰਨਾ ਕੁ ਜੋਸ਼ ਜਾਗ ਗਿਆ ਸੀ I,ਇ ਹ   ਪ ਤਾ   ਲ ਗਾ ਨਾ   ਜ਼ ਰੂ ਰੀ   ਸੀ   ਕਿ   ਪ ੰ ਜਾ ਬ   ਦੇ   ਸਿ ਪਾ ਹੀ ਆ ਂ   ਵਿ ੱ ਚ   ਕੌ ਮੀ   ਆ ਜ਼ ਾ ਦੀ   ਨੂ ੰ   ਲੈ   ਕੇ   ਕਿ ੰ ਨਾ   ਕੁ   ਜੋ ਸ਼   ਜਾ ਗ   ਗਿ ਆ   ਸੀ   I,47,22
ਇਸ ਕਿਸਮ ਦੀ ਪਰਮ ਮਾਫ਼ੀ ਮੇਰੇ ਪਿਤਾ ਨੂੰ ਸੁਭਾਵਿਕ ਨਹੀਂ ਸੀ I,ਇ ਸ   ਕਿ ਸ ਮ   ਦੀ   ਪ ਰ ਮ   ਮਾ ਫ਼ ੀ   ਮੇ ਰੇ   ਪਿ ਤਾ   ਨੂ ੰ   ਸੁ ਭਾ ਵਿ ਕ   ਨ ਹੀਂ   ਸੀ   I,26,12
"ਸਰ ਹੇਨਰੀ ਇਸ ਵੀਦ੍ਰੋਹ ਨਾਲ ਪ੍ਰਸੰਨ ਸੀ ਕਿਉਂਕਿ ਹੁਣ ਓਨ੍ਹਾਂ ਨਾਲ ਇੱਕ ਚੁਨੀ ਹੋਈ ਅਤੇ ਵਫ਼ਾਦਾਰ ਫੌਜ ਸੀ ਜਿਸ ਵਿੱਚ ਸ਼ਾਮਿਲ ਸੀ ਅੰਗਰੇਜ਼ੀ ਪਲਟਨ ਤੇ ਤੋਪਖਾਨਾ, ਨਾਲ ਸੀ ਦੋ ਸਿੱਖ ਤੇ ਹਿੰਦੂਸਥਾਨਿਆਂ ਦੀ ਪਲਟਨਾ ਜਿਨ੍ਹਾਂ ਦੀ ਅੰਗਰੇਜ਼ਾ ਨੂੰ ਵਫ਼ਾਦਾਰੀ ਕਈ ਵਾਰ ਅਜ਼ਮਾਈ ਗਈ ਸੀ I","ਸ ਰ   ਹੇ ਨ ਰੀ   ਇ ਸ   ਵੀ ਦ੍ਰੋ ਹ   ਨਾ ਲ   ਪ੍ਰ ਸ ੰ ਨ   ਸੀ   ਕਿ ਉ ਂ ਕਿ   ਹੁ ਣ   ਓ ਨ੍ਹਾਂ   ਨਾ ਲ   ਇ ੱ ਕ   ਚੁ ਨੀ   ਹੋ ਈ   ਅ ਤੇ   ਵ ਫ਼ ਾ ਦਾ ਰ   ਫੌ ਜ   ਸੀ   ਜਿ ਸ   ਵਿ ੱ ਚ   ਸ਼ਾ ਮਿ ਲ   ਸੀ   ਅ ੰ ਗ ਰੇ ਜ਼ ੀ   ਪ ਲ ਟ ਨ   ਤੇ   ਤੋ ਪ ਖਾ ਨਾ ,   ਨਾ ਲ   ਸੀ   ਦੋ   ਸਿ ੱ ਖ   ਤੇ   ਹਿ ੰ ਦੂ ਸ ਥਾ ਨਿ ਆ ਂ   ਦੀ   ਪ ਲ ਟ ਨਾ   ਜਿ ਨ੍ਹਾਂ   ਦੀ   ਅ ੰ ਗ ਰੇ ਜ਼ ਾ   ਨੂ ੰ   ਵ ਫ਼ ਾ ਦਾ ਰੀ   ਕ ਈ   ਵਾ ਰ   ਅ ਜ਼ ਮਾ ਈ   ਗ ਈ   ਸੀ   I",118,45
"ਮੁਫ਼ਤ ਭੋਜਨ ਦਾ ਇਨਤਜ਼ਾਮ ਕਰਵਾਇਆ ਗਿਆ, ਨਾਸ਼ਤਾ ਤਿਆਰ ਸੀ, ਭੁੱਖੇ ਮੁਹ ਆਪਣੇ ਪਿਹਲੀ ਬੁਰਕੀਆਂ ਲੈ ਰਹੇ ਸਨ;ਪਿਆਲਿਆਂ ਭਰੀਆਂ ਹੋਈਆਂ ਸਨ I","ਮੁ ਫ ਼ ਤ   ਭੋ ਜ ਨ   ਦਾ   ਇ ਨ ਤ ਜ਼ ਾ ਮ   ਕ ਰ ਵਾ ਇ ਆ   ਗਿ ਆ ,   ਨਾ ਸ਼ ਤਾ   ਤਿ ਆ ਰ   ਸੀ ,   ਭੁ ੱ ਖੇ   ਮੁ ਹ   ਆ ਪ ਣੇ   ਪਿ ਹ ਲੀ   ਬੁ ਰ ਕੀ ਆ ਂ   ਲੈ   ਰ ਹੇ   ਸ ਨ ; ਪਿ ਆ ਲਿ ਆ ਂ   ਭ ਰੀ ਆ ਂ   ਹੋ ਈ ਆ ਂ   ਸ ਨ   I",68,21
"ਤੁਸੀਂ ਆਪਣਾ ਨਾਸ਼ਤਾ ਕਮਾਇਆਂ ਹੈ, ਬਰਤਾਨਵੀ ਸਿਪਾਹੀਓ , ਆਪਨਾ ਪਸੀਨਾ ਪ੍ਰਵਾਹ ਕਰ ਕੇ, ਸਿਰਫ਼ ਆਪਣਾ ਖੂਨ ਦੇ ਕੇ ਹੀ ਨਹੀਂ, ਇਸਲਈ ਆਪਣੇ ਸੈਨਾਪਤੀਆਂ ਨਾਲ ਅੰਬਾ ਦੀ ਠੰਡੀ ਛਾਂ ਥਲੇ ਨਾਸ਼ਤੇ ਦਾ ਮਜ਼ਾ ਲਵੋਂ I","ਤੁ ਸੀਂ   ਆ ਪ ਣਾ   ਨਾ ਸ਼ ਤਾ   ਕ ਮਾ ਇ ਆ ਂ   ਹੈ ,   ਬ ਰ ਤਾ ਨ ਵੀ   ਸਿ ਪਾ ਹੀ ਓ   ,   ਆ ਪ ਨਾ   ਪ ਸੀ ਨਾ   ਪ੍ਰ ਵਾ ਹ   ਕ ਰ   ਕੇ ,   ਸਿ ਰ ਫ਼   ਆ ਪ ਣਾ   ਖੂ ਨ   ਦੇ   ਕੇ   ਹੀ   ਨ ਹੀਂ ,   ਇ ਸ ਲ ਈ   ਆ ਪ ਣੇ   ਸੈ ਨਾ ਪ ਤੀ ਆ ਂ   ਨਾ ਲ   ਅ ੰ ਬਾ   ਦੀ   ਠ ੰ ਡੀ   ਛਾਂ   ਥ ਲੇ   ਨਾ ਸ਼ ਤੇ   ਦਾ   ਮ ਜ਼ ਾ   ਲ ਵੋਂ   I",87,34
ਤੁਸੀਂ ਬੀਜ ਵੇਖੇ ਹੋਣਗੇ ਜੋ ਉੱਗ ਕੇ ਪੌਦੇ ਬਣ ਜਾਂਦੇ ਹਨ ਜਾਂ ਕਤੂਰੇ ਜੋ ਕੁੱਤੇ ਬਣ ਜਾਂਦੇ ਹਨ ਅਤੇ ਬਲੂੰਗਆ ਬਿੱਲੀ ਬਣ ਜਾਂਦੇ ਹਨ I,ਤੁ ਸੀਂ   ਬੀ ਜ   ਵੇ ਖੇ   ਹੋ ਣ ਗੇ   ਜੋ   ਉ ੱ ਗ   ਕੇ   ਪੌ ਦੇ   ਬ ਣ   ਜਾਂ ਦੇ   ਹ ਨ   ਜਾਂ   ਕ ਤੂ ਰੇ   ਜੋ   ਕੁ ੱ ਤੇ   ਬ ਣ   ਜਾਂ ਦੇ   ਹ ਨ   ਅ ਤੇ   ਬ ਲੂ ੰ ਗ ਆ   ਬਿ ੱ ਲੀ   ਬ ਣ   ਜਾਂ ਦੇ   ਹ ਨ   I,53,25
ਮੁੰਡੇ ਜਿਨਸੀ ਸ਼ੋਸ਼ਣ ਦੇ ਓਨ੍ਹੇ ਹੀ ਸਮਾਨ ਯੋਗ ਹਨ I,ਮੁ ੰ ਡੇ   ਜਿ ਨ ਸੀ   ਸ਼ੋ ਸ਼ ਣ   ਦੇ   ਓ ਨ੍ਹੇ   ਹੀ   ਸ ਮਾ ਨ   ਯੋ ਗ   ਹ ਨ   I,21,10
"ਜਦੋਂ ਬੀਜਲੀ ਝਾਂਸੀ ਨੂੰ ਬਰਬਾਦ ਕਰ ਰਿਹਾ ਸੀ, ਬਾਂਕਾ ਇਹ ਦੇਖ ਕੇ ਕਿ ਓਹਦੇ ਮੁੰਡੇ ਸਵਰਾਜ ਦੇ ਲਈ ਆਪਣੀਆਂ ਤਲਵਾਰਾਂ ਮਿਆਨ ਵਿਚੋਂ ਕਢਣ ਲਈ ਤਿਆਰ ਸਨ,ਓਨ੍ਹਾਂ ਨੂੰ ਧਮਕੀ ਦਿੰਦੀ ਹੈ ਕਿ ਜੇਕਰ ਓਹ ਆਪਣੀਆਂ ਤਲਵਾਰਾਂ ਮਿਆਨ ਵਿਚੋਂ ਕਢਦੇ ਹਨ ਤਾਂ ਓਹ ਆਪ ਫਿਰਨਗੀਆਂ ਨੂੰ ਓਨ੍ਹਾਂ ਦੀ ਯੋਗਨਾਵਾਂ ਬਾਰੇ ਦੱਸ ਦੇਵੇਗੀ ਅਤੇ ਸਲਾਹ ਦੇਵੇਗੀ ਕਿ ਓਨ੍ਹਾਂ ਦਾ ਸਿਰ ਧਰ ਤੋਂ ਅਲੱਗ ਕਰ ਦੇਣ I","ਜ ਦੋਂ   ਬੀ ਜ ਲੀ   ਝਾਂ ਸੀ   ਨੂ ੰ   ਬ ਰ ਬਾ ਦ   ਕ ਰ   ਰਿ ਹਾ   ਸੀ ,   ਬਾਂ ਕਾ   ਇ ਹ   ਦੇ ਖ   ਕੇ   ਕਿ   ਓ ਹ ਦੇ   ਮੁ ੰ ਡੇ   ਸ ਵ ਰਾ ਜ   ਦੇ   ਲ ਈ   ਆ ਪ ਣੀ ਆ ਂ   ਤ ਲ ਵਾ ਰਾਂ   ਮਿ ਆ ਨ   ਵਿ ਚੋਂ   ਕ ਢ ਣ   ਲ ਈ   ਤਿ ਆ ਰ   ਸ ਨ , ਓ ਨ੍ਹਾਂ   ਨੂ ੰ   ਧ ਮ ਕੀ   ਦਿ ੰ ਦੀ   ਹੈ   ਕਿ   ਜੇ ਕ ਰ   ਓ ਹ   ਆ ਪ ਣੀ ਆ ਂ   ਤ ਲ ਵਾ ਰਾਂ   ਮਿ ਆ ਨ   ਵਿ ਚੋਂ   ਕ ਢ ਦੇ   ਹ ਨ   ਤਾਂ   ਓ ਹ   ਆ ਪ   ਫਿ ਰ ਨ ਗੀ ਆ ਂ   ਨੂ ੰ   ਓ ਨ੍ਹਾਂ   ਦੀ   ਯੋ ਗ ਨਾ ਵਾਂ   ਬਾ ਰੇ   ਦ ੱ ਸ   ਦੇ ਵੇ ਗੀ   ਅ ਤੇ   ਸ ਲਾ ਹ   ਦੇ ਵੇ ਗੀ   ਕਿ   ਓ ਨ੍ਹਾਂ   ਦਾ   ਸਿ ਰ   ਧ ਰ   ਤੋਂ   ਅ ਲ ੱ ਗ   ਕ ਰ   ਦੇ ਣ   I",155,63
ਸਟੰਟ ਫਿਲਮ ਨੂੰ ਪ੍ਰਸਿੱਧ ਬਨਾਣ ਦੇ ਵਿੱਚ ਜੇ,ਸ ਟ ੰ ਟ   ਫਿ ਲ ਮ   ਨੂ ੰ   ਪ੍ਰ ਸਿ ੱ ਧ   ਬ ਨਾ ਣ   ਦੇ   ਵਿ ੱ ਚ   ਜੇ,21,8
ਬੀ,ਬੀ,1,1
"ਐਚ ਵਾਡੀਆ ਅਤੇ ਓਨ੍ਹਾਂ ਦੇ ਭਰਾ ਹੋਮੀ ਵਾਡੀਆ, ਵਾਡੀਆ ਮੂਵੀਟੋਨ ਦਾ ਵੱਡਾ ਹੱਥ ਹੈ I","ਐ ਚ   ਵਾ ਡੀ ਆ   ਅ ਤੇ   ਓ ਨ੍ਹਾਂ   ਦੇ   ਭ ਰਾ   ਹੋ ਮੀ   ਵਾ ਡੀ ਆ ,   ਵਾ ਡੀ ਆ   ਮੂ ਵੀ ਟੋ ਨ   ਦਾ   ਵ ੱ ਡਾ   ਹ ੱ ਥ   ਹੈ   I",34,15
"ਓਹ ਇਸ ਸ਼੍ਰੇਣੀ ਦੇ ਮਾਹਿਰ ਬਣਗੇ ਫ਼ਿਲਮ, "" ਤੂਫਾਨ ਮੇਲ (1932) ਦੇ ਨਾਲ ਜਿਸ ਵਿੱਚ ਕਈ ਲੜਾਈ ਦੇ ਦ੍ਰਿਸ਼ ਸਨ ਜੋ ਕਿ ਚਲਦੀ ਹੋਈ ਟ੍ਰੈਨ ਦੀ ਛੱਤ ਤੇ ਸ਼ੂਟ ਕੀਤੇ ਗਏ ਸੀ I","ਓ ਹ   ਇ ਸ   ਸ਼੍ਰੇ ਣੀ   ਦੇ   ਮਾ ਹਿ ਰ   ਬ ਣ ਗੇ   ਫ਼ ਿ ਲ ਮ ,   ""   ਤੂ ਫਾ ਨ   ਮੇ ਲ   ( 1 9 3 2 )   ਦੇ   ਨਾ ਲ   ਜਿ ਸ   ਵਿ ੱ ਚ   ਕ ਈ   ਲ ੜ ਾ ਈ   ਦੇ   ਦ੍ਰਿ ਸ਼   ਸ ਨ   ਜੋ   ਕਿ   ਚ ਲ ਦੀ   ਹੋ ਈ   ਟ੍ਰੈ ਨ   ਦੀ   ਛ ੱ ਤ   ਤੇ   ਸ ਼ ੂ ਟ   ਕੀ ਤੇ   ਗ ਏ   ਸੀ   I",73,33
"ਅਸਾਮੀ ਸਿਨੇਮਾ ਜੋ ਕਿ ਅਸਾਮੀ ਭਾਸ਼ਾ ਵਿੱਚ ਹੈ, ਮੁੱਖ ਤੋਰ ਤੇ ਭਾਰਤ ਦੇ ਅਸਾਮ ਰਾਜ ਵਿੱਚ ਵੇਖੀਆ ਜਾਂਦਾ ਹੈ I","ਅ ਸਾ ਮੀ   ਸਿ ਨੇ ਮਾ   ਜੋ   ਕਿ   ਅ ਸਾ ਮੀ   ਭਾ ਸ਼ਾ   ਵਿ ੱ ਚ   ਹੈ ,   ਮੁ ੱ ਖ   ਤੋ ਰ   ਤੇ   ਭਾ ਰ ਤ   ਦੇ   ਅ ਸਾ ਮ   ਰਾ ਜ   ਵਿ ੱ ਚ   ਵੇ ਖੀ ਆ   ਜਾਂ ਦਾ   ਹੈ   I",43,20
ਪੁਰਾਤਨ ਸਾਹਿਤ ਦੇ ਰੂਪਾਂਤਰਨ ਮੂਲ ਸਾਹਿਤ ਦੇ ਸਮਾਨ ਨਹੀਂ ਹੁੰਦੇ I,ਪੁ ਰਾ ਤ ਨ   ਸਾ ਹਿ ਤ   ਦੇ   ਰੂ ਪਾਂ ਤ ਰ ਨ   ਮੂ ਲ   ਸਾ ਹਿ ਤ   ਦੇ   ਸ ਮਾ ਨ   ਨ ਹੀਂ   ਹੁ ੰ ਦੇ   I,28,11
"ਅਹਿਮ ਤੋਰ ਤੇ, ਥੋੜ੍ਹਾ ਜਾਂ ਵੀ ਹਾਥ ਇਧਰ-ਉਧਰ ਹੋਈਆਂ ਤੇ ਮਕਸਦ ਪੂਰਾ ਹੋ ਜਾਂਦਾ ਹੈ I","ਅ ਹਿ ਮ   ਤੋ ਰ   ਤੇ ,   ਥੋ ੜ ੍ ਹਾ   ਜਾਂ   ਵੀ   ਹਾ ਥ   ਇ ਧ ਰ - ਉ ਧ ਰ   ਹੋ ਈ ਆ ਂ   ਤੇ   ਮ ਕ ਸ ਦ   ਪੂ ਰਾ   ਹੋ   ਜਾਂ ਦਾ   ਹੈ   I",38,16
ਓਹ ਉਪਨਿਆਸ ਨੂੰ ਕਿਸੇ ਹੋਰ ਚੀਜ਼ ਵਿੱਚ ਹੀ ਤਬਦੀਲ ਕਰ ਦਿੰਦੇ ਹਨ ਜਿਸ ਦਾ ਨਤੀਜਾ ਹੁੰਦਾ ਹੈ ਅਲੱਗ ਅਲੱਗ ਸ਼ੈਲਿਆ ਦੀ ਆਪਸ ਵਿੱਚ ਰਲਾਵਟ ਹੋ ਜਾਂਦੀ ਹੈ I,ਓ ਹ   ਉ ਪ ਨਿ ਆ ਸ   ਨੂ ੰ   ਕਿ ਸੇ   ਹੋ ਰ   ਚੀ ਜ਼   ਵਿ ੱ ਚ   ਹੀ   ਤ ਬ ਦੀ ਲ   ਕ ਰ   ਦਿ ੰ ਦੇ   ਹ ਨ   ਜਿ ਸ   ਦਾ   ਨ ਤੀ ਜਾ   ਹੁ ੰ ਦਾ   ਹੈ   ਅ ਲ ੱ ਗ   ਅ ਲ ੱ ਗ   ਸ਼ੈ ਲਿ ਆ   ਦੀ   ਆ ਪ ਸ   ਵਿ ੱ ਚ   ਰ ਲਾ ਵ ਟ   ਹੋ   ਜਾਂ ਦੀ   ਹੈ   I,67,28
ਫਿਲਮ ਐਂਡ ਟੈਲੀਵਿਜ਼ਨ ਇੰਸਟੀਚਿਊਟ ਨੇ 15 ਜੂਨ ਤੋਂ ਲੈ ਕੇ 11 ਜੁਲਾਈ 2020 ਤੱਕ ਪਿਹਲਾਂ ਔਨਲਾਇਨ ਫ਼ਿਲਮ ਪ੍ਰਸ਼ੰਸਾ ਪਾਠਕ੍ਰਮ ਸ਼ੁਰੂ ਕਿਤਾ I,ਫਿ ਲ ਮ   ਐ ਂ ਡ   ਟੈ ਲੀ ਵਿ ਜ਼ ਨ   ਇ ੰ ਸ ਟੀ ਚਿ ਊ ਟ   ਨੇ   1 5   ਜੂ ਨ   ਤੋਂ   ਲੈ   ਕੇ   1 1   ਜੁ ਲਾ ਈ   2 0 2 0   ਤ ੱ ਕ   ਪਿ ਹ ਲਾਂ   ਔ ਨ ਲਾ ਇ ਨ   ਫ਼ ਿ ਲ ਮ   ਪ੍ਰ ਸ਼ ੰ ਸਾ   ਪਾ ਠ ਕ੍ਰ ਮ   ਸ਼ੁ ਰੂ   ਕਿ ਤਾ   I,63,22
"ਇਹ ਪਾਠਕ੍ਰਮ , ਨੇਸ਼ਨਲ ਫ਼ਿਲਮ ਪੁਰਾਲੇਖ ਭਵਨ, ਪੂਨਾ ਦੇ ਨਾਲ ਮਿਲ ਕੇ ਆਯੋਜਿਤ ਕਿਤਾ ਗਿਆ ਸੀ I","ਇ ਹ   ਪਾ ਠ ਕ੍ਰ ਮ   ,   ਨੇ ਸ਼ ਨ ਲ   ਫ਼ ਿ ਲ ਮ   ਪੁ ਰਾ ਲੇ ਖ   ਭ ਵ ਨ ,   ਪੂ ਨਾ   ਦੇ   ਨਾ ਲ   ਮਿ ਲ   ਕੇ   ਆ ਯੋ ਜਿ ਤ   ਕਿ ਤਾ   ਗਿ ਆ   ਸੀ   I",41,17
ਜੈਤੂਨੀ-ਹਰੀ ਚੀਫ਼ੋਨ ਸਾਰੀ ਵਿੱਚ ਫ਼ਾਤਮਾ ਬੇਗਮ ਲੱਗ ਰਹੀ ਸੀ ਜਿਦਾ ਮੈਂ ਸੋਚੀਆਂ ਸੀ I,ਜੈ ਤੂ ਨੀ - ਹ ਰੀ   ਚੀ ਫ਼ ੋ ਨ   ਸਾ ਰੀ   ਵਿ ੱ ਚ   ਫ਼ ਾ ਤ ਮਾ   ਬੇ ਗ ਮ   ਲ ੱ ਗ   ਰ ਹੀ   ਸੀ   ਜਿ ਦਾ   ਮੈਂ   ਸੋ ਚੀ ਆ ਂ   ਸੀ   I,37,14
"ਓਨ੍ਹਾਂ ਦਾ ਲੇਖ, ਜੋ ਕਿ ਓਨ੍ਹਾਂ ਦੀ ਆਉਣ ਵਾਲੀ ਕਿਤਾਬ ਦਾ ਹੀ ਹਿੱਸਾ ਹੈ, ਉਸ ਦੇ ਜਰੀਏ ਸ਼ੋਸ਼ਣ ਸਿਨੇਮਾ ਦੀ ਭੂਮੀਗਤ ਦੁਨੀਆਂ ਬਾਰੇ ਅੰਤਰਦ੍ਰਿਸ਼ਟੀ ਮਿਲਦੀ ਹੈ I","ਓ ਨ੍ਹਾਂ   ਦਾ   ਲੇ ਖ ,   ਜੋ   ਕਿ   ਓ ਨ੍ਹਾਂ   ਦੀ   ਆ ਉ ਣ   ਵਾ ਲੀ   ਕਿ ਤਾ ਬ   ਦਾ   ਹੀ   ਹਿ ੱ ਸਾ   ਹੈ ,   ਉ ਸ   ਦੇ   ਜ ਰੀ ਏ   ਸ਼ੋ ਸ਼ ਣ   ਸਿ ਨੇ ਮਾ   ਦੀ   ਭੂ ਮੀ ਗ ਤ   ਦੁ ਨੀ ਆ ਂ   ਬਾ ਰੇ   ਅ ੰ ਤ ਰ ਦ੍ਰਿ ਸ਼ ਟੀ   ਮਿ ਲ ਦੀ   ਹੈ   I",61,27
"ਸਨੋ ਵਾਈਟ ਐਂਡ ਦੀ ਸੈਵਨ ਦਵਾਰਫ਼ਸ (1937) ਜੋ ਪੂਰੀ ਰੰਗੀਨ ਅਤੇ ਆਵਾਜ਼ ਵਾਲੇ ਚਿੱਤਰ ਦੀ ਫ਼ਿਲਮ ਸੀ, ਉਸ ਨੇ ਖ਼ਾਸ ਔਸਕਰ ਜੀਤੀਆ I","ਸ ਨੋ   ਵਾ ਈ ਟ   ਐ ਂ ਡ   ਦੀ   ਸੈ ਵ ਨ   ਦ ਵਾ ਰ ਫ਼ ਸ   ( 1 9 3 7 )   ਜੋ   ਪੂ ਰੀ   ਰ ੰ ਗੀ ਨ   ਅ ਤੇ   ਆ ਵਾ ਜ਼   ਵਾ ਲੇ   ਚਿ ੱ ਤ ਰ   ਦੀ   ਫ਼ ਿ ਲ ਮ   ਸੀ ,   ਉ ਸ   ਨੇ   ਖ਼ ਾ ਸ   ਔ ਸ ਕ ਰ   ਜੀ ਤੀ ਆ   I",62,23
ਓਹ ਆਖਦੇ ਹਨ ਕਿ ਓਹ ਸੰਗੀਤ ਮੁੱਖ ਤੋਰ ਤੇ ਰਿਵਾਜੀ ਰੂਪਾਂ ਦਾ ਇੱਕ ਰਸਮੀ ਜਸ਼ਨ ਸੀ I,ਓ ਹ   ਆ ਖ ਦੇ   ਹ ਨ   ਕਿ   ਓ ਹ   ਸ ੰ ਗੀ ਤ   ਮੁ ੱ ਖ   ਤੋ ਰ   ਤੇ   ਰਿ ਵਾ ਜੀ   ਰੂ ਪਾਂ   ਦਾ   ਇ ੱ ਕ   ਰ ਸ ਮੀ   ਜ ਸ਼ ਨ   ਸੀ   I,37,17
"ਦਾਦਾਸਾਹਿਬ ਫਾਲਕੇ ਨੇ ਭਾਰਤ ਦੀ ਪਿਹਲੀ ਜੀਵੰਤ ਚਿੱਤਰ ਫਿਲਮ 1912 ਵਿੱਚ ਪੇਸ਼ ਕੀਤੀ , ਜਿਸ ਤੋਂ ਬਾਅਦ ਅਗਲੀ ਫਿਲਮ 40 ਸਾਲਾਂ ਤੋਂ ਬਾਅਦ ਆਈ I","ਦਾ ਦਾ ਸਾ ਹਿ ਬ   ਫਾ ਲ ਕੇ   ਨੇ   ਭਾ ਰ ਤ   ਦੀ   ਪਿ ਹ ਲੀ   ਜੀ ਵ ੰ ਤ   ਚਿ ੱ ਤ ਰ   ਫਿ ਲ ਮ   1 9 1 2   ਵਿ ੱ ਚ   ਪੇ ਸ਼   ਕੀ ਤੀ   ,   ਜਿ ਸ   ਤੋਂ   ਬਾ ਅ ਦ   ਅ ਗ ਲੀ   ਫਿ ਲ ਮ   4 0   ਸਾ ਲਾਂ   ਤੋਂ   ਬਾ ਅ ਦ   ਆ ਈ   I",62,25
"ਸਨ 1956 ਵਿੱਚ ਫ਼ਿਲਮ ਭਾਗ ਨੇ ਕਾਰਟੂਨ ਫ਼ਿਲਮ ਭਾਗ ਸਥਾਪਿਤ ਕਿਤਾ ਜਿਥੇ ਨਾਮੀ ਡਿਜ਼ਨੀ ਕਲਾਕਾਰ, ਕਲੇਰ ਵੀਕਸ ਨੂੰ ਵਿਦਿਆਰਥੀਆਂ ਨੂੰ ਸਿਖਿਅਤ ਕਰਨ ਲਈ ਬੁਲਾਈਆਂ ਗਈਆਂ ਸੀ I","ਸ ਨ   1 9 5 6   ਵਿ ੱ ਚ   ਫ਼ ਿ ਲ ਮ   ਭਾ ਗ   ਨੇ   ਕਾ ਰ ਟੂ ਨ   ਫ਼ ਿ ਲ ਮ   ਭਾ ਗ   ਸ ਥਾ ਪਿ ਤ   ਕਿ ਤਾ   ਜਿ ਥੇ   ਨਾ ਮੀ   ਡਿ ਜ਼ ਨੀ   ਕ ਲਾ ਕਾ ਰ ,   ਕ ਲੇ ਰ   ਵੀ ਕ ਸ   ਨੂ ੰ   ਵਿ ਦਿ ਆ ਰ ਥੀ ਆ ਂ   ਨੂ ੰ   ਸਿ ਖਿ ਅ ਤ   ਕ ਰ ਨ   ਲ ਈ   ਬੁ ਲਾ ਈ ਆ ਂ   ਗ ਈ ਆ ਂ   ਸੀ   I",81,27
"ਮਵਹੰਗੀ ਗਿਣਤੀ ਵਿੱਚ ਫਿਲਮਾਂ ਪ੍ਰਕਾਸ਼ਿਤ ਕਰਨ ਲਈ ਭਾਰਤੀ ਸਿਨੇਮਾ ਵਿਸ਼ਵ ਭਰ ਵਿੱਚ ਪ੍ਰਸਿੱਧ ਹੈ:ਇਹ ਗਿਣਤੀ ਲਗਾਤਾਰ ਵੱਧ ਰਹੀ ਹੈ ਅਤੇ ਅੱਜ ਦੇ ਅੰਕੜਿਆਂ ਅਨੁਸਾਰ ਮਦਰਾਸ, ਬੰਗਲੌਰ, ਕਲਕੱਤਾ ਅਤੇ ਹੈਦਰਾਬਾਦ ਦੇ ਨਾਲ- ਨਾਲ ਹੋਰ ਸ਼ਹਿਰਾਂ ਵਿੱਚ ਕੁਲਮਲਾ ਕੇ ਕੁੱਛ 800 ਫ਼ਿਲਮਾ ਹਰ ਸਾਲ ਬਣਾਈਆਂ ਜਾਂਦੀ ਹੈ I","ਮ ਵ ਹ ੰ ਗੀ   ਗਿ ਣ ਤੀ   ਵਿ ੱ ਚ   ਫਿ ਲ ਮਾਂ   ਪ੍ਰ ਕਾ ਸ਼ਿ ਤ   ਕ ਰ ਨ   ਲ ਈ   ਭਾ ਰ ਤੀ   ਸਿ ਨੇ ਮਾ   ਵਿ ਸ਼ ਵ   ਭ ਰ   ਵਿ ੱ ਚ   ਪ੍ਰ ਸਿ ੱ ਧ   ਹੈ : ਇ ਹ   ਗਿ ਣ ਤੀ   ਲ ਗਾ ਤਾ ਰ   ਵ ੱ ਧ   ਰ ਹੀ   ਹੈ   ਅ ਤੇ   ਅ ੱ ਜ   ਦੇ   ਅ ੰ ਕ ੜ ਿ ਆ ਂ   ਅ ਨੁ ਸਾ ਰ   ਮ ਦ ਰਾ ਸ ,   ਬ ੰ ਗ ਲੌ ਰ ,   ਕ ਲ ਕ ੱ ਤਾ   ਅ ਤੇ   ਹੈ ਦ ਰਾ ਬਾ ਦ   ਦੇ   ਨਾ ਲ -   ਨਾ ਲ   ਹੋ ਰ   ਸ਼ ਹਿ ਰਾਂ   ਵਿ ੱ ਚ   ਕੁ ਲ ਮ ਲਾ   ਕੇ   ਕੁ ੱ ਛ   8 0 0   ਫ਼ ਿ ਲ ਮਾ   ਹ ਰ   ਸਾ ਲ   ਬ ਣਾ ਈ ਆ ਂ   ਜਾਂ ਦੀ   ਹੈ   I",140,46
"1931 ਵਿੱਚ ਜਦੋਂ ਆਵਾਜ਼ ਭਾਰਤੀ ਸਿਲਵਰ ਸਕਰੀਨਤੇ ਆਈ ਤਾਂ ਦੋਨੋਂ ਮਿਲਦੀ-ਜੁਲਦੀ ਭਾਸ਼ਾਵਾਂ ਹਿੰਦੀ ਅਤੇ ਉਰਦੂ ਨੂੰ ਭਾਰਤੀ ਸਿਨੇਮਾ ਦੀ ਭਾਸ਼ਾਵਾਂ ਬਣਨ ਦੇ ਲਈ ਬਾਕੀ ਚੋਦਾਂ ਭਾਸ਼ਾਵਾਂ ਤੋਂ ਉਪਰ ਚੁਨਿਆਂ ਗਿਆ, ਇਸ ਦਾ ਮੁੱਖ ਕਾਰਣ ਸੀ ਕਿ ਛੇ ਉੱਤਰੀ ਰਾਜਾਂ ਵਿੱਚ ਇਨ੍ਹਾਂ ਨੂੰ ਬੋਲੀਆਂ ਜਾਂਦਾ ਸੀ ਅਤੇ ਭਾਰਤੀ ਵਿੱਚ ਉਪਮਹਾਂਦੀਪ ਵਿੱਚ 50 ਕਰੋੜ ਲੋਕਾਂ ਤੋਂ ਜ਼ਿਆਦਾ ਇਸਨੂੰ ਸਮਝਦੇ ਹਨ I","1 9 3 1   ਵਿ ੱ ਚ   ਜ ਦੋਂ   ਆ ਵਾ ਜ਼   ਭਾ ਰ ਤੀ   ਸਿ ਲ ਵ ਰ   ਸ ਕ ਰੀ ਨ ਤੇ   ਆ ਈ   ਤਾਂ   ਦੋ ਨੋਂ   ਮਿ ਲ ਦੀ - ਜੁ ਲ ਦੀ   ਭਾ ਸ਼ਾ ਵਾਂ   ਹਿ ੰ ਦੀ   ਅ ਤੇ   ਉ ਰ ਦੂ   ਨੂ ੰ   ਭਾ ਰ ਤੀ   ਸਿ ਨੇ ਮਾ   ਦੀ   ਭਾ ਸ਼ਾ ਵਾਂ   ਬ ਣ ਨ   ਦੇ   ਲ ਈ   ਬਾ ਕੀ   ਚੋ ਦਾਂ   ਭਾ ਸ਼ਾ ਵਾਂ   ਤੋਂ   ਉ ਪ ਰ   ਚੁ ਨਿ ਆ ਂ   ਗਿ ਆ ,   ਇ ਸ   ਦਾ   ਮੁ ੱ ਖ   ਕਾ ਰ ਣ   ਸੀ   ਕਿ   ਛੇ   ਉ ੱ ਤ ਰੀ   ਰਾ ਜਾਂ   ਵਿ ੱ ਚ   ਇ ਨ੍ਹਾਂ   ਨੂ ੰ   ਬੋ ਲੀ ਆ ਂ   ਜਾਂ ਦਾ   ਸੀ   ਅ ਤੇ   ਭਾ ਰ ਤੀ   ਵਿ ੱ ਚ   ਉ ਪ ਮ ਹਾਂ ਦੀ ਪ   ਵਿ ੱ ਚ   5 0   ਕ ਰੋ ੜ   ਲੋ ਕਾਂ   ਤੋਂ   ਜ਼ ਿ ਆ ਦਾ   ਇ ਸ ਨੂ ੰ   ਸ ਮ ਝ ਦੇ   ਹ ਨ   I",155,59
"ਕੇ ਹਰੀਹਰਨ, ਚੇੱਨਈ ਤੋਂ ਫ਼ਿਲਮ ਮੈਕਰ ਅਤੇ ਅਧਿਆਪਾਕ ਦਾ ਕਹਿਣਾ ਦਾ ਕਿ ਭਾਰਤੀ ਸਿਨੇਮਾ ਸੰਯੁਕਤ ਧੂਣੀ ਨੂੰ ਕਦੇ ਵੀ ਸਮਝ ਨਹੀਂ ਪਾਈਆ ਹੈ I","ਕੇ   ਹ ਰੀ ਹ ਰ ਨ ,   ਚੇ ੱ ਨ ਈ   ਤੋਂ   ਫ਼ ਿ ਲ ਮ   ਮੈ ਕ ਰ   ਅ ਤੇ   ਅ ਧਿ ਆ ਪਾ ਕ   ਦਾ   ਕ ਹਿ ਣਾ   ਦਾ   ਕਿ   ਭਾ ਰ ਤੀ   ਸਿ ਨੇ ਮਾ   ਸ ੰ ਯੁ ਕ ਤ   ਧੂ ਣੀ   ਨੂ ੰ   ਕ ਦੇ   ਵੀ   ਸ ਮ ਝ   ਨ ਹੀਂ   ਪਾ ਈ ਆ   ਹੈ   I",60,24
"ਭਾਰਤੀ ਸਿਨੇਮਾ ਦਾ ਯੂਰਪੀ ਜਾਂ ਅਮਰੀਕੀ ਫ਼ਿਲਮ ਉਦਯੋਗ ਦੀ ਤਰਹ, ਸੌ ਸਾਲ ਤੋਂ ਵੱਧ ਦਾ ਇਤਹਾਸ ਹੈ I","ਭਾ ਰ ਤੀ   ਸਿ ਨੇ ਮਾ   ਦਾ   ਯੂ ਰ ਪੀ   ਜਾਂ   ਅ ਮ ਰੀ ਕੀ   ਫ਼ ਿ ਲ ਮ   ਉ ਦ ਯੋ ਗ   ਦੀ   ਤ ਰ ਹ ,   ਸੌ   ਸਾ ਲ   ਤੋਂ   ਵ ੱ ਧ   ਦਾ   ਇ ਤ ਹਾ ਸ   ਹੈ   I",42,18
"ਇਸ ਗੱਲ ਤੇ ਵੀ ਜ਼ੋਰ ਦੇਣ ਦੀ ਲੋੜ ਹੈ ਕਿ (1960 ਦੇ ਦੋਰ ਦੇ ਉਲਟ) 1960 ਦੇ ਦੌਰ ਵਿੱਚ ਫ਼ਿਲਮੀ ਸਿਧਾਂਤ ਦੀ ਪੁਨਰ ਪ੍ਰਗਤੀ ਫ਼ਿਲਮਾ ਦੀ ਨੁਕਤਾਚੀਨੀ ਤੋਂ ਨਹੀਂ ਸਗੋਂ ਹੋਰ ਵਿਸ਼ੇ, ਜਿਵੇ ਕਿ ਸੰਸਥਾਗਤ ਭਾਸ਼ਾ ਵਿਗਿਆਨ ਅਤੇ ਅਰਧ-ਵਿਗਿਆਨ ਤੋਂ ਆਈ ਸੀ I","ਇ ਸ   ਗ ੱ ਲ   ਤੇ   ਵੀ   ਜ਼ ੋ ਰ   ਦੇ ਣ   ਦੀ   ਲੋ ੜ   ਹੈ   ਕਿ   ( 1 9 6 0   ਦੇ   ਦੋ ਰ   ਦੇ   ਉ ਲ ਟ )   1 9 6 0   ਦੇ   ਦੌ ਰ   ਵਿ ੱ ਚ   ਫ਼ ਿ ਲ ਮੀ   ਸਿ ਧਾਂ ਤ   ਦੀ   ਪੁ ਨ ਰ   ਪ੍ਰ ਗ ਤੀ   ਫ਼ ਿ ਲ ਮਾ   ਦੀ   ਨੁ ਕ ਤਾ ਚੀ ਨੀ   ਤੋਂ   ਨ ਹੀਂ   ਸ ਗੋਂ   ਹੋ ਰ   ਵਿ ਸ਼ੇ ,   ਜਿ ਵੇ   ਕਿ   ਸ ੰ ਸ ਥਾ ਗ ਤ   ਭਾ ਸ ਼ ਾ   ਵਿ ਗਿ ਆ ਨ   ਅ ਤੇ   ਅ ਰ ਧ - ਵਿ ਗਿ ਆ ਨ   ਤੋਂ   ਆ ਈ   ਸੀ   I",106,43
ਇਹ ਨਮੂਨਾ 1970 ਵਿੱਚ ਫੇਰ ਦੁਹਰਾ ਗਿਆ ਜਦੋਂ ਮਨੋਵਿਸ਼ਲੇਸ਼ਣ ਅਤੇ ਫ਼ੀਲਾਸਫ਼ੀ ਅਤੇ ਬਾਅਦ ਵਿੱਚ ਇਤਿਹਾਸ ਕਰਨ 1980 ਦੇ ਦਹਾਕੇ ਵਿੱਚ ਇਹ ਵਿਵਾਦ ਹੋਰ ਅਗੇ ਵੱਧ ਗਿਆ I,ਇ ਹ   ਨ ਮੂ ਨਾ   1 9 7 0   ਵਿ ੱ ਚ   ਫੇ ਰ   ਦੁ ਹ ਰਾ   ਗਿ ਆ   ਜ ਦੋਂ   ਮ ਨੋ ਵਿ ਸ਼ ਲੇ ਸ਼ ਣ   ਅ ਤੇ   ਫ਼ ੀ ਲਾ ਸ ਫ਼ ੀ   ਅ ਤੇ   ਬਾ ਅ ਦ   ਵਿ ੱ ਚ   ਇ ਤਿ ਹਾ ਸ   ਕ ਰ ਨ   1 9 8 0   ਦੇ   ਦ ਹਾ ਕੇ   ਵਿ ੱ ਚ   ਇ ਹ   ਵਿ ਵਾ ਦ   ਹੋ ਰ   ਅ ਗੇ   ਵ ੱ ਧ   ਗਿ ਆ   I,77,27
ਹੋਰ ਆਧੁਨਿਕ ਪਰਿਪੇਖ ਜਿਵੇ ਕਿ ਨਯੂ ਇੰਡੀਅਨ ਸਿਨੇਮਾ ਆ ਗਏ ਹਨ ਜੋ ਰਵਾਇਤੀ ਬੋੱਲੀਵੂਦ ਸੁੰਦਰਤਾ ਤੋਂ ਬਾਹਰ ਨਿਕਲਣ ਦਾ ਪੁਰਸ਼ਾਰਥ ਕਰਦੇ ਹਨ I,ਹੋ ਰ   ਆ ਧੁ ਨਿ ਕ   ਪ ਰਿ ਪੇ ਖ   ਜਿ ਵੇ   ਕਿ   ਨ ਯੂ   ਇ ੰ ਡੀ ਅ ਨ   ਸਿ ਨੇ ਮਾ   ਆ   ਗ ਏ   ਹ ਨ   ਜੋ   ਰ ਵਾ ਇ ਤੀ   ਬੋ ੱ ਲੀ ਵੂ ਦ   ਸੁ ੰ ਦ ਰ ਤਾ   ਤੋਂ   ਬਾ ਹ ਰ   ਨਿ ਕ ਲ ਣ   ਦਾ   ਪੁ ਰ ਸ਼ਾ ਰ ਥ   ਕ ਰ ਦੇ   ਹ ਨ   I,63,23
ਇਹ ਵਿਸ਼ੇ ਇੱਕ ਸਮਕਾਲੀਨ ਭਾਰਤ ਦੀ ਤਸਵੀਰ ਦਿਖਾਂਦੇ ਹਨ ਜਿੱਥੇ ਓਹ ਪੱਛਮ ਨਾਲ ਜੁੜੀਆਂ ਹੋਈਆਂ ਹੈ ਪਰ ਭਾਰਤ ਦੀ ਅਸਲੀ ਪਰੰਪਰਾ ਅਤੇ ਰਿਵਾਜ ਵੀ ਪਰਤੱਖ ਹਨ I,ਇ ਹ   ਵਿ ਸ਼ੇ   ਇ ੱ ਕ   ਸ ਮ ਕਾ ਲੀ ਨ   ਭਾ ਰ ਤ   ਦੀ   ਤ ਸ ਵੀ ਰ   ਦਿ ਖਾਂ ਦੇ   ਹ ਨ   ਜਿ ੱ ਥੇ   ਓ ਹ   ਪ ੱ ਛ ਮ   ਨਾ ਲ   ਜੁ ੜ ੀ ਆ ਂ   ਹੋ ਈ ਆ ਂ   ਹੈ   ਪ ਰ   ਭਾ ਰ ਤ   ਦੀ   ਅ ਸ ਲੀ   ਪ ਰ ੰ ਪ ਰਾ   ਅ ਤੇ   ਰਿ ਵਾ ਜ   ਵੀ   ਪ ਰ ਤ ੱ ਖ   ਹ ਨ   I,74,27
"ਅੱਜ- ਕੱਲ ,ਫਿਲਮਾਂ ਭਾਰਤ ਦੀ ਵਿਭਿੰਨਤਾ ਦਰਸਾਂਦੀਆਂ ਹਨ, ਸੰਸਕ੍ਰਿਤ ਦੀਆ ਸਨਾਤਨ ਗਾਥਾਵਾਂ ਦਾ ਦੁਹਰਾਏ ਹੋਏ ਵਿਸ਼ੇਆ ਨਾਲ ਜਿਵੇ ਪ੍ਰਸੂਤੀ ਤੇ ਇੰਤਕਾਮ ਜਾਂ ਓਹਨਾਂ ਕਦਰਾ ਨੂੰ ਕਾਈਮ ਰਖਣਾ ਜੋ ਭਾਰਤ ਦੀ ਸਮਾਜਕ ਲੜੀ ਦੀ ਪਾਲਣਾ ਕਰਦੇ ਹਨ I","ਅ ੱ ਜ -   ਕ ੱ ਲ   , ਫਿ ਲ ਮਾਂ   ਭਾ ਰ ਤ   ਦੀ   ਵਿ ਭਿ ੰ ਨ ਤਾ   ਦ ਰ ਸਾਂ ਦੀ ਆ ਂ   ਹ ਨ ,   ਸ ੰ ਸ ਕ੍ਰਿ ਤ   ਦੀ ਆ   ਸ ਨਾ ਤ ਨ   ਗਾ ਥਾ ਵਾਂ   ਦਾ   ਦੁ ਹ ਰਾ ਏ   ਹੋ ਏ   ਵਿ ਸ਼ੇ ਆ   ਨਾ ਲ   ਜਿ ਵੇ   ਪ੍ਰ ਸੂ ਤੀ   ਤੇ   ਇ ੰ ਤ ਕਾ ਮ   ਜਾਂ   ਓ ਹ ਨਾਂ   ਕ ਦ ਰਾ   ਨੂ ੰ   ਕਾ ਈ ਮ   ਰ ਖ ਣਾ   ਜੋ   ਭਾ ਰ ਤ   ਦੀ   ਸ ਮਾ ਜ ਕ   ਲ ੜ ੀ   ਦੀ   ਪਾ ਲ ਣਾ   ਕ ਰ ਦੇ   ਹ ਨ   I",103,37
ਇਹ ਅਸਰ ਫ਼ਿਲਮ ਦੇ ਬਿਰਤਾਂਤ ਦੀ ਸੰਰਚਨਾ ਵਿੱਚ ਵੀ ਮਹਿਸੂਸ ਹੁੰਦਾ ਹੈ ਜਿੱਥੇ ਓਹ ਵਿਸ਼ੇ ਤੌ ਭਟਕ ਜਾਂਦੇ ਹਨ ਜਿਸ ਕਰਕੇ ਭਾਰਤੀ ਫਿਲਮਾਂ ਪੱਛਮੀ ਦਰਸ਼ਕਾ ਲਈ ਕਾਫ਼ੀ ਲੰਬੀਆਂ ਹੋ ਜਾਂਦੀਆਂ ਹਨ I,ਇ ਹ   ਅ ਸ ਰ   ਫ਼ ਿ ਲ ਮ   ਦੇ   ਬਿ ਰ ਤਾਂ ਤ   ਦੀ   ਸ ੰ ਰ ਚ ਨਾ   ਵਿ ੱ ਚ   ਵੀ   ਮ ਹਿ ਸੂ ਸ   ਹੁ ੰ ਦਾ   ਹੈ   ਜਿ ੱ ਥੇ   ਓ ਹ   ਵਿ ਸ਼ੇ   ਤੌ   ਭ ਟ ਕ   ਜਾਂ ਦੇ   ਹ ਨ   ਜਿ ਸ   ਕ ਰ ਕੇ   ਭਾ ਰ ਤੀ   ਫਿ ਲ ਮਾਂ   ਪ ੱ ਛ ਮੀ   ਦ ਰ ਸ਼ ਕਾ   ਲ ਈ   ਕਾ ਫ਼ ੀ   ਲ ੰ ਬੀ ਆ ਂ   ਹੋ   ਜਾਂ ਦੀ ਆ ਂ   ਹ ਨ   I,84,32
ਅਸੀਂ ਕੁਦਰਤੀ ਹੀ ਪੁਰਸ਼ ਦ੍ਰਿਸ਼ਟੀਕੋਨ ਮਨ ਕੇ ਚਲਦੇ ਹਾ I,ਅ ਸੀਂ   ਕੁ ਦ ਰ ਤੀ   ਹੀ   ਪੁ ਰ ਸ਼   ਦ੍ਰਿ ਸ਼ ਟੀ ਕੋ ਨ   ਮ ਨ   ਕੇ   ਚ ਲ ਦੇ   ਹਾ   I,23,10
"1960 ਵਿੱਚ ਅਕਾਦਮਿਕ ਪਾਠਕ੍ਰਮਾ ਦੀ ਸ਼ੁਰੂਵਾਤ ਹੋਣ ਨਾਲ, ਸੰਸਥਾ ਨੇ ਨਿਯਮਿਤ ਤੋਰ ਤੇ ਆਪਣੇ ਸਿੱਖਿਆ ਸਮੱਗਰੀ ਸੁਧਾਰਿਆ ਹੈ, ਫ਼ਿਲਮਾਂ ਦੇ ਅਧਿਐਨ ਦੀ ਵਿਸ਼ੇਸ਼ਤਾ ਵਧਾਈ ਹੈ ਅਤੇ ਆਧਾਰੀ ਸੰਰਚਨਾ ਨੂੰ ਪਰਾਪਤ ਕਿਤਾ ਹੈ ਤਾਂ ਜੋ ਓਹ ਆਪਣੇ ਉੱਤਮਤਾਈ ਸਥਾਨ ਹੋਣ ਦਾ ਆਦੇਸ਼ ਪੂਰਾ ਕਰ ਸਕਣ I","1 9 6 0   ਵਿ ੱ ਚ   ਅ ਕਾ ਦ ਮਿ ਕ   ਪਾ ਠ ਕ੍ਰ ਮਾ   ਦੀ   ਸ਼ੁ ਰੂ ਵਾ ਤ   ਹੋ ਣ   ਨਾ ਲ ,   ਸ ੰ ਸ ਥਾ   ਨੇ   ਨਿ ਯ ਮਿ ਤ   ਤੋ ਰ   ਤੇ   ਆ ਪ ਣੇ   ਸਿ ੱ ਖਿ ਆ   ਸ ਮ ੱ ਗ ਰੀ   ਸੁ ਧਾ ਰਿ ਆ   ਹੈ ,   ਫ਼ ਿ ਲ ਮਾਂ   ਦੇ   ਅ ਧਿ ਐ ਨ   ਦੀ   ਵਿ ਸ਼ੇ ਸ਼ ਤਾ   ਵ ਧਾ ਈ   ਹੈ   ਅ ਤੇ   ਆ ਧਾ ਰੀ   ਸ ੰ ਰ ਚ ਨਾ   ਨੂ ੰ   ਪ ਰਾ ਪ ਤ   ਕਿ ਤਾ   ਹੈ   ਤਾਂ   ਜੋ   ਓ ਹ   ਆ ਪ ਣੇ   ਉ ੱ ਤ ਮ ਤਾ ਈ   ਸ ਥਾ ਨ   ਹੋ ਣ   ਦਾ   ਆ ਦੇ ਸ਼   ਪੂ ਰਾ   ਕ ਰ   ਸ ਕ ਣ   I",123,45
ਇਸ ਸੰਸਥਾ ਨੇ ਫਿਲਮਾਂ ਬਣਾਣ ਦੀ ਕਲਾ ਤੇ ਧੰਨਦੇ ਵਿੱਚ ਕਾਫੀ ਕਾਮਯਾਬੀ ਪਾਈ ਹੈ I,ਇ ਸ   ਸ ੰ ਸ ਥਾ   ਨੇ   ਫਿ ਲ ਮਾਂ   ਬ ਣਾ ਣ   ਦੀ   ਕ ਲਾ   ਤੇ   ਧ ੰ ਨ ਦੇ   ਵਿ ੱ ਚ   ਕਾ ਫੀ   ਕਾ ਮ ਯਾ ਬੀ   ਪਾ ਈ   ਹੈ   I,34,15
"ਇਸ ਇਤਹਾਸਿਕ ਘਟਨਾ ਨੂੰ ਅੰਗਰੇਜ਼ੀ ਵਿੱਚ ਭਾਰਤੀ ਲੋਕ ਗਾਥਾ ਦੇ ਵਿਕਾਸ ਦਾ ਕਾਲਕ੍ਰਮ ਰਵਾਨਗੀ ਦੇ ਮੰਨਣ ਨਾਲ ਅਸੀਂ ਭਾਰਤੀ ਸਿਨੇਮਾ ਦੀ ਪ੍ਰਸਤੁਤੀਕਰਨ ਨੂੰ ਸਮਝਣ ਵਿੱਚ ਮਦਦ ਮਿਲਦੀ ਹੈ, ਜਿਸ ਲਈ ਹੋਰ ਸਿਨੇਮਾ ਅਤੇ ਦੂਸਰੇ ਦੇਸ਼ਾਂ ਦਾ ਸਿਨੇਮਾ ਜਿਵੇ ਕਿ ਹਾਸ਼ੀਏਤਰ ਇਨ੍ਹਾਂ ਸੰਬੰਧਾ ਵਿੱਚ ਮਨਿਆ ਜਾਂਦਾ ਹੈ I","ਇ ਸ   ਇ ਤ ਹਾ ਸਿ ਕ   ਘ ਟ ਨਾ   ਨੂ ੰ   ਅ ੰ ਗ ਰੇ ਜ਼ ੀ   ਵਿ ੱ ਚ   ਭਾ ਰ ਤੀ   ਲੋ ਕ   ਗਾ ਥਾ   ਦੇ   ਵਿ ਕਾ ਸ   ਦਾ   ਕਾ ਲ ਕ੍ਰ ਮ   ਰ ਵਾ ਨ ਗੀ   ਦੇ   ਮ ੰ ਨ ਣ   ਨਾ ਲ   ਅ ਸੀਂ   ਭਾ ਰ ਤੀ   ਸਿ ਨੇ ਮਾ   ਦੀ   ਪ੍ਰ ਸ ਤੁ ਤੀ ਕ ਰ ਨ   ਨੂ ੰ   ਸ ਮ ਝ ਣ   ਵਿ ੱ ਚ   ਮ ਦ ਦ   ਮਿ ਲ ਦੀ   ਹੈ ,   ਜਿ ਸ   ਲ ਈ   ਹੋ ਰ   ਸਿ ਨੇ ਮਾ   ਅ ਤੇ   ਦੂ ਸ ਰੇ   ਦੇ ਸ਼ਾਂ   ਦਾ   ਸਿ ਨੇ ਮਾ   ਜਿ ਵੇ   ਕਿ   ਹਾ ਸ ਼ ੀ ਏ ਤ ਰ   ਇ ਨ੍ਹਾਂ   ਸ ੰ ਬ ੰ ਧਾ   ਵਿ ੱ ਚ   ਮ ਨਿ ਆ   ਜਾਂ ਦਾ   ਹੈ   I",128,47
ਇਹ ਡਾਇਲੋਗ ਪਹਿਲਾਂ ਅੰਗਰੇਜ਼ੀ ਵਿੱਚ ਅਤੇ ਦੋ- ਤਿਨ ਭਾਰਤੀ ਭਾਸ਼ਾਵਾਂ ਵਿੱਚ ਇਨਟਰ ਟਾਇਟਲ ਦੇ ਜ਼ਰਿਏ ਪ੍ਰਸਤੂਤ ਕਿਤੇ ਜਾਂਦੇ ਸਨ I,ਇ ਹ   ਡਾ ਇ ਲੋ ਗ   ਪ ਹਿ ਲਾਂ   ਅ ੰ ਗ ਰੇ ਜ਼ ੀ   ਵਿ ੱ ਚ   ਅ ਤੇ   ਦੋ -   ਤਿ ਨ   ਭਾ ਰ ਤੀ   ਭਾ ਸ਼ਾ ਵਾਂ   ਵਿ ੱ ਚ   ਇ ਨ ਟ ਰ   ਟਾ ਇ ਟ ਲ   ਦੇ   ਜ਼ ਰਿ ਏ   ਪ੍ਰ ਸ ਤੂ ਤ   ਕਿ ਤੇ   ਜਾਂ ਦੇ   ਸ ਨ   I,56,20
"ਵਧਦੇ ਆਰਥਿਕ ਬਦਲਾਵ, ਉਪਗ੍ਰਹਿ ਟੈਲੀਵਿਜ਼ਨ ਦੀ ਸ਼ੁਰੂਵਾਤ,ਪੱਛਮੀ ਆਵਾਜ਼ ਤੇ ਨਿਰਦੇਸ਼ਨ ਤਕਨੀਕਾਂ ਦੀ ਪਹੁੰਚ, ਵੱਧ ਬਾਕਾਇਦਾ ਭੁਗਤਾਨ ਅਤੇ ਹਿੰਦੀ ਸਿਨੇਮਾ ਦਾ ਵਿਸ਼ਵ ਭਰ ਵਿੱਚ ਪਰਦਰਸ਼ਨ, ਇਨ੍ਹਾਂ ਸਾਰੀਆ ਦੀ ਅਹਿਮ ਭੂਮਿਕਾ ਹੈ I","ਵ ਧ ਦੇ   ਆ ਰ ਥਿ ਕ   ਬ ਦ ਲਾ ਵ ,   ਉ ਪ ਗ੍ਰ ਹਿ   ਟੈ ਲੀ ਵਿ ਜ਼ ਨ   ਦੀ   ਸ ਼ ੁ ਰੂ ਵਾ ਤ , ਪ ੱ ਛ ਮੀ   ਆ ਵਾ ਜ ਼   ਤੇ   ਨਿ ਰ ਦੇ ਸ਼ ਨ   ਤ ਕ ਨੀ ਕਾਂ   ਦੀ   ਪ ਹੁ ੰ ਚ ,   ਵ ੱ ਧ   ਬਾ ਕਾ ਇ ਦਾ   ਭੁ ਗ ਤਾ ਨ   ਅ ਤੇ   ਹਿ ੰ ਦੀ   ਸਿ ਨੇ ਮਾ   ਦਾ   ਵਿ ਸ਼ ਵ   ਭ ਰ   ਵਿ ੱ ਚ   ਪ ਰ ਦ ਰ ਸ਼ ਨ ,   ਇ ਨ੍ਹਾਂ   ਸਾ ਰੀ ਆ   ਦੀ   ਅ ਹਿ ਮ   ਭੂ ਮਿ ਕਾ   ਹੈ   I",102,31
ਓਨ੍ਹਾਂ ਦੇ ਨਿਰੀਖਣ ਹੇਠ ਸਿਨੇਮਾ ਆਪਣਾ ਦਰਸ਼ਨੀ ਪਹਿਲੂ ਖੋਕੇ ਇੱਕ ਸਾਹਿਤਿਕ ਅਤੇ ਸ਼ਾਬਦਿਕ ਊਤਪਤੀ ਬਣ ਗਿਆ I,ਓ ਨ੍ਹਾਂ   ਦੇ   ਨਿ ਰੀ ਖ ਣ   ਹੇ ਠ   ਸਿ ਨੇ ਮਾ   ਆ ਪ ਣਾ   ਦ ਰ ਸ਼ ਨੀ   ਪ ਹਿ ਲੂ   ਖੋ ਕੇ   ਇ ੱ ਕ   ਸਾ ਹਿ ਤਿ ਕ   ਅ ਤੇ   ਸ਼ਾ ਬ ਦਿ ਕ   ਊ ਤ ਪ ਤੀ   ਬ ਣ   ਗਿ ਆ   I,46,17
"ਕਈ ਵਾਰ ਉੱਥੇ ਸਿਰਫ਼ ਪਿਯਾਨੋ ਦੀ ਆਵਾਜ਼ ਸੀ ਪਰ ਕਈ ਫਿਲਮਾਂ ਸੀ ਜਿੱਥੇ ਵਾਇਲਿਨ, ਹਾਰਮੋਨਿਯਮ, ਤਬਲਾ ਅਤੇ ਹੋਰ ਸੁਰੀਲੀ ਸਾਜ਼ਾਂ ਵੀ ਆ ਸਕਦੇ ਸਨ I","ਕ ਈ   ਵਾ ਰ   ਉ ੱ ਥੇ   ਸਿ ਰ ਫ਼   ਪਿ ਯਾ ਨੋ   ਦੀ   ਆ ਵਾ ਜ਼   ਸੀ   ਪ ਰ   ਕ ਈ   ਫਿ ਲ ਮਾਂ   ਸੀ   ਜਿ ੱ ਥੇ   ਵਾ ਇ ਲਿ ਨ ,   ਹਾ ਰ ਮੋ ਨਿ ਯ ਮ ,   ਤ ਬ ਲਾ   ਅ ਤੇ   ਹੋ ਰ   ਸੁ ਰੀ ਲੀ   ਸਾ ਜ਼ ਾ ਂ   ਵੀ   ਆ   ਸ ਕ ਦੇ   ਸ ਨ   I",63,25
ਸੰਗੀਤ ਦਾ ਸਿਧਾ ਪ੍ਰਾਸਾਰਨ ਹੁੰਦਾ ਸੀ ਅਤੇ ਇਸ ਨਾਲ ਕਿਸਾ ਵਚਿਤਰ ਬਣ ਜਾਂਦਾ ਸੀ I,ਸ ੰ ਗੀ ਤ   ਦਾ   ਸਿ ਧਾ   ਪ੍ਰਾ ਸਾ ਰ ਨ   ਹੁ ੰ ਦਾ   ਸੀ   ਅ ਤੇ   ਇ ਸ   ਨਾ ਲ   ਕਿ ਸਾ   ਵ ਚਿ ਤ ਰ   ਬ ਣ   ਜਾਂ ਦਾ   ਸੀ   I,33,15
"ਸਟੰਟ ਅਤੇ ਰੁਮ ਐਕਸ਼ਨ ਫਿਲਮ ਸਾਰੀਆਂ ਨੂੰ ਨਹੀਂ ਵਧੀਆ ਲਗੀਆਂ : ਪੜ੍ਹੇ- ਲਿੱਖੀ ਜਨਤਾ ਨੂੰ ਓਹ ਲੁਭਾਊ, ਅਸ਼ਲੀਲ ਅਤੇ ਖ਼ਰਾਬ ਪ੍ਰਭਾਵ ਪਾਣ ਵਾਲੀਆ ਲਗੀਆਂ I","ਸ ਟ ੰ ਟ   ਅ ਤੇ   ਰੁ ਮ   ਐ ਕ ਸ਼ ਨ   ਫਿ ਲ ਮ   ਸਾ ਰੀ ਆ ਂ   ਨੂ ੰ   ਨ ਹੀਂ   ਵ ਧੀ ਆ   ਲ ਗੀ ਆ ਂ   :   ਪ ੜ ੍ ਹੇ -   ਲਿ ੱ ਖੀ   ਜ ਨ ਤਾ   ਨੂ ੰ   ਓ ਹ   ਲੁ ਭਾ ਊ ,   ਅ ਸ਼ ਲੀ ਲ   ਅ ਤੇ   ਖ਼ ਰਾ ਬ   ਪ੍ਰ ਭਾ ਵ   ਪਾ ਣ   ਵਾ ਲੀ ਆ   ਲ ਗੀ ਆ ਂ   I",72,25
ਨਿਰਮਾਤਾ ਤੇ ਵਿਕਰੇਤਾ ਫ਼ਿਲਮਾਂ ਨੂੰ ਦੋ ਸ਼ੈਲੀਆ ਵਿੱਚ ਵੰਡਦੇ ਹਨ : ਖਾਸ ਲੋਕਾਂ ਲਈ ਫਿਲਮਾਂ ਅਤੇ ਆਮ ਲੋਕਾਂ ਦੇ ਲਈ I,ਨਿ ਰ ਮਾ ਤਾ   ਤੇ   ਵਿ ਕ ਰੇ ਤਾ   ਫ਼ ਿ ਲ ਮਾਂ   ਨੂ ੰ   ਦੋ   ਸ਼ੈ ਲੀ ਆ   ਵਿ ੱ ਚ   ਵ ੰ ਡ ਦੇ   ਹ ਨ   :   ਖਾ ਸ   ਲੋ ਕਾਂ   ਲ ਈ   ਫਿ ਲ ਮਾਂ   ਅ ਤੇ   ਆ ਮ   ਲੋ ਕਾਂ   ਦੇ   ਲ ਈ   I,48,21
ਫ਼ਿਲਮ ਪ੍ਰਸ਼ੰਸਾ ਪਾਠਕ੍ਰਮ ਦਾ ਸਰਦੀ ਸੰਸਕਰਨ 23 ਨਵੰਬਰ 2020 ਨੂੰ ਆਰੰਭ ਹੋਈਆ I,ਫ਼ ਿ ਲ ਮ   ਪ੍ਰ ਸ਼ ੰ ਸਾ   ਪਾ ਠ ਕ੍ਰ ਮ   ਦਾ   ਸ ਰ ਦੀ   ਸ ੰ ਸ ਕ ਰ ਨ   2 3   ਨ ਵ ੰ ਬ ਰ   2 0 2 0   ਨੂ ੰ   ਆ ਰ ੰ ਭ   ਹੋ ਈ ਆ   I,43,13
"ਇਸ ਤਰ੍ਹਾਂ ਸਾਡਾ ਧਿਆਨ, ਇਸ ਨੂੰ ਛੱਡ ਕੇ ਕਿ ਉਪਨਿਆਸ ਕਿਹੜੇ ਸਮਾਜਿਕ - ਆਰਥਿਕ ਜਾਂ ਸ਼ਾਸਕੀ ਸ਼ਬਦਾ ਦੀ ਗੱਲ ਕਰ ਰਿਹਾ ਹੈ, ਸਾਡਾ ਧਿਆਨ ਉਸ ਯੁੱਗ ਦੇ ਸਮੇ (ਵੇਸ਼- ਭੂਸ਼ਾ ਅਤੇ ਸਜਾਵਟ) ਵੱਲ ਚਲਾਂ ਜਾਂਦਾ ਹੈ I","ਇ ਸ   ਤ ਰ੍ਹਾਂ   ਸਾ ਡਾ   ਧਿ ਆ ਨ ,   ਇ ਸ   ਨੂ ੰ   ਛ ੱ ਡ   ਕੇ   ਕਿ   ਉ ਪ ਨਿ ਆ ਸ   ਕਿ ਹ ੜ ੇ   ਸ ਮਾ ਜਿ ਕ   -   ਆ ਰ ਥਿ ਕ   ਜਾਂ   ਸ਼ਾ ਸ ਕੀ   ਸ਼ ਬ ਦਾ   ਦੀ   ਗ ੱ ਲ   ਕ ਰ   ਰਿ ਹਾ   ਹੈ ,   ਸਾ ਡਾ   ਧਿ ਆ ਨ   ਉ ਸ   ਯੁ ੱ ਗ   ਦੇ   ਸ ਮੇ   ( ਵੇ ਸ਼ -   ਭੂ ਸ਼ਾ   ਅ ਤੇ   ਸ ਜਾ ਵ ਟ )   ਵ ੱ ਲ   ਚ ਲਾਂ   ਜਾਂ ਦਾ   ਹੈ   I",89,37
ਉਸ ਦੇ ਸਾਬਕਾ ਵਿਦਿਆਰਥੀ ਫ਼ਿਲਮ ਬਨਾਨ ਦੀ ਕਲਾਂ ਵਿੱਚ ਮਾਨਤਾ ਪ੍ਰਾਪਤ ਕਰ ਰਹੇ ਹਨ I,ਉ ਸ   ਦੇ   ਸਾ ਬ ਕਾ   ਵਿ ਦਿ ਆ ਰ ਥੀ   ਫ਼ ਿ ਲ ਮ   ਬ ਨਾ ਨ   ਦੀ   ਕ ਲਾਂ   ਵਿ ੱ ਚ   ਮਾ ਨ ਤਾ   ਪ੍ਰਾ ਪ ਤ   ਕ ਰ   ਰ ਹੇ   ਹ ਨ   I,37,15
"ਊਤਕ੍ਰਿਸ਼ਟ ਸਹੂਲਤਾ ਨਾਲ, ਫਿਲਮ ਐਂਡ ਟੈਲੀਵਿਜ਼ਨ ਇੰਸਟੀਚਿਊਟ ਆਫ਼ ਇੰਡੀਆ, ਇੱਕ ਰਚਨਾਤਮਕ ਮਾਹੌਲ ਦਿੰਦਾ ਹੈ ਤਾਂ ਜੋ ਨਵੇਂ ਫਿਲਮ ਨਿਰਮਾਤੀਆਂ ਨੂੰ ਇੱਕ ਨਵੀਨਤਾਕਾਰੀ ਅਤੇ ਕਲਾਤਮਕ ਸਮੀਕਰਨ ਮਿਲ ਸਕੇ I","ਊ ਤ ਕ੍ਰਿ ਸ਼ ਟ   ਸ ਹੂ ਲ ਤਾ   ਨਾ ਲ ,   ਫਿ ਲ ਮ   ਐ ਂ ਡ   ਟੈ ਲੀ ਵਿ ਜ਼ ਨ   ਇ ੰ ਸ ਟੀ ਚਿ ਊ ਟ   ਆ ਫ਼   ਇ ੰ ਡੀ ਆ ,   ਇ ੱ ਕ   ਰ ਚ ਨਾ ਤ ਮ ਕ   ਮਾ ਹੌ ਲ   ਦਿ ੰ ਦਾ   ਹੈ   ਤਾਂ   ਜੋ   ਨ ਵੇਂ   ਫਿ ਲ ਮ   ਨਿ ਰ ਮਾ ਤੀ ਆ ਂ   ਨੂ ੰ   ਇ ੱ ਕ   ਨ ਵੀ ਨ ਤਾ ਕਾ ਰੀ   ਅ ਤੇ   ਕ ਲਾ ਤ ਮ ਕ   ਸ ਮੀ ਕ ਰ ਨ   ਮਿ ਲ   ਸ ਕੇ   I",94,28
"ਸਾਨੂੰ ਦਰਸ਼ਕਾਂ ਨੂੰ ਪ੍ਰੇਰਿਤ ਕਰਦਾ ਹੈ ਓਹ ਉਸ ਕਾਲ ਦੀਆਂ ਯਾਦਾਂ ਹਨ ਜਿਸ ਵਿੱਚ ਔਸਟੇਨ ਦੀ ਨਾਈਕਾ ਜਾਂ ਪਾਗਨੋਲ ਤੇ ਫੋਰਸਟਰ ਦੇ ਕਿਰਧਾਰ ਰਿਹੰਦੇ ਸਨ, ਸਾਡਾ ਬਿਤੀਤ ਅਤੀਤ, ਨਾਂ ਕਿ ਮੌਲਿਕ ਪਾਠ ਜਿਸ ਵਿੱਚ ਅੱਜ ਦਾ ਸਮੇ ਨਾਂ ਚਾਹਿਆ ਬਦਲਾਵ ਦੀ ਕਰਦਾ ਹੈ I","ਸਾ ਨੂ ੰ   ਦ ਰ ਸ਼ ਕਾਂ   ਨੂ ੰ   ਪ੍ਰੇ ਰਿ ਤ   ਕ ਰ ਦਾ   ਹੈ   ਓ ਹ   ਉ ਸ   ਕਾ ਲ   ਦੀ ਆ ਂ   ਯਾ ਦਾਂ   ਹ ਨ   ਜਿ ਸ   ਵਿ ੱ ਚ   ਔ ਸ ਟੇ ਨ   ਦੀ   ਨਾ ਈ ਕਾ   ਜਾਂ   ਪਾ ਗ ਨੋ ਲ   ਤੇ   ਫੋ ਰ ਸ ਟ ਰ   ਦੇ   ਕਿ ਰ ਧਾ ਰ   ਰਿ ਹ ੰ ਦੇ   ਸ ਨ ,   ਸਾ ਡਾ   ਬਿ ਤੀ ਤ   ਅ ਤੀ ਤ ,   ਨਾਂ   ਕਿ   ਮੌ ਲਿ ਕ   ਪਾ ਠ   ਜਿ ਸ   ਵਿ ੱ ਚ   ਅ ੱ ਜ   ਦਾ   ਸ ਮੇ   ਨਾਂ   ਚਾ ਹਿ ਆ   ਬ ਦ ਲਾ ਵ   ਦੀ   ਕ ਰ ਦਾ   ਹੈ   I",106,44
ਪੇਡੋਨ ਨੂੰ ਆਕ੍ਰਿਤੀ ਵਿਗਿਆਨ ਦੇ ਤੋਰ ਦੇ ਹਿਸਾਬ ਨਾਲ ਖੇਤਰ ਵਿੱਚ ਵਖਾਣ ਕਿਤਾ ਜਾਂਦਾ ਹੈ ਅਤੇ ਉਸ ਦੇ ਵਰਣਨ ਅਤੇ ਵਰਗੀਕਰਣ ਦੇ ਲਈ ਪ੍ਰਯੋਗਸ਼ਾਲਾ ਪੜਤਾਲ ਲਈ ਨਮੂਨਾ ਲਿਆ ਜਾਂਦਾ ਹੈ I,ਪੇ ਡੋ ਨ   ਨੂ ੰ   ਆ ਕ੍ਰਿ ਤੀ   ਵਿ ਗਿ ਆ ਨ   ਦੇ   ਤੋ ਰ   ਦੇ   ਹਿ ਸਾ ਬ   ਨਾ ਲ   ਖੇ ਤ ਰ   ਵਿ ੱ ਚ   ਵ ਖਾ ਣ   ਕਿ ਤਾ   ਜਾਂ ਦਾ   ਹੈ   ਅ ਤੇ   ਉ ਸ   ਦੇ   ਵ ਰ ਣ ਨ   ਅ ਤੇ   ਵ ਰ ਗੀ ਕ ਰ ਣ   ਦੇ   ਲ ਈ   ਪ੍ਰ ਯੋ ਗ ਸ਼ਾ ਲਾ   ਪ ੜ ਤਾ ਲ   ਲ ਈ   ਨ ਮੂ ਨਾ   ਲਿ ਆ   ਜਾਂ ਦਾ   ਹੈ   I,75,31
"ਨਕਸ਼ੇ ਤੇ ਖਿੱਚੀਆ ਹੋਈਆ ਇਕਾਈਆ ਨੂੰ ਇੱਕ ਖ਼ਾਸ ਚਿਨ੍ਹ, ਰੰਗ ਤੇ ਨਾਂ ਦਿਤਾ ਜਾਵੇਗਾ I","ਨ ਕ ਸ਼ੇ   ਤੇ   ਖਿ ੱ ਚੀ ਆ   ਹੋ ਈ ਆ   ਇ ਕਾ ਈ ਆ   ਨੂ ੰ   ਇ ੱ ਕ   ਖ਼ ਾ ਸ   ਚਿ ਨ੍ਹ ,   ਰ ੰ ਗ   ਤੇ   ਨਾਂ   ਦਿ ਤਾ   ਜਾ ਵੇ ਗਾ   I",37,15
ਵਾਟਰ ਬੈਲੇਨਸ ਦਾ ਹਿਸਾਬ ਲਾਉਣ ਲਈ ਥੋਰਨਵਾਈਟ ਐਂਡ ਮੈਥਰ ਮੋਡਲ ਦਾ ਉਪਯੋਗ ਕਿਤਾ ਜਾਂਦਾ ਹੈ I,ਵਾ ਟ ਰ   ਬੈ ਲੇ ਨ ਸ   ਦਾ   ਹਿ ਸਾ ਬ   ਲਾ ਉ ਣ   ਲ ਈ   ਥੋ ਰ ਨ ਵਾ ਈ ਟ   ਐ ਂ ਡ   ਮੈ ਥ ਰ   ਮੋ ਡ ਲ   ਦਾ   ਉ ਪ ਯੋ ਗ   ਕਿ ਤਾ   ਜਾਂ ਦਾ   ਹੈ   I,42,16
"ਧਰਤੀ ਦੇ ਸਤਹ ਤੋਂ 60 ਮਾਲਿਜ਼ (100 ਕਿਲੋਮਿਟੀਰ) ਉਪਰ, ਹਵਾ ਦੀ ਰਸਾਇਣਕ ਬਨਾਵਟ ਉਚਾਈ ਤੇ ਨਿਰਭਰ ਹੋ ਜਾਂਦੀ ਹੈ ਅਤੇ ਵਾਯੂਮੰਡਲ ਹਲਕੀ ਗੈਸਾਂ (ਐਟਮੀ ਆਕਸੀਜਨ, ਹੀਲੀਅਮ ਅਤੇ ਹਾਈਡਰੋਜਨ) ਨਾਲ ਸੰਪੰਨ ਹੋ ਜਾਂਦਾ ਹੈ I","ਧ ਰ ਤੀ   ਦੇ   ਸ ਤ ਹ   ਤੋਂ   6 0   ਮਾ ਲਿ ਜ਼   ( 1 0 0   ਕਿ ਲੋ ਮਿ ਟੀ ਰ )   ਉ ਪ ਰ ,   ਹ ਵਾ   ਦੀ   ਰ ਸਾ ਇ ਣ ਕ   ਬ ਨਾ ਵ ਟ   ਉ ਚਾ ਈ   ਤੇ   ਨਿ ਰ ਭ ਰ   ਹੋ   ਜਾਂ ਦੀ   ਹੈ   ਅ ਤੇ   ਵਾ ਯੂ ਮ ੰ ਡ ਲ   ਹ ਲ ਕੀ   ਗੈ ਸਾਂ   ( ਐ ਟ ਮੀ   ਆ ਕ ਸੀ ਜ ਨ ,   ਹੀ ਲੀ ਅ ਮ   ਅ ਤੇ   ਹਾ ਈ ਡ ਰੋ ਜ ਨ )   ਨਾ ਲ   ਸ ੰ ਪ ੰ ਨ   ਹੋ   ਜਾਂ ਦਾ   ਹੈ   I",99,34
"ਜਲਵਾਯੂ ਵਿੱਚ ਤਬਦੀਲੀ, ਕੁੱਛ ਖੇਤੀਬਾੜੀ ਦੇ ਖੇਤਰਾ ਨੂੰ ਬਾਕੀ ਖੇਤਰਾ ਨਾਲੋਂ ਜਿਆਦਾ ਉਪਜਾਓ ਬਣਾ ਸਕਦਾ ਹੈ I","ਜ ਲ ਵਾ ਯੂ   ਵਿ ੱ ਚ   ਤ ਬ ਦੀ ਲੀ ,   ਕੁ ੱ ਛ   ਖੇ ਤੀ ਬਾ ੜ ੀ   ਦੇ   ਖੇ ਤ ਰਾ   ਨੂ ੰ   ਬਾ ਕੀ   ਖੇ ਤ ਰਾ   ਨਾ ਲੋਂ   ਜਿ ਆ ਦਾ   ਉ ਪ ਜਾ ਓ   ਬ ਣਾ   ਸ ਕ ਦਾ   ਹੈ   I",47,17
ਇਕੱਠੀ ਕਿਤੀ ਗਈ ਜਾਣਕਾਰੀ ਵਿੱਚ ਵਿਸਤਾਰ ਵਿੱਚ ਲਿਖੇ ਹੋਏ ਨੋਟਸ ਤੋਂ ਲੈ ਕੇ ਥਾਂ ਦੀ ਤਸਵੀਰ ਤੱਕ ਸੱਬ ਕੁੱਛ ਹੋ ਸਕਦਾ ਹੈ I,ਇ ਕ ੱ ਠੀ   ਕਿ ਤੀ   ਗ ਈ   ਜਾ ਣ ਕਾ ਰੀ   ਵਿ ੱ ਚ   ਵਿ ਸ ਤਾ ਰ   ਵਿ ੱ ਚ   ਲਿ ਖੇ   ਹੋ ਏ   ਨੋ ਟ ਸ   ਤੋਂ   ਲੈ   ਕੇ   ਥਾਂ   ਦੀ   ਤ ਸ ਵੀ ਰ   ਤ ੱ ਕ   ਸ ੱ ਬ   ਕੁ ੱ ਛ   ਹੋ   ਸ ਕ ਦਾ   ਹੈ   I,53,23
"ਮਾਰਚ ਦੇ ਮਹੀਨੇ ਵਿੱਚ ਗਰਮ ਤਾਪਮਾਨ ਕਈ ਜਗਾਵਾਂ ਵਿੱਚ ਮਹਿਸੂਸ ਕਿਤਾ ਗਿਆ, 29-31 ਮਾਰਚ ਨੂੰ ਪੱਛਮ ਰਾਜਸਥਾਨ ਦੇ ਵੱਖ ਥਾਵਾਂ ਵਿੱਚ ਘੋਰ ਗਰਮੀ ਦੇ ਹਾਲਾਤ ਸਨ I","ਮਾ ਰ ਚ   ਦੇ   ਮ ਹੀ ਨੇ   ਵਿ ੱ ਚ   ਗ ਰ ਮ   ਤਾ ਪ ਮਾ ਨ   ਕ ਈ   ਜ ਗਾ ਵਾਂ   ਵਿ ੱ ਚ   ਮ ਹਿ ਸੂ ਸ   ਕਿ ਤਾ   ਗਿ ਆ ,   2 9 - 3 1   ਮਾ ਰ ਚ   ਨੂ ੰ   ਪ ੱ ਛ ਮ   ਰਾ ਜ ਸ ਥਾ ਨ   ਦੇ   ਵ ੱ ਖ   ਥਾ ਵਾਂ   ਵਿ ੱ ਚ   ਘੋ ਰ   ਗ ਰ ਮੀ   ਦੇ   ਹਾ ਲਾ ਤ   ਸ ਨ   I",74,27
ਰੇਇਡਿਓ ਮੈਟ੍ਰਿਕ ਨਾਲ ਸਹੀ ਕਿਤੇ ਹੋਏ ਮਿਸ਼ਰਿਤ ਵਿੱਚ ਵੀ ਕੁਝ ਸ਼ੋਰ ਰਿਹੰਦਾ ਹੈ I,ਰੇ ਇ ਡਿ ਓ   ਮੈ ਟ੍ਰਿ ਕ   ਨਾ ਲ   ਸ ਹੀ   ਕਿ ਤੇ   ਹੋ ਏ   ਮਿ ਸ਼ ਰਿ ਤ   ਵਿ ੱ ਚ   ਵੀ   ਕੁ ਝ   ਸ਼ੋ ਰ   ਰਿ ਹ ੰ ਦਾ   ਹੈ   I,33,14
"ਸੱਬ ਤੋਂ ਅਹਿਮ ਸਰੋਤ ਹਨ ਸਥਾਨਕ ਵਾਯੂਮੰਡਲ ਦੇ ਪ੍ਰਭਾਵ, ਜਿਵੇ ਕਿ ਗੁਬਾਰ, ਧੂੰਆਂ ਜਾਂ ਇੱਕ ਸਾਫ਼ ਅਸਮਾਨ ਵਿੱਚ ਕਾਲੇ ਬਦੱਲਾ ਦਾ ਛਾਣਾ I","ਸ ੱ ਬ   ਤੋਂ   ਅ ਹਿ ਮ   ਸ ਰੋ ਤ   ਹ ਨ   ਸ ਥਾ ਨ ਕ   ਵਾ ਯੂ ਮ ੰ ਡ ਲ   ਦੇ   ਪ੍ਰ ਭਾ ਵ ,   ਜਿ ਵੇ   ਕਿ   ਗੁ ਬਾ ਰ ,   ਧੂ ੰ ਆ ਂ   ਜਾਂ   ਇ ੱ ਕ   ਸਾ ਫ਼   ਅ ਸ ਮਾ ਨ   ਵਿ ੱ ਚ   ਕਾ ਲੇ   ਬ ਦ ੱ ਲਾ   ਦਾ   ਛਾ ਣਾ   I",61,23
"ਇਹਨਾਂ ਕਾਰਨਾ ਕਰਕੇ , ਅੱਜ- ਕੱਲ ਦੀ ਰਿਸਰਚ ਤਸਵੀਰ ਕੋਮਪੋਸੀਟ ਦਾ ਪ੍ਰਯੋਗ ਕਰਦੇ ਹਨ I","ਇ ਹ ਨਾਂ   ਕਾ ਰ ਨਾ   ਕ ਰ ਕੇ   ,   ਅ ੱ ਜ -   ਕ ੱ ਲ   ਦੀ   ਰਿ ਸ ਰ ਚ   ਤ ਸ ਵੀ ਰ   ਕੋ ਮ ਪੋ ਸੀ ਟ   ਦਾ   ਪ੍ਰ ਯੋ ਗ   ਕ ਰ ਦੇ   ਹ ਨ   I",41,15
ਟਰੋਪਸਪੇਸ ਦੇ ਹੇਠਲੇ ਤੇ ਮੱਧ ਹਿੱਸੇ ਵਿੱਚ ਵੱਧ ਸਾਪੇਖ ਨਮੀ ਵੀ ਵਰੋਲਾ ਦੇ ਬਣਨ ਵਿੱਚ ਇੱਕ ਜਰੂਰੀ ਕਾਰਕ ਹੈ I,ਟ ਰੋ ਪ ਸ ਪੇ ਸ   ਦੇ   ਹੇ ਠ ਲੇ   ਤੇ   ਮ ੱ ਧ   ਹਿ ੱ ਸੇ   ਵਿ ੱ ਚ   ਵ ੱ ਧ   ਸਾ ਪੇ ਖ   ਨ ਮੀ   ਵੀ   ਵ ਰੋ ਲਾ   ਦੇ   ਬ ਣ ਨ   ਵਿ ੱ ਚ   ਇ ੱ ਕ   ਜ ਰੂ ਰੀ   ਕਾ ਰ ਕ   ਹੈ   I,50,20
"ਇਸੇ ਤਰਹ, ਜੰਗਲ ਦੀ ਧਰਤੀ ਜੋ ਹੁਣ ਘੱਟ ਮੂਲ ਵਾਲੀ ਪ੍ਰਜਾਤੀਆ ਨਾਲ ਅਬਾਦ ਹੈ ਅਗੇ ਜਾ ਕੇ ਬੇਸ਼ਕੀਮਤੀ ਹੋ ਜਾਣਗੀਆਂ ਅਤੇ ਇਸ ਦਾ ਵਿਪਰੀਤ ਹੋ ਜਾਵੇਗਾ I","ਇ ਸੇ   ਤ ਰ ਹ ,   ਜ ੰ ਗ ਲ   ਦੀ   ਧ ਰ ਤੀ   ਜੋ   ਹੁ ਣ   ਘ ੱ ਟ   ਮੂ ਲ   ਵਾ ਲੀ   ਪ੍ਰ ਜਾ ਤੀ ਆ   ਨਾ ਲ   ਅ ਬਾ ਦ   ਹੈ   ਅ ਗੇ   ਜਾ   ਕੇ   ਬੇ ਸ਼ ਕੀ ਮ ਤੀ   ਹੋ   ਜਾ ਣ ਗੀ ਆ ਂ   ਅ ਤੇ   ਇ ਸ   ਦਾ   ਵਿ ਪ ਰੀ ਤ   ਹੋ   ਜਾ ਵੇ ਗਾ   I",63,27
ਪਰੰਤੂ ਇਹ ਉਪਰ ਮਾਰਗ ਬੁਨਿਆਦੀ ਤੋਰ ਤੋਂ ਸੀਮਿਤ ਹੈ ਕਿਉਂਕਿ ਬੱਦਲ-ਮੁਕਤ ਦ੍ਰਿਸ਼ ਹੋਣ ਦੀ ਸੰਭਾਵਨਾ ਘੱਟ ਹੁੰਦੀ ਜਾਂਦੀ ਹੈ ਜਿਵੇ ਜਿਵੇ ਖੇਤਰ ਨੂੰ ਢੱਕ ਰਿਹਾ ਦ੍ਰਿਸ਼ ਵੱਧਦਾ ਰਿਹੰਦਾ ਹੈ I,ਪ ਰ ੰ ਤੂ   ਇ ਹ   ਉ ਪ ਰ   ਮਾ ਰ ਗ   ਬੁ ਨਿ ਆ ਦੀ   ਤੋ ਰ   ਤੋਂ   ਸੀ ਮਿ ਤ   ਹੈ   ਕਿ ਉ ਂ ਕਿ   ਬ ੱ ਦ ਲ - ਮੁ ਕ ਤ   ਦ੍ਰਿ ਸ਼   ਹੋ ਣ   ਦੀ   ਸ ੰ ਭਾ ਵ ਨਾ   ਘ ੱ ਟ   ਹੁ ੰ ਦੀ   ਜਾਂ ਦੀ   ਹੈ   ਜਿ ਵੇ   ਜਿ ਵੇ   ਖੇ ਤ ਰ   ਨੂ ੰ   ਢ ੱ ਕ   ਰਿ ਹਾ   ਦ੍ਰਿ ਸ਼   ਵ ੱ ਧ ਦਾ   ਰਿ ਹ ੰ ਦਾ   ਹੈ   I,80,30
"ਇਸ ਦਿਸ਼ਾ ਵਿੱਚ ,ਯਤਨ ਕਿਤੇ ਗਏ ਹਨ ਤਾਂ ਜੋ ਮਲਟੀ ਅਡੈਪਟੀਵ ਰੈਗਰੈਸ਼ਨ ਸਪਲਾਨਿਸ (MARS) ਦੇ ਨਾਲ ਮਿੱਟੀ ਦੀ ਵਿਸ਼ੇਸ਼ਤਾਵਾਂ ਨੂੰ ਮਿੱਟੀ ਦੀ ਪ੍ਰਤਿਬਿੰਬ ਨਾਲ ਦਰਜਾਬੰਦ ਕਿਤਾ ਜਾ ਸਕੇ I","ਇ ਸ   ਦਿ ਸ਼ਾ   ਵਿ ੱ ਚ   , ਯ ਤ ਨ   ਕਿ ਤੇ   ਗ ਏ   ਹ ਨ   ਤਾਂ   ਜੋ   ਮ ਲ ਟੀ   ਅ ਡੈ ਪ ਟੀ ਵ   ਰੈ ਗ ਰੈ ਸ ਼ ਨ   ਸ ਪ ਲਾ ਨਿ ਸ   ( M A R S )   ਦੇ   ਨਾ ਲ   ਮਿ ੱ ਟੀ   ਦੀ   ਵਿ ਸ ਼ ੇ ਸ ਼ ਤਾ ਵਾਂ   ਨੂ ੰ   ਮਿ ੱ ਟੀ   ਦੀ   ਪ੍ਰ ਤਿ ਬਿ ੰ ਬ   ਨਾ ਲ   ਦ ਰ ਜਾ ਬ ੰ ਦ   ਕਿ ਤਾ   ਜਾ   ਸ ਕੇ   I",84,29
"ਅਲਗ-ਅਲਗ ਜ਼ਮੀਨ ਸ਼੍ਰੇਣੀਆਂ ਦੀ ਪਛਾਣ ਕਰਨ ਦੇ ਲਈ ਇਹ ਇਹਤਰਜਮਾਨ ਤੇ ਨਿਰਭਰ ਕਰਦਾ ਹੈ ਕਿ ਓਹ ਦ੍ਰਿਸ਼ ਸੰਕੇਤ ਜਿਵੇ ਕਿ ਬੋਲਣ ਦਾ ਲਹਿਜਾ,ਬਨਾਵਟ,ਸਰੂਪ,ਨਮੂਨੇ ਅਤੇ ਬਾਕੀ ਚੀਜ਼ਾ ਨਾਲ ਸੰਬੰਧ ਬਣਾ ਕੇ ਅਗੇ ਵਧੇ I","ਅ ਲ ਗ - ਅ ਲ ਗ   ਜ਼ ਮੀ ਨ   ਸ ਼ ੍ ਰੇ ਣੀ ਆ ਂ   ਦੀ   ਪ ਛਾ ਣ   ਕ ਰ ਨ   ਦੇ   ਲ ਈ   ਇ ਹ   ਇ ਹ ਤ ਰ ਜ ਮਾ ਨ   ਤੇ   ਨਿ ਰ ਭ ਰ   ਕ ਰ ਦਾ   ਹੈ   ਕਿ   ਓ ਹ   ਦ੍ਰਿ ਸ਼   ਸ ੰ ਕੇ ਤ   ਜਿ ਵੇ   ਕਿ   ਬੋ ਲ ਣ   ਦਾ   ਲ ਹਿ ਜਾ , ਬ ਨਾ ਵ ਟ , ਸ ਰੂ ਪ , ਨ ਮੂ ਨੇ   ਅ ਤੇ   ਬਾ ਕੀ   ਚੀ ਜ਼ ਾ   ਨਾ ਲ   ਸ ੰ ਬ ੰ ਧ   ਬ ਣਾ   ਕੇ   ਅ ਗੇ   ਵ ਧੇ   I",99,33
ਇਸ ਉਪਮੰਡਲ (ਤਟਵਰਤੀ ਇਲਾਕੀਆ ਲਈ 60 ਪ੍ਰਤੀਸ਼ਤ) ਦੀ 45 ਪ੍ਰਤੀਸ਼ਤ ਵਾਰਸ਼ਿਕ ਬਾਰਸ਼ ਇਸ ਦੌਰ ਵੇਲੇ ਹੁੰਦੀ ਹੈ I,ਇ ਸ   ਉ ਪ ਮ ੰ ਡ ਲ   ( ਤ ਟ ਵ ਰ ਤੀ   ਇ ਲਾ ਕੀ ਆ   ਲ ਈ   6 0   ਪ੍ਰ ਤੀ ਸ ਼ ਤ )   ਦੀ   4 5   ਪ੍ਰ ਤੀ ਸ ਼ ਤ   ਵਾ ਰ ਸ਼ਿ ਕ   ਬਾ ਰ ਸ ਼   ਇ ਸ   ਦੌ ਰ   ਵੇ ਲੇ   ਹੁ ੰ ਦੀ   ਹੈ   I,55,18
"ਭਾਵੇਂ ਮਿੱਟੀ ਦਾ ਖਾਰਾ ਹੋਣਾ ਜਿਆਦਾਤਰ ਤਟਵਰਤੀ ਇਲਾਕੀਆ ਨਾਲ ਜੋੜਿਆ ਜਾਂਦਾ ਹੈ, ਖਾਰਾਪਨ ਜਿਆਦਾਤਰ ਪੱਤਣ ਤੇ ਬਿਰਧ ਸੈਲਾਬੀ ਮੈਦਾਨਾ ਵਿੱਚ ਵਾਪਰਦਾ ਹੈ I","ਭਾ ਵੇਂ   ਮਿ ੱ ਟੀ   ਦਾ   ਖਾ ਰਾ   ਹੋ ਣਾ   ਜਿ ਆ ਦਾ ਤ ਰ   ਤ ਟ ਵ ਰ ਤੀ   ਇ ਲਾ ਕੀ ਆ   ਨਾ ਲ   ਜੋ ੜ ਿ ਆ   ਜਾਂ ਦਾ   ਹੈ ,   ਖਾ ਰਾ ਪ ਨ   ਜਿ ਆ ਦਾ ਤ ਰ   ਪ ੱ ਤ ਣ   ਤੇ   ਬਿ ਰ ਧ   ਸੈ ਲਾ ਬੀ   ਮੈ ਦਾ ਨਾ   ਵਿ ੱ ਚ   ਵਾ ਪ ਰ ਦਾ   ਹੈ   I",66,23
"ਅਨੁਕੂਲਤਾ ਰਣਨੀਤੀਆਂ ਵਿੱਚ ਭੇਦ ਯੋਗ ਖੇਤਰ ਜਿਨ੍ਹਾਂ ਵਿੱਚ ਆਉਣ ਦਾ ਵੱਧ ਖਤਰਾ ਹੈ,ਜ਼ਰੀਆ ਸਤਹ ਤੇ ਰਨਆਫ਼ ਨੂੰ ਘਟਾਉਣਾ, ਬਾਰਿਸ਼ ਦੇ ਪਾਣੀ ਦੀ ਧਾਰਨ ਦੀ ਇਮਾਰਤਾਂ ਨੂੰ ਲੋੜ ਅਨੁਸਾਰ ਬਦਲਣਾ ਅਤੇ ਗਿੱਲੇ ਇਲਾਕਿਆਂ ਦੀ ਸੁਰੱਖਿਆ ਰਖਣਾ ਜਿਨ੍ਹਾਂ ਦਾ ਬਾਰੀ ਬਾਰਿਸ਼ਾ ਨਾਲ ਵਧੀਆ ਰਨਆਫ਼ ਹੈ I","ਅ ਨੁ ਕੂ ਲ ਤਾ   ਰ ਣ ਨੀ ਤੀ ਆ ਂ   ਵਿ ੱ ਚ   ਭੇ ਦ   ਯੋ ਗ   ਖੇ ਤ ਰ   ਜਿ ਨ੍ਹਾਂ   ਵਿ ੱ ਚ   ਆ ਉ ਣ   ਦਾ   ਵ ੱ ਧ   ਖ ਤ ਰਾ   ਹੈ , ਜ ਼ ਰੀ ਆ   ਸ ਤ ਹ   ਤੇ   ਰ ਨ ਆ ਫ਼   ਨੂ ੰ   ਘ ਟਾ ਉ ਣਾ ,   ਬਾ ਰਿ ਸ਼   ਦੇ   ਪਾ ਣੀ   ਦੀ   ਧਾ ਰ ਨ   ਦੀ   ਇ ਮਾ ਰ ਤਾਂ   ਨੂ ੰ   ਲੋ ੜ   ਅ ਨੁ ਸਾ ਰ   ਬ ਦ ਲ ਣਾ   ਅ ਤੇ   ਗਿ ੱ ਲੇ   ਇ ਲਾ ਕਿ ਆ ਂ   ਦੀ   ਸੁ ਰ ੱ ਖਿ ਆ   ਰ ਖ ਣਾ   ਜਿ ਨ੍ਹਾਂ   ਦਾ   ਬਾ ਰੀ   ਬਾ ਰਿ ਸ਼ਾ   ਨਾ ਲ   ਵ ਧੀ ਆ   ਰ ਨ ਆ ਫ਼   ਹੈ   I",122,44
ਹਰਿਆਲੀ ਵਾਲੇ ਖੇਤਰਾਂ ਦੀ ਦੇਖਭਾਲ ਅਤੇ ਵੱਖਰੇ ਪ੍ਰਕਾਰ ਦੀਆਂ ਇਮਾਰਤਾ ਬਨਾਣ ਦੀ ਸਮੱਗਰੀ ਨਾਲ ਜ਼ਮੀਨ ਦੀ ਵਰਤੋਂ ਦੀ ਯੋਜਨਾਬੰਦੀ ਕਾਰਣ ਸ਼ਹਿਰੀ ਤਾਪ ਘੱਟ ਹੋਣਾ ਚਾਹੀਦਾ ਹੈ I,ਹ ਰਿ ਆ ਲੀ   ਵਾ ਲੇ   ਖੇ ਤ ਰਾਂ   ਦੀ   ਦੇ ਖ ਭਾ ਲ   ਅ ਤੇ   ਵ ੱ ਖ ਰੇ   ਪ੍ਰ ਕਾ ਰ   ਦੀ ਆ ਂ   ਇ ਮਾ ਰ ਤਾ   ਬ ਨਾ ਣ   ਦੀ   ਸ ਮ ੱ ਗ ਰੀ   ਨਾ ਲ   ਜ ਼ ਮੀ ਨ   ਦੀ   ਵ ਰ ਤੋਂ   ਦੀ   ਯੋ ਜ ਨਾ ਬ ੰ ਦੀ   ਕਾ ਰ ਣ   ਸ਼ ਹਿ ਰੀ   ਤਾ ਪ   ਘ ੱ ਟ   ਹੋ ਣਾ   ਚਾ ਹੀ ਦਾ   ਹੈ   I,74,27
"ਪੰਨਾ ਨੈਸ਼ਨਲ ਪਾਰਕ ਜਿਸ ਵਿੱਚ ਡੂੰਗੀ ਖੱਡਾ, ਖੱਲ - ਖੱਲ ਕਰਦੇ ਝਰਨੇ ਅਤੇ ਸੰਘਣੇ ਸਾਗਵਾਨ ਦੇ ਜੰਗਲ ਦਿਸਦੇ ਹਨ ਓਹ ਪ੍ਰਮੁੱਖ ਤੋਰ ਤੇ ਇੱਕ ਪਠਾਰ ਹੈ ਜਿਸ ਵਿੱਚ ਪਹਾੜੀਆਂ, ਵਾਦੀਆਂ ਅਤੇ ਖੱਡ ਪਾਏ ਜਾਂਦੇ ਹਨ I","ਪ ੰ ਨਾ   ਨੈ ਸ਼ ਨ ਲ   ਪਾ ਰ ਕ   ਜਿ ਸ   ਵਿ ੱ ਚ   ਡੂ ੰ ਗੀ   ਖ ੱ ਡਾ ,   ਖ ੱ ਲ   -   ਖ ੱ ਲ   ਕ ਰ ਦੇ   ਝ ਰ ਨੇ   ਅ ਤੇ   ਸ ੰ ਘ ਣੇ   ਸਾ ਗ ਵਾ ਨ   ਦੇ   ਜ ੰ ਗ ਲ   ਦਿ ਸ ਦੇ   ਹ ਨ   ਓ ਹ   ਪ੍ਰ ਮੁ ੱ ਖ   ਤੋ ਰ   ਤੇ   ਇ ੱ ਕ   ਪ ਠਾ ਰ   ਹੈ   ਜਿ ਸ   ਵਿ ੱ ਚ   ਪ ਹਾ ੜ ੀ ਆ ਂ ,   ਵਾ ਦੀ ਆ ਂ   ਅ ਤੇ   ਖ ੱ ਡ   ਪਾ ਏ   ਜਾਂ ਦੇ   ਹ ਨ   I",99,36
"ਮੁੱਖ ਕਾਰਕ ਜੋ ਪਾਣੀ ਦੇ ਰੰਗ- ਢੰਗ ਵਿੱਚ ਬਦਲਾਵ ਲਿਆਨਦੇ ਹਨ, ਓਹ ਹਨ ਸਥਗਿਤ ਹੋਈ ਤਲਛਟ, ਕਾਈ, ਰਸਾਇਣ ਪਦਾਰਥ, ਡਿੱਜ਼ੋਲਵਡ ਮੈੱਟਰ(DOM), ਥਰਮਲ ਰਿਲੀਜ਼, ਜਲ ਨਾੜੀ ਦੇ ਪੌਦੇ,ਰੋਗਜਨਕ ਪਦਾਰਥ ਅਤੇ ਤੇਲ I","ਮੁ ੱ ਖ   ਕਾ ਰ ਕ   ਜੋ   ਪਾ ਣੀ   ਦੇ   ਰ ੰ ਗ -   ਢ ੰ ਗ   ਵਿ ੱ ਚ   ਬ ਦ ਲਾ ਵ   ਲਿ ਆ ਨ ਦੇ   ਹ ਨ ,   ਓ ਹ   ਹ ਨ   ਸ ਥ ਗਿ ਤ   ਹੋ ਈ   ਤ ਲ ਛ ਟ ,   ਕਾ ਈ ,   ਰ ਸਾ ਇ ਣ   ਪ ਦਾ ਰ ਥ ,   ਡਿ ੱ ਜ਼ ੋ ਲ ਵ ਡ   ਮੈ ੱ ਟ ਰ ( D O M ) ,   ਥ ਰ ਮ ਲ   ਰਿ ਲੀ ਜ਼ ,   ਜ ਲ   ਨਾ ੜ ੀ   ਦੇ   ਪੌ ਦੇ , ਰੋ ਗ ਜ ਨ ਕ   ਪ ਦਾ ਰ ਥ   ਅ ਤੇ   ਤੇ ਲ   I",106,31
"ਇਸ ਵਿਚੋਂ ਕੁੱਛ ਮਾਪਦੰਨ ਜਿਵੇ ਕਿ ਸਥਗਿਤ ਤਲਛਟ,ਸਮੁੰਦਰੀ ਕਾਈ, ਡਿ","ਇ ਸ   ਵਿ ਚੋਂ   ਕੁ ੱ ਛ   ਮਾ ਪ ਦ ੰ ਨ   ਜਿ ਵੇ   ਕਿ   ਸ ਥ ਗਿ ਤ   ਤ ਲ ਛ ਟ , ਸ ਮੁ ੰ ਦ ਰੀ   ਕਾ ਈ ,   ਡਿ",33,10
ਓ,ਓ,1,1
"ਐਮ , ਸਮੁੰਦਰੀ ਨਾੜੀ ਦੇ ਪੌਦੇ ਅਤੇ ਥਰਮਲ ਰੀਲੀਜ਼ ਸਿਧੇ ਹੀ ਊਰਜਾ ਦੇ ਵਿਸਤਾਰ ਤੇ ਅਸਰ ਪਾਉਂਦੇ ਹਨ ਜਿਸ ਕਰਕੇ ਇਨ੍ਹਾਂ ਨੂੰ ਰਿਮੋਟ ਸੇਨਸਿੰਗ ਤਕਨੀਕਾ ਨਾਲ ਮਾਪਿਆਂ ਜਾ ਸਕਦਾ ਹੈ I","ਐ ਮ   ,   ਸ ਮੁ ੰ ਦ ਰੀ   ਨਾ ੜ ੀ   ਦੇ   ਪੌ ਦੇ   ਅ ਤੇ   ਥ ਰ ਮ ਲ   ਰੀ ਲੀ ਜ ਼   ਸਿ ਧੇ   ਹੀ   ਊ ਰ ਜਾ   ਦੇ   ਵਿ ਸ ਤਾ ਰ   ਤੇ   ਅ ਸ ਰ   ਪਾ ਉ ਂ ਦੇ   ਹ ਨ   ਜਿ ਸ   ਕ ਰ ਕੇ   ਇ ਨ੍ਹਾਂ   ਨੂ ੰ   ਰਿ ਮੋ ਟ   ਸੇ ਨ ਸਿ ੰ ਗ   ਤ ਕ ਨੀ ਕਾ   ਨਾ ਲ   ਮਾ ਪਿ ਆ ਂ   ਜਾ   ਸ ਕ ਦਾ   ਹੈ   I",78,31
ਖਾਣਾਂ ਵਿਚੋਂ ਧਾਤ ਕੱਢਣ ਵੇਲੇ ਮਿੱਟੀ ਦੀ ਉਤਲੀ ਪਰਤ ਦੇ ਹਟਾਉਣ ਨਾਲ ਨੇੜਲੇ ਖੇਤਾਂ ਤੇ ਅਸਰ ਪੈਂਦਾ ਹੈ ਅਤੇ ਜ਼ਮੀਨ ਵਿਕਾਰ ਹੋ ਜਾਂਦੀ ਹੈ I,ਖਾ ਣਾਂ   ਵਿ ਚੋਂ   ਧਾ ਤ   ਕ ੱ ਢ ਣ   ਵੇ ਲੇ   ਮਿ ੱ ਟੀ   ਦੀ   ਉ ਤ ਲੀ   ਪ ਰ ਤ   ਦੇ   ਹ ਟਾ ਉ ਣ   ਨਾ ਲ   ਨੇ ੜ ਲੇ   ਖੇ ਤਾਂ   ਤੇ   ਅ ਸ ਰ   ਪੈਂ ਦਾ   ਹੈ   ਅ ਤੇ   ਜ਼ ਮੀ ਨ   ਵਿ ਕਾ ਰ   ਹੋ   ਜਾਂ ਦੀ   ਹੈ   I,54,25
ਪੌਦੀਆਂ ਦਾ ਫੋਗ ਹਟਾਣ ਨਾਲ ਮਿੱਟੀ ਦੇ ਜੈਵਿਕ ਤੱਤ ਘੱਟ ਹੋ ਜਾਂਦੇ ਹਨ I,ਪੌ ਦੀ ਆ ਂ   ਦਾ   ਫੋ ਗ   ਹ ਟਾ ਣ   ਨਾ ਲ   ਮਿ ੱ ਟੀ   ਦੇ   ਜੈ ਵਿ ਕ   ਤ ੱ ਤ   ਘ ੱ ਟ   ਹੋ   ਜਾਂ ਦੇ   ਹ ਨ   I,31,14
ਲੂਣ ਅਤੇ ਖਾਰੇ ਪਾਣੀ ਦੀ ਸਮੱਸਿਆ ਬੰਜਰ ਤੇ ਮਾਰੂ ਖੇਤਰਾ ਵਿੱਚ ਹੁੰਦੀ ਹੈ I,ਲੂ ਣ   ਅ ਤੇ   ਖਾ ਰੇ   ਪਾ ਣੀ   ਦੀ   ਸ ਮ ੱ ਸਿ ਆ   ਬ ੰ ਜ ਰ   ਤੇ   ਮਾ ਰੂ   ਖੇ ਤ ਰਾ   ਵਿ ੱ ਚ   ਹੁ ੰ ਦੀ   ਹੈ   I,32,14
ਹਰੇਕ ਕਿਸਮ ਦੀ ਮਿੱਟੀ ਇੱਕ ਪੇਡੋਨ ਜਾਂ ਉਸ ਦੀ ਮੇਲ ਨਾਲ ਜਾਣੀ ਜਾਂਦੀ ਹੈ I,ਹ ਰੇ ਕ   ਕਿ ਸ ਮ   ਦੀ   ਮਿ ੱ ਟੀ   ਇ ੱ ਕ   ਪੇ ਡੋ ਨ   ਜਾਂ   ਉ ਸ   ਦੀ   ਮੇ ਲ   ਨਾ ਲ   ਜਾ ਣੀ   ਜਾਂ ਦੀ   ਹੈ   I,30,15
"ਭੂਮੀ ਦੀ ਨਕਸ਼ਾ-ਨਵੀਸ ਵਿੱਚ ਉਸ ਦੀ ਪਚਾਣ,ਵਰਣਨ ਤੇ ਅਲੱਗ ਕਿਸਮ ਦੀ ਮਿੱਟੀ ਦਾ ਰੇਖਾਂਕਿਤ ਕਰਨਾ ਆਉਂਦਾ ਹੈ ਜੋ ਕਿ ਪ੍ਰਕਿਰਤੀ,ਜਲਵਾਯੂ ਅਤੇ ਇਲਾਕੇ ਦੀ ਬਨਸਪਤੀ , ਖੇਤਰ ਕਾਰਜ ਤੋਂ ਪੁਸ਼ਟੀ ਤੇ ਪ੍ਰਯੋਗਸ਼ਾਲਾ ਦੇ ਆਂਕੜੇ ਅਤੇ ਸਤਰ ਮੂਲ ਨਕਸ਼ੇ ਤੇ ਦਰਸਾਉਣਾ ਤੇ ਨਿਰਭਰ ਕਰਦਾ ਹੈ I","ਭੂ ਮੀ   ਦੀ   ਨ ਕ ਸ਼ਾ - ਨ ਵੀ ਸ   ਵਿ ੱ ਚ   ਉ ਸ   ਦੀ   ਪ ਚਾ ਣ , ਵ ਰ ਣ ਨ   ਤੇ   ਅ ਲ ੱ ਗ   ਕਿ ਸ ਮ   ਦੀ   ਮਿ ੱ ਟੀ   ਦਾ   ਰੇ ਖਾਂ ਕਿ ਤ   ਕ ਰ ਨਾ   ਆ ਉ ਂ ਦਾ   ਹੈ   ਜੋ   ਕਿ   ਪ੍ਰ ਕਿ ਰ ਤੀ , ਜ ਲ ਵਾ ਯੂ   ਅ ਤੇ   ਇ ਲਾ ਕੇ   ਦੀ   ਬ ਨ ਸ ਪ ਤੀ   ,   ਖੇ ਤ ਰ   ਕਾ ਰ ਜ   ਤੋਂ   ਪੁ ਸ਼ ਟੀ   ਤੇ   ਪ੍ਰ ਯੋ ਗ ਸ਼ਾ ਲਾ   ਦੇ   ਆ ਂ ਕ ੜ ੇ   ਅ ਤੇ   ਸ ਤ ਰ   ਮੂ ਲ   ਨ ਕ ਸ਼ੇ   ਤੇ   ਦ ਰ ਸਾ ਉ ਣਾ   ਤੇ   ਨਿ ਰ ਭ ਰ   ਕ ਰ ਦਾ   ਹੈ   I",120,44
ਇਹ ਕੁਦਰਤੀ ਪਾਰਿਸਥਿਤੀਕੀ ਤੇ ਜੋਰ ਪਾ ਸਕਦਾ ਹੈ I,ਇ ਹ   ਕੁ ਦ ਰ ਤੀ   ਪਾ ਰਿ ਸ ਥਿ ਤੀ ਕੀ   ਤੇ   ਜੋ ਰ   ਪਾ   ਸ ਕ ਦਾ   ਹੈ   I,21,9
"ਇਸ ਕਰਕੇ ਮਿੱਟੀ ਦੀ ਰਸਦ-ਪਾਣੀ ਬਾਰੇ ਵਿਆਪਕ ਜਾਣਕਾਰੀ ਅਤੇ ਉਸ ਦੀ ਸੰਭਾਵਾਨਾ/ਹੱਦਬੰਦੀਆਂ/ਸਮਰਥਾਂਵਾ ਦੀ ਲੋੜ, ਕਈ ਉਦੇਸ਼ਾ ਲਈ ਹੈ ਜਿਵੇਂ ਕਿ ਕਅਮਾਨਡ ਏਰੀਅ ਡਿਵੇਲਪਮਨਟ , ਮਿੱਟੀ ਦੀ ਸੰਭਾਲ ਕੈਚਮੈਂਟ ਏਰੀਆ ਦੇ ਵਿੱਚ, ਟਿਕਾਊ ਖੇਤੀਬਾੜੀ, ਜਲ ਵਿਭਾਜਕ, ਕਾਇਆ ਕਲਪ ਕਰਨਾ ਬੁਰੀ ਜ਼ਮੀਨ ਦੀ ਆਦਿ I","ਇ ਸ   ਕ ਰ ਕੇ   ਮਿ ੱ ਟੀ   ਦੀ   ਰ ਸ ਦ - ਪਾ ਣੀ   ਬਾ ਰੇ   ਵਿ ਆ ਪ ਕ   ਜਾ ਣ ਕਾ ਰੀ   ਅ ਤੇ   ਉ ਸ   ਦੀ   ਸ ੰ ਭਾ ਵਾ ਨਾ / ਹ ੱ ਦ ਬ ੰ ਦੀ ਆ ਂ / ਸ ਮ ਰ ਥਾਂ ਵਾ   ਦੀ   ਲੋ ੜ ,   ਕ ਈ   ਉ ਦੇ ਸ਼ਾ   ਲ ਈ   ਹੈ   ਜਿ ਵੇਂ   ਕਿ   ਕ ਅ ਮਾ ਨ ਡ   ਏ ਰੀ ਅ   ਡਿ ਵੇ ਲ ਪ ਮ ਨ ਟ   ,   ਮਿ ੱ ਟੀ   ਦੀ   ਸ ੰ ਭਾ ਲ   ਕੈ ਚ ਮੈਂ ਟ   ਏ ਰੀ ਆ   ਦੇ   ਵਿ ੱ ਚ ,   ਟਿ ਕਾ ਊ   ਖੇ ਤੀ ਬਾ ੜ ੀ ,   ਜ ਲ   ਵਿ ਭਾ ਜ ਕ ,   ਕਾ ਇ ਆ   ਕ ਲ ਪ   ਕ ਰ ਨਾ   ਬੁ ਰੀ   ਜ਼ ਮੀ ਨ   ਦੀ   ਆ ਦਿ   I",135,43
ਇਹ ਸਰਵੇਖਣ ਵਿਸਤ੍ਰਿਤ ਨਹੀਂ ਹੈ ਅਤੇ ਸਿਰਫ਼ ਓਨ੍ਹਾਂ ਤਕਨਿਕਾ ਨੂੰ ਦਰਸਾਨ ਲਈ ਹੈ ਜੋ ਓਨ੍ਹਾਂ ਨਮੂਨਿਆਂ ਦੀ ਪ੍ਰਸ਼ਨਸ਼ਾ ਕਰਦੇ ਹਨ ਜੋ ਸੈੱਲ ਅਤੇ ਪ੍ਰਤੀਨਿਧ ਦੇ ਅਧਾਰਿਤ ਨਮੂਨਿਆਂ ਨੂੰ ਇਕਠੇ ਜੋੜਦੇ ਹਨ I,ਇ ਹ   ਸ ਰ ਵੇ ਖ ਣ   ਵਿ ਸ ਤ੍ਰਿ ਤ   ਨ ਹੀਂ   ਹੈ   ਅ ਤੇ   ਸਿ ਰ ਫ਼   ਓ ਨ੍ਹਾਂ   ਤ ਕ ਨਿ ਕਾ   ਨੂ ੰ   ਦ ਰ ਸਾ ਨ   ਲ ਈ   ਹੈ   ਜੋ   ਓ ਨ੍ਹਾਂ   ਨ ਮੂ ਨਿ ਆ ਂ   ਦੀ   ਪ੍ਰ ਸ਼ ਨ ਸ਼ਾ   ਕ ਰ ਦੇ   ਹ ਨ   ਜੋ   ਸੈ ੱ ਲ   ਅ ਤੇ   ਪ੍ਰ ਤੀ ਨਿ ਧ   ਦੇ   ਅ ਧਾ ਰਿ ਤ   ਨ ਮੂ ਨਿ ਆ ਂ   ਨੂ ੰ   ਇ ਕ ਠੇ   ਜੋ ੜ ਦੇ   ਹ ਨ   I,83,32
"ਜੇਕਰ ਭੂਮੀ ਸੁਧਾਰ ਦੀ ਰੂਪ - ਰੇਖਾ ਕੰਪਿਊਟਰ ਤੇ ਕਰੀ ਜਾਂਦੀ ਹੈ ਤਾਂ ਜ਼ਮੀਨ ਦਾ ਨਕਸ਼ਾ , ਰੂਪ - ਰੇਖਾ ਦੀ ਪ੍ਰਕਿਰਿਆ ਵਿੱਚ ਬਣ ਜਾਂਦਾ ਹੈ I","ਜੇ ਕ ਰ   ਭੂ ਮੀ   ਸੁ ਧਾ ਰ   ਦੀ   ਰੂ ਪ   -   ਰੇ ਖਾ   ਕ ੰ ਪਿ ਊ ਟ ਰ   ਤੇ   ਕ ਰੀ   ਜਾਂ ਦੀ   ਹੈ   ਤਾਂ   ਜ਼ ਮੀ ਨ   ਦਾ   ਨ ਕ ਸ਼ਾ   ,   ਰੂ ਪ   -   ਰੇ ਖਾ   ਦੀ   ਪ੍ਰ ਕਿ ਰਿ ਆ   ਵਿ ੱ ਚ   ਬ ਣ   ਜਾਂ ਦਾ   ਹੈ   I",54,27
ਵਿਸ਼ਲੇਸ਼ਕ ਤਸਵੀਰ ਨੂੰ ਕੰਪਯੂਟਰ ਸਕਰੀਨ ਜਾਂ ਫ਼ਿਰ ਹਾਰਡ ਕਾਪੀ ਛਾਪ ਤੇ ਵੇਖਦਾ ਹੈ ਅਤੇ ਇੱਕ ਬਹੁਭੁਜ ਓਨ੍ਹਾਂ ਖੇਤਰਾਂ ਦੁਵਾਲੇ ਬਣਾਉਂਦਾ ਹੈ ਜੋ ਇੱਕ ਕਿਸਮ ਦੇ ਧਰਾਤਲ ਦੇ ਅੰਦਰ ਆਉਂਦੇ ਹਨ I,ਵਿ ਸ਼ ਲੇ ਸ਼ ਕ   ਤ ਸ ਵੀ ਰ   ਨੂ ੰ   ਕ ੰ ਪ ਯੂ ਟ ਰ   ਸ ਕ ਰੀ ਨ   ਜਾਂ   ਫ਼ ਿ ਰ   ਹਾ ਰ ਡ   ਕਾ ਪੀ   ਛਾ ਪ   ਤੇ   ਵੇ ਖ ਦਾ   ਹੈ   ਅ ਤੇ   ਇ ੱ ਕ   ਬ ਹੁ ਭੁ ਜ   ਓ ਨ੍ਹਾਂ   ਖੇ ਤ ਰਾਂ   ਦੁ ਵਾ ਲੇ   ਬ ਣਾ ਉ ਂ ਦਾ   ਹੈ   ਜੋ   ਇ ੱ ਕ   ਕਿ ਸ ਮ   ਦੇ   ਧ ਰਾ ਤ ਲ   ਦੇ   ਅ ੰ ਦ ਰ   ਆ ਉ ਂ ਦੇ   ਹ ਨ   I,84,31
ਤਾਪਮਾਨ ਵਿੱਚ ਸਫ਼ੀਤੀ ਦਾ ਕਾਰਨ ਹੈ ਸੀਮਿਤ ਅਣਵਿਕ ਆਕਸੀਜਨ ਜੋ ਕਿ ਤੇਜ਼ ਸੂਰਜੀ ਰੇਡੀਏਸ਼ਨ ਨੂੰ ਜਜ਼ਬ ਕਰ ਲੈਣਦੇ ਹਨ I,ਤਾ ਪ ਮਾ ਨ   ਵਿ ੱ ਚ   ਸ ਫ਼ ੀ ਤੀ   ਦਾ   ਕਾ ਰ ਨ   ਹੈ   ਸੀ ਮਿ ਤ   ਅ ਣ ਵਿ ਕ   ਆ ਕ ਸੀ ਜ ਨ   ਜੋ   ਕਿ   ਤੇ ਜ਼   ਸੂ ਰ ਜੀ   ਰੇ ਡੀ ਏ ਸ ਼ ਨ   ਨੂ ੰ   ਜ ਜ਼ ਬ   ਕ ਰ   ਲੈ ਣ ਦੇ   ਹ ਨ   I,54,20
ਟਰੋਪੋਸਫੀਅਰ ਵਿੱਚਕਾਰ ਤਾਪਮਾਨ ਤੇ ਵਾਸ਼ਪ ਦੀ ਮਾਤਰਾ ਉੱਚੀ ਥਾਂ ਤੇ ਘੱਟਦੀ ਜਾਂਦੀ ਹੈ I,ਟ ਰੋ ਪੋ ਸ ਫੀ ਅ ਰ   ਵਿ ੱ ਚ ਕਾ ਰ   ਤਾ ਪ ਮਾ ਨ   ਤੇ   ਵਾ ਸ਼ ਪ   ਦੀ   ਮਾ ਤ ਰਾ   ਉ ੱ ਚੀ   ਥਾਂ   ਤੇ   ਘ ੱ ਟ ਦੀ   ਜਾਂ ਦੀ   ਹੈ   I,37,14
ਭਾਫ਼ ਹਵਾ ਦੇ ਤਾਪਮਾਨ ਨੂੰ ਨਿਯਮਤ ਕਰਨ ਵਿੱਚ ਇੱਕ ਮੁੱਖ ਭੂਮਿਕਾ ਨਿਭਾਉਨਦਾ ਹੈ ਕਿਉਂਕਿ ਓਹ ਗ੍ਰਹਿ ਤੋਂ ਆਉਣ ਵਾਲੀ ਸੂਰਜ ਦੀ ਸ਼ਕਤੀ ਅਤੇ ਥਰਮਲ ਰੇਡੀਏਸ਼ਨ ਨੂੰ ਸਮਾ ਲੈਂਦੀ ਹੈ I,ਭਾ ਫ ਼   ਹ ਵਾ   ਦੇ   ਤਾ ਪ ਮਾ ਨ   ਨੂ ੰ   ਨਿ ਯ ਮ ਤ   ਕ ਰ ਨ   ਵਿ ੱ ਚ   ਇ ੱ ਕ   ਮੁ ੱ ਖ   ਭੂ ਮਿ ਕਾ   ਨਿ ਭਾ ਉ ਨ ਦਾ   ਹੈ   ਕਿ ਉ ਂ ਕਿ   ਓ ਹ   ਗ੍ਰ ਹਿ   ਤੋਂ   ਆ ਉ ਣ   ਵਾ ਲੀ   ਸੂ ਰ ਜ   ਦੀ   ਸ਼ ਕ ਤੀ   ਅ ਤੇ   ਥ ਰ ਮ ਲ   ਰੇ ਡੀ ਏ ਸ਼ ਨ   ਨੂ ੰ   ਸ ਮਾ   ਲੈਂ ਦੀ   ਹੈ   I,77,30
ਹਾਈਡਰੋਲੋਜਿਕ ਚੱਕਰ ਤੇ ਮਨੁੱਖੀ ਪ੍ਰਭਾਵ ਦੀ ਪੂਰਵ ਸੂਚਣਾ ਰੱਖਣ ਲਈ ਵਾਟਰ ਬੈਲਨਸ ਲਾਭਦਾਇਕ ਹੈ I,ਹਾ ਈ ਡ ਰੋ ਲੋ ਜਿ ਕ   ਚ ੱ ਕ ਰ   ਤੇ   ਮ ਨੁ ੱ ਖੀ   ਪ੍ਰ ਭਾ ਵ   ਦੀ   ਪੂ ਰ ਵ   ਸੂ ਚ ਣਾ   ਰ ੱ ਖ ਣ   ਲ ਈ   ਵਾ ਟ ਰ   ਬੈ ਲ ਨ ਸ   ਲਾ ਭ ਦਾ ਇ ਕ   ਹੈ   I,46,15
ਫੇਰ ਇਹ ਹੌਲੀ ਹੌਲੀ ਸਟ੍ਰੈਟੋਪੌਸ ਤੱਕ ਪਹੁੰਚ ਜਾਂਦਾ ਹੈ I,ਫੇ ਰ   ਇ ਹ   ਹੌ ਲੀ   ਹੌ ਲੀ   ਸ ਟ੍ਰੈ ਟੋ ਪੌ ਸ   ਤ ੱ ਕ   ਪ ਹੁ ੰ ਚ   ਜਾਂ ਦਾ   ਹੈ   I,24,10
ਇਹ ਖੇਤਰ ਫਲ ਦਾ ਵਿਘਟਣ ਦੋ ਤਰੀਕੀਆ ਨਾਲ ਕਰਦਾ ਹੈ - ਫ਼ਰੋਸਟ ਹਿਵੀਙਗ ਅਤੇ ਫ਼ਰੋਸਟ ਸ਼ੈਟਰਿਨਗ I,ਇ ਹ   ਖੇ ਤ ਰ   ਫ ਲ   ਦਾ   ਵਿ ਘ ਟ ਣ   ਦੋ   ਤ ਰੀ ਕੀ ਆ   ਨਾ ਲ   ਕ ਰ ਦਾ   ਹੈ   -   ਫ਼ ਰੋ ਸ ਟ   ਹਿ ਵੀ ਙ ਗ   ਅ ਤੇ   ਫ਼ ਰੋ ਸ ਟ   ਸ਼ੈ ਟ ਰਿ ਨ ਗ   I,44,17
ਮਿੱਟੀ ਦੀ ਪ੍ਰਤਿਬਿੰਬਤਾ ਦੇ ਅੰਕੜੇ ਇੱਕ ਪ੍ਰਯੋਗਸ਼ਾਲਾ ਜਾਂ ਖੇਤਰ ਅਤੇ ਹਵਾ/ਅਕਾਸ਼ ਤੋਂ ਪ੍ਰਾਪਤ ਹੋ ਸਕਦੇ ਹਨ I,ਮਿ ੱ ਟੀ   ਦੀ   ਪ੍ਰ ਤਿ ਬਿ ੰ ਬ ਤਾ   ਦੇ   ਅ ੰ ਕ ੜ ੇ   ਇ ੱ ਕ   ਪ੍ਰ ਯੋ ਗ ਸ਼ਾ ਲਾ   ਜਾਂ   ਖੇ ਤ ਰ   ਅ ਤੇ   ਹ ਵਾ / ਅ ਕਾ ਸ਼   ਤੋਂ   ਪ੍ਰਾ ਪ ਤ   ਹੋ   ਸ ਕ ਦੇ   ਹ ਨ   I,47,17
"ਮਾਨਸ, ਹਿਮਾਲਿਆ ਦੀ ਨਿਚਲੀ ਪਹਾੜੀਆਂ ਵਿੱਚ ਉਤਰੀ ਪੂਰਵੀ ਰਾਜ ਅਸਾਮ ਵਿੱਚ ਸਥਿਤ ਹੈ I","ਮਾ ਨ ਸ ,   ਹਿ ਮਾ ਲਿ ਆ   ਦੀ   ਨਿ ਚ ਲੀ   ਪ ਹਾ ੜ ੀ ਆ ਂ   ਵਿ ੱ ਚ   ਉ ਤ ਰੀ   ਪੂ ਰ ਵੀ   ਰਾ ਜ   ਅ ਸਾ ਮ   ਵਿ ੱ ਚ   ਸ ਥਿ ਤ   ਹੈ   I",40,14
"ਸਿਆਸੀ ਮਾਹੋਲ ਵਿੱਚ ਕਈ ਕਾਰਕ ਜੀਵੇ ਕਿ ਸਭਿਆਚਾਰ, ਧਰਮ, ਸਮਾਜਿਕ ਹਿੱਤ ਅਤੇ ਪਾਰਟੀਆ ਵਿੱਚ ਮੁਕਾਬਲੇ ਦੀ ਭਾਵਨਾ ਆਦਿ ਫੈਸਲਾ ਲੈਣ ਦੀ ਪ੍ਰਕ੍ਰਿਆ ਉਤੇ ਪ੍ਰਭਾਵ ਪਾਂਦੇ ਹਨI","ਸਿ ਆ ਸੀ   ਮਾ ਹੋ ਲ   ਵਿ ੱ ਚ   ਕ ਈ   ਕਾ ਰ ਕ   ਜੀ ਵੇ   ਕਿ   ਸ ਭਿ ਆ ਚਾ ਰ ,   ਧ ਰ ਮ ,   ਸ ਮਾ ਜਿ ਕ   ਹਿ ੱ ਤ   ਅ ਤੇ   ਪਾ ਰ ਟੀ ਆ   ਵਿ ੱ ਚ   ਮੁ ਕਾ ਬ ਲੇ   ਦੀ   ਭਾ ਵ ਨਾ   ਆ ਦਿ   ਫੈ ਸ ਲਾ   ਲੈ ਣ   ਦੀ   ਪ੍ਰ ਕ੍ਰਿ ਆ   ਉ ਤੇ   ਪ੍ਰ ਭਾ ਵ   ਪਾਂ ਦੇ   ਹ ਨ I",72,26
"ਆਮ ਤੋਰ ਤੇ, ਕਾਲਿੰਗ ਅੱਟੈੰਸ਼ਨ, ਕਵੇਸ਼ਚਨ ਅਵਰ ਤੋਂ ਬਾਅਦ ਲਿਆ ਜਾਂਦਾ ਹੈ ਅਤੇ ਹਾਊਸ ਦੇ ਟੇਬਲ ਤੇ ਕਾਗਜ਼ ਰੱਖਣ ਤੋਂ ਬਾਅਦ ਅਤੇ ਲਿਸਟ ਔਫ ਬਿਜ਼ਨਿਸ ਦੇ ਕਿਸੇ ਕਮ ਸ਼ੁਰੂ ਹੋਣ ਤੋਂ ਪਹਿਲਾ I","ਆ ਮ   ਤੋ ਰ   ਤੇ ,   ਕਾ ਲਿ ੰ ਗ   ਅ ੱ ਟੈ ੰ ਸ਼ ਨ ,   ਕ ਵੇ ਸ਼ ਚ ਨ   ਅ ਵ ਰ   ਤੋਂ   ਬਾ ਅ ਦ   ਲਿ ਆ   ਜਾਂ ਦਾ   ਹੈ   ਅ ਤੇ   ਹਾ ਊ ਸ   ਦੇ   ਟੇ ਬ ਲ   ਤੇ   ਕਾ ਗ ਜ਼   ਰ ੱ ਖ ਣ   ਤੋਂ   ਬਾ ਅ ਦ   ਅ ਤੇ   ਲਿ ਸ ਟ   ਔ ਫ   ਬਿ ਜ ਼ ਨਿ ਸ   ਦੇ   ਕਿ ਸੇ   ਕ ਮ   ਸ਼ੁ ਰੂ   ਹੋ ਣ   ਤੋਂ   ਪ ਹਿ ਲਾ   I",81,33
ਇਸ ਲਈ ਸਾਨੂੰ ਇੱਕਠੇ ਅਤੇ ਮਿਲ ਜੁਲ ਕੇ ਕੰਮ ਕਰਨ ਲਈ ਤਿਆਰ ਰਹਣਾ ਪਵੇਗਾ ਤਾਂ ਜੋ ਅਸੀਂ ਇਸ ਮਹਾਮਾਰੀ ਨਾਲ਼ ਲੜ ਸਕੀਏ ਅਤੇ ਬਹੁ - ਸੰਮਤੀਵਾਦ ਦੇ ਆਧਾਰ ਤੇ ਸਾਧਨਾ ਨੂੰ ਜਨ ਸੇਵਾ ਲਈ ਗਤੀਸ਼ੀਲ ਕਰ ਸਕੀਏ I,ਇ ਸ   ਲ ਈ   ਸਾ ਨੂ ੰ   ਇ ੱ ਕ ਠੇ   ਅ ਤੇ   ਮਿ ਲ   ਜੁ ਲ   ਕੇ   ਕ ੰ ਮ   ਕ ਰ ਨ   ਲ ਈ   ਤਿ ਆ ਰ   ਰ ਹ ਣਾ   ਪ ਵੇ ਗਾ   ਤਾਂ   ਜੋ   ਅ ਸੀਂ   ਇ ਸ   ਮ ਹਾ ਮਾ ਰੀ   ਨਾ ਲ਼   ਲ ੜ   ਸ ਕੀ ਏ   ਅ ਤੇ   ਬ ਹੁ   -   ਸ ੰ ਮ ਤੀ ਵਾ ਦ   ਦੇ   ਆ ਧਾ ਰ   ਤੇ   ਸਾ ਧ ਨਾ   ਨੂ ੰ   ਜ ਨ   ਸੇ ਵਾ   ਲ ਈ   ਗ ਤੀ ਸ ਼ ੀ ਲ   ਕ ਰ   ਸ ਕੀ ਏ   I,91,38
"ਹੁਣ (2019-2023) ਪਸ਼ੂ ਸਿਹਤ ਪਰਵਾਹ, ਬਨਸਪਤੀ, ਭੋਜਨ ਸੁਰੱਖਿਆ ਅਤੇ ਵਾਤਾਵਰਣ ਖੰਡਾਂ ਦੇ ਲਈ ਰਾਸ਼ਟਰੀ ਰੋਗਾਣੂਨਾਸ਼ਕ ਪ੍ਰਤਿਰੋਧ ਅਤੇ ਅਵਸ਼ੇਸ਼ ਨਿਗਰਾਨੀ ਯੋਜਨਾ ਦੇ ਨਾਲ ਪੇਸ਼ ਕਿਤਾ ਗਿਆ ਹੈ I","ਹੁ ਣ   ( 2 0 1 9 - 2 0 2 3 )   ਪ ਸ਼ੂ   ਸਿ ਹ ਤ   ਪ ਰ ਵਾ ਹ ,   ਬ ਨ ਸ ਪ ਤੀ ,   ਭੋ ਜ ਨ   ਸੁ ਰ ੱ ਖਿ ਆ   ਅ ਤੇ   ਵਾ ਤਾ ਵ ਰ ਣ   ਖ ੰ ਡਾਂ   ਦੇ   ਲ ਈ   ਰਾ ਸ਼ ਟ ਰੀ   ਰੋ ਗਾ ਣੂ ਨਾ ਸ ਼ ਕ   ਪ੍ਰ ਤਿ ਰੋ ਧ   ਅ ਤੇ   ਅ ਵ ਸ਼ੇ ਸ਼   ਨਿ ਗ ਰਾ ਨੀ   ਯੋ ਜ ਨਾ   ਦੇ   ਨਾ ਲ   ਪੇ ਸ਼   ਕਿ ਤਾ   ਗਿ ਆ   ਹੈ   I",89,27
ਅਤੀਤ ਵਿੱਚ ਡਾਇਰੈਕਟ ਟੈਕਸ ਤੇ ਸਬ ਚਾਰਜ ਲਗਾਈਆ ਜਾਂਦਾ ਸੀ ਤਾਂ ਜੋ ਕੁਦਰਤੀ ਆਫ਼ਤਾਂ ਤੋਂ ਆ ਰਹੀ ਆਮਦਨ ਨੂੰ ਪੂਰਾ ਕਿਤਾ ਜਾ ਸਕੇ I,ਅ ਤੀ ਤ   ਵਿ ੱ ਚ   ਡਾ ਇ ਰੈ ਕ ਟ   ਟੈ ਕ ਸ   ਤੇ   ਸ ਬ   ਚਾ ਰ ਜ   ਲ ਗਾ ਈ ਆ   ਜਾਂ ਦਾ   ਸੀ   ਤਾਂ   ਜੋ   ਕੁ ਦ ਰ ਤੀ   ਆ ਫ ਼ ਤਾਂ   ਤੋਂ   ਆ   ਰ ਹੀ   ਆ ਮ ਦ ਨ   ਨੂ ੰ   ਪੂ ਰਾ   ਕਿ ਤਾ   ਜਾ   ਸ ਕੇ   I,55,24
"ਰਾਸ਼ਟਰਸੰਘ ਦੇ ਜੀਵ ਵਿਭਿੰਨਤਾ ਦੇ ਸੰਮੇਲਨ ਵਿੱਚ ਭਾਰਤ ਮਈ 1994 ਵਿੱਚ ਅਤੇ ਨਾਗਓਆ ਪ੍ਰੋਟੋਕੋਲ ਓਨ ਐਕਸੈਸ ਤੋਂ ਜੈਨੇਟਿਕ ਰਿਸੌਰਸੇਸ ਐਂਡ ਦ ਫੇਅਰ ਐਂਡ ਏਕੁਇਟੇਬਲ ਸ਼ੇਅਰਿੰਗ ਆਫ਼ ਬੇਨੀਫਿਟਸ ਆਰਿਸਿਗ ਫ੍ਰੋਮ ਦੇਅਰ ਉਟੀਲਾਜ਼ੀਸ਼ , ਅਕਤੂਬਰ 2014 ਵਿੱਚ ਹਸਤਾਖਰ ਬਣਿਆ ਸੀ I","ਰਾ ਸ਼ ਟ ਰ ਸ ੰ ਘ   ਦੇ   ਜੀ ਵ   ਵਿ ਭਿ ੰ ਨ ਤਾ   ਦੇ   ਸ ੰ ਮੇ ਲ ਨ   ਵਿ ੱ ਚ   ਭਾ ਰ ਤ   ਮ ਈ   1 9 9 4   ਵਿ ੱ ਚ   ਅ ਤੇ   ਨਾ ਗ ਓ ਆ   ਪ੍ਰੋ ਟੋ ਕੋ ਲ   ਓ ਨ   ਐ ਕ ਸੈ ਸ   ਤੋਂ   ਜੈ ਨੇ ਟਿ ਕ   ਰਿ ਸੌ ਰ ਸੇ ਸ   ਐ ਂ ਡ   ਦ   ਫੇ ਅ ਰ   ਐ ਂ ਡ   ਏ ਕੁ ਇ ਟੇ ਬ ਲ   ਸ਼ੇ ਅ ਰਿ ੰ ਗ   ਆ ਫ਼   ਬੇ ਨੀ ਫਿ ਟ ਸ   ਆ ਰਿ ਸਿ ਗ   ਫ੍ਰੋ ਮ   ਦੇ ਅ ਰ   ਉ ਟੀ ਲਾ ਜ਼ ੀ ਸ਼   ,   ਅ ਕ ਤੂ ਬ ਰ   2 0 1 4   ਵਿ ੱ ਚ   ਹ ਸ ਤਾ ਖ ਰ   ਬ ਣਿ ਆ   ਸੀ   I",128,39
ਭਾਰਤ ਦੀ ਸਹਾਇਤਾ ਉਸ ਦੀ ਸਰਕਾਰ ਤੇ ਅਫਗਾਨਿਸਤਾਨ ਦੇ ਲੋਕਾਂ ਦੀ ਜ਼ਰੂਰਤਾ ਤੇ ਤਰਜੀਹਾਂ ਉਪਰ ਹੈ; ਅਫਗਾਨੀ ਸਰਕਾਰ ਦੀ ਹਿੱਸੇਦਾਰੀ ਨਾਲ ਕ੍ਰਿਆਵਾਂ ਕਿਤੀਆਂ ਜਾਂਦੀਆਂ ਹਨ ਅਤੇ ਅਫਗਾਨਿਸਤਾਨ ਦੇ ਖੁੱਲ੍ਹੇ ਇਲਾਕੀਆ ਵਿੱਚ ਕੰਮ ਚੱਲ ਰਹੇ ਹਨ I,ਭਾ ਰ ਤ   ਦੀ   ਸ ਹਾ ਇ ਤਾ   ਉ ਸ   ਦੀ   ਸ ਰ ਕਾ ਰ   ਤੇ   ਅ ਫ ਗਾ ਨਿ ਸ ਤਾ ਨ   ਦੇ   ਲੋ ਕਾਂ   ਦੀ   ਜ਼ ਰੂ ਰ ਤਾ   ਤੇ   ਤ ਰ ਜੀ ਹਾਂ   ਉ ਪ ਰ   ਹੈ ;   ਅ ਫ ਗਾ ਨੀ   ਸ ਰ ਕਾ ਰ   ਦੀ   ਹਿ ੱ ਸੇ ਦਾ ਰੀ   ਨਾ ਲ   ਕ੍ਰਿ ਆ ਵਾਂ   ਕਿ ਤੀ ਆ ਂ   ਜਾਂ ਦੀ ਆ ਂ   ਹ ਨ   ਅ ਤੇ   ਅ ਫ ਗਾ ਨਿ ਸ ਤਾ ਨ   ਦੇ   ਖੁ ੱ ਲ੍ਹੇ   ਇ ਲਾ ਕੀ ਆ   ਵਿ ੱ ਚ   ਕ ੰ ਮ   ਚ ੱ ਲ   ਰ ਹੇ   ਹ ਨ   I,101,36
"ਇਸ ਨੂੰ ਵਿਸਥਾਰ ਵਿੱਚ ਮੇਰੇ ਸਾਥੀ, ਪੈਟ੍ਰੋਲ ਤੇ ਨੈਚੁਰਲ ਗੈਸ ਦੇ ਮੰਤਰੀ ਦੱਸਣਗੇ I","ਇ ਸ   ਨੂ ੰ   ਵਿ ਸ ਥਾ ਰ   ਵਿ ੱ ਚ   ਮੇ ਰੇ   ਸਾ ਥੀ ,   ਪੈ ਟ੍ਰੋ ਲ   ਤੇ   ਨੈ ਚੁ ਰ ਲ   ਗੈ ਸ   ਦੇ   ਮ ੰ ਤ ਰੀ   ਦ ੱ ਸ ਣ ਗੇ   I",37,14
ਸਰਕਾਰ ਇੱਕ ਨਿਪੁੰਨ ਮੰਡਲੀ ਸਥਾਪਿਤ ਕਰੇਗੀ ਜੋ ਉਸ ਨੂੰ ਸਮਰਥ ਤੇ ਦੀਰਘਕਾਲਿਕ ਦਰ ਦੇ ਪੈਟਰੋਲੀਅਮ ਦੇ ਪਦਾਰਥਾਂ ਉਤੇ ਸਲਾਹ ਦੇਵੇਗੀ I,ਸ ਰ ਕਾ ਰ   ਇ ੱ ਕ   ਨਿ ਪੁ ੰ ਨ   ਮ ੰ ਡ ਲੀ   ਸ ਥਾ ਪਿ ਤ   ਕ ਰੇ ਗੀ   ਜੋ   ਉ ਸ   ਨੂ ੰ   ਸ ਮ ਰ ਥ   ਤੇ   ਦੀ ਰ ਘ ਕਾ ਲਿ ਕ   ਦ ਰ   ਦੇ   ਪੈ ਟ ਰੋ ਲੀ ਅ ਮ   ਦੇ   ਪ ਦਾ ਰ ਥਾਂ   ਉ ਤੇ   ਸ ਲਾ ਹ   ਦੇ ਵੇ ਗੀ   I,61,21
"ਸਾਲ 2008-08 ਦੇ ਖਿਲਾਫ, ਸਾਲ 2008-09 ਦੇ ਦੋਰਾਨ, ਨ","ਸਾ ਲ   2 0 0 8 - 0 8   ਦੇ   ਖਿ ਲਾ ਫ ,   ਸਾ ਲ   2 0 0 8 - 0 9   ਦੇ   ਦੋ ਰਾ ਨ ,   ਨ",29,9
ਰੇ,ਰੇ,1,1
ਏ,ਏ,1,1
ਗ,ਗ,1,1
ਆ ਨੇ 4,ਆ   ਨੇ   4,3,3
47 ਕਰੋੜ ਤੋਂ ਵੱਧ ਲੋਕਾਂ ਨੂੰ ਰੋਜ਼ਗਰ ਦੇ ਮੌਕੇ ਪ੍ਰਦਾਨ ਕਿਤੇ I,4 7   ਕ ਰੋ ੜ   ਤੋਂ   ਵ ੱ ਧ   ਲੋ ਕਾਂ   ਨੂ ੰ   ਰੋ ਜ਼ ਗ ਰ   ਦੇ   ਮੌ ਕੇ   ਪ੍ਰ ਦਾ ਨ   ਕਿ ਤੇ   I,26,12
ਇਹ ਮੰਨਿਆ-ਪਰਮੰਨਿਆ ਗਿਆ ਹੈ ਕਿ ਨੇਸ਼ਨਲ ਰੂਰਲ ਏਮਪਲੋਏਮੈਂਟ ਗਰੰਟੀ ਐਕਟ (ਐਨ,ਇ ਹ   ਮ ੰ ਨਿ ਆ - ਪ ਰ ਮ ੰ ਨਿ ਆ   ਗਿ ਆ   ਹੈ   ਕਿ   ਨੇ ਸ਼ ਨ ਲ   ਰੂ ਰ ਲ   ਏ ਮ ਪ ਲੋ ਏ ਮੈਂ ਟ   ਗ ਰ ੰ ਟੀ   ਐ ਕ ਟ   ( ਐ ਨ,41,11
ਆਰ,ਆ ਰ,2,1
ਇ,ਇ,1,1
ਗ,ਗ,1,1
"ਆ) ਜੋ ਕਿ ਫਰਵਰੀ 2006 ਵਿੱਚ ਲਾਗੂ ਹੋਈਆਂ ਸੀ, ਇੱਕ ਸ਼ਾਨਦਾਰ ਕਾਮਯਾਬੀ ਹੈ I","ਆ )   ਜੋ   ਕਿ   ਫ ਰ ਵ ਰੀ   2 0 0 6   ਵਿ ੱ ਚ   ਲਾ ਗੂ   ਹੋ ਈ ਆ ਂ   ਸੀ ,   ਇ ੱ ਕ   ਸ਼ਾ ਨ ਦਾ ਰ   ਕਾ ਮ ਯਾ ਬੀ   ਹੈ   I",36,14
ਨ,ਨ,1,1
ਰੇ,ਰੇ,1,1
ਗ,ਗ,1,1
ਆ ਦੇ ਤਹਿਥ ਅਸੀਂ ਰੋਜ਼ ਆਮਦਨੀ ਦੇ 100 ਰੁਪਏ ਦੇਣ ਲਈ ਵਚਨਬੱਧ ਹਨ I,ਆ   ਦੇ   ਤ ਹਿ ਥ   ਅ ਸੀਂ   ਰੋ ਜ਼   ਆ ਮ ਦ ਨੀ   ਦੇ   1 0 0   ਰੁ ਪ ਏ   ਦੇ ਣ   ਲ ਈ   ਵ ਚ ਨ ਬ ੱ ਧ   ਹ ਨ   I,33,14
ਭਾਵੇਂ ਕਿਮਤਾਂ ਹੁਣ ਘੱਟ ਗਈਆ ਹਨ ਪਰ ਓਹ ਵਿਸ਼ਵ ਆਰਥਿਕ ਸੰਕਟ ਨੂੰ ਦੇਖਦੇ ਹੋਏ ਗਿਰੀਆ ਹੋਈਆ ਕਿਮਤਾਂ ਤੋ ਵੀ ਦੁਗਣੀ ਹੋ ਗਈਆ ਹਨ I,ਭਾ ਵੇਂ   ਕਿ ਮ ਤਾਂ   ਹੁ ਣ   ਘ ੱ ਟ   ਗ ਈ ਆ   ਹ ਨ   ਪ ਰ   ਓ ਹ   ਵਿ ਸ਼ ਵ   ਆ ਰ ਥਿ ਕ   ਸ ੰ ਕ ਟ   ਨੂ ੰ   ਦੇ ਖ ਦੇ   ਹੋ ਏ   ਗਿ ਰੀ ਆ   ਹੋ ਈ ਆ   ਕਿ ਮ ਤਾਂ   ਤੋ   ਵੀ   ਦੁ ਗ ਣੀ   ਹੋ   ਗ ਈ ਆ   ਹ ਨ   I,58,24
ਮੈਂ 500 ਕਰੋੜ ਵੰਡਣ ਦਾ ਪ੍ਰਸਤਾਵ ਰੱਖੀਆ ਹੈ ਤਾਂ ਜੋ ਵਿਸਥਾਪਿਤ ਭਾਈਚਾਰਾ ਮੁੜ ਵਸੇਬੇ ਹੋ ਸਕੇ ਅਤੇ ਸ਼੍ਰੀ ਲੰਕਾ ਦੇ ਉੱਤਰੀ ਤੇ ਪੂਰਬੀ ਖੇਤਰਾਂ ਦਾ ਪੁਨਰ ਨਿਰਮਾਣ ਹੋ ਸਕੇ I,ਮੈਂ   5 0 0   ਕ ਰੋ ੜ   ਵ ੰ ਡ ਣ   ਦਾ   ਪ੍ਰ ਸ ਤਾ ਵ   ਰ ੱ ਖੀ ਆ   ਹੈ   ਤਾਂ   ਜੋ   ਵਿ ਸ ਥਾ ਪਿ ਤ   ਭਾ ਈ ਚਾ ਰਾ   ਮੁ ੜ   ਵ ਸੇ ਬੇ   ਹੋ   ਸ ਕੇ   ਅ ਤੇ   ਸ਼੍ਰੀ   ਲ ੰ ਕਾ   ਦੇ   ਉ ੱ ਤ ਰੀ   ਤੇ   ਪੂ ਰ ਬੀ   ਖੇ ਤ ਰਾਂ   ਦਾ   ਪੁ ਨ ਰ   ਨਿ ਰ ਮਾ ਣ   ਹੋ   ਸ ਕੇ   I,70,30
"ਇੱਕ ਵਾਰ ਤੁਸੀਂ ਅਮਰੀਕਾ ਵਿੱਚ ਆਪਣੀ ਪਹਿਲੀ ਉਪਸਥਿਤੀ ਸਥਾਪਿਤ ਕਰ ਲਈ ਹੈ , ਤਾਂ ਸਿਆਣਪ ਇਸ ਵਿੱਚ ਹੈ ਕਿ ਇੱਕ ਪੂਰੀ ਕਾਰਜਸ਼ੀਲ ਅਮਰੀਕਾ ਦੀ ਵੇਬਸਾਇਟ ਬਣਾਉਣ ਤੋਂ ਪਿਹਲਾਂ ਅਤੇ ਮੋਬਾਇਲ ਤੇ ਅਨੁਭਵ ਅਤੇ ਇੱਕ ਹਮਲਾਵਰ ਤੇ ਜੋਖਿਮ ਭਰੀ ਖਰੀਦੋ-ਫ਼ਰੋਖਤ ਨੀਤੀ ਜੋ ਨਵੇ ਗਾਹਕਾਂ ਨੂੰ ਹਾਸਲ ਕਰਨ ਲਈ ਹੈ, ਉਸ ਤੋਂ ਪਹਿਲਾ ਇੱਕ ਸਥਾਨਿਕ ਬ੍ਰਾਂਡਿਡ ਆਨਲਾਈਨ ਸਟੋਰ ਖੋਲੋ ਤੇ ਸੇਵਾ ਤੇ ਨੇਕਨਾਮੀ ਤੇ ਕੰਮ ਕਰੋ I","ਇ ੱ ਕ   ਵਾ ਰ   ਤੁ ਸੀਂ   ਅ ਮ ਰੀ ਕਾ   ਵਿ ੱ ਚ   ਆ ਪ ਣੀ   ਪ ਹਿ ਲੀ   ਉ ਪ ਸ ਥਿ ਤੀ   ਸ ਥਾ ਪਿ ਤ   ਕ ਰ   ਲ ਈ   ਹੈ   ,   ਤਾਂ   ਸਿ ਆ ਣ ਪ   ਇ ਸ   ਵਿ ੱ ਚ   ਹੈ   ਕਿ   ਇ ੱ ਕ   ਪੂ ਰੀ   ਕਾ ਰ ਜ ਸ ਼ ੀ ਲ   ਅ ਮ ਰੀ ਕਾ   ਦੀ   ਵੇ ਬ ਸਾ ਇ ਟ   ਬ ਣਾ ਉ ਣ   ਤੋਂ   ਪਿ ਹ ਲਾਂ   ਅ ਤੇ   ਮੋ ਬਾ ਇ ਲ   ਤੇ   ਅ ਨੁ ਭ ਵ   ਅ ਤੇ   ਇ ੱ ਕ   ਹ ਮ ਲਾ ਵ ਰ   ਤੇ   ਜੋ ਖਿ ਮ   ਭ ਰੀ   ਖ ਰੀ ਦੋ - ਫ਼ ਰੋ ਖ ਤ   ਨੀ ਤੀ   ਜੋ   ਨ ਵੇ   ਗਾ ਹ ਕਾਂ   ਨੂ ੰ   ਹਾ ਸ ਲ   ਕ ਰ ਨ   ਲ ਈ   ਹੈ ,   ਉ ਸ   ਤੋਂ   ਪ ਹਿ ਲਾ   ਇ ੱ ਕ   ਸ ਥਾ ਨਿ ਕ   ਬ੍ਰਾਂ ਡਿ ਡ   ਆ ਨ ਲਾ ਈ ਨ   ਸ ਟੋ ਰ   ਖੋ ਲੋ   ਤੇ   ਸੇ ਵਾ   ਤੇ   ਨੇ ਕ ਨਾ ਮੀ   ਤੇ   ਕ ੰ ਮ   ਕ ਰੋ   I",173,65
ਤਕਨੀਕੀ ਤਰੱਕੀਆ ਵਿੱਚ ਆਧੁਿ ਅਤੇ ਤਬਦੀਲੀਆ ਦੇ ਹੋਣ ਨਾਲ ਜੰਨ ਸੰਚਾਰ ਮਾਧਿਅਮ ਇੱਕ ਅਹਿਜਾ ਰੂਪ ਬਣ ਗਿਆ ਹੈ ਜੋ ਆਮ ਲੋਕਾਂ ਦੀ ਰਾਇ ਨੂੰ ਬਦਲ ਸਕਦਾ ਹੈ I,ਤ ਕ ਨੀ ਕੀ   ਤ ਰ ੱ ਕੀ ਆ   ਵਿ ੱ ਚ   ਆ ਧੁ ਿ   ਅ ਤੇ   ਤ ਬ ਦੀ ਲੀ ਆ   ਦੇ   ਹੋ ਣ   ਨਾ ਲ   ਜ ੰ ਨ   ਸ ੰ ਚਾ ਰ   ਮਾ ਧਿ ਅ ਮ   ਇ ੱ ਕ   ਅ ਹਿ ਜਾ   ਰੂ ਪ   ਬ ਣ   ਗਿ ਆ   ਹੈ   ਜੋ   ਆ ਮ   ਲੋ ਕਾਂ   ਦੀ   ਰਾ ਇ   ਨੂ ੰ   ਬ ਦ ਲ   ਸ ਕ ਦਾ   ਹੈ   I,69,28
"ਵੱਧ ਇਕੁਇਟੀ ਦੀ ਆੜ ਵਿੱਚ , ਮੈਂ ਐਮ","ਵ ੱ ਧ   ਇ ਕੁ ਇ ਟੀ   ਦੀ   ਆ ੜ   ਵਿ ੱ ਚ   ,   ਮੈਂ   ਐ ਮ",17,8
ਏ,ਏ,1,1
ਟਿ ਦਾ ਰੇਟ 10 ਪ੍ਰਤਿਸ਼ਤ ਤੋਂ ਵਧਾ ਕੇ 15 ਪ੍ਰਤਿਸ਼ਤ ਪੁਸਤਕ ਲਾਭ ਦੇ ਰੇਟ ਕਰ ਦੇਵਾਗਾ I,ਟਿ   ਦਾ   ਰੇ ਟ   1 0   ਪ੍ਰ ਤਿ ਸ਼ ਤ   ਤੋਂ   ਵ ਧਾ   ਕੇ   1 5   ਪ੍ਰ ਤਿ ਸ਼ ਤ   ਪੁ ਸ ਤ ਕ   ਲਾ ਭ   ਦੇ   ਰੇ ਟ   ਕ ਰ   ਦੇ ਵਾ ਗਾ   I,35,17
ਔਨਲਾਇਨ ਮਿਲਨ ਦਾ ਪ੍ਰਬੰਧ ਪਾਸਪੋਰਟ ਕੇਂਦਰਾ ਵਿੱਚ ਪਾਸਪੋਰਟ ਐਪਲੀਕੇਸ਼ਨ ਦੀ ਅਧੀਨਗੀ ਲਈ ਹੁਣ ਸੌਖੀ ਹੋ ਗਈ ਹੈ I,ਔ ਨ ਲਾ ਇ ਨ   ਮਿ ਲ ਨ   ਦਾ   ਪ੍ਰ ਬ ੰ ਧ   ਪਾ ਸ ਪੋ ਰ ਟ   ਕੇਂ ਦ ਰਾ   ਵਿ ੱ ਚ   ਪਾ ਸ ਪੋ ਰ ਟ   ਐ ਪ ਲੀ ਕੇ ਸ ਼ ਨ   ਦੀ   ਅ ਧੀ ਨ ਗੀ   ਲ ਈ   ਹੁ ਣ   ਸੌ ਖੀ   ਹੋ   ਗ ਈ   ਹੈ   I,52,18
"ਇਨ੍ਹਾਂ ਫਰਮਾਇਸ਼ਾ ਦੇ ਆਧਾਰ ਤੇ ਸਰਕਾਰ ਨੇ 1 ਜਨਵਰੀ 2006 ਤੋਂ ਪਿਹਲਾਂ ਦੀ ਪੈਨਸ਼ਾਂ ਨੂੰ ਸਵਾਰਨ ਦਾ ਫੈਸਲਾਂ ਲਿਆ ਹੈ, ਅਫ਼ਸਰ ਰੈਂਕ ਦੇ ਨਿਚੇ (ਪਿ","ਇ ਨ੍ਹਾਂ   ਫ ਰ ਮਾ ਇ ਸ਼ਾ   ਦੇ   ਆ ਧਾ ਰ   ਤੇ   ਸ ਰ ਕਾ ਰ   ਨੇ   1   ਜ ਨ ਵ ਰੀ   2 0 0 6   ਤੋਂ   ਪਿ ਹ ਲਾਂ   ਦੀ   ਪੈ ਨ ਸ਼ਾਂ   ਨੂ ੰ   ਸ ਵਾ ਰ ਨ   ਦਾ   ਫੈ ਸ ਲਾਂ   ਲਿ ਆ   ਹੈ ,   ਅ ਫ਼ ਸ ਰ   ਰੈਂ ਕ   ਦੇ   ਨਿ ਚੇ   ( ਪਿ",59,25
ਬਿ,ਬਿ,1,1
ਓ,ਓ,1,1
ਆਰ) ਦੇ ਪੈਨਸ਼ਨਰਾ ਦੀ ਰੱਖਿਆ ਕਰਨਾ ਅਤੇ 10 October 1997 ਤੋਂ ਪਿਹਲਾਂ ਦੇ ਪੈਨਸ਼ਨਰਾ ਨੂੰ 10 October 1997 ਤੋਂ ਬਾਅਦ ਦੇ ਪੈਨਸ਼ਨਰਾ ਦੇ ਸਮਾਨ ਲਿਆਣਾ I,ਆ ਰ )   ਦੇ   ਪੈ ਨ ਸ ਼ ਨ ਰਾ   ਦੀ   ਰ ੱ ਖਿ ਆ   ਕ ਰ ਨਾ   ਅ ਤੇ   1 0   O c t o b e r   1 9 9 7   ਤੋਂ   ਪਿ ਹ ਲਾਂ   ਦੇ   ਪੈ ਨ ਸ ਼ ਨ ਰਾ   ਨੂ ੰ   1 0   O c t o b e r   1 9 9 7   ਤੋਂ   ਬਾ ਅ ਦ   ਦੇ   ਪੈ ਨ ਸ ਼ ਨ ਰਾ   ਦੇ   ਸ ਮਾ ਨ   ਲਿ ਆ ਣਾ   I,78,26
ਲਿਹਾਜ਼ਾ ਇਸ ਮੌਕਾ ਤੇ ਅੱਜ ਮੈਂ ਵਿਸ਼ਵ ਭਰ ਦੀ ਸੰਸਦਾਂ ਦੇ ਪ੍ਰਧਾਨੀ ਅਫ਼ਸਰਾਂ ਨੂੰ ਕਹਿਣਾ ਹਾਂ ਕਿ ਓਹ ਅੱਗੇ ਆ ਕੇ ਇੱਕ ਠੋਸ ਯੋਜਨਾ ਬਣਾਉਣ ਜੋ ਲੋਕਾਂ ਦੇ ਦੁਵਾਲੇ ਹੋ ਕੇ ਸਭ ਲਈ ਬਰਾਬਰ ਤੇ ਲਚਕੀਲੇ ਨਤੀਜੇ ਕਢਣ ਅਤੇ ਸੰਸਦਾਂ ਨੂੰ ਉਸ ਦੀ ਸਫਲ ਤਾਮੀਲ ਲਈ ਉਸਾਰੂ ਭੂਮਿਕਾ ਨਿਭਾਨੀ ਪਵੇਗੀ I,ਲਿ ਹਾ ਜ਼ ਾ   ਇ ਸ   ਮੌ ਕਾ   ਤੇ   ਅ ੱ ਜ   ਮੈਂ   ਵਿ ਸ਼ ਵ   ਭ ਰ   ਦੀ   ਸ ੰ ਸ ਦਾਂ   ਦੇ   ਪ੍ਰ ਧਾ ਨੀ   ਅ ਫ਼ ਸ ਰਾਂ   ਨੂ ੰ   ਕ ਹਿ ਣਾ   ਹਾਂ   ਕਿ   ਓ ਹ   ਅ ੱ ਗੇ   ਆ   ਕੇ   ਇ ੱ ਕ   ਠੋ ਸ   ਯੋ ਜ ਨਾ   ਬ ਣਾ ਉ ਣ   ਜੋ   ਲੋ ਕਾਂ   ਦੇ   ਦੁ ਵਾ ਲੇ   ਹੋ   ਕੇ   ਸ ਭ   ਲ ਈ   ਬ ਰਾ ਬ ਰ   ਤੇ   ਲ ਚ ਕੀ ਲੇ   ਨ ਤੀ ਜੇ   ਕ ਢ ਣ   ਅ ਤੇ   ਸ ੰ ਸ ਦਾਂ   ਨੂ ੰ   ਉ ਸ   ਦੀ   ਸ ਫ ਲ   ਤਾ ਮੀ ਲ   ਲ ਈ   ਉ ਸਾ ਰੂ   ਭੂ ਮਿ ਕਾ   ਨਿ ਭਾ ਨੀ   ਪ ਵੇ ਗੀ   I,117,51
ਅਠਾਰ੍ਹਾਂ ਪ੍ਰਦੇਸ਼ਾਂ ਅਤੇ ਰਾਜਾ ਵਿੱਚ 46 ਲੱਖ ਤੋਂ ਵੱਧ ਪਰਿਵਾਰਾ ਨੂੰ ਬਾਇਓਮੀਟ੍ਰਿਕ ਸਮਾਰਟ ਕਾਰਡ ਜਾਰੀ ਹੋ ਚੁੱਕੇ ਹਨ I,ਅ ਠਾ ਰ੍ਹਾਂ   ਪ੍ਰ ਦੇ ਸ਼ਾਂ   ਅ ਤੇ   ਰਾ ਜਾ   ਵਿ ੱ ਚ   4 6   ਲ ੱ ਖ   ਤੋਂ   ਵ ੱ ਧ   ਪ ਰਿ ਵਾ ਰਾ   ਨੂ ੰ   ਬਾ ਇ ਓ ਮੀ ਟ੍ਰਿ ਕ   ਸ ਮਾ ਰ ਟ   ਕਾ ਰ ਡ   ਜਾ ਰੀ   ਹੋ   ਚੁ ੱ ਕੇ   ਹ ਨ   I,50,19
ਕਾਰਵਾਈ ਦਾ ਸਿੱਧਾ ਪ੍ਰਸਾਰਨ 1994 ਵਿੱਚ ਸ਼ੁਰੂ ਹੋਈਆਂ ਸੀ I,ਕਾ ਰ ਵਾ ਈ   ਦਾ   ਸਿ ੱ ਧਾ   ਪ੍ਰ ਸਾ ਰ ਨ   1 9 9 4   ਵਿ ੱ ਚ   ਸ ਼ ੁ ਰੂ   ਹੋ ਈ ਆ ਂ   ਸੀ   I,29,10
15 September 2021 ਦਾ ਅੰਤਰਰਾਸ਼ਟਰੀ ਲੋਕਤੰਤਰ ਦਿਵਸ ਨੂੰ ਯਾਦ ਕਰਨ ਲਈ ਅਗਸਤ ਵਿੱਚ ਨਵੀਂ ਦਿੱਲੀ ਦੇ ਸੰਸਦ ਭਵਨ ਵਿੱਚ ਸੰਸਦ ਟਿ,1 5   S e p t e m b e r   2 0 2 1   ਦਾ   ਅ ੰ ਤ ਰ ਰਾ ਸ਼ ਟ ਰੀ   ਲੋ ਕ ਤ ੰ ਤ ਰ   ਦਿ ਵ ਸ   ਨੂ ੰ   ਯਾ ਦ   ਕ ਰ ਨ   ਲ ਈ   ਅ ਗ ਸ ਤ   ਵਿ ੱ ਚ   ਨ ਵੀਂ   ਦਿ ੱ ਲੀ   ਦੇ   ਸ ੰ ਸ ਦ   ਭ ਵ ਨ   ਵਿ ੱ ਚ   ਸ ੰ ਸ ਦ   ਟਿ,70,21
ਵਿ ਆਰੰਭ ਕਿਤਾ ਗਿਆ ਜਿਸ ਵਿੱਚ ਭਾਰਤ ਦੇ ਵਿਤ-ਰਾਸ਼ਟਰਪਤੀ ਸ਼੍ਰੀ ਐਮ,ਵਿ   ਆ ਰ ੰ ਭ   ਕਿ ਤਾ   ਗਿ ਆ   ਜਿ ਸ   ਵਿ ੱ ਚ   ਭਾ ਰ ਤ   ਦੇ   ਵਿ ਤ - ਰਾ ਸ਼ ਟ ਰ ਪ ਤੀ   ਸ਼੍ਰੀ   ਐ ਮ,30,11
"ਵੈਨਕੇਆਐਚ ਨਾਇਡੂ, ਰਾਸ਼ਟਰਪਤੀ ਸ਼੍ਰੀ ਨਰੇਂਦਰ ਮੋਦੀ ਅਤੇ ਸਪੀਕਰ,ਲੋਕ ਸਭਾ ਸ਼੍ਰੀ ਓਮ ਬਿਰਲਾ ਸ਼ਾਮਿਲ ਸਨ I","ਵੈ ਨ ਕੇ ਆ ਐ ਚ   ਨਾ ਇ ਡੂ ,   ਰਾ ਸ਼ ਟ ਰ ਪ ਤੀ   ਸ਼੍ਰੀ   ਨ ਰੇਂ ਦ ਰ   ਮੋ ਦੀ   ਅ ਤੇ   ਸ ਪੀ ਕ ਰ , ਲੋ ਕ   ਸ ਭਾ   ਸ਼੍ਰੀ   ਓ ਮ   ਬਿ ਰ ਲਾ   ਸ਼ਾ ਮਿ ਲ   ਸ ਨ   I",46,15
"ਅਰਥ ਵਿਵਸਥਾ ਵਿੱਚ ਨਿਪੁੰਨਤਾ ਤੇ ਕਾਮਯਾਬੀ ਦੇ ਲਈ ਸੰਸਦ ਦੇ ਦੋਨੋਂ ਘਰਾਂ ਦੇ ਪ੍ਰਧਾਨੀ ਅਫ਼ਸਰ - ਭਾਰਤ ਦੇ ਉਪ- ਮੁੱਖ ਮੰਤਰੀ , ਰਾਜਯਾ ਸਭਾ ਦੇ ਪ੍ਰਧਾਨ ਅਤੇ ਲੋਕ ਸਭਾ ਦੇ ਵਕਤਾ ਨੇ ਦੋਨੋਂ ਚੈਨਲਾ ਨੂੰ ਜੋੜਨ ਦਾ ਫ਼ੈਸਲਾ ਲਿਆ ਹੈ I","ਅ ਰ ਥ   ਵਿ ਵ ਸ ਥਾ   ਵਿ ੱ ਚ   ਨਿ ਪੁ ੰ ਨ ਤਾ   ਤੇ   ਕਾ ਮ ਯਾ ਬੀ   ਦੇ   ਲ ਈ   ਸ ੰ ਸ ਦ   ਦੇ   ਦੋ ਨੋਂ   ਘ ਰਾਂ   ਦੇ   ਪ੍ਰ ਧਾ ਨੀ   ਅ ਫ਼ ਸ ਰ   -   ਭਾ ਰ ਤ   ਦੇ   ਉ ਪ -   ਮੁ ੱ ਖ   ਮ ੰ ਤ ਰੀ   ,   ਰਾ ਜ ਯਾ   ਸ ਭਾ   ਦੇ   ਪ੍ਰ ਧਾ ਨ   ਅ ਤੇ   ਲੋ ਕ   ਸ ਭਾ   ਦੇ   ਵ ਕ ਤਾ   ਨੇ   ਦੋ ਨੋਂ   ਚੈ ਨ ਲਾ   ਨੂ ੰ   ਜੋ ੜ ਨ   ਦਾ   ਫ਼ ੈ ਸ ਲਾ   ਲਿ ਆ   ਹੈ   I",95,41
"ਆਮ ਤੋਰ ਤੇ, ਵਿਚਾਰ-ਵਟਾਂਦਰਾ ਲਈ ਤਿਨ ਦਿਨ ਵੰਡੇ ਜਾਂਦੇ ਹਨ I","ਆ ਮ   ਤੋ ਰ   ਤੇ ,   ਵਿ ਚਾ ਰ - ਵ ਟਾਂ ਦ ਰਾ   ਲ ਈ   ਤਿ ਨ   ਦਿ ਨ   ਵ ੰ ਡੇ   ਜਾਂ ਦੇ   ਹ ਨ   I",28,11
ਸਾਲ 2014 ਤੋਂ ਮੋਦੀ ਸਰਕਾਰ ਦੀ ਪ੍ਰਾਥਮਿਕਤਾ ਬਣ ਗਈ ਹੈ ਕਿ ਆਮ ਭਾਰਤੀ ਨਾਗਰਿਕ ਨੂੰ ਪਾਸਪੋਰਟ ਬਣਵਾਉਣ ਅਤੇ ਉਸਨੂੰ ਭਾਰਤ ਜਾਂ ਵਿਦੇਸ਼ ਵਿੱਚ ਰੀਨਿਊ ਕਰਵਾਣ ਦੀ ਪ੍ਰਿਕਰਿਆ ਵਿੱਚ ਸਰਲਤਾ ਪ੍ਰਾਪਤ ਹੋਵੇ I,ਸਾ ਲ   2 0 1 4   ਤੋਂ   ਮੋ ਦੀ   ਸ ਰ ਕਾ ਰ   ਦੀ   ਪ੍ਰਾ ਥ ਮਿ ਕ ਤਾ   ਬ ਣ   ਗ ਈ   ਹੈ   ਕਿ   ਆ ਮ   ਭਾ ਰ ਤੀ   ਨਾ ਗ ਰਿ ਕ   ਨੂ ੰ   ਪਾ ਸ ਪੋ ਰ ਟ   ਬ ਣ ਵਾ ਉ ਣ   ਅ ਤੇ   ਉ ਸ ਨੂ ੰ   ਭਾ ਰ ਤ   ਜਾਂ   ਵਿ ਦੇ ਸ ਼   ਵਿ ੱ ਚ   ਰੀ ਨਿ ਊ   ਕ ਰ ਵਾ ਣ   ਦੀ   ਪ੍ਰਿ ਕ ਰਿ ਆ   ਵਿ ੱ ਚ   ਸ ਰ ਲ ਤਾ   ਪ੍ਰਾ ਪ ਤ   ਹੋ ਵੇ   I,88,32
"ਪਰੰਤੂ ਅਗਲੀ ਮੁਹਿੰਮ ਵਿੱਚ ਬੰਦਰਗਾਹਹ ਦੇ ਇਲਾਕੇ ( ਪੂਰਬ ਤੱਟ, ਪੱਛਮ ਤੱਟ ਅਤੇ ਅੰਡੇਮਾਨ) ਈ","ਪ ਰ ੰ ਤੂ   ਅ ਗ ਲੀ   ਮੁ ਹਿ ੰ ਮ   ਵਿ ੱ ਚ   ਬ ੰ ਦ ਰ ਗਾ ਹ ਹ   ਦੇ   ਇ ਲਾ ਕੇ   (   ਪੂ ਰ ਬ   ਤ ੱ ਟ ,   ਪ ੱ ਛ ਮ   ਤ ੱ ਟ   ਅ ਤੇ   ਅ ੰ ਡੇ ਮਾ ਨ )   ਈ",49,15
ਈ,ਈ,1,1
ਜੈਡ ਦੀ ਸੀਮਾਵਾਂ ਤੱਕ ਲਿਆ ਜਾਵੇਗਾ I,ਜੈ ਡ   ਦੀ   ਸੀ ਮਾ ਵਾਂ   ਤ ੱ ਕ   ਲਿ ਆ   ਜਾ ਵੇ ਗਾ   I,15,7
ਐਨ,ਐ ਨ,2,1
ਐਸ,ਐ ਸ,2,1
ਪੀ ਦੇ ਹੇਠ ਮੁਆਇਨਾ ਲੈਣ ਦੇ ਪ੍ਰੋਗਰਾਮ ਦੀ ਤਰਕੀਬ ਬੰਦਰਗਾਹ ਨੂੰ ਸ਼ਾਮਲ ਕਰਨ ਦੀ ਹੈ I,ਪੀ   ਦੇ   ਹੇ ਠ   ਮੁ ਆ ਇ ਨਾ   ਲੈ ਣ   ਦੇ   ਪ੍ਰੋ ਗ ਰਾ ਮ   ਦੀ   ਤ ਰ ਕੀ ਬ   ਬ ੰ ਦ ਰ ਗਾ ਹ   ਨੂ ੰ   ਸ਼ਾ ਮ ਲ   ਕ ਰ ਨ   ਦੀ   ਹੈ   I,37,16
"ਫਰਵਰੀ 2022 ਤੱਕ, ਅੰਡਾਮਾਨ ਦੇ ਸੰਮੁਦਰੀ ਈਲਾਕਿਆ ਵਿੱਚ ਪੂਰੇ 22,555 ਐਲ","ਫ ਰ ਵ ਰੀ   2 0 2 2   ਤ ੱ ਕ ,   ਅ ੰ ਡਾ ਮਾ ਨ   ਦੇ   ਸ ੰ ਮੁ ਦ ਰੀ   ਈ ਲਾ ਕਿ ਆ   ਵਿ ੱ ਚ   ਪੂ ਰੇ   2 2 , 5 5 5   ਐ ਲ",40,11
ਕੇ,ਕੇ,1,1
ਐਮ ੩ ਡੀ ਦੇ ਬ੍ਰੋਡਬੈਂਡ ਅਥਾਰਟੀ ਅੰਕੜੇ ਹਾਸਲ ਹੋ ਚੁਕੇ ਹਨ I,ਐ ਮ   ੩   ਡੀ   ਦੇ   ਬ੍ਰੋ ਡ ਬੈਂ ਡ   ਅ ਥਾ ਰ ਟੀ   ਅ ੰ ਕ ੜ ੇ   ਹਾ ਸ ਲ   ਹੋ   ਚੁ ਕੇ   ਹ ਨ   I,27,12
"ਇਹ ਸਾਧਨ ਸਾਨੂੰ ਜ਼ਰੀਏ ਦਿੰਦੇ ਹਨ ਤਾਂ ਜੋ ਅਸੀਂ ਓਹ ਨਾਜ਼ੁਕ ਅੰਤਰ ਜੋ ਵਿਕਾਸ ਦੇ ਜਤਨਾਂ ਵਿੱਚ ਹਨ ਓਨ੍ਹਾਂਨੂੰ ਪੂਰਾ ਕਰ ਸਕੀਏ , ਖ਼ਾਸ ਕਰ ਕੇ ਆਪਣੇ ਸਮਾਜ ਦੇ ਕਮਜ਼ੋਰ ਭਾਗਾਂ ਨੂੰ ਲੈ ਕੇ I","ਇ ਹ   ਸਾ ਧ ਨ   ਸਾ ਨੂ ੰ   ਜ਼ ਰੀ ਏ   ਦਿ ੰ ਦੇ   ਹ ਨ   ਤਾਂ   ਜੋ   ਅ ਸੀਂ   ਓ ਹ   ਨਾ ਜ ਼ ੁ ਕ   ਅ ੰ ਤ ਰ   ਜੋ   ਵਿ ਕਾ ਸ   ਦੇ   ਜ ਤ ਨਾਂ   ਵਿ ੱ ਚ   ਹ ਨ   ਓ ਨ੍ਹਾਂ ਨੂ ੰ   ਪੂ ਰਾ   ਕ ਰ   ਸ ਕੀ ਏ   ,   ਖ਼ ਾ ਸ   ਕ ਰ   ਕੇ   ਆ ਪ ਣੇ   ਸ ਮਾ ਜ   ਦੇ   ਕ ਮ ਜ ਼ ੋ ਰ   ਭਾ ਗਾਂ   ਨੂ ੰ   ਲੈ   ਕੇ   I",82,35
ਉਦੇਸ਼ ਹੋਵੇਗਾ ਕਿ ਤਿੰਨ ਸਾਲਾਂ ਵਿੱਚ ਵਰਤਮਾਨ ਸਤਰ ਦੀ ਮਹਿਲਾ ਅਨਪੜ੍ਹਤਾ ਨੂੰ ਅੱਧ ਵਿੱਚ ਕਿਤਾ ਜਾਵੇ I,ਉ ਦੇ ਸ਼   ਹੋ ਵੇ ਗਾ   ਕਿ   ਤਿ ੰ ਨ   ਸਾ ਲਾਂ   ਵਿ ੱ ਚ   ਵ ਰ ਤ ਮਾ ਨ   ਸ ਤ ਰ   ਦੀ   ਮ ਹਿ ਲਾ   ਅ ਨ ਪ ੜ ੍ ਹ ਤਾ   ਨੂ ੰ   ਅ ੱ ਧ   ਵਿ ੱ ਚ   ਕਿ ਤਾ   ਜਾ ਵੇ   I,47,17
"ਮੁਸਲਮਾਨਾ ਦੀ ਰੱਖੀਆ ਲਈ ਸਰਕਾਰੀ ਸੇਵਾਵਾਂ, ਪੁਲਿਸ ਅਤੇ ਸੈਨਾ ਸੀ I","ਮੁ ਸ ਲ ਮਾ ਨਾ   ਦੀ   ਰ ੱ ਖੀ ਆ   ਲ ਈ   ਸ ਰ ਕਾ ਰੀ   ਸੇ ਵਾ ਵਾਂ ,   ਪੁ ਲਿ ਸ   ਅ ਤੇ   ਸੈ ਨਾ   ਸੀ   I",29,11
ਆਗਮਨ ਤੇ ਇਲੈਕਟ੍ਰਾਨਿਕ ਟੋਕਨ ਜਾਰੀ ਕਰਨਾ ਅਤੇ ਪ,ਆ ਗ ਮ ਨ   ਤੇ   ਇ ਲੈ ਕ ਟ੍ਰਾ ਨਿ ਕ   ਟੋ ਕ ਨ   ਜਾ ਰੀ   ਕ ਰ ਨਾ   ਅ ਤੇ   ਪ,22,8
ਸ,ਸ,1,1
"ਕੇ ਤੇ ਸੇਵਾ ਦੀ ਸਮਾਪਤੀ ਤੋਂ ਬਾਅਦ ਏਕਜ਼ਿਟ ਪੱਤਰ ਦੇ ਜਾਰੀ ਹੋਣ ਨਾਲ ਡਿਜਿਟਲ ਇੰਡੀਆ ਦੇ ਪਹਿਲਕਦਮੀ ਕਾਗਜ਼ ਮੁਕਤ ਹੋਣਾ, ਵਾਤਾਵਰਨ ਦੀ ਰਾਖੀ ਕਰਣਾ ਨੂੰ ਨੂੰ ਪ੍ਰਫੁੱਲਤ ਕਿਤਾ ਹੈ I","ਕੇ   ਤੇ   ਸੇ ਵਾ   ਦੀ   ਸ ਮਾ ਪ ਤੀ   ਤੋਂ   ਬਾ ਅ ਦ   ਏ ਕ ਜ਼ ਿ ਟ   ਪ ੱ ਤ ਰ   ਦੇ   ਜਾ ਰੀ   ਹੋ ਣ   ਨਾ ਲ   ਡਿ ਜਿ ਟ ਲ   ਇ ੰ ਡੀ ਆ   ਦੇ   ਪ ਹਿ ਲ ਕ ਦ ਮੀ   ਕਾ ਗ ਜ਼   ਮੁ ਕ ਤ   ਹੋ ਣਾ ,   ਵਾ ਤਾ ਵ ਰ ਨ   ਦੀ   ਰਾ ਖੀ   ਕ ਰ ਣਾ   ਨੂ ੰ   ਨੂ ੰ   ਪ੍ਰ ਫੁ ੱ ਲ ਤ   ਕਿ ਤਾ   ਹੈ   I",77,30
ਇਸ ਸਹਿਜ ਪ੍ਰਕ੍ਰਿਆ ਨਾਲ ਸੇਵਕਾਈ ਡੇਲੀਵੇਰੀ ਦੀ ਗਤੀ ਵਿੱਚ ਵਾਧਾ ਹੋਈਆਂ ਹੈ ਅਤੇ ਸਮਾਜਿਕ ਗਿਲੇ ਘੱਟ ਦੇਖਣ ਨੂੰ ਮਿਲੇ ਹਨ I,ਇ ਸ   ਸ ਹਿ ਜ   ਪ੍ਰ ਕ੍ਰਿ ਆ   ਨਾ ਲ   ਸੇ ਵ ਕਾ ਈ   ਡੇ ਲੀ ਵੇ ਰੀ   ਦੀ   ਗ ਤੀ   ਵਿ ੱ ਚ   ਵਾ ਧਾ   ਹੋ ਈ ਆ ਂ   ਹੈ   ਅ ਤੇ   ਸ ਮਾ ਜਿ ਕ   ਗਿ ਲੇ   ਘ ੱ ਟ   ਦੇ ਖ ਣ   ਨੂ ੰ   ਮਿ ਲੇ   ਹ ਨ   I,52,21
ਨਿਯਮਾਂ ਦੇ ਤਹਿਤ ਇਸ ਮਾਮਲੇ ਵਿੱਚ ਕੋਈ ਜ਼ਰੂਰਤ ਨਹੀਂ ਹੈ ਲਿਡਰ ਆਫ਼ ਦ ਹਾਉਸ ਜਾਂ ਮੰਤਰੀ ਨਾਲ ਸਲਾਹ ਕਰਨ ਦੀ I,ਨਿ ਯ ਮਾਂ   ਦੇ   ਤ ਹਿ ਤ   ਇ ਸ   ਮਾ ਮ ਲੇ   ਵਿ ੱ ਚ   ਕੋ ਈ   ਜ਼ ਰੂ ਰ ਤ   ਨ ਹੀਂ   ਹੈ   ਲਿ ਡ ਰ   ਆ ਫ਼   ਦ   ਹਾ ਉ ਸ   ਜਾਂ   ਮ ੰ ਤ ਰੀ   ਨਾ ਲ   ਸ ਲਾ ਹ   ਕ ਰ ਨ   ਦੀ   I,48,21
"ਇਹ ਪੈਮਾਨੇ ਦੇ ਅੰਦਰ ਬਜਟ ਦੇ ਸਾਰੇ ਪਹਿਲੂ ਆਣੇ ਚਾਹੀਦੇ ਹਨ ਜਿਵੇ ਕਿ ਸਬਸਿਡੀ,ਟੈਕਸ, ਖ਼ਰਚੇ ਅਤੇ ਵਿਨਿਵੇਸ਼ I","ਇ ਹ   ਪੈ ਮਾ ਨੇ   ਦੇ   ਅ ੰ ਦ ਰ   ਬ ਜ ਟ   ਦੇ   ਸਾ ਰੇ   ਪ ਹਿ ਲੂ   ਆ ਣੇ   ਚਾ ਹੀ ਦੇ   ਹ ਨ   ਜਿ ਵੇ   ਕਿ   ਸ ਬ ਸਿ ਡੀ , ਟੈ ਕ ਸ ,   ਖ਼ ਰ ਚੇ   ਅ ਤੇ   ਵਿ ਨਿ ਵੇ ਸ ਼   I",49,18
"ਇਹ ਜ਼ਰੂਰੀ ਹੈ, ਇੱਕ ਸਥਿਰ ਅਦਾਇਗੀ ਦਾ ਸੰਤੁਲਨ ਬਰਕਰਾਰ ਰਖਣ ਦੇ ਲਈ, ਸੰਜਮੀ ਵਿਆਜ ਰੇਟ ਦੇ ਲਈ ਅਤੇ ਪਰਪੱਕ ਪ੍ਰਵਾਹ ਧਨ ਅਤੇ ਕਾਰਪੋਰੇਟ ਨਿਵੇਸ਼ ਦੇ ਲਈ I","ਇ ਹ   ਜ਼ ਰੂ ਰੀ   ਹੈ ,   ਇ ੱ ਕ   ਸ ਥਿ ਰ   ਅ ਦਾ ਇ ਗੀ   ਦਾ   ਸ ੰ ਤੁ ਲ ਨ   ਬ ਰ ਕ ਰਾ ਰ   ਰ ਖ ਣ   ਦੇ   ਲ ਈ ,   ਸ ੰ ਜ ਮੀ   ਵਿ ਆ ਜ   ਰੇ ਟ   ਦੇ   ਲ ਈ   ਅ ਤੇ   ਪ ਰ ਪ ੱ ਕ   ਪ੍ਰ ਵਾ ਹ   ਧ ਨ   ਅ ਤੇ   ਕਾ ਰ ਪੋ ਰੇ ਟ   ਨਿ ਵੇ ਸ਼   ਦੇ   ਲ ਈ   I",73,27
"ਇਸ ਦੇ ਉਪਰ, ਅਮਰੀਕਾ ਦੇ ਖ਼ਰੀਦਦਾਰ ਵਿਦੇਸ਼ ਵਿੱਚ ਪੈਸੇ ਖ਼ਰਚ ਕਰ ਕੇ ਖੁਸ਼ ਹਨ ; ਬਰਤਾਨੀਆਂ (49%) ਓਨ੍ਹਾਂ ਦੀ ਮਨਪਸੰਦ ਜਗਾਹ ਹੈ , ਜਿਸ ਤੋਂ ਬਾਅਦ ਹੈ ਚੀਨ (39%), ਕੈਨੇਡਾ (34%), ਹਾਂਗ ਕਾਂਗ (20%) ਅਤੇ ਆਸਟ੍ਰੇਲੀਆ (18%)","ਇ ਸ   ਦੇ   ਉ ਪ ਰ ,   ਅ ਮ ਰੀ ਕਾ   ਦੇ   ਖ਼ ਰੀ ਦ ਦਾ ਰ   ਵਿ ਦੇ ਸ਼   ਵਿ ੱ ਚ   ਪੈ ਸੇ   ਖ਼ ਰ ਚ   ਕ ਰ   ਕੇ   ਖੁ ਸ਼   ਹ ਨ   ;   ਬ ਰ ਤਾ ਨੀ ਆ ਂ   ( 4 9 % )   ਓ ਨ੍ਹਾਂ   ਦੀ   ਮ ਨ ਪ ਸ ੰ ਦ   ਜ ਗਾ ਹ   ਹੈ   ,   ਜਿ ਸ   ਤੋਂ   ਬਾ ਅ ਦ   ਹੈ   ਚੀ ਨ   ( 3 9 % ) ,   ਕੈ ਨੇ ਡਾ   ( 3 4 % ) ,   ਹਾਂ ਗ   ਕਾਂ ਗ   ( 2 0 % )   ਅ ਤੇ   ਆ ਸ ਟ੍ਰੇ ਲੀ ਆ   ( 1 8 % )",106,37
ਸਟੇਟ ਨੋਦਲ ਏਜੇਂਸੀਜ਼ (ਸ,ਸ ਟੇ ਟ   ਨੋ ਦ ਲ   ਏ ਜੇਂ ਸੀ ਜ਼   ( ਸ,12,4
ਨ,ਨ,1,1
"ਏ) ਨੂੰ ਲਾਜ਼ਮੀ ਹੈ ਕਿ ਓਹ ਲਾਗੂ ਕਰਨ ਵਾਲੀ ਏਜੰਸੀਆਂ ਨੂੰ ਚੁਣ ਕੇ ਲਾਗੂ ਕਰਨ,ਚਲਾਉਣ ਅਤੇ ਸਰਵਜਨਿਕ ਚਾਰਜਿੰਗ ਸਟੇਸ਼ਨ ਨੂੰ ਕਾਇਮ ਰੱਖਣ ਤੇ ਰਾਜ ਵਿੱਚ ਬੈਟ੍ਰੀ ਬਦਲਣ/ਚਾਰਜ ਦੀ ਸੁਵਿਧਾ ਹੋਵੇ I","ਏ )   ਨੂ ੰ   ਲਾ ਜ ਼ ਮੀ   ਹੈ   ਕਿ   ਓ ਹ   ਲਾ ਗੂ   ਕ ਰ ਨ   ਵਾ ਲੀ   ਏ ਜ ੰ ਸੀ ਆ ਂ   ਨੂ ੰ   ਚੁ ਣ   ਕੇ   ਲਾ ਗੂ   ਕ ਰ ਨ , ਚ ਲਾ ਉ ਣ   ਅ ਤੇ   ਸ ਰ ਵ ਜ ਨਿ ਕ   ਚਾ ਰ ਜਿ ੰ ਗ   ਸ ਟੇ ਸ ਼ ਨ   ਨੂ ੰ   ਕਾ ਇ ਮ   ਰ ੱ ਖ ਣ   ਤੇ   ਰਾ ਜ   ਵਿ ੱ ਚ   ਬੈ ਟ੍ਰੀ   ਬ ਦ ਲ ਣ / ਚਾ ਰ ਜ   ਦੀ   ਸੁ ਵਿ ਧਾ   ਹੋ ਵੇ   I",90,31
ਸਾਡੀ ਸਰਕਾਰ ਦੀ ਸ਼ਾਹੂਕਾਰਾ ਕੰਮਾਂ ਅਤੇ ਆਰਥਿਕ ਖੇਤਰ ਵਿੱਚ ਮਜ਼ਬੂਤ ਨਿਗਰਾਨੀ ਤੇ ਨਿਯਮਾਂ ਦਾ ਪਾਲਣ ਨਿਸ਼ਚਿਤ ਕਰਨਾ ਹੈ ਨਾਲ ਹੀ ਆਰਥਿਕ ਪਹੂੰਚ ਨੂੰ ਵਧਾਉਣਾ ਤੇ ਬਜ਼ਾਰਾਂ ਵਿੱਚ ਹੋਰ ਰੁਝਣਾ I,ਸਾ ਡੀ   ਸ ਰ ਕਾ ਰ   ਦੀ   ਸ਼ਾ ਹੂ ਕਾ ਰਾ   ਕ ੰ ਮਾਂ   ਅ ਤੇ   ਆ ਰ ਥਿ ਕ   ਖੇ ਤ ਰ   ਵਿ ੱ ਚ   ਮ ਜ਼ ਬੂ ਤ   ਨਿ ਗ ਰਾ ਨੀ   ਤੇ   ਨਿ ਯ ਮਾਂ   ਦਾ   ਪਾ ਲ ਣ   ਨਿ ਸ਼ ਚਿ ਤ   ਕ ਰ ਨਾ   ਹੈ   ਨਾ ਲ   ਹੀ   ਆ ਰ ਥਿ ਕ   ਪ ਹੂ ੰ ਚ   ਨੂ ੰ   ਵ ਧਾ ਉ ਣਾ   ਤੇ   ਬ ਜ਼ ਾ ਰਾਂ   ਵਿ ੱ ਚ   ਹੋ ਰ   ਰੁ ਝ ਣਾ   I,81,30
ਇਹ ਇਸ ਲਈ ਹੈ ਕਿਉਂਕਿ ਵਾਧਾ ਦਾ ਦੋਨੋਂ ਜਿਨਸੀ ਅਤੇ ਵਾਤਾਵਰਣਕ ਕਾਰਨਾਂ ਨਾਲ ਫ਼ਰਕ ਪੈਨਦਾਂ ਹੈ I,ਇ ਹ   ਇ ਸ   ਲ ਈ   ਹੈ   ਕਿ ਉ ਂ ਕਿ   ਵਾ ਧਾ   ਦਾ   ਦੋ ਨੋਂ   ਜਿ ਨ ਸੀ   ਅ ਤੇ   ਵਾ ਤਾ ਵ ਰ ਣ ਕ   ਕਾ ਰ ਨਾਂ   ਨਾ ਲ   ਫ਼ ਰ ਕ   ਪੈ ਨ ਦਾਂ   ਹੈ   I,40,17
"ਰੋਗਾਣੂਨਾਸ਼ਕ ਪ੍ਰਤਿਰੋਧ ਦੇ ਭੋਜਨ ਉਤਪਾਦਨ, ਅਰਥ ਵਿਵਸਥਾ ਅਤੇ ਸੁਰੱਖਿਆ ਤੇ ਅਸਰ ਕਾਰਨ , ਓਹ ਸਿਹਤ,ਰਾਸ਼ਟਰੀ ਸੁਰੱਖਿਆ ਅਤੇ ਅਰਥ-ਪ੍ਰਬੰਧ ਨੂੰ ਵੀ ਇੱਕ ਧਮਕੀ ਪੇਸ਼ ਕਰਦਾ ਹੈ I","ਰੋ ਗਾ ਣੂ ਨਾ ਸ ਼ ਕ   ਪ੍ਰ ਤਿ ਰੋ ਧ   ਦੇ   ਭੋ ਜ ਨ   ਉ ਤ ਪਾ ਦ ਨ ,   ਅ ਰ ਥ   ਵਿ ਵ ਸ ਥਾ   ਅ ਤੇ   ਸੁ ਰ ੱ ਖਿ ਆ   ਤੇ   ਅ ਸ ਰ   ਕਾ ਰ ਨ   ,   ਓ ਹ   ਸਿ ਹ ਤ , ਰਾ ਸ ਼ ਟ ਰੀ   ਸੁ ਰ ੱ ਖਿ ਆ   ਅ ਤੇ   ਅ ਰ ਥ - ਪ੍ਰ ਬ ੰ ਧ   ਨੂ ੰ   ਵੀ   ਇ ੱ ਕ   ਧ ਮ ਕੀ   ਪੇ ਸ਼   ਕ ਰ ਦਾ   ਹੈ   I",85,26
2500 ਬਿ ਸਿ ਵਿੱਚ ਵਿਕਸਤ ਚਾਰਾਕਾ ਸਾਮਹਿਤਾਂ ਤੇ ਸੁਸ਼ਰੁਤਾਂ ਸਾਮਹਿਤਾਂ ਅੱਜ ਆਯੁਰਵੇਦ ਦੇ ਲਈ ਦੋ ਮੁੱਖ ਲੇਖ ਹਨ I,2 5 0 0   ਬਿ   ਸਿ   ਵਿ ੱ ਚ   ਵਿ ਕ ਸ ਤ   ਚਾ ਰਾ ਕਾ   ਸਾ ਮ ਹਿ ਤਾਂ   ਤੇ   ਸੁ ਸ਼ ਰੁ ਤਾਂ   ਸਾ ਮ ਹਿ ਤਾਂ   ਅ ੱ ਜ   ਆ ਯੁ ਰ ਵੇ ਦ   ਦੇ   ਲ ਈ   ਦੋ   ਮੁ ੱ ਖ   ਲੇ ਖ   ਹ ਨ   I,49,19
ਲੰਬੇ ਸਮੇ ਤੱਕ ਸ਼ਰੀਰਕ ਗਤੀਵਿਧੀ ਦੇ ਦੋਰਾਨ ਸ਼ਰੀਰ ਨੂੰ ਸ਼ਕਤੀ ਦਿੰਦੇ ਰਹਿਣ ਵਿੱਚ ਸ਼ਰੀਰ ਦੇ ਖਿਰਦੇ ਦੀ ਅਤੇ ਸਾਹ ਪ੍ਰਣਾਲੀ ਦੀ ਸਮਰੱਥਾ ਹਿਰਦੇ- ਸੁਆਸ ਧੀਰਜ ਤੋਂ ਮਾਪੀ ਜਾਂਦੀ ਹੈ I,ਲ ੰ ਬੇ   ਸ ਮੇ   ਤ ੱ ਕ   ਸ਼ ਰੀ ਰ ਕ   ਗ ਤੀ ਵਿ ਧੀ   ਦੇ   ਦੋ ਰਾ ਨ   ਸ਼ ਰੀ ਰ   ਨੂ ੰ   ਸ਼ ਕ ਤੀ   ਦਿ ੰ ਦੇ   ਰ ਹਿ ਣ   ਵਿ ੱ ਚ   ਸ਼ ਰੀ ਰ   ਦੇ   ਖਿ ਰ ਦੇ   ਦੀ   ਅ ਤੇ   ਸਾ ਹ   ਪ੍ਰ ਣਾ ਲੀ   ਦੀ   ਸ ਮ ਰ ੱ ਥਾ   ਹਿ ਰ ਦੇ -   ਸੁ ਆ ਸ   ਧੀ ਰ ਜ   ਤੋਂ   ਮਾ ਪੀ   ਜਾਂ ਦੀ   ਹੈ   I,75,30
"ਹੋਮੀਓਪੈਥੀ, ਆਯੁਰਵੈਦ,ਸਿਧਾ ਅਤੇ ਅਨਾਨੀ ਪ੍ਰਣਾਲੀ ਦੇ ਅਨੁਸਾਰ, ਨੁਸਖੇ ਆਯੁਸ਼ ਡਾਕਟਰਾਂ ਦੀ ਉਪਲੱਬਧਤਾ ਅਨੁਸਾਰ 18 ਵਿਚੋਂ 13 ਰਾਜਾ ਵਿੱਚ ਉਪਲੱਬਧ ਸਨ I","ਹੋ ਮੀ ਓ ਪੈ ਥੀ ,   ਆ ਯੁ ਰ ਵੈ ਦ , ਸਿ ਧਾ   ਅ ਤੇ   ਅ ਨਾ ਨੀ   ਪ੍ਰ ਣਾ ਲੀ   ਦੇ   ਅ ਨੁ ਸਾ ਰ ,   ਨੁ ਸ ਖੇ   ਆ ਯੁ ਸ਼   ਡਾ ਕ ਟ ਰਾਂ   ਦੀ   ਉ ਪ ਲ ੱ ਬ ਧ ਤਾ   ਅ ਨੁ ਸਾ ਰ   1 8   ਵਿ ਚੋਂ   1 3   ਰਾ ਜਾ   ਵਿ ੱ ਚ   ਉ ਪ ਲ ੱ ਬ ਧ   ਸ ਨ   I",70,21
ਸੁਲੇਮਾਨ ਦੇ ਮਾਪੇ ਕਾਫ਼ੀ ਲੰਬੇ ਸਨ I,ਸੁ ਲੇ ਮਾ ਨ   ਦੇ   ਮਾ ਪੇ   ਕਾ ਫ਼ ੀ   ਲ ੰ ਬੇ   ਸ ਨ   I,16,7
"ਇਸ ਤੋਂ ਇਲਾਵਾ ਉਹਨਾਂ ਨੇ ਕਿਹਾ ਕਿ ਆਯੁਰਵੇਦ ਅਤੇ ਬਾਓਮੈਡੀਸਨ ਦੇ ਅਭਿਆਸ ਕਰਨ ਵਾਲਿਆਂ ਵਿਚਕਾਰ ਸੰਚਾਰ ਰੁਕਾਵਟਾਂ, ਆਯੁਰਵੇਦ ਦਵਾਈਆਂ ਅਤੇ ਥੈਰਪੀਆਂ ਦੀ ਸੁਰੱਖਿਆ ਅਤੇ ਪ੍ਰਭਾਵਸ਼ੀਲਤਾ ਦੇ ਪੱਖ ਤੋਂ ਮਾਮੂਲੀ ਖੋਜ ਕਾਰਜ ਅਤੇ ਨਾਕਾਫ਼ੀ ਨੀਤੀਆਂ ਦੀ ਪਹਿਲਕਦਮੀ, ਆਯੁਰਵੇਦ ਅਤੇ ਬਾਓਮੈਡੀਸਨ ਵਿਚਕਾਰ ਕਾਰਜਸ਼ੀਲ ਏਕੀਕਰਣ ਨੂੰ ਸਾਕਾਰ ਕਰਨ ਵਿੱਚ ਵੱਡੀਆਂ ਰੁਕਾਵਟਾਂ ਹਨ","ਇ ਸ   ਤੋਂ   ਇ ਲਾ ਵਾ   ਉ ਹ ਨਾਂ   ਨੇ   ਕਿ ਹਾ   ਕਿ   ਆ ਯੁ ਰ ਵੇ ਦ   ਅ ਤੇ   ਬਾ ਓ ਮੈ ਡੀ ਸ ਨ   ਦੇ   ਅ ਭਿ ਆ ਸ   ਕ ਰ ਨ   ਵਾ ਲਿ ਆ ਂ   ਵਿ ਚ ਕਾ ਰ   ਸ ੰ ਚਾ ਰ   ਰੁ ਕਾ ਵ ਟਾਂ ,   ਆ ਯੁ ਰ ਵੇ ਦ   ਦ ਵਾ ਈ ਆ ਂ   ਅ ਤੇ   ਥੈ ਰ ਪੀ ਆ ਂ   ਦੀ   ਸੁ ਰ ੱ ਖਿ ਆ   ਅ ਤੇ   ਪ੍ਰ ਭਾ ਵ ਸ਼ੀ ਲ ਤਾ   ਦੇ   ਪ ੱ ਖ   ਤੋਂ   ਮਾ ਮੂ ਲੀ   ਖੋ ਜ   ਕਾ ਰ ਜ   ਅ ਤੇ   ਨਾ ਕਾ ਫ਼ ੀ   ਨੀ ਤੀ ਆ ਂ   ਦੀ   ਪ ਹਿ ਲ ਕ ਦ ਮੀ ,   ਆ ਯੁ ਰ ਵੇ ਦ   ਅ ਤੇ   ਬਾ ਓ ਮੈ ਡੀ ਸ ਨ   ਵਿ ਚ ਕਾ ਰ   ਕਾ ਰ ਜ ਸ਼ੀ ਲ   ਏ ਕੀ ਕ ਰ ਣ   ਨੂ ੰ   ਸਾ ਕਾ ਰ   ਕ ਰ ਨ   ਵਿ ੱ ਚ   ਵ ੱ ਡੀ ਆ ਂ   ਰੁ ਕਾ ਵ ਟਾਂ   ਹ ਨ",162,49
ਆਯੁਸ਼ ਸੇਵਾਵਾਂ ਦੇ ਲਈ ਵੱਧ ਆਰਥਿਕ ਵੰਡ ਦੀ ਲੋੜ ਹੈ I,ਆ ਯੁ ਸ਼   ਸੇ ਵਾ ਵਾਂ   ਦੇ   ਲ ਈ   ਵ ੱ ਧ   ਆ ਰ ਥਿ ਕ   ਵ ੰ ਡ   ਦੀ   ਲੋ ੜ   ਹੈ   I,24,11
"ਕੁੱਲ ਬਜਟ ਦਾ ਮਾਤਰ 3% ਬੇਹੱਦ ਨਾ ਕਾਫੀ ਹੈ, ਅਤੇ ਵੱਡੀ ਗਿਣਤੀ ਵਿੱਚ ਸੰਸਥਾਵਾਂ ਦੇ ਨਾਲ, ਸਿਰਫ਼ ਉਹਨਾਂ ਵਿੱਚ ਸੇਵਾਵਾਂ ਦੀ ਮਾੜੀ ਗੁਣਵੱਤਾ ਨੂੰ ਯਕੀਨੀ ਬਣਾ ਸਕਦਾ ਹੈ","ਕੁ ੱ ਲ   ਬ ਜ ਟ   ਦਾ   ਮਾ ਤ ਰ   3 %   ਬੇ ਹ ੱ ਦ   ਨਾ   ਕਾ ਫੀ   ਹੈ ,   ਅ ਤੇ   ਵ ੱ ਡੀ   ਗਿ ਣ ਤੀ   ਵਿ ੱ ਚ   ਸ ੰ ਸ ਥਾ ਵਾਂ   ਦੇ   ਨਾ ਲ ,   ਸਿ ਰ ਫ਼   ਉ ਹ ਨਾਂ   ਵਿ ੱ ਚ   ਸੇ ਵਾ ਵਾਂ   ਦੀ   ਮਾ ੜ ੀ   ਗੁ ਣ ਵ ੱ ਤਾ   ਨੂ ੰ   ਯ ਕੀ ਨੀ   ਬ ਣਾ   ਸ ਕ ਦਾ   ਹੈ",73,28
ਜੇਕਰ ਤੁਸੀਂ ਇੱਕ ਅਧਿਐਨ ਦੇ ਕਿਹਨ ਤੇ ਕੁੱਛ ਨਹੀਂ ਕਰਦੇ ਹੋ ਤਾਂ ਓਹ ਬਚਾਅ ਦੇ ਪੱਖ ਵਲੋਂ ਠੀਕ ਨਹੀਂ ਹੋਵੇਗਾ I,ਜੇ ਕ ਰ   ਤੁ ਸੀਂ   ਇ ੱ ਕ   ਅ ਧਿ ਐ ਨ   ਦੇ   ਕਿ ਹ ਨ   ਤੇ   ਕੁ ੱ ਛ   ਨ ਹੀਂ   ਕ ਰ ਦੇ   ਹੋ   ਤਾਂ   ਓ ਹ   ਬ ਚਾ ਅ   ਦੇ   ਪ ੱ ਖ   ਵ ਲੋਂ   ਠੀ ਕ   ਨ ਹੀਂ   ਹੋ ਵੇ ਗਾ   I,46,21
ਸਿਆਣਾ ਚਿਕਿਤਸਕ ਜਾ ਸਿਆਣਾ ਮਰੀਜ਼ : ਕੋਣ ਕਿਸ ਦੇ ਲਈ ਫ਼ੈਸਲਾ ਲੈਨਦਾ ਹੈ,ਸਿ ਆ ਣਾ   ਚਿ ਕਿ ਤ ਸ ਕ   ਜਾ   ਸਿ ਆ ਣਾ   ਮ ਰੀ ਜ਼   :   ਕੋ ਣ   ਕਿ ਸ   ਦੇ   ਲ ਈ   ਫ਼ ੈ ਸ ਲਾ   ਲੈ ਨ ਦਾ   ਹੈ,31,13
"ਹੈਰਾਨੀ ਵਾਲੀ ਗੱਲ ਹੈ ਕਿ, ਵਿਸ਼ਵ ਸਿਹਤ ਸੰਗਠਨ ਦੇ ਅਨੁਸਾਰ ਵਰਤਮਾਨ ਵਿੱਚ ਨਾ ਸਿਰਫ਼ 43 ਕਰੌੜ ਲੋਕ ਸੁਣਨ ਦੀ ਅਯੋਗਤਾ ਨਾਲ ਜੀਅ ਰਹੇ ਨੇ ਬਲਕਿ 12 ਤੋਂ 35 ਸਾਲਾਂ ਵਿੱਚ 1 ਅਰਬ ਤੋਂ ਵੱਧ ਲੋਕਾਂ ਨੂੰ ਤੇਜ਼ ਸੰਗੀਤ ਦੇ ਪ੍ਰੋਗਰਾਮਾਂ ਅਤੇ ਕਲੱਬਾਂ ਜਾਂ ਆਪਣੇ ਸੰਦਾਂ ਤੋਂ ਤੇਜ਼ ਸੰਗੀਤ ਸੁਣਨ ਕਾਰਣ ਸੁਣਨ ਸ਼ਕਤੀ ਗੁਆਉਣ ਦਾ ਖਤਰਾ ਹੈ","ਹੈ ਰਾ ਨੀ   ਵਾ ਲੀ   ਗ ੱ ਲ   ਹੈ   ਕਿ ,   ਵਿ ਸ਼ ਵ   ਸਿ ਹ ਤ   ਸ ੰ ਗ ਠ ਨ   ਦੇ   ਅ ਨੁ ਸਾ ਰ   ਵ ਰ ਤ ਮਾ ਨ   ਵਿ ੱ ਚ   ਨਾ   ਸਿ ਰ ਫ਼   4 3   ਕ ਰੌ ੜ   ਲੋ ਕ   ਸੁ ਣ ਨ   ਦੀ   ਅ ਯੋ ਗ ਤਾ   ਨਾ ਲ   ਜੀ ਅ   ਰ ਹੇ   ਨੇ   ਬ ਲ ਕਿ   1 2   ਤੋਂ   3 5   ਸਾ ਲਾਂ   ਵਿ ੱ ਚ   1   ਅ ਰ ਬ   ਤੋਂ   ਵ ੱ ਧ   ਲੋ ਕਾਂ   ਨੂ ੰ   ਤੇ ਜ਼   ਸ ੰ ਗੀ ਤ   ਦੇ   ਪ੍ਰੋ ਗ ਰਾ ਮਾਂ   ਅ ਤੇ   ਕ ਲ ੱ ਬਾਂ   ਜਾਂ   ਆ ਪ ਣੇ   ਸ ੰ ਦਾਂ   ਤੋਂ   ਤੇ ਜ਼   ਸ ੰ ਗੀ ਤ   ਸੁ ਣ ਨ   ਕਾ ਰ ਣ   ਸੁ ਣ ਨ   ਸ਼ ਕ ਤੀ   ਗੁ ਆ ਉ ਣ   ਦਾ   ਖ ਤ ਰਾ   ਹੈ",138,56
ਸਾਨੂੰ ਵਿਅਕਤੀਗਤ ਜੋਖਮ ਦੀ ਪ੍ਰਿਭਾਸ਼ਾ ਦੇਣੀ ਚਾਹੀਦੀ ਹੈ I,ਸਾ ਨੂ ੰ   ਵਿ ਅ ਕ ਤੀ ਗ ਤ   ਜੋ ਖ ਮ   ਦੀ   ਪ੍ਰਿ ਭਾ ਸ਼ਾ   ਦੇ ਣੀ   ਚਾ ਹੀ ਦੀ   ਹੈ   I,23,9
"ਵਾਸਤਵ ਵਿੱਚ, ਮਾਂ ਦੇ ਦੁੱਧ ਵਿੱਚ ਪਾਏ ਜਾਣ ਵਾਲੇ ਕੈਲੋਰੀ ਘਣਤਾ, ਪ੍ਰੋਟੀਨ, ਕਾਰਬੋਹਾਈਡਰੇਟ ਅਤੇ ਫ਼ੈਟ ਬੱਚੇ ਦੇ ਵਿਕਾਸ ਲਈ ਮਹੱਤਵਪੂਰਣ ਹਨ I","ਵਾ ਸ ਤ ਵ   ਵਿ ੱ ਚ ,   ਮਾਂ   ਦੇ   ਦੁ ੱ ਧ   ਵਿ ੱ ਚ   ਪਾ ਏ   ਜਾ ਣ   ਵਾ ਲੇ   ਕੈ ਲੋ ਰੀ   ਘ ਣ ਤਾ ,   ਪ੍ਰੋ ਟੀ ਨ ,   ਕਾ ਰ ਬੋ ਹਾ ਈ ਡ ਰੇ ਟ   ਅ ਤੇ   ਫ਼ ੈ ਟ   ਬ ੱ ਚੇ   ਦੇ   ਵਿ ਕਾ ਸ   ਲ ਈ   ਮ ਹ ੱ ਤ ਵ ਪੂ ਰ ਣ   ਹ ਨ   I",66,22
"ਡੁੱਬਣ ਤੋਂ ਪੀੜਤ ਵਿਅਕਤੀ ਦਾ ਇਲਾਜ ਇੱਕ ਮੈਡੀਕਲ ਡਾਕਟਰ ਦੁਆਰਾ ਕੀਤਾ ਜਾਣਾ ਚਾਹੀਦਾ ਹੈ, ਭਾਵੇਂ ਅਜਿਹਾ ਲਗੇ ਕਿ ਉਹ ਠੀਕ ਹੋ ਰਿਹਾ/ਰਹੀ ਹੈ, ਕਿਉਂ ਕਿ, ਜਿਵੇਂ ਕਿ ਬਾਕਸ 12","ਡੁ ੱ ਬ ਣ   ਤੋਂ   ਪੀ ੜ ਤ   ਵਿ ਅ ਕ ਤੀ   ਦਾ   ਇ ਲਾ ਜ   ਇ ੱ ਕ   ਮੈ ਡੀ ਕ ਲ   ਡਾ ਕ ਟ ਰ   ਦੁ ਆ ਰਾ   ਕੀ ਤਾ   ਜਾ ਣਾ   ਚਾ ਹੀ ਦਾ   ਹੈ ,   ਭਾ ਵੇਂ   ਅ ਜਿ ਹਾ   ਲ ਗੇ   ਕਿ   ਉ ਹ   ਠੀ ਕ   ਹੋ   ਰਿ ਹਾ / ਰ ਹੀ   ਹੈ ,   ਕਿ ਉ ਂ   ਕਿ ,   ਜਿ ਵੇਂ   ਕਿ   ਬਾ ਕ ਸ   1 2",72,29
"2 ਵਿੱਚ ਦੱਸਿਆ ਗਿਆ ਹੈ, ਬਾਅਦ ਵਾਲੇ ਪੜਾਅ 'ਤੇ ਉਸ ਨਾਲ ਦੁਬਾਰਾ ਡੁੱਬਣ ਦੀ ਘਟਨਾ ਵੀ ਹੋ ਸਕਦੀ ਹੈ","2   ਵਿ ੱ ਚ   ਦ ੱ ਸਿ ਆ   ਗਿ ਆ   ਹੈ ,   ਬਾ ਅ ਦ   ਵਾ ਲੇ   ਪ ੜ ਾ ਅ   ' ਤੇ   ਉ ਸ   ਨਾ ਲ   ਦੁ ਬਾ ਰਾ   ਡੁ ੱ ਬ ਣ   ਦੀ   ਘ ਟ ਨਾ   ਵੀ   ਹੋ   ਸ ਕ ਦੀ   ਹੈ",44,19
ਭਾਰਤ ਦਾ ਪੂਰਕ ਦਵਾ-ਦਾਰੂ ਦੇ ਖੇਤਰ ਵਿੱਚ ਫਾਇਦਾ ਹੈ ਅਤੇ ਓਹ ਇਸ ਖੇਤਰ ਵਿੱਚ ਵਿਸ਼ਵ ਲੀਡਰ ਬਣ ਸਕਦਾ ਹੈI,ਭਾ ਰ ਤ   ਦਾ   ਪੂ ਰ ਕ   ਦ ਵਾ - ਦਾ ਰੂ   ਦੇ   ਖੇ ਤ ਰ   ਵਿ ੱ ਚ   ਫਾ ਇ ਦਾ   ਹੈ   ਅ ਤੇ   ਓ ਹ   ਇ ਸ   ਖੇ ਤ ਰ   ਵਿ ੱ ਚ   ਵਿ ਸ਼ ਵ   ਲੀ ਡ ਰ   ਬ ਣ   ਸ ਕ ਦਾ   ਹੈ I,48,19
ਇਹ ਇਸ ਲਈ ਹੈ ਕਿਉਂਕਿ ਭਾਰਤ ਦੀ ਇੱਕ ਬਹੁਤ ਵਧੀਆ ਅਤੇ ਪੁਰਾਨੀ ਦੇਸੀ ਚਿਕਿਤਸਾ ਵਿਰਾਸਤ ਹੈ ਇਸ ਦੀਆਂ ਬੁਨਿਆਦਾ ਪੱਛਮੀ ਬਾਇਓਮੈਡੀਕਲ ਵਿਗਿਆਨ ਵਿੱਚ ਬਸੀ ਹੁਈ ਹੈ I,ਇ ਹ   ਇ ਸ   ਲ ਈ   ਹੈ   ਕਿ ਉ ਂ ਕਿ   ਭਾ ਰ ਤ   ਦੀ   ਇ ੱ ਕ   ਬ ਹੁ ਤ   ਵ ਧੀ ਆ   ਅ ਤੇ   ਪੁ ਰਾ ਨੀ   ਦੇ ਸੀ   ਚਿ ਕਿ ਤ ਸਾ   ਵਿ ਰਾ ਸ ਤ   ਹੈ   ਇ ਸ   ਦੀ ਆ ਂ   ਬੁ ਨਿ ਆ ਦਾ   ਪ ੱ ਛ ਮੀ   ਬਾ ਇ ਓ ਮੈ ਡੀ ਕ ਲ   ਵਿ ਗਿ ਆ ਨ   ਵਿ ੱ ਚ   ਬ ਸੀ   ਹੁ ਈ   ਹੈ   I,73,27
"ਇਨ੍ਹਾਂ ਨੂੰ ਐਨਟੀ- ਵਿਸ਼ੈਲੇ, ਐਨਟੀ- ਫੁੰਗਅਲ, ਐਨਟੀ-ਪ੍ਰੋਟੋਜ਼ਾਲ ਅਤੇ ਰੋਗਾਣੂਨਾਸ਼ਕ ਵਿੱਚ ਵਰਗੀਕਰਨ ਕਿਤਾ ਗਿਆ ਹੈ ਓਹ ਜਿਸ ਜੀਵਾਣੂਆਂ ਤੇ ਕੰਮ ਕਰਦੇ ਹਨI","ਇ ਨ੍ਹਾਂ   ਨੂ ੰ   ਐ ਨ ਟੀ -   ਵਿ ਸ਼ੈ ਲੇ ,   ਐ ਨ ਟੀ -   ਫੁ ੰ ਗ ਅ ਲ ,   ਐ ਨ ਟੀ - ਪ੍ਰੋ ਟੋ ਜ ਼ ਾ ਲ   ਅ ਤੇ   ਰੋ ਗਾ ਣੂ ਨਾ ਸ ਼ ਕ   ਵਿ ੱ ਚ   ਵ ਰ ਗੀ ਕ ਰ ਨ   ਕਿ ਤਾ   ਗਿ ਆ   ਹੈ   ਓ ਹ   ਜਿ ਸ   ਜੀ ਵਾ ਣੂ ਆ ਂ   ਤੇ   ਕ ੰ ਮ   ਕ ਰ ਦੇ   ਹ ਨ I",74,21
"ਇਹਨਾਂ ਵਿੱਚ ਘੱਟ ਭੋਜਨ ਜਾਂ ਪਾਣੀ ਦਾ ਸੇਵਨ , ਆਲਸ, ਪਾਣੀ ਵਰਗਾ ਜਾਂ ਫਿੱਕਾ ਸਫੇਦ ਮਿਊਕੋਇਡ ਡਿਸਚਾਰਜ ਦਾ ਅੱਖਾਂ ਤੋਂ ਵਗਣਾ, ਅੱਖਾਂ ਵਿੱਚ ਸੋਜਸ਼, ਅਤੇ ਅਸਧਾਰਨ ਟੱਟੀ (ਰੰਗ ਅਤੇ ਰੂਪ) ਸ਼ਾਮਲ ਹੋ ਸਕਦੇ ਹਨ","ਇ ਹ ਨਾਂ   ਵਿ ੱ ਚ   ਘ ੱ ਟ   ਭੋ ਜ ਨ   ਜਾਂ   ਪਾ ਣੀ   ਦਾ   ਸੇ ਵ ਨ   ,   ਆ ਲ ਸ ,   ਪਾ ਣੀ   ਵ ਰ ਗਾ   ਜਾਂ   ਫਿ ੱ ਕਾ   ਸ ਫੇ ਦ   ਮਿ ਊ ਕੋ ਇ ਡ   ਡਿ ਸ ਚਾ ਰ ਜ   ਦਾ   ਅ ੱ ਖਾਂ   ਤੋਂ   ਵ ਗ ਣਾ ,   ਅ ੱ ਖਾਂ   ਵਿ ੱ ਚ   ਸੋ ਜ ਸ਼ ,   ਅ ਤੇ   ਅ ਸ ਧਾ ਰ ਨ   ਟ ੱ ਟੀ   ( ਰ ੰ ਗ   ਅ ਤੇ   ਰੂ ਪ )   ਸ਼ਾ ਮ ਲ   ਹੋ   ਸ ਕ ਦੇ   ਹ ਨ",93,34
"ਹੇਪੇਟੋਸੈਲੂਲਰ ਕਾਰਸੀਨੋਮਾ (ਜਿਗਰ ਦੇ ਕੈਂਸਰ) ਦੇ ਇਲਾਜ ਸੰਬੰਧੀ ਰੇੜਿਓਫ਼ਾਰਾਸੀਊਟੀਕਲ ਦੀ ਇੱਕ ਹੋਰ ਮਹੱਤਵਪੂਰਨ ਲੋਕੋ-ਰੀਜਿਨਲ ਪ੍ਰਸ਼ਾਸਨ ਦੀ ਰਿਪੋਰਟ ਪੇਸ਼ ਕੀਤੀ ਗਈ ਹੈ, ਜਿਸ ਅਨੁਸਾਰ ਖਾਸ ਆਕਾਰ ਦੇ ਰੇਡੀਓ-ਲੇਬਲ ਵਾਲੇ ਮਾਈਕ੍ਰੋ ਗੋਲੇ ਜਾਂ ਰੇੜਿਓਲੇਬਲਡ ਲਿਪਿਓਡੋਲ (ਇੱਕ ਬਹੁਤ ਜ਼ਿਆਦਾ ਲੇਸਦਾਰ ਤਰਲ ਈਥਾਈਲ ਐਸਟਰ ਭੁੱਕੀ ਦੇ ਬੀਜ ਦੇ ਤੇਲ ਤੋਂ ਪ੍ਰਾਪਤ ਫੈਟੀ ਐਸਿਡ) ਨੂੰ ਮਰੀਜ਼ ਦੀ ਹੈਪੇਟਿਕ ਧਮਣੀ ਰਾਹੀਂ ਟੀਕਾ ਲਗਾਇਆ ਜਾਂਦਾ ਹੈ","ਹੇ ਪੇ ਟੋ ਸੈ ਲੂ ਲ ਰ   ਕਾ ਰ ਸੀ ਨੋ ਮਾ   ( ਜਿ ਗ ਰ   ਦੇ   ਕੈਂ ਸ ਰ )   ਦੇ   ਇ ਲਾ ਜ   ਸ ੰ ਬ ੰ ਧੀ   ਰੇ ੜ ਿ ਓ ਫ਼ ਾ ਰਾ ਸੀ ਊ ਟੀ ਕ ਲ   ਦੀ   ਇ ੱ ਕ   ਹੋ ਰ   ਮ ਹ ੱ ਤ ਵ ਪੂ ਰ ਨ   ਲੋ ਕੋ - ਰੀ ਜਿ ਨ ਲ   ਪ੍ਰ ਸ਼ਾ ਸ ਨ   ਦੀ   ਰਿ ਪੋ ਰ ਟ   ਪੇ ਸ਼   ਕੀ ਤੀ   ਗ ਈ   ਹੈ ,   ਜਿ ਸ   ਅ ਨੁ ਸਾ ਰ   ਖਾ ਸ   ਆ ਕਾ ਰ   ਦੇ   ਰੇ ਡੀ ਓ - ਲੇ ਬ ਲ   ਵਾ ਲੇ   ਮਾ ਈ ਕ੍ਰੋ   ਗੋ ਲੇ   ਜਾਂ   ਰੇ ੜ ਿ ਓ ਲੇ ਬ ਲ ਡ   ਲਿ ਪਿ ਓ ਡੋ ਲ   ( ਇ ੱ ਕ   ਬ ਹੁ ਤ   ਜ਼ ਿ ਆ ਦਾ   ਲੇ ਸ ਦਾ ਰ   ਤ ਰ ਲ   ਈ ਥਾ ਈ ਲ   ਐ ਸ ਟ ਰ   ਭੁ ੱ ਕੀ   ਦੇ   ਬੀ ਜ   ਦੇ   ਤੇ ਲ   ਤੋਂ   ਪ੍ਰਾ ਪ ਤ   ਫੈ ਟੀ   ਐ ਸਿ ਡ )   ਨੂ ੰ   ਮ ਰੀ ਜ਼   ਦੀ   ਹੈ ਪੇ ਟਿ ਕ   ਧ ਮ ਣੀ   ਰਾ ਹੀਂ   ਟੀ ਕਾ   ਲ ਗਾ ਇ ਆ   ਜਾਂ ਦਾ   ਹੈ",189,59
"ਇਹ ਇਲਾਜ ਵਿਧੀ, ਜਿਸ ਨੂੰ ""ਰੇਡੀਏਸ਼ਨ ਸਿਨੋਵੈਟੋਮੀ"" ਜਾਂ ""ਰੇਡੀਓਸਾਈਨੋਵੀਓਰਥੀਸਿਸ"" ਵਜੋਂ ਜਾਣਿਆ ਜਾਂਦਾ ਹੈ, ਪ੍ਰਭਾਵਿਤ ਜੋੜਾਂ ਦੇ ਸਿਨੋਵੀਅਲ ਕੈਵਿਟੀਜ਼ ਵਿੱਚ ਰੇਡੀਓਲੇਬਲ ਵਾਲੇ ਕਣਾਂ ਜਾਂ ਰੇਡੀਓਇਡਲ ਵਿੱਚ ਇੰਜੈਕਸ਼ਨ ਰਾਹੀਂ ਦਿੱਤੇ ਜਾਂਦੇ ਹਨ","ਇ ਹ   ਇ ਲਾ ਜ   ਵਿ ਧੀ ,   ਜਿ ਸ   ਨੂ ੰ   "" ਰੇ ਡੀ ਏ ਸ਼ ਨ   ਸਿ ਨੋ ਵੈ ਟੋ ਮੀ ""   ਜਾਂ   "" ਰੇ ਡੀ ਓ ਸਾ ਈ ਨੋ ਵੀ ਓ ਰ ਥੀ ਸਿ ਸ ""   ਵ ਜੋਂ   ਜਾ ਣਿ ਆ   ਜਾਂ ਦਾ   ਹੈ ,   ਪ੍ਰ ਭਾ ਵਿ ਤ   ਜੋ ੜ ਾ ਂ   ਦੇ   ਸਿ ਨੋ ਵੀ ਅ ਲ   ਕੈ ਵਿ ਟੀ ਜ਼   ਵਿ ੱ ਚ   ਰੇ ਡੀ ਓ ਲੇ ਬ ਲ   ਵਾ ਲੇ   ਕ ਣਾਂ   ਜਾਂ   ਰੇ ਡੀ ਓ ਇ ਡ ਲ   ਵਿ ੱ ਚ   ਇ ੰ ਜੈ ਕ ਸ਼ ਨ   ਰਾ ਹੀਂ   ਦਿ ੱ ਤੇ   ਜਾਂ ਦੇ   ਹ ਨ",104,30
ਕੌਚਲੀਅਰ ਇੰਪਲਾਂਟ ਓਨ੍ਹਾਂ ਲੋਕਾਂ ਲਈ ਲਾਭਦਾਇਕ ਹੈ ਜੋ ਬੋਲੇ ਹਨ I,ਕੌ ਚ ਲੀ ਅ ਰ   ਇ ੰ ਪ ਲਾਂ ਟ   ਓ ਨ੍ਹਾਂ   ਲੋ ਕਾਂ   ਲ ਈ   ਲਾ ਭ ਦਾ ਇ ਕ   ਹੈ   ਜੋ   ਬੋ ਲੇ   ਹ ਨ   I,28,11
"ਜਿਨ੍ਹਾਂ ਨੂੰ ਘੱਟ ਸੁਣਾਈ ਦਿੰਦਾ ਹੈ, ਉਹ ਆਮ ਤੌਰ 'ਤੇ ਬੋਲ ਕੇ ਆਪਣੀ ਗੱਲ ਵਿਅਕਤ ਕਰਦੇ ਹਨ ਅਤੇ ਕੰਨ ਦੀਆਂ ਮਸ਼ੀਨਾਂ, ਕਰਣਾਵਰਤੀ ਪ੍ਰਤੀਆਰੋਪਣਾਂ ਅਤੇ ਹੋਰ ਉਪਕਰਨਾਂ ਦੇ ਨਾਲ-ਨਾਲ ਸੰਕੇਤਾਂ ਤੋਂ ਲਾਹਾ ਲੈ ਸਕਦੇ ਹਨ","ਜਿ ਨ੍ਹਾਂ   ਨੂ ੰ   ਘ ੱ ਟ   ਸੁ ਣਾ ਈ   ਦਿ ੰ ਦਾ   ਹੈ ,   ਉ ਹ   ਆ ਮ   ਤੌ ਰ   ' ਤੇ   ਬੋ ਲ   ਕੇ   ਆ ਪ ਣੀ   ਗ ੱ ਲ   ਵਿ ਅ ਕ ਤ   ਕ ਰ ਦੇ   ਹ ਨ   ਅ ਤੇ   ਕ ੰ ਨ   ਦੀ ਆ ਂ   ਮ ਸ਼ੀ ਨਾਂ ,   ਕ ਰ ਣਾ ਵ ਰ ਤੀ   ਪ੍ਰ ਤੀ ਆ ਰੋ ਪ ਣਾਂ   ਅ ਤੇ   ਹੋ ਰ   ਉ ਪ ਕ ਰ ਨਾਂ   ਦੇ   ਨਾ ਲ - ਨਾ ਲ   ਸ ੰ ਕੇ ਤਾਂ   ਤੋਂ   ਲਾ ਹਾ   ਲੈ   ਸ ਕ ਦੇ   ਹ ਨ",93,34
ਅੰਡਕੋਸ਼ ਸੰਬੰਦੀ ਨਿਰੀਖਣ ਇੱਕ ਜਲਦੀ ਹੋਣ ਵਾਲੀ ਪ੍ਰਕ੍ਰਿਆ ਹੈ (ਇੱਕ ਮਾਹਰ ਇਨਸਾਨ ਨੂੰ 12 ਮਿੰਟ ਲਗਦੇ ਹਨ) I,ਅ ੰ ਡ ਕੋ ਸ ਼   ਸ ੰ ਬ ੰ ਦੀ   ਨਿ ਰੀ ਖ ਣ   ਇ ੱ ਕ   ਜ ਲ ਦੀ   ਹੋ ਣ   ਵਾ ਲੀ   ਪ੍ਰ ਕ੍ਰਿ ਆ   ਹੈ   ( ਇ ੱ ਕ   ਮਾ ਹ ਰ   ਇ ਨ ਸਾ ਨ   ਨੂ ੰ   1 2   ਮਿ ੰ ਟ   ਲ ਗ ਦੇ   ਹ ਨ )   I,54,18
ਰੇਡਿਓਫਾਰਮਾਸਿਊਟੀਕਲ ਸ਼ੁੱਧ ਰੇਡਿਓਐਕਟਿਵ ਫਾਰਮਾਸਿਊਟੀਕਲ ਪ੍ਰਯੋਜਨ ਹਨ ਜੋ ਇਨਸਾਨਾ ਦੇ ਉਪਯੋਗ ਦੇ ਲਈ ਮਹਿਫੂਜ਼ ਹੈ ਤੇ ਤਸ਼ਖ਼ੀਸ ਦੇ ਲਈ ਅਤੇ ਕਈ ਪ੍ਰਕਾਰ ਦੀ ਬਿਮਾਰੀਆਂ ਦੀ ਇਲਾਜ ਲਈ ਵਰਤੀਆਂ ਜਾਂਦਾ ਹੈ I,ਰੇ ਡਿ ਓ ਫਾ ਰ ਮਾ ਸਿ ਊ ਟੀ ਕ ਲ   ਸ਼ੁ ੱ ਧ   ਰੇ ਡਿ ਓ ਐ ਕ ਟਿ ਵ   ਫਾ ਰ ਮਾ ਸਿ ਊ ਟੀ ਕ ਲ   ਪ੍ਰ ਯੋ ਜ ਨ   ਹ ਨ   ਜੋ   ਇ ਨ ਸਾ ਨਾ   ਦੇ   ਉ ਪ ਯੋ ਗ   ਦੇ   ਲ ਈ   ਮ ਹਿ ਫੂ ਜ਼   ਹੈ   ਤੇ   ਤ ਸ਼ ਖ਼ ੀ ਸ   ਦੇ   ਲ ਈ   ਅ ਤੇ   ਕ ਈ   ਪ੍ਰ ਕਾ ਰ   ਦੀ   ਬਿ ਮਾ ਰੀ ਆ ਂ   ਦੀ   ਇ ਲਾ ਜ   ਲ ਈ   ਵ ਰ ਤੀ ਆ ਂ   ਜਾਂ ਦਾ   ਹੈ   I,90,30
ਪਰੰਤੂ ਰੋਗਾਣੂਨਾਸ਼ਕਾ ਦਾ ਦੁਰਵਿਹਾਰ ਅਤੇ ਦੁਉਪਯੋਗ ਕਰਨ ਨਾਲ ਇਹ ਪ੍ਰਕ੍ਰਿਆ ਵੱਧ ਰਹੀ ਹੈ I,ਪ ਰ ੰ ਤੂ   ਰੋ ਗਾ ਣੂ ਨਾ ਸ ਼ ਕਾ   ਦਾ   ਦੁ ਰ ਵਿ ਹਾ ਰ   ਅ ਤੇ   ਦੁ ਉ ਪ ਯੋ ਗ   ਕ ਰ ਨ   ਨਾ ਲ   ਇ ਹ   ਪ੍ਰ ਕ੍ਰਿ ਆ   ਵ ੱ ਧ   ਰ ਹੀ   ਹੈ   I,41,14
ਇਹ ਰਣਨੀਤਕ ਮਾਡਲ ਵਨ ਹੈਲਥ ਕੈਅਰ ਦੇ ਲਈ ਇੱਕ ਤਾਲਮੇਲ ਤੇ ਸਹਿਯੋਗੀ ਉਪਰ ਮਾਰਗ ਸਥਾਪਤ ਕਰਦਾ ਹੈ ਜਿਸ ਵਿੱਚ ਸਰਕਾਰ ਦੇ ਮੁੱਖ ਹਿਤਧਾਰਕ ਤੇ ਹੋਰ ਭਾਗੀਦਾਰ ਸ਼ਾਮਲ ਹਨ I,ਇ ਹ   ਰ ਣ ਨੀ ਤ ਕ   ਮਾ ਡ ਲ   ਵ ਨ   ਹੈ ਲ ਥ   ਕੈ ਅ ਰ   ਦੇ   ਲ ਈ   ਇ ੱ ਕ   ਤਾ ਲ ਮੇ ਲ   ਤੇ   ਸ ਹਿ ਯੋ ਗੀ   ਉ ਪ ਰ   ਮਾ ਰ ਗ   ਸ ਥਾ ਪ ਤ   ਕ ਰ ਦਾ   ਹੈ   ਜਿ ਸ   ਵਿ ੱ ਚ   ਸ ਰ ਕਾ ਰ   ਦੇ   ਮੁ ੱ ਖ   ਹਿ ਤ ਧਾ ਰ ਕ   ਤੇ   ਹੋ ਰ   ਭਾ ਗੀ ਦਾ ਰ   ਸ਼ਾ ਮ ਲ   ਹ ਨ   I,78,29
ਸੰਸਥਾ ਦੇ ਓ,ਸ ੰ ਸ ਥਾ   ਦੇ   ਓ,6,3
ਪੀ,ਪੀ,1,1
ਡੀ ਅਤੇ ਆਈ,ਡੀ   ਅ ਤੇ   ਆ ਈ,5,3
ਪੀ,ਪੀ,1,1
ਡੀ ਵਿੱਚ ਮਰੀਜਾਂ ਦੀ ਉਪਸਥਿਤੀ ਦਿਨ-ਬ-ਦਿਨ ਵੱਧ ਰਹੀ ਹੈ I,ਡੀ   ਵਿ ੱ ਚ   ਮ ਰੀ ਜਾਂ   ਦੀ   ਉ ਪ ਸ ਥਿ ਤੀ   ਦਿ ਨ - ਬ - ਦਿ ਨ   ਵ ੱ ਧ   ਰ ਹੀ   ਹੈ   I,27,10
ਇੱਹ ਦਾ ਡਾਕਟਰੀ ਅਤੇ ਕਾਨੂੰਨੀ ਪੱਖ ਹੈ I,ਇ ੱ ਹ   ਦਾ   ਡਾ ਕ ਟ ਰੀ   ਅ ਤੇ   ਕਾ ਨੂ ੰ ਨੀ   ਪ ੱ ਖ   ਹੈ   I,19,8
"ਜਦ ਕਿ ਰਾਜਾਂ ਵਿੱਚ ਗੁਣਵੱਤਾ ਭਿੰਨ ਸੀ, ਲੱਗਭਗ ਸਾਰਿਆਂ ਵਿੱਚ, ਬੁਨਿਆਦੀ ਢਾਂਚੇ ਦੀ ਗੁਣਵੱਤਾ, ਮਨੁੱਖੀ ਸਰੋਤਾਂ ਦੀ ਮੌਜੂਦਗੀ, ਦਵਾਈਆਂ ਦੀ ਸਪਲਾਈ, ਅਤੇ ਰਿਕਾਰਡ ਅਸੰਤੁਸ਼ਟੀਜਨਕ ਪਾਏ ਗਏ ਸਨ","ਜ ਦ   ਕਿ   ਰਾ ਜਾਂ   ਵਿ ੱ ਚ   ਗੁ ਣ ਵ ੱ ਤਾ   ਭਿ ੰ ਨ   ਸੀ ,   ਲ ੱ ਗ ਭ ਗ   ਸਾ ਰਿ ਆ ਂ   ਵਿ ੱ ਚ ,   ਬੁ ਨਿ ਆ ਦੀ   ਢਾਂ ਚੇ   ਦੀ   ਗੁ ਣ ਵ ੱ ਤਾ ,   ਮ ਨੁ ੱ ਖੀ   ਸ ਰੋ ਤਾਂ   ਦੀ   ਮੌ ਜੂ ਦ ਗੀ ,   ਦ ਵਾ ਈ ਆ ਂ   ਦੀ   ਸ ਪ ਲਾ ਈ ,   ਅ ਤੇ   ਰਿ ਕਾ ਰ ਡ   ਅ ਸ ੰ ਤੁ ਸ਼ ਟੀ ਜ ਨ ਕ   ਪਾ ਏ   ਗ ਏ   ਸ ਨ",89,27
ਸਿਹਤ ਰਪਟ ਬਣਾਣ ਦੇ ਲਈ ਕੋਈ ਸਧਾਰਨ ਨਕਸ਼ਾ ਨਹੀਂ ਹੈ I,ਸਿ ਹ ਤ   ਰ ਪ ਟ   ਬ ਣਾ ਣ   ਦੇ   ਲ ਈ   ਕੋ ਈ   ਸ ਧਾ ਰ ਨ   ਨ ਕ ਸ਼ਾ   ਨ ਹੀਂ   ਹੈ   I,25,11
ਭਾਰਤ ਵਿੱਚ ਆਯੁਰਵੇਦ ਕੇਂਦਰਾ ਦੇ ਨਾਲ ਨਾਲ ਬਾਯੋ-ਮੇਡਿਕਲ ਸੇਵਾਵਾਂ ਦੀ ਖੋਜ ਕਰਨਾ ਰਾਸ਼ਟਰੀ ਪੇਂਡੂ ਸਿਹਤ ਮੁਹਿਮ (ਐਨ,ਭਾ ਰ ਤ   ਵਿ ੱ ਚ   ਆ ਯੁ ਰ ਵੇ ਦ   ਕੇਂ ਦ ਰਾ   ਦੇ   ਨਾ ਲ   ਨਾ ਲ   ਬਾ ਯੋ - ਮੇ ਡਿ ਕ ਲ   ਸੇ ਵਾ ਵਾਂ   ਦੀ   ਖੋ ਜ   ਕ ਰ ਨਾ   ਰਾ ਸ਼ ਟ ਰੀ   ਪੇਂ ਡੂ   ਸਿ ਹ ਤ   ਮੁ ਹਿ ਮ   ( ਐ ਨ,50,17
ਆਰ,ਆ ਰ,2,1
ਐਚ,ਐ ਚ,2,1
ਐਮ) ਸੀਮਿਤ ਹਨ ਬਾਯੋ-ਮੇਡਿਸੀਨ ਤੇ ਆਯੁਰਵੇਦ ਨੇੜੇ ਨਹੀਂ ਹਨ ਤੇ ਇਹ ਦੂਰ ਹੈ ਕੋਈ ਵੀ ਦੋਨਾਂ ਦਾ ਉਪਯੋਗੀ ਸੰਜੋਗ ਲਈ ਅਤੇ ਦੋਨਾਂ ਦੀ ਕਲੀਨਿਕਲ ਅਦਾਇਗੀ ਇਕਿਥੇ ਹੋਣਾ I,ਐ ਮ )   ਸੀ ਮਿ ਤ   ਹ ਨ   ਬਾ ਯੋ - ਮੇ ਡਿ ਸੀ ਨ   ਤੇ   ਆ ਯੁ ਰ ਵੇ ਦ   ਨੇ ੜ ੇ   ਨ ਹੀਂ   ਹ ਨ   ਤੇ   ਇ ਹ   ਦੂ ਰ   ਹੈ   ਕੋ ਈ   ਵੀ   ਦੋ ਨਾਂ   ਦਾ   ਉ ਪ ਯੋ ਗੀ   ਸ ੰ ਜੋ ਗ   ਲ ਈ   ਅ ਤੇ   ਦੋ ਨਾਂ   ਦੀ   ਕ ਲੀ ਨਿ ਕ ਲ   ਅ ਦਾ ਇ ਗੀ   ਇ ਕਿ ਥੇ   ਹੋ ਣਾ   I,70,28
"ਜੇਕਰ ਉਹ ਜਾਨਵਰ ਹੋਰ ਜਾਨਵਰਾਂ ਦੇ ਝੁੰਡ ਤੋਂ ਪਰ੍ਹਾਂ ਰਹਿੰਦਾ ਹੈ, ਇਸ ਤੋਂ ਇਹ ਸੰਕੇਤ ਮਿਲਦਾ ਹੈ ਕਿ ਉਸ ਨੂੰ ਕੋਈ ਸਿਹਤ ਸਮੱਸਿਆ ਹੈ","ਜੇ ਕ ਰ   ਉ ਹ   ਜਾ ਨ ਵ ਰ   ਹੋ ਰ   ਜਾ ਨ ਵ ਰਾਂ   ਦੇ   ਝੁ ੰ ਡ   ਤੋਂ   ਪ ਰ੍ਹਾਂ   ਰ ਹਿ ੰ ਦਾ   ਹੈ ,   ਇ ਸ   ਤੋਂ   ਇ ਹ   ਸ ੰ ਕੇ ਤ   ਮਿ ਲ ਦਾ   ਹੈ   ਕਿ   ਉ ਸ   ਨੂ ੰ   ਕੋ ਈ   ਸਿ ਹ ਤ   ਸ ਮ ੱ ਸਿ ਆ   ਹੈ",57,24
"ਚਿਕਿਤਸਾ ਅਫ਼ਸਰ ਨੇ ਮੈਨੂੰ ਉਸ ਕੋਲ ਜਾਣ ਨਹੀਂ ਦਿਤਾ ਅਤੇ ਮੇਰੇ ਜ਼ਿਦ ਕਰਨ ਤੋਂ ਬਾਅਦ, ਮੈਨੂੰ ਇੰਸਪੈਕਟਰ ਕੋਲ ਭੇਜ ਦਿਤਾ I","ਚਿ ਕਿ ਤ ਸਾ   ਅ ਫ਼ ਸ ਰ   ਨੇ   ਮੈ ਨੂ ੰ   ਉ ਸ   ਕੋ ਲ   ਜਾ ਣ   ਨ ਹੀਂ   ਦਿ ਤਾ   ਅ ਤੇ   ਮੇ ਰੇ   ਜ਼ ਿ ਦ   ਕ ਰ ਨ   ਤੋਂ   ਬਾ ਅ ਦ ,   ਮੈ ਨੂ ੰ   ਇ ੰ ਸ ਪੈ ਕ ਟ ਰ   ਕੋ ਲ   ਭੇ ਜ   ਦਿ ਤਾ   I",54,21
ਹਾਈਡਰੋਜਨ ਵਿੱਚ ਬਨਸਪਤੀ ਤੇਲ ਪਾ ਕੇ ਟ੍ਰਾਂਸ ਫੈਟ ਬਣਦੇ ਹਨ ਜੋ ਕਿ ਆਮ ਬਿਅੇਕ ਕਿਤੇ ਹੋਏ ਪਦਾਰਥਾਂ ਅਤੇ ਜ਼ਿਆਦਾਤਰ ਰੈਸਤੋਰਾਂ ਅਤੇ ਫਾਸਟ ਫੂਡ ਦੀ ਦੁਕਾਨਾਂ ਵਿੱਚ ਵਰਤੇ ਜਾਂਦੇ ਹਨ I,ਹਾ ਈ ਡ ਰੋ ਜ ਨ   ਵਿ ੱ ਚ   ਬ ਨ ਸ ਪ ਤੀ   ਤੇ ਲ   ਪਾ   ਕੇ   ਟ੍ਰਾਂ ਸ   ਫੈ ਟ   ਬ ਣ ਦੇ   ਹ ਨ   ਜੋ   ਕਿ   ਆ ਮ   ਬਿ ਅ ੇ ਕ   ਕਿ ਤੇ   ਹੋ ਏ   ਪ ਦਾ ਰ ਥਾਂ   ਅ ਤੇ   ਜ਼ ਿ ਆ ਦਾ ਤ ਰ   ਰੈ ਸ ਤੋ ਰਾਂ   ਅ ਤੇ   ਫਾ ਸ ਟ   ਫੂ ਡ   ਦੀ   ਦੁ ਕਾ ਨਾਂ   ਵਿ ੱ ਚ   ਵ ਰ ਤੇ   ਜਾਂ ਦੇ   ਹ ਨ   I,77,30
ਅਨਸੈਚਰੈਟਿਡ ਫੈਟਸ ਓਹ ਹੁੰਦੇ ਹਨ ਜਿਹੜੇ ਆਮ ਤਾਪਮਾਨ ਤੇ ਤਰਲ ਰਿਹੰਦੇ ਹਨ I,ਅ ਨ ਸੈ ਚ ਰੈ ਟਿ ਡ   ਫੈ ਟ ਸ   ਓ ਹ   ਹੁ ੰ ਦੇ   ਹ ਨ   ਜਿ ਹ ੜ ੇ   ਆ ਮ   ਤਾ ਪ ਮਾ ਨ   ਤੇ   ਤ ਰ ਲ   ਰਿ ਹ ੰ ਦੇ   ਹ ਨ   I,38,13
"ਡਬਲਿਊ ਐਚ ਓ ਦੀ ਜ਼ਿੰਮੇਵਾਰੀ ਹੈ ਕਿ ਉਹ ਕੰਮ ਵਾਲੀ ਥਾਂ 'ਤੇ ਜਾਂ ਕੰਮ ਦੇ ਸਬੰਧ ਵਿੱਚ ਵਿਤਕਰੇ, ਅਧਿਕਾਰ ਦੀ ਦੁਰਵਰਤੋਂ, ਅਤੇ ਮਾਨਸਿਕ ਪਰੇਸ਼ਾਨੀ, ਜਿਨਸੀ ਸ਼ੋਸ਼ਣ ਸਮੇਤ (ਸਮੂਹਿਕ ਤੌਰ 'ਤੇ ਦੁਰਵਿਵਹਾਰ ਕਰਨ ਵਾਲੇ ਵਜੋਂ ਜਾਣਿਆ ਜਾਂਦਾ ਹੈ) ਨੂੰ ਰੋਕਣ ਅਤੇ ਜਵਾਬ ਦੇਣ ਲਈ ਸਾਰੇ ਢੁੱਕਵੇਂ ਕਦਮ ਚੁੱਕਣ","ਡ ਬ ਲਿ ਊ   ਐ ਚ   ਓ   ਦੀ   ਜ਼ ਿ ੰ ਮੇ ਵਾ ਰੀ   ਹੈ   ਕਿ   ਉ ਹ   ਕ ੰ ਮ   ਵਾ ਲੀ   ਥਾਂ   ' ਤੇ   ਜਾਂ   ਕ ੰ ਮ   ਦੇ   ਸ ਬ ੰ ਧ   ਵਿ ੱ ਚ   ਵਿ ਤ ਕ ਰੇ ,   ਅ ਧਿ ਕਾ ਰ   ਦੀ   ਦੁ ਰ ਵ ਰ ਤੋਂ ,   ਅ ਤੇ   ਮਾ ਨ ਸਿ ਕ   ਪ ਰੇ ਸ਼ਾ ਨੀ ,   ਜਿ ਨ ਸੀ   ਸ਼ੋ ਸ਼ ਣ   ਸ ਮੇ ਤ   ( ਸ ਮੂ ਹਿ ਕ   ਤੌ ਰ   ' ਤੇ   ਦੁ ਰ ਵਿ ਵ ਹਾ ਰ   ਕ ਰ ਨ   ਵਾ ਲੇ   ਵ ਜੋਂ   ਜਾ ਣਿ ਆ   ਜਾਂ ਦਾ   ਹੈ )   ਨੂ ੰ   ਰੋ ਕ ਣ   ਅ ਤੇ   ਜ ਵਾ ਬ   ਦੇ ਣ   ਲ ਈ   ਸਾ ਰੇ   ਢੁ ੱ ਕ ਵੇਂ   ਕ ਦ ਮ   ਚੁ ੱ ਕ ਣ",130,47
ਇਸ ਵਿੱਚ ਗਲਤ ਕੀ ਹੈ,ਇ ਸ   ਵਿ ੱ ਚ   ਗ ਲ ਤ   ਕੀ   ਹੈ,10,5
ਤੀਜੇ ਪੱਧਰ ਦਾ ਉਦੇਸ਼ ਹੈ ਨਤੀਜੀਆ ਨੂੰ ਪ੍ਰਸਤੁਤ ਕਰ ਕੇ ਇਸ ਤਰਹ ਸਮਪਰਕ ਕਰਨਾ ਤਾਂ ਜੋ ਓਹ ਫੈਸਲਾ ਲੈਣ ਦੀ ਪ੍ਰਕ੍ਰਿਆ ਵਿੱਚ ਸਾਥ ਦੇਣ I,ਤੀ ਜੇ   ਪ ੱ ਧ ਰ   ਦਾ   ਉ ਦੇ ਸ਼   ਹੈ   ਨ ਤੀ ਜੀ ਆ   ਨੂ ੰ   ਪ੍ਰ ਸ ਤੁ ਤ   ਕ ਰ   ਕੇ   ਇ ਸ   ਤ ਰ ਹ   ਸ ਮ ਪ ਰ ਕ   ਕ ਰ ਨਾ   ਤਾਂ   ਜੋ   ਓ ਹ   ਫੈ ਸ ਲਾ   ਲੈ ਣ   ਦੀ   ਪ੍ਰ ਕ੍ਰਿ ਆ   ਵਿ ੱ ਚ   ਸਾ ਥ   ਦੇ ਣ   I,58,25
"ਯੋਗ ਸ਼ਬਦ ਦੇ ਦੋ ਅਰਥ ਹਨ; ਪਹਿਲਾ ਮੂਲ ਯੁਜੀਰ ਜਾਂ ਸੰਘ ਤੋਂ ਆਇਆ ਹੈ ਜਿਸਦਾ ਅਰਥ ਹੈ ਸੰਯੋਜਨ, ਅਤੇ ਦੂਜਾ ਇੱਕ ਵੱਖਰੇ ਮੂਲ ਯੂਜਾ ਤੋਂ ਲਿਆ ਗਿਆ ਹੈ, ਜਿਸਦਾ ਅਰਥ ਹੈ ਸਮਾਧੀ, ਚੇਤਨਾ ਜਾਂ ਪੂਰਨ ਗਿਆਨ ਦੀ ਚਰਮ ਸੀਮਾ","ਯੋ ਗ   ਸ਼ ਬ ਦ   ਦੇ   ਦੋ   ਅ ਰ ਥ   ਹ ਨ ;   ਪ ਹਿ ਲਾ   ਮੂ ਲ   ਯੁ ਜੀ ਰ   ਜਾਂ   ਸ ੰ ਘ   ਤੋਂ   ਆ ਇ ਆ   ਹੈ   ਜਿ ਸ ਦਾ   ਅ ਰ ਥ   ਹੈ   ਸ ੰ ਯੋ ਜ ਨ ,   ਅ ਤੇ   ਦੂ ਜਾ   ਇ ੱ ਕ   ਵ ੱ ਖ ਰੇ   ਮੂ ਲ   ਯੂ ਜਾ   ਤੋਂ   ਲਿ ਆ   ਗਿ ਆ   ਹੈ ,   ਜਿ ਸ ਦਾ   ਅ ਰ ਥ   ਹੈ   ਸ ਮਾ ਧੀ ,   ਚੇ ਤ ਨਾ   ਜਾਂ   ਪੂ ਰ ਨ   ਗਿ ਆ ਨ   ਦੀ   ਚ ਰ ਮ   ਸੀ ਮਾ",92,39
ਰੇਡੀਓਫਾਰਮਾਸਿਊਟੀਕਲਜ਼ ਰੈਡੀਕਰਨ ਦੀ ਪ੍ਰਮਾਣੂ ਵਿਸ਼ੇਸ਼ਤਾਵਾਂ ਅਤੇ ਫਾਰਮਾਸਿਊਟੀਕਲਦੀ ਵਿਸ਼ੇਸ਼ਤਾਵਾਂ ਦੀ ਵਰਤੋਂ ਕਰ ਕੇ ਓਨ੍ਹਾਂ ਦੀ ਜਾਂਚ ਪੜਤਾਲ ਜਾਂ ਇਲਾਜ ਸੇਵਾਵਾਂ ਦੀ ਕਾਮਯਾਬੀ ਦਰਸਾਉਂਦੇ ਹਨ I,ਰੇ ਡੀ ਓ ਫਾ ਰ ਮਾ ਸਿ ਊ ਟੀ ਕ ਲ ਜ ਼   ਰੈ ਡੀ ਕ ਰ ਨ   ਦੀ   ਪ੍ਰ ਮਾ ਣੂ   ਵਿ ਸ ਼ ੇ ਸ ਼ ਤਾ ਵਾਂ   ਅ ਤੇ   ਫਾ ਰ ਮਾ ਸਿ ਊ ਟੀ ਕ ਲ ਦੀ   ਵਿ ਸ ਼ ੇ ਸ ਼ ਤਾ ਵਾਂ   ਦੀ   ਵ ਰ ਤੋਂ   ਕ ਰ   ਕੇ   ਓ ਨ੍ਹਾਂ   ਦੀ   ਜਾਂ ਚ   ਪ ੜ ਤਾ ਲ   ਜਾਂ   ਇ ਲਾ ਜ   ਸੇ ਵਾ ਵਾਂ   ਦੀ   ਕਾ ਮ ਯਾ ਬੀ   ਦ ਰ ਸਾ ਉ ਂ ਦੇ   ਹ ਨ   I,86,24
""" ਗ੍ਰੀਨ ਇਕਨੋਮੀ"" ਸ਼ਬਦ ਦਾ ਪ੍ਰਯੋਗ ਪਹਿਲੀ ਵਾਰ 1989 ਵਿੱਚ ਉੱਘੇ ਵਾਤਾਵਰਣਕ ਅਰਥਸ਼ਾਸਤਰਿਆ ਨੇ ਬਰਤਾਨੀਆਂ ਦੀ ਸਰਕਾਰ ਦੇ ਲਈ ਇੱਕ ਰੀਪੋਰਟ "" ਬਲੂਪ੍ਰਿੰਟ ਫੋਰ ਏ ਗ੍ਰੀਨ ਇਕਨੋਮੀ "" ਵਿੱਚ ਵਰਤੀਆਂ ਸੀ I","""   ਗ੍ਰੀ ਨ   ਇ ਕ ਨੋ ਮੀ ""   ਸ਼ ਬ ਦ   ਦਾ   ਪ੍ਰ ਯੋ ਗ   ਪ ਹਿ ਲੀ   ਵਾ ਰ   1 9 8 9   ਵਿ ੱ ਚ   ਉ ੱ ਘੇ   ਵਾ ਤਾ ਵ ਰ ਣ ਕ   ਅ ਰ ਥ ਸ ਼ ਾ ਸ ਤ ਰਿ ਆ   ਨੇ   ਬ ਰ ਤਾ ਨੀ ਆ ਂ   ਦੀ   ਸ ਰ ਕਾ ਰ   ਦੇ   ਲ ਈ   ਇ ੱ ਕ   ਰੀ ਪੋ ਰ ਟ   ""   ਬ ਲੂ ਪ੍ਰਿ ੰ ਟ   ਫੋ ਰ   ਏ   ਗ੍ਰੀ ਨ   ਇ ਕ ਨੋ ਮੀ   ""   ਵਿ ੱ ਚ   ਵ ਰ ਤੀ ਆ ਂ   ਸੀ   I",94,32
ਕੀਵੀ ਫ਼ਲ ਤੋਂ ਬਣੀ ਸਫ਼ੈਦ ਮਦ ਜਿਸ ਨੂੰ ਨਾਰਾ ਆਬਾ ਕਹਿੰਦੇ ਹਨ ਓਹ ਅਰੁਣਾਚਲ ਪ੍ਰਦੇਸ਼ ਦੇ ਹੇਠਲੇ ਸੁਬਨਸਿਰੀ ਜਿਲ੍ਹੇ ਦੇ ਹੋਂਗ ਪਿੰਡ ਵਿੱਚ ਬਣਦੀ ਹੈ ਅਤੇ ਲੰਬੂ - ਸੁਬੂ ਫੂਡ ਐਂਡ ਬੇਵੇਰਜਿਸ ਦਵਾਰਾਂ ਉਤਪਾਦਿਤ ਕਿਤੀ ਜਾਂਦੀ ਹੈ I,ਕੀ ਵੀ   ਫ਼ ਲ   ਤੋਂ   ਬ ਣੀ   ਸ ਫ਼ ੈ ਦ   ਮ ਦ   ਜਿ ਸ   ਨੂ ੰ   ਨਾ ਰਾ   ਆ ਬਾ   ਕ ਹਿ ੰ ਦੇ   ਹ ਨ   ਓ ਹ   ਅ ਰੁ ਣਾ ਚ ਲ   ਪ੍ਰ ਦੇ ਸ਼   ਦੇ   ਹੇ ਠ ਲੇ   ਸੁ ਬ ਨ ਸਿ ਰੀ   ਜਿ ਲ੍ਹੇ   ਦੇ   ਹੋਂ ਗ   ਪਿ ੰ ਡ   ਵਿ ੱ ਚ   ਬ ਣ ਦੀ   ਹੈ   ਅ ਤੇ   ਲ ੰ ਬੂ   -   ਸੁ ਬੂ   ਫੂ ਡ   ਐ ਂ ਡ   ਬੇ ਵੇ ਰ ਜਿ ਸ   ਦ ਵਾ ਰਾਂ   ਉ ਤ ਪਾ ਦਿ ਤ   ਕਿ ਤੀ   ਜਾਂ ਦੀ   ਹੈ   I,93,38
"ਉਚਾਈ ਘਟਾਉਣ ਦੇ ਲਈ, ਰੀਲਿਜ਼ ਬਟਨ ਨੂੰ ਨੀਚੇ ਪਾਸੇ ਦਬਾਓ I","ਉ ਚਾ ਈ   ਘ ਟਾ ਉ ਣ   ਦੇ   ਲ ਈ ,   ਰੀ ਲਿ ਜ ਼   ਬ ਟ ਨ   ਨੂ ੰ   ਨੀ ਚੇ   ਪਾ ਸੇ   ਦ ਬਾ ਓ   I",28,11
"ਵਿਕਾਸ ਦੇ ਸ਼ੁਰੂਆਤੀ ਪੜਾਵਾਂ ਵਿੱਚ ਚਾਰੇ ਦੀਆਂ ਫ਼ਸਲਾਂ ਵਿੱਚ ਪ੍ਰੋਟੀਨ ਦੀ ਮਾਤਰਾ ਵਧੇਰੇ ਹੁੰਦੀ ਹੈ ਅਤੇ ਆਂਮ ਤੌਰ 'ਤੇ ਆਸਾਨੀ ਨਾਲ ਪਚਣ੍ਯੋਗ ਹੁੰਦੀ ਹੈ, ਪਰ ਉਹਨਾਂ ਦੀ ਪੈਦਾਵਾਰ (ਬਾਇਓਮਾਸ ਦੀ ਕੁੱਲ ਮਾਤਰਾ) ਘੱਟ ਹੁੰਦੀ ਹੈ","ਵਿ ਕਾ ਸ   ਦੇ   ਸ਼ੁ ਰੂ ਆ ਤੀ   ਪ ੜ ਾ ਵਾਂ   ਵਿ ੱ ਚ   ਚਾ ਰੇ   ਦੀ ਆ ਂ   ਫ਼ ਸ ਲਾਂ   ਵਿ ੱ ਚ   ਪ੍ਰੋ ਟੀ ਨ   ਦੀ   ਮਾ ਤ ਰਾ   ਵ ਧੇ ਰੇ   ਹੁ ੰ ਦੀ   ਹੈ   ਅ ਤੇ   ਆ ਂ ਮ   ਤੌ ਰ   ' ਤੇ   ਆ ਸਾ ਨੀ   ਨਾ ਲ   ਪ ਚ ਣ੍ਯੋ ਗ   ਹੁ ੰ ਦੀ   ਹੈ ,   ਪ ਰ   ਉ ਹ ਨਾਂ   ਦੀ   ਪੈ ਦਾ ਵਾ ਰ   ( ਬਾ ਇ ਓ ਮਾ ਸ   ਦੀ   ਕੁ ੱ ਲ   ਮਾ ਤ ਰਾ )   ਘ ੱ ਟ   ਹੁ ੰ ਦੀ   ਹੈ",94,35
"ਪ੍ਰਯੋਗਾਤਮਕ ਵਿਚਾਰਾਂ ਦੇ ਜਨੂੰਨ ਨਾਲ ਲੈਸ ਅਤੇ ਵਿਸ਼ਵਾਸ ਅਤੇ ਦ੍ਰਿੜਤਾ ਨਾਲ ਭਰਪੂਰ, ਉਖਰੁਲ ਤੋਂ ਜ਼ਿਨੋਰੀਨ ਇੱਕ ਨਿਯਮਤ ਉਦਯੋਗਪਤੀ ਨਹੀਂ ਹੈ","ਪ੍ਰ ਯੋ ਗਾ ਤ ਮ ਕ   ਵਿ ਚਾ ਰਾਂ   ਦੇ   ਜ ਨੂ ੰ ਨ   ਨਾ ਲ   ਲੈ ਸ   ਅ ਤੇ   ਵਿ ਸ਼ ਵਾ ਸ   ਅ ਤੇ   ਦ੍ਰਿ ੜ ਤਾ   ਨਾ ਲ   ਭ ਰ ਪੂ ਰ ,   ਉ ਖ ਰੁ ਲ   ਤੋਂ   ਜ਼ ਿ ਨੋ ਰੀ ਨ   ਇ ੱ ਕ   ਨਿ ਯ ਮ ਤ   ਉ ਦ ਯੋ ਗ ਪ ਤੀ   ਨ ਹੀਂ   ਹੈ",62,20
"ਮੂਲ ਰੂਪ ਵਿੱਚ, ਬਾਇਓਮਾਸ ਦੀ ਉਤਪਤੀ ਸ਼ਾਮਿਲ ਹੁੰਦੀ ਹੈ ਜਿਸ ਨੂੰ ਵੱਖ-ਵੱਖ ਤਰੀਕਿਆਂ ਨਾਲ ਸੁਵਿਧਾਜਨਕ ਊਰਜਾ ਵਾਲੇ ਪਦਾਰਥਾਂ ਵਿੱਚ ਬਦਲਿਆ ਜਾ ਸਕਦਾ ਹੈ, ਜਿਵੇਂ ਕਿ ਥਰਮਲ ਪਰਿਵਰਤਨ, ਰਸਾਇਣ ਪਰਿਵਰਤਨ ਅਤੇ ਬਾਇਓਕੈਮੀਕਲ ਪਰਿਵਰਤਨ","ਮੂ ਲ   ਰੂ ਪ   ਵਿ ੱ ਚ ,   ਬਾ ਇ ਓ ਮਾ ਸ   ਦੀ   ਉ ਤ ਪ ਤੀ   ਸ਼ਾ ਮਿ ਲ   ਹੁ ੰ ਦੀ   ਹੈ   ਜਿ ਸ   ਨੂ ੰ   ਵ ੱ ਖ - ਵ ੱ ਖ   ਤ ਰੀ ਕਿ ਆ ਂ   ਨਾ ਲ   ਸੁ ਵਿ ਧਾ ਜ ਨ ਕ   ਊ ਰ ਜਾ   ਵਾ ਲੇ   ਪ ਦਾ ਰ ਥਾਂ   ਵਿ ੱ ਚ   ਬ ਦ ਲਿ ਆ   ਜਾ   ਸ ਕ ਦਾ   ਹੈ ,   ਜਿ ਵੇਂ   ਕਿ   ਥ ਰ ਮ ਲ   ਪ ਰਿ ਵ ਰ ਤ ਨ ,   ਰ ਸਾ ਇ ਣ   ਪ ਰਿ ਵ ਰ ਤ ਨ   ਅ ਤੇ   ਬਾ ਇ ਓ ਕੈ ਮੀ ਕ ਲ   ਪ ਰਿ ਵ ਰ ਤ ਨ",110,32
ਇਹ ਭੂ-ਵਿਗਿਆਨਕ ਪ੍ਰਕਿਰਿਆਵਾਂ ਜਿਵੇਂ ਕਿ ਕੋਲਾ ਅਤੇ ਪੈਟਰੋਲੀਅਮ ਦੁਆਰਾ ਪੈਦਾ ਕੀਤੇ ਬਾਲਣ ਦੀ ਬਜਾਏ ਜੈਵਿਕ ਪ੍ਰਕਿਰਿਆਵਾਂ ਦੁਆਰਾ ਪੈਦਾ ਕੀਤੇ ਜਾਂਦੇ ਹਨ,ਇ ਹ   ਭੂ - ਵਿ ਗਿ ਆ ਨ ਕ   ਪ੍ਰ ਕਿ ਰਿ ਆ ਵਾਂ   ਜਿ ਵੇਂ   ਕਿ   ਕੋ ਲਾ   ਅ ਤੇ   ਪੈ ਟ ਰੋ ਲੀ ਅ ਮ   ਦੁ ਆ ਰਾ   ਪੈ ਦਾ   ਕੀ ਤੇ   ਬਾ ਲ ਣ   ਦੀ   ਬ ਜਾ ਏ   ਜੈ ਵਿ ਕ   ਪ੍ਰ ਕਿ ਰਿ ਆ ਵਾਂ   ਦੁ ਆ ਰਾ   ਪੈ ਦਾ   ਕੀ ਤੇ   ਜਾਂ ਦੇ   ਹ ਨ,60,21
ਡੀਪ ਮਾਡਰਨ ਚੁੱਲ੍ਹਾ ਸੋਸਾਇਟੀ ਆਫ਼ ਡਿਵੈਲਪਮੈਂਟ ਐਂਡ ਐਨਵਾਇਰਮੈਂਟ ਪ੍ਰੋਟੈਕਸ਼ਨ (DEEP) ਨੇ ਆਧੁਨਿਕ ਡੀਪ ਚੁੱਲ੍ਹਾ ਵਿਕਸਿਤ ਕੀਤਾ ਜੋ ਲੱਕੜ ਦੀ ਖਪਤ ਨੂੰ 50% ਤੱਕ ਘਟਾਉਣ ਲਈ ਬਾਇਓਮਾਸ ਦੀ ਵਰਤੋਂ ਕਰਦਾ ਹੈ,ਡੀ ਪ   ਮਾ ਡ ਰ ਨ   ਚੁ ੱ ਲ੍ਹਾ   ਸੋ ਸਾ ਇ ਟੀ   ਆ ਫ਼   ਡਿ ਵੈ ਲ ਪ ਮੈਂ ਟ   ਐ ਂ ਡ   ਐ ਨ ਵਾ ਇ ਰ ਮੈਂ ਟ   ਪ੍ਰੋ ਟੈ ਕ ਸ਼ ਨ   ( D E E P )   ਨੇ   ਆ ਧੁ ਨਿ ਕ   ਡੀ ਪ   ਚੁ ੱ ਲ੍ਹਾ   ਵਿ ਕ ਸਿ ਤ   ਕੀ ਤਾ   ਜੋ   ਲ ੱ ਕ ੜ   ਦੀ   ਖ ਪ ਤ   ਨੂ ੰ   5 0 %   ਤ ੱ ਕ   ਘ ਟਾ ਉ ਣ   ਲ ਈ   ਬਾ ਇ ਓ ਮਾ ਸ   ਦੀ   ਵ ਰ ਤੋਂ   ਕ ਰ ਦਾ   ਹੈ,94,30
2020 ਤੱਕ 197 ਨੋਟੀਫ਼ਾਈਡ ਸਵਦੇਸ਼ੀ ਨਸਲਾਂ ਦੀ ਗੱਜਟ ਨੋਟੀਫ਼ੀਕੇਸ਼ਨ ਕੀਤੀ ਗਈ ਸੀ,2 0 2 0   ਤ ੱ ਕ   1 9 7   ਨੋ ਟੀ ਫ਼ ਾ ਈ ਡ   ਸ ਵ ਦੇ ਸ਼ੀ   ਨ ਸ ਲਾਂ   ਦੀ   ਗ ੱ ਜ ਟ   ਨੋ ਟੀ ਫ਼ ੀ ਕੇ ਸ਼ ਨ   ਕੀ ਤੀ   ਗ ਈ   ਸੀ,40,12
"ਓਨ੍ਹਾਂ ਪਿੰਡਾਂ ਤੇ ਸ਼ਹਿਰਾਂ ਵਿੱਚ ਬਸਤੀਆ ਜਿਨ੍ਹਾ ਵਿੱਚ ਸਵੱਛਤਾ ਤੇ ਮਲ-ਪ੍ਰਵਾਹ ਦੀ ਵਿਵਸਥਾ ਨਹੀਂ ਹੈ, ਓਨ੍ਹਾਂ ਲਈ ਐਨਬਾਯੋਲੈਟ ਗ੍ਰੀਨ ਸਲੂਸ਼ਨ ਫਾਉਨਡੈਸ਼ਨ ਨੇ ਬਾਯੋ-ਟੋਇਲੇਟ ਦਾ ਆਵਿਸ਼ਕਾਰ ਕਿਤਾ ਹੈ I","ਓ ਨ੍ਹਾਂ   ਪਿ ੰ ਡਾਂ   ਤੇ   ਸ਼ ਹਿ ਰਾਂ   ਵਿ ੱ ਚ   ਬ ਸ ਤੀ ਆ   ਜਿ ਨ੍ਹਾ   ਵਿ ੱ ਚ   ਸ ਵ ੱ ਛ ਤਾ   ਤੇ   ਮ ਲ - ਪ੍ਰ ਵਾ ਹ   ਦੀ   ਵਿ ਵ ਸ ਥਾ   ਨ ਹੀਂ   ਹੈ ,   ਓ ਨ੍ਹਾਂ   ਲ ਈ   ਐ ਨ ਬਾ ਯੋ ਲੈ ਟ   ਗ੍ਰੀ ਨ   ਸ ਲੂ ਸ ਼ ਨ   ਫਾ ਉ ਨ ਡੈ ਸ ਼ ਨ   ਨੇ   ਬਾ ਯੋ - ਟੋ ਇ ਲੇ ਟ   ਦਾ   ਆ ਵਿ ਸ਼ ਕਾ ਰ   ਕਿ ਤਾ   ਹੈ   I",84,28
ਆਈ ਸੀ ਏ ਆਰ ਨੇ ਆਯਾਤ ਨੂੰ ਬਦਲਣ ਲਈ ਸਾਲ 2024 ਤੱਕ ਖੇਤਾਂ ਅਤੇ ਬਾਗਬਾਨੀ ਫ਼ਸਲਾਂ ਦੀਆਂ 30 ਪ੍ਰੋਸੈਸਯੋਗ ਕਿਸਮਾਂ ਨੂੰ ਵਿਕਸਿਤ ਕਰਨ ਦਾ ਟੀਚਾ ਰੱਖਿਆ ਹੈ,ਆ ਈ   ਸੀ   ਏ   ਆ ਰ   ਨੇ   ਆ ਯਾ ਤ   ਨੂ ੰ   ਬ ਦ ਲ ਣ   ਲ ਈ   ਸਾ ਲ   2 0 2 4   ਤ ੱ ਕ   ਖੇ ਤਾਂ   ਅ ਤੇ   ਬਾ ਗ ਬਾ ਨੀ   ਫ਼ ਸ ਲਾਂ   ਦੀ ਆ ਂ   3 0   ਪ੍ਰੋ ਸੈ ਸ ਯੋ ਗ   ਕਿ ਸ ਮਾਂ   ਨੂ ੰ   ਵਿ ਕ ਸਿ ਤ   ਕ ਰ ਨ   ਦਾ   ਟੀ ਚਾ   ਰ ੱ ਖਿ ਆ   ਹੈ,68,27
"ਰੇਡਿਓਟੇਪਸ ਦੀ ਵਧਦੀ ਮੰਗ ਨੂੰ ਦੇਖਦੇ ਹੋਏ ਤੇ ਪਰਮਾਣੂ ਵਿਗਿਆਨ ਵਿੱਚ ਤਕਨੀਕੀ ਖੋਜ ਕਾਰਨ, ਇੱਕ ਹੋਰ ਵੱਧ ਨਯੂਟ੍ਰਨ ਫ਼ਲ਼ਕਸ ਵਾਲੇ ਰਿਐਕਟਰ ਦੀ ਲੋੜ 1970 ਵਿੱਚ ਪਈ ਸੀ ਜਿਸ ਕਾਰਨ R-5 ਰਿਐਕਟਰ (ਬਾਅਦ ਵਿੱਚ ਇਸ ਦਾ ਨਾਂ ਧ੍ਰੁਵਾ ਰਿਐਕਟਰ ਵਿੱਚ ਬਦਲ ਦਿਤਾ ਸੀ ) ,ਬ","ਰੇ ਡਿ ਓ ਟੇ ਪ ਸ   ਦੀ   ਵ ਧ ਦੀ   ਮ ੰ ਗ   ਨੂ ੰ   ਦੇ ਖ ਦੇ   ਹੋ ਏ   ਤੇ   ਪ ਰ ਮਾ ਣੂ   ਵਿ ਗਿ ਆ ਨ   ਵਿ ੱ ਚ   ਤ ਕ ਨੀ ਕੀ   ਖੋ ਜ   ਕਾ ਰ ਨ ,   ਇ ੱ ਕ   ਹੋ ਰ   ਵ ੱ ਧ   ਨ ਯੂ ਟ੍ਰ ਨ   ਫ਼ ਲ਼ ਕ ਸ   ਵਾ ਲੇ   ਰਿ ਐ ਕ ਟ ਰ   ਦੀ   ਲੋ ੜ   1 9 7 0   ਵਿ ੱ ਚ   ਪ ਈ   ਸੀ   ਜਿ ਸ   ਕਾ ਰ ਨ   R - 5   ਰਿ ਐ ਕ ਟ ਰ   ( ਬਾ ਅ ਦ   ਵਿ ੱ ਚ   ਇ ਸ   ਦਾ   ਨਾਂ   ਧ੍ਰੁ ਵਾ   ਰਿ ਐ ਕ ਟ ਰ   ਵਿ ੱ ਚ   ਬ ਦ ਲ   ਦਿ ਤਾ   ਸੀ   )   , ਬ",121,44
ਏ,ਏ,1,1
ਰ,ਰ,1,1
"ਸਿ, ਤਰਉਬਏ ਵਿੱਚ ਇਸ ਦੀ ਸੰਰਚਨਾ ਕੀਤੀ ਗਈ ਸੀ I","ਸਿ ,   ਤ ਰ ਉ ਬ ਏ   ਵਿ ੱ ਚ   ਇ ਸ   ਦੀ   ਸ ੰ ਰ ਚ ਨਾ   ਕੀ ਤੀ   ਗ ਈ   ਸੀ   I",24,10
"ਐਚ ਐਲ ਐਲ ਡਬਲੀਯੂ ਵਿੱਚ ਫਿਸ਼ਨ ਉਤਪਾਦ, ਮਾਮੂਲੀ ਐਕਟਿਨਾਈਡਸ, ਯੂਰੇਨੀਅਮ ਅਤੇ ਪਲੂਟੋਨੀਅਮ ਦੇ ਨਿਸ਼ਾਨ, ਖੋਰ ਉਤਪਾਦ ਅਤੇ ਰਿਪ੍ਰੋਸੈਸਿੰਗ ਦੌਰਾਨ ਪਾਏ ਗਏ ਰਸਾਇਣ ਸ਼ਾਮਿਲ ਹੁੰਦੇ ਹਨ","ਐ ਚ   ਐ ਲ   ਐ ਲ   ਡ ਬ ਲੀ ਯੂ   ਵਿ ੱ ਚ   ਫਿ ਸ਼ ਨ   ਉ ਤ ਪਾ ਦ ,   ਮਾ ਮੂ ਲੀ   ਐ ਕ ਟਿ ਨਾ ਈ ਡ ਸ ,   ਯੂ ਰੇ ਨੀ ਅ ਮ   ਅ ਤੇ   ਪ ਲੂ ਟੋ ਨੀ ਅ ਮ   ਦੇ   ਨਿ ਸ਼ਾ ਨ ,   ਖੋ ਰ   ਉ ਤ ਪਾ ਦ   ਅ ਤੇ   ਰਿ ਪ੍ਰੋ ਸੈ ਸਿ ੰ ਗ   ਦੌ ਰਾ ਨ   ਪਾ ਏ   ਗ ਏ   ਰ ਸਾ ਇ ਣ   ਸ਼ਾ ਮਿ ਲ   ਹੁ ੰ ਦੇ   ਹ ਨ",83,25
ਐਚ,ਐ ਚ,2,1
ਐਲ,ਐ ਲ,2,1
ਐਲ,ਐ ਲ,2,1
ਡਬਲਯੁ ਇੱਕ ਗਤੀਹਿਣ ਗਲਾਸ (ਕੱਚ ਵਰਗ) ਸਾਰਨੀ ਵਿੱਚ ਸਥਿਰ ਕਰ ਕੇ ਕੁੱਛ ਸਾਲਾਂ ਲਈ ਠੰਡੀ ਹਵਾ ਦੇ ਤਹਿਖਾਨੇ ਵਿੱਚ ਸੰਚਿਤ ਕਰ ਦਿਤਾ ਜਾਂਦਾ ਹੈ ਅਤੇ ਫਿਰ ਇਸ ਨੂੰ ਇੱਕ ਡੂੰਗੇ ਭਾਂਡੇ ਵਿੱਚ ਨਸ਼ਟ ਕਰਨ ਦਾ ਪ੍ਰਬੰਧ ਕਿਤਾ ਜਾਂਦਾ ਹੈ I,ਡ ਬ ਲ ਯੁ   ਇ ੱ ਕ   ਗ ਤੀ ਹਿ ਣ   ਗ ਲਾ ਸ   ( ਕ ੱ ਚ   ਵ ਰ ਗ )   ਸਾ ਰ ਨੀ   ਵਿ ੱ ਚ   ਸ ਥਿ ਰ   ਕ ਰ   ਕੇ   ਕੁ ੱ ਛ   ਸਾ ਲਾਂ   ਲ ਈ   ਠ ੰ ਡੀ   ਹ ਵਾ   ਦੇ   ਤ ਹਿ ਖਾ ਨੇ   ਵਿ ੱ ਚ   ਸ ੰ ਚਿ ਤ   ਕ ਰ   ਦਿ ਤਾ   ਜਾਂ ਦਾ   ਹੈ   ਅ ਤੇ   ਫਿ ਰ   ਇ ਸ   ਨੂ ੰ   ਇ ੱ ਕ   ਡੂ ੰ ਗੇ   ਭਾਂ ਡੇ   ਵਿ ੱ ਚ   ਨ ਸ਼ ਟ   ਕ ਰ ਨ   ਦਾ   ਪ੍ਰ ਬ ੰ ਧ   ਕਿ ਤਾ   ਜਾਂ ਦਾ   ਹੈ   I,101,40
ਜਰਸੀ ਗਾਂ ਦੇ ਦੁੱਧ ਵਿੱਚ 5 ਪ੍ਰਤੀਸ਼ਤ ਫੈਟ ਹੁੰਦੀ ਹੈ ਜਦਕਿ ਹੋਲਸਟੀਨ-ਫਰੀਸ਼ਿਅਨ ਗਾਂ ਦੇ ਦੁੱਧ ਵਿੱਚ 3,ਜ ਰ ਸੀ   ਗਾਂ   ਦੇ   ਦੁ ੱ ਧ   ਵਿ ੱ ਚ   5   ਪ੍ਰ ਤੀ ਸ਼ ਤ   ਫੈ ਟ   ਹੁ ੰ ਦੀ   ਹੈ   ਜ ਦ ਕਿ   ਹੋ ਲ ਸ ਟੀ ਨ - ਫ ਰੀ ਸ਼ਿ ਅ ਨ   ਗਾਂ   ਦੇ   ਦੁ ੱ ਧ   ਵਿ ੱ ਚ   3,45,17
5 ਪ੍ਰਤੀਸ਼ਤ ਫੈਟ ਹੁੰਦੀ ਹੈ,5   ਪ੍ਰ ਤੀ ਸ਼ ਤ   ਫੈ ਟ   ਹੁ ੰ ਦੀ   ਹੈ,11,5
"ਮਨੁੱਖੀ ਸੁਰੱਖਿਆ ਮੁੱਖ ਤੌਰ 'ਤੇ ਗਾਹਕਾਂ, ਕਰਮਚਾਰੀਆਂ ਅਤੇ ਪ੍ਰਬੰਧਕਾਂ ਸਮੇਤ ਸਾਰੇ ਲੋਕਾਂ ਦੀ ਸਿਹਤ, ਸਫਾਈ ਅਤੇ ਵਾਤਾਵਰਣ 'ਤੇ ਧਿਆਨ ਕੇਂਦਰਿਤ ਕਰਦੀ ਹੈ","ਮ ਨੁ ੱ ਖੀ   ਸੁ ਰ ੱ ਖਿ ਆ   ਮੁ ੱ ਖ   ਤੌ ਰ   ' ਤੇ   ਗਾ ਹ ਕਾਂ ,   ਕ ਰ ਮ ਚਾ ਰੀ ਆ ਂ   ਅ ਤੇ   ਪ੍ਰ ਬ ੰ ਧ ਕਾਂ   ਸ ਮੇ ਤ   ਸਾ ਰੇ   ਲੋ ਕਾਂ   ਦੀ   ਸਿ ਹ ਤ ,   ਸ ਫਾ ਈ   ਅ ਤੇ   ਵਾ ਤਾ ਵ ਰ ਣ   ' ਤੇ   ਧਿ ਆ ਨ   ਕੇਂ ਦ ਰਿ ਤ   ਕ ਰ ਦੀ   ਹੈ",69,22
"ਜਦੋਂ ਕਿ ਦੂਜੇ ਚੱਕਰ ਵਿੱਚ ਸੀਜ਼ੀਅਮ ਰਿਕਵਰੀ ਦਾ ਉਦੇਸ਼ ਹੈ, ਸਟ੍ਰੋਂਟੀਅਮ-ਐਕਟੀਨਾਇਡ-ਲੈਂਥਾਨਾਇਡ ਸੰਯੁਕਤ ਵਿਭਾਜਨ ਐਚ ਐਲ ਐਲ ਡਬਲੀਊ ਤੋਂ ਤੀਜੇ ਚੱਕਰ ਵਿੱਚ ਪ੍ਰਾਪਤ ਕੀਤਾ ਜਾਂਦਾ ਹੈ","ਜ ਦੋਂ   ਕਿ   ਦੂ ਜੇ   ਚ ੱ ਕ ਰ   ਵਿ ੱ ਚ   ਸੀ ਜ਼ ੀ ਅ ਮ   ਰਿ ਕ ਵ ਰੀ   ਦਾ   ਉ ਦੇ ਸ਼   ਹੈ ,   ਸ ਟ੍ਰੋਂ ਟੀ ਅ ਮ - ਐ ਕ ਟੀ ਨਾ ਇ ਡ - ਲੈਂ ਥਾ ਨਾ ਇ ਡ   ਸ ੰ ਯੁ ਕ ਤ   ਵਿ ਭਾ ਜ ਨ   ਐ ਚ   ਐ ਲ   ਐ ਲ   ਡ ਬ ਲੀ ਊ   ਤੋਂ   ਤੀ ਜੇ   ਚ ੱ ਕ ਰ   ਵਿ ੱ ਚ   ਪ੍ਰਾ ਪ ਤ   ਕੀ ਤਾ   ਜਾਂ ਦਾ   ਹੈ",82,25
"ਮਾਇਕ੍ਰੋਵੇਵ ਰਿਮੋਟ ਸੇਨਸਸਿੰਗ ਤਕਨੀਕਾ ਕੋਲ ਹਰ ਮੋਸਮ ਦੀ ਸਮਰੱਥਾ ਹੁੰਦੀ ਹੈ ਕਿਉਂਕਿ ਜਿਵੇ ਵਾਯੂਮੰਡਲ ਘੱਟ ਵਾਰਵਾਰਤਾ ਦੀ ਮਾਇਕ੍ਰੋਵੇਵਜ਼ ਤੋਂ ਪਾਰਦਰਸ਼ੀ ਹੈ, ਓਹ ਬਦਲਾ ਵਿਚੋਂ ਨੰਘ ਸਕਦੇ ਹਨ ਅਤੇ ਓਹ ਸੂਰਜ ਦੀ ਕਿਰਨਾਂ ਤੋਂ ਮਾਇਕ੍ਰੋਵੇਵ ਸੇਨਸਜ਼ ਤੋਂ ਅਲੱਗ ਹਨ ਜਿਸ ਕਾਰਣ ਓਹ ਦਿਨ ਤੇ ਰਾਤ ਦੀ ਵਰਤੋਂ ਲਈ ਉਚਿਤ ਹਨ I","ਮਾ ਇ ਕ੍ਰੋ ਵੇ ਵ   ਰਿ ਮੋ ਟ   ਸੇ ਨ ਸ ਸਿ ੰ ਗ   ਤ ਕ ਨੀ ਕਾ   ਕੋ ਲ   ਹ ਰ   ਮੋ ਸ ਮ   ਦੀ   ਸ ਮ ਰ ੱ ਥਾ   ਹੁ ੰ ਦੀ   ਹੈ   ਕਿ ਉ ਂ ਕਿ   ਜਿ ਵੇ   ਵਾ ਯੂ ਮ ੰ ਡ ਲ   ਘ ੱ ਟ   ਵਾ ਰ ਵਾ ਰ ਤਾ   ਦੀ   ਮਾ ਇ ਕ੍ਰੋ ਵੇ ਵ ਜ਼   ਤੋਂ   ਪਾ ਰ ਦ ਰ ਸ਼ੀ   ਹੈ ,   ਓ ਹ   ਬ ਦ ਲਾ   ਵਿ ਚੋਂ   ਨ ੰ ਘ   ਸ ਕ ਦੇ   ਹ ਨ   ਅ ਤੇ   ਓ ਹ   ਸੂ ਰ ਜ   ਦੀ   ਕਿ ਰ ਨਾਂ   ਤੋਂ   ਮਾ ਇ ਕ੍ਰੋ ਵੇ ਵ   ਸੇ ਨ ਸ ਜ਼   ਤੋਂ   ਅ ਲ ੱ ਗ   ਹ ਨ   ਜਿ ਸ   ਕਾ ਰ ਣ   ਓ ਹ   ਦਿ ਨ   ਤੇ   ਰਾ ਤ   ਦੀ   ਵ ਰ ਤੋਂ   ਲ ਈ   ਉ ਚਿ ਤ   ਹ ਨ   I",137,50
"ਯੂਰੇਨੀਅਮ ਜਾਂ ਤਾਂ ਕੁਦਰਤੀ ਜਾਂ ਸੰਸ਼ੋਧਿਤ ਰੂਪ ਵਿੱਚ, ਆਂ ਤੌਰ 'ਤੇ ਪ੍ਰਮਾਣੂ ਵਿਖੰਡਨ ਲਈ ਪ੍ਰਮਾਣੂ ਪਾਵਰ ਪਲਾਟਾਂ ਵਿੱਚ ਬਾਲਣ ਵਜੋਂ ਵਰਤਿਆ ਜਾਂਦਾ ਹੈ","ਯੂ ਰੇ ਨੀ ਅ ਮ   ਜਾਂ   ਤਾਂ   ਕੁ ਦ ਰ ਤੀ   ਜਾਂ   ਸ ੰ ਸ਼ੋ ਧਿ ਤ   ਰੂ ਪ   ਵਿ ੱ ਚ ,   ਆ ਂ   ਤੌ ਰ   ' ਤੇ   ਪ੍ਰ ਮਾ ਣੂ   ਵਿ ਖ ੰ ਡ ਨ   ਲ ਈ   ਪ੍ਰ ਮਾ ਣੂ   ਪਾ ਵ ਰ   ਪ ਲਾ ਟਾਂ   ਵਿ ੱ ਚ   ਬਾ ਲ ਣ   ਵ ਜੋਂ   ਵ ਰ ਤਿ ਆ   ਜਾਂ ਦਾ   ਹੈ",63,23
"ਇਸ ਤੋਂ ਇਲਾਵਾ, ਪਹਿਲਾਂ ਸੋਆਬੀਨ ਵਿੱਚ ਪ੍ਰੇਰਿਤ ਕੀਤਾ ਗਿਆ ਹੈ","ਇ ਸ   ਤੋਂ   ਇ ਲਾ ਵਾ ,   ਪ ਹਿ ਲਾਂ   ਸੋ ਆ ਬੀ ਨ   ਵਿ ੱ ਚ   ਪ੍ਰੇ ਰਿ ਤ   ਕੀ ਤਾ   ਗਿ ਆ   ਹੈ",25,10
ਜਦੋਂ ਇੱਕ ਵਾਰ ਵਿੱਚ ਪੂਰੀ ਕੰਧ ਨਹੀਂ ਉਸਾਰੀ ਜਾ ਸਕਦੀ ਤਾਂ ਅਜਿਹੀ ਸਥਿਤੀ ਵਿੱਚ ਪੌੜੀ ਵਰਗੀ ਕੰਧ ਖੜੀ ਕਰਨੀ ਲਾਹੇਵੰਦ ਹੁੰਦੀ ਹੈ,ਜ ਦੋਂ   ਇ ੱ ਕ   ਵਾ ਰ   ਵਿ ੱ ਚ   ਪੂ ਰੀ   ਕ ੰ ਧ   ਨ ਹੀਂ   ਉ ਸਾ ਰੀ   ਜਾ   ਸ ਕ ਦੀ   ਤਾਂ   ਅ ਜਿ ਹੀ   ਸ ਥਿ ਤੀ   ਵਿ ੱ ਚ   ਪੌ ੜ ੀ   ਵ ਰ ਗੀ   ਕ ੰ ਧ   ਖ ੜ ੀ   ਕ ਰ ਨੀ   ਲਾ ਹੇ ਵ ੰ ਦ   ਹੁ ੰ ਦੀ   ਹੈ,58,22
"ਇਸ ਨੇ ਧਿਆਨ ਰਸਾਇਣ ਮੁਕਤ ਖੇਤੀ ਜਿਸ ਵਿੱਚ ਜੈਵਿਕ ਖੇਤੀ ਅਤੇ ਓਹ ਤਕਨੀਕਾ ਆਉਂਦੀਆਂ ਹਨ ਜੋ ਮਿੱਟੀ ਤੇ ਵਾਤਾਵਰਣ ਨੂੰ ਸਵਸ, ਚੰਗਾ ਅਤੇ ਸੁਰੰਮਤਕਰਨਾ ਬਣਾ ਸਕੇ ਉਸ ਵੱਲ ਸਭ ਦਾ ਧਿਆਨ ਖਿੱਚ ਲਿਆ ਹੈ I","ਇ ਸ   ਨੇ   ਧਿ ਆ ਨ   ਰ ਸਾ ਇ ਣ   ਮੁ ਕ ਤ   ਖੇ ਤੀ   ਜਿ ਸ   ਵਿ ੱ ਚ   ਜੈ ਵਿ ਕ   ਖੇ ਤੀ   ਅ ਤੇ   ਓ ਹ   ਤ ਕ ਨੀ ਕਾ   ਆ ਉ ਂ ਦੀ ਆ ਂ   ਹ ਨ   ਜੋ   ਮਿ ੱ ਟੀ   ਤੇ   ਵਾ ਤਾ ਵ ਰ ਣ   ਨੂ ੰ   ਸ ਵ ਸ ,   ਚ ੰ ਗਾ   ਅ ਤੇ   ਸੁ ਰ ੰ ਮ ਤ ਕ ਰ ਨਾ   ਬ ਣਾ   ਸ ਕੇ   ਉ ਸ   ਵ ੱ ਲ   ਸ ਭ   ਦਾ   ਧਿ ਆ ਨ   ਖਿ ੱ ਚ   ਲਿ ਆ   ਹੈ   I",92,35
"ਦਿਨ ਦਾ ਤਾਪਮਾਨ 24°–27° ਸੈਲਸੀਅਸ ਰਹਿਣਾ ਚਾਹੀਦਾ ਹੈ, ਅਤੇ ਰਾਤ ਦਾ 15°–17° ਸੈਲਸੀਅਸ ਰਹਿਣਾ ਚਾਹੀਦਾ ਹੈ, ਅਤੇ 75 ਪ੍ਰਤੀਸ਼ਤ ਦੀ ਸਾਪੇਖ ਨਮੀ ਦੇ ਨਾਲ ਸਰਵੋਤਮ ਤਾਪਮਾਨ 15°–27° ਸੈਲਸੀਅਸ ਦੇ ਵਿੱਚ ਰਹਿਣਾ ਚਾਹੀਦਾ ਹੈ","ਦਿ ਨ   ਦਾ   ਤਾ ਪ ਮਾ ਨ   2 4 ° – 2 7 °   ਸੈ ਲ ਸੀ ਅ ਸ   ਰ ਹਿ ਣਾ   ਚਾ ਹੀ ਦਾ   ਹੈ ,   ਅ ਤੇ   ਰਾ ਤ   ਦਾ   1 5 ° – 1 7 °   ਸੈ ਲ ਸੀ ਅ ਸ   ਰ ਹਿ ਣਾ   ਚਾ ਹੀ ਦਾ   ਹੈ ,   ਅ ਤੇ   7 5   ਪ੍ਰ ਤੀ ਸ਼ ਤ   ਦੀ   ਸਾ ਪੇ ਖ   ਨ ਮੀ   ਦੇ   ਨਾ ਲ   ਸ ਰ ਵੋ ਤ ਮ   ਤਾ ਪ ਮਾ ਨ   1 5 ° – 2 7 °   ਸੈ ਲ ਸੀ ਅ ਸ   ਦੇ   ਵਿ ੱ ਚ   ਰ ਹਿ ਣਾ   ਚਾ ਹੀ ਦਾ   ਹੈ",101,33
ਅੰਤਰਰਾਸ਼ਟਰੀ ਵਪਾਰਕ ਕੇਂਦਰ ਵਜੋਂ ਕਈ ਸਮਾਗਮ ਆਯੋਜਿਤ ਕਿਤੇ ਜਾ ਰਹੇ ਹਨ ਜੋ ਛੋਟੇ ਵਪਾਰਾ ਤੇ ਉੱਦਮੀਆਂ ਦੀਆਂ ਲੋੜਾਂ ਵੱਲ ਧਿਆਨ ਦੇ ਕੇ ਓਨ੍ਹਾਂ ਲਈ ਸਹਿਯੋਗ ਦੇ ਰਹੀ ਹੈ ਜਿਵੇ ਕਿ ਡਿਜ਼ੀਟਲ ਵਪਾਰ: ਨੌਜਵਾਨਾ ਲਈ ਮੇ,ਅ ੰ ਤ ਰ ਰਾ ਸ਼ ਟ ਰੀ   ਵ ਪਾ ਰ ਕ   ਕੇਂ ਦ ਰ   ਵ ਜੋਂ   ਕ ਈ   ਸ ਮਾ ਗ ਮ   ਆ ਯੋ ਜਿ ਤ   ਕਿ ਤੇ   ਜਾ   ਰ ਹੇ   ਹ ਨ   ਜੋ   ਛੋ ਟੇ   ਵ ਪਾ ਰਾ   ਤੇ   ਉ ੱ ਦ ਮੀ ਆ ਂ   ਦੀ ਆ ਂ   ਲੋ ੜ ਾ ਂ   ਵ ੱ ਲ   ਧਿ ਆ ਨ   ਦੇ   ਕੇ   ਓ ਨ੍ਹਾਂ   ਲ ਈ   ਸ ਹਿ ਯੋ ਗ   ਦੇ   ਰ ਹੀ   ਹੈ   ਜਿ ਵੇ   ਕਿ   ਡਿ ਜ ਼ ੀ ਟ ਲ   ਵ ਪਾ ਰ :   ਨੌ ਜ ਵਾ ਨਾ   ਲ ਈ   ਮੇ,94,35
ਏ,ਏ,1,1
ਨਾ,ਨਾ,1,1
"ਆ ਇਲਾਕੇ ਵਿੱਚ ਮੌਕੇ,ਛੋਟੇ ਵਪਾਰਾ ਲਈ ਐਸ","ਆ   ਇ ਲਾ ਕੇ   ਵਿ ੱ ਚ   ਮੌ ਕੇ , ਛੋ ਟੇ   ਵ ਪਾ ਰਾ   ਲ ਈ   ਐ ਸ",19,7
ਡਿ,ਡਿ,1,1
"ਜਿ ਫੋਟੋ ਪਰਦਰਸ਼ਨ, ਖੇਡਾਂ ਵਿੱਚ ਨੌਜਵਾਨ ਅਤੇ ਔਰਤਾ ਲਈ ਨਿਵੇਸ਼ ਕਰਨਾ I","ਜਿ   ਫੋ ਟੋ   ਪ ਰ ਦ ਰ ਸ਼ ਨ ,   ਖੇ ਡਾਂ   ਵਿ ੱ ਚ   ਨੌ ਜ ਵਾ ਨ   ਅ ਤੇ   ਔ ਰ ਤਾ   ਲ ਈ   ਨਿ ਵੇ ਸ਼   ਕ ਰ ਨਾ   I",33,12
"ਇਸ ਪ੍ਰਕਿਰਿਆ ਵਿੱਚ, ਸਲੋਵੈਂਟ ਵਾਲੀ ਇੱਕ ਜੈਵਿਕ ਧਾਰਾ, ਚੋਣਵੇਂ ਐਕਸਟਰੈਕਟੈਂਟ ਦੇ ਨਿਸ਼ਾਨ, ਅਤੇ ਜਲਮਈ ਰਹਿੰਦ-ਖੂੰਹਦ ਨੂੰ ਮਜ਼ਬੂਤ ਅੰਦੋਲਨ ਦੀ ਵਰਤੋਂ ਕਰਕੇ ਗੁੜੇ ਸੰਪਰਕ ਵਿੱਚ ਰੱਖਿਆ ਜਾਂਦਾ ਹੈ","ਇ ਸ   ਪ੍ਰ ਕਿ ਰਿ ਆ   ਵਿ ੱ ਚ ,   ਸ ਲੋ ਵੈਂ ਟ   ਵਾ ਲੀ   ਇ ੱ ਕ   ਜੈ ਵਿ ਕ   ਧਾ ਰਾ ,   ਚੋ ਣ ਵੇਂ   ਐ ਕ ਸ ਟ ਰੈ ਕ ਟੈਂ ਟ   ਦੇ   ਨਿ ਸ਼ਾ ਨ ,   ਅ ਤੇ   ਜ ਲ ਮ ਈ   ਰ ਹਿ ੰ ਦ - ਖੂ ੰ ਹ ਦ   ਨੂ ੰ   ਮ ਜ਼ ਬੂ ਤ   ਅ ੰ ਦੋ ਲ ਨ   ਦੀ   ਵ ਰ ਤੋਂ   ਕ ਰ ਕੇ   ਗੁ ੜ ੇ   ਸ ੰ ਪ ਰ ਕ   ਵਿ ੱ ਚ   ਰ ੱ ਖਿ ਆ   ਜਾਂ ਦਾ   ਹੈ",92,27
ਡਿਸਪੈਂਸਰ ਵਾਲੇ ਸੀਜ਼ੀਅਮ ਗਲਾਸ ਨੂੰ ਹਰੇਕ ਪੈਨਸਿਲ ਵਿੱਚ ਸੀਜ਼ੀਅਮ ਸ਼ੀਸ਼ੇ ਦੇ ਸਟੀਕ ਨਿਯੰਤਰਣ ਨਾਲ Cs ਗਲਾਸ ਪੈਨਸਿਲ ਬਣਾਉਣ ਲਈ ਸਮਰਪਿਤ ਦੁਬਾਰਾ-ਪਿਘਲਾਉਣ ਵਾਲੀ ਭੱਠੀ ਵਿੱਚ ਇਕੱਠਾ ਕੀਤਾ ਜਾਂਦਾ ਹੈ,ਡਿ ਸ ਪੈਂ ਸ ਰ   ਵਾ ਲੇ   ਸੀ ਜ਼ ੀ ਅ ਮ   ਗ ਲਾ ਸ   ਨੂ ੰ   ਹ ਰੇ ਕ   ਪੈ ਨ ਸਿ ਲ   ਵਿ ੱ ਚ   ਸੀ ਜ਼ ੀ ਅ ਮ   ਸ਼ੀ ਸ਼ੇ   ਦੇ   ਸ ਟੀ ਕ   ਨਿ ਯ ੰ ਤ ਰ ਣ   ਨਾ ਲ   C s   ਗ ਲਾ ਸ   ਪੈ ਨ ਸਿ ਲ   ਬ ਣਾ ਉ ਣ   ਲ ਈ   ਸ ਮ ਰ ਪਿ ਤ   ਦੁ ਬਾ ਰਾ - ਪਿ ਘ ਲਾ ਉ ਣ   ਵਾ ਲੀ   ਭ ੱ ਠੀ   ਵਿ ੱ ਚ   ਇ ਕ ੱ ਠਾ   ਕੀ ਤਾ   ਜਾਂ ਦਾ   ਹੈ,92,28
"ਇਸ ਤੋਂ ਇਲਾਵਾ, ਭਰੋਸੇਮੰਦ ਅਤੇ ਸਮੇਂ ਸਿਰ ਮੌਸਮੀ ਫ਼ਸਲਾਂ ਦਾ ਰਕਬਾ ਅਤੇ ਉਤਪਾਦਨ ਦੇ ਅਨੁਮਾਨ ਮਾਰਕੀਟਿੰਗ ਰਣਨੀਤੀਆਂ ਜਿਵੇਂ ਕਿ ਆਯਾਤ/ਨਿਰਯਾਤ, ਕੀਮਤ ਨਿਰਧਾਰਨ, ਅਤੇ ਜਨਤਕ ਵੰਡ ਨੂੰ ਬਣਾਉਣ ਲਈ ਮਹੱਤਵਪੂਰਨ ਹਨ","ਇ ਸ   ਤੋਂ   ਇ ਲਾ ਵਾ ,   ਭ ਰੋ ਸੇ ਮ ੰ ਦ   ਅ ਤੇ   ਸ ਮੇਂ   ਸਿ ਰ   ਮੌ ਸ ਮੀ   ਫ਼ ਸ ਲਾਂ   ਦਾ   ਰ ਕ ਬਾ   ਅ ਤੇ   ਉ ਤ ਪਾ ਦ ਨ   ਦੇ   ਅ ਨੁ ਮਾ ਨ   ਮਾ ਰ ਕੀ ਟਿ ੰ ਗ   ਰ ਣ ਨੀ ਤੀ ਆ ਂ   ਜਿ ਵੇਂ   ਕਿ   ਆ ਯਾ ਤ / ਨਿ ਰ ਯਾ ਤ ,   ਕੀ ਮ ਤ   ਨਿ ਰ ਧਾ ਰ ਨ ,   ਅ ਤੇ   ਜ ਨ ਤ ਕ   ਵ ੰ ਡ   ਨੂ ੰ   ਬ ਣਾ ਉ ਣ   ਲ ਈ   ਮ ਹ ੱ ਤ ਵ ਪੂ ਰ ਨ   ਹ ਨ",101,30
"ਫ਼ਸਲ ਉਤਪਾਦਨ ਵਿੱਚ ਵਾਧਾ , ਹੋਰ ਇਲਕਿਆ ਨੂੰ ਖੇਤੀ- ਬਾਡੀ (ਪਈ ਪਹੁੰਚ )ਅਤੇ ਬਿਹਤਰ ਫ਼ਸਲ ਪ੍ਰਬੰਧ (ਪੱਟੀ ਪਹੁੰਚ) ਤਕਨਾਲੋਜੀਆਂ ਜਿਵੇ ਕਿ ਵੱਧ ਉਤਪਤੀ ਇੰਪੁੱਟ- ਜਵਾਬਦੇਹ,ਊਰਜਾ ਤੀਬਰ ਅਤੇ ਤਣਾਅ ਨੂੰ ਬਰਦਾਸ਼ਤ ਕਰਨ ਵਾਲਿਆਂ ਕਿਸਮਾਂ, ਵੱਧ ਖੇਤੀ- ਬਾਡੀ ਤੇ ਮਿਲੀ-ਜੁਲੀ ਫ਼ਸਲ ਪੌਸ਼ਟਿਕਤਾ ਅਤੇ ਸੁਰੱਖਿਆ ਨਾਲ ਕਿਨਹੈ I","ਫ਼ ਸ ਲ   ਉ ਤ ਪਾ ਦ ਨ   ਵਿ ੱ ਚ   ਵਾ ਧਾ   ,   ਹੋ ਰ   ਇ ਲ ਕਿ ਆ   ਨੂ ੰ   ਖੇ ਤੀ -   ਬਾ ਡੀ   ( ਪ ਈ   ਪ ਹੁ ੰ ਚ   ) ਅ ਤੇ   ਬਿ ਹ ਤ ਰ   ਫ਼ ਸ ਲ   ਪ੍ਰ ਬ ੰ ਧ   ( ਪ ੱ ਟੀ   ਪ ਹੁ ੰ ਚ )   ਤ ਕ ਨਾ ਲੋ ਜੀ ਆ ਂ   ਜਿ ਵੇ   ਕਿ   ਵ ੱ ਧ   ਉ ਤ ਪ ਤੀ   ਇ ੰ ਪੁ ੱ ਟ -   ਜ ਵਾ ਬ ਦੇ ਹ , ਊ ਰ ਜਾ   ਤੀ ਬ ਰ   ਅ ਤੇ   ਤ ਣਾ ਅ   ਨੂ ੰ   ਬ ਰ ਦਾ ਸ਼ ਤ   ਕ ਰ ਨ   ਵਾ ਲਿ ਆ ਂ   ਕਿ ਸ ਮਾਂ ,   ਵ ੱ ਧ   ਖੇ ਤੀ -   ਬਾ ਡੀ   ਤੇ   ਮਿ ਲੀ - ਜੁ ਲੀ   ਫ਼ ਸ ਲ   ਪੌ ਸ ਼ ਟਿ ਕ ਤਾ   ਅ ਤੇ   ਸੁ ਰ ੱ ਖਿ ਆ   ਨਾ ਲ   ਕਿ ਨ ਹੈ   I",151,45
ਗੀਅਰਸ਼ੀਫਟ ਲੀਵਰ ਨੂੰ ਦੋ ਅਗਲੀਆਂ ਸੀਟਾਂ ਦੇ ਵਿਚਕਾਰ ਸੈਂਟਰ ਕੰਸੋਲ 'ਤੇ ਮਾਊਂਟ ਕੀਤਾ ਜਾਂਦਾ ਹੈ,ਗੀ ਅ ਰ ਸ਼ੀ ਫ ਟ   ਲੀ ਵ ਰ   ਨੂ ੰ   ਦੋ   ਅ ਗ ਲੀ ਆ ਂ   ਸੀ ਟਾਂ   ਦੇ   ਵਿ ਚ ਕਾ ਰ   ਸੈਂ ਟ ਰ   ਕ ੰ ਸੋ ਲ   ' ਤੇ   ਮਾ ਊ ਂ ਟ   ਕੀ ਤਾ   ਜਾਂ ਦਾ   ਹੈ,42,15
ਪਰ ਇਸ ਬਦਲਾਵ ਨੂੰ ਉਦਯੋਗ ਵਿਗਿਆਨਤੇ ਟਿਕਣਾ ਗਲਤ ਹੋਵੇਗਾ I,ਪ ਰ   ਇ ਸ   ਬ ਦ ਲਾ ਵ   ਨੂ ੰ   ਉ ਦ ਯੋ ਗ   ਵਿ ਗਿ ਆ ਨ ਤੇ   ਟਿ ਕ ਣਾ   ਗ ਲ ਤ   ਹੋ ਵੇ ਗਾ   I,29,10
"ਇਹਨਾਂ ਸਾਰੇ ਮਾਪਦੰਡਾਂ ਲਈ ਸੂਚਕਾਂ ਨੂੰ ਜੋੜਦੇ ਹੋਏ, ਹਰੇਕ ਰਾਜ ਵਿੱਚ ਸਹੂਲਤਾਂ ਦੀ ਗੁਣਵੱਤਾ ਲਈ ਇੱਕ ਗੁਣਾਤਮਕ ਗਰੇਡ ਬਣਾਇਆ ਗਿਆ ਸੀ","ਇ ਹ ਨਾਂ   ਸਾ ਰੇ   ਮਾ ਪ ਦ ੰ ਡਾਂ   ਲ ਈ   ਸੂ ਚ ਕਾਂ   ਨੂ ੰ   ਜੋ ੜ ਦੇ   ਹੋ ਏ ,   ਹ ਰੇ ਕ   ਰਾ ਜ   ਵਿ ੱ ਚ   ਸ ਹੂ ਲ ਤਾਂ   ਦੀ   ਗੁ ਣ ਵ ੱ ਤਾ   ਲ ਈ   ਇ ੱ ਕ   ਗੁ ਣਾ ਤ ਮ ਕ   ਗ ਰੇ ਡ   ਬ ਣਾ ਇ ਆ   ਗਿ ਆ   ਸੀ",61,21
"ਇਹਨਾਂ ਕੈਲੀਪਰਾਂ ਦੀ ਵਰਤੋਂ ਲੰਬਾਈ, ਬਾਹਰ ਅਤੇ ਅੰਦਰਲੇ ਵਿਆਸ ਦੀ ਗਣਨਾ ਕਰਨ ਲਈ ਕੀਤੀ ਜਾ ਸਕਦੀ ਹੈ","ਇ ਹ ਨਾਂ   ਕੈ ਲੀ ਪ ਰਾਂ   ਦੀ   ਵ ਰ ਤੋਂ   ਲ ੰ ਬਾ ਈ ,   ਬਾ ਹ ਰ   ਅ ਤੇ   ਅ ੰ ਦ ਰ ਲੇ   ਵਿ ਆ ਸ   ਦੀ   ਗ ਣ ਨਾ   ਕ ਰ ਨ   ਲ ਈ   ਕੀ ਤੀ   ਜਾ   ਸ ਕ ਦੀ   ਹੈ",45,17
ਚਿਣਾਈ ਵਿੱਚ ਵਰਤੇ ਜਾਣ ਤੋਂ ਪਹਿਲਾਂ ਇੱਟਾਂ ਦੀ ਕਠੋਰਤਾ ਅਤੇ ਟਿਕਾਊਪਣ ਲਈ ਜਾਂਚ ਕੀਤੀ ਜਾਣੀ ਚਾਹੀਦੀ ਹੈ,ਚਿ ਣਾ ਈ   ਵਿ ੱ ਚ   ਵ ਰ ਤੇ   ਜਾ ਣ   ਤੋਂ   ਪ ਹਿ ਲਾਂ   ਇ ੱ ਟਾਂ   ਦੀ   ਕ ਠੋ ਰ ਤਾ   ਅ ਤੇ   ਟਿ ਕਾ ਊ ਪ ਣ   ਲ ਈ   ਜਾਂ ਚ   ਕੀ ਤੀ   ਜਾ ਣੀ   ਚਾ ਹੀ ਦੀ   ਹੈ,42,17
ਸੰਭਾਵਤ ਘੱਟ ਸਾਉਣੀ ਫਸਲ ਦੇ ਉਤਪਾਦਨ ਕਾਰਨ ਅਨਾਜ ਦੀ ਕੀਮਤ ਦਾ ਦਬਾਅ ਕਣਕ ਤੋਂ ਚੌਲਾਂ ਤੱਕ ਫੈਲ ਰਿਹਾ ਹੈ,ਸ ੰ ਭਾ ਵ ਤ   ਘ ੱ ਟ   ਸਾ ਉ ਣੀ   ਫ ਸ ਲ   ਦੇ   ਉ ਤ ਪਾ ਦ ਨ   ਕਾ ਰ ਨ   ਅ ਨਾ ਜ   ਦੀ   ਕੀ ਮ ਤ   ਦਾ   ਦ ਬਾ ਅ   ਕ ਣ ਕ   ਤੋਂ   ਚੌ ਲਾਂ   ਤ ੱ ਕ   ਫੈ ਲ   ਰਿ ਹਾ   ਹੈ,48,19
"ਭਾਰਤ ਸਰਕਾਰ ਅਤੇ ਹੋਰ ਹਿੱਸੇਦਾਰਾਂ ਦੁਆਰਾ ਕੀਤੀਆਂ ਗਈਆਂ ਸਰਗਰਮ ਪਹਿਲਕਦਮੀਆਂ ਦੇ ਕਾਰਨ, ਵਿਆਪਕ ਖਪਤਕਾਰਾਂ ਦੀ ਸਵਿਕ੍ਰਿਤੀ ਦੇ ਨਾਲ-ਨਾਲ ਆਯੁਰਵੇਦ ਦੀ ਪਹੁੰਚ ਵੱਧ ਗਈ ਹੈ","ਭਾ ਰ ਤ   ਸ ਰ ਕਾ ਰ   ਅ ਤੇ   ਹੋ ਰ   ਹਿ ੱ ਸੇ ਦਾ ਰਾਂ   ਦੁ ਆ ਰਾ   ਕੀ ਤੀ ਆ ਂ   ਗ ਈ ਆ ਂ   ਸ ਰ ਗ ਰ ਮ   ਪ ਹਿ ਲ ਕ ਦ ਮੀ ਆ ਂ   ਦੇ   ਕਾ ਰ ਨ ,   ਵਿ ਆ ਪ ਕ   ਖ ਪ ਤ ਕਾ ਰਾਂ   ਦੀ   ਸ ਵਿ ਕ੍ਰਿ ਤੀ   ਦੇ   ਨਾ ਲ - ਨਾ ਲ   ਆ ਯੁ ਰ ਵੇ ਦ   ਦੀ   ਪ ਹੁ ੰ ਚ   ਵ ੱ ਧ   ਗ ਈ   ਹੈ",81,24
"ਹੋਰ ਅੱਗੇ ਇਲਾਜ ਦੀ ਵਰਤੋਂ ਨੂੰ ਛੱਡ ਕੇ, ਰੇਡਿਓਸਕੋਪ ਨੂੰ ਇੱਕ ਨੋਣ-ਲਿਏਚਏਬਲ ਰੂਪ ਵਿੱਚ ਤਬਦੀਲ ਕਰ ਦਿਤਾ ਜਾਂਦਾ ਹੈ ਤਾਕਿ ਗਲਤੀ ਨਾਲ ਕੋਈ ਰੇਡਿਓਐਕਟਿਵਿਟੀ ਨਾ ਨਿਕਲ ਜੇ ਪ੍ਰਯੋਗ ਦੇ ਵੇਲੇ I","ਹੋ ਰ   ਅ ੱ ਗੇ   ਇ ਲਾ ਜ   ਦੀ   ਵ ਰ ਤੋਂ   ਨੂ ੰ   ਛ ੱ ਡ   ਕੇ ,   ਰੇ ਡਿ ਓ ਸ ਕੋ ਪ   ਨੂ ੰ   ਇ ੱ ਕ   ਨੋ ਣ - ਲਿ ਏ ਚ ਏ ਬ ਲ   ਰੂ ਪ   ਵਿ ੱ ਚ   ਤ ਬ ਦੀ ਲ   ਕ ਰ   ਦਿ ਤਾ   ਜਾਂ ਦਾ   ਹੈ   ਤਾ ਕਿ   ਗ ਲ ਤੀ   ਨਾ ਲ   ਕੋ ਈ   ਰੇ ਡਿ ਓ ਐ ਕ ਟਿ ਵਿ ਟੀ   ਨਾ   ਨਿ ਕ ਲ   ਜੇ   ਪ੍ਰ ਯੋ ਗ   ਦੇ   ਵੇ ਲੇ   I",84,31
ਇੱਕ ਰੇਡੀਓ ਆਈਸੋਟੋਪ ਦੀ ਵਰਤੋਂ ਸਭ ਤੋਂ ਪਹਿਲਾਂ ਇਸ ਨੂੰ ਰੇਡੀਓ-ਕੈਮੀਕਲ ਦੇ ਤੌਰ 'ਤੇ ਸ਼ੁੱਧ ਰੂਪ ਵਿੱਚ ਐਚ ਐਲ ਐਲ ਡਬਲੀਊ ਤੋਂ ਵੱਖ ਕੀਤਾ ਜਾਣਾ ਚਾਹੀਦਾ ਹੈ,ਇ ੱ ਕ   ਰੇ ਡੀ ਓ   ਆ ਈ ਸੋ ਟੋ ਪ   ਦੀ   ਵ ਰ ਤੋਂ   ਸ ਭ   ਤੋਂ   ਪ ਹਿ ਲਾਂ   ਇ ਸ   ਨੂ ੰ   ਰੇ ਡੀ ਓ - ਕੈ ਮੀ ਕ ਲ   ਦੇ   ਤੌ ਰ   ' ਤੇ   ਸ਼ੁ ੱ ਧ   ਰੂ ਪ   ਵਿ ੱ ਚ   ਐ ਚ   ਐ ਲ   ਐ ਲ   ਡ ਬ ਲੀ ਊ   ਤੋਂ   ਵ ੱ ਖ   ਕੀ ਤਾ   ਜਾ ਣਾ   ਚਾ ਹੀ ਦਾ   ਹੈ,68,27
"ਕ੍ਰੈਡਿਟ ਮੰਗ ਵਿੱਚ ਲੋੜੀਂਦੇ ਉਤਪਾਦਾਂ ਬਾਰੇ ਜਾਣਕਾਰੀ, ਸੰਭਾਵਿਤ ਵਿਕਰੇਤਾਵਾਂ ਦੇ ਵੇਰਵੇ, ਡਿਲੀਵਰੀ ਨਿਰਦੇਸ਼, ਲੇਖਾ ਵੇਰਵਾ, ਸੰਪਰਕ ਜਾਣਕਾਰੀ ਆਦਿ ਸ਼ਾਮਿਲ ਹਨ","ਕ੍ਰੈ ਡਿ ਟ   ਮ ੰ ਗ   ਵਿ ੱ ਚ   ਲੋ ੜ ੀ ਂ ਦੇ   ਉ ਤ ਪਾ ਦਾਂ   ਬਾ ਰੇ   ਜਾ ਣ ਕਾ ਰੀ ,   ਸ ੰ ਭਾ ਵਿ ਤ   ਵਿ ਕ ਰੇ ਤਾ ਵਾਂ   ਦੇ   ਵੇ ਰ ਵੇ ,   ਡਿ ਲੀ ਵ ਰੀ   ਨਿ ਰ ਦੇ ਸ਼ ,   ਲੇ ਖਾ   ਵੇ ਰ ਵਾ ,   ਸ ੰ ਪ ਰ ਕ   ਜਾ ਣ ਕਾ ਰੀ   ਆ ਦਿ   ਸ਼ਾ ਮਿ ਲ   ਹ ਨ",71,20
ਇੰਟਰਨੇਟ ਦੇ ਰਹੀ ਸਮਾਨ ਅਤੇ ਸੇਵਾਵਾਂ ਦੀ ਬਿਕਰੀ ਹੈ I,ਇ ੰ ਟ ਰ ਨੇ ਟ   ਦੇ   ਰ ਹੀ   ਸ ਮਾ ਨ   ਅ ਤੇ   ਸੇ ਵਾ ਵਾਂ   ਦੀ   ਬਿ ਕ ਰੀ   ਹੈ   I,23,10
"ਉੱਸੇ ਅਨੁਸਾਰ, ਇੱਕ ਰਿਪੋਰਟ ਦਰਜ ਕਰਵਾਈ ਗਈ ਅਤੇ ਓਹ ਗੁਜਰਾਤ ਵਿੱਚ ਅਧਿਕਾਰੀਆਂ ਵਿੱਚ ਭੇਜੀ ਗਈ ਸੀ I","ਉ ੱ ਸੇ   ਅ ਨੁ ਸਾ ਰ ,   ਇ ੱ ਕ   ਰਿ ਪੋ ਰ ਟ   ਦ ਰ ਜ   ਕ ਰ ਵਾ ਈ   ਗ ਈ   ਅ ਤੇ   ਓ ਹ   ਗੁ ਜ ਰਾ ਤ   ਵਿ ੱ ਚ   ਅ ਧਿ ਕਾ ਰੀ ਆ ਂ   ਵਿ ੱ ਚ   ਭੇ ਜੀ   ਗ ਈ   ਸੀ   I",50,17
"ਬਾਲ ਵਿਆਹ ਰੋਕਥਾਮ ਐਕਟ, 1978 ਦੇ ਅਨੁਸਾਰ, ਲੜਕੀਆਂ ਦੇ ਵਿਆਹ ਦੀ ਕਾਨੂੰਨੀ ਉਮਰ 18 ਸਾਲ ਹੈ ਅਤੇ ਮੁੰਡਿਆਂ ਦੀ 21 ਸਾਲ ਪਰ ਸਮਾਜਿਕ ਰੀਤ ਹੁਣ ਵੀ ਛੇਤੀ ਵਿਆਹ ਕਰਨ ਲਈ ਉਕਸਾਊਂਦੇ ਹਨ I","ਬਾ ਲ   ਵਿ ਆ ਹ   ਰੋ ਕ ਥਾ ਮ   ਐ ਕ ਟ ,   1 9 7 8   ਦੇ   ਅ ਨੁ ਸਾ ਰ ,   ਲ ੜ ਕੀ ਆ ਂ   ਦੇ   ਵਿ ਆ ਹ   ਦੀ   ਕਾ ਨੂ ੰ ਨੀ   ਉ ਮ ਰ   1 8   ਸਾ ਲ   ਹੈ   ਅ ਤੇ   ਮੁ ੰ ਡਿ ਆ ਂ   ਦੀ   2 1   ਸਾ ਲ   ਪ ਰ   ਸ ਮਾ ਜਿ ਕ   ਰੀ ਤ   ਹੁ ਣ   ਵੀ   ਛੇ ਤੀ   ਵਿ ਆ ਹ   ਕ ਰ ਨ   ਲ ਈ   ਉ ਕ ਸਾ ਊ ਂ ਦੇ   ਹ ਨ   I",87,33
ਪਰੰਤੂ ਬਿ,ਪ ਰ ੰ ਤੂ   ਬਿ,5,2
ਐਸ,ਐ ਸ,2,1
ਐਨ,ਐ ਨ,2,1
"ਐਲ ਕੋਲ ਕੋਈ ਕਾਨੂੰਨੀ,ਨਿਯੰਤਰਕ ਜਾਂ ਪੁਲਿਸ ਦੀ ਸ਼ਕਤੀਆਂ ਨਹੀਂ ਹਨ ਤਾਂ ਕਿ ਓਹ ਕਠੋਰ ਨਾਗਰਿਕ ਜਵਾਬਦਾਰੀ ਲਾਗੂ ਕਰੇ I","ਐ ਲ   ਕੋ ਲ   ਕੋ ਈ   ਕਾ ਨੂ ੰ ਨੀ , ਨਿ ਯ ੰ ਤ ਰ ਕ   ਜਾਂ   ਪੁ ਲਿ ਸ   ਦੀ   ਸ਼ ਕ ਤੀ ਆ ਂ   ਨ ਹੀਂ   ਹ ਨ   ਤਾਂ   ਕਿ   ਓ ਹ   ਕ ਠੋ ਰ   ਨਾ ਗ ਰਿ ਕ   ਜ ਵਾ ਬ ਦਾ ਰੀ   ਲਾ ਗੂ   ਕ ਰੇ   I",52,19
ਇਨ੍ਹਾਂ ਕਾਰਨਾ ਕਰਕੇ ਸਾਡਾ ਮੰਨਣਾ ਹੈ ਕਿ ਅਦਾਲਤ ਨੇ ਐਮ,ਇ ਨ੍ਹਾਂ   ਕਾ ਰ ਨਾ   ਕ ਰ ਕੇ   ਸਾ ਡਾ   ਮ ੰ ਨ ਣਾ   ਹੈ   ਕਿ   ਅ ਦਾ ਲ ਤ   ਨੇ   ਐ ਮ,23,10
ਐਸ ਕਵਾਲਿਟੀ ਆਇਸ ਕ੍ਰੀਮ ਤੇ ਬਿ,ਐ ਸ   ਕ ਵਾ ਲਿ ਟੀ   ਆ ਇ ਸ   ਕ੍ਰੀ ਮ   ਤੇ   ਬਿ,13,6
ਬਿ,ਬਿ,1,1
ਐਲ,ਐ ਲ,2,1
ਆਇ,ਆ ਇ,2,1
"ਐਲ ਦੇ ਨਤੀਜੇ ਕਿ ਓਹ ਦੋਨੋਂ ਵਿਅਕਤੀ ਸਬੰਧਿਤ ਨਹੀਂ ਹੈ, ਓਸ ਵਿੱਚ ਕੋਈ ਗਲਤੀ ਨਹੀਂ ਕਿਤੀ ਹੈ I","ਐ ਲ   ਦੇ   ਨ ਤੀ ਜੇ   ਕਿ   ਓ ਹ   ਦੋ ਨੋਂ   ਵਿ ਅ ਕ ਤੀ   ਸ ਬ ੰ ਧਿ ਤ   ਨ ਹੀਂ   ਹੈ ,   ਓ ਸ   ਵਿ ੱ ਚ   ਕੋ ਈ   ਗ ਲ ਤੀ   ਨ ਹੀਂ   ਕਿ ਤੀ   ਹੈ   I",40,18
ਇਨ੍ਹਾਂ ਦੋਨਾਂ ਦੇ ਵਿੱਚ ਦਾ ਲੈਣ-ਦੇਣ ਮੂਲਧਨ ਤੇ ਅਧਾਰਿਤ ਸੀ ਤੇ ਸਮਾਨ ਦੀ ਵਿਕਰੀ ਵਿੱਚ ਮੁੱਖ ਖਿਆਲ ਕਿਮਤ ਦਾ ਸੀ I,ਇ ਨ੍ਹਾਂ   ਦੋ ਨਾਂ   ਦੇ   ਵਿ ੱ ਚ   ਦਾ   ਲੈ ਣ - ਦੇ ਣ   ਮੂ ਲ ਧ ਨ   ਤੇ   ਅ ਧਾ ਰਿ ਤ   ਸੀ   ਤੇ   ਸ ਮਾ ਨ   ਦੀ   ਵਿ ਕ ਰੀ   ਵਿ ੱ ਚ   ਮੁ ੱ ਖ   ਖਿ ਆ ਲ   ਕਿ ਮ ਤ   ਦਾ   ਸੀ   I,47,21
ਇਸ ਤੋਂ ਬਾਅਦ ਇਹ ਪੇਸ਼ ਕਿਤਾ ਜਾਂਦਾ ਹੈ ਕਿ ਰਾਜ ਦੇ ਸਭਾ ਚੁਣਾਵ 11,ਇ ਸ   ਤੋਂ   ਬਾ ਅ ਦ   ਇ ਹ   ਪੇ ਸ ਼   ਕਿ ਤਾ   ਜਾਂ ਦਾ   ਹੈ   ਕਿ   ਰਾ ਜ   ਦੇ   ਸ ਭਾ   ਚੁ ਣਾ ਵ   1 1,27,14
04,0 4,2,1
2019 ਨੂੰ ਹੋਏ ਸਨ ਅਤੇ ਸ਼੍ਰੀ ਵਾਇ,2 0 1 9   ਨੂ ੰ   ਹੋ ਏ   ਸ ਨ   ਅ ਤੇ   ਸ਼੍ਰੀ   ਵਾ ਇ,15,7
ਜਗਨਮੋਹਨ ਰੈਡੀ ਮੁੱਖ ਮੰਤਰੀ ਬਣੇ ਅਤੇ 30,ਜ ਗ ਨ ਮੋ ਹ ਨ   ਰੈ ਡੀ   ਮੁ ੱ ਖ   ਮ ੰ ਤ ਰੀ   ਬ ਣੇ   ਅ ਤੇ   3 0,21,7
05,0 5,2,1
2019 ਨੂੰ ਸ਼ਪਥ ਲਈ I,2 0 1 9   ਨੂ ੰ   ਸ਼ ਪ ਥ   ਲ ਈ   I,12,5
ਰਮੇਸ਼ ਕੁਮਾਰੀ ਦੇ ਕੇਸ(ਸੂਪਰਾ) ਵਿੱਚ ਵਿਅਕਤ ਕਿਤੇ ਗਏ ਵਿਚਾਰ ਮੁੜ੍ਹ ਫਿਰ ਲੱਲਣ ਚੋਧਰੀ ਅਤੇ ਓਰਸ,ਰ ਮੇ ਸ਼   ਕੁ ਮਾ ਰੀ   ਦੇ   ਕੇ ਸ ( ਸੂ ਪ ਰਾ )   ਵਿ ੱ ਚ   ਵਿ ਅ ਕ ਤ   ਕਿ ਤੇ   ਗ ਏ   ਵਿ ਚਾ ਰ   ਮੁ ੜ ੍ ਹ   ਫਿ ਰ   ਲ ੱ ਲ ਣ   ਚੋ ਧ ਰੀ   ਅ ਤੇ   ਓ ਰ ਸ,46,15
ਵ,ਵ,1,1
ਬਿਹਰ ਰਾਜ (AIR 2006 SC 3376) ਵਿੱਚ ਦੁਹਰਾਇਆ ਗਿਆ I,ਬਿ ਹ ਰ   ਰਾ ਜ   ( A I R   2 0 0 6   S C   3 3 7 6 )   ਵਿ ੱ ਚ   ਦੁ ਹ ਰਾ ਇ ਆ   ਗਿ ਆ   I,31,10
ਇਨ੍ਹਾਂ ਰਿਪੋਰਟਾਂ ਦੇ ਅਧਾਰ ਤੇ ਬਿ,ਇ ਨ੍ਹਾਂ   ਰਿ ਪੋ ਰ ਟਾਂ   ਦੇ   ਅ ਧਾ ਰ   ਤੇ   ਬਿ,12,6
ਐਸ,ਐ ਸ,2,1
ਐਨ,ਐ ਨ,2,1
ਲ ਨੇ ਆਪਣੀ ਪੁੱਛ- ਤੱਛ ਕਿਤੀ ਲੋਕਲ ਸਿ,ਲ   ਨੇ   ਆ ਪ ਣੀ   ਪੁ ੱ ਛ -   ਤ ੱ ਛ   ਕਿ ਤੀ   ਲੋ ਕ ਲ   ਸਿ,18,8
ਲ,ਲ,1,1
"ਆਇ ਦੇ ਨੰਬਰ ਤੇ ਗੱਲ ਕਰ ਕੇ , 0281-3041000 I","ਆ ਇ   ਦੇ   ਨ ੰ ਬ ਰ   ਤੇ   ਗ ੱ ਲ   ਕ ਰ   ਕੇ   ,   0 2 8 1 - 3 0 4 1 0 0 0   I",28,10
ਓਨ੍ਹਾਂ ਨੂੰ ਐਫ,ਓ ਨ੍ਹਾਂ   ਨੂ ੰ   ਐ ਫ,6,3
ਆਈ,ਆ ਈ,2,1
ਆਰ ਦਰਜ਼ ਕਰਾਣਾ ਅਜੇ ਬਾਕੀ ਹੈ I,ਆ ਰ   ਦ ਰ ਜ਼   ਕ ਰਾ ਣਾ   ਅ ਜੇ   ਬਾ ਕੀ   ਹੈ   I,14,7
ਇਸ ਗੱਲ ਦਾ ਫ਼ਾਈਦਾ ਨਹੀਂ ਹੈ ਜੇਕਰ ਵਰਤੋਂ ਤੇ ਕਾਰੋਬਾਰ ਦਾ ਹਰਜਾਨਾ ਮਾਲਿਕ ਨੇ ਉਲੰਘਣਾ ਕਰਨ ਵਾਲੇ ਤੋਂ ਲਏ ਹੈ ਜਾਂ ਨਹੀਂ I,ਇ ਸ   ਗ ੱ ਲ   ਦਾ   ਫ਼ ਾ ਈ ਦਾ   ਨ ਹੀਂ   ਹੈ   ਜੇ ਕ ਰ   ਵ ਰ ਤੋਂ   ਤੇ   ਕਾ ਰੋ ਬਾ ਰ   ਦਾ   ਹ ਰ ਜਾ ਨਾ   ਮਾ ਲਿ ਕ   ਨੇ   ਉ ਲ ੰ ਘ ਣਾ   ਕ ਰ ਨ   ਵਾ ਲੇ   ਤੋਂ   ਲ ਏ   ਹੈ   ਜਾਂ   ਨ ਹੀਂ   I,51,23
ਓਹ ਬਿ,ਓ ਹ   ਬਿ,3,2
ਬਿ,ਬਿ,1,1
ਐਲ,ਐ ਲ,2,1
ਆਇ,ਆ ਇ,2,1
"ਐਲ ਨਾਲ ਮਾਰਚ 21,1997 ਤੱਕ ਇੱਕ ਕਰਾਰਨਾਮਾ ਵਿੱਚ ਆਈਆ ਹੈ I","ਐ ਲ   ਨਾ ਲ   ਮਾ ਰ ਚ   2 1 , 1 9 9 7   ਤ ੱ ਕ   ਇ ੱ ਕ   ਕ ਰਾ ਰ ਨਾ ਮਾ   ਵਿ ੱ ਚ   ਆ ਈ ਆ   ਹੈ   I",33,11
"ਬਾਅਦ ਵਿੱਚ 22 ਮਾਰਚ, 1997 ਤੋਂ ਇੱਕ ਸਮਝੌਤਾ ਮੈੱਸਅਜ਼ ਐਚ","ਬਾ ਅ ਦ   ਵਿ ੱ ਚ   2 2   ਮਾ ਰ ਚ ,   1 9 9 7   ਤੋਂ   ਇ ੱ ਕ   ਸ ਮ ਝੌ ਤਾ   ਮੈ ੱ ਸ ਅ ਜ਼   ਐ ਚ",31,10
ਐਲ,ਐ ਲ,2,1
ਐਲ ਨਾਲ ਸ਼ੁਰੂ ਹੋ ਗਿਆ I,ਐ ਲ   ਨਾ ਲ   ਸ਼ੁ ਰੂ   ਹੋ   ਗਿ ਆ   I,10,6
ਇਹ ਮਨਿਆ ਜਾਂਦਾ ਹੈ ਕਿ ਗੁਜਰਾਤ ਰਾਜ ਦੇ ਵਿੱਚ ਅਧਿਕਾਰੀਆ ਦੀ ਪੱਖਪਾਤੀ ਢਗ ਰਿੱਟ ਵਡਾ ਹੈ ਜੋ ਕਿ ਸਾਫ ਪਤਾ ਚਲਦਾ ਹੈ ਕਾਉਂਟਰ ਹਲਫ਼ਨਾਮਾ ਦੀ ਇੱਕ ਛਲਕ ਤੋਂ ਪਤਾ ਚਲਦਾ ਹੈ I,ਇ ਹ   ਮ ਨਿ ਆ   ਜਾਂ ਦਾ   ਹੈ   ਕਿ   ਗੁ ਜ ਰਾ ਤ   ਰਾ ਜ   ਦੇ   ਵਿ ੱ ਚ   ਅ ਧਿ ਕਾ ਰੀ ਆ   ਦੀ   ਪ ੱ ਖ ਪਾ ਤੀ   ਢ ਗ   ਰਿ ੱ ਟ   ਵ ਡਾ   ਹੈ   ਜੋ   ਕਿ   ਸਾ ਫ   ਪ ਤਾ   ਚ ਲ ਦਾ   ਹੈ   ਕਾ ਉ ਂ ਟ ਰ   ਹ ਲ ਫ਼ ਨਾ ਮਾ   ਦੀ   ਇ ੱ ਕ   ਛ ਲ ਕ   ਤੋਂ   ਪ ਤਾ   ਚ ਲ ਦਾ   ਹੈ   I,73,32
ਜਿ,ਜਿ,1,1
ਪਿ,ਪਿ,1,1
ਐਲ ਦਾ ਮੁੱਖ ਪ੍ਰਯੋਗ ਹੈ ਕਿ ਓਹ ਸੋਫਟਵੇਅਰ ਨੂੰ ਨਾਗਰਿਕ ਲਸੰਸ ਪ੍ਰਦਾਨ ਕਰੇ I,ਐ ਲ   ਦਾ   ਮੁ ੱ ਖ   ਪ੍ਰ ਯੋ ਗ   ਹੈ   ਕਿ   ਓ ਹ   ਸੋ ਫ ਟ ਵੇ ਅ ਰ   ਨੂ ੰ   ਨਾ ਗ ਰਿ ਕ   ਲ ਸ ੰ ਸ   ਪ੍ਰ ਦਾ ਨ   ਕ ਰੇ   I,35,14
ਓਹ ਆਪਣੇ ਸਾਰੇ ਉਤਪਾਦਨਾਂ ਦੀ ਵਿਕਰੀ ਲਈ ਬਿ,ਓ ਹ   ਆ ਪ ਣੇ   ਸਾ ਰੇ   ਉ ਤ ਪਾ ਦ ਨਾਂ   ਦੀ   ਵਿ ਕ ਰੀ   ਲ ਈ   ਬਿ,19,8
ਬਿ,ਬਿ,1,1
ਐਲ,ਐ ਲ,2,1
ਆਇ,ਆ ਇ,2,1
ਐਲ ਨਾਲ ਇੱਕ ਕਰਾਰਨਾਮੇ ਵਿੱਚ ਆ ਗਏ ਜੋ ਕਿ ਬਾਅਦ ਵਿੱਚ ਐਚ,ਐ ਲ   ਨਾ ਲ   ਇ ੱ ਕ   ਕ ਰਾ ਰ ਨਾ ਮੇ   ਵਿ ੱ ਚ   ਆ   ਗ ਏ   ਜੋ   ਕਿ   ਬਾ ਅ ਦ   ਵਿ ੱ ਚ   ਐ ਚ,28,12
ਐਲ,ਐ ਲ,2,1
ਐਲ ਨਾਲ ਲੈਣ-ਦੈਣ ਦੇ ਉਦੇਸ਼ ਨਾਲ ਮਿਲ ਗਏ I,ਐ ਲ   ਨਾ ਲ   ਲੈ ਣ - ਦੈ ਣ   ਦੇ   ਉ ਦੇ ਸ਼   ਨਾ ਲ   ਮਿ ਲ   ਗ ਏ   I,20,9
"ਕਵਾਲੀਟੀ ਆਇਸ ਕ੍ਰੀਮ (ਪ੍ਰਤਿਵਾਦੀ-ਨਿਰਧਾਰਤ) ਤਾਲਿਕਾ ਕੇਂਦਰੀ ਆਬਕਾਰੀ ਤਾਰ ਐਕਟ, 1985 (ਜਾਂ ਫਿਰ ਸਿਰਫ਼ ਐਕਟ) ਦੇ ਤਹਿਤ ਆਇਸ ਕ੍ਰੀਮ ਦੀ ਮੈਨੁਫੈਕਚਰ ਵਿੱਚ ਲੱਗੇ ਹੋਏ ਹਨ I","ਕ ਵਾ ਲੀ ਟੀ   ਆ ਇ ਸ   ਕ੍ਰੀ ਮ   ( ਪ੍ਰ ਤਿ ਵਾ ਦੀ - ਨਿ ਰ ਧਾ ਰ ਤ )   ਤਾ ਲਿ ਕਾ   ਕੇਂ ਦ ਰੀ   ਆ ਬ ਕਾ ਰੀ   ਤਾ ਰ   ਐ ਕ ਟ ,   1 9 8 5   ( ਜਾਂ   ਫਿ ਰ   ਸਿ ਰ ਫ਼   ਐ ਕ ਟ )   ਦੇ   ਤ ਹਿ ਤ   ਆ ਇ ਸ   ਕ੍ਰੀ ਮ   ਦੀ   ਮੈ ਨੁ ਫੈ ਕ ਚ ਰ   ਵਿ ੱ ਚ   ਲ ੱ ਗੇ   ਹੋ ਏ   ਹ ਨ   I",79,25
ਇਸ ਲਘੂ ਅਧਿਵੇਸ਼ਨ ਤੇ ਜਿਹੜਾ ਮੁੱਖ ਪ੍ਰਸ਼ਨ ਚੁੱਕਿਆ ਗਿਆ ਸੀ ਓਹ ਸੰਘੀ ਵਿਧਾਨ ਸਭਾ ਦੀ ਬਨਾਵਟ ਬਾਰੇ ਸੀ I,ਇ ਸ   ਲ ਘੂ   ਅ ਧਿ ਵੇ ਸ਼ ਨ   ਤੇ   ਜਿ ਹ ੜ ਾ   ਮੁ ੱ ਖ   ਪ੍ਰ ਸ਼ ਨ   ਚੁ ੱ ਕਿ ਆ   ਗਿ ਆ   ਸੀ   ਓ ਹ   ਸ ੰ ਘੀ   ਵਿ ਧਾ ਨ   ਸ ਭਾ   ਦੀ   ਬ ਨਾ ਵ ਟ   ਬਾ ਰੇ   ਸੀ   I,46,19
"ਇਸ ਦੇ ਇਲਾਵਾ, ਵੱਡੇ ਤੇ ਗਿਆਨੀ ਵਕੀਲ ਨੇ ਪੇਸ਼ ਕਿਤਾ ਕਿ ਇਹ ਬਿ","ਇ ਸ   ਦੇ   ਇ ਲਾ ਵਾ ,   ਵ ੱ ਡੇ   ਤੇ   ਗਿ ਆ ਨੀ   ਵ ਕੀ ਲ   ਨੇ   ਪੇ ਸ ਼   ਕਿ ਤਾ   ਕਿ   ਇ ਹ   ਬਿ",27,13
ਐਸ,ਐ ਸ,2,1
ਐਨ,ਐ ਨ,2,1
ਐਲ ਲਈ ਤਕਨੀਕੀ ਤੋਰ ਤੇ ਛੇੜਛਾੜ ਕਰ ਕੇ ਨਾਮੁੰਕਣ ਹੋਵੇਗਾ ਕਿ ਓਹ ਕਿਸੇ ਗੱਲ-ਬਾਤ ਨੂੰ ਖੋਜ ਜਾਂ ਰੋਕ ਸਕਦੇ ਹਨ ਇੱਕ (ਢੱਕੇ ਹੋਏ) ਸਿ,ਐ ਲ   ਲ ਈ   ਤ ਕ ਨੀ ਕੀ   ਤੋ ਰ   ਤੇ   ਛੇ ੜ ਛਾ ੜ   ਕ ਰ   ਕੇ   ਨਾ ਮੁ ੰ ਕ ਣ   ਹੋ ਵੇ ਗਾ   ਕਿ   ਓ ਹ   ਕਿ ਸੇ   ਗ ੱ ਲ - ਬਾ ਤ   ਨੂ ੰ   ਖੋ ਜ   ਜਾਂ   ਰੋ ਕ   ਸ ਕ ਦੇ   ਹ ਨ   ਇ ੱ ਕ   ( ਢ ੱ ਕੇ   ਹੋ ਏ )   ਸਿ,60,24
ਐਲ,ਐ ਲ,2,1
ਆਇ ਦੇ ਵਰਤੋਂ ਨਾਲ I,ਆ ਇ   ਦੇ   ਵ ਰ ਤੋਂ   ਨਾ ਲ   I,9,5
"ਕਿਸੇ ਵੀ ਦਿਨ, ਇੱਕ ਪਿ","ਕਿ ਸੇ   ਵੀ   ਦਿ ਨ ,   ਇ ੱ ਕ   ਪਿ",10,5
ਓ,ਓ,1,1
ਆਇ ਬਿ,ਆ ਇ   ਬਿ,3,2
ਸ,ਸ,1,1
ਐਨ,ਐ ਨ,2,1
"ਐਲ ਦੀ ਕਰੋੜਾਂ ਦੇ ਮਿੰਟਾਂ ਦੀਆਂ ਕਾਲਾਂ ਨੂੰ ਸੰਭਾਲਦੇ ਹਨ, ਅਹਿਜੀ ਸਥਿਤੀ ਵਿੱਚ ਇਹ ਵਪਾਰਕ ਤੋਰ ਤੋਂ ਮੁਮਕਿਨ ਨਹੀਂ ਹੈ ਪਤਾ ਲਗਾਣਾ ਕਿ ਕਿਹੜੀ ਕਾਲ ਅਸਲੀ ਹੈ ਅਤੇ ਕਿਹੜੀ ਕਾਲ ਬਿਨਾਂ ਸਿ","ਐ ਲ   ਦੀ   ਕ ਰੋ ੜ ਾ ਂ   ਦੇ   ਮਿ ੰ ਟਾਂ   ਦੀ ਆ ਂ   ਕਾ ਲਾਂ   ਨੂ ੰ   ਸ ੰ ਭਾ ਲ ਦੇ   ਹ ਨ ,   ਅ ਹਿ ਜੀ   ਸ ਥਿ ਤੀ   ਵਿ ੱ ਚ   ਇ ਹ   ਵ ਪਾ ਰ ਕ   ਤੋ ਰ   ਤੋਂ   ਮੁ ਮ ਕਿ ਨ   ਨ ਹੀਂ   ਹੈ   ਪ ਤਾ   ਲ ਗਾ ਣਾ   ਕਿ   ਕਿ ਹ ੜ ੀ   ਕਾ ਲ   ਅ ਸ ਲੀ   ਹੈ   ਅ ਤੇ   ਕਿ ਹ ੜ ੀ   ਕਾ ਲ   ਬਿ ਨਾਂ   ਸਿ",79,32
ਲ,ਲ,1,1
ਆਇ ਦੇ ਹੈ ਜਾਂ ਜਿਸ ਨਾਲ ਛੇੜਛਾੜ ਕਿਤੀ ਗਈ ਹੈ I,ਆ ਇ   ਦੇ   ਹੈ   ਜਾਂ   ਜਿ ਸ   ਨਾ ਲ   ਛੇ ੜ ਛਾ ੜ   ਕਿ ਤੀ   ਗ ਈ   ਹੈ   I,19,11
ਖੰਡ 6,ਖ ੰ ਡ   6,4,2
4,4,1,1
"6 ਦੀ ਵਿਆਖਿਆ ਕਰਦੇ ਹੋਏ ਵਿਦਵਾਨ ਵਕੀਲ ਨੇ ਪੇਸ਼ ਕੀਤਾ ਕਿ ਉਕਤ ਧਾਰਾ ਵਿੱਚ ਭਾਰੀ ਜੁਰਮਾਨਾ ਹੈ, ਉਕਤ ਧਾਰਾ ਆਪਰੇਟਰ ਦੇ ਕੀਤੇ ਨੁਕਸਾਨ ਕਾਰਨ ਹੋਣ ਵਾਲੀਆਂ ਕਾਲਾਂ ਦੇ ਟੈਪਇੰਗ ਜਾਂ ਗਲਤ ਰੂਟਿੰਗ ਦੇ ਮਾਮਲਿਆਂ 'ਤੇ ਕੇਂਦਰਿਤ ਹੈ ਅਤੇ ਇਹ ਕਿਸੇ ਹੋਰ ਕਾਰਨ 'ਤੇ ਲਾਗੂ ਨਹੀਂ ਹੁੰਦਾ; ਇਸ ਵਰਤਮਾਨ ਮਾਮਲੇ ਵਿੱਚ ਜੋ ਸ਼ਿਕਾਇਤਾਂ ਕੀਤੀਆਂ ਹਨ , ਕਾਰਵਾਈਆਂ ਰਿਲਾਇੰਸ ਨੇ ਨਹੀਂ ਬਲਕਿ ਇੱਕ ਬੇਈਮਾਨ ਗਾਹਕ ਨੇ ਕੀਤੀਆਂ ਹਨ, ਇਸ ਲਈ ਖੰਡ 6","6   ਦੀ   ਵਿ ਆ ਖਿ ਆ   ਕ ਰ ਦੇ   ਹੋ ਏ   ਵਿ ਦ ਵਾ ਨ   ਵ ਕੀ ਲ   ਨੇ   ਪੇ ਸ਼   ਕੀ ਤਾ   ਕਿ   ਉ ਕ ਤ   ਧਾ ਰਾ   ਵਿ ੱ ਚ   ਭਾ ਰੀ   ਜੁ ਰ ਮਾ ਨਾ   ਹੈ ,   ਉ ਕ ਤ   ਧਾ ਰਾ   ਆ ਪ ਰੇ ਟ ਰ   ਦੇ   ਕੀ ਤੇ   ਨੁ ਕ ਸਾ ਨ   ਕਾ ਰ ਨ   ਹੋ ਣ   ਵਾ ਲੀ ਆ ਂ   ਕਾ ਲਾਂ   ਦੇ   ਟੈ ਪ ਇ ੰ ਗ   ਜਾਂ   ਗ ਲ ਤ   ਰੂ ਟਿ ੰ ਗ   ਦੇ   ਮਾ ਮ ਲਿ ਆ ਂ   ' ਤੇ   ਕੇਂ ਦ ਰਿ ਤ   ਹੈ   ਅ ਤੇ   ਇ ਹ   ਕਿ ਸੇ   ਹੋ ਰ   ਕਾ ਰ ਨ   ' ਤੇ   ਲਾ ਗੂ   ਨ ਹੀਂ   ਹੁ ੰ ਦਾ ;   ਇ ਸ   ਵ ਰ ਤ ਮਾ ਨ   ਮਾ ਮ ਲੇ   ਵਿ ੱ ਚ   ਜੋ   ਸ਼ਿ ਕਾ ਇ ਤਾਂ   ਕੀ ਤੀ ਆ ਂ   ਹ ਨ   ,   ਕਾ ਰ ਵਾ ਈ ਆ ਂ   ਰਿ ਲਾ ਇ ੰ ਸ   ਨੇ   ਨ ਹੀਂ   ਬ ਲ ਕਿ   ਇ ੱ ਕ   ਬੇ ਈ ਮਾ ਨ   ਗਾ ਹ ਕ   ਨੇ   ਕੀ ਤੀ ਆ ਂ   ਹ ਨ ,   ਇ ਸ   ਲ ਈ   ਖ ੰ ਡ   6",184,70
4,4,1,1
6 ਲਾਗੂ ਨਹੀਂ ਹੋ ਸਕਦਾ,6   ਲਾ ਗੂ   ਨ ਹੀਂ   ਹੋ   ਸ ਕ ਦਾ,9,5
ਕੁੱਛ ਰੈਨਸਮਵੇਅਰ ਇਮੇਲ ਦੇ ਨਾਲ ਸਪੈਮ ਇਮੇਲ ਦੇ ਤੋਰ ਤੇ ਭੇਜੇ ਜਾਂਦੇ ਹਨ I,ਕੁ ੱ ਛ   ਰੈ ਨ ਸ ਮ ਵੇ ਅ ਰ   ਇ ਮੇ ਲ   ਦੇ   ਨਾ ਲ   ਸ ਪੈ ਮ   ਇ ਮੇ ਲ   ਦੇ   ਤੋ ਰ   ਤੇ   ਭੇ ਜੇ   ਜਾਂ ਦੇ   ਹ ਨ   I,33,14
ਇਹ ਇਸ ਲਈ ਹੈ ਕਿਉਂਕਿ ਇਕਰਾਰਨਾਮਾ ਐਕਟ ਕੋਈ ਇੱਕ ਪਾਰਟੀ( ਬਿ,ਇ ਹ   ਇ ਸ   ਲ ਈ   ਹੈ   ਕਿ ਉ ਂ ਕਿ   ਇ ਕ ਰਾ ਰ ਨਾ ਮਾ   ਐ ਕ ਟ   ਕੋ ਈ   ਇ ੱ ਕ   ਪਾ ਰ ਟੀ (   ਬਿ,30,11
ਐਸ,ਐ ਸ,2,1
ਐਨ,ਐ ਨ,2,1
ਐਲ) ਤੋਂ ਮਿਲੀ ਰਕਮ ਨੂੰ ਦੂਜੀ ਠੇਕੇਦਾਰੀ ਪਾਰਟੀ (ਰਿਲਾਐਨਸ) ਨੂੰ ਮੰਨ ਕੇ ਨਹੀਂ ਚੱਲਦਾ I,ਐ ਲ )   ਤੋਂ   ਮਿ ਲੀ   ਰ ਕ ਮ   ਨੂ ੰ   ਦੂ ਜੀ   ਠੇ ਕੇ ਦਾ ਰੀ   ਪਾ ਰ ਟੀ   ( ਰਿ ਲਾ ਐ ਨ ਸ )   ਨੂ ੰ   ਮ ੰ ਨ   ਕੇ   ਨ ਹੀਂ   ਚ ੱ ਲ ਦਾ   I,40,15
ਜਾਚਕ ਨੇ ਕਿਹਾ ਹੈ ਕਿ ਉਸ ਨੇ ਬੰਬਈ ਪੁਲਿਸ ਨਾਲ ਜਾਂਚ ਵਿੱਚ ਪੂਰਾ ਸਾਥ ਨਿਭਾਈਆ ਹੈ ਪਰ ਉਸ ਨੂੰ ਕੋਈ ਇਤਰਾਜ਼ ਨਹੀਂ ਹੋਵੇਗਾ ਜੇਕਰ ਪੜਤਾਲ ਸਿ,ਜਾ ਚ ਕ   ਨੇ   ਕਿ ਹਾ   ਹੈ   ਕਿ   ਉ ਸ   ਨੇ   ਬ ੰ ਬ ਈ   ਪੁ ਲਿ ਸ   ਨਾ ਲ   ਜਾਂ ਚ   ਵਿ ੱ ਚ   ਪੂ ਰਾ   ਸਾ ਥ   ਨਿ ਭਾ ਈ ਆ   ਹੈ   ਪ ਰ   ਉ ਸ   ਨੂ ੰ   ਕੋ ਈ   ਇ ਤ ਰਾ ਜ਼   ਨ ਹੀਂ   ਹੋ ਵੇ ਗਾ   ਜੇ ਕ ਰ   ਪ ੜ ਤਾ ਲ   ਸਿ,59,26
ਬਿ,ਬਿ,1,1
ਈ ਕਰਦੀ ਹੈ I,ਈ   ਕ ਰ ਦੀ   ਹੈ   I,6,4
ਪਬਲਿਕ ਲਾਇਸੇਂਸ ਦੀ ਦੋ ਪ੍ਰਸਿੱਧ ਸ਼੍ਰੇਣੀਆਂ ਹਨ ਜਨਰਲ ਪਬਲਿਕ ਲਾਇਸੇਂਸ (ਜ,ਪ ਬ ਲਿ ਕ   ਲਾ ਇ ਸੇਂ ਸ   ਦੀ   ਦੋ   ਪ੍ਰ ਸਿ ੱ ਧ   ਸ ਼ ੍ ਰੇ ਣੀ ਆ ਂ   ਹ ਨ   ਜ ਨ ਰ ਲ   ਪ ਬ ਲਿ ਕ   ਲਾ ਇ ਸੇਂ ਸ   ( ਜ,37,11
ਪਿ,ਪਿ,1,1
ਐਲ) ਅਤੇ ਕ੍ਰਿਏਟਿਵ ਕੋੱਮੋਨਸ (ਸਿ,ਐ ਲ )   ਅ ਤੇ   ਕ੍ਰਿ ਏ ਟਿ ਵ   ਕੋ ੱ ਮੋ ਨ ਸ   ( ਸਿ,16,5
ਸਿ) I,ਸਿ )   I,3,2
ਇਸ ਕੇਸ ਵਿੱਚ ਐਨ,ਇ ਸ   ਕੇ ਸ   ਵਿ ੱ ਚ   ਐ ਨ,9,4
ਜਿ,ਜਿ,1,1
ਟੀ ਨੇ ਆਪਣਾ ਅਦਾਲਤੀ ਇਖਤਿਆਰ ਛੱਡ ਕੇ ਪ੍ਰਬੰਧਕੀ ਸਮਿਤੀ ਨੂੰ ਸਾਰੇ ਅਦਾਲਤੀ ਕੰਮ ਸੋੱਪ ਦਿਤੇ ਹਨ I,ਟੀ   ਨੇ   ਆ ਪ ਣਾ   ਅ ਦਾ ਲ ਤੀ   ਇ ਖ ਤਿ ਆ ਰ   ਛ ੱ ਡ   ਕੇ   ਪ੍ਰ ਬ ੰ ਧ ਕੀ   ਸ ਮਿ ਤੀ   ਨੂ ੰ   ਸਾ ਰੇ   ਅ ਦਾ ਲ ਤੀ   ਕ ੰ ਮ   ਸੋ ੱ ਪ   ਦਿ ਤੇ   ਹ ਨ   I,45,17
"ਉਸ ਨੇ ਇੱਕ ਦਲੀਲ ਦੀ ਅਰਜ਼ੀ ਭਰੀ ਕਿ ਵਿਸ਼ੇ ਦਾ ਕਮਰਾ 1971 ਐਕਟ ਦੇ ਤਹਿਥ ਝੁੱਗੀ-ਝੌਂਪ ਵਿੱਚ ਸਥਿਤ ਹੈ ਅਤੇ ਪਹਿਲੇ ਜਵਾਬਦੇਹ ਵਜੋਂ ਭਰਿਆ ਹੋਈਆਂ ਮੁਕੱਦਮਾ , ਐਕਟ 22(1)(a) ਦੇ ਤਹਿਥ ਪ੍ਰਤਿਬੰਧ ਸਮਰੱਥ ਅਧਿਕਾਰੀ ਦੀ ਲਿੱਖਿਤ ਆਗਿਆ ਦੇ ਬਿਨਾਂ ਪਰੰਬਧਨ ਨਹੀਂ ਹੈ I","ਉ ਸ   ਨੇ   ਇ ੱ ਕ   ਦ ਲੀ ਲ   ਦੀ   ਅ ਰ ਜ਼ ੀ   ਭ ਰੀ   ਕਿ   ਵਿ ਸ਼ੇ   ਦਾ   ਕ ਮ ਰਾ   1 9 7 1   ਐ ਕ ਟ   ਦੇ   ਤ ਹਿ ਥ   ਝੁ ੱ ਗੀ - ਝੌਂ ਪ   ਵਿ ੱ ਚ   ਸ ਥਿ ਤ   ਹੈ   ਅ ਤੇ   ਪ ਹਿ ਲੇ   ਜ ਵਾ ਬ ਦੇ ਹ   ਵ ਜੋਂ   ਭ ਰਿ ਆ   ਹੋ ਈ ਆ ਂ   ਮੁ ਕ ੱ ਦ ਮਾ   ,   ਐ ਕ ਟ   2 2 ( 1 ) ( a )   ਦੇ   ਤ ਹਿ ਥ   ਪ੍ਰ ਤਿ ਬ ੰ ਧ   ਸ ਮ ਰ ੱ ਥ   ਅ ਧਿ ਕਾ ਰੀ   ਦੀ   ਲਿ ੱ ਖਿ ਤ   ਆ ਗਿ ਆ   ਦੇ   ਬਿ ਨਾਂ   ਪ ਰ ੰ ਬ ਧ ਨ   ਨ ਹੀਂ   ਹੈ   I",122,43
"ਜਿਵੇ ਕਿ ਆੱਲ ਇੰਡੀਆ ਮੇਡਿਕਲ ਸਾਇਂਸ ਸੰਸਥਾ ਤੇ ਗੰਗਾਧਰ ਕੈਸ ਵਿੱਚ ਕਿਹਾ ਗਿਆ , ਇਲਾਜ ਓਦਾ ਹੀ ਹੈ ਜਿਵੇ ਕਿ ਜੱਜ ਦੇ ਸਮਣੇ ਸ਼ਿਕਾਇਤ ਵਿੱਚ ਦਰਜ ਕਿਤਾ ਸੀ I","ਜਿ ਵੇ   ਕਿ   ਆ ੱ ਲ   ਇ ੰ ਡੀ ਆ   ਮੇ ਡਿ ਕ ਲ   ਸਾ ਇ ਂ ਸ   ਸ ੰ ਸ ਥਾ   ਤੇ   ਗ ੰ ਗਾ ਧ ਰ   ਕੈ ਸ   ਵਿ ੱ ਚ   ਕਿ ਹਾ   ਗਿ ਆ   ,   ਇ ਲਾ ਜ   ਓ ਦਾ   ਹੀ   ਹੈ   ਜਿ ਵੇ   ਕਿ   ਜ ੱ ਜ   ਦੇ   ਸ ਮ ਣੇ   ਸ਼ਿ ਕਾ ਇ ਤ   ਵਿ ੱ ਚ   ਦ ਰ ਜ   ਕਿ ਤਾ   ਸੀ   I",69,29
"ਹਲਾਂਕਿ ਇਹ ਥੋੜਾ ਜਿਹਾ ਸੁਝਾਅ ਦਿੱਤਾ ਗਿਆ ਸੀ ਕਿ ਆਲ ਇੰਡੀਆ ਇੰਸਟੀਚਿਊਟ ਆਫ਼ ਮੈਡੀਕਲ ਸਾਇੰਸਿਜ਼ ਦੇ ਕੇਸ ਗੰਗਾਧਰ ਦੇ ਕੇਸ, ਹਰੀ ਸਿੰਘ ਦੇ ਕੇਸ, ਮੀਨੂ ਕੁਮਾਰੀ ਦੇ ਕੇਸ ਅਤੇ ਰਮੇਸ਼ ਕੁਮਾਰੀ ਦੇ ਕੇਸ ਵਿੱਚ ਵਿਚਾਰਾਂ ਦਾ ਟਕਰਾਅ ਸੀ, ਅਸੀਂ ਦੇਖਿਆ ਹੈ ਕਿ ਰਮੇਸ਼ ਕੁਮਾਰੀ ਦਾ ਮਾਮਲਾ ਪੁਲਿਸ ਦੇ ਸਾਹਮਣੇ ਅਪਰਾਧ ਨੂੰ ਸਾਫ ਤੌਰ 'ਤੇ ਪੇਸ਼ ਕਰਨ 'ਤੇ ਵੀ ਉਸ ਦੁਆਰਾ ਕੀਤੀ ਜਾਣ ਵਾਲੀ ਕਾਰਵਾਈ ਨਾਲ ਸੰਬੰਧਤ ਸੀ","ਹ ਲਾਂ ਕਿ   ਇ ਹ   ਥੋ ੜ ਾ   ਜਿ ਹਾ   ਸੁ ਝਾ ਅ   ਦਿ ੱ ਤਾ   ਗਿ ਆ   ਸੀ   ਕਿ   ਆ ਲ   ਇ ੰ ਡੀ ਆ   ਇ ੰ ਸ ਟੀ ਚਿ ਊ ਟ   ਆ ਫ਼   ਮੈ ਡੀ ਕ ਲ   ਸਾ ਇ ੰ ਸਿ ਜ਼   ਦੇ   ਕੇ ਸ   ਗ ੰ ਗਾ ਧ ਰ   ਦੇ   ਕੇ ਸ ,   ਹ ਰੀ   ਸਿ ੰ ਘ   ਦੇ   ਕੇ ਸ ,   ਮੀ ਨੂ   ਕੁ ਮਾ ਰੀ   ਦੇ   ਕੇ ਸ   ਅ ਤੇ   ਰ ਮੇ ਸ਼   ਕੁ ਮਾ ਰੀ   ਦੇ   ਕੇ ਸ   ਵਿ ੱ ਚ   ਵਿ ਚਾ ਰਾਂ   ਦਾ   ਟ ਕ ਰਾ ਅ   ਸੀ ,   ਅ ਸੀਂ   ਦੇ ਖਿ ਆ   ਹੈ   ਕਿ   ਰ ਮੇ ਸ਼   ਕੁ ਮਾ ਰੀ   ਦਾ   ਮਾ ਮ ਲਾ   ਪੁ ਲਿ ਸ   ਦੇ   ਸਾ ਹ ਮ ਣੇ   ਅ ਪ ਰਾ ਧ   ਨੂ ੰ   ਸਾ ਫ   ਤੌ ਰ   ' ਤੇ   ਪੇ ਸ਼   ਕ ਰ ਨ   ' ਤੇ   ਵੀ   ਉ ਸ   ਦੁ ਆ ਰਾ   ਕੀ ਤੀ   ਜਾ ਣ   ਵਾ ਲੀ   ਕਾ ਰ ਵਾ ਈ   ਨਾ ਲ   ਸ ੰ ਬ ੰ ਧ ਤ   ਸੀ",166,67
"ਜਦੋਂ ਪੁਲਿਸ ਭਾਗ 154 ਦੇ ਕਾਨੂੰਨੀ ਜ਼ਰੂਰਤਾਂ ਨੂੰ ਪੂਰਾ ਨਹੀਂ ਕਰਦੀ ਤਾਂ ਉਸ ਦਾ ਮਾਰਗ ਆੱਲ ਇੰਡੀਆ ਇੰਸਟੀਟਯੂਟ ਆਫ਼ ਮੈਡੀਕਲ ਸਾਇਨਜ਼ ਕੈਸ, ਗੰਗਾਧਰ ਕੈਸ, ਹਰੀ ਸਿੰਘ ਕੈਸ ਅਤੇ ਮੀਨੁ ਕੁਮਾਰੀ ਦੇ ਕੈਸ ਵਿੱਚ ਲਾਗੂ ਹੈ I","ਜ ਦੋਂ   ਪੁ ਲਿ ਸ   ਭਾ ਗ   1 5 4   ਦੇ   ਕਾ ਨੂ ੰ ਨੀ   ਜ਼ ਰੂ ਰ ਤਾਂ   ਨੂ ੰ   ਪੂ ਰਾ   ਨ ਹੀਂ   ਕ ਰ ਦੀ   ਤਾਂ   ਉ ਸ   ਦਾ   ਮਾ ਰ ਗ   ਆ ੱ ਲ   ਇ ੰ ਡੀ ਆ   ਇ ੰ ਸ ਟੀ ਟ ਯੂ ਟ   ਆ ਫ਼   ਮੈ ਡੀ ਕ ਲ   ਸਾ ਇ ਨ ਜ਼   ਕੈ ਸ ,   ਗ ੰ ਗਾ ਧ ਰ   ਕੈ ਸ ,   ਹ ਰੀ   ਸਿ ੰ ਘ   ਕੈ ਸ   ਅ ਤੇ   ਮੀ ਨੁ   ਕੁ ਮਾ ਰੀ   ਦੇ   ਕੈ ਸ   ਵਿ ੱ ਚ   ਲਾ ਗੂ   ਹੈ   I",94,36
ਇਸ ਲਈ ਇਹ ਫ਼ੈਸਲਾ ਭਾਰਤ ਦੀ ਮਾਹਿਰ ਸੰਸਥਾਵਾਂ ਤੇ ਛੱਡਿਆ ਗਿਆ ਸੀ I,ਇ ਸ   ਲ ਈ   ਇ ਹ   ਫ਼ ੈ ਸ ਲਾ   ਭਾ ਰ ਤ   ਦੀ   ਮਾ ਹਿ ਰ   ਸ ੰ ਸ ਥਾ ਵਾਂ   ਤੇ   ਛ ੱ ਡਿ ਆ   ਗਿ ਆ   ਸੀ   I,31,13
ਪਹਿਲੀ ਅਪੀਲੀ ਅਦਾਲਤ ਨੇ ਮੁੱਦੇ ਨੰ,ਪ ਹਿ ਲੀ   ਅ ਪੀ ਲੀ   ਅ ਦਾ ਲ ਤ   ਨੇ   ਮੁ ੱ ਦੇ   ਨ ੰ,16,6
1 ਅਤੇ 4 'ਤੇ ਹੇਠਲੀ ਅਦਾਲਤ ਦੀਆਂ ਖੋਜਾਂ ਨੂੰ ਉਲਟਾ ਦਿੱਤਾ ਅਤੇ ਕਿਹਾ ਕਿ ਪਹਿਲੇ ਉਤਰਦਾਤਾ ਦੁਆਰਾ ਦਾਇਰ ਕੀਤੇ 4 ਮੁਕੱਦਮਿਆਂ 'ਤੇ ਸਮਰੱਥ ਅਥਾਰਟੀ ਦੀ ਇਜਾਜ਼ਤ ਤੋਂ ਬਿਨ੍ਹਾਂ ਸੁਣਵਾਈ ਕੀਤੀ ਜਾ ਸਕਦੀ ਹੈ ਕਿਉਂਕਿ ਉਹ ਇੱਕ ਅਪਰਾਧੀ ਸੀ ਅਤੇ ਇੱਕ ਅਪਰਾਧੀ ਦੇ ਮਾਮਲੇ ਵਿੱਚ 1971 ਦੇ ਐਕਟ ਅਨੁਸਾਰ ਸਰਕਾਰੀ ਝੁੱਗੀ-ਝੋਪੜੀ ਵਾਲੇ ਇਲਾਕੇ ਵਿੱਚ ਕਬਜਾ ਕਰਨ ਦੇ ਮਾਮਲੇ ਵਿੱਚ ਸਮਰੱਥ ਅਥਾਰਟੀ ਦੀ ਇਜਾਜ਼ਤ ਜ਼ਰੂਰੀ ਨਹੀਂ ਹੈ,1   ਅ ਤੇ   4   ' ਤੇ   ਹੇ ਠ ਲੀ   ਅ ਦਾ ਲ ਤ   ਦੀ ਆ ਂ   ਖੋ ਜਾਂ   ਨੂ ੰ   ਉ ਲ ਟਾ   ਦਿ ੱ ਤਾ   ਅ ਤੇ   ਕਿ ਹਾ   ਕਿ   ਪ ਹਿ ਲੇ   ਉ ਤ ਰ ਦਾ ਤਾ   ਦੁ ਆ ਰਾ   ਦਾ ਇ ਰ   ਕੀ ਤੇ   4   ਮੁ ਕ ੱ ਦ ਮਿ ਆ ਂ   ' ਤੇ   ਸ ਮ ਰ ੱ ਥ   ਅ ਥਾ ਰ ਟੀ   ਦੀ   ਇ ਜਾ ਜ਼ ਤ   ਤੋਂ   ਬਿ ਨ੍ਹਾਂ   ਸੁ ਣ ਵਾ ਈ   ਕੀ ਤੀ   ਜਾ   ਸ ਕ ਦੀ   ਹੈ   ਕਿ ਉ ਂ ਕਿ   ਉ ਹ   ਇ ੱ ਕ   ਅ ਪ ਰਾ ਧੀ   ਸੀ   ਅ ਤੇ   ਇ ੱ ਕ   ਅ ਪ ਰਾ ਧੀ   ਦੇ   ਮਾ ਮ ਲੇ   ਵਿ ੱ ਚ   1 9 7 1   ਦੇ   ਐ ਕ ਟ   ਅ ਨੁ ਸਾ ਰ   ਸ ਰ ਕਾ ਰੀ   ਝੁ ੱ ਗੀ - ਝੋ ਪ ੜ ੀ   ਵਾ ਲੇ   ਇ ਲਾ ਕੇ   ਵਿ ੱ ਚ   ਕ ਬ ਜਾ   ਕ ਰ ਨ   ਦੇ   ਮਾ ਮ ਲੇ   ਵਿ ੱ ਚ   ਸ ਮ ਰ ੱ ਥ   ਅ ਥਾ ਰ ਟੀ   ਦੀ   ਇ ਜਾ ਜ਼ ਤ   ਜ਼ ਰੂ ਰੀ   ਨ ਹੀਂ   ਹੈ,180,65
"ਜਾਚਕ ਅਤੇ ਮ੍ਰਿਤ ਲਿਵ-ਇਨ ਸੰਬੰਧਾ ਵਿੱਚ ਸਨ ਪਰ ਮੌਤ ਦੇ ਕੁੱਛ ਦਿਨ ਪਹਿਲਾਂ, ਅਦਾਕਾਰ, 8","ਜਾ ਚ ਕ   ਅ ਤੇ   ਮ੍ਰਿ ਤ   ਲਿ ਵ - ਇ ਨ   ਸ ੰ ਬ ੰ ਧਾ   ਵਿ ੱ ਚ   ਸ ਨ   ਪ ਰ   ਮੌ ਤ   ਦੇ   ਕੁ ੱ ਛ   ਦਿ ਨ   ਪ ਹਿ ਲਾਂ ,   ਅ ਦਾ ਕਾ ਰ ,   8",42,15
6,6,1,1
2020 ਨੂੰ ਵਾਪਸ ਆਪਣੇ ਘਰ ਬੰਬਈ ਪਰਤ ਗਈ ਸੀ,2 0 2 0   ਨੂ ੰ   ਵਾ ਪ ਸ   ਆ ਪ ਣੇ   ਘ ਰ   ਬ ੰ ਬ ਈ   ਪ ਰ ਤ   ਗ ਈ   ਸੀ,24,9
ਇਹ ਕਾਰਵਾਈ ਦਾ ਮੁੱਦਾ ਸਿਰਫ਼ ਇਹ ਪਤਾ ਲਗਣਾ ਹੈ ਕਿ ਵਿਅਕਤੀ ਦੀ ਮੌਤ ਸ਼ੱਕੀ ਪਰਿਸਥਿਤੀਆਂ ਜਾਂ ਅਸੁਭਾਵਿਕ ਕਾਰਨਾ ਕਾਰਣ ਹੋਈ ਹੈ ਜਾਂ ਨਹੀਂ ਅਤੇ ਜੇਕਰ ਹੋਈ ਹੈ ਤਾਂ ਮੌਤ ਦਾ ਵਿਅਕਤ ਕਾਰਣ ਕਿ ਹੈ I,ਇ ਹ   ਕਾ ਰ ਵਾ ਈ   ਦਾ   ਮੁ ੱ ਦਾ   ਸਿ ਰ ਫ਼   ਇ ਹ   ਪ ਤਾ   ਲ ਗ ਣਾ   ਹੈ   ਕਿ   ਵਿ ਅ ਕ ਤੀ   ਦੀ   ਮੌ ਤ   ਸ਼ ੱ ਕੀ   ਪ ਰਿ ਸ ਥਿ ਤੀ ਆ ਂ   ਜਾਂ   ਅ ਸੁ ਭਾ ਵਿ ਕ   ਕਾ ਰ ਨਾ   ਕਾ ਰ ਣ   ਹੋ ਈ   ਹੈ   ਜਾਂ   ਨ ਹੀਂ   ਅ ਤੇ   ਜੇ ਕ ਰ   ਹੋ ਈ   ਹੈ   ਤਾਂ   ਮੌ ਤ   ਦਾ   ਵਿ ਅ ਕ ਤ   ਕਾ ਰ ਣ   ਕਿ   ਹੈ   I,79,35
"ਕੋਡ ਦੇ ਭਾਗ 174 ਦੇ ਤਹਿਤ ਇਹ ਜਾਣਕਾਰੀ ਕਿ ਮ੍ਰਿਤ ਤੇ ਕਿਦਾ ਹਮਲਾ ਕਿਤਾ ਗਿਆ, ਕਿਸਨੇ ਹਮਲਾ ਕਿਤਾ ਜਾਂ ਕਿਹੜੀਆਂ ਪਰਿਸਥਿਤੀਆਂ ਵਿੱਚ ਹਮਲਾ ਕਿਤਾ ਗਿਆ, ਇਹ ਸਭ ਭਾਗ ਦੇ ਦਾਇਰਾ ਅਤੇ ਸੀਮਾ ਤੋਂ ਬਾਹਰ ਹੈ I","ਕੋ ਡ   ਦੇ   ਭਾ ਗ   1 7 4   ਦੇ   ਤ ਹਿ ਤ   ਇ ਹ   ਜਾ ਣ ਕਾ ਰੀ   ਕਿ   ਮ੍ਰਿ ਤ   ਤੇ   ਕਿ ਦਾ   ਹ ਮ ਲਾ   ਕਿ ਤਾ   ਗਿ ਆ ,   ਕਿ ਸ ਨੇ   ਹ ਮ ਲਾ   ਕਿ ਤਾ   ਜਾਂ   ਕਿ ਹ ੜ ੀ ਆ ਂ   ਪ ਰਿ ਸ ਥਿ ਤੀ ਆ ਂ   ਵਿ ੱ ਚ   ਹ ਮ ਲਾ   ਕਿ ਤਾ   ਗਿ ਆ ,   ਇ ਹ   ਸ ਭ   ਭਾ ਗ   ਦੇ   ਦਾ ਇ ਰਾ   ਅ ਤੇ   ਸੀ ਮਾ   ਤੋਂ   ਬਾ ਹ ਰ   ਹੈ   I",85,36
"ਉਪ-ਧਾਰਾ (3) ਦੇ ਅਨੁਸਾਰ, ਅਜਿਹੀ ਅਰਜ਼ੀ ਪ੍ਰਾਪਤ ਹੋਣ 'ਤੇ, ਸਮਰੱਥ ਅਥਾਰਟੀ, ਲਿਖਤੀ ਰੂਪ ਵਿੱਚ ਆਦੇਸ਼ ਦੇ ਕੇ, ਦੋਵੇਂ ਧਿਰਾਂ ਨੂੰ ਸੁਣਨ ਦਾ ਮੌਕਾ ਦੇਣ ਤੋਂ ਬਾਅਦ, ਅਤੇ ਕੇਸ ਦੇ ਹਾਲਾਤਾਂ ਬਾਰੇ ਸੰਖੇਪ ਪੁੱਛ-ਗਿੱਛ ਕਰਨ ਤੋਂ ਬਾਅਦ ਜਾਂ ਤਾਂ ਅਜਿਹੀ ਇਜਾਜ਼ਤ ਦੇ ਸਕਦੀ ਹੈ ਜਾਂ ਇਨਕਾਰ ਕਰ ਸਕਦੀ ਹੈ, ਜਿਵੇਂ ਉਹ ਠੀਕ ਸਮਝਣ","ਉ ਪ - ਧਾ ਰਾ   ( 3 )   ਦੇ   ਅ ਨੁ ਸਾ ਰ ,   ਅ ਜਿ ਹੀ   ਅ ਰ ਜ਼ ੀ   ਪ੍ਰਾ ਪ ਤ   ਹੋ ਣ   ' ਤੇ ,   ਸ ਮ ਰ ੱ ਥ   ਅ ਥਾ ਰ ਟੀ ,   ਲਿ ਖ ਤੀ   ਰੂ ਪ   ਵਿ ੱ ਚ   ਆ ਦੇ ਸ਼   ਦੇ   ਕੇ ,   ਦੋ ਵੇਂ   ਧਿ ਰਾਂ   ਨੂ ੰ   ਸੁ ਣ ਨ   ਦਾ   ਮੌ ਕਾ   ਦੇ ਣ   ਤੋਂ   ਬਾ ਅ ਦ ,   ਅ ਤੇ   ਕੇ ਸ   ਦੇ   ਹਾ ਲਾ ਤਾਂ   ਬਾ ਰੇ   ਸ ੰ ਖੇ ਪ   ਪੁ ੱ ਛ - ਗਿ ੱ ਛ   ਕ ਰ ਨ   ਤੋਂ   ਬਾ ਅ ਦ   ਜਾਂ   ਤਾਂ   ਅ ਜਿ ਹੀ   ਇ ਜਾ ਜ਼ ਤ   ਦੇ   ਸ ਕ ਦੀ   ਹੈ   ਜਾਂ   ਇ ਨ ਕਾ ਰ   ਕ ਰ   ਸ ਕ ਦੀ   ਹੈ ,   ਜਿ ਵੇਂ   ਉ ਹ   ਠੀ ਕ   ਸ ਮ ਝ ਣ",136,52
ਸੈਕਸ਼ਨ 22 ਦਾ ਸਬ ਸੈਕਸ਼ਨ (2) ਇਹ ਮੰਗਦਾ ਹੈ ਕਿ ਜੋ ਬੰਦਾ ਸਮਰੱਥ ਅਥਾਰਟੀ ਨੂੰ ਲਿੱਖ ਰਿਹਾ ਹੈ ਓਹ ਇਜਾਜ਼ਤ ਲੈ ਕੇ ਲਿਖੇ I,ਸੈ ਕ ਸ਼ ਨ   2 2   ਦਾ   ਸ ਬ   ਸੈ ਕ ਸ਼ ਨ   ( 2 )   ਇ ਹ   ਮ ੰ ਗ ਦਾ   ਹੈ   ਕਿ   ਜੋ   ਬ ੰ ਦਾ   ਸ ਮ ਰ ੱ ਥ   ਅ ਥਾ ਰ ਟੀ   ਨੂ ੰ   ਲਿ ੱ ਖ   ਰਿ ਹਾ   ਹੈ   ਓ ਹ   ਇ ਜਾ ਜ਼ ਤ   ਲੈ   ਕੇ   ਲਿ ਖੇ   I,56,24
"ਵਪਾਰਨਿਸ਼ਾਨ ਵਿੱਚ ਦ੍ਰਿਸ਼ ਚਿੰਨ੍ਹ, ਸ਼ਬਦ,ਨਾਮ,ਬਨਾਵਟ,ਨਾਅਰੇ,ਲੇਬਲ ਆਦਿ ਆਉਂਦੇ ਹਨ ਜੋ ਕਿ ਇੱਕ ਬ੍ਰੈਨਡ ਜਾਂ ਵਪਾਰਿਕ ਉਦਯੋਗ ਨੂੰ ਹੋਰ ਬ੍ਰੈਨਡਾ ਜਾਂ ਵਪਾਰਿਕ ਉਦਯੋਗਾ ਤੋਂ ਅਲੱਗ ਕਰਦਾ ਹੈ I","ਵ ਪਾ ਰ ਨਿ ਸ਼ਾ ਨ   ਵਿ ੱ ਚ   ਦ੍ਰਿ ਸ਼   ਚਿ ੰ ਨ੍ਹ ,   ਸ਼ ਬ ਦ , ਨਾ ਮ , ਬ ਨਾ ਵ ਟ , ਨਾ ਅ ਰੇ , ਲੇ ਬ ਲ   ਆ ਦਿ   ਆ ਉ ਂ ਦੇ   ਹ ਨ   ਜੋ   ਕਿ   ਇ ੱ ਕ   ਬ੍ਰੈ ਨ ਡ   ਜਾਂ   ਵ ਪਾ ਰਿ ਕ   ਉ ਦ ਯੋ ਗ   ਨੂ ੰ   ਹੋ ਰ   ਬ੍ਰੈ ਨ ਡਾ   ਜਾਂ   ਵ ਪਾ ਰਿ ਕ   ਉ ਦ ਯੋ ਗਾ   ਤੋਂ   ਅ ਲ ੱ ਗ   ਕ ਰ ਦਾ   ਹੈ   I",85,26
ਜਦੋਂ ਵੀ ਪੁਲਿਸ ਨੂੰ ਕੋਈ ਕਥਿਤ ਕਮੀਸ਼ਨ ਬਾਰੇ ਜਾਣਕਾਰੀ ਮਿਲਦੀ ਹੈ ਜੋ ਪਛਾਣ ਯੋਗ ਅਪਰਾਧ ਹੈ ਤਾਂ ਓਨ੍ਹਾਂ ਦਾ ਫ਼ਰਜ਼ ਬਣਦਾ ਹੈ ਕਿ ਓਹ ਐਫ,ਜ ਦੋਂ   ਵੀ   ਪੁ ਲਿ ਸ   ਨੂ ੰ   ਕੋ ਈ   ਕ ਥਿ ਤ   ਕ ਮੀ ਸ਼ ਨ   ਬਾ ਰੇ   ਜਾ ਣ ਕਾ ਰੀ   ਮਿ ਲ ਦੀ   ਹੈ   ਜੋ   ਪ ਛਾ ਣ   ਯੋ ਗ   ਅ ਪ ਰਾ ਧ   ਹੈ   ਤਾਂ   ਓ ਨ੍ਹਾਂ   ਦਾ   ਫ਼ ਰ ਜ਼   ਬ ਣ ਦਾ   ਹੈ   ਕਿ   ਓ ਹ   ਐ ਫ,54,25
ਆਇ,ਆ ਇ,2,1
ਆਰ ਦਰਜ਼ ਕਰਨ I,ਆ ਰ   ਦ ਰ ਜ਼   ਕ ਰ ਨ   I,9,4
ਓਹ ਜ਼ਮੀਨ ਉਪਯੋਗ ਨੀਤੀਆਂ ਜੋ ਤਟ ਦੇ ਕਿਨਾਰਿਆ ਤੇ ਇਮਾਰਤਾ ਦੇ ਨਿਰਮਾਣ ਲਈ ਮਨਾ ਕਰਦੀਆਂ ਹਨ ਓਨ੍ਹਾਂ ਨਾਲ ਸਮੁੰਦਰ ਦੇ ਪੱਧਰ ਨੂੰ ਕਾਬੂ ਵਿੱਚ ਕਰਨ ਵਿੱਚ ਪ੍ਰਭਾਵਿਤ ਸਮਾਜ ਨੂੰ ਹੋਰ ਅਸਾਨੀ ਹੋਵੇਗੀ I,ਓ ਹ   ਜ਼ ਮੀ ਨ   ਉ ਪ ਯੋ ਗ   ਨੀ ਤੀ ਆ ਂ   ਜੋ   ਤ ਟ   ਦੇ   ਕਿ ਨਾ ਰਿ ਆ   ਤੇ   ਇ ਮਾ ਰ ਤਾ   ਦੇ   ਨਿ ਰ ਮਾ ਣ   ਲ ਈ   ਮ ਨਾ   ਕ ਰ ਦੀ ਆ ਂ   ਹ ਨ   ਓ ਨ੍ਹਾਂ   ਨਾ ਲ   ਸ ਮੁ ੰ ਦ ਰ   ਦੇ   ਪ ੱ ਧ ਰ   ਨੂ ੰ   ਕਾ ਬੂ   ਵਿ ੱ ਚ   ਕ ਰ ਨ   ਵਿ ੱ ਚ   ਪ੍ਰ ਭਾ ਵਿ ਤ   ਸ ਮਾ ਜ   ਨੂ ੰ   ਹੋ ਰ   ਅ ਸਾ ਨੀ   ਹੋ ਵੇ ਗੀ   I,87,33
ਜਿੱਥੇ ਵੀ ਬੀਚ ਜਾਂ ਖਾੜੀ ਤੇ ਘਰ ਹੁੰਦੇ ਹਨ ਓਥੇ ਮਾਲਿਕ ਆਪਣੇ ਘਰ ਦੀ ਸੁਰੱਖਿਆ ਸਮੁੰਦਰੀ ਹਨੇਰਮਈ ਨਾਲ ਕਰਨ ਦੀ ਕੋਸ਼ਿਸ਼ ਕਰਦੇ ਹਨ I,ਜਿ ੱ ਥੇ   ਵੀ   ਬੀ ਚ   ਜਾਂ   ਖਾ ੜ ੀ   ਤੇ   ਘ ਰ   ਹੁ ੰ ਦੇ   ਹ ਨ   ਓ ਥੇ   ਮਾ ਲਿ ਕ   ਆ ਪ ਣੇ   ਘ ਰ   ਦੀ   ਸੁ ਰ ੱ ਖਿ ਆ   ਸ ਮੁ ੰ ਦ ਰੀ   ਹ ਨੇ ਰ ਮ ਈ   ਨਾ ਲ   ਕ ਰ ਨ   ਦੀ   ਕੋ ਸ਼ਿ ਸ਼   ਕ ਰ ਦੇ   ਹ ਨ   I,59,24
"ਪਿੰਡ ਵਿੱਚ ਪਲੇਗ ਫੈਲ ਗਿਆ, ਅਤੇ ਮੈਨੂੰ ਆਸ਼ਰਮ ਦੇ ਬੱਚਿਆਂ ਦੀ ਸੁਰੱਖਿਆ ਖਤਰੇ ਵਿੱਚ ਦਿੱਖੀ","ਪਿ ੰ ਡ   ਵਿ ੱ ਚ   ਪ ਲੇ ਗ   ਫੈ ਲ   ਗਿ ਆ ,   ਅ ਤੇ   ਮੈ ਨੂ ੰ   ਆ ਸ਼ ਰ ਮ   ਦੇ   ਬ ੱ ਚਿ ਆ ਂ   ਦੀ   ਸੁ ਰ ੱ ਖਿ ਆ   ਖ ਤ ਰੇ   ਵਿ ੱ ਚ   ਦਿ ੱ ਖੀ",44,15
"ਮੌਸਮ ਦੇ ਦੌਰਾਨ, ਮਾਰਚ ਅਤੇ ਅਪ੍ਰੈਲ ਵਿੱਚ ਗਰਮੀ ਦੀ ਲਹਿਰ/ਗੰਭੀਰ ਗਰਮੀ ਦੀ ਲਹਿਰ ਦੇਖੀ ਗਈ ਸੀ","ਮੌ ਸ ਮ   ਦੇ   ਦੌ ਰਾ ਨ ,   ਮਾ ਰ ਚ   ਅ ਤੇ   ਅ ਪ੍ਰੈ ਲ   ਵਿ ੱ ਚ   ਗ ਰ ਮੀ   ਦੀ   ਲ ਹਿ ਰ / ਗ ੰ ਭੀ ਰ   ਗ ਰ ਮੀ   ਦੀ   ਲ ਹਿ ਰ   ਦੇ ਖੀ   ਗ ਈ   ਸੀ",43,16
"ਮਈ ਮਹੀਨੇ ਵਿੱਚ, ਕੋਈ ਖਾਸ ਤਾਪ ਲਹਿਰ ਦੀਆਂ ਸਥਿਤੀਆਂ ਨਹੀਂ ਦੇਖੀਆਂ ਗਈਆਂ","ਮ ਈ   ਮ ਹੀ ਨੇ   ਵਿ ੱ ਚ ,   ਕੋ ਈ   ਖਾ ਸ   ਤਾ ਪ   ਲ ਹਿ ਰ   ਦੀ ਆ ਂ   ਸ ਥਿ ਤੀ ਆ ਂ   ਨ ਹੀਂ   ਦੇ ਖੀ ਆ ਂ   ਗ ਈ ਆ ਂ",36,12
"ਵਧੀਆ ਜ਼ਾਇਕੇਦਾਰ ਕਬਾਬ ਤੇ ਖੁਰਬਾਨੀ ਦਾ ਮਿੱਠਾ ਖਾਣ ਤੋਂ ਬਾਅਦ, ਅਸੀਂ ਵੱਡੇ ਗੱਦੀ ਵਾਲੀ ਕੁਰਸੀਆਂ ਤੇ ਬਿਰਾਜ ਹੋ ਗਏ ਅਤੇ , ਚਾਹ ਦੀਆਂ ਚੁਸਕਿਆਂ ਲੈਂਦੇ ਹੋਏ ਓਨ੍ਹਾਂ ਦੀ ਜ਼ਿੰਦਗੀ ਤੇ ਫ਼ਿਲਮਾ ਬਾਰੇ ਗੱਲ ਕਰਨ ਲਗੇ I","ਵ ਧੀ ਆ   ਜ਼ ਾ ਇ ਕੇ ਦਾ ਰ   ਕ ਬਾ ਬ   ਤੇ   ਖੁ ਰ ਬਾ ਨੀ   ਦਾ   ਮਿ ੱ ਠਾ   ਖਾ ਣ   ਤੋਂ   ਬਾ ਅ ਦ ,   ਅ ਸੀਂ   ਵ ੱ ਡੇ   ਗ ੱ ਦੀ   ਵਾ ਲੀ   ਕੁ ਰ ਸੀ ਆ ਂ   ਤੇ   ਬਿ ਰਾ ਜ   ਹੋ   ਗ ਏ   ਅ ਤੇ   ,   ਚਾ ਹ   ਦੀ ਆ ਂ   ਚੁ ਸ ਕਿ ਆ ਂ   ਲੈਂ ਦੇ   ਹੋ ਏ   ਓ ਨ੍ਹਾਂ   ਦੀ   ਜ਼ ਿ ੰ ਦ ਗੀ   ਤੇ   ਫ਼ ਿ ਲ ਮਾ   ਬਾ ਰੇ   ਗ ੱ ਲ   ਕ ਰ ਨ   ਲ ਗੇ   I",91,36
"ਫ਼ਾਤਮਾ ਬੇਗਮ ਨੇ ਆਪਣਾ ਜੀਵਨ ਹੁਣ ਕਈ ਸਾਲਾਂ ਤੋਂ ਕੈਮਰੇ ਦੀ ਨਜ਼ਰ ਤੋਂ ਦੂਰ ਬਿਤਾਈਆ ਹੈ ਇਸ ਲਈ ਜਦੋਂ ਭਾਰਤੀ ਸਿਨੇਮਾ ਦੀ ਫਰਸਟ ਲੇਡੀ ਜਿਸ ਨੇ ਅੱਜ ਤੱਕ ਕੋਈ ਜੰਨ ਸੰਚਾਰ ਮਾਧਿਅਮ ਤੇ ਇੰਟਰਵਿਊ ਨਹੀਂ ਦਿਤੀ, ਓਨ੍ਹਾਂ ਨੇ ਮੇਰੇ ਨਾਲ 3 May 2013 ਨੂੰ ਮੁਲਾਕਾਤ ਕਰਨ ਲਈ ਹਾਮੀ ਭਰੀ ਤਾਂ ਮੈਂ ਤੁਰਤ ਹੀ ਓਨ੍ਹਾਂ ਦੀ ਧੰਨਰਾਜ ਮਹਲ ਵਿੱਚ ਰਿਹਾਇਸ਼ ਵੱਲ ਵਧਿਆ ਜਿਥੇ ਓਹ ਆਪਣੀ ਧੀ ਜ਼ੁਬਿਆਦਾ ਨਾਲ ਰਹਿੰਦੇ ਹਨ ਜੋ ਕਿ ਕਿਸੇ ਜ਼ਮਾਨੇ ਵਿੱਚ ਇੱਕ ਆਲੀਸ਼ਾਨ ਘਰ ਸੀ ਪਰ ਹੁਣ ਚੁਰ- ਚੁਰ ਹੋ ਰਿਹਾ ਹੈ I","ਫ਼ ਾ ਤ ਮਾ   ਬੇ ਗ ਮ   ਨੇ   ਆ ਪ ਣਾ   ਜੀ ਵ ਨ   ਹੁ ਣ   ਕ ਈ   ਸਾ ਲਾਂ   ਤੋਂ   ਕੈ ਮ ਰੇ   ਦੀ   ਨ ਜ ਼ ਰ   ਤੋਂ   ਦੂ ਰ   ਬਿ ਤਾ ਈ ਆ   ਹੈ   ਇ ਸ   ਲ ਈ   ਜ ਦੋਂ   ਭਾ ਰ ਤੀ   ਸਿ ਨੇ ਮਾ   ਦੀ   ਫ ਰ ਸ ਟ   ਲੇ ਡੀ   ਜਿ ਸ   ਨੇ   ਅ ੱ ਜ   ਤ ੱ ਕ   ਕੋ ਈ   ਜ ੰ ਨ   ਸ ੰ ਚਾ ਰ   ਮਾ ਧਿ ਅ ਮ   ਤੇ   ਇ ੰ ਟ ਰ ਵਿ ਊ   ਨ ਹੀਂ   ਦਿ ਤੀ ,   ਓ ਨ੍ਹਾਂ   ਨੇ   ਮੇ ਰੇ   ਨਾ ਲ   3   M a y   2 0 1 3   ਨੂ ੰ   ਮੁ ਲਾ ਕਾ ਤ   ਕ ਰ ਨ   ਲ ਈ   ਹਾ ਮੀ   ਭ ਰੀ   ਤਾਂ   ਮੈਂ   ਤੁ ਰ ਤ   ਹੀ   ਓ ਨ੍ਹਾਂ   ਦੀ   ਧ ੰ ਨ ਰਾ ਜ   ਮ ਹ ਲ   ਵਿ ੱ ਚ   ਰਿ ਹਾ ਇ ਸ਼   ਵ ੱ ਲ   ਵ ਧਿ ਆ   ਜਿ ਥੇ   ਓ ਹ   ਆ ਪ ਣੀ   ਧੀ   ਜ਼ ੁ ਬਿ ਆ ਦਾ   ਨਾ ਲ   ਰ ਹਿ ੰ ਦੇ   ਹ ਨ   ਜੋ   ਕਿ   ਕਿ ਸੇ   ਜ਼ ਮਾ ਨੇ   ਵਿ ੱ ਚ   ਇ ੱ ਕ   ਆ ਲੀ ਸ਼ਾ ਨ   ਘ ਰ   ਸੀ   ਪ ਰ   ਹੁ ਣ   ਚੁ ਰ -   ਚੁ ਰ   ਹੋ   ਰਿ ਹਾ   ਹੈ   I",205,86
ਆਉਣ ਵਾਲੇ ਦਿਨਾਂ ਵਿੱਚ ਇਸ ਵਾਇਰਸ ਦੇ ਹੋਰ ਭਿਆਨਕ ਰੂਪਾਂ ਦੀ ਉਮੀਦ ਹੈ,ਆ ਉ ਣ   ਵਾ ਲੇ   ਦਿ ਨਾਂ   ਵਿ ੱ ਚ   ਇ ਸ   ਵਾ ਇ ਰ ਸ   ਦੇ   ਹੋ ਰ   ਭਿ ਆ ਨ ਕ   ਰੂ ਪਾਂ   ਦੀ   ਉ ਮੀ ਦ   ਹੈ,30,13
"ਸੰਭਾਵਤ ਤੌਰ 'ਤੇ ਸਭ ਤੋਂ ਵੱਧ ਪ੍ਰਭਾਵ ਏਸ਼ੀਆ ਅਤੇ ਅਫ਼ਰੀਕਾ 'ਤੇ ਪਵੇਗਾ, ਜਿਸਦਾ ਕ੍ਰਮਵਾਰ ਅੰਦਾਜ਼ਨ 4","ਸ ੰ ਭਾ ਵ ਤ   ਤੌ ਰ   ' ਤੇ   ਸ ਭ   ਤੋਂ   ਵ ੱ ਧ   ਪ੍ਰ ਭਾ ਵ   ਏ ਸ਼ੀ ਆ   ਅ ਤੇ   ਅ ਫ਼ ਰੀ ਕਾ   ' ਤੇ   ਪ ਵੇ ਗਾ ,   ਜਿ ਸ ਦਾ   ਕ੍ਰ ਮ ਵਾ ਰ   ਅ ੰ ਦਾ ਜ਼ ਨ   4",46,16
7 ਲੱਖ ਅਤੇ 4,7   ਲ ੱ ਖ   ਅ ਤੇ   4,7,4
2 ਲੱਖ ਮੌਤਾਂ ਹੋਵੇਗਾ,2   ਲ ੱ ਖ   ਮੌ ਤਾਂ   ਹੋ ਵੇ ਗਾ,9,4
"ਇੱਥੇ ਮੈਂ ਅਬਦੁਲ ਗਨੀ ਸੇਠ ਨੂੰ ਮੇਰਾ ਇੰਤਜ਼ਾਰ ਕਰਦੀਆਂ ਦੇਖਿਆ, ਅਤੇ ਉਸਨੇ ਮੈਨੂੰ ਦਿਲੋਂ ਸ਼ੁਭਕਾਮਨਾਵਾਂ ਵੀ ਦਿੱਤੀਆਂ","ਇ ੱ ਥੇ   ਮੈਂ   ਅ ਬ ਦੁ ਲ   ਗ ਨੀ   ਸੇ ਠ   ਨੂ ੰ   ਮੇ ਰਾ   ਇ ੰ ਤ ਜ਼ ਾ ਰ   ਕ ਰ ਦੀ ਆ ਂ   ਦੇ ਖਿ ਆ ,   ਅ ਤੇ   ਉ ਸ ਨੇ   ਮੈ ਨੂ ੰ   ਦਿ ਲੋਂ   ਸ਼ੁ ਭ ਕਾ ਮ ਨਾ ਵਾਂ   ਵੀ   ਦਿ ੱ ਤੀ ਆ ਂ",53,17
ਇਸ ਲਈ ਮੈਂ ਗੱਡੀ-ਚਾਲਕ ਨੂੰ ਮੁਹੰਮਦ ਕਾਸਮ ਕਾਮਰੂਦੀਨ ਦੀ ਦੁਕਾਨ 'ਤੇ ਜਾਣ ਲਈ ਕਿਹਾ,ਇ ਸ   ਲ ਈ   ਮੈਂ   ਗ ੱ ਡੀ - ਚਾ ਲ ਕ   ਨੂ ੰ   ਮੁ ਹ ੰ ਮ ਦ   ਕਾ ਸ ਮ   ਕਾ ਮ ਰੂ ਦੀ ਨ   ਦੀ   ਦੁ ਕਾ ਨ   ' ਤੇ   ਜਾ ਣ   ਲ ਈ   ਕਿ ਹਾ,39,14
"ਮੈਂ ਦੇਖ ਰਿਹਾ ਸੀ ਕਿ ਭਾਰਤੀਆਂ, ਚੀਨੀਆਂ, ਅਤੇ ਦੂਜੇ ਲੋਕਾਂ ਨੂੰ ਸੁਰੱਖਿਆ ਦੇਣ ਦੀ ਬਜਾਇ, ਇਹ ਅਧਿਕਾਰੀ ਉਹਨਾਂ ਨੂੰ ਪਰੇਸ਼ਾਨ ਕਰਨ 'ਚ ਲੱਗੇ ਰਹਿੰਦੇ ਸਨ","ਮੈਂ   ਦੇ ਖ   ਰਿ ਹਾ   ਸੀ   ਕਿ   ਭਾ ਰ ਤੀ ਆ ਂ ,   ਚੀ ਨੀ ਆ ਂ ,   ਅ ਤੇ   ਦੂ ਜੇ   ਲੋ ਕਾਂ   ਨੂ ੰ   ਸੁ ਰ ੱ ਖਿ ਆ   ਦੇ ਣ   ਦੀ   ਬ ਜਾ ਇ ,   ਇ ਹ   ਅ ਧਿ ਕਾ ਰੀ   ਉ ਹ ਨਾਂ   ਨੂ ੰ   ਪ ਰੇ ਸ਼ਾ ਨ   ਕ ਰ ਨ   ' ਚ   ਲ ੱ ਗੇ   ਰ ਹਿ ੰ ਦੇ   ਸ ਨ",67,25
"ਪੁੱਛ ਗਿੱਛ ਦੌਰਾਨ, ਉਸ ਨੂੰ ਹੋਰ ਸਾਜਿਸ਼ਕਰਤਾਵਾਂ ਦੇ ਨਾਮ ਦੱਸਣ ਲਈ ਮਜਬੂਰ ਕਰਨ ਦੀ ਕੌਸ਼ਿਸ਼ ਕੀਤੀ ਗੇਏ ਸੀ","ਪੁ ੱ ਛ   ਗਿ ੱ ਛ   ਦੌ ਰਾ ਨ ,   ਉ ਸ   ਨੂ ੰ   ਹੋ ਰ   ਸਾ ਜਿ ਸ਼ ਕ ਰ ਤਾ ਵਾਂ   ਦੇ   ਨਾ ਮ   ਦ ੱ ਸ ਣ   ਲ ਈ   ਮ ਜ ਬੂ ਰ   ਕ ਰ ਨ   ਦੀ   ਕੌ ਸ਼ਿ ਸ਼   ਕੀ ਤੀ   ਗੇ ਏ   ਸੀ",48,18
ਮੀਡੀਆ ਸਭ ਤੋਂ ਸ਼ਕਤੀਸ਼ਾਲੀ ਸਾਧਨ ਹੈ ਜੋ ਸੰਸਦ ਨੂੰ ਉਸਦੇ ਲੋਕਾਂ ਨਾਲ ਜੋੜਦਾ ਹੈ,ਮੀ ਡੀ ਆ   ਸ ਭ   ਤੋਂ   ਸ਼ ਕ ਤੀ ਸ਼ਾ ਲੀ   ਸਾ ਧ ਨ   ਹੈ   ਜੋ   ਸ ੰ ਸ ਦ   ਨੂ ੰ   ਉ ਸ ਦੇ   ਲੋ ਕਾਂ   ਨਾ ਲ   ਜੋ ੜ ਦਾ   ਹੈ,33,14
"ਰਾਜਕੋਟ ਪਹੁੰਚ ਕੇ, ਮੈਂ ਅਗਲੀ ਸਵੇਰ ਆਪਣੇ ਬਾਰੇ ਮੈਡੀਕਲ ਅਫ਼ਸਰ ਨੂੰ ਸੂਚਿਤ ਕੀਤਾ","ਰਾ ਜ ਕੋ ਟ   ਪ ਹੁ ੰ ਚ   ਕੇ ,   ਮੈਂ   ਅ ਗ ਲੀ   ਸ ਵੇ ਰ   ਆ ਪ ਣੇ   ਬਾ ਰੇ   ਮੈ ਡੀ ਕ ਲ   ਅ ਫ਼ ਸ ਰ   ਨੂ ੰ   ਸੂ ਚਿ ਤ   ਕੀ ਤਾ",37,13
ਸਾਡਾ ਦੇਸ਼ ਸਾਡੇ ਬਹਾਦਰ ਸਾਬਕਾ ਫ਼ੌਜੀਆਂ ਦਾ ਰਿਣੀ ਹੈ,ਸਾ ਡਾ   ਦੇ ਸ਼   ਸਾ ਡੇ   ਬ ਹਾ ਦ ਰ   ਸਾ ਬ ਕਾ   ਫ਼ ੌ ਜੀ ਆ ਂ   ਦਾ   ਰਿ ਣੀ   ਹੈ,22,9
ਸ਼ੁਰੂਆਤੀ ਪ੍ਰਤਿਕਿਰਿਆ ਬਹੁਤ ਵਧੀਆ ਰਹੀ,ਸ਼ੁ ਰੂ ਆ ਤੀ   ਪ੍ਰ ਤਿ ਕਿ ਰਿ ਆ   ਬ ਹੁ ਤ   ਵ ਧੀ ਆ   ਰ ਹੀ,17,5
ਔਰਤਾਂ ਦੇ ਅਧਿਕਾਰ ਅਸਲ ਵਿੱਚ ਮਨੁੱਖੀ ਅਧਿਕਾਰ ਹਨ,ਔ ਰ ਤਾਂ   ਦੇ   ਅ ਧਿ ਕਾ ਰ   ਅ ਸ ਲ   ਵਿ ੱ ਚ   ਮ ਨੁ ੱ ਖੀ   ਅ ਧਿ ਕਾ ਰ   ਹ ਨ,24,8
"ਭਾਰਤੀ ਸਿਨੇਮਾ ਦੀ ਸ਼ਤਾਬਦੀ ਇੱਕ ਅਜਿਹਾ ਮੀਲ ਪੱਥਰ ਹੈ ਜਿਸ ਨੂੰ ਅਣ-ਦੇਖਿਆ ਨਹੀਂ ਕੀਤਾ ਜਾ ਸਕਦਾ, ਇਸ ਲਈ ਇਹ ਕਾਫੀ ਹੱਦ ਤੱਕ ਲਾਜ਼ਮੀ ਸੀ ਕਿ ਇਸ ਅੰਕ ਦਾ ਮੁੱਖ ਵਿਸ਼ਾ ਇਸ ਨਾਲ ਸੰਬੰਧਤ ਹੋਵੇਗਾ","ਭਾ ਰ ਤੀ   ਸਿ ਨੇ ਮਾ   ਦੀ   ਸ਼ ਤਾ ਬ ਦੀ   ਇ ੱ ਕ   ਅ ਜਿ ਹਾ   ਮੀ ਲ   ਪ ੱ ਥ ਰ   ਹੈ   ਜਿ ਸ   ਨੂ ੰ   ਅ ਣ - ਦੇ ਖਿ ਆ   ਨ ਹੀਂ   ਕੀ ਤਾ   ਜਾ   ਸ ਕ ਦਾ ,   ਇ ਸ   ਲ ਈ   ਇ ਹ   ਕਾ ਫੀ   ਹ ੱ ਦ   ਤ ੱ ਕ   ਲਾ ਜ਼ ਮੀ   ਸੀ   ਕਿ   ਇ ਸ   ਅ ੰ ਕ   ਦਾ   ਮੁ ੱ ਖ   ਵਿ ਸ਼ਾ   ਇ ਸ   ਨਾ ਲ   ਸ ੰ ਬ ੰ ਧ ਤ   ਹੋ ਵੇ ਗਾ",86,34
"ਇਸ ਚਰਨ ਵਿੱਚ, ਪ੍ਰਭਾਵਸ਼ਾਲੀ ਨੀਤੀ ਪ੍ਰਸਤਾਵਾਂ ਨੇ ਲਾਹੇਵੰਦ ਪਰਿਣਾਮ ਦੇਣੇ ਸ਼ੁਰੂ ਕੀਤੇ","ਇ ਸ   ਚ ਰ ਨ   ਵਿ ੱ ਚ ,   ਪ੍ਰ ਭਾ ਵ ਸ਼ਾ ਲੀ   ਨੀ ਤੀ   ਪ੍ਰ ਸ ਤਾ ਵਾਂ   ਨੇ   ਲਾ ਹੇ ਵ ੰ ਦ   ਪ ਰਿ ਣਾ ਮ   ਦੇ ਣੇ   ਸ਼ੁ ਰੂ   ਕੀ ਤੇ",36,12
"ਕੁੱਛ ਸਰਕਾਰੀ ਅਭਿਆਨ ਜਿਵੇ ਕਿ ਸਵੱਛ ਭਾਰਤ ਅਭਿਆਨ( ਸਫ਼ਾਈ ਤੇ ਵਾਤਾਵਰਣ ਦੇ ਪਰਦੂਸ਼ਣ ਬਾਰੇ ਸਮੂਹਿਕ ਜਾਗਰੂਕਤਾ ਪੈਦਾ ਕਰਨਾ, ਖੁਲੇ ਵਿੱਚ ਵਚ ਤੇ ਰੋਕ ਲਗਾਉਣੀ ਅਤੇ ਠੋਸ ਕੂੜਾ ਦਾ ਨਿਯੰਤਰਨ ਸੁਧਾਰਨਾ) ਅਤੇ ਨਾਮਾਮੀ ਗੰਗਾ(ਪਰਦੂਸ਼ਣ ਨੂੰ ਘਟਾਉਣਾ,ਗੰਗਾ ਨਦੀ ਦੀ ਸਾਂਭ ਤੇ ਉਸਨੂੰ ਪੂਨਰ ਸਪਰਸ਼ਟ ਕਰਨਾ) ਇਥੇ ਜਿਕਰਯੋਗ ਹਨ I","ਕੁ ੱ ਛ   ਸ ਰ ਕਾ ਰੀ   ਅ ਭਿ ਆ ਨ   ਜਿ ਵੇ   ਕਿ   ਸ ਵ ੱ ਛ   ਭਾ ਰ ਤ   ਅ ਭਿ ਆ ਨ (   ਸ ਫ਼ ਾ ਈ   ਤੇ   ਵਾ ਤਾ ਵ ਰ ਣ   ਦੇ   ਪ ਰ ਦੂ ਸ਼ ਣ   ਬਾ ਰੇ   ਸ ਮੂ ਹਿ ਕ   ਜਾ ਗ ਰੂ ਕ ਤਾ   ਪੈ ਦਾ   ਕ ਰ ਨਾ ,   ਖੁ ਲੇ   ਵਿ ੱ ਚ   ਵ ਚ   ਤੇ   ਰੋ ਕ   ਲ ਗਾ ਉ ਣੀ   ਅ ਤੇ   ਠੋ ਸ   ਕੂ ੜ ਾ   ਦਾ   ਨਿ ਯ ੰ ਤ ਰ ਨ   ਸੁ ਧਾ ਰ ਨਾ )   ਅ ਤੇ   ਨਾ ਮਾ ਮੀ   ਗ ੰ ਗਾ ( ਪ ਰ ਦੂ ਸ਼ ਣ   ਨੂ ੰ   ਘ ਟਾ ਉ ਣਾ , ਗ ੰ ਗਾ   ਨ ਦੀ   ਦੀ   ਸਾਂ ਭ   ਤੇ   ਉ ਸ ਨੂ ੰ   ਪੂ ਨ ਰ   ਸ ਪ ਰ ਸ਼ ਟ   ਕ ਰ ਨਾ )   ਇ ਥੇ   ਜਿ ਕ ਰ ਯੋ ਗ   ਹ ਨ   I",148,47
2014 ਤੋਂ ਪਹਿਲਾਂ ਪਾਸਪੋਰਟ ਸੇਵਾ ਕੇਂਦਰ (ਪੀ ਐਸ ਕੇ) ਦੇਸ਼ ਵਿੱਚ ਕਾਰਜਸ਼ੀਲ ਸਨ,2 0 1 4   ਤੋਂ   ਪ ਹਿ ਲਾਂ   ਪਾ ਸ ਪੋ ਰ ਟ   ਸੇ ਵਾ   ਕੇਂ ਦ ਰ   ( ਪੀ   ਐ ਸ   ਕੇ )   ਦੇ ਸ਼   ਵਿ ੱ ਚ   ਕਾ ਰ ਜ ਸ਼ੀ ਲ   ਸ ਨ,36,13
ਆਨਲਾਈਨ ਅਪਲਾਈ ਕਰਨ ਦੀ ਆਖਰੀ ਮਿਤੀ 31,ਆ ਨ ਲਾ ਈ ਨ   ਅ ਪ ਲਾ ਈ   ਕ ਰ ਨ   ਦੀ   ਆ ਖ ਰੀ   ਮਿ ਤੀ   3 1,20,7
01,0 1,2,1
2020 ਸੀ,2 0 2 0   ਸੀ,5,2
"ਇਸ ਮੌਕੇ, 12 ਅਗਸਤ 2022 ਨੂੰ ਸੁਸਾਇਟੀ ਵੱਲੋਂ ਖੂਨਦਾਨ ਕੈਂਪ ਵੀ ਲਗਾਇਆ ਗਿਆ","ਇ ਸ   ਮੌ ਕੇ ,   1 2   ਅ ਗ ਸ ਤ   2 0 2 2   ਨੂ ੰ   ਸੁ ਸਾ ਇ ਟੀ   ਵ ੱ ਲੋਂ   ਖੂ ਨ ਦਾ ਨ   ਕੈਂ ਪ   ਵੀ   ਲ ਗਾ ਇ ਆ   ਗਿ ਆ",37,13
ਪ੍ਰੋਗਰਾਮ ਦੀ ਸਮਾਪਤੀ ਸੁਸਾਇਟੀ ਦੇ ਕਰਮਚਾਰੀਆਂ ਦੁਆਰਾ ਆਯੋਜਿਤ 'ਪਾਰਟੀਸ਼ਨ ਐਂਡ ਇੰਦੇਪੈਂਡੇਸ: ਰੀਫਲੈਕਸ਼ਨਜ਼ ਇਨ ਲਿਟਰੇਚਰ ਐਂਡ ਸਿਨੇਮਾ' ਸਿਰਲੇਖ ਵਾਲੇ ਸੱਭਿਆਚਾਰਕ ਸਮਾਗਮ ਨਾਲ ਹੋਈ,ਪ੍ਰੋ ਗ ਰਾ ਮ   ਦੀ   ਸ ਮਾ ਪ ਤੀ   ਸੁ ਸਾ ਇ ਟੀ   ਦੇ   ਕ ਰ ਮ ਚਾ ਰੀ ਆ ਂ   ਦੁ ਆ ਰਾ   ਆ ਯੋ ਜਿ ਤ   ' ਪਾ ਰ ਟੀ ਸ਼ ਨ   ਐ ਂ ਡ   ਇ ੰ ਦੇ ਪੈਂ ਡੇ ਸ :   ਰੀ ਫ ਲੈ ਕ ਸ਼ ਨ ਜ਼   ਇ ਨ   ਲਿ ਟ ਰੇ ਚ ਰ   ਐ ਂ ਡ   ਸਿ ਨੇ ਮਾ '   ਸਿ ਰ ਲੇ ਖ   ਵਾ ਲੇ   ਸ ੱ ਭਿ ਆ ਚਾ ਰ ਕ   ਸ ਮਾ ਗ ਮ   ਨਾ ਲ   ਹੋ ਈ,86,22
"ਮੰਡਲੀ ਦੇ ਸਦੱਸ, ਪਰਿਸ਼ਦ ਦੇ ਲੋਕ ਅਤੇ ਹੋਰ ਕਰਮਚਾਰੀ ਤੇ ਹਮਦਰਦਾ ਨੇ ਅਹਿਮ ਭੂਮਿਕਾ ਨਿਭਾਈ ਪ੍ਰੋਗਰਾਮ ਆਯੋਗਣ ਕਰਵਾਉਣ ਦੇ ਵਿੱਚ ਅਤੇ ਸਾਰਾ ਵਕਤ ਮੌਜੂਦ ਰਹਿਣ ਦੇ ਵਿੱਚ I","ਮ ੰ ਡ ਲੀ   ਦੇ   ਸ ਦ ੱ ਸ ,   ਪ ਰਿ ਸ਼ ਦ   ਦੇ   ਲੋ ਕ   ਅ ਤੇ   ਹੋ ਰ   ਕ ਰ ਮ ਚਾ ਰੀ   ਤੇ   ਹ ਮ ਦ ਰ ਦਾ   ਨੇ   ਅ ਹਿ ਮ   ਭੂ ਮਿ ਕਾ   ਨਿ ਭਾ ਈ   ਪ੍ਰੋ ਗ ਰਾ ਮ   ਆ ਯੋ ਗ ਣ   ਕ ਰ ਵਾ ਉ ਣ   ਦੇ   ਵਿ ੱ ਚ   ਅ ਤੇ   ਸਾ ਰਾ   ਵ ਕ ਤ   ਮੌ ਜੂ ਦ   ਰ ਹਿ ਣ   ਦੇ   ਵਿ ੱ ਚ   I",77,28
ਕੋਰਸ ਵਿੱਚ ਪੂਰੇ ਭਾਰਤ ਤੋਂ ਕੁੱਲ 41 ਭਾਗੀਦਾਰਾਂ ਨੇ ਭਾਗ ਲਿਆ,ਕੋ ਰ ਸ   ਵਿ ੱ ਚ   ਪੂ ਰੇ   ਭਾ ਰ ਤ   ਤੋਂ   ਕੁ ੱ ਲ   4 1   ਭਾ ਗੀ ਦਾ ਰਾਂ   ਨੇ   ਭਾ ਗ   ਲਿ ਆ,26,11
ਦੇਸ਼ ਕੋਵਿਡ 19 ਅਤੇ ਯੁਕਰੇਨ ਦੇ ਸੰਘਰਸ਼ ਦੇ ਸੰਘਰਸ਼ ਦਾ ਸਾਹਮਣਾ ਕੀਤਾ ਹੈ,ਦੇ ਸ਼   ਕੋ ਵਿ ਡ   1 9   ਅ ਤੇ   ਯੁ ਕ ਰੇ ਨ   ਦੇ   ਸ ੰ ਘ ਰ ਸ਼   ਦੇ   ਸ ੰ ਘ ਰ ਸ਼   ਦਾ   ਸਾ ਹ ਮ ਣਾ   ਕੀ ਤਾ   ਹੈ,33,13
ਮਹਾਤਮਾ ਗਾਂਧੀ ਦੇ ਸਤੀਆਗ੍ਰਹਿ ਦੇ ਆਦਰਸ਼ਾਂ ਨੇ ਹਰ ਭਾਰਤੀ ਦੇ ਮਨ ਵਿੱਚ ਨਿਰਭਉ ਸ੍ਵੈ-ਭਰੋਸਾ ਅਤੇ ਬਹੁਤ ਸਾਰੇ ਲੋਕਾਂ ਦੀ ਬੇਹਤਰੀ ਦੇ ਲਈ ਬਲੀਦਾਨ ਦੀ ਭਾਵਨਾ ਬੈਠਾ ਦਿੱਤੀ ਸੀ,ਮ ਹਾ ਤ ਮਾ   ਗਾਂ ਧੀ   ਦੇ   ਸ ਤੀ ਆ ਗ੍ਰ ਹਿ   ਦੇ   ਆ ਦ ਰ ਸ਼ਾਂ   ਨੇ   ਹ ਰ   ਭਾ ਰ ਤੀ   ਦੇ   ਮ ਨ   ਵਿ ੱ ਚ   ਨਿ ਰ ਭ ਉ   ਸ੍ਵੈ - ਭ ਰੋ ਸਾ   ਅ ਤੇ   ਬ ਹੁ ਤ   ਸਾ ਰੇ   ਲੋ ਕਾਂ   ਦੀ   ਬੇ ਹ ਤ ਰੀ   ਦੇ   ਲ ਈ   ਬ ਲੀ ਦਾ ਨ   ਦੀ   ਭਾ ਵ ਨਾ   ਬੈ ਠਾ   ਦਿ ੱ ਤੀ   ਸੀ,69,28
ਵਿਸ਼ਵ ਸੈਰ-ਸਪਾਟਾ ਸੰਸਥਾ ਦਾ ਦ੍ਰਿਸ਼ਟੀਕੋਣ ਸੈਰ-ਸਪਾਟਾ 2020 ਹੈ ਜੋ ਕਿ ਸੰਸਥਾ ਦਾ ਲੰਮਾ ਅਨੁਮਾਨ ਤੇ ਜਾਇਜਾ ਹੈ ਨਵੇ ਦਸ਼ਕ ਦੇ ਪਿਹਲੇ 20 ਸਾਲਾਂ ਨੂੰ ਲੈ ਕੇ I,ਵਿ ਸ਼ ਵ   ਸੈ ਰ - ਸ ਪਾ ਟਾ   ਸ ੰ ਸ ਥਾ   ਦਾ   ਦ੍ਰਿ ਸ਼ ਟੀ ਕੋ ਣ   ਸੈ ਰ - ਸ ਪਾ ਟਾ   2 0 2 0   ਹੈ   ਜੋ   ਕਿ   ਸ ੰ ਸ ਥਾ   ਦਾ   ਲ ੰ ਮਾ   ਅ ਨੁ ਮਾ ਨ   ਤੇ   ਜਾ ਇ ਜਾ   ਹੈ   ਨ ਵੇ   ਦ ਸ਼ ਕ   ਦੇ   ਪਿ ਹ ਲੇ   2 0   ਸਾ ਲਾਂ   ਨੂ ੰ   ਲੈ   ਕੇ   I,67,27
ਵੀਰਾਨ ਜ਼ਮੀਨ ਅਧੀਨ ਵੱਖ-ਵੱਖ ਸਰਕਾਰੀ ਏਜੰਸੀਆਂ ਦੁਆਰਾ ਰਿਪੋਰਟ ਕੀਤਾ ਗਿਆ ਖੇਤਰ 38Mha ਤੋਂ 175Mha ਹੈ,ਵੀ ਰਾ ਨ   ਜ਼ ਮੀ ਨ   ਅ ਧੀ ਨ   ਵ ੱ ਖ - ਵ ੱ ਖ   ਸ ਰ ਕਾ ਰੀ   ਏ ਜ ੰ ਸੀ ਆ ਂ   ਦੁ ਆ ਰਾ   ਰਿ ਪੋ ਰ ਟ   ਕੀ ਤਾ   ਗਿ ਆ   ਖੇ ਤ ਰ   3 8 M h a   ਤੋਂ   1 7 5 M h a   ਹੈ,53,15
"ਅਸੀਂ ਕੁੱਝ ਮਹੱਤਵਪੂਰਨ ਲੈਕਚਰ ਵੀ ਆਯੋਜਿਤ ਕਰਨ ਜਾਂ ਰਹੇ ਹਾਂ, ਜਿਸ ਵਿੱਚ 'ਆਜ਼ਾਦੀ ਦਾ ਅੰਮ੍ਰਿਤ ਮਾਹਾਉਤਸਵ' ਸਮਾਰੋਹ ਵੀ ਸ਼ਾਮਿਲ ਹੈ","ਅ ਸੀਂ   ਕੁ ੱ ਝ   ਮ ਹ ੱ ਤ ਵ ਪੂ ਰ ਨ   ਲੈ ਕ ਚ ਰ   ਵੀ   ਆ ਯੋ ਜਿ ਤ   ਕ ਰ ਨ   ਜਾਂ   ਰ ਹੇ   ਹਾਂ ,   ਜਿ ਸ   ਵਿ ੱ ਚ   ' ਆ ਜ਼ ਾ ਦੀ   ਦਾ   ਅ ੰ ਮ੍ਰਿ ਤ   ਮਾ ਹਾ ਉ ਤ ਸ ਵ '   ਸ ਮਾ ਰੋ ਹ   ਵੀ   ਸ਼ਾ ਮਿ ਲ   ਹੈ",61,20
ਪ੍ਰੋਫੇਸਰ ਸੁਦਿਪਤਾ ਸੈਨ ਨੇ 2021 ਲਈ ਸਰ ਵਿਲਿਅਮ ਜੋਂਸ ਯਾਦਗਾਰੀ ਤਗਮਾ ਹਾਸਲ ਕਿਤਾ ਅਤੇ ਵਿਲਿਅਮ ਜੋਂਸ ਤੇ ਅਠਾਰ੍ਹਾਂਵੀ ਸਦੀ ਦੇ ਕਾਨੂੰਨ ਦਾ ਜ਼ੋਰ ਕਲਕੱਤਾ ਵਿੱਚ ਤੇ ਇੱਕ ਲਗੂ ਚਰਚਾ ਦਿਤੀ I,ਪ੍ਰੋ ਫੇ ਸ ਰ   ਸੁ ਦਿ ਪ ਤਾ   ਸੈ ਨ   ਨੇ   2 0 2 1   ਲ ਈ   ਸ ਰ   ਵਿ ਲਿ ਅ ਮ   ਜੋਂ ਸ   ਯਾ ਦ ਗਾ ਰੀ   ਤ ਗ ਮਾ   ਹਾ ਸ ਲ   ਕਿ ਤਾ   ਅ ਤੇ   ਵਿ ਲਿ ਅ ਮ   ਜੋਂ ਸ   ਤੇ   ਅ ਠਾ ਰ੍ਹਾਂ ਵੀ   ਸ ਦੀ   ਦੇ   ਕਾ ਨੂ ੰ ਨ   ਦਾ   ਜ਼ ੋ ਰ   ਕ ਲ ਕ ੱ ਤਾ   ਵਿ ੱ ਚ   ਤੇ   ਇ ੱ ਕ   ਲ ਗੂ   ਚ ਰ ਚਾ   ਦਿ ਤੀ   I,81,31
"ਹਰ ਰੋਜ਼ ਮੇਰੇ ਕੋਲ ਅਹਿਜੀ ਸ਼ਿਕਾਈਤਾਂ ਆਉਂਦੀਆਂ ਸਨ:'ਜ਼ਾਈਜ ਬੰਦਿਆ ਨੂੰ ਦਾਖਿਲਾ ਨਹੀਂ ਸੀ ਦਿਤਾ ਗਿਆ, ਜਦੋਂ ਕਿਜਿਨ੍ਹਾਂ ਨੂੰ ਕੋਈ ਹੱਕ ਨਹੀਂ ਸੀ ਓਨ੍ਹਾਂ ਨੂੰ 100 ਦੀ ਅਦਾਇਗੀ ਤੇ ਅੰਦਰ ਪ੍ਰਵੇਸ਼ ਦਿਤਾ ਜਾ ਰਿਹਾ ਸੀ'I","ਹ ਰ   ਰੋ ਜ਼   ਮੇ ਰੇ   ਕੋ ਲ   ਅ ਹਿ ਜੀ   ਸ਼ਿ ਕਾ ਈ ਤਾਂ   ਆ ਉ ਂ ਦੀ ਆ ਂ   ਸ ਨ : ' ਜ਼ ਾ ਈ ਜ   ਬ ੰ ਦਿ ਆ   ਨੂ ੰ   ਦਾ ਖਿ ਲਾ   ਨ ਹੀਂ   ਸੀ   ਦਿ ਤਾ   ਗਿ ਆ ,   ਜ ਦੋਂ   ਕਿ ਜਿ ਨ੍ਹਾਂ   ਨੂ ੰ   ਕੋ ਈ   ਹ ੱ ਕ   ਨ ਹੀਂ   ਸੀ   ਓ ਨ੍ਹਾਂ   ਨੂ ੰ   1 0 0   ਦੀ   ਅ ਦਾ ਇ ਗੀ   ਤੇ   ਅ ੰ ਦ ਰ   ਪ੍ਰ ਵੇ ਸ਼   ਦਿ ਤਾ   ਜਾ   ਰਿ ਹਾ   ਸੀ ' I",89,34
ਕੋਨਾਰਕ ਦੇ ਸੁਰਿਆ ਮੰਦਿਰ ਵਿੱਚ ਪਏ ਲੋਹੇ ਦੇ ਬੀਮ ਵਡੇ ਹਨ I,ਕੋ ਨਾ ਰ ਕ   ਦੇ   ਸੁ ਰਿ ਆ   ਮ ੰ ਦਿ ਰ   ਵਿ ੱ ਚ   ਪ ਏ   ਲੋ ਹੇ   ਦੇ   ਬੀ ਮ   ਵ ਡੇ   ਹ ਨ   I,27,12
ਜੈਨਿਆਂ ਦਾ ਨਾ ਅਧਿਗਰਿਹਣ ਕਰਨ ਦਾ ਸਿਧਾਂਤ ਸਮਾਜ ਵਿੱਚ ਧੰਨ ਅਤੇ ਲੋੜੀਂਦੀਆਂ ਚੀਜ਼ਾਂ ਦੀ ਮੁਨਾਸਬ ਵੰਡ ਕਰ ਸਕਦਾ ਹੈ I,ਜੈ ਨਿ ਆ ਂ   ਦਾ   ਨਾ   ਅ ਧਿ ਗ ਰਿ ਹ ਣ   ਕ ਰ ਨ   ਦਾ   ਸਿ ਧਾਂ ਤ   ਸ ਮਾ ਜ   ਵਿ ੱ ਚ   ਧ ੰ ਨ   ਅ ਤੇ   ਲੋ ੜ ੀ ਂ ਦੀ ਆ ਂ   ਚੀ ਜ਼ ਾ ਂ   ਦੀ   ਮੁ ਨਾ ਸ ਬ   ਵ ੰ ਡ   ਕ ਰ   ਸ ਕ ਦਾ   ਹੈ   I,56,20
ਇਸੇ ਤਰਹ ਦੋ ਦੁਸ਼ਟ ਇਨਸਾਨ ਗਰੇਹਮਾ ਅਤੇ ਬੇਨਦਵਾ ਅਧਿਆਇ 32,ਇ ਸੇ   ਤ ਰ ਹ   ਦੋ   ਦੁ ਸ਼ ਟ   ਇ ਨ ਸਾ ਨ   ਗ ਰੇ ਹ ਮਾ   ਅ ਤੇ   ਬੇ ਨ ਦ ਵਾ   ਅ ਧਿ ਆ ਇ   3 2,29,10
"12, 32","1 2 ,   3 2",5,2
"13,32","1 3 , 3 2",5,1
14 ਅਤੇ 49,1 4   ਅ ਤੇ   4 9,6,3
"1, 49","1 ,   4 9",4,2
2 ਵਿੱਚ ਉੱਲੇਖਿਤ ਹਨ I,2   ਵਿ ੱ ਚ   ਉ ੱ ਲੇ ਖਿ ਤ   ਹ ਨ   I,12,5
ਉਸ ਦਾ ਲਕਸ਼ ਨਾ ਹੀ ਵਿਨਾਸ਼ਵਾਦ ਹੈ ਕਿਉਂਕਿ ਕੁੱਛ ਸਥਾਈ ਨਹੀਂ ਹੈ ਜੋ ਖਤਮ ਹੋ ਸਕੇ ਅਤੇ ਨਾ ਹੀ ਸਦੀਵੀਵਾਦ ਹੈ ਕਿਉਂਕਿ ਕੋਈ ਵੀ ਆਤਮਾ ਸਦੈਵ ਨਹੀਂ ਹੈ I,ਉ ਸ   ਦਾ   ਲ ਕ ਸ਼   ਨਾ   ਹੀ   ਵਿ ਨਾ ਸ਼ ਵਾ ਦ   ਹੈ   ਕਿ ਉ ਂ ਕਿ   ਕੁ ੱ ਛ   ਸ ਥਾ ਈ   ਨ ਹੀਂ   ਹੈ   ਜੋ   ਖ ਤ ਮ   ਹੋ   ਸ ਕੇ   ਅ ਤੇ   ਨਾ   ਹੀ   ਸ ਦੀ ਵੀ ਵਾ ਦ   ਹੈ   ਕਿ ਉ ਂ ਕਿ   ਕੋ ਈ   ਵੀ   ਆ ਤ ਮਾ   ਸ ਦੈ ਵ   ਨ ਹੀਂ   ਹੈ   I,61,29
ਓਹ ਦੋਨੋਂ ਬਿਛਣ ਵਾਲਿਆ ਲਈ ਓਨ੍ਹਾਂ ਕੋਲ ਬਹੁਤ ਹਮਦਰਦੀ ਸੀ I,ਓ ਹ   ਦੋ ਨੋਂ   ਬਿ ਛ ਣ   ਵਾ ਲਿ ਆ   ਲ ਈ   ਓ ਨ੍ਹਾਂ   ਕੋ ਲ   ਬ ਹੁ ਤ   ਹ ਮ ਦ ਰ ਦੀ   ਸੀ   I,26,11
ਉਹ ਮਾਂ ਅਤੇ ਬੱਚੇ ਦੇ ਆਰਾਮ ਅਤੇ ਸੰਸਾਰਿਕ ਸੁਖ ਦੇ ਪ੍ਰਤੀ ਫਿਕਰਮੰਦ ਨਹੀਂ ਸੀ ਕਿਉਂਕਿ ਉਹਨਾਂ ਕੋਲ ਹਰ ਚੀਜ਼ ਬਹੁਤਾਤ ਵਿੱਚ ਸੀ ਅਤੇ ਚੰਗੀ ਤਰ੍ਹਾਂ ਸੁਰੱਖਿਅਤ ਸਨ,ਉ ਹ   ਮਾਂ   ਅ ਤੇ   ਬ ੱ ਚੇ   ਦੇ   ਆ ਰਾ ਮ   ਅ ਤੇ   ਸ ੰ ਸਾ ਰਿ ਕ   ਸੁ ਖ   ਦੇ   ਪ੍ਰ ਤੀ   ਫਿ ਕ ਰ ਮ ੰ ਦ   ਨ ਹੀਂ   ਸੀ   ਕਿ ਉ ਂ ਕਿ   ਉ ਹ ਨਾਂ   ਕੋ ਲ   ਹ ਰ   ਚੀ ਜ਼   ਬ ਹੁ ਤਾ ਤ   ਵਿ ੱ ਚ   ਸੀ   ਅ ਤੇ   ਚ ੰ ਗੀ   ਤ ਰ੍ਹਾਂ   ਸੁ ਰ ੱ ਖਿ ਅ ਤ   ਸ ਨ,69,27
ਉਸੀ ਸਮੇ ਮੈਂ ਇੱਕ ਜਾਣੇ-ਮਾਣੇ ਹਿੰਦੂ ਬਾਰੇ ਸੁਨੀਆ ਜੋ ਹੁਣ ਮੁਸਲਮਨ ਬਣ ਗਿਆ ਸੀ I,ਉ ਸੀ   ਸ ਮੇ   ਮੈਂ   ਇ ੱ ਕ   ਜਾ ਣੇ - ਮਾ ਣੇ   ਹਿ ੰ ਦੂ   ਬਾ ਰੇ   ਸੁ ਨੀ ਆ   ਜੋ   ਹੁ ਣ   ਮੁ ਸ ਲ ਮ ਨ   ਬ ਣ   ਗਿ ਆ   ਸੀ   I,35,15
"ਅੱਗੇ ਦਿੱਤੇ ਪਦਾਂ ਵਿੱਚ ਸਾਨੂੰ ਦੱਸਿਆ ਜਾਂਦਾ ਹੈ ਕਿ ਰੱਬ ਨੇ ਜ਼ਰਥੁਸ਼ਟ ਨੂੰ ਮਨੁੱਖ ਜਾਤੀ ਨੂੰ ਸੱਚ ਦੇ ਰਸਤੇ 'ਤੇ ਚੱਲਣ ਅਤੇ ਸੱਚ ਨਾਲ ਕਿਵੇਂ ਜਿਉਣਾ ਹੈ, ਇਹ ਦੱਸਣ ਲਈ ਗੁਰੂ ਦੇ ਰੂਪ ਵਿੱਚ ਨਿਯੁਕਤ ਕੀਤਾ ਹੈ","ਅ ੱ ਗੇ   ਦਿ ੱ ਤੇ   ਪ ਦਾਂ   ਵਿ ੱ ਚ   ਸਾ ਨੂ ੰ   ਦ ੱ ਸਿ ਆ   ਜਾਂ ਦਾ   ਹੈ   ਕਿ   ਰ ੱ ਬ   ਨੇ   ਜ਼ ਰ ਥੁ ਸ਼ ਟ   ਨੂ ੰ   ਮ ਨੁ ੱ ਖ   ਜਾ ਤੀ   ਨੂ ੰ   ਸ ੱ ਚ   ਦੇ   ਰ ਸ ਤੇ   ' ਤੇ   ਚ ੱ ਲ ਣ   ਅ ਤੇ   ਸ ੱ ਚ   ਨਾ ਲ   ਕਿ ਵੇਂ   ਜਿ ਉ ਣਾ   ਹੈ ,   ਇ ਹ   ਦ ੱ ਸ ਣ   ਲ ਈ   ਗੁ ਰੂ   ਦੇ   ਰੂ ਪ   ਵਿ ੱ ਚ   ਨਿ ਯੁ ਕ ਤ   ਕੀ ਤਾ   ਹੈ",91,37
ਤਿੰਨਾਂ ਲੋਕਾਂ ਵਿੱਚ ਸਮਾਰਕ ਜਾਂ ਰੂਹਾਨੀ ਸ਼ਕਤੀਆਂ ਵਿੱਚ ਉਸਦੀ ਬਰਾਬਰੀ ਕਰਨ ਵਾਲਾ ਨਾ ਕੋਈ ਹੋਇਆ ਅਤੇ ਨਾ ਕਦੇ ਕੋਈ ਹੋਵੇਗਾ,ਤਿ ੰ ਨਾਂ   ਲੋ ਕਾਂ   ਵਿ ੱ ਚ   ਸ ਮਾ ਰ ਕ   ਜਾਂ   ਰੂ ਹਾ ਨੀ   ਸ਼ ਕ ਤੀ ਆ ਂ   ਵਿ ੱ ਚ   ਉ ਸ ਦੀ   ਬ ਰਾ ਬ ਰੀ   ਕ ਰ ਨ   ਵਾ ਲਾ   ਨਾ   ਕੋ ਈ   ਹੋ ਇ ਆ   ਅ ਤੇ   ਨਾ   ਕ ਦੇ   ਕੋ ਈ   ਹੋ ਵੇ ਗਾ,52,20
"ਅਜਿਹੇ ਲੋਕਾਂ ਨੂੰ ਸਾਰੀਆਂ ਸੁਵਿਧਾਵਾਂ ਦਿੱਤੀਆਂ ਜਾਂਦੀਆਂ ਸਨ ਜਿਨ੍ਹਾਂ ਦਾ ਅਧਿਆਤਮ ਵੱਲ ਝੁਕਾਅ ਹੁੰਦਾ ਸੀ, ਜਿਸ ਨਾਲ ਉਹ ਆਪਣੇ ਸੁਭਾਅ ਅਨੁਸਾਰ ਸਾਧੂ ਜੀਵਨ ਬਤੀਤ ਕਰਦੇ ਸਨ ਅਤੇ ਇਨ੍ਹਾਂ ਵਿੱਚੋਂ ਜਿਆਦਾਂਤਰ ਗੁਰੂਆਂ ਦੇ ਚੇਲੇ ਹੁੰਦੇ ਸਨ","ਅ ਜਿ ਹੇ   ਲੋ ਕਾਂ   ਨੂ ੰ   ਸਾ ਰੀ ਆ ਂ   ਸੁ ਵਿ ਧਾ ਵਾਂ   ਦਿ ੱ ਤੀ ਆ ਂ   ਜਾਂ ਦੀ ਆ ਂ   ਸ ਨ   ਜਿ ਨ੍ਹਾਂ   ਦਾ   ਅ ਧਿ ਆ ਤ ਮ   ਵ ੱ ਲ   ਝੁ ਕਾ ਅ   ਹੁ ੰ ਦਾ   ਸੀ ,   ਜਿ ਸ   ਨਾ ਲ   ਉ ਹ   ਆ ਪ ਣੇ   ਸੁ ਭਾ ਅ   ਅ ਨੁ ਸਾ ਰ   ਸਾ ਧੂ   ਜੀ ਵ ਨ   ਬ ਤੀ ਤ   ਕ ਰ ਦੇ   ਸ ਨ   ਅ ਤੇ   ਇ ਨ੍ਹਾਂ   ਵਿ ੱ ਚੋਂ   ਜਿ ਆ ਦਾਂ ਤ ਰ   ਗੁ ਰੂ ਆ ਂ   ਦੇ   ਚੇ ਲੇ   ਹੁ ੰ ਦੇ   ਸ ਨ",98,35
ਇਸ ਲਈ ਜੋਗੀ ਗੋਤਮਾ ਲਈ ਕੋਈ ਹੋਰ ਧਾਰਮਿਕ ਗੁਰੂ ਲਭਣ ਵਿੱਚ ਕੋਈ ਮੁਸ਼ਕਲ ਨਹੀਂ ਹੋਈ ਜੋ ਪਹਿਲਾ ਨਾਲੋਂ ਜ਼ਿਆਦਾ ਸਿਆਣਾ ਹੈ I,ਇ ਸ   ਲ ਈ   ਜੋ ਗੀ   ਗੋ ਤ ਮਾ   ਲ ਈ   ਕੋ ਈ   ਹੋ ਰ   ਧਾ ਰ ਮਿ ਕ   ਗੁ ਰੂ   ਲ ਭ ਣ   ਵਿ ੱ ਚ   ਕੋ ਈ   ਮੁ ਸ਼ ਕ ਲ   ਨ ਹੀਂ   ਹੋ ਈ   ਜੋ   ਪ ਹਿ ਲਾ   ਨਾ ਲੋਂ   ਜ਼ ਿ ਆ ਦਾ   ਸਿ ਆ ਣਾ   ਹੈ   I,52,22
ਇਹ ਪਖਪਾਤ ਪੂਰਨ ਓਨ੍ਹਾਂ ਘਰ-ਬਾਰ ਵਾਲਿਆਂ ਦੇ ਲਈ ਹੈ ਜਿਨ੍ਹਾਂ ਨੇ ਹੋਰ ਸਤ ਪ੍ਰਣ ਲਏ ਹੋਏ ਹਨ I,ਇ ਹ   ਪ ਖ ਪਾ ਤ   ਪੂ ਰ ਨ   ਓ ਨ੍ਹਾਂ   ਘ ਰ - ਬਾ ਰ   ਵਾ ਲਿ ਆ ਂ   ਦੇ   ਲ ਈ   ਹੈ   ਜਿ ਨ੍ਹਾਂ   ਨੇ   ਹੋ ਰ   ਸ ਤ   ਪ੍ਰ ਣ   ਲ ਏ   ਹੋ ਏ   ਹ ਨ   I,40,18
"ਇਸੇ ਤਰਹ ਦੂਜੀ ਕਲਾਸ ਦੇ ਵਿਦਿਆਰਥੀ ਆਰਯਾਮਨਾ ਜਾਂ ਮਿਤਰ , ਤੇ ਹਮਲਾ ਹੋ ਜਾਂਦਾ ਹੈ ਓਨ੍ਹਾਂ ਦੁਵਾਰਾਂ ਜਿਹਰੇ ਉਸ ਦੀ ਨਿੰਦਾ ਕਰਦੇ ਹਨ; ਅਹਿਜੇ ਲੋਕਾਂ ਨੂੰ ਉਸ ਤੋਂ ਦੂਰ ਰਖਣਾ ਚਾਹੀਦਾ ਹੈ I","ਇ ਸੇ   ਤ ਰ ਹ   ਦੂ ਜੀ   ਕ ਲਾ ਸ   ਦੇ   ਵਿ ਦਿ ਆ ਰ ਥੀ   ਆ ਰ ਯਾ ਮ ਨਾ   ਜਾਂ   ਮਿ ਤ ਰ   ,   ਤੇ   ਹ ਮ ਲਾ   ਹੋ   ਜਾਂ ਦਾ   ਹੈ   ਓ ਨ੍ਹਾਂ   ਦੁ ਵਾ ਰਾਂ   ਜਿ ਹ ਰੇ   ਉ ਸ   ਦੀ   ਨਿ ੰ ਦਾ   ਕ ਰ ਦੇ   ਹ ਨ ;   ਅ ਹਿ ਜੇ   ਲੋ ਕਾਂ   ਨੂ ੰ   ਉ ਸ   ਤੋਂ   ਦੂ ਰ   ਰ ਖ ਣਾ   ਚਾ ਹੀ ਦਾ   ਹੈ   I",74,33
ਪ੍ਰਭੂ ਦੇ ਗੁਣ ਗਾਣ ਨਾਲ ਪਾਪੀ ਨੂੰ ਪਸ਼ਚਾਤਾਪ ਮਿਲ ਜਾਇਗਾ ਇਸ ਲਈ ਕਰਮਾ ਦਾ ਸਿਧਾਂਤ ਇੱਥੇ ਲਾਗੂ ਨਹੀਂ ਹੁੰਦਾ I,ਪ੍ਰ ਭੂ   ਦੇ   ਗੁ ਣ   ਗਾ ਣ   ਨਾ ਲ   ਪਾ ਪੀ   ਨੂ ੰ   ਪ ਸ਼ ਚਾ ਤਾ ਪ   ਮਿ ਲ   ਜਾ ਇ ਗਾ   ਇ ਸ   ਲ ਈ   ਕ ਰ ਮਾ   ਦਾ   ਸਿ ਧਾਂ ਤ   ਇ ੱ ਥੇ   ਲਾ ਗੂ   ਨ ਹੀਂ   ਹੁ ੰ ਦਾ   I,45,20
"ਸਭ ਤੋਂ ਸਿਖਰ 'ਤੇ ਜਵਾਏਤੂ ਹੈ, ਜੋ ਸ੍ਵੈ-ਨਿਰਭਰ ਹੈ ਅਤੇ ਹੁਣ ਉਸ ਨੂੰ ਧਾਰਮਿਕ ਨਿਰਦੇਸ਼ ਦੇਣ ਦੀ ਲੋੜ ਨਹੀਂ; ਏਅਰਮਨ ਜਾਂ ਦੋਸਤ, ਜੋ ਲੋਕਾਂ ਨਾਲ ਦੋਸਤੀ ਕਰਦਾ ਹੈ ਅਤੇ ਉਹਨਾਂ ਨੂੰ ਗੁਮਰਾਹ ਹੋਣ ਤੋਂ ਰੋਕਦਾ ਹੈ; ਅਤੇ ਵੇਰੇਜਾਨਹ ਜਾਂ ਕਾਮਾ, ਜੋ ਕਿ ਚੁਸਤ ਕਾਰਜਕਰਤਾ ਹੈ ਅਤੇ ਜ਼ਮੀਨੀ ਪੱਧਰ 'ਤੇ ਧਰਮ ਦਾ ਪ੍ਰਚਾਰ ਕਰਦਾ ਹੈ","ਸ ਭ   ਤੋਂ   ਸਿ ਖ ਰ   ' ਤੇ   ਜ ਵਾ ਏ ਤੂ   ਹੈ ,   ਜੋ   ਸ੍ਵੈ - ਨਿ ਰ ਭ ਰ   ਹੈ   ਅ ਤੇ   ਹੁ ਣ   ਉ ਸ   ਨੂ ੰ   ਧਾ ਰ ਮਿ ਕ   ਨਿ ਰ ਦੇ ਸ਼   ਦੇ ਣ   ਦੀ   ਲੋ ੜ   ਨ ਹੀਂ ;   ਏ ਅ ਰ ਮ ਨ   ਜਾਂ   ਦੋ ਸ ਤ ,   ਜੋ   ਲੋ ਕਾਂ   ਨਾ ਲ   ਦੋ ਸ ਤੀ   ਕ ਰ ਦਾ   ਹੈ   ਅ ਤੇ   ਉ ਹ ਨਾਂ   ਨੂ ੰ   ਗੁ ਮ ਰਾ ਹ   ਹੋ ਣ   ਤੋਂ   ਰੋ ਕ ਦਾ   ਹੈ ;   ਅ ਤੇ   ਵੇ ਰੇ ਜਾ ਨ ਹ   ਜਾਂ   ਕਾ ਮਾ ,   ਜੋ   ਕਿ   ਚੁ ਸ ਤ   ਕਾ ਰ ਜ ਕ ਰ ਤਾ   ਹੈ   ਅ ਤੇ   ਜ਼ ਮੀ ਨੀ   ਪ ੱ ਧ ਰ   ' ਤੇ   ਧ ਰ ਮ   ਦਾ   ਪ੍ਰ ਚਾ ਰ   ਕ ਰ ਦਾ   ਹੈ",132,54
ਗੌਤਮ ਬੁੱਧ ਇਸ ਅੱਗ ਦਾ ਉਦਾਹਰਨ ਦਿੰਦੇ ਹਨ ਅਤੇ ਬੋਲਦੇ ਹਨ ਕਿ ਇਹ ਪ੍ਰਸ਼ਨ ਹੀ ਗਲਤ ਹੈ I,ਗੌ ਤ ਮ   ਬੁ ੱ ਧ   ਇ ਸ   ਅ ੱ ਗ   ਦਾ   ਉ ਦਾ ਹ ਰ ਨ   ਦਿ ੰ ਦੇ   ਹ ਨ   ਅ ਤੇ   ਬੋ ਲ ਦੇ   ਹ ਨ   ਕਿ   ਇ ਹ   ਪ੍ਰ ਸ਼ ਨ   ਹੀ   ਗ ਲ ਤ   ਹੈ   I,41,18
ਬੁੱਧ ਕਹਿੰਦੇ ਹਨ ਕਿ ਇਹ ਠੀਕ ਨਹੀਂ ਹੈ ਕਹਿੰਨਾ ਜੇ ਅਰਾਹਾਨਤ ਮੌਤ ਤੋਂ ਬਾਅਦ ਮੌਜੂਦ ਹੈ ਜਾਂ ਨਹੀਂ I,ਬੁ ੱ ਧ   ਕ ਹਿ ੰ ਦੇ   ਹ ਨ   ਕਿ   ਇ ਹ   ਠੀ ਕ   ਨ ਹੀਂ   ਹੈ   ਕ ਹਿ ੰ ਨਾ   ਜੇ   ਅ ਰਾ ਹਾ ਨ ਤ   ਮੌ ਤ   ਤੋਂ   ਬਾ ਅ ਦ   ਮੌ ਜੂ ਦ   ਹੈ   ਜਾਂ   ਨ ਹੀਂ   I,41,19
ਓਨ੍ਹਾਂ ਨੇ ਆਪਣੇ ਆਖਰੀ ਦਮ ਤੱਕ ਮਨੁੱਖਤਾ ਦਾ ਭਲਾ ਕਿਤਾ ਸਿੱਖਿਆ ਦੇ ਕੇ ਅਤੇ ਉਸ ਤੇ ਅਮਲ ਕਰ ਕੇ I,ਓ ਨ੍ਹਾਂ   ਨੇ   ਆ ਪ ਣੇ   ਆ ਖ ਰੀ   ਦ ਮ   ਤ ੱ ਕ   ਮ ਨੁ ੱ ਖ ਤਾ   ਦਾ   ਭ ਲਾ   ਕਿ ਤਾ   ਸਿ ੱ ਖਿ ਆ   ਦੇ   ਕੇ   ਅ ਤੇ   ਉ ਸ   ਤੇ   ਅ ਮ ਲ   ਕ ਰ   ਕੇ   I,42,20
"ਇਸ ਪ੍ਰਣ ਲਈ, ਘਰ ਦੇ ਮਾਲਿਕ ਦਾ ਆਪਣੀ ਪਤਨੀ ਤੋਂ ਅਲਾਵਾ ਕਿਸੀ ਹੋਰ ਦੇ ਨਾਲ ਜਿਨਸੀ ਰਿਸ਼ਤੇ ਨਹੀਂ ਹੋਣੇ ਚਾਹੀਦੇ I","ਇ ਸ   ਪ੍ਰ ਣ   ਲ ਈ ,   ਘ ਰ   ਦੇ   ਮਾ ਲਿ ਕ   ਦਾ   ਆ ਪ ਣੀ   ਪ ਤ ਨੀ   ਤੋਂ   ਅ ਲਾ ਵਾ   ਕਿ ਸੀ   ਹੋ ਰ   ਦੇ   ਨਾ ਲ   ਜਿ ਨ ਸੀ   ਰਿ ਸ਼ ਤੇ   ਨ ਹੀਂ   ਹੋ ਣੇ   ਚਾ ਹੀ ਦੇ   I",45,21
"ਛੇ ਲੋਕਾਂ ਨੇ ਸਵਰਗ ਲਈ ਇਕੱਠੇ ਚਲਣਾ ਸ਼ੁਰੂ ਕੀਤਾ ਪਰ ਰਸਤੇ ਵਿੱਚ ਯੂਧੀਸ਼ਟਰ ਤੋਂ ਇਲਾਵਾ ਬਾਕੀ ਸਭ ਦੀ ਮੌਤ ਹੋ ਗਈ ਅਤੇ ਯੂਧੀਸ਼ਟਰ ਦੇ ਨਾਲ ਸਿਰਫ਼ ਇੱਕ ਛੋਟਾ ਕੁੱਤਾ ਸਵਰਗ ਦੇ ਦੁਆਰ 'ਤੇ ਪੁੱਜ ਸਕਿਆ, ਜੋ ਕਿ ਧਰਮ ਦੇਵ ਦਾ ਅਵਤਾਰ ਸੀ","ਛੇ   ਲੋ ਕਾਂ   ਨੇ   ਸ ਵ ਰ ਗ   ਲ ਈ   ਇ ਕ ੱ ਠੇ   ਚ ਲ ਣਾ   ਸ਼ੁ ਰੂ   ਕੀ ਤਾ   ਪ ਰ   ਰ ਸ ਤੇ   ਵਿ ੱ ਚ   ਯੂ ਧੀ ਸ਼ ਟ ਰ   ਤੋਂ   ਇ ਲਾ ਵਾ   ਬਾ ਕੀ   ਸ ਭ   ਦੀ   ਮੌ ਤ   ਹੋ   ਗ ਈ   ਅ ਤੇ   ਯੂ ਧੀ ਸ਼ ਟ ਰ   ਦੇ   ਨਾ ਲ   ਸਿ ਰ ਫ਼   ਇ ੱ ਕ   ਛੋ ਟਾ   ਕੁ ੱ ਤਾ   ਸ ਵ ਰ ਗ   ਦੇ   ਦੁ ਆ ਰ   ' ਤੇ   ਪੁ ੱ ਜ   ਸ ਕਿ ਆ ,   ਜੋ   ਕਿ   ਧ ਰ ਮ   ਦੇ ਵ   ਦਾ   ਅ ਵ ਤਾ ਰ   ਸੀ",99,42
"ਸਿੱਖ ਧਰਮ ਦੇ ਆਦਰਸ਼ਵਾਦੀ ਦ੍ਰਿਸ਼ਟੀਕੌਣ ਅਨੁਸਾਰ ਇਹ ਹਰ ਬੰਦੇ 'ਚ ਅਮੀਰ, ਗਰੀਬ, ਉੱਚ ਜਾਂ ਨੀਵੀਂ ਜਾਤ, ਵੱਖਰਾ ਧਾਰਮਿਕ ਮਤ, ਵਰਣ , ਵਰਗ, ਲਿੰਗ, ਧਰਮ ਅਤੇ ਰਾਸ਼ਟਰਤਾ 'ਤੇ ਧਿਆਨ ਦਿੱਤੇ ਬਿਨ੍ਹਾਂ ਇੱਕੋ ਜਿਹੀ ਸਵਰਗੀ ਰੌਸ਼ਨੀ ਦੇਖਦਾ ਹੈ","ਸਿ ੱ ਖ   ਧ ਰ ਮ   ਦੇ   ਆ ਦ ਰ ਸ਼ ਵਾ ਦੀ   ਦ੍ਰਿ ਸ਼ ਟੀ ਕੌ ਣ   ਅ ਨੁ ਸਾ ਰ   ਇ ਹ   ਹ ਰ   ਬ ੰ ਦੇ   ' ਚ   ਅ ਮੀ ਰ ,   ਗ ਰੀ ਬ ,   ਉ ੱ ਚ   ਜਾਂ   ਨੀ ਵੀਂ   ਜਾ ਤ ,   ਵ ੱ ਖ ਰਾ   ਧਾ ਰ ਮਿ ਕ   ਮ ਤ ,   ਵ ਰ ਣ   ,   ਵ ਰ ਗ ,   ਲਿ ੰ ਗ ,   ਧ ਰ ਮ   ਅ ਤੇ   ਰਾ ਸ਼ ਟ ਰ ਤਾ   ' ਤੇ   ਧਿ ਆ ਨ   ਦਿ ੱ ਤੇ   ਬਿ ਨ੍ਹਾਂ   ਇ ੱ ਕੋ   ਜਿ ਹੀ   ਸ ਵ ਰ ਗੀ   ਰੌ ਸ਼ ਨੀ   ਦੇ ਖ ਦਾ   ਹੈ",107,36
"ਇਸ ਲਈ ਸਿੱਖ ਮੰਦਰਾਂ ਜਿਨ੍ਹਾਂ ਨੂੰ ਗੁਰੂਦੁਆਰਾ (ਗੁਰੂ ਦਾ ਘਰ) ਕਿਹਾ ਜਾਂਦਾ ਹੈ, ਦੇ ਦਰਵਾਜੇ ਬਿਨ੍ਹਾਂ ਕਿਸੇ ਇਮਤਿਆਜ਼ ਜਾਂ ਸਮਾਜਿਕ ਪੱਖਪਾਤ ਦੇ ਦੁਨੀਆ ਵਿੱਚ ਸਭ ਲਈ ਖੁੱਲੇ ਹਨ","ਇ ਸ   ਲ ਈ   ਸਿ ੱ ਖ   ਮ ੰ ਦ ਰਾਂ   ਜਿ ਨ੍ਹਾਂ   ਨੂ ੰ   ਗੁ ਰੂ ਦੁ ਆ ਰਾ   ( ਗੁ ਰੂ   ਦਾ   ਘ ਰ )   ਕਿ ਹਾ   ਜਾਂ ਦਾ   ਹੈ ,   ਦੇ   ਦ ਰ ਵਾ ਜੇ   ਬਿ ਨ੍ਹਾਂ   ਕਿ ਸੇ   ਇ ਮ ਤਿ ਆ ਜ਼   ਜਾਂ   ਸ ਮਾ ਜਿ ਕ   ਪ ੱ ਖ ਪਾ ਤ   ਦੇ   ਦੁ ਨੀ ਆ   ਵਿ ੱ ਚ   ਸ ਭ   ਲ ਈ   ਖੁ ੱ ਲੇ   ਹ ਨ",73,28
ਇਹ ਭਵਿੱਖ ਦਾ ਮੁਕਤੀਦਾਤਾ ਹੈ I,ਇ ਹ   ਭ ਵਿ ੱ ਖ   ਦਾ   ਮੁ ਕ ਤੀ ਦਾ ਤਾ   ਹੈ   I,14,6
"ਸ਼ਾਇਦ ਗਾਥਾਵਾਂ ਵਿੱਚੋਂ ਸਭ ਤੋਂ ਮਹੱਤਵਪੂਰਨ ਪਦ, ਅਧਿਆਇ 45, ਪਦ 8 ਵਿੱਚ ਪੈਗੰਬਰ ਜਰਸਥਰੂ ਨੇ ਸਰਵ ਸ਼ਕਤੀਮਾਨ ਰੱਬ ਨੂੰ ਆਪਣੇ ਮਨ ਦੀਆਂ ਅੱਖਾਂ ਨਾਲ ਮਹਿਸੂਸ ਕੀਤਾ, ਜਿਸ ਮਗਰੋਂ ਚੰਗੇ ਵਿਚਾਰ, ਚੰਗੇ ਸ਼ਬਦ ਅਤੇ ਚੰਗੇ ਕਰਮ ਦੀ ਹੋਲੀ ਟ੍ਰਿਨਿਟੀ ਸਥਾਪਿਤ ਕੀਤੀ, ਜੋ ਸੱਚਾਈ ਦਾ ਮਾਰਗ ਸੀ, ਜਿਸਦੀ ਮਨੁੱਖ ਜਾਤੀ ਨੂੰ ਪਾਲਣਾ ਕਰਨੀ ਚਾਹੀਦੀ ਹੈ","ਸ਼ਾ ਇ ਦ   ਗਾ ਥਾ ਵਾਂ   ਵਿ ੱ ਚੋਂ   ਸ ਭ   ਤੋਂ   ਮ ਹ ੱ ਤ ਵ ਪੂ ਰ ਨ   ਪ ਦ ,   ਅ ਧਿ ਆ ਇ   4 5 ,   ਪ ਦ   8   ਵਿ ੱ ਚ   ਪੈ ਗ ੰ ਬ ਰ   ਜ ਰ ਸ ਥ ਰੂ   ਨੇ   ਸ ਰ ਵ   ਸ਼ ਕ ਤੀ ਮਾ ਨ   ਰ ੱ ਬ   ਨੂ ੰ   ਆ ਪ ਣੇ   ਮ ਨ   ਦੀ ਆ ਂ   ਅ ੱ ਖਾਂ   ਨਾ ਲ   ਮ ਹਿ ਸੂ ਸ   ਕੀ ਤਾ ,   ਜਿ ਸ   ਮ ਗ ਰੋਂ   ਚ ੰ ਗੇ   ਵਿ ਚਾ ਰ ,   ਚ ੰ ਗੇ   ਸ਼ ਬ ਦ   ਅ ਤੇ   ਚ ੰ ਗੇ   ਕ ਰ ਮ   ਦੀ   ਹੋ ਲੀ   ਟ੍ਰਿ ਨਿ ਟੀ   ਸ ਥਾ ਪਿ ਤ   ਕੀ ਤੀ ,   ਜੋ   ਸ ੱ ਚਾ ਈ   ਦਾ   ਮਾ ਰ ਗ   ਸੀ ,   ਜਿ ਸ ਦੀ   ਮ ਨੁ ੱ ਖ   ਜਾ ਤੀ   ਨੂ ੰ   ਪਾ ਲ ਣਾ   ਕ ਰ ਨੀ   ਚਾ ਹੀ ਦੀ   ਹੈ",151,53
"ਇਹਨਾਂ ਵਿੱਚੋਂ ਕੁੱਝ ਆਇਤਾਂ ਵਿੱਚ ਪ੍ਰਕਾਸ਼ ਦੀ ਵਿਧੀ ਦਰਸਾਈ ਗਈ ਹੈ, ਜੋ ਕਿ ਸ਼ੁੱਧ ਮਨ ਜ਼ਰਾਥੁਸਤਰੁ ਵਿੱਚ ਦਾਖਲ ਹੁੰਦਾ ਹੈ ਅਤੇ ਉਸਨੂੰ ਦੱਸਦਾ ਹੈ ਕਿ ਉਸਨੂੰ ਮਨੁੱਖ ਜਾਤੀ ਨੂੰ ਕਿ ਦੱਸਣਾ ਚਾਹੀਦਾ ਹੈ","ਇ ਹ ਨਾਂ   ਵਿ ੱ ਚੋਂ   ਕੁ ੱ ਝ   ਆ ਇ ਤਾਂ   ਵਿ ੱ ਚ   ਪ੍ਰ ਕਾ ਸ਼   ਦੀ   ਵਿ ਧੀ   ਦ ਰ ਸਾ ਈ   ਗ ਈ   ਹੈ ,   ਜੋ   ਕਿ   ਸ਼ੁ ੱ ਧ   ਮ ਨ   ਜ਼ ਰਾ ਥੁ ਸ ਤ ਰੁ   ਵਿ ੱ ਚ   ਦਾ ਖ ਲ   ਹੁ ੰ ਦਾ   ਹੈ   ਅ ਤੇ   ਉ ਸ ਨੂ ੰ   ਦ ੱ ਸ ਦਾ   ਹੈ   ਕਿ   ਉ ਸ ਨੂ ੰ   ਮ ਨੁ ੱ ਖ   ਜਾ ਤੀ   ਨੂ ੰ   ਕਿ   ਦ ੱ ਸ ਣਾ   ਚਾ ਹੀ ਦਾ   ਹੈ",85,33
"ਤੀਜੇ ਵਿਅਕਤੀ ਦਾ ਬੈਨਦਵਾਂ ਨਾਂ ਨਾਲ ਜ਼ਿਕਰ ਹੈ, ਜਿਸ ਬਾਰੇ ਫਿਰ ਅਜਿਹਾ ਮੰਨਿਆ ਗਿਆ ਕਿ ਉਹ ਝੂਠਾ ਅਤੇ ਧੋਖੇਬਾਜ਼ ਹੈ, ਜਿਸਦੇ ਨਤੀਜੇ ਵਜੋਂ ਜਰਥੁਸਤ੍ਰ ਨੇ ਆਪਣੇ ਆਦਮੀਆਂ ਨੂੰ ਆਮ ਤੌਰ 'ਤੇ ਅਜਿਹੇ ਲੋਕਾਂ ਦੀ ਸੰਗਤ ਵਿੱਚ ਰੱਖਣ ਤੋਂ ਮਨਾ ਕੀਤਾ","ਤੀ ਜੇ   ਵਿ ਅ ਕ ਤੀ   ਦਾ   ਬੈ ਨ ਦ ਵਾਂ   ਨਾਂ   ਨਾ ਲ   ਜ਼ ਿ ਕ ਰ   ਹੈ ,   ਜਿ ਸ   ਬਾ ਰੇ   ਫਿ ਰ   ਅ ਜਿ ਹਾ   ਮ ੰ ਨਿ ਆ   ਗਿ ਆ   ਕਿ   ਉ ਹ   ਝੂ ਠਾ   ਅ ਤੇ   ਧੋ ਖੇ ਬਾ ਜ਼   ਹੈ ,   ਜਿ ਸ ਦੇ   ਨ ਤੀ ਜੇ   ਵ ਜੋਂ   ਜ ਰ ਥੁ ਸ ਤ੍ਰ   ਨੇ   ਆ ਪ ਣੇ   ਆ ਦ ਮੀ ਆ ਂ   ਨੂ ੰ   ਆ ਮ   ਤੌ ਰ   ' ਤੇ   ਅ ਜਿ ਹੇ   ਲੋ ਕਾਂ   ਦੀ   ਸ ੰ ਗ ਤ   ਵਿ ੱ ਚ   ਰ ੱ ਖ ਣ   ਤੋਂ   ਮ ਨਾ   ਕੀ ਤਾ",100,40
"ਬਾਕੀ ਗੀਤਾ ਗਹਿਰਾਈ ਨਾਲ ਦੱਸਦੀ ਹੈ ਅਤੇ ਏਪੀਫਨੀ ਤੋਂ ਪਹਿਲਾਂ ਪੇਸ਼ ਕੀਤੇ ਗਏ ਸੰਜਮ ਅਤੇ ਸ਼ਰਧਾ, ਸ੍ਵੈ-ਕਾਬੂ ਅਤੇ ਪਰੁਪਕਾਰਤਾ, ਪਰ ਇਹਨਾਂ ਸਭ ਤੋਂ ਉੱਤੇ ਭਗਤੀ ਜਾਂ ਸਮਰਪਣ ਦੇ ਵਿਚਾਰਾਂ ਦਾ ਸਮਰਥਨ ਕਰਦੀ ਹੈ","ਬਾ ਕੀ   ਗੀ ਤਾ   ਗ ਹਿ ਰਾ ਈ   ਨਾ ਲ   ਦ ੱ ਸ ਦੀ   ਹੈ   ਅ ਤੇ   ਏ ਪੀ ਫ ਨੀ   ਤੋਂ   ਪ ਹਿ ਲਾਂ   ਪੇ ਸ਼   ਕੀ ਤੇ   ਗ ਏ   ਸ ੰ ਜ ਮ   ਅ ਤੇ   ਸ਼ ਰ ਧਾ ,   ਸ੍ਵੈ - ਕਾ ਬੂ   ਅ ਤੇ   ਪ ਰੁ ਪ ਕਾ ਰ ਤਾ ,   ਪ ਰ   ਇ ਹ ਨਾਂ   ਸ ਭ   ਤੋਂ   ਉ ੱ ਤੇ   ਭ ਗ ਤੀ   ਜਾਂ   ਸ ਮ ਰ ਪ ਣ   ਦੇ   ਵਿ ਚਾ ਰਾਂ   ਦਾ   ਸ ਮ ਰ ਥ ਨ   ਕ ਰ ਦੀ   ਹੈ",88,33
ਇਨ੍ਹਾਂ ਸਲੋਕਾਂ ਵਿੱਚ ਜ਼ਰਥਸਟਰਾ ਆਪਣੇ ਆਪ ਨੂੰ ਸਪੇਨਟਾ ਮੈਂਯੂ ਦੇ ਭਾਣੇ ਮੰਨਦੇ ਹਨ ਜਿਸ ਨੂੰ ਤੁਲਨਾ ਦੇ ਅਧਾਰ ਤੇ ਮਾਨਵ ਜਾਤੀ ਦਾ ਸਭ ਤੋਂ ਗਿਆਨਵਾਨ ਮੰਨਿਆ ਜਾਂਦਾ ਹੈ I,ਇ ਨ੍ਹਾਂ   ਸ ਲੋ ਕਾਂ   ਵਿ ੱ ਚ   ਜ ਼ ਰ ਥ ਸ ਟ ਰਾ   ਆ ਪ ਣੇ   ਆ ਪ   ਨੂ ੰ   ਸ ਪੇ ਨ ਟਾ   ਮੈਂ ਯੂ   ਦੇ   ਭਾ ਣੇ   ਮ ੰ ਨ ਦੇ   ਹ ਨ   ਜਿ ਸ   ਨੂ ੰ   ਤੁ ਲ ਨਾ   ਦੇ   ਅ ਧਾ ਰ   ਤੇ   ਮਾ ਨ ਵ   ਜਾ ਤੀ   ਦਾ   ਸ ਭ   ਤੋਂ   ਗਿ ਆ ਨ ਵਾ ਨ   ਮ ੰ ਨਿ ਆ   ਜਾਂ ਦਾ   ਹੈ   I,71,29
ਇਸ ਤੋਂ ਬਾਅਦ ਓਹ ਅਰਜੁਨ ਨੂੰ ਦਾਰਸ਼ਨਿਕ ਵਿਚਾਰਾ ਅਤੇ ਮੁਕਤੀ ਬਾਰੇ ਦਸਦੇ ਹਨ I,ਇ ਸ   ਤੋਂ   ਬਾ ਅ ਦ   ਓ ਹ   ਅ ਰ ਜੁ ਨ   ਨੂ ੰ   ਦਾ ਰ ਸ਼ ਨਿ ਕ   ਵਿ ਚਾ ਰਾ   ਅ ਤੇ   ਮੁ ਕ ਤੀ   ਬਾ ਰੇ   ਦ ਸ ਦੇ   ਹ ਨ   I,35,14
"ਗੀਤਾ ਦੇ ਇਸ ਭਾਗ ਦਾ ਸਮਾਪਨ ਇੱਕ ਸ਼ਕਤੀਸ਼ਾਲੀ ਆਲੋਕਿਕ ਦ੍ਰਿਸ਼ ਨਾਲ ਹੁੰਦਾ ਹੈ, ਕ੍ਰਿਸ਼ਨ, ਅਰਜੁਨ ਨੂੰ ਆਪਣੇ ਦਿਵਯਰੂਪ, ਵਿਸ਼ਵਰੂਪ ਦੇ ਦਰਸ਼ਨ ਕਰਵਾਉਂਦਾ ਹੈ, ਜਿਸ ਨਾਲ ਅਰਜੁਨ ਦੇ ਦਿਲ ਵਿੱਚ ਡਰ ਪੈਦਾ ਹੋ ਜਾਂਦਾ ਹੈ","ਗੀ ਤਾ   ਦੇ   ਇ ਸ   ਭਾ ਗ   ਦਾ   ਸ ਮਾ ਪ ਨ   ਇ ੱ ਕ   ਸ਼ ਕ ਤੀ ਸ਼ਾ ਲੀ   ਆ ਲੋ ਕਿ ਕ   ਦ੍ਰਿ ਸ਼   ਨਾ ਲ   ਹੁ ੰ ਦਾ   ਹੈ ,   ਕ੍ਰਿ ਸ਼ ਨ ,   ਅ ਰ ਜੁ ਨ   ਨੂ ੰ   ਆ ਪ ਣੇ   ਦਿ ਵ ਯ ਰੂ ਪ ,   ਵਿ ਸ਼ ਵ ਰੂ ਪ   ਦੇ   ਦ ਰ ਸ਼ ਨ   ਕ ਰ ਵਾ ਉ ਂ ਦਾ   ਹੈ ,   ਜਿ ਸ   ਨਾ ਲ   ਅ ਰ ਜੁ ਨ   ਦੇ   ਦਿ ਲ   ਵਿ ੱ ਚ   ਡ ਰ   ਪੈ ਦਾ   ਹੋ   ਜਾਂ ਦਾ   ਹੈ",92,34
ਫੇਰ ਦੁਬਾਜਰਾ ਰਾਜਾ ਸੀ ਦਾਰਿਉਸ ਨੋਥੋਸ; ਨੋਥੋਸ ਦਾ ਮਤਲਬ ਹੈ ਕਿਸੇ ਦਾ ਬੇਟਾ ਹੋ ਕਿ ਨਾਜਾਇਜ਼ ਹੈ ਜਿਵੇ ਕਿ ਵਿਲਿਅਮ ਦ ਕੋਣਕਯੁਏਰ I,ਫੇ ਰ   ਦੁ ਬਾ ਜ ਰਾ   ਰਾ ਜਾ   ਸੀ   ਦਾ ਰਿ ਉ ਸ   ਨੋ ਥੋ ਸ ;   ਨੋ ਥੋ ਸ   ਦਾ   ਮ ਤ ਲ ਬ   ਹੈ   ਕਿ ਸੇ   ਦਾ   ਬੇ ਟਾ   ਹੋ   ਕਿ   ਨਾ ਜਾ ਇ ਜ਼   ਹੈ   ਜਿ ਵੇ   ਕਿ   ਵਿ ਲਿ ਅ ਮ   ਦ   ਕੋ ਣ ਕ ਯੁ ਏ ਰ   I,53,23
"ਫਿਰ ਆਉਂਦਾ ਹੈ ਆਰਟਾਜ਼ਿਅਜ਼ਿਅ II, ਜੋ ਕਿ ਸਮਝਦਾਰ ਸੀ I","ਫਿ ਰ   ਆ ਉ ਂ ਦਾ   ਹੈ   ਆ ਰ ਟਾ ਜ਼ ਿ ਅ ਜ਼ ਿ ਅ   I I ,   ਜੋ   ਕਿ   ਸ ਮ ਝ ਦਾ ਰ   ਸੀ   I",28,10
ਕਹਿੰਦੇ ਹਨ ਕਿ ਉਸ ਨੇ ਧਰਤੀ ਦੇ ਅਧਿਆਤਮਿਕ ਪੱਖ ਦੀ ਥਾਂ ਭੌਤਿਕਵਾਦੀ ਪੱਖ ਨੂੰ ਉਜਾਗਰ ਕਰਿਆ ਜਿਸ ਲਈ ਜ਼ਰਥਸਟਰਾ ਓਨ੍ਹਾਂ ਦੀ ਨਿੰਦਿਆ ਕਰਦੇ ਹਨ I,ਕ ਹਿ ੰ ਦੇ   ਹ ਨ   ਕਿ   ਉ ਸ   ਨੇ   ਧ ਰ ਤੀ   ਦੇ   ਅ ਧਿ ਆ ਤ ਮਿ ਕ   ਪ ੱ ਖ   ਦੀ   ਥਾਂ   ਭੌ ਤਿ ਕ ਵਾ ਦੀ   ਪ ੱ ਖ   ਨੂ ੰ   ਉ ਜਾ ਗ ਰ   ਕ ਰਿ ਆ   ਜਿ ਸ   ਲ ਈ   ਜ ਼ ਰ ਥ ਸ ਟ ਰਾ   ਓ ਨ੍ਹਾਂ   ਦੀ   ਨਿ ੰ ਦਿ ਆ   ਕ ਰ ਦੇ   ਹ ਨ   I,66,25
"ਯੀਮਾ ਪਹਿਲਾ ਹੈ, ਜੋ ਹੋਰ ਕੋਈ ਨਹੀਂ ਬਲਕਿ ਪ੍ਰਸਿੱਧ ਰਾਜਾ ਜਮਸ਼ੇਦ ਹੈ, ਜਿਸਦੇ ਨਾਮ ਤੋਂ ਹਰ ਸਾਲ 21 ਮਾਰਚ ਨੂੰ ਮਨਾਉਣ ਵਾਲੇ ਤਿਉਹਾਰ ਨਵਰੋਜ਼ ਦਾ ਨਾਂ ਪਿਆ","ਯੀ ਮਾ   ਪ ਹਿ ਲਾ   ਹੈ ,   ਜੋ   ਹੋ ਰ   ਕੋ ਈ   ਨ ਹੀਂ   ਬ ਲ ਕਿ   ਪ੍ਰ ਸਿ ੱ ਧ   ਰਾ ਜਾ   ਜ ਮ ਸ਼ੇ ਦ   ਹੈ ,   ਜਿ ਸ ਦੇ   ਨਾ ਮ   ਤੋਂ   ਹ ਰ   ਸਾ ਲ   2 1   ਮਾ ਰ ਚ   ਨੂ ੰ   ਮ ਨਾ ਉ ਣ   ਵਾ ਲੇ   ਤਿ ਉ ਹਾ ਰ   ਨ ਵ ਰੋ ਜ਼   ਦਾ   ਨਾਂ   ਪਿ ਆ",64,27
ਇਹ ਬ੍ਰ੍ਮ ਹਟਾਉਣ ਦੇ ਲਈ ਵਿਅਕਤੀ ਬੇ-ਜਾਇਦਾਦ ਹੋਣ ਦੀ ਸ਼ਪਤ ਲੈਂਦਾ ਹੈ ਅਤੇ ਫਿਰ ਆਤਮਾ ਦੀ ਸੰਪੂਰਨਤਾ ਹਾਸਲ ਕਰਦਾ ਹੈ I,ਇ ਹ   ਬ੍ਰ੍ਮ   ਹ ਟਾ ਉ ਣ   ਦੇ   ਲ ਈ   ਵਿ ਅ ਕ ਤੀ   ਬੇ - ਜਾ ਇ ਦਾ ਦ   ਹੋ ਣ   ਦੀ   ਸ਼ ਪ ਤ   ਲੈਂ ਦਾ   ਹੈ   ਅ ਤੇ   ਫਿ ਰ   ਆ ਤ ਮਾ   ਦੀ   ਸ ੰ ਪੂ ਰ ਨ ਤਾ   ਹਾ ਸ ਲ   ਕ ਰ ਦਾ   ਹੈ   I,51,21
ਨਾਗਾਰਾ ਮੰਦਿਰ ਦੇ ਵਿਪਰੀਤ ਦ੍ਰਾਵਿਦਾ ਮੰਦਿਰ ਦੇ ਆਲੇ ਦੁਆਲੇ ਇੱਕ ਕੰਧ ਹੈI,ਨਾ ਗਾ ਰਾ   ਮ ੰ ਦਿ ਰ   ਦੇ   ਵਿ ਪ ਰੀ ਤ   ਦ੍ਰਾ ਵਿ ਦਾ   ਮ ੰ ਦਿ ਰ   ਦੇ   ਆ ਲੇ   ਦੁ ਆ ਲੇ   ਇ ੱ ਕ   ਕ ੰ ਧ   ਹੈ I,33,12
ਪਰੰਤੂ ਓਹ ਇੱਕ ਸੋਸ਼ਯਿਨਤ ਹੈ ਜੋ ਪ੍ਰਮਾਤਮਾ ਤੋਂ ਫਰਮਾਨ ਲੈ ਕੇ ਆਈਆਂ ਹੈ ਮਨੁੱਖਾ ਨੂੰ ਬਚਾਣ ਦੇ ਲਈ I,ਪ ਰ ੰ ਤੂ   ਓ ਹ   ਇ ੱ ਕ   ਸੋ ਸ਼ ਯਿ ਨ ਤ   ਹੈ   ਜੋ   ਪ੍ਰ ਮਾ ਤ ਮਾ   ਤੋਂ   ਫ ਰ ਮਾ ਨ   ਲੈ   ਕੇ   ਆ ਈ ਆ ਂ   ਹੈ   ਮ ਨੁ ੱ ਖਾ   ਨੂ ੰ   ਬ ਚਾ ਣ   ਦੇ   ਲ ਈ   I,45,19
ਅਸੀਂ ਪਿਹਲਾਂ ਹੀ ਦੇਖ ਚੁਕੇ ਹਾ ਕਿ ਧਰਤੀ ਮਾਤਾ ਨੂੰ ਆਪਣੇ ਲਈ ਇੱਕ ਰਖਵਾਲਾ ਨਿਯੁਕਤ ਕਰਨਾ ਸੀ ਅਤੇ ਕਿਦਾਂ ਜ਼ਰਥਸਟਰਾ ਚੁਣੀਆਂ ਗਿਆ ਸੀ I,ਅ ਸੀਂ   ਪਿ ਹ ਲਾਂ   ਹੀ   ਦੇ ਖ   ਚੁ ਕੇ   ਹਾ   ਕਿ   ਧ ਰ ਤੀ   ਮਾ ਤਾ   ਨੂ ੰ   ਆ ਪ ਣੇ   ਲ ਈ   ਇ ੱ ਕ   ਰ ਖ ਵਾ ਲਾ   ਨਿ ਯੁ ਕ ਤ   ਕ ਰ ਨਾ   ਸੀ   ਅ ਤੇ   ਕਿ ਦਾਂ   ਜ ਼ ਰ ਥ ਸ ਟ ਰਾ   ਚੁ ਣੀ ਆ ਂ   ਗਿ ਆ   ਸੀ   I,58,24
"ਜਦੋਂ ਅਰਜੁਨ ਨੇ ਲੜਨ ਤੋਂ ਮਨਾ ਕਰ ਦਿਤਾ , ਕ੍ਰਿਸ਼ਨ ਦਾ ਸਬਰ ਖਤਮ ਹੋ ਗਿਆ I","ਜ ਦੋਂ   ਅ ਰ ਜੁ ਨ   ਨੇ   ਲ ੜ ਨ   ਤੋਂ   ਮ ਨਾ   ਕ ਰ   ਦਿ ਤਾ   ,   ਕ੍ਰਿ ਸ਼ ਨ   ਦਾ   ਸ ਬ ਰ   ਖ ਤ ਮ   ਹੋ   ਗਿ ਆ   I",32,16
"ਇੱਦਾਂ, ਇੱਕ ਅਹਿਮ ਪਦ, ਮਘਾ ਬਾਈਚਾਰੇ ਦੇ ਪਹਿਲੇ ਭਾਗ ਦੇ ਵਿੱਚ ਜੋ ਸਵੈ-ਨਿਰਭਰ ਹਨ ਓਨ੍ਹਾਂ ਨੂੰ ਟੇਢੀ ਸੋਚ-ਵਿਚਾਰ ਤੋਂ ਦੂਰ ਰਿਹਣਾ ਚਾਹੀਦਾ ਹੈ, ਇਹ ਸੋਚ ਕਿ ਓਹ ਲੋਕ ਜੋ ਸਭ ਤੋਂ ਊਚੇ ਸਤਰ ਤੇ ਪੌਂਚ ਗਏ ਹਨ ਓਨ੍ਹਾਂ ਨੂੰ ਹੰਕਾਰ ਛਡ ਕੇ ਨਿਮਰਤਾ ਅਪਣਾਣੀ ਚਾਹੀਦੀ ਹੈ I","ਇ ੱ ਦਾਂ ,   ਇ ੱ ਕ   ਅ ਹਿ ਮ   ਪ ਦ ,   ਮ ਘਾ   ਬਾ ਈ ਚਾ ਰੇ   ਦੇ   ਪ ਹਿ ਲੇ   ਭਾ ਗ   ਦੇ   ਵਿ ੱ ਚ   ਜੋ   ਸ ਵੈ - ਨਿ ਰ ਭ ਰ   ਹ ਨ   ਓ ਨ੍ਹਾਂ   ਨੂ ੰ   ਟੇ ਢੀ   ਸੋ ਚ - ਵਿ ਚਾ ਰ   ਤੋਂ   ਦੂ ਰ   ਰਿ ਹ ਣਾ   ਚਾ ਹੀ ਦਾ   ਹੈ ,   ਇ ਹ   ਸੋ ਚ   ਕਿ   ਓ ਹ   ਲੋ ਕ   ਜੋ   ਸ ਭ   ਤੋਂ   ਊ ਚੇ   ਸ ਤ ਰ   ਤੇ   ਪੌਂ ਚ   ਗ ਏ   ਹ ਨ   ਓ ਨ੍ਹਾਂ   ਨੂ ੰ   ਹ ੰ ਕਾ ਰ   ਛ ਡ   ਕੇ   ਨਿ ਮ ਰ ਤਾ   ਅ ਪ ਣਾ ਣੀ   ਚਾ ਹੀ ਦੀ   ਹੈ   I",111,47
"ਟੋਕੀਓ ਓਲੰਪੀਕ ਚੱਕਰ ਦੇ ਦੌਰਾਨ, ਮੈਂ ਮਨੋਵਿਗਿਆਨਕ ਕੋਲ ਜਾਂਦਾ ਸੀ, ਪਰ ਕਦੇ ਵੀ ਉਸਨੂੰ ਪਹਿਲ ਨਹੀਂ ਦਿੱਤੀ ਅਤੇ ਆਪਣੇ ਸਰੀਰ ਦਾ ਧਿਆਨ ਨਹੀਂ ਰੱਖਿਆ","ਟੋ ਕੀ ਓ   ਓ ਲ ੰ ਪੀ ਕ   ਚ ੱ ਕ ਰ   ਦੇ   ਦੌ ਰਾ ਨ ,   ਮੈਂ   ਮ ਨੋ ਵਿ ਗਿ ਆ ਨ ਕ   ਕੋ ਲ   ਜਾਂ ਦਾ   ਸੀ ,   ਪ ਰ   ਕ ਦੇ   ਵੀ   ਉ ਸ ਨੂ ੰ   ਪ ਹਿ ਲ   ਨ ਹੀਂ   ਦਿ ੱ ਤੀ   ਅ ਤੇ   ਆ ਪ ਣੇ   ਸ ਰੀ ਰ   ਦਾ   ਧਿ ਆ ਨ   ਨ ਹੀਂ   ਰ ੱ ਖਿ ਆ",66,24
ਮੈਨੂੰ ਅਜੇ ਵੀ ਸਖਤ ਸਿਖਲਾਈ ਦੀ ਲੋੜ ਸੀ,ਮੈ ਨੂ ੰ   ਅ ਜੇ   ਵੀ   ਸ ਖ ਤ   ਸਿ ਖ ਲਾ ਈ   ਦੀ   ਲੋ ੜ   ਸੀ,17,8
"ਇੱਕ ਓਲੰਪੀਅਨ ਹੋਣਾ ਵੱਡੀ ਗੱਲ ਹੈ, ਪਰ ਬਾਅਦ ਵਿੱਚ ਤਣਾਅ ਅਤੇ ਚਿੰਤਾ ਵੀ ਹੁੰਦੀ ਹੈ","ਇ ੱ ਕ   ਓ ਲ ੰ ਪੀ ਅ ਨ   ਹੋ ਣਾ   ਵ ੱ ਡੀ   ਗ ੱ ਲ   ਹੈ ,   ਪ ਰ   ਬਾ ਅ ਦ   ਵਿ ੱ ਚ   ਤ ਣਾ ਅ   ਅ ਤੇ   ਚਿ ੰ ਤਾ   ਵੀ   ਹੁ ੰ ਦੀ   ਹੈ",40,15
"ਅਤੇ ਹਾਂ, ਤੁਸੀਂ ਇੱਕ ਓਲੰਪੀਅਨ ਹੋ, ਪ੍ਰ ਤੁਹਾਨੂੰ ਉਸ ਲਈ ਕਿ ਮਿਲਿਆ","ਅ ਤੇ   ਹਾਂ ,   ਤੁ ਸੀਂ   ਇ ੱ ਕ   ਓ ਲ ੰ ਪੀ ਅ ਨ   ਹੋ ,   ਪ੍ਰ   ਤੁ ਹਾ ਨੂ ੰ   ਉ ਸ   ਲ ਈ   ਕਿ   ਮਿ ਲਿ ਆ",30,12
2014 ਵਿੱਚ ਉਸਦੀ ਮੌਤ ਤੋਂ ਪਹਿਲਾਂ ਮੈਂ ਇਸਨੂੰ ਪ੍ਰਾਪਤ ਨਹੀਂ ਕੀਤਾ ਸੀ,2 0 1 4   ਵਿ ੱ ਚ   ਉ ਸ ਦੀ   ਮੌ ਤ   ਤੋਂ   ਪ ਹਿ ਲਾਂ   ਮੈਂ   ਇ ਸ ਨੂ ੰ   ਪ੍ਰਾ ਪ ਤ   ਨ ਹੀਂ   ਕੀ ਤਾ   ਸੀ,29,12
"ਮੈਨੂੰ ਲੱਗਿਆ ਕਿ ਉਹ ਮੇਰੇ ਨਾਲ ਸਨ, ਅੱਜ ਰਾਤ ਮੈਨੂੰ ਦੇਖ ਰਹੇ ਸਨ","ਮੈ ਨੂ ੰ   ਲ ੱ ਗਿ ਆ   ਕਿ   ਉ ਹ   ਮੇ ਰੇ   ਨਾ ਲ   ਸ ਨ ,   ਅ ੱ ਜ   ਰਾ ਤ   ਮੈ ਨੂ ੰ   ਦੇ ਖ   ਰ ਹੇ   ਸ ਨ",31,13
"ਦਲ ਦੇ ਇੱਕ ਨਾਮਜ਼ਦ ਮੈਂਬਰ ਨੂੰ ਪੈਨਲਟੀ ਬਿੰਦੂ ਤੋਂ ਗੋਲ ਵੱਲ ਸਿਰਫ਼ ਇੱਕ ਵਾਰ ਗੇਂਦ ਨੂੰ ਮਾਰਨ ਦੀ ਇਜਾਜ਼ਤ ਦਿੱਤੀ ਜਾਂਦੀ ਹੈ, ਜਿਸ ਵਿੱਚ ਉਸ ਨੇ ਸਿਰਫ਼ ਗੋਲਕੀਪਰ ਨੂੰ ਖਦੇੜਨ ਦੀ ਲੋੜ ਹੁੰਦੀ ਹੈ","ਦ ਲ   ਦੇ   ਇ ੱ ਕ   ਨਾ ਮ ਜ਼ ਦ   ਮੈਂ ਬ ਰ   ਨੂ ੰ   ਪੈ ਨ ਲ ਟੀ   ਬਿ ੰ ਦੂ   ਤੋਂ   ਗੋ ਲ   ਵ ੱ ਲ   ਸਿ ਰ ਫ਼   ਇ ੱ ਕ   ਵਾ ਰ   ਗੇਂ ਦ   ਨੂ ੰ   ਮਾ ਰ ਨ   ਦੀ   ਇ ਜਾ ਜ਼ ਤ   ਦਿ ੱ ਤੀ   ਜਾਂ ਦੀ   ਹੈ ,   ਜਿ ਸ   ਵਿ ੱ ਚ   ਉ ਸ   ਨੇ   ਸਿ ਰ ਫ਼   ਗੋ ਲ ਕੀ ਪ ਰ   ਨੂ ੰ   ਖ ਦੇ ੜ ਨ   ਦੀ   ਲੋ ੜ   ਹੁ ੰ ਦੀ   ਹੈ",84,34
ਗੋਲਕੀਪਰ ਨੂੰ ਆਪਣੀ ਰੇਖਾ ਤੇ ਹੀ ਰਹਿਣਾ ਪੈਂਦਾ ਹੈ ਜਦੋਂ ਤੱਕ ਗੇਂਦ ਨੂੰ ਕਿੱਕ ਨਹੀਂ ਵਜਦੀ ਅਤੇ ਬਾਕੀ ਖਿਡਰਿਆਂ ਨੂੰ ਪੇਨੱਲਟੀ ਏਰਿਆਂ ਜੋ ਕਿ ਪੇਨੱਲਟੀ ਸਥਾਨ ਦੇ ਪਿਛੇ ਹੈ ਓਥੇ ਰਿਹਣਾ ਪੈਂਦਾ ਹੈ I,ਗੋ ਲ ਕੀ ਪ ਰ   ਨੂ ੰ   ਆ ਪ ਣੀ   ਰੇ ਖਾ   ਤੇ   ਹੀ   ਰ ਹਿ ਣਾ   ਪੈਂ ਦਾ   ਹੈ   ਜ ਦੋਂ   ਤ ੱ ਕ   ਗੇਂ ਦ   ਨੂ ੰ   ਕਿ ੱ ਕ   ਨ ਹੀਂ   ਵ ਜ ਦੀ   ਅ ਤੇ   ਬਾ ਕੀ   ਖਿ ਡ ਰਿ ਆ ਂ   ਨੂ ੰ   ਪੇ ਨ ੱ ਲ ਟੀ   ਏ ਰਿ ਆ ਂ   ਜੋ   ਕਿ   ਪੇ ਨ ੱ ਲ ਟੀ   ਸ ਥਾ ਨ   ਦੇ   ਪਿ ਛੇ   ਹੈ   ਓ ਥੇ   ਰਿ ਹ ਣਾ   ਪੈਂ ਦਾ   ਹੈ   I,80,34
ਸਮੂਹਿਕ ਖੇਡ ਦਾ ਅਰਥ ਹੈ ਸੰਗਠਿਤ ਸਰੀਰਕ ਗਤੀਵਿਧੀ ਜਿਸ ਵਿੱਚ ਖਿਡਾਰੀ ਸਾਂਝਾ ਟੀਚਾ ਪ੍ਰਾਪਤ ਕਰਨ ਲਈ ਇਕੱਠੇ ਹੋ ਕੇ ਕੰਮ ਕਰਦੇ ਹਨ,ਸ ਮੂ ਹਿ ਕ   ਖੇ ਡ   ਦਾ   ਅ ਰ ਥ   ਹੈ   ਸ ੰ ਗ ਠਿ ਤ   ਸ ਰੀ ਰ ਕ   ਗ ਤੀ ਵਿ ਧੀ   ਜਿ ਸ   ਵਿ ੱ ਚ   ਖਿ ਡਾ ਰੀ   ਸਾਂ ਝਾ   ਟੀ ਚਾ   ਪ੍ਰਾ ਪ ਤ   ਕ ਰ ਨ   ਲ ਈ   ਇ ਕ ੱ ਠੇ   ਹੋ   ਕੇ   ਕ ੰ ਮ   ਕ ਰ ਦੇ   ਹ ਨ,58,22
"ਸਮੂਹਿਕ ਖੇਡਾਂ ਵਿੱਚ, ਇੱਕ ਹੀ ਟੀਮ ਦੇ ਲੋਕਾਂ ਦਾ ਸਮੂਹ ਖੇਡ ਕੇ ਜਿੱਤਣ ਦੇ ਉਦੇਸ਼ ਨਾਲ ਮਿਲ ਕੇ ਕੰਮ ਕਰਦਾ ਹੈ","ਸ ਮੂ ਹਿ ਕ   ਖੇ ਡਾਂ   ਵਿ ੱ ਚ ,   ਇ ੱ ਕ   ਹੀ   ਟੀ ਮ   ਦੇ   ਲੋ ਕਾਂ   ਦਾ   ਸ ਮੂ ਹ   ਖੇ ਡ   ਕੇ   ਜਿ ੱ ਤ ਣ   ਦੇ   ਉ ਦੇ ਸ਼   ਨਾ ਲ   ਮਿ ਲ   ਕੇ   ਕ ੰ ਮ   ਕ ਰ ਦਾ   ਹੈ",46,21
"ਟੀਮ ਦੇ ਮੈੰਬਰ ਅੰਕੜੇ ਤੇ ਸਕੋਰ ਰਖਦੇ ਹਨ, ਫੈਸਲੇ ਲੈਂਦੇ ਹਨ, ਆਪਸ ਵਿੱਚ ਵਿਚਾਰ - ਵਟਾਂਦਰਾ ਕਰਦੇ ਹਨ, ਪ੍ਰਤੀਰੋਧ ਹਾਲਾਤ ਨੂੰ ਸੁਲਝਹਾਂਦੇ ਹਨ ਅਤੇ ਆਪਣੇ ਉਦੇਸ਼ਾ ਨੂੰ ਹਾਸਲ ਕਰਨ ਲਈ ਸਮੱਸਿਆਵਾਂ ਨੂੰ ਇੱਕ ਸਹਾਇਕ ਤੇ ਵਿਸ਼ਵਾਸਯੋਗ ਮਾਹੌਲ ਵਿੱਚ ਹੱਲ ਕਰਦੇ ਹਨ I","ਟੀ ਮ   ਦੇ   ਮੈ ੰ ਬ ਰ   ਅ ੰ ਕ ੜ ੇ   ਤੇ   ਸ ਕੋ ਰ   ਰ ਖ ਦੇ   ਹ ਨ ,   ਫੈ ਸ ਲੇ   ਲੈਂ ਦੇ   ਹ ਨ ,   ਆ ਪ ਸ   ਵਿ ੱ ਚ   ਵਿ ਚਾ ਰ   -   ਵ ਟਾਂ ਦ ਰਾ   ਕ ਰ ਦੇ   ਹ ਨ ,   ਪ੍ਰ ਤੀ ਰੋ ਧ   ਹਾ ਲਾ ਤ   ਨੂ ੰ   ਸੁ ਲ ਝ ਹਾਂ ਦੇ   ਹ ਨ   ਅ ਤੇ   ਆ ਪ ਣੇ   ਉ ਦੇ ਸ਼ਾ   ਨੂ ੰ   ਹਾ ਸ ਲ   ਕ ਰ ਨ   ਲ ਈ   ਸ ਮ ੱ ਸਿ ਆ ਵਾਂ   ਨੂ ੰ   ਇ ੱ ਕ   ਸ ਹਾ ਇ ਕ   ਤੇ   ਵਿ ਸ਼ ਵਾ ਸ ਯੋ ਗ   ਮਾ ਹੌ ਲ   ਵਿ ੱ ਚ   ਹ ੱ ਲ   ਕ ਰ ਦੇ   ਹ ਨ   I",121,42
"ਹਲਾਂਕਿ ਉਸਨੇ ਲਹਭਗ ਉਹ ਸਭ ਕੁੱਝ ਪ੍ਰਾਪਤ ਕਰ ਲਿਆ ਸੀ ਜਿਸਦਾ ਸੁਪਨਾ ਉਸਨੇ ਬਾਲੜੇਪਣ 'ਚ ਦੇਖਿਆ ਸੀ, ਵ੍ਹਾਈਟ ਬੂਈ ਨੇ ਟੋਕੀਓ ਤੋਂ ਬਾਅਦ ਅਸੰਤੁਸ਼ਟੀ ਦੀ ਭਾਵਨਾ ਨਾਲ ਛੱਡਿਆ ਸੀ","ਹ ਲਾਂ ਕਿ   ਉ ਸ ਨੇ   ਲ ਹ ਭ ਗ   ਉ ਹ   ਸ ਭ   ਕੁ ੱ ਝ   ਪ੍ਰਾ ਪ ਤ   ਕ ਰ   ਲਿ ਆ   ਸੀ   ਜਿ ਸ ਦਾ   ਸੁ ਪ ਨਾ   ਉ ਸ ਨੇ   ਬਾ ਲ ੜ ੇ ਪ ਣ   ' ਚ   ਦੇ ਖਿ ਆ   ਸੀ ,   ਵ੍ਹਾ ਈ ਟ   ਬੂ ਈ   ਨੇ   ਟੋ ਕੀ ਓ   ਤੋਂ   ਬਾ ਅ ਦ   ਅ ਸ ੰ ਤੁ ਸ਼ ਟੀ   ਦੀ   ਭਾ ਵ ਨਾ   ਨਾ ਲ   ਛ ੱ ਡਿ ਆ   ਸੀ",77,29
ਵਿਸ਼ਵਵਿਆਪੀ ਮਹਾਂਮਾਰੀ ਨੇ ਓਲੰਪਿਕ ਖੇਡਾਂ ਦੇ ਤਜ਼ਰਬੇ ਤੋਂ ਉਤਸ਼ਾਹ ਦੀ ਚਮਕ ਨੂੰ ਕੁੱਝ ਘੱਟ ਕਰ ਦਿੱਤਾ ਹੈ,ਵਿ ਸ਼ ਵ ਵਿ ਆ ਪੀ   ਮ ਹਾਂ ਮਾ ਰੀ   ਨੇ   ਓ ਲ ੰ ਪਿ ਕ   ਖੇ ਡਾਂ   ਦੇ   ਤ ਜ਼ ਰ ਬੇ   ਤੋਂ   ਉ ਤ ਸ਼ਾ ਹ   ਦੀ   ਚ ਮ ਕ   ਨੂ ੰ   ਕੁ ੱ ਝ   ਘ ੱ ਟ   ਕ ਰ   ਦਿ ੱ ਤਾ   ਹੈ,46,17
ਇੱਕ ਪਰਦਰਸ਼ਨੀ ਖੇਡ ਦੇ ਦੋਰਾਨ ਕਿੱਸੇ ਨੇ ਟਿੱਪਣੀ ਦਿਤੀ ਕਿ ਖੇਡਾਰੀ ਗੇਂਦ ਨੂੰ ਨੇਟ ਦੇ ਅਗੇ- ਪਿਛੇ ਸਿਟ ਰਹੇ ਹਨ ਅਤੇ ਇਸ ਕਰਕੇ ਵਾਲੀਬਾਲ ਨਾਂ ਇਸ ਖੇਡ ਦੇ ਲਈ ਜ਼ਿਆਦਾ ਠੀਕ ਹੋਵੇਗਾ I,ਇ ੱ ਕ   ਪ ਰ ਦ ਰ ਸ਼ ਨੀ   ਖੇ ਡ   ਦੇ   ਦੋ ਰਾ ਨ   ਕਿ ੱ ਸੇ   ਨੇ   ਟਿ ੱ ਪ ਣੀ   ਦਿ ਤੀ   ਕਿ   ਖੇ ਡਾ ਰੀ   ਗੇਂ ਦ   ਨੂ ੰ   ਨੇ ਟ   ਦੇ   ਅ ਗੇ -   ਪਿ ਛੇ   ਸਿ ਟ   ਰ ਹੇ   ਹ ਨ   ਅ ਤੇ   ਇ ਸ   ਕ ਰ ਕੇ   ਵਾ ਲੀ ਬਾ ਲ   ਨਾਂ   ਇ ਸ   ਖੇ ਡ   ਦੇ   ਲ ਈ   ਜ਼ ਿ ਆ ਦਾ   ਠੀ ਕ   ਹੋ ਵੇ ਗਾ   I,76,33
"ਵਾਲੀਬਾਲ ਦੇ ਖੇਡ ਦੀ ਖੋਜ, 1895 ਵਿੱਚ ਵਿਲਿਅਮ ਜੀ","ਵਾ ਲੀ ਬਾ ਲ   ਦੇ   ਖੇ ਡ   ਦੀ   ਖੋ ਜ ,   1 8 9 5   ਵਿ ੱ ਚ   ਵਿ ਲਿ ਅ ਮ   ਜੀ",23,9
"ਮਾਰਗਨ ਨੇ ਹੋਲੀਓਕ, ਮੱਸਚੁਸੇੱਟਸ ਦੇ ਵਾਈਐਮਸੀਏ (ਯੂ","ਮਾ ਰ ਗ ਨ   ਨੇ   ਹੋ ਲੀ ਓ ਕ ,   ਮ ੱ ਸ ਚੁ ਸੇ ੱ ਟ ਸ   ਦੇ   ਵਾ ਈ ਐ ਮ ਸੀ ਏ   ( ਯੂ",27,7
ਐਸ,ਐ ਸ,2,1
ਏ,ਏ,1,1
) ਵਿੱਚ ਕੀਤੀ,)   ਵਿ ੱ ਚ   ਕੀ ਤੀ,6,3
"ਫੀਲਡ ਹੋੱਕੀ ਇੱਕ ਖੇਡ ਹੈ ਜਿਸ ਵਿੱਚ ਖਿਡਾਰੀ ਗੋਲ ਲੈਣ ਦੀ ਕੋਸ਼ਿਸ਼ ਕਰਦੇ ਹਨ ਗੇਂਦ ਨੂੰ ਮਾਰ ਕੇ, ਚੱਕ ਕੇ, ਧਕਾ ਦੇ ਜਾਂ ਗੇਂਦ ਨੂੰ ਦੂਜੀ ਟੀਮ ਦੇ ਗੋਲ ਵਿੱਚ ਗੋਲ ਡੰਡੇ ਨਾਲ ਮਾਰ ਕੇ I","ਫੀ ਲ ਡ   ਹੋ ੱ ਕੀ   ਇ ੱ ਕ   ਖੇ ਡ   ਹੈ   ਜਿ ਸ   ਵਿ ੱ ਚ   ਖਿ ਡਾ ਰੀ   ਗੋ ਲ   ਲੈ ਣ   ਦੀ   ਕੋ ਸ਼ਿ ਸ਼   ਕ ਰ ਦੇ   ਹ ਨ   ਗੇਂ ਦ   ਨੂ ੰ   ਮਾ ਰ   ਕੇ ,   ਚ ੱ ਕ   ਕੇ ,   ਧ ਕਾ   ਦੇ   ਜਾਂ   ਗੇਂ ਦ   ਨੂ ੰ   ਦੂ ਜੀ   ਟੀ ਮ   ਦੇ   ਗੋ ਲ   ਵਿ ੱ ਚ   ਗੋ ਲ   ਡ ੰ ਡੇ   ਨਾ ਲ   ਮਾ ਰ   ਕੇ   I",75,36
"ਪਰੰਤੂ ""ਫੀਲਡ ਹੋੱਕੀ"" ਸ਼ਬਦ ਦਾ ਉਪਯੋਹ ਓਨ੍ਹਾਂ ਦੇਸ਼ਾਂ ਵਿੱਚ ਹੁੰਦਾ ਹੈ ਜਿਥੇ ਹੋਰ ਪ੍ਰਕਾਰ ਦੀ ਹੋੱਕੀ ਦੀ ਖੇਡਾਂ ਜਿਵੇ ਕਿ ਆਇਸ ਹੋੱਕੀ ਜਾਂ ਸਟ੍ਰੀਟ ਹੋੱਕੀ ਖੇਡੀ ਜਾਂਦੀ ਹੈ I","ਪ ਰ ੰ ਤੂ   "" ਫੀ ਲ ਡ   ਹੋ ੱ ਕੀ ""   ਸ਼ ਬ ਦ   ਦਾ   ਉ ਪ ਯੋ ਹ   ਓ ਨ੍ਹਾਂ   ਦੇ ਸ਼ਾਂ   ਵਿ ੱ ਚ   ਹੁ ੰ ਦਾ   ਹੈ   ਜਿ ਥੇ   ਹੋ ਰ   ਪ੍ਰ ਕਾ ਰ   ਦੀ   ਹੋ ੱ ਕੀ   ਦੀ   ਖੇ ਡਾਂ   ਜਿ ਵੇ   ਕਿ   ਆ ਇ ਸ   ਹੋ ੱ ਕੀ   ਜਾਂ   ਸ ਟ੍ਰੀ ਟ   ਹੋ ੱ ਕੀ   ਖੇ ਡੀ   ਜਾਂ ਦੀ   ਹੈ   I",67,29
"ਖਿਡਾਰੀਆਂ ਨੂੰ ਡਰੀਬਲਿੰਗ, ਪਾਸਿੰਗ, ਟ੍ਰੈਪਿੰਗ ਅਤੇ ਹਿੱਟ ਕਰਨ ਦੇ ਬੁਨਿਆਦੀ ਹੁਨਰ ਨੂੰ ਸਿੱਖਣਾ ਅਤੇ ਅਭਿਆਸ ਕਰਨਾ ਚਾਹੀਦਾ ਹੈ","ਖਿ ਡਾ ਰੀ ਆ ਂ   ਨੂ ੰ   ਡ ਰੀ ਬ ਲਿ ੰ ਗ ,   ਪਾ ਸਿ ੰ ਗ ,   ਟ੍ਰੈ ਪਿ ੰ ਗ   ਅ ਤੇ   ਹਿ ੱ ਟ   ਕ ਰ ਨ   ਦੇ   ਬੁ ਨਿ ਆ ਦੀ   ਹੁ ਨ ਰ   ਨੂ ੰ   ਸਿ ੱ ਖ ਣਾ   ਅ ਤੇ   ਅ ਭਿ ਆ ਸ   ਕ ਰ ਨਾ   ਚਾ ਹੀ ਦਾ   ਹੈ",58,18
"ਟੀ-20 ਦਾ ਪਹਿਲਾ ਅੰਤਰ-ਰਾਸ਼ਟਰੀ ਮੈਚ ਆਸਟ੍ਰੇਲੀਆ ਅਤੇ ਨਿਊਜੀਲੈਂਡ ਦੀਆਂ ਪੁਰਸ਼ ਟੀਮਾਂ ਵਿਚਾਲੇ 17 ਫ਼ਰਵਰੀ, 2005 ਨੂੰ ਖੇਡਿਆ ਗਿਆ ਸੀ","ਟੀ - 2 0   ਦਾ   ਪ ਹਿ ਲਾ   ਅ ੰ ਤ ਰ - ਰਾ ਸ਼ ਟ ਰੀ   ਮੈ ਚ   ਆ ਸ ਟ੍ਰੇ ਲੀ ਆ   ਅ ਤੇ   ਨਿ ਊ ਜੀ ਲੈਂ ਡ   ਦੀ ਆ ਂ   ਪੁ ਰ ਸ਼   ਟੀ ਮਾਂ   ਵਿ ਚਾ ਲੇ   1 7   ਫ਼ ਰ ਵ ਰੀ ,   2 0 0 5   ਨੂ ੰ   ਖੇ ਡਿ ਆ   ਗਿ ਆ   ਸੀ",61,19
"ਪਹਿਲਾ ਟੀ-20 ਅੰਤਰ-ਰਾਸ਼ਟਰੀ ਮੈਚ 5 ਅਗਸਤ, 2004 ਵਿੱਚ ਇੰਗਲੈਡ ਅਤੇ ਨਿਊਜੀਲੈਂਡ ਦੀਆਂ ਮਹਿਲਾ ਟੀਮਾਂ ਵਿਚਾਲੇ ਹੋਇਆ ਸੀ","ਪ ਹਿ ਲਾ   ਟੀ - 2 0   ਅ ੰ ਤ ਰ - ਰਾ ਸ਼ ਟ ਰੀ   ਮੈ ਚ   5   ਅ ਗ ਸ ਤ ,   2 0 0 4   ਵਿ ੱ ਚ   ਇ ੰ ਗ ਲੈ ਡ   ਅ ਤੇ   ਨਿ ਊ ਜੀ ਲੈਂ ਡ   ਦੀ ਆ ਂ   ਮ ਹਿ ਲਾ   ਟੀ ਮਾਂ   ਵਿ ਚਾ ਲੇ   ਹੋ ਇ ਆ   ਸੀ",58,17
"ਇੰਪੀਰੀਅਲ ਕ੍ਰਿਕਟ ਕਾਫ਼ੰਰਨਸ ਦਾ ਨਾਮ ਬਦਲ ਕੇ ਇੰਟਰਨੈਸ਼ਨਲ ਕ੍ਰਿਕਟ ਕਾਫ਼ੰਰਨਸ (ਬਾਅਦ ਵਿੱਚ, ਕੌਂਸਲ) ਰੱਖਿਆ ਗਿਆ , ਜਿਸ ਨਾਲ ਰਾਸ਼ਟਰ ਮੰਡਲ ਦੇ ਬਾਹਰਲੇ ਦੇਸ਼ ਵੀ ਇਸਦੇ ਮੈਂਬਰ ਬਣ ਸਕਣ","ਇ ੰ ਪੀ ਰੀ ਅ ਲ   ਕ੍ਰਿ ਕ ਟ   ਕਾ ਫ਼ ੰ ਰ ਨ ਸ   ਦਾ   ਨਾ ਮ   ਬ ਦ ਲ   ਕੇ   ਇ ੰ ਟ ਰ ਨੈ ਸ਼ ਨ ਲ   ਕ੍ਰਿ ਕ ਟ   ਕਾ ਫ਼ ੰ ਰ ਨ ਸ   ( ਬਾ ਅ ਦ   ਵਿ ੱ ਚ ,   ਕੌਂ ਸ ਲ )   ਰ ੱ ਖਿ ਆ   ਗਿ ਆ   ,   ਜਿ ਸ   ਨਾ ਲ   ਰਾ ਸ਼ ਟ ਰ   ਮ ੰ ਡ ਲ   ਦੇ   ਬਾ ਹ ਰ ਲੇ   ਦੇ ਸ਼   ਵੀ   ਇ ਸ ਦੇ   ਮੈਂ ਬ ਰ   ਬ ਣ   ਸ ਕ ਣ",89,28
ਇਸ ਦਾ ਮੂਲ ਨਾਂ ਮਿੰਟੋਨੇਟੀ ਸੀ ਅਤੇ ਇਹ ਇੱਕ ਅੰਦਰ ਖੇਡਣ ਵਾਲੀ ਧੀਮੀ ਗਤੀ ਵਾਲਾ ਖੇਡ ਹੈ ਬੂਜੂਰਗਾਂ ਦੇ ਲਈ ਤਾਂ ਜੋ ਓਹ ਗੇਂਦ ਨੂੰ ਹਵਾ ਵਿੱਚ ਉਛਾਲ ਕੇ ਥੋੜੀ ਬਹੁਤ ਕਸਰਤ ਕਰ ਸਕਦੇ ਹਨ I,ਇ ਸ   ਦਾ   ਮੂ ਲ   ਨਾਂ   ਮਿ ੰ ਟੋ ਨੇ ਟੀ   ਸੀ   ਅ ਤੇ   ਇ ਹ   ਇ ੱ ਕ   ਅ ੰ ਦ ਰ   ਖੇ ਡ ਣ   ਵਾ ਲੀ   ਧੀ ਮੀ   ਗ ਤੀ   ਵਾ ਲਾ   ਖੇ ਡ   ਹੈ   ਬੂ ਜੂ ਰ ਗਾਂ   ਦੇ   ਲ ਈ   ਤਾਂ   ਜੋ   ਓ ਹ   ਗੇਂ ਦ   ਨੂ ੰ   ਹ ਵਾ   ਵਿ ੱ ਚ   ਉ ਛਾ ਲ   ਕੇ   ਥੋ ੜ ੀ   ਬ ਹੁ ਤ   ਕ ਸ ਰ ਤ   ਕ ਰ   ਸ ਕ ਦੇ   ਹ ਨ   I,79,36
ਨੈੱਟ ਦੀ ਵਰਤੋਂ ਕਰਨ ਦਾ ਵਿਚਾਰ ਟੈਨਿਸ ਤੋਂ ਲਿਆ ਗਿਆ ਸੀ,ਨੈ ੱ ਟ   ਦੀ   ਵ ਰ ਤੋਂ   ਕ ਰ ਨ   ਦਾ   ਵਿ ਚਾ ਰ   ਟੈ ਨਿ ਸ   ਤੋਂ   ਲਿ ਆ   ਗਿ ਆ   ਸੀ,23,11
"ਆਪਣੇ ਸਾਥੀ ਨੂੰ ਗੇਂਦ ਦੇਣ ਤੋਂ ਪਹਿਲਾਂ, ਟੀਚੇ ਨੂੰ ਦੇਖੋ, ਗੇਂਦ ਦੇ ਵੱਲ ਵਧੋ ਅਤੇ ਸਿਰ ਨੂੰ ਸਥਿਰ ਰੱਖਦੇ ਹੋਏ ਗੇਂਦ ਨੂੰ ਦੇਖੋ","ਆ ਪ ਣੇ   ਸਾ ਥੀ   ਨੂ ੰ   ਗੇਂ ਦ   ਦੇ ਣ   ਤੋਂ   ਪ ਹਿ ਲਾਂ ,   ਟੀ ਚੇ   ਨੂ ੰ   ਦੇ ਖੋ ,   ਗੇਂ ਦ   ਦੇ   ਵ ੱ ਲ   ਵ ਧੋ   ਅ ਤੇ   ਸਿ ਰ   ਨੂ ੰ   ਸ ਥਿ ਰ   ਰ ੱ ਖ ਦੇ   ਹੋ ਏ   ਗੇਂ ਦ   ਨੂ ੰ   ਦੇ ਖੋ",52,23
"ਰੈਫ਼ਰੀ ਨੇ, ਜੋ ਕਿ ਛੇ ਗਜ ਦੂਰ ਸੀ, ਆਪਣੀ ਦੋਵੇਂ ਹਥੇਲੀਆਂ ਹੇਠਾਂ ਨੂੰ ਕਰਕੇ ਬਚਾਅ ਪੱਖ ਨੂੰ ਆਰਾਮ ਨਾਲ ਧੜ-ਫੜ ਕੇ ਨਿਬੜਣ ਦਾ ਇਸ਼ਾਰਾ ਕੀਤਾ","ਰੈ ਫ਼ ਰੀ   ਨੇ ,   ਜੋ   ਕਿ   ਛੇ   ਗ ਜ   ਦੂ ਰ   ਸੀ ,   ਆ ਪ ਣੀ   ਦੋ ਵੇਂ   ਹ ਥੇ ਲੀ ਆ ਂ   ਹੇ ਠਾਂ   ਨੂ ੰ   ਕ ਰ ਕੇ   ਬ ਚਾ ਅ   ਪ ੱ ਖ   ਨੂ ੰ   ਆ ਰਾ ਮ   ਨਾ ਲ   ਧ ੜ - ਫ ੜ   ਕੇ   ਨਿ ਬ ੜ ਣ   ਦਾ   ਇ ਸ਼ਾ ਰਾ   ਕੀ ਤਾ",60,25
ਸੱਤਾਰਵੀਂ ਸ਼ਤਾਬਦੀ ਦੇ ਦੂਜੇ ਅੱਧ ਵਿੱਚ ਕ੍ਰਿਕਟ ਵਿਆਪਕ ਰੂਪ ਵਿੱਚ ਪ੍ਰਸਿੱਧ ਖੇਡ ਬਣ ਗਿਆ ਹੈ,ਸ ੱ ਤਾ ਰ ਵੀਂ   ਸ਼ ਤਾ ਬ ਦੀ   ਦੇ   ਦੂ ਜੇ   ਅ ੱ ਧ   ਵਿ ੱ ਚ   ਕ੍ਰਿ ਕ ਟ   ਵਿ ਆ ਪ ਕ   ਰੂ ਪ   ਵਿ ੱ ਚ   ਪ੍ਰ ਸਿ ੱ ਧ   ਖੇ ਡ   ਬ ਣ   ਗਿ ਆ   ਹੈ,41,15
"ਹੈਮਬਲਡਨ ਕਲੱਬ, ਜਿਸ ਦੀ ਸਥਾਪਨਾ 1750 ਵਿੱਚ ਹੋਈ ਸੀ, ਨੇ ਖੇਡਾਂ ਦੇ ਵਿਕਾਸ ਵਿੱਚ ਅਹਿਮ ਭੂਮਿਕਾ ਨਿਭਾਈ","ਹੈ ਮ ਬ ਲ ਡ ਨ   ਕ ਲ ੱ ਬ ,   ਜਿ ਸ   ਦੀ   ਸ ਥਾ ਪ ਨਾ   1 7 5 0   ਵਿ ੱ ਚ   ਹੋ ਈ   ਸੀ ,   ਨੇ   ਖੇ ਡਾਂ   ਦੇ   ਵਿ ਕਾ ਸ   ਵਿ ੱ ਚ   ਅ ਹਿ ਮ   ਭੂ ਮਿ ਕਾ   ਨਿ ਭਾ ਈ",48,17
ਕ੍ਰਿਕੇਟ ਦੀ ਖੇਡ ਜੋ ਅੱਜ ਖੇਡੀ ਜਾਂਦੀ ਹੈ ਓਹ ਇੰਗਲੈਂਡ ਦੇ ਦੱਖਣ- ਪੂਰਬੀ ਹਿਸੇ ਵਿੱਚ ਆਰੰਭ ਹੋਈ I,ਕ੍ਰਿ ਕੇ ਟ   ਦੀ   ਖੇ ਡ   ਜੋ   ਅ ੱ ਜ   ਖੇ ਡੀ   ਜਾਂ ਦੀ   ਹੈ   ਓ ਹ   ਇ ੰ ਗ ਲੈਂ ਡ   ਦੇ   ਦ ੱ ਖ ਣ -   ਪੂ ਰ ਬੀ   ਹਿ ਸੇ   ਵਿ ੱ ਚ   ਆ ਰ ੰ ਭ   ਹੋ ਈ   I,43,18
ਰਿਬਾਉਂਡ ਦੋ ਕਿਸਮਾਂ ਦੇ ਹੁੰਦੇ ਹਨ : ਅਫੈਨਸਿਵ ਰਿਬਾਉਂਡ ਜਿਸ ਵਿੱਚ ਗੇਂਦ ਨੂੰ ਦੂਜਾ ਪੱਖ ਬਰਾਮਦ ਕਰ ਲੈਂਦਾ ਹੈ ਤੇ ਕਬਜ਼ਾ ਨਹੀਂ ਬਦਲਦੇ ਅਤੇ ਰੱਖਿਆਤਮਕ ਰਿਬਾਉਂਡ ਜਿਸ ਵਿੱਚ ਰੱਖਿਆਤਮਕ ਪੱਖ ਗੇਂਦ ਨੂੰ ਬਰਾਮਦ ਕਰ ਲੈਂਦਾ ਹੈ I,ਰਿ ਬਾ ਉ ਂ ਡ   ਦੋ   ਕਿ ਸ ਮਾਂ   ਦੇ   ਹੁ ੰ ਦੇ   ਹ ਨ   :   ਅ ਫੈ ਨ ਸਿ ਵ   ਰਿ ਬਾ ਉ ਂ ਡ   ਜਿ ਸ   ਵਿ ੱ ਚ   ਗੇਂ ਦ   ਨੂ ੰ   ਦੂ ਜਾ   ਪ ੱ ਖ   ਬ ਰਾ ਮ ਦ   ਕ ਰ   ਲੈਂ ਦਾ   ਹੈ   ਤੇ   ਕ ਬ ਜ਼ ਾ   ਨ ਹੀਂ   ਬ ਦ ਲ ਦੇ   ਅ ਤੇ   ਰ ੱ ਖਿ ਆ ਤ ਮ ਕ   ਰਿ ਬਾ ਉ ਂ ਡ   ਜਿ ਸ   ਵਿ ੱ ਚ   ਰ ੱ ਖਿ ਆ ਤ ਮ ਕ   ਪ ੱ ਖ   ਗੇਂ ਦ   ਨੂ ੰ   ਬ ਰਾ ਮ ਦ   ਕ ਰ   ਲੈਂ ਦਾ   ਹੈ   I,103,37
ਇਹ ਖੇਡ ਵਿੱਚ ਇੱਕ ਅਹਿਮ ਭੂਮਿਕਾ ਨਿਭਾਉਂਦਾ ਹੈ ਕਿਉਂਕਿ ਜਿਆਦਾਂਤਰ ਜਦੋਂ ਟੀਮ ਦਾ ਸ਼ਾਟ ਮਿਸ ਹੋ ਜਾਂਦਾ ਹੈ ਤਾਂ ਉਹਨਾਂ ਦੇ ਹੱਥਾਂ ਵਿੱਚੋਂ ਗੇਂਦ ਨਿਕਲ ਜਾਂਦੀ ਹੈ,ਇ ਹ   ਖੇ ਡ   ਵਿ ੱ ਚ   ਇ ੱ ਕ   ਅ ਹਿ ਮ   ਭੂ ਮਿ ਕਾ   ਨਿ ਭਾ ਉ ਂ ਦਾ   ਹੈ   ਕਿ ਉ ਂ ਕਿ   ਜਿ ਆ ਦਾਂ ਤ ਰ   ਜ ਦੋਂ   ਟੀ ਮ   ਦਾ   ਸ਼ਾ ਟ   ਮਿ ਸ   ਹੋ   ਜਾਂ ਦਾ   ਹੈ   ਤਾਂ   ਉ ਹ ਨਾਂ   ਦੇ   ਹ ੱ ਥਾਂ   ਵਿ ੱ ਚੋਂ   ਗੇਂ ਦ   ਨਿ ਕ ਲ   ਜਾਂ ਦੀ   ਹੈ,63,27
ਰੈਲੀ ਜਾਰੀ ਰਹਿੰਦੀ ਹੈ ਅਤੇ ਹਰੇਕ ਟੀਮ ਨੂੰ ਤਿਨ ਟਚ ਦੀ ਮਨਜ਼ੂਰੀ ਹੁੰਦੀ ਹੈ ਜੱਦ ਤੱਕ ਕੋਈ ਇੱਕ ਟੀਮ ਵਿਪੱਖ ਦੇ ਕੋਰਟ ਵਿੱਚ ਗੇਂਦ ਨਹੀਂ ਸੁਟ ਦਿੰਦੀ ਜਾਂ ਟੀਮ ਕੋਈ ਇੱਕ ਗਲਤੀ ਕਰ ਦੇਂਦੀ ਹੈ ਅਤੇ ਓਹ ਰੈਲੀ ਹਾਰ ਜਾਂਦੇ ਹਨ I,ਰੈ ਲੀ   ਜਾ ਰੀ   ਰ ਹਿ ੰ ਦੀ   ਹੈ   ਅ ਤੇ   ਹ ਰੇ ਕ   ਟੀ ਮ   ਨੂ ੰ   ਤਿ ਨ   ਟ ਚ   ਦੀ   ਮ ਨ ਜ ਼ ੂ ਰੀ   ਹੁ ੰ ਦੀ   ਹੈ   ਜ ੱ ਦ   ਤ ੱ ਕ   ਕੋ ਈ   ਇ ੱ ਕ   ਟੀ ਮ   ਵਿ ਪ ੱ ਖ   ਦੇ   ਕੋ ਰ ਟ   ਵਿ ੱ ਚ   ਗੇਂ ਦ   ਨ ਹੀਂ   ਸੁ ਟ   ਦਿ ੰ ਦੀ   ਜਾਂ   ਟੀ ਮ   ਕੋ ਈ   ਇ ੱ ਕ   ਗ ਲ ਤੀ   ਕ ਰ   ਦੇਂ ਦੀ   ਹੈ   ਅ ਤੇ   ਓ ਹ   ਰੈ ਲੀ   ਹਾ ਰ   ਜਾਂ ਦੇ   ਹ ਨ   I,95,42
ਗੇਂਦ ਫੜਨ ਵਾਲੀ ਟੀਮ ਨੂੰ ਪੱਕਾ ਕਰਨਾ ਹੋਵੇਗਾ ਕਿ ਗੇਂਦ ਉਹਨਾਂ ਵੱਲ ਵਾਲੀ ਕੋਟ ਵਿੱਚ ਨਾ ਅਟਕ ਜਾਵੇ,ਗੇਂ ਦ   ਫ ੜ ਨ   ਵਾ ਲੀ   ਟੀ ਮ   ਨੂ ੰ   ਪ ੱ ਕਾ   ਕ ਰ ਨਾ   ਹੋ ਵੇ ਗਾ   ਕਿ   ਗੇਂ ਦ   ਉ ਹ ਨਾਂ   ਵ ੱ ਲ   ਵਾ ਲੀ   ਕੋ ਟ   ਵਿ ੱ ਚ   ਨਾ   ਅ ਟ ਕ   ਜਾ ਵੇ,42,18
"ਜਿਵੇਂ ਜਿਵੇਂ ਉਹ ਤਰੱਕੀ ਕਰਦੇ ਹਨ , ਹੁਨਰ ਵਧੇਰੇ ਸਥਿਰ ਅਤੇ ਕੁਸ਼ਲ ਬਣਨਾ ਚਾਹੀਦਾ ਹੈ, ਅਤੇ ਖਿਡਾਰੀਆਂ ਨੂੰ ਖੇਡਣ ਦੀਆਂ ਸਥਿਤੀਆਂ ਨੂੰ ਸੈੱਟ ਕਰਨ ਲਈ ਪੇਸ਼ ਕੀਤਾ ਜਾਣਾ ਚਾਹੀਦਾ ਹੈ","ਜਿ ਵੇਂ   ਜਿ ਵੇਂ   ਉ ਹ   ਤ ਰ ੱ ਕੀ   ਕ ਰ ਦੇ   ਹ ਨ   ,   ਹੁ ਨ ਰ   ਵ ਧੇ ਰੇ   ਸ ਥਿ ਰ   ਅ ਤੇ   ਕੁ ਸ਼ ਲ   ਬ ਣ ਨਾ   ਚਾ ਹੀ ਦਾ   ਹੈ ,   ਅ ਤੇ   ਖਿ ਡਾ ਰੀ ਆ ਂ   ਨੂ ੰ   ਖੇ ਡ ਣ   ਦੀ ਆ ਂ   ਸ ਥਿ ਤੀ ਆ ਂ   ਨੂ ੰ   ਸੈ ੱ ਟ   ਕ ਰ ਨ   ਲ ਈ   ਪੇ ਸ਼   ਕੀ ਤਾ   ਜਾ ਣਾ   ਚਾ ਹੀ ਦਾ   ਹੈ",78,30
"ਇਸਨੂੰ ਕਰਨ ਲਈ, ਉਹਨਾਂ ਨੂੰ ਗੇਂਦ ਆਪਣੇ ਅਧਿਕਾਰ ਵਿੱਚ ਰੱਖਣ ਲਈ ਪ੍ਰਭਾਵਕਾਰੀ ਡਰੀਬਲਿੰਗ ਅਤੇ ਖਿਡਾਰੀਆਂ ਨੂੰ ਸਹੀ ਅਤੇ ਤੇਜ਼ ਗੇਂਦਬਾਜ਼ੀ ਸਿੱਖਣੀ ਪਵੇਗੀ","ਇ ਸ ਨੂ ੰ   ਕ ਰ ਨ   ਲ ਈ ,   ਉ ਹ ਨਾਂ   ਨੂ ੰ   ਗੇਂ ਦ   ਆ ਪ ਣੇ   ਅ ਧਿ ਕਾ ਰ   ਵਿ ੱ ਚ   ਰ ੱ ਖ ਣ   ਲ ਈ   ਪ੍ਰ ਭਾ ਵ ਕਾ ਰੀ   ਡ ਰੀ ਬ ਲਿ ੰ ਗ   ਅ ਤੇ   ਖਿ ਡਾ ਰੀ ਆ ਂ   ਨੂ ੰ   ਸ ਹੀ   ਅ ਤੇ   ਤੇ ਜ਼   ਗੇਂ ਦ ਬਾ ਜ਼ ੀ   ਸਿ ੱ ਖ ਣੀ   ਪ ਵੇ ਗੀ",71,22
ਅਤੇ ਕੀ 41 ਸਾਲਾ ਜਲਾਟਨ ਇਬ੍ਰਾਹਿਮੋਵਿਕ ਵਿੱਚ ਅਜੇ ਵੀ ਇੱਕ ਹੋਰ ਸ਼ਾਨਦਾਰ ਗੋਲ ਕਰਨ ਦੀ ਹਿੰਮਤ ਹੈ,ਅ ਤੇ   ਕੀ   4 1   ਸਾ ਲਾ   ਜ ਲਾ ਟ ਨ   ਇ ਬ੍ਰਾ ਹਿ ਮੋ ਵਿ ਕ   ਵਿ ੱ ਚ   ਅ ਜੇ   ਵੀ   ਇ ੱ ਕ   ਹੋ ਰ   ਸ਼ਾ ਨ ਦਾ ਰ   ਗੋ ਲ   ਕ ਰ ਨ   ਦੀ   ਹਿ ੰ ਮ ਤ   ਹੈ,43,17
ਇਹ ਇੱਕ ਅੱਗੇ ਦੀ ਲੜਾਈ ਵਿੱਚ ਆ ਸਕਦਾ ਹੈ,ਇ ਹ   ਇ ੱ ਕ   ਅ ੱ ਗੇ   ਦੀ   ਲ ੜ ਾ ਈ   ਵਿ ੱ ਚ   ਆ   ਸ ਕ ਦਾ   ਹੈ,21,9
ਕਿ ਹੈਰੀ ਕੈਨ ਅਤੇ ਸਨ ਹੇਉਂਗ - ਮਿਨ ਆਪਣੀ ਖ਼ਾਸੀਅਤ ਨਾਲ ਸਭ ਨੂੰ ਹੈਰਾਨ ਕਰ ਦੇਣਗੇ ਜਾਂ ਫਿਰ ਸਾਬਕਾ ਖਿਡਾਰੀ ਤੇ ਅਰਸੇਨਲ ਫੋਰਵਰਡ ਓਲੀਵਿਅਰ ਗਿਰਾਉਂਡ ਸਪੁਰਜ਼ ਨੂੰ ਫਿਰ ਟੱਕਰ ਦੇਣਗੇ,ਕਿ   ਹੈ ਰੀ   ਕੈ ਨ   ਅ ਤੇ   ਸ ਨ   ਹੇ ਉ ਂ ਗ   -   ਮਿ ਨ   ਆ ਪ ਣੀ   ਖ਼ ਾ ਸੀ ਅ ਤ   ਨਾ ਲ   ਸ ਭ   ਨੂ ੰ   ਹੈ ਰਾ ਨ   ਕ ਰ   ਦੇ ਣ ਗੇ   ਜਾਂ   ਫਿ ਰ   ਸਾ ਬ ਕਾ   ਖਿ ਡਾ ਰੀ   ਤੇ   ਅ ਰ ਸੇ ਨ ਲ   ਫੋ ਰ ਵ ਰ ਡ   ਓ ਲੀ ਵਿ ਅ ਰ   ਗਿ ਰਾ ਉ ਂ ਡ   ਸ ਪੁ ਰ ਜ਼   ਨੂ ੰ   ਫਿ ਰ   ਟ ੱ ਕ ਰ   ਦੇ ਣ ਗੇ,83,30
ਇਹ ਅੰਦਰ ਜਾਂ ਬਾਹਰ ਖੇਡਿਆ ਜਾ ਸਕਦਾ ਹੈ,ਇ ਹ   ਅ ੰ ਦ ਰ   ਜਾਂ   ਬਾ ਹ ਰ   ਖੇ ਡਿ ਆ   ਜਾ   ਸ ਕ ਦਾ   ਹੈ,18,8
"ਵਾਲੀਬਾਲ ਦੋ ਟੀਮਾਂ ਵਿਚਾਲੇ ਖੇਡੀ ਜਾਣ ਵਾਲੀ ਇੱਕ ਤੇਜ਼ ਖੇਡ ਹੈ, ਹਰੇਕ ਟੀਮ ਵਿੱਚ ਛੇ ਖਿਡਾਰੀ ਹੁੰਦੇ ਹਨ","ਵਾ ਲੀ ਬਾ ਲ   ਦੋ   ਟੀ ਮਾਂ   ਵਿ ਚਾ ਲੇ   ਖੇ ਡੀ   ਜਾ ਣ   ਵਾ ਲੀ   ਇ ੱ ਕ   ਤੇ ਜ਼   ਖੇ ਡ   ਹੈ ,   ਹ ਰੇ ਕ   ਟੀ ਮ   ਵਿ ੱ ਚ   ਛੇ   ਖਿ ਡਾ ਰੀ   ਹੁ ੰ ਦੇ   ਹ ਨ",42,18
ਇਸ ਦੀ ਥਾਂ ਮੇਰੀਲੀਬੋਨ ਕ੍ਰਿਕੇਟ ਕਲਬ (ਐਮ,ਇ ਸ   ਦੀ   ਥਾਂ   ਮੇ ਰੀ ਲੀ ਬੋ ਨ   ਕ੍ਰਿ ਕੇ ਟ   ਕ ਲ ਬ   ( ਐ ਮ,18,7
ਸਿ,ਸਿ,1,1
"ਸਿ) ਨੇ ਲੈ ਲੀ, ਜਿਸ ਦੇ ਮੁੱਖ ਦਫ਼ਤਰ ਲੋਰਡਜ਼, ਲੰਦਨ ਵਿੱਚ ਸਥਿਤ ਹੈ I","ਸਿ )   ਨੇ   ਲੈ   ਲੀ ,   ਜਿ ਸ   ਦੇ   ਮੁ ੱ ਖ   ਦ ਫ਼ ਤ ਰ   ਲੋ ਰ ਡ ਜ਼ ,   ਲ ੰ ਦ ਨ   ਵਿ ੱ ਚ   ਸ ਥਿ ਤ   ਹੈ   I",33,14
"ਵੀਜ਼ਾ ਵਿਦੇਸ਼ੀ ਆਵਾਸ ਅਧਿਕਾਰੀਆਂ ਦੁਆਰਾ ਵਿਅਕਤੀ ਦੇ ਸਨਦਾਂ ਦੀ ਜਾਂਚ ਕਰਨ ਉਪਰੰਤ ਤਿਆਰ ਕੀਤਾ ਗਿਆ ਇੱਕ ਪ੍ਰਮਾਣ ਪੱਤਰ ਹੈ, ਜਿਸ ਲਈ ਪਾਸਪੋਰਟ 'ਤੇ ਸਟੈਂਪ ਲਾਈ ਜਾਂਦੀ ਹੈ","ਵੀ ਜ਼ ਾ   ਵਿ ਦੇ ਸ਼ੀ   ਆ ਵਾ ਸ   ਅ ਧਿ ਕਾ ਰੀ ਆ ਂ   ਦੁ ਆ ਰਾ   ਵਿ ਅ ਕ ਤੀ   ਦੇ   ਸ ਨ ਦਾਂ   ਦੀ   ਜਾਂ ਚ   ਕ ਰ ਨ   ਉ ਪ ਰ ੰ ਤ   ਤਿ ਆ ਰ   ਕੀ ਤਾ   ਗਿ ਆ   ਇ ੱ ਕ   ਪ੍ਰ ਮਾ ਣ   ਪ ੱ ਤ ਰ   ਹੈ ,   ਜਿ ਸ   ਲ ਈ   ਪਾ ਸ ਪੋ ਰ ਟ   ' ਤੇ   ਸ ਟੈਂ ਪ   ਲਾ ਈ   ਜਾਂ ਦੀ   ਹੈ",75,27
ਓਹ ਵਿਅਕਤੀ ਨੂੰ ਇੱਕ ਦੇਸ਼ ਦੇ ਅੰਦਰ ਆਉਣ ਦਾ ਤੇ ਕੁੱਛ ਸਮੇ ਤਕ ਰਹਿਣ ਦਾ ਅਧਿਕਾਰ ਦਿੰਦਾ ਹੈ I,ਓ ਹ   ਵਿ ਅ ਕ ਤੀ   ਨੂ ੰ   ਇ ੱ ਕ   ਦੇ ਸ਼   ਦੇ   ਅ ੰ ਦ ਰ   ਆ ਉ ਣ   ਦਾ   ਤੇ   ਕੁ ੱ ਛ   ਸ ਮੇ   ਤ ਕ   ਰ ਹਿ ਣ   ਦਾ   ਅ ਧਿ ਕਾ ਰ   ਦਿ ੰ ਦਾ   ਹੈ   I,43,19
ਸਾਰਜੀਨਟ ਕਮੇਟੀ ਦੇ ਮੁਤਾਬਿਕ ਟੁਰਿਸਟ ਟ੍ਰੈਫਿਕ ਕਮੇਟੀ 1948 ਵਿੱਚ ਨਿਯੁਕਤ ਕਿਤੀ ਗਈ ਸੀ I,ਸਾ ਰ ਜੀ ਨ ਟ   ਕ ਮੇ ਟੀ   ਦੇ   ਮੁ ਤਾ ਬਿ ਕ   ਟੁ ਰਿ ਸ ਟ   ਟ੍ਰੈ ਫਿ ਕ   ਕ ਮੇ ਟੀ   1 9 4 8   ਵਿ ੱ ਚ   ਨਿ ਯੁ ਕ ਤ   ਕਿ ਤੀ   ਗ ਈ   ਸੀ   I,40,14
"ਆਕਰਸ਼ਨਣਾ, ਰਿਹਾਇਸ਼,ਸਹਾਇਕ ਸਹੂਲਤਾਂ ਅਤੇ ਆਧਾਰੀ ਸੰਰਚਨਾ ਸੈਰ- ਸਪਾਟੇ ਦੇ ਮੁੱਖ ਤੱਤ ਹਨ I","ਆ ਕ ਰ ਸ ਼ ਨ ਣਾ ,   ਰਿ ਹਾ ਇ ਸ ਼ , ਸ ਹਾ ਇ ਕ   ਸ ਹੂ ਲ ਤਾਂ   ਅ ਤੇ   ਆ ਧਾ ਰੀ   ਸ ੰ ਰ ਚ ਨਾ   ਸੈ ਰ -   ਸ ਪਾ ਟੇ   ਦੇ   ਮੁ ੱ ਖ   ਤ ੱ ਤ   ਹ ਨ   I",48,13
"ਸੈਰ-ਸਪਾਟੇ ਦੇ ਬਿਹਤਰ ਵਿਕਾਸ ਲਈ, ਇਹ ਸਹੂਲਤਾਂ ਸਬੰਧਤ ਖੇਤਰਾਂ ਵਿੱਚ ਵਿਕਸਿਤ ਕੀਤੀਆਂ ਜਾਣੀਆਂ ਚਾਹੀਦੀਆਂ ਹਨ ਅਤੇ ਇਸ ਲਈ ਜਨਤਕ ਦੇ ਨਾਲ-ਨਾਲ ਨਿੱਜੀ ਖੇਤਰ ਨੂੰ ਵੀ ਇਸਦੀ ਅਗਵਾਈ ਕਰਨੀ ਚਾਹੀਦੀ ਹੈ","ਸੈ ਰ - ਸ ਪਾ ਟੇ   ਦੇ   ਬਿ ਹ ਤ ਰ   ਵਿ ਕਾ ਸ   ਲ ਈ ,   ਇ ਹ   ਸ ਹੂ ਲ ਤਾਂ   ਸ ਬ ੰ ਧ ਤ   ਖੇ ਤ ਰਾਂ   ਵਿ ੱ ਚ   ਵਿ ਕ ਸਿ ਤ   ਕੀ ਤੀ ਆ ਂ   ਜਾ ਣੀ ਆ ਂ   ਚਾ ਹੀ ਦੀ ਆ ਂ   ਹ ਨ   ਅ ਤੇ   ਇ ਸ   ਲ ਈ   ਜ ਨ ਤ ਕ   ਦੇ   ਨਾ ਲ - ਨਾ ਲ   ਨਿ ੱ ਜੀ   ਖੇ ਤ ਰ   ਨੂ ੰ   ਵੀ   ਇ ਸ ਦੀ   ਅ ਗ ਵਾ ਈ   ਕ ਰ ਨੀ   ਚਾ ਹੀ ਦੀ   ਹੈ",92,30
"ਕੇਰੇਲਾ ਦਾ ਅੰਤਰਜਲ, ਝੀਲਾਂ, ਸਰੋਵਰ ਅਤੇ ਨਾਲਿਆ ਦਾ ਇੱਕ ਜਟਿਲ ਜਾਲ ਹੈ ਜਿਸ ਦਾ ਰਵਾਇਤੀ ਘਾਹ-ਫੂਸ ਦੀ ਬਣਿਆ ਚਾਵਲ ਦੀ ਕਿਸ਼ਤੀਆਂ ""ਕੈਟੂਵਾਲਮ"" ਤੇ ਚੰਗਾ ਅਨੁਭਵ ਕਿਤਾ ਜਾ ਸਕਦਾ ਹੈ I","ਕੇ ਰੇ ਲਾ   ਦਾ   ਅ ੰ ਤ ਰ ਜ ਲ ,   ਝੀ ਲਾਂ ,   ਸ ਰੋ ਵ ਰ   ਅ ਤੇ   ਨਾ ਲਿ ਆ   ਦਾ   ਇ ੱ ਕ   ਜ ਟਿ ਲ   ਜਾ ਲ   ਹੈ   ਜਿ ਸ   ਦਾ   ਰ ਵਾ ਇ ਤੀ   ਘਾ ਹ - ਫੂ ਸ   ਦੀ   ਬ ਣਿ ਆ   ਚਾ ਵ ਲ   ਦੀ   ਕਿ ਸ਼ ਤੀ ਆ ਂ   "" ਕੈ ਟੂ ਵਾ ਲ ਮ ""   ਤੇ   ਚ ੰ ਗਾ   ਅ ਨੁ ਭ ਵ   ਕਿ ਤਾ   ਜਾ   ਸ ਕ ਦਾ   ਹੈ   I",81,30
"ਕਿਨਾਰੇ 'ਤੇ ਜ਼ਿੰਦਗੀ ਦਾ ਪ੍ਰਦਰਸ਼ਨ, ਹਰੇ ਭਰੇ ਚੌਲਾਂ ਦੇ ਖੇਤ, ਅਤੇ ਕਦੇ-ਕਦਾਈਂ ਮੰਦਰ ਜਾਂ ਚਰਚ ਦੇ ਨਾਲ ਨਾਰੀਅਲ ਦੇ ਬਾਗ, ਜਦੋਂ ਤੁਸੀਂ ਬੈਕਵਾਟਰਾਂ ਵਿੱਚੋਂ ਲੰਘਦੇ ਹੋ","ਕਿ ਨਾ ਰੇ   ' ਤੇ   ਜ਼ ਿ ੰ ਦ ਗੀ   ਦਾ   ਪ੍ਰ ਦ ਰ ਸ਼ ਨ ,   ਹ ਰੇ   ਭ ਰੇ   ਚੌ ਲਾਂ   ਦੇ   ਖੇ ਤ ,   ਅ ਤੇ   ਕ ਦੇ - ਕ ਦਾ ਈ ਂ   ਮ ੰ ਦ ਰ   ਜਾਂ   ਚ ਰ ਚ   ਦੇ   ਨਾ ਲ   ਨਾ ਰੀ ਅ ਲ   ਦੇ   ਬਾ ਗ ,   ਜ ਦੋਂ   ਤੁ ਸੀਂ   ਬੈ ਕ ਵਾ ਟ ਰਾਂ   ਵਿ ੱ ਚੋਂ   ਲ ੰ ਘ ਦੇ   ਹੋ",72,26
ਬੋਧਗਯਾ (ਬਿਹਾਰ) ਓਹ ਥਾਂ ਹੈ ਜਿਥੇ ਰਾਜਕੁਮਾਰ ਸਿਧਾਰਥਾ ਨੂੰ ਮੋਕਸ਼ ਪ੍ਰਾਪਤ ਹੋਈਆਂ ਸੀ ਅਤੇ ਓਹ ਭਗਵਾਨ ਬੁੱਧ ਬਣੇ I,ਬੋ ਧ ਗ ਯਾ   ( ਬਿ ਹਾ ਰ )   ਓ ਹ   ਥਾਂ   ਹੈ   ਜਿ ਥੇ   ਰਾ ਜ ਕੁ ਮਾ ਰ   ਸਿ ਧਾ ਰ ਥਾ   ਨੂ ੰ   ਮੋ ਕ ਸ਼   ਪ੍ਰਾ ਪ ਤ   ਹੋ ਈ ਆ ਂ   ਸੀ   ਅ ਤੇ   ਓ ਹ   ਭ ਗ ਵਾ ਨ   ਬੁ ੱ ਧ   ਬ ਣੇ   I,51,19
ਓਨ੍ਹਾਂ ਨੇ ਡਾਕ ਯਾਤਰੀਆ ਦੀ ਸੁਵਿਧਾ ਦੇ ਲਈ ਸੜਕ ਦੇ ਕਿਨਾਰੇ ਡਾਕ ਬੰਗਲੇ ਤਿਆਰ ਕਿਤੇ I,ਓ ਨ੍ਹਾਂ   ਨੇ   ਡਾ ਕ   ਯਾ ਤ ਰੀ ਆ   ਦੀ   ਸੁ ਵਿ ਧਾ   ਦੇ   ਲ ਈ   ਸ ੜ ਕ   ਦੇ   ਕਿ ਨਾ ਰੇ   ਡਾ ਕ   ਬ ੰ ਗ ਲੇ   ਤਿ ਆ ਰ   ਕਿ ਤੇ   I,35,16
"ਤੁਹਾਨੂੰ ਕਰਨਾਟਕ ਦੀ ਇੱਕ ਮਨਮੋਹਕ ਯਾਤਰਾ 'ਤੇ ਲੈ ਜਾਣ ਵਾਲਾ ਸੁਨਹਿਰੀ ਰੱਥ, ਰਾਜ ਦੇ ਅਮੀਰ ਸੱਭਿਆਚਾਰ ਦਾ ਪੂਰਕ ਹੈ ਅਤੇ ਆਪਣੇ ਆਪ ਵਿੱਚ ਇੱਕ ਚਮਤਕਾਰ ਹੈ","ਤੁ ਹਾ ਨੂ ੰ   ਕ ਰ ਨਾ ਟ ਕ   ਦੀ   ਇ ੱ ਕ   ਮ ਨ ਮੋ ਹ ਕ   ਯਾ ਤ ਰਾ   ' ਤੇ   ਲੈ   ਜਾ ਣ   ਵਾ ਲਾ   ਸੁ ਨ ਹਿ ਰੀ   ਰ ੱ ਥ ,   ਰਾ ਜ   ਦੇ   ਅ ਮੀ ਰ   ਸ ੱ ਭਿ ਆ ਚਾ ਰ   ਦਾ   ਪੂ ਰ ਕ   ਹੈ   ਅ ਤੇ   ਆ ਪ ਣੇ   ਆ ਪ   ਵਿ ੱ ਚ   ਇ ੱ ਕ   ਚ ਮ ਤ ਕਾ ਰ   ਹੈ",72,26
"ਟ੍ਰੇਨ ਦੇ ਕੋਚ ਖ਼ਾਨੇ ਇਤਹਾਸ ਵਿੱਚ ਰਚਿਤ ਹਣ, ਇੱਕ ਆਸਮਾਨ ਦੇ ਪੇਚੀਦਾ ਸ਼ਿਲਪਕਾਰੀ ਦੇ ਥਲੇ ਜੋ ਸਦੀਵੀ ਕਹਾਣੀਆਂ ਦੀ ਦਾਸਤਾ ਦਸਦਾ ਹੈ I","ਟ੍ਰੇ ਨ   ਦੇ   ਕੋ ਚ   ਖ ਼ ਾ ਨੇ   ਇ ਤ ਹਾ ਸ   ਵਿ ੱ ਚ   ਰ ਚਿ ਤ   ਹ ਣ ,   ਇ ੱ ਕ   ਆ ਸ ਮਾ ਨ   ਦੇ   ਪੇ ਚੀ ਦਾ   ਸ ਼ ਿ ਲ ਪ ਕਾ ਰੀ   ਦੇ   ਥ ਲੇ   ਜੋ   ਸ ਦੀ ਵੀ   ਕ ਹਾ ਣੀ ਆ ਂ   ਦੀ   ਦਾ ਸ ਤਾ   ਦ ਸ ਦਾ   ਹੈ   I",61,23
"ਰਾਜਸਥਾਨ ਦੇ ਦਿਲ ਵਿੱਚ, ਬਹੁਤ ਸਾਰੇ ਛੋਟੇ ਕਸਬੇ ਅਤੇ ਪਿੰਡ ਹਨ, ਜੋ ਇਸ ਧਰਤੀ ਦੇ ਅਸਲ ਤੱਤ ਨੂੰ ਪਰਿਭਾਸ਼ਿਤ ਕਰਦੇ ਹਨ","ਰਾ ਜ ਸ ਥਾ ਨ   ਦੇ   ਦਿ ਲ   ਵਿ ੱ ਚ ,   ਬ ਹੁ ਤ   ਸਾ ਰੇ   ਛੋ ਟੇ   ਕ ਸ ਬੇ   ਅ ਤੇ   ਪਿ ੰ ਡ   ਹ ਨ ,   ਜੋ   ਇ ਸ   ਧ ਰ ਤੀ   ਦੇ   ਅ ਸ ਲ   ਤ ੱ ਤ   ਨੂ ੰ   ਪ ਰਿ ਭਾ ਸ਼ਿ ਤ   ਕ ਰ ਦੇ   ਹ ਨ",55,21
ਭਾਰਤ ਇੱਕ ਬਹੁਤ ਭਾਂਤਾ ਅਤੇ ਭਿੰਨਤਾ ਵਾਲਾ ਦੇਸ਼ ਹੈ I,ਭਾ ਰ ਤ   ਇ ੱ ਕ   ਬ ਹੁ ਤ   ਭਾਂ ਤਾ   ਅ ਤੇ   ਭਿ ੰ ਨ ਤਾ   ਵਾ ਲਾ   ਦੇ ਸ਼   ਹੈ   I,23,10
ਸੈਰ-ਸਪਾਟਾ ਭਾਰਤ ਲਈ ਇੱਕ ਵੱਡਾ ਉਦਯੋਗ ਉਭਰ ਕੇ ਨਿਕਲੀਆ ਹੈ I,ਸੈ ਰ - ਸ ਪਾ ਟਾ   ਭਾ ਰ ਤ   ਲ ਈ   ਇ ੱ ਕ   ਵ ੱ ਡਾ   ਉ ਦ ਯੋ ਗ   ਉ ਭ ਰ   ਕੇ   ਨਿ ਕ ਲੀ ਆ   ਹੈ   I,31,11
"ਕੁਦਰਤੀ ਵਾਤਾਵਰਣ ,ਮਹਾਨ ਇਮਾਰਤਾ, ਨੱਚ-ਗਾਣਾ, ਚਿੱਤਰਕਾਰੀ, ਰਹਿਣ-ਸਹਿਣ ਤੇ ਭਾਸ਼ਾਵਾਂ ਸਭ ਮਿਲ ਕੇ ਭਾਰਤ ਨੂੰ ਇੱਕ ਸੈਲਾਨੀਆਂ ਲਈ ਸਵਰਗ ਬਣਾਂਦੇ ਹਨ I","ਕੁ ਦ ਰ ਤੀ   ਵਾ ਤਾ ਵ ਰ ਣ   , ਮ ਹਾ ਨ   ਇ ਮਾ ਰ ਤਾ ,   ਨ ੱ ਚ - ਗਾ ਣਾ ,   ਚਿ ੱ ਤ ਰ ਕਾ ਰੀ ,   ਰ ਹਿ ਣ - ਸ ਹਿ ਣ   ਤੇ   ਭਾ ਸ਼ਾ ਵਾਂ   ਸ ਭ   ਮਿ ਲ   ਕੇ   ਭਾ ਰ ਤ   ਨੂ ੰ   ਇ ੱ ਕ   ਸੈ ਲਾ ਨੀ ਆ ਂ   ਲ ਈ   ਸ ਵ ਰ ਗ   ਬ ਣਾਂ ਦੇ   ਹ ਨ   I",73,21
ਸੈਲਾਨੀਆਂ ਨਾਲ ਗੱਲ-ਬਾਤ ਕਰ ਕੇ ਕਰਮਚਾਰਿਆ ਵਿੱਚ ਖ਼ਾਤਰਦਾਰੀ ਭਾਵਨਾ ਉੱਜਗਰ ਹੁੰਦੀ ਹੈ ਜੋ ਕਿ ਸਥਾਨਕ ਖੇਤਰਾ ਵਿੱਚ ਸੈਰ-ਸਪਾਟੇ ਨਾਲ ਜੁੜੀ ਹੋਈ ਹੈ I,ਸੈ ਲਾ ਨੀ ਆ ਂ   ਨਾ ਲ   ਗ ੱ ਲ - ਬਾ ਤ   ਕ ਰ   ਕੇ   ਕ ਰ ਮ ਚਾ ਰਿ ਆ   ਵਿ ੱ ਚ   ਖ਼ ਾ ਤ ਰ ਦਾ ਰੀ   ਭਾ ਵ ਨਾ   ਉ ੱ ਜ ਗ ਰ   ਹੁ ੰ ਦੀ   ਹੈ   ਜੋ   ਕਿ   ਸ ਥਾ ਨ ਕ   ਖੇ ਤ ਰਾ   ਵਿ ੱ ਚ   ਸੈ ਰ - ਸ ਪਾ ਟੇ   ਨਾ ਲ   ਜੁ ੜ ੀ   ਹੋ ਈ   ਹੈ   I,70,23
"ਡੱਚ ਮਹਿਲ, ਪੁਰਤਗਾਲੀ ਚਰਚਾਂ, ਯਹੂਦੀ ਪ੍ਰਾਰਥਨਾ ਸਥਾਨਾਂ, ਬ੍ਰਿਟਿਸ਼ ਭੰਡਾਰਾਂ ਅਤੇ 14 ਵੀਂ ਸਦੀ ਦੇ ਚੀਨੀ ਮੱਛੀ ਫੜਨ ਵਾਲੇ ਜਾਲਾਂ ਵਿੱਚ ਦੇਖਿਆ ਗਿਆ ਵਿਲੱਖਣ ਆਰਕੀਟੈਕਚਰ, ਕੋਚੀ ਦੇ ਲੰਬੇ ਇਤਿਹਾਸ ਨੂੰ ਇੱਕ ਮਹੱਤਵਪੂਰਨ ਸਮੁੰਦਰੀ ਬੰਦਰਗਾਹ ਅਤੇ ਵਪਾਰਕ ਕੇਂਦਰ ਵਜੋਂ ਦਰਸਾਉਂਦਾ ਹੈ","ਡ ੱ ਚ   ਮ ਹਿ ਲ ,   ਪੁ ਰ ਤ ਗਾ ਲੀ   ਚ ਰ ਚਾਂ ,   ਯ ਹੂ ਦੀ   ਪ੍ਰਾ ਰ ਥ ਨਾ   ਸ ਥਾ ਨਾਂ ,   ਬ੍ਰਿ ਟਿ ਸ਼   ਭ ੰ ਡਾ ਰਾਂ   ਅ ਤੇ   1 4   ਵੀਂ   ਸ ਦੀ   ਦੇ   ਚੀ ਨੀ   ਮ ੱ ਛੀ   ਫ ੜ ਨ   ਵਾ ਲੇ   ਜਾ ਲਾਂ   ਵਿ ੱ ਚ   ਦੇ ਖਿ ਆ   ਗਿ ਆ   ਵਿ ਲ ੱ ਖ ਣ   ਆ ਰ ਕੀ ਟੈ ਕ ਚ ਰ ,   ਕੋ ਚੀ   ਦੇ   ਲ ੰ ਬੇ   ਇ ਤਿ ਹਾ ਸ   ਨੂ ੰ   ਇ ੱ ਕ   ਮ ਹ ੱ ਤ ਵ ਪੂ ਰ ਨ   ਸ ਮੁ ੰ ਦ ਰੀ   ਬ ੰ ਦ ਰ ਗਾ ਹ   ਅ ਤੇ   ਵ ਪਾ ਰ ਕ   ਕੇਂ ਦ ਰ   ਵ ਜੋਂ   ਦ ਰ ਸਾ ਉ ਂ ਦਾ   ਹੈ",127,39
ਨੈਸ਼ਨਲ ਜੋਗਰਾਫ਼ਿਕ ਚੈਨਲ ਨੇ ਜ਼ਿੰਦਗੀ ਵਿੱਚ ਘੱਟੋ-ਘੱਟ ਇੱਕ ਵਾਰ ਦੇਖਣਯੋਗ ਪਹਿਲਿਆਂ 50 ਸੈਲਾਨੀ ਥਾਵਾਂ ਦੀ ਸੂਚੀ ਵਿੱਚ ਕੇਰਲ ਨੂੰ ਸ਼ਾਮਿਲ ਕੀਤਾ ਹੈ,ਨੈ ਸ਼ ਨ ਲ   ਜੋ ਗ ਰਾ ਫ਼ ਿ ਕ   ਚੈ ਨ ਲ   ਨੇ   ਜ਼ ਿ ੰ ਦ ਗੀ   ਵਿ ੱ ਚ   ਘ ੱ ਟੋ - ਘ ੱ ਟ   ਇ ੱ ਕ   ਵਾ ਰ   ਦੇ ਖ ਣ ਯੋ ਗ   ਪ ਹਿ ਲਿ ਆ ਂ   5 0   ਸੈ ਲਾ ਨੀ   ਥਾ ਵਾਂ   ਦੀ   ਸੂ ਚੀ   ਵਿ ੱ ਚ   ਕੇ ਰ ਲ   ਨੂ ੰ   ਸ਼ਾ ਮਿ ਲ   ਕੀ ਤਾ   ਹੈ,68,22
"ਕੇਰਲ ਦੀ ਸੁੰਦਰਤਾ ਇਸਦੇ ਸ਼ਾਂਤ ਸੁਭਾਅ ਵਿੱਚ ਹੈ, ਜਿਸ ਵਿੱਚ ਸ਼ਾਂਤ ਬੈਕਵਾਟਰ, ਬੀਚ, ਪਹਾੜੀ ਸਟੇਸ਼ਨ, ਮਸਾਲੇ ਦੇ ਬਾਗ, ਬਨਸਪਤੀ ਅਤੇ ਜੀਵ-ਜੰਤੂ, ਆਯੁਰਵੇਦ, ਕਿਸ਼ਤੀ ਦੀਆਂ ਦੌੜਾਂ, ਕੁਦਰਤੀ ਬੰਦਰਗਾਹਾਂ ਅਤੇ ਹੋਰ ਬਹੁਤ ਕੁੱਝ ਸ਼ਾਮਿਲ ਹੈ","ਕੇ ਰ ਲ   ਦੀ   ਸੁ ੰ ਦ ਰ ਤਾ   ਇ ਸ ਦੇ   ਸ਼ਾਂ ਤ   ਸੁ ਭਾ ਅ   ਵਿ ੱ ਚ   ਹੈ ,   ਜਿ ਸ   ਵਿ ੱ ਚ   ਸ਼ਾਂ ਤ   ਬੈ ਕ ਵਾ ਟ ਰ ,   ਬੀ ਚ ,   ਪ ਹਾ ੜ ੀ   ਸ ਟੇ ਸ਼ ਨ ,   ਮ ਸਾ ਲੇ   ਦੇ   ਬਾ ਗ ,   ਬ ਨ ਸ ਪ ਤੀ   ਅ ਤੇ   ਜੀ ਵ - ਜ ੰ ਤੂ ,   ਆ ਯੁ ਰ ਵੇ ਦ ,   ਕਿ ਸ਼ ਤੀ   ਦੀ ਆ ਂ   ਦੌ ੜ ਾ ਂ ,   ਕੁ ਦ ਰ ਤੀ   ਬ ੰ ਦ ਰ ਗਾ ਹਾਂ   ਅ ਤੇ   ਹੋ ਰ   ਬ ਹੁ ਤ   ਕੁ ੱ ਝ   ਸ਼ਾ ਮਿ ਲ   ਹੈ",109,33
ਮੂਨਾਰ ਦੇ ਵਿੱਚ ਘਣੇ ਜੰਗਲ ਅਤੇ ਚਾਹ ਦੀ ਪੱਤੀਆਂ ਦੀ ਕਿਆਰੀਆਂ ਹਨ I,ਮੂ ਨਾ ਰ   ਦੇ   ਵਿ ੱ ਚ   ਘ ਣੇ   ਜ ੰ ਗ ਲ   ਅ ਤੇ   ਚਾ ਹ   ਦੀ   ਪ ੱ ਤੀ ਆ ਂ   ਦੀ   ਕਿ ਆ ਰੀ ਆ ਂ   ਹ ਨ   I,32,13
"ਇਨ੍ਹਾਂ ਵਿਚੋਂ, ਕੁੱਛ ਸਮਾਰਕਾ ਯੁ","ਇ ਨ੍ਹਾਂ   ਵਿ ਚੋਂ ,   ਕੁ ੱ ਛ   ਸ ਮਾ ਰ ਕਾ   ਯੁ",13,5
ਐਨ,ਐ ਨ,2,1
ਇ,ਇ,1,1
ਐਸ,ਐ ਸ,2,1
ਸਿ,ਸਿ,1,1
ਓ ਦੁਵਰਾ ਮਾਨਤਾ ਪ੍ਰਾਪਤ ਕਿਤੀ ਹੋਈ ਵਰਲਡ ਹੇਰੀਟੇਜ ਸਾਈਟ ਦੀ ਸੂਚੀ ਵਿੱਚ ਆਉਂਦੀਆਂ ਹਨ I,ਓ   ਦੁ ਵ ਰਾ   ਮਾ ਨ ਤਾ   ਪ੍ਰਾ ਪ ਤ   ਕਿ ਤੀ   ਹੋ ਈ   ਵ ਰ ਲ ਡ   ਹੇ ਰੀ ਟੇ ਜ   ਸਾ ਈ ਟ   ਦੀ   ਸੂ ਚੀ   ਵਿ ੱ ਚ   ਆ ਉ ਂ ਦੀ ਆ ਂ   ਹ ਨ   I,40,15
"ਮਹਾਰਾਸ਼ਟਰ ਨੇ ਸੈਰ-ਸਪਾਟੇ ਨੂੰ ਰਾਜ ਦੇ ਆਰਥਿਕ ਵਿਕਾਸ ਦੇ ਲਈ ਪ੍ਰਮੁੱਖ ਧਿਆਨ ਦੇਣ ਯੋਗ ਖੇਤਰ ਮੰਨਿਆ ਹੈ, ਕਿਉਂਕਿ ਸਾਹਯਾਦਰੀ ਪਹਾੜ ਮਹਾਰਾਸ਼ਟਰ ਦੀ ਰੀੜ ਹੈ","ਮ ਹਾ ਰਾ ਸ਼ ਟ ਰ   ਨੇ   ਸੈ ਰ - ਸ ਪਾ ਟੇ   ਨੂ ੰ   ਰਾ ਜ   ਦੇ   ਆ ਰ ਥਿ ਕ   ਵਿ ਕਾ ਸ   ਦੇ   ਲ ਈ   ਪ੍ਰ ਮੁ ੱ ਖ   ਧਿ ਆ ਨ   ਦੇ ਣ   ਯੋ ਗ   ਖੇ ਤ ਰ   ਮ ੰ ਨਿ ਆ   ਹੈ ,   ਕਿ ਉ ਂ ਕਿ   ਸਾ ਹ ਯਾ ਦ ਰੀ   ਪ ਹਾ ੜ   ਮ ਹਾ ਰਾ ਸ਼ ਟ ਰ   ਦੀ   ਰੀ ੜ   ਹੈ",70,24
"ਹਵਾਈ ਅੱਡਾ 'ਤੇ ਸੁਆਗਤ ਸੇਵਾ ਸੈਲਾਨੀਆਂ ਅਤੇ ਕੰਪਨੀ ਦੋਵਾਂ ਲਈ ਹੀ ਬਹੁਤ ਮਹੱਤਵਪੂਰਨ ਸੇਵਾ ਹੈ ਕਿਉਂਕਿ ਇਹ ਸੈਲਾਨੀਆਂ ਨੂੰ ਆਗਮਨ ਅਤੇ ਵਿਦਾਈ ਸਮੇਂ ਸੌਖੇ ਸੈਰ ਸਪਾਟੇ, ਤਬਾਦਲੇ ਵਿੱਚ ਮੱਦਦ ਅਤੇ ਪਰਿਵਾਰ ਸਮੇਤ ਸਫ਼ਰ ਵਿੱਚ ਸਹਾਈ ਹੁੰਦੀ ਹੈ ਅਤੇ ਹਵਾਈ ਅੱਡੇ 'ਤੇ ਛੇਤੀ, ਨਿਰਵਿਘਨ ਅਤੇ ਸੁਰੱਖਿਅਤ ਆਵਾਜਾਈ ਨੂੰ ਨਿਸ਼ਚਿਤ ਕਰਦੀ ਹੈ","ਹ ਵਾ ਈ   ਅ ੱ ਡਾ   ' ਤੇ   ਸੁ ਆ ਗ ਤ   ਸੇ ਵਾ   ਸੈ ਲਾ ਨੀ ਆ ਂ   ਅ ਤੇ   ਕ ੰ ਪ ਨੀ   ਦੋ ਵਾਂ   ਲ ਈ   ਹੀ   ਬ ਹੁ ਤ   ਮ ਹ ੱ ਤ ਵ ਪੂ ਰ ਨ   ਸੇ ਵਾ   ਹੈ   ਕਿ ਉ ਂ ਕਿ   ਇ ਹ   ਸੈ ਲਾ ਨੀ ਆ ਂ   ਨੂ ੰ   ਆ ਗ ਮ ਨ   ਅ ਤੇ   ਵਿ ਦਾ ਈ   ਸ ਮੇਂ   ਸੌ ਖੇ   ਸੈ ਰ   ਸ ਪਾ ਟੇ ,   ਤ ਬਾ ਦ ਲੇ   ਵਿ ੱ ਚ   ਮ ੱ ਦ ਦ   ਅ ਤੇ   ਪ ਰਿ ਵਾ ਰ   ਸ ਮੇ ਤ   ਸ ਫ਼ ਰ   ਵਿ ੱ ਚ   ਸ ਹਾ ਈ   ਹੁ ੰ ਦੀ   ਹੈ   ਅ ਤੇ   ਹ ਵਾ ਈ   ਅ ੱ ਡੇ   ' ਤੇ   ਛੇ ਤੀ ,   ਨਿ ਰ ਵਿ ਘ ਨ   ਅ ਤੇ   ਸੁ ਰ ੱ ਖਿ ਅ ਤ   ਆ ਵਾ ਜਾ ਈ   ਨੂ ੰ   ਨਿ ਸ਼ ਚਿ ਤ   ਕ ਰ ਦੀ   ਹੈ",149,50
ਪੱਛਮੀ ਘਾਟ ਤੇ ਅਰਬ ਸਾਗਰ ਦੇ ਵਿਚਾਲੇ 720 ਕਿਲੋਮਿਟਰ ਲੰਬੀ ਪੱਟੀ ਵਿੱਚ ਛੁਪੇ ਹੋਏ ਤਟ ਅਤੇ ਕੰਡੇ ਹਨ I,ਪ ੱ ਛ ਮੀ   ਘਾ ਟ   ਤੇ   ਅ ਰ ਬ   ਸਾ ਗ ਰ   ਦੇ   ਵਿ ਚਾ ਲੇ   7 2 0   ਕਿ ਲੋ ਮਿ ਟ ਰ   ਲ ੰ ਬੀ   ਪ ੱ ਟੀ   ਵਿ ੱ ਚ   ਛੁ ਪੇ   ਹੋ ਏ   ਤ ਟ   ਅ ਤੇ   ਕ ੰ ਡੇ   ਹ ਨ   I,48,19
"ਇਹ ਇਕਾਂਤ ਸਮੁੰਦਰ ਦੇ ਕੰਡੇ , ਜੰਗਲੀ ਤੇ ਤਸਦੀਕ ਪਸ਼ਚਿਮ ਘਾਟ , ਗੋਆ ਦੇ ਰੋਲੇ-ਰਪੇ ਤੋ ਇੱਕ ਸ਼ਾਂਤ ਵਿਕਲਪ ਹੈ I","ਇ ਹ   ਇ ਕਾਂ ਤ   ਸ ਮੁ ੰ ਦ ਰ   ਦੇ   ਕ ੰ ਡੇ   ,   ਜ ੰ ਗ ਲੀ   ਤੇ   ਤ ਸ ਦੀ ਕ   ਪ ਸ਼ ਚਿ ਮ   ਘਾ ਟ   ,   ਗੋ ਆ   ਦੇ   ਰੋ ਲੇ - ਰ ਪੇ   ਤੋ   ਇ ੱ ਕ   ਸ਼ਾਂ ਤ   ਵਿ ਕ ਲ ਪ   ਹੈ   I",51,21
"ਪੇਰਿਆਰ, ਕੇਰਲ ਦੇ ਮਸਾਲਿਆਂ ਦੇ ਬਾਗਾਂ ਦਾ ਕੇਂਦਰ, ਆਪਣੇ ਵਣ-ਜੀਵਨ ਅਤੇ ਜੰਗਲੀ ਜੀਵ ਰਾਖੀ ਲਈ ਮਸ਼ਹੂਰ ਹੈ, ਜਿਸਦਾ ਉੱਚ ਅਨੁਭਵ ਪੇਰਿਆਰ ਝੀਲ ਵਿੱਚ ਬੋਟ ਕਰੂਜ਼ ਕਰਦੇ ਹੋਏ ਕੀਤਾ ਜਾਂ ਸਕਦਾ ਹੈ","ਪੇ ਰਿ ਆ ਰ ,   ਕੇ ਰ ਲ   ਦੇ   ਮ ਸਾ ਲਿ ਆ ਂ   ਦੇ   ਬਾ ਗਾਂ   ਦਾ   ਕੇਂ ਦ ਰ ,   ਆ ਪ ਣੇ   ਵ ਣ - ਜੀ ਵ ਨ   ਅ ਤੇ   ਜ ੰ ਗ ਲੀ   ਜੀ ਵ   ਰਾ ਖੀ   ਲ ਈ   ਮ ਸ਼ ਹੂ ਰ   ਹੈ ,   ਜਿ ਸ ਦਾ   ਉ ੱ ਚ   ਅ ਨੁ ਭ ਵ   ਪੇ ਰਿ ਆ ਰ   ਝੀ ਲ   ਵਿ ੱ ਚ   ਬੋ ਟ   ਕ ਰੂ ਜ਼   ਕ ਰ ਦੇ   ਹੋ ਏ   ਕੀ ਤਾ   ਜਾਂ   ਸ ਕ ਦਾ   ਹੈ",85,31
"ਇਸ ਤੋਂ ਇਲਾਵਾ, ਵੀ ਕਈ ਦਫ਼ਤਰ ਹਨ ਜੋ ਅੰਤਰਰਾਸ਼ਟਰੀ ਸੈਰ- ਸਪਾਟੇ ਦੇ ਨਜਿਰੀਏ ਤੋਂ ਜ਼ਰੂਰੀ ਹਨ I","ਇ ਸ   ਤੋਂ   ਇ ਲਾ ਵਾ ,   ਵੀ   ਕ ਈ   ਦ ਫ਼ ਤ ਰ   ਹ ਨ   ਜੋ   ਅ ੰ ਤ ਰ ਰਾ ਸ਼ ਟ ਰੀ   ਸੈ ਰ -   ਸ ਪਾ ਟੇ   ਦੇ   ਨ ਜਿ ਰੀ ਏ   ਤੋਂ   ਜ਼ ਰੂ ਰੀ   ਹ ਨ   I",43,17
"ਸ਼੍ਰੇਨਗਰ ਵਿੱਚ, ਸ਼ਿਕਾਰਾਂ ਤੇ ਝੀਲ ਦੀ ਸੈਰ ਕਰਨਾ ਤੇ ਪਾਣੀ ਤੇ ਲੱਕੜ ਦੇ ਘਰਾਂ ਵਿੱਚ ਰਿਹਣਾ ਇੱਕ ਵਿਲੱਖਣ ਤਜਰਬਾ ਹੈ I","ਸ਼੍ਰੇ ਨ ਗ ਰ   ਵਿ ੱ ਚ ,   ਸ਼ਿ ਕਾ ਰਾਂ   ਤੇ   ਝੀ ਲ   ਦੀ   ਸੈ ਰ   ਕ ਰ ਨਾ   ਤੇ   ਪਾ ਣੀ   ਤੇ   ਲ ੱ ਕ ੜ   ਦੇ   ਘ ਰਾਂ   ਵਿ ੱ ਚ   ਰਿ ਹ ਣਾ   ਇ ੱ ਕ   ਵਿ ਲ ੱ ਖ ਣ   ਤ ਜ ਰ ਬਾ   ਹੈ   I",51,21
"ਜਿਵੇ ਭਾਰਤ ਦੇ ਨਕਸ਼ੇ ਉਤੇ ਕਸ਼ਮੀਰ ਇੱਕ ਜੌਹਰ ਤਾਜ ਵਾਂਗ ਸਜਿਆ ਹੋਇਆ ਹੈ ਓਦਾ ਹੀ ਓਹ ਮੌਸਮ ਅਨੁਸਾਰ ਆਪਣੇ ਰੰਗ ਬਦਲਦਾ ਹੈ , ਜਦੋਂ ਪਹਾੜੀਆਂ ਤੇ ਬਰਫ਼ ਦੀ ਇੱਕ ਚਾਦਰ ਬਿਛ ਜਾਂਦੀ ਹੈ , ਓਥੇ ਢਲਾਨ ਤੇ ਸਕਿੰਗ ਅਤੇ ਸਲੇਦਜ ਸਵਾਰੀ ਹੁੰਦੀ ਹੈ; ਬਸੰਤ ਤੇ ਗਰਮੀਆਂ ਵਿੱਚ ਬਗੀਚੇ, ਛਲ-ਛਲ ਕਰਦੀ ਝੀਲਾਂ ਜੋ ਇਸ ਵਾਦੀ ਨੂੰ ਹੋਰ ਵੀ ਖੂਬਸੂਰਤ ਬਣਾਉਂਦੇ ਹਨ I","ਜਿ ਵੇ   ਭਾ ਰ ਤ   ਦੇ   ਨ ਕ ਸ਼ੇ   ਉ ਤੇ   ਕ ਸ਼ ਮੀ ਰ   ਇ ੱ ਕ   ਜੌ ਹ ਰ   ਤਾ ਜ   ਵਾਂ ਗ   ਸ ਜਿ ਆ   ਹੋ ਇ ਆ   ਹੈ   ਓ ਦਾ   ਹੀ   ਓ ਹ   ਮੌ ਸ ਮ   ਅ ਨੁ ਸਾ ਰ   ਆ ਪ ਣੇ   ਰ ੰ ਗ   ਬ ਦ ਲ ਦਾ   ਹੈ   ,   ਜ ਦੋਂ   ਪ ਹਾ ੜ ੀ ਆ ਂ   ਤੇ   ਬ ਰ ਫ਼   ਦੀ   ਇ ੱ ਕ   ਚਾ ਦ ਰ   ਬਿ ਛ   ਜਾਂ ਦੀ   ਹੈ   ,   ਓ ਥੇ   ਢ ਲਾ ਨ   ਤੇ   ਸ ਕਿ ੰ ਗ   ਅ ਤੇ   ਸ ਲੇ ਦ ਜ   ਸ ਵਾ ਰੀ   ਹੁ ੰ ਦੀ   ਹੈ ;   ਬ ਸ ੰ ਤ   ਤੇ   ਗ ਰ ਮੀ ਆ ਂ   ਵਿ ੱ ਚ   ਬ ਗੀ ਚੇ ,   ਛ ਲ - ਛ ਲ   ਕ ਰ ਦੀ   ਝੀ ਲਾਂ   ਜੋ   ਇ ਸ   ਵਾ ਦੀ   ਨੂ ੰ   ਹੋ ਰ   ਵੀ   ਖੂ ਬ ਸੂ ਰ ਤ   ਬ ਣਾ ਉ ਂ ਦੇ   ਹ ਨ   I",155,61
ਇਸ ਉਦਯੋਗ ਤੋਂ 2015 ਦੇ ਵਿੱਚ ਭਾਰਤ ਦੀ ਵਿਦੇਸ਼ੀ ਮੁਦਰਾ ਕਮਾਈ 16,ਇ ਸ   ਉ ਦ ਯੋ ਗ   ਤੋਂ   2 0 1 5   ਦੇ   ਵਿ ੱ ਚ   ਭਾ ਰ ਤ   ਦੀ   ਵਿ ਦੇ ਸ ਼ ੀ   ਮੁ ਦ ਰਾ   ਕ ਮਾ ਈ   1 6,32,12
94 ਕਰੋੜ ਡੋੱਲਰ ਸੀ I,9 4   ਕ ਰੋ ੜ   ਡੋ ੱ ਲ ਰ   ਸੀ   I,11,5
ਅਜੰਤਾ ਦੀ ਗੁਫ਼ਾ ਦੀ ਤਰਹ ਬਾਗ਼ ਗੁਫ਼ਾਵਾ ਵੀ ਇੱਕ ਲੰਬਵਤ ਰੇਤੀਲਾ ਪੱਥਰ ਤੇ ਪਹਾੜੀ ਦੇ ਸਾਮਨ੍ਹੇ ਖੁਦੀ ਹੋਈ ਹੈ ਅਤੇ ਇਹ ਬਾਗਹਾਨੀ ਨਦੀ ਦੇ ਪਾਰ ਹੈ I,ਅ ਜ ੰ ਤਾ   ਦੀ   ਗੁ ਫ਼ ਾ   ਦੀ   ਤ ਰ ਹ   ਬਾ ਗ਼   ਗੁ ਫ਼ ਾ ਵਾ   ਵੀ   ਇ ੱ ਕ   ਲ ੰ ਬ ਵ ਤ   ਰੇ ਤੀ ਲਾ   ਪ ੱ ਥ ਰ   ਤੇ   ਪ ਹਾ ੜ ੀ   ਦੇ   ਸਾ ਮ ਨ੍ਹੇ   ਖੁ ਦੀ   ਹੋ ਈ   ਹੈ   ਅ ਤੇ   ਇ ਹ   ਬਾ ਗ ਹਾ ਨੀ   ਨ ਦੀ   ਦੇ   ਪਾ ਰ   ਹੈ   I,63,27
"ਰਾਜ ਨੇ 1969 ਵਿੱਚ ਸੈਰ-ਸਪਾਟੇ ਲਈ ਇੱਕ ਵੱਖਰਾ ਵਿਭਾਗ ਸਥਾਪਿਤ ਕੀਤਾ, ਪਰ 1975 ਵਿੱਚ ਸੈਰ-ਸਪਾਟੇ ਨੂੰ ਉਤਸਾਹਿਤ ਕਰਨ ਲਈ ਮਹਾਰਾਸ਼ਟਰ ਰਾਜ ਸੈਰ-ਸਪਾਟਾ ਵਿਕਾਸ ਕਾਰਪੋਰੇਸ਼ਨ (ਐਮ ਟੀ ਡੀ ਸੀ) ਵੱਲੋਂ ਇੱਕ ਸਰਕਾਰੀ ਸੰਸਥਾ ਦੀ ਸਥਾਪਨਾ ਕੀਤੀ ਗੇਈ","ਰਾ ਜ   ਨੇ   1 9 6 9   ਵਿ ੱ ਚ   ਸੈ ਰ - ਸ ਪਾ ਟੇ   ਲ ਈ   ਇ ੱ ਕ   ਵ ੱ ਖ ਰਾ   ਵਿ ਭਾ ਗ   ਸ ਥਾ ਪਿ ਤ   ਕੀ ਤਾ ,   ਪ ਰ   1 9 7 5   ਵਿ ੱ ਚ   ਸੈ ਰ - ਸ ਪਾ ਟੇ   ਨੂ ੰ   ਉ ਤ ਸਾ ਹਿ ਤ   ਕ ਰ ਨ   ਲ ਈ   ਮ ਹਾ ਰਾ ਸ਼ ਟ ਰ   ਰਾ ਜ   ਸੈ ਰ - ਸ ਪਾ ਟਾ   ਵਿ ਕਾ ਸ   ਕਾ ਰ ਪੋ ਰੇ ਸ਼ ਨ   ( ਐ ਮ   ਟੀ   ਡੀ   ਸੀ )   ਵ ੱ ਲੋਂ   ਇ ੱ ਕ   ਸ ਰ ਕਾ ਰੀ   ਸ ੰ ਸ ਥਾ   ਦੀ   ਸ ਥਾ ਪ ਨਾ   ਕੀ ਤੀ   ਗੇ ਈ",115,36
"ਭਾਰਤ ਦੇ ਸੱਭਿਆਚਾਰਕ ਅਤੇ ਧਾਰਮਿਕ ਵਿਰਾਸਤ ਅਤੇ ਵਿਭਿੰਨ ਕੁਦਰਤੀ ਆਕਰਸ਼ਣ ਦੇ ਕਾਰਣ ਸੈਰ-ਸਪਾਟਾ ਖੇਤਰ ਦੇ ਵਿਕਾਸ ਕਰਨ ਦੀ ਸੰਭਾਵਨਾ ਵੱਧ ਹੈ, ਪਰ ਵਿਸ਼ਵ ਸੈਰ-ਸਪਾਟੇ ਦੇ ਪਰਿਦ੍ਰਿਸ਼ ਦੀ ਤੁਲਨਾ ਵਿੱਚ ਇਸਦੀ ਭੂਮਿਕਾ ਘੱਟ ਰਹੀ ਹੈ","ਭਾ ਰ ਤ   ਦੇ   ਸ ੱ ਭਿ ਆ ਚਾ ਰ ਕ   ਅ ਤੇ   ਧਾ ਰ ਮਿ ਕ   ਵਿ ਰਾ ਸ ਤ   ਅ ਤੇ   ਵਿ ਭਿ ੰ ਨ   ਕੁ ਦ ਰ ਤੀ   ਆ ਕ ਰ ਸ਼ ਣ   ਦੇ   ਕਾ ਰ ਣ   ਸੈ ਰ - ਸ ਪਾ ਟਾ   ਖੇ ਤ ਰ   ਦੇ   ਵਿ ਕਾ ਸ   ਕ ਰ ਨ   ਦੀ   ਸ ੰ ਭਾ ਵ ਨਾ   ਵ ੱ ਧ   ਹੈ ,   ਪ ਰ   ਵਿ ਸ਼ ਵ   ਸੈ ਰ - ਸ ਪਾ ਟੇ   ਦੇ   ਪ ਰਿ ਦ੍ਰਿ ਸ਼   ਦੀ   ਤੁ ਲ ਨਾ   ਵਿ ੱ ਚ   ਇ ਸ ਦੀ   ਭੂ ਮਿ ਕਾ   ਘ ੱ ਟ   ਰ ਹੀ   ਹੈ",102,34
ਸੈਰ ਸਪਾਟਾ 20 ਸੇਂਚੁਰੀ ਦਾ ਸਭ ਤੋ ਵਡਾ ਉਦਯੋਗ ਨਿਕਲ ਕੇ ਆਈਆਂ ਹੈ ਅਤੇ ਇਸਦੀ 21 ਸੇਂਚੁਰੀ ਵਿੱਚ ਹੋਰ ਵੀ ਜ਼ਿਆਦਾ ਵਧਣ ਦੀ ਆਸ਼ੰਕਾ ਹੈ I,ਸੈ ਰ   ਸ ਪਾ ਟਾ   2 0   ਸੇਂ ਚੁ ਰੀ   ਦਾ   ਸ ਭ   ਤੋ   ਵ ਡਾ   ਉ ਦ ਯੋ ਗ   ਨਿ ਕ ਲ   ਕੇ   ਆ ਈ ਆ ਂ   ਹੈ   ਅ ਤੇ   ਇ ਸ ਦੀ   2 1   ਸੇਂ ਚੁ ਰੀ   ਵਿ ੱ ਚ   ਹੋ ਰ   ਵੀ   ਜ਼ ਿ ਆ ਦਾ   ਵ ਧ ਣ   ਦੀ   ਆ ਸ਼ ੰ ਕਾ   ਹੈ   I,59,26
ਸੈਰ-ਸਪਾਟਾ ਸਾਡਾ ਕਾਰੋਬਾਰ ਹੈ ਪਰੰਤੂ ਹਰੇਕ ਟੂਰ ਯਾਤਰੀ ਇੱਕ ਇੱਕ ਅਨੋਖੀ ਯਾਦ ਹੈ I,ਸੈ ਰ - ਸ ਪਾ ਟਾ   ਸਾ ਡਾ   ਕਾ ਰੋ ਬਾ ਰ   ਹੈ   ਪ ਰ ੰ ਤੂ   ਹ ਰੇ ਕ   ਟੂ ਰ   ਯਾ ਤ ਰੀ   ਇ ੱ ਕ   ਇ ੱ ਕ   ਅ ਨੋ ਖੀ   ਯਾ ਦ   ਹੈ   I,38,14
"ਯਾਤਰੀ ਦੇ ਦਸਤਾਵੇਜ਼ਾ ਵਿੱਚ ਪਾਸਪੋਰਟ,ਵਿਜ਼ਾ,ਮੁਦਰਾ ਪ੍ਰਮਾਣ ਪੱਤਰ ਜਾਂ ਮੁਦਰਾ ਦੀ ਪਾਸਪੋਰਟ ਵਿੱਚ ਤਸਦੀਕ, ਆਮਦਨ ਮਸੂਲ, ਸਿਹਤ ਪ੍ਰਮਾਣ ਪੱਤਰ ਆਦਿ ਆਉਂਦੇ ਹਨ I","ਯਾ ਤ ਰੀ   ਦੇ   ਦ ਸ ਤਾ ਵੇ ਜ਼ ਾ   ਵਿ ੱ ਚ   ਪਾ ਸ ਪੋ ਰ ਟ , ਵਿ ਜ਼ ਾ , ਮੁ ਦ ਰਾ   ਪ੍ਰ ਮਾ ਣ   ਪ ੱ ਤ ਰ   ਜਾਂ   ਮੁ ਦ ਰਾ   ਦੀ   ਪਾ ਸ ਪੋ ਰ ਟ   ਵਿ ੱ ਚ   ਤ ਸ ਦੀ ਕ ,   ਆ ਮ ਦ ਨ   ਮ ਸੂ ਲ ,   ਸਿ ਹ ਤ   ਪ੍ਰ ਮਾ ਣ   ਪ ੱ ਤ ਰ   ਆ ਦਿ   ਆ ਉ ਂ ਦੇ   ਹ ਨ   I",78,22
"ਇਨ੍ਹਾਂ ਵਿੱਚ ਕੁੱਛ ਤਿਉਹਾਰ ਹਨ ਏਲੋਰਾ ਤਿਉਹਾਰ, ਪੂਨਾ ਗਨੇਸ਼ ਤਿਉਹਾਰ, ਘਾਰਾਪੂਰੀ ਤਿਉਹਾਰ ,ਮੁਰੁੜ (ਰੇਆਈਗਾਡ) ਵਿੱਚ ਪਰਯਾਤਨ ਮਹਾਤੋਸਵ ਅਤੇ ਹੋਰ I","ਇ ਨ੍ਹਾਂ   ਵਿ ੱ ਚ   ਕੁ ੱ ਛ   ਤਿ ਉ ਹਾ ਰ   ਹ ਨ   ਏ ਲੋ ਰਾ   ਤਿ ਉ ਹਾ ਰ ,   ਪੂ ਨਾ   ਗ ਨੇ ਸ਼   ਤਿ ਉ ਹਾ ਰ ,   ਘਾ ਰਾ ਪੂ ਰੀ   ਤਿ ਉ ਹਾ ਰ   , ਮੁ ਰੁ ੜ   ( ਰੇ ਆ ਈ ਗਾ ਡ )   ਵਿ ੱ ਚ   ਪ ਰ ਯਾ ਤ ਨ   ਮ ਹਾ ਤੋ ਸ ਵ   ਅ ਤੇ   ਹੋ ਰ   I",69,20
"ਕਾਰਪੋਰੇਸ਼ਨ ਦੇ ਅਗਵਾਈ ਹੇਠ, ਬਹੁਤ ਸਾਰੇ ਸੈਲਾਨੀ ਘਰ, ਰਿਜ਼ੋਰਟ ਅਤੇ ਹੋਟਲ ਕਈ ਸੈਰ-ਸਪਾਟਾ ਸਾਈਟਾਂ ਤੋਂ ਸੈਲਾਨੀਆਂ ਨੂੰ ਅਨੁਕੂਲਿਤ ਕਰਨ ਅਤੇ ਗਾਈਡਡ ਟੂਰ ਦਾ ਪ੍ਰਬੰਧ ਕਰਨ ਲਈ ਕੰਮ ਕਰਦੇ ਹਨ","ਕਾ ਰ ਪੋ ਰੇ ਸ਼ ਨ   ਦੇ   ਅ ਗ ਵਾ ਈ   ਹੇ ਠ ,   ਬ ਹੁ ਤ   ਸਾ ਰੇ   ਸੈ ਲਾ ਨੀ   ਘ ਰ ,   ਰਿ ਜ਼ ੋ ਰ ਟ   ਅ ਤੇ   ਹੋ ਟ ਲ   ਕ ਈ   ਸੈ ਰ - ਸ ਪਾ ਟਾ   ਸਾ ਈ ਟਾਂ   ਤੋਂ   ਸੈ ਲਾ ਨੀ ਆ ਂ   ਨੂ ੰ   ਅ ਨੁ ਕੂ ਲਿ ਤ   ਕ ਰ ਨ   ਅ ਤੇ   ਗਾ ਈ ਡ ਡ   ਟੂ ਰ   ਦਾ   ਪ੍ਰ ਬ ੰ ਧ   ਕ ਰ ਨ   ਲ ਈ   ਕ ੰ ਮ   ਕ ਰ ਦੇ   ਹ ਨ",88,29
ਇਹ ਸਕਾਰਾਤਮਕ ਤੇ ਨਕਾਰਾਤਮਿਕ ਦੋਨੋਂ ਹੋ ਸਕਦਾ ਹੈ I,ਇ ਹ   ਸ ਕਾ ਰਾ ਤ ਮ ਕ   ਤੇ   ਨ ਕਾ ਰਾ ਤ ਮਿ ਕ   ਦੋ ਨੋਂ   ਹੋ   ਸ ਕ ਦਾ   ਹੈ   I,23,9
"ਯੋਜਨਾ ਤੇ ਨਿਯੰਤਰਨ ਦੇ ਢੰਗਾ ਤੋਂ ਬਿਨਾ, ਸੈਰ-ਸਪਾਟੇ ਨੂੰ ਵਿਕਸਤ ਕਰਨ ਵਿੱਚ ਸਮਾਜਿਕ,ਸਭਿਆਚਾਰਕ ਅਤੇ ਆਰਥਿਕ ਵਿਵਾਦ ਪੈਦਾ ਹੁੰਦਾ ਹੈ , ਇਹ ਸੈਲਾਨੀ ਤੇ ਸਥਾਨਕ ਲੋਕਾਂ ਦੇ ਸੰਬੰਧ ਵਿੱਚ ਦਿਸਦਾ ਹੈ I","ਯੋ ਜ ਨਾ   ਤੇ   ਨਿ ਯ ੰ ਤ ਰ ਨ   ਦੇ   ਢ ੰ ਗਾ   ਤੋਂ   ਬਿ ਨਾ ,   ਸੈ ਰ - ਸ ਪਾ ਟੇ   ਨੂ ੰ   ਵਿ ਕ ਸ ਤ   ਕ ਰ ਨ   ਵਿ ੱ ਚ   ਸ ਮਾ ਜਿ ਕ , ਸ ਭਿ ਆ ਚਾ ਰ ਕ   ਅ ਤੇ   ਆ ਰ ਥਿ ਕ   ਵਿ ਵਾ ਦ   ਪੈ ਦਾ   ਹੁ ੰ ਦਾ   ਹੈ   ,   ਇ ਹ   ਸੈ ਲਾ ਨੀ   ਤੇ   ਸ ਥਾ ਨ ਕ   ਲੋ ਕਾਂ   ਦੇ   ਸ ੰ ਬ ੰ ਧ   ਵਿ ੱ ਚ   ਦਿ ਸ ਦਾ   ਹੈ   I",89,31
ਪਲੇਟ ਜਾਂ ਕੈਲਿਸ ਪੰਚਾ ਬੁੱਧ ਜਾਂ ਪੰਚ ਰਤਨ ਨੂੰ ਦਰਸਾਉਂਦੇ ਹਨ,ਪ ਲੇ ਟ   ਜਾਂ   ਕੈ ਲਿ ਸ   ਪ ੰ ਚਾ   ਬੁ ੱ ਧ   ਜਾਂ   ਪ ੰ ਚ   ਰ ਤ ਨ   ਨੂ ੰ   ਦ ਰ ਸਾ ਉ ਂ ਦੇ   ਹ ਨ,30,11
"ਪੂਰਬ ਵਿੱਚ, ਕਿਸੇ ਨੂੰ ਆਦੀ ਦੇ ਨਾਲ ਪਦਮ, ਪਾਸੀ ਮਿਨਯੋਂਗ ਅਤੇ ਬੋਕਰ ਸਮੇਤ ਬਹੁਤ ਸਾਰੇ ਉਪ-ਜਾਤੀਆਂ ਮਿਲਦੀਆਂ ਹਨ","ਪੂ ਰ ਬ   ਵਿ ੱ ਚ ,   ਕਿ ਸੇ   ਨੂ ੰ   ਆ ਦੀ   ਦੇ   ਨਾ ਲ   ਪ ਦ ਮ ,   ਪਾ ਸੀ   ਮਿ ਨ ਯੋਂ ਗ   ਅ ਤੇ   ਬੋ ਕ ਰ   ਸ ਮੇ ਤ   ਬ ਹੁ ਤ   ਸਾ ਰੇ   ਉ ਪ - ਜਾ ਤੀ ਆ ਂ   ਮਿ ਲ ਦੀ ਆ ਂ   ਹ ਨ",53,18
ਯੂਰੋਪਿਯਨ ਬਸਤੀਵਾਦੀਆਂ ਨੇ ਇੱਕ ਅਜਿਹ ਵਾਸਤੁਕਲਾ ਦਾ ਨਿਰਮਾਣ ਕੀਤਾ ਜੋ ਰਾਜ ਜਾਂ ਧਰਮ ਨੂੰ ਸਮਰਪਿਤ ਜਿੱਤ ਦੇ ਉਹਨਾਂ ਦੇ ਮਿਸ਼ਨ ਦਾ ਪ੍ਰਤੀਕ ਸੀ,ਯੂ ਰੋ ਪਿ ਯ ਨ   ਬ ਸ ਤੀ ਵਾ ਦੀ ਆ ਂ   ਨੇ   ਇ ੱ ਕ   ਅ ਜਿ ਹ   ਵਾ ਸ ਤੁ ਕ ਲਾ   ਦਾ   ਨਿ ਰ ਮਾ ਣ   ਕੀ ਤਾ   ਜੋ   ਰਾ ਜ   ਜਾਂ   ਧ ਰ ਮ   ਨੂ ੰ   ਸ ਮ ਰ ਪਿ ਤ   ਜਿ ੱ ਤ   ਦੇ   ਉ ਹ ਨਾਂ   ਦੇ   ਮਿ ਸ਼ ਨ   ਦਾ   ਪ੍ਰ ਤੀ ਕ   ਸੀ,61,23
"ਰਾਗਾਂ, ਰੰਗੀਲਾ ਚੌਪੜੀ ਆਦਿ 'ਤੇ ਆਧਾਰਿਤ ਭਜਨ, ਜਨਾਨ ਅਤੇ ਉੜੀਆ ਦੇ ਗੀਤ, ਹਲਕੇ ਸਨਾਤਨ ਸੰਗੀਤ ਦੇ ਹੇਠ ਅੰਕਿਤ ਕੀਤੇ ਗਏ ਹਨ, ਜੋ ਉੜੀਆ ਸੰਗੀਤ ਦਾ ਇੱਕ ਮਹੱਤਵਪੂਰਣ ਹਿੱਸਾ ਬਣਦੇ ਹਨ","ਰਾ ਗਾਂ ,   ਰ ੰ ਗੀ ਲਾ   ਚੌ ਪ ੜ ੀ   ਆ ਦਿ   ' ਤੇ   ਆ ਧਾ ਰਿ ਤ   ਭ ਜ ਨ ,   ਜ ਨਾ ਨ   ਅ ਤੇ   ਉ ੜ ੀ ਆ   ਦੇ   ਗੀ ਤ ,   ਹ ਲ ਕੇ   ਸ ਨਾ ਤ ਨ   ਸ ੰ ਗੀ ਤ   ਦੇ   ਹੇ ਠ   ਅ ੰ ਕਿ ਤ   ਕੀ ਤੇ   ਗ ਏ   ਹ ਨ ,   ਜੋ   ਉ ੜ ੀ ਆ   ਸ ੰ ਗੀ ਤ   ਦਾ   ਇ ੱ ਕ   ਮ ਹ ੱ ਤ ਵ ਪੂ ਰ ਣ   ਹਿ ੱ ਸਾ   ਬ ਣ ਦੇ   ਹ ਨ",90,30
"ਉਸਦੀਆਂ ਅਸਾਧਾਰਣ ਪ੍ਰਾਪਤੀਆਂ, ਕਿਸਮਤ ਦੀ ਆਪਣੀ ਆਯੋਗ ਭਾਵਨਾ ਅਤੇ ਉਸਦੇ ਸਾਥੀਆਂ ਦੀ ਚਾਪਲੂਸੀ ਦੇ ਨਾਲ, ਇਸ ਪ੍ਰਭਾਵ ਨੂੰ ਪੈਦਾ ਕਰਨ ਲਈ ਮਿਲ ਸਕਦੀਆਂ ਹਨ","ਉ ਸ ਦੀ ਆ ਂ   ਅ ਸਾ ਧਾ ਰ ਣ   ਪ੍ਰਾ ਪ ਤੀ ਆ ਂ ,   ਕਿ ਸ ਮ ਤ   ਦੀ   ਆ ਪ ਣੀ   ਆ ਯੋ ਗ   ਭਾ ਵ ਨਾ   ਅ ਤੇ   ਉ ਸ ਦੇ   ਸਾ ਥੀ ਆ ਂ   ਦੀ   ਚਾ ਪ ਲੂ ਸੀ   ਦੇ   ਨਾ ਲ ,   ਇ ਸ   ਪ੍ਰ ਭਾ ਵ   ਨੂ ੰ   ਪੈ ਦਾ   ਕ ਰ ਨ   ਲ ਈ   ਮਿ ਲ   ਸ ਕ ਦੀ ਆ ਂ   ਹ ਨ",71,24
ਖਮੇਰ ਸਾਮਰਾਜ ਤੋਂ ਕੰਬੋਡੀਆ ਵਿੱਚ ਗੰਗਾ ਦਾ ਸਤਿਕਾਰ ਕੀਤਾ ਜਾਂਦਾ ਹੈ,ਖ ਮੇ ਰ   ਸਾ ਮ ਰਾ ਜ   ਤੋਂ   ਕ ੰ ਬੋ ਡੀ ਆ   ਵਿ ੱ ਚ   ਗ ੰ ਗਾ   ਦਾ   ਸ ਤਿ ਕਾ ਰ   ਕੀ ਤਾ   ਜਾਂ ਦਾ   ਹੈ,29,11
"ਗੋਆ ਦੀ ਝਾਕੀ ਦੀਪਾਸਤੰਬਾ, ਕਰਾਸ ਅਤੇ ਘੋਡੇ ਮੋਡਨੀ ਇੱਕ ਰਥ 'ਤੇ ਕੇਂਦਰਿਤ ਧਾਰਮਿਕ ਇਕਸੁਰਤਾ ਨੂੰ ਦਰਸਾਉਂਦੀ ਹੈ","ਗੋ ਆ   ਦੀ   ਝਾ ਕੀ   ਦੀ ਪਾ ਸ ਤ ੰ ਬਾ ,   ਕ ਰਾ ਸ   ਅ ਤੇ   ਘੋ ਡੇ   ਮੋ ਡ ਨੀ   ਇ ੱ ਕ   ਰ ਥ   ' ਤੇ   ਕੇਂ ਦ ਰਿ ਤ   ਧਾ ਰ ਮਿ ਕ   ਇ ਕ ਸੁ ਰ ਤਾ   ਨੂ ੰ   ਦ ਰ ਸਾ ਉ ਂ ਦੀ   ਹੈ",51,17
ਉਸਨੇ ਇਸ ਮੁੱਦੇ ਦੀ ਪੜਚੋਲ ਮਿਜ਼ੋ ਨਗੇ ਇਜ਼ਰਾਇਲ,ਉ ਸ ਨੇ   ਇ ਸ   ਮੁ ੱ ਦੇ   ਦੀ   ਪ ੜ ਚੋ ਲ   ਮਿ ਜ਼ ੋ   ਨ ਗੇ   ਇ ਜ਼ ਰਾ ਇ ਲ,23,8
"(""ਮਿਜ਼ੋ ਨਗੇ","( "" ਮਿ ਜ਼ ੋ   ਨ ਗੇ",7,2
""") (2004) ਕਿਤਾਬ ਲਿਖੀ I",""" )   ( 2 0 0 4 )   ਕਿ ਤਾ ਬ   ਲਿ ਖੀ   I",14,5
"ਇਹਨਾਂ ਭਾਸ਼ਾਵਾਂ ਦੇ ਸਭ ਤੋਂ ਪੁਰਾਣੇ ਰਿਕਾਰਡ ਕੀਤੇ ਰੂਪ, ਵੈਦਿਕ ਸੰਸਕ੍ਰਿਤ ਅਤੇ ਗੱਥਿਕ ਅਵੇਸਟਨ ਕਮਾਲ ਦੇ ਸਮਾਨ ਹਨ, ਜੋ ਕਿ ਆਮ ਪ੍ਰੋਟੋ-ਇੰਡੋ-ਇਰਾਨੀ ਭਾਸ਼ਾ ਤੋਂ ਹੇਠਾਂ ਹਨ","ਇ ਹ ਨਾਂ   ਭਾ ਸ਼ਾ ਵਾਂ   ਦੇ   ਸ ਭ   ਤੋਂ   ਪੁ ਰਾ ਣੇ   ਰਿ ਕਾ ਰ ਡ   ਕੀ ਤੇ   ਰੂ ਪ ,   ਵੈ ਦਿ ਕ   ਸ ੰ ਸ ਕ੍ਰਿ ਤ   ਅ ਤੇ   ਗ ੱ ਥਿ ਕ   ਅ ਵੇ ਸ ਟ ਨ   ਕ ਮਾ ਲ   ਦੇ   ਸ ਮਾ ਨ   ਹ ਨ ,   ਜੋ   ਕਿ   ਆ ਮ   ਪ੍ਰੋ ਟੋ - ਇ ੰ ਡੋ - ਇ ਰਾ ਨੀ   ਭਾ ਸ਼ਾ   ਤੋਂ   ਹੇ ਠਾਂ   ਹ ਨ",72,26
"ਦੱਖਣ ਭਾਰਤ ਵਿੱਚ, ਸਿਮਹਬੀਸ਼ਣੁ ਨਾਲ ਸ਼ੁਰੂ ਹੋਇਆ ਪੱਲਵ ਵੰਸ਼ (575 CE-900 CE) ਦੱਖਣ ਭਾਰਤੀ ਸਮਾਜ ਲਈ ਇੱਕ ਪਰਿਵਰਤਨਸ਼ੀਲ ਪੜਾਵ ਸੀ","ਦ ੱ ਖ ਣ   ਭਾ ਰ ਤ   ਵਿ ੱ ਚ ,   ਸਿ ਮ ਹ ਬੀ ਸ਼ ਣੁ   ਨਾ ਲ   ਸ਼ੁ ਰੂ   ਹੋ ਇ ਆ   ਪ ੱ ਲ ਵ   ਵ ੰ ਸ਼   ( 5 7 5   C E - 9 0 0   C E )   ਦ ੱ ਖ ਣ   ਭਾ ਰ ਤੀ   ਸ ਮਾ ਜ   ਲ ਈ   ਇ ੱ ਕ   ਪ ਰਿ ਵ ਰ ਤ ਨ ਸ਼ੀ ਲ   ਪ ੜ ਾ ਵ   ਸੀ",72,20
ਜਿਸ ਵਿੱਚ ਨਵੀਨ ਇਮਾਰਤਾਂ ਬਣਾਈਆਂ ਗਈਆਂ ਅਤੇ ਅਲਵਾਰਸ ਤੇ ਨਯਾਨਰਸ ਵਰਗੀ ਭਗਤੀ ਸਮਪ੍ਰਦਾਵਾਂ ਵੀ ਸ਼ੁਰੂ ਹੋਈਆਂ,ਜਿ ਸ   ਵਿ ੱ ਚ   ਨ ਵੀ ਨ   ਇ ਮਾ ਰ ਤਾਂ   ਬ ਣਾ ਈ ਆ ਂ   ਗ ਈ ਆ ਂ   ਅ ਤੇ   ਅ ਲ ਵਾ ਰ ਸ   ਤੇ   ਨ ਯਾ ਨ ਰ ਸ   ਵ ਰ ਗੀ   ਭ ਗ ਤੀ   ਸ ਮ ਪ੍ਰ ਦਾ ਵਾਂ   ਵੀ   ਸ਼ੁ ਰੂ   ਹੋ ਈ ਆ ਂ,52,16
ਇਸਦੇ ਨਾਲ ਹੀ ਪੇਂਡੂ ਖੇਤਰ ਵਿੱਚ ਸੰਸਕ੍ਰਿਤ ਭਾਸ਼ਾ ਸਿਖਾਉਣ ਵਾਲੀਆਂ ਬ੍ਰਾਹਮਣ ਸੰਸਥਾਵਾਂ ਅਤੇ ਵਿਭਿੰਨ ਤਰ੍ਹਾਂ ਦੇ ਲੋਕਾਂ ਉੱਪਰ ਰਾਜਸ਼ਾਹੀ ਦੇ ਚਕ੍ਰਵਰਤੀਂ ਮਾਡਲ ਦੀ ਵੀ ਸਥਾਪਨਾ ਹੋਈ,ਇ ਸ ਦੇ   ਨਾ ਲ   ਹੀ   ਪੇਂ ਡੂ   ਖੇ ਤ ਰ   ਵਿ ੱ ਚ   ਸ ੰ ਸ ਕ੍ਰਿ ਤ   ਭਾ ਸ਼ਾ   ਸਿ ਖਾ ਉ ਣ   ਵਾ ਲੀ ਆ ਂ   ਬ੍ਰਾ ਹ ਮ ਣ   ਸ ੰ ਸ ਥਾ ਵਾਂ   ਅ ਤੇ   ਵਿ ਭਿ ੰ ਨ   ਤ ਰ੍ਹਾਂ   ਦੇ   ਲੋ ਕਾਂ   ਉ ੱ ਪ ਰ   ਰਾ ਜ ਸ਼ਾ ਹੀ   ਦੇ   ਚ ਕ੍ਰ ਵ ਰ ਤੀਂ   ਮਾ ਡ ਲ   ਦੀ   ਵੀ   ਸ ਥਾ ਪ ਨਾ   ਹੋ ਈ,74,26
"ਇਸ ਨਾਲ ਪੱਲਵ ਵੰਸ਼ ਤੋਂ ਪਹਿਲਾਂ ਵਾਲੇ ਲੋਕਾਂ ਦੇ ਖੇਤਰੀ ਖੰਡ ਦਾ ਵੀ ਅੰਤ ਹੋਇਆ, ਜਿੱਥੇ ਹਰ ਇੱਕ ਵੱਖਰੇ ਸਭਿਆਚਾਰ ਦਾ ਆਪਣਾ ਸਰਦਾਰ ਹੁੰਦਾ ਸੀ","ਇ ਸ   ਨਾ ਲ   ਪ ੱ ਲ ਵ   ਵ ੰ ਸ਼   ਤੋਂ   ਪ ਹਿ ਲਾਂ   ਵਾ ਲੇ   ਲੋ ਕਾਂ   ਦੇ   ਖੇ ਤ ਰੀ   ਖ ੰ ਡ   ਦਾ   ਵੀ   ਅ ੰ ਤ   ਹੋ ਇ ਆ ,   ਜਿ ੱ ਥੇ   ਹ ਰ   ਇ ੱ ਕ   ਵ ੱ ਖ ਰੇ   ਸ ਭਿ ਆ ਚਾ ਰ   ਦਾ   ਆ ਪ ਣਾ   ਸ ਰ ਦਾ ਰ   ਹੁ ੰ ਦਾ   ਸੀ",64,25
"20 ਈ ਵਿੱਚ ਗੋਦਾਬਾਰੀਸ਼ ਮਹਾਪਾਤਰਾ, ਕਾਲਿੰਦੀ ਚਰਨਾ ਪਾਣਿਗ੍ਰਹੀ, ਕਾਨਹੂ ਚਰਨ ਮੋਹੰਤੀ (1906-1994), ਗੋਦਾਬਾਰੀਸ਼ ਮਿਸ਼ਰਾ, ਗੋਪੀਨਾਥ ਮੋਹੰਤੀ (1914-1991), ਸਚਿਦਾਨੰਦ ਰਾਊਤਰੇ (1916-2004), ਸੀਤਾਕਾਂਤ ਮਹਾਪਾਤਰਾ (ਜਨਮ 17 ਸਤੰਬਰ, 1937), ਸੁਰੇਂਦਰੋ ਮੋਹੰਤੀ ਕਿਸ਼ੋਰੀ ਚਰਨ ਦਾਸ, ਰਮਾਕਾਂਤਾ ਰਥ (ਜਨਮ 13 ਦਸੰਬਰ 1934), ਬਿਨਾਪਾਨੀ ਮੋਹੰਤੀ, ਜਗਦੀਸ਼ ਮੋਹੰਤੀ, ਸਰੋਜਨੀ ਸਾਹੂ, ਰਾਜੇਂਦਰ ਕਿਸ਼ੋਰ ਪਾਂਡਾ, ਪਦਮਜ ਪਾਲ, ਰਾਮਚੰਦਰ ਬੇਹਰਾ, ਪ੍ਰਤਿਭਾ ਸਤਪਥੀ, ਨੰਦਿਨੀ ਸਾਹੂ, ਦੇਬਰਾਜ ਸਾਮੰਤਰੇ ਕੁੱਛ ਅਹਿਜੇ ਨਾਂ ਹਨ ਜਿਨ੍ਹਾਂ ਨੇ ਉੜੀਆ ਸਾਹਿਤ ਦੀ ਰਚਨਾ ਕਿਤੀ I","2 0   ਈ   ਵਿ ੱ ਚ   ਗੋ ਦਾ ਬਾ ਰੀ ਸ ਼   ਮ ਹਾ ਪਾ ਤ ਰਾ ,   ਕਾ ਲਿ ੰ ਦੀ   ਚ ਰ ਨਾ   ਪਾ ਣਿ ਗ੍ਰ ਹੀ ,   ਕਾ ਨ ਹੂ   ਚ ਰ ਨ   ਮੋ ਹ ੰ ਤੀ   ( 1 9 0 6 - 1 9 9 4 ) ,   ਗੋ ਦਾ ਬਾ ਰੀ ਸ ਼   ਮਿ ਸ ਼ ਰਾ ,   ਗੋ ਪੀ ਨਾ ਥ   ਮੋ ਹ ੰ ਤੀ   ( 1 9 1 4 - 1 9 9 1 ) ,   ਸ ਚਿ ਦਾ ਨ ੰ ਦ   ਰਾ ਊ ਤ ਰੇ   ( 1 9 1 6 - 2 0 0 4 ) ,   ਸੀ ਤਾ ਕਾਂ ਤ   ਮ ਹਾ ਪਾ ਤ ਰਾ   ( ਜ ਨ ਮ   1 7   ਸ ਤ ੰ ਬ ਰ ,   1 9 3 7 ) ,   ਸੁ ਰੇਂ ਦ ਰੋ   ਮੋ ਹ ੰ ਤੀ   ਕਿ ਸ ਼ ੋ ਰੀ   ਚ ਰ ਨ   ਦਾ ਸ ,   ਰ ਮਾ ਕਾਂ ਤਾ   ਰ ਥ   ( ਜ ਨ ਮ   1 3   ਦ ਸ ੰ ਬ ਰ   1 9 3 4 ) ,   ਬਿ ਨਾ ਪਾ ਨੀ   ਮੋ ਹ ੰ ਤੀ ,   ਜ ਗ ਦੀ ਸ ਼   ਮੋ ਹ ੰ ਤੀ ,   ਸ ਰੋ ਜ ਨੀ   ਸਾ ਹੂ ,   ਰਾ ਜੇਂ ਦ ਰ   ਕਿ ਸ ਼ ੋ ਰ   ਪਾਂ ਡਾ ,   ਪ ਦ ਮ ਜ   ਪਾ ਲ ,   ਰਾ ਮ ਚ ੰ ਦ ਰ   ਬੇ ਹ ਰਾ ,   ਪ੍ਰ ਤਿ ਭਾ   ਸ ਤ ਪ ਥੀ ,   ਨ ੰ ਦਿ ਨੀ   ਸਾ ਹੂ ,   ਦੇ ਬ ਰਾ ਜ   ਸਾ ਮ ੰ ਤ ਰੇ   ਕੁ ੱ ਛ   ਅ ਹਿ ਜੇ   ਨਾਂ   ਹ ਨ   ਜਿ ਨ੍ਹਾਂ   ਨੇ   ਉ ੜ ੀ ਆ   ਸਾ ਹਿ ਤ   ਦੀ   ਰ ਚ ਨਾ   ਕਿ ਤੀ   I",279,68
"ਇਸਲਾਮਿਕ ਬੰਗਾਲ ਨੂੰ ਸਭ ਤੋਂ ਵਧੀਆ ਕਪਾਹ ਫੈਬਰਿਕ ਅਤੇ ਸਾੜ੍ਹੀਆਂ, ਖਾਸ ਤੌਰ 'ਤੇ ਜਮਦਾਨੀ ਦੇ ਉਤਪਾਦਨ ਲਈ ਜਾਣਿਆ ਜਾਂਦਾ ਸੀ, ਜਿਸ ਨੂੰ ਮੁਗਲ ਅਦਾਲਤ ਤੋਂ ਵਰੰਟ ਮਿਲੇ ਸਨ","ਇ ਸ ਲਾ ਮਿ ਕ   ਬ ੰ ਗਾ ਲ   ਨੂ ੰ   ਸ ਭ   ਤੋਂ   ਵ ਧੀ ਆ   ਕ ਪਾ ਹ   ਫੈ ਬ ਰਿ ਕ   ਅ ਤੇ   ਸਾ ੜ ੍ ਹੀ ਆ ਂ ,   ਖਾ ਸ   ਤੌ ਰ   ' ਤੇ   ਜ ਮ ਦਾ ਨੀ   ਦੇ   ਉ ਤ ਪਾ ਦ ਨ   ਲ ਈ   ਜਾ ਣਿ ਆ   ਜਾਂ ਦਾ   ਸੀ ,   ਜਿ ਸ   ਨੂ ੰ   ਮੁ ਗ ਲ   ਅ ਦਾ ਲ ਤ   ਤੋਂ   ਵ ਰ ੰ ਟ   ਮਿ ਲੇ   ਸ ਨ",78,28
"797 ਈ, ( ਜਾਂ ਸ਼ਾਇਦ 801 ਈ ) ਵਿੱਚ ਬਗ਼ਦਾਦ ਦੇ ਅੱਬਾਸਿਦ ਕਾਲਿਫ, ਹਰੂਨ ਅਲ-ਰਸ਼ੀਦ ਨੇ ਸ਼ਾਰਲਮੇਨ ਨੂੰ ਪਾਣੀ ਦੀ ਘੜੀ ਦਾ ""ਖ਼ਾਸ ਉਦਾਹਰਨ ਦਾ ਵਿਖਿਆਨ"" ਦੇਣ ਦੇ ਨਾਲ ਇੱਕ ਏਸ਼ੀਆਈ ਹਾਥੀ ਨਾਮਕ ਅਬੁਲ-ਅੱਬਾਸ ਵੀ ਪੇਸ਼ ਕਿਤਾ I","7 9 7   ਈ ,   (   ਜਾਂ   ਸ਼ਾ ਇ ਦ   8 0 1   ਈ   )   ਵਿ ੱ ਚ   ਬ ਗ਼ ਦਾ ਦ   ਦੇ   ਅ ੱ ਬਾ ਸਿ ਦ   ਕਾ ਲਿ ਫ ,   ਹ ਰੂ ਨ   ਅ ਲ - ਰ ਸ਼ੀ ਦ   ਨੇ   ਸ ਼ ਾ ਰ ਲ ਮੇ ਨ   ਨੂ ੰ   ਪਾ ਣੀ   ਦੀ   ਘ ੜ ੀ   ਦਾ   "" ਖ਼ ਾ ਸ   ਉ ਦਾ ਹ ਰ ਨ   ਦਾ   ਵਿ ਖਿ ਆ ਨ ""   ਦੇ ਣ   ਦੇ   ਨਾ ਲ   ਇ ੱ ਕ   ਏ ਸ ਼ ੀ ਆ ਈ   ਹਾ ਥੀ   ਨਾ ਮ ਕ   ਅ ਬੁ ਲ - ਅ ੱ ਬਾ ਸ   ਵੀ   ਪੇ ਸ਼   ਕਿ ਤਾ   I",106,38
"ਚੰਗੀ ਸਮਾਜਿਕ ਸਥਿਤੀ ਵਾਲੀ ਬਰਤਾਨਵੀ ਔਰਤਾਂ ਸੰਨ 1785 ਵਿੱਚ ਬਹੁਤ ਘੱਟ ਸਨ, ਸਰਜਨ ਜੋਹਨ ਸਟੀਵਰਟ ਨੇ ਆਪਣੇ ਭਰਾ ਕਰਾਵਨ ਪੋਰ ਨੂੰ ਖਤ ਵਿੱਚ ਲਿਖਿਆ, ""ਇੱਥੇ ਬਹੁਤ ਸਾਰੀ ਔਰਤਾਂ ਸਿਰਫ਼ ਸਾਹਸੀ ਹਨ, ਜੋ ਕਿ ਲ਼ੁਗਦੜ ਪਹਾੜੀ ਵਿਖੇ ਸਥਿਤ ਮਿਲੀਨਰਜ਼ ਦੀਆਂ ਦੁਕਾਨਾਂ ਤੋਂ ਅਤੇ ਕੁਝ ਤਾਂ ਕੋਵੇਂਟ ਗਾਰਡਨ ਅਤੇ ਪੁਰਾਣੇ ਦਰੂਰੀ ਤੋਂ ਵੀ ਹਨ [ਅਠਾਹਰਵੀਂ ਸਦੀ ਦੇ ਲੰਦਨ ਵਿੱਚ ਜਿਸਮ ਫਿਰੋਸ਼ੀ ਦੀਆਂ ਮੁਸ਼ਹੂਰ ਥਾਵਾਂ ਦੇ ਨਾਮ]","ਚ ੰ ਗੀ   ਸ ਮਾ ਜਿ ਕ   ਸ ਥਿ ਤੀ   ਵਾ ਲੀ   ਬ ਰ ਤਾ ਨ ਵੀ   ਔ ਰ ਤਾਂ   ਸ ੰ ਨ   1 7 8 5   ਵਿ ੱ ਚ   ਬ ਹੁ ਤ   ਘ ੱ ਟ   ਸ ਨ ,   ਸ ਰ ਜ ਨ   ਜੋ ਹ ਨ   ਸ ਟੀ ਵ ਰ ਟ   ਨੇ   ਆ ਪ ਣੇ   ਭ ਰਾ   ਕ ਰਾ ਵ ਨ   ਪੋ ਰ   ਨੂ ੰ   ਖ ਤ   ਵਿ ੱ ਚ   ਲਿ ਖਿ ਆ ,   "" ਇ ੱ ਥੇ   ਬ ਹੁ ਤ   ਸਾ ਰੀ   ਔ ਰ ਤਾਂ   ਸਿ ਰ ਫ਼   ਸਾ ਹ ਸੀ   ਹ ਨ ,   ਜੋ   ਕਿ   ਲ਼ੁ ਗ ਦ ੜ   ਪ ਹਾ ੜ ੀ   ਵਿ ਖੇ   ਸ ਥਿ ਤ   ਮਿ ਲੀ ਨ ਰ ਜ਼   ਦੀ ਆ ਂ   ਦੁ ਕਾ ਨਾਂ   ਤੋਂ   ਅ ਤੇ   ਕੁ ਝ   ਤਾਂ   ਕੋ ਵੇਂ ਟ   ਗਾ ਰ ਡ ਨ   ਅ ਤੇ   ਪੁ ਰਾ ਣੇ   ਦ ਰੂ ਰੀ   ਤੋਂ   ਵੀ   ਹ ਨ   [ ਅ ਠਾ ਹ ਰ ਵੀਂ   ਸ ਦੀ   ਦੇ   ਲ ੰ ਦ ਨ   ਵਿ ੱ ਚ   ਜਿ ਸ ਮ   ਫਿ ਰੋ ਸ਼ੀ   ਦੀ ਆ ਂ   ਮੁ ਸ਼ ਹੂ ਰ   ਥਾ ਵਾਂ   ਦੇ   ਨਾ ਮ ]",181,64
"ਜੇਕਰ ਮੌਤ ਕਿਤੇ ਹੋਰ ਹੋਈ ਹੈ, ਤਾਂ ਗੰਗਾ ਵਿੱਚ ਅਸਥੀਆਂ ਨੂੰ ਵਹਾ ਕੇ ਮੁਕਤੀ ਪ੍ਰਾਪਤ ਕੀਤੀ ਜਾ ਸਕਦੀ ਹੈ","ਜੇ ਕ ਰ   ਮੌ ਤ   ਕਿ ਤੇ   ਹੋ ਰ   ਹੋ ਈ   ਹੈ ,   ਤਾਂ   ਗ ੰ ਗਾ   ਵਿ ੱ ਚ   ਅ ਸ ਥੀ ਆ ਂ   ਨੂ ੰ   ਵ ਹਾ   ਕੇ   ਮੁ ਕ ਤੀ   ਪ੍ਰਾ ਪ ਤ   ਕੀ ਤੀ   ਜਾ   ਸ ਕ ਦੀ   ਹੈ",43,19
"ਲੇਖ ਚੀਨ ਦੇ ਵਰਜਿਤ ਵਿਸ਼ਿਆਂ, ਟਿਆਨਾਮਨ ਸਕੇਅਰ ਕਤਲੇਆਮ 1989, ਚੇਅਰਮੈਨ ਮਾਓ ਜੇ ਤੁੰਗ ਦੀ ਸੱਭਿਆਚਾਰਕ ਕ੍ਰਾਂਤੀ, ਹਾਂਗ ਕਾਂਗ ਦੀ ਲੋਕਤੰਤਰ ਲਈ ਲੜਾਈ ਅਤੇ ਜ਼ਿੰਗਜ਼ੀਆਂਗ ਤੇ ਤਿੱਬਤ ਵਿੱਚ ਨਸਲੀ ਤਣਾਅ ਨਾਲ ਸਬੰਧਤ ਹੋ","ਲੇ ਖ   ਚੀ ਨ   ਦੇ   ਵ ਰ ਜਿ ਤ   ਵਿ ਸ਼ਿ ਆ ਂ ,   ਟਿ ਆ ਨਾ ਮ ਨ   ਸ ਕੇ ਅ ਰ   ਕ ਤ ਲੇ ਆ ਮ   1 9 8 9 ,   ਚੇ ਅ ਰ ਮੈ ਨ   ਮਾ ਓ   ਜੇ   ਤੁ ੰ ਗ   ਦੀ   ਸ ੱ ਭਿ ਆ ਚਾ ਰ ਕ   ਕ੍ਰਾਂ ਤੀ ,   ਹਾਂ ਗ   ਕਾਂ ਗ   ਦੀ   ਲੋ ਕ ਤ ੰ ਤ ਰ   ਲ ਈ   ਲ ੜ ਾ ਈ   ਅ ਤੇ   ਜ਼ ਿ ੰ ਗ ਜ਼ ੀ ਆ ਂ ਗ   ਤੇ   ਤਿ ੱ ਬ ਤ   ਵਿ ੱ ਚ   ਨ ਸ ਲੀ   ਤ ਣਾ ਅ   ਨਾ ਲ   ਸ ਬ ੰ ਧ ਤ   ਹੋ",105,32
ਬ੍ਰਿਟਿਸ਼ ਬਾਦਸ਼ਾਹ ਦੀ ਤਸਵੀਰ ਨੂੰ ਅਸ਼ੋਕਾ ਦੇ ਲਾਈਨ ਕੈਪਿਟਲ ਨਾਲ ਬਦਲ ਦਿੱਤਾ ਗਿਆ ਸੀ,ਬ੍ਰਿ ਟਿ ਸ਼   ਬਾ ਦ ਸ਼ਾ ਹ   ਦੀ   ਤ ਸ ਵੀ ਰ   ਨੂ ੰ   ਅ ਸ਼ੋ ਕਾ   ਦੇ   ਲਾ ਈ ਨ   ਕੈ ਪਿ ਟ ਲ   ਨਾ ਲ   ਬ ਦ ਲ   ਦਿ ੱ ਤਾ   ਗਿ ਆ   ਸੀ,36,14
ਪਲਿਨੀ ਦ ਐਲਡਰ ਹੋਰ ਦੱਸਦਾ ਹੈ ਕਿ ਵਿਉਂਤਿਆ ਫਾਸਲਾ 12 ਕਿਲੋਮੀਟਰ (7,ਪ ਲਿ ਨੀ   ਦ   ਐ ਲ ਡ ਰ   ਹੋ ਰ   ਦ ੱ ਸ ਦਾ   ਹੈ   ਕਿ   ਵਿ ਉ ਂ ਤਿ ਆ   ਫਾ ਸ ਲਾ   1 2   ਕਿ ਲੋ ਮੀ ਟ ਰ   ( 7,33,12
"5 ਮੀਲ) ਸੀ, ਅਤੇ ਉਦੇਸ਼ ਸੀ ਕੀ ਕੈਸਤਰੀਅਨ ਅਤੇ ਹਰਮੀਅਨ ਖਾੜੀਆਂ ਨੂੰ ਜੋੜਨ ਲਈ ਇਸਥਮਸ ਵਿੱਚੋਂ ਨਹਿਰ ਖੋਦੀ ਜਾਏ","5   ਮੀ ਲ )   ਸੀ ,   ਅ ਤੇ   ਉ ਦੇ ਸ਼   ਸੀ   ਕੀ   ਕੈ ਸ ਤ ਰੀ ਅ ਨ   ਅ ਤੇ   ਹ ਰ ਮੀ ਅ ਨ   ਖਾ ੜ ੀ ਆ ਂ   ਨੂ ੰ   ਜੋ ੜ ਨ   ਲ ਈ   ਇ ਸ ਥ ਮ ਸ   ਵਿ ੱ ਚੋਂ   ਨ ਹਿ ਰ   ਖੋ ਦੀ   ਜਾ ਏ",53,19
"ਅਰਥਸ਼ਾਸਤਰ ਦੇ ਅਨੁਸਾਰ, ਇੱਕ ਸਰਵਨ ਜਾਂ ਕਾਰਸ਼ਾ 80 ਰੱਟੀਆਂ ਦੇ ਬਰਾਬਰ ਸੀ (1 ਮਾਸ਼ਾ= 5 ਰੱਤੀ ਮਿਆਰ ਦੇ ਆਧਾਰ 'ਤੇ)","ਅ ਰ ਥ ਸ਼ਾ ਸ ਤ ਰ   ਦੇ   ਅ ਨੁ ਸਾ ਰ ,   ਇ ੱ ਕ   ਸ ਰ ਵ ਨ   ਜਾਂ   ਕਾ ਰ ਸ਼ਾ   8 0   ਰ ੱ ਟੀ ਆ ਂ   ਦੇ   ਬ ਰਾ ਬ ਰ   ਸੀ   ( 1   ਮਾ ਸ਼ਾ =   5   ਰ ੱ ਤੀ   ਮਿ ਆ ਰ   ਦੇ   ਆ ਧਾ ਰ   ' ਤੇ )",56,20
ਅਮਰੀ II-ਬੀ ਕਾਲ ਦੇ ਮਿੱਟੀ ਦੇ ਬਰਤਨਾਂ ਨਾਲ ਤਾਜੀਆਂ ਕਾਰਬਨ-14 ਡੇਟਿੰਗਜ਼ ਅਤੇ ਸ਼ੈਲੀਗਤ ਤੁਲਨਾ ਦਰਸਾਉਂਦੀ ਹੈ ਕਿ ਪਹਿਲੇ ਦੋ ਫੇਜਾਂ ਨੂੰ ਪੂਰਵ ਹੜੱਪਾ ਢੋਲਵੀਰਾ ਸਭਿਆਚਾਰ ਦਾ ਨਾਮ ਦੇਣਾ ਚਾਹੀਦਾ ਹੈ ਅਤੇ ਇਸ ਤਰ੍ਹਾਂ ਪੁਨਰ ਮਿਤੀਕਰਨ 'ਚ ਇੰਝ ਕਰਨਾ ਚਾਹੀਦਾ ਹੈ: ਸਟੇਜ- I (ਸੀ,ਅ ਮ ਰੀ   I I - ਬੀ   ਕਾ ਲ   ਦੇ   ਮਿ ੱ ਟੀ   ਦੇ   ਬ ਰ ਤ ਨਾਂ   ਨਾ ਲ   ਤਾ ਜੀ ਆ ਂ   ਕਾ ਰ ਬ ਨ - 1 4   ਡੇ ਟਿ ੰ ਗ ਜ਼   ਅ ਤੇ   ਸ਼ੈ ਲੀ ਗ ਤ   ਤੁ ਲ ਨਾ   ਦ ਰ ਸਾ ਉ ਂ ਦੀ   ਹੈ   ਕਿ   ਪ ਹਿ ਲੇ   ਦੋ   ਫੇ ਜਾਂ   ਨੂ ੰ   ਪੂ ਰ ਵ   ਹ ੜ ੱ ਪਾ   ਢੋ ਲ ਵੀ ਰਾ   ਸ ਭਿ ਆ ਚਾ ਰ   ਦਾ   ਨਾ ਮ   ਦੇ ਣਾ   ਚਾ ਹੀ ਦਾ   ਹੈ   ਅ ਤੇ   ਇ ਸ   ਤ ਰ੍ਹਾਂ   ਪੁ ਨ ਰ   ਮਿ ਤੀ ਕ ਰ ਨ   ' ਚ   ਇ ੰ ਝ   ਕ ਰ ਨਾ   ਚਾ ਹੀ ਦਾ   ਹੈ :   ਸ ਟੇ ਜ -   I   ( ਸੀ,120,43
3500 - 3200 ਬੀਸੀਈ) ਅਤੇ ਸਟੇਜ II (ਸੀ,3 5 0 0   -   3 2 0 0   ਬੀ ਸੀ ਈ )   ਅ ਤੇ   ਸ ਟੇ ਜ   I I   ( ਸੀ,22,8
3200 - 2600 ਬੀਸੀਈ),3 2 0 0   -   2 6 0 0   ਬੀ ਸੀ ਈ ),13,4
"ਰੂਸੀ ਇਤਿਹਾਸਕਾਰ ਲੇਵ ਗੁਮੀਲੇਵ ਨੇ ਲਿਖਿਆ ਹੈ ਕਿ ਜਿਆਂਗਨੁ, ਮੰਗੋਲਜ਼ (ਮੰਗੋਲ ਸਲਤਨਤ, ਜ਼ੁੰਗਾਰ ਖਾਨਾਤੇ) ਅਤੇ ਤੁਰਕੀ ਲੋਕਾਂ (ਪਹਿਲਾ ਤੁਰਕੀ ਖਗਨਾਤੇ, ਉਗੁਰ ਖਗਨਾਤੇ) ਨੇ ਉੱਤਰ ਵਿੱਚ ਚੀਨੀ ਹਮਲੇ ਨੂੰ ਰੋਕਣ ਵਿੱਚ ਭੂਮਿਕਾ ਨਿਭਾਈ","ਰੂ ਸੀ   ਇ ਤਿ ਹਾ ਸ ਕਾ ਰ   ਲੇ ਵ   ਗੁ ਮੀ ਲੇ ਵ   ਨੇ   ਲਿ ਖਿ ਆ   ਹੈ   ਕਿ   ਜਿ ਆ ਂ ਗ ਨੁ ,   ਮ ੰ ਗੋ ਲ ਜ਼   ( ਮ ੰ ਗੋ ਲ   ਸ ਲ ਤ ਨ ਤ ,   ਜ਼ ੁ ੰ ਗਾ ਰ   ਖਾ ਨਾ ਤੇ )   ਅ ਤੇ   ਤੁ ਰ ਕੀ   ਲੋ ਕਾਂ   ( ਪ ਹਿ ਲਾ   ਤੁ ਰ ਕੀ   ਖ ਗ ਨਾ ਤੇ ,   ਉ ਗੁ ਰ   ਖ ਗ ਨਾ ਤੇ )   ਨੇ   ਉ ੱ ਤ ਰ   ਵਿ ੱ ਚ   ਚੀ ਨੀ   ਹ ਮ ਲੇ   ਨੂ ੰ   ਰੋ ਕ ਣ   ਵਿ ੱ ਚ   ਭੂ ਮਿ ਕਾ   ਨਿ ਭਾ ਈ",105,32
"ਸੰਦਾਂਸਾਂ/ ਸੰਦਾਮਸਾ (ਪਿਨਸਰਜ਼ ਦਾ ਨਰਕ): ਭਗਵਤ ਪੁਰਾਣ ਅਤੇ ਦੇਵੀ ਭਗਵਤ ਪੁਰਾਣ ਦੱਸਦੇ ਹਨ ਕਿ ਕੋਈ ਵਿਅਕਤੀ, ਜਦੋਂ ਉਹ ਸਖਤ ਲੋੜ ਵਿੱਚ ਨਾਂ ਹੋਵੇ, ਕਿਸੇ ਬ੍ਰਾਹਮਣ ਨੂੰ ਠੱਗਦਾ ਹੈ ਜਾਂ ਕਿਸੇ ਤੋਂ ਸੋਨਾ ਜਾਂ ਗਹਿਣੇ ਚੋਰੀ ਕਰਦਾ ਹੈ ਤਾਂ ਇਸ ਨਰਕ ਵਿੱਚ ਬੰਦ ਕੀਤਾ ਜਾਂਦਾ ਹੈ","ਸ ੰ ਦਾਂ ਸਾਂ /   ਸ ੰ ਦਾ ਮ ਸਾ   ( ਪਿ ਨ ਸ ਰ ਜ਼   ਦਾ   ਨ ਰ ਕ ) :   ਭ ਗ ਵ ਤ   ਪੁ ਰਾ ਣ   ਅ ਤੇ   ਦੇ ਵੀ   ਭ ਗ ਵ ਤ   ਪੁ ਰਾ ਣ   ਦ ੱ ਸ ਦੇ   ਹ ਨ   ਕਿ   ਕੋ ਈ   ਵਿ ਅ ਕ ਤੀ ,   ਜ ਦੋਂ   ਉ ਹ   ਸ ਖ ਤ   ਲੋ ੜ   ਵਿ ੱ ਚ   ਨਾਂ   ਹੋ ਵੇ ,   ਕਿ ਸੇ   ਬ੍ਰਾ ਹ ਮ ਣ   ਨੂ ੰ   ਠ ੱ ਗ ਦਾ   ਹੈ   ਜਾਂ   ਕਿ ਸੇ   ਤੋਂ   ਸੋ ਨਾ   ਜਾਂ   ਗ ਹਿ ਣੇ   ਚੋ ਰੀ   ਕ ਰ ਦਾ   ਹੈ   ਤਾਂ   ਇ ਸ   ਨ ਰ ਕ   ਵਿ ੱ ਚ   ਬ ੰ ਦ   ਕੀ ਤਾ   ਜਾਂ ਦਾ   ਹੈ",116,45
ਪੌਲ ਹੈਕਰ ਨੇ ਕੁੱਝ ਰਾਖਵੇਂਕਰਨ ਵੀ ਪ੍ਰਗਟ ਕੀਤੇ ਹਨ ਕਿ ਕੰਪੈਂਡੀਅਮ ਸਰਵਸ-ਦਰਸਨਾ-ਸਿਧਾਂਤ ਸੰਗਰਾਹਾ ਨੂੰ ਸ਼ੈਲੀ ਵਿੱਚ ਅੰਤਰ ਅਤੇ ਭਾਗਾਂ ਵਿੱਚ ਥੀਮੈਟਿਕ ਅਸੰਗਤਤਾਵਾਂ ਦੇ ਕਾਰਨ ਸ਼ੰਕਰਾ ਦੁਆਰਾ ਪੂਰੀ ਤਰ੍ਹਾਂ ਲਿਖਿਆ ਗਿਆ ਸੀ,ਪੌ ਲ   ਹੈ ਕ ਰ   ਨੇ   ਕੁ ੱ ਝ   ਰਾ ਖ ਵੇਂ ਕ ਰ ਨ   ਵੀ   ਪ੍ਰ ਗ ਟ   ਕੀ ਤੇ   ਹ ਨ   ਕਿ   ਕ ੰ ਪੈਂ ਡੀ ਅ ਮ   ਸ ਰ ਵ ਸ - ਦ ਰ ਸ ਨਾ - ਸਿ ਧਾਂ ਤ   ਸ ੰ ਗ ਰਾ ਹਾ   ਨੂ ੰ   ਸ਼ੈ ਲੀ   ਵਿ ੱ ਚ   ਅ ੰ ਤ ਰ   ਅ ਤੇ   ਭਾ ਗਾਂ   ਵਿ ੱ ਚ   ਥੀ ਮੈ ਟਿ ਕ   ਅ ਸ ੰ ਗ ਤ ਤਾ ਵਾਂ   ਦੇ   ਕਾ ਰ ਨ   ਸ਼ ੰ ਕ ਰਾ   ਦੁ ਆ ਰਾ   ਪੂ ਰੀ   ਤ ਰ੍ਹਾਂ   ਲਿ ਖਿ ਆ   ਗਿ ਆ   ਸੀ,98,31
"ਵਿਲੇਮ ਵੈਨ ਸੈਂਡਲ ਅਤੇ ਹੈਂਕ ਸ਼ਟਲ ਨੋਦਹੋਲਟ ਅਨੁਸਾਰ ਇਹ ਤਿਉਹਾਰ ਬੰਗਲਾਦੇਸ਼ੀਆਂ ਵਿਚਕਾਰ ਸੱਭਿਆਚਾਰਕ ਮਾਣ ਅਤੇ ਵਿਰਾਸਤ ਪ੍ਰਗਟਾਉਣ ਦਾ ਪ੍ਰਸਿੱਧ ਸਾਧਣ ਬਣ ਗਿਆ, ਜਦ ਉਹਨਾਂ ਨੇ 1990 ਅਤੇ 1960 ਵਿਆਂ ਵਿੱਚ ਪਾਕਿਸਤਾਨੀ ਸ਼ਾਸ਼ਨ ਦਾ ਵਿਰੋਧ ਕੀਤਾ","ਵਿ ਲੇ ਮ   ਵੈ ਨ   ਸੈਂ ਡ ਲ   ਅ ਤੇ   ਹੈਂ ਕ   ਸ਼ ਟ ਲ   ਨੋ ਦ ਹੋ ਲ ਟ   ਅ ਨੁ ਸਾ ਰ   ਇ ਹ   ਤਿ ਉ ਹਾ ਰ   ਬ ੰ ਗ ਲਾ ਦੇ ਸ਼ੀ ਆ ਂ   ਵਿ ਚ ਕਾ ਰ   ਸ ੱ ਭਿ ਆ ਚਾ ਰ ਕ   ਮਾ ਣ   ਅ ਤੇ   ਵਿ ਰਾ ਸ ਤ   ਪ੍ਰ ਗ ਟਾ ਉ ਣ   ਦਾ   ਪ੍ਰ ਸਿ ੱ ਧ   ਸਾ ਧ ਣ   ਬ ਣ   ਗਿ ਆ ,   ਜ ਦ   ਉ ਹ ਨਾਂ   ਨੇ   1 9 9 0   ਅ ਤੇ   1 9 6 0   ਵਿ ਆ ਂ   ਵਿ ੱ ਚ   ਪਾ ਕਿ ਸ ਤਾ ਨੀ   ਸ਼ਾ ਸ਼ ਨ   ਦਾ   ਵਿ ਰੋ ਧ   ਕੀ ਤਾ",111,35
"ਅਲ਼ਾ ਅਲ-ਦੀਨ ਹੁਸੈਨ ਨੇ ਗਜ਼ਨਾਵਿਡ ਪ੍ਰਦੇਸ਼ ਵਿੱਚ ਇੱਕ ਵਿਨਾਸ਼ਕਾਰੀ ਛਾਪੇਮਾਰੀ ਸ਼ੁਰੂ ਕੀਤੀ ਅਤੇ ਉਨ੍ਹਾਂ ਦੀ ਰਾਜਧਾਨੀ ਨੂੰ ਬਰਖਾਸਤ ਕਰ ਦਿੱਤਾ, ਹਲਾਂਕਿ ਉਹ ਸੇਲਜੁਕਾ ਦੁਆਰਾ ਹਾਰ ਗਿਆ ਸੀ, ਜਿਸ ਨੇ ਥੋੜ੍ਹੇ ਸਮੇਂ ਲਈ ਤੇਜ਼ੀ ਨਾਲ ਘੁਰਿਦ ਦੇ ਵਿਸਥਾਰ ਨੂੰ ਰੋਕ ਦਿੱਤਾ ਸੀ","ਅ ਲ਼ਾ   ਅ ਲ - ਦੀ ਨ   ਹੁ ਸੈ ਨ   ਨੇ   ਗ ਜ਼ ਨਾ ਵਿ ਡ   ਪ੍ਰ ਦੇ ਸ਼   ਵਿ ੱ ਚ   ਇ ੱ ਕ   ਵਿ ਨਾ ਸ਼ ਕਾ ਰੀ   ਛਾ ਪੇ ਮਾ ਰੀ   ਸ਼ੁ ਰੂ   ਕੀ ਤੀ   ਅ ਤੇ   ਉ ਨ੍ਹਾਂ   ਦੀ   ਰਾ ਜ ਧਾ ਨੀ   ਨੂ ੰ   ਬ ਰ ਖਾ ਸ ਤ   ਕ ਰ   ਦਿ ੱ ਤਾ ,   ਹ ਲਾਂ ਕਿ   ਉ ਹ   ਸੇ ਲ ਜੁ ਕਾ   ਦੁ ਆ ਰਾ   ਹਾ ਰ   ਗਿ ਆ   ਸੀ ,   ਜਿ ਸ   ਨੇ   ਥੋ ੜ ੍ ਹੇ   ਸ ਮੇਂ   ਲ ਈ   ਤੇ ਜ਼ ੀ   ਨਾ ਲ   ਘੁ ਰਿ ਦ   ਦੇ   ਵਿ ਸ ਥਾ ਰ   ਨੂ ੰ   ਰੋ ਕ   ਦਿ ੱ ਤਾ   ਸੀ",110,41
ਪੱਲਵਾ ਇਮਾਰਤਾਂ ਦੇ ਨਿਰਮਾਣ ਦੇ ਸਭ ਤੋਂ ਅਗੇਤੇ ਉਦਾਹਰਨ ਪਥੱਰ ਤੋਂ ਕੱਟੇ ਹੋਏ ਮੰਦਿਰ ਹਨ ਜੋ 610 ਤੋਂ 690 ਈਸਵੀ ਦੇ ਹਨ ਅਤੇ ਢਾਂਚਾਗਤ ਮੰਦਿਰ ਜੋ 690 ਅਤੇ 900 ਈਸਵੀ ਦੇ ਵਿੱਚ ਬਣੇ ਸਨ I,ਪ ੱ ਲ ਵਾ   ਇ ਮਾ ਰ ਤਾਂ   ਦੇ   ਨਿ ਰ ਮਾ ਣ   ਦੇ   ਸ ਭ   ਤੋਂ   ਅ ਗੇ ਤੇ   ਉ ਦਾ ਹ ਰ ਨ   ਪ ਥ ੱ ਰ   ਤੋਂ   ਕ ੱ ਟੇ   ਹੋ ਏ   ਮ ੰ ਦਿ ਰ   ਹ ਨ   ਜੋ   6 1 0   ਤੋਂ   6 9 0   ਈ ਸ ਵੀ   ਦੇ   ਹ ਨ   ਅ ਤੇ   ਢਾਂ ਚਾ ਗ ਤ   ਮ ੰ ਦਿ ਰ   ਜੋ   6 9 0   ਅ ਤੇ   9 0 0   ਈ ਸ ਵੀ   ਦੇ   ਵਿ ੱ ਚ   ਬ ਣੇ   ਸ ਨ   I,86,35
ਸਲਾਨਕਾਯਾਨ ਇੱਕ ਪ੍ਰਾਚੀਨ ਰਾਜਵੰਸ਼ ਸੀ ਜਿਸਨੇ 300 ਤੋਂ 400 ਈਸਵੀ ਤੱਕ ਵੇਂਗੀ (ਆਧੁਨਿਕ ਪੇਦਾਵੇਗੀ) ਵਿਖੇ ਆਪਣੀ ਰਾਜਧਾਨੀ ਦੇ ਨਾਲ ਗੋਦਾਵਰੀ ਅਤੇ ਕ੍ਰਿਸ਼ਨ ਦੇ ਵਿਚਕਾਰ ਆਂਧਰਾ ਖੇਤਰ ਉੱਤੇ ਰਾਜ ਕੀਤਾ,ਸ ਲਾ ਨ ਕਾ ਯਾ ਨ   ਇ ੱ ਕ   ਪ੍ਰਾ ਚੀ ਨ   ਰਾ ਜ ਵ ੰ ਸ਼   ਸੀ   ਜਿ ਸ ਨੇ   3 0 0   ਤੋਂ   4 0 0   ਈ ਸ ਵੀ   ਤ ੱ ਕ   ਵੇਂ ਗੀ   ( ਆ ਧੁ ਨਿ ਕ   ਪੇ ਦਾ ਵੇ ਗੀ )   ਵਿ ਖੇ   ਆ ਪ ਣੀ   ਰਾ ਜ ਧਾ ਨੀ   ਦੇ   ਨਾ ਲ   ਗੋ ਦਾ ਵ ਰੀ   ਅ ਤੇ   ਕ੍ਰਿ ਸ਼ ਨ   ਦੇ   ਵਿ ਚ ਕਾ ਰ   ਆ ਂ ਧ ਰਾ   ਖੇ ਤ ਰ   ਉ ੱ ਤੇ   ਰਾ ਜ   ਕੀ ਤਾ,86,29
"ਮਰਦਾਂ ਦੁਆਰਾ ਵਿਆਹ ਤੋਂ ਬਾਅਦ ਬਾਹਰਲੇ ਸਰੀਰਕ ਸੰਬੰਧਾਂ ਦੀ ਮੌਜੂਦਗੀ ਨੂੰ 6 ਸਭਿਆਚਾਰਾਂ ਵਿੱਚ ""ਸਰਵ ਵਿਆਪਕ"" , 29 ਸਭਿਆਚਾਰਾਂ ਵਿੱਚ ""ਮੱਧਮ"" ਅਤੇ 6 ਸਭਿਆਚਾਰਾਂ ਵਿੱਚ ""ਕਦੇ ਕਦਾਈ"" ਅਤੇ 10 ਸਭਿਆਚਾਰਾਂ ਵਿੱਚ ""ਅਸਾਧਾਰਣ"" ਵਜੋਂ ਦਰਸਾਇਆ ਗਿਆ ਹੈ","ਮ ਰ ਦਾਂ   ਦੁ ਆ ਰਾ   ਵਿ ਆ ਹ   ਤੋਂ   ਬਾ ਅ ਦ   ਬਾ ਹ ਰ ਲੇ   ਸ ਰੀ ਰ ਕ   ਸ ੰ ਬ ੰ ਧਾਂ   ਦੀ   ਮੌ ਜੂ ਦ ਗੀ   ਨੂ ੰ   6   ਸ ਭਿ ਆ ਚਾ ਰਾਂ   ਵਿ ੱ ਚ   "" ਸ ਰ ਵ   ਵਿ ਆ ਪ ਕ ""   ,   2 9   ਸ ਭਿ ਆ ਚਾ ਰਾਂ   ਵਿ ੱ ਚ   "" ਮ ੱ ਧ ਮ ""   ਅ ਤੇ   6   ਸ ਭਿ ਆ ਚਾ ਰਾਂ   ਵਿ ੱ ਚ   "" ਕ ਦੇ   ਕ ਦਾ ਈ ""   ਅ ਤੇ   1 0   ਸ ਭਿ ਆ ਚਾ ਰਾਂ   ਵਿ ੱ ਚ   "" ਅ ਸਾ ਧਾ ਰ ਣ ""   ਵ ਜੋਂ   ਦ ਰ ਸਾ ਇ ਆ   ਗਿ ਆ   ਹੈ",115,36
"ਜਹਾਜ਼ ਦਾ ਰਟਰ (ਮੈਰੀਨਰ ਦੀ ਹੈਂਡਬੁੱਕ) ਬਰਾਬਰ ਕੀਮਤੀ ਸੀ, ਜਿਸ ਵਿੱਚ ਚੀਨ, ਭਾਰਤ ਅਤੇ ਜਾਪਾਨ ਦੇ ਵਪਾਰਕ ਰੂਟਾਂ ਬਾਰੇ ਮਹੱਤਵਪੂਰਣ ਜਾਣਕਾਰੀ ਸੀ","ਜ ਹਾ ਜ਼   ਦਾ   ਰ ਟ ਰ   ( ਮੈ ਰੀ ਨ ਰ   ਦੀ   ਹੈਂ ਡ ਬੁ ੱ ਕ )   ਬ ਰਾ ਬ ਰ   ਕੀ ਮ ਤੀ   ਸੀ ,   ਜਿ ਸ   ਵਿ ੱ ਚ   ਚੀ ਨ ,   ਭਾ ਰ ਤ   ਅ ਤੇ   ਜਾ ਪਾ ਨ   ਦੇ   ਵ ਪਾ ਰ ਕ   ਰੂ ਟਾਂ   ਬਾ ਰੇ   ਮ ਹ ੱ ਤ ਵ ਪੂ ਰ ਣ   ਜਾ ਣ ਕਾ ਰੀ   ਸੀ",66,22
ਆਰਟ ਇੰਸਟੀਚਿਊਟ ਢਾਕਾ ਖੇਤਰ ਵਿੱਚ ਵਿਜ਼ੂਅਲ ਆਰਟ ਲਈ ਇੱਕ ਮਹੱਤਵਪੂਰਨ ਕੇਂਦਰ ਰਿਹਾ ਹੈ,ਆ ਰ ਟ   ਇ ੰ ਸ ਟੀ ਚਿ ਊ ਟ   ਢਾ ਕਾ   ਖੇ ਤ ਰ   ਵਿ ੱ ਚ   ਵਿ ਜ਼ ੂ ਅ ਲ   ਆ ਰ ਟ   ਲ ਈ   ਇ ੱ ਕ   ਮ ਹ ੱ ਤ ਵ ਪੂ ਰ ਨ   ਕੇਂ ਦ ਰ   ਰਿ ਹਾ   ਹੈ,45,13
"ਬ੍ਰਹਮਸੂਤਰ ਸੂਤਰਾ (ਜਿਸਨੂੰ ਵੇਦਾਨਤਾ ਸੂਤਰ ਵੀ ਕਿਹਾ ਜਾਂਦਾ ਹੈ, ਪਹਿਲੀ ਸ਼ਤਾਬਦੀ ਈਸਾ ਪੂਰਵ ਵਿੱਚ ਲਿਖਿਆ ਗਿਆ ਸੀ) ਵਿੱਚ ਇਹ ਗੱਲ 1","ਬ੍ਰ ਹ ਮ ਸੂ ਤ ਰ   ਸੂ ਤ ਰਾ   ( ਜਿ ਸ ਨੂ ੰ   ਵੇ ਦਾ ਨ ਤਾ   ਸੂ ਤ ਰ   ਵੀ   ਕਿ ਹਾ   ਜਾਂ ਦਾ   ਹੈ ,   ਪ ਹਿ ਲੀ   ਸ਼ ਤਾ ਬ ਦੀ   ਈ ਸਾ   ਪੂ ਰ ਵ   ਵਿ ੱ ਚ   ਲਿ ਖਿ ਆ   ਗਿ ਆ   ਸੀ )   ਵਿ ੱ ਚ   ਇ ਹ   ਗ ੱ ਲ   1",59,21
1,1,1,1
4 ਸ਼ਲੋਕ ਵਿੱਚ ਕਹੀ ਗਈ ਹੈ ਅਤੇ ਮੰਨੀ ਵੀ ਗਈ ਹੈ ਕਿ ਉਪਨਿਸ਼ਦਾਂ ਦੀਆਂ ਸਿੱਖਿਆਵਾਂ ਨੂੰ ਟੁਕੜਿਆਂ ਵਿੱਚ ਅਤੇ ਵੈਕਲਪਨਿਕ ਆਧਾਰ 'ਤੇ ਸਿੱਖਣ ਦੀ ਜ਼ਰੂਰਤ ਨਹੀਂ ਹੈ ਬਲਕਿ ਵੈਦਿਕ ਗ੍ਰੰਥ ਅਨੁਮਾਨਿਤ ਸਿੱਖਿਆਵਾਂ ਅਤੇ ਸਿੱਖਿਆ ਦੇ ਹੋਰ ਸਾਧਨਾਂ ਨਾਲ ਤਾਲਮੇਲ ਵਿੱਚ ਸਿਖਣ ਦੀ ਜ਼ਰੂਰਤ ਹੈ,4   ਸ਼ ਲੋ ਕ   ਵਿ ੱ ਚ   ਕ ਹੀ   ਗ ਈ   ਹੈ   ਅ ਤੇ   ਮ ੰ ਨੀ   ਵੀ   ਗ ਈ   ਹੈ   ਕਿ   ਉ ਪ ਨਿ ਸ਼ ਦਾਂ   ਦੀ ਆ ਂ   ਸਿ ੱ ਖਿ ਆ ਵਾਂ   ਨੂ ੰ   ਟੁ ਕ ੜ ਿ ਆ ਂ   ਵਿ ੱ ਚ   ਅ ਤੇ   ਵੈ ਕ ਲ ਪ ਨਿ ਕ   ਆ ਧਾ ਰ   ' ਤੇ   ਸਿ ੱ ਖ ਣ   ਦੀ   ਜ਼ ਰੂ ਰ ਤ   ਨ ਹੀਂ   ਹੈ   ਬ ਲ ਕਿ   ਵੈ ਦਿ ਕ   ਗ੍ਰ ੰ ਥ   ਅ ਨੁ ਮਾ ਨਿ ਤ   ਸਿ ੱ ਖਿ ਆ ਵਾਂ   ਅ ਤੇ   ਸਿ ੱ ਖਿ ਆ   ਦੇ   ਹੋ ਰ   ਸਾ ਧ ਨਾਂ   ਨਾ ਲ   ਤਾ ਲ ਮੇ ਲ   ਵਿ ੱ ਚ   ਸਿ ਖ ਣ   ਦੀ   ਜ਼ ਰੂ ਰ ਤ   ਹੈ,120,44
ਇਹ ਸੁਝਾਅ ਦਿੰਦਾ ਹੈ ਕਿ ਇਹਨਾਂ ਪੇਸ਼ਿਆਂ ਦੇ ਸਦੱਸ ਨੂੰ ਗੁਪਤ ਸੇਵਾ ਕਰਨ ਦੀ ਕੋਸ਼ਿਸ਼ ਕੀਤੀ ਜਾਣੀ ਚਾਹੀਦੀ ਹੈ,ਇ ਹ   ਸੁ ਝਾ ਅ   ਦਿ ੰ ਦਾ   ਹੈ   ਕਿ   ਇ ਹ ਨਾਂ   ਪੇ ਸ਼ਿ ਆ ਂ   ਦੇ   ਸ ਦ ੱ ਸ   ਨੂ ੰ   ਗੁ ਪ ਤ   ਸੇ ਵਾ   ਕ ਰ ਨ   ਦੀ   ਕੋ ਸ਼ਿ ਸ਼   ਕੀ ਤੀ   ਜਾ ਣੀ   ਚਾ ਹੀ ਦੀ   ਹੈ,44,19
ਅੰਤ ਦੇ ਨੇੜੇ ਇੱਕ ਛੋਟਾ ਪੈਰਾ ਯੁੱਧ ਦੀਆਂ ਵੱਡੀਆਂ ਚਿੰਤਾਵਾਂ ਨੂੰ ਸੰਬੋਧਿਤ ਕਰਦਾ ਹੈ ਅਤੇ ਜੰਗੀ ਹਾਥੀਆਂ ਅਤੇ ਮਨੁੱਖਾਂ ਦੇ ਵੱਖ-ਵੱਖ ਉਪਯੋਗਾਂ ਦੀ ਵਿਆਖਿਆ ਕਰਦਾ ਹੈ,ਅ ੰ ਤ   ਦੇ   ਨੇ ੜ ੇ   ਇ ੱ ਕ   ਛੋ ਟਾ   ਪੈ ਰਾ   ਯੁ ੱ ਧ   ਦੀ ਆ ਂ   ਵ ੱ ਡੀ ਆ ਂ   ਚਿ ੰ ਤਾ ਵਾਂ   ਨੂ ੰ   ਸ ੰ ਬੋ ਧਿ ਤ   ਕ ਰ ਦਾ   ਹੈ   ਅ ਤੇ   ਜ ੰ ਗੀ   ਹਾ ਥੀ ਆ ਂ   ਅ ਤੇ   ਮ ਨੁ ੱ ਖਾਂ   ਦੇ   ਵ ੱ ਖ - ਵ ੱ ਖ   ਉ ਪ ਯੋ ਗਾਂ   ਦੀ   ਵਿ ਆ ਖਿ ਆ   ਕ ਰ ਦਾ   ਹੈ,76,26
"ਸ਼ਾਸਤਰ ਦਾ ਵੱਡਾ ਹਿੱਸਾ 31 ਮੁੱਖ ਰਾਗਾਂ ਵਿੱਚ ਵੰਡਿਆ ਗਿਆ ਹੈ, ਹਰੇਕ ਗ੍ਰੰਥ ਰਾਗ ਨੂੰ ਲੰਬਾਈ ਅਤੇ ਲੇਖਕ ਦੇ ਅਨੁਸਾਰ ਉਪ-ਵਿਭਾਜਿਤ ਕੀਤਾ ਗਿਆ ਹੈ","ਸ਼ਾ ਸ ਤ ਰ   ਦਾ   ਵ ੱ ਡਾ   ਹਿ ੱ ਸਾ   3 1   ਮੁ ੱ ਖ   ਰਾ ਗਾਂ   ਵਿ ੱ ਚ   ਵ ੰ ਡਿ ਆ   ਗਿ ਆ   ਹੈ ,   ਹ ਰੇ ਕ   ਗ੍ਰ ੰ ਥ   ਰਾ ਗ   ਨੂ ੰ   ਲ ੰ ਬਾ ਈ   ਅ ਤੇ   ਲੇ ਖ ਕ   ਦੇ   ਅ ਨੁ ਸਾ ਰ   ਉ ਪ - ਵਿ ਭਾ ਜਿ ਤ   ਕੀ ਤਾ   ਗਿ ਆ   ਹੈ",65,24
"ਪਾਠ ਇੱਕ ਵਾਰਤਕ-ਸ਼ੈਲੀ ਉਪਨਿਸ਼ਦ ਹੈ, ਜਿਸ ਵਿੱਚ ਵੱਖ-ਵੱਖ ਆਕਾਰ ਦੇ ਪੈਰਿਆਂ ਦਾ ਇੱਕ ਮੋਟਲੀ ਸੰਗ੍ਰਿਹ ਹੈ","ਪਾ ਠ   ਇ ੱ ਕ   ਵਾ ਰ ਤ ਕ - ਸ਼ੈ ਲੀ   ਉ ਪ ਨਿ ਸ਼ ਦ   ਹੈ ,   ਜਿ ਸ   ਵਿ ੱ ਚ   ਵ ੱ ਖ - ਵ ੱ ਖ   ਆ ਕਾ ਰ   ਦੇ   ਪੈ ਰਿ ਆ ਂ   ਦਾ   ਇ ੱ ਕ   ਮੋ ਟ ਲੀ   ਸ ੰ ਗ੍ਰਿ ਹ   ਹੈ",51,16
"ਨਾਸਤਿਕਾ ਭਾਰਤੀ ਫ਼ਲਸਫ਼ਿਆਂ ਵਿੱਚ ਬੁੱਧ ਧਰਮ, ਜੈਨ ਧਰਮ, ਚਾਰਵਾਕਾ , ਅਜਵਿਕਾ ਅਤੇ ਹੋਰ ਸ਼ਾਮਿਲ ਹਨ","ਨਾ ਸ ਤਿ ਕਾ   ਭਾ ਰ ਤੀ   ਫ਼ ਲ ਸ ਫ਼ ਿ ਆ ਂ   ਵਿ ੱ ਚ   ਬੁ ੱ ਧ   ਧ ਰ ਮ ,   ਜੈ ਨ   ਧ ਰ ਮ ,   ਚਾ ਰ ਵਾ ਕਾ   ,   ਅ ਜ ਵਿ ਕਾ   ਅ ਤੇ   ਹੋ ਰ   ਸ਼ਾ ਮਿ ਲ   ਹ ਨ",48,15
"ਉਦਹਾਰਨ ਦੇ ਲਈ, ""ਦ ਟ੍ਰਿਕਸਟਰ ਐਂਡ ਦ ਟਾਕਿੰਗ ਬਲਬ"" ""ਦ ਓਲਡ ਮੈਨ"" ਦੀ ਕਹਾਣੀ ਦੱਸਦੀ ਹੈ, ਜੋ ਇੱਕ ਬਲਬ ਦੀਆਂ ਚੇਤਾਵਨੀਆਂ ਨੂੰ ਨਜ਼ਰਅੰਦਾਜ਼ ਕਰਦਾ ਹੈ ਅਤੇ ਸਿੱਟੇ ਵਜੋਂ, ਆਪਣੇ ਜੁਰਮ ਦੀ ਸਜ਼ਾ ਪਾਉਂਦਾ ਹੈ","ਉ ਦ ਹਾ ਰ ਨ   ਦੇ   ਲ ਈ ,   "" ਦ   ਟ੍ਰਿ ਕ ਸ ਟ ਰ   ਐ ਂ ਡ   ਦ   ਟਾ ਕਿ ੰ ਗ   ਬ ਲ ਬ ""   "" ਦ   ਓ ਲ ਡ   ਮੈ ਨ ""   ਦੀ   ਕ ਹਾ ਣੀ   ਦ ੱ ਸ ਦੀ   ਹੈ ,   ਜੋ   ਇ ੱ ਕ   ਬ ਲ ਬ   ਦੀ ਆ ਂ   ਚੇ ਤਾ ਵ ਨੀ ਆ ਂ   ਨੂ ੰ   ਨ ਜ਼ ਰ ਅ ੰ ਦਾ ਜ਼   ਕ ਰ ਦਾ   ਹੈ   ਅ ਤੇ   ਸਿ ੱ ਟੇ   ਵ ਜੋਂ ,   ਆ ਪ ਣੇ   ਜੁ ਰ ਮ   ਦੀ   ਸ ਜ਼ ਾ   ਪਾ ਉ ਂ ਦਾ   ਹੈ",98,34
"ਇਹ ਸਿੱਕੇ ਜਿਆਦਾਂਤਰ ਤਾਂਬੇ ਵਿੱਚ ਸਨ ਅਤੇ ਘੱਟ ਹੀ ਚਾਂਦੀ ਵਿੱਚ ਸਨ, ਧਾਤ ਦੀਆਂ ਡਾਈਜ਼ਾਂ ਨੂੰ ਲੋੜੀਂਦੇ ਕਟਾਈ ਦੇ ਨਾਲ ਧਿਆਨ ਨਾਲ ਪਈਆ ਜਾਂਦਾ ਸੀ","ਇ ਹ   ਸਿ ੱ ਕੇ   ਜਿ ਆ ਦਾਂ ਤ ਰ   ਤਾਂ ਬੇ   ਵਿ ੱ ਚ   ਸ ਨ   ਅ ਤੇ   ਘ ੱ ਟ   ਹੀ   ਚਾਂ ਦੀ   ਵਿ ੱ ਚ   ਸ ਨ ,   ਧਾ ਤ   ਦੀ ਆ ਂ   ਡਾ ਈ ਜ਼ ਾ ਂ   ਨੂ ੰ   ਲੋ ੜ ੀ ਂ ਦੇ   ਕ ਟਾ ਈ   ਦੇ   ਨਾ ਲ   ਧਿ ਆ ਨ   ਨਾ ਲ   ਪ ਈ ਆ   ਜਾਂ ਦਾ   ਸੀ",65,25
"ਕਥਾ ਉਪਨਿਸ਼ਦ ਨੇ ਅਨੁਸਾਰ, ਓਹ ਵਿਅਕਤੀ ਜੋ ਟੇਢੀ ਦੀ ਥਾਂ ਅਮਰ ਆਤਮਾ ਦੀ ਸੋਚ ਰੱਖਦਾ ਹੈ, ਓਹ ਮੋਕਸ਼ ਪ੍ਰਾਪਤ ਕਰਦਾ ਹੈ ਅਤੇ ਕਦੇ ਵੀ ਦੁੱਖ ਨਹੀਂ ਅਨੁਭਵ ਕਰਦਾ ਹੈ I","ਕ ਥਾ   ਉ ਪ ਨਿ ਸ ਼ ਦ   ਨੇ   ਅ ਨੁ ਸਾ ਰ ,   ਓ ਹ   ਵਿ ਅ ਕ ਤੀ   ਜੋ   ਟੇ ਢੀ   ਦੀ   ਥਾਂ   ਅ ਮ ਰ   ਆ ਤ ਮਾ   ਦੀ   ਸੋ ਚ   ਰ ੱ ਖ ਦਾ   ਹੈ ,   ਓ ਹ   ਮੋ ਕ ਸ਼   ਪ੍ਰਾ ਪ ਤ   ਕ ਰ ਦਾ   ਹੈ   ਅ ਤੇ   ਕ ਦੇ   ਵੀ   ਦੁ ੱ ਖ   ਨ ਹੀਂ   ਅ ਨੁ ਭ ਵ   ਕ ਰ ਦਾ   ਹੈ   I",71,30
"ਇਹ ਭਾਗ ਵੱਖ-ਵੱਖ ਹਥਿਆਰਾਂ ਨਾਲ ਕੀਤੇ ਜਾਣ ਵਾਲੇ ਕੰਮ ਅਤੇ ਕਾਰਵਾਈਆਂ ਦੀ ਸੂਚੀ ਨਾਲ ਸਮਾਪਤ ਹੁੰਦਾ ਹੈ, ਇਸ ਵਿੱਚ ਤਲਵਾਰ ਅਤੇ ਢਾਲ ਦੇ ਇਸਤੇਮਾਲ ਦੇ 32 ਤਰੀਕੇ , ਲੜਾਈ ਵਿੱਚ ਰੱਸੀ ਦੀ ਵਰਤੋਂ ਦੇ 11 ਤਰੀਕੇ , 5 ਤਰੀਕੇ ਰੱਸੀ ਦੇ ਇਸਤੇਮਾਲ ਦੇ, ਚੱਕਰ ਨਾਲ ਕੀਤੇ ਜਾਣ ਵਾਲੇ ਕੰਮ (ਜੰਗੀ ਹਵਾਲੇ ਤੋਂ ) ਭਾਲਾ, ਲੋਹੇ ਦੀ ਛੜ, ਗਦਾ, ਕੁਲਹਾੜੀ, ਹਥੋੜਾ, ਭਿਣਡਿਪਲਾਂ ਅਤੇ ਲਗੁੜਾ, ਵਾਜਰਾ, ਚੂੜਾ, ਗੁਲੇਲ, ਕੁਚਲਾਨ ਵਾਲਾ ਗਦਾ ਸ਼ਾਮਿਲ ਹਨ","ਇ ਹ   ਭਾ ਗ   ਵ ੱ ਖ - ਵ ੱ ਖ   ਹ ਥਿ ਆ ਰਾਂ   ਨਾ ਲ   ਕੀ ਤੇ   ਜਾ ਣ   ਵਾ ਲੇ   ਕ ੰ ਮ   ਅ ਤੇ   ਕਾ ਰ ਵਾ ਈ ਆ ਂ   ਦੀ   ਸੂ ਚੀ   ਨਾ ਲ   ਸ ਮਾ ਪ ਤ   ਹੁ ੰ ਦਾ   ਹੈ ,   ਇ ਸ   ਵਿ ੱ ਚ   ਤ ਲ ਵਾ ਰ   ਅ ਤੇ   ਢਾ ਲ   ਦੇ   ਇ ਸ ਤੇ ਮਾ ਲ   ਦੇ   3 2   ਤ ਰੀ ਕੇ   ,   ਲ ੜ ਾ ਈ   ਵਿ ੱ ਚ   ਰ ੱ ਸੀ   ਦੀ   ਵ ਰ ਤੋਂ   ਦੇ   1 1   ਤ ਰੀ ਕੇ   ,   5   ਤ ਰੀ ਕੇ   ਰ ੱ ਸੀ   ਦੇ   ਇ ਸ ਤੇ ਮਾ ਲ   ਦੇ ,   ਚ ੱ ਕ ਰ   ਨਾ ਲ   ਕੀ ਤੇ   ਜਾ ਣ   ਵਾ ਲੇ   ਕ ੰ ਮ   ( ਜ ੰ ਗੀ   ਹ ਵਾ ਲੇ   ਤੋਂ   )   ਭਾ ਲਾ ,   ਲੋ ਹੇ   ਦੀ   ਛ ੜ ,   ਗ ਦਾ ,   ਕੁ ਲ ਹਾ ੜ ੀ ,   ਹ ਥੋ ੜ ਾ ,   ਭਿ ਣ ਡਿ ਪ ਲਾਂ   ਅ ਤੇ   ਲ ਗੁ ੜ ਾ ,   ਵਾ ਜ ਰਾ ,   ਚੂ ੜ ਾ ,   ਗੁ ਲੇ ਲ ,   ਕੁ ਚ ਲਾ ਨ   ਵਾ ਲਾ   ਗ ਦਾ   ਸ਼ਾ ਮਿ ਲ   ਹ ਨ",194,71
"ਯੂਗੋਸਲਾਵੀਅਨ ਆਮ ਬਜ਼ਾਰ `ਤੇ ਪੱਛਮੀ ਪਾਬੰਦੀ ਦੇ ਸ਼ੁਰੂਆਤ ਨਾਲ ਅਤੇ ਉੱਤਰੀ ਮਕਦੂਨੀਆ ਤੇ ਯੂਨਾਨੀ ਪਾਬੰਦੀ ਨਾਲ ਅੰਤ ਹੁੰਦੇ ਹੋਏ, ਦੇਸ਼ ਦੇ ਪੁਰਾਣੇ ਨਾਂ, ਗਣਤੰਤਰ ਮਕਦੂਨੀਆ I","ਯੂ ਗੋ ਸ ਲਾ ਵੀ ਅ ਨ   ਆ ਮ   ਬ ਜ਼ ਾ ਰ   ` ਤੇ   ਪ ੱ ਛ ਮੀ   ਪਾ ਬ ੰ ਦੀ   ਦੇ   ਸ਼ੁ ਰੂ ਆ ਤ   ਨਾ ਲ   ਅ ਤੇ   ਉ ੱ ਤ ਰੀ   ਮ ਕ ਦੂ ਨੀ ਆ   ਤੇ   ਯੂ ਨਾ ਨੀ   ਪਾ ਬ ੰ ਦੀ   ਨਾ ਲ   ਅ ੰ ਤ   ਹੁ ੰ ਦੇ   ਹੋ ਏ ,   ਦੇ ਸ਼   ਦੇ   ਪੁ ਰਾ ਣੇ   ਨਾਂ ,   ਗ ਣ ਤ ੰ ਤ ਰ   ਮ ਕ ਦੂ ਨੀ ਆ   I",80,26
"ਰੁਪਏ ਦਾ ਮੁੱਲ 1991 ਵਿੱਚ ਤੇਜ਼ੀ ਨਾਲ ਗਿਰਣ ਕਾਰਣ ਅਤੇ 1994 ਵਿੱਚ ਚਾਲੂ ਖਾਤੇ ਦੀ ਪਰਿਵਰਤਨਸ਼ੀਲਤਾ ਵਿੱਚ ਤਬਦੀਲੀ ਹੋਣ ਤੋਂ ਬਾਅਦ, ਰੁਪਏ ਦੀ ਕੀਮਤ ਜ਼ਿਆਦਾਤਰ ਬਜ਼ਾਰ ਦੀ ਤਾਕਤਾਂ ਤੇ ਨਿਰਭਰ ਕਰਦੀ ਹੈ I","ਰੁ ਪ ਏ   ਦਾ   ਮੁ ੱ ਲ   1 9 9 1   ਵਿ ੱ ਚ   ਤੇ ਜ਼ ੀ   ਨਾ ਲ   ਗਿ ਰ ਣ   ਕਾ ਰ ਣ   ਅ ਤੇ   1 9 9 4   ਵਿ ੱ ਚ   ਚਾ ਲੂ   ਖਾ ਤੇ   ਦੀ   ਪ ਰਿ ਵ ਰ ਤ ਨ ਸ ਼ ੀ ਲ ਤਾ   ਵਿ ੱ ਚ   ਤ ਬ ਦੀ ਲੀ   ਹੋ ਣ   ਤੋਂ   ਬਾ ਅ ਦ ,   ਰੁ ਪ ਏ   ਦੀ   ਕੀ ਮ ਤ   ਜ਼ ਿ ਆ ਦਾ ਤ ਰ   ਬ ਜ਼ ਾ ਰ   ਦੀ   ਤਾ ਕ ਤਾਂ   ਤੇ   ਨਿ ਰ ਭ ਰ   ਕ ਰ ਦੀ   ਹੈ   I",95,33
"ਉਸ ਦੀ ਖਾਨਦਾਨੀ ਕੰਪਨੀ, ਚੀਨ-ਥਾਈ ਇੰਜੀਨੀਅਰਿੰਗ ਅਤੇ ਨਿਰਮਾਣ ਪਿ","ਉ ਸ   ਦੀ   ਖਾ ਨ ਦਾ ਨੀ   ਕ ੰ ਪ ਨੀ ,   ਚੀ ਨ - ਥਾ ਈ   ਇ ੰ ਜੀ ਨੀ ਅ ਰਿ ੰ ਗ   ਅ ਤੇ   ਨਿ ਰ ਮਾ ਣ   ਪਿ",32,9
ਸਿ,ਸਿ,1,1
"ਐਲ, ਨੇ ਕਈ ਸਰਕਾਰੀ ਵੱਡੇ ਪ੍ਰੋਜੈਕਟ ਜਿਵੇਂ ਕਿ ਬੈਂਕਾਕ ਦਾ ਸੁਵਰਨਭੂਮੀ ਹਵਾਈ ਅੱਡਾ ਬਣਾਈਆਂ I","ਐ ਲ ,   ਨੇ   ਕ ਈ   ਸ ਰ ਕਾ ਰੀ   ਵ ੱ ਡੇ   ਪ੍ਰੋ ਜੈ ਕ ਟ   ਜਿ ਵੇਂ   ਕਿ   ਬੈਂ ਕਾ ਕ   ਦਾ   ਸੁ ਵ ਰ ਨ ਭੂ ਮੀ   ਹ ਵਾ ਈ   ਅ ੱ ਡਾ   ਬ ਣਾ ਈ ਆ ਂ   I",42,15
"ਐੱਪਲ ਦੀ ਨਵੀਂ ਦੁਕਾਨ ਖੁਲ੍ਹਣ ਨਾਲ ਅਤੇ ਨਵੇਂ ਉਤਪਾਦਾ ਦੇ ਜਾਰੀ ਹੋਣ ਨਾਲ ਹਜ਼ਾਰੋਂ ਲੋਕਾਂ ਦਾ ਇਕੱਠ ਹੋ ਜਾਂਦਾ ਹੈ, ਕਈ ਦੁਕਾਨ ਦੇ ਖੁਲ੍ਹਣ ਤੋਂ ਇੱਕ ਦਿਨ ਪਹਿਲਾਂ ਹੀ ਕਤਾਰਾਂ ਵਿੱਚ ਖੜ੍ਹੇ ਹੋ ਜਾਂਦੇ ਹਨ I","ਐ ੱ ਪ ਲ   ਦੀ   ਨ ਵੀਂ   ਦੁ ਕਾ ਨ   ਖੁ ਲ੍ਹ ਣ   ਨਾ ਲ   ਅ ਤੇ   ਨ ਵੇਂ   ਉ ਤ ਪਾ ਦਾ   ਦੇ   ਜਾ ਰੀ   ਹੋ ਣ   ਨਾ ਲ   ਹ ਜ਼ ਾ ਰੋਂ   ਲੋ ਕਾਂ   ਦਾ   ਇ ਕ ੱ ਠ   ਹੋ   ਜਾਂ ਦਾ   ਹੈ ,   ਕ ਈ   ਦੁ ਕਾ ਨ   ਦੇ   ਖੁ ਲ੍ਹ ਣ   ਤੋਂ   ਇ ੱ ਕ   ਦਿ ਨ   ਪ ਹਿ ਲਾਂ   ਹੀ   ਕ ਤਾ ਰਾਂ   ਵਿ ੱ ਚ   ਖ ੜ ੍ ਹੇ   ਹੋ   ਜਾਂ ਦੇ   ਹ ਨ   I",81,36
"ਐਪਲ ਦੇ ਪ੍ਰਚਾਰਕ ਗਾਈ ਕਾਵਾਸਾਕੀ ਨੇ ਬ੍ਰਾਂਡ ਦੀ ਕੱਟੜਤਾ ਬਾਰੇ ਕਿਹਾ ਹੈ ਕੀ "" ਕੁੱਝ ਅਜਿਹਾ ਜੋ ਅਚਾਨਕ ਮਿਲ ਗਿਆ "" ਜਦੋਂ ਕਿ ਮੈਂ 2014 ਵਿੱਚ ਸਮਝਾਇਆ ਸੀ ਕਿ ਐਪਲ ਦੇ ਉਤਪਾਦਾਂ ਨਾਲ ""ਲੋਕਾਂ ਦਾ ਨਿੱਜੀ ਸਬੰਧ ਹੈ""","ਐ ਪ ਲ   ਦੇ   ਪ੍ਰ ਚਾ ਰ ਕ   ਗਾ ਈ   ਕਾ ਵਾ ਸਾ ਕੀ   ਨੇ   ਬ੍ਰਾਂ ਡ   ਦੀ   ਕ ੱ ਟ ੜ ਤਾ   ਬਾ ਰੇ   ਕਿ ਹਾ   ਹੈ   ਕੀ   ""   ਕੁ ੱ ਝ   ਅ ਜਿ ਹਾ   ਜੋ   ਅ ਚਾ ਨ ਕ   ਮਿ ਲ   ਗਿ ਆ   ""   ਜ ਦੋਂ   ਕਿ   ਮੈਂ   2 0 1 4   ਵਿ ੱ ਚ   ਸ ਮ ਝਾ ਇ ਆ   ਸੀ   ਕਿ   ਐ ਪ ਲ   ਦੇ   ਉ ਤ ਪਾ ਦਾਂ   ਨਾ ਲ   "" ਲੋ ਕਾਂ   ਦਾ   ਨਿ ੱ ਜੀ   ਸ ਬ ੰ ਧ   ਹੈ """,87,38
ਓਹ 1994 ਦੇ ਵਿੱਚ ਗਾਹਕੀ ਸੇਵਾ ਦੇ ਤੋਰ ਤੇ ਉਪਗ੍ਰਹਿ ਦੁਆਰਾ ਟੈਲੀਵਿਜ਼ਨ ਪ੍ਰਦਾਤਾ ਡਾਇਰੈਕਟ ਟਿ,ਓ ਹ   1 9 9 4   ਦੇ   ਵਿ ੱ ਚ   ਗਾ ਹ ਕੀ   ਸੇ ਵਾ   ਦੇ   ਤੋ ਰ   ਤੇ   ਉ ਪ ਗ੍ਰ ਹਿ   ਦੁ ਆ ਰਾ   ਟੈ ਲੀ ਵਿ ਜ਼ ਨ   ਪ੍ਰ ਦਾ ਤਾ   ਡਾ ਇ ਰੈ ਕ ਟ   ਟਿ,40,15
"ਵਿ , ਪੂਰੇ ਹਫ਼ਤੇ, 13 ਘੰਟਿਆਂ ਲਈ ਪ੍ਰਸਾਰਨ ਹੁੰਦਾ ਸੀ I","ਵਿ   ,   ਪੂ ਰੇ   ਹ ਫ਼ ਤੇ ,   1 3   ਘ ੰ ਟਿ ਆ ਂ   ਲ ਈ   ਪ੍ਰ ਸਾ ਰ ਨ   ਹੁ ੰ ਦਾ   ਸੀ   I",26,11
"2019 ਤੱਕ, ਜ਼ੀ ਐਂਟਰਟੇਨਮੈਂਟ ਐਂਟਰਪ੍ਰਾਈਜਜ਼ ਲਿਮਿਟੇਡ (ਜ਼ੀਲ) ਐਸਲ ਗਰੁੱਪ ਦੀ ਇਕਲੌਤੀ ਲਾਭ-ਪੀੜ੍ਹੀ ਕੰਪਨੀ ਸੀ; ਜਿਸਨੇ ਲਗਭਗ 20,000 ਕਰੌੜ (2020 ਵਿੱਚ 210 ਬਿਲੀਅਨ ਜਾਂ ਅਮਰੀਕੀ ਡਾਲਰ $2","2 0 1 9   ਤ ੱ ਕ ,   ਜ਼ ੀ   ਐ ਂ ਟ ਰ ਟੇ ਨ ਮੈਂ ਟ   ਐ ਂ ਟ ਰ ਪ੍ਰਾ ਈ ਜ ਜ਼   ਲਿ ਮਿ ਟੇ ਡ   ( ਜ਼ ੀ ਲ )   ਐ ਸ ਲ   ਗ ਰੁ ੱ ਪ   ਦੀ   ਇ ਕ ਲੌ ਤੀ   ਲਾ ਭ - ਪੀ ੜ ੍ ਹੀ   ਕ ੰ ਪ ਨੀ   ਸੀ ;   ਜਿ ਸ ਨੇ   ਲ ਗ ਭ ਗ   2 0 , 0 0 0   ਕ ਰੌ ੜ   ( 2 0 2 0   ਵਿ ੱ ਚ   2 1 0   ਬਿ ਲੀ ਅ ਨ   ਜਾਂ   ਅ ਮ ਰੀ ਕੀ   ਡਾ ਲ ਰ   $ 2",101,26
6 ਬਿਲੀਅਨ ਦੇ ਬਰਾਬਰ) ਦਾ ਸਮੁੱਚਾ ਕਰਜ਼ਾ ਇਕੱਠਾ ਕੀਤਾ ਸੀ,6   ਬਿ ਲੀ ਅ ਨ   ਦੇ   ਬ ਰਾ ਬ ਰ )   ਦਾ   ਸ ਮੁ ੱ ਚਾ   ਕ ਰ ਜ਼ ਾ   ਇ ਕ ੱ ਠਾ   ਕੀ ਤਾ   ਸੀ,27,10
ਅੰਤ ਈ ਡੀ ਐਸ ਨੇ ਏ,ਅ ੰ ਤ   ਈ   ਡੀ   ਐ ਸ   ਨੇ   ਏ,9,6
ਟੀ,ਟੀ,1,1
"ਕੀਰਨੇ ਵਿਖੇ, ਕਈ ਹਜ਼ਾਰਾਂ ਨੌਕਰੀਆਂ ਖਤਮ ਕਰ ਦਿੱਤੀਆਂ, ਮੁਆਵਜ਼ੇ ਘਟਾ ਦਿੱਤੇ, ਬੈਕ ਆਫਿਸ ਕਾਰਜਾਂ ਨੂੰ ਇਕੱਠਾ ਕਰ ਦਿੱਤਾ, ਅਤੇ ਅਖੀਰ ਏ","ਕੀ ਰ ਨੇ   ਵਿ ਖੇ ,   ਕ ਈ   ਹ ਜ਼ ਾ ਰਾਂ   ਨੌ ਕ ਰੀ ਆ ਂ   ਖ ਤ ਮ   ਕ ਰ   ਦਿ ੱ ਤੀ ਆ ਂ ,   ਮੁ ਆ ਵ ਜ਼ ੇ   ਘ ਟਾ   ਦਿ ੱ ਤੇ ,   ਬੈ ਕ   ਆ ਫਿ ਸ   ਕਾ ਰ ਜਾਂ   ਨੂ ੰ   ਇ ਕ ੱ ਠਾ   ਕ ਰ   ਦਿ ੱ ਤਾ ,   ਅ ਤੇ   ਅ ਖੀ ਰ   ਏ",65,21
ਟੀ,ਟੀ,1,1
"ਕੀਰਨੇ ਦਾ ਮੁੱਖ ਦਫ਼ਤਰ ਸ਼ਿਕਾਗੋ ਤੋਂ ਪਲਾਨੋ, ਟੈਕਸਜ਼ ਬਦਲ ਦਿੱਤਾ","ਕੀ ਰ ਨੇ   ਦਾ   ਮੁ ੱ ਖ   ਦ ਫ਼ ਤ ਰ   ਸ਼ਿ ਕਾ ਗੋ   ਤੋਂ   ਪ ਲਾ ਨੋ ,   ਟੈ ਕ ਸ ਜ਼   ਬ ਦ ਲ   ਦਿ ੱ ਤਾ",29,10
"1980 ਤੋਂ ਬਾਅਦ ਰਤਸਿਰਕਾ ਅਤੇ ਜਫ਼ੀ ਸ਼ਾਸਨ ਨੇ ਪੈਰਾਸਟੈਟਲਾਂ ਦੇ ਨਿੱਜੀਕਰਨ, ਖੇਤੀਬਾੜੀ ਮਾਰਕੀਟਿੰਗ ਬੋਰਡਾਂ ਨੂੰ ਭੰਗ ਕਰਨ, ਵਿਦੇਸ਼ੀ ਨਿਵੇਸ਼ ਦੇ ਪੱਖ ਵਿੱਚ ਵਧੇਰੇ ਉਦਾਰ ਨਿਵੇਸ਼ ਕੋਡਾਂ ਦੀ ਪ੍ਰਵਾਨਗੀ, ਬੈਕਿੰਗ ਉਦਯੋਗ ਦਾ ਨਿੱਜੀਕਰਨ, ਰਵਾਇਤੀ, ਪ੍ਰਾਇਮਰੀ ਉਤਪਾਦ ਦੀ ਵਿਭਿੰਨਤਾ ਦੀ ਨਿਗਰਾਨੀ, ਨਿਰਯਾਤ ਅਤੇ ਭੋਜਨ ਉਤਪਾਦਨ ਵਿੱਚ ਵਧੇਰੇ ਨਿਵੇਸ਼ ਕੀਤਾ ਹੈ","1 9 8 0   ਤੋਂ   ਬਾ ਅ ਦ   ਰ ਤ ਸਿ ਰ ਕਾ   ਅ ਤੇ   ਜ ਫ਼ ੀ   ਸ਼ਾ ਸ ਨ   ਨੇ   ਪੈ ਰਾ ਸ ਟੈ ਟ ਲਾਂ   ਦੇ   ਨਿ ੱ ਜੀ ਕ ਰ ਨ ,   ਖੇ ਤੀ ਬਾ ੜ ੀ   ਮਾ ਰ ਕੀ ਟਿ ੰ ਗ   ਬੋ ਰ ਡਾਂ   ਨੂ ੰ   ਭ ੰ ਗ   ਕ ਰ ਨ ,   ਵਿ ਦੇ ਸ਼ੀ   ਨਿ ਵੇ ਸ਼   ਦੇ   ਪ ੱ ਖ   ਵਿ ੱ ਚ   ਵ ਧੇ ਰੇ   ਉ ਦਾ ਰ   ਨਿ ਵੇ ਸ਼   ਕੋ ਡਾਂ   ਦੀ   ਪ੍ਰ ਵਾ ਨ ਗੀ ,   ਬੈ ਕਿ ੰ ਗ   ਉ ਦ ਯੋ ਗ   ਦਾ   ਨਿ ੱ ਜੀ ਕ ਰ ਨ ,   ਰ ਵਾ ਇ ਤੀ ,   ਪ੍ਰਾ ਇ ਮ ਰੀ   ਉ ਤ ਪਾ ਦ   ਦੀ   ਵਿ ਭਿ ੰ ਨ ਤਾ   ਦੀ   ਨਿ ਗ ਰਾ ਨੀ ,   ਨਿ ਰ ਯਾ ਤ   ਅ ਤੇ   ਭੋ ਜ ਨ   ਉ ਤ ਪਾ ਦ ਨ   ਵਿ ੱ ਚ   ਵ ਧੇ ਰੇ   ਨਿ ਵੇ ਸ਼   ਕੀ ਤਾ   ਹੈ",156,48
"ਈਸੀਬੀਜ਼ ਵਪਾਰਕ ਬੈਂਕ ਲੋਨ, ਖਰੀਦਦਾਰ ਕ੍ਰੈਡਿਟ, ਨਿਰਮਾਤਾ ਕ੍ਰੈਡਿਟ, ਸੁਰੱਖਿਆਤਮਕ ਕਨੂੰਨੀ ਲਿਖਤ ਜਿਵੇਂ ਫਲੋਟਿੰਗ ਰੇਟ ਨੋਟਸ ਅਤੇ ਫ਼ਿਕਸਡ ਰੇਟ ਬੌਂਡ ਆਦਿ ਸਮੇਤ ਦਫਤਰੀ ਨਿਰਯਾਤ ਜਮ੍ਹਾਂ ਏਜੰਸੀਆਂ ਅਤੇ ਬਹੁ-ਵਿਧਾਵੀ ਵਿੱਤੀ ਸੰਸਥਾਵਾਂ ਜਿਵੇਂ ਕਿ ਅੰਤਰਾਸ਼ਟਰੀ ਵਿੱਤ ਕਾਰਪੋਰੇਸ਼ਨ (ਵਸ਼ਿੰਗਟਨ), ਏਡੀਬੀ, ਏਐਫਆਈਸੀ, ਸੀਡੀਸੀ, ਆਦਿ ਤੋਂ ਵਪਾਰਕ ਉਧਾਰ ਜਮ੍ਹਾਂ ਕਰਦਾ ਹੈ","ਈ ਸੀ ਬੀ ਜ਼   ਵ ਪਾ ਰ ਕ   ਬੈਂ ਕ   ਲੋ ਨ ,   ਖ ਰੀ ਦ ਦਾ ਰ   ਕ੍ਰੈ ਡਿ ਟ ,   ਨਿ ਰ ਮਾ ਤਾ   ਕ੍ਰੈ ਡਿ ਟ ,   ਸੁ ਰ ੱ ਖਿ ਆ ਤ ਮ ਕ   ਕ ਨੂ ੰ ਨੀ   ਲਿ ਖ ਤ   ਜਿ ਵੇਂ   ਫ ਲੋ ਟਿ ੰ ਗ   ਰੇ ਟ   ਨੋ ਟ ਸ   ਅ ਤੇ   ਫ਼ ਿ ਕ ਸ ਡ   ਰੇ ਟ   ਬੌਂ ਡ   ਆ ਦਿ   ਸ ਮੇ ਤ   ਦ ਫ ਤ ਰੀ   ਨਿ ਰ ਯਾ ਤ   ਜ ਮ੍ਹਾਂ   ਏ ਜ ੰ ਸੀ ਆ ਂ   ਅ ਤੇ   ਬ ਹੁ - ਵਿ ਧਾ ਵੀ   ਵਿ ੱ ਤੀ   ਸ ੰ ਸ ਥਾ ਵਾਂ   ਜਿ ਵੇਂ   ਕਿ   ਅ ੰ ਤ ਰਾ ਸ਼ ਟ ਰੀ   ਵਿ ੱ ਤ   ਕਾ ਰ ਪੋ ਰੇ ਸ਼ ਨ   ( ਵ ਸ਼ਿ ੰ ਗ ਟ ਨ ) ,   ਏ ਡੀ ਬੀ ,   ਏ ਐ ਫ ਆ ਈ ਸੀ ,   ਸੀ ਡੀ ਸੀ ,   ਆ ਦਿ   ਤੋਂ   ਵ ਪਾ ਰ ਕ   ਉ ਧਾ ਰ   ਜ ਮ੍ਹਾਂ   ਕ ਰ ਦਾ   ਹੈ",164,45
"ਇਹ ਐਸ ਬੀ ਆਈ ਬੋਰਡ ਦੁਆਰਾ 17 ਮਈ 2016 ਨੂੰ, ਆਪਣੇ ਪੰਜ ਸੰਮਿਲਿਤ ਬੈਂਕਾਂ ਅਤੇ ਭਾਰਤੀ ਮਹਿਲਾ ਬੈਂਕ ਨੂੰ ਆਪਣੇ ਨਾਲ ਜੋੜਨ ਦੇ ਪ੍ਰਸਤਾਵ ਨੂੰ ਸਾਫ਼ ਕਰਨ ਦੇ ਇੱਕ ਮਹੀਨੇ ਬਾਅਦ ਆਇਆ ਹੈ","ਇ ਹ   ਐ ਸ   ਬੀ   ਆ ਈ   ਬੋ ਰ ਡ   ਦੁ ਆ ਰਾ   1 7   ਮ ਈ   2 0 1 6   ਨੂ ੰ ,   ਆ ਪ ਣੇ   ਪ ੰ ਜ   ਸ ੰ ਮਿ ਲਿ ਤ   ਬੈਂ ਕਾਂ   ਅ ਤੇ   ਭਾ ਰ ਤੀ   ਮ ਹਿ ਲਾ   ਬੈਂ ਕ   ਨੂ ੰ   ਆ ਪ ਣੇ   ਨਾ ਲ   ਜੋ ੜ ਨ   ਦੇ   ਪ੍ਰ ਸ ਤਾ ਵ   ਨੂ ੰ   ਸਾ ਫ਼   ਕ ਰ ਨ   ਦੇ   ਇ ੱ ਕ   ਮ ਹੀ ਨੇ   ਬਾ ਅ ਦ   ਆ ਇ ਆ   ਹੈ",83,33
"2018 ਦੀ ਫੌਰਚੂਨ 500 ਦੀ ਸੂਚੀ ਵਿੱਚ ਅਮੇਰਿਕਨ ਏਕਸਪ੍ਰੈਸ, ਸੰਯੁਕਤ ਰਾਜ ਕਾਰਪੋਰੇਸ਼ਨਾ ਦੀ ਪੂਰੀ ਆਮਦਨ 86 ਅੰਕ ਤੇ ਆਈਆਂ ਹੈ I","2 0 1 8   ਦੀ   ਫੌ ਰ ਚੂ ਨ   5 0 0   ਦੀ   ਸੂ ਚੀ   ਵਿ ੱ ਚ   ਅ ਮੇ ਰਿ ਕ ਨ   ਏ ਕ ਸ ਪ੍ਰੈ ਸ ,   ਸ ੰ ਯੁ ਕ ਤ   ਰਾ ਜ   ਕਾ ਰ ਪੋ ਰੇ ਸ ਼ ਨਾ   ਦੀ   ਪੂ ਰੀ   ਆ ਮ ਦ ਨ   8 6   ਅ ੰ ਕ   ਤੇ   ਆ ਈ ਆ ਂ   ਹੈ   I",62,21
"ਖਾਣ ਦੀ ਖਦਾਈ ਅਤੇ ਕੁਦਰਤੀ ਗੈਸ ਦੀ ਉਖੇੜ ਦੇ ਨਿਵੇਸ਼ ਵਿੱਚ ਵਾਧਾ ਹੋਈਆਂ, ਬੈਂਕ ਦੇ ਖੇਤਰ ਵਿੱਚ ਵੀ ਨਿਵੇਸ਼ ਵਧੀਆਂ I","ਖਾ ਣ   ਦੀ   ਖ ਦਾ ਈ   ਅ ਤੇ   ਕੁ ਦ ਰ ਤੀ   ਗੈ ਸ   ਦੀ   ਉ ਖੇ ੜ   ਦੇ   ਨਿ ਵੇ ਸ਼   ਵਿ ੱ ਚ   ਵਾ ਧਾ   ਹੋ ਈ ਆ ਂ ,   ਬੈਂ ਕ   ਦੇ   ਖੇ ਤ ਰ   ਵਿ ੱ ਚ   ਵੀ   ਨਿ ਵੇ ਸ਼   ਵ ਧੀ ਆ ਂ   I",50,21
"1913 ਅਤੇ 1929 ਦੇ ਵਿਚਕਾਰ, ਖੇਤੀਬਾੜੀ ਨਿਰਯਾਤ $3 ਕਰੋੜ (ਸਿਫ਼ਰ ਤੋਂ 2 ਕਰੋੜ)ਤੋਂ $25 ਕਰੋੜ (ਸਿਫ਼ਰ ਤੋਂ 21 ਕਰੋੜ) ਤੱਕ ਪਹੁੰਚੀਆਂ I","1 9 1 3   ਅ ਤੇ   1 9 2 9   ਦੇ   ਵਿ ਚ ਕਾ ਰ ,   ਖੇ ਤੀ ਬਾ ੜ ੀ   ਨਿ ਰ ਯਾ ਤ   $ 3   ਕ ਰੋ ੜ   ( ਸਿ ਫ਼ ਰ   ਤੋਂ   2   ਕ ਰੋ ੜ ) ਤੋਂ   $ 2 5   ਕ ਰੋ ੜ   ( ਸਿ ਫ਼ ਰ   ਤੋਂ   2 1   ਕ ਰੋ ੜ )   ਤ ੱ ਕ   ਪ ਹੁ ੰ ਚੀ ਆ ਂ   I",68,22
"ਪਰੰਤੂ, ਵਪਾਰਕ ਚੱਕਰ ਦੇ ਆਰਥਿਕ ਉਤਰਾਅ-ਚੜ੍ਹਾਅ ਕਾਰਣ ਪੋਲੈਂਡ ਦੀ ਬੇਰੁਜ਼ਗਾਰੀ ਗਤੀ ਤੇ ਅਸਰ ਹੋਈਆਂ, ਜੋ ਕਿ 2013 ਦੇ ਸ਼ੁਰੂਵਾਤ ਵਿੱਚ ਲਗਭੱਗ 11% ਤੇ ਪਹੁੰਚ ਗਈ ਸੀ I","ਪ ਰ ੰ ਤੂ ,   ਵ ਪਾ ਰ ਕ   ਚ ੱ ਕ ਰ   ਦੇ   ਆ ਰ ਥਿ ਕ   ਉ ਤ ਰਾ ਅ - ਚ ੜ ੍ ਹਾ ਅ   ਕਾ ਰ ਣ   ਪੋ ਲੈਂ ਡ   ਦੀ   ਬੇ ਰੁ ਜ਼ ਗਾ ਰੀ   ਗ ਤੀ   ਤੇ   ਅ ਸ ਰ   ਹੋ ਈ ਆ ਂ ,   ਜੋ   ਕਿ   2 0 1 3   ਦੇ   ਸ਼ੁ ਰੂ ਵਾ ਤ   ਵਿ ੱ ਚ   ਲ ਗ ਭ ੱ ਗ   1 1 %   ਤੇ   ਪ ਹੁ ੰ ਚ   ਗ ਈ   ਸੀ   I",82,27
"ਬੋਮਬੇ ਸਟੋਕ ਏਕਸਚੇਂਜ ਨੇ ਸਾਲ 2000 ਵਿੱਚ ਇਹ ਤਤਕਰੇ ਦੀ ਵਰਤੋਂ ਕਿਤੀ ਆਪਣੇ ਡੈਰੀਵੇਟਿਵਜ਼ ਬਾਜ਼ਾਰ ਖੋਲਣ ਦੇ ਲਈ, ਅਤੇ ਐਸ ਐਂਡ ਪਿ ਬੋਮਬੇ ਸਟੋਕ ਏਕਸਚੇਂਜ ਸੈਂਸੈਕਸ ਦੇ ਅੱਗੇ ਦੇ ਸਮਝੌਤੀਆਂ ਨਾਲ ਵਪਾਰ ਕਿਤਾ I","ਬੋ ਮ ਬੇ   ਸ ਟੋ ਕ   ਏ ਕ ਸ ਚੇਂ ਜ   ਨੇ   ਸਾ ਲ   2 0 0 0   ਵਿ ੱ ਚ   ਇ ਹ   ਤ ਤ ਕ ਰੇ   ਦੀ   ਵ ਰ ਤੋਂ   ਕਿ ਤੀ   ਆ ਪ ਣੇ   ਡੈ ਰੀ ਵੇ ਟਿ ਵ ਜ ਼   ਬਾ ਜ ਼ ਾ ਰ   ਖੋ ਲ ਣ   ਦੇ   ਲ ਈ ,   ਅ ਤੇ   ਐ ਸ   ਐ ਂ ਡ   ਪਿ   ਬੋ ਮ ਬੇ   ਸ ਟੋ ਕ   ਏ ਕ ਸ ਚੇਂ ਜ   ਸੈਂ ਸੈ ਕ ਸ   ਦੇ   ਅ ੱ ਗੇ   ਦੇ   ਸ ਮ ਝੌ ਤੀ ਆ ਂ   ਨਾ ਲ   ਵ ਪਾ ਰ   ਕਿ ਤਾ   I",97,34
ਐਸ,ਐ ਸ,2,1
"ਐਂਡ ਪਿ ਬੋਮਬੇ ਸਟੋਕ ਏਕਸਚੇਂਜ ਸੈਂਸੇਕਸ ਦੇ ਵਿਕਲਪ ਦੀ ਪ੍ਰਗਤੀ ਨਿਰਪੇਖਤਾ ਡੈਰੀਵੇਟਿਵਜ਼ ਦੇ ਨਾਲ ਸਾਲ 2001 ਅਤੇ 2002 ਵਿੱਚ ਹੋਈ, ਜਿਸ ਨਾਲ ਬੋਮਬੇ ਸਟੋਕ ਏਕਸਚੇਂਜ ਦਾ ਵਪਾਰ ਮੰਚ ਵੀ ਵੱਡਾ ਹੋਈਆਂ I","ਐ ਂ ਡ   ਪਿ   ਬੋ ਮ ਬੇ   ਸ ਟੋ ਕ   ਏ ਕ ਸ ਚੇਂ ਜ   ਸੈਂ ਸੇ ਕ ਸ   ਦੇ   ਵਿ ਕ ਲ ਪ   ਦੀ   ਪ੍ਰ ਗ ਤੀ   ਨਿ ਰ ਪੇ ਖ ਤਾ   ਡੈ ਰੀ ਵੇ ਟਿ ਵ ਜ ਼   ਦੇ   ਨਾ ਲ   ਸਾ ਲ   2 0 0 1   ਅ ਤੇ   2 0 0 2   ਵਿ ੱ ਚ   ਹੋ ਈ ,   ਜਿ ਸ   ਨਾ ਲ   ਬੋ ਮ ਬੇ   ਸ ਟੋ ਕ   ਏ ਕ ਸ ਚੇਂ ਜ   ਦਾ   ਵ ਪਾ ਰ   ਮ ੰ ਚ   ਵੀ   ਵ ੱ ਡਾ   ਹੋ ਈ ਆ ਂ   I",92,32
"1997 ਵਿੱਚ, ਐਫ ਏ ਓ ਨੇ ਭੁੱਖਮਰੀ ਨਾਲ ਲੜਨ ਲਈ ਮੀਡੀਆ, ਨਾਮਵਰ ਹਸਤੀਆਂ ਅਤੇ ਸਬੰਧਤ ਨਾਗਰਿਕਾਂ ਦੀ ਤਾਕਤ ਨੂੰ ਵਰਤਦੇ ਹੋਏ, ਸੰਗੀਤ ਸਮਾਰੋਹ, ਖੇਡਾਂ ਅਤੇ ਹੋਰ ਗਤੀਵਿਧੀਆਂ ਵਾਲੀ ਇੱਕ ਟੈਲੀ-ਫੂਡ ਮੁਹਿੰਮ ਦੀ ਸ਼ੁਰੂਆਤ ਕੀਤੀ","1 9 9 7   ਵਿ ੱ ਚ ,   ਐ ਫ   ਏ   ਓ   ਨੇ   ਭੁ ੱ ਖ ਮ ਰੀ   ਨਾ ਲ   ਲ ੜ ਨ   ਲ ਈ   ਮੀ ਡੀ ਆ ,   ਨਾ ਮ ਵ ਰ   ਹ ਸ ਤੀ ਆ ਂ   ਅ ਤੇ   ਸ ਬ ੰ ਧ ਤ   ਨਾ ਗ ਰਿ ਕਾਂ   ਦੀ   ਤਾ ਕ ਤ   ਨੂ ੰ   ਵ ਰ ਤ ਦੇ   ਹੋ ਏ ,   ਸ ੰ ਗੀ ਤ   ਸ ਮਾ ਰੋ ਹ ,   ਖੇ ਡਾਂ   ਅ ਤੇ   ਹੋ ਰ   ਗ ਤੀ ਵਿ ਧੀ ਆ ਂ   ਵਾ ਲੀ   ਇ ੱ ਕ   ਟੈ ਲੀ - ਫੂ ਡ   ਮੁ ਹਿ ੰ ਮ   ਦੀ   ਸ਼ੁ ਰੂ ਆ ਤ   ਕੀ ਤੀ",104,34
"ਵਪਾਰਕ ਸੇਵਾਵਾਂ: 630,000 ਦਰਜ਼ ਕੰਪਨੀਆਂ, ਉੱਦਮੀ ਢਾਂਚੇ ਦੇ 10","ਵ ਪਾ ਰ ਕ   ਸੇ ਵਾ ਵਾਂ :   6 3 0 , 0 0 0   ਦ ਰ ਜ਼   ਕ ੰ ਪ ਨੀ ਆ ਂ ,   ਉ ੱ ਦ ਮੀ   ਢਾਂ ਚੇ   ਦੇ   1 0",34,9
"3% ਦੇ ਬਰਾਬਰ, 2,800,000 ਤੋਂ ਵੱਧ ਕੰਮ ਦੀਆਂ ਇਕਾਈਆਂ ਦੇ ਨਾਲ","3 %   ਦੇ   ਬ ਰਾ ਬ ਰ ,   2 , 8 0 0 , 0 0 0   ਤੋਂ   ਵ ੱ ਧ   ਕ ੰ ਮ   ਦੀ ਆ ਂ   ਇ ਕਾ ਈ ਆ ਂ   ਦੇ   ਨਾ ਲ",35,11
2017 ਵਿੱਚ ਏ ਐਨ ਜੈੱਡ ਨੇ ਰੀਅਲਅਸ ਨੂੰ ਜਾਇਦਾਦ ਕੀਮਤ ਸੂਚਕ ਸਟਾਰਟ-ਅੱਪ ਦੇ ਤੌਰ 'ਤੇ ਅਪਣਾ ਲਿਆ,2 0 1 7   ਵਿ ੱ ਚ   ਏ   ਐ ਨ   ਜੈ ੱ ਡ   ਨੇ   ਰੀ ਅ ਲ ਅ ਸ   ਨੂ ੰ   ਜਾ ਇ ਦਾ ਦ   ਕੀ ਮ ਤ   ਸੂ ਚ ਕ   ਸ ਟਾ ਰ ਟ - ਅ ੱ ਪ   ਦੇ   ਤੌ ਰ   ' ਤੇ   ਅ ਪ ਣਾ   ਲਿ ਆ,49,17
"ਉਸ ਨੇ 1,482 ਨਗਰੀ ਅਤੇ 58 ਬਹੁ-ਰਾਜ ਸਹਿਕਾਰੀ ਬੈਂਕਾਂ ਨੂੰ ਰਿਜ਼ਰਵ ਬੈਂਕ ਆਫ਼ ਇੰਡੀਆ ਦੀ ਨਿਗਾਹਬਾਨੀ ਹੇਠ ਲਿਆਂਦਾ I","ਉ ਸ   ਨੇ   1 , 4 8 2   ਨ ਗ ਰੀ   ਅ ਤੇ   5 8   ਬ ਹੁ - ਰਾ ਜ   ਸ ਹਿ ਕਾ ਰੀ   ਬੈਂ ਕਾਂ   ਨੂ ੰ   ਰਿ ਜ਼ ਰ ਵ   ਬੈਂ ਕ   ਆ ਫ਼   ਇ ੰ ਡੀ ਆ   ਦੀ   ਨਿ ਗਾ ਹ ਬਾ ਨੀ   ਹੇ ਠ   ਲਿ ਆ ਂ ਦਾ   I",53,19
"ਵੂਲਵਿਚ ਬਾਰਕਲੇਜ਼ ਕੰਪਨੀਆਂ ਦੇ ਸਮੂਹ ਵਿੱਚ ਸ਼ਾਮਲ ਹੋਈਆਂ, ਅਤੇ ਵੂਲਵਿਚ ਨਾਂ ਅਧਿਗਰਿਹਣ ਤੋਂ ਬਾਅਦ ਰੱਖਿਆ ਗਿਆ I","ਵੂ ਲ ਵਿ ਚ   ਬਾ ਰ ਕ ਲੇ ਜ ਼   ਕ ੰ ਪ ਨੀ ਆ ਂ   ਦੇ   ਸ ਮੂ ਹ   ਵਿ ੱ ਚ   ਸ ਼ ਾ ਮ ਲ   ਹੋ ਈ ਆ ਂ ,   ਅ ਤੇ   ਵੂ ਲ ਵਿ ਚ   ਨਾਂ   ਅ ਧਿ ਗ ਰਿ ਹ ਣ   ਤੋਂ   ਬਾ ਅ ਦ   ਰ ੱ ਖਿ ਆ   ਗਿ ਆ   I",57,17
"ਉਸ ਨੇ ਅਕਤੂਬਰ 2012, ਵਿੱਚ ਆਪਣੀ ਅਧਿਕਤਰ 15% ਕਾਰਜਬਲ ਨੂੰ ਨੌਕਰੀ ਤੋ ਕਡਣ ਦਾ ਐਲਾਨ ਕਿਤਾ ਤਾਂ ਜੋ ਓਹ ਘਟਦੀ ਵਿਕਰੀ ਆਮਦਨ ਦੇ ਸਮੇਂ ਵਿੱਚ ਲਾਗਤ ਬਚਾ ਸਕਣ I","ਉ ਸ   ਨੇ   ਅ ਕ ਤੂ ਬ ਰ   2 0 1 2 ,   ਵਿ ੱ ਚ   ਆ ਪ ਣੀ   ਅ ਧਿ ਕ ਤ ਰ   1 5 %   ਕਾ ਰ ਜ ਬ ਲ   ਨੂ ੰ   ਨੌ ਕ ਰੀ   ਤੋ   ਕ ਡ ਣ   ਦਾ   ਐ ਲਾ ਨ   ਕਿ ਤਾ   ਤਾਂ   ਜੋ   ਓ ਹ   ਘ ਟ ਦੀ   ਵਿ ਕ ਰੀ   ਆ ਮ ਦ ਨ   ਦੇ   ਸ ਮੇਂ   ਵਿ ੱ ਚ   ਲਾ ਗ ਤ   ਬ ਚਾ   ਸ ਕ ਣ   I",76,29
"ਸੀਮੇਂਸ ਦੀ ਪਰਿਭਾਸ਼ਾ ""ਅੰਤਰਰਾਸ਼ਟਰੀ"" ਵਾਟ ਵਜੋਂ ਅਪਣਾਈ ਗਈ ਸੀ I","ਸੀ ਮੇਂ ਸ   ਦੀ   ਪ ਰਿ ਭਾ ਸ ਼ ਾ   "" ਅ ੰ ਤ ਰ ਰਾ ਸ਼ ਟ ਰੀ ""   ਵਾ ਟ   ਵ ਜੋਂ   ਅ ਪ ਣਾ ਈ   ਗ ਈ   ਸੀ   I",32,10
"ਇਸ ਦੇ ਨਾਲ ਹੀ , ਬਜਾਜ ਸਮੂਹ ਨੇ ਕਈ ਸਿਖਿਅਕ ਗਤੀਵਿਧੀਆਂ ਵੀ ਸ਼ੁਰੂ ਕਿਤੀਆਂ ਹੋਈਆਂ ਹਨ I","ਇ ਸ   ਦੇ   ਨਾ ਲ   ਹੀ   ,   ਬ ਜਾ ਜ   ਸ ਮੂ ਹ   ਨੇ   ਕ ਈ   ਸਿ ਖਿ ਅ ਕ   ਗ ਤੀ ਵਿ ਧੀ ਆ ਂ   ਵੀ   ਸ਼ੁ ਰੂ   ਕਿ ਤੀ ਆ ਂ   ਹੋ ਈ ਆ ਂ   ਹ ਨ   I",40,17
ਭਾਰਤ ਦਾ ਜਿ,ਭਾ ਰ ਤ   ਦਾ   ਜਿ,5,3
ਡਿ,ਡਿ,1,1
"ਪਿ ਵਿਕਾਸ, 2015 ਵਿੱਚ ਜਨਵਰੀ-ਮਾਰਚ ਦੇ ਦੋਰਾਨ 7","ਪਿ   ਵਿ ਕਾ ਸ ,   2 0 1 5   ਵਿ ੱ ਚ   ਜ ਨ ਵ ਰੀ - ਮਾ ਰ ਚ   ਦੇ   ਦੋ ਰਾ ਨ   7",25,8
"5% ਸੀ, ਜਿਸ ਦੇ ਮੁਕਾਬਲੇ ਚੀਨ ਦਾ 7% , ਜੋ ਭਾਰਤ ਨੂੰ ਸਭ ਤੋਂ ਤੇਜ਼ੀ ਨਾਲ ਵਧਦੀ ਹੋਈ ਅਰਥ- ਵਿਵਸਥਾ ਬਣਾਉਂਦੀ ਹੈ I","5 %   ਸੀ ,   ਜਿ ਸ   ਦੇ   ਮੁ ਕਾ ਬ ਲੇ   ਚੀ ਨ   ਦਾ   7 %   ,   ਜੋ   ਭਾ ਰ ਤ   ਨੂ ੰ   ਸ ਭ   ਤੋਂ   ਤੇ ਜ਼ ੀ   ਨਾ ਲ   ਵ ਧ ਦੀ   ਹੋ ਈ   ਅ ਰ ਥ -   ਵਿ ਵ ਸ ਥਾ   ਬ ਣਾ ਉ ਂ ਦੀ   ਹੈ   I",51,23
ਲੰਬੇ ਸਮੇਂ ਦੇ ਨਿਵੇਸ਼ ਕਈ ਸਾਲਾਂ ਦੇ ਲਈ ਰੱਖਣ ਲਈ ਹੁੰਦੇ ਹਨ ਅਤੇ ਨੇੜਲੇ ਭਵਿੱਖ ਵਿੱਚ ਓਨ੍ਹਾਂ ਨੂੰ ਖ਼ਤਮ ਨਹੀਂ ਕਰਨਾ ਹੁੰਦਾ I,ਲ ੰ ਬੇ   ਸ ਮੇਂ   ਦੇ   ਨਿ ਵੇ ਸ ਼   ਕ ਈ   ਸਾ ਲਾਂ   ਦੇ   ਲ ਈ   ਰ ੱ ਖ ਣ   ਲ ਈ   ਹੁ ੰ ਦੇ   ਹ ਨ   ਅ ਤੇ   ਨੇ ੜ ਲੇ   ਭ ਵਿ ੱ ਖ   ਵਿ ੱ ਚ   ਓ ਨ੍ਹਾਂ   ਨੂ ੰ   ਖ਼ ਤ ਮ   ਨ ਹੀਂ   ਕ ਰ ਨਾ   ਹੁ ੰ ਦਾ   I,56,23
"28 ਦਸੰਬਰ 2010 ਨੂੰ ਗੈਰ-ਸਰਕਾਰੀ ਸੰਸਥਾ ਕੋਲਿਸ਼ਨ ਟੁ ਅਪਰੂਟ ਰੈਗਿੰਗ ਫਰੋਮ ਐਜੂਕੇਸ਼ਨ (ਕਿਊਰ) ਦੇ ਸਹਿ ਸੰਸਥਾਪਕ ਹਰਸ਼ ਅਗਰਵਾਲ ਨੇ, ਸਾਬਕਾ ਐਚ ਆਰ ਡੀ ਮੰਤਰੀ ਆਰ","2 8   ਦ ਸ ੰ ਬ ਰ   2 0 1 0   ਨੂ ੰ   ਗੈ ਰ - ਸ ਰ ਕਾ ਰੀ   ਸ ੰ ਸ ਥਾ   ਕੋ ਲਿ ਸ਼ ਨ   ਟੁ   ਅ ਪ ਰੂ ਟ   ਰੈ ਗਿ ੰ ਗ   ਫ ਰੋ ਮ   ਐ ਜੂ ਕੇ ਸ਼ ਨ   ( ਕਿ ਊ ਰ )   ਦੇ   ਸ ਹਿ   ਸ ੰ ਸ ਥਾ ਪ ਕ   ਹ ਰ ਸ਼   ਅ ਗ ਰ ਵਾ ਲ   ਨੇ ,   ਸਾ ਬ ਕਾ   ਐ ਚ   ਆ ਰ   ਡੀ   ਮ ੰ ਤ ਰੀ   ਆ ਰ",83,25
ਕੇ,ਕੇ,1,1
"ਰਾਘਵਨ ਦੀ ਸਰਪ੍ਰਸਤੀ ਚ ਬਣੇ ਪੈਨਲ, ਰਾਘਵਨ ਕਮੇਟੀ ਨੂੰ ਖਾਸ ਦ੍ਰਿਸ਼ ਤੋਂ ਹੋਈ ਪ੍ਰੇਸ਼ਾਨੀ ਨੂੰ ਵਰਣਨ ਕਰਦੇ ਹੋਏ, ਇੱਕ ਪੱਤਰ ਲਿਖਿਆ ਜਦ ਸੀਨੀਅਰਾਂ ਦੁਆਰਾ ਮੁੱਖ ਭੂਮਿਕਾ ਵਾਲੇ ਅਭਿਨੇਤਾਵਾਂ ਦੀ ਰੈਗਿੰਗ ਕੀਤੀ ਗਈ","ਰਾ ਘ ਵ ਨ   ਦੀ   ਸ ਰ ਪ੍ਰ ਸ ਤੀ   ਚ   ਬ ਣੇ   ਪੈ ਨ ਲ ,   ਰਾ ਘ ਵ ਨ   ਕ ਮੇ ਟੀ   ਨੂ ੰ   ਖਾ ਸ   ਦ੍ਰਿ ਸ਼   ਤੋਂ   ਹੋ ਈ   ਪ੍ਰੇ ਸ਼ਾ ਨੀ   ਨੂ ੰ   ਵ ਰ ਣ ਨ   ਕ ਰ ਦੇ   ਹੋ ਏ ,   ਇ ੱ ਕ   ਪ ੱ ਤ ਰ   ਲਿ ਖਿ ਆ   ਜ ਦ   ਸੀ ਨੀ ਅ ਰਾਂ   ਦੁ ਆ ਰਾ   ਮੁ ੱ ਖ   ਭੂ ਮਿ ਕਾ   ਵਾ ਲੇ   ਅ ਭਿ ਨੇ ਤਾ ਵਾਂ   ਦੀ   ਰੈ ਗਿ ੰ ਗ   ਕੀ ਤੀ   ਗ ਈ",89,32
ਪੁਨਰ ਜੀਵਤ ਕਰਨ ਦੀਆਂ ਕੋਸ਼ਿਸ਼ਾਂ ਵਿੱਚ ਕਲਾਤਮਕ ਨਿਰਦੇਸ਼ਕ ਦੇ ਤੌਰ `ਤੇ ਜੀਨ-ਚਾਰਲਸ ਦਾ ਕੈਸਲਬਜਾਕ ਅਤੇ ਫੋਟੋਗ੍ਰਾਫਰ ਓਲੀਵੇਰੋ ਤਸਕਾਨੀ ਦੀ ਪੁਨਰ ਨਿਯੁਕਤੀ ਵੀ ਸ਼ਾਮਿਲ ਹੈ,ਪੁ ਨ ਰ   ਜੀ ਵ ਤ   ਕ ਰ ਨ   ਦੀ ਆ ਂ   ਕੋ ਸ਼ਿ ਸ਼ਾਂ   ਵਿ ੱ ਚ   ਕ ਲਾ ਤ ਮ ਕ   ਨਿ ਰ ਦੇ ਸ਼ ਕ   ਦੇ   ਤੌ ਰ   ` ਤੇ   ਜੀ ਨ - ਚਾ ਰ ਲ ਸ   ਦਾ   ਕੈ ਸ ਲ ਬ ਜਾ ਕ   ਅ ਤੇ   ਫੋ ਟੋ ਗ੍ਰਾ ਫ ਰ   ਓ ਲੀ ਵੇ ਰੋ   ਤ ਸ ਕਾ ਨੀ   ਦੀ   ਪੁ ਨ ਰ   ਨਿ ਯੁ ਕ ਤੀ   ਵੀ   ਸ਼ਾ ਮਿ ਲ   ਹੈ,75,24
"ਜ਼ਿਕਰਯੋਗ ਹੈ ਕਿ ਵਿਦੇਸ਼ੀ ਕੰਪਨੀਆਂ ਜਿਨ੍ਹਾਂ ਨੇ ਗਠਜੋੜ ਨਾਲ ਸੰਸਥਾਵਾਂ ਨੂੰ ਮੈਕਸੀਕੋ ਵਿਖੇ ਸਥਾਪਿਤ ਕੀਤਾ ਗਿਆ, ਜੋ ਕਿ ਟੀ ਵੀ ਦੇ ਪੁਰਜ਼ੇ ਅਤੇ ਕੱਲੇ-ਕੱਲੇ ਇਲੈਕਟ੍ਰੋਨਿਕ ਪੁਰਜੇ ਜਿਵੇਂ ਪ੍ਰਿਂਟੇਡ ਸਰਕਿਟ ਬੋਰਡ, ਐਲ ਸੀ ਡੀ ਪੈਨਲਜ਼, ਅਤੇ ਅਰਧ-ਚਾਲਕ ਯੰਤਰਾਂ ਦੇ ਲੋਕਲ ਡਿਜਾਈਨਰ ਅਤੇ ਨਿਰਮਾਤਾ ਹਨ","ਜ਼ ਿ ਕ ਰ ਯੋ ਗ   ਹੈ   ਕਿ   ਵਿ ਦੇ ਸ਼ੀ   ਕ ੰ ਪ ਨੀ ਆ ਂ   ਜਿ ਨ੍ਹਾਂ   ਨੇ   ਗ ਠ ਜੋ ੜ   ਨਾ ਲ   ਸ ੰ ਸ ਥਾ ਵਾਂ   ਨੂ ੰ   ਮੈ ਕ ਸੀ ਕੋ   ਵਿ ਖੇ   ਸ ਥਾ ਪਿ ਤ   ਕੀ ਤਾ   ਗਿ ਆ ,   ਜੋ   ਕਿ   ਟੀ   ਵੀ   ਦੇ   ਪੁ ਰ ਜ਼ ੇ   ਅ ਤੇ   ਕ ੱ ਲੇ - ਕ ੱ ਲੇ   ਇ ਲੈ ਕ ਟ੍ਰੋ ਨਿ ਕ   ਪੁ ਰ ਜੇ   ਜਿ ਵੇਂ   ਪ੍ਰਿਂ ਟੇ ਡ   ਸ ਰ ਕਿ ਟ   ਬੋ ਰ ਡ ,   ਐ ਲ   ਸੀ   ਡੀ   ਪੈ ਨ ਲ ਜ਼ ,   ਅ ਤੇ   ਅ ਰ ਧ - ਚਾ ਲ ਕ   ਯ ੰ ਤ ਰਾਂ   ਦੇ   ਲੋ ਕ ਲ   ਡਿ ਜਾ ਈ ਨ ਰ   ਅ ਤੇ   ਨਿ ਰ ਮਾ ਤਾ   ਹ ਨ",127,43
"ਇਸੇ ਤਰ੍ਹਾਂ ਤੋਸ਼ਿਬਾ ਅਤੇ ਤੋਸ਼ਿਬਾ ਮੈਕਸਿਕੋ, ਐਸ","ਇ ਸੇ   ਤ ਰ੍ਹਾਂ   ਤੋ ਸ਼ਿ ਬਾ   ਅ ਤੇ   ਤੋ ਸ਼ਿ ਬਾ   ਮੈ ਕ ਸਿ ਕੋ ,   ਐ ਸ",19,7
ਏ,ਏ,1,1
ਦੇ ਸੀ,ਦੇ   ਸੀ,2,2
ਵੀ,ਵੀ,1,1
"ਸਥਾਪਿਤ ਕੀਤੀ, ਜੋ ਕਿ ਇੱਕ ਖੁਦ ਮੁਖਤਿਆਰ ਪ੍ਰਸ਼ਾਸ਼ਨ ਸਹਾਇਕ ਇਕਾਈ ਹੈ, ਜੋ ਇਲੈਕਟ੍ਰੋਨਿਕ ਪੁਰਜ਼ੇ, ਟੀ ਵੀ ਅਤੇ ਉਦਯੋਗਿਕ ਦਰਜੇ ਦੇ ਉਪਕਰਨ ਬਣਾਉਂਦੀ ਹੈ","ਸ ਥਾ ਪਿ ਤ   ਕੀ ਤੀ ,   ਜੋ   ਕਿ   ਇ ੱ ਕ   ਖੁ ਦ   ਮੁ ਖ ਤਿ ਆ ਰ   ਪ੍ਰ ਸ਼ਾ ਸ਼ ਨ   ਸ ਹਾ ਇ ਕ   ਇ ਕਾ ਈ   ਹੈ ,   ਜੋ   ਇ ਲੈ ਕ ਟ੍ਰੋ ਨਿ ਕ   ਪੁ ਰ ਜ਼ ੇ ,   ਟੀ   ਵੀ   ਅ ਤੇ   ਉ ਦ ਯੋ ਗਿ ਕ   ਦ ਰ ਜੇ   ਦੇ   ਉ ਪ ਕ ਰ ਨ   ਬ ਣਾ ਉ ਂ ਦੀ   ਹੈ",68,23
"ਸਰਕਾਰ ਨੇ 2014 ਵਿੱਚ, ਵਿਦੇਸ਼ੀ ਨਿਵੇਸ਼ ਦੀ ਉੱਪਰਲੀ ਹੱਦ, ਨਿਵੇਸ਼ ਖੇਤਰ ਵਿੱਚ 26% ਤੋਂ 49% ਕਰ ਦਿੱਤੀ I","ਸ ਰ ਕਾ ਰ   ਨੇ   2 0 1 4   ਵਿ ੱ ਚ ,   ਵਿ ਦੇ ਸ ਼ ੀ   ਨਿ ਵੇ ਸ ਼   ਦੀ   ਉ ੱ ਪ ਰ ਲੀ   ਹ ੱ ਦ ,   ਨਿ ਵੇ ਸ ਼   ਖੇ ਤ ਰ   ਵਿ ੱ ਚ   2 6 %   ਤੋਂ   4 9 %   ਕ ਰ   ਦਿ ੱ ਤੀ   I",55,18
"ਅਨੁਸੂਚਿਤ ਬੈਂਕ ਓਹ ਹਨ ਜੋ ਕਿ ਭਾਰਤੀ ਰਿਜ਼ਰਵ ਬੈਂਕ ਐਕਟ, 1934 ਦੇ ਅਧੀਨ ਦੂਜੀ ਸੂਚੀ ਵਿੱਚ ਆਉਂਦੇ ਹਨ I","ਅ ਨੁ ਸੂ ਚਿ ਤ   ਬੈਂ ਕ   ਓ ਹ   ਹ ਨ   ਜੋ   ਕਿ   ਭਾ ਰ ਤੀ   ਰਿ ਜ ਼ ਰ ਵ   ਬੈਂ ਕ   ਐ ਕ ਟ ,   1 9 3 4   ਦੇ   ਅ ਧੀ ਨ   ਦੂ ਜੀ   ਸੂ ਚੀ   ਵਿ ੱ ਚ   ਆ ਉ ਂ ਦੇ   ਹ ਨ   I",49,19
ਇਸ ਦੀਆਂ ਵਿਸ਼ੇਸਤਾਵਾਂ ਹਨ; 60,ਇ ਸ   ਦੀ ਆ ਂ   ਵਿ ਸ਼ੇ ਸ ਤਾ ਵਾਂ   ਹ ਨ ;   6 0,15,5
"6 ਇੰਚ (154 ਸੈਮੀ) ਚੌੜਾ, ਦੋ ਸੀਟਾਂ ਵਾਲਾ ਲੇਟਵਾਂ ਸੋਫ਼ਾ ਅਤੇ ਡਿਉਢੀ ਵਿੱਚ 32 ਇੰਚ (81 ਸੈਮੀ) ਟੀਵੀ ਮਨੀਟਰ; ਫੁਹਾਰੇ ਵਾਲਾ ਨਾਲ ਲੱਗਵਾਂ ਗੁਸਲਖਾਨਾ; 82 ਇੰਚ (210 ਸੈਮੀ) ਲੰਬਾਈ, ਬੈਡਰੂਮ ਵਿੱਚ 47","6   ਇ ੰ ਚ   ( 1 5 4   ਸੈ ਮੀ )   ਚੌ ੜ ਾ ,   ਦੋ   ਸੀ ਟਾਂ   ਵਾ ਲਾ   ਲੇ ਟ ਵਾਂ   ਸੋ ਫ਼ ਾ   ਅ ਤੇ   ਡਿ ਉ ਢੀ   ਵਿ ੱ ਚ   3 2   ਇ ੰ ਚ   ( 8 1   ਸੈ ਮੀ )   ਟੀ ਵੀ   ਮ ਨੀ ਟ ਰ ;   ਫੁ ਹਾ ਰੇ   ਵਾ ਲਾ   ਨਾ ਲ   ਲ ੱ ਗ ਵਾਂ   ਗੁ ਸ ਲ ਖਾ ਨਾ ;   8 2   ਇ ੰ ਚ   ( 2 1 0   ਸੈ ਮੀ )   ਲ ੰ ਬਾ ਈ ,   ਬੈ ਡ ਰੂ ਮ   ਵਿ ੱ ਚ   4 7",95,32
"5 ਇੰਚ (121 ਸੈਮੀ) ਡਬਲ ਬੈਡੱ, ਇਸ ਵਿੱਚ ਵੀ ਇੱਕ 27 ਇੰਚ (69 ਸੈਮੀ) ਟੀਵੀ ਮਨੀਟਰ ਹੈ ਅਤੇ ਇੱਕ ਨਿੱਜੀ ਖਾਨਸਾਮਾਂ","5   ਇ ੰ ਚ   ( 1 2 1   ਸੈ ਮੀ )   ਡ ਬ ਲ   ਬੈ ਡ ੱ ,   ਇ ਸ   ਵਿ ੱ ਚ   ਵੀ   ਇ ੱ ਕ   2 7   ਇ ੰ ਚ   ( 6 9   ਸੈ ਮੀ )   ਟੀ ਵੀ   ਮ ਨੀ ਟ ਰ   ਹੈ   ਅ ਤੇ   ਇ ੱ ਕ   ਨਿ ੱ ਜੀ   ਖਾ ਨ ਸਾ ਮਾਂ",57,21
"ਪਹਿਲਾ ਇੱਕ ਉਪਭੋਗਤਾ ਅਰਥ ਵਿਵਸਥਾ ਹੈ ਜੋ ਉਤਪਾਦਕਤਾ ਨੂੰ ਪੈਦਾ ਕਰਨ ਲਈ ਤਿਆਰ ਕਿਤਾ ਗਿਆ ਹੈ, ਜਦੋਂ ਕਿ ਦੂਜਾ ਇੱਕ ਘਾਟ ਅਰਥ ਵਿਵਸਥਾ ਹੈ ਜੋ ਸੰਪੂਰਨ ਤਾਨਾਸ਼ਾਹੀ ਸਮਾਜਿਕ ਨਿਯੰਤਰਣ ਦੇ ਤੋਰ ਵਜੋਂ ਤਿਆਰ ਕੀਤੀ ਗਈ ਹੈ","ਪ ਹਿ ਲਾ   ਇ ੱ ਕ   ਉ ਪ ਭੋ ਗ ਤਾ   ਅ ਰ ਥ   ਵਿ ਵ ਸ ਥਾ   ਹੈ   ਜੋ   ਉ ਤ ਪਾ ਦ ਕ ਤਾ   ਨੂ ੰ   ਪੈ ਦਾ   ਕ ਰ ਨ   ਲ ਈ   ਤਿ ਆ ਰ   ਕਿ ਤਾ   ਗਿ ਆ   ਹੈ ,   ਜ ਦੋਂ   ਕਿ   ਦੂ ਜਾ   ਇ ੱ ਕ   ਘਾ ਟ   ਅ ਰ ਥ   ਵਿ ਵ ਸ ਥਾ   ਹੈ   ਜੋ   ਸ ੰ ਪੂ ਰ ਨ   ਤਾ ਨਾ ਸ ਼ ਾ ਹੀ   ਸ ਮਾ ਜਿ ਕ   ਨਿ ਯ ੰ ਤ ਰ ਣ   ਦੇ   ਤੋ ਰ   ਵ ਜੋਂ   ਤਿ ਆ ਰ   ਕੀ ਤੀ   ਗ ਈ   ਹੈ",97,36
"ਪੂਰਵ 2013, ਭਾਰਤੀ ਕੰਪਨੀਆਂ ਨੂੰ ਆਪਣਾ ਆਇ","ਪੂ ਰ ਵ   2 0 1 3 ,   ਭਾ ਰ ਤੀ   ਕ ੰ ਪ ਨੀ ਆ ਂ   ਨੂ ੰ   ਆ ਪ ਣਾ   ਆ ਇ",24,7
ਪਿ,ਪਿ,1,1
"ਓ ਭਾਰਤ ਵਿੱਚ ਪੂਰਾ ਕਰਨ ਤੋਂ ਪਹਿਲਾਂ, ਆਪਣੀਆਂ ਪ੍ਰਤੀਭੂਤੀਆਂ ਅੰਤਰਰਾਸ਼ਟਰੀ ਤਾਲਿਕਾ ਵਿੱਚ ਦਰਜ਼ ਕਰਨ ਦੀ ਮਨਜ਼ੂਰੀ ਨਹੀਂ ਸੀ I","ਓ   ਭਾ ਰ ਤ   ਵਿ ੱ ਚ   ਪੂ ਰਾ   ਕ ਰ ਨ   ਤੋਂ   ਪ ਹਿ ਲਾਂ ,   ਆ ਪ ਣੀ ਆ ਂ   ਪ੍ਰ ਤੀ ਭੂ ਤੀ ਆ ਂ   ਅ ੰ ਤ ਰ ਰਾ ਸ ਼ ਟ ਰੀ   ਤਾ ਲਿ ਕਾ   ਵਿ ੱ ਚ   ਦ ਰ ਜ਼   ਕ ਰ ਨ   ਦੀ   ਮ ਨ ਜ ਼ ੂ ਰੀ   ਨ ਹੀਂ   ਸੀ   I",60,19
"ਉੱਚ ਪੱਧਰੀ ਬ੍ਰਾਂਡ ਪ੍ਰਤੀ ਸ਼ਰਧਾ ਦੀ ਆਲੋਚਨਾ ਹੁੰਦੀ ਰਹੀ ਅਤੇ ਮਖੌਲ ਉੱਡਦਾ ਰਿਹਾ ਹੈ, 'ਐਪਲ ਫੈਨਬੁਆਏ' ਦਾ ਲਕਬ ਵਰਤਿਆ ਜਾਂਦਾ ਰਿਹਾ ਹੈ ਅਤੇ ਉਤਪਾਦ ਲਾਂਚ ਹੋਣ ਤੋਂ ਪਹਿਲਾਂ ਲੱਗੀਆਂ ਲੰਬੀਆਂ ਕਤਾਰਾਂ ਦਾ ਮੌਜੂ ਉਡਾਇਆ ਜਾਂਦਾ ਰਿਹਾ ਹੈ","ਉ ੱ ਚ   ਪ ੱ ਧ ਰੀ   ਬ੍ਰਾਂ ਡ   ਪ੍ਰ ਤੀ   ਸ਼ ਰ ਧਾ   ਦੀ   ਆ ਲੋ ਚ ਨਾ   ਹੁ ੰ ਦੀ   ਰ ਹੀ   ਅ ਤੇ   ਮ ਖੌ ਲ   ਉ ੱ ਡ ਦਾ   ਰਿ ਹਾ   ਹੈ ,   ' ਐ ਪ ਲ   ਫੈ ਨ ਬੁ ਆ ਏ '   ਦਾ   ਲ ਕ ਬ   ਵ ਰ ਤਿ ਆ   ਜਾਂ ਦਾ   ਰਿ ਹਾ   ਹੈ   ਅ ਤੇ   ਉ ਤ ਪਾ ਦ   ਲਾਂ ਚ   ਹੋ ਣ   ਤੋਂ   ਪ ਹਿ ਲਾਂ   ਲ ੱ ਗੀ ਆ ਂ   ਲ ੰ ਬੀ ਆ ਂ   ਕ ਤਾ ਰਾਂ   ਦਾ   ਮੌ ਜੂ   ਉ ਡਾ ਇ ਆ   ਜਾਂ ਦਾ   ਰਿ ਹਾ   ਹੈ",99,37
"2006 ਵਿੱਚ ਨਿਊਯਾਰਕ ਸਿਟੀ ਦੇ ਐਪਲ ਫ਼ਿਫਥ ਐਵੇਨਿਊ ਸਟੋਰ ਦੇ ਉਦਘਾਟਨ ਵਿੱਚ ਬਹੁਤ ਜਿਆਦਾਂ ਹਾਜ਼ਰੀ ਭਰੀ ਗਈ ਸੀ, ਅਤੇ ਯੂਰਪ ਤੋਂ ਆਉਣ ਵਾਲੇ ਸੈਲਾਨੀਆਂ ਨੇ ਇਸ ਸਮਾਗਮ ਲਈ ਉਡਾਣ ਭਰੀ ਸੀ","2 0 0 6   ਵਿ ੱ ਚ   ਨਿ ਊ ਯਾ ਰ ਕ   ਸਿ ਟੀ   ਦੇ   ਐ ਪ ਲ   ਫ਼ ਿ ਫ ਥ   ਐ ਵੇ ਨਿ ਊ   ਸ ਟੋ ਰ   ਦੇ   ਉ ਦ ਘਾ ਟ ਨ   ਵਿ ੱ ਚ   ਬ ਹੁ ਤ   ਜਿ ਆ ਦਾਂ   ਹਾ ਜ਼ ਰੀ   ਭ ਰੀ   ਗ ਈ   ਸੀ ,   ਅ ਤੇ   ਯੂ ਰ ਪ   ਤੋਂ   ਆ ਉ ਣ   ਵਾ ਲੇ   ਸੈ ਲਾ ਨੀ ਆ ਂ   ਨੇ   ਇ ਸ   ਸ ਮਾ ਗ ਮ   ਲ ਈ   ਉ ਡਾ ਣ   ਭ ਰੀ   ਸੀ",84,31
ਨਿਵੇਸ਼ ਲਈ ਬੱਚਤ ਘਰੇਲੂ ਅਤੇ ਵਿਦੇਸ਼ੀ ਸਰੋਤਾਂ ਤੋਂ ਆਉਣੀ ਸੀ; ਕੁੱਲ ਉਤਪਾਦ ਦਾ 21,ਨਿ ਵੇ ਸ਼   ਲ ਈ   ਬ ੱ ਚ ਤ   ਘ ਰੇ ਲੂ   ਅ ਤੇ   ਵਿ ਦੇ ਸ਼ੀ   ਸ ਰੋ ਤਾਂ   ਤੋਂ   ਆ ਉ ਣੀ   ਸੀ ;   ਕੁ ੱ ਲ   ਉ ਤ ਪਾ ਦ   ਦਾ   2 1,36,14
6% ਦੀ ਘਰੇਲੂ ਬੱਚਤ ਦਰ ਨਾਲ ਅਤੇ ਕੁੱਲ ਘਰੇਲੂ ਉਤਪਾਦ ਦੀ 1,6 %   ਦੀ   ਘ ਰੇ ਲੂ   ਬ ੱ ਚ ਤ   ਦ ਰ   ਨਾ ਲ   ਅ ਤੇ   ਕੁ ੱ ਲ   ਘ ਰੇ ਲੂ   ਉ ਤ ਪਾ ਦ   ਦੀ   1,28,12
6% ਵਿਦੇਸ਼ੀ ਬੱਚਤ ਦੇ ਨਾਲ,6 %   ਵਿ ਦੇ ਸ਼ੀ   ਬ ੱ ਚ ਤ   ਦੇ   ਨਾ ਲ,12,5
"ਡੂਪੋਂਟ ਦੀ ਮੁੱਖ ਸੰਵਾਦ ਅਫ਼ਸਰ, ਸਿਨਡਾ ਹਾਲਮੈਨ ਦੇ $4 ਕਰੋੜ ਦੇ 10 ਸਾਲ ਲਈ ਬਾਹਰੋਂ ਕੰਮ ਲੈਣ ਦੇ ਸੋਮਾ ਦੇ ਕਰਾਰਨਾਮੇ ਦੀ ਵਿਸਤਾਰ ਕੰਪਯੁਟਰ ਵਿਗਿਆਨ ਨਿਗਮ ਅਤੇ ਏਸਿਨਟੂਰ, ਆਉਟਸੋਸ ਹੈ ਜਿਸ ਕਰਕੇ , "" ਇੱਕ ਪ੍ਰਕਿਰਿਆ ਦੀ ਕਾਢ ਜੋ ਕਿ ਘਰ ਦੇ ਅੰਦਰ ਹੀ ਹੋ ਸਕਦੀ ਸੀ"" ਉਸ ਤੋਂ ਬੱਚ ਗਏ I","ਡੂ ਪੋਂ ਟ   ਦੀ   ਮੁ ੱ ਖ   ਸ ੰ ਵਾ ਦ   ਅ ਫ਼ ਸ ਰ ,   ਸਿ ਨ ਡਾ   ਹਾ ਲ ਮੈ ਨ   ਦੇ   $ 4   ਕ ਰੋ ੜ   ਦੇ   1 0   ਸਾ ਲ   ਲ ਈ   ਬਾ ਹ ਰੋਂ   ਕ ੰ ਮ   ਲੈ ਣ   ਦੇ   ਸੋ ਮਾ   ਦੇ   ਕ ਰਾ ਰ ਨਾ ਮੇ   ਦੀ   ਵਿ ਸ ਤਾ ਰ   ਕ ੰ ਪ ਯੁ ਟ ਰ   ਵਿ ਗਿ ਆ ਨ   ਨਿ ਗ ਮ   ਅ ਤੇ   ਏ ਸਿ ਨ ਟੂ ਰ ,   ਆ ਉ ਟ ਸੋ ਸ   ਹੈ   ਜਿ ਸ   ਕ ਰ ਕੇ   ,   ""   ਇ ੱ ਕ   ਪ੍ਰ ਕਿ ਰਿ ਆ   ਦੀ   ਕਾ ਢ   ਜੋ   ਕਿ   ਘ ਰ   ਦੇ   ਅ ੰ ਦ ਰ   ਹੀ   ਹੋ   ਸ ਕ ਦੀ   ਸੀ ""   ਉ ਸ   ਤੋਂ   ਬ ੱ ਚ   ਗ ਏ   I",127,52
"ਐਂਕਰੇਜ, ਅਲਾਸਕਾ ਵਿੱਚ ਰੌਬਰਟ ਬੀ","ਐ ਂ ਕ ਰੇ ਜ ,   ਅ ਲਾ ਸ ਕਾ   ਵਿ ੱ ਚ   ਰੌ ਬ ਰ ਟ   ਬੀ",18,5
"ਐਟਵੁੱਡ ਬਿਲਡਿੰਗ ਨੂੰ ਇੱਕ ਸਮੇਂ ਬੈਂਕ ਆਫ਼ ਅਮਰੀਕਾ ਸੈਂਟਰ ਦਾ ਨਾਮ ਦਿੱਤਾ ਗਿਆ ਸੀ , ਜਿਸਦਾ ਨਾਮ ਬੈਂਕ ਦੁਆਰਾ ਬਦਲ ਕੇ ਬਿਲਡਿੰਗ ਕਿਰਾਏਦਾਰ ਸੁਰੱਖਿਆ ਪੈਸੀਫਿਕ ਬੈਂਕ ਦੀ ਪ੍ਰਾਪਤੀ ਦੇ ਨਾਲ ਰੱਖਿਆ ਗਿਆ ਸੀ","ਐ ਟ ਵੁ ੱ ਡ   ਬਿ ਲ ਡਿ ੰ ਗ   ਨੂ ੰ   ਇ ੱ ਕ   ਸ ਮੇਂ   ਬੈਂ ਕ   ਆ ਫ਼   ਅ ਮ ਰੀ ਕਾ   ਸੈਂ ਟ ਰ   ਦਾ   ਨਾ ਮ   ਦਿ ੱ ਤਾ   ਗਿ ਆ   ਸੀ   ,   ਜਿ ਸ ਦਾ   ਨਾ ਮ   ਬੈਂ ਕ   ਦੁ ਆ ਰਾ   ਬ ਦ ਲ   ਕੇ   ਬਿ ਲ ਡਿ ੰ ਗ   ਕਿ ਰਾ ਏ ਦਾ ਰ   ਸੁ ਰ ੱ ਖਿ ਆ   ਪੈ ਸੀ ਫਿ ਕ   ਬੈਂ ਕ   ਦੀ   ਪ੍ਰਾ ਪ ਤੀ   ਦੇ   ਨਾ ਲ   ਰ ੱ ਖਿ ਆ   ਗਿ ਆ   ਸੀ",87,33
ਬਿ,ਬਿ,1,1
ਸਿ,ਸਿ,1,1
ਆਇ ਨਿਊਰੋਮੋਡੇਸ਼ਨ ਤੋਂ ਇਸ ਪੱਖ ਵਿੱਚ ਅਲੱਗ ਹੈ ਕਿ ਓਹ ਜਾਣਕਾਰੀ ਦੇ ਦੋਦਿਸ਼ਾਈ ਪ੍ਰਵਾਹ ਦੀ ਸਹਾਇਕ ਹੈ I,ਆ ਇ   ਨਿ ਊ ਰੋ ਮੋ ਡੇ ਸ ਼ ਨ   ਤੋਂ   ਇ ਸ   ਪ ੱ ਖ   ਵਿ ੱ ਚ   ਅ ਲ ੱ ਗ   ਹੈ   ਕਿ   ਓ ਹ   ਜਾ ਣ ਕਾ ਰੀ   ਦੇ   ਦੋ ਦਿ ਸ ਼ ਾ ਈ   ਪ੍ਰ ਵਾ ਹ   ਦੀ   ਸ ਹਾ ਇ ਕ   ਹੈ   I,48,18
"ਹਾਲਾਂਕਿ, ਅਜਿਹੇ ਆਵਰਤੀ ਕ੍ਰਮ ਆਕਰਸ਼ਿਤ ਕਰਨ ਦੀ ਬਜਾਇ ਪਿਛਾਂਹ ਹਟਾ ਰਹੇ ਹਨ ਮਤਲਬ ਜੇਕਰ ਵਿਕਾਸਸ਼ੀਲ ਚਲ ਕ੍ਰਮ ਤੋਂ ਬਾਹਰ ਹੈ, ਜਿੰਨਾ ਮਰਜ਼ੀ ਨੇੜੇ ਹੋਵੇ, ਇਹ ਕ੍ਰਮ ਵਿੱਚ ਦਾਖਲ ਨਹੀਂ ਹੋਵੇਗਾ, ਦਰਅਸਲ, ਇਸ ਤੋਂ ਪਰ੍ਹਾਂ ਮੁੜ ਜਾਏਗਾ","ਹਾ ਲਾਂ ਕਿ ,   ਅ ਜਿ ਹੇ   ਆ ਵ ਰ ਤੀ   ਕ੍ਰ ਮ   ਆ ਕ ਰ ਸ਼ਿ ਤ   ਕ ਰ ਨ   ਦੀ   ਬ ਜਾ ਇ   ਪਿ ਛਾਂ ਹ   ਹ ਟਾ   ਰ ਹੇ   ਹ ਨ   ਮ ਤ ਲ ਬ   ਜੇ ਕ ਰ   ਵਿ ਕਾ ਸ ਸ਼ੀ ਲ   ਚ ਲ   ਕ੍ਰ ਮ   ਤੋਂ   ਬਾ ਹ ਰ   ਹੈ ,   ਜਿ ੰ ਨਾ   ਮ ਰ ਜ਼ ੀ   ਨੇ ੜ ੇ   ਹੋ ਵੇ ,   ਇ ਹ   ਕ੍ਰ ਮ   ਵਿ ੱ ਚ   ਦਾ ਖ ਲ   ਨ ਹੀਂ   ਹੋ ਵੇ ਗਾ ,   ਦ ਰ ਅ ਸ ਲ ,   ਇ ਸ   ਤੋਂ   ਪ ਰ੍ਹਾਂ   ਮੁ ੜ   ਜਾ ਏ ਗਾ",101,36
"ਲੀਪ ਸੈਕਿੰਡ ਇੱਕ ਸੈਕਿੰਡ ਦਾ ਸਮਾਯੋਜਨ ਹੈ, ਜੋ ਕੋਓਰਡੀਨੈਟੇਡ ਯੂਨੀਵਰਸਲ ਟਾਈਮ (ਯੂ ਟੀ ਸੀ ) 'ਤੇ ਇੰਟੇਰਨੈਸ਼ਨਲ ਅਟੋਮਿਕ ਟਾਈਮ (ਟੀ ਏ ਆਈ) ਸਟੀਕ ਸਮੇਂ ਵਿਚਲੇ ਫਰਕ ਨੂੰ ਮਿਟਾਉਣ ਲਈ ਕਦੇ-ਕਦਾਈਂ ਲਾਗੂ ਲਾਗੂ ਹੁੰਦਾ ਹੈ, ਜਿਵੇਂ ਆਟੋਮੀਕ ਘੰਟਿਆਂ ਦੁਆਰਾ ਮਾਪਿਆ ਗਿਆ ਅਤੇ ਸੂਰਜੀ ਸਮੇਂ ਨੂੰ ਅਨਿਸ਼ਚਿਤ ਦਿਖਾਇਆ, ਧਰਤੀ ਦੇ ਘੁਮਾਓ ਵਿੱਚ ਬੇਨਿਯਮੀਆਂ ਦੇ ਕਾਰਨ ਵੱਖਰੇਵਾਂ ਹੈ ਅਤੇ ਲੰਮੇ ਕਾਲ ਦੌਰਾਨ ਹੌਲੀ ਕਰ ਦਿੰਦਾ ਹੈ","ਲੀ ਪ   ਸੈ ਕਿ ੰ ਡ   ਇ ੱ ਕ   ਸੈ ਕਿ ੰ ਡ   ਦਾ   ਸ ਮਾ ਯੋ ਜ ਨ   ਹੈ ,   ਜੋ   ਕੋ ਓ ਰ ਡੀ ਨੈ ਟੇ ਡ   ਯੂ ਨੀ ਵ ਰ ਸ ਲ   ਟਾ ਈ ਮ   ( ਯੂ   ਟੀ   ਸੀ   )   ' ਤੇ   ਇ ੰ ਟੇ ਰ ਨੈ ਸ਼ ਨ ਲ   ਅ ਟੋ ਮਿ ਕ   ਟਾ ਈ ਮ   ( ਟੀ   ਏ   ਆ ਈ )   ਸ ਟੀ ਕ   ਸ ਮੇਂ   ਵਿ ਚ ਲੇ   ਫ ਰ ਕ   ਨੂ ੰ   ਮਿ ਟਾ ਉ ਣ   ਲ ਈ   ਕ ਦੇ - ਕ ਦਾ ਈ ਂ   ਲਾ ਗੂ   ਲਾ ਗੂ   ਹੁ ੰ ਦਾ   ਹੈ ,   ਜਿ ਵੇਂ   ਆ ਟੋ ਮੀ ਕ   ਘ ੰ ਟਿ ਆ ਂ   ਦੁ ਆ ਰਾ   ਮਾ ਪਿ ਆ   ਗਿ ਆ   ਅ ਤੇ   ਸੂ ਰ ਜੀ   ਸ ਮੇਂ   ਨੂ ੰ   ਅ ਨਿ ਸ਼ ਚਿ ਤ   ਦਿ ਖਾ ਇ ਆ ,   ਧ ਰ ਤੀ   ਦੇ   ਘੁ ਮਾ ਓ   ਵਿ ੱ ਚ   ਬੇ ਨਿ ਯ ਮੀ ਆ ਂ   ਦੇ   ਕਾ ਰ ਨ   ਵ ੱ ਖ ਰੇ ਵਾਂ   ਹੈ   ਅ ਤੇ   ਲ ੰ ਮੇ   ਕਾ ਲ   ਦੌ ਰਾ ਨ   ਹੌ ਲੀ   ਕ ਰ   ਦਿ ੰ ਦਾ   ਹੈ",183,63
ਕਰੈਮਰ ਅਤੇ ਹੋਰਾਂ ਨੇ ਅਧਿਆਪਕਾਂ ਉੱਪਰ ਕੀਤੇ ਅਧਿਐਨ ਦੇ ਸਰਵੇ ਦੌਰਾਨ ਪ੍ਰਾਈਵੇਟ ਖੇਤਰ ਦੇ 25% ਅਤੇ ਸਰਕਾਰੀ ਖੇਤਰ ਦੇ 40% ਸਿਹਤ ਕਾਮੇ ਗੈਰ-ਹਾਜ਼ਰ ਪਾਏ ਹੈ,ਕ ਰੈ ਮ ਰ   ਅ ਤੇ   ਹੋ ਰਾਂ   ਨੇ   ਅ ਧਿ ਆ ਪ ਕਾਂ   ਉ ੱ ਪ ਰ   ਕੀ ਤੇ   ਅ ਧਿ ਐ ਨ   ਦੇ   ਸ ਰ ਵੇ   ਦੌ ਰਾ ਨ   ਪ੍ਰਾ ਈ ਵੇ ਟ   ਖੇ ਤ ਰ   ਦੇ   2 5 %   ਅ ਤੇ   ਸ ਰ ਕਾ ਰੀ   ਖੇ ਤ ਰ   ਦੇ   4 0 %   ਸਿ ਹ ਤ   ਕਾ ਮੇ   ਗੈ ਰ - ਹਾ ਜ਼ ਰ   ਪਾ ਏ   ਹੈ,69,25
1923 ਦੇ ਕਾਮਪਟਨ ਪ੍ਰਭਾਵ ਨੇ ਹੋਰ ਸਬੂਤ ਉਪਲੱਬਧ ਕਰਵਾਏ ਕਿ ਵਿਸ਼ੇਸ਼ ਮਾਪੇਖਤਾ ਨੂੰ ਫੋਟੋਨ-ਇਲੈਕਟ੍ਰੋਨ ਖਿੰਡਾਅ ਦੇ ਪਾਰਟੀਕਲ ਜਾਂ ਕਣਾਂ ਨੂੰ ਵਰਣਨ ਦੇ ਮਾਮਲੇ ਵਿੱਚ ਲਾਗੂ ਨਹੀਂ ਕੀਤਾ ਜਾਂਦਾ,1 9 2 3   ਦੇ   ਕਾ ਮ ਪ ਟ ਨ   ਪ੍ਰ ਭਾ ਵ   ਨੇ   ਹੋ ਰ   ਸ ਬੂ ਤ   ਉ ਪ ਲ ੱ ਬ ਧ   ਕ ਰ ਵਾ ਏ   ਕਿ   ਵਿ ਸ਼ੇ ਸ਼   ਮਾ ਪੇ ਖ ਤਾ   ਨੂ ੰ   ਫੋ ਟੋ ਨ - ਇ ਲੈ ਕ ਟ੍ਰੋ ਨ   ਖਿ ੰ ਡਾ ਅ   ਦੇ   ਪਾ ਰ ਟੀ ਕ ਲ   ਜਾਂ   ਕ ਣਾਂ   ਨੂ ੰ   ਵ ਰ ਣ ਨ   ਦੇ   ਮਾ ਮ ਲੇ   ਵਿ ੱ ਚ   ਲਾ ਗੂ   ਨ ਹੀਂ   ਕੀ ਤਾ   ਜਾਂ ਦਾ,82,28
"ਇੱਕ ਇਲੈਕਟ੍ਰੋਮੈਗਨੈਟਿਕ ਫੀਲਡ ਨੂੰ ਕਰੰਟਾਂ ਅਤੇ ਚਾਰਜਾਂ (ਸਰੋਤਾਂ) ਤੋਂ ਬਹੁਤ ਦੂਰ ਇਲੈਕਟ੍ਰੋਮੈਗਨੈਟਿਕ ਰੇਡੀਏਸ਼ਨ (ਈ ਐਮ ਆਰ ) ਕਿਹਾ ਜਾਂਦਾ ਹੈ ਕਿਉਂਕਿ ਇਹ ਸਰੋਤਾਂ ਵਿੱਚ ਚਾਰਜ ਅਤੇ ਕਰੰਟਾਂ ਤੋਂ ਰੇਡੀਏਟ ਹੁੰਦਾ ਹੈ, ਉਹਨਾਂ 'ਤੇ ਕੋਈ ""ਫੀਡਬੈਕ"" ਪ੍ਰਭਾਵ ਨਹੀਂ ਹੁੰਦਾ, ਅਤੇ ਮੌਜੂਦਾ ਸਮੇ ਵਿੱਚ ਉਹਨਾਂ ਦੁਆਰਾ ਸਿੱਧੇ ਤੌਰ 'ਤੇ ਪ੍ਰਭਾਵਿਤ ਨਹੀਂ ਹੁੰਦਾ (ਸਗੋਂ ਇਹ ਅਸਿੱਧੇ ਤੌਰ 'ਤੇ ਪਿੱਛੇ ਉਹਨਾਂ ਤੋਂ ਬਾਹਰ ਨਿਕਲਣ ਵਾਲੇ ਖੇਤਰਾਂ ਵਿੱਚ ਤਬਦੀਲੀਆਂ ਦੇ ਕ੍ਰਮ ਵਿੱਚ ਪੈਦਾ ਹੁੰਦਾ ਹੈ)","ਇ ੱ ਕ   ਇ ਲੈ ਕ ਟ੍ਰੋ ਮੈ ਗ ਨੈ ਟਿ ਕ   ਫੀ ਲ ਡ   ਨੂ ੰ   ਕ ਰ ੰ ਟਾਂ   ਅ ਤੇ   ਚਾ ਰ ਜਾਂ   ( ਸ ਰੋ ਤਾਂ )   ਤੋਂ   ਬ ਹੁ ਤ   ਦੂ ਰ   ਇ ਲੈ ਕ ਟ੍ਰੋ ਮੈ ਗ ਨੈ ਟਿ ਕ   ਰੇ ਡੀ ਏ ਸ਼ ਨ   ( ਈ   ਐ ਮ   ਆ ਰ   )   ਕਿ ਹਾ   ਜਾਂ ਦਾ   ਹੈ   ਕਿ ਉ ਂ ਕਿ   ਇ ਹ   ਸ ਰੋ ਤਾਂ   ਵਿ ੱ ਚ   ਚਾ ਰ ਜ   ਅ ਤੇ   ਕ ਰ ੰ ਟਾਂ   ਤੋਂ   ਰੇ ਡੀ ਏ ਟ   ਹੁ ੰ ਦਾ   ਹੈ ,   ਉ ਹ ਨਾਂ   ' ਤੇ   ਕੋ ਈ   "" ਫੀ ਡ ਬੈ ਕ ""   ਪ੍ਰ ਭਾ ਵ   ਨ ਹੀਂ   ਹੁ ੰ ਦਾ ,   ਅ ਤੇ   ਮੌ ਜੂ ਦਾ   ਸ ਮੇ   ਵਿ ੱ ਚ   ਉ ਹ ਨਾਂ   ਦੁ ਆ ਰਾ   ਸਿ ੱ ਧੇ   ਤੌ ਰ   ' ਤੇ   ਪ੍ਰ ਭਾ ਵਿ ਤ   ਨ ਹੀਂ   ਹੁ ੰ ਦਾ   ( ਸ ਗੋਂ   ਇ ਹ   ਅ ਸਿ ੱ ਧੇ   ਤੌ ਰ   ' ਤੇ   ਪਿ ੱ ਛੇ   ਉ ਹ ਨਾਂ   ਤੋਂ   ਬਾ ਹ ਰ   ਨਿ ਕ ਲ ਣ   ਵਾ ਲੇ   ਖੇ ਤ ਰਾਂ   ਵਿ ੱ ਚ   ਤ ਬ ਦੀ ਲੀ ਆ ਂ   ਦੇ   ਕ੍ਰ ਮ   ਵਿ ੱ ਚ   ਪੈ ਦਾ   ਹੁ ੰ ਦਾ   ਹੈ )",202,70
"ਜਿਵੇਂ ਉੱਪਰ ਦੇਖਿਆ ਗਿਆ ਹੈ, ਜ਼ਿਆਦਾਤਰ ਡੀ","ਜਿ ਵੇਂ   ਉ ੱ ਪ ਰ   ਦੇ ਖਿ ਆ   ਗਿ ਆ   ਹੈ ,   ਜ਼ ਿ ਆ ਦਾ ਤ ਰ   ਡੀ",20,7
ਐਨ,ਐ ਨ,2,1
ਏ,ਏ,1,1
"ਅਣੂ ਦੋ ਪਾਲੀਮਰ ਲੜੀਆਂ ਨਾਨ-ਕੋਵਾਲੈਂਟ ਬੰਧਨਾਂ ਦੁਆਰਾ ਹੈਲੀਕਲ ਤਰੀਕੇ ਨਾਲ ਬੱਝੀਆਂ ਹੁੰਦੀਆਂ ਹਨ; ਇਹ ਦੂਹਰੀ ਲੜੀ ਵਾਲੀ ਸਰੰਚਨਾ ਵੱਡੇ ਤੌਰ `ਤੇ ਇੰਟ੍ਰਾ-ਸਟ੍ਰੈਂਡ ਪਰਸਪਰ ਸਟੈਕਸ ਅਧਾਰਾਂ ਦੁਆਰਾ ਸਾਂਭੀ ਹੁੰਦੀ ਹੈ, ਜਿਹੜੇ ਜੀ ਅਤੇ ਸੀ ਸਟੈਕਸ ਲਈ ਸਭ ਤੋਂ ਵੱਧ ਮਜਬੂਤ ਹਨ I","ਅ ਣੂ   ਦੋ   ਪਾ ਲੀ ਮ ਰ   ਲ ੜ ੀ ਆ ਂ   ਨਾ ਨ - ਕੋ ਵਾ ਲੈਂ ਟ   ਬ ੰ ਧ ਨਾਂ   ਦੁ ਆ ਰਾ   ਹੈ ਲੀ ਕ ਲ   ਤ ਰੀ ਕੇ   ਨਾ ਲ   ਬ ੱ ਝੀ ਆ ਂ   ਹੁ ੰ ਦੀ ਆ ਂ   ਹ ਨ ;   ਇ ਹ   ਦੂ ਹ ਰੀ   ਲ ੜ ੀ   ਵਾ ਲੀ   ਸ ਰ ੰ ਚ ਨਾ   ਵ ੱ ਡੇ   ਤੌ ਰ   ` ਤੇ   ਇ ੰ ਟ੍ਰਾ - ਸ ਟ੍ਰੈਂ ਡ   ਪ ਰ ਸ ਪ ਰ   ਸ ਟੈ ਕ ਸ   ਅ ਧਾ ਰਾਂ   ਦੁ ਆ ਰਾ   ਸਾਂ ਭੀ   ਹੁ ੰ ਦੀ   ਹੈ ,   ਜਿ ਹ ੜ ੇ   ਜੀ   ਅ ਤੇ   ਸੀ   ਸ ਟੈ ਕ ਸ   ਲ ਈ   ਸ ਭ   ਤੋਂ   ਵ ੱ ਧ   ਮ ਜ ਬੂ ਤ   ਹ ਨ   I",126,41
"ਉਸਨੇ ਸਭ ਤੋਂ ਪਹਿਲਾਂ ਸਮੁੰਦਰੀ ਤਲ ਤੋਂ ਉਚਾਈ ਵਿੱਚ ਵਾਧੇ ਦੇ ਨਾਲ ਔਸਤ ਤਾਪਮਾਨ ਵਿੱਚ ਕਮੀ ਦੀ ਦਰ ਦੀ ਜਾਂਚ ਕੀਤੀ, ਜੋ ਕਿ ਗਰਮ ਦੇਸ਼ਾਂ ਦੀ ਸਟ੍ਰੌਮਸ ਦੀ ਉਤਪਤੀ ਬਾਰੇ ਉਸਦੀ ਪੁੱਛਗਿੱਛ ਦੁਆਰਾ, ਉੱਚ ਅਕਸ਼ਾਂਸ਼ਾਂ ਵਿੱਚ ਵਾਯੂਮੰਡਲ ਦੀਆਂ ਗੜਬੜੀਆਂ ਨੂੰ ਨਿਯੰਤ੍ਰਿਤ ਕਰਨ ਵਾਲੇ ਵਧੇਰੇ ਗੁੰਝਲਦਾਰ ਕਾਨੂੰਨ ਦੀ ਖੋਜ ਦਾ ਸਭ ਤੋਂ ਪੁਰਾਣਾ ਸੁਰਾਗ ਹੈ","ਉ ਸ ਨੇ   ਸ ਭ   ਤੋਂ   ਪ ਹਿ ਲਾਂ   ਸ ਮੁ ੰ ਦ ਰੀ   ਤ ਲ   ਤੋਂ   ਉ ਚਾ ਈ   ਵਿ ੱ ਚ   ਵਾ ਧੇ   ਦੇ   ਨਾ ਲ   ਔ ਸ ਤ   ਤਾ ਪ ਮਾ ਨ   ਵਿ ੱ ਚ   ਕ ਮੀ   ਦੀ   ਦ ਰ   ਦੀ   ਜਾਂ ਚ   ਕੀ ਤੀ ,   ਜੋ   ਕਿ   ਗ ਰ ਮ   ਦੇ ਸ਼ਾਂ   ਦੀ   ਸ ਟ੍ਰੌ ਮ ਸ   ਦੀ   ਉ ਤ ਪ ਤੀ   ਬਾ ਰੇ   ਉ ਸ ਦੀ   ਪੁ ੱ ਛ ਗਿ ੱ ਛ   ਦੁ ਆ ਰਾ ,   ਉ ੱ ਚ   ਅ ਕ ਸ਼ਾਂ ਸ਼ਾਂ   ਵਿ ੱ ਚ   ਵਾ ਯੂ ਮ ੰ ਡ ਲ   ਦੀ ਆ ਂ   ਗ ੜ ਬ ੜ ੀ ਆ ਂ   ਨੂ ੰ   ਨਿ ਯ ੰ ਤ੍ਰਿ ਤ   ਕ ਰ ਨ   ਵਾ ਲੇ   ਵ ਧੇ ਰੇ   ਗੁ ੰ ਝ ਲ ਦਾ ਰ   ਕਾ ਨੂ ੰ ਨ   ਦੀ   ਖੋ ਜ   ਦਾ   ਸ ਭ   ਤੋਂ   ਪੁ ਰਾ ਣਾ   ਸੁ ਰਾ ਗ   ਹੈ",146,54
ਕਾਰਬਨ ਗੁੱਛੇ ਪਹਿਲੀ ਵਾਰ 1984 ਵਿੱਚ ਐਰਿਕ ਏ,ਕਾ ਰ ਬ ਨ   ਗੁ ੱ ਛੇ   ਪ ਹਿ ਲੀ   ਵਾ ਰ   1 9 8 4   ਵਿ ੱ ਚ   ਐ ਰਿ ਕ   ਏ,23,8
"ਰਾਲਫਿੰਗ, ਡੋਨਾਲਡ ਐੱਮ","ਰਾ ਲ ਫਿ ੰ ਗ ,   ਡੋ ਨਾ ਲ ਡ   ਐ ੱ ਮ",13,3
"ਕਾਕਸ ਅਤੇ ਐਂਡਰਿਊ ਕਾਲਡਰ ਦੁਆਰਾ ਲੱਭੀਆਂ ਗਈਆਂ,ਪ੍ਰਯੋਗਾਂ ਵਿੱਚ ਲੇਜ਼ਰ ਦੁਆਰਾ ਗ੍ਰੇਫ਼ਾਇਟ ਨੂੰ ਵਾਸ਼ਪੀਕ੍ਰਿਤ ਕੀਤਾ ਗਿਆ ਅਤੇ ਵਾਸ਼ਪ ਨੂੰ ਹੀਲੀਅਮ ਵਾਯੂਮੰਡਲ ਦੁਆਰਾ ਠੰਡਾ ਕੀਤਾ ਗਿਆ ਸੀ","ਕਾ ਕ ਸ   ਅ ਤੇ   ਐ ਂ ਡ ਰਿ ਊ   ਕਾ ਲ ਡ ਰ   ਦੁ ਆ ਰਾ   ਲ ੱ ਭੀ ਆ ਂ   ਗ ਈ ਆ ਂ , ਪ੍ਰ ਯੋ ਗਾਂ   ਵਿ ੱ ਚ   ਲੇ ਜ਼ ਰ   ਦੁ ਆ ਰਾ   ਗ੍ਰੇ ਫ਼ ਾ ਇ ਟ   ਨੂ ੰ   ਵਾ ਸ਼ ਪੀ ਕ੍ਰਿ ਤ   ਕੀ ਤਾ   ਗਿ ਆ   ਅ ਤੇ   ਵਾ ਸ਼ ਪ   ਨੂ ੰ   ਹੀ ਲੀ ਅ ਮ   ਵਾ ਯੂ ਮ ੰ ਡ ਲ   ਦੁ ਆ ਰਾ   ਠ ੰ ਡਾ   ਕੀ ਤਾ   ਗਿ ਆ   ਸੀ",83,25
"ਇੱਕ ਐਲਗੋਰਿਥਮ ਦੀ ਗੁੰਝਲਤਾ ਨਿਰਧਾਰਤ ਕਰਨ ਤੋਂ ਭਾਵ ਉਪਰਲੇ ਬੌਂਡਸ ਜਾਂ ਮੁੱਢਲੇ ਆਪ੍ਰੇਸ਼ਨਾ ਦੀ ਗਿਣਤੀ ਦਾ ਅੰਦਾਜ਼ਾ ਲਗਾਉਣਾ, ਸਕਲਰਸ ਦੇ ਅਜਿਹੇ ਜੋੜ ਅਤੇ ਗੁਣਾ ਕੁੱਝ ਅਲਗੋਰਿਥਮ ਚਲਾਉਣ ਲਈ ਜ਼ਰੂਰੀ ਹਨ, ਉਦਾਹਰਨ ਲਈ ਮੈਟਰਿਸਜ ਦੀ ਗੁਣਾ","ਇ ੱ ਕ   ਐ ਲ ਗੋ ਰਿ ਥ ਮ   ਦੀ   ਗੁ ੰ ਝ ਲ ਤਾ   ਨਿ ਰ ਧਾ ਰ ਤ   ਕ ਰ ਨ   ਤੋਂ   ਭਾ ਵ   ਉ ਪ ਰ ਲੇ   ਬੌਂ ਡ ਸ   ਜਾਂ   ਮੁ ੱ ਢ ਲੇ   ਆ ਪ੍ਰੇ ਸ਼ ਨਾ   ਦੀ   ਗਿ ਣ ਤੀ   ਦਾ   ਅ ੰ ਦਾ ਜ਼ ਾ   ਲ ਗਾ ਉ ਣਾ ,   ਸ ਕ ਲ ਰ ਸ   ਦੇ   ਅ ਜਿ ਹੇ   ਜੋ ੜ   ਅ ਤੇ   ਗੁ ਣਾ   ਕੁ ੱ ਝ   ਅ ਲ ਗੋ ਰਿ ਥ ਮ   ਚ ਲਾ ਉ ਣ   ਲ ਈ   ਜ਼ ਰੂ ਰੀ   ਹ ਨ ,   ਉ ਦਾ ਹ ਰ ਨ   ਲ ਈ   ਮੈ ਟ ਰਿ ਸ ਜ   ਦੀ   ਗੁ ਣਾ",108,35
"ਇਸ ਸਮੇਂ, ਅੰਗਰੇਜ਼ਾ ਦਾ ਬੰਗਾਲ ਦੇ ਮੁਗ਼ਲ ਰਾਜਪਾਲਾ ਨਾਲ ਸੰਘਰਸ਼ ਹੋ ਗਿਆ I","ਇ ਸ   ਸ ਮੇਂ ,   ਅ ੰ ਗ ਰੇ ਜ਼ ਾ   ਦਾ   ਬ ੰ ਗਾ ਲ   ਦੇ   ਮੁ ਗ਼ ਲ   ਰਾ ਜ ਪਾ ਲਾ   ਨਾ ਲ   ਸ ੰ ਘ ਰ ਸ਼   ਹੋ   ਗਿ ਆ   I",35,13
1906 ਵਿੱਚ ਰੇਜਨਾਲਡ ਫ਼ੈਸੇਂਡਨ ਦੁਆਰਾ ਪਹਿਲੇ ਲੰਮੀ ਦੂਰੀ ਦੇ ਸ਼੍ਰਵਣੀ ਸੰਚਾਰਾਂ ਵਿੱਚ ਇੱਕ ਅਲੇਗਜ਼ੇਂਡਰਸ਼ਨ ਅਲਟਰਨੇਟਰ ਤੋਂ ਇੱਕ ਨਿਰੰਤਰ ਤਰੰਗ ਸੀਤਲ-ਜਲ ਕਾਰਬਨ ਮਾਇਕ੍ਰੋਫੋਨ ਰਾਹੀਂ ਸੰਚਾਰੀ ਐਂਟੀਨੇ ਵੱਲ ਸਿੱਧੇ ਤੌਰ ਤੇ ਖਿੱਚੀ ਗਈ ਸੀ,1 9 0 6   ਵਿ ੱ ਚ   ਰੇ ਜ ਨਾ ਲ ਡ   ਫ਼ ੈ ਸੇਂ ਡ ਨ   ਦੁ ਆ ਰਾ   ਪ ਹਿ ਲੇ   ਲ ੰ ਮੀ   ਦੂ ਰੀ   ਦੇ   ਸ਼੍ਰ ਵ ਣੀ   ਸ ੰ ਚਾ ਰਾਂ   ਵਿ ੱ ਚ   ਇ ੱ ਕ   ਅ ਲੇ ਗ ਜ਼ ੇ ਂ ਡ ਰ ਸ਼ ਨ   ਅ ਲ ਟ ਰ ਨੇ ਟ ਰ   ਤੋਂ   ਇ ੱ ਕ   ਨਿ ਰ ੰ ਤ ਰ   ਤ ਰ ੰ ਗ   ਸੀ ਤ ਲ - ਜ ਲ   ਕਾ ਰ ਬ ਨ   ਮਾ ਇ ਕ੍ਰੋ ਫੋ ਨ   ਰਾ ਹੀਂ   ਸ ੰ ਚਾ ਰੀ   ਐ ਂ ਟੀ ਨੇ   ਵ ੱ ਲ   ਸਿ ੱ ਧੇ   ਤੌ ਰ   ਤੇ   ਖਿ ੱ ਚੀ   ਗ ਈ   ਸੀ,112,32
"ਉਦਯੋਗ ਵਿਗਿਆਨ ਕਾਰਨ ਅਧਿਆਪਕ ਬਿਹਤਰ ਮੁਲਾਂਕਣ ਬਣਾ ਸਕਦੇ ਹਨ ਜਿਸ ਨਾਲ ਓਹ ਓਨ੍ਹਾਂ ਵਿਦਿਆਰਥੀਆਂ ਜਿਨ੍ਹਾਂ ਨੂੰ ਸਾਮਾਨ ਨਾਲ ਸਮੱਸਿਆਵਾਂ ਆ ਰਹੀਆਂ ਹਨ, ਓਨ੍ਹਾਂ ਦੀ ਮਦਦ ਕਰ ਸਕਦੇ ਹਨ I","ਉ ਦ ਯੋ ਗ   ਵਿ ਗਿ ਆ ਨ   ਕਾ ਰ ਨ   ਅ ਧਿ ਆ ਪ ਕ   ਬਿ ਹ ਤ ਰ   ਮੁ ਲਾਂ ਕ ਣ   ਬ ਣਾ   ਸ ਕ ਦੇ   ਹ ਨ   ਜਿ ਸ   ਨਾ ਲ   ਓ ਹ   ਓ ਨ੍ਹਾਂ   ਵਿ ਦਿ ਆ ਰ ਥੀ ਆ ਂ   ਜਿ ਨ੍ਹਾਂ   ਨੂ ੰ   ਸਾ ਮਾ ਨ   ਨਾ ਲ   ਸ ਮ ੱ ਸਿ ਆ ਵਾਂ   ਆ   ਰ ਹੀ ਆ ਂ   ਹ ਨ ,   ਓ ਨ੍ਹਾਂ   ਦੀ   ਮ ਦ ਦ   ਕ ਰ   ਸ ਕ ਦੇ   ਹ ਨ   I",83,29
"ਔਟੋਕ੍ਰਾਈਨ ਇੱਕ ਸੈੱਲ ਹੁੰਦਾ ਹੈ ਜੋ ਕਿ ਇੱਕ ਅਣੂ ਵਗ ਕੇ ਆਪਣੇ ਆਪ ਨੂੰ ਸੰਕੇਤ ਭੇਜਦਾ ਹੈ, ਜੋ ਅਗੇ ਉਸ ਦੀ ਸਤਹ ਤੇ ਇੱਕ ਰੀਸੈਪਟਰ ਨਾਲ ਬੰਨ ਜਾਂਦਾ ਹੈ I","ਔ ਟੋ ਕ੍ਰਾ ਈ ਨ   ਇ ੱ ਕ   ਸੈ ੱ ਲ   ਹੁ ੰ ਦਾ   ਹੈ   ਜੋ   ਕਿ   ਇ ੱ ਕ   ਅ ਣੂ   ਵ ਗ   ਕੇ   ਆ ਪ ਣੇ   ਆ ਪ   ਨੂ ੰ   ਸ ੰ ਕੇ ਤ   ਭੇ ਜ ਦਾ   ਹੈ ,   ਜੋ   ਅ ਗੇ   ਉ ਸ   ਦੀ   ਸ ਤ ਹ   ਤੇ   ਇ ੱ ਕ   ਰੀ ਸੈ ਪ ਟ ਰ   ਨਾ ਲ   ਬ ੰ ਨ   ਜਾਂ ਦਾ   ਹੈ   I",68,30
ਪੁਣਛ ਅਤੇ ਮੀਰਪੁਰ ਖੇਤਰ ਵਿੱਚ ਬਗਾਵਤਾਂ ਅਤੇ ਖੈਬਰ-ਪਖਤੁਨਖਵਾ ਤੋਂ ਪਾਕਿਸਤਾਨੀ ਹਮਾਇਤ ਪ੍ਰਾਪਤ ਪਸਤੂਨੀ ਕਬੀਲੇ ਦੀ ਦਖਲਅੰਦਾਜ਼ੀ ਤੋਂ ਬਾਅਦ ਮਹਾਰਾਜੇ ਨੇ ਭਾਰਤੀ ਫੌਜ ਤੋਂ ਸਹਾਇਤਾ ਮੰਗੀ,ਪੁ ਣ ਛ   ਅ ਤੇ   ਮੀ ਰ ਪੁ ਰ   ਖੇ ਤ ਰ   ਵਿ ੱ ਚ   ਬ ਗਾ ਵ ਤਾਂ   ਅ ਤੇ   ਖੈ ਬ ਰ - ਪ ਖ ਤੁ ਨ ਖ ਵਾ   ਤੋਂ   ਪਾ ਕਿ ਸ ਤਾ ਨੀ   ਹ ਮਾ ਇ ਤ   ਪ੍ਰਾ ਪ ਤ   ਪ ਸ ਤੂ ਨੀ   ਕ ਬੀ ਲੇ   ਦੀ   ਦ ਖ ਲ ਅ ੰ ਦਾ ਜ਼ ੀ   ਤੋਂ   ਬਾ ਅ ਦ   ਮ ਹਾ ਰਾ ਜੇ   ਨੇ   ਭਾ ਰ ਤੀ   ਫੌ ਜ   ਤੋਂ   ਸ ਹਾ ਇ ਤਾ   ਮ ੰ ਗੀ,82,25
"ਜਾਂ ਤੁਸੀਂ ਇੱਕ ਉਚਿਤ ਵਿਚਾਰਿਆ ਜੋਈਆਂ ਫੈਸਲਾ ਲਿਆਂ ਹੈ ਕਿ ਟੈਮਪਲੇਟ ਲਾਗੂ ਨਹੀਂ ਹੈ, ਜਾਂ ਅੱਗੇ ਹੁਣ ਲਾਗੂ ਨਹੀਂ ਰਹੇਗਾ","ਜਾਂ   ਤੁ ਸੀਂ   ਇ ੱ ਕ   ਉ ਚਿ ਤ   ਵਿ ਚਾ ਰਿ ਆ   ਜੋ ਈ ਆ ਂ   ਫੈ ਸ ਲਾ   ਲਿ ਆ ਂ   ਹੈ   ਕਿ   ਟੈ ਮ ਪ ਲੇ ਟ   ਲਾ ਗੂ   ਨ ਹੀਂ   ਹੈ ,   ਜਾਂ   ਅ ੱ ਗੇ   ਹੁ ਣ   ਲਾ ਗੂ   ਨ ਹੀਂ   ਰ ਹੇ ਗਾ",49,20
"ਜੇਕਰ ਕਣਕ ਦੀ ਫ਼ਸਲ ਕੀੜੇ ਕਾਰਨ ਬਰਬਾਦ ਹੋ ਜਾਂਦੀ ਹੈ , ਅਸੀਂ ਅਗਲੇ ਸਾਲ ਅੰਤਰ-ਵਿਸ਼ੇਸ਼ ਵਿਭਿੰਨਤਾ ਤੇ ਨਿਰਭਰ ਕਰ ਕੇ ਇੱਕ ਸਖ਼ਤ ਕਿਸਮ ਦਾ ਬੀਜ ਬੋ ਸਕਦੇ ਹਾਂ","ਜੇ ਕ ਰ   ਕ ਣ ਕ   ਦੀ   ਫ ਼ ਸ ਲ   ਕੀ ੜ ੇ   ਕਾ ਰ ਨ   ਬ ਰ ਬਾ ਦ   ਹੋ   ਜਾਂ ਦੀ   ਹੈ   ,   ਅ ਸੀਂ   ਅ ਗ ਲੇ   ਸਾ ਲ   ਅ ੰ ਤ ਰ - ਵਿ ਸ ਼ ੇ ਸ ਼   ਵਿ ਭਿ ੰ ਨ ਤਾ   ਤੇ   ਨਿ ਰ ਭ ਰ   ਕ ਰ   ਕੇ   ਇ ੱ ਕ   ਸ ਖ ਼ ਤ   ਕਿ ਸ ਮ   ਦਾ   ਬੀ ਜ   ਬੋ   ਸ ਕ ਦੇ   ਹਾਂ",75,28
ਇਹ ਖੇਤਰ 1971 ਵਿੱਚ ਵਧਣਾ ਸ਼ੁਰੂ ਹੋਇਆਂ ਜਦੋਂ ਸਟੀਫਨ ਕੁੱਕ ਅਤੇ ਲਿਓਨਿਡ ਲੇਵਿਨ ਨੇ ਵਿਵਹਾਰਕ ਤੌਰ ਤੇ ਸੰਬੰਧਿਤ ਸਮੱਸਿਆਵਾਂ ਦੀ ਮੌਜੂਦਗੀ ਨੂੰ ਸਾਬਤ ਕੀਤਾ ਜੋ ਐਨ,ਇ ਹ   ਖੇ ਤ ਰ   1 9 7 1   ਵਿ ੱ ਚ   ਵ ਧ ਣਾ   ਸ ਼ ੁ ਰੂ   ਹੋ ਇ ਆ ਂ   ਜ ਦੋਂ   ਸ ਟੀ ਫ ਨ   ਕੁ ੱ ਕ   ਅ ਤੇ   ਲਿ ਓ ਨਿ ਡ   ਲੇ ਵਿ ਨ   ਨੇ   ਵਿ ਵ ਹਾ ਰ ਕ   ਤੌ ਰ   ਤੇ   ਸ ੰ ਬ ੰ ਧਿ ਤ   ਸ ਮ ੱ ਸਿ ਆ ਵਾਂ   ਦੀ   ਮੌ ਜੂ ਦ ਗੀ   ਨੂ ੰ   ਸਾ ਬ ਤ   ਕੀ ਤਾ   ਜੋ   ਐ ਨ,77,26
ਪਿ-ਸੰਪੂਰਨ ਸਨ,ਪਿ - ਸ ੰ ਪੂ ਰ ਨ   ਸ ਨ,9,2
"ਸ਼ੁਰੂਆਤੀ ਮੱਧਯੁੱਗ ਵਿੱਚ ਅਲਪਾਇਨ ਉੱਚ-ਭੂਮੀ `ਤੇ ਇੱਕ ਸਧਾਰਨ ਕੇਂਦਰੀ ਹੀਟਿੰਗ ਪ੍ਰਣਾਲੀ, ਜਿੱਥੇ ਭੱਠੀ ਵਾਲੇ ਕਮਰੇ ਤੋਂ ਫ਼ਰਸ਼ ਹੇਠਲੇ ਰਸਤਿਆਂ ਰਾਹੀਂ ਤਾਪ ਲੰਘਦਾ ਹੈ, ਕੁੱਝ ਥਾਵਾਂ `ਤੇ ਰੋਮਨ ਹਾਈਪੋਕਾਸਟ ਨਾਲ ਬਦਲ ਦਿੱਤਾ","ਸ਼ੁ ਰੂ ਆ ਤੀ   ਮ ੱ ਧ ਯੁ ੱ ਗ   ਵਿ ੱ ਚ   ਅ ਲ ਪਾ ਇ ਨ   ਉ ੱ ਚ - ਭੂ ਮੀ   ` ਤੇ   ਇ ੱ ਕ   ਸ ਧਾ ਰ ਨ   ਕੇਂ ਦ ਰੀ   ਹੀ ਟਿ ੰ ਗ   ਪ੍ਰ ਣਾ ਲੀ ,   ਜਿ ੱ ਥੇ   ਭ ੱ ਠੀ   ਵਾ ਲੇ   ਕ ਮ ਰੇ   ਤੋਂ   ਫ਼ ਰ ਸ਼   ਹੇ ਠ ਲੇ   ਰ ਸ ਤਿ ਆ ਂ   ਰਾ ਹੀਂ   ਤਾ ਪ   ਲ ੰ ਘ ਦਾ   ਹੈ ,   ਕੁ ੱ ਝ   ਥਾ ਵਾਂ   ` ਤੇ   ਰੋ ਮ ਨ   ਹਾ ਈ ਪੋ ਕਾ ਸ ਟ   ਨਾ ਲ   ਬ ਦ ਲ   ਦਿ ੱ ਤਾ",101,31
"ਓਹ ਜ਼ਿਆਦਾਤਰ ਉੱਚ ਅੰਤ ਆਡੀਓ ਪਾਵਰ ਐਂਪਲੀਫਾਇਰ ਅਤੇ ਵਾਇਰਲੈੱਸ ਸੈਲੂਲਰ ਨੈੱਟਵਰਕ ਜਿਵੇਂ ਕਿ 2 ਜੀ, 3ਜੀ ਅਤੇ 4ਜੀ ਦੇ ਆਰ","ਓ ਹ   ਜ਼ ਿ ਆ ਦਾ ਤ ਰ   ਉ ੱ ਚ   ਅ ੰ ਤ   ਆ ਡੀ ਓ   ਪਾ ਵ ਰ   ਐ ਂ ਪ ਲੀ ਫਾ ਇ ਰ   ਅ ਤੇ   ਵਾ ਇ ਰ ਲੈ ੱ ਸ   ਸੈ ਲੂ ਲ ਰ   ਨੈ ੱ ਟ ਵ ਰ ਕ   ਜਿ ਵੇਂ   ਕਿ   2   ਜੀ ,   3 ਜੀ   ਅ ਤੇ   4 ਜੀ   ਦੇ   ਆ ਰ",60,20
ਫ ਪਾਵਰ ਐਂਪਲੀਫਾਇਰ ਵਿੱਚ ਵਰਤੇ ਜਾਂਦੇ ਹਨ I,ਫ   ਪਾ ਵ ਰ   ਐ ਂ ਪ ਲੀ ਫਾ ਇ ਰ   ਵਿ ੱ ਚ   ਵ ਰ ਤੇ   ਜਾਂ ਦੇ   ਹ ਨ   I,22,8
"ਮੁੱਖ ਫਿਲਟਰ ਕਪੈਸਟਰਾਂ 'ਤੇ ਆਮ ਤੌਰ 'ਤੇ ਪਲਾਸਟਿਕ ਦੀ ਪਰਤ ਚੜ੍ਹੀ ਹੁੰਦੀ ਹੈ, ਕਿਉਂਕਿ ਇਹ ਘੱਟ ਕੀਮਤ ਤੇ ਉੱਚ ਵੋਲਟੇਜ ਪ੍ਰਦਾਨ ਕਰਦੇ ਹਨ ਅਤੇ ਸਵੈ-ਮੁਰੰਮਤ ਵਾਲੇ ਅਤੇ ਪਿਘਲਨਸ਼ੀਲ ਵੀ ਬਣਾਏ ਜਾ ਸਕਦੇ ਹਨ","ਮੁ ੱ ਖ   ਫਿ ਲ ਟ ਰ   ਕ ਪੈ ਸ ਟ ਰਾਂ   ' ਤੇ   ਆ ਮ   ਤੌ ਰ   ' ਤੇ   ਪ ਲਾ ਸ ਟਿ ਕ   ਦੀ   ਪ ਰ ਤ   ਚ ੜ ੍ ਹੀ   ਹੁ ੰ ਦੀ   ਹੈ ,   ਕਿ ਉ ਂ ਕਿ   ਇ ਹ   ਘ ੱ ਟ   ਕੀ ਮ ਤ   ਤੇ   ਉ ੱ ਚ   ਵੋ ਲ ਟੇ ਜ   ਪ੍ਰ ਦਾ ਨ   ਕ ਰ ਦੇ   ਹ ਨ   ਅ ਤੇ   ਸ ਵੈ - ਮੁ ਰ ੰ ਮ ਤ   ਵਾ ਲੇ   ਅ ਤੇ   ਪਿ ਘ ਲ ਨ ਸ਼ੀ ਲ   ਵੀ   ਬ ਣਾ ਏ   ਜਾ   ਸ ਕ ਦੇ   ਹ ਨ",96,33
ਇਸ ਪਰਿਸਥਿਤੀ ਵਿੱਚ ਪੇਸ਼ ਕਿਤੀਆਂ ਗਈਆਂ ਸਮੱਸਿਆਵਾਂ ਦਾ ਅਧਿਐਨ ਬਹੁ-ਸੰਮਤੀ ਸੁਧਾਰ ਵਿੱਦਿਆ ਕਰਦੀ ਹੈ I,ਇ ਸ   ਪ ਰਿ ਸ ਥਿ ਤੀ   ਵਿ ੱ ਚ   ਪੇ ਸ਼   ਕਿ ਤੀ ਆ ਂ   ਗ ਈ ਆ ਂ   ਸ ਮ ੱ ਸਿ ਆ ਵਾਂ   ਦਾ   ਅ ਧਿ ਐ ਨ   ਬ ਹੁ - ਸ ੰ ਮ ਤੀ   ਸੁ ਧਾ ਰ   ਵਿ ੱ ਦਿ ਆ   ਕ ਰ ਦੀ   ਹੈ   I,50,15
ਓਹ ਡਿ,ਓ ਹ   ਡਿ,3,2
ਇ,ਇ,1,1
ਪਿ,ਪਿ,1,1
"ਐਮ, ਬਿ","ਐ ਮ ,   ਬਿ",4,2
"ਟੇਕ (ਇਲੈਕਟ੍ਰਾਨਿਕਸ ਇੰਜੀਨੀਅਰਿੰਗ), ਐਮ","ਟੇ ਕ   ( ਇ ਲੈ ਕ ਟ੍ਰਾ ਨਿ ਕ ਸ   ਇ ੰ ਜੀ ਨੀ ਅ ਰਿ ੰ ਗ ) ,   ਐ ਮ",22,4
"ਟੇਕ (ਇਲੈਕਟ੍ਰਾਨਿਕਸ ਡਿਜ਼ਾਈਨ ਤਕਨਾਲੋਜੀ),ਪਿ","ਟੇ ਕ   ( ਇ ਲੈ ਕ ਟ੍ਰਾ ਨਿ ਕ ਸ   ਡਿ ਜ ਼ ਾ ਈ ਨ   ਤ ਕ ਨਾ ਲੋ ਜੀ ) , ਪਿ",24,4
ਐਚ,ਐ ਚ,2,1
ਡਿ ਅਤੇ ਛੋਟੇ ਸਮੇਂ ਦੇ ਕੋਰਸ ਪੇਸ਼ ਕਰਦੇ ਹਨ I,ਡਿ   ਅ ਤੇ   ਛੋ ਟੇ   ਸ ਮੇਂ   ਦੇ   ਕੋ ਰ ਸ   ਪੇ ਸ਼   ਕ ਰ ਦੇ   ਹ ਨ   I,19,10
"ਉਦਾਹਰਨ ਦੇ ਤੌਰ 'ਤੇ, ਜੌਨ ਪੋਲਕਿੰਗਹੋਰਨ ਨੂੰ 'ਸੰਕਲਪਿਕ' ਅਤੇ 'ਗਿਆਨ-ਵਿਗਿਆਨਕ' ਕਟੌਤੀਵਾਦ ਕੀ ਹੈ ਦੀ ਪਰਿਭਾਸ਼ਾ ਸਾਈਮਨ ਬਲੈਕਬਰਨ ਅਤੇ ਜਗਵੋਨ ਕਿਮ ਦੁਆਰਾ ਪ੍ਰਦਾਨ ਕੀਤੀ ਗਈ : ਕਟੌਤੀਵਾਦ ਦਾ ਉਹ ਰੂਪ, ਜਿਸ ਵਿੱਚ ਸ਼ਾਮਿਲ ਪ੍ਰਸੰਗਿਕ ਇਕਾਈ ਦੀ ਕਿਸਮ ਨਾਲ ਹੋਰ ਸਬੰਧਿਤ ਇਕਾਈਆਂ ਜਾਂ ਇਕਾਈਆਂ ਨੂੰ ਕਿਸੇ ਹੋਰ ਕਿਸਮ ਵਿੱਚ ਬਦਲਣ, ਜਿਸ ਨਾਲ ਉਹਨਾਂ ਵਿਚਾਲੇ ਕੋਈ ਸਬੰਧ ਸਥਾਪਿਤ ਹੋਵੇ, ਦੇ ਪ੍ਰੋਗਰਾਮ ਨਾਲ ਸਬੰਧਤ ਹੈ","ਉ ਦਾ ਹ ਰ ਨ   ਦੇ   ਤੌ ਰ   ' ਤੇ ,   ਜੌ ਨ   ਪੋ ਲ ਕਿ ੰ ਗ ਹੋ ਰ ਨ   ਨੂ ੰ   ' ਸ ੰ ਕ ਲ ਪਿ ਕ '   ਅ ਤੇ   ' ਗਿ ਆ ਨ - ਵਿ ਗਿ ਆ ਨ ਕ '   ਕ ਟੌ ਤੀ ਵਾ ਦ   ਕੀ   ਹੈ   ਦੀ   ਪ ਰਿ ਭਾ ਸ਼ਾ   ਸਾ ਈ ਮ ਨ   ਬ ਲੈ ਕ ਬ ਰ ਨ   ਅ ਤੇ   ਜ ਗ ਵੋ ਨ   ਕਿ ਮ   ਦੁ ਆ ਰਾ   ਪ੍ਰ ਦਾ ਨ   ਕੀ ਤੀ   ਗ ਈ   :   ਕ ਟੌ ਤੀ ਵਾ ਦ   ਦਾ   ਉ ਹ   ਰੂ ਪ ,   ਜਿ ਸ   ਵਿ ੱ ਚ   ਸ਼ਾ ਮਿ ਲ   ਪ੍ਰ ਸ ੰ ਗਿ ਕ   ਇ ਕਾ ਈ   ਦੀ   ਕਿ ਸ ਮ   ਨਾ ਲ   ਹੋ ਰ   ਸ ਬ ੰ ਧਿ ਤ   ਇ ਕਾ ਈ ਆ ਂ   ਜਾਂ   ਇ ਕਾ ਈ ਆ ਂ   ਨੂ ੰ   ਕਿ ਸੇ   ਹੋ ਰ   ਕਿ ਸ ਮ   ਵਿ ੱ ਚ   ਬ ਦ ਲ ਣ ,   ਜਿ ਸ   ਨਾ ਲ   ਉ ਹ ਨਾਂ   ਵਿ ਚਾ ਲੇ   ਕੋ ਈ   ਸ ਬ ੰ ਧ   ਸ ਥਾ ਪਿ ਤ   ਹੋ ਵੇ ,   ਦੇ   ਪ੍ਰੋ ਗ ਰਾ ਮ   ਨਾ ਲ   ਸ ਬ ੰ ਧ ਤ   ਹੈ",189,61
ਬੰਗਲਾਦੇਸ਼ ਦਾ ਸਾਖਰਤਾ ਦਰ2019 ਦੇ ਹਿਸਾਬ ਨਾਲ 74,ਬ ੰ ਗ ਲਾ ਦੇ ਸ਼   ਦਾ   ਸਾ ਖ ਰ ਤਾ   ਦ ਰ 2 0 1 9   ਦੇ   ਹਿ ਸਾ ਬ   ਨਾ ਲ   7 4,25,8
7% ਹੈ: ਮਰਦਾਂ ਦਾ 77,7 %   ਹੈ :   ਮ ਰ ਦਾਂ   ਦਾ   7 7,10,5
4% ਅਤੇ ਔਰਤਾਂ ਦਾ 71,4 %   ਅ ਤੇ   ਔ ਰ ਤਾਂ   ਦਾ   7 1,10,5
9%,9 %,2,1
"ਭਾਰਤੀ ਅੰਕ ਪ੍ਰਣਾਲੀ ਦੱਸ ਦੀ ਘਾਤ ਚਾਰ ਦੇ ਮਾਧਿਅਮ ਨਾਲ ਸਿਫ਼ਰ ਦੇ ਲਈ ਪੱਛਮੀ ਪ੍ਰਣਾਲੀ ਨਾਲ ਮੇਲ ਖਾਂਦੀ ਹੈ: ਇੱਕ, ਦੱਸ, ਇੱਕ ਸੌ, ਇੱਕ ਹਜ਼ਾਰ, ਅਤੇ ਦੱਸ ਹਜ਼ਾਰ","ਭਾ ਰ ਤੀ   ਅ ੰ ਕ   ਪ੍ਰ ਣਾ ਲੀ   ਦ ੱ ਸ   ਦੀ   ਘਾ ਤ   ਚਾ ਰ   ਦੇ   ਮਾ ਧਿ ਅ ਮ   ਨਾ ਲ   ਸਿ ਫ਼ ਰ   ਦੇ   ਲ ਈ   ਪ ੱ ਛ ਮੀ   ਪ੍ਰ ਣਾ ਲੀ   ਨਾ ਲ   ਮੇ ਲ   ਖਾਂ ਦੀ   ਹੈ :   ਇ ੱ ਕ ,   ਦ ੱ ਸ ,   ਇ ੱ ਕ   ਸੌ ,   ਇ ੱ ਕ   ਹ ਜ਼ ਾ ਰ ,   ਅ ਤੇ   ਦ ੱ ਸ   ਹ ਜ਼ ਾ ਰ",75,28
"ਇੱਕ ਉਤਪ੍ਰੇਰਕ ਦੀ ਉਤਪ੍ਰੇਰਣ ਪ੍ਰਕਿਰਿਆ ਮਾਪਣ ਵਾਲੀ ਐਸ ਆਈ ਤੋਂ ਵਿਉਂਤਪੰਨ ਇਕਾਈ ਕੈਟਲ ਹੈ, ਜੋ ਮੋਲਸ ਪ੍ਰਤੀ ਸੈਕਿੰਡ ਵਿੱਚ ਨਿਰਧਾਰਤ ਹੁੰਦਾ ਹੈ","ਇ ੱ ਕ   ਉ ਤ ਪ੍ਰੇ ਰ ਕ   ਦੀ   ਉ ਤ ਪ੍ਰੇ ਰ ਣ   ਪ੍ਰ ਕਿ ਰਿ ਆ   ਮਾ ਪ ਣ   ਵਾ ਲੀ   ਐ ਸ   ਆ ਈ   ਤੋਂ   ਵਿ ਉ ਂ ਤ ਪ ੰ ਨ   ਇ ਕਾ ਈ   ਕੈ ਟ ਲ   ਹੈ ,   ਜੋ   ਮੋ ਲ ਸ   ਪ੍ਰ ਤੀ   ਸੈ ਕਿ ੰ ਡ   ਵਿ ੱ ਚ   ਨਿ ਰ ਧਾ ਰ ਤ   ਹੁ ੰ ਦਾ   ਹੈ",65,22
"ਐਂਡੋਨਿਸ (""ਰੋਮਨਾ ਦੀ ਧਰਤੀ"" ਰੁਮਾਨੀਆ ਭਾਵ ਪੂਰਬੀ ਰੋਮਨ ਸਲਤਨਤ) ਸਐੱਲਜ਼ਕ ਤੁਰਕਾਂ ਨੇ ਹਮਲੇ ਕਰਦੇ ਹੋਏ ਇਸ ਪ੍ਰਾਂਤ ਦਾ ਸਮਝਣ ਲਈ ਇੱਕ ਹੋਰ ਨਾਮ ਸੀ, ਜਿਹਨਾਂ ਨੇ 1077 ਵਿੱਚ ਰੋਮ ਸਲਤਨਤ ਕਾਇਮ ਕੀਤੀ","ਐ ਂ ਡੋ ਨਿ ਸ   ( "" ਰੋ ਮ ਨਾ   ਦੀ   ਧ ਰ ਤੀ ""   ਰੁ ਮਾ ਨੀ ਆ   ਭਾ ਵ   ਪੂ ਰ ਬੀ   ਰੋ ਮ ਨ   ਸ ਲ ਤ ਨ ਤ )   ਸ ਐ ੱ ਲ ਜ਼ ਕ   ਤੁ ਰ ਕਾਂ   ਨੇ   ਹ ਮ ਲੇ   ਕ ਰ ਦੇ   ਹੋ ਏ   ਇ ਸ   ਪ੍ਰਾਂ ਤ   ਦਾ   ਸ ਮ ਝ ਣ   ਲ ਈ   ਇ ੱ ਕ   ਹੋ ਰ   ਨਾ ਮ   ਸੀ ,   ਜਿ ਹ ਨਾਂ   ਨੇ   1 0 7 7   ਵਿ ੱ ਚ   ਰੋ ਮ   ਸ ਲ ਤ ਨ ਤ   ਕਾ ਇ ਮ   ਕੀ ਤੀ",94,32
"ਹਲਾਂਕਿ, ਇਟਲੀ ਵਿੱਚ ਉਸ ਸਮੇਂ ਵਿਰਗੋ ਇੰਟੇਰਫੇਰੋਮੀਟਰ ਕੰਮ ਨਹੀਂ ਕਰ ਰਿਹਾ ਸੀ ਅਤੇ ਜੀ ਈ ਓ 600 ਇੰਜੀਨੀਅਰਿੰਗ ਮੌੜ ਵਿੱਚ ਸੀ ਅਤੇ ਨਾਂ ਹੀ ਬਹੁਤਾ ਸੰਵੇਦਨਸ਼ੀਲ ਸੀ","ਹ ਲਾਂ ਕਿ ,   ਇ ਟ ਲੀ   ਵਿ ੱ ਚ   ਉ ਸ   ਸ ਮੇਂ   ਵਿ ਰ ਗੋ   ਇ ੰ ਟੇ ਰ ਫੇ ਰੋ ਮੀ ਟ ਰ   ਕ ੰ ਮ   ਨ ਹੀਂ   ਕ ਰ   ਰਿ ਹਾ   ਸੀ   ਅ ਤੇ   ਜੀ   ਈ   ਓ   6 0 0   ਇ ੰ ਜੀ ਨੀ ਅ ਰਿ ੰ ਗ   ਮੌ ੜ   ਵਿ ੱ ਚ   ਸੀ   ਅ ਤੇ   ਨਾਂ   ਹੀ   ਬ ਹੁ ਤਾ   ਸ ੰ ਵੇ ਦ ਨ ਸ਼ੀ ਲ   ਸੀ",73,27
ਇਸ ਲਈ ਇਹ ਸੰਕੇਤ ਦੀ ਪੁਸ਼ਟੀ ਨਹੀਂ ਕਰ ਸਕਦਾ,ਇ ਸ   ਲ ਈ   ਇ ਹ   ਸ ੰ ਕੇ ਤ   ਦੀ   ਪੁ ਸ਼ ਟੀ   ਨ ਹੀਂ   ਕ ਰ   ਸ ਕ ਦਾ,21,9
ਇਹ ਸ਼ਰਨਾਰਥੀ ਝੁੰਡ ਵਿੱਚ ਆਏ ਅਤੇ ਸਿਰਫ਼ ਵੰਡ ਦੇ ਸਮੇਂ ਹੀ ਨਹੀਂ ਆਏ I,ਇ ਹ   ਸ਼ ਰ ਨਾ ਰ ਥੀ   ਝੁ ੰ ਡ   ਵਿ ੱ ਚ   ਆ ਏ   ਅ ਤੇ   ਸਿ ਰ ਫ਼   ਵ ੰ ਡ   ਦੇ   ਸ ਮੇਂ   ਹੀ   ਨ ਹੀਂ   ਆ ਏ   I,32,14
"ਇਹ ਲਾਇਬ੍ਰੇਰੀ ਲੋੜੀਂਦੇ ਟੀਚੇ ਦੇ ਕ੍ਰਮ ਦੇ ਵਿਰੁੱਧ ਚੁਣੀ ਜਾ ਸਕਦੀ ਹੈ, ਜੋ ਕਿ ਰਿਪੋਰਟਰ ਜੀਨ ਨਿਰਮਾਣ ਦੇ ਪ੍ਰਮੋਟਰ ਖੇਤਰ ਵਿੱਚ ਪਾਈ ਜਾਂਦੀ ਹੈ","ਇ ਹ   ਲਾ ਇ ਬ੍ਰੇ ਰੀ   ਲੋ ੜ ੀ ਂ ਦੇ   ਟੀ ਚੇ   ਦੇ   ਕ੍ਰ ਮ   ਦੇ   ਵਿ ਰੁ ੱ ਧ   ਚੁ ਣੀ   ਜਾ   ਸ ਕ ਦੀ   ਹੈ ,   ਜੋ   ਕਿ   ਰਿ ਪੋ ਰ ਟ ਰ   ਜੀ ਨ   ਨਿ ਰ ਮਾ ਣ   ਦੇ   ਪ੍ਰ ਮੋ ਟ ਰ   ਖੇ ਤ ਰ   ਵਿ ੱ ਚ   ਪਾ ਈ   ਜਾਂ ਦੀ   ਹੈ",58,24
"ਆਮ ਤਾਪਮਾਨ ਵਿੱਚ ਰੱਖੇ ਤਰਲ ਪਦਾਰਥ ਵਿੱਚ, ਚਾਰ ਚੱਕਰਵਾਤੀ ਆਈਸੋਮਰ ਘੰਟੀਆਂ ਦੇ ਸਮੇਂ ਅਨੁਸਾਰ ਅੰਦਰ ਤਬਦੀਲ ਹੁੰਦੇ ਹਨ ਜਿਸ ਪ੍ਰਕਰਿਆਂ ਨੂੰ ਮੂਟਾਰੋਟੇਸ਼ਨ ਕਹਿੰਦੇ ਹਨ I","ਆ ਮ   ਤਾ ਪ ਮਾ ਨ   ਵਿ ੱ ਚ   ਰ ੱ ਖੇ   ਤ ਰ ਲ   ਪ ਦਾ ਰ ਥ   ਵਿ ੱ ਚ ,   ਚਾ ਰ   ਚ ੱ ਕ ਰ ਵਾ ਤੀ   ਆ ਈ ਸੋ ਮ ਰ   ਘ ੰ ਟੀ ਆ ਂ   ਦੇ   ਸ ਮੇਂ   ਅ ਨੁ ਸਾ ਰ   ਅ ੰ ਦ ਰ   ਤ ਬ ਦੀ ਲ   ਹੁ ੰ ਦੇ   ਹ ਨ   ਜਿ ਸ   ਪ੍ਰ ਕ ਰਿ ਆ ਂ   ਨੂ ੰ   ਮੂ ਟਾ ਰੋ ਟੇ ਸ ਼ ਨ   ਕ ਹਿ ੰ ਦੇ   ਹ ਨ   I",84,25
ਸੈਂਸ ਕੁਿੰਡਲ ਇੱਕ ਭਿੰਨਤਾਸੂਚਕ ਕਰੰਟ ਟਰਾਂਸਫਾਰਮਰ ਹੈ ਜੋ ਜ਼ਿੰਦਾ ਅਤੇ ਨਿਰਵੇਸ਼ੇਸ਼ ਕੰਡਕਟਰਾਂ ਨੂੰ ਘੇਰਦਾ ਹੈ (ਪਰ ਬਿਜਲੀ ਨਾਲ ਜੁੜਿਆ ਨਹੀਂ ਹੁੰਦਾ),ਸੈਂ ਸ   ਕੁ ਿ ੰ ਡ ਲ   ਇ ੱ ਕ   ਭਿ ੰ ਨ ਤਾ ਸੂ ਚ ਕ   ਕ ਰ ੰ ਟ   ਟ ਰਾਂ ਸ ਫਾ ਰ ਮ ਰ   ਹੈ   ਜੋ   ਜ਼ ਿ ੰ ਦਾ   ਅ ਤੇ   ਨਿ ਰ ਵੇ ਸ਼ੇ ਸ਼   ਕ ੰ ਡ ਕ ਟ ਰਾਂ   ਨੂ ੰ   ਘੇ ਰ ਦਾ   ਹੈ   ( ਪ ਰ   ਬਿ ਜ ਲੀ   ਨਾ ਲ   ਜੁ ੜ ਿ ਆ   ਨ ਹੀਂ   ਹੁ ੰ ਦਾ ),71,21
"ਪੱਤੇ ਦੇ ਸਪੰਜੀ ਮੈਸੋਫ਼ਿਲ ਵਿੱਚ ਪੈਰੇਕਾਇਮਾ ਸੈੱਲ ਦੀ ਰੇਂਜ ਲਗਭਗ ਗੋਲਾਈਦਾਰ ਅਤੇ ਵੱਡੀਆਂ ਅੰਤਰਕੋਸ਼ਾਈ ਥਾਵਾਂ ਵਿੱਚ ਸਾਖਾਵਾਂ ਜਾਂ ਸਟੈਲੇਟ ਲਈ ਇੱਕ ਤ੍ਰੈ ਵਿਆਮੀ ਨੈੱਟਵਰਕ ਬਣਾਉਣ ਲਈ ਆਪਣੇ ਗੁਆਂਢੀਆਂ ਦੀਆਂ ਬਾਹਾਂ ਦੇ ਸਿਰਿਆਂ ਨਾਲ ਪਰਸਪਰ ਜੁੜੇ ਹੁੰਦੇ ਹਨ, ਰਾਜਮਾਹ ਦੇ ਫੈਜੋਲਸ ਵਲਗੈਰਸ ਅਤੇ ਹੋਰ ਮੈਸੋਫਾਇਟਸ ਵਾਂਗ","ਪ ੱ ਤੇ   ਦੇ   ਸ ਪ ੰ ਜੀ   ਮੈ ਸੋ ਫ਼ ਿ ਲ   ਵਿ ੱ ਚ   ਪੈ ਰੇ ਕਾ ਇ ਮਾ   ਸੈ ੱ ਲ   ਦੀ   ਰੇਂ ਜ   ਲ ਗ ਭ ਗ   ਗੋ ਲਾ ਈ ਦਾ ਰ   ਅ ਤੇ   ਵ ੱ ਡੀ ਆ ਂ   ਅ ੰ ਤ ਰ ਕੋ ਸ਼ਾ ਈ   ਥਾ ਵਾਂ   ਵਿ ੱ ਚ   ਸਾ ਖਾ ਵਾਂ   ਜਾਂ   ਸ ਟੈ ਲੇ ਟ   ਲ ਈ   ਇ ੱ ਕ   ਤ੍ਰੈ   ਵਿ ਆ ਮੀ   ਨੈ ੱ ਟ ਵ ਰ ਕ   ਬ ਣਾ ਉ ਣ   ਲ ਈ   ਆ ਪ ਣੇ   ਗੁ ਆ ਂ ਢੀ ਆ ਂ   ਦੀ ਆ ਂ   ਬਾ ਹਾਂ   ਦੇ   ਸਿ ਰਿ ਆ ਂ   ਨਾ ਲ   ਪ ਰ ਸ ਪ ਰ   ਜੁ ੜ ੇ   ਹੁ ੰ ਦੇ   ਹ ਨ ,   ਰਾ ਜ ਮਾ ਹ   ਦੇ   ਫੈ ਜੋ ਲ ਸ   ਵ ਲ ਗੈ ਰ ਸ   ਅ ਤੇ   ਹੋ ਰ   ਮੈ ਸੋ ਫਾ ਇ ਟ ਸ   ਵਾਂ ਗ",145,45
"ਹਲਾਂਕਿ ਥਾਮਸ ਪ੍ਰੀਸੈਸ਼ਨ (ਇੱਕ ਟ੍ਰੈਜੈਕਟਰੀ ਤੋਂ ਬਾਅਦ ਨੈਟ ਰੋਟੇਸ਼ਨ ਜੋ ਇਸਦੇ ਸ਼ੁਰੂਆਤੀ ਵੇਗ 'ਤੇ ਵਾਪਸ ਆਉਂਦੀ ਹੈ) ਇੱਕ ਸ਼ੁੱਧ ਕਿਨੇਮੇਟਿਕ ਪ੍ਰਭਾਵ ਹੈ, ਇਹ ਸਿਰਫ਼ ਕਰਵਿਲਿਨੀਅਰ ਮੋਸ਼ਨ ਵਿੱਚ ਹੁੰਦਾ ਹੈ ਅਤੇ ਇਸ ਲਈ ਕਿਸੇ ਬਾਹਰੀ ਬਲ ਸੁਤੰਤਰ ਤੌਰ 'ਤੇ ਨਹੀਂ ਦੇਖਿਆ ਜਾ ਸਕਦਾ, ਜਿਸ ਨਾਲ ਕਰਵਿਲਿਨੀਅਰ ਮੋਸ਼ਨ ਹੁੰਦਾ ਹੈ ਜਿਵੇਂ ਕਿ ਇੱਕ ਇਲੈਕਟ੍ਰੋਮੈਗਨੈਟਿਕ ਫੀਲਡ, ਜਾਂ ਇੱਕ ਮਕੈਨੀਕਲ ਬਲ ਦੇ ਕਾਰਨ ਹੁੰਦਾ ਹੈ, ਇਸ ਲਈ ਥਾਮਸ ਪ੍ਰੀਸੈਕਸ਼ਨ ਆਮ ਤੌਰ 'ਤੇ ਗਤੀਸ਼ੀਲ ਪ੍ਰਭਾਵਾਂ ਦੇ ਨਾਲ ਹੁੰਦਾ ਹੈ","ਹ ਲਾਂ ਕਿ   ਥਾ ਮ ਸ   ਪ੍ਰੀ ਸੈ ਸ਼ ਨ   ( ਇ ੱ ਕ   ਟ੍ਰੈ ਜੈ ਕ ਟ ਰੀ   ਤੋਂ   ਬਾ ਅ ਦ   ਨੈ ਟ   ਰੋ ਟੇ ਸ਼ ਨ   ਜੋ   ਇ ਸ ਦੇ   ਸ਼ੁ ਰੂ ਆ ਤੀ   ਵੇ ਗ   ' ਤੇ   ਵਾ ਪ ਸ   ਆ ਉ ਂ ਦੀ   ਹੈ )   ਇ ੱ ਕ   ਸ਼ੁ ੱ ਧ   ਕਿ ਨੇ ਮੇ ਟਿ ਕ   ਪ੍ਰ ਭਾ ਵ   ਹੈ ,   ਇ ਹ   ਸਿ ਰ ਫ਼   ਕ ਰ ਵਿ ਲਿ ਨੀ ਅ ਰ   ਮੋ ਸ਼ ਨ   ਵਿ ੱ ਚ   ਹੁ ੰ ਦਾ   ਹੈ   ਅ ਤੇ   ਇ ਸ   ਲ ਈ   ਕਿ ਸੇ   ਬਾ ਹ ਰੀ   ਬ ਲ   ਸੁ ਤ ੰ ਤ ਰ   ਤੌ ਰ   ' ਤੇ   ਨ ਹੀਂ   ਦੇ ਖਿ ਆ   ਜਾ   ਸ ਕ ਦਾ ,   ਜਿ ਸ   ਨਾ ਲ   ਕ ਰ ਵਿ ਲਿ ਨੀ ਅ ਰ   ਮੋ ਸ਼ ਨ   ਹੁ ੰ ਦਾ   ਹੈ   ਜਿ ਵੇਂ   ਕਿ   ਇ ੱ ਕ   ਇ ਲੈ ਕ ਟ੍ਰੋ ਮੈ ਗ ਨੈ ਟਿ ਕ   ਫੀ ਲ ਡ ,   ਜਾਂ   ਇ ੱ ਕ   ਮ ਕੈ ਨੀ ਕ ਲ   ਬ ਲ   ਦੇ   ਕਾ ਰ ਨ   ਹੁ ੰ ਦਾ   ਹੈ ,   ਇ ਸ   ਲ ਈ   ਥਾ ਮ ਸ   ਪ੍ਰੀ ਸੈ ਕ ਸ਼ ਨ   ਆ ਮ   ਤੌ ਰ   ' ਤੇ   ਗ ਤੀ ਸ਼ੀ ਲ   ਪ੍ਰ ਭਾ ਵਾਂ   ਦੇ   ਨਾ ਲ   ਹੁ ੰ ਦਾ   ਹੈ",209,74
"ਪਰੰਪਰਾਗਤ ਚਮਕਦੀ ਬੱਤੀ ਦੇ ਉਲਟ, ਇੱਕ ਐਲ","ਪ ਰ ੰ ਪ ਰਾ ਗ ਤ   ਚ ਮ ਕ ਦੀ   ਬ ੱ ਤੀ   ਦੇ   ਉ ਲ ਟ ,   ਇ ੱ ਕ   ਐ ਲ",24,7
ਇ,ਇ,1,1
ਡਿ ਸਿਰਫ਼ ਉਦੋਂ ਹੀ ਰੌਸ਼ਨ ਹੁੰਦਾ ਹੈ ਜਦੋਂ ਵੋਲਟੇਜ ਡਾਯੋਡ ਦੇ ਅੱਗੇ ਦੀ ਦਿਸ਼ਾ ਵਿੱਚ ਪਾਈ ਜਾਂਦੀ ਹੈ I,ਡਿ   ਸਿ ਰ ਫ਼   ਉ ਦੋਂ   ਹੀ   ਰੌ ਸ਼ ਨ   ਹੁ ੰ ਦਾ   ਹੈ   ਜ ਦੋਂ   ਵੋ ਲ ਟੇ ਜ   ਡਾ ਯੋ ਡ   ਦੇ   ਅ ੱ ਗੇ   ਦੀ   ਦਿ ਸ ਼ ਾ   ਵਿ ੱ ਚ   ਪਾ ਈ   ਜਾਂ ਦੀ   ਹੈ   I,41,19
ਸੱਜੀ ਜਾਂ ਖੱਬੀ ਅੱਖ ਦੁਆਰਾ ਲਏ ਦ੍ਰਿਸ਼ ਦੀਆਂ ਦੋਵੇਂ ਛਾਪਾ ਨੂੰ ਇੱਕ ਬਾਹਰੀ ਸੇਲਸਨ ਮੋਟਰ ਵਰਤਦੇ ਹੋਏ ਪਰਪੇਖਣ ਵਿੱਚ ਜੋੜਿਆ ਜਾਣਾ ਸੀ,ਸ ੱ ਜੀ   ਜਾਂ   ਖ ੱ ਬੀ   ਅ ੱ ਖ   ਦੁ ਆ ਰਾ   ਲ ਏ   ਦ੍ਰਿ ਸ਼   ਦੀ ਆ ਂ   ਦੋ ਵੇਂ   ਛਾ ਪਾ   ਨੂ ੰ   ਇ ੱ ਕ   ਬਾ ਹ ਰੀ   ਸੇ ਲ ਸ ਨ   ਮੋ ਟ ਰ   ਵ ਰ ਤ ਦੇ   ਹੋ ਏ   ਪ ਰ ਪੇ ਖ ਣ   ਵਿ ੱ ਚ   ਜੋ ੜ ਿ ਆ   ਜਾ ਣਾ   ਸੀ,60,22
"ਜਦੋਂ ਨਵੀਆਂ ਐਪਲੀਕੇਸ਼ਨਾਂ ਜਾਂ ਉਦਯੋਗਾਂ ਵਿੱਚ ਮਸ਼ੀਨੀ ਸਿਖਲਾਈ ਤਕਨੀਕਾਂ ਨੂੰ ਸ਼ੁਰੂਆਤੀ ਤੌਰ ਤੇ ਵਰਤਿਆ ਜਾਂਦਾ ਹੈ, ਤਾਂ ਪਰੰਪਰਾਗਤ ਪ੍ਰਕਿਰਿਆਵਾਂ ਨੂੰ ਸ਼ੁਰੂ ਕਰਨ ਲਈ ਅਕਸਰ ਕਾਫ਼ੀ ਸਿਖਲਾਈ ਡਾਟਾ ਉਪਲੱਬਧ ਨਹੀਂ ਹੁੰਦਾ ਹੈ","ਜ ਦੋਂ   ਨ ਵੀ ਆ ਂ   ਐ ਪ ਲੀ ਕੇ ਸ ਼ ਨਾਂ   ਜਾਂ   ਉ ਦ ਯੋ ਗਾਂ   ਵਿ ੱ ਚ   ਮ ਸ ਼ ੀ ਨੀ   ਸਿ ਖ ਲਾ ਈ   ਤ ਕ ਨੀ ਕਾਂ   ਨੂ ੰ   ਸ ਼ ੁ ਰੂ ਆ ਤੀ   ਤੌ ਰ   ਤੇ   ਵ ਰ ਤਿ ਆ   ਜਾਂ ਦਾ   ਹੈ ,   ਤਾਂ   ਪ ਰ ੰ ਪ ਰਾ ਗ ਤ   ਪ੍ਰ ਕਿ ਰਿ ਆ ਵਾਂ   ਨੂ ੰ   ਸ਼ੁ ਰੂ   ਕ ਰ ਨ   ਲ ਈ   ਅ ਕ ਸ ਰ   ਕਾ ਫ ਼ ੀ   ਸਿ ਖ ਲਾ ਈ   ਡਾ ਟਾ   ਉ ਪ ਲ ੱ ਬ ਧ   ਨ ਹੀਂ   ਹੁ ੰ ਦਾ   ਹੈ",101,31
"ਇੱਕ ਵਾਰ ਸਿਖਾਉਣ ਤੋਂ ਬਾਅਦ, ਅਹਿਜਾ ਨਮੂਨਾ ਮਿਲਦੇ-ਜੁਲਦੇ ਸ਼ਬਦਾਂ ਦਾ ਪਤਾ ਲਗਾ ਸਕਦਾ ਹੈ ਜਾਂ ਫ਼ਿਰ ਅਧੇ ਵਾਕ ਲਈ ਹੋਰ ਸ਼ਬਦਾ ਦਾ ਸੁਝਾਅ ਦੇ ਸਕਦਾ ਹੈ I","ਇ ੱ ਕ   ਵਾ ਰ   ਸਿ ਖਾ ਉ ਣ   ਤੋਂ   ਬਾ ਅ ਦ ,   ਅ ਹਿ ਜਾ   ਨ ਮੂ ਨਾ   ਮਿ ਲ ਦੇ - ਜੁ ਲ ਦੇ   ਸ਼ ਬ ਦਾਂ   ਦਾ   ਪ ਤਾ   ਲ ਗਾ   ਸ ਕ ਦਾ   ਹੈ   ਜਾਂ   ਫ਼ ਿ ਰ   ਅ ਧੇ   ਵਾ ਕ   ਲ ਈ   ਹੋ ਰ   ਸ਼ ਬ ਦਾ   ਦਾ   ਸੁ ਝਾ ਅ   ਦੇ   ਸ ਕ ਦਾ   ਹੈ   I",64,27
ਇਹ ਐਨਸਾਈਕਲੋਪੀਡੀਆ ਬ੍ਰਿਟੈਨਿਕਾ ਦੁਵਾਰਾ ਪ੍ਰਕਾਸ਼ਿਤ ਕਿਤੀ ਗਈ ਹੈ; ਇਹ ਸੰਗਤ 18 ਵੀ ਸਦੀ ਤੋਂ ਚੱਲ ਰਹੀ ਹੈ ਹਾਲਾਕਿ ਉਸ ਦੀ ਮਲਕੀਅਤ ਇਨ੍ਹਾਂ ਸਦੀਆਂ ਵਿੱਚ ਕਈ ਵਾਰ ਬਦਲ ਚੁੱਕੀ ਹੈ I,ਇ ਹ   ਐ ਨ ਸਾ ਈ ਕ ਲੋ ਪੀ ਡੀ ਆ   ਬ੍ਰਿ ਟੈ ਨਿ ਕਾ   ਦੁ ਵਾ ਰਾ   ਪ੍ਰ ਕਾ ਸ਼ਿ ਤ   ਕਿ ਤੀ   ਗ ਈ   ਹੈ ;   ਇ ਹ   ਸ ੰ ਗ ਤ   1 8   ਵੀ   ਸ ਦੀ   ਤੋਂ   ਚ ੱ ਲ   ਰ ਹੀ   ਹੈ   ਹਾ ਲਾ ਕਿ   ਉ ਸ   ਦੀ   ਮ ਲ ਕੀ ਅ ਤ   ਇ ਨ੍ਹਾਂ   ਸ ਦੀ ਆ ਂ   ਵਿ ੱ ਚ   ਕ ਈ   ਵਾ ਰ   ਬ ਦ ਲ   ਚੁ ੱ ਕੀ   ਹੈ   I,78,30
"ਫ਼ਿਲਮ ਦੀ ਰਿਲੀਜ਼ ਤੋਂ 10 ਸਾਲ ਬਾਅਦ, ਅਰਬਾਜ਼ ਖਾਨ ਨੇ ਇੱਕ ਇੰਟਰਵਿਊ ਵਿੱਚ ਕਿਹਾ ਕਿ ਫ਼ਿਲਮ ਦਾ ਬਜਟ 30 ਕਰੌੜ ਤੋਂ ਵਧਾ ਕੇ (2020 ਵਿੱਚ 57 ਕਰੌੜ ਜਾਂ ਯੂ ਐਸ $ 7","ਫ਼ ਿ ਲ ਮ   ਦੀ   ਰਿ ਲੀ ਜ਼   ਤੋਂ   1 0   ਸਾ ਲ   ਬਾ ਅ ਦ ,   ਅ ਰ ਬਾ ਜ਼   ਖਾ ਨ   ਨੇ   ਇ ੱ ਕ   ਇ ੰ ਟ ਰ ਵਿ ਊ   ਵਿ ੱ ਚ   ਕਿ ਹਾ   ਕਿ   ਫ਼ ਿ ਲ ਮ   ਦਾ   ਬ ਜ ਟ   3 0   ਕ ਰੌ ੜ   ਤੋਂ   ਵ ਧਾ   ਕੇ   ( 2 0 2 0   ਵਿ ੱ ਚ   5 7   ਕ ਰੌ ੜ   ਜਾਂ   ਯੂ   ਐ ਸ   $   7",75,32
"2 ਮਿਲੀਅਨ ਦੇ ਬਰਾਬਰ) 49 ਕਰੌੜ (2020 ਵਿੱਚ 93 ਕਰੌੜ ਜਾਂ ਯੂ ਐਸ $ 12 ਮਿਲੀਅਨ ਦੇ ਬਰਾਬਰ) ਕਰ ਦਿੱਤਾ ਗਿਆ, ਜਿਸ ਨਾਲ ਉਸ ਨੂੰ ਕੁੱਝ ਘਾਟਾ ਪਿਆ, ਪਰ ਯਾਦਗਾਰ ਸਫ਼ਲਤਾ ਤੋਂ ਬਾਅਦ, ਉਸਨੇ ਸਲਮਾਨ ਖਾਨ ਨੂੰ ਤਨਖਾਹ ਦਿੱਤੀ","2   ਮਿ ਲੀ ਅ ਨ   ਦੇ   ਬ ਰਾ ਬ ਰ )   4 9   ਕ ਰੌ ੜ   ( 2 0 2 0   ਵਿ ੱ ਚ   9 3   ਕ ਰੌ ੜ   ਜਾਂ   ਯੂ   ਐ ਸ   $   1 2   ਮਿ ਲੀ ਅ ਨ   ਦੇ   ਬ ਰਾ ਬ ਰ )   ਕ ਰ   ਦਿ ੱ ਤਾ   ਗਿ ਆ ,   ਜਿ ਸ   ਨਾ ਲ   ਉ ਸ   ਨੂ ੰ   ਕੁ ੱ ਝ   ਘਾ ਟਾ   ਪਿ ਆ ,   ਪ ਰ   ਯਾ ਦ ਗਾ ਰ   ਸ ਫ਼ ਲ ਤਾ   ਤੋਂ   ਬਾ ਅ ਦ ,   ਉ ਸ ਨੇ   ਸ ਲ ਮਾ ਨ   ਖਾ ਨ   ਨੂ ੰ   ਤ ਨ ਖਾ ਹ   ਦਿ ੱ ਤੀ",103,39
"ਇੱਕ ਕਠੋਰ ਅਤੇ ਬਾਗੀ ਭਾਰਤੀ ਫੌਜੀ ਅਧਿਕਾਰੀ ਆਪਣੀ ਸਾਬਕਾ ਪ੍ਰੇਮਿਕਾ ਦੇ ਬੱਚੇ ਦੀ ਭਾਲ ਵਿੱਚ ਜਾਂਦਾ ਹੈ, ਜਿਸ ਨੂੰ ਰਹੱਸਮਈ ਢੰਗ ਨਾਲ ਅਗਵਾ ਕੀਤਾ ਜਾਂਦਾ ਹੈ","ਇ ੱ ਕ   ਕ ਠੋ ਰ   ਅ ਤੇ   ਬਾ ਗੀ   ਭਾ ਰ ਤੀ   ਫੌ ਜੀ   ਅ ਧਿ ਕਾ ਰੀ   ਆ ਪ ਣੀ   ਸਾ ਬ ਕਾ   ਪ੍ਰੇ ਮਿ ਕਾ   ਦੇ   ਬ ੱ ਚੇ   ਦੀ   ਭਾ ਲ   ਵਿ ੱ ਚ   ਜਾਂ ਦਾ   ਹੈ ,   ਜਿ ਸ   ਨੂ ੰ   ਰ ਹ ੱ ਸ ਮ ਈ   ਢ ੰ ਗ   ਨਾ ਲ   ਅ ਗ ਵਾ   ਕੀ ਤਾ   ਜਾਂ ਦਾ   ਹੈ",65,26
"1932 ਅਤੇ 2011 ਦੇ ਵਿਚਕਾਰ ਲਗਭਗ ਇੱਕ ਹਜ਼ਾਰ ਅਤੇ ਤੀਹ ਗੁਜਰਾਤੀ ਫ਼ਿਲਮਾਂ ਬਣਾਈਆਂ ਗਈਆਂ ਸਨ, ਪਰ ਬਹੁਤ ਘੱਟ ਸੰਕੁਚਿਤ ਕੀਤੀਆਂ ਗਈਆਂ ਹਨ","1 9 3 2   ਅ ਤੇ   2 0 1 1   ਦੇ   ਵਿ ਚ ਕਾ ਰ   ਲ ਗ ਭ ਗ   ਇ ੱ ਕ   ਹ ਜ਼ ਾ ਰ   ਅ ਤੇ   ਤੀ ਹ   ਗੁ ਜ ਰਾ ਤੀ   ਫ਼ ਿ ਲ ਮਾਂ   ਬ ਣਾ ਈ ਆ ਂ   ਗ ਈ ਆ ਂ   ਸ ਨ ,   ਪ ਰ   ਬ ਹੁ ਤ   ਘ ੱ ਟ   ਸ ੰ ਕੁ ਚਿ ਤ   ਕੀ ਤੀ ਆ ਂ   ਗ ਈ ਆ ਂ   ਹ ਨ",73,22
"ਅਮੀਆ ਚੱਕਰਵਰਤੀ (30 ਨਵੰਬਰ 1912-6 ਮਾਰਚ 1957) ਇੱਕ ਭਾਰਤੀ ਫ਼ਿਲਮ ਨਿਰਦੇਸ਼ਕ, ਪਟਕਥਾ ਲੇਖਕ ਸੀ, ਅਤੇ 1940 ਅਤੇ 1950 ਦੇ ਹਿੰਦੀ ਸਿਨੇਮਾ ਵਿੱਚ ਨਿਰਮਾਤਾ ਅਤੇ ਪ੍ਰਮੁੱਖ ਫ਼ਿਲਮ ਨਿਰਦੇਸ਼ਕ ਵੀ ਸਨ","ਅ ਮੀ ਆ   ਚ ੱ ਕ ਰ ਵ ਰ ਤੀ   ( 3 0   ਨ ਵ ੰ ਬ ਰ   1 9 1 2 - 6   ਮਾ ਰ ਚ   1 9 5 7 )   ਇ ੱ ਕ   ਭਾ ਰ ਤੀ   ਫ਼ ਿ ਲ ਮ   ਨਿ ਰ ਦੇ ਸ਼ ਕ ,   ਪ ਟ ਕ ਥਾ   ਲੇ ਖ ਕ   ਸੀ ,   ਅ ਤੇ   1 9 4 0   ਅ ਤੇ   1 9 5 0   ਦੇ   ਹਿ ੰ ਦੀ   ਸਿ ਨੇ ਮਾ   ਵਿ ੱ ਚ   ਨਿ ਰ ਮਾ ਤਾ   ਅ ਤੇ   ਪ੍ਰ ਮੁ ੱ ਖ   ਫ਼ ਿ ਲ ਮ   ਨਿ ਰ ਦੇ ਸ਼ ਕ   ਵੀ   ਸ ਨ",101,29
"ਹੋਰ ਕਲਾਕਾਰ ਜਿਨ੍ਹਾਂ ਨਾਲ ਉਹ ਅਕਸਰ ਮਿਲ ਕੇ ਕੰਮ ਕਰਦੇ ਸਨ ਓਨ੍ਹਾਂ ਵਿੱਚ ਰੇਖਾ, ਮਾਧੁਰੀ ਦੀਕਸ਼ਿਤ, ਅਨਿਲ ਕਪੂਰ, ਸ਼ਾਹਰੁਖ ਖਾਨ, ਅਤੇ ਅਮਰੀਸ਼ ਪੂਰੀ ਸ਼ਾਮਿਲ ਹਨ","ਹੋ ਰ   ਕ ਲਾ ਕਾ ਰ   ਜਿ ਨ੍ਹਾਂ   ਨਾ ਲ   ਉ ਹ   ਅ ਕ ਸ ਰ   ਮਿ ਲ   ਕੇ   ਕ ੰ ਮ   ਕ ਰ ਦੇ   ਸ ਨ   ਓ ਨ੍ਹਾਂ   ਵਿ ੱ ਚ   ਰੇ ਖਾ ,   ਮਾ ਧੁ ਰੀ   ਦੀ ਕ ਸ਼ਿ ਤ ,   ਅ ਨਿ ਲ   ਕ ਪੂ ਰ ,   ਸ਼ਾ ਹ ਰੁ ਖ   ਖਾ ਨ ,   ਅ ਤੇ   ਅ ਮ ਰੀ ਸ਼   ਪੂ ਰੀ   ਸ਼ਾ ਮਿ ਲ   ਹ ਨ",70,25
"ਝਰਨੇ, ਰਹੱਸਮਈ ਜੰਗਲ ਅਤੇ ਚਟਾਣਾ ਉੱਪਰ ਪਾਣੀ ਅਤੇ ਬਰਫਬਾਰੀ ਤੋਂ ਬਚਦਾ ਹੋਈਆਂ ਮੁੱਖ ਜੋੜਾ ਸਾਰੇ ਤਮਾਸ਼ੇ ਨੂੰ ਜੋੜਦਾ ਹੈ","ਝ ਰ ਨੇ ,   ਰ ਹ ੱ ਸ ਮ ਈ   ਜ ੰ ਗ ਲ   ਅ ਤੇ   ਚ ਟਾ ਣਾ   ਉ ੱ ਪ ਰ   ਪਾ ਣੀ   ਅ ਤੇ   ਬ ਰ ਫ ਬਾ ਰੀ   ਤੋਂ   ਬ ਚ ਦਾ   ਹੋ ਈ ਆ ਂ   ਮੁ ੱ ਖ   ਜੋ ੜ ਾ   ਸਾ ਰੇ   ਤ ਮਾ ਸ਼ੇ   ਨੂ ੰ   ਜੋ ੜ ਦਾ   ਹੈ",57,19
"ਪਾਂਡੁਰੰਗ, ਇੱਕ ਕਾਤਲ ਜੋ ਪਹਿਲਾਂ ਬਬਲੀ ਦੁਆਰਾ ਇੱਕ ਗੁਪਤ ਸੇਵਕ ਵਜੋਂ ਭੇਜਿਆ ਗਿਆ ਸੀ, ਬਾਅਦ ਵਿੱਚ ਸਮੀਰ ਦੀ ਸੱਚਾਈ ਬਾਰੇ ਸੁਣ ਕੇ ਗੋਪਾਲ ਦੀ ਟੀਮ ਵਿੱਚ ਸ਼ਾਮਿਲ ਹੋ ਗਿਆ ਅਤੇ ਗੈਂਗਸਟਰਾਂ ਨਾਲ ਲੜਦਾ ਹੈ ਅਤੇ ਅੰਤ ਵਿੱਚ ਗੋਪਾਲ ਨੂੰ ਅਚਾਨਕ ਇੱਕ ਚਾਕੂ ਚਿੱਤੜ ਵਿੱਚ ਮਾਰਿਆ ਅਤੇ ਉਹ ਜਲਦੀ ਹੀ ਬੇਹੋਸ਼ ਹੋ ਗਿਆ, ਪਰ ਮਾਧਵ, ਲੱਕੀ ਅਤੇ ਲਛਮਣ ਨੂੰ ਧਮਕਾਉਣ ਤੋਂ ਪਹਿਲਾਂ ਨਹੀਂ, ਤਿੰਨ ਦੋਸਤਾਂ ਨੂੰ ਹਾਸੇ ਵਿੱਚ ਛੱਡਣਾ","ਪਾਂ ਡੁ ਰ ੰ ਗ ,   ਇ ੱ ਕ   ਕਾ ਤ ਲ   ਜੋ   ਪ ਹਿ ਲਾਂ   ਬ ਬ ਲੀ   ਦੁ ਆ ਰਾ   ਇ ੱ ਕ   ਗੁ ਪ ਤ   ਸੇ ਵ ਕ   ਵ ਜੋਂ   ਭੇ ਜਿ ਆ   ਗਿ ਆ   ਸੀ ,   ਬਾ ਅ ਦ   ਵਿ ੱ ਚ   ਸ ਮੀ ਰ   ਦੀ   ਸ ੱ ਚਾ ਈ   ਬਾ ਰੇ   ਸੁ ਣ   ਕੇ   ਗੋ ਪਾ ਲ   ਦੀ   ਟੀ ਮ   ਵਿ ੱ ਚ   ਸ਼ਾ ਮਿ ਲ   ਹੋ   ਗਿ ਆ   ਅ ਤੇ   ਗੈਂ ਗ ਸ ਟ ਰਾਂ   ਨਾ ਲ   ਲ ੜ ਦਾ   ਹੈ   ਅ ਤੇ   ਅ ੰ ਤ   ਵਿ ੱ ਚ   ਗੋ ਪਾ ਲ   ਨੂ ੰ   ਅ ਚਾ ਨ ਕ   ਇ ੱ ਕ   ਚਾ ਕੂ   ਚਿ ੱ ਤ ੜ   ਵਿ ੱ ਚ   ਮਾ ਰਿ ਆ   ਅ ਤੇ   ਉ ਹ   ਜ ਲ ਦੀ   ਹੀ   ਬੇ ਹੋ ਸ਼   ਹੋ   ਗਿ ਆ ,   ਪ ਰ   ਮਾ ਧ ਵ ,   ਲ ੱ ਕੀ   ਅ ਤੇ   ਲ ਛ ਮ ਣ   ਨੂ ੰ   ਧ ਮ ਕਾ ਉ ਣ   ਤੋਂ   ਪ ਹਿ ਲਾਂ   ਨ ਹੀਂ ,   ਤਿ ੰ ਨ   ਦੋ ਸ ਤਾਂ   ਨੂ ੰ   ਹਾ ਸੇ   ਵਿ ੱ ਚ   ਛ ੱ ਡ ਣਾ",180,68
"ਉਹਨਾਂ ਦੇ ਵਿਆਹ ਵਾਲੇ ਦਿਨ, ਹਲਾਂਕਿ, ਵੈਦੇਹੀ ਵਿਖਾਈ ਨਹੀਂ ਦਿੰਦੀ ਅਤੇ ਇਹ ਪਤਾ ਚੱਲਦਾ ਹੈ ਕਿ ਉਹ ਮੁੰਬਈ ਭੱਜ ਗਈ ਹੈ","ਉ ਹ ਨਾਂ   ਦੇ   ਵਿ ਆ ਹ   ਵਾ ਲੇ   ਦਿ ਨ ,   ਹ ਲਾਂ ਕਿ ,   ਵੈ ਦੇ ਹੀ   ਵਿ ਖਾ ਈ   ਨ ਹੀਂ   ਦਿ ੰ ਦੀ   ਅ ਤੇ   ਇ ਹ   ਪ ਤਾ   ਚ ੱ ਲ ਦਾ   ਹੈ   ਕਿ   ਉ ਹ   ਮੁ ੰ ਬ ਈ   ਭ ੱ ਜ   ਗ ਈ   ਹੈ",51,21
"ਬੰਤੂ ਨੇ ਯਾਸੁ ਨਾਲ ਰਾਮਚੰਦਰ ਦੇ ਟੁੱਟੇ ਹੋਏ ਰਿਸ਼ਤੇ ਨੂੰ ਜੋੜ ਕੇ ਘਰ ਨੂੰ ਪਰੇਸ਼ਾਨ ਕਰਨ ਵਾਲੇ ਮੁੱਦੇ ਨੂੰ ਹੱਲ ਕਰਨਾ ਸ਼ੁਰੂ ਕੀਤਾ (ਜੋ ਕਿ ਨਾਜ਼ੁਕ ਮੌੜ 'ਤੇ ਸੀ ਕਿਉਂਕਿ ਰਾਮਚੰਦਰ ਦਾ 7 ਸਾਲ ਪਹਿਲਾਂ ਕਿਸੇ ਔਰਤ ਨਾਲ ਸਬੰਧ ਸੀ), ਪੈਦਾਥਲੀ ਨਾਲ ਵਿਵਾਦ ਸੁਲਝਾਇਆ ਅਤੇ ਭ੍ਰਿਸ਼ਟ ਪਰਿਵਾਰ ਦੇ ਮੈਂਬਰਾਂ ਕਾਸ਼ੀਰਾਮ ਅਤੇ ਸੀਤਾਰਾਮ ਨੂੰ ਸੁਧਾਰਿਆ","ਬ ੰ ਤੂ   ਨੇ   ਯਾ ਸੁ   ਨਾ ਲ   ਰਾ ਮ ਚ ੰ ਦ ਰ   ਦੇ   ਟੁ ੱ ਟੇ   ਹੋ ਏ   ਰਿ ਸ਼ ਤੇ   ਨੂ ੰ   ਜੋ ੜ   ਕੇ   ਘ ਰ   ਨੂ ੰ   ਪ ਰੇ ਸ਼ਾ ਨ   ਕ ਰ ਨ   ਵਾ ਲੇ   ਮੁ ੱ ਦੇ   ਨੂ ੰ   ਹ ੱ ਲ   ਕ ਰ ਨਾ   ਸ਼ੁ ਰੂ   ਕੀ ਤਾ   ( ਜੋ   ਕਿ   ਨਾ ਜ਼ ੁ ਕ   ਮੌ ੜ   ' ਤੇ   ਸੀ   ਕਿ ਉ ਂ ਕਿ   ਰਾ ਮ ਚ ੰ ਦ ਰ   ਦਾ   7   ਸਾ ਲ   ਪ ਹਿ ਲਾਂ   ਕਿ ਸੇ   ਔ ਰ ਤ   ਨਾ ਲ   ਸ ਬ ੰ ਧ   ਸੀ ) ,   ਪੈ ਦਾ ਥ ਲੀ   ਨਾ ਲ   ਵਿ ਵਾ ਦ   ਸੁ ਲ ਝਾ ਇ ਆ   ਅ ਤੇ   ਭ੍ਰਿ ਸ਼ ਟ   ਪ ਰਿ ਵਾ ਰ   ਦੇ   ਮੈਂ ਬ ਰਾਂ   ਕਾ ਸ਼ੀ ਰਾ ਮ   ਅ ਤੇ   ਸੀ ਤਾ ਰਾ ਮ   ਨੂ ੰ   ਸੁ ਧਾ ਰਿ ਆ",142,54
"ਕਿਉਂਕਿ ਇੱਕ ਹੀ ਚੈੱਨਲ, ਵਧਦੇ ਹੋਏ ਦਰਸ਼ਕਾਂ ਨੂੰ ਪਰਿਚਾਲਨ ਕਰ ਰਿਹਾ ਸੀ, ਟੈਲੀਵਿਜ਼ਨ ਪ੍ਰੋਗਰਾਮਿੰਗ ਝਟਪਟ ਹੀ ਸੰਤ੍ਰਿਪਤਾ ਤੇ ਪਹੁੰਚ ਗਈ I","ਕਿ ਉ ਂ ਕਿ   ਇ ੱ ਕ   ਹੀ   ਚੈ ੱ ਨ ਲ ,   ਵ ਧ ਦੇ   ਹੋ ਏ   ਦ ਰ ਸ਼ ਕਾਂ   ਨੂ ੰ   ਪ ਰਿ ਚਾ ਲ ਨ   ਕ ਰ   ਰਿ ਹਾ   ਸੀ ,   ਟੈ ਲੀ ਵਿ ਜ਼ ਨ   ਪ੍ਰੋ ਗ ਰਾ ਮਿ ੰ ਗ   ਝ ਟ ਪ ਟ   ਹੀ   ਸ ੰ ਤ੍ਰਿ ਪ ਤਾ   ਤੇ   ਪ ਹੁ ੰ ਚ   ਗ ਈ   I",64,21
"ਬੇਟਾ (ਅਨੁਵਾਦ: ਪੁੱਤਰ) 1992 ਦੀ ਭਾਰਤੀ ਹਿੰਦੀ ਡਰਾਮਾ ਫਿਲਮ ਹੈ, ਜਿਸ ਦਾ ਨਿਰਦੇਸ਼ਨ ਇੰਦਰ ਕੁਮਾਰ ਅਤੇ ਲੇਖਨ ਨੌਸ਼ੀਰ ਖਾਟੂ ਅਤੇ ਕਮਲੇਸ਼ ਪਾਂਡੇ ਦੁਆਰਾ ਕੀਤਾ ਗਿਆ ਸੀ","ਬੇ ਟਾ   ( ਅ ਨੁ ਵਾ ਦ :   ਪੁ ੱ ਤ ਰ )   1 9 9 2   ਦੀ   ਭਾ ਰ ਤੀ   ਹਿ ੰ ਦੀ   ਡ ਰਾ ਮਾ   ਫਿ ਲ ਮ   ਹੈ ,   ਜਿ ਸ   ਦਾ   ਨਿ ਰ ਦੇ ਸ਼ ਨ   ਇ ੰ ਦ ਰ   ਕੁ ਮਾ ਰ   ਅ ਤੇ   ਲੇ ਖ ਨ   ਨੌ ਸ਼ੀ ਰ   ਖਾ ਟੂ   ਅ ਤੇ   ਕ ਮ ਲੇ ਸ਼   ਪਾਂ ਡੇ   ਦੁ ਆ ਰਾ   ਕੀ ਤਾ   ਗਿ ਆ   ਸੀ",73,26
ਇਹ ਇੱਕ ਦੇਸ਼ ਵਿੱਚ ਪ੍ਰਸਾਰਣ ਕਰਨ ਨਾਲੋਂ ਵਧੇਰੇ ਕੁਸ਼ਲ ਹੈ ਕਿਉਂ ਕਿ ਘਰੇਲੂ ਮਨੋਰੰਜਨ ਪ੍ਰੋਗਰਾਮ ਅਤੇ ਘਰੇਲੂ ਖਬਰਾਂ ਦੇ ਅਮਲੇ ਦੁਆਰਾ ਇਕੱਠੀ ਕੀਤੀ ਜਾਣਕਾਰੀ ਗੈਰ ਘਰੇਲੂ ਦਰਸ਼ਕਾਂ ਲਈ ਸਸਤੇ ਢੰਗ ਨਾਲ ਮੁੜ-ਪੈਕ ਕੀਤੀ ਜਾ ਸਕਦੀ ਹੈ,ਇ ਹ   ਇ ੱ ਕ   ਦੇ ਸ਼   ਵਿ ੱ ਚ   ਪ੍ਰ ਸਾ ਰ ਣ   ਕ ਰ ਨ   ਨਾ ਲੋਂ   ਵ ਧੇ ਰੇ   ਕੁ ਸ਼ ਲ   ਹੈ   ਕਿ ਉ ਂ   ਕਿ   ਘ ਰੇ ਲੂ   ਮ ਨੋ ਰ ੰ ਜ ਨ   ਪ੍ਰੋ ਗ ਰਾ ਮ   ਅ ਤੇ   ਘ ਰੇ ਲੂ   ਖ ਬ ਰਾਂ   ਦੇ   ਅ ਮ ਲੇ   ਦੁ ਆ ਰਾ   ਇ ਕ ੱ ਠੀ   ਕੀ ਤੀ   ਜਾ ਣ ਕਾ ਰੀ   ਗੈ ਰ   ਘ ਰੇ ਲੂ   ਦ ਰ ਸ਼ ਕਾਂ   ਲ ਈ   ਸ ਸ ਤੇ   ਢ ੰ ਗ   ਨਾ ਲ   ਮੁ ੜ - ਪੈ ਕ   ਕੀ ਤੀ   ਜਾ   ਸ ਕ ਦੀ   ਹੈ,99,36
"ਧੀਨੇਂਦਰ ਜੋ ਕਿ ਚਿੱਟੀ ਦੀ ਜਿੱਤ ਨਾਲ ਗੁੱਸਾ ਹੋ ਜਾਂਦਾ ਹੈ, ਪਾਖੀ ਦੀ ਆਤਮਾ ਨੂੰ ਸਿੰਥੇਸਾਈਜ਼ਰ ਵਿਚੋਂ ਛੱਡ ਦੇਂਦਾ ਹੈ I","ਧੀ ਨੇਂ ਦ ਰ   ਜੋ   ਕਿ   ਚਿ ੱ ਟੀ   ਦੀ   ਜਿ ੱ ਤ   ਨਾ ਲ   ਗੁ ੱ ਸਾ   ਹੋ   ਜਾਂ ਦਾ   ਹੈ ,   ਪਾ ਖੀ   ਦੀ   ਆ ਤ ਮਾ   ਨੂ ੰ   ਸਿ ੰ ਥੇ ਸਾ ਈ ਜ ਼ ਰ   ਵਿ ਚੋਂ   ਛ ੱ ਡ   ਦੇਂ ਦਾ   ਹੈ   I",48,21
"ਸਿਰਫ਼ ਦ੍ਰਿਸ਼ਟੀਗਤ ਤੌਰ 'ਤੇ ਹੀ ਨਹੀਂ, ਜਿੱਥੇ ਅਸੀਂ ਸੁਪਰਸਟਾਰ ਨੂੰ ਇੱਕ ਮਨੁੱਖੀ ਅੱਖ ਨਾਲ ਅਤੇ ਇੱਕ ਦਾਗੀ ਧਾਤੂ ਵਾਲੀ ਅੱਖ ਨਾਲ ਦੇਖਦੇ ਹਾਂ, ਪਰ ਇਹ ਵੀ ਜਾਣ-ਬੁੱਝ ਕੇ ਕਿਹਾ ਜਾਂਦਾ ਹੈ ਕਿ ਜਦੋਂ ਬੁਰਾ ਰੋਬੋਟ ਘੋਸ਼ਣਾ ਕਰਦਾ ਹੈ ਕਿ ਉਸਨੇ ""ਟਰਮੀਨੇਟਰਜ਼ "" ਬਣਾਏ ਹਨ","ਸਿ ਰ ਫ਼   ਦ੍ਰਿ ਸ਼ ਟੀ ਗ ਤ   ਤੌ ਰ   ' ਤੇ   ਹੀ   ਨ ਹੀਂ ,   ਜਿ ੱ ਥੇ   ਅ ਸੀਂ   ਸੁ ਪ ਰ ਸ ਟਾ ਰ   ਨੂ ੰ   ਇ ੱ ਕ   ਮ ਨੁ ੱ ਖੀ   ਅ ੱ ਖ   ਨਾ ਲ   ਅ ਤੇ   ਇ ੱ ਕ   ਦਾ ਗੀ   ਧਾ ਤੂ   ਵਾ ਲੀ   ਅ ੱ ਖ   ਨਾ ਲ   ਦੇ ਖ ਦੇ   ਹਾਂ ,   ਪ ਰ   ਇ ਹ   ਵੀ   ਜਾ ਣ - ਬੁ ੱ ਝ   ਕੇ   ਕਿ ਹਾ   ਜਾਂ ਦਾ   ਹੈ   ਕਿ   ਜ ਦੋਂ   ਬੁ ਰਾ   ਰੋ ਬੋ ਟ   ਘੋ ਸ਼ ਣਾ   ਕ ਰ ਦਾ   ਹੈ   ਕਿ   ਉ ਸ ਨੇ   "" ਟ ਰ ਮੀ ਨੇ ਟ ਰ ਜ਼   ""   ਬ ਣਾ ਏ   ਹ ਨ",112,44
"ਇਸਦੀ ਸਫਲਤਾ ਤੋਂ ਬਾਅਦ, ਫਿਲਮ ਪੂਰਬੀ ਏਸ਼ਿਆਈ ਬਜ਼ਾਰ ਵਿੱਚ ਦਿਖਾਈ ਗਈ, ਇਹ 17 ਦਸੰਬਰ, 2010 ਨੂੰ ਤਾਈਵਾਨ ਵਿੱਚ, ਅਤੇ ਫਿਰ ਹਾਂਗਕਾਂਗ ਵਿੱਚ 1 ਸਤੰਬਰ 2011 ਨੂੰ ਰਿਲੀਜ਼ ਹੋਈ ਸੀ","ਇ ਸ ਦੀ   ਸ ਫ ਲ ਤਾ   ਤੋਂ   ਬਾ ਅ ਦ ,   ਫਿ ਲ ਮ   ਪੂ ਰ ਬੀ   ਏ ਸ਼ਿ ਆ ਈ   ਬ ਜ਼ ਾ ਰ   ਵਿ ੱ ਚ   ਦਿ ਖਾ ਈ   ਗ ਈ ,   ਇ ਹ   1 7   ਦ ਸ ੰ ਬ ਰ ,   2 0 1 0   ਨੂ ੰ   ਤਾ ਈ ਵਾ ਨ   ਵਿ ੱ ਚ ,   ਅ ਤੇ   ਫਿ ਰ   ਹਾਂ ਗ ਕਾਂ ਗ   ਵਿ ੱ ਚ   1   ਸ ਤ ੰ ਬ ਰ   2 0 1 1   ਨੂ ੰ   ਰਿ ਲੀ ਜ਼   ਹੋ ਈ   ਸੀ",88,29
"ਗੀਤ ਨੂੰ ਬੈਲਜੀਅਮ, ਬੁਲਗਾਰੀਆ, ਹੰਗਰੀ, ਯੂਨਾਈਟਿਡ ਕਿੰਗਡਮ, ਤੁਰਕੀ, ਅਲਬਾਨੀਆ, ਸਾਈਪ੍ਰਸ, ਸਰਬੀਆ ਅਤੇ ਮੋਟੋਨੇਗਰੋਂ, ਸਵੀਡਨ ਅਤੇ ਜਰਮਨੀ ਤੋਂ 12 ਪੁਆਇੰਟਾਂ ਦੇ 10 ਸੈਟਾਂ ਦੇ ਨਾਲ 230 ਅੰਕ ਮਿਲੇ ਅਤੇ ਵੱਖ ਵੱਖ ਦੇਸ਼ਾਂ, ਖਾਸ ਕਰਕੇ ਗ੍ਰੀਸ ਵਿੱਚ ਵੀ ਇੱਕ ਸਮੈਸ਼ ਹਿੱਟ ਬਣ ਗਿਆ","ਗੀ ਤ   ਨੂ ੰ   ਬੈ ਲ ਜੀ ਅ ਮ ,   ਬੁ ਲ ਗਾ ਰੀ ਆ ,   ਹ ੰ ਗ ਰੀ ,   ਯੂ ਨਾ ਈ ਟਿ ਡ   ਕਿ ੰ ਗ ਡ ਮ ,   ਤੁ ਰ ਕੀ ,   ਅ ਲ ਬਾ ਨੀ ਆ ,   ਸਾ ਈ ਪ੍ਰ ਸ ,   ਸ ਰ ਬੀ ਆ   ਅ ਤੇ   ਮੋ ਟੋ ਨੇ ਗ ਰੋਂ ,   ਸ ਵੀ ਡ ਨ   ਅ ਤੇ   ਜ ਰ ਮ ਨੀ   ਤੋਂ   1 2   ਪੁ ਆ ਇ ੰ ਟਾਂ   ਦੇ   1 0   ਸੈ ਟਾਂ   ਦੇ   ਨਾ ਲ   2 3 0   ਅ ੰ ਕ   ਮਿ ਲੇ   ਅ ਤੇ   ਵ ੱ ਖ   ਵ ੱ ਖ   ਦੇ ਸ਼ਾਂ ,   ਖਾ ਸ   ਕ ਰ ਕੇ   ਗ੍ਰੀ ਸ   ਵਿ ੱ ਚ   ਵੀ   ਇ ੱ ਕ   ਸ ਮੈ ਸ਼   ਹਿ ੱ ਟ   ਬ ਣ   ਗਿ ਆ",128,41
"ਉਹ ਆਪਣੀ ਆਲੋਚਨਾਤਮਕ ਤੌਰ 'ਤੇ ਪ੍ਰਸ਼ੰਸਾਯੋਗ ਫਿਲਮਾਂ ਘਰੌਂਦਾ (1977), ਅਭਿਨੀਤ ਅਮੋਲ ਪਾਲੇਕਰ ਅਤੇ ਜ਼ਰੀਨਾ ਵਾਹਿਬ ਅਤੇ ਦੂਰੀਆਂ (1979), ਅਭਿਨੀਤ ਸ਼ਰਮੀਲਾ ਟੈਗੋਰ ਅਤੇ ਉੱਤਮ ਕੁਮਾਰ, ਲਈ ਸਭ ਤੋਂ ਵੱਧ ਜਾਣਿਆ ਜਾਂਦਾ ਹੈ","ਉ ਹ   ਆ ਪ ਣੀ   ਆ ਲੋ ਚ ਨਾ ਤ ਮ ਕ   ਤੌ ਰ   ' ਤੇ   ਪ੍ਰ ਸ਼ ੰ ਸਾ ਯੋ ਗ   ਫਿ ਲ ਮਾਂ   ਘ ਰੌਂ ਦਾ   ( 1 9 7 7 ) ,   ਅ ਭਿ ਨੀ ਤ   ਅ ਮੋ ਲ   ਪਾ ਲੇ ਕ ਰ   ਅ ਤੇ   ਜ਼ ਰੀ ਨਾ   ਵਾ ਹਿ ਬ   ਅ ਤੇ   ਦੂ ਰੀ ਆ ਂ   ( 1 9 7 9 ) ,   ਅ ਭਿ ਨੀ ਤ   ਸ਼ ਰ ਮੀ ਲਾ   ਟੈ ਗੋ ਰ   ਅ ਤੇ   ਉ ੱ ਤ ਮ   ਕੁ ਮਾ ਰ ,   ਲ ਈ   ਸ ਭ   ਤੋਂ   ਵ ੱ ਧ   ਜਾ ਣਿ ਆ   ਜਾਂ ਦਾ   ਹੈ",102,31
"""ਦ ਲੇਡੀ ਵਿੱਦ ਅ ਲੰਪ"" 1951, ਵਿੱਚ ਐਨਾ ਨੀਗਲ, ਅਭਿਨੇਤਰੀ ਸੀ I",""" ਦ   ਲੇ ਡੀ   ਵਿ ੱ ਦ   ਅ   ਲ ੰ ਪ ""   1 9 5 1 ,   ਵਿ ੱ ਚ   ਐ ਨਾ   ਨੀ ਗ ਲ ,   ਅ ਭਿ ਨੇ ਤ ਰੀ   ਸੀ   I",33,12
"ਪੂਰੀ ਲੰਬਾਈ ਵਾਲੀ ਸ਼ਾਂਤ ਫਿਲਮ ਬਣਾਉਣ ਲਈ, ਫਿਲਮੀਜ਼ ਅਸਟੇਟ ਦੇ ਬਗੀਚਿਆਂ ਵਿੱਚ ਇੱਕ ਅਸਥਾਈ ਸਟੂਡੀਓ ਬਣਵਾਇਆ ਗਿਆ ਸੀ, ਅਤੇ ਉਹਨਾਂ ਦੁਆਰਾ ਇੱਕ ਪੂਰੀ ਲੰਬੀ ਸ਼ਾਂਤ ਫਿਲਮ ਦਾ ਨਿਰਮਾਣ ਕੀਤਾ ਗਿਆ ਜੋ ਕਿ 1931 ਵਿੱਚ ਦ ਲਾਸਟ ਕਿਸ ਸਿਰਲੇਖ ਹੇਠ ਰੀਲੀਜ਼ ਹੋਈ","ਪੂ ਰੀ   ਲ ੰ ਬਾ ਈ   ਵਾ ਲੀ   ਸ਼ਾਂ ਤ   ਫਿ ਲ ਮ   ਬ ਣਾ ਉ ਣ   ਲ ਈ ,   ਫਿ ਲ ਮੀ ਜ਼   ਅ ਸ ਟੇ ਟ   ਦੇ   ਬ ਗੀ ਚਿ ਆ ਂ   ਵਿ ੱ ਚ   ਇ ੱ ਕ   ਅ ਸ ਥਾ ਈ   ਸ ਟੂ ਡੀ ਓ   ਬ ਣ ਵਾ ਇ ਆ   ਗਿ ਆ   ਸੀ ,   ਅ ਤੇ   ਉ ਹ ਨਾਂ   ਦੁ ਆ ਰਾ   ਇ ੱ ਕ   ਪੂ ਰੀ   ਲ ੰ ਬੀ   ਸ਼ਾਂ ਤ   ਫਿ ਲ ਮ   ਦਾ   ਨਿ ਰ ਮਾ ਣ   ਕੀ ਤਾ   ਗਿ ਆ   ਜੋ   ਕਿ   1 9 3 1   ਵਿ ੱ ਚ   ਦ   ਲਾ ਸ ਟ   ਕਿ ਸ   ਸਿ ਰ ਲੇ ਖ   ਹੇ ਠ   ਰੀ ਲੀ ਜ਼   ਹੋ ਈ",113,41
"ਇਹ ਟੇਰੇਂਸ ਮੈਕਨਲੀ ਦੁਆਰਾ ਕਲੇਅਰ ਡੀ ਲੂਨ (1987) ਵਿੱਚ ਉਸਦੇ ਆਪਣੇ ਆਫ਼-ਬਰੋਡਵੇ ਨਾਟਕ ਫ੍ਰੈਂਕੀ ਐਂਡ ਜੋੱਨੀ ਦੁਆਰਾ ਅਪਣਾਇਆ ਗਿਆ ਸੀ, ਜਿਸ ਵਿੱਚ ਕੇੱਨੇਥ ਵੇਲਸ਼ ਅਤੇ ਕੈਥੀ ਬੇਟਸ ਸ਼ਾਮਿਲ ਸਨ","ਇ ਹ   ਟੇ ਰੇਂ ਸ   ਮੈ ਕ ਨ ਲੀ   ਦੁ ਆ ਰਾ   ਕ ਲੇ ਅ ਰ   ਡੀ   ਲੂ ਨ   ( 1 9 8 7 )   ਵਿ ੱ ਚ   ਉ ਸ ਦੇ   ਆ ਪ ਣੇ   ਆ ਫ਼ - ਬ ਰੋ ਡ ਵੇ   ਨਾ ਟ ਕ   ਫ੍ਰੈਂ ਕੀ   ਐ ਂ ਡ   ਜੋ ੱ ਨੀ   ਦੁ ਆ ਰਾ   ਅ ਪ ਣਾ ਇ ਆ   ਗਿ ਆ   ਸੀ ,   ਜਿ ਸ   ਵਿ ੱ ਚ   ਕੇ ੱ ਨੇ ਥ   ਵੇ ਲ ਸ਼   ਅ ਤੇ   ਕੈ ਥੀ   ਬੇ ਟ ਸ   ਸ਼ਾ ਮਿ ਲ   ਸ ਨ",88,29
"2011 ਵਿੱਚ, ਕਸ਼ਯਪ ਨੇ ਦੈਟ ਗਰਲ ਇਨ ਯੈੱਲੋ ਬੂਟਸ ਦਾ ਨਿਰਦੇਸ਼ਨ ਕੀਤਾ, ਇੱਕ ਰੋਮਾਂਚਕ ਫ਼ਿਲਮ ਜੋ ਕਿ ਕਲਕੀ ਕੋਏਚਲੀਨ ਦੁਆਰਾ ਅਭਿਨੀਤ ਸੀ ਅਤੇ ਜੋ ਉਸਦੇ ਨਾਲ ਇਸ ਫਿਲਮ ਦੀ ਸਹਿ-ਲੇਖਿਕਾ ਵੀ ਸੀ","2 0 1 1   ਵਿ ੱ ਚ ,   ਕ ਸ਼ ਯ ਪ   ਨੇ   ਦੈ ਟ   ਗ ਰ ਲ   ਇ ਨ   ਯੈ ੱ ਲੋ   ਬੂ ਟ ਸ   ਦਾ   ਨਿ ਰ ਦੇ ਸ਼ ਨ   ਕੀ ਤਾ ,   ਇ ੱ ਕ   ਰੋ ਮਾਂ ਚ ਕ   ਫ਼ ਿ ਲ ਮ   ਜੋ   ਕਿ   ਕ ਲ ਕੀ   ਕੋ ਏ ਚ ਲੀ ਨ   ਦੁ ਆ ਰਾ   ਅ ਭਿ ਨੀ ਤ   ਸੀ   ਅ ਤੇ   ਜੋ   ਉ ਸ ਦੇ   ਨਾ ਲ   ਇ ਸ   ਫਿ ਲ ਮ   ਦੀ   ਸ ਹਿ - ਲੇ ਖਿ ਕਾ   ਵੀ   ਸੀ",86,32
ਫ਼ਿਲਮ ਵਾਸਤੇ ਉਸ ਨੂੰ ਯੂਨਾਨੀ ਭਾਸ਼ਾ ਸਿੱਖਣੀ ਪਈ ਅਤੇ ਡਬਿੰਗ ਵੀ ਆਪਣੇ ਆਪ ਕਿਤੀ I,ਫ਼ ਿ ਲ ਮ   ਵਾ ਸ ਤੇ   ਉ ਸ   ਨੂ ੰ   ਯੂ ਨਾ ਨੀ   ਭਾ ਸ ਼ ਾ   ਸਿ ੱ ਖ ਣੀ   ਪ ਈ   ਅ ਤੇ   ਡ ਬਿ ੰ ਗ   ਵੀ   ਆ ਪ ਣੇ   ਆ ਪ   ਕਿ ਤੀ   I,39,15
"ਫਿਲਮ ਦਾ ਪ੍ਰੀਮੀਅਰ 2016 ਵਿੱਚ ਸਿਡਨੀ ਫਿਲਮ ਫੈਸਟੀਵਲ ਅਤੇ 2016 ਦੇ ਕਾਂਸ ਫਿਲਮ ਫੈਸਟੀਵਲ ਵਿੱਚ, ਨਿਰਦੇਸ਼ਕ ਦੇ ਪੰਦਰਵਾੜੇ ਭਾਗ ਵਿੱਚ ਇੱਕ ਸਕਾਰਾਤਮਕ ਜਵਾਬ ਨਾਲ ਖੁਲੀਆI","ਫਿ ਲ ਮ   ਦਾ   ਪ੍ਰੀ ਮੀ ਅ ਰ   2 0 1 6   ਵਿ ੱ ਚ   ਸਿ ਡ ਨੀ   ਫਿ ਲ ਮ   ਫੈ ਸ ਟੀ ਵ ਲ   ਅ ਤੇ   2 0 1 6   ਦੇ   ਕਾਂ ਸ   ਫਿ ਲ ਮ   ਫੈ ਸ ਟੀ ਵ ਲ   ਵਿ ੱ ਚ ,   ਨਿ ਰ ਦੇ ਸ਼ ਕ   ਦੇ   ਪ ੰ ਦ ਰ ਵਾ ੜ ੇ   ਭਾ ਗ   ਵਿ ੱ ਚ   ਇ ੱ ਕ   ਸ ਕਾ ਰਾ ਤ ਮ ਕ   ਜ ਵਾ ਬ   ਨਾ ਲ   ਖੁ ਲੀ ਆ I",83,25
"ਇਸ ਤੋਂ ਇਲਾਵਾ, 3 ਈਡੀਅਟਸ ਨੇ ਚੌਥੇ ਵੀਡੀਓਯਾਸਨ ਅਵਾਰਡਸ ਵਿੱਚ ਸ਼ਾਨਦਾਰ ਇਨਾਮ ਜਿੱਤਿਆ, ਜੋ ਕਿ 2014 ਵਿੱਚ ਹੋਮ ਵੀਡੀਓ ਰੀਟੇਲਰਾਂ ਦੀ ਇੱਕ ਜਾਪਾਨੀ ਸੰਸਥਾ ਦੁਆਰਾ ਆਯੋਜਿਤ ਕੀਤਾ ਗਿਆ ਸੀ, 3 ਈਡੀਅਟਸ ਨੂੰ 2013 ਦੀ ਸਭ ਤੋਂ ਵਧੀਆ ਵੀਡੀਓ ਰੀਲੀਜ਼ ਵਜੋਂ ਚੁਣਿਆ ਗਿਆ ਸੀ, ਜਿਸ ਵਿੱਚ ਘਰੇਲੂ ਅਤੇ ਵਿਦੇਸ਼ੀ ਹਾਲੀਵੁੱਡ ਪ੍ਰੋਡਕਸ਼ਨਾ ਸਮੇਤ ਹਜਾਰਾਂ ਫ਼ਿਲਮਾਂ, ਐਨੀਮੇ, ਟੈਲੀਵਿਜ਼ਨ ਸ਼ੋਆਂ ਨੂੰ ਹਰਾਇਆ ਗਿਆ ਸੀ","ਇ ਸ   ਤੋਂ   ਇ ਲਾ ਵਾ ,   3   ਈ ਡੀ ਅ ਟ ਸ   ਨੇ   ਚੌ ਥੇ   ਵੀ ਡੀ ਓ ਯਾ ਸ ਨ   ਅ ਵਾ ਰ ਡ ਸ   ਵਿ ੱ ਚ   ਸ਼ਾ ਨ ਦਾ ਰ   ਇ ਨਾ ਮ   ਜਿ ੱ ਤਿ ਆ ,   ਜੋ   ਕਿ   2 0 1 4   ਵਿ ੱ ਚ   ਹੋ ਮ   ਵੀ ਡੀ ਓ   ਰੀ ਟੇ ਲ ਰਾਂ   ਦੀ   ਇ ੱ ਕ   ਜਾ ਪਾ ਨੀ   ਸ ੰ ਸ ਥਾ   ਦੁ ਆ ਰਾ   ਆ ਯੋ ਜਿ ਤ   ਕੀ ਤਾ   ਗਿ ਆ   ਸੀ ,   3   ਈ ਡੀ ਅ ਟ ਸ   ਨੂ ੰ   2 0 1 3   ਦੀ   ਸ ਭ   ਤੋਂ   ਵ ਧੀ ਆ   ਵੀ ਡੀ ਓ   ਰੀ ਲੀ ਜ਼   ਵ ਜੋਂ   ਚੁ ਣਿ ਆ   ਗਿ ਆ   ਸੀ ,   ਜਿ ਸ   ਵਿ ੱ ਚ   ਘ ਰੇ ਲੂ   ਅ ਤੇ   ਵਿ ਦੇ ਸ਼ੀ   ਹਾ ਲੀ ਵੁ ੱ ਡ   ਪ੍ਰੋ ਡ ਕ ਸ਼ ਨਾ   ਸ ਮੇ ਤ   ਹ ਜਾ ਰਾਂ   ਫ਼ ਿ ਲ ਮਾਂ ,   ਐ ਨੀ ਮੇ ,   ਟੈ ਲੀ ਵਿ ਜ਼ ਨ   ਸ਼ੋ ਆ ਂ   ਨੂ ੰ   ਹ ਰਾ ਇ ਆ   ਗਿ ਆ   ਸੀ",173,60
"ਹਲਾਂਕਿ ਇਹ ਇੱਕ ਫ਼ਿਲਮਫੇਅਰ ਅਵਾਰਡ ਵਜੋਂ ਅਨੁਮਾਨ ਲਗਾਇਆ ਗਿਆ ਹੈ, ਉਸਨੇ ਇੱਕ ਇੰਟਰਵਿਊ ਵਿੱਚ ਕਿਹਾ ਕਿ ""ਮੈਂ ਇੱਕ ਫ਼ਿਲਮਫੇਅਰ ਅਵਾਰਡ ਨਹੀਂ ਲਿਖਿਆ""","ਹ ਲਾਂ ਕਿ   ਇ ਹ   ਇ ੱ ਕ   ਫ਼ ਿ ਲ ਮ ਫੇ ਅ ਰ   ਅ ਵਾ ਰ ਡ   ਵ ਜੋਂ   ਅ ਨੁ ਮਾ ਨ   ਲ ਗਾ ਇ ਆ   ਗਿ ਆ   ਹੈ ,   ਉ ਸ ਨੇ   ਇ ੱ ਕ   ਇ ੰ ਟ ਰ ਵਿ ਊ   ਵਿ ੱ ਚ   ਕਿ ਹਾ   ਕਿ   "" ਮੈਂ   ਇ ੱ ਕ   ਫ਼ ਿ ਲ ਮ ਫੇ ਅ ਰ   ਅ ਵਾ ਰ ਡ   ਨ ਹੀਂ   ਲਿ ਖਿ ਆ """,73,22
"ਜੌਰਡਨ ਪੀਲ ਦੀ ਫਿਲਮ ਅਸ ਵਿੱਚ, ਐਡੀ, 1986 ਵਿੱਚ ਇੱਕ ਛੋਟੀ ਕੁੜੀ, ਸ਼ਮਨ ਦੇ ਵਿਜ਼ਨ ਕੁਐਸਟ ਵਿੱਚ ਆਕਰਸ਼ਿਤ ਹੁੰਦੀ ਅਤੇ, ਅੰਦਰ ਚਲੀ ਜਾਂਦੀ ਹੈ, ਪ੍ਰਵੇਸ਼ ਦੁਆਰ 'ਤੇ ਇੱਕ ਸਿਰ ਦੇ ਕੱਪੜੇ ਨਾਲ ਇੱਕ ਅਮਰੀਕੀ ਵਾਸੀ ਆਦਮੀ ਸਿਖਰ 'ਤੇ ਹੁੰਦਾ ਹੈ ਅਤੇ ਉਸਦਾ ਸੱਜਾ ਹੱਥ ਸੰਭਾਵੀ ਸਵਾਲਾਂ ਵੱਲ ਇਸ਼ਾਰਾ ਕਰਦਾ ਹੈ","ਜੌ ਰ ਡ ਨ   ਪੀ ਲ   ਦੀ   ਫਿ ਲ ਮ   ਅ ਸ   ਵਿ ੱ ਚ ,   ਐ ਡੀ ,   1 9 8 6   ਵਿ ੱ ਚ   ਇ ੱ ਕ   ਛੋ ਟੀ   ਕੁ ੜ ੀ ,   ਸ਼ ਮ ਨ   ਦੇ   ਵਿ ਜ਼ ਨ   ਕੁ ਐ ਸ ਟ   ਵਿ ੱ ਚ   ਆ ਕ ਰ ਸ਼ਿ ਤ   ਹੁ ੰ ਦੀ   ਅ ਤੇ ,   ਅ ੰ ਦ ਰ   ਚ ਲੀ   ਜਾਂ ਦੀ   ਹੈ ,   ਪ੍ਰ ਵੇ ਸ਼   ਦੁ ਆ ਰ   ' ਤੇ   ਇ ੱ ਕ   ਸਿ ਰ   ਦੇ   ਕ ੱ ਪ ੜ ੇ   ਨਾ ਲ   ਇ ੱ ਕ   ਅ ਮ ਰੀ ਕੀ   ਵਾ ਸੀ   ਆ ਦ ਮੀ   ਸਿ ਖ ਰ   ' ਤੇ   ਹੁ ੰ ਦਾ   ਹੈ   ਅ ਤੇ   ਉ ਸ ਦਾ   ਸ ੱ ਜਾ   ਹ ੱ ਥ   ਸ ੰ ਭਾ ਵੀ   ਸ ਵਾ ਲਾਂ   ਵ ੱ ਲ   ਇ ਸ਼ਾ ਰਾ   ਕ ਰ ਦਾ   ਹੈ",140,50
"ਆਧੁਨਿਕ ਫਿਲਮਾਂ ਕਈ ਭਾਸ਼ਾਵਾਂ ਵਿੱਚ ਡੱਬ ਕਿਤੀਆਂ ਜਾਂਦੀਆਂ ਹਨ, ਜਿਸ ਨਾਲ ਪੂਰੇ ਭਾਰਤ ਵਿੱਚ ਫ਼ਿਲਮ ਅੰਦੋਲਨ ਬਣ ਜਾਂਦਾ ਹੈ I","ਆ ਧੁ ਨਿ ਕ   ਫਿ ਲ ਮਾਂ   ਕ ਈ   ਭਾ ਸ਼ਾ ਵਾਂ   ਵਿ ੱ ਚ   ਡ ੱ ਬ   ਕਿ ਤੀ ਆ ਂ   ਜਾਂ ਦੀ ਆ ਂ   ਹ ਨ ,   ਜਿ ਸ   ਨਾ ਲ   ਪੂ ਰੇ   ਭਾ ਰ ਤ   ਵਿ ੱ ਚ   ਫ਼ ਿ ਲ ਮ   ਅ ੰ ਦੋ ਲ ਨ   ਬ ਣ   ਜਾਂ ਦਾ   ਹੈ   I",56,20
"ਆਮਿਰ ਖਾਨ, ਜਿਸ ਨੇ ਪਹਿਲਾਂ ਕਦੇ ਵੀ ਆਪਣੇ ਕਰੀਅਰ ਵਿੱਚ ਰੀਮੇਕ ਫਿਲਮ ਨਹੀਂ ਬਣਾਈ ਸੀ, ਸ਼ੁਰੂ ਵਿੱਚ ਫ਼ਿਲਮ ਕਰਨ ਤੋਂ ਝਿਜਕਦਾ ਸੀ, ਪਰ ਤਾਮਿਲ ਗਜਨੀ ਦੇ ਅਸਲੀ ਸਟਾਰ ਸੂਰਿਆ ਦੁਆਰਾ ਯਕੀਨ ਦਿਵਾਇਆ ਗਿਆ, ਜਿਸਨੇ ਉਸਨੂੰ ਕਿਹਾ ਕਿ, ਉਹ ਇਕੱਲਾ ਹੀ ਹੈ ""ਜੋ ਕਿਰਦਾਰ ਨਾਲ ਇਨਸਾਫ਼ ਕਰ ਸਕਦਾ ਹੈ""","ਆ ਮਿ ਰ   ਖਾ ਨ ,   ਜਿ ਸ   ਨੇ   ਪ ਹਿ ਲਾਂ   ਕ ਦੇ   ਵੀ   ਆ ਪ ਣੇ   ਕ ਰੀ ਅ ਰ   ਵਿ ੱ ਚ   ਰੀ ਮੇ ਕ   ਫਿ ਲ ਮ   ਨ ਹੀਂ   ਬ ਣਾ ਈ   ਸੀ ,   ਸ਼ੁ ਰੂ   ਵਿ ੱ ਚ   ਫ਼ ਿ ਲ ਮ   ਕ ਰ ਨ   ਤੋਂ   ਝਿ ਜ ਕ ਦਾ   ਸੀ ,   ਪ ਰ   ਤਾ ਮਿ ਲ   ਗ ਜ ਨੀ   ਦੇ   ਅ ਸ ਲੀ   ਸ ਟਾ ਰ   ਸੂ ਰਿ ਆ   ਦੁ ਆ ਰਾ   ਯ ਕੀ ਨ   ਦਿ ਵਾ ਇ ਆ   ਗਿ ਆ ,   ਜਿ ਸ ਨੇ   ਉ ਸ ਨੂ ੰ   ਕਿ ਹਾ   ਕਿ ,   ਉ ਹ   ਇ ਕ ੱ ਲਾ   ਹੀ   ਹੈ   "" ਜੋ   ਕਿ ਰ ਦਾ ਰ   ਨਾ ਲ   ਇ ਨ ਸਾ ਫ਼   ਕ ਰ   ਸ ਕ ਦਾ   ਹੈ """,126,48
"2000 ਵਿੱਚ, ਉਸਨੇ ਡਰਮਰ ਡੈਨਿਸ ਚੈਂਬਰਸ ਨਾਲ ਰੈਸਕੀਊ ਰਿਕਾਰਡ ਕੀਤਾ (ਕਾਰਲੋਸ ਸੰਤਾਨਾ, ਜਾਨ ਮਕਲ਼ਾਉਘਲੀਂਨ, ਅਤੇ ਹੋਰ ), ਅਤੇ 2006 ਵਿੱਚ, ਉਸਨੇ ਮਹਿਮਾਨਾਂ ਡੀ ਐਲ ਲਾਜਿਕ ਅਤੇ ਕੈਲਰ ਵਿਲਿਯਮ (ਗਿਟਾਰ ਅਤੇ ਢੋਲ) ਨਾਲ ਚਾਇਟੋ ਬੇਨਰੈਸ ਨੂੰ ਜਾਰੀ ਕੀਤਾ","2 0 0 0   ਵਿ ੱ ਚ ,   ਉ ਸ ਨੇ   ਡ ਰ ਮ ਰ   ਡੈ ਨਿ ਸ   ਚੈਂ ਬ ਰ ਸ   ਨਾ ਲ   ਰੈ ਸ ਕੀ ਊ   ਰਿ ਕਾ ਰ ਡ   ਕੀ ਤਾ   ( ਕਾ ਰ ਲੋ ਸ   ਸ ੰ ਤਾ ਨਾ ,   ਜਾ ਨ   ਮ ਕ ਲ਼ਾ ਉ ਘ ਲੀਂ ਨ ,   ਅ ਤੇ   ਹੋ ਰ   ) ,   ਅ ਤੇ   2 0 0 6   ਵਿ ੱ ਚ ,   ਉ ਸ ਨੇ   ਮ ਹਿ ਮਾ ਨਾਂ   ਡੀ   ਐ ਲ   ਲਾ ਜਿ ਕ   ਅ ਤੇ   ਕੈ ਲ ਰ   ਵਿ ਲਿ ਯ ਮ   ( ਗਿ ਟਾ ਰ   ਅ ਤੇ   ਢੋ ਲ )   ਨਾ ਲ   ਚਾ ਇ ਟੋ   ਬੇ ਨ ਰੈ ਸ   ਨੂ ੰ   ਜਾ ਰੀ   ਕੀ ਤਾ",116,37
ਰੇਡਿਯੋ 4 ਦੇ ਪੁਗਲੇਖਾਂ ਵਿਚੋਂ ਕਈ ਕਾਮੇਡੀ ਅਤੇ ਰੂਪਕ ਪ੍ਰੋਗਰਾਮ ਬਿ,ਰੇ ਡਿ ਯੋ   4   ਦੇ   ਪੁ ਗ ਲੇ ਖਾਂ   ਵਿ ਚੋਂ   ਕ ਈ   ਕਾ ਮੇ ਡੀ   ਅ ਤੇ   ਰੂ ਪ ਕ   ਪ੍ਰੋ ਗ ਰਾ ਮ   ਬਿ,26,11
ਬਿ,ਬਿ,1,1
ਸਿ ਰੇਡਿਯੋ 4 ਏਕਸਟ੍ਰਾ ਤੇ ਪ੍ਰਕਾਸ਼ਿਤ ਕਿਤੇ ਜਾਂਦੇ ਹਨ I,ਸਿ   ਰੇ ਡਿ ਯੋ   4   ਏ ਕ ਸ ਟ੍ਰਾ   ਤੇ   ਪ੍ਰ ਕਾ ਸ਼ਿ ਤ   ਕਿ ਤੇ   ਜਾਂ ਦੇ   ਹ ਨ   I,21,10
ਭਾਰਤ ਦੀਆਂ ਖੇਤਰੀ ਭਾਸ਼ਾਵਾਂ ਵਿੱਚ ਸਰਵੋਤਮ ਫ਼ਿਲਮਾਂ ਨੂੰ ਰਾਸ਼ਟਰੀ ਫ਼ਿਲਮ ਪੁਰਸਕਾਰ ਵੀ ਦਿੱਤੇ ਜਾਂਦੇ ਹਨ,ਭਾ ਰ ਤ   ਦੀ ਆ ਂ   ਖੇ ਤ ਰੀ   ਭਾ ਸ਼ਾ ਵਾਂ   ਵਿ ੱ ਚ   ਸ ਰ ਵੋ ਤ ਮ   ਫ਼ ਿ ਲ ਮਾਂ   ਨੂ ੰ   ਰਾ ਸ਼ ਟ ਰੀ   ਫ਼ ਿ ਲ ਮ   ਪੁ ਰ ਸ ਕਾ ਰ   ਵੀ   ਦਿ ੱ ਤੇ   ਜਾਂ ਦੇ   ਹ ਨ,47,15
"ਨੇਹਾ ਦੇ ਸੁਹਰੇ ਸੋਚਦੇ ਹਨ ਕਿ ਨਿਕਿਤਾ ਮਰ ਚੁੱਕੀ ਹੈ, ਅਤੇ ਨਿਕਿਤਾ ਨੂੰ ਇਹ ਅਹਿਸਾਸ ਹੁੰਦਾ ਹੈ ਕਿ ਉਸ ਦੀਆਂ ਸਮੱਸਿਆਵਾਂ ਤੋਂ ਬਾਹਰ ਨਿਕਲਣ ਦਾ ਤਰੀਕਾ ਨੇਹਾ ਦੀ ਨਕਲ ਕਰਨਾ ਹੈ","ਨੇ ਹਾ   ਦੇ   ਸੁ ਹ ਰੇ   ਸੋ ਚ ਦੇ   ਹ ਨ   ਕਿ   ਨਿ ਕਿ ਤਾ   ਮ ਰ   ਚੁ ੱ ਕੀ   ਹੈ ,   ਅ ਤੇ   ਨਿ ਕਿ ਤਾ   ਨੂ ੰ   ਇ ਹ   ਅ ਹਿ ਸਾ ਸ   ਹੁ ੰ ਦਾ   ਹੈ   ਕਿ   ਉ ਸ   ਦੀ ਆ ਂ   ਸ ਮ ੱ ਸਿ ਆ ਵਾਂ   ਤੋਂ   ਬਾ ਹ ਰ   ਨਿ ਕ ਲ ਣ   ਦਾ   ਤ ਰੀ ਕਾ   ਨੇ ਹਾ   ਦੀ   ਨ ਕ ਲ   ਕ ਰ ਨਾ   ਹੈ",73,31
"ਦੋ ਗੀਤਾਂ ਦੇ ਬੋਲ ਸਹਿਠੀ ਦੁਆਰਾ ਲਿਖੇ ਗਏ ਸਨ ਅਤੇ ਬਾਕੀ ਗੀਤ ਰਾਮਜੋਗਯ ਸ਼ਾਸਤਰੀ , ਚੰਦਰਬੋਜ਼ , ਦੇਵੀ ਸ਼੍ਰੀ ਪ੍ਰਸਾਦ ਅਤੇ ਭਾਸਕਰਭਟਲਾ ਦੁਆਰਾ ਲਿਖੇ ਗਏ ਸਨ","ਦੋ   ਗੀ ਤਾਂ   ਦੇ   ਬੋ ਲ   ਸ ਹਿ ਠੀ   ਦੁ ਆ ਰਾ   ਲਿ ਖੇ   ਗ ਏ   ਸ ਨ   ਅ ਤੇ   ਬਾ ਕੀ   ਗੀ ਤ   ਰਾ ਮ ਜੋ ਗ ਯ   ਸ਼ਾ ਸ ਤ ਰੀ   ,   ਚ ੰ ਦ ਰ ਬੋ ਜ਼   ,   ਦੇ ਵੀ   ਸ਼੍ਰੀ   ਪ੍ਰ ਸਾ ਦ   ਅ ਤੇ   ਭਾ ਸ ਕ ਰ ਭ ਟ ਲਾ   ਦੁ ਆ ਰਾ   ਲਿ ਖੇ   ਗ ਏ   ਸ ਨ",65,26
ਦ ਇੰਡੀਅਨ ਐਕਸਪ੍ਰੈੱਸ ਦੀ ਸ਼ੁਭਰਾ ਗੁਪਤਾ ਨੇ ਫਿਲਮ ਨੂੰ 5 ਵਿੱਚੋਂ 2,ਦ   ਇ ੰ ਡੀ ਅ ਨ   ਐ ਕ ਸ ਪ੍ਰੈ ੱ ਸ   ਦੀ   ਸ਼ੁ ਭ ਰਾ   ਗੁ ਪ ਤਾ   ਨੇ   ਫਿ ਲ ਮ   ਨੂ ੰ   5   ਵਿ ੱ ਚੋਂ   2,30,12
"5 ਦੀ ਰੇਟਿੰਗ ਦਿੱਤੀ, ਮੁੱਖ ਕਲਾਕਾਰਾਂ ਦੀ ਤਾਰੀਫ ਕੀਤੀ ਜੋ ਕਿ ""ਇਕੱਠੇ ਵਧੀਆ ਖੇਡਦੇ"" ਹਨ, ਪਰ ""ਇੱਕ ਲੰਗੜੀ ਕਹਾਣੀ ਨੂੰ ਵਧਾਉਣ"" ਲਈ ਮਜਬੂਰ ਹਨ","5   ਦੀ   ਰੇ ਟਿ ੰ ਗ   ਦਿ ੱ ਤੀ ,   ਮੁ ੱ ਖ   ਕ ਲਾ ਕਾ ਰਾਂ   ਦੀ   ਤਾ ਰੀ ਫ   ਕੀ ਤੀ   ਜੋ   ਕਿ   "" ਇ ਕ ੱ ਠੇ   ਵ ਧੀ ਆ   ਖੇ ਡ ਦੇ ""   ਹ ਨ ,   ਪ ਰ   "" ਇ ੱ ਕ   ਲ ੰ ਗ ੜ ੀ   ਕ ਹਾ ਣੀ   ਨੂ ੰ   ਵ ਧਾ ਉ ਣ ""   ਲ ਈ   ਮ ਜ ਬੂ ਰ   ਹ ਨ",69,24
"51 ਵੇਂ ਸੰਸਕਰਣ ਦੀ ਤਰ੍ਹਾਂ, ਇਹ ਇੱਕ ਦੋ ਰੂਪਾ ਸੰਸਕਰਣ ਆਯੋਜਿਤ ਕੀਤਾ ਗਿਆ ਸੀ ਜੋ ਕਿ ਆਨਲਾਈਨ ਅਤੇ ਰੂਬਰੂ ਭਾਗੀਦਾਰੀ ਨੂੰ ਜੋੜਦਾ ਸੀ","5 1   ਵੇਂ   ਸ ੰ ਸ ਕ ਰ ਣ   ਦੀ   ਤ ਰ੍ਹਾਂ ,   ਇ ਹ   ਇ ੱ ਕ   ਦੋ   ਰੂ ਪਾ   ਸ ੰ ਸ ਕ ਰ ਣ   ਆ ਯੋ ਜਿ ਤ   ਕੀ ਤਾ   ਗਿ ਆ   ਸੀ   ਜੋ   ਕਿ   ਆ ਨ ਲਾ ਈ ਨ   ਅ ਤੇ   ਰੂ ਬ ਰੂ   ਭਾ ਗੀ ਦਾ ਰੀ   ਨੂ ੰ   ਜੋ ੜ ਦਾ   ਸੀ",58,23
"ਫ਼ਿਲਮ ਵਿੱਚ ਸੋਮਾ ਕੇਰਲ ਮਹਿਲ, ਕੋਚੀ, ਕਰਮਾ ਸੰਸਥਾ(ਗੁਰੂਸਵਾਮੀ ਦੀ ਪਾਠਸ਼ਾਲਾ) ਦੇ ਰੂਪ ਵਿੱਚ ਵੇਖਾਇਆ ਗਿਆ ਸੀ","ਫ਼ ਿ ਲ ਮ   ਵਿ ੱ ਚ   ਸੋ ਮਾ   ਕੇ ਰ ਲ   ਮ ਹਿ ਲ ,   ਕੋ ਚੀ ,   ਕ ਰ ਮਾ   ਸ ੰ ਸ ਥਾ ( ਗੁ ਰੂ ਸ ਵਾ ਮੀ   ਦੀ   ਪਾ ਠ ਸ਼ਾ ਲਾ )   ਦੇ   ਰੂ ਪ   ਵਿ ੱ ਚ   ਵੇ ਖਾ ਇ ਆ   ਗਿ ਆ   ਸੀ",51,16
"ਗਾਇਨ: ਨਿਖਿਲ ਡੀ ਸੁਜਾ , ਮੋਨਾਲੀ ਠਾਕੁਰ, ਲਕੀ ਅਲੀ, ਰਾਹਤ ਫਤਿਹ ਅਲੀ ਖਾਨ, ਸ਼ੇਖਰ ਰਵਜਿਆਣੀ, ਕਰਲਿਸ ਮੋਂਟੇਰੀਰੋਂ, ਮੋਹਿਤ ਚੌਹਾਨ , ਸ਼ਰੁਤੀ ਪਾਠਕ, ਵਿਸ਼ਾਲ ਦਦਲਾਣੀ, ਸ਼ਿਲਪਾ ਰਾਉ ਅਤੇ ਅਭਿਜੀਤ ਵਗਹਾਣੀ ਦੁਆਰਾ ਕੀਤਾ ਗਿਆ ਸੀ","ਗਾ ਇ ਨ :   ਨਿ ਖਿ ਲ   ਡੀ   ਸੁ ਜਾ   ,   ਮੋ ਨਾ ਲੀ   ਠਾ ਕੁ ਰ ,   ਲ ਕੀ   ਅ ਲੀ ,   ਰਾ ਹ ਤ   ਫ ਤਿ ਹ   ਅ ਲੀ   ਖਾ ਨ ,   ਸ਼ੇ ਖ ਰ   ਰ ਵ ਜਿ ਆ ਣੀ ,   ਕ ਰ ਲਿ ਸ   ਮੋਂ ਟੇ ਰੀ ਰੋਂ ,   ਮੋ ਹਿ ਤ   ਚੌ ਹਾ ਨ   ,   ਸ਼ ਰੁ ਤੀ   ਪਾ ਠ ਕ ,   ਵਿ ਸ਼ਾ ਲ   ਦ ਦ ਲਾ ਣੀ ,   ਸ਼ਿ ਲ ਪਾ   ਰਾ ਉ   ਅ ਤੇ   ਅ ਭਿ ਜੀ ਤ   ਵ ਗ ਹਾ ਣੀ   ਦੁ ਆ ਰਾ   ਕੀ ਤਾ   ਗਿ ਆ   ਸੀ",97,33
ਯਸ਼ੂ ਫਿਰ ਵਾਲਮੀਕੀ ਨੂੰ ਰਾਜ ਨੂੰ ਪੰਜ ਸਾਲ ਤੱਕ ਸਿੱਖਿਲਾਈ ਦੇਣ ਲਈ ਕਹਿੰਦਾ ਹੈ ਤਾਂ ਜੋ ਉਹ ਬੰਤੁ ਵਾਂਗ ਕਾਬਲ ਅਤੇ ਸੀ ਈ ਓ ਬਣੇ,ਯ ਸ਼ੂ   ਫਿ ਰ   ਵਾ ਲ ਮੀ ਕੀ   ਨੂ ੰ   ਰਾ ਜ   ਨੂ ੰ   ਪ ੰ ਜ   ਸਾ ਲ   ਤ ੱ ਕ   ਸਿ ੱ ਖਿ ਲਾ ਈ   ਦੇ ਣ   ਲ ਈ   ਕ ਹਿ ੰ ਦਾ   ਹੈ   ਤਾਂ   ਜੋ   ਉ ਹ   ਬ ੰ ਤੁ   ਵਾਂ ਗ   ਕਾ ਬ ਲ   ਅ ਤੇ   ਸੀ   ਈ   ਓ   ਬ ਣੇ,55,25
"ਜਦੋਂ ਉਹ ਆਪਣੀਆਂ ਗਡੀਆਂ ਵਿੱਚ ਇੱਕ ਦੂਜੇ ਦਾ ਪਿੱਛਾ ਕਰਦੇ ਹਨ, ਰਾਜ, ਮੀਰਾ ਨੂੰ ਮਰਨ ਤੋਂ ਬਚਾਉਂਦਾ ਹੈ ਅਤੇ ਉਸ ਨੂੰ ਦੁਬਾਰਾ ਕਦੇ ਨਾ ਮਿਲਣ ਲਈ ਕਹਿੰਦਾ ਹੈ","ਜ ਦੋਂ   ਉ ਹ   ਆ ਪ ਣੀ ਆ ਂ   ਗ ਡੀ ਆ ਂ   ਵਿ ੱ ਚ   ਇ ੱ ਕ   ਦੂ ਜੇ   ਦਾ   ਪਿ ੱ ਛਾ   ਕ ਰ ਦੇ   ਹ ਨ ,   ਰਾ ਜ ,   ਮੀ ਰਾ   ਨੂ ੰ   ਮ ਰ ਨ   ਤੋਂ   ਬ ਚਾ ਉ ਂ ਦਾ   ਹੈ   ਅ ਤੇ   ਉ ਸ   ਨੂ ੰ   ਦੁ ਬਾ ਰਾ   ਕ ਦੇ   ਨਾ   ਮਿ ਲ ਣ   ਲ ਈ   ਕ ਹਿ ੰ ਦਾ   ਹੈ",70,28
ਹਿੰਦੁਸਤਾਨ ਟਾਇਮਸ ਦੀ ਅਨੂੰਪਮਾ ਚੋਪੜਾ ਨੇ 5 ਵਿਚੋਂ 4,ਹਿ ੰ ਦੁ ਸ ਤਾ ਨ   ਟਾ ਇ ਮ ਸ   ਦੀ   ਅ ਨੂ ੰ ਪ ਮਾ   ਚੋ ਪ ੜ ਾ   ਨੇ   5   ਵਿ ਚੋਂ   4,25,9
"5 ਸਟਾਰ ਦਿਤੇ, ਇਸ ਨੂੰ ""ਉੱਚੀ, ਸੀਰਿੰਗ ਅਤੇ ਦ੍ਰਿਸ਼ਟੀਗਤ ਤੌਰ 'ਤੇ ਸ਼ਾਨਦਾਰ "" ਕਰਾਰ ਦਿੱਤਾ, ਅਤੇ ਲਿਖਿਆ ""ਬਾਜੀਰਾਓ ਮਸਤਾਨੀ ਇੱਕ ਓਪਰੇਟਿਕ, ਬੇਹੋਸ਼, ਬੁਖਾਰ ਵਾਲੀ ਪ੍ਰੇਮ ਕਵਿਤਾ ਵਾਂਗ ਖੇਡਦਾ ਹੈ I","5   ਸ ਟਾ ਰ   ਦਿ ਤੇ ,   ਇ ਸ   ਨੂ ੰ   "" ਉ ੱ ਚੀ ,   ਸੀ ਰਿ ੰ ਗ   ਅ ਤੇ   ਦ੍ਰਿ ਸ਼ ਟੀ ਗ ਤ   ਤੌ ਰ   ' ਤੇ   ਸ਼ਾ ਨ ਦਾ ਰ   ""   ਕ ਰਾ ਰ   ਦਿ ੱ ਤਾ ,   ਅ ਤੇ   ਲਿ ਖਿ ਆ   "" ਬਾ ਜੀ ਰਾ ਓ   ਮ ਸ ਤਾ ਨੀ   ਇ ੱ ਕ   ਓ ਪ ਰੇ ਟਿ ਕ ,   ਬੇ ਹੋ ਸ਼ ,   ਬੁ ਖਾ ਰ   ਵਾ ਲੀ   ਪ੍ਰੇ ਮ   ਕ ਵਿ ਤਾ   ਵਾਂ ਗ   ਖੇ ਡ ਦਾ   ਹੈ   I",87,30
ਦੇਸ਼ ਦੇ ਮੁੱਖ ਦਰਿਆਵਾਂ ਤੇ ਜਲ ਮਾਰਗਾ ਤੋਂ ਲਗਭੱਗ 44 ਲੱਖ ਮੈਟ੍ਰਿਕ ਟਨ ਦਾ ਮਾਲ ਸਲਾਨਾ ਢੋਈਆ ਜਾਂਦਾ ਹੈ I,ਦੇ ਸ਼   ਦੇ   ਮੁ ੱ ਖ   ਦ ਰਿ ਆ ਵਾਂ   ਤੇ   ਜ ਲ   ਮਾ ਰ ਗਾ   ਤੋਂ   ਲ ਗ ਭ ੱ ਗ   4 4   ਲ ੱ ਖ   ਮੈ ਟ੍ਰਿ ਕ   ਟ ਨ   ਦਾ   ਮਾ ਲ   ਸ ਲਾ ਨਾ   ਢੋ ਈ ਆ   ਜਾਂ ਦਾ   ਹੈ   I,45,20
ਇੱਕ 2010 ਦੀ ਰਪਟ ਅਨੁਸਾਰ ਅਫਗਾਨਿਸਤਾਨ ਦਾ ਸਿਰਫ਼ 2,ਇ ੱ ਕ   2 0 1 0   ਦੀ   ਰ ਪ ਟ   ਅ ਨੁ ਸਾ ਰ   ਅ ਫ ਗਾ ਨਿ ਸ ਤਾ ਨ   ਦਾ   ਸਿ ਰ ਫ਼   2,27,9
"1% (ਜਾਂ 1,350,000 ਹੈਕਟੇਅਰ) ਹਿੱਸਾ ਜੰਗਲਾਤ ਖੇਤਰ ਵਿੱਚ ਆਉਂਦਾ ਹੈ I","1 %   ( ਜਾਂ   1 , 3 5 0 , 0 0 0   ਹੈ ਕ ਟੇ ਅ ਰ )   ਹਿ ੱ ਸਾ   ਜ ੰ ਗ ਲਾ ਤ   ਖੇ ਤ ਰ   ਵਿ ੱ ਚ   ਆ ਉ ਂ ਦਾ   ਹੈ   I",39,11
ਸਾਰਾ ਮਹਾਂਦੀਪੀ ਪਰਤ ਆਖ਼ਰੀ ਤੋਰ ਤੇ ਮੈਨਟਲ ਤੋਂ ਵਿਉਤਪੰਨ ਪਿਘਲੀ ਧਾਤ (ਮੁੱਖ ਤੋਰ ਤੇ ਬਸਾਲਟ) ਜੋ ਕਿ ਬਸਾਲਟੀਕ ਧਾਤ ਅਤੇ ਪਹਿਲਾਂ ਤੋਂ ਮਹਾਂਦੀਪੀ ਪਰਤ ਦੀ ਇਕਮਿਕ (ਦੁਵਾਰਾਂ ਤੋਂ ਪਿਘਲਣ) ਭਿੰਨਾਤਮਕ ਵਿਫਰਨਸ਼ੇਸ਼ਨ ਤੋਂ ਬਣਿਆ ਹੈ I,ਸਾ ਰਾ   ਮ ਹਾਂ ਦੀ ਪੀ   ਪ ਰ ਤ   ਆ ਖ਼ ਰੀ   ਤੋ ਰ   ਤੇ   ਮੈ ਨ ਟ ਲ   ਤੋਂ   ਵਿ ਉ ਤ ਪ ੰ ਨ   ਪਿ ਘ ਲੀ   ਧਾ ਤ   ( ਮੁ ੱ ਖ   ਤੋ ਰ   ਤੇ   ਬ ਸਾ ਲ ਟ )   ਜੋ   ਕਿ   ਬ ਸਾ ਲ ਟੀ ਕ   ਧਾ ਤ   ਅ ਤੇ   ਪ ਹਿ ਲਾਂ   ਤੋਂ   ਮ ਹਾਂ ਦੀ ਪੀ   ਪ ਰ ਤ   ਦੀ   ਇ ਕ ਮਿ ਕ   ( ਦੁ ਵਾ ਰਾਂ   ਤੋਂ   ਪਿ ਘ ਲ ਣ )   ਭਿ ੰ ਨਾ ਤ ਮ ਕ   ਵਿ ਫ ਰ ਨ ਸ ਼ ੇ ਸ ਼ ਨ   ਤੋਂ   ਬ ਣਿ ਆ   ਹੈ   I,102,35
ਹਾਲਾਂਕਿ ਜਪਾਨ ਚਾਵਲ ਅਤੇ ਕਣਕ ਲਈ ਸਵੈ-ਨਿਰਭਰ ਹੈ ( ਚੌਲਾਂ ਦੇ ਬਿਸਕੁਟਤੇ ਪ੍ਰੋਸੈਸਡ ਖਾਣੇ ਦੀ ਵਰਤੋਂ ਤੋਂ ਅਲਾਵਾ ) ਮੁਲਕ ਨੂੰ ਦੂਜੇ ਅਨਾਜ ਤੇ ਚਾਰਾ ਫਸਲਾਂ ਲਈ ਲਗਭਗ 50% ਆਯਾਤ ਕਰਨਾ ਪੈਂਦਾ ਹੈ ਅਤੇ ਮਾਸ ਦੀ ਅਧੀ ਪੂਰਤੀ ਲਈ ਆਯਾਤ ਤੇ ਨਿਰਭਰ ਰਿਹਣਾ ਪੇਂਦਾ ਹੈ I,ਹਾ ਲਾਂ ਕਿ   ਜ ਪਾ ਨ   ਚਾ ਵ ਲ   ਅ ਤੇ   ਕ ਣ ਕ   ਲ ਈ   ਸ ਵੈ - ਨਿ ਰ ਭ ਰ   ਹੈ   (   ਚੌ ਲਾਂ   ਦੇ   ਬਿ ਸ ਕੁ ਟ ਤੇ   ਪ੍ਰੋ ਸੈ ਸ ਡ   ਖਾ ਣੇ   ਦੀ   ਵ ਰ ਤੋਂ   ਤੋਂ   ਅ ਲਾ ਵਾ   )   ਮੁ ਲ ਕ   ਨੂ ੰ   ਦੂ ਜੇ   ਅ ਨਾ ਜ   ਤੇ   ਚਾ ਰਾ   ਫ ਸ ਲਾਂ   ਲ ਈ   ਲ ਗ ਭ ਗ   5 0 %   ਆ ਯਾ ਤ   ਕ ਰ ਨਾ   ਪੈਂ ਦਾ   ਹੈ   ਅ ਤੇ   ਮਾ ਸ   ਦੀ   ਅ ਧੀ   ਪੂ ਰ ਤੀ   ਲ ਈ   ਆ ਯਾ ਤ   ਤੇ   ਨਿ ਰ ਭ ਰ   ਰਿ ਹ ਣਾ   ਪੇਂ ਦਾ   ਹੈ   I,109,46
"ਅਮਰੀਕੀ ਭੂ-ਵਿਗਿਆਨੀ ਗਰੋਵ ਕਾਰਲ ਗਿਲਬਰਟ ਨੇ ਸਭ ਤੋਂ ਪਹਿਲਾਂ, 1885 ਵਿੱਚ ਦਲੀਲ ਦਿੱਤੀ ਸੀ ਕਿ ਰੁਕਾਵਟੀ ਤਲਛਟੇ ਲੰਬੇ ਕਿਨਾਰੇ ਦੇ ਸਰੋਤਾਂ ਤੋਂ ਆਏ ਸਨ","ਅ ਮ ਰੀ ਕੀ   ਭੂ - ਵਿ ਗਿ ਆ ਨੀ   ਗ ਰੋ ਵ   ਕਾ ਰ ਲ   ਗਿ ਲ ਬ ਰ ਟ   ਨੇ   ਸ ਭ   ਤੋਂ   ਪ ਹਿ ਲਾਂ ,   1 8 8 5   ਵਿ ੱ ਚ   ਦ ਲੀ ਲ   ਦਿ ੱ ਤੀ   ਸੀ   ਕਿ   ਰੁ ਕਾ ਵ ਟੀ   ਤ ਲ ਛ ਟੇ   ਲ ੰ ਬੇ   ਕਿ ਨਾ ਰੇ   ਦੇ   ਸ ਰੋ ਤਾਂ   ਤੋਂ   ਆ ਏ   ਸ ਨ",67,24
ਆਨਸੋਲ ਵਿੱਚ ਗਰਮ ਅਤੇ ਖੁਸ਼ਕ ਗਰਮੀ ਅਤੇ ਹਲਕੀ ਸਰਦੀ ਹੁੰਦੀ ਹੈ,ਆ ਨ ਸੋ ਲ   ਵਿ ੱ ਚ   ਗ ਰ ਮ   ਅ ਤੇ   ਖੁ ਸ਼ ਕ   ਗ ਰ ਮੀ   ਅ ਤੇ   ਹ ਲ ਕੀ   ਸ ਰ ਦੀ   ਹੁ ੰ ਦੀ   ਹੈ,30,11
"ਦੋ ਛੋਟੀਆਂ ਨਦੀਆਂ ਨੂਨੀਆ ਅਤੇ ਗੌਰੀ, ਆਸਨੋਲ ਤੋਂ ਲੰਘਦੀਆਂ ਹਨ","ਦੋ   ਛੋ ਟੀ ਆ ਂ   ਨ ਦੀ ਆ ਂ   ਨੂ ਨੀ ਆ   ਅ ਤੇ   ਗੌ ਰੀ ,   ਆ ਸ ਨੋ ਲ   ਤੋਂ   ਲ ੰ ਘ ਦੀ ਆ ਂ   ਹ ਨ",30,10
ਜਦੋਂ ਇੱਕ ਵੱਡੇ ਭੁਚਾਲ ਦਾ ਕਸਬੇਦੇਉੱਤਰ ਸੰਮੁਦਰੀ ਤੱਟ ਤੋਂ ਦੂਰ ਹੁੰਦਾ ਹੈ ਤਾਂ ਸਮੁੰਦਰ ਦਾ ਤਲ ਹਿਲ ਜਾਂਦਾ ਹੈ ਜਿਸ ਕਾਰਣ ਸੁਨਾਮੀ ਆ ਸਕਦੀ ਹੈ I,ਜ ਦੋਂ   ਇ ੱ ਕ   ਵ ੱ ਡੇ   ਭੁ ਚਾ ਲ   ਦਾ   ਕ ਸ ਬੇ ਦੇ ਉ ੱ ਤ ਰ   ਸ ੰ ਮੁ ਦ ਰੀ   ਤ ੱ ਟ   ਤੋਂ   ਦੂ ਰ   ਹੁ ੰ ਦਾ   ਹੈ   ਤਾਂ   ਸ ਮੁ ੰ ਦ ਰ   ਦਾ   ਤ ਲ   ਹਿ ਲ   ਜਾਂ ਦਾ   ਹੈ   ਜਿ ਸ   ਕਾ ਰ ਣ   ਸੁ ਨਾ ਮੀ   ਆ   ਸ ਕ ਦੀ   ਹੈ   I,63,26
"ਉੱਪਰੀ ਧਰਮਸ਼ਾਲਾ ਵਿੱਚ ਸਰਦੀਆਂ ਵਿੱਚ ਬਰਫ਼ ਅਤੇ ਬਰਫ਼ ਵਾਲਾ ਮੀਂਹ ਆਮ ਹੁੰਦਾ ਹੈ (ਮਕਲੋੜਗੰਜ, ਭਗਸੂ ਨਾਗ ਅਤੇ ਨਾਦੀ ਸਮੇਤ )","ਉ ੱ ਪ ਰੀ   ਧ ਰ ਮ ਸ਼ਾ ਲਾ   ਵਿ ੱ ਚ   ਸ ਰ ਦੀ ਆ ਂ   ਵਿ ੱ ਚ   ਬ ਰ ਫ਼   ਅ ਤੇ   ਬ ਰ ਫ਼   ਵਾ ਲਾ   ਮੀਂ ਹ   ਆ ਮ   ਹੁ ੰ ਦਾ   ਹੈ   ( ਮ ਕ ਲੋ ੜ ਗ ੰ ਜ ,   ਭ ਗ ਸੂ   ਨਾ ਗ   ਅ ਤੇ   ਨਾ ਦੀ   ਸ ਮੇ ਤ   )",60,20
"ਨਿੰਬੂ ਜਾਤੀ ਦਾ ਫਲ ਮੁੱਖ ਤੌਰ 'ਤੇ ਜਮਾਇਕਾ ਦੇ ਕੇਂਦਰੀ ਹਿੱਸਿਆਂ ਵਿੱਚ ਉਗਾਇਆ ਜਾਂਦਾ ਹੈ, ਖਾਸ ਕਰਕੇ 1,000-2,500 ਫੁੱਟ ਦੀ ਉਚਾਈ ਦੇ ਵਿਚਕਾਰ","ਨਿ ੰ ਬੂ   ਜਾ ਤੀ   ਦਾ   ਫ ਲ   ਮੁ ੱ ਖ   ਤੌ ਰ   ' ਤੇ   ਜ ਮਾ ਇ ਕਾ   ਦੇ   ਕੇਂ ਦ ਰੀ   ਹਿ ੱ ਸਿ ਆ ਂ   ਵਿ ੱ ਚ   ਉ ਗਾ ਇ ਆ   ਜਾਂ ਦਾ   ਹੈ ,   ਖਾ ਸ   ਕ ਰ ਕੇ   1 , 0 0 0 - 2 , 5 0 0   ਫੁ ੱ ਟ   ਦੀ   ਉ ਚਾ ਈ   ਦੇ   ਵਿ ਚ ਕਾ ਰ",67,23
"ਦੇਹਰਾਦੂਨ ਸ਼ਹਿਰ ਨੂੰ ਪੀਣ ਦਾ ਪਾਣੀ, ਦੋ ਮੁੱਖ ਸਰੋਤਾਂ ਤੋਂ ਮਿਲਦਾ ਹੈ : ਸਤਹੀ ਪਾਣੀ ਤੇ ਜ਼ਮੀਨ ਦਾ ਪਾਣੀ ਜਿਸ ਨਾਲ ਪੂਰਤੀ ਦੀ ਜ਼ਰੂਰਤਾ ਪੂਰੀ ਹੁੰਦੀਆਂ ਹਨ I","ਦੇ ਹ ਰਾ ਦੂ ਨ   ਸ਼ ਹਿ ਰ   ਨੂ ੰ   ਪੀ ਣ   ਦਾ   ਪਾ ਣੀ ,   ਦੋ   ਮੁ ੱ ਖ   ਸ ਰੋ ਤਾਂ   ਤੋਂ   ਮਿ ਲ ਦਾ   ਹੈ   :   ਸ ਤ ਹੀ   ਪਾ ਣੀ   ਤੇ   ਜ ਼ ਮੀ ਨ   ਦਾ   ਪਾ ਣੀ   ਜਿ ਸ   ਨਾ ਲ   ਪੂ ਰ ਤੀ   ਦੀ   ਜ਼ ਰੂ ਰ ਤਾ   ਪੂ ਰੀ   ਹੁ ੰ ਦੀ ਆ ਂ   ਹ ਨ   I",64,28
"ਅਲੱਗ-ਅਲੱਗ ਪ੍ਰਕਾਰ ਦੇ ਫ਼ਲ ਜਿਵੇ ਕਿ ਅੰਬ,ਸਾਪੋਤਾ ਸੰਤਰਾ, ਕੇਲਾ,ਪਪੀਤਾ,ਅਨਾਨਾਸ ਅਤੇ ਮੂਲ ਫਸਲਾਂ ਪਹਾੜੀ ਇਲਾਕੀਆ ਤੇ ਉਗਾਏ ਜਾਂਦੇ ਹਨ ਜਿਸ ਦੇ ਕਿਸਾਨ ਮਾਲਕ ਹਨ I","ਅ ਲ ੱ ਗ - ਅ ਲ ੱ ਗ   ਪ੍ਰ ਕਾ ਰ   ਦੇ   ਫ਼ ਲ   ਜਿ ਵੇ   ਕਿ   ਅ ੰ ਬ , ਸਾ ਪੋ ਤਾ   ਸ ੰ ਤ ਰਾ ,   ਕੇ ਲਾ , ਪ ਪੀ ਤਾ , ਅ ਨਾ ਨਾ ਸ   ਅ ਤੇ   ਮੂ ਲ   ਫ ਸ ਲਾਂ   ਪ ਹਾ ੜ ੀ   ਇ ਲਾ ਕੀ ਆ   ਤੇ   ਉ ਗਾ ਏ   ਜਾਂ ਦੇ   ਹ ਨ   ਜਿ ਸ   ਦੇ   ਕਿ ਸਾ ਨ   ਮਾ ਲ ਕ   ਹ ਨ   I",76,24
ਤਾਜ਼ੀ ਮੱਛੀ ਫ੍ਰਾਂਸ ਨੂੰ ਨਿਰਯਾਤ ਕਿਤੀ ਜਾਂਦੀ ਹੈ ਅਤੇ ਸੁੱਕੀ ਤੇ ਸੁਰੱਖਿਅਤ ਮੱਛੀ ਸਪੈਨ ਤੇ ਇਟਲੀ ਨੂੰ ਨਿਰਯਾਤ ਕਿਤੀ ਜਾਂਦੀ ਹੈ I,ਤਾ ਜ਼ ੀ   ਮ ੱ ਛੀ   ਫ੍ਰਾਂ ਸ   ਨੂ ੰ   ਨਿ ਰ ਯਾ ਤ   ਕਿ ਤੀ   ਜਾਂ ਦੀ   ਹੈ   ਅ ਤੇ   ਸੁ ੱ ਕੀ   ਤੇ   ਸੁ ਰ ੱ ਖਿ ਅ ਤ   ਮ ੱ ਛੀ   ਸ ਪੈ ਨ   ਤੇ   ਇ ਟ ਲੀ   ਨੂ ੰ   ਨਿ ਰ ਯਾ ਤ   ਕਿ ਤੀ   ਜਾਂ ਦੀ   ਹੈ   I,53,22
"ਉਸ ਦੇ ਰੀਫ ਆਮ ਤੋਰ ਤੇ ਘੱਟ ਚੌੜਾਈ ਦੇ ਹੁੰਦੇ ਹਨ, ਕੋਈ ਵਾਇਲੂ ਦੇ ਨਿਸ਼ਾਨ ਨਹੀਂ ਹੁੰਦੇ ਪੂਰਬੀ ਝਾਲਰ ਨੂੰ ਛੱਡ ਕੇ,ਜੋ ਕਿ ਟਾਪੂਆਂ ਨਾਲ ਭਰੇ ਹੋਏ ਹਨ ਜੋ ਕਿ ਮਾਲਦੀਵ ਦੇ ਸਤਰ ਅਨੁਸਾਰ ਕਾਫ਼ੀ ਵੱਡੇ ਹਨ I","ਉ ਸ   ਦੇ   ਰੀ ਫ   ਆ ਮ   ਤੋ ਰ   ਤੇ   ਘ ੱ ਟ   ਚੌ ੜ ਾ ਈ   ਦੇ   ਹੁ ੰ ਦੇ   ਹ ਨ ,   ਕੋ ਈ   ਵਾ ਇ ਲੂ   ਦੇ   ਨਿ ਸ਼ਾ ਨ   ਨ ਹੀਂ   ਹੁ ੰ ਦੇ   ਪੂ ਰ ਬੀ   ਝਾ ਲ ਰ   ਨੂ ੰ   ਛ ੱ ਡ   ਕੇ , ਜੋ   ਕਿ   ਟਾ ਪੂ ਆ ਂ   ਨਾ ਲ   ਭ ਰੇ   ਹੋ ਏ   ਹ ਨ   ਜੋ   ਕਿ   ਮਾ ਲ ਦੀ ਵ   ਦੇ   ਸ ਤ ਰ   ਅ ਨੁ ਸਾ ਰ   ਕਾ ਫ਼ ੀ   ਵ ੱ ਡੇ   ਹ ਨ   I",88,38
ਸੈਲੂਲੋਜ਼ ਰੇਸ਼ੇ ਦੇ ਵਿਕਲਪਾ ਵਿੱਚ ਮਿਲਦੇ-ਜੁਲਦੇ ਤੱਤ ਹਨ ਪਰ ਓਹ ਕਪਸ ਦੇ ਕਪੜੇ ਲਈ ਪੂਰਨ ਦੇਬਦਲ ਨਹੀਂ ਹਨ ਕਿਉਂਕਿ ਉਸ ਵਿੱਚ ਕਈ ਵਿਸ਼ੇਸ਼ਤਾਵਾਂ ਜਿਵੇ ਕਿ ਖਿਚਾਹ ਤੇ ਥਰਮਲ ਨਿਅੰਨਤਰਨ ਨਹੀਂ ਹੈ I,ਸੈ ਲੂ ਲੋ ਜ ਼   ਰੇ ਸ਼ੇ   ਦੇ   ਵਿ ਕ ਲ ਪਾ   ਵਿ ੱ ਚ   ਮਿ ਲ ਦੇ - ਜੁ ਲ ਦੇ   ਤ ੱ ਤ   ਹ ਨ   ਪ ਰ   ਓ ਹ   ਕ ਪ ਸ   ਦੇ   ਕ ਪ ੜ ੇ   ਲ ਈ   ਪੂ ਰ ਨ   ਦੇ ਬ ਦ ਲ   ਨ ਹੀਂ   ਹ ਨ   ਕਿ ਉ ਂ ਕਿ   ਉ ਸ   ਵਿ ੱ ਚ   ਕ ਈ   ਵਿ ਸ ਼ ੇ ਸ ਼ ਤਾ ਵਾਂ   ਜਿ ਵੇ   ਕਿ   ਖਿ ਚਾ ਹ   ਤੇ   ਥ ਰ ਮ ਲ   ਨਿ ਅ ੰ ਨ ਤ ਰ ਨ   ਨ ਹੀਂ   ਹੈ   I,93,32
ਕਪਸ ਦੀ ਖੇਤੀ ਵਿੱਚ ਵੱਧ ਪਾਣੀ ਤੇ ਕੀਟਨਾਸ਼ਕ ਪ੍ਰਧਾਰਥਾਂ ਦੀ ਵਰਤੋਂ ਕਾਰਣ ਸਥਿਰਤਾ ਉਤੇ ਸਵਾਲ ਚੁਕੇ ਜਾਂ ਰਹੇ ਹਨ ਅਤੇ ਇਸ ਕਾਰਣ ਪ੍ਰਾਕਿਰਤਨ ਕਪੜੇ ਦੇ ਵਿਕਲਪ ਲਈ ਇੱਕ ਬਜ਼ਾਰ ਬਣ ਗਿਆ ਹੈ I,ਕ ਪ ਸ   ਦੀ   ਖੇ ਤੀ   ਵਿ ੱ ਚ   ਵ ੱ ਧ   ਪਾ ਣੀ   ਤੇ   ਕੀ ਟ ਨਾ ਸ਼ ਕ   ਪ੍ਰ ਧਾ ਰ ਥਾਂ   ਦੀ   ਵ ਰ ਤੋਂ   ਕਾ ਰ ਣ   ਸ ਥਿ ਰ ਤਾ   ਉ ਤੇ   ਸ ਵਾ ਲ   ਚੁ ਕੇ   ਜਾਂ   ਰ ਹੇ   ਹ ਨ   ਅ ਤੇ   ਇ ਸ   ਕਾ ਰ ਣ   ਪ੍ਰਾ ਕਿ ਰ ਤ ਨ   ਕ ਪ ੜ ੇ   ਦੇ   ਵਿ ਕ ਲ ਪ   ਲ ਈ   ਇ ੱ ਕ   ਬ ਜ਼ ਾ ਰ   ਬ ਣ   ਗਿ ਆ   ਹੈ   I,83,33
"ਗਰਮ,ਸਾਫ਼ ਤਪਤਖੰਡੀ ਪਾਣੀ ਵਿੱਚ ਮੂੰਗਾ ਚਟਾਨ ਪੋਲ ਨਾਲੋਂ ਵੱਧ ਹੁੰਦੇ ਹਨ ਕਿਉਂਕਿ ਉਥੇ ਪਾਣੀ ਠੰਡਾ ਹੁੰਦਾ ਹੈ I","ਗ ਰ ਮ , ਸਾ ਫ਼   ਤ ਪ ਤ ਖ ੰ ਡੀ   ਪਾ ਣੀ   ਵਿ ੱ ਚ   ਮੂ ੰ ਗਾ   ਚ ਟਾ ਨ   ਪੋ ਲ   ਨਾ ਲੋਂ   ਵ ੱ ਧ   ਹੁ ੰ ਦੇ   ਹ ਨ   ਕਿ ਉ ਂ ਕਿ   ਉ ਥੇ   ਪਾ ਣੀ   ਠ ੰ ਡਾ   ਹੁ ੰ ਦਾ   ਹੈ   I",51,18
"ਭਾਰਤ ਵਿੱਚ 7,516 ਕਿਲੋਮੀਟਰ (4,670 ਮੀਟਰ) ਸਮੁੰਦਰੀ ਤੱਟਰੇਖਾ, 3,827 ਮੱਛੀ ਫੜਨ ਵਾਲੇ ਪਿੰਡ ਅਤੇ 1,914 ਰਵਾਇਤੀ ਮੱਛੀ ਲੈਂਡਿੰਗ ਕੇਂਦਰ ਹਨ","ਭਾ ਰ ਤ   ਵਿ ੱ ਚ   7 , 5 1 6   ਕਿ ਲੋ ਮੀ ਟ ਰ   ( 4 , 6 7 0   ਮੀ ਟ ਰ )   ਸ ਮੁ ੰ ਦ ਰੀ   ਤ ੱ ਟ ਰੇ ਖਾ ,   3 , 8 2 7   ਮ ੱ ਛੀ   ਫ ੜ ਨ   ਵਾ ਲੇ   ਪਿ ੰ ਡ   ਅ ਤੇ   1 , 9 1 4   ਰ ਵਾ ਇ ਤੀ   ਮ ੱ ਛੀ   ਲੈਂ ਡਿ ੰ ਗ   ਕੇਂ ਦ ਰ   ਹ ਨ",76,20
"ਕੁੱਛ ਨਕਦ ਫਸਲਾਂ ਜੋ ਕਿ ਮਣਿਪੁਰ ਲਈ ਅਨੁਕੂਲ ਹਨ ਓਹ ਹਨ ਲੀਚੀ, ਕਾਜੂ, ਅਖ਼ਰੋਟ,ਸੰਤਰੇ, ਨਿੰਬੂ, ਅਨਾਨਾਸ, ਪਪੀਤਾ,ਪੈਸ਼ਨ ਫ੍ਰੂਟ,ਆੜੂ,ਨਾਸ਼ਪਾਤੀ ਅਤੇ ਪਲੱਮ I","ਕੁ ੱ ਛ   ਨ ਕ ਦ   ਫ ਸ ਲਾਂ   ਜੋ   ਕਿ   ਮ ਣਿ ਪੁ ਰ   ਲ ਈ   ਅ ਨੁ ਕੂ ਲ   ਹ ਨ   ਓ ਹ   ਹ ਨ   ਲੀ ਚੀ ,   ਕਾ ਜੂ ,   ਅ ਖ਼ ਰੋ ਟ , ਸ ੰ ਤ ਰੇ ,   ਨਿ ੰ ਬੂ ,   ਅ ਨਾ ਨਾ ਸ ,   ਪ ਪੀ ਤਾ , ਪੈ ਸ ਼ ਨ   ਫ੍ਰੂ ਟ , ਆ ੜ ੂ , ਨਾ ਸ਼ ਪਾ ਤੀ   ਅ ਤੇ   ਪ ਲ ੱ ਮ   I",78,21
"ਪ੍ਰਦਰਸ਼ਨੀ ਇੰਤਜ਼ਾਮਾ ਵਿੱਚ ਤਬਦੀਲੀ ਕਾਰਣ ਜਾਨਵਰਾਂ ਦੇ ਰੱਖਿਅਕਾ ਕਰਨ ਵਾਲੀਆਂ ਲਈ ਕੰਮ ਦਾ ਦਾਏਰਾ ਬਦਲ ਰਿਹਾ ਹੈ ਕਿਉਂਕਿ ਹੁਣ ਉਹ ਨਿਵਾਸੀ ਸਥਾਨ ਰੱਖਿਅਕ ਬਣ ਜਾਂਦੇ ਹਨ, ਜਿਸ ਵਿੱਚ ਜੀਵਤ ਵਾਤਾਵਰਣ ਦੀ ਦੇਖਭਾਲ, ਲੈਂਡਸਕੇਪ ਦੀ ਸਾਂਭ , ਪੌਦਿਆਂ ਦੀ ਦੇਖਭਾਲ, ਜਲਵਾਯੂ ਨਿਯੰਤਰਣ, ਅਤੇ ਕਈ ਹੋਰ ਪ੍ਰਜਾਤੀਆਂ ਲਈ ਪਸ਼ੂ ਪਾਲਣ ਦਾ ਵਿਸਤ੍ਰਿਤ ਗਿਆਨ ਟੈਕਸੋਨੋਮਿਕ ਕਲਾਸਾਂ ਵਿੱਚ ਸ਼ਾਮਲ ਹੈ","ਪ੍ਰ ਦ ਰ ਸ ਼ ਨੀ   ਇ ੰ ਤ ਜ਼ ਾ ਮਾ   ਵਿ ੱ ਚ   ਤ ਬ ਦੀ ਲੀ   ਕਾ ਰ ਣ   ਜਾ ਨ ਵ ਰਾਂ   ਦੇ   ਰ ੱ ਖਿ ਅ ਕਾ   ਕ ਰ ਨ   ਵਾ ਲੀ ਆ ਂ   ਲ ਈ   ਕ ੰ ਮ   ਦਾ   ਦਾ ਏ ਰਾ   ਬ ਦ ਲ   ਰਿ ਹਾ   ਹੈ   ਕਿ ਉ ਂ ਕਿ   ਹੁ ਣ   ਉ ਹ   ਨਿ ਵਾ ਸੀ   ਸ ਥਾ ਨ   ਰ ੱ ਖਿ ਅ ਕ   ਬ ਣ   ਜਾਂ ਦੇ   ਹ ਨ ,   ਜਿ ਸ   ਵਿ ੱ ਚ   ਜੀ ਵ ਤ   ਵਾ ਤਾ ਵ ਰ ਣ   ਦੀ   ਦੇ ਖ ਭਾ ਲ ,   ਲੈਂ ਡ ਸ ਕੇ ਪ   ਦੀ   ਸਾਂ ਭ   ,   ਪੌ ਦਿ ਆ ਂ   ਦੀ   ਦੇ ਖ ਭਾ ਲ ,   ਜ ਲ ਵਾ ਯੂ   ਨਿ ਯ ੰ ਤ ਰ ਣ ,   ਅ ਤੇ   ਕ ਈ   ਹੋ ਰ   ਪ੍ਰ ਜਾ ਤੀ ਆ ਂ   ਲ ਈ   ਪ ਸ ਼ ੂ   ਪਾ ਲ ਣ   ਦਾ   ਵਿ ਸ ਤ੍ਰਿ ਤ   ਗਿ ਆ ਨ   ਟੈ ਕ ਸੋ ਨੋ ਮਿ ਕ   ਕ ਲਾ ਸਾਂ   ਵਿ ੱ ਚ   ਸ ਼ ਾ ਮ ਲ   ਹੈ",175,56
"ਜਾਣੀ-ਮਾਣੀ ਥਣਧਾਰੀ ਜੀਵ ਜੋ ਅਲੋਪ ਹੋ ਗਏ ਹਨ ਜਾਂ ਦੇਸ਼ ਵਿੱਚ ਅਲੋਪ ਮੰਨੇ ਜਾਂਦੇ ਹਨ ਓਹ ਹਨ ਭਾਰਤੀ ਜਾਂ ਏਸ਼ਿਆਈ ਚੀਤਾ, ਜਾਵਾ ਗੈਂਡਾ ਅਤੇ ਸੁਮਾਤਰਾ ਗੈਂਡਾ I","ਜਾ ਣੀ - ਮਾ ਣੀ   ਥ ਣ ਧਾ ਰੀ   ਜੀ ਵ   ਜੋ   ਅ ਲੋ ਪ   ਹੋ   ਗ ਏ   ਹ ਨ   ਜਾਂ   ਦੇ ਸ਼   ਵਿ ੱ ਚ   ਅ ਲੋ ਪ   ਮ ੰ ਨੇ   ਜਾਂ ਦੇ   ਹ ਨ   ਓ ਹ   ਹ ਨ   ਭਾ ਰ ਤੀ   ਜਾਂ   ਏ ਸ਼ਿ ਆ ਈ   ਚੀ ਤਾ ,   ਜਾ ਵਾ   ਗੈਂ ਡਾ   ਅ ਤੇ   ਸੁ ਮਾ ਤ ਰਾ   ਗੈਂ ਡਾ   I",64,27
"ਗੋਆ ਦਾ ਰਾਜ ਜਾਨਵਰ ਗਾਉਰ ਹੈ, ਰਾਜ ਪਕਸ਼ੀ ਲਾਲ ਕੰਠ ਬੁਲਬੁਲ ਹੈ ਅਤੇ ਰਾਜ ਰੁੱਖ ਭਾਰਤੀ ਸਿਹਰਾ ਹੈ I","ਗੋ ਆ   ਦਾ   ਰਾ ਜ   ਜਾ ਨ ਵ ਰ   ਗਾ ਉ ਰ   ਹੈ ,   ਰਾ ਜ   ਪ ਕ ਸ਼ੀ   ਲਾ ਲ   ਕ ੰ ਠ   ਬੁ ਲ ਬੁ ਲ   ਹੈ   ਅ ਤੇ   ਰਾ ਜ   ਰੁ ੱ ਖ   ਭਾ ਰ ਤੀ   ਸਿ ਹ ਰਾ   ਹੈ   I",44,19
"ਭੋਜਨ ਦੀ ਫਸਲ ਮੁੱਖ ਤੋਰ ਤੇ ਚਾਵਲ ਹੈ ਅਤੇ ਦਾਲਾਂ (ਫਲੀਦਾਰ ਜਾਤੀ ਦੇ ਪੌਦੇ), ਰਾਗੀ(ਸਫ਼ੇਦ ਬਾਜਰਾ), ਅਤੇ ਹੋਰ ਫਸਲਾਂ ਵੀ ਉਗਾਈ ਜਾਂਦੀਆਂ ਹਨ I","ਭੋ ਜ ਨ   ਦੀ   ਫ ਸ ਲ   ਮੁ ੱ ਖ   ਤੋ ਰ   ਤੇ   ਚਾ ਵ ਲ   ਹੈ   ਅ ਤੇ   ਦਾ ਲਾਂ   ( ਫ ਲੀ ਦਾ ਰ   ਜਾ ਤੀ   ਦੇ   ਪੌ ਦੇ ) ,   ਰਾ ਗੀ ( ਸ ਫ਼ ੇ ਦ   ਬਾ ਜ ਰਾ ) ,   ਅ ਤੇ   ਹੋ ਰ   ਫ ਸ ਲਾਂ   ਵੀ   ਉ ਗਾ ਈ   ਜਾਂ ਦੀ ਆ ਂ   ਹ ਨ   I",63,24
"ਗਰਮੀਆਂ ਵਿੱਚ ਬਹੁਤ ਤੱਤਾ ਹੋ ਜਾਂਦਾ ਹੈ; ਹੇਠਲੇ ਇਲਾਕੀਆ ਵਿੱਚ ਤਾਪਮਾਨ , 50 ° C (122° F) ਤੋਂ ਵੱਧ ਸਕਦਾ ਹੈ, ਜਿਸ ਕਾਰਨ ਗਰਮ ਹਵਾਵਾਂ ਚਲਦੀਆਂ ਹਨ ਜੋ ਕਿ ਹਰ ਸਾਲ ਸੈਂਕੜਿਆਂ ਭਾਰਤੀਆਂ ਦੀ ਮੌਤ ਦਾ ਕਾਰਨ ਬਣਦੀਆਂ ਹਨ I","ਗ ਰ ਮੀ ਆ ਂ   ਵਿ ੱ ਚ   ਬ ਹੁ ਤ   ਤ ੱ ਤਾ   ਹੋ   ਜਾਂ ਦਾ   ਹੈ ;   ਹੇ ਠ ਲੇ   ਇ ਲਾ ਕੀ ਆ   ਵਿ ੱ ਚ   ਤਾ ਪ ਮਾ ਨ   ,   5 0   °   C   ( 1 2 2 °   F )   ਤੋਂ   ਵ ੱ ਧ   ਸ ਕ ਦਾ   ਹੈ ,   ਜਿ ਸ   ਕਾ ਰ ਨ   ਗ ਰ ਮ   ਹ ਵਾ ਵਾਂ   ਚ ਲ ਦੀ ਆ ਂ   ਹ ਨ   ਜੋ   ਕਿ   ਹ ਰ   ਸਾ ਲ   ਸੈਂ ਕ ੜ ਿ ਆ ਂ   ਭਾ ਰ ਤੀ ਆ ਂ   ਦੀ   ਮੌ ਤ   ਦਾ   ਕਾ ਰ ਨ   ਬ ਣ ਦੀ ਆ ਂ   ਹ ਨ   I",104,40
"ਸੰਜਮੀ ਪਤਝੜ ਜੰਗਲੀ ਬਾਇਓਮਜ਼ ਪੇੜ-ਪੌਦੇ ਦੇ ਸਮੂਹ ਹਨ ਜੋ ਕਿ ਉੱਤਰੀ ਅਤੇ ਦੱਖਣੀ ਅਮਰੀਕਾ, ਏਸ਼ੀਆ, ਹਿਮਾਲਿਆ ਦੀਆਂ ਦੱਖਣੀ ਢਲਾਣਾਂ, ਯੂਰਪ, ਅਤੇ ਓਸ਼ੇਨੀਆ ਵਿੱਚ ਖੇਤੀ ਦੇ ਉਦੇਸ਼ਾਂ ਲਈ ਵੰਡੇ ਗਏ ਹਨ I","ਸ ੰ ਜ ਮੀ   ਪ ਤ ਝ ੜ   ਜ ੰ ਗ ਲੀ   ਬਾ ਇ ਓ ਮ ਜ ਼   ਪੇ ੜ - ਪੌ ਦੇ   ਦੇ   ਸ ਮੂ ਹ   ਹ ਨ   ਜੋ   ਕਿ   ਉ ੱ ਤ ਰੀ   ਅ ਤੇ   ਦ ੱ ਖ ਣੀ   ਅ ਮ ਰੀ ਕਾ ,   ਏ ਸ ਼ ੀ ਆ ,   ਹਿ ਮਾ ਲਿ ਆ   ਦੀ ਆ ਂ   ਦ ੱ ਖ ਣੀ   ਢ ਲਾ ਣਾਂ ,   ਯੂ ਰ ਪ ,   ਅ ਤੇ   ਓ ਸ ਼ ੇ ਨੀ ਆ   ਵਿ ੱ ਚ   ਖੇ ਤੀ   ਦੇ   ਉ ਦੇ ਸ ਼ ਾ ਂ   ਲ ਈ   ਵ ੰ ਡੇ   ਗ ਏ   ਹ ਨ   I",101,31
"ਇਹ ਮੌਸਮ ਮੁਤਾਬਿਕ ਅਲੱਗ ਸਮਾਜਿਕ ਸਮੂਹਾਂ ਦੇ ਵਿਵਿਧ ਰੂਪ ਹਨ ਜਿਨ੍ਹਾਂ ਦਾ ਮੌਸਮ ਦੇ ਬਦਲਣ ਨਾਲ, ਜ਼ਿਆਦਾਤਰ ਤਾਪਮਾਨ ਤੇ ਬਾਰਿਸ਼ ਦੇ ਦਰ ਕਾਰਣ, ਬਹੁਤ ਪ੍ਰਭਾਵ ਪੈਂਦਾ ਹੈ I","ਇ ਹ   ਮੌ ਸ ਮ   ਮੁ ਤਾ ਬਿ ਕ   ਅ ਲ ੱ ਗ   ਸ ਮਾ ਜਿ ਕ   ਸ ਮੂ ਹਾਂ   ਦੇ   ਵਿ ਵਿ ਧ   ਰੂ ਪ   ਹ ਨ   ਜਿ ਨ੍ਹਾਂ   ਦਾ   ਮੌ ਸ ਮ   ਦੇ   ਬ ਦ ਲ ਣ   ਨਾ ਲ ,   ਜ਼ ਿ ਆ ਦਾ ਤ ਰ   ਤਾ ਪ ਮਾ ਨ   ਤੇ   ਬਾ ਰਿ ਸ ਼   ਦੇ   ਦ ਰ   ਕਾ ਰ ਣ ,   ਬ ਹੁ ਤ   ਪ੍ਰ ਭਾ ਵ   ਪੈਂ ਦਾ   ਹੈ   I",74,28
"ਪ੍ਰਮੁੱਖ ਬੰਦਰਗਾਹਾਂ ਵਿੱਚ ਭਾਰਤ ਦਾ ਕੰਦਲਾ ਬੰਦਰਗਾਹ, ਮੁੰਦਰਾ ਬੰਦਰਗਾਹ, ਪਿਪਾਵਾਵ ਬੰਦਰਗਾਹ, ਦਹੇਜ ਬੰਦਰਗਾਹ, ਹਜ਼ੀਰਾ ਬੰਦਰਗਾਹ, ਮੁੰਬਈ ਬੰਦਰਗਾਹ, ਨਾਹਵਾ ਸ਼ੇਵਾ ਬੰਦਰਗਾਹ (ਨਵੀ ਮੁੰਬਈ), ਮੋਰਮੁਗੋ ਬੰਦਰਗਾਹ (ਗੋਆ), ਨਿਊ ਮੈਂਗਲੋਰ ਬੰਦਰਗਾਹ, ਅਤੇ ਕੋਚੀ ਬੰਦਰਗਾਹ ;ਪਾਕਿਸਤਾਨ ਵਿੱਚ ਕਰਾਚੀ ਬੰਦਰਗਾਹ, ਪੋਰਟ ਕਾਸਿਮ, ਅਤੇ ਗਵਾਦਰ ਬੰਦਰਗਾਹ; ਈਰਾਨ ਵਿੱਚ ਚਾਬਹਾਰ ਬੰਦਰਗਾਹ; ਅਤੇ ਓਮਾਨ ਦੇ ਸਾਲਾਲਾਹ ਵਿੱਚ ਸਾਲਾਲਾਹ ਬੰਦਰਗਾਹ I","ਪ੍ਰ ਮੁ ੱ ਖ   ਬ ੰ ਦ ਰ ਗਾ ਹਾਂ   ਵਿ ੱ ਚ   ਭਾ ਰ ਤ   ਦਾ   ਕ ੰ ਦ ਲਾ   ਬ ੰ ਦ ਰ ਗਾ ਹ ,   ਮੁ ੰ ਦ ਰਾ   ਬ ੰ ਦ ਰ ਗਾ ਹ ,   ਪਿ ਪਾ ਵਾ ਵ   ਬ ੰ ਦ ਰ ਗਾ ਹ ,   ਦ ਹੇ ਜ   ਬ ੰ ਦ ਰ ਗਾ ਹ ,   ਹ ਜ ਼ ੀ ਰਾ   ਬ ੰ ਦ ਰ ਗਾ ਹ ,   ਮੁ ੰ ਬ ਈ   ਬ ੰ ਦ ਰ ਗਾ ਹ ,   ਨਾ ਹ ਵਾ   ਸ ਼ ੇ ਵਾ   ਬ ੰ ਦ ਰ ਗਾ ਹ   ( ਨ ਵੀ   ਮੁ ੰ ਬ ਈ ) ,   ਮੋ ਰ ਮੁ ਗੋ   ਬ ੰ ਦ ਰ ਗਾ ਹ   ( ਗੋ ਆ ) ,   ਨਿ ਊ   ਮੈਂ ਗ ਲੋ ਰ   ਬ ੰ ਦ ਰ ਗਾ ਹ ,   ਅ ਤੇ   ਕੋ ਚੀ   ਬ ੰ ਦ ਰ ਗਾ ਹ   ; ਪਾ ਕਿ ਸ ਤਾ ਨ   ਵਿ ੱ ਚ   ਕ ਰਾ ਚੀ   ਬ ੰ ਦ ਰ ਗਾ ਹ ,   ਪੋ ਰ ਟ   ਕਾ ਸਿ ਮ ,   ਅ ਤੇ   ਗ ਵਾ ਦ ਰ   ਬ ੰ ਦ ਰ ਗਾ ਹ ;   ਈ ਰਾ ਨ   ਵਿ ੱ ਚ   ਚਾ ਬ ਹਾ ਰ   ਬ ੰ ਦ ਰ ਗਾ ਹ ;   ਅ ਤੇ   ਓ ਮਾ ਨ   ਦੇ   ਸਾ ਲਾ ਲਾ ਹ   ਵਿ ੱ ਚ   ਸਾ ਲਾ ਲਾ ਹ   ਬ ੰ ਦ ਰ ਗਾ ਹ   I",223,52
"ਗੋਂਡਵਾਨਾ ਅਤੇ ਵਿੰਧਿਆ ਦੇ ਅੰਦਰ ਮੱਧ ਪ੍ਰਦੇਸ਼, ਛੱਤੀਸਗੜ੍ਹ, ਉੜੀਸਾ, ਬਿਹਾਰ, ਝਾਰਖੰਡ, ਪੱਛਮੀ ਬੰਗਾਲ, ਆਂਧਰਾ ਪ੍ਰਦੇਸ਼, ਮਹਾਰਾਸ਼ਟਰ, ਜੰਮੂ ਅਤੇ ਕਸ਼ਮੀਰ, ਪੰਜਾਬ, ਹਿਮਾਚਲ ਪ੍ਰਦੇਸ਼, ਰਾਜਸਥਾਨ ਅਤੇ ਉੱਤਰਾਖੰਡ ਦੇ ਹਿੱਸੇ ਆਉਂਦੇ ਹਨ I","ਗੋਂ ਡ ਵਾ ਨਾ   ਅ ਤੇ   ਵਿ ੰ ਧਿ ਆ   ਦੇ   ਅ ੰ ਦ ਰ   ਮ ੱ ਧ   ਪ੍ਰ ਦੇ ਸ ਼ ,   ਛ ੱ ਤੀ ਸ ਗ ੜ ੍ ਹ ,   ਉ ੜ ੀ ਸਾ ,   ਬਿ ਹਾ ਰ ,   ਝਾ ਰ ਖ ੰ ਡ ,   ਪ ੱ ਛ ਮੀ   ਬ ੰ ਗਾ ਲ ,   ਆ ਂ ਧ ਰਾ   ਪ੍ਰ ਦੇ ਸ ਼ ,   ਮ ਹਾ ਰਾ ਸ ਼ ਟ ਰ ,   ਜ ੰ ਮੂ   ਅ ਤੇ   ਕ ਸ ਼ ਮੀ ਰ ,   ਪ ੰ ਜਾ ਬ ,   ਹਿ ਮਾ ਚ ਲ   ਪ੍ਰ ਦੇ ਸ ਼ ,   ਰਾ ਜ ਸ ਥਾ ਨ   ਅ ਤੇ   ਉ ੱ ਤ ਰਾ ਖ ੰ ਡ   ਦੇ   ਹਿ ੱ ਸੇ   ਆ ਉ ਂ ਦੇ   ਹ ਨ   I",123,30
ਟੋਮੋਗ੍ਰਾਫੀ ਦੇ ਅਨੁਸਾਰ ਉਤਰੀ ਅਮਰੀਕਾ ਦੇ ਹੇਠ ਕ੍ਰਟੋਨ ਜੜ੍ਹਾਂ ਵਿੱਚ ਦੋ ਪਰਤਾਂ ਹਨ I,ਟੋ ਮੋ ਗ੍ਰਾ ਫੀ   ਦੇ   ਅ ਨੁ ਸਾ ਰ   ਉ ਤ ਰੀ   ਅ ਮ ਰੀ ਕਾ   ਦੇ   ਹੇ ਠ   ਕ੍ਰ ਟੋ ਨ   ਜ ੜ ੍ ਹਾਂ   ਵਿ ੱ ਚ   ਦੋ   ਪ ਰ ਤਾਂ   ਹ ਨ   I,36,14
ਹਰ ਮਹੀਨੇ ਦੀ ਔਸਤ ਬਾਰਿਸ਼ 54 ਮਿਲੀਮੀਟਰ (2,ਹ ਰ   ਮ ਹੀ ਨੇ   ਦੀ   ਔ ਸ ਤ   ਬਾ ਰਿ ਸ ਼   5 4   ਮਿ ਲੀ ਮੀ ਟ ਰ   ( 2,22,8
1 ਇੰਚ) ਫ਼ਰਵਰੀ ਤੇ ਅਪ੍ਰੈਲ ਲਈ ਅਤੇ 78 ਮਿਲੀਮੀਟਰ (3,1   ਇ ੰ ਚ )   ਫ਼ ਰ ਵ ਰੀ   ਤੇ   ਅ ਪ੍ਰੈ ਲ   ਲ ਈ   ਅ ਤੇ   7 8   ਮਿ ਲੀ ਮੀ ਟ ਰ   ( 3,26,10
1 ਇੰਚ) ਦੇ ਵਿੱਚ ਬਦਲਦੀ ਹੈ I,1   ਇ ੰ ਚ )   ਦੇ   ਵਿ ੱ ਚ   ਬ ਦ ਲ ਦੀ   ਹੈ   I,15,7
"ਧਰਤੀ ਅਤੇ ਪਾਣੀ ਦੀ ਤੰਗੀ-ਤੁਰਸ਼ੀ, ਖੇਤੀ-ਬਾੜੀ ਦੇ ਅਪੂਰਨ ਰੀਤ, ਅਤੇ ਅਤੋਲ ਵਿੱਚ ਸਹਾਇਕ ਸੇਵਾਵਾਂ ਦੀ ਕਮੀ ਜਿਸ ਕਾਰਣ ਘੱਟ ਪੈਦਾਵਾਰ ਅਤੇ, ਇਸ ਕਰਕੇ ਇਨ੍ਹਾਂ ਖੇਤਰਾਂ ਵਿੱਚ ਘੱਟ ਆਮਦਨ I","ਧ ਰ ਤੀ   ਅ ਤੇ   ਪਾ ਣੀ   ਦੀ   ਤ ੰ ਗੀ - ਤੁ ਰ ਸ਼ੀ ,   ਖੇ ਤੀ - ਬਾ ੜ ੀ   ਦੇ   ਅ ਪੂ ਰ ਨ   ਰੀ ਤ ,   ਅ ਤੇ   ਅ ਤੋ ਲ   ਵਿ ੱ ਚ   ਸ ਹਾ ਇ ਕ   ਸੇ ਵਾ ਵਾਂ   ਦੀ   ਕ ਮੀ   ਜਿ ਸ   ਕਾ ਰ ਣ   ਘ ੱ ਟ   ਪੈ ਦਾ ਵਾ ਰ   ਅ ਤੇ ,   ਇ ਸ   ਕ ਰ ਕੇ   ਇ ਨ੍ਹਾਂ   ਖੇ ਤ ਰਾਂ   ਵਿ ੱ ਚ   ਘ ੱ ਟ   ਆ ਮ ਦ ਨ   I",84,29
"ਬਾਂਸ ਦੀ ਸੋਟੀਆਂ, ਮਾਰਾਥਾਂ ਦੇ ਸੱਕ, ਚਿਲਰ ਦੇ ਸੱਕ ਅਤੇ ਭੀਰੰਦ ਵਣ ਦੇ ਮੁੱਖ ਉਤਪਾਦ ਹਨ I","ਬਾਂ ਸ   ਦੀ   ਸੋ ਟੀ ਆ ਂ ,   ਮਾ ਰਾ ਥਾਂ   ਦੇ   ਸ ੱ ਕ ,   ਚਿ ਲ ਰ   ਦੇ   ਸ ੱ ਕ   ਅ ਤੇ   ਭੀ ਰ ੰ ਦ   ਵ ਣ   ਦੇ   ਮੁ ੱ ਖ   ਉ ਤ ਪਾ ਦ   ਹ ਨ   I",42,17
"ਚਾਵਲ, ਕਪਾਹ,ਗੰਨਾ, ਬਾਜਰਾ,ਰਾਗੀ, ਜਵਾਰ, ਮੱਕੀ ,ਜੌਂ ਅਤੇ ਫ਼ਲ ਹੋਰ ਜ਼ਰੂਰੀ ਫ਼ਸਲਾ ਹਨ I","ਚਾ ਵ ਲ ,   ਕ ਪਾ ਹ , ਗ ੰ ਨਾ ,   ਬਾ ਜ ਰਾ , ਰਾ ਗੀ ,   ਜ ਵਾ ਰ ,   ਮ ੱ ਕੀ   , ਜੌਂ   ਅ ਤੇ   ਫ਼ ਲ   ਹੋ ਰ   ਜ਼ ਰੂ ਰੀ   ਫ਼ ਸ ਲਾ   ਹ ਨ   I",43,13
ਰੀਂਗਣ ਵਾਲੇ ਜੀਵ ਅਤੇ ਉੱਭੀਬੀਆਂ ਦੀਆਂ 37 ਕਿਸਮਾਂ ਦੀ ਵੀ ਰਿਪੋਰਟ ਕੀਤੀ ਗਈ,ਰੀਂ ਗ ਣ   ਵਾ ਲੇ   ਜੀ ਵ   ਅ ਤੇ   ਉ ੱ ਭੀ ਬੀ ਆ ਂ   ਦੀ ਆ ਂ   3 7   ਕਿ ਸ ਮਾਂ   ਦੀ   ਵੀ   ਰਿ ਪੋ ਰ ਟ   ਕੀ ਤੀ   ਗ ਈ,33,13
"ਡਿ ਲੈਸੇਪਸ ਕੰਪਨੀ ਜੋ ਕਿ ਸੁਏਜ ਕਨੈਲ ਚੱਲਾਉਂਦੇ ਸਨ, ਓਨ੍ਹਾਂ ਨੇ 1880 ਦੇ ਦਸ਼ਕ ਵਿੱਚ ਪਨਾਮਾ ਕਨੈਲ ਬਣਾਉਣ ਦੀ ਕੋਸ਼ਿਸ਼ ਕੀਤੀ ਸੀ I","ਡਿ   ਲੈ ਸੇ ਪ ਸ   ਕ ੰ ਪ ਨੀ   ਜੋ   ਕਿ   ਸੁ ਏ ਜ   ਕ ਨੈ ਲ   ਚ ੱ ਲਾ ਉ ਂ ਦੇ   ਸ ਨ ,   ਓ ਨ੍ਹਾਂ   ਨੇ   1 8 8 0   ਦੇ   ਦ ਸ਼ ਕ   ਵਿ ੱ ਚ   ਪ ਨਾ ਮਾ   ਕ ਨੈ ਲ   ਬ ਣਾ ਉ ਣ   ਦੀ   ਕੋ ਸ਼ਿ ਸ਼   ਕੀ ਤੀ   ਸੀ   I",58,23
"ਨਗਰਪਾਲਿਕਾ ਵਿਚੋਂ ਤਿੰਨ ਜਲ ਮਾਰਗ ਲੰਘਦੇ ਹਨ : ਪੱਛਮ ਤੋਂ ਦੱਖਣ ਤੱਕ ਵੇਸਪਰਟਰੇਕਵਾਰਟ, ਉੱਤਰ ਤੋਂ ਪੂਰਬ ਵੱਲ ਐਮਸਟਰਡਮ-ਰਾਈਨ ਨਦੀ ਅਤੇ ਦੱਖਣ ਤੋਂ ਉੱਤਰ ਵੱਲ ਡਾਇਮ ਨਦੀ I","ਨ ਗ ਰ ਪਾ ਲਿ ਕਾ   ਵਿ ਚੋਂ   ਤਿ ੰ ਨ   ਜ ਲ   ਮਾ ਰ ਗ   ਲ ੰ ਘ ਦੇ   ਹ ਨ   :   ਪ ੱ ਛ ਮ   ਤੋਂ   ਦ ੱ ਖ ਣ   ਤ ੱ ਕ   ਵੇ ਸ ਪ ਰ ਟ ਰੇ ਕ ਵਾ ਰ ਟ ,   ਉ ੱ ਤ ਰ   ਤੋਂ   ਪੂ ਰ ਬ   ਵ ੱ ਲ   ਐ ਮ ਸ ਟ ਰ ਡ ਮ - ਰਾ ਈ ਨ   ਨ ਦੀ   ਅ ਤੇ   ਦ ੱ ਖ ਣ   ਤੋਂ   ਉ ੱ ਤ ਰ   ਵ ੱ ਲ   ਡਾ ਇ ਮ   ਨ ਦੀ   I",90,27
ਖੇਤੀਬਾੜੀ ਪ੍ਰਬੰਧ ਸੰਬੰਧਿਤ ਅਭਿਆਸ ਦੇ ਦੋ ਪ੍ਰਕਾਰ ਹਨ ਜੈਵਿਕ ਖੇਤੀਬਾੜੀ ਤੇ ਪਰੰਪਰਾਗਤ ਖੇਤੀਬਾੜੀ I,ਖੇ ਤੀ ਬਾ ੜ ੀ   ਪ੍ਰ ਬ ੰ ਧ   ਸ ੰ ਬ ੰ ਧਿ ਤ   ਅ ਭਿ ਆ ਸ   ਦੇ   ਦੋ   ਪ੍ਰ ਕਾ ਰ   ਹ ਨ   ਜੈ ਵਿ ਕ   ਖੇ ਤੀ ਬਾ ੜ ੀ   ਤੇ   ਪ ਰ ੰ ਪ ਰਾ ਗ ਤ   ਖੇ ਤੀ ਬਾ ੜ ੀ   I,48,14
"ਸਟ੍ਰੈਟੋਸਫੀਲਰ ਵਿੱਚ ਸਲਫੇਟ ਐਰੋਸੋਲ ਦੀਰਸਾਇਣਕ ਪ੍ਰਤਿਕ੍ਰਿਆ ਨਾਲ ਓਜ਼ੋਨ ਦੀ ਪਰਤ ਨੂੰ ਨੁਕਸਾਨ ਪਹੁੰਚ ਸਕਦਾ ਹੈ, ਹਾਈਡ੍ਰੋਜਨ ਕਲੋਰਾਈਡ (ਐਚ","ਸ ਟ੍ਰੈ ਟੋ ਸ ਫੀ ਲ ਰ   ਵਿ ੱ ਚ   ਸ ਲ ਫੇ ਟ   ਐ ਰੋ ਸੋ ਲ   ਦੀ ਰ ਸਾ ਇ ਣ ਕ   ਪ੍ਰ ਤਿ ਕ੍ਰਿ ਆ   ਨਾ ਲ   ਓ ਜ ਼ ੋ ਨ   ਦੀ   ਪ ਰ ਤ   ਨੂ ੰ   ਨੁ ਕ ਸਾ ਨ   ਪ ਹੁ ੰ ਚ   ਸ ਕ ਦਾ   ਹੈ ,   ਹਾ ਈ ਡ੍ਰੋ ਜ ਨ   ਕ ਲੋ ਰਾ ਈ ਡ   ( ਐ ਚ",67,18
ਸਿ,ਸਿ,1,1
ਐਲ) ਅਤੇ ਹਾਈਡ੍ਰੋਜਨ ਫਲੋਰਾਈਡ (ਐਚ,ਐ ਲ )   ਅ ਤੇ   ਹਾ ਈ ਡ੍ਰੋ ਜ ਨ   ਫ ਲੋ ਰਾ ਈ ਡ   ( ਐ ਚ,18,5
ਐਫ) ਵਰਗੇ ਤੇਜ਼ਾਬ ਧਰਤੀ ਉੱਤੇ ਤੇਜ਼ਾਬੀ ਵਰਖਾ ਦੇ ਰੂਪ ਵਿੱਚ ਡਿੱਗਦੇ ਹਨ I,ਐ ਫ )   ਵ ਰ ਗੇ   ਤੇ ਜ਼ ਾ ਬ   ਧ ਰ ਤੀ   ਉ ੱ ਤੇ   ਤੇ ਜ ਼ ਾ ਬੀ   ਵ ਰ ਖਾ   ਦੇ   ਰੂ ਪ   ਵਿ ੱ ਚ   ਡਿ ੱ ਗ ਦੇ   ਹ ਨ   I,37,13
"ਤਪਤਖੰਡੀ ਮੌਨਸੂਨ ਰੁੱਤ ਦੇ ਨਾਲ, ਅਸਾਮ ਦਾ ਮੌਸਮ ਸੰਜਮੀ ਹੈ (ਗਰਮੀਆਂ ਦਾ ਵੱਧ ਤੋਂ ਵੱਧ 95° - 100° F ਜਾਂ 35° - 38° C ਅਤੇ ਸਿਆਲ ਵਿੱਚ ਘੱਟ ਤੋਂ ਘੱਟ 43° - 46° F or 6° - 8° C) ਅਤੇ ਭਾਰੀ ਵਰਖਾ ਤੇ ਉੱਚ ਨਮੀ ਅਨੁਭਵ ਕਰਦਾ ਹੈ I","ਤ ਪ ਤ ਖ ੰ ਡੀ   ਮੌ ਨ ਸੂ ਨ   ਰੁ ੱ ਤ   ਦੇ   ਨਾ ਲ ,   ਅ ਸਾ ਮ   ਦਾ   ਮੌ ਸ ਮ   ਸ ੰ ਜ ਮੀ   ਹੈ   ( ਗ ਰ ਮੀ ਆ ਂ   ਦਾ   ਵ ੱ ਧ   ਤੋਂ   ਵ ੱ ਧ   9 5 °   -   1 0 0 °   F   ਜਾਂ   3 5 °   -   3 8 °   C   ਅ ਤੇ   ਸਿ ਆ ਲ   ਵਿ ੱ ਚ   ਘ ੱ ਟ   ਤੋਂ   ਘ ੱ ਟ   4 3 °   -   4 6 °   F   o r   6 °   -   8 °   C )   ਅ ਤੇ   ਭਾ ਰੀ   ਵ ਰ ਖਾ   ਤੇ   ਉ ੱ ਚ   ਨ ਮੀ   ਅ ਨੁ ਭ ਵ   ਕ ਰ ਦਾ   ਹੈ   I",115,49
"ਖੇਤਰ ਦੀ ਉੱਚ ਬਾਰਿਸ਼, ਔਸਤਨ ਲੱਗਭਗ 10,000 ਮਿਲੀਮੀਟਰ (390 ਇੰਚ) ਅਤੇ ਇਸ ਤੋਂ ਵੱਧ, ਉੱਚ ਭੁਚਾਲ ਦੀ ਗਤੀਵਿਧੀ ਅਤੇ ਹੜਾਂ ਸਮੇਤ ਇੱਕੋ-ਸਿਸਟਮ ਲਈ ਸਮੱਸਿਆਵਾਂ ਪੈਦਾ ਕਰਦੀਆਂ ਹਨ","ਖੇ ਤ ਰ   ਦੀ   ਉ ੱ ਚ   ਬਾ ਰਿ ਸ਼ ,   ਔ ਸ ਤ ਨ   ਲ ੱ ਗ ਭ ਗ   1 0 , 0 0 0   ਮਿ ਲੀ ਮੀ ਟ ਰ   ( 3 9 0   ਇ ੰ ਚ )   ਅ ਤੇ   ਇ ਸ   ਤੋਂ   ਵ ੱ ਧ ,   ਉ ੱ ਚ   ਭੁ ਚਾ ਲ   ਦੀ   ਗ ਤੀ ਵਿ ਧੀ   ਅ ਤੇ   ਹ ੜ ਾ ਂ   ਸ ਮੇ ਤ   ਇ ੱ ਕੋ - ਸਿ ਸ ਟ ਮ   ਲ ਈ   ਸ ਮ ੱ ਸਿ ਆ ਵਾਂ   ਪੈ ਦਾ   ਕ ਰ ਦੀ ਆ ਂ   ਹ ਨ",93,27
"2021 ਤੱਕ ਭਾਰਤ ਦੇ 28 ਰਾਜ ਹਨ, ਹਰੇਕ ਦੀ ਆਪਣੀ ਸਰਕਾਰ, ਰਾਸ਼ਟਰੀ ਸਰਕਾਰ ਤੋਂ ਵੱਖ ਚੁਣੀ ਹੋਈ ਹੈ (ਜਿਸ ਨੂੰ ਯੂਨੀਅਨ ਜਾਂ ਫੈਡਰਲ ਸਰਕਾਰ ਵੀ ਕਿਹਾ ਜਾਂਦਾ ਹੈ), ਅਤੇ 8 ਕੇਂਦਰੀ ਸ਼ਾਸਤ ਪ੍ਰਦੇਸ਼ ਹਨ, ਜਿਨ੍ਹਾਂ ਦਾ ਪ੍ਰਬੰਧ ਕੇਂਦਰ ਸਰਕਾਰ ਦੁਆਰਾ ਕੀਤਾ ਜਾਂਦਾ ਹੈ","2 0 2 1   ਤ ੱ ਕ   ਭਾ ਰ ਤ   ਦੇ   2 8   ਰਾ ਜ   ਹ ਨ ,   ਹ ਰੇ ਕ   ਦੀ   ਆ ਪ ਣੀ   ਸ ਰ ਕਾ ਰ ,   ਰਾ ਸ਼ ਟ ਰੀ   ਸ ਰ ਕਾ ਰ   ਤੋਂ   ਵ ੱ ਖ   ਚੁ ਣੀ   ਹੋ ਈ   ਹੈ   ( ਜਿ ਸ   ਨੂ ੰ   ਯੂ ਨੀ ਅ ਨ   ਜਾਂ   ਫੈ ਡ ਰ ਲ   ਸ ਰ ਕਾ ਰ   ਵੀ   ਕਿ ਹਾ   ਜਾਂ ਦਾ   ਹੈ ) ,   ਅ ਤੇ   8   ਕੇਂ ਦ ਰੀ   ਸ਼ਾ ਸ ਤ   ਪ੍ਰ ਦੇ ਸ਼   ਹ ਨ ,   ਜਿ ਨ੍ਹਾਂ   ਦਾ   ਪ੍ਰ ਬ ੰ ਧ   ਕੇਂ ਦ ਰ   ਸ ਰ ਕਾ ਰ   ਦੁ ਆ ਰਾ   ਕੀ ਤਾ   ਜਾਂ ਦਾ   ਹੈ",110,43
"ਇਸ ਮੌਕੇ ਤੇ, ਭਾਰਤੀ ਬਿਨਾਂ ਕਿਸੀ ਗੋਲੀ-ਬਾਰੀ ਦੇ ਝਾਂਸਾ ਦੇ ਕੇ ਸੁਰੱਖਿਤ ਖੇਤਰ ਤੱਕ ਪਹੁੰਚਣ ਦੇ ਵਿੱਚ ਸਫ਼ਲ ਰਹੇ I","ਇ ਸ   ਮੌ ਕੇ   ਤੇ ,   ਭਾ ਰ ਤੀ   ਬਿ ਨਾਂ   ਕਿ ਸੀ   ਗੋ ਲੀ - ਬਾ ਰੀ   ਦੇ   ਝਾਂ ਸਾ   ਦੇ   ਕੇ   ਸੁ ਰ ੱ ਖਿ ਤ   ਖੇ ਤ ਰ   ਤ ੱ ਕ   ਪ ਹੁ ੰ ਚ ਣ   ਦੇ   ਵਿ ੱ ਚ   ਸ ਫ਼ ਲ   ਰ ਹੇ   I",49,20
ਆਈ,ਆ ਈ,2,1
ਆਰ ਅਗੇ ਹੋਰ ਸਤਾਹਠ ਹਿਸੀਆਂ ਵਿੱਚ ਵੰਡਿਆ ਹੋਈਆਂ ਹੈ ਅਤੇ ਹਰੇਕ ਹਿਸੇ ਦੇ ਆਪਣੇ ਅਲੱਗ ਦਫ਼ਤਰ ਹੈ I,ਆ ਰ   ਅ ਗੇ   ਹੋ ਰ   ਸ ਤਾ ਹ ਠ   ਹਿ ਸੀ ਆ ਂ   ਵਿ ੱ ਚ   ਵ ੰ ਡਿ ਆ   ਹੋ ਈ ਆ ਂ   ਹੈ   ਅ ਤੇ   ਹ ਰੇ ਕ   ਹਿ ਸੇ   ਦੇ   ਆ ਪ ਣੇ   ਅ ਲ ੱ ਗ   ਦ ਫ਼ ਤ ਰ   ਹੈ   I,47,18
"ਅੱਗੇ ਵੱਧ ਰਹੀ ਲਾਲ ਫੌਜ ਦੇ ਸਾਹਮਣੇ, ਪੂਰਬੀ ਪਰਸ਼ੀਆ ਦੇ ਜਰਮਨ ਰਾਜਾਂ ਦੇ ਵਸਨੀਕਾਂ ਦੀ ਵੱਡੀ ਗਿਣਤੀ ਵਿੱਚ ਮੌਤ ਹੋ ਗਈ, ਸਿਲਸੀਆ ਅਤੇ ਪੋਮੇਰੇਨੀਆ ਨਿਕਾਸੀ ਦੌਰਾਨ , ਕੁੱਝ ਦੀ ਠੰਡ ਅਤੇ ਭੁੱਖਮਰੀ ਨਾਲ, ਕੁੱਝ ਦੀ ਲੜਾਈ ਦੇ ਕਾਰਜਾਂ ਦੌਰਾਨ ਮੌਤ ਹੋ ਗਈ","ਅ ੱ ਗੇ   ਵ ੱ ਧ   ਰ ਹੀ   ਲਾ ਲ   ਫੌ ਜ   ਦੇ   ਸਾ ਹ ਮ ਣੇ ,   ਪੂ ਰ ਬੀ   ਪ ਰ ਸ਼ੀ ਆ   ਦੇ   ਜ ਰ ਮ ਨ   ਰਾ ਜਾਂ   ਦੇ   ਵ ਸ ਨੀ ਕਾਂ   ਦੀ   ਵ ੱ ਡੀ   ਗਿ ਣ ਤੀ   ਵਿ ੱ ਚ   ਮੌ ਤ   ਹੋ   ਗ ਈ ,   ਸਿ ਲ ਸੀ ਆ   ਅ ਤੇ   ਪੋ ਮੇ ਰੇ ਨੀ ਆ   ਨਿ ਕਾ ਸੀ   ਦੌ ਰਾ ਨ   ,   ਕੁ ੱ ਝ   ਦੀ   ਠ ੰ ਡ   ਅ ਤੇ   ਭੁ ੱ ਖ ਮ ਰੀ   ਨਾ ਲ ,   ਕੁ ੱ ਝ   ਦੀ   ਲ ੜ ਾ ਈ   ਦੇ   ਕਾ ਰ ਜਾਂ   ਦੌ ਰਾ ਨ   ਮੌ ਤ   ਹੋ   ਗ ਈ",108,42
"ਜੇਤੂ ਉਮੀਦਵਾਰ ਤੋਂ ਉਸ ਉਮੀਦਵਾਰ ਨੂੰ ਵੋਟ ਟ੍ਰਾਂਸਫ਼ਰ ਕਰਨਾ ਜੋ ਬਾਹਰ ਨਿਕਲ ਚੁਕਿਆ ਹੋਵੇ, ਅਸੰਭਵ ਹੈ, ਅਤੇ ਜੇਕਰ ਕੋਈ ਹੋਵੇ ਤਾਂ ਅਗਲੀ ਚਿੰਨ੍ਹਿਤ ਤਰਜੀਹ ਦਾ ਹਵਾਲਾ ਦਿੱਤਾ ਜਾਣਾ ਚਾਹੀਦਾ ਹੈ","ਜੇ ਤੂ   ਉ ਮੀ ਦ ਵਾ ਰ   ਤੋਂ   ਉ ਸ   ਉ ਮੀ ਦ ਵਾ ਰ   ਨੂ ੰ   ਵੋ ਟ   ਟ੍ਰਾਂ ਸ ਫ਼ ਰ   ਕ ਰ ਨਾ   ਜੋ   ਬਾ ਹ ਰ   ਨਿ ਕ ਲ   ਚੁ ਕਿ ਆ   ਹੋ ਵੇ ,   ਅ ਸ ੰ ਭ ਵ   ਹੈ ,   ਅ ਤੇ   ਜੇ ਕ ਰ   ਕੋ ਈ   ਹੋ ਵੇ   ਤਾਂ   ਅ ਗ ਲੀ   ਚਿ ੰ ਨ੍ਹਿ ਤ   ਤ ਰ ਜੀ ਹ   ਦਾ   ਹ ਵਾ ਲਾ   ਦਿ ੱ ਤਾ   ਜਾ ਣਾ   ਚਾ ਹੀ ਦਾ   ਹੈ",80,30
ਈ,ਈ,1,1
ਸਿ,ਸਿ,1,1
ਸਿ ਵਿੱਚ ਤਿੰਨ ਬਰਤਾਨਵੀ ਅਤੇ ਤਿੰਨ ਭਾਰਤੀ ਸਨ ਜਿਨ੍ਹਾਂ ਦਾ ਪ੍ਰਮੁੱਖ ਟੀ,ਸਿ   ਵਿ ੱ ਚ   ਤਿ ੰ ਨ   ਬ ਰ ਤਾ ਨ ਵੀ   ਅ ਤੇ   ਤਿ ੰ ਨ   ਭਾ ਰ ਤੀ   ਸ ਨ   ਜਿ ਨ੍ਹਾਂ   ਦਾ   ਪ੍ਰ ਮੁ ੱ ਖ   ਟੀ,30,12
ਰੰਗਾਂਚਾਰੀ ਸੀ ਜੋ ਮਦਰਾਸੀ ਵਕੀਲ ਹੈ I,ਰ ੰ ਗਾਂ ਚਾ ਰੀ   ਸੀ   ਜੋ   ਮ ਦ ਰਾ ਸੀ   ਵ ਕੀ ਲ   ਹੈ   I,16,7
ਵਿਤ ਮੰਤਰੀ ਨਿਰਮਲਾ ਸਿਥਾਰਮਨ ਨੇ 2020 ਵਿੱਚ ਐਕਟ ਨੂੰ ਬਦਲਣ ਲਈ ਇੱਕ ਬਿਲ ਦੀ ਪੇਸ਼ਕਸ਼ ਕਿਤੀ ਸੀ I,ਵਿ ਤ   ਮ ੰ ਤ ਰੀ   ਨਿ ਰ ਮ ਲਾ   ਸਿ ਥਾ ਰ ਮ ਨ   ਨੇ   2 0 2 0   ਵਿ ੱ ਚ   ਐ ਕ ਟ   ਨੂ ੰ   ਬ ਦ ਲ ਣ   ਲ ਈ   ਇ ੱ ਕ   ਬਿ ਲ   ਦੀ   ਪੇ ਸ ਼ ਕ ਸ਼   ਕਿ ਤੀ   ਸੀ   I,49,18
ਦਸੰਬਰ 2012 ਵਿੱਚ ਕੇਰਲ ਦੇ ਜੰਗਲਾਤ ਵਿਭਾਗ ਨੇਇੱਕ ਬਾਘ ਨੂੰ ਵਾਆਨੰਦ ਜੰਗਲੀ ਜੀਵ ਅਸਥਾਨ ਵਿੱਚ ਕੋਫ਼ੀ ਦੇ ਬਾਗਾਂ ਵਿੱਚ ਗੋਲੀ ਮਾਰੀ ਸੀ I,ਦ ਸ ੰ ਬ ਰ   2 0 1 2   ਵਿ ੱ ਚ   ਕੇ ਰ ਲ   ਦੇ   ਜ ੰ ਗ ਲਾ ਤ   ਵਿ ਭਾ ਗ   ਨੇ ਇ ੱ ਕ   ਬਾ ਘ   ਨੂ ੰ   ਵਾ ਆ ਨ ੰ ਦ   ਜ ੰ ਗ ਲੀ   ਜੀ ਵ   ਅ ਸ ਥਾ ਨ   ਵਿ ੱ ਚ   ਕੋ ਫ਼ ੀ   ਦੇ   ਬਾ ਗਾਂ   ਵਿ ੱ ਚ   ਗੋ ਲੀ   ਮਾ ਰੀ   ਸੀ   I,65,23
ਕੇਰਲ ਦੇ ਮੁੱਖ ਜੰਗਲੀ ਜੀਵ ਵਾਰਡਨ ਨੇ ਵੱਡੇ ਵਿਰੋਧ ਪ੍ਰਦਰਸ਼ਨ ਸ਼ੁਰੂ ਹੋਣ ਤੋਂ ਬਾਅਦ ਜਾਨਵਰ ਦੀ ਭਾਲ ਕਰਨ ਦਾ ਆਦੇਸ਼ ਦਿੱਤਾ ਕਿਉਂਕਿ ਸ਼ੇਰ ਪਸ਼ੂ ਲਿਜਾ ਰਿਹਾ ਸੀ,ਕੇ ਰ ਲ   ਦੇ   ਮੁ ੱ ਖ   ਜ ੰ ਗ ਲੀ   ਜੀ ਵ   ਵਾ ਰ ਡ ਨ   ਨੇ   ਵ ੱ ਡੇ   ਵਿ ਰੋ ਧ   ਪ੍ਰ ਦ ਰ ਸ਼ ਨ   ਸ਼ੁ ਰੂ   ਹੋ ਣ   ਤੋਂ   ਬਾ ਅ ਦ   ਜਾ ਨ ਵ ਰ   ਦੀ   ਭਾ ਲ   ਕ ਰ ਨ   ਦਾ   ਆ ਦੇ ਸ਼   ਦਿ ੱ ਤਾ   ਕਿ ਉ ਂ ਕਿ   ਸ਼ੇ ਰ   ਪ ਸ਼ੂ   ਲਿ ਜਾ   ਰਿ ਹਾ   ਸੀ,67,27
ਸ਼ਾਹ ਨੇ ਜ਼ੋਰ ਦਿਤਾ ਕਿ ਬਿਲ ਮੁਸਲਮਾਨਾ ਦੇ ਖ਼ਿਲਾਫ ਨਹੀਂ ਸੀ ਕਿਉਂਕਿ ਇਸ ਨਾਲ ਓਨ੍ਹਾਂ ਨੂੰ ਨਾਗਰਿਕਤਾ ਮਿਲਣ ਵਿੱਚ ਕੋਈ ਰੁਕਾਵਟ ਨਹੀਂ ਆਵੇਗੀ I,ਸ਼ਾ ਹ   ਨੇ   ਜ਼ ੋ ਰ   ਦਿ ਤਾ   ਕਿ   ਬਿ ਲ   ਮੁ ਸ ਲ ਮਾ ਨਾ   ਦੇ   ਖ਼ ਿ ਲਾ ਫ   ਨ ਹੀਂ   ਸੀ   ਕਿ ਉ ਂ ਕਿ   ਇ ਸ   ਨਾ ਲ   ਓ ਨ੍ਹਾਂ   ਨੂ ੰ   ਨਾ ਗ ਰਿ ਕ ਤਾ   ਮਿ ਲ ਣ   ਵਿ ੱ ਚ   ਕੋ ਈ   ਰੁ ਕਾ ਵ ਟ   ਨ ਹੀਂ   ਆ ਵੇ ਗੀ   I,59,24
"ਜਨਵਰੀ 1992 ਵਿੱਚ, ਕੇਂਦਰ ਸਰਕਾਰ ਨੇ ਸ਼ਾਰਟ ਸਰਵਿਸ ਕਮਿਸ਼ਨ ਰੱਖਦੇ ਹੋਏ ਫੌਜ ਦੀਆਂ ਗੈਰ-ਲੜਾਈ ਸ਼ਾਖਾਵਾਂ ਵਿੱਚ ਔਰਤਾਂ ਦੀ ਜਾਣ-ਪਛਾਣ ਨੂੰ ਮਨਜ਼ੂਰੀ ਦਿੱਤੀ","ਜ ਨ ਵ ਰੀ   1 9 9 2   ਵਿ ੱ ਚ ,   ਕੇਂ ਦ ਰ   ਸ ਰ ਕਾ ਰ   ਨੇ   ਸ਼ਾ ਰ ਟ   ਸ ਰ ਵਿ ਸ   ਕ ਮਿ ਸ਼ ਨ   ਰ ੱ ਖ ਦੇ   ਹੋ ਏ   ਫੌ ਜ   ਦੀ ਆ ਂ   ਗੈ ਰ - ਲ ੜ ਾ ਈ   ਸ਼ਾ ਖਾ ਵਾਂ   ਵਿ ੱ ਚ   ਔ ਰ ਤਾਂ   ਦੀ   ਜਾ ਣ - ਪ ਛਾ ਣ   ਨੂ ੰ   ਮ ਨ ਜ਼ ੂ ਰੀ   ਦਿ ੱ ਤੀ",75,22
"ਜਨਵਰੀ 2012 ਵਿੱਚ ਓਬਾਮਾ ਨੇ ਵ੍ਹਾਇਟ ਹਾਉਸ ਦੇ ਫੋਰਮ ਵਿੱਚ ""ਇਨਸੌਰਕਿੰਗ ਅਮੇਰਿਕਨ ਜੋਬਜ਼ "" ਵਿੱਚ ਨਿਵੇਸ਼ ਕਰਨ ਲਈ ਲਈ ਕਾੱਲ ਟੁ ਐਕਸ਼ਨ ਜ਼ਾਰੀ ਕਿਤਾ I","ਜ ਨ ਵ ਰੀ   2 0 1 2   ਵਿ ੱ ਚ   ਓ ਬਾ ਮਾ   ਨੇ   ਵ੍ਹਾ ਇ ਟ   ਹਾ ਉ ਸ   ਦੇ   ਫੋ ਰ ਮ   ਵਿ ੱ ਚ   "" ਇ ਨ ਸੌ ਰ ਕਿ ੰ ਗ   ਅ ਮੇ ਰਿ ਕ ਨ   ਜੋ ਬ ਜ਼   ""   ਵਿ ੱ ਚ   ਨਿ ਵੇ ਸ਼   ਕ ਰ ਨ   ਲ ਈ   ਲ ਈ   ਕਾ ੱ ਲ   ਟੁ   ਐ ਕ ਸ਼ ਨ   ਜ਼ ਾ ਰੀ   ਕਿ ਤਾ   I",72,25
ਇਸ ਥਾਂ ਤੇ 35 ਬਿਰਤਾਨੀ ਸੈਨਿਕ ਮਹਾਰਾਣੀ ਦੇ 24 ਪਲਟਨ (ਦੱਖਣ ਵੇਲਸ ਬਾਰਡਰਸ) ਵਿਦਰੋਹੀ ਦਵਾਰਾਂ 7 ਜੁਲਾਈ 1957 ਨੂੰ ਮਾਰੇ ਗਏ ਸੀ I,ਇ ਸ   ਥਾਂ   ਤੇ   3 5   ਬਿ ਰ ਤਾ ਨੀ   ਸੈ ਨਿ ਕ   ਮ ਹਾ ਰਾ ਣੀ   ਦੇ   2 4   ਪ ਲ ਟ ਨ   ( ਦ ੱ ਖ ਣ   ਵੇ ਲ ਸ   ਬਾ ਰ ਡ ਰ ਸ )   ਵਿ ਦ ਰੋ ਹੀ   ਦ ਵਾ ਰਾਂ   7   ਜੁ ਲਾ ਈ   1 9 5 7   ਨੂ ੰ   ਮਾ ਰੇ   ਗ ਏ   ਸੀ   I,61,23
ਆਂਧ੍ਰਾ ਪ੍ਰਦੇਸ਼ ਦੀ ਸਰਕਾਰ ਨੇ ਕੁਮਾਰ ਨੂੰ ਐਨ,ਆ ਂ ਧ੍ਰਾ   ਪ੍ਰ ਦੇ ਸ਼   ਦੀ   ਸ ਰ ਕਾ ਰ   ਨੇ   ਕੁ ਮਾ ਰ   ਨੂ ੰ   ਐ ਨ,19,8
ਟਿ,ਟਿ,1,1
ਆਰ ਰਾਸ਼ਟਰੀ ਪੁਰੁਸ਼ਕਾਰ ਨਾਲ 1997 ਵਿੱਚ ਸਮਾਨਿਤ ਕਿਤਾ I,ਆ ਰ   ਰਾ ਸ਼ ਟ ਰੀ   ਪੁ ਰੁ ਸ਼ ਕਾ ਰ   ਨਾ ਲ   1 9 9 7   ਵਿ ੱ ਚ   ਸ ਮਾ ਨਿ ਤ   ਕਿ ਤਾ   I,27,9
ਸਰਕਾਰ 90 % ਸਾਰੀ ਖਾਨਾ ਤੇ ਉਸ ਦੀ ਮਿਲਦੀ-ਜੁਲਦੀ ਉਦਯੋਗਾਂ ਦਾ ਮਾਲਕ ਹੈ ਅਤੇ ਓਹ ਵਿਦੇਸ਼ੀ ਨਿਵੇਸ਼ ਵੱਲ ਦੇਖ ਰਿਹਾ ਹੈ I,ਸ ਰ ਕਾ ਰ   9 0   %   ਸਾ ਰੀ   ਖਾ ਨਾ   ਤੇ   ਉ ਸ   ਦੀ   ਮਿ ਲ ਦੀ - ਜੁ ਲ ਦੀ   ਉ ਦ ਯੋ ਗਾਂ   ਦਾ   ਮਾ ਲ ਕ   ਹੈ   ਅ ਤੇ   ਓ ਹ   ਵਿ ਦੇ ਸ਼ੀ   ਨਿ ਵੇ ਸ ਼   ਵ ੱ ਲ   ਦੇ ਖ   ਰਿ ਹਾ   ਹੈ   I,51,22
ਨਾ,ਨਾ,1,1
ਸਾ ਦੁਵਾਰਾਂ ਸੰਚਿਤ ਜੈਟ ਪ੍ਰੋਪਲਸ਼ਨ ਲੈਬਾਰਟਰੀ (ਜੇ,ਸਾ   ਦੁ ਵਾ ਰਾਂ   ਸ ੰ ਚਿ ਤ   ਜੈ ਟ   ਪ੍ਰੋ ਪ ਲ ਸ ਼ ਨ   ਲੈ ਬਾ ਰ ਟ ਰੀ   ( ਜੇ,23,7
ਪਿ,ਪਿ,1,1
ਐਲ) ਜੋ ਕਿ ਕੈਲਿਫੋਰਨਿਆ ਇੰਸਟੀਚਿਊਟ ਆਫ਼ ਤਕਨਾਲੋਜੀ (ਕੈਲ,ਐ ਲ )   ਜੋ   ਕਿ   ਕੈ ਲਿ ਫੋ ਰ ਨਿ ਆ   ਇ ੰ ਸ ਟੀ ਚਿ ਊ ਟ   ਆ ਫ਼   ਤ ਕ ਨਾ ਲੋ ਜੀ   ( ਕੈ ਲ,28,8
"ਟੇਕ),ਇ","ਟੇ ਕ ) , ਇ",5,1
ਸ੍ਰੋ ਅਤੇ ਇੰਡੀਅਨ ਇੰਸਟੀਚਿਊਟ ਆਫ਼ ਸਪੈਸ ਵਿਗਿਆਨ ਅਤੇ ਤਕਨਾਲੋਜੀ () ਨੇ 2021 ਵਿੱਚ ਈਕਿਥੇ ਕੇਏ ਕਰਨ ਦਾ ਢਾਂਚਾ ਬਣਾਈਆਂ ਜਿਸ ਦੇ ਅਧੀਨ ਇੱਕ ਅਧਿਕਾਰਤ ਨਿਗਰਾਨੀ ਕਮੇਟੀ (ਇ,ਸ੍ਰੋ   ਅ ਤੇ   ਇ ੰ ਡੀ ਅ ਨ   ਇ ੰ ਸ ਟੀ ਚਿ ਊ ਟ   ਆ ਫ਼   ਸ ਪੈ ਸ   ਵਿ ਗਿ ਆ ਨ   ਅ ਤੇ   ਤ ਕ ਨਾ ਲੋ ਜੀ   ( )   ਨੇ   2 0 2 1   ਵਿ ੱ ਚ   ਈ ਕਿ ਥੇ   ਕੇ ਏ   ਕ ਰ ਨ   ਦਾ   ਢਾਂ ਚਾ   ਬ ਣਾ ਈ ਆ ਂ   ਜਿ ਸ   ਦੇ   ਅ ਧੀ ਨ   ਇ ੱ ਕ   ਅ ਧਿ ਕਾ ਰ ਤ   ਨਿ ਗ ਰਾ ਨੀ   ਕ ਮੇ ਟੀ   ( ਇ,80,27
ਓ,ਓ,1,1
"ਸਿ),ਬੈਂਗਲੁਰੂ ਵਿੱਚ ਸਥਿ, ਆਇ","ਸਿ ) , ਬੈਂ ਗ ਲੁ ਰੂ   ਵਿ ੱ ਚ   ਸ ਥਿ ,   ਆ ਇ",15,4
ਐਸ,ਐ ਸ,2,1
ਆਰ,ਆ ਰ,2,1
"ਓ ਦੇ ਸਮਰੱਥਾ ਨਿਰਮਾਣ ਪ੍ਰੋਗਰਾਮ ਦਫਤਰ ਦੇ ਹੇਠ ਸਾਰੇ ਛੋਟੀ, ਮੱਧਮ ਅਤੇ ਲੰਬੀ ਮਿਆਦ ਸਾਂਝੇ ਹਿੱਤ ਦੇ ਸਪੈਸ ਖੋਜ ਪ੍ਰੋਜੈਕਟਾ ਨੂੰ ਮਨਜ਼ੂਰੀ ਦੇਵੇਗੀ","ਓ   ਦੇ   ਸ ਮ ਰ ੱ ਥਾ   ਨਿ ਰ ਮਾ ਣ   ਪ੍ਰੋ ਗ ਰਾ ਮ   ਦ ਫ ਤ ਰ   ਦੇ   ਹੇ ਠ   ਸਾ ਰੇ   ਛੋ ਟੀ ,   ਮ ੱ ਧ ਮ   ਅ ਤੇ   ਲ ੰ ਬੀ   ਮਿ ਆ ਦ   ਸਾਂ ਝੇ   ਹਿ ੱ ਤ   ਦੇ   ਸ ਪੈ ਸ   ਖੋ ਜ   ਪ੍ਰੋ ਜੈ ਕ ਟਾ   ਨੂ ੰ   ਮ ਨ ਜ ਼ ੂ ਰੀ   ਦੇ ਵੇ ਗੀ",65,23
ਜ਼ਿਆਦਾਤਰ ਭਾਰਤੀ ਰਾਜਾਂ ਨੇ ਸਿ,ਜ਼ ਿ ਆ ਦਾ ਤ ਰ   ਭਾ ਰ ਤੀ   ਰਾ ਜਾਂ   ਨੇ   ਸਿ,13,5
ਬਿ,ਬਿ,1,1
ਆਇ ਨੂੰ ਸਧਾਰਨ ਤੋਰ ਤੇ ਮਨਜ਼ੂਰੀ ਦਿਤੀ ਹੋਈ ਹੈ ਤਾਂ ਜੋ ਓਹ ਆਪਣੇ ਇਲਾਕੀਆਂ ਵਿੱਚ ਅਪਰਾਧਾਂ ਦੀ ਛਾਣਬੀਣ ਕਰ ਸਕਣ I,ਆ ਇ   ਨੂ ੰ   ਸ ਧਾ ਰ ਨ   ਤੋ ਰ   ਤੇ   ਮ ਨ ਜ਼ ੂ ਰੀ   ਦਿ ਤੀ   ਹੋ ਈ   ਹੈ   ਤਾਂ   ਜੋ   ਓ ਹ   ਆ ਪ ਣੇ   ਇ ਲਾ ਕੀ ਆ ਂ   ਵਿ ੱ ਚ   ਅ ਪ ਰਾ ਧਾਂ   ਦੀ   ਛਾ ਣ ਬੀ ਣ   ਕ ਰ   ਸ ਕ ਣ   I,51,21
"ਇਸੇ ਤਰ੍ਹਾਂ, ਜਦੋਂ ਤਰਲਤਾ ਘੱਟ ਹੁੰਦੀ ਹੈ, ਆਰ ਬੀ ਆਈ ਸਰਕਾਰੀ ਪ੍ਰਤੀਭੂਤੀਆਂ ਨੂੰ ਖਰੀਦੇਗਾ ਅਤੇ ਇਸ ਤਰ੍ਹਾਂ ਆਰਥਿਕਤਾ ਵਿੱਚ ਪੈਸੇ ਦੀ ਸਪਲਾਈ ਦਾ ਟੀਕਾ ਲਗਾਵੇਗਾ","ਇ ਸੇ   ਤ ਰ੍ਹਾਂ ,   ਜ ਦੋਂ   ਤ ਰ ਲ ਤਾ   ਘ ੱ ਟ   ਹੁ ੰ ਦੀ   ਹੈ ,   ਆ ਰ   ਬੀ   ਆ ਈ   ਸ ਰ ਕਾ ਰੀ   ਪ੍ਰ ਤੀ ਭੂ ਤੀ ਆ ਂ   ਨੂ ੰ   ਖ ਰੀ ਦੇ ਗਾ   ਅ ਤੇ   ਇ ਸ   ਤ ਰ੍ਹਾਂ   ਆ ਰ ਥਿ ਕ ਤਾ   ਵਿ ੱ ਚ   ਪੈ ਸੇ   ਦੀ   ਸ ਪ ਲਾ ਈ   ਦਾ   ਟੀ ਕਾ   ਲ ਗਾ ਵੇ ਗਾ",68,25
"ਭਾਜਪਾ ਦੇ ਸਾਬਕਾ ਸਿਆਸਤਦਾਨ ਅਤੇ ਕਾਰਕੁਨ ਰਤਨ ਟਿਰਕੀ ਨੇ ਕਿਹਾ ਕਿ, ਮੁਰਮੁਰ ਨੇ ਇਹ ਯਕੀਨੀ ਬਣਾਉਣ ਲਈ ਕਿ ਕਬਾਇਲੀ ਭਾਈਚਾਰਿਆਂ ਨੂੰ ਦਿੱਤੇ ਗਏ ਸ੍ਵੈ-ਸਾਸ਼ਨ ਦੇ ਅਧਿਕਾਰਾਂ ਨੂੰ ਸਹੀ ਢੰਗ ਨਾਲ ਲਾਗੂ ਕੀਤਾ ਜਾਵੇ, ਕਾਫੀ ਨਹੀਂ ਕੀਤਾ ਹੈ","ਭਾ ਜ ਪਾ   ਦੇ   ਸਾ ਬ ਕਾ   ਸਿ ਆ ਸ ਤ ਦਾ ਨ   ਅ ਤੇ   ਕਾ ਰ ਕੁ ਨ   ਰ ਤ ਨ   ਟਿ ਰ ਕੀ   ਨੇ   ਕਿ ਹਾ   ਕਿ ,   ਮੁ ਰ ਮੁ ਰ   ਨੇ   ਇ ਹ   ਯ ਕੀ ਨੀ   ਬ ਣਾ ਉ ਣ   ਲ ਈ   ਕਿ   ਕ ਬਾ ਇ ਲੀ   ਭਾ ਈ ਚਾ ਰਿ ਆ ਂ   ਨੂ ੰ   ਦਿ ੱ ਤੇ   ਗ ਏ   ਸ੍ਵੈ - ਸਾ ਸ਼ ਨ   ਦੇ   ਅ ਧਿ ਕਾ ਰਾਂ   ਨੂ ੰ   ਸ ਹੀ   ਢ ੰ ਗ   ਨਾ ਲ   ਲਾ ਗੂ   ਕੀ ਤਾ   ਜਾ ਵੇ ,   ਕਾ ਫੀ   ਨ ਹੀਂ   ਕੀ ਤਾ   ਹੈ",97,37
2021 ਵਿੱਚ ਬੰਗਲਾਦੇਸ਼ ਨੇ US$200 ਕਰੋੜ ਦਾ ਉਧਾਰ ਸ਼੍ਰੀ ਲੰਕਾ ਨੂੰ ਦਿੱਤਾ ਅਤੇ US$7,2 0 2 1   ਵਿ ੱ ਚ   ਬ ੰ ਗ ਲਾ ਦੇ ਸ਼   ਨੇ   U S $ 2 0 0   ਕ ਰੋ ੜ   ਦਾ   ਉ ਧਾ ਰ   ਸ਼੍ਰੀ   ਲ ੰ ਕਾ   ਨੂ ੰ   ਦਿ ੱ ਤਾ   ਅ ਤੇ   U S $ 7,42,14
7 ਕਰੋੜ ਦਾ ਦਾਨ ਸੁਦਾਨ ਨੂੰ ਆਰਥਿਕ ਸਹਾਇਤਾ ਵਜੋਂ ਦਿੱਤਾ I,7   ਕ ਰੋ ੜ   ਦਾ   ਦਾ ਨ   ਸੁ ਦਾ ਨ   ਨੂ ੰ   ਆ ਰ ਥਿ ਕ   ਸ ਹਾ ਇ ਤਾ   ਵ ਜੋਂ   ਦਿ ੱ ਤਾ   I,26,11
ਕੁੱਝ ਜਲ ਸੈਨਾ ਸਮੁੰਦਰੀ ਜਹਾਜਾਂ 'ਤੇ ਹਸਪਤਾਲ ਸ਼ਿਪ ਦਾ ਸੰਚਾਲਨ ਕਰਦੇ ਹਨ ਤਾਂ ਜੋ ਉੱਚ-ਸੰਬੰਧੀ ਸਥਿਤੀਆਂ ਜਿਵੇਂ ਕਿ ਯੁੱਧਾਂ ਜਾਂ ਕੁਦਰਤੀ ਆਫਤਾਂ ਵਿੱਚ ਮੈਡੀਕਲ ਸਹਾਇਕ ਨੂੰ ਉਧਾਰ ਦਿੱਤਾ ਜਾ ਸਕੇ,ਕੁ ੱ ਝ   ਜ ਲ   ਸੈ ਨਾ   ਸ ਮੁ ੰ ਦ ਰੀ   ਜ ਹਾ ਜਾਂ   ' ਤੇ   ਹ ਸ ਪ ਤਾ ਲ   ਸ਼ਿ ਪ   ਦਾ   ਸ ੰ ਚਾ ਲ ਨ   ਕ ਰ ਦੇ   ਹ ਨ   ਤਾਂ   ਜੋ   ਉ ੱ ਚ - ਸ ੰ ਬ ੰ ਧੀ   ਸ ਥਿ ਤੀ ਆ ਂ   ਜਿ ਵੇਂ   ਕਿ   ਯੁ ੱ ਧਾਂ   ਜਾਂ   ਕੁ ਦ ਰ ਤੀ   ਆ ਫ ਤਾਂ   ਵਿ ੱ ਚ   ਮੈ ਡੀ ਕ ਲ   ਸ ਹਾ ਇ ਕ   ਨੂ ੰ   ਉ ਧਾ ਰ   ਦਿ ੱ ਤਾ   ਜਾ   ਸ ਕੇ,87,30
"ਸਮਝੌਤੇ ਦੇ ਤਹਿਤ, ਮੈਂਬਰ ਰਾਜ ਵਚਨਬੱਧਤਾ ਦੇ ਵੱਧਦੇ ਉੱਚ ਪੱਧਰਾਂ ਨੂੰ ਪੇਸ਼ ਕਰਨ ਦੇ ਉਦੇਸ਼ ਨਾਲ ਸੇਵਾਵਾਂ ਵਿੱਚ ਵਪਾਰ ਨੂੰ ਉਦਾਰ ਬਣਾਉਣ ਲਈ ਲਗਾਤਾਰ ਗੱਲਬਾਤ ਦੇ ਦੌਰ ਵਿੱਚ ਦਾਖਲ ਹੁੰਦੇ ਹਨ","ਸ ਮ ਝੌ ਤੇ   ਦੇ   ਤ ਹਿ ਤ ,   ਮੈਂ ਬ ਰ   ਰਾ ਜ   ਵ ਚ ਨ ਬ ੱ ਧ ਤਾ   ਦੇ   ਵ ੱ ਧ ਦੇ   ਉ ੱ ਚ   ਪ ੱ ਧ ਰਾਂ   ਨੂ ੰ   ਪੇ ਸ਼   ਕ ਰ ਨ   ਦੇ   ਉ ਦੇ ਸ਼   ਨਾ ਲ   ਸੇ ਵਾ ਵਾਂ   ਵਿ ੱ ਚ   ਵ ਪਾ ਰ   ਨੂ ੰ   ਉ ਦਾ ਰ   ਬ ਣਾ ਉ ਣ   ਲ ਈ   ਲ ਗਾ ਤਾ ਰ   ਗ ੱ ਲ ਬਾ ਤ   ਦੇ   ਦੌ ਰ   ਵਿ ੱ ਚ   ਦਾ ਖ ਲ   ਹੁ ੰ ਦੇ   ਹ ਨ",89,31
"ਇਹ ਇੱਕ ""ਅਸੀਆਨ ਭਾਈਚਾਰੇ ਦੀ ਕਲਪਨਾ ਕਰਦਾ ਹੈ ਜੋ ਇੱਕ ਸਾਂਝੀ ਪਛਾਣ ਬਣਾ ਕੇ ਅਤੇ ਇਕ ਦੇਖਭਾਲ ਵਾਲੇ ਅਤੇ ਸਾਂਝੇ ਸਮਾਜ ਦਾ ਨਿਰਮਾਣ ਕਰਕੇ ਅਸੀਆਨ ਦੇ ਦੇਸ਼ਾਂ ਅਤੇ ਲੋਕਾਂ ਵਿੱਚ ਸਥਾਈ ਏਕਤਾ ਅਤੇ ਏਕਤਾ ਨੂੰ ਪ੍ਰਾਪਤ ਕਰਨ ਦੇ ਦ੍ਰਿਸ਼ਟੀਕੋਣ ਨਾਲ ਲੋਕ ਕੇਂਦਰਿਤ ਅਤੇ ਸਮਾਜਿਕ ਤੌਰ 'ਤੇ ਜ਼ਿੰਮੇਵਾਰ ਹੈ, ਜੋ ਸੰਮਲਿਤ ਅਤੇ ਇਕਸੁਰਤਾ ਵਾਲਾ ਹੈ, ਲੋਕਾਂ ਦੀ ਤੰਦਰੁਸਤੀ, ਰੋਜੀ-ਰੋਟੀ ਅਤੇ ਭਲਾਈ ਨੂੰ ਵਧਾਇਆ ਗਿਆ ਹੈ""","ਇ ਹ   ਇ ੱ ਕ   "" ਅ ਸੀ ਆ ਨ   ਭਾ ਈ ਚਾ ਰੇ   ਦੀ   ਕ ਲ ਪ ਨਾ   ਕ ਰ ਦਾ   ਹੈ   ਜੋ   ਇ ੱ ਕ   ਸਾਂ ਝੀ   ਪ ਛਾ ਣ   ਬ ਣਾ   ਕੇ   ਅ ਤੇ   ਇ ਕ   ਦੇ ਖ ਭਾ ਲ   ਵਾ ਲੇ   ਅ ਤੇ   ਸਾਂ ਝੇ   ਸ ਮਾ ਜ   ਦਾ   ਨਿ ਰ ਮਾ ਣ   ਕ ਰ ਕੇ   ਅ ਸੀ ਆ ਨ   ਦੇ   ਦੇ ਸ਼ਾਂ   ਅ ਤੇ   ਲੋ ਕਾਂ   ਵਿ ੱ ਚ   ਸ ਥਾ ਈ   ਏ ਕ ਤਾ   ਅ ਤੇ   ਏ ਕ ਤਾ   ਨੂ ੰ   ਪ੍ਰਾ ਪ ਤ   ਕ ਰ ਨ   ਦੇ   ਦ੍ਰਿ ਸ਼ ਟੀ ਕੋ ਣ   ਨਾ ਲ   ਲੋ ਕ   ਕੇਂ ਦ ਰਿ ਤ   ਅ ਤੇ   ਸ ਮਾ ਜਿ ਕ   ਤੌ ਰ   ' ਤੇ   ਜ਼ ਿ ੰ ਮੇ ਵਾ ਰ   ਹੈ ,   ਜੋ   ਸ ੰ ਮ ਲਿ ਤ   ਅ ਤੇ   ਇ ਕ ਸੁ ਰ ਤਾ   ਵਾ ਲਾ   ਹੈ ,   ਲੋ ਕਾਂ   ਦੀ   ਤ ੰ ਦ ਰੁ ਸ ਤੀ ,   ਰੋ ਜੀ - ਰੋ ਟੀ   ਅ ਤੇ   ਭ ਲਾ ਈ   ਨੂ ੰ   ਵ ਧਾ ਇ ਆ   ਗਿ ਆ   ਹੈ """,172,64
ਬਾਯੋਟੇਕਨੋਲੱਜੀ ਰੈਗੂਲੇਟਰੀ ਅਥੌਰਿਟੀ ਆਫ਼ ਇੰਡੀਆ (ਬਿ,ਬਾ ਯੋ ਟੇ ਕ ਨੋ ਲ ੱ ਜੀ   ਰੈ ਗੂ ਲੇ ਟ ਰੀ   ਅ ਥੌ ਰਿ ਟੀ   ਆ ਫ਼   ਇ ੰ ਡੀ ਆ   ( ਬਿ,25,6
ਆਰ,ਆ ਰ,2,1
ਏ,ਏ,1,1
ਇ) ਭਾਰਤ ਦੀ ਇੱਕ ਪ੍ਰਸਤਾਵਿਤ ਨਿਯੰਤਰਕ ਸਮਿਤੀ ਹੈ ਜੋ ਕਿ ਬਾਯੋਟੇਕਨੋਲੱਜੀ ਦੇ ਪ੍ਰਦਾਰਥਾਂ ਅਤੇ ਜਿਨਸੀ ਸੋਧ ਜੀਵ ਜੰਤੂਆਂ (ਜਿ,ਇ )   ਭਾ ਰ ਤ   ਦੀ   ਇ ੱ ਕ   ਪ੍ਰ ਸ ਤਾ ਵਿ ਤ   ਨਿ ਯ ੰ ਤ ਰ ਕ   ਸ ਮਿ ਤੀ   ਹੈ   ਜੋ   ਕਿ   ਬਾ ਯੋ ਟੇ ਕ ਨੋ ਲ ੱ ਜੀ   ਦੇ   ਪ੍ਰ ਦਾ ਰ ਥਾਂ   ਅ ਤੇ   ਜਿ ਨ ਸੀ   ਸੋ ਧ   ਜੀ ਵ   ਜ ੰ ਤੂ ਆ ਂ   ( ਜਿ,55,19
ਐਮ,ਐ ਮ,2,1
ਓ) ਦੀ ਵਰਤੋਂ ਲਈ ਹੈ I,ਓ )   ਦੀ   ਵ ਰ ਤੋਂ   ਲ ਈ   ਹੈ   I,10,6
1967 ਦੀ ਰਾਜ ਵਿਧਾਨ ਸਭਾ ਦੇ ਚੁਣਾਵ ਵਿੱਚ ਸੱਬ ਸਮਾਜਵਾਦੀ ਪਾਰਟੀਆਂ ਨਿਕਲ ਗਈਆਂ ਸਨ ਅਤੇ ਸਿ,1 9 6 7   ਦੀ   ਰਾ ਜ   ਵਿ ਧਾ ਨ   ਸ ਭਾ   ਦੇ   ਚੁ ਣਾ ਵ   ਵਿ ੱ ਚ   ਸ ੱ ਬ   ਸ ਮਾ ਜ ਵਾ ਦੀ   ਪਾ ਰ ਟੀ ਆ ਂ   ਨਿ ਕ ਲ   ਗ ਈ ਆ ਂ   ਸ ਨ   ਅ ਤੇ   ਸਿ,44,16
ਪਿ,ਪਿ,1,1
ਇ ਨੇ ਆਪਣੀ ਵਿਰੋਧੀ ਪਾਰਟੀ ਦਾ ਦਰਜਾ ਗੁਆ ਦਿਤਾ I,ਇ   ਨੇ   ਆ ਪ ਣੀ   ਵਿ ਰੋ ਧੀ   ਪਾ ਰ ਟੀ   ਦਾ   ਦ ਰ ਜਾ   ਗੁ ਆ   ਦਿ ਤਾ   I,20,10
"ਇਸ ਕਾਰਵਾਈ ਨੂੰ ਕਈ ਤਰੀਕਿਆਂ ਨਾਲ ਸਮੱਸਿਆ ਵਾਲਾ ਕਿਹਾ ਗਿਆ ਹੈ, ਜਿਸ ਵਿੱਚ ਸ਼ਕਤੀ ਦਾ ਕੇਂਦਰੀਕਰਨ ਕਰਨਾ, ਕੁਦਰਤ ਵਿੱਚ ਸੰਘੀ-ਵਿਰੋਧ ਹੋਣਾ, ਅਤੇ ਪਰੇਸ਼ਾਨੀ ਨੂੰ ਸੰਭਾਲਣ ਲਈ ਸਮਾਜ ਦੇ ਸੂਖਮ ਪੱਧਰ 'ਤੇ ਸਥਾਨਕ ਪੱਧਰ ਦੇ ਵਿਕਾਸ ਅਤੇ ਐਮ ਪੀ ਪ੍ਰਭਾਵ ਪਾਉਣਾ ਸ਼ਾਮਿਲ ਹੈ","ਇ ਸ   ਕਾ ਰ ਵਾ ਈ   ਨੂ ੰ   ਕ ਈ   ਤ ਰੀ ਕਿ ਆ ਂ   ਨਾ ਲ   ਸ ਮ ੱ ਸਿ ਆ   ਵਾ ਲਾ   ਕਿ ਹਾ   ਗਿ ਆ   ਹੈ ,   ਜਿ ਸ   ਵਿ ੱ ਚ   ਸ਼ ਕ ਤੀ   ਦਾ   ਕੇਂ ਦ ਰੀ ਕ ਰ ਨ   ਕ ਰ ਨਾ ,   ਕੁ ਦ ਰ ਤ   ਵਿ ੱ ਚ   ਸ ੰ ਘੀ - ਵਿ ਰੋ ਧ   ਹੋ ਣਾ ,   ਅ ਤੇ   ਪ ਰੇ ਸ਼ਾ ਨੀ   ਨੂ ੰ   ਸ ੰ ਭਾ ਲ ਣ   ਲ ਈ   ਸ ਮਾ ਜ   ਦੇ   ਸੂ ਖ ਮ   ਪ ੱ ਧ ਰ   ' ਤੇ   ਸ ਥਾ ਨ ਕ   ਪ ੱ ਧ ਰ   ਦੇ   ਵਿ ਕਾ ਸ   ਅ ਤੇ   ਐ ਮ   ਪੀ   ਪ੍ਰ ਭਾ ਵ   ਪਾ ਉ ਣਾ   ਸ਼ਾ ਮਿ ਲ   ਹੈ",121,42
"ਉਸ ਦੇ ਪਿਤਾ , ਅਦਵੇਇਤ ਪ੍ਰਸਾਦ ਸਿੰਘ, ਨੇ ਬਿ","ਉ ਸ   ਦੇ   ਪਿ ਤਾ   ,   ਅ ਦ ਵੇ ਇ ਤ   ਪ੍ਰ ਸਾ ਦ   ਸਿ ੰ ਘ ,   ਨੇ   ਬਿ",20,9
ਜੇ,ਜੇ,1,1
"ਪੀ ਉਮੀਦਵਾਰ ਵਜੋਂ 2000 ਵਿੱਚ ਇਹ ਕੁਰਸੀ ਜਿਤੀ ਸੀ , 1990 ਵਿੱਚ ਜੇ","ਪੀ   ਉ ਮੀ ਦ ਵਾ ਰ   ਵ ਜੋਂ   2 0 0 0   ਵਿ ੱ ਚ   ਇ ਹ   ਕੁ ਰ ਸੀ   ਜਿ ਤੀ   ਸੀ   ,   1 9 9 0   ਵਿ ੱ ਚ   ਜੇ",32,13
ਦੇ ਉਮੀਦਵਾਰ ਵਜੋਂ ਅਤੇ 1977 ਵਿੱਚ ਜੇ,ਦੇ   ਉ ਮੀ ਦ ਵਾ ਰ   ਵ ਜੋਂ   ਅ ਤੇ   1 9 7 7   ਵਿ ੱ ਚ   ਜੇ,18,7
ਐਨ,ਐ ਨ,2,1
ਪਿ ਦੇ ਉਮੀਦਵਾਰ ਵਜੋਂ ਜਿਤੀ ਸੀ I,ਪਿ   ਦੇ   ਉ ਮੀ ਦ ਵਾ ਰ   ਵ ਜੋਂ   ਜਿ ਤੀ   ਸੀ   I,13,7
"ਅੰਗੁਲ ਤੋਂ ਮੌਜੂਦਾ ਵਿਧਾਇਕ (ਓਡੀਸਾ ਵਿਧਾਨ ਸਭਾ ਹਲਕੇ ਤੋਂ) ਬੀਜੇਡੀ ਦੇ ਰਜਨੀਕਾਂਤ ਸਿੰਘ ਹਨ, ਜੋ 2019 ਓਡੀਸਾ ਵਿਧਾਨ ਸਭਾ ਚੋਣਾਂ ਵਿੱਚ ਚੁਣੇ ਗਏ ਸਨ ਅਤੇ ਬਾਅਦ ਵਿੱਚ ਵਿਧਾਨ ਸਭਾ ਦੇ ਡਿਪਟੀ ਸਪੀਕਰ ਵਜੋਂ ਬਿਨ੍ਹਾਂ ਕਿਸੇ ਵਿਰੋਧ ਦੇ ਚੁਣੇ ਗਏ ਸਨ","ਅ ੰ ਗੁ ਲ   ਤੋਂ   ਮੌ ਜੂ ਦਾ   ਵਿ ਧਾ ਇ ਕ   ( ਓ ਡੀ ਸਾ   ਵਿ ਧਾ ਨ   ਸ ਭਾ   ਹ ਲ ਕੇ   ਤੋਂ )   ਬੀ ਜੇ ਡੀ   ਦੇ   ਰ ਜ ਨੀ ਕਾਂ ਤ   ਸਿ ੰ ਘ   ਹ ਨ ,   ਜੋ   2 0 1 9   ਓ ਡੀ ਸਾ   ਵਿ ਧਾ ਨ   ਸ ਭਾ   ਚੋ ਣਾਂ   ਵਿ ੱ ਚ   ਚੁ ਣੇ   ਗ ਏ   ਸ ਨ   ਅ ਤੇ   ਬਾ ਅ ਦ   ਵਿ ੱ ਚ   ਵਿ ਧਾ ਨ   ਸ ਭਾ   ਦੇ   ਡਿ ਪ ਟੀ   ਸ ਪੀ ਕ ਰ   ਵ ਜੋਂ   ਬਿ ਨ੍ਹਾਂ   ਕਿ ਸੇ   ਵਿ ਰੋ ਧ   ਦੇ   ਚੁ ਣੇ   ਗ ਏ   ਸ ਨ",102,40
ਮਾਣੀਆਂ ਹੋਈਆਂ ਇਕਾਈਆਂ ਜਿਵੇਂ ਕਿ ਐਨ,ਮਾ ਣੀ ਆ ਂ   ਹੋ ਈ ਆ ਂ   ਇ ਕਾ ਈ ਆ ਂ   ਜਿ ਵੇਂ   ਕਿ   ਐ ਨ,18,6
ਐਸ,ਐ ਸ,2,1
ਡਿ,ਡਿ,1,1
ਐਲ ਈ ਗਵਰਨੈਂਸ ਇਨਫਰਾਸਟਰਕਚਰ ਲਿਮਿਟੇਡ (ਸਾਬਕਾ ਨੈਸ਼ਨਲ ਸਕਿਓਰਿਟੀਜ਼ ਡਿਪਾਜ਼ਟਰੀ ਲਿਮਿਟੇਡ)ਅਤੇ ਯੁ,ਐ ਲ   ਈ   ਗ ਵ ਰ ਨੈਂ ਸ   ਇ ਨ ਫ ਰਾ ਸ ਟ ਰ ਕ ਚ ਰ   ਲਿ ਮਿ ਟੇ ਡ   ( ਸਾ ਬ ਕਾ   ਨੈ ਸ ਼ ਨ ਲ   ਸ ਕਿ ਓ ਰਿ ਟੀ ਜ ਼   ਡਿ ਪਾ ਜ ਼ ਟ ਰੀ   ਲਿ ਮਿ ਟੇ ਡ ) ਅ ਤੇ   ਯੁ,52,11
ਟਿ,ਟਿ,1,1
ਆਇ ਆਧਾਰੀ ਸੰਰਚਨਾ ਤਕਨਾਲੋਜੀ ਸੇਵਾਵਾਂ ਲਿਮਿਟੇਡ(ਯੁ,ਆ ਇ   ਆ ਧਾ ਰੀ   ਸ ੰ ਰ ਚ ਨਾ   ਤ ਕ ਨਾ ਲੋ ਜੀ   ਸੇ ਵਾ ਵਾਂ   ਲਿ ਮਿ ਟੇ ਡ ( ਯੁ,24,6
ਟਿ,ਟਿ,1,1
ਆਇ,ਆ ਇ,2,1
ਆਇ,ਆ ਇ,2,1
ਟਿ,ਟਿ,1,1
ਐਸ,ਐ ਸ,2,1
"ਐਲ)ਨੂੰ ਇੰਕਮ ਟੈਕਸ ਵਿਭਾਗ ਵਜੋਂ ਅਰਜ਼ੀਆਂ ਦੀ ਪ੍ਰਕਿਰਿਆ,ਨਿੱਜੀ ਦਸਤਾਵੇਜ਼ਾਂ ਨੂੰ ਇਕੱਠਾ ਕਰਨਾ, ਸੰਭਾਲਣਾ ਅਤੇ ਤਸਦੀਕ ਕਰਨਾ ਜਿਵੇਂ ਕਿ ਆਈ","ਐ ਲ ) ਨੂ ੰ   ਇ ੰ ਕ ਮ   ਟੈ ਕ ਸ   ਵਿ ਭਾ ਗ   ਵ ਜੋਂ   ਅ ਰ ਜ਼ ੀ ਆ ਂ   ਦੀ   ਪ੍ਰ ਕਿ ਰਿ ਆ , ਨਿ ੱ ਜੀ   ਦ ਸ ਤਾ ਵੇ ਜ ਼ ਾ ਂ   ਨੂ ੰ   ਇ ਕ ੱ ਠਾ   ਕ ਰ ਨਾ ,   ਸ ੰ ਭਾ ਲ ਣਾ   ਅ ਤੇ   ਤ ਸ ਦੀ ਕ   ਕ ਰ ਨਾ   ਜਿ ਵੇਂ   ਕਿ   ਆ ਈ",69,19
ਡੀ,ਡੀ,1,1
", ਉਮਰ ਅਤੇ ਪਤੇ ਦਾ ਸਬੂਤ, ਬਿਨੈਕਾਰਾਂ ਨਾਲ ਸਪਸ਼ਟੀਕਰਨ, ਕਾਰਡ ਅਤੇ ਪੱਤਰ ਨੂੰ ਛਾਪਣਾ ਅਤੇ ਫਿਰ ਇਸਨੂੰ ਡਾਕ ਰਾਹੀਂ ਭੇਜਣਾ ਸੌਂਪਿਆ ਹੋਈਆਂ ਹੈ I",",   ਉ ਮ ਰ   ਅ ਤੇ   ਪ ਤੇ   ਦਾ   ਸ ਬੂ ਤ ,   ਬਿ ਨੈ ਕਾ ਰਾਂ   ਨਾ ਲ   ਸ ਪ ਸ ਼ ਟੀ ਕ ਰ ਨ ,   ਕਾ ਰ ਡ   ਅ ਤੇ   ਪ ੱ ਤ ਰ   ਨੂ ੰ   ਛਾ ਪ ਣਾ   ਅ ਤੇ   ਫਿ ਰ   ਇ ਸ ਨੂ ੰ   ਡਾ ਕ   ਰਾ ਹੀਂ   ਭੇ ਜ ਣਾ   ਸੌਂ ਪਿ ਆ   ਹੋ ਈ ਆ ਂ   ਹੈ   I",66,24
"ਇਮਾਰਤ ਦੇ ਕੇਂਦਰ ਵਿੱਚ ਇੱਕ ਸਰਕੂਲਰ ਕੇਂਦਰੀ ਚੈਂਬਰ ਹੈ, ਅਤੇ ਇਸ ਚੈਂਬਰ ਦੁਆਲੇ ਤਿੰਨ ਅਰਧ-ਗੋਲਾਕਾਰ ਹਾਲ ਹਨ, ਜੋ ਚੈਂਬਰ ਔਫ ਪ੍ਰਿੰਸ (ਹੁਣ ਲਾਇਬ੍ਰੇਰੀ ਹਾਲ ਵਜੋਂ ਵਰਤੇ ਜਾਂਦੇ ਹਨ) ਦੇ ਸੈਸ਼ਨਾਂ ਲਈ ਬਣਾਏ ਗਏ ਸਨ ਸਟੇਟ ਕੌਂਸਿਲ (ਹੁਣ ਰਾਜ ਸਭਾ ਲਈ ਵਰਤੀ ਜਾਂਦੀ ਹੈ) ਅਤੇ ਕੇਂਦਰੀ ਵਿਧਾਨ ਸਭਾ (ਹੁਣ ਲੋਕ ਸਭਾ ਲਈ ਵਰਤੀ ਜਾਂਦੀ ਹੈ)","ਇ ਮਾ ਰ ਤ   ਦੇ   ਕੇਂ ਦ ਰ   ਵਿ ੱ ਚ   ਇ ੱ ਕ   ਸ ਰ ਕੂ ਲ ਰ   ਕੇਂ ਦ ਰੀ   ਚੈਂ ਬ ਰ   ਹੈ ,   ਅ ਤੇ   ਇ ਸ   ਚੈਂ ਬ ਰ   ਦੁ ਆ ਲੇ   ਤਿ ੰ ਨ   ਅ ਰ ਧ - ਗੋ ਲਾ ਕਾ ਰ   ਹਾ ਲ   ਹ ਨ ,   ਜੋ   ਚੈਂ ਬ ਰ   ਔ ਫ   ਪ੍ਰਿ ੰ ਸ   ( ਹੁ ਣ   ਲਾ ਇ ਬ੍ਰੇ ਰੀ   ਹਾ ਲ   ਵ ਜੋਂ   ਵ ਰ ਤੇ   ਜਾਂ ਦੇ   ਹ ਨ )   ਦੇ   ਸੈ ਸ਼ ਨਾਂ   ਲ ਈ   ਬ ਣਾ ਏ   ਗ ਏ   ਸ ਨ   ਸ ਟੇ ਟ   ਕੌਂ ਸਿ ਲ   ( ਹੁ ਣ   ਰਾ ਜ   ਸ ਭਾ   ਲ ਈ   ਵ ਰ ਤੀ   ਜਾਂ ਦੀ   ਹੈ )   ਅ ਤੇ   ਕੇਂ ਦ ਰੀ   ਵਿ ਧਾ ਨ   ਸ ਭਾ   ( ਹੁ ਣ   ਲੋ ਕ   ਸ ਭਾ   ਲ ਈ   ਵ ਰ ਤੀ   ਜਾਂ ਦੀ   ਹੈ )",142,54
"ਬਾਘਾ ਜਤਿਨ , ਖੁਦਿਰਮ ਬੋਸ, ਭਗਤ ਸਿੰਘ, ਚੰਦਰਸ਼ੇਖਰ ਆਜਾਦ, ਸੂਰੀਆ ਸੇਨ, ਅਤੇ ਸੁਭਾਸ਼ ਚੰਦਰ ਬੋਸ ਵਰਗੇ ਕ੍ਰਾਂਤੀਕਾਰੀ ਬ੍ਰਿਟਿਸ਼ ਸ਼ਾਸ਼ਨ ਵਿਰੁੱਧ ਆਪਣੀਆਂ ਹਿੰਸਕ ਮੁਹਿੰਮਾਂ ਕਾਰਨ ਗਾਂਧੀ ਤੋਂ ਵੱਖਰੇ ਸਨ","ਬਾ ਘਾ   ਜ ਤਿ ਨ   ,   ਖੁ ਦਿ ਰ ਮ   ਬੋ ਸ ,   ਭ ਗ ਤ   ਸਿ ੰ ਘ ,   ਚ ੰ ਦ ਰ ਸ਼ੇ ਖ ਰ   ਆ ਜਾ ਦ ,   ਸੂ ਰੀ ਆ   ਸੇ ਨ ,   ਅ ਤੇ   ਸੁ ਭਾ ਸ਼   ਚ ੰ ਦ ਰ   ਬੋ ਸ   ਵ ਰ ਗੇ   ਕ੍ਰਾਂ ਤੀ ਕਾ ਰੀ   ਬ੍ਰਿ ਟਿ ਸ਼   ਸ਼ਾ ਸ਼ ਨ   ਵਿ ਰੁ ੱ ਧ   ਆ ਪ ਣੀ ਆ ਂ   ਹਿ ੰ ਸ ਕ   ਮੁ ਹਿ ੰ ਮਾਂ   ਕਾ ਰ ਨ   ਗਾਂ ਧੀ   ਤੋਂ   ਵ ੱ ਖ ਰੇ   ਸ ਨ",90,28
ਇੱਕ ਇਕਸਦਨੀ ਕੋਕੋਸ (ਕੈਲਿੰਗ) ਟਾਪੂ ਸ਼ਾਇਰ ਪਰਿਸ਼ਦ ਸੱਤ ਸਿਟਾ ਨਾਲ ਵੀ ਮੌਜੂਦ ਹੈ I,ਇ ੱ ਕ   ਇ ਕ ਸ ਦ ਨੀ   ਕੋ ਕੋ ਸ   ( ਕੈ ਲਿ ੰ ਗ )   ਟਾ ਪੂ   ਸ਼ਾ ਇ ਰ   ਪ ਰਿ ਸ਼ ਦ   ਸ ੱ ਤ   ਸਿ ਟਾ   ਨਾ ਲ   ਵੀ   ਮੌ ਜੂ ਦ   ਹੈ   I,39,14
"5 ਮਈ ਤੱਕ, ਭਾਰਤ ਨੂੰ 5,769,442 ਪਦਾਰਥ ਰਾਹਤ ਦੇ ਤੋਰ ਤੇ ਮਿਲ ਚੁਕੇ ਸਨ I","5   ਮ ਈ   ਤ ੱ ਕ ,   ਭਾ ਰ ਤ   ਨੂ ੰ   5 , 7 6 9 , 4 4 2   ਪ ਦਾ ਰ ਥ   ਰਾ ਹ ਤ   ਦੇ   ਤੋ ਰ   ਤੇ   ਮਿ ਲ   ਚੁ ਕੇ   ਸ ਨ   I",39,15
"ਕੈਬਿਨੇਟ ਨੂੰ ਨਵੰਬਰ 2005 ਵਿੱਚ ਗਲਤ ਜਾਣਕਾਰੀ ਦਿੱਤੀ ਗਈ ਸੀ ਕਿ ਕਈ ਸੇਵਾ ਪ੍ਰਦਾਤਾ ਸੈਟੇਲਾਈਟ ਸਮਰੱਥਾ ਦੀ ਵਰਤੋਂ ਕਰਨ ਵਿੱਚ ਦਿਲਚਸਪੀ ਰੱਖਦੇ ਸਨ, ਜਦੋਂ ਕਿ ਦੇਵਾਸ ਡੀਲ 'ਤੇ ਪਹਿਲਾਂ ਹੀ ਦਸਤਖਤ ਕੀਤੇ ਗਏ ਸਨ","ਕੈ ਬਿ ਨੇ ਟ   ਨੂ ੰ   ਨ ਵ ੰ ਬ ਰ   2 0 0 5   ਵਿ ੱ ਚ   ਗ ਲ ਤ   ਜਾ ਣ ਕਾ ਰੀ   ਦਿ ੱ ਤੀ   ਗ ਈ   ਸੀ   ਕਿ   ਕ ਈ   ਸੇ ਵਾ   ਪ੍ਰ ਦਾ ਤਾ   ਸੈ ਟੇ ਲਾ ਈ ਟ   ਸ ਮ ਰ ੱ ਥਾ   ਦੀ   ਵ ਰ ਤੋਂ   ਕ ਰ ਨ   ਵਿ ੱ ਚ   ਦਿ ਲ ਚ ਸ ਪੀ   ਰ ੱ ਖ ਦੇ   ਸ ਨ ,   ਜ ਦੋਂ   ਕਿ   ਦੇ ਵਾ ਸ   ਡੀ ਲ   ' ਤੇ   ਪ ਹਿ ਲਾਂ   ਹੀ   ਦ ਸ ਤ ਖ ਤ   ਕੀ ਤੇ   ਗ ਏ   ਸ ਨ",96,34
"2017 ਵਿੱਚ, ਰੂਸ ਦੇ ਰਾਸ਼ਟਰਪਤੀ ਵਲਾਦੀਮੀਰ ਪੁਤਿਨ ਨੇ ""ਸਟਾਲਿਨਵਾਦ ਦੇ ਦਹਿਸ਼ਤ"" ਨੂੰ ਕਬੂਲ ਕਰਿਆ ਪਰ ਨਾਲ ਹੀ ਓਨ੍ਹਾਂ ਨੇ ""ਸਟਾਲਿਨ ਦੀ ਨਿਹਾਇਤ ਆਲੋਚਨਾ"" "" ਰੂਸ ਦੇ ਦੁਸ਼ਮਣਾਂ "" ਦੁਵਾਰਾ ਦੀ ਵੀ ਨਿੰਦਾ ਕਰੀ I","2 0 1 7   ਵਿ ੱ ਚ ,   ਰੂ ਸ   ਦੇ   ਰਾ ਸ਼ ਟ ਰ ਪ ਤੀ   ਵ ਲਾ ਦੀ ਮੀ ਰ   ਪੁ ਤਿ ਨ   ਨੇ   "" ਸ ਟਾ ਲਿ ਨ ਵਾ ਦ   ਦੇ   ਦ ਹਿ ਸ਼ ਤ ""   ਨੂ ੰ   ਕ ਬੂ ਲ   ਕ ਰਿ ਆ   ਪ ਰ   ਨਾ ਲ   ਹੀ   ਓ ਨ੍ਹਾਂ   ਨੇ   "" ਸ ਟਾ ਲਿ ਨ   ਦੀ   ਨਿ ਹਾ ਇ ਤ   ਆ ਲੋ ਚ ਨਾ ""   ""   ਰੂ ਸ   ਦੇ   ਦੁ ਸ਼ ਮ ਣਾਂ   ""   ਦੁ ਵਾ ਰਾ   ਦੀ   ਵੀ   ਨਿ ੰ ਦਾ   ਕ ਰੀ   I",90,34
"ਕਾਂਫੇਡਰੇਸੀ ਨੇ ਬ੍ਰਿਟੇਨ ਵਿੱਚ ਵਪਾਰਕ ਸ਼ਿਪ ਬਿਲਡਰਾਂ ਤੋਂ ਕਈ ਵਾਰ ਸ਼ਿਪ ਖਰੀਦੇ (ਸੀ ਐਸ ਐਸ ਅਲਾਬਾਮਾ, ਸੀ ਐਸ ਐਸ ਟੇੱਨੇੱਸੀ, ਸੀ ਐਸ ਐਸ ਤਲੱਹਾਸੱਸੀ, ਸੀ ਐਸ ਐਸ ਫਲੋਰੀਡਾ ਅਤੇ ਕੁੱਝ ਹੋਰ)","ਕਾਂ ਫੇ ਡ ਰੇ ਸੀ   ਨੇ   ਬ੍ਰਿ ਟੇ ਨ   ਵਿ ੱ ਚ   ਵ ਪਾ ਰ ਕ   ਸ਼ਿ ਪ   ਬਿ ਲ ਡ ਰਾਂ   ਤੋਂ   ਕ ਈ   ਵਾ ਰ   ਸ਼ਿ ਪ   ਖ ਰੀ ਦੇ   ( ਸੀ   ਐ ਸ   ਐ ਸ   ਅ ਲਾ ਬਾ ਮਾ ,   ਸੀ   ਐ ਸ   ਐ ਸ   ਟੇ ੱ ਨੇ ੱ ਸੀ ,   ਸੀ   ਐ ਸ   ਐ ਸ   ਤ ਲ ੱ ਹਾ ਸ ੱ ਸੀ ,   ਸੀ   ਐ ਸ   ਐ ਸ   ਫ ਲੋ ਰੀ ਡਾ   ਅ ਤੇ   ਕੁ ੱ ਝ   ਹੋ ਰ )",84,31
"ਨਵੀਂ ਪਹੁੰਚ ਦੇ ਤਹਿਤ, ਭਾਈਚਾਰਿਆਂ ਨਾਲ ਸਲਾਹ-ਮਸ਼ਵਰਾ ਕੀਤਾ ਜਾ ਰਿਹਾ ਹੈ ਅਤੇ ਸਿਖਲਾਈ ਦਿੱਤੀ ਜਾ ਰਹੀ ਹੈ, ਅਤੇ ਉਪਭੋਗਤਾ ਇੱਕ ਟੈਰਿਫ਼ ਦਾ ਭੁਗਤਾਨ ਕਰਨ ਲਈ ਸਹਿਮਤ ਹਨ ਜੋ ਸੰਚਾਲਨ ਅਤੇ ਰੱਖ-ਰਖਾਓ ਨੂੰ ਕਵਰ ਕਰਨ ਲਈ ਕਾਫੀ ਉੱਚੇ ਪੱਧਰ 'ਤੇ ਸੈੱਟ ਕੀਤਾ ਗਿਆ ਹੈ","ਨ ਵੀਂ   ਪ ਹੁ ੰ ਚ   ਦੇ   ਤ ਹਿ ਤ ,   ਭਾ ਈ ਚਾ ਰਿ ਆ ਂ   ਨਾ ਲ   ਸ ਲਾ ਹ - ਮ ਸ਼ ਵ ਰਾ   ਕੀ ਤਾ   ਜਾ   ਰਿ ਹਾ   ਹੈ   ਅ ਤੇ   ਸਿ ਖ ਲਾ ਈ   ਦਿ ੱ ਤੀ   ਜਾ   ਰ ਹੀ   ਹੈ ,   ਅ ਤੇ   ਉ ਪ ਭੋ ਗ ਤਾ   ਇ ੱ ਕ   ਟੈ ਰਿ ਫ਼   ਦਾ   ਭੁ ਗ ਤਾ ਨ   ਕ ਰ ਨ   ਲ ਈ   ਸ ਹਿ ਮ ਤ   ਹ ਨ   ਜੋ   ਸ ੰ ਚਾ ਲ ਨ   ਅ ਤੇ   ਰ ੱ ਖ - ਰ ਖਾ ਓ   ਨੂ ੰ   ਕ ਵ ਰ   ਕ ਰ ਨ   ਲ ਈ   ਕਾ ਫੀ   ਉ ੱ ਚੇ   ਪ ੱ ਧ ਰ   ' ਤੇ   ਸੈ ੱ ਟ   ਕੀ ਤਾ   ਗਿ ਆ   ਹੈ",120,43
"ਵੇਰੇ ਬਰਡ 1981 ਤੋਂ 1994 ਤੱਕ ਪ੍ਰਧਾਨ ਮੰਤਰੀ ਅਤੇ 1960 ਤੋਂ 1981 ਤੱਕ ਐਂਟੀਗੁਆ ਦੇ ਮੁੱਖ ਮੰਤਰੀ ਰਹੇ, 1971-1976 ਦੇ ਸਮੇਂ ਨੂੰ ਛੱਡ ਕੇ ਜਦੋਂ ਪ੍ਰਗਤੀਸ਼ੀਲ ਮਜਦੂਰ ਲਹਿਰ (ਪੀ ਐਲ ਐਮ) ਨੇ ਉਸਦੀ ਪਾਰਟੀ ਨੂੰ ਹਰਾਇਆ","ਵੇ ਰੇ   ਬ ਰ ਡ   1 9 8 1   ਤੋਂ   1 9 9 4   ਤ ੱ ਕ   ਪ੍ਰ ਧਾ ਨ   ਮ ੰ ਤ ਰੀ   ਅ ਤੇ   1 9 6 0   ਤੋਂ   1 9 8 1   ਤ ੱ ਕ   ਐ ਂ ਟੀ ਗੁ ਆ   ਦੇ   ਮੁ ੱ ਖ   ਮ ੰ ਤ ਰੀ   ਰ ਹੇ ,   1 9 7 1 - 1 9 7 6   ਦੇ   ਸ ਮੇਂ   ਨੂ ੰ   ਛ ੱ ਡ   ਕੇ   ਜ ਦੋਂ   ਪ੍ਰ ਗ ਤੀ ਸ਼ੀ ਲ   ਮ ਜ ਦੂ ਰ   ਲ ਹਿ ਰ   ( ਪੀ   ਐ ਲ   ਐ ਮ )   ਨੇ   ਉ ਸ ਦੀ   ਪਾ ਰ ਟੀ   ਨੂ ੰ   ਹ ਰਾ ਇ ਆ",106,36
"ਪਰ ਨਵੀਂ ਸਰਕਾਰ ਆਪਣੀ ਜਾਇਜ਼ਤਾ ਸਥਾਪਤ ਕਰਨ ਵਿੱਚ ਅਸਫਲ ਰਹੀ, ਅਤੇ ਇਸਦੀ ਵਿੱਤੀ ਸਹਾਇਤਾ ਦਾ ਬਹੁਤ ਹਿੱਸਾ ਖਤਮ ਹੋ ਗਿਆ, ਸਥਾਨਕ ਅਤੇ ਮੱਧ-ਰਾਜ ਦੇ ਕਮਾਂਡਰਾਂ ਅਤੇ ਉਹਨਾਂ ਦੇ ਮਿਲੀਟੀਅਨਜ਼ ਨਾਂ ਸਿਰਫ਼ ਆਪਸ ਵਿੱਚ ਲੜੇ , ਬਲਕਿ ਸ਼ਕਤੀ ਅਤੇ ਮੁਨਾਫੇ ਲਈ ਉਹਨਾਂ ਦੇ ਲੰਬੇ ਸਮੇਂ ਵਿੱਚ ਅਸਵੀਕਾਰਨਯੋਗ ਅਭਿਆਸਾਂ ਦਾ ਸਹਾਰਾ ਲਿਆ","ਪ ਰ   ਨ ਵੀਂ   ਸ ਰ ਕਾ ਰ   ਆ ਪ ਣੀ   ਜਾ ਇ ਜ਼ ਤਾ   ਸ ਥਾ ਪ ਤ   ਕ ਰ ਨ   ਵਿ ੱ ਚ   ਅ ਸ ਫ ਲ   ਰ ਹੀ ,   ਅ ਤੇ   ਇ ਸ ਦੀ   ਵਿ ੱ ਤੀ   ਸ ਹਾ ਇ ਤਾ   ਦਾ   ਬ ਹੁ ਤ   ਹਿ ੱ ਸਾ   ਖ ਤ ਮ   ਹੋ   ਗਿ ਆ ,   ਸ ਥਾ ਨ ਕ   ਅ ਤੇ   ਮ ੱ ਧ - ਰਾ ਜ   ਦੇ   ਕ ਮਾਂ ਡ ਰਾਂ   ਅ ਤੇ   ਉ ਹ ਨਾਂ   ਦੇ   ਮਿ ਲੀ ਟੀ ਅ ਨ ਜ਼   ਨਾਂ   ਸਿ ਰ ਫ਼   ਆ ਪ ਸ   ਵਿ ੱ ਚ   ਲ ੜ ੇ   ,   ਬ ਲ ਕਿ   ਸ਼ ਕ ਤੀ   ਅ ਤੇ   ਮੁ ਨਾ ਫੇ   ਲ ਈ   ਉ ਹ ਨਾਂ   ਦੇ   ਲ ੰ ਬੇ   ਸ ਮੇਂ   ਵਿ ੱ ਚ   ਅ ਸ ਵੀ ਕਾ ਰ ਨ ਯੋ ਗ   ਅ ਭਿ ਆ ਸਾਂ   ਦਾ   ਸ ਹਾ ਰਾ   ਲਿ ਆ",144,50
"ਭਾਰਤ ਵਿੱਚ ਸਾਰੀ ਰਾਜਸੀ ਪ੍ਰਬੰਧਕੀ ਸੇਵਾਵਾਂ ਦੇ ਅਫ਼ਸਰ ਰਾਜ ਸਿਵਲ ਸੇਵਕਹਨ ਜੋ ਕਿ ਭਾਰਤ ਦੇ ਵਿਵਿਧ ਉਪ-ਜ਼ਿਲ੍ਹਿਆਂ ਵਿੱਚ ਸਹਾਇਕ ਕੁਲੈਕਟਰਜਾਂ ਉਪ-ਜ਼ਿਲ੍ਹੇ , ਵੱਖ ਵੱਖ ਨਗਰ ਪਾਲਿਕਾ ਵਿੱਚ ਵਾਰਡ ਅਫ਼ਸਰਾ, ਜੱਜ ਵਲੋਂ ਨਿਯੁਕਤ ਹਨ,","ਭਾ ਰ ਤ   ਵਿ ੱ ਚ   ਸਾ ਰੀ   ਰਾ ਜ ਸੀ   ਪ੍ਰ ਬ ੰ ਧ ਕੀ   ਸੇ ਵਾ ਵਾਂ   ਦੇ   ਅ ਫ਼ ਸ ਰ   ਰਾ ਜ   ਸਿ ਵ ਲ   ਸੇ ਵ ਕ ਹ ਨ   ਜੋ   ਕਿ   ਭਾ ਰ ਤ   ਦੇ   ਵਿ ਵਿ ਧ   ਉ ਪ - ਜ ਼ ਿ ਲ੍ਹਿ ਆ ਂ   ਵਿ ੱ ਚ   ਸ ਹਾ ਇ ਕ   ਕੁ ਲੈ ਕ ਟ ਰ ਜਾਂ   ਉ ਪ - ਜ ਼ ਿ ਲ੍ਹੇ   ,   ਵ ੱ ਖ   ਵ ੱ ਖ   ਨ ਗ ਰ   ਪਾ ਲਿ ਕਾ   ਵਿ ੱ ਚ   ਵਾ ਰ ਡ   ਅ ਫ਼ ਸ ਰਾ ,   ਜ ੱ ਜ   ਵ ਲੋਂ   ਨਿ ਯੁ ਕ ਤ   ਹ ਨ ,",108,33
"2018 ਦੀ ਇੱਕ ਸਮੀਖਿਆ ਨੇ ਦਿਖਾਇਆ ਕਿ ਇੱਕ ਮੈਡੀਟੇਰੀਅਨ ਵਰਗੀ ਖੁਰਾਕ ਸਮੁੱਚੀ ਸਿਹਤ ਸਥਿਤੀ ਵਿੱਚ ਸੁਧਾਰ ਕਰ ਸਕਦੀ ਹੈ, ਜਿਵੇਂ ਕਈ ਗੈਰ-ਸੰਚਾਰੀ ਬਿਮਾਰੀਆਂ ਹੋਣ ਦੇ ਜੋਖਮ ਘੱਟ ਕਰਦੀ ਹੈ","2 0 1 8   ਦੀ   ਇ ੱ ਕ   ਸ ਮੀ ਖਿ ਆ   ਨੇ   ਦਿ ਖਾ ਇ ਆ   ਕਿ   ਇ ੱ ਕ   ਮੈ ਡੀ ਟੇ ਰੀ ਅ ਨ   ਵ ਰ ਗੀ   ਖੁ ਰਾ ਕ   ਸ ਮੁ ੱ ਚੀ   ਸਿ ਹ ਤ   ਸ ਥਿ ਤੀ   ਵਿ ੱ ਚ   ਸੁ ਧਾ ਰ   ਕ ਰ   ਸ ਕ ਦੀ   ਹੈ ,   ਜਿ ਵੇਂ   ਕ ਈ   ਗੈ ਰ - ਸ ੰ ਚਾ ਰੀ   ਬਿ ਮਾ ਰੀ ਆ ਂ   ਹੋ ਣ   ਦੇ   ਜੋ ਖ ਮ   ਘ ੱ ਟ   ਕ ਰ ਦੀ   ਹੈ",85,29
ਖੂਨ ਦੀ ਜਾਂਚ ਜ਼ਿਆਦਾਤਰ ਦਿਲ ਟ੍ਰੋਪੋਨਿਨਸ ਲਈ ਦਰਦ ਸ਼ੁਰੂ ਹੋਣ ਦੇ ਬਾਰਾਂ ਘੰਟੇ ਬਾਅਦ ਕਿਤਾ ਜਾਂਦਾ ਹੈ I,ਖੂ ਨ   ਦੀ   ਜਾਂ ਚ   ਜ਼ ਿ ਆ ਦਾ ਤ ਰ   ਦਿ ਲ   ਟ੍ਰੋ ਪੋ ਨਿ ਨ ਸ   ਲ ਈ   ਦ ਰ ਦ   ਸ਼ੁ ਰੂ   ਹੋ ਣ   ਦੇ   ਬਾ ਰਾਂ   ਘ ੰ ਟੇ   ਬਾ ਅ ਦ   ਕਿ ਤਾ   ਜਾਂ ਦਾ   ਹੈ   I,42,18
"ਇਹ ਕਿਸੇ ਵੀ ਪ੍ਰਕਿਰਿਆ ਦਾ ਹਵਾਲਾ ਦੇ ਸਕਦਾ ਹੈ, ਜੋ ਕਿਸੇ ਜੀਵ ਦੇ ਅੰਦਰ ਪੈਦਾ ਹੁੰਦੀ ਹੈ (ਭਾਵ ਐਂਡੌਜੇਨਸ) ਅਤੇ ਵਾਤਾਵਰਣ ਨੂੰ ਜਵਾਬ ਦਿੰਦੀ ਹੈ (ਵਾਤਾਵਰਣ ਦੁਆਰਾ ਉਲਝੀ ਹੋਈ)","ਇ ਹ   ਕਿ ਸੇ   ਵੀ   ਪ੍ਰ ਕਿ ਰਿ ਆ   ਦਾ   ਹ ਵਾ ਲਾ   ਦੇ   ਸ ਕ ਦਾ   ਹੈ ,   ਜੋ   ਕਿ ਸੇ   ਜੀ ਵ   ਦੇ   ਅ ੰ ਦ ਰ   ਪੈ ਦਾ   ਹੁ ੰ ਦੀ   ਹੈ   ( ਭਾ ਵ   ਐ ਂ ਡੌ ਜੇ ਨ ਸ )   ਅ ਤੇ   ਵਾ ਤਾ ਵ ਰ ਣ   ਨੂ ੰ   ਜ ਵਾ ਬ   ਦਿ ੰ ਦੀ   ਹੈ   ( ਵਾ ਤਾ ਵ ਰ ਣ   ਦੁ ਆ ਰਾ   ਉ ਲ ਝੀ   ਹੋ ਈ )",76,29
ਡੇਵਿਡ ਈ,ਡੇ ਵਿ ਡ   ਈ,4,2
"ਨਿਕੋਲਸ, ਦੇ ਮੁਤਾਬਿਕ,"" ਇਨ੍ਹਾਂ ਸਾਲਾਂ ਵਿੱਚ ਆਪਣੇ ਸਾਥੀਆਂ ਨਾਲ, ਜਿਹੜੇ ਫਾਰਮਾਸਿਊਟੀਕਲ ਉਦਯੋਗ ਵਿੱਚ ਕੰਮ ਕਰ ਰਹੇ ਹਨ, ਓਨ੍ਹਾਂ ਨੇ ਮੈਨੂੰ ਦੱਸਿਆ ਹੈ ਕਿ ਇੱਕ ਸੰਭਾਵੀ ਨਵੀਂ ਔਸ਼ਧੀ ਦੀ ਛਾਨਬੀਨ ਕਰਦੇ ਸਮੇਂ ,ਜੇਕਰ ਉਸ ਵਿੱਚ ਸੇਰੋਟਿਨ 5-ਹਟ 2 ਆ ਐਗੋਨਿਸਟ ਪ੍ਰਤਿਕਰੀਆ ਹੁੰਦੀ ਹੈ , ਓਹ ਹਮੇਸ਼ਾ ਹੀ, ਉਸ ਅਣੂ ਉੱਪਰ ਹੋਰ ਵਿਕਾਸ ਤੇ ਰੋਕ ਪਾ ਦਿੰਦੀ ਹੈ I","ਨਿ ਕੋ ਲ ਸ ,   ਦੇ   ਮੁ ਤਾ ਬਿ ਕ , ""   ਇ ਨ੍ਹਾਂ   ਸਾ ਲਾਂ   ਵਿ ੱ ਚ   ਆ ਪ ਣੇ   ਸਾ ਥੀ ਆ ਂ   ਨਾ ਲ ,   ਜਿ ਹ ੜ ੇ   ਫਾ ਰ ਮਾ ਸਿ ਊ ਟੀ ਕ ਲ   ਉ ਦ ਯੋ ਗ   ਵਿ ੱ ਚ   ਕ ੰ ਮ   ਕ ਰ   ਰ ਹੇ   ਹ ਨ ,   ਓ ਨ੍ਹਾਂ   ਨੇ   ਮੈ ਨੂ ੰ   ਦ ੱ ਸਿ ਆ   ਹੈ   ਕਿ   ਇ ੱ ਕ   ਸ ੰ ਭਾ ਵੀ   ਨ ਵੀਂ   ਔ ਸ਼ ਧੀ   ਦੀ   ਛਾ ਨ ਬੀ ਨ   ਕ ਰ ਦੇ   ਸ ਮੇਂ   , ਜੇ ਕ ਰ   ਉ ਸ   ਵਿ ੱ ਚ   ਸੇ ਰੋ ਟਿ ਨ   5 - ਹ ਟ   2   ਆ   ਐ ਗੋ ਨਿ ਸ ਟ   ਪ੍ਰ ਤਿ ਕ ਰੀ ਆ   ਹੁ ੰ ਦੀ   ਹੈ   ,   ਓ ਹ   ਹ ਮੇ ਸ਼ਾ   ਹੀ ,   ਉ ਸ   ਅ ਣੂ   ਉ ੱ ਪ ਰ   ਹੋ ਰ   ਵਿ ਕਾ ਸ   ਤੇ   ਰੋ ਕ   ਪਾ   ਦਿ ੰ ਦੀ   ਹੈ   I",155,57
"ਐਲ ਜੀ ਈ ਲਈ ਖੂਨ ਦੀ ਜਾਂਚ ਦੀ ਪੁਸ਼ਟੀ ਕਰਨ ਲਈ ਦੁੱਧ, ਅੰਡੇ, ਮੂੰਗਫਲੀ, ਰੁੱਖ ਦੀ ਗਿਰੀ ਅਤੇ ਮੱਛੀ ਦੀ ਐਲਰਜੀ ਲਾਭਦਾਇਕ ਹੋ ਸਕਦੀ ਹੈ","ਐ ਲ   ਜੀ   ਈ   ਲ ਈ   ਖੂ ਨ   ਦੀ   ਜਾਂ ਚ   ਦੀ   ਪੁ ਸ਼ ਟੀ   ਕ ਰ ਨ   ਲ ਈ   ਦੁ ੱ ਧ ,   ਅ ੰ ਡੇ ,   ਮੂ ੰ ਗ ਫ ਲੀ ,   ਰੁ ੱ ਖ   ਦੀ   ਗਿ ਰੀ   ਅ ਤੇ   ਮ ੱ ਛੀ   ਦੀ   ਐ ਲ ਰ ਜੀ   ਲਾ ਭ ਦਾ ਇ ਕ   ਹੋ   ਸ ਕ ਦੀ   ਹੈ",60,25
"2003 ਦੇ ਇੱਕ ਬੈਟਲੇ ਵਾਤਾਵਰਣ ਮੁਲਾਂਕਣ ਪ੍ਰਣਾਲੀ ਦੇ ਮੁਲਾਂਕਣ ਨੇ ਸੰਕੇਤ ਦਿੱਤਾ ਕਿ ਬੰਗਲੌਰ ਦੇ ਭੌਤਿਕ, ਜੀਵ-ਵਿਗਿਆਨਕ ਅਤੇ ਸਮਾਜਿਕ-ਆਰਥਿਕ ਮਾਪਦੰਡ, ਬੰਗਲੌਰ ਦੇ ਪਾਣੀ ਦੀ ਗੁਣਵੱਤਾ ਅਤੇ ਧਰਤੀ ਅਤੇ ਜਲ-ਪਰਿਆਵਰਣ ਪ੍ਰਣਾਲੀ ਆਦਰਸ਼ ਦੇ ਨੇੜੇ ਸਨ, ਜਦੋਂ ਕਿ ਸ਼ਹਿਰ ਦੇ ਸਮਾਜਿਕ-ਆਰਥਿਕ ਮਾਪਦੰਡ (ਟ੍ਰੈਫਿਕ, ਜੀਵਨ ਦੀ ਗੁਣਵੱਤਾ) ਹਵਾ ਦੀ ਗੁਣਵੱਤਾ ਅਤੇ ਸ਼ੋਰ ਪ੍ਰਦੂਸ਼ਣ ਮਾੜਾ ਸੀ","2 0 0 3   ਦੇ   ਇ ੱ ਕ   ਬੈ ਟ ਲੇ   ਵਾ ਤਾ ਵ ਰ ਣ   ਮੁ ਲਾਂ ਕ ਣ   ਪ੍ਰ ਣਾ ਲੀ   ਦੇ   ਮੁ ਲਾਂ ਕ ਣ   ਨੇ   ਸ ੰ ਕੇ ਤ   ਦਿ ੱ ਤਾ   ਕਿ   ਬ ੰ ਗ ਲੌ ਰ   ਦੇ   ਭੌ ਤਿ ਕ ,   ਜੀ ਵ - ਵਿ ਗਿ ਆ ਨ ਕ   ਅ ਤੇ   ਸ ਮਾ ਜਿ ਕ - ਆ ਰ ਥਿ ਕ   ਮਾ ਪ ਦ ੰ ਡ ,   ਬ ੰ ਗ ਲੌ ਰ   ਦੇ   ਪਾ ਣੀ   ਦੀ   ਗੁ ਣ ਵ ੱ ਤਾ   ਅ ਤੇ   ਧ ਰ ਤੀ   ਅ ਤੇ   ਜ ਲ - ਪ ਰਿ ਆ ਵ ਰ ਣ   ਪ੍ਰ ਣਾ ਲੀ   ਆ ਦ ਰ ਸ਼   ਦੇ   ਨੇ ੜ ੇ   ਸ ਨ ,   ਜ ਦੋਂ   ਕਿ   ਸ਼ ਹਿ ਰ   ਦੇ   ਸ ਮਾ ਜਿ ਕ - ਆ ਰ ਥਿ ਕ   ਮਾ ਪ ਦ ੰ ਡ   ( ਟ੍ਰੈ ਫਿ ਕ ,   ਜੀ ਵ ਨ   ਦੀ   ਗੁ ਣ ਵ ੱ ਤਾ )   ਹ ਵਾ   ਦੀ   ਗੁ ਣ ਵ ੱ ਤਾ   ਅ ਤੇ   ਸ਼ੋ ਰ   ਪ੍ਰ ਦੂ ਸ਼ ਣ   ਮਾ ੜ ਾ   ਸੀ",172,52
"ਕਿਉਂਕਿ ਪੁਡਿੰਗਲ ਨਾੜੀ ਮੋਟਰ ਨਿਊਰੋਨ ਅਤੇ ਸੰਵੇਦੀ ਫਾਈਬਰ ਨੂੰ ਚੁੱਕਦੀ ਹੈ ਜੋ ਕਿ ਪੇਡ ਦੀਆਂ ਮਾਸ-ਪੇਸ਼ੀਆਂ ਨੂੰ ਰੇਸ਼ੇਦਾਰ ਰਖਦੇ ਹਨ, ਪੁਡਿੰਗਲ ਨਾੜੀ ਦਾ ਖੰਡ ਪੈਦਾਇਸ਼ ਦਰਦ ਵਿੱਚ ਰਾਹਤ ਦਿੰਦਾ ਹੈ I","ਕਿ ਉ ਂ ਕਿ   ਪੁ ਡਿ ੰ ਗ ਲ   ਨਾ ੜ ੀ   ਮੋ ਟ ਰ   ਨਿ ਊ ਰੋ ਨ   ਅ ਤੇ   ਸ ੰ ਵੇ ਦੀ   ਫਾ ਈ ਬ ਰ   ਨੂ ੰ   ਚੁ ੱ ਕ ਦੀ   ਹੈ   ਜੋ   ਕਿ   ਪੇ ਡ   ਦੀ ਆ ਂ   ਮਾ ਸ - ਪੇ ਸ਼ੀ ਆ ਂ   ਨੂ ੰ   ਰੇ ਸ਼ੇ ਦਾ ਰ   ਰ ਖ ਦੇ   ਹ ਨ ,   ਪੁ ਡਿ ੰ ਗ ਲ   ਨਾ ੜ ੀ   ਦਾ   ਖ ੰ ਡ   ਪੈ ਦਾ ਇ ਸ਼   ਦ ਰ ਦ   ਵਿ ੱ ਚ   ਰਾ ਹ ਤ   ਦਿ ੰ ਦਾ   ਹੈ   I",92,31
"ਇਹ ਚਮੜੀ ਦੇ ਐਪੀਡਰਿਮਸ ਵਿੱਚ ਰਚ ਜਾਂਦਾ ਹੈ, ਜਿੱਥੇ ਇਹ ਗਰਮ ਅਤੇ ਠੰਡੇ ਪ੍ਰਤੀ ਸੰਵੇਦਨਸ਼ੀਲ ਨਸਾਂ ਨੂੰ ਉਤੇਜਿਤ ਕਰਦਾ ਹੈ, ਜਦੋਂ ਜ਼ੋਰਦਾਰ ਢੰਗ ਨਾਲ ਲਾਗੂ ਕੀਤਾ ਜਾਂਦਾ ਹੈ ਤਾਂ ਇੱਕ ਨਿੱਘੀ ਸੰਵੇਦਨਾ ਪੈਦਾ ਕਰਦਾ ਹੈ ਜਾਂ ਹੌਲੀ ਹੌਲੀ ਇੱਕ ਠੰਡੀ ਸੰਵੇਦਨਾ ਪੈਦਾ ਹੁੰਦੀ ਹੈ, ਜੋ ਇਸ ਦੀਆਂ ਵਿਸ਼ੇਸ਼ਤਾਵਾਂ ਨੂੰ ਇੱਕ ਵਿਰੋਧੀ ਵਜੋਂ ਦਰਸਾਉਂਦੀ ਹੈ","ਇ ਹ   ਚ ਮ ੜ ੀ   ਦੇ   ਐ ਪੀ ਡ ਰਿ ਮ ਸ   ਵਿ ੱ ਚ   ਰ ਚ   ਜਾਂ ਦਾ   ਹੈ ,   ਜਿ ੱ ਥੇ   ਇ ਹ   ਗ ਰ ਮ   ਅ ਤੇ   ਠ ੰ ਡੇ   ਪ੍ਰ ਤੀ   ਸ ੰ ਵੇ ਦ ਨ ਸ਼ੀ ਲ   ਨ ਸਾਂ   ਨੂ ੰ   ਉ ਤੇ ਜਿ ਤ   ਕ ਰ ਦਾ   ਹੈ ,   ਜ ਦੋਂ   ਜ਼ ੋ ਰ ਦਾ ਰ   ਢ ੰ ਗ   ਨਾ ਲ   ਲਾ ਗੂ   ਕੀ ਤਾ   ਜਾਂ ਦਾ   ਹੈ   ਤਾਂ   ਇ ੱ ਕ   ਨਿ ੱ ਘੀ   ਸ ੰ ਵੇ ਦ ਨਾ   ਪੈ ਦਾ   ਕ ਰ ਦਾ   ਹੈ   ਜਾਂ   ਹੌ ਲੀ   ਹੌ ਲੀ   ਇ ੱ ਕ   ਠ ੰ ਡੀ   ਸ ੰ ਵੇ ਦ ਨਾ   ਪੈ ਦਾ   ਹੁ ੰ ਦੀ   ਹੈ ,   ਜੋ   ਇ ਸ   ਦੀ ਆ ਂ   ਵਿ ਸ਼ੇ ਸ਼ ਤਾ ਵਾਂ   ਨੂ ੰ   ਇ ੱ ਕ   ਵਿ ਰੋ ਧੀ   ਵ ਜੋਂ   ਦ ਰ ਸਾ ਉ ਂ ਦੀ   ਹੈ",145,54
ਕਲੋਰਿਆ ਉਰਲ ਪਹਾੜੀਆਂ ਦੇ ਦੱਖਣ ਭਾਗ ਵਿੱਚ 1829 ਵਿੱਚ ਪਹੁੰਚਿਆਂ I,ਕ ਲੋ ਰਿ ਆ   ਉ ਰ ਲ   ਪ ਹਾ ੜ ੀ ਆ ਂ   ਦੇ   ਦ ੱ ਖ ਣ   ਭਾ ਗ   ਵਿ ੱ ਚ   1 8 2 9   ਵਿ ੱ ਚ   ਪ ਹੁ ੰ ਚਿ ਆ ਂ   I,37,11
"ਕਾਲੈਜਨ ਹੈਮਿਓਸਟੇਟ ਦੇ ਤੋਰ ਤੇ : ਜਦੋਂ ਕਾਲੈਜਨ ਪਲੇਟੇਲਿਟਸ ਨਾਲ ਮਿਲਦੇ ਹਨ , ਉਸ ਨਾਲ ਖੂਨ ਤੇਜ਼ੀ ਨਾਲ ਇਕੱਠਾ ਸ਼ੁਰੂ ਹੋਣ ਲੱਗ ਜਾਂਦਾ ਹੈ I","ਕਾ ਲੈ ਜ ਨ   ਹੈ ਮਿ ਓ ਸ ਟੇ ਟ   ਦੇ   ਤੋ ਰ   ਤੇ   :   ਜ ਦੋਂ   ਕਾ ਲੈ ਜ ਨ   ਪ ਲੇ ਟੇ ਲਿ ਟ ਸ   ਨਾ ਲ   ਮਿ ਲ ਦੇ   ਹ ਨ   ,   ਉ ਸ   ਨਾ ਲ   ਖੂ ਨ   ਤੇ ਜ਼ ੀ   ਨਾ ਲ   ਇ ਕ ੱ ਠਾ   ਸ਼ੁ ਰੂ   ਹੋ ਣ   ਲ ੱ ਗ   ਜਾਂ ਦਾ   ਹੈ   I",61,25
"ਸਾਰੇ ਵਰਤਮਾਨ ਵਿੱਚ ਵਰਤੇ ਗਏ ਐਂਥ੍ਰੈਕਸ ਵੈਕਸੀਨ ਕਾਫੀ ਸਥਾਨਕ ਅਤੇ ਆਮ ਰੀਐਕਟੋਜੇਨੀਸਿਟੀ (ਏਰੀਥੀਮਾ, ਇੰਡਿਊਰੇਸ਼ਨ, ਦਰਦ ਅਤੇ ਬੁਖਾਰ) ਨੂੰ ਦਰਸਾਉਂਦੀਆਂ ਹਨ, ਅਤੇ ਲੱਗਭਗ 1% ਪ੍ਰਾਪਤਕਰਤਾਵਾਂ ਵਿੱਚ ਗੰਭੀਰ ਪ੍ਰਤੀਕੂਲ ਪ੍ਰਕਿਰਿਆਵਾਂ ਹੁੰਦੀਆਂ ਹਨ","ਸਾ ਰੇ   ਵ ਰ ਤ ਮਾ ਨ   ਵਿ ੱ ਚ   ਵ ਰ ਤੇ   ਗ ਏ   ਐ ਂ ਥ੍ਰੈ ਕ ਸ   ਵੈ ਕ ਸੀ ਨ   ਕਾ ਫੀ   ਸ ਥਾ ਨ ਕ   ਅ ਤੇ   ਆ ਮ   ਰੀ ਐ ਕ ਟੋ ਜੇ ਨੀ ਸਿ ਟੀ   ( ਏ ਰੀ ਥੀ ਮਾ ,   ਇ ੰ ਡਿ ਊ ਰੇ ਸ਼ ਨ ,   ਦ ਰ ਦ   ਅ ਤੇ   ਬੁ ਖਾ ਰ )   ਨੂ ੰ   ਦ ਰ ਸਾ ਉ ਂ ਦੀ ਆ ਂ   ਹ ਨ ,   ਅ ਤੇ   ਲ ੱ ਗ ਭ ਗ   1 %   ਪ੍ਰਾ ਪ ਤ ਕ ਰ ਤਾ ਵਾਂ   ਵਿ ੱ ਚ   ਗ ੰ ਭੀ ਰ   ਪ੍ਰ ਤੀ ਕੂ ਲ   ਪ੍ਰ ਕਿ ਰਿ ਆ ਵਾਂ   ਹੁ ੰ ਦੀ ਆ ਂ   ਹ ਨ",117,30
"ਨਿਦਾਨ, ਗੰਭੀਰਤਾ, ਅਤੇ ਵਿਅਕਤੀ ਦੇ ਨਾਲ ਨਾਲ ਨੌਕਰੀ 'ਤੇ ਨਿਰਭਰ ਕਰਦੇ ਹੋਏ, ਸਖਸ਼ੀਅਤ ਵਿਕਾਰ ਕੰਮ ਜਾਂ ਕੰਮ ਵਾਲੀ ਥਾਂ ਨਾਲ ਨਜਿੱਠਣ ਵਿੱਚ ਮੁਸ਼ਕਿਲ ਨਾਲ ਜੁੜੇ ਹੋ ਸਕਦੇ ਹਨ, ਸੰਭਾਵੀ ਤੌਰ 'ਤੇ ਆਪਸੀ ਸਬੰਧਾਂ ਵਿੱਚ ਦਖਲ ਦੇ ਕੇ ਦੂਜਿਆਂ ਨਾਲ ਸਮੱਸਿਆਵਾਂ ਪੈਦਾ ਕਰ ਸਕਦੇ ਹਨ","ਨਿ ਦਾ ਨ ,   ਗ ੰ ਭੀ ਰ ਤਾ ,   ਅ ਤੇ   ਵਿ ਅ ਕ ਤੀ   ਦੇ   ਨਾ ਲ   ਨਾ ਲ   ਨੌ ਕ ਰੀ   ' ਤੇ   ਨਿ ਰ ਭ ਰ   ਕ ਰ ਦੇ   ਹੋ ਏ ,   ਸ ਖ ਸ਼ੀ ਅ ਤ   ਵਿ ਕਾ ਰ   ਕ ੰ ਮ   ਜਾਂ   ਕ ੰ ਮ   ਵਾ ਲੀ   ਥਾਂ   ਨਾ ਲ   ਨ ਜਿ ੱ ਠ ਣ   ਵਿ ੱ ਚ   ਮੁ ਸ਼ ਕਿ ਲ   ਨਾ ਲ   ਜੁ ੜ ੇ   ਹੋ   ਸ ਕ ਦੇ   ਹ ਨ ,   ਸ ੰ ਭਾ ਵੀ   ਤੌ ਰ   ' ਤੇ   ਆ ਪ ਸੀ   ਸ ਬ ੰ ਧਾਂ   ਵਿ ੱ ਚ   ਦ ਖ ਲ   ਦੇ   ਕੇ   ਦੂ ਜਿ ਆ ਂ   ਨਾ ਲ   ਸ ਮ ੱ ਸਿ ਆ ਵਾਂ   ਪੈ ਦਾ   ਕ ਰ   ਸ ਕ ਦੇ   ਹ ਨ",124,44
ਘੱਟ ਹਵਾਦਾਰੀ ਕਾਰਨ ਛੱਡੇ ਹੋਏ ਸਾਹ ਦੇ ਕਣ ਬੰਦ ਥਾਵਾਂ ਵਿੱਚ ਇਕੱਠੇ ਹੋ ਸਕਦੇ ਹਨ I,ਘ ੱ ਟ   ਹ ਵਾ ਦਾ ਰੀ   ਕਾ ਰ ਨ   ਛ ੱ ਡੇ   ਹੋ ਏ   ਸਾ ਹ   ਦੇ   ਕ ਣ   ਬ ੰ ਦ   ਥਾ ਵਾਂ   ਵਿ ੱ ਚ   ਇ ਕ ੱ ਠੇ   ਹੋ   ਸ ਕ ਦੇ   ਹ ਨ   I,39,16
ਕਈ ਮਹੀਨਿਆਂ ਦੇ ਸਵਾਈਨ ਫਲੂ ਦੇ ਹਮਲਿਆਂ ਤੋਂ ਬਾਅਦ ਭਾਰਤੀ ਬਜ਼ਾਰ ਵਿੱਚ ਟਾਮੀਫਲੂ (ਓਸੇਲਟਾਮੀਵੀਰ ) ਦਾ ਇੱਕ ਆਮ ਸੰਸਕਰਣ ਉਪਲੱਬਧ ਕਰਵਾਇਆ ਗਿਆ ਸੀ I,ਕ ਈ   ਮ ਹੀ ਨਿ ਆ ਂ   ਦੇ   ਸ ਵਾ ਈ ਨ   ਫ ਲੂ   ਦੇ   ਹ ਮ ਲਿ ਆ ਂ   ਤੋਂ   ਬਾ ਅ ਦ   ਭਾ ਰ ਤੀ   ਬ ਜ਼ ਾ ਰ   ਵਿ ੱ ਚ   ਟਾ ਮੀ ਫ ਲੂ   ( ਓ ਸੇ ਲ ਟਾ ਮੀ ਵੀ ਰ   )   ਦਾ   ਇ ੱ ਕ   ਆ ਮ   ਸ ੰ ਸ ਕ ਰ ਣ   ਉ ਪ ਲ ੱ ਬ ਧ   ਕ ਰ ਵਾ ਇ ਆ   ਗਿ ਆ   ਸੀ   I,74,24
80-85% ਲਾਹੇਵੰਦ ਬੈਕਟੀਰੀਆ ਦਾ ਅਨੁਪਾਤ 15-20% ਸੰਭਾਵੀ ਤੌਰ 'ਤੇ ਨੁਕਸਾਨਦੇਹ ਬੈਕਟੀਰੀਆ ਆਮ ਤੌਰ 'ਤੇ ਅੰਤੜੀਆਂ ਦੇ ਅੰਦਰ ਆਮ ਮੰਨਿਆ ਜਾਂਦਾ ਹੈ ਅਤੇ ਹੋਮਿਓਸਟੈਸਿਸ ਬਣਾਈ ਰੱਖਦਾ ਹੈ,8 0 - 8 5 %   ਲਾ ਹੇ ਵ ੰ ਦ   ਬੈ ਕ ਟੀ ਰੀ ਆ   ਦਾ   ਅ ਨੁ ਪਾ ਤ   1 5 - 2 0 %   ਸ ੰ ਭਾ ਵੀ   ਤੌ ਰ   ' ਤੇ   ਨੁ ਕ ਸਾ ਨ ਦੇ ਹ   ਬੈ ਕ ਟੀ ਰੀ ਆ   ਆ ਮ   ਤੌ ਰ   ' ਤੇ   ਅ ੰ ਤ ੜ ੀ ਆ ਂ   ਦੇ   ਅ ੰ ਦ ਰ   ਆ ਮ   ਮ ੰ ਨਿ ਆ   ਜਾਂ ਦਾ   ਹੈ   ਅ ਤੇ   ਹੋ ਮਿ ਓ ਸ ਟੈ ਸਿ ਸ   ਬ ਣਾ ਈ   ਰ ੱ ਖ ਦਾ   ਹੈ,90,26
"ਜਦੋਂ ਬਰਤਾਨੀਆ ਨੇ ਆਖਿਰਕਾਰ 13 ਜੁਲਾਈ 1829 ਨੂੰ ਖੇਤਰ ਨੂੰ ਹੜੱਪ ਲਿਆ, ਇਹ ਲੱਗਭਗ ਉਜਾੜ ਸੀ; ਉਸ ਸਮੇਂ ਜ਼ਮੀਨਾਂ ਨੂੰ ਵਿਕਸਿਤ ਕਰਨ ਲਈ 1260 ਰੁਪਏ ਦੇ ਪ੍ਰੋਤਸਾਹਨ ਨਾਲ ਕਾਸ਼ਤਕਾਰਾਂ ਨੂੰ ਸ਼ਾਮਿਲ ਕਰਕੇ ਥਾਂਵਾਂ ਨੂੰ ਭਰਨ ਦੇ ਯਤਨ ਵੀ ਅਸਫਲ ਰਹੇ ਸਨ","ਜ ਦੋਂ   ਬ ਰ ਤਾ ਨੀ ਆ   ਨੇ   ਆ ਖਿ ਰ ਕਾ ਰ   1 3   ਜੁ ਲਾ ਈ   1 8 2 9   ਨੂ ੰ   ਖੇ ਤ ਰ   ਨੂ ੰ   ਹ ੜ ੱ ਪ   ਲਿ ਆ ,   ਇ ਹ   ਲ ੱ ਗ ਭ ਗ   ਉ ਜਾ ੜ   ਸੀ ;   ਉ ਸ   ਸ ਮੇਂ   ਜ਼ ਮੀ ਨਾਂ   ਨੂ ੰ   ਵਿ ਕ ਸਿ ਤ   ਕ ਰ ਨ   ਲ ਈ   1 2 6 0   ਰੁ ਪ ਏ   ਦੇ   ਪ੍ਰੋ ਤ ਸਾ ਹ ਨ   ਨਾ ਲ   ਕਾ ਸ਼ ਤ ਕਾ ਰਾਂ   ਨੂ ੰ   ਸ਼ਾ ਮਿ ਲ   ਕ ਰ ਕੇ   ਥਾਂ ਵਾਂ   ਨੂ ੰ   ਭ ਰ ਨ   ਦੇ   ਯ ਤ ਨ   ਵੀ   ਅ ਸ ਫ ਲ   ਰ ਹੇ   ਸ ਨ",114,41
"ਮਾਨਸਿਕ ਸਿਹਤ ਪੇਸ਼ੇਵਰ ਜਿਵੇਂ ਕਿ ਮਨੋਵਿਗਿਆਨੀ, ਮਨੋਵਿਗਿਆਨ ਵਿੱਚ ਐਮ ਡੀ, ਮਨੋਵਿਗਿਆਨ ਵਿੱਚ ਡਿਪਲੋਮਾ, ਜਾਂ ਮਨੋਵਿਗਿਆਨ ਵਿੱਚ ਰਾਸ਼ਟਰੀ ਬੋਰਡ ਦੇ ਡਿਪਲੋਮੇਟ ਨੂੰ ਪੂਰਾ ਕਰਕੇ ਆਪਣੀਆਂ ਯੋਗਤਾਵਾਂ ; ਇੱਕ ਤੋਂ ਬਾਅਦ ਇੱਕ ਐਮ ਬੀ ਬੀ ਐਸ ਮੈਡੀਕਲ ਕੌਂਸਿਲ ਆਫ਼ ਇੰਡੀਆ ਸੈਂਟਰ ਤੋਂ ਹਾਸਿਲ ਕਰਦੇ ਹਨ","ਮਾ ਨ ਸਿ ਕ   ਸਿ ਹ ਤ   ਪੇ ਸ਼ੇ ਵ ਰ   ਜਿ ਵੇਂ   ਕਿ   ਮ ਨੋ ਵਿ ਗਿ ਆ ਨੀ ,   ਮ ਨੋ ਵਿ ਗਿ ਆ ਨ   ਵਿ ੱ ਚ   ਐ ਮ   ਡੀ ,   ਮ ਨੋ ਵਿ ਗਿ ਆ ਨ   ਵਿ ੱ ਚ   ਡਿ ਪ ਲੋ ਮਾ ,   ਜਾਂ   ਮ ਨੋ ਵਿ ਗਿ ਆ ਨ   ਵਿ ੱ ਚ   ਰਾ ਸ਼ ਟ ਰੀ   ਬੋ ਰ ਡ   ਦੇ   ਡਿ ਪ ਲੋ ਮੇ ਟ   ਨੂ ੰ   ਪੂ ਰਾ   ਕ ਰ ਕੇ   ਆ ਪ ਣੀ ਆ ਂ   ਯੋ ਗ ਤਾ ਵਾਂ   ;   ਇ ੱ ਕ   ਤੋਂ   ਬਾ ਅ ਦ   ਇ ੱ ਕ   ਐ ਮ   ਬੀ   ਬੀ   ਐ ਸ   ਮੈ ਡੀ ਕ ਲ   ਕੌਂ ਸਿ ਲ   ਆ ਫ਼   ਇ ੰ ਡੀ ਆ   ਸੈਂ ਟ ਰ   ਤੋਂ   ਹਾ ਸਿ ਲ   ਕ ਰ ਦੇ   ਹ ਨ",129,43
"ਕੈਨੇਡਾ ਵਿੱਚ, 21 ਅਕਤੂਬਰ ਤੋਂ 7 ਨਵੰਬਰ ਤੱਕ ਵੈਕਸੀਨ ਦੀਆਂ 6","ਕੈ ਨੇ ਡਾ   ਵਿ ੱ ਚ ,   2 1   ਅ ਕ ਤੂ ਬ ਰ   ਤੋਂ   7   ਨ ਵ ੰ ਬ ਰ   ਤ ੱ ਕ   ਵੈ ਕ ਸੀ ਨ   ਦੀ ਆ ਂ   6",32,11
"6 ਮਿਲੀਅਨ ਖੁਰਾਕਾਂ ਵੰਡੀਆਂ ਜਾਣ ਤੋਂ ਬਾਅਦ, ਟੀਕੇ ਲਗਾਉਣ ਵਾਲੇ 598 ਲੋਕਾਂ ਵਿੱਚ ਮਤਲੀ, ਚੱਕਰ ਆਉਣੇ, ਸਿਰ ਦਰਦ, ਬੁਖਾਰ, ਉਲਟੀ ਅਤੇ ਸੋਜ ਜਾਂ ਦਰਦ ਵਰਗੀਆਂ ਪ੍ਰਤੀਕੁਲ ਘਟਨਾਵਾਂ ਦੀਆਂ ਰਿਪੋਰਟਾਂ ਆਈਆਂ","6   ਮਿ ਲੀ ਅ ਨ   ਖੁ ਰਾ ਕਾਂ   ਵ ੰ ਡੀ ਆ ਂ   ਜਾ ਣ   ਤੋਂ   ਬਾ ਅ ਦ ,   ਟੀ ਕੇ   ਲ ਗਾ ਉ ਣ   ਵਾ ਲੇ   5 9 8   ਲੋ ਕਾਂ   ਵਿ ੱ ਚ   ਮ ਤ ਲੀ ,   ਚ ੱ ਕ ਰ   ਆ ਉ ਣੇ ,   ਸਿ ਰ   ਦ ਰ ਦ ,   ਬੁ ਖਾ ਰ ,   ਉ ਲ ਟੀ   ਅ ਤੇ   ਸੋ ਜ   ਜਾਂ   ਦ ਰ ਦ   ਵ ਰ ਗੀ ਆ ਂ   ਪ੍ਰ ਤੀ ਕੁ ਲ   ਘ ਟ ਨਾ ਵਾਂ   ਦੀ ਆ ਂ   ਰਿ ਪੋ ਰ ਟਾਂ   ਆ ਈ ਆ ਂ",93,30
"ਇਹ ਦੇਖਦੇ ਹੋਏ ਕਿ ਜਰਾਸਿਮ ਘੱਟ ਹੁੰਦੇ ਹਨ, ਉਹਨਾਂ ਲਈ ਆਪਣੇ ਜਰਾਸਿਮ ਰੂਪ ਵਿੱਚ ਵਾਪਿਸ ਆਉਣਾ ਅਤੇ ਬਾਅਦ ਵਿੱਚ ਬਿਮਾਰੀ ਦਾ ਕਾਰਨ ਬਣਨਾ ਬਹੁਤ ਘੱਟ ਹੁੰਦਾ ਹੈ","ਇ ਹ   ਦੇ ਖ ਦੇ   ਹੋ ਏ   ਕਿ   ਜ ਰਾ ਸਿ ਮ   ਘ ੱ ਟ   ਹੁ ੰ ਦੇ   ਹ ਨ ,   ਉ ਹ ਨਾਂ   ਲ ਈ   ਆ ਪ ਣੇ   ਜ ਰਾ ਸਿ ਮ   ਰੂ ਪ   ਵਿ ੱ ਚ   ਵਾ ਪਿ ਸ   ਆ ਉ ਣਾ   ਅ ਤੇ   ਬਾ ਅ ਦ   ਵਿ ੱ ਚ   ਬਿ ਮਾ ਰੀ   ਦਾ   ਕਾ ਰ ਨ   ਬ ਣ ਨਾ   ਬ ਹੁ ਤ   ਘ ੱ ਟ   ਹੁ ੰ ਦਾ   ਹੈ",72,27
ਜਿਵੀਤ - ਘੱਟ ਸਮਰੱਥਾ ਵਾਲੇ ਟੀਕੇ ਸੁਰੱਖਿਅਤ ਹੁੰਦੇ ਹਨ ਅਤੇ ਮਜ਼ਬੂਤ ਤੇ ਕਾਮਯਾਬ ਪ੍ਰਤੀਰੱਖਿਆ ਪ੍ਰਤੀਕਿਰਿਆਉਤੇਜਿਤ ਕਰਦੇ ਹਨ ਜੋ ਕਿ ਚਿਰਸਥਾਈ ਹੁੰਦਾ ਹੈ I,ਜਿ ਵੀ ਤ   -   ਘ ੱ ਟ   ਸ ਮ ਰ ੱ ਥਾ   ਵਾ ਲੇ   ਟੀ ਕੇ   ਸੁ ਰ ੱ ਖਿ ਅ ਤ   ਹੁ ੰ ਦੇ   ਹ ਨ   ਅ ਤੇ   ਮ ਜ਼ ਬੂ ਤ   ਤੇ   ਕਾ ਮ ਯਾ ਬ   ਪ੍ਰ ਤੀ ਰ ੱ ਖਿ ਆ   ਪ੍ਰ ਤੀ ਕਿ ਰਿ ਆ ਉ ਤੇ ਜਿ ਤ   ਕ ਰ ਦੇ   ਹ ਨ   ਜੋ   ਕਿ   ਚਿ ਰ ਸ ਥਾ ਈ   ਹੁ ੰ ਦਾ   ਹੈ   I,70,23
"ਇੱਕ ਹੈ ਕੁਪੋਸ਼ਣ, ਜਿਸ ਵਿੱਚ ਸਟਟਿੰਗ (ਉਮਰ ਤੋਂ ਘੱਟ ਉਂਚਾਈ), ਬਰਬਾਦੀ (ਉਂਚਾਈ ਲਈ ਘੱਟ ਭਾਰ), ਅਤੇ ਮਾਈਕ੍ਰੋਨਿਊਟਰੈਂਟ ਕਮੀਆਂ ਜਾਂ ਅਸ਼ੁੱਧੀਆਂ (ਮਹੱਤਵਪੂਰਨ ਵਿਟਾਮਿਨ ਅਤੇ ਖਣਿਜਾਂ ਦੀ ਘਾਟ) ਸ਼ਾਮਿਲ ਹਨ","ਇ ੱ ਕ   ਹੈ   ਕੁ ਪੋ ਸ਼ ਣ ,   ਜਿ ਸ   ਵਿ ੱ ਚ   ਸ ਟ ਟਿ ੰ ਗ   ( ਉ ਮ ਰ   ਤੋਂ   ਘ ੱ ਟ   ਉ ਂ ਚਾ ਈ ) ,   ਬ ਰ ਬਾ ਦੀ   ( ਉ ਂ ਚਾ ਈ   ਲ ਈ   ਘ ੱ ਟ   ਭਾ ਰ ) ,   ਅ ਤੇ   ਮਾ ਈ ਕ੍ਰੋ ਨਿ ਊ ਟ ਰੈਂ ਟ   ਕ ਮੀ ਆ ਂ   ਜਾਂ   ਅ ਸ਼ੁ ੱ ਧੀ ਆ ਂ   ( ਮ ਹ ੱ ਤ ਵ ਪੂ ਰ ਨ   ਵਿ ਟਾ ਮਿ ਨ   ਅ ਤੇ   ਖ ਣਿ ਜਾਂ   ਦੀ   ਘਾ ਟ )   ਸ਼ਾ ਮਿ ਲ   ਹ ਨ",99,28
"ਹਲਾਂਕਿ, ਜਿਨ੍ਹਾਂ ਲੋਕਾਂ ਨੇ ਦੋ ਜਾਂ ਤਿੰਨ ਸਾਲਾਂ ਤੋਂ ਸਿਮਰਨ ਕੀਤਾ ਹੈ, ਉਨ੍ਹਾਂ ਵਿੱਚ ਪਹਿਲਾਂ ਹੀ ਘੱਟ ਬਲੱਡ ਪ੍ਰੈਸ਼ਰ ਪਾਇਆ ਗਿਆ ਹੈ","ਹ ਲਾਂ ਕਿ ,   ਜਿ ਨ੍ਹਾਂ   ਲੋ ਕਾਂ   ਨੇ   ਦੋ   ਜਾਂ   ਤਿ ੰ ਨ   ਸਾ ਲਾਂ   ਤੋਂ   ਸਿ ਮ ਰ ਨ   ਕੀ ਤਾ   ਹੈ ,   ਉ ਨ੍ਹਾਂ   ਵਿ ੱ ਚ   ਪ ਹਿ ਲਾਂ   ਹੀ   ਘ ੱ ਟ   ਬ ਲ ੱ ਡ   ਪ੍ਰੈ ਸ਼ ਰ   ਪਾ ਇ ਆ   ਗਿ ਆ   ਹੈ",50,22
"ਐਨ ਸੀ ਡੀ ਵਿੱਚ ਬਹੁਤ ਸਾਰੀਆਂ ਵਾਤਾਵਰਣਕ ਬਿਮਾਰੀਆਂ ਸ਼ਾਮਿਲ ਹਨ ਜੋ ਕਿ ਸੂਰਜ ਦੀ ਰੌਸ਼ਨੀ ਦੇ ਪੋਸ਼ਣ, ਪ੍ਰਦੂਸ਼ਣ ਅਤੇ ਜੀਵਨਸ਼ੈਲੀ ਦੇ ਵਿਕਲਪਾਂ, ਜਿਵੇਂ ਕਿ ਐਕਸਟਮਲ ਕਾਰਕਾਂ ਦੇ ਕਾਰਣ, ਬਚਣ੍ਯੋਗ ਅਤੇ ਅਟੱਲ ਮਨੁੱਖੀ ਸਿਹਤ ਸਥਿਤੀਆਂ ਦੀ ਇੱਕ ਵਿਸ਼ਾਲ ਸ਼੍ਰੇਣੀ ਨੂੰ ਢੱਕਦਾ ਹੈ","ਐ ਨ   ਸੀ   ਡੀ   ਵਿ ੱ ਚ   ਬ ਹੁ ਤ   ਸਾ ਰੀ ਆ ਂ   ਵਾ ਤਾ ਵ ਰ ਣ ਕ   ਬਿ ਮਾ ਰੀ ਆ ਂ   ਸ਼ਾ ਮਿ ਲ   ਹ ਨ   ਜੋ   ਕਿ   ਸੂ ਰ ਜ   ਦੀ   ਰੌ ਸ਼ ਨੀ   ਦੇ   ਪੋ ਸ਼ ਣ ,   ਪ੍ਰ ਦੂ ਸ਼ ਣ   ਅ ਤੇ   ਜੀ ਵ ਨ ਸ਼ੈ ਲੀ   ਦੇ   ਵਿ ਕ ਲ ਪਾਂ ,   ਜਿ ਵੇਂ   ਕਿ   ਐ ਕ ਸ ਟ ਮ ਲ   ਕਾ ਰ ਕਾਂ   ਦੇ   ਕਾ ਰ ਣ ,   ਬ ਚ ਣ੍ਯੋ ਗ   ਅ ਤੇ   ਅ ਟ ੱ ਲ   ਮ ਨੁ ੱ ਖੀ   ਸਿ ਹ ਤ   ਸ ਥਿ ਤੀ ਆ ਂ   ਦੀ   ਇ ੱ ਕ   ਵਿ ਸ਼ਾ ਲ   ਸ਼੍ਰੇ ਣੀ   ਨੂ ੰ   ਢ ੱ ਕ ਦਾ   ਹੈ",116,41
ਸਲਫਾਈਟ ਦੋਨੋਂ ਇਮਿਊਨੋਲੋਜਿਕ ਤੇ ਗੈਰ-ਇਮਿਊਨੋਲੋਜਿਕ ਢੰਗਾ ਨਾਲ ਪਰਤੀਕਰਮ ਕਰ ਸਕਦਾ ਹੈ I,ਸ ਲ ਫਾ ਈ ਟ   ਦੋ ਨੋਂ   ਇ ਮਿ ਊ ਨੋ ਲੋ ਜਿ ਕ   ਤੇ   ਗੈ ਰ - ਇ ਮਿ ਊ ਨੋ ਲੋ ਜਿ ਕ   ਢ ੰ ਗਾ   ਨਾ ਲ   ਪ ਰ ਤੀ ਕ ਰ ਮ   ਕ ਰ   ਸ ਕ ਦਾ   ਹੈ   I,43,12
"ਅਪ੍ਰੈਲ 2, 2020 ਨੂੰ ਡਾਗੇਨਸ ਇਕੋ ਨੇ ਇਤਲਾਹ ਕਿਤਾ ਕਿ COVID-19 ਘੱਟੋ-ਘੱਟ 90 ਨਗਰ ਪਾਲਿਕਾਵਾਂ ਦੇ ਰੀਟਾਇਰਮੈਂਟ ਘਰਾਂ ਵਿੱਚ ਫੈਲ ਗਿਆ ਹੈ I","ਅ ਪ੍ਰੈ ਲ   2 ,   2 0 2 0   ਨੂ ੰ   ਡਾ ਗੇ ਨ ਸ   ਇ ਕੋ   ਨੇ   ਇ ਤ ਲਾ ਹ   ਕਿ ਤਾ   ਕਿ   C O V I D - 1 9   ਘ ੱ ਟੋ - ਘ ੱ ਟ   9 0   ਨ ਗ ਰ   ਪਾ ਲਿ ਕਾ ਵਾਂ   ਦੇ   ਰੀ ਟਾ ਇ ਰ ਮੈਂ ਟ   ਘ ਰਾਂ   ਵਿ ੱ ਚ   ਫੈ ਲ   ਗਿ ਆ   ਹੈ   I",67,23
"ਇੱਕ ਵਾਰ ਜਦੋਂ ਇੱਕ ਵਾਇਰਸ ਜੀਨੋਮ ਇੱਕ ਮੇਜ਼ਬਾਨ ਸੈੱਲ ਵਿੱਚ ਚਾਲੂ ਹੋ ਜਾਂਦਾ ਹੈ, ਤਾਂ ਫਿਰ ਇਹ ਮੈਸੇਂਜਰ ਆਰ ਐਨ ਏ (mRNA) ਅਣੂ ਪੈਦਾ ਕਰਦਾ ਹੈ ਜੋ ਵਾਇਰਲ ਪ੍ਰੋਟੀਨ ਦੇ ਸਨਸ਼ਲੇਸ਼ਨ ਨੂੰ ਨਿਰਦੇਸ਼ਿਤ ਕਰਦਾ ਹੈ","ਇ ੱ ਕ   ਵਾ ਰ   ਜ ਦੋਂ   ਇ ੱ ਕ   ਵਾ ਇ ਰ ਸ   ਜੀ ਨੋ ਮ   ਇ ੱ ਕ   ਮੇ ਜ਼ ਬਾ ਨ   ਸੈ ੱ ਲ   ਵਿ ੱ ਚ   ਚਾ ਲੂ   ਹੋ   ਜਾਂ ਦਾ   ਹੈ ,   ਤਾਂ   ਫਿ ਰ   ਇ ਹ   ਮੈ ਸੇਂ ਜ ਰ   ਆ ਰ   ਐ ਨ   ਏ   ( m R N A )   ਅ ਣੂ   ਪੈ ਦਾ   ਕ ਰ ਦਾ   ਹੈ   ਜੋ   ਵਾ ਇ ਰ ਲ   ਪ੍ਰੋ ਟੀ ਨ   ਦੇ   ਸ ਨ ਸ਼ ਲੇ ਸ਼ ਨ   ਨੂ ੰ   ਨਿ ਰ ਦੇ ਸ਼ਿ ਤ   ਕ ਰ ਦਾ   ਹੈ",91,35
"ਇਨ੍ਹਾਂ ਕਾਰਨਾ ਕਰਕੇ , ਕੰਜਕੁਆਰੀ ਦਾ ਪਤਾ ਸਿਰਫ਼ ਕੁਆਰ ਪਰਦੇ ਦੀ ਜਾਂਚ ਕਰ ਕੇ ਪਤਾ ਨਹੀਂ ਲੱਗ ਸਕਦਾ I","ਇ ਨ੍ਹਾਂ   ਕਾ ਰ ਨਾ   ਕ ਰ ਕੇ   ,   ਕ ੰ ਜ ਕੁ ਆ ਰੀ   ਦਾ   ਪ ਤਾ   ਸਿ ਰ ਫ਼   ਕੁ ਆ ਰ   ਪ ਰ ਦੇ   ਦੀ   ਜਾਂ ਚ   ਕ ਰ   ਕੇ   ਪ ਤਾ   ਨ ਹੀਂ   ਲ ੱ ਗ   ਸ ਕ ਦਾ   I",44,19
"ਉਹ ਦਲੀਲ ਦਿੰਦੇ ਹਨ ਕਿ ਸ਼ਖਸੀਅਤ ਨੇ ਵਿਕਾਰਾਂ ਦਾ ਸਿਧਾਂਤ ਅਤੇ ਸਮਾਜਿਕ ਨਿਦਾਨ ਜਾਂ ਇੱਥੋਂ ਤੱਕ ਕਿ ਸਮਾਜਿਕ, ਰਾਜਨੀਤਿਕ ਅਤੇ ਆਰਥਿਕ ਵਿਚਾਰਾਂ 'ਤੇ ਸਖਤ ਅਧਾਰਤ ਹੈ","ਉ ਹ   ਦ ਲੀ ਲ   ਦਿ ੰ ਦੇ   ਹ ਨ   ਕਿ   ਸ਼ ਖ ਸੀ ਅ ਤ   ਨੇ   ਵਿ ਕਾ ਰਾਂ   ਦਾ   ਸਿ ਧਾਂ ਤ   ਅ ਤੇ   ਸ ਮਾ ਜਿ ਕ   ਨਿ ਦਾ ਨ   ਜਾਂ   ਇ ੱ ਥੋਂ   ਤ ੱ ਕ   ਕਿ   ਸ ਮਾ ਜਿ ਕ ,   ਰਾ ਜ ਨੀ ਤਿ ਕ   ਅ ਤੇ   ਆ ਰ ਥਿ ਕ   ਵਿ ਚਾ ਰਾਂ   ' ਤੇ   ਸ ਖ ਤ   ਅ ਧਾ ਰ ਤ   ਹੈ",70,26
ਕੁੱਛ ਅਧਿਐਨਾ ਅਨੁਸਾਰ ਵਧਦੀ ਸ਼ਰੀਰਕ ਅਸੰਤੁਸ਼ਟਾ ਤੇ ਵਧਦੇ ਐਸ,ਕੁ ੱ ਛ   ਅ ਧਿ ਐ ਨਾ   ਅ ਨੁ ਸਾ ਰ   ਵ ਧ ਦੀ   ਸ਼ ਰੀ ਰ ਕ   ਅ ਸ ੰ ਤੁ ਸ ਼ ਟਾ   ਤੇ   ਵ ਧ ਦੇ   ਐ ਸ,31,9
ਇ,ਇ,1,1
ਐਸ ਦੇ ਵਿੱਚ ਸੰਬੰਧ ਪਾਈਆਂ ਗਿਆ ਹੈ I,ਐ ਸ   ਦੇ   ਵਿ ੱ ਚ   ਸ ੰ ਬ ੰ ਧ   ਪਾ ਈ ਆ ਂ   ਗਿ ਆ   ਹੈ   I,19,8
ਇਨ੍ਹਾਂ ਟਿਕਿਆ ਵਿੱਚ ਜਾਂ ਤਾਂ ਬੰਦ ਕਿਤਾ ਹੋਈਆਂ (ਮਰਿਆ ਹੋਈਆਂ) ਫਲੂ ਵਿਹੁ ਜਾਂ ਇੱਕ ਜਿਵੀਤ ਕਮਜ਼ੋਰ ਵਿਹੁ ਹੁੰਦਾ ਹੈ ਜੋ ਕਿ ਫਲੂ ਨਹੀਂ ਕਰ ਸਕਦਾ I,ਇ ਨ੍ਹਾਂ   ਟਿ ਕਿ ਆ   ਵਿ ੱ ਚ   ਜਾਂ   ਤਾਂ   ਬ ੰ ਦ   ਕਿ ਤਾ   ਹੋ ਈ ਆ ਂ   ( ਮ ਰਿ ਆ   ਹੋ ਈ ਆ ਂ )   ਫ ਲੂ   ਵਿ ਹੁ   ਜਾਂ   ਇ ੱ ਕ   ਜਿ ਵੀ ਤ   ਕ ਮ ਜ਼ ੋ ਰ   ਵਿ ਹੁ   ਹੁ ੰ ਦਾ   ਹੈ   ਜੋ   ਕਿ   ਫ ਲੂ   ਨ ਹੀਂ   ਕ ਰ   ਸ ਕ ਦਾ   I,62,26
"2020 ਦੀ ਸ਼ੁਰੂਆਤ ਵਿੱਚ, ਨਿਰਦੇਸ਼ਕ ਡਾ","2 0 2 0   ਦੀ   ਸ਼ੁ ਰੂ ਆ ਤ   ਵਿ ੱ ਚ ,   ਨਿ ਰ ਦੇ ਸ਼ ਕ   ਡਾ",19,6
"ਜੌਨ ਨੀਨਗਾਸੋਂਗ ਨੇ ਦੋ ਫ੍ਰੈਂਚ ਵਿਗਿਆਨੀਆਂ, ਪ੍ਰੋਫੈਸਰ ਜੀਨ ਪਾਲ ਮਰਾ ਅਤੇ ਕੈਮਿਲ ਲੋਚਟ ਦੁਆਰਾ ਕੀਤੀ ਟਿੱਪਣੀ ਕਿ ਕੋਰੋਨਾਵਾਇਰਸ ਲਈ ਇੱਕ ਸੰਭਾਵੀ ਤਪਦਿਕ ਵੈਕਸੀਨ ਨੂੰ ਅਫ਼ਰੀਕਾ ਵਿੱਚ ""ਘਿਣਾਉਣੀ ਅਤੇ ਨਸਲਵਾਦੀ"" ਹੋਣ ਦੀ ਨਿੰਦਾ ਕੀਤੀ","ਜੌ ਨ   ਨੀ ਨ ਗਾ ਸੋਂ ਗ   ਨੇ   ਦੋ   ਫ੍ਰੈਂ ਚ   ਵਿ ਗਿ ਆ ਨੀ ਆ ਂ ,   ਪ੍ਰੋ ਫੈ ਸ ਰ   ਜੀ ਨ   ਪਾ ਲ   ਮ ਰਾ   ਅ ਤੇ   ਕੈ ਮਿ ਲ   ਲੋ ਚ ਟ   ਦੁ ਆ ਰਾ   ਕੀ ਤੀ   ਟਿ ੱ ਪ ਣੀ   ਕਿ   ਕੋ ਰੋ ਨਾ ਵਾ ਇ ਰ ਸ   ਲ ਈ   ਇ ੱ ਕ   ਸ ੰ ਭਾ ਵੀ   ਤ ਪ ਦਿ ਕ   ਵੈ ਕ ਸੀ ਨ   ਨੂ ੰ   ਅ ਫ਼ ਰੀ ਕਾ   ਵਿ ੱ ਚ   "" ਘਿ ਣਾ ਉ ਣੀ   ਅ ਤੇ   ਨ ਸ ਲ ਵਾ ਦੀ ""   ਹੋ ਣ   ਦੀ   ਨਿ ੰ ਦਾ   ਕੀ ਤੀ",100,33
"ਇਸਦੇ ਕਾਰਜਕਾਰੀ ਦਫ਼ਤਰ ਅਤੇ ਇੱਕ ਵਿਗਿਆਨ ਅਤੇ ਪ੍ਰੋਗਰਾਮ ਦਫ਼ਤਰ ਤੋਂ ਇਲਾਵਾ, ਏਜੰਸੀ ਕੋਲ ""ਨੀਤੀ, ਸਿਹਤ ਕੂਟਨੀਤੀ ਅਤੇ ਸੰਮੇਲਨ"", ""ਪ੍ਰਬੰਧਨ ਅਤੇ ਪ੍ਰਸ਼ਾਸ਼ਨ"", ""ਨਿਗਰਾਨੀ ਅਤੇ ਰੋਗ ਖੁਫ਼ੀਆ"", ""ਪ੍ਰਯੋਗਸ਼ਾਲਾ ਪ੍ਰਣਾਲੀਆਂ ਅਤੇ ਨੈੱਟਵਰਕ"", ""ਐਮਰਜੰਸੀ ਤਿਆਰੀ ਅਤੇ ਜਵਾਬ"", ਅਤੇ ""ਜਨਤਕ ਸਿਹਤ ਸੰਸਥਾਵਾਂ ਅਤੇ ਖੋਜ"" ਨਾਲ ਨਜਿੱਠਣ ਵਾਲੇ ਕਈ ਭਾਗ ਹਨ","ਇ ਸ ਦੇ   ਕਾ ਰ ਜ ਕਾ ਰੀ   ਦ ਫ਼ ਤ ਰ   ਅ ਤੇ   ਇ ੱ ਕ   ਵਿ ਗਿ ਆ ਨ   ਅ ਤੇ   ਪ੍ਰੋ ਗ ਰਾ ਮ   ਦ ਫ਼ ਤ ਰ   ਤੋਂ   ਇ ਲਾ ਵਾ ,   ਏ ਜ ੰ ਸੀ   ਕੋ ਲ   "" ਨੀ ਤੀ ,   ਸਿ ਹ ਤ   ਕੂ ਟ ਨੀ ਤੀ   ਅ ਤੇ   ਸ ੰ ਮੇ ਲ ਨ "" ,   "" ਪ੍ਰ ਬ ੰ ਧ ਨ   ਅ ਤੇ   ਪ੍ਰ ਸ਼ਾ ਸ਼ ਨ "" ,   "" ਨਿ ਗ ਰਾ ਨੀ   ਅ ਤੇ   ਰੋ ਗ   ਖੁ ਫ਼ ੀ ਆ "" ,   "" ਪ੍ਰ ਯੋ ਗ ਸ਼ਾ ਲਾ   ਪ੍ਰ ਣਾ ਲੀ ਆ ਂ   ਅ ਤੇ   ਨੈ ੱ ਟ ਵ ਰ ਕ "" ,   "" ਐ ਮ ਰ ਜ ੰ ਸੀ   ਤਿ ਆ ਰੀ   ਅ ਤੇ   ਜ ਵਾ ਬ "" ,   ਅ ਤੇ   "" ਜ ਨ ਤ ਕ   ਸਿ ਹ ਤ   ਸ ੰ ਸ ਥਾ ਵਾਂ   ਅ ਤੇ   ਖੋ ਜ ""   ਨਾ ਲ   ਨ ਜਿ ੱ ਠ ਣ   ਵਾ ਲੇ   ਕ ਈ   ਭਾ ਗ   ਹ ਨ",164,45
"ਅਫ਼ਰੀਕਾ ਸੀਡੀਸੀ, ਅਦੀਸ ਅਬਾਬਾ, ਇਥੋਪੀਆ ਦੇ ਅਫ਼ਰੀਕਾ ਸੀਡੀਸੀ ਕੋਆਰਡੀਨੇਟਿੰਗ ਸੈਂਟਰ ਵਿੱਚ ਹੈ, ਜਿਸ ਵਿੱਚ ਏਜੰਸੀ ਦਾ ਐਮਰਜੈਂਸੀ ਓਪਰੇਸ਼ਨ ਸੈਂਟਰ ਵੀ ਸ਼ਾਮਿਲ ਹੈ","ਅ ਫ਼ ਰੀ ਕਾ   ਸੀ ਡੀ ਸੀ ,   ਅ ਦੀ ਸ   ਅ ਬਾ ਬਾ ,   ਇ ਥੋ ਪੀ ਆ   ਦੇ   ਅ ਫ਼ ਰੀ ਕਾ   ਸੀ ਡੀ ਸੀ   ਕੋ ਆ ਰ ਡੀ ਨੇ ਟਿ ੰ ਗ   ਸੈਂ ਟ ਰ   ਵਿ ੱ ਚ   ਹੈ ,   ਜਿ ਸ   ਵਿ ੱ ਚ   ਏ ਜ ੰ ਸੀ   ਦਾ   ਐ ਮ ਰ ਜੈਂ ਸੀ   ਓ ਪ ਰੇ ਸ਼ ਨ   ਸੈਂ ਟ ਰ   ਵੀ   ਸ਼ਾ ਮਿ ਲ   ਹੈ",71,22
ਐਨ,ਐ ਨ,2,1
ਸਿ,ਸਿ,1,1
ਡਿ ਗੱਠਜੋੜ ਲੱਗਭੱਗ 900 ਰਾਸ਼ਟਰੀ ਸਦੱਸ ਸਬੰਧਾ ਨੂੰ ਜੋੜ ਕੇ ਇਕੱਠੇ ਗੈਰ-ਸੰਚਾਰੀ ਰੋਗਾ ਨੂੰ ਖ਼ਤਮ ਕਰਨ ਦੀ ਕਿਸ਼ਿਸ਼ ਕਰਦਾ ਹੈ I,ਡਿ   ਗ ੱ ਠ ਜੋ ੜ   ਲ ੱ ਗ ਭ ੱ ਗ   9 0 0   ਰਾ ਸ਼ ਟ ਰੀ   ਸ ਦ ੱ ਸ   ਸ ਬ ੰ ਧਾ   ਨੂ ੰ   ਜੋ ੜ   ਕੇ   ਇ ਕ ੱ ਠੇ   ਗੈ ਰ - ਸ ੰ ਚਾ ਰੀ   ਰੋ ਗਾ   ਨੂ ੰ   ਖ਼ ਤ ਮ   ਕ ਰ ਨ   ਦੀ   ਕਿ ਸ਼ਿ ਸ਼   ਕ ਰ ਦਾ   ਹੈ   I,62,21
"ਜੀ ਆਈ ਟ੍ਰੈਕਟ ਵਿੱਚ ਮਨੁੱਖਾਂ ਅਤੇ ਹੋਰ ਜਾਨਵਰਾਂ ਵਿੱਚ ਪਾਚਨ ਪ੍ਰਣਾਲੀ ਦੇ ਸਾਰੇ ਮੁੱਖ ਅੰਗ ਸ਼ਾਮਿਲ ਹੁੰਦੇ ਹਨ, ਜਿਸ ਵਿੱਚ ਠੋਡੀ, ਪੇਟ ਅਤੇ ਆਂਤੜੀਆਂ ਸ਼ਾਮਿਲ ਹਨ","ਜੀ   ਆ ਈ   ਟ੍ਰੈ ਕ ਟ   ਵਿ ੱ ਚ   ਮ ਨੁ ੱ ਖਾਂ   ਅ ਤੇ   ਹੋ ਰ   ਜਾ ਨ ਵ ਰਾਂ   ਵਿ ੱ ਚ   ਪਾ ਚ ਨ   ਪ੍ਰ ਣਾ ਲੀ   ਦੇ   ਸਾ ਰੇ   ਮੁ ੱ ਖ   ਅ ੰ ਗ   ਸ਼ਾ ਮਿ ਲ   ਹੁ ੰ ਦੇ   ਹ ਨ ,   ਜਿ ਸ   ਵਿ ੱ ਚ   ਠੋ ਡੀ ,   ਪੇ ਟ   ਅ ਤੇ   ਆ ਂ ਤ ੜ ੀ ਆ ਂ   ਸ਼ਾ ਮਿ ਲ   ਹ ਨ",72,26
"ਗੈਸਟ੍ਰੋਇੰਟੇਸਟਾਈਨ ਟ੍ਰੈਕਟ (ਜੀਆਈ ਟ੍ਰੈਕਟ, ਪਾਚਨ ਟ੍ਰੈਕਟ, ਐਲਿਮੈਂਟਰੀ ਕੈਨਾਲ) ਪਾਚਨ ਪ੍ਰਣਾਲੀ ਦਾ ਟ੍ਰੈਕਟ ਜਾਂ ਰਸਤਾ ਹੈ ਜੋ ਮੂੰਹ ਤੋਂ ਗੁਦਾ ਤੱਕ ਜਾਂਦਾ ਹੈ","ਗੈ ਸ ਟ੍ਰੋ ਇ ੰ ਟੇ ਸ ਟਾ ਈ ਨ   ਟ੍ਰੈ ਕ ਟ   ( ਜੀ ਆ ਈ   ਟ੍ਰੈ ਕ ਟ ,   ਪਾ ਚ ਨ   ਟ੍ਰੈ ਕ ਟ ,   ਐ ਲਿ ਮੈਂ ਟ ਰੀ   ਕੈ ਨਾ ਲ )   ਪਾ ਚ ਨ   ਪ੍ਰ ਣਾ ਲੀ   ਦਾ   ਟ੍ਰੈ ਕ ਟ   ਜਾਂ   ਰ ਸ ਤਾ   ਹੈ   ਜੋ   ਮੂ ੰ ਹ   ਤੋਂ   ਗੁ ਦਾ   ਤ ੱ ਕ   ਜਾਂ ਦਾ   ਹੈ",65,22
"ਉਦਾਹਰਨ ਦੇ ਤੋਰ ਤੇ, ਘੱਟ ਪਿ","ਉ ਦਾ ਹ ਰ ਨ   ਦੇ   ਤੋ ਰ   ਤੇ ,   ਘ ੱ ਟ   ਪਿ",14,6
ਐਚ (1 ਤੋਂ ਚਾਰ ਤੱਕ) ਢਿੱਡ ਦੇ ਅੰਦਰ ਆਉਣ ਵਾਲੇ ਜੀਵਾਣੂਆਂ ਲਈ ਘਾਤਕ ਹੈ I,ਐ ਚ   ( 1   ਤੋਂ   ਚਾ ਰ   ਤ ੱ ਕ )   ਢਿ ੱ ਡ   ਦੇ   ਅ ੰ ਦ ਰ   ਆ ਉ ਣ   ਵਾ ਲੇ   ਜੀ ਵਾ ਣੂ ਆ ਂ   ਲ ਈ   ਘਾ ਤ ਕ   ਹੈ   I,36,15
"ਸ਼ਖਸੀਅਤ ਵਿਕਾਰ ਲਈ ਸਬੂਤ-ਆਧਾਰਿਤ ਮਨੋ-ਚਿਕਿਤਸਾਵਾਂ ਵਿੱਚ ਬੋਧਾਤਮਕ ਵਿਵਹਾਰਕ ਥੈਰੇਪੀ ਅਤੇ ਉਪ-ਭਾਸ਼ਾਈ ਵਿਵਹਾਰਿਕ ਥੈਰੇਪੀ ਸ਼ਾਮਿਲ ਹਨ , ਖਾਸ ਤੌਰ 'ਤੇ ਬਾਰਡਰ ਲਾਈਨ ਸ਼ਖਸੀਅਤ ਵਿਕਾਰ ਲਈ","ਸ਼ ਖ ਸੀ ਅ ਤ   ਵਿ ਕਾ ਰ   ਲ ਈ   ਸ ਬੂ ਤ - ਆ ਧਾ ਰਿ ਤ   ਮ ਨੋ - ਚਿ ਕਿ ਤ ਸਾ ਵਾਂ   ਵਿ ੱ ਚ   ਬੋ ਧਾ ਤ ਮ ਕ   ਵਿ ਵ ਹਾ ਰ ਕ   ਥੈ ਰੇ ਪੀ   ਅ ਤੇ   ਉ ਪ - ਭਾ ਸ਼ਾ ਈ   ਵਿ ਵ ਹਾ ਰਿ ਕ   ਥੈ ਰੇ ਪੀ   ਸ਼ਾ ਮਿ ਲ   ਹ ਨ   ,   ਖਾ ਸ   ਤੌ ਰ   ' ਤੇ   ਬਾ ਰ ਡ ਰ   ਲਾ ਈ ਨ   ਸ਼ ਖ ਸੀ ਅ ਤ   ਵਿ ਕਾ ਰ   ਲ ਈ",87,24
"ਈ ਸੀ ਡੀ ਸੀ ਅਤੇ ਡਬਲਿਊ ਐੱਚ ਓ ਦੇ ਯੂਰੋਪੀਅਨ ਖੇਤਰੀ ਦਫ਼ਤਰ ਨੇ ਹਸਪਤਾਲਾਂ ਅਤੇ ਪ੍ਰਾਇਮਰੀ ਸਿਹਤ ਸੰਭਾਲ ਸੇਵਾਵਾਂ ਲਈ ਕਈ ਪੱਧਰਾਂ 'ਤੇ ਸਰੋਤਾਂ ਨੂੰ ਬਦਲਣ ਲਈ ਦਿਸ਼ਾ-ਨਿਰਦੇਸ਼ ਜਾਰੀ ਕੀਤੇ, ਜਿਸ ਵਿੱਚ ਪ੍ਰਯੋਗਸ਼ਾਲਾ ਸੇਵਾਵਾਂ ਨੂੰ ਟੈਸਟਿੰਗ, ਚੋਣਵੀ ਪ੍ਰਕਿਰਿਆਵਾਂ ਨੂੰ ਰੱਦ ਕਰਨਾ, ਮਰੀਜਾਂ ਨੂੰ ਵੱਖ ਕਰਨਾ, ਅਤੇ ਕਰਮਚਾਰੀਆਂ ਨੂੰ ਸਿਖਲਾਈ ਦੇ ਕੇ ਤੀਬਰ ਦੇਖਭਾਲ ਸਮਰੱਥਾਵਾਂ ਨੂੰ ਵਧਾਉਣਾ ਅਤੇ ਵੈਂਟੀਲੇਟਰਾਂ ਅਤੇ ਬਿਸਤਰੇ ਵਧਾਉਣਾ ਸ਼ਾਮਿਲ ਹੈ","ਈ   ਸੀ   ਡੀ   ਸੀ   ਅ ਤੇ   ਡ ਬ ਲਿ ਊ   ਐ ੱ ਚ   ਓ   ਦੇ   ਯੂ ਰੋ ਪੀ ਅ ਨ   ਖੇ ਤ ਰੀ   ਦ ਫ਼ ਤ ਰ   ਨੇ   ਹ ਸ ਪ ਤਾ ਲਾਂ   ਅ ਤੇ   ਪ੍ਰਾ ਇ ਮ ਰੀ   ਸਿ ਹ ਤ   ਸ ੰ ਭਾ ਲ   ਸੇ ਵਾ ਵਾਂ   ਲ ਈ   ਕ ਈ   ਪ ੱ ਧ ਰਾਂ   ' ਤੇ   ਸ ਰੋ ਤਾਂ   ਨੂ ੰ   ਬ ਦ ਲ ਣ   ਲ ਈ   ਦਿ ਸ਼ਾ - ਨਿ ਰ ਦੇ ਸ਼   ਜਾ ਰੀ   ਕੀ ਤੇ ,   ਜਿ ਸ   ਵਿ ੱ ਚ   ਪ੍ਰ ਯੋ ਗ ਸ਼ਾ ਲਾ   ਸੇ ਵਾ ਵਾਂ   ਨੂ ੰ   ਟੈ ਸ ਟਿ ੰ ਗ ,   ਚੋ ਣ ਵੀ   ਪ੍ਰ ਕਿ ਰਿ ਆ ਵਾਂ   ਨੂ ੰ   ਰ ੱ ਦ   ਕ ਰ ਨਾ ,   ਮ ਰੀ ਜਾਂ   ਨੂ ੰ   ਵ ੱ ਖ   ਕ ਰ ਨਾ ,   ਅ ਤੇ   ਕ ਰ ਮ ਚਾ ਰੀ ਆ ਂ   ਨੂ ੰ   ਸਿ ਖ ਲਾ ਈ   ਦੇ   ਕੇ   ਤੀ ਬ ਰ   ਦੇ ਖ ਭਾ ਲ   ਸ ਮ ਰ ੱ ਥਾ ਵਾਂ   ਨੂ ੰ   ਵ ਧਾ ਉ ਣਾ   ਅ ਤੇ   ਵੈਂ ਟੀ ਲੇ ਟ ਰਾਂ   ਅ ਤੇ   ਬਿ ਸ ਤ ਰੇ   ਵ ਧਾ ਉ ਣਾ   ਸ਼ਾ ਮਿ ਲ   ਹੈ",189,63
"ਸਰੀਰਕ ਸਿਹਤ ਦੇ ਨਤੀਜਿਆਂ ਵਿੱਚ ਸੱਟ (ਸੱਟਾਂ ਤੋਂ ਫਰੈਕਚਰ ਅਤੇ ਅੰਦਰੂਨੀ ਅੰਗਾਂ ਦੀ ਸੱਟ), ਅਣਚਾਹੀ ਗਰਭ ਅਵਸਥਾ, ਗਾਇਨਾਕੋਲੋਜੀਕਲ ਸਮੱਸਿਆਵਾਂ, ਐੱਚ ਆਈ ਵੀ ਸਮੇਤ ਐਸਟੀਡੀ, ਗਰਭਪਾਤ, ਪੇਡੂ ਦੀ ਸੋਜ ਦਾ ਰੋਗ, ਪੁਰਾਣਾ ਪੇਡੂ ਦਾ ਦਰਦ, ਸਿਰ ਦਰਦ, ਸਥਾਈ ਅਸਮਰਥਤਾ, ਦਮਾ, ਚਿੜਚਿੜਾ ਟੱਟੀ ਸਿੰਡਰੋਮ, ਸ੍ਵੈ-ਨੁਕਸਾਨਦੇਹ ਵਿਵਹਾਰ (ਸਿਗਰਟਨੋਸ਼ੀ, ਅਸੁਰੱਖਿਅਤ ਸੈਕਸ); ਮਾਨਸਿਕ ਸਿਹਤ ਦੇ ਪ੍ਰਭਾਵਾਂ ਵਿੱਚ ਡਿਪ੍ਰੈਸ਼ਨ, ਡਰ, ਚਿੰਤਾ, ਘੱਟ ਸ੍ਵੈ-ਮਾਣ, ਜਿਨਸੀ ਨਪੁੰਸਕਤਾ, ਖਾਣ-ਪੀਣ ਦੇ ਵਿਕਾਰ, ਜਨੂੰਨੀ ਜਬਰਦਸਤੀ ਵਿਕਾਰ, ਜਾਂ ਸਦਮੇ ਤੋਂ ਬਚਾਅ ਦੇ ਤਣਾਅ ਸਬੰਧੀ ਵਿਗਾੜ ਸ਼ਾਮਿਲ ਹੋ ਸਕਦੇ ਹਨ","ਸ ਰੀ ਰ ਕ   ਸਿ ਹ ਤ   ਦੇ   ਨ ਤੀ ਜਿ ਆ ਂ   ਵਿ ੱ ਚ   ਸ ੱ ਟ   ( ਸ ੱ ਟਾਂ   ਤੋਂ   ਫ ਰੈ ਕ ਚ ਰ   ਅ ਤੇ   ਅ ੰ ਦ ਰੂ ਨੀ   ਅ ੰ ਗਾਂ   ਦੀ   ਸ ੱ ਟ ) ,   ਅ ਣ ਚਾ ਹੀ   ਗ ਰ ਭ   ਅ ਵ ਸ ਥਾ ,   ਗਾ ਇ ਨਾ ਕੋ ਲੋ ਜੀ ਕ ਲ   ਸ ਮ ੱ ਸਿ ਆ ਵਾਂ ,   ਐ ੱ ਚ   ਆ ਈ   ਵੀ   ਸ ਮੇ ਤ   ਐ ਸ ਟੀ ਡੀ ,   ਗ ਰ ਭ ਪਾ ਤ ,   ਪੇ ਡੂ   ਦੀ   ਸੋ ਜ   ਦਾ   ਰੋ ਗ ,   ਪੁ ਰਾ ਣਾ   ਪੇ ਡੂ   ਦਾ   ਦ ਰ ਦ ,   ਸਿ ਰ   ਦ ਰ ਦ ,   ਸ ਥਾ ਈ   ਅ ਸ ਮ ਰ ਥ ਤਾ ,   ਦ ਮਾ ,   ਚਿ ੜ ਚਿ ੜ ਾ   ਟ ੱ ਟੀ   ਸਿ ੰ ਡ ਰੋ ਮ ,   ਸ੍ਵੈ - ਨੁ ਕ ਸਾ ਨ ਦੇ ਹ   ਵਿ ਵ ਹਾ ਰ   ( ਸਿ ਗ ਰ ਟ ਨੋ ਸ਼ੀ ,   ਅ ਸੁ ਰ ੱ ਖਿ ਅ ਤ   ਸੈ ਕ ਸ ) ;   ਮਾ ਨ ਸਿ ਕ   ਸਿ ਹ ਤ   ਦੇ   ਪ੍ਰ ਭਾ ਵਾਂ   ਵਿ ੱ ਚ   ਡਿ ਪ੍ਰੈ ਸ਼ ਨ ,   ਡ ਰ ,   ਚਿ ੰ ਤਾ ,   ਘ ੱ ਟ   ਸ੍ਵੈ - ਮਾ ਣ ,   ਜਿ ਨ ਸੀ   ਨ ਪੁ ੰ ਸ ਕ ਤਾ ,   ਖਾ ਣ - ਪੀ ਣ   ਦੇ   ਵਿ ਕਾ ਰ ,   ਜ ਨੂ ੰ ਨੀ   ਜ ਬ ਰ ਦ ਸ ਤੀ   ਵਿ ਕਾ ਰ ,   ਜਾਂ   ਸ ਦ ਮੇ   ਤੋਂ   ਬ ਚਾ ਅ   ਦੇ   ਤ ਣਾ ਅ   ਸ ਬ ੰ ਧੀ   ਵਿ ਗਾ ੜ   ਸ਼ਾ ਮਿ ਲ   ਹੋ   ਸ ਕ ਦੇ   ਹ ਨ",272,77
"ਅਗਲੇ ਸਾਲਾਂ ਵਿੱਚ, ਐਂਟੀਹਾਈਪਰਟੈਂਸਿਵ ਡਰੱਗ ਦੀਆਂ ਹੋਰ ਸ਼੍ਰੇਨੀਆਂ ਵਿਕਸਿਤ ਕਰ ਦਿੱਤੀਆਂ ਸਨ ਓਨ੍ਹਾਂ ਨੂੰ ਸੁਮੇਲਥੈਰੇਪੀ ਵਿੱਚ ਵਿਆਪਕ ਸਵੀਕ੍ਰਿਤੀ ਮਿਲੀ, ਜਿਸ ਵਿੱਚ ਲੂਪ ਡਾਇਯੂਰੀਟਿਕਸ (ਲੈਸਿਕਸ/ਫਿਊਰੋਸੇਮਾਈਡ, ਹੋਚਸਟ ਫਾਰਮਾਸਿਊਟੀਕਲਜ਼, 1963), ਬੀਟਾ-ਬਲੌਕਰ (ਆਈ","ਅ ਗ ਲੇ   ਸਾ ਲਾਂ   ਵਿ ੱ ਚ ,   ਐ ਂ ਟੀ ਹਾ ਈ ਪ ਰ ਟੈਂ ਸਿ ਵ   ਡ ਰ ੱ ਗ   ਦੀ ਆ ਂ   ਹੋ ਰ   ਸ਼੍ਰੇ ਨੀ ਆ ਂ   ਵਿ ਕ ਸਿ ਤ   ਕ ਰ   ਦਿ ੱ ਤੀ ਆ ਂ   ਸ ਨ   ਓ ਨ੍ਹਾਂ   ਨੂ ੰ   ਸੁ ਮੇ ਲ ਥੈ ਰੇ ਪੀ   ਵਿ ੱ ਚ   ਵਿ ਆ ਪ ਕ   ਸ ਵੀ ਕ੍ਰਿ ਤੀ   ਮਿ ਲੀ ,   ਜਿ ਸ   ਵਿ ੱ ਚ   ਲੂ ਪ   ਡਾ ਇ ਯੂ ਰੀ ਟਿ ਕ ਸ   ( ਲੈ ਸਿ ਕ ਸ / ਫਿ ਊ ਰੋ ਸੇ ਮਾ ਈ ਡ ,   ਹੋ ਚ ਸ ਟ   ਫਾ ਰ ਮਾ ਸਿ ਊ ਟੀ ਕ ਲ ਜ ਼ ,   1 9 6 3 ) ,   ਬੀ ਟਾ - ਬ ਲੌ ਕ ਰ   ( ਆ ਈ",128,29
ਸੀ,ਸੀ,1,1
"ਆਈ ਫਾਰਮਾਸਿਊਟੀਕਲ, 1964) ਏ","ਆ ਈ   ਫਾ ਰ ਮਾ ਸਿ ਊ ਟੀ ਕ ਲ ,   1 9 6 4 )   ਏ",17,4
ਸੀ,ਸੀ,1,1
"ਈ ਇਨਿਹਿਬਟਰਸ, ਅਤੇ ਐਂਜੀਓਟੈਨਸਿਨ ਰੀਸੈਪਟਰ ਬਲੌਕਰਜ਼) ਸ਼ਾਮਿਲ ਹਨ I","ਈ   ਇ ਨਿ ਹਿ ਬ ਟ ਰ ਸ ,   ਅ ਤੇ   ਐ ਂ ਜੀ ਓ ਟੈ ਨ ਸਿ ਨ   ਰੀ ਸੈ ਪ ਟ ਰ   ਬ ਲੌ ਕ ਰ ਜ ਼ )   ਸ਼ਾ ਮਿ ਲ   ਹ ਨ   I",37,9
"ਝੋਨਾ, ਭੋਜਨ ਦੀ ਮੁੱਖ ਫ਼ਸਲ, ਜਿਆਦਾਂਤਰ ਟਾਪੂ ਦੇ ਅੰਡੇਮਾਨ ਸਮੂਹ ਵਿੱਚ ਕਾਸ਼ਤ ਕੀਤੀ ਜਾਂਦੀ ਹੈ, ਜਦੋਂ ਕਿ ਨਾਰੀਅਲ ਅਤੇ ਸੁਪਾਰੀ ਟਾਪੂਆਂ ਦੇ ਨਿਕੋਬਾਰ ਸਮੂਹ ਦੀਆਂ ਨਕਦ ਫ਼ਸਲਾਂ ਹਨ","ਝੋ ਨਾ ,   ਭੋ ਜ ਨ   ਦੀ   ਮੁ ੱ ਖ   ਫ਼ ਸ ਲ ,   ਜਿ ਆ ਦਾਂ ਤ ਰ   ਟਾ ਪੂ   ਦੇ   ਅ ੰ ਡੇ ਮਾ ਨ   ਸ ਮੂ ਹ   ਵਿ ੱ ਚ   ਕਾ ਸ਼ ਤ   ਕੀ ਤੀ   ਜਾਂ ਦੀ   ਹੈ ,   ਜ ਦੋਂ   ਕਿ   ਨਾ ਰੀ ਅ ਲ   ਅ ਤੇ   ਸੁ ਪਾ ਰੀ   ਟਾ ਪੂ ਆ ਂ   ਦੇ   ਨਿ ਕੋ ਬਾ ਰ   ਸ ਮੂ ਹ   ਦੀ ਆ ਂ   ਨ ਕ ਦ   ਫ਼ ਸ ਲਾਂ   ਹ ਨ",77,28
ਏਟੀਆਈ ਨੇ 1996 ਵਿੱਚ ਲੈਪਟਾਪਾਂ ਵਿੱਚ 3ਡੀ-ਗ੍ਰਾਫਿਕਸ ਪ੍ਰਵੇਗ ਪੇਸ਼ ਕਰਕੇ ਮੋਬਾਈਲ ਕੰਪਿਊਟਿੰਗ ਸੈਕਟਰ ਵਿੱਚ ਪ੍ਰਵੇਸ਼ ਕੀਤਾ,ਏ ਟੀ ਆ ਈ   ਨੇ   1 9 9 6   ਵਿ ੱ ਚ   ਲੈ ਪ ਟਾ ਪਾਂ   ਵਿ ੱ ਚ   3 ਡੀ - ਗ੍ਰਾ ਫਿ ਕ ਸ   ਪ੍ਰ ਵੇ ਗ   ਪੇ ਸ਼   ਕ ਰ ਕੇ   ਮੋ ਬਾ ਈ ਲ   ਕ ੰ ਪਿ ਊ ਟਿ ੰ ਗ   ਸੈ ਕ ਟ ਰ   ਵਿ ੱ ਚ   ਪ੍ਰ ਵੇ ਸ਼   ਕੀ ਤਾ,57,16
"ਕੋਲੇ ਦੀ ਖੁਦਾਈ ਤੋਂ ਪਹਿਲਾਂ, ਝਾਰੀਆ ਵਿੱਚ ਆਦਿਵਾਸੀ ਦਾ ਜੰਗਲ ਸੀ","ਕੋ ਲੇ   ਦੀ   ਖੁ ਦਾ ਈ   ਤੋਂ   ਪ ਹਿ ਲਾਂ ,   ਝਾ ਰੀ ਆ   ਵਿ ੱ ਚ   ਆ ਦਿ ਵਾ ਸੀ   ਦਾ   ਜ ੰ ਗ ਲ   ਸੀ",27,11
"ਇੱਕ ਅੰਤਰਰਾਸ਼ਟਰੀ ਕਾਰਗੋ ਹੱਬ ਪ੍ਰੋਜੈਕਟ ਅਧੀਨ, ਮਲਟੀ-ਮੋਡਲ ਅੰਤਰਰਾਸ਼ਟਰੀ ਕਾਰਗੋ ਹੱਬ ਅਤੇ ਨਾਗਪੁਰ, (ਮਿਹਾਨ) ਵਿਖੇ ਹਵਾਈ ਅੱਡਾ, ਵਿਕਸਿਤ ਕੀਤਾ ਗਿਆ ਹੈ","ਇ ੱ ਕ   ਅ ੰ ਤ ਰ ਰਾ ਸ਼ ਟ ਰੀ   ਕਾ ਰ ਗੋ   ਹ ੱ ਬ   ਪ੍ਰੋ ਜੈ ਕ ਟ   ਅ ਧੀ ਨ ,   ਮ ਲ ਟੀ - ਮੋ ਡ ਲ   ਅ ੰ ਤ ਰ ਰਾ ਸ਼ ਟ ਰੀ   ਕਾ ਰ ਗੋ   ਹ ੱ ਬ   ਅ ਤੇ   ਨਾ ਗ ਪੁ ਰ ,   ( ਮਿ ਹਾ ਨ )   ਵਿ ਖੇ   ਹ ਵਾ ਈ   ਅ ੱ ਡਾ ,   ਵਿ ਕ ਸਿ ਤ   ਕੀ ਤਾ   ਗਿ ਆ   ਹੈ",76,20
ਅਸ਼ੋਕ ਲੇਲੈਂਡ ਡਿਈਫੇਂਸ ਸਿਸਟਮ ਲਿਮਿਟੀਡ,ਅ ਸ਼ੋ ਕ   ਲੇ ਲੈਂ ਡ   ਡਿ ਈ ਫੇਂ ਸ   ਸਿ ਸ ਟ ਮ   ਲਿ ਮਿ ਟੀ ਡ,18,5
(ਏ,( ਏ,2,1
ਐਲ,ਐ ਲ,2,1
ਡਿ,ਡਿ,1,1
"ਐਸ) ਅਸ਼ੋਕ ਲੇਲੈਂਡ ਦੇ ਅੰਦਰੂਨੀ ਖੋਜ ਅਤੇ ਵਿਕਾਸ ਕੇਂਦਰ ਦਾ ਵੀ ਲਾਭ ਉਠਾਂਦਾ ਹੈ, ਉਸ ਦੀ ਵਿਸ਼ਵ ਦੇ ਆਗੂਆਂ ਨਾਲ ਸਹਿਯੋਗ, ਅਤੇ ਅਸ਼ੋਕ ਲੇਲੈਂਡ ਦੇ ਭਾਰਤ ਵਿੱਚ ਅਤਿ-ਆਧੁਨਿਕ ਪਲਾਂਟ I","ਐ ਸ )   ਅ ਸ਼ੋ ਕ   ਲੇ ਲੈਂ ਡ   ਦੇ   ਅ ੰ ਦ ਰੂ ਨੀ   ਖੋ ਜ   ਅ ਤੇ   ਵਿ ਕਾ ਸ   ਕੇਂ ਦ ਰ   ਦਾ   ਵੀ   ਲਾ ਭ   ਉ ਠਾਂ ਦਾ   ਹੈ ,   ਉ ਸ   ਦੀ   ਵਿ ਸ਼ ਵ   ਦੇ   ਆ ਗੂ ਆ ਂ   ਨਾ ਲ   ਸ ਹਿ ਯੋ ਗ ,   ਅ ਤੇ   ਅ ਸ਼ੋ ਕ   ਲੇ ਲੈਂ ਡ   ਦੇ   ਭਾ ਰ ਤ   ਵਿ ੱ ਚ   ਅ ਤਿ - ਆ ਧੁ ਨਿ ਕ   ਪ ਲਾਂ ਟ   I",78,30
ਪਲੇਸੇਏ ਸੈਮੀ ਕੰਡਕਟਰ ਲਿਮੀਟੀਡ ਨੇ ਮੋਨੋਲੀਥਿਕ ਇੱਕ ਰੰਗ ਦਾ ਨਿਲਾ ਸਿਲਿਕੋਨ ਤੇ ਗਾਨ ਵੇਫ਼ਰ ਦੀ ਪੇਸ਼ਕਾਰੀ ਕਿਤੀ ਜੋ ਕਿ ਇੱਕ ਜੇਸਪਰ ਡਿਸਪਲੇਅ ਸਿ,ਪ ਲੇ ਸੇ ਏ   ਸੈ ਮੀ   ਕ ੰ ਡ ਕ ਟ ਰ   ਲਿ ਮੀ ਟੀ ਡ   ਨੇ   ਮੋ ਨੋ ਲੀ ਥਿ ਕ   ਇ ੱ ਕ   ਰ ੰ ਗ   ਦਾ   ਨਿ ਲਾ   ਸਿ ਲਿ ਕੋ ਨ   ਤੇ   ਗਾ ਨ   ਵੇ ਫ਼ ਰ   ਦੀ   ਪੇ ਸ ਼ ਕਾ ਰੀ   ਕਿ ਤੀ   ਜੋ   ਕਿ   ਇ ੱ ਕ   ਜੇ ਸ ਪ ਰ   ਡਿ ਸ ਪ ਲੇ ਅ   ਸਿ,64,23
ਐਮ,ਐ ਮ,2,1
ਓ,ਓ,1,1
ਸ ਬੈਕਪਲੈਨ 0,ਸ   ਬੈ ਕ ਪ ਲੈ ਨ   0,7,3
7-ਇੰਚ (18ਮਿਲੀਮੀਟਰ) ਸਰਗਰਮ-ਮੈਟ੍ਰਿਕਸ ਛੋਟੇ ਐਲ,7 - ਇ ੰ ਚ   ( 1 8 ਮਿ ਲੀ ਮੀ ਟ ਰ )   ਸ ਰ ਗ ਰ ਮ - ਮੈ ਟ੍ਰਿ ਕ ਸ   ਛੋ ਟੇ   ਐ ਲ,28,5
ਏ,ਏ,1,1
ਡ ਡਿਸਪਲੇਅ 8 ਮੀਟਰ ਪਿਕਸਲ ਪਿਚ ਦੇ ਨਾਲ ਜੋੜਿਆਂ ਹੋਈਆਂ ਹੈ I,ਡ   ਡਿ ਸ ਪ ਲੇ ਅ   8   ਮੀ ਟ ਰ   ਪਿ ਕ ਸ ਲ   ਪਿ ਚ   ਦੇ   ਨਾ ਲ   ਜੋ ੜ ਿ ਆ ਂ   ਹੋ ਈ ਆ ਂ   ਹੈ   I,30,12
"ਸ਼ਹਿਰ ਵਿੱਚ ਵਿਕਾਸ ਦੀ ਗੈਰ-ਯੋਜਨਾਬੱਧ ਪ੍ਰਕਿਰੀਆ ਦੇ ਨਤੀਜੇ ਕਾਰਣ ਵੱਡੇ ਪੱਧਰ ਤੇ ਆਵਾਜਾਈ ਵਿੱਚ ਰੋਕ ਹੋਈ; ਇੱਕ ਮੰਡਲਾਉ ਅਤੇ ਇੱਕ ਤਰਫਾ ਆਵਾਜਾਈ ਪ੍ਰਣਾਲੀ ਸ਼ੁਰੂ ਕਿਤੀ ਗਈ, ਜੋ ਕਿ ਥੋੜੀ ਹੀ ਸਫ਼ਲ ਸਨ","ਸ ਼ ਹਿ ਰ   ਵਿ ੱ ਚ   ਵਿ ਕਾ ਸ   ਦੀ   ਗੈ ਰ - ਯੋ ਜ ਨਾ ਬ ੱ ਧ   ਪ੍ਰ ਕਿ ਰੀ ਆ   ਦੇ   ਨ ਤੀ ਜੇ   ਕਾ ਰ ਣ   ਵ ੱ ਡੇ   ਪ ੱ ਧ ਰ   ਤੇ   ਆ ਵਾ ਜਾ ਈ   ਵਿ ੱ ਚ   ਰੋ ਕ   ਹੋ ਈ ;   ਇ ੱ ਕ   ਮ ੰ ਡ ਲਾ ਉ   ਅ ਤੇ   ਇ ੱ ਕ   ਤ ਰ ਫਾ   ਆ ਵਾ ਜਾ ਈ   ਪ੍ਰ ਣਾ ਲੀ   ਸ਼ੁ ਰੂ   ਕਿ ਤੀ   ਗ ਈ ,   ਜੋ   ਕਿ   ਥੋ ੜ ੀ   ਹੀ   ਸ ਫ਼ ਲ   ਸ ਨ",92,32
ਅੰਗਰੇਜ਼ੀ ਭਾਸ਼ਾ ਦਾ ਹੁਨਰ ਨਜ਼ਦੀਕੀ ਕਿਨਾਰੇ ਅਤੇ ਆਈਟੀ ਸੇਵਾਵਾਂ ਦਾ ਨੀਂਹ ਪੱਥਰ ਹਨ,ਅ ੰ ਗ ਰੇ ਜ਼ ੀ   ਭਾ ਸ਼ਾ   ਦਾ   ਹੁ ਨ ਰ   ਨ ਜ਼ ਦੀ ਕੀ   ਕਿ ਨਾ ਰੇ   ਅ ਤੇ   ਆ ਈ ਟੀ   ਸੇ ਵਾ ਵਾਂ   ਦਾ   ਨੀਂ ਹ   ਪ ੱ ਥ ਰ   ਹ ਨ,36,13
ਸਿ,ਸਿ,1,1
ਐਮ,ਐ ਮ,2,1
ਡੀ,ਡੀ,1,1
ਸ ਇੱਕ ਉੱਡਦੇਘੱਟੇ ਰੱਖਿਅਕ ਪ੍ਰਬੰਧ ਹੈ ਜੋ ਵਿਮਾਨ ਨੂੰ ਰਡਾਰ ਮਾਰਗਦਰਸ਼ਕ ਦੇ ਉਲਟ ਅਕਰਮਕ ਈ,ਸ   ਇ ੱ ਕ   ਉ ੱ ਡ ਦੇ ਘ ੱ ਟੇ   ਰ ੱ ਖਿ ਅ ਕ   ਪ੍ਰ ਬ ੰ ਧ   ਹੈ   ਜੋ   ਵਿ ਮਾ ਨ   ਨੂ ੰ   ਰ ਡਾ ਰ   ਮਾ ਰ ਗ ਦ ਰ ਸ਼ ਕ   ਦੇ   ਉ ਲ ਟ   ਅ ਕ ਰ ਮ ਕ   ਈ,47,15
ਸਿ,ਸਿ,1,1
ਮ ਅਤੇ ਆਈ,ਮ   ਅ ਤੇ   ਆ ਈ,5,3
"ਰ ਦੀ ਭਾਲ, ਹਵਾ ਅਤੇ ਜ਼ਮੀਨ ਤੋਂ ਜਾਰੀ ਕਿਤੀ ਮਿਜ਼ਾਈਲਾਂ ਤੋਂ ਸਵੈ-ਸੁਰੱਖਿਆ ਪ੍ਰਦਾਨ ਕਰਦਾ ਹੈ I","ਰ   ਦੀ   ਭਾ ਲ ,   ਹ ਵਾ   ਅ ਤੇ   ਜ਼ ਮੀ ਨ   ਤੋਂ   ਜਾ ਰੀ   ਕਿ ਤੀ   ਮਿ ਜ ਼ ਾ ਈ ਲਾਂ   ਤੋਂ   ਸ ਵੈ - ਸੁ ਰ ੱ ਖਿ ਆ   ਪ੍ਰ ਦਾ ਨ   ਕ ਰ ਦਾ   ਹੈ   I",40,16
"2013 ਵਿੱਚ ਮਿਸਰ, ਤੇਲ ਤੇ ਕੁਦਰਤੀ ਗੈਸ ਦਾ ਅਫ੍ਰੀਕਾ ਵਿੱਚ ਸਭ ਤੋਂ ਵਡਾ ਉਪਭੋਗਤਾ ਸੀ, ਉਸ ਦੀ 20% ਤੋਂ ਵੱਧ ਤੇਲ ਦੀ ਖਪਤ ਸੀ ਅਤੇ ਅਫ੍ਰੀਕਾ ਵਿੱਚ 40% ਤੋਂ ਜ਼ਿਆਦਾ ਕੁਲ ਸੂਕੀ ਕੁਦਰਤੀ ਗੈਸ ਦੀ ਖਪਤ ਸੀ I","2 0 1 3   ਵਿ ੱ ਚ   ਮਿ ਸ ਰ ,   ਤੇ ਲ   ਤੇ   ਕੁ ਦ ਰ ਤੀ   ਗੈ ਸ   ਦਾ   ਅ ਫ੍ਰੀ ਕਾ   ਵਿ ੱ ਚ   ਸ ਭ   ਤੋਂ   ਵ ਡਾ   ਉ ਪ ਭੋ ਗ ਤਾ   ਸੀ ,   ਉ ਸ   ਦੀ   2 0 %   ਤੋਂ   ਵ ੱ ਧ   ਤੇ ਲ   ਦੀ   ਖ ਪ ਤ   ਸੀ   ਅ ਤੇ   ਅ ਫ੍ਰੀ ਕਾ   ਵਿ ੱ ਚ   4 0 %   ਤੋਂ   ਜ਼ ਿ ਆ ਦਾ   ਕੁ ਲ   ਸੂ ਕੀ   ਕੁ ਦ ਰ ਤੀ   ਗੈ ਸ   ਦੀ   ਖ ਪ ਤ   ਸੀ   I",88,38
"ਰਲੇਵੇਂ ਦੀ ਪ੍ਰਕਿਰਿਆ ਤੋਂ ਬਾਅਦ, 5 ਬਾਕੀ ਬੱਚੇ ਐਸੋਸੀਏਟ ਬੈਂਕਾਂ (ਜਿਵੇਂ ਕਿ ਸਟੇਟ ਬੈਂਕ ਆਫ਼ ਬੀਕਾਨੇਰ ਅਤੇ ਜੈਪੁਰ , ਸਟੇਟ ਬੈਂਕ ਆਫ਼ ਹੈਦਰਾਬਾਦ, ਸਟੇਟ ਬੈਂਕ ਆਫ਼ ਮੈਸੂਰ, ਸਟੇਟ ਬੈਂਕ ਆਫ਼ ਪਟਿਆਲਾ, ਅਤੇ ਸਟੇਟ ਬੈਂਕ ਆਫ਼ ਤ੍ਰਾਵਨਕੋਰ ) ਅਤੇ ਭਾਰਤੀਆ ਦਾ ਰਲੇਵਾਂ ਐਸ ਬੀ ਆਈ ਦੇ ਨਾਲ ਮਹਿਲਾ ਬੈਂਕ ਨੂੰ ਯੂਨੀਅਨ ਕੈਬਨਿਟ ਦੁਆਰਾ 15 ਜੂਨ 2016 ਨੂੰ ਸਿਧਾਂਤਕ ਤੌਰ 'ਤੇ ਪ੍ਰਵਾਨਗੀ ਦਿੱਤੀ ਗਈ ਸੀ","ਰ ਲੇ ਵੇਂ   ਦੀ   ਪ੍ਰ ਕਿ ਰਿ ਆ   ਤੋਂ   ਬਾ ਅ ਦ ,   5   ਬਾ ਕੀ   ਬ ੱ ਚੇ   ਐ ਸੋ ਸੀ ਏ ਟ   ਬੈਂ ਕਾਂ   ( ਜਿ ਵੇਂ   ਕਿ   ਸ ਟੇ ਟ   ਬੈਂ ਕ   ਆ ਫ਼   ਬੀ ਕਾ ਨੇ ਰ   ਅ ਤੇ   ਜੈ ਪੁ ਰ   ,   ਸ ਟੇ ਟ   ਬੈਂ ਕ   ਆ ਫ਼   ਹੈ ਦ ਰਾ ਬਾ ਦ ,   ਸ ਟੇ ਟ   ਬੈਂ ਕ   ਆ ਫ਼   ਮੈ ਸੂ ਰ ,   ਸ ਟੇ ਟ   ਬੈਂ ਕ   ਆ ਫ਼   ਪ ਟਿ ਆ ਲਾ ,   ਅ ਤੇ   ਸ ਟੇ ਟ   ਬੈਂ ਕ   ਆ ਫ਼   ਤ੍ਰਾ ਵ ਨ ਕੋ ਰ   )   ਅ ਤੇ   ਭਾ ਰ ਤੀ ਆ   ਦਾ   ਰ ਲੇ ਵਾਂ   ਐ ਸ   ਬੀ   ਆ ਈ   ਦੇ   ਨਾ ਲ   ਮ ਹਿ ਲਾ   ਬੈਂ ਕ   ਨੂ ੰ   ਯੂ ਨੀ ਅ ਨ   ਕੈ ਬ ਨਿ ਟ   ਦੁ ਆ ਰਾ   1 5   ਜੂ ਨ   2 0 1 6   ਨੂ ੰ   ਸਿ ਧਾਂ ਤ ਕ   ਤੌ ਰ   ' ਤੇ   ਪ੍ਰ ਵਾ ਨ ਗੀ   ਦਿ ੱ ਤੀ   ਗ ਈ   ਸੀ",162,63
ਗ,ਗ,1,1
ਏ,ਏ,1,1
ਆਇ,ਆ ਇ,2,1
ਐਲ ਮਿਸਰ ਦੀਆਂ ਦੋ ਪ੍ਰਚੂਨ ਗੈਸ ਕੰਪਨੀਆਂ ਵਿੱਚ ਨਿਰਪੇਖਤਾ ਹਿੱਸੇਦਾਰ ਹੈ ਜੋ ਕਿ ਫ਼ਾਯੁਮ ਗੈਸ ਕੰਪਨੀ (ਐਫ,ਐ ਲ   ਮਿ ਸ ਰ   ਦੀ ਆ ਂ   ਦੋ   ਪ੍ਰ ਚੂ ਨ   ਗੈ ਸ   ਕ ੰ ਪ ਨੀ ਆ ਂ   ਵਿ ੱ ਚ   ਨਿ ਰ ਪੇ ਖ ਤਾ   ਹਿ ੱ ਸੇ ਦਾ ਰ   ਹੈ   ਜੋ   ਕਿ   ਫ਼ ਾ ਯੁ ਮ   ਗੈ ਸ   ਕ ੰ ਪ ਨੀ   ( ਐ ਫ,49,17
ਜੀ,ਜੀ,1,1
ਸਿ) ਅਤੇ ਨੇਸ਼ਨਲ ਗੈਸ ਕੰਪਨੀ (ਨੈਟਗੈਸ) ਹਨ I,ਸਿ )   ਅ ਤੇ   ਨੇ ਸ਼ ਨ ਲ   ਗੈ ਸ   ਕ ੰ ਪ ਨੀ   ( ਨੈ ਟ ਗੈ ਸ )   ਹ ਨ   I,23,8
"1824 ਵਿੱਚ, ਹੈਮਿਲਟਨ ਨੂੰ ਐਜਵਰਥਸਟਾਊਨ ਵਿਖੇ ਨਾਵਲਕਾਰ ਮਾਰੀਆ ਐਜਵਰਥ ਨੂੰ ਰੇਵ","1 8 2 4   ਵਿ ੱ ਚ ,   ਹੈ ਮਿ ਲ ਟ ਨ   ਨੂ ੰ   ਐ ਜ ਵ ਰ ਥ ਸ ਟਾ ਊ ਨ   ਵਿ ਖੇ   ਨਾ ਵ ਲ ਕਾ ਰ   ਮਾ ਰੀ ਆ   ਐ ਜ ਵ ਰ ਥ   ਨੂ ੰ   ਰੇ ਵ",43,11
"ਰਿਚਰਡ ਬਟਲਰ, ਟ੍ਰਿਮ ਦੇ ਵਾਈਕਰ, ਕਾਉਂਟੀ ਮੀਥ ਦੁਆਰਾ ਪੇਸ਼ ਕੀਤਾ ਗਿਆ ਸੀ, ਜਿਸ ਲਈ ਉਸਦਾ ਚਾਚਾ ਜੇਮਸ ਹੈਮਿਲਟਨ ਕਿਊਰੇਟ ਸੀ","ਰਿ ਚ ਰ ਡ   ਬ ਟ ਲ ਰ ,   ਟ੍ਰਿ ਮ   ਦੇ   ਵਾ ਈ ਕ ਰ ,   ਕਾ ਉ ਂ ਟੀ   ਮੀ ਥ   ਦੁ ਆ ਰਾ   ਪੇ ਸ਼   ਕੀ ਤਾ   ਗਿ ਆ   ਸੀ ,   ਜਿ ਸ   ਲ ਈ   ਉ ਸ ਦਾ   ਚਾ ਚਾ   ਜੇ ਮ ਸ   ਹੈ ਮਿ ਲ ਟ ਨ   ਕਿ ਊ ਰੇ ਟ   ਸੀ",56,20
ਬੰਗਾਲ ਰਸਾਇਣ ਤੇ ਫਾਰਮਾਸਿਊਟੀਕਲ ਪਿ,ਬ ੰ ਗਾ ਲ   ਰ ਸਾ ਇ ਣ   ਤੇ   ਫਾ ਰ ਮਾ ਸਿ ਊ ਟੀ ਕ ਲ   ਪਿ,18,5
ਸਿ ਰੇਏ ਵਲੋਂ ਸਥਾਪਿਤ ਕਿਤਾ ਗਿਆ ਜੋ ਕਿ ਕਲਕੱਤਾ ਯੂਨੀਵਰਸਿਟੀ ਵਿੱਚ ਰਸਾਇਣ ਵਿਗਿਆਨ ਦੇ ਅਧਿਆਪਕ ਹਨ I,ਸਿ   ਰੇ ਏ   ਵ ਲੋਂ   ਸ ਥਾ ਪਿ ਤ   ਕਿ ਤਾ   ਗਿ ਆ   ਜੋ   ਕਿ   ਕ ਲ ਕ ੱ ਤਾ   ਯੂ ਨੀ ਵ ਰ ਸਿ ਟੀ   ਵਿ ੱ ਚ   ਰ ਸਾ ਇ ਣ   ਵਿ ਗਿ ਆ ਨ   ਦੇ   ਅ ਧਿ ਆ ਪ ਕ   ਹ ਨ   I,46,17
ਇੰਡੀਅਨ ਏਅਰਲਾਈਨ ਘਰੇਲੂ ਰਸਤੀਆ 'ਤੇ ਅਤੇ ਏਅਰ ਇੰਡੀਆ ਇੰਟਰਨੈਸ਼ਨਲ ਅੰਤਰਰਾਸ਼ਟਰੀ ਸੇਵਾਵਾਂ 'ਤੇ ਕੇਂਦਰਿਤ ਹੈ,ਇ ੰ ਡੀ ਅ ਨ   ਏ ਅ ਰ ਲਾ ਈ ਨ   ਘ ਰੇ ਲੂ   ਰ ਸ ਤੀ ਆ   ' ਤੇ   ਅ ਤੇ   ਏ ਅ ਰ   ਇ ੰ ਡੀ ਆ   ਇ ੰ ਟ ਰ ਨੈ ਸ਼ ਨ ਲ   ਅ ੰ ਤ ਰ ਰਾ ਸ਼ ਟ ਰੀ   ਸੇ ਵਾ ਵਾਂ   ' ਤੇ   ਕੇਂ ਦ ਰਿ ਤ   ਹੈ,55,14
"ਦੂਸਰੇ ਮਾਮਲੀਆ ਵਿੱਚ, ਹੈਲੀਕਾਪਟ ਸਿਰਫ਼ ਸਟਲਯੂਸ਼ਨ ਲਈ ਵਰਤਿਆ ਜਾਂਦਾ ਹੈ ਅਤੇ ਰਾਕੇਟ ਪਹੁੰਚਾਉਣ ਵਾਲੀਆ ਸੁਰੰਗਾ ਹਥਿਆਰ ਦੇ ਤੋਰ ਤੇ ਵਰਤੇ ਜਾਂਦੇ ਸਨ I","ਦੂ ਸ ਰੇ   ਮਾ ਮ ਲੀ ਆ   ਵਿ ੱ ਚ ,   ਹੈ ਲੀ ਕਾ ਪ ਟ   ਸਿ ਰ ਫ਼   ਸ ਟ ਲ ਯੂ ਸ ਼ ਨ   ਲ ਈ   ਵ ਰ ਤਿ ਆ   ਜਾਂ ਦਾ   ਹੈ   ਅ ਤੇ   ਰਾ ਕੇ ਟ   ਪ ਹੁ ੰ ਚਾ ਉ ਣ   ਵਾ ਲੀ ਆ   ਸੁ ਰ ੰ ਗਾ   ਹ ਥਿ ਆ ਰ   ਦੇ   ਤੋ ਰ   ਤੇ   ਵ ਰ ਤੇ   ਜਾਂ ਦੇ   ਸ ਨ   I",69,23
"1980 ਦੇ ਦਸ਼ਕ ਵਿੱਚ, ਸਪੇਨੀ ਵਪਾਰਿਕ ਸੰਸਥਾ ਐਸਪੇਰਨਜ਼ਾ ਯ ਸਿਆ ਨੇ 120 ਮਿਲੀਮੀਟਰ ਦਾ ਖਰਲ ਬੰਬ ਦੀ ਉਸਾਰੀ ਕਿਤੀ ਜਿਸ ਵਿੱਚ 21 ਐਂਟੀ-ਅਰਮੌਰ ਸਬਮੂਨਿਟੀਸ਼ਨਸ ਸਨ I","1 9 8 0   ਦੇ   ਦ ਸ਼ ਕ   ਵਿ ੱ ਚ ,   ਸ ਪੇ ਨੀ   ਵ ਪਾ ਰਿ ਕ   ਸ ੰ ਸ ਥਾ   ਐ ਸ ਪੇ ਰ ਨ ਜ਼ ਾ   ਯ   ਸਿ ਆ   ਨੇ   1 2 0   ਮਿ ਲੀ ਮੀ ਟ ਰ   ਦਾ   ਖ ਰ ਲ   ਬ ੰ ਬ   ਦੀ   ਉ ਸਾ ਰੀ   ਕਿ ਤੀ   ਜਿ ਸ   ਵਿ ੱ ਚ   2 1   ਐ ਂ ਟੀ - ਅ ਰ ਮੌ ਰ   ਸ ਬ ਮੂ ਨਿ ਟੀ ਸ਼ ਨ ਸ   ਸ ਨ   I",81,26
"ਕੁੱਝ ਅਨੁਮਾਨਾਂ ਅਨੁਸਾਰ, ਭਾਰਤ ਕੋਲ 10,600 ਮੈਗਾਵਾਟ ਭੂ-ਥਰਮਲ ਊਰਜਾ ਉਪਲਬਧ ਹੈ","ਕੁ ੱ ਝ   ਅ ਨੁ ਮਾ ਨਾਂ   ਅ ਨੁ ਸਾ ਰ ,   ਭਾ ਰ ਤ   ਕੋ ਲ   1 0 , 6 0 0   ਮੈ ਗਾ ਵਾ ਟ   ਭੂ - ਥ ਰ ਮ ਲ   ਊ ਰ ਜਾ   ਉ ਪ ਲ ਬ ਧ   ਹੈ",42,11
"ਬਾਹਰੋਂ, ਭਾਰਤ ਦੇ ਅੰਦਰਲੇ ਪੈਸੇ, ਭਾਰਤ ਵਿੱਚ ਜਾਇਜ਼ ਬਕਾਇਆ, ਹੋਰ ਐਨ ਆਰ ਓ ਖਾਤਿਆਂ ਤੋਂ ਟ੍ਰਾਂਸਫ਼ਰ ਅਤੇ ਐਨ ਆਰ ਓ ਖਾਤਿਆਂ ਵਿੱਚ ਕ੍ਰੈਡਿਟ ਦੀ ਇਜਾਜ਼ਤ ਹੈ","ਬਾ ਹ ਰੋਂ ,   ਭਾ ਰ ਤ   ਦੇ   ਅ ੰ ਦ ਰ ਲੇ   ਪੈ ਸੇ ,   ਭਾ ਰ ਤ   ਵਿ ੱ ਚ   ਜਾ ਇ ਜ਼   ਬ ਕਾ ਇ ਆ ,   ਹੋ ਰ   ਐ ਨ   ਆ ਰ   ਓ   ਖਾ ਤਿ ਆ ਂ   ਤੋਂ   ਟ੍ਰਾਂ ਸ ਫ਼ ਰ   ਅ ਤੇ   ਐ ਨ   ਆ ਰ   ਓ   ਖਾ ਤਿ ਆ ਂ   ਵਿ ੱ ਚ   ਕ੍ਰੈ ਡਿ ਟ   ਦੀ   ਇ ਜਾ ਜ਼ ਤ   ਹੈ",69,26
"ਨਿਰਯਾਤ ਦੀ ਸਹੂਲਤ ਲਈ, ਕੇਂਦਰ ਸਰਕਾਰ ਦੁਆਰਾ ਐਮ ਆਈ ਡੀ ਸੀ ਅੰਬਾਦ ਵਿਖੇ ਇੱਕ ਕੰਟੇਨਰ ਮਾਲ ਸਟੇਸ਼ਨ ਸ਼ੁਰੂ ਕੀਤਾ ਗਿਆ ਸੀ","ਨਿ ਰ ਯਾ ਤ   ਦੀ   ਸ ਹੂ ਲ ਤ   ਲ ਈ ,   ਕੇਂ ਦ ਰ   ਸ ਰ ਕਾ ਰ   ਦੁ ਆ ਰਾ   ਐ ਮ   ਆ ਈ   ਡੀ   ਸੀ   ਅ ੰ ਬਾ ਦ   ਵਿ ਖੇ   ਇ ੱ ਕ   ਕ ੰ ਟੇ ਨ ਰ   ਮਾ ਲ   ਸ ਟੇ ਸ਼ ਨ   ਸ਼ੁ ਰੂ   ਕੀ ਤਾ   ਗਿ ਆ   ਸੀ",55,21
"8 ਅਗਸਤ 1984 ਨੂੰ ਇੱਕ ਪੇਟੈਂਟ, US4575330, ਯੂ ਵੀ ਪੀ, ਇੰਕ","8   ਅ ਗ ਸ ਤ   1 9 8 4   ਨੂ ੰ   ਇ ੱ ਕ   ਪੇ ਟੈਂ ਟ ,   U S 4 5 7 5 3 3 0 ,   ਯੂ   ਵੀ   ਪੀ ,   ਇ ੰ ਕ",35,11
"ਨੂੰ ਸੌਂਪਿਆ ਗਿਆ ਅਤੇ ਬਾਅਦ ਵਿੱਚ 3ਡੀ ਸਿਸਟਮ ਕਾਰਪੋਰੇਸ਼ਨ ਦੇ ਚੱਕ ਹੱਲ ਨੂੰ ਸੌਂਪਿਆ ਗਿਆ, ਇੱਕ ਸਟੀਰਿਓਲਿਥੋਗ੍ਰਾਫੀ ਫੈਬਰੀਕੇਸ਼ਨ ਸਿਸਟਮ ਲਈ ਦਾਇਰ ਕੀਤਾ ਗਿਆ ਸੀ, ਜਿਸ ਵਿੱਚ ਫ਼ੋਟੋਪੋਲੀਮਰਸ ਨੂੰ ਠੀਕ ਕਰਕੇ ਵਿਅਕਤੀਗਤ ਲੈਮੀਨਾ ਜਾਂ ਲੇਅਰਾਂ ਨੂੰ , ਇਮਪਿੰਗਿੰਗ ਰੇਡੀਏਸ਼ਨ, ਕਣ ਬੰਬਾਰੀ, ਰਸਾਇਣਕ ਪ੍ਰਤਿਕਿਰਿਆ, ਜਾਂ ਸਿਰਫ਼ ਅਲਟਰਾਵਾਇਲਟ ਲਾਈਟ ਨੂੰ ਲੇਜ਼ਰ ਨਾਲ ਜੋੜਿਆ ਜਾਂਦਾ ਹੈ","ਨੂ ੰ   ਸੌਂ ਪਿ ਆ   ਗਿ ਆ   ਅ ਤੇ   ਬਾ ਅ ਦ   ਵਿ ੱ ਚ   3 ਡੀ   ਸਿ ਸ ਟ ਮ   ਕਾ ਰ ਪੋ ਰੇ ਸ਼ ਨ   ਦੇ   ਚ ੱ ਕ   ਹ ੱ ਲ   ਨੂ ੰ   ਸੌਂ ਪਿ ਆ   ਗਿ ਆ ,   ਇ ੱ ਕ   ਸ ਟੀ ਰਿ ਓ ਲਿ ਥੋ ਗ੍ਰਾ ਫੀ   ਫੈ ਬ ਰੀ ਕੇ ਸ਼ ਨ   ਸਿ ਸ ਟ ਮ   ਲ ਈ   ਦਾ ਇ ਰ   ਕੀ ਤਾ   ਗਿ ਆ   ਸੀ ,   ਜਿ ਸ   ਵਿ ੱ ਚ   ਫ਼ ੋ ਟੋ ਪੋ ਲੀ ਮ ਰ ਸ   ਨੂ ੰ   ਠੀ ਕ   ਕ ਰ ਕੇ   ਵਿ ਅ ਕ ਤੀ ਗ ਤ   ਲੈ ਮੀ ਨਾ   ਜਾਂ   ਲੇ ਅ ਰਾਂ   ਨੂ ੰ   ,   ਇ ਮ ਪਿ ੰ ਗਿ ੰ ਗ   ਰੇ ਡੀ ਏ ਸ਼ ਨ ,   ਕ ਣ   ਬ ੰ ਬਾ ਰੀ ,   ਰ ਸਾ ਇ ਣ ਕ   ਪ੍ਰ ਤਿ ਕਿ ਰਿ ਆ ,   ਜਾਂ   ਸਿ ਰ ਫ਼   ਅ ਲ ਟ ਰਾ ਵਾ ਇ ਲ ਟ   ਲਾ ਈ ਟ   ਨੂ ੰ   ਲੇ ਜ਼ ਰ   ਨਾ ਲ   ਜੋ ੜ ਿ ਆ   ਜਾਂ ਦਾ   ਹੈ",170,52
"ਹੋਰ ਮੁੱਖ ਉਦਯੋਗ ਹਨ, ਵਿਗਿਆਨਕ ਯੰਤਰਾਂ, ਖੇਤੀਬਾੜੀ ਦੇ ਸਮਾਨ, ਬਿਜਲੀ ਦੇ ਸਮਾਨ, ਮਸ਼ੀਨੀ ਉਪਕਰਨ, ਕੱਪੜੇ , ਸਿਲਾਈ ਮਸ਼ੀਨਾਂ, ਖੇਡਾਂ ਦਾ ਸਮਾਨ, ਸਟਾਰਚ, ਖਾਦ, ਸਾਈਕਲ, ਕੱਪੜੇ ਦਾ ਨਿਰਮਾਣ ਅਤੇ ਜੈਤੂਨ ਦੇ ਤੇਲ ਅਤੇ ਖੰਡ ਦਾ ਸੰਸਾਧਨ I","ਹੋ ਰ   ਮੁ ੱ ਖ   ਉ ਦ ਯੋ ਗ   ਹ ਨ ,   ਵਿ ਗਿ ਆ ਨ ਕ   ਯ ੰ ਤ ਰਾਂ ,   ਖੇ ਤੀ ਬਾ ੜ ੀ   ਦੇ   ਸ ਮਾ ਨ ,   ਬਿ ਜ ਲੀ   ਦੇ   ਸ ਮਾ ਨ ,   ਮ ਸ ਼ ੀ ਨੀ   ਉ ਪ ਕ ਰ ਨ ,   ਕ ੱ ਪ ੜ ੇ   ,   ਸਿ ਲਾ ਈ   ਮ ਸ ਼ ੀ ਨਾਂ ,   ਖੇ ਡਾਂ   ਦਾ   ਸ ਮਾ ਨ ,   ਸ ਟਾ ਰ ਚ ,   ਖਾ ਦ ,   ਸਾ ਈ ਕ ਲ ,   ਕ ੱ ਪ ੜ ੇ   ਦਾ   ਨਿ ਰ ਮਾ ਣ   ਅ ਤੇ   ਜੈ ਤੂ ਨ   ਦੇ   ਤੇ ਲ   ਅ ਤੇ   ਖ ੰ ਡ   ਦਾ   ਸ ੰ ਸਾ ਧ ਨ   I",116,36
ਕੰਪਿਊਟਰ ਆਰਕੀਟੈਕਟ ਵਿੱਚ ਬਿਜਲੀ ਦੀ ਖਪਤ ਦਾ ਹਵਾਲਾ ਦਿੰਦੇ ਸਮੇਂ ਇੱਕ ਆਮ ਮਾਪ ਐਮ ਆਈ ਪੀ ਐਸ/ ਡਬਲਿਊ MIPS/W (ਲੱਖਾਂ ਨਿਰਦੇਸ਼ ਪ੍ਰਤੀ ਸੈਕਿੰਡ ਪ੍ਰਤੀ ਵਾਟ) ਹੈ,ਕ ੰ ਪਿ ਊ ਟ ਰ   ਆ ਰ ਕੀ ਟੈ ਕ ਟ   ਵਿ ੱ ਚ   ਬਿ ਜ ਲੀ   ਦੀ   ਖ ਪ ਤ   ਦਾ   ਹ ਵਾ ਲਾ   ਦਿ ੰ ਦੇ   ਸ ਮੇਂ   ਇ ੱ ਕ   ਆ ਮ   ਮਾ ਪ   ਐ ਮ   ਆ ਈ   ਪੀ   ਐ ਸ /   ਡ ਬ ਲਿ ਊ   M I P S / W   ( ਲ ੱ ਖਾਂ   ਨਿ ਰ ਦੇ ਸ਼   ਪ੍ਰ ਤੀ   ਸੈ ਕਿ ੰ ਡ   ਪ੍ਰ ਤੀ   ਵਾ ਟ )   ਹੈ,76,26
"ਕਰਮਚਾਰੀ ਰਾਜ ਬੀਮਾ ਨਿਗਮ ਮੈਡੀਕਲ ਕਾਲਜ, ਹੈਦਰਾਬਾਦ, ਨੇ ਰ","ਕ ਰ ਮ ਚਾ ਰੀ   ਰਾ ਜ   ਬੀ ਮਾ   ਨਿ ਗ ਮ   ਮੈ ਡੀ ਕ ਲ   ਕਾ ਲ ਜ ,   ਹੈ ਦ ਰਾ ਬਾ ਦ ,   ਨੇ   ਰ",28,9
ਸਿ,ਸਿ,1,1
"ਈ ਦੀ ਪ੍ਰਤਿਰੂਪ ਵਿਕਾਸ ਵਿੱਚ ਮਦਦ ਕਿਤੀ ਸੀ, ਨਾਲ ਹੀ ਪੋਸਟ ਗ੍ਰੈਜੂਏਟ ਇੰਸਟੀਚਿਊਟ ਆਫ਼ ਮੈਡੀਕਲ ਐਜੂਕੇਸ਼ਨ ਐਂਡ ਰਿਸਰਚ ਨੇ ਪਦਾਰਥਾਂ ਦੀ ਚਿਕਿਤਸਾ ਦੇ ਉਪਯੋਗ ਲਈ ਅਜ਼ਮਾਇਸ਼, ਪ੍ਰਮਾਣਿਕਤਾ, ਅਤੇ ਸਵੀਕ੍ਰਿਤੀ ਕਿਤੀ I","ਈ   ਦੀ   ਪ੍ਰ ਤਿ ਰੂ ਪ   ਵਿ ਕਾ ਸ   ਵਿ ੱ ਚ   ਮ ਦ ਦ   ਕਿ ਤੀ   ਸੀ ,   ਨਾ ਲ   ਹੀ   ਪੋ ਸ ਟ   ਗ੍ਰੈ ਜੂ ਏ ਟ   ਇ ੰ ਸ ਟੀ ਚਿ ਊ ਟ   ਆ ਫ ਼   ਮੈ ਡੀ ਕ ਲ   ਐ ਜੂ ਕੇ ਸ ਼ ਨ   ਐ ਂ ਡ   ਰਿ ਸ ਰ ਚ   ਨੇ   ਪ ਦਾ ਰ ਥਾਂ   ਦੀ   ਚਿ ਕਿ ਤ ਸਾ   ਦੇ   ਉ ਪ ਯੋ ਗ   ਲ ਈ   ਅ ਜ਼ ਮਾ ਇ ਸ਼ ,   ਪ੍ਰ ਮਾ ਣਿ ਕ ਤਾ ,   ਅ ਤੇ   ਸ ਵੀ ਕ੍ਰਿ ਤੀ   ਕਿ ਤੀ   I",94,31
ਕੁੱਝ ਮਾਮਲਿਆਂ ਵਿੱਚ ਵਿਗਿਆਨਕ ਗਲਪ ਵਿੱਚ ਪਹਿਲਾਂ ਪੇਸ਼ ਕੀਤੇ ਗਏ ਹਥਿਆਰਾਂ ਨੂੰ ਹੁਣ ਹਕੀਕਤ ਬਣਾ ਦਿੱਤਾ ਗਿਆ ਹੈ,ਕੁ ੱ ਝ   ਮਾ ਮ ਲਿ ਆ ਂ   ਵਿ ੱ ਚ   ਵਿ ਗਿ ਆ ਨ ਕ   ਗ ਲ ਪ   ਵਿ ੱ ਚ   ਪ ਹਿ ਲਾਂ   ਪੇ ਸ਼   ਕੀ ਤੇ   ਗ ਏ   ਹ ਥਿ ਆ ਰਾਂ   ਨੂ ੰ   ਹੁ ਣ   ਹ ਕੀ ਕ ਤ   ਬ ਣਾ   ਦਿ ੱ ਤਾ   ਗਿ ਆ   ਹੈ,51,18
"ਭਾਰਤ ਦੇ ਪ੍ਰਮੁੱਖ ਸਟੀਲ ਉਤਪਾਦਕ, ਸੇਲ, ਦਾ ਸਲੇਮ, ਤਮਿਲਨਾਡੂ ਵਿੱਚ ਇੱਕ ਸਟੀਲ ਪਲਾਂਟ ਹੈ","ਭਾ ਰ ਤ   ਦੇ   ਪ੍ਰ ਮੁ ੱ ਖ   ਸ ਟੀ ਲ   ਉ ਤ ਪਾ ਦ ਕ ,   ਸੇ ਲ ,   ਦਾ   ਸ ਲੇ ਮ ,   ਤ ਮਿ ਲ ਨਾ ਡੂ   ਵਿ ੱ ਚ   ਇ ੱ ਕ   ਸ ਟੀ ਲ   ਪ ਲਾਂ ਟ   ਹੈ",43,14
"1997 ਵਿੱਚ ਸਾਨਿਓ ਨੇ ""ਪੋਸਕੈਪ"" ਪੋਲੀਮਰ ਟੈਂਟਲਮ ਚਿਪਸ ਦੀ ਪਾਲਣਾ ਕੀਤੀ","1 9 9 7   ਵਿ ੱ ਚ   ਸਾ ਨਿ ਓ   ਨੇ   "" ਪੋ ਸ ਕੈ ਪ ""   ਪੋ ਲੀ ਮ ਰ   ਟੈਂ ਟ ਲ ਮ   ਚਿ ਪ ਸ   ਦੀ   ਪਾ ਲ ਣਾ   ਕੀ ਤੀ",34,11
"ਇੱਕ ਹਵਾਈ ਜਹਾਜ ਦਾ ਕਾਕਪਿਟ ਐਵੀਓਨਿਕ ਉਪਕਰਣਾਂ ਲਈ ਇੱਕ ਆਮ ਥਾਂ ਹੈ, ਜਿਸ ਵਿੱਚ ਨਿਯੰਤਰਣ, ਨਿਗਰਾਨੀ, ਸੰਚਾਰ, ਨੈਵੀਗੇਸ਼ਨ, ਮੌਸਮ, ਅਤੇ ਵਿਰੋਧੀ ਟੱਕਰ ਪ੍ਰਣਾਲੀਆਂ ਸ਼ਾਮਿਲ ਹਨ","ਇ ੱ ਕ   ਹ ਵਾ ਈ   ਜ ਹਾ ਜ   ਦਾ   ਕਾ ਕ ਪਿ ਟ   ਐ ਵੀ ਓ ਨਿ ਕ   ਉ ਪ ਕ ਰ ਣਾਂ   ਲ ਈ   ਇ ੱ ਕ   ਆ ਮ   ਥਾਂ   ਹੈ ,   ਜਿ ਸ   ਵਿ ੱ ਚ   ਨਿ ਯ ੰ ਤ ਰ ਣ ,   ਨਿ ਗ ਰਾ ਨੀ ,   ਸ ੰ ਚਾ ਰ ,   ਨੈ ਵੀ ਗੇ ਸ਼ ਨ ,   ਮੌ ਸ ਮ ,   ਅ ਤੇ   ਵਿ ਰੋ ਧੀ   ਟ ੱ ਕ ਰ   ਪ੍ਰ ਣਾ ਲੀ ਆ ਂ   ਸ਼ਾ ਮਿ ਲ   ਹ ਨ",85,25
"ਇੱਥੇ ਚਾਰ ਮੁੱਖ ਪ੍ਰਸਤਾਵ ਸਨ, ਅਤੇ ਵਰਤੋਂ ਦੇ ਆਖਿਰੀ ਮਿਸ਼ਰਣ ਨੂੰ ਅੰਤਿਮ ਰੂਪ ਦਿੱਤਾ ਜਾਵੇਗਾ ਜਿਵੇਂ ਵਿਕਾਸ ਅੱਗੇ ਵੱਧਦਾ ਹੈ","ਇ ੱ ਥੇ   ਚਾ ਰ   ਮੁ ੱ ਖ   ਪ੍ਰ ਸ ਤਾ ਵ   ਸ ਨ ,   ਅ ਤੇ   ਵ ਰ ਤੋਂ   ਦੇ   ਆ ਖਿ ਰੀ   ਮਿ ਸ਼ ਰ ਣ   ਨੂ ੰ   ਅ ੰ ਤਿ ਮ   ਰੂ ਪ   ਦਿ ੱ ਤਾ   ਜਾ ਵੇ ਗਾ   ਜਿ ਵੇਂ   ਵਿ ਕਾ ਸ   ਅ ੱ ਗੇ   ਵ ੱ ਧ ਦਾ   ਹੈ",55,20
"ਭਾਰਤੀ ਮੁਦਰਾ ਬਾਜ਼ਾਰ ਨੂੰ ਸੰਗਠਿਤ ਖੇਤਰ ਵਿੱਚ ਸ਼੍ਰੇਣੀਬੱਧ ਕੀਤਾ ਗਿਆ ਹੈ, ਜਿਸ ਵਿੱਚ ਨਿੱਜੀ, ਜਨਤਕ, ਅਤੇ ਵਿਦੇਸ਼ੀ ਮਾਲਕੀ ਵਾਲੇ ਵਪਾਰਕ ਬੈਂਕ ਅਤੇ ਕੋ-ਓਪਰੇਟਿਵ ਬੈਂਕ ਸ਼ਾਮਿਲ ਹਨ, ਜਿਨ੍ਹਾਂ ਨੂੰ ਇਕੱਠੇ ""ਅਨੁਸੂਚਿਤ ਬੈਂਕਾਂ"" ਵਜੋਂ ਜਾਣਿਆ ਜਾਂਦਾ ਹੈ, ਅਤੇ ਅਸੰਗਠਿਤ ਸੈਕਟਰ, ਜਿਸ ਵਿੱਚ ਵਿਅਕਤੀਗਤ ਜਾਂ ਪਰਿਵਾਰਕ ਮਾਲਕੀ ਵਾਲੇ ਸਵਦੇਸ਼ੀ ਬੈਂਕਰ ਜਾਂ ਮਹਾਜਨ ਅਤੇ ਗੈਰ-ਬੈਂਕਿੰਗ ਵਿੱਤੀ ਕੰਪਨੀਆਂ ਸ਼ਾਮਿਲ ਹਨ","ਭਾ ਰ ਤੀ   ਮੁ ਦ ਰਾ   ਬਾ ਜ਼ ਾ ਰ   ਨੂ ੰ   ਸ ੰ ਗ ਠਿ ਤ   ਖੇ ਤ ਰ   ਵਿ ੱ ਚ   ਸ਼੍ਰੇ ਣੀ ਬ ੱ ਧ   ਕੀ ਤਾ   ਗਿ ਆ   ਹੈ ,   ਜਿ ਸ   ਵਿ ੱ ਚ   ਨਿ ੱ ਜੀ ,   ਜ ਨ ਤ ਕ ,   ਅ ਤੇ   ਵਿ ਦੇ ਸ਼ੀ   ਮਾ ਲ ਕੀ   ਵਾ ਲੇ   ਵ ਪਾ ਰ ਕ   ਬੈਂ ਕ   ਅ ਤੇ   ਕੋ - ਓ ਪ ਰੇ ਟਿ ਵ   ਬੈਂ ਕ   ਸ਼ਾ ਮਿ ਲ   ਹ ਨ ,   ਜਿ ਨ੍ਹਾਂ   ਨੂ ੰ   ਇ ਕ ੱ ਠੇ   "" ਅ ਨੁ ਸੂ ਚਿ ਤ   ਬੈਂ ਕਾਂ ""   ਵ ਜੋਂ   ਜਾ ਣਿ ਆ   ਜਾਂ ਦਾ   ਹੈ ,   ਅ ਤੇ   ਅ ਸ ੰ ਗ ਠਿ ਤ   ਸੈ ਕ ਟ ਰ ,   ਜਿ ਸ   ਵਿ ੱ ਚ   ਵਿ ਅ ਕ ਤੀ ਗ ਤ   ਜਾਂ   ਪ ਰਿ ਵਾ ਰ ਕ   ਮਾ ਲ ਕੀ   ਵਾ ਲੇ   ਸ ਵ ਦੇ ਸ਼ੀ   ਬੈਂ ਕ ਰ   ਜਾਂ   ਮ ਹਾ ਜ ਨ   ਅ ਤੇ   ਗੈ ਰ - ਬੈਂ ਕਿ ੰ ਗ   ਵਿ ੱ ਤੀ   ਕ ੰ ਪ ਨੀ ਆ ਂ   ਸ਼ਾ ਮਿ ਲ   ਹ ਨ",177,55
"ਉੱਤਰੀ ਗ੍ਰਿਡ ਵੀ ਅਗਸਤ 2006 ਵਿੱਚ ਆਪਸ ਵਿੱਚ ਜੁੜ ਗਈ, ਜਿਸ ਨਾਲ ਕੇਂਦਰੀ ਗ੍ਰਿਡ ਨਾਲ ਹੀ ਜੁੜੀ ਹੋਈ ਹੈ ਅਤੇ ਇੱਕ ਵਾਰਵਰਤਾ ਤੇ ਚਲਦੀ ਹੈ I","ਉ ੱ ਤ ਰੀ   ਗ੍ਰਿ ਡ   ਵੀ   ਅ ਗ ਸ ਤ   2 0 0 6   ਵਿ ੱ ਚ   ਆ ਪ ਸ   ਵਿ ੱ ਚ   ਜੁ ੜ   ਗ ਈ ,   ਜਿ ਸ   ਨਾ ਲ   ਕੇਂ ਦ ਰੀ   ਗ੍ਰਿ ਡ   ਨਾ ਲ   ਹੀ   ਜੁ ੜ ੀ   ਹੋ ਈ   ਹੈ   ਅ ਤੇ   ਇ ੱ ਕ   ਵਾ ਰ ਵ ਰ ਤਾ   ਤੇ   ਚ ਲ ਦੀ   ਹੈ   I",63,26
"ਖੇਤਰੀ ਗਰਿੱਡਾਂ ਦਾ ਪਹਿਲਾ ਆਪਸੀ ਕਨੈਕਸ਼ਨ ਅਕਤੂਬਰ 1991 ਵਿੱਚ ਸਥਾਪਿਤ ਕੀਤਾ ਗਿਆ ਸੀ, ਜਦੋਂ ਉੱਤਰ ਪੂਰਬੀ ਅਤੇ ਪੂਰਬੀ ਗਰਿੱਡ ਆਪਸ ਵਿੱਚ ਜੁੜੇ ਹੋਏ ਸਨ","ਖੇ ਤ ਰੀ   ਗ ਰਿ ੱ ਡਾਂ   ਦਾ   ਪ ਹਿ ਲਾ   ਆ ਪ ਸੀ   ਕ ਨੈ ਕ ਸ਼ ਨ   ਅ ਕ ਤੂ ਬ ਰ   1 9 9 1   ਵਿ ੱ ਚ   ਸ ਥਾ ਪਿ ਤ   ਕੀ ਤਾ   ਗਿ ਆ   ਸੀ ,   ਜ ਦੋਂ   ਉ ੱ ਤ ਰ   ਪੂ ਰ ਬੀ   ਅ ਤੇ   ਪੂ ਰ ਬੀ   ਗ ਰਿ ੱ ਡ   ਆ ਪ ਸ   ਵਿ ੱ ਚ   ਜੁ ੜ ੇ   ਹੋ ਏ   ਸ ਨ",72,24
ਡੀਜ਼ਲ ਨੂੰ ਬਦਲਣ ਲਈ ਕਿਫ਼ਾਇਤੀ ਪ੍ਰਚੂਨ ਬਿਜਲੀ ਦੀ ਕੀਮਤ 19 ਰੁਪਏ/ਕਿੱਲੋਵਾਟ (608 ਕਿਲੋਕੈਲੋਰੀ /ਕਿੱਲੋਵਾਟ 'ਤੇ 75% ਇੰਪੁੱਟ ਬਿਜਲੀ ਤੋਂ ਸ਼ਾਫਟ ਪਾਵਰ ਕੁਸ਼ਲਤਾ ਬਨਾਮ ਡੀਜ਼ਲ ਦੀ 8572 ਕਿਲੋਕੈਲੋਰੀ/ਲੀਟਰ ਦੇ ਸ਼ੁੱਧ ਮੁੱਲ 'ਤੇ 40% ਈਂਧਨ ਊਰਜਾ 'ਤੇ ਕ੍ਰੈਂਕਸ਼ਾਫਟ ਤੱਕ ਹੋਵੇਗੀ) ਪਾਵਰ ਕੁਸ਼ਲਤਾ ਅਤੇ ਪੈਟਰੋਲ ਨੂੰ ਬਦਲਣ ਲਈ ਤੁਲਨਾਤਮਕ ਸੰਖਿਆ 28 ਰੁਪਏ /ਕਿੱਲੋਵਾਟ (860 ਕਿਲੋਕੈਲੋਰੀ/ਕਿੱਲੋਵਾਟ 'ਤੇ 75% ਇੰਪੁੱਟ ਇਲੈਕਟਰੀਸਿਟੀ ਤੋਂ ਸ਼ਾਫਟ ਪਾਵਰ ਕੁਸ਼ਲਤਾ ਬਨਾਮ ਪੈਟਰੋਲ ਦੇ 7693 ਕਿਲੋਕੈਲੋਰੀ/ਲੀਟਰ ਦੇ ਸ਼ੁੱਧ ਕਲੋਰੀਫ਼ਿਕ ਮੁੱਲ 33% ਈਂਧਨ ਊਰਜਾ ਤੋਂ ਕ੍ਰੈਂਕਸ਼ਾਫਟ ਪਾਵਰ ਕੁਸ਼ਲਤਾ 'ਤੇ ਹੋਵੇਗੀ),ਡੀ ਜ਼ ਲ   ਨੂ ੰ   ਬ ਦ ਲ ਣ   ਲ ਈ   ਕਿ ਫ਼ ਾ ਇ ਤੀ   ਪ੍ਰ ਚੂ ਨ   ਬਿ ਜ ਲੀ   ਦੀ   ਕੀ ਮ ਤ   1 9   ਰੁ ਪ ਏ / ਕਿ ੱ ਲੋ ਵਾ ਟ   ( 6 0 8   ਕਿ ਲੋ ਕੈ ਲੋ ਰੀ   / ਕਿ ੱ ਲੋ ਵਾ ਟ   ' ਤੇ   7 5 %   ਇ ੰ ਪੁ ੱ ਟ   ਬਿ ਜ ਲੀ   ਤੋਂ   ਸ਼ਾ ਫ ਟ   ਪਾ ਵ ਰ   ਕੁ ਸ਼ ਲ ਤਾ   ਬ ਨਾ ਮ   ਡੀ ਜ਼ ਲ   ਦੀ   8 5 7 2   ਕਿ ਲੋ ਕੈ ਲੋ ਰੀ / ਲੀ ਟ ਰ   ਦੇ   ਸ਼ੁ ੱ ਧ   ਮੁ ੱ ਲ   ' ਤੇ   4 0 %   ਈ ਂ ਧ ਨ   ਊ ਰ ਜਾ   ' ਤੇ   ਕ੍ਰੈਂ ਕ ਸ਼ਾ ਫ ਟ   ਤ ੱ ਕ   ਹੋ ਵੇ ਗੀ )   ਪਾ ਵ ਰ   ਕੁ ਸ਼ ਲ ਤਾ   ਅ ਤੇ   ਪੈ ਟ ਰੋ ਲ   ਨੂ ੰ   ਬ ਦ ਲ ਣ   ਲ ਈ   ਤੁ ਲ ਨਾ ਤ ਮ ਕ   ਸ ੰ ਖਿ ਆ   2 8   ਰੁ ਪ ਏ   / ਕਿ ੱ ਲੋ ਵਾ ਟ   ( 8 6 0   ਕਿ ਲੋ ਕੈ ਲੋ ਰੀ / ਕਿ ੱ ਲੋ ਵਾ ਟ   ' ਤੇ   7 5 %   ਇ ੰ ਪੁ ੱ ਟ   ਇ ਲੈ ਕ ਟ ਰੀ ਸਿ ਟੀ   ਤੋਂ   ਸ਼ਾ ਫ ਟ   ਪਾ ਵ ਰ   ਕੁ ਸ਼ ਲ ਤਾ   ਬ ਨਾ ਮ   ਪੈ ਟ ਰੋ ਲ   ਦੇ   7 6 9 3   ਕਿ ਲੋ ਕੈ ਲੋ ਰੀ / ਲੀ ਟ ਰ   ਦੇ   ਸ਼ੁ ੱ ਧ   ਕ ਲੋ ਰੀ ਫ਼ ਿ ਕ   ਮੁ ੱ ਲ   3 3 %   ਈ ਂ ਧ ਨ   ਊ ਰ ਜਾ   ਤੋਂ   ਕ੍ਰੈਂ ਕ ਸ਼ਾ ਫ ਟ   ਪਾ ਵ ਰ   ਕੁ ਸ਼ ਲ ਤਾ   ' ਤੇ   ਹੋ ਵੇ ਗੀ ),277,78
"ਮਾਰਕਿਟ ਵਿੱਚ ਸੈਂਕੜੇ ਹੈਂਡਸੈੱਟ ਹਨ, ਅਤੇ ਉਹ ਸਕ੍ਰੀਨ ਦੇ ਆਕਾਰ ਅਤੇ ਸਮਰਥਿਤ ਤਕਨਾਲੋਜੀਆਂ ਦੁਆਰਾ ਵੱਖਰੇ ਹਨ (ਜਿਵੇਂ ਐਮਐਮਐਸ , ਵੈਪ 2","ਮਾ ਰ ਕਿ ਟ   ਵਿ ੱ ਚ   ਸੈਂ ਕ ੜ ੇ   ਹੈਂ ਡ ਸੈ ੱ ਟ   ਹ ਨ ,   ਅ ਤੇ   ਉ ਹ   ਸ ਕ੍ਰੀ ਨ   ਦੇ   ਆ ਕਾ ਰ   ਅ ਤੇ   ਸ ਮ ਰ ਥਿ ਤ   ਤ ਕ ਨਾ ਲੋ ਜੀ ਆ ਂ   ਦੁ ਆ ਰਾ   ਵ ੱ ਖ ਰੇ   ਹ ਨ   ( ਜਿ ਵੇਂ   ਐ ਮ ਐ ਮ ਐ ਸ   ,   ਵੈ ਪ   2",66,21
0),0 ),2,1
ਸਰੋਤਾਂ ਨੂੰ ਲੱਭਣ ਲਈ ਇੱਕ ਪਬਲਿਕ-ਪ੍ਰਾਈਵੇਟ ਪਾਰਟਨਰਸ਼ਿਪ (ਪੀਪੀਪੀ) ਜਾਂ ਜਨਤਕ ਨਿੱਜੀ ਭਾਈਵਾਲ ਪਹੁੰਚ ਸਭ ਤੋਂ ਅਨੁਕੂਲ ਹੈ,ਸ ਰੋ ਤਾਂ   ਨੂ ੰ   ਲ ੱ ਭ ਣ   ਲ ਈ   ਇ ੱ ਕ   ਪ ਬ ਲਿ ਕ - ਪ੍ਰਾ ਈ ਵੇ ਟ   ਪਾ ਰ ਟ ਨ ਰ ਸ਼ਿ ਪ   ( ਪੀ ਪੀ ਪੀ )   ਜਾਂ   ਜ ਨ ਤ ਕ   ਨਿ ੱ ਜੀ   ਭਾ ਈ ਵਾ ਲ   ਪ ਹੁ ੰ ਚ   ਸ ਭ   ਤੋਂ   ਅ ਨੁ ਕੂ ਲ   ਹੈ,59,17
"""ਉਸ ਅੰਦੋਲਨ ਤੋਂ"", 1945 ਦੀ ਰਿਪੋਰਟ ਵਿੱਚ ਕਿਹਾ ਗਿਆ ਹੈ ਕਿ, ""ਕਲਕੱਤਾ ਨੂੰ ਭੋਜਨ ਦੇਣ ਲਈ ਆਮ ਵਪਾਰਕ ਮਸ਼ੀਨਰੀ 'ਤੇ ਭਰੋਸਾ ਨਹੀਂ ਕੀਤਾ ਜਾਂ ਸਕਦਾ ਸੀ",""" ਉ ਸ   ਅ ੰ ਦੋ ਲ ਨ   ਤੋਂ "" ,   1 9 4 5   ਦੀ   ਰਿ ਪੋ ਰ ਟ   ਵਿ ੱ ਚ   ਕਿ ਹਾ   ਗਿ ਆ   ਹੈ   ਕਿ ,   "" ਕ ਲ ਕ ੱ ਤਾ   ਨੂ ੰ   ਭੋ ਜ ਨ   ਦੇ ਣ   ਲ ਈ   ਆ ਮ   ਵ ਪਾ ਰ ਕ   ਮ ਸ਼ੀ ਨ ਰੀ   ' ਤੇ   ਭ ਰੋ ਸਾ   ਨ ਹੀਂ   ਕੀ ਤਾ   ਜਾਂ   ਸ ਕ ਦਾ   ਸੀ",69,26
"""","""",1,1
"1591 ਵਿੱਚ ਪਹਿਲੀ ਕੈਮਬ੍ਰਿਜ ਬਾਈਬਲ ਜੌਨ ਲਿਗੇਟ ਦੁਵਾਰਾ ਛਾਪੀ ਗਈ ਸੀ ਅਤੇ 1629 ਵਿੱਚ ਕਿੰਗ ਜੇਮਜ਼ ਬਾਈਬਲ ਦਾ ਕੈਮਬ੍ਰਿਜ ਫੋਲਿਓ ਸੰਸਕਰਨ, ਥੋਮਸ ਤੇ ਜੌਨ ਬੱਕ ਦੁਵਾਰਾ ਛਾਪਿਆ ਗਿਆ ਸੀ I","1 5 9 1   ਵਿ ੱ ਚ   ਪ ਹਿ ਲੀ   ਕੈ ਮ ਬ੍ਰਿ ਜ   ਬਾ ਈ ਬ ਲ   ਜੌ ਨ   ਲਿ ਗੇ ਟ   ਦੁ ਵਾ ਰਾ   ਛਾ ਪੀ   ਗ ਈ   ਸੀ   ਅ ਤੇ   1 6 2 9   ਵਿ ੱ ਚ   ਕਿ ੰ ਗ   ਜੇ ਮ ਜ਼   ਬਾ ਈ ਬ ਲ   ਦਾ   ਕੈ ਮ ਬ੍ਰਿ ਜ   ਫੋ ਲਿ ਓ   ਸ ੰ ਸ ਕ ਰ ਨ ,   ਥੋ ਮ ਸ   ਤੇ   ਜੌ ਨ   ਬ ੱ ਕ   ਦੁ ਵਾ ਰਾ   ਛਾ ਪਿ ਆ   ਗਿ ਆ   ਸੀ   I",84,30
ਹਵਾ ਦੀ ਊਰਜਾ ਦਾ ਪੱਧਰੀ ਮਹਿਸੂਲ ₹2,ਹ ਵਾ   ਦੀ   ਊ ਰ ਜਾ   ਦਾ   ਪ ੱ ਧ ਰੀ   ਮ ਹਿ ਸੂ ਲ   ₹ 2,17,7
43 ($0,4 3   ( $ 0,5,2
03 ਅਮਰੀਕਾ ਡੋੱਲਰ) ਪ੍ਰਤੀ ਕਿਲੋਵਾਟਆਵਰ ਦੇ ਹੇਠਲੇ ਪੱਧਰ ਤੇ ਦਰਜ ਕਿਤਾ ਗਿਆ ਹੈ (ਬਿਨਾਂ ਕਿਸੇ ਸਿੱਧੀ ਜਾਂ ਅਪ੍ਰਤੱਖ ਅਨੁਦਾਨ ਦੇ ) ਦਸੰਬਰ 2017 ਵਿੱਚ ਹਵਾ ਦੀ ਊਰਜਾ ਦੇ ਨਿਲਾਮੀ ਪਰਾਜੈਕਟਾਂ ਦੇ ਦੌਰਾਨ I,0 3   ਅ ਮ ਰੀ ਕਾ   ਡੋ ੱ ਲ ਰ )   ਪ੍ਰ ਤੀ   ਕਿ ਲੋ ਵਾ ਟ ਆ ਵ ਰ   ਦੇ   ਹੇ ਠ ਲੇ   ਪ ੱ ਧ ਰ   ਤੇ   ਦ ਰ ਜ   ਕਿ ਤਾ   ਗਿ ਆ   ਹੈ   ( ਬਿ ਨਾਂ   ਕਿ ਸੇ   ਸਿ ੱ ਧੀ   ਜਾਂ   ਅ ਪ੍ਰ ਤ ੱ ਖ   ਅ ਨੁ ਦਾ ਨ   ਦੇ   )   ਦ ਸ ੰ ਬ ਰ   2 0 1 7   ਵਿ ੱ ਚ   ਹ ਵਾ   ਦੀ   ਊ ਰ ਜਾ   ਦੇ   ਨਿ ਲਾ ਮੀ   ਪ ਰਾ ਜੈ ਕ ਟਾਂ   ਦੇ   ਦੌ ਰਾ ਨ   I,89,33
"1972 ਅਤੇ 1975 ਦੇ ਵਿਚਕਾਰ, ਕਪਰੋ-ਨਿੱਕਲ ਨੇ 25 ਪੈਸੇ 50 ਪੈਸੇ ਅਤੇ 1 ਰੁਪਏ ਵਿੱਚ ਨਿੱਕਲ ਦੀ ਥਾਂ ਲੈ ਲਈ; 1982 ਵਿੱਚ, ਕਪਰੋ-ਨਿੱਕਲ ਦੇ ਦੋ ਰੁਪਏ ਦੇ ਸਿੱਕੇ ਪੇਸ਼ ਕੀਤੇ ਗਏ ਸਨ","1 9 7 2   ਅ ਤੇ   1 9 7 5   ਦੇ   ਵਿ ਚ ਕਾ ਰ ,   ਕ ਪ ਰੋ - ਨਿ ੱ ਕ ਲ   ਨੇ   2 5   ਪੈ ਸੇ   5 0   ਪੈ ਸੇ   ਅ ਤੇ   1   ਰੁ ਪ ਏ   ਵਿ ੱ ਚ   ਨਿ ੱ ਕ ਲ   ਦੀ   ਥਾਂ   ਲੈ   ਲ ਈ ;   1 9 8 2   ਵਿ ੱ ਚ ,   ਕ ਪ ਰੋ - ਨਿ ੱ ਕ ਲ   ਦੇ   ਦੋ   ਰੁ ਪ ਏ   ਦੇ   ਸਿ ੱ ਕੇ   ਪੇ ਸ਼   ਕੀ ਤੇ   ਗ ਏ   ਸ ਨ",85,32
"ਡੈਬੋਵਸਕੀ ਨੇ ਇਸ ਬਾਰੇ ਆਪਣੀ ਕਿਤਾਬ, ""ਟੇਕਿੰਗ ਦ ਸਟੇਟ ਟੁ ਦ ਸੁਪਰੀਮ ਕੋਰਟ: ਪਬਲਿਕ ਇੰਟ੍ਰਸਟ ਲਿਟੀਗੇਸ਼ਨ ਐਂਡ ਦ ਪਬਲਿਕ ਸਫ਼ੀਅਰ ਇਨ ਮੈਟਰੋਪੋਲੀਟਨ ਇੰਡੀਆ"" ਵਿੱਚ ਲਿਖਿਆ ਸੀ, ਜੋ ਅਸਲ ਵਿੱਚ 2001 ਵਿੱਚ ਆਕਸਫੋਰਡ ਯੂਨੀਵਰਸਿਟੀ ਪ੍ਰੈਸ ਦੁਆਰਾ ਪ੍ਰਕਾਸ਼ਿਤ ਕੀਤਾ ਗਈ ਸੀ","ਡੈ ਬੋ ਵ ਸ ਕੀ   ਨੇ   ਇ ਸ   ਬਾ ਰੇ   ਆ ਪ ਣੀ   ਕਿ ਤਾ ਬ ,   "" ਟੇ ਕਿ ੰ ਗ   ਦ   ਸ ਟੇ ਟ   ਟੁ   ਦ   ਸੁ ਪ ਰੀ ਮ   ਕੋ ਰ ਟ :   ਪ ਬ ਲਿ ਕ   ਇ ੰ ਟ੍ਰ ਸ ਟ   ਲਿ ਟੀ ਗੇ ਸ਼ ਨ   ਐ ਂ ਡ   ਦ   ਪ ਬ ਲਿ ਕ   ਸ ਫ਼ ੀ ਅ ਰ   ਇ ਨ   ਮੈ ਟ ਰੋ ਪੋ ਲੀ ਟ ਨ   ਇ ੰ ਡੀ ਆ ""   ਵਿ ੱ ਚ   ਲਿ ਖਿ ਆ   ਸੀ ,   ਜੋ   ਅ ਸ ਲ   ਵਿ ੱ ਚ   2 0 0 1   ਵਿ ੱ ਚ   ਆ ਕ ਸ ਫੋ ਰ ਡ   ਯੂ ਨੀ ਵ ਰ ਸਿ ਟੀ   ਪ੍ਰੈ ਸ   ਦੁ ਆ ਰਾ   ਪ੍ਰ ਕਾ ਸ਼ਿ ਤ   ਕੀ ਤਾ   ਗ ਈ   ਸੀ",125,39
"ਹੋ ਸਕਦਾ ਹੈ ਕਿ ਇੱਕ ਸੁਰੱਖਿਅਤ ਵਿਅਕਤੀ ਨੇ ""ਅਜਿਹੇ ਚਰਿੱਤਰ ਦਾ ਕੁੱਝ ਵੀ ਨਾ ਕੀਤਾ ਹੋਵੇ ਜੋ ਸਰੀਰਕ ਦੁੱਖ ਜਾਂ ਬਰਬਾਦੀ ਦਾ ਕਾਰਨ ਬਣ ਸਕੇ","ਹੋ   ਸ ਕ ਦਾ   ਹੈ   ਕਿ   ਇ ੱ ਕ   ਸੁ ਰ ੱ ਖਿ ਅ ਤ   ਵਿ ਅ ਕ ਤੀ   ਨੇ   "" ਅ ਜਿ ਹੇ   ਚ ਰਿ ੱ ਤ ਰ   ਦਾ   ਕੁ ੱ ਝ   ਵੀ   ਨਾ   ਕੀ ਤਾ   ਹੋ ਵੇ   ਜੋ   ਸ ਰੀ ਰ ਕ   ਦੁ ੱ ਖ   ਜਾਂ   ਬ ਰ ਬਾ ਦੀ   ਦਾ   ਕਾ ਰ ਨ   ਬ ਣ   ਸ ਕੇ",60,25
"""","""",1,1
"ਆਰਟੀਕਲ 28 ਵਿੱਚ ਕਿਹਾ ਗਿਆ ਹੈ ਕਿ ਜਦੋਂ ਵੀ ਯੁੱਧ ਵਿੱਚ ਕਿਸੇ ਪਿੰਡ ਤੇ ਕਬਜ਼ਾ ਕਿਤਾ ਜਾਂਦਾ ਹੈ, ਕਿਸੇ ਵੀ ਪਾਰਟੀ ਦੁਆਰਾ ਉਸ ਨੂੰ ਲੁੱਟਣ ਦੀ ਇਜਾਜ਼ਤ ਨਹੀਂ ਹੈ","ਆ ਰ ਟੀ ਕ ਲ   2 8   ਵਿ ੱ ਚ   ਕਿ ਹਾ   ਗਿ ਆ   ਹੈ   ਕਿ   ਜ ਦੋਂ   ਵੀ   ਯੁ ੱ ਧ   ਵਿ ੱ ਚ   ਕਿ ਸੇ   ਪਿ ੰ ਡ   ਤੇ   ਕ ਬ ਜ਼ ਾ   ਕਿ ਤਾ   ਜਾਂ ਦਾ   ਹੈ ,   ਕਿ ਸੇ   ਵੀ   ਪਾ ਰ ਟੀ   ਦੁ ਆ ਰਾ   ਉ ਸ   ਨੂ ੰ   ਲੁ ੱ ਟ ਣ   ਦੀ   ਇ ਜਾ ਜ਼ ਤ   ਨ ਹੀਂ   ਹੈ",66,29
ਸੰਵਿਧਾਨ ਦਾ ਆਰਟੀਕਲ 8 ਅਪਾਹਜਤਾ ਵਿਤਕਰੇ ਦਾ ਮੁਕਾਬਲਾ ਕਰਨ ਲਈ ਅਧਿਕਾਰਾਂ ਅਤੇ ਸਨਮਾਨ ਨੂੰ ਉਤਸ਼ਾਹਿਤ ਕਰਨ ਲਈ ਜਾਗਰੂਕਤਾ ਵਧਾਉਣ ਲਈ ਪਾਰਟੀਆਂ ਦੀ ਵਚਨਬੱਧਤਾ 'ਤੇ ਜ਼ੋਰ ਦਿੰਦਾ ਹੈ,ਸ ੰ ਵਿ ਧਾ ਨ   ਦਾ   ਆ ਰ ਟੀ ਕ ਲ   8   ਅ ਪਾ ਹ ਜ ਤਾ   ਵਿ ਤ ਕ ਰੇ   ਦਾ   ਮੁ ਕਾ ਬ ਲਾ   ਕ ਰ ਨ   ਲ ਈ   ਅ ਧਿ ਕਾ ਰਾਂ   ਅ ਤੇ   ਸ ਨ ਮਾ ਨ   ਨੂ ੰ   ਉ ਤ ਸ਼ਾ ਹਿ ਤ   ਕ ਰ ਨ   ਲ ਈ   ਜਾ ਗ ਰੂ ਕ ਤਾ   ਵ ਧਾ ਉ ਣ   ਲ ਈ   ਪਾ ਰ ਟੀ ਆ ਂ   ਦੀ   ਵ ਚ ਨ ਬ ੱ ਧ ਤਾ   ' ਤੇ   ਜ਼ ੋ ਰ   ਦਿ ੰ ਦਾ   ਹੈ,86,27
"ਸੰਸਦ ਕੋਲ ਸੰਘੀ ਸੂਚੀ (ਜਿਵੇਂ ਕਿ ਨਾਗਰਿਕਤਾ, ਰੱਖਿਆ, ਅੰਦਰੂਨੀ ਸੁਰੱਖਿਆ, ਨਾਗਰਿਕ ਅਤੇ ਅਪਰਾਧਿਕ ਕਾਨੂੰਨ, ਵਿੱਤ ਵਪਾਰ, ਵਣਜ ਅਤੇ ਉਦਯੋਗ, ਸਿੱਖਿਆ, ਲੇਬਰ, ਅਤੇ ਸੈਰ-ਸਪਾਟਾ) ਦੇ ਅਧੀਨ ਆਉਣ ਵਾਲੇ ਮਾਮਲਿਆਂ 'ਤੇ ਕਾਨੂੰਨ ਬਣਾਉਣ ਦੀ ਵਿਸ਼ੇਸ਼ ਸ਼ਕਤੀ ਹੈ","ਸ ੰ ਸ ਦ   ਕੋ ਲ   ਸ ੰ ਘੀ   ਸੂ ਚੀ   ( ਜਿ ਵੇਂ   ਕਿ   ਨਾ ਗ ਰਿ ਕ ਤਾ ,   ਰ ੱ ਖਿ ਆ ,   ਅ ੰ ਦ ਰੂ ਨੀ   ਸੁ ਰ ੱ ਖਿ ਆ ,   ਨਾ ਗ ਰਿ ਕ   ਅ ਤੇ   ਅ ਪ ਰਾ ਧਿ ਕ   ਕਾ ਨੂ ੰ ਨ ,   ਵਿ ੱ ਤ   ਵ ਪਾ ਰ ,   ਵ ਣ ਜ   ਅ ਤੇ   ਉ ਦ ਯੋ ਗ ,   ਸਿ ੱ ਖਿ ਆ ,   ਲੇ ਬ ਰ ,   ਅ ਤੇ   ਸੈ ਰ - ਸ ਪਾ ਟਾ )   ਦੇ   ਅ ਧੀ ਨ   ਆ ਉ ਣ   ਵਾ ਲੇ   ਮਾ ਮ ਲਿ ਆ ਂ   ' ਤੇ   ਕਾ ਨੂ ੰ ਨ   ਬ ਣਾ ਉ ਣ   ਦੀ   ਵਿ ਸ਼ੇ ਸ਼   ਸ਼ ਕ ਤੀ   ਹੈ",120,35
"ਜਦੋਂ ਕਿ ਹਰੇਕ ਰਾਜ, ਆਪਣੀ ਵਿਧਾਨ ਸਭਾ ਦੁਆਰਾ, ਰਾਜ ਦੀ ਸੂਚੀ ਦੇ ਅਧੀਨ ਆਉਣ ਵਾਲੇ ਮਾਮਲਿਆਂ (ਜਿਵੇਂ ਕਿ ਜ਼ਮੀਨ, ਸਥਾਨਕ ਸਰਕਾਰ, ਸਾਈਰਿਆ ਕਾਨੂੰਨ, ਸਾਈਰਿਆ ਅਦਾਲਤਾਂ, ਰਾਜ ਦੀਆਂ ਛੁੱਟੀਆਂ ਅਤੇ ਰਾਜ ਦੇ ਜਨਤਕ ਕੰਮ) ਉੱਤੇ ਵਿਧਾਨਕ ਸ਼ਕਤੀ ਹੈ","ਜ ਦੋਂ   ਕਿ   ਹ ਰੇ ਕ   ਰਾ ਜ ,   ਆ ਪ ਣੀ   ਵਿ ਧਾ ਨ   ਸ ਭਾ   ਦੁ ਆ ਰਾ ,   ਰਾ ਜ   ਦੀ   ਸੂ ਚੀ   ਦੇ   ਅ ਧੀ ਨ   ਆ ਉ ਣ   ਵਾ ਲੇ   ਮਾ ਮ ਲਿ ਆ ਂ   ( ਜਿ ਵੇਂ   ਕਿ   ਜ਼ ਮੀ ਨ ,   ਸ ਥਾ ਨ ਕ   ਸ ਰ ਕਾ ਰ ,   ਸਾ ਈ ਰਿ ਆ   ਕਾ ਨੂ ੰ ਨ ,   ਸਾ ਈ ਰਿ ਆ   ਅ ਦਾ ਲ ਤਾਂ ,   ਰਾ ਜ   ਦੀ ਆ ਂ   ਛੁ ੱ ਟੀ ਆ ਂ   ਅ ਤੇ   ਰਾ ਜ   ਦੇ   ਜ ਨ ਤ ਕ   ਕ ੰ ਮ )   ਉ ੱ ਤੇ   ਵਿ ਧਾ ਨ ਕ   ਸ਼ ਕ ਤੀ   ਹੈ",109,37
"ਬੀਕ ਅਤੇ ਏਚਟ-ਸੁਸਟਰੇਨ ਕੋਲ 10 ਫ਼ਰਵਰੀ ਤੱਕ ਐਮਰਜੈਂਸੀ ਫਰਮਾਨ ਹੋਵੇਗਾ, ਜੋ ਪੁਲਿਸ ਨੂੰ ਬਿਨ੍ਹਾਂ ਕਾਰਨ ਰੁਕਣ ਅਤੇ ਝੁਰੜੀਆਂ ਕਰਨ ਦੀ ਇਜਾਜ਼ਤ ਦੇਵੇਗਾ","ਬੀ ਕ   ਅ ਤੇ   ਏ ਚ ਟ - ਸੁ ਸ ਟ ਰੇ ਨ   ਕੋ ਲ   1 0   ਫ਼ ਰ ਵ ਰੀ   ਤ ੱ ਕ   ਐ ਮ ਰ ਜੈਂ ਸੀ   ਫ ਰ ਮਾ ਨ   ਹੋ ਵੇ ਗਾ ,   ਜੋ   ਪੁ ਲਿ ਸ   ਨੂ ੰ   ਬਿ ਨ੍ਹਾਂ   ਕਾ ਰ ਨ   ਰੁ ਕ ਣ   ਅ ਤੇ   ਝੁ ਰ ੜ ੀ ਆ ਂ   ਕ ਰ ਨ   ਦੀ   ਇ ਜਾ ਜ਼ ਤ   ਦੇ ਵੇ ਗਾ",70,22
"ਹਲਾਂਕਿ, ਕਿਸੇ ਵੀ ਸਟੇਟ ਬਾਰ ਕੌਂਸਲ ਵਿੱਚ ਦਾਖਲਾ ਬੈਰਿਸਟਰ ਨੂੰ ਭਾਰਤ ਦੀ ਕਿਸੇ ਵੀ ਅਦਾਲਤ ਵਿੱਚ ਪੇਸ਼ ਹੋਣ ਤੋਂ ਰੋਕਦਾ ਹੈ, ਭਾਵੇਂ ਇਹ ਸਟੇਟ ਬਾਰ ਕੌਂਸਲ ਦੇ ਖੇਤਰੀ ਅਧਿਕਾਰ ਖੇਤਰ ਤੋਂ ਬਾਹਰ ਹੈ ਜਿਸ ਵਿੱਚ ਉਹ ਦਾਖਲ ਹਨ","ਹ ਲਾਂ ਕਿ ,   ਕਿ ਸੇ   ਵੀ   ਸ ਟੇ ਟ   ਬਾ ਰ   ਕੌਂ ਸ ਲ   ਵਿ ੱ ਚ   ਦਾ ਖ ਲਾ   ਬੈ ਰਿ ਸ ਟ ਰ   ਨੂ ੰ   ਭਾ ਰ ਤ   ਦੀ   ਕਿ ਸੇ   ਵੀ   ਅ ਦਾ ਲ ਤ   ਵਿ ੱ ਚ   ਪੇ ਸ਼   ਹੋ ਣ   ਤੋਂ   ਰੋ ਕ ਦਾ   ਹੈ ,   ਭਾ ਵੇਂ   ਇ ਹ   ਸ ਟੇ ਟ   ਬਾ ਰ   ਕੌਂ ਸ ਲ   ਦੇ   ਖੇ ਤ ਰੀ   ਅ ਧਿ ਕਾ ਰ   ਖੇ ਤ ਰ   ਤੋਂ   ਬਾ ਹ ਰ   ਹੈ   ਜਿ ਸ   ਵਿ ੱ ਚ   ਉ ਹ   ਦਾ ਖ ਲ   ਹ ਨ",92,38
"ਇਨ੍ਹਾਂ ਕਨੂੰਨਾਂ ਨੇ ਕਿਸੇ ਵੀ ਗੈਰ-ਸਰਕਾਰੀ ਰਾਜਨੀਤਿਕ ਗਤੀਵਿਧੀ ਨੂੰ ਤਿੱਖੇ ਤੌਰ 'ਤੇ ਘੇਰ ਲਿਆ: ਸੜਕੀ ਪ੍ਰਦਰਸ਼ਨ, ਗੈਰ ਪ੍ਰਵਾਨਿਤ ਰਾਜਨੀਤਿਕ ਸੰਸਥਾਵਾਂ,ਅਤੇ ਗੈਰ-ਰਜਿਸਟਰਡ ਵਿੱਤੀ ਦਾਨ ਨੂੰ ਰਸਮੀ ਤੌਰ 'ਤੇ ਪਾਬੰਦੀ ਲਗਾਈ ਗਈ ਸੀ","ਇ ਨ੍ਹਾਂ   ਕ ਨੂ ੰ ਨਾਂ   ਨੇ   ਕਿ ਸੇ   ਵੀ   ਗੈ ਰ - ਸ ਰ ਕਾ ਰੀ   ਰਾ ਜ ਨੀ ਤਿ ਕ   ਗ ਤੀ ਵਿ ਧੀ   ਨੂ ੰ   ਤਿ ੱ ਖੇ   ਤੌ ਰ   ' ਤੇ   ਘੇ ਰ   ਲਿ ਆ :   ਸ ੜ ਕੀ   ਪ੍ਰ ਦ ਰ ਸ਼ ਨ ,   ਗੈ ਰ   ਪ੍ਰ ਵਾ ਨਿ ਤ   ਰਾ ਜ ਨੀ ਤਿ ਕ   ਸ ੰ ਸ ਥਾ ਵਾਂ , ਅ ਤੇ   ਗੈ ਰ - ਰ ਜਿ ਸ ਟ ਰ ਡ   ਵਿ ੱ ਤੀ   ਦਾ ਨ   ਨੂ ੰ   ਰ ਸ ਮੀ   ਤੌ ਰ   ' ਤੇ   ਪਾ ਬ ੰ ਦੀ   ਲ ਗਾ ਈ   ਗ ਈ   ਸੀ",101,31
ਵਿਭਚਾਰੀ ਨੂੰ ਅਕਸਰ ਵਿਸ਼ਵਾਸ ਦੀ ਉਲੰਘਣਾ ਅਤੇ ਵਿਆਹ ਦੌਰਾਨ ਕੀਤੀ ਗਈ ਵਚਨਬੱਧਤਾ ਵਜੋਂ ਦੇਖਿਆ ਜਾਂਦਾ ਹੈ,ਵਿ ਭ ਚਾ ਰੀ   ਨੂ ੰ   ਅ ਕ ਸ ਰ   ਵਿ ਸ਼ ਵਾ ਸ   ਦੀ   ਉ ਲ ੰ ਘ ਣਾ   ਅ ਤੇ   ਵਿ ਆ ਹ   ਦੌ ਰਾ ਨ   ਕੀ ਤੀ   ਗ ਈ   ਵ ਚ ਨ ਬ ੱ ਧ ਤਾ   ਵ ਜੋਂ   ਦੇ ਖਿ ਆ   ਜਾਂ ਦਾ   ਹੈ,47,16
ਕਿ ਤੁਸੀਂ ਮਦਦ ਪੰਨਿਆਂ ਨੂੰ ਧਿਆਨ ਨਾਲ ਪੜ੍ਹਿਆ ਹੈ ਅਤੇ ਸਮੱਸਿਆ ਨੂੰ ਚੰਗੀ ਤਰ੍ਹਾਂ ਹੱਲ ਕੀਤਾ ਹੈ,ਕਿ   ਤੁ ਸੀਂ   ਮ ਦ ਦ   ਪ ੰ ਨਿ ਆ ਂ   ਨੂ ੰ   ਧਿ ਆ ਨ   ਨਾ ਲ   ਪ ੜ ੍ ਹਿ ਆ   ਹੈ   ਅ ਤੇ   ਸ ਮ ੱ ਸਿ ਆ   ਨੂ ੰ   ਚ ੰ ਗੀ   ਤ ਰ੍ਹਾਂ   ਹ ੱ ਲ   ਕੀ ਤਾ   ਹੈ,44,17
ਜੁਲਾਈ ਅਤੇ ਅਗਸਤ 2006 ਵਿੱਚ ਲੇਬਨਾਨ ਅਤੇ ਇਜ਼ਰਾਈਲ ਵਿਚਕਾਰ ਜੰਗ ਦੌਰਾਨ ਕਲੱਸਟਰ ਹਥਿਆਰਾਂ ਦੀ ਵਰਤੋਂ ਅਤੇ ਪ੍ਰਭਾਵ ਨੂੰ ਲੈ ਕੇ ਅੰਤਰਰਾਸ਼ਟਰੀ ਵਿਵਾਦ ਨੇ ਪਾਬੰਦੀ ਸੰਧੀ ਲਈ ਵਿਸ਼ਵ-ਵਿਆਪੀ ਮੁਹਿੰਮ ਦੇ ਮਹੱਤਵ ਨੂੰ ਵਧਾ ਦਿੱਤਾ,ਜੁ ਲਾ ਈ   ਅ ਤੇ   ਅ ਗ ਸ ਤ   2 0 0 6   ਵਿ ੱ ਚ   ਲੇ ਬ ਨਾ ਨ   ਅ ਤੇ   ਇ ਜ਼ ਰਾ ਈ ਲ   ਵਿ ਚ ਕਾ ਰ   ਜ ੰ ਗ   ਦੌ ਰਾ ਨ   ਕ ਲ ੱ ਸ ਟ ਰ   ਹ ਥਿ ਆ ਰਾਂ   ਦੀ   ਵ ਰ ਤੋਂ   ਅ ਤੇ   ਪ੍ਰ ਭਾ ਵ   ਨੂ ੰ   ਲੈ   ਕੇ   ਅ ੰ ਤ ਰ ਰਾ ਸ਼ ਟ ਰੀ   ਵਿ ਵਾ ਦ   ਨੇ   ਪਾ ਬ ੰ ਦੀ   ਸ ੰ ਧੀ   ਲ ਈ   ਵਿ ਸ਼ ਵ - ਵਿ ਆ ਪੀ   ਮੁ ਹਿ ੰ ਮ   ਦੇ   ਮ ਹ ੱ ਤ ਵ   ਨੂ ੰ   ਵ ਧਾ   ਦਿ ੱ ਤਾ,105,33
"ਤਾਈਵਾਨ ਵਿੱਚ, ਚੋਣਾਂ ਅਤੇ ਖੋਜ ਨੇ ਲਗਾਤਾਰ 80% 'ਤੇ ਮੌਤ ਦੀ ਸਜਾ ਲਈ ਮਜ਼ਬੂਤ ਸਮਰਥਨ ਦਿਖਾਇਆ ਹੈ","ਤਾ ਈ ਵਾ ਨ   ਵਿ ੱ ਚ ,   ਚੋ ਣਾਂ   ਅ ਤੇ   ਖੋ ਜ   ਨੇ   ਲ ਗਾ ਤਾ ਰ   8 0 %   ' ਤੇ   ਮੌ ਤ   ਦੀ   ਸ ਜਾ   ਲ ਈ   ਮ ਜ਼ ਬੂ ਤ   ਸ ਮ ਰ ਥ ਨ   ਦਿ ਖਾ ਇ ਆ   ਹੈ",45,17
"ਇਸ ਤੋਂ ਇਲਾਵਾ, ਨੂਰਮਬਰਗ ਟ੍ਰਾਇਲਾਂ ਦੇ ਸਾਬਕਾ ਮੁੱਖ ਵਕੀਲ ਬੈਂਜਾਮਿਨ ਫੇਰੇਂਜ਼ ਨੇ ਇਰਾਕ ਦੇ ਹਮਲੇ ਨੂੰ ""ਕਾਨੂੰਨ ਦੀ ਸਪੱਸ਼ਟ ਉਲੰਘਣਾ"" ਕਿਹਾ ਹੈ, ਅਤੇ ਇਸ ਤਰ੍ਹਾਂ ਇਹ ਸ਼ਾਂਤੀ ਦੇ ਵਿਰੁੱਧ ਅਪਰਾਧ ਹੈ","ਇ ਸ   ਤੋਂ   ਇ ਲਾ ਵਾ ,   ਨੂ ਰ ਮ ਬ ਰ ਗ   ਟ੍ਰਾ ਇ ਲਾਂ   ਦੇ   ਸਾ ਬ ਕਾ   ਮੁ ੱ ਖ   ਵ ਕੀ ਲ   ਬੈਂ ਜਾ ਮਿ ਨ   ਫੇ ਰੇਂ ਜ਼   ਨੇ   ਇ ਰਾ ਕ   ਦੇ   ਹ ਮ ਲੇ   ਨੂ ੰ   "" ਕਾ ਨੂ ੰ ਨ   ਦੀ   ਸ ਪ ੱ ਸ਼ ਟ   ਉ ਲ ੰ ਘ ਣਾ ""   ਕਿ ਹਾ   ਹੈ ,   ਅ ਤੇ   ਇ ਸ   ਤ ਰ੍ਹਾਂ   ਇ ਹ   ਸ਼ਾਂ ਤੀ   ਦੇ   ਵਿ ਰੁ ੱ ਧ   ਅ ਪ ਰਾ ਧ   ਹੈ",84,31
"ਸਤੰਬਰ 2012 ਵਿੱਚ, ਉਨ੍ਹਾਂ ਨੂੰ ਅਦਾਲਤ ਦੀ ਬੇਇਜ਼ਤੀ ਦਾ ਦੋਸ਼ੀ ਠਹਿਰਾਇਆ ਗਿਆ ਸੀ","ਸ ਤ ੰ ਬ ਰ   2 0 1 2   ਵਿ ੱ ਚ ,   ਉ ਨ੍ਹਾਂ   ਨੂ ੰ   ਅ ਦਾ ਲ ਤ   ਦੀ   ਬੇ ਇ ਜ਼ ਤੀ   ਦਾ   ਦੋ ਸ਼ੀ   ਠ ਹਿ ਰਾ ਇ ਆ   ਗਿ ਆ   ਸੀ",37,13
"2008 ਵਿੱਚ, ਦਿੱਲੀ ਦੀ ਇੱਕ ਅਦਾਲਤ ਨੇ ਇੱਕ 19 ਸਾਲ ਦੇ ਬੱਚੇ ਨੂੰ ਅਸ਼ਲੀਲ ਵਿਵਹਾਰ ਦੇ ਨਤੀਜਿਆਂ ਦਾ ਵੇਰਵਾ ਦਿੰਦੇ ਹੋਏ ਸਕੂਲਾਂ ਅਤੇ ਕਾਲਜਾਂ ਤੋਂ ਬਾਹਰ ਦੇ ਨੌਜਵਾਨਾਂ ਨੂੰ 500 ਹੈਂਡਬਿਲ ਵੰਡਣ ਲਈ ਔਰਤਾਂ ਨੂੰ ਪਾਸ ਕਰਨ ਲਈ ਅਸ਼ਲੀਲ ਟਿੱਪਣੀਆਂ ਕਰਦੇ ਹੋਏ ਫੜੇ ਜਾਣ ਦਾ ਹੁਕਮ ਦਿੱਤਾ","2 0 0 8   ਵਿ ੱ ਚ ,   ਦਿ ੱ ਲੀ   ਦੀ   ਇ ੱ ਕ   ਅ ਦਾ ਲ ਤ   ਨੇ   ਇ ੱ ਕ   1 9   ਸਾ ਲ   ਦੇ   ਬ ੱ ਚੇ   ਨੂ ੰ   ਅ ਸ਼ ਲੀ ਲ   ਵਿ ਵ ਹਾ ਰ   ਦੇ   ਨ ਤੀ ਜਿ ਆ ਂ   ਦਾ   ਵੇ ਰ ਵਾ   ਦਿ ੰ ਦੇ   ਹੋ ਏ   ਸ ਕੂ ਲਾਂ   ਅ ਤੇ   ਕਾ ਲ ਜਾਂ   ਤੋਂ   ਬਾ ਹ ਰ   ਦੇ   ਨੌ ਜ ਵਾ ਨਾਂ   ਨੂ ੰ   5 0 0   ਹੈਂ ਡ ਬਿ ਲ   ਵ ੰ ਡ ਣ   ਲ ਈ   ਔ ਰ ਤਾਂ   ਨੂ ੰ   ਪਾ ਸ   ਕ ਰ ਨ   ਲ ਈ   ਅ ਸ਼ ਲੀ ਲ   ਟਿ ੱ ਪ ਣੀ ਆ ਂ   ਕ ਰ ਦੇ   ਹੋ ਏ   ਫ ੜ ੇ   ਜਾ ਣ   ਦਾ   ਹੁ ਕ ਮ   ਦਿ ੱ ਤਾ",127,47
"11 ਮਾਰਚ 2015 ਨੂੰ, ਇੱਕ ਵਿਸ਼ੇਸ਼ ਸੀ ਬੀ ਆਈ ਜੱਜ ਨੇ ਭਾਰਤੀ ਦੰਡਾਵਲੀ ਦੀ ਧਾਰਾ 120-ਬੀ ਅਤੇ ਭਾਰਤੀ ਦੰਡ ਸੰਹਿਤਾ ਦੀ ਧਾਰਾ 409 ਅਤੇ ਭ੍ਰਿਸ਼ਟਾਚਾਰ ਰੋਕਥਾਮ ਐਕਟ 1988 ਦੀ ਧਾਰਾ 13 (1) (ਸੀ), 13 (1) (ਡੀ) (iii) ਸੈਕਸ਼ਨ ਤਹਿਤ ਡਾ","1 1   ਮਾ ਰ ਚ   2 0 1 5   ਨੂ ੰ ,   ਇ ੱ ਕ   ਵਿ ਸ਼ੇ ਸ਼   ਸੀ   ਬੀ   ਆ ਈ   ਜ ੱ ਜ   ਨੇ   ਭਾ ਰ ਤੀ   ਦ ੰ ਡਾ ਵ ਲੀ   ਦੀ   ਧਾ ਰਾ   1 2 0 - ਬੀ   ਅ ਤੇ   ਭਾ ਰ ਤੀ   ਦ ੰ ਡ   ਸ ੰ ਹਿ ਤਾ   ਦੀ   ਧਾ ਰਾ   4 0 9   ਅ ਤੇ   ਭ੍ਰਿ ਸ਼ ਟਾ ਚਾ ਰ   ਰੋ ਕ ਥਾ ਮ   ਐ ਕ ਟ   1 9 8 8   ਦੀ   ਧਾ ਰਾ   1 3   ( 1 )   ( ਸੀ ) ,   1 3   ( 1 )   ( ਡੀ )   ( i i i )   ਸੈ ਕ ਸ਼ ਨ   ਤ ਹਿ ਤ   ਡਾ",111,40
"ਮਨਮੋਹਨ ਸਿੰਘ ਅਤੇ ਪੰਜ ਹੋਰ ਮੁਲਜ਼ਮਾਂ ਅਰਥਾਤ ਹਿੰਡਾਲਕੋ, ਸੇਬੰਦੂ ਅਮਿਤਾਭ, ਡੀ ਭੱਟਾਚਾਰਯ, ਕੁਮਾਰ ਮੰਗਲਮ ਬਿਰਲਾ ਅਤੇ ਪੀ","ਮ ਨ ਮੋ ਹ ਨ   ਸਿ ੰ ਘ   ਅ ਤੇ   ਪ ੰ ਜ   ਹੋ ਰ   ਮੁ ਲ ਜ਼ ਮਾਂ   ਅ ਰ ਥਾ ਤ   ਹਿ ੰ ਡਾ ਲ ਕੋ ,   ਸੇ ਬ ੰ ਦੂ   ਅ ਮਿ ਤਾ ਭ ,   ਡੀ   ਭ ੱ ਟਾ ਚਾ ਰ ਯ ,   ਕੁ ਮਾ ਰ   ਮ ੰ ਗ ਲ ਮ   ਬਿ ਰ ਲਾ   ਅ ਤੇ   ਪੀ",60,17
ਸੀ,ਸੀ,1,1
ਪਾਰਖ ਵਿਰੁੱਧ ਅਪਰਾਧ ਦਾ ਨੋਟਿਸ ਲਿਆ l,ਪਾ ਰ ਖ   ਵਿ ਰੁ ੱ ਧ   ਅ ਪ ਰਾ ਧ   ਦਾ   ਨੋ ਟਿ ਸ   ਲਿ ਆ   l,18,7
ਉਸ ਨੂੰ ਪਹਿਲਾਂ ਜੰਗੀ ਅਪਰਾਧਾਂ ਅਤੇ ਸਾਂਝੀ ਸਾਜ਼ਿਸ ਦੇ ਆਦੇਸ਼ ਦੇਣ ਤੋਂ ਬਰੀ ਕਰ ਦਿੱਤਾ ਗਿਆ ਸੀ,ਉ ਸ   ਨੂ ੰ   ਪ ਹਿ ਲਾਂ   ਜ ੰ ਗੀ   ਅ ਪ ਰਾ ਧਾਂ   ਅ ਤੇ   ਸਾਂ ਝੀ   ਸਾ ਜ਼ ਿ ਸ   ਦੇ   ਆ ਦੇ ਸ਼   ਦੇ ਣ   ਤੋਂ   ਬ ਰੀ   ਕ ਰ   ਦਿ ੱ ਤਾ   ਗਿ ਆ   ਸੀ,39,17
ਕੰਨੂਨ ਦੀ ਆਈ ਟੀ ਭਾਈਚਾਰਿਆਂ ਦੁਆਰਾ ਵਿਆਪਕ ਤੌਰ 'ਤੇ ਆਲੋਚਨਾ ਕੀਤੀ ਗਈ ਸੀ ਕਿਉਂਕਿ ਇਹ ਨਾਗਰਿਕਾਂ ਨੂੰ ਡਿਜੀਟਲ ਨਿਗਰਾਨੀ ਹੇਠ ਰੱਖ ਕੇ ਅਤੇ ਭਾਸ਼ਣ ਦੀ ਆਜ਼ਾਦੀ ਨੂੰ ਬੁਰੀ ਤਰ੍ਹਾਂ ਸੀਮਤ ਕਰਕੇ ਹਰਮਨ ਅਧਿਕਾਰਾਂ ਦੀ ਉਲੰਘਣਾ ਕਰਦਾ ਹੈ,ਕ ੰ ਨੂ ਨ   ਦੀ   ਆ ਈ   ਟੀ   ਭਾ ਈ ਚਾ ਰਿ ਆ ਂ   ਦੁ ਆ ਰਾ   ਵਿ ਆ ਪ ਕ   ਤੌ ਰ   ' ਤੇ   ਆ ਲੋ ਚ ਨਾ   ਕੀ ਤੀ   ਗ ਈ   ਸੀ   ਕਿ ਉ ਂ ਕਿ   ਇ ਹ   ਨਾ ਗ ਰਿ ਕਾਂ   ਨੂ ੰ   ਡਿ ਜੀ ਟ ਲ   ਨਿ ਗ ਰਾ ਨੀ   ਹੇ ਠ   ਰ ੱ ਖ   ਕੇ   ਅ ਤੇ   ਭਾ ਸ਼ ਣ   ਦੀ   ਆ ਜ਼ ਾ ਦੀ   ਨੂ ੰ   ਬੁ ਰੀ   ਤ ਰ੍ਹਾਂ   ਸੀ ਮ ਤ   ਕ ਰ ਕੇ   ਹ ਰ ਮ ਨ   ਅ ਧਿ ਕਾ ਰਾਂ   ਦੀ   ਉ ਲ ੰ ਘ ਣਾ   ਕ ਰ ਦਾ   ਹੈ,100,37
"ਤੁਰੰਤ ਨਿਆ ਪ੍ਰਦਾਨ ਕਰਨਾ ਸੰਵਿਧਾਨ ਦਾ ਸਭ ਤੋਂ ਪ੍ਰਮੁੱਖ ਉਦੇਸ਼ ਹੈ, ਜਿਵੇਂ ਕਿ ਸੰਵਿਧਾਨ ਦੀ ਪ੍ਰਸਤਾਵਨਾ ਵਿੱਚ ਵੀ ਸ਼ਾਮਿਲ ਕੀਤਾ ਗਿਆ ਹੈ","ਤੁ ਰ ੰ ਤ   ਨਿ ਆ   ਪ੍ਰ ਦਾ ਨ   ਕ ਰ ਨਾ   ਸ ੰ ਵਿ ਧਾ ਨ   ਦਾ   ਸ ਭ   ਤੋਂ   ਪ੍ਰ ਮੁ ੱ ਖ   ਉ ਦੇ ਸ਼   ਹੈ ,   ਜਿ ਵੇਂ   ਕਿ   ਸ ੰ ਵਿ ਧਾ ਨ   ਦੀ   ਪ੍ਰ ਸ ਤਾ ਵ ਨਾ   ਵਿ ੱ ਚ   ਵੀ   ਸ਼ਾ ਮਿ ਲ   ਕੀ ਤਾ   ਗਿ ਆ   ਹੈ",56,22
ਆਰਟੀਕਲ 145 ਨੂੰ ਸੋਧਿਆ ਗਿਆ ਸੀ ਅਤੇ 2013 ਦੇ ਸੁਪਰੀਮ ਕੋਰਟ ਦੇ ਨਿਯਮਾਂ ਦੁਆਰਾ ਨਿਯੰਤ੍ਰਿਤ ਕੀਤਾ ਗਿਆ,ਆ ਰ ਟੀ ਕ ਲ   1 4 5   ਨੂ ੰ   ਸੋ ਧਿ ਆ   ਗਿ ਆ   ਸੀ   ਅ ਤੇ   2 0 1 3   ਦੇ   ਸੁ ਪ ਰੀ ਮ   ਕੋ ਰ ਟ   ਦੇ   ਨਿ ਯ ਮਾਂ   ਦੁ ਆ ਰਾ   ਨਿ ਯ ੰ ਤ੍ਰਿ ਤ   ਕੀ ਤਾ   ਗਿ ਆ,46,17
"ਯੂਨਾਈਟਿਡ ਕਿੰਗਡਮ ਵਿੱਚ, ਪਾਰਲੀਮੈਂਟ ਦੇ ਐਕਟ ਨੂੰ ਪਾਰਲੀਮੈਂਟਰੀ ਪ੍ਰਭੂਸੱਤਾ ਦੇ ਸਿਧਾਂਤ ਦੇ ਤਹਿਤ ਇੱਕ ਪਾਸੇ ਨਹੀਂ ਰੱਖਿਆ ਜਾਂ ਸਕਦਾ, ਜਦੋਂ ਕਿ ਕੌਂਸਲ ਦੇ ਆਦੇਸ਼ਾਂ ਵਿੱਚ, ਇੱਕ ਹੋਰ ਕਿਸਮ ਦਾ ਪ੍ਰਾਇਮਰੀ ਕਨੂੰਨ ਸੰਸਦ ਦੁਆਰਾ ਪਾਸ ਨਹੀਂ ਕੀਤਾ ਗਿਆ, ਦੇਖੋ (ਸਿਵਲ ਸੇਵਾ ਯੂਨੀਅਨ ਦੀ ਕੌਂਸਲ ਬਨਾਮ ਸਿਵਲ ਸੇਵਾ ਲਈ ਮੰਤਰੀ (1985) ਅਤੇ ਮੈਰੀ/ਚੈਰੀ (2019 ))","ਯੂ ਨਾ ਈ ਟਿ ਡ   ਕਿ ੰ ਗ ਡ ਮ   ਵਿ ੱ ਚ ,   ਪਾ ਰ ਲੀ ਮੈਂ ਟ   ਦੇ   ਐ ਕ ਟ   ਨੂ ੰ   ਪਾ ਰ ਲੀ ਮੈਂ ਟ ਰੀ   ਪ੍ਰ ਭੂ ਸ ੱ ਤਾ   ਦੇ   ਸਿ ਧਾਂ ਤ   ਦੇ   ਤ ਹਿ ਤ   ਇ ੱ ਕ   ਪਾ ਸੇ   ਨ ਹੀਂ   ਰ ੱ ਖਿ ਆ   ਜਾਂ   ਸ ਕ ਦਾ ,   ਜ ਦੋਂ   ਕਿ   ਕੌਂ ਸ ਲ   ਦੇ   ਆ ਦੇ ਸ਼ਾਂ   ਵਿ ੱ ਚ ,   ਇ ੱ ਕ   ਹੋ ਰ   ਕਿ ਸ ਮ   ਦਾ   ਪ੍ਰਾ ਇ ਮ ਰੀ   ਕ ਨੂ ੰ ਨ   ਸ ੰ ਸ ਦ   ਦੁ ਆ ਰਾ   ਪਾ ਸ   ਨ ਹੀਂ   ਕੀ ਤਾ   ਗਿ ਆ ,   ਦੇ ਖੋ   ( ਸਿ ਵ ਲ   ਸੇ ਵਾ   ਯੂ ਨੀ ਅ ਨ   ਦੀ   ਕੌਂ ਸ ਲ   ਬ ਨਾ ਮ   ਸਿ ਵ ਲ   ਸੇ ਵਾ   ਲ ਈ   ਮ ੰ ਤ ਰੀ   ( 1 9 8 5 )   ਅ ਤੇ   ਮੈ ਰੀ / ਚੈ ਰੀ   ( 2 0 1 9   ) )",157,53
"ਉਦਾਹਰਨ ਲਈ, ""ਇੱਕ ਵਿਅਕਤੀ ਨੂੰ ਰਾਜਹੀਣਤਾ ਦਾ ਖਤਰਾ ਹੋ ਸਕਦਾ ਹੈ ਜੇਕਰ ਉਹ ਇੱਕ ਅਜਿਹੇ ਰਾਜ ਵਿੱਚ ਪੈਦਾ ਹੁੰਦੀ ਹੈ ਜੋ ਜੂਸ ਸਾਂਗਇਨਿਸ ਨੂੰ ਲਾਗੂ ਕਰਦੀ ਹੈ ਜਦੋਂ ਕਿ ਉਸਦੇ ਮਾਤਾ-ਪਿਤਾ ਇੱਕ ਅਹਿਜੇ ਰਾਜ ਵਿੱਚ ਪੈਦਾ ਹੋਏ ਸਨ ਜੋ ਜੂਸ ਦੀ ਧਰਤੀ ਨੂੰ ਲਾਗੂ ਕਰਦਾ ਹੈ, ਜਿਸ ਨਾਲ ਵਿਅਕਤੀ ਨੂੰ ਦੋਵਾਂ ਰਾਜਾਂ ਵਿੱਚ ਨਾਗਰਿਕਾਂ ਨੂੰ ਦੋਸ਼ੀ ਠਹਿਰਾਉਣ ਵਾਲੇ ਕਾਨੂੰਨਾਂ ਦੇ ਕਾਰਣ ਆਯੋਗ ਹੋ ਜਾਂਦਾ ਹੈ","ਉ ਦਾ ਹ ਰ ਨ   ਲ ਈ ,   "" ਇ ੱ ਕ   ਵਿ ਅ ਕ ਤੀ   ਨੂ ੰ   ਰਾ ਜ ਹੀ ਣ ਤਾ   ਦਾ   ਖ ਤ ਰਾ   ਹੋ   ਸ ਕ ਦਾ   ਹੈ   ਜੇ ਕ ਰ   ਉ ਹ   ਇ ੱ ਕ   ਅ ਜਿ ਹੇ   ਰਾ ਜ   ਵਿ ੱ ਚ   ਪੈ ਦਾ   ਹੁ ੰ ਦੀ   ਹੈ   ਜੋ   ਜੂ ਸ   ਸਾਂ ਗ ਇ ਨਿ ਸ   ਨੂ ੰ   ਲਾ ਗੂ   ਕ ਰ ਦੀ   ਹੈ   ਜ ਦੋਂ   ਕਿ   ਉ ਸ ਦੇ   ਮਾ ਤਾ - ਪਿ ਤਾ   ਇ ੱ ਕ   ਅ ਹਿ ਜੇ   ਰਾ ਜ   ਵਿ ੱ ਚ   ਪੈ ਦਾ   ਹੋ ਏ   ਸ ਨ   ਜੋ   ਜੂ ਸ   ਦੀ   ਧ ਰ ਤੀ   ਨੂ ੰ   ਲਾ ਗੂ   ਕ ਰ ਦਾ   ਹੈ ,   ਜਿ ਸ   ਨਾ ਲ   ਵਿ ਅ ਕ ਤੀ   ਨੂ ੰ   ਦੋ ਵਾਂ   ਰਾ ਜਾਂ   ਵਿ ੱ ਚ   ਨਾ ਗ ਰਿ ਕਾਂ   ਨੂ ੰ   ਦੋ ਸ਼ੀ   ਠ ਹਿ ਰਾ ਉ ਣ   ਵਾ ਲੇ   ਕਾ ਨੂ ੰ ਨਾਂ   ਦੇ   ਕਾ ਰ ਣ   ਆ ਯੋ ਗ   ਹੋ   ਜਾਂ ਦਾ   ਹੈ",161,65
"""","""",1,1
"ਸਿ ਡਿ ਐਚ ਆਰ ਆਇ ਸਾਰੇ ਵਿਅਕਤੀਆਂ ਨੂੰ ""ਆਪਣੇ ਦੇਸ਼ ਦੇ ਜਨਤਕ ਮਾਮਲਿਆਂ ਦੇ ਪ੍ਰਦਰਸ਼ਨ ਵਿੱਚ ਸਿੱਧੇ ਜਾਂ ਅਸਿੱਧੇ ਤੌਰ 'ਤੇ ਹਿੱਸਾ ਲੈਣ ਦੇ ਅਧਿਕਾਰ"" ਦੀ ਗਰੰਟੀ ਵੀ ਦਿੰਦਾ ਹੈ","ਸਿ   ਡਿ   ਐ ਚ   ਆ ਰ   ਆ ਇ   ਸਾ ਰੇ   ਵਿ ਅ ਕ ਤੀ ਆ ਂ   ਨੂ ੰ   "" ਆ ਪ ਣੇ   ਦੇ ਸ਼   ਦੇ   ਜ ਨ ਤ ਕ   ਮਾ ਮ ਲਿ ਆ ਂ   ਦੇ   ਪ੍ਰ ਦ ਰ ਸ਼ ਨ   ਵਿ ੱ ਚ   ਸਿ ੱ ਧੇ   ਜਾਂ   ਅ ਸਿ ੱ ਧੇ   ਤੌ ਰ   ' ਤੇ   ਹਿ ੱ ਸਾ   ਲੈ ਣ   ਦੇ   ਅ ਧਿ ਕਾ ਰ ""   ਦੀ   ਗ ਰ ੰ ਟੀ   ਵੀ   ਦਿ ੰ ਦਾ   ਹੈ",76,30
ਅਦਾਲਤ ਦੀ ਸੀਟ ਦਿੱਲੀ ਵਿੱਚ ਸੰਸਦ ਭਵਨ ਵਿੱਚ ਚੈਂਬਰ ਆਫ਼ ਪ੍ਰਿੰਸ ਸੀ,ਅ ਦਾ ਲ ਤ   ਦੀ   ਸੀ ਟ   ਦਿ ੱ ਲੀ   ਵਿ ੱ ਚ   ਸ ੰ ਸ ਦ   ਭ ਵ ਨ   ਵਿ ੱ ਚ   ਚੈਂ ਬ ਰ   ਆ ਫ਼   ਪ੍ਰਿ ੰ ਸ   ਸੀ,32,12
ਜਿਨੀਵਾ ਕਨਵੈਨਸ਼ਨਾਂ (ਜੀ ਸੀ ) ਅਤੇ ਉਹਨਾਂ ਦੇ ਐਡਿਸ਼ਨਲ ਪ੍ਰੋਟੋਕੋਲ (ਏ ਪੀ) ਲਈ ਇਹ ਲੋੜ ਹੁੰਦੀ ਹੈ ਕਿ ਨਿਆਂਇਕ ਕਾਰਵਾਈ ਦਾ ਸਾਹਮਣਾ ਕਰ ਰਹੇ ਜੰਗੀ ਕੈਦੀਆਂ ਨੂੰ ਨਿਰਪੱਖ ਮੁਕੱਦਮਾ ਮਿਲੇ,ਜਿ ਨੀ ਵਾ   ਕ ਨ ਵੈ ਨ ਸ਼ ਨਾਂ   ( ਜੀ   ਸੀ   )   ਅ ਤੇ   ਉ ਹ ਨਾਂ   ਦੇ   ਐ ਡਿ ਸ਼ ਨ ਲ   ਪ੍ਰੋ ਟੋ ਕੋ ਲ   ( ਏ   ਪੀ )   ਲ ਈ   ਇ ਹ   ਲੋ ੜ   ਹੁ ੰ ਦੀ   ਹੈ   ਕਿ   ਨਿ ਆ ਂ ਇ ਕ   ਕਾ ਰ ਵਾ ਈ   ਦਾ   ਸਾ ਹ ਮ ਣਾ   ਕ ਰ   ਰ ਹੇ   ਜ ੰ ਗੀ   ਕੈ ਦੀ ਆ ਂ   ਨੂ ੰ   ਨਿ ਰ ਪ ੱ ਖ   ਮੁ ਕ ੱ ਦ ਮਾ   ਮਿ ਲੇ,82,30
ਇੰਡੋਨੇਸ਼ੀਆ ਦੀ ਸੁਪਰੀਮ ਕੋਰਟ (ਇੰਡੋਨੇਸ਼ੀਆਈ: ਮਹਕਾਮਾਹ ਏਜਿੰਗ) ਨਿਆਂਇਕ ਸ਼ਾਖਾ ਦਾ ਸਭ ਤੋਂ ਉੱਚਾ ਪੱਧਰ ਹੈ,ਇ ੰ ਡੋ ਨੇ ਸ਼ੀ ਆ   ਦੀ   ਸੁ ਪ ਰੀ ਮ   ਕੋ ਰ ਟ   ( ਇ ੰ ਡੋ ਨੇ ਸ਼ੀ ਆ ਈ :   ਮ ਹ ਕਾ ਮਾ ਹ   ਏ ਜਿ ੰ ਗ )   ਨਿ ਆ ਂ ਇ ਕ   ਸ਼ਾ ਖਾ   ਦਾ   ਸ ਭ   ਤੋਂ   ਉ ੱ ਚਾ   ਪ ੱ ਧ ਰ   ਹੈ,52,15
"ਐਮ ਟੀ ਪੀ ਐਕਟ ਵੇਰਵੇ ਦਿੰਦਾ ਹੈ ਕਿ 12 ਹਫਤਿਆਂ ਤੱਕ ਦੀ ਸਮਾਪਤੀ ਲਈ, ਇੱਕ ਸਿੰਗਲ ਰਜਿਸਟਰਡ ਮੈਡੀਕਲ ਪ੍ਰੈਕਟੀਸ਼ਨਰ (ਆਰ ਐਮ ਪੀ) ਦੀ ਰਾਏ ਦੀ ਲੋੜ ਹੁੰਦੀ ਹੈ, ਅਤੇ 12 ਤੋਂ 20 ਹਫਤਿਆਂ ਦੇ ਵਿਚਕਾਰ ਦੀ ਸਮਾਪਤੀ ਲਈ, ਦੋ ਆਰ ਐਮ ਪੀਆਂ ਦੀ ਰਾਏ ਦੀ ਲੋੜ ਹੁੰਦੀ ਹੈ","ਐ ਮ   ਟੀ   ਪੀ   ਐ ਕ ਟ   ਵੇ ਰ ਵੇ   ਦਿ ੰ ਦਾ   ਹੈ   ਕਿ   1 2   ਹ ਫ ਤਿ ਆ ਂ   ਤ ੱ ਕ   ਦੀ   ਸ ਮਾ ਪ ਤੀ   ਲ ਈ ,   ਇ ੱ ਕ   ਸਿ ੰ ਗ ਲ   ਰ ਜਿ ਸ ਟ ਰ ਡ   ਮੈ ਡੀ ਕ ਲ   ਪ੍ਰੈ ਕ ਟੀ ਸ਼ ਨ ਰ   ( ਆ ਰ   ਐ ਮ   ਪੀ )   ਦੀ   ਰਾ ਏ   ਦੀ   ਲੋ ੜ   ਹੁ ੰ ਦੀ   ਹੈ ,   ਅ ਤੇ   1 2   ਤੋਂ   2 0   ਹ ਫ ਤਿ ਆ ਂ   ਦੇ   ਵਿ ਚ ਕਾ ਰ   ਦੀ   ਸ ਮਾ ਪ ਤੀ   ਲ ਈ ,   ਦੋ   ਆ ਰ   ਐ ਮ   ਪੀ ਆ ਂ   ਦੀ   ਰਾ ਏ   ਦੀ   ਲੋ ੜ   ਹੁ ੰ ਦੀ   ਹੈ",117,48
"ਕਲੱਸਟਰ ਬੰਬ, ਉਦਾਹਰਨ ਲਈ, ਖਾਣਾਂ ਵਾਂਗ ਹੀ ਸਮੱਸਿਆ ਪੇਸ਼ ਕਰਦੇ ਹਨ: ਸੰਘਰਸ਼ ਖਤਮ ਹੋਣ ਤੋਂ ਬਾਅਦ ਲੰਬੇ ਸਮੇਂ ਤੱਕ ਅਣ-ਵਿਸਫੋਟ ਕੀਤੇ ਬੌਮਬਲਟ ਨਾਗਰਿਕਾਂ ਲਈ ਖਤਰਾ ਬਣ ਸਕਦੇ ਹਨ","ਕ ਲ ੱ ਸ ਟ ਰ   ਬ ੰ ਬ ,   ਉ ਦਾ ਹ ਰ ਨ   ਲ ਈ ,   ਖਾ ਣਾਂ   ਵਾਂ ਗ   ਹੀ   ਸ ਮ ੱ ਸਿ ਆ   ਪੇ ਸ਼   ਕ ਰ ਦੇ   ਹ ਨ :   ਸ ੰ ਘ ਰ ਸ਼   ਖ ਤ ਮ   ਹੋ ਣ   ਤੋਂ   ਬਾ ਅ ਦ   ਲ ੰ ਬੇ   ਸ ਮੇਂ   ਤ ੱ ਕ   ਅ ਣ - ਵਿ ਸ ਫੋ ਟ   ਕੀ ਤੇ   ਬੌ ਮ ਬ ਲ ਟ   ਨਾ ਗ ਰਿ ਕਾਂ   ਲ ਈ   ਖ ਤ ਰਾ   ਬ ਣ   ਸ ਕ ਦੇ   ਹ ਨ",88,28
"ਹਲਾਂਕਿ ਸਟਿਵਰਡ ਅਤੇ ਬਾਰਨੇਟ ਇਹ ਸੁਝਾਅ ਦਿੰਦੇ ਜਾਪਦੇ ਸਨ ਕਿ ਮਾਨਵ-ਵਿਗਿਆਨ ਨੂੰ ਆਪਣੇ ਆਪ ਨੂੰ ਪੂਰੀ ਤਰ੍ਹਾਂ ਅਕਾਦਮਿਕ ਮਾਮਲਿਆਂ ਤੱਕ ਸੀਮਿਤ ਕਰਨਾ ਚਾਹੀਦਾ ਹੈ, ਅਕੈਡਮੀ ਦੇ ਅੰਦਰਲੇ ਅਤੇ ਬਾਹਰਲੇ ਲੋਕਾਂ ਨੇ ਉਨ੍ਹਾਂ ਤਰੀਕਿਆਂ 'ਤੇ ਬਹਿਸ ਕਰਨਾ ਜਾਰੀ ਰੱਖਿਆ ਹੈ ਕਿ ਗੈਰ-ਮਾਨਵ-ਵਿਗਿਆਨੀ ਨੇ ਨਸਲੀ ਘੱਟ ਗਿਣਤੀਆਂ ਜਾਂ ਅੰਤਰਰਾਸ਼ਟਰੀ ਸਬੰਧਾਂ ਬਾਰੇ ਜਨਤਕ ਨੀਤੀ ਵਿੱਚ ਇਸ ਸਿਧਾਂਤ ਦੀ ਵਰਤੋਂ ਕੀਤੀ ਹੈ","ਹ ਲਾਂ ਕਿ   ਸ ਟਿ ਵ ਰ ਡ   ਅ ਤੇ   ਬਾ ਰ ਨੇ ਟ   ਇ ਹ   ਸੁ ਝਾ ਅ   ਦਿ ੰ ਦੇ   ਜਾ ਪ ਦੇ   ਸ ਨ   ਕਿ   ਮਾ ਨ ਵ - ਵਿ ਗਿ ਆ ਨ   ਨੂ ੰ   ਆ ਪ ਣੇ   ਆ ਪ   ਨੂ ੰ   ਪੂ ਰੀ   ਤ ਰ੍ਹਾਂ   ਅ ਕਾ ਦ ਮਿ ਕ   ਮਾ ਮ ਲਿ ਆ ਂ   ਤ ੱ ਕ   ਸੀ ਮਿ ਤ   ਕ ਰ ਨਾ   ਚਾ ਹੀ ਦਾ   ਹੈ ,   ਅ ਕੈ ਡ ਮੀ   ਦੇ   ਅ ੰ ਦ ਰ ਲੇ   ਅ ਤੇ   ਬਾ ਹ ਰ ਲੇ   ਲੋ ਕਾਂ   ਨੇ   ਉ ਨ੍ਹਾਂ   ਤ ਰੀ ਕਿ ਆ ਂ   ' ਤੇ   ਬ ਹਿ ਸ   ਕ ਰ ਨਾ   ਜਾ ਰੀ   ਰ ੱ ਖਿ ਆ   ਹੈ   ਕਿ   ਗੈ ਰ - ਮਾ ਨ ਵ - ਵਿ ਗਿ ਆ ਨੀ   ਨੇ   ਨ ਸ ਲੀ   ਘ ੱ ਟ   ਗਿ ਣ ਤੀ ਆ ਂ   ਜਾਂ   ਅ ੰ ਤ ਰ ਰਾ ਸ਼ ਟ ਰੀ   ਸ ਬ ੰ ਧਾਂ   ਬਾ ਰੇ   ਜ ਨ ਤ ਕ   ਨੀ ਤੀ   ਵਿ ੱ ਚ   ਇ ਸ   ਸਿ ਧਾਂ ਤ   ਦੀ   ਵ ਰ ਤੋਂ   ਕੀ ਤੀ   ਹੈ",174,58
ਜੀਨ-ਪਾਲ ਅਕਾਏਸੂ ਦੇ ਖਿਲਾਫ ਫੈਸਲੇ ਨੇ ਬਲਾਤਕਾਰ ਨੂੰ ਜੰਗੀ ਅਪਰਾਧ ਵਜੋਂ ਸਥਾਪਿਤ ਕੀਤਾ,ਜੀ ਨ - ਪਾ ਲ   ਅ ਕਾ ਏ ਸੂ   ਦੇ   ਖਿ ਲਾ ਫ   ਫੈ ਸ ਲੇ   ਨੇ   ਬ ਲਾ ਤ ਕਾ ਰ   ਨੂ ੰ   ਜ ੰ ਗੀ   ਅ ਪ ਰਾ ਧ   ਵ ਜੋਂ   ਸ ਥਾ ਪਿ ਤ   ਕੀ ਤਾ,39,13
"ਸਭ ਤੋਂ ਪੁਰਾਣੀਆਂ ਉਦਾਹਰਣਾਂ ਵਿੱਚ ਮੇਸੋਂਪੋਟੇਮੀਆਂ ਦੇ ਸ਼ਹਿਰ ਲਾਗਸ਼ ਅਤੇ ਉਮਾ (ਲਗਭਗ 2100 ਈਸਾ ਪੂਰਵ) ਦੇ ਵਿਚਕਾਰ ਸ਼ਾਂਤੀ ਸੰਧੀਆ ਹੋਈਆਂ ਹਨ ਅਤੇ ਮਿਸਰੀ ਫਿਰਊਨ ਰਾਮਸੇਸ II ਅਤੇ ਹਿੱਟੀ ਕਿੰਗ, ਹੈਟੁਸਿਲਿਸ III, ਵਿਚਕਾਰ ਇੱਕ ਸਮਝੋਤਾ, 1258 ਬੀ ਸੀ ਈ ਵਿੱਚ ਸਮਾਪਤ ਹੋਇਆਂ","ਸ ਭ   ਤੋਂ   ਪੁ ਰਾ ਣੀ ਆ ਂ   ਉ ਦਾ ਹ ਰ ਣਾਂ   ਵਿ ੱ ਚ   ਮੇ ਸੋਂ ਪੋ ਟੇ ਮੀ ਆ ਂ   ਦੇ   ਸ਼ ਹਿ ਰ   ਲਾ ਗ ਸ਼   ਅ ਤੇ   ਉ ਮਾ   ( ਲ ਗ ਭ ਗ   2 1 0 0   ਈ ਸਾ   ਪੂ ਰ ਵ )   ਦੇ   ਵਿ ਚ ਕਾ ਰ   ਸ਼ਾਂ ਤੀ   ਸ ੰ ਧੀ ਆ   ਹੋ ਈ ਆ ਂ   ਹ ਨ   ਅ ਤੇ   ਮਿ ਸ ਰੀ   ਫਿ ਰ ਊ ਨ   ਰਾ ਮ ਸੇ ਸ   I I   ਅ ਤੇ   ਹਿ ੱ ਟੀ   ਕਿ ੰ ਗ ,   ਹੈ ਟੁ ਸਿ ਲਿ ਸ   I I I ,   ਵਿ ਚ ਕਾ ਰ   ਇ ੱ ਕ   ਸ ਮ ਝੋ ਤਾ ,   1 2 5 8   ਬੀ   ਸੀ   ਈ   ਵਿ ੱ ਚ   ਸ ਮਾ ਪ ਤ   ਹੋ ਇ ਆ ਂ",129,41
ਮੌਤ ਦੀ ਸਜ਼ਾ ਬਾਰੇ ਜਨਤਾ ਦੀ ਰਾਏ ਦੇਸ਼ ਅਤੇ ਅਪਰਾਧ ਦੇ ਸਵਾਲ ਅਨੁਸਾਰ ਕਾਫ਼ੀ ਵੱਖਰੀ ਹੁੰਦੀ ਹੈ,ਮੌ ਤ   ਦੀ   ਸ ਜ਼ ਾ   ਬਾ ਰੇ   ਜ ਨ ਤਾ   ਦੀ   ਰਾ ਏ   ਦੇ ਸ਼   ਅ ਤੇ   ਅ ਪ ਰਾ ਧ   ਦੇ   ਸ ਵਾ ਲ   ਅ ਨੁ ਸਾ ਰ   ਕਾ ਫ਼ ੀ   ਵ ੱ ਖ ਰੀ   ਹੁ ੰ ਦੀ   ਹੈ,41,17
"ਵਿਆਪਕ ਅਰਥਾਂ ਵਿੱਚ ਅਲਟਰਾ ਵਾਇਰਸ ਕਾਰਵਾਈਆਂ ਦੇ ਸੰਦਰਭ ਵਿੱਚ, ਇੱਕ ਸਮੀਖਿਆ ਕਰਨ ਵਾਲੀ ਅਦਾਲਤ ਇੱਕ ਪ੍ਰਸ਼ਾਸਕੀ ਫੈਸਲੇ ਨੂੰ ਇੱਕ ਪਾਸੇ ਰੱਖ ਸਕਦੀ ਹੈ ਜੇਕਰ ਇਹ ਗੈਰ-ਵਾਜਬ ਹੈ (ਕੈਨੇਡੀਅਨ ਕਾਨੂੰਨ ਦੇ ਤਹਿਤ, ਡੰਸਮੁਇਰ ਬਨਾਮ ਨਿਊ ਬਰੰਜ਼ਵਿਕ ਵਿੱਚ ਸੁਪਰੀਮ ਕੋਰਟ ਦੁਆਰਾ ""ਸਪੱਸ਼ਟ ਤੌਰ 'ਤੇ ਗੈਰ-ਵਾਜਿਬ"" ਮਿਆਰ ਨੂੰ ਰੱਦ ਕਰਨ ਤੋਂ ਬਾਅਦ), ਵੈਡਨੇਸਬਰੀ ਗੈਰ-ਵਾਜਬ (ਬਰਤਾਨੀਆ ਕਾਨੂੰਨ ਦੇ ਅਧੀਨ), ਜਾਂ ਮਨਮਾਨੀ ਅਤੇ ਸਨਕੀ (ਯੂ","ਵਿ ਆ ਪ ਕ   ਅ ਰ ਥਾਂ   ਵਿ ੱ ਚ   ਅ ਲ ਟ ਰਾ   ਵਾ ਇ ਰ ਸ   ਕਾ ਰ ਵਾ ਈ ਆ ਂ   ਦੇ   ਸ ੰ ਦ ਰ ਭ   ਵਿ ੱ ਚ ,   ਇ ੱ ਕ   ਸ ਮੀ ਖਿ ਆ   ਕ ਰ ਨ   ਵਾ ਲੀ   ਅ ਦਾ ਲ ਤ   ਇ ੱ ਕ   ਪ੍ਰ ਸ਼ਾ ਸ ਕੀ   ਫੈ ਸ ਲੇ   ਨੂ ੰ   ਇ ੱ ਕ   ਪਾ ਸੇ   ਰ ੱ ਖ   ਸ ਕ ਦੀ   ਹੈ   ਜੇ ਕ ਰ   ਇ ਹ   ਗੈ ਰ - ਵਾ ਜ ਬ   ਹੈ   ( ਕੈ ਨੇ ਡੀ ਅ ਨ   ਕਾ ਨੂ ੰ ਨ   ਦੇ   ਤ ਹਿ ਤ ,   ਡ ੰ ਸ ਮੁ ਇ ਰ   ਬ ਨਾ ਮ   ਨਿ ਊ   ਬ ਰ ੰ ਜ਼ ਵਿ ਕ   ਵਿ ੱ ਚ   ਸੁ ਪ ਰੀ ਮ   ਕੋ ਰ ਟ   ਦੁ ਆ ਰਾ   "" ਸ ਪ ੱ ਸ਼ ਟ   ਤੌ ਰ   ' ਤੇ   ਗੈ ਰ - ਵਾ ਜਿ ਬ ""   ਮਿ ਆ ਰ   ਨੂ ੰ   ਰ ੱ ਦ   ਕ ਰ ਨ   ਤੋਂ   ਬਾ ਅ ਦ ) ,   ਵੈ ਡ ਨੇ ਸ ਬ ਰੀ   ਗੈ ਰ - ਵਾ ਜ ਬ   ( ਬ ਰ ਤਾ ਨੀ ਆ   ਕਾ ਨੂ ੰ ਨ   ਦੇ   ਅ ਧੀ ਨ ) ,   ਜਾਂ   ਮ ਨ ਮਾ ਨੀ   ਅ ਤੇ   ਸ ਨ ਕੀ   ( ਯੂ",205,60
ਐਸ,ਐ ਸ,2,1
ਪ੍ਰਸ਼ਾਸਕੀ ਪ੍ਰਕਿਰਿਆ ਐਕਟ ਅਤੇ ਨਿਊਯਾਰਕ ਰਾਜ ਦੇ ਕਾਨੂੰਨ ਅਧੀਨ),ਪ੍ਰ ਸ਼ਾ ਸ ਕੀ   ਪ੍ਰ ਕਿ ਰਿ ਆ   ਐ ਕ ਟ   ਅ ਤੇ   ਨਿ ਊ ਯਾ ਰ ਕ   ਰਾ ਜ   ਦੇ   ਕਾ ਨੂ ੰ ਨ   ਅ ਧੀ ਨ ),29,9
"ਇਕੱਲੇ ਮਾਲਕ ਅਤੇ ਨਾਮਜ਼ਦ ਵਿਅਕਤੀ ਵਿੱਚ ਤਬਦੀਲੀ ਦੀ ਪੂਰੀ ਪ੍ਰਕਿਰਿਆ ਲਈ ਦੋ ਫ਼ਾਰਮ INC-3 ਅਤੇ INC-4, ਨੂੰ ਲਾਗੂ ਕਰਨਗੇ","ਇ ਕ ੱ ਲੇ   ਮਾ ਲ ਕ   ਅ ਤੇ   ਨਾ ਮ ਜ਼ ਦ   ਵਿ ਅ ਕ ਤੀ   ਵਿ ੱ ਚ   ਤ ਬ ਦੀ ਲੀ   ਦੀ   ਪੂ ਰੀ   ਪ੍ਰ ਕਿ ਰਿ ਆ   ਲ ਈ   ਦੋ   ਫ਼ ਾ ਰ ਮ   I N C - 3   ਅ ਤੇ   I N C - 4 ,   ਨੂ ੰ   ਲਾ ਗੂ   ਕ ਰ ਨ ਗੇ",59,19
"ਦਾਰਫੁਰ, ਸੁਡਾਨ ਦੀ ਸਥਿਤੀ ਵਿੱਚ ਬੰਦਾ ਮੁਕੱਦਮਾ 2014 ਵਿੱਚ ਸ਼ੁਰੂ ਹੋਣਾ ਸੀ, ਪਰ ਸ਼ੁਰੂਆਤੀ ਮਿਤੀ ਖਾਲੀ ਕਰ ਦਿੱਤੀ ਗਈ ਸੀ","ਦਾ ਰ ਫੁ ਰ ,   ਸੁ ਡਾ ਨ   ਦੀ   ਸ ਥਿ ਤੀ   ਵਿ ੱ ਚ   ਬ ੰ ਦਾ   ਮੁ ਕ ੱ ਦ ਮਾ   2 0 1 4   ਵਿ ੱ ਚ   ਸ਼ੁ ਰੂ   ਹੋ ਣਾ   ਸੀ ,   ਪ ਰ   ਸ਼ੁ ਰੂ ਆ ਤੀ   ਮਿ ਤੀ   ਖਾ ਲੀ   ਕ ਰ   ਦਿ ੱ ਤੀ   ਗ ਈ   ਸੀ",54,20
"ਸੰਯੁਕਤ ਰਾਸ਼ਟਰ ਸੁਰੱਖਿਆ ਪ੍ਰੀਸ਼ਦ ਦਾ ਮਤਾ 1325 (S/RES/1325), ਜੋ ਕਿ ਸੰਯੁਕਤ ਰਾਸ਼ਟਰ ਸੁਰੱਖਿਆ ਪ੍ਰੀਸ਼ਦ ਦੁਆਰਾ ਔਰਤਾਂ ਦੀ ਸ਼ਾਂਤੀ ਅਤੇ ਸੁਰੱਖਿਆ ਬਾਰੇ ਹੈ, ਮਤੇ 1261 (1999), 1265 (1999), 1296 (2000) ਅਤੇ 1314 (2000) ਨੂੰ ਮੁੜ ਵਿਚਾਰਨ ਮਗਰੋਂ 31 ਅਕਤੂਬਰ 2000 ਨੂੰ ਸਰਬ-ਸੰਮਤੀ ਨਾਲ ਅਪਣਾਇਆ ਗਿਆ ਸੀ","ਸ ੰ ਯੁ ਕ ਤ   ਰਾ ਸ਼ ਟ ਰ   ਸੁ ਰ ੱ ਖਿ ਆ   ਪ੍ਰੀ ਸ਼ ਦ   ਦਾ   ਮ ਤਾ   1 3 2 5   ( S / R E S / 1 3 2 5 ) ,   ਜੋ   ਕਿ   ਸ ੰ ਯੁ ਕ ਤ   ਰਾ ਸ਼ ਟ ਰ   ਸੁ ਰ ੱ ਖਿ ਆ   ਪ੍ਰੀ ਸ਼ ਦ   ਦੁ ਆ ਰਾ   ਔ ਰ ਤਾਂ   ਦੀ   ਸ਼ਾਂ ਤੀ   ਅ ਤੇ   ਸੁ ਰ ੱ ਖਿ ਆ   ਬਾ ਰੇ   ਹੈ ,   ਮ ਤੇ   1 2 6 1   ( 1 9 9 9 ) ,   1 2 6 5   ( 1 9 9 9 ) ,   1 2 9 6   ( 2 0 0 0 )   ਅ ਤੇ   1 3 1 4   ( 2 0 0 0 )   ਨੂ ੰ   ਮੁ ੜ   ਵਿ ਚਾ ਰ ਨ   ਮ ਗ ਰੋਂ   3 1   ਅ ਕ ਤੂ ਬ ਰ   2 0 0 0   ਨੂ ੰ   ਸ ਰ ਬ - ਸ ੰ ਮ ਤੀ   ਨਾ ਲ   ਅ ਪ ਣਾ ਇ ਆ   ਗਿ ਆ   ਸੀ",164,45
"ਸਰਹੱਦੀ ਵਿਵਾਦ ਦੇ ਮੁਕੱਦਮੇ ਵਿੱਚ, ਵਿਵਾਦ ਦੇ ਦੋਵੇਂ ਧਿਰਾਂ, ਬੁਰਕੀਨਾ ਫਾਸੋ ਅਤੇ ਮਾਲੀ ਨੇ ਅੰਤਰਿਮ ਉਪਾਵਾਂ ਨੂੰ ਦਰਸਾਉਣ ਲਈ ਅਦਾਲਤ ਵਿੱਚ ਇੱਕ ਅਰਜ਼ੀ ਦਿੱਤੀ","ਸ ਰ ਹ ੱ ਦੀ   ਵਿ ਵਾ ਦ   ਦੇ   ਮੁ ਕ ੱ ਦ ਮੇ   ਵਿ ੱ ਚ ,   ਵਿ ਵਾ ਦ   ਦੇ   ਦੋ ਵੇਂ   ਧਿ ਰਾਂ ,   ਬੁ ਰ ਕੀ ਨਾ   ਫਾ ਸੋ   ਅ ਤੇ   ਮਾ ਲੀ   ਨੇ   ਅ ੰ ਤ ਰਿ ਮ   ਉ ਪਾ ਵਾਂ   ਨੂ ੰ   ਦ ਰ ਸਾ ਉ ਣ   ਲ ਈ   ਅ ਦਾ ਲ ਤ   ਵਿ ੱ ਚ   ਇ ੱ ਕ   ਅ ਰ ਜ਼ ੀ   ਦਿ ੱ ਤੀ",72,24
"ਜਦੋਂ ਤੱਕ ਦਿੱਲੀ ਹਾਈ ਕੋਰਟ ਨੇ 2 ਜੁਲਾਈ 2009 ਨੂੰ ਸਹਿਮਤੀ ਦੇਣ ਵਾਲੇ ਬਾਲਗਾਂ ਵਿਚਕਾਰ ਸਹਿਮਤ ਨਿੱਜੀ ਜਿਨਸੀ ਕਾਰਵਾਈਆਂ ਨੂੰ ਗੈਰ-ਅਪਰਾਧਕ ਨਹੀਂ ਬਣਾਇਆ, ਤਦ ਤੱਕ ਬਰਤਾਨੀਆ ਬਸਤੀਵਾਦੀ ਸਰਕਾਰ ਦੁਆਰਾ 150 ਸਾਲ ਪੁਰਾਣੇ ਪਾਸ ਕੀਤੇ ਇੱਕ ਕਨੂੰਨ ਭਾਰਤੀ ਦੰਡ ਸੰਹਿਤਾ ਦੀ ਅਸਪਸ਼ਟ ਧਾਰਾ 377 ਦੀ ਵਿਆਖਿਆ ਅਨੁਸਾਰ ਸਮਲਿੰਗਕਤਾ ਅਪਰਾਧਿਕ ਮੰਨੀ ਜਾਂਦੀ ਸੀ","ਜ ਦੋਂ   ਤ ੱ ਕ   ਦਿ ੱ ਲੀ   ਹਾ ਈ   ਕੋ ਰ ਟ   ਨੇ   2   ਜੁ ਲਾ ਈ   2 0 0 9   ਨੂ ੰ   ਸ ਹਿ ਮ ਤੀ   ਦੇ ਣ   ਵਾ ਲੇ   ਬਾ ਲ ਗਾਂ   ਵਿ ਚ ਕਾ ਰ   ਸ ਹਿ ਮ ਤ   ਨਿ ੱ ਜੀ   ਜਿ ਨ ਸੀ   ਕਾ ਰ ਵਾ ਈ ਆ ਂ   ਨੂ ੰ   ਗੈ ਰ - ਅ ਪ ਰਾ ਧ ਕ   ਨ ਹੀਂ   ਬ ਣਾ ਇ ਆ ,   ਤ ਦ   ਤ ੱ ਕ   ਬ ਰ ਤਾ ਨੀ ਆ   ਬ ਸ ਤੀ ਵਾ ਦੀ   ਸ ਰ ਕਾ ਰ   ਦੁ ਆ ਰਾ   1 5 0   ਸਾ ਲ   ਪੁ ਰਾ ਣੇ   ਪਾ ਸ   ਕੀ ਤੇ   ਇ ੱ ਕ   ਕ ਨੂ ੰ ਨ   ਭਾ ਰ ਤੀ   ਦ ੰ ਡ   ਸ ੰ ਹਿ ਤਾ   ਦੀ   ਅ ਸ ਪ ਸ਼ ਟ   ਧਾ ਰਾ   3 7 7   ਦੀ   ਵਿ ਆ ਖਿ ਆ   ਅ ਨੁ ਸਾ ਰ   ਸ ਮ ਲਿ ੰ ਗ ਕ ਤਾ   ਅ ਪ ਰਾ ਧਿ ਕ   ਮ ੰ ਨੀ   ਜਾਂ ਦੀ   ਸੀ",161,51
"ਪਿੰਡ ਦੀ ਅਦਾਲਤਾ ਜਿਵੇਂ ਕਿ ਲੋਕ ਅਦਾਲਤ (ਪੀਪਲਜ਼ ਕੋਰਟ) ਜਾਂ ਨਿਆ ਪੰਚਾਇਤ (ਪਿੰਡਾਂ ਦਾ ਨਿਆ), ਵਿਕਲਪਕ ਵਿਵਾਦ ਹੱਲ ਮਤਾ ਪੇਸ਼ ਕਰਦੇ ਹਨ","ਪਿ ੰ ਡ   ਦੀ   ਅ ਦਾ ਲ ਤਾ   ਜਿ ਵੇਂ   ਕਿ   ਲੋ ਕ   ਅ ਦਾ ਲ ਤ   ( ਪੀ ਪ ਲ ਜ਼   ਕੋ ਰ ਟ )   ਜਾਂ   ਨਿ ਆ   ਪ ੰ ਚਾ ਇ ਤ   ( ਪਿ ੰ ਡਾਂ   ਦਾ   ਨਿ ਆ ) ,   ਵਿ ਕ ਲ ਪ ਕ   ਵਿ ਵਾ ਦ   ਹ ੱ ਲ   ਮ ਤਾ   ਪੇ ਸ਼   ਕ ਰ ਦੇ   ਹ ਨ",63,22
ਭਾਗ-II (ਆਰਟੀਕਲ 17-24) ਸੰਮੇਲਨ ਦੀ ਰਿਪੋਰਟਿੰਗ ਅਤੇ ਨਿਗਰਾਨੀ ਅਤੇ ਇਸਨੂੰ ਲਾਗੂ ਕਰਨ ਲਈ ਪਾਰਟੀਆਂ ਦੁਆਰਾ ਚੁੱਕੇ ਗਏ ਕਦਮਾਂ ਨੂੰ ਨਿਯੰਤ੍ਰਿਤ ਕਰਦਾ ਹੈ,ਭਾ ਗ - I I   ( ਆ ਰ ਟੀ ਕ ਲ   1 7 - 2 4 )   ਸ ੰ ਮੇ ਲ ਨ   ਦੀ   ਰਿ ਪੋ ਰ ਟਿ ੰ ਗ   ਅ ਤੇ   ਨਿ ਗ ਰਾ ਨੀ   ਅ ਤੇ   ਇ ਸ ਨੂ ੰ   ਲਾ ਗੂ   ਕ ਰ ਨ   ਲ ਈ   ਪਾ ਰ ਟੀ ਆ ਂ   ਦੁ ਆ ਰਾ   ਚੁ ੱ ਕੇ   ਗ ਏ   ਕ ਦ ਮਾਂ   ਨੂ ੰ   ਨਿ ਯ ੰ ਤ੍ਰਿ ਤ   ਕ ਰ ਦਾ   ਹੈ,75,22
"ਯੂਨਾਨੀ ਨੂੰ ਹੈਦਰਾਬਾਦ ਖੇਤਰ ਅਤੇ ਮੁਸਲਮਾਨਾਂ ਵਿੱਚ ਭਰਵਾਂ ਹੂੰਗਾਰਾ ਮਿਲਿਆ ਸੀ, ਜਦੋਂ ਕਿ ਹੋਮਿਓਪੈਥੀ ਬੰਗਾਲ ਅਤੇ ਓਡੀਸ਼ਾ ਵਿੱਚ ਬਹੁਤ ਪ੍ਰਸਿੱਧ ਸੀ","ਯੂ ਨਾ ਨੀ   ਨੂ ੰ   ਹੈ ਦ ਰਾ ਬਾ ਦ   ਖੇ ਤ ਰ   ਅ ਤੇ   ਮੁ ਸ ਲ ਮਾ ਨਾਂ   ਵਿ ੱ ਚ   ਭ ਰ ਵਾਂ   ਹੂ ੰ ਗਾ ਰਾ   ਮਿ ਲਿ ਆ   ਸੀ ,   ਜ ਦੋਂ   ਕਿ   ਹੋ ਮਿ ਓ ਪੈ ਥੀ   ਬ ੰ ਗਾ ਲ   ਅ ਤੇ   ਓ ਡੀ ਸ਼ਾ   ਵਿ ੱ ਚ   ਬ ਹੁ ਤ   ਪ੍ਰ ਸਿ ੱ ਧ   ਸੀ",63,21
"ਅਲਾਸਕਾ ਦੇ ਐਂਕਰੇਜ, ਫੇਅਰਬੈਂਕਸ ਅਤੇ ਹੇਨਸ ਵਿੱਚ ਵਿਰੋਧ ਪ੍ਰਦਰਸ਼ਨ ਹੋਏ","ਅ ਲਾ ਸ ਕਾ   ਦੇ   ਐ ਂ ਕ ਰੇ ਜ ,   ਫੇ ਅ ਰ ਬੈਂ ਕ ਸ   ਅ ਤੇ   ਹੇ ਨ ਸ   ਵਿ ੱ ਚ   ਵਿ ਰੋ ਧ   ਪ੍ਰ ਦ ਰ ਸ਼ ਨ   ਹੋ ਏ",35,10
ਬਾਕੀ ਬੈਂਕਾਂ ਨੇ ਪ੍ਰਚੂਨ ਖੁੱਲਣ ਦੇ ਸਮੇਂ ਨੂੰ ਘਟਾ ਦਿੱਤਾ ਹੈ ਅਤੇ ਔਨਲਾਈਨ ਬੈਂਕਿੰਗ ਨੂੰ ਅੱਗੇ ਵਧਾਇਆ ਹੈ,ਬਾ ਕੀ   ਬੈਂ ਕਾਂ   ਨੇ   ਪ੍ਰ ਚੂ ਨ   ਖੁ ੱ ਲ ਣ   ਦੇ   ਸ ਮੇਂ   ਨੂ ੰ   ਘ ਟਾ   ਦਿ ੱ ਤਾ   ਹੈ   ਅ ਤੇ   ਔ ਨ ਲਾ ਈ ਨ   ਬੈਂ ਕਿ ੰ ਗ   ਨੂ ੰ   ਅ ੱ ਗੇ   ਵ ਧਾ ਇ ਆ   ਹੈ,44,18
"ਈਰਾਨ ਵਿੱਚ ਇੰਟਰਨੈੱਟ ਸੈਂਸਰਸ਼ਿਪ ਦੇ ਕਾਰਨ, ਈਰਾਨੀ ਸਰਕਾਰ ਅਤੇ ਇਸਲਾਮੀ ਕ੍ਰਾਂਤੀਕਾਰੀ ਗਾਰਡਾਂ ਸੇੱਪਾ ਨੇ ਹਮੇਸ਼ਾ ਈਰਾਨੀਆਂ ਨੂੰ ਫੇਸਬੁੱਕ, ਟਵਿੱਟਰ ਆਦਿ ਵਰਗੇ ਪ੍ਰਸਿੱਧ ਸੋਸ਼ਲ ਨੈੱਟਵਰਕਸ ਵਿੱਚ ਸ਼ਾਮਿਲ ਹੋਣ ਦਾ ਵਿਰੋਧ ਕੀਤਾ ਹੈ","ਈ ਰਾ ਨ   ਵਿ ੱ ਚ   ਇ ੰ ਟ ਰ ਨੈ ੱ ਟ   ਸੈਂ ਸ ਰ ਸ਼ਿ ਪ   ਦੇ   ਕਾ ਰ ਨ ,   ਈ ਰਾ ਨੀ   ਸ ਰ ਕਾ ਰ   ਅ ਤੇ   ਇ ਸ ਲਾ ਮੀ   ਕ੍ਰਾਂ ਤੀ ਕਾ ਰੀ   ਗਾ ਰ ਡਾਂ   ਸੇ ੱ ਪਾ   ਨੇ   ਹ ਮੇ ਸ਼ਾ   ਈ ਰਾ ਨੀ ਆ ਂ   ਨੂ ੰ   ਫੇ ਸ ਬੁ ੱ ਕ ,   ਟ ਵਿ ੱ ਟ ਰ   ਆ ਦਿ   ਵ ਰ ਗੇ   ਪ੍ਰ ਸਿ ੱ ਧ   ਸੋ ਸ਼ ਲ   ਨੈ ੱ ਟ ਵ ਰ ਕ ਸ   ਵਿ ੱ ਚ   ਸ਼ਾ ਮਿ ਲ   ਹੋ ਣ   ਦਾ   ਵਿ ਰੋ ਧ   ਕੀ ਤਾ   ਹੈ",102,31
"ਇਸ ਲਈ, ਪ੍ਰਸਿੱਧ ਸੋਸ਼ਲ ਨੈੱਟਵਰਕ ਈਰਾਨ ਵਿੱਚ ਓਨ੍ਹਾਂ ਦੁਆਰਾ ਬਲੌਕ ਕੀਤੇ ਗਏ ਹਨ ਅਤੇ ਈਰਾਨੀ ਵਿਰੋਧ ਦੇ ਕਾਰਨ, ਈਰਾਨ ਵਿੱਚ ਇੰਟਰਨੈੱਟ ਸੈਂਸਰਸ਼ਿਪ ਵਧੀ ਹੈ","ਇ ਸ   ਲ ਈ ,   ਪ੍ਰ ਸਿ ੱ ਧ   ਸੋ ਸ਼ ਲ   ਨੈ ੱ ਟ ਵ ਰ ਕ   ਈ ਰਾ ਨ   ਵਿ ੱ ਚ   ਓ ਨ੍ਹਾਂ   ਦੁ ਆ ਰਾ   ਬ ਲੌ ਕ   ਕੀ ਤੇ   ਗ ਏ   ਹ ਨ   ਅ ਤੇ   ਈ ਰਾ ਨੀ   ਵਿ ਰੋ ਧ   ਦੇ   ਕਾ ਰ ਨ ,   ਈ ਰਾ ਨ   ਵਿ ੱ ਚ   ਇ ੰ ਟ ਰ ਨੈ ੱ ਟ   ਸੈਂ ਸ ਰ ਸ਼ਿ ਪ   ਵ ਧੀ   ਹੈ",72,24
ਸਾਖਰਤਾ ਦਰ 1991 ਵਿੱਚ 3,ਸਾ ਖ ਰ ਤਾ   ਦ ਰ   1 9 9 1   ਵਿ ੱ ਚ   3,14,5
9% ਤੋਂ ਵੱਧ ਕੇ 2001 ਵਿੱਚ 47% ਹੋ ਗਈ ਅਤੇ 2011 ਵਿੱਚ 63,9 %   ਤੋਂ   ਵ ੱ ਧ   ਕੇ   2 0 0 1   ਵਿ ੱ ਚ   4 7 %   ਹੋ   ਗ ਈ   ਅ ਤੇ   2 0 1 1   ਵਿ ੱ ਚ   6 3,31,13
8% ਹੋ ਗਈ,8 %   ਹੋ   ਗ ਈ,5,3
"ਸੀ ਪੀ ਐਨ (ਯੂ ਐਮ ਐਲ) ਨੇ ਝਾਪਾ 5, ਰੂਪੰਦੇਹੀ 1 ਅਤੇ ਬਾਂਕੇ 2 ਵਿੱਚ ਰਾਸਟਰੀਆ ਪ੍ਰਜਾਤੰਤਰ ਪਾਰਟੀ ਦੇ ਉਮੀਦਵਾਰਾਂ ਦਾ ਸਮਰਥਨ ਕਰਨ ਦਾ ਫੈਸਲਾ ਕੀਤਾ, ਅਤੇ ਮਕਵਨਪੁਰ 1 ਵਿੱਚ ਰਾਸਟਰੀਆ ਪ੍ਰਜਾਤੰਤਰ ਪਾਰਟੀ ਨੇਪਾਲ ਦੇ ਚੇਅਰਮੈਨ ਕਮਲ ਥਾਪਾ ਨੂੰ ਆਪਣੇ ਚੋਣ ਨਿਸ਼ਾਨ ਤਹਿਤ ਮੈਦਾਨ ਵਿੱਚ ਉਤਾਰਨ ਦਾ ਫੈਸਲਾ ਵੀ ਕੀਤਾ","ਸੀ   ਪੀ   ਐ ਨ   ( ਯੂ   ਐ ਮ   ਐ ਲ )   ਨੇ   ਝਾ ਪਾ   5 ,   ਰੂ ਪ ੰ ਦੇ ਹੀ   1   ਅ ਤੇ   ਬਾਂ ਕੇ   2   ਵਿ ੱ ਚ   ਰਾ ਸ ਟ ਰੀ ਆ   ਪ੍ਰ ਜਾ ਤ ੰ ਤ ਰ   ਪਾ ਰ ਟੀ   ਦੇ   ਉ ਮੀ ਦ ਵਾ ਰਾਂ   ਦਾ   ਸ ਮ ਰ ਥ ਨ   ਕ ਰ ਨ   ਦਾ   ਫੈ ਸ ਲਾ   ਕੀ ਤਾ ,   ਅ ਤੇ   ਮ ਕ ਵ ਨ ਪੁ ਰ   1   ਵਿ ੱ ਚ   ਰਾ ਸ ਟ ਰੀ ਆ   ਪ੍ਰ ਜਾ ਤ ੰ ਤ ਰ   ਪਾ ਰ ਟੀ   ਨੇ ਪਾ ਲ   ਦੇ   ਚੇ ਅ ਰ ਮੈ ਨ   ਕ ਮ ਲ   ਥਾ ਪਾ   ਨੂ ੰ   ਆ ਪ ਣੇ   ਚੋ ਣ   ਨਿ ਸ਼ਾ ਨ   ਤ ਹਿ ਤ   ਮੈ ਦਾ ਨ   ਵਿ ੱ ਚ   ਉ ਤਾ ਰ ਨ   ਦਾ   ਫੈ ਸ ਲਾ   ਵੀ   ਕੀ ਤਾ",136,50
"ਪੂਰਵ ਅਤੇ ਉੱਤਰੀ ਖਾਰਟੂਮ ਵਿੱਚ ਪ੍ਰਦਰਸ਼ਨਕਾਰੀ ਪ੍ਰਦਰਸ਼ਨ ਵਿੱਚ ਸ਼ਾਮਿਲ ਹੋਏ, ਜੋ ਸ਼ੁੱਕਰਵਾਰ ਦੀ ਨਮਾਜ਼ ਤੋਂ ਬਾਅਦ ਸ਼ੁਰੂ ਹੋਇਆ ਸੀ","ਪੂ ਰ ਵ   ਅ ਤੇ   ਉ ੱ ਤ ਰੀ   ਖਾ ਰ ਟੂ ਮ   ਵਿ ੱ ਚ   ਪ੍ਰ ਦ ਰ ਸ਼ ਨ ਕਾ ਰੀ   ਪ੍ਰ ਦ ਰ ਸ਼ ਨ   ਵਿ ੱ ਚ   ਸ਼ਾ ਮਿ ਲ   ਹੋ ਏ ,   ਜੋ   ਸ਼ੁ ੱ ਕ ਰ ਵਾ ਰ   ਦੀ   ਨ ਮਾ ਜ਼   ਤੋਂ   ਬਾ ਅ ਦ   ਸ਼ੁ ਰੂ   ਹੋ ਇ ਆ   ਸੀ",58,19
"ਡਾਈਸ ਬਾਹਨ, ਜਰਮਨ ਰਾਸ਼ਟਰੀ ਰੇਲ ਕੰਪਨੀ ਨੇ ਓਨ੍ਹਾਂ ਸ਼ਰਨਾਰਥੀਆਂ ਨੂੰ ਜਿਨ੍ਹਾਂ ਕੋਲ ਯੂਕਰੇਨ ਦਾ ਪਾਸਪੋਰਟ ਜਾਂ ਪਹਿਚਾਣ ਪਤਰ ਹੈ , ਓਨ੍ਹਾਂ ਲਈ ਪੋਲੈਂਡ ਤੋਂ ਜਰਮਨੀ ਤੱਕ ਲੰਮੀ ਦੂਰੀ ਦੀ ਟ੍ਰੇਨ ਯਾਤਰਾ ਮੁਫ਼ਤ ਕਰ ਦਿੱਤੀ ਹੈ I","ਡਾ ਈ ਸ   ਬਾ ਹ ਨ ,   ਜ ਰ ਮ ਨ   ਰਾ ਸ਼ ਟ ਰੀ   ਰੇ ਲ   ਕ ੰ ਪ ਨੀ   ਨੇ   ਓ ਨ੍ਹਾਂ   ਸ਼ ਰ ਨਾ ਰ ਥੀ ਆ ਂ   ਨੂ ੰ   ਜਿ ਨ੍ਹਾਂ   ਕੋ ਲ   ਯੂ ਕ ਰੇ ਨ   ਦਾ   ਪਾ ਸ ਪੋ ਰ ਟ   ਜਾਂ   ਪ ਹਿ ਚਾ ਣ   ਪ ਤ ਰ   ਹੈ   ,   ਓ ਨ੍ਹਾਂ   ਲ ਈ   ਪੋ ਲੈਂ ਡ   ਤੋਂ   ਜ ਰ ਮ ਨੀ   ਤ ੱ ਕ   ਲ ੰ ਮੀ   ਦੂ ਰੀ   ਦੀ   ਟ੍ਰੇ ਨ   ਯਾ ਤ ਰਾ   ਮੁ ਫ਼ ਤ   ਕ ਰ   ਦਿ ੱ ਤੀ   ਹੈ   I",93,36
"ਅਨੀਤਾ ਵੌਲਫ਼ ਨੂੰ 2007 ਵਿੱਚ ਡਿਪਟੀ ਸੰਪਾਦਕ ਵਜੋਂ ਸੂਚੀਬੱਧ ਕੀਤਾ ਗਿਆ ਸੀ, ਅਤੇ ਥੀਓਡੋਰ ਪਾਪਾਸ ਨੂੰ ਕਾਰਜਕਾਰੀ ਸੰਪਾਦਕ ਵਜੋਂ ਸੂਚੀਬੱਧ ਕੀਤਾ ਗਿਆ ਸੀ","ਅ ਨੀ ਤਾ   ਵੌ ਲ ਫ਼   ਨੂ ੰ   2 0 0 7   ਵਿ ੱ ਚ   ਡਿ ਪ ਟੀ   ਸ ੰ ਪਾ ਦ ਕ   ਵ ਜੋਂ   ਸੂ ਚੀ ਬ ੱ ਧ   ਕੀ ਤਾ   ਗਿ ਆ   ਸੀ ,   ਅ ਤੇ   ਥੀ ਓ ਡੋ ਰ   ਪਾ ਪਾ ਸ   ਨੂ ੰ   ਕਾ ਰ ਜ ਕਾ ਰੀ   ਸ ੰ ਪਾ ਦ ਕ   ਵ ਜੋਂ   ਸੂ ਚੀ ਬ ੱ ਧ   ਕੀ ਤਾ   ਗਿ ਆ   ਸੀ",69,23
"ਵਾੱਸ਼ਿੰਗਟਨ ਪੋਸਟ ਨੇ , ਪਹਿਲੇ ਸਫ਼ੇ ਤੇ ਅਸਫਲਤਾਵਾਂ ਉਤੇ ਲੇਖ ਪ੍ਰਕਾਸ਼ਿਤ ਕਿਤਾ,, ""21 ਵੀ ਸਦੀ ਵਿੱਚ ਫ਼ੋਜ ਦੇ ਨਾਲ ਜੋ ਕੁੱਛ ਵੀ ਗਲਤ ਹੈ, ਓਹ ਸਭ ਤਿੜ ਹੈਲੀਕਾਪਟਰ ਦਰਸਾਉਂਦੇ ਹਨ: ਉਸ ਦੀ ਤੇਜ਼ੀ ਨਾਲ ਅੱਗੇ ਵਧਣ ਦੀ ਅਸਮਰਥਾਂ, ਉਸ ਦਾ ਬਦਲਾਅ ਪ੍ਰਤੀ ਵਿਰੋਧ, ਮੌਤਾਂ ਪ੍ਰਤੀ ਉਸ ਦਾ ਜਨੂੰਨ, ਉਸ ਦੀ ਕੋਲਡ ਯੁੱਧ ਤੋਂ ਬਾਅਦ ਦਾ ਪਛਾਣ ਸੰਕਟ"" I","ਵਾ ੱ ਸ਼ਿ ੰ ਗ ਟ ਨ   ਪੋ ਸ ਟ   ਨੇ   ,   ਪ ਹਿ ਲੇ   ਸ ਫ਼ ੇ   ਤੇ   ਅ ਸ ਫ ਲ ਤਾ ਵਾਂ   ਉ ਤੇ   ਲੇ ਖ   ਪ੍ਰ ਕਾ ਸ਼ਿ ਤ   ਕਿ ਤਾ , ,   "" 2 1   ਵੀ   ਸ ਦੀ   ਵਿ ੱ ਚ   ਫ਼ ੋ ਜ   ਦੇ   ਨਾ ਲ   ਜੋ   ਕੁ ੱ ਛ   ਵੀ   ਗ ਲ ਤ   ਹੈ ,   ਓ ਹ   ਸ ਭ   ਤਿ ੜ   ਹੈ ਲੀ ਕਾ ਪ ਟ ਰ   ਦ ਰ ਸਾ ਉ ਂ ਦੇ   ਹ ਨ :   ਉ ਸ   ਦੀ   ਤੇ ਜ ਼ ੀ   ਨਾ ਲ   ਅ ੱ ਗੇ   ਵ ਧ ਣ   ਦੀ   ਅ ਸ ਮ ਰ ਥਾਂ ,   ਉ ਸ   ਦਾ   ਬ ਦ ਲਾ ਅ   ਪ੍ਰ ਤੀ   ਵਿ ਰੋ ਧ ,   ਮੌ ਤਾਂ   ਪ੍ਰ ਤੀ   ਉ ਸ   ਦਾ   ਜ ਨੂ ੰ ਨ ,   ਉ ਸ   ਦੀ   ਕੋ ਲ ਡ   ਯੁ ੱ ਧ   ਤੋਂ   ਬਾ ਅ ਦ   ਦਾ   ਪ ਛਾ ਣ   ਸ ੰ ਕ ਟ ""   I",153,58
"2007 ਵਿੱਚ, ਮਾਰਸਿਆ ਅੰਜੀਲ, ਨਿਊ ਇੰਗਲੈਂਡ ਜਰਨਲ ਆਫ਼ ਮੈਡੀਸਨ ਦੀ ਸਾਬਕਾ ਸੰਪਾਦਕ-ਇਨ-ਚੀਫ਼ ਅਤੇ ਹਾਰਵਰਡ ਮੈਡੀਕਲ ਸਕੂਲ ਵਿੱਚ ਸਮਾਜਿਕ ਦਵਾਈ ਦੀ ਲੈਕਚਰਾਰ, ਨੇ ਜਰਮਨੀ ਭਾਸ਼ਾ ਦੀ ਸਪਤਾਹਿਕ ਨਿਊਜ਼ ਮੈਗਜ਼ੀਨ, ਸਟੇਰਨ ਵਿੱਚ ਕਿਹਾ ਕਿ ਐਸਟਰਾ ਜ਼ੈਨਿਕਾ ਦੇ ਵਿਗਿਆਨੀਆਂ ਨੇ ਔਸ਼ਧੀ ਦੀ ਨਿਪੁੰਨਤਾ ਉੱਪਰ ਆਪਣੀ ਪੜਚੋਲ ਦੀ ਗਲਤ ਪੇਸ਼ਕਾਰੀ ਕਿਤੀ ਹੈ, ਇਹ ਕਹਿੰਦੇ, ""ਸੰਭਾਵਤ ਤੌਰ 'ਤੇ ਤੁਲਨਾਤਮਕ ਖੁਰਾਕਾਂ [ਹਰੇਕ ਔਸ਼ਧੀ ਦੀ] ਦੀ ਵਰਤੋਂ ਕਰਨ ਦੀ ਬਜਾਏ, ਕੰਪਨੀ ਦੇ ਵਿਗਿਆਨੀਆਂ ਨੇ ਉੱਚ ਖੁਰਾਕਾਂ ਵਿੱਚ ਨੈਕਸੀਅਮ ਦੀ ਵਰਤੋਂ ਕੀਤੀ","2 0 0 7   ਵਿ ੱ ਚ ,   ਮਾ ਰ ਸਿ ਆ   ਅ ੰ ਜੀ ਲ ,   ਨਿ ਊ   ਇ ੰ ਗ ਲੈਂ ਡ   ਜ ਰ ਨ ਲ   ਆ ਫ ਼   ਮੈ ਡੀ ਸ ਨ   ਦੀ   ਸਾ ਬ ਕਾ   ਸ ੰ ਪਾ ਦ ਕ - ਇ ਨ - ਚੀ ਫ ਼   ਅ ਤੇ   ਹਾ ਰ ਵ ਰ ਡ   ਮੈ ਡੀ ਕ ਲ   ਸ ਕੂ ਲ   ਵਿ ੱ ਚ   ਸ ਮਾ ਜਿ ਕ   ਦ ਵਾ ਈ   ਦੀ   ਲੈ ਕ ਚ ਰਾ ਰ ,   ਨੇ   ਜ ਰ ਮ ਨੀ   ਭਾ ਸ਼ਾ   ਦੀ   ਸ ਪ ਤਾ ਹਿ ਕ   ਨਿ ਊ ਜ ਼   ਮੈ ਗ ਜ ਼ ੀ ਨ ,   ਸ ਟੇ ਰ ਨ   ਵਿ ੱ ਚ   ਕਿ ਹਾ   ਕਿ   ਐ ਸ ਟ ਰਾ   ਜ਼ ੈ ਨਿ ਕਾ   ਦੇ   ਵਿ ਗਿ ਆ ਨੀ ਆ ਂ   ਨੇ   ਔ ਸ਼ ਧੀ   ਦੀ   ਨਿ ਪੁ ੰ ਨ ਤਾ   ਉ ੱ ਪ ਰ   ਆ ਪ ਣੀ   ਪ ੜ ਚੋ ਲ   ਦੀ   ਗ ਲ ਤ   ਪੇ ਸ ਼ ਕਾ ਰੀ   ਕਿ ਤੀ   ਹੈ ,   ਇ ਹ   ਕ ਹਿ ੰ ਦੇ ,   "" ਸ ੰ ਭਾ ਵ ਤ   ਤੌ ਰ   ' ਤੇ   ਤੁ ਲ ਨਾ ਤ ਮ ਕ   ਖੁ ਰਾ ਕਾਂ   [ ਹ ਰੇ ਕ   ਔ ਸ਼ ਧੀ   ਦੀ ]   ਦੀ   ਵ ਰ ਤੋਂ   ਕ ਰ ਨ   ਦੀ   ਬ ਜਾ ਏ ,   ਕ ੰ ਪ ਨੀ   ਦੇ   ਵਿ ਗਿ ਆ ਨੀ ਆ ਂ   ਨੇ   ਉ ੱ ਚ   ਖੁ ਰਾ ਕਾਂ   ਵਿ ੱ ਚ   ਨੈ ਕ ਸੀ ਅ ਮ   ਦੀ   ਵ ਰ ਤੋਂ   ਕੀ ਤੀ",244,74
"""","""",1,1
"ਮਲੇਸ਼ੀਆ ਵਿੱਚ, ਹੇਨ ਹਟੇਟ ਆਂਗ, ਜੋ ਸੈਕਿੰਡ-ਡਿਵੀਜ਼ਨ ਮਲੇਸ਼ੀਆ ਪ੍ਰੀਮੀਅਮ ਲੀਗ ਕਲੱਬ ਸੈਲੰਗੋਰ ਐਫਸੀ II ਲਈ ਖੇਡਦਾ ਹੈ, ਨੇ ਮਾਰਚ ਦੇ ਸ਼ੁਰੂ ਵਿੱਚ ਪੀ ਡੀ ਆਰ ਐਮ ਐਫ ਸੀ ਦੇ ਖਿਲਾਫ਼ ਇੱਕ ਮੈਚ ਵਿੱਚ ਤਿੰਨ-ਉਂਗਲਾਂ ਦੀ ਸਲਾਮੀ ਦਿਤੀ ਸੀ","ਮ ਲੇ ਸ਼ੀ ਆ   ਵਿ ੱ ਚ ,   ਹੇ ਨ   ਹ ਟੇ ਟ   ਆ ਂ ਗ ,   ਜੋ   ਸੈ ਕਿ ੰ ਡ - ਡਿ ਵੀ ਜ਼ ਨ   ਮ ਲੇ ਸ਼ੀ ਆ   ਪ੍ਰੀ ਮੀ ਅ ਮ   ਲੀ ਗ   ਕ ਲ ੱ ਬ   ਸੈ ਲ ੰ ਗੋ ਰ   ਐ ਫ ਸੀ   I I   ਲ ਈ   ਖੇ ਡ ਦਾ   ਹੈ ,   ਨੇ   ਮਾ ਰ ਚ   ਦੇ   ਸ਼ੁ ਰੂ   ਵਿ ੱ ਚ   ਪੀ   ਡੀ   ਆ ਰ   ਐ ਮ   ਐ ਫ   ਸੀ   ਦੇ   ਖਿ ਲਾ ਫ਼   ਇ ੱ ਕ   ਮੈ ਚ   ਵਿ ੱ ਚ   ਤਿ ੰ ਨ - ਉ ਂ ਗ ਲਾਂ   ਦੀ   ਸ ਲਾ ਮੀ   ਦਿ ਤੀ   ਸੀ",104,38
ਕੈਸਟੀਲੋ ਦੀ ਸਰਕਾਰ ਦੇ ਖਿਲਾਫ਼ ਵੱਡੇ ਪੱਧਰ 'ਤੇ ਵਿਰੋਧ ਪ੍ਰਦਰਸ਼ਨ 28 ਮਾਰਚ 2022 ਨੂੰ ਸ਼ੁਰੂ ਹੋਏ,ਕੈ ਸ ਟੀ ਲੋ   ਦੀ   ਸ ਰ ਕਾ ਰ   ਦੇ   ਖਿ ਲਾ ਫ਼   ਵ ੱ ਡੇ   ਪ ੱ ਧ ਰ   ' ਤੇ   ਵਿ ਰੋ ਧ   ਪ੍ਰ ਦ ਰ ਸ਼ ਨ   2 8   ਮਾ ਰ ਚ   2 0 2 2   ਨੂ ੰ   ਸ਼ੁ ਰੂ   ਹੋ ਏ,45,16
"12 ਨਵੰਬਰ, 2017 ਨੂੰ ਦਿੱਲੀ ਨੇ ਆਪਣੀ ਦਸਵੀਂ ਵਿਲੱਖਣ ਗਰਬ ਪਰੇਡ ਦੀ ਮੇਜ਼ਬਾਨੀ ਕਿਤੀ ਜੰਤਰ ਮੰਤਰ ਤੋਂ ਲੈ ਕੇ ਬਾਰਾਖੰਬਾ ਰੋਡ ਤੱਕ","1 2   ਨ ਵ ੰ ਬ ਰ ,   2 0 1 7   ਨੂ ੰ   ਦਿ ੱ ਲੀ   ਨੇ   ਆ ਪ ਣੀ   ਦ ਸ ਵੀਂ   ਵਿ ਲ ੱ ਖ ਣ   ਗ ਰ ਬ   ਪ ਰੇ ਡ   ਦੀ   ਮੇ ਜ਼ ਬਾ ਨੀ   ਕਿ ਤੀ   ਜ ੰ ਤ ਰ   ਮ ੰ ਤ ਰ   ਤੋਂ   ਲੈ   ਕੇ   ਬਾ ਰਾ ਖ ੰ ਬਾ   ਰੋ ਡ   ਤ ੱ ਕ",63,22
"ਸੰਯੁਕਤ ਰਾਸ਼ਟਰ ਦੇ ਸਕੱਤਰ-ਜਨਰਲ ਐਂਟੋਨੀਓ ਗੁਟੇਰੇਸ ਨੇ 14 ਫ਼ਰਵਰੀ ਨੂੰ ਇੱਕ ਬਿਆਨ ਜਾਰੀ ਕਰਿਆ ਜਿਸ ਵਿੱਚ ਓਨ੍ਹਾਂ ਨੇ ਮਿਆਂਮਾਰ ਦੀ ਸਥਿਤੀ ਬਾਰੇ ਚਿੰਤਾ ਜਤਾਉਂਦੇ ਹੋਏ,""ਜੋਰ-ਜਬਰ ਦੀ ਵੱਧ ਰਹੀ ਵਰਤੋਂ ਅਤੇ ਵੱਡੇ ਸ਼ਹਿਰਾਂ ਵਿੱਚ ਵਾਧੂ ਬਖਤਰਬੰਦ ਵਾਹਨਾਂ ਦੀ ਤਾਇਨਾਤੀ"" ਉੱਤੇ ਜ਼ੋਰ ਦਿੱਤਾ I","ਸ ੰ ਯੁ ਕ ਤ   ਰਾ ਸ ਼ ਟ ਰ   ਦੇ   ਸ ਕ ੱ ਤ ਰ - ਜ ਨ ਰ ਲ   ਐ ਂ ਟੋ ਨੀ ਓ   ਗੁ ਟੇ ਰੇ ਸ   ਨੇ   1 4   ਫ਼ ਰ ਵ ਰੀ   ਨੂ ੰ   ਇ ੱ ਕ   ਬਿ ਆ ਨ   ਜਾ ਰੀ   ਕ ਰਿ ਆ   ਜਿ ਸ   ਵਿ ੱ ਚ   ਓ ਨ੍ਹਾਂ   ਨੇ   ਮਿ ਆ ਂ ਮਾ ਰ   ਦੀ   ਸ ਥਿ ਤੀ   ਬਾ ਰੇ   ਚਿ ੰ ਤਾ   ਜ ਤਾ ਉ ਂ ਦੇ   ਹੋ ਏ , "" ਜੋ ਰ - ਜ ਬ ਰ   ਦੀ   ਵ ੱ ਧ   ਰ ਹੀ   ਵ ਰ ਤੋਂ   ਅ ਤੇ   ਵ ੱ ਡੇ   ਸ ਼ ਹਿ ਰਾਂ   ਵਿ ੱ ਚ   ਵਾ ਧੂ   ਬ ਖ ਤ ਰ ਬ ੰ ਦ   ਵਾ ਹ ਨਾਂ   ਦੀ   ਤਾ ਇ ਨਾ ਤੀ ""   ਉ ੱ ਤੇ   ਜ਼ ੋ ਰ   ਦਿ ੱ ਤਾ   I",136,42
"ਬਰੂਜ਼ਗੀ-ਕੁਨਿਕਾ ਦੀ ਅਸਥਾਈ ਤੌਰ 'ਤੇ ਬੰਦ ਕੀਤੀ ਚੌਕੀ ਨੂੰ ਤੋੜਨ ਦੀ ਦੀ ਕੋਸ਼ਿਸ਼ ਵਿੱਚ ਓਨ੍ਹਾਂ ਨੇ ਪੱਥਰ, ਬੋਤਲਾਂ ਅਤੇ ਲੱਕੜ ਦੇ ਟੁਕੜੇ ਪੋਲੈਂਡ ਸੀਮਾ ਸਿਪਾਹੀਆਂ ਤੇ ਸੂਟੇ ਅਤੇ ਫੇਰ ਸੀਮਾ ਦੀ ਨੂੰ ਤੋੜਨ ਦੀ ਕੋਸ਼ਿਸ਼ ਕਿਤੀ I","ਬ ਰੂ ਜ ਼ ਗੀ - ਕੁ ਨਿ ਕਾ   ਦੀ   ਅ ਸ ਥਾ ਈ   ਤੌ ਰ   ' ਤੇ   ਬ ੰ ਦ   ਕੀ ਤੀ   ਚੌ ਕੀ   ਨੂ ੰ   ਤੋ ੜ ਨ   ਦੀ   ਦੀ   ਕੋ ਸ਼ਿ ਸ਼   ਵਿ ੱ ਚ   ਓ ਨ੍ਹਾਂ   ਨੇ   ਪ ੱ ਥ ਰ ,   ਬੋ ਤ ਲਾਂ   ਅ ਤੇ   ਲ ੱ ਕ ੜ   ਦੇ   ਟੁ ਕ ੜ ੇ   ਪੋ ਲੈਂ ਡ   ਸੀ ਮਾ   ਸਿ ਪਾ ਹੀ ਆ ਂ   ਤੇ   ਸੂ ਟੇ   ਅ ਤੇ   ਫੇ ਰ   ਸੀ ਮਾ   ਦੀ   ਨੂ ੰ   ਤੋ ੜ ਨ   ਦੀ   ਕੋ ਸ਼ਿ ਸ਼   ਕਿ ਤੀ   I",92,37
"18 ਅਪ੍ਰੈਲ 2022 ਨੂੰ, ਗੋਤਾਬਾਯਾ ਨੇ ਰਾਸ਼ਟਰਪਤੀ ਅਤੇ ਸੰਸਦ ਦੇ ਸਾਰੇ 225 ਮੈਂਬਰਾਂ ਸਮੇਤ ਪੂਰੀ ਸਰਕਾਰ ਨੂੰ ਅਸਤੀਫ਼ਾ ਦੇਣ ਦੀ ਮੰਗ ਕਰਨ ਦੇ ਬਾਵਜੂਦ ਇੱਕ ਨਵਾਂ 17- ਮੈਂਬਰੀ ਕੈਬਨਿਟ ਨਿਯੁਕਤ ਕੀਤਾ","1 8   ਅ ਪ੍ਰੈ ਲ   2 0 2 2   ਨੂ ੰ ,   ਗੋ ਤਾ ਬਾ ਯਾ   ਨੇ   ਰਾ ਸ਼ ਟ ਰ ਪ ਤੀ   ਅ ਤੇ   ਸ ੰ ਸ ਦ   ਦੇ   ਸਾ ਰੇ   2 2 5   ਮੈਂ ਬ ਰਾਂ   ਸ ਮੇ ਤ   ਪੂ ਰੀ   ਸ ਰ ਕਾ ਰ   ਨੂ ੰ   ਅ ਸ ਤੀ ਫ਼ ਾ   ਦੇ ਣ   ਦੀ   ਮ ੰ ਗ   ਕ ਰ ਨ   ਦੇ   ਬਾ ਵ ਜੂ ਦ   ਇ ੱ ਕ   ਨ ਵਾਂ   1 7 -   ਮੈਂ ਬ ਰੀ   ਕੈ ਬ ਨਿ ਟ   ਨਿ ਯੁ ਕ ਤ   ਕੀ ਤਾ",89,31
"ਪੱਖ ਵਿੱਚ ਵੋਟਾਂ ਪੋਪੁਲਰ ਬਲ, ਏ ਪੀ ਆਰ ਏ, ਬਰਾਡ ਫੌਂਟ ਅਤੇ ਪੋਪੁਲਰ ਐਕਸ਼ਨ ਦੇ ਬੈਂਚਾਂ ਤੋਂ ਸਨ","ਪ ੱ ਖ   ਵਿ ੱ ਚ   ਵੋ ਟਾਂ   ਪੋ ਪੁ ਲ ਰ   ਬ ਲ ,   ਏ   ਪੀ   ਆ ਰ   ਏ ,   ਬ ਰਾ ਡ   ਫੌਂ ਟ   ਅ ਤੇ   ਪੋ ਪੁ ਲ ਰ   ਐ ਕ ਸ਼ ਨ   ਦੇ   ਬੈਂ ਚਾਂ   ਤੋਂ   ਸ ਨ",42,18
"25 ਫ਼ਰਵਰੀ 1986 ਨੂੰ, ਸੁਰੱਖਿਆ ਪੁਲਿਸ ਨੇ ਦੰਗਾ ਕਰਨਾ ਸ਼ੁਰੂ ਕਰ ਦਿੱਤਾ, ਉਨ੍ਹਾਂ ਰਿਪੋਰਟਾਂ ਦਾ ਵਿਰੋਧ ਕੀਤਾ ਕਿ ਉਨ੍ਹਾਂ ਦੀ ਡਿਊਟੀ ਦੀ ਮਿਆਦ 3 ਤੋਂ 4 ਸਾਲ ਤੱਕ ਵਧਾ ਦਿੱਤੀ ਜਾਣੀ ਹੈ","2 5   ਫ਼ ਰ ਵ ਰੀ   1 9 8 6   ਨੂ ੰ ,   ਸੁ ਰ ੱ ਖਿ ਆ   ਪੁ ਲਿ ਸ   ਨੇ   ਦ ੰ ਗਾ   ਕ ਰ ਨਾ   ਸ਼ੁ ਰੂ   ਕ ਰ   ਦਿ ੱ ਤਾ ,   ਉ ਨ੍ਹਾਂ   ਰਿ ਪੋ ਰ ਟਾਂ   ਦਾ   ਵਿ ਰੋ ਧ   ਕੀ ਤਾ   ਕਿ   ਉ ਨ੍ਹਾਂ   ਦੀ   ਡਿ ਊ ਟੀ   ਦੀ   ਮਿ ਆ ਦ   3   ਤੋਂ   4   ਸਾ ਲ   ਤ ੱ ਕ   ਵ ਧਾ   ਦਿ ੱ ਤੀ   ਜਾ ਣੀ   ਹੈ",75,32
"ਦੋ ਦਿਨ ਬਾਅਦ, ਵਿਕਾਸ ਮੰਤਰੀ ਮੇਰਿਆਮ ਕਿਟੀਰ ਨੇ ਘੋਸ਼ਣਾ ਕੀਤੀ ਕਿ ਯੂਕਰੇਨ ਨੂੰ ਅਧਿਕ ਮਾਨਵਤਾਵਾਦੀ ਸਹਾਇਤਾ ਲਈ 30 ਲੱਖ ਯੂਰੋ ਅਲਾਟ ਕੀਤੇ ਜਾਣਗੇ","ਦੋ   ਦਿ ਨ   ਬਾ ਅ ਦ ,   ਵਿ ਕਾ ਸ   ਮ ੰ ਤ ਰੀ   ਮੇ ਰਿ ਆ ਮ   ਕਿ ਟੀ ਰ   ਨੇ   ਘੋ ਸ਼ ਣਾ   ਕੀ ਤੀ   ਕਿ   ਯੂ ਕ ਰੇ ਨ   ਨੂ ੰ   ਅ ਧਿ ਕ   ਮਾ ਨ ਵ ਤਾ ਵਾ ਦੀ   ਸ ਹਾ ਇ ਤਾ   ਲ ਈ   3 0   ਲ ੱ ਖ   ਯੂ ਰੋ   ਅ ਲਾ ਟ   ਕੀ ਤੇ   ਜਾ ਣ ਗੇ",64,23
"7 ਮਾਰਚ ਨੂੰ, ਸਰਕਾਰੀ ਮੀਡੀਆ ਅਤੇ ਮਨੁੱਖੀ ਅਧਿਕਾਰ ਸਮੂਹਾ ਨੇ ਸੁਰੱਖਿਆ ਬਲਾਂ ਦੁਆਰਾ ਜਨਤਕ ਹਸਪਤਾਲਾਂ, ਯੂਨੀਵਰਸਿਟੀਆਂ ਅਤੇ ਮੰਦਰ ਦੇ ਮਿਸ਼ਰਣਾਂ 'ਤੇ ਕਬਜ਼ਾ ਕਰਨ ਦੀ ਪੁਸ਼ਟੀ ਕੀਤੀ","7   ਮਾ ਰ ਚ   ਨੂ ੰ ,   ਸ ਰ ਕਾ ਰੀ   ਮੀ ਡੀ ਆ   ਅ ਤੇ   ਮ ਨੁ ੱ ਖੀ   ਅ ਧਿ ਕਾ ਰ   ਸ ਮੂ ਹਾ   ਨੇ   ਸੁ ਰ ੱ ਖਿ ਆ   ਬ ਲਾਂ   ਦੁ ਆ ਰਾ   ਜ ਨ ਤ ਕ   ਹ ਸ ਪ ਤਾ ਲਾਂ ,   ਯੂ ਨੀ ਵ ਰ ਸਿ ਟੀ ਆ ਂ   ਅ ਤੇ   ਮ ੰ ਦ ਰ   ਦੇ   ਮਿ ਸ਼ ਰ ਣਾਂ   ' ਤੇ   ਕ ਬ ਜ਼ ਾ   ਕ ਰ ਨ   ਦੀ   ਪੁ ਸ਼ ਟੀ   ਕੀ ਤੀ",82,26
"26 ਅਪ੍ਰੈਲ ਨੂੰ, ਇੱਕ ਫਰਾਂਸੀਸੀ ਨਾਗਰਿਕ ਨੂੰ ਦੋ ਮਿੰਟ ਲੰਬੇ ਵੀਡੀਓ ਵਿੱਚ ਦੇਖਿਆ ਗਿਆ ਸੀ , ਜਿਸ ਵਿੱਚ ਓਹ ਕੁਆਰੰਟੀਨ ਵਰਕਰਾਂ ਨੂੰ ਤਿੰਨ ਭਾਸ਼ਾਵਾਂ ਵਿੱਚ ਖੁੱਦਕੁਸ਼ੀ ਕਰਨ ਲਈ ਮੱਦਦ ਬਾਰੇ ਪੁੱਛ ਰਿਹਾ ਹੈ","2 6   ਅ ਪ੍ਰੈ ਲ   ਨੂ ੰ ,   ਇ ੱ ਕ   ਫ ਰਾਂ ਸੀ ਸੀ   ਨਾ ਗ ਰਿ ਕ   ਨੂ ੰ   ਦੋ   ਮਿ ੰ ਟ   ਲ ੰ ਬੇ   ਵੀ ਡੀ ਓ   ਵਿ ੱ ਚ   ਦੇ ਖਿ ਆ   ਗਿ ਆ   ਸੀ   ,   ਜਿ ਸ   ਵਿ ੱ ਚ   ਓ ਹ   ਕੁ ਆ ਰ ੰ ਟੀ ਨ   ਵ ਰ ਕ ਰਾਂ   ਨੂ ੰ   ਤਿ ੰ ਨ   ਭਾ ਸ਼ਾ ਵਾਂ   ਵਿ ੱ ਚ   ਖੁ ੱ ਦ ਕੁ ਸ਼ੀ   ਕ ਰ ਨ   ਲ ਈ   ਮ ੱ ਦ ਦ   ਬਾ ਰੇ   ਪੁ ੱ ਛ   ਰਿ ਹਾ   ਹੈ",91,33
29 ਮਈ ਨੂੰ ਸੁਰੱਖਿਆ ਬਲਾਂ ਨੇ ਖਾਰਟੂਮ ਦੇ ਅਲ-ਕਲਾਕਲਾ ਇਲਾਕੇ ਵਿੱਚ ਅਥੱਰੂ ਗੈਸ ਅਤੇ ਗੋਲੀਆਂ ਨਾਲ ਇੱਕ ਪ੍ਰਦਰਸ਼ਨ 'ਤੇ ਹਮਲਾ ਕੀਤਾ,2 9   ਮ ਈ   ਨੂ ੰ   ਸੁ ਰ ੱ ਖਿ ਆ   ਬ ਲਾਂ   ਨੇ   ਖਾ ਰ ਟੂ ਮ   ਦੇ   ਅ ਲ - ਕ ਲਾ ਕ ਲਾ   ਇ ਲਾ ਕੇ   ਵਿ ੱ ਚ   ਅ ਥ ੱ ਰੂ   ਗੈ ਸ   ਅ ਤੇ   ਗੋ ਲੀ ਆ ਂ   ਨਾ ਲ   ਇ ੱ ਕ   ਪ੍ਰ ਦ ਰ ਸ਼ ਨ   ' ਤੇ   ਹ ਮ ਲਾ   ਕੀ ਤਾ,61,21
14 ਮਈ ਨੂੰ ਲਗਭਗ ਇੱਕ ਹਜ਼ਾਰ ਪ੍ਰਦਰਸ਼ਨਕਾਰੀਆਂ ਨੇ ਪਿਟਸਬਰਗ ਸਿਟੀ-ਕੰਟਰੀ ਬਿਲਡਿੰਗ ਦੇ ਆਲੇ-ਦੁਆਲੇ ਰੈਲੀ ਕਢੀ ਅਤੇ ਲਗਭਗ 150 ਨੇ ਬੈਥਲਹੇਮ ਵਿੱਚ ਔਰ ਬਾਡੀਜ਼ ਈਵੈਂਟ 'ਤੇ ਪਾਬੰਦੀ ਲਗਾਉਣ ਲਈ ਰੈਲੀ ਕੀਤੀ,1 4   ਮ ਈ   ਨੂ ੰ   ਲ ਗ ਭ ਗ   ਇ ੱ ਕ   ਹ ਜ਼ ਾ ਰ   ਪ੍ਰ ਦ ਰ ਸ਼ ਨ ਕਾ ਰੀ ਆ ਂ   ਨੇ   ਪਿ ਟ ਸ ਬ ਰ ਗ   ਸਿ ਟੀ - ਕ ੰ ਟ ਰੀ   ਬਿ ਲ ਡਿ ੰ ਗ   ਦੇ   ਆ ਲੇ - ਦੁ ਆ ਲੇ   ਰੈ ਲੀ   ਕ ਢੀ   ਅ ਤੇ   ਲ ਗ ਭ ਗ   1 5 0   ਨੇ   ਬੈ ਥ ਲ ਹੇ ਮ   ਵਿ ੱ ਚ   ਔ ਰ   ਬਾ ਡੀ ਜ਼   ਈ ਵੈਂ ਟ   ' ਤੇ   ਪਾ ਬ ੰ ਦੀ   ਲ ਗਾ ਉ ਣ   ਲ ਈ   ਰੈ ਲੀ   ਕੀ ਤੀ,98,30
"ਯਾਂਗੋਨ ਦੇ ਹਲਿੰਗ ਥਾਰ ਯਾਰ ਟਾਊਨਸ਼ਿਪ ਵਿੱਚ ਦੁਰਘਟਨਾ ਵਿੱਚ ਕਈ ਬੰਬ ਧਮਾਕਿਆਂ ਤੋਂ ਬਾਅਦ, ਤਤਮਾਦਾਵ ਸਿਪਾਹੀਆਂ ਨੇ 12 ਸ਼ੱਕੀ ਵਿਰੋਧੀ ਲੜਾਕੂਆਂ ਨੂੰ ਫੜ ਲਿਆ, ਜਿਨ੍ਹਾਂ ਵਿੱਚ 3 ਜ਼ਖਮੀ ਲੜਾਕੂ ਵੀ ਸ਼ਾਮਿਲ ਹਨ","ਯਾਂ ਗੋ ਨ   ਦੇ   ਹ ਲਿ ੰ ਗ   ਥਾ ਰ   ਯਾ ਰ   ਟਾ ਊ ਨ ਸ਼ਿ ਪ   ਵਿ ੱ ਚ   ਦੁ ਰ ਘ ਟ ਨਾ   ਵਿ ੱ ਚ   ਕ ਈ   ਬ ੰ ਬ   ਧ ਮਾ ਕਿ ਆ ਂ   ਤੋਂ   ਬਾ ਅ ਦ ,   ਤ ਤ ਮਾ ਦਾ ਵ   ਸਿ ਪਾ ਹੀ ਆ ਂ   ਨੇ   1 2   ਸ਼ ੱ ਕੀ   ਵਿ ਰੋ ਧੀ   ਲ ੜ ਾ ਕੂ ਆ ਂ   ਨੂ ੰ   ਫ ੜ   ਲਿ ਆ ,   ਜਿ ਨ੍ਹਾਂ   ਵਿ ੱ ਚ   3   ਜ਼ ਖ ਮੀ   ਲ ੜ ਾ ਕੂ   ਵੀ   ਸ਼ਾ ਮਿ ਲ   ਹ ਨ",94,32
"2021 ਰਗਬੀ ਵਿਸ਼ਵ ਕੱਪ, ਮਹਿਲਾ ਰਗਬੀ ਵਿਸ਼ਵ ਕੱਪ ਦਾ ਨੌਵਾਂ ਸੰਸਕਰਣ, ਨਿਊਜ਼ੀਲੈਂਡ ਵਿੱਚ 8 ਅਕਤੂਬਰ ਅਤੇ 12 ਨਵੰਬਰ 2022 ਦੇ ਵਿਚਕਾਰ ਆਯੋਜਿਤ ਕੀਤਾ ਗਿਆ ਸੀ, ਇਹ18 ਸਤੰਬਰ ਤੋਂ 18 ਅਕਤੂਬਰ 2021 ਦੇ ਮੂਲ ਯੋਜਨਾਬੱਧ ਕਾਰਜਕ੍ਰਮ ਤੋਂ ਮੁਲਤਵੀ ਕਰ ਦਿੱਤਾ ਗਿਆ ਸੀ","2 0 2 1   ਰ ਗ ਬੀ   ਵਿ ਸ ਼ ਵ   ਕ ੱ ਪ ,   ਮ ਹਿ ਲਾ   ਰ ਗ ਬੀ   ਵਿ ਸ ਼ ਵ   ਕ ੱ ਪ   ਦਾ   ਨੌ ਵਾਂ   ਸ ੰ ਸ ਕ ਰ ਣ ,   ਨਿ ਊ ਜ ਼ ੀ ਲੈਂ ਡ   ਵਿ ੱ ਚ   8   ਅ ਕ ਤੂ ਬ ਰ   ਅ ਤੇ   1 2   ਨ ਵ ੰ ਬ ਰ   2 0 2 2   ਦੇ   ਵਿ ਚ ਕਾ ਰ   ਆ ਯੋ ਜਿ ਤ   ਕੀ ਤਾ   ਗਿ ਆ   ਸੀ ,   ਇ ਹ 1 8   ਸ ਤ ੰ ਬ ਰ   ਤੋਂ   1 8   ਅ ਕ ਤੂ ਬ ਰ   2 0 2 1   ਦੇ   ਮੂ ਲ   ਯੋ ਜ ਨਾ ਬ ੱ ਧ   ਕਾ ਰ ਜ ਕ੍ਰ ਮ   ਤੋਂ   ਮੁ ਲ ਤ ਵੀ   ਕ ਰ   ਦਿ ੱ ਤਾ   ਗਿ ਆ   ਸੀ",130,41
ਹੋਰਾਂ ਵਿੱਚ ਨੌਜਵਾਨਾਂ ਲਈ ਚੈਨਲ ਬਿ,ਹੋ ਰਾਂ   ਵਿ ੱ ਚ   ਨੌ ਜ ਵਾ ਨਾਂ   ਲ ਈ   ਚੈ ਨ ਲ   ਬਿ,15,6
ਬਿ,ਬਿ,1,1
"ਸਿ ਥ੍ਰੀ ਹੈ, ਜਿਸ ਨੇ ਅਸਲ ਵਿੱਚ ਫਰਵਰੀ 2016 ਵਿੱਚ ਇੱਕ ਰੇਖਿਕ ਟੈਲੀਵਿਜ਼ਨ ਚੈਨਲ ਵਜੋਂ ਪ੍ਰਸਾਰਣ ਬੰਦ ਕਰ ਦਿੱਤਾ ਅਤੇ ਫਰਵਰੀ 2022 ਵਿੱਚ ਵਾਪਸ ਟੈਲੀਵਿਜ਼ਨ ਤੇ ਆ ਗਏ, ਸੱਭਿਆਚਾਰਕ ਅਤੇ ਦਸਤਾਵੇਜ਼ੀ ਚੈਨਲ ਬਿ","ਸਿ   ਥ੍ਰੀ   ਹੈ ,   ਜਿ ਸ   ਨੇ   ਅ ਸ ਲ   ਵਿ ੱ ਚ   ਫ ਰ ਵ ਰੀ   2 0 1 6   ਵਿ ੱ ਚ   ਇ ੱ ਕ   ਰੇ ਖਿ ਕ   ਟੈ ਲੀ ਵਿ ਜ ਼ ਨ   ਚੈ ਨ ਲ   ਵ ਜੋਂ   ਪ੍ਰ ਸਾ ਰ ਣ   ਬ ੰ ਦ   ਕ ਰ   ਦਿ ੱ ਤਾ   ਅ ਤੇ   ਫ ਰ ਵ ਰੀ   2 0 2 2   ਵਿ ੱ ਚ   ਵਾ ਪ ਸ   ਟੈ ਲੀ ਵਿ ਜ ਼ ਨ   ਤੇ   ਆ   ਗ ਏ ,   ਸ ੱ ਭਿ ਆ ਚਾ ਰ ਕ   ਅ ਤੇ   ਦ ਸ ਤਾ ਵੇ ਜ ਼ ੀ   ਚੈ ਨ ਲ   ਬਿ",100,33
ਬਿ,ਬਿ,1,1
"ਸਿ ਫੋਰ, ਖਬਰਾਂ ਦਾ ਚੈਨਲ ਬਿ","ਸਿ   ਫੋ ਰ ,   ਖ ਬ ਰਾਂ   ਦਾ   ਚੈ ਨ ਲ   ਬਿ",12,6
ਬਿ,ਬਿ,1,1
ਸਿ ਨਿਯੂਜ਼ ਅਤੇ ਬਿ,ਸਿ   ਨਿ ਯੂ ਜ਼   ਅ ਤੇ   ਬਿ,7,4
ਬਿ,ਬਿ,1,1
"ਸਿ ਵਰਲਡ ਨਿਯੂਜ਼, ਸੰਸਦ ਚੈਨਲ ਬਿ","ਸਿ   ਵ ਰ ਲ ਡ   ਨਿ ਯੂ ਜ਼ ,   ਸ ੰ ਸ ਦ   ਚੈ ਨ ਲ   ਬਿ",17,6
ਬਿ,ਬਿ,1,1
"ਸਿ ਪਾਰਲੀਮੈਂਟ, ਅਤੇ ਦੋ ਬੱਚੀਆਂ ਦੇ ਚੈਨਲ ਸੀ","ਸਿ   ਪਾ ਰ ਲੀ ਮੈਂ ਟ ,   ਅ ਤੇ   ਦੋ   ਬ ੱ ਚੀ ਆ ਂ   ਦੇ   ਚੈ ਨ ਲ   ਸੀ",20,8
ਬੀ,ਬੀ,1,1
ਬੀ,ਬੀ,1,1
ਅਤੇ ਸੀਬੀਬੀਸੀ I,ਅ ਤੇ   ਸੀ ਬੀ ਬੀ ਸੀ   I,7,3
"ਸੋਸ਼ਲ ਮੀਡੀਆ ਪਲੇਟਫਾਰਮਾਂ 'ਤੇ ਰੂਸੀ ਸਮਾਨ ਦੇ ਬਾਈਕਾਟ ਦੀ ਮੰਗ ਫੈਲ ਗਈ, ਜਦੋਂ ਹੈਕਰਾਂ ਨੇ ਰੂਸੀ ਵੈੱਬਸਾਈਟਾਂ 'ਤੇ ਹਮਲਾ ਕੀਤਾ, ਖਾਸ ਤੌਰ 'ਤੇ ਰੂਸੀ ਸਰਕਾਰ ਦੁਆਰਾ ਸੰਚਾਲਿਤ ਵੈੱਬਸਾਈਟਾਂ 'ਤੇ","ਸੋ ਸ਼ ਲ   ਮੀ ਡੀ ਆ   ਪ ਲੇ ਟ ਫਾ ਰ ਮਾਂ   ' ਤੇ   ਰੂ ਸੀ   ਸ ਮਾ ਨ   ਦੇ   ਬਾ ਈ ਕਾ ਟ   ਦੀ   ਮ ੰ ਗ   ਫੈ ਲ   ਗ ਈ ,   ਜ ਦੋਂ   ਹੈ ਕ ਰਾਂ   ਨੇ   ਰੂ ਸੀ   ਵੈ ੱ ਬ ਸਾ ਈ ਟਾਂ   ' ਤੇ   ਹ ਮ ਲਾ   ਕੀ ਤਾ ,   ਖਾ ਸ   ਤੌ ਰ   ' ਤੇ   ਰੂ ਸੀ   ਸ ਰ ਕਾ ਰ   ਦੁ ਆ ਰਾ   ਸ ੰ ਚਾ ਲਿ ਤ   ਵੈ ੱ ਬ ਸਾ ਈ ਟਾਂ   ' ਤੇ",83,29
ਉਸਨੇ ਮੁੰਬਈ ਦੇ ਦਾਦਰ ਰੇਲਵੇ ਸਟੇਸ਼ਨ 'ਤੇ ਫੁੱਲ ਵੇਚਣੇ ਸ਼ੁਰੂ ਕਰ ਦਿੱਤੇ ਅਤੇ ਆਖਰਕਾਰ ਸ਼ਹਿਰ ਵਿੱਚ ਦੋ ਫੁੱਲਾਂ ਦੀਆਂ ਦੁਕਾਨਾਂ ਦੇ ਮਾਲਕ ਬਣਨ ਵਿੱਚ ਕਾਮਯਾਬ ਹੋ ਗਿਆ,ਉ ਸ ਨੇ   ਮੁ ੰ ਬ ਈ   ਦੇ   ਦਾ ਦ ਰ   ਰੇ ਲ ਵੇ   ਸ ਟੇ ਸ਼ ਨ   ' ਤੇ   ਫੁ ੱ ਲ   ਵੇ ਚ ਣੇ   ਸ਼ੁ ਰੂ   ਕ ਰ   ਦਿ ੱ ਤੇ   ਅ ਤੇ   ਆ ਖ ਰ ਕਾ ਰ   ਸ਼ ਹਿ ਰ   ਵਿ ੱ ਚ   ਦੋ   ਫੁ ੱ ਲਾਂ   ਦੀ ਆ ਂ   ਦੁ ਕਾ ਨਾਂ   ਦੇ   ਮਾ ਲ ਕ   ਬ ਣ ਨ   ਵਿ ੱ ਚ   ਕਾ ਮ ਯਾ ਬ   ਹੋ   ਗਿ ਆ,73,27
"ਜੇਹਾਦੀ, ਮੁਜਾਹਿਦੀਨ ਅਤੇ ਫੇਡਯੀਨ ਸਮਾਨ ਅਰਬੀ ਸ਼ਬਦ ਹਨ ਜੋ ਅੰਗਰੇਜ਼ੀ ਸ਼ਬਦਕੋਸ਼ ਵਿੱਚ ਦਾਖਲ ਹੋ ਗਏ ਹਨ","ਜੇ ਹਾ ਦੀ ,   ਮੁ ਜਾ ਹਿ ਦੀ ਨ   ਅ ਤੇ   ਫੇ ਡ ਯੀ ਨ   ਸ ਮਾ ਨ   ਅ ਰ ਬੀ   ਸ਼ ਬ ਦ   ਹ ਨ   ਜੋ   ਅ ੰ ਗ ਰੇ ਜ਼ ੀ   ਸ਼ ਬ ਦ ਕੋ ਸ਼   ਵਿ ੱ ਚ   ਦਾ ਖ ਲ   ਹੋ   ਗ ਏ   ਹ ਨ",49,16
"ਦੋ ਜੱਜਾਂ ਕੋਲ ਲੋਕਤੰਤਰ ਲਈ ਤਰਸ ਰਹੇ ਈਰਾਨੀਆਂ ਲਈ ਲੰਬੇ ਸਮੇਂ ਦੀ ਕੈਦ ਜਾਂ ਮੌਤ ਦੀ ਸਜ਼ਾ ਜਾਰੀ ਕਰਨ ਦੇ ਲੰਬੇ ਰਿਕਾਰਡ ਹਨ ਅਤੇ ਸੁਪਰੀਮ ਕੋਰਟ ਲੀਡਰ, ਅਲੀ ਖਮੇਨੇਈ ਦੇ ਸ਼ਾਸਨ ਦਾ ਵਿਰੋਧ ਕਰਦੀ ਹੈ","ਦੋ   ਜ ੱ ਜਾਂ   ਕੋ ਲ   ਲੋ ਕ ਤ ੰ ਤ ਰ   ਲ ਈ   ਤ ਰ ਸ   ਰ ਹੇ   ਈ ਰਾ ਨੀ ਆ ਂ   ਲ ਈ   ਲ ੰ ਬੇ   ਸ ਮੇਂ   ਦੀ   ਕੈ ਦ   ਜਾਂ   ਮੌ ਤ   ਦੀ   ਸ ਜ਼ ਾ   ਜਾ ਰੀ   ਕ ਰ ਨ   ਦੇ   ਲ ੰ ਬੇ   ਰਿ ਕਾ ਰ ਡ   ਹ ਨ   ਅ ਤੇ   ਸੁ ਪ ਰੀ ਮ   ਕੋ ਰ ਟ   ਲੀ ਡ ਰ ,   ਅ ਲੀ   ਖ ਮੇ ਨੇ ਈ   ਦੇ   ਸ਼ਾ ਸ ਨ   ਦਾ   ਵਿ ਰੋ ਧ   ਕ ਰ ਦੀ   ਹੈ",87,35
"ਪਿਛਲੇ ਅਤੇ ਹਰੇਕ ਮਨਵੰਤਰਾ ਤੋਂ ਬਾਅਦ ਮਨਵੰਤਰਾ-ਸੰਧਿਆ (ਲਗਾਉ ਦੀ ਮਿਆਦ) ਆਉਂਦਾ ਹੈ, ਜਿਸ ਦੀ ਲੰਮਾਈ ਕ੍ਰਿਤ-ਯੁਗ (ਸੱਤਯੁਗ) ਹੁੰਦੀ ਹੈ I","ਪਿ ਛ ਲੇ   ਅ ਤੇ   ਹ ਰੇ ਕ   ਮ ਨ ਵ ੰ ਤ ਰਾ   ਤੋਂ   ਬਾ ਅ ਦ   ਮ ਨ ਵ ੰ ਤ ਰਾ - ਸ ੰ ਧਿ ਆ   ( ਲ ਗਾ ਉ   ਦੀ   ਮਿ ਆ ਦ )   ਆ ਉ ਂ ਦਾ   ਹੈ ,   ਜਿ ਸ   ਦੀ   ਲ ੰ ਮਾ ਈ   ਕ੍ਰਿ ਤ - ਯੁ ਗ   ( ਸ ੱ ਤ ਯੁ ਗ )   ਹੁ ੰ ਦੀ   ਹੈ   I",68,20
"ਕਿਉਂਕਿ ਕਰੋਨਸ ਨੇ ਆਪਣੇ ਪਿਤਾ ਨੂੰ ਧੋਕਾ ਦਿਤਾ ਸੀ, ਉਸ ਨੂੰ ਦਰ ਸੀ ਕਿ ਉਸ ਦੀ ਔਲਾਦ ਵੀ ਓਹੀ ਕਰੇਗੀ, ਇਸ ਲਈ ਜਿੰਨੀ ਵਾਰ ਰਿਆ ਨੇ ਜਨਮ ਦਿੱਤਾ, ਓਸ ਨੇ ਬੱ ਖੋਹ ਕੇ ਖਾ ਲਿਆ I","ਕਿ ਉ ਂ ਕਿ   ਕ ਰੋ ਨ ਸ   ਨੇ   ਆ ਪ ਣੇ   ਪਿ ਤਾ   ਨੂ ੰ   ਧੋ ਕਾ   ਦਿ ਤਾ   ਸੀ ,   ਉ ਸ   ਨੂ ੰ   ਦ ਰ   ਸੀ   ਕਿ   ਉ ਸ   ਦੀ   ਔ ਲਾ ਦ   ਵੀ   ਓ ਹੀ   ਕ ਰੇ ਗੀ ,   ਇ ਸ   ਲ ਈ   ਜਿ ੰ ਨੀ   ਵਾ ਰ   ਰਿ ਆ   ਨੇ   ਜ ਨ ਮ   ਦਿ ੱ ਤਾ ,   ਓ ਸ   ਨੇ   ਬ ੱ   ਖੋ ਹ   ਕੇ   ਖਾ   ਲਿ ਆ   I",74,36
"ਫਰੀਡਹੈਲਮ ਹਾਰਡੀ ਦੇ ਅਨੁਸਾਰ, ਅਗੇਤੇ ""ਦੱਖਣੀ ਕ੍ਰਿਸ਼ਨਵਾਦ"" ਦਾ ਪ੍ਰਮਾਣ ਹੈ ਇਸ ਦੇ ਬਾਵਜੂਦ ਕਿ ਕ੍ਰਿਸ਼ਨਾ ਰੀਤਿ ਰਿਵਾਜਾਂ ਨੂੰ ਉਤਰੀ ਰਿਵਾਜਾਂ ਨਾਲ ਜੋੜੀਆਂ ਜਾਂਦਾ ਹੈ I","ਫ ਰੀ ਡ ਹੈ ਲ ਮ   ਹਾ ਰ ਡੀ   ਦੇ   ਅ ਨੁ ਸਾ ਰ ,   ਅ ਗੇ ਤੇ   "" ਦ ੱ ਖ ਣੀ   ਕ੍ਰਿ ਸ ਼ ਨ ਵਾ ਦ ""   ਦਾ   ਪ੍ਰ ਮਾ ਣ   ਹੈ   ਇ ਸ   ਦੇ   ਬਾ ਵ ਜੂ ਦ   ਕਿ   ਕ੍ਰਿ ਸ ਼ ਨਾ   ਰੀ ਤਿ   ਰਿ ਵਾ ਜਾਂ   ਨੂ ੰ   ਉ ਤ ਰੀ   ਰਿ ਵਾ ਜਾਂ   ਨਾ ਲ   ਜੋ ੜ ੀ ਆ ਂ   ਜਾਂ ਦਾ   ਹੈ   I",71,25
ਇੱਕ ਹੋਰ ਬੋਧੀ ਰਸਮ ਜੋ ਕਿ ਬੁੱਧ ਦੇ ਜੀਵਨ ਮਿੱਥ ਦਾ ਸੋਧ ਦਰਸਾਉਂਦਾ ਹੈ ਓਹ ਹੈ ਬੁੱਧ ਦੇ ਤਸਵੀਰ ਦੀ ਸਮਰਪਣ ਰਸਮ I,ਇ ੱ ਕ   ਹੋ ਰ   ਬੋ ਧੀ   ਰ ਸ ਮ   ਜੋ   ਕਿ   ਬੁ ੱ ਧ   ਦੇ   ਜੀ ਵ ਨ   ਮਿ ੱ ਥ   ਦਾ   ਸੋ ਧ   ਦ ਰ ਸਾ ਉ ਂ ਦਾ   ਹੈ   ਓ ਹ   ਹੈ   ਬੁ ੱ ਧ   ਦੇ   ਤ ਸ ਵੀ ਰ   ਦੀ   ਸ ਮ ਰ ਪ ਣ   ਰ ਸ ਮ   I,53,23
ਬੋਧ ਧਰਮ ਵਿੱਚ ਬ੍ਰਹਮ ਇੱਕ ਮੁਹਰੀ ਭਗਵਾਨ (ਦੇਵਾ) ਅਤੇ ਸਵਰਗੀ ਰਾਜਾ ਹੈ I,ਬੋ ਧ   ਧ ਰ ਮ   ਵਿ ੱ ਚ   ਬ੍ਰ ਹ ਮ   ਇ ੱ ਕ   ਮੁ ਹ ਰੀ   ਭ ਗ ਵਾ ਨ   ( ਦੇ ਵਾ )   ਅ ਤੇ   ਸ ਵ ਰ ਗੀ   ਰਾ ਜਾ   ਹੈ   I,35,13
"ਕਰਨਾਟਕ ਦੇ ਪੱਤਦਕਲ ਵਿੱਚ, 7 ਵੀ ਅਤੇ 8 ਵੀ ਸਦੀ ਦੇ ਮੰਦਿਰਾ ਦੇ ਸਮੂਹ, ਉੱਤਰ ਤੇ ਦਕਸ਼ੀਨੀ ਤੋਰ ਦੇ ਪ੍ਰਸਿੱਧ ਰੂਪ ਨੂੰ ਜੋੜਦਾ ਹੈ, ਆਈਹੋਲ ਦੇ ਸਮਾਨ, ਜਿਸ ਵਿੱਚ ਹੁਣ ਵੀ ਅਪਸੀਡਲ ਚੈਤਿਆਂ ਹਾਲ-ਕਿਸਮ ਦੀਆਂ ਯੋਜਨਾਵਾਂ ਹਨ I","ਕ ਰ ਨਾ ਟ ਕ   ਦੇ   ਪ ੱ ਤ ਦ ਕ ਲ   ਵਿ ੱ ਚ ,   7   ਵੀ   ਅ ਤੇ   8   ਵੀ   ਸ ਦੀ   ਦੇ   ਮ ੰ ਦਿ ਰਾ   ਦੇ   ਸ ਮੂ ਹ ,   ਉ ੱ ਤ ਰ   ਤੇ   ਦ ਕ ਸ਼ੀ ਨੀ   ਤੋ ਰ   ਦੇ   ਪ੍ਰ ਸਿ ੱ ਧ   ਰੂ ਪ   ਨੂ ੰ   ਜੋ ੜ ਦਾ   ਹੈ ,   ਆ ਈ ਹੋ ਲ   ਦੇ   ਸ ਮਾ ਨ ,   ਜਿ ਸ   ਵਿ ੱ ਚ   ਹੁ ਣ   ਵੀ   ਅ ਪ ਸੀ ਡ ਲ   ਚੈ ਤਿ ਆ ਂ   ਹਾ ਲ - ਕਿ ਸ ਮ   ਦੀ ਆ ਂ   ਯੋ ਜ ਨਾ ਵਾਂ   ਹ ਨ   I",101,38
"ਪਰੰਤੂ, ਅਰਬੀਆ ਦਾ ਗੈਰ-ਅਰਬੀਆ ਮੁਸਲਮਾਨਾ ਜਿਨ੍ਹਾਂ ਦਾ ਧਰਮ ਪਰਿਵਰਤਨ ਹੋਈਆਂ ਹੈ, ਓਨ੍ਹਾਂ ਦਾ ਉੱਚ ਦਰਜ਼ਾ ਅਤੇ ਬਾਕੀਆਂ ਨੂੰ ਭਾਰੀ ਮਸੂਲ ਭਰਣ ਦੇ ਫ਼ਰਜ਼ ਕਰਨ ਨਾਰਾਜ਼ਗੀ ਪੈਦਾ ਹੋ ਗਈ I","ਪ ਰ ੰ ਤੂ ,   ਅ ਰ ਬੀ ਆ   ਦਾ   ਗੈ ਰ - ਅ ਰ ਬੀ ਆ   ਮੁ ਸ ਲ ਮਾ ਨਾ   ਜਿ ਨ੍ਹਾਂ   ਦਾ   ਧ ਰ ਮ   ਪ ਰਿ ਵ ਰ ਤ ਨ   ਹੋ ਈ ਆ ਂ   ਹੈ ,   ਓ ਨ੍ਹਾਂ   ਦਾ   ਉ ੱ ਚ   ਦ ਰ ਜ਼ ਾ   ਅ ਤੇ   ਬਾ ਕੀ ਆ ਂ   ਨੂ ੰ   ਭਾ ਰੀ   ਮ ਸੂ ਲ   ਭ ਰ ਣ   ਦੇ   ਫ ਼ ਰ ਜ ਼   ਕ ਰ ਨ   ਨਾ ਰਾ ਜ ਼ ਗੀ   ਪੈ ਦਾ   ਹੋ   ਗ ਈ   I",86,29
"ਲੋਪੇਜ਼ ਦਾ ਦਾਅਵਾ ਹੈ ਕਿ ਓਹ ਵੀ ਬੌਧਧਾ ਸ਼ਬਦ ਦੀ ਵਰਤੋਂ ਕਰਦੇ ਸਨ, ਹਾਲਾਂਕਿ ਵਿਦਵਾਨ ਰਿਚਰਡ ਕੋਹੇਨ ਦਾ ਕਹਿਣਾ ਹੈ ਕਿ ਇਹ ਸ਼ਬਦ ਦੀ ਵਰਤੋਂ ਸਿਰਫ਼ ਬਾਹਰੀ ਲੋਕਾਂ ਦੁਆਰਾ ਬੌਧੀਆਂ ਦਾ ਵਰਣਨ ਕਰਨ ਲਈ ਕਿਤੀ ਜਾਂਦੀ ਸੀ I","ਲੋ ਪੇ ਜ ਼   ਦਾ   ਦਾ ਅ ਵਾ   ਹੈ   ਕਿ   ਓ ਹ   ਵੀ   ਬੌ ਧ ਧਾ   ਸ ਼ ਬ ਦ   ਦੀ   ਵ ਰ ਤੋਂ   ਕ ਰ ਦੇ   ਸ ਨ ,   ਹਾ ਲਾਂ ਕਿ   ਵਿ ਦ ਵਾ ਨ   ਰਿ ਚ ਰ ਡ   ਕੋ ਹੇ ਨ   ਦਾ   ਕ ਹਿ ਣਾ   ਹੈ   ਕਿ   ਇ ਹ   ਸ਼ ਬ ਦ   ਦੀ   ਵ ਰ ਤੋਂ   ਸਿ ਰ ਫ਼   ਬਾ ਹ ਰੀ   ਲੋ ਕਾਂ   ਦੁ ਆ ਰਾ   ਬੌ ਧੀ ਆ ਂ   ਦਾ   ਵ ਰ ਣ ਨ   ਕ ਰ ਨ   ਲ ਈ   ਕਿ ਤੀ   ਜਾਂ ਦੀ   ਸੀ   I",90,38
"ਓਨ੍ਹਾਂ ਦੇ ਭਾਰਤ, ਪਾਕਿਸਤਾਨ ਅਤੇ ਅਮਰੀਕਾ ਵਿੱਚ ਹਜ਼ਾਰੋਂ ਚੇਲੇ ਸਨ, ਓਨ੍ਹਾਂ ਦੇ ਬਹੁਤ ਸਾਰੇ ਖਲਿਫ਼ਾਂ ਭਾਰਤ ਭਰ ਵਿੱਚ ਸਨ I","ਓ ਨ੍ਹਾਂ   ਦੇ   ਭਾ ਰ ਤ ,   ਪਾ ਕਿ ਸ ਤਾ ਨ   ਅ ਤੇ   ਅ ਮ ਰੀ ਕਾ   ਵਿ ੱ ਚ   ਹ ਜ਼ ਾ ਰੋਂ   ਚੇ ਲੇ   ਸ ਨ ,   ਓ ਨ੍ਹਾਂ   ਦੇ   ਬ ਹੁ ਤ   ਸਾ ਰੇ   ਖ ਲਿ ਫ਼ ਾ ਂ   ਭਾ ਰ ਤ   ਭ ਰ   ਵਿ ੱ ਚ   ਸ ਨ   I",54,20
"ਓਹ ਇਹ ਦਰਸਾਉਂਦਾ ਹੈ ਕਿ ਵੱਡੇ ਵਿਵਾਦ ਰੱਬ ਨੂੰ ਸਾਬਤ ਕਰਨ ਲਈ ਕਿਤੇ ਗਏ, ਕੁਦਰਤ ਦੇ ਨਜ਼ਾਰਿਆਂ ਤੋਂ ਲੈ ਕੇ ਬ੍ਰਮਾਣ ਦੀ ਸਪੱਸ਼ਟ ਨਿਯਮਤਤਾ ਤੱਕ, ਸੱਭ ਇਤਰਾਜ਼ ਲਈ ਖੁੱਲ੍ਹੇ ਹਨ (ਖਾਸ ਤੌਰ 'ਤੇ ਘਿਣਾਉਣੇ ਕੀੜੇ-ਮਕੌੜਿਆਂ ਦੀ ਹੋਂਦ ਵਿੱਚ ਕੀ ਹੈਰਾਨੀ ਦੀ ਗੱਲ ਹੈ, ਇਸ ਨਿਰੀਖਣ ਵਿੱਚ ਕੀ ਨਿਯਮਤਤਾ ਹੈ ਕਿ ਸਾਰੇ ਗ੍ਰਹਿ ਲਗਭੱਗ ਇੱਕੋ ਹੀ ਸਮਤਲ ਵਿੱਚ ਬਦਲਦੇ ਹਨ, ਉਹੀ ਜਹਾਜ਼ ਸ਼ਾਇਦ ਟਕਰਾ ਰਿਹਾ ਹੋਵੇ ਪਰ ਲਗਭੱਗ ਉਹੀ ਜਹਾਜ਼ ਕਾਫ਼ੀ ਘੱਟ ਯਕੀਨਨ ਹੈ)","ਓ ਹ   ਇ ਹ   ਦ ਰ ਸਾ ਉ ਂ ਦਾ   ਹੈ   ਕਿ   ਵ ੱ ਡੇ   ਵਿ ਵਾ ਦ   ਰ ੱ ਬ   ਨੂ ੰ   ਸਾ ਬ ਤ   ਕ ਰ ਨ   ਲ ਈ   ਕਿ ਤੇ   ਗ ਏ ,   ਕੁ ਦ ਰ ਤ   ਦੇ   ਨ ਜ਼ ਾ ਰਿ ਆ ਂ   ਤੋਂ   ਲੈ   ਕੇ   ਬ੍ਰ ਮਾ ਣ   ਦੀ   ਸ ਪ ੱ ਸ ਼ ਟ   ਨਿ ਯ ਮ ਤ ਤਾ   ਤ ੱ ਕ ,   ਸ ੱ ਭ   ਇ ਤ ਰਾ ਜ ਼   ਲ ਈ   ਖੁ ੱ ਲ੍ਹੇ   ਹ ਨ   ( ਖਾ ਸ   ਤੌ ਰ   ' ਤੇ   ਘਿ ਣਾ ਉ ਣੇ   ਕੀ ੜ ੇ - ਮ ਕੌ ੜ ਿ ਆ ਂ   ਦੀ   ਹੋਂ ਦ   ਵਿ ੱ ਚ   ਕੀ   ਹੈ ਰਾ ਨੀ   ਦੀ   ਗ ੱ ਲ   ਹੈ ,   ਇ ਸ   ਨਿ ਰੀ ਖ ਣ   ਵਿ ੱ ਚ   ਕੀ   ਨਿ ਯ ਮ ਤ ਤਾ   ਹੈ   ਕਿ   ਸਾ ਰੇ   ਗ੍ਰ ਹਿ   ਲ ਗ ਭ ੱ ਗ   ਇ ੱ ਕੋ   ਹੀ   ਸ ਮ ਤ ਲ   ਵਿ ੱ ਚ   ਬ ਦ ਲ ਦੇ   ਹ ਨ ,   ਉ ਹੀ   ਜ ਹਾ ਜ ਼   ਸ ਼ ਾ ਇ ਦ   ਟ ਕ ਰਾ   ਰਿ ਹਾ   ਹੋ ਵੇ   ਪ ਰ   ਲ ਗ ਭ ੱ ਗ   ਉ ਹੀ   ਜ ਹਾ ਜ ਼   ਕਾ ਫ਼ ੀ   ਘ ੱ ਟ   ਯ ਕੀ ਨ ਨ   ਹੈ )",208,73
),),1,1
"ਉਸ ਦੇ ਅੰਦਰ, ਉੱਤਰੀ ਇਲਾਕੇ ਨੇ, ਮੌਤ ਦਾ ਇੱਕ ਹੋਰ ਦੇਵਤਾ, ਯਮ (ਦੱਖਣੀ ਖੇਤਰਾਂ ਵਿੱਚ ਵੱਸਦਾ ਮੌਤ ਦਾ ਦੇਵ) ਨੂੰ ਪਿੱਛੇ ਛੱਡਣ ਲਈ ਵਿਰੋਧ ਵਿੱਚ ਝੁਕਿਆ ਹੋਇਆਂ ਸੀ","ਉ ਸ   ਦੇ   ਅ ੰ ਦ ਰ ,   ਉ ੱ ਤ ਰੀ   ਇ ਲਾ ਕੇ   ਨੇ ,   ਮੌ ਤ   ਦਾ   ਇ ੱ ਕ   ਹੋ ਰ   ਦੇ ਵ ਤਾ ,   ਯ ਮ   ( ਦ ੱ ਖ ਣੀ   ਖੇ ਤ ਰਾਂ   ਵਿ ੱ ਚ   ਵ ੱ ਸ ਦਾ   ਮੌ ਤ   ਦਾ   ਦੇ ਵ )   ਨੂ ੰ   ਪਿ ੱ ਛੇ   ਛ ੱ ਡ ਣ   ਲ ਈ   ਵਿ ਰੋ ਧ   ਵਿ ੱ ਚ   ਝੁ ਕਿ ਆ   ਹੋ ਇ ਆ ਂ   ਸੀ",77,28
"ਜਦੋਂ 8 ਵੀਂ ਸਦੀ ਦੇ ਪ੍ਰਮੁੱਖ ਵੈਦਿਕ ਵਿਦਵਾਨ ਅਤੇ ਅਧਿਆਪਕ (ਆਚਾਰੀਆ) ਆਦੀ ਸ਼ੰਕਰਾ ਨੇ ਇਸ ਗੱਲ ਉੱਤੇ ਜ਼ੋਰ ਦਿੱਤਾ ਕਿ, ਕਿਉਂਕਿ ਬ੍ਰਾਹਮਣ ਸਰਬਵਿਆਪਕ ਹੈ, ਬ੍ਰਾਹਮਣ-ਗਿਆਨ ਤਤਕਾਲ ਹੈ ਅਤੇ ਉਸ ਨੂੰ ਕਿਸੇ 'ਸੰਘ੍ਰਸ਼' ਦੀ ਲੋੜ ਨਹੀਂ ਹੈ, ਮਤਲਬ ਕਿ ਕੋਸ਼ਿਸ਼ ਅਤੇ ਜਤਨ, ਅਦਵੈਤ ਪਰੰਪਰਾ ਵੀ ਵਿਸਤ੍ਰਿਤ ਦੱਸਦੀ ਹੈ","ਜ ਦੋਂ   8   ਵੀਂ   ਸ ਦੀ   ਦੇ   ਪ੍ਰ ਮੁ ੱ ਖ   ਵੈ ਦਿ ਕ   ਵਿ ਦ ਵਾ ਨ   ਅ ਤੇ   ਅ ਧਿ ਆ ਪ ਕ   ( ਆ ਚਾ ਰੀ ਆ )   ਆ ਦੀ   ਸ ਼ ੰ ਕ ਰਾ   ਨੇ   ਇ ਸ   ਗ ੱ ਲ   ਉ ੱ ਤੇ   ਜ ਼ ੋ ਰ   ਦਿ ੱ ਤਾ   ਕਿ ,   ਕਿ ਉ ਂ ਕਿ   ਬ੍ਰਾ ਹ ਮ ਣ   ਸ ਰ ਬ ਵਿ ਆ ਪ ਕ   ਹੈ ,   ਬ੍ਰਾ ਹ ਮ ਣ - ਗਿ ਆ ਨ   ਤ ਤ ਕਾ ਲ   ਹੈ   ਅ ਤੇ   ਉ ਸ   ਨੂ ੰ   ਕਿ ਸੇ   ' ਸ ੰ ਘ੍ਰ ਸ਼ '   ਦੀ   ਲੋ ੜ   ਨ ਹੀਂ   ਹੈ ,   ਮ ਤ ਲ ਬ   ਕਿ   ਕੋ ਸ ਼ ਿ ਸ ਼   ਅ ਤੇ   ਜ ਤ ਨ ,   ਅ ਦ ਵੈ ਤ   ਪ ਰ ੰ ਪ ਰਾ   ਵੀ   ਵਿ ਸ ਤ੍ਰਿ ਤ   ਦ ੱ ਸ ਦੀ   ਹੈ",143,47
"ਤਿਆਰੀ ਅਭਿਆਸ, ਮਹਾਵਾਕਿਆ ਦਾ ਚਿੰਤਨ ਅਤੇ ਯੋਗਿਕ ਸਮਾਧੀ ਨੂੰ ਗਿਆਨ ਦੇ ਸਾਧਨ ਵਜੋਂ ਸਵੀਕਾਰ ਕਰਨਾ, ਇੱਕ ਵਿਰੋਧਾਭਾਸ ਪੇਸ਼ ਕਰਨਾ ਜਿਸ ਨੂੰ ਹੋਰ ਅਧਿਆਤਮਿਕ ਅਨੁਸ਼ਾਸਨਾਂ ਅਤੇ ਪਰੰਪਰਾਵਾਂ ਵਿੱਚ ਵੀ ਮਾਨਤਾ ਪ੍ਰਾਪਤ ਹੈ","ਤਿ ਆ ਰੀ   ਅ ਭਿ ਆ ਸ ,   ਮ ਹਾ ਵਾ ਕਿ ਆ   ਦਾ   ਚਿ ੰ ਤ ਨ   ਅ ਤੇ   ਯੋ ਗਿ ਕ   ਸ ਮਾ ਧੀ   ਨੂ ੰ   ਗਿ ਆ ਨ   ਦੇ   ਸਾ ਧ ਨ   ਵ ਜੋਂ   ਸ ਵੀ ਕਾ ਰ   ਕ ਰ ਨਾ ,   ਇ ੱ ਕ   ਵਿ ਰੋ ਧਾ ਭਾ ਸ   ਪੇ ਸ ਼   ਕ ਰ ਨਾ   ਜਿ ਸ   ਨੂ ੰ   ਹੋ ਰ   ਅ ਧਿ ਆ ਤ ਮਿ ਕ   ਅ ਨੁ ਸ ਼ ਾ ਸ ਨਾਂ   ਅ ਤੇ   ਪ ਰ ੰ ਪ ਰਾ ਵਾਂ   ਵਿ ੱ ਚ   ਵੀ   ਮਾ ਨ ਤਾ   ਪ੍ਰਾ ਪ ਤ   ਹੈ",97,31
"ਇਸਲਾਮ ਦੇ ਆਣ ਨਾਲ, ਬੋਧੀ ਧਰਮ ਦੇ ਮੱਠ ਰਿਵਾਜ ਨੂੰ ਮਿਲਣ ਵਾਲੀ ਸ਼ਾਹੀ ਸਰਪ੍ਰਸਤੀ ਖ਼ਤਮ ਹੋ ਗਈ,ਅਤੇ ਮੁਸਲਮਾਨਾਂ ਦੁਆਰਾ ਲੰਮੀ ਦੂਰੀ ਦੇ ਵਪਾਰ ਵਿੱਚ ਬੋਧੀਆਂ ਦੀ ਥਾਂ ਲੈਣ ਨਾਲ ਸਰਪ੍ਰਸਤੀ ਦੇ ਸੰਬੰਧਿਤ ਸਰੋਤ ਖਤਮ ਹੋ ਗਏ","ਇ ਸ ਲਾ ਮ   ਦੇ   ਆ ਣ   ਨਾ ਲ ,   ਬੋ ਧੀ   ਧ ਰ ਮ   ਦੇ   ਮ ੱ ਠ   ਰਿ ਵਾ ਜ   ਨੂ ੰ   ਮਿ ਲ ਣ   ਵਾ ਲੀ   ਸ ਼ ਾ ਹੀ   ਸ ਰ ਪ੍ਰ ਸ ਤੀ   ਖ਼ ਤ ਮ   ਹੋ   ਗ ਈ , ਅ ਤੇ   ਮੁ ਸ ਲ ਮਾ ਨਾਂ   ਦੁ ਆ ਰਾ   ਲ ੰ ਮੀ   ਦੂ ਰੀ   ਦੇ   ਵ ਪਾ ਰ   ਵਿ ੱ ਚ   ਬੋ ਧੀ ਆ ਂ   ਦੀ   ਥਾਂ   ਲੈ ਣ   ਨਾ ਲ   ਸ ਰ ਪ੍ਰ ਸ ਤੀ   ਦੇ   ਸ ੰ ਬ ੰ ਧਿ ਤ   ਸ ਰੋ ਤ   ਖ ਤ ਮ   ਹੋ   ਗ ਏ",98,36
"ਤੀਜੇ ਪੜਾਅ ਦੇ ਵਿੱਚ ਹੋਰ ਵਿਚਾਰ ਪੇਸ਼ ਕਿਤੇ ਗਏ ਸੀ; ਉਦਾਹਰਨ ਦੇ ਤੋਰ ਤੇ, ਰਸਮਾਂ, ਤੋਬਾ ਕਰਨਾ ਅਤੇ ਭੇਟਾ ਨੂੰ ਤਾਉਸ਼ਾਟੀ ਮੰਦਰਾ ਵਿੱਚ ਉਤਸ਼ਾਹਿਤ ਕੀਤੇ ਗਏ ਤਾਂਕਿ ਓਹ ਕਰਮਾ ਦੇ ਭਾਰ ਨੂੰ ਖਤਮ ਕਰ ਸਕਣ I","ਤੀ ਜੇ   ਪ ੜ ਾ ਅ   ਦੇ   ਵਿ ੱ ਚ   ਹੋ ਰ   ਵਿ ਚਾ ਰ   ਪੇ ਸ਼   ਕਿ ਤੇ   ਗ ਏ   ਸੀ ;   ਉ ਦਾ ਹ ਰ ਨ   ਦੇ   ਤੋ ਰ   ਤੇ ,   ਰ ਸ ਮਾਂ ,   ਤੋ ਬਾ   ਕ ਰ ਨਾ   ਅ ਤੇ   ਭੇ ਟਾ   ਨੂ ੰ   ਤਾ ਉ ਸ਼ਾ ਟੀ   ਮ ੰ ਦ ਰਾ   ਵਿ ੱ ਚ   ਉ ਤ ਸ਼ਾ ਹਿ ਤ   ਕੀ ਤੇ   ਗ ਏ   ਤਾਂ ਕਿ   ਓ ਹ   ਕ ਰ ਮਾ   ਦੇ   ਭਾ ਰ   ਨੂ ੰ   ਖ ਤ ਮ   ਕ ਰ   ਸ ਕ ਣ   I",89,36
"ਅਨੰਤ ਨੇ ਕਾਉਦੀਨਿਆ ਨੂੰ ਵਾਅਦਾ ਕਿਤਾ ਕਿ ਜੇਕਰ ਓਹ 14 ਸਾਲਾਂ ਦੀ ਸੰਕਲਪ ਲੈਂਦਾ ਹੈ, ਓਹ ਆਪਣੇ ਸਾਰੇ ਪਾਪਾਂ ਤੋਂ ਮੁਕਤ ਹੋ ਜਾਵੇਗਾ ਅਤੇ ਉਸ ਨੂੰ ਦੌਲਤ, ਬੱਚੇ ਅਤੇ ਖੁਸ਼ੀਆਂ ਪ੍ਰਾਪਤ ਹੋਣਗੀਆ I","ਅ ਨ ੰ ਤ   ਨੇ   ਕਾ ਉ ਦੀ ਨਿ ਆ   ਨੂ ੰ   ਵਾ ਅ ਦਾ   ਕਿ ਤਾ   ਕਿ   ਜੇ ਕ ਰ   ਓ ਹ   1 4   ਸਾ ਲਾਂ   ਦੀ   ਸ ੰ ਕ ਲ ਪ   ਲੈਂ ਦਾ   ਹੈ ,   ਓ ਹ   ਆ ਪ ਣੇ   ਸਾ ਰੇ   ਪਾ ਪਾਂ   ਤੋਂ   ਮੁ ਕ ਤ   ਹੋ   ਜਾ ਵੇ ਗਾ   ਅ ਤੇ   ਉ ਸ   ਨੂ ੰ   ਦੌ ਲ ਤ ,   ਬ ੱ ਚੇ   ਅ ਤੇ   ਖੁ ਸ਼ੀ ਆ ਂ   ਪ੍ਰਾ ਪ ਤ   ਹੋ ਣ ਗੀ ਆ   I",81,33
"ਭਾਰਤੀ ਬੋਧੀਆਂ ਦੇ ਵਿੱਚ ਮਾਹਾਯਾਨਾ ਕੁੱਛ ਸਮੇਂ ਲਈ ਅਲਪਸੰਖਿਅਕ ਹੀ ਰਹੇ, ਇਹ ਹੌਲੀ-ਹੌਲੀ ਵਧਦੇ ਰਹੇ ਜੱਦ ਤੱਕ ਜ਼ੁਆਨਜ਼ਾਂਗ ਨੂੰ ਅਧੇ ਤੋਂ ਜ਼ਿਆਦਾ ਮਿਲਣ ਵਾਲੇ ਭਿਕਸ਼ੂ ਮਾਹਾਯਾਨਾ ਸਨ I","ਭਾ ਰ ਤੀ   ਬੋ ਧੀ ਆ ਂ   ਦੇ   ਵਿ ੱ ਚ   ਮਾ ਹਾ ਯਾ ਨਾ   ਕੁ ੱ ਛ   ਸ ਮੇਂ   ਲ ਈ   ਅ ਲ ਪ ਸ ੰ ਖਿ ਅ ਕ   ਹੀ   ਰ ਹੇ ,   ਇ ਹ   ਹੌ ਲੀ - ਹੌ ਲੀ   ਵ ਧ ਦੇ   ਰ ਹੇ   ਜ ੱ ਦ   ਤ ੱ ਕ   ਜ ਼ ੁ ਆ ਨ ਜ ਼ ਾ ਂ ਗ   ਨੂ ੰ   ਅ ਧੇ   ਤੋਂ   ਜ਼ ਿ ਆ ਦਾ   ਮਿ ਲ ਣ   ਵਾ ਲੇ   ਭਿ ਕ ਸ ਼ ੂ   ਮਾ ਹਾ ਯਾ ਨਾ   ਸ ਨ   I",88,28
"ਜਦੋਂ ਡੱਚ ਕਪਤਾਨ ਜੋਰਜਿਸ ਵੈਨ ਸਪੀਲਬਰਗਨ 1602 ਵਿੱਚ ਉਤਰੇ, ਕੈਨਡੀ ਦੇ ਰਾਜਾ ਨੇ ਓਨ੍ਹਾਂ ਨੂੰ ਮਦਦ ਲਈ ਪੁਕਾਰ ਲਾਈ I","ਜ ਦੋਂ   ਡ ੱ ਚ   ਕ ਪ ਤਾ ਨ   ਜੋ ਰ ਜਿ ਸ   ਵੈ ਨ   ਸ ਪੀ ਲ ਬ ਰ ਗ ਨ   1 6 0 2   ਵਿ ੱ ਚ   ਉ ਤ ਰੇ ,   ਕੈ ਨ ਡੀ   ਦੇ   ਰਾ ਜਾ   ਨੇ   ਓ ਨ੍ਹਾਂ   ਨੂ ੰ   ਮ ਦ ਦ   ਲ ਈ   ਪੁ ਕਾ ਰ   ਲਾ ਈ   I",55,20
ਰਿਪੋਰਟ ਵਿੱਚ ਚੋਣਵੇਂ ਤੌਰ ਤੇ ਸਮਝੌਤਾ ਕਰਨ ਵਾਲੀਆਂ ਸੰਸਥਾਵਾਂ ਦੁਆਰਾ ਕੀਤੀਆਂ ਗਈਆਂ ਆਮ ਟਿੱਪਣੀਆਂ ਅਤੇ ਦੇਸ਼-ਵਿਸ਼ੇਸ਼ ਸਿਫ਼ਾਰਸ਼ਾਂ ਦਾ ਹਵਾਲਾ ਦਿੱਤਾ ਗਿਆ ਹੈ ਅਤੇ ਆਪਣੀ ਨਿੱਜੀ ਰਾਏ ਨੂੰ ਜਾਇਜ਼ ਠਹਿਰਾਉਣ ਲਈ ਅਖੌਤੀ ਯੋਗਕਾਰਤਾ ਸਿਧਾਂਤਾਂ ਸਮੇਤ ਵਿਵਾਦਪੂਰਨ ਅਤੇ ਅਣਜਾਣ ਸਿਧਾਂਤਾਂ ਦਾ ਪ੍ਰਚਾਰ ਕੀਤਾ ਗਿਆ ਹੈ,ਰਿ ਪੋ ਰ ਟ   ਵਿ ੱ ਚ   ਚੋ ਣ ਵੇਂ   ਤੌ ਰ   ਤੇ   ਸ ਮ ਝੌ ਤਾ   ਕ ਰ ਨ   ਵਾ ਲੀ ਆ ਂ   ਸ ੰ ਸ ਥਾ ਵਾਂ   ਦੁ ਆ ਰਾ   ਕੀ ਤੀ ਆ ਂ   ਗ ਈ ਆ ਂ   ਆ ਮ   ਟਿ ੱ ਪ ਣੀ ਆ ਂ   ਅ ਤੇ   ਦੇ ਸ ਼ - ਵਿ ਸ ਼ ੇ ਸ ਼   ਸਿ ਫ ਼ ਾ ਰ ਸ ਼ ਾ ਂ   ਦਾ   ਹ ਵਾ ਲਾ   ਦਿ ੱ ਤਾ   ਗਿ ਆ   ਹੈ   ਅ ਤੇ   ਆ ਪ ਣੀ   ਨਿ ੱ ਜੀ   ਰਾ ਏ   ਨੂ ੰ   ਜਾ ਇ ਜ ਼   ਠ ਹਿ ਰਾ ਉ ਣ   ਲ ਈ   ਅ ਖੌ ਤੀ   ਯੋ ਗ ਕਾ ਰ ਤਾ   ਸਿ ਧਾਂ ਤਾਂ   ਸ ਮੇ ਤ   ਵਿ ਵਾ ਦ ਪੂ ਰ ਨ   ਅ ਤੇ   ਅ ਣ ਜਾ ਣ   ਸਿ ਧਾਂ ਤਾਂ   ਦਾ   ਪ੍ਰ ਚਾ ਰ   ਕੀ ਤਾ   ਗਿ ਆ   ਹੈ,140,43
"ਇਹ ਸੰਸ਼ਲੇਸ਼ਣ, ਕਨਫਿਊਸ਼ੀਅਨ ਰੀਤੀ ਰਿਵਾਜ਼ਾ ਅਤੇ ਸੰਸਥਾਵਾਂ ਨੂੰ ਇੱਕ ਵਿਆਪਕ ਉਦਾਰਵਾਦੀ ਲੋਕਤੰਤਰੀ ਢਾਂਚੇ ਨਾਲ ਮਿਲਾਉਂਦਾ ਹੈ, ਪੱਛਮੀ- ਸ਼ੈਲੀ ਦਾ ਉਦਾਰਵਾਦ ਦੋਵਾਂ ਤੋਂ ਵਖਰਾ ਹੈ, ਜੋ ਕਿ ਤਸੇਂਗ ਦੇ ਲਈ , ਵਿਅਕਤੀਵਾਦ ਅਤੇ ਨੈਤਿਕ ਦ੍ਰਿਸ਼ਟੀ ਦੀ ਘਾਟ ਅਤੇ ਰਵਾਇਤੀ ਕਨਫਿਊਸ਼ੀਅਸਵਾਦ ਵਜੋਂ ਬਹੁਤ ਜ਼ਿਆਦਾ ਦੁੱਖਦਾਈ ਹੈ, ਜਿਸਦਾ, ਸੈਂਗ ਨੂੰ ,ਸਖ਼ਤ ਮਹੰਤਸ਼ਾਹੀ ਅਤੇ ਕੁਲੀਨ ਵਰਗਾਂ ਦੀ ਕਠਿਨ ਸਥਿਤੀ ਤੋਂ ਇਤਿਹਾਸਕ ਤੌਰ ਉੱਤੇ ਨੁਕਸਾਨ ਹੋਇਆ ਹੈ","ਇ ਹ   ਸ ੰ ਸ਼ ਲੇ ਸ਼ ਣ ,   ਕ ਨ ਫਿ ਊ ਸ ਼ ੀ ਅ ਨ   ਰੀ ਤੀ   ਰਿ ਵਾ ਜ਼ ਾ   ਅ ਤੇ   ਸ ੰ ਸ ਥਾ ਵਾਂ   ਨੂ ੰ   ਇ ੱ ਕ   ਵਿ ਆ ਪ ਕ   ਉ ਦਾ ਰ ਵਾ ਦੀ   ਲੋ ਕ ਤ ੰ ਤ ਰੀ   ਢਾਂ ਚੇ   ਨਾ ਲ   ਮਿ ਲਾ ਉ ਂ ਦਾ   ਹੈ ,   ਪ ੱ ਛ ਮੀ -   ਸ ਼ ੈ ਲੀ   ਦਾ   ਉ ਦਾ ਰ ਵਾ ਦ   ਦੋ ਵਾਂ   ਤੋਂ   ਵ ਖ ਰਾ   ਹੈ ,   ਜੋ   ਕਿ   ਤ ਸੇਂ ਗ   ਦੇ   ਲ ਈ   ,   ਵਿ ਅ ਕ ਤੀ ਵਾ ਦ   ਅ ਤੇ   ਨੈ ਤਿ ਕ   ਦ੍ਰਿ ਸ ਼ ਟੀ   ਦੀ   ਘਾ ਟ   ਅ ਤੇ   ਰ ਵਾ ਇ ਤੀ   ਕ ਨ ਫਿ ਊ ਸ ਼ ੀ ਅ ਸ ਵਾ ਦ   ਵ ਜੋਂ   ਬ ਹੁ ਤ   ਜ ਼ ਿ ਆ ਦਾ   ਦੁ ੱ ਖ ਦਾ ਈ   ਹੈ ,   ਜਿ ਸ ਦਾ ,   ਸੈਂ ਗ   ਨੂ ੰ   , ਸ ਖ ਼ ਤ   ਮ ਹ ੰ ਤ ਸ਼ਾ ਹੀ   ਅ ਤੇ   ਕੁ ਲੀ ਨ   ਵ ਰ ਗਾਂ   ਦੀ   ਕ ਠਿ ਨ   ਸ ਥਿ ਤੀ   ਤੋਂ   ਇ ਤਿ ਹਾ ਸ ਕ   ਤੌ ਰ   ਉ ੱ ਤੇ   ਨੁ ਕ ਸਾ ਨ   ਹੋ ਇ ਆ   ਹੈ",199,62
"ਸਿੱਖੀ ਧਰਮ ਖਾਣੇ ਵਿੱਚ ਸੰਜਮ ਤੇ ਪਰਹੇਜ਼ ਨੂੰ ਉਤਸ਼ਾਹਿਤ ਕਰਦਾ ਹੈ, ਯਾਨੀ ਕਿ ਨਾ ਹੀ ਭੁੱਖੇ ਰਿਹਣਾ ਅਤੇ ਨਾ ਹੀ ਵੱਧ ਖਾਣਾ I","ਸਿ ੱ ਖੀ   ਧ ਰ ਮ   ਖਾ ਣੇ   ਵਿ ੱ ਚ   ਸ ੰ ਜ ਮ   ਤੇ   ਪ ਰ ਹੇ ਜ਼   ਨੂ ੰ   ਉ ਤ ਸ਼ਾ ਹਿ ਤ   ਕ ਰ ਦਾ   ਹੈ ,   ਯਾ ਨੀ   ਕਿ   ਨਾ   ਹੀ   ਭੁ ੱ ਖੇ   ਰਿ ਹ ਣਾ   ਅ ਤੇ   ਨਾ   ਹੀ   ਵ ੱ ਧ   ਖਾ ਣਾ   I",53,23
"ਕੁਝ ਭਜਨ ਸਦੀਆਂ ਪੁਰਾਣੇ ਹਨ, ਕਈ ਖੇਤਰਾਂ ਵਿੱਚ ਪ੍ਰਸਿੱਧ ਹਨ, ਸਮਾਜਿਕ ਪਰੰਪਰਾਵਾਂ ਵਜੋਂ ਅਗੇ ਬੀਤਾ ਦਿਤੇ ਜਾਂਦੇ ਹਨ, ਅਤੇ ਹੋਰਾਂ ਦੀ ਨਵੀਂ ਰਚਨਾ ਕਿਤੀ ਗਈ ਹੈ I","ਕੁ ਝ   ਭ ਜ ਨ   ਸ ਦੀ ਆ ਂ   ਪੁ ਰਾ ਣੇ   ਹ ਨ ,   ਕ ਈ   ਖੇ ਤ ਰਾਂ   ਵਿ ੱ ਚ   ਪ੍ਰ ਸਿ ੱ ਧ   ਹ ਨ ,   ਸ ਮਾ ਜਿ ਕ   ਪ ਰ ੰ ਪ ਰਾ ਵਾਂ   ਵ ਜੋਂ   ਅ ਗੇ   ਬੀ ਤਾ   ਦਿ ਤੇ   ਜਾਂ ਦੇ   ਹ ਨ ,   ਅ ਤੇ   ਹੋ ਰਾਂ   ਦੀ   ਨ ਵੀਂ   ਰ ਚ ਨਾ   ਕਿ ਤੀ   ਗ ਈ   ਹੈ   I",69,27
"ਅਤੇ ਜੇ ਕੁੱਛ (ਸਨ) ਅੰਦਰੂਨੀ , ਉਨ੍ਹਾਂ ਨੇ ਜੋ ਉਨ੍ਹਾਂ ਦੀ ਸ਼ਕਤੀ ਵਿੱਚ ਸੀ, ਉਨ੍ਹਾਂ ਦੇ ਸੰਜਮ ਤੋਂ ਹਟ ਗਏ ਹਨ; ਅਤੇ ਆਪਣੇ ਪਿਤਾ ਅਤੇ ਮਾਤਾ ਅਤੇ ਬਜ਼ੁਰਗਾਂ ਦੇ ਪ੍ਰਤੀ ਆਗਿਆਕਾਰੀ, ਅਤੀਤ ਦੇ ਵਿਰੋਧ ਵਿੱਚ ਵੀ ਭਵਿੱਖ ਵਿੱਚ, ਹਰ ਮੌਕੇ 'ਤੇ ਇਸ ਤਰ੍ਹਾਂ ਕੰਮ ਕਰਕੇ, ਉਹ ਬਿਹਤਰ ਅਤੇ ਹੋਰ ਖੁਸ਼ੀ ਨਾਲ ਜੀਵਨ ਬਤੀਤ ਕਰਨਗੇ","ਅ ਤੇ   ਜੇ   ਕੁ ੱ ਛ   ( ਸ ਨ )   ਅ ੰ ਦ ਰੂ ਨੀ   ,   ਉ ਨ੍ਹਾਂ   ਨੇ   ਜੋ   ਉ ਨ੍ਹਾਂ   ਦੀ   ਸ ਼ ਕ ਤੀ   ਵਿ ੱ ਚ   ਸੀ ,   ਉ ਨ੍ਹਾਂ   ਦੇ   ਸ ੰ ਜ ਮ   ਤੋਂ   ਹ ਟ   ਗ ਏ   ਹ ਨ ;   ਅ ਤੇ   ਆ ਪ ਣੇ   ਪਿ ਤਾ   ਅ ਤੇ   ਮਾ ਤਾ   ਅ ਤੇ   ਬ ਜ ਼ ੁ ਰ ਗਾਂ   ਦੇ   ਪ੍ਰ ਤੀ   ਆ ਗਿ ਆ ਕਾ ਰੀ ,   ਅ ਤੀ ਤ   ਦੇ   ਵਿ ਰੋ ਧ   ਵਿ ੱ ਚ   ਵੀ   ਭ ਵਿ ੱ ਖ   ਵਿ ੱ ਚ ,   ਹ ਰ   ਮੌ ਕੇ   ' ਤੇ   ਇ ਸ   ਤ ਰ੍ਹਾਂ   ਕ ੰ ਮ   ਕ ਰ ਕੇ ,   ਉ ਹ   ਬਿ ਹ ਤ ਰ   ਅ ਤੇ   ਹੋ ਰ   ਖੁ ਸ ਼ ੀ   ਨਾ ਲ   ਜੀ ਵ ਨ   ਬ ਤੀ ਤ   ਕ ਰ ਨ ਗੇ",137,54
"ਗੁਰੂ ਗ੍ਰੰਥ ਸਾਹਿਬ ਦੀ ਸ਼ੁਰੂਵਾਤ ਜਪਜੀ ਸਾਹਿਬ ਨਾਲ ਹੁੰਦੀ ਹੈ, ਦਸਮ ਗ੍ਰੰਥ ਦੀ ਸ਼ੁਰੂਵਾਤ ਜਾਪ ਸਾਹਿਬ ਜਾਂ ਜਾਪੁ ਸਾਹਿਬ ਨਾਲ ਹੁੰਦੀ ਹੈ I","ਗੁ ਰੂ   ਗ੍ਰ ੰ ਥ   ਸਾ ਹਿ ਬ   ਦੀ   ਸ਼ੁ ਰੂ ਵਾ ਤ   ਜ ਪ ਜੀ   ਸਾ ਹਿ ਬ   ਨਾ ਲ   ਹੁ ੰ ਦੀ   ਹੈ ,   ਦ ਸ ਮ   ਗ੍ਰ ੰ ਥ   ਦੀ   ਸ਼ੁ ਰੂ ਵਾ ਤ   ਜਾ ਪ   ਸਾ ਹਿ ਬ   ਜਾਂ   ਜਾ ਪੁ   ਸਾ ਹਿ ਬ   ਨਾ ਲ   ਹੁ ੰ ਦੀ   ਹੈ   I",55,23
"ਕੋਨਸਤਨਾ ਮੁਫ਼ਤੀ ਜੋ ਕਿ ਸਮੁਦਾਇ ਦਾ ਮੁੱਖ ਪ੍ਰਤੀਨਿਧ ਹੁੰਦਾ ਹੈ, ਓਹ ਇਮਾਮਾ ਦੇ ਵਜੋਂ ਇੱਕ ਗੁਪਤ ਮਤਦਾਨ ਨਾਲ ਚੁਣੀਆਂ ਜਾਂਦਾ ਹੈ I","ਕੋ ਨ ਸ ਤ ਨਾ   ਮੁ ਫ਼ ਤੀ   ਜੋ   ਕਿ   ਸ ਮੁ ਦਾ ਇ   ਦਾ   ਮੁ ੱ ਖ   ਪ੍ਰ ਤੀ ਨਿ ਧ   ਹੁ ੰ ਦਾ   ਹੈ ,   ਓ ਹ   ਇ ਮਾ ਮਾ   ਦੇ   ਵ ਜੋਂ   ਇ ੱ ਕ   ਗੁ ਪ ਤ   ਮ ਤ ਦਾ ਨ   ਨਾ ਲ   ਚੁ ਣੀ ਆ ਂ   ਜਾਂ ਦਾ   ਹੈ   I",55,22
"ਅਹਿੰਸਾ ਦਾ ਧਾਰਮਿਕ ਅਧਾਰ , ਸਭ ਤੋਂ ਸਰਵੋਤਮ ਧਾਰਮਿਕ ਸੇਵਾ, ਕੁੱਛ ਜੈਨੀ ਵਿਧਵਾਨਾ ਵਜੋਂ ਵਿਆਖਿਆ ਕਿਤਾ ਗਿਆ ਸੀ ""ਹੋਰ ਜੀਵਾਂ ਨੂੰ ਦੇਣ ਜਾਂ ਦਇਆ ਕਰਨ ਦੀ ਯੋਗਤਾ ਦੁਆਰਾ ਚਲਾਇਆ ਜਾ ਸਕਦਾ ਹੈ, ਨਾ ਹੀ ਸਾਰੇ ਜੀਵਾਂ ਨੂੰ ਬਚਾਉਣ ਦਾ ਫਰਜ਼ ਹੈ, ਪਰ ""ਨਿਰੰਤਰ ਸਵੈ-ਅਨੁਸ਼ਾਸਨ ਦੇ ਨਤੀਜੇ ਵਜੋਂ, ਆਤਮਾ ਦਾ ਸ਼ੂਦਧੀਕਰਨ ਜੋ ਕਿ ਆਪਣਾ ਹੀ ਅਧਿਆਤਮਿਕ ਵਿਕਾਸ, ਕਰਦਾ ਹੈ, ਜੋ ਆਖਰੀਰਕਾਰ, ਵਿਅਕਤੀ ਦੇ ਮੋਕਸ਼ ਅਤੇ ਪੁਨਰਜਨਮ ਨੂੰ ਨੂੰ ਪ੍ਰਭਾਵਿਤ ਕਰਦਾ ਹੈ I","ਅ ਹਿ ੰ ਸਾ   ਦਾ   ਧਾ ਰ ਮਿ ਕ   ਅ ਧਾ ਰ   ,   ਸ ਭ   ਤੋਂ   ਸ ਰ ਵੋ ਤ ਮ   ਧਾ ਰ ਮਿ ਕ   ਸੇ ਵਾ ,   ਕੁ ੱ ਛ   ਜੈ ਨੀ   ਵਿ ਧ ਵਾ ਨਾ   ਵ ਜੋਂ   ਵਿ ਆ ਖਿ ਆ   ਕਿ ਤਾ   ਗਿ ਆ   ਸੀ   "" ਹੋ ਰ   ਜੀ ਵਾਂ   ਨੂ ੰ   ਦੇ ਣ   ਜਾਂ   ਦ ਇ ਆ   ਕ ਰ ਨ   ਦੀ   ਯੋ ਗ ਤਾ   ਦੁ ਆ ਰਾ   ਚ ਲਾ ਇ ਆ   ਜਾ   ਸ ਕ ਦਾ   ਹੈ ,   ਨਾ   ਹੀ   ਸਾ ਰੇ   ਜੀ ਵਾਂ   ਨੂ ੰ   ਬ ਚਾ ਉ ਣ   ਦਾ   ਫ ਰ ਜ ਼   ਹੈ ,   ਪ ਰ   "" ਨਿ ਰ ੰ ਤ ਰ   ਸ ਵੈ - ਅ ਨੁ ਸ ਼ ਾ ਸ ਨ   ਦੇ   ਨ ਤੀ ਜੇ   ਵ ਜੋਂ ,   ਆ ਤ ਮਾ   ਦਾ   ਸ਼ੂ ਦ ਧੀ ਕ ਰ ਨ   ਜੋ   ਕਿ   ਆ ਪ ਣਾ   ਹੀ   ਅ ਧਿ ਆ ਤ ਮਿ ਕ   ਵਿ ਕਾ ਸ ,   ਕ ਰ ਦਾ   ਹੈ ,   ਜੋ   ਆ ਖ ਰੀ ਰ ਕਾ ਰ ,   ਵਿ ਅ ਕ ਤੀ   ਦੇ   ਮੋ ਕ ਸ਼   ਅ ਤੇ   ਪੁ ਨ ਰ ਜ ਨ ਮ   ਨੂ ੰ   ਨੂ ੰ   ਪ੍ਰ ਭਾ ਵਿ ਤ   ਕ ਰ ਦਾ   ਹੈ   I",193,71
ਮੁਗ਼ਲ ਰਾਜ ਦੌਰਾਨ ਕਈ ਸਿੱਖੀ ਸ਼ਾਖਾਵਾਂ ਦੀ ਸ਼ੁਰੂਵਾਤ ਹੋਈ ਸੀ I,ਮੁ ਗ਼ ਲ   ਰਾ ਜ   ਦੌ ਰਾ ਨ   ਕ ਈ   ਸਿ ੱ ਖੀ   ਸ ਼ ਾ ਖਾ ਵਾਂ   ਦੀ   ਸ਼ੁ ਰੂ ਵਾ ਤ   ਹੋ ਈ   ਸੀ   I,27,11
ਅਲਾਈ ਯੁੱਗ ਵਿੱਚ ਮਾਮੂਕ ਰਾਜ ਦੀ ਪੁਰਾਣੀ ਕੁਲੀਨ ਦੀ ਤਬਾਹੀ ਹੋਈ ਸੀ I,ਅ ਲਾ ਈ   ਯੁ ੱ ਗ   ਵਿ ੱ ਚ   ਮਾ ਮੂ ਕ   ਰਾ ਜ   ਦੀ   ਪੁ ਰਾ ਣੀ   ਕੁ ਲੀ ਨ   ਦੀ   ਤ ਬਾ ਹੀ   ਹੋ ਈ   ਸੀ   I,29,13
ਅੰਮ੍ਰਿਤਸਰ ਦੇ ਹਰਿਮੰਦਰ ਸਾਹਿਬ ਤੇ ਹਜ਼ੂਰ ਸਾਹਿਬ ਉਧਾਰਨ ਹਨ I,ਅ ੰ ਮ੍ਰਿ ਤ ਸ ਰ   ਦੇ   ਹ ਰਿ ਮ ੰ ਦ ਰ   ਸਾ ਹਿ ਬ   ਤੇ   ਹ ਜ਼ ੂ ਰ   ਸਾ ਹਿ ਬ   ਉ ਧਾ ਰ ਨ   ਹ ਨ   I,31,10
"ਫੇਨੇਕ ਦਾਅਵਾ ਕਰਦੇ ਹਨ, ""ਭਾਰਤੀ ਮਿਥਿਹਾਸ ਸਿੱਖ ਪਵਿੱਤਰ ਸਿਧਾਂਤ, ਗੁਰੂ ਗ੍ਰੰਥ ਸਾਹਿਬ ਅਤੇ ਦੂਜੇ ਮਾਧਮ ਦੇ ਸਿਧਾਂਤ, ਦਸਮ ਗ੍ਰੰਥ ਵਿੱਚ ਪ੍ਰਵੇਸ਼ ਕਰਦਾ ਹੈ ਅਤੇ ਅੱਜ ਦੇ ਸਿੱਖਾਂ ਅਤੇ ਓਨ੍ਹਾਂ ਦੇ ਪੁਰਾਣੇ ਪੂਰਵਜਾਂ ਦੇ ਪਵਿੱਤਰ ਪ੍ਰਤੀਕ ਸ੍ਰਿਸ਼ਟੀ ਵਿੱਚ ਨਾਜ਼ੁਕ ਪਰਮਾਣੂ ਅਤੇ ਪਦਾਰਥ ਜੋੜਦਾ ਹੈ","ਫੇ ਨੇ ਕ   ਦਾ ਅ ਵਾ   ਕ ਰ ਦੇ   ਹ ਨ ,   "" ਭਾ ਰ ਤੀ   ਮਿ ਥਿ ਹਾ ਸ   ਸਿ ੱ ਖ   ਪ ਵਿ ੱ ਤ ਰ   ਸਿ ਧਾਂ ਤ ,   ਗੁ ਰੂ   ਗ੍ਰ ੰ ਥ   ਸਾ ਹਿ ਬ   ਅ ਤੇ   ਦੂ ਜੇ   ਮਾ ਧ ਮ   ਦੇ   ਸਿ ਧਾਂ ਤ ,   ਦ ਸ ਮ   ਗ੍ਰ ੰ ਥ   ਵਿ ੱ ਚ   ਪ੍ਰ ਵੇ ਸ ਼   ਕ ਰ ਦਾ   ਹੈ   ਅ ਤੇ   ਅ ੱ ਜ   ਦੇ   ਸਿ ੱ ਖਾਂ   ਅ ਤੇ   ਓ ਨ੍ਹਾਂ   ਦੇ   ਪੁ ਰਾ ਣੇ   ਪੂ ਰ ਵ ਜਾਂ   ਦੇ   ਪ ਵਿ ੱ ਤ ਰ   ਪ੍ਰ ਤੀ ਕ   ਸ੍ਰਿ ਸ਼ ਟੀ   ਵਿ ੱ ਚ   ਨਾ ਜ ਼ ੁ ਕ   ਪ ਰ ਮਾ ਣੂ   ਅ ਤੇ   ਪ ਦਾ ਰ ਥ   ਜੋ ੜ ਦਾ   ਹੈ",124,43
"""","""",1,1
"ਇਹ ਬਿਰਤਾਂਤਾਂ ਰਚਨਾ ਮਿਥਿਹਾਸ ਵਜੋਂ ਕੰਮ ਕਰਦੇ ਹਨ, ਇਹ ਸਮਝਾਉਣਦੇ ਹਨ ਕਿ ਪਾਠਸ਼ਾਲਾ ਕਿਵੇਂ ਬਣੇ ਅਤੇ ਕਿਉਂ ਇਨ੍ਹਾਂ ਕੋਲ ਇੱਕ ਵਿਸ਼ੇਸ਼ ਅਧਿਕਾਰ ਹੈ ਬੁੱਧ ਦੀ ਸਿੱਖਿਆਵਾਂ ਨੂੰ ਵਿਅਕਤ ਕਰਣ ਦਾ I","ਇ ਹ   ਬਿ ਰ ਤਾਂ ਤਾਂ   ਰ ਚ ਨਾ   ਮਿ ਥਿ ਹਾ ਸ   ਵ ਜੋਂ   ਕ ੰ ਮ   ਕ ਰ ਦੇ   ਹ ਨ ,   ਇ ਹ   ਸ ਮ ਝਾ ਉ ਣ ਦੇ   ਹ ਨ   ਕਿ   ਪਾ ਠ ਸ਼ਾ ਲਾ   ਕਿ ਵੇਂ   ਬ ਣੇ   ਅ ਤੇ   ਕਿ ਉ ਂ   ਇ ਨ੍ਹਾਂ   ਕੋ ਲ   ਇ ੱ ਕ   ਵਿ ਸ ਼ ੇ ਸ ਼   ਅ ਧਿ ਕਾ ਰ   ਹੈ   ਬੁ ੱ ਧ   ਦੀ   ਸਿ ੱ ਖਿ ਆ ਵਾਂ   ਨੂ ੰ   ਵਿ ਅ ਕ ਤ   ਕ ਰ ਣ   ਦਾ   I",86,31
"ਇਨ੍ਹਾਂ ਪਾਠ ਸ਼੍ਰੇਣੀਆਂ ਦੇ ਉਲਟ, ਕਈ ਪੂਜਨੀਕ ਹਿੰਦੂ ਪਾਠ ਅਤੇ ਸਿਧਾਂਤ ਇਸ ਸਮਾਜਿਕ ਵਰਗੀਕਰਨ ਨੂੰ ਪ੍ਰਸ਼ਨ ਕਰਦੇ ਹਨ ਅਤੇ ਅਸੰਮਤੀ ਰੱਖਦੇ ਹਨ I","ਇ ਨ੍ਹਾਂ   ਪਾ ਠ   ਸ ਼ ੍ ਰੇ ਣੀ ਆ ਂ   ਦੇ   ਉ ਲ ਟ ,   ਕ ਈ   ਪੂ ਜ ਨੀ ਕ   ਹਿ ੰ ਦੂ   ਪਾ ਠ   ਅ ਤੇ   ਸਿ ਧਾਂ ਤ   ਇ ਸ   ਸ ਮਾ ਜਿ ਕ   ਵ ਰ ਗੀ ਕ ਰ ਨ   ਨੂ ੰ   ਪ੍ਰ ਸ਼ ਨ   ਕ ਰ ਦੇ   ਹ ਨ   ਅ ਤੇ   ਅ ਸ ੰ ਮ ਤੀ   ਰ ੱ ਖ ਦੇ   ਹ ਨ   I",68,23
"ਫਿਨਿਸ਼ ਇਸਲਾਮਿਕ ਸੰਘ, ਜੋ ਕਿ 1925 ਵਿੱਚ ਸਥਾਪਿਤ ਹੋਈਆਂ ਸੀ ਸਭ ਤੋਂ ਪੁਰਾਣਾ ਹੈ I","ਫਿ ਨਿ ਸ ਼   ਇ ਸ ਲਾ ਮਿ ਕ   ਸ ੰ ਘ ,   ਜੋ   ਕਿ   1 9 2 5   ਵਿ ੱ ਚ   ਸ ਥਾ ਪਿ ਤ   ਹੋ ਈ ਆ ਂ   ਸੀ   ਸ ਭ   ਤੋਂ   ਪੁ ਰਾ ਣਾ   ਹੈ   I",39,15
"ਮੋਰੀਡਸ ਦੀ ਇੱਕ ਮਹਿਲਾ ਮੋਰੀਡਸ ਹੋਈ ਹੈ, ਸੋਖਣਾ ਮਾਗਾਟ ਡਿਓਪ, ਜਿਸਨੇ ਆਪਣੇ ਪਿਤਾ ਦੀ ਪਦਵੀ ਵਿਰਾਸਤ ਵਿੱਚ ਪ੍ਰਾਪਤ ਕਿਤੀ I","ਮੋ ਰੀ ਡ ਸ   ਦੀ   ਇ ੱ ਕ   ਮ ਹਿ ਲਾ   ਮੋ ਰੀ ਡ ਸ   ਹੋ ਈ   ਹੈ ,   ਸੋ ਖ ਣਾ   ਮਾ ਗਾ ਟ   ਡਿ ਓ ਪ ,   ਜਿ ਸ ਨੇ   ਆ ਪ ਣੇ   ਪਿ ਤਾ   ਦੀ   ਪ ਦ ਵੀ   ਵਿ ਰਾ ਸ ਤ   ਵਿ ੱ ਚ   ਪ੍ਰਾ ਪ ਤ   ਕਿ ਤੀ   I",54,20
"ਖਾਸ ਤੌਰ ਤੇ, ਅਗੇਤਾ ਅਜੋਕੇ ਸਪੈਨ ਵਿੱਚ, ਕਈ ਨਨ ਉੱਚ ਵਰਗੇ ਘਰਾਂ ਤੋਂ ਹੁੰਦੀਆਂ ਸਨ ਜਿਨ੍ਹਾਂ ਕੋਲ ਕਾਨਵੇਂਟ ਦਾ ਦਾਜ ਅਤੇ ""ਦੇਖਭਾਲ ਮੁਅੱਤਲ "" ਜੋ ਕਿ ਸਲਾਨਾ ਫੀਸ ਹੁੰਦੀ ਸੀ, ਓਹ ਦੇਣ ਦੀ ਸਮਰਥਾਂ ਸੀ I","ਖਾ ਸ   ਤੌ ਰ   ਤੇ ,   ਅ ਗੇ ਤਾ   ਅ ਜੋ ਕੇ   ਸ ਪੈ ਨ   ਵਿ ੱ ਚ ,   ਕ ਈ   ਨ ਨ   ਉ ੱ ਚ   ਵ ਰ ਗੇ   ਘ ਰਾਂ   ਤੋਂ   ਹੁ ੰ ਦੀ ਆ ਂ   ਸ ਨ   ਜਿ ਨ੍ਹਾਂ   ਕੋ ਲ   ਕਾ ਨ ਵੇਂ ਟ   ਦਾ   ਦਾ ਜ   ਅ ਤੇ   "" ਦੇ ਖ ਭਾ ਲ   ਮੁ ਅ ੱ ਤ ਲ   ""   ਜੋ   ਕਿ   ਸ ਲਾ ਨਾ   ਫੀ ਸ   ਹੁ ੰ ਦੀ   ਸੀ ,   ਓ ਹ   ਦੇ ਣ   ਦੀ   ਸ ਮ ਰ ਥਾਂ   ਸੀ   I",86,36
"ਇਨਯੂਟ ਦੀਆਂ ਪਰੰਪਰਾਗਤ ਕਹਾਣੀਆਂ, ਰੀਤੀ ਰਿਵਾਜ ਅਤੇ ਮਨਾਹੀਆਂ ਓਨ੍ਹਾਂ ਦੇ ਕਠੋਰ ਆਰਕਟਿਕ ਵਾਤਾਵਰਣ ਤੋਂ ਬਚਣ ਲਈ ਸਾਵਧਾਨੀਆਂ ਹਨ I","ਇ ਨ ਯੂ ਟ   ਦੀ ਆ ਂ   ਪ ਰ ੰ ਪ ਰਾ ਗ ਤ   ਕ ਹਾ ਣੀ ਆ ਂ ,   ਰੀ ਤੀ   ਰਿ ਵਾ ਜ   ਅ ਤੇ   ਮ ਨਾ ਹੀ ਆ ਂ   ਓ ਨ੍ਹਾਂ   ਦੇ   ਕ ਠੋ ਰ   ਆ ਰ ਕ ਟਿ ਕ   ਵਾ ਤਾ ਵ ਰ ਣ   ਤੋਂ   ਬ ਚ ਣ   ਲ ਈ   ਸਾ ਵ ਧਾ ਨੀ ਆ ਂ   ਹ ਨ   I",63,19
"ਪੂਜਾ ਜਾਂ ਪ੍ਰਾਰਥਨਾ ਦੇ ਸਥਾਨਾਂ ਦੇ ਸੰਦਰਭ ਵਿੱਚ,ਵਾਲਿਸੋਂਗੋ, ਕਪਿਤਾਯਨ ਵਿੱਚ ਸੰਗਗਰ ਸ਼ਬਦ ਦਾ ਪ੍ਰਯੋਗ ਕਰਦੇ ਹਨ, ਜੋ ਕਿ ਚਾਰ-ਵਰਗੀ ਇਮਾਰਤ ਦਰਸਾਉਂਦਾ ਹੈ ਜਿਸ ਦੀ ਕੰਧ ਵਿੱਚ ਖਾਲੀ ਮੋਰੀ ਹੈ ਜੋ ਕਪਿਤਾਯਨ ਵਿੱਚ ਸੰਗ ਹਯਾਂਗ ਤਾਇਆ ਦਾ ਚਿਨ੍ਹ ਹੈ ਨਾਂ ਕਿ ਹਿੰਦੂ ਜਾਂ ਬੁੱਧ ਧਰਮ ਦੀ ਆਰਕਾ ਜਾਂ ਮੂਰਤੀਆਂ I","ਪੂ ਜਾ   ਜਾਂ   ਪ੍ਰਾ ਰ ਥ ਨਾ   ਦੇ   ਸ ਥਾ ਨਾਂ   ਦੇ   ਸ ੰ ਦ ਰ ਭ   ਵਿ ੱ ਚ , ਵਾ ਲਿ ਸੋਂ ਗੋ ,   ਕ ਪਿ ਤਾ ਯ ਨ   ਵਿ ੱ ਚ   ਸ ੰ ਗ ਗ ਰ   ਸ਼ ਬ ਦ   ਦਾ   ਪ੍ਰ ਯੋ ਗ   ਕ ਰ ਦੇ   ਹ ਨ ,   ਜੋ   ਕਿ   ਚਾ ਰ - ਵ ਰ ਗੀ   ਇ ਮਾ ਰ ਤ   ਦ ਰ ਸਾ ਉ ਂ ਦਾ   ਹੈ   ਜਿ ਸ   ਦੀ   ਕ ੰ ਧ   ਵਿ ੱ ਚ   ਖਾ ਲੀ   ਮੋ ਰੀ   ਹੈ   ਜੋ   ਕ ਪਿ ਤਾ ਯ ਨ   ਵਿ ੱ ਚ   ਸ ੰ ਗ   ਹ ਯਾਂ ਗ   ਤਾ ਇ ਆ   ਦਾ   ਚਿ ਨ੍ਹ   ਹੈ   ਨਾਂ   ਕਿ   ਹਿ ੰ ਦੂ   ਜਾਂ   ਬੁ ੱ ਧ   ਧ ਰ ਮ   ਦੀ   ਆ ਰ ਕਾ   ਜਾਂ   ਮੂ ਰ ਤੀ ਆ ਂ   I",130,49
"ਵਿਭਚਾਰ ਨੂੰ ਈਸਾਈਆਂ ਦੁਆਰਾ ਅਨੈਤਿਕ ਮੰਨਿਆ ਜਾਂਦਾ ਹੈ ਅਤੇ ਇੱਕ ਪਾਪ, ਮੁੱਖ ਤੌਰ 'ਤੇ ਕੂਚ 20:14 ਅਤੇ ਕੁਰਿੰਥੀਆਂ 6:910 ਵਰਗੇ ਅੰਸ਼ਾਂ 'ਤੇ ਆਧਾਰਿਤ ਹੈ","ਵਿ ਭ ਚਾ ਰ   ਨੂ ੰ   ਈ ਸਾ ਈ ਆ ਂ   ਦੁ ਆ ਰਾ   ਅ ਨੈ ਤਿ ਕ   ਮ ੰ ਨਿ ਆ   ਜਾਂ ਦਾ   ਹੈ   ਅ ਤੇ   ਇ ੱ ਕ   ਪਾ ਪ ,   ਮੁ ੱ ਖ   ਤੌ ਰ   ' ਤੇ   ਕੂ ਚ   2 0 : 1 4   ਅ ਤੇ   ਕੁ ਰਿ ੰ ਥੀ ਆ ਂ   6 : 9 1 0   ਵ ਰ ਗੇ   ਅ ੰ ਸ਼ਾਂ   ' ਤੇ   ਆ ਧਾ ਰਿ ਤ   ਹੈ",73,24
"ਉਸਨੇ ਆਪਣੀ ਮਾਂ ਨੂੰ, ਗੈਰ ਧਾਰਮਿਕ ਮਾਪਿਆਂ ਦੁਆਰਾ ਪਾਲਿਆ ਗਿਆ ਦੱਸਿਆ, ""ਪਰਮ ਤੋਂ ਨਿਰਲੇਪ"" ਦੱਸਿਆ, ਫਿਰ ਵੀ ਕਈ ਤਰੀਕਿਆਂ ਨਾਲ ਸਭ ਤੋਂ ਵੱਧ ""ਅਧਿਆਤਮਿਕ ਤੌਰ 'ਤੇ ਜਾਗਰੂਕ ਵਿਅਕਤੀ ਜਿਸਨੂੰ ਮੈਂ ਕਦੇ ਜਾਣਿਆ ਹੈ"", ਅਤੇ ""ਧਰਮ ਨਿਰਪੱਖ ਮਾਨਵ-ਵਾਦ ਲਈ ਇਕੱਲੇ ਗਵਾਹ"" ਵਜੋਂ ਵਰਣਨ ਕੀਤਾ ਹੈ","ਉ ਸ ਨੇ   ਆ ਪ ਣੀ   ਮਾਂ   ਨੂ ੰ ,   ਗੈ ਰ   ਧਾ ਰ ਮਿ ਕ   ਮਾ ਪਿ ਆ ਂ   ਦੁ ਆ ਰਾ   ਪਾ ਲਿ ਆ   ਗਿ ਆ   ਦ ੱ ਸਿ ਆ ,   "" ਪ ਰ ਮ   ਤੋਂ   ਨਿ ਰ ਲੇ ਪ ""   ਦ ੱ ਸਿ ਆ ,   ਫਿ ਰ   ਵੀ   ਕ ਈ   ਤ ਰੀ ਕਿ ਆ ਂ   ਨਾ ਲ   ਸ ਭ   ਤੋਂ   ਵ ੱ ਧ   "" ਅ ਧਿ ਆ ਤ ਮਿ ਕ   ਤੌ ਰ   ' ਤੇ   ਜਾ ਗ ਰੂ ਕ   ਵਿ ਅ ਕ ਤੀ   ਜਿ ਸ ਨੂ ੰ   ਮੈਂ   ਕ ਦੇ   ਜਾ ਣਿ ਆ   ਹੈ "" ,   ਅ ਤੇ   "" ਧ ਰ ਮ   ਨਿ ਰ ਪ ੱ ਖ   ਮਾ ਨ ਵ - ਵਾ ਦ   ਲ ਈ   ਇ ਕ ੱ ਲੇ   ਗ ਵਾ ਹ ""   ਵ ਜੋਂ   ਵ ਰ ਣ ਨ   ਕੀ ਤਾ   ਹੈ",134,44
"""","""",1,1
"""ਦੁਨਿਆਵੀ ਗਿਆਨ ਨੂੰ ਪਿਆਰ ਕਰੋ ਅਤੇ ਸਤਿਕਾਰ ਕਰੋ"", ਉਪਨਿਸ਼ਦ ਦੀ ਧਾਰਾ 7",""" ਦੁ ਨਿ ਆ ਵੀ   ਗਿ ਆ ਨ   ਨੂ ੰ   ਪਿ ਆ ਰ   ਕ ਰੋ   ਅ ਤੇ   ਸ ਤਿ ਕਾ ਰ   ਕ ਰੋ "" ,   ਉ ਪ ਨਿ ਸ਼ ਦ   ਦੀ   ਧਾ ਰਾ   7",34,12
"1 ਵਿੱਚ ਸਨਾਤਕੁਮਰਾ ਦੀ ਜਾਇਦਾਦ, "" ਪਰ ਨਾਮ ਦੇ ਉਸ ਸਾਰੇ ਗਿਆਨ 'ਤੇ, ਬ੍ਰਾਹਮਣ ਰੂਪ ਵਿੱਚ ਮੱਧਮ ਕਰੋ""","1   ਵਿ ੱ ਚ   ਸ ਨਾ ਤ ਕੁ ਮ ਰਾ   ਦੀ   ਜਾ ਇ ਦਾ ਦ ,   ""   ਪ ਰ   ਨਾ ਮ   ਦੇ   ਉ ਸ   ਸਾ ਰੇ   ਗਿ ਆ ਨ   ' ਤੇ ,   ਬ੍ਰਾ ਹ ਮ ਣ   ਰੂ ਪ   ਵਿ ੱ ਚ   ਮ ੱ ਧ ਮ   ਕ ਰੋ """,48,18
ਮੰਤਰ ਤੈਤ੍ਰੀਆ ਉਪਨਿਸ਼ਦ ਸਿੱਖਿਆਵਲੀ I,ਮ ੰ ਤ ਰ   ਤੈ ਤ੍ਰੀ ਆ   ਉ ਪ ਨਿ ਸ਼ ਦ   ਸਿ ੱ ਖਿ ਆ ਵ ਲੀ   I,19,5
11,1 1,2,1
"2, ਦੇ ਹਨ, ਜੋ ਕਹਿੰਦੇ ਹਨ: ਮਤਰੁਦੇਵੋ ਭਵ, ਮਿਤਰਾਦੇਵੋ ਭਵ, ਪਿਤਰੁਦੇਵੋ ਭਵ, ਪੁਤਰਾਦੇਵੋ ਭਵ, ਆਚਾਰੀਆਦੇਵੋ ਭਵ, ਅਤਿਥੀਦੇਵੋ ਭਵ","2 ,   ਦੇ   ਹ ਨ ,   ਜੋ   ਕ ਹਿ ੰ ਦੇ   ਹ ਨ :   ਮ ਤ ਰੁ ਦੇ ਵੋ   ਭ ਵ ,   ਮਿ ਤ ਰਾ ਦੇ ਵੋ   ਭ ਵ ,   ਪਿ ਤ ਰੁ ਦੇ ਵੋ   ਭ ਵ ,   ਪੁ ਤ ਰਾ ਦੇ ਵੋ   ਭ ਵ ,   ਆ ਚਾ ਰੀ ਆ ਦੇ ਵੋ   ਭ ਵ ,   ਅ ਤਿ ਥੀ ਦੇ ਵੋ   ਭ ਵ",62,18
ਭਾਰਤ ਨੇ 1920 ਵਿੱਚ ਆਪਣੀ ਪਹਿਲੀ ਰਾਸ਼ਟਰੀ ਟੀਮ ਨੂੰ ਓਲੰਪਿਕ ਵਿੱਚ ਭੇਜਿਆ ਅਤੇ ਉਦੋਂ ਤੋਂ ਹਰ ਗਰਮੀਆਂ ਦੀਆਂ ਓਲੰਪਿਕ ਖੇਡਾਂ ਵਿੱਚ ਹਿੱਸਾ ਲਿਆ,ਭਾ ਰ ਤ   ਨੇ   1 9 2 0   ਵਿ ੱ ਚ   ਆ ਪ ਣੀ   ਪ ਹਿ ਲੀ   ਰਾ ਸ਼ ਟ ਰੀ   ਟੀ ਮ   ਨੂ ੰ   ਓ ਲ ੰ ਪਿ ਕ   ਵਿ ੱ ਚ   ਭੇ ਜਿ ਆ   ਅ ਤੇ   ਉ ਦੋਂ   ਤੋਂ   ਹ ਰ   ਗ ਰ ਮੀ ਆ ਂ   ਦੀ ਆ ਂ   ਓ ਲ ੰ ਪਿ ਕ   ਖੇ ਡਾਂ   ਵਿ ੱ ਚ   ਹਿ ੱ ਸਾ   ਲਿ ਆ,66,23
ਏਅਰ ਗਣ ਲੰਬੀ ਬੰਦੂਕ (ਏਅਰ ਰਾਈਫ਼ਲ) ਅਤੇ ਹੈਂਡਗਨ (ਏਅਰ ਪਿਸਟਲ) ਦੋਵਾਂ ਰੂਪਾਂ ਵਿੱਚ ਆਉਂਦੀਆਂ ਹਨ,ਏ ਅ ਰ   ਗ ਣ   ਲ ੰ ਬੀ   ਬ ੰ ਦੂ ਕ   ( ਏ ਅ ਰ   ਰਾ ਈ ਫ਼ ਲ )   ਅ ਤੇ   ਹੈਂ ਡ ਗ ਨ   ( ਏ ਅ ਰ   ਪਿ ਸ ਟ ਲ )   ਦੋ ਵਾਂ   ਰੂ ਪਾਂ   ਵਿ ੱ ਚ   ਆ ਉ ਂ ਦੀ ਆ ਂ   ਹ ਨ,51,15
"ਮਿਲਖਾ ਸਿੰਘ ਇੱਕ ਹੀ ਖਿਡਾਰੀ ਸੀ ਜਿਨ੍ਹਾਂ ਨੇ ਰਾਸ਼ਟਰਮੰਡਲ ਖੇਡਾਂ ਵਿੱਚ ਵਿਅਕਤੀਗਤ ਸੋਨ ਤਗਮਾ ਪ੍ਰਾਪਤ ਕਿਤਾ, ਪਰ 2010 ਦੀ ਰਾਸ਼ਟਰਮੰਡਲ ਖੇਡਾਂ ਵਿੱਚ ਕ੍ਰਿਸ਼ਣਾ ਪੁਨਿਆ ਨੇ ਮਹਿਲਾ ਵਰਗ ਦੇ ਡਿਸਕਸ ਥ੍ਰੋ ਵਿੱਚ ਸੋਨ ਤਗਮਾ ਜਿੱਤ ਕੇ ਇਤਹਾਸ ਰੱਚ ਦਿੱਤਾ ਅਤੇ ਭਾਰਤ ਵਿੱਚ 52 ਸਾਲਾਂ ਬਾਅਦ ਪਹਿਲੀ ਮਹਿਲਾ ਬਣੀ ਜਿਸ ਨੇ ਰਾਸ਼ਟਰਮੰਡਲ ਖੇਡਾਂ, ਅਥਲੈਟਿਕਸ ਵਿੱਚ ਸੋਨ ਪ੍ਰਾਪਤ ਕਿਤਾ I","ਮਿ ਲ ਖਾ   ਸਿ ੰ ਘ   ਇ ੱ ਕ   ਹੀ   ਖਿ ਡਾ ਰੀ   ਸੀ   ਜਿ ਨ੍ਹਾਂ   ਨੇ   ਰਾ ਸ ਼ ਟ ਰ ਮ ੰ ਡ ਲ   ਖੇ ਡਾਂ   ਵਿ ੱ ਚ   ਵਿ ਅ ਕ ਤੀ ਗ ਤ   ਸੋ ਨ   ਤ ਗ ਮਾ   ਪ੍ਰਾ ਪ ਤ   ਕਿ ਤਾ ,   ਪ ਰ   2 0 1 0   ਦੀ   ਰਾ ਸ ਼ ਟ ਰ ਮ ੰ ਡ ਲ   ਖੇ ਡਾਂ   ਵਿ ੱ ਚ   ਕ੍ਰਿ ਸ਼ ਣਾ   ਪੁ ਨਿ ਆ   ਨੇ   ਮ ਹਿ ਲਾ   ਵ ਰ ਗ   ਦੇ   ਡਿ ਸ ਕ ਸ   ਥ੍ਰੋ   ਵਿ ੱ ਚ   ਸੋ ਨ   ਤ ਗ ਮਾ   ਜਿ ੱ ਤ   ਕੇ   ਇ ਤ ਹਾ ਸ   ਰ ੱ ਚ   ਦਿ ੱ ਤਾ   ਅ ਤੇ   ਭਾ ਰ ਤ   ਵਿ ੱ ਚ   5 2   ਸਾ ਲਾਂ   ਬਾ ਅ ਦ   ਪ ਹਿ ਲੀ   ਮ ਹਿ ਲਾ   ਬ ਣੀ   ਜਿ ਸ   ਨੇ   ਰਾ ਸ ਼ ਟ ਰ ਮ ੰ ਡ ਲ   ਖੇ ਡਾਂ ,   ਅ ਥ ਲੈ ਟਿ ਕ ਸ   ਵਿ ੱ ਚ   ਸੋ ਨ   ਪ੍ਰਾ ਪ ਤ   ਕਿ ਤਾ   I",165,57
"ਅੰਜੂ ਦਾ ਵਿਆਹ ਰੌਬਰਟ ਬੌਬੀ ਜਾਰਜ ਨਾਲ ਹੋਇਆ ਹੈ, ਜੋ ਤੀਹਰੀ ਛਾਲ ਵਿੱਚ ਸਾਬਕਾ ਰਾਸ਼ਟਰੀ ਚੈਂਪੀਅਨ ਹੈ ਅਤੇ ਉਸਦਾ ਕੋਚ ਵੀ ਹੈ","ਅ ੰ ਜੂ   ਦਾ   ਵਿ ਆ ਹ   ਰੌ ਬ ਰ ਟ   ਬੌ ਬੀ   ਜਾ ਰ ਜ   ਨਾ ਲ   ਹੋ ਇ ਆ   ਹੈ ,   ਜੋ   ਤੀ ਹ ਰੀ   ਛਾ ਲ   ਵਿ ੱ ਚ   ਸਾ ਬ ਕਾ   ਰਾ ਸ਼ ਟ ਰੀ   ਚੈਂ ਪੀ ਅ ਨ   ਹੈ   ਅ ਤੇ   ਉ ਸ ਦਾ   ਕੋ ਚ   ਵੀ   ਹੈ",53,22
2,2,1,1
0 ਮੀਟਰ ਪ੍ਰਤੀ ਸਕਿੰਟ ਤੋਂ ਵੱਧ ਦੀ ਹਵਾ ਦੇ ਨਾਲ ਕੋਈ ਵੀ ਪ੍ਰਦਰਸ਼ਨ ਰਿਕਾਰਡ ਉਦੇਸ਼ਾਂ ਲਈ ਨਹੀਂ ਗਿਣਿਆ ਜਾਂਦਾ ਹੈ,0   ਮੀ ਟ ਰ   ਪ੍ਰ ਤੀ   ਸ ਕਿ ੰ ਟ   ਤੋਂ   ਵ ੱ ਧ   ਦੀ   ਹ ਵਾ   ਦੇ   ਨਾ ਲ   ਕੋ ਈ   ਵੀ   ਪ੍ਰ ਦ ਰ ਸ਼ ਨ   ਰਿ ਕਾ ਰ ਡ   ਉ ਦੇ ਸ਼ਾਂ   ਲ ਈ   ਨ ਹੀਂ   ਗਿ ਣਿ ਆ   ਜਾਂ ਦਾ   ਹੈ,45,20
"1 ਜਨਵਰੀ 2010 ਦੇ ਤੌਰ 'ਤੇ, ਮਰਦਾਂ ਨੂੰ ਸਿਰਫ਼ ਲੱਕ ਤੋਂ ਗੋਡਿਆਂ ਤੱਕ ਦਾ ਸੂਟ ਪਹਿਨਣ ਦੀ ਇਜਾਜ਼ਤ ਹੈ","1   ਜ ਨ ਵ ਰੀ   2 0 1 0   ਦੇ   ਤੌ ਰ   ' ਤੇ ,   ਮ ਰ ਦਾਂ   ਨੂ ੰ   ਸਿ ਰ ਫ਼   ਲ ੱ ਕ   ਤੋਂ   ਗੋ ਡਿ ਆ ਂ   ਤ ੱ ਕ   ਦਾ   ਸੂ ਟ   ਪ ਹਿ ਨ ਣ   ਦੀ   ਇ ਜਾ ਜ਼ ਤ   ਹੈ",47,19
ਬ੍ਰਿਸਟਲ ਬਿਏਰਸ (ਰਗਬੀ ਯੂਨੀਅਨ)ਅਤੇ ਗਲੋਸਟਰਸ਼ਾਇਰ ਕਾਉਂਟੀ ਕ੍ਰਿਕਟ ਕਲੱਬ ਵੀ ਸ਼ਿਹਰ ਵਿੱਚ ਸਥਿਤ ਹਨ I,ਬ੍ਰਿ ਸ ਟ ਲ   ਬਿ ਏ ਰ ਸ   ( ਰ ਗ ਬੀ   ਯੂ ਨੀ ਅ ਨ ) ਅ ਤੇ   ਗ ਲੋ ਸ ਟ ਰ ਸ ਼ ਾ ਇ ਰ   ਕਾ ਉ ਂ ਟੀ   ਕ੍ਰਿ ਕ ਟ   ਕ ਲ ੱ ਬ   ਵੀ   ਸ਼ਿ ਹ ਰ   ਵਿ ੱ ਚ   ਸ ਥਿ ਤ   ਹ ਨ   I,53,14
"2014 ਵਿੱਚ, ਸਿੰਗਾਪੁਰ ਟੇਬਲ ਟੈਨਿਸ ਸੰਗਠਨ ਦੇ ਪ੍ਰਧਾਨ ਲੀ ਬੀ ਵਾਹ ਨੇ ਇਸ ਮੁੱਦੇ ਤੇ ਆਪਣਾ ਅਸਤੀਫਾ ਦੇ ਦਿੱਤਾ; ਉਸ ਦੀ ਉੱਤਰਾਧਿਕਾਰੀ, ਏਲਨ ਲੀਈ ਨੇ ਬਾਅਦ ਵਿੱਚ, ਚੀਨ ਵਿੱਚ ਪੈਦਾ ਹੋਏ ਪੈਡਲਰ ਜ਼ੇਂਗ ਜਿਆਨ ਦੀ ਨਾਗਰਿਕਤਾ ਦੀ ਅਰਜ਼ੀ ਦਾ ਸਮਰਥਨ ਕੀਤਾ","2 0 1 4   ਵਿ ੱ ਚ ,   ਸਿ ੰ ਗਾ ਪੁ ਰ   ਟੇ ਬ ਲ   ਟੈ ਨਿ ਸ   ਸ ੰ ਗ ਠ ਨ   ਦੇ   ਪ੍ਰ ਧਾ ਨ   ਲੀ   ਬੀ   ਵਾ ਹ   ਨੇ   ਇ ਸ   ਮੁ ੱ ਦੇ   ਤੇ   ਆ ਪ ਣਾ   ਅ ਸ ਤੀ ਫਾ   ਦੇ   ਦਿ ੱ ਤਾ ;   ਉ ਸ   ਦੀ   ਉ ੱ ਤ ਰਾ ਧਿ ਕਾ ਰੀ ,   ਏ ਲ ਨ   ਲੀ ਈ   ਨੇ   ਬਾ ਅ ਦ   ਵਿ ੱ ਚ ,   ਚੀ ਨ   ਵਿ ੱ ਚ   ਪੈ ਦਾ   ਹੋ ਏ   ਪੈ ਡ ਲ ਰ   ਜ ਼ ੇ ਂ ਗ   ਜਿ ਆ ਨ   ਦੀ   ਨਾ ਗ ਰਿ ਕ ਤਾ   ਦੀ   ਅ ਰ ਜ ਼ ੀ   ਦਾ   ਸ ਮ ਰ ਥ ਨ   ਕੀ ਤਾ",116,41
"1920 ਦੇ ਦਹਾਕੇ ਤੋਂ, ਪੇਸ਼ੇਵਰ ਇੰਜੀਨਿਅਰਾਂ ਨੇ ਤੀਰ ਅੰਦਾਜ਼ੀ ਵਿੱਚ ਦਿਲਚਸਪੀ ਲਈ ਹੈ, ਜੋ ਪਹਿਲਾਂ ਰਿਵਾਇਤੀ ਸ਼ਿਲਪਕਾਰੀ ਮਾਹਰਾਂ ਦਾ ਖਾਸ ਡੋਮੇਨ ਸੀ","1 9 2 0   ਦੇ   ਦ ਹਾ ਕੇ   ਤੋਂ ,   ਪੇ ਸ਼ੇ ਵ ਰ   ਇ ੰ ਜੀ ਨਿ ਅ ਰਾਂ   ਨੇ   ਤੀ ਰ   ਅ ੰ ਦਾ ਜ਼ ੀ   ਵਿ ੱ ਚ   ਦਿ ਲ ਚ ਸ ਪੀ   ਲ ਈ   ਹੈ ,   ਜੋ   ਪ ਹਿ ਲਾਂ   ਰਿ ਵਾ ਇ ਤੀ   ਸ਼ਿ ਲ ਪ ਕਾ ਰੀ   ਮਾ ਹ ਰਾਂ   ਦਾ   ਖਾ ਸ   ਡੋ ਮੇ ਨ   ਸੀ",63,22
"ਜੁਆਨ ਮੈਨੂੰਈਲ ਫੈਨਜਿਓ, ਪੰਜ ਵਾਰ ਫੋਰਮੁਲਾ ਵਨ ਦੇ ਵਿਸ਼ਵ ਜੇਤੂ ਹਨ, ਚਾਰ ਅਲੱਗ ਟੀਮਾਂ ਦੇ ਅੰਦਰ, ਓਨ੍ਹਾਂ ਨੇ 184 ਵਿਚੋਂ 102 ਅੰਤਰਰਾਸ਼ਟਰੀ ਰੇਸਾ ਜਿਤਿਆ ਹਨ ਅਤੇ ਸਭ ਤੋਂ ਮਹਾਨ ਡ੍ਰਾਈਵਰ ਮੰਨੇ ਜਾਂਦੇ ਹਨ I","ਜੁ ਆ ਨ   ਮੈ ਨੂ ੰ ਈ ਲ   ਫੈ ਨ ਜਿ ਓ ,   ਪ ੰ ਜ   ਵਾ ਰ   ਫੋ ਰ ਮੁ ਲਾ   ਵ ਨ   ਦੇ   ਵਿ ਸ ਼ ਵ   ਜੇ ਤੂ   ਹ ਨ ,   ਚਾ ਰ   ਅ ਲ ੱ ਗ   ਟੀ ਮਾਂ   ਦੇ   ਅ ੰ ਦ ਰ ,   ਓ ਨ੍ਹਾਂ   ਨੇ   1 8 4   ਵਿ ਚੋਂ   1 0 2   ਅ ੰ ਤ ਰ ਰਾ ਸ਼ ਟ ਰੀ   ਰੇ ਸਾ   ਜਿ ਤਿ ਆ   ਹ ਨ   ਅ ਤੇ   ਸ ਭ   ਤੋਂ   ਮ ਹਾ ਨ   ਡ੍ਰਾ ਈ ਵ ਰ   ਮ ੰ ਨੇ   ਜਾਂ ਦੇ   ਹ ਨ   I",94,34
"ਭਾਰਤ ਵਿੱਚ, ਬੇਘਟੋਨ ਕੱਪ ਅਤੇ ਆਗਾ ਖਾਨ ਟੂਰਨਾਮੈਂਟ ਦੱਸ ਸਾਲਾਂ ਦੇ ਅੰਦਰ ਸ਼ੁਰੂ ਹੋਏ","ਭਾ ਰ ਤ   ਵਿ ੱ ਚ ,   ਬੇ ਘ ਟੋ ਨ   ਕ ੱ ਪ   ਅ ਤੇ   ਆ ਗਾ   ਖਾ ਨ   ਟੂ ਰ ਨਾ ਮੈਂ ਟ   ਦ ੱ ਸ   ਸਾ ਲਾਂ   ਦੇ   ਅ ੰ ਦ ਰ   ਸ਼ੁ ਰੂ   ਹੋ ਏ",39,14
"ਮਈ 2012 ਵਿੱਚ, ਦੀਪਿਕਾ ਕੁਮਾਰੀ ਨੇ ਅੰਤਲਯਾ, ਤੁਰਕੀ ਵਿੱਚ ਆਪਣਾ ਪਹਿਲਾ ਵਿਸ਼ਵ ਕੱਪ ਵਿਅਕਤੀਗਤ ਪੜਾਅ ਰਿਕਰਵ ਗੋਲਡ ਮੈਡਲ ਜਿੱਤਿਆ","ਮ ਈ   2 0 1 2   ਵਿ ੱ ਚ ,   ਦੀ ਪਿ ਕਾ   ਕੁ ਮਾ ਰੀ   ਨੇ   ਅ ੰ ਤ ਲ ਯਾ ,   ਤੁ ਰ ਕੀ   ਵਿ ੱ ਚ   ਆ ਪ ਣਾ   ਪ ਹਿ ਲਾ   ਵਿ ਸ਼ ਵ   ਕ ੱ ਪ   ਵਿ ਅ ਕ ਤੀ ਗ ਤ   ਪ ੜ ਾ ਅ   ਰਿ ਕ ਰ ਵ   ਗੋ ਲ ਡ   ਮੈ ਡ ਲ   ਜਿ ੱ ਤਿ ਆ",65,19
"ਉਸ ਨੇ ਕਿਹਾ ਕਿ ਉਸ ਦੀ ਤਨਖਾਹ ਦਾ ਪਿਛਲੇ ਦੋ ਸਾਲਾਂ ਤੋਂ ਭੁਗਤਾਨ ਨਹੀਂ ਸੀ ਹੋਈਆਂ, ਅਤੇ ਨਾ ਹੀ ਆਉਣ ਵਾਲੀ ਖੇਡਾਂ ਲਈ ਉਸ ਦੀ ਛੁੱਟੀ, ਪਦ ਅਧਿਕਾਰੀ ਵਲੋਂ ਪਰਵਾਨ ਕਿਤੀ ਗਈ I","ਉ ਸ   ਨੇ   ਕਿ ਹਾ   ਕਿ   ਉ ਸ   ਦੀ   ਤ ਨ ਖਾ ਹ   ਦਾ   ਪਿ ਛ ਲੇ   ਦੋ   ਸਾ ਲਾਂ   ਤੋਂ   ਭੁ ਗ ਤਾ ਨ   ਨ ਹੀਂ   ਸੀ   ਹੋ ਈ ਆ ਂ ,   ਅ ਤੇ   ਨਾ   ਹੀ   ਆ ਉ ਣ   ਵਾ ਲੀ   ਖੇ ਡਾਂ   ਲ ਈ   ਉ ਸ   ਦੀ   ਛੁ ੱ ਟੀ ,   ਪ ਦ   ਅ ਧਿ ਕਾ ਰੀ   ਵ ਲੋਂ   ਪ ਰ ਵਾ ਨ   ਕਿ ਤੀ   ਗ ਈ   I",70,33
"ਦਲਾਂ ਦਾ ਨਿਰਣਾ ਉਨ੍ਹਾਂ ਦੇ ਸਰੀਰਕ ਵਿਕਾਸ, ਦਿੱਖ ਅਤੇ ਸਖਸ਼ੀਅਤਾਂ ਦੇ ਆਧਾਰ 'ਤੇ ਕੀਤਾ ਗਿਆ ਸੀ","ਦ ਲਾਂ   ਦਾ   ਨਿ ਰ ਣਾ   ਉ ਨ੍ਹਾਂ   ਦੇ   ਸ ਰੀ ਰ ਕ   ਵਿ ਕਾ ਸ ,   ਦਿ ੱ ਖ   ਅ ਤੇ   ਸ ਖ ਸ਼ੀ ਅ ਤਾਂ   ਦੇ   ਆ ਧਾ ਰ   ' ਤੇ   ਕੀ ਤਾ   ਗਿ ਆ   ਸੀ",38,16
ਅਸ਼ੋਕ ਕੁਮਾਰ ਨੇ ਵਿਸ਼ਵ ਕੱਪ 'ਚ ਭਾਰਤ ਦੀ ਇਕਲੌਤੀ ਜਿੱਤ ਹਾਸਿਲ ਕਰਨ ਲਈ ਸਭ ਤੋਂ ਮਹੱਤਵਪੂਰਨ ਜੇਤੂ ਗੋਲ ਕੀਤਾ,ਅ ਸ਼ੋ ਕ   ਕੁ ਮਾ ਰ   ਨੇ   ਵਿ ਸ਼ ਵ   ਕ ੱ ਪ   ' ਚ   ਭਾ ਰ ਤ   ਦੀ   ਇ ਕ ਲੌ ਤੀ   ਜਿ ੱ ਤ   ਹਾ ਸਿ ਲ   ਕ ਰ ਨ   ਲ ਈ   ਸ ਭ   ਤੋਂ   ਮ ਹ ੱ ਤ ਵ ਪੂ ਰ ਨ   ਜੇ ਤੂ   ਗੋ ਲ   ਕੀ ਤਾ,51,19
"2014 ਦੀ ਰਾਸ਼ਟਰਮੰਡਲ ਖੇਡਾਂ ਵਿੱਚ ਮਹਿਲਾਂਵਾਂ ਦੀ ਫ੍ਰੀਸਟਾਇਲ 55 ਕਿਲੋਗ੍ਰਾਮ ਸ਼੍ਰੇਣੀ ਵਿੱਚ ਬਬਿਤਾ ਦੀ ਪਹਿਲਾਂ ਵਿਪੱਖ ਕੁਆਰਟਰ ਫਾਈਨਲ ਵਿੱਚ ਸਕਾਟਲੈਂਡ ਦੀ ਕੈਥਰੀਨ ਮਾਰਸ਼ ਸੀ, ਜਿਸ ਨੂੰ ਓਸ ਨੇ 92, 40 (ਵਰਗੀਕਰਨ ਅੰਕ) ਨਾਲ ਹਰਾਰਿਆ ਸੀ I","2 0 1 4   ਦੀ   ਰਾ ਸ ਼ ਟ ਰ ਮ ੰ ਡ ਲ   ਖੇ ਡਾਂ   ਵਿ ੱ ਚ   ਮ ਹਿ ਲਾਂ ਵਾਂ   ਦੀ   ਫ੍ਰੀ ਸ ਟਾ ਇ ਲ   5 5   ਕਿ ਲੋ ਗ੍ਰਾ ਮ   ਸ਼੍ਰੇ ਣੀ   ਵਿ ੱ ਚ   ਬ ਬਿ ਤਾ   ਦੀ   ਪ ਹਿ ਲਾਂ   ਵਿ ਪ ੱ ਖ   ਕੁ ਆ ਰ ਟ ਰ   ਫਾ ਈ ਨ ਲ   ਵਿ ੱ ਚ   ਸ ਕਾ ਟ ਲੈਂ ਡ   ਦੀ   ਕੈ ਥ ਰੀ ਨ   ਮਾ ਰ ਸ ਼   ਸੀ ,   ਜਿ ਸ   ਨੂ ੰ   ਓ ਸ   ਨੇ   9 2 ,   4 0   ( ਵ ਰ ਗੀ ਕ ਰ ਨ   ਅ ੰ ਕ )   ਨਾ ਲ   ਹ ਰਾ ਰਿ ਆ   ਸੀ   I",110,36
"2015 ਦੀ ਰਾਸ਼ਟਰਮੰਡਲ ਕਰਾਟੇ ਖੇਡਾਂ, ਦਿੱਲੀ ਭਾਰਤ ਵਿੱਚ ਹੋਈਆਂ ਸਨ I","2 0 1 5   ਦੀ   ਰਾ ਸ਼ ਟ ਰ ਮ ੰ ਡ ਲ   ਕ ਰਾ ਟੇ   ਖੇ ਡਾਂ ,   ਦਿ ੱ ਲੀ   ਭਾ ਰ ਤ   ਵਿ ੱ ਚ   ਹੋ ਈ ਆ ਂ   ਸ ਨ   I",35,11
"ਪੁਰਸ਼ਾਂ ਅਤੇ ਮਹਿਲਾਵਾਂ ਦੇ ਸੁੱਟਣ ਦੇ ਉਪਕਰਨਾ ਦਾ ਅਲੱਗ-ਅਲੱਗ ਭਾਰ ਹੈ: ਪੁਰਸ਼ਾਂ ਦਾ ਜਾਵੇਲੀਨ 800 ਗ੍ਰਾਮ ਹੈ, ਮਹਿਲਾਵਾਂ ਦਾ 600 ਗ੍ਰਾਮ ਹੈ, ਪੁਰਸ਼ਾਂ ਦਾ ਮਹਿਲਾਵਾਂ ਦੇ ਵੇਟ ਥ੍ਰੋ, ਜੋ ਕਿ 20 ਪੌਂਡ ਹੈ, ਉਸ ਦੇ ਉਲਟ 35 ਪੌਂਡ ਹੈ, ਪੁਰਸ਼ਾਂ ਦਾ ਦਿਸਕੁਸ, 2 ਕਿਲੋਗ੍ਰਾਮ ਹੈ ਅਤੇ ਮਹਿਲਾਵਾਂ ਦਾ 1 ਕਿਲੋਗ੍ਰਾਮ, ਪੁਰਸ਼ਾਂ ਦਾ ਸ਼ੋਟ ਪੂਟ 16 ਪੌਂਡ ਹੈ ਅਤੇ ਮਹਿਲਾਵਾਂ ਦਾ 8 ਪੌਂਡ, ਅਤੇ ਪੁਰਸ਼ਾਂ ਦਾ ਹੈੱਮਰ ਥ੍ਰੋ 16 ਪੌਂਡ ਅਤੇ ਮਹਿਲਾਵਾਂ ਦਾ 8 ਪੌਂਡ I","ਪੁ ਰ ਸ਼ਾਂ   ਅ ਤੇ   ਮ ਹਿ ਲਾ ਵਾਂ   ਦੇ   ਸੁ ੱ ਟ ਣ   ਦੇ   ਉ ਪ ਕ ਰ ਨਾ   ਦਾ   ਅ ਲ ੱ ਗ - ਅ ਲ ੱ ਗ   ਭਾ ਰ   ਹੈ :   ਪੁ ਰ ਸ਼ਾਂ   ਦਾ   ਜਾ ਵੇ ਲੀ ਨ   8 0 0   ਗ੍ਰਾ ਮ   ਹੈ ,   ਮ ਹਿ ਲਾ ਵਾਂ   ਦਾ   6 0 0   ਗ੍ਰਾ ਮ   ਹੈ ,   ਪੁ ਰ ਸ਼ਾਂ   ਦਾ   ਮ ਹਿ ਲਾ ਵਾਂ   ਦੇ   ਵੇ ਟ   ਥ੍ਰੋ ,   ਜੋ   ਕਿ   2 0   ਪੌਂ ਡ   ਹੈ ,   ਉ ਸ   ਦੇ   ਉ ਲ ਟ   3 5   ਪੌਂ ਡ   ਹੈ ,   ਪੁ ਰ ਸ਼ਾਂ   ਦਾ   ਦਿ ਸ ਕੁ ਸ ,   2   ਕਿ ਲੋ ਗ੍ਰਾ ਮ   ਹੈ   ਅ ਤੇ   ਮ ਹਿ ਲਾ ਵਾਂ   ਦਾ   1   ਕਿ ਲੋ ਗ੍ਰਾ ਮ ,   ਪੁ ਰ ਸ਼ਾਂ   ਦਾ   ਸ਼ੋ ਟ   ਪੂ ਟ   1 6   ਪੌਂ ਡ   ਹੈ   ਅ ਤੇ   ਮ ਹਿ ਲਾ ਵਾਂ   ਦਾ   8   ਪੌਂ ਡ ,   ਅ ਤੇ   ਪੁ ਰ ਸ਼ਾਂ   ਦਾ   ਹੈ ੱ ਮ ਰ   ਥ੍ਰੋ   1 6   ਪੌਂ ਡ   ਅ ਤੇ   ਮ ਹਿ ਲਾ ਵਾਂ   ਦਾ   8   ਪੌਂ ਡ   I",172,75
"2009 ਵਿੱਚ, ਉਹ ਲਾਭਕਾਰੀ ਗੁਜਰਾਤ ਕ੍ਰਿਕੇਟ ਐਸੋਸੀਏਸ਼ਨ (ਜੀਸੀਏ ) ਦੇ ਉਪ ਪ੍ਰਧਾਨ ਬਣੇ, ਜਦੋਂ ਕਿ ਮੋਦੀ ਨੇ ਇਸਦੇ ਪ੍ਰਧਾਨ ਵਜੋਂ ਸੇਵਾ ਕੀਤੀ","2 0 0 9   ਵਿ ੱ ਚ ,   ਉ ਹ   ਲਾ ਭ ਕਾ ਰੀ   ਗੁ ਜ ਰਾ ਤ   ਕ੍ਰਿ ਕੇ ਟ   ਐ ਸੋ ਸੀ ਏ ਸ਼ ਨ   ( ਜੀ ਸੀ ਏ   )   ਦੇ   ਉ ਪ   ਪ੍ਰ ਧਾ ਨ   ਬ ਣੇ ,   ਜ ਦੋਂ   ਕਿ   ਮੋ ਦੀ   ਨੇ   ਇ ਸ ਦੇ   ਪ੍ਰ ਧਾ ਨ   ਵ ਜੋਂ   ਸੇ ਵਾ   ਕੀ ਤੀ",59,22
"ਇੱਕ ਹੋਰ ਰੂਪ ਹੈ ਰੀਲੇਅ ਟ੍ਰਾਈਥਲੋਨਸ, ਜਿੱਥੇ ਪ੍ਰਤੀਯੋਗੀਆਂ ਦੀ ਟੀਮ, ਦੌੜ ਵਿੱਚ ਭਾਗ ਲੈਣ ਲਈ ਵਾਰੀਆਂ ਲੈਂਦੇ ਹਨ ; ਹਰੇਕ ਪ੍ਰਤੀਯੋਗੀ ਨੂੰ ਤੈਰਾਕੀ, ਸਾਈਕਲਿੰਗ ਅਤੇ ਦੌੜ ਦਾ ਇੱਕ ਹਿੱਸਾ ਪੂਰਾ ਕਰਨਾ ਪੈਂਦਾ ਹੈ I","ਇ ੱ ਕ   ਹੋ ਰ   ਰੂ ਪ   ਹੈ   ਰੀ ਲੇ ਅ   ਟ੍ਰਾ ਈ ਥ ਲੋ ਨ ਸ ,   ਜਿ ੱ ਥੇ   ਪ੍ਰ ਤੀ ਯੋ ਗੀ ਆ ਂ   ਦੀ   ਟੀ ਮ ,   ਦੌ ੜ   ਵਿ ੱ ਚ   ਭਾ ਗ   ਲੈ ਣ   ਲ ਈ   ਵਾ ਰੀ ਆ ਂ   ਲੈਂ ਦੇ   ਹ ਨ   ;   ਹ ਰੇ ਕ   ਪ੍ਰ ਤੀ ਯੋ ਗੀ   ਨੂ ੰ   ਤੈ ਰਾ ਕੀ ,   ਸਾ ਈ ਕ ਲਿ ੰ ਗ   ਅ ਤੇ   ਦੌ ੜ   ਦਾ   ਇ ੱ ਕ   ਹਿ ੱ ਸਾ   ਪੂ ਰਾ   ਕ ਰ ਨਾ   ਪੈਂ ਦਾ   ਹੈ   I",90,34
"ਆਈਸੀਸੀ ਦੇ ਨਿਯਮਾਂ ਅਨੁਸਾਰ, ਇੱਕ ਓਡੀਆਈ ਇੱਕ ਦਿਵਸੀ ਮੈਚ ਸਿਰਫ਼ ਓਦੋਂ ਅਧਿਕਾਰਤ ਹੁੰਦਾ ਹੈ ਜਦੋਂ 25 ਓਵਰਾਂ ਵਿੱਚ ਬੱਲੇਬਾਜ਼ੀ ਦੂਜੇ ਸਥਾਨ 'ਤੇ ਪਹੁੰਚ ਜਾਂਦੀ ਹੈ","ਆ ਈ ਸੀ ਸੀ   ਦੇ   ਨਿ ਯ ਮਾਂ   ਅ ਨੁ ਸਾ ਰ ,   ਇ ੱ ਕ   ਓ ਡੀ ਆ ਈ   ਇ ੱ ਕ   ਦਿ ਵ ਸੀ   ਮੈ ਚ   ਸਿ ਰ ਫ਼   ਓ ਦੋਂ   ਅ ਧਿ ਕਾ ਰ ਤ   ਹੁ ੰ ਦਾ   ਹੈ   ਜ ਦੋਂ   2 5   ਓ ਵ ਰਾਂ   ਵਿ ੱ ਚ   ਬ ੱ ਲੇ ਬਾ ਜ਼ ੀ   ਦੂ ਜੇ   ਸ ਥਾ ਨ   ' ਤੇ   ਪ ਹੁ ੰ ਚ   ਜਾਂ ਦੀ   ਹੈ",72,25
"ਰਿਜਰਵ ਦਿਨ ਵਾਲੇ ਦਿਨ, ਸ੍ਰੀ ਲੰਕੀਆਂ ਨੇ ਪਹਿਲਾਂ ਬੱਲੇਬਾਜ਼ੀ ਕਿਤੀ ਅਤੇ 222 ਰਣ ਬਣਾਏ, ਜਿਸ ਵਿੱਚ ਮਹੇਲਾ ਜੈਵਰਧਨੇ ਅਤੇ ਰਸਲ ਅਰਨੋਲਡ ਨੇ 77 ਅਤੇ 56 ਰਣ ਜੋੜੇ, ਅਤੇ ਭਾਰਤੀ ਜ਼ਹੀਰ ਖਾਨ ਨੇ 44 ਰਣਾ ਤੇ ਤਿੰਨ ਵਿੱਕਟ ਲਏ I","ਰਿ ਜ ਰ ਵ   ਦਿ ਨ   ਵਾ ਲੇ   ਦਿ ਨ ,   ਸ੍ਰੀ   ਲ ੰ ਕੀ ਆ ਂ   ਨੇ   ਪ ਹਿ ਲਾਂ   ਬ ੱ ਲੇ ਬਾ ਜ਼ ੀ   ਕਿ ਤੀ   ਅ ਤੇ   2 2 2   ਰ ਣ   ਬ ਣਾ ਏ ,   ਜਿ ਸ   ਵਿ ੱ ਚ   ਮ ਹੇ ਲਾ   ਜੈ ਵ ਰ ਧ ਨੇ   ਅ ਤੇ   ਰ ਸ ਲ   ਅ ਰ ਨੋ ਲ ਡ   ਨੇ   7 7   ਅ ਤੇ   5 6   ਰ ਣ   ਜੋ ੜ ੇ ,   ਅ ਤੇ   ਭਾ ਰ ਤੀ   ਜ਼ ਹੀ ਰ   ਖਾ ਨ   ਨੇ   4 4   ਰ ਣਾ   ਤੇ   ਤਿ ੰ ਨ   ਵਿ ੱ ਕ ਟ   ਲ ਏ   I",102,39
"ਸੀਨੀਅਰ ਸਰਕਟ 'ਤੇ, ਮਿਰਜ਼ਾ ਨੇ ਸ਼ੁਰੂਆਤੀ ਸਫ਼ਲਤਾ ਦਿਖਾਉਣੀ ਸ਼ੁਰੂ ਕੀਤੀ ਕਿਉਂਕਿ ਉਸਨੇ ਅਪ੍ਰੈਲ 2001 ਵਿੱਚ 15 ਸਾਲ ਦੀ ਉਮਰ ਵਿੱਚ ਆਈ ਟੀ ਐਫ ਸਰਕਟ ਤੋਂ ਸ਼ੁਰੂਆਤ ਕੀਤੀ ਸੀ","ਸੀ ਨੀ ਅ ਰ   ਸ ਰ ਕ ਟ   ' ਤੇ ,   ਮਿ ਰ ਜ਼ ਾ   ਨੇ   ਸ਼ੁ ਰੂ ਆ ਤੀ   ਸ ਫ਼ ਲ ਤਾ   ਦਿ ਖਾ ਉ ਣੀ   ਸ਼ੁ ਰੂ   ਕੀ ਤੀ   ਕਿ ਉ ਂ ਕਿ   ਉ ਸ ਨੇ   ਅ ਪ੍ਰੈ ਲ   2 0 0 1   ਵਿ ੱ ਚ   1 5   ਸਾ ਲ   ਦੀ   ਉ ਮ ਰ   ਵਿ ੱ ਚ   ਆ ਈ   ਟੀ   ਐ ਫ   ਸ ਰ ਕ ਟ   ਤੋਂ   ਸ਼ੁ ਰੂ ਆ ਤ   ਕੀ ਤੀ   ਸੀ",77,28
"ਅਸਲ ਵਿੱਚ, ਇਹ ਇਰਾਦਾ ਸੀ ਕਿ ਸੀ","ਅ ਸ ਲ   ਵਿ ੱ ਚ ,   ਇ ਹ   ਇ ਰਾ ਦਾ   ਸੀ   ਕਿ   ਸੀ",15,7
ਡਬਲਯੂ,ਡ ਬ ਲ ਯੂ,4,1
ਸੀ,ਸੀ,1,1
ਲੀਗ 2 ਵਿੱਚ ਚੋਟੀ ਦੀ ਦਰਜੇ ਵਾਲੀ ਟੀਮ ਨੂੰ ਅਗਲੀ 2020-2023 ਆਈ,ਲੀ ਗ   2   ਵਿ ੱ ਚ   ਚੋ ਟੀ   ਦੀ   ਦ ਰ ਜੇ   ਵਾ ਲੀ   ਟੀ ਮ   ਨੂ ੰ   ਅ ਗ ਲੀ   2 0 2 0 - 2 0 2 3   ਆ ਈ,32,12
ਸੀ,ਸੀ,1,1
ਸੀ,ਸੀ,1,1
"ਕ੍ਰਿਕਟ ਵਿਸ਼ਵ ਕੱਪ ਸੁਪਰ ਲੀਗ ਵਿੱਚ ਉਸਦੀ 13 ਵੀਂ ਦਰਜੇ ਵਾਲੀ ਟੀਮ ਦੀ ਕੀਮਤ ਉੱਤੇ ਤਰੱਕੀ ਦਿੱਤੀ ਜਾਵੇਗੀ, ਜੇਕਰ 2023 ਵਿੱਚ ਲੀਗ 2 ਦੀ ਟੀਮ ਕ੍ਰਿਕਟ ਵਿਸ਼ਵ ਕੱਪ ਕੁਆਲੀਫਾਇਰ ਵਿੱਚ ਦੋਵਾਂ ਟੀਮਾਂ ਉੱਚ ਦਰਜੇ ਦੀ ਟੀਮ ਦੇ ਰੂਪ ਵਿੱਚ ਖਤਮ ਹੁੰਦੀ ਹੈ I","ਕ੍ਰਿ ਕ ਟ   ਵਿ ਸ਼ ਵ   ਕ ੱ ਪ   ਸੁ ਪ ਰ   ਲੀ ਗ   ਵਿ ੱ ਚ   ਉ ਸ ਦੀ   1 3   ਵੀਂ   ਦ ਰ ਜੇ   ਵਾ ਲੀ   ਟੀ ਮ   ਦੀ   ਕੀ ਮ ਤ   ਉ ੱ ਤੇ   ਤ ਰ ੱ ਕੀ   ਦਿ ੱ ਤੀ   ਜਾ ਵੇ ਗੀ ,   ਜੇ ਕ ਰ   2 0 2 3   ਵਿ ੱ ਚ   ਲੀ ਗ   2   ਦੀ   ਟੀ ਮ   ਕ੍ਰਿ ਕ ਟ   ਵਿ ਸ਼ ਵ   ਕ ੱ ਪ   ਕੁ ਆ ਲੀ ਫਾ ਇ ਰ   ਵਿ ੱ ਚ   ਦੋ ਵਾਂ   ਟੀ ਮਾਂ   ਉ ੱ ਚ   ਦ ਰ ਜੇ   ਦੀ   ਟੀ ਮ   ਦੇ   ਰੂ ਪ   ਵਿ ੱ ਚ   ਖ ਤ ਮ   ਹੁ ੰ ਦੀ   ਹੈ   I",109,43
ਉਸਨੇ ਸਾਕੇਥ ਮਾਈਨੇਨੀ ਨਾਲ ਜੋੜੀ ਬਣਾ ਕੇ ਚੀਨ ਦੇ ਹਸੀਨ ਯਿਨ ਪੇਂਗ ਅਤੇ ਚੋਨ ਹਾਓਚਿੰਗ ਨੂੰ ਹਰਾਇਆ ਅਤੇ ਮਿਕਸਡ ਡਬਲਜ਼ ਟੂਰਨਾਮੈਂਟ ਵਿੱਚ ਸੋਨ ਤਮਗਾ ਜਿੱਤਿਆ,ਉ ਸ ਨੇ   ਸਾ ਕੇ ਥ   ਮਾ ਈ ਨੇ ਨੀ   ਨਾ ਲ   ਜੋ ੜ ੀ   ਬ ਣਾ   ਕੇ   ਚੀ ਨ   ਦੇ   ਹ ਸੀ ਨ   ਯਿ ਨ   ਪੇਂ ਗ   ਅ ਤੇ   ਚੋ ਨ   ਹਾ ਓ ਚਿ ੰ ਗ   ਨੂ ੰ   ਹ ਰਾ ਇ ਆ   ਅ ਤੇ   ਮਿ ਕ ਸ ਡ   ਡ ਬ ਲ ਜ਼   ਟੂ ਰ ਨਾ ਮੈਂ ਟ   ਵਿ ੱ ਚ   ਸੋ ਨ   ਤ ਮ ਗਾ   ਜਿ ੱ ਤਿ ਆ,70,25
"ਸੇਰਮੇਨੀਆ ਦੀ ਕੌਮ ਨੇ ਉਸ ਦੇ ਸਨਮਾਨ, ਉਸ ਦੇ ਅਧਿਕਾਰਾਂ ਅਤੇ ਵਿਸ਼ਵ ਖੇਡਾਂ ਵਿੱਚ ਉਸਦੀ ਸਥਿਤੀ ਦੀ ਰਾਖੀ ਲਈ ਉਸਦੇ ਦੁਆਲੇ ਲਾਮਬੰਦੀ ਕੀਤੀ","ਸੇ ਰ ਮੇ ਨੀ ਆ   ਦੀ   ਕੌ ਮ   ਨੇ   ਉ ਸ   ਦੇ   ਸ ਨ ਮਾ ਨ ,   ਉ ਸ   ਦੇ   ਅ ਧਿ ਕਾ ਰਾਂ   ਅ ਤੇ   ਵਿ ਸ਼ ਵ   ਖੇ ਡਾਂ   ਵਿ ੱ ਚ   ਉ ਸ ਦੀ   ਸ ਥਿ ਤੀ   ਦੀ   ਰਾ ਖੀ   ਲ ਈ   ਉ ਸ ਦੇ   ਦੁ ਆ ਲੇ   ਲਾ ਮ ਬ ੰ ਦੀ   ਕੀ ਤੀ",58,23
"ਓਹ ਪਹਿਲੀ ਮਹਿਲਾਂ ਬਣੀ ਜਿਸ ਨੇ 2005 ਵਿੱਚ ਪੰਜ ਮਹਾਂਦੀਪਾ ਦੇ ਸਮੁੰਦਰ ਵਿੱਚ ਤੈਰਾਕੀ ਕਿਤੀ, ਜਿਸ ਵਿੱਚ ਸਟ੍ਰੇਟ ਆਫ਼ ਜਿਬਰਾਲਟਰ, ਟਾਈਰੇਨੀਅਨ ਸਾਗਰ, ਕੁੱਕ ਸਟ੍ਰੇਟ, ਗ੍ਰੀਸ ਵਿੱਚ ਟੋਰੋਨੋਸ ਖਾੜੀ (ਕਸਾਂਦਰਾ ਦੀ ਖਾੜੀ), ਕੈਲੀਫੋਰਨੀਆ ਦੇ ਤੱਟ ਤੋਂ ਕੈਟਾਲੀਨਾ ਚੈਨਲ, ਅਤੇ ਥ੍ਰੀ ਐਂਕਰ ਬੇ ਤੋਂ ਲੈ ਕੇ ਕੇਪ ਟਾਊਨ, ਦੱਖਣੀ ਅਫਰੀਕਾ ਦੇ ਨੇੜੇ ਰੋਬੇਨ ਟਾਪੂ ਤੱਕ","ਓ ਹ   ਪ ਹਿ ਲੀ   ਮ ਹਿ ਲਾਂ   ਬ ਣੀ   ਜਿ ਸ   ਨੇ   2 0 0 5   ਵਿ ੱ ਚ   ਪ ੰ ਜ   ਮ ਹਾਂ ਦੀ ਪਾ   ਦੇ   ਸ ਮੁ ੰ ਦ ਰ   ਵਿ ੱ ਚ   ਤੈ ਰਾ ਕੀ   ਕਿ ਤੀ ,   ਜਿ ਸ   ਵਿ ੱ ਚ   ਸ ਟ੍ਰੇ ਟ   ਆ ਫ਼   ਜਿ ਬ ਰਾ ਲ ਟ ਰ ,   ਟਾ ਈ ਰੇ ਨੀ ਅ ਨ   ਸਾ ਗ ਰ ,   ਕੁ ੱ ਕ   ਸ ਟ੍ਰੇ ਟ ,   ਗ੍ਰੀ ਸ   ਵਿ ੱ ਚ   ਟੋ ਰੋ ਨੋ ਸ   ਖਾ ੜ ੀ   ( ਕ ਸਾਂ ਦ ਰਾ   ਦੀ   ਖਾ ੜ ੀ ) ,   ਕੈ ਲੀ ਫੋ ਰ ਨੀ ਆ   ਦੇ   ਤ ੱ ਟ   ਤੋਂ   ਕੈ ਟਾ ਲੀ ਨਾ   ਚੈ ਨ ਲ ,   ਅ ਤੇ   ਥ੍ਰੀ   ਐ ਂ ਕ ਰ   ਬੇ   ਤੋਂ   ਲੈ   ਕੇ   ਕੇ ਪ   ਟਾ ਊ ਨ ,   ਦ ੱ ਖ ਣੀ   ਅ ਫ ਰੀ ਕਾ   ਦੇ   ਨੇ ੜ ੇ   ਰੋ ਬੇ ਨ   ਟਾ ਪੂ   ਤ ੱ ਕ",155,53
ਉਸ ਕੋਲ ਇੱਕ ਰਾਜ ਟੀਮ ਲਈ ਰਾਸ਼ਟਰੀ ਚੈਂਪੀਅਨਸ਼ਿਪ ਵਿੱਚ ਸੀਨੀਅਰ ਪੱਧਰ 'ਤੇ ਸਭ ਤੋਂ ਵੱਧ ਮਾਡਲ ਹੋਣ ਦਾ ਰਾਸ਼ਟਰੀ ਰਿਕਾਰਡ ਹੈ,ਉ ਸ   ਕੋ ਲ   ਇ ੱ ਕ   ਰਾ ਜ   ਟੀ ਮ   ਲ ਈ   ਰਾ ਸ਼ ਟ ਰੀ   ਚੈਂ ਪੀ ਅ ਨ ਸ਼ਿ ਪ   ਵਿ ੱ ਚ   ਸੀ ਨੀ ਅ ਰ   ਪ ੱ ਧ ਰ   ' ਤੇ   ਸ ਭ   ਤੋਂ   ਵ ੱ ਧ   ਮਾ ਡ ਲ   ਹੋ ਣ   ਦਾ   ਰਾ ਸ਼ ਟ ਰੀ   ਰਿ ਕਾ ਰ ਡ   ਹੈ,57,21
"ਕ੍ਰਮਵਾਰ ਇੱਕ 2006 ਵਿੱਚ ਰਾਸ਼ਟਰ ਮੰਡਲ ਦੀਆਂ ਖੇਡਾਂ ਅਤੇ ਦੋ ਏਸ਼ੀਆਈ ਖੇਡਾਂ 2010, 2014 ਵਿੱਚ ਰਾਸ਼ਟਰੀ ਟੀਮ ਦੀ ਨੁਮਾਇੰਦਗੀ ਕਰਨ ਵਾਲੀ ਭਾਰਤ ਦੀ ਉਹ ਪਹਿਲੀ ਮਹਿਲਾ ਬਾਸਕਟਬਾਲ ਖਿਡਾਰਨ ਹੈ","ਕ੍ਰ ਮ ਵਾ ਰ   ਇ ੱ ਕ   2 0 0 6   ਵਿ ੱ ਚ   ਰਾ ਸ਼ ਟ ਰ   ਮ ੰ ਡ ਲ   ਦੀ ਆ ਂ   ਖੇ ਡਾਂ   ਅ ਤੇ   ਦੋ   ਏ ਸ਼ੀ ਆ ਈ   ਖੇ ਡਾਂ   2 0 1 0 ,   2 0 1 4   ਵਿ ੱ ਚ   ਰਾ ਸ਼ ਟ ਰੀ   ਟੀ ਮ   ਦੀ   ਨੁ ਮਾ ਇ ੰ ਦ ਗੀ   ਕ ਰ ਨ   ਵਾ ਲੀ   ਭਾ ਰ ਤ   ਦੀ   ਉ ਹ   ਪ ਹਿ ਲੀ   ਮ ਹਿ ਲਾ   ਬਾ ਸ ਕ ਟ ਬਾ ਲ   ਖਿ ਡਾ ਰ ਨ   ਹੈ",89,29
"ਇਸ ਦੌਰਾਨ, ਲਹਿਰੀ ਨੇ ਦੋ ਯੂਰੋਪੀਅਨ ਟੂਰ ਜਿੱਤੇ ਅਤੇ ਸੱਤ ਏਸ਼ੀਅਨ ਟੂਰ ਜਿੱਤੇ","ਇ ਸ   ਦੌ ਰਾ ਨ ,   ਲ ਹਿ ਰੀ   ਨੇ   ਦੋ   ਯੂ ਰੋ ਪੀ ਅ ਨ   ਟੂ ਰ   ਜਿ ੱ ਤੇ   ਅ ਤੇ   ਸ ੱ ਤ   ਏ ਸ਼ੀ ਅ ਨ   ਟੂ ਰ   ਜਿ ੱ ਤੇ",35,13
"ਉਸਨੇ ਪ੍ਰਸਿੱਧੀ ਪ੍ਰਾਪਤ ਕੀਤੀ ਜਦੋਂ ਉਸਨੇ ਬੁਸਾਨ, ਦੱਖਣੀ ਕੋਰੀਆ ਵਿੱਚ 2002 ਦੀਆਂ ਏਸ਼ੀਆਈ ਖੇਡਾਂ ਵਿੱਚ ਚਾਂਦੀ ਦਾ ਤਮਗਾ ਜਿੱਤਿਆ","ਉ ਸ ਨੇ   ਪ੍ਰ ਸਿ ੱ ਧੀ   ਪ੍ਰਾ ਪ ਤ   ਕੀ ਤੀ   ਜ ਦੋਂ   ਉ ਸ ਨੇ   ਬੁ ਸਾ ਨ ,   ਦ ੱ ਖ ਣੀ   ਕੋ ਰੀ ਆ   ਵਿ ੱ ਚ   2 0 0 2   ਦੀ ਆ ਂ   ਏ ਸ਼ੀ ਆ ਈ   ਖੇ ਡਾਂ   ਵਿ ੱ ਚ   ਚਾਂ ਦੀ   ਦਾ   ਤ ਮ ਗਾ   ਜਿ ੱ ਤਿ ਆ",57,19
"ਇਕੱਠੇ ਮਿਲ ਕੇ, ਇਹਨਾਂ ਚਾਰ ਘਟਨਾਵਾਂ ਨੂੰ ਮੇਜਰ ਜਾਂ ਸਲੈਮ ਕਿਹਾ ਜਾਂਦਾ ਹੈ (ਬੇਸਬਾਲ ਦੀ ਬਜਾਏ ਪੁਲ ਤੋਂ ਉਧਾਰ ਲਿਆ ਗਿਆ ਸ਼ਬਦ)","ਇ ਕ ੱ ਠੇ   ਮਿ ਲ   ਕੇ ,   ਇ ਹ ਨਾਂ   ਚਾ ਰ   ਘ ਟ ਨਾ ਵਾਂ   ਨੂ ੰ   ਮੇ ਜ ਰ   ਜਾਂ   ਸ ਲੈ ਮ   ਕਿ ਹਾ   ਜਾਂ ਦਾ   ਹੈ   ( ਬੇ ਸ ਬਾ ਲ   ਦੀ   ਬ ਜਾ ਏ   ਪੁ ਲ   ਤੋਂ   ਉ ਧਾ ਰ   ਲਿ ਆ   ਗਿ ਆ   ਸ਼ ਬ ਦ )",54,22
"ਓਲੰਪਿਕ ਝੰਡੇ ਨੂੰ ਅੱਠ ਸਾਬਕਾ ਆਸਟ੍ਰੇਲੀਆਈ ਓਲੰਪਿਕ ਚੈਂਪੀਅਨਾਂ ਦੁਆਰਾ ਅਖਾੜੇ ਦੇ ਦੁਆਲੇ ਲਿਜਾਇਆ ਗਿਆ: ਬਿਲ ਰੌਇਕਰਾਫ਼ਟ, ਮਰੇ ਰੋਜ਼, ਲਿਏਨ ਟੂਥ, ਗਿੱਲੀਅਨ ਰੋਲਟਨ ਮਾਰਜੋਰੀ ਜੈਕਸਨ, ਲੋਰੇਨ ਕਰੈਪ ਮਾਈਕਲ ਵੈਂਡਨ ਅਤੇ ਨੈਕ ਗ੍ਰੀਨ","ਓ ਲ ੰ ਪਿ ਕ   ਝ ੰ ਡੇ   ਨੂ ੰ   ਅ ੱ ਠ   ਸਾ ਬ ਕਾ   ਆ ਸ ਟ੍ਰੇ ਲੀ ਆ ਈ   ਓ ਲ ੰ ਪਿ ਕ   ਚੈਂ ਪੀ ਅ ਨਾਂ   ਦੁ ਆ ਰਾ   ਅ ਖਾ ੜ ੇ   ਦੇ   ਦੁ ਆ ਲੇ   ਲਿ ਜਾ ਇ ਆ   ਗਿ ਆ :   ਬਿ ਲ   ਰੌ ਇ ਕ ਰਾ ਫ਼ ਟ ,   ਮ ਰੇ   ਰੋ ਜ਼ ,   ਲਿ ਏ ਨ   ਟੂ ਥ ,   ਗਿ ੱ ਲੀ ਅ ਨ   ਰੋ ਲ ਟ ਨ   ਮਾ ਰ ਜੋ ਰੀ   ਜੈ ਕ ਸ ਨ ,   ਲੋ ਰੇ ਨ   ਕ ਰੈ ਪ   ਮਾ ਈ ਕ ਲ   ਵੈਂ ਡ ਨ   ਅ ਤੇ   ਨੈ ਕ   ਗ੍ਰੀ ਨ",106,31
"ਸਿਡਨੀ ਓਪੇਰਾ ਹਾਊਸ ਦੇ ਆਲੇ-ਦੁਆਲੇ ਸਥਿਤ ਸਵਿਟਜ਼ਰਲੈਂਡ ਦੀ ਨੁਮਾਇੰਦਗੀ ਕਰਨ ਵਾਲੀ ਬ੍ਰਿਜਿਟ ਮੈਕਮੋਹਨ ਨੇ ਤੈਰਾਕੀ ਕੀਤੀ ਅਤੇ ਖੇਡ ਵਿੱਚ ਪਹਿਲੇ ਸੋਨ ਤਗਮੇ ਲਈ ਦੌੜੀ, ਚਾਂਦੀ ਜਿੱਤਣ ਵਾਲੀ ਮਿਸ਼ੇਲ ਜੋਂਸ ਵਰਗੇ ਪਸੰਦੀਦਾ ਘਰੇਲੂ ਅਥਲੀਟਾਂ ਨੂੰ ਹਰਾਇਆ","ਸਿ ਡ ਨੀ   ਓ ਪੇ ਰਾ   ਹਾ ਊ ਸ   ਦੇ   ਆ ਲੇ - ਦੁ ਆ ਲੇ   ਸ ਥਿ ਤ   ਸ ਵਿ ਟ ਜ ਼ ਰ ਲੈਂ ਡ   ਦੀ   ਨੁ ਮਾ ਇ ੰ ਦ ਗੀ   ਕ ਰ ਨ   ਵਾ ਲੀ   ਬ੍ਰਿ ਜਿ ਟ   ਮੈ ਕ ਮੋ ਹ ਨ   ਨੇ   ਤੈ ਰਾ ਕੀ   ਕੀ ਤੀ   ਅ ਤੇ   ਖੇ ਡ   ਵਿ ੱ ਚ   ਪ ਹਿ ਲੇ   ਸੋ ਨ   ਤ ਗ ਮੇ   ਲ ਈ   ਦੌ ੜ ੀ ,   ਚਾਂ ਦੀ   ਜਿ ੱ ਤ ਣ   ਵਾ ਲੀ   ਮਿ ਸ਼ੇ ਲ   ਜੋਂ ਸ   ਵ ਰ ਗੇ   ਪ ਸ ੰ ਦੀ ਦਾ   ਘ ਰੇ ਲੂ   ਅ ਥ ਲੀ ਟਾਂ   ਨੂ ੰ   ਹ ਰਾ ਇ ਆ",108,35
ਟ੍ਰਿਥਲੋਨ ਦੀ ਓਲੰਪਿਕ ਸ਼ੁਰੂਆਤ ਮਹਿਲਾਵਾਂ ਦੀ ਦੌੜ ਨਾਲ ਹੋਈ I,ਟ੍ਰਿ ਥ ਲੋ ਨ   ਦੀ   ਓ ਲ ੰ ਪਿ ਕ   ਸ ਼ ੁ ਰੂ ਆ ਤ   ਮ ਹਿ ਲਾ ਵਾਂ   ਦੀ   ਦੌ ੜ   ਨਾ ਲ   ਹੋ ਈ   I,28,10
"ਅਸਲ ਜੀਵਨ ਵਿੱਚ ""ਕੁਟੀਨਾਰਾਇਣ"", ਵਜੋਂ ਜਾਣੇ ਜਾਣ ਵਾਲੇ ਇਸ ਹਾਥੀ ਦੀ ਲੱਤ ਇੱਕ ਦੁਰਘਟਨਾ ਵਿੱਚ ਟੁੱਟ ਗਈ ਸੀ ਜਦੋਂ ਉਹ ਸੱਤ ਸਾਲ ਦਾ ਸੀ ਜਦੋਂ ਉਸਨੇ ਇੱਕ ਸੈਪਟਿਕ ਟੈਂਕ ਵਿੱਚ ਕਦਮ ਰੱਖਿਆ","ਅ ਸ ਲ   ਜੀ ਵ ਨ   ਵਿ ੱ ਚ   "" ਕੁ ਟੀ ਨਾ ਰਾ ਇ ਣ "" ,   ਵ ਜੋਂ   ਜਾ ਣੇ   ਜਾ ਣ   ਵਾ ਲੇ   ਇ ਸ   ਹਾ ਥੀ   ਦੀ   ਲ ੱ ਤ   ਇ ੱ ਕ   ਦੁ ਰ ਘ ਟ ਨਾ   ਵਿ ੱ ਚ   ਟੁ ੱ ਟ   ਗ ਈ   ਸੀ   ਜ ਦੋਂ   ਉ ਹ   ਸ ੱ ਤ   ਸਾ ਲ   ਦਾ   ਸੀ   ਜ ਦੋਂ   ਉ ਸ ਨੇ   ਇ ੱ ਕ   ਸੈ ਪ ਟਿ ਕ   ਟੈਂ ਕ   ਵਿ ੱ ਚ   ਕ ਦ ਮ   ਰ ੱ ਖਿ ਆ",86,32
"ਇਹ ਨਮੂਨਾ 1875 ਵਿੱਚ ਅੱਜ ਦੇ ਦੇ ਹਿਸਾਬ ਨਾਲ ਬਦਲੀਆਂ ਗਿਆ ਸੀ, ਨਿਸ਼ਾਨ ਵਿੰਗਫ਼ੀਲਡ ਦੇ ਅਨੁਵਾਦਨਾਲ ਮਿਲਦੇ-ਜੁਲਦੇ ਹਨ, ਪਰ ਉਸ ਦਾ ਰੂਪ ਘੰਟਾ ਗਲਾਸ ਤੋਂ ਬਦਲ ਕੇ ਚੌਕੋਰ ਕਰ ਦਿੱਤਾ ਸੀ I","ਇ ਹ   ਨ ਮੂ ਨਾ   1 8 7 5   ਵਿ ੱ ਚ   ਅ ੱ ਜ   ਦੇ   ਦੇ   ਹਿ ਸਾ ਬ   ਨਾ ਲ   ਬ ਦ ਲੀ ਆ ਂ   ਗਿ ਆ   ਸੀ ,   ਨਿ ਸ਼ਾ ਨ   ਵਿ ੰ ਗ ਫ਼ ੀ ਲ ਡ   ਦੇ   ਅ ਨੁ ਵਾ ਦ ਨਾ ਲ   ਮਿ ਲ ਦੇ - ਜੁ ਲ ਦੇ   ਹ ਨ ,   ਪ ਰ   ਉ ਸ   ਦਾ   ਰੂ ਪ   ਘ ੰ ਟਾ   ਗ ਲਾ ਸ   ਤੋਂ   ਬ ਦ ਲ   ਕੇ   ਚੌ ਕੋ ਰ   ਕ ਰ   ਦਿ ੱ ਤਾ   ਸੀ   I",86,32
ਸਪ੍ਰਿੰਟਿੰਗ ਵਿੱਚ ਸੰਯੁਕਤ ਰਾਜ ਦਾ ਦਬਦਬਾ ਯੂਨਾਈਟਿਡ ਕਿੰਗਡਮ ਦੁਆਰਾ ਲੰਬੀਆਂ ਟਰੈਕ ਰੇਸਾਂ ਵਿੱਚ ਮੇਲ ਖਾਂਦਾ ਸੀ,ਸ ਪ੍ਰਿ ੰ ਟਿ ੰ ਗ   ਵਿ ੱ ਚ   ਸ ੰ ਯੁ ਕ ਤ   ਰਾ ਜ   ਦਾ   ਦ ਬ ਦ ਬਾ   ਯੂ ਨਾ ਈ ਟਿ ਡ   ਕਿ ੰ ਗ ਡ ਮ   ਦੁ ਆ ਰਾ   ਲ ੰ ਬੀ ਆ ਂ   ਟ ਰੈ ਕ   ਰੇ ਸਾਂ   ਵਿ ੱ ਚ   ਮੇ ਲ   ਖਾਂ ਦਾ   ਸੀ,52,16
"ਦੂਜੇ ਦੌਰ ਵਿੱਚ, ਉਸਨੇ ਕੁਆਰਟਰ ਫਾਈਨਲ ਵਿੱਚ ਪ੍ਰਵੇਸ਼ ਕਰਨ ਲਈ ਐਨੀ ਕੇਓਥਾਵੋਂਗ ਨੂੰ ਹਰਾਇਆ, ਜਿੱਥੇ ਉਹ ਹਿਸੀਹ ਸੁ-ਵੇਈ ਤੋਂ ਹਾਰ ਗਈ","ਦੂ ਜੇ   ਦੌ ਰ   ਵਿ ੱ ਚ ,   ਉ ਸ ਨੇ   ਕੁ ਆ ਰ ਟ ਰ   ਫਾ ਈ ਨ ਲ   ਵਿ ੱ ਚ   ਪ੍ਰ ਵੇ ਸ਼   ਕ ਰ ਨ   ਲ ਈ   ਐ ਨੀ   ਕੇ ਓ ਥਾ ਵੋਂ ਗ   ਨੂ ੰ   ਹ ਰਾ ਇ ਆ ,   ਜਿ ੱ ਥੇ   ਉ ਹ   ਹਿ ਸੀ ਹ   ਸੁ - ਵੇ ਈ   ਤੋਂ   ਹਾ ਰ   ਗ ਈ",62,21
"ਹੋਰ ਫਰਾਂਸੀਸੀ ਕਲਾਕਾਰ ਜਿਨ੍ਹਾਂ ਨੇ ਖੇਡਾਂ ਨੂੰ ਆਪਣੀਆਂ ਕਲਾ ਵਿੱਚ ਪੇਸ਼ ਕਿਤਾ ਹੈ ਓਹ ਹਨ, ਅਲਬਰਟ ਗਲੇਇਜ਼ਸ 'ਲੇਸ ਜੂਅਰਸ ਡੀ ਫੁੱਟਬਾਲ (1912), ਰੌਬਰਟ ਡੇਲੌਨੇ ਦੀ ਫੁੱਟਬਾਲ ਲ'ਕਿਪ ਡੀ ਕਾਰਡਿਫ (1916), ਅਤੇ ਐਂਡਰ ਹੋਟੇ ਦੀ ਪਾਰਟੀ ਡੀ ਰਗਬੀ (1917)","ਹੋ ਰ   ਫ ਰਾਂ ਸੀ ਸੀ   ਕ ਲਾ ਕਾ ਰ   ਜਿ ਨ੍ਹਾਂ   ਨੇ   ਖੇ ਡਾਂ   ਨੂ ੰ   ਆ ਪ ਣੀ ਆ ਂ   ਕ ਲਾ   ਵਿ ੱ ਚ   ਪੇ ਸ਼   ਕਿ ਤਾ   ਹੈ   ਓ ਹ   ਹ ਨ ,   ਅ ਲ ਬ ਰ ਟ   ਗ ਲੇ ਇ ਜ ਼ ਸ   ' ਲੇ ਸ   ਜੂ ਅ ਰ ਸ   ਡੀ   ਫੁ ੱ ਟ ਬਾ ਲ   ( 1 9 1 2 ) ,   ਰੌ ਬ ਰ ਟ   ਡੇ ਲੌ ਨੇ   ਦੀ   ਫੁ ੱ ਟ ਬਾ ਲ   ਲ ' ਕਿ ਪ   ਡੀ   ਕਾ ਰ ਡਿ ਫ   ( 1 9 1 6 ) ,   ਅ ਤੇ   ਐ ਂ ਡ ਰ   ਹੋ ਟੇ   ਦੀ   ਪਾ ਰ ਟੀ   ਡੀ   ਰ ਗ ਬੀ   ( 1 9 1 7 )",119,38
ਭਾਵੇਂ ਕਿ ਇਹ ਗਲੀ ਉੱਤਰੀ ਭਾਰਤੀ ਭੋਜਨ ਵਿੱਚ ਮੁਹਾਰਤ ਪ੍ਰਾਪਤ ਕਰਦੀ ਹੈ ਫਿਰ ਵੀ ਹੋਰ ਭਾਰਤੀ ਪਕਵਾਨ ਵੀ ਇਸ ਇਲਾਕੇ ਵਿੱਚ ਮਿਲਦੇ ਹਨ I,ਭਾ ਵੇਂ   ਕਿ   ਇ ਹ   ਗ ਲੀ   ਉ ੱ ਤ ਰੀ   ਭਾ ਰ ਤੀ   ਭੋ ਜ ਨ   ਵਿ ੱ ਚ   ਮੁ ਹਾ ਰ ਤ   ਪ੍ਰਾ ਪ ਤ   ਕ ਰ ਦੀ   ਹੈ   ਫਿ ਰ   ਵੀ   ਹੋ ਰ   ਭਾ ਰ ਤੀ   ਪ ਕ ਵਾ ਨ   ਵੀ   ਇ ਸ   ਇ ਲਾ ਕੇ   ਵਿ ੱ ਚ   ਮਿ ਲ ਦੇ   ਹ ਨ   I,58,24
"ਬਾਕੂ ਦੇ ਸੱਭਿਆਚਾਰ ਸਥਾਨਾਂ ਵਿੱਚ ਅਜ਼ਰਬਾਈਜਾਨ ਸਟੇਟ ਫਿਲਹਾਰਮੋਨਿਕ ਹਾਲ, ਅਜ਼ਰਬਾਈਜਾਨ ਸਟੇਟ ਅਕਾਦਮਿਕ ਓਪੇਰਾ ਅਤੇ ਬੈਲੇ ਥੀਏਟਰ ਹਨ","ਬਾ ਕੂ   ਦੇ   ਸ ੱ ਭਿ ਆ ਚਾ ਰ   ਸ ਥਾ ਨਾਂ   ਵਿ ੱ ਚ   ਅ ਜ਼ ਰ ਬਾ ਈ ਜਾ ਨ   ਸ ਟੇ ਟ   ਫਿ ਲ ਹਾ ਰ ਮੋ ਨਿ ਕ   ਹਾ ਲ ,   ਅ ਜ਼ ਰ ਬਾ ਈ ਜਾ ਨ   ਸ ਟੇ ਟ   ਅ ਕਾ ਦ ਮਿ ਕ   ਓ ਪੇ ਰਾ   ਅ ਤੇ   ਬੈ ਲੇ   ਥੀ ਏ ਟ ਰ   ਹ ਨ",63,17
"ਵੈਨੂਆਟੂ ਅਤੇ ਸੋਲੋਮਨ ਟਾਪੂ ਕੁਦਰਤੀ ਆਕਰਸ਼ਣਾ ਵਿੱਚ ਘੱਟ ਨਹੀਂ ਹਨ; ਪਰੰਤੂ ਕਿਉਂਕਿ ਇਨ੍ਹਾਂ ਦੋਨੋਂ ਦੇਸ਼ਾਂ ਵੱਲ ਘੱਟ ਸੈਲਾਨੀ ਆਉਂਦੇ ਹਨ, ਇਨ੍ਹਾਂ ਇਲਾਕੀਆਂ ਦੇ ਪ੍ਰਮੁੱਖ ਆਕਰਸ਼ਨ ਅੰਡਰਡ ਰਿਹ ਜਾਂਦੇ ਹਨ I","ਵੈ ਨੂ ਆ ਟੂ   ਅ ਤੇ   ਸੋ ਲੋ ਮ ਨ   ਟਾ ਪੂ   ਕੁ ਦ ਰ ਤੀ   ਆ ਕ ਰ ਸ ਼ ਣਾ   ਵਿ ੱ ਚ   ਘ ੱ ਟ   ਨ ਹੀਂ   ਹ ਨ ;   ਪ ਰ ੰ ਤੂ   ਕਿ ਉ ਂ ਕਿ   ਇ ਨ੍ਹਾਂ   ਦੋ ਨੋਂ   ਦੇ ਸ਼ਾਂ   ਵ ੱ ਲ   ਘ ੱ ਟ   ਸੈ ਲਾ ਨੀ   ਆ ਉ ਂ ਦੇ   ਹ ਨ ,   ਇ ਨ੍ਹਾਂ   ਇ ਲਾ ਕੀ ਆ ਂ   ਦੇ   ਪ੍ਰ ਮੁ ੱ ਖ   ਆ ਕ ਰ ਸ਼ ਨ   ਅ ੰ ਡ ਰ ਡ   ਰਿ ਹ   ਜਾਂ ਦੇ   ਹ ਨ   I",92,30
"ਸਤੰਬਰ 2016 ਤੱਕ, ਸ਼ੇਨਜ਼ੇਨ ਅਤੇ ਹਾਂਗ ਕਾਂਗ ਦੀ ਸੀਮਾ ਵਿਚਕਾਰ ਨੋਂ ਕਰਾਸਿੰਗ ਪੁਆਇੰਟ ਹੈ, ਜਿਨ੍ਹਾਂ ਵਿਚੋਂ ਛੇ, ਜ਼ਮੀਨ ਦੇ ਰਸਤੇ ਹਨ I","ਸ ਤ ੰ ਬ ਰ   2 0 1 6   ਤ ੱ ਕ ,   ਸ ਼ ੇ ਨ ਜ ਼ ੇ ਨ   ਅ ਤੇ   ਹਾਂ ਗ   ਕਾਂ ਗ   ਦੀ   ਸੀ ਮਾ   ਵਿ ਚ ਕਾ ਰ   ਨੋਂ   ਕ ਰਾ ਸਿ ੰ ਗ   ਪੁ ਆ ਇ ੰ ਟ   ਹੈ ,   ਜਿ ਨ੍ਹਾਂ   ਵਿ ਚੋਂ   ਛੇ ,   ਜ਼ ਮੀ ਨ   ਦੇ   ਰ ਸ ਤੇ   ਹ ਨ   I",63,22
"ਬੰਗਲਦੇਸ਼ੀ ਪਿੰਡਾਂ ਵਿੱਚ ਚਿੱਕੜ, ਤੁੜੀ, ਲੱਕੜ, ਅਤੇ ਬਾਂਸ ਵਰਗੀਆਂ ਕੁਦਰਤੀ ਸਮੱਗਰੀਆਂ ਦੇ ਬਣੇ ਛੱਤ ਵਾਲੇ ਘਰ ਹਨ","ਬ ੰ ਗ ਲ ਦੇ ਸ਼ੀ   ਪਿ ੰ ਡਾਂ   ਵਿ ੱ ਚ   ਚਿ ੱ ਕ ੜ ,   ਤੁ ੜ ੀ ,   ਲ ੱ ਕ ੜ ,   ਅ ਤੇ   ਬਾਂ ਸ   ਵ ਰ ਗੀ ਆ ਂ   ਕੁ ਦ ਰ ਤੀ   ਸ ਮ ੱ ਗ ਰੀ ਆ ਂ   ਦੇ   ਬ ਣੇ   ਛ ੱ ਤ   ਵਾ ਲੇ   ਘ ਰ   ਹ ਨ",58,17
"ਅਫ਼੍ਰੀਕਾ ਦੇ ਇਸ ਜਿੱਸੇ ਵਿੱਚ ਤੁਸੀਂ ਵਰਤਾਰਾ ਸਾਵਨਾ ਸਫ਼ਰੀ ਦਾ ਅਨੁਭਵ ਲੈ ਸਕਦੇ ਹੋ, ਲੈਂਡ ਰੋਵਰ ਵਿੱਚ ਬੈਠ ਕੇ ਸ਼ੇਰ, ਚੀਤੇ ਅਤੇ ਹਾਥੀਆਂ ਨੂੰ ਖੋਜ ਸਕਦੇ ਹੋ I","ਅ ਫ਼ ੍ ਰੀ ਕਾ   ਦੇ   ਇ ਸ   ਜਿ ੱ ਸੇ   ਵਿ ੱ ਚ   ਤੁ ਸੀਂ   ਵ ਰ ਤਾ ਰਾ   ਸਾ ਵ ਨਾ   ਸ ਫ਼ ਰੀ   ਦਾ   ਅ ਨੁ ਭ ਵ   ਲੈ   ਸ ਕ ਦੇ   ਹੋ ,   ਲੈਂ ਡ   ਰੋ ਵ ਰ   ਵਿ ੱ ਚ   ਬੈ ਠ   ਕੇ   ਸ ਼ ੇ ਰ ,   ਚੀ ਤੇ   ਅ ਤੇ   ਹਾ ਥੀ ਆ ਂ   ਨੂ ੰ   ਖੋ ਜ   ਸ ਕ ਦੇ   ਹੋ   I",70,28
ਇਹ 1929 ਵਿੱਚ ਰੇਗੀਨੇਲਡ ਇੱਨੇਸ ਪੋਕੋਕ ਦੁਵਾਰਾਂ ਗੇਨੂਸ ਪੰਥੇਰਾ ਦੇ ਅਧੀਨ ਕਿਤਾ ਗਿਆ ਸੀ I,ਇ ਹ   1 9 2 9   ਵਿ ੱ ਚ   ਰੇ ਗੀ ਨੇ ਲ ਡ   ਇ ੱ ਨੇ ਸ   ਪੋ ਕੋ ਕ   ਦੁ ਵਾ ਰਾਂ   ਗੇ ਨੂ ਸ   ਪ ੰ ਥੇ ਰਾ   ਦੇ   ਅ ਧੀ ਨ   ਕਿ ਤਾ   ਗਿ ਆ   ਸੀ   I,41,15
ਬਾਲੀਪਾਰਾ ਤੋਂ ਹੋਰ ਅੱਗੇ 15 ਕਿਲੋਮੀਟਰ- ਤੁਸੀਂ ਜਾਂ ਤਾਂ ਈਟਾਨਗਰ-ਬੋਮਦਿਲਾ ਦੀ ਬੱਸ ਲੈ ਸਕਦੇ ਹੋ ਜੋ ਕਿ ਬਾਲੀਪਾਰਾ ਵਿਚੋਂ 11 ਵਜੇ ਦੇ ਨੇੜੇ ਨੰਘਦੀ ਹੈ ਅਤੇ ਤੁਹਾਨੂੰ ਨਾਮੇਰੀ ਬੱਸ ਅੱਡੇ ਦੇ ਉਤਾਰ ਦੇਵੇਗੀ (ਤੁਹਾਨੂੰ ਉਥੇ ਭਾਲੂਕਪੋਂਗ 22 ਦਾ ਮੀਲ ਪੱਥਰ ਦਿਸੇਗਾ) ਜਾਂ ਕਿਸੇ ਇੱਕ ਸਾਂਝੀ ਟੈਕਸੀ ਵਾਲੇ ਨਾਲ ਗੱਲਬਾਤ ਕਰ ਕੇ ਨਾਮੇਰੀ ਬੱਸ ਅਡੇ ਤੇ ਉਤਰ ਸਕਦੇ ਹੋ I,ਬਾ ਲੀ ਪਾ ਰਾ   ਤੋਂ   ਹੋ ਰ   ਅ ੱ ਗੇ   1 5   ਕਿ ਲੋ ਮੀ ਟ ਰ -   ਤੁ ਸੀਂ   ਜਾਂ   ਤਾਂ   ਈ ਟਾ ਨ ਗ ਰ - ਬੋ ਮ ਦਿ ਲਾ   ਦੀ   ਬ ੱ ਸ   ਲੈ   ਸ ਕ ਦੇ   ਹੋ   ਜੋ   ਕਿ   ਬਾ ਲੀ ਪਾ ਰਾ   ਵਿ ਚੋਂ   1 1   ਵ ਜੇ   ਦੇ   ਨੇ ੜ ੇ   ਨ ੰ ਘ ਦੀ   ਹੈ   ਅ ਤੇ   ਤੁ ਹਾ ਨੂ ੰ   ਨਾ ਮੇ ਰੀ   ਬ ੱ ਸ   ਅ ੱ ਡੇ   ਦੇ   ਉ ਤਾ ਰ   ਦੇ ਵੇ ਗੀ   ( ਤੁ ਹਾ ਨੂ ੰ   ਉ ਥੇ   ਭਾ ਲੂ ਕ ਪੋਂ ਗ   2 2   ਦਾ   ਮੀ ਲ   ਪ ੱ ਥ ਰ   ਦਿ ਸੇ ਗਾ )   ਜਾਂ   ਕਿ ਸੇ   ਇ ੱ ਕ   ਸਾਂ ਝੀ   ਟੈ ਕ ਸੀ   ਵਾ ਲੇ   ਨਾ ਲ   ਗ ੱ ਲ ਬਾ ਤ   ਕ ਰ   ਕੇ   ਨਾ ਮੇ ਰੀ   ਬ ੱ ਸ   ਅ ਡੇ   ਤੇ   ਉ ਤ ਰ   ਸ ਕ ਦੇ   ਹੋ   I,149,59
ਗੋਆ ਵਿੱਚ ਦੋ ਵਿਸ਼ਵ ਵਿਰਾਸਤ ਜਗਾਹਾ ਹਨ: ਬੋਮ ਜੀਸਸ ਬੇਸਿਲਿਕਾ ਅਤੇ ਪੁਰਾਣੇ ਗੋਆ ਦੀਆਂ ਗਿਰਜਾਘਰ ਤੇ ਕਾਨਵੈਂਟ I,ਗੋ ਆ   ਵਿ ੱ ਚ   ਦੋ   ਵਿ ਸ਼ ਵ   ਵਿ ਰਾ ਸ ਤ   ਜ ਗਾ ਹਾ   ਹ ਨ :   ਬੋ ਮ   ਜੀ ਸ ਸ   ਬੇ ਸਿ ਲਿ ਕਾ   ਅ ਤੇ   ਪੁ ਰਾ ਣੇ   ਗੋ ਆ   ਦੀ ਆ ਂ   ਗਿ ਰ ਜਾ ਘ ਰ   ਤੇ   ਕਾ ਨ ਵੈਂ ਟ   I,49,18
"ਮਹਾਨ ਮਿਸਰੀ ਅਜਾਇਬ ਘਰ, ਮਿਡਾਨ ਤਾਹਰੀਰ ਵਿੱਚ ਸਥਿਤ ਸਤਿਕਾਰਯੋਗ ਮਿਸਰੀ ਅਜਾਇਬ ਘਰ ਦੀ ਲੰਬੀ ਦੇਰ ਤੋਂ ਉਡੀਕ ਕਰ ਰਹੀ ਪੁਨਰ ਸਥਾਪਨਾ ਹੈ, ਜਿਸ ਵਿੱਚ ਵੱਡਾ ਪ੍ਰਦਰਸ਼ਨੀ ਖੇਤਰ, ਸਟੋਰੇਜ਼ ਅਤੇ ਕੰਮ-ਕਾਜ ਦਾ ਸਥਾਨ ਹੈ I","ਮ ਹਾ ਨ   ਮਿ ਸ ਰੀ   ਅ ਜਾ ਇ ਬ   ਘ ਰ ,   ਮਿ ਡਾ ਨ   ਤਾ ਹ ਰੀ ਰ   ਵਿ ੱ ਚ   ਸ ਥਿ ਤ   ਸ ਤਿ ਕਾ ਰ ਯੋ ਗ   ਮਿ ਸ ਰੀ   ਅ ਜਾ ਇ ਬ   ਘ ਰ   ਦੀ   ਲ ੰ ਬੀ   ਦੇ ਰ   ਤੋਂ   ਉ ਡੀ ਕ   ਕ ਰ   ਰ ਹੀ   ਪੁ ਨ ਰ   ਸ ਥਾ ਪ ਨਾ   ਹੈ ,   ਜਿ ਸ   ਵਿ ੱ ਚ   ਵ ੱ ਡਾ   ਪ੍ਰ ਦ ਰ ਸ ਼ ਨੀ   ਖੇ ਤ ਰ ,   ਸ ਟੋ ਰੇ ਜ ਼   ਅ ਤੇ   ਕ ੰ ਮ - ਕਾ ਜ   ਦਾ   ਸ ਥਾ ਨ   ਹੈ   I",101,34
"ਗਵਾਲੀਅਰ ਦੇਸ਼ ਦਾ ਇੱਕ ਮਹੱਤਵਪੂਰਨ ਇਤਿਹਾਸਕ ਅਤੇ ਸੈਰ-ਸਪਾਟਾ ਖੇਤਰ ਹੈ; ਇਸ ਕਰਕੇ, ਸੈਰ-ਸਪਾਟਾ ਖੇਤਰ ਦਾ ਵੀ ਸ਼ਹਿਰ ਦੀ ਆਰਥਿਕਤਾ ਤੇ ਪ੍ਰਭਾਵ ਪੈਂਦਾ ਹੈ I","ਗ ਵਾ ਲੀ ਅ ਰ   ਦੇ ਸ਼   ਦਾ   ਇ ੱ ਕ   ਮ ਹ ੱ ਤ ਵ ਪੂ ਰ ਨ   ਇ ਤਿ ਹਾ ਸ ਕ   ਅ ਤੇ   ਸੈ ਰ - ਸ ਪਾ ਟਾ   ਖੇ ਤ ਰ   ਹੈ ;   ਇ ਸ   ਕ ਰ ਕੇ ,   ਸੈ ਰ - ਸ ਪਾ ਟਾ   ਖੇ ਤ ਰ   ਦਾ   ਵੀ   ਸ਼ ਹਿ ਰ   ਦੀ   ਆ ਰ ਥਿ ਕ ਤਾ   ਤੇ   ਪ੍ਰ ਭਾ ਵ   ਪੈਂ ਦਾ   ਹੈ   I",71,24
ਕੇਪ ਨੂੰ ਬਾਅਦ ਵਿੱਚ ਚੌਂਕੀ ਦੀ ਮੌਜੂਦਗੀ ਦੇ ਸਨਮਾਨ ਵਿੱਚ ਕੇਪ ਆਫ਼ ਗੁੱਡ ਹੋਪ ਵਜੋਂ ਨਾਮ ਦਿੱਤਾ ਗਿਆ,ਕੇ ਪ   ਨੂ ੰ   ਬਾ ਅ ਦ   ਵਿ ੱ ਚ   ਚੌਂ ਕੀ   ਦੀ   ਮੌ ਜੂ ਦ ਗੀ   ਦੇ   ਸ ਨ ਮਾ ਨ   ਵਿ ੱ ਚ   ਕੇ ਪ   ਆ ਫ਼   ਗੁ ੱ ਡ   ਹੋ ਪ   ਵ ਜੋਂ   ਨਾ ਮ   ਦਿ ੱ ਤਾ   ਗਿ ਆ,43,18
ਕਿਊਬਾ ਦੇ ਅਫ਼ਸਰਾ ਦਾ ਅਨੁਮਾਨ ਹੈ ਕਿ 1999 ਵਿੱਚ ਲੱਗਭਗ 1,ਕਿ ਊ ਬਾ   ਦੇ   ਅ ਫ਼ ਸ ਰਾ   ਦਾ   ਅ ਨੁ ਮਾ ਨ   ਹੈ   ਕਿ   1 9 9 9   ਵਿ ੱ ਚ   ਲ ੱ ਗ ਭ ਗ   1,28,11
"6 ਕਰੋੜ ਸੈਲਾਨੀਆਂ ਨੇ ਕਿਊਬਾ ਦੀ ਸੈਰ ਕਿਤੀ, ਜਿਸ ਨਾਲ $1","6   ਕ ਰੋ ੜ   ਸੈ ਲਾ ਨੀ ਆ ਂ   ਨੇ   ਕਿ ਊ ਬਾ   ਦੀ   ਸੈ ਰ   ਕਿ ਤੀ ,   ਜਿ ਸ   ਨਾ ਲ   $ 1",25,11
9 ਕਰੋੜ ਕੁੱਲ ਆਮਦਨ ਦਰਜ਼ ਹੋਈ ਹੈ I,9   ਕ ਰੋ ੜ   ਕੁ ੱ ਲ   ਆ ਮ ਦ ਨ   ਦ ਰ ਜ਼   ਹੋ ਈ   ਹੈ   I,18,8
"ਇਸ ਖੇਤਰ ਦੇ ਪਕਵਾਨਾਂ ਵਿੱਚ ਮਹੱਤਵਪੂਰਨ ਅਰਬ ਸੀਰੀਅਨ, ਪੁਰਤਗਾਲੀ, ਡੱਚ ਯਹੂਦੀ, ਅਤੇ ਮੱਧ ਪੂਰਬੀ ਪ੍ਰਭਾਵ ਮੌਜੂਦ ਹਨ","ਇ ਸ   ਖੇ ਤ ਰ   ਦੇ   ਪ ਕ ਵਾ ਨਾਂ   ਵਿ ੱ ਚ   ਮ ਹ ੱ ਤ ਵ ਪੂ ਰ ਨ   ਅ ਰ ਬ   ਸੀ ਰੀ ਅ ਨ ,   ਪੁ ਰ ਤ ਗਾ ਲੀ ,   ਡ ੱ ਚ   ਯ ਹੂ ਦੀ ,   ਅ ਤੇ   ਮ ੱ ਧ   ਪੂ ਰ ਬੀ   ਪ੍ਰ ਭਾ ਵ   ਮੌ ਜੂ ਦ   ਹ ਨ",58,17
"ਲੋਨਾਵਲਾ, ਮਹਾਰਾਸ਼ਟਰਾ ਵਿੱਚ ਇੱਕ ਪਹਾੜੀ ਸਟੇਸ਼ਨ ਹੈ, ਅਤੇ ਤੁਸੀਂ ਗਰਮ ਮਸਾਲਾ ਚਾਹ ਜਾਂ ਵੜਾਪਾਵ ਨਹੀਂ ਛੱਡ ਸਕਦੇ ( ਸ਼ਾਕਾਹਾਰੀ ਭਾਰਤੀ ਬਰਗਰ ਜਿਸ ਵਿੱਚ ਆਲੂ ਦੀ ਇੱਕ ਪੈਟੀ ਭਰੀ ਹੁੰਦੀ ਹੈ ਜੋ ਕਿ ਬੇਸਨ ਨਾਲ ਤਲੀ ਜਾਂਦੀ ਹੈ)","ਲੋ ਨਾ ਵ ਲਾ ,   ਮ ਹਾ ਰਾ ਸ਼ ਟ ਰਾ   ਵਿ ੱ ਚ   ਇ ੱ ਕ   ਪ ਹਾ ੜ ੀ   ਸ ਟੇ ਸ ਼ ਨ   ਹੈ ,   ਅ ਤੇ   ਤੁ ਸੀਂ   ਗ ਰ ਮ   ਮ ਸਾ ਲਾ   ਚਾ ਹ   ਜਾਂ   ਵ ੜ ਾ ਪਾ ਵ   ਨ ਹੀਂ   ਛ ੱ ਡ   ਸ ਕ ਦੇ   (   ਸ ਼ ਾ ਕਾ ਹਾ ਰੀ   ਭਾ ਰ ਤੀ   ਬ ਰ ਗ ਰ   ਜਿ ਸ   ਵਿ ੱ ਚ   ਆ ਲੂ   ਦੀ   ਇ ੱ ਕ   ਪੈ ਟੀ   ਭ ਰੀ   ਹੁ ੰ ਦੀ   ਹੈ   ਜੋ   ਕਿ   ਬੇ ਸ ਨ   ਨਾ ਲ   ਤ ਲੀ   ਜਾਂ ਦੀ   ਹੈ )",100,37
"ਮਡੰਗ ਹਰ ਪੱਧਰ ਦੀ ਸਕੂਬਾ ਡਾਵਿੰਗ ਲਈ ਚੰਗਾ ਹੈ,ਅਤੇ ਕੋਰਲ ਰੀਫ ਕਈ ਨਿਰਾਲੀ ਰੰਗੀਨ ਕਿਸਮਾਂ ਦੀ ਮੱਛੀਆਂ ਦਾ ਘਰ ਹੈ I","ਮ ਡ ੰ ਗ   ਹ ਰ   ਪ ੱ ਧ ਰ   ਦੀ   ਸ ਕੂ ਬਾ   ਡਾ ਵਿ ੰ ਗ   ਲ ਈ   ਚ ੰ ਗਾ   ਹੈ , ਅ ਤੇ   ਕੋ ਰ ਲ   ਰੀ ਫ   ਕ ਈ   ਨਿ ਰਾ ਲੀ   ਰ ੰ ਗੀ ਨ   ਕਿ ਸ ਮਾਂ   ਦੀ   ਮ ੱ ਛੀ ਆ ਂ   ਦਾ   ਘ ਰ   ਹੈ   I",55,21
"ਅੰਤ ਵਿੱਚ, ਤਪਤਖੰਡੀ ਏਸ਼ੀਆਂ , ਜੋ ਕਿ ਪੂਰਬੀ ਏਸ਼ੀਆ ਅਤੇ ਜਿਆਦਾਤਰ ਦੱਖਣ ਅਤੇ ਦੱਖਣ-ਪੂਰਬੀ ਏਸ਼ੀਆ ਨੂੰ ਸਰਪੋਸ਼ ਕਰਦਾ ਹੈ, ਜਿਥੇ ਉੱਥੇ ਨਾ ਕਾਸ਼ਤ ਜਾਂ ਸ਼ਹਿਰੀਕਰਨ ਕੀਤਾ ਜਾਂਦੀ ਹੈ, ਓਹ ਵਿਵਿਧ ਪ੍ਰਕਾਰ ਦੇ ਤਪਤਖੰਡੀ ਜੰਗਲਾਂ ਤੇ ਹਜ਼ਾਰੋਂ ਖੰਡੇ ਨਾਲ ਪ੍ਰਭਾਵਿਤ ਹੋਈਆਂ ਹੈ, ਮਾਲਦੀਵ ਵਰਗੇ ਇਕਾਂਤ ਫਿਰਦੌਸ ਟਾਪੂਆਂ ਤੋਂ ਲੈ ਕੇ ਥਾਈਲੈਂਡ ਵਿੱਚ ਦੁਨੀਆ ਦੇ ਸਭ ਤੋਂ ਪ੍ਰਸਿੱਧ ਬੀਚ ਰਿਜ਼ੋਰਟਾਂ ਤੱਕ","ਅ ੰ ਤ   ਵਿ ੱ ਚ ,   ਤ ਪ ਤ ਖ ੰ ਡੀ   ਏ ਸ਼ੀ ਆ ਂ   ,   ਜੋ   ਕਿ   ਪੂ ਰ ਬੀ   ਏ ਸ ਼ ੀ ਆ   ਅ ਤੇ   ਜਿ ਆ ਦਾ ਤ ਰ   ਦ ੱ ਖ ਣ   ਅ ਤੇ   ਦ ੱ ਖ ਣ - ਪੂ ਰ ਬੀ   ਏ ਸ ਼ ੀ ਆ   ਨੂ ੰ   ਸ ਰ ਪੋ ਸ਼   ਕ ਰ ਦਾ   ਹੈ ,   ਜਿ ਥੇ   ਉ ੱ ਥੇ   ਨਾ   ਕਾ ਸ ਼ ਤ   ਜਾਂ   ਸ ਼ ਹਿ ਰੀ ਕ ਰ ਨ   ਕੀ ਤਾ   ਜਾਂ ਦੀ   ਹੈ ,   ਓ ਹ   ਵਿ ਵਿ ਧ   ਪ੍ਰ ਕਾ ਰ   ਦੇ   ਤ ਪ ਤ ਖ ੰ ਡੀ   ਜ ੰ ਗ ਲਾਂ   ਤੇ   ਹ ਜ਼ ਾ ਰੋਂ   ਖ ੰ ਡੇ   ਨਾ ਲ   ਪ੍ਰ ਭਾ ਵਿ ਤ   ਹੋ ਈ ਆ ਂ   ਹੈ ,   ਮਾ ਲ ਦੀ ਵ   ਵ ਰ ਗੇ   ਇ ਕਾਂ ਤ   ਫਿ ਰ ਦੌ ਸ   ਟਾ ਪੂ ਆ ਂ   ਤੋਂ   ਲੈ   ਕੇ   ਥਾ ਈ ਲੈਂ ਡ   ਵਿ ੱ ਚ   ਦੁ ਨੀ ਆ   ਦੇ   ਸ ਭ   ਤੋਂ   ਪ੍ਰ ਸਿ ੱ ਧ   ਬੀ ਚ   ਰਿ ਜ ਼ ੋ ਰ ਟਾਂ   ਤ ੱ ਕ",178,59
"ਮਹਾਂਦੀਪ ਦੇ ਪੱਛਮੀ ਹਿੱਸੇ ਦੇ ਕਈ ਪਹਾੜ ਜਵਾਲਾਮੁਖੀ ਹਨ, ਇੰਡੋਨੇਸ਼ਿਯਾ ਅਤੇ ਕਾਮਚਟਕਾ ਸੱਚਮੁੱਚ ਹੀ ਜਵਾਲਾਮੁਖੀ ਸੈਰ-ਸਪਾਟੇ ਲਈ ਬਹੁਤ ਵਧੀਆ ਥਾਵਾਂ ਹਨ I","ਮ ਹਾਂ ਦੀ ਪ   ਦੇ   ਪ ੱ ਛ ਮੀ   ਹਿ ੱ ਸੇ   ਦੇ   ਕ ਈ   ਪ ਹਾ ੜ   ਜ ਵਾ ਲਾ ਮੁ ਖੀ   ਹ ਨ ,   ਇ ੰ ਡੋ ਨੇ ਸ਼ਿ ਯਾ   ਅ ਤੇ   ਕਾ ਮ ਚ ਟ ਕਾ   ਸ ੱ ਚ ਮੁ ੱ ਚ   ਹੀ   ਜ ਵਾ ਲਾ ਮੁ ਖੀ   ਸੈ ਰ - ਸ ਪਾ ਟੇ   ਲ ਈ   ਬ ਹੁ ਤ   ਵ ਧੀ ਆ   ਥਾ ਵਾਂ   ਹ ਨ   I",70,22
ਮੇਘਾਲਿਆ ਦਾ ਖਾਣ-ਪਾਣ ਬਾਕੀ ਉੱਤਰ- ਪੂਰਬੀ ਭਾਰਤੀ ਰਾਜਾ ਤੋਂ ਵੱਖਰਾ ਹੈ I,ਮੇ ਘਾ ਲਿ ਆ   ਦਾ   ਖਾ ਣ - ਪਾ ਣ   ਬਾ ਕੀ   ਉ ੱ ਤ ਰ -   ਪੂ ਰ ਬੀ   ਭਾ ਰ ਤੀ   ਰਾ ਜਾ   ਤੋਂ   ਵ ੱ ਖ ਰਾ   ਹੈ   I,32,12
"ਸ਼ਹਿਰ ਦੀਆਂ ਧਨਵਾਨ ਸਾਹਿਤਕ ਸੰਸਕਾਰਾ ਨੂੰ ਅੰਤਰਰਾਸ਼ਟਰੀ ਪਧਰ ਤੇ ਬੂਕਰ ਪੁਰਸਕਾਰ ਦੇ ਜੇਤੂਆਂ, ਸਲਮਾਨ ਰੁਸ਼ਦੀ ਅਤੇ ਅਰਾਵਿੰਡ ਅਡਿਗਾ ਦੁਵਾਰਾਂ ਉਜਾਗਰ ਕਿਤਾ ਗਿਆ ਹੈ I","ਸ਼ ਹਿ ਰ   ਦੀ ਆ ਂ   ਧ ਨ ਵਾ ਨ   ਸਾ ਹਿ ਤ ਕ   ਸ ੰ ਸ ਕਾ ਰਾ   ਨੂ ੰ   ਅ ੰ ਤ ਰ ਰਾ ਸ ਼ ਟ ਰੀ   ਪ ਧ ਰ   ਤੇ   ਬੂ ਕ ਰ   ਪੁ ਰ ਸ ਕਾ ਰ   ਦੇ   ਜੇ ਤੂ ਆ ਂ ,   ਸ ਲ ਮਾ ਨ   ਰੁ ਸ਼ ਦੀ   ਅ ਤੇ   ਅ ਰਾ ਵਿ ੰ ਡ   ਅ ਡਿ ਗਾ   ਦੁ ਵਾ ਰਾਂ   ਉ ਜਾ ਗ ਰ   ਕਿ ਤਾ   ਗਿ ਆ   ਹੈ   I",78,24
ਕੰਬੋਡੀਆ ਦੇ ਬਾਹਰ ਤੋਂ ਆਉਣ ਵਾਲੇ ਸੈਲਾਨੀਆਂ ਨੂੰ ਅੰਗਕੋਰ ਪਾਸ ਖਰੀਦਣਾ ਪਵੇਗਾ ਤਾਂ ਜੋ ਓਹ ਅੰਗਕੋਰ ਪੁਰਾਤੱਤਵ ਸੈਰਗਾਹ ਲੰਘ ਸਕਣ I,ਕ ੰ ਬੋ ਡੀ ਆ   ਦੇ   ਬਾ ਹ ਰ   ਤੋਂ   ਆ ਉ ਣ   ਵਾ ਲੇ   ਸੈ ਲਾ ਨੀ ਆ ਂ   ਨੂ ੰ   ਅ ੰ ਗ ਕੋ ਰ   ਪਾ ਸ   ਖ ਰੀ ਦ ਣਾ   ਪ ਵੇ ਗਾ   ਤਾਂ   ਜੋ   ਓ ਹ   ਅ ੰ ਗ ਕੋ ਰ   ਪੁ ਰਾ ਤ ੱ ਤ ਵ   ਸੈ ਰ ਗਾ ਹ   ਲ ੰ ਘ   ਸ ਕ ਣ   I,62,21
"ਓਰਲੈਂਡੋ, ਫਲੋਰੀਡਾ ਦੀਆਂ ਅਨੇਕ ਆਕਰਸ਼ਣਾ ਦੇ ਬਾਵਜੂਦ ਵੀ, ਮਾਊਸ ਹਾਉਸ, ਓਨ੍ਹਾਂ ਵਿਚੋਂ ਅਲੱਗ ਖੜਾ ਹੁੰਦਾ ਹੈ, ਓਹ ਮੋਤੀ ਜੋ ਕਿ ਹਰ ਸਾਲ ਕਰੋੜਾਂ ਸੈਲਾਨੀਆਂ ਨੂੰ ਆਕਰਸ਼ਿਤ ਕਰਦਾ ਹੈ I","ਓ ਰ ਲੈਂ ਡੋ ,   ਫ ਲੋ ਰੀ ਡਾ   ਦੀ ਆ ਂ   ਅ ਨੇ ਕ   ਆ ਕ ਰ ਸ ਼ ਣਾ   ਦੇ   ਬਾ ਵ ਜੂ ਦ   ਵੀ ,   ਮਾ ਊ ਸ   ਹਾ ਉ ਸ ,   ਓ ਨ੍ਹਾਂ   ਵਿ ਚੋਂ   ਅ ਲ ੱ ਗ   ਖ ੜ ਾ   ਹੁ ੰ ਦਾ   ਹੈ ,   ਓ ਹ   ਮੋ ਤੀ   ਜੋ   ਕਿ   ਹ ਰ   ਸਾ ਲ   ਕ ਰੋ ੜ ਾ ਂ   ਸੈ ਲਾ ਨੀ ਆ ਂ   ਨੂ ੰ   ਆ ਕ ਰ ਸ਼ਿ ਤ   ਕ ਰ ਦਾ   ਹੈ   I",83,29
"ਸੈਨ ਫ੍ਰਾਂਸਿਸਕੋ ਬੈ ਫੈਰੀ, ਫੈਰੀ ਇਮਾਰਤ ਤੋਂ ਸ਼ੁਰੂ ਹੋ ਕੇ ਪਿਅਰ 39 ਦੇ ਓਕਲੈਂਡ, ਅਲਾਮੇਡਾ, ਬੇ ਫਾਰਮ ਆਈਲੈਂਡ, ਦੱਖਣੀ ਸਾਨ ਫਰਾਂਸਿਸਕੋ, ਅਤੇ ਉੱਤਰ ਤੋਂ ਸੋਲਾਨੋ ਕਾਉਂਟੀ ਵਿੱਚ ਵੈਲੇਜੋ ਨੁਕਤੇ ਤੱਕ ਚਲਦੀ ਹੈ I","ਸੈ ਨ   ਫ੍ਰਾਂ ਸਿ ਸ ਕੋ   ਬੈ   ਫੈ ਰੀ ,   ਫੈ ਰੀ   ਇ ਮਾ ਰ ਤ   ਤੋਂ   ਸ਼ੁ ਰੂ   ਹੋ   ਕੇ   ਪਿ ਅ ਰ   3 9   ਦੇ   ਓ ਕ ਲੈਂ ਡ ,   ਅ ਲਾ ਮੇ ਡਾ ,   ਬੇ   ਫਾ ਰ ਮ   ਆ ਈ ਲੈਂ ਡ ,   ਦ ੱ ਖ ਣੀ   ਸਾ ਨ   ਫ ਰਾਂ ਸਿ ਸ ਕੋ ,   ਅ ਤੇ   ਉ ੱ ਤ ਰ   ਤੋਂ   ਸੋ ਲਾ ਨੋ   ਕਾ ਉ ਂ ਟੀ   ਵਿ ੱ ਚ   ਵੈ ਲੇ ਜੋ   ਨੁ ਕ ਤੇ   ਤ ੱ ਕ   ਚ ਲ ਦੀ   ਹੈ   I",89,33
ਸਭ ਤੋਂ ਨਜ਼ਦੀਕੀ ਦਿੱਲੀ ਮੈਟਰੋ ਸਟੇਸ਼ਨ ਪੀਲੀ ਲਾਈਨ 'ਤੇ ਅਰਜਨ ਗੜ੍ਹ ਹੈ,ਸ ਭ   ਤੋਂ   ਨ ਜ਼ ਦੀ ਕੀ   ਦਿ ੱ ਲੀ   ਮੈ ਟ ਰੋ   ਸ ਟੇ ਸ਼ ਨ   ਪੀ ਲੀ   ਲਾ ਈ ਨ   ' ਤੇ   ਅ ਰ ਜ ਨ   ਗ ੜ ੍ ਹ   ਹੈ,33,12
"ਲੋਕਲ ਟੈਕਸੀਆਂ ਵੀ ਚੈਰਾਪੂੰਜੀ ਤੱਕ ਜਾਂਦੀਆਂ ਹਨ, ਅਤੇ ਓਹ ਤੁਹਾਨੂੰ ਸ਼ਿੱਲੋਂਗ ਤੋਂ ਚੈਰਾਪੂੰਜੀ ਕਈ ਨਜ਼ਾਰੇ ਅਤੇ ਦਿਸ਼੍ਰ (ਐਲੀਫੈਂਟ ਫ਼ਾਲਸ, ਮਾਵਕਡੋਕ ਡਾਇਮਪੇਪ ਵੈਲੀ ਵਿਊ, ਅਤੇ ਹੋਰ) ਵੇਖਣ ਲਈ ਅਤੇ ਚੈਰਾਪੂੰਜੀ ਵਿੱਚ ਘੁਮਣ ਦੀਆਂ ਥਾਵਾਂ (ਮੌਸਮਾਈ ਗੁਫਫ਼, ਚੈਰਾਪੁੰਜੀ ਈਕੋ ਪਾਰਕ, ​​ਨੋਹਸਿੰਗਥਿਯਾਂਗ ਫ਼ਾਲਸ, ਜਾਂ ਸੈਵਨ ਸਿਸਟਰ ਫ਼ਾਲਸ) ਤੇ ਰੁਕਣ ਦਾ ਵਿਕਅਲਪ ਦਿੰਦੇ ਹਨ I","ਲੋ ਕ ਲ   ਟੈ ਕ ਸੀ ਆ ਂ   ਵੀ   ਚੈ ਰਾ ਪੂ ੰ ਜੀ   ਤ ੱ ਕ   ਜਾਂ ਦੀ ਆ ਂ   ਹ ਨ ,   ਅ ਤੇ   ਓ ਹ   ਤੁ ਹਾ ਨੂ ੰ   ਸ਼ਿ ੱ ਲੋਂ ਗ   ਤੋਂ   ਚੈ ਰਾ ਪੂ ੰ ਜੀ   ਕ ਈ   ਨ ਜ਼ ਾ ਰੇ   ਅ ਤੇ   ਦਿ ਸ਼੍ਰ   ( ਐ ਲੀ ਫੈਂ ਟ   ਫ਼ ਾ ਲ ਸ ,   ਮਾ ਵ ਕ ਡੋ ਕ   ਡਾ ਇ ਮ ਪੇ ਪ   ਵੈ ਲੀ   ਵਿ ਊ ,   ਅ ਤੇ   ਹੋ ਰ )   ਵੇ ਖ ਣ   ਲ ਈ   ਅ ਤੇ   ਚੈ ਰਾ ਪੂ ੰ ਜੀ   ਵਿ ੱ ਚ   ਘੁ ਮ ਣ   ਦੀ ਆ ਂ   ਥਾ ਵਾਂ   ( ਮੌ ਸ ਮਾ ਈ   ਗੁ ਫ ਫ਼ ,   ਚੈ ਰਾ ਪੁ ੰ ਜੀ   ਈ ਕੋ   ਪਾ ਰ ਕ ,   ​ ​ ਨੋ ਹ ਸਿ ੰ ਗ ਥਿ ਯਾਂ ਗ   ਫ਼ ਾ ਲ ਸ ,   ਜਾਂ   ਸੈ ਵ ਨ   ਸਿ ਸ ਟ ਰ   ਫ਼ ਾ ਲ ਸ )   ਤੇ   ਰੁ ਕ ਣ   ਦਾ   ਵਿ ਕ ਅ ਲ ਪ   ਦਿ ੰ ਦੇ   ਹ ਨ   I",169,51
"ਰਾਸ਼ਟਰੀ ਸੈਰਗਾਹ ਦੇ ਸੈਲਾਨੀਆਂ ਕੋਲ ਬਹੁਤ ਸਾਰੇ ਵਿਕਲਪ ਹਨ, ਜਿਸ ਵਿੱਚ ਦੂਰ-ਦੁਰੇਡੇ ਉੱਤਰੀ ਰਿਮ ;ਹੋਰ ਪਹੁੰਚਯੋਗ (ਅਤੇ ਇਸ ਲਈ ਹੋਰ ਭੀੜ ) ਦੱਖਣੀ ਰਿਮ; ਕੈਨਯੋਨ ਦੇ ਹਿੱਸੇ, ਜਿਵੇ ਕਿ ਫੈਂਟਮ ਰੈਂਚ ਜਾਂ ਕੋਲੋਰਾਡੋ ਨਦੀ, ਜਿਸ ਉਪਰ ਕਈ ਕਿਸ਼ਤੀ ਯਾਤਰਾਵਾਂ ਕੀਤੀਆਂ ਜਾਂਦੀਆਂ ਹਨ","ਰਾ ਸ ਼ ਟ ਰੀ   ਸੈ ਰ ਗਾ ਹ   ਦੇ   ਸੈ ਲਾ ਨੀ ਆ ਂ   ਕੋ ਲ   ਬ ਹੁ ਤ   ਸਾ ਰੇ   ਵਿ ਕ ਲ ਪ   ਹ ਨ ,   ਜਿ ਸ   ਵਿ ੱ ਚ   ਦੂ ਰ - ਦੁ ਰੇ ਡੇ   ਉ ੱ ਤ ਰੀ   ਰਿ ਮ   ; ਹੋ ਰ   ਪ ਹੁ ੰ ਚ ਯੋ ਗ   ( ਅ ਤੇ   ਇ ਸ   ਲ ਈ   ਹੋ ਰ   ਭੀ ੜ   )   ਦ ੱ ਖ ਣੀ   ਰਿ ਮ ;   ਕੈ ਨ ਯੋ ਨ   ਦੇ   ਹਿ ੱ ਸੇ ,   ਜਿ ਵੇ   ਕਿ   ਫੈਂ ਟ ਮ   ਰੈਂ ਚ   ਜਾਂ   ਕੋ ਲੋ ਰਾ ਡੋ   ਨ ਦੀ ,   ਜਿ ਸ   ਉ ਪ ਰ   ਕ ਈ   ਕਿ ਸ਼ ਤੀ   ਯਾ ਤ ਰਾ ਵਾਂ   ਕੀ ਤੀ ਆ ਂ   ਜਾਂ ਦੀ ਆ ਂ   ਹ ਨ",123,42
"ਉੱਤਰੀ ਅਰੀਜ਼ੋਨਾ ਵਿੱਚ ਸਥਿਤ ਗ੍ਰੈਂਡ ਕੈਨਿਯਨ, ਸੰਯੁਕਤ ਰਾਜ ਦੀ ਸਭ ਤੋਂ ਵੱਡੀ ਯਾਤਰੂ ਆਕਰਸ਼ਣ ਹੈ ਅਤੇ ਵਿਸ਼ਵ ਦੇ ਸੱਤ ਕੁਦਰੀਤੀ ਅਜੂਬੀਆਂ ਵਿਚੋਂ ਇੱਕ ਹੈ I","ਉ ੱ ਤ ਰੀ   ਅ ਰੀ ਜ ਼ ੋ ਨਾ   ਵਿ ੱ ਚ   ਸ ਥਿ ਤ   ਗ੍ਰੈਂ ਡ   ਕੈ ਨਿ ਯ ਨ ,   ਸ ੰ ਯੁ ਕ ਤ   ਰਾ ਜ   ਦੀ   ਸ ਭ   ਤੋਂ   ਵ ੱ ਡੀ   ਯਾ ਤ ਰੂ   ਆ ਕ ਰ ਸ ਼ ਣ   ਹੈ   ਅ ਤੇ   ਵਿ ਸ਼ ਵ   ਦੇ   ਸ ੱ ਤ   ਕੁ ਦ ਰੀ ਤੀ   ਅ ਜੂ ਬੀ ਆ ਂ   ਵਿ ਚੋਂ   ਇ ੱ ਕ   ਹੈ   I",72,25
"ਹੋਰਨਬੀਲ ਉਤਸਵ, ਅੰਤਰ-ਸਭਿਆਚਾਰਕ ਪਰਸਪਰਨੂੰ ਉਤਸ਼ਾਹ ਦੇਣ ਲਈ ਅਤੇ ਰਾਜ ਦੀ ਸੱਭਿਆਚਾਰਕ ਵਿਰਾਸਤ ਨੂੰ ਵਧਾਉਣ ਲਈ ਨਾਗਾਲੈਂਡ ਦੀ ਸਕਰਾਰ ਵਲੋਂ ਦਸੰਬਰ 2000 ਵਿੱਚ ਆਰੰਭ ਕਿਤਾ ਗਿਆ ਸੀ I","ਹੋ ਰ ਨ ਬੀ ਲ   ਉ ਤ ਸ ਵ ,   ਅ ੰ ਤ ਰ - ਸ ਭਿ ਆ ਚਾ ਰ ਕ   ਪ ਰ ਸ ਪ ਰ ਨੂ ੰ   ਉ ਤ ਸ ਼ ਾ ਹ   ਦੇ ਣ   ਲ ਈ   ਅ ਤੇ   ਰਾ ਜ   ਦੀ   ਸ ੱ ਭਿ ਆ ਚਾ ਰ ਕ   ਵਿ ਰਾ ਸ ਤ   ਨੂ ੰ   ਵ ਧਾ ਉ ਣ   ਲ ਈ   ਨਾ ਗਾ ਲੈਂ ਡ   ਦੀ   ਸ ਕ ਰਾ ਰ   ਵ ਲੋਂ   ਦ ਸ ੰ ਬ ਰ   2 0 0 0   ਵਿ ੱ ਚ   ਆ ਰ ੰ ਭ   ਕਿ ਤਾ   ਗਿ ਆ   ਸੀ   I",95,27
"ਚਰਚ ਸਟ੍ਰੀਟ ਵਿੱਚ ਸਥਿਤ ਸੈਵਨ ਇਲੈਵਨ ਜੂਸ ਦੀ ਦੁਕਾਨ, ਜਿਸ ਨੂੰ ਵਸਨੀਕ ਲੋਕ ""ਜੂਸ ਕਦਾਈ"" ਦੇ ਨਾਂ ਨਾਲ ਵੀ ਕਿੰਨਦੇ ਹਨ, ਇੱਕ ਵਧੀਆਂ ਆਣ-ਜਾਣ ਵਾਲੀ ਜਗਾਹ ਹੈ I","ਚ ਰ ਚ   ਸ ਟ੍ਰੀ ਟ   ਵਿ ੱ ਚ   ਸ ਥਿ ਤ   ਸੈ ਵ ਨ   ਇ ਲੈ ਵ ਨ   ਜੂ ਸ   ਦੀ   ਦੁ ਕਾ ਨ ,   ਜਿ ਸ   ਨੂ ੰ   ਵ ਸ ਨੀ ਕ   ਲੋ ਕ   "" ਜੂ ਸ   ਕ ਦਾ ਈ ""   ਦੇ   ਨਾਂ   ਨਾ ਲ   ਵੀ   ਕਿ ੰ ਨ ਦੇ   ਹ ਨ ,   ਇ ੱ ਕ   ਵ ਧੀ ਆ ਂ   ਆ ਣ - ਜਾ ਣ   ਵਾ ਲੀ   ਜ ਗਾ ਹ   ਹੈ   I",74,28
ਅੰਡਾਮਾਨ ਦੀਆਂ ਉੱਤਮ ਡੁਬਕੀ ਥਾਵਾਂ ਦੂਰ-ਦੁਰੇਡੇ ਟਿਕਾਣੀਆਂ ਵਿੱਚ ਸਥਿਤ ਹਨ ਅਤੇ ਉੱਥੇ ਬਿਨਾਂ ਨਿੱਜੀ ਯਾਚਟ ਚਾਰਟਰ ਤੋਂ ਪਹੁੰਚਣਾਮੁੰਕੀਨ ਨਹੀਂ ਹੈ I,ਅ ੰ ਡਾ ਮਾ ਨ   ਦੀ ਆ ਂ   ਉ ੱ ਤ ਮ   ਡੁ ਬ ਕੀ   ਥਾ ਵਾਂ   ਦੂ ਰ - ਦੁ ਰੇ ਡੇ   ਟਿ ਕਾ ਣੀ ਆ ਂ   ਵਿ ੱ ਚ   ਸ ਥਿ ਤ   ਹ ਨ   ਅ ਤੇ   ਉ ੱ ਥੇ   ਬਿ ਨਾਂ   ਨਿ ੱ ਜੀ   ਯਾ ਚ ਟ   ਚਾ ਰ ਟ ਰ   ਤੋਂ   ਪ ਹੁ ੰ ਚ ਣਾ ਮੁ ੰ ਕੀ ਨ   ਨ ਹੀਂ   ਹੈ   I,67,21
"ਵਾਲਟ ਡਿਜ਼ਨੀ ਦੁਨੀਆਂ ਦੇ ਚਾਰ ਕੇਂਦਰੀ ਵਿਸ਼ਾਵਸਤੂ ਪਾਰਕ ਹਨ: ਜਾਦੂ ਰਾਜ, ਏਪਕੋਟ, ਡਿਜ਼ਨੀ ਦੇ ਹੋੱਲਿਵੂਡ ਸਟੂਡੀਓ ਅਤੇ ਡਿਜ਼ਨੀ ਦੇ ਐਨਿਮਲ ਕਿੰਗਡਮ I","ਵਾ ਲ ਟ   ਡਿ ਜ਼ ਨੀ   ਦੁ ਨੀ ਆ ਂ   ਦੇ   ਚਾ ਰ   ਕੇਂ ਦ ਰੀ   ਵਿ ਸ਼ਾ ਵ ਸ ਤੂ   ਪਾ ਰ ਕ   ਹ ਨ :   ਜਾ ਦੂ   ਰਾ ਜ ,   ਏ ਪ ਕੋ ਟ ,   ਡਿ ਜ਼ ਨੀ   ਦੇ   ਹੋ ੱ ਲਿ ਵੂ ਡ   ਸ ਟੂ ਡੀ ਓ   ਅ ਤੇ   ਡਿ ਜ਼ ਨੀ   ਦੇ   ਐ ਨਿ ਮ ਲ   ਕਿ ੰ ਗ ਡ ਮ   I",66,22
"ਖਾਣ-ਪਾਣ ਜ਼ਿਆਦਾਤਰ ਦੋ ਉਪ-ਖੇਤਰਾਂ ਤੋਂ ਆਉਂਦਾ ਹੈ, ਗਢਵਾਲ ਅਤੇ ਕੁਮਆਓਨ, ਹਾਲਾਂਕਿ ਓਨ੍ਹਾਂ ਦੀ ਮੂਲ ਸਮੱਗਰੀ ਇਕੋ ਹੀ ਹੈ I","ਖਾ ਣ - ਪਾ ਣ   ਜ਼ ਿ ਆ ਦਾ ਤ ਰ   ਦੋ   ਉ ਪ - ਖੇ ਤ ਰਾਂ   ਤੋਂ   ਆ ਉ ਂ ਦਾ   ਹੈ ,   ਗ ਢ ਵਾ ਲ   ਅ ਤੇ   ਕੁ ਮ ਆ ਓ ਨ ,   ਹਾ ਲਾਂ ਕਿ   ਓ ਨ੍ਹਾਂ   ਦੀ   ਮੂ ਲ   ਸ ਮ ੱ ਗ ਰੀ   ਇ ਕੋ   ਹੀ   ਹੈ   I",55,19
"ਇੱਕ 32 ਕਿਲੋਮੀਟਰ ਲੰਬਾ, ਤੰਗ ਬਾਹਰੀ ਚੈਨਲ ਝੀਲ ਨੂੰ ਬੰਗਾਲ ਦੀ ਖਾੜੀ ਨਾਲ, ਮੋਟੋ ਪਿੰਡ ਦੇ ਨੇੜੇ ਜੋੜਦਾ ਹੈ I","ਇ ੱ ਕ   3 2   ਕਿ ਲੋ ਮੀ ਟ ਰ   ਲ ੰ ਬਾ ,   ਤ ੰ ਗ   ਬਾ ਹ ਰੀ   ਚੈ ਨ ਲ   ਝੀ ਲ   ਨੂ ੰ   ਬ ੰ ਗਾ ਲ   ਦੀ   ਖਾ ੜ ੀ   ਨਾ ਲ ,   ਮੋ ਟੋ   ਪਿ ੰ ਡ   ਦੇ   ਨੇ ੜ ੇ   ਜੋ ੜ ਦਾ   ਹੈ   I",52,20
ਭੁਟਾਨ ਦੇ ਸਿੱਖਿਆ ਪਰਬੰਧ ਵਿੱਚ ਅੰਗਰੇਜ਼ੀ ਸਿੱਖਿਆ ਦਾ ਮਾਧਿਅਮ ਹੈ ਅਤੇ ਜ਼ੋਂਗਖਾ ਰਾਸ਼ਟਰੀ ਭਾਸ਼ਾ ਵਜੋਂ ਸਿਖਾਈ ਜਾਂਦੀ ਹੈ I,ਭੁ ਟਾ ਨ   ਦੇ   ਸਿ ੱ ਖਿ ਆ   ਪ ਰ ਬ ੰ ਧ   ਵਿ ੱ ਚ   ਅ ੰ ਗ ਰੇ ਜ਼ ੀ   ਸਿ ੱ ਖਿ ਆ   ਦਾ   ਮਾ ਧਿ ਅ ਮ   ਹੈ   ਅ ਤੇ   ਜ ਼ ੋ ਂ ਗ ਖਾ   ਰਾ ਸ਼ ਟ ਰੀ   ਭਾ ਸ਼ਾ   ਵ ਜੋਂ   ਸਿ ਖਾ ਈ   ਜਾਂ ਦੀ   ਹੈ   I,55,19
"ਏਸ਼ਿਆਈ ਕਲਾਂ ਨੂੰ ਸਮਰਪਿਤ ਮੁੱਖ ਗੈਲਰੀ, ਗੈਲਰੀ 33 ਹੈ, ਜਿਸ ਵਿੱਚ ਚੀਨੀ, ਭਾਰਤੀ ਉਪ-ਮਹਾਂਦੀਪ, ਅਤੇ ਦੱਖਣ-ਪੂਰਬੀ ਏਸ਼ੀਆਈ ਵਸਤੂਆਂ ਦਾ ਵੱਡਾ ਪ੍ਰਦਰਸ਼ਨ ਹੈ I","ਏ ਸ਼ਿ ਆ ਈ   ਕ ਲਾਂ   ਨੂ ੰ   ਸ ਮ ਰ ਪਿ ਤ   ਮੁ ੱ ਖ   ਗੈ ਲ ਰੀ ,   ਗੈ ਲ ਰੀ   3 3   ਹੈ ,   ਜਿ ਸ   ਵਿ ੱ ਚ   ਚੀ ਨੀ ,   ਭਾ ਰ ਤੀ   ਉ ਪ - ਮ ਹਾਂ ਦੀ ਪ ,   ਅ ਤੇ   ਦ ੱ ਖ ਣ - ਪੂ ਰ ਬੀ   ਏ ਸ ਼ ੀ ਆ ਈ   ਵ ਸ ਤੂ ਆ ਂ   ਦਾ   ਵ ੱ ਡਾ   ਪ੍ਰ ਦ ਰ ਸ਼ ਨ   ਹੈ   I",78,23
"ਨਾਯਾਬ ਅਤੇ ਖਤਰੇ ਵਾਲੀਆਂ ਜਾਨਵਰ ਦੀਆਂ ਕਿਸਮਾਂ ਜਿਨ੍ਹਾਂ ਦੀ ਪਛਾਣ ਹੋਈ ਹੈ, ਓਹ ਹਨ ਹਰਾ ਸਮੁੰਦਰੀ ਕੱਛੂ, ਡੂਗੋਂਗ, ਇਰਾਵਦੀ ਡਾਲਫਿਨ, ਕਾਲਾ ਹਿਰਨ, ਸਪੂਨ-ਬਿਲਡ ਸੈਂਡਪਾਈਪਰ, ਚਿਲਿਕਾ ਲਿੰਬਲੇਸ ਸਕਿੰਕ, ਅਤੇ ਫਿਸ਼ਿੰਗ ਬਿੱਲੀ","ਨਾ ਯਾ ਬ   ਅ ਤੇ   ਖ ਤ ਰੇ   ਵਾ ਲੀ ਆ ਂ   ਜਾ ਨ ਵ ਰ   ਦੀ ਆ ਂ   ਕਿ ਸ ਮਾਂ   ਜਿ ਨ੍ਹਾਂ   ਦੀ   ਪ ਛਾ ਣ   ਹੋ ਈ   ਹੈ ,   ਓ ਹ   ਹ ਨ   ਹ ਰਾ   ਸ ਮੁ ੰ ਦ ਰੀ   ਕ ੱ ਛੂ ,   ਡੂ ਗੋਂ ਗ ,   ਇ ਰਾ ਵ ਦੀ   ਡਾ ਲ ਫਿ ਨ ,   ਕਾ ਲਾ   ਹਿ ਰ ਨ ,   ਸ ਪੂ ਨ - ਬਿ ਲ ਡ   ਸੈਂ ਡ ਪਾ ਈ ਪ ਰ ,   ਚਿ ਲਿ ਕਾ   ਲਿ ੰ ਬ ਲੇ ਸ   ਸ ਕਿ ੰ ਕ ,   ਅ ਤੇ   ਫਿ ਸ ਼ ਿ ੰ ਗ   ਬਿ ੱ ਲੀ",104,30
"ਰਾਜ ਦੇ ਤਟਵਰਤੀ ਜ਼ਿਲ੍ਹੀਆਂ ਵਿੱਚ ਕਈ ਸਾਹਿਲ ਹਨ, ਜਿਵੇਂ ਕਿ ਰੁਸ਼ੀਕੋਂਡਾ, ਮਾਈਪਾਡੂ, ਸੂਰਿਆਲੰਕਾ, ਆਦਿ, ਗੂਫਾਵਾਂ ਜਿਦਾਂ ਕਿ ਬੋਰਾ ਕੇਵਸ, ਭਾਰਤੀ ਪਥੱਰ ਤੋਂ ਕੱਟੀਆ ਹੋਈਆਂ ਇਮਾਰਤਾਂ, ਜੋ ਉਦਾਵੱਲੀ ਗੁਫਾਵਾਂ ਦਰਸਾਉਂਦੇ ਹਨ, ਅਤੇ ਦੇਸ਼ ਦੀ ਸਭ ਤੋਂ ਲੰਬੀ ਗੁਫ਼ਾ, ਬੇਲਮ ਕੇਵਸ I","ਰਾ ਜ   ਦੇ   ਤ ਟ ਵ ਰ ਤੀ   ਜ ਼ ਿ ਲ੍ਹੀ ਆ ਂ   ਵਿ ੱ ਚ   ਕ ਈ   ਸਾ ਹਿ ਲ   ਹ ਨ ,   ਜਿ ਵੇਂ   ਕਿ   ਰੁ ਸ ਼ ੀ ਕੋਂ ਡਾ ,   ਮਾ ਈ ਪਾ ਡੂ ,   ਸੂ ਰਿ ਆ ਲ ੰ ਕਾ ,   ਆ ਦਿ ,   ਗੂ ਫਾ ਵਾਂ   ਜਿ ਦਾਂ   ਕਿ   ਬੋ ਰਾ   ਕੇ ਵ ਸ ,   ਭਾ ਰ ਤੀ   ਪ ਥ ੱ ਰ   ਤੋਂ   ਕ ੱ ਟੀ ਆ   ਹੋ ਈ ਆ ਂ   ਇ ਮਾ ਰ ਤਾਂ ,   ਜੋ   ਉ ਦਾ ਵ ੱ ਲੀ   ਗੁ ਫਾ ਵਾਂ   ਦ ਰ ਸਾ ਉ ਂ ਦੇ   ਹ ਨ ,   ਅ ਤੇ   ਦੇ ਸ਼   ਦੀ   ਸ ਭ   ਤੋਂ   ਲ ੰ ਬੀ   ਗੁ ਫ਼ ਾ ,   ਬੇ ਲ ਮ   ਕੇ ਵ ਸ   I",123,40
"ਗਰੁਡਾ ਇੰਡੋਨੇਸ਼ੀਆ, ਜਕਾਰਤਾ ਤੋਂ ਹਫਤਾਵਾਰੀ ਆਉਣ ਤੇ ਜਾਣ ਦੀਆਂ ਚਾਰਟਰ ਉਡਾਣਾਂਚਲਾਂਦਾ ਹੈ, ਬੁਕਿੰਗ ਸੇਵਾ ਜਿਨ੍ਹਾਂ ਦੀ ਕ੍ਰਿਸਮਸ ਟਾਪੂ ਸੈਰ-ਸਪਾਟੇ ਮੁਦਰਾ ਜ਼ਰੀਏ ਕੀਤੀ ਜਾਂਦੀ ਹੈ I","ਗ ਰੁ ਡਾ   ਇ ੰ ਡੋ ਨੇ ਸ ਼ ੀ ਆ ,   ਜ ਕਾ ਰ ਤਾ   ਤੋਂ   ਹ ਫ ਤਾ ਵਾ ਰੀ   ਆ ਉ ਣ   ਤੇ   ਜਾ ਣ   ਦੀ ਆ ਂ   ਚਾ ਰ ਟ ਰ   ਉ ਡਾ ਣਾਂ ਚ ਲਾਂ ਦਾ   ਹੈ ,   ਬੁ ਕਿ ੰ ਗ   ਸੇ ਵਾ   ਜਿ ਨ੍ਹਾਂ   ਦੀ   ਕ੍ਰਿ ਸ ਮ ਸ   ਟਾ ਪੂ   ਸੈ ਰ - ਸ ਪਾ ਟੇ   ਮੁ ਦ ਰਾ   ਜ਼ ਰੀ ਏ   ਕੀ ਤੀ   ਜਾਂ ਦੀ   ਹੈ   I",76,25
"ਦਸੰਬਰ 2020 ਤੱਕ, ਭਾਰਤ ਵਿੱਚ 553 ਜੰਗਲੀ ਜੀਵ ਪਾਰਕ ਸਥਾਪਿਤ ਸਨ ਜੋ ਕਿ 119,776 ਵਰਗ ਕਿਲੋਮੀਟਰ ਦਾ ਖੇਤਰ ਨਾਪਦੇ ਹਨ I","ਦ ਸ ੰ ਬ ਰ   2 0 2 0   ਤ ੱ ਕ ,   ਭਾ ਰ ਤ   ਵਿ ੱ ਚ   5 5 3   ਜ ੰ ਗ ਲੀ   ਜੀ ਵ   ਪਾ ਰ ਕ   ਸ ਥਾ ਪਿ ਤ   ਸ ਨ   ਜੋ   ਕਿ   1 1 9 , 7 7 6   ਵ ਰ ਗ   ਕਿ ਲੋ ਮੀ ਟ ਰ   ਦਾ   ਖੇ ਤ ਰ   ਨਾ ਪ ਦੇ   ਹ ਨ   I",64,21
"ਕਰਾਈਕਲ ਵਿੱਚ ਸ਼ਰਾਬ ਗੁਆਂਢੀ ਤਾਮਿਲ ਨਾਡੂ ਨਾਲੋਂ ਸਸਤੀ ਹੈ, ਕਰਾਈਕਲ ਵਿੱਚ ਬਹੁਤ ਸਾਰੀਆਂ ਵਧੀਆ ਬਾਰਾਂ ਹਨ-ਨੰਦਾ ਹੋਟਲ ਵਿੱਚ ਨਿਆਗਰਾ ਬਾਰ, ਪੈਰਿਸ ਇੰਟਰਨੈਸ਼ਨਲ ਵਿੱਚ ਥੰਡਰ ਬਾਰ, ਸ਼ਹਿਰ ਬਾਰ-ਸ਼ਹਿਰ ਵਿੱਚ ਇੱਕ ਬਹੁਤ ਮਸ਼ਹੂਰ ਬਾਰ ਹੈ ਅਤੇ ਸਮੁੰਦਰੀ ਗੁੱਲ ਪਾਂਡਿਚੇਰੀ ਦੀ ਸਰਕਾਰ ਦੁਆਰਾ ਬਣਾਇਆ ਰੈਸਟੋਰੈਂਟ ਹੈ ਜੋ ਕਿ ਸਮੁੰਦਰੀ ਕਿਨਾਰੇ 'ਤੇ ਹੈ ਅਤੇ ਸ਼ਾਮ ਨੂੰ ਹੈਂਗ ਆਊਟਸ ਕਰਨ ਲਈ ਚੰਗੀ ਥਾਂ ਹੈ","ਕ ਰਾ ਈ ਕ ਲ   ਵਿ ੱ ਚ   ਸ਼ ਰਾ ਬ   ਗੁ ਆ ਂ ਢੀ   ਤਾ ਮਿ ਲ   ਨਾ ਡੂ   ਨਾ ਲੋਂ   ਸ ਸ ਤੀ   ਹੈ ,   ਕ ਰਾ ਈ ਕ ਲ   ਵਿ ੱ ਚ   ਬ ਹੁ ਤ   ਸਾ ਰੀ ਆ ਂ   ਵ ਧੀ ਆ   ਬਾ ਰਾਂ   ਹ ਨ - ਨ ੰ ਦਾ   ਹੋ ਟ ਲ   ਵਿ ੱ ਚ   ਨਿ ਆ ਗ ਰਾ   ਬਾ ਰ ,   ਪੈ ਰਿ ਸ   ਇ ੰ ਟ ਰ ਨੈ ਸ਼ ਨ ਲ   ਵਿ ੱ ਚ   ਥ ੰ ਡ ਰ   ਬਾ ਰ ,   ਸ਼ ਹਿ ਰ   ਬਾ ਰ - ਸ਼ ਹਿ ਰ   ਵਿ ੱ ਚ   ਇ ੱ ਕ   ਬ ਹੁ ਤ   ਮ ਸ਼ ਹੂ ਰ   ਬਾ ਰ   ਹੈ   ਅ ਤੇ   ਸ ਮੁ ੰ ਦ ਰੀ   ਗੁ ੱ ਲ   ਪਾਂ ਡਿ ਚੇ ਰੀ   ਦੀ   ਸ ਰ ਕਾ ਰ   ਦੁ ਆ ਰਾ   ਬ ਣਾ ਇ ਆ   ਰੈ ਸ ਟੋ ਰੈਂ ਟ   ਹੈ   ਜੋ   ਕਿ   ਸ ਮੁ ੰ ਦ ਰੀ   ਕਿ ਨਾ ਰੇ   ' ਤੇ   ਹੈ   ਅ ਤੇ   ਸ਼ਾ ਮ   ਨੂ ੰ   ਹੈਂ ਗ   ਆ ਊ ਟ ਸ   ਕ ਰ ਨ   ਲ ਈ   ਚ ੰ ਗੀ   ਥਾਂ   ਹੈ",179,59
"ਮਾਂ , ਚਲੋ ਕੱਲ੍ਹ ਫ਼ਿਲਮ ਦੇਖਣ ਚਲਦੇ ਹਾਂ","ਮਾਂ   ,   ਚ ਲੋ   ਕ ੱ ਲ੍ਹ   ਫ਼ ਿ ਲ ਮ   ਦੇ ਖ ਣ   ਚ ਲ ਦੇ   ਹਾਂ",18,8
ਮੈਂ ਕੱਲ੍ਹ ਸਕੂਲ ਨਹੀਂ ਜਾਣਾ,ਮੈਂ   ਕ ੱ ਲ੍ਹ   ਸ ਕੂ ਲ   ਨ ਹੀਂ   ਜਾ ਣਾ,11,5
ਛੁੱਟੀ ਹੈ,ਛੁ ੱ ਟੀ   ਹੈ,4,2
"ਅੱਛਾ, ਕੱਲ੍ਹ 14 ਅਪ੍ਰੈਲ ਹੈ ਹੈਂ ਨਾਂ","ਅ ੱ ਛਾ ,   ਕ ੱ ਲ੍ਹ   1 4   ਅ ਪ੍ਰੈ ਲ   ਹੈ   ਹੈਂ   ਨਾਂ",15,7
ਤੇਰੇ ਡੈਡੀ ਦੀ ਵੀ ਕੰਮ ਤੋਂ ਛੁੱਟੀ ਹੋਵੇਗੀ,ਤੇ ਰੇ   ਡੈ ਡੀ   ਦੀ   ਵੀ   ਕ ੰ ਮ   ਤੋਂ   ਛੁ ੱ ਟੀ   ਹੋ ਵੇ ਗੀ,16,8
ਆਪਾਂ ਫ਼ਿਲਮ ਦੇਖਣ ਦੀ ਯੋਜਨਾ ਬਣਾ ਸਕਦੇ ਹਾਂ,ਆ ਪਾਂ   ਫ਼ ਿ ਲ ਮ   ਦੇ ਖ ਣ   ਦੀ   ਯੋ ਜ ਨਾ   ਬ ਣਾ   ਸ ਕ ਦੇ   ਹਾਂ,19,8
ਇਹ ਚੰਗੀ ਖਬਰ ਹੈ,ਇ ਹ   ਚ ੰ ਗੀ   ਖ ਬ ਰ   ਹੈ,9,4
ਪਰ ਇਹ ਛੁੱਟੀ ਕਿਉਂ ਹੈ,ਪ ਰ   ਇ ਹ   ਛੁ ੱ ਟੀ   ਕਿ ਉ ਂ   ਹੈ,11,5
"ਕਿ ਕੱਲ੍ਹ ਸਾਰੇ ਸਕੂਲ, ਕਾਲਜ ਅਤੇ ਦਫ਼ਤਰ ਬੰਦ ਨੇ","ਕਿ   ਕ ੱ ਲ੍ਹ   ਸਾ ਰੇ   ਸ ਕੂ ਲ ,   ਕਾ ਲ ਜ   ਅ ਤੇ   ਦ ਫ਼ ਤ ਰ   ਬ ੰ ਦ   ਨੇ",23,9
ਕੱਲ੍ਹ ਅੰਬੇਦਕਰ ਜਯੰਤੀ ਹੈ,ਕ ੱ ਲ੍ਹ   ਅ ੰ ਬੇ ਦ ਕ ਰ   ਜ ਯ ੰ ਤੀ   ਹੈ,14,4
ਇਹ ਦਿਨ ਹਰ ਸਾਲ ਡਾ,ਇ ਹ   ਦਿ ਨ   ਹ ਰ   ਸਾ ਲ   ਡਾ,9,5
ਬੀ ਆਰ ਅੰਬੇਦਕਰ ਦੇ ਜਨਮ ਦਿਹਾੜੇ ਵਜੋਂ ਮਨਾਇਆ ਜਾਂਦਾ ਹੈ,ਬੀ   ਆ ਰ   ਅ ੰ ਬੇ ਦ ਕ ਰ   ਦੇ   ਜ ਨ ਮ   ਦਿ ਹਾ ੜ ੇ   ਵ ਜੋਂ   ਮ ਨਾ ਇ ਆ   ਜਾਂ ਦਾ   ਹੈ,26,10
ਕਿ ਤੂੰ ਉਹਨਾਂ ਬਾਰੇ ਸੁਣਿਆ ਹੈ,ਕਿ   ਤੂ ੰ   ਉ ਹ ਨਾਂ   ਬਾ ਰੇ   ਸੁ ਣਿ ਆ   ਹੈ,12,6
ਮੈਨੂੰ ਲੱਗਦਾ ਹੈ ਕਿ ਮੈਂ ਉਹਨਾਂ ਨੂੰ ਆਪਣੀ ਇਤਿਹਾਸ ਅਤੇ ਨਾਗਰਿਕ ਸ਼ਾਸਤਰ ਦੀ ਕਿਤਾਬ ਵਿੱਚ ਵੇਖਿਆ ਹੈ,ਮੈ ਨੂ ੰ   ਲ ੱ ਗ ਦਾ   ਹੈ   ਕਿ   ਮੈਂ   ਉ ਹ ਨਾਂ   ਨੂ ੰ   ਆ ਪ ਣੀ   ਇ ਤਿ ਹਾ ਸ   ਅ ਤੇ   ਨਾ ਗ ਰਿ ਕ   ਸ਼ਾ ਸ ਤ ਰ   ਦੀ   ਕਿ ਤਾ ਬ   ਵਿ ੱ ਚ   ਵੇ ਖਿ ਆ   ਹੈ,43,17
ਕਿ ਉਹ ਆਪਣੇ ਸੰਵਿਧਾਨ ਨਾਲ ਸਬੰਧਤ ਨੇ,ਕਿ   ਉ ਹ   ਆ ਪ ਣੇ   ਸ ੰ ਵਿ ਧਾ ਨ   ਨਾ ਲ   ਸ ਬ ੰ ਧ ਤ   ਨੇ,19,7
ਬਿਲਕੁੱਲ ਠੀਕ,ਬਿ ਲ ਕੁ ੱ ਲ   ਠੀ ਕ,7,2
ਉਹ ਭਾਰਤੀ ਸੰਵਿਧਾਨ ਦੇ ਪਿਤਾਮਾ ਵਜੋਂ ਜਾਣੇ ਜਾਂਦੇ ਹਨ,ਉ ਹ   ਭਾ ਰ ਤੀ   ਸ ੰ ਵਿ ਧਾ ਨ   ਦੇ   ਪਿ ਤਾ ਮਾ   ਵ ਜੋਂ   ਜਾ ਣੇ   ਜਾਂ ਦੇ   ਹ ਨ,22,9
ਉਹ ਇੱਕ ਨਾਗਰਿਕ ਅਧਿਕਾਰ ਕਾਰਕੁਨ ਸੀ ਜਿਨ੍ਹਾਂ ਨੇ ਸੰਵਿਧਾਨ ਨੂੰ ਤਿਆਰ ਕਰਨ ਵਿੱਚ ਇੱਕ ਅਹਿਮ ਭੂਮਿਕਾ ਨਿਭਾਈ,ਉ ਹ   ਇ ੱ ਕ   ਨਾ ਗ ਰਿ ਕ   ਅ ਧਿ ਕਾ ਰ   ਕਾ ਰ ਕੁ ਨ   ਸੀ   ਜਿ ਨ੍ਹਾਂ   ਨੇ   ਸ ੰ ਵਿ ਧਾ ਨ   ਨੂ ੰ   ਤਿ ਆ ਰ   ਕ ਰ ਨ   ਵਿ ੱ ਚ   ਇ ੱ ਕ   ਅ ਹਿ ਮ   ਭੂ ਮਿ ਕਾ   ਨਿ ਭਾ ਈ,49,17
ਓਨ੍ਹਾਂ ਨੇ ਜੀਵੰਤ ਜਮਹੂਰੀ ਢਾਂਚੇ ਨੂੰ ਰੂਪ ਦੇਂ ਵਿੱਚ ਇੱਕ ਮਹੱਤਵਪੂਰਨ ਭੂਮਿਕਾ ਨਿਭਾਈ ਜਿਸ 'ਤੇ ਭਾਰਤ ਨੂੰ ਮਾਣ ਹੈ,ਓ ਨ੍ਹਾਂ   ਨੇ   ਜੀ ਵ ੰ ਤ   ਜ ਮ ਹੂ ਰੀ   ਢਾਂ ਚੇ   ਨੂ ੰ   ਰੂ ਪ   ਦੇਂ   ਵਿ ੱ ਚ   ਇ ੱ ਕ   ਮ ਹ ੱ ਤ ਵ ਪੂ ਰ ਨ   ਭੂ ਮਿ ਕਾ   ਨਿ ਭਾ ਈ   ਜਿ ਸ   ' ਤੇ   ਭਾ ਰ ਤ   ਨੂ ੰ   ਮਾ ਣ   ਹੈ,50,19
ਹੁਣ ਮੈਨੂੰ ਯਾਦ ਆ ਗਿਆ,ਹੁ ਣ   ਮੈ ਨੂ ੰ   ਯਾ ਦ   ਆ   ਗਿ ਆ,10,5
ਅਸੀਂ ਦੂਜੇ ਦਿਨ ਆਪਣੀ ਨਾਗਰਿਕ ਸ਼ਾਸਤਰ ਦੀ ਕਲਾਸ ਵਿੱਚ ਉਸ ਬਾਰੇ ਚਰਚਾ ਕਰ ਰਹੇ ਸੀ,ਅ ਸੀਂ   ਦੂ ਜੇ   ਦਿ ਨ   ਆ ਪ ਣੀ   ਨਾ ਗ ਰਿ ਕ   ਸ਼ਾ ਸ ਤ ਰ   ਦੀ   ਕ ਲਾ ਸ   ਵਿ ੱ ਚ   ਉ ਸ   ਬਾ ਰੇ   ਚ ਰ ਚਾ   ਕ ਰ   ਰ ਹੇ   ਸੀ,36,15
ਮੈਡਮ ਨੇ ਕਿਹਾ ਕਿ ਉਹ ਸਾਨੂੰ ਉਨ੍ਹਾਂ ਬਾਰੇ ਹੋਰ ਦੱਸਣਗੇ ਜਦੋਂ ਅਸੀਂ ਭਾਰਤ ਦੇ ਸੰਵਿਧਾਨ ਵਾਲਾ ਪਾਠ ਪੜਾਂਗੇ,ਮੈ ਡ ਮ   ਨੇ   ਕਿ ਹਾ   ਕਿ   ਉ ਹ   ਸਾ ਨੂ ੰ   ਉ ਨ੍ਹਾਂ   ਬਾ ਰੇ   ਹੋ ਰ   ਦ ੱ ਸ ਣ ਗੇ   ਜ ਦੋਂ   ਅ ਸੀਂ   ਭਾ ਰ ਤ   ਦੇ   ਸ ੰ ਵਿ ਧਾ ਨ   ਵਾ ਲਾ   ਪਾ ਠ   ਪ ੜ ਾ ਂ ਗੇ,45,18
"ਉਹ ਸਮਾਜ ਵਿੱਚ ਪ੍ਰਚਲਿਤ ਜਮਾਤੀ ਭੇਦ-ਭਾਵ ਨੂੰ ਦੂਰ ਕਰਨ ਲਈ ਲੜੇ ਸਨ, ਹੈਂ ਨਾ","ਉ ਹ   ਸ ਮਾ ਜ   ਵਿ ੱ ਚ   ਪ੍ਰ ਚ ਲਿ ਤ   ਜ ਮਾ ਤੀ   ਭੇ ਦ - ਭਾ ਵ   ਨੂ ੰ   ਦੂ ਰ   ਕ ਰ ਨ   ਲ ਈ   ਲ ੜ ੇ   ਸ ਨ ,   ਹੈਂ   ਨਾ",37,14
"ਹਾਂ, ਇੱਕ ਦਲਿਤ ਹੋਣ ਦੇ ਨਾਂਤੇ ਓਨ੍ਹਾਂ ਨੂੰ ਅਹਿਸਾਸ ਹੋਇਆ ਕਿ ਛੂਤ-ਛਾਤ ਦੀ ਬੁਰਾਈ ਨਾਲ ਨਜਿੱਠਣਾ ਕਿੰਨਾ ਔਖਾ ਹੈ","ਹਾਂ ,   ਇ ੱ ਕ   ਦ ਲਿ ਤ   ਹੋ ਣ   ਦੇ   ਨਾਂ ਤੇ   ਓ ਨ੍ਹਾਂ   ਨੂ ੰ   ਅ ਹਿ ਸਾ ਸ   ਹੋ ਇ ਆ   ਕਿ   ਛੂ ਤ - ਛਾ ਤ   ਦੀ   ਬੁ ਰਾ ਈ   ਨਾ ਲ   ਨ ਜਿ ੱ ਠ ਣਾ   ਕਿ ੰ ਨਾ   ਔ ਖਾ   ਹੈ",47,19
"ਪਰ , ਉਹ ਨੀਵੀਂ ਜਮਾਤ ਦੇ ਹੱਕਾਂ ਲਈ ਲੜੇ","ਪ ਰ   ,   ਉ ਹ   ਨੀ ਵੀਂ   ਜ ਮਾ ਤ   ਦੇ   ਹ ੱ ਕਾਂ   ਲ ਈ   ਲ ੜ ੇ",19,9
ਓਨ੍ਹਾਂ ਨੇ ਵਿਤਕਰੇ ਵਿਰੁੱਧ ਵਿਆਪਕ ਮੁਹਿੰਮ ਚਲਾਈ ਅਤੇ ਜਿੱਤ ਪ੍ਰਾਪਤ ਕੀਤੀ,ਓ ਨ੍ਹਾਂ   ਨੇ   ਵਿ ਤ ਕ ਰੇ   ਵਿ ਰੁ ੱ ਧ   ਵਿ ਆ ਪ ਕ   ਮੁ ਹਿ ੰ ਮ   ਚ ਲਾ ਈ   ਅ ਤੇ   ਜਿ ੱ ਤ   ਪ੍ਰਾ ਪ ਤ   ਕੀ ਤੀ,32,11
"ਵਾਹ, ਕਿੰਨੀ ਪ੍ਰਭਾਵਸ਼ਾਲੀ ਸਖਸ਼ੀਅਤ ਹੈ","ਵਾ ਹ ,   ਕਿ ੰ ਨੀ   ਪ੍ਰ ਭਾ ਵ ਸ਼ਾ ਲੀ   ਸ ਖ ਸ਼ੀ ਅ ਤ   ਹੈ",17,5
ਇਹੀ ਕਾਰਣ ਹੈ ਕਿ ਇਸ ਦਿਨ ਨੂੰ ਸਾਰੇ ਉਪ-ਮਹਾਂਦੀਪ ਵਿੱਚ ਸਮਾਨਤਾ ਦਿਵਸ ਵਜੋਂ ਵੀ ਮਨਾਇਆ ਜਾਂਦਾ ਹੈ,ਇ ਹੀ   ਕਾ ਰ ਣ   ਹੈ   ਕਿ   ਇ ਸ   ਦਿ ਨ   ਨੂ ੰ   ਸਾ ਰੇ   ਉ ਪ - ਮ ਹਾਂ ਦੀ ਪ   ਵਿ ੱ ਚ   ਸ ਮਾ ਨ ਤਾ   ਦਿ ਵ ਸ   ਵ ਜੋਂ   ਵੀ   ਮ ਨਾ ਇ ਆ   ਜਾਂ ਦਾ   ਹੈ,42,17
ਮੈਨੂੰ ਯਕੀਨ ਹੈ ਕਿ ਜਦੋਂ ਤੂੰ ਸਕੂਲ ਵਿੱਚ ਤੂੰ ਇਹ ਪਾਠ ਪੜ੍ਹੇਂਗਾ ਤਾਂ ਤੂੰ ਇਸ ਬੰਦੇ ਬਾਰੇ ਪੜ੍ਹਨਾ ਪਸੰਦ ਕਰੇਂਗਾ,ਮੈ ਨੂ ੰ   ਯ ਕੀ ਨ   ਹੈ   ਕਿ   ਜ ਦੋਂ   ਤੂ ੰ   ਸ ਕੂ ਲ   ਵਿ ੱ ਚ   ਤੂ ੰ   ਇ ਹ   ਪਾ ਠ   ਪ ੜ ੍ ਹੇਂ ਗਾ   ਤਾਂ   ਤੂ ੰ   ਇ ਸ   ਬ ੰ ਦੇ   ਬਾ ਰੇ   ਪ ੜ ੍ ਹ ਨਾ   ਪ ਸ ੰ ਦ   ਕ ਰੇਂ ਗਾ,51,20
"ਹਾਂ ਮਾਂ, ਮੈਂ ਇਸਦਾ ਇੰਤਜ਼ਾਰ ਨਹੀਂ ਕਰ ਸਕਦਾ","ਹਾਂ   ਮਾਂ ,   ਮੈਂ   ਇ ਸ ਦਾ   ਇ ੰ ਤ ਜ਼ ਾ ਰ   ਨ ਹੀਂ   ਕ ਰ   ਸ ਕ ਦਾ",20,8
ਮੈਂ ਸੱਚੀ ਦਿਲਚਸਪ ਹਾਂ,ਮੈਂ   ਸ ੱ ਚੀ   ਦਿ ਲ ਚ ਸ ਪ   ਹਾਂ,10,4
"ਚੰਗਾ, ਹੁਣ ਦੱਸ ਤੂੰ ਕਿਹੜੀ ਫ਼ਿਲਮ ਦੇਖਣ ਜਾਣਾ ਚਾਹੁੰਦਾ ਹੈਂ","ਚ ੰ ਗਾ ,   ਹੁ ਣ   ਦ ੱ ਸ   ਤੂ ੰ   ਕਿ ਹ ੜ ੀ   ਫ਼ ਿ ਲ ਮ   ਦੇ ਖ ਣ   ਜਾ ਣਾ   ਚਾ ਹੁ ੰ ਦਾ   ਹੈਂ",29,10
ਕੀ ਤੂੰ ਨਵੀਂ ਮਾਰਵੇਲ ਫ਼ਿਲਮ ਵੇਖਣਾ ਚਾਹੁੰਦਾ ਹੈ,ਕੀ   ਤੂ ੰ   ਨ ਵੀਂ   ਮਾ ਰ ਵੇ ਲ   ਫ਼ ਿ ਲ ਮ   ਵੇ ਖ ਣਾ   ਚਾ ਹੁ ੰ ਦਾ   ਹੈ,21,8
ਤੁਹਾਡਾ ਮਤਲਬ ਡਾਕਟਰ ਸਟ੍ਰੇਂਜ ਅਤੇ ਮਲਟੀਵਰਸ ਆਫ਼ ਮੈਡਨੈਸ,ਤੁ ਹਾ ਡਾ   ਮ ਤ ਲ ਬ   ਡਾ ਕ ਟ ਰ   ਸ ਟ੍ਰੇਂ ਜ   ਅ ਤੇ   ਮ ਲ ਟੀ ਵ ਰ ਸ   ਆ ਫ਼   ਮੈ ਡ ਨੈ ਸ,28,8
ਮੈਂ ਇਸਨੂੰ ਵੇਖਣ ਲਈ ਮਰ ਰਿਹਾ ਹਾਂ,ਮੈਂ   ਇ ਸ ਨੂ ੰ   ਵੇ ਖ ਣ   ਲ ਈ   ਮ ਰ   ਰਿ ਹਾ   ਹਾਂ,15,7
ਕੀ ਤੁਸੀਂ ਟਿਕਟਾਂ ਬੁੱਕ ਕਰਵਾ ਸਕਦੇ ਹੋ,ਕੀ   ਤੁ ਸੀਂ   ਟਿ ਕ ਟਾਂ   ਬੁ ੱ ਕ   ਕ ਰ ਵਾ   ਸ ਕ ਦੇ   ਹੋ,16,7
ਮੈਨੂੰ ਡੈਡ ਨਾਲ ਗੱਲ ਕਰਨ ਦਿਓ,ਮੈ ਨੂ ੰ   ਡੈ ਡ   ਨਾ ਲ   ਗ ੱ ਲ   ਕ ਰ ਨ   ਦਿ ਓ,15,6
"ਹੇ , ਤੁਸੀਂ ਵੈੱਬ ਡਿਜ਼ਾਈਨਿੰਗ ਵਿੱਚ ਕੋਰਸ ਕਰ ਰਹੇ ਹੋ, ਨਹੀਂ","ਹੇ   ,   ਤੁ ਸੀਂ   ਵੈ ੱ ਬ   ਡਿ ਜ਼ ਾ ਈ ਨਿ ੰ ਗ   ਵਿ ੱ ਚ   ਕੋ ਰ ਸ   ਕ ਰ   ਰ ਹੇ   ਹੋ ,   ਨ ਹੀਂ",28,11
"ਮੇਰੀ ਇੱਕ ਦੋਸਤ ਅਜਿਹਾ ਕਰਨ ਬਾਰੇ ਸੋਚ ਰਹੀ ਹੈ, ਮੈਂ ਉਸਨੂੰ ਕਿਹਾ ਕਿ ਮੈਂ ਇਸ ਬਾਰੇ ਤੁਹਾਡੇ ਤੋਂ ਕੁੱਝ ਜਾਣਕਾਰੀ ਪ੍ਰਾਪਤ ਕਰਾਂਗਾ","ਮੇ ਰੀ   ਇ ੱ ਕ   ਦੋ ਸ ਤ   ਅ ਜਿ ਹਾ   ਕ ਰ ਨ   ਬਾ ਰੇ   ਸੋ ਚ   ਰ ਹੀ   ਹੈ ,   ਮੈਂ   ਉ ਸ ਨੂ ੰ   ਕਿ ਹਾ   ਕਿ   ਮੈਂ   ਇ ਸ   ਬਾ ਰੇ   ਤੁ ਹਾ ਡੇ   ਤੋਂ   ਕੁ ੱ ਝ   ਜਾ ਣ ਕਾ ਰੀ   ਪ੍ਰਾ ਪ ਤ   ਕ ਰਾਂ ਗਾ",52,22
"ਹਾਂ , ਮੈਂ ਦੂਜੇ ਸਾਲ 'ਚ ਹਾਂ","ਹਾਂ   ,   ਮੈਂ   ਦੂ ਜੇ   ਸਾ ਲ   ' ਚ   ਹਾਂ",10,7
"ਬਹੁਤ ਵਧੀਆ, ਤਾਂ ਉਹ ਕਿਸ ਬਾਰੇ ਜਾਣਕਾਰੀ ਪ੍ਰਾਪਤ ਕਰਨਾ ਚਾਹੁੰਦੀ ਹੈ","ਬ ਹੁ ਤ   ਵ ਧੀ ਆ ,   ਤਾਂ   ਉ ਹ   ਕਿ ਸ   ਬਾ ਰੇ   ਜਾ ਣ ਕਾ ਰੀ   ਪ੍ਰਾ ਪ ਤ   ਕ ਰ ਨਾ   ਚਾ ਹੁ ੰ ਦੀ   ਹੈ",29,11
"ਉਹ ਕਿਹੜੇ ਕਾਲਜ ਹਨ, ਜੋ ਵੈੱਬ ਡਿਜ਼ਾਇਨਿੰਗ ਵਿੱਚ ਡਿਪਲੋਮਾ ਕੋਰਸ ਕਰਵਾਉਂਦੇ ਹਨ","ਉ ਹ   ਕਿ ਹ ੜ ੇ   ਕਾ ਲ ਜ   ਹ ਨ ,   ਜੋ   ਵੈ ੱ ਬ   ਡਿ ਜ਼ ਾ ਇ ਨਿ ੰ ਗ   ਵਿ ੱ ਚ   ਡਿ ਪ ਲੋ ਮਾ   ਕੋ ਰ ਸ   ਕ ਰ ਵਾ ਉ ਂ ਦੇ   ਹ ਨ",41,12
"ਉਸਨੂੰ ਆਪਣੀ ਪਸੰਦ 'ਤੇ ਬਹੁਤਾ ਯਕੀਨ ਨਹੀਂ ਹੈ, ਇਸ ਲਈ ਉਹ ਇਸ ਵੇਲੇ ਇਸਨੂੰ ਅਜ਼ਮਾਉਣਾ ਚਾਹੁੰਦੀ ਹੈ","ਉ ਸ ਨੂ ੰ   ਆ ਪ ਣੀ   ਪ ਸ ੰ ਦ   ' ਤੇ   ਬ ਹੁ ਤਾ   ਯ ਕੀ ਨ   ਨ ਹੀਂ   ਹੈ ,   ਇ ਸ   ਲ ਈ   ਉ ਹ   ਇ ਸ   ਵੇ ਲੇ   ਇ ਸ ਨੂ ੰ   ਅ ਜ਼ ਮਾ ਉ ਣਾ   ਚਾ ਹੁ ੰ ਦੀ   ਹੈ",47,17
"ਠੀਕ ਹੈ, ਮੈਂ ਸਮਝਦਾ ਹਾਂ","ਠੀ ਕ   ਹੈ ,   ਮੈਂ   ਸ ਮ ਝ ਦਾ   ਹਾਂ",10,5
"ਇਹ ਬਹੁਤ ਸਾਰੇ ਕਾਲਜਾਂ ਵਿੱਚ ਜਿਵੇਂ ਕਿ ਸਕੂਲ ਆਫ਼ ਫੈਸ਼ਨ ਤਕਨਾਲੋਜੀ ਪੁਣੇ ਵਿੱਚ ਉਪਲੱਬਧ ਹੈ; ਸਟੈਲਾ ਮਾਰਿਸ ਕਾਲਜ, ਚੇਨਈ ਅਤੇ ਲੋਯੋਲਾ ਕਾਲਜ, ਚੇਨਈ ਅਮੰਗ ਕਈ ਹੋਰ","ਇ ਹ   ਬ ਹੁ ਤ   ਸਾ ਰੇ   ਕਾ ਲ ਜਾਂ   ਵਿ ੱ ਚ   ਜਿ ਵੇਂ   ਕਿ   ਸ ਕੂ ਲ   ਆ ਫ਼   ਫੈ ਸ਼ ਨ   ਤ ਕ ਨਾ ਲੋ ਜੀ   ਪੁ ਣੇ   ਵਿ ੱ ਚ   ਉ ਪ ਲ ੱ ਬ ਧ   ਹੈ ;   ਸ ਟੈ ਲਾ   ਮਾ ਰਿ ਸ   ਕਾ ਲ ਜ ,   ਚੇ ਨ ਈ   ਅ ਤੇ   ਲੋ ਯੋ ਲਾ   ਕਾ ਲ ਜ ,   ਚੇ ਨ ਈ   ਅ ਮ ੰ ਗ   ਕ ਈ   ਹੋ ਰ",75,26
"ਤੁਸੀਂ ਲੋਯੋਲਾ ਕਾਲਜ ਗਏ ਸੀ, ਹੈ ਨਾ","ਤੁ ਸੀਂ   ਲੋ ਯੋ ਲਾ   ਕਾ ਲ ਜ   ਗ ਏ   ਸੀ ,   ਹੈ   ਨਾ",14,7
"ਹਾਂ, ਮੈਂ ਉੱਥੇ ਪੜ੍ਹੀ ਹਾਂ","ਹਾਂ ,   ਮੈਂ   ਉ ੱ ਥੇ   ਪ ੜ ੍ ਹੀ   ਹਾਂ",11,5
ਜਿਨ੍ਹਾਂ ਕਾਲਜਾਂ ਦਾ ਤੁਸੀਂ ਜ਼ਿਕਰ ਕੀਤਾ ਹੈ ਉਹ ਬਹੁਤ ਮਸ਼ਹੂਰ ਹਨ,ਜਿ ਨ੍ਹਾਂ   ਕਾ ਲ ਜਾਂ   ਦਾ   ਤੁ ਸੀਂ   ਜ਼ ਿ ਕ ਰ   ਕੀ ਤਾ   ਹੈ   ਉ ਹ   ਬ ਹੁ ਤ   ਮ ਸ਼ ਹੂ ਰ   ਹ ਨ,26,11
ਉਨ੍ਹਾਂ ਦੀ ਦਾਖਲਾ ਪ੍ਰਕਿਰਿਆ ਕੀ ਹੈ,ਉ ਨ੍ਹਾਂ   ਦੀ   ਦਾ ਖ ਲਾ   ਪ੍ਰ ਕਿ ਰਿ ਆ   ਕੀ   ਹੈ,12,6
"ਹਾਂ, ਕੁੱਝ ਕਾਲਜ ਆਪਣਾ ਏਂਟ੍ਰੰਸ ਏਕਜਾਮ ਲੈਂਦੇ ਹਨ","ਹਾਂ ,   ਕੁ ੱ ਝ   ਕਾ ਲ ਜ   ਆ ਪ ਣਾ   ਏ ਂ ਟ੍ਰ ੰ ਸ   ਏ ਕ ਜਾ ਮ   ਲੈਂ ਦੇ   ਹ ਨ",24,8
ਉਹ 10 ਵੀਂ ਅਤੇ 12 ਵੀਂ ਦੇ ਗ੍ਰੇਡ ਵੀ ਦੇਖਦੇ ਹਨ,ਉ ਹ   1 0   ਵੀਂ   ਅ ਤੇ   1 2   ਵੀਂ   ਦੇ   ਗ੍ਰੇ ਡ   ਵੀ   ਦੇ ਖ ਦੇ   ਹ ਨ,19,11
ਉੱਥੇ ਨੈਸ਼ਨਲ ਟੈਸਟ ਐਨ ਆਈ ਡੀ ਵਰਗੇ ਏਂਟ੍ਰੰਸ ਏਕਜਾਮ ਵੀ ਹੁੰਦੇ ਹਨ,ਉ ੱ ਥੇ   ਨੈ ਸ਼ ਨ ਲ   ਟੈ ਸ ਟ   ਐ ਨ   ਆ ਈ   ਡੀ   ਵ ਰ ਗੇ   ਏ ਂ ਟ੍ਰ ੰ ਸ   ਏ ਕ ਜਾ ਮ   ਵੀ   ਹੁ ੰ ਦੇ   ਹ ਨ,33,12
"ਮੇਰੀ ਦੋਸਤ ਨੇ ਉਸਦੇ ਬੋਰਡਾਂ ਲਈ ਸੱਚਮੁੱਚ ਵਧੀਆ ਪ੍ਰਦਰਸ਼ਨ ਕੀਤਾ, ਇਸ ਲਈ ਉਸ ਕਿਸੇ ਵੀ ਮੈਰਿਟ ਬੇਸਡ ਏਂਟ੍ਰੰਸ ਦੇ ਸਕਦੀ ਹੈ","ਮੇ ਰੀ   ਦੋ ਸ ਤ   ਨੇ   ਉ ਸ ਦੇ   ਬੋ ਰ ਡਾਂ   ਲ ਈ   ਸ ੱ ਚ ਮੁ ੱ ਚ   ਵ ਧੀ ਆ   ਪ੍ਰ ਦ ਰ ਸ਼ ਨ   ਕੀ ਤਾ ,   ਇ ਸ   ਲ ਈ   ਉ ਸ   ਕਿ ਸੇ   ਵੀ   ਮੈ ਰਿ ਟ   ਬੇ ਸ ਡ   ਏ ਂ ਟ੍ਰ ੰ ਸ   ਦੇ   ਸ ਕ ਦੀ   ਹੈ",56,21
ਉਸ ਨੂੰ ਆਪਣੇ ਰਚਨਾਤਮਕ ਹੁਨਰਾਂ ਵਿੱਚ ਭਰੋਸਾ ਨਹੀਂ ਹੈ,ਉ ਸ   ਨੂ ੰ   ਆ ਪ ਣੇ   ਰ ਚ ਨਾ ਤ ਮ ਕ   ਹੁ ਨ ਰਾਂ   ਵਿ ੱ ਚ   ਭ ਰੋ ਸਾ   ਨ ਹੀਂ   ਹੈ,25,9
ਇਨ੍ਹਾਂ ਯੂਨੀਵਰਸਿਟੀਆਂ ਵਿੱਚ ਡਿਪਲੋਮਾ ਕੋਰਸ ਕਿੰਨੇ ਸਮੇਂ ਦਾ ਹੈ,ਇ ਨ੍ਹਾਂ   ਯੂ ਨੀ ਵ ਰ ਸਿ ਟੀ ਆ ਂ   ਵਿ ੱ ਚ   ਡਿ ਪ ਲੋ ਮਾ   ਕੋ ਰ ਸ   ਕਿ ੰ ਨੇ   ਸ ਮੇਂ   ਦਾ   ਹੈ,27,9
ਇਹ ਆਮ ਤੌਰ 'ਤੇ ਇੱਕ ਜਾਂ ਦੋ ਸਾਲ ਦਾ ਹੁੰਦਾ ਹੈ,ਇ ਹ   ਆ ਮ   ਤੌ ਰ   ' ਤੇ   ਇ ੱ ਕ   ਜਾਂ   ਦੋ   ਸਾ ਲ   ਦਾ   ਹੁ ੰ ਦਾ   ਹੈ,20,11
"ਇਹ ਅਸਲ ਵਿੱਚ ਉਸ ਕਾਲਜ 'ਤੇ ਨਿਰਭਰ ਕਰਦਾ ਹੈ, ਜਿਸ ਵਿੱਚ ਤੁਸੀਂ ਦਾਖਲਾ ਲਿਆ ਹੈ","ਇ ਹ   ਅ ਸ ਲ   ਵਿ ੱ ਚ   ਉ ਸ   ਕਾ ਲ ਜ   ' ਤੇ   ਨਿ ਰ ਭ ਰ   ਕ ਰ ਦਾ   ਹੈ ,   ਜਿ ਸ   ਵਿ ੱ ਚ   ਤੁ ਸੀਂ   ਦਾ ਖ ਲਾ   ਲਿ ਆ   ਹੈ",37,15
ਕੀ ਕਰੀਅਰ ਦੇ ਵਿਕਲਪ ਚੰਗੇ ਹਨ,ਕੀ   ਕ ਰੀ ਅ ਰ   ਦੇ   ਵਿ ਕ ਲ ਪ   ਚ ੰ ਗੇ   ਹ ਨ,15,6
"ਹਾਂ , ਇਸ ਫੀਲਡ ਵਿੱਚ ਨੌਕਰੀ ਦੀ ਸੰਭਾਵਨਾਵਾਂ ਵੱਧ ਹਨ","ਹਾਂ   ,   ਇ ਸ   ਫੀ ਲ ਡ   ਵਿ ੱ ਚ   ਨੌ ਕ ਰੀ   ਦੀ   ਸ ੰ ਭਾ ਵ ਨਾ ਵਾਂ   ਵ ੱ ਧ   ਹ ਨ",25,10
ਇਹ ਖਾਸ ਤੌਰ 'ਤੇ ਹੈ ਕਿਉਂਕਿ ਵਿਸ਼ਵ ਵੱਧ ਤੋਂ ਵੱਧ ਡਿਜੀਟਲ ਬਣ ਰਿਹਾ ਹੈ I,ਇ ਹ   ਖਾ ਸ   ਤੌ ਰ   ' ਤੇ   ਹੈ   ਕਿ ਉ ਂ ਕਿ   ਵਿ ਸ਼ ਵ   ਵ ੱ ਧ   ਤੋਂ   ਵ ੱ ਧ   ਡਿ ਜੀ ਟ ਲ   ਬ ਣ   ਰਿ ਹਾ   ਹੈ   I,33,15
ਹਾਂ,ਹਾਂ,1,1
ਮੈਂ ਸਮਝ ਰਿਹਾ ਹੈ ਤੁਹਾਡਾ ਮਤਲਬ I,ਮੈਂ   ਸ ਮ ਝ   ਰਿ ਹਾ   ਹੈ   ਤੁ ਹਾ ਡਾ   ਮ ਤ ਲ ਬ   I,15,7
ਕਿ ਤੁਸੀਂ ਕਿਸੇ ਨੂੰ ਜਾਣਦੇ ਹੋ ਜਿਸ ਨੇ ਪਹਿਲਾਂ ਇਹ ਕੋਰਸ ਕੀਤਾ ਹੋਵੇ,ਕਿ   ਤੁ ਸੀਂ   ਕਿ ਸੇ   ਨੂ ੰ   ਜਾ ਣ ਦੇ   ਹੋ   ਜਿ ਸ   ਨੇ   ਪ ਹਿ ਲਾਂ   ਇ ਹ   ਕੋ ਰ ਸ   ਕੀ ਤਾ   ਹੋ ਵੇ,26,13
"ਹਾ, ਮੇਰੇ ਇੱਕ ਦੋਸਤ ਨੇ ਕੁੱਝ ਸਾਲ ਪਹਿਲਾਂ ਵੈੱਬ ਡਿਜ਼ਾਇਨਿੰਗ ਵਿੱਚ ਡਿਪਲੋਮਾ ਕੀਤਾ ਸੀ","ਹਾ ,   ਮੇ ਰੇ   ਇ ੱ ਕ   ਦੋ ਸ ਤ   ਨੇ   ਕੁ ੱ ਝ   ਸਾ ਲ   ਪ ਹਿ ਲਾਂ   ਵੈ ੱ ਬ   ਡਿ ਜ਼ ਾ ਇ ਨਿ ੰ ਗ   ਵਿ ੱ ਚ   ਡਿ ਪ ਲੋ ਮਾ   ਕੀ ਤਾ   ਸੀ",39,14
ਉਹ ਅੱਜ ਇੱਕ ਸਫਲ ਵੈੱਬ ਡਿਜਾਈਨਰ ਹੈ,ਉ ਹ   ਅ ੱ ਜ   ਇ ੱ ਕ   ਸ ਫ ਲ   ਵੈ ੱ ਬ   ਡਿ ਜਾ ਈ ਨ ਰ   ਹੈ,20,7
"ਜੇ ਤੁਹਾਨੂੰ ਬੁਰਾ ਨਾ ਲੱਗੇ, ਤਾਂ ਕੀ ਮੈਂ ਉਹਨਾਂ ਦਾ ਨੰਬਰ ਲੈ ਸਕਦੀ ਹਾਂ","ਜੇ   ਤੁ ਹਾ ਨੂ ੰ   ਬੁ ਰਾ   ਨਾ   ਲ ੱ ਗੇ ,   ਤਾਂ   ਕੀ   ਮੈਂ   ਉ ਹ ਨਾਂ   ਦਾ   ਨ ੰ ਬ ਰ   ਲੈ   ਸ ਕ ਦੀ   ਹਾਂ",28,14
ਇਹ ਮੇਰੇ ਦੋਸਤ ਲਈ ਹੈ ਤਾਂ ਜੋ ਉਹ ਕੋਰਸ ਦੇ ਵੇਰਵੇ ਲਈ ਕਿਸੇ ਨਾਲ ਗੱਲ ਕਰ ਸਕੇ,ਇ ਹ   ਮੇ ਰੇ   ਦੋ ਸ ਤ   ਲ ਈ   ਹੈ   ਤਾਂ   ਜੋ   ਉ ਹ   ਕੋ ਰ ਸ   ਦੇ   ਵੇ ਰ ਵੇ   ਲ ਈ   ਕਿ ਸੇ   ਨਾ ਲ   ਗ ੱ ਲ   ਕ ਰ   ਸ ਕੇ,34,17
"ਬਿਲਕੁੱਲ, ਮੈਂ ਤੁਹਾਨੂੰ ਨੰਬਰ ਵ੍ਹਾਟਸਾਅਪ 'ਤੇ ਸੈਂਡ ਕਰ ਦੁਆਂਗਾ I","ਬਿ ਲ ਕੁ ੱ ਲ ,   ਮੈਂ   ਤੁ ਹਾ ਨੂ ੰ   ਨ ੰ ਬ ਰ   ਵ੍ਹਾ ਟ ਸਾ ਅ ਪ   ' ਤੇ   ਸੈਂ ਡ   ਕ ਰ   ਦੁ ਆ ਂ ਗਾ   I",31,10
ਕੀ ਮੈਂ ਬਹੁਤ ਲੇਟ ਹਾਂ,ਕੀ   ਮੈਂ   ਬ ਹੁ ਤ   ਲੇ ਟ   ਹਾਂ,8,5
ਕੀ ਪਰੇਡ ਸ਼ੁਰੂ ਹੋਈ,ਕੀ   ਪ ਰੇ ਡ   ਸ਼ੁ ਰੂ   ਹੋ ਈ,8,4
ਮੈਨੂੰ ਨਹੀਂ ਪਤਾ ਕਿ ਮੈਂ ਜ਼ਿਆਦਾ ਕਿਉਂ ਸੌਂ ਗਿਆ,ਮੈ ਨੂ ੰ   ਨ ਹੀਂ   ਪ ਤਾ   ਕਿ   ਮੈਂ   ਜ਼ ਿ ਆ ਦਾ   ਕਿ ਉ ਂ   ਸੌਂ   ਗਿ ਆ,19,9
"ਚਿੰਤਾ ਨਾ ਕਰੋ , ਤੁਸੀਂ ਸਹੀ ਸਮੇਂ 'ਤੇ ਹੋ","ਚਿ ੰ ਤਾ   ਨਾ   ਕ ਰੋ   ,   ਤੁ ਸੀਂ   ਸ ਹੀ   ਸ ਮੇਂ   ' ਤੇ   ਹੋ",16,9
ਇਸ ਨੂੰ ਸਿਰਫ਼ 5 ਮਿੰਟ ਹੋਏ ਹਨ,ਇ ਸ   ਨੂ ੰ   ਸਿ ਰ ਫ਼   5   ਮਿ ੰ ਟ   ਹੋ ਏ   ਹ ਨ,15,7
ਆਓ ਅਤੇ ਬੈਠੋ,ਆ ਓ   ਅ ਤੇ   ਬੈ ਠੋ,6,3
ਕੀ ਕੁੱਝ ਲੰਘ ਗਿਆ,ਕੀ   ਕੁ ੱ ਝ   ਲ ੰ ਘ   ਗਿ ਆ,9,4
ਬਹੁਤ ਕੁੱਝ ਨਹੀਂ,ਬ ਹੁ ਤ   ਕੁ ੱ ਝ   ਨ ਹੀਂ,8,3
ਸਿਰਫ਼ ਰਾਸ਼ਟਰਪਤੀ ਦੁਆਰਾ ਝੰਡੇ ਨੂੰ ਲਹਿਰਾਉਣਾ,ਸਿ ਰ ਫ਼   ਰਾ ਸ਼ ਟ ਰ ਪ ਤੀ   ਦੁ ਆ ਰਾ   ਝ ੰ ਡੇ   ਨੂ ੰ   ਲ ਹਿ ਰਾ ਉ ਣਾ,22,6
ਅਤੇ ਰਾਸ਼ਟਰਪਤੀ ਨੂੰ 21 ਤੋਪਾਂ ਦੀ ਸਲਾਮੀ,ਅ ਤੇ   ਰਾ ਸ਼ ਟ ਰ ਪ ਤੀ   ਨੂ ੰ   2 1   ਤੋ ਪਾਂ   ਦੀ   ਸ ਲਾ ਮੀ,18,7
"ਇਸ ਵੇਲੇ, ਫੌਜ ਦੀਆਂ ਵੱਖ-ਵੱਖ ਰੈਜ਼ੀਮੈਟਾਂ ਆਰਮੀ, ਜਲ ਸੈਨਾ ਅਤੇ ਹਵਾਈ ਸੈਨਾ, ਆਪਣੇ ਬੈਡਾਂ ਨਾਲ ਰਾਜਪਥ 'ਤੇ ਰਾਸ਼ਟਰਪਤੀ ਭਵਨ ਤੋਂ ਮਾਰਚ ਕਰ ਰਹੇ ਹਨ","ਇ ਸ   ਵੇ ਲੇ ,   ਫੌ ਜ   ਦੀ ਆ ਂ   ਵ ੱ ਖ - ਵ ੱ ਖ   ਰੈ ਜ਼ ੀ ਮੈ ਟਾਂ   ਆ ਰ ਮੀ ,   ਜ ਲ   ਸੈ ਨਾ   ਅ ਤੇ   ਹ ਵਾ ਈ   ਸੈ ਨਾ ,   ਆ ਪ ਣੇ   ਬੈ ਡਾਂ   ਨਾ ਲ   ਰਾ ਜ ਪ ਥ   ' ਤੇ   ਰਾ ਸ਼ ਟ ਰ ਪ ਤੀ   ਭ ਵ ਨ   ਤੋਂ   ਮਾ ਰ ਚ   ਕ ਰ   ਰ ਹੇ   ਹ ਨ",70,24
ਉਹ ਕਿੱਥੇ ਜਾ ਰਹੇ ਹਨ,ਉ ਹ   ਕਿ ੱ ਥੇ   ਜਾ   ਰ ਹੇ   ਹ ਨ,10,5
ਇੰਡੀਆ ਗੇਟ ਵੱਲ ਅਤੇ ਅੰਤ ਵਿੱਚ ਲਾਲ ਕਿਲ੍ਹੇ 'ਤੇ,ਇ ੰ ਡੀ ਆ   ਗੇ ਟ   ਵ ੱ ਲ   ਅ ਤੇ   ਅ ੰ ਤ   ਵਿ ੱ ਚ   ਲਾ ਲ   ਕਿ ਲ੍ਹੇ   ' ਤੇ,23,9
"ਉਹਨਾਂ ਵਿੱਚੋਂ ਹਰ ਇੱਕ, ਰਾਸ਼ਟਰਪਤੀ ਕੋਲ ਜਾ ਕੇ ਸ਼ਰਧਾਂਜਲੀ ਭੇਂਟ ਕਰਕੇ ਆਉਂਦੇ ਹਨ","ਉ ਹ ਨਾਂ   ਵਿ ੱ ਚੋਂ   ਹ ਰ   ਇ ੱ ਕ ,   ਰਾ ਸ਼ ਟ ਰ ਪ ਤੀ   ਕੋ ਲ   ਜਾ   ਕੇ   ਸ਼ ਰ ਧਾਂ ਜ ਲੀ   ਭੇਂ ਟ   ਕ ਰ ਕੇ   ਆ ਉ ਂ ਦੇ   ਹ ਨ",38,13
ਅਤੇ ਦੇਖੋ ਕਿ ਉਹ ਬਦਲੇ ਵਿੱਚ ਕਿਵੇਂ ਖੜ੍ਹੇ ਹਨ ਅਤੇ ਉਹਨਾਂ ਨੂੰ ਮਾਰਚ ਕਰਦੇ ਹੋਏ ਉਤਸਾਹਿਤ ਕਰਦੇ ਹਨ,ਅ ਤੇ   ਦੇ ਖੋ   ਕਿ   ਉ ਹ   ਬ ਦ ਲੇ   ਵਿ ੱ ਚ   ਕਿ ਵੇਂ   ਖ ੜ ੍ ਹੇ   ਹ ਨ   ਅ ਤੇ   ਉ ਹ ਨਾਂ   ਨੂ ੰ   ਮਾ ਰ ਚ   ਕ ਰ ਦੇ   ਹੋ ਏ   ਉ ਤ ਸਾ ਹਿ ਤ   ਕ ਰ ਦੇ   ਹ ਨ,46,18
ਮੇਰੀ ਇੱਛਾ ਹੈ ਕਿ ਕਿਸੇ ਦਿਨ ਇਹ ਸਭ ਵਿਅਕਤੀਗਤ ਤੌਰ ਤੇ ਦੇਖਾਂ,ਮੇ ਰੀ   ਇ ੱ ਛਾ   ਹੈ   ਕਿ   ਕਿ ਸੇ   ਦਿ ਨ   ਇ ਹ   ਸ ਭ   ਵਿ ਅ ਕ ਤੀ ਗ ਤ   ਤੌ ਰ   ਤੇ   ਦੇ ਖਾਂ,26,12
ਵੱਖ ਵੱਖ ਰਾਜਾਂ ਦੀ ਪ੍ਰਤੀਨਿਧਤਾ ਬਾਰੇ ਕੀ ਹੈ,ਵ ੱ ਖ   ਵ ੱ ਖ   ਰਾ ਜਾਂ   ਦੀ   ਪ੍ਰ ਤੀ ਨਿ ਧ ਤਾ   ਬਾ ਰੇ   ਕੀ   ਹੈ,18,8
ਕੀ ਇਹ ਸੈਨਾ ਦੀ ਮਾਰਚ ਤੋਂ ਬਾਅਦ ਹੋਣਗੀਆਂ,ਕੀ   ਇ ਹ   ਸੈ ਨਾ   ਦੀ   ਮਾ ਰ ਚ   ਤੋਂ   ਬਾ ਅ ਦ   ਹੋ ਣ ਗੀ ਆ ਂ,18,8
"ਹਾਂ, ਇੱਕ ਵਾਰ ਜਦੋਂ ਸਾਰੀਆਂ ਰੈਜ਼ੀਮੈਂਟ ਮਾਰਚ ਕਰ ਹੱਟੀਆਂ, ਫਿਰ ਉਹ ਆਉਣਗੇ","ਹਾਂ ,   ਇ ੱ ਕ   ਵਾ ਰ   ਜ ਦੋਂ   ਸਾ ਰੀ ਆ ਂ   ਰੈ ਜ਼ ੀ ਮੈਂ ਟ   ਮਾ ਰ ਚ   ਕ ਰ   ਹ ੱ ਟੀ ਆ ਂ ,   ਫਿ ਰ   ਉ ਹ   ਆ ਉ ਣ ਗੇ",37,12
ਹਰ ਰਾਜ ਆਪਣੀ ਝਾਂਕੀਂ ਵਿਖਾਵੇਗਾ,ਹ ਰ   ਰਾ ਜ   ਆ ਪ ਣੀ   ਝਾਂ ਕੀਂ   ਵਿ ਖਾ ਵੇ ਗਾ,13,5
"ਉਹ ਆਪਣੇ ਆਪਣੇ ਰਾਜਾਂ ਦਾ ਇਤਿਹਾਸ, ਸੱਭਿਆਚਾਰ ,ਵਿਰਾਸਤ, ਵਿਕਸਿਤ ਪ੍ਰੋਗਰਾਮ ਅਤੇ ਵਾਤਾਵਰਣ ਪ੍ਰਦਰਸ਼ਿਤ ਕਰਦੇ ਹਨ","ਉ ਹ   ਆ ਪ ਣੇ   ਆ ਪ ਣੇ   ਰਾ ਜਾਂ   ਦਾ   ਇ ਤਿ ਹਾ ਸ ,   ਸ ੱ ਭਿ ਆ ਚਾ ਰ   , ਵਿ ਰਾ ਸ ਤ ,   ਵਿ ਕ ਸਿ ਤ   ਪ੍ਰੋ ਗ ਰਾ ਮ   ਅ ਤੇ   ਵਾ ਤਾ ਵ ਰ ਣ   ਪ੍ਰ ਦ ਰ ਸ਼ਿ ਤ   ਕ ਰ ਦੇ   ਹ ਨ",53,15
ਉਹ ਆਪਣੇ ਨਾਲ ਐਨਿਮੇਸ਼ਨ ਅਤੇ ਧੁਨੀ ਲੈ ਕੇ ਤੁਰਦੇ ਹਨ,ਉ ਹ   ਆ ਪ ਣੇ   ਨਾ ਲ   ਐ ਨਿ ਮੇ ਸ਼ ਨ   ਅ ਤੇ   ਧੁ ਨੀ   ਲੈ   ਕੇ   ਤੁ ਰ ਦੇ   ਹ ਨ,23,10
ਇਹ ਇੱਕ ਬਹੁਤ ਰੰਗੀਨ ਝਾਕੀ ਹੁੰਦੀ ਹੈ,ਇ ਹ   ਇ ੱ ਕ   ਬ ਹੁ ਤ   ਰ ੰ ਗੀ ਨ   ਝਾ ਕੀ   ਹੁ ੰ ਦੀ   ਹੈ,18,7
"ਹਾਂ, ਅਤੇ ਇਹ ਸਾਰੀ ਪਰੇਡ 'ਚੋਂ ਮੇਰਾ ਪਸੰਦੀਦਾ ਹਿੱਸਾ ਹੈ","ਹਾਂ ,   ਅ ਤੇ   ਇ ਹ   ਸਾ ਰੀ   ਪ ਰੇ ਡ   ' ਚੋਂ   ਮੇ ਰਾ   ਪ ਸ ੰ ਦੀ ਦਾ   ਹਿ ੱ ਸਾ   ਹੈ",24,10
ਮੈਨੂੰ ਅਜੇ ਵੀ ਯਾਦ ਹੈ ਕਿ ਪਿਛਲੀ ਵਾਰ ਪੱਛਮੀ ਬੰਗਾਲ ਦੀ ਝਾਕੀ ਕਿਵੇਂ ਸਜੀ ਹੋਈ ਸੀ,ਮੈ ਨੂ ੰ   ਅ ਜੇ   ਵੀ   ਯਾ ਦ   ਹੈ   ਕਿ   ਪਿ ਛ ਲੀ   ਵਾ ਰ   ਪ ੱ ਛ ਮੀ   ਬ ੰ ਗਾ ਲ   ਦੀ   ਝਾ ਕੀ   ਕਿ ਵੇਂ   ਸ ਜੀ   ਹੋ ਈ   ਸੀ,33,16
"ਅਤੇ ਉਸ ਤੇ ਨੱਚਣ ਵਾਲੇ ਵੀ, ਬੰਗਾਲ ਦੇ ਪੇਂਡੂ ਲੋਕ ਨਾਚ ਨੂੰ ਦਰਸ਼ਾ ਰਹੇ ਸਨ","ਅ ਤੇ   ਉ ਸ   ਤੇ   ਨ ੱ ਚ ਣ   ਵਾ ਲੇ   ਵੀ ,   ਬ ੰ ਗਾ ਲ   ਦੇ   ਪੇਂ ਡੂ   ਲੋ ਕ   ਨਾ ਚ   ਨੂ ੰ   ਦ ਰ ਸ਼ਾ   ਰ ਹੇ   ਸ ਨ",33,15
ਮੈਂ ਹੈਰਾਨ ਹਾਂ ਕਿ ਉਹਨਾਂ ਕੋਲ ਇਸ ਸਾਲ ਸਟੋਰ 'ਚ ਕੀ ਹੋਏਗਾ,ਮੈਂ   ਹੈ ਰਾ ਨ   ਹਾਂ   ਕਿ   ਉ ਹ ਨਾਂ   ਕੋ ਲ   ਇ ਸ   ਸਾ ਲ   ਸ ਟੋ ਰ   ' ਚ   ਕੀ   ਹੋ ਏ ਗਾ,24,12
ਚਲੋ ਉਡੀਕਦੇ ਹਾਂ ਅਤੇ ਦੇਖਦੇ ਹਾਂ,ਚ ਲੋ   ਉ ਡੀ ਕ ਦੇ   ਹਾਂ   ਅ ਤੇ   ਦੇ ਖ ਦੇ   ਹਾਂ,13,6
"ਪਰ ਇਹ ਨਾ ਭੁੱਲ, ਅੱਜ ਦੁਪਹਿਰ 12 ਵਜੇ ਤੇਰਾ ਸਿਟ ਅਤੇ ਡ੍ਰਾਅ ਮੁਕਾਬਲਾ ਹੈ","ਪ ਰ   ਇ ਹ   ਨਾ   ਭੁ ੱ ਲ ,   ਅ ੱ ਜ   ਦੁ ਪ ਹਿ ਰ   1 2   ਵ ਜੇ   ਤੇ ਰਾ   ਸਿ ਟ   ਅ ਤੇ   ਡ੍ਰਾ ਅ   ਮੁ ਕਾ ਬ ਲਾ   ਹੈ",33,14
ਕੀ ਤੂੰ ਉਸ ਲਈ ਤਿਆਰ ਹੈ,ਕੀ   ਤੂ ੰ   ਉ ਸ   ਲ ਈ   ਤਿ ਆ ਰ   ਹੈ,11,6
ਮੈਂ ਆਪਣੇ ਸਕੈਚਾਂ ਦਾ ਅਭਿਆਸ ਕੀਤਾ ਹੈ,ਮੈਂ   ਆ ਪ ਣੇ   ਸ ਕੈ ਚਾਂ   ਦਾ   ਅ ਭਿ ਆ ਸ   ਕੀ ਤਾ   ਹੈ,15,7
ਮੈਂ ਪਹਿਲਾਂ ਹੀ ਗਣਤੰਤਰ ਦਿਵਸ ਦੀ ਪਰੇਡ ਦੀ ਇੱਕ ਝਲਕ ਬਣਾ ਰਿਹਾ ਹਾਂ,ਮੈਂ   ਪ ਹਿ ਲਾਂ   ਹੀ   ਗ ਣ ਤ ੰ ਤ ਰ   ਦਿ ਵ ਸ   ਦੀ   ਪ ਰੇ ਡ   ਦੀ   ਇ ੱ ਕ   ਝ ਲ ਕ   ਬ ਣਾ   ਰਿ ਹਾ   ਹਾਂ,30,13
ਮੈਨੂੰ ਉਮੀਦ ਹੈ ਕਿ ਮੈਂ ਇੱਕ ਈਨਾਮ ਲੈ ਸਕਦਾ ਹਾਂ,ਮੈ ਨੂ ੰ   ਉ ਮੀ ਦ   ਹੈ   ਕਿ   ਮੈਂ   ਇ ੱ ਕ   ਈ ਨਾ ਮ   ਲੈ   ਸ ਕ ਦਾ   ਹਾਂ,20,10
ਇਨਾਮਾਂ ਦੀ ਚਿੰਤਾ ਨਾ ਕਰੋ,ਇ ਨਾ ਮਾਂ   ਦੀ   ਚਿ ੰ ਤਾ   ਨਾ   ਕ ਰੋ,10,5
ਬਸ ਉੱਥੇ ਆਪਣਾ ਅਨੰਦ ਮਾਣੋ,ਬ ਸ   ਉ ੱ ਥੇ   ਆ ਪ ਣਾ   ਅ ਨ ੰ ਦ   ਮਾ ਣੋ,14,5
ਮੇਰੀ ਸ਼ੁੱਭ ਇੱਛਾਵਾਂ ਤੇਰੇ ਨਾਲ ਨੇ,ਮੇ ਰੀ   ਸ਼ੁ ੱ ਭ   ਇ ੱ ਛਾ ਵਾਂ   ਤੇ ਰੇ   ਨਾ ਲ   ਨੇ,14,6
"ਧੰਨਵਾਦ, ਡੈਡ","ਧ ੰ ਨ ਵਾ ਦ ,   ਡੈ ਡ",8,2
"ਪਰ , ਇਹ ਪੱਕਾ ਕਰੋ ਕਿ ਤੁਸੀਂ ਪਰੇਡ ਦਾ ਉਹ ਹਿੱਸਾ ਦੇਖੋਗੇ ਜੋ ਮੈਂ ਮੁਕਾਬਲੇ ਕਾਰਨ ਨਹੀਂ ਦੇਖ ਸਕਾਂਗਾ","ਪ ਰ   ,   ਇ ਹ   ਪ ੱ ਕਾ   ਕ ਰੋ   ਕਿ   ਤੁ ਸੀਂ   ਪ ਰੇ ਡ   ਦਾ   ਉ ਹ   ਹਿ ੱ ਸਾ   ਦੇ ਖੋ ਗੇ   ਜੋ   ਮੈਂ   ਮੁ ਕਾ ਬ ਲੇ   ਕਾ ਰ ਨ   ਨ ਹੀਂ   ਦੇ ਖ   ਸ ਕਾਂ ਗਾ",41,19
ਮੈਂ ਸੌਣ ਵੇਲੇ ਇਸ ਬਾਰੇ ਸੁਣਾਂਗਾ,ਮੈਂ   ਸੌ ਣ   ਵੇ ਲੇ   ਇ ਸ   ਬਾ ਰੇ   ਸੁ ਣਾਂ ਗਾ,12,6
"ਹੈਲੋ, ਕੀ ਇਹ ਸਮਾਧਾਨ ਹੈਲਪਲਾਈਨ ਹੈ","ਹੈ ਲੋ ,   ਕੀ   ਇ ਹ   ਸ ਮਾ ਧਾ ਨ   ਹੈ ਲ ਪ ਲਾ ਈ ਨ   ਹੈ",17,6
"ਹਾਂ, ਮੈਂ ਤੁਹਾਡੀ ਕਿਵੇਂ ਮਦਦ ਕਰ ਸਕਦਾ ਹਾਂ","ਹਾਂ ,   ਮੈਂ   ਤੁ ਹਾ ਡੀ   ਕਿ ਵੇਂ   ਮ ਦ ਦ   ਕ ਰ   ਸ ਕ ਦਾ   ਹਾਂ",17,8
"ਮੈਂ ਹਰੀਸ਼ ਹਾਂ, ਅਤੇ ਸਵਾਮੀ ਵਿਵੇਕਨੰਦ ਐਜੂਕੇਸ਼ਨਲ ਇੰਸਟੀਚਿਊਟ ਵੱਲੋਂ ਕਾੱਲ ਕਰ ਰਿਹਾ ਹਾਂ","ਮੈਂ   ਹ ਰੀ ਸ਼   ਹਾਂ ,   ਅ ਤੇ   ਸ ਵਾ ਮੀ   ਵਿ ਵੇ ਕ ਨ ੰ ਦ   ਐ ਜੂ ਕੇ ਸ਼ ਨ ਲ   ਇ ੰ ਸ ਟੀ ਚਿ ਊ ਟ   ਵ ੱ ਲੋਂ   ਕਾ ੱ ਲ   ਕ ਰ   ਰਿ ਹਾ   ਹਾਂ",41,13
ਮੈਂ ਮੈਰਿਟ-ਕਮ-ਮੀਨਜ਼ ਸਕਾਲਰਸ਼ਿਪ ਪ੍ਰੋਗਰਾਮ ਬਾਰੇ ਹੋਰ ਜਾਣਨਾ ਚਾਹਾਂਗਾ,ਮੈਂ   ਮੈ ਰਿ ਟ - ਕ ਮ - ਮੀ ਨ ਜ਼   ਸ ਕਾ ਲ ਰ ਸ਼ਿ ਪ   ਪ੍ਰੋ ਗ ਰਾ ਮ   ਬਾ ਰੇ   ਹੋ ਰ   ਜਾ ਣ ਨਾ   ਚਾ ਹਾਂ ਗਾ,31,8
ਤਾਂ ਜੋ ਮੈਂ ਆਪਣੇ ਵਿਦਿਆਰਥੀਆਂ ਨੂੰ ਇਸ ਵਜ਼ੀਫੇ ਬਾਰੇ ਦੱਸ ਸਕਾਂ,ਤਾਂ   ਜੋ   ਮੈਂ   ਆ ਪ ਣੇ   ਵਿ ਦਿ ਆ ਰ ਥੀ ਆ ਂ   ਨੂ ੰ   ਇ ਸ   ਵ ਜ਼ ੀ ਫੇ   ਬਾ ਰੇ   ਦ ੱ ਸ   ਸ ਕਾਂ,28,11
ਠੀਕ ਹੈ,ਠੀ ਕ   ਹੈ,3,2
ਸਕੀਮ ਦਾ ਮੁੱਖ ਟੀਚਾ ੳਲਪ ਸੰਖਿਆ ਵਾਲੇ ਵੰਚਿਤ ਤੇ ਲਾਇਕ ਵਿਦਿਆਰਥੀਆਂ ਨੂੰ ਵਿੱਤੀ ਸਹਾਇਤਾ ਪ੍ਰਦਾਨ ਕਰਨਾ ਹੈ,ਸ ਕੀ ਮ   ਦਾ   ਮੁ ੱ ਖ   ਟੀ ਚਾ   ੳ ਲ ਪ   ਸ ੰ ਖਿ ਆ   ਵਾ ਲੇ   ਵ ੰ ਚਿ ਤ   ਤੇ   ਲਾ ਇ ਕ   ਵਿ ਦਿ ਆ ਰ ਥੀ ਆ ਂ   ਨੂ ੰ   ਵਿ ੱ ਤੀ   ਸ ਹਾ ਇ ਤਾ   ਪ੍ਰ ਦਾ ਨ   ਕ ਰ ਨਾ   ਹੈ,49,17
"ਅਤੇ ਇਸ ਵਜ਼ੀਫੇ ਨਾਲ, ਉਹ ਆਪਣੀ ਪੇਸ਼ੇਵਰ ਅਤੇ ਤਕਨੀਕੀ ਸਿੱਖਿਆ ਨੂੰ ਅੱਗੇ ਵਧਾਉਣ ਦੇ ਯੋਗ ਹੋਣਗੇ","ਅ ਤੇ   ਇ ਸ   ਵ ਜ਼ ੀ ਫੇ   ਨਾ ਲ ,   ਉ ਹ   ਆ ਪ ਣੀ   ਪੇ ਸ਼ੇ ਵ ਰ   ਅ ਤੇ   ਤ ਕ ਨੀ ਕੀ   ਸਿ ੱ ਖਿ ਆ   ਨੂ ੰ   ਅ ੱ ਗੇ   ਵ ਧਾ ਉ ਣ   ਦੇ   ਯੋ ਗ   ਹੋ ਣ ਗੇ",45,16
ਇਸ ਸਕੀਮ ਦੀ ਸ਼ੁਰੂਆਤ ੳਲਪ ਸੰਖਿਆ ਮੰਤਰਾਲੇ ਵੱਲੋਂ ਕੀਤੀ ਗਈ ਹੈ,ਇ ਸ   ਸ ਕੀ ਮ   ਦੀ   ਸ਼ੁ ਰੂ ਆ ਤ   ੳ ਲ ਪ   ਸ ੰ ਖਿ ਆ   ਮ ੰ ਤ ਰਾ ਲੇ   ਵ ੱ ਲੋਂ   ਕੀ ਤੀ   ਗ ਈ   ਹੈ,30,11
"ਹਾਂ, ਸਰ","ਹਾਂ ,   ਸ ਰ",4,2
"ਕੀ ਇਹ ਸਹੀ ਹੈ ਕਿ ਇਹ ਵਜੀਫ਼ਾ ਭਾਰਤ ਵਿੱਚ ਪੜ੍ਹਾਈ ਲਈ ਹੈ, ਸਰ","ਕੀ   ਇ ਹ   ਸ ਹੀ   ਹੈ   ਕਿ   ਇ ਹ   ਵ ਜੀ ਫ਼ ਾ   ਭਾ ਰ ਤ   ਵਿ ੱ ਚ   ਪ ੜ ੍ ਹਾ ਈ   ਲ ਈ   ਹੈ ,   ਸ ਰ",30,13
"ਹਾਂ, ਇਹ ਵਜੀਫ਼ਾ ਸਿਰਫ਼ ਭਾਰਤ ਦੇ ਸਰਕਾਰੀ ਜਾਂ ਗੈਰ-ਸਰਕਾਰੀ ਯੂਨੀਵਰਸਿਟੀ ਵਿੱਚ ਪੜ੍ਹ ਰਹੇ ਵਿਦਿਆਰਥੀਆਂ ਨੂੰ ਹੀ ਦਿੱਤਾ ਜਾਵੇਗਾ","ਹਾਂ ,   ਇ ਹ   ਵ ਜੀ ਫ਼ ਾ   ਸਿ ਰ ਫ਼   ਭਾ ਰ ਤ   ਦੇ   ਸ ਰ ਕਾ ਰੀ   ਜਾਂ   ਗੈ ਰ - ਸ ਰ ਕਾ ਰੀ   ਯੂ ਨੀ ਵ ਰ ਸਿ ਟੀ   ਵਿ ੱ ਚ   ਪ ੜ ੍ ਹ   ਰ ਹੇ   ਵਿ ਦਿ ਆ ਰ ਥੀ ਆ ਂ   ਨੂ ੰ   ਹੀ   ਦਿ ੱ ਤਾ   ਜਾ ਵੇ ਗਾ",58,18
ਕੀ ਇਹ ਸਕਾਲਰਸ਼ਿਪ ਅੰਡਰਗਰੈਜੂਏਟ ਵਿਦਿਆਰਥੀਆਂ ਲਈ ਹੈ,ਕੀ   ਇ ਹ   ਸ ਕਾ ਲ ਰ ਸ਼ਿ ਪ   ਅ ੰ ਡ ਰ ਗ ਰੈ ਜੂ ਏ ਟ   ਵਿ ਦਿ ਆ ਰ ਥੀ ਆ ਂ   ਲ ਈ   ਹੈ,28,7
"ਨਹੀਂ, ਇਹ ਅੰਡਰਗਰੈਜੂਏਟ ਅਤੇ ਪੋਸਟ ਗ੍ਰੈਜੂਏਟ ਪੱਧਰ ਤੇ ਤਕਨੀਕੀ ਅਤੇ ਪੇਸ਼ੇਵਰ ਕੋਰਸਾਂ ਨੂੰ ਕਵਰ ਕਰੇਗਾ","ਨ ਹੀਂ ,   ਇ ਹ   ਅ ੰ ਡ ਰ ਗ ਰੈ ਜੂ ਏ ਟ   ਅ ਤੇ   ਪੋ ਸ ਟ   ਗ੍ਰੈ ਜੂ ਏ ਟ   ਪ ੱ ਧ ਰ   ਤੇ   ਤ ਕ ਨੀ ਕੀ   ਅ ਤੇ   ਪੇ ਸ਼ੇ ਵ ਰ   ਕੋ ਰ ਸਾਂ   ਨੂ ੰ   ਕ ਵ ਰ   ਕ ਰੇ ਗਾ",49,15
ਇਸ ਵਜੀਫ਼ੇ ਲਈ ਅਰਜ਼ੀ ਦੇਂ ਦੇ ਮਾਪ-ਦੰਡ ਕੀ ਹਨ,ਇ ਸ   ਵ ਜੀ ਫ਼ ੇ   ਲ ਈ   ਅ ਰ ਜ਼ ੀ   ਦੇਂ   ਦੇ   ਮਾ ਪ - ਦ ੰ ਡ   ਕੀ   ਹ ਨ,23,9
"ਜਿਨ੍ਹਾਂ ਵਿਦਿਆਰਥੀਆਂ ਨੇ ਪਿਛਲੀ ਅੰਤਿਮ ਪ੍ਰੀਖਿਆ ਵਿੱਚ ਘੱਟੋ-ਘੱਟ 50% ਜਾਂ ਬਰਾਬਰ ਦਾ ਗ੍ਰੇਡ ਪ੍ਰਾਪਤ ਕੀਤਾ ਸੀ, ਉਹ ਸਕਾਲਰਸ਼ਿਪ ਲਈ ਯੋਗ ਹੋਣਗੇ","ਜਿ ਨ੍ਹਾਂ   ਵਿ ਦਿ ਆ ਰ ਥੀ ਆ ਂ   ਨੇ   ਪਿ ਛ ਲੀ   ਅ ੰ ਤਿ ਮ   ਪ੍ਰੀ ਖਿ ਆ   ਵਿ ੱ ਚ   ਘ ੱ ਟੋ - ਘ ੱ ਟ   5 0 %   ਜਾਂ   ਬ ਰਾ ਬ ਰ   ਦਾ   ਗ੍ਰੇ ਡ   ਪ੍ਰਾ ਪ ਤ   ਕੀ ਤਾ   ਸੀ ,   ਉ ਹ   ਸ ਕਾ ਲ ਰ ਸ਼ਿ ਪ   ਲ ਈ   ਯੋ ਗ   ਹੋ ਣ ਗੇ",63,21
"ਨਾਲ ਹੀ , ਜੇਕਰ ਉਹਨਾਂ ਦੇ ਮਾਪਿਆਂ ਜਾਂ ਸਰਪ੍ਰਸਤਾਂ ਦੀ ਸਾਰੇ ਸਰੋਤਾਂ ਤੋਂ ਸਾਲਾਨਾ ਆਮਦਨ 2","ਨਾ ਲ   ਹੀ   ,   ਜੇ ਕ ਰ   ਉ ਹ ਨਾਂ   ਦੇ   ਮਾ ਪਿ ਆ ਂ   ਜਾਂ   ਸ ਰ ਪ੍ਰ ਸ ਤਾਂ   ਦੀ   ਸਾ ਰੇ   ਸ ਰੋ ਤਾਂ   ਤੋਂ   ਸਾ ਲਾ ਨਾ   ਆ ਮ ਦ ਨ   2",36,16
50 ਲੱਖ ਰੁਪਏ ਤੋਂ ਵੱਧ ਨਹੀਂ ਹੈ,5 0   ਲ ੱ ਖ   ਰੁ ਪ ਏ   ਤੋਂ   ਵ ੱ ਧ   ਨ ਹੀਂ   ਹੈ,15,7
"ਸਰ, ਐਮ ਸੀ ਐਮ ਨਾਲ ਕਿੰਨੇ ਵਿਦਿਆਰਥੀਆਂ ਨੂੰ ਸਨਮਾਨਿਤ ਕੀਤਾ ਜਾਵੇਗਾ","ਸ ਰ ,   ਐ ਮ   ਸੀ   ਐ ਮ   ਨਾ ਲ   ਕਿ ੰ ਨੇ   ਵਿ ਦਿ ਆ ਰ ਥੀ ਆ ਂ   ਨੂ ੰ   ਸ ਨ ਮਾ ਨਿ ਤ   ਕੀ ਤਾ   ਜਾ ਵੇ ਗਾ",32,11
"ਕੁੱਲ 60,000 ਵਜੀਫ਼ਿਆਂ ਨੂੰ ਤਾਜ਼ਾ ਵਜ਼ੀਫੇ ਵੰਡੇ ਜਾਣ ਦਾ ਟੀਚਾ ਹੈ, ਇਸ ਤੋਂ ਇਲਾਵਾ ਬਹਾਲੀ ਵਾਲੇ ਵਜ਼ੀਫੇ ਹਨ","ਕੁ ੱ ਲ   6 0 , 0 0 0   ਵ ਜੀ ਫ਼ ਿ ਆ ਂ   ਨੂ ੰ   ਤਾ ਜ਼ ਾ   ਵ ਜ਼ ੀ ਫੇ   ਵ ੰ ਡੇ   ਜਾ ਣ   ਦਾ   ਟੀ ਚਾ   ਹੈ ,   ਇ ਸ   ਤੋਂ   ਇ ਲਾ ਵਾ   ਬ ਹਾ ਲੀ   ਵਾ ਲੇ   ਵ ਜ਼ ੀ ਫੇ   ਹ ਨ",51,18
ਇਹ ਇੱਕ ਵੱਡੀ ਗਿਣਤੀ ਹੈ ਅਤੇ ਇਹ ਲੋੜਵੰਦ ਵਿਦਿਆਰਥੀਆਂ ਲਈ ਲਾਹੇਵੰਦ ਹੋਵੇਗਾ,ਇ ਹ   ਇ ੱ ਕ   ਵ ੱ ਡੀ   ਗਿ ਣ ਤੀ   ਹੈ   ਅ ਤੇ   ਇ ਹ   ਲੋ ੜ ਵ ੰ ਦ   ਵਿ ਦਿ ਆ ਰ ਥੀ ਆ ਂ   ਲ ਈ   ਲਾ ਹੇ ਵ ੰ ਦ   ਹੋ ਵੇ ਗਾ,38,12
ਇਹ ਵਜ਼ੀਫੇ ਦੂਜੇ ਵਿਦਿਆਰਥੀਆਂ ਲਈ ਵੀ ਪ੍ਰੇਰਨਾ ਦਾ ਸਰੋਤ ਹਨ,ਇ ਹ   ਵ ਜ਼ ੀ ਫੇ   ਦੂ ਜੇ   ਵਿ ਦਿ ਆ ਰ ਥੀ ਆ ਂ   ਲ ਈ   ਵੀ   ਪ੍ਰੇ ਰ ਨਾ   ਦਾ   ਸ ਰੋ ਤ   ਹ ਨ,27,10
"ਹਾਂ, ਤੁਸੀਂ ਸਹੀ ਹੋ","ਹਾਂ ,   ਤੁ ਸੀਂ   ਸ ਹੀ   ਹੋ",7,4
"ਇੱਥੇ ਇੱਕ ਰਿਜ਼ਰਵੇਸ਼ਨ ਨੀਤੀ ਹੈ, ਉਹ 30% ਵਜ਼ੀਫੇ ਇੱਕ ਰਾਜ/ ਯੂ ਟੀ ਵਿੱਚ ਹਰੇਕ ਘੱਟ-ਗਿਣਤੀ ਜਮਾਤ ਦੀਆਂ ਲੜਕੀਆਂ ਲਈ ਰੱਖੀ ਗਈ ਹੈ","ਇ ੱ ਥੇ   ਇ ੱ ਕ   ਰਿ ਜ਼ ਰ ਵੇ ਸ਼ ਨ   ਨੀ ਤੀ   ਹੈ ,   ਉ ਹ   3 0 %   ਵ ਜ਼ ੀ ਫੇ   ਇ ੱ ਕ   ਰਾ ਜ /   ਯੂ   ਟੀ   ਵਿ ੱ ਚ   ਹ ਰੇ ਕ   ਘ ੱ ਟ - ਗਿ ਣ ਤੀ   ਜ ਮਾ ਤ   ਦੀ ਆ ਂ   ਲ ੜ ਕੀ ਆ ਂ   ਲ ਈ   ਰ ੱ ਖੀ   ਗ ਈ   ਹੈ",65,22
"ਓਹ, ਇਹ ਸ਼ਾਨਦਾਰ ਹੈ","ਓ ਹ ,   ਇ ਹ   ਸ਼ਾ ਨ ਦਾ ਰ   ਹੈ",10,4
ਇਹ ਵਜ਼ੀਫਾ ਕਦੋਂ ਤੱਕ ਚਲੇਗਾ,ਇ ਹ   ਵ ਜ਼ ੀ ਫਾ   ਕ ਦੋਂ   ਤ ੱ ਕ   ਚ ਲੇ ਗਾ,14,5
ਪੂਰੇ ਅਕਾਦਮਿਕ ਸਾਲ/ਕੋਰਸ ਲਈ ਵਜ਼ੀਫਾ ਪ੍ਰਦਾਨ ਕੀਤਾ ਜਾਵੇਗਾ,ਪੂ ਰੇ   ਅ ਕਾ ਦ ਮਿ ਕ   ਸਾ ਲ / ਕੋ ਰ ਸ   ਲ ਈ   ਵ ਜ਼ ੀ ਫਾ   ਪ੍ਰ ਦਾ ਨ   ਕੀ ਤਾ   ਜਾ ਵੇ ਗਾ,27,8
"ਅਤੇ ਰੱਖ-ਰੱਖਆ ਭੱਤਾ ਅਕਾਦਮਿਕ ਸਾਲ ਵਿੱਚ ਇਕਮੁਸ਼ਤ ਰਕਮ ਵਜੋਂ ਦਿੱਤਾ ਜਾਵੇਗਾ 10,000/- ਰੁਪਏ ਹੋਸਟਲਰਾਂ ਨੂੰ ਅਤੇ 5,000/- ਰੁਪਏ ਡੇਅ-ਸਕਾਰਲਾਂ ਨੂੰ","ਅ ਤੇ   ਰ ੱ ਖ - ਰ ੱ ਖ ਆ   ਭ ੱ ਤਾ   ਅ ਕਾ ਦ ਮਿ ਕ   ਸਾ ਲ   ਵਿ ੱ ਚ   ਇ ਕ ਮੁ ਸ਼ ਤ   ਰ ਕ ਮ   ਵ ਜੋਂ   ਦਿ ੱ ਤਾ   ਜਾ ਵੇ ਗਾ   1 0 , 0 0 0 / -   ਰੁ ਪ ਏ   ਹੋ ਸ ਟ ਲ ਰਾਂ   ਨੂ ੰ   ਅ ਤੇ   5 , 0 0 0 / -   ਰੁ ਪ ਏ   ਡੇ ਅ - ਸ ਕਾ ਰ ਲਾਂ   ਨੂ ੰ",78,20
ਬਹੁਤ ਵਧੀਆ,ਬ ਹੁ ਤ   ਵ ਧੀ ਆ,6,2
ਵਜ਼ੀਫੇ ਲਈ ਅਰਜ਼ੀ ਕਿਵੇਂ ਦੇਣੀ ਹੈ,ਵ ਜ਼ ੀ ਫੇ   ਲ ਈ   ਅ ਰ ਜ਼ ੀ   ਕਿ ਵੇਂ   ਦੇ ਣੀ   ਹੈ,15,6
ਇਹ ਸਕੀਮ ਨੈਸ਼ਨਲ ਸਕਾਰਸ਼ਿਪ ਪੋਰਟਲ (ਐਨ ਐਸ ਪੀ) ਦੁਆਰਾ ਲਾਗੂ ਕੀਤੀ ਗਈ ਹੈ,ਇ ਹ   ਸ ਕੀ ਮ   ਨੈ ਸ਼ ਨ ਲ   ਸ ਕਾ ਰ ਸ਼ਿ ਪ   ਪੋ ਰ ਟ ਲ   ( ਐ ਨ   ਐ ਸ   ਪੀ )   ਦੁ ਆ ਰਾ   ਲਾ ਗੂ   ਕੀ ਤੀ   ਗ ਈ   ਹੈ,35,13
ਸਾਰੇ ਵਿਦਿਆਰਥੀਆਂ ਲਈ ਵੈੱਬਸਾਈਟ 'ਤੇ ਆਨ-ਲਾਈਨ ਅਪਲਾਈ ਕਰਨਾ ਲਾਜ਼ਮੀ ਹੈ ਜੋ www,ਸਾ ਰੇ   ਵਿ ਦਿ ਆ ਰ ਥੀ ਆ ਂ   ਲ ਈ   ਵੈ ੱ ਬ ਸਾ ਈ ਟ   ' ਤੇ   ਆ ਨ - ਲਾ ਈ ਨ   ਅ ਪ ਲਾ ਈ   ਕ ਰ ਨਾ   ਲਾ ਜ਼ ਮੀ   ਹੈ   ਜੋ   w w w,40,12
scholarships,s c h o l a r s h i p s,12,1
gov,g o v,3,1
in,i n,2,1
ਹੈ,ਹੈ,1,1
ਇਹ ਉਹਨਾਂ ਲਈ ਲਾਹੇਵੰਦ ਹੋਵੇਗਾ,ਇ ਹ   ਉ ਹ ਨਾਂ   ਲ ਈ   ਲਾ ਹੇ ਵ ੰ ਦ   ਹੋ ਵੇ ਗਾ,15,5
ਤੁਸੀਂ ਨੈਸ਼ਨਲ ਸਕਾਲਰਸ਼ਿਪ ਪੋਰਟਲ ਤੋਂ ਹੋਰ ਜਾਣਕਾਰੀ ਡਾਊਨਲੋਡ ਕਰ ਸਕਦੇ ਹੋ,ਤੁ ਸੀਂ   ਨੈ ਸ਼ ਨ ਲ   ਸ ਕਾ ਲ ਰ ਸ਼ਿ ਪ   ਪੋ ਰ ਟ ਲ   ਤੋਂ   ਹੋ ਰ   ਜਾ ਣ ਕਾ ਰੀ   ਡਾ ਊ ਨ ਲੋ ਡ   ਕ ਰ   ਸ ਕ ਦੇ   ਹੋ,34,11
"ਬਿਲਕੁੱਲ, ਸਰ","ਬਿ ਲ ਕੁ ੱ ਲ ,   ਸ ਰ",8,2
ਬਹੁਤ ਧੰਨਵਾਦ,ਬ ਹੁ ਤ   ਧ ੰ ਨ ਵਾ ਦ,8,2
ਤੁਹਾਡਾ ਸੁਆਗਤ ਹੈ,ਤੁ ਹਾ ਡਾ   ਸੁ ਆ ਗ ਤ   ਹੈ,8,3
ਹੈਲੋ,ਹੈ ਲੋ,2,1
ਮੇਰਾ ਅਗਲੇ ਮਹਿਨੇ ਵਿਆਹ ਹੋਣ ਵਾਲਾ ਹੈ I,ਮੇ ਰਾ   ਅ ਗ ਲੇ   ਮ ਹਿ ਨੇ   ਵਿ ਆ ਹ   ਹੋ ਣ   ਵਾ ਲਾ   ਹੈ   I,17,8
ਕਿ ਤੁਸੀਂ ਮੈਨੂੰ ਨਿਯਮਤ ਪ੍ਰਕਿਰਿਆ ਬਾਰੇ ਦੱਸ ਸਕਦੇ ਹੋ,ਕਿ   ਤੁ ਸੀਂ   ਮੈ ਨੂ ੰ   ਨਿ ਯ ਮ ਤ   ਪ੍ਰ ਕਿ ਰਿ ਆ   ਬਾ ਰੇ   ਦ ੱ ਸ   ਸ ਕ ਦੇ   ਹੋ,23,9
ਮੈਂ ਆਪਣੇ ਵਿਆਹ ਨੂੰ ਵੈਧ ਕਾਨੂੰਨੀ ਹੋਂਦ ਕਿਵੇਂ ਬਣਾ ਸਕਦਾ ਹਾਂ,ਮੈਂ   ਆ ਪ ਣੇ   ਵਿ ਆ ਹ   ਨੂ ੰ   ਵੈ ਧ   ਕਾ ਨੂ ੰ ਨੀ   ਹੋਂ ਦ   ਕਿ ਵੇਂ   ਬ ਣਾ   ਸ ਕ ਦਾ   ਹਾਂ,25,11
ਵਿਆਹ ਨੂੰ ਕਾਨੂੰਨੀ ਤੌਰ ਤੇ ਮਾਨਤਾ ਪ੍ਰਾਪਤ ਕਰਵਾਉਣ ਲਈ ਉਸ ਦੀ ਰਜਿਸਟਰੀ ਹੋਣੀ ਲਾਜ਼ਮੀ ਹੈ,ਵਿ ਆ ਹ   ਨੂ ੰ   ਕਾ ਨੂ ੰ ਨੀ   ਤੌ ਰ   ਤੇ   ਮਾ ਨ ਤਾ   ਪ੍ਰਾ ਪ ਤ   ਕ ਰ ਵਾ ਉ ਣ   ਲ ਈ   ਉ ਸ   ਦੀ   ਰ ਜਿ ਸ ਟ ਰੀ   ਹੋ ਣੀ   ਲਾ ਜ ਼ ਮੀ   ਹੈ,40,15
ਰਜਿਸਟਰੀ ਦੀ ਪ੍ਰਤਿਕਰਿਆ ਲਾੜਾ ਅਤੇ ਲਾੜੀ ਨੂੰ ਵਿਆਹ ਦਾ ਪ੍ਰਮਾਣ-ਪੱਤਰ ਮਿਲਣ ਤੋਂ ਬਾਅਦ ਸਮਾਪਤ ਹੁੰਦੀ ਹੈ I,ਰ ਜਿ ਸ ਟ ਰੀ   ਦੀ   ਪ੍ਰ ਤਿ ਕ ਰਿ ਆ   ਲਾ ੜ ਾ   ਅ ਤੇ   ਲਾ ੜ ੀ   ਨੂ ੰ   ਵਿ ਆ ਹ   ਦਾ   ਪ੍ਰ ਮਾ ਣ - ਪ ੱ ਤ ਰ   ਮਿ ਲ ਣ   ਤੋਂ   ਬਾ ਅ ਦ   ਸ ਮਾ ਪ ਤ   ਹੁ ੰ ਦੀ   ਹੈ   I,49,17
ਮੈਨੂੰ ਵਿਆਹ ਦਾ ਮਾਣ-ਪੱਤਰ ਕਿਵੇਂ ਮਿਲ ਸਕਦਾ ਹੈ,ਮੈ ਨੂ ੰ   ਵਿ ਆ ਹ   ਦਾ   ਮਾ ਣ - ਪ ੱ ਤ ਰ   ਕਿ ਵੇਂ   ਮਿ ਲ   ਸ ਕ ਦਾ   ਹੈ,22,8
ਤੁਹਾਨੂੰ ਇੱਕ ਹਲਫ਼ਨਾਮਾ ਜਮਾ ਕਰਵਾਉਣਾ ਪੇਏਗਾ ਜਿਸ ਦੇ ਜ਼ਰੀਏ ਤੁਸੀਂ ਆਪਣੇ ਵਿਆਹ ਦੀ ਰਜਿਸਟਰੀ ਲਈ ਬੇਨਤੀ ਕਰੋਂਗੇ I,ਤੁ ਹਾ ਨੂ ੰ   ਇ ੱ ਕ   ਹ ਲ ਫ਼ ਨਾ ਮਾ   ਜ ਮਾ   ਕ ਰ ਵਾ ਉ ਣਾ   ਪੇ ਏ ਗਾ   ਜਿ ਸ   ਦੇ   ਜ਼ ਰੀ ਏ   ਤੁ ਸੀਂ   ਆ ਪ ਣੇ   ਵਿ ਆ ਹ   ਦੀ   ਰ ਜਿ ਸ ਟ ਰੀ   ਲ ਈ   ਬੇ ਨ ਤੀ   ਕ ਰੋਂ ਗੇ   I,51,18
"ਕੋਈ ਵੀ ਜੋੜਾ ਆਪਣੇ ਵਿਆਹ ਲਈ ਇੱਕ ਸੰਯੁਕਤ ਹਲਫ਼ਨਾਮਾ ਜਮ੍ਹਾਂ ਕਰ ਸਕਦਾ ਹੈ, ਜਾਂ ਉਹ ਇੱਕ ਵਿਅਕਤੀਗਤ ਹਲਫ਼ਨਾਮਾ ਜਮ੍ਹਾਂ ਕਰਵਾਉਣ ਦੀ ਚੋਣ ਕਰ ਸਕਦਾ ਹੈ","ਕੋ ਈ   ਵੀ   ਜੋ ੜ ਾ   ਆ ਪ ਣੇ   ਵਿ ਆ ਹ   ਲ ਈ   ਇ ੱ ਕ   ਸ ੰ ਯੁ ਕ ਤ   ਹ ਲ ਫ ਼ ਨਾ ਮਾ   ਜ ਮ੍ਹਾਂ   ਕ ਰ   ਸ ਕ ਦਾ   ਹੈ ,   ਜਾਂ   ਉ ਹ   ਇ ੱ ਕ   ਵਿ ਅ ਕ ਤੀ ਗ ਤ   ਹ ਲ ਫ ਼ ਨਾ ਮਾ   ਜ ਮ੍ਹਾਂ   ਕ ਰ ਵਾ ਉ ਣ   ਦੀ   ਚੋ ਣ   ਕ ਰ   ਸ ਕ ਦਾ   ਹੈ",71,25
ਕਿ ਇਨ੍ਹਾਂ ਦੋਨ੍ਹਾਂ ਵਿੱਚ ਕੋਈ ਫ਼ਰਕ ਹੈ,ਕਿ   ਇ ਨ੍ਹਾਂ   ਦੋ ਨ੍ਹਾਂ   ਵਿ ੱ ਚ   ਕੋ ਈ   ਫ਼ ਰ ਕ   ਹੈ,14,7
"ਜ਼ਿਆਦਾ ਨਹੀਂ ਹੈ, ਪਰ ਕੁੱਛ ਰਾਜ ਸੰਯੁਕਤ ਹਲਫ਼ਨਾਮਾ ਦਾਇਰ ਕਰਣ ਦੀ ਮੰਗ ਕਰਦੇ ਹਨ I","ਜ਼ ਿ ਆ ਦਾ   ਨ ਹੀਂ   ਹੈ ,   ਪ ਰ   ਕੁ ੱ ਛ   ਰਾ ਜ   ਸ ੰ ਯੁ ਕ ਤ   ਹ ਲ ਫ ਼ ਨਾ ਮਾ   ਦਾ ਇ ਰ   ਕ ਰ ਣ   ਦੀ   ਮ ੰ ਗ   ਕ ਰ ਦੇ   ਹ ਨ   I",42,15
"ਠੀਕ ਹੈ, ਵਿਆਹ ਦੀ ਰਜਿਸਟਰੀ ਲਈ ਸੰਯੁਕਤ ਹਲਫ਼ਨਾਮਾ ਦਾਇਰ ਕਰਣ ਦੀ ਕਿ ਪ੍ਰਕਰਿਆ ਹੈ","ਠੀ ਕ   ਹੈ ,   ਵਿ ਆ ਹ   ਦੀ   ਰ ਜਿ ਸ ਟ ਰੀ   ਲ ਈ   ਸ ੰ ਯੁ ਕ ਤ   ਹ ਲ ਫ ਼ ਨਾ ਮਾ   ਦਾ ਇ ਰ   ਕ ਰ ਣ   ਦੀ   ਕਿ   ਪ੍ਰ ਕ ਰਿ ਆ   ਹੈ",39,14
"ਭਾਰਤ ਵਿੱਚ ਵਿਆਹ ਦੋ ਅਧਿਨਿਯਮ ਹੇਠ ਰਜਿਸਟ ਹੁੰਦੇ ਹਨ, 1954 ਦਾ ਸਪੈਸ਼ਲ ਮੈਰਿਜ ਐਕਟ ਅਤੇ 1955 ਦਾ ਹਿੰਦੂ ਮੈਰਿਜ ਐਕਟ I","ਭਾ ਰ ਤ   ਵਿ ੱ ਚ   ਵਿ ਆ ਹ   ਦੋ   ਅ ਧਿ ਨਿ ਯ ਮ   ਹੇ ਠ   ਰ ਜਿ ਸ ਟ   ਹੁ ੰ ਦੇ   ਹ ਨ ,   1 9 5 4   ਦਾ   ਸ ਪੈ ਸ਼ ਲ   ਮੈ ਰਿ ਜ   ਐ ਕ ਟ   ਅ ਤੇ   1 9 5 5   ਦਾ   ਹਿ ੰ ਦੂ   ਮੈ ਰਿ ਜ   ਐ ਕ ਟ   I",59,21
"ਪਹਿਲਾਂ ਐਕਟ ਸਾਰੇ ਲੋਕਾਂ ਤੇ, ਓਨ੍ਹਾਂ ਦੇ ਵਿਸ਼ਵਾਸ ਜਾਂ ਧਰਮ ਦੀ ਪਰਵਾਹ ਕੀਤੇ ਬਿਨਾਂ,ਲਾਗੂ ਹੁੰਦਾ ਹੈ, ਅਤੇ ਇਸ ਵਿੱਚ ਵਿਦੇਸ਼ਾਂ ਵਿੱਚ ਰਹਿਣ ਵਾਲੇ ਭਾਰਤੀ ਨਾਗਰਿਕ ਵੀ ਸ਼ਾਮਲ ਹਨ","ਪ ਹਿ ਲਾਂ   ਐ ਕ ਟ   ਸਾ ਰੇ   ਲੋ ਕਾਂ   ਤੇ ,   ਓ ਨ੍ਹਾਂ   ਦੇ   ਵਿ ਸ ਼ ਵਾ ਸ   ਜਾਂ   ਧ ਰ ਮ   ਦੀ   ਪ ਰ ਵਾ ਹ   ਕੀ ਤੇ   ਬਿ ਨਾਂ , ਲਾ ਗੂ   ਹੁ ੰ ਦਾ   ਹੈ ,   ਅ ਤੇ   ਇ ਸ   ਵਿ ੱ ਚ   ਵਿ ਦੇ ਸ ਼ ਾ ਂ   ਵਿ ੱ ਚ   ਰ ਹਿ ਣ   ਵਾ ਲੇ   ਭਾ ਰ ਤੀ   ਨਾ ਗ ਰਿ ਕ   ਵੀ   ਸ ਼ ਾ ਮ ਲ   ਹ ਨ",77,28
ਅੰਤਰਜਾਤੀ ਵਿਆਹ ਵੀ ਇਸ ਐਕਟ ਤਹਿਤ ਰਜਿਸਟਰ ਕਿਤੇ ਜਾਂਦੇ ਹਨ,ਅ ੰ ਤ ਰ ਜਾ ਤੀ   ਵਿ ਆ ਹ   ਵੀ   ਇ ਸ   ਐ ਕ ਟ   ਤ ਹਿ ਤ   ਰ ਜਿ ਸ ਟ ਰ   ਕਿ ਤੇ   ਜਾਂ ਦੇ   ਹ ਨ,29,10
"ਦੂਜਾ ਐਕਟ ਹਿੰਦੂਆਂ ਲਈ ਹੈ ਅਤੇ ਇਸ ਵਿੱਚ ਜੈਨ, ਬੋਧੀ ਅਤੇ ਸਿੱਖ ਵੀ ਆਉਂਦੇ ਹਨ I","ਦੂ ਜਾ   ਐ ਕ ਟ   ਹਿ ੰ ਦੂ ਆ ਂ   ਲ ਈ   ਹੈ   ਅ ਤੇ   ਇ ਸ   ਵਿ ੱ ਚ   ਜੈ ਨ ,   ਬੋ ਧੀ   ਅ ਤੇ   ਸਿ ੱ ਖ   ਵੀ   ਆ ਉ ਂ ਦੇ   ਹ ਨ   I",38,16
ਸਪੈਸ਼ਲ ਮੈਰਿਜ ਐਕਟ ਦੇ ਅਧੀਨ ਸੰਯੁਕਤ ਹਲਫ਼ਨਾਮਾ ਦਾਇਰ ਕਰਣ ਲਈ ਕਿਹੜੇ ਜਤਨ ਕਰਨੇ ਪੈਨਦੇ ਹਨ,ਸ ਪੈ ਸ਼ ਲ   ਮੈ ਰਿ ਜ   ਐ ਕ ਟ   ਦੇ   ਅ ਧੀ ਨ   ਸ ੰ ਯੁ ਕ ਤ   ਹ ਲ ਫ ਼ ਨਾ ਮਾ   ਦਾ ਇ ਰ   ਕ ਰ ਣ   ਲ ਈ   ਕਿ ਹ ੜ ੇ   ਜ ਤ ਨ   ਕ ਰ ਨੇ   ਪੈ ਨ ਦੇ   ਹ ਨ,48,15
"ਸਭ ਤੋਂ ਪਹਿਲਾਂ,ਆਪਣੇ ਜ਼ਿਲ੍ਹੇ ਦੇ ਵਿਆਹ ਰਜਿਸਟਰਾਰ ਨੂੰ ਵਿਆਹ ਕਰਨ ਦੇ ਇਰਾਦੇ ਬਾਰੇ ਇਤਲਾਹ ਕਰਨਾ ਪੇਏਗਾ I","ਸ ਭ   ਤੋਂ   ਪ ਹਿ ਲਾਂ , ਆ ਪ ਣੇ   ਜ਼ ਿ ਲ੍ਹੇ   ਦੇ   ਵਿ ਆ ਹ   ਰ ਜਿ ਸ ਟ ਰਾ ਰ   ਨੂ ੰ   ਵਿ ਆ ਹ   ਕ ਰ ਨ   ਦੇ   ਇ ਰਾ ਦੇ   ਬਾ ਰੇ   ਇ ਤ ਲਾ ਹ   ਕ ਰ ਨਾ   ਪੇ ਏ ਗਾ   I",48,17
ਇਹ ਸਿਰਫ਼ ਉਸੀ ਥਾਂ ਤੋਂ ਭਰੀਆ ਜਾ ਸਕਦਾ ਹੈ ਜਿੱਥੇ ਦੋਵੇਂ ਪੱਖ ਘੱਟੋ-ਘੱਟ ਤੀਹ ਦਿਨਾਂ ਲਈ ਰਹੇ ਹਨ,ਇ ਹ   ਸਿ ਰ ਫ ਼   ਉ ਸੀ   ਥਾਂ   ਤੋਂ   ਭ ਰੀ ਆ   ਜਾ   ਸ ਕ ਦਾ   ਹੈ   ਜਿ ੱ ਥੇ   ਦੋ ਵੇਂ   ਪ ੱ ਖ   ਘ ੱ ਟੋ - ਘ ੱ ਟ   ਤੀ ਹ   ਦਿ ਨਾਂ   ਲ ਈ   ਰ ਹੇ   ਹ ਨ,43,18
ਇਹ ਸੂਚਨਾ ਫੇਰ ਰਜਿਸਟਰਾਰ ਦੇ ਦਫ਼ਤਰ ਦੇ ਬਾਹਰ ਲਾ ਦਿੱਤਾ ਜਾਂਦਾ ਹੈ ਜਿਸ ਨਾਲ ਜੋ ਕਿਸੇ ਨੂੰ ਵੀ ਇਸ ਮੇਲ ਤੋਂ ਤਕਲੀਫ਼ ਹੈ ਉਸ ਨੂੰ ਅਗੇ ਆਣ ਦੀ ਇਜਾਜ਼ਤ ਹੈ I,ਇ ਹ   ਸੂ ਚ ਨਾ   ਫੇ ਰ   ਰ ਜਿ ਸ ਟ ਰਾ ਰ   ਦੇ   ਦ ਫ਼ ਤ ਰ   ਦੇ   ਬਾ ਹ ਰ   ਲਾ   ਦਿ ੱ ਤਾ   ਜਾਂ ਦਾ   ਹੈ   ਜਿ ਸ   ਨਾ ਲ   ਜੋ   ਕਿ ਸੇ   ਨੂ ੰ   ਵੀ   ਇ ਸ   ਮੇ ਲ   ਤੋਂ   ਤ ਕ ਲੀ ਫ਼   ਹੈ   ਉ ਸ   ਨੂ ੰ   ਅ ਗੇ   ਆ ਣ   ਦੀ   ਇ ਜਾ ਜ਼ ਤ   ਹੈ   I,64,31
"ਜੇ 30 ਦਿਨਾਂ ਦੇ ਅੰਦਰ ਕੋਈ ਵੀ ਇਸ ਗਠਜੋੜ ਤੇ ਇਤਰਾਜ਼ ਨਹੀਂ ਕਰਦਾ ਹੈ, ਤਾਂ ਕੀ ਵਿਆਹ ਨੂੰ ਸੰਪੂਰਨ ਕੀਤਾ ਜਾਂਦਾ ਹੈ","ਜੇ   3 0   ਦਿ ਨਾਂ   ਦੇ   ਅ ੰ ਦ ਰ   ਕੋ ਈ   ਵੀ   ਇ ਸ   ਗ ਠ ਜੋ ੜ   ਤੇ   ਇ ਤ ਰਾ ਜ ਼   ਨ ਹੀਂ   ਕ ਰ ਦਾ   ਹੈ ,   ਤਾਂ   ਕੀ   ਵਿ ਆ ਹ   ਨੂ ੰ   ਸ ੰ ਪੂ ਰ ਨ   ਕੀ ਤਾ   ਜਾਂ ਦਾ   ਹੈ",49,22
"ਹਾਂਜੀ, ਲਾੜਾ ਅਤੇ ਲਾੜੇ ਨੂੰ ਦੋਵਾਂ ਪਾਸਿਆਂ ਤੋਂ 3 ਗਵਾਹਾਂ ਦੀ ਮੌਜੂਦਗੀ ਵਿੱਚ ਆਪਣੇ ਵਿਆਹ ਦੀ ਰਸਮ ਅਦਾ ਕਰਨ ਲਈ ਦਫ਼ਤਰ ਬੁਲਾਇਆ ਜਾਂਦਾ ਹੈ I","ਹਾਂ ਜੀ ,   ਲਾ ੜ ਾ   ਅ ਤੇ   ਲਾ ੜ ੇ   ਨੂ ੰ   ਦੋ ਵਾਂ   ਪਾ ਸਿ ਆ ਂ   ਤੋਂ   3   ਗ ਵਾ ਹਾਂ   ਦੀ   ਮੌ ਜੂ ਦ ਗੀ   ਵਿ ੱ ਚ   ਆ ਪ ਣੇ   ਵਿ ਆ ਹ   ਦੀ   ਰ ਸ ਮ   ਅ ਦਾ   ਕ ਰ ਨ   ਲ ਈ   ਦ ਫ਼ ਤ ਰ   ਬੁ ਲਾ ਇ ਆ   ਜਾਂ ਦਾ   ਹੈ   I",61,25
ਇਨ੍ਹਾਂ ਛੇਹੋ ਗਵਾਹਾਂ ਨੂੰ ਰਜਿਸਟਰ ਵਿੱਚ ਦਸਤਖਤ ਕਰਨੇ ਪੈਂਦੇ ਹਨ,ਇ ਨ੍ਹਾਂ   ਛੇ ਹੋ   ਗ ਵਾ ਹਾਂ   ਨੂ ੰ   ਰ ਜਿ ਸ ਟ ਰ   ਵਿ ੱ ਚ   ਦ ਸ ਤ ਖ ਤ   ਕ ਰ ਨੇ   ਪੈਂ ਦੇ   ਹ ਨ,29,10
ਇਸ ਪ੍ਰਕਿਰਿਆ ਹਿੰਦੂ ਮੈਰਿਜ ਐਕਟ ਲਈ ਕਿਦਾਂ ਅਲੱਗ ਹੈ,ਇ ਸ   ਪ੍ਰ ਕਿ ਰਿ ਆ   ਹਿ ੰ ਦੂ   ਮੈ ਰਿ ਜ   ਐ ਕ ਟ   ਲ ਈ   ਕਿ ਦਾਂ   ਅ ਲ ੱ ਗ   ਹੈ,24,9
ਜੋੜੇ ਨੂੰ ਇੱਕ ਬਿਨੈ-ਪੱਤਰ ਭਰਨਾ ਪੈਂਦਾ ਹੈ ਅਤੇ ਇਸ ਦੇ ਨਾਲ ਓਨ੍ਹਾਂ ਨੂੰ ਆਪਣੇ ਵਿਆਹ ਸਮਾਰੋਹ ਦੀ ਦੋ ਤਸਵੀਰਾਂ ਅਤੇ ਇੱਕ ਸੱਦਾ ਪੱਤਰ ਜਮ੍ਹਾ ਕਰਨਾ ਹੁੰਦਾ ਹੈ,ਜੋ ੜ ੇ   ਨੂ ੰ   ਇ ੱ ਕ   ਬਿ ਨੈ - ਪ ੱ ਤ ਰ   ਭ ਰ ਨਾ   ਪੈਂ ਦਾ   ਹੈ   ਅ ਤੇ   ਇ ਸ   ਦੇ   ਨਾ ਲ   ਓ ਨ੍ਹਾਂ   ਨੂ ੰ   ਆ ਪ ਣੇ   ਵਿ ਆ ਹ   ਸ ਮਾ ਰੋ ਹ   ਦੀ   ਦੋ   ਤ ਸ ਵੀ ਰਾਂ   ਅ ਤੇ   ਇ ੱ ਕ   ਸ ੱ ਦਾ   ਪ ੱ ਤ ਰ   ਜ ਮ੍ਹਾ   ਕ ਰ ਨਾ   ਹੁ ੰ ਦਾ   ਹੈ,69,27
"ਦੋਨੋਂ ਪੱਖਾਂ ਨੂੰ ਆਪਣੀ ਪਛਾਣ, ਉਮਰ ਅਤੇ ਪਤੇ ਦੇ ਸਬੂਤ ਜਮ੍ਹਾਂ ਕਰਾਉਣੇ ਪੈਣਗੇ I","ਦੋ ਨੋਂ   ਪ ੱ ਖਾਂ   ਨੂ ੰ   ਆ ਪ ਣੀ   ਪ ਛਾ ਣ ,   ਉ ਮ ਰ   ਅ ਤੇ   ਪ ਤੇ   ਦੇ   ਸ ਬੂ ਤ   ਜ ਮ੍ਹਾਂ   ਕ ਰਾ ਉ ਣੇ   ਪੈ ਣ ਗੇ   I",35,14
"ਦੋਨੋਂ ਪੱਖਾਂ ਨੂੰ ਵੱਖਰੇ ਹਲਫ਼ਨਾਮੇ ਜਮ੍ਹਾਂ ਕਰਾਉਣੇ ਪੇਂਦੇ ਹਨ ਜੋ ਇਹ ਘੋਸ਼ਣਾ ਕਰਦੇ ਹਨ ਕਿ ਵਿਆਹ ਦੇ ਸਮੇਂ ਉਨ੍ਹਾਂ ਦਾ ਕੋਈ ਜੀਵਿਤ ਜੀਵਨ ਸਾਥੀ ਨਹੀਂ ਹੈ, ਇਹ ਪਹਿਲਾਂ ਤੋਂ ਨੋਟਰਾਈਜ਼ ਕੀਤਾ ਜਾਣਾ ਚਾਹੀਦਾ ਹੈ I","ਦੋ ਨੋਂ   ਪ ੱ ਖਾਂ   ਨੂ ੰ   ਵ ੱ ਖ ਰੇ   ਹ ਲ ਫ ਼ ਨਾ ਮੇ   ਜ ਮ੍ਹਾਂ   ਕ ਰਾ ਉ ਣੇ   ਪੇਂ ਦੇ   ਹ ਨ   ਜੋ   ਇ ਹ   ਘੋ ਸ ਼ ਣਾ   ਕ ਰ ਦੇ   ਹ ਨ   ਕਿ   ਵਿ ਆ ਹ   ਦੇ   ਸ ਮੇਂ   ਉ ਨ੍ਹਾਂ   ਦਾ   ਕੋ ਈ   ਜੀ ਵਿ ਤ   ਜੀ ਵ ਨ   ਸਾ ਥੀ   ਨ ਹੀਂ   ਹੈ ,   ਇ ਹ   ਪ ਹਿ ਲਾਂ   ਤੋਂ   ਨੋ ਟ ਰਾ ਈ ਜ ਼   ਕੀ ਤਾ   ਜਾ ਣਾ   ਚਾ ਹੀ ਦਾ   ਹੈ   I",84,35
ਕੀ ਸਮਾਂ ਸਿਮੀਤ ਹੁੰਦਾ ਹੈ ਜਿਸ ਦੇ ਅੰਦਰ ਆਪਣਾ ਵਿਆਹ ਰਜਿਸਟਰ ਕਰਾਉਣਾ ਚਾਹੀਦਾ ਹੈ,ਕੀ   ਸ ਮਾਂ   ਸਿ ਮੀ ਤ   ਹੁ ੰ ਦਾ   ਹੈ   ਜਿ ਸ   ਦੇ   ਅ ੰ ਦ ਰ   ਆ ਪ ਣਾ   ਵਿ ਆ ਹ   ਰ ਜਿ ਸ ਟ ਰ   ਕ ਰਾ ਉ ਣਾ   ਚਾ ਹੀ ਦਾ   ਹੈ,36,14
ਵਿਆਹ ਦੀ ਰਜਿਸਟਰੀ ਦੌਰਾਨ ਕੋਣ ਗਵਾਹੀ ਦੇ ਸਕਦਾ ਹੈ,ਵਿ ਆ ਹ   ਦੀ   ਰ ਜਿ ਸ ਟ ਰੀ   ਦੌ ਰਾ ਨ   ਕੋ ਣ   ਗ ਵਾ ਹੀ   ਦੇ   ਸ ਕ ਦਾ   ਹੈ,22,9
"ਹਿੰਦੂ ਮੈਰਿਜ ਐਕਟ ਦੇ ਤਹਿਤ , ਤੁਹਾਨੂੰ ਆਪਣੇ ਵਿਆਹ ਹੋਣ ਦੇ ਇੱਕ ਮਹਿਨੇ ਅੰਦਰ ਅੰਦਰ ਹੀ ਉਸ ਨੂੰ ਅੰਦਰਾਜ ਕਰਨਾ ਪਏਗਾ I","ਹਿ ੰ ਦੂ   ਮੈ ਰਿ ਜ   ਐ ਕ ਟ   ਦੇ   ਤ ਹਿ ਤ   ,   ਤੁ ਹਾ ਨੂ ੰ   ਆ ਪ ਣੇ   ਵਿ ਆ ਹ   ਹੋ ਣ   ਦੇ   ਇ ੱ ਕ   ਮ ਹਿ ਨੇ   ਅ ੰ ਦ ਰ   ਅ ੰ ਦ ਰ   ਹੀ   ਉ ਸ   ਨੂ ੰ   ਅ ੰ ਦ ਰਾ ਜ   ਕ ਰ ਨਾ   ਪ ਏ ਗਾ   I",58,22
ਦੋਨੋਂ ਲਾੜੇ ਤੇ ਲਾੜੀ ਤਿੰਨ ਗਵਾਹਾਂ ਦੀ ਮੋਜੁਦਗੀ ਵਿੱਚ ਰਜਿਸਟਰ ਵਿੱਚ ਆਪਣੇ ਹਸਤਾਖਰ ਕਰਦੇ ਹਨ I,ਦੋ ਨੋਂ   ਲਾ ੜ ੇ   ਤੇ   ਲਾ ੜ ੀ   ਤਿ ੰ ਨ   ਗ ਵਾ ਹਾਂ   ਦੀ   ਮੋ ਜੁ ਦ ਗੀ   ਵਿ ੱ ਚ   ਰ ਜਿ ਸ ਟ ਰ   ਵਿ ੱ ਚ   ਆ ਪ ਣੇ   ਹ ਸ ਤਾ ਖ ਰ   ਕ ਰ ਦੇ   ਹ ਨ   I,45,16
ਰਜਿਸਟ੍ਰੇਸ਼ਨ ਦੌਰਾਨ ਦੋਨੋਂ ਪਾਰਟੀਆ ਦੇ ਮਾਪੇ ਜਾਂ ਸਰਪ੍ਰਸਤ ਮੌਜੂਦ ਹੋਣੇ ਚਾਹੀਦੇ ਹਨ,ਰ ਜਿ ਸ ਟ੍ਰੇ ਸ ਼ ਨ   ਦੌ ਰਾ ਨ   ਦੋ ਨੋਂ   ਪਾ ਰ ਟੀ ਆ   ਦੇ   ਮਾ ਪੇ   ਜਾਂ   ਸ ਰ ਪ੍ਰ ਸ ਤ   ਮੌ ਜੂ ਦ   ਹੋ ਣੇ   ਚਾ ਹੀ ਦੇ   ਹ ਨ,35,12
ਹਲਫ਼ਨਾਮੇ ਲਈ ਕਿਹਦੇ ਦਸਤਾਵੇਜ਼ਾ ਦੀ ਲੋੜ ਹੈ,ਹ ਲ ਫ਼ ਨਾ ਮੇ   ਲ ਈ   ਕਿ ਹ ਦੇ   ਦ ਸ ਤਾ ਵੇ ਜ਼ ਾ   ਦੀ   ਲੋ ੜ   ਹੈ,20,7
"ਲਾੜੇ ਤੇ ਲਾੜੀ ਦਾ ਅਰਜ਼ੀ ਫਾਰਮ, ਪਛਾਣ ਪੱਤਰ, ਪਤੇ ਦਾ ਸਬੂਤ, ਜਨਮ ਮਿਤੀ ਦਾ ਸਬੂਤ, ਅਤੇ ਓਨ੍ਹਾਂ ਦੀਆਂ ਦੋ ਪਾਸਪੋਰਟ ਫੋਟੋਆਂ ਜ਼ਰੂਰ ਲਗਣਗੀਆ I","ਲਾ ੜ ੇ   ਤੇ   ਲਾ ੜ ੀ   ਦਾ   ਅ ਰ ਜ ਼ ੀ   ਫਾ ਰ ਮ ,   ਪ ਛਾ ਣ   ਪ ੱ ਤ ਰ ,   ਪ ਤੇ   ਦਾ   ਸ ਬੂ ਤ ,   ਜ ਨ ਮ   ਮਿ ਤੀ   ਦਾ   ਸ ਬੂ ਤ ,   ਅ ਤੇ   ਓ ਨ੍ਹਾਂ   ਦੀ ਆ ਂ   ਦੋ   ਪਾ ਸ ਪੋ ਰ ਟ   ਫੋ ਟੋ ਆ ਂ   ਜ਼ ਰੂ ਰ   ਲ ਗ ਣ ਗੀ ਆ   I",68,24
"ਤਲਾਕ ਲੈਣ ਜਾਂ ਰੰਡਾ/ਵਿਧਵਾ ਦੇ ਮਾਮਲੇ ਵਿੱਚ, ਤਲਾਕ ਦਾ ਫ਼ਰਮਾਨ ਜਾਂ ਪਿਹਲੇ ਜੀਵਨ ਸਾਥੀ ਦੇ ਮੌਤ ਦੇ ਸਰਟੀਫਿਕੇਟ ਦੀ ਲੋੜ ਹੁੰਦੀ ਹੈ","ਤ ਲਾ ਕ   ਲੈ ਣ   ਜਾਂ   ਰ ੰ ਡਾ / ਵਿ ਧ ਵਾ   ਦੇ   ਮਾ ਮ ਲੇ   ਵਿ ੱ ਚ ,   ਤ ਲਾ ਕ   ਦਾ   ਫ ਼ ਰ ਮਾ ਨ   ਜਾਂ   ਪਿ ਹ ਲੇ   ਜੀ ਵ ਨ   ਸਾ ਥੀ   ਦੇ   ਮੌ ਤ   ਦੇ   ਸ ਰ ਟੀ ਫਿ ਕੇ ਟ   ਦੀ   ਲੋ ੜ   ਹੁ ੰ ਦੀ   ਹੈ",56,22
ਹੈਲੋ,ਹੈ ਲੋ,2,1
ਮੈਂ ਪਹਿਲੀ ਵਾਰ ਈ-ਵੀਜ਼ਾ ਲਈ ਅਰਜ਼ੀ ਦੇ ਰਹੀ ਹਾਂ,ਮੈਂ   ਪ ਹਿ ਲੀ   ਵਾ ਰ   ਈ - ਵੀ ਜ ਼ ਾ   ਲ ਈ   ਅ ਰ ਜ ਼ ੀ   ਦੇ   ਰ ਹੀ   ਹਾਂ,23,9
ਮੈਂ ਉਮੀਦ ਕਰ ਰਹੀ ਸੀ ਕਿ ਤੁਸੀਂ ਮੈਨੂੰ ਦੱਸ ਸਕੋਂਗੇ ਕਿ ਕਿਹੜੇ ਦਸਤਾਵੇਜ਼ਾ ਦੀ ਲੋੜ ਪਏਗੀ I,ਮੈਂ   ਉ ਮੀ ਦ   ਕ ਰ   ਰ ਹੀ   ਸੀ   ਕਿ   ਤੁ ਸੀਂ   ਮੈ ਨੂ ੰ   ਦ ੱ ਸ   ਸ ਕੋਂ ਗੇ   ਕਿ   ਕਿ ਹ ੜ ੇ   ਦ ਸ ਤਾ ਵੇ ਜ਼ ਾ   ਦੀ   ਲੋ ੜ   ਪ ਏ ਗੀ   I,39,17
ਜ਼ਰੂਰ,ਜ਼ ਰੂ ਰ,3,1
ਮੈਨੂੰ ਖੁਸ਼ੀ ਹੈ ਕਿ ਤੁਸੀਂ ਮੈਨੂੰ ਫੋਨ ਕਿਤਾ I,ਮੈ ਨੂ ੰ   ਖੁ ਸ਼ੀ   ਹੈ   ਕਿ   ਤੁ ਸੀਂ   ਮੈ ਨੂ ੰ   ਫੋ ਨ   ਕਿ ਤਾ   I,17,9
ਕਿ ਮੈਂ ਜਾਣ ਸਕਦਾ ਹਾਂ ਕਿ ਤੁਹਾਨੂੰ ਕਿਹੜੇ ਦੇਸ਼ ਲਈ ਵੀਜ਼ਾ ਚਾਹੀਦਾ ਹੈ,ਕਿ   ਮੈਂ   ਜਾ ਣ   ਸ ਕ ਦਾ   ਹਾਂ   ਕਿ   ਤੁ ਹਾ ਨੂ ੰ   ਕਿ ਹ ੜ ੇ   ਦੇ ਸ਼   ਲ ਈ   ਵੀ ਜ ਼ ਾ   ਚਾ ਹੀ ਦਾ   ਹੈ,29,13
ਮੈਨੂੰ ਭਾਰਤ ਲਈ ਸੈਲਾਨੀ ਵੀਜ਼ਾ ਚਾਹੀਦਾ ਹੈ I,ਮੈ ਨੂ ੰ   ਭਾ ਰ ਤ   ਲ ਈ   ਸੈ ਲਾ ਨੀ   ਵੀ ਜ ਼ ਾ   ਚਾ ਹੀ ਦਾ   ਹੈ   I,20,8
ਮੈਂ ਇੱਕ ਹਫ਼ਤੇ ਲਈ ਜਾ ਰਹੀ ਹਾਂ I,ਮੈਂ   ਇ ੱ ਕ   ਹ ਫ਼ ਤੇ   ਲ ਈ   ਜਾ   ਰ ਹੀ   ਹਾਂ   I,14,8
"ਠੀਕ ਹੈ, ਤੁਹਾਨੂੰ ਸਭ ਤੋਂ ਜ਼ਰੂਰੀ ਦਸਤਾਵੇਜ਼ ਜਿਹੜਾ ਲਗੇਗਾ ਓਹ ਹੈ ਪਾਸਪੋਰਟ I","ਠੀ ਕ   ਹੈ ,   ਤੁ ਹਾ ਨੂ ੰ   ਸ ਭ   ਤੋਂ   ਜ਼ ਰੂ ਰੀ   ਦ ਸ ਤਾ ਵੇ ਜ਼   ਜਿ ਹ ੜ ਾ   ਲ ਗੇ ਗਾ   ਓ ਹ   ਹੈ   ਪਾ ਸ ਪੋ ਰ ਟ   I",35,13
ਤੁਹਾਨੂੰ ਇਸ ਗੱਲ ਹੈ ਧਿਆਨ ਰੱਖਣਾ ਪਏਗਾ ਕਿ ਤੁਹਾਡਾ ਪਾਸਪੋਰਟ ਘਟੋ-ਘੱਟ 6 ਮਹਿਨੀਆਂ ਲਈ ਤੁਹਾਡੀ ਭਾਰਤ ਵਿੱਚ ਆਣ ਦੀ ਮਿਤੀ ਤੋਂ ਜਾਇਜ ਹੈ I,ਤੁ ਹਾ ਨੂ ੰ   ਇ ਸ   ਗ ੱ ਲ   ਹੈ   ਧਿ ਆ ਨ   ਰ ੱ ਖ ਣਾ   ਪ ਏ ਗਾ   ਕਿ   ਤੁ ਹਾ ਡਾ   ਪਾ ਸ ਪੋ ਰ ਟ   ਘ ਟੋ - ਘ ੱ ਟ   6   ਮ ਹਿ ਨੀ ਆ ਂ   ਲ ਈ   ਤੁ ਹਾ ਡੀ   ਭਾ ਰ ਤ   ਵਿ ੱ ਚ   ਆ ਣ   ਦੀ   ਮਿ ਤੀ   ਤੋਂ   ਜਾ ਇ ਜ   ਹੈ   I,63,24
ਸਾਡੇ ਕੋਲ ਬਹੂਤ ਸਾਰੇ ਕੈਸ ਅਜਿਹੇ ਆਉਂਦੇ ਹਨ ਜਿਥੇ ਪਾਸਪੋਰਟ ਸਿਰਫ਼ ਇਸੀ ਕਾਰਣ ਰੱਦ ਹੋ ਜਾਂਦੇ ਹਨ I,ਸਾ ਡੇ   ਕੋ ਲ   ਬ ਹੂ ਤ   ਸਾ ਰੇ   ਕੈ ਸ   ਅ ਜਿ ਹੇ   ਆ ਉ ਂ ਦੇ   ਹ ਨ   ਜਿ ਥੇ   ਪਾ ਸ ਪੋ ਰ ਟ   ਸਿ ਰ ਫ਼   ਇ ਸੀ   ਕਾ ਰ ਣ   ਰ ੱ ਦ   ਹੋ   ਜਾਂ ਦੇ   ਹ ਨ   I,44,18
"ਹਾਂ, ਮੈਂ ਪਹਿਲਾਂ ਹੀ ਆਪਣੇ ਪਾਸਪੋਰਟ ਦੀ ਵੈਧਤਾ ਦੀ ਜਾਂਚ ਕਰ ਲਈ ਹਾਂ, ਅਤੇ ਇਹ ਜੋ ਤੁਸੀਂ ਹਜੇ ਕਿਹਾ ਹੈ ਉਸ ਦੀ ਪਾਲਣਾ ਕਰਦੀ ਹੈ I","ਹਾਂ ,   ਮੈਂ   ਪ ਹਿ ਲਾਂ   ਹੀ   ਆ ਪ ਣੇ   ਪਾ ਸ ਪੋ ਰ ਟ   ਦੀ   ਵੈ ਧ ਤਾ   ਦੀ   ਜਾਂ ਚ   ਕ ਰ   ਲ ਈ   ਹਾਂ ,   ਅ ਤੇ   ਇ ਹ   ਜੋ   ਤੁ ਸੀਂ   ਹ ਜੇ   ਕਿ ਹਾ   ਹੈ   ਉ ਸ   ਦੀ   ਪਾ ਲ ਣਾ   ਕ ਰ ਦੀ   ਹੈ   I",51,26
ਕਿ ਮੈਨੂੰ ਕਿਸੀ ਹੋਰ ਚੀਜ਼ ਦੀ ਲੋੜ ਹੈ,ਕਿ   ਮੈ ਨੂ ੰ   ਕਿ ਸੀ   ਹੋ ਰ   ਚੀ ਜ਼   ਦੀ   ਲੋ ੜ   ਹੈ,14,8
"ਠੀਕ ਹੈ, ਫੇਰ ਵਧੀਆ ਹੈ I","ਠੀ ਕ   ਹੈ ,   ਫੇ ਰ   ਵ ਧੀ ਆ   ਹੈ   I",11,6
ਤੁਹਾਨੂੰ ਅਗਲੀ ਚੀਜ਼ ਜੋ ਚਾਹੀਦੀ ਹੈ ਓਹ ਹੈ ਇੱਕ ਜਾਈਜ਼ ਇ-ਮੇਲ ਆਇ,ਤੁ ਹਾ ਨੂ ੰ   ਅ ਗ ਲੀ   ਚੀ ਜ਼   ਜੋ   ਚਾ ਹੀ ਦੀ   ਹੈ   ਓ ਹ   ਹੈ   ਇ ੱ ਕ   ਜਾ ਈ ਜ਼   ਇ - ਮੇ ਲ   ਆ ਇ,29,12
ਡਿ I,ਡਿ   I,2,2
"ਕ੍ਰਿਪਾ ਕਰ ਕੇ ਇਸ ਬਾਰੇ ਵੀ ਧਿਆਨ ਰੱਖੋ, ਕਿਉਂਕਿ ਜਦੋਂ ਭਾਰਤੀ ਵਿਜ਼ਾ ਪ੍ਰੋਸੈਸਡ ਅਤੇ ਪ੍ਰਵਾਨਿਤ ਹੋਣ ਤੋਂ ਬਾਅਦ, ਇਹ ਐਪਲੀਕੇਸ਼ਨ ਤੇ ਦਿੱਤੇ ਗਏ ਈ-ਮੇਲ ਪਤੇ ਤੇ ਸਿੱਧਾ ਭੇਜਿਆ ਜਾਂਦਾ ਹੈ","ਕ੍ਰਿ ਪਾ   ਕ ਰ   ਕੇ   ਇ ਸ   ਬਾ ਰੇ   ਵੀ   ਧਿ ਆ ਨ   ਰ ੱ ਖੋ ,   ਕਿ ਉ ਂ ਕਿ   ਜ ਦੋਂ   ਭਾ ਰ ਤੀ   ਵਿ ਜ਼ ਾ   ਪ੍ਰੋ ਸੈ ਸ ਡ   ਅ ਤੇ   ਪ੍ਰ ਵਾ ਨਿ ਤ   ਹੋ ਣ   ਤੋਂ   ਬਾ ਅ ਦ ,   ਇ ਹ   ਐ ਪ ਲੀ ਕੇ ਸ ਼ ਨ   ਤੇ   ਦਿ ੱ ਤੇ   ਗ ਏ   ਈ - ਮੇ ਲ   ਪ ਤੇ   ਤੇ   ਸਿ ੱ ਧਾ   ਭੇ ਜਿ ਆ   ਜਾਂ ਦਾ   ਹੈ",77,30
ਕੀ ਇਹ ਠੀਕ ਹੈ ਜੇਕਰ ਮੈਂ ਇੱਕ ਇੱਕ ਨਿੱਜੀ ਆਈ,ਕੀ   ਇ ਹ   ਠੀ ਕ   ਹੈ   ਜੇ ਕ ਰ   ਮੈਂ   ਇ ੱ ਕ   ਇ ੱ ਕ   ਨਿ ੱ ਜੀ   ਆ ਈ,21,10
ਡੀ ਦੀ ਥਾਂ ਇੱਕ ਅਧਿਕਾਰਤ ਆਈ,ਡੀ   ਦੀ   ਥਾਂ   ਇ ੱ ਕ   ਅ ਧਿ ਕਾ ਰ ਤ   ਆ ਈ,13,6
ਡੀ ਦੀ ਵਰਤੋਂ ਕਰਦੀ ਹਾਂ,ਡੀ   ਦੀ   ਵ ਰ ਤੋਂ   ਕ ਰ ਦੀ   ਹਾਂ,9,5
ਮੈਂ ਆਪਣੀ ਨਿੱਜੀ ਆਈ,ਮੈਂ   ਆ ਪ ਣੀ   ਨਿ ੱ ਜੀ   ਆ ਈ,9,4
ਡੀ ਤੇ ਈ,ਡੀ   ਤੇ   ਈ,3,3
ਮੇਲ ਦੀ ਵਰਤੋਂ ਜਿਆਦਾ ਨਹੀਂ ਕਰਦੀ I,ਮੇ ਲ   ਦੀ   ਵ ਰ ਤੋਂ   ਜਿ ਆ ਦਾ   ਨ ਹੀਂ   ਕ ਰ ਦੀ   I,15,7
ਉਸ ਨਾਲ ਕੋਈ ਫਰਕ ਨਹੀਂ ਪੈਂਦਾ ਹੈ I,ਉ ਸ   ਨਾ ਲ   ਕੋ ਈ   ਫ ਰ ਕ   ਨ ਹੀਂ   ਪੈਂ ਦਾ   ਹੈ   I,15,8
ਈ,ਈ,1,1
ਮੇਲ ਪਤਾ ਬਸ ਚਲਦਾ ਹੋਣਾ ਚਾਹੀਦਾ ਹੈ I,ਮੇ ਲ   ਪ ਤਾ   ਬ ਸ   ਚ ਲ ਦਾ   ਹੋ ਣਾ   ਚਾ ਹੀ ਦਾ   ਹੈ   I,16,8
ਕਿ ਮੈਨੂੰ ਇਨ੍ਹਾਂ ਚੀਜ਼ਾਂ ਦੀ ਹੀ ਲੋੜ ਹੈ,ਕਿ   ਮੈ ਨੂ ੰ   ਇ ਨ੍ਹਾਂ   ਚੀ ਜ਼ ਾ ਂ   ਦੀ   ਹੀ   ਲੋ ੜ   ਹੈ,15,8
ਕਈ ਈ-ਵੀਜ਼ਾ ਭਾਰਤੀ ਸਬੂਤ ਦੀ ਲੋੜ ਵੀ ਹੈ ਜਾਂ ਜੋ ਭਾਰਤ ਜਾਣ ਲਈ ਅਧਿਕਾਰ ਮਿਲ ਸਕੇ I,ਕ ਈ   ਈ - ਵੀ ਜ਼ ਾ   ਭਾ ਰ ਤੀ   ਸ ਬੂ ਤ   ਦੀ   ਲੋ ੜ   ਵੀ   ਹੈ   ਜਾਂ   ਜੋ   ਭਾ ਰ ਤ   ਜਾ ਣ   ਲ ਈ   ਅ ਧਿ ਕਾ ਰ   ਮਿ ਲ   ਸ ਕੇ   I,36,17
ਬਿਨੈਕਾਰਾ ਨੂੰ ਆਪਣੇ ਵੈਧ ਪਾਸਪੋਰਟ ਦੇ ਪਹਿਲੇ ਪੰਨੇ ਜਾਂ ਜੀਵਨੀ ਪੰਨੇ ਦੀ ਸਕੈਨ ਕਾਪੀ ਜਮਾਂ ਕਰਾਨੀ ਪੇਏਗੀ I,ਬਿ ਨੈ ਕਾ ਰਾ   ਨੂ ੰ   ਆ ਪ ਣੇ   ਵੈ ਧ   ਪਾ ਸ ਪੋ ਰ ਟ   ਦੇ   ਪ ਹਿ ਲੇ   ਪ ੰ ਨੇ   ਜਾਂ   ਜੀ ਵ ਨੀ   ਪ ੰ ਨੇ   ਦੀ   ਸ ਕੈ ਨ   ਕਾ ਪੀ   ਜ ਮਾਂ   ਕ ਰਾ ਨੀ   ਪੇ ਏ ਗੀ   I,45,18
"ਹਰੇਕ ਬਿਨੈਕਾਰ ਨੂੰ ਆਪਣੀ ਇੱਕ ਹਾਲ ਹੀ ਦੀ ਪਾਸਪੋਰਟ-ਸ਼ੈਲੀ, ਰੰਗੀਨ ਫੋਟੋ ਵੀ ਜਮ੍ਹਾਂ ਕਰਨੀ ਪੇਏਗੀ I","ਹ ਰੇ ਕ   ਬਿ ਨੈ ਕਾ ਰ   ਨੂ ੰ   ਆ ਪ ਣੀ   ਇ ੱ ਕ   ਹਾ ਲ   ਹੀ   ਦੀ   ਪਾ ਸ ਪੋ ਰ ਟ - ਸ ਼ ੈ ਲੀ ,   ਰ ੰ ਗੀ ਨ   ਫੋ ਟੋ   ਵੀ   ਜ ਮ੍ਹਾਂ   ਕ ਰ ਨੀ   ਪੇ ਏ ਗੀ   I",46,16
ਇਹ ਤਾਂ ਬਹੁਤ ਸਾਰੀਆਂ ਵਿਸ਼ੇਸ਼ਤਾਵਾਂ ਹਨ I,ਇ ਹ   ਤਾਂ   ਬ ਹੁ ਤ   ਸਾ ਰੀ ਆ ਂ   ਵਿ ਸ ਼ ੇ ਸ ਼ ਤਾ ਵਾਂ   ਹ ਨ   I,21,7
ਮੈਂ ਇਸ ਨੂੰ ਲਿੱਖ ਲੈਣੀ ਹੈ ਤਾਂ ਜੋ ਮੈਂ ਭੂਲ ਨਾ ਜਾਵਾਂ I,ਮੈਂ   ਇ ਸ   ਨੂ ੰ   ਲਿ ੱ ਖ   ਲੈ ਣੀ   ਹੈ   ਤਾਂ   ਜੋ   ਮੈਂ   ਭੂ ਲ   ਨਾ   ਜਾ ਵਾਂ   I,20,13
ਇਹ ਵਧੀਆ ਖਿਆਲ ਹੈ I,ਇ ਹ   ਵ ਧੀ ਆ   ਖਿ ਆ ਲ   ਹੈ   I,10,5
ਤੁਹਾਨੂੰ ਡੈਬਿਟ ਜਾਂ ਕ੍ਰੇਡਿਟ ਕਾਰਡ ਦੀ ਲੋੜ ਪਵੇਗੀ I,ਤੁ ਹਾ ਨੂ ੰ   ਡੈ ਬਿ ਟ   ਜਾਂ   ਕ੍ਰੇ ਡਿ ਟ   ਕਾ ਰ ਡ   ਦੀ   ਲੋ ੜ   ਪ ਵੇ ਗੀ   I,21,9
"ਠੀਕ ਹੈ, ਮੇਰੇ ਕੋਲ ਇੱਕ ਹੈ I","ਠੀ ਕ   ਹੈ ,   ਮੇ ਰੇ   ਕੋ ਲ   ਇ ੱ ਕ   ਹੈ   I",13,7
ਜੇਕਰ ਮੈਨੂੰ ਕੋਈ ਹੋਰ ਸਮੱਸਿਆ ਆਉਂਦੀ ਹੈ ਤਾਂ ਮੈਂ ਤੁਹਾਨੂੰ ਕਾਲ ਕਰ ਸਕਦਾ ਹਾਂ,ਜੇ ਕ ਰ   ਮੈ ਨੂ ੰ   ਕੋ ਈ   ਹੋ ਰ   ਸ ਮ ੱ ਸਿ ਆ   ਆ ਉ ਂ ਦੀ   ਹੈ   ਤਾਂ   ਮੈਂ   ਤੁ ਹਾ ਨੂ ੰ   ਕਾ ਲ   ਕ ਰ   ਸ ਕ ਦਾ   ਹਾਂ,34,14
"ਜ਼ਰੂਰ, ਕਿਸੇ ਵੀ ਸੰਬੰਧਿਤ ਸਵਾਲਾ ਦੇ ਮਾਮਲੇ ਵਿੱਚ ਸਾਡੇ ਨਾਲ ਸੰਪਰਕ ਕਰਨ ਵਿੱਚ ਝਿਜਕ ਨਾ ਮਹਿਸੂਸ ਕਰਨਾ I","ਜ਼ ਰੂ ਰ ,   ਕਿ ਸੇ   ਵੀ   ਸ ੰ ਬ ੰ ਧਿ ਤ   ਸ ਵਾ ਲਾ   ਦੇ   ਮਾ ਮ ਲੇ   ਵਿ ੱ ਚ   ਸਾ ਡੇ   ਨਾ ਲ   ਸ ੰ ਪ ਰ ਕ   ਕ ਰ ਨ   ਵਿ ੱ ਚ   ਝਿ ਜ ਕ   ਨਾ   ਮ ਹਿ ਸੂ ਸ   ਕ ਰ ਨਾ   I",50,18
ਮੈਂ ਇਸ ਸਾਲ ਤੋਂ ਵਿਦੇਸ਼ੀ ਭਾਸ਼ਾ ਦਾ ਪਾਠਕ੍ਰਮ ਚੁਣਨਾ ਹੈ I,ਮੈਂ   ਇ ਸ   ਸਾ ਲ   ਤੋਂ   ਵਿ ਦੇ ਸ਼ੀ   ਭਾ ਸ਼ਾ   ਦਾ   ਪਾ ਠ ਕ੍ਰ ਮ   ਚੁ ਣ ਨਾ   ਹੈ   I,21,11
ਮੈਨੂੰ ਸਮਝ ਨਹੀਂ ਆ ਰਿਹਾ ਕਿਹੜਾ ਲਵਾਂ,ਮੈ ਨੂ ੰ   ਸ ਮ ਝ   ਨ ਹੀਂ   ਆ   ਰਿ ਹਾ   ਕਿ ਹ ੜ ਾ   ਲ ਵਾਂ,17,7
ਬਹੁਤ ਸਾਰੇ ਵਿਕਲਪ ਹਨ,ਬ ਹੁ ਤ   ਸਾ ਰੇ   ਵਿ ਕ ਲ ਪ   ਹ ਨ,11,4
"ਸੱਚ ਦੱਸਾਂ ਤਾਂ, ਮੈਂ ਉਲਝਿਆ ਹੋਇਆ ਹਾਂ","ਸ ੱ ਚ   ਦ ੱ ਸਾਂ   ਤਾਂ ,   ਮੈਂ   ਉ ਲ ਝਿ ਆ   ਹੋ ਇ ਆ   ਹਾਂ",17,7
ਤੁਹਾਡੇ ਅਨੁਸਾਰ ਮੈਨੂੰ ਕਿਹੜਾਂ ਲੈਣਾ ਚਾਹੀਦਾ ਹੈ,ਤੁ ਹਾ ਡੇ   ਅ ਨੁ ਸਾ ਰ   ਮੈ ਨੂ ੰ   ਕਿ ਹ ੜ ਾ ਂ   ਲੈ ਣਾ   ਚਾ ਹੀ ਦਾ   ਹੈ,21,7
ਮੈਂ ਸੁਝਾਅ ਦਵਾਂਗਾ ਕਿ ਓਹ ਚੁਣੋ ਜਿਹੜਾ ਤੁਹਾਨੂੰ ਪਸੰਦ ਹੈ,ਮੈਂ   ਸੁ ਝਾ ਅ   ਦ ਵਾਂ ਗਾ   ਕਿ   ਓ ਹ   ਚੁ ਣੋ   ਜਿ ਹ ੜ ਾ   ਤੁ ਹਾ ਨੂ ੰ   ਪ ਸ ੰ ਦ   ਹੈ,25,10
"ਇਸ ਤਰ੍ਹਾਂ, ਤੁਹਾਨੂੰ ਉਸ ਨੂੰ ਯਾਦ ਕਰਨ ਵਿੱਚ ਦਿਲਚਸਪੀ ਆਵੇਗੀ I","ਇ ਸ   ਤ ਰ੍ਹਾਂ ,   ਤੁ ਹਾ ਨੂ ੰ   ਉ ਸ   ਨੂ ੰ   ਯਾ ਦ   ਕ ਰ ਨ   ਵਿ ੱ ਚ   ਦਿ ਲ ਚ ਸ ਪੀ   ਆ ਵੇ ਗੀ   I",30,11
"ਅਤੇ, ਤੁਹਾਨੂੰ ਇੰਝ ਨਹੀਂ ਲਗੇਗਾ ਜਿਵੇਂ ਤੁਸੀਂ ਉਸ ਨੂੰ ਜਬਰਸਦਤੀ ਯਾਦ ਕਰ ਰਹੇ ਹੋ","ਅ ਤੇ ,   ਤੁ ਹਾ ਨੂ ੰ   ਇ ੰ ਝ   ਨ ਹੀਂ   ਲ ਗੇ ਗਾ   ਜਿ ਵੇਂ   ਤੁ ਸੀਂ   ਉ ਸ   ਨੂ ੰ   ਜ ਬ ਰ ਸ ਦ ਤੀ   ਯਾ ਦ   ਕ ਰ   ਰ ਹੇ   ਹੋ",36,14
ਇਹੀ ਤਾਂ ਸਮਸਿਆ ਹੈ,ਇ ਹੀ   ਤਾਂ   ਸ ਮ ਸਿ ਆ   ਹੈ,8,4
ਮੈਨੂੰ ਲਗਦਾ ਹੈ ਕਿ ਮੈਨੂੰ ਸਾਰੀਆਂ ਭਾਸ਼ਾਵਾਂ ਪਸੰਦ ਹਨ,ਮੈ ਨੂ ੰ   ਲ ਗ ਦਾ   ਹੈ   ਕਿ   ਮੈ ਨੂ ੰ   ਸਾ ਰੀ ਆ ਂ   ਭਾ ਸ਼ਾ ਵਾਂ   ਪ ਸ ੰ ਦ   ਹ ਨ,24,9
"ਜੇ ਮੇਰੇ ਕੋਲ ਕੋਈ ਅਹਿਜਾ ਵਿਕਲਪ ਹੁੰਦਾ ਤਾਂ, ਮੈਂ ਸਾਰੀਆਂ ਹੀ ਲੈ ਲੈਂਦੀ","ਜੇ   ਮੇ ਰੇ   ਕੋ ਲ   ਕੋ ਈ   ਅ ਹਿ ਜਾ   ਵਿ ਕ ਲ ਪ   ਹੁ ੰ ਦਾ   ਤਾਂ ,   ਮੈਂ   ਸਾ ਰੀ ਆ ਂ   ਹੀ   ਲੈ   ਲੈਂ ਦੀ",28,13
"ਅਗਲੇ ਸਾਲ ਲਈ, ਮੈਂ ਸਿਰਫ਼ ਇੱਕ ਹੀ ਲੈ ਸਕਦੀ ਹਾਂ","ਅ ਗ ਲੇ   ਸਾ ਲ   ਲ ਈ ,   ਮੈਂ   ਸਿ ਰ ਫ਼   ਇ ੱ ਕ   ਹੀ   ਲੈ   ਸ ਕ ਦੀ   ਹਾਂ",21,10
ਫੇਰ ਮੈਂ ਦੇਵਾਂਗਾ ਕਿ ਓਹ ਭਾਸ਼ਾ ਚੁਣੋ ਜੋ ਤੁਹਾਡੇ ਲਈ ਸੱਭ ਤੋਂ ਜ਼ਿਆਦਾ ਫੇਡੇਮਂਡ ਹੈ,ਫੇ ਰ   ਮੈਂ   ਦੇ ਵਾਂ ਗਾ   ਕਿ   ਓ ਹ   ਭਾ ਸ਼ਾ   ਚੁ ਣੋ   ਜੋ   ਤੁ ਹਾ ਡੇ   ਲ ਈ   ਸ ੱ ਭ   ਤੋਂ   ਜ਼ ਿ ਆ ਦਾ   ਫੇ ਡੇ ਮਂ ਡ   ਹੈ,32,15
ਓਹ ਜਿਹੜੀ ਭ੍ਹਵਿਖ ਵਿੱਚ ਮਦਦਗਾਰ ਸਾਬੂਤ ਹੋਵੇਗੀ,ਓ ਹ   ਜਿ ਹ ੜ ੀ   ਭ੍ਹ ਵਿ ਖ   ਵਿ ੱ ਚ   ਮ ਦ ਦ ਗਾ ਰ   ਸਾ ਬੂ ਤ   ਹੋ ਵੇ ਗੀ,23,7
ਤੁਸੀਂ ਸੋਚ ਲਿਆ ਹੈ ਕਿ ਤੁੱਸੀ ਭਵਿੱਖ ਵਿੱਚ ਕਿ ਬਣਨਾ ਹੈ,ਤੁ ਸੀਂ   ਸੋ ਚ   ਲਿ ਆ   ਹੈ   ਕਿ   ਤੁ ੱ ਸੀ   ਭ ਵਿ ੱ ਖ   ਵਿ ੱ ਚ   ਕਿ   ਬ ਣ ਨਾ   ਹੈ,23,11
ਮੈਂ ਅਹਿਜਾ ਕੁੱਛ ਨਹੀਂ ਸੋਚੀਆਂ,ਮੈਂ   ਅ ਹਿ ਜਾ   ਕੁ ੱ ਛ   ਨ ਹੀਂ   ਸੋ ਚੀ ਆ ਂ,13,5
ਕਿ ਤੁਸੀਂ ਮੈਨੂੰ ਦੱਸ ਸਕਦੇ ਹੋ ਕਿਹੜੀ ਭਾਸ਼ਾ ਕਿਹੜੇ ਖੇਤਰ ਲਈ ਲਾਭਦਾਇਕ ਹੈ,ਕਿ   ਤੁ ਸੀਂ   ਮੈ ਨੂ ੰ   ਦ ੱ ਸ   ਸ ਕ ਦੇ   ਹੋ   ਕਿ ਹ ੜ ੀ   ਭਾ ਸ਼ਾ   ਕਿ ਹ ੜ ੇ   ਖੇ ਤ ਰ   ਲ ਈ   ਲਾ ਭ ਦਾ ਇ ਕ   ਹੈ,34,13
ਇਹ ਮੈਨੂੰ ਬਾਅਦ ਵਿੱਚ ਚੁੱਣਨ ਲਈ ਮਦਦਗਾਰ ਹੋਵੇਗਾ,ਇ ਹ   ਮੈ ਨੂ ੰ   ਬਾ ਅ ਦ   ਵਿ ੱ ਚ   ਚੁ ੱ ਣ ਨ   ਲ ਈ   ਮ ਦ ਦ ਗਾ ਰ   ਹੋ ਵੇ ਗਾ,25,8
ਜੇ ਤੁਸੀਂ ਸਾਹਿਤ ਲੈਣਾ ਹੈ ਤਾਂ ਉਸ ਲਈ ਫਰਾਂਸੀਸੀ ਲਭਦਾਈਕ ਹੋਵੇਗੀ I,ਜੇ   ਤੁ ਸੀਂ   ਸਾ ਹਿ ਤ   ਲੈ ਣਾ   ਹੈ   ਤਾਂ   ਉ ਸ   ਲ ਈ   ਫ ਰਾਂ ਸੀ ਸੀ   ਲ ਭ ਦਾ ਈ ਕ   ਹੋ ਵੇ ਗੀ   I,27,12
ਬਹੁਤ ਸਾਰੀਆਂ ਸਾਹਿਤਕ ਰਚਨਾਵਾਂ ਹਨ ਜੋ ਤੁਸੀਂ ਪੜ੍ਹ ਸਕਦੇ ਹੋ,ਬ ਹੁ ਤ   ਸਾ ਰੀ ਆ ਂ   ਸਾ ਹਿ ਤ ਕ   ਰ ਚ ਨਾ ਵਾਂ   ਹ ਨ   ਜੋ   ਤੁ ਸੀਂ   ਪ ੜ ੍ ਹ   ਸ ਕ ਦੇ   ਹੋ,28,10
"ਜੇਕਰ ਤੁਸੀਂ ਮਨੋਰੰਜਨ ਖੇਤਰ ਵਿੱਚ ਜਾਣਾ ਹੈ, ਤਾਂ ਕੋਰੀਅਨ ਮਦਦ ਕਰੇਗੀ","ਜੇ ਕ ਰ   ਤੁ ਸੀਂ   ਮ ਨੋ ਰ ੰ ਜ ਨ   ਖੇ ਤ ਰ   ਵਿ ੱ ਚ   ਜਾ ਣਾ   ਹੈ ,   ਤਾਂ   ਕੋ ਰੀ ਅ ਨ   ਮ ਦ ਦ   ਕ ਰੇ ਗੀ",32,11
ਕੇ-ਪੋਪ ਅਤੇ ਕੇ-ਡ੍ਰਾਮਾ ਅੱਜ ਕੱਲ ਬਹੁਤ ਪ੍ਰਸਿੱਧੀ ਵਿੱਚ ਹਨ,ਕੇ - ਪੋ ਪ   ਅ ਤੇ   ਕੇ - ਡ੍ਰਾ ਮਾ   ਅ ੱ ਜ   ਕ ੱ ਲ   ਬ ਹੁ ਤ   ਪ੍ਰ ਸਿ ੱ ਧੀ   ਵਿ ੱ ਚ   ਹ ਨ,28,9
ਸੈਰ-ਸਪਾਟੇ ਲਈ ਸਪੇਨੀ ਲਾਭਦਾਇਕ ਹੈ,ਸੈ ਰ - ਸ ਪਾ ਟੇ   ਲ ਈ   ਸ ਪੇ ਨੀ   ਲਾ ਭ ਦਾ ਇ ਕ   ਹੈ,17,5
ਇਹ ਸਭ ਸ਼ਾਨਦਾਰ ਵਿਕਲਪ ਹਨ,ਇ ਹ   ਸ ਭ   ਸ਼ਾ ਨ ਦਾ ਰ   ਵਿ ਕ ਲ ਪ   ਹ ਨ,14,5
ਮੈਨੂੰ ਲਗਦਾ ਹੈ ਕਿ ਮੈਂ ਆਪਣੀ ਅਗੇ ਦੀ ਪੜ੍ਹਾਈ ਲਈ ਵਿਗਿਆਨ ਲੂੰਗੀ,ਮੈ ਨੂ ੰ   ਲ ਗ ਦਾ   ਹੈ   ਕਿ   ਮੈਂ   ਆ ਪ ਣੀ   ਅ ਗੇ   ਦੀ   ਪ ੜ ੍ ਹਾ ਈ   ਲ ਈ   ਵਿ ਗਿ ਆ ਨ   ਲੂ ੰ ਗੀ,29,12
ਵਿਗਿਆਨਕ ਅਧਿਐਨਾਂ ਲਈ ਕਿਹੜੀਆਂ ਭਾਸ਼ਾਵਾਂ ਉੱਤਮ ਹਨ,ਵਿ ਗਿ ਆ ਨ ਕ   ਅ ਧਿ ਐ ਨਾਂ   ਲ ਈ   ਕਿ ਹ ੜ ੀ ਆ ਂ   ਭਾ ਸ ਼ ਾ ਵਾਂ   ਉ ੱ ਤ ਮ   ਹ ਨ,28,7
ਜਰਮਨ ਤੁਹਾਡੇ ਲਈ ਸਭ ਤੋਂ ਵਧੀਆ ਰਹੇਗੀ,ਜ ਰ ਮ ਨ   ਤੁ ਹਾ ਡੇ   ਲ ਈ   ਸ ਭ   ਤੋਂ   ਵ ਧੀ ਆ   ਰ ਹੇ ਗੀ,18,7
ਕਿਉਂਕਿ ਜਿਆਦਾਤਰ ਪੁਰਾਣੇ ਵਿਗਿਆਨਕ ਦਸਤਾਵੇਜ਼ ਜਰਮਨ ਵਿੱਚ ਹੀ ਲਿਖੇ ਹੋਏ ਹਨ,ਕਿ ਉ ਂ ਕਿ   ਜਿ ਆ ਦਾ ਤ ਰ   ਪੁ ਰਾ ਣੇ   ਵਿ ਗਿ ਆ ਨ ਕ   ਦ ਸ ਤਾ ਵੇ ਜ ਼   ਜ ਰ ਮ ਨ   ਵਿ ੱ ਚ   ਹੀ   ਲਿ ਖੇ   ਹੋ ਏ   ਹ ਨ,37,11
"ਇਸ ਤੋਂ ਇਲਾਵਾ, ਜਰਮਨੀ ਵਿਚ ਹੋਰ ਬਹੁਤ ਸਾਰੇ ਅਗੇ ਪੜ੍ਹਨ ਦੇ ਮੌਕੇ ਹਨ","ਇ ਸ   ਤੋਂ   ਇ ਲਾ ਵਾ ,   ਜ ਰ ਮ ਨੀ   ਵਿ ਚ   ਹੋ ਰ   ਬ ਹੁ ਤ   ਸਾ ਰੇ   ਅ ਗੇ   ਪ ੜ ੍ ਹ ਨ   ਦੇ   ਮੌ ਕੇ   ਹ ਨ",32,13
"ਪਰ ਜੇਕਰ ਤੁਸੀਂ ਤਕਨਾਲੋਜੀ ਵਿੱਚ ਜਾਣਾ ਹੈ, ਉਸ ਦੇ ਲਈ ਮੇਰੇ ਅਨੁਸਾਰ ਚੀਨੀ ਭਾਸ਼ਾ ਜਿਆਦਾ ਲਾਭਦਾਇਕ ਲੱਗ ਰਹੀ ਹੈ","ਪ ਰ   ਜੇ ਕ ਰ   ਤੁ ਸੀਂ   ਤ ਕ ਨਾ ਲੋ ਜੀ   ਵਿ ੱ ਚ   ਜਾ ਣਾ   ਹੈ ,   ਉ ਸ   ਦੇ   ਲ ਈ   ਮੇ ਰੇ   ਅ ਨੁ ਸਾ ਰ   ਚੀ ਨੀ   ਭਾ ਸ਼ਾ   ਜਿ ਆ ਦਾ   ਲਾ ਭ ਦਾ ਇ ਕ   ਲ ੱ ਗ   ਰ ਹੀ   ਹੈ",48,19
"ਜਿਸ ਰਫ਼ਤਾਰ ਨਾਲ ਉਹ ਤਕਨੀਕਾਂ ਦੀ ਖੋਜ ਕਰ ਰਹੇ ਹਨ, ਤੁਹਾਨੂੰ ਇਸ ਦੀ ਲੋੜ ਪਵੇਗੀ","ਜਿ ਸ   ਰ ਫ ਼ ਤਾ ਰ   ਨਾ ਲ   ਉ ਹ   ਤ ਕ ਨੀ ਕਾਂ   ਦੀ   ਖੋ ਜ   ਕ ਰ   ਰ ਹੇ   ਹ ਨ ,   ਤੁ ਹਾ ਨੂ ੰ   ਇ ਸ   ਦੀ   ਲੋ ੜ   ਪ ਵੇ ਗੀ",37,15
ਮੈਨੂੰ ਯਕੀਨ ਹੈ ਕਿ ਇਹ ਭਵਿੱਖ ਵਿੱਚ ਚੋਣ ਕਰਨ ਲਈ ਮੇਰੇ ਲਈ ਕਾਫ਼ੀ ਮਦਦਗਾਰ ਹੋਵੇਗਾ,ਮੈ ਨੂ ੰ   ਯ ਕੀ ਨ   ਹੈ   ਕਿ   ਇ ਹ   ਭ ਵਿ ੱ ਖ   ਵਿ ੱ ਚ   ਚੋ ਣ   ਕ ਰ ਨ   ਲ ਈ   ਮੇ ਰੇ   ਲ ਈ   ਕਾ ਫ਼ ੀ   ਮ ਦ ਦ ਗਾ ਰ   ਹੋ ਵੇ ਗਾ,39,15
ਮੇਰੇ ਸਾਰੇ ਪਿਆਰੇ ਵਿਦਿਆਰਥੀਆਂ ਨੂੰ ਸ਼ੁੱਭ ਸਵੇਰ,ਮੇ ਰੇ   ਸਾ ਰੇ   ਪਿ ਆ ਰੇ   ਵਿ ਦਿ ਆ ਰ ਥੀ ਆ ਂ   ਨੂ ੰ   ਸ਼ੁ ੱ ਭ   ਸ ਵੇ ਰ,22,7
ਉਮੀਦ ਹੈ ਕਿ ਤੁਸੀਂ ਸਾਰੇ ਠੀਕ ਹੋਵੋਂਗੇ,ਉ ਮੀ ਦ   ਹੈ   ਕਿ   ਤੁ ਸੀਂ   ਸਾ ਰੇ   ਠੀ ਕ   ਹੋ ਵੋਂ ਗੇ,14,7
ਕੀ ਤੁਹਾਨੂੰ ਯਾਦ ਹੈ ਕਿ ਆਪਾਂ ਆਪਣੀ ਆਖਰੀ ਕਲਾਸ ਵਿੱਚ ਕਿਵੇਂ ਨਦੀਆਂ ਬਾਰੇ ਗੱਲ ਸ਼ੁਰੂ ਕੀਤੀ ਸੀ,ਕੀ   ਤੁ ਹਾ ਨੂ ੰ   ਯਾ ਦ   ਹੈ   ਕਿ   ਆ ਪਾਂ   ਆ ਪ ਣੀ   ਆ ਖ ਰੀ   ਕ ਲਾ ਸ   ਵਿ ੱ ਚ   ਕਿ ਵੇਂ   ਨ ਦੀ ਆ ਂ   ਬਾ ਰੇ   ਗ ੱ ਲ   ਸ਼ੁ ਰੂ   ਕੀ ਤੀ   ਸੀ,39,17
"ਕੀ ਤੁਸੀਂ ਮੈਨੂੰ ਦੱਸ ਸਕਦੇ ਹੋ ਕਿ ਤੁਸੀਂ ਸਾਡੇ ਦੇਸ਼ ਦੀਆਂ ਨਦੀਆਂ ਬਾਰੇ ਕੀ ਜਾਣਦੇ ਹੋ, ਕੁੱਝ ਵਿਲੱਖਣ ਵਿਸ਼ੇਸ਼ਤਾਵਾਂ ਦੇ ਨਾਲ","ਕੀ   ਤੁ ਸੀਂ   ਮੈ ਨੂ ੰ   ਦ ੱ ਸ   ਸ ਕ ਦੇ   ਹੋ   ਕਿ   ਤੁ ਸੀਂ   ਸਾ ਡੇ   ਦੇ ਸ਼   ਦੀ ਆ ਂ   ਨ ਦੀ ਆ ਂ   ਬਾ ਰੇ   ਕੀ   ਜਾ ਣ ਦੇ   ਹੋ ,   ਕੁ ੱ ਝ   ਵਿ ਲ ੱ ਖ ਣ   ਵਿ ਸ਼ੇ ਸ਼ ਤਾ ਵਾਂ   ਦੇ   ਨਾ ਲ",51,21
"ਸ਼ੁੱਭ ਸਵੇਰ, ਮਿਸ ਲੀ","ਸ਼ੁ ੱ ਭ   ਸ ਵੇ ਰ ,   ਮਿ ਸ   ਲੀ",10,4
ਮੈਨੂੰ ਪਿਛਲੀ ਕਲਾਸ ਤੋਂ ਕੁੱਝ ਨਦੀਆਂ ਦੇ ਨਾਮ ਯਾਦ ਹਨ,ਮੈ ਨੂ ੰ   ਪਿ ਛ ਲੀ   ਕ ਲਾ ਸ   ਤੋਂ   ਕੁ ੱ ਝ   ਨ ਦੀ ਆ ਂ   ਦੇ   ਨਾ ਮ   ਯਾ ਦ   ਹ ਨ,24,10
"ਅਸੀਂ ਗੰਗਾ ਨਦੀ ਨਾਲ ਸ਼ੁਰੂਆਤ ਕੀਤੀ ਸੀ, ਜਿਸ ਨੂੰ ਗਣਗੇਜ਼ ਵੀ ਕਿਹਾ ਜਾਂਦਾ ਹੈ, ਜੋ ਕਿ ਭਾਰਤ ਦੀ ਸਭ ਤੋਂ ਲੰਬੀ ਨਦੀ ਹੈ, ਇਸ ਵਿੱਚ ਬਹੁਤ ਸਾਰੇ ਧਾਰਮਿਕ ਸੰਕੇਤ ਹਨ, ਪਰ ਨਾਲ ਹੀ, ਇਹ ਗੰਗੋਤਰੀ ਤੋਂ ਪੈਦਾ ਹੋਣ ਵਾਲੀਆਂ ਬਹੁਤ ਜਿਆਦਾਂ ਪ੍ਰਦੂਸ਼ਿਤ ਨਦੀਆਂ ਵਿੱਚੋਂ ਇੱਕ ਵੀ ਹੈ","ਅ ਸੀਂ   ਗ ੰ ਗਾ   ਨ ਦੀ   ਨਾ ਲ   ਸ਼ੁ ਰੂ ਆ ਤ   ਕੀ ਤੀ   ਸੀ ,   ਜਿ ਸ   ਨੂ ੰ   ਗ ਣ ਗੇ ਜ਼   ਵੀ   ਕਿ ਹਾ   ਜਾਂ ਦਾ   ਹੈ ,   ਜੋ   ਕਿ   ਭਾ ਰ ਤ   ਦੀ   ਸ ਭ   ਤੋਂ   ਲ ੰ ਬੀ   ਨ ਦੀ   ਹੈ ,   ਇ ਸ   ਵਿ ੱ ਚ   ਬ ਹੁ ਤ   ਸਾ ਰੇ   ਧਾ ਰ ਮਿ ਕ   ਸ ੰ ਕੇ ਤ   ਹ ਨ ,   ਪ ਰ   ਨਾ ਲ   ਹੀ ,   ਇ ਹ   ਗ ੰ ਗੋ ਤ ਰੀ   ਤੋਂ   ਪੈ ਦਾ   ਹੋ ਣ   ਵਾ ਲੀ ਆ ਂ   ਬ ਹੁ ਤ   ਜਿ ਆ ਦਾਂ   ਪ੍ਰ ਦੂ ਸ਼ਿ ਤ   ਨ ਦੀ ਆ ਂ   ਵਿ ੱ ਚੋਂ   ਇ ੱ ਕ   ਵੀ   ਹੈ",113,47
"ਇਹ ਗੰਗੋਤਰੀ, ਹਿਮਾਚਲ ਪ੍ਰਦੇਸ਼ ਚੋਂ ਨਿਕਲਦੀ ਹੈ, ਅਤੇ ਲਗਭਗ 2525 ਕਿਲੋਮੀਟਰ ਲੰਬੀ ਹੈ, 15 ਤੋਂ ਵੱਧ ਪ੍ਰਮੁੱਖ ਭਾਰਤੀ ਸ਼ਹਿਰਾਂ ਵਿੱਚੋਂ ਲੰਘਦੀ ਹੈ","ਇ ਹ   ਗ ੰ ਗੋ ਤ ਰੀ ,   ਹਿ ਮਾ ਚ ਲ   ਪ੍ਰ ਦੇ ਸ਼   ਚੋਂ   ਨਿ ਕ ਲ ਦੀ   ਹੈ ,   ਅ ਤੇ   ਲ ਗ ਭ ਗ   2 5 2 5   ਕਿ ਲੋ ਮੀ ਟ ਰ   ਲ ੰ ਬੀ   ਹੈ ,   1 5   ਤੋਂ   ਵ ੱ ਧ   ਪ੍ਰ ਮੁ ੱ ਖ   ਭਾ ਰ ਤੀ   ਸ਼ ਹਿ ਰਾਂ   ਵਿ ੱ ਚੋਂ   ਲ ੰ ਘ ਦੀ   ਹੈ",66,22
"ਅਤੇ ਹਾਂ, ਇਹ ਪੱਛਮੀ ਬੰਗਾਲ ਵਿੱਚ :ਸੁੰਦਰਬਨ ਦੁਨਿਆ ਦੇ ਸਭ ਤੋਂ ਵੱਡੇ ਡੈਲਟਾ ਵੀ ਬਣਾਉਂਦੀ ਹੈ","ਅ ਤੇ   ਹਾਂ ,   ਇ ਹ   ਪ ੱ ਛ ਮੀ   ਬ ੰ ਗਾ ਲ   ਵਿ ੱ ਚ   : ਸੁ ੰ ਦ ਰ ਬ ਨ   ਦੁ ਨਿ ਆ   ਦੇ   ਸ ਭ   ਤੋਂ   ਵ ੱ ਡੇ   ਡੈ ਲ ਟਾ   ਵੀ   ਬ ਣਾ ਉ ਂ ਦੀ   ਹੈ",44,16
ਤੁਹਾਨੂੰ ਇੰਡਸ ਬਾਰੇ ਯਾਦ ਹੈ,ਤੁ ਹਾ ਨੂ ੰ   ਇ ੰ ਡ ਸ   ਬਾ ਰੇ   ਯਾ ਦ   ਹੈ,13,5
"ਇਸ ਨਦੀ ਨੇ ਸਭ ਤੋਂ ਵੱਡੀ ਪ੍ਰਾਚੀਨ ਮਨੁੱਖੀ ਸਭਿਅਤਾਵਾਂ ਨੂੰ ਉਭਾਰ ਦਿੱਤਾ ਹੈ, ਜੋ ਇੰਡਸ ਘਾਟੀ ਦੀ ਸੱਭਿਅਤਾ ਹੈ ਅਤੇ ਇੱਕ ਮਹਾਨ ਇਤਿਹਾਸਕ ਮੁੱਲ ਰੱਖਦੀ ਹੈ","ਇ ਸ   ਨ ਦੀ   ਨੇ   ਸ ਭ   ਤੋਂ   ਵ ੱ ਡੀ   ਪ੍ਰਾ ਚੀ ਨ   ਮ ਨੁ ੱ ਖੀ   ਸ ਭਿ ਅ ਤਾ ਵਾਂ   ਨੂ ੰ   ਉ ਭਾ ਰ   ਦਿ ੱ ਤਾ   ਹੈ ,   ਜੋ   ਇ ੰ ਡ ਸ   ਘਾ ਟੀ   ਦੀ   ਸ ੱ ਭਿ ਅ ਤਾ   ਹੈ   ਅ ਤੇ   ਇ ੱ ਕ   ਮ ਹਾ ਨ   ਇ ਤਿ ਹਾ ਸ ਕ   ਮੁ ੱ ਲ   ਰ ੱ ਖ ਦੀ   ਹੈ",68,26
"ਹਾਂ, ਤੁਸੀਂ ਕਿਹਾ ਸੀ ਇਸਨੂੰ ਸਿੰਧੂ ਵੀ ਕਿਹਾ ਜਾਂਦਾ ਹੈ","ਹਾਂ ,   ਤੁ ਸੀਂ   ਕਿ ਹਾ   ਸੀ   ਇ ਸ ਨੂ ੰ   ਸਿ ੰ ਧੂ   ਵੀ   ਕਿ ਹਾ   ਜਾਂ ਦਾ   ਹੈ",20,10
"ਇਹ ਚੀਨ, ਪਾਕਿਸਤਾਨ ਵਿੱਚੋਂ ਲੰਘੜੀ ਹੈ ਅਤੇ ਨਾਲ ਹੀ ਭਾਰਤ ਵਿੱਚੋਂ ਵੀ","ਇ ਹ   ਚੀ ਨ ,   ਪਾ ਕਿ ਸ ਤਾ ਨ   ਵਿ ੱ ਚੋਂ   ਲ ੰ ਘ ੜ ੀ   ਹੈ   ਅ ਤੇ   ਨਾ ਲ   ਹੀ   ਭਾ ਰ ਤ   ਵਿ ੱ ਚੋਂ   ਵੀ",31,12
"ਭਾਰਤ ਵਿੱਚ ਇਸਦਾ ਸਿਰਫ਼ 5% ਹਿੱਸਾ ਹੈ, ਫਿਰ ਵੀ ਇਹ ਸੱਭਿਅਤਾ ਦੇ ਮਾਮਲੇ ਵਿੱਚ ਸਭ ਤੋਂ ਮਹੱਤਵਪੂਰਣ ਨਦੀਆਂ ਵਿੱਚੋਂ ਇੱਕ ਹੈ, ਅਤੇ ਨਾਲ ਹੀ ਆਰਥਿਕਤਾ ਪੱਖੋਂ ਵੀ","ਭਾ ਰ ਤ   ਵਿ ੱ ਚ   ਇ ਸ ਦਾ   ਸਿ ਰ ਫ਼   5 %   ਹਿ ੱ ਸਾ   ਹੈ ,   ਫਿ ਰ   ਵੀ   ਇ ਹ   ਸ ੱ ਭਿ ਅ ਤਾ   ਦੇ   ਮਾ ਮ ਲੇ   ਵਿ ੱ ਚ   ਸ ਭ   ਤੋਂ   ਮ ਹ ੱ ਤ ਵ ਪੂ ਰ ਣ   ਨ ਦੀ ਆ ਂ   ਵਿ ੱ ਚੋਂ   ਇ ੱ ਕ   ਹੈ ,   ਅ ਤੇ   ਨਾ ਲ   ਹੀ   ਆ ਰ ਥਿ ਕ ਤਾ   ਪ ੱ ਖੋਂ   ਵੀ",73,27
"ਮੈਡਮ, ਤੁਸੀਂ ਇਸ ਦੀ ਸਾਰਥਕਤਾ ਬਾਰੇ ਵੀ ਕੁੱਝ ਜ਼ਿਕਰ ਕੀਤਾ ਹੈ; ਭਾਰਤ ਅਤੇ ਸਿੰਧ ਸ਼ਬਦਾਂ ਬਾਰੇ, ਕੀ ਕਿਰਪਾ ਕਰਕੇ ਤੁਸੀਂ ਉਸ ਹਿੱਸੇ ਨੂੰ ਦੁਹਰਾ ਸਕਦੇ ਹੋ","ਮੈ ਡ ਮ ,   ਤੁ ਸੀਂ   ਇ ਸ   ਦੀ   ਸਾ ਰ ਥ ਕ ਤਾ   ਬਾ ਰੇ   ਵੀ   ਕੁ ੱ ਝ   ਜ਼ ਿ ਕ ਰ   ਕੀ ਤਾ   ਹੈ ;   ਭਾ ਰ ਤ   ਅ ਤੇ   ਸਿ ੰ ਧ   ਸ਼ ਬ ਦਾਂ   ਬਾ ਰੇ ,   ਕੀ   ਕਿ ਰ ਪਾ   ਕ ਰ ਕੇ   ਤੁ ਸੀਂ   ਉ ਸ   ਹਿ ੱ ਸੇ   ਨੂ ੰ   ਦੁ ਹ ਰਾ   ਸ ਕ ਦੇ   ਹੋ",65,26
ਉੱਤਰ-ਪੱਛਮੀ ਭਾਰਤ ਤੋਂ ਪਾਕਿਸਤਾਨ ਵਿੱਚ ਜਾਣ ਵਾਲੇ ਸਿੰਧ ਮਾਰਗ ਦਾ ਨਾਮ ਸੰਸਕ੍ਰਿਤ ਸਮੀਕਰਨ ਸਿੰਧੂ ਤੋਂ ਮਿਲਿਆ ਹੈ,ਉ ੱ ਤ ਰ - ਪ ੱ ਛ ਮੀ   ਭਾ ਰ ਤ   ਤੋਂ   ਪਾ ਕਿ ਸ ਤਾ ਨ   ਵਿ ੱ ਚ   ਜਾ ਣ   ਵਾ ਲੇ   ਸਿ ੰ ਧ   ਮਾ ਰ ਗ   ਦਾ   ਨਾ ਮ   ਸ ੰ ਸ ਕ੍ਰਿ ਤ   ਸ ਮੀ ਕ ਰ ਨ   ਸਿ ੰ ਧੂ   ਤੋਂ   ਮਿ ਲਿ ਆ   ਹੈ,52,17
"ਫ਼ਾਰਸੀ ਲੋਕਾਂ ਨੇ ਇੰਡਸ ਦੇ ਆਲੇ-ਦੁਆਲੇ ਦੀ ਜ਼ਮੀਨ ਨੂੰ ਹਿੰਦੂ ਵਜੋਂ ਸੌਂਪਿਆ ਹੈ, ਸੰਸਕ੍ਰਿਤ ਦੀ ਇੱਕ ਗਲਤੀ ਸਿੰਧੂ ਅਤੇ ਇਸ ਲਈ ਇੰਡੀਆ ਦਾ ਨਾਮ ਸਿੰਧ ਤੋਂ ਲਿਆ ਗਿਆ ਹੈ","ਫ਼ ਾ ਰ ਸੀ   ਲੋ ਕਾਂ   ਨੇ   ਇ ੰ ਡ ਸ   ਦੇ   ਆ ਲੇ - ਦੁ ਆ ਲੇ   ਦੀ   ਜ਼ ਮੀ ਨ   ਨੂ ੰ   ਹਿ ੰ ਦੂ   ਵ ਜੋਂ   ਸੌਂ ਪਿ ਆ   ਹੈ ,   ਸ ੰ ਸ ਕ੍ਰਿ ਤ   ਦੀ   ਇ ੱ ਕ   ਗ ਲ ਤੀ   ਸਿ ੰ ਧੂ   ਅ ਤੇ   ਇ ਸ   ਲ ਈ   ਇ ੰ ਡੀ ਆ   ਦਾ   ਨਾ ਮ   ਸਿ ੰ ਧ   ਤੋਂ   ਲਿ ਆ   ਗਿ ਆ   ਹੈ",71,29
"ਓਹ, ਹਾਂ, ਤੁਸੀਂ ਸਾਨੂੰ ਸਭ ਕੁੱਝ ਸਿਖਾਇਆ ਸੀ, ਧੰਨਵਾਦ","ਓ ਹ ,   ਹਾਂ ,   ਤੁ ਸੀਂ   ਸਾ ਨੂ ੰ   ਸ ਭ   ਕੁ ੱ ਝ   ਸਿ ਖਾ ਇ ਆ   ਸੀ ,   ਧ ੰ ਨ ਵਾ ਦ",26,9
"ਕੀ ਤੁਹਾਨੂੰ ਉਹਨਾਂ ਤੱਥਾਂ ਬਾਰੇ ਯਾਦ ਹੈ ਜਿਨ੍ਹਾਂ ਬਾਰੇ ਅਸੀਂ ਕੁੱਝ ਸਮਾਂ ਪਹਿਲਾਂ ਭਾਰਤ ਦੀ ਸਭ ਤੋਂ ਵੱਡੀ ਨਦੀ, ਬ੍ਰਹਮਪੁਤਰਾ ਬਾਰੇ ਚਰਚਾ ਕਰ ਰਹੇ ਸੀ","ਕੀ   ਤੁ ਹਾ ਨੂ ੰ   ਉ ਹ ਨਾਂ   ਤ ੱ ਥਾਂ   ਬਾ ਰੇ   ਯਾ ਦ   ਹੈ   ਜਿ ਨ੍ਹਾਂ   ਬਾ ਰੇ   ਅ ਸੀਂ   ਕੁ ੱ ਝ   ਸ ਮਾਂ   ਪ ਹਿ ਲਾਂ   ਭਾ ਰ ਤ   ਦੀ   ਸ ਭ   ਤੋਂ   ਵ ੱ ਡੀ   ਨ ਦੀ ,   ਬ੍ਰ ਹ ਮ ਪੁ ਤ ਰਾ   ਬਾ ਰੇ   ਚ ਰ ਚਾ   ਕ ਰ   ਰ ਹੇ   ਸੀ",59,25
ਇਹ ਕਿਥੋਂ ਨਿਕਲਦੀ ਹੈ ਅਤੇ ਉੱਥੋਂ ਇਸਦਾ ਨਾਮ ਵੱਖਰਾ ਕਿਵੇਂ ਹੁੰਦਾ ਹੈ,ਇ ਹ   ਕਿ ਥੋਂ   ਨਿ ਕ ਲ ਦੀ   ਹੈ   ਅ ਤੇ   ਉ ੱ ਥੋਂ   ਇ ਸ ਦਾ   ਨਾ ਮ   ਵ ੱ ਖ ਰਾ   ਕਿ ਵੇਂ   ਹੁ ੰ ਦਾ   ਹੈ,29,12
ਇਹ ਕੈਲਾਸ਼ ਪਰਬਤ ਦੇ ਨੇੜੇ ਅੰਗਸੀ ਗਲੇਸ਼ੀਅਰ ਤੋਂ ਉਤਪੰਨ ਹੁੰਦਾ ਹੈ ਅਤੇ ਇਸਨੂੰ ਯਾਰਲੂੰਗ ਸਾਂਗਪੋ ਵੀ ਕਿਹਾ ਜਾਂਦਾ ਹੈ,ਇ ਹ   ਕੈ ਲਾ ਸ਼   ਪ ਰ ਬ ਤ   ਦੇ   ਨੇ ੜ ੇ   ਅ ੰ ਗ ਸੀ   ਗ ਲੇ ਸ਼ੀ ਅ ਰ   ਤੋਂ   ਉ ਤ ਪ ੰ ਨ   ਹੁ ੰ ਦਾ   ਹੈ   ਅ ਤੇ   ਇ ਸ ਨੂ ੰ   ਯਾ ਰ ਲੂ ੰ ਗ   ਸਾਂ ਗ ਪੋ   ਵੀ   ਕਿ ਹਾ   ਜਾਂ ਦਾ   ਹੈ,52,19
ਇਸਦਾ ਡੈਲਟਾ 130 ਮਿਲੀਅਨ ਲੋਕਾਂ ਦਾ ਘਰ ਹੈ ਅਤੇ 6000 ਲੋਕ ਰਿਵਰਾਈਨ ਆਈਲੈਂਡਜ਼ 'ਤੇ ਰਹਿੰਦੇ ਹਨ,ਇ ਸ ਦਾ   ਡੈ ਲ ਟਾ   1 3 0   ਮਿ ਲੀ ਅ ਨ   ਲੋ ਕਾਂ   ਦਾ   ਘ ਰ   ਹੈ   ਅ ਤੇ   6 0 0 0   ਲੋ ਕ   ਰਿ ਵ ਰਾ ਈ ਨ   ਆ ਈ ਲੈਂ ਡ ਜ਼   ' ਤੇ   ਰ ਹਿ ੰ ਦੇ   ਹ ਨ,45,16
"ਪਰ ਮੈਡਮ, ਗੰਗਾ ਅਤੇ ਬ੍ਰਹਮਪੁਤਰਾ ਦੋਵੇਂ ਭਾਰਤ ਦੀਆਂ ਸਭ ਤੋਂ ਵੱਡੀਆਂ ਨਦੀਆਂ ਕਿਵੇਂ ਹੋ ਸਕਦੀਆਂ ਹਨ","ਪ ਰ   ਮੈ ਡ ਮ ,   ਗ ੰ ਗਾ   ਅ ਤੇ   ਬ੍ਰ ਹ ਮ ਪੁ ਤ ਰਾ   ਦੋ ਵੇਂ   ਭਾ ਰ ਤ   ਦੀ ਆ ਂ   ਸ ਭ   ਤੋਂ   ਵ ੱ ਡੀ ਆ ਂ   ਨ ਦੀ ਆ ਂ   ਕਿ ਵੇਂ   ਹੋ   ਸ ਕ ਦੀ ਆ ਂ   ਹ ਨ",47,16
ਬ੍ਰਹਮਪੁਤਰਾ ਗੰਗਾ ਨਾਲੋਂ ਸਪਸ਼ਟ ਤੌਰ 'ਤੇ ਲੰਬੀ ਹੈ,ਬ੍ਰ ਹ ਮ ਪੁ ਤ ਰਾ   ਗ ੰ ਗਾ   ਨਾ ਲੋਂ   ਸ ਪ ਸ਼ ਟ   ਤੌ ਰ   ' ਤੇ   ਲ ੰ ਬੀ   ਹੈ,23,8
ਗੰਗਾ ਸਭ ਤੋਂ ਲੰਬੀ ਹੈ ਜਦੋਂ ਕਿ ਬ੍ਰਹਮਪੁਤਰ ਆਪਣੇ ਪਾਣੀ ਦੇ ਵਹਾਅ ਦੇ ਲਿਹਾਜ਼ ਨਾਲ ਸਭ ਤੋਂ ਵੱਡੀ ਹੈ,ਗ ੰ ਗਾ   ਸ ਭ   ਤੋਂ   ਲ ੰ ਬੀ   ਹੈ   ਜ ਦੋਂ   ਕਿ   ਬ੍ਰ ਹ ਮ ਪੁ ਤ ਰ   ਆ ਪ ਣੇ   ਪਾ ਣੀ   ਦੇ   ਵ ਹਾ ਅ   ਦੇ   ਲਿ ਹਾ ਜ਼   ਨਾ ਲ   ਸ ਭ   ਤੋਂ   ਵ ੱ ਡੀ   ਹੈ,41,19
ਗੋਦਾਵਰੀ ਗੰਗਾ ਤੋਂ ਬਾਅਦ ਦੂਜੀ ਸਭ ਤੋਂ ਲੰਬੀ ਨਦੀ ਹੈ ਅਤੇ ਦੱਖਣੀ ਭਾਰਤ ਦੀ ਸਭ ਤੋਂ ਲੰਮੀ ਨਦੀ ਜੋ 'ਦਰਸ਼ੀਨਾ ਗੰਗਾ' ਦੇ ਨਾਂ ਨਾਲ ਜਾਣੀ ਜਾਂਦੀ ਹੈ,ਗੋ ਦਾ ਵ ਰੀ   ਗ ੰ ਗਾ   ਤੋਂ   ਬਾ ਅ ਦ   ਦੂ ਜੀ   ਸ ਭ   ਤੋਂ   ਲ ੰ ਬੀ   ਨ ਦੀ   ਹੈ   ਅ ਤੇ   ਦ ੱ ਖ ਣੀ   ਭਾ ਰ ਤ   ਦੀ   ਸ ਭ   ਤੋਂ   ਲ ੰ ਮੀ   ਨ ਦੀ   ਜੋ   ' ਦ ਰ ਸ਼ੀ ਨਾ   ਗ ੰ ਗਾ '   ਦੇ   ਨਾਂ   ਨਾ ਲ   ਜਾ ਣੀ   ਜਾਂ ਦੀ   ਹੈ,59,27
ਇਸ ਨਦੀ ਨੂੰ ਕਈ ਹਜ਼ਾਰ ਸਾਲਾਂ ਤੋਂ ਹਿੰਦੂ ਗ੍ਰੰਥਾਂ ਵਿੱਚ ਵਾਪਿਸ ਲਿਆ ਗਿਆ ਹੈ ਅਤੇ ਇੱਕ ਅਮੀਰ ਸੱਭਿਆਚਾਰਕ ਵਿਰਾਸਤ ਨੂੰ ਬੰਦਰਗਾਹ ਅਤੇ ਪੋਸ਼ਣ ਦਿੰਦਾ ਹੈ,ਇ ਸ   ਨ ਦੀ   ਨੂ ੰ   ਕ ਈ   ਹ ਜ਼ ਾ ਰ   ਸਾ ਲਾਂ   ਤੋਂ   ਹਿ ੰ ਦੂ   ਗ੍ਰ ੰ ਥਾਂ   ਵਿ ੱ ਚ   ਵਾ ਪਿ ਸ   ਲਿ ਆ   ਗਿ ਆ   ਹੈ   ਅ ਤੇ   ਇ ੱ ਕ   ਅ ਮੀ ਰ   ਸ ੱ ਭਿ ਆ ਚਾ ਰ ਕ   ਵਿ ਰਾ ਸ ਤ   ਨੂ ੰ   ਬ ੰ ਦ ਰ ਗਾ ਹ   ਅ ਤੇ   ਪੋ ਸ਼ ਣ   ਦਿ ੰ ਦਾ   ਹੈ,68,25
ਅਤੇ ਕ੍ਰਿਸ਼ਨਾ-ਗੋਦਾਵਰੀ ਬੇਸਿਨ ਖਤਰੇ ਵਿੱਚ ਪੈ ਰਹੇ ਓਲੀਵ ਰਿਡਲੇ ਟਰਟਲਜ਼ ਦੀ ਇੱਕ ਸਭ ਤੋਂ ਮੁੱਖ ਆਲ੍ਹਣੇ ਬਣਾਉਣ ਦੇ ਸਥਾਨਾਂ ਵਿੱਚੋਂ ਇੱਕ ਹੈ,ਅ ਤੇ   ਕ੍ਰਿ ਸ਼ ਨਾ - ਗੋ ਦਾ ਵ ਰੀ   ਬੇ ਸਿ ਨ   ਖ ਤ ਰੇ   ਵਿ ੱ ਚ   ਪੈ   ਰ ਹੇ   ਓ ਲੀ ਵ   ਰਿ ਡ ਲੇ   ਟ ਰ ਟ ਲ ਜ਼   ਦੀ   ਇ ੱ ਕ   ਸ ਭ   ਤੋਂ   ਮੁ ੱ ਖ   ਆ ਲ੍ਹ ਣੇ   ਬ ਣਾ ਉ ਣ   ਦੇ   ਸ ਥਾ ਨਾਂ   ਵਿ ੱ ਚੋਂ   ਇ ੱ ਕ   ਹੈ,61,22
ਅਸਲ 'ਚ ਇਹ ਹੈ,ਅ ਸ ਲ   ' ਚ   ਇ ਹ   ਹੈ,8,4
ਮੈਂ ਸੱਚਮੁੱਚ ਇਹ ਦੇਖ ਕੇ ਪ੍ਰਭਾਵਿਤ ਹੋਇਆ ਹਾਂ ਕਿ ਤੁਹਾਡੇ ਕੋਲ ਵੇਰਵੇ ਵਿੱਚ ਨਦੀਆਂ ਦੀ ਚੰਗੀ ਯੋਜਨਾ ਹੈ,ਮੈਂ   ਸ ੱ ਚ ਮੁ ੱ ਚ   ਇ ਹ   ਦੇ ਖ   ਕੇ   ਪ੍ਰ ਭਾ ਵਿ ਤ   ਹੋ ਇ ਆ   ਹਾਂ   ਕਿ   ਤੁ ਹਾ ਡੇ   ਕੋ ਲ   ਵੇ ਰ ਵੇ   ਵਿ ੱ ਚ   ਨ ਦੀ ਆ ਂ   ਦੀ   ਚ ੰ ਗੀ   ਯੋ ਜ ਨਾ   ਹੈ,44,18
"ਧੰਨਵਾਦ, ਮੈਡਮ, ਤੁਸੀਂ ਸਾਨੂੰ ਪਿਛਲੀ ਕਲਾਸ ਵਿੱਚ ਇਸਦਾ ਜਿਆਦਾਂਤਰ ਹਿੱਸਾ ਕਰਵਾਇਆ ਸੀ","ਧ ੰ ਨ ਵਾ ਦ ,   ਮੈ ਡ ਮ ,   ਤੁ ਸੀਂ   ਸਾ ਨੂ ੰ   ਪਿ ਛ ਲੀ   ਕ ਲਾ ਸ   ਵਿ ੱ ਚ   ਇ ਸ ਦਾ   ਜਿ ਆ ਦਾਂ ਤ ਰ   ਹਿ ੱ ਸਾ   ਕ ਰ ਵਾ ਇ ਆ   ਸੀ",41,12
ਅਤੇ ਅਸੀਂ ਅਗਲੀ ਵਿੱਚ ਹੋਰ ਸਿੱਖਾਂਗੇ,ਅ ਤੇ   ਅ ਸੀਂ   ਅ ਗ ਲੀ   ਵਿ ੱ ਚ   ਹੋ ਰ   ਸਿ ੱ ਖਾਂ ਗੇ,16,6
ਸਮਾਂ ਹੋ ਗਿਆ,ਸ ਮਾਂ   ਹੋ   ਗਿ ਆ,5,3
"ਕੱਲ੍ਹ ਮਿਲਦੇ ਹਾਂ, ਬੱਚਿਓ","ਕ ੱ ਲ੍ਹ   ਮਿ ਲ ਦੇ   ਹਾਂ ,   ਬ ੱ ਚਿ ਓ",12,4
"ਹੈਲੋ, ਤੁਸੀਂ ਚਿੰਤਾ ਵਿੱਚ ਦਿੱਖ ਰਹੇ ਹੋ I","ਹੈ ਲੋ ,   ਤੁ ਸੀਂ   ਚਿ ੰ ਤਾ   ਵਿ ੱ ਚ   ਦਿ ੱ ਖ   ਰ ਹੇ   ਹੋ   I",18,8
"ਹਾਂ, ਕਈ ਘੰਟੀਆਂ ਤੋਂ ਓਡੀਸ਼ਾ ਚੱਕਰਵਾਤ ਸੰਬੰਧਿਤ ਖ਼ਬਰਾਂ ਦੇਖ ਰਹੀ ਹਾਂ I","ਹਾਂ ,   ਕ ਈ   ਘ ੰ ਟੀ ਆ ਂ   ਤੋਂ   ਓ ਡੀ ਸ਼ਾ   ਚ ੱ ਕ ਰ ਵਾ ਤ   ਸ ੰ ਬ ੰ ਧਿ ਤ   ਖ਼ ਬ ਰਾਂ   ਦੇ ਖ   ਰ ਹੀ   ਹਾਂ   I",34,12
ਅੱਜ ਚੱਕਰਵਾਤ ਦਾ ਦੂਜਾ ਦਿਨ ਹੈ ਅਤੇ ਪੂਰਾ ਸ਼ਹਿਰ ਵਿੱਚ ਤਬਾਹੀ ਮੱਚੀ ਹੋਈ ਹੈ I,ਅ ੱ ਜ   ਚ ੱ ਕ ਰ ਵਾ ਤ   ਦਾ   ਦੂ ਜਾ   ਦਿ ਨ   ਹੈ   ਅ ਤੇ   ਪੂ ਰਾ   ਸ਼ ਹਿ ਰ   ਵਿ ੱ ਚ   ਤ ਬਾ ਹੀ   ਮ ੱ ਚੀ   ਹੋ ਈ   ਹੈ   I,35,15
ਮੌਲਿਕ ਸਹੂਲਤਾਂ ਲਈ ਬਾਹਰ ਜਾਣਾ ਵੀ ਔਖਾ ਹੋਈਆਂ ਪਿਆ ਹੈ,ਮੌ ਲਿ ਕ   ਸ ਹੂ ਲ ਤਾਂ   ਲ ਈ   ਬਾ ਹ ਰ   ਜਾ ਣਾ   ਵੀ   ਔ ਖਾ   ਹੋ ਈ ਆ ਂ   ਪਿ ਆ   ਹੈ,24,10
"ਸ਼ੁਕਰ ਹੈ ਕਿ ਸਾਡੇ ਇਲਾਕੇ ਵਿੱਚ ਅਜੇ ਵੀ ਬਿਜਲੀ ਹੈ, ਬਹੁਤੇ ਇਲਾਕੀਆ ਵਿੱਚ ਬਿਜਲੀ ਗੋਲ ਹੈ I","ਸ਼ੁ ਕ ਰ   ਹੈ   ਕਿ   ਸਾ ਡੇ   ਇ ਲਾ ਕੇ   ਵਿ ੱ ਚ   ਅ ਜੇ   ਵੀ   ਬਿ ਜ ਲੀ   ਹੈ ,   ਬ ਹੁ ਤੇ   ਇ ਲਾ ਕੀ ਆ   ਵਿ ੱ ਚ   ਬਿ ਜ ਲੀ   ਗੋ ਲ   ਹੈ   I",38,17
"ਮੈਨੂੰ ਇਹ ਸੁਣ ਕੇ ਬਹੁਤ ਦੁੱਖ ਹੋਈਆਂ, ਮੈਂ ਉਮੀਦ ਕਰਦੀ ਹਾਂ ਕਿ ਤੁਸੀਂ ਤੇ ਪਰਿਵਾਰ ਸੁਰੱਖਿਅਤ ਹੈ I","ਮੈ ਨੂ ੰ   ਇ ਹ   ਸੁ ਣ   ਕੇ   ਬ ਹੁ ਤ   ਦੁ ੱ ਖ   ਹੋ ਈ ਆ ਂ ,   ਮੈਂ   ਉ ਮੀ ਦ   ਕ ਰ ਦੀ   ਹਾਂ   ਕਿ   ਤੁ ਸੀਂ   ਤੇ   ਪ ਰਿ ਵਾ ਰ   ਸੁ ਰ ੱ ਖਿ ਅ ਤ   ਹੈ   I",43,18
ਕੀ ਤੁਹਾਨੂੰ ਇਸ ਬਾਰੇ ਕੋਈ ਸੰਕਲਪ ਹੈ ਕਿ ਇਹ ਹੋਰ ਕਿੰਨੀ ਦੇਰ ਤੱਕ ਚੱਲੇਗਾ,ਕੀ   ਤੁ ਹਾ ਨੂ ੰ   ਇ ਸ   ਬਾ ਰੇ   ਕੋ ਈ   ਸ ੰ ਕ ਲ ਪ   ਹੈ   ਕਿ   ਇ ਹ   ਹੋ ਰ   ਕਿ ੰ ਨੀ   ਦੇ ਰ   ਤ ੱ ਕ   ਚ ੱ ਲੇ ਗਾ,34,14
ਮੌਸਮ ਦੀ ਭਵਿੱਖਬਾਣੀ ਅਨੁਸਾਰ ਅਤੇ ਸਭ ਤੋਂ ਤਾਜ਼ਾ ਵਾਲੇ ਦੇ ਅਨੁਸਾਰ ਇਹ ਤਿੰਨ ਦਿਨ ਹੋਰ ਚਲੇਗਾ I,ਮੌ ਸ ਮ   ਦੀ   ਭ ਵਿ ੱ ਖ ਬਾ ਣੀ   ਅ ਨੁ ਸਾ ਰ   ਅ ਤੇ   ਸ ਭ   ਤੋਂ   ਤਾ ਜ਼ ਾ   ਵਾ ਲੇ   ਦੇ   ਅ ਨੁ ਸਾ ਰ   ਇ ਹ   ਤਿ ੰ ਨ   ਦਿ ਨ   ਹੋ ਰ   ਚ ਲੇ ਗਾ   I,42,17
ਪਰ ਮੈਂ ਇਸਦੇ ਨਤੀਜਿਆਂ ਬਾਰੇ ਵਧੇਰੇ ਚਿੰਤਤ ਹਾਂ I,ਪ ਰ   ਮੈਂ   ਇ ਸ ਦੇ   ਨ ਤੀ ਜਿ ਆ ਂ   ਬਾ ਰੇ   ਵ ਧੇ ਰੇ   ਚਿ ੰ ਤ ਤ   ਹਾਂ   I,22,9
"ਆਖਰੀ ਚੱਕਰਵਾਤ ਸਾਲ 2020 ਵਿੱਚ ਆਇਆ ਸੀ, 2 ਦਿਨ ਤੱਕ ਚੱਲਿਆ ਸੀ ਅਤੇ ਕੁਝ ਖੇਤਰਾਂ ਵਿੱਚ ਬਿਜਲੀ ਵਾਪਸ ਆਉਣ ਵਿੱਚ ਲਗਭਗ 15 ਦਿਨ ਲੱਗ ਗਏ ਸਨ","ਆ ਖ ਰੀ   ਚ ੱ ਕ ਰ ਵਾ ਤ   ਸਾ ਲ   2 0 2 0   ਵਿ ੱ ਚ   ਆ ਇ ਆ   ਸੀ ,   2   ਦਿ ਨ   ਤ ੱ ਕ   ਚ ੱ ਲਿ ਆ   ਸੀ   ਅ ਤੇ   ਕੁ ਝ   ਖੇ ਤ ਰਾਂ   ਵਿ ੱ ਚ   ਬਿ ਜ ਲੀ   ਵਾ ਪ ਸ   ਆ ਉ ਣ   ਵਿ ੱ ਚ   ਲ ਗ ਭ ਗ   1 5   ਦਿ ਨ   ਲ ੱ ਗ   ਗ ਏ   ਸ ਨ",71,26
ਜਦੋਂ ਵੀ ਕੋਈ ਕੁਦਰਤੀ ਆਫ਼ਤ ਆਉਂਦੀ ਹੈ ਤਾਂ ਓਡੀਸ਼ਾ ਨੂੰ ਇਸ ਤਰਾਹ ਦੇ ਖ਼ਤਰਾ ਕਾਰਣ ਬਹੁਤ ਨੁਕਸਾਨ ਹੁੰਦਾ ਹੈ I,ਜ ਦੋਂ   ਵੀ   ਕੋ ਈ   ਕੁ ਦ ਰ ਤੀ   ਆ ਫ ਼ ਤ   ਆ ਉ ਂ ਦੀ   ਹੈ   ਤਾਂ   ਓ ਡੀ ਸ਼ਾ   ਨੂ ੰ   ਇ ਸ   ਤ ਰਾ ਹ   ਦੇ   ਖ ਼ ਤ ਰਾ   ਕਾ ਰ ਣ   ਬ ਹੁ ਤ   ਨੁ ਕ ਸਾ ਨ   ਹੁ ੰ ਦਾ   ਹੈ   I,49,20
"ਤੁਸੀਂ ਓਡੀਸ਼ਾ ਆਏ ਸੀ 2020 ਦੇ ਵਿੱਚ, ਕਿ ਤੁਸੀਂ ਚੱਕਰਵਾਤ ਆਉਣ ਦੇ ਸਮੇਂ ਮੋਜਦੂਦ ਸਨ","ਤੁ ਸੀਂ   ਓ ਡੀ ਸ਼ਾ   ਆ ਏ   ਸੀ   2 0 2 0   ਦੇ   ਵਿ ੱ ਚ ,   ਕਿ   ਤੁ ਸੀਂ   ਚ ੱ ਕ ਰ ਵਾ ਤ   ਆ ਉ ਣ   ਦੇ   ਸ ਮੇਂ   ਮੋ ਜ ਦੂ ਦ   ਸ ਨ",38,15
"ਨਹੀਂ, ਸ਼ੁਕਰ ਹੈ ਕਿ ਮੈਂ ਚੱਕਰਵਾਤ ਤੋਂ ਇੱਕ ਹਫ਼ਤਾ ਪਹਿਲਾਂ ਹੀ ਰਵਾਨਾ ਹੋ ਗਈ ਸੀ","ਨ ਹੀਂ ,   ਸ ਼ ੁ ਕ ਰ   ਹੈ   ਕਿ   ਮੈਂ   ਚ ੱ ਕ ਰ ਵਾ ਤ   ਤੋਂ   ਇ ੱ ਕ   ਹ ਫ ਼ ਤਾ   ਪ ਹਿ ਲਾਂ   ਹੀ   ਰ ਵਾ ਨਾ   ਹੋ   ਗ ਈ   ਸੀ",36,15
"ਮੈਂ ਹੈਰਾਨ ਹਾਂ ਕਿ ਉੱਥੇ ਰਹਿਣ ਵਾਲੇ ਲੋਕਾਂ ਲਈ ਇਹ ਕਹਿਜਾ ਹੋਵੇਗਾ, ਇਹ ਅਜਿਹੀ ਕਮਜ਼ੋਰ ਚੀਜ਼ ਹੈ","ਮੈਂ   ਹੈ ਰਾ ਨ   ਹਾਂ   ਕਿ   ਉ ੱ ਥੇ   ਰ ਹਿ ਣ   ਵਾ ਲੇ   ਲੋ ਕਾਂ   ਲ ਈ   ਇ ਹ   ਕ ਹਿ ਜਾ   ਹੋ ਵੇ ਗਾ ,   ਇ ਹ   ਅ ਜਿ ਹੀ   ਕ ਮ ਜ ਼ ੋ ਰ   ਚੀ ਜ ਼   ਹੈ",42,17
ਖਾਸ ਕਰ ਕੇ ਓਨ੍ਹਾਂ ਲਈ ਜੋ ਤੱਟ ਦੇ ਨੇੜੇ ਰਿਹੰਦੇ ਹਨ I,ਖਾ ਸ   ਕ ਰ   ਕੇ   ਓ ਨ੍ਹਾਂ   ਲ ਈ   ਜੋ   ਤ ੱ ਟ   ਦੇ   ਨੇ ੜ ੇ   ਰਿ ਹ ੰ ਦੇ   ਹ ਨ   I,24,12
ਕਿ ਸਰਕਾਰ ਇਨ੍ਹਾਂ ਲੋਕਾਂ ਨੂੰ ਘਰ ਬਣਾਉਣ ਤੇ ਗੁਜ਼ਾਰਾ ਕਰਨ ਵਿੱਚ ਮਦਦ ਕਰਦੀ ਹੈ,ਕਿ   ਸ ਰ ਕਾ ਰ   ਇ ਨ੍ਹਾਂ   ਲੋ ਕਾਂ   ਨੂ ੰ   ਘ ਰ   ਬ ਣਾ ਉ ਣ   ਤੇ   ਗੁ ਜ਼ ਾ ਰਾ   ਕ ਰ ਨ   ਵਿ ੱ ਚ   ਮ ਦ ਦ   ਕ ਰ ਦੀ   ਹੈ,35,14
ਇਨ੍ਹੇ ਸਾਲਾਂ ਦੀ ਮਿਹਨਤ ਇੱਕ ਦੋ ਦਿਨ ਵਿੱਚ ਖ਼ਤਮ ਹੋ ਜਾਣਾ ਕਿੰਨਾ ਭਿਆਨਕ ਹੌਗਾ I,ਇ ਨ੍ਹੇ   ਸਾ ਲਾਂ   ਦੀ   ਮਿ ਹ ਨ ਤ   ਇ ੱ ਕ   ਦੋ   ਦਿ ਨ   ਵਿ ੱ ਚ   ਖ਼ ਤ ਮ   ਹੋ   ਜਾ ਣਾ   ਕਿ ੰ ਨਾ   ਭਿ ਆ ਨ ਕ   ਹੌ ਗਾ   I,34,15
"ਸਰਕਾਰ ਜਿਨ੍ਹਾਂ ਹੋ ਸਕੇ ਓਨ੍ਹੀਂ ਮਦਦ ਕਰਦੀ ਹੈ, ਖਾਸ ਕਰ ਕੇ ਪੇਂਡੂ ਖੇਤਰਾ ਵਿੱਚ ਜਿੱਥੇ ਲੋਕ ਜ਼ਿਆਦਾਤਰ ਆਪਣੇ ਆਪ ਤੇ ਹੀ ਹਨ I","ਸ ਰ ਕਾ ਰ   ਜਿ ਨ੍ਹਾਂ   ਹੋ   ਸ ਕੇ   ਓ ਨ੍ਹੀਂ   ਮ ਦ ਦ   ਕ ਰ ਦੀ   ਹੈ ,   ਖਾ ਸ   ਕ ਰ   ਕੇ   ਪੇਂ ਡੂ   ਖੇ ਤ ਰਾ   ਵਿ ੱ ਚ   ਜਿ ੱ ਥੇ   ਲੋ ਕ   ਜ ਼ ਿ ਆ ਦਾ ਤ ਰ   ਆ ਪ ਣੇ   ਆ ਪ   ਤੇ   ਹੀ   ਹ ਨ   I",54,23
ਪਿਛਲੀ ਵਾਰ ਦੂਜੇ ਰਾਜਾਂ ਵਿਚੋਂ ਕਰਮਚਾਰੀਆਂ ਨੂੰ ਬੁਲਾਈਆਂ ਗਿਆ ਸੀ ਤਾਕਿ ਕਾਮ ਤੇਜ਼ੀ ਨਾਲ ਹੋ ਸਕੇ I,ਪਿ ਛ ਲੀ   ਵਾ ਰ   ਦੂ ਜੇ   ਰਾ ਜਾਂ   ਵਿ ਚੋਂ   ਕ ਰ ਮ ਚਾ ਰੀ ਆ ਂ   ਨੂ ੰ   ਬੁ ਲਾ ਈ ਆ ਂ   ਗਿ ਆ   ਸੀ   ਤਾ ਕਿ   ਕਾ ਮ   ਤੇ ਜ਼ ੀ   ਨਾ ਲ   ਹੋ   ਸ ਕੇ   I,41,17
ਇੱਥੋਂ ਤੱਕ ਕਿ ਨਗਰ ਨਿਗਮ ਦੇ ਲੋਕਾਂ ਨੇ ਵੀ ਦਿਨ-ਰਾਤ ਕੰਮ ਕੀਤਾ ਤਾਂ ਜੋ ਉਨ੍ਹਾਂ ਨੂੰ ਸਮੇਂ ਸਿਰ ਬਿਜਲੀ ਮਿਲ ਸਕੇ ਕਿਉਂਕਿ ਉੱਥੇ ਮੌਜੂਦ ਬੱਚੇ ਅਤੇ ਬਜ਼ੁਰਗਾਂ ਨੂੰ ਕਾਫੀ ਮੁਸ਼ਕਿਲਾਂ ਦਾ ਸਾਹਮਣਾ ਕਰਨਾ ਪੈ ਰਿਹਾ ਸੀ,ਇ ੱ ਥੋਂ   ਤ ੱ ਕ   ਕਿ   ਨ ਗ ਰ   ਨਿ ਗ ਮ   ਦੇ   ਲੋ ਕਾਂ   ਨੇ   ਵੀ   ਦਿ ਨ - ਰਾ ਤ   ਕ ੰ ਮ   ਕੀ ਤਾ   ਤਾਂ   ਜੋ   ਉ ਨ੍ਹਾਂ   ਨੂ ੰ   ਸ ਮੇਂ   ਸਿ ਰ   ਬਿ ਜ ਲੀ   ਮਿ ਲ   ਸ ਕੇ   ਕਿ ਉ ਂ ਕਿ   ਉ ੱ ਥੇ   ਮੌ ਜੂ ਦ   ਬ ੱ ਚੇ   ਅ ਤੇ   ਬ ਜ ਼ ੁ ਰ ਗਾਂ   ਨੂ ੰ   ਕਾ ਫੀ   ਮੁ ਸ ਼ ਕਿ ਲਾਂ   ਦਾ   ਸਾ ਹ ਮ ਣਾ   ਕ ਰ ਨਾ   ਪੈ   ਰਿ ਹਾ   ਸੀ,87,36
ਓਦਿਸ਼ਾ ਇੱਕ ਅਹਿਜੀ ਥਾਂ ਹੈ ਜਿੱਥੇ ਇਹਨਾਂ ਸਮਿਆਂ ਦੌਰਾਨ ਬਹੁਤ ਭਿਆਨਕ ਮੌਸਮੀ ਸਥਿਤੀਆਂ ਪੈਦਾ ਹੁੰਦੀਆਂ ਹਨ I,ਓ ਦਿ ਸ਼ਾ   ਇ ੱ ਕ   ਅ ਹਿ ਜੀ   ਥਾਂ   ਹੈ   ਜਿ ੱ ਥੇ   ਇ ਹ ਨਾਂ   ਸ ਮਿ ਆ ਂ   ਦੌ ਰਾ ਨ   ਬ ਹੁ ਤ   ਭਿ ਆ ਨ ਕ   ਮੌ ਸ ਮੀ   ਸ ਥਿ ਤੀ ਆ ਂ   ਪੈ ਦਾ   ਹੁ ੰ ਦੀ ਆ ਂ   ਹ ਨ   I,49,17
ਇਹ ਸੁੱਣ ਕੇ ਅੱਛਾ ਲਗੀਆਂ ਕਿ ਨਾਗਰਿਕਾਂ ਨੂੰ ਸਮੇਂ ਸਿਰ ਮਦਦ ਮਿਲੀ I,ਇ ਹ   ਸੁ ੱ ਣ   ਕੇ   ਅ ੱ ਛਾ   ਲ ਗੀ ਆ ਂ   ਕਿ   ਨਾ ਗ ਰਿ ਕਾਂ   ਨੂ ੰ   ਸ ਮੇਂ   ਸਿ ਰ   ਮ ਦ ਦ   ਮਿ ਲੀ   I,30,13
ਫ਼ਿਰ ਵੀ ਦੁੱਖਦਾਇਕ ਕਿ ਇਨ੍ਹਾਂ ਭਿਆਨਕ ਮੌਸਮੀ ਸਥਿਤੀਆਂ ਕਾਰਣ ਚੀਜ਼ਾਂ ਕਿੰਨੀ ਖ਼ਰਾਬ ਹੋ ਜਾਂਦੀਆਂ ਹਨ I,ਫ਼ ਿ ਰ   ਵੀ   ਦੁ ੱ ਖ ਦਾ ਇ ਕ   ਕਿ   ਇ ਨ੍ਹਾਂ   ਭਿ ਆ ਨ ਕ   ਮੌ ਸ ਮੀ   ਸ ਥਿ ਤੀ ਆ ਂ   ਕਾ ਰ ਣ   ਚੀ ਜ਼ ਾ ਂ   ਕਿ ੰ ਨੀ   ਖ਼ ਰਾ ਬ   ਹੋ   ਜਾਂ ਦੀ ਆ ਂ   ਹ ਨ   I,46,16
ਤੁਸੀਂ ਕਿੰਨੀ ਦੇਰ ਤੋਂ ਉੱਥੇ ਰਿਹ ਰਹੇ ਹੋ,ਤੁ ਸੀਂ   ਕਿ ੰ ਨੀ   ਦੇ ਰ   ਤੋਂ   ਉ ੱ ਥੇ   ਰਿ ਹ   ਰ ਹੇ   ਹੋ,16,8
ਕਿ ਮੌਸਮ ਕਾਰਣ ਤੁਹਾਡਾ ਕਦੇ ਜੀ ਕਰਿਆ ਇਸ ਰਾਜ ਨੂੰ ਛੱਡਣ ਦਾ,ਕਿ   ਮੌ ਸ ਮ   ਕਾ ਰ ਣ   ਤੁ ਹਾ ਡਾ   ਕ ਦੇ   ਜੀ   ਕ ਰਿ ਆ   ਇ ਸ   ਰਾ ਜ   ਨੂ ੰ   ਛ ੱ ਡ ਣ   ਦਾ,27,12
ਮੈਨੂੰ ਇੱਥੇ ਰਹਿੰਦੇ ਹੋਏ 5 ਸਾਲ ਹੋ ਗਏ ਹਨ I,ਮੈ ਨੂ ੰ   ਇ ੱ ਥੇ   ਰ ਹਿ ੰ ਦੇ   ਹੋ ਏ   5   ਸਾ ਲ   ਹੋ   ਗ ਏ   ਹ ਨ   I,21,10
"ਮੌਸਮ ਠੀਕ ਹੈ, ਹਾਲਾਂਕਿ ਗਰਮੀਆਂ ਕਾਫ਼ੀ ਗਰਮ ਤੇ ਸਿੱਲ੍ਹੀ ਹੁੰਦੀਆਂ ਹਨ, ਪਰ ਬਾਕੀ ਚੀਜ਼ਾਂ ਠੀਕ ਹਨ ਇਸ ਲਈ ਇਸ ਜਗਾਹ ਨੂੰ ਛੱਡਣ ਦਾ ਖਿਆਲ ਕਦੇ ਨਹੀਂ ਆਈਆਂ I","ਮੌ ਸ ਮ   ਠੀ ਕ   ਹੈ ,   ਹਾ ਲਾਂ ਕਿ   ਗ ਰ ਮੀ ਆ ਂ   ਕਾ ਫ਼ ੀ   ਗ ਰ ਮ   ਤੇ   ਸਿ ੱ ਲ੍ਹੀ   ਹੁ ੰ ਦੀ ਆ ਂ   ਹ ਨ ,   ਪ ਰ   ਬਾ ਕੀ   ਚੀ ਜ਼ ਾ ਂ   ਠੀ ਕ   ਹ ਨ   ਇ ਸ   ਲ ਈ   ਇ ਸ   ਜ ਗਾ ਹ   ਨੂ ੰ   ਛ ੱ ਡ ਣ   ਦਾ   ਖਿ ਆ ਲ   ਕ ਦੇ   ਨ ਹੀਂ   ਆ ਈ ਆ ਂ   I",73,28
ਮੋਨਸੂਨ ਥੋੜ੍ਹਾ ਮੁਸਕਿਲ ਹੁੰਦਾ ਹੈ ਪਰ ਇਨ੍ਹੇ ਸਾਲਾਂ ਵਿੱਚ ਹੁਣ ਸੰਭਾਲਣਯੋਗ ਹੈ I,ਮੋ ਨ ਸੂ ਨ   ਥੋ ੜ ੍ ਹਾ   ਮੁ ਸ ਕਿ ਲ   ਹੁ ੰ ਦਾ   ਹੈ   ਪ ਰ   ਇ ਨ੍ਹੇ   ਸਾ ਲਾਂ   ਵਿ ੱ ਚ   ਹੁ ਣ   ਸ ੰ ਭਾ ਲ ਣ ਯੋ ਗ   ਹੈ   I,36,13
"ਅੱਛਾ, ਇਹ ਸੰਭਾਲਣਯੋਗ ਲੱਗ ਰਿਹਾ ਹੈ; ਮੈਂ ਉਮੀਦ ਕਰਦਾ ਹਾਂ ਕਿ ਚੀਜ਼ਾਂ ਜਲਦੀ ਠੀਕ ਹੋ ਜਾਣ I","ਅ ੱ ਛਾ ,   ਇ ਹ   ਸ ੰ ਭਾ ਲ ਣ ਯੋ ਗ   ਲ ੱ ਗ   ਰਿ ਹਾ   ਹੈ ;   ਮੈਂ   ਉ ਮੀ ਦ   ਕ ਰ ਦਾ   ਹਾਂ   ਕਿ   ਚੀ ਜ਼ ਾ ਂ   ਜ ਲ ਦੀ   ਠੀ ਕ   ਹੋ   ਜਾ ਣ   I",42,17
"ਮੈਨੂੰ ਮਾਫ਼ ਕਰਨਾ, ਮੈਂ ਜਾਣਾ ਹੈ, ਕਿ ਤੁਸੀਂ ਮੈਨੂੰ ਚੱਕਰਵਾਤ ਬਾਰੇ ਛੋਟੀ ਅਪਡੇਟ ਦੇ ਸਕਦੇ ਹੋ","ਮੈ ਨੂ ੰ   ਮਾ ਫ਼   ਕ ਰ ਨਾ ,   ਮੈਂ   ਜਾ ਣਾ   ਹੈ ,   ਕਿ   ਤੁ ਸੀਂ   ਮੈ ਨੂ ੰ   ਚ ੱ ਕ ਰ ਵਾ ਤ   ਬਾ ਰੇ   ਛੋ ਟੀ   ਅ ਪ ਡੇ ਟ   ਦੇ   ਸ ਕ ਦੇ   ਹੋ",39,16
ਹੁਣ ਚੀਜ਼ਾਂ ਕਿਵੇਂ ਹਨ ਅਤੇ ਲੋਕ ਇਸ ਨਾਲ ਕਿਵੇਂ ਨਿਭ ਰਹੇ ਹਨ,ਹੁ ਣ   ਚੀ ਜ ਼ ਾ ਂ   ਕਿ ਵੇਂ   ਹ ਨ   ਅ ਤੇ   ਲੋ ਕ   ਇ ਸ   ਨਾ ਲ   ਕਿ ਵੇਂ   ਨਿ ਭ   ਰ ਹੇ   ਹ ਨ,27,12
"ਇੱਥੇ ਕਈ ਸਾਰੀਆਂ ਸੰਸਥਾਵਾਂ ਹਨ ਜੋ ਕਰਿਆਨੇ, ਮੈਡੀਕਲ ਸਹੂਲਤਾਂ ਅਤੇ ਦਵਾਈਆਂ ਅਤੇ ਹੋਰ ਜ਼ਰੂਰੀ ਚੀਜ਼ਾਂ ਦੀ ਲੋੜ ਪੈਣ ਤੇ ਲੋਕਾਂ ਦੀ ਮਦਦ ਕਰ ਰਹੀਆਂ ਹਨ I","ਇ ੱ ਥੇ   ਕ ਈ   ਸਾ ਰੀ ਆ ਂ   ਸ ੰ ਸ ਥਾ ਵਾਂ   ਹ ਨ   ਜੋ   ਕ ਰਿ ਆ ਨੇ ,   ਮੈ ਡੀ ਕ ਲ   ਸ ਹੂ ਲ ਤਾਂ   ਅ ਤੇ   ਦ ਵਾ ਈ ਆ ਂ   ਅ ਤੇ   ਹੋ ਰ   ਜ਼ ਰੂ ਰੀ   ਚੀ ਜ਼ ਾ ਂ   ਦੀ   ਲੋ ੜ   ਪੈ ਣ   ਤੇ   ਲੋ ਕਾਂ   ਦੀ   ਮ ਦ ਦ   ਕ ਰ   ਰ ਹੀ ਆ ਂ   ਹ ਨ   I",69,26
ਜਿਆਦਾਤਰ ਇਕਾਕੀਆ ਵਿੱਚ ਟੀਮਾ ਬਣਾਈ ਗਈਆਂ ਹਨ ਜੋ ਕਿਸੇ ਵੀ ਤਰਹ ਦੇ ਕੰਮ ਵਿੱਚ ਮਦਦ ਕਰ ਸਕਦੇ ਹਨ I,ਜਿ ਆ ਦਾ ਤ ਰ   ਇ ਕਾ ਕੀ ਆ   ਵਿ ੱ ਚ   ਟੀ ਮਾ   ਬ ਣਾ ਈ   ਗ ਈ ਆ ਂ   ਹ ਨ   ਜੋ   ਕਿ ਸੇ   ਵੀ   ਤ ਰ ਹ   ਦੇ   ਕ ੰ ਮ   ਵਿ ੱ ਚ   ਮ ਦ ਦ   ਕ ਰ   ਸ ਕ ਦੇ   ਹ ਨ   I,48,19
"ਖੈਰ, ਧੀਰਜ ਰੱਖਣ ਅਤੇ ਇੱਕ ਦੂਜੇ ਦੀ ਮਦਦ ਕਰਨ ਤੋਂ ਇਲਾਵਾ, ਅਸੀਂ ਬਹੁਤ ਕੁਝ ਨਹੀਂ ਕਰ ਸਕਦੇ ਹਾਂ","ਖੈ ਰ ,   ਧੀ ਰ ਜ   ਰ ੱ ਖ ਣ   ਅ ਤੇ   ਇ ੱ ਕ   ਦੂ ਜੇ   ਦੀ   ਮ ਦ ਦ   ਕ ਰ ਨ   ਤੋਂ   ਇ ਲਾ ਵਾ ,   ਅ ਸੀਂ   ਬ ਹੁ ਤ   ਕੁ ਝ   ਨ ਹੀਂ   ਕ ਰ   ਸ ਕ ਦੇ   ਹਾਂ",44,18
"ਹਾਂ, ਓਹ ਠੀਕ ਹੈ I","ਹਾਂ ,   ਓ ਹ   ਠੀ ਕ   ਹੈ   I",8,5
ਤੁਸੀਂ ਆਪਣੀ ਅਤੇ ਇੱਕ ਦੂਜੇ ਦਾ ਧਿਆਨ ਰੱਖਣਾ I,ਤੁ ਸੀਂ   ਆ ਪ ਣੀ   ਅ ਤੇ   ਇ ੱ ਕ   ਦੂ ਜੇ   ਦਾ   ਧਿ ਆ ਨ   ਰ ੱ ਖ ਣਾ   I,21,9
ਮੈਂ ਉਮੀਦ ਕਰਦਾ ਹਾਂ ਕਿ ਇਹ ਜਲਦੀ ਠੀਕ ਹੋ ਜਾਏ; ਮੈਂਨੂੰ ਦੱਸਨਾ ਜੇ ਅਸੀਂ ਇੱਥੋਂ ਕੁੱਛ ਕਰ ਸਕਦੇ ਹਾਂ I,ਮੈਂ   ਉ ਮੀ ਦ   ਕ ਰ ਦਾ   ਹਾਂ   ਕਿ   ਇ ਹ   ਜ ਲ ਦੀ   ਠੀ ਕ   ਹੋ   ਜਾ ਏ ;   ਮੈਂ ਨੂ ੰ   ਦ ੱ ਸ ਨਾ   ਜੇ   ਅ ਸੀਂ   ਇ ੱ ਥੋਂ   ਕੁ ੱ ਛ   ਕ ਰ   ਸ ਕ ਦੇ   ਹਾਂ   I,43,20
ਜ਼ਰੂਰ ਮੈਂ ਤੁਹਾਨੂੰ ਪੱਕਾ ਦਸਾਂਗਾ I,ਜ਼ ਰੂ ਰ   ਮੈਂ   ਤੁ ਹਾ ਨੂ ੰ   ਪ ੱ ਕਾ   ਦ ਸਾਂ ਗਾ   I,15,6
"ਅਖੀਰਕਾਰ, ਲਾਕਡਾਉਨ ਖੁੱਲ੍ਹਨਾ ਸ਼ੁਰੂ ਹੋ ਗਿਆ ਹੈ I","ਅ ਖੀ ਰ ਕਾ ਰ ,   ਲਾ ਕ ਡਾ ਉ ਨ   ਖੁ ੱ ਲ੍ਹ ਨਾ   ਸ਼ੁ ਰੂ   ਹੋ   ਗਿ ਆ   ਹੈ   I",22,8
ਹੁਣ ਕੋਈ ਭਾਰੀ ਪਾਬੰਦੀਆਂ ਨਹੀਂ ਹੋਣਗੀਆ,ਹੁ ਣ   ਕੋ ਈ   ਭਾ ਰੀ   ਪਾ ਬ ੰ ਦੀ ਆ ਂ   ਨ ਹੀਂ   ਹੋ ਣ ਗੀ ਆ,18,6
ਜੇ ਮੈਨੂੰ ਇੱਕ ਹੋਰ ਹਫ਼ਤੇ ਅੰਦਰ ਰਿਹਣਾ ਪੈ ਜਾਂਦਾ ਤਾਂ ਮੈਂ ਤਾਂ ਪਾਗਲ ਹੀ ਹੋ ਜਾਣਾ ਸੀ I,ਜੇ   ਮੈ ਨੂ ੰ   ਇ ੱ ਕ   ਹੋ ਰ   ਹ ਫ਼ ਤੇ   ਅ ੰ ਦ ਰ   ਰਿ ਹ ਣਾ   ਪੈ   ਜਾਂ ਦਾ   ਤਾਂ   ਮੈਂ   ਤਾਂ   ਪਾ ਗ ਲ   ਹੀ   ਹੋ   ਜਾ ਣਾ   ਸੀ   I,34,18
ਕਿੰਨੇ ਕਿਹਾ ਕਿ ਤੁਸੀਂ ਹੋ ਨਹੀਂ,ਕਿ ੰ ਨੇ   ਕਿ ਹਾ   ਕਿ   ਤੁ ਸੀਂ   ਹੋ   ਨ ਹੀਂ,11,6
"ਪਰ ਮਜ਼ਾਕ ਆਪਣੀ ਜਗਾਹ, ਲਾਕਡਾਉਨ ਸ਼ੁਰੂ ਹੋਣ ਦਾ ਮਤਲਬ ਇਹ ਨਹੀਂ ਕਿ ਤੁਸੀਂ ਜੋ ਮਰਜ਼ੀ ਕਰ ਸਕਦੇ ਹੋ I","ਪ ਰ   ਮ ਜ਼ ਾ ਕ   ਆ ਪ ਣੀ   ਜ ਗਾ ਹ ,   ਲਾ ਕ ਡਾ ਉ ਨ   ਸ਼ੁ ਰੂ   ਹੋ ਣ   ਦਾ   ਮ ਤ ਲ ਬ   ਇ ਹ   ਨ ਹੀਂ   ਕਿ   ਤੁ ਸੀਂ   ਜੋ   ਮ ਰ ਜ਼ ੀ   ਕ ਰ   ਸ ਕ ਦੇ   ਹੋ   I",46,19
ਰਾਤ ਦਾ ਕਰਫ਼ਿਊ ਜਾਰੀ ਰਹੇਗਾ I,ਰਾ ਤ   ਦਾ   ਕ ਰ ਫ਼ ਿ ਊ   ਜਾ ਰੀ   ਰ ਹੇ ਗਾ   I,14,6
ਮਾਸਕ ਲਗਾਉਣ ਦਾ ਆਦੇਸ਼ ਅਤੇ ਸਮਾਜਿਕ ਦੂਰੀ ਦੇ ਨਿਯਮ ਹਜੇ ਵੀ ਲਾਗੂ ਰਹਿਣਗੇ,ਮਾ ਸ ਕ   ਲ ਗਾ ਉ ਣ   ਦਾ   ਆ ਦੇ ਸ਼   ਅ ਤੇ   ਸ ਮਾ ਜਿ ਕ   ਦੂ ਰੀ   ਦੇ   ਨਿ ਯ ਮ   ਹ ਜੇ   ਵੀ   ਲਾ ਗੂ   ਰ ਹਿ ਣ ਗੇ,32,13
"ਅਤੇ ਸਭ ਤੋਂ ਜ਼ਰੂਰੀ, ਟੀਕਾ ਲਗਵਾਉਣਾ ਸਾਡੀ ਮੁੱਖ ਚਿੰਤਾ ਹੋਣੀ ਚਾਹੀਦੀ ਹੈ I","ਅ ਤੇ   ਸ ਭ   ਤੋਂ   ਜ਼ ਰੂ ਰੀ ,   ਟੀ ਕਾ   ਲ ਗ ਵਾ ਉ ਣਾ   ਸਾ ਡੀ   ਮੁ ੱ ਖ   ਚਿ ੰ ਤਾ   ਹੋ ਣੀ   ਚਾ ਹੀ ਦੀ   ਹੈ   I",31,13
ਓਹ,ਓ ਹ,2,1
ਕਿ ਟੀਕਾ ਲਗਵਾਉਣਾ ਜ਼ਰੂਰੀ ਹੈ,ਕਿ   ਟੀ ਕਾ   ਲ ਗ ਵਾ ਉ ਣਾ   ਜ਼ ਰੂ ਰੀ   ਹੈ,12,5
ਇੱਕ ਵਾਰ ਕੋਵਿਡ ਹੋਣ ਨਾਲ ਕਿ ਵਿਅਕਤੀ ਉਸ ਤੋਂ ਸੁਰੱਖਿਅਤ ਨਹੀਂ ਹੋ ਜਾਂਦਾ,ਇ ੱ ਕ   ਵਾ ਰ   ਕੋ ਵਿ ਡ   ਹੋ ਣ   ਨਾ ਲ   ਕਿ   ਵਿ ਅ ਕ ਤੀ   ਉ ਸ   ਤੋਂ   ਸੁ ਰ ੱ ਖਿ ਅ ਤ   ਨ ਹੀਂ   ਹੋ   ਜਾਂ ਦਾ,31,13
ਹੇ ਭਗਵਾਨ,ਹੇ   ਭ ਗ ਵਾ ਨ,5,2
ਤੁਹਾਨੂੰ ਇਹ ਸਭ ਗਲਤ ਖਿਆਲ ਕਿਥੋਂ ਆਏ,ਤੁ ਹਾ ਨੂ ੰ   ਇ ਹ   ਸ ਭ   ਗ ਲ ਤ   ਖਿ ਆ ਲ   ਕਿ ਥੋਂ   ਆ ਏ,18,7
"ਨਹੀਂ, ਇੱਕ ਵਾਰ ਕੋਵਿਡ ਹੋਣ ਨਾਲ ਕੋਈ ਵੀ ਸੁਰੱਖਿਅਤ ਨਹੀਂ ਹੋ ਜਾਂਦਾ ਹੈ I","ਨ ਹੀਂ ,   ਇ ੱ ਕ   ਵਾ ਰ   ਕੋ ਵਿ ਡ   ਹੋ ਣ   ਨਾ ਲ   ਕੋ ਈ   ਵੀ   ਸੁ ਰ ੱ ਖਿ ਅ ਤ   ਨ ਹੀਂ   ਹੋ   ਜਾਂ ਦਾ   ਹੈ   I",31,14
ਦਰਅਸਲ ਦੋਨਾਂ ਵਿੱਚ ਕੋਈ ਸਬੰਧ ਨਹੀਂ ਹੈ,ਦ ਰ ਅ ਸ ਲ   ਦੋ ਨਾਂ   ਵਿ ੱ ਚ   ਕੋ ਈ   ਸ ਬ ੰ ਧ   ਨ ਹੀਂ   ਹੈ,19,7
"ਅਤੇ ਸਭ ਤੋਂ ਜ਼ਰੂਰੀ, ਟੀਕਾ ਲਗਵਾਉਣਾ ਬਿਲਕੁਲ ਲਾਜ਼ਮੀ ਹੈ","ਅ ਤੇ   ਸ ਭ   ਤੋਂ   ਜ਼ ਰੂ ਰੀ ,   ਟੀ ਕਾ   ਲ ਗ ਵਾ ਉ ਣਾ   ਬਿ ਲ ਕੁ ਲ   ਲਾ ਜ ਼ ਮੀ   ਹੈ",25,9
ਸਾਰੀਆਂ ਨੂੰ ਦੋ ਪ੍ਰਮਾਣਿਤ ਟੀਕੀਆ ਯਾਨੀ ਕੋਵੀਸ਼ੀਲਡ ਅਤੇ ਕੋਵਾਕਸੀਨ ਲਗਵਾਉਣਾ ਜ਼ਰੂਰੀ ਹੈ I,ਸਾ ਰੀ ਆ ਂ   ਨੂ ੰ   ਦੋ   ਪ੍ਰ ਮਾ ਣਿ ਤ   ਟੀ ਕੀ ਆ   ਯਾ ਨੀ   ਕੋ ਵੀ ਸ਼ੀ ਲ ਡ   ਅ ਤੇ   ਕੋ ਵਾ ਕ ਸੀ ਨ   ਲ ਗ ਵਾ ਉ ਣਾ   ਜ਼ ਰੂ ਰੀ   ਹੈ   I,38,13
"ਸੋ, ਤੁਹਾਡੇ ਕਹਿਣ ਦਾ ਮਤਲਬ ਹੈ ਕਿ ਮੈਨੂੰ ਪਹੀਲਾਂ ਟੀਕਾ ਲੱਗਵਾਂਉਣਾ ਪੇਏਗਾ ਅਤੇ ਫੇਰ ਮੈਂ ਸੋਚ ਸਕਦਾ ਹਾਂ ਕਿ ਮੈਂ ਲੋਕਡਾਉਨ ਵਿੱਚ ਕਿ ਕਰਨਾ ਹੈ I","ਸੋ ,   ਤੁ ਹਾ ਡੇ   ਕ ਹਿ ਣ   ਦਾ   ਮ ਤ ਲ ਬ   ਹੈ   ਕਿ   ਮੈ ਨੂ ੰ   ਪ ਹੀ ਲਾਂ   ਟੀ ਕਾ   ਲ ੱ ਗ ਵਾਂ ਉ ਣਾ   ਪੇ ਏ ਗਾ   ਅ ਤੇ   ਫੇ ਰ   ਮੈਂ   ਸੋ ਚ   ਸ ਕ ਦਾ   ਹਾਂ   ਕਿ   ਮੈਂ   ਲੋ ਕ ਡਾ ਉ ਨ   ਵਿ ੱ ਚ   ਕਿ   ਕ ਰ ਨਾ   ਹੈ   I",59,26
"ਇੱਕ ਨਹੀਂ, ਪਰ ਇੱਕ ਟੀਕੇ ਦੀ ਹੀ ਦੋ ਖੁਰਾਕਾਂ I","ਇ ੱ ਕ   ਨ ਹੀਂ ,   ਪ ਰ   ਇ ੱ ਕ   ਟੀ ਕੇ   ਦੀ   ਹੀ   ਦੋ   ਖੁ ਰਾ ਕਾਂ   I",20,10
ਤੁਹਾਨੂੰ ਮਾਲ ਵਿੱਚ ਪ੍ਰਵੇਸ਼ ਦੇਣ ਤੋਂ ਪਹਿਲਾ ਜਾਂ ਰੇਲਗਡੀਆਂ ਜਾਂ ਹਵਾਈ ਜਹਾਜ਼ ਵਿੱਚ ਸਫ਼ਰ ਕਰਨ ਦੇ ਦੋਰਾਨ ਆਪਣਾ ਟੀਕਾਕਰਨ ਪ੍ਰਮਾਣ-ਪੱਤਰ ਦਿਖਾਉਣਾ ਪਵੇਗਾ I,ਤੁ ਹਾ ਨੂ ੰ   ਮਾ ਲ   ਵਿ ੱ ਚ   ਪ੍ਰ ਵੇ ਸ਼   ਦੇ ਣ   ਤੋਂ   ਪ ਹਿ ਲਾ   ਜਾਂ   ਰੇ ਲ ਗ ਡੀ ਆ ਂ   ਜਾਂ   ਹ ਵਾ ਈ   ਜ ਹਾ ਜ਼   ਵਿ ੱ ਚ   ਸ ਫ਼ ਰ   ਕ ਰ ਨ   ਦੇ   ਦੋ ਰਾ ਨ   ਆ ਪ ਣਾ   ਟੀ ਕਾ ਕ ਰ ਨ   ਪ੍ਰ ਮਾ ਣ - ਪ ੱ ਤ ਰ   ਦਿ ਖਾ ਉ ਣਾ   ਪ ਵੇ ਗਾ   I,69,23
ਸੱਚੀ,ਸ ੱ ਚੀ,3,1
ਓਹ ਇਹ ਕੰਮ ਕਰਦੇ ਹਨ,ਓ ਹ   ਇ ਹ   ਕ ੰ ਮ   ਕ ਰ ਦੇ   ਹ ਨ,12,5
ਮੈਂ ਇਸ ਬਾਰੇ ਇੰਨਾ ਅਣਜਾਣ ਕਿਵੇਂ ਹੋ ਸਕਦਾ ਹਾਂ,ਮੈਂ   ਇ ਸ   ਬਾ ਰੇ   ਇ ੰ ਨਾ   ਅ ਣ ਜਾ ਣ   ਕਿ ਵੇਂ   ਹੋ   ਸ ਕ ਦਾ   ਹਾਂ,19,9
ਉਪਰੋਂ ਮੈਂ ਆਪਣੇ ਟਬਰ ਨਾਲ ਇਸ ਗਰਮੀਆਂ ਵਿੱਚ ਛੁੱਟੀ ਮਨਾਣ ਦੀ ਯੋਗਣਾ ਬਣਾ ਰਿਹਾ ਸੀ I,ਉ ਪ ਰੋਂ   ਮੈਂ   ਆ ਪ ਣੇ   ਟ ਬ ਰ   ਨਾ ਲ   ਇ ਸ   ਗ ਰ ਮੀ ਆ ਂ   ਵਿ ੱ ਚ   ਛੁ ੱ ਟੀ   ਮ ਨਾ ਣ   ਦੀ   ਯੋ ਗ ਣਾ   ਬ ਣਾ   ਰਿ ਹਾ   ਸੀ   I,38,16
"ਉਸ ਦੇ ਲਈ, ਤੁਹਾਨੂੰ ਸਾਰਿਆ ਨੂੰ ਘਟੋ-ਘੱਟ ਕੋਵਿਡ-19 ਦੀ ਪਹਿਲੀ ਖ਼ੁਰਾਕ ਲਗੀ ਹੋਣੀ ਚਾਹੀਦੀ ਹੈ I","ਉ ਸ   ਦੇ   ਲ ਈ ,   ਤੁ ਹਾ ਨੂ ੰ   ਸਾ ਰਿ ਆ   ਨੂ ੰ   ਘ ਟੋ - ਘ ੱ ਟ   ਕੋ ਵਿ ਡ - 1 9   ਦੀ   ਪ ਹਿ ਲੀ   ਖ਼ ੁ ਰਾ ਕ   ਲ ਗੀ   ਹੋ ਣੀ   ਚਾ ਹੀ ਦੀ   ਹੈ   I",44,16
ਉਹ ਪ੍ਰਵੇਸ਼ ਦੁਆਰ ਤੇ ਤੁਹਾਡੇ ਟੀਕਾਕਰਨ ਸਰਟੀਫਿਕੇਟਾਂ ਬਾਰੇ ਪੁੱਛਣਗੇ Iਕਿਰਪਾ ਕਰਕੇ ਇਸ ਤੋਂ ਸੰਬੰਧਿਤ ਖ਼ਬਰਾਂ ਬਾਰੇ ਸਾਵਧਾਨ ਰਹੋ,ਉ ਹ   ਪ੍ਰ ਵੇ ਸ ਼   ਦੁ ਆ ਰ   ਤੇ   ਤੁ ਹਾ ਡੇ   ਟੀ ਕਾ ਕ ਰ ਨ   ਸ ਰ ਟੀ ਫਿ ਕੇ ਟਾਂ   ਬਾ ਰੇ   ਪੁ ੱ ਛ ਣ ਗੇ   I ਕਿ ਰ ਪਾ   ਕ ਰ ਕੇ   ਇ ਸ   ਤੋਂ   ਸ ੰ ਬ ੰ ਧਿ ਤ   ਖ ਼ ਬ ਰਾਂ   ਬਾ ਰੇ   ਸਾ ਵ ਧਾ ਨ   ਰ ਹੋ,59,18
ਕ੍ਰਿਪਾ ਕਰਕੇ ਖ਼ਬਰਾਂ ਦੇ ਅੱਪਡੇਟ ਬਾਰੇ ਸਾਵਧਾਨ ਰਹੋ I,ਕ੍ਰਿ ਪਾ   ਕ ਰ ਕੇ   ਖ਼ ਬ ਰਾਂ   ਦੇ   ਅ ੱ ਪ ਡੇ ਟ   ਬਾ ਰੇ   ਸਾ ਵ ਧਾ ਨ   ਰ ਹੋ   I,23,9
"ਹਾਂ ਧੰਨਵਾਦ, ਇਹ ਸਾਰੇ ਸਮੇਂ ਮੈਂ ਕੁੱਛ ਹੋਰ ਹੀ ਸੋਚ ਰਿਹਾ ਸੀ I","ਹਾਂ   ਧ ੰ ਨ ਵਾ ਦ ,   ਇ ਹ   ਸਾ ਰੇ   ਸ ਮੇਂ   ਮੈਂ   ਕੁ ੱ ਛ   ਹੋ ਰ   ਹੀ   ਸੋ ਚ   ਰਿ ਹਾ   ਸੀ   I",26,13
ਮੈਂ ਟੀਕਾ ਜਲਦ ਤੋਂ ਜਲਦ ਲਗਵਾ ਲਉਗਾ I,ਮੈਂ   ਟੀ ਕਾ   ਜ ਲ ਦ   ਤੋਂ   ਜ ਲ ਦ   ਲ ਗ ਵਾ   ਲ ਉ ਗਾ   I,17,8
"ਹਾਂ, ਜ਼ਰੂਰ, ਸਾਨੂੰ ਇਹ ਨਹੀਂ ਭੂਲਣਾ ਚਾਹੀਦਾ ਕਿ ਇਹ ਮਹਾਮਾਰੀ ਅਜੇ ਖਤਮ ਨਹੀਂ ਹੋਈ ਹੈ I","ਹਾਂ ,   ਜ਼ ਰੂ ਰ ,   ਸਾ ਨੂ ੰ   ਇ ਹ   ਨ ਹੀਂ   ਭੂ ਲ ਣਾ   ਚਾ ਹੀ ਦਾ   ਕਿ   ਇ ਹ   ਮ ਹਾ ਮਾ ਰੀ   ਅ ਜੇ   ਖ ਤ ਮ   ਨ ਹੀਂ   ਹੋ ਈ   ਹੈ   I",37,16
ਮੈਨੂੰ ਉਮੀਦ ਹੈ ਕਿ ਤੁਸੀਂ ਆਪਣੇ ਆਪ ਨੂੰ ਕੋਵਿਨ ਦੀ ਵੇਬਸਾਇਟ ਤੇ ਅੰਦਰਾਜ ਕਿਤਾ ਹੋਈਆਂ ਹੈ I,ਮੈ ਨੂ ੰ   ਉ ਮੀ ਦ   ਹੈ   ਕਿ   ਤੁ ਸੀਂ   ਆ ਪ ਣੇ   ਆ ਪ   ਨੂ ੰ   ਕੋ ਵਿ ਨ   ਦੀ   ਵੇ ਬ ਸਾ ਇ ਟ   ਤੇ   ਅ ੰ ਦ ਰਾ ਜ   ਕਿ ਤਾ   ਹੋ ਈ ਆ ਂ   ਹੈ   I,40,17
"ਹਾਂ, ਮੇਰਾ ਨਾਂ ਅੰਦਰਾਜ ਹਾਂ","ਹਾਂ ,   ਮੇ ਰਾ   ਨਾਂ   ਅ ੰ ਦ ਰਾ ਜ   ਹਾਂ",11,5
"ਫੇਰ, ਕ੍ਰਿਪਾ ਕਰਕੇ ਟੀਕਾ ਲਗਵਾਣ ਲਈ ਇੱਕ ਤਾਰੀਖ਼ ਦੇਖ ਕੇ ਉਸ ਨੂੰ ਪੱਕਾ ਕਰ ਲੋ I","ਫੇ ਰ ,   ਕ੍ਰਿ ਪਾ   ਕ ਰ ਕੇ   ਟੀ ਕਾ   ਲ ਗ ਵਾ ਣ   ਲ ਈ   ਇ ੱ ਕ   ਤਾ ਰੀ ਖ਼   ਦੇ ਖ   ਕੇ   ਉ ਸ   ਨੂ ੰ   ਪ ੱ ਕਾ   ਕ ਰ   ਲੋ   I",36,16
ਤੁਹਾਨੂੰ ਟੀਕਾ ਲਗਵਾ ਲੈਣਾ ਚਾਹੀਦਾ ਹੈ I,ਤੁ ਹਾ ਨੂ ੰ   ਟੀ ਕਾ   ਲ ਗ ਵਾ   ਲੈ ਣਾ   ਚਾ ਹੀ ਦਾ   ਹੈ   I,16,7
ਮੈਂ ਇਸ ਨੂੰ ਅੱਜ ਹੀ ਕਰੂੰਗਾ I,ਮੈਂ   ਇ ਸ   ਨੂ ੰ   ਅ ੱ ਜ   ਹੀ   ਕ ਰੂ ੰ ਗਾ   I,14,7
ਮੇਰੇ ਭਰਮ ਦੂਰ ਕਰਨ ਲਈ ਧੰਨਵਾਦ,ਮੇ ਰੇ   ਭ ਰ ਮ   ਦੂ ਰ   ਕ ਰ ਨ   ਲ ਈ   ਧ ੰ ਨ ਵਾ ਦ,17,6
"ਸਤਿ ਸ੍ਰੀ ਅਕਾਲ, ਜਨਾਬ, ਮੈਂ ਸ਼ਿਕਾਇਤ ਕਿੱਥੇ ਰਜਿਸਟਰ ਸਕਦਾ ਹਾਂ","ਸ ਤਿ   ਸ੍ਰੀ   ਅ ਕਾ ਲ ,   ਜ ਨਾ ਬ ,   ਮੈਂ   ਸ਼ਿ ਕਾ ਇ ਤ   ਕਿ ੱ ਥੇ   ਰ ਜਿ ਸ ਟ ਰ   ਸ ਕ ਦਾ   ਹਾਂ",28,10
ਕਿਸ ਤਰ੍ਹਾਂ ਦੀ ਸ਼ਿਕਾਇਤ ਹੈ ਤੁਹਾਡੀ,ਕਿ ਸ   ਤ ਰ੍ਹਾਂ   ਦੀ   ਸ਼ਿ ਕਾ ਇ ਤ   ਹੈ   ਤੁ ਹਾ ਡੀ,13,6
"ਜਨਾਬ, ਸਾਡੇ ਪਿੰਡ ਨੂੰ ਪੀਣ ਵਾਲਾ ਸਾਫ਼ ਪਾਣੀ ਨਹੀਂ ਮਿਲ ਰਿਹਾ","ਜ ਨਾ ਬ ,   ਸਾ ਡੇ   ਪਿ ੰ ਡ   ਨੂ ੰ   ਪੀ ਣ   ਵਾ ਲਾ   ਸਾ ਫ਼   ਪਾ ਣੀ   ਨ ਹੀਂ   ਮਿ ਲ   ਰਿ ਹਾ",25,11
"ਸਰਕਾਰ ਨੇ ਸਾਨੂੰ ਸਾਫ਼ ਪਾਣੀ ਦੇਣ ਦਾ ਵਾਅਦਾ ਕੀਤਾ ਸੀ, ਪਰ ਸਾਨੂੰ ਆਪਣੇ ਪਿੰਡ ਵਿੱਚ ਇਹ ਨਹੀਂ ਮਿਲ ਰਿਹਾ","ਸ ਰ ਕਾ ਰ   ਨੇ   ਸਾ ਨੂ ੰ   ਸਾ ਫ਼   ਪਾ ਣੀ   ਦੇ ਣ   ਦਾ   ਵਾ ਅ ਦਾ   ਕੀ ਤਾ   ਸੀ ,   ਪ ਰ   ਸਾ ਨੂ ੰ   ਆ ਪ ਣੇ   ਪਿ ੰ ਡ   ਵਿ ੱ ਚ   ਇ ਹ   ਨ ਹੀਂ   ਮਿ ਲ   ਰਿ ਹਾ",44,19
ਤੁਹਾਡੇ ਪਿੰਡ ਵਿੱਚ ਅਜੇ ਤੱਕ ਕੋਈ ਜਾਂਚ ਨਹੀਂ ਹੋਈ,ਤੁ ਹਾ ਡੇ   ਪਿ ੰ ਡ   ਵਿ ੱ ਚ   ਅ ਜੇ   ਤ ੱ ਕ   ਕੋ ਈ   ਜਾਂ ਚ   ਨ ਹੀਂ   ਹੋ ਈ,22,9
"ਨਹੀਂ, ਜਨਾਬ, ਉਹ ਸਾਡੇ ਪਿੰਡ ਕਈ ਮਹੀਨਿਆਂ ਤੋਂ ਨਹੀਂ ਆਏ","ਨ ਹੀਂ ,   ਜ ਨਾ ਬ ,   ਉ ਹ   ਸਾ ਡੇ   ਪਿ ੰ ਡ   ਕ ਈ   ਮ ਹੀ ਨਿ ਆ ਂ   ਤੋਂ   ਨ ਹੀਂ   ਆ ਏ",26,10
ਕਿਸ ਪਿੰਡ ਤੋਂ ਹੋ ਤੁਸੀਂ,ਕਿ ਸ   ਪਿ ੰ ਡ   ਤੋਂ   ਹੋ   ਤੁ ਸੀਂ,9,5
"ਜਨਾਬ, ਮੈਂ ਮਹੁਵਾਰਿਆ ਪਿੰਡ ਤੋਂ ਹਾਂ","ਜ ਨਾ ਬ ,   ਮੈਂ   ਮ ਹੁ ਵਾ ਰਿ ਆ   ਪਿ ੰ ਡ   ਤੋਂ   ਹਾਂ",15,6
ਅਤੇ ਉੱਥੇ ਤੁਹਾਡੇ ਪਿੰਡ ਦਾ ਸਰਪੰਚ ਕੌਣ ਹੈ,ਅ ਤੇ   ਉ ੱ ਥੇ   ਤੁ ਹਾ ਡੇ   ਪਿ ੰ ਡ   ਦਾ   ਸ ਰ ਪ ੰ ਚ   ਕੌ ਣ   ਹੈ,20,8
"ਜਨਾਬ, ਮੈਂ ਉੱਥੇ ਦਾ ਸਰਪੰਚ ਹਾਂ","ਜ ਨਾ ਬ ,   ਮੈਂ   ਉ ੱ ਥੇ   ਦਾ   ਸ ਰ ਪ ੰ ਚ   ਹਾਂ",15,6
"ਅੱਛਾ, ਜਨਾਬ, ਕਿਰਪਾ ਕਰਕੇ ਮੈਨੂੰ ਆਪਣੀ ਸ਼ਿਕਾਇਤ ਬਾਰੇ ਵਿਸਥਾਰ 'ਚ ਦੱਸੋ","ਅ ੱ ਛਾ ,   ਜ ਨਾ ਬ ,   ਕਿ ਰ ਪਾ   ਕ ਰ ਕੇ   ਮੈ ਨੂ ੰ   ਆ ਪ ਣੀ   ਸ਼ਿ ਕਾ ਇ ਤ   ਬਾ ਰੇ   ਵਿ ਸ ਥਾ ਰ   ' ਚ   ਦ ੱ ਸੋ",35,11
ਮੈਂ ਉਸਨੂੰ ਅੱਗੇ ਜਲ ਸਪਲਾਈ ਵਿਭਾਗ ਦੇ ਮੁਖੀ ਨੂੰ ਭੇਜਾਂਗਾ,ਮੈਂ   ਉ ਸ ਨੂ ੰ   ਅ ੱ ਗੇ   ਜ ਲ   ਸ ਪ ਲਾ ਈ   ਵਿ ਭਾ ਗ   ਦੇ   ਮੁ ਖੀ   ਨੂ ੰ   ਭੇ ਜਾਂ ਗਾ,25,10
"ਜਨਾਬ, ਸਭ ਤੋਂ ਪਹਿਲਾਂ ਤਾਂ ਸਾਨੂੰ ਇਸ ਪਾਣੀ ਦੀ ਸਪਲਾਈ ਬਹੁਤ ਜਿਆਦਾਂ ਪਰੇਸ਼ਾਨੀ ਤੋਂ ਬਾਅਦ ਮਿਲੀ","ਜ ਨਾ ਬ ,   ਸ ਭ   ਤੋਂ   ਪ ਹਿ ਲਾਂ   ਤਾਂ   ਸਾ ਨੂ ੰ   ਇ ਸ   ਪਾ ਣੀ   ਦੀ   ਸ ਪ ਲਾ ਈ   ਬ ਹੁ ਤ   ਜਿ ਆ ਦਾਂ   ਪ ਰੇ ਸ਼ਾ ਨੀ   ਤੋਂ   ਬਾ ਅ ਦ   ਮਿ ਲੀ",39,16
ਇਸ ਲਈ ਸਾਨੂੰ ਇਸ ਦਫ਼ਤਰ ਵਿੱਚ ਨਿਯਮਿਤ ਤੌਰ 'ਤੇ ਆਉਣਾ ਪੈਂਦਾ ਸੀ,ਇ ਸ   ਲ ਈ   ਸਾ ਨੂ ੰ   ਇ ਸ   ਦ ਫ਼ ਤ ਰ   ਵਿ ੱ ਚ   ਨਿ ਯ ਮਿ ਤ   ਤੌ ਰ   ' ਤੇ   ਆ ਉ ਣਾ   ਪੈਂ ਦਾ   ਸੀ,30,12
ਸਾਨੂੰ ਇਸ ਦਫ਼ਤਰ ਦੇ ਸਾਹਮਣੇ ਆਪਣੇ ਨੈੱਟਵਰਕ ਵਿੱਚ ਸਹੀ ਪਾਣੀ ਦੀ ਸਪਲਾਈ ਦੀ ਮੰਗ ਕਰਦੇ ਹੋਏ ਇੱਕ ਵਿਰੋਧ ਪ੍ਰਦਰਸ਼ਨ ਵੀ ਕਰਨ ਪਿਆ,ਸਾ ਨੂ ੰ   ਇ ਸ   ਦ ਫ਼ ਤ ਰ   ਦੇ   ਸਾ ਹ ਮ ਣੇ   ਆ ਪ ਣੇ   ਨੈ ੱ ਟ ਵ ਰ ਕ   ਵਿ ੱ ਚ   ਸ ਹੀ   ਪਾ ਣੀ   ਦੀ   ਸ ਪ ਲਾ ਈ   ਦੀ   ਮ ੰ ਗ   ਕ ਰ ਦੇ   ਹੋ ਏ   ਇ ੱ ਕ   ਵਿ ਰੋ ਧ   ਪ੍ਰ ਦ ਰ ਸ਼ ਨ   ਵੀ   ਕ ਰ ਨ   ਪਿ ਆ,61,22
"ਬਹੁਤ ਪਰੇਸ਼ਾਨੀ ਤੋਂ ਬਾਅਦ, ਸਾਨੂੰ ਉਹ ਮੀਲ ਗਿਆ, ਪਰ ਹੁਣ ਪਾਈਪਾਂ ਤੋਂ ਆਉਣ ਵਾਲਾ ਪਾਣੀ ਬਹੁਤ ਗੰਦਾ ਹੈ","ਬ ਹੁ ਤ   ਪ ਰੇ ਸ਼ਾ ਨੀ   ਤੋਂ   ਬਾ ਅ ਦ ,   ਸਾ ਨੂ ੰ   ਉ ਹ   ਮੀ ਲ   ਗਿ ਆ ,   ਪ ਰ   ਹੁ ਣ   ਪਾ ਈ ਪਾਂ   ਤੋਂ   ਆ ਉ ਣ   ਵਾ ਲਾ   ਪਾ ਣੀ   ਬ ਹੁ ਤ   ਗ ੰ ਦਾ   ਹੈ",44,18
"ਇਹ ਕਿੰਨਾ ਗੰਦਾ ਹੈ, ਕੀ ਤੁਸੀਂ ਦਸ ਸਕਦੇ ਹੋ","ਇ ਹ   ਕਿ ੰ ਨਾ   ਗ ੰ ਦਾ   ਹੈ ,   ਕੀ   ਤੁ ਸੀਂ   ਦ ਸ   ਸ ਕ ਦੇ   ਹੋ",19,9
"ਕੀ ਇਹ ਚਿੱਕੜ ਵਾਲਾ ਹੈ, ਜਾਂ ਫਿਰ ਇਸ ਵਿੱਚ ਕਿਸੇ ਤਰ੍ਹਾਂ ਦੀਆਂ ਅਸ਼ੁੱਧਤਾ ਹੈ","ਕੀ   ਇ ਹ   ਚਿ ੱ ਕ ੜ   ਵਾ ਲਾ   ਹੈ ,   ਜਾਂ   ਫਿ ਰ   ਇ ਸ   ਵਿ ੱ ਚ   ਕਿ ਸੇ   ਤ ਰ੍ਹਾਂ   ਦੀ ਆ ਂ   ਅ ਸ਼ੁ ੱ ਧ ਤਾ   ਹੈ",32,14
"ਇਹ ਚਿੱਕੜ ਵਾਲਾ ਪਾਣੀ ਹੈ, ਜਨਾਬ","ਇ ਹ   ਚਿ ੱ ਕ ੜ   ਵਾ ਲਾ   ਪਾ ਣੀ   ਹੈ ,   ਜ ਨਾ ਬ",15,6
ਇਸ ਵਿੱਚ ਅਸ਼ੁੱਧੀਆਂ ਵੀ ਹਨ,ਇ ਸ   ਵਿ ੱ ਚ   ਅ ਸ਼ੁ ੱ ਧੀ ਆ ਂ   ਵੀ   ਹ ਨ,14,5
ਬਹੁਤ ਸਾਰੇ ਪਿੰਡ ਵਾਸੀਆਂ ਨੂੰ ਚਮੜੀ ਦੀ ਐਲਰਜੀ ਤੋਂ ਪੀੜਤ ਹੋਣਾ ਪਿਆ ਉਸ ਦੀ ਵਰਤੋਂ ਕਰਨ ਤੋਂ ਬਾਅਦ I,ਬ ਹੁ ਤ   ਸਾ ਰੇ   ਪਿ ੰ ਡ   ਵਾ ਸੀ ਆ ਂ   ਨੂ ੰ   ਚ ਮ ੜ ੀ   ਦੀ   ਐ ਲ ਰ ਜੀ   ਤੋਂ   ਪੀ ੜ ਤ   ਹੋ ਣਾ   ਪਿ ਆ   ਉ ਸ   ਦੀ   ਵ ਰ ਤੋਂ   ਕ ਰ ਨ   ਤੋਂ   ਬਾ ਅ ਦ   I,45,19
"ਓਹ, ਇਹ ਬਹੁਤ ਗੰਭੀਰ ਹੈ","ਓ ਹ ,   ਇ ਹ   ਬ ਹੁ ਤ   ਗ ੰ ਭੀ ਰ   ਹੈ",13,5
"ਹਾਂਜੀ, ਜਨਾਬ, ਇਹ ਬਹੁਤ ਗੰਭੀਰ ਹੈ","ਹਾਂ ਜੀ ,   ਜ ਨਾ ਬ ,   ਇ ਹ   ਬ ਹੁ ਤ   ਗ ੰ ਭੀ ਰ   ਹੈ",17,6
ਸਾਡੇ ਕੋਲ ਆਪਣੇ ਤਲਾਬਾਂ ਅਤੇ ਟਿਊਬ ਵੈਲਾਂ ਵਿੱਚ ਸਾਫ਼ ਪਾਣੀ ਨਹੀਂ ਹੈ,ਸਾ ਡੇ   ਕੋ ਲ   ਆ ਪ ਣੇ   ਤ ਲਾ ਬਾਂ   ਅ ਤੇ   ਟਿ ਊ ਬ   ਵੈ ਲਾਂ   ਵਿ ੱ ਚ   ਸਾ ਫ਼   ਪਾ ਣੀ   ਨ ਹੀਂ   ਹੈ,27,12
ਪਾਣੀ ਵਿੱਚ ਲੋਹੇ ਦੀ ਮਾਤਰਾ ਬਹੁਤ ਜ਼ਿਆਦਾ ਹੈ,ਪਾ ਣੀ   ਵਿ ੱ ਚ   ਲੋ ਹੇ   ਦੀ   ਮਾ ਤ ਰਾ   ਬ ਹੁ ਤ   ਜ਼ ਿ ਆ ਦਾ   ਹੈ,19,8
ਪਰ ਸਾਡੇ ਕੋਲ ਤਲਾਬਾਂ ਅਤੇ ਟਿਊਬ ਵੈਲਾਂ ਦੇ ਪਾਣੀ ਦੀ ਵਰਤੋਂ ਕਰਨ ਤੋਂ ਇਲਾਵਾ ਹੋਰ ਕੋਈ ਚਾਰਾ ਨਹੀਂ ਹੈ,ਪ ਰ   ਸਾ ਡੇ   ਕੋ ਲ   ਤ ਲਾ ਬਾਂ   ਅ ਤੇ   ਟਿ ਊ ਬ   ਵੈ ਲਾਂ   ਦੇ   ਪਾ ਣੀ   ਦੀ   ਵ ਰ ਤੋਂ   ਕ ਰ ਨ   ਤੋਂ   ਇ ਲਾ ਵਾ   ਹੋ ਰ   ਕੋ ਈ   ਚਾ ਰਾ   ਨ ਹੀਂ   ਹੈ,39,19
ਇਹ ਸਿਹਤ ਲਈ ਗੰਭੀਰ ਸਮੱਸਿਆ ਹੈ,ਇ ਹ   ਸਿ ਹ ਤ   ਲ ਈ   ਗ ੰ ਭੀ ਰ   ਸ ਮ ੱ ਸਿ ਆ   ਹੈ,17,6
ਕੀ ਸਪਲਾਈ ਕੀਤਾ ਗਿਆ ਪਾਣੀ ਪੀਣ ਤੋਂ ਬਾਅਦ ਕੋਈ ਬੀਮਾਰ ਹੋਇਆ ਹੈ,ਕੀ   ਸ ਪ ਲਾ ਈ   ਕੀ ਤਾ   ਗਿ ਆ   ਪਾ ਣੀ   ਪੀ ਣ   ਤੋਂ   ਬਾ ਅ ਦ   ਕੋ ਈ   ਬੀ ਮਾ ਰ   ਹੋ ਇ ਆ   ਹੈ,26,12
"ਨਹੀਂ, ਜਨਾਬ, ਅਜੇ ਤੱਕ ਨਹੀਂ; ਕਿਉਂ ਕਿ ਅਸੀਂ ਤੁਰੰਤ ਉਹ ਪਾਣੀ ਵਰਤਣਾ ਬੰਦ ਕਰ ਦਿੱਤਾ ਸੀ","ਨ ਹੀਂ ,   ਜ ਨਾ ਬ ,   ਅ ਜੇ   ਤ ੱ ਕ   ਨ ਹੀਂ ;   ਕਿ ਉ ਂ   ਕਿ   ਅ ਸੀਂ   ਤੁ ਰ ੰ ਤ   ਉ ਹ   ਪਾ ਣੀ   ਵ ਰ ਤ ਣਾ   ਬ ੰ ਦ   ਕ ਰ   ਦਿ ੱ ਤਾ   ਸੀ",42,16
"ਪਿੰਡ ਦੇ ਬਹੁਤੇ ਲੋਕਾਂ ਨੂੰ ਚਮੜੀ ਰੋਗ ਹੁੰਦਾ ਵੇਖ , ਅਸੀਂ ਉਸ ਦਾ ਇਸਤੇਮਾਲ ਕਰਨਾ ਬੰਦ ਕਰ ਦਿੱਤਾ","ਪਿ ੰ ਡ   ਦੇ   ਬ ਹੁ ਤੇ   ਲੋ ਕਾਂ   ਨੂ ੰ   ਚ ਮ ੜ ੀ   ਰੋ ਗ   ਹੁ ੰ ਦਾ   ਵੇ ਖ   ,   ਅ ਸੀਂ   ਉ ਸ   ਦਾ   ਇ ਸ ਤੇ ਮਾ ਲ   ਕ ਰ ਨਾ   ਬ ੰ ਦ   ਕ ਰ   ਦਿ ੱ ਤਾ",44,18
"ਨਹੀਂ ਤਾਂ, ਇਸ ਤੋਂ ਸਾਨੂੰ ਅਸਾਨੀ ਨਾਲ ਪੇਟ ਦਾ ਦਰਦ, ਦਸਤ ਵਰਗੀਆਂ ਬੀਮਾਰੀਆਂ ਹੋ ਸਕਦੀਆਂ ਸਨ","ਨ ਹੀਂ   ਤਾਂ ,   ਇ ਸ   ਤੋਂ   ਸਾ ਨੂ ੰ   ਅ ਸਾ ਨੀ   ਨਾ ਲ   ਪੇ ਟ   ਦਾ   ਦ ਰ ਦ ,   ਦ ਸ ਤ   ਵ ਰ ਗੀ ਆ ਂ   ਬੀ ਮਾ ਰੀ ਆ ਂ   ਹੋ   ਸ ਕ ਦੀ ਆ ਂ   ਸ ਨ",43,16
ਮੈਂ ਹੁਣੇ ਤੁਹਾਡੀ ਸ਼ਿਕਾਇਤ ਮੁਖੀ ਨੂੰ ਭੇਜਾਂਗਾ,ਮੈਂ   ਹੁ ਣੇ   ਤੁ ਹਾ ਡੀ   ਸ਼ਿ ਕਾ ਇ ਤ   ਮੁ ਖੀ   ਨੂ ੰ   ਭੇ ਜਾਂ ਗਾ,17,7
ਉਹ ਉਸ ਤੋਂ ਬਾਅਦ ਕਿਸੇ ਨੂੰ ਹਾਲਾਤ ਦੀ ਜਾਂਚ ਕਰਨ ਲਈ ਭੇਜੇਗਾ,ਉ ਹ   ਉ ਸ   ਤੋਂ   ਬਾ ਅ ਦ   ਕਿ ਸੇ   ਨੂ ੰ   ਹਾ ਲਾ ਤ   ਦੀ   ਜਾਂ ਚ   ਕ ਰ ਨ   ਲ ਈ   ਭੇ ਜੇ ਗਾ,26,12
ਤੁਸੀਂ ਹੁਣ ਘਰ ਜਾ ਸਕਦੇ ਹੋ,ਤੁ ਸੀਂ   ਹੁ ਣ   ਘ ਰ   ਜਾ   ਸ ਕ ਦੇ   ਹੋ,11,6
ਬਾਕੀ ਮੈਂ ਦੇਖਾਂਗਾ,ਬਾ ਕੀ   ਮੈਂ   ਦੇ ਖਾਂ ਗਾ,6,3
"ਹੇ, ਮੈਂ ਤੁਹਾਨੂੰ ਆਮ ਥਾਂ 'ਤੇ ਨਹੀਂ ਦੇਖਿਆ","ਹੇ ,   ਮੈਂ   ਤੁ ਹਾ ਨੂ ੰ   ਆ ਮ   ਥਾਂ   ' ਤੇ   ਨ ਹੀਂ   ਦੇ ਖਿ ਆ",17,8
ਤੁਸੀਂ ਕਿੱਥੇ ਸੀ ਅੱਜ,ਤੁ ਸੀਂ   ਕਿ ੱ ਥੇ   ਸੀ   ਅ ੱ ਜ,9,4
ਇੰਝ ਜਾਪਦਾ ਹੈ ਕਿ ਤੁਸੀਂ ਕਿਤੋਂ ਵਾਪਿਸ ਆਂ ਰਹੇ ਹੋ,ਇ ੰ ਝ   ਜਾ ਪ ਦਾ   ਹੈ   ਕਿ   ਤੁ ਸੀਂ   ਕਿ ਤੋਂ   ਵਾ ਪਿ ਸ   ਆ ਂ   ਰ ਹੇ   ਹੋ,20,10
ਤੁਸੀਂ ਕਿੱਥੇ ਗਏ ਸੀ,ਤੁ ਸੀਂ   ਕਿ ੱ ਥੇ   ਗ ਏ   ਸੀ,8,4
"ਲੰਮੀ ਕਹਾਣੀ ਹੈ, ਮੈਨੂੰ ਕੁੱਝ ਵਕਤ ਦਿਓ","ਲ ੰ ਮੀ   ਕ ਹਾ ਣੀ   ਹੈ ,   ਮੈ ਨੂ ੰ   ਕੁ ੱ ਝ   ਵ ਕ ਤ   ਦਿ ਓ",19,7
ਮੈਨੂੰ ਬਸ ਇਹਨਾਂ 'ਚ ਬਦਲਣ ਦੀ ਲੋੜ ਹੈ,ਮੈ ਨੂ ੰ   ਬ ਸ   ਇ ਹ ਨਾਂ   ' ਚ   ਬ ਦ ਲ ਣ   ਦੀ   ਲੋ ੜ   ਹੈ,18,8
"ਕੱਪੜਿਆਂ ਦੀ ਗੱਲ ਕਰੀਏ, ਤੁਹਾਡੇ ਕਿੰਨੇ ਫਟੇ ਅਤੇ ਗੰਦੀ ਦਿਖਾਈ ਦੇ ਰਹੇ ਹਨ","ਕ ੱ ਪ ੜ ਿ ਆ ਂ   ਦੀ   ਗ ੱ ਲ   ਕ ਰੀ ਏ ,   ਤੁ ਹਾ ਡੇ   ਕਿ ੰ ਨੇ   ਫ ਟੇ   ਅ ਤੇ   ਗ ੰ ਦੀ   ਦਿ ਖਾ ਈ   ਦੇ   ਰ ਹੇ   ਹ ਨ",36,13
ਇਸ ਲਈ ਮੈਂ ਇਸਨੂੰ ਪਿੰਡ ਵਿੱਚ ਆਉਣ ਤੋਂ ਪਹਿਲਾਂ ਬਦਲ ਰਿਹਾ ਹਾਂ,ਇ ਸ   ਲ ਈ   ਮੈਂ   ਇ ਸ ਨੂ ੰ   ਪਿ ੰ ਡ   ਵਿ ੱ ਚ   ਆ ਉ ਣ   ਤੋਂ   ਪ ਹਿ ਲਾਂ   ਬ ਦ ਲ   ਰਿ ਹਾ   ਹਾਂ,28,12
ਅਤੇ ਮੈਂ ਹੁਣ ਆਪਣੀ ਆਮ ਥਾਂ 'ਤੇ ਨਹੀਂ ਆਂ ਸਕਦਾ,ਅ ਤੇ   ਮੈਂ   ਹੁ ਣ   ਆ ਪ ਣੀ   ਆ ਮ   ਥਾਂ   ' ਤੇ   ਨ ਹੀਂ   ਆ ਂ   ਸ ਕ ਦਾ,20,10
ਹਰ ਹਫ਼ਤੇ ਸਿਗਰਟ ਲੈਣ ਦੀ ਸਮਰੱਥਾ ਨਹੀਂ ਹੈ,ਹ ਰ   ਹ ਫ਼ ਤੇ   ਸਿ ਗ ਰ ਟ   ਲੈ ਣ   ਦੀ   ਸ ਮ ਰ ੱ ਥਾ   ਨ ਹੀਂ   ਹੈ,20,8
ਮੈਂ ਸਿਗਰਟ ਛੱਡਣ ਦੀ ਕੋਸ਼ਿਸ਼ ਕਰ ਰਿਹਾ ਹਾਂ,ਮੈਂ   ਸਿ ਗ ਰ ਟ   ਛ ੱ ਡ ਣ   ਦੀ   ਕੋ ਸ਼ਿ ਸ਼   ਕ ਰ   ਰਿ ਹਾ   ਹਾਂ,18,8
"ਵਾਹ, ਅਚਾਨਕ ਹੀ","ਵਾ ਹ ,   ਅ ਚਾ ਨ ਕ   ਹੀ",8,3
ਅਤੇ ਤੁਹਾਡੇ ਪਹਿਲੇ ਸਵਾਲ ਦਾ ਜਵਾਬ ਦੇਣ ਲਈ,ਅ ਤੇ   ਤੁ ਹਾ ਡੇ   ਪ ਹਿ ਲੇ   ਸ ਵਾ ਲ   ਦਾ   ਜ ਵਾ ਬ   ਦੇ ਣ   ਲ ਈ,19,8
ਮੈਂ ਹੁਣ ਨੇੜਲੇ ਪਿੰਡ ਤੋਂ ਵਾਪਿਸ ਆਇਆ ਹਾਂ,ਮੈਂ   ਹੁ ਣ   ਨੇ ੜ ਲੇ   ਪਿ ੰ ਡ   ਤੋਂ   ਵਾ ਪਿ ਸ   ਆ ਇ ਆ   ਹਾਂ,17,8
ਹਾਲ ਹੀ ਵਿੱਚ ਪਏ ਮੀਂਹ ਨੇ ਵਰਤੋਂ ਯੋਗ ਸੜਕ ਨੂੰ ਧੋ ਦਿੱਤਾ ਇਸ ਲਈ ਮੈਨੂੰ ਤੁਰਨਾ ਪਿਆ,ਹਾ ਲ   ਹੀ   ਵਿ ੱ ਚ   ਪ ਏ   ਮੀਂ ਹ   ਨੇ   ਵ ਰ ਤੋਂ   ਯੋ ਗ   ਸ ੜ ਕ   ਨੂ ੰ   ਧੋ   ਦਿ ੱ ਤਾ   ਇ ਸ   ਲ ਈ   ਮੈ ਨੂ ੰ   ਤੁ ਰ ਨਾ   ਪਿ ਆ,37,17
ਹਲਾਂਕਿ ਤੁਸੀਂ ਉੱਥੇ ਕਿਉਂ ਜਾ ਰਹੇ ਹੋ,ਹ ਲਾਂ ਕਿ   ਤੁ ਸੀਂ   ਉ ੱ ਥੇ   ਕਿ ਉ ਂ   ਜਾ   ਰ ਹੇ   ਹੋ,15,7
ਤੁਸੀਂ ਹਮੇਸ਼ਾ ਮੈਨੂੰ ਪੁੱਛ ਸਕਦੇ ਸੀ ਕਿ ਕੀ ਤੁਹਾਨੂੰ ਕਿਸੇ ਚੀਜ਼ ਲਈ ਮਦਦ ਚਾਹੀਦੀ ਹੈ,ਤੁ ਸੀਂ   ਹ ਮੇ ਸ਼ਾ   ਮੈ ਨੂ ੰ   ਪੁ ੱ ਛ   ਸ ਕ ਦੇ   ਸੀ   ਕਿ   ਕੀ   ਤੁ ਹਾ ਨੂ ੰ   ਕਿ ਸੇ   ਚੀ ਜ਼   ਲ ਈ   ਮ ਦ ਦ   ਚਾ ਹੀ ਦੀ   ਹੈ,34,15
ਇਹ ਉਮੀਦ ਨਹੀਂ ਕਰ ਸਕਦਾ ਕਿ ਤੁਸੀਂ ਇੱਥੇ ਮੇਰੀ ਮਦਦ ਕਰੋਗੇ,ਇ ਹ   ਉ ਮੀ ਦ   ਨ ਹੀਂ   ਕ ਰ   ਸ ਕ ਦਾ   ਕਿ   ਤੁ ਸੀਂ   ਇ ੱ ਥੇ   ਮੇ ਰੀ   ਮ ਦ ਦ   ਕ ਰੋ ਗੇ,26,11
ਮੈਂ ਉੱਥੇ ਹਰ ਸਵੇਰ ਫੁੱਟਬਾਲ ਖੇਡਣ ਜਾਂਦਾ ਹਾਂ,ਮੈਂ   ਉ ੱ ਥੇ   ਹ ਰ   ਸ ਵੇ ਰ   ਫੁ ੱ ਟ ਬਾ ਲ   ਖੇ ਡ ਣ   ਜਾਂ ਦਾ   ਹਾਂ,20,8
ਪਿੰਡ ਦੇ ਦੂਜੇ ਪਾਸੇ ਇੱਕ ਖੇਡ ਦਾ ਮੈਦਾਨ ਹੈ ਜਿਸ ਵਿੱਚ ਗੋਲ ਪੋਸਟ ਅਤੇ ਜਾਲ ਵੀ ਲੱਗਿਆ ਹੈ,ਪਿ ੰ ਡ   ਦੇ   ਦੂ ਜੇ   ਪਾ ਸੇ   ਇ ੱ ਕ   ਖੇ ਡ   ਦਾ   ਮੈ ਦਾ ਨ   ਹੈ   ਜਿ ਸ   ਵਿ ੱ ਚ   ਗੋ ਲ   ਪੋ ਸ ਟ   ਅ ਤੇ   ਜਾ ਲ   ਵੀ   ਲ ੱ ਗਿ ਆ   ਹੈ,38,18
ਕਿਉਂਕਿ ਓਹ ਇਲਾਕਾ ਸਮਾਜਿਕ ਸੰਪਤੀ ਹੈ ਕੋਈ ਵੀ ਉੱਥੇ ਆ ਸਕਦਾ ਹੈ ਅਤੇ ਖੇਡ ਸਕਦਾ ਹੈ,ਕਿ ਉ ਂ ਕਿ   ਓ ਹ   ਇ ਲਾ ਕਾ   ਸ ਮਾ ਜਿ ਕ   ਸ ੰ ਪ ਤੀ   ਹੈ   ਕੋ ਈ   ਵੀ   ਉ ੱ ਥੇ   ਆ   ਸ ਕ ਦਾ   ਹੈ   ਅ ਤੇ   ਖੇ ਡ   ਸ ਕ ਦਾ   ਹੈ,37,16
"ਇਸ ਲਈ ਤੁਸੀਂ ਜਲਦੀ ਜਾਂਦੇ ਹੋ ਕਿ ਤੁਹਾਨੂੰ ਥਾਂ ਤੇ ਸਮਾਂ ਮਿਲੇ, ਹੈ ਨਾਂ","ਇ ਸ   ਲ ਈ   ਤੁ ਸੀਂ   ਜ ਲ ਦੀ   ਜਾਂ ਦੇ   ਹੋ   ਕਿ   ਤੁ ਹਾ ਨੂ ੰ   ਥਾਂ   ਤੇ   ਸ ਮਾਂ   ਮਿ ਲੇ ,   ਹੈ   ਨਾਂ",26,14
"ਬਿਲਕੁੱਲ, ਮੈਨੂੰ ਉੱਥੇ ਘੱਟੋ ਘੱਟ 7:30 ਵਜੇ ਪਹੁੰਚਣਾ ਪਵੇਗਾ","ਬਿ ਲ ਕੁ ੱ ਲ ,   ਮੈ ਨੂ ੰ   ਉ ੱ ਥੇ   ਘ ੱ ਟੋ   ਘ ੱ ਟ   7 : 3 0   ਵ ਜੇ   ਪ ਹੁ ੰ ਚ ਣਾ   ਪ ਵੇ ਗਾ",32,9
ਜਿਸਦਾ ਮਤਲਬ ਹੈ ਕਿ ਮੈਨੂੰ 5 ਵਜੇ ਘਰ ਤੋਂ ਨਿਕਲਣਾ ਪਵੇਗਾ,ਜਿ ਸ ਦਾ   ਮ ਤ ਲ ਬ   ਹੈ   ਕਿ   ਮੈ ਨੂ ੰ   5   ਵ ਜੇ   ਘ ਰ   ਤੋਂ   ਨਿ ਕ ਲ ਣਾ   ਪ ਵੇ ਗਾ,25,11
"ਇਹ ਬਹੁਤ ਵਿਅਸਤ ਹੈ ਪਰ ਅਸੀਂ ਕੀ ਕਰ ਸਕਦੇ ਹਾਂ, ਹਮ","ਇ ਹ   ਬ ਹੁ ਤ   ਵਿ ਅ ਸ ਤ   ਹੈ   ਪ ਰ   ਅ ਸੀਂ   ਕੀ   ਕ ਰ   ਸ ਕ ਦੇ   ਹਾਂ ,   ਹ ਮ",24,11
ਇਸ ਪਿੰਡ ਵਿੱਚ ਸੱਚੀ ਇੱਕ ਵੀ ਅਣਵਰਤੀ ਖੁੱਲੀ ਜਗ੍ਹਾ ਨਹੀਂ ਹੈ,ਇ ਸ   ਪਿ ੰ ਡ   ਵਿ ੱ ਚ   ਸ ੱ ਚੀ   ਇ ੱ ਕ   ਵੀ   ਅ ਣ ਵ ਰ ਤੀ   ਖੁ ੱ ਲੀ   ਜ ਗ੍ਹਾ   ਨ ਹੀਂ   ਹੈ,28,11
ਮੈਂ ਮੰਨਦਾ ਹਾਂ ਕਿ ਇਹ ਸੱਚ ਹੈ,ਮੈਂ   ਮ ੰ ਨ ਦਾ   ਹਾਂ   ਕਿ   ਇ ਹ   ਸ ੱ ਚ   ਹੈ,13,7
ਕੀ ਤੁਸੀਂ ਬਜ਼ੁਰਗਾਂ ਨੂੰ ਇਹ ਪੁੱਛਣ ਦੀ ਕੋਸ਼ਿਸ਼ ਕੀਤੀ ਸੀ ਕਿ ਕੀ ਉਹ ਜਗ੍ਹਾ ਸਾਫ਼ ਕਰ ਸਕਦੇ ਹਨ,ਕੀ   ਤੁ ਸੀਂ   ਬ ਜ਼ ੁ ਰ ਗਾਂ   ਨੂ ੰ   ਇ ਹ   ਪੁ ੱ ਛ ਣ   ਦੀ   ਕੋ ਸ਼ਿ ਸ਼   ਕੀ ਤੀ   ਸੀ   ਕਿ   ਕੀ   ਉ ਹ   ਜ ਗ੍ਹਾ   ਸਾ ਫ਼   ਕ ਰ   ਸ ਕ ਦੇ   ਹ ਨ,38,18
"ਨਹੀਂ, ਉਹ ਪਰੇਸ਼ਾਨ ਕਿਉਂ ਹੋਣਗੇ","ਨ ਹੀਂ ,   ਉ ਹ   ਪ ਰੇ ਸ਼ਾ ਨ   ਕਿ ਉ ਂ   ਹੋ ਣ ਗੇ",15,5
ਉਹ ਆਪਣੇ ਰਾਜਨੀਤਿਕ ਅਤੇ ਧਾਰਮਿਕ ਵਿਚਾਰਾਂ ਵਿੱਚ ਵੀ ਫ਼ਸ ਗਏ ਹਨ,ਉ ਹ   ਆ ਪ ਣੇ   ਰਾ ਜ ਨੀ ਤਿ ਕ   ਅ ਤੇ   ਧਾ ਰ ਮਿ ਕ   ਵਿ ਚਾ ਰਾਂ   ਵਿ ੱ ਚ   ਵੀ   ਫ਼ ਸ   ਗ ਏ   ਹ ਨ,29,11
ਇੱਥੋਂ ਤੱਕ ਕਿ ਮੇਰਾ ਪਰਿਵਾਰ ਵੀ ਚਾਹੁੰਦਾ ਹੈ ਕਿ ਮੈਂ ਸਕੂਲ ਜਾਣਾ ਬੰਦ ਕਰਾਂ ਅਤੇ ਪੈਸਾ ਕਮਾਉਣ ਲਈ ਕੰਮ ਕਰਨਾ ਸ਼ੁਰੂ ਕਰਾਂ,ਇ ੱ ਥੋਂ   ਤ ੱ ਕ   ਕਿ   ਮੇ ਰਾ   ਪ ਰਿ ਵਾ ਰ   ਵੀ   ਚਾ ਹੁ ੰ ਦਾ   ਹੈ   ਕਿ   ਮੈਂ   ਸ ਕੂ ਲ   ਜਾ ਣਾ   ਬ ੰ ਦ   ਕ ਰਾਂ   ਅ ਤੇ   ਪੈ ਸਾ   ਕ ਮਾ ਉ ਣ   ਲ ਈ   ਕ ੰ ਮ   ਕ ਰ ਨਾ   ਸ਼ੁ ਰੂ   ਕ ਰਾਂ,51,22
ਕੀ ਤੁਸੀ ਸੱਚਮੁਚ ਸੋਚਦੇ ਹੋ ਕਿ ਉਹ ਮੈਨੂੰ ਫੁੱਟਬਾਲ ਜਾਰੀ ਰੱਖਣ ਲਈ ਉਤਸ਼ਾਹਿਤ ਕਰਣਗੇ,ਕੀ   ਤੁ ਸੀ   ਸ ੱ ਚ ਮੁ ਚ   ਸੋ ਚ ਦੇ   ਹੋ   ਕਿ   ਉ ਹ   ਮੈ ਨੂ ੰ   ਫੁ ੱ ਟ ਬਾ ਲ   ਜਾ ਰੀ   ਰ ੱ ਖ ਣ   ਲ ਈ   ਉ ਤ ਸ਼ਾ ਹਿ ਤ   ਕ ਰ ਣ ਗੇ,40,14
"ਮੈਂ ਸਮਝ ਸਕਦਾ ਹਾਂ, ਇਹ ਬਹੁਤ ਮਾੜੀ ਗੱਲ ਹੈ","ਮੈਂ   ਸ ਮ ਝ   ਸ ਕ ਦਾ   ਹਾਂ ,   ਇ ਹ   ਬ ਹੁ ਤ   ਮਾ ੜ ੀ   ਗ ੱ ਲ   ਹੈ",21,9
ਸਾਡੇ ਕੋਲ ਅਸਲ ਵਿੱਚ ਇੱਥੇ ਸਹੀ ਢੰਗ ਨਾਲ ਖੇਡਣ ਕੋਈ ਵੀ ਸਰੋਤ ਨਹੀਂ ਹੈ,ਸਾ ਡੇ   ਕੋ ਲ   ਅ ਸ ਲ   ਵਿ ੱ ਚ   ਇ ੱ ਥੇ   ਸ ਹੀ   ਢ ੰ ਗ   ਨਾ ਲ   ਖੇ ਡ ਣ   ਕੋ ਈ   ਵੀ   ਸ ਰੋ ਤ   ਨ ਹੀਂ   ਹੈ,32,14
ਕੁੱਝ ਬੂਟ ਖਰੀਦਣ ਲਈ ਮੈਂ ਆਪਣਾ ਜੇਬ ਖਰਚ ਬਚਾਅ ਰਿਹਾ,ਕੁ ੱ ਝ   ਬੂ ਟ   ਖ ਰੀ ਦ ਣ   ਲ ਈ   ਮੈਂ   ਆ ਪ ਣਾ   ਜੇ ਬ   ਖ ਰ ਚ   ਬ ਚਾ ਅ   ਰਿ ਹਾ,25,10
ਫਿਰ ਮੈਂ ਕੋਸ਼ਿਸ਼ ਕਰਾਂਗਾ,ਫਿ ਰ   ਮੈਂ   ਕੋ ਸ਼ਿ ਸ਼   ਕ ਰਾਂ ਗਾ,9,4
ਦੇਖਦੇ ਹਾਂ ਕੀ ਹੁੰਦਾ ਹੈ,ਦੇ ਖ ਦੇ   ਹਾਂ   ਕੀ   ਹੁ ੰ ਦਾ   ਹੈ,9,5
ਕਿ ਤੁਸੀਂ ਇਸ ਸਾਲ ਦਾ ਰੈਸਲਮੇਨੀਆ ਵੇਖਿਆ,ਕਿ   ਤੁ ਸੀਂ   ਇ ਸ   ਸਾ ਲ   ਦਾ   ਰੈ ਸ ਲ ਮੇ ਨੀ ਆ   ਵੇ ਖਿ ਆ,17,7
"ਰੋਡ ਦੀ ਵਾਪਸੀ ਤੋਂ ਬਾਅਦ, ਕੁੱਛ ਅਲੱਗ ਹੀ ਮਹਿਸੂਸ ਹੋਇਆ, ਮਜ਼ੇਦਾਰ ਸੀ I","ਰੋ ਡ   ਦੀ   ਵਾ ਪ ਸੀ   ਤੋਂ   ਬਾ ਅ ਦ ,   ਕੁ ੱ ਛ   ਅ ਲ ੱ ਗ   ਹੀ   ਮ ਹਿ ਸੂ ਸ   ਹੋ ਇ ਆ ,   ਮ ਜ਼ ੇ ਦਾ ਰ   ਸੀ   I",34,13
ਆਮ ਤੋਰ ਤੇ ਮੈਂ ਕੁਸ਼ਤੀ ਜਿਆਦਾ ਨਹੀਂ ਵੇਖਦਾ ਪਰ ਮੈਂ ਇਸ ਸਾਲ ਦੇ ਰੈਸਲਮੇਨੀਆ ਨੂੰ ਦੇਖਣ ਲਈ ਉਤਾਵਲਾ ਸੀ,ਆ ਮ   ਤੋ ਰ   ਤੇ   ਮੈਂ   ਕੁ ਸ਼ ਤੀ   ਜਿ ਆ ਦਾ   ਨ ਹੀਂ   ਵੇ ਖ ਦਾ   ਪ ਰ   ਮੈਂ   ਇ ਸ   ਸਾ ਲ   ਦੇ   ਰੈ ਸ ਲ ਮੇ ਨੀ ਆ   ਨੂ ੰ   ਦੇ ਖ ਣ   ਲ ਈ   ਉ ਤਾ ਵ ਲਾ   ਸੀ,43,19
ਪਰ ਮੈਂ ਦੇਖ ਨਹੀਂ ਸਕਿਆ ਅਤੇ ਬਾਅਦ ਵਿੱਚ ਸਿਰਫ਼ ਹਾਈਲਾਈਟਸ ਵੇਖੀਆ,ਪ ਰ   ਮੈਂ   ਦੇ ਖ   ਨ ਹੀਂ   ਸ ਕਿ ਆ   ਅ ਤੇ   ਬਾ ਅ ਦ   ਵਿ ੱ ਚ   ਸਿ ਰ ਫ਼   ਹਾ ਈ ਲਾ ਈ ਟ ਸ   ਵੇ ਖੀ ਆ,30,11
ਮੈਨੂੰ ਪਤਾ ਨਹੀਂ ਸੀ ਕਿ ਓਹ ਕਿੱਥੇ ਚੱਲ ਰਿਹਾ ਸੀ,ਮੈ ਨੂ ੰ   ਪ ਤਾ   ਨ ਹੀਂ   ਸੀ   ਕਿ   ਓ ਹ   ਕਿ ੱ ਥੇ   ਚ ੱ ਲ   ਰਿ ਹਾ   ਸੀ,20,10
ਮੈਨੂੰ ਲਗੀਆਂ ਕਿ ਯੂਟਿਊਬ ਤੇ ਉਸ ਦਾ ਸਿੱਧਾ ਪ੍ਰਸਾਰਣ ਸੀ,ਮੈ ਨੂ ੰ   ਲ ਗੀ ਆ ਂ   ਕਿ   ਯੂ ਟਿ ਊ ਬ   ਤੇ   ਉ ਸ   ਦਾ   ਸਿ ੱ ਧਾ   ਪ੍ਰ ਸਾ ਰ ਣ   ਸੀ,24,10
ਪਰ ਮੈਂ ਸੋਨੀ ਟੈਨ 1 ਤੇ ਦੇਖਿਆ ਸੀ,ਪ ਰ   ਮੈਂ   ਸੋ ਨੀ   ਟੈ ਨ   1   ਤੇ   ਦੇ ਖਿ ਆ   ਸੀ,13,8
ਡਬਲਯੁ,ਡ ਬ ਲ ਯੁ,4,1
ਡਬਲਯੁ,ਡ ਬ ਲ ਯੁ,4,1
ਇ ਦੇ ਨੈੱਟਵਰਕ ਵੀ ਉਸ ਦਾ ਸਿੱਧਾ ਪ੍ਰਸਾਰਣ ਸੀ,ਇ   ਦੇ   ਨੈ ੱ ਟ ਵ ਰ ਕ   ਵੀ   ਉ ਸ   ਦਾ   ਸਿ ੱ ਧਾ   ਪ੍ਰ ਸਾ ਰ ਣ   ਸੀ,20,9
ਓਹ,ਓ ਹ,2,1
ਮੈਨੂੰ ਨਹੀਂ ਪਤਾ ਸੀ ਕਿ ਓਹ ਸੋਨੀ ਚੈੱਨਲ ਤੇ ਵੀ ਉਪਲੱਬਧ ਹੈ,ਮੈ ਨੂ ੰ   ਨ ਹੀਂ   ਪ ਤਾ   ਸੀ   ਕਿ   ਓ ਹ   ਸੋ ਨੀ   ਚੈ ੱ ਨ ਲ   ਤੇ   ਵੀ   ਉ ਪ ਲ ੱ ਬ ਧ   ਹੈ,26,12
ਇਹ ਅਸਲ ਵਿੱਚ 2 ਦਿਨਾਂ ਦੀ ਹਾਈਲਾਈਟ ਸੀ ਅਤੇ ਦਿਨ ਭਰ ਖੇਡੀ ਗਈ ਸੀ,ਇ ਹ   ਅ ਸ ਲ   ਵਿ ੱ ਚ   2   ਦਿ ਨਾਂ   ਦੀ   ਹਾ ਈ ਲਾ ਈ ਟ   ਸੀ   ਅ ਤੇ   ਦਿ ਨ   ਭ ਰ   ਖੇ ਡੀ   ਗ ਈ   ਸੀ,29,14
ਤੁਸੀਂ ਉਸ ਨੂੰ ਹਿੰਦੀ ਵਿੱਚ ਸੋਨੀ ਟੈਨ 3 ਤੇ ਵੀ ਦੇਖ ਸਕਦੇ ਹੋ I,ਤੁ ਸੀਂ   ਉ ਸ   ਨੂ ੰ   ਹਿ ੰ ਦੀ   ਵਿ ੱ ਚ   ਸੋ ਨੀ   ਟੈ ਨ   3   ਤੇ   ਵੀ   ਦੇ ਖ   ਸ ਕ ਦੇ   ਹੋ   I,26,14
ਫੇਰ ਮੈਂ ਉਸ ਨੂੰ ਛੱਡ ਦਿੱਤਾ,ਫੇ ਰ   ਮੈਂ   ਉ ਸ   ਨੂ ੰ   ਛ ੱ ਡ   ਦਿ ੱ ਤਾ,13,6
ਮੈਂ ਕੋਸ਼ਿਸ਼ ਕਰੂੰਗਾ ਕਿ ਅਗਲਾ ਦੇਖ ਸਕਾ,ਮੈਂ   ਕੋ ਸ਼ਿ ਸ਼   ਕ ਰੂ ੰ ਗਾ   ਕਿ   ਅ ਗ ਲਾ   ਦੇ ਖ   ਸ ਕਾ,16,7
ਮੈਂ ਹਮੇਸ਼ਾ ਪੂਰਾ ਸਿੱਧਾ ਪ੍ਰਸਾਰਣ ਦੇਖਣ ਦੀ ਕੋਸ਼ਿਸ਼ ਕਰਦਾ ਹਾਂ ਪਰ ਜ਼ਿਆਦਾਤਰ ਚੈੱਨਲ ਇੱਥੇ ਉਸ ਨੂੰ ਕਵਰ ਨਹੀਂ ਕਰਦੇ I,ਮੈਂ   ਹ ਮੇ ਸ਼ਾ   ਪੂ ਰਾ   ਸਿ ੱ ਧਾ   ਪ੍ਰ ਸਾ ਰ ਣ   ਦੇ ਖ ਣ   ਦੀ   ਕੋ ਸ਼ਿ ਸ਼   ਕ ਰ ਦਾ   ਹਾਂ   ਪ ਰ   ਜ਼ ਿ ਆ ਦਾ ਤ ਰ   ਚੈ ੱ ਨ ਲ   ਇ ੱ ਥੇ   ਉ ਸ   ਨੂ ੰ   ਕ ਵ ਰ   ਨ ਹੀਂ   ਕ ਰ ਦੇ   I,52,20
"ਹਾਂ, ਪਰ ਤੁਹਾਨੂੰ ਅਗਲਾ ਸਿੱਧਾ ਪ੍ਰਸਾਰਣ ਵੇਖਣ ਲਈ ਰੇਸਲਮੇਨੀਆ ਦੀ ਉਡੀਕ ਕਰਨ ਦੀ ਲੋੜ ਨਹੀਂ ਹੈ","ਹਾਂ ,   ਪ ਰ   ਤੁ ਹਾ ਨੂ ੰ   ਅ ਗ ਲਾ   ਸਿ ੱ ਧਾ   ਪ੍ਰ ਸਾ ਰ ਣ   ਵੇ ਖ ਣ   ਲ ਈ   ਰੇ ਸ ਲ ਮੇ ਨੀ ਆ   ਦੀ   ਉ ਡੀ ਕ   ਕ ਰ ਨ   ਦੀ   ਲੋ ੜ   ਨ ਹੀਂ   ਹੈ",42,16
"ਰੇਸਲਮੇਨੀਆ ਬੈਕਲੈਸ਼ 2022, ਯੁ","ਰੇ ਸ ਲ ਮੇ ਨੀ ਆ   ਬੈ ਕ ਲੈ ਸ਼   2 0 2 2 ,   ਯੁ",16,4
ਐਸ,ਐ ਸ,2,1
ਏ ਵਿੱਚ 8 ਮਈ ਨੂੰ 8 ਪਿ,ਏ   ਵਿ ੱ ਚ   8   ਮ ਈ   ਨੂ ੰ   8   ਪਿ,11,7
ਐਮ ਤੇ ਹੋਵੇਗਾ,ਐ ਮ   ਤੇ   ਹੋ ਵੇ ਗਾ,6,3
ਏਦਾ ਮਤਲਬ ਕਿ ਭਾਰਤ ਵਿੱਚ ਓਹ ਮਈ 9 ਨੂੰ 5:30 ਏ,ਏ ਦਾ   ਮ ਤ ਲ ਬ   ਕਿ   ਭਾ ਰ ਤ   ਵਿ ੱ ਚ   ਓ ਹ   ਮ ਈ   9   ਨੂ ੰ   5 : 3 0   ਏ,25,11
ਐਮ ਤੇ ਹੋਵੇਗਾ,ਐ ਮ   ਤੇ   ਹੋ ਵੇ ਗਾ,6,3
ਮੈਂ ਉਮੀਦ ਕਰਦਾ ਹਾਂ ਕਿ ਮੈਂ ਇਸ ਨੂੰ ਦੇਖ ਪਾਵਾਂਗਾ,ਮੈਂ   ਉ ਮੀ ਦ   ਕ ਰ ਦਾ   ਹਾਂ   ਕਿ   ਮੈਂ   ਇ ਸ   ਨੂ ੰ   ਦੇ ਖ   ਪਾ ਵਾਂ ਗਾ,19,10
"ਪਰ ਇਹ ਮੁਸ਼ਕਿਲ ਹੋ ਸਕਦਾ ਹੈ, ਮਈ 9 ਨੂੰ ਸੋਮਵਾਰ ਹੈ","ਪ ਰ   ਇ ਹ   ਮੁ ਸ਼ ਕਿ ਲ   ਹੋ   ਸ ਕ ਦਾ   ਹੈ ,   ਮ ਈ   9   ਨੂ ੰ   ਸੋ ਮ ਵਾ ਰ   ਹੈ",24,11
ਪਰ ਇਸ ਵਿੱਚ ਵੀ ਕਾਫ਼ੀ ਸਮੇ ਲੱਗ ਜਾਵੇਗਾ ਤਾਂ ਤੁਸੀਂ ਪ੍ਰੋਗਰਾਮ ਦਾ ਥੋੜਾ ਭਾਗ ਦੇਖ ਸਕਦੇ ਹੋ,ਪ ਰ   ਇ ਸ   ਵਿ ੱ ਚ   ਵੀ   ਕਾ ਫ਼ ੀ   ਸ ਮੇ   ਲ ੱ ਗ   ਜਾ ਵੇ ਗਾ   ਤਾਂ   ਤੁ ਸੀਂ   ਪ੍ਰੋ ਗ ਰਾ ਮ   ਦਾ   ਥੋ ੜ ਾ   ਭਾ ਗ   ਦੇ ਖ   ਸ ਕ ਦੇ   ਹੋ,38,17
ਬੈਕਲੈਸ਼ ਦੇ ਮੁੱਖ ਸਮਾਗਮ ਕਿਹੜੇ ਹਨ,ਬੈ ਕ ਲੈ ਸ਼   ਦੇ   ਮੁ ੱ ਖ   ਸ ਮਾ ਗ ਮ   ਕਿ ਹ ੜ ੇ   ਹ ਨ,18,6
ਇਸ ਸਮਾਗਮ ਵਿੱਚ ਏ,ਇ ਸ   ਸ ਮਾ ਗ ਮ   ਵਿ ੱ ਚ   ਏ,10,4
ਜੇ ਸਟਾਲਿਸ ਐਜ ਅਤੇ ਸੇਠ ਰੋਲਿਨਸ ਦੇ ਨਾਲ ਕੋਡੀ ਰੋਡਸ ਨਾਲ ਲੜ ਰਹੇ ਹਨ,ਜੇ   ਸ ਟਾ ਲਿ ਸ   ਐ ਜ   ਅ ਤੇ   ਸੇ ਠ   ਰੋ ਲਿ ਨ ਸ   ਦੇ   ਨਾ ਲ   ਕੋ ਡੀ   ਰੋ ਡ ਸ   ਨਾ ਲ   ਲ ੜ   ਰ ਹੇ   ਹ ਨ,31,14
"ਰੋਡ ਦੀ ਵਾਪਸੀ ਤੋਂ ਬਾਅਦ ਇਹ ਵਡੀ ਗੱਲ ਹੈ, ਫੈਨ ਜੋਸ਼ ਵਿੱਚ ਹਨ I","ਰੋ ਡ   ਦੀ   ਵਾ ਪ ਸੀ   ਤੋਂ   ਬਾ ਅ ਦ   ਇ ਹ   ਵ ਡੀ   ਗ ੱ ਲ   ਹੈ ,   ਫੈ ਨ   ਜੋ ਸ਼   ਵਿ ੱ ਚ   ਹ ਨ   I",29,14
ਕਿ ਕੋਈ ਦਿਲਚਸਪ ਟੈਗ ਮੈਚ ਹੋਣਗੇ,ਕਿ   ਕੋ ਈ   ਦਿ ਲ ਚ ਸ ਪ   ਟੈ ਗ   ਮੈ ਚ   ਹੋ ਣ ਗੇ,15,6
"ਦਰਅਸਲ ਹਾਂ, ਸਮਾਗਮ ਵਿੱਚ ਛੇ ਬੰਦਿਆਂ ਦੀ ਟੀਮ ਦਾ ਮੈਚ ਹੋਈਗਾ I","ਦ ਰ ਅ ਸ ਲ   ਹਾਂ ,   ਸ ਮਾ ਗ ਮ   ਵਿ ੱ ਚ   ਛੇ   ਬ ੰ ਦਿ ਆ ਂ   ਦੀ   ਟੀ ਮ   ਦਾ   ਮੈ ਚ   ਹੋ ਈ ਗਾ   I",30,12
ਰੋਮਨ ਰੀਨਜ਼ ਅਤੇ ਉਸੋਸ ਦਾ ਮੁਕਾਬਲਾ ਡਰਿਊ ਮੈਕਿੰਟਾਇਰ ਅਤੇ ਆਰਕੇ-ਬ੍ਰੋ ਦੇ ਨਾਲ ਹੋਏਗਾ I,ਰੋ ਮ ਨ   ਰੀ ਨ ਜ ਼   ਅ ਤੇ   ਉ ਸੋ ਸ   ਦਾ   ਮੁ ਕਾ ਬ ਲਾ   ਡ ਰਿ ਊ   ਮੈ ਕਿ ੰ ਟਾ ਇ ਰ   ਅ ਤੇ   ਆ ਰ ਕੇ - ਬ੍ਰੋ   ਦੇ   ਨਾ ਲ   ਹੋ ਏ ਗਾ   I,40,14
ਓਨ੍ਹਾਂ ਲੋਕਾਂ ਕੋਲ ਕਈ ਸਿਰਲੇਖ ਹਨ I,ਓ ਨ੍ਹਾਂ   ਲੋ ਕਾਂ   ਕੋ ਲ   ਕ ਈ   ਸਿ ਰ ਲੇ ਖ   ਹ ਨ   I,15,7
ਕੀ ਰੋਮਨ ਰੀਨਜ਼ ਡਬਲਯੂ,ਕੀ   ਰੋ ਮ ਨ   ਰੀ ਨ ਜ ਼   ਡ ਬ ਲ ਯੂ,12,4
ਡਬਲਯੂ,ਡ ਬ ਲ ਯੂ,4,1
ਈ ਯੂਨੀਵਰਸਲ ਦੇ ਚੈਂਪੀਅਨ ਨਹੀਂ ਹਨ,ਈ   ਯੂ ਨੀ ਵ ਰ ਸ ਲ   ਦੇ   ਚੈਂ ਪੀ ਅ ਨ   ਨ ਹੀਂ   ਹ ਨ,16,6
"ਹਾਂ, ਉਸੋਸ ਸਮੈਕਡਾਉਨ ਟੈਗ-ਟੀਮ ਦੇ ਜੇਤੂ ਹਨ ਅਤੇ ਆਰ","ਹਾਂ ,   ਉ ਸੋ ਸ   ਸ ਮੈ ਕ ਡਾ ਉ ਨ   ਟੈ ਗ - ਟੀ ਮ   ਦੇ   ਜੇ ਤੂ   ਹ ਨ   ਅ ਤੇ   ਆ ਰ",25,9
ਕੇ ਬਰੋ ਰਾ ਟੈਗ-ਟੀਮ ਦੇ ਜੇਤੂ ਹਨ I,ਕੇ   ਬ ਰੋ   ਰਾ   ਟੈ ਗ - ਟੀ ਮ   ਦੇ   ਜੇ ਤੂ   ਹ ਨ   I,15,8
"ਪਰੰਤੂ, ਇਹ ਟਾਇਟਲ ਮੁਕਾਬਲਾ ਨਹੀਂ ਹੈ, ਪਰ ਫੈਨ ਖੁਸ਼ ਹਨ I","ਪ ਰ ੰ ਤੂ ,   ਇ ਹ   ਟਾ ਇ ਟ ਲ   ਮੁ ਕਾ ਬ ਲਾ   ਨ ਹੀਂ   ਹੈ ,   ਪ ਰ   ਫੈ ਨ   ਖੁ ਸ ਼   ਹ ਨ   I",29,11
ਦੋਨੋਂ ਨੂੰ ਲੋਕ ਬਹੁਤ ਪਸੰਦ ਕਰਦੇ ਹਨ ਅਤੇ ਰੈਂਡੀ ਓਰਟੋਨ ਬਨਾਮ ਰਿਨਸ ਦਾ ਲੋਕ ਇੰਤਜ਼ਾਰ ਕਰ ਰਹੇ ਹੋਣਗੇ,ਦੋ ਨੋਂ   ਨੂ ੰ   ਲੋ ਕ   ਬ ਹੁ ਤ   ਪ ਸ ੰ ਦ   ਕ ਰ ਦੇ   ਹ ਨ   ਅ ਤੇ   ਰੈਂ ਡੀ   ਓ ਰ ਟੋ ਨ   ਬ ਨਾ ਮ   ਰਿ ਨ ਸ   ਦਾ   ਲੋ ਕ   ਇ ੰ ਤ ਜ਼ ਾ ਰ   ਕ ਰ   ਰ ਹੇ   ਹੋ ਣ ਗੇ,48,18
"ਹਾਂ, ਸੋ ਓਹਨੂੰ ਦੇਖਣ ਦੀ ਕੋਸ਼ਿਸ਼ ਕਰੀਓ, ਪਰ ਸਮੇਂ ਕਾਰਣ ਥੋੜਾ ਮੁਸ਼ਕਿਲ ਹੈ","ਹਾਂ ,   ਸੋ   ਓ ਹ ਨੂ ੰ   ਦੇ ਖ ਣ   ਦੀ   ਕੋ ਸ਼ਿ ਸ਼   ਕ ਰੀ ਓ ,   ਪ ਰ   ਸ ਮੇਂ   ਕਾ ਰ ਣ   ਥੋ ੜ ਾ   ਮੁ ਸ਼ ਕਿ ਲ   ਹੈ",33,13
ਹਾਂਜੀ ਡਿੰਪੀ,ਹਾਂ ਜੀ   ਡਿ ੰ ਪੀ,5,2
ਕੀ ਹਾਲ ਹੈ,ਕੀ   ਹਾ ਲ   ਹੈ,4,3
ਸਾਨੂੰ ਪਿਛਲੀ ਵਾਰ ਗੱਲ ਕੀਤੇ ਨੂੰ ਕੁੱਝ ਸਮਾਂ ਹੋ ਗਿਆ ਹੈ,ਸਾ ਨੂ ੰ   ਪਿ ਛ ਲੀ   ਵਾ ਰ   ਗ ੱ ਲ   ਕੀ ਤੇ   ਨੂ ੰ   ਕੁ ੱ ਝ   ਸ ਮਾਂ   ਹੋ   ਗਿ ਆ   ਹੈ,24,11
ਕੀ ਸਭ ਕੁੱਝ ਠੀਕ ਹੈ,ਕੀ   ਸ ਭ   ਕੁ ੱ ਝ   ਠੀ ਕ   ਹੈ,9,5
ਹਾਂਜੀ ਦੇਵਾਂਗਾ,ਹਾਂ ਜੀ   ਦੇ ਵਾਂ ਗਾ,5,2
ਮੈਂ ਠੀਕ ਹਾਂ,ਮੈਂ   ਠੀ ਕ   ਹਾਂ,4,3
"ਹਾਂ, ਕਾਫ਼ੀ ਸਮਾਂ ਹੋ ਗਿਆ ਹੈ","ਹਾਂ ,   ਕਾ ਫ਼ ੀ   ਸ ਮਾਂ   ਹੋ   ਗਿ ਆ   ਹੈ",11,6
ਇੱਥੇ ਸਭ ਕੁੱਝ ਠੀਕ ਹੈ ਮੇਰੇ ਚਾਚੇ ਦੇ ਮੁੰਡੇ ਨੂੰ ਛੱਡ ਕੇ,ਇ ੱ ਥੇ   ਸ ਭ   ਕੁ ੱ ਝ   ਠੀ ਕ   ਹੈ   ਮੇ ਰੇ   ਚਾ ਚੇ   ਦੇ   ਮੁ ੰ ਡੇ   ਨੂ ੰ   ਛ ੱ ਡ   ਕੇ,25,12
ਓਹ,ਓ ਹ,2,1
ਕੀ ਹੋ ਗਿਆ ਉਸਨੂੰ,ਕੀ   ਹੋ   ਗਿ ਆ   ਉ ਸ ਨੂ ੰ,8,4
ਮੈਂ ਕਿਸੇ ਤੋਂ ਕੁੱਝ ਨਹੀਂ ਸੁਣਿਆ,ਮੈਂ   ਕਿ ਸੇ   ਤੋਂ   ਕੁ ੱ ਝ   ਨ ਹੀਂ   ਸੁ ਣਿ ਆ,12,6
ਕੀ ਉਹ ਹੁਣ ਠੀਕ ਹੈ,ਕੀ   ਉ ਹ   ਹੁ ਣ   ਠੀ ਕ   ਹੈ,8,5
ਪੰਦਰਾਂ ਦਿਨ ਪਹਿਲਾਂ ਉਸਦਾ ਐਕਸੀਡੈਂਟ ਹੋ ਗਿਆ ਸੀ,ਪ ੰ ਦ ਰਾਂ   ਦਿ ਨ   ਪ ਹਿ ਲਾਂ   ਉ ਸ ਦਾ   ਐ ਕ ਸੀ ਡੈਂ ਟ   ਹੋ   ਗਿ ਆ   ਸੀ,21,8
ਹੁਣ ਰੱਬ ਦੀ ਕਿਰਪਾ ਨਾਲ ਹੌਲੀ ਹੌਲੀ ਠੀਕ ਹੋ ਰਿਹਾ ਹੈ,ਹੁ ਣ   ਰ ੱ ਬ   ਦੀ   ਕਿ ਰ ਪਾ   ਨਾ ਲ   ਹੌ ਲੀ   ਹੌ ਲੀ   ਠੀ ਕ   ਹੋ   ਰਿ ਹਾ   ਹੈ,21,11
ਰੱਬ ਦਾ ਸ਼ੁੱਕਰ ਹੈ ਕਿ ਸਿਹਤ ਬੀਮੇ ਨੇ ਸਾਰੇ ਖਰਚੇ ਪੂਰੇ ਕਰਤੇ,ਰ ੱ ਬ   ਦਾ   ਸ਼ੁ ੱ ਕ ਰ   ਹੈ   ਕਿ   ਸਿ ਹ ਤ   ਬੀ ਮੇ   ਨੇ   ਸਾ ਰੇ   ਖ ਰ ਚੇ   ਪੂ ਰੇ   ਕ ਰ ਤੇ,26,12
ਇਹ ਸੁਣਕੇ ਖੁਸ਼ੀ ਹੋਈ ਕਿ ਉਹ ਠੀਕ ਹੋ ਰਹੇ ਹਨ,ਇ ਹ   ਸੁ ਣ ਕੇ   ਖੁ ਸ਼ੀ   ਹੋ ਈ   ਕਿ   ਉ ਹ   ਠੀ ਕ   ਹੋ   ਰ ਹੇ   ਹ ਨ,19,10
ਕੀ ਸਹਿਤ ਬੀਮਾ ਸੀ,ਕੀ   ਸ ਹਿ ਤ   ਬੀ ਮਾ   ਸੀ,7,4
ਮੈਂ ਵੀ ਸਹਿਤ ਬੀਮਾ ਲੈਣ ਬਾਰੇ ਸੋਚ ਰਹੀ ਹਾਂ,ਮੈਂ   ਵੀ   ਸ ਹਿ ਤ   ਬੀ ਮਾ   ਲੈ ਣ   ਬਾ ਰੇ   ਸੋ ਚ   ਰ ਹੀ   ਹਾਂ,16,9
ਉਹਨਾਂ ਦਾ ਸਹਿਤ ਬੀਮਾ ਸਟਾਰ ਸਹਿਤ ਬੀਮਾ ਸੀ,ਉ ਹ ਨਾਂ   ਦਾ   ਸ ਹਿ ਤ   ਬੀ ਮਾ   ਸ ਟਾ ਰ   ਸ ਹਿ ਤ   ਬੀ ਮਾ   ਸੀ,18,8
ਉਹਨਾਂ ਨੇ ਪਰਿਵਾਰਕ ਬੀਮਾ ਲਿਆ ਹੋਇਆ ਸੀ,ਉ ਹ ਨਾਂ   ਨੇ   ਪ ਰਿ ਵਾ ਰ ਕ   ਬੀ ਮਾ   ਲਿ ਆ   ਹੋ ਇ ਆ   ਸੀ,17,7
ਇਹ 5 ਪਰਿਵਾਰਕ ਮੈਂਬਰਾਂ ਨੂੰ ਕਵਰ ਕਰਦਾ ਹੈ,ਇ ਹ   5   ਪ ਰਿ ਵਾ ਰ ਕ   ਮੈਂ ਬ ਰਾਂ   ਨੂ ੰ   ਕ ਵ ਰ   ਕ ਰ ਦਾ   ਹੈ,20,8
ਇਸਦੀ ਪ੍ਰੀਮੀਅਮ ਰਾਸ਼ੀ ਕਿ ਹੈ,ਇ ਸ ਦੀ   ਪ੍ਰੀ ਮੀ ਅ ਮ   ਰਾ ਸ਼ੀ   ਕਿ   ਹੈ,11,5
ਕੀ ਆਪਾਂ ਨੂੰ ਇਹ ਹਰ ਮਹੀਨੇ ਰਿੰਊ ਕਰਵਾਉਣਾ ਪੈਂਦਾ ਹੈ,ਕੀ   ਆ ਪਾਂ   ਨੂ ੰ   ਇ ਹ   ਹ ਰ   ਮ ਹੀ ਨੇ   ਰਿ ੰ ਊ   ਕ ਰ ਵਾ ਉ ਣਾ   ਪੈਂ ਦਾ   ਹੈ,23,10
ਆਪਾਂ ਇਹ ਕਿਵੇਂ ਲੈ ਸਕਦੇ ਹਾਂ,ਆ ਪਾਂ   ਇ ਹ   ਕਿ ਵੇਂ   ਲੈ   ਸ ਕ ਦੇ   ਹਾਂ,11,6
ਕੀ ਇਹ ਹਸਪਤਾਲ ਵਿੱਚ ਕੈਸ਼ ਲੈਸ ਸੁਵਿਧਾ ਵੀ ਦਿੰਦਾ ਹੈ,ਕੀ   ਇ ਹ   ਹ ਸ ਪ ਤਾ ਲ   ਵਿ ੱ ਚ   ਕੈ ਸ਼   ਲੈ ਸ   ਸੁ ਵਿ ਧਾ   ਵੀ   ਦਿ ੰ ਦਾ   ਹੈ,23,10
ਪ੍ਰੀਮੀਅਮ ਰਾਸ਼ੀ ਤੁਹਾਡੀ ਸਕੀਮ 'ਤੇ ਆਧਾਰਿਤ ਹੁੰਦੀ ਹੈ,ਪ੍ਰੀ ਮੀ ਅ ਮ   ਰਾ ਸ਼ੀ   ਤੁ ਹਾ ਡੀ   ਸ ਕੀ ਮ   ' ਤੇ   ਆ ਧਾ ਰਿ ਤ   ਹੁ ੰ ਦੀ   ਹੈ,22,8
ਤੁਸੀਂ ਬਹੁਤ ਸਾਰੀਆਂ ਯੋਜਨਾਵਾਂ ਵਿੱਚੋਂ ਚੁਣ ਸਕਦੇ ਹੋ,ਤੁ ਸੀਂ   ਬ ਹੁ ਤ   ਸਾ ਰੀ ਆ ਂ   ਯੋ ਜ ਨਾ ਵਾਂ   ਵਿ ੱ ਚੋਂ   ਚੁ ਣ   ਸ ਕ ਦੇ   ਹੋ,22,8
ਉਹਨਾਂ ਬਾਰੇ ਜਾਣਕਾਰੀ ਆਨਲਾਈਨ ਮਿਲਦੀ ਹੈ,ਉ ਹ ਨਾਂ   ਬਾ ਰੇ   ਜਾ ਣ ਕਾ ਰੀ   ਆ ਨ ਲਾ ਈ ਨ   ਮਿ ਲ ਦੀ   ਹੈ,18,6
"ਤੁਸੀਂ ਪ੍ਰੀਮੀਅਮ ਮਹਿਨਾਵਾਰੀ, ਤਿਮਾਹੀ, ਛਮਾਹੀ, ਜਾਂ ਸਲਾਨਾ ਦੇ ਸਕਦੇ ਹੋ","ਤੁ ਸੀਂ   ਪ੍ਰੀ ਮੀ ਅ ਮ   ਮ ਹਿ ਨਾ ਵਾ ਰੀ ,   ਤਿ ਮਾ ਹੀ ,   ਛ ਮਾ ਹੀ ,   ਜਾਂ   ਸ ਲਾ ਨਾ   ਦੇ   ਸ ਕ ਦੇ   ਹੋ",29,10
"ਹਾਂ, ਇਹ ਬੀਮਾ ਉਹਨਾਂ ਦੇ ਨੈਟਵਰਕ ਹਸਪਤਾਲਾਂ ਰਾਹੀਂ ਨਕਦ ਰਹਿਤ ਹਸਪਤਾਲ ਵਿੱਚ ਭਰਤੀ ਦੀ ਸਹੂਲਤ ਪ੍ਰਦਾਨ ਕਰਦਾ ਹੈ","ਹਾਂ ,   ਇ ਹ   ਬੀ ਮਾ   ਉ ਹ ਨਾਂ   ਦੇ   ਨੈ ਟ ਵ ਰ ਕ   ਹ ਸ ਪ ਤਾ ਲਾਂ   ਰਾ ਹੀਂ   ਨ ਕ ਦ   ਰ ਹਿ ਤ   ਹ ਸ ਪ ਤਾ ਲ   ਵਿ ੱ ਚ   ਭ ਰ ਤੀ   ਦੀ   ਸ ਹੂ ਲ ਤ   ਪ੍ਰ ਦਾ ਨ   ਕ ਰ ਦਾ   ਹੈ",51,18
ਉਹਨਾਂ ਕੋਲ ਪੂਰੇ ਭਾਰਤ ਵਿੱਚ ਆਪਣੇ ਨੈਟਵਰਕ ਦੇ ਅਧੀਨ 500 ਤੋਂ ਵੱਧ ਹਸਪਤਾਲ ਹਨ,ਉ ਹ ਨਾਂ   ਕੋ ਲ   ਪੂ ਰੇ   ਭਾ ਰ ਤ   ਵਿ ੱ ਚ   ਆ ਪ ਣੇ   ਨੈ ਟ ਵ ਰ ਕ   ਦੇ   ਅ ਧੀ ਨ   5 0 0   ਤੋਂ   ਵ ੱ ਧ   ਹ ਸ ਪ ਤਾ ਲ   ਹ ਨ,39,14
ਜੋ ਕਿ ਅਸਲ ਵਿੱਚ ਵਧੀਆ ਜਾਪਦਾ ਹੈ,ਜੋ   ਕਿ   ਅ ਸ ਲ   ਵਿ ੱ ਚ   ਵ ਧੀ ਆ   ਜਾ ਪ ਦਾ   ਹੈ,15,7
ਨਕਦ ਰਹਿਤ ਹਸਪਤਾਲ ਵਿੱਚ ਭਰਤੀ ਹੋਣ ਦੀ ਸਹੂਲਤ ਹਸਪਤਾਲ ਵਿੱਚ ਦਾਖਲੇ ਦੇ ਸਮੇਂ ਤਣਾਅ ਨੂੰ ਘੱਟ ਕਰਦੀ ਹੈ,ਨ ਕ ਦ   ਰ ਹਿ ਤ   ਹ ਸ ਪ ਤਾ ਲ   ਵਿ ੱ ਚ   ਭ ਰ ਤੀ   ਹੋ ਣ   ਦੀ   ਸ ਹੂ ਲ ਤ   ਹ ਸ ਪ ਤਾ ਲ   ਵਿ ੱ ਚ   ਦਾ ਖ ਲੇ   ਦੇ   ਸ ਮੇਂ   ਤ ਣਾ ਅ   ਨੂ ੰ   ਘ ੱ ਟ   ਕ ਰ ਦੀ   ਹੈ,50,18
ਸਾਡੇ ਕੋਲ ਹਰ ਸਮੇਂ ਨਕਦ ਨਹੀਂ ਹੁੰਦਾ,ਸਾ ਡੇ   ਕੋ ਲ   ਹ ਰ   ਸ ਮੇਂ   ਨ ਕ ਦ   ਨ ਹੀਂ   ਹੁ ੰ ਦਾ,16,7
"ਸਭ ਤੋਂ ਮਹੱਤਵਪੂਰਣ, ਅਸੀਂ ਨਹੀਂ ਜਾਣਦੇ ਕਿ ਮਾੜੀ ਕਿਸਮਤ ਕਦੋਂ ਅਤੇ ਕਿਵੇਂ ਸਾਡਾ ਦਰਵਾਜ਼ਾ ਖੜਕਾਉਂਦੀ ਹੈ","ਸ ਭ   ਤੋਂ   ਮ ਹ ੱ ਤ ਵ ਪੂ ਰ ਣ ,   ਅ ਸੀਂ   ਨ ਹੀਂ   ਜਾ ਣ ਦੇ   ਕਿ   ਮਾ ੜ ੀ   ਕਿ ਸ ਮ ਤ   ਕ ਦੋਂ   ਅ ਤੇ   ਕਿ ਵੇਂ   ਸਾ ਡਾ   ਦ ਰ ਵਾ ਜ਼ ਾ   ਖ ੜ ਕਾ ਉ ਂ ਦੀ   ਹੈ",47,16
ਕੀ ਆਪਾਂ ਨੂੰ ਨਾਮਕਰਣ ਵੇਲੇ ਕੋਈ ਮੈਡੀਕਲ ਸਰਟੀਫਿਕੇਟ ਵੀ ਦੇਣਾ ਪਵੇਗਾ,ਕੀ   ਆ ਪਾਂ   ਨੂ ੰ   ਨਾ ਮ ਕ ਰ ਣ   ਵੇ ਲੇ   ਕੋ ਈ   ਮੈ ਡੀ ਕ ਲ   ਸ ਰ ਟੀ ਫਿ ਕੇ ਟ   ਵੀ   ਦੇ ਣਾ   ਪ ਵੇ ਗਾ,30,11
ਜਿਸਦੀ ਉਮਰ 40 ਸਾਲ ਤੋਂ ਵੱਧ ਨਹੀਂ ਹੈ ਉਸਨੂੰ ਕੋਈ ਮੈਡੀਕਲ ਸਰਟੀਫਿਕੇਟ ਦੀ ਲੋੜ ਨਹੀਂ ਹੈ,ਜਿ ਸ ਦੀ   ਉ ਮ ਰ   4 0   ਸਾ ਲ   ਤੋਂ   ਵ ੱ ਧ   ਨ ਹੀਂ   ਹੈ   ਉ ਸ ਨੂ ੰ   ਕੋ ਈ   ਮੈ ਡੀ ਕ ਲ   ਸ ਰ ਟੀ ਫਿ ਕੇ ਟ   ਦੀ   ਲੋ ੜ   ਨ ਹੀਂ   ਹੈ,39,16
ਤੁਹਾਡੀ ਆਪਣੀ ਬਿਮਾਰੀ ਜੇਕਰ ਕੋਈ ਪਹਿਲਾਂ ਹੈ ਫ਼ਾਰਮ ਵਿੱਚ ਦੱਸਣੀ ਪਵੇਗੀ,ਤੁ ਹਾ ਡੀ   ਆ ਪ ਣੀ   ਬਿ ਮਾ ਰੀ   ਜੇ ਕ ਰ   ਕੋ ਈ   ਪ ਹਿ ਲਾਂ   ਹੈ   ਫ਼ ਾ ਰ ਮ   ਵਿ ੱ ਚ   ਦ ੱ ਸ ਣੀ   ਪ ਵੇ ਗੀ,32,11
ਨਾਮਕਰਣ ਪ੍ਰਕਿਰਿਆ ਸੌਖੀ ਹੈ,ਨਾ ਮ ਕ ਰ ਣ   ਪ੍ਰ ਕਿ ਰਿ ਆ   ਸੌ ਖੀ   ਹੈ,12,4
ਕੀ ਮੈਂ ਇਹ ਬੀਮਾ ਪਾਲਿਸੀ ਆਨ ਲਾਈਨ ਖਰੀਦ ਸਕਦਾ ਹਾਂ,ਕੀ   ਮੈਂ   ਇ ਹ   ਬੀ ਮਾ   ਪਾ ਲਿ ਸੀ   ਆ ਨ   ਲਾ ਈ ਨ   ਖ ਰੀ ਦ   ਸ ਕ ਦਾ   ਹਾਂ,21,10
ਕਦੋਂ ਤੱਕ ਮੈਨੂੰ ਪਾਲਸੀ ਦੀ ਕਾਪੀ ਹੱਥ ਵੀ ਮਿਲ ਜਾਵੇਗੀ,ਕ ਦੋਂ   ਤ ੱ ਕ   ਮੈ ਨੂ ੰ   ਪਾ ਲ ਸੀ   ਦੀ   ਕਾ ਪੀ   ਹ ੱ ਥ   ਵੀ   ਮਿ ਲ   ਜਾ ਵੇ ਗੀ,23,10
ਕੀ ਉਹ ਡਾਕ ਰਾਹੀਂ ਭੇਜਣਗੇ,ਕੀ   ਉ ਹ   ਡਾ ਕ   ਰਾ ਹੀਂ   ਭੇ ਜ ਣ ਗੇ,11,5
"ਹਾਂ, ਤੁਸੀਂ ਆਨਲਾਈਨ ਖਰੀਦ ਸਕਦੇ ਹੋ","ਹਾਂ ,   ਤੁ ਸੀਂ   ਆ ਨ ਲਾ ਈ ਨ   ਖ ਰੀ ਦ   ਸ ਕ ਦੇ   ਹੋ",16,6
"ਰਾਸ਼ੀ ਦੇ ਭੁਗਤਾਨ ਤੋਂ ਬਾਅਦ, ਉਹ ਤੁਹਾਨੂੰ ਪਾਲਿਸੀ ਦੀ ਸਾਫਟ ਕਾਪੀ ਮੇਲ ਕਰਣਗੇ","ਰਾ ਸ਼ੀ   ਦੇ   ਭੁ ਗ ਤਾ ਨ   ਤੋਂ   ਬਾ ਅ ਦ ,   ਉ ਹ   ਤੁ ਹਾ ਨੂ ੰ   ਪਾ ਲਿ ਸੀ   ਦੀ   ਸਾ ਫ ਟ   ਕਾ ਪੀ   ਮੇ ਲ   ਕ ਰ ਣ ਗੇ",33,13
ਉਸਦੀ ਇੱਕ ਹਾਰਡ ਕਾਪੀ ਤੁਹਾਡੇ ਕੋਲ ਡਾਕ ਰਾਹੀਂ ਆਵੇਗੀ,ਉ ਸ ਦੀ   ਇ ੱ ਕ   ਹਾ ਰ ਡ   ਕਾ ਪੀ   ਤੁ ਹਾ ਡੇ   ਕੋ ਲ   ਡਾ ਕ   ਰਾ ਹੀਂ   ਆ ਵੇ ਗੀ,23,9
ਹੋਰ ਜਾਣਕਾਰੀ ਲਈ ਕਿਰਪਾ ਕਰਕੇ ਵੈੱਬਸਾਈਟ ਦੇਖੋ,ਹੋ ਰ   ਜਾ ਣ ਕਾ ਰੀ   ਲ ਈ   ਕਿ ਰ ਪਾ   ਕ ਰ ਕੇ   ਵੈ ੱ ਬ ਸਾ ਈ ਟ   ਦੇ ਖੋ,22,7
ਮੈਂ ਲਿੰਕ ਭੇਜ ਰਿਹਾ ਹਾਂ,ਮੈਂ   ਲਿ ੰ ਕ   ਭੇ ਜ   ਰਿ ਹਾ   ਹਾਂ,9,5
"ਇਹ ਗੋਆ ਹੈ, ਬੇਬੀ","ਇ ਹ   ਗੋ ਆ   ਹੈ ,   ਬੇ ਬੀ",8,4
ਮੈਨੂੰ ਯਕੀਨ ਨਹੀਂ ਹੋ ਰਿਹਾ ਕਿ ਅਸੀਂ ਅਖੀਰਕਾਰ ਜਾ ਰਹੇ ਹਾਂ,ਮੈ ਨੂ ੰ   ਯ ਕੀ ਨ   ਨ ਹੀਂ   ਹੋ   ਰਿ ਹਾ   ਕਿ   ਅ ਸੀਂ   ਅ ਖੀ ਰ ਕਾ ਰ   ਜਾ   ਰ ਹੇ   ਹਾਂ,23,11
ਇਹ ਲਗਭਗ ਸੱਤਵੀਂ ਵਾਰ ਸੀ ਜਦੋਂ ਅਸੀਂ ਯੋਜਨਾ ਬਣਾਈ,ਇ ਹ   ਲ ਗ ਭ ਗ   ਸ ੱ ਤ ਵੀਂ   ਵਾ ਰ   ਸੀ   ਜ ਦੋਂ   ਅ ਸੀਂ   ਯੋ ਜ ਨਾ   ਬ ਣਾ ਈ,23,9
ਇਹ ਬਿਲਕੁੱਲ ਦਿਲ ਚਾਹੁੰਦਾ ਹੈ ਵਰਗਾ ਅਹਿਸਾਸ ਸੀ,ਇ ਹ   ਬਿ ਲ ਕੁ ੱ ਲ   ਦਿ ਲ   ਚਾ ਹੁ ੰ ਦਾ   ਹੈ   ਵ ਰ ਗਾ   ਅ ਹਿ ਸਾ ਸ   ਸੀ,22,8
ਅਤੇ ਇਹ ਅਖੀਰ ਹੋ ਰਿਹਾ ਹੈ,ਅ ਤੇ   ਇ ਹ   ਅ ਖੀ ਰ   ਹੋ   ਰਿ ਹਾ   ਹੈ,11,6
ਜੇ ਸਿਰਫ਼ ਇਹ ਕੰਵਰਟਬਲ ਕਾਰ ਅਤੇ ਲਾਲ ਹੁੰਦੀ,ਜੇ   ਸਿ ਰ ਫ਼   ਇ ਹ   ਕ ੰ ਵ ਰ ਟ ਬ ਲ   ਕਾ ਰ   ਅ ਤੇ   ਲਾ ਲ   ਹੁ ੰ ਦੀ,22,8
"ਮੈਨੂੰ ਪਤਾ ਹੈ, ਠੀਕ ਹੈ","ਮੈ ਨੂ ੰ   ਪ ਤਾ   ਹੈ ,   ਠੀ ਕ   ਹੈ",10,5
ਇਹ ਬਹੁਤ ਸ਼ਾਨਦਾਰ ਮਹਿਸੂਸ ਮਹਿਸੂਸ ਹੋ] ਰਿਹਾ ਹੈ,ਇ ਹ   ਬ ਹੁ ਤ   ਸ ਼ ਾ ਨ ਦਾ ਰ   ਮ ਹਿ ਸੂ ਸ   ਮ ਹਿ ਸੂ ਸ   ਹੋ ]   ਰਿ ਹਾ   ਹੈ,24,8
"ਤਾਂ, ਕੀ ਸਾਡੇ ਕੋਲ ਯਾਤਰਾ ਲਈ ਕੋਈ ਯੋਜਨਾ ਹੈ","ਤਾਂ ,   ਕੀ   ਸਾ ਡੇ   ਕੋ ਲ   ਯਾ ਤ ਰਾ   ਲ ਈ   ਕੋ ਈ   ਯੋ ਜ ਨਾ   ਹੈ",18,9
"ਮੈਨੂੰ ਆਂਕੋ ਨਾ, ਪਰ ਇਹ ਮੇਰਾ ਪਹਿਲਾ ਰੋਡ ਟ੍ਰਿਪ ਹੈ","ਮੈ ਨੂ ੰ   ਆ ਂ ਕੋ   ਨਾ ,   ਪ ਰ   ਇ ਹ   ਮੇ ਰਾ   ਪ ਹਿ ਲਾ   ਰੋ ਡ   ਟ੍ਰਿ ਪ   ਹੈ",22,10
ਆਪਾਂ ਸਭ ਤੋਂ ਵਧੀਆ ਪਲੇ-ਲਿਸਟ ਸੁਣਾਂਗੇ ਜੋ ਕਿ ਮੈਂ ਬੀਤੀ ਰਾਤ ਬਣਾਈ ਸੀ,ਆ ਪਾਂ   ਸ ਭ   ਤੋਂ   ਵ ਧੀ ਆ   ਪ ਲੇ - ਲਿ ਸ ਟ   ਸੁ ਣਾਂ ਗੇ   ਜੋ   ਕਿ   ਮੈਂ   ਬੀ ਤੀ   ਰਾ ਤ   ਬ ਣਾ ਈ   ਸੀ,28,13
ਵਾਰੀ-ਵਾਰੀ ਡ੍ਰਾਇਵਿੰਗ ਲਵਾਂਗੇ,ਵਾ ਰੀ - ਵਾ ਰੀ   ਡ੍ਰਾ ਇ ਵਿ ੰ ਗ   ਲ ਵਾਂ ਗੇ,13,3
ਅਤੇ ਸਭ ਤੋਂ ਉੱਤਮ ਥਾਵਾਂ 'ਤੇ ਫੋਟੋਗ੍ਰਾਫੀ ਲਈ ਰੁਕਾਂਗੇ,ਅ ਤੇ   ਸ ਭ   ਤੋਂ   ਉ ੱ ਤ ਮ   ਥਾ ਵਾਂ   ' ਤੇ   ਫੋ ਟੋ ਗ੍ਰਾ ਫੀ   ਲ ਈ   ਰੁ ਕਾਂ ਗੇ,22,9
ਕਿਉਂ ਕਿ ਰਸਤੇ ਵਿਚਲੇ ਦ੍ਰਿਸ਼ ਸ਼ਾਨਦਾਰ ਹਨ,ਕਿ ਉ ਂ   ਕਿ   ਰ ਸ ਤੇ   ਵਿ ਚ ਲੇ   ਦ੍ਰਿ ਸ਼   ਸ਼ਾ ਨ ਦਾ ਰ   ਹ ਨ,18,7
ਮੈਨੂੰ ਉਮੀਦ ਹੈ ਕਿ ਤੁਹਾਡੇ ਕੋਲ ਸਾਰੇ ਬਾਲੀਵੁਡ ਦੇ ਰੋਡ ਟ੍ਰਿਪ ਗਾਣੇ ਹੋਣਗੇ,ਮੈ ਨੂ ੰ   ਉ ਮੀ ਦ   ਹੈ   ਕਿ   ਤੁ ਹਾ ਡੇ   ਕੋ ਲ   ਸਾ ਰੇ   ਬਾ ਲੀ ਵੁ ਡ   ਦੇ   ਰੋ ਡ   ਟ੍ਰਿ ਪ   ਗਾ ਣੇ   ਹੋ ਣ ਗੇ,29,13
ਜੈੱਡ ਐਨ ਐਮ ਡੀ ਅਤੇ ਦਿਲ ਚਾਹਤਾ ਹੈ ਗੀਤਾਂ ਤੋਂ ਬਿਨਾਂ ਕੋਈ ਸੜਕੀ ਯਾਤਰਾ ਨਹੀਂ ਹੈ,ਜੈ ੱ ਡ   ਐ ਨ   ਐ ਮ   ਡੀ   ਅ ਤੇ   ਦਿ ਲ   ਚਾ ਹ ਤਾ   ਹੈ   ਗੀ ਤਾਂ   ਤੋਂ   ਬਿ ਨਾਂ   ਕੋ ਈ   ਸ ੜ ਕੀ   ਯਾ ਤ ਰਾ   ਨ ਹੀਂ   ਹੈ,32,16
ਬਿਲਕੁੱਲ,ਬਿ ਲ ਕੁ ੱ ਲ,5,1
ਮੈਨੂੰ ਲੱਗਦਾ ਹੈ ਕਿ ਬਾਲੀਵੁੱਡ ਸਾਨੂੰ ਵਿਗਾੜਦਾ ਹੈ,ਮੈ ਨੂ ੰ   ਲ ੱ ਗ ਦਾ   ਹੈ   ਕਿ   ਬਾ ਲੀ ਵੁ ੱ ਡ   ਸਾ ਨੂ ੰ   ਵਿ ਗਾ ੜ ਦਾ   ਹੈ,22,8
ਅਸੀਂ ਹਰ ਅਨੁਭਵ ਦੀ ਤੁਲਨਾ ਇਸ ਨਾਲ ਕਰਨ ਦੀ ਕੋਸ਼ਿਸ ਕਰਦੇ ਹਾਂ,ਅ ਸੀਂ   ਹ ਰ   ਅ ਨੁ ਭ ਵ   ਦੀ   ਤੁ ਲ ਨਾ   ਇ ਸ   ਨਾ ਲ   ਕ ਰ ਨ   ਦੀ   ਕੋ ਸ਼ਿ ਸ   ਕ ਰ ਦੇ   ਹਾਂ,27,12
ਪਰ ਇਸਨੇ ਕੁੱਝ ਮਾਪਦੰਡ ਵੀ ਬਣਾਏ ਹਨ ਜੋ ਚੰਗੇ ਹਨ,ਪ ਰ   ਇ ਸ ਨੇ   ਕੁ ੱ ਝ   ਮਾ ਪ ਦ ੰ ਡ   ਵੀ   ਬ ਣਾ ਏ   ਹ ਨ   ਜੋ   ਚ ੰ ਗੇ   ਹ ਨ,25,10
"ਇੱਥੇ , ਆਓ ਇਸਨੂੰ ਜੋੜੀਏ","ਇ ੱ ਥੇ   ,   ਆ ਓ   ਇ ਸ ਨੂ ੰ   ਜੋ ੜ ੀ ਏ",14,5
ਮੈਂ ਸਹਿਮਤ ਹਾਂ,ਮੈਂ   ਸ ਹਿ ਮ ਤ   ਹਾਂ,6,3
ਮੇਰੀ ਪੂਰੀ ਜ਼ਿੰਦਗੀ ਬਾਲੀਵੁੱਡ ਦੇ ਆਲੇ-ਦੁਆਲੇ ਘੁੰਮਦੀ ਹੈ,ਮੇ ਰੀ   ਪੂ ਰੀ   ਜ਼ ਿ ੰ ਦ ਗੀ   ਬਾ ਲੀ ਵੁ ੱ ਡ   ਦੇ   ਆ ਲੇ - ਦੁ ਆ ਲੇ   ਘੁ ੰ ਮ ਦੀ   ਹੈ,26,8
"ਫਿਰ, ਡਰਾਈਵ ਕਿੰਨੀ ਲੰਬੀ ਹੈ","ਫਿ ਰ ,   ਡ ਰਾ ਈ ਵ   ਕਿ ੰ ਨੀ   ਲ ੰ ਬੀ   ਹੈ",14,5
"ਕੀ ਫੋਟੋਆਂ ਖਿੱਚਣ ਤੋਂ ਅਲਾਵਾ, ਅਸੀਂ ਰਸਤੇ ਵਿੱਚ ਕੁੱਝ ਹੋਰ ਕਰ ਸਕਦੇ ਹਾਂ","ਕੀ   ਫੋ ਟੋ ਆ ਂ   ਖਿ ੱ ਚ ਣ   ਤੋਂ   ਅ ਲਾ ਵਾ ,   ਅ ਸੀਂ   ਰ ਸ ਤੇ   ਵਿ ੱ ਚ   ਕੁ ੱ ਝ   ਹੋ ਰ   ਕ ਰ   ਸ ਕ ਦੇ   ਹਾਂ",33,13
ਰੁਕੋ,ਰੁ ਕੋ,2,1
ਮੈਨੂੰ ਹੁਣੇ ਅਹਿਸਾਸ ਹੋਇਆ ਕਿ ਤੁਸੀਂ ਕਿਹਾ ਕਿ ਇਹ ਤੁਹਾਡੀ ਪਹਿਲੀ ਸੜਕ ਯਾਤਰਾ ਹੈ,ਮੈ ਨੂ ੰ   ਹੁ ਣੇ   ਅ ਹਿ ਸਾ ਸ   ਹੋ ਇ ਆ   ਕਿ   ਤੁ ਸੀਂ   ਕਿ ਹਾ   ਕਿ   ਇ ਹ   ਤੁ ਹਾ ਡੀ   ਪ ਹਿ ਲੀ   ਸ ੜ ਕ   ਯਾ ਤ ਰਾ   ਹੈ,33,14
ਸੱਚੀ,ਸ ੱ ਚੀ,3,1
ਜੇਕਰ ਅਜਿਹਾ ਹੈ ਤਾਂ ਸਾਨੂੰ ਇਸ ਨੂੰ ਯਾਦਗਾਰ ਬਣਾਉਣਾ ਪਵੇਗਾ,ਜੇ ਕ ਰ   ਅ ਜਿ ਹਾ   ਹੈ   ਤਾਂ   ਸਾ ਨੂ ੰ   ਇ ਸ   ਨੂ ੰ   ਯਾ ਦ ਗਾ ਰ   ਬ ਣਾ ਉ ਣਾ   ਪ ਵੇ ਗਾ,26,10
ਤੁਹਾਨੂੰ ਕਰਨਾ ਪਵੇਗਾ,ਤੁ ਹਾ ਨੂ ੰ   ਕ ਰ ਨਾ   ਪ ਵੇ ਗਾ,10,3
ਮੈਂ ਚਾਹੁੰਦਾ ਹਾਂ ਕਿ ਇਹ ਅਨੁਭਵ ਇੱਕ ਕਿਸਮ ਦਾ ਹੋਵੇ,ਮੈਂ   ਚਾ ਹੁ ੰ ਦਾ   ਹਾਂ   ਕਿ   ਇ ਹ   ਅ ਨੁ ਭ ਵ   ਇ ੱ ਕ   ਕਿ ਸ ਮ   ਦਾ   ਹੋ ਵੇ,22,10
ਮੈਨੂੰ ਨਹੀਂ ਪਤਾ ਕਿ ਮੈਨੂੰ ਇਹ ਫਿਰ ਕਦੋਂ ਕਰਨ ਨੂੰ ਮਿਲੇਗਾ,ਮੈ ਨੂ ੰ   ਨ ਹੀਂ   ਪ ਤਾ   ਕਿ   ਮੈ ਨੂ ੰ   ਇ ਹ   ਫਿ ਰ   ਕ ਦੋਂ   ਕ ਰ ਨ   ਨੂ ੰ   ਮਿ ਲੇ ਗਾ,25,11
ਮੈਂ ਰੇਲਾਂ ਅਤੇ ਜਹਾਜਾਂ ਦਾ ਬਹੁਤ ਆਦਿ ਹਾਂ,ਮੈਂ   ਰੇ ਲਾਂ   ਅ ਤੇ   ਜ ਹਾ ਜਾਂ   ਦਾ   ਬ ਹੁ ਤ   ਆ ਦਿ   ਹਾਂ,15,8
ਇਹ ਵਧੇਰੇ ਸੁਵਿਦਾਜਨਕ ਨਹੀਂ ਹਨ,ਇ ਹ   ਵ ਧੇ ਰੇ   ਸੁ ਵਿ ਦਾ ਜ ਨ ਕ   ਨ ਹੀਂ   ਹ ਨ,15,5
ਖਾਸ ਤੌਰ 'ਤੇ ਜਦੋਂ ਯਾਤਰਾ ਛੋਟੀ ਹੁੰਦੀ ਹੈ,ਖਾ ਸ   ਤੌ ਰ   ' ਤੇ   ਜ ਦੋਂ   ਯਾ ਤ ਰਾ   ਛੋ ਟੀ   ਹੁ ੰ ਦੀ   ਹੈ,17,8
ਮੈਨੂੰ ਸੜਕੀ ਯਾਤਰਾਵਾਂ ਵਧੇਰੇ ਸੁਵਿਧਾਜਨਕ ਲੱਗਦੀਆਂ ਹਨ,ਮੈ ਨੂ ੰ   ਸ ੜ ਕੀ   ਯਾ ਤ ਰਾ ਵਾਂ   ਵ ਧੇ ਰੇ   ਸੁ ਵਿ ਧਾ ਜ ਨ ਕ   ਲ ੱ ਗ ਦੀ ਆ ਂ   ਹ ਨ,27,7
ਅਤੇ ਉਹ ਅਸਲ ਵਿੱਚ ਤੁਹਾਨੂੰ ਛੁੱਟੀਆਂ ਵਿੱਚ ਤਬਦੀਲ ਕਰ ਦਿੰਦੇ ਹਨ,ਅ ਤੇ   ਉ ਹ   ਅ ਸ ਲ   ਵਿ ੱ ਚ   ਤੁ ਹਾ ਨੂ ੰ   ਛੁ ੱ ਟੀ ਆ ਂ   ਵਿ ੱ ਚ   ਤ ਬ ਦੀ ਲ   ਕ ਰ   ਦਿ ੰ ਦੇ   ਹ ਨ,33,11
ਤਾਂ ਜੋ ਤੁਸੀਂ ਵਧੇਰੇ ਆਰਾਮ ਮਹਿਸੂਸ ਕਰ ਸਕੋ,ਤਾਂ   ਜੋ   ਤੁ ਸੀਂ   ਵ ਧੇ ਰੇ   ਆ ਰਾ ਮ   ਮ ਹਿ ਸੂ ਸ   ਕ ਰ   ਸ ਕੋ,18,8
ਉਡਾਣਾਂ ਦੇ ਨਾਲ,ਉ ਡਾ ਣਾਂ   ਦੇ   ਨਾ ਲ,6,3
ਬੂਮ,ਬੂ ਮ,2,1
ਤੁਸੀਂ ਉੱਥੇ ਹੋ,ਤੁ ਸੀਂ   ਉ ੱ ਥੇ   ਹੋ,6,3
ਰੇਲ ਗੱਡੀਆਂ ਅਜੇ ਵੀ ਬਹਿਤਰ ਹਨ,ਰੇ ਲ   ਗ ੱ ਡੀ ਆ ਂ   ਅ ਜੇ   ਵੀ   ਬ ਹਿ ਤ ਰ   ਹ ਨ,16,6
"ਇਹ ਤਾਂ ਹੈ, ਪਰ ਸੜਕ ਯਾਤਰਾਵਾਂ 'ਤੇ, ਅੱਧੀ ਛੁੱਟੀ ਸੜਕ 'ਤੇ ਹੀ ਲੰਘ ਜਾਂਦੀ ਹੈ","ਇ ਹ   ਤਾਂ   ਹੈ ,   ਪ ਰ   ਸ ੜ ਕ   ਯਾ ਤ ਰਾ ਵਾਂ   ' ਤੇ ,   ਅ ੱ ਧੀ   ਛੁ ੱ ਟੀ   ਸ ੜ ਕ   ' ਤੇ   ਹੀ   ਲ ੰ ਘ   ਜਾਂ ਦੀ   ਹੈ",35,15
ਪਰ ਮੇਰਾ ਅੰਦਾਜ਼ਾ ਹੈ ਕਿ ਦੋਵਾਂ ਦੇ ਆਪਣੇ ਫਾਈਦੇ ਹਨ,ਪ ਰ   ਮੇ ਰਾ   ਅ ੰ ਦਾ ਜ਼ ਾ   ਹੈ   ਕਿ   ਦੋ ਵਾਂ   ਦੇ   ਆ ਪ ਣੇ   ਫਾ ਈ ਦੇ   ਹ ਨ,22,10
ਚਲੋ ਦੇਖੀਏ ਕਿ ਕੀ ਗੋਆ ਸੜਕ ਯਾਤਰਾਵਾਂ ਬਾਰੇ ਮੇਰੀ ਧਾਰਨਾਵਾਂ ਨੂੰ ਬਦਲਦੀ ਹੈ,ਚ ਲੋ   ਦੇ ਖੀ ਏ   ਕਿ   ਕੀ   ਗੋ ਆ   ਸ ੜ ਕ   ਯਾ ਤ ਰਾ ਵਾਂ   ਬਾ ਰੇ   ਮੇ ਰੀ   ਧਾ ਰ ਨਾ ਵਾਂ   ਨੂ ੰ   ਬ ਦ ਲ ਦੀ   ਹੈ,31,13
ਇਹ ਤੁਹਾਨੂੰ ਬਦਲ ਦੇਵੇਗਾ,ਇ ਹ   ਤੁ ਹਾ ਨੂ ੰ   ਬ ਦ ਲ   ਦੇ ਵੇ ਗਾ,12,4
"ਪਰ ਪਹਿਲਾਂ, ਸਾਨੂੰ ਇੱਕ ਥਾਂ ਰੁਕਣ ਦੀ ਲੋੜ ਹੈ","ਪ ਰ   ਪ ਹਿ ਲਾਂ ,   ਸਾ ਨੂ ੰ   ਇ ੱ ਕ   ਥਾਂ   ਰੁ ਕ ਣ   ਦੀ   ਲੋ ੜ   ਹੈ",20,9
ਇਹ ਮਜ਼ੇਦਾਰ ਹੋਣ ਜਾ ਰਿਹਾ ਹੈ,ਇ ਹ   ਮ ਜ਼ ੇ ਦਾ ਰ   ਹੋ ਣ   ਜਾ   ਰਿ ਹਾ   ਹੈ,13,6
ਜਦੋਂ ਤੱਕ ਇਸ ਵਿੱਚ ਪਟਰੋਲ ਭਰਵਾਉਂਦੇ ਹੋ ਮੈਨੂੰ ਬਾਹਰ ਕੁੱਝ ਤਸਵੀਰਾਂ ਖਿੱਚਣ ਦਿਓ,ਜ ਦੋਂ   ਤ ੱ ਕ   ਇ ਸ   ਵਿ ੱ ਚ   ਪ ਟ ਰੋ ਲ   ਭ ਰ ਵਾ ਉ ਂ ਦੇ   ਹੋ   ਮੈ ਨੂ ੰ   ਬਾ ਹ ਰ   ਕੁ ੱ ਝ   ਤ ਸ ਵੀ ਰਾਂ   ਖਿ ੱ ਚ ਣ   ਦਿ ਓ,40,13
"ਹੇ, ਮੈਂ ਸੁਣਿਆ ਹੈ ਕਿ ਤੇਰਾ ਭਰਾ ਏ ਪੀ ਢਿਲਣ ਦੇ ਸੰਗੀਤ ਸਮਾਰੋਹ ਦੇ ਪ੍ਰਬੰਧਕਾਂ ਨੂੰ ਜਾਣਦਾ ਹੈ","ਹੇ ,   ਮੈਂ   ਸੁ ਣਿ ਆ   ਹੈ   ਕਿ   ਤੇ ਰਾ   ਭ ਰਾ   ਏ   ਪੀ   ਢਿ ਲ ਣ   ਦੇ   ਸ ੰ ਗੀ ਤ   ਸ ਮਾ ਰੋ ਹ   ਦੇ   ਪ੍ਰ ਬ ੰ ਧ ਕਾਂ   ਨੂ ੰ   ਜਾ ਣ ਦਾ   ਹੈ",38,18
"ਮੈਂ ਲੰਬੇ ਸਮੇਂ ਲਈ ਕੁੱਝ ਪਾਸ ਪ੍ਰਾਪਤ ਕਰਨ ਦੀ ਕੋਸ਼ਿਸ਼ ਕਰ ਰਿਹਾ ਹਾਂ, ਜੋ ਮੈਂਨੂੰ ਅਜੇ ਤੱਕ ਯੋਗ ਨਹੀਂ ਹਾਂ","ਮੈਂ   ਲ ੰ ਬੇ   ਸ ਮੇਂ   ਲ ਈ   ਕੁ ੱ ਝ   ਪਾ ਸ   ਪ੍ਰਾ ਪ ਤ   ਕ ਰ ਨ   ਦੀ   ਕੋ ਸ਼ਿ ਸ਼   ਕ ਰ   ਰਿ ਹਾ   ਹਾਂ ,   ਜੋ   ਮੈਂ ਨੂ ੰ   ਅ ਜੇ   ਤ ੱ ਕ   ਯੋ ਗ   ਨ ਹੀਂ   ਹਾਂ",43,20
ਕੀ ਤੂੰ ਮੇਰੀ ਮਦਦ ਕਰ ਸਕਦਾ ਹੈ,ਕੀ   ਤੂ ੰ   ਮੇ ਰੀ   ਮ ਦ ਦ   ਕ ਰ   ਸ ਕ ਦਾ   ਹੈ,14,7
"ਹਾਂ, ਉਹ ਪ੍ਰਬੰਧਕਾਂ ਦੀ ਟੀਮ ਵਿੱਚ ਵੀ ਹੈ","ਹਾਂ ,   ਉ ਹ   ਪ੍ਰ ਬ ੰ ਧ ਕਾਂ   ਦੀ   ਟੀ ਮ   ਵਿ ੱ ਚ   ਵੀ   ਹੈ",17,8
ਮੈਂ ਉਸਨੂੰ ਪੁੱਛਾਂਗਾ ਕਿ ਕੋਈ ਵਾਧੂ ਟਿਕਟਾਂ ਉਪਲੱਬਧ ਹਨ ਜਾਂ ਨਹੀਂ,ਮੈਂ   ਉ ਸ ਨੂ ੰ   ਪੁ ੱ ਛਾਂ ਗਾ   ਕਿ   ਕੋ ਈ   ਵਾ ਧੂ   ਟਿ ਕ ਟਾਂ   ਉ ਪ ਲ ੱ ਬ ਧ   ਹ ਨ   ਜਾਂ   ਨ ਹੀਂ,28,11
ਤੈਨੂੰ ਕਿੰਨੀਆਂ ਟਿਕਟਾਂ ਚਾਹੀਦੀਆਂ ਹਨ,ਤੈ ਨੂ ੰ   ਕਿ ੰ ਨੀ ਆ ਂ   ਟਿ ਕ ਟਾਂ   ਚਾ ਹੀ ਦੀ ਆ ਂ   ਹ ਨ,18,5
ਮੈਨੂੰ ਮੇਰੇ ਅਤੇ ਮੇਰੇ ਦੋਸਤਾਂ ਲਈ ਪੰਜ ਟਿਕਟਾਂ ਚਾਹੀਦੀਆਂ ਹਨ,ਮੈ ਨੂ ੰ   ਮੇ ਰੇ   ਅ ਤੇ   ਮੇ ਰੇ   ਦੋ ਸ ਤਾਂ   ਲ ਈ   ਪ ੰ ਜ   ਟਿ ਕ ਟਾਂ   ਚਾ ਹੀ ਦੀ ਆ ਂ   ਹ ਨ,27,10
ਜਦੋਂ ਅਸੀਂ ਇਹ ਯੋਜਨਾ ਬਣਾਈ ਸੀ ਤਾਂ ਇੱਕ ਟਿਕਟ ਲਗਭਗ 10 ਹਜ਼ਾਰ ਦੀ ਸੀ,ਜ ਦੋਂ   ਅ ਸੀਂ   ਇ ਹ   ਯੋ ਜ ਨਾ   ਬ ਣਾ ਈ   ਸੀ   ਤਾਂ   ਇ ੱ ਕ   ਟਿ ਕ ਟ   ਲ ਗ ਭ ਗ   1 0   ਹ ਜ਼ ਾ ਰ   ਦੀ   ਸੀ,32,14
ਪਰ ਹੁਣ ਮੈਂ ਸੁਣਿਆ ਉਹ 35 ਤੋਂ 40 ਹਜ਼ਾਰ ਦੀ ਵੇਚ ਰਹੇ ਨੇ,ਪ ਰ   ਹੁ ਣ   ਮੈਂ   ਸੁ ਣਿ ਆ   ਉ ਹ   3 5   ਤੋਂ   4 0   ਹ ਜ਼ ਾ ਰ   ਦੀ   ਵੇ ਚ   ਰ ਹੇ   ਨੇ,25,13
ਕੀ ਤੂੰ ਸਿਰਫ਼ ਰੇਟ ਵੀ ਪਤਾ ਕਰ ਦੇਵੇਗਾ,ਕੀ   ਤੂ ੰ   ਸਿ ਰ ਫ਼   ਰੇ ਟ   ਵੀ   ਪ ਤਾ   ਕ ਰ   ਦੇ ਵੇ ਗਾ,16,8
ਦਰਅਸਲ ਪ੍ਰਬੰਧਕਾਂ ਵੱਲੋਂ ਕੀਤਾ ਗਿਆ ਅੰਦਾਜ਼ਾ ਇੱਕ ਹੱਦ ਤੱਕ ਵੱਧ ਗਿਆ ਹੈ,ਦ ਰ ਅ ਸ ਲ   ਪ੍ਰ ਬ ੰ ਧ ਕਾਂ   ਵ ੱ ਲੋਂ   ਕੀ ਤਾ   ਗਿ ਆ   ਅ ੰ ਦਾ ਜ਼ ਾ   ਇ ੱ ਕ   ਹ ੱ ਦ   ਤ ੱ ਕ   ਵ ੱ ਧ   ਗਿ ਆ   ਹੈ,37,12
ਪਰ ਉਹ ਇਨ੍ਹੇ ਮਹਿੰਗੇ ਨਹੀਂ ਹਨ ਜਿਨ੍ਹੇ ਤੂੰ ਕਹਿ ਰਿਹਾ ਹੈ,ਪ ਰ   ਉ ਹ   ਇ ਨ੍ਹੇ   ਮ ਹਿ ੰ ਗੇ   ਨ ਹੀਂ   ਹ ਨ   ਜਿ ਨ੍ਹੇ   ਤੂ ੰ   ਕ ਹਿ   ਰਿ ਹਾ   ਹੈ,23,11
"ਉੱਥੇ ਕੁੱਝ ਦਲਾਲ ਨੇ ਜੋ ਬਲੈਕ ਵਿੱਚ ਟਿਕਟਾਂ ਵੇਚਦੇ ਨੇ, ਇਸ ਲਈ ਤੂੰ ਉਹਨਾਂ ਤੋਂ ਸੁਣਿਆ ਹੋਵੇਗਾ","ਉ ੱ ਥੇ   ਕੁ ੱ ਝ   ਦ ਲਾ ਲ   ਨੇ   ਜੋ   ਬ ਲੈ ਕ   ਵਿ ੱ ਚ   ਟਿ ਕ ਟਾਂ   ਵੇ ਚ ਦੇ   ਨੇ ,   ਇ ਸ   ਲ ਈ   ਤੂ ੰ   ਉ ਹ ਨਾਂ   ਤੋਂ   ਸੁ ਣਿ ਆ   ਹੋ ਵੇ ਗਾ",41,17
ਇੱਕ ਟਿਕਟ ਦੀ ਕੀਮਤ 8 ਹਜ਼ਾਰ ਹੈ,ਇ ੱ ਕ   ਟਿ ਕ ਟ   ਦੀ   ਕੀ ਮ ਤ   8   ਹ ਜ਼ ਾ ਰ   ਹੈ,16,7
ਪਰ ਮੈਨੂੰ ਸ਼ੱਕ ਹੈ ਕਿ ਮੈਂ 5 ਟਿਕਟਾਂ ਦਾ ਪ੍ਰਬੰਧ ਕਰ ਸਕਦਾ ਹਾਂ ਇਸ ਵੇਲੇ,ਪ ਰ   ਮੈ ਨੂ ੰ   ਸ਼ ੱ ਕ   ਹੈ   ਕਿ   ਮੈਂ   5   ਟਿ ਕ ਟਾਂ   ਦਾ   ਪ੍ਰ ਬ ੰ ਧ   ਕ ਰ   ਸ ਕ ਦਾ   ਹਾਂ   ਇ ਸ   ਵੇ ਲੇ,30,15
ਤੂੰ ਬਿਲਕੁੱਲ ਠੀਕ ਕਹਿ ਰਿਹਾ ਹੈ ਕਿ ਉਹਨਾਂ ਦਲਾਲਾਂ ਨੇ ਕੀਮਤਾਂ ਵਧਾ ਰੱਖੀਆਂ ਨੇ,ਤੂ ੰ   ਬਿ ਲ ਕੁ ੱ ਲ   ਠੀ ਕ   ਕ ਹਿ   ਰਿ ਹਾ   ਹੈ   ਕਿ   ਉ ਹ ਨਾਂ   ਦ ਲਾ ਲਾਂ   ਨੇ   ਕੀ ਮ ਤਾਂ   ਵ ਧਾ   ਰ ੱ ਖੀ ਆ ਂ   ਨੇ,33,14
ਉਹ ਪ੍ਰਬੰਧਕਾਂ ਕੋਲ ਨਹੀਂ ਜਾਵੇਗਾ ਪਰ ਕੀਮਤਾਂ ਤੇ ਅਸਰ ਬਹੁਤ ਪਾਵੇਗਾ,ਉ ਹ   ਪ੍ਰ ਬ ੰ ਧ ਕਾਂ   ਕੋ ਲ   ਨ ਹੀਂ   ਜਾ ਵੇ ਗਾ   ਪ ਰ   ਕੀ ਮ ਤਾਂ   ਤੇ   ਅ ਸ ਰ   ਬ ਹੁ ਤ   ਪਾ ਵੇ ਗਾ,29,11
ਪ੍ਰਸ਼ੰਸਕ ਐਨੇ ਬੋਲੇ ਹੁੰਦੇ ਨੇ ਕਿ ਫਿਰ ਵੀ ਖਰੀਦੀ ਜਾਂਦੇ ਨੇ,ਪ੍ਰ ਸ਼ ੰ ਸ ਕ   ਐ ਨੇ   ਬੋ ਲੇ   ਹੁ ੰ ਦੇ   ਨੇ   ਕਿ   ਫਿ ਰ   ਵੀ   ਖ ਰੀ ਦੀ   ਜਾਂ ਦੇ   ਨੇ,23,11
"ਮੈਂ ਉਸ ਕਰਕੇ ਯੋਜਨਾ ਰੱਦ ਕਰਨ ਲੱਗਿਆ ਸੀ, ਪਰ ਮੈਨੂੰ ਤੇਰੀ ਯਾਦ ਆਈ","ਮੈਂ   ਉ ਸ   ਕ ਰ ਕੇ   ਯੋ ਜ ਨਾ   ਰ ੱ ਦ   ਕ ਰ ਨ   ਲ ੱ ਗਿ ਆ   ਸੀ ,   ਪ ਰ   ਮੈ ਨੂ ੰ   ਤੇ ਰੀ   ਯਾ ਦ   ਆ ਈ",32,13
5 ਮਿਲਨੀਆਂ ਔਖੀਆਂ ਨੇ ਤੂੰ 2 ਲਈ ਕੋਸ਼ਿਸ਼ ਕਰ ਸਕਦਾ ਹੈ,5   ਮਿ ਲ ਨੀ ਆ ਂ   ਔ ਖੀ ਆ ਂ   ਨੇ   ਤੂ ੰ   2   ਲ ਈ   ਕੋ ਸ਼ਿ ਸ਼   ਕ ਰ   ਸ ਕ ਦਾ   ਹੈ,25,11
2 ਟਿਕਟਾਂ ਦਾ ਪ੍ਰਬੰਧ ਹੋ ਸਕਦਾ ਹੈ,2   ਟਿ ਕ ਟਾਂ   ਦਾ   ਪ੍ਰ ਬ ੰ ਧ   ਹੋ   ਸ ਕ ਦਾ   ਹੈ,14,7
ਮੈਂ ਆਪਣੇ ਭਰਾ ਨੂੰ ਕਹਿ ਦੇਵਾਂਗਾ ਅਤੇ ਉਹ ਜਲਦੀ ਹੀ ਤੇਰੇ ਲਈ ਟਿਕਟਾਂ ਲੈ ਆਵੇਗਾ,ਮੈਂ   ਆ ਪ ਣੇ   ਭ ਰਾ   ਨੂ ੰ   ਕ ਹਿ   ਦੇ ਵਾਂ ਗਾ   ਅ ਤੇ   ਉ ਹ   ਜ ਲ ਦੀ   ਹੀ   ਤੇ ਰੇ   ਲ ਈ   ਟਿ ਕ ਟਾਂ   ਲੈ   ਆ ਵੇ ਗਾ,32,15
"ਤੂੰ ਉਸਨੂੰ ਸਿੱਧਾ ਹੀ ਪੈਸੇ ਭੇਜ ਦੇਵੀ , ਉਹ ਸੌਖਾ ਰਹੇਗਾ","ਤੂ ੰ   ਉ ਸ ਨੂ ੰ   ਸਿ ੱ ਧਾ   ਹੀ   ਪੈ ਸੇ   ਭੇ ਜ   ਦੇ ਵੀ   ,   ਉ ਹ   ਸੌ ਖਾ   ਰ ਹੇ ਗਾ",24,11
"ਧੰਨਵਾਦ ਯਾਰ, ਮੈਂ ਆਪਣੀ ਮਹਿਲਾ ਮਿੱਤਰ ਨਾਲ ਵਾਅਦਾ ਕੀਤਾ ਸੀ","ਧ ੰ ਨ ਵਾ ਦ   ਯਾ ਰ ,   ਮੈਂ   ਆ ਪ ਣੀ   ਮ ਹਿ ਲਾ   ਮਿ ੱ ਤ ਰ   ਨਾ ਲ   ਵਾ ਅ ਦਾ   ਕੀ ਤਾ   ਸੀ",27,10
ਉਸਨੇ ਮੈਨੂੰ ਅਗਲੇ ਸੰਗੀਤ ਸਮਾਰੋਹ ਤੱਕ ਤੰਗ ਕਰਕੇ ਰੱਖਣਾ ਹੈ,ਉ ਸ ਨੇ   ਮੈ ਨੂ ੰ   ਅ ਗ ਲੇ   ਸ ੰ ਗੀ ਤ   ਸ ਮਾ ਰੋ ਹ   ਤ ੱ ਕ   ਤ ੰ ਗ   ਕ ਰ ਕੇ   ਰ ੱ ਖ ਣਾ   ਹੈ,31,10
"ਵੈਸੇ, ਕੌਣ ਅਜਿਹੇ ਸੰਗੀਤ ਸਮਾਰੋਹਾਂ ਵਿੱਚ ਸੰਗੀਤ ਕਰਕੇ ਜਾਂਦਾ ਹੈ ਯਾਰ, ਇਹ ਮੇਰੀ ਸਮਝ ਤੋਂ ਉੱਚੀ ਗੱਲ ਹੈ","ਵੈ ਸੇ ,   ਕੌ ਣ   ਅ ਜਿ ਹੇ   ਸ ੰ ਗੀ ਤ   ਸ ਮਾ ਰੋ ਹਾਂ   ਵਿ ੱ ਚ   ਸ ੰ ਗੀ ਤ   ਕ ਰ ਕੇ   ਜਾਂ ਦਾ   ਹੈ   ਯਾ ਰ ,   ਇ ਹ   ਮੇ ਰੀ   ਸ ਮ ਝ   ਤੋਂ   ਉ ੱ ਚੀ   ਗ ੱ ਲ   ਹੈ",47,18
"ਪਰ ਮੈਂ ਉਸਨੂੰ ਇਹ ਨਹੀਂ ਕਹਿ ਸਕਦਾ, ਜਿਵੇਂ ਮੈਂ ਤੈਨੂੰ ਕਹਿ ਸਕਦਾ ਹਾਂ, ਮੇਰੇ ਦੋਸਤ","ਪ ਰ   ਮੈਂ   ਉ ਸ ਨੂ ੰ   ਇ ਹ   ਨ ਹੀਂ   ਕ ਹਿ   ਸ ਕ ਦਾ ,   ਜਿ ਵੇਂ   ਮੈਂ   ਤੈ ਨੂ ੰ   ਕ ਹਿ   ਸ ਕ ਦਾ   ਹਾਂ ,   ਮੇ ਰੇ   ਦੋ ਸ ਤ",35,15
ਮੈਂ ਹਾਲਾਤ ਸਮਝ ਸਕਦਾ ਹਾਂ,ਮੈਂ   ਹਾ ਲਾ ਤ   ਸ ਮ ਝ   ਸ ਕ ਦਾ   ਹਾਂ,11,5
ਫਿਕਰ ਨਾਂ ਕਰ ਦੋ ਟਿਕਟਾਂ ਦਾ ਪ੍ਰਬੰਧ ਹੋ ਸਕਦਾ ਹੈ,ਫਿ ਕ ਰ   ਨਾਂ   ਕ ਰ   ਦੋ   ਟਿ ਕ ਟਾਂ   ਦਾ   ਪ੍ਰ ਬ ੰ ਧ   ਹੋ   ਸ ਕ ਦਾ   ਹੈ,20,10
ਮੈਂ ਪਹਿਲਾਂ ਹੀ ਆਪਣੇ ਭਾਈ ਨੂੰ ਦੱਸ ਦਿੱਤਾ ਹੈ ਅਤੇ ਉਸਨੇ ਤੁਹਾਡੀਆਂ ਟਿਕਟਾਂ ਬੁੱਕ ਵੀ ਕਰਵਾ ਦਿੱਤੀਆਂ ਹਨ,ਮੈਂ   ਪ ਹਿ ਲਾਂ   ਹੀ   ਆ ਪ ਣੇ   ਭਾ ਈ   ਨੂ ੰ   ਦ ੱ ਸ   ਦਿ ੱ ਤਾ   ਹੈ   ਅ ਤੇ   ਉ ਸ ਨੇ   ਤੁ ਹਾ ਡੀ ਆ ਂ   ਟਿ ਕ ਟਾਂ   ਬੁ ੱ ਕ   ਵੀ   ਕ ਰ ਵਾ   ਦਿ ੱ ਤੀ ਆ ਂ   ਹ ਨ,46,18
ਇਸ ਲਈ ਤੂੰ ਇਸ ਨੂੰ ਪੱਕਾ ਸਮਝ ਸਕਦਾ ਹੈ ਅਤੇ ਮੇਰੇ ਤੋਂ ਕੱਲ ਜਦੋਂ ਵੀ ਤੂੰ ਮਿਲਨਾ ਹੋਵੇਗਾ ਲੈ ਸਕਦਾ ਹੈ,ਇ ਸ   ਲ ਈ   ਤੂ ੰ   ਇ ਸ   ਨੂ ੰ   ਪ ੱ ਕਾ   ਸ ਮ ਝ   ਸ ਕ ਦਾ   ਹੈ   ਅ ਤੇ   ਮੇ ਰੇ   ਤੋਂ   ਕ ੱ ਲ   ਜ ਦੋਂ   ਵੀ   ਤੂ ੰ   ਮਿ ਲ ਨਾ   ਹੋ ਵੇ ਗਾ   ਲੈ   ਸ ਕ ਦਾ   ਹੈ,44,21
"ਪੱਕਾ ਬਾਈ, ਧੰਨਵਾਦ","ਪ ੱ ਕਾ   ਬਾ ਈ ,   ਧ ੰ ਨ ਵਾ ਦ",11,3
"ਸੁਆਗਤ ਹੈ, ਚਲ ਜਲਦੀ ਮਿਲਦੇ ਹਾਂ","ਸੁ ਆ ਗ ਤ   ਹੈ ,   ਚ ਲ   ਜ ਲ ਦੀ   ਮਿ ਲ ਦੇ   ਹਾਂ",15,6
"ਹਾਂਜੀ, ਕੀ ਸ੍ਰੀਮਤੀ ਰਾਧਿਕਾ , ਟ੍ਰਿਨਿਟੀ ਐਲਿਮੈਂਟਰੀ ਸਕੂਲ ਦੇ ਆਰਟਸ ਟੀਚਰ ਗੱਲ ਕਰ ਰਹੇ ਨੇ","ਹਾਂ ਜੀ ,   ਕੀ   ਸ੍ਰੀ ਮ ਤੀ   ਰਾ ਧਿ ਕਾ   ,   ਟ੍ਰਿ ਨਿ ਟੀ   ਐ ਲਿ ਮੈਂ ਟ ਰੀ   ਸ ਕੂ ਲ   ਦੇ   ਆ ਰ ਟ ਸ   ਟੀ ਚ ਰ   ਗ ੱ ਲ   ਕ ਰ   ਰ ਹੇ   ਨੇ",38,15
"ਹਾਂ ਜੀ, ਕੌਣ","ਹਾਂ   ਜੀ ,   ਕੌ ਣ",5,3
ਮੇਰਾ ਨਾਮ ਜੋਹਨ ਬੇਰਨਡ ਹੈ ਅਤੇ ਮੈਂ ਮਿਸ਼ੇਲ ਦਾ ਪਿਤਾ ਹਾਂ,ਮੇ ਰਾ   ਨਾ ਮ   ਜੋ ਹ ਨ   ਬੇ ਰ ਨ ਡ   ਹੈ   ਅ ਤੇ   ਮੈਂ   ਮਿ ਸ਼ੇ ਲ   ਦਾ   ਪਿ ਤਾ   ਹਾਂ,22,11
"ਠੀਕ ਹੈ ਸਰ, ਮੈਂ ਕੀ ਮਦਦ ਕਰ ਸਕਦੀ ਹਾਂ","ਠੀ ਕ   ਹੈ   ਸ ਰ ,   ਮੈਂ   ਕੀ   ਮ ਦ ਦ   ਕ ਰ   ਸ ਕ ਦੀ   ਹਾਂ",17,9
ਮਿਸ਼ੇਲ ਨੇ ਸੰਗੀਤ ਸਿੱਖਣ ਦੀ ਇੱਛਾ ਜ਼ਾਹਿਰ ਕੀਤੀ ਹੈ,ਮਿ ਸ਼ੇ ਲ   ਨੇ   ਸ ੰ ਗੀ ਤ   ਸਿ ੱ ਖ ਣ   ਦੀ   ਇ ੱ ਛਾ   ਜ਼ ਾ ਹਿ ਰ   ਕੀ ਤੀ   ਹੈ,23,9
ਮੈਂ ਇੱਕ ਸ਼ੈਲੀ ਚੁਣਨ ਲਈ ਉਲਝਣ 'ਚ ਹਾਂ,ਮੈਂ   ਇ ੱ ਕ   ਸ਼ੈ ਲੀ   ਚੁ ਣ ਨ   ਲ ਈ   ਉ ਲ ਝ ਣ   ' ਚ   ਹਾਂ,18,8
ਕੀ ਤੁਸੀਂ ਮੇਰੀ ਸਹਾਇਤਾ ਕਰ ਸਕਦੇ ਹੋ,ਕੀ   ਤੁ ਸੀਂ   ਮੇ ਰੀ   ਸ ਹਾ ਇ ਤਾ   ਕ ਰ   ਸ ਕ ਦੇ   ਹੋ,15,7
ਸੰਗੀਤ ਸਿੱਖਣ ਦੀ ਸਭ ਤੋਂ ਅਸਾਨ ਸ਼ੈਲੀ ਕਿਹੜੀ ਹੈ,ਸ ੰ ਗੀ ਤ   ਸਿ ੱ ਖ ਣ   ਦੀ   ਸ ਭ   ਤੋਂ   ਅ ਸਾ ਨ   ਸ਼ੈ ਲੀ   ਕਿ ਹ ੜ ੀ   ਹੈ,22,9
ਜ਼ਰੂਰ,ਜ਼ ਰੂ ਰ,3,1
"ਮੇਰੇ ਖਿਆਲ ਨਾਲ, ਬੱਚਿਆਂ ਨੂੰ ਸ਼ਾਸਤਰੀ ਸੰਗੀਤ ਸਿੱਖਣਾ ਚਾਹੀਦਾ ਹੈ","ਮੇ ਰੇ   ਖਿ ਆ ਲ   ਨਾ ਲ ,   ਬ ੱ ਚਿ ਆ ਂ   ਨੂ ੰ   ਸ਼ਾ ਸ ਤ ਰੀ   ਸ ੰ ਗੀ ਤ   ਸਿ ੱ ਖ ਣਾ   ਚਾ ਹੀ ਦਾ   ਹੈ",31,10
ਕੀ ਸ਼ਾਸਤਰੀ ਸੰਗੀਤ ਸਿੱਖਣਾ ਬੱਚਿਆਂ ਲਈ ਲਾਹੇਵੰਦ ਹੁੰਦਾ ਹੈ,ਕੀ   ਸ਼ਾ ਸ ਤ ਰੀ   ਸ ੰ ਗੀ ਤ   ਸਿ ੱ ਖ ਣਾ   ਬ ੱ ਚਿ ਆ ਂ   ਲ ਈ   ਲਾ ਹੇ ਵ ੰ ਦ   ਹੁ ੰ ਦਾ   ਹੈ,29,9
"ਹਾਂ, ਇਹ ਬਹੁਤ ਔਖਾ ਹੈ ਪਰ ਸ਼ਾਸਤਰੀ ਸੰਗੀਤ ਦੇ ਬੱਚਿਆਂ ਲਈ ਬਹੁਤ ਵੱਡੇ ਭਾਵਾਤਮਕ ਲਾਭ ਹਨ","ਹਾਂ ,   ਇ ਹ   ਬ ਹੁ ਤ   ਔ ਖਾ   ਹੈ   ਪ ਰ   ਸ਼ਾ ਸ ਤ ਰੀ   ਸ ੰ ਗੀ ਤ   ਦੇ   ਬ ੱ ਚਿ ਆ ਂ   ਲ ਈ   ਬ ਹੁ ਤ   ਵ ੱ ਡੇ   ਭਾ ਵਾ ਤ ਮ ਕ   ਲਾ ਭ   ਹ ਨ",43,16
"ਅਧਿਐਨਾ ਦੇ ਅਨੁਸਾਰ, ਲਾਈਵ ਸ਼ਾਸਤਰੀ ਸੰਗੀਤ ਸੁਣਨਾ ਬੱਚਿਆਂ ਵਿੱਚ ਸਕਾਰਾਤਮਕ ਭਾਵਨਾਵਾਂ ਪੈਦਾ ਕਰਦਾ ਹੈ","ਅ ਧਿ ਐ ਨਾ   ਦੇ   ਅ ਨੁ ਸਾ ਰ ,   ਲਾ ਈ ਵ   ਸ਼ਾ ਸ ਤ ਰੀ   ਸ ੰ ਗੀ ਤ   ਸੁ ਣ ਨਾ   ਬ ੱ ਚਿ ਆ ਂ   ਵਿ ੱ ਚ   ਸ ਕਾ ਰਾ ਤ ਮ ਕ   ਭਾ ਵ ਨਾ ਵਾਂ   ਪੈ ਦਾ   ਕ ਰ ਦਾ   ਹੈ",48,14
ਇਹ ਉਹਨਾਂ ਦੀ ਸੁਣਨ ਅਤੇ ਇਕਾਗਰਤਾ ਦੀ ਯੋਗਤਾ 'ਤੇ ਅਸਰ ਪਾਉਂਦੀ ਹੈ,ਇ ਹ   ਉ ਹ ਨਾਂ   ਦੀ   ਸੁ ਣ ਨ   ਅ ਤੇ   ਇ ਕਾ ਗ ਰ ਤਾ   ਦੀ   ਯੋ ਗ ਤਾ   ' ਤੇ   ਅ ਸ ਰ   ਪਾ ਉ ਂ ਦੀ   ਹੈ,30,12
"ਸ਼ਾਸਤਰੀ ਸੰਗੀਤ ਬੱਚਿਆਂ ਦੇ ਵਿਕਾਸ ਲਈ ਲਾਹੇਵੰਦ ਹੈ, ਵਧੀਆ ਹੈ","ਸ਼ਾ ਸ ਤ ਰੀ   ਸ ੰ ਗੀ ਤ   ਬ ੱ ਚਿ ਆ ਂ   ਦੇ   ਵਿ ਕਾ ਸ   ਲ ਈ   ਲਾ ਹੇ ਵ ੰ ਦ   ਹੈ ,   ਵ ਧੀ ਆ   ਹੈ",30,10
ਹੋਰ ਕੀ ਲਾਭ ਹਨ ਸ਼ਾਸਤਰੀ ਸੰਗੀਤ ਦੇ,ਹੋ ਰ   ਕੀ   ਲਾ ਭ   ਹ ਨ   ਸ਼ਾ ਸ ਤ ਰੀ   ਸ ੰ ਗੀ ਤ   ਦੇ,16,7
ਸ਼ਾਸਤਰੀ ਸੰਗੀਤ ਨੂੰ ਅਭਿਆਸ ਅਤੇ ਲਗਨ ਦੀ ਲੋੜ ਹੁੰਦੀ ਹੈ,ਸ਼ਾ ਸ ਤ ਰੀ   ਸ ੰ ਗੀ ਤ   ਨੂ ੰ   ਅ ਭਿ ਆ ਸ   ਅ ਤੇ   ਲ ਗ ਨ   ਦੀ   ਲੋ ੜ   ਹੁ ੰ ਦੀ   ਹੈ,26,10
ਇਹ ਅਭਿਆਸ ਬੱਚੇ ਦੀ ਜ਼ਿੰਦਗੀ ਨੂੰ ਅਨੁਸ਼ਾਸਿਤ ਕਰੇਗੀ,ਇ ਹ   ਅ ਭਿ ਆ ਸ   ਬ ੱ ਚੇ   ਦੀ   ਜ਼ ਿ ੰ ਦ ਗੀ   ਨੂ ੰ   ਅ ਨੁ ਸ਼ਾ ਸਿ ਤ   ਕ ਰੇ ਗੀ,25,8
ਇਹ ਇੱਕ ਐਂਟੀ ਡਿਪਰੈਸ਼ਨ ਦੇ ਤੌਰ 'ਤੇ ਕੰਮ ਕਰਦਾ ਹੈ,ਇ ਹ   ਇ ੱ ਕ   ਐ ਂ ਟੀ   ਡਿ ਪ ਰੈ ਸ਼ ਨ   ਦੇ   ਤੌ ਰ   ' ਤੇ   ਕ ੰ ਮ   ਕ ਰ ਦਾ   ਹੈ,25,10
ਇਹ ਬੱਚਿਆਂ ਦੇ ਮਨਾਂ ਨੂੰ ਵੀ ਸ਼ਾਂਤ ਕਰਦਾ ਹੈ,ਇ ਹ   ਬ ੱ ਚਿ ਆ ਂ   ਦੇ   ਮ ਨਾਂ   ਨੂ ੰ   ਵੀ   ਸ਼ਾਂ ਤ   ਕ ਰ ਦਾ   ਹੈ,19,9
"ਹਾਂ, ਇੱਕ ਸ਼ਾਂਤ ਬੱਚਾ ਜ਼ਿਆਦਾਂ ਅਨੰਦਮਈ ਹੁੰਦਾ ਹੈ","ਹਾਂ ,   ਇ ੱ ਕ   ਸ਼ਾਂ ਤ   ਬ ੱ ਚਾ   ਜ਼ ਿ ਆ ਦਾਂ   ਅ ਨ ੰ ਦ ਮ ਈ   ਹੁ ੰ ਦਾ   ਹੈ",24,8
ਜਿਵੇਂ ਕਿ ਬੱਚੇ ਸਿਰਫ਼ ਸੁਣਨ ਦੀ ਬਜਾਏ ਧਿਆਨ ਨਾਲ ਸੁਣਨ ਨਾਲ ਵੱਧ ਸਿੱਖਦੇ ਹੋ,ਜਿ ਵੇਂ   ਕਿ   ਬ ੱ ਚੇ   ਸਿ ਰ ਫ਼   ਸੁ ਣ ਨ   ਦੀ   ਬ ਜਾ ਏ   ਧਿ ਆ ਨ   ਨਾ ਲ   ਸੁ ਣ ਨ   ਨਾ ਲ   ਵ ੱ ਧ   ਸਿ ੱ ਖ ਦੇ   ਹੋ,34,14
"ਉਹਨਾਂ ਦੀ ਯਾਦਾਸ਼ਤ ਸੈੱਲ ਨੋਟਸ, ਧੁਨੀਆਂ, ਟੋਨ, ਢੰਗ, ਪਹੁੰਚ ਨੂੰ ਸਟੋਰ ਕਰਨ ਲਈ ਸਖਤ ਮਹਿਨਤ ਕਰਨਾ ਸ਼ੁਰੂ ਕਰ ਦਿੰਦੇ ਹਨ","ਉ ਹ ਨਾਂ   ਦੀ   ਯਾ ਦਾ ਸ਼ ਤ   ਸੈ ੱ ਲ   ਨੋ ਟ ਸ ,   ਧੁ ਨੀ ਆ ਂ ,   ਟੋ ਨ ,   ਢ ੰ ਗ ,   ਪ ਹੁ ੰ ਚ   ਨੂ ੰ   ਸ ਟੋ ਰ   ਕ ਰ ਨ   ਲ ਈ   ਸ ਖ ਤ   ਮ ਹਿ ਨ ਤ   ਕ ਰ ਨਾ   ਸ਼ੁ ਰੂ   ਕ ਰ   ਦਿ ੰ ਦੇ   ਹ ਨ",60,20
"ਠੀਕ ਹੈ, ਮੈਂ ਮਿਸ਼ੇਲ ਲਈ ਸ਼ਾਸਤਰੀ ਸੰਗੀਤ ਦੇ ਅਧਿਆਪਕ ਦੀ ਭਾਲ ਕਰਾਂਗਾ","ਠੀ ਕ   ਹੈ ,   ਮੈਂ   ਮਿ ਸ਼ੇ ਲ   ਲ ਈ   ਸ਼ਾ ਸ ਤ ਰੀ   ਸ ੰ ਗੀ ਤ   ਦੇ   ਅ ਧਿ ਆ ਪ ਕ   ਦੀ   ਭਾ ਲ   ਕ ਰਾਂ ਗਾ",30,12
ਮੈਂ ਸਮਝਦਾ ਹਾਂ ਕਿ ਸ਼ਾਸਤਰੀ ਸੰਗੀਤ ਭਾਰਤ ਦੀ ਆਤਮਾ ਹੈ,ਮੈਂ   ਸ ਮ ਝ ਦਾ   ਹਾਂ   ਕਿ   ਸ਼ਾ ਸ ਤ ਰੀ   ਸ ੰ ਗੀ ਤ   ਭਾ ਰ ਤ   ਦੀ   ਆ ਤ ਮਾ   ਹੈ,23,10
ਇਹ ਬਹੁਤ ਵਧੀਆ ਹੈ,ਇ ਹ   ਬ ਹੁ ਤ   ਵ ਧੀ ਆ   ਹੈ,9,4
ਕਿਰਪਾ ਕਰਕੇ ਇਸਦਾ ਖਿਆਲ ਰਖਿਓ ਕਿ ਜੇਕਰ ਇਹ ਸ਼ਾਸਤਰੀ ਸੰਗੀਤ ਵਿੱਚ ਦਿਲਚਸਪੀ ਨਹੀਂ ਰੱਖਦੀ ਤਾਂ ਤੁਹਾਨੂੰ ਉਸਨੂੰ ਇਹ ਸਿੱਖਣ ਲਈ ਮਜਬੂਰ ਨਹੀਂ ਕਰਨਾ ਚਾਹੀਦਾ,ਕਿ ਰ ਪਾ   ਕ ਰ ਕੇ   ਇ ਸ ਦਾ   ਖਿ ਆ ਲ   ਰ ਖਿ ਓ   ਕਿ   ਜੇ ਕ ਰ   ਇ ਹ   ਸ਼ਾ ਸ ਤ ਰੀ   ਸ ੰ ਗੀ ਤ   ਵਿ ੱ ਚ   ਦਿ ਲ ਚ ਸ ਪੀ   ਨ ਹੀਂ   ਰ ੱ ਖ ਦੀ   ਤਾਂ   ਤੁ ਹਾ ਨੂ ੰ   ਉ ਸ ਨੂ ੰ   ਇ ਹ   ਸਿ ੱ ਖ ਣ   ਲ ਈ   ਮ ਜ ਬੂ ਰ   ਨ ਹੀਂ   ਕ ਰ ਨਾ   ਚਾ ਹੀ ਦਾ,72,24
ਅਸੀਂ ਉਹਨਾਂ ਨੂੰ ਉਹਨਾਂ ਦੀਆਂ ਯੋਗਤਾਵਾਂ ਦੇ ਆਧਾਰ 'ਤੇ ਉਤਸਾਹਿਤ ਕਰਾਂਗੇ,ਅ ਸੀਂ   ਉ ਹ ਨਾਂ   ਨੂ ੰ   ਉ ਹ ਨਾਂ   ਦੀ ਆ ਂ   ਯੋ ਗ ਤਾ ਵਾਂ   ਦੇ   ਆ ਧਾ ਰ   ' ਤੇ   ਉ ਤ ਸਾ ਹਿ ਤ   ਕ ਰਾਂ ਗੇ,31,11
},},1,1
ਪੱਕਾ ਮੈਡਮ,ਪ ੱ ਕਾ   ਮੈ ਡ ਮ,6,2
ਤੁਹਾਡੇ ਮਾਰਗ ਦਰਸ਼ਨ ਲਈ ਬਹੁਤ ਸ਼ੁਕਰੀਆ,ਤੁ ਹਾ ਡੇ   ਮਾ ਰ ਗ   ਦ ਰ ਸ਼ ਨ   ਲ ਈ   ਬ ਹੁ ਤ   ਸ਼ੁ ਕ ਰੀ ਆ,19,6
"ਤੁਹਾਡਾ ਸੁਆਗਤ ਹੈ, ਅਤੇ ਕਿਰਪਾ ਮਿਸ਼ੇਲ ਨੂੰ ਮੇਰਾ ਪਿਆਰ ਦੇਇਓ","ਤੁ ਹਾ ਡਾ   ਸੁ ਆ ਗ ਤ   ਹੈ ,   ਅ ਤੇ   ਕਿ ਰ ਪਾ   ਮਿ ਸ਼ੇ ਲ   ਨੂ ੰ   ਮੇ ਰਾ   ਪਿ ਆ ਰ   ਦੇ ਇ ਓ",27,10
ਚੰਗਾ ਫਿਰ,ਚ ੰ ਗਾ   ਫਿ ਰ,5,2
ਕੀ ਤੁਹਾਨੂੰ ਕੱਲ ਛੁੱਟੀ ਹੈ,ਕੀ   ਤੁ ਹਾ ਨੂ ੰ   ਕ ੱ ਲ   ਛੁ ੱ ਟੀ   ਹੈ,12,5
ਮੈਨੂੰ ਹਫ਼ਤੇ ਦੇ ਦਿਨ ਛੁੱਟੀ ਕਿਉਂ ਹੋਵੇਗੀ,ਮੈ ਨੂ ੰ   ਹ ਫ਼ ਤੇ   ਦੇ   ਦਿ ਨ   ਛੁ ੱ ਟੀ   ਕਿ ਉ ਂ   ਹੋ ਵੇ ਗੀ,18,7
"ਖੈਰ, ਕੱਲ੍ਹ ਇੱਕ ਰੈਲੀ ਹੋਵੇਗੀ","ਖੈ ਰ ,   ਕ ੱ ਲ੍ਹ   ਇ ੱ ਕ   ਰੈ ਲੀ   ਹੋ ਵੇ ਗੀ",14,5
ਸਾਡੇ ਆਂਡ ਗੁਆਂਡ ਦੇ ਬੱਚਿਆਂ ਨੂੰ ਵੀ ਛੁੱਟੀ ਹੈ,ਸਾ ਡੇ   ਆ ਂ ਡ   ਗੁ ਆ ਂ ਡ   ਦੇ   ਬ ੱ ਚਿ ਆ ਂ   ਨੂ ੰ   ਵੀ   ਛੁ ੱ ਟੀ   ਹੈ,22,9
ਮੈਂ ਸੋਚਿਆ ਕਿ ਤੁਹਾਨੂੰ ਵੀ ਹੋਵੇਗੀ,ਮੈਂ   ਸੋ ਚਿ ਆ   ਕਿ   ਤੁ ਹਾ ਨੂ ੰ   ਵੀ   ਹੋ ਵੇ ਗੀ,13,6
ਮੈਨੂੰ ਕੋਈ ਛੁੱਟੀ ਨਹੀਂ ਹੈ,ਮੈ ਨੂ ੰ   ਕੋ ਈ   ਛੁ ੱ ਟੀ   ਨ ਹੀਂ   ਹੈ,11,5
ਫਿਰ ਮੈਨੂੰ ਲੱਗਦਾ ਹੈ ਕਿ ਇਹ ਬਹਿਤਰ ਹੋਵੇਗਾ ਜੇਕਰ ਤੁਸੀਂ ਕੱਲ੍ਹ ਲਈ ਛੁੱਟੀ ਲੈ ਲਵੋ,ਫਿ ਰ   ਮੈ ਨੂ ੰ   ਲ ੱ ਗ ਦਾ   ਹੈ   ਕਿ   ਇ ਹ   ਬ ਹਿ ਤ ਰ   ਹੋ ਵੇ ਗਾ   ਜੇ ਕ ਰ   ਤੁ ਸੀਂ   ਕ ੱ ਲ੍ਹ   ਲ ਈ   ਛੁ ੱ ਟੀ   ਲੈ   ਲ ਵੋ,36,15
ਇਸ ਰੈਲੀ ਬਾਰੇ ਕੀ ਵੱਡੀ ਗੱਲ ਹੈ,ਇ ਸ   ਰੈ ਲੀ   ਬਾ ਰੇ   ਕੀ   ਵ ੱ ਡੀ   ਗ ੱ ਲ   ਹੈ,14,7
ਹਰ ਸਮੇਂ ਬਹੁਤ ਸਾਰੀਆਂ ਰੈਲੀਆਂ ਹੁੰਦੀਆਂ ਰਹਿੰਦੀਆਂ ਹਨ,ਹ ਰ   ਸ ਮੇਂ   ਬ ਹੁ ਤ   ਸਾ ਰੀ ਆ ਂ   ਰੈ ਲੀ ਆ ਂ   ਹੁ ੰ ਦੀ ਆ ਂ   ਰ ਹਿ ੰ ਦੀ ਆ ਂ   ਹ ਨ,28,8
ਇਹ ਬਹੁਤ ਵੱਡੀ ਹੋਵੇਗੀ,ਇ ਹ   ਬ ਹੁ ਤ   ਵ ੱ ਡੀ   ਹੋ ਵੇ ਗੀ,11,4
"ਕਿਉਂ ਕਿ ਸਾਰੀਆਂ ਵੱਡੀਆਂ ਪਾਰਟੀਆਂ, ਭਾਰਤੀ ਜਨਤਾ ਪਾਰਟੀ, ਤ੍ਰਿਣਮੂਲ ਕਾਂਗਰਸ ਅਤੇ ਕੌਮਊਨਿਸਟ ਪਾਰਟੀ ਇਸ ਵਿੱਚ ਹਿੱਸਾ ਲੈਣਗੀਆਂ","ਕਿ ਉ ਂ   ਕਿ   ਸਾ ਰੀ ਆ ਂ   ਵ ੱ ਡੀ ਆ ਂ   ਪਾ ਰ ਟੀ ਆ ਂ ,   ਭਾ ਰ ਤੀ   ਜ ਨ ਤਾ   ਪਾ ਰ ਟੀ ,   ਤ੍ਰਿ ਣ ਮੂ ਲ   ਕਾਂ ਗ ਰ ਸ   ਅ ਤੇ   ਕੌ ਮ ਊ ਨਿ ਸ ਟ   ਪਾ ਰ ਟੀ   ਇ ਸ   ਵਿ ੱ ਚ   ਹਿ ੱ ਸਾ   ਲੈ ਣ ਗੀ ਆ ਂ",61,17
ਇਹ ਸਭ,ਇ ਹ   ਸ ਭ,4,2
"ਹਾਂ ਜੀ, ਅਤੇ ਮੈਨੂੰ ਸ਼ੱਕ ਹੈ ਜੇਕਰ ਤੁਸੀਂ ਸਮੇਂ ਸਿਰ ਘਰ ਪਹੁੰਚਣ ਦੇ ਯੋਗ ਬਣੋਗੇ","ਹਾਂ   ਜੀ ,   ਅ ਤੇ   ਮੈ ਨੂ ੰ   ਸ਼ ੱ ਕ   ਹੈ   ਜੇ ਕ ਰ   ਤੁ ਸੀਂ   ਸ ਮੇਂ   ਸਿ ਰ   ਘ ਰ   ਪ ਹੁ ੰ ਚ ਣ   ਦੇ   ਯੋ ਗ   ਬ ਣੋ ਗੇ",34,15
ਜੇਕਰ ਤੁਸੀਂ ਕੱਲ੍ਹ ਦਫ਼ਤਰ ਗਏ,ਜੇ ਕ ਰ   ਤੁ ਸੀਂ   ਕ ੱ ਲ੍ਹ   ਦ ਫ਼ ਤ ਰ   ਗ ਏ,14,5
ਮੈਨੂੰ ਵੀ ਇਹੀ ਸ਼ੱਕ ਹੈ,ਮੈ ਨੂ ੰ   ਵੀ   ਇ ਹੀ   ਸ਼ ੱ ਕ   ਹੈ,10,5
ਪਰ ਮੈਨੂੰ ਇਸ ਬਾਰੇ ਕੁੱਝ ਨਹੀਂ ਪਤਾ,ਪ ਰ   ਮੈ ਨੂ ੰ   ਇ ਸ   ਬਾ ਰੇ   ਕੁ ੱ ਝ   ਨ ਹੀਂ   ਪ ਤਾ,16,7
ਉਹ ਇਹ ਕਿਉਂ ਕਰ ਰਹੇ ਨੇ,ਉ ਹ   ਇ ਹ   ਕਿ ਉ ਂ   ਕ ਰ   ਰ ਹੇ   ਨੇ,12,6
ਇਹ ਤਾਂ ਕਰ ਰਹੇ ਨੇ ਕਿਉਂਕਿ ਸਰਕਾਰ ਉਹ ਕੁੱਝ ਨਹੀਂ ਕਰ ਰਹੀ ਜੋ ਓਨ੍ਹਾਂ ਨੇ ਆਪਣੇ ਮਨੀਫ਼ੈਸਟੋ ਵਿੱਚ ਵਾਅਦੇ ਕੀਤੇ ਸਨ,ਇ ਹ   ਤਾਂ   ਕ ਰ   ਰ ਹੇ   ਨੇ   ਕਿ ਉ ਂ ਕਿ   ਸ ਰ ਕਾ ਰ   ਉ ਹ   ਕੁ ੱ ਝ   ਨ ਹੀਂ   ਕ ਰ   ਰ ਹੀ   ਜੋ   ਓ ਨ੍ਹਾਂ   ਨੇ   ਆ ਪ ਣੇ   ਮ ਨੀ ਫ਼ ੈ ਸ ਟੋ   ਵਿ ੱ ਚ   ਵਾ ਅ ਦੇ   ਕੀ ਤੇ   ਸ ਨ,50,21
ਅਜਿਹਾ ਹੈ,ਅ ਜਿ ਹਾ   ਹੈ,4,2
ਫਿਰ ਉਸ ਸਮੇਂ ਬਾਰੇ ਕੀ ਜਦੋਂ ਭਾਰਤੀ ਜਨਤਾ ਪਾਰਟੀ ਰਾਜ ਕਰ ਰਹੀ ਸੀ,ਫਿ ਰ   ਉ ਸ   ਸ ਮੇਂ   ਬਾ ਰੇ   ਕੀ   ਜ ਦੋਂ   ਭਾ ਰ ਤੀ   ਜ ਨ ਤਾ   ਪਾ ਰ ਟੀ   ਰਾ ਜ   ਕ ਰ   ਰ ਹੀ   ਸੀ,27,13
ਉਹਨਾਂ ਨੇ ਵੀ ਉਹ ਨਹੀਂ ਕੀਤਾ ਸੀ ਜਿਸਦਾ ਵਾਅਦਾ ਕੀਤਾ ਸੀ,ਉ ਹ ਨਾਂ   ਨੇ   ਵੀ   ਉ ਹ   ਨ ਹੀਂ   ਕੀ ਤਾ   ਸੀ   ਜਿ ਸ ਦਾ   ਵਾ ਅ ਦਾ   ਕੀ ਤਾ   ਸੀ,21,11
"ਸੱਚ, ਪਰ ਕੌਣ ਪਰਵਾਹ ਕਰਦਾ ਹੈ","ਸ ੱ ਚ ,   ਪ ਰ   ਕੌ ਣ   ਪ ਰ ਵਾ ਹ   ਕ ਰ ਦਾ   ਹੈ",16,6
"ਇਸੇ ਤਰ੍ਹਾਂ ਰਾਜਨੀਤੀ ਹਮੇਸ਼ਾ ਹੁੰਦੀ ਹੈ, ਹੈ ਨਾ","ਇ ਸੇ   ਤ ਰ੍ਹਾਂ   ਰਾ ਜ ਨੀ ਤੀ   ਹ ਮੇ ਸ਼ਾ   ਹੁ ੰ ਦੀ   ਹੈ ,   ਹੈ   ਨਾ",18,8
"ਹਾਂ ਜੀ, ਉਹ ਪ੍ਰਚਾਰ ਅਤੇ ਹੋਰ ਚੀਜ਼ਾਂ ਲਈ ਇੱਕ ਦੂਜੇ ਦਾ ਵਿਰੋਧ ਕਰਦੇ ਹਨ","ਹਾਂ   ਜੀ ,   ਉ ਹ   ਪ੍ਰ ਚਾ ਰ   ਅ ਤੇ   ਹੋ ਰ   ਚੀ ਜ਼ ਾ ਂ   ਲ ਈ   ਇ ੱ ਕ   ਦੂ ਜੇ   ਦਾ   ਵਿ ਰੋ ਧ   ਕ ਰ ਦੇ   ਹ ਨ",32,14
"ਪਰ ਅਸਲ ਵਿੱਚ, ਇਹ ਕੁੱਝ ਵੀ ਪ੍ਰਾਪਤ ਨਹੀਂ ਕਰਦੇ","ਪ ਰ   ਅ ਸ ਲ   ਵਿ ੱ ਚ ,   ਇ ਹ   ਕੁ ੱ ਝ   ਵੀ   ਪ੍ਰਾ ਪ ਤ   ਨ ਹੀਂ   ਕ ਰ ਦੇ",23,9
ਇਸ ਤੋਂ ਇਲਾਵਾ ਅਸੀਂ ਟ੍ਰੈਫਿਕ ਅਤੇ ਸਭ ਚੀਜ਼ਾਂ ਕਰਕੇ ਪਰੇਸ਼ਾਨ ਹੁੰਦੇ ਹਾਂ,ਇ ਸ   ਤੋਂ   ਇ ਲਾ ਵਾ   ਅ ਸੀਂ   ਟ੍ਰੈ ਫਿ ਕ   ਅ ਤੇ   ਸ ਭ   ਚੀ ਜ਼ ਾ ਂ   ਕ ਰ ਕੇ   ਪ ਰੇ ਸ਼ਾ ਨ   ਹੁ ੰ ਦੇ   ਹਾਂ,30,12
"ਬਿਲਕੁੱਲ, ਮੈਨੂੰ ਉਮੀਦ ਹੈ ਕਿ ਇਹ ਕੱਲ੍ਹ ਸ਼ਾਮ ਤੱਕ ਨਹੀਂ ਚੱਲੇਗੀ","ਬਿ ਲ ਕੁ ੱ ਲ ,   ਮੈ ਨੂ ੰ   ਉ ਮੀ ਦ   ਹੈ   ਕਿ   ਇ ਹ   ਕ ੱ ਲ੍ਹ   ਸ਼ਾ ਮ   ਤ ੱ ਕ   ਨ ਹੀਂ   ਚ ੱ ਲੇ ਗੀ",30,11
ਕੀ ਤੁਸੀਂ ਜਾਉਂਗੇ,ਕੀ   ਤੁ ਸੀਂ   ਜਾ ਉ ਂ ਗੇ,7,3
"ਮੈਨੂੰ ਜਾਣਾ ਪਏਗਾ, ਦਫ਼ਤਰ ਵਿੱਚ ਬਹੁਤ ਸਾਰਾ ਕੰਮ ਪਿਆ ਹੈ","ਮੈ ਨੂ ੰ   ਜਾ ਣਾ   ਪ ਏ ਗਾ ,   ਦ ਫ਼ ਤ ਰ   ਵਿ ੱ ਚ   ਬ ਹੁ ਤ   ਸਾ ਰਾ   ਕ ੰ ਮ   ਪਿ ਆ   ਹੈ",27,10
ਮੈਂ ਇਸ ਕਰਕੇ ਛੁੱਟੀ ਨਹੀਂ ਲੈ ਸਕਦਾ,ਮੈਂ   ਇ ਸ   ਕ ਰ ਕੇ   ਛੁ ੱ ਟੀ   ਨ ਹੀਂ   ਲੈ   ਸ ਕ ਦਾ,15,7
ਫਿਰ ਕੱਲ ਜਨਤਕ ਆਵਾਜਾਈ ਦੁਵਾਰਾ ਜਾਓ,ਫਿ ਰ   ਕ ੱ ਲ   ਜ ਨ ਤ ਕ   ਆ ਵਾ ਜਾ ਈ   ਦੁ ਵਾ ਰਾ   ਜਾ ਓ,18,6
ਸਾਨੂੰ ਨਹੀਂ ਪਤਾ ਕਦੇ ਵੀ ਕੁੱਛ ਵੀ ਹੋ ਸਕਦਾ ਹੈ I,ਸਾ ਨੂ ੰ   ਨ ਹੀਂ   ਪ ਤਾ   ਕ ਦੇ   ਵੀ   ਕੁ ੱ ਛ   ਵੀ   ਹੋ   ਸ ਕ ਦਾ   ਹੈ   I,20,11
ਕੀ ਉੱਥੇ ਕੁੱਝ ਝਗੜੇ ਹੋਣਗੇ,ਕੀ   ਉ ੱ ਥੇ   ਕੁ ੱ ਝ   ਝ ਗ ੜ ੇ   ਹੋ ਣ ਗੇ,14,5
"ਯਾਦ ਹੈ , ਇੱਕ ਸਾਲ ਪਹਿਲਾਂ ਉਹਨਾਂ ਨੇ ਤੁਹਾਡੇ ਸਹਿਕਰਮੀ ਦੇ ਮੋਟਰਸਾਈਕਲ ਨੂੰ ਅੱਗ ਲੱਗਾ ਦਿੱਤੀ ਸੀ","ਯਾ ਦ   ਹੈ   ,   ਇ ੱ ਕ   ਸਾ ਲ   ਪ ਹਿ ਲਾਂ   ਉ ਹ ਨਾਂ   ਨੇ   ਤੁ ਹਾ ਡੇ   ਸ ਹਿ ਕ ਰ ਮੀ   ਦੇ   ਮੋ ਟ ਰ ਸਾ ਈ ਕ ਲ   ਨੂ ੰ   ਅ ੱ ਗ   ਲ ੱ ਗਾ   ਦਿ ੱ ਤੀ   ਸੀ",44,17
ਤੁਸੀਂ ਬਹੁਤ ਚਿੰਤਾ ਕਰ ਰਹੇ ਹੋ,ਤੁ ਸੀਂ   ਬ ਹੁ ਤ   ਚਿ ੰ ਤਾ   ਕ ਰ   ਰ ਹੇ   ਹੋ,13,6
ਅਜਿਹਾ ਕੁੱਝ ਵੀ ਨਹੀਂ ਹੋਣ ਵਾਲਾ,ਅ ਜਿ ਹਾ   ਕੁ ੱ ਝ   ਵੀ   ਨ ਹੀਂ   ਹੋ ਣ   ਵਾ ਲਾ,13,6
"ਹੇ, ਤੁਸੀਂ ਹਮੇਸ਼ਾ ਭੂਗੋਲ ਵਿੱਚ ਸਭ ਤੋਂ ਵੱਧ ਅੰਕ ਕਿਵੇਂ ਪ੍ਰਾਪਤ ਕਰਦੇ ਹੋ","ਹੇ ,   ਤੁ ਸੀਂ   ਹ ਮੇ ਸ਼ਾ   ਭੂ ਗੋ ਲ   ਵਿ ੱ ਚ   ਸ ਭ   ਤੋਂ   ਵ ੱ ਧ   ਅ ੰ ਕ   ਕਿ ਵੇਂ   ਪ੍ਰਾ ਪ ਤ   ਕ ਰ ਦੇ   ਹੋ",31,13
ਤੁਸੀਂ ਮੁਸ਼ਕਿਲ ਨਾਲ ਪੜ੍ਹਦੇ ਹੋ,ਤੁ ਸੀਂ   ਮੁ ਸ਼ ਕਿ ਲ   ਨਾ ਲ   ਪ ੜ ੍ ਹ ਦੇ   ਹੋ,14,5
ਅਤੇ ਫਿਰ ਮੈਂ ਹਾਂ,ਅ ਤੇ   ਫਿ ਰ   ਮੈਂ   ਹਾਂ,6,4
"ਹੇ, ਮੇਰਾ ਇੱਕ ਛੋਟਾ ਜਿਹਾ ਰਾਜ ਹੈ ਜਿਸਦਾ ਮੈਂ ਅਨੁਸਰਣ ਕਰਦਾ ਹਾਂ","ਹੇ ,   ਮੇ ਰਾ   ਇ ੱ ਕ   ਛੋ ਟਾ   ਜਿ ਹਾ   ਰਾ ਜ   ਹੈ   ਜਿ ਸ ਦਾ   ਮੈਂ   ਅ ਨੁ ਸ ਰ ਣ   ਕ ਰ ਦਾ   ਹਾਂ",27,12
ਕਿਸੇ ਨਾਲ ਸਾਂਝਾ ਨਹੀਂ ਕਰਾਂਗਾ,ਕਿ ਸੇ   ਨਾ ਲ   ਸਾਂ ਝਾ   ਨ ਹੀਂ   ਕ ਰਾਂ ਗਾ,11,5
"ਮਜਾਕ ਇੱਕ ਪਾਸੇ, ਅਸਲ ਵਿੱਚ ਮੈਂ ਸ਼ੁਰੂ ਤੋਂ ਹੀ ਭੂਗੋਲ ਵਿੱਚ ਡੂੰਘੀ ਦਿਲਚਸਪੀ ਰੱਖਦਾ ਹਾਂ","ਮ ਜਾ ਕ   ਇ ੱ ਕ   ਪਾ ਸੇ ,   ਅ ਸ ਲ   ਵਿ ੱ ਚ   ਮੈਂ   ਸ਼ੁ ਰੂ   ਤੋਂ   ਹੀ   ਭੂ ਗੋ ਲ   ਵਿ ੱ ਚ   ਡੂ ੰ ਘੀ   ਦਿ ਲ ਚ ਸ ਪੀ   ਰ ੱ ਖ ਦਾ   ਹਾਂ",39,15
"ਸੱਚ ਦਸਾਂ, ਮੈਂ ਹਰ ਸਮੇਂ ਵਿਸ਼ੇ ਦਾ ਅਧਿਐਨ ਨਹੀਂ ਕਰਦਾ","ਸ ੱ ਚ   ਦ ਸਾਂ ,   ਮੈਂ   ਹ ਰ   ਸ ਮੇਂ   ਵਿ ਸ਼ੇ   ਦਾ   ਅ ਧਿ ਐ ਨ   ਨ ਹੀਂ   ਕ ਰ ਦਾ",23,10
ਕਲਾਸ ਦੇ ਸਮੇਂ ਦੌਰਾਨ ਜਦੋਂ ਅਧਿਆਪਕ ਸਾਨੂੰ ਅਧਿਆਇ ਪੜ੍ਹਾਉਂਦੇ ਹਨ ਮੈਂ ਉਸਨੂੰ ਅਸਲ ਦ੍ਰਿਸ਼ ਨਾਲ ਜੋੜਨ ਦੀ ਕੋਸ਼ਿਸ਼ ਕਰਦਾ ਹਾਂ ਅਤੇ ਆਪਣੇ ਦਿਮਾਗ ਵਿੱਚ ਇੱਕ ਤਸਵੀਰ ਬਣਾਉਂਦਾ ਹਾਂ,ਕ ਲਾ ਸ   ਦੇ   ਸ ਮੇਂ   ਦੌ ਰਾ ਨ   ਜ ਦੋਂ   ਅ ਧਿ ਆ ਪ ਕ   ਸਾ ਨੂ ੰ   ਅ ਧਿ ਆ ਇ   ਪ ੜ ੍ ਹਾ ਉ ਂ ਦੇ   ਹ ਨ   ਮੈਂ   ਉ ਸ ਨੂ ੰ   ਅ ਸ ਲ   ਦ੍ਰਿ ਸ਼   ਨਾ ਲ   ਜੋ ੜ ਨ   ਦੀ   ਕੋ ਸ਼ਿ ਸ਼   ਕ ਰ ਦਾ   ਹਾਂ   ਅ ਤੇ   ਆ ਪ ਣੇ   ਦਿ ਮਾ ਗ   ਵਿ ੱ ਚ   ਇ ੱ ਕ   ਤ ਸ ਵੀ ਰ   ਬ ਣਾ ਉ ਂ ਦਾ   ਹਾਂ,79,28
ਇਸ ਤਰ੍ਹਾਂ ਸੰਕਲਪਾਂ ਨੂੰ ਵੀ ਸਪਸ਼ਟ ਕਰਦੇ ਹਾਂ,ਇ ਸ   ਤ ਰ੍ਹਾਂ   ਸ ੰ ਕ ਲ ਪਾਂ   ਨੂ ੰ   ਵੀ   ਸ ਪ ਸ਼ ਟ   ਕ ਰ ਦੇ   ਹਾਂ,20,8
ਅਸਲ ਦ੍ਰਿਸ਼ਾਂ ਨਾਲ ਜੁੜਨ ਦਾ ਤੁਹਾਡਾ ਕੀ ਮਤਲਬ ਹੈ,ਅ ਸ ਲ   ਦ੍ਰਿ ਸ਼ਾਂ   ਨਾ ਲ   ਜੁ ੜ ਨ   ਦਾ   ਤੁ ਹਾ ਡਾ   ਕੀ   ਮ ਤ ਲ ਬ   ਹੈ,20,9
ਇਹ ਭੂਗੋਲ ਹੈ,ਇ ਹ   ਭੂ ਗੋ ਲ   ਹੈ,6,3
"ਇੱਥੇ ਸਾਰੇ ਪਹਾੜ, ਨਦੀਆਂ, ਸਮੁੰਦਰ, ਜਲਵਾਯੂ ਅਤੇ ਬੇਲੋੜੀ ਸੰਖਿਆ ਹੈ","ਇ ੱ ਥੇ   ਸਾ ਰੇ   ਪ ਹਾ ੜ ,   ਨ ਦੀ ਆ ਂ ,   ਸ ਮੁ ੰ ਦ ਰ ,   ਜ ਲ ਵਾ ਯੂ   ਅ ਤੇ   ਬੇ ਲੋ ੜ ੀ   ਸ ੰ ਖਿ ਆ   ਹੈ",35,10
ਤੁਹਾਨੂੰ ਇਸ ਬਾਰੇ ਵੀ ਕੀ ਪਸੰਦ ਹੈ,ਤੁ ਹਾ ਨੂ ੰ   ਇ ਸ   ਬਾ ਰੇ   ਵੀ   ਕੀ   ਪ ਸ ੰ ਦ   ਹੈ,15,7
ਇਹ ਸਾਰੇ ਬੋਰਿੰਗ ਵਿਸ਼ਿਆਂ ਵਿੱਚੋਂ ਸਭ ਤੋਂ ਬੋਰਿੰਗ ਹੈ,ਇ ਹ   ਸਾ ਰੇ   ਬੋ ਰਿ ੰ ਗ   ਵਿ ਸ਼ਿ ਆ ਂ   ਵਿ ੱ ਚੋਂ   ਸ ਭ   ਤੋਂ   ਬੋ ਰਿ ੰ ਗ   ਹੈ,23,9
ਜੇ ਤੁਸੀਂ ਇਸ ਤਰ੍ਹਾਂ ਸੋਚਦੇ ਹੋ,ਜੇ   ਤੁ ਸੀਂ   ਇ ਸ   ਤ ਰ੍ਹਾਂ   ਸੋ ਚ ਦੇ   ਹੋ,11,6
ਜਿਵੇਂ ਤੁਹਾਨੂੰ ਪਤਾ ਹੈ ਕਿ ਮੈਨੂੰ ਬਹੁਤ ਘੁਮੰਣਾ ਅਤੇ ਬਹੁਤ ਫਿਲਮਾਂ ਦੇਖਣਾ ਪਸੰਦ ਹੈ,ਜਿ ਵੇਂ   ਤੁ ਹਾ ਨੂ ੰ   ਪ ਤਾ   ਹੈ   ਕਿ   ਮੈ ਨੂ ੰ   ਬ ਹੁ ਤ   ਘੁ ਮ ੰ ਣਾ   ਅ ਤੇ   ਬ ਹੁ ਤ   ਫਿ ਲ ਮਾਂ   ਦੇ ਖ ਣਾ   ਪ ਸ ੰ ਦ   ਹੈ,36,14
"ਜੋ ਵੀ ਅਸੀਂ ਪੜ੍ਹਦੇ ਹਾਂ , ਇਹ ਸਭ ਸਾਡੇ ਆਸ-ਪਾਸ ਹੈ, ਸਾਨੂੰ ਵੇਖਣ ਦੀ ਲੋੜ ਹੈ","ਜੋ   ਵੀ   ਅ ਸੀਂ   ਪ ੜ ੍ ਹ ਦੇ   ਹਾਂ   ,   ਇ ਹ   ਸ ਭ   ਸਾ ਡੇ   ਆ ਸ - ਪਾ ਸ   ਹੈ ,   ਸਾ ਨੂ ੰ   ਵੇ ਖ ਣ   ਦੀ   ਲੋ ੜ   ਹੈ",34,16
ਇਸ ਲਈ ਜੋ ਵੀ ਅਸੀਂ ਪੜ੍ਹਦੇ ਹਾਂ ਮੈਂ ਉਸਨੂੰ ਤਸਵੀਰਾਂ ਵਿੱਚ ਅਤੇ ਕੁੱਝ ਥਾਵਾਂ ਨਾਲ ਜਿੱਥੇ ਮੈਂ ਗਿਆ ਹੋਵਾਂ ਜਾਂ ਜੋ ਫ਼ਿਲਮਾਂ 'ਚ ਦੇਖੀਆਂ ਹੋਣ ਨਾਲ ਜੋੜਨ ਦੀ ਕੋਸ਼ਿਸ਼ ਕਰਦਾ ਹਾਂ,ਇ ਸ   ਲ ਈ   ਜੋ   ਵੀ   ਅ ਸੀਂ   ਪ ੜ ੍ ਹ ਦੇ   ਹਾਂ   ਮੈਂ   ਉ ਸ ਨੂ ੰ   ਤ ਸ ਵੀ ਰਾਂ   ਵਿ ੱ ਚ   ਅ ਤੇ   ਕੁ ੱ ਝ   ਥਾ ਵਾਂ   ਨਾ ਲ   ਜਿ ੱ ਥੇ   ਮੈਂ   ਗਿ ਆ   ਹੋ ਵਾਂ   ਜਾਂ   ਜੋ   ਫ਼ ਿ ਲ ਮਾਂ   ' ਚ   ਦੇ ਖੀ ਆ ਂ   ਹੋ ਣ   ਨਾ ਲ   ਜੋ ੜ ਨ   ਦੀ   ਕੋ ਸ਼ਿ ਸ਼   ਕ ਰ ਦਾ   ਹਾਂ,70,31
"ਇਸ ਤਰ੍ਹਾਂ ਇਹ ਮੇਰੇ ਲਈ ਇੱਕ ਦ੍ਰਿਸ਼ਕ ਵਸਤੂ ਹੈ, ਅਤੇ ਤੁਸੀਂ ਲੰਬੇ ਸਮੇਂ ਲਈ ਯਾਦ ਰੱਖਦੇ ਹੋ","ਇ ਸ   ਤ ਰ੍ਹਾਂ   ਇ ਹ   ਮੇ ਰੇ   ਲ ਈ   ਇ ੱ ਕ   ਦ੍ਰਿ ਸ਼ ਕ   ਵ ਸ ਤੂ   ਹੈ ,   ਅ ਤੇ   ਤੁ ਸੀਂ   ਲ ੰ ਬੇ   ਸ ਮੇਂ   ਲ ਈ   ਯਾ ਦ   ਰ ੱ ਖ ਦੇ   ਹੋ",39,17
ਕੀ ਤੁਸੀਂ ਕਦੇ ਇਸ ਤਰੀਕੇ ਨਾਲ ਅਧਿਐਨ ਕਰਨ ਬਾਰੇ ਸੋਚਿਆ ਹੈ,ਕੀ   ਤੁ ਸੀਂ   ਕ ਦੇ   ਇ ਸ   ਤ ਰੀ ਕੇ   ਨਾ ਲ   ਅ ਧਿ ਐ ਨ   ਕ ਰ ਨ   ਬਾ ਰੇ   ਸੋ ਚਿ ਆ   ਹੈ,25,11
"ਸਾਇਦ ਤੁਸੀਂ ਸਹੀ ਹੋ, ਇਹ ਵਿਧੀ ਕੁੱਝ ਸਮਾਂ ਮਦਦ ਕਰਦੀ ਹੈ","ਸਾ ਇ ਦ   ਤੁ ਸੀਂ   ਸ ਹੀ   ਹੋ ,   ਇ ਹ   ਵਿ ਧੀ   ਕੁ ੱ ਝ   ਸ ਮਾਂ   ਮ ਦ ਦ   ਕ ਰ ਦੀ   ਹੈ",25,11
"ਪਰ ਤੁਸੀਂ ਜਾਣਦੇ ਹੋ, ਮੇਰੇ ਲਈ ਭੂਗੋਲ ਵਰਗੇ ਵਿਸ਼ੇ ਨਾਲ ਜੁੜਨਾ ਬਹੁਤ ਮੁਸ਼ਕਿਲ ਹੈ","ਪ ਰ   ਤੁ ਸੀਂ   ਜਾ ਣ ਦੇ   ਹੋ ,   ਮੇ ਰੇ   ਲ ਈ   ਭੂ ਗੋ ਲ   ਵ ਰ ਗੇ   ਵਿ ਸ਼ੇ   ਨਾ ਲ   ਜੁ ੜ ਨਾ   ਬ ਹੁ ਤ   ਮੁ ਸ਼ ਕਿ ਲ   ਹੈ",34,14
"ਹੋ ਸਕਦਾ ਹੈ ਕਿ ਇਹ ਤੁਹਾਨੂੰ ਆਕਰਸ਼ਿਤ ਕਰਦਾ ਹੋਵੇ ਕਿਉਂਕਿ ਤੁਸੀਂ ਬਹੁਤ ਯਾਤਰਾ ਕਰਦੇ ਹੋ; ਦੂਜੇ ਪਾਸੇ, ਮੇਰੇ ਕੇਸ ਵਿੱਚ, ਇਹ ਸਿਰਫ਼ ਇੱਕ ਕਾਲਪਨਿਕ ਜਾਣਕਾਰੀ ਹੈ","ਹੋ   ਸ ਕ ਦਾ   ਹੈ   ਕਿ   ਇ ਹ   ਤੁ ਹਾ ਨੂ ੰ   ਆ ਕ ਰ ਸ਼ਿ ਤ   ਕ ਰ ਦਾ   ਹੋ ਵੇ   ਕਿ ਉ ਂ ਕਿ   ਤੁ ਸੀਂ   ਬ ਹੁ ਤ   ਯਾ ਤ ਰਾ   ਕ ਰ ਦੇ   ਹੋ ;   ਦੂ ਜੇ   ਪਾ ਸੇ ,   ਮੇ ਰੇ   ਕੇ ਸ   ਵਿ ੱ ਚ ,   ਇ ਹ   ਸਿ ਰ ਫ਼   ਇ ੱ ਕ   ਕਾ ਲ ਪ ਨਿ ਕ   ਜਾ ਣ ਕਾ ਰੀ   ਹੈ",70,26
"ਇਸ ਤੋਂ ਇਲਾਵਾ, ਸਾਡੇ ਕੋਲ ਸਿਲੇਬਸ ਦੇ ਹਿੱਸੇ ਵਜੋਂ ਭਾਰਤੀ ਭੂਗੋਲ ਹੈ, ਅਤੇ ਤੁਸੀਂ ਲੋਕ ਸ਼ਾਇਦ ਦੁਨਿਆ ਦੇ ਸਭ ਤੋਂ ਵਧੀਆ ਸਥਾਨਾਂ ਦਾ ਅਧਿਐਨ ਕਰਦੇ ਹੋ","ਇ ਸ   ਤੋਂ   ਇ ਲਾ ਵਾ ,   ਸਾ ਡੇ   ਕੋ ਲ   ਸਿ ਲੇ ਬ ਸ   ਦੇ   ਹਿ ੱ ਸੇ   ਵ ਜੋਂ   ਭਾ ਰ ਤੀ   ਭੂ ਗੋ ਲ   ਹੈ ,   ਅ ਤੇ   ਤੁ ਸੀਂ   ਲੋ ਕ   ਸ਼ਾ ਇ ਦ   ਦੁ ਨਿ ਆ   ਦੇ   ਸ ਭ   ਤੋਂ   ਵ ਧੀ ਆ   ਸ ਥਾ ਨਾਂ   ਦਾ   ਅ ਧਿ ਐ ਨ   ਕ ਰ ਦੇ   ਹੋ",60,26
ਇਹ ਸਾਡੇ ਲਈ ਵੱਖਰਾ ਹੈ,ਇ ਹ   ਸਾ ਡੇ   ਲ ਈ   ਵ ੱ ਖ ਰਾ   ਹੈ,11,5
"ਮੈਂ ਸਮਝ ਸਕਦਾ ਹਾਂ ਕਿ ਇਹ ਥੋੜਾ ਵੱਖਰਾ ਹੈ, ਪਰ ਤੁਸੀਂ ਕੁੱਝ ਚੋਣਵੇ ਵਿਸ਼ਿਆਂ ਲਈ ਕੁੱਝ ਵੀਡੀਓ ਦੇਖਣ ਦੀ ਕੋਸ਼ਿਸ਼ ਕਰ ਸਕਦੇ ਹੋ, ਇਹ ਇੱਕ ਵਿਚਾਰ ਵੀ ਦਿੰਦੀ ਹੈ","ਮੈਂ   ਸ ਮ ਝ   ਸ ਕ ਦਾ   ਹਾਂ   ਕਿ   ਇ ਹ   ਥੋ ੜ ਾ   ਵ ੱ ਖ ਰਾ   ਹੈ ,   ਪ ਰ   ਤੁ ਸੀਂ   ਕੁ ੱ ਝ   ਚੋ ਣ ਵੇ   ਵਿ ਸ਼ਿ ਆ ਂ   ਲ ਈ   ਕੁ ੱ ਝ   ਵੀ ਡੀ ਓ   ਦੇ ਖ ਣ   ਦੀ   ਕੋ ਸ਼ਿ ਸ਼   ਕ ਰ   ਸ ਕ ਦੇ   ਹੋ ,   ਇ ਹ   ਇ ੱ ਕ   ਵਿ ਚਾ ਰ   ਵੀ   ਦਿ ੰ ਦੀ   ਹੈ",69,29
ਮੈਂ ਸ਼ੁਰੂ ਵਿੱਚ ਇਸ ਤਰ੍ਹਾਂ ਸ਼ੁਰੂ ਕੀਤਾ ਸੀ ਅਤੇ ਫਿਰ ਵਿਕਲਪ ਲੱਭੇ,ਮੈਂ   ਸ਼ੁ ਰੂ   ਵਿ ੱ ਚ   ਇ ਸ   ਤ ਰ੍ਹਾਂ   ਸ਼ੁ ਰੂ   ਕੀ ਤਾ   ਸੀ   ਅ ਤੇ   ਫਿ ਰ   ਵਿ ਕ ਲ ਪ   ਲ ੱ ਭੇ,26,12
ਇਹ ਇੱਕ ਆਡੀਓ-ਵਿਜੁਅਲ ਚੀਜ਼ ਜਿਆਦਾਂ ਹੈ,ਇ ਹ   ਇ ੱ ਕ   ਆ ਡੀ ਓ - ਵਿ ਜੁ ਅ ਲ   ਚੀ ਜ਼   ਜਿ ਆ ਦਾਂ   ਹੈ,19,6
ਜੇਕਰ ਤੁਸੀਂ ਚਾਹੁੰਦੇ ਹੋ ਤਾਂ ਮੈਂ ਤੁਹਾਡੀ ਮਦਦ ਕਰ ਸਕਦਾ ਹਾਂ,ਜੇ ਕ ਰ   ਤੁ ਸੀਂ   ਚਾ ਹੁ ੰ ਦੇ   ਹੋ   ਤਾਂ   ਮੈਂ   ਤੁ ਹਾ ਡੀ   ਮ ਦ ਦ   ਕ ਰ   ਸ ਕ ਦਾ   ਹਾਂ,24,11
"ਹਾਂ, ਮੈਨੂੰ ਲੱਗਦਾ ਹੈ ਕਿ ਮੈਂ ਇਹ ਪਸੰਦ ਕਰਾਂਗਾ","ਹਾਂ ,   ਮੈ ਨੂ ੰ   ਲ ੱ ਗ ਦਾ   ਹੈ   ਕਿ   ਮੈਂ   ਇ ਹ   ਪ ਸ ੰ ਦ   ਕ ਰਾਂ ਗਾ",21,9
ਕੀ ਤੁਹਾਨੂੰ ਲੱਗਦਾ ਹੈ ਕਿ ਜਿਆਦਾਂ ਘੁਮੰਣ ਨਾਲ ਤੁਹਾਡੀ ਵਿਸ਼ੇ ਵਿੱਚ ਰੁਚੀ ਵਧੀ ਹੈ ਜਾਂ ਇਸ ਤੋਂ ਉਲਟ ਕੁੱਝ ਹੋ ਸਕਦਾ ਹੈ,ਕੀ   ਤੁ ਹਾ ਨੂ ੰ   ਲ ੱ ਗ ਦਾ   ਹੈ   ਕਿ   ਜਿ ਆ ਦਾਂ   ਘੁ ਮ ੰ ਣ   ਨਾ ਲ   ਤੁ ਹਾ ਡੀ   ਵਿ ਸ਼ੇ   ਵਿ ੱ ਚ   ਰੁ ਚੀ   ਵ ਧੀ   ਹੈ   ਜਾਂ   ਇ ਸ   ਤੋਂ   ਉ ਲ ਟ   ਕੁ ੱ ਝ   ਹੋ   ਸ ਕ ਦਾ   ਹੈ,48,22
"ਮੇਰਾ ਮਤਲਬ ਹੈ, ਕੀ ਇਹ ਸਾਰੀ ਜਾਣਕਾਰੀ ਮੌਸਮ ਦੀਆਂ ਸਥਿਤੀਆਂ, ਸਥਾਨਾਂ, ਢਾਂਚਿਆਂ, ਅਤੇ ਜਦੋਂ ਤੁਸੀਂ ਸਥਾਨਾਂ ਦੀ ਵਿਆਖਿਆ ਕਰਦੇ ਹੋ ਤਾਂ ਕੀ ਕੰਮ ਨਹੀਂ ਹੁੰਦਾ","ਮੇ ਰਾ   ਮ ਤ ਲ ਬ   ਹੈ ,   ਕੀ   ਇ ਹ   ਸਾ ਰੀ   ਜਾ ਣ ਕਾ ਰੀ   ਮੌ ਸ ਮ   ਦੀ ਆ ਂ   ਸ ਥਿ ਤੀ ਆ ਂ ,   ਸ ਥਾ ਨਾਂ ,   ਢਾਂ ਚਿ ਆ ਂ ,   ਅ ਤੇ   ਜ ਦੋਂ   ਤੁ ਸੀਂ   ਸ ਥਾ ਨਾਂ   ਦੀ   ਵਿ ਆ ਖਿ ਆ   ਕ ਰ ਦੇ   ਹੋ   ਤਾਂ   ਕੀ   ਕ ੰ ਮ   ਨ ਹੀਂ   ਹੁ ੰ ਦਾ",66,25
ਖਾਸ ਤੌਰ 'ਤੇ ਭਾਰਤ ਵਿੱਚ ਜਿੱਥੇ ਦੇਖਣ ਲਈ ਸ਼ਾਇਦ ਹੀ ਕੋਈ ਖਾਸ ਚੀਜ਼ ਹੋਵੇ,ਖਾ ਸ   ਤੌ ਰ   ' ਤੇ   ਭਾ ਰ ਤ   ਵਿ ੱ ਚ   ਜਿ ੱ ਥੇ   ਦੇ ਖ ਣ   ਲ ਈ   ਸ਼ਾ ਇ ਦ   ਹੀ   ਕੋ ਈ   ਖਾ ਸ   ਚੀ ਜ਼   ਹੋ ਵੇ,32,14
ਇਹ ਅਸਲ ਵਿੱਚ ਅਜਿਹਾ ਨਹੀਂ ਹੈ,ਇ ਹ   ਅ ਸ ਲ   ਵਿ ੱ ਚ   ਅ ਜਿ ਹਾ   ਨ ਹੀਂ   ਹੈ,14,6
"ਸਾਡੇ ਕੋਲ ਭਾਰਤ ਵਿੱਚ ਦੇਖਣ ਲਈ ਬਹੁਤ ਕੁੱਝ ਹੈ, ਜਿਆਦਾਂਤਰ ਪ੍ਰਮੁੱਖ ਚਸ਼ਮੇ, ਪਹਾੜ ਅਤੇ ਮੈਦਾਨ ਵੀ ਤੁਸੀਂ ਭਾਰਤ ਵਿੱਚ ਪਾਓਗੇ","ਸਾ ਡੇ   ਕੋ ਲ   ਭਾ ਰ ਤ   ਵਿ ੱ ਚ   ਦੇ ਖ ਣ   ਲ ਈ   ਬ ਹੁ ਤ   ਕੁ ੱ ਝ   ਹੈ ,   ਜਿ ਆ ਦਾਂ ਤ ਰ   ਪ੍ਰ ਮੁ ੱ ਖ   ਚ ਸ਼ ਮੇ ,   ਪ ਹਾ ੜ   ਅ ਤੇ   ਮੈ ਦਾ ਨ   ਵੀ   ਤੁ ਸੀਂ   ਭਾ ਰ ਤ   ਵਿ ੱ ਚ   ਪਾ ਓ ਗੇ",56,20
"ਜਿਵੇਂ ਕਿ ਉਦਾਹਰਨ ਵਜੋਂ ਹਿਮਾਲਾ ਦੀਆਂ ਸ਼੍ਰੇਣੀਆਂ ਜੋ ਤੁਸੀਂ ਵੱਖ-ਵੱਖ ਰਾਜਾਂ ਜਿਵੇਂ ਕੰਚਨਜੰਗਾ, ਅਤੇ ਹੋਰ ਬਹੁਤ ਸਾਰੇ ਉੱਥੇ ਹਨ, ਇੱਕ ਕਿਸਮ ਦੀ ਹੈ ਅਤੇ ਹਰ ਰੇਂਜ ਵਿੱਚ ਸਾਂਝਾ ਕਰਨ ਲਈ ਇਸਦੀ ਆਪਣੀ ਵਿਸ਼ੇਸ਼ਤਾ ਹੈ","ਜਿ ਵੇਂ   ਕਿ   ਉ ਦਾ ਹ ਰ ਨ   ਵ ਜੋਂ   ਹਿ ਮਾ ਲਾ   ਦੀ ਆ ਂ   ਸ਼੍ਰੇ ਣੀ ਆ ਂ   ਜੋ   ਤੁ ਸੀਂ   ਵ ੱ ਖ - ਵ ੱ ਖ   ਰਾ ਜਾਂ   ਜਿ ਵੇਂ   ਕ ੰ ਚ ਨ ਜ ੰ ਗਾ ,   ਅ ਤੇ   ਹੋ ਰ   ਬ ਹੁ ਤ   ਸਾ ਰੇ   ਉ ੱ ਥੇ   ਹ ਨ ,   ਇ ੱ ਕ   ਕਿ ਸ ਮ   ਦੀ   ਹੈ   ਅ ਤੇ   ਹ ਰ   ਰੇਂ ਜ   ਵਿ ੱ ਚ   ਸਾਂ ਝਾ   ਕ ਰ ਨ   ਲ ਈ   ਇ ਸ ਦੀ   ਆ ਪ ਣੀ   ਵਿ ਸ਼ੇ ਸ਼ ਤਾ   ਹੈ",92,34
ਪਾਣੀ ਕਈ ਥਾਵਾਂ 'ਤੇ ਵੰਡਿਆ ਜਾਂਦਾ ਹੈ ਜਿਸ ਦੇ ਨਤੀਜੇ ਵਜੋਂ ਡੈਲਟਾ ਅਤੇ ਟਾਪੂ ਬਣਦੇ ਹਨ,ਪਾ ਣੀ   ਕ ਈ   ਥਾ ਵਾਂ   ' ਤੇ   ਵ ੰ ਡਿ ਆ   ਜਾਂ ਦਾ   ਹੈ   ਜਿ ਸ   ਦੇ   ਨ ਤੀ ਜੇ   ਵ ਜੋਂ   ਡੈ ਲ ਟਾ   ਅ ਤੇ   ਟਾ ਪੂ   ਬ ਣ ਦੇ   ਹ ਨ,35,16
ਜ਼ਮੀਨ ਦੇ ਉਹਨਾਂ ਸਮੂਹਾਂ ਵਿੱਚ ਜ਼ਮੀਨ ਦੀ ਆਪਣੀ ਕੁੱਝ ਵਿਲੱਖਣ ਵਿਸ਼ੇਸ਼ਤਾ ਹੈ,ਜ਼ ਮੀ ਨ   ਦੇ   ਉ ਹ ਨਾਂ   ਸ ਮੂ ਹਾਂ   ਵਿ ੱ ਚ   ਜ਼ ਮੀ ਨ   ਦੀ   ਆ ਪ ਣੀ   ਕੁ ੱ ਝ   ਵਿ ਲ ੱ ਖ ਣ   ਵਿ ਸ਼ੇ ਸ਼ ਤਾ   ਹੈ,33,12
ਸ਼ਾਇਦ ਤੁਸੀਂ ਸਹੀ ਹੋ,ਸ਼ਾ ਇ ਦ   ਤੁ ਸੀਂ   ਸ ਹੀ   ਹੋ,8,4
"ਮੈਨੂੰ ਭਾਰਤੀ ਭੂਗੋਲ 'ਤੇ ਮਿਸ ਲੀ ਦੀ ਕਲਾਸ ਯਾਦ ਹੈ, ਅਤੇ ਕਿਵੇਂ ਉਹਨਾਂ ਨੇ ਸਾਡੇ ਲਈ ਇੱਕ ਦਿਲਚਸਪ ਤਸਵੀਰ ਬਣਾਈ","ਮੈ ਨੂ ੰ   ਭਾ ਰ ਤੀ   ਭੂ ਗੋ ਲ   ' ਤੇ   ਮਿ ਸ   ਲੀ   ਦੀ   ਕ ਲਾ ਸ   ਯਾ ਦ   ਹੈ ,   ਅ ਤੇ   ਕਿ ਵੇਂ   ਉ ਹ ਨਾਂ   ਨੇ   ਸਾ ਡੇ   ਲ ਈ   ਇ ੱ ਕ   ਦਿ ਲ ਚ ਸ ਪ   ਤ ਸ ਵੀ ਰ   ਬ ਣਾ ਈ",49,20
ਇਹ ਇਸ ਤਰ੍ਹਾਂ ਹੈ ਕਿ ਤੁਸੀਂ ਆਪਣੇ ਆਪ ਵੱਖ ਵੱਖ ਸੁਝਾਵਾਂ ਅਤੇ ਜੁਗਤਾਂ ਦੀ ਵਰਤੋ ਕਰ ਕੇ ਵਿਸ਼ੇ ਨੂੰ ਹੋਰ ਦਿਲਚਸਪ ਬਣਾ ਸਕਦੇ ਹੋ,ਇ ਹ   ਇ ਸ   ਤ ਰ੍ਹਾਂ   ਹੈ   ਕਿ   ਤੁ ਸੀਂ   ਆ ਪ ਣੇ   ਆ ਪ   ਵ ੱ ਖ   ਵ ੱ ਖ   ਸੁ ਝਾ ਵਾਂ   ਅ ਤੇ   ਜੁ ਗ ਤਾਂ   ਦੀ   ਵ ਰ ਤੋ   ਕ ਰ   ਕੇ   ਵਿ ਸ਼ੇ   ਨੂ ੰ   ਹੋ ਰ   ਦਿ ਲ ਚ ਸ ਪ   ਬ ਣਾ   ਸ ਕ ਦੇ   ਹੋ,53,24
ਮੈਂ ਕਈ ਦਿਨਾਂ ਲਈ ਘਰ ਛੱਡਣਾ ਨਾਪਸੰਦ ਕਰਦਾ ਹਾਂ ਪਰ ਹੋ ਸਕਦਾ ਹੈ ਕਿ ਮੈਂ ਇੱਕ ਖੁੱਲਾ ਦਿਮਾਗ ਰੱਖਣ ਦੀ ਕੋਸ਼ਿਸ਼ ਕਰ ਸਕਦਾ ਹਾਂ ਅਤੇ ਚੀਜ਼ਾਂ ਨੂੰ ਉਸੇ ਤਰ੍ਹਾਂ ਦੇਖਣ ਦੀ ਕੋਸ਼ਿਸ਼ ਕਰ ਸਕਦਾ ਹਾਂ ਜਿਵੇਂ ਤੁਸੀਂ ਕਰਦੇ ਹੋ,ਮੈਂ   ਕ ਈ   ਦਿ ਨਾਂ   ਲ ਈ   ਘ ਰ   ਛ ੱ ਡ ਣਾ   ਨਾ ਪ ਸ ੰ ਦ   ਕ ਰ ਦਾ   ਹਾਂ   ਪ ਰ   ਹੋ   ਸ ਕ ਦਾ   ਹੈ   ਕਿ   ਮੈਂ   ਇ ੱ ਕ   ਖੁ ੱ ਲਾ   ਦਿ ਮਾ ਗ   ਰ ੱ ਖ ਣ   ਦੀ   ਕੋ ਸ਼ਿ ਸ਼   ਕ ਰ   ਸ ਕ ਦਾ   ਹਾਂ   ਅ ਤੇ   ਚੀ ਜ਼ ਾ ਂ   ਨੂ ੰ   ਉ ਸੇ   ਤ ਰ੍ਹਾਂ   ਦੇ ਖ ਣ   ਦੀ   ਕੋ ਸ਼ਿ ਸ਼   ਕ ਰ   ਸ ਕ ਦਾ   ਹਾਂ   ਜਿ ਵੇਂ   ਤੁ ਸੀਂ   ਕ ਰ ਦੇ   ਹੋ,87,39
ਇਹ ਸ਼ੋਅ ਅਤੇ ਫ਼ਿਲਮਾਂ ਕੰਮ ਆ ਸਕਦੀਆਂ ਹਨ,ਇ ਹ   ਸ਼ੋ ਅ   ਅ ਤੇ   ਫ਼ ਿ ਲ ਮਾਂ   ਕ ੰ ਮ   ਆ   ਸ ਕ ਦੀ ਆ ਂ   ਹ ਨ,21,8
ਚੰਗੀ ਲੱਗਿਆ ਗੱਲ ਕਰਕੇ ਬਾਈ,ਚ ੰ ਗੀ   ਲ ੱ ਗਿ ਆ   ਗ ੱ ਲ   ਕ ਰ ਕੇ   ਬਾ ਈ,15,5
ਧੰਨਵਾਦ ਬਹੁਤ ਬਹੁਤ,ਧ ੰ ਨ ਵਾ ਦ   ਬ ਹੁ ਤ   ਬ ਹੁ ਤ,11,3
ਤੁਹਾਡਾ ਸੁਆਗਤ ਹੈ,ਤੁ ਹਾ ਡਾ   ਸੁ ਆ ਗ ਤ   ਹੈ,8,3
"ਹੈਲੋ, ਮੈਂ ਯੂਨੀਵਰਸਿਟੀ ਦੇ ਹੋਸਟਲ ਤੋਂ ਜੈੱਡ ਸਕੁਏਅਰ ਮਾਲ ਤੱਕ ਜਾਣ ਲਈ ਇੱਕ ਕੈਬ ਬੁੱਕ ਕਰਨ ਬਾਰੇ ਕਾਲ ਕਰ ਰਹੀ ਹਾਂ","ਹੈ ਲੋ ,   ਮੈਂ   ਯੂ ਨੀ ਵ ਰ ਸਿ ਟੀ   ਦੇ   ਹੋ ਸ ਟ ਲ   ਤੋਂ   ਜੈ ੱ ਡ   ਸ ਕੁ ਏ ਅ ਰ   ਮਾ ਲ   ਤ ੱ ਕ   ਜਾ ਣ   ਲ ਈ   ਇ ੱ ਕ   ਕੈ ਬ   ਬੁ ੱ ਕ   ਕ ਰ ਨ   ਬਾ ਰੇ   ਕਾ ਲ   ਕ ਰ   ਰ ਹੀ   ਹਾਂ",53,21
ਮੈਨੂੰ ਕਿੰਨੀ ਜਲਦੀ ਇੱਕ ਕੈਬ ਮਿਲ ਸਕਦੀ ਹੈ,ਮੈ ਨੂ ੰ   ਕਿ ੰ ਨੀ   ਜ ਲ ਦੀ   ਇ ੱ ਕ   ਕੈ ਬ   ਮਿ ਲ   ਸ ਕ ਦੀ   ਹੈ,20,8
ਮੈਂ ਹੁਣੇ ਆਪਣੇ ਡਰਾਈਵਰਾਂ ਵਿਚੋਂ ਇੱਕ ਡਰਾਈਵਰ ਨੂੰ ਤੁਹਾਡਾ ਪਤੇ ਭੇਜਦਾ ਹਾਂ,ਮੈਂ   ਹੁ ਣੇ   ਆ ਪ ਣੇ   ਡ ਰਾ ਈ ਵ ਰਾਂ   ਵਿ ਚੋਂ   ਇ ੱ ਕ   ਡ ਰਾ ਈ ਵ ਰ   ਨੂ ੰ   ਤੁ ਹਾ ਡਾ   ਪ ਤੇ   ਭੇ ਜ ਦਾ   ਹਾਂ,32,12
ਤੁਸੀਂ ਕਿਥੋਂ ਚੜ੍ਹਨਾ ਚਾਹੁੰਦੇ ਹੋ,ਤੁ ਸੀਂ   ਕਿ ਥੋਂ   ਚ ੜ ੍ ਹ ਨਾ   ਚਾ ਹੁ ੰ ਦੇ   ਹੋ,14,5
ਮੈਂ ਮੇਨ ਕੈਂਪਸ ਵਿੱਚ ਇਤਜ਼ਾਰ ਕਰਾਂਗਾ ਜੋ ਕਿ ਕੈਂਪਸ ਦੇ ਗੇਟ ਦੇ ਨੇੜੇ ਹੈ,ਮੈਂ   ਮੇ ਨ   ਕੈਂ ਪ ਸ   ਵਿ ੱ ਚ   ਇ ਤ ਜ਼ ਾ ਰ   ਕ ਰਾਂ ਗਾ   ਜੋ   ਕਿ   ਕੈਂ ਪ ਸ   ਦੇ   ਗੇ ਟ   ਦੇ   ਨੇ ੜ ੇ   ਹੈ,30,14
ਸੁਰੱਖਿਆ ਗਾਰਡ ਤੁਹਾਨੂੰ ਬਿਨ੍ਹਾਂ ਕਿਸੇ ਦਿੱਕਤ ਤੋਂ ਅੰਦਰ ਆਉਣ ਦੇਣਗੇ,ਸੁ ਰ ੱ ਖਿ ਆ   ਗਾ ਰ ਡ   ਤੁ ਹਾ ਨੂ ੰ   ਬਿ ਨ੍ਹਾਂ   ਕਿ ਸੇ   ਦਿ ੱ ਕ ਤ   ਤੋਂ   ਅ ੰ ਦ ਰ   ਆ ਉ ਣ   ਦੇ ਣ ਗੇ,31,10
"ਅੱਛਾ, ਕਿ ਗੱਡੀ ਕੈਪਸ ਦੀ ਇਮਾਰਤ ਵਿੱਚ ਦਾਖਲ ਹੋ ਸਕਦੀ ਹੈ","ਅ ੱ ਛਾ ,   ਕਿ   ਗ ੱ ਡੀ   ਕੈ ਪ ਸ   ਦੀ   ਇ ਮਾ ਰ ਤ   ਵਿ ੱ ਚ   ਦਾ ਖ ਲ   ਹੋ   ਸ ਕ ਦੀ   ਹੈ",27,11
ਕੀ ਇਸਦੀ ਇਜ਼ਾਜਤ ਹੈ,ਕੀ   ਇ ਸ ਦੀ   ਇ ਜ਼ ਾ ਜ ਤ   ਹੈ,10,4
ਅਸੀਂ ਇੱਕ ਵਾਰ ਕਿਸੇ ਹੋਰ ਯੂਨੀਵਰਸਿਟੀ ਨਾਲ ਮੁਸੀਬਤ ਵਿੱਚ ਪੈ ਗਏ ਸੀ; ਮੈਂ ਇਹ ਯਕੀਨੀ ਬਣਾਉਣ ਲਈ ਪੁੱਛ ਰਿਹਾ ਹਾਂ,ਅ ਸੀਂ   ਇ ੱ ਕ   ਵਾ ਰ   ਕਿ ਸੇ   ਹੋ ਰ   ਯੂ ਨੀ ਵ ਰ ਸਿ ਟੀ   ਨਾ ਲ   ਮੁ ਸੀ ਬ ਤ   ਵਿ ੱ ਚ   ਪੈ   ਗ ਏ   ਸੀ ;   ਮੈਂ   ਇ ਹ   ਯ ਕੀ ਨੀ   ਬ ਣਾ ਉ ਣ   ਲ ਈ   ਪੁ ੱ ਛ   ਰਿ ਹਾ   ਹਾਂ,49,20
ਇਹ ਉਦੋਂ ਤੱਕ ਠੀਕ ਹੈ ਜਦੋਂ ਤੱਕ ਉਹਨਾਂ ਨੂੰ ਪਹਿਲਾਂ ਹੀ ਸੂਚਿਤ ਕੀਤਾ ਜਾਂਦਾ ਹੈ,ਇ ਹ   ਉ ਦੋਂ   ਤ ੱ ਕ   ਠੀ ਕ   ਹੈ   ਜ ਦੋਂ   ਤ ੱ ਕ   ਉ ਹ ਨਾਂ   ਨੂ ੰ   ਪ ਹਿ ਲਾਂ   ਹੀ   ਸੂ ਚਿ ਤ   ਕੀ ਤਾ   ਜਾਂ ਦਾ   ਹੈ,32,15
ਮੈਂ ਹੁਣ ਉਹਨਾਂ ਨੂੰ ਸੂਚਿਤ ਕਰ ਦਿੱਤਾ ਹੈ ਤਾਂ ਜੋ ਤੁਹਾਨੂੰ ਅੰਦਰ ਆਉਣ ਵਿੱਚ ਕਿਸੇ ਮੁਸ਼ਕਿਲ ਦਾ ਸਾਹਮਣਾ ਨਾ ਕਰਨਾ ਪ ਵੇ,ਮੈਂ   ਹੁ ਣ   ਉ ਹ ਨਾਂ   ਨੂ ੰ   ਸੂ ਚਿ ਤ   ਕ ਰ   ਦਿ ੱ ਤਾ   ਹੈ   ਤਾਂ   ਜੋ   ਤੁ ਹਾ ਨੂ ੰ   ਅ ੰ ਦ ਰ   ਆ ਉ ਣ   ਵਿ ੱ ਚ   ਕਿ ਸੇ   ਮੁ ਸ਼ ਕਿ ਲ   ਦਾ   ਸਾ ਹ ਮ ਣਾ   ਨਾ   ਕ ਰ ਨਾ   ਪ   ਵੇ,50,22
"ਠੀਕ ਹੈ, ਕਿ ਤੁਸੀਂ ਇਸਨੂੰ ਪ੍ਰਮਾਣਿਤ ਕਰਨ ਲਈ ਮੈਨੂੰ ਕੋਈ ਕਾਗਜ਼/ ਦਸਤਾਵੇਜ਼ ਜਾਂ ਸਕ੍ਰੀਨ ਸ਼ਾਟ ਭੇਜ ਸਕਦੇ ਹੋ","ਠੀ ਕ   ਹੈ ,   ਕਿ   ਤੁ ਸੀਂ   ਇ ਸ ਨੂ ੰ   ਪ੍ਰ ਮਾ ਣਿ ਤ   ਕ ਰ ਨ   ਲ ਈ   ਮੈ ਨੂ ੰ   ਕੋ ਈ   ਕਾ ਗ ਜ਼ /   ਦ ਸ ਤਾ ਵੇ ਜ਼   ਜਾਂ   ਸ ਕ੍ਰੀ ਨ   ਸ਼ਾ ਟ   ਭੇ ਜ   ਸ ਕ ਦੇ   ਹੋ",46,18
"ਮੈਨੂੰ ਮੁਸੀਬਤ ਲਈ ਅਫਸੋਸ ਹੈ, ਪਰ ਇਹ ਕੰਪਨੀ ਦੀ ਨੀਤੀ ਹੈ","ਮੈ ਨੂ ੰ   ਮੁ ਸੀ ਬ ਤ   ਲ ਈ   ਅ ਫ ਸੋ ਸ   ਹੈ ,   ਪ ਰ   ਇ ਹ   ਕ ੰ ਪ ਨੀ   ਦੀ   ਨੀ ਤੀ   ਹੈ",27,11
ਮੇਰੇ ਕੋਲ ਕੈਂਪਸ ਦੇ ਦਿਸ਼ਾ ਨਿਰਦੇਸ਼ਾ ਦੀ ਇੱਕ ਕਾਪੀ ਹੈ ਜੋ ਇਹ ਦੱਸਦੀ ਹੈ,ਮੇ ਰੇ   ਕੋ ਲ   ਕੈਂ ਪ ਸ   ਦੇ   ਦਿ ਸ਼ਾ   ਨਿ ਰ ਦੇ ਸ਼ਾ   ਦੀ   ਇ ੱ ਕ   ਕਾ ਪੀ   ਹੈ   ਜੋ   ਇ ਹ   ਦ ੱ ਸ ਦੀ   ਹੈ,29,14
ਮੈਂ ਇਸਨੂੰ ਹੁਣੇ ਤੁਹਾਡੇ ਵ੍ਹਾਟਸਐਪ ਤੇ ਭੇਜਿਆ ਹੈ,ਮੈਂ   ਇ ਸ ਨੂ ੰ   ਹੁ ਣੇ   ਤੁ ਹਾ ਡੇ   ਵ੍ਹਾ ਟ ਸ ਐ ਪ   ਤੇ   ਭੇ ਜਿ ਆ   ਹੈ,20,8
"ਠੀਕ ਹੈ, ਇਹ ਕੰਮ ਆਉਣੀ ਚਾਹੀਦੀ ਹੈ","ਠੀ ਕ   ਹੈ ,   ਇ ਹ   ਕ ੰ ਮ   ਆ ਉ ਣੀ   ਚਾ ਹੀ ਦੀ   ਹੈ",16,7
"ਭਵਿੱਖ ਵਿੱਚ ਸਹੂਲਤ ਲਈ, ਤੁਸੀਂ ਕੈਂਪਸ ਵਿੱਚ ਸਾਡੀਆਂ ਸੇਵਾਵਾਂ ਦਾ ਲਾਭ ਲੈਣ ਲਈ ਇੱਕ ਐਪ ਦੀ ਵਰਤੋਂ ਕਰ ਸਕਦੇ ਹੋ","ਭ ਵਿ ੱ ਖ   ਵਿ ੱ ਚ   ਸ ਹੂ ਲ ਤ   ਲ ਈ ,   ਤੁ ਸੀਂ   ਕੈਂ ਪ ਸ   ਵਿ ੱ ਚ   ਸਾ ਡੀ ਆ ਂ   ਸੇ ਵਾ ਵਾਂ   ਦਾ   ਲਾ ਭ   ਲੈ ਣ   ਲ ਈ   ਇ ੱ ਕ   ਐ ਪ   ਦੀ   ਵ ਰ ਤੋਂ   ਕ ਰ   ਸ ਕ ਦੇ   ਹੋ",51,20
ਇਸਨੂੰ ਟ੍ਰੈਵਾ-ਗੋ ਕਿਹਾ ਜਾਂਦਾ ਹੈ ਅਤੇ ਇਹ ਗੂਗਲ ਪਲੇ ਸਟੋਰ ਤੇ ਉਪਲੱਬਧ ਹੈ,ਇ ਸ ਨੂ ੰ   ਟ੍ਰੈ ਵਾ - ਗੋ   ਕਿ ਹਾ   ਜਾਂ ਦਾ   ਹੈ   ਅ ਤੇ   ਇ ਹ   ਗੂ ਗ ਲ   ਪ ਲੇ   ਸ ਟੋ ਰ   ਤੇ   ਉ ਪ ਲ ੱ ਬ ਧ   ਹੈ,33,13
ਇਹ ਬਹੁਤ ਮੱਦਦ ਕਰੇਗੀ,ਇ ਹ   ਬ ਹੁ ਤ   ਮ ੱ ਦ ਦ   ਕ ਰੇ ਗੀ,12,4
ਕੀ ਤੁਸੀਂ ਹੋਸਟਲ ਦੇ ਠਿਕਾਣੇ ਤੋਂ ਜਾਣੂ ਹੋ,ਕੀ   ਤੁ ਸੀਂ   ਹੋ ਸ ਟ ਲ   ਦੇ   ਠਿ ਕਾ ਣੇ   ਤੋਂ   ਜਾ ਣੂ   ਹੋ,15,8
"ਮੈਂ ਇੱਥੇ ਨਵਾਂ ਹਾਂ, ਇਸ ਲਈ ਮੈਨੂੰ ਡਰ ਹੈ ਮੇਰੇ ਕੋਲ ਕੋਈ ਜਿਆਦਾਂ ਜਾਣਕਾਰੀ ਨਹੀਂ ਹੈ","ਮੈਂ   ਇ ੱ ਥੇ   ਨ ਵਾਂ   ਹਾਂ ,   ਇ ਸ   ਲ ਈ   ਮੈ ਨੂ ੰ   ਡ ਰ   ਹੈ   ਮੇ ਰੇ   ਕੋ ਲ   ਕੋ ਈ   ਜਿ ਆ ਦਾਂ   ਜਾ ਣ ਕਾ ਰੀ   ਨ ਹੀਂ   ਹੈ",34,16
ਪਰ ਮੈਨੂੰ ਯਕੀਨ ਹੈ ਕਿ ਜਿਹੜਾ ਡਰਾਈਵਰ ਤੁਹਾਨੂੰ ਭੇਜਿਆ ਗਿਆ ਹੈ ਉਹ ਆਪਣੇ ਆਲੇ-ਦੁਆਲੇ ਦਾ ਰਸਤਾ ਲੱਭ ਲਵੇਗਾ,ਪ ਰ   ਮੈ ਨੂ ੰ   ਯ ਕੀ ਨ   ਹੈ   ਕਿ   ਜਿ ਹ ੜ ਾ   ਡ ਰਾ ਈ ਵ ਰ   ਤੁ ਹਾ ਨੂ ੰ   ਭੇ ਜਿ ਆ   ਗਿ ਆ   ਹੈ   ਉ ਹ   ਆ ਪ ਣੇ   ਆ ਲੇ - ਦੁ ਆ ਲੇ   ਦਾ   ਰ ਸ ਤਾ   ਲ ੱ ਭ   ਲ ਵੇ ਗਾ,50,18
"ਠੀਕ ਹੈ, ਮੈਂ ਤੁਹਾਨੂੰ ਆਪਣੀ ਲੋਕੇਸ਼ਨ ਭੇਜ ਰਹੀ ਹਾਂ, ਜੇਕਰ ਉਸਨੂੰ ਨਾ ਪਤਾ ਲੱਗਿਆ ਤਾਂ","ਠੀ ਕ   ਹੈ ,   ਮੈਂ   ਤੁ ਹਾ ਨੂ ੰ   ਆ ਪ ਣੀ   ਲੋ ਕੇ ਸ਼ ਨ   ਭੇ ਜ   ਰ ਹੀ   ਹਾਂ ,   ਜੇ ਕ ਰ   ਉ ਸ ਨੂ ੰ   ਨਾ   ਪ ਤਾ   ਲ ੱ ਗਿ ਆ   ਤਾਂ",37,15
ਕਿ ਮੈਂ ਕਿਰਾਇਆ ਪਹਿਲਾਂ ਦੇਣਾ ਹੈ ਜਾਂ ਪਹੁੰਚਣ ਕੇ,ਕਿ   ਮੈਂ   ਕਿ ਰਾ ਇ ਆ   ਪ ਹਿ ਲਾਂ   ਦੇ ਣਾ   ਹੈ   ਜਾਂ   ਪ ਹੁ ੰ ਚ ਣ   ਕੇ,19,9
ਇਹ ਤੁਹਾਡੀ ਮਰਜ਼ੀ ਹੈ,ਇ ਹ   ਤੁ ਹਾ ਡੀ   ਮ ਰ ਜ਼ ੀ   ਹੈ,10,4
ਤੁਸੀਂ ਪੈਸੇ ਪਹਿਲਾਂ ਵੀ ਦੇ ਸਕਦੇ ਹੋ ਜਾਂ ਸਵਾਰੀ ਦੇ ਅੰਤ ਵਿੱਚ ਵੀ ਦੇ ਸਕਦੇ ਹੋ,ਤੁ ਸੀਂ   ਪੈ ਸੇ   ਪ ਹਿ ਲਾਂ   ਵੀ   ਦੇ   ਸ ਕ ਦੇ   ਹੋ   ਜਾਂ   ਸ ਵਾ ਰੀ   ਦੇ   ਅ ੰ ਤ   ਵਿ ੱ ਚ   ਵੀ   ਦੇ   ਸ ਕ ਦੇ   ਹੋ,30,16
"ਜੇਕਰ ਤੁਸੀਂ ਚਾਹੁੰਦੇ ਹੋ ਕਿ ਗੱਡੀ ਤੁਹਾਡੀ ਉਡੀਕ ਕਰੇ, ਤਾਂ ਉਸਦੇ ਪੈਸੇ ਵੱਖਰੇ ਹੋਣਗੇ","ਜੇ ਕ ਰ   ਤੁ ਸੀਂ   ਚਾ ਹੁ ੰ ਦੇ   ਹੋ   ਕਿ   ਗ ੱ ਡੀ   ਤੁ ਹਾ ਡੀ   ਉ ਡੀ ਕ   ਕ ਰੇ ,   ਤਾਂ   ਉ ਸ ਦੇ   ਪੈ ਸੇ   ਵ ੱ ਖ ਰੇ   ਹੋ ਣ ਗੇ",36,14
ਇਸਦੀ ਕੋਈ ਲੋੜ ਨਹੀਂ ਹੈ,ਇ ਸ ਦੀ   ਕੋ ਈ   ਲੋ ੜ   ਨ ਹੀਂ   ਹੈ,10,5
"ਮੈਂ ਦੱਸ ਮਿੰਟ ਚ ਤਿਆਰ ਹੋ ਜਾਵਾਂਗੀ , ਉਮੀਦ ਹੈ ਕਿ ਉਦੋਂ ਤੱਕ ਕੈਬ ਪਹੁੰਚ ਜਾਵੇਗੀ","ਮੈਂ   ਦ ੱ ਸ   ਮਿ ੰ ਟ   ਚ   ਤਿ ਆ ਰ   ਹੋ   ਜਾ ਵਾਂ ਗੀ   ,   ਉ ਮੀ ਦ   ਹੈ   ਕਿ   ਉ ਦੋਂ   ਤ ੱ ਕ   ਕੈ ਬ   ਪ ਹੁ ੰ ਚ   ਜਾ ਵੇ ਗੀ",35,16
"ਠੀਕ ਹੈ, ਤੁਹਾਡੀ ਕੈਬ ਨੂੰ ਤੁਹਾਡੇ ਪਤੇ ਤੇ ਪਹੁੰਚਣ ਵਿੱਚ ਕਰੀਬ 15 ਮਿੰਟ ਲੱਗਣਗੇ","ਠੀ ਕ   ਹੈ ,   ਤੁ ਹਾ ਡੀ   ਕੈ ਬ   ਨੂ ੰ   ਤੁ ਹਾ ਡੇ   ਪ ਤੇ   ਤੇ   ਪ ਹੁ ੰ ਚ ਣ   ਵਿ ੱ ਚ   ਕ ਰੀ ਬ   1 5   ਮਿ ੰ ਟ   ਲ ੱ ਗ ਣ ਗੇ",38,14
ਸਾਡੀ ਕੈਬ ਸਰਵਿਸ ਇਸਤੇਮਾਲ ਕਰਨ ਲਈ ਸ਼ੁਕਰੀਆ,ਸਾ ਡੀ   ਕੈ ਬ   ਸ ਰ ਵਿ ਸ   ਇ ਸ ਤੇ ਮਾ ਲ   ਕ ਰ ਨ   ਲ ਈ   ਸ਼ੁ ਕ ਰੀ ਆ,22,7
"ਹੈਲੋ ਸਰ, ਮੈਂ ਆਦਰਸ਼ ਦੀ ਮਾਂ ਹਾਂ","ਹੈ ਲੋ   ਸ ਰ ,   ਮੈਂ   ਆ ਦ ਰ ਸ਼   ਦੀ   ਮਾਂ   ਹਾਂ",13,7
ਮੈਂ ਇੱਥੇ ਆਪਣੇ ਬੇਟੇ ਬਾਰੇ ਕੁੱਝ ਗੱਲਾਂ ਤੇ ਚਰਚਾ ਕਰਨ ਆਈ ਹੈ,ਮੈਂ   ਇ ੱ ਥੇ   ਆ ਪ ਣੇ   ਬੇ ਟੇ   ਬਾ ਰੇ   ਕੁ ੱ ਝ   ਗ ੱ ਲਾਂ   ਤੇ   ਚ ਰ ਚਾ   ਕ ਰ ਨ   ਆ ਈ   ਹੈ,27,12
"ਕਿਉਂ ਕਿ ਤੁਸੀਂ ਉਸਦੇ ਕਲਾਸ ਟੀਚਰ ਹੋ, ਮੈਂ ਮਹਿਸੂਸ ਕੀਤਾ ਕਿ ਇਹ ਸਭ ਤੋਂ ਵਧੀਆ ਹੋਵੇਗਾ ਜੇਕਰ ਮੈਂ ਆਪਣੀ ਚਿੰਤਾ ਤੁਹਾਡੇ ਨਾਲ ਸਾਂਝੀ ਕਰਾਂ","ਕਿ ਉ ਂ   ਕਿ   ਤੁ ਸੀਂ   ਉ ਸ ਦੇ   ਕ ਲਾ ਸ   ਟੀ ਚ ਰ   ਹੋ ,   ਮੈਂ   ਮ ਹਿ ਸੂ ਸ   ਕੀ ਤਾ   ਕਿ   ਇ ਹ   ਸ ਭ   ਤੋਂ   ਵ ਧੀ ਆ   ਹੋ ਵੇ ਗਾ   ਜੇ ਕ ਰ   ਮੈਂ   ਆ ਪ ਣੀ   ਚਿ ੰ ਤਾ   ਤੁ ਹਾ ਡੇ   ਨਾ ਲ   ਸਾਂ ਝੀ   ਕ ਰਾਂ",55,24
ਕਿਰਪਾ ਕਰਕੇ ਆਪਣੇ ਆਪ ਨੂੰ ਸੁਖਾਵਾਂ ਕਰੋ,ਕਿ ਰ ਪਾ   ਕ ਰ ਕੇ   ਆ ਪ ਣੇ   ਆ ਪ   ਨੂ ੰ   ਸੁ ਖਾ ਵਾਂ   ਕ ਰੋ,18,7
ਤੁਸੀਂ ਕੀ ਚਰਚਾ ਕਰਨਾ ਚਾਹੋਗੇ,ਤੁ ਸੀਂ   ਕੀ   ਚ ਰ ਚਾ   ਕ ਰ ਨਾ   ਚਾ ਹੋ ਗੇ,12,5
ਮੈਂ ਆਪਣੇ ਬੇਟੇ ਦੀ ਮੋਬਾਈਲ ਫੋਨਾਂ ਅਤੇ ਵੀਡੀਓ ਗੇਮਾਂ ਦੀ ਵੱਧ ਰਹੀ ਲੱਤ ਬਾਰੇ ਪਰੇਸ਼ਾਨ ਹਾਂ,ਮੈਂ   ਆ ਪ ਣੇ   ਬੇ ਟੇ   ਦੀ   ਮੋ ਬਾ ਈ ਲ   ਫੋ ਨਾਂ   ਅ ਤੇ   ਵੀ ਡੀ ਓ   ਗੇ ਮਾਂ   ਦੀ   ਵ ੱ ਧ   ਰ ਹੀ   ਲ ੱ ਤ   ਬਾ ਰੇ   ਪ ਰੇ ਸ਼ਾ ਨ   ਹਾਂ,36,16
ਉਹ ਹਮੇਸ਼ਾ ਫੋਨ ਅਤੇ ਗੇਮਾਂ ਖੇਡਣ ਵਿੱਚ ਰੁੱਝਿਆ ਰਹਿੰਦਾ ਹੈ,ਉ ਹ   ਹ ਮੇ ਸ਼ਾ   ਫੋ ਨ   ਅ ਤੇ   ਗੇ ਮਾਂ   ਖੇ ਡ ਣ   ਵਿ ੱ ਚ   ਰੁ ੱ ਝਿ ਆ   ਰ ਹਿ ੰ ਦਾ   ਹੈ,26,10
ਅਤੇ ਮੈਂਨੂੰ ਉਸਦੀ ਸਹਿਤ ਅਤੇ ਪੜ੍ਹਾਈ ਦੀ ਬਹੁਤ ਫਿਕਰ ਹੈ,ਅ ਤੇ   ਮੈਂ ਨੂ ੰ   ਉ ਸ ਦੀ   ਸ ਹਿ ਤ   ਅ ਤੇ   ਪ ੜ ੍ ਹਾ ਈ   ਦੀ   ਬ ਹੁ ਤ   ਫਿ ਕ ਰ   ਹੈ,26,10
"ਓਹ, ਇਹ ਤਾਂ ਚਿੰਤਾਜਨਕ ਹੈ","ਓ ਹ ,   ਇ ਹ   ਤਾਂ   ਚਿ ੰ ਤਾ ਜ ਨ ਕ   ਹੈ",13,5
ਇਹ ਲੱਤ ਇਸ ਤਰ੍ਹਾਂ ਦੇ ਛੋਟੇ ਬੱਚਿਆਂ ਵਿੱਚ ਵੱਧਦੀ ਜਾ ਰਹੀ ਹੈ,ਇ ਹ   ਲ ੱ ਤ   ਇ ਸ   ਤ ਰ੍ਹਾਂ   ਦੇ   ਛੋ ਟੇ   ਬ ੱ ਚਿ ਆ ਂ   ਵਿ ੱ ਚ   ਵ ੱ ਧ ਦੀ   ਜਾ   ਰ ਹੀ   ਹੈ,28,12
ਤੁਹਾਨੂੰ ਇਸ ਸਮੱਸਿਆ ਨੂੰ ਸੁਲਝਾਉਣ ਲਈ ਉਸ ਵਿੱਚ ਕੁੱਝ ਚੰਗੀਆਂ ਆਦਤਾਂ ਪੈਦਾ ਕਰਨ ਦੀ ਕੌਸ਼ਿਸ਼ ਕਰਨੀ ਚਾਹੀਦੀ ਹੈ,ਤੁ ਹਾ ਨੂ ੰ   ਇ ਸ   ਸ ਮ ੱ ਸਿ ਆ   ਨੂ ੰ   ਸੁ ਲ ਝਾ ਉ ਣ   ਲ ਈ   ਉ ਸ   ਵਿ ੱ ਚ   ਕੁ ੱ ਝ   ਚ ੰ ਗੀ ਆ ਂ   ਆ ਦ ਤਾਂ   ਪੈ ਦਾ   ਕ ਰ ਨ   ਦੀ   ਕੌ ਸ਼ਿ ਸ਼   ਕ ਰ ਨੀ   ਚਾ ਹੀ ਦੀ   ਹੈ,52,18
ਚੰਗੀਆਂ ਆਦਤਾਂ ਜਿਵੇਂ ਕਿ,ਚ ੰ ਗੀ ਆ ਂ   ਆ ਦ ਤਾਂ   ਜਿ ਵੇਂ   ਕਿ,11,4
ਕੀ ਤੁਸੀਂ ਮੈਨੂੰ ਕੁੱਝ ਸੁਝਾਅ ਦੇ ਸਕਦੇ ਹੋ,ਕੀ   ਤੁ ਸੀਂ   ਮੈ ਨੂ ੰ   ਕੁ ੱ ਝ   ਸੁ ਝਾ ਅ   ਦੇ   ਸ ਕ ਦੇ   ਹੋ,17,8
ਤੁਸੀਂ ਉਸਨੂੰ ਵਿਹਲੇ ਸਮੇਂ ਵਿੱਚ ਕੁੱਝ ਕਹਾਣੀ ਦੀਆਂ ਕਿਤਾਬਾਂ ਪੜ੍ਹਣ ਲਈ ਉਤਸ਼ਾਹਿਤ ਕਰ ਸਕਦੇ ਹੋ,ਤੁ ਸੀਂ   ਉ ਸ ਨੂ ੰ   ਵਿ ਹ ਲੇ   ਸ ਮੇਂ   ਵਿ ੱ ਚ   ਕੁ ੱ ਝ   ਕ ਹਾ ਣੀ   ਦੀ ਆ ਂ   ਕਿ ਤਾ ਬਾਂ   ਪ ੜ ੍ ਹ ਣ   ਲ ਈ   ਉ ਤ ਸ਼ਾ ਹਿ ਤ   ਕ ਰ   ਸ ਕ ਦੇ   ਹੋ,44,15
"ਇੱਕ ਵਿਦਿਆਰਥੀ ਲਈ, ਮੇਰੇ ਹਿਸਾਬ ਨਾਲ, ਇੱਕ ਸਭ ਤੋਂ ਵਧੀਆ ਆਦਤ ਹੈ","ਇ ੱ ਕ   ਵਿ ਦਿ ਆ ਰ ਥੀ   ਲ ਈ ,   ਮੇ ਰੇ   ਹਿ ਸਾ ਬ   ਨਾ ਲ ,   ਇ ੱ ਕ   ਸ ਭ   ਤੋਂ   ਵ ਧੀ ਆ   ਆ ਦ ਤ   ਹੈ",32,12
"ਨਾਲ ਹੀ, ਮੋਬਾਇਲ ਖੇਡਾਂ ਤੋਂ ਉਸਨੂੰ ਦੂਰ ਕਰਨ ਲਈ, ਤੁਸੀਂ ਉਸਨੂੰ ਕਿਸੇ ਖੇਡ ਅਕੈਡਮੀ ਵਿੱਚ ਵੀ ਦਾਖਲ ਕਰਵਾ ਸਕਦੇ ਹੋ","ਨਾ ਲ   ਹੀ ,   ਮੋ ਬਾ ਇ ਲ   ਖੇ ਡਾਂ   ਤੋਂ   ਉ ਸ ਨੂ ੰ   ਦੂ ਰ   ਕ ਰ ਨ   ਲ ਈ ,   ਤੁ ਸੀਂ   ਉ ਸ ਨੂ ੰ   ਕਿ ਸੇ   ਖੇ ਡ   ਅ ਕੈ ਡ ਮੀ   ਵਿ ੱ ਚ   ਵੀ   ਦਾ ਖ ਲ   ਕ ਰ ਵਾ   ਸ ਕ ਦੇ   ਹੋ",51,20
"ਮਾਰਸ਼ਲ ਆਰਟ, ਤੈਰਾਕੀ, ਕ੍ਰਿਕਟ ਆਦਿ ਕੁੱਝ ਵਧੀਆ ਖੇਡਾਂ ਹਨ, ਉਹ ਕੋਸ਼ਿਸ਼ ਕਰ ਸਕਦਾ ਹੈ","ਮਾ ਰ ਸ਼ ਲ   ਆ ਰ ਟ ,   ਤੈ ਰਾ ਕੀ ,   ਕ੍ਰਿ ਕ ਟ   ਆ ਦਿ   ਕੁ ੱ ਝ   ਵ ਧੀ ਆ   ਖੇ ਡਾਂ   ਹ ਨ ,   ਉ ਹ   ਕੋ ਸ਼ਿ ਸ਼   ਕ ਰ   ਸ ਕ ਦਾ   ਹੈ",39,14
"ਇਸ, ਤਰ੍ਹਾਂ ਉਹ ਤੰਦਰੁਸਤ ਵੀ ਰਹੇਗਾ","ਇ ਸ ,   ਤ ਰ੍ਹਾਂ   ਉ ਹ   ਤ ੰ ਦ ਰੁ ਸ ਤ   ਵੀ   ਰ ਹੇ ਗਾ",17,6
"ਜਦੋਂ ਉਹ ਖੇਡਾਂ ਨਹੀਂ ਖੇਡ ਰਿਹਾ ਹੁੰਦਾ, ਉਹ ਆਮ ਤੌਰ 'ਤੇ ਕੁੱਝ ਗਾਉਣ ਵਾਲੇ ਰਿਐਲਟੀ ਸ਼ੋਅ ਦੇ ਵਿਡੀਓ ਦੇਖਦਾ ਹੈ","ਜ ਦੋਂ   ਉ ਹ   ਖੇ ਡਾਂ   ਨ ਹੀਂ   ਖੇ ਡ   ਰਿ ਹਾ   ਹੁ ੰ ਦਾ ,   ਉ ਹ   ਆ ਮ   ਤੌ ਰ   ' ਤੇ   ਕੁ ੱ ਝ   ਗਾ ਉ ਣ   ਵਾ ਲੇ   ਰਿ ਐ ਲ ਟੀ   ਸ਼ੋ ਅ   ਦੇ   ਵਿ ਡੀ ਓ   ਦੇ ਖ ਦਾ   ਹੈ",46,20
"ਇਸ ਲਈ, ਮੈਂ ਮਹਿਸੂਸ ਕੀਤਾ ਕਿ ਉਸਨੂੰ ਸੰਗੀਤ ਵਿੱਚ ਦਿਲਚਸਪੀ ਹੋਣੀ","ਇ ਸ   ਲ ਈ ,   ਮੈਂ   ਮ ਹਿ ਸੂ ਸ   ਕੀ ਤਾ   ਕਿ   ਉ ਸ ਨੂ ੰ   ਸ ੰ ਗੀ ਤ   ਵਿ ੱ ਚ   ਦਿ ਲ ਚ ਸ ਪੀ   ਹੋ ਣੀ",31,11
ਕੀ ਮੈਨੂੰ ਇਸ ਦੀ ਬਜਾਏ ਉਸਨੂੰ ਕਿਸੇ ਸੰਗੀਤ ਸਕੂਲ ਵਿੱਚ ਦਾਖਲ ਕਰਵਾਉਣਾ ਚਾਹੀਦਾ ਹੈ,ਕੀ   ਮੈ ਨੂ ੰ   ਇ ਸ   ਦੀ   ਬ ਜਾ ਏ   ਉ ਸ ਨੂ ੰ   ਕਿ ਸੇ   ਸ ੰ ਗੀ ਤ   ਸ ਕੂ ਲ   ਵਿ ੱ ਚ   ਦਾ ਖ ਲ   ਕ ਰ ਵਾ ਉ ਣਾ   ਚਾ ਹੀ ਦਾ   ਹੈ,38,14
ਕੀ ਇਹ ਉਹ ਲਈ ਇੱਕ ਸਕਾਰਾਤਮਕ ਸ਼ੌਂਕ ਹੋਵੇਗਾ,ਕੀ   ਇ ਹ   ਉ ਹ   ਲ ਈ   ਇ ੱ ਕ   ਸ ਕਾ ਰਾ ਤ ਮ ਕ   ਸ਼ੌਂ ਕ   ਹੋ ਵੇ ਗਾ,21,8
"ਇਸ ਵਿੱਚ ਕੋਈ ਸ਼ੱਕ ਨਹੀਂ, ਕਿ ਇਹ ਇੱਕ ਵਧੀਆ ਸ਼ੌਂਕ ਹੈ","ਇ ਸ   ਵਿ ੱ ਚ   ਕੋ ਈ   ਸ਼ ੱ ਕ   ਨ ਹੀਂ ,   ਕਿ   ਇ ਹ   ਇ ੱ ਕ   ਵ ਧੀ ਆ   ਸ਼ੌਂ ਕ   ਹੈ",25,11
ਤੁਸੀਂ ਇਹ ਕਰ ਸਕਦੇ ਹੋ,ਤੁ ਸੀਂ   ਇ ਹ   ਕ ਰ   ਸ ਕ ਦੇ   ਹੋ,10,5
ਪਰ ਤੁਹਾਨੂੰ ਇਹ ਵੀ ਯਕੀਨੀ ਬਣਾਉਣਾ ਹੋਵੇਗਾ ਕਿ ਉਹ ਬਾਹਰ ਜਾਵੇ ਅਤੇ ਹੋਰ ਬੱਚਿਆਂ ਨਾਲ ਖੇਡੇ,ਪ ਰ   ਤੁ ਹਾ ਨੂ ੰ   ਇ ਹ   ਵੀ   ਯ ਕੀ ਨੀ   ਬ ਣਾ ਉ ਣਾ   ਹੋ ਵੇ ਗਾ   ਕਿ   ਉ ਹ   ਬਾ ਹ ਰ   ਜਾ ਵੇ   ਅ ਤੇ   ਹੋ ਰ   ਬ ੱ ਚਿ ਆ ਂ   ਨਾ ਲ   ਖੇ ਡੇ,40,16
ਉਹਨੂੰ ਬਾਹਰ ਦੀ ਦੁਨਿਆ ਦੇਖਣ ਅਤੇ ਉਸ ਨੂੰ ਮਾਣਨ ਦੀ ਲੋੜ ਹੈ,ਉ ਹ ਨੂ ੰ   ਬਾ ਹ ਰ   ਦੀ   ਦੁ ਨਿ ਆ   ਦੇ ਖ ਣ   ਅ ਤੇ   ਉ ਸ   ਨੂ ੰ   ਮਾ ਣ ਨ   ਦੀ   ਲੋ ੜ   ਹੈ,27,12
"ਹਾਂ ਜੀ, ਮੈਂ ਸੋਚ ਰਹਿ ਹਾਂ ਕਿ ਉਸਨੂੰ ਰੋਜ਼ ਸ਼ਾਮ ਆਪਣੇ ਨੇੜੇ ਵਾਲੇ ਖੇਡ ਦੇ ਮੈਦਾਨ ਵਿੱਚ ਲੈ ਕੇ ਜਾਵਾਂ","ਹਾਂ   ਜੀ ,   ਮੈਂ   ਸੋ ਚ   ਰ ਹਿ   ਹਾਂ   ਕਿ   ਉ ਸ ਨੂ ੰ   ਰੋ ਜ਼   ਸ਼ਾ ਮ   ਆ ਪ ਣੇ   ਨੇ ੜ ੇ   ਵਾ ਲੇ   ਖੇ ਡ   ਦੇ   ਮੈ ਦਾ ਨ   ਵਿ ੱ ਚ   ਲੈ   ਕੇ   ਜਾ ਵਾਂ",39,20
ਅਤੇ ਮੈਂ ਉਸਨੂੰ ਇੱਕ ਸੰਗੀਤ ਸਕੂਲ ਵਿੱਚ ਵੀ ਦਾਖਲ ਕਰਵਾ ਦੇਵਾਂਗੀ,ਅ ਤੇ   ਮੈਂ   ਉ ਸ ਨੂ ੰ   ਇ ੱ ਕ   ਸ ੰ ਗੀ ਤ   ਸ ਕੂ ਲ   ਵਿ ੱ ਚ   ਵੀ   ਦਾ ਖ ਲ   ਕ ਰ ਵਾ   ਦੇ ਵਾਂ ਗੀ,30,11
ਮੈਨੂੰ ਉਮੀਦ ਹੈ ਕਿ ਇਸ ਨਾਲ ਫਰਕ ਪਵੇਗਾ,ਮੈ ਨੂ ੰ   ਉ ਮੀ ਦ   ਹੈ   ਕਿ   ਇ ਸ   ਨਾ ਲ   ਫ ਰ ਕ   ਪ ਵੇ ਗਾ,18,8
ਮੈਂ ਉਸ ਲਈ ਕੁੱਝ ਚੰਗੀਆਂ ਕੋਮਿਕ ਕਿਤਾਬਾਂ ਵੀ ਲੈ ਕੇ ਆਵਾਂਗੀ ਤਾਂ ਜੋ ਉਹ ਕਿਤਾਬਾਂ ਪੜ੍ਹਨ ਵਿੱਚ ਰੁਚੀ ਲਵੇ,ਮੈਂ   ਉ ਸ   ਲ ਈ   ਕੁ ੱ ਝ   ਚ ੰ ਗੀ ਆ ਂ   ਕੋ ਮਿ ਕ   ਕਿ ਤਾ ਬਾਂ   ਵੀ   ਲੈ   ਕੇ   ਆ ਵਾਂ ਗੀ   ਤਾਂ   ਜੋ   ਉ ਹ   ਕਿ ਤਾ ਬਾਂ   ਪ ੜ ੍ ਹ ਨ   ਵਿ ੱ ਚ   ਰੁ ਚੀ   ਲ ਵੇ,44,19
"ਹਾਂ, ਇਹਹ ਤੁਹਾਡਾ ਪਹਿਲਾ ਕੰਮ ਹੋਣਾ ਚਾਹੀਦਾ ਹੈ","ਹਾਂ ,   ਇ ਹ ਹ   ਤੁ ਹਾ ਡਾ   ਪ ਹਿ ਲਾ   ਕ ੰ ਮ   ਹੋ ਣਾ   ਚਾ ਹੀ ਦਾ   ਹੈ",20,8
"ਮੈਂ ਲੱਗਦਾ ਹੈ ਕਿ ਇੰਝ ਕਰਨ ਨਾਲ, ਉਹ ਇਨ੍ਹਾਂ ਚੀਜ਼ਾਂ ਵਿੱਚ ਰੁਚੀ ਲਭੇਗਾ","ਮੈਂ   ਲ ੱ ਗ ਦਾ   ਹੈ   ਕਿ   ਇ ੰ ਝ   ਕ ਰ ਨ   ਨਾ ਲ ,   ਉ ਹ   ਇ ਨ੍ਹਾਂ   ਚੀ ਜ਼ ਾ ਂ   ਵਿ ੱ ਚ   ਰੁ ਚੀ   ਲ ਭੇ ਗਾ",32,13
ਕੀ ਤੁਹਾਡੇ ਕੋਈ ਹੋਰ ਸਵਾਲ ਹਨ,ਕੀ   ਤੁ ਹਾ ਡੇ   ਕੋ ਈ   ਹੋ ਰ   ਸ ਵਾ ਲ   ਹ ਨ,13,6
"ਨਹੀਂ, ਸਾਹਿਬ , ਬਸ ਮੈਂ ਏਹੀ ਸਭ ਗੱਲਾਂ ਕਰਨਾ ਚਾਹੁੰਦੀ ਸੀ","ਨ ਹੀਂ ,   ਸਾ ਹਿ ਬ   ,   ਬ ਸ   ਮੈਂ   ਏ ਹੀ   ਸ ਭ   ਗ ੱ ਲਾਂ   ਕ ਰ ਨਾ   ਚਾ ਹੁ ੰ ਦੀ   ਸੀ",25,11
ਤੁਹਾਡਾ ਸੁਝਾਅ ਦੇਣ ਲਈ ਬਹੁਤ ਬਹੁਤ ਸ਼ੁਕਰੀਆ,ਤੁ ਹਾ ਡਾ   ਸੁ ਝਾ ਅ   ਦੇ ਣ   ਲ ਈ   ਬ ਹੁ ਤ   ਬ ਹੁ ਤ   ਸ਼ੁ ਕ ਰੀ ਆ,20,7
ਤੁਹਾਡਾ ਸੁਆਗਤ ਹੈ,ਤੁ ਹਾ ਡਾ   ਸੁ ਆ ਗ ਤ   ਹੈ,8,3
ਜੇਕਰ ਸਮੱਸਿਆ ਹੱਲ ਨਾ ਹੋਵੇ ਦੁਬਾਰਾ ਜ਼ਰੂਰ ਆਉਣਾ,ਜੇ ਕ ਰ   ਸ ਮ ੱ ਸਿ ਆ   ਹ ੱ ਲ   ਨਾ   ਹੋ ਵੇ   ਦੁ ਬਾ ਰਾ   ਜ਼ ਰੂ ਰ   ਆ ਉ ਣਾ,23,8
"ਹਾਂ ਜੀ, ਪੱਕਾ","ਹਾਂ   ਜੀ ,   ਪ ੱ ਕਾ",6,3
"ਹਾਂ ਜੀ, ਕੀ ਤੁਸੀਂ ਇਸ ਯੂਨੀਵਰਸਿਟੀ ਵਿੱਚ ਨਵੇਂ ਹੋ","ਹਾਂ   ਜੀ ,   ਕੀ   ਤੁ ਸੀਂ   ਇ ਸ   ਯੂ ਨੀ ਵ ਰ ਸਿ ਟੀ   ਵਿ ੱ ਚ   ਨ ਵੇਂ   ਹੋ",20,9
"ਹਾਂ, ਮੈਂ ਇਸ ਸਾਲ ਦਾਖਲਾ ਲਿਆ ਹੈ","ਹਾਂ ,   ਮੈਂ   ਇ ਸ   ਸਾ ਲ   ਦਾ ਖ ਲਾ   ਲਿ ਆ   ਹੈ",13,7
ਤੁਸੀਂ,ਤੁ ਸੀਂ,2,1
ਮੈਂ ਵੀ,ਮੈਂ   ਵੀ,2,2
ਮੈਂ ਵੀ ਇਸੇ ਸਾਲ ਦਾਖਲਾ ਲਿਆ ਹੈ,ਮੈਂ   ਵੀ   ਇ ਸੇ   ਸਾ ਲ   ਦਾ ਖ ਲਾ   ਲਿ ਆ   ਹੈ,12,7
ਤੁਹਾਡਾ ਨਾਮ ਕੀ ਹੈ,ਤੁ ਹਾ ਡਾ   ਨਾ ਮ   ਕੀ   ਹੈ,7,4
ਅਤੇ ਤੁਸੀਂ ਕਿਸ ਕਲੱਬ ਵਿੱਚ ਸ਼ਾਮਿਲ ਹੋਏ ਹੋ,ਅ ਤੇ   ਤੁ ਸੀਂ   ਕਿ ਸ   ਕ ਲ ੱ ਬ   ਵਿ ੱ ਚ   ਸ਼ਾ ਮਿ ਲ   ਹੋ ਏ   ਹੋ,19,8
"ਮੇਰਾ ਨਾਂ ਦੇਬੇਂਦਰ ਹੈ, ਅਤੇ ਮੈਂ ਖੇਡ ਕਲੱਬ ਵਿੱਚ ਸ਼ਾਮਿਲ ਹੋਇਆ ਹਾਂ","ਮੇ ਰਾ   ਨਾਂ   ਦੇ ਬੇਂ ਦ ਰ   ਹੈ ,   ਅ ਤੇ   ਮੈਂ   ਖੇ ਡ   ਕ ਲ ੱ ਬ   ਵਿ ੱ ਚ   ਸ਼ਾ ਮਿ ਲ   ਹੋ ਇ ਆ   ਹਾਂ",28,12
ਤੁਸੀਂ,ਤੁ ਸੀਂ,2,1
ਮੈਂ ਸੰਗੀਤ ਕਲੱਬ ਵਿੱਚ ਸ਼ਾਮਿਲ ਹੋਇਆ ਹਾਂ,ਮੈਂ   ਸ ੰ ਗੀ ਤ   ਕ ਲ ੱ ਬ   ਵਿ ੱ ਚ   ਸ਼ਾ ਮਿ ਲ   ਹੋ ਇ ਆ   ਹਾਂ,19,7
ਕੀ ਤੁਸੀਂ ਹਰ ਤਰ੍ਹਾਂ ਦੀਆਂ ਖੇਡਾਂ ਵਿੱਚ ਦਿਲਚਸਪੀ ਰੱਖਦੇ ਹੋ,ਕੀ   ਤੁ ਸੀਂ   ਹ ਰ   ਤ ਰ੍ਹਾਂ   ਦੀ ਆ ਂ   ਖੇ ਡਾਂ   ਵਿ ੱ ਚ   ਦਿ ਲ ਚ ਸ ਪੀ   ਰ ੱ ਖ ਦੇ   ਹੋ,25,10
"ਨਹੀਂ, ਦਰਅਸਲ ਮੈਂ ਖੇਡਾਂ ਨਾਲੋਂ ਮੋਟਰ ਸਾਈਕਲ ਚਲਾਉਣ ਵਿੱਚ ਵੱਧ ਦਿਲਚਸਪੀ ਰੱਖਦਾ ਹਾਂ","ਨ ਹੀਂ ,   ਦ ਰ ਅ ਸ ਲ   ਮੈਂ   ਖੇ ਡਾਂ   ਨਾ ਲੋਂ   ਮੋ ਟ ਰ   ਸਾ ਈ ਕ ਲ   ਚ ਲਾ ਉ ਣ   ਵਿ ੱ ਚ   ਵ ੱ ਧ   ਦਿ ਲ ਚ ਸ ਪੀ   ਰ ੱ ਖ ਦਾ   ਹਾਂ",40,13
"ਮੈਨੂੰ ਮੀਲੋਂ ਦੂਰ ਸਵਾਰੀ ਕਰਨਾ ਪਸੰਦ ਹੈ, ਇਹ ਮੇਰਾ ਸ਼ੌਂਕ ਹੈ","ਮੈ ਨੂ ੰ   ਮੀ ਲੋਂ   ਦੂ ਰ   ਸ ਵਾ ਰੀ   ਕ ਰ ਨਾ   ਪ ਸ ੰ ਦ   ਹੈ ,   ਇ ਹ   ਮੇ ਰਾ   ਸ਼ੌਂ ਕ   ਹੈ",26,11
"ਪਰ ਕਿਉਂਕਿ ਇੱਥੇ ਖੇਡਾਂ ਤੋਂ ਇਲਾਵਾ ਮੇਰੀ ਦਿਲਚਸਪੀ ਵਾਲਾ ਹੋਰ ਕੁੱਝ ਵੀ ਨਹੀਂ ਹੈ, ਇਸ ਲਈ ਮੈਂ ਖੇਡਾਂ ਵਿੱਚ ਸ਼ਾਮਿਲ ਹੋ ਗਿਆ","ਪ ਰ   ਕਿ ਉ ਂ ਕਿ   ਇ ੱ ਥੇ   ਖੇ ਡਾਂ   ਤੋਂ   ਇ ਲਾ ਵਾ   ਮੇ ਰੀ   ਦਿ ਲ ਚ ਸ ਪੀ   ਵਾ ਲਾ   ਹੋ ਰ   ਕੁ ੱ ਝ   ਵੀ   ਨ ਹੀਂ   ਹੈ ,   ਇ ਸ   ਲ ਈ   ਮੈਂ   ਖੇ ਡਾਂ   ਵਿ ੱ ਚ   ਸ਼ਾ ਮਿ ਲ   ਹੋ   ਗਿ ਆ",50,22
ਮੈਂ ਕਦੇ ਕਦੇ ਫੁੱਟਬਾਲ ਖੇਡਦਾ ਹਾਂ,ਮੈਂ   ਕ ਦੇ   ਕ ਦੇ   ਫੁ ੱ ਟ ਬਾ ਲ   ਖੇ ਡ ਦਾ   ਹਾਂ,14,6
"ਓਹ, ਅੱਛਾ","ਓ ਹ ,   ਅ ੱ ਛਾ",6,2
ਫਿਰ ਤਾਂ ਤੁਸੀਂ ਬਹੁਤ ਸਾਹਸੀ ਹੋਵੋਂਗੇ,ਫਿ ਰ   ਤਾਂ   ਤੁ ਸੀਂ   ਬ ਹੁ ਤ   ਸਾ ਹ ਸੀ   ਹੋ ਵੋਂ ਗੇ,14,6
"ਹਾਂ, ਤੁਸੀਂ ਕਹਿ ਸਕਦੇ ਹੋ","ਹਾਂ ,   ਤੁ ਸੀਂ   ਕ ਹਿ   ਸ ਕ ਦੇ   ਹੋ",10,5
ਮੈਂ ਅਸਲ ਵਿੱਚ ਇਹਨਾਂ ਸਾਹਸੀ ਖੇਡਾਂ ਵਿੱਚ ਨਹੀਂ ਹਾਂ,ਮੈਂ   ਅ ਸ ਲ   ਵਿ ੱ ਚ   ਇ ਹ ਨਾਂ   ਸਾ ਹ ਸੀ   ਖੇ ਡਾਂ   ਵਿ ੱ ਚ   ਨ ਹੀਂ   ਹਾਂ,21,9
ਤੁਸੀਂ ਲੋਕ ਇਹ ਕਿਵੇਂ ਕਰਦੇ ਹੋ,ਤੁ ਸੀਂ   ਲੋ ਕ   ਇ ਹ   ਕਿ ਵੇਂ   ਕ ਰ ਦੇ   ਹੋ,12,6
ਤੁਹਾਨੂੰ ਡਰ ਨਹੀਂ ਲੱਗਦਾ,ਤੁ ਹਾ ਨੂ ੰ   ਡ ਰ   ਨ ਹੀਂ   ਲ ੱ ਗ ਦਾ,12,4
"ਨਹੀਂ, ਬਾਈਕਿੰਗ ਡਰਾਉਣੀ ਨਹੀਂ ਹੈ ਅਤੇ ਮੈਂ ਇੱਕ ਬੇਕਾਰ ਰਾਈਡਰ ਵੀ ਨਹੀਂ ਹਾਂ","ਨ ਹੀਂ ,   ਬਾ ਈ ਕਿ ੰ ਗ   ਡ ਰਾ ਉ ਣੀ   ਨ ਹੀਂ   ਹੈ   ਅ ਤੇ   ਮੈਂ   ਇ ੱ ਕ   ਬੇ ਕਾ ਰ   ਰਾ ਈ ਡ ਰ   ਵੀ   ਨ ਹੀਂ   ਹਾਂ",32,13
ਤੁਹਾਨੂੰ ਵੀ ਇਹ ਕੋਸ਼ਿਸ਼ ਕਰਨੀ ਚਾਹੀਦੀ ਹੈ; ਜਦੋਂ ਸੜਕ ਖਾਲੀ ਅਤੇ ਸੋਹਣੀ ਹੁੰਦੀ ਹੈ ਤਾਂ ਇਹ ਸ਼ਾਂਤੀਪੂਰਨ ਹੁੰਦਾ ਹੈ,ਤੁ ਹਾ ਨੂ ੰ   ਵੀ   ਇ ਹ   ਕੋ ਸ਼ਿ ਸ਼   ਕ ਰ ਨੀ   ਚਾ ਹੀ ਦੀ   ਹੈ ;   ਜ ਦੋਂ   ਸ ੜ ਕ   ਖਾ ਲੀ   ਅ ਤੇ   ਸੋ ਹ ਣੀ   ਹੁ ੰ ਦੀ   ਹੈ   ਤਾਂ   ਇ ਹ   ਸ਼ਾਂ ਤੀ ਪੂ ਰ ਨ   ਹੁ ੰ ਦਾ   ਹੈ,46,19
"ਵੈਸੇ, ਕੀ ਗਾਉਣਾ ਤੁਹਾਡਾ ਸ਼ੌਂਕ ਹੈ","ਵੈ ਸੇ ,   ਕੀ   ਗਾ ਉ ਣਾ   ਤੁ ਹਾ ਡਾ   ਸ਼ੌਂ ਕ   ਹੈ",13,6
"ਹਾਂ, ਮੈਨੂੰ ਗਾਉਣਾ ਪਸੰਦ ਹੈ","ਹਾਂ ,   ਮੈ ਨੂ ੰ   ਗਾ ਉ ਣਾ   ਪ ਸ ੰ ਦ   ਹੈ",13,5
"ਤੁਹਾਨੂੰ ਕਿਵੇਂ ਪਤਾ, ਵੈਸੇ","ਤੁ ਹਾ ਨੂ ੰ   ਕਿ ਵੇਂ   ਪ ਤਾ ,   ਵੈ ਸੇ",11,4
"ਨਹੀਂ, ਮੈਂ ਸਿਰਫ਼ ਪੁੱਛਿਆ, ਜਿਵੇਂ ਤੁਸੀਂ ਕਿਹਾ, ਤੁਸੀਂ ਸੰਗੀਤ ਕਲੱਬ 'ਚ ਸ਼ਾਮਿਲ ਹੋ","ਨ ਹੀਂ ,   ਮੈਂ   ਸਿ ਰ ਫ਼   ਪੁ ੱ ਛਿ ਆ ,   ਜਿ ਵੇਂ   ਤੁ ਸੀਂ   ਕਿ ਹਾ ,   ਤੁ ਸੀਂ   ਸ ੰ ਗੀ ਤ   ਕ ਲ ੱ ਬ   ' ਚ   ਸ਼ਾ ਮਿ ਲ   ਹੋ",35,13
ਕਿਸ ਤਰ੍ਹਾਂ ਦਾ ਸੰਗੀਤ ਪੇਸ਼ ਕਰਦੇ ਹੋ,ਕਿ ਸ   ਤ ਰ੍ਹਾਂ   ਦਾ   ਸ ੰ ਗੀ ਤ   ਪੇ ਸ਼   ਕ ਰ ਦੇ   ਹੋ,15,7
ਮੈਨੂੰ ਅਸਾਮੀ ਗਾਣੇ ਗਾਉਣੇ ਪਸੰਦ ਹਨ,ਮੈ ਨੂ ੰ   ਅ ਸਾ ਮੀ   ਗਾ ਣੇ   ਗਾ ਉ ਣੇ   ਪ ਸ ੰ ਦ   ਹ ਨ,17,6
ਪਰ ਮੈਂ ਹੋਰ ਭਾਸ਼ਾਵਾਂ ਵਿੱਚ ਵੀ ਗਾ ਲੈਂਦਾ ਹਾਂ,ਪ ਰ   ਮੈਂ   ਹੋ ਰ   ਭਾ ਸ਼ਾ ਵਾਂ   ਵਿ ੱ ਚ   ਵੀ   ਗਾ   ਲੈਂ ਦਾ   ਹਾਂ,16,9
ਗਾਉਣਾ ਮੇਰੇ ਦਿਮਾਗ ਨੂੰ ਸ਼ਾਂਤ ਰੱਖਦਾ ਹੈ,ਗਾ ਉ ਣਾ   ਮੇ ਰੇ   ਦਿ ਮਾ ਗ   ਨੂ ੰ   ਸ਼ਾਂ ਤ   ਰ ੱ ਖ ਦਾ   ਹੈ,17,7
ਮੈਂ ਗਾਣੇ ਸੁਣਨਾ ਪਸੰਦ ਹੈ ਅਤੇ ਇਸ ਕਰਕੇ ਗਾਉਣਾ ਮੇਰਾ ਸ਼ੌਂਕ ਬਣ ਗਿਆ,ਮੈਂ   ਗਾ ਣੇ   ਸੁ ਣ ਨਾ   ਪ ਸ ੰ ਦ   ਹੈ   ਅ ਤੇ   ਇ ਸ   ਕ ਰ ਕੇ   ਗਾ ਉ ਣਾ   ਮੇ ਰਾ   ਸ਼ੌਂ ਕ   ਬ ਣ   ਗਿ ਆ,29,13
ਮੈਨੂੰ ਆਪਣੇ ਸ਼ੌਂਕ ਬਾਰੇ ਦੱਸੋ,ਮੈ ਨੂ ੰ   ਆ ਪ ਣੇ   ਸ਼ੌਂ ਕ   ਬਾ ਰੇ   ਦ ੱ ਸੋ,13,5
"ਵਾਹ, ਇਹ ਤਾਂ ਕਮਾਲ ਹੈ","ਵਾ ਹ ,   ਇ ਹ   ਤਾਂ   ਕ ਮਾ ਲ   ਹੈ",10,5
"ਜਿਵੇਂ ਕਿ ਮੈਂ ਦੱਸਿਆ,ਮੈਨੂੰ ਆਪਣੇ ਮੋਟਰਸਾਈਕਲ 'ਤੇ ਮੀਲੋਂ ਦੂਰ ਸਵਾਰੀ ਕਰਨਾ ਪਸੰਦ ਹੈ","ਜਿ ਵੇਂ   ਕਿ   ਮੈਂ   ਦ ੱ ਸਿ ਆ , ਮੈ ਨੂ ੰ   ਆ ਪ ਣੇ   ਮੋ ਟ ਰ ਸਾ ਈ ਕ ਲ   ' ਤੇ   ਮੀ ਲੋਂ   ਦੂ ਰ   ਸ ਵਾ ਰੀ   ਕ ਰ ਨਾ   ਪ ਸ ੰ ਦ   ਹੈ",39,13
ਮੈਂ ਜਿਆਦਾਂਤਰ ਆਪਣੇ ਗਰੁੱਪ ਨਾਲ ਹਫ਼ਤੇ ਦੇ ਅੰਤ ਵਿੱਚ ਬਾਹਰ ਜਾਂਦਾ ਹਾਂ,ਮੈਂ   ਜਿ ਆ ਦਾਂ ਤ ਰ   ਆ ਪ ਣੇ   ਗ ਰੁ ੱ ਪ   ਨਾ ਲ   ਹ ਫ਼ ਤੇ   ਦੇ   ਅ ੰ ਤ   ਵਿ ੱ ਚ   ਬਾ ਹ ਰ   ਜਾਂ ਦਾ   ਹਾਂ,31,12
ਕੀ ਤੁਸੀਂ ਕਦੇ ਸਾਡੇ ਨਾਲ ਆਉਣਾ ਚਾਹੋਗੇ,ਕੀ   ਤੁ ਸੀਂ   ਕ ਦੇ   ਸਾ ਡੇ   ਨਾ ਲ   ਆ ਉ ਣਾ   ਚਾ ਹੋ ਗੇ,15,7
"ਹਾਂ, ਬਿਲਕੁੱਲ, ਕਿਉਂ ਨਹੀਂ","ਹਾਂ ,   ਬਿ ਲ ਕੁ ੱ ਲ ,   ਕਿ ਉ ਂ   ਨ ਹੀਂ",13,4
ਮੈਂ ਕਿਸੇ ਦਿਨ ਇਹ ਕੋਸ਼ਿਸ਼ ਕਰਨਾ ਪਸੰਦ ਕਰਾਂਗਾ,ਮੈਂ   ਕਿ ਸੇ   ਦਿ ਨ   ਇ ਹ   ਕੋ ਸ਼ਿ ਸ਼   ਕ ਰ ਨਾ   ਪ ਸ ੰ ਦ   ਕ ਰਾਂ ਗਾ,20,8
"ਠੀਕ ਹੈ, ਮੈਂ ਦਸਾਂਗਾ ਜਦੋਂ ਅਸੀਂ ਅਗਲੀ ਵਾਰ ਸਵਾਰੀ 'ਤੇ ਗਏ","ਠੀ ਕ   ਹੈ ,   ਮੈਂ   ਦ ਸਾਂ ਗਾ   ਜ ਦੋਂ   ਅ ਸੀਂ   ਅ ਗ ਲੀ   ਵਾ ਰ   ਸ ਵਾ ਰੀ   ' ਤੇ   ਗ ਏ",24,11
"ਤੁਹਾਡਾ ਪਸੰਦੀਦਾ ਟਿਕਾਣਾ ਕਿਹੜਾ ਹੈ, ਵੈਸੇ","ਤੁ ਹਾ ਡਾ   ਪ ਸ ੰ ਦੀ ਦਾ   ਟਿ ਕਾ ਣਾ   ਕਿ ਹ ੜ ਾ   ਹੈ ,   ਵੈ ਸੇ",19,6
ਅਸੀਂ ਅਕਸਰ ਮੇਘਾਲਿਆ ਜਾਂਦੇ ਹਾਂ ਜਿਵੇਂ ਉੱਥੇ ਸੜਕਾਂ ਅਤੇ ਥਾਵਾਂ ਦੋਵੇਂ ਖੂਬਸੂਰਤ ਹਨ,ਅ ਸੀਂ   ਅ ਕ ਸ ਰ   ਮੇ ਘਾ ਲਿ ਆ   ਜਾਂ ਦੇ   ਹਾਂ   ਜਿ ਵੇਂ   ਉ ੱ ਥੇ   ਸ ੜ ਕਾਂ   ਅ ਤੇ   ਥਾ ਵਾਂ   ਦੋ ਵੇਂ   ਖੂ ਬ ਸੂ ਰ ਤ   ਹ ਨ,34,13
"ਵਾਹ, ਇਹ ਤਾਂ ਕਮਾਲ ਹੈ","ਵਾ ਹ ,   ਇ ਹ   ਤਾਂ   ਕ ਮਾ ਲ   ਹੈ",10,5
"ਮੈਂ ਅਗਲੀ ਵਾਰ ਪੱਕਾ ਆਵਾਂਗਾ, ਫਿਰ ਤਾਂ","ਮੈਂ   ਅ ਗ ਲੀ   ਵਾ ਰ   ਪ ੱ ਕਾ   ਆ ਵਾਂ ਗਾ ,   ਫਿ ਰ   ਤਾਂ",16,7
ਜਰੂਰ,ਜ ਰੂ ਰ,3,1
"ਸਤਿ ਸ੍ਰੀ ਅਕਾਲ, ਸਾਰੀਆਂ ਨੂੰ","ਸ ਤਿ   ਸ੍ਰੀ   ਅ ਕਾ ਲ ,   ਸਾ ਰੀ ਆ ਂ   ਨੂ ੰ",13,5
"ਜਿਵੇਂ ਕਿ ਤੁਹਾਨੂੰ ਸਾਰੀਆਂ ਨੂੰ ਪਤਾ ਹੈ, ਅੱਜ 5 ਜੂਨ ਹੈ, ਜੋ ਕਿ ਵਿਸ਼ਵ ਵਾਤਾਵਰਣ ਦਿਵਸ ਵਜੋਂ ਮਨਾਈਆ ਜਾਂਦਾ ਹੈ","ਜਿ ਵੇਂ   ਕਿ   ਤੁ ਹਾ ਨੂ ੰ   ਸਾ ਰੀ ਆ ਂ   ਨੂ ੰ   ਪ ਤਾ   ਹੈ ,   ਅ ੱ ਜ   5   ਜੂ ਨ   ਹੈ ,   ਜੋ   ਕਿ   ਵਿ ਸ਼ ਵ   ਵਾ ਤਾ ਵ ਰ ਣ   ਦਿ ਵ ਸ   ਵ ਜੋਂ   ਮ ਨਾ ਈ ਆ   ਜਾਂ ਦਾ   ਹੈ",47,20
ਵਨ ਵਿਭਾਗ ਦੇ ਪੂਰਬੀ ਖੇਤਰ ਦੇ ਮੁਖੀ ਸ਼੍ਰੀ ਬਾਲਾਸੁਬਰਾਮਨੀਅਮ ਇੱਥੇ ਹਨ,ਵ ਨ   ਵਿ ਭਾ ਗ   ਦੇ   ਪੂ ਰ ਬੀ   ਖੇ ਤ ਰ   ਦੇ   ਮੁ ਖੀ   ਸ਼੍ਰੀ   ਬਾ ਲਾ ਸੁ ਬ ਰਾ ਮ ਨੀ ਅ ਮ   ਇ ੱ ਥੇ   ਹ ਨ,30,11
ਓਹ ਅਗੇ ਆਣ,ਓ ਹ   ਅ ਗੇ   ਆ ਣ,6,3
"ਸਤਿ ਸ੍ਰੀ ਅਕਾਲ, ਉਮੀਦ ਹੈ ਤੁਸੀਂ ਸਾਰੇ ਠੀਕ ਹੋ","ਸ ਤਿ   ਸ੍ਰੀ   ਅ ਕਾ ਲ ,   ਉ ਮੀ ਦ   ਹੈ   ਤੁ ਸੀਂ   ਸਾ ਰੇ   ਠੀ ਕ   ਹੋ",18,9
ਮੈਂ ਵਨ ਵਿਭਾਗ ਤੋਂ ਹਾਂ,ਮੈਂ   ਵ ਨ   ਵਿ ਭਾ ਗ   ਤੋਂ   ਹਾਂ,8,5
ਮੇਰਾ ਕੰਮ ਹੈ ਇਸ ਗ੍ਰਹਿ ਦੇ ਵਾਤਾਵਰਣ ਦੇ ਸਭ ਤੋਂ ਅਟੱਲ ਪਹਿਲੂ ਦਾ ਬਚਾਅ ਕਰਨਾ,ਮੇ ਰਾ   ਕ ੰ ਮ   ਹੈ   ਇ ਸ   ਗ੍ਰ ਹਿ   ਦੇ   ਵਾ ਤਾ ਵ ਰ ਣ   ਦੇ   ਸ ਭ   ਤੋਂ   ਅ ਟ ੱ ਲ   ਪ ਹਿ ਲੂ   ਦਾ   ਬ ਚਾ ਅ   ਕ ਰ ਨਾ,34,15
"ਵਧਦੇ ਪ੍ਰਦੂਸ਼ਣ ਦੇ ਹਾਲ ਦੇਖਦੇ ਹੋਏ, ਇਹ ਜ਼ਰੂਰੀ ਹੈ ਕਿ ਅਸੀਂ ਉਸ ਨੂੰ ਬਚਾਅਏ ਜੋ ਇਸ ਗ੍ਰਹਿ ਦੇ ਲਈ ਲੱਗਭੱਗ ਇੱਕ ਤਿਹਾਈ ਹਿੱਸੇ ਦੇ ਔਕਸਿਜਨ ਦੀ ਸਿਰਜਣਾ ਕਰਦਾ ਹੈ","ਵ ਧ ਦੇ   ਪ੍ਰ ਦੂ ਸ ਼ ਣ   ਦੇ   ਹਾ ਲ   ਦੇ ਖ ਦੇ   ਹੋ ਏ ,   ਇ ਹ   ਜ਼ ਰੂ ਰੀ   ਹੈ   ਕਿ   ਅ ਸੀਂ   ਉ ਸ   ਨੂ ੰ   ਬ ਚਾ ਅ ਏ   ਜੋ   ਇ ਸ   ਗ੍ਰ ਹਿ   ਦੇ   ਲ ਈ   ਲ ੱ ਗ ਭ ੱ ਗ   ਇ ੱ ਕ   ਤਿ ਹਾ ਈ   ਹਿ ੱ ਸੇ   ਦੇ   ਔ ਕ ਸਿ ਜ ਨ   ਦੀ   ਸਿ ਰ ਜ ਣਾ   ਕ ਰ ਦਾ   ਹੈ",72,29
"ਸੋ, ਇਸ ਵਾਤਾਵਰਣ ਦਿਵਸ ਤੇ, ਅਸੀਂ ਚਾਉਂਦੇ ਹਾਂ ਕਿ ਤੁਸੀਂ ਇਸ ਇਲਾਕੇ ਦੇ ਵਨ ਕਵਰ ਨੂੰ ਵਧਾਉਣ ਲਈ ਆਪਣਾ ਯੋਗਦਾਨ ਪਾਉ","ਸੋ ,   ਇ ਸ   ਵਾ ਤਾ ਵ ਰ ਣ   ਦਿ ਵ ਸ   ਤੇ ,   ਅ ਸੀਂ   ਚਾ ਉ ਂ ਦੇ   ਹਾਂ   ਕਿ   ਤੁ ਸੀਂ   ਇ ਸ   ਇ ਲਾ ਕੇ   ਦੇ   ਵ ਨ   ਕ ਵ ਰ   ਨੂ ੰ   ਵ ਧਾ ਉ ਣ   ਲ ਈ   ਆ ਪ ਣਾ   ਯੋ ਗ ਦਾ ਨ   ਪਾ ਉ",52,21
ਅਸੀਂ ਸਭ ਇਕਿਥੇ ਪੋਦੇ ਲਵਾਂਗੇ,ਅ ਸੀਂ   ਸ ਭ   ਇ ਕਿ ਥੇ   ਪੋ ਦੇ   ਲ ਵਾਂ ਗੇ,12,5
ਮੈਨੂੰ ਆਸ਼ਾ ਹੈ ਤੁਸੀਂ ਸਾਰੇ ਆਪਣਾ ਸਹਿਯੋਗ ਪਾਉਂਗੇ,ਮੈ ਨੂ ੰ   ਆ ਸ਼ਾ   ਹੈ   ਤੁ ਸੀਂ   ਸਾ ਰੇ   ਆ ਪ ਣਾ   ਸ ਹਿ ਯੋ ਗ   ਪਾ ਉ ਂ ਗੇ,21,8
ਅਸੀਂ ਮੁੱਖ ਤੌਰ ਤੇ ਬਰਗਦ ਦੇ ਰੁੱਖ ਲਾਵਾਂਗੇ,ਅ ਸੀਂ   ਮੁ ੱ ਖ   ਤੌ ਰ   ਤੇ   ਬ ਰ ਗ ਦ   ਦੇ   ਰੁ ੱ ਖ   ਲਾ ਵਾਂ ਗੇ,19,8
ਅੰਬ ਅਤੇ ਹੋਰ ਆਮ ਪ੍ਰਜਾਤੀਆਂ ਦੇ ਵੀ ਕੁਝ ਨਮੂਨੇ ਹਨ,ਅ ੰ ਬ   ਅ ਤੇ   ਹੋ ਰ   ਆ ਮ   ਪ੍ਰ ਜਾ ਤੀ ਆ ਂ   ਦੇ   ਵੀ   ਕੁ ਝ   ਨ ਮੂ ਨੇ   ਹ ਨ,23,10
ਜੇ ਤੁਸੀਂ ਚਾਹੋ ਤਾਂ ਆਪਾਂ ਟੀਮ ਵਿੱਚ ਕੰਮ ਕਰ ਸਕਦੇ ਹਾਂ,ਜੇ   ਤੁ ਸੀਂ   ਚਾ ਹੋ   ਤਾਂ   ਆ ਪਾਂ   ਟੀ ਮ   ਵਿ ੱ ਚ   ਕ ੰ ਮ   ਕ ਰ   ਸ ਕ ਦੇ   ਹਾਂ,22,11
ਪਰ ਇਹ ਲਗਾਣੇ ਬਹੁਤ ਸੋਖੇ ਹਨ,ਪ ਰ   ਇ ਹ   ਲ ਗਾ ਣੇ   ਬ ਹੁ ਤ   ਸੋ ਖੇ   ਹ ਨ,14,6
ਤੁਹਾਡੇ ਵਿੱਚੋਂ ਹਰ ਕੋਈ ਬਿਨਾਂ ਕਿਸੇ ਮਦਦ ਦੇ ਇਸ ਨੂੰ ਲਗਾ ਸਕਦਾ ਹੈ,ਤੁ ਹਾ ਡੇ   ਵਿ ੱ ਚੋਂ   ਹ ਰ   ਕੋ ਈ   ਬਿ ਨਾਂ   ਕਿ ਸੇ   ਮ ਦ ਦ   ਦੇ   ਇ ਸ   ਨੂ ੰ   ਲ ਗਾ   ਸ ਕ ਦਾ   ਹੈ,28,13
ਹਰੇਕ ਵਿਦਾਰਥੀ ਨੇ ਘੱਟੋ-ਘੱਟ ਇੱਕ ਬੂਟਾ ਲਗਾਉਣਾ ਹੈ,ਹ ਰੇ ਕ   ਵਿ ਦਾ ਰ ਥੀ   ਨੇ   ਘ ੱ ਟੋ - ਘ ੱ ਟ   ਇ ੱ ਕ   ਬੂ ਟਾ   ਲ ਗਾ ਉ ਣਾ   ਹੈ,25,8
ਨਿਰਦੇਸ਼ਾ ਦਾ ਪਾਲਣ ਜ਼ਰੂਰ ਕਰਨਾ,ਨਿ ਰ ਦੇ ਸ਼ਾ   ਦਾ   ਪਾ ਲ ਣ   ਜ਼ ਰੂ ਰ   ਕ ਰ ਨਾ,14,5
ਮੈਨੂੰ ਉਮੀਦ ਹੈ ਕਿ ਤੁਸੀਂ ਅੱਜ ਦੇ ਦਿਨ ਦੇ ਮਜ਼ੇ ਉਠਾਉਂਗੇ,ਮੈ ਨੂ ੰ   ਉ ਮੀ ਦ   ਹੈ   ਕਿ   ਤੁ ਸੀਂ   ਅ ੱ ਜ   ਦੇ   ਦਿ ਨ   ਦੇ   ਮ ਜ਼ ੇ   ਉ ਠਾ ਉ ਂ ਗੇ,25,11
ਸ਼੍ਰੀ ਬਾਲਾਸੁਬਰਾਮਨੀਅਮ ਵਰਗੇ ਗਿਆਨਵਾਨ ਨੇ ਆਪਣੀ ਮੌਜੂਦਗੀ ਨਾਲ ਚਾਰ ਚੰਦ ਲਗਾ ਦਿਤੇ,ਸ਼੍ਰੀ   ਬਾ ਲਾ ਸੁ ਬ ਰਾ ਮ ਨੀ ਅ ਮ   ਵ ਰ ਗੇ   ਗਿ ਆ ਨ ਵਾ ਨ   ਨੇ   ਆ ਪ ਣੀ   ਮੌ ਜੂ ਦ ਗੀ   ਨਾ ਲ   ਚਾ ਰ   ਚ ੰ ਦ   ਲ ਗਾ   ਦਿ ਤੇ,37,12
"ਦੇਸਾਈ ਜੀ, ਇਹ ਜ਼ਰੂਰੀ ਹੈ ਕਿ ਵਿਦਿਆਰਥੀ, ਵਾਤਾਵਰਣ ਦੀ ਦੇਖ-ਭਾਲ ਕਰਨਾ ਸਿਖਣ","ਦੇ ਸਾ ਈ   ਜੀ ,   ਇ ਹ   ਜ਼ ਰੂ ਰੀ   ਹੈ   ਕਿ   ਵਿ ਦਿ ਆ ਰ ਥੀ ,   ਵਾ ਤਾ ਵ ਰ ਣ   ਦੀ   ਦੇ ਖ - ਭਾ ਲ   ਕ ਰ ਨਾ   ਸਿ ਖ ਣ",35,12
ਮੈਨੂੰ ਖੁਸ਼ੀ ਹੈ ਕਿ ਮੈਂ ਇਸ ਦਾ ਹਿੱਸਾ ਬਣਿਆ,ਮੈ ਨੂ ੰ   ਖੁ ਸ਼ੀ   ਹੈ   ਕਿ   ਮੈਂ   ਇ ਸ   ਦਾ   ਹਿ ੱ ਸਾ   ਬ ਣਿ ਆ,17,9
"ਚਲੋ ਚਲੀਏ, ਬੱਚੋ","ਚ ਲੋ   ਚ ਲੀ ਏ ,   ਬ ੱ ਚੋ",9,3
ਇੱਕ ਪੌਦਾ ਚੁੱਕ ਕੇ ਘੱਰ ਲੈ ਜਾਓ,ਇ ੱ ਕ   ਪੌ ਦਾ   ਚੁ ੱ ਕ   ਕੇ   ਘ ੱ ਰ   ਲੈ   ਜਾ ਓ,15,7
ਮੈਨੂੰ ਸਵਾਲ ਪੁੱਛਣ ਲਈ ਬੇਝਿਜਕ ਮਹਿਸੂਸ ਕਰੋ I,ਮੈ ਨੂ ੰ   ਸ ਵਾ ਲ   ਪੁ ੱ ਛ ਣ   ਲ ਈ   ਬੇ ਝਿ ਜ ਕ   ਮ ਹਿ ਸੂ ਸ   ਕ ਰੋ   I,23,8
"ਸ਼ੁੱਭ ਸਵੇਰ , ਮੈਡਮ","ਸ਼ੁ ੱ ਭ   ਸ ਵੇ ਰ   ,   ਮੈ ਡ ਮ",10,4
ਮੈਂ ਇੱਥੇ ਜੀਵਨ ਬੀਮਾ ਪਾਲਿਸੀ ਬਾਰੇ ਕੁੱਝ ਜਾਣਕਾਰੀ ਪ੍ਰਾਪਤ ਕਰਨ ਲਈ ਆਈ ਹਾਂ,ਮੈਂ   ਇ ੱ ਥੇ   ਜੀ ਵ ਨ   ਬੀ ਮਾ   ਪਾ ਲਿ ਸੀ   ਬਾ ਰੇ   ਕੁ ੱ ਝ   ਜਾ ਣ ਕਾ ਰੀ   ਪ੍ਰਾ ਪ ਤ   ਕ ਰ ਨ   ਲ ਈ   ਆ ਈ   ਹਾਂ,32,13
ਕੀ ਤੁਸੀਂ ਕਿਰਪਾ ਕਰਕੇ ਮੇਰੀ ਮਦਦ ਕਰ ਸਕਦੇ ਹੋ,ਕੀ   ਤੁ ਸੀਂ   ਕਿ ਰ ਪਾ   ਕ ਰ ਕੇ   ਮੇ ਰੀ   ਮ ਦ ਦ   ਕ ਰ   ਸ ਕ ਦੇ   ਹੋ,20,9
"ਸ਼ੁੱਭ ਸਵੇਰ, ਕਿਰਪਾ ਕਰਕੇ ਆਪਣੀ ਸੀਟ ਰੱਖੋ","ਸ਼ੁ ੱ ਭ   ਸ ਵੇ ਰ ,   ਕਿ ਰ ਪਾ   ਕ ਰ ਕੇ   ਆ ਪ ਣੀ   ਸੀ ਟ   ਰ ੱ ਖੋ",21,7
"ਬਿਲਕੁੱਲ, ਅਸੀਂ ਆਪਣੇ ਗਾਹਕਾਂ ਦੀ ਸੇਵਾ ਕਰਨ ਲਈ ਇੱਥੇ ਹਾਂ","ਬਿ ਲ ਕੁ ੱ ਲ ,   ਅ ਸੀਂ   ਆ ਪ ਣੇ   ਗਾ ਹ ਕਾਂ   ਦੀ   ਸੇ ਵਾ   ਕ ਰ ਨ   ਲ ਈ   ਇ ੱ ਥੇ   ਹਾਂ",26,10
"ਜੋ ਵੀ ਤੁਸੀਂ ਸਾਡੀਆਂ ਨੀਤੀਆਂ ਨਾਲ ਸਬੰਧਤ ਜਾਣਨਾ ਚਾਹੁੰਦੇ ਹੋ, ਮੈਂ ਤੁਹਾਡੀ ਮਦਦ ਕਰਾਂਗਾ","ਜੋ   ਵੀ   ਤੁ ਸੀਂ   ਸਾ ਡੀ ਆ ਂ   ਨੀ ਤੀ ਆ ਂ   ਨਾ ਲ   ਸ ਬ ੰ ਧ ਤ   ਜਾ ਣ ਨਾ   ਚਾ ਹੁ ੰ ਦੇ   ਹੋ ,   ਮੈਂ   ਤੁ ਹਾ ਡੀ   ਮ ਦ ਦ   ਕ ਰਾਂ ਗਾ",38,14
ਕੀ ਮੈਂ ਤੁਹਾਡਾ ਨਾਮ ਅਤੇ ਉਮਰ ਜਾਣ ਸਕਦਾ ਹਾਂ,ਕੀ   ਮੈਂ   ਤੁ ਹਾ ਡਾ   ਨਾ ਮ   ਅ ਤੇ   ਉ ਮ ਰ   ਜਾ ਣ   ਸ ਕ ਦਾ   ਹਾਂ,18,9
ਮੈਂ ਦੇਵਾਂਗਾ ਸੈਕੀਆ ਹਾਂ ਅਤੇ ਮੇਰੀ ਉਮਰ 39 ਸਾਲ ਹੈ,ਮੈਂ   ਦੇ ਵਾਂ ਗਾ   ਸੈ ਕੀ ਆ   ਹਾਂ   ਅ ਤੇ   ਮੇ ਰੀ   ਉ ਮ ਰ   3 9   ਸਾ ਲ   ਹੈ,20,10
ਮੈਂ ਜਾਣਨਾ ਚਾਹੁੰਦਾ ਹਾਂ ਕਿ ਇਸ ਉਮਰ ਵਿੱਚ ਮੇਰੇ ਲਈ ਕਿਹੜੀ ਬੀਮਾ ਪਾਲਿਸੀ ਢੁੱਕਵੀਂ ਹੈ,ਮੈਂ   ਜਾ ਣ ਨਾ   ਚਾ ਹੁ ੰ ਦਾ   ਹਾਂ   ਕਿ   ਇ ਸ   ਉ ਮ ਰ   ਵਿ ੱ ਚ   ਮੇ ਰੇ   ਲ ਈ   ਕਿ ਹ ੜ ੀ   ਬੀ ਮਾ   ਪਾ ਲਿ ਸੀ   ਢੁ ੱ ਕ ਵੀਂ   ਹੈ,36,15
"ਨਾਲ ਹੀ, ਮੈਂ ਇਸਦੇ ਫ਼ਾਈਦੇ ਵੀ ਜਾਣਨਾ ਚਾਹੁੰਦਾ ਹਾਂ","ਨਾ ਲ   ਹੀ ,   ਮੈਂ   ਇ ਸ ਦੇ   ਫ਼ ਾ ਈ ਦੇ   ਵੀ   ਜਾ ਣ ਨਾ   ਚਾ ਹੁ ੰ ਦਾ   ਹਾਂ",21,9
ਧੰਨਵਾਦ ਸਾਨੂੰ ਆਪਣਾ ਨਾਮ ਅਤੇ ਉਮਰ ਦੱਸਣ ਲਈ,ਧ ੰ ਨ ਵਾ ਦ   ਸਾ ਨੂ ੰ   ਆ ਪ ਣਾ   ਨਾ ਮ   ਅ ਤੇ   ਉ ਮ ਰ   ਦ ੱ ਸ ਣ   ਲ ਈ,24,8
ਸਾਡੇ ਕੋਲ ਜੀਵਨ ਉਮੰਗ ਇੱਕ ਬਹੁਤ ਵਧੀਆ ਪਾਲਿਸੀ ਹੈ,ਸਾ ਡੇ   ਕੋ ਲ   ਜੀ ਵ ਨ   ਉ ਮ ੰ ਗ   ਇ ੱ ਕ   ਬ ਹੁ ਤ   ਵ ਧੀ ਆ   ਪਾ ਲਿ ਸੀ   ਹੈ,24,9
ਤੁਸੀਂ ਉਹ ਲੈ ਸਕਦੇ ਹੋ,ਤੁ ਸੀਂ   ਉ ਹ   ਲੈ   ਸ ਕ ਦੇ   ਹੋ,9,5
ਇਸ ਨੀਤੀ ਵਿੱਚ ਘੱਟੋ ਘੱਟ ਮੁੱਲ ਰਕਮ ਕਿੰਨੀ ਹੈ,ਇ ਸ   ਨੀ ਤੀ   ਵਿ ੱ ਚ   ਘ ੱ ਟੋ   ਘ ੱ ਟ   ਮੁ ੱ ਲ   ਰ ਕ ਮ   ਕਿ ੰ ਨੀ   ਹੈ,23,9
ਇਸ ਨੀਤੀ ਲਈ ਘੱਟੋ ਘੱਟ ਉਮਰ ਦਾ ਦਾਖਲਾ ਕੀ ਹੈ,ਇ ਸ   ਨੀ ਤੀ   ਲ ਈ   ਘ ੱ ਟੋ   ਘ ੱ ਟ   ਉ ਮ ਰ   ਦਾ   ਦਾ ਖ ਲਾ   ਕੀ   ਹੈ,21,10
ਘੱਟੋ ਘੱਟ ਦਾਖਲੇ ਦੀ ਉਮਰ ਕੀ ਹੈ,ਘ ੱ ਟੋ   ਘ ੱ ਟ   ਦਾ ਖ ਲੇ   ਦੀ   ਉ ਮ ਰ   ਕੀ   ਹੈ,15,7
ਘੱਟੋ ਘੱਟ ਮੁੱਲ ਰਕਮ ਦੋ ਲੱਖ ਰੁਪਏ ਹੈ,ਘ ੱ ਟੋ   ਘ ੱ ਟ   ਮੁ ੱ ਲ   ਰ ਕ ਮ   ਦੋ   ਲ ੱ ਖ   ਰੁ ਪ ਏ   ਹੈ,20,8
ਘੱਟੋ ਘੱਟ ਉਮਰ ਦਾਖਲਾ 90 ਦਿਨ ਹੈ,ਘ ੱ ਟੋ   ਘ ੱ ਟ   ਉ ਮ ਰ   ਦਾ ਖ ਲਾ   9 0   ਦਿ ਨ   ਹੈ,17,7
ਇਸ ਨੀਤੀ ਲਈ ਵੱਧ ਤੋਂ ਵੱਧ ਉਮਰ ਦਾ ਦਾਖਲਾ 55 ਸਾਲ ਹੈ,ਇ ਸ   ਨੀ ਤੀ   ਲ ਈ   ਵ ੱ ਧ   ਤੋਂ   ਵ ੱ ਧ   ਉ ਮ ਰ   ਦਾ   ਦਾ ਖ ਲਾ   5 5   ਸਾ ਲ   ਹੈ,25,12
ਜਾਣਕਾਰੀ ਲਈ ਤੁਹਾਡਾ ਬਹੁਤ ਧੰਨਵਾਦ,ਜਾ ਣ ਕਾ ਰੀ   ਲ ਈ   ਤੁ ਹਾ ਡਾ   ਬ ਹੁ ਤ   ਧ ੰ ਨ ਵਾ ਦ,17,5
ਇਸ ਨੀਤੀ ਦੇ ਮੌਤ ਦੇ ਕੀ ਲਾਭ ਹਨ,ਇ ਸ   ਨੀ ਤੀ   ਦੇ   ਮੌ ਤ   ਦੇ   ਕੀ   ਲਾ ਭ   ਹ ਨ,13,8
ਕੀ ਮੈਂ ਸਾਲਾਨਾ ਪ੍ਰੀਮੀਅਮ ਦਾ ਭੁਗਤਾਨ ਕਰ ਸਕਦਾ ਹੈ,ਕੀ   ਮੈਂ   ਸਾ ਲਾ ਨਾ   ਪ੍ਰੀ ਮੀ ਅ ਮ   ਦਾ   ਭੁ ਗ ਤਾ ਨ   ਕ ਰ   ਸ ਕ ਦਾ   ਹੈ,20,9
ਪਹਿਲੇ ਪੰਜ ਸਾਲਾਂ ਦੌਰਾਨ ਮੌਤ 'ਤੇ ਨਿਸ਼ਚਿਤ ਰਕਮ ਦਾ ਭੁਗਤਾਨਯੋਗ ਹੋਵੇਗੀ,ਪ ਹਿ ਲੇ   ਪ ੰ ਜ   ਸਾ ਲਾਂ   ਦੌ ਰਾ ਨ   ਮੌ ਤ   ' ਤੇ   ਨਿ ਸ਼ ਚਿ ਤ   ਰ ਕ ਮ   ਦਾ   ਭੁ ਗ ਤਾ ਨ ਯੋ ਗ   ਹੋ ਵੇ ਗੀ,32,11
"ਪੰਜ ਸਾਲ ਪੂਰੇ ਹੋਣ ਤੋਂ ਬਾਅਦ ਮੌਤ ਹੋਣ 'ਤੇ ਪਰ ਪਰਪੱਕਤਾ ਦੀ ਮਿਤੀ ਤੋਂ ਪਹਿਲਾਂ ਮੌਤ ਅਤੇ ਵਫ਼ਾਦਾਰੀ ਜੋੜਨ 'ਤੇ ਨਿਸ਼ਚਿਤ ਰਕਮ, ਜੇਕਰ ਕੋਈ ਹੈ, ਅਦਾ ਕੀਤੀ ਜਾਵੇਗੀ","ਪ ੰ ਜ   ਸਾ ਲ   ਪੂ ਰੇ   ਹੋ ਣ   ਤੋਂ   ਬਾ ਅ ਦ   ਮੌ ਤ   ਹੋ ਣ   ' ਤੇ   ਪ ਰ   ਪ ਰ ਪ ੱ ਕ ਤਾ   ਦੀ   ਮਿ ਤੀ   ਤੋਂ   ਪ ਹਿ ਲਾਂ   ਮੌ ਤ   ਅ ਤੇ   ਵ ਫ਼ ਾ ਦਾ ਰੀ   ਜੋ ੜ ਨ   ' ਤੇ   ਨਿ ਸ਼ ਚਿ ਤ   ਰ ਕ ਮ ,   ਜੇ ਕ ਰ   ਕੋ ਈ   ਹੈ ,   ਅ ਦਾ   ਕੀ ਤੀ   ਜਾ ਵੇ ਗੀ",70,28
ਇਹ ਸਭ ਲਾਗੂ ਹੁੰਦੇ ਹਨ ਜੇਕਰ ਸਾਰੇ ਬਕਾਏ ਦਾ ਭੁਗਤਾਨ ਕੀਤਾ ਗਿਆ ਹੈ,ਇ ਹ   ਸ ਭ   ਲਾ ਗੂ   ਹੁ ੰ ਦੇ   ਹ ਨ   ਜੇ ਕ ਰ   ਸਾ ਰੇ   ਬ ਕਾ ਏ   ਦਾ   ਭੁ ਗ ਤਾ ਨ   ਕੀ ਤਾ   ਗਿ ਆ   ਹੈ,29,13
"ਪ੍ਰੀਮੀਅਮ ਦਾ ਭੁਗਤਾਨ ਨਿਯਮਿਤ ਤੌਰ 'ਤੇ ਸਾਲਾਨਾ, ਛਿਮਾਹੀ, ਤਿਮਾਹੀ ਜਾਂ ਮਾਸਿਕ ਅੰਤਰਾਲਾਂ 'ਤੇ ਕੀਤਾ ਜਾ ਸਕਦਾ ਹੈ","ਪ੍ਰੀ ਮੀ ਅ ਮ   ਦਾ   ਭੁ ਗ ਤਾ ਨ   ਨਿ ਯ ਮਿ ਤ   ਤੌ ਰ   ' ਤੇ   ਸਾ ਲਾ ਨਾ ,   ਛਿ ਮਾ ਹੀ ,   ਤਿ ਮਾ ਹੀ   ਜਾਂ   ਮਾ ਸਿ ਕ   ਅ ੰ ਤ ਰਾ ਲਾਂ   ' ਤੇ   ਕੀ ਤਾ   ਜਾ   ਸ ਕ ਦਾ   ਹੈ",46,17
ਕੀ ਮੈਂ ਮਿਆਦ ਪੂਰੀ ਹੋਣ ਤੋਂ ਪਹਿਲਾਂ ਪਾਲਸੀ ਨੂੰ ਜਮ੍ਹਾਂ ਕਰ ਸਕਦਾ ਹਾਂ,ਕੀ   ਮੈਂ   ਮਿ ਆ ਦ   ਪੂ ਰੀ   ਹੋ ਣ   ਤੋਂ   ਪ ਹਿ ਲਾਂ   ਪਾ ਲ ਸੀ   ਨੂ ੰ   ਜ ਮ੍ਹਾਂ   ਕ ਰ   ਸ ਕ ਦਾ   ਹਾਂ,26,13
ਜਮ੍ਹਾਂ ਕਰਵਾਉਣ ਦਾ ਮੁੱਲ ਕੀ ਹੋਵੇਗਾ,ਜ ਮ੍ਹਾਂ   ਕ ਰ ਵਾ ਉ ਣ   ਦਾ   ਮੁ ੱ ਲ   ਕੀ   ਹੋ ਵੇ ਗਾ,15,6
"ਹਾਂ, ਪਾਲਿਸੀ ਧਾਰਕ ਪਰਿਪਕਤਾ ਤੋਂ ਪਹਿਲਾਂ ਤਿੰਨ ਸਾਲ ਪੂਰੇ ਹੋਣ ਤੋਂ ਬਾਅਦ ਪਾਲਿਸੀ ਨੂੰ ਜਮ੍ਹਾਂ ਕਰ ਸਕਦਾ ਹੈ","ਹਾਂ ,   ਪਾ ਲਿ ਸੀ   ਧਾ ਰ ਕ   ਪ ਰਿ ਪ ਕ ਤਾ   ਤੋਂ   ਪ ਹਿ ਲਾਂ   ਤਿ ੰ ਨ   ਸਾ ਲ   ਪੂ ਰੇ   ਹੋ ਣ   ਤੋਂ   ਬਾ ਅ ਦ   ਪਾ ਲਿ ਸੀ   ਨੂ ੰ   ਜ ਮ੍ਹਾਂ   ਕ ਰ   ਸ ਕ ਦਾ   ਹੈ",43,18
ਤੁਹਾਨੂੰ ਘੱਟੋ ਘੱਟ ਲਗਾਤਾਰ 3 ਸਾਲਾਂ ਲਈ ਪ੍ਰੀਮੀਅਮ ਦਾ ਭੁਗਤਾਨ ਕਰਨਾ ਪਵੇਗਾ,ਤੁ ਹਾ ਨੂ ੰ   ਘ ੱ ਟੋ   ਘ ੱ ਟ   ਲ ਗਾ ਤਾ ਰ   3   ਸਾ ਲਾਂ   ਲ ਈ   ਪ੍ਰੀ ਮੀ ਅ ਮ   ਦਾ   ਭੁ ਗ ਤਾ ਨ   ਕ ਰ ਨਾ   ਪ ਵੇ ਗਾ,34,12
"ਪ੍ਰਕਿਰਿਆ ਦੇ ਵੇਰਵਿਆਂ ਨੂੰ ਸਾਡੇ ਤਿਆਰ ਰਿਕੋਨ ਤੋਂ ਅੇਕਸੈਸ ਕੀਤਾ ਜਾ ਸਕਦਾ ਹੈ, ਕਿਰਪਾ ਕਰਕੇ ਇਸਨੂੰ ਦੇਖੋ","ਪ੍ਰ ਕਿ ਰਿ ਆ   ਦੇ   ਵੇ ਰ ਵਿ ਆ ਂ   ਨੂ ੰ   ਸਾ ਡੇ   ਤਿ ਆ ਰ   ਰਿ ਕੋ ਨ   ਤੋਂ   ਅ ੇ ਕ ਸੈ ਸ   ਕੀ ਤਾ   ਜਾ   ਸ ਕ ਦਾ   ਹੈ ,   ਕਿ ਰ ਪਾ   ਕ ਰ ਕੇ   ਇ ਸ ਨੂ ੰ   ਦੇ ਖੋ",46,17
ਇਹ ਜਾਣਕਾਰੀ ਮੈਨੂੰ ਬਹੁਤ ਮਦਦ ਕਰੇਗੀ,ਇ ਹ   ਜਾ ਣ ਕਾ ਰੀ   ਮੈ ਨੂ ੰ   ਬ ਹੁ ਤ   ਮ ਦ ਦ   ਕ ਰੇ ਗੀ,18,6
ਬਹੁਤ ਧੰਨਵਾਦ,ਬ ਹੁ ਤ   ਧ ੰ ਨ ਵਾ ਦ,8,2
ਤੁਹਾਡਾ ਸੁਆਗਤ ਹੈ,ਤੁ ਹਾ ਡਾ   ਸੁ ਆ ਗ ਤ   ਹੈ,8,3
"ਜੇ ਤੁਸੀਂ ਚਾਹੁੰਦੇ ਹੋ, ਮੈਂ ਤੁਹਾਨੂੰ ਆਪਣਾ ਇੱਕ ਏਜੰਟ ਦੇ ਸਕਦਾ ਹਾਂ ਜੋ ਤੁਹਾਨੂੰ ਵਿਸਤਾਰ ਵਿੱਚ ਦੱਸੇਗਾ","ਜੇ   ਤੁ ਸੀਂ   ਚਾ ਹੁ ੰ ਦੇ   ਹੋ ,   ਮੈਂ   ਤੁ ਹਾ ਨੂ ੰ   ਆ ਪ ਣਾ   ਇ ੱ ਕ   ਏ ਜ ੰ ਟ   ਦੇ   ਸ ਕ ਦਾ   ਹਾਂ   ਜੋ   ਤੁ ਹਾ ਨੂ ੰ   ਵਿ ਸ ਤਾ ਰ   ਵਿ ੱ ਚ   ਦ ੱ ਸੇ ਗਾ",45,17
ਕੀ ਤੁਸੀਂ ਮੈਨੂੰ ਆਪਣਾ ਫੋਨ ਨੰਬਰ ਦੇ ਸਕਦੇ ਹੋ,ਕੀ   ਤੁ ਸੀਂ   ਮੈ ਨੂ ੰ   ਆ ਪ ਣਾ   ਫੋ ਨ   ਨ ੰ ਬ ਰ   ਦੇ   ਸ ਕ ਦੇ   ਹੋ,20,9
ਇਹ ਵਧੀਆ ਹੋਵੇਗਾ,ਇ ਹ   ਵ ਧੀ ਆ   ਹੋ ਵੇ ਗਾ,8,3
ਕਿਰਪਾ ਕਰਕੇ ਮੇਰਾ ਫੋਨ ਨੰਬਰ ਨੋਟ ਕਰੋ,ਕਿ ਰ ਪਾ   ਕ ਰ ਕੇ   ਮੇ ਰਾ   ਫੋ ਨ   ਨ ੰ ਬ ਰ   ਨੋ ਟ   ਕ ਰੋ,18,7
"ਹੈਲੋ, ਮੈਂ ਉੱਤਰ-ਪੂਰਬੀ ਪਕਵਾਨਾਂ ਦੀ ਖੋਜ ਕਰਨ ਦੀ ਕੋਸ਼ਿਸ਼ ਕਰ ਰਹੀ ਹਾਂ","ਹੈ ਲੋ ,   ਮੈਂ   ਉ ੱ ਤ ਰ - ਪੂ ਰ ਬੀ   ਪ ਕ ਵਾ ਨਾਂ   ਦੀ   ਖੋ ਜ   ਕ ਰ ਨ   ਦੀ   ਕੋ ਸ ਼ ਿ ਸ ਼   ਕ ਰ   ਰ ਹੀ   ਹਾਂ",34,12
"ਮੇਰੇ ਦੋਸਤ, ਕਯਰਿਲ ਨੇ ਦੱਸਿਆ ਕਿ ਖਾਣ-ਪਾਣ ਅਤੇ ਰੈਸਟੋਰੈਂਟ ਦੀਆਂ ਫਰਮਾਇਸ਼ਾ ਲਈ ਤੁਸੀਂ ਸਹੀ ਬੰਦੇ ਹੋ I","ਮੇ ਰੇ   ਦੋ ਸ ਤ ,   ਕ ਯ ਰਿ ਲ   ਨੇ   ਦ ੱ ਸਿ ਆ   ਕਿ   ਖਾ ਣ - ਪਾ ਣ   ਅ ਤੇ   ਰੈ ਸ ਟੋ ਰੈਂ ਟ   ਦੀ ਆ ਂ   ਫ ਰ ਮਾ ਇ ਸ਼ਾ   ਲ ਈ   ਤੁ ਸੀਂ   ਸ ਹੀ   ਬ ੰ ਦੇ   ਹੋ   I",47,17
"ਹਾਂ, ਮੈਂ ਇਸ ਥਾਂ ਤੇ ਕਾਫ਼ੀ ਸਮੇਂ ਤੋਂ ਹਾਂ, ਇਸਲਈ ਮੈਂ ਖਾਨੇ ਦੀ ਫਰਮਾਇਸ਼ਾ ਵਿੱਚ ਤੁਹਾਡੀ ਮਦਦ ਕਰ ਸਕਦਾ ਹਾਂ I","ਹਾਂ ,   ਮੈਂ   ਇ ਸ   ਥਾਂ   ਤੇ   ਕਾ ਫ਼ ੀ   ਸ ਮੇਂ   ਤੋਂ   ਹਾਂ ,   ਇ ਸ ਲ ਈ   ਮੈਂ   ਖਾ ਨੇ   ਦੀ   ਫ ਰ ਮਾ ਇ ਸ਼ਾ   ਵਿ ੱ ਚ   ਤੁ ਹਾ ਡੀ   ਮ ਦ ਦ   ਕ ਰ   ਸ ਕ ਦਾ   ਹਾਂ   I",44,21
"ਇੱਕ ਅਸਾਮੀ ਪਕਵਾਨ, ਖਾਰ ਤੋਂ ਸ਼ੁਰੂ ਕਰ ਸਕਦੇ ਹੋ I","ਇ ੱ ਕ   ਅ ਸਾ ਮੀ   ਪ ਕ ਵਾ ਨ ,   ਖਾ ਰ   ਤੋਂ   ਸ਼ੁ ਰੂ   ਕ ਰ   ਸ ਕ ਦੇ   ਹੋ   I",23,10
"ਓਹ, ਅੱਛਾ, ਕਿ ਇਹ ਸ਼ਾਕਾਹਾਰੀ ਹੈ","ਓ ਹ ,   ਅ ੱ ਛਾ ,   ਕਿ   ਇ ਹ   ਸ ਼ ਾ ਕਾ ਹਾ ਰੀ   ਹੈ",17,6
ਇਹ ਕਿਸ ਚੀਜ਼ ਦੇ ਬਣੇ ਹੋਏ ਹਨ,ਇ ਹ   ਕਿ ਸ   ਚੀ ਜ਼   ਦੇ   ਬ ਣੇ   ਹੋ ਏ   ਹ ਨ,13,7
"ਇਹ ਲਾਲ ਚਾਵਲ, ਕੁੱਟੀ ਹੋਈ ਦਾਲਾਂ ਅਤੇ ਕੱਚੇ ਪਪੀਤਾ ਦਾ ਮਿਸ਼ਰਣ ਹੈ ਇਸਲਈ ਇਹ ਪੂਰੀ ਤਰਾਹ ਸ਼ਾਕਾਹਾਰੀ ਹੈ I","ਇ ਹ   ਲਾ ਲ   ਚਾ ਵ ਲ ,   ਕੁ ੱ ਟੀ   ਹੋ ਈ   ਦਾ ਲਾਂ   ਅ ਤੇ   ਕ ੱ ਚੇ   ਪ ਪੀ ਤਾ   ਦਾ   ਮਿ ਸ਼ ਰ ਣ   ਹੈ   ਇ ਸ ਲ ਈ   ਇ ਹ   ਪੂ ਰੀ   ਤ ਰਾ ਹ   ਸ ਼ ਾ ਕਾ ਹਾ ਰੀ   ਹੈ   I",48,19
ਕਈ ਤਰਾਹ ਦੇ ਅਸਾਮੀ ਮਸਾਲੇ ਵੀ ਇਸ ਵਿੱਚ ਲਗਦੇ ਹਨ I,ਕ ਈ   ਤ ਰਾ ਹ   ਦੇ   ਅ ਸਾ ਮੀ   ਮ ਸਾ ਲੇ   ਵੀ   ਇ ਸ   ਵਿ ੱ ਚ   ਲ ਗ ਦੇ   ਹ ਨ   I,24,11
"ਠੀਕ ਹੈ, ਮੈਂ ਉਸ ਨੂੰ ਜਰੂਰ ਚੱਖਾਗਾ","ਠੀ ਕ   ਹੈ ,   ਮੈਂ   ਉ ਸ   ਨੂ ੰ   ਜ ਰੂ ਰ   ਚ ੱ ਖਾ ਗਾ",16,7
ਬਾਂਸ ਦੇ ਚਾਵਲਾਂ ਬਾਰੇ ਕਿ ਖਿਆਲ ਹੈ,ਬਾਂ ਸ   ਦੇ   ਚਾ ਵ ਲਾਂ   ਬਾ ਰੇ   ਕਿ   ਖਿ ਆ ਲ   ਹੈ,13,7
ਮੈਂ ਸੁਨਿਆ ਹੈ ਕਿ ਓਹ ਅਸਾਮ ਦੀ ਖ਼ਾਸਸਿਅਤ ਹੈ,ਮੈਂ   ਸੁ ਨਿ ਆ   ਹੈ   ਕਿ   ਓ ਹ   ਅ ਸਾ ਮ   ਦੀ   ਖ਼ ਾ ਸ ਸਿ ਅ ਤ   ਹੈ,19,9
ਮੈਨੂੰ ਉਸ ਦਾ ਨਾਂ ਨਹੀਂ ਯਾਦ ਆ ਰਿਹਾ; ਓਹ ਸ਼ਾਇਦ ਪਿ ਨਾਲ ਸ਼ੁਰੂ ਹੁੰਦਾ ਹੈ I,ਮੈ ਨੂ ੰ   ਉ ਸ   ਦਾ   ਨਾਂ   ਨ ਹੀਂ   ਯਾ ਦ   ਆ   ਰਿ ਹਾ ;   ਓ ਹ   ਸ਼ਾ ਇ ਦ   ਪਿ   ਨਾ ਲ   ਸ਼ੁ ਰੂ   ਹੁ ੰ ਦਾ   ਹੈ   I,30,16
ਤੁਸੀਂ ਜਿਸ ਪਕਵਾਨ ਦੀ ਗੱਲ ਕਰ ਰਹੇ ਹੋ ਉਸ ਨੂੰ ਪਿਥਾ ਜਾਂ ਖੋਲਾ ਪਿਥਾ ਕਹਿੰਦੇ ਹਨI,ਤੁ ਸੀਂ   ਜਿ ਸ   ਪ ਕ ਵਾ ਨ   ਦੀ   ਗ ੱ ਲ   ਕ ਰ   ਰ ਹੇ   ਹੋ   ਉ ਸ   ਨੂ ੰ   ਪਿ ਥਾ   ਜਾਂ   ਖੋ ਲਾ   ਪਿ ਥਾ   ਕ ਹਿ ੰ ਦੇ   ਹ ਨ I,35,16
ਖੋਖਲੇ ਬਾਂਸ ਦੇ ਤਣੀਆ ਵਿੱਚ ਹਲਕੇ ਮਸਾਲੇਦਾਰ ਚਾਵਲ ਭਰੇ ਜਾਂਦੇ ਹਨ I,ਖੋ ਖ ਲੇ   ਬਾਂ ਸ   ਦੇ   ਤ ਣੀ ਆ   ਵਿ ੱ ਚ   ਹ ਲ ਕੇ   ਮ ਸਾ ਲੇ ਦਾ ਰ   ਚਾ ਵ ਲ   ਭ ਰੇ   ਜਾਂ ਦੇ   ਹ ਨ   I,30,12
"ਓਹ, ਫਿਰ ਇਹ ਪਕਵਾਨ ਵੀ ਸ਼ਾਕਾਹਾਰੀ ਹੈ","ਓ ਹ ,   ਫਿ ਰ   ਇ ਹ   ਪ ਕ ਵਾ ਨ   ਵੀ   ਸ ਼ ਾ ਕਾ ਹਾ ਰੀ   ਹੈ",19,7
"ਹਾਂ, ਅਤੇ ਤੁਹਾਡੀ ਮਰਜ਼ੀ ਅਨੁਸਾਰ ਇਸ ਦਾ ਸੁਵਾਦ ਮਿੱਠਾ ਜਾਂ ਨਮਕੀਨ ਹੋ ਸਕਦਾ ਹੈ I","ਹਾਂ ,   ਅ ਤੇ   ਤੁ ਹਾ ਡੀ   ਮ ਰ ਜ਼ ੀ   ਅ ਨੁ ਸਾ ਰ   ਇ ਸ   ਦਾ   ਸੁ ਵਾ ਦ   ਮਿ ੱ ਠਾ   ਜਾਂ   ਨ ਮ ਕੀ ਨ   ਹੋ   ਸ ਕ ਦਾ   ਹੈ   I",35,15
"ਜਿਆਦਾਤਰ ਲੋਕਾਂ ਨੂੰ ਇਹ ਮਿੱਠਾ ਪਸੰਦ ਹੈ, ਅਤੇ ਇਹ ਆਮ ਤੋਰ ਤੇ ਦਹੀਂ ਅਤੇ ਗੁੜ ਨਾਲ ਖਾਈਆਂ ਜਾਂਦਾ ਹੈ I","ਜਿ ਆ ਦਾ ਤ ਰ   ਲੋ ਕਾਂ   ਨੂ ੰ   ਇ ਹ   ਮਿ ੱ ਠਾ   ਪ ਸ ੰ ਦ   ਹੈ ,   ਅ ਤੇ   ਇ ਹ   ਆ ਮ   ਤੋ ਰ   ਤੇ   ਦ ਹੀਂ   ਅ ਤੇ   ਗੁ ੜ   ਨਾ ਲ   ਖਾ ਈ ਆ ਂ   ਜਾਂ ਦਾ   ਹੈ   I",45,20
"ਠੀਕ ਹੈ, ਤੁਸੀਂ ਮੈਨੂੰ ਕੋਈ ਮਾਸਾਹਾਰੀ ਫਰਮਾਇਸ਼ਾ ਦੇ ਸਕਦੇ ਹੋ","ਠੀ ਕ   ਹੈ ,   ਤੁ ਸੀਂ   ਮੈ ਨੂ ੰ   ਕੋ ਈ   ਮਾ ਸਾ ਹਾ ਰੀ   ਫ ਰ ਮਾ ਇ ਸ਼ਾ   ਦੇ   ਸ ਕ ਦੇ   ਹੋ",25,10
"ਮੈਨੂੰ ਮਾਸਾਹਾਰੀ ਖਾਣਾ ਪਸੰਦ ਹੈ, ਇਸ ਲਈ I","ਮੈ ਨੂ ੰ   ਮਾ ਸਾ ਹਾ ਰੀ   ਖਾ ਣਾ   ਪ ਸ ੰ ਦ   ਹੈ ,   ਇ ਸ   ਲ ਈ   I",20,8
"ਅਹਿਜਾ ਹੈ ਤਾਂ, ਨਾਗਾਲੈਂਡ ਦਾ ਬੂਨੀਆਂ ਹੋਈਆਂ ਸੂਰ ਦਾ ਮੀਟ ਤੁਹਾਨੂੰ ਜ਼ਰੂਰ ਪਸੰਦ ਆਵੇਗਾ I","ਅ ਹਿ ਜਾ   ਹੈ   ਤਾਂ ,   ਨਾ ਗਾ ਲੈਂ ਡ   ਦਾ   ਬੂ ਨੀ ਆ ਂ   ਹੋ ਈ ਆ ਂ   ਸੂ ਰ   ਦਾ   ਮੀ ਟ   ਤੁ ਹਾ ਨੂ ੰ   ਜ਼ ਰੂ ਰ   ਪ ਸ ੰ ਦ   ਆ ਵੇ ਗਾ   I",39,15
"ਓਹ ਬਾਹਰੋਂ ਖਸਤਾ ਹੈ ਅਤੇ ਅੰਦਰੋਂ ਨਰਮ ਅਤੇ ਰਸੀਲੇਦਾਰ ਹੁੰਦਾ ਹੈ, ਉਸ ਦਾ ਭੁਨੀਆਂ ਹੋਈਆਂ ਸੁਵਾਦ ਬਹੁਤ ਗੂੜ੍ਹਾ ਹੈ I","ਓ ਹ   ਬਾ ਹ ਰੋਂ   ਖ ਸ ਤਾ   ਹੈ   ਅ ਤੇ   ਅ ੰ ਦ ਰੋਂ   ਨ ਰ ਮ   ਅ ਤੇ   ਰ ਸੀ ਲੇ ਦਾ ਰ   ਹੁ ੰ ਦਾ   ਹੈ ,   ਉ ਸ   ਦਾ   ਭੁ ਨੀ ਆ ਂ   ਹੋ ਈ ਆ ਂ   ਸੁ ਵਾ ਦ   ਬ ਹੁ ਤ   ਗੂ ੜ ੍ ਹਾ   ਹੈ   I",53,20
"ਓਹ, ਇਹ ਤਾਂ ਬੜਾ ਸੁਵਾਦ ਲੱਗ ਰਿਹਾ ਹੈ ਪਰ ਮੈਂ ਸੂਰ ਦਾ ਮੀਟ ਨਹੀਂ ਖਾਂਦਾ I","ਓ ਹ ,   ਇ ਹ   ਤਾਂ   ਬ ੜ ਾ   ਸੁ ਵਾ ਦ   ਲ ੱ ਗ   ਰਿ ਹਾ   ਹੈ   ਪ ਰ   ਮੈਂ   ਸੂ ਰ   ਦਾ   ਮੀ ਟ   ਨ ਹੀਂ   ਖਾਂ ਦਾ   I",31,16
ਪਰ ਇਸ ਪਕਵਾਨ ਬਾਰੇ ਮੈਂ ਆਪਣੇ ਦੋਸਤ ਕਯਰੀਲ ਨੂੰ ਜ਼ਰੂਰ ਦਸਾਂਗੀ I,ਪ ਰ   ਇ ਸ   ਪ ਕ ਵਾ ਨ   ਬਾ ਰੇ   ਮੈਂ   ਆ ਪ ਣੇ   ਦੋ ਸ ਤ   ਕ ਯ ਰੀ ਲ   ਨੂ ੰ   ਜ਼ ਰੂ ਰ   ਦ ਸਾਂ ਗੀ   I,30,12
ਹਮਮਮ,ਹ ਮ ਮ ਮ,4,1
ਫੇਰ ਥੁਪਕਾ ਬਾਰੇ ਕਿ ਖਿਆਲ ਹੈ,ਫੇ ਰ   ਥੁ ਪ ਕਾ   ਬਾ ਰੇ   ਕਿ   ਖਿ ਆ ਲ   ਹੈ,12,6
ਇਹ ਨੂਡਲ ਤੇ ਅਧਾਰਿਤ ਅਰੁਣਾਚਲ ਪ੍ਰਦੇਸ਼ ਦਾ ਪਕਵਾਨ ਹੈ ਅਤੇ ਇਸ ਦੀ ਸਮੱਗਰੀ ਦਾਲਾ ਤੋਂ ਲੈ ਕੇ ਕਿਸੇ ਪ੍ਰਕਾਰ ਦੇ ਮੀਟ ਹੁੰਦੀ ਹੈ I,ਇ ਹ   ਨੂ ਡ ਲ   ਤੇ   ਅ ਧਾ ਰਿ ਤ   ਅ ਰੁ ਣਾ ਚ ਲ   ਪ੍ਰ ਦੇ ਸ ਼   ਦਾ   ਪ ਕ ਵਾ ਨ   ਹੈ   ਅ ਤੇ   ਇ ਸ   ਦੀ   ਸ ਮ ੱ ਗ ਰੀ   ਦਾ ਲਾ   ਤੋਂ   ਲੈ   ਕੇ   ਕਿ ਸੇ   ਪ੍ਰ ਕਾ ਰ   ਦੇ   ਮੀ ਟ   ਹੁ ੰ ਦੀ   ਹੈ   I,53,24
ਜੇ ਤੁਹਾਨੂੰ ਮੱਛੀ ਪਸੰਦ ਹੈ ਤਾਂ ਅਸਮ ਦੀ ਟੇਂਗਾ ਮੱਛੀ ਤੁਹਾਨੂੰ ਪਸੰਦ ਆਵੇਗੀ I,ਜੇ   ਤੁ ਹਾ ਨੂ ੰ   ਮ ੱ ਛੀ   ਪ ਸ ੰ ਦ   ਹੈ   ਤਾਂ   ਅ ਸ ਮ   ਦੀ   ਟੇਂ ਗਾ   ਮ ੱ ਛੀ   ਤੁ ਹਾ ਨੂ ੰ   ਪ ਸ ੰ ਦ   ਆ ਵੇ ਗੀ   I,35,14
"ਮੈਨੂੰ ਨੂਡਲ ਪਸੰਦ ਹੈ, ਇਸਲਈ ਥੁਪਕਾ ਮੇਰੀ ਉੱਤਰ-ਪੂਰਬੀ ਪਕਵਾਨਾ ਦੀ ਸੂਚੀ ਵਿੱਚ ਸਭ ਤੋਂ ਉੱਪਰ ਹੈ I","ਮੈ ਨੂ ੰ   ਨੂ ਡ ਲ   ਪ ਸ ੰ ਦ   ਹੈ ,   ਇ ਸ ਲ ਈ   ਥੁ ਪ ਕਾ   ਮੇ ਰੀ   ਉ ੱ ਤ ਰ - ਪੂ ਰ ਬੀ   ਪ ਕ ਵਾ ਨਾ   ਦੀ   ਸੂ ਚੀ   ਵਿ ੱ ਚ   ਸ ਭ   ਤੋਂ   ਉ ੱ ਪ ਰ   ਹੈ   I",48,17
ਮੈਂ ਟੇਂਗਾ ਵੀ ਅਜ਼ਮਾਉ ਗੀ I,ਮੈਂ   ਟੇਂ ਗਾ   ਵੀ   ਅ ਜ਼ ਮਾ ਉ   ਗੀ   I,10,6
ਕਿ ਉੱਤਰ-ਪੂਰਬੀ ਪਕਵਾਨ ਆਮ-ਤੋਰ ਤੇ ਮਸਾਲੇਦਾ ਹੁੰਦੇ ਹਨ,ਕਿ   ਉ ੱ ਤ ਰ - ਪੂ ਰ ਬੀ   ਪ ਕ ਵਾ ਨ   ਆ ਮ - ਤੋ ਰ   ਤੇ   ਮ ਸਾ ਲੇ ਦਾ   ਹੁ ੰ ਦੇ   ਹ ਨ,28,8
"ਨਹੀਂ, ਓਹ ਉਹ ਬਿਲਕੁਲ ਵੀ ਮਸਾਲੇਦਾਰ ਨਹੀਂ ਹੁੰਦੇ I","ਨ ਹੀਂ ,   ਓ ਹ   ਉ ਹ   ਬਿ ਲ ਕੁ ਲ   ਵੀ   ਮ ਸਾ ਲੇ ਦਾ ਰ   ਨ ਹੀਂ   ਹੁ ੰ ਦੇ   I",23,9
"ਵਾਸਤਵ ਵਿੱਚ, ਉਹ ਤਾਜ਼ਾ ਅਤੇ ਖੁਸ਼ਬੂਦਾਰ ਹਨ I","ਵਾ ਸ ਤ ਵ   ਵਿ ੱ ਚ ,   ਉ ਹ   ਤਾ ਜ਼ ਾ   ਅ ਤੇ   ਖੁ ਸ ਼ ਬੂ ਦਾ ਰ   ਹ ਨ   I",24,8
"ਹੈਲੋ, ਕੀ ਇਹ ਟਾਟਾ ਕੈਪਿਟਲ ਹੈ","ਹੈ ਲੋ ,   ਕੀ   ਇ ਹ   ਟਾ ਟਾ   ਕੈ ਪਿ ਟ ਲ   ਹੈ",13,6
ਹਾਂ ਜੀ ਇਹ ਟਾਟਾ ਕੈਪਿਟਲ ਹੈ,ਹਾਂ   ਜੀ   ਇ ਹ   ਟਾ ਟਾ   ਕੈ ਪਿ ਟ ਲ   ਹੈ,11,6
ਅਸੀਂ ਕਿਵੇਂ ਤੁਹਾਡੀ ਮਦਦ ਕਰ ਸਕਦੇ ਹਾਂ,ਅ ਸੀਂ   ਕਿ ਵੇਂ   ਤੁ ਹਾ ਡੀ   ਮ ਦ ਦ   ਕ ਰ   ਸ ਕ ਦੇ   ਹਾਂ,16,7
ਮੈਂ ਕੁੱਝ ਨਿੱਜੀ ਲੋਨ ਲੈਣਾ ਚਾਹੁੰਦਾ ਹਾਂ,ਮੈਂ   ਕੁ ੱ ਝ   ਨਿ ੱ ਜੀ   ਲੋ ਨ   ਲੈ ਣਾ   ਚਾ ਹੁ ੰ ਦਾ   ਹਾਂ,16,7
ਕੀ ਤੁਸੀਂ ਕ੍ਰਿਪਾ ਕਰਕੇ ਮੇਰਾ ਕ੍ਰੈਡਿਟ ਸਕੋਰ ਨਾਲ ਚੈੱਕ ਕਰ ਸਕਦੇ ਹੋ ਅਤੇ ਮੈਨੂੰ ਦਸ ਸਕਦੇ ਹੋ ਕਿ ਮੈਨੂੰ ਕਿੰਨਾ ਲੋਨ ਮੀਲ ਸਕਦਾ ਹੈ,ਕੀ   ਤੁ ਸੀਂ   ਕ੍ਰਿ ਪਾ   ਕ ਰ ਕੇ   ਮੇ ਰਾ   ਕ੍ਰੈ ਡਿ ਟ   ਸ ਕੋ ਰ   ਨਾ ਲ   ਚੈ ੱ ਕ   ਕ ਰ   ਸ ਕ ਦੇ   ਹੋ   ਅ ਤੇ   ਮੈ ਨੂ ੰ   ਦ ਸ   ਸ ਕ ਦੇ   ਹੋ   ਕਿ   ਮੈ ਨੂ ੰ   ਕਿ ੰ ਨਾ   ਲੋ ਨ   ਮੀ ਲ   ਸ ਕ ਦਾ   ਹੈ,53,24
ਹਾਂ ਜੀ ਜਰੂਰ ਇੱਕ ਮਿੰਟ ਇੰਤਜ਼ਾਰ ਕਰੋ,ਹਾਂ   ਜੀ   ਜ ਰੂ ਰ   ਇ ੱ ਕ   ਮਿ ੰ ਟ   ਇ ੰ ਤ ਜ਼ ਾ ਰ   ਕ ਰੋ,19,7
ਤੁਹਾਡੇ ਕ੍ਰੈਡਿਟ ਸਕੋਰ ਦੇ ਅਨੁਸਾਰ ਤੁਸੀਂ ਵੱਧ ਤੋਂ ਵੱਧ 8 ਲੱਖ ਤੱਕ ਦਾ ਲੋਨ ਲੈ ਸਕਦੇ ਹੋ,ਤੁ ਹਾ ਡੇ   ਕ੍ਰੈ ਡਿ ਟ   ਸ ਕੋ ਰ   ਦੇ   ਅ ਨੁ ਸਾ ਰ   ਤੁ ਸੀਂ   ਵ ੱ ਧ   ਤੋਂ   ਵ ੱ ਧ   8   ਲ ੱ ਖ   ਤ ੱ ਕ   ਦਾ   ਲੋ ਨ   ਲੈ   ਸ ਕ ਦੇ   ਹੋ,38,17
ਇਸ ਵੇਲੇ ਨਿੱਜੀ ਲੋਨ 'ਤੇ ਵਿਆਜ ਦਰ ਕਿੰਨੀ ਹੈ,ਇ ਸ   ਵੇ ਲੇ   ਨਿ ੱ ਜੀ   ਲੋ ਨ   ' ਤੇ   ਵਿ ਆ ਜ   ਦ ਰ   ਕਿ ੰ ਨੀ   ਹੈ,20,9
ਅਤੇ ਕਿ ਮੈਂ ਇੱਕ ਦੀ ਪ੍ਰਕਿਰਿਆ ਜਾਣ ਸਕਦਾ ਹਾਂ,ਅ ਤੇ   ਕਿ   ਮੈਂ   ਇ ੱ ਕ   ਦੀ   ਪ੍ਰ ਕਿ ਰਿ ਆ   ਜਾ ਣ   ਸ ਕ ਦਾ   ਹਾਂ,18,9
ਨਿੱਜੀ ਕਰਜ਼ ਵਿਆਜ ਦਰ ਆਮ ਤੌਰ 'ਤੇ 10,ਨਿ ੱ ਜੀ   ਕ ਰ ਜ਼   ਵਿ ਆ ਜ   ਦ ਰ   ਆ ਮ   ਤੌ ਰ   ' ਤੇ   1 0,19,8
50% ਅਤੇ 24% ਦੇ ਵਿਚਕਾਰ ਕਿਤੇ ਵੀ ਬਦਲ ਸਕਦੀਆਂ ਹਨ,5 0 %   ਅ ਤੇ   2 4 %   ਦੇ   ਵਿ ਚ ਕਾ ਰ   ਕਿ ਤੇ   ਵੀ   ਬ ਦ ਲ   ਸ ਕ ਦੀ ਆ ਂ   ਹ ਨ,26,10
ਇਹ ਆਮ ਤੌਰ 'ਤੇ ਇਸ ਗੱਲ 'ਤੇ ਆਧਾਰਿਤ ਹੈ ਕਿ ਤੁਸੀਂ ਵਿੱਤੀ ਸੰਸਥਾ ਦੀਆਂ ਨਿੱਜੀ ਕਰਜ਼ ਯੋਗਤਾ ਲੋੜਾਂ ਨੂੰ ਕਿੰਝ ਪੂਰਾ ਕਰਦੇ ਹੋ,ਇ ਹ   ਆ ਮ   ਤੌ ਰ   ' ਤੇ   ਇ ਸ   ਗ ੱ ਲ   ' ਤੇ   ਆ ਧਾ ਰਿ ਤ   ਹੈ   ਕਿ   ਤੁ ਸੀਂ   ਵਿ ੱ ਤੀ   ਸ ੰ ਸ ਥਾ   ਦੀ ਆ ਂ   ਨਿ ੱ ਜੀ   ਕ ਰ ਜ਼   ਯੋ ਗ ਤਾ   ਲੋ ੜ ਾ ਂ   ਨੂ ੰ   ਕਿ ੰ ਝ   ਪੂ ਰਾ   ਕ ਰ ਦੇ   ਹੋ,57,23
ਇੱਥੇ ਬਹੁਤ ਸਾਰੇ ਦਸਤਾਵੇਜ਼ ਹਨ ਜੋ ਤੁਹਾਨੂੰ ਪ੍ਰਕਿਰਿਆ ਸ਼ੁਰੂ ਕਰਵਾਉਣ ਲਈ ਜਮ੍ਹਾਂ ਕਰਵਾਉਣ ਦੀ ਲੋੜ ਹੈ,ਇ ੱ ਥੇ   ਬ ਹੁ ਤ   ਸਾ ਰੇ   ਦ ਸ ਤਾ ਵੇ ਜ਼   ਹ ਨ   ਜੋ   ਤੁ ਹਾ ਨੂ ੰ   ਪ੍ਰ ਕਿ ਰਿ ਆ   ਸ਼ੁ ਰੂ   ਕ ਰ ਵਾ ਉ ਣ   ਲ ਈ   ਜ ਮ੍ਹਾਂ   ਕ ਰ ਵਾ ਉ ਣ   ਦੀ   ਲੋ ੜ   ਹੈ,44,16
"ਵੋਟਰ ਕਾਰਡ, ਆਧਾਰ ਕਾਰਡ ਅਤੇ ਪੈਣ ਕਾਰਡ ਵਰਗੇ ਪ੍ਰਮਾਣ ਪੱਤਰ ਸਥਾਪਤ ਕਰਨ ਲਈ ਲੋੜੀਂਦੇ ਦਸਤਾਵੇਜ਼ ਹਨ","ਵੋ ਟ ਰ   ਕਾ ਰ ਡ ,   ਆ ਧਾ ਰ   ਕਾ ਰ ਡ   ਅ ਤੇ   ਪੈ ਣ   ਕਾ ਰ ਡ   ਵ ਰ ਗੇ   ਪ੍ਰ ਮਾ ਣ   ਪ ੱ ਤ ਰ   ਸ ਥਾ ਪ ਤ   ਕ ਰ ਨ   ਲ ਈ   ਲੋ ੜ ੀ ਂ ਦੇ   ਦ ਸ ਤਾ ਵੇ ਜ਼   ਹ ਨ",51,16
ਪਛਾਣ ਦਾ ਸਬੂਤ ਅਤੇ ਰਿਹਾਇਸ਼ ਦਾ ਸਬੂਤ,ਪ ਛਾ ਣ   ਦਾ   ਸ ਬੂ ਤ   ਅ ਤੇ   ਰਿ ਹਾ ਇ ਸ਼   ਦਾ   ਸ ਬੂ ਤ,17,7
ਆਮਦਨ ਦੇ ਕਾਗਜ਼ਾਤ ਜਿਵੇਂ ਕਿ ਪਿਛਲੇ ਤਿੰਨ ਮਹੀਨਿਆਂ ਦੀ ਤਨਖਾਹ ਰਸੀਦ ਅਤੇ ਆਈ ਟੀ ਰਿਟਰਨ ਆਦਿ,ਆ ਮ ਦ ਨ   ਦੇ   ਕਾ ਗ ਜ਼ ਾ ਤ   ਜਿ ਵੇਂ   ਕਿ   ਪਿ ਛ ਲੇ   ਤਿ ੰ ਨ   ਮ ਹੀ ਨਿ ਆ ਂ   ਦੀ   ਤ ਨ ਖਾ ਹ   ਰ ਸੀ ਦ   ਅ ਤੇ   ਆ ਈ   ਟੀ   ਰਿ ਟ ਰ ਨ   ਆ ਦਿ,43,16
ਕੀ ਮੈਨੂੰ ਸ਼ਾਖਾ ਵਿਖੇ ਨਿੱਜੀ ਤੌਰ 'ਤੇ ਆਉਣਾ ਪਵੇਗਾ,ਕੀ   ਮੈ ਨੂ ੰ   ਸ ਼ ਾ ਖਾ   ਵਿ ਖੇ   ਨਿ ੱ ਜੀ   ਤੌ ਰ   ' ਤੇ   ਆ ਉ ਣਾ   ਪ ਵੇ ਗਾ,23,9
ਜਾਂ ਫਿਰ ਮੈਂ ਆਨ ਲਾਈਨ ਅਰਜੀ ਦੇ ਸਕਦੀ ਹਾਂ,ਜਾਂ   ਫਿ ਰ   ਮੈਂ   ਆ ਨ   ਲਾ ਈ ਨ   ਅ ਰ ਜੀ   ਦੇ   ਸ ਕ ਦੀ   ਹਾਂ,17,9
ਅਰਜ਼ੀ ਆਨਲਾਈਨ ਦਿੱਤੀ ਜਾ ਸਕਦੀ ਹੈ,ਅ ਰ ਜ਼ ੀ   ਆ ਨ ਲਾ ਈ ਨ   ਦਿ ੱ ਤੀ   ਜਾ   ਸ ਕ ਦੀ   ਹੈ,17,6
ਪਰ ਦਸਤਾਵੇਜ਼ ਜਮ੍ਹਾਂ ਕਰਵਾਉਣ ਅਤੇ ਤਸਦੀਕ ਕਰਨ ਲਈ ਤੁਹਾਨੂੰ ਬਰਾਂਚ ਆਉਣਾ ਪਵੇਗਾ,ਪ ਰ   ਦ ਸ ਤਾ ਵੇ ਜ਼   ਜ ਮ੍ਹਾਂ   ਕ ਰ ਵਾ ਉ ਣ   ਅ ਤੇ   ਤ ਸ ਦੀ ਕ   ਕ ਰ ਨ   ਲ ਈ   ਤੁ ਹਾ ਨੂ ੰ   ਬ ਰਾਂ ਚ   ਆ ਉ ਣਾ   ਪ ਵੇ ਗਾ,38,12
"ਮੈਂ ਤੁਹਾਡੀ ਫਰਮ ਦਾ ਨਿਯਮਿਤ ਗਾਹਕ ਹਾਂ, ਤੁਸੀਂ ਚੈੱਕ ਵੀ ਕਰ ਸਕਦੇ ਹੋ","ਮੈਂ   ਤੁ ਹਾ ਡੀ   ਫ ਰ ਮ   ਦਾ   ਨਿ ਯ ਮਿ ਤ   ਗਾ ਹ ਕ   ਹਾਂ ,   ਤੁ ਸੀਂ   ਚੈ ੱ ਕ   ਵੀ   ਕ ਰ   ਸ ਕ ਦੇ   ਹੋ",29,13
ਕੀ ਮੈਂ ਆਪਣੇ ਕਾਗਜਾਤ ਤੁਹਾਡੇ ਦਫ਼ਤਰ ਨੂੰ ਭੇਜ ਸਕਦਾ ਹਾਂ,ਕੀ   ਮੈਂ   ਆ ਪ ਣੇ   ਕਾ ਗ ਜਾ ਤ   ਤੁ ਹਾ ਡੇ   ਦ ਫ਼ ਤ ਰ   ਨੂ ੰ   ਭੇ ਜ   ਸ ਕ ਦਾ   ਹਾਂ,24,10
"ਸਾਹਿਬ, ਇਸ ਵਿੱਚ ਜਿਆਦਾਂ ਸਮਾਂ ਨਹੀਂ ਲੱਗੇਗਾ, ਦਸਤਾਵੇਜ਼ਾਂ ਨੂੰ ਭੇਜਣ ਨਾਲ ਹੋਰ ਅਰਜ਼ੀਆਂ ਮਿਲ ਸਕਦੀਆਂ ਹਨ","ਸਾ ਹਿ ਬ ,   ਇ ਸ   ਵਿ ੱ ਚ   ਜਿ ਆ ਦਾਂ   ਸ ਮਾਂ   ਨ ਹੀਂ   ਲ ੱ ਗੇ ਗਾ ,   ਦ ਸ ਤਾ ਵੇ ਜ਼ ਾ ਂ   ਨੂ ੰ   ਭੇ ਜ ਣ   ਨਾ ਲ   ਹੋ ਰ   ਅ ਰ ਜ਼ ੀ ਆ ਂ   ਮਿ ਲ   ਸ ਕ ਦੀ ਆ ਂ   ਹ ਨ",52,16
ਆਮ ਤੌਰ 'ਤੇ ਨਿੱਜੀ ਕਰਜ਼ੇ 'ਤੇ ਹੇਠਲੀ ਅਤੇ ਉਪਰਲੀ ਸੀਮਾਵਾਂ ਕੀ ਹਨ,ਆ ਮ   ਤੌ ਰ   ' ਤੇ   ਨਿ ੱ ਜੀ   ਕ ਰ ਜ਼ ੇ   ' ਤੇ   ਹੇ ਠ ਲੀ   ਅ ਤੇ   ਉ ਪ ਰ ਲੀ   ਸੀ ਮਾ ਵਾਂ   ਕੀ   ਹ ਨ,30,12
"ਅਸੀਂ ਤੁਹਾਡੀ ਯੋਗਤਾ ਅਨੁਸਾਰ ਘੱਟੋ ਘੱਟ 75,000/- ਤੋਂ ਲੈ ਕੇ ਵੱਧ ਤੋਂ ਵੱਧ 35,00,000/- ਤੱਕ ਨਿੱਜੀ ਕਰਜ਼ੇ ਪ੍ਰਦਾਨ ਕਰਦੇ ਹਾਂ","ਅ ਸੀਂ   ਤੁ ਹਾ ਡੀ   ਯੋ ਗ ਤਾ   ਅ ਨੁ ਸਾ ਰ   ਘ ੱ ਟੋ   ਘ ੱ ਟ   7 5 , 0 0 0 / -   ਤੋਂ   ਲੈ   ਕੇ   ਵ ੱ ਧ   ਤੋਂ   ਵ ੱ ਧ   3 5 , 0 0 , 0 0 0 / -   ਤ ੱ ਕ   ਨਿ ੱ ਜੀ   ਕ ਰ ਜ਼ ੇ   ਪ੍ਰ ਦਾ ਨ   ਕ ਰ ਦੇ   ਹਾਂ",64,20
"ਅੱਛਾ ਜੀ ਫਿਰ, ਜਾਣਕਾਰੀ ਦੇਣ ਲਈ ਧੰਨਵਾਦ","ਅ ੱ ਛਾ   ਜੀ   ਫਿ ਰ ,   ਜਾ ਣ ਕਾ ਰੀ   ਦੇ ਣ   ਲ ਈ   ਧ ੰ ਨ ਵਾ ਦ",20,7
ਮੈਂ ਜਲਦੀ ਹੀ ਬਰਾਂਚ ਦਾ ਦੌਰਾ ਕਰਨ ਵਾਲੀ ਹਾਂ,ਮੈਂ   ਜ ਲ ਦੀ   ਹੀ   ਬ ਰਾਂ ਚ   ਦਾ   ਦੌ ਰਾ   ਕ ਰ ਨ   ਵਾ ਲੀ   ਹਾਂ,17,9
ਕਿਰਪਾ ਕਰਕੇ ਕਿਸੇ ਹੋਰ ਸਹਾਇਤਾ ਦੀ ਸਥਿਤੀ ਵਿੱਚ ਸੰਪਰਕ ਕਰੋ,ਕਿ ਰ ਪਾ   ਕ ਰ ਕੇ   ਕਿ ਸੇ   ਹੋ ਰ   ਸ ਹਾ ਇ ਤਾ   ਦੀ   ਸ ਥਿ ਤੀ   ਵਿ ੱ ਚ   ਸ ੰ ਪ ਰ ਕ   ਕ ਰੋ,28,10
"ਕਮਲਾ, ਤੂੰ ਕੰਮ ਤੇ ਵਾਪਿਸ ਕਦੋਂ ਆਏਂਗੀ","ਕ ਮ ਲਾ ,   ਤੂ ੰ   ਕ ੰ ਮ   ਤੇ   ਵਾ ਪਿ ਸ   ਕ ਦੋਂ   ਆ ਏ ਂ ਗੀ",19,7
ਕੀ ਤੂੰ ਕਦੇ ਕੈਲੰਡਰ ਦੇਖਿਆ ਹੈ,ਕੀ   ਤੂ ੰ   ਕ ਦੇ   ਕੈ ਲ ੰ ਡ ਰ   ਦੇ ਖਿ ਆ   ਹੈ,14,6
ਲਗਭਗ ਇੱਕ ਮਹੀਨਾ ਹੋ ਗਿਆ ਹੈ,ਲ ਗ ਭ ਗ   ਇ ੱ ਕ   ਮ ਹੀ ਨਾ   ਹੋ   ਗਿ ਆ   ਹੈ,14,6
ਮੈਂ ਸੋਚਿਆ ਕਿ ਤੁਸੀਂ ਕਿਹਾ ਹੈ ਕਿ ਤੂੰ 10 ਦਿਨਾਂ ਦੀ ਛੁੱਟੀ ਲੈ ਰਹੀ ਹੈ,ਮੈਂ   ਸੋ ਚਿ ਆ   ਕਿ   ਤੁ ਸੀਂ   ਕਿ ਹਾ   ਹੈ   ਕਿ   ਤੂ ੰ   1 0   ਦਿ ਨਾਂ   ਦੀ   ਛੁ ੱ ਟੀ   ਲੈ   ਰ ਹੀ   ਹੈ,25,15
ਮੈਨੂੰ ਮੁਆਫ਼ ਕਰਨਾ ਮੈਡਮ,ਮੈ ਨੂ ੰ   ਮੁ ਆ ਫ਼   ਕ ਰ ਨਾ   ਮੈ ਡ ਮ,12,4
ਮੈਂ ਦੱਸਣ ਦੀ ਹਾਲਤ ਵਿੱਚ ਨਹੀਂ ਸੀ,ਮੈਂ   ਦ ੱ ਸ ਣ   ਦੀ   ਹਾ ਲ ਤ   ਵਿ ੱ ਚ   ਨ ਹੀਂ   ਸੀ,15,7
ਤੂੰ ਹੁਣ ਕਿੱਥੇ ਹੈ,ਤੂ ੰ   ਹੁ ਣ   ਕਿ ੱ ਥੇ   ਹੈ,8,4
ਕੀ ਤੁਸੀਂ ਅਜੇ ਵੀ ਆਪਣੇ ਮਾਤਾ ਪਿਤਾ ਦੇ ਘਰ ਹੋ,ਕੀ   ਤੁ ਸੀਂ   ਅ ਜੇ   ਵੀ   ਆ ਪ ਣੇ   ਮਾ ਤਾ   ਪਿ ਤਾ   ਦੇ   ਘ ਰ   ਹੋ,17,10
"ਨਹੀਂ ਮੈਡਮ, ਮੈਂ ਤਿੰਨ ਦਿਨਾਂ ਪਹਿਲਾਂ ਘਰ ਆ ਗਈ ਸੀ","ਨ ਹੀਂ   ਮੈ ਡ ਮ ,   ਮੈਂ   ਤਿ ੰ ਨ   ਦਿ ਨਾਂ   ਪ ਹਿ ਲਾਂ   ਘ ਰ   ਆ   ਗ ਈ   ਸੀ",21,10
ਤਿੰਨ ਦਿਨਾਂ ਪਹਿਲਾਂ,ਤਿ ੰ ਨ   ਦਿ ਨਾਂ   ਪ ਹਿ ਲਾਂ,8,3
ਫਿਰ ਤੂੰ ਕੰਮ 'ਤੇ ਕਿਉਂ ਨਹੀਂ ਆਈ,ਫਿ ਰ   ਤੂ ੰ   ਕ ੰ ਮ   ' ਤੇ   ਕਿ ਉ ਂ   ਨ ਹੀਂ   ਆ ਈ,16,7
ਮੇਰਾ ਹੱਥ ਥੋੜਾ ਸੁਜਿਆ ਹੋਇਆ ਹੈ,ਮੇ ਰਾ   ਹ ੱ ਥ   ਥੋ ੜ ਾ   ਸੁ ਜਿ ਆ   ਹੋ ਇ ਆ   ਹੈ,15,6
ਮੈਨੂੰ ਕੰਮ ਕਰਨ 'ਚ ਦਿੱਕਤ ਆ ਰਹੀ ਹੈ,ਮੈ ਨੂ ੰ   ਕ ੰ ਮ   ਕ ਰ ਨ   ' ਚ   ਦਿ ੱ ਕ ਤ   ਆ   ਰ ਹੀ   ਹੈ,19,8
ਸੋਜ,ਸੋ ਜ,2,1
ਕੀ ਤੂੰ ਡਾਕਟਰ ਨੂੰ ਦਿਖਾਈਆ,ਕੀ   ਤੂ ੰ   ਡਾ ਕ ਟ ਰ   ਨੂ ੰ   ਦਿ ਖਾ ਈ ਆ,13,5
ਡਾਕਟਰ ਨੇ ਕੁੱਝ ਦਿਨ ਅਰਾਮ ਕਰਨ ਲਈ ਕਿਹਾ ਹੈ,ਡਾ ਕ ਟ ਰ   ਨੇ   ਕੁ ੱ ਝ   ਦਿ ਨ   ਅ ਰਾ ਮ   ਕ ਰ ਨ   ਲ ਈ   ਕਿ ਹਾ   ਹੈ,21,9
ਉਸਦਾ ਮਤਲਬ ਯਕੀਨਨ ਇੱਕ ਮਹੀਨਾ ਨਹੀਂ ਸੀ,ਉ ਸ ਦਾ   ਮ ਤ ਲ ਬ   ਯ ਕੀ ਨ ਨ   ਇ ੱ ਕ   ਮ ਹੀ ਨਾ   ਨ ਹੀਂ   ਸੀ,20,7
ਕੀ ਤੇਰਾ ਹੱਥ ਟੁੱਟਿਆ ਨਹੀਂ ਹੈ,ਕੀ   ਤੇ ਰਾ   ਹ ੱ ਥ   ਟੁ ੱ ਟਿ ਆ   ਨ ਹੀਂ   ਹੈ,13,6
"ਨਹੀਂ ਮੈਡਮ, ਉਹ ਕੇਸ ਨਹੀਂ ਹੈ","ਨ ਹੀਂ   ਮੈ ਡ ਮ ,   ਉ ਹ   ਕੇ ਸ   ਨ ਹੀਂ   ਹੈ",13,6
ਕੇਸ ਕੀ ਹੈ,ਕੇ ਸ   ਕੀ   ਹੈ,4,3
ਮੈਨੂੰ ਨਹੀਂ ਪਤਾ ਮੈਡਮ,ਮੈ ਨੂ ੰ   ਨ ਹੀਂ   ਪ ਤਾ   ਮੈ ਡ ਮ,10,4
"ਮੇਰਾ ਹੱਥ ਸੁਜਿਆ ਹੋਇਆ ਹੈ, ਇਹ ਦੁਖਦਾ ਹੈ","ਮੇ ਰਾ   ਹ ੱ ਥ   ਸੁ ਜਿ ਆ   ਹੋ ਇ ਆ   ਹੈ ,   ਇ ਹ   ਦੁ ਖ ਦਾ   ਹੈ",19,8
"ਜੇਕਰ ਤੁਸੀਂ ਕਦੇ ਆਪਣਾ ਕੰਮ ਸਹੀ ਢੰਗ ਨਾਲ ਕੀਤਾ ਹੁੰਦਾ, ਤਾਂ ਇਹ ਨਹੀਂ ਹੁੰਦਾ","ਜੇ ਕ ਰ   ਤੁ ਸੀਂ   ਕ ਦੇ   ਆ ਪ ਣਾ   ਕ ੰ ਮ   ਸ ਹੀ   ਢ ੰ ਗ   ਨਾ ਲ   ਕੀ ਤਾ   ਹੁ ੰ ਦਾ ,   ਤਾਂ   ਇ ਹ   ਨ ਹੀਂ   ਹੁ ੰ ਦਾ",34,14
ਤੂੰ ਕਦੇ ਕੱਪੜੇ ਤਹਿ ਨਹੀਂ ਕੀਤੇ,ਤੂ ੰ   ਕ ਦੇ   ਕ ੱ ਪ ੜ ੇ   ਤ ਹਿ   ਨ ਹੀਂ   ਕੀ ਤੇ,15,6
ਭਾਂਡੇ ਕਦੇ ਵਧੀਆ ਸਾਫ਼ ਨਹੀਂ ਕੀਤੇ,ਭਾਂ ਡੇ   ਕ ਦੇ   ਵ ਧੀ ਆ   ਸਾ ਫ਼   ਨ ਹੀਂ   ਕੀ ਤੇ,13,6
ਤੂੰ ਕਦੇ ਕੱਪੜੇ ਵੀ ਨਹੀਂ ਧੋਏ ਕਿਉਂ ਕਿ ਵਾੱਸ਼ਿੰਗ ਮਸ਼ੀਨ ਹੈ,ਤੂ ੰ   ਕ ਦੇ   ਕ ੱ ਪ ੜ ੇ   ਵੀ   ਨ ਹੀਂ   ਧੋ ਏ   ਕਿ ਉ ਂ   ਕਿ   ਵਾ ੱ ਸ਼ਿ ੰ ਗ   ਮ ਸ਼ੀ ਨ   ਹੈ,27,11
ਇਹ ਸਭ ਠੀਕ ਨਹੀਂ ਹੈ,ਇ ਹ   ਸ ਭ   ਠੀ ਕ   ਨ ਹੀਂ   ਹੈ,9,5
"ਜਿੰਨਾ ਮੇਰੇ ਤੋਂ ਹੁੰਦਾ ਹੈ ਉਹ ਮੈਂ ਕਰਦੀ ਹਾਂ, ਮੈਡਮ","ਜਿ ੰ ਨਾ   ਮੇ ਰੇ   ਤੋਂ   ਹੁ ੰ ਦਾ   ਹੈ   ਉ ਹ   ਮੈਂ   ਕ ਰ ਦੀ   ਹਾਂ ,   ਮੈ ਡ ਮ",21,10
ਮੇਰੇ ਨਾਲ ਗੱਲ ਨਾ ਕਰ,ਮੇ ਰੇ   ਨਾ ਲ   ਗ ੱ ਲ   ਨਾ   ਕ ਰ,10,5
"ਘਰ ਰਹਿ , ਅਰਾਮ ਕਰ","ਘ ਰ   ਰ ਹਿ   ,   ਅ ਰਾ ਮ   ਕ ਰ",10,5
ਤੈਨੂੰ ਇੱਥੇ ਕੰਮ ਲਈ ਆਉਣ ਦੀ ਕੋਈ ਲੋੜ ਨਹੀਂ ਹੈ,ਤੈ ਨੂ ੰ   ਇ ੱ ਥੇ   ਕ ੰ ਮ   ਲ ਈ   ਆ ਉ ਣ   ਦੀ   ਕੋ ਈ   ਲੋ ੜ   ਨ ਹੀਂ   ਹੈ,22,10
ਮੈਂ ਤੈਨੂੰ ਕੱਢ ਰਹੀ ਹਾਂ,ਮੈਂ   ਤੈ ਨੂ ੰ   ਕ ੱ ਢ   ਰ ਹੀ   ਹਾਂ,10,5
ਵਾਹ,ਵਾ ਹ,2,1
ਇਹ ਬਹੁਤ ਸ਼ਾਨਦਾਰ ਹੈ,ਇ ਹ   ਬ ਹੁ ਤ   ਸ਼ਾ ਨ ਦਾ ਰ   ਹੈ,10,4
ਤੂੰ ਇਹ ਕਦੋਂ ਲਈ,ਤੂ ੰ   ਇ ਹ   ਕ ਦੋਂ   ਲ ਈ,8,4
"ਕਿਰਪਾ, ਕੀ ਮੈਂ ਚਲਾ ਸਕਦਾ ਹਾਂ","ਕਿ ਰ ਪਾ ,   ਕੀ   ਮੈਂ   ਚ ਲਾ   ਸ ਕ ਦਾ   ਹਾਂ",12,6
ਪੱਕਾ ਤੂੰ ਚਲਾ ਲਵੇਂਗਾ,ਪ ੱ ਕਾ   ਤੂ ੰ   ਚ ਲਾ   ਲ ਵੇਂ ਗਾ,10,4
ਮੈਂ ਇਸ ਖੂਬਸੂਰਤੀ ਨੂੰ ਕੋਈ ਨੁਕਸਾਨ ਨਹੀਂ ਪਹੁੰਚਾਉਣਾ ਚਾਹੁੰਦਾ,ਮੈਂ   ਇ ਸ   ਖੂ ਬ ਸੂ ਰ ਤੀ   ਨੂ ੰ   ਕੋ ਈ   ਨੁ ਕ ਸਾ ਨ   ਨ ਹੀਂ   ਪ ਹੁ ੰ ਚਾ ਉ ਣਾ   ਚਾ ਹੁ ੰ ਦਾ,28,9
ਕਿਉਂ ਨਹੀਂ,ਕਿ ਉ ਂ   ਨ ਹੀਂ,5,2
ਮੈਂ ਕੋਸ਼ਿਸ਼ ਕਰ ਸਕਦਾ ਹਾਂ,ਮੈਂ   ਕੋ ਸ਼ਿ ਸ਼   ਕ ਰ   ਸ ਕ ਦਾ   ਹਾਂ,10,5
ਕੀ ਤੇਰੇ ਕੋਲ ਕੋਈ ਬੀਮਾ ਵੀ ਨਹੀਂ ਹੈ,ਕੀ   ਤੇ ਰੇ   ਕੋ ਲ   ਕੋ ਈ   ਬੀ ਮਾ   ਵੀ   ਨ ਹੀਂ   ਹੈ,13,8
ਹਾਹਾ,ਹਾ ਹਾ,2,1
ਮੁਆਫ਼ ਕਰੀਂ ਮੈਂ ਮਜਾਕ ਕਰ ਰਿਹਾ ਸੀ,ਮੁ ਆ ਫ਼   ਕ ਰੀਂ   ਮੈਂ   ਮ ਜਾ ਕ   ਕ ਰ   ਰਿ ਹਾ   ਸੀ,14,7
ਤੂੰ ਹੁਣ ਆਪਣਾ ਮੂੰਹ ਦੇਖਣਾ ਸੀ,ਤੂ ੰ   ਹੁ ਣ   ਆ ਪ ਣਾ   ਮੂ ੰ ਹ   ਦੇ ਖ ਣਾ   ਸੀ,14,6
ਇਹ ਕੀ,ਇ ਹ   ਕੀ,3,2
ਮੇਰੀ ਗੱਡੀ 'ਤੇ ਚੁਟਕਲਿਆਂ ਦੀ ਇਜਾਜ਼ਤ ਨਹੀਂ ਹੈ,ਮੇ ਰੀ   ਗ ੱ ਡੀ   ' ਤੇ   ਚੁ ਟ ਕ ਲਿ ਆ ਂ   ਦੀ   ਇ ਜਾ ਜ਼ ਤ   ਨ ਹੀਂ   ਹੈ,21,8
ਜੇਕਰ ਤੂੰ ਚਾਹੁੰਦਾ ਹੈ ਤੇ ਮੇਰੀ ਜ਼ਿੰਦਗੀ 'ਤੇ ਚੁਟਕਲੇ ਮਾਰ ਸਕਦਾ ਹੈ,ਜੇ ਕ ਰ   ਤੂ ੰ   ਚਾ ਹੁ ੰ ਦਾ   ਹੈ   ਤੇ   ਮੇ ਰੀ   ਜ਼ ਿ ੰ ਦ ਗੀ   ' ਤੇ   ਚੁ ਟ ਕ ਲੇ   ਮਾ ਰ   ਸ ਕ ਦਾ   ਹੈ,30,12
"ਵੈਸੇ ਵੀ, ਇਹ ਲਾ","ਵੈ ਸੇ   ਵੀ ,   ਇ ਹ   ਲਾ",7,4
ਚਲੋ ਇਸਨੂੰ ਇੱਕ ਗੇੜਾ ਦਵਾਉਂਦੇ ਹਾਂ,ਚ ਲੋ   ਇ ਸ ਨੂ ੰ   ਇ ੱ ਕ   ਗੇ ੜ ਾ   ਦ ਵਾ ਉ ਂ ਦੇ   ਹਾਂ,18,6
ਕੀ ਤੂੰ ਇਸਦਾ ਨਾਮ ਰੱਖ ਲਿਆ ਹੈ,ਕੀ   ਤੂ ੰ   ਇ ਸ ਦਾ   ਨਾ ਮ   ਰ ੱ ਖ   ਲਿ ਆ   ਹੈ,14,7
ਤੈਨੂੰ ਆਪਣੀ ਗੱਡੀ ਨੂੰ ਨਾਮ ਦੇਣਾ ਚਾਹੀਦਾ ਹੈ,ਤੈ ਨੂ ੰ   ਆ ਪ ਣੀ   ਗ ੱ ਡੀ   ਨੂ ੰ   ਨਾ ਮ   ਦੇ ਣਾ   ਚਾ ਹੀ ਦਾ   ਹੈ,19,8
ਹਾਹਾ ਹਾਂ,ਹਾ ਹਾ   ਹਾਂ,3,2
ਮੈਂ ਇਸਨੂੰ ਅਥੇਨਾ ਬੁਲਾਵਾਂਗਾ,ਮੈਂ   ਇ ਸ ਨੂ ੰ   ਅ ਥੇ ਨਾ   ਬੁ ਲਾ ਵਾਂ ਗਾ,12,4
"ਤੂੰ ਅਤੇ ਤੇਰੇ ਯੂਨਾਨੀ ਨਾਮ, ਬਾਈ","ਤੂ ੰ   ਅ ਤੇ   ਤੇ ਰੇ   ਯੂ ਨਾ ਨੀ   ਨਾ ਮ ,   ਬਾ ਈ",14,6
ਓਹ,ਓ ਹ,2,1
ਇੰਜਣ ਦੀ ਆਵਾਜ਼,ਇ ੰ ਜ ਣ   ਦੀ   ਆ ਵਾ ਜ਼,8,3
ਬਹੁਤ ਵਧੀਆ,ਬ ਹੁ ਤ   ਵ ਧੀ ਆ,6,2
ਅਤੇ ਇਸਦੀ ਨਿਰਵਿਘਨਤਾ,ਅ ਤੇ   ਇ ਸ ਦੀ   ਨਿ ਰ ਵਿ ਘ ਨ ਤਾ,11,3
ਇਹ ਤੈਨੂੰ ਬਹੁਤ ਮਹਿੰਗੀ ਪਈ ਹੋਵੇਗੀ,ਇ ਹ   ਤੈ ਨੂ ੰ   ਬ ਹੁ ਤ   ਮ ਹਿ ੰ ਗੀ   ਪ ਈ   ਹੋ ਵੇ ਗੀ,17,6
ਇਹ ਪੈਂਦੀ ਜੇਕਰ ਮੇਰੇ ਬਾਪੂ ਜੀ ਅਮੀਰ ਨਾ ਹੁੰਦੇ,ਇ ਹ   ਪੈਂ ਦੀ   ਜੇ ਕ ਰ   ਮੇ ਰੇ   ਬਾ ਪੂ   ਜੀ   ਅ ਮੀ ਰ   ਨਾ   ਹੁ ੰ ਦੇ,19,9
"ਇਹ ਇੱਕ ਤੋਹਫ਼ਾ ਹੈ, ਬਾਈ","ਇ ਹ   ਇ ੱ ਕ   ਤੋ ਹ ਫ਼ ਾ   ਹੈ ,   ਬਾ ਈ",13,5
"ਮੇਰੀ ਤਨਖਾਹ 'ਤੇ, ਮੈਂ ਇੱਕ ਆਈ ਫ਼ੋਨ ਵੀ ਨਹੀਂ ਲੈ ਸਕਦਾ, ਫਰਾਫ਼ੀ ਤਾਂ ਭੁੱਲ ਜੋ","ਮੇ ਰੀ   ਤ ਨ ਖਾ ਹ   ' ਤੇ ,   ਮੈਂ   ਇ ੱ ਕ   ਆ ਈ   ਫ਼ ੋ ਨ   ਵੀ   ਨ ਹੀਂ   ਲੈ   ਸ ਕ ਦਾ ,   ਫ ਰਾ ਫ਼ ੀ   ਤਾਂ   ਭੁ ੱ ਲ   ਜੋ",35,15
"ਫਿਰ, ਕਿਵੇਂ ਪਸੰਦ ਆਈ ਤੈਨੂੰ ਇਹ","ਫਿ ਰ ,   ਕਿ ਵੇਂ   ਪ ਸ ੰ ਦ   ਆ ਈ   ਤੈ ਨੂ ੰ   ਇ ਹ",16,6
ਕੀ ਇਹ ਰਾਹੁਲ ਵਾਲੀ ਤੋਂ ਵਧੀਆ ਹੈ,ਕੀ   ਇ ਹ   ਰਾ ਹੁ ਲ   ਵਾ ਲੀ   ਤੋਂ   ਵ ਧੀ ਆ   ਹੈ,13,7
ਬੇਸ਼ੱਕ,ਬੇ ਸ਼ ੱ ਕ,4,1
ਇਹ ਫ਼ਰਾਰੀ ਹੈ,ਇ ਹ   ਫ਼ ਰਾ ਰੀ   ਹੈ,6,3
ਤੈਨੂੰ ਇਸਦੇ ਪਿੱਛੇ 'ਬਾਪੂ ਵੱਲੋਂ ਤੋਹਫ਼ਾ' ਲਿਖਵਾਉਣਾ ਚਾਹੀਦਾ ਹੈ,ਤੈ ਨੂ ੰ   ਇ ਸ ਦੇ   ਪਿ ੱ ਛੇ   ' ਬਾ ਪੂ   ਵ ੱ ਲੋਂ   ਤੋ ਹ ਫ਼ ਾ '   ਲਿ ਖ ਵਾ ਉ ਣਾ   ਚਾ ਹੀ ਦਾ   ਹੈ,29,9
ਹਾਹਾ,ਹਾ ਹਾ,2,1
ਇਹ ਗੁੜਗਾਂਓ ਨਹੀਂ ਹੈ,ਇ ਹ   ਗੁ ੜ ਗਾਂ ਓ   ਨ ਹੀਂ   ਹੈ,9,4
ਹਰ ਵਾਰ ਜਦੋਂ ਮੈਂ ਉਸਨੂੰ ਬਾਹਰ ਲੈ ਜਾਵਾਂਗਾ ਤਾਂ ਮੈਂ ਸ਼ਰਮ ਨਾਲ ਮਰ ਜਾਵਾਂਗਾ,ਹ ਰ   ਵਾ ਰ   ਜ ਦੋਂ   ਮੈਂ   ਉ ਸ ਨੂ ੰ   ਬਾ ਹ ਰ   ਲੈ   ਜਾ ਵਾਂ ਗਾ   ਤਾਂ   ਮੈਂ   ਸ਼ ਰ ਮ   ਨਾ ਲ   ਮ ਰ   ਜਾ ਵਾਂ ਗਾ,30,14
ਲੋਕ ਇਹਨਾਂ ਚੀਜ਼ਾਂ ਨੂੰ ਲੈ ਕੇ ਐਨ੍ਹੇ ਭਰੋਸੇਮੰਦ ਕਿਵੇਂ ਹੁੰਦੇ ਹਨ,ਲੋ ਕ   ਇ ਹ ਨਾਂ   ਚੀ ਜ਼ ਾ ਂ   ਨੂ ੰ   ਲੈ   ਕੇ   ਐ ਨ੍ਹੇ   ਭ ਰੋ ਸੇ ਮ ੰ ਦ   ਕਿ ਵੇਂ   ਹੁ ੰ ਦੇ   ਹ ਨ,28,11
ਕਿਉਂ ਕਿ ਉਹਨਾਂ ਕੋਲ ਅਮੀਰ ਬਾਪ ਹੁੰਦੇ ਹਨ,ਕਿ ਉ ਂ   ਕਿ   ਉ ਹ ਨਾਂ   ਕੋ ਲ   ਅ ਮੀ ਰ   ਬਾ ਪ   ਹੁ ੰ ਦੇ   ਹ ਨ,19,8
ਹਾਹਾ,ਹਾ ਹਾ,2,1
ਉਹ ਉਹਨਾਂ ਨੂੰ ਵਾਧੂ ਧੱਕਦੇ ਹਨ,ਉ ਹ   ਉ ਹ ਨਾਂ   ਨੂ ੰ   ਵਾ ਧੂ   ਧ ੱ ਕ ਦੇ   ਹ ਨ,15,6
"ਹਾਂ, ਮੈਨੂੰ ਲੱਗਦਾ ਹੈ","ਹਾਂ ,   ਮੈ ਨੂ ੰ   ਲ ੱ ਗ ਦਾ   ਹੈ",10,4
"ਚਲੋ ਕੁੱਝ ਚਿਰ ਰੋਕੀਏ, ਕੀ ਆਪਾਂ","ਚ ਲੋ   ਕੁ ੱ ਝ   ਚਿ ਰ   ਰੋ ਕੀ ਏ ,   ਕੀ   ਆ ਪਾਂ",14,6
ਪੱਕਾ,ਪ ੱ ਕਾ,3,1
ਲੋਕ ਵੇਖ ਕਿਵੇਂ ਦੇਖ ਰਹੇ ਨੇ,ਲੋ ਕ   ਵੇ ਖ   ਕਿ ਵੇਂ   ਦੇ ਖ   ਰ ਹੇ   ਨੇ,11,6
ਬਹੁਤ ਵਧੀਆ,ਬ ਹੁ ਤ   ਵ ਧੀ ਆ,6,2
"ਹੇ ਰਾਹੁਲ, ਮੈਂ ਹਾਲ ਹੀ ਵਿੱਚ ਕਸ਼ਮੀਰ ਫਾਈਲਜ਼ ਦੇਖੀ ਹੈ","ਹੇ   ਰਾ ਹੁ ਲ ,   ਮੈਂ   ਹਾ ਲ   ਹੀ   ਵਿ ੱ ਚ   ਕ ਸ਼ ਮੀ ਰ   ਫਾ ਈ ਲ ਜ਼   ਦੇ ਖੀ   ਹੈ",23,10
ਹਰ ਇੱਕ ਕਾਸਟ ਮੈਬਰ ਦੁਆਰਾ ਕਿੰਨਾ ਸ਼ਾਨਦਾਰ ਪ੍ਰਦਰਸ਼ਨ,ਹ ਰ   ਇ ੱ ਕ   ਕਾ ਸ ਟ   ਮੈ ਬ ਰ   ਦੁ ਆ ਰਾ   ਕਿ ੰ ਨਾ   ਸ਼ਾ ਨ ਦਾ ਰ   ਪ੍ਰ ਦ ਰ ਸ਼ ਨ,26,8
ਮੈਂ ਖਾਸ ਤੌਰ 'ਤੇ ਭਾਸ਼ਾ ਸੁਮਬਲੀ ਦੇ ਪ੍ਰਦਰਸ਼ਨ ਤੋਂ ਹੈਰਾਨ ਹਾਂ,ਮੈਂ   ਖਾ ਸ   ਤੌ ਰ   ' ਤੇ   ਭਾ ਸ਼ਾ   ਸੁ ਮ ਬ ਲੀ   ਦੇ   ਪ੍ਰ ਦ ਰ ਸ਼ ਨ   ਤੋਂ   ਹੈ ਰਾ ਨ   ਹਾਂ,24,11
ਹਾਂ; ਉਸਦਾ ਕਿਰਦਾਰ ਪੇਸ਼ ਕਰਨਾ ਬਹੁਤ ਚੁਣੌਤੀਪੂਰਨ ਸੀ,ਹਾਂ ;   ਉ ਸ ਦਾ   ਕਿ ਰ ਦਾ ਰ   ਪੇ ਸ਼   ਕ ਰ ਨਾ   ਬ ਹੁ ਤ   ਚੁ ਣੌ ਤੀ ਪੂ ਰ ਨ   ਸੀ,24,8
ਸੁਮਬਲੀ ਨੇ ਸ਼ਾਰਦਾ ਪੰਡਿਤ ਦੇ ਕਿਰਦਾਰ ਨਾਲ ਪੂਰਾ ਨਿਆ ਕੀਤਾ,ਸੁ ਮ ਬ ਲੀ   ਨੇ   ਸ਼ਾ ਰ ਦਾ   ਪ ੰ ਡਿ ਤ   ਦੇ   ਕਿ ਰ ਦਾ ਰ   ਨਾ ਲ   ਪੂ ਰਾ   ਨਿ ਆ   ਕੀ ਤਾ,25,10
ਕੀ ਤੁਸੀਂ ਜਾਣਦੇ ਹੋ ਕਿ ਸੁਮਬਲੀ ਖੁਦ ਕਸ਼ਮੀਨ ਪੰਡਿਤ ਭਾਈਚਾਰੇ ਨਾਲ ਸਬੰਧਤ ਹੈ,ਕੀ   ਤੁ ਸੀਂ   ਜਾ ਣ ਦੇ   ਹੋ   ਕਿ   ਸੁ ਮ ਬ ਲੀ   ਖੁ ਦ   ਕ ਸ਼ ਮੀ ਨ   ਪ ੰ ਡਿ ਤ   ਭਾ ਈ ਚਾ ਰੇ   ਨਾ ਲ   ਸ ਬ ੰ ਧ ਤ   ਹੈ,34,13
"ਹਾਂ, ਮੈਨੂੰ ਹੁਣੇ ਇਸ ਬਾਰੇ ਪਤਾ ਲੱਗਿਆ","ਹਾਂ ,   ਮੈ ਨੂ ੰ   ਹੁ ਣੇ   ਇ ਸ   ਬਾ ਰੇ   ਪ ਤਾ   ਲ ੱ ਗਿ ਆ",17,7
ਮੈਂ ਖਾਸ ਤੌਰ 'ਤੇ ਹੈਰਾਨ ਹਾਂ ਕਿ ਕਿਵੇਂ ਉਸਨੇ ਆਪਣੀ ਪਹਿਲੀ ਫਿਲਮ ਵਿੱਚ ਬਖੂਬੀ ਕੰਮ ਕੀਤਾ,ਮੈਂ   ਖਾ ਸ   ਤੌ ਰ   ' ਤੇ   ਹੈ ਰਾ ਨ   ਹਾਂ   ਕਿ   ਕਿ ਵੇਂ   ਉ ਸ ਨੇ   ਆ ਪ ਣੀ   ਪ ਹਿ ਲੀ   ਫਿ ਲ ਮ   ਵਿ ੱ ਚ   ਬ ਖੂ ਬੀ   ਕ ੰ ਮ   ਕੀ ਤਾ,37,16
ਓਹ ਨਹੀਂ,ਓ ਹ   ਨ ਹੀਂ,4,2
ਕਸ਼ਮੀਰ ਫਾਈਲਜ਼ ਸੁਮਬਲੀ ਦੀ ਪਹਿਲੀ ਫਿਲਮ ਨਹੀਂ ਹੈ,ਕ ਸ਼ ਮੀ ਰ   ਫਾ ਈ ਲ ਜ਼   ਸੁ ਮ ਬ ਲੀ   ਦੀ   ਪ ਹਿ ਲੀ   ਫਿ ਲ ਮ   ਨ ਹੀਂ   ਹੈ,22,8
ਉਸਨੇ ਪਹਿਲਾਂ 2020 ਵਿੱਚ ਛਾਪਾਕ ਫਿਲਮ ਵਿੱਚ ਇੱਕ ਛੋਟਾ ਰੋਲ ਅਦਾ ਕੀਤਾ ਸੀ,ਉ ਸ ਨੇ   ਪ ਹਿ ਲਾਂ   2 0 2 0   ਵਿ ੱ ਚ   ਛਾ ਪਾ ਕ   ਫਿ ਲ ਮ   ਵਿ ੱ ਚ   ਇ ੱ ਕ   ਛੋ ਟਾ   ਰੋ ਲ   ਅ ਦਾ   ਕੀ ਤਾ   ਸੀ,34,13
"ਕੀ ਅਜਿਹਾ ਹੈ, ਉਸਦਾ ਕੀ ਰੋਲ ਸੀ","ਕੀ   ਅ ਜਿ ਹਾ   ਹੈ ,   ਉ ਸ ਦਾ   ਕੀ   ਰੋ ਲ   ਸੀ",13,7
"ਉਸਨੇ ਬਸ਼ੀਰ ਖਾਨ ਦੀ ਭੈਣ ਦੀ ਭੂਮਿਕਾ ਨਿਭਾਈ ਸੀ, ਜੋ ਮਾਲਤੀ ਦੇ ਚਹਿਰੇ 'ਤੇ ਤੇਜ਼ਾਬ ਸੁੱਟਦਾ ਹੈ","ਉ ਸ ਨੇ   ਬ ਸ਼ੀ ਰ   ਖਾ ਨ   ਦੀ   ਭੈ ਣ   ਦੀ   ਭੂ ਮਿ ਕਾ   ਨਿ ਭਾ ਈ   ਸੀ ,   ਜੋ   ਮਾ ਲ ਤੀ   ਦੇ   ਚ ਹਿ ਰੇ   ' ਤੇ   ਤੇ ਜ਼ ਾ ਬ   ਸੁ ੱ ਟ ਦਾ   ਹੈ",39,17
"ਮੈਂ ਦੇਖਦਾ ਹਾਂ, ਮੈਂ ਸੋਚਿਆ ਸੀ ਕਿ ਇਹ ਉਸਦੀ ਪਹਿਲੀ ਭੂਮਿਕਾ ਸੀ","ਮੈਂ   ਦੇ ਖ ਦਾ   ਹਾਂ ,   ਮੈਂ   ਸੋ ਚਿ ਆ   ਸੀ   ਕਿ   ਇ ਹ   ਉ ਸ ਦੀ   ਪ ਹਿ ਲੀ   ਭੂ ਮਿ ਕਾ   ਸੀ",24,12
ਮੈਂ ਪੜ੍ਹਿਆ ਸੀ ਕਿ ਸੁਮਬਲੀ ਵੀ ਕਲਾਈਮੈਕਸ ਦੀ ਸ਼ੂਟਿੰਗ ਦੌਰਾਨ ਟੁੱਟ ਗਈ ਸੀ,ਮੈਂ   ਪ ੜ ੍ ਹਿ ਆ   ਸੀ   ਕਿ   ਸੁ ਮ ਬ ਲੀ   ਵੀ   ਕ ਲਾ ਈ ਮੈ ਕ ਸ   ਦੀ   ਸ਼ੂ ਟਿ ੰ ਗ   ਦੌ ਰਾ ਨ   ਟੁ ੱ ਟ   ਗ ਈ   ਸੀ,33,13
"ਹਾਂ, ਇਹ ਦ੍ਰਿਸ਼ ਬਹੁਤ ਬੇਰਹਿਮ ਹੈ ਅਤੇ ਇਹ ਤੱਥ ਕਿ ਇਹ ਅਸਲ ਘਟਨਾ 'ਤੇ ਆਧਾਰਿਤ ਹੈ, ਇਸ ਨੂੰ ਦੇਖਣਾ ਹੋਰ ਵੀ ਮੁਸ਼ਕਿਲ ਬਣਾਉਂਦਾ ਹੈ, ਇਕੱਲੇ ਕਾਨੂੰਨ ਬਣਾਉਣ ਦਿਓ","ਹਾਂ ,   ਇ ਹ   ਦ੍ਰਿ ਸ਼   ਬ ਹੁ ਤ   ਬੇ ਰ ਹਿ ਮ   ਹੈ   ਅ ਤੇ   ਇ ਹ   ਤ ੱ ਥ   ਕਿ   ਇ ਹ   ਅ ਸ ਲ   ਘ ਟ ਨਾ   ' ਤੇ   ਆ ਧਾ ਰਿ ਤ   ਹੈ ,   ਇ ਸ   ਨੂ ੰ   ਦੇ ਖ ਣਾ   ਹੋ ਰ   ਵੀ   ਮੁ ਸ਼ ਕਿ ਲ   ਬ ਣਾ ਉ ਂ ਦਾ   ਹੈ ,   ਇ ਕ ੱ ਲੇ   ਕਾ ਨੂ ੰ ਨ   ਬ ਣਾ ਉ ਣ   ਦਿ ਓ",73,28
ਕੀ ਤੁਸੀਂ ਜਾਣਦੇ ਹੋ ਕਿ ਅਨੁਪਮ ਖੇਰ ਵੀ ਕਸ਼ਮੀਰੀ ਪੰਡਿਤ ਕਬੀਲੇ ਨਾਲ ਸਬੰਧਤ ਹੈ,ਕੀ   ਤੁ ਸੀਂ   ਜਾ ਣ ਦੇ   ਹੋ   ਕਿ   ਅ ਨੁ ਪ ਮ   ਖੇ ਰ   ਵੀ   ਕ ਸ਼ ਮੀ ਰੀ   ਪ ੰ ਡਿ ਤ   ਕ ਬੀ ਲੇ   ਨਾ ਲ   ਸ ਬ ੰ ਧ ਤ   ਹੈ,34,14
"ਹਾਂ, ਉਸਦੀ ਮਾਂ ਵੱਲੋਂ","ਹਾਂ ,   ਉ ਸ ਦੀ   ਮਾਂ   ਵ ੱ ਲੋਂ",9,4
"ਅਤੇ ਉਸਦਾ ਕਿਰਦਾਰ, ਪੁਸ਼ਕਰ ਨਾਥ ਪੰਡਿਤ, ਉਸਦੇ ਪਿਤਾ ਦੇ ਨਾਮ 'ਤੇ ਰੱਖਿਆ ਗਿਆ","ਅ ਤੇ   ਉ ਸ ਦਾ   ਕਿ ਰ ਦਾ ਰ ,   ਪੁ ਸ਼ ਕ ਰ   ਨਾ ਥ   ਪ ੰ ਡਿ ਤ ,   ਉ ਸ ਦੇ   ਪਿ ਤਾ   ਦੇ   ਨਾ ਮ   ' ਤੇ   ਰ ੱ ਖਿ ਆ   ਗਿ ਆ",37,13
"ਉਹ ਅਜਿਹਾ ਕੁਦਰਤੀ ਅਭਿਨੇਤਾ ਹੈ, ਉਸਦੀ ਅਦਾਕਾਰੀ ਇੰਨੀ ਆਸਨ ਦਿਖਾਈ ਦਿੰਦੀ ਹੈ","ਉ ਹ   ਅ ਜਿ ਹਾ   ਕੁ ਦ ਰ ਤੀ   ਅ ਭਿ ਨੇ ਤਾ   ਹੈ ,   ਉ ਸ ਦੀ   ਅ ਦਾ ਕਾ ਰੀ   ਇ ੰ ਨੀ   ਆ ਸ ਨ   ਦਿ ਖਾ ਈ   ਦਿ ੰ ਦੀ   ਹੈ",35,12
"ਹਾਂ, ਤੁਹਾਨੂੰ ਉਸਨੂੰ ਧੋਖਾ, ਏ ਵੈਡਨਸਡੇ ਅਤੇ ਕਰਮਾ ਵਿੱਚ ਵੀ ਦੇਖਣਾ ਚਾਹੀਦਾ ਹੈ","ਹਾਂ ,   ਤੁ ਹਾ ਨੂ ੰ   ਉ ਸ ਨੂ ੰ   ਧੋ ਖਾ ,   ਏ   ਵੈ ਡ ਨ ਸ ਡੇ   ਅ ਤੇ   ਕ ਰ ਮਾ   ਵਿ ੱ ਚ   ਵੀ   ਦੇ ਖ ਣਾ   ਚਾ ਹੀ ਦਾ   ਹੈ",35,13
ਵੈਟਰਨ ਐਨਸੈਂਬਲ ਕਾਸਟ ਅਜਿਹੇ ਪ੍ਰਦਰਸ਼ਨ ਪੇਸ਼ ਕਰਦੀ ਹੈ,ਵੈ ਟ ਰ ਨ   ਐ ਨ ਸੈਂ ਬ ਲ   ਕਾ ਸ ਟ   ਅ ਜਿ ਹੇ   ਪ੍ਰ ਦ ਰ ਸ਼ ਨ   ਪੇ ਸ਼   ਕ ਰ ਦੀ   ਹੈ,26,8
ਪੁਨੀਤ ਈਸਰ ਨੂੰ ਡੀ ਜੀ ਪੀ ਹਰਿਆਣਾ ਵਜੋਂ ਦੇਖਣਾ ਬਹੁਤ ਚੰਗਾ ਲੱਗਿਆ,ਪੁ ਨੀ ਤ   ਈ ਸ ਰ   ਨੂ ੰ   ਡੀ   ਜੀ   ਪੀ   ਹ ਰਿ ਆ ਣਾ   ਵ ਜੋਂ   ਦੇ ਖ ਣਾ   ਬ ਹੁ ਤ   ਚ ੰ ਗਾ   ਲ ੱ ਗਿ ਆ,30,12
ਕੀ ਉਸਨੇ ਬੀ,ਕੀ   ਉ ਸ ਨੇ   ਬੀ,5,3
ਆਰ,ਆ ਰ,2,1
ਚੌਪੜਾ ਦੀ ਮਹਾਭਾਰਤ ਵਿੱਚ ਦੁਰਯੋਧਨ ਦੀ ਭੂਮਿਕਾ ਨਹੀਂ ਨਿਭਾਈ ਸੀ,ਚੌ ਪ ੜ ਾ   ਦੀ   ਮ ਹਾ ਭਾ ਰ ਤ   ਵਿ ੱ ਚ   ਦੁ ਰ ਯੋ ਧ ਨ   ਦੀ   ਭੂ ਮਿ ਕਾ   ਨ ਹੀਂ   ਨਿ ਭਾ ਈ   ਸੀ,28,10
"ਹਾਂ ਉਸਨੇ ਨਿਭਾਈ ਸੀ, ਫਿਰ ਉਸ ਵਿੱਚ ਮਿਥੁਨ ਚੱਕਰਵਰਤੀ ਵੀ ਆਈ ਏ ਐਸ ਅਧਿਕਾਰੀ ਬ੍ਰਹਮਾ ਦੱਤ ਵਜੋਂ ਸੀ","ਹਾਂ   ਉ ਸ ਨੇ   ਨਿ ਭਾ ਈ   ਸੀ ,   ਫਿ ਰ   ਉ ਸ   ਵਿ ੱ ਚ   ਮਿ ਥੁ ਨ   ਚ ੱ ਕ ਰ ਵ ਰ ਤੀ   ਵੀ   ਆ ਈ   ਏ   ਐ ਸ   ਅ ਧਿ ਕਾ ਰੀ   ਬ੍ਰ ਹ ਮਾ   ਦ ੱ ਤ   ਵ ਜੋਂ   ਸੀ",45,18
ਇੱਥੋਂ ਤੱਕ ਕਿ ਅਮਾਨ ਇਕਬਾਲ ਅਤੇ ਦਰਸ਼ਨ ਕੁਮਾਰ ਵਰਗੀਆਂ ਨਵੀਆਂ ਪ੍ਰਤਿਭਾਵਾਂ ਵੀ ਬਹੁਤ ਹੋਣਹਾਰ ਸਨ,ਇ ੱ ਥੋਂ   ਤ ੱ ਕ   ਕਿ   ਅ ਮਾ ਨ   ਇ ਕ ਬਾ ਲ   ਅ ਤੇ   ਦ ਰ ਸ਼ ਨ   ਕੁ ਮਾ ਰ   ਵ ਰ ਗੀ ਆ ਂ   ਨ ਵੀ ਆ ਂ   ਪ੍ਰ ਤਿ ਭਾ ਵਾਂ   ਵੀ   ਬ ਹੁ ਤ   ਹੋ ਣ ਹਾ ਰ   ਸ ਨ,46,15
ਅਨੁਭਵੀ ਕਲਾਕਾਰ ਮੈਨੂੰ ਲਕਸ਼ਮੀ ਦੱਤ ਵਜੋਂ ਮਿਰਨਲ ਕੁਲਕਰਨੀ ਦੀ ਯਾਦ ਦਵਾਉਂਦੇ ਹਨ,ਅ ਨੁ ਭ ਵੀ   ਕ ਲਾ ਕਾ ਰ   ਮੈ ਨੂ ੰ   ਲ ਕ ਸ਼ ਮੀ   ਦ ੱ ਤ   ਵ ਜੋਂ   ਮਿ ਰ ਨ ਲ   ਕੁ ਲ ਕ ਰ ਨੀ   ਦੀ   ਯਾ ਦ   ਦ ਵਾ ਉ ਂ ਦੇ   ਹ ਨ,39,12
ਮੈਂ ਉਸਨੂੰ ਸੋਨ ਪਰੀ ਵਿੱਚ ਪਿਆਰ ਕਰਦਾ ਸੀ,ਮੈਂ   ਉ ਸ ਨੂ ੰ   ਸੋ ਨ   ਪ ਰੀ   ਵਿ ੱ ਚ   ਪਿ ਆ ਰ   ਕ ਰ ਦਾ   ਸੀ,19,8
ਪੱਲਵੀ ਜੋਸ਼ੀ ਦਾ ਪ੍ਰਦਰਸ਼ਨ ਸੱਚ ਮੁੱਚ ਬਹੁਤ ਵਧੀਆ ਸੀ,ਪ ੱ ਲ ਵੀ   ਜੋ ਸ਼ੀ   ਦਾ   ਪ੍ਰ ਦ ਰ ਸ਼ ਨ   ਸ ੱ ਚ   ਮੁ ੱ ਚ   ਬ ਹੁ ਤ   ਵ ਧੀ ਆ   ਸੀ,25,9
ਉਸਦੀ ਸ਼ਾਨਦਾਰ ਅਦਾਕਾਰੀ ਦੇ ਕਾਰਨ ਹਰ ਕੋਈ ਜਿਸਨੇ ਫ਼ਿਲਮ ਦੇਖੀ ਹੈ ਪ੍ਰੋਫੈਸਰ ਰਾਧਿਕਾ ਮੈਨਨ ਨੂੰ ਨਫ਼ਰਤ ਕਰਦਾ ਹੈ,ਉ ਸ ਦੀ   ਸ਼ਾ ਨ ਦਾ ਰ   ਅ ਦਾ ਕਾ ਰੀ   ਦੇ   ਕਾ ਰ ਨ   ਹ ਰ   ਕੋ ਈ   ਜਿ ਸ ਨੇ   ਫ਼ ਿ ਲ ਮ   ਦੇ ਖੀ   ਹੈ   ਪ੍ਰੋ ਫੈ ਸ ਰ   ਰਾ ਧਿ ਕਾ   ਮੈ ਨ ਨ   ਨੂ ੰ   ਨ ਫ਼ ਰ ਤ   ਕ ਰ ਦਾ   ਹੈ,49,18
ਸੱਚ ਮੁੱਚ,ਸ ੱ ਚ   ਮੁ ੱ ਚ,6,2
ਇਹਨਾਂ ਨਾਕਾਰਾਤਮਕ ਭੂਮਿਕਾਵਾਂ ਨੂੰ ਨਿਭਾਉਣਾ ਆਸਾਨ ਨਹੀਂ ਹੈ ਪਰ ਜੋਸ਼ੀ ਨੇ ਇਹ ਦਰਸਾਇਆ,ਇ ਹ ਨਾਂ   ਨਾ ਕਾ ਰਾ ਤ ਮ ਕ   ਭੂ ਮਿ ਕਾ ਵਾਂ   ਨੂ ੰ   ਨਿ ਭਾ ਉ ਣਾ   ਆ ਸਾ ਨ   ਨ ਹੀਂ   ਹੈ   ਪ ਰ   ਜੋ ਸ਼ੀ   ਨੇ   ਇ ਹ   ਦ ਰ ਸਾ ਇ ਆ,37,13
ਉਸਦਾ ਸਕ੍ਰੀਨ ਸਮਾਂ ਬਹੁਤ ਸੀਮਿਤ ਸੀ ਫਿਰ ਵੀ ਉਸਦਾ ਚਿੱਤਰਨ ਇਕ ਮਜਬੂਤ ਪ੍ਰਭਾਵ ਛੱਡਦਾ ਹੈ,ਉ ਸ ਦਾ   ਸ ਕ੍ਰੀ ਨ   ਸ ਮਾਂ   ਬ ਹੁ ਤ   ਸੀ ਮਿ ਤ   ਸੀ   ਫਿ ਰ   ਵੀ   ਉ ਸ ਦਾ   ਚਿ ੱ ਤ ਰ ਨ   ਇ ਕ   ਮ ਜ ਬੂ ਤ   ਪ੍ਰ ਭਾ ਵ   ਛ ੱ ਡ ਦਾ   ਹੈ,40,15
ਹਰ ਇੱਕ ਅਭਿਨੇਤਾ ਨੇ ਆਪਣੇ ਕਿਰਦਾਰਾਂ ਨੂੰ ਬਾਖੂਬੀ ਪੇਸ਼ ਕੀਤਾ,ਹ ਰ   ਇ ੱ ਕ   ਅ ਭਿ ਨੇ ਤਾ   ਨੇ   ਆ ਪ ਣੇ   ਕਿ ਰ ਦਾ ਰਾਂ   ਨੂ ੰ   ਬਾ ਖੂ ਬੀ   ਪੇ ਸ਼   ਕੀ ਤਾ,26,10
"ਸ਼ੁੱਭ ਦਿਨ, ਸੱਜਣ, ਅਤੇ ਆਰਟਿਸਟ ਗੱਲੇਰੀਆ ਵਿੱਚ ਤੁਹਾਡਾ ਸੁਆਗਤ ਹੈ","ਸ਼ੁ ੱ ਭ   ਦਿ ਨ ,   ਸ ੱ ਜ ਣ ,   ਅ ਤੇ   ਆ ਰ ਟਿ ਸ ਟ   ਗ ੱ ਲੇ ਰੀ ਆ   ਵਿ ੱ ਚ   ਤੁ ਹਾ ਡਾ   ਸੁ ਆ ਗ ਤ   ਹੈ",34,10
"ਧੰਨਵਾਦ, ਤੁਹਾਨੂੰ ਮਿਲ ਕੇ ਚੰਗਾ ਲੱਗਿਆ","ਧ ੰ ਨ ਵਾ ਦ ,   ਤੁ ਹਾ ਨੂ ੰ   ਮਿ ਲ   ਕੇ   ਚ ੰ ਗਾ   ਲ ੱ ਗਿ ਆ",20,6
ਕੀ ਤੁਸੀਂ ਕੁੱਝ ਸਹਾਇਤਾ ਚਾਹੁੰਦੇ ਹੋ,ਕੀ   ਤੁ ਸੀਂ   ਕੁ ੱ ਝ   ਸ ਹਾ ਇ ਤਾ   ਚਾ ਹੁ ੰ ਦੇ   ਹੋ,15,6
"ਹਾਂ, ਮੈਂ ਚਾਹੁੰਦਾ ਹਾਂ","ਹਾਂ ,   ਮੈਂ   ਚਾ ਹੁ ੰ ਦਾ   ਹਾਂ",8,4
"ਸਰ, ਅਸੀਂ ਕਹਿ ਸਕਦੇ ਹਾਂ ਕਿ ਕਲਾ ਦੀਆਂ ਵੱਖ-ਵੱਖ ਕਿਸਮਾਂ ਹੁੰਦੀਆਂ ਹਨ","ਸ ਰ ,   ਅ ਸੀਂ   ਕ ਹਿ   ਸ ਕ ਦੇ   ਹਾਂ   ਕਿ   ਕ ਲਾ   ਦੀ ਆ ਂ   ਵ ੱ ਖ - ਵ ੱ ਖ   ਕਿ ਸ ਮਾਂ   ਹੁ ੰ ਦੀ ਆ ਂ   ਹ ਨ",34,12
ਕਲਾ ਦੇ ਵੱਖ ਵੱਖ ਰੂਪ ਕੀ ਹਨ,ਕ ਲਾ   ਦੇ   ਵ ੱ ਖ   ਵ ੱ ਖ   ਰੂ ਪ   ਕੀ   ਹ ਨ,14,7
ਕਲਾ ਦੀਆਂ 7 ਵੱਖ ਪ੍ਰਕਾਰ ਦੀਆਂ ਕਿਸਮਾਂ ਹਨ,ਕ ਲਾ   ਦੀ ਆ ਂ   7   ਵ ੱ ਖ   ਪ੍ਰ ਕਾ ਰ   ਦੀ ਆ ਂ   ਕਿ ਸ ਮਾਂ   ਹ ਨ,20,8
"ਉਹਨਾਂ ਵਿੱਚ ਚਿੱਤਰਕਾਰੀ, ਮੂਰਤੀਕਲਾ, ਸਾਹਿਤ, ਵਾਸਤੁਕਲਾ , ਫ਼ਿਲਮ , ਸੰਗੀਤ ਅਤੇ ਰੰਗ ਮੰਚ ਹਨ","ਉ ਹ ਨਾਂ   ਵਿ ੱ ਚ   ਚਿ ੱ ਤ ਰ ਕਾ ਰੀ ,   ਮੂ ਰ ਤੀ ਕ ਲਾ ,   ਸਾ ਹਿ ਤ ,   ਵਾ ਸ ਤੁ ਕ ਲਾ   ,   ਫ਼ ਿ ਲ ਮ   ,   ਸ ੰ ਗੀ ਤ   ਅ ਤੇ   ਰ ੰ ਗ   ਮ ੰ ਚ   ਹ ਨ",48,14
ਓਹ ਇਹ ਤਾਂ ਸ਼ਾਨਦਾਰ ਹੈ,ਓ ਹ   ਇ ਹ   ਤਾਂ   ਸ਼ਾ ਨ ਦਾ ਰ   ਹੈ,10,5
ਜਦੋਂ ਅਸੀਂ ਕਲਾ ਬਾਰੇ ਸੋਚਦੇ ਹਾਂ ਤਾਂ ਸਭ ਤੋਂ ਪਹਿਲੀ ਚੀਜ਼ ਜੋ ਮਨ ਵਿੱਚ ਆਉਂਦੀ ਹੈ ਓਹ ਹੈ ਚਿੱਤਰਕਾਰੀ,ਜ ਦੋਂ   ਅ ਸੀਂ   ਕ ਲਾ   ਬਾ ਰੇ   ਸੋ ਚ ਦੇ   ਹਾਂ   ਤਾਂ   ਸ ਭ   ਤੋਂ   ਪ ਹਿ ਲੀ   ਚੀ ਜ਼   ਜੋ   ਮ ਨ   ਵਿ ੱ ਚ   ਆ ਉ ਂ ਦੀ   ਹੈ   ਓ ਹ   ਹੈ   ਚਿ ੱ ਤ ਰ ਕਾ ਰੀ,41,19
ਚਿੱਤਰਕਾਰੀ ਦੀਆਂ ਸਭ ਤੋਂ ਮਹੱਤਵਪੂਰਨ ਵਿਸ਼ੇਸ਼ਤਾਵਾਂ ਕੀ ਹਨ,ਚਿ ੱ ਤ ਰ ਕਾ ਰੀ   ਦੀ ਆ ਂ   ਸ ਭ   ਤੋਂ   ਮ ਹ ੱ ਤ ਵ ਪੂ ਰ ਨ   ਵਿ ਸ਼ੇ ਸ਼ ਤਾ ਵਾਂ   ਕੀ   ਹ ਨ,28,8
ਚਿੱਤਰਕਾਰੀ ਇੱਕ ਮੌਲਿਕ ਮਾਧਿਅਮ ਨਾਲ ਆਪਣੀ ਕਲਾਤਮਕ ਦ੍ਰਿਸ਼ਟੀ ਨੂੰ ਪ੍ਰਗਟ ਕਰਨ ਦਾ ਇੱਕ ਤਰੀਕਾ ਹੈ,ਚਿ ੱ ਤ ਰ ਕਾ ਰੀ   ਇ ੱ ਕ   ਮੌ ਲਿ ਕ   ਮਾ ਧਿ ਅ ਮ   ਨਾ ਲ   ਆ ਪ ਣੀ   ਕ ਲਾ ਤ ਮ ਕ   ਦ੍ਰਿ ਸ਼ ਟੀ   ਨੂ ੰ   ਪ੍ਰ ਗ ਟ   ਕ ਰ ਨ   ਦਾ   ਇ ੱ ਕ   ਤ ਰੀ ਕਾ   ਹੈ,45,15
"ਪੇਂਟ ਨੂੰ ਕਈ ਤਰੀਕਿਆਂ ਨਾਲ ਲਗਾਈਆ ਜਾ ਸਕਦਾ ਹੈ, ਜਿਵੇਂ ਕਿ ਬੁਰਸ਼ਇੰਗ,ਸਮਇਰਇੰਗ,ਡੈਬਿੰਗ ਅਤੇ ਸਪੈਲਸ਼ਇੰਗ","ਪੇਂ ਟ   ਨੂ ੰ   ਕ ਈ   ਤ ਰੀ ਕਿ ਆ ਂ   ਨਾ ਲ   ਲ ਗਾ ਈ ਆ   ਜਾ   ਸ ਕ ਦਾ   ਹੈ ,   ਜਿ ਵੇਂ   ਕਿ   ਬੁ ਰ ਸ ਼ ਇ ੰ ਗ , ਸ ਮ ਇ ਰ ਇ ੰ ਗ , ਡੈ ਬਿ ੰ ਗ   ਅ ਤੇ   ਸ ਪੈ ਲ ਸ਼ ਇ ੰ ਗ",55,14
ਪੇਂਟ ਦੀਆਂ ਕਿਹੜੀਆਂ ਵੱਖ-ਵੱਖ ਸ਼ੈਲੀਆਂ ਹਨ,ਪੇਂ ਟ   ਦੀ ਆ ਂ   ਕਿ ਹ ੜ ੀ ਆ ਂ   ਵ ੱ ਖ - ਵ ੱ ਖ   ਸ਼ੈ ਲੀ ਆ ਂ   ਹ ਨ,24,6
"ਪੇਂਟਿੰਗ ਦੀਆਂ ਕਈ ਵੱਖ-ਵੱਖ ਸ਼ੈਲੀਆਂ ਹਨ ਜਿਨ੍ਹਾਂ ਵਿੱਚ ਆਧੁਨਿਕਤਾਵਾਦੀ, ਪ੍ਰਗਟਾਵੇਵਾਦੀ, ਕਲਾਸੀਕਲ, ਸੁਰਰੀਅਲ, ਕੁੱਬਿਸਤ, ਚਾਇਨਿਜ ਸਟਾਇਲ , ਅਮੂਰਤ, ਪ੍ਰਭਾਵਵਾਦੀ ਅਤੇ ਹੋਰ ਬਹੁਤ ਸਾਰੀਆਂ ਸ਼ੈਲੀਆਂ ਆਉਂਦੀਆਂ ਹਨ I","ਪੇਂ ਟਿ ੰ ਗ   ਦੀ ਆ ਂ   ਕ ਈ   ਵ ੱ ਖ - ਵ ੱ ਖ   ਸ਼ੈ ਲੀ ਆ ਂ   ਹ ਨ   ਜਿ ਨ੍ਹਾਂ   ਵਿ ੱ ਚ   ਆ ਧੁ ਨਿ ਕ ਤਾ ਵਾ ਦੀ ,   ਪ੍ਰ ਗ ਟਾ ਵੇ ਵਾ ਦੀ ,   ਕ ਲਾ ਸੀ ਕ ਲ ,   ਸੁ ਰ ਰੀ ਅ ਲ ,   ਕੁ ੱ ਬਿ ਸ ਤ ,   ਚਾ ਇ ਨਿ ਜ   ਸ ਟਾ ਇ ਲ   ,   ਅ ਮੂ ਰ ਤ ,   ਪ੍ਰ ਭਾ ਵ ਵਾ ਦੀ   ਅ ਤੇ   ਹੋ ਰ   ਬ ਹੁ ਤ   ਸਾ ਰੀ ਆ ਂ   ਸ਼ੈ ਲੀ ਆ ਂ   ਆ ਉ ਂ ਦੀ ਆ ਂ   ਹ ਨ   I",103,26
ਠੀਕ ਹੈ,ਠੀ ਕ   ਹੈ,3,2
ਦੂਸਰੀ ਮੂਰਤੀ ਕਲਾ ਬਾਰੇ ਕੀ,ਦੂ ਸ ਰੀ   ਮੂ ਰ ਤੀ   ਕ ਲਾ   ਬਾ ਰੇ   ਕੀ,11,5
ਮੂਰਤੀ ਵਿਜ਼ੂਅਲ ਆਰਟਸ ਦੀ ਇੱਕ ਪੂਰਵੀ ਕਿਸਮ ਹੈ ਜੋ ਪੂਰਵ ਇਤਿਹਾਸਕ ਯੁੱਗ ਤੋਂ ਚਲਦੀ ਆ ਰਹੀ ਹੈ I,ਮੂ ਰ ਤੀ   ਵਿ ਜ਼ ੂ ਅ ਲ   ਆ ਰ ਟ ਸ   ਦੀ   ਇ ੱ ਕ   ਪੂ ਰ ਵੀ   ਕਿ ਸ ਮ   ਹੈ   ਜੋ   ਪੂ ਰ ਵ   ਇ ਤਿ ਹਾ ਸ ਕ   ਯੁ ੱ ਗ   ਤੋਂ   ਚ ਲ ਦੀ   ਆ   ਰ ਹੀ   ਹੈ   I,44,18
"ਮੂਰਤੀ ਇੱਕ ਤਿੰਨ ਅਯਾਮੀ ਵਿਜ਼ੂਅਲ ਚਿੱਤਰ ਹੈ ਜੋ ਰਵਾਇਤੀ ਸਮੱਗਰੀ ਜਿਵੇਂ ਕਿ ਮਿੱਟੀ, ਪੱਥਰ, ਵਸਰਾਵਿਕਸ, ਧਾਤਾਂ ਜਾਂ ਲੱਕੜ ਨਾਲ ਬਣਾਇਆ ਜਾਂਦਾ ਹੈ","ਮੂ ਰ ਤੀ   ਇ ੱ ਕ   ਤਿ ੰ ਨ   ਅ ਯਾ ਮੀ   ਵਿ ਜ਼ ੂ ਅ ਲ   ਚਿ ੱ ਤ ਰ   ਹੈ   ਜੋ   ਰ ਵਾ ਇ ਤੀ   ਸ ਮ ੱ ਗ ਰੀ   ਜਿ ਵੇਂ   ਕਿ   ਮਿ ੱ ਟੀ ,   ਪ ੱ ਥ ਰ ,   ਵ ਸ ਰਾ ਵਿ ਕ ਸ ,   ਧਾ ਤਾਂ   ਜਾਂ   ਲ ੱ ਕ ੜ   ਨਾ ਲ   ਬ ਣਾ ਇ ਆ   ਜਾਂ ਦਾ   ਹੈ",67,22
ਸਭ ਤੋਂ ਮਸ਼ਹੂਰ ਪ੍ਰਾਚੀਨ ਮੂਰਤੀਕਾਰ ਕੌਣ ਸਨ,ਸ ਭ   ਤੋਂ   ਮ ਸ਼ ਹੂ ਰ   ਪ੍ਰਾ ਚੀ ਨ   ਮੂ ਰ ਤੀ ਕਾ ਰ   ਕੌ ਣ   ਸ ਨ,19,7
ਮਾਈਕਲਐਂਜਲੋ ਅਤੇ ਮਾਈਰਨ ਦੋ ਜਾਣੇ-ਮਾਣੇ ਕਲਾਸੀਕਲ ਮੂਰਤੀਕਾਰ ਹਨ,ਮਾ ਈ ਕ ਲ ਐ ਂ ਜ ਲੋ   ਅ ਤੇ   ਮਾ ਈ ਰ ਨ   ਦੋ   ਜਾ ਣੇ - ਮਾ ਣੇ   ਕ ਲਾ ਸੀ ਕ ਲ   ਮੂ ਰ ਤੀ ਕਾ ਰ   ਹ ਨ,32,8
"ਸਾਹਿਤ ਤੀਜਾ ਹੈ, ਹੈ ਨਾ","ਸਾ ਹਿ ਤ   ਤੀ ਜਾ   ਹੈ ,   ਹੈ   ਨਾ",9,5
"ਸਰ, ਹਾਂ ਜੀ","ਸ ਰ ,   ਹਾਂ   ਜੀ",5,3
ਹਰ ਰਚਨਾਤਮਕ ਰੂਪ ਵਿੱਚ ਦੱਸਣ ਲਈ ਇੱਕ ਕਹਾਣੀ ਹੁੰਦੀ ਹੈ,ਹ ਰ   ਰ ਚ ਨਾ ਤ ਮ ਕ   ਰੂ ਪ   ਵਿ ੱ ਚ   ਦ ੱ ਸ ਣ   ਲ ਈ   ਇ ੱ ਕ   ਕ ਹਾ ਣੀ   ਹੁ ੰ ਦੀ   ਹੈ,29,10
"ਸਾਹਿਤ, ਦੂਜੇ ਪਾਸੇ , ਭਾਸ਼ਾ ਦੀ ਇੱਕ ਕਿਸਮ ਦੀ ਕਲਾ ਹੈ ਜਿਸ ਨੂੰ ਪੜ੍ਹਿਆ ਜਾਂ ਬੋਲਿਆ ਜਾ ਸਕਦਾ ਹੈ","ਸਾ ਹਿ ਤ ,   ਦੂ ਜੇ   ਪਾ ਸੇ   ,   ਭਾ ਸ਼ਾ   ਦੀ   ਇ ੱ ਕ   ਕਿ ਸ ਮ   ਦੀ   ਕ ਲਾ   ਹੈ   ਜਿ ਸ   ਨੂ ੰ   ਪ ੜ ੍ ਹਿ ਆ   ਜਾਂ   ਬੋ ਲਿ ਆ   ਜਾ   ਸ ਕ ਦਾ   ਹੈ",40,19
ਬਿਲਕੁੱਲ,ਬਿ ਲ ਕੁ ੱ ਲ,5,1
ਵਾਸਤੁਕਲਾ ਇੱਕ ਵੱਖਰੀ ਕਿਸਮ ਦੀ ਕਲਾ ਹੈ; ਇਹ ਬੁਨਿਆਦੀ ਢਾਂਚੇ ਬਣਾਉਣ ਦੀ ਕਲਾ ਹੈ,ਵਾ ਸ ਤੁ ਕ ਲਾ   ਇ ੱ ਕ   ਵ ੱ ਖ ਰੀ   ਕਿ ਸ ਮ   ਦੀ   ਕ ਲਾ   ਹੈ ;   ਇ ਹ   ਬੁ ਨਿ ਆ ਦੀ   ਢਾਂ ਚੇ   ਬ ਣਾ ਉ ਣ   ਦੀ   ਕ ਲਾ   ਹੈ,36,14
ਕੀ ਮੈਂ ਸ਼ੀ ਹਾਂ,ਕੀ   ਮੈਂ   ਸ਼ੀ   ਹਾਂ,4,4
"ਯਕੀਨਨ, ਸਰ","ਯ ਕੀ ਨ ਨ ,   ਸ ਰ",7,2
"ਦ ਗ੍ਰੇਟ ਪਿਰਾਮਿਡ, ਰੋਮ ਦਾ ਕੋਲੀਜ਼ੀਅਮ, ਤਾਜ ਮਹਿਲ, ਹਾਗੀਆ ਸੋਫੀਆ ਅਤੇ ਸੱਟੋਂਹੇਂਜ ਪ੍ਰਾਚੀਨ ਵਾਸਤੁਕਲਾ ਅਜੂਬਿਆਂ ਦੀਆਂ ਉਦਾਹਰਣਾਂ ਹਨ","ਦ   ਗ੍ਰੇ ਟ   ਪਿ ਰਾ ਮਿ ਡ ,   ਰੋ ਮ   ਦਾ   ਕੋ ਲੀ ਜ਼ ੀ ਅ ਮ ,   ਤਾ ਜ   ਮ ਹਿ ਲ ,   ਹਾ ਗੀ ਆ   ਸੋ ਫੀ ਆ   ਅ ਤੇ   ਸ ੱ ਟੋਂ ਹੇਂ ਜ   ਪ੍ਰਾ ਚੀ ਨ   ਵਾ ਸ ਤੁ ਕ ਲਾ   ਅ ਜੂ ਬਿ ਆ ਂ   ਦੀ ਆ ਂ   ਉ ਦਾ ਹ ਰ ਣਾਂ   ਹ ਨ",60,18
ਬਾਕੀ ਦੋ ਸਿਨੇਮਾ ਅਤੇ ਸੰਗੀਤ ਹਨ,ਬਾ ਕੀ   ਦੋ   ਸਿ ਨੇ ਮਾ   ਅ ਤੇ   ਸ ੰ ਗੀ ਤ   ਹ ਨ,14,6
ਸਿਨੇਮਾ ਸੱਤ ਕਲਾ ਰੂਪਾਂ ਵਿੱਚੋਂ ਸਭ ਤੋਂ ਨਵਾਂ ਹੈ ਜੋ ਕਿ ਇੱਕ ਸਦੀ ਪਹਿਲਾਂ ਬਣਾਇਆ ਗਿਆ ਸੀ,ਸਿ ਨੇ ਮਾ   ਸ ੱ ਤ   ਕ ਲਾ   ਰੂ ਪਾਂ   ਵਿ ੱ ਚੋਂ   ਸ ਭ   ਤੋਂ   ਨ ਵਾਂ   ਹੈ   ਜੋ   ਕਿ   ਇ ੱ ਕ   ਸ ਦੀ   ਪ ਹਿ ਲਾਂ   ਬ ਣਾ ਇ ਆ   ਗਿ ਆ   ਸੀ,36,17
"ਫ਼ਿਲਮਾਂ ਇੱਕ ਤਿੰਨ ਆਯਾਮੀ ਸੰਸਾਰ ਦਾ ਇੱਕ ਦੋ ਆਯਾਮੀ ਪ੍ਰੋਜੈਕਸਨ ਹੈ, ਇੱਕ ਕਲਾ ਰੂਪ ਜਿਸ ਵਿੱਚ ਸਾਡੀ ਸੁਣਨ ਅਤੇ ਵਿਜ਼ੂਅਲ ਇੰਦਰੀਆਂ ਦੋਵੇਂ ਸ਼ਾਮਿਲ ਹੁੰਦੀਆਂ ਹਨ","ਫ਼ ਿ ਲ ਮਾਂ   ਇ ੱ ਕ   ਤਿ ੰ ਨ   ਆ ਯਾ ਮੀ   ਸ ੰ ਸਾ ਰ   ਦਾ   ਇ ੱ ਕ   ਦੋ   ਆ ਯਾ ਮੀ   ਪ੍ਰੋ ਜੈ ਕ ਸ ਨ   ਹੈ ,   ਇ ੱ ਕ   ਕ ਲਾ   ਰੂ ਪ   ਜਿ ਸ   ਵਿ ੱ ਚ   ਸਾ ਡੀ   ਸੁ ਣ ਨ   ਅ ਤੇ   ਵਿ ਜ਼ ੂ ਅ ਲ   ਇ ੰ ਦ ਰੀ ਆ ਂ   ਦੋ ਵੇਂ   ਸ਼ਾ ਮਿ ਲ   ਹੁ ੰ ਦੀ ਆ ਂ   ਹ ਨ",74,25
"ਫਿਰ ਅਸੀਂ ਇਹ ਕਹਿ ਸਕਦੇ ਹਾਂ ਕਿ ਸੰਗੀਤ ਧੁਨ, ਇਕਸੁਰਤਾ, ਨੂੰ ਰੁਜ਼ਗਾਰ ਦੇਣ ਵਾਲੀ ਸੰਗੀਤਕ ਰਚਨਾ ਬਣਾਉਣ ਲਈ ਸੁਣਨਯੋਗ ਆਵਾਜ਼ਾਂ ਅਤੇ ਵਾਈਬ੍ਰੇਸ਼ਨਾ ਨੂੰ ਵਿਵਸਥਿਤ ਕਰਨ ਦਾ ਹੁਨਰ ਹੈ","ਫਿ ਰ   ਅ ਸੀਂ   ਇ ਹ   ਕ ਹਿ   ਸ ਕ ਦੇ   ਹਾਂ   ਕਿ   ਸ ੰ ਗੀ ਤ   ਧੁ ਨ ,   ਇ ਕ ਸੁ ਰ ਤਾ ,   ਨੂ ੰ   ਰੁ ਜ਼ ਗਾ ਰ   ਦੇ ਣ   ਵਾ ਲੀ   ਸ ੰ ਗੀ ਤ ਕ   ਰ ਚ ਨਾ   ਬ ਣਾ ਉ ਣ   ਲ ਈ   ਸੁ ਣ ਨ ਯੋ ਗ   ਆ ਵਾ ਜ਼ ਾ ਂ   ਅ ਤੇ   ਵਾ ਈ ਬ੍ਰੇ ਸ਼ ਨਾ   ਨੂ ੰ   ਵਿ ਵ ਸ ਥਿ ਤ   ਕ ਰ ਨ   ਦਾ   ਹੁ ਨ ਰ   ਹੈ",82,28
"ਠੀਕ ਹੈ, ਫਿਰ ਅੰਤਿਮ ਇੱਕ ਬਾਰੇ ਕੀ","ਠੀ ਕ   ਹੈ ,   ਫਿ ਰ   ਅ ੰ ਤਿ ਮ   ਇ ੱ ਕ   ਬਾ ਰੇ   ਕੀ",16,7
ਰੰਗ ਮੰਚ ਕਲਾ ਦੀ ਇੱਕ ਕਿਸਮ ਹੈ ਜਿਸ ਵਿੱਚ ਕਲਾਕਾਰ ਦ੍ਰਿਸ਼ ਅਤੇ ਨਾਟਕੀ ਤੱਤਾਂ ਨੂੰ ਸ਼ਾਮਿਲ ਕਰਦਾ ਹੈ,ਰ ੰ ਗ   ਮ ੰ ਚ   ਕ ਲਾ   ਦੀ   ਇ ੱ ਕ   ਕਿ ਸ ਮ   ਹੈ   ਜਿ ਸ   ਵਿ ੱ ਚ   ਕ ਲਾ ਕਾ ਰ   ਦ੍ਰਿ ਸ਼   ਅ ਤੇ   ਨਾ ਟ ਕੀ   ਤ ੱ ਤਾਂ   ਨੂ ੰ   ਸ਼ਾ ਮਿ ਲ   ਕ ਰ ਦਾ   ਹੈ,44,18
6 ਵੀ ਬਿ,6   ਵੀ   ਬਿ,3,3
"ਸਿ ਤੋਂ ਜਦੋਂ ਪ੍ਰਾਚੀਨ ਯੂਨਾਨੀਆਂ ਨੇ ਥੀਏਟਰ ਦੀ ਖੋਜ ਕੀਤੀ ਸੀ, ਓਦੋਂ ਤੋਂ ਇਹ ਸੱਭਿਆਚਾਰ ਦਾ ਹਿੱਸਾ ਰਿਹਾ ਹੈ","ਸਿ   ਤੋਂ   ਜ ਦੋਂ   ਪ੍ਰਾ ਚੀ ਨ   ਯੂ ਨਾ ਨੀ ਆ ਂ   ਨੇ   ਥੀ ਏ ਟ ਰ   ਦੀ   ਖੋ ਜ   ਕੀ ਤੀ   ਸੀ ,   ਓ ਦੋਂ   ਤੋਂ   ਇ ਹ   ਸ ੱ ਭਿ ਆ ਚਾ ਰ   ਦਾ   ਹਿ ੱ ਸਾ   ਰਿ ਹਾ   ਹੈ",42,19
ਬਹੁਤ ਵਧੀਆ,ਬ ਹੁ ਤ   ਵ ਧੀ ਆ,6,2
"ਸਰ, ਕਿਰਪਾ ਕਰਕੇ ਇੱਕ ਨਜ਼ਰ ਸਾਡੀ ਗੈਲਰੀ ਵੱਲ ਮਾਰੋ ਅਤੇ ਸਾਨੂੰ ਆਪਣੇ ਮਹੱਤਵਪੂਰਣ ਸੁਝਾਅ ਕੱਮੇਂਟ ਬਾਕਸ ਵਿੱਚ ਦਿਓ","ਸ ਰ ,   ਕਿ ਰ ਪਾ   ਕ ਰ ਕੇ   ਇ ੱ ਕ   ਨ ਜ਼ ਰ   ਸਾ ਡੀ   ਗੈ ਲ ਰੀ   ਵ ੱ ਲ   ਮਾ ਰੋ   ਅ ਤੇ   ਸਾ ਨੂ ੰ   ਆ ਪ ਣੇ   ਮ ਹ ੱ ਤ ਵ ਪੂ ਰ ਣ   ਸੁ ਝਾ ਅ   ਕ ੱ ਮੇਂ ਟ   ਬਾ ਕ ਸ   ਵਿ ੱ ਚ   ਦਿ ਓ",56,18
"ਜ਼ਰੂਰ, ਧੰਨਵਾਦ","ਜ਼ ਰੂ ਰ ,   ਧ ੰ ਨ ਵਾ ਦ",9,2
"ਹਾਏ, ਨਮਨ","ਹਾ ਏ ,   ਨ ਮ ਨ",6,2
ਮੈਂ ਰਾਹੁਲ ਬੋਲ ਰਿਹਾ ਹੈ,ਮੈਂ   ਰਾ ਹੁ ਲ   ਬੋ ਲ   ਰਿ ਹਾ   ਹੈ,9,5
ਕਿ ਹਾਲ ਹੈ ਤੁਹਾਡਾ,ਕਿ   ਹਾ ਲ   ਹੈ   ਤੁ ਹਾ ਡਾ,7,4
"ਹਾਏ, ਰਾਹੁਲ","ਹਾ ਏ ,   ਰਾ ਹੁ ਲ",6,2
ਬਹੁਤ ਖੁਸ਼ੀ ਹੋਈ ਕਿ ਤੁਸੀਂ ਮੈਨੂੰ ਫੋਨ ਕਿਤਾ,ਬ ਹੁ ਤ   ਖੁ ਸ਼ੀ   ਹੋ ਈ   ਕਿ   ਤੁ ਸੀਂ   ਮੈ ਨੂ ੰ   ਫੋ ਨ   ਕਿ ਤਾ,17,8
ਅੱਜ ਕੱਲ ਮੈਂ ਵਿਅਸਤ ਹਾਂ,ਅ ੱ ਜ   ਕ ੱ ਲ   ਮੈਂ   ਵਿ ਅ ਸ ਤ   ਹਾਂ,12,5
ਮੈਂ ਆਪਣੇ ਪ੍ਰਾਜੈਕਟ ਲਈ ਭਾਰਤ ਦੇ ਮਸ਼ੂਰ ਅਜਾਇਬ- ਘਰਾਂ ਬਾਰੇ ਖੋਜ ਕਰ ਰਿਹਾ ਹੈ,ਮੈਂ   ਆ ਪ ਣੇ   ਪ੍ਰਾ ਜੈ ਕ ਟ   ਲ ਈ   ਭਾ ਰ ਤ   ਦੇ   ਮ ਸ਼ੂ ਰ   ਅ ਜਾ ਇ ਬ -   ਘ ਰਾਂ   ਬਾ ਰੇ   ਖੋ ਜ   ਕ ਰ   ਰਿ ਹਾ   ਹੈ,33,14
ਕਿਆ ਬਾਤ ਹੈ,ਕਿ ਆ   ਬਾ ਤ   ਹੈ,5,3
ਇਹ ਤਾਂ ਬਹੁਤ ਵਧਿਆ ਗੱਲ ਹੈ,ਇ ਹ   ਤਾਂ   ਬ ਹੁ ਤ   ਵ ਧਿ ਆ   ਗ ੱ ਲ   ਹੈ,13,6
ਤੁਹਾਡਾ ਪ੍ਰਾਜੈਕਟ ਕਿਸ ਤਰਹ ਚੱਲ ਰਿਹਾ ਹੈ,ਤੁ ਹਾ ਡਾ   ਪ੍ਰਾ ਜੈ ਕ ਟ   ਕਿ ਸ   ਤ ਰ ਹ   ਚ ੱ ਲ   ਰਿ ਹਾ   ਹੈ,18,7
ਵੇਸੇ ਤਾਂ ਮੈਨੂੰ ਪਤਾ ਹੈ ਕਿ ਭਾਰਤ ਵਿੱਚ ਬਹੁਤ ਸਾਰੇ ਅਜਾਇਬ- ਘਰ ਹਨ,ਵੇ ਸੇ   ਤਾਂ   ਮੈ ਨੂ ੰ   ਪ ਤਾ   ਹੈ   ਕਿ   ਭਾ ਰ ਤ   ਵਿ ੱ ਚ   ਬ ਹੁ ਤ   ਸਾ ਰੇ   ਅ ਜਾ ਇ ਬ -   ਘ ਰ   ਹ ਨ,30,13
ਪਰ ਮੈਂ ਸਿਰਫ਼ ਸਭ ਤੋਂ ਮਸ਼ੂਰ ਵਾਲੇ ਗਿਨ ਰਹੀ ਹੈ,ਪ ਰ   ਮੈਂ   ਸਿ ਰ ਫ਼   ਸ ਭ   ਤੋਂ   ਮ ਸ਼ੂ ਰ   ਵਾ ਲੇ   ਗਿ ਨ   ਰ ਹੀ   ਹੈ,19,10
ਕਿ ਤੁਸੀਂ ਅਜੇ ਵੀ ਸੈਰ-ਸਪਾਟਾ ਵਾਲੀ ਕੰਪਨੀ ਨਾਲ ਕੰਮ ਕਰ ਰਹੇ ਹੋ,ਕਿ   ਤੁ ਸੀਂ   ਅ ਜੇ   ਵੀ   ਸੈ ਰ - ਸ ਪਾ ਟਾ   ਵਾ ਲੀ   ਕ ੰ ਪ ਨੀ   ਨਾ ਲ   ਕ ੰ ਮ   ਕ ਰ   ਰ ਹੇ   ਹੋ,28,12
"ਹਾਂ, ਮੈਂ ਯਾਤਰਾ ਟ੍ਰੈਵਲ ਐਂਡ ਟੌਰ ਨਾਲ ਕੰਮ ਕਰ ਰਿਹਾ ਹੈ","ਹਾਂ ,   ਮੈਂ   ਯਾ ਤ ਰਾ   ਟ੍ਰੈ ਵ ਲ   ਐ ਂ ਡ   ਟੌ ਰ   ਨਾ ਲ   ਕ ੰ ਮ   ਕ ਰ   ਰਿ ਹਾ   ਹੈ",24,11
ਬਹੁਤ ਵਧੀਆ,ਬ ਹੁ ਤ   ਵ ਧੀ ਆ,6,2
ਕਿ ਤੁਸੀਂ ਮੇਰੀ ਮਦਦ ਕਰ ਸਕਦੇ ਹੋ,ਕਿ   ਤੁ ਸੀਂ   ਮੇ ਰੀ   ਮ ਦ ਦ   ਕ ਰ   ਸ ਕ ਦੇ   ਹੋ,14,7
ਹਾਂ,ਹਾਂ,1,1
ਮੇਰੇ ਹਿਸਾਬ ਨਾਲ ਤੁਸੀਂ ਭਾਰਤ ਦੇ ਤਿੰਨ ਸਭ ਤੋਂ ਜਿਆਦਾ ਮਸ਼ੂਰ ਅਜਾਇਬ- ਘਰ ਸ਼ਾਮਿਲ ਕਰ ਸਕਦੇ ਹੋ,ਮੇ ਰੇ   ਹਿ ਸਾ ਬ   ਨਾ ਲ   ਤੁ ਸੀਂ   ਭਾ ਰ ਤ   ਦੇ   ਤਿ ੰ ਨ   ਸ ਭ   ਤੋਂ   ਜਿ ਆ ਦਾ   ਮ ਸ਼ੂ ਰ   ਅ ਜਾ ਇ ਬ -   ਘ ਰ   ਸ਼ਾ ਮਿ ਲ   ਕ ਰ   ਸ ਕ ਦੇ   ਹੋ,41,17
"ਇਹ ਹਨ ਨੈਸ਼ਨਲ ਮਿਊਜ਼ੀਅਮ ਦਿੱਲੀ, ਇੰਡੀਅਨ ਮਿਊਜ਼ੀਅਮ ਕੋਲਕਾਤਾ, ਅਤੇ ਸਰਕਾਰੀ ਮਿਊਜ਼ੀਅਮ ਚੇਨਈ","ਇ ਹ   ਹ ਨ   ਨੈ ਸ ਼ ਨ ਲ   ਮਿ ਊ ਜ ਼ ੀ ਅ ਮ   ਦਿ ੱ ਲੀ ,   ਇ ੰ ਡੀ ਅ ਨ   ਮਿ ਊ ਜ ਼ ੀ ਅ ਮ   ਕੋ ਲ ਕਾ ਤਾ ,   ਅ ਤੇ   ਸ ਰ ਕਾ ਰੀ   ਮਿ ਊ ਜ ਼ ੀ ਅ ਮ   ਚੇ ਨ ਈ",53,12
ਬਹੁਤ ਵਧੀਆ,ਬ ਹੁ ਤ   ਵ ਧੀ ਆ,6,2
ਇਹ ਸੁਣ ਕੇ ਅਚਾ ਲਗਿਆ,ਇ ਹ   ਸੁ ਣ   ਕੇ   ਅ ਚਾ   ਲ ਗਿ ਆ,10,5
ਇਹ ਇੰਨੇ ਜਰੂਰੀ ਕਿਉ ਹਨ,ਇ ਹ   ਇ ੰ ਨੇ   ਜ ਰੂ ਰੀ   ਕਿ ਉ   ਹ ਨ,12,5
ਨੈਸ਼ਨਲ ਮਿਊਜ਼ੀਅਮ ਦੇ ਵਿੱਚ ਸ਼ਾਨਦਾਰ ਪ੍ਰਾਚੀਨ ਯੁੱਗ ਦੇ ਵੱਖ ਵੱਖ ਲੇਖ ਹਨ,ਨੈ ਸ ਼ ਨ ਲ   ਮਿ ਊ ਜ ਼ ੀ ਅ ਮ   ਦੇ   ਵਿ ੱ ਚ   ਸ ਼ ਾ ਨ ਦਾ ਰ   ਪ੍ਰਾ ਚੀ ਨ   ਯੁ ੱ ਗ   ਦੇ   ਵ ੱ ਖ   ਵ ੱ ਖ   ਲੇ ਖ   ਹ ਨ,39,12
ਇਹ 1949 ਵਿੱਚ ਦਿਲੀ ਦੇ ਜੰਪਥ ਦੇ ਕੋਨੇ ਵਿੱਚ ਬਣਿਆ ਸੀ,ਇ ਹ   1 9 4 9   ਵਿ ੱ ਚ   ਦਿ ਲੀ   ਦੇ   ਜ ੰ ਪ ਥ   ਦੇ   ਕੋ ਨੇ   ਵਿ ੱ ਚ   ਬ ਣਿ ਆ   ਸੀ,26,11
ਉਸ ਵਿੱਚ ਕਿਸ ਚੀਜ਼ ਦੀ ਪ੍ਰਦਰਸ਼ਨੀ ਹੈ,ਉ ਸ   ਵਿ ੱ ਚ   ਕਿ ਸ   ਚੀ ਜ਼   ਦੀ   ਪ੍ਰ ਦ ਰ ਸ਼ ਨੀ   ਹੈ,16,7
"ਉਸ ਵਿੱਚ ਕਈ ਤਰ੍ਹਾਂ ਦੇ ਸੰਗ੍ਰਹਿ ਹਨ ਜਿਨ੍ਹਾਂ ਵਿੱਚ ਗਹਿਣੇ, ਚਿੱਤਰਕਾਰੀ, ਸ਼ਸਤਰ, ਸਜਾਵਟੀ ਕਲਾ ਅਤੇ ਹੱਥ-ਲਿਖਤਾਂ ਸ਼ਾਮਲ ਹਨ","ਉ ਸ   ਵਿ ੱ ਚ   ਕ ਈ   ਤ ਰ੍ਹਾਂ   ਦੇ   ਸ ੰ ਗ੍ਰ ਹਿ   ਹ ਨ   ਜਿ ਨ੍ਹਾਂ   ਵਿ ੱ ਚ   ਗ ਹਿ ਣੇ ,   ਚਿ ੱ ਤ ਰ ਕਾ ਰੀ ,   ਸ ਼ ਸ ਤ ਰ ,   ਸ ਜਾ ਵ ਟੀ   ਕ ਲਾ   ਅ ਤੇ   ਹ ੱ ਥ - ਲਿ ਖ ਤਾਂ   ਸ ਼ ਾ ਮ ਲ   ਹ ਨ",60,18
ਵਾਹ,ਵਾ ਹ,2,1
ਅਤੇ ਭਾਰਤੀ ਮਯੂਜ਼ਿਯਮ,ਅ ਤੇ   ਭਾ ਰ ਤੀ   ਮ ਯੂ ਜ਼ ਿ ਯ ਮ,11,3
"ਇਸ ਵਿੱਚ ਛੇ ਭਾਗ ਹਨ ਜਿਨ੍ਹਾਂ ਵਿੱਚ ਕਲਾ ਦੇ ਰਚਨਾਤਮਕ ਅਤੇ ਵਿਗਿਆਨਕ ਕੰਮ ਦੀਆਂ ਪੰਜ ਗੈਲਰੀਆਂ ਹਨ ਜੋ ਕਿ ਪੁਰਾਤੱਤਵ, ਭੂ-ਵਿਗਿਆਨ, ਆਰਥਿਕ ਸੁੰਦਰਤਾ ਅਤੇ ਕਲਾ ਹਨ","ਇ ਸ   ਵਿ ੱ ਚ   ਛੇ   ਭਾ ਗ   ਹ ਨ   ਜਿ ਨ੍ਹਾਂ   ਵਿ ੱ ਚ   ਕ ਲਾ   ਦੇ   ਰ ਚ ਨਾ ਤ ਮ ਕ   ਅ ਤੇ   ਵਿ ਗਿ ਆ ਨ ਕ   ਕ ੰ ਮ   ਦੀ ਆ ਂ   ਪ ੰ ਜ   ਗੈ ਲ ਰੀ ਆ ਂ   ਹ ਨ   ਜੋ   ਕਿ   ਪੁ ਰਾ ਤ ੱ ਤ ਵ ,   ਭੂ - ਵਿ ਗਿ ਆ ਨ ,   ਆ ਰ ਥਿ ਕ   ਸੁ ੰ ਦ ਰ ਤਾ   ਅ ਤੇ   ਕ ਲਾ   ਹ ਨ",78,26
ਕਿਆ ਬਾਤ ਹੈ,ਕਿ ਆ   ਬਾ ਤ   ਹੈ,5,3
ਕਿ ਇਹ ਦੁਨਿਆ ਦਾ ਸਭ ਤੋਂ ਪੁਰਾਣਾ ਅਜਾਇਬ ਘਰ ਹੈ,ਕਿ   ਇ ਹ   ਦੁ ਨਿ ਆ   ਦਾ   ਸ ਭ   ਤੋਂ   ਪੁ ਰਾ ਣਾ   ਅ ਜਾ ਇ ਬ   ਘ ਰ   ਹੈ,20,10
"ਹਾਂ, ਇਹ ਕਲਕੱਤਾ ਵਿੱਚ 1814 ਵਿੱਚ ਬੰਗਾਲ ਏਸ਼ੀਆਟਿਕ ਸੁਸਾਇਟੀ ਦੁਵਾਰਾਂ ਸਤਾਂਪਹਿਥ ਕਿਤਾ ਗਿਆ ਸੀ I","ਹਾਂ ,   ਇ ਹ   ਕ ਲ ਕ ੱ ਤਾ   ਵਿ ੱ ਚ   1 8 1 4   ਵਿ ੱ ਚ   ਬ ੰ ਗਾ ਲ   ਏ ਸ ਼ ੀ ਆ ਟਿ ਕ   ਸੁ ਸਾ ਇ ਟੀ   ਦੁ ਵਾ ਰਾਂ   ਸ ਤਾਂ ਪ ਹਿ ਥ   ਕਿ ਤਾ   ਗਿ ਆ   ਸੀ   I",48,15
ਇਹ ਤਾਂ ਕਾਫ਼ੀ ਦਿਲਚਸਪ ਹੈ,ਇ ਹ   ਤਾਂ   ਕਾ ਫ਼ ੀ   ਦਿ ਲ ਚ ਸ ਪ   ਹੈ,12,5
I ਸਰਕਾਰੀ ਅਜਾਇਬ ਘਰ ਇੰਨਾ ਮਸ਼ਹੂਰ ਕਿਉਂ ਹੈ,I   ਸ ਰ ਕਾ ਰੀ   ਅ ਜਾ ਇ ਬ   ਘ ਰ   ਇ ੰ ਨਾ   ਮ ਸ ਼ ਹੂ ਰ   ਕਿ ਉ ਂ   ਹੈ,23,8
"ਸਰਕਾਰੀ ਅਜਾਇਬ ਘਰ ਭੂ-ਵਿਗਿਆਨ, ਜੀਵ-ਵਿਗਿਆਨ, ਮਾਨਵ-ਵਿਗਿਆਨ ਅਤੇ ਬਨਸਪਤੀ ਵਿਗਿਆਨ ਦੀਆਂ ਵੱਖ-ਵੱਖ ਕਿਸਮਾਂ ਨੂੰ ਪ੍ਰਦਰਸ਼ਿਤ ਕਰਦਾ ਹੈ","ਸ ਰ ਕਾ ਰੀ   ਅ ਜਾ ਇ ਬ   ਘ ਰ   ਭੂ - ਵਿ ਗਿ ਆ ਨ ,   ਜੀ ਵ - ਵਿ ਗਿ ਆ ਨ ,   ਮਾ ਨ ਵ - ਵਿ ਗਿ ਆ ਨ   ਅ ਤੇ   ਬ ਨ ਸ ਪ ਤੀ   ਵਿ ਗਿ ਆ ਨ   ਦੀ ਆ ਂ   ਵ ੱ ਖ - ਵ ੱ ਖ   ਕਿ ਸ ਮਾਂ   ਨੂ ੰ   ਪ੍ਰ ਦ ਰ ਸ ਼ ਿ ਤ   ਕ ਰ ਦਾ   ਹੈ",70,16
"ਇਹ 1851 ਵਿੱਚ ਬ੍ਰਿਟਿਸ਼ ਕਾਲ ਦੌਰਾਨ ਸਥਾਪਿਤ ਕੀਤਾ ਗਿਆ ਸੀ, ਇਹ ਅਜਾਇਬ ਘਰ ਉਨ੍ਹਾਂ ਲੋਕਾਂ ਲਈ ਇੱਕ ਆਦਰਸ਼ ਸਥਾਨ ਹੈ ਜੋ ਇਤਿਹਾਸ ਅਤੇ ਕਲਾ ਵੱਲ ਸ਼ੋਕ ਰੱਖਦੇ ਹਨ","ਇ ਹ   1 8 5 1   ਵਿ ੱ ਚ   ਬ੍ਰਿ ਟਿ ਸ ਼   ਕਾ ਲ   ਦੌ ਰਾ ਨ   ਸ ਥਾ ਪਿ ਤ   ਕੀ ਤਾ   ਗਿ ਆ   ਸੀ ,   ਇ ਹ   ਅ ਜਾ ਇ ਬ   ਘ ਰ   ਉ ਨ੍ਹਾਂ   ਲੋ ਕਾਂ   ਲ ਈ   ਇ ੱ ਕ   ਆ ਦ ਰ ਸ ਼   ਸ ਥਾ ਨ   ਹੈ   ਜੋ   ਇ ਤਿ ਹਾ ਸ   ਅ ਤੇ   ਕ ਲਾ   ਵ ੱ ਲ   ਸ਼ੋ ਕ   ਰ ੱ ਖ ਦੇ   ਹ ਨ",74,28
ਕਿ ਤੁਹਾਡੇ ਕੋਲ ਕੋਈ ਸੁਵਾਲ ਹਨ,ਕਿ   ਤੁ ਹਾ ਡੇ   ਕੋ ਲ   ਕੋ ਈ   ਸੁ ਵਾ ਲ   ਹ ਨ,13,6
"ਨਹੀਂ, ਇਹ ਸਭ ਜਾਣਕਾਰੀ ਮੇਰੇ ਨਾਲ ਸਾਂਝੀ ਕਰਣ ਲਈ ਬਹੁਤ ਸ਼ੁਕਰੀਆ","ਨ ਹੀਂ ,   ਇ ਹ   ਸ ਭ   ਜਾ ਣ ਕਾ ਰੀ   ਮੇ ਰੇ   ਨਾ ਲ   ਸਾਂ ਝੀ   ਕ ਰ ਣ   ਲ ਈ   ਬ ਹੁ ਤ   ਸ਼ੁ ਕ ਰੀ ਆ",29,11
ਮੈਂ ਇਸ ਨੂੰ ਲਿੱਖ ਲਵਾਂਗੀ,ਮੈਂ   ਇ ਸ   ਨੂ ੰ   ਲਿ ੱ ਖ   ਲ ਵਾਂ ਗੀ,11,5
ਤੁਹਾਡਾ ਧੰਨਵਾਦ,ਤੁ ਹਾ ਡਾ   ਧ ੰ ਨ ਵਾ ਦ,8,2
ਲਿਟਰੇਰੀ ਏਡ ਸੋਸਾਇਟੀ ਦਾ ਦੌਰਾ ਕਰਨ ਲਈ ਤੁਹਾਡਾ ਬਹੁਤ ਧੰਨਵਾਦ,ਲਿ ਟ ਰੇ ਰੀ   ਏ ਡ   ਸੋ ਸਾ ਇ ਟੀ   ਦਾ   ਦੌ ਰਾ   ਕ ਰ ਨ   ਲ ਈ   ਤੁ ਹਾ ਡਾ   ਬ ਹੁ ਤ   ਧ ੰ ਨ ਵਾ ਦ,29,10
ਮੈਂ ਤੁਹਾਡੀ ਮਦਦ ਕਰਨ ਲਈ ਕੀ ਕਰ ਸਕਦਾ ਹਾਂ,ਮੈਂ   ਤੁ ਹਾ ਡੀ   ਮ ਦ ਦ   ਕ ਰ ਨ   ਲ ਈ   ਕੀ   ਕ ਰ   ਸ ਕ ਦਾ   ਹਾਂ,19,9
ਤੁਹਾਡਾ ਬਹੁਤ ਬਹੁਤ ਧੰਨਵਾਦ,ਤੁ ਹਾ ਡਾ   ਬ ਹੁ ਤ   ਬ ਹੁ ਤ   ਧ ੰ ਨ ਵਾ ਦ,14,4
ਮੈਂ ਤੁਹਾਨੂੰ ਭਾਰਤ ਦੀ ਸਾਹਿਤਕ ਕਲਾ ਬਾਰੇ ਕੁੱਝ ਸਵਾਲ ਪੁੱਛਣਾ ਚਾਹੁੰਦਾ ਹਾਂ,ਮੈਂ   ਤੁ ਹਾ ਨੂ ੰ   ਭਾ ਰ ਤ   ਦੀ   ਸਾ ਹਿ ਤ ਕ   ਕ ਲਾ   ਬਾ ਰੇ   ਕੁ ੱ ਝ   ਸ ਵਾ ਲ   ਪੁ ੱ ਛ ਣਾ   ਚਾ ਹੁ ੰ ਦਾ   ਹਾਂ,32,12
"ਔਕੇ, ਠੀਕ ਹੈ","ਔ ਕੇ ,   ਠੀ ਕ   ਹੈ",6,3
ਮੈਂ ਆਪਣੇ ਗਿਆਨ ਅਤੇ ਸਮਝ ਨਾਲ ਤੁਹਾਡੀ ਮਦਦ ਕਰਨ ਦੀ ਕੋਸ਼ਿਸ਼ ਕਰਾਂਗਾ,ਮੈਂ   ਆ ਪ ਣੇ   ਗਿ ਆ ਨ   ਅ ਤੇ   ਸ ਮ ਝ   ਨਾ ਲ   ਤੁ ਹਾ ਡੀ   ਮ ਦ ਦ   ਕ ਰ ਨ   ਦੀ   ਕੋ ਸ਼ਿ ਸ਼   ਕ ਰਾਂ ਗਾ,30,12
ਸਾਹਿਤਕ ਕਲਾ ਦੀ ਪਰਿਭਾਸ਼ਾ ਕੀ ਹੈ,ਸਾ ਹਿ ਤ ਕ   ਕ ਲਾ   ਦੀ   ਪ ਰਿ ਭਾ ਸ਼ਾ   ਕੀ   ਹੈ,13,6
"ਸਾਹਿਤਕ ਕਲਾਵਾਂ ਸਾਹਿਤ ਦੀਆਂ ਉਹ ਰਚਨਾਵਾਂ ਹਨ ਜੋ ਸ਼ੈਲੀ, ਥੀਮ, ਕਿਰਦਾਰ, ਜਾਂ ਕਹਾਣੀ ਵਿੱਚ ਖੂਬਸੂਰਤ ਹਨ I ਗੀਤਕਾਰੀ ਕਵਿਤਾਵਾਂ, ਨਾਟਕ, ਛੋਟੀਆਂ ਕਹਾਣੀਆਂ ਅਤੇ ਨਾਵਲ ਇਹ ਸਭ ਉਦਾਹਰਣ ਹਨ","ਸਾ ਹਿ ਤ ਕ   ਕ ਲਾ ਵਾਂ   ਸਾ ਹਿ ਤ   ਦੀ ਆ ਂ   ਉ ਹ   ਰ ਚ ਨਾ ਵਾਂ   ਹ ਨ   ਜੋ   ਸ਼ੈ ਲੀ ,   ਥੀ ਮ ,   ਕਿ ਰ ਦਾ ਰ ,   ਜਾਂ   ਕ ਹਾ ਣੀ   ਵਿ ੱ ਚ   ਖੂ ਬ ਸੂ ਰ ਤ   ਹ ਨ   I   ਗੀ ਤ ਕਾ ਰੀ   ਕ ਵਿ ਤਾ ਵਾਂ ,   ਨਾ ਟ ਕ ,   ਛੋ ਟੀ ਆ ਂ   ਕ ਹਾ ਣੀ ਆ ਂ   ਅ ਤੇ   ਨਾ ਵ ਲ   ਇ ਹ   ਸ ਭ   ਉ ਦਾ ਹ ਰ ਣ   ਹ ਨ",86,28
ਸਾਹਿਤਕ ਕਲਾਵਾਂ ਦਾ ਕੀ ਮਹੱਤਵ ਹੈ,ਸਾ ਹਿ ਤ ਕ   ਕ ਲਾ ਵਾਂ   ਦਾ   ਕੀ   ਮ ਹ ੱ ਤ ਵ   ਹੈ,15,6
"ਇਹ ਸਾਨੂੰ ਕਿਸੇ ਵੀ ਚੀਜ਼ ਬਾਰੇ ਗਿਆਨ ਦਾ ਆਦਾਨ-ਪ੍ਰਦਾਨ ਕਰਨ ਦੀ ਇਜਾਜ਼ਤ ਦਿੰਦਾ ਹੈ, ਜਿਸ ਨੂੰ ਬੋਲ ਕੇ ਦੱਸਣਾ ਸੰਭਵ ਨਹੀਂ ਹੁੰਦਾ","ਇ ਹ   ਸਾ ਨੂ ੰ   ਕਿ ਸੇ   ਵੀ   ਚੀ ਜ਼   ਬਾ ਰੇ   ਗਿ ਆ ਨ   ਦਾ   ਆ ਦਾ ਨ - ਪ੍ਰ ਦਾ ਨ   ਕ ਰ ਨ   ਦੀ   ਇ ਜਾ ਜ਼ ਤ   ਦਿ ੰ ਦਾ   ਹੈ ,   ਜਿ ਸ   ਨੂ ੰ   ਬੋ ਲ   ਕੇ   ਦ ੱ ਸ ਣਾ   ਸ ੰ ਭ ਵ   ਨ ਹੀਂ   ਹੁ ੰ ਦਾ",56,22
"ਅਸੀਂ ਆਪਣੀ ਭਾਵਨਾਵਾਂ, ਯੋਜਨਾ, ਤਜੁਰਬੇ, ਅਤੇ ਜੋ ਵੀ ਸਾਡੇ ਦਿਮਾਗ ਵਿੱਚ ਆਉਂਦਾ ਹੈ ਉਸਨੂੰ ਲਿਖ ਕੇ ਪ੍ਰਗਟ ਕਰਨ ਦਾ ਇੱਕ ਤਰੀਕਾ ਲੱਭਿਆ ਹੈ","ਅ ਸੀਂ   ਆ ਪ ਣੀ   ਭਾ ਵ ਨਾ ਵਾਂ ,   ਯੋ ਜ ਨਾ ,   ਤ ਜੁ ਰ ਬੇ ,   ਅ ਤੇ   ਜੋ   ਵੀ   ਸਾ ਡੇ   ਦਿ ਮਾ ਗ   ਵਿ ੱ ਚ   ਆ ਉ ਂ ਦਾ   ਹੈ   ਉ ਸ ਨੂ ੰ   ਲਿ ਖ   ਕੇ   ਪ੍ਰ ਗ ਟ   ਕ ਰ ਨ   ਦਾ   ਇ ੱ ਕ   ਤ ਰੀ ਕਾ   ਲ ੱ ਭਿ ਆ   ਹੈ",61,23
"ਠੀਕ ਹੈ, ਭਾਰਤ ਦਾ ਸਭ ਤੋਂ ਪਹਿਲਾ ਸਾਹਿਤ ਕਿਹੜਾ ਸੀ","ਠੀ ਕ   ਹੈ ,   ਭਾ ਰ ਤ   ਦਾ   ਸ ਭ   ਤੋਂ   ਪ ਹਿ ਲਾ   ਸਾ ਹਿ ਤ   ਕਿ ਹ ੜ ਾ   ਸੀ",22,10
ਵੇਦ ਭਾਰਤ ਦੀਆਂ ਸਭ ਤੋਂ ਪੁਰਾਣੀਆਂ ਵਧੀਆ ਜਾਣੀਆਂ ਜਾਂਦੀਆਂ ਰਚਨਾਵਾਂ ਹਨ,ਵੇ ਦ   ਭਾ ਰ ਤ   ਦੀ ਆ ਂ   ਸ ਭ   ਤੋਂ   ਪੁ ਰਾ ਣੀ ਆ ਂ   ਵ ਧੀ ਆ   ਜਾ ਣੀ ਆ ਂ   ਜਾਂ ਦੀ ਆ ਂ   ਰ ਚ ਨਾ ਵਾਂ   ਹ ਨ,33,11
ਉਹ ਸੰਸਕ੍ਰਿਤ ਵਿੱਚ ਲਿਖੀਆਂ ਗਈਆਂ ਸਨ ਅਤੇ ਪੀੜ੍ਹੀ ਦਰ ਪੀੜ੍ਹੀ ਜੁਬਾਨੀ ਤੌਰ 'ਤੇ ਪਾਸ ਕੀਤੀਆਂ ਗਈਆਂ ਸਨ,ਉ ਹ   ਸ ੰ ਸ ਕ੍ਰਿ ਤ   ਵਿ ੱ ਚ   ਲਿ ਖੀ ਆ ਂ   ਗ ਈ ਆ ਂ   ਸ ਨ   ਅ ਤੇ   ਪੀ ੜ ੍ ਹੀ   ਦ ਰ   ਪੀ ੜ ੍ ਹੀ   ਜੁ ਬਾ ਨੀ   ਤੌ ਰ   ' ਤੇ   ਪਾ ਸ   ਕੀ ਤੀ ਆ ਂ   ਗ ਈ ਆ ਂ   ਸ ਨ,51,17
ਭਾਰਤ ਵਿੱਚ ਸਾਹਿਤਕ ਕਲਾ ਦੀਆਂ ਕਿਹੜੀਆਂ ਸ਼ੈਲੀਆਂ ਹਨ,ਭਾ ਰ ਤ   ਵਿ ੱ ਚ   ਸਾ ਹਿ ਤ ਕ   ਕ ਲਾ   ਦੀ ਆ ਂ   ਕਿ ਹ ੜ ੀ ਆ ਂ   ਸ਼ੈ ਲੀ ਆ ਂ   ਹ ਨ,27,8
"ਵਾਰਤਕ, ਡਰਾਮਾ ਅਤੇ ਕਵਿਤਾ ਉਹ ਤਿੰਨ ਪ੍ਰਮੁੱਖ ਸ਼ੈਲੀਆਂ ਹਨ","ਵਾ ਰ ਤ ਕ ,   ਡ ਰਾ ਮਾ   ਅ ਤੇ   ਕ ਵਿ ਤਾ   ਉ ਹ   ਤਿ ੰ ਨ   ਪ੍ਰ ਮੁ ੱ ਖ   ਸ਼ੈ ਲੀ ਆ ਂ   ਹ ਨ",28,9
ਵਾਰਤਕ ਸਾਹਿਤ ਦੀ ਇੱਕ ਕਿਸਮ ਹੈ ਜੋ ਗੱਲਬਾਤ ਅਤੇ ਵਾਕ ਵਿਗਿਆਨ ਦੇ ਇੱਕ ਅਨੁਮਾਨਯੋਗ ਪੈਟਰਨ ਦੀ ਪਾਲਣਾ ਕਰਦੀ ਹਾਂ,ਵਾ ਰ ਤ ਕ   ਸਾ ਹਿ ਤ   ਦੀ   ਇ ੱ ਕ   ਕਿ ਸ ਮ   ਹੈ   ਜੋ   ਗ ੱ ਲ ਬਾ ਤ   ਅ ਤੇ   ਵਾ ਕ   ਵਿ ਗਿ ਆ ਨ   ਦੇ   ਇ ੱ ਕ   ਅ ਨੁ ਮਾ ਨ ਯੋ ਗ   ਪੈ ਟ ਰ ਨ   ਦੀ   ਪਾ ਲ ਣਾ   ਕ ਰ ਦੀ   ਹਾਂ,51,19
"ਇੱਕ ਮੈਟ੍ਰਿਕਲ ਕਹਾਣੀ ਗਲਪ ਜਾਂ ਗੈਰ-ਕਲਪਨਾ ਹੋ ਸਕਦੀ ਹੈ, ਅਤੇ ਇਹ ਬਹੁਤ ਸਾਰੇ ਵਿਸ਼ਿਆਂ ਨੂੰ ਕਵਰ ਕਰ ਸਕਦੀ ਹੈ","ਇ ੱ ਕ   ਮੈ ਟ੍ਰਿ ਕ ਲ   ਕ ਹਾ ਣੀ   ਗ ਲ ਪ   ਜਾਂ   ਗੈ ਰ - ਕ ਲ ਪ ਨਾ   ਹੋ   ਸ ਕ ਦੀ   ਹੈ ,   ਅ ਤੇ   ਇ ਹ   ਬ ਹੁ ਤ   ਸਾ ਰੇ   ਵਿ ਸ਼ਿ ਆ ਂ   ਨੂ ੰ   ਕ ਵ ਰ   ਕ ਰ   ਸ ਕ ਦੀ   ਹੈ",51,19
"ਕਵਿਤਾ, ਦੂਜੇ ਪਾਸੇ, ਇੱਕ ਸਾਹਿਤਕ ਰਚਨਾ ਹੈ ਜੋ ਥਾਈਮ ਨੂੰ ਰੋਜ਼ਗਾਤ ਦਿੰਦੀ ਹੈ","ਕ ਵਿ ਤਾ ,   ਦੂ ਜੇ   ਪਾ ਸੇ ,   ਇ ੱ ਕ   ਸਾ ਹਿ ਤ ਕ   ਰ ਚ ਨਾ   ਹੈ   ਜੋ   ਥਾ ਈ ਮ   ਨੂ ੰ   ਰੋ ਜ਼ ਗਾ ਤ   ਦਿ ੰ ਦੀ   ਹੈ",34,13
ਥਾਈਮ ਅਤੇ ਇੱਕ ਸ਼ਕਤੀਸ਼ਾਲੀ,ਥਾ ਈ ਮ   ਅ ਤੇ   ਇ ੱ ਕ   ਸ਼ ਕ ਤੀ ਸ਼ਾ ਲੀ,13,4
ਭਾਰਤ ਦੀ ਪਹਿਲੀ ਸਾਹਿਤਕ ਭਾਸ਼ਾ ਕੀ ਸੀ,ਭਾ ਰ ਤ   ਦੀ   ਪ ਹਿ ਲੀ   ਸਾ ਹਿ ਤ ਕ   ਭਾ ਸ਼ਾ   ਕੀ   ਸੀ,15,7
ਸੰਸਕ੍ਰਿਤ ਦੁਨੀਆਂ ਦੀ ਸਭ ਤੋਂ ਪੁਰਾਣੀ ਭਾਸ਼ਾ ਹੈ,ਸ ੰ ਸ ਕ੍ਰਿ ਤ   ਦੁ ਨੀ ਆ ਂ   ਦੀ   ਸ ਭ   ਤੋਂ   ਪੁ ਰਾ ਣੀ   ਭਾ ਸ਼ਾ   ਹੈ,19,8
ਕੀ ਤੁਸੀਂ ਇਸ ਬਾਰੇ ਖੁੱਲ ਕੇ ਦਸ ਸਕਦੇ ਹੋ,ਕੀ   ਤੁ ਸੀਂ   ਇ ਸ   ਬਾ ਰੇ   ਖੁ ੱ ਲ   ਕੇ   ਦ ਸ   ਸ ਕ ਦੇ   ਹੋ,17,9
ਬਿਲਕੁੱਲ,ਬਿ ਲ ਕੁ ੱ ਲ,5,1
"ਸ਼੍ਰੂਤੀ ਪਰੰਪਰਾ ਤੋਂ ਲਈ ਕੇ , ਸੰਸਕ੍ਰਿਤ ਸਾਹਿਤ ਸਾਨੂੰ ਮੌਖਿਕ ਪਰੰਪਰਾ ਦੁਆਰਾ ਦਿੱਤਾ ਗਿਆ ਹੈ","ਸ਼੍ਰੂ ਤੀ   ਪ ਰ ੰ ਪ ਰਾ   ਤੋਂ   ਲ ਈ   ਕੇ   ,   ਸ ੰ ਸ ਕ੍ਰਿ ਤ   ਸਾ ਹਿ ਤ   ਸਾ ਨੂ ੰ   ਮੌ ਖਿ ਕ   ਪ ਰ ੰ ਪ ਰਾ   ਦੁ ਆ ਰਾ   ਦਿ ੱ ਤਾ   ਗਿ ਆ   ਹੈ",40,15
ਰਚਨਾਵਾਂ ਦੀ ਵੱਧ ਤੋਂ ਵੱਧ ਗਿਣਤੀ ਕਵਿਤਾਵਾਂ ਤੱਕ ਸੀਮਿਤ ਹੈ,ਰ ਚ ਨਾ ਵਾਂ   ਦੀ   ਵ ੱ ਧ   ਤੋਂ   ਵ ੱ ਧ   ਗਿ ਣ ਤੀ   ਕ ਵਿ ਤਾ ਵਾਂ   ਤ ੱ ਕ   ਸੀ ਮਿ ਤ   ਹੈ,26,10
ਕਵਿਤਾ ਵਿੱਚ ਸੰਸਕ੍ਰਿਤ ਰਚਨਾਵਾਂ ਦਾ ਨਿਰੰਤਰ ਪ੍ਰਵਾਹ ਵਿਸ਼ਵ ਸਾਹਿਤ ਦਾ ਸਭ ਤੋਂ ਪੁਰਾਣੇ ਦਸਤਾਵੇਜ਼ ਰਿਗਵੇਦ ਤੋਂ ਲੱਭਿਆ ਜਾ ਸਕਦਾ ਹੈ,ਕ ਵਿ ਤਾ   ਵਿ ੱ ਚ   ਸ ੰ ਸ ਕ੍ਰਿ ਤ   ਰ ਚ ਨਾ ਵਾਂ   ਦਾ   ਨਿ ਰ ੰ ਤ ਰ   ਪ੍ਰ ਵਾ ਹ   ਵਿ ਸ਼ ਵ   ਸਾ ਹਿ ਤ   ਦਾ   ਸ ਭ   ਤੋਂ   ਪੁ ਰਾ ਣੇ   ਦ ਸ ਤਾ ਵੇ ਜ਼   ਰਿ ਗ ਵੇ ਦ   ਤੋਂ   ਲ ੱ ਭਿ ਆ   ਜਾ   ਸ ਕ ਦਾ   ਹੈ,56,20
ਇਹ ਸ਼ਾਨਦਾਰ ਹੈ,ਇ ਹ   ਸ਼ਾ ਨ ਦਾ ਰ   ਹੈ,7,3
"ਸਰ, ਤੁਹਾਡੇ ਸ਼ਾਨਦਾਰ ਸਪੱਸ਼ਟੀਕਰਨ ਲਈ ਤੁਹਾਡਾ ਬਹੁਤ ਧੰਨਵਾਦ","ਸ ਰ ,   ਤੁ ਹਾ ਡੇ   ਸ਼ਾ ਨ ਦਾ ਰ   ਸ ਪ ੱ ਸ਼ ਟੀ ਕ ਰ ਨ   ਲ ਈ   ਤੁ ਹਾ ਡਾ   ਬ ਹੁ ਤ   ਧ ੰ ਨ ਵਾ ਦ",31,8
ਤੁਹਾਡਾ ਕਿਸੇ ਵੀ ਸਮੇਂ ਸੁਆਗਤ ਹੈ,ਤੁ ਹਾ ਡਾ   ਕਿ ਸੇ   ਵੀ   ਸ ਮੇਂ   ਸੁ ਆ ਗ ਤ   ਹੈ,13,6
ਤੁਹਾਡਾ ਦਿਨ ਸ਼ਾਨਦਾਰ ਰਹੇ,ਤੁ ਹਾ ਡਾ   ਦਿ ਨ   ਸ਼ਾ ਨ ਦਾ ਰ   ਰ ਹੇ,11,4
ਬਾਏ,ਬਾ ਏ,2,1
"ਹੈਲੋ, ਮੈਂ ਕੁਤੁਬ ਮਿਨਾਰ ਵਿੱਚ ਘੁੰਮਣ ਦੇ ਸਮੇਂ ਬਾਰੇ ਪੁੱਛਣਾ ਚਾਉਂਦੀ ਹਾਂ I","ਹੈ ਲੋ ,   ਮੈਂ   ਕੁ ਤੁ ਬ   ਮਿ ਨਾ ਰ   ਵਿ ੱ ਚ   ਘੁ ੰ ਮ ਣ   ਦੇ   ਸ ਮੇਂ   ਬਾ ਰੇ   ਪੁ ੱ ਛ ਣਾ   ਚਾ ਉ ਂ ਦੀ   ਹਾਂ   I",32,13
"ਜੀ, ਇਹ ਸਮਾਰਕ ਸਾਰੇ ਦਿਨਾਂ ਤੇ ਖੁਲੀ ਹੁੰਦੀ ਹੈ ਅਤੇ ਤੁਸੀਂ 7:00 ਏ","ਜੀ ,   ਇ ਹ   ਸ ਮਾ ਰ ਕ   ਸਾ ਰੇ   ਦਿ ਨਾਂ   ਤੇ   ਖੁ ਲੀ   ਹੁ ੰ ਦੀ   ਹੈ   ਅ ਤੇ   ਤੁ ਸੀਂ   7 : 0 0   ਏ",28,13
ਐਮ ਤੇ 5:00 ਪਿ,ਐ ਮ   ਤੇ   5 : 0 0   ਪਿ,8,4
ਐਮ ਦੇ ਵਿਚਕਾਰ ਕਦੇ ਵੀ ਘੁੰਮ ਸਕਦੇ ਹੋ I,ਐ ਮ   ਦੇ   ਵਿ ਚ ਕਾ ਰ   ਕ ਦੇ   ਵੀ   ਘੁ ੰ ਮ   ਸ ਕ ਦੇ   ਹੋ   I,18,9
ਬਾਲਗਾਂ ਲਈ ਦਾਖ਼ਲਾ ਫ਼ੀਸ ਕਿੰਨੀ ਹੈ,ਬਾ ਲ ਗਾਂ   ਲ ਈ   ਦਾ ਖ਼ ਲਾ   ਫ਼ ੀ ਸ   ਕਿ ੰ ਨੀ   ਹੈ,15,6
ਬਾਲਗਾਂ ਲਈ ਕੋਈ ਅਲੱਗ ਦਾਖ਼ਲਾ ਫ਼ੀਸ ਨਹੀਂ ਹੈ I,ਬਾ ਲ ਗਾਂ   ਲ ਈ   ਕੋ ਈ   ਅ ਲ ੱ ਗ   ਦਾ ਖ਼ ਲਾ   ਫ਼ ੀ ਸ   ਨ ਹੀਂ   ਹੈ   I,21,9
ਇਹ ਉਸ ਤੇ ਨਿਰਭਰ ਕਰਦਾ ਹੈ ਜੇਕਰ ਤੁਸੀਂ ਭਾਰਤੀ ਹੋ ਜਾਂ ਵਿਦੇਸ਼ੀ I,ਇ ਹ   ਉ ਸ   ਤੇ   ਨਿ ਰ ਭ ਰ   ਕ ਰ ਦਾ   ਹੈ   ਜੇ ਕ ਰ   ਤੁ ਸੀਂ   ਭਾ ਰ ਤੀ   ਹੋ   ਜਾਂ   ਵਿ ਦੇ ਸ਼ੀ   I,27,13
ਭਾਰਤੀਆ ਲਈ ਇਹ 35 ਰੁਪਏ ਹੈ ਅਤੇ ਵਿਦੇਸ਼ੀਆ ਲਈ 550 ਰੁਪਏ I,ਭਾ ਰ ਤੀ ਆ   ਲ ਈ   ਇ ਹ   3 5   ਰੁ ਪ ਏ   ਹੈ   ਅ ਤੇ   ਵਿ ਦੇ ਸ਼ੀ ਆ   ਲ ਈ   5 5 0   ਰੁ ਪ ਏ   I,29,12
ਅੱਛਾ I ਮੈਂ ਜਾਦਵਪੁਰ ਯੂਨੀਵਰਸਿਟੀ ਵਿੱਚ ਵਿਦਿਆਰਥੀ ਹਾਂ I,ਅ ੱ ਛਾ   I   ਮੈਂ   ਜਾ ਦ ਵ ਪੁ ਰ   ਯੂ ਨੀ ਵ ਰ ਸਿ ਟੀ   ਵਿ ੱ ਚ   ਵਿ ਦਿ ਆ ਰ ਥੀ   ਹਾਂ   I,26,9
ਕਿ ਕੋਈ ਵਿਦਿਆਰਥੀ ਛੁੱਟ ਹੈ ਜੋ ਮੈਂ ਉਪਲਬੱਧ ਕਰ ਸਕਦਾ ਹਾਂ,ਕਿ   ਕੋ ਈ   ਵਿ ਦਿ ਆ ਰ ਥੀ   ਛੁ ੱ ਟ   ਹੈ   ਜੋ   ਮੈਂ   ਉ ਪ ਲ ਬ ੱ ਧ   ਕ ਰ   ਸ ਕ ਦਾ   ਹਾਂ,26,11
ਮੈਂ ਸੋਚ ਰਹੀ ਸੀ ਆਪਣੀ ਸਹਿਲੀਆ ਨੂੰ ਵੀ ਨਾਲ ਲੈ ਆਉਂਗੀ I,ਮੈਂ   ਸੋ ਚ   ਰ ਹੀ   ਸੀ   ਆ ਪ ਣੀ   ਸ ਹਿ ਲੀ ਆ   ਨੂ ੰ   ਵੀ   ਨਾ ਲ   ਲੈ   ਆ ਉ ਂ ਗੀ   I,24,12
ਕੋਈ ਵਿਦਿਆਰਥੀ ਛੁੱਟ ਤਾਂ ਨਹੀਂ ਹੈ I,ਕੋ ਈ   ਵਿ ਦਿ ਆ ਰ ਥੀ   ਛੁ ੱ ਟ   ਤਾਂ   ਨ ਹੀਂ   ਹੈ   I,15,7
ਪਰ ਜੇਕਰ ਤੁਸੀਂ ਔਨਲਾਇਨ ਟਿਕਟ ਲੈਂਦੇ ਹੋ ਜਾ ਭੁਗਤਾਨ ਲਈ ਕਯੁ,ਪ ਰ   ਜੇ ਕ ਰ   ਤੁ ਸੀਂ   ਔ ਨ ਲਾ ਇ ਨ   ਟਿ ਕ ਟ   ਲੈਂ ਦੇ   ਹੋ   ਜਾ   ਭੁ ਗ ਤਾ ਨ   ਲ ਈ   ਕ ਯੁ,27,11
ਆਰ ਕੋਡ ਸਕੈਨ ਕਰਦੇ ਹੋ ਤਾਂ ਛੁੱਟ ਮਿਲ ਸਕਦੀ ਹੈ I,ਆ ਰ   ਕੋ ਡ   ਸ ਕੈ ਨ   ਕ ਰ ਦੇ   ਹੋ   ਤਾਂ   ਛੁ ੱ ਟ   ਮਿ ਲ   ਸ ਕ ਦੀ   ਹੈ   I,22,11
"ਠੀਕ ਹੈ , ਇਹ ਮੇਰਾ ਨੰਬਰ ਹੈ I","ਠੀ ਕ   ਹੈ   ,   ਇ ਹ   ਮੇ ਰਾ   ਨ ੰ ਬ ਰ   ਹੈ   I",14,8
ਕਿ ਤੁਸੀਂ ਮੈਨੂੰ ਵੇਬਸਾਇਟ ਦਾ ਲਿੰਕ ਵਾਟਸਐਪ ਤੇ ਭੇਜ ਸਕਦੇ ਹੋ,ਕਿ   ਤੁ ਸੀਂ   ਮੈ ਨੂ ੰ   ਵੇ ਬ ਸਾ ਇ ਟ   ਦਾ   ਲਿ ੰ ਕ   ਵਾ ਟ ਸ ਐ ਪ   ਤੇ   ਭੇ ਜ   ਸ ਕ ਦੇ   ਹੋ,27,11
"ਜ਼ਰੂਰ, ਮੈਂ ਕਰ ਦਿਨਾਂ ਹਾਂ I","ਜ਼ ਰੂ ਰ ,   ਮੈਂ   ਕ ਰ   ਦਿ ਨਾਂ   ਹਾਂ   I",11,6
ਤੁਸੀਂ ਇਸ ਤਰੀਕੇ ਨਾਲ ਟਿਕਟਾਂ ਪਹਿਲਾਂ ਹੀ ਬੁੱਕ ਕਰ ਸਕਦੇ ਹੋ I,ਤੁ ਸੀਂ   ਇ ਸ   ਤ ਰੀ ਕੇ   ਨਾ ਲ   ਟਿ ਕ ਟਾਂ   ਪ ਹਿ ਲਾਂ   ਹੀ   ਬੁ ੱ ਕ   ਕ ਰ   ਸ ਕ ਦੇ   ਹੋ   I,26,12
"ਠੀਕ ਹੈ, ਕਿਹੜੇ ਘੰਟੇ ਸਭ ਤੋਂ ਘੱਟ ਭੀੜ ਵਾਲੇ ਹਨ","ਠੀ ਕ   ਹੈ ,   ਕਿ ਹ ੜ ੇ   ਘ ੰ ਟੇ   ਸ ਭ   ਤੋਂ   ਘ ੱ ਟ   ਭੀ ੜ   ਵਾ ਲੇ   ਹ ਨ",23,10
ਮੇਰੀ ਸਹਿਲੀਆ ਤੇ ਮੈਂ ਇੱਕ ਦਸਤਾਵੇਜ਼ੀ ਦੀ ਸ਼ੂਟਿੰਗ ਕਰਨ ਕੁਤੁਬ ਮਿਨਾਰ ਦੇਖਣਾ ਚਾਉਂਦੇ ਹਾਂ I,ਮੇ ਰੀ   ਸ ਹਿ ਲੀ ਆ   ਤੇ   ਮੈਂ   ਇ ੱ ਕ   ਦ ਸ ਤਾ ਵੇ ਜ ਼ ੀ   ਦੀ   ਸ ਼ ੂ ਟਿ ੰ ਗ   ਕ ਰ ਨ   ਕੁ ਤੁ ਬ   ਮਿ ਨਾ ਰ   ਦੇ ਖ ਣਾ   ਚਾ ਉ ਂ ਦੇ   ਹਾਂ   I,43,15
"ਸੋ, ਵਧਿਆਂ ਹੋਵੇਗਾ ਜੇਕਰ ਅਸੀਂ ਭੀੜ ਤੋਂ ਬੱਚ ਸਕਦੇ ਹਾਂ I","ਸੋ ,   ਵ ਧਿ ਆ ਂ   ਹੋ ਵੇ ਗਾ   ਜੇ ਕ ਰ   ਅ ਸੀਂ   ਭੀ ੜ   ਤੋਂ   ਬ ੱ ਚ   ਸ ਕ ਦੇ   ਹਾਂ   I",25,11
ਇਹ ਸਮਾਰਕ ਜ਼ਿਆਦਾਤਰ ਵਿਅਸਤ ਹੀ ਹੁੰਦਾ ਹੈ ਖ਼ਾਸ ਕਰ ਕੇ ਨਵੰਬਰ ਤੋਂ ਮਾਰਚ ਤੱਕ ਕਿਉਂਕਿ ਓਦੋਂ ਇਹ ਵੇਖਣ ਲਈ ਸਭ ਤੋਂ ਵਧੀਆ ਸਮੇਂ ਹੈ,ਇ ਹ   ਸ ਮਾ ਰ ਕ   ਜ਼ ਿ ਆ ਦਾ ਤ ਰ   ਵਿ ਅ ਸ ਤ   ਹੀ   ਹੁ ੰ ਦਾ   ਹੈ   ਖ਼ ਾ ਸ   ਕ ਰ   ਕੇ   ਨ ਵ ੰ ਬ ਰ   ਤੋਂ   ਮਾ ਰ ਚ   ਤ ੱ ਕ   ਕਿ ਉ ਂ ਕਿ   ਓ ਦੋਂ   ਇ ਹ   ਵੇ ਖ ਣ   ਲ ਈ   ਸ ਭ   ਤੋਂ   ਵ ਧੀ ਆ   ਸ ਮੇਂ   ਹੈ,61,24
ਕੋਵਿਡ ਕਾਰਣ ਭੀੜਾਂ ਥੋੜੀਆਂ ਘੱਟ ਹੋਈਆਂ ਹਨ ਇਸਲਈ ਜੇ ਤੁਸੀਂ ਤੜਕੇ ਆਉਂਦੇ ਹੋ ਤਾਂ ਆਰਮ ਨਾਲ ਸ਼ੂਟਿੰਗ ਕਰ ਸਕਦੇ ਹੋ I,ਕੋ ਵਿ ਡ   ਕਾ ਰ ਣ   ਭੀ ੜ ਾ ਂ   ਥੋ ੜ ੀ ਆ ਂ   ਘ ੱ ਟ   ਹੋ ਈ ਆ ਂ   ਹ ਨ   ਇ ਸ ਲ ਈ   ਜੇ   ਤੁ ਸੀਂ   ਤ ੜ ਕੇ   ਆ ਉ ਂ ਦੇ   ਹੋ   ਤਾਂ   ਆ ਰ ਮ   ਨਾ ਲ   ਸ਼ੂ ਟਿ ੰ ਗ   ਕ ਰ   ਸ ਕ ਦੇ   ਹੋ   I,56,21
"ਠੀਕ ਹੈ, ਸਵੇਰੇ ਜਲਦੀ, ਮੈਂ ਇਸ ਗੱਲ ਨੂੰ ਦਿਮਾਗ ਵਿੱਚ ਰੱਖਾਂਗੀ I","ਠੀ ਕ   ਹੈ ,   ਸ ਵੇ ਰੇ   ਜ ਲ ਦੀ ,   ਮੈਂ   ਇ ਸ   ਗ ੱ ਲ   ਨੂ ੰ   ਦਿ ਮਾ ਗ   ਵਿ ੱ ਚ   ਰ ੱ ਖਾਂ ਗੀ   I",30,12
ਕਿ ਅਸੀਂ ਮਿਨਾਰ ਦੇ ਉੱਪਰ ਚੱੜ ਸਕਦੇ ਹਾਂ,ਕਿ   ਅ ਸੀਂ   ਮਿ ਨਾ ਰ   ਦੇ   ਉ ੱ ਪ ਰ   ਚ ੱ ੜ   ਸ ਕ ਦੇ   ਹਾਂ,18,8
ਜੇਕਰ ਅਸੀਂ ਆਪਣੀ ਡਾਕੂਮੈਂਟਰੀ ਲਈ ਮੀਨਾਰ ਦੇ ਸਿਖਰ ਤੋਂ ਲਏ ਦ੍ਰਿਸ਼ ਨੂੰ ਸ਼ਾਮਲ ਕਰ ਸਕੀਏ ਤਾਂ ਕਮਾਲ ਹੀ ਹੋ ਜਾਊਗਾ I,ਜੇ ਕ ਰ   ਅ ਸੀਂ   ਆ ਪ ਣੀ   ਡਾ ਕੂ ਮੈਂ ਟ ਰੀ   ਲ ਈ   ਮੀ ਨਾ ਰ   ਦੇ   ਸਿ ਖ ਰ   ਤੋਂ   ਲ ਏ   ਦ੍ਰਿ ਸ ਼   ਨੂ ੰ   ਸ ਼ ਾ ਮ ਲ   ਕ ਰ   ਸ ਕੀ ਏ   ਤਾਂ   ਕ ਮਾ ਲ   ਹੀ   ਹੋ   ਜਾ ਊ ਗਾ   I,50,21
ਇਹ ਪਹਿਲਾਂ ਸੰਭਵ ਸੀ ਪਰ ਕੁੱਛ ਸਮੇਂ ਪਹਿਲਾਂ ਹੋਏ ਇੱਕ ਹਾਦਸੇ ਕਾਰਣ ਹੁਣ ਇਸ ਤੇ ਰੋਕ ਲਾ ਦਿੱਤੀ ਗਈ ਹੈ I,ਇ ਹ   ਪ ਹਿ ਲਾਂ   ਸ ੰ ਭ ਵ   ਸੀ   ਪ ਰ   ਕੁ ੱ ਛ   ਸ ਮੇਂ   ਪ ਹਿ ਲਾਂ   ਹੋ ਏ   ਇ ੱ ਕ   ਹਾ ਦ ਸੇ   ਕਾ ਰ ਣ   ਹੁ ਣ   ਇ ਸ   ਤੇ   ਰੋ ਕ   ਲਾ   ਦਿ ੱ ਤੀ   ਗ ਈ   ਹੈ   I,46,21
ਮੈਨੂੰ ਉਮੀਦ ਹੈ ਕਿ ਤੁਹਾਨੂੰ ਬਾਹਰੋਂ ਹੀ ਮੀਨਾਰ ਦੇ ਲਈ ਖੂਬਸੂਰਤ ਦ੍ਰਿਸ਼ ਮਿਲ ਜਾਣਗੇ I,ਮੈ ਨੂ ੰ   ਉ ਮੀ ਦ   ਹੈ   ਕਿ   ਤੁ ਹਾ ਨੂ ੰ   ਬਾ ਹ ਰੋਂ   ਹੀ   ਮੀ ਨਾ ਰ   ਦੇ   ਲ ਈ   ਖੂ ਬ ਸੂ ਰ ਤ   ਦ੍ਰਿ ਸ ਼   ਮਿ ਲ   ਜਾ ਣ ਗੇ   I,36,15
"ਓਹ, ਇਹ ਨਿਰਾਸ਼ਾਜਨਕ ਹੈ","ਓ ਹ ,   ਇ ਹ   ਨਿ ਰਾ ਸ ਼ ਾ ਜ ਨ ਕ   ਹੈ",14,4
ਪਰ ਹੁਣ ਹੋ ਹੈ ਉਸੇ ਨਾਲ ਕੰਮ ਚਲਾਵਾਂਗੇ I,ਪ ਰ   ਹੁ ਣ   ਹੋ   ਹੈ   ਉ ਸੇ   ਨਾ ਲ   ਕ ੰ ਮ   ਚ ਲਾ ਵਾਂ ਗੇ   I,18,9
"ਉੱਥੇ ਕੈਮਰੇ ਦਾ ਉਪਯੋਗ ਤਾਂ ਕਰ ਸਕਦੇ ਹਾਂ, ਨਾ","ਉ ੱ ਥੇ   ਕੈ ਮ ਰੇ   ਦਾ   ਉ ਪ ਯੋ ਗ   ਤਾਂ   ਕ ਰ   ਸ ਕ ਦੇ   ਹਾਂ ,   ਨਾ",20,9
"ਹਾਂ, ਜ਼ਰੂਰ, ਕੈਮਰੇ ਉਪਯੋਗ ਕਰਨ ਦੀ ਇਜਾਜ਼ਤ ਹੈ","ਹਾਂ ,   ਜ਼ ਰੂ ਰ ,   ਕੈ ਮ ਰੇ   ਉ ਪ ਯੋ ਗ   ਕ ਰ ਨ   ਦੀ   ਇ ਜਾ ਜ ਼ ਤ   ਹੈ",23,8
"ਸਤ ਸ਼੍ਰੀ ਅਕਾਲ, ਤੁਹਾਡਾ ਮਹਾਰਾਸ਼ਟਰ ਦਾ ਦੌਰਾ ਕਿਹੋ ਜਿਹਾ ਰਿਹਾ","ਸ ਤ   ਸ਼੍ਰੀ   ਅ ਕਾ ਲ ,   ਤੁ ਹਾ ਡਾ   ਮ ਹਾ ਰਾ ਸ ਼ ਟ ਰ   ਦਾ   ਦੌ ਰਾ   ਕਿ ਹੋ   ਜਿ ਹਾ   ਰਿ ਹਾ",26,10
"ਸਤ ਸ਼੍ਰੀ ਅਕਾਲ, ਬਹੁਤ ਵਧੀਆ ਸੀ I","ਸ ਤ   ਸ਼੍ਰੀ   ਅ ਕਾ ਲ ,   ਬ ਹੁ ਤ   ਵ ਧੀ ਆ   ਸੀ   I",15,7
ਮੈਂ ਬਹੁਤ ਸਾਰੀਆਂ ਥਾਵਾਂ ਘੂਮੀਆ ਅਤੇ ਸਥਾਨਕ ਭੋਜਨ ਤੋਂ ਲੈ ਕੇ ਕੁਝ ਜਾਣੀਆਂ-ਪਛਾਣੀਆਂ ਥਾਵਾਂ ਤੱਕ ਬਹੁਤ ਕੁੱਛ ਘੂਮੀਆ I,ਮੈਂ   ਬ ਹੁ ਤ   ਸਾ ਰੀ ਆ ਂ   ਥਾ ਵਾਂ   ਘੂ ਮੀ ਆ   ਅ ਤੇ   ਸ ਥਾ ਨ ਕ   ਭੋ ਜ ਨ   ਤੋਂ   ਲੈ   ਕੇ   ਕੁ ਝ   ਜਾ ਣੀ ਆ ਂ - ਪ ਛਾ ਣੀ ਆ ਂ   ਥਾ ਵਾਂ   ਤ ੱ ਕ   ਬ ਹੁ ਤ   ਕੁ ੱ ਛ   ਘੂ ਮੀ ਆ   I,52,19
"ਤੁਹਾਨੂੰ ਮੈਨੂੰ ਸਭ ਕੁਝ ਦੱਸਣਾ ਪਏਗਾ, ਆਖ਼ਰਕਾਰ, ਤੁਸੀਂ ਮੈਨੂੰ ਇੱਥੇ ਛੱਡ ਕੇ ਹਫ਼ਤੇ ਭਰ ਦੀ ਯਾਤਰਾ ਲਈ ਇਕੱਲੇ ਚਲੇ ਗਏ ਸੀ","ਤੁ ਹਾ ਨੂ ੰ   ਮੈ ਨੂ ੰ   ਸ ਭ   ਕੁ ਝ   ਦ ੱ ਸ ਣਾ   ਪ ਏ ਗਾ ,   ਆ ਖ ਼ ਰ ਕਾ ਰ ,   ਤੁ ਸੀਂ   ਮੈ ਨੂ ੰ   ਇ ੱ ਥੇ   ਛ ੱ ਡ   ਕੇ   ਹ ਫ ਼ ਤੇ   ਭ ਰ   ਦੀ   ਯਾ ਤ ਰਾ   ਲ ਈ   ਇ ਕ ੱ ਲੇ   ਚ ਲੇ   ਗ ਏ   ਸੀ",59,21
"ਤੁਹਾਨੂੰ ਮੈਨੂੰ ਸਭ ਕੁਝ ਦੱਸਣਾ ਪਏਗਾ, ਆਖ਼ਰਕਾਰ, ਤੁਸੀਂ ਮੈਨੂੰ ਇੱਥੇ ਛੱਡ ਕੇ ਹਫ਼ਤੇ ਭਰ ਦੀ ਯਾਤਰਾ ਲਈ ਇਕੱਲੇ ਚਲੇ ਗਏ ਸੀ","ਤੁ ਹਾ ਨੂ ੰ   ਮੈ ਨੂ ੰ   ਸ ਭ   ਕੁ ਝ   ਦ ੱ ਸ ਣਾ   ਪ ਏ ਗਾ ,   ਆ ਖ ਼ ਰ ਕਾ ਰ ,   ਤੁ ਸੀਂ   ਮੈ ਨੂ ੰ   ਇ ੱ ਥੇ   ਛ ੱ ਡ   ਕੇ   ਹ ਫ ਼ ਤੇ   ਭ ਰ   ਦੀ   ਯਾ ਤ ਰਾ   ਲ ਈ   ਇ ਕ ੱ ਲੇ   ਚ ਲੇ   ਗ ਏ   ਸੀ",59,21
ਤੁਹਾਨੂੰ ਵੀ ਮਹਾਰਾਸ਼ਟਰ ਦੀ ਸੈਰ ਜ਼ਰੂਰ ਕਰਨੀ ਚਾਹੀਦੀ ਹੈ I,ਤੁ ਹਾ ਨੂ ੰ   ਵੀ   ਮ ਹਾ ਰਾ ਸ ਼ ਟ ਰ   ਦੀ   ਸੈ ਰ   ਜ ਼ ਰੂ ਰ   ਕ ਰ ਨੀ   ਚਾ ਹੀ ਦੀ   ਹੈ   I,27,10
"ਇੱਥੇ ਬਹੁਤ ਸਾਰੀਆਂ ਥਾਵਾਂ ਹਨ ਜਿੱਥੇ ਤੁਸੀਂ ਜਾ ਸਕਦੇ ਹੋ, ਅਤੇ ਖਾਸ ਕਰਕੇ ਜੇਕਰ ਤੁਸੀਂ ਇਤਿਹਾਸਕ ਸਥਾਨਾਂ ਵਿੱਚ ਦਿਲਚਸਪੀ ਰਖਦੇ ਹੋ I","ਇ ੱ ਥੇ   ਬ ਹੁ ਤ   ਸਾ ਰੀ ਆ ਂ   ਥਾ ਵਾਂ   ਹ ਨ   ਜਿ ੱ ਥੇ   ਤੁ ਸੀਂ   ਜਾ   ਸ ਕ ਦੇ   ਹੋ ,   ਅ ਤੇ   ਖਾ ਸ   ਕ ਰ ਕੇ   ਜੇ ਕ ਰ   ਤੁ ਸੀਂ   ਇ ਤਿ ਹਾ ਸ ਕ   ਸ ਥਾ ਨਾਂ   ਵਿ ੱ ਚ   ਦਿ ਲ ਚ ਸ ਪੀ   ਰ ਖ ਦੇ   ਹੋ   I",58,22
"ਹਾਂ, ਮੈਂ ਮਹਾਰਾਸ਼ਟਰ ਦੀ ਇਤਿਹਾਸਕ ਵਿਰਾਸਤ ਬਾਰੇ ਬਹੁਤ ਕੁਝ ਸੁਣਿਆ ਹੈ","ਹਾਂ ,   ਮੈਂ   ਮ ਹਾ ਰਾ ਸ ਼ ਟ ਰ   ਦੀ   ਇ ਤਿ ਹਾ ਸ ਕ   ਵਿ ਰਾ ਸ ਤ   ਬਾ ਰੇ   ਬ ਹੁ ਤ   ਕੁ ਝ   ਸੁ ਣਿ ਆ   ਹੈ",31,11
ਕੀ ਤੁਸੀਂ ਔਰੰਗਾਬਾਦ ਵੀ ਗਏ ਸੀ,ਕੀ   ਤੁ ਸੀਂ   ਔ ਰ ੰ ਗਾ ਬਾ ਦ   ਵੀ   ਗ ਏ   ਸੀ,13,6
"ਹੋਰ ਕੀ, ਮੈਂ ਇਸ ਵਾਰ ਉੱਥੇ ਜਾਣ ਦਾ ਮੌਕਾ ਗੁਆਉਣ ਨਹੀਂ ਸਕਦਾ ਸੀ","ਹੋ ਰ   ਕੀ ,   ਮੈਂ   ਇ ਸ   ਵਾ ਰ   ਉ ੱ ਥੇ   ਜਾ ਣ   ਦਾ   ਮੌ ਕਾ   ਗੁ ਆ ਉ ਣ   ਨ ਹੀਂ   ਸ ਕ ਦਾ   ਸੀ",27,13
ਮੈਂ ਇਹਨਾਂ ਸਥਾਨਾਂ ਬਾਰੇ ਪਹਿਲਾਂ ਹੀ ਬਹੁਤ ਕੁਝ ਪੜ੍ਹ ਚੁੱਕਾ ਸੀ ਅਤੇ ਪਿਛਲੀ ਵਾਰ ਔਰੰਗਾਬਾਦ ਜਾਣ ਲਈ ਮੇਰੇ ਕੋਲ ਸਮੇਂ ਨਹੀਂ ਸੀ,ਮੈਂ   ਇ ਹ ਨਾਂ   ਸ ਥਾ ਨਾਂ   ਬਾ ਰੇ   ਪ ਹਿ ਲਾਂ   ਹੀ   ਬ ਹੁ ਤ   ਕੁ ਝ   ਪ ੜ ੍ ਹ   ਚੁ ੱ ਕਾ   ਸੀ   ਅ ਤੇ   ਪਿ ਛ ਲੀ   ਵਾ ਰ   ਔ ਰ ੰ ਗਾ ਬਾ ਦ   ਜਾ ਣ   ਲ ਈ   ਮੇ ਰੇ   ਕੋ ਲ   ਸ ਮੇਂ   ਨ ਹੀਂ   ਸੀ,52,22
ਤੁਸੀਂ ਉੱਥੇ ਕਿੰਨੇ ਦਿਨ ਬਿਤਾਏ ਅਤੇ ਕੀ ਕੁੱਛ ਦੇਖਿਆ,ਤੁ ਸੀਂ   ਉ ੱ ਥੇ   ਕਿ ੰ ਨੇ   ਦਿ ਨ   ਬਿ ਤਾ ਏ   ਅ ਤੇ   ਕੀ   ਕੁ ੱ ਛ   ਦੇ ਖਿ ਆ,22,9
ਇਸ ਵਾਰ ਮੈਂ ਉੱਥੇ ਲਗਭਗ 10 ਦਿਨਾਂ ਲਈ ਸੀ ਇਸ ਲਈ ਮੇਰੇ ਕੋਲ ਕਾਫ਼ੀ ਸਮਾਂ ਸੀ,ਇ ਸ   ਵਾ ਰ   ਮੈਂ   ਉ ੱ ਥੇ   ਲ ਗ ਭ ਗ   1 0   ਦਿ ਨਾਂ   ਲ ਈ   ਸੀ   ਇ ਸ   ਲ ਈ   ਮੇ ਰੇ   ਕੋ ਲ   ਕਾ ਫ ਼ ੀ   ਸ ਮਾਂ   ਸੀ,34,16
ਮੈਂ ਮਸ਼ਹੂਰ ਅਜੰਤਾ ਅਤੇ ਐਲੋਰਾ ਗੁਫਾਵਾਂ ਦਾ ਦੌਰਾ ਕੀਤਾ,ਮੈਂ   ਮ ਸ ਼ ਹੂ ਰ   ਅ ਜ ੰ ਤਾ   ਅ ਤੇ   ਐ ਲੋ ਰਾ   ਗੁ ਫਾ ਵਾਂ   ਦਾ   ਦੌ ਰਾ   ਕੀ ਤਾ,23,9
"ਅਜੰਤਾ ਗੁਫਾਵਾਂ, ਔਰੰਗਾਬਾਦ ਦੇ ਸਭ ਤੋਂ ਪੁਰਾਣੇ ਇਤਿਹਾਸਕ ਸਥਾਨਾਂ ਵਿੱਚੋਂ ਇੱਕ, ਆਪਣੀਆਂ ਗੁਫਾ ਚਿੱਤਰਾਂ ਅਤੇ ਬੋਧੀ ਮੂਰਤੀਆਂ ਲਈ ਪ੍ਰਸਿੱਧ ਹਨ","ਅ ਜ ੰ ਤਾ   ਗੁ ਫਾ ਵਾਂ ,   ਔ ਰ ੰ ਗਾ ਬਾ ਦ   ਦੇ   ਸ ਭ   ਤੋਂ   ਪੁ ਰਾ ਣੇ   ਇ ਤਿ ਹਾ ਸ ਕ   ਸ ਥਾ ਨਾਂ   ਵਿ ੱ ਚੋਂ   ਇ ੱ ਕ ,   ਆ ਪ ਣੀ ਆ ਂ   ਗੁ ਫਾ   ਚਿ ੱ ਤ ਰਾਂ   ਅ ਤੇ   ਬੋ ਧੀ   ਮੂ ਰ ਤੀ ਆ ਂ   ਲ ਈ   ਪ੍ਰ ਸਿ ੱ ਧ   ਹ ਨ",64,20
"ਇਹ ਹਰੇ ਭਰੇ ਸੁੰਦਰ ਪਹਾੜੀਆਂ ਨਾਲ ਘਿਰਿਆ ਹੋਇਆ ਹੈ, ਇਹ ਗੁਫਾਵਾਂ ਸ਼ਾਨਦਾਰ ਭਾਰਤੀ ਆਰਕੀਟੈਕਚਰ ਨੂੰ ਪ੍ਰਦਰਸ਼ਿਤ ਕਰਦੀਆਂ ਹਨ","ਇ ਹ   ਹ ਰੇ   ਭ ਰੇ   ਸੁ ੰ ਦ ਰ   ਪ ਹਾ ੜ ੀ ਆ ਂ   ਨਾ ਲ   ਘਿ ਰਿ ਆ   ਹੋ ਇ ਆ   ਹੈ ,   ਇ ਹ   ਗੁ ਫਾ ਵਾਂ   ਸ ਼ ਾ ਨ ਦਾ ਰ   ਭਾ ਰ ਤੀ   ਆ ਰ ਕੀ ਟੈ ਕ ਚ ਰ   ਨੂ ੰ   ਪ੍ਰ ਦ ਰ ਸ ਼ ਿ ਤ   ਕ ਰ ਦੀ ਆ ਂ   ਹ ਨ",63,18
ਐਲੋਰਾ ਗੁਫਾਵਾਂ ਨੂੰ ਦੁਨੀਆ ਦੀਆਂ ਸਭ ਤੋਂ ਵੱਡੀਆਂ ਚੱਟਾਨਾਂ ਦੀਆਂ ਗੁਫਾਵਾਂ ਵਿੱਚੋਂ ਇੱਕ ਮੰਨਿਆ ਜਾਂਦਾ ਹੈ,ਐ ਲੋ ਰਾ   ਗੁ ਫਾ ਵਾਂ   ਨੂ ੰ   ਦੁ ਨੀ ਆ   ਦੀ ਆ ਂ   ਸ ਭ   ਤੋਂ   ਵ ੱ ਡੀ ਆ ਂ   ਚ ੱ ਟਾ ਨਾਂ   ਦੀ ਆ ਂ   ਗੁ ਫਾ ਵਾਂ   ਵਿ ੱ ਚੋਂ   ਇ ੱ ਕ   ਮ ੰ ਨਿ ਆ   ਜਾਂ ਦਾ   ਹੈ,45,16
"ਉਹ 600 ਅਤੇ 1000 CE ਦੇ ਵਿਚਕਾਰ ਬਣਾਏ ਗਏ ਹਨ, ਏਲੋਰਾ ਗੁਫਾਵਾਂ ਵਿੱਚ 100 ਹਿੰਦੂ, ਜੈਨ ਅਤੇ ਬੋਧੀ ਗੁਫਾਵਾਂ ਹਨ, ਜਿਨ੍ਹਾਂ ਵਿੱਚੋਂ 34 ਸੈਲਾਨੀਆਂ ਲਈ ਖੁੱਲ੍ਹੀਆਂ ਹਨ","ਉ ਹ   6 0 0   ਅ ਤੇ   1 0 0 0   C E   ਦੇ   ਵਿ ਚ ਕਾ ਰ   ਬ ਣਾ ਏ   ਗ ਏ   ਹ ਨ ,   ਏ ਲੋ ਰਾ   ਗੁ ਫਾ ਵਾਂ   ਵਿ ੱ ਚ   1 0 0   ਹਿ ੰ ਦੂ ,   ਜੈ ਨ   ਅ ਤੇ   ਬੋ ਧੀ   ਗੁ ਫਾ ਵਾਂ   ਹ ਨ ,   ਜਿ ਨ੍ਹਾਂ   ਵਿ ੱ ਚੋਂ   3 4   ਸੈ ਲਾ ਨੀ ਆ ਂ   ਲ ਈ   ਖੁ ੱ ਲ੍ਹੀ ਆ ਂ   ਹ ਨ",75,27
ਕੀ ਤੁਸੀਂ ਕੈਲਾਸਨਾਥ ਮੰਦਰ ਦੇਖਿਆ ਸੀ,ਕੀ   ਤੁ ਸੀਂ   ਕੈ ਲਾ ਸ ਨਾ ਥ   ਮ ੰ ਦ ਰ   ਦੇ ਖਿ ਆ   ਸੀ,16,6
ਮੈਂ ਸੁਣਿਆ ਹੈ ਕਿ ਓਹ ਸਭ ਤੋਂ ਵੱਡਾ ਚੱਟਾਨ-ਕੱਟ ਮੋਨੋਲਿਥਿਕ ਮੰਦਰ ਹੈ,ਮੈਂ   ਸੁ ਣਿ ਆ   ਹੈ   ਕਿ   ਓ ਹ   ਸ ਭ   ਤੋਂ   ਵ ੱ ਡਾ   ਚ ੱ ਟਾ ਨ - ਕ ੱ ਟ   ਮੋ ਨੋ ਲਿ ਥਿ ਕ   ਮ ੰ ਦ ਰ   ਹੈ,32,12
"ਕੈਲਾਸਨਾਥ ਇੱਕ ਸ਼ਾਨਦਾਰ ਗੁਫਾ ਮੰਦਰ ਹੈ, ਜੋ ਕਿ ਏਲੋਰਾ ਦੀਆਂ 34 ਪ੍ਰਾਚੀਨ ਗੁਫਾਵਾਂ ਵਿੱਚੋਂ ਇੱਕ ਹੈ","ਕੈ ਲਾ ਸ ਨਾ ਥ   ਇ ੱ ਕ   ਸ ਼ ਾ ਨ ਦਾ ਰ   ਗੁ ਫਾ   ਮ ੰ ਦ ਰ   ਹੈ ,   ਜੋ   ਕਿ   ਏ ਲੋ ਰਾ   ਦੀ ਆ ਂ   3 4   ਪ੍ਰਾ ਚੀ ਨ   ਗੁ ਫਾ ਵਾਂ   ਵਿ ੱ ਚੋਂ   ਇ ੱ ਕ   ਹੈ",45,16
"ਏਲੋਰਾ ਗੁਫਾਵਾਂ ਦੀ 16 ਵੀਂ ਗੁਫਾ, ਕੈਲਾਸਨਾਥ ਰਾਸ਼ਟਰਕੁਟ ਰਾਜਵੰਸ਼ ਦੇ ਦੌਰਾਨ ਬਣੀ ਇੱਕ ਅਖੰਡ ਢਾਂਚਾ ਹੈ ਅਤੇ ਭਗਵਾਨ ਸ਼ਿਵ ਨੂੰ ਸਮਰਪਿਤ ਹੈ","ਏ ਲੋ ਰਾ   ਗੁ ਫਾ ਵਾਂ   ਦੀ   1 6   ਵੀਂ   ਗੁ ਫਾ ,   ਕੈ ਲਾ ਸ ਨਾ ਥ   ਰਾ ਸ ਼ ਟ ਰ ਕੁ ਟ   ਰਾ ਜ ਵ ੰ ਸ ਼   ਦੇ   ਦੌ ਰਾ ਨ   ਬ ਣੀ   ਇ ੱ ਕ   ਅ ਖ ੰ ਡ   ਢਾਂ ਚਾ   ਹੈ   ਅ ਤੇ   ਭ ਗ ਵਾ ਨ   ਸ ਼ ਿ ਵ   ਨੂ ੰ   ਸ ਮ ਰ ਪਿ ਤ   ਹੈ",65,22
ਤੁਹਾਡਾ ਮਤਲਬ ਹੈ ਕਿ ਇਹ ਦ੍ਰਾਵਿੜ ਆਰਕੀਟੈਕਚਰ ਹੈ,ਤੁ ਹਾ ਡਾ   ਮ ਤ ਲ ਬ   ਹੈ   ਕਿ   ਇ ਹ   ਦ੍ਰਾ ਵਿ ੜ   ਆ ਰ ਕੀ ਟੈ ਕ ਚ ਰ   ਹੈ,22,8
ਇਹ ਪੂਰੀ ਤਰ੍ਹਾਂ ਦ੍ਰਵਿੜ ਆਰਕੀਟੈਕਚਰ ਵਿੱਚ ਬਣਿਆ ਹੋਈਆਂ ਹੈ,ਇ ਹ   ਪੂ ਰੀ   ਤ ਰ੍ਹਾਂ   ਦ੍ਰ ਵਿ ੜ   ਆ ਰ ਕੀ ਟੈ ਕ ਚ ਰ   ਵਿ ੱ ਚ   ਬ ਣਿ ਆ   ਹੋ ਈ ਆ ਂ   ਹੈ,27,9
"ਇਹ ਮਸ਼ਹੂਰ ਅਜੰਤਾ ਗੁਫਾਵਾਂ ਦਾ ਹਿੱਸਾ ਹੈ, ਕੁੱਲ 29 ਚੱਟਾਨਾਂ ਨਾਲ ਕੱਟੀਆਂ ਗਈਆਂ ਬੋਧੀ ਗੁਫਾਵਾਂ ਹਨ ਜੋ ਸ਼ਾਂਤੀ ਅਤੇ ਸਹਿਜਤਾ ਨੂੰ ਦਰਸਾਉਂਦੀਆਂ ਹਨ, ਜੋ ਕਿ ਦੂਜੀ ਸਦੀ ਈਸਵੀ ਪੂਰਵ ਦੀਆਂ ਹਨ ਅਤੇ ਇਸ ਵਿੱਚ ਮੱਠ ਅਤੇ ਚੈਤਿਆ ਗ੍ਰਹਿ ਹਨ","ਇ ਹ   ਮ ਸ ਼ ਹੂ ਰ   ਅ ਜ ੰ ਤਾ   ਗੁ ਫਾ ਵਾਂ   ਦਾ   ਹਿ ੱ ਸਾ   ਹੈ ,   ਕੁ ੱ ਲ   2 9   ਚ ੱ ਟਾ ਨਾਂ   ਨਾ ਲ   ਕ ੱ ਟੀ ਆ ਂ   ਗ ਈ ਆ ਂ   ਬੋ ਧੀ   ਗੁ ਫਾ ਵਾਂ   ਹ ਨ   ਜੋ   ਸ ਼ ਾ ਂ ਤੀ   ਅ ਤੇ   ਸ ਹਿ ਜ ਤਾ   ਨੂ ੰ   ਦ ਰ ਸਾ ਉ ਂ ਦੀ ਆ ਂ   ਹ ਨ ,   ਜੋ   ਕਿ   ਦੂ ਜੀ   ਸ ਦੀ   ਈ ਸ ਵੀ   ਪੂ ਰ ਵ   ਦੀ ਆ ਂ   ਹ ਨ   ਅ ਤੇ   ਇ ਸ   ਵਿ ੱ ਚ   ਮ ੱ ਠ   ਅ ਤੇ   ਚੈ ਤਿ ਆ   ਗ੍ਰ ਹਿ   ਹ ਨ",108,39
ਗੁਫਾਵਾਂ ਦੀਆਂ ਕੰਧਾਂ ਸੁੰਦਰ ਕੰਧ-ਚਿੱਤਰਾਂ ਅਤੇ ਪ੍ਰਭਾਵਸ਼ਾਲੀ ਮੂਰਤੀਆਂ ਨਾਲ ਸਜੀਆਂ ਹੋਈਆਂ ਹਨ ਜੋ ਗੌਤਮ ਬੁੱਧ ਦੇ ਜੀਵਨ ਬਾਰੇ ਦੱਸਦੀਆਂ ਹਨ,ਗੁ ਫਾ ਵਾਂ   ਦੀ ਆ ਂ   ਕ ੰ ਧਾਂ   ਸੁ ੰ ਦ ਰ   ਕ ੰ ਧ - ਚਿ ੱ ਤ ਰਾਂ   ਅ ਤੇ   ਪ੍ਰ ਭਾ ਵ ਸ ਼ ਾ ਲੀ   ਮੂ ਰ ਤੀ ਆ ਂ   ਨਾ ਲ   ਸ ਜੀ ਆ ਂ   ਹੋ ਈ ਆ ਂ   ਹ ਨ   ਜੋ   ਗੌ ਤ ਮ   ਬੁ ੱ ਧ   ਦੇ   ਜੀ ਵ ਨ   ਬਾ ਰੇ   ਦ ੱ ਸ ਦੀ ਆ ਂ   ਹ ਨ,68,20
ਇਹ ਸੱਚ ਹੈ ਕਿ ਬੋਧੀ ਆਰਕੀਟੈਕਚਰ ਉਪ ਮਹਾਂਦੀਪ ਦੀਆਂ ਸਭ ਤੋਂ ਪੁਰਾਣੀਆਂ ਪ੍ਰਾਪਤੀਆਂ ਵਿੱਚੋਂ ਇੱਕ ਹੈ,ਇ ਹ   ਸ ੱ ਚ   ਹੈ   ਕਿ   ਬੋ ਧੀ   ਆ ਰ ਕੀ ਟੈ ਕ ਚ ਰ   ਉ ਪ   ਮ ਹਾਂ ਦੀ ਪ   ਦੀ ਆ ਂ   ਸ ਭ   ਤੋਂ   ਪੁ ਰਾ ਣੀ ਆ ਂ   ਪ੍ਰਾ ਪ ਤੀ ਆ ਂ   ਵਿ ੱ ਚੋਂ   ਇ ੱ ਕ   ਹੈ,45,16
ਉਥੇ ਇਸਲਾਮੀ ਆਰਕੀਟੈਕਚਰ ਕਿਹੋ ਜਿਹਾ ਹੈ,ਉ ਥੇ   ਇ ਸ ਲਾ ਮੀ   ਆ ਰ ਕੀ ਟੈ ਕ ਚ ਰ   ਕਿ ਹੋ   ਜਿ ਹਾ   ਹੈ,18,6
"ਤੁਹਾਨੂੰ ਜ਼ਰੂਰ ਜਾਮਾ ਮਸਜਿਦ ਦਾ ਦੌਰਾ ਕਰਨਾ ਚਾਹੀਦਾ ਹੈ, ਜੋ ਅਧਿਆਤਮਿਕ ਤੌਰ ਤੇ ਮਹੱਤਵਪੂਰਨ ਔਰੰਗਾਬਾਦ ਸਮਾਰਕਾਂ ਵਿੱਚੋਂ ਇੱਕ ਹੈ ਅਤੇ ਇਸਦੀ ਅਸਾਧਾਰਣ ਆਰਕੀਟੈਕਚਰ ਲਈ ਮਸ਼ਹੂਰ ਹੈ","ਤੁ ਹਾ ਨੂ ੰ   ਜ਼ ਰੂ ਰ   ਜਾ ਮਾ   ਮ ਸ ਜਿ ਦ   ਦਾ   ਦੌ ਰਾ   ਕ ਰ ਨਾ   ਚਾ ਹੀ ਦਾ   ਹੈ ,   ਜੋ   ਅ ਧਿ ਆ ਤ ਮਿ ਕ   ਤੌ ਰ   ਤੇ   ਮ ਹ ੱ ਤ ਵ ਪੂ ਰ ਨ   ਔ ਰ ੰ ਗਾ ਬਾ ਦ   ਸ ਮਾ ਰ ਕਾਂ   ਵਿ ੱ ਚੋਂ   ਇ ੱ ਕ   ਹੈ   ਅ ਤੇ   ਇ ਸ ਦੀ   ਅ ਸਾ ਧਾ ਰ ਣ   ਆ ਰ ਕੀ ਟੈ ਕ ਚ ਰ   ਲ ਈ   ਮ ਸ ਼ ਹੂ ਰ   ਹੈ",84,26
"ਇਸ ਇਸਲਾਮੀ ਅਸਥਾਨ ਵਿੱਚ ਕੁੱਲ 50 ਬਹੁਭੁਜ ਥੰਮ੍ਹ, ਉੱਚੀਆਂ ਮੀਨਾਰਾਂ, ਅਤੇ ਅਦਭੁਤ ਕਤਾਰਾਂ ਹਨ","ਇ ਸ   ਇ ਸ ਲਾ ਮੀ   ਅ ਸ ਥਾ ਨ   ਵਿ ੱ ਚ   ਕੁ ੱ ਲ   5 0   ਬ ਹੁ ਭੁ ਜ   ਥ ੰ ਮ੍ਹ ,   ਉ ੱ ਚੀ ਆ ਂ   ਮੀ ਨਾ ਰਾਂ ,   ਅ ਤੇ   ਅ ਦ ਭੁ ਤ   ਕ ਤਾ ਰਾਂ   ਹ ਨ",46,14
"ਕੀ ਤੁਸੀਂ ਔਰੰਗਾਬਾਦ ਦੀਆਂ ਗੁਫਾਵਾਂ ਵੀ ਦੇਖੀਆਂ, ਜੋ ਅਜੰਤਾ ਅਤੇ ਐਲੋਰਾ ਤੋਂ ਥੋੜ੍ਹੀਆਂ ਵੱਖਰੀਆਂ ਹਨ","ਕੀ   ਤੁ ਸੀਂ   ਔ ਰ ੰ ਗਾ ਬਾ ਦ   ਦੀ ਆ ਂ   ਗੁ ਫਾ ਵਾਂ   ਵੀ   ਦੇ ਖੀ ਆ ਂ ,   ਜੋ   ਅ ਜ ੰ ਤਾ   ਅ ਤੇ   ਐ ਲੋ ਰਾ   ਤੋਂ   ਥੋ ੜ ੍ ਹੀ ਆ ਂ   ਵ ੱ ਖ ਰੀ ਆ ਂ   ਹ ਨ",46,15
"ਹਾਂ, 9 ਵੀਂ ਸਦੀ ਈਸਵੀ ਵਿੱਚ ਖੁਦਾਈ ਕੀਤੀ ਗਈ, ਪੰਜ ਪ੍ਰਾਚੀਨ ਜੈਨ ਗੁਫਾਵਾਂ ਦਾ ਇੱਕ ਸਮੂਹ ਪ੍ਰਸਿੱਧ ਏਲੋਰਾ ਗੁਫਾਵਾਂ ਵਿੱਚ ਪਿਆ ਹੈ ਅਤੇ ਔਰੰਗਾਬਾਦ ਦੇ ਸਭ ਤੋਂ ਦਿਲਚਸਪ ਸਮਾਰਕਾਂ ਵਿੱਚੋਂ ਇੱਕ ਹੈ","ਹਾਂ ,   9   ਵੀਂ   ਸ ਦੀ   ਈ ਸ ਵੀ   ਵਿ ੱ ਚ   ਖੁ ਦਾ ਈ   ਕੀ ਤੀ   ਗ ਈ ,   ਪ ੰ ਜ   ਪ੍ਰਾ ਚੀ ਨ   ਜੈ ਨ   ਗੁ ਫਾ ਵਾਂ   ਦਾ   ਇ ੱ ਕ   ਸ ਮੂ ਹ   ਪ੍ਰ ਸਿ ੱ ਧ   ਏ ਲੋ ਰਾ   ਗੁ ਫਾ ਵਾਂ   ਵਿ ੱ ਚ   ਪਿ ਆ   ਹੈ   ਅ ਤੇ   ਔ ਰ ੰ ਗਾ ਬਾ ਦ   ਦੇ   ਸ ਭ   ਤੋਂ   ਦਿ ਲ ਚ ਸ ਪ   ਸ ਮਾ ਰ ਕਾਂ   ਵਿ ੱ ਚੋਂ   ਇ ੱ ਕ   ਹੈ",82,32
"ਪ੍ਰਭਾਵਸ਼ਾਲੀ ਨੱਕਾਸ਼ੀ ਅਤੇ ਪੇਂਟਿੰਗਾਂ ਨੂੰ ਚਮਕਾਉਂਦੀਆਂ, ਇਹ ਗੁਫਾਵਾਂ ਜੈਨ ਧਰਮ ਦੇ ਵਿਸ਼ਵਾਸਾਂ ਅਤੇ ਪ੍ਰਚਾਰ ਦਾ ਜਸ਼ਨ ਮਨਾਉਂਦੀਆਂ ਹਨ","ਪ੍ਰ ਭਾ ਵ ਸ ਼ ਾ ਲੀ   ਨ ੱ ਕਾ ਸ ਼ ੀ   ਅ ਤੇ   ਪੇਂ ਟਿ ੰ ਗਾਂ   ਨੂ ੰ   ਚ ਮ ਕਾ ਉ ਂ ਦੀ ਆ ਂ ,   ਇ ਹ   ਗੁ ਫਾ ਵਾਂ   ਜੈ ਨ   ਧ ਰ ਮ   ਦੇ   ਵਿ ਸ ਼ ਵਾ ਸਾਂ   ਅ ਤੇ   ਪ੍ਰ ਚਾ ਰ   ਦਾ   ਜ ਸ ਼ ਨ   ਮ ਨਾ ਉ ਂ ਦੀ ਆ ਂ   ਹ ਨ",65,18
"ਮੈਨੂੰ ਲੱਗਦਾ ਹੈ ਕਿ ਤੁਸੀਂ ਬੀਬੀ ਕਾ ਮਕਬਰਾ ਜ਼ਰੂਰ ਵੇਖੀਆਂ ਹੋਣਾ ਹੈ, ਜੋ ਕਿ ਤਾਜ ਮਹਿਲ ਦੀ ਪ੍ਰਤੀਰੂਪ ਹੈ","ਮੈ ਨੂ ੰ   ਲ ੱ ਗ ਦਾ   ਹੈ   ਕਿ   ਤੁ ਸੀਂ   ਬੀ ਬੀ   ਕਾ   ਮ ਕ ਬ ਰਾ   ਜ਼ ਰੂ ਰ   ਵੇ ਖੀ ਆ ਂ   ਹੋ ਣਾ   ਹੈ ,   ਜੋ   ਕਿ   ਤਾ ਜ   ਮ ਹਿ ਲ   ਦੀ   ਪ੍ਰ ਤੀ ਰੂ ਪ   ਹੈ",42,19
ਉਸ ਨੂੰ ਮੈਂ ਛੱਡ ਹੀ ਨਹੀਂ ਸਕਦਾ ਸੀ I,ਉ ਸ   ਨੂ ੰ   ਮੈਂ   ਛ ੱ ਡ   ਹੀ   ਨ ਹੀਂ   ਸ ਕ ਦਾ   ਸੀ   I,16,9
ਬੀਬੀ-ਕਾ-ਮਕਬਰਾ ਨੂੰ ਆਖਰੀ ਮੁਗਲ ਸ਼ਾਸਕ ਔਰੰਗਜ਼ੇਬ ਨੇ ਆਪਣੀ ਪਿਆਰੀ ਪਤਨੀ ਦਿਲਰਾਸ ਬਾਨੋ ਬੇਗਮ ਦੀ ਪਿਆਰੀ ਯਾਦ ਵਿੱਚ ਬਣਾਇਆ ਸੀ,ਬੀ ਬੀ - ਕਾ - ਮ ਕ ਬ ਰਾ   ਨੂ ੰ   ਆ ਖ ਰੀ   ਮੁ ਗ ਲ   ਸ ਼ ਾ ਸ ਕ   ਔ ਰ ੰ ਗ ਜ ਼ ੇ ਬ   ਨੇ   ਆ ਪ ਣੀ   ਪਿ ਆ ਰੀ   ਪ ਤ ਨੀ   ਦਿ ਲ ਰਾ ਸ   ਬਾ ਨੋ   ਬੇ ਗ ਮ   ਦੀ   ਪਿ ਆ ਰੀ   ਯਾ ਦ   ਵਿ ੱ ਚ   ਬ ਣਾ ਇ ਆ   ਸੀ,63,19
ਇਸਨੂੰ ਪਿਆਰ ਦਾ ਪ੍ਰਤੀਕ ਅਤੇ ਔਰੰਗਾਬਾਦ ਦੇ ਪ੍ਰਮੁੱਖ ਇਤਿਹਾਸਕ ਸਥਾਨਾਂ ਵਿੱਚੋਂ ਇੱਕ ਮੰਨਿਆ ਜਾਂਦਾ ਹੈ,ਇ ਸ ਨੂ ੰ   ਪਿ ਆ ਰ   ਦਾ   ਪ੍ਰ ਤੀ ਕ   ਅ ਤੇ   ਔ ਰ ੰ ਗਾ ਬਾ ਦ   ਦੇ   ਪ੍ਰ ਮੁ ੱ ਖ   ਇ ਤਿ ਹਾ ਸ ਕ   ਸ ਥਾ ਨਾਂ   ਵਿ ੱ ਚੋਂ   ਇ ੱ ਕ   ਮ ੰ ਨਿ ਆ   ਜਾਂ ਦਾ   ਹੈ,45,15
"ਸ਼ੁੱਧ ਚਿੱਟੇ ਸੰਗਮਰਮਰ ਦਾ ਬਣਿਆ ਅਤੇ ਗੁੰਝਲਦਾਰ ਨੱਕਾਸ਼ੀ ਨਾਲ ਸ਼ਿੰਗਾਰਿਆ, ਇਹ ਢਾਂਚਾ ਔਰੰਗਾਬਾਦ ਦੇ ਸਭ ਤੋਂ ਵੱਡੇ ਸਮਾਰਕਾਂ ਵਿੱਚੋਂ ਇੱਕ ਹੈ","ਸ ਼ ੁ ੱ ਧ   ਚਿ ੱ ਟੇ   ਸ ੰ ਗ ਮ ਰ ਮ ਰ   ਦਾ   ਬ ਣਿ ਆ   ਅ ਤੇ   ਗੁ ੰ ਝ ਲ ਦਾ ਰ   ਨ ੱ ਕਾ ਸ ਼ ੀ   ਨਾ ਲ   ਸ ਼ ਿ ੰ ਗਾ ਰਿ ਆ ,   ਇ ਹ   ਢਾਂ ਚਾ   ਔ ਰ ੰ ਗਾ ਬਾ ਦ   ਦੇ   ਸ ਭ   ਤੋਂ   ਵ ੱ ਡੇ   ਸ ਮਾ ਰ ਕਾਂ   ਵਿ ੱ ਚੋਂ   ਇ ੱ ਕ   ਹੈ",71,21
ਵਾਹ,ਵਾ ਹ,2,1
ਤੁਸੀਂ ਮੈਨੂੰ ਇਰਸ਼ਾਂ ਵਿੱਚ ਪਾ ਦਿਤਾ ਹੈ I,ਤੁ ਸੀਂ   ਮੈ ਨੂ ੰ   ਇ ਰ ਸ਼ਾਂ   ਵਿ ੱ ਚ   ਪਾ   ਦਿ ਤਾ   ਹੈ   I,16,8
ਅਗਲੀ ਵਾਰ ਚਾਹੇ ਜੋ ਮਰਜ਼ੀ ਹੋ ਜਾਵੇ ਮੈਂ ਤੁਹਾਡੇ ਨਾਲ ਜ਼ਰੂਰ ਆਉਂਗਾ I,ਅ ਗ ਲੀ   ਵਾ ਰ   ਚਾ ਹੇ   ਜੋ   ਮ ਰ ਜ਼ ੀ   ਹੋ   ਜਾ ਵੇ   ਮੈਂ   ਤੁ ਹਾ ਡੇ   ਨਾ ਲ   ਜ਼ ਰੂ ਰ   ਆ ਉ ਂ ਗਾ   I,29,13
"ਹੇ, ਸੂਫੀ","ਹੇ ,   ਸੂ ਫੀ",4,2
ਕੀ ਤੁਸੀਂ ਹੁਣ ਵਿਅਸਤ ਹੋ,ਕੀ   ਤੁ ਸੀਂ   ਹੁ ਣ   ਵਿ ਅ ਸ ਤ   ਹੋ,10,5
ਹੇ ਕਿਰਤ,ਹੇ   ਕਿ ਰ ਤ,4,2
ਕੁੱਝ ਖਾਸ ਨਹੀਂ,ਕੁ ੱ ਝ   ਖਾ ਸ   ਨ ਹੀਂ,7,3
ਦੱਸੋ,ਦ ੱ ਸੋ,3,1
ਮੈਂ ਆਪਣੇ ਦਾਦਾ ਜੀ ਦੀ ਮਦਦ ਕਰ ਰਿਹਾ ਸੀ ਉਹਨਾਂ ਦੇ ਕੁੱਝ ਕਾਗਜ਼ ਕ੍ਰਮ ਵਿੱਚ ਲਗਾਉਣ 'ਚ,ਮੈਂ   ਆ ਪ ਣੇ   ਦਾ ਦਾ   ਜੀ   ਦੀ   ਮ ਦ ਦ   ਕ ਰ   ਰਿ ਹਾ   ਸੀ   ਉ ਹ ਨਾਂ   ਦੇ   ਕੁ ੱ ਝ   ਕਾ ਗ ਜ਼   ਕ੍ਰ ਮ   ਵਿ ੱ ਚ   ਲ ਗਾ ਉ ਣ   ' ਚ,37,17
ਅਤੇ ਮੈਨੂੰ ਇਹ ਸਕੀਮ ਲੱਭੀ ਹੈ ਜਿਸ ਵਿੱਚ ਉਹਨਾਂ ਨੇ ਨਿਵੇਸ਼ ਕੀਤਾ ਸੀ ਪਰ ਉਹਨਾਂ ਨੂੰ ਉਸਦੇ ਵੇਰਵੇ ਯਾਦ ਨਹੀਂ,ਅ ਤੇ   ਮੈ ਨੂ ੰ   ਇ ਹ   ਸ ਕੀ ਮ   ਲ ੱ ਭੀ   ਹੈ   ਜਿ ਸ   ਵਿ ੱ ਚ   ਉ ਹ ਨਾਂ   ਨੇ   ਨਿ ਵੇ ਸ਼   ਕੀ ਤਾ   ਸੀ   ਪ ਰ   ਉ ਹ ਨਾਂ   ਨੂ ੰ   ਉ ਸ ਦੇ   ਵੇ ਰ ਵੇ   ਯਾ ਦ   ਨ ਹੀਂ,46,20
ਕੀ ਤੁਸੀਂ ਇਸ ਵਿੱਚ ਮੇਰੀ ਮਦਦ ਕਰ ਸਕਦੇ ਹੋ,ਕੀ   ਤੁ ਸੀਂ   ਇ ਸ   ਵਿ ੱ ਚ   ਮੇ ਰੀ   ਮ ਦ ਦ   ਕ ਰ   ਸ ਕ ਦੇ   ਹੋ,19,9
ਤੁਸੀਂ ਇੱਕ ਐਨ ਜੀ ਓ ਨਾਲ ਕੰਮ ਕੀਤਾ ਹੈ ਜਿਸ ਨੇ ਅਜਿਹੇ ਮਾਮਲਿਆਂ ਵਿੱਚ ਸੀਨੀਅਰ ਨਾਗਰਿਕਾਂ ਦੀ ਮਦਦ ਕੀਤੀ ਹੈ,ਤੁ ਸੀਂ   ਇ ੱ ਕ   ਐ ਨ   ਜੀ   ਓ   ਨਾ ਲ   ਕ ੰ ਮ   ਕੀ ਤਾ   ਹੈ   ਜਿ ਸ   ਨੇ   ਅ ਜਿ ਹੇ   ਮਾ ਮ ਲਿ ਆ ਂ   ਵਿ ੱ ਚ   ਸੀ ਨੀ ਅ ਰ   ਨਾ ਗ ਰਿ ਕਾਂ   ਦੀ   ਮ ਦ ਦ   ਕੀ ਤੀ   ਹੈ,46,20
ਹਾਂ ਹਾਂ,ਹਾਂ   ਹਾਂ,2,2
ਦੱਸੋ ਤੁਹਾਨੂੰ ਕੀ ਦਿੱਸ ਰਿਹਾ ਹੈ,ਦ ੱ ਸੋ   ਤੁ ਹਾ ਨੂ ੰ   ਕੀ   ਦਿ ੱ ਸ   ਰਿ ਹਾ   ਹੈ,14,6
ਇਹ ਕਾਗਜ਼ ਪੜ੍ਹਦਾ ਹਾਂ: ਪੀ ਐਮ ਵਿਆ ਵੰਦਨਾ ਯੋਜਨਾ,ਇ ਹ   ਕਾ ਗ ਜ਼   ਪ ੜ ੍ ਹ ਦਾ   ਹਾਂ :   ਪੀ   ਐ ਮ   ਵਿ ਆ   ਵ ੰ ਦ ਨਾ   ਯੋ ਜ ਨਾ,24,9
ਇਹ ਕਿਸ ਬਾਰੇ ਹੈ,ਇ ਹ   ਕਿ ਸ   ਬਾ ਰੇ   ਹੈ,7,4
ਇਸਦੇ ਕੀ ਫਾਇਦੇ ਹਨ,ਇ ਸ ਦੇ   ਕੀ   ਫਾ ਇ ਦੇ   ਹ ਨ,9,4
ਇਹ ਕਿਵੇਂ ਕੰਮ ਕਰਦਾ ਹੈ,ਇ ਹ   ਕਿ ਵੇਂ   ਕ ੰ ਮ   ਕ ਰ ਦਾ   ਹੈ,11,5
"ਓਹ, ਉਹਨਾਂ ਨੇ ਇਸ ਵਿੱਚ ਨਿਵੇਸ਼ ਕੀਤਾ ਹੈ","ਓ ਹ ,   ਉ ਹ ਨਾਂ   ਨੇ   ਇ ਸ   ਵਿ ੱ ਚ   ਨਿ ਵੇ ਸ਼   ਕੀ ਤਾ   ਹੈ",18,8
ਇਹ ਸਰਕਾਰ ਦੁਆਰਾ ਚਲਾਈ ਗਈ ਇੱਕ ਵਧੀਆ ਕਲਿਆਣ ਯੋਜਨਾ ਹੈ,ਇ ਹ   ਸ ਰ ਕਾ ਰ   ਦੁ ਆ ਰਾ   ਚ ਲਾ ਈ   ਗ ਈ   ਇ ੱ ਕ   ਵ ਧੀ ਆ   ਕ ਲਿ ਆ ਣ   ਯੋ ਜ ਨਾ   ਹੈ,28,10
ਇਹ ਸਕੀਮ ਵਿੱਤ ਮੰਤਰਾਲੇ ਅਧੀਨ ਆਉਂਦੀ ਹੈ,ਇ ਹ   ਸ ਕੀ ਮ   ਵਿ ੱ ਤ   ਮ ੰ ਤ ਰਾ ਲੇ   ਅ ਧੀ ਨ   ਆ ਉ ਂ ਦੀ   ਹੈ,21,7
ਇਹ ਬਾਜ਼ਾਰ ਦੇ ਵਿੱਤੀ ਪ੍ਰਭਾਵ ਤੋਂ ਸੀਨੀਅਰ ਨਾਗਰਿਕਾਂ ਨੂੰ ਬਚਾਉਣ ਲਈ ਬਣਾਈ ਗਈ ਹੈ,ਇ ਹ   ਬਾ ਜ਼ ਾ ਰ   ਦੇ   ਵਿ ੱ ਤੀ   ਪ੍ਰ ਭਾ ਵ   ਤੋਂ   ਸੀ ਨੀ ਅ ਰ   ਨਾ ਗ ਰਿ ਕਾਂ   ਨੂ ੰ   ਬ ਚਾ ਉ ਣ   ਲ ਈ   ਬ ਣਾ ਈ   ਗ ਈ   ਹੈ,36,14
ਮੈਨੂੰ ਇਹ ਸਮਝ ਨਹੀਂ ਆਇਆ,ਮੈ ਨੂ ੰ   ਇ ਹ   ਸ ਮ ਝ   ਨ ਹੀਂ   ਆ ਇ ਆ,13,5
ਇਹ ਉਹਨਾਂ ਨੂੰ ਗਤੀਸ਼ੀਲ ਬਾਜ਼ਾਰ ਨਿਵੇਸ਼ ਤੋਂ ਕਿਵੇਂ ਬਚਾਉਂਦਾ ਹੈ,ਇ ਹ   ਉ ਹ ਨਾਂ   ਨੂ ੰ   ਗ ਤੀ ਸ਼ੀ ਲ   ਬਾ ਜ਼ ਾ ਰ   ਨਿ ਵੇ ਸ਼   ਤੋਂ   ਕਿ ਵੇਂ   ਬ ਚਾ ਉ ਂ ਦਾ   ਹੈ,27,10
ਮੈਨੂੰ ਸਮਝਾਉਣ ਦਿਓ,ਮੈ ਨੂ ੰ   ਸ ਮ ਝਾ ਉ ਣ   ਦਿ ਓ,10,3
"ਸੋ, ਜੇਕਰ ਨਿਵੇਸ਼ ਤੋਂ ਵਿਆਜ ਆਮਦਨ ਵਿੱਚ ਭਵਿੱਖ ਵਿੱਚ ਗਿਰਾਵਟ ਆਉਂਦੀ ਹੈ ਤਾਂ ਇਹ ਸਕੀਮ ਅਜਿਹੇ ਅਣਪਛਾਤੇ ਨਿਵੇਸ਼ਾਂ ਤੋਂ ਇੱਕ ਵਿਕਲਪ ਪ੍ਰਦਾਨ ਕਰਦੀ ਹੈ","ਸੋ ,   ਜੇ ਕ ਰ   ਨਿ ਵੇ ਸ਼   ਤੋਂ   ਵਿ ਆ ਜ   ਆ ਮ ਦ ਨ   ਵਿ ੱ ਚ   ਭ ਵਿ ੱ ਖ   ਵਿ ੱ ਚ   ਗਿ ਰਾ ਵ ਟ   ਆ ਉ ਂ ਦੀ   ਹੈ   ਤਾਂ   ਇ ਹ   ਸ ਕੀ ਮ   ਅ ਜਿ ਹੇ   ਅ ਣ ਪ ਛਾ ਤੇ   ਨਿ ਵੇ ਸ਼ਾਂ   ਤੋਂ   ਇ ੱ ਕ   ਵਿ ਕ ਲ ਪ   ਪ੍ਰ ਦਾ ਨ   ਕ ਰ ਦੀ   ਹੈ",67,24
"ਇਸ ਸਕੀਮ ਤਹਿਤ, ਸੀਨੀਅਰ ਨਾਗਰਿਕ ਨੂੰ ਉਹਨਾਂ ਦੇ ਨਿਵੇਸ਼ 'ਤੇ 8 ਪ੍ਰਤੀਸ਼ਤ ਦੀ ਯਕੀਨੀ ਵਾਪਸੀ ਮਿਲਦੀ ਹੈ","ਇ ਸ   ਸ ਕੀ ਮ   ਤ ਹਿ ਤ ,   ਸੀ ਨੀ ਅ ਰ   ਨਾ ਗ ਰਿ ਕ   ਨੂ ੰ   ਉ ਹ ਨਾਂ   ਦੇ   ਨਿ ਵੇ ਸ਼   ' ਤੇ   8   ਪ੍ਰ ਤੀ ਸ਼ ਤ   ਦੀ   ਯ ਕੀ ਨੀ   ਵਾ ਪ ਸੀ   ਮਿ ਲ ਦੀ   ਹੈ",44,17
ਅਤੇ ਜੇਕਰ ਕੋਈ ਅੰਤਰ ਵਾਪਸੀ ਹੁੰਦੀ ਹੈ ਤਾਂ ਇਹ ਸਰਕਾਰ ਦੁਆਰਾ ਸਹਿਣ ਕੀਤੀ ਜਾਂਦੀ ਹੈ,ਅ ਤੇ   ਜੇ ਕ ਰ   ਕੋ ਈ   ਅ ੰ ਤ ਰ   ਵਾ ਪ ਸੀ   ਹੁ ੰ ਦੀ   ਹੈ   ਤਾਂ   ਇ ਹ   ਸ ਰ ਕਾ ਰ   ਦੁ ਆ ਰਾ   ਸ ਹਿ ਣ   ਕੀ ਤੀ   ਜਾਂ ਦੀ   ਹੈ,36,15
ਅੰਤਰ ਵਾਪਸੀ ਕੀ ਹੈ,ਅ ੰ ਤ ਰ   ਵਾ ਪ ਸੀ   ਕੀ   ਹੈ,9,4
ਇਹ ਸਕੀਮ ਐਲ ਆਈ ਸੀ ਦੇ ਸਹਿਯੋਗ ਨਾਲ ਚਲਦੀ ਹੈ,ਇ ਹ   ਸ ਕੀ ਮ   ਐ ਲ   ਆ ਈ   ਸੀ   ਦੇ   ਸ ਹਿ ਯੋ ਗ   ਨਾ ਲ   ਚ ਲ ਦੀ   ਹੈ,21,10
"ਇਸ ਲਈ, ਐਲ ਆਈ ਸੀ ਤੁਹਾਡੇ ਨਿਵੇਸ਼ 'ਤੇ ਇੱਕ ਨਿਸ਼ਚਿਤ 8 ਪ੍ਰਤੀਸ਼ਤ ਦੇਵੇਗਾ","ਇ ਸ   ਲ ਈ ,   ਐ ਲ   ਆ ਈ   ਸੀ   ਤੁ ਹਾ ਡੇ   ਨਿ ਵੇ ਸ਼   ' ਤੇ   ਇ ੱ ਕ   ਨਿ ਸ਼ ਚਿ ਤ   8   ਪ੍ਰ ਤੀ ਸ਼ ਤ   ਦੇ ਵੇ ਗਾ",33,13
"ਜੇਕਰ ਕੋਈ ਫਰਕ ਹੈ, ਜਿਵੇਂ ਕਿ ਕੋਈ ਨੁਕਸਾਨ ਹੁੰਦਾ ਹੈ, ਤਾਂ ਸਰਕਾਰ ਇਸਨੂੰ ਸਹਿਣ ਕਰੇਗੀ","ਜੇ ਕ ਰ   ਕੋ ਈ   ਫ ਰ ਕ   ਹੈ ,   ਜਿ ਵੇਂ   ਕਿ   ਕੋ ਈ   ਨੁ ਕ ਸਾ ਨ   ਹੁ ੰ ਦਾ   ਹੈ ,   ਤਾਂ   ਸ ਰ ਕਾ ਰ   ਇ ਸ ਨੂ ੰ   ਸ ਹਿ ਣ   ਕ ਰੇ ਗੀ",39,15
ਤੁਹਾਡਾ ਨਿਵੇਸ਼ 8 ਪ੍ਰਤੀਸ਼ਤ 'ਤੇ ਹੀ ਰਹੇਗਾ,ਤੁ ਹਾ ਡਾ   ਨਿ ਵੇ ਸ਼   8   ਪ੍ਰ ਤੀ ਸ਼ ਤ   ' ਤੇ   ਹੀ   ਰ ਹੇ ਗਾ,17,7
"ਓਹ, ਠੀਕ ਹੈ","ਓ ਹ ,   ਠੀ ਕ   ਹੈ",6,3
ਹੁਣ ਮੈਨੂੰ ਸਮਝ ਆਂ ਗਿਆ,ਹੁ ਣ   ਮੈ ਨੂ ੰ   ਸ ਮ ਝ   ਆ ਂ   ਗਿ ਆ,12,5
ਅਤੇ ਭੁਗਤਾਨ ਬਾਰੇ ਕੀ,ਅ ਤੇ   ਭੁ ਗ ਤਾ ਨ   ਬਾ ਰੇ   ਕੀ,9,4
ਭੁਗਤਾਨ 10 ਮਹੀਨਿਆਂ ਲਈ ਮਹਿਨਾਵਾਰ ਹਨ,ਭੁ ਗ ਤਾ ਨ   1 0   ਮ ਹੀ ਨਿ ਆ ਂ   ਲ ਈ   ਮ ਹਿ ਨਾ ਵਾ ਰ   ਹ ਨ,20,6
ਦਾਦਾ ਜੀ ਨੇ ਕਿੰਨੇ ਨਿਵੇਸ਼ ਕੀਤੇ ਹਨ,ਦਾ ਦਾ   ਜੀ   ਨੇ   ਕਿ ੰ ਨੇ   ਨਿ ਵੇ ਸ਼   ਕੀ ਤੇ   ਹ ਨ,14,7
ਇਹ ਸ਼ੁਰੂ ਵਿੱਚ 7,ਇ ਹ   ਸ਼ੁ ਰੂ   ਵਿ ੱ ਚ   7,8,4
5 ਲੱਖ ਅਤੇ ਬਾਅਦ ਵਿੱਚ 15 ਲੱਖ ਦਿਖਾ ਰਿਹਾ ਹੈ,5   ਲ ੱ ਖ   ਅ ਤੇ   ਬਾ ਅ ਦ   ਵਿ ੱ ਚ   1 5   ਲ ੱ ਖ   ਦਿ ਖਾ   ਰਿ ਹਾ   ਹੈ,22,10
"ਹਾਂ, ਇਸ ਲਈ ਇਹ ਸਿਰਫ਼ ਇੱਕ ਸਾਲ ਲਈ ਗਾਹਕੀ ਲਈ ਖੁੱਲ੍ਹਾ ਸੀ ਅਤੇ ਨਿਵੇਸ਼ ਦੀ ਕੈਪਿੰਗ ਬਾਅਦ ਵਿੱਚ ਪ੍ਰਤੀ ਪਰਿਵਾਰ ਵਧਾ ਦਿੱਤੀ ਗਈ ਸੀ","ਹਾਂ ,   ਇ ਸ   ਲ ਈ   ਇ ਹ   ਸਿ ਰ ਫ਼   ਇ ੱ ਕ   ਸਾ ਲ   ਲ ਈ   ਗਾ ਹ ਕੀ   ਲ ਈ   ਖੁ ੱ ਲ੍ਹਾ   ਸੀ   ਅ ਤੇ   ਨਿ ਵੇ ਸ਼   ਦੀ   ਕੈ ਪਿ ੰ ਗ   ਬਾ ਅ ਦ   ਵਿ ੱ ਚ   ਪ੍ਰ ਤੀ   ਪ ਰਿ ਵਾ ਰ   ਵ ਧਾ   ਦਿ ੱ ਤੀ   ਗ ਈ   ਸੀ",57,24
ਇਹ ਅਸਲ ਵਿੱਚ ਮਦਦ ਕਰਦਾ ਹੈ,ਇ ਹ   ਅ ਸ ਲ   ਵਿ ੱ ਚ   ਮ ਦ ਦ   ਕ ਰ ਦਾ   ਹੈ,15,6
ਉਹਨਾਂ ਨੂੰ ਅਜਿਹਾ ਕਰਨ ਦਾ ਕੁੱਝ ਯਾਦ ਨਹੀਂ,ਉ ਹ ਨਾਂ   ਨੂ ੰ   ਅ ਜਿ ਹਾ   ਕ ਰ ਨ   ਦਾ   ਕੁ ੱ ਝ   ਯਾ ਦ   ਨ ਹੀਂ,19,8
ਮੈਂ ਇਹਨਾਂ ਦੇ ਦਫ਼ਤਰ ਜਾਵਾਂਗਾ ਅਤੇ ਹੋਰ ਪਤਾ ਕਰਾਂਗਾ,ਮੈਂ   ਇ ਹ ਨਾਂ   ਦੇ   ਦ ਫ਼ ਤ ਰ   ਜਾ ਵਾਂ ਗਾ   ਅ ਤੇ   ਹੋ ਰ   ਪ ਤਾ   ਕ ਰਾਂ ਗਾ,21,9
ਕਦੇ ਵੀ ਬਾਈ,ਕ ਦੇ   ਵੀ   ਬਾ ਈ,5,3
ਮੈਨੂੰ ਦੱਸਿਓ ਜੇਕਰ ਤੁਹਾਨੂੰ ਕੋਈ ਹੋਰ ਜਾਣਕਾਰੀ ਚਾਹੀਦੀ ਹੋਈ,ਮੈ ਨੂ ੰ   ਦ ੱ ਸਿ ਓ   ਜੇ ਕ ਰ   ਤੁ ਹਾ ਨੂ ੰ   ਕੋ ਈ   ਹੋ ਰ   ਜਾ ਣ ਕਾ ਰੀ   ਚਾ ਹੀ ਦੀ   ਹੋ ਈ,27,9
ਧਿਆਨ ਰੱਖੋ,ਧਿ ਆ ਨ   ਰ ੱ ਖੋ,6,2
ਸਤ ਸ਼੍ਰੀ ਅਕਾਲ ਜਮਾਤ I,ਸ ਤ   ਸ਼੍ਰੀ   ਅ ਕਾ ਲ   ਜ ਮਾ ਤ   I,10,5
"ਸਭ, ਆਪਣੀ ਕੁਰਸੀਆਂ ਤੇ ਬੈਠ ਜੋ","ਸ ਭ ,   ਆ ਪ ਣੀ   ਕੁ ਰ ਸੀ ਆ ਂ   ਤੇ   ਬੈ ਠ   ਜੋ",15,6
ਅੱਜ ਅਸੀਂ ਵੋਟਰਾਂ ਬਾਰੇ ਗੱਲ - ਬਾਤ ਕਰਾਂਗੇ,ਅ ੱ ਜ   ਅ ਸੀਂ   ਵੋ ਟ ਰਾਂ   ਬਾ ਰੇ   ਗ ੱ ਲ   -   ਬਾ ਤ   ਕ ਰਾਂ ਗੇ,19,8
ਸਾਨੂੰ ਸਾਰੀਆਂ ਨੂੰ ਪਤਾ ਹੈ ਕਿ ਜੋ ਵਿਅਕਤੀ ਚੋਣਾਂ ਵਿੱਚ ਆਪਣਾ ਵੋਟ ਪਾਉਂਦਾ ਹੈ ਉਸ ਨੂੰ ਵੋਟਰ ਕਿਹੰਦੇ ਹਨ I,ਸਾ ਨੂ ੰ   ਸਾ ਰੀ ਆ ਂ   ਨੂ ੰ   ਪ ਤਾ   ਹੈ   ਕਿ   ਜੋ   ਵਿ ਅ ਕ ਤੀ   ਚੋ ਣਾਂ   ਵਿ ੱ ਚ   ਆ ਪ ਣਾ   ਵੋ ਟ   ਪਾ ਉ ਂ ਦਾ   ਹੈ   ਉ ਸ   ਨੂ ੰ   ਵੋ ਟ ਰ   ਕਿ ਹ ੰ ਦੇ   ਹ ਨ   I,47,20
"ਹੁਣ, ਕਿ ਕੋਈ ਮੈਨੂੰ ਦੱਸ ਸਕਦਾ ਹੈ ਕਿ ਇੱਕ ਵੋਟਰ ਨੂੰ ਵੋਟ ਪਾਉਣ ਲਈ ਕਿ ਯੋਗ ਬਣਾਉਂਦਾ ਹੈ","ਹੁ ਣ ,   ਕਿ   ਕੋ ਈ   ਮੈ ਨੂ ੰ   ਦ ੱ ਸ   ਸ ਕ ਦਾ   ਹੈ   ਕਿ   ਇ ੱ ਕ   ਵੋ ਟ ਰ   ਨੂ ੰ   ਵੋ ਟ   ਪਾ ਉ ਣ   ਲ ਈ   ਕਿ   ਯੋ ਗ   ਬ ਣਾ ਉ ਂ ਦਾ   ਹੈ",41,18
ਉਸ ਵਿਅਕਤੀ ਦੀ ਉਮਰ ਅਠਾਰਾਂ ਸਾਲ ਜਾਂ ਉਸ ਤੋਂ ਵੱਧ ਹੋਣੀ ਚਾਹੀਦੀ ਹੈ I,ਉ ਸ   ਵਿ ਅ ਕ ਤੀ   ਦੀ   ਉ ਮ ਰ   ਅ ਠਾ ਰਾਂ   ਸਾ ਲ   ਜਾਂ   ਉ ਸ   ਤੋਂ   ਵ ੱ ਧ   ਹੋ ਣੀ   ਚਾ ਹੀ ਦੀ   ਹੈ   I,29,14
ਬਿਲਕੁਲ ਸਹੀ,ਬਿ ਲ ਕੁ ਲ   ਸ ਹੀ,6,2
"ਸਿਟੀਜ਼ਨਸ਼ਿਪ ਐਕਟ ਸਾਰੇ ਨਾਗਰਿਕਾਂ ਨੂੰ ਜਾਤ, ਧਰਮ, ਲਿੰਗ ਆਦਿ ਦੇ ਆਧਾਰ ਤੇ ਕਿਸੇ ਵੀ ਵਿਤਕਰੇ ਦੀ ਪਰਵਾਹ ਕੀਤੇ ਬਿਨਾਂ ਵੋਟ ਪਾਉਣ ਦੀ ਇਜਾਜ਼ਤ ਦਿੰਦਾ ਹੈ","ਸਿ ਟੀ ਜ ਼ ਨ ਸ ਼ ਿ ਪ   ਐ ਕ ਟ   ਸਾ ਰੇ   ਨਾ ਗ ਰਿ ਕਾਂ   ਨੂ ੰ   ਜਾ ਤ ,   ਧ ਰ ਮ ,   ਲਿ ੰ ਗ   ਆ ਦਿ   ਦੇ   ਆ ਧਾ ਰ   ਤੇ   ਕਿ ਸੇ   ਵੀ   ਵਿ ਤ ਕ ਰੇ   ਦੀ   ਪ ਰ ਵਾ ਹ   ਕੀ ਤੇ   ਬਿ ਨਾਂ   ਵੋ ਟ   ਪਾ ਉ ਣ   ਦੀ   ਇ ਜਾ ਜ ਼ ਤ   ਦਿ ੰ ਦਾ   ਹੈ",68,25
ਪਰ ਓਨ੍ਹਾਂ ਦੀ ਉਮਰ ਅਠਾਰਾਂ ਸਾਲ ਜਾਂ ਉਸ ਤੋਂ ਵੱਧ ਹੋਣੀ ਚਾਹੀਦੀ ਹੈ,ਪ ਰ   ਓ ਨ੍ਹਾਂ   ਦੀ   ਉ ਮ ਰ   ਅ ਠਾ ਰਾਂ   ਸਾ ਲ   ਜਾਂ   ਉ ਸ   ਤੋਂ   ਵ ੱ ਧ   ਹੋ ਣੀ   ਚਾ ਹੀ ਦੀ   ਹੈ,26,13
"ਇਸ ਦੇ ਨਾਲ ਹੀ, ਵੋਟਰ ਸਿਰਫ ਤਾਂ ਹੀ ਯੋਗ ਹੈ ਜੇਕਰ ਉਹ ਭਾਰਤ ਦਾ ਨਾਗਰਿਕ ਹੈ","ਇ ਸ   ਦੇ   ਨਾ ਲ   ਹੀ ,   ਵੋ ਟ ਰ   ਸਿ ਰ ਫ   ਤਾਂ   ਹੀ   ਯੋ ਗ   ਹੈ   ਜੇ ਕ ਰ   ਉ ਹ   ਭਾ ਰ ਤ   ਦਾ   ਨਾ ਗ ਰਿ ਕ   ਹੈ",32,16
ਜੇਕਰ ਕੋਈ ਭਾਰਤੀ ਚੋਣਾਂ ਵਿੱਚ ਵੋਟ ਪਾਉਣਾ ਚਾਹੁੰਦਾ ਹੈ ਤਾਂ ਉਸ ਕੋਲ ਭਾਰਤੀ ਨਾਗਰਿਕਤਾ ਹੋਣੀ ਜ਼ਰੂਰੀ ਹੈ,ਜੇ ਕ ਰ   ਕੋ ਈ   ਭਾ ਰ ਤੀ   ਚੋ ਣਾਂ   ਵਿ ੱ ਚ   ਵੋ ਟ   ਪਾ ਉ ਣਾ   ਚਾ ਹੁ ੰ ਦਾ   ਹੈ   ਤਾਂ   ਉ ਸ   ਕੋ ਲ   ਭਾ ਰ ਤੀ   ਨਾ ਗ ਰਿ ਕ ਤਾ   ਹੋ ਣੀ   ਜ ਼ ਰੂ ਰੀ   ਹੈ,43,17
ਹੋਰ ਕਿਹੜੇ ਯੋਗਤਾ ਮਾਪਦੰਡ ਬਾਰੇ ਤੁਸੀਂ ਜਾਣਦੇ ਹੋ,ਹੋ ਰ   ਕਿ ਹ ੜ ੇ   ਯੋ ਗ ਤਾ   ਮਾ ਪ ਦ ੰ ਡ   ਬਾ ਰੇ   ਤੁ ਸੀਂ   ਜਾ ਣ ਦੇ   ਹੋ,22,8
ਓਨ੍ਹਾਂ ਦਾ ਨਾਂ ਵੋਟਰ ਸੂਚੀ ਵਿੱਚ ਹੋਣਾ ਚਾਹੀਦਾ ਹੈ I,ਓ ਨ੍ਹਾਂ   ਦਾ   ਨਾਂ   ਵੋ ਟ ਰ   ਸੂ ਚੀ   ਵਿ ੱ ਚ   ਹੋ ਣਾ   ਚਾ ਹੀ ਦਾ   ਹੈ   I,19,10
"ਸਹੀ, ਵੋਟ ਪਾਉਣ ਦੇ ਯੋਗ ਸਾਰੇ ਲੋਕਾਂ ਦੇ ਨਾਮ ਵੋਟਰ ਸੂਚੀ ਵਿੱਚ ਮੌਜੂਦ ਹੋਣਗੇ","ਸ ਹੀ ,   ਵੋ ਟ   ਪਾ ਉ ਣ   ਦੇ   ਯੋ ਗ   ਸਾ ਰੇ   ਲੋ ਕਾਂ   ਦੇ   ਨਾ ਮ   ਵੋ ਟ ਰ   ਸੂ ਚੀ   ਵਿ ੱ ਚ   ਮੌ ਜੂ ਦ   ਹੋ ਣ ਗੇ",32,14
"ਵੋਟ ਪਾਉਣ ਦੇ ਲਈ, ਤੁਹਾਨੂੰ ਆਪਣਾ ਨਾਂ ਵੋਟਰ ਸੂਚੀ ਵਿੱਚ ਸ਼ਾਮਿਲ ਕਰਵਾਉਣਾ ਪਏਗਾ I","ਵੋ ਟ   ਪਾ ਉ ਣ   ਦੇ   ਲ ਈ ,   ਤੁ ਹਾ ਨੂ ੰ   ਆ ਪ ਣਾ   ਨਾਂ   ਵੋ ਟ ਰ   ਸੂ ਚੀ   ਵਿ ੱ ਚ   ਸ਼ਾ ਮਿ ਲ   ਕ ਰ ਵਾ ਉ ਣਾ   ਪ ਏ ਗਾ   I",37,14
ਤੁਹਾਨੂੰ ਉਸ ਹਲਕੇ ਦੇ ਹਿੱਸੇ/ਪੋਲਿੰਗ ਖੇਤਰ ਦਾ ਇੱਕ ਆਮ ਨਿਵਾਸੀ ਹੋਣਾ ਪਏਗਾ ਜਿੱਥੇ ਤੁਸੀਂ ਨਾਮ ਦਰਜ ਕਰਵਾਉਣਾ ਚਾਹੁੰਦੇ ਹੋ,ਤੁ ਹਾ ਨੂ ੰ   ਉ ਸ   ਹ ਲ ਕੇ   ਦੇ   ਹਿ ੱ ਸੇ / ਪੋ ਲਿ ੰ ਗ   ਖੇ ਤ ਰ   ਦਾ   ਇ ੱ ਕ   ਆ ਮ   ਨਿ ਵਾ ਸੀ   ਹੋ ਣਾ   ਪ ਏ ਗਾ   ਜਿ ੱ ਥੇ   ਤੁ ਸੀਂ   ਨਾ ਮ   ਦ ਰ ਜ   ਕ ਰ ਵਾ ਉ ਣਾ   ਚਾ ਹੁ ੰ ਦੇ   ਹੋ,55,19
"ਮੈਡਮ, ਮੈਂ ਸੁਣਿਆ ਹੈ ਕਿ ਜੇਕਰ ਤੁਸੀਂ ਕਿਸੇ ਇੱਕਜਗ੍ਹਾ ਤੇ ਆਪਣਾ ਨਾਮ ਦਰਜ ਕਰਵਾਉਂਦੇ ਹੋ, ਤਾਂ ਤੁਸੀਂ ਸਿਰਫ਼ ਉਸੇ ਜਗ੍ਹਾ ਤੇ ਵੋਟ ਪਾ ਸਕਦੇ ਹੋ","ਮੈ ਡ ਮ ,   ਮੈਂ   ਸੁ ਣਿ ਆ   ਹੈ   ਕਿ   ਜੇ ਕ ਰ   ਤੁ ਸੀਂ   ਕਿ ਸੇ   ਇ ੱ ਕ ਜ ਗ੍ਹਾ   ਤੇ   ਆ ਪ ਣਾ   ਨਾ ਮ   ਦ ਰ ਜ   ਕ ਰ ਵਾ ਉ ਂ ਦੇ   ਹੋ ,   ਤਾਂ   ਤੁ ਸੀਂ   ਸਿ ਰ ਫ਼   ਉ ਸੇ   ਜ ਗ੍ਹਾ   ਤੇ   ਵੋ ਟ   ਪਾ   ਸ ਕ ਦੇ   ਹੋ",57,25
"ਹਾਂ, ਨਾਮਾਂਕਣ ਕੇਵਲ ਇੱਕ ਥਾਂ ਤੇ ਹੀ ਸੰਭਵ ਹੈ","ਹਾਂ ,   ਨਾ ਮਾਂ ਕ ਣ   ਕੇ ਵ ਲ   ਇ ੱ ਕ   ਥਾਂ   ਤੇ   ਹੀ   ਸ ੰ ਭ ਵ   ਹੈ",20,9
"ਸੋ, ਜੇਕਰ ਤੁਸੀਂ ਆਪਣੇ ਹਲਕੇ ਵਿੱਚ ਵੋਟਰ ਵਜੋਂ ਨਾਮ ਦਰਜ ਕਰਵਾਉਂਦੇ ਹੋ, ਤਾਂ ਤੁਸੀਂ ਜਿੱਥੇ ਵੀ ਹੋ, ਤੁਹਾਨੂੰ ਵੋਟ ਪਾਉਣ ਲਈ ਆਪਣੇ ਹਲਕੇ ਵਿੱਚ ਹੀ ਆਉਣਾ ਪਏਗਾ","ਸੋ ,   ਜੇ ਕ ਰ   ਤੁ ਸੀਂ   ਆ ਪ ਣੇ   ਹ ਲ ਕੇ   ਵਿ ੱ ਚ   ਵੋ ਟ ਰ   ਵ ਜੋਂ   ਨਾ ਮ   ਦ ਰ ਜ   ਕ ਰ ਵਾ ਉ ਂ ਦੇ   ਹੋ ,   ਤਾਂ   ਤੁ ਸੀਂ   ਜਿ ੱ ਥੇ   ਵੀ   ਹੋ ,   ਤੁ ਹਾ ਨੂ ੰ   ਵੋ ਟ   ਪਾ ਉ ਣ   ਲ ਈ   ਆ ਪ ਣੇ   ਹ ਲ ਕੇ   ਵਿ ੱ ਚ   ਹੀ   ਆ ਉ ਣਾ   ਪ ਏ ਗਾ",70,27
ਤੁਸੀਂ ਕਿਸੇ ਹੋਰ ਬੂਥ ਵਿੱਚ ਵੋਟ ਪਾਉਣ ਦੇ ਯੋਗ ਨਹੀਂ ਰਹੋਂਗੇ I,ਤੁ ਸੀਂ   ਕਿ ਸੇ   ਹੋ ਰ   ਬੂ ਥ   ਵਿ ੱ ਚ   ਵੋ ਟ   ਪਾ ਉ ਣ   ਦੇ   ਯੋ ਗ   ਨ ਹੀਂ   ਰ ਹੋਂ ਗੇ   I,25,12
ਕੀ ਅਪਾਹਜ ਲੋਕਾਂ ਨੂੰ ਵੋਟ ਪਾਉਣ ਦਾ ਵਿਸ਼ੇਸ਼ ਅਧਿਕਾਰ ਹੈ,ਕੀ   ਅ ਪਾ ਹ ਜ   ਲੋ ਕਾਂ   ਨੂ ੰ   ਵੋ ਟ   ਪਾ ਉ ਣ   ਦਾ   ਵਿ ਸ ਼ ੇ ਸ ਼   ਅ ਧਿ ਕਾ ਰ   ਹੈ,26,10
ਉਹ ਅਪਾਹਜ ਵੋਟਰਾਂ ਵਜੋਂ ਰਜਿਸਟਰਡ ਹਨ,ਉ ਹ   ਅ ਪਾ ਹ ਜ   ਵੋ ਟ ਰਾਂ   ਵ ਜੋਂ   ਰ ਜਿ ਸ ਟ ਰ ਡ   ਹ ਨ,19,6
ਵਿਸ਼ੇਸ਼ ਅਧਿਕਾਰ ਦੀ ਗੱਲ ਕਰੀਏ ਤਾਂ ਉਨ੍ਹਾਂ ਨੂੰ ਪੋਲਿੰਗ ਬੂਥ ਦੀ ਕਤਾਰਾਂ ਵਿੱਚ ਖੜ੍ਹਨ ਦੀ ਲੋੜ ਨਹੀਂ ਹੁੰਦੀ ਹੈ,ਵਿ ਸ ਼ ੇ ਸ ਼   ਅ ਧਿ ਕਾ ਰ   ਦੀ   ਗ ੱ ਲ   ਕ ਰੀ ਏ   ਤਾਂ   ਉ ਨ੍ਹਾਂ   ਨੂ ੰ   ਪੋ ਲਿ ੰ ਗ   ਬੂ ਥ   ਦੀ   ਕ ਤਾ ਰਾਂ   ਵਿ ੱ ਚ   ਖ ੜ ੍ ਹ ਨ   ਦੀ   ਲੋ ੜ   ਨ ਹੀਂ   ਹੁ ੰ ਦੀ   ਹੈ,49,19
"ਪਰ, ਦਿਮਾਗੀ ਤੋਰ ਤੋਂ ਵਾਲੇ ਵਿਅਕਤੀ ਨੂੰ ਵੋਟ ਪਾਉਣ ਤੋਂ ਛੋਟ ਦਿੱਤੀ ਜਾਵੇਗੀ","ਪ ਰ ,   ਦਿ ਮਾ ਗੀ   ਤੋ ਰ   ਤੋਂ   ਵਾ ਲੇ   ਵਿ ਅ ਕ ਤੀ   ਨੂ ੰ   ਵੋ ਟ   ਪਾ ਉ ਣ   ਤੋਂ   ਛੋ ਟ   ਦਿ ੱ ਤੀ   ਜਾ ਵੇ ਗੀ",31,13
"ਓ, ਕੀ ਹੋਰ ਲੋਕ ਹਨ ਜੋ ਵੋਟ ਪਾਉਣ ਦੇ ਯੋਗ ਨਹੀਂ ਹਨ","ਓ ,   ਕੀ   ਹੋ ਰ   ਲੋ ਕ   ਹ ਨ   ਜੋ   ਵੋ ਟ   ਪਾ ਉ ਣ   ਦੇ   ਯੋ ਗ   ਨ ਹੀਂ   ਹ ਨ",22,12
ਹਾਂ,ਹਾਂ,1,1
"ਭਾਰਤ ਵਿੱਚ, ਭਾਰਤੀ ਸੰਵਿਧਾਨ ਦੇ ਲੋਕ ਪ੍ਰਤੀਨਿਧਤਾ ਐਕਟ, 1951 ਦੇ ਅਨੁਸਾਰ, ਸਾਰੇ ਦੋਸ਼ੀ ਕੈਦੀਆਂ ਨੂੰ ਵੋਟ ਪਾਉਣ ਤੋਂ ਅਯੋਗ ਕਰ ਦਿੱਤਾ ਜਾਂਦਾ ਹੈ","ਭਾ ਰ ਤ   ਵਿ ੱ ਚ ,   ਭਾ ਰ ਤੀ   ਸ ੰ ਵਿ ਧਾ ਨ   ਦੇ   ਲੋ ਕ   ਪ੍ਰ ਤੀ ਨਿ ਧ ਤਾ   ਐ ਕ ਟ ,   1 9 5 1   ਦੇ   ਅ ਨੁ ਸਾ ਰ ,   ਸਾ ਰੇ   ਦੋ ਸ ਼ ੀ   ਕੈ ਦੀ ਆ ਂ   ਨੂ ੰ   ਵੋ ਟ   ਪਾ ਉ ਣ   ਤੋਂ   ਅ ਯੋ ਗ   ਕ ਰ   ਦਿ ੱ ਤਾ   ਜਾਂ ਦਾ   ਹੈ",66,23
ਇਸ ਵਿੱਚ ਪੈਰੋਲ 'ਤੇ ਬੰਦ ਕੈਦੀ ਅਤੇ ਨਜ਼ਰਬੰਦ ਕੈਦੀ ਵੀ ਸ਼ਾਮਲ ਹਨ,ਇ ਸ   ਵਿ ੱ ਚ   ਪੈ ਰੋ ਲ   ' ਤੇ   ਬ ੰ ਦ   ਕੈ ਦੀ   ਅ ਤੇ   ਨ ਜ ਼ ਰ ਬ ੰ ਦ   ਕੈ ਦੀ   ਵੀ   ਸ ਼ ਾ ਮ ਲ   ਹ ਨ,34,12
ਇਹੀ ਗੱਲ ਉਨ੍ਹਾਂ ਲੋਕਾਂ ਤੇ ਵੀ ਸਪਸ਼ਟ ਕਿਤੀ ਜਾਂਦੀ ਹੈ ਜਿਨ੍ਹਾਂ ਕੋਲ ਕਿਸੇ ਹੋਰ ਦੇਸ਼ ਦੀ ਨਾਗਰਿਕਤਾ ਹੈ I,ਇ ਹੀ   ਗ ੱ ਲ   ਉ ਨ੍ਹਾਂ   ਲੋ ਕਾਂ   ਤੇ   ਵੀ   ਸ ਪ ਸ਼ ਟ   ਕਿ ਤੀ   ਜਾਂ ਦੀ   ਹੈ   ਜਿ ਨ੍ਹਾਂ   ਕੋ ਲ   ਕਿ ਸੇ   ਹੋ ਰ   ਦੇ ਸ ਼   ਦੀ   ਨਾ ਗ ਰਿ ਕ ਤਾ   ਹੈ   I,39,19
ਭਾਰਤ ਕਈ ਨਾਗਰਿਕਤਾਵਾਂ ਨੂੰ ਮਾਨਤਾ ਨਹੀਂ ਦਿੰਦਾ ਹੈ,ਭਾ ਰ ਤ   ਕ ਈ   ਨਾ ਗ ਰਿ ਕ ਤਾ ਵਾਂ   ਨੂ ੰ   ਮਾ ਨ ਤਾ   ਨ ਹੀਂ   ਦਿ ੰ ਦਾ   ਹੈ,22,8
"ਇਸ ਲਈ, ਜੇਕਰ ਤੁਹਾਡੇ ਕੋਲ ਕਿਸੇ ਹੋਰ ਦੇਸ਼ ਦੀ ਨਾਗਰਿਕਤਾ ਹੈ, ਤਾਂ ਤੁਸੀਂ ਆਪਣੀ ਭਾਰਤੀ ਨਾਗਰਿਕਤਾ ਅਤੇ ਵੋਟ ਪਾਉਣ ਦਾ ਅਧਿਕਾਰ ਗੁਆ ਦਿੰਦੇ ਹੋ","ਇ ਸ   ਲ ਈ ,   ਜੇ ਕ ਰ   ਤੁ ਹਾ ਡੇ   ਕੋ ਲ   ਕਿ ਸੇ   ਹੋ ਰ   ਦੇ ਸ ਼   ਦੀ   ਨਾ ਗ ਰਿ ਕ ਤਾ   ਹੈ ,   ਤਾਂ   ਤੁ ਸੀਂ   ਆ ਪ ਣੀ   ਭਾ ਰ ਤੀ   ਨਾ ਗ ਰਿ ਕ ਤਾ   ਅ ਤੇ   ਵੋ ਟ   ਪਾ ਉ ਣ   ਦਾ   ਅ ਧਿ ਕਾ ਰ   ਗੁ ਆ   ਦਿ ੰ ਦੇ   ਹੋ",60,24
ਸਾਨੂੰ ਇਸ ਗੱਲ ਬਾਰੇ ਪਤਾ ਨਹੀਂ ਸੀ I,ਸਾ ਨੂ ੰ   ਇ ਸ   ਗ ੱ ਲ   ਬਾ ਰੇ   ਪ ਤਾ   ਨ ਹੀਂ   ਸੀ   I,16,8
ਤੁਹਾਡੇ ਕੋਲ ਇੱਕ ਵੈਧ ਵੋਟਰ ਆਈ,ਤੁ ਹਾ ਡੇ   ਕੋ ਲ   ਇ ੱ ਕ   ਵੈ ਧ   ਵੋ ਟ ਰ   ਆ ਈ,15,6
"ਡੀ ਵੀ ਹੋਣੀ ਚਾਹੀਦੀ ਹੈ, ਹੈ ਨਾ ਮੈਡਮ","ਡੀ   ਵੀ   ਹੋ ਣੀ   ਚਾ ਹੀ ਦੀ   ਹੈ ,   ਹੈ   ਨਾ   ਮੈ ਡ ਮ",14,8
"ਹਾਂ, ਹਾਂ ਤੁਹਾਨੂੰ ਇੱਕ ਵੈਧ ਵੋਟਰ ਆਈ","ਹਾਂ ,   ਹਾਂ   ਤੁ ਹਾ ਨੂ ੰ   ਇ ੱ ਕ   ਵੈ ਧ   ਵੋ ਟ ਰ   ਆ ਈ",17,7
ਡੀ ਦੀ ਲੋੜ ਹੈ,ਡੀ   ਦੀ   ਲੋ ੜ   ਹੈ,5,4
ਤਾਹੀ ਤੁਹਾਡਾ ਨਾਂ ਵੋਟਰ ਸੂਚੀ ਵਿੱਚ ਦਰਜ ਹੋਵੇਗਾ,ਤਾ ਹੀ   ਤੁ ਹਾ ਡਾ   ਨਾਂ   ਵੋ ਟ ਰ   ਸੂ ਚੀ   ਵਿ ੱ ਚ   ਦ ਰ ਜ   ਹੋ ਵੇ ਗਾ,20,8
"ਤੁਸੀਂ ਔਨਲਾਈਨ ਰਜਿਸਟਰ ਕਰਕੇ, ਜਾਂ ਢੁਕਵੇਂ ਦਸਤਾਵੇਜ਼ਾਂ ਦੇ ਨਾਲ ਕਿਸੇ ਸੇਵਾ ਕੇਂਦਰ ਵਿੱਚ ਵੋਟਰ ਆਈ","ਤੁ ਸੀਂ   ਔ ਨ ਲਾ ਈ ਨ   ਰ ਜਿ ਸ ਟ ਰ   ਕ ਰ ਕੇ ,   ਜਾਂ   ਢੁ ਕ ਵੇਂ   ਦ ਸ ਤਾ ਵੇ ਜ ਼ ਾ ਂ   ਦੇ   ਨਾ ਲ   ਕਿ ਸੇ   ਸੇ ਵਾ   ਕੇਂ ਦ ਰ   ਵਿ ੱ ਚ   ਵੋ ਟ ਰ   ਆ ਈ",46,15
ਡੀ,ਡੀ,1,1
ਪ੍ਰਾਪਤ ਕਰ ਸਕਦੇ ਹੋ,ਪ੍ਰਾ ਪ ਤ   ਕ ਰ   ਸ ਕ ਦੇ   ਹੋ,9,4
ਅੱਜ ਲਈ ਇਨ੍ਹਾਂ ਹੀ ਕਰਾਂਗੇ I,ਅ ੱ ਜ   ਲ ਈ   ਇ ਨ੍ਹਾਂ   ਹੀ   ਕ ਰਾਂ ਗੇ   I,12,6
ਅਗਲੇ ਦਿਨ ਲਈ ਆਪਣੇ ਪਰਿਵਾਰਾਂ ਨਾਲ ਓਨ੍ਹਾਂ ਦੇ ਪਹਿਲੀ ਵਾਰ ਵੋਟ ਪਾਉਣ ਦੇ ਤਜ਼ਰਬਿਆਂ ਬਾਰੇ ਗੱਲ ਕਰ ਕੇ ਆਓ,ਅ ਗ ਲੇ   ਦਿ ਨ   ਲ ਈ   ਆ ਪ ਣੇ   ਪ ਰਿ ਵਾ ਰਾਂ   ਨਾ ਲ   ਓ ਨ੍ਹਾਂ   ਦੇ   ਪ ਹਿ ਲੀ   ਵਾ ਰ   ਵੋ ਟ   ਪਾ ਉ ਣ   ਦੇ   ਤ ਜ ਼ ਰ ਬਿ ਆ ਂ   ਬਾ ਰੇ   ਗ ੱ ਲ   ਕ ਰ   ਕੇ   ਆ ਓ,47,19
"ਜੀ ਮੈਡਮ, ਧੰਨਵਾਦ","ਜੀ   ਮੈ ਡ ਮ ,   ਧ ੰ ਨ ਵਾ ਦ",10,3
"ਹੈਲੋ, ਮੈਂ ਆਪਣਾ ਪੈਨ ਕਾਰਡ ਜਾਰੀ ਕਰਵਾਉਣ ਆਈਆਂ ਹਾਂ I","ਹੈ ਲੋ ,   ਮੈਂ   ਆ ਪ ਣਾ   ਪੈ ਨ   ਕਾ ਰ ਡ   ਜਾ ਰੀ   ਕ ਰ ਵਾ ਉ ਣ   ਆ ਈ ਆ ਂ   ਹਾਂ   I",25,10
ਆਪਣੇ ਵਾਸਤੇ,ਆ ਪ ਣੇ   ਵਾ ਸ ਤੇ,6,2
ਦਰਅਸਲ ਮੇਰੇ ਤੇ ਮੇਰੀ ਧੀ ਦੇ ਲਈ,ਦ ਰ ਅ ਸ ਲ   ਮੇ ਰੇ   ਤੇ   ਮੇ ਰੀ   ਧੀ   ਦੇ   ਲ ਈ,14,7
"ਪਰ, ਮੇਰੀ ਧੀ ਕੋਲ ਬਰਤਾਨਵੀ ਨਾਗਰਿਕਤਾ ਹੈ I","ਪ ਰ ,   ਮੇ ਰੀ   ਧੀ   ਕੋ ਲ   ਬ ਰ ਤਾ ਨ ਵੀ   ਨਾ ਗ ਰਿ ਕ ਤਾ   ਹੈ   I",20,8
ਓਹ,ਓ ਹ,2,1
ਕੋਈ ਗੱਲ ਨਹੀਂ I,ਕੋ ਈ   ਗ ੱ ਲ   ਨ ਹੀਂ   I,8,4
ਕਿ ਤੁਸੀਂ ਦਸਤਾਵੇਜ਼ਾ ਦੀ ਸੂਚੀ ਤਿਆਰ ਕਰ ਸਕਦੇ ਹੋ,ਕਿ   ਤੁ ਸੀਂ   ਦ ਸ ਤਾ ਵੇ ਜ਼ ਾ   ਦੀ   ਸੂ ਚੀ   ਤਿ ਆ ਰ   ਕ ਰ   ਸ ਕ ਦੇ   ਹੋ,21,9
ਤੁਹਾਡੇ ਪੈਨ ਕਾਰਡ ਤੋਂ ਸ਼ੁਰੂਵਤ ਕਰਦੇ ਹਾਂ I,ਤੁ ਹਾ ਡੇ   ਪੈ ਨ   ਕਾ ਰ ਡ   ਤੋਂ   ਸ਼ੁ ਰੂ ਵ ਤ   ਕ ਰ ਦੇ   ਹਾਂ   I,18,8
ਮੈਂ ਮੰਨ ਰਿਹਾ ਹਾਂ ਕਿ ਤੁਸੀਂ ਭਾਰਤੀ ਹੋ,ਮੈਂ   ਮ ੰ ਨ   ਰਿ ਹਾ   ਹਾਂ   ਕਿ   ਤੁ ਸੀਂ   ਭਾ ਰ ਤੀ   ਹੋ,14,8
"ਹਾਂ, ਇਹ ਸਹੀ ਹੈ I","ਹਾਂ ,   ਇ ਹ   ਸ ਹੀ   ਹੈ   I",8,5
"ਮੈਡਮ, ਤੁਹਾਡੇ ਲਈ, ਸਾਨੂੰ ਤਿੰਨ ਦਸਤਾਵੇਜ਼ ਲਗਣਗੇ I","ਮੈ ਡ ਮ ,   ਤੁ ਹਾ ਡੇ   ਲ ਈ ,   ਸਾ ਨੂ ੰ   ਤਿ ੰ ਨ   ਦ ਸ ਤਾ ਵੇ ਜ਼   ਲ ਗ ਣ ਗੇ   I",26,8
"ਇੱਕ ਪ੍ਰ੍ਮਾਣ ਪੱਤਰ, ਇੱਕ ਪਤੇ ਦਾ ਪੱਤਰ ਅਤੇ ਜਨਮ ਪ੍ਰਮਾਣ ਪੱਤਰ I","ਇ ੱ ਕ   ਪ੍ਰ੍ਮਾ ਣ   ਪ ੱ ਤ ਰ ,   ਇ ੱ ਕ   ਪ ਤੇ   ਦਾ   ਪ ੱ ਤ ਰ   ਅ ਤੇ   ਜ ਨ ਮ   ਪ੍ਰ ਮਾ ਣ   ਪ ੱ ਤ ਰ   I",33,12
ਇਨ੍ਹਾਂ ਸਬੂਤਾਂ ਵਿਚੋਂ ਕਿਹੜਾ ਦਸਤਾਵੇਜ਼ ਲਿਆ ਜਾਏਗਾ,ਇ ਨ੍ਹਾਂ   ਸ ਬੂ ਤਾਂ   ਵਿ ਚੋਂ   ਕਿ ਹ ੜ ਾ   ਦ ਸ ਤਾ ਵੇ ਜ ਼   ਲਿ ਆ   ਜਾ ਏ ਗਾ,22,7
"ਪਛਾਣ ਲਈ, ਤੁਸੀਂ ਆਪਣਾ ਆਧਾਰ ਕਾਰਡ, ਜਾਂ ਆਪਣੀ ਵੋਟਰ ਆਈ","ਪ ਛਾ ਣ   ਲ ਈ ,   ਤੁ ਸੀਂ   ਆ ਪ ਣਾ   ਆ ਧਾ ਰ   ਕਾ ਰ ਡ ,   ਜਾਂ   ਆ ਪ ਣੀ   ਵੋ ਟ ਰ   ਆ ਈ",27,10
ਡੀ ਜਾਂ ਪਾਸਪੋਰਟ ਦੀ ਕਾਪੀ ਪੇਸ਼ ਕਰ ਸਕਦੇ ਹੋ,ਡੀ   ਜਾਂ   ਪਾ ਸ ਪੋ ਰ ਟ   ਦੀ   ਕਾ ਪੀ   ਪੇ ਸ ਼   ਕ ਰ   ਸ ਕ ਦੇ   ਹੋ,19,9
"ਤੁਸੀਂ ਆਪਣੇ ਰਾਸ਼ਨ ਕਾਰਡ ਦੀ ਕਾਪੀ ਵੀ ਲੈ ਸਕਦੇ ਹੋ, ਇਹ ਫਾਰਮ ਜੋ ਮੈਂ ਤੁਹਾਨੂੰ ਦੇਵਾਂਗਾ, ਉਸ ਵਿੱਚ ਕੁਛ ਹੋਰ ਦਸਤਾਵੇਜ਼ ਦਿੱਤੇ ਹੋਏ ਹਨ I","ਤੁ ਸੀਂ   ਆ ਪ ਣੇ   ਰਾ ਸ਼ ਨ   ਕਾ ਰ ਡ   ਦੀ   ਕਾ ਪੀ   ਵੀ   ਲੈ   ਸ ਕ ਦੇ   ਹੋ ,   ਇ ਹ   ਫਾ ਰ ਮ   ਜੋ   ਮੈਂ   ਤੁ ਹਾ ਨੂ ੰ   ਦੇ ਵਾਂ ਗਾ ,   ਉ ਸ   ਵਿ ੱ ਚ   ਕੁ ਛ   ਹੋ ਰ   ਦ ਸ ਤਾ ਵੇ ਜ ਼   ਦਿ ੱ ਤੇ   ਹੋ ਏ   ਹ ਨ   I",59,25
"ਜਿਹੜਾ ਮਰਜ਼ੀ ਹੋਵੇ, ਉਸ ਵਿੱਚ ਤੁਹਾਡੀ ਤਸਵੀਰ ਜ਼ਰੂਰ ਹੋਣੀ ਚਾਹੀਦੀ ਹੈ I","ਜਿ ਹ ੜ ਾ   ਮ ਰ ਜ਼ ੀ   ਹੋ ਵੇ ,   ਉ ਸ   ਵਿ ੱ ਚ   ਤੁ ਹਾ ਡੀ   ਤ ਸ ਵੀ ਰ   ਜ਼ ਰੂ ਰ   ਹੋ ਣੀ   ਚਾ ਹੀ ਦੀ   ਹੈ   I",33,12
ਕੀ ਮੈਂ ਇਹ ਸਪੱਸ਼ਟ ਕਰ ਦਿੱਤਾ ਹੈ,ਕੀ   ਮੈਂ   ਇ ਹ   ਸ ਪ ੱ ਸ ਼ ਟ   ਕ ਰ   ਦਿ ੱ ਤਾ   ਹੈ,16,7
"ਜੀ, ਸਰ, ਤੁਸੀਂ ਸਾਫ਼ ਕਰ ਦਿੱਤਾ ਹੈ I","ਜੀ ,   ਸ ਰ ,   ਤੁ ਸੀਂ   ਸਾ ਫ਼   ਕ ਰ   ਦਿ ੱ ਤਾ   ਹੈ   I",16,8
"ਪਤੇ ਦੇ ਪ੍ਰਮਾਣ ਦੇ ਲਈ, ਕੋਈ ਵੀ ਬਿਲ ਜੋ ਤਿੰਨ ਮਹਿਨੀਆਂ ਤੋਂ ਪੂਰਾਣਾ ਨਹੀਂ ਹੈ, ਓਹ ਚੱਲ ਜਾਵੇਗਾ I","ਪ ਤੇ   ਦੇ   ਪ੍ਰ ਮਾ ਣ   ਦੇ   ਲ ਈ ,   ਕੋ ਈ   ਵੀ   ਬਿ ਲ   ਜੋ   ਤਿ ੰ ਨ   ਮ ਹਿ ਨੀ ਆ ਂ   ਤੋਂ   ਪੂ ਰਾ ਣਾ   ਨ ਹੀਂ   ਹੈ ,   ਓ ਹ   ਚ ੱ ਲ   ਜਾ ਵੇ ਗਾ   I",41,19
"ਬਿਲ ਤੋਂ ਮੇਰਾ ਮਤਲਬ ਹੈ, ਲੈਂਡਲਾਈਨ ਬਿੱਲ, ਜਾਂ ਬਿਜਲੀ ਦਾ ਬਿੱਲ, ਜਾਂ ਪਾਣੀ ਦਾ ਬਿੱਲ I","ਬਿ ਲ   ਤੋਂ   ਮੇ ਰਾ   ਮ ਤ ਲ ਬ   ਹੈ ,   ਲੈਂ ਡ ਲਾ ਈ ਨ   ਬਿ ੱ ਲ ,   ਜਾਂ   ਬਿ ਜ ਲੀ   ਦਾ   ਬਿ ੱ ਲ ,   ਜਾਂ   ਪਾ ਣੀ   ਦਾ   ਬਿ ੱ ਲ   I",37,16
ਓਹ ਸਭ ਫਾਰਮ ਵਿੱਚ ਦਿਤੇ ਹੋਏ ਹਨ I,ਓ ਹ   ਸ ਭ   ਫਾ ਰ ਮ   ਵਿ ੱ ਚ   ਦਿ ਤੇ   ਹੋ ਏ   ਹ ਨ   I,17,8
"ਜਾਂ, ਤੁਸੀਂ ਆਪਣੀ ਪੋਸਟ ਆਫਿਸ ਪਾਸਬੁੱਕ, ਜਾਂ ਪਾਸਪੋਰਟ ਦੀ ਇੱਕ ਕਾਪੀ ਪੇਸ਼ ਕਰ ਸਕਦੇ ਹੋ","ਜਾਂ ,   ਤੁ ਸੀਂ   ਆ ਪ ਣੀ   ਪੋ ਸ ਟ   ਆ ਫਿ ਸ   ਪਾ ਸ ਬੁ ੱ ਕ ,   ਜਾਂ   ਪਾ ਸ ਪੋ ਰ ਟ   ਦੀ   ਇ ੱ ਕ   ਕਾ ਪੀ   ਪੇ ਸ ਼   ਕ ਰ   ਸ ਕ ਦੇ   ਹੋ",40,15
"ਫੇਰ, ਜੋ ਵੀ ਹੈ, ਉਸ ਤੇ ਤੁਹਾਡਾ ਪਤਾ ਦਿਤਾ ਹੋਣਾ ਚਾਹੀਦਾ ਹੈ I","ਫੇ ਰ ,   ਜੋ   ਵੀ   ਹੈ ,   ਉ ਸ   ਤੇ   ਤੁ ਹਾ ਡਾ   ਪ ਤਾ   ਦਿ ਤਾ   ਹੋ ਣਾ   ਚਾ ਹੀ ਦਾ   ਹੈ   I",24,13
ਤੁਸੀਂ ਸਮਝ ਗਏ ਨਾ,ਤੁ ਸੀਂ   ਸ ਮ ਝ   ਗ ਏ   ਨਾ,8,4
"ਹਾਂ, ਅਤੇ ਜਨਮ ਮਿਤੀ ਬਾਰੇ ਕਿਵੇਂ ਕਰਨਾ ਹੈ","ਹਾਂ ,   ਅ ਤੇ   ਜ ਨ ਮ   ਮਿ ਤੀ   ਬਾ ਰੇ   ਕਿ ਵੇਂ   ਕ ਰ ਨਾ   ਹੈ",17,8
ਜਨਮ ਪ੍ਰਮਾਣ ਪੱਤਰ ਜਾਂ ਪਾਸਪੋਰਟ ਨਾਲ ਕੰਮ ਹੋ ਜਾਵੇਗਾ I,ਜ ਨ ਮ   ਪ੍ਰ ਮਾ ਣ   ਪ ੱ ਤ ਰ   ਜਾਂ   ਪਾ ਸ ਪੋ ਰ ਟ   ਨਾ ਲ   ਕ ੰ ਮ   ਹੋ   ਜਾ ਵੇ ਗਾ   I,26,10
"ਹੁਣ, ਤੁਹਾਡੀ ਧੀ ਲਈ, ਉਸ ਨੂੰ ਦੋ ਦਸਤਾਵੇਜ਼ ਪੇਸ਼ ਕਰਨੇ ਪੈਣਗੇ I","ਹੁ ਣ ,   ਤੁ ਹਾ ਡੀ   ਧੀ   ਲ ਈ ,   ਉ ਸ   ਨੂ ੰ   ਦੋ   ਦ ਸ ਤਾ ਵੇ ਜ਼   ਪੇ ਸ਼   ਕ ਰ ਨੇ   ਪੈ ਣ ਗੇ   I",29,12
ਇੱਕ ਪਛਾਣ ਦਾ ਸਬੂਤ ਅਤੇ ਇੱਕ ਪਤੇ ਦਾ ਸਬੂਤ,ਇ ੱ ਕ   ਪ ਛਾ ਣ   ਦਾ   ਸ ਬੂ ਤ   ਅ ਤੇ   ਇ ੱ ਕ   ਪ ਤੇ   ਦਾ   ਸ ਬੂ ਤ,21,9
ਇੱਕ ਪਾਸਪੋਰਟ ਦੋਨਾਂ ਲਈ ਕਾਫੀ ਹੈ I,ਇ ੱ ਕ   ਪਾ ਸ ਪੋ ਰ ਟ   ਦੋ ਨਾਂ   ਲ ਈ   ਕਾ ਫੀ   ਹੈ   I,16,7
ਸ਼ੁਕਰ ਹੈ I,ਸ਼ੁ ਕ ਰ   ਹੈ   I,5,3
ਇਹ ਰਹੀ ਸੂਚੀ I,ਇ ਹ   ਰ ਹੀ   ਸੂ ਚੀ   I,7,4
ਇਸ ਵਿੱਚ ਤੁਹਾਨੂੰ ਸਾਰੇ ਦਸਤਾਵੇਜ਼ ਮਿਲ ਜਾਣਗੇ I,ਇ ਸ   ਵਿ ੱ ਚ   ਤੁ ਹਾ ਨੂ ੰ   ਸਾ ਰੇ   ਦ ਸ ਤਾ ਵੇ ਜ ਼   ਮਿ ਲ   ਜਾ ਣ ਗੇ   I,23,8
ਕਿੰਨੀ ਦੇਰ ਲਗੇਗੀ ਕਾਰਡ ਪਹੁੰਚਣ ਲਈ,ਕਿ ੰ ਨੀ   ਦੇ ਰ   ਲ ਗੇ ਗੀ   ਕਾ ਰ ਡ   ਪ ਹੁ ੰ ਚ ਣ   ਲ ਈ,18,6
ਘੱਟੋ-ਘੱਟ 15 ਤੋਂ 20 ਕਾਰਜ ਦਿਵਸ,ਘ ੱ ਟੋ - ਘ ੱ ਟ   1 5   ਤੋਂ   2 0   ਕਾ ਰ ਜ   ਦਿ ਵ ਸ,18,6
"ਸ਼੍ਰੀਮਨ, ਕਿ ਮੈਂ ਅੰਦਰ ਆ ਸਕਦੀ ਹਾ","ਸ਼੍ਰੀ ਮ ਨ ,   ਕਿ   ਮੈਂ   ਅ ੰ ਦ ਰ   ਆ   ਸ ਕ ਦੀ   ਹਾ",15,7
"ਹਾਂਜੀ, ਕ੍ਰਿਪਾ ਕਰਕੇ ਅੰਦਰ ਆਉ I","ਹਾਂ ਜੀ ,   ਕ੍ਰਿ ਪਾ   ਕ ਰ ਕੇ   ਅ ੰ ਦ ਰ   ਆ ਉ   I",15,6
ਕ੍ਰਿਪਾ ਕਰਕੇ ਬੈਥੋ,ਕ੍ਰਿ ਪਾ   ਕ ਰ ਕੇ   ਬੈ ਥੋ,7,3
"ਦਸੋਂ, ਮੈਂ ਕਿਦਾਂ ਤੁਹਾਡੀ ਮਦਦ ਕਰ ਸਕਦਾ ਹਾਂ","ਦ ਸੋਂ ,   ਮੈਂ   ਕਿ ਦਾਂ   ਤੁ ਹਾ ਡੀ   ਮ ਦ ਦ   ਕ ਰ   ਸ ਕ ਦਾ   ਹਾਂ",18,8
"ਸ਼੍ਰੀਮਨ, ਮੈਂ ਹੋਪ ਗੈਰਸਕਰਾਰੀ ਸੰਸਥਾ ਤੋਂ ਆਈਆਂ ਹਾਂ I","ਸ਼੍ਰੀ ਮ ਨ ,   ਮੈਂ   ਹੋ ਪ   ਗੈ ਰ ਸ ਕ ਰਾ ਰੀ   ਸ ੰ ਸ ਥਾ   ਤੋਂ   ਆ ਈ ਆ ਂ   ਹਾਂ   I",24,9
ਅਸੀਂ ਗ਼ਰੀਬਾ ਲਈ ਕੁੱਛ ਸਕੂਲ ਚੱਲਾ ਰਹੇ ਹਾਂ I,ਅ ਸੀਂ   ਗ਼ ਰੀ ਬਾ   ਲ ਈ   ਕੁ ੱ ਛ   ਸ ਕੂ ਲ   ਚ ੱ ਲਾ   ਰ ਹੇ   ਹਾਂ   I,20,9
ਸਾਡੇ ਸਲੱਮ ਖੇਤਰਾਂ ਵਿੱਚ ਤਿੰਨ ਸਕੂਲ ਹਨ I,ਸਾ ਡੇ   ਸ ਲ ੱ ਮ   ਖੇ ਤ ਰਾਂ   ਵਿ ੱ ਚ   ਤਿ ੰ ਨ   ਸ ਕੂ ਲ   ਹ ਨ   I,21,8
ਇਹ ਤਾਂ ਬਹੁਤ ਵਧੀਆ ਗੱਲ ਹੈ I,ਇ ਹ   ਤਾਂ   ਬ ਹੁ ਤ   ਵ ਧੀ ਆ   ਗ ੱ ਲ   ਹੈ   I,14,7
"ਮੈਨੂੰ ਕਹਿਣਾ ਪੇਏਗਾ, ਇਹ ਇੱਕ ਬਹੁਤ ਵਧੀਆ ਪਹਿਲ ਹੈ I","ਮੈ ਨੂ ੰ   ਕ ਹਿ ਣਾ   ਪੇ ਏ ਗਾ ,   ਇ ਹ   ਇ ੱ ਕ   ਬ ਹੁ ਤ   ਵ ਧੀ ਆ   ਪ ਹਿ ਲ   ਹੈ   I",26,10
"ਸੋ, ਮੈਂ ਕਿਦਾਂ ਤੁਹਾਡੀ ਮਦਦ ਕਰ ਸਕਦਾ ਹਾਂ","ਸੋ ,   ਮੈਂ   ਕਿ ਦਾਂ   ਤੁ ਹਾ ਡੀ   ਮ ਦ ਦ   ਕ ਰ   ਸ ਕ ਦਾ   ਹਾਂ",17,8
"ਸ਼੍ਰੀਮਨ, ਮੈਨੂੰ ਤੁਹਾਡੇ ਦਫ਼ਤਰ ਬਾਰੇ ਕੁੱਛ ਜਾਣਕਾਰੀ ਚਾਹੀਦੀ ਸੀ I","ਸ਼੍ਰੀ ਮ ਨ ,   ਮੈ ਨੂ ੰ   ਤੁ ਹਾ ਡੇ   ਦ ਫ਼ ਤ ਰ   ਬਾ ਰੇ   ਕੁ ੱ ਛ   ਜਾ ਣ ਕਾ ਰੀ   ਚਾ ਹੀ ਦੀ   ਸੀ   I",28,10
ਜਿਦਾਂ ਕਿ ਤੁਸੀਂ ਜਾਣਦੇ ਹੋ ਕਿ ਸਾਡੇ ਸਾਡੇ ਵਿਦਿਆਰਥੀ ਮਜ਼ਦੂਰ ਪਰਿਵਾਰਾ ਤੋਂ ਆਉਂਦੇ ਹਨ,ਜਿ ਦਾਂ   ਕਿ   ਤੁ ਸੀਂ   ਜਾ ਣ ਦੇ   ਹੋ   ਕਿ   ਸਾ ਡੇ   ਸਾ ਡੇ   ਵਿ ਦਿ ਆ ਰ ਥੀ   ਮ ਜ਼ ਦੂ ਰ   ਪ ਰਿ ਵਾ ਰਾ   ਤੋਂ   ਆ ਉ ਂ ਦੇ   ਹ ਨ,34,14
ਮੈਂ ਇਹ ਜਾਨਣਾ ਚਾਉਂਦਾ ਹਾਂ ਜੇਰਕ 10 ਵੀ ਵਰਗ ਦੇ ਵਿਦਿਆਰਥੀਆਂ ਲਈ ਕੋਈ ਕੰਮ ਕਰਨ ਦੇ ਮੌਕੇ ਹਨ I,ਮੈਂ   ਇ ਹ   ਜਾ ਨ ਣਾ   ਚਾ ਉ ਂ ਦਾ   ਹਾਂ   ਜੇ ਰ ਕ   1 0   ਵੀ   ਵ ਰ ਗ   ਦੇ   ਵਿ ਦਿ ਆ ਰ ਥੀ ਆ ਂ   ਲ ਈ   ਕੋ ਈ   ਕ ੰ ਮ   ਕ ਰ ਨ   ਦੇ   ਮੌ ਕੇ   ਹ ਨ   I,44,19
"ਹਾਂ, ਦਸੋਂ ਤੁਸੀਂ ਕਿ ਜਾਣਨਾ ਚਾਉਂਦੇ ਹੋ","ਹਾਂ ,   ਦ ਸੋਂ   ਤੁ ਸੀਂ   ਕਿ   ਜਾ ਣ ਨਾ   ਚਾ ਉ ਂ ਦੇ   ਹੋ",15,7
ਇੱਕ ਤਾਂ ਬਹੁਤ ਵਧੀਆ ਸੋਚ ਹੈ I,ਇ ੱ ਕ   ਤਾਂ   ਬ ਹੁ ਤ   ਵ ਧੀ ਆ   ਸੋ ਚ   ਹੈ   I,14,7
"ਪਰ, ਕਿ ਓਹ ਪੜ੍ਹਾਈ ਦੇ ਨਾਲ ਨਾਲ ਕੰਮ ਕਰਨਗੇ","ਪ ਰ ,   ਕਿ   ਓ ਹ   ਪ ੜ ੍ ਹਾ ਈ   ਦੇ   ਨਾ ਲ   ਨਾ ਲ   ਕ ੰ ਮ   ਕ ਰ ਨ ਗੇ",23,9
"ਨਹੀਂ ਸ਼੍ਰੀਮਨ, ਓਹ ਨਹੀਂ ਕਰਨਗੇ I","ਨ ਹੀਂ   ਸ਼੍ਰੀ ਮ ਨ ,   ਓ ਹ   ਨ ਹੀਂ   ਕ ਰ ਨ ਗੇ   I",15,6
ਓਹ ਆਪਣੀ 10 ਵੀ ਜਮਾਤ ਦੇ ਇਮਤਿਹਾਨ ਅਗਲੇ ਮਹਿਨੇ ਪੂਰੇ ਕਰਨਗੇ,ਓ ਹ   ਆ ਪ ਣੀ   1 0   ਵੀ   ਜ ਮਾ ਤ   ਦੇ   ਇ ਮ ਤਿ ਹਾ ਨ   ਅ ਗ ਲੇ   ਮ ਹਿ ਨੇ   ਪੂ ਰੇ   ਕ ਰ ਨ ਗੇ,29,11
"ਸੋ, ਇਮਤਿਹਾਨਾ ਤੋਂ ਬਾਅਦ, ਅਸੀਂ ਚਾਉਂਦੇ ਹਾਂ ਕਿ ਓਹ ਕਿਤੇ ਰੁੱਝ ਜਾਣ ਤਾਂ ਜੋ ਓਹ ਪੈਸੇ ਕਮਾਉਣਾ ਸ਼ੁਰੂ ਕਰ ਦੇਣ I","ਸੋ ,   ਇ ਮ ਤਿ ਹਾ ਨਾ   ਤੋਂ   ਬਾ ਅ ਦ ,   ਅ ਸੀਂ   ਚਾ ਉ ਂ ਦੇ   ਹਾਂ   ਕਿ   ਓ ਹ   ਕਿ ਤੇ   ਰੁ ੱ ਝ   ਜਾ ਣ   ਤਾਂ   ਜੋ   ਓ ਹ   ਪੈ ਸੇ   ਕ ਮਾ ਉ ਣਾ   ਸ਼ੁ ਰੂ   ਕ ਰ   ਦੇ ਣ   I",46,21
"ਇਸ ਦੇ ਨਾਲ ਓਹ ਅਨੁਸ਼ਾਸਨ, ਟੀਮ ਵਰਕ ਆਦਿ ਬਾਰੇ ਵੀ ਸਿੱਖਣਗੇ","ਇ ਸ   ਦੇ   ਨਾ ਲ   ਓ ਹ   ਅ ਨੁ ਸ ਼ ਾ ਸ ਨ ,   ਟੀ ਮ   ਵ ਰ ਕ   ਆ ਦਿ   ਬਾ ਰੇ   ਵੀ   ਸਿ ੱ ਖ ਣ ਗੇ",30,11
ਠੀਕ ਹੈ,ਠੀ ਕ   ਹੈ,3,2
ਇਹ ਕੰਮ ਹੋ ਸਕਦਾ ਹੈ I,ਇ ਹ   ਕ ੰ ਮ   ਹੋ   ਸ ਕ ਦਾ   ਹੈ   I,11,6
ਇਹ ਓਨ੍ਹਾਂ ਵਾਸਤੇ ਵੀ ਚੰਗਾ ਰਹੇਗਾ I,ਇ ਹ   ਓ ਨ੍ਹਾਂ   ਵਾ ਸ ਤੇ   ਵੀ   ਚ ੰ ਗਾ   ਰ ਹੇ ਗਾ   I,15,7
ਓਹ ਅਲੱਗ ਅਲੱਗ ਚੀਜ਼ਾਂ ਸਿਖ ਸਕਣਗੇ I,ਓ ਹ   ਅ ਲ ੱ ਗ   ਅ ਲ ੱ ਗ   ਚੀ ਜ਼ ਾ ਂ   ਸਿ ਖ   ਸ ਕ ਣ ਗੇ   I,21,7
"ਜੀ, ਸ਼੍ਰੀਮਾਣ, ਅਸੀਂ ਨਹੀਂ ਚਾਉਂਦੇ ਕਿ ਓਹ ਵਾਪਸ ਝੁੱਗੀ-ਝੌਂਪੜੀ ਦੇ ਵਾਤਾਵਰਨ ਵਿੱਚ ਜਾਉਣ I","ਜੀ ,   ਸ਼੍ਰੀ ਮਾ ਣ ,   ਅ ਸੀਂ   ਨ ਹੀਂ   ਚਾ ਉ ਂ ਦੇ   ਕਿ   ਓ ਹ   ਵਾ ਪ ਸ   ਝੁ ੱ ਗੀ - ਝੌਂ ਪ ੜ ੀ   ਦੇ   ਵਾ ਤਾ ਵ ਰ ਨ   ਵਿ ੱ ਚ   ਜਾ ਉ ਣ   I",41,14
"ਜੇਕਰ ਓਹ ਕਿਸੇ ਦਫ਼ਤਰ ਵਿੱਚ ਕੰਮ ਕਰਨਾ ਸ਼ੁਰੂ ਕਰਨਗੇ, ਤਾਂ ਓਹ ਕੰਮ ਦੇ ਵਾਤਾਵਰਣ ਨਾਲ ਜਾਣੂ ਹੋ ਸਕਣਗੇ","ਜੇ ਕ ਰ   ਓ ਹ   ਕਿ ਸੇ   ਦ ਫ਼ ਤ ਰ   ਵਿ ੱ ਚ   ਕ ੰ ਮ   ਕ ਰ ਨਾ   ਸ਼ੁ ਰੂ   ਕ ਰ ਨ ਗੇ ,   ਤਾਂ   ਓ ਹ   ਕ ੰ ਮ   ਦੇ   ਵਾ ਤਾ ਵ ਰ ਣ   ਨਾ ਲ   ਜਾ ਣੂ   ਹੋ   ਸ ਕ ਣ ਗੇ",48,18
"ਹਾਂ, ਇਹ ਓਨ੍ਹਾਂ ਨੂੰ ਅੱਗੇ ਵਧਾਏਗਾ I","ਹਾਂ ,   ਇ ਹ   ਓ ਨ੍ਹਾਂ   ਨੂ ੰ   ਅ ੱ ਗੇ   ਵ ਧਾ ਏ ਗਾ   I",16,7
ਮੈਂ ਦੇਖਦਾ ਹੈ ਜੇਕਰ ਮੈਂ ਉਹਨਾਂ ਵਿੱਚੋਂ ਕਈਆ ਨੂੰ ਆਪਣੀ ਪੈਕੇਜਿੰਗ ਯੂਨਿਟ ਵਿੱਚ ਸ਼ਾਮਲ ਕਰ ਸਕਦਾ/ਹਾਂ ਜਾ ਨਹੀਂ,ਮੈਂ   ਦੇ ਖ ਦਾ   ਹੈ   ਜੇ ਕ ਰ   ਮੈਂ   ਉ ਹ ਨਾਂ   ਵਿ ੱ ਚੋਂ   ਕ ਈ ਆ   ਨੂ ੰ   ਆ ਪ ਣੀ   ਪੈ ਕੇ ਜਿ ੰ ਗ   ਯੂ ਨਿ ਟ   ਵਿ ੱ ਚ   ਸ ਼ ਾ ਮ ਲ   ਕ ਰ   ਸ ਕ ਦਾ / ਹਾਂ   ਜਾ   ਨ ਹੀਂ,49,18
ਤੁਹਾਡੇ ਆਸ਼ਵਾਸ਼ਨ ਲਈ ਤੁਹਾਡਾ ਬਹੁਤ ਧੰਨਵਾਦ,ਤੁ ਹਾ ਡੇ   ਆ ਸ਼ ਵਾ ਸ਼ ਨ   ਲ ਈ   ਤੁ ਹਾ ਡਾ   ਬ ਹੁ ਤ   ਧ ੰ ਨ ਵਾ ਦ,21,6
ਤੁਹਾਡੇ ਭਰੋਸੇ ਲਈ ਤੁਹਾਡਾ ਬਹੁਤ ਧੰਨਵਾਦ,ਤੁ ਹਾ ਡੇ   ਭ ਰੋ ਸੇ   ਲ ਈ   ਤੁ ਹਾ ਡਾ   ਬ ਹੁ ਤ   ਧ ੰ ਨ ਵਾ ਦ,19,6
ਮੈਂ ਓਨ੍ਹਾਂ ਨੂੰ ਪਰਿਖ ਖ਼ਤਮ ਹੋਣ ਤੋਂ ਬਾਅਦ ਇਥੇ ਲਿਆਂਵੰਗ,ਮੈਂ   ਓ ਨ੍ਹਾਂ   ਨੂ ੰ   ਪ ਰਿ ਖ   ਖ਼ ਤ ਮ   ਹੋ ਣ   ਤੋਂ   ਬਾ ਅ ਦ   ਇ ਥੇ   ਲਿ ਆ ਂ ਵ ੰ ਗ,25,10
ਇਹ ਲਿੱਟੀ ਮੈਨੂੰ ਇਡਲੀ ਦੀ ਯਾਦ ਦਵਾ ਰਹੀ ਹੈ,ਇ ਹ   ਲਿ ੱ ਟੀ   ਮੈ ਨੂ ੰ   ਇ ਡ ਲੀ   ਦੀ   ਯਾ ਦ   ਦ ਵਾ   ਰ ਹੀ   ਹੈ,19,9
ਦੋਵੇਂ ਵਿੱਚ ਬਹੁਤ ਫਰਕ ਹੈ ਪਰ ਆਕਾਰ ਮੈਨੂੰ ਇਸਦੀ ਯਾਦ ਦਵਾ ਰਿਹਾ ਹੈ,ਦੋ ਵੇਂ   ਵਿ ੱ ਚ   ਬ ਹੁ ਤ   ਫ ਰ ਕ   ਹੈ   ਪ ਰ   ਆ ਕਾ ਰ   ਮੈ ਨੂ ੰ   ਇ ਸ ਦੀ   ਯਾ ਦ   ਦ ਵਾ   ਰਿ ਹਾ   ਹੈ,30,13
"ਹਾਂ, ਇਹ ਇੱਕ ਬਿਹਾਰੀ ਮੁੱਖ ਭੋਜਨ ਹੈ","ਹਾਂ ,   ਇ ਹ   ਇ ੱ ਕ   ਬਿ ਹਾ ਰੀ   ਮੁ ੱ ਖ   ਭੋ ਜ ਨ   ਹੈ",17,7
ਸਾਈਡ ਡਿਸ਼ ਨੂੰ ਚੌਖਾ ਕਿਹਾ ਜਾਂਦਾ ਹੈ,ਸਾ ਈ ਡ   ਡਿ ਸ਼   ਨੂ ੰ   ਚੌ ਖਾ   ਕਿ ਹਾ   ਜਾਂ ਦਾ   ਹੈ,14,7
ਲਿੱਟੀ ਮੁੱਖ ਤੌਰ ਤੇ ਕਣਕ ਦਾ ਬਣਿਆ ਹੁੰਦਾ ਹੈ ਜਦੋਂ ਕਿ ਚੌਖਾ ਬੈਂਗਣ ਅਤੇ ਟਮਾਟਰਾਂ ਦਾ ਬਣਿਆ ਹੁੰਦਾ ਹੈ,ਲਿ ੱ ਟੀ   ਮੁ ੱ ਖ   ਤੌ ਰ   ਤੇ   ਕ ਣ ਕ   ਦਾ   ਬ ਣਿ ਆ   ਹੁ ੰ ਦਾ   ਹੈ   ਜ ਦੋਂ   ਕਿ   ਚੌ ਖਾ   ਬੈਂ ਗ ਣ   ਅ ਤੇ   ਟ ਮਾ ਟ ਰਾਂ   ਦਾ   ਬ ਣਿ ਆ   ਹੁ ੰ ਦਾ   ਹੈ,42,19
ਇਸ ਵਿੱਚ ਕਿਹੜਾ ਤੇਲ ਵਰਤਦੇ ਹਨ,ਇ ਸ   ਵਿ ੱ ਚ   ਕਿ ਹ ੜ ਾ   ਤੇ ਲ   ਵ ਰ ਤ ਦੇ   ਹ ਨ,17,6
ਇਹ ਕੇਰਲ ਦੇ ਪਕਵਾਨਾਂ ਤੋਂ ਵੱਖਰਾ ਜਾਪਦਾ ਹੈ,ਇ ਹ   ਕੇ ਰ ਲ   ਦੇ   ਪ ਕ ਵਾ ਨਾਂ   ਤੋਂ   ਵ ੱ ਖ ਰਾ   ਜਾ ਪ ਦਾ   ਹੈ,19,8
ਸਰੋਂ ਦਾ ਤੇਲ ਆਮ ਤੌਰ ਤੇ ਚੌਖੇ ਵਿੱਚ ਵਰਤਿਆ ਜਾਂਦਾ ਹੈ,ਸ ਰੋਂ   ਦਾ   ਤੇ ਲ   ਆ ਮ   ਤੌ ਰ   ਤੇ   ਚੌ ਖੇ   ਵਿ ੱ ਚ   ਵ ਰ ਤਿ ਆ   ਜਾਂ ਦਾ   ਹੈ,22,11
ਸਾਰੇ ਬਿਹਾਰੀ ਪਕਵਾਨਾਂ ਵਿੱਚ ਸਰੋਂ ਦਾ ਤੇਲ ਵਰਤਿਆ ਜਾਂਦਾ ਹੈ,ਸਾ ਰੇ   ਬਿ ਹਾ ਰੀ   ਪ ਕ ਵਾ ਨਾਂ   ਵਿ ੱ ਚ   ਸ ਰੋਂ   ਦਾ   ਤੇ ਲ   ਵ ਰ ਤਿ ਆ   ਜਾਂ ਦਾ   ਹੈ,24,10
ਤੁਹਾਡੇ ਸਾਹਮਣੇ ਕਿਹੜਾ ਪਕਵਾਨ ਹੈ,ਤੁ ਹਾ ਡੇ   ਸਾ ਹ ਮ ਣੇ   ਕਿ ਹ ੜ ਾ   ਪ ਕ ਵਾ ਨ   ਹੈ,16,5
ਇਸ ਨੂੰ ਪੁੱਟੂ ਕਹਿੰਦੇ ਹਨ ਅਤੇ ਅਸੀਂ ਆਮ ਤੌਰ 'ਤੇ ਕਾਲੇ ਛੋਲਿਆਂ ਨਾਲ ਇਸ ਨੂੰ ਖਾਨੇ ਹਾਂ,ਇ ਸ   ਨੂ ੰ   ਪੁ ੱ ਟੂ   ਕ ਹਿ ੰ ਦੇ   ਹ ਨ   ਅ ਤੇ   ਅ ਸੀਂ   ਆ ਮ   ਤੌ ਰ   ' ਤੇ   ਕਾ ਲੇ   ਛੋ ਲਿ ਆ ਂ   ਨਾ ਲ   ਇ ਸ   ਨੂ ੰ   ਖਾ ਨੇ   ਹਾਂ,38,17
"ਇਹ ਬਹੁਤ ਤਰ੍ਹਾਂ ਦੇ ਹੁੰਦੇ ਹਨ, ਪਰ ਜਿਹੜਾ ਇੱਕ ਮੈਂ ਆਡਰ ਕੀਤਾ ਹੈ ਉਹ ਚੌਲਾਂ ਦੇ ਆਟੇ ਦਾ ਬਣਿਆ ਹੋਇਆ ਹੈ","ਇ ਹ   ਬ ਹੁ ਤ   ਤ ਰ੍ਹਾਂ   ਦੇ   ਹੁ ੰ ਦੇ   ਹ ਨ ,   ਪ ਰ   ਜਿ ਹ ੜ ਾ   ਇ ੱ ਕ   ਮੈਂ   ਆ ਡ ਰ   ਕੀ ਤਾ   ਹੈ   ਉ ਹ   ਚੌ ਲਾਂ   ਦੇ   ਆ ਟੇ   ਦਾ   ਬ ਣਿ ਆ   ਹੋ ਇ ਆ   ਹੈ",45,21
"ਓਹ, ਕੀ ਕਾਲੇ ਛੋਲਿਆਂ ਦੀ ਸਾਈਡ ਡਿਸ਼ ਮਸਾਲੇ-ਦਾਰ ਕਰਾਰੀ ਹੈ","ਓ ਹ ,   ਕੀ   ਕਾ ਲੇ   ਛੋ ਲਿ ਆ ਂ   ਦੀ   ਸਾ ਈ ਡ   ਡਿ ਸ਼   ਮ ਸਾ ਲੇ - ਦਾ ਰ   ਕ ਰਾ ਰੀ   ਹੈ",26,10
ਮੈਂ ਪਹਿਲਾਂ ਕਦੇ ਪੁੱਟੂ ਬਾਰੇ ਨਹੀਂ ਸੁਣਿਆ,ਮੈਂ   ਪ ਹਿ ਲਾਂ   ਕ ਦੇ   ਪੁ ੱ ਟੂ   ਬਾ ਰੇ   ਨ ਹੀਂ   ਸੁ ਣਿ ਆ,16,7
ਕੀ ਉਸ ਉੱਤੇ ਨਾਰੀਅਲ ਭੁਕਿਆ ਹੋਈਆਂ ਹੈ,ਕੀ   ਉ ਸ   ਉ ੱ ਤੇ   ਨਾ ਰੀ ਅ ਲ   ਭੁ ਕਿ ਆ   ਹੋ ਈ ਆ ਂ   ਹੈ,18,7
"ਹਾਂ, ਨਾਰੀਅਲ ਦਾ ਤੇਲ ਕੇਰਲ ਦੀਆਂ ਬਹੁਤ ਸਾਰੇ ਪਕਵਾਨਾਂ ਵਿੱਚ ਅਕਸਰ ਵਰਤਿਆ ਜਾਂਦਾ ਹੈ","ਹਾਂ ,   ਨਾ ਰੀ ਅ ਲ   ਦਾ   ਤੇ ਲ   ਕੇ ਰ ਲ   ਦੀ ਆ ਂ   ਬ ਹੁ ਤ   ਸਾ ਰੇ   ਪ ਕ ਵਾ ਨਾਂ   ਵਿ ੱ ਚ   ਅ ਕ ਸ ਰ   ਵ ਰ ਤਿ ਆ   ਜਾਂ ਦਾ   ਹੈ",38,14
ਉਹਨਾਂ ਵਿੱਚ ਮਸਾਲਾ ਵੀ ਭਰਪੂਰ ਹੁੰਦਾ ਹੈ ਇਸ ਲਈ ਜਿਆਦਾਤਰ ਪਕਵਾਨਾਂ ਵਿੱਚ ਮਸਾਲੇ ਦੀ ਮਾਤਰਾ ਵਧੇਰੇ ਹੁੰਦੀ ਹੈ,ਉ ਹ ਨਾਂ   ਵਿ ੱ ਚ   ਮ ਸਾ ਲਾ   ਵੀ   ਭ ਰ ਪੂ ਰ   ਹੁ ੰ ਦਾ   ਹੈ   ਇ ਸ   ਲ ਈ   ਜਿ ਆ ਦਾ ਤ ਰ   ਪ ਕ ਵਾ ਨਾਂ   ਵਿ ੱ ਚ   ਮ ਸਾ ਲੇ   ਦੀ   ਮਾ ਤ ਰਾ   ਵ ਧੇ ਰੇ   ਹੁ ੰ ਦੀ   ਹੈ,48,18
ਕੀ ਲਿੱਟੀ ਤੁਹਾਡਾ ਪਸੰਦੀਦਾ ਪਕਵਾਨ ਹੈ,ਕੀ   ਲਿ ੱ ਟੀ   ਤੁ ਹਾ ਡਾ   ਪ ਸ ੰ ਦੀ ਦਾ   ਪ ਕ ਵਾ ਨ   ਹੈ,17,6
ਲਿੱਟੀ ਮੇਰੇ ਪਸੰਦੀਦਾ ਪਕਵਾਨਾਂ 'ਚੋਂ ਇੱਕ ਹੈ,ਲਿ ੱ ਟੀ   ਮੇ ਰੇ   ਪ ਸ ੰ ਦੀ ਦਾ   ਪ ਕ ਵਾ ਨਾਂ   ' ਚੋਂ   ਇ ੱ ਕ   ਹੈ,20,7
ਮੇਰਾ ਪਸੰਦੀਦਾ ਬਿਹਾਰੀ ਪਕਵਾਨ ਸੱਤੂ ਦਾ ਪਰਾਂਠਾ ਹੈ,ਮੇ ਰਾ   ਪ ਸ ੰ ਦੀ ਦਾ   ਬਿ ਹਾ ਰੀ   ਪ ਕ ਵਾ ਨ   ਸ ੱ ਤੂ   ਦਾ   ਪ ਰਾਂ ਠਾ   ਹੈ,22,8
ਇਹ ਭਾਰਤੀ ਟੈਕੋ ਵਰਗਾ ਦਿਖਦਾ ਹੈ,ਇ ਹ   ਭਾ ਰ ਤੀ   ਟੈ ਕੋ   ਵ ਰ ਗਾ   ਦਿ ਖ ਦਾ   ਹੈ,14,6
"ਮੈਂ ਕਦੇ ਇਸ ਬਾਰੇ ਨਹੀਂ ਸੁਣਿਆ, ਪਰ ਕੀ ਇਹ ਪੌਸ਼ਟਿਕ ਹੈ","ਮੈਂ   ਕ ਦੇ   ਇ ਸ   ਬਾ ਰੇ   ਨ ਹੀਂ   ਸੁ ਣਿ ਆ ,   ਪ ਰ   ਕੀ   ਇ ਹ   ਪੌ ਸ਼ ਟਿ ਕ   ਹੈ",23,11
"ਓਹ ਹਾਂ, ਇਹ ਬਹੁਤ ਪੌਸ਼ਟਿਕ ਹੈ","ਓ ਹ   ਹਾਂ ,   ਇ ਹ   ਬ ਹੁ ਤ   ਪੌ ਸ਼ ਟਿ ਕ   ਹੈ",14,6
ਇਹ ਛੋਲੀਆਂ ਦੇ ਆਟੇ ਅਤੇ ਹੋਰ ਜੜੀ ਬੂਟੀਆਂ ਦਾ ਬਣਿਆ ਹੁੰਦਾ ਹੈ,ਇ ਹ   ਛੋ ਲੀ ਆ ਂ   ਦੇ   ਆ ਟੇ   ਅ ਤੇ   ਹੋ ਰ   ਜ ੜ ੀ   ਬੂ ਟੀ ਆ ਂ   ਦਾ   ਬ ਣਿ ਆ   ਹੁ ੰ ਦਾ   ਹੈ,28,12
"ਇਸ ਦਾ ਬਹੁਤ ਖੱਟਾ ਸੁਆਦ ਹੁੰਦਾ ਹੈ, ਜਿਸ ਕਰਕੇ ਇਹ ਮੇਰਾ ਪਸੰਦੀਦਾ ਹੈ","ਇ ਸ   ਦਾ   ਬ ਹੁ ਤ   ਖ ੱ ਟਾ   ਸੁ ਆ ਦ   ਹੁ ੰ ਦਾ   ਹੈ ,   ਜਿ ਸ   ਕ ਰ ਕੇ   ਇ ਹ   ਮੇ ਰਾ   ਪ ਸ ੰ ਦੀ ਦਾ   ਹੈ",32,13
"ਤੁਹਾਡੇ ਬਾਰੇ ਕੀ, ਤੁਹਾਡਾ ਕਿਹੜਾ ਕੇਰਲ ਪਕਵਾਨ ਸਭ ਤੋਂ ਪਸੰਦੀਦਾ ਹੈ","ਤੁ ਹਾ ਡੇ   ਬਾ ਰੇ   ਕੀ ,   ਤੁ ਹਾ ਡਾ   ਕਿ ਹ ੜ ਾ   ਕੇ ਰ ਲ   ਪ ਕ ਵਾ ਨ   ਸ ਭ   ਤੋਂ   ਪ ਸ ੰ ਦੀ ਦਾ   ਹੈ",30,11
ਅਪਮ ਅਤੇ ਸਟ੍ਰੂ ਮੇਰੇ ਪਸੰਦੀਦਾ ਪਕਵਾਨ ਹਨ,ਅ ਪ ਮ   ਅ ਤੇ   ਸ ਟ੍ਰੂ   ਮੇ ਰੇ   ਪ ਸ ੰ ਦੀ ਦਾ   ਪ ਕ ਵਾ ਨ   ਹ ਨ,20,7
ਇਹ ਖਮੀਰ ਵਾਲੇ ਚੌਲਾਂ ਦੇ ਆਟੇ ਨਾਲ ਬਣਾਇਆ ਹੁੰਦਾ ਹੈ ਅਤੇ ਇਹ ਖਾਸ ਤੌਰ 'ਤੇ ਕ੍ਰਿਸਪੀ ਕਿਨਾਰੇ ਵਾਲਾ ਪੈਨਕੇਕ ਹੈ,ਇ ਹ   ਖ ਮੀ ਰ   ਵਾ ਲੇ   ਚੌ ਲਾਂ   ਦੇ   ਆ ਟੇ   ਨਾ ਲ   ਬ ਣਾ ਇ ਆ   ਹੁ ੰ ਦਾ   ਹੈ   ਅ ਤੇ   ਇ ਹ   ਖਾ ਸ   ਤੌ ਰ   ' ਤੇ   ਕ੍ਰਿ ਸ ਪੀ   ਕਿ ਨਾ ਰੇ   ਵਾ ਲਾ   ਪੈ ਨ ਕੇ ਕ   ਹੈ,45,20
"ਓਹ, ਇਹ ਸੁਆਦ ਲੱਗਦਾ ਹੈ","ਓ ਹ ,   ਇ ਹ   ਸੁ ਆ ਦ   ਲ ੱ ਗ ਦਾ   ਹੈ",13,5
ਸਾਨੂੰ ਇਹ ਹੋਰ ਵੀ ਕਰਨਾ ਚਾਹੀਦਾ ਹੈ,ਸਾ ਨੂ ੰ   ਇ ਹ   ਹੋ ਰ   ਵੀ   ਕ ਰ ਨਾ   ਚਾ ਹੀ ਦਾ   ਹੈ,15,7
"ਮੁਆਫ਼ ਕਰਨਾ, ਕਿ ਇੱਥੇ ਗਲੁਟਨ ਮੁਕਤ ਖਾਣਾ ਉਪਲੱਬਧ ਹੈ","ਮੁ ਆ ਫ ਼   ਕ ਰ ਨਾ ,   ਕਿ   ਇ ੱ ਥੇ   ਗ ਲੁ ਟ ਨ   ਮੁ ਕ ਤ   ਖਾ ਣਾ   ਉ ਪ ਲ ੱ ਬ ਧ   ਹੈ",28,9
ਮੈਂ ਸ਼ੂਗਰ ਦਾ ਮਰੀਜ਼ ਹਾਂ ਅਤੇ ਮੇਰੇ ਦੋਸਤ ਨੂੰ ਗਲੁਟਨ ਤੋਂ ਐਲਰਜੀ ਹੈ,ਮੈਂ   ਸ ਼ ੂ ਗ ਰ   ਦਾ   ਮ ਰੀ ਜ਼   ਹਾਂ   ਅ ਤੇ   ਮੇ ਰੇ   ਦੋ ਸ ਤ   ਨੂ ੰ   ਗ ਲੁ ਟ ਨ   ਤੋਂ   ਐ ਲ ਰ ਜੀ   ਹੈ,30,13
"ਜ਼ਰੂਰ, ਤੁਸੀਂ ਕਿ ਲੈਣਾ ਚਾਹੋਂਗੇ","ਜ਼ ਰੂ ਰ ,   ਤੁ ਸੀਂ   ਕਿ   ਲੈ ਣਾ   ਚਾ ਹੋਂ ਗੇ",12,5
ਮੈਂ ਉਮੀਦ ਕਰ ਰਿਹਾ ਸੀ ਕਿ ਤੁਸੀਂ ਆਪਣੇ ਕੋਈ ਵਿਅੰਜਨ ਦੀ ਸਿਫ਼ਾਰਿਸ਼ ਕਰੋਂਗੇ,ਮੈਂ   ਉ ਮੀ ਦ   ਕ ਰ   ਰਿ ਹਾ   ਸੀ   ਕਿ   ਤੁ ਸੀਂ   ਆ ਪ ਣੇ   ਕੋ ਈ   ਵਿ ਅ ੰ ਜ ਨ   ਦੀ   ਸਿ ਫ ਼ ਾ ਰਿ ਸ ਼   ਕ ਰੋਂ ਗੇ,33,13
ਮੈਂ ਸੁਣਿਆ ਹੈ ਕਿ ਇਸ ਰੈਸਟੋਰੈਂਟ ਵਿੱਚ ਕਾਫ਼ੀ ਸਵਸਥ ਖਾਣਾ ਮਿਲਦਾ ਹੈ,ਮੈਂ   ਸੁ ਣਿ ਆ   ਹੈ   ਕਿ   ਇ ਸ   ਰੈ ਸ ਟੋ ਰੈਂ ਟ   ਵਿ ੱ ਚ   ਕਾ ਫ਼ ੀ   ਸ ਵ ਸ ਥ   ਖਾ ਣਾ   ਮਿ ਲ ਦਾ   ਹੈ,29,12
"ਜਿਹੜੇ ਗਾਹਰਕ ਗਲੁਟਨ ਮੁਕਤ ਖਾਣਾ ਚਾਉਂਦੇ ਹਨ, ਓਨ੍ਹਾਂ ਲਈ ਅਸੀਂ ਚੌਲ, ਮੱਕੀ,ਅਲਸੀ ਅਤੇ ਬਾਜਰੇ ਦੇ ਵਿਕਲਪ ਪ੍ਰ੍ਸਤੁਤ ਕਰਦੇ ਹਾਂ","ਜਿ ਹ ੜ ੇ   ਗਾ ਹ ਰ ਕ   ਗ ਲੁ ਟ ਨ   ਮੁ ਕ ਤ   ਖਾ ਣਾ   ਚਾ ਉ ਂ ਦੇ   ਹ ਨ ,   ਓ ਨ੍ਹਾਂ   ਲ ਈ   ਅ ਸੀਂ   ਚੌ ਲ ,   ਮ ੱ ਕੀ , ਅ ਲ ਸੀ   ਅ ਤੇ   ਬਾ ਜ ਰੇ   ਦੇ   ਵਿ ਕ ਲ ਪ   ਪ੍ਰ੍ਸ ਤੁ ਤ   ਕ ਰ ਦੇ   ਹਾਂ",57,19
ਸਾਡੇ ਕੋਲ ਕਈ ਭਾਂਤ ਦੀਆਂ ਸਲਾਦ ਅਤੇ ਸਮੂਦੀਆਂ ਵੀ ਹਨ,ਸਾ ਡੇ   ਕੋ ਲ   ਕ ਈ   ਭਾਂ ਤ   ਦੀ ਆ ਂ   ਸ ਲਾ ਦ   ਅ ਤੇ   ਸ ਮੂ ਦੀ ਆ ਂ   ਵੀ   ਹ ਨ,24,10
ਸਾਡੇ ਕੋਲ ਸ਼ੂਗਰ ਦੇ ਮਰੀਜ਼ਾ ਲਈ ਅਲੱਗ ਭੋਜਨ ਸੂਚੀ ਹੈ,ਸਾ ਡੇ   ਕੋ ਲ   ਸ ਼ ੂ ਗ ਰ   ਦੇ   ਮ ਰੀ ਜ਼ ਾ   ਲ ਈ   ਅ ਲ ੱ ਗ   ਭੋ ਜ ਨ   ਸੂ ਚੀ   ਹੈ,26,10
ਮੈਂ ਸਥਾਨਿਕ ਭੋਜਨ ਦੀ ਸੂਚੀ ਦੇਖ ਰਹੀ ਸੀ ਜੋ ਕਿ ਗਲੁਟਨ ਮੁਕਤ ਹੈ,ਮੈਂ   ਸ ਥਾ ਨਿ ਕ   ਭੋ ਜ ਨ   ਦੀ   ਸੂ ਚੀ   ਦੇ ਖ   ਰ ਹੀ   ਸੀ   ਜੋ   ਕਿ   ਗ ਲੁ ਟ ਨ   ਮੁ ਕ ਤ   ਹੈ,26,13
ਮਸ਼ਰੂਮ ਬ੍ਰਾਊਨ ਰਾਈਸ ਜਾਂ ਚਿਕਨ ਕੁਇਨੋਆ ਬਿਰਯਾਨੀ ਵਰਗਾ ਕੁੱਛ,ਮ ਸ ਼ ਰੂ ਮ   ਬ੍ਰਾ ਊ ਨ   ਰਾ ਈ ਸ   ਜਾਂ   ਚਿ ਕ ਨ   ਕੁ ਇ ਨੋ ਆ   ਬਿ ਰ ਯਾ ਨੀ   ਵ ਰ ਗਾ   ਕੁ ੱ ਛ,29,9
"ਹਾਂਜੀ, ਇਹ ਵਿਕਲਪ ਈਥੇ ਉਪਲਬੱਧ ਹਨ","ਹਾਂ ਜੀ ,   ਇ ਹ   ਵਿ ਕ ਲ ਪ   ਈ ਥੇ   ਉ ਪ ਲ ਬ ੱ ਧ   ਹ ਨ",19,6
ਸਾਡੇ ਕੋਲ ਕੁੱਛ ਗਲੁਟਨ ਮੁਕਤ ਸੂਪ ਵੀ ਹਨ ਜੇ ਤੁਸੀਂ ਦੇਖਣਾ ਚਾਹੋਂਗੇ,ਸਾ ਡੇ   ਕੋ ਲ   ਕੁ ੱ ਛ   ਗ ਲੁ ਟ ਨ   ਮੁ ਕ ਤ   ਸੂ ਪ   ਵੀ   ਹ ਨ   ਜੇ   ਤੁ ਸੀਂ   ਦੇ ਖ ਣਾ   ਚਾ ਹੋਂ ਗੇ,28,12
ਤੁਸੀਂ ਸ਼ੂਗਰ ਮੁਕਤ ਭੋਜਨ ਸੂਚੀ ਵਿਚੋਂ ਕਿ ਲੈਣਾਂ ਚਾਹੋਂਗੇ,ਤੁ ਸੀਂ   ਸ ਼ ੂ ਗ ਰ   ਮੁ ਕ ਤ   ਭੋ ਜ ਨ   ਸੂ ਚੀ   ਵਿ ਚੋਂ   ਕਿ   ਲੈ ਣਾਂ   ਚਾ ਹੋਂ ਗੇ,23,9
"ਮੈਂ ਸਾਬੂਦਾਨੇ ਦੀ ਖਿਚੜੀ ਅਤੇ ਮਸ਼ਰੂਮ ਬ੍ਰਾਊਨ ਰਾਈਸ, ਜਿਸ ਬਾਰੇ ਮੈਂ ਪਹਿਲਾ ਗੱਲ ਕਿਤੀ ਸੀ, ਓਹੀ ਲਉਨਗਾਂ","ਮੈਂ   ਸਾ ਬੂ ਦਾ ਨੇ   ਦੀ   ਖਿ ਚ ੜ ੀ   ਅ ਤੇ   ਮ ਸ ਼ ਰੂ ਮ   ਬ੍ਰਾ ਊ ਨ   ਰਾ ਈ ਸ ,   ਜਿ ਸ   ਬਾ ਰੇ   ਮੈਂ   ਪ ਹਿ ਲਾ   ਗ ੱ ਲ   ਕਿ ਤੀ   ਸੀ ,   ਓ ਹੀ   ਲ ਉ ਨ ਗਾਂ",45,17
ਤੁਹਾਡੇ ਕੋਲ ਸੂਪ ਦੇ ਹੋਰ ਕੀ ਵਿਕਲਪ ਹਨ,ਤੁ ਹਾ ਡੇ   ਕੋ ਲ   ਸੂ ਪ   ਦੇ   ਹੋ ਰ   ਕੀ   ਵਿ ਕ ਲ ਪ   ਹ ਨ,17,8
ਸਾਡੇ ਕੋਲ ਗਲੂਟਨ ਮੁਕਤ ਫ੍ਰੇਂਚ ਔਨਿਅਨ ਸੂਪ ਹੈ,ਸਾ ਡੇ   ਕੋ ਲ   ਗ ਲੂ ਟ ਨ   ਮੁ ਕ ਤ   ਫ੍ਰੇਂ ਚ   ਔ ਨਿ ਅ ਨ   ਸੂ ਪ   ਹੈ,20,8
ਅਸੀਂ ਨਮਕੀਨ ਸਪਲਿਟ ਪਿਈ ਲੈਂਟਿਲ ਸੂਪ ਵੀ ਬਣਾਉਂਦੇ ਹਾਂ,ਅ ਸੀਂ   ਨ ਮ ਕੀ ਨ   ਸ ਪ ਲਿ ਟ   ਪਿ ਈ   ਲੈਂ ਟਿ ਲ   ਸੂ ਪ   ਵੀ   ਬ ਣਾ ਉ ਂ ਦੇ   ਹਾਂ,24,9
ਫੇਰ ਸਾਡੇ ਕੋਲ ਫ਼ੋ ਬੋ ਅਤੇ ਪੱਛਮੀ ਅਫ਼ਰੀਕੀ ਪੇਅਨੂਟ ਬੱਟਰ ਸੂਪ ਵੀ ਹੈ,ਫੇ ਰ   ਸਾ ਡੇ   ਕੋ ਲ   ਫ਼ ੋ   ਬੋ   ਅ ਤੇ   ਪ ੱ ਛ ਮੀ   ਅ ਫ ਼ ਰੀ ਕੀ   ਪੇ ਅ ਨੂ ਟ   ਬ ੱ ਟ ਰ   ਸੂ ਪ   ਵੀ   ਹੈ,32,13
ਫ੍ਰੈਂਚਔਨਿਯਨ ਸੂਪ ਸੁਣਨ ਵਿੱਚ ਦਿਲਚਸਪ ਲੱਗ ਰਿਹਾ ਹੈ ਇਸ ਲਈ ਅਸੀਂ ਓਹ ਦੋ ਲਵਾਂਗੇ,ਫ੍ਰੈਂ ਚ ਔ ਨਿ ਯ ਨ   ਸੂ ਪ   ਸੁ ਣ ਨ   ਵਿ ੱ ਚ   ਦਿ ਲ ਚ ਸ ਪ   ਲ ੱ ਗ   ਰਿ ਹਾ   ਹੈ   ਇ ਸ   ਲ ਈ   ਅ ਸੀਂ   ਓ ਹ   ਦੋ   ਲ ਵਾਂ ਗੇ,37,14
ਮੈਂ ਆਮ ਤੋਰ ਤੇ ਮਿਠਾ ਛੱਡ ਦਿੰਦਾ ਹੈ ਕਿਉਂਕਿ ਸ਼ੂਗਰ ਤੋਂ ਬਿਨਾਂ ਮਿਠਾਈਆਂ ਨੂੰ ਲੱਭਣਾ ਮੁਸ਼ਕਲ ਹੈ,ਮੈਂ   ਆ ਮ   ਤੋ ਰ   ਤੇ   ਮਿ ਠਾ   ਛ ੱ ਡ   ਦਿ ੰ ਦਾ   ਹੈ   ਕਿ ਉ ਂ ਕਿ   ਸ ਼ ੂ ਗ ਰ   ਤੋਂ   ਬਿ ਨਾਂ   ਮਿ ਠਾ ਈ ਆ ਂ   ਨੂ ੰ   ਲ ੱ ਭ ਣਾ   ਮੁ ਸ ਼ ਕ ਲ   ਹੈ,44,17
ਓਹ,ਓ ਹ,2,1
"ਚਿੰਤਾ ਨਾ ਕਰੋ, ਸਾਡੇ ਕੋਲ ਬਗੈਰ ਮਿਠੇ ਮਿਠਾਈਆਂ ਵੀ ਹਨ","ਚਿ ੰ ਤਾ   ਨਾ   ਕ ਰੋ ,   ਸਾ ਡੇ   ਕੋ ਲ   ਬ ਗੈ ਰ   ਮਿ ਠੇ   ਮਿ ਠਾ ਈ ਆ ਂ   ਵੀ   ਹ ਨ",24,10
ਤੁਸੀਂ ਘੱਟ ਕਾਰਭ ਵਾਲੇ ਪੇਅਨੂਟ ਬੱਟਰ ਕੂਕੀਜ਼ ਜਾਂ ਕਿਟੋ ਫ਼ੈਟ ਬੋਮਬ ਚਖ ਸਕਦੇ ਹੋ,ਤੁ ਸੀਂ   ਘ ੱ ਟ   ਕਾ ਰ ਭ   ਵਾ ਲੇ   ਪੇ ਅ ਨੂ ਟ   ਬ ੱ ਟ ਰ   ਕੂ ਕੀ ਜ਼   ਜਾਂ   ਕਿ ਟੋ   ਫ਼ ੈ ਟ   ਬੋ ਮ ਬ   ਚ ਖ   ਸ ਕ ਦੇ   ਹੋ,36,14
ਅਸੀਂ ਇੱਕ ਵਧੀਆਂ ਪ੍ਰੋਟੀਨ ਚੀਜ਼ਕੇਕ ਵੀ ਬਣਾਉਂਦੇ ਹਾਂ,ਅ ਸੀਂ   ਇ ੱ ਕ   ਵ ਧੀ ਆ ਂ   ਪ੍ਰੋ ਟੀ ਨ   ਚੀ ਜ ਼ ਕੇ ਕ   ਵੀ   ਬ ਣਾ ਉ ਂ ਦੇ   ਹਾਂ,24,8
ਆਪਣੀ ਸੂਗਰ ਕਾਰਣ ਮੈਂ ਕਿੰਨੇ ਸਮੇਂ ਤੋਂ ਚੀਜ਼ਕੇਕ ਨਹੀਂ ਖਾਈਆ,ਆ ਪ ਣੀ   ਸੂ ਗ ਰ   ਕਾ ਰ ਣ   ਮੈਂ   ਕਿ ੰ ਨੇ   ਸ ਮੇਂ   ਤੋਂ   ਚੀ ਜ ਼ ਕੇ ਕ   ਨ ਹੀਂ   ਖਾ ਈ ਆ,26,10
ਮੈਂ ਟੀਨ ਚੀਜ਼ਕੇਕ ਲਉਗਾ ਅਤੇ ਓਨ੍ਹਾਂ ਲਈ ਘੱਟ ਕਾਰਭ ਵਾਲੀ ਪੀਅਨਟ ਬੱਟਰ ਕੂਕੀਜ਼,ਮੈਂ   ਟੀ ਨ   ਚੀ ਜ ਼ ਕੇ ਕ   ਲ ਉ ਗਾ   ਅ ਤੇ   ਓ ਨ੍ਹਾਂ   ਲ ਈ   ਘ ੱ ਟ   ਕਾ ਰ ਭ   ਵਾ ਲੀ   ਪੀ ਅ ਨ ਟ   ਬ ੱ ਟ ਰ   ਕੂ ਕੀ ਜ਼,36,13
ਇਸ ਰੈਸਟੋਰੈਂਟ ਤਾਂ ਸ਼ਾਨਦਾਰ ਹੈ,ਇ ਸ   ਰੈ ਸ ਟੋ ਰੈਂ ਟ   ਤਾਂ   ਸ ਼ ਾ ਨ ਦਾ ਰ   ਹੈ,15,5
ਤਾਰੀਫ਼ ਕਰਨ ਲਈ ਧੰਨਵਾਦ,ਤਾ ਰੀ ਫ ਼   ਕ ਰ ਨ   ਲ ਈ   ਧ ੰ ਨ ਵਾ ਦ,14,4
ਮੈਂ ਉਮੀਦ ਕਰਦਾ ਹਾਂ ਕਿ ਤੁਸੀਂ ਸਮਾ ਕੱਢ ਕੇ ਸਾਡੇ ਲਈ ਗੂਗਲ ਤੇ ਸਰਵੇਖਣ ਲਿੱਖੋਗੇ,ਮੈਂ   ਉ ਮੀ ਦ   ਕ ਰ ਦਾ   ਹਾਂ   ਕਿ   ਤੁ ਸੀਂ   ਸ ਮਾ   ਕ ੱ ਢ   ਕੇ   ਸਾ ਡੇ   ਲ ਈ   ਗੂ ਗ ਲ   ਤੇ   ਸ ਰ ਵੇ ਖ ਣ   ਲਿ ੱ ਖੋ ਗੇ,34,15
ਕਿਰਪਾ ਕਰਕੇ ਮੈਨੂੰ ਦੱਸੀਓ ਜੇ ਤੁਹਾਨੂੰ ਕਿਸੇ ਹੋਰ ਚੀਜ਼ ਦੀ ਲੋੜ ਹੈ,ਕਿ ਰ ਪਾ   ਕ ਰ ਕੇ   ਮੈ ਨੂ ੰ   ਦ ੱ ਸੀ ਓ   ਜੇ   ਤੁ ਹਾ ਨੂ ੰ   ਕਿ ਸੇ   ਹੋ ਰ   ਚੀ ਜ ਼   ਦੀ   ਲੋ ੜ   ਹੈ,29,12
ਮੈਂ ਜ਼ਰੂਰ ਇੱਕ ਚੰਗਾ ਸਮੀਖਿਆ ਛੱਡਾਗਾ I,ਮੈਂ   ਜ਼ ਰੂ ਰ   ਇ ੱ ਕ   ਚ ੰ ਗਾ   ਸ ਮੀ ਖਿ ਆ   ਛ ੱ ਡਾ ਗਾ   I,19,7
"ਕੀ ਮੈਂ ਅੰਦਰ ਆ ਸਕਦਾ, ਸਾਹਿਬ","ਕੀ   ਮੈਂ   ਅ ੰ ਦ ਰ   ਆ   ਸ ਕ ਦਾ ,   ਸਾ ਹਿ ਬ",14,6
"ਹਾਂ, ਕਿਰਪਾ ਕਰਕੇ ਬੈਠੋ","ਹਾਂ ,   ਕਿ ਰ ਪਾ   ਕ ਰ ਕੇ   ਬੈ ਠੋ",10,4
ਮੈਂ ਤੁਹਾਡੇ ਲਈ ਕੀ ਕਰ ਸਕਦਾ ਹਾਂ,ਮੈਂ   ਤੁ ਹਾ ਡੇ   ਲ ਈ   ਕੀ   ਕ ਰ   ਸ ਕ ਦਾ   ਹਾਂ,13,7
ਮੇਰਾ ਨਾਮ ਆਨੰਦ ਯਾਦਵ ਹੈ,ਮੇ ਰਾ   ਨਾ ਮ   ਆ ਨ ੰ ਦ   ਯਾ ਦ ਵ   ਹੈ,12,5
ਮੈਂ ਆਪਣੇ ਬੱਚਤ ਖਾਤੇ ਵਿੱਚੋਂ ਕੁੱਝ ਪੈਸੇ ਕਢਵਾਉਣਾ ਚਾਹੁੰਦਾ ਹਾਂ,ਮੈਂ   ਆ ਪ ਣੇ   ਬ ੱ ਚ ਤ   ਖਾ ਤੇ   ਵਿ ੱ ਚੋਂ   ਕੁ ੱ ਝ   ਪੈ ਸੇ   ਕ ਢ ਵਾ ਉ ਣਾ   ਚਾ ਹੁ ੰ ਦਾ   ਹਾਂ,28,10
ਮੈਨੂੰ ਪੱਕਾ ਨਹੀਂ ਪਤਾ ਕਿ ਪੈਸੇ ਕਢਵਾਉਣ ਦੀ ਕੀ ਪ੍ਰਕਿਰਿਆ ਹੈ,ਮੈ ਨੂ ੰ   ਪ ੱ ਕਾ   ਨ ਹੀਂ   ਪ ਤਾ   ਕਿ   ਪੈ ਸੇ   ਕ ਢ ਵਾ ਉ ਣ   ਦੀ   ਕੀ   ਪ੍ਰ ਕਿ ਰਿ ਆ   ਹੈ,25,11
ਕੀ ਤੁਸੀਂ ਮੇਰੀ ਸਹਾਇਤਾ ਕਰ ਸਕਦੇ ਹੋ,ਕੀ   ਤੁ ਸੀਂ   ਮੇ ਰੀ   ਸ ਹਾ ਇ ਤਾ   ਕ ਰ   ਸ ਕ ਦੇ   ਹੋ,15,7
"ਜ਼ਰੂਰ, ਸਾਹਿਬ","ਜ਼ ਰੂ ਰ ,   ਸਾ ਹਿ ਬ",7,2
"ਸਭ ਤੋਂ ਪਹਿਲਾਂ, ਤੁਹਾਨੂੰ ਪੈਸੇ ਕਢਵਾਉਣ ਵਾਲਾ ਫ਼ਾਰਮ ਪੂਰਾ ਕਰਨਾ ਪੈਣਗਾ","ਸ ਭ   ਤੋਂ   ਪ ਹਿ ਲਾਂ ,   ਤੁ ਹਾ ਨੂ ੰ   ਪੈ ਸੇ   ਕ ਢ ਵਾ ਉ ਣ   ਵਾ ਲਾ   ਫ਼ ਾ ਰ ਮ   ਪੂ ਰਾ   ਕ ਰ ਨਾ   ਪੈ ਣ ਗਾ",32,11
"ਕਿਰਪਾ ਕਰਕੇ ਹੇਠਾਂ ਦਿੱਤੀਆਂ ਥਾਵਾਂ ਵਿੱਚ ਆਪਣਾ ਖਾਤਾ ਨੰਬਰ, ਨਾਮ, ਮੋਬਾਇਲ ਨੰਬਰ ਅਤੇ ਪਤਾ ਭਰੋ","ਕਿ ਰ ਪਾ   ਕ ਰ ਕੇ   ਹੇ ਠਾਂ   ਦਿ ੱ ਤੀ ਆ ਂ   ਥਾ ਵਾਂ   ਵਿ ੱ ਚ   ਆ ਪ ਣਾ   ਖਾ ਤਾ   ਨ ੰ ਬ ਰ ,   ਨਾ ਮ ,   ਮੋ ਬਾ ਇ ਲ   ਨ ੰ ਬ ਰ   ਅ ਤੇ   ਪ ਤਾ   ਭ ਰੋ",45,15
"ਅੱਛਾ, ਕੀ ਮੈਨੂੰ ਇੱਥੇ ਦਸਤਖਤ ਕਰਨੇ ਪੈਣਗੇ","ਅ ੱ ਛਾ ,   ਕੀ   ਮੈ ਨੂ ੰ   ਇ ੱ ਥੇ   ਦ ਸ ਤ ਖ ਤ   ਕ ਰ ਨੇ   ਪੈ ਣ ਗੇ",22,7
ਬੇਸ਼ੱਕ,ਬੇ ਸ਼ ੱ ਕ,4,1
ਅਜਿਹਾ ਕਰੋ,ਅ ਜਿ ਹਾ   ਕ ਰੋ,5,2
ਤੁਸੀਂ ਕਿੰਨ੍ਹੇ ਪੈਸੇ ਕਢਵਾਉਣਾ ਚਾਹੁੰਦੇ ਹੋ,ਤੁ ਸੀਂ   ਕਿ ੰ ਨ੍ਹੇ   ਪੈ ਸੇ   ਕ ਢ ਵਾ ਉ ਣਾ   ਚਾ ਹੁ ੰ ਦੇ   ਹੋ,17,6
"ਮੈਨੂੰ 1,00,000/- ਰੁਪਏ ਕਢਵਾਉਣ ਦੀ ਲੋੜ ਹੈ","ਮੈ ਨੂ ੰ   1 , 0 0 , 0 0 0 / -   ਰੁ ਪ ਏ   ਕ ਢ ਵਾ ਉ ਣ   ਦੀ   ਲੋ ੜ   ਹੈ",25,7
"ਕਿਰਪਾ ਕਰਕੇ ਸ਼ਬਦਾਂ ਅਤੇ ਅੰਕੜਿਆਂ ਵਿੱਚ ਰਕਮ ਭਰ ਕੇ ਪੈਸੇ ਕਢਵਾਉਣ ਵਾਲਾ ਫ਼ਾਰਮ ਪੂਰਾ ਕਰ ਦੋ, ਸ੍ਰੀਮਾਨ","ਕਿ ਰ ਪਾ   ਕ ਰ ਕੇ   ਸ਼ ਬ ਦਾਂ   ਅ ਤੇ   ਅ ੰ ਕ ੜ ਿ ਆ ਂ   ਵਿ ੱ ਚ   ਰ ਕ ਮ   ਭ ਰ   ਕੇ   ਪੈ ਸੇ   ਕ ਢ ਵਾ ਉ ਣ   ਵਾ ਲਾ   ਫ਼ ਾ ਰ ਮ   ਪੂ ਰਾ   ਕ ਰ   ਦੋ ,   ਸ੍ਰੀ ਮਾ ਨ",49,17
ਕਿਰਪਾ ਕਰਕੇ ਪੈਸੇ ਕਢਵਾਉਣ ਵਾਲੇ ਫ਼ਾਰਮ 'ਤੇ ਹੇਠਾਂ ਆਪਣੇ ਦਸਤਖ਼ਤ ਕਰਨੇ ਯਾਦ ਰਖਿਓ,ਕਿ ਰ ਪਾ   ਕ ਰ ਕੇ   ਪੈ ਸੇ   ਕ ਢ ਵਾ ਉ ਣ   ਵਾ ਲੇ   ਫ਼ ਾ ਰ ਮ   ' ਤੇ   ਹੇ ਠਾਂ   ਆ ਪ ਣੇ   ਦ ਸ ਤ ਖ਼ ਤ   ਕ ਰ ਨੇ   ਯਾ ਦ   ਰ ਖਿ ਓ,39,13
ਠੀਕ ਹੈ,ਠੀ ਕ   ਹੈ,3,2
ਮੈਂ ਇਹ ਯਾਦ ਰੱਖਾਂਗਾ,ਮੈਂ   ਇ ਹ   ਯਾ ਦ   ਰ ੱ ਖਾਂ ਗਾ,9,4
ਇਹਨਾਂ ਚੋਂ ਕਿਹੜਾ ਪੈਸੇ ਕਢਵਾਉਣ ਵਾਲਾ ਕਾਊਂਟਰ ਹੈ,ਇ ਹ ਨਾਂ   ਚੋਂ   ਕਿ ਹ ੜ ਾ   ਪੈ ਸੇ   ਕ ਢ ਵਾ ਉ ਣ   ਵਾ ਲਾ   ਕਾ ਊ ਂ ਟ ਰ   ਹੈ,23,8
"ਸਾਹਿਬ, ਕਿਰਪਾ ਕਰਕੇ ਕਾਊਂਟਰ ਨੰਬਰ ਦੋ 'ਤੇ ਜਾਓ","ਸਾ ਹਿ ਬ ,   ਕਿ ਰ ਪਾ   ਕ ਰ ਕੇ   ਕਾ ਊ ਂ ਟ ਰ   ਨ ੰ ਬ ਰ   ਦੋ   ' ਤੇ   ਜਾ ਓ",24,8
ਕਾਊਂਟਰ ਨੰਬਰ ਦੋ ਵਾਲਾ ਕਰਮਚਾਰੀ ਗਾਹਕ ਦਾ ਖਾਤਾ ਨੰਬਰ ਅਤੇ ਨਾਮ ਦੀ ਪੁਸ਼ਟੀ ਕਰੇਗਾ,ਕਾ ਊ ਂ ਟ ਰ   ਨ ੰ ਬ ਰ   ਦੋ   ਵਾ ਲਾ   ਕ ਰ ਮ ਚਾ ਰੀ   ਗਾ ਹ ਕ   ਦਾ   ਖਾ ਤਾ   ਨ ੰ ਬ ਰ   ਅ ਤੇ   ਨਾ ਮ   ਦੀ   ਪੁ ਸ਼ ਟੀ   ਕ ਰੇ ਗਾ,38,14
ਅਤੇ ਤੁਹਾਨੂੰ ਪੈਸੇ ਮਿਲ ਜਾਣਗੇ,ਅ ਤੇ   ਤੁ ਹਾ ਨੂ ੰ   ਪੈ ਸੇ   ਮਿ ਲ   ਜਾ ਣ ਗੇ,13,5
ਧੰਨਵਾਦ,ਧ ੰ ਨ ਵਾ ਦ,5,1
ਕੀ ਮੈਂ ਤੁਹਾਡੇ ਲਈ ਕੁੱਝ ਹੋਰ ਕਰ ਸਕਦਾ ਹਾਂ,ਕੀ   ਮੈਂ   ਤੁ ਹਾ ਡੇ   ਲ ਈ   ਕੁ ੱ ਝ   ਹੋ ਰ   ਕ ਰ   ਸ ਕ ਦਾ   ਹਾਂ,18,9
ਮੈਨੂੰ ਇੱਕ ਹੋਰ ਸਹਾਇਕ ਦੀ ਲੋੜ ਹੈ,ਮੈ ਨੂ ੰ   ਇ ੱ ਕ   ਹੋ ਰ   ਸ ਹਾ ਇ ਕ   ਦੀ   ਲੋ ੜ   ਹੈ,16,7
ਮੈਨੂੰ ਪੈਸੇ ਕਢਵਾਉਣ ਤੋਂ ਬਾਅਦ ਖਾਤੇ ਦੇ ਬਕਾਏ ਬਾਟੇ ਕਿਵੇਂ ਪਤਾ ਲੱਗੇਗਾ,ਮੈ ਨੂ ੰ   ਪੈ ਸੇ   ਕ ਢ ਵਾ ਉ ਣ   ਤੋਂ   ਬਾ ਅ ਦ   ਖਾ ਤੇ   ਦੇ   ਬ ਕਾ ਏ   ਬਾ ਟੇ   ਕਿ ਵੇਂ   ਪ ਤਾ   ਲ ੱ ਗੇ ਗਾ,30,12
"ਸਾਹਿਬ, ਕਿਰਪਾ ਕਰਕੇ ਬੈਂਕ ਦੇ ਕਰਮਚਾਰੀਆਂ ਨੂੰ ਬਕਾਇਆ ਰਾਸ਼ੀ ਪਾਸ ਬੁੱਕ 'ਤੇ ਚੜ੍ਹਾਉਣ ਲਈ ਕਹੋ","ਸਾ ਹਿ ਬ ,   ਕਿ ਰ ਪਾ   ਕ ਰ ਕੇ   ਬੈਂ ਕ   ਦੇ   ਕ ਰ ਮ ਚਾ ਰੀ ਆ ਂ   ਨੂ ੰ   ਬ ਕਾ ਇ ਆ   ਰਾ ਸ਼ੀ   ਪਾ ਸ   ਬੁ ੱ ਕ   ' ਤੇ   ਚ ੜ ੍ ਹਾ ਉ ਣ   ਲ ਈ   ਕ ਹੋ",45,15
ਠੀਕ,ਠੀ ਕ,2,1
ਤੁਹਾਡਾ ਬਹੁਤ ਬਹੁਤ ਧੰਨਵਾਦ,ਤੁ ਹਾ ਡਾ   ਬ ਹੁ ਤ   ਬ ਹੁ ਤ   ਧ ੰ ਨ ਵਾ ਦ,14,4
ਸੁਆਗਤ ਹੈ ਸਾਹਿਬ,ਸੁ ਆ ਗ ਤ   ਹੈ   ਸਾ ਹਿ ਬ,8,3
ਕੀਮਤੀ ਗਾਹਕ ਹੋਣ ਲਈ ਤੁਹਾਡਾ ਧੰਨਵਾਦ,ਕੀ ਮ ਤੀ   ਗਾ ਹ ਕ   ਹੋ ਣ   ਲ ਈ   ਤੁ ਹਾ ਡਾ   ਧ ੰ ਨ ਵਾ ਦ,18,6
ਫਿਰ ਆਉਣਾ,ਫਿ ਰ   ਆ ਉ ਣਾ,5,2
ਕਿ ਤੁਸੀਂ ਖੇਡਾਂ ਵਾਲੀਆਂ ਫਿਲਮਾਂ ਦੇਖਦੇ ਹੋ,ਕਿ   ਤੁ ਸੀਂ   ਖੇ ਡਾਂ   ਵਾ ਲੀ ਆ ਂ   ਫਿ ਲ ਮਾਂ   ਦੇ ਖ ਦੇ   ਹੋ,16,7
ਓਹ ਫ਼ਿਲਮਾਂ ਜਿਨ੍ਹਾਂ ਵਿੱਚ ਓਹ ਅਸਲੀ ਖੇਡਾਰੀਆ ਦੀ ਕਹਾਣੀ ਬਾਰੇ ਦੱਸਦੇ ਹਨ,ਓ ਹ   ਫ਼ ਿ ਲ ਮਾਂ   ਜਿ ਨ੍ਹਾਂ   ਵਿ ੱ ਚ   ਓ ਹ   ਅ ਸ ਲੀ   ਖੇ ਡਾ ਰੀ ਆ   ਦੀ   ਕ ਹਾ ਣੀ   ਬਾ ਰੇ   ਦ ੱ ਸ ਦੇ   ਹ ਨ,32,12
ਓਹ ਕਿੰਨੇ ਪ੍ਰੇਰਨਾਦਾਇਕ ਹੁੰਦੀਆਂ ਹਨ,ਓ ਹ   ਕਿ ੰ ਨੇ   ਪ੍ਰੇ ਰ ਨਾ ਦਾ ਇ ਕ   ਹੁ ੰ ਦੀ ਆ ਂ   ਹ ਨ,18,5
"ਮੇਰੀ ਕੋਮ ਦੇਖਣ ਤੋਂ ਬਾਅਦ, ਮੈਨੂੰ ਓਹ ਪਸੰਦ ਆਉਣ ਲਗੀਆਂ","ਮੇ ਰੀ   ਕੋ ਮ   ਦੇ ਖ ਣ   ਤੋਂ   ਬਾ ਅ ਦ ,   ਮੈ ਨੂ ੰ   ਓ ਹ   ਪ ਸ ੰ ਦ   ਆ ਉ ਣ   ਲ ਗੀ ਆ ਂ",28,10
ਓਹ ਦੇਖ ਕੇ ਬਹੁਤ ਚੰਗਾ ਲਗੀਆਂ,ਓ ਹ   ਦੇ ਖ   ਕੇ   ਬ ਹੁ ਤ   ਚ ੰ ਗਾ   ਲ ਗੀ ਆ ਂ,15,6
ਓਹ ਮੈਨੂੰ ਓਹੀਜੀ ਫ਼ਿਲਮਾਂ ਬਹੁਤ ਪਸੰਦ ਹਨ,ਓ ਹ   ਮੈ ਨੂ ੰ   ਓ ਹੀ ਜੀ   ਫ਼ ਿ ਲ ਮਾਂ   ਬ ਹੁ ਤ   ਪ ਸ ੰ ਦ   ਹ ਨ,21,7
ਮੇਰੀ ਮਨਪਸੰਦ ਭਾਗ ਮਿਲਖਾ ਭਾਗ ਹੈ,ਮੇ ਰੀ   ਮ ਨ ਪ ਸ ੰ ਦ   ਭਾ ਗ   ਮਿ ਲ ਖਾ   ਭਾ ਗ   ਹੈ,16,6
ਇਹ 2013 ਦੀ ਫ਼ਿਲਮ ਖਿਡਾਰੀ ਮਿਲਖਾ ਸਿੰਘ ਦੇ ਉਤੇ ਹੈ,ਇ ਹ   2 0 1 3   ਦੀ   ਫ਼ ਿ ਲ ਮ   ਖਿ ਡਾ ਰੀ   ਮਿ ਲ ਖਾ   ਸਿ ੰ ਘ   ਦੇ   ਉ ਤੇ   ਹੈ,24,10
ਕੀ ਤੁਸੀਂ ਜਾਣਦੇ ਹੋ ਕਿ ਉਹ ਵਿਅਕਤੀ ਕਿੰਨਾ ਸ਼ਾਨਦਾਰ ਹੈ,ਕੀ   ਤੁ ਸੀਂ   ਜਾ ਣ ਦੇ   ਹੋ   ਕਿ   ਉ ਹ   ਵਿ ਅ ਕ ਤੀ   ਕਿ ੰ ਨਾ   ਸ ਼ ਾ ਨ ਦਾ ਰ   ਹੈ,24,10
ਓਹਨੂੰ ਫਲਾਇੰਗ ਸਿੱਖ ਦੇ ਨਾਂ ਨਾਲ ਵੀ ਜਣਿਆ ਜਾਂਦਾ ਹੈ,ਓ ਹ ਨੂ ੰ   ਫ ਲਾ ਇ ੰ ਗ   ਸਿ ੱ ਖ   ਦੇ   ਨਾਂ   ਨਾ ਲ   ਵੀ   ਜ ਣਿ ਆ   ਜਾਂ ਦਾ   ਹੈ,23,10
ਓਹ,ਓ ਹ,2,1
ਮੈਨੂੰ ਓਹ ਬੰਦਾ ਬਹੁਤ ਪਸੰਦ ਹੈ,ਮੈ ਨੂ ੰ   ਓ ਹ   ਬ ੰ ਦਾ   ਬ ਹੁ ਤ   ਪ ਸ ੰ ਦ   ਹੈ,16,6
ਓਹ ਇਕਲੌਤੇ ਅਥਲੀਟ ਹਨ ਜਿਨ੍ਹਾਂ ਨੇ ਏਸ਼ੀਆਈ ਖੇਡਾਂ ਅਤੇ ਰਾਸ਼ਟਰਮੰਡਲ ਖੇਡਾਂ ਵਿੱਚ 400 ਮੀਟਰ ਦੀ ਦੌੜ ਵਿੱਚ ਸੋਨ ਤਮਗਾ ਜਿੱਤੀਆਂ,ਓ ਹ   ਇ ਕ ਲੌ ਤੇ   ਅ ਥ ਲੀ ਟ   ਹ ਨ   ਜਿ ਨ੍ਹਾਂ   ਨੇ   ਏ ਸ ਼ ੀ ਆ ਈ   ਖੇ ਡਾਂ   ਅ ਤੇ   ਰਾ ਸ ਼ ਟ ਰ ਮ ੰ ਡ ਲ   ਖੇ ਡਾਂ   ਵਿ ੱ ਚ   4 0 0   ਮੀ ਟ ਰ   ਦੀ   ਦੌ ੜ   ਵਿ ੱ ਚ   ਸੋ ਨ   ਤ ਮ ਗਾ   ਜਿ ੱ ਤੀ ਆ ਂ,61,20
ਇਹ ਕਿੰਨਾ ਸ਼ਾਨਦਾਰ ਹੈ,ਇ ਹ   ਕਿ ੰ ਨਾ   ਸ਼ਾ ਨ ਦਾ ਰ   ਹੈ,10,4
ਓਨ੍ਹਾਂ ਨੇ 1958 ਅਤੇ 1962 ਦੀਆਂ ਏਸ਼ੀਆਈ ਖੇਡਾਂ ਵਿੱਚ ਵੀ ਸੋਨ ਤਮਗਾ ਜਿੱਤੀਆਂ,ਓ ਨ੍ਹਾਂ   ਨੇ   1 9 5 8   ਅ ਤੇ   1 9 6 2   ਦੀ ਆ ਂ   ਏ ਸ ਼ ੀ ਆ ਈ   ਖੇ ਡਾਂ   ਵਿ ੱ ਚ   ਵੀ   ਸੋ ਨ   ਤ ਮ ਗਾ   ਜਿ ੱ ਤੀ ਆ ਂ,38,13
ਮੈਂ ਓਨ੍ਹਾਂ ਦੀ ਤਰਹ ਬਣਨ ਦੀ ਕੋਸ਼ਿਸ਼ ਕਰਦਾ ਹਾਂ,ਮੈਂ   ਓ ਨ੍ਹਾਂ   ਦੀ   ਤ ਰ ਹ   ਬ ਣ ਨ   ਦੀ   ਕੋ ਸ਼ਿ ਸ਼   ਕ ਰ ਦਾ   ਹਾਂ,18,9
ਓਨ੍ਹਾਂ ਕੋਲ ਪਦਮਾ ਸ਼੍ਰੀ ਵੀ ਹੈ,ਓ ਨ੍ਹਾਂ   ਕੋ ਲ   ਪ ਦ ਮਾ   ਸ਼੍ਰੀ   ਵੀ   ਹੈ,10,6
ਮੈਂ ਓਨ੍ਹਾਂ ਦੀ ਤਰਹ ਇੱਕ ਸ਼ਾਨਦਾਰ ਅਥਲੀਟ ਬਣਨ ਤੋਂ ਬਾਅਦ ਇਹ ਪ੍ਰਾਪਤ ਕਰਨਾ ਚਾਹੁੰਦਾ ਹਾਂ,ਮੈਂ   ਓ ਨ੍ਹਾਂ   ਦੀ   ਤ ਰ ਹ   ਇ ੱ ਕ   ਸ ਼ ਾ ਨ ਦਾ ਰ   ਅ ਥ ਲੀ ਟ   ਬ ਣ ਨ   ਤੋਂ   ਬਾ ਅ ਦ   ਇ ਹ   ਪ੍ਰਾ ਪ ਤ   ਕ ਰ ਨਾ   ਚਾ ਹੁ ੰ ਦਾ   ਹਾਂ,40,15
ਅਤੇ ਓਹ ਦੋੜ ਜਿਸ ਵਿੱਚ ਓਹ ਚੌਥੇ ਸਥਾਨ ਤੇ ਆਏ,ਅ ਤੇ   ਓ ਹ   ਦੋ ੜ   ਜਿ ਸ   ਵਿ ੱ ਚ   ਓ ਹ   ਚੌ ਥੇ   ਸ ਥਾ ਨ   ਤੇ   ਆ ਏ,21,10
1960 ਦੀ ਓਲਿਂਪਿਕ ਖੇਡਾਂ ਵਿੱਚ 400 - ਮੀਟਰ,1 9 6 0   ਦੀ   ਓ ਲਿਂ ਪਿ ਕ   ਖੇ ਡਾਂ   ਵਿ ੱ ਚ   4 0 0   -   ਮੀ ਟ ਰ,21,8
ਮੇਰੇ ਖਿਆਲ ਨਾਲ ਉਸ ਲਈ ਉਹ ਸਭ ਤੋਂ ਜ਼ਿਆਦਾ ਜਾਣੇ ਜਾਂਦੇ ਹਨ I,ਮੇ ਰੇ   ਖਿ ਆ ਲ   ਨਾ ਲ   ਉ ਸ   ਲ ਈ   ਉ ਹ   ਸ ਭ   ਤੋਂ   ਜ਼ ਿ ਆ ਦਾ   ਜਾ ਣੇ   ਜਾਂ ਦੇ   ਹ ਨ   I,27,13
ਮੈਂ ਇੱਕ ਵਾਰ ਓਨ੍ਹਾਂ ਉਪਰ ਇੱਕ ਵਾਰਤਾ ਲਿਖਣਾ ਸੀ I,ਮੈਂ   ਇ ੱ ਕ   ਵਾ ਰ   ਓ ਨ੍ਹਾਂ   ਉ ਪ ਰ   ਇ ੱ ਕ   ਵਾ ਰ ਤਾ   ਲਿ ਖ ਣਾ   ਸੀ   I,22,10
ਮੈਂ ਓਨ੍ਹਾਂ ਬਾਰੇ ਬਹੁਤ ਪੜ੍ਹੀਆਂ I,ਮੈਂ   ਓ ਨ੍ਹਾਂ   ਬਾ ਰੇ   ਬ ਹੁ ਤ   ਪ ੜ ੍ ਹੀ ਆ ਂ   I,15,6
"ਜਦੋਂ ਓਹ ਚੌਥੇ ਆਏ, ਓਨ੍ਹਾਂ ਨੇ ਭਾਰਤੀ ਰਾਸ਼ਟਰੀ ਰਿਕਾਰਡ ਬਣਾਈਆ ਜੋ ਕਿ ਪਿਛਲੇ40 ਸਾਲਾਂ ਵਿੱਚ ਕਿਸੇ ਨੇ ਨਹੀਂ ਤੋੜੀਆਂ ਸੀ I","ਜ ਦੋਂ   ਓ ਹ   ਚੌ ਥੇ   ਆ ਏ ,   ਓ ਨ੍ਹਾਂ   ਨੇ   ਭਾ ਰ ਤੀ   ਰਾ ਸ਼ ਟ ਰੀ   ਰਿ ਕਾ ਰ ਡ   ਬ ਣਾ ਈ ਆ   ਜੋ   ਕਿ   ਪਿ ਛ ਲੇ 4 0   ਸਾ ਲਾਂ   ਵਿ ੱ ਚ   ਕਿ ਸੇ   ਨੇ   ਨ ਹੀਂ   ਤੋ ੜ ੀ ਆ ਂ   ਸੀ   I",51,21
ਮੈਂ ਵਡੇ ਹੁੰਦੇ ਹੋਏ ਉਸ ਬਾਰੇ ਬਹੁਤ ਸੁਨੀਆਂ ਹੈ I,ਮੈਂ   ਵ ਡੇ   ਹੁ ੰ ਦੇ   ਹੋ ਏ   ਉ ਸ   ਬਾ ਰੇ   ਬ ਹੁ ਤ   ਸੁ ਨੀ ਆ ਂ   ਹੈ   I,21,10
ਮੇਰੇ ਪਿਤਾ ਬਹੁਤ ਵਡੇ ਫੈਨ ਸਨ I,ਮੇ ਰੇ   ਪਿ ਤਾ   ਬ ਹੁ ਤ   ਵ ਡੇ   ਫੈ ਨ   ਸ ਨ   I,14,7
ਮੈਂ ਉਸ ਦੀ ਸਵੈ-ਜੀਵਨੀ ਵੀ ਪੜ੍ਹੀ ਹੈ I,ਮੈਂ   ਉ ਸ   ਦੀ   ਸ ਵੈ - ਜੀ ਵ ਨੀ   ਵੀ   ਪ ੜ ੍ ਹੀ   ਹੈ   I,17,8
ਉਸ ਨੂੰ ਪੜ੍ਹਨ ਤੋਂ ਬਾਅਦ ਮੈਂ ਫ਼ਿਲਮ ਦੇਖਣ ਦਾ ਸੋਚੀਆਂ I,ਉ ਸ   ਨੂ ੰ   ਪ ੜ ੍ ਹ ਨ   ਤੋਂ   ਬਾ ਅ ਦ   ਮੈਂ   ਫ਼ ਿ ਲ ਮ   ਦੇ ਖ ਣ   ਦਾ   ਸੋ ਚੀ ਆ ਂ   I,27,11
ਓਹ ਵਧੀਆ ਸੀ I,ਓ ਹ   ਵ ਧੀ ਆ   ਸੀ   I,7,4
ਫ਼ਿਲਮ ਨੇ ਵੀ ਕਈ ਪੁਰੁਸਕਾਰ ਜਿੱਤੇ ਸਨ I,ਫ਼ ਿ ਲ ਮ   ਨੇ   ਵੀ   ਕ ਈ   ਪੁ ਰੁ ਸ ਕਾ ਰ   ਜਿ ੱ ਤੇ   ਸ ਨ   I,19,8
ਫਰਹਾਨ ਅਖ਼ਤਰ ਨੇ ਬਹੁਤ ਵੱਧੀਆਂ ਕੰਮ ਕਿਤਾ ਹੈ I,ਫ ਰ ਹਾ ਨ   ਅ ਖ਼ ਤ ਰ   ਨੇ   ਬ ਹੁ ਤ   ਵ ੱ ਧੀ ਆ ਂ   ਕ ੰ ਮ   ਕਿ ਤਾ   ਹੈ   I,24,9
ਬਹੁਤ ਵਧੀਆ ਹੋਵੇਗਾ ਜੇ ਤੁਸੀਂ ਵੀ ਮਿਲਖਾ ਸਿੰਘ ਵਾਂਗ ਇੱਕ ਮਹਾਨ ਖਿਡਾਰੀ ਬਣ ਜਾਂਦੇ ਹੋ I,ਬ ਹੁ ਤ   ਵ ਧੀ ਆ   ਹੋ ਵੇ ਗਾ   ਜੇ   ਤੁ ਸੀਂ   ਵੀ   ਮਿ ਲ ਖਾ   ਸਿ ੰ ਘ   ਵਾਂ ਗ   ਇ ੱ ਕ   ਮ ਹਾ ਨ   ਖਿ ਡਾ ਰੀ   ਬ ਣ   ਜਾਂ ਦੇ   ਹੋ   I,36,16
"ਹੈਲੋ, ਕੀ ਇਹ ਜੈਪੁਰ ਸਿਟੀ ਪੈਲੇਸ ਹੈ","ਹੈ ਲੋ ,   ਕੀ   ਇ ਹ   ਜੈ ਪੁ ਰ   ਸਿ ਟੀ   ਪੈ ਲੇ ਸ   ਹੈ",15,7
"ਹਾਂ ਜੀ, ਮੈਂ ਤੁਹਾਡੀ ਕੀ ਮਦਦ ਕਰ ਸਕਦਾ ਹਾਂ","ਹਾਂ   ਜੀ ,   ਮੈਂ   ਤੁ ਹਾ ਡੀ   ਕੀ   ਮ ਦ ਦ   ਕ ਰ   ਸ ਕ ਦਾ   ਹਾਂ",17,9
ਮੈਂ ਬ੍ਰਾਂਡ ਵੇਰਾ ਤੋਂ ਗੱਲ ਕਰ ਰਿਹਾ ਹਾਂ,ਮੈਂ   ਬ੍ਰਾਂ ਡ   ਵੇ ਰਾ   ਤੋਂ   ਗ ੱ ਲ   ਕ ਰ   ਰਿ ਹਾ   ਹਾਂ,14,8
ਅਸੀਂ ਚੇਨਈ ਵਿੱਚ ਸਥਿਤ ਇੱਕ ਅੰਤਰਰਾਸ਼ਟਰੀ ਲਗਜ਼ਰੀ ਬ੍ਰਾਂਡ ਹਾਂ,ਅ ਸੀਂ   ਚੇ ਨ ਈ   ਵਿ ੱ ਚ   ਸ ਥਿ ਤ   ਇ ੱ ਕ   ਅ ੰ ਤ ਰ ਰਾ ਸ਼ ਟ ਰੀ   ਲ ਗ ਜ਼ ਰੀ   ਬ੍ਰਾਂ ਡ   ਹਾਂ,29,9
ਮੈਂ ਮਹਿਲ 'ਚ ਇੱਕ ਫੋਟੋ ਸ਼ੂਟ ਕਰਨ ਦੀ ਪ੍ਰਵਾਨਗੀ ਲੈਣ ਲਈ ਫੋਨ ਕਰ ਰਿਹਾ ਹਾਂ,ਮੈਂ   ਮ ਹਿ ਲ   ' ਚ   ਇ ੱ ਕ   ਫੋ ਟੋ   ਸ਼ੂ ਟ   ਕ ਰ ਨ   ਦੀ   ਪ੍ਰ ਵਾ ਨ ਗੀ   ਲੈ ਣ   ਲ ਈ   ਫੋ ਨ   ਕ ਰ   ਰਿ ਹਾ   ਹਾਂ,32,15
ਅਸੀਂ ਇੱਕ ਨਵਾਂ ਉਤਪਾਦ ਜਾਰੀ ਕਰ ਰਹੇ ਹਾਂ,ਅ ਸੀਂ   ਇ ੱ ਕ   ਨ ਵਾਂ   ਉ ਤ ਪਾ ਦ   ਜਾ ਰੀ   ਕ ਰ   ਰ ਹੇ   ਹਾਂ,18,8
"ਠੀਕ ਹੈ, ਇਸਦਾ ਪ੍ਰਬੰਧ ਕੀਤਾ ਜਾ ਸਕਦਾ ਹੈ","ਠੀ ਕ   ਹੈ ,   ਇ ਸ ਦਾ   ਪ੍ਰ ਬ ੰ ਧ   ਕੀ ਤਾ   ਜਾ   ਸ ਕ ਦਾ   ਹੈ",18,8
ਕੀ ਮੈਂ ਤੁਹਾਡਾ ਨਾਮ ਜਾਣ ਸਕਦਾ ਹਾਂ,ਕੀ   ਮੈਂ   ਤੁ ਹਾ ਡਾ   ਨਾ ਮ   ਜਾ ਣ   ਸ ਕ ਦਾ   ਹਾਂ,13,7
"ਇਹ ਅਨੰਤ ਹੈ, ਕੀ ਤੁਹਾਨੂੰ ਕੁੱਝ ਪਛਾਣ ਦੀ ਲੋੜ ਹੈ","ਇ ਹ   ਅ ਨ ੰ ਤ   ਹੈ ,   ਕੀ   ਤੁ ਹਾ ਨੂ ੰ   ਕੁ ੱ ਝ   ਪ ਛਾ ਣ   ਦੀ   ਲੋ ੜ   ਹੈ",23,10
ਸਾਨੂੰ ਕੁੱਝ ਦਸਤਾਵੇਜ਼ਾਂ ਦੀ ਲੋੜ ਹੋਵੇਗੀ,ਸਾ ਨੂ ੰ   ਕੁ ੱ ਝ   ਦ ਸ ਤਾ ਵੇ ਜ਼ ਾ ਂ   ਦੀ   ਲੋ ੜ   ਹੋ ਵੇ ਗੀ,19,6
"ਇੱਕ, ਇੱਕ ਜਾਇਜ਼ ਦਸਤਾਵੇਜ ਕਿ ਕੰਪਨੀ ਮੌਜੂਦ ਹੈ","ਇ ੱ ਕ ,   ਇ ੱ ਕ   ਜਾ ਇ ਜ਼   ਦ ਸ ਤਾ ਵੇ ਜ   ਕਿ   ਕ ੰ ਪ ਨੀ   ਮੌ ਜੂ ਦ   ਹੈ",24,8
"ਦੂਜਾ, ਸ਼ਾਮਿਲ ਹੋਣ ਵਾਲੇ ਅਮਲੇ ਦੀ ਪੂਰੀ ਸੂਚੀ , ਉਹਨਾਂ ਦੇ ਪਛਾਣ ਦਸਤਾਵੇਜ਼ਾਂ ਸਮੇਤ","ਦੂ ਜਾ ,   ਸ਼ਾ ਮਿ ਲ   ਹੋ ਣ   ਵਾ ਲੇ   ਅ ਮ ਲੇ   ਦੀ   ਪੂ ਰੀ   ਸੂ ਚੀ   ,   ਉ ਹ ਨਾਂ   ਦੇ   ਪ ਛਾ ਣ   ਦ ਸ ਤਾ ਵੇ ਜ਼ ਾ ਂ   ਸ ਮੇ ਤ",36,14
ਅਤੇ ਇੰਚਾਰਜ ਵਿਅਕਤੀ ਦਾ ਪਛਾਣ ਪੱਤਰ,ਅ ਤੇ   ਇ ੰ ਚਾ ਰ ਜ   ਵਿ ਅ ਕ ਤੀ   ਦਾ   ਪ ਛਾ ਣ   ਪ ੱ ਤ ਰ,19,6
ਕੀ ਇਹ ਠੀਕ ਰਹੇਗਾ ਕਿ ਦਸਤਾਵੇਜ਼ ਤੁਹਾਨੂੰ ਈਮੇਲ ਕਰ ਦਵਾ,ਕੀ   ਇ ਹ   ਠੀ ਕ   ਰ ਹੇ ਗਾ   ਕਿ   ਦ ਸ ਤਾ ਵੇ ਜ਼   ਤੁ ਹਾ ਨੂ ੰ   ਈ ਮੇ ਲ   ਕ ਰ   ਦ ਵਾ,25,10
"ਹਾਂ, ਪਰ ਸਾਨੂੰ ਸ਼ੂਟ ਦੇ ਦਿਨ ਪਛਾਣ ਦਾ ਸਬੂਤ ਦੇਖਣ ਦੀ ਲੋੜ ਪਵੇਗੀ","ਹਾਂ ,   ਪ ਰ   ਸਾ ਨੂ ੰ   ਸ਼ੂ ਟ   ਦੇ   ਦਿ ਨ   ਪ ਛਾ ਣ   ਦਾ   ਸ ਬੂ ਤ   ਦੇ ਖ ਣ   ਦੀ   ਲੋ ੜ   ਪ ਵੇ ਗੀ",28,13
"ਯਕੀਨਨ, ਮੈਂ ਸਮਝਦਾ ਹਾਂ","ਯ ਕੀ ਨ ਨ ,   ਮੈਂ   ਸ ਮ ਝ ਦਾ   ਹਾਂ",11,4
ਖ਼ਰਚੇ ਅਤੇ ਫੀਸ ਕੀ ਹਨ,ਖ਼ ਰ ਚੇ   ਅ ਤੇ   ਫੀ ਸ   ਕੀ   ਹ ਨ,10,5
ਭਾਰਤੀ ਨਾਗਰਿਕਾਂ ਅਤੇ ਵਸਨੀਕਾਂ ਲਈ ਪੈਕੇਜ ਤੇ ਅਧਾਰਤ ਫੀਸ 200 ਜਾਂ 300 ਹੋਵੇਗੀ,ਭਾ ਰ ਤੀ   ਨਾ ਗ ਰਿ ਕਾਂ   ਅ ਤੇ   ਵ ਸ ਨੀ ਕਾਂ   ਲ ਈ   ਪੈ ਕੇ ਜ   ਤੇ   ਅ ਧਾ ਰ ਤ   ਫੀ ਸ   2 0 0   ਜਾਂ   3 0 0   ਹੋ ਵੇ ਗੀ,35,13
ਮਿਉਜ਼ੀਅਮ ਪੈਕੇਜ ਵਿੱਚ ਪੈਲੇਸ ਦੀਆਂ ਸਾਰੀਆਂ ਦਰਬਾਰ ਅਤੇ ਗੈਲਰੀਆਂ ਅਤੇ ਕੈਮਰਾ ਬਿਨ੍ਹਾਂ ਟ੍ਰਾਇਪੋਡ ਦੇ ਸ਼ਾਮਿਲ ਹਨ,ਮਿ ਉ ਜ਼ ੀ ਅ ਮ   ਪੈ ਕੇ ਜ   ਵਿ ੱ ਚ   ਪੈ ਲੇ ਸ   ਦੀ ਆ ਂ   ਸਾ ਰੀ ਆ ਂ   ਦ ਰ ਬਾ ਰ   ਅ ਤੇ   ਗੈ ਲ ਰੀ ਆ ਂ   ਅ ਤੇ   ਕੈ ਮ ਰਾ   ਬਿ ਨ੍ਹਾਂ   ਟ੍ਰਾ ਇ ਪੋ ਡ   ਦੇ   ਸ਼ਾ ਮਿ ਲ   ਹ ਨ,50,16
ਕੰਪੋਜ਼ਿਟ ਪੈਕੇਜ ਵਿੱਚ ਇਹ ਸਭ ਜੈਗੜ੍ਹ ਅਤੇ ਰਾਇਲ ਸੈਂਟੋਟਾਫਸ ਦੇ ਨਾਲ ਸ਼ਾਮਿਲ ਹਨ,ਕ ੰ ਪੋ ਜ਼ ਿ ਟ   ਪੈ ਕੇ ਜ   ਵਿ ੱ ਚ   ਇ ਹ   ਸ ਭ   ਜੈ ਗ ੜ ੍ ਹ   ਅ ਤੇ   ਰਾ ਇ ਲ   ਸੈਂ ਟੋ ਟਾ ਫ ਸ   ਦੇ   ਨਾ ਲ   ਸ਼ਾ ਮਿ ਲ   ਹ ਨ,39,13
ਵਿਦੇਸ਼ੀਆਂ ਤੋਂ ਕੰਪੋਜ਼ਿਟ ਪੈਕੇਜ ਦੇ 700 ਰੁਪਏ ਲਏ ਜਾਣਗੇ,ਵਿ ਦੇ ਸ਼ੀ ਆ ਂ   ਤੋਂ   ਕ ੰ ਪੋ ਜ਼ ਿ ਟ   ਪੈ ਕੇ ਜ   ਦੇ   7 0 0   ਰੁ ਪ ਏ   ਲ ਏ   ਜਾ ਣ ਗੇ,27,9
ਕੀ ਅਸੀਂ ਰਾਤ ਨੂੰ ਮਹਿਲ ਤੱਕ ਪਹੁੰਚ ਸਕਦੇ ਹਾਂ,ਕੀ   ਅ ਸੀਂ   ਰਾ ਤ   ਨੂ ੰ   ਮ ਹਿ ਲ   ਤ ੱ ਕ   ਪ ਹੁ ੰ ਚ   ਸ ਕ ਦੇ   ਹਾਂ,21,9
"ਤੁਸੀਂ ਪਹੁੰਚ ਸਕਦੇ ਹੋ, ਉਹ ਅਲੱਗ ਪੈਕੇਜ ਹੈ","ਤੁ ਸੀਂ   ਪ ਹੁ ੰ ਚ   ਸ ਕ ਦੇ   ਹੋ ,   ਉ ਹ   ਅ ਲ ੱ ਗ   ਪੈ ਕੇ ਜ   ਹੈ",21,8
ਉਹ ਭਾਰਤੀਆਂ ਲਈ 500 ਰੁਪਏ ਅਤੇ ਵਿਦੇਸ਼ੀਆਂ ਲਈ 1000 ਰੁਪਏ ਹੈ,ਉ ਹ   ਭਾ ਰ ਤੀ ਆ ਂ   ਲ ਈ   5 0 0   ਰੁ ਪ ਏ   ਅ ਤੇ   ਵਿ ਦੇ ਸ਼ੀ ਆ ਂ   ਲ ਈ   1 0 0 0   ਰੁ ਪ ਏ   ਹੈ,32,11
ਇੱਥੇ ਵਿਦੇਸ਼ ਟਿਕਟਾਂ ਵੀ ਉਪਲਬੱਧ ਹਨ ਜੋ ਤੁਹਾਨੂੰ ਵਿਸ਼ੇਸ਼ ਪਹੁੰਚ ਦਿੰਦੀਆਂ ਹਨ,ਇ ੱ ਥੇ   ਵਿ ਦੇ ਸ਼   ਟਿ ਕ ਟਾਂ   ਵੀ   ਉ ਪ ਲ ਬ ੱ ਧ   ਹ ਨ   ਜੋ   ਤੁ ਹਾ ਨੂ ੰ   ਵਿ ਸ਼ੇ ਸ਼   ਪ ਹੁ ੰ ਚ   ਦਿ ੰ ਦੀ ਆ ਂ   ਹ ਨ,37,12
ਤੁਸੀਂ ਵਧੇਰੀ ਜਾਣਕਾਰੀ ਲਈ ਸਾਡੀ ਵੈੱਬਸਾਈਟ ਚੈੱਕ ਕਰ ਸਕਦੇ ਹੋ,ਤੁ ਸੀਂ   ਵ ਧੇ ਰੀ   ਜਾ ਣ ਕਾ ਰੀ   ਲ ਈ   ਸਾ ਡੀ   ਵੈ ੱ ਬ ਸਾ ਈ ਟ   ਚੈ ੱ ਕ   ਕ ਰ   ਸ ਕ ਦੇ   ਹੋ,28,10
ਕੀ ਇਹ ਠੀਕ ਹੋਵੇਗਾ ਜੇਕਰ ਕੋਈ ਇਸ ਹਫ਼ਤੇ ਵਿੱਚ ਆ ਕੇ ਬੁਕਿੰਗ ਕਰਦਾ ਹੈ,ਕੀ   ਇ ਹ   ਠੀ ਕ   ਹੋ ਵੇ ਗਾ   ਜੇ ਕ ਰ   ਕੋ ਈ   ਇ ਸ   ਹ ਫ਼ ਤੇ   ਵਿ ੱ ਚ   ਆ   ਕੇ   ਬੁ ਕਿ ੰ ਗ   ਕ ਰ ਦਾ   ਹੈ,31,14
"ਹਾਂ, ਇਹ ਠੀਕ ਰਹੇਗਾ","ਹਾਂ ,   ਇ ਹ   ਠੀ ਕ   ਰ ਹੇ ਗਾ",9,4
ਫੋਨ ਕਰਨ ਲਈ ਧੰਨਵਾਦ,ਫੋ ਨ   ਕ ਰ ਨ   ਲ ਈ   ਧ ੰ ਨ ਵਾ ਦ,12,4
"ਹਾਂ ਜੀ ਬਿਸ਼ਣੂ, ਇਨ੍ਹਾਂ ਦਿਨਾਂ ਤੁਸੀਂ ਕੀ ਕਰ ਰਹੇ ਹੋ","ਹਾਂ   ਜੀ   ਬਿ ਸ਼ ਣੂ ,   ਇ ਨ੍ਹਾਂ   ਦਿ ਨਾਂ   ਤੁ ਸੀਂ   ਕੀ   ਕ ਰ   ਰ ਹੇ   ਹੋ",18,10
ਕੀ ਤੁਸੀਂ ਹਾਲ ਹੀ ਵਿੱਚ ਕਿਸੇ ਮੋਟਰ ਸਾਈਕਲ ਸਵਾਰੀ 'ਤੇ ਗਏ ਹੋ,ਕੀ   ਤੁ ਸੀਂ   ਹਾ ਲ   ਹੀ   ਵਿ ੱ ਚ   ਕਿ ਸੇ   ਮੋ ਟ ਰ   ਸਾ ਈ ਕ ਲ   ਸ ਵਾ ਰੀ   ' ਤੇ   ਗ ਏ   ਹੋ,26,12
ਮੈਂ ਤੁਹਾਡੀਆਂ ਕੁੱਝ ਫੋਟੋਆਂ ਦੇਖੀਆਂ ਹਨ,ਮੈਂ   ਤੁ ਹਾ ਡੀ ਆ ਂ   ਕੁ ੱ ਝ   ਫੋ ਟੋ ਆ ਂ   ਦੇ ਖੀ ਆ ਂ   ਹ ਨ,19,6
"ਨਹੀਂ, ਉਹ ਬਹੁਤ ਸਮਾਂ ਪਹਿਲਾਂ ਇੱਕ ਵੱਖਰੀ ਸਵਾਰੀ ਦੀਆਂ ਹਨ","ਨ ਹੀਂ ,   ਉ ਹ   ਬ ਹੁ ਤ   ਸ ਮਾਂ   ਪ ਹਿ ਲਾਂ   ਇ ੱ ਕ   ਵ ੱ ਖ ਰੀ   ਸ ਵਾ ਰੀ   ਦੀ ਆ ਂ   ਹ ਨ",28,10
"ਮੇਰਾ ਹਫ਼ਤਾ ਬਹੁਤ ਵਿਅਸਤ ਸੀ, ਇਸ ਲਈ ਸਵਾਰੀ ਲਈ ਸਮਾਂ ਨਹੀਂ ਕੱਢ ਸਕਿਆ","ਮੇ ਰਾ   ਹ ਫ਼ ਤਾ   ਬ ਹੁ ਤ   ਵਿ ਅ ਸ ਤ   ਸੀ ,   ਇ ਸ   ਲ ਈ   ਸ ਵਾ ਰੀ   ਲ ਈ   ਸ ਮਾਂ   ਨ ਹੀਂ   ਕ ੱ ਢ   ਸ ਕਿ ਆ",33,13
ਪਰ ਮੈਂ ਇਸ ਹਫ਼ਤੇ ਦੇ ਅੰਤ ਵਿੱਚ ਜਾ ਰਿਹਾ ਹਾਂ,ਪ ਰ   ਮੈਂ   ਇ ਸ   ਹ ਫ਼ ਤੇ   ਦੇ   ਅ ੰ ਤ   ਵਿ ੱ ਚ   ਜਾ   ਰਿ ਹਾ   ਹਾਂ,19,10
ਤੁਸੀਂ ਦੱਸੋ; ਤੁਸੀਂ ਆਪਣੀ ਸੰਗੀਤ ਅਭਿਆਸ ਕਰ ਰਹੇ ਹੋ,ਤੁ ਸੀਂ   ਦ ੱ ਸੋ ;   ਤੁ ਸੀਂ   ਆ ਪ ਣੀ   ਸ ੰ ਗੀ ਤ   ਅ ਭਿ ਆ ਸ   ਕ ਰ   ਰ ਹੇ   ਹੋ,24,9
"ਹਾਂ, ਮੈਂ ਇਹ ਕਰਦਾ ਹਾਂ ਜਦੋਂ ਵੀ ਮੈਨੂੰ ਕੁੱਝ ਖਾਲੀ ਸਮਾਂ ਮਿਲਦਾ ਹੈ","ਹਾਂ ,   ਮੈਂ   ਇ ਹ   ਕ ਰ ਦਾ   ਹਾਂ   ਜ ਦੋਂ   ਵੀ   ਮੈ ਨੂ ੰ   ਕੁ ੱ ਝ   ਖਾ ਲੀ   ਸ ਮਾਂ   ਮਿ ਲ ਦਾ   ਹੈ",26,13
"ਮੇਰੇ ਦੀਨ ਵੀ ਬਹੁਤ ਰੁਝੇਵੇਂ ਵਾਲੇ ਹਨ, ਤੁਹਾਨੂੰ ਪਤਾ ਹੈ","ਮੇ ਰੇ   ਦੀ ਨ   ਵੀ   ਬ ਹੁ ਤ   ਰੁ ਝੇ ਵੇਂ   ਵਾ ਲੇ   ਹ ਨ ,   ਤੁ ਹਾ ਨੂ ੰ   ਪ ਤਾ   ਹੈ",23,10
ਇੱਥੋਂ ਤੱਕ ਕਿ ਮੈਂ ਰੋਜ਼ ਰਿਆਜ਼ ਕਰਨ ਲਈ ਵੀ ਪ੍ਰਬੰਧ ਨਹੀਂ ਕਰ ਸਕਦਾ,ਇ ੱ ਥੋਂ   ਤ ੱ ਕ   ਕਿ   ਮੈਂ   ਰੋ ਜ਼   ਰਿ ਆ ਜ਼   ਕ ਰ ਨ   ਲ ਈ   ਵੀ   ਪ੍ਰ ਬ ੰ ਧ   ਨ ਹੀਂ   ਕ ਰ   ਸ ਕ ਦਾ,30,13
"ਚਲੋ ਖੈਰ, ਕੀ ਤੁਸੀਂ ਸੱਚਮੁੱਚ ਇਸ ਹਫ਼ਤੇ ਦੇ ਅੰਤ ਵਿੱਚ ਫ਼੍ਰੀ ਹੋ","ਚ ਲੋ   ਖੈ ਰ ,   ਕੀ   ਤੁ ਸੀਂ   ਸ ੱ ਚ ਮੁ ੱ ਚ   ਇ ਸ   ਹ ਫ਼ ਤੇ   ਦੇ   ਅ ੰ ਤ   ਵਿ ੱ ਚ   ਫ਼ ੍ ਰੀ   ਹੋ",30,12
ਤੁਸੀਂ ਸਵਾਰੀ 'ਤੇ ਜਾਣ ਲਈ ਸਮੇਂ ਦਾ ਪ੍ਰਬੰਧਨ ਕਿਵੇ ਕਰਦੇ ਹੋ,ਤੁ ਸੀਂ   ਸ ਵਾ ਰੀ   ' ਤੇ   ਜਾ ਣ   ਲ ਈ   ਸ ਮੇਂ   ਦਾ   ਪ੍ਰ ਬ ੰ ਧ ਨ   ਕਿ ਵੇ   ਕ ਰ ਦੇ   ਹੋ,25,11
ਮੈਂ ਅਸਲ 'ਚ ਕੁੱਝ ਦਿਨ ਵਾਧੂ ਸਮਾਂ ਲਗਾਉਂਦਾ ਹਾਂ ਅਤੇ ਆਪਣੇ ਟੀਚੇ ਪੂਰੇ ਕਰਦਾ ਹਾਂ,ਮੈਂ   ਅ ਸ ਲ   ' ਚ   ਕੁ ੱ ਝ   ਦਿ ਨ   ਵਾ ਧੂ   ਸ ਮਾਂ   ਲ ਗਾ ਉ ਂ ਦਾ   ਹਾਂ   ਅ ਤੇ   ਆ ਪ ਣੇ   ਟੀ ਚੇ   ਪੂ ਰੇ   ਕ ਰ ਦਾ   ਹਾਂ,34,15
ਇਸ ਲਈ ਮੈਂ ਇਸ ਹਫ਼ਤੇ ਦੇ ਅੰਤ ਵਿੱਚ ਫ਼੍ਰੀ ਹਾਂ,ਇ ਸ   ਲ ਈ   ਮੈਂ   ਇ ਸ   ਹ ਫ਼ ਤੇ   ਦੇ   ਅ ੰ ਤ   ਵਿ ੱ ਚ   ਫ਼ ੍ ਰੀ   ਹਾਂ,21,10
ਮੈਨੂੰ ਬੁਰੀ ਤਰ੍ਹਾਂ ਕੁੱਝ ਤਾਤਾਜ਼ਗੀ ਵਾਲੇ ਸਮੇਂ ਦੀ ਲੋੜ ਹੈ,ਮੈ ਨੂ ੰ   ਬੁ ਰੀ   ਤ ਰ੍ਹਾਂ   ਕੁ ੱ ਝ   ਤਾ ਤਾ ਜ ਼ ਗੀ   ਵਾ ਲੇ   ਸ ਮੇਂ   ਦੀ   ਲੋ ੜ   ਹੈ,23,10
"ਸਿਰਫ਼ ਆਪਣੇ ਸ਼ੌਂਕ ਦੇ ਚੱਲਦੇ, ਤੁਸੀਂ ਇਹ ਕਰ ਸਕਦੇ ਹੋ, ਸਹੀ ਹੈ","ਸਿ ਰ ਫ਼   ਆ ਪ ਣੇ   ਸ਼ੌਂ ਕ   ਦੇ   ਚ ੱ ਲ ਦੇ ,   ਤੁ ਸੀਂ   ਇ ਹ   ਕ ਰ   ਸ ਕ ਦੇ   ਹੋ ,   ਸ ਹੀ   ਹੈ",28,12
"ਹਾਂ, ਤੁਸੀਂ ਠੀਕ ਕਿਹਾ","ਹਾਂ ,   ਤੁ ਸੀਂ   ਠੀ ਕ   ਕਿ ਹਾ",8,4
ਮੈਨੂੰ ਵੀ ਆਪਣੇ ਲਈ ਕੁੱਝ ਸਮਾਂ ਚਾਹੀਦਾ ਹੈ,ਮੈ ਨੂ ੰ   ਵੀ   ਆ ਪ ਣੇ   ਲ ਈ   ਕੁ ੱ ਝ   ਸ ਮਾਂ   ਚਾ ਹੀ ਦਾ   ਹੈ,18,8
ਮੈਂ ਵੀ ਸੋਚ ਰਿਹਾ ਹਾਂ ਕਿ ਇਸ ਸ਼ੁੱਕਰਵਾਰ ਇੱਕ ਗਾਇਨ ਪ੍ਰਤਿਯੋਗਤਾ ਵਿੱਚ ਹਿੱਸਾ ਲਵਾਂ,ਮੈਂ   ਵੀ   ਸੋ ਚ   ਰਿ ਹਾ   ਹਾਂ   ਕਿ   ਇ ਸ   ਸ਼ੁ ੱ ਕ ਰ ਵਾ ਰ   ਇ ੱ ਕ   ਗਾ ਇ ਨ   ਪ੍ਰ ਤਿ ਯੋ ਗ ਤਾ   ਵਿ ੱ ਚ   ਹਿ ੱ ਸਾ   ਲ ਵਾਂ,35,14
ਮੈਨੂੰ ਉਮੀਦ ਹੈ ਕਿ ਇਹ ਮੇਰੇ ਪਸੰਦੀਦਾ ਕੰਮ ਨਾਲ ਮੈਨੂੰ ਦੁਬਾਰਾ ਜੁੜਨ 'ਚ ਮੇਰੀ ਮਦਦ ਕਰੇਗਾ,ਮੈ ਨੂ ੰ   ਉ ਮੀ ਦ   ਹੈ   ਕਿ   ਇ ਹ   ਮੇ ਰੇ   ਪ ਸ ੰ ਦੀ ਦਾ   ਕ ੰ ਮ   ਨਾ ਲ   ਮੈ ਨੂ ੰ   ਦੁ ਬਾ ਰਾ   ਜੁ ੜ ਨ   ' ਚ   ਮੇ ਰੀ   ਮ ਦ ਦ   ਕ ਰੇ ਗਾ,41,16
ਤੁਸੀਂ ਅਜਿਹੇ ਵਿਅਸਤ ਕਾਰਜਕ੍ਰਮ ਦੇ ਵਿਚਕਾਰ ਆਪਣੇ ਸ਼ੌਂਕ ਦੀ ਪਾਲਣਾ ਕਰਨ ਲਈ ਆਪਣੇ ਸਮੇਂ ਦਾ ਪ੍ਰਬੰਧਨ ਕਿਵੇਂ ਕਰਦੇ ਹੋ,ਤੁ ਸੀਂ   ਅ ਜਿ ਹੇ   ਵਿ ਅ ਸ ਤ   ਕਾ ਰ ਜ ਕ੍ਰ ਮ   ਦੇ   ਵਿ ਚ ਕਾ ਰ   ਆ ਪ ਣੇ   ਸ਼ੌਂ ਕ   ਦੀ   ਪਾ ਲ ਣਾ   ਕ ਰ ਨ   ਲ ਈ   ਆ ਪ ਣੇ   ਸ ਮੇਂ   ਦਾ   ਪ੍ਰ ਬ ੰ ਧ ਨ   ਕਿ ਵੇਂ   ਕ ਰ ਦੇ   ਹੋ,50,19
ਮੈਂ ਰੋਜ਼ ਸਵੇਰੇ ਆਪਣਾ ਕੰਮ ਸ਼ੁਰੂ ਕਰਨ ਤੋਂ ਪਹਿਲਾਂ ਰਿਆਜ਼ ਕਰਨ ਦੀ ਕੋਸ਼ਿਸ਼ ਕਰਦਾ ਹਾਂ,ਮੈਂ   ਰੋ ਜ਼   ਸ ਵੇ ਰੇ   ਆ ਪ ਣਾ   ਕ ੰ ਮ   ਸ਼ੁ ਰੂ   ਕ ਰ ਨ   ਤੋਂ   ਪ ਹਿ ਲਾਂ   ਰਿ ਆ ਜ਼   ਕ ਰ ਨ   ਦੀ   ਕੋ ਸ਼ਿ ਸ਼   ਕ ਰ ਦਾ   ਹਾਂ,35,15
ਅਤੇ ਮੈਂ ਕੋਸ਼ਿਸ ਕਰਦਾ ਹਾਂ ਕਿ ਮੈਂ ਆਪਣਾ ਕੰਮ ਅਧੂਰਾ ਨਾ ਛੱਡਾਂ,ਅ ਤੇ   ਮੈਂ   ਕੋ ਸ਼ਿ ਸ   ਕ ਰ ਦਾ   ਹਾਂ   ਕਿ   ਮੈਂ   ਆ ਪ ਣਾ   ਕ ੰ ਮ   ਅ ਧੂ ਰਾ   ਨਾ   ਛ ੱ ਡਾਂ,25,12
ਤਾਂ ਜੋ ਮੈਨੂੰ ਉਹ ਚੀਜ਼ਾਂ ਕਰਨ ਦਾ ਸਮਾਂ ਮਿਲ ਜਾਵੇ ਜੋ ਮੈਨੂੰ ਪਸੰਦ ਨੇ,ਤਾਂ   ਜੋ   ਮੈ ਨੂ ੰ   ਉ ਹ   ਚੀ ਜ਼ ਾ ਂ   ਕ ਰ ਨ   ਦਾ   ਸ ਮਾਂ   ਮਿ ਲ   ਜਾ ਵੇ   ਜੋ   ਮੈ ਨੂ ੰ   ਪ ਸ ੰ ਦ   ਨੇ,30,14
"ਇਸ ਤਰ੍ਹਾਂ, ਮੈਂ ਆਪਣੇ ਹਫ਼ਤੇ ਦਾ ਅੰਤ ਵਿੱਚ ਸੰਗੀਤ ਸੁਣ ਕੇ ਅਤੇ ਅਭਿਆਸ ਕਰ ਕੇ ਗੁਜ਼ਾਰਦਾ ਹਾਂ","ਇ ਸ   ਤ ਰ੍ਹਾਂ ,   ਮੈਂ   ਆ ਪ ਣੇ   ਹ ਫ਼ ਤੇ   ਦਾ   ਅ ੰ ਤ   ਵਿ ੱ ਚ   ਸ ੰ ਗੀ ਤ   ਸੁ ਣ   ਕੇ   ਅ ਤੇ   ਅ ਭਿ ਆ ਸ   ਕ ਰ   ਕੇ   ਗੁ ਜ਼ ਾ ਰ ਦਾ   ਹਾਂ",41,17
ਮੈਂ ਵੀ ਇਸੇ ਤਰ੍ਹਾਂ ਕਰਨ ਦੀ ਕੋਸ਼ਿਸ਼ ਕਰਾਂਗਾ,ਮੈਂ   ਵੀ   ਇ ਸੇ   ਤ ਰ੍ਹਾਂ   ਕ ਰ ਨ   ਦੀ   ਕੋ ਸ਼ਿ ਸ਼   ਕ ਰਾਂ ਗਾ,16,8
ਪਰ ਪਿਛਲੇ ਕੁੱਝ ਹਫ਼ਤੇ ਬੇਹੱਦ ਰੁਝੇਵੇ ਵਾਲੇ ਸਨ,ਪ ਰ   ਪਿ ਛ ਲੇ   ਕੁ ੱ ਝ   ਹ ਫ਼ ਤੇ   ਬੇ ਹ ੱ ਦ   ਰੁ ਝੇ ਵੇ   ਵਾ ਲੇ   ਸ ਨ,22,8
"ਅਜੇ ਵੀ, ਮੈਂ ਇਸ ਹਫ਼ਤੇ ਦੇ ਅੰਤ 'ਚ ਪ੍ਰਬੰਧ ਕਰ ਰਿਹਾ ਹਾਂ","ਅ ਜੇ   ਵੀ ,   ਮੈਂ   ਇ ਸ   ਹ ਫ਼ ਤੇ   ਦੇ   ਅ ੰ ਤ   ' ਚ   ਪ੍ਰ ਬ ੰ ਧ   ਕ ਰ   ਰਿ ਹਾ   ਹਾਂ",25,12
ਕਿਸ ਤਰ੍ਹਾਂ ਦੀ ਗਾਇਨ ਪ੍ਰਤੀਯੋਗਤਾ ਵਿੱਚ ਹਿੱਸਾ ਲੈ ਰਹੇ ਹੋ,ਕਿ ਸ   ਤ ਰ੍ਹਾਂ   ਦੀ   ਗਾ ਇ ਨ   ਪ੍ਰ ਤੀ ਯੋ ਗ ਤਾ   ਵਿ ੱ ਚ   ਹਿ ੱ ਸਾ   ਲੈ   ਰ ਹੇ   ਹੋ,23,10
ਇਹ ਇੱਕ ਤਰ੍ਹਾਂ ਦੀ ਇੰਟਰ-ਆਫਿਸ ਗਾਇਨ ਪ੍ਰਤੀਯੋਗਤਾ ਹੈ,ਇ ਹ   ਇ ੱ ਕ   ਤ ਰ੍ਹਾਂ   ਦੀ   ਇ ੰ ਟ ਰ - ਆ ਫਿ ਸ   ਗਾ ਇ ਨ   ਪ੍ਰ ਤੀ ਯੋ ਗ ਤਾ   ਹੈ,25,8
ਮੈਂ ਇਸ ਪ੍ਰਤੀਯੋਗਤਾ ਵਿੱਚ ਆਪਣੇ ਦਫ਼ਤਰ ਦੀ ਪ੍ਰਤੀਨਿੱਧਤਾ ਕਰਾਂਗਾ,ਮੈਂ   ਇ ਸ   ਪ੍ਰ ਤੀ ਯੋ ਗ ਤਾ   ਵਿ ੱ ਚ   ਆ ਪ ਣੇ   ਦ ਫ਼ ਤ ਰ   ਦੀ   ਪ੍ਰ ਤੀ ਨਿ ੱ ਧ ਤਾ   ਕ ਰਾਂ ਗਾ,28,9
ਮੈਂ ਇਸ ਨੂੰ ਲੈ ਕੇ ਬਹੁਤ ਉਤਸੁਕ ਹਾਂ,ਮੈਂ   ਇ ਸ   ਨੂ ੰ   ਲੈ   ਕੇ   ਬ ਹੁ ਤ   ਉ ਤ ਸੁ ਕ   ਹਾਂ,15,8
"ਇਹ ਵਧੀਆ ਹੈ, ਤੁਹਾਨੂੰ ਇਸ ਵਿੱਚ ਹਿੱਸਾ ਜ਼ਰੂਰ ਲੈਣਾ ਚਾਹੀਦਾ ਹੈ","ਇ ਹ   ਵ ਧੀ ਆ   ਹੈ ,   ਤੁ ਹਾ ਨੂ ੰ   ਇ ਸ   ਵਿ ੱ ਚ   ਹਿ ੱ ਸਾ   ਜ਼ ਰੂ ਰ   ਲੈ ਣਾ   ਚਾ ਹੀ ਦਾ   ਹੈ",28,11
ਮੈਂ ਤੁਹਾਨੂੰ ਸ਼ੁਭ ਇੱਛਾਵਾਂ ਦਿੰਦਾ ਹਾਂ,ਮੈਂ   ਤੁ ਹਾ ਨੂ ੰ   ਸ਼ੁ ਭ   ਇ ੱ ਛਾ ਵਾਂ   ਦਿ ੰ ਦਾ   ਹਾਂ,15,6
ਧੰਨਵਾਦ ਬਹੁਤ ਬਹੁਤ,ਧ ੰ ਨ ਵਾ ਦ   ਬ ਹੁ ਤ   ਬ ਹੁ ਤ,11,3
ਤੁਹਾਡੀ ਵੀ ਯਾਤਰਾ ਸੁਖਦ ਹੋਵੇ,ਤੁ ਹਾ ਡੀ   ਵੀ   ਯਾ ਤ ਰਾ   ਸੁ ਖ ਦ   ਹੋ ਵੇ,12,5
"ਧੰਨਵਾਦ, ਲੇਲੀਨਾਂ","ਧ ੰ ਨ ਵਾ ਦ ,   ਲੇ ਲੀ ਨਾਂ",9,2
