sentence_id,original,tokenized,char_count,token_count
1,"सेवा संबंधी लोगों के लिए भेष कई गुणों का संयोजन है, जैसे कि उनके जूते, कपड़े, टाई, आभूषण, केश शैली, मेक-अप, घड़ी, कॉस्मेटिक, इत्र, आदि","सेवा    संबंधी    लोगों    के    लिए    भे ष    कई    गु णों    का    संयोजन    है,    जैसे    कि    उनके    जू ते,    कपड़ े,    टा ई,    आ भू ष ण,    के श    शै ली,    मे क- अप ,    घ ड़ ी,    कॉ स् मे टि क,    इ त्र ,    आदि ",110,46
2,महाराष्ट्र के औरंगाबाद जिले में स्थित अजंता में उन्तीस चैत्य और विहार गुफाएँ हैं जो पहली शताब्दी ई,महाराष्ट्र    के    औ र ंगा बाद    जिले    में    स्थित    अ जं ता    में    उन् ती स    चै त्य    और    वि हार    गुफा एँ    हैं    जो    पहली    शताब्दी    ई ,81,28
3,पू,पू ,2,1
4,से ले कर पाँचवीं शताब्दी ईस्वी तक की मूर्तियों तथा चित्रकारियों से सुसज्जित हैं,से    ले    कर    पाँ च वीं    शताब्दी    ईस्वी    तक    की    मूर् तियों    तथा    चित्र कारियों    से    सु स ज् जित    हैं ,66,21
5,"विस्तार का असर बनाते हुए, शरीर का रंग बाहरी रेखा में घुल-मिल जाता है","विस्तार    का    अ सर    बनाते    हुए,    शरीर    का    रंग    बाहरी    रेखा    में    घु ल- मिल    जाता    है ",55,17
6,"अशोक ने व्यापक रूप से मूर्तियों और शानदार स्मारकों को बनाने के लिए पत्थर का प्रयोग करना शुरू किया, जबकि उससे पहले पारंपरिक रूप से लकड़ी और मिट्टी का प्रयोग किया जाता है","अशोक    ने    व्यापक    रूप    से    मूर् तियों    और    शानदार    स्मार कों    को    बनाने    के    लिए    पत्थर    का    प्रयोग    करना    शुरू    किया,    जबकि    उससे    पहले    पारंपरिक    रूप    से    लकड़ी    और    मिट्टी    का    प्रयोग    किया    जाता    है ",136,35
7,"महाराष्ट्र के इस स्वादिष्ट और प्रसिद्ध व्यंजन में आलुओं में मसाले को मिलाकर, बेसन के घोल की परत लगाकर, उसे अच्छी तरह से तल कर बनाया जाता है","महाराष्ट्र    के    इस    स्वा दि ष्ट    और    प्रसिद्ध    व्यंजन    में    आ लु ओं    में    मसा ले    को    मिला कर,    बे सन    के    घो ल    की    पर त    लगा कर,    उसे    अच्छी    तरह    से    तल    कर    बनाया    जाता    है ",112,38
8,चेट्टिनाड भोजन तमिल नाडु के चेट्टिनाड क्षेत्र के नाट्टूकोटाई चेट्टियार नामक समुदाय या खुद को नागारथार कहने वालों का भोजन है,चे ट् टि ना ड    भोजन    तमिल    नाडु    के    चे ट् टि ना ड    क्षेत्र    के    ना ट् टू को टाई    चे ट्ट ियार    नामक    समुदाय    या    खुद    को    नाग ार था र    कह ने    वालों    का    भोजन    है ,103,39
9,दालचीनी मूल रूप से भारत की है और इस रूप में इसका प्रयोग स्वादिष्टकारक से लेकर औषधीय कारक के रूप में किया जाता है,दा ल चीनी    मूल    रूप    से    भारत    की    है    और    इस    रूप    में    इसका    प्रयोग    स्वा दि ष्ट कारक    से    लेकर    औ ष ध ीय    कारक    के    रूप    में    किया    जाता    है ,89,32
10,सूखे ग्राइंडर में या फिर पत्थर के मूसल में इसका चूर्ण बना लें,सू खे    ग्रा इंड र    में    या    फिर    पत्थर    के    मू सल    में    इसका    चू र् ण    बना    लें ,49,19
11,"पंजाब के हर शहर की अपनी पसंद है, जैसे कि अमृतसर के लोग विशेष रूप से अमृतसरी कुलचे, भरवां पराठें और दूध के उत्पाद पसंद करते हैं","पंजाब    के    हर    शहर    की    अपनी    पसंद    है,    जैसे    कि    अ मृ त सर    के    लोग    विशेष    रूप    से    अ मृ त स री    कु ल चे ,    भर वां    परा ठ ें    और    दू ध    के    उत्पाद    पसंद    करते    हैं ",100,41
12,"राम को ऋषि के साथ भेज दो, और लक्ष्मण को भी भेज दो","राम    को    ऋ षि    के    साथ    भेज    दो ,    और    लक्ष् म ण    को    भी    भेज    दो ",37,17
13,परंतु मंगल पांडे ने यह साहसिक कारनामा एक ऊँचे और श्रेष्ठ सिद्धांत के प्रति समर्पण के लिए किया,पर ं तु    मंग ल    पांड े    ने    यह    साह सिक    कार ना मा    एक    ऊँ चे    और    श्रे ष्ठ    सिद्धा ंत    के    प्रति    समर्प ण    के    लिए    किया ,76,29
14,प्याज जब पारभासी हो जाए तो उसमें मसालों के मिश्रण में कुछ समय से रखे गए मांस और पिसी हल्दी डाल कर 5-6 मिनट तक हल्का-सा तलते रहें जब तक कि मांस सभी मसालों को सोख न ले,प्या ज    जब    पार भा सी    हो    जाए    तो    उसमें    मसा लों    के    मिश्र ण    में    कुछ    समय    से    रख े    गए    मांस    और    पि सी    हल् दी    डाल    कर    5- 6    मिनट    तक    हल् का - सा    त लते    रह ें    जब    तक    कि    मांस    सभी    मसा लों    को    सो ख    न    ले ,128,54
15,"हितोपदेश एक पुस्तक है जिसमें सांसारिक ज्ञान पक्षियों, पशुओं, और मनुष्यों के चरित्रों के माध्यम से प्रस्तुत किया गया है","हि तो प देश    एक    पुस्तक    है    जिसमें    सां सार िक    ज्ञान    पक्ष ियों,    प शु ओं,    और    मनुष्यों    के    चरि त्रों    के    माध्यम    से    प्रस्तुत    किया    गया    है ",99,29
16,ऐसा प्रतीत होता है कि पुस्तक का उद्देश्य संस्कृत अभिव्यक्ति में प्रवीणता और विवेकपूर्ण व्यवहार के ज्ञान को प्रोत्साहित करना है,ऐसा    प्रतीत    होता    है    कि    पुस्तक    का    उद्देश्य    संस्कृत    अभि व्यक्ति    में    प्र वी ण ता    और    वि वे क पूर्ण    व्यवहार    के    ज्ञान    को    प्रोत्साहित    करना    है ,106,28
17,"प्रोफेसर असितकुमार बन्दोपाध्याय ने 1994 और 1995 में अपने गृह-नगर, हावड़ा के संपूर्ण इतिहास को हावड़ा शहरेर इतिवृत्त (पहला और दूसरा खंड) नाम से संकलित करने में महत्वपूर्ण भूमिका निभाई है","प्रोफे सर    अ सित कुमार    ब न् दो पा ध्या य    ने    1994    और    1995    में    अपने    ग ृह - नग र,    हा व ड़ा    के    सं पूर्ण    इतिहास    को    हा व ड़ा    शह रे र    इ ति वृत्त    ( पहला    और    दूसरा    खंड )    नाम    से    सं क लित    करने    में    महत्वपूर्ण    भूमिका    निभाई    है ",155,56
18,चैत्य के सभागृह में सामने की ओर अर्ध-वृत्ताकार चैत्य चाप रूपांकित है जिसका सामने का हिस्सा खुला है जहां पर लकड़ी का भवनमुख है और किसी-किसी में मुख्य चैत्य चाप वाली खिड़की नहीं है,चै त्य    के    स भाग ृह    में    सामने    की    ओर    अर्ध - वृत् ता कार    चै त्य    चा प    रू पा ं कित    है    जिसका    सामने    का    हिस्सा    खु ला    है    जहां    पर    लकड़ी    का    भव न मुख    है    और    कि सी - किसी    में    मुख्य    चै त्य    चा प    वाली    खि ड़ की    नहीं    है ,145,56
19,महाराजों और खानसामों (जैसा कि कुशल रसोइयों को परंपरागत रूप से भारत में कहा जाता है) की पीढ़ियों ने सदियों से इन पाक-विधियों को परिपूर्ण कर दिया है और अब ये पाक-विधियाँ सहस्रों वर्षों में मौखिक परमपरा के माध्यम से आगे बढ़ती आई हैं,महारा जों    और    खा न साम ों    ( जैसा    कि    कु शल    र सो इयों    को    परंपरा गत    रूप    से    भारत    में    कहा    जाता    है )    की    पी ढ़ ियों    ने    सद ियों    से    इन    पा क- विध ियों    को    परि पूर्ण    कर    दिया    है    और    अब    ये    पा क- विध ियाँ    सह स ्र ों    वर्षों    में    मौ ख िक    पर म प रा    के    माध्यम    से    आगे    बढ़ती    आई    हैं ,186,72
20,"पारंपरिक रूप से रसोइयों के दल की सहायता से तैयारी वास्ता वाज़ा, या प्रधान रसोइये द्वारा की जाती है","पारंपरिक    रूप    से    र सो इयों    के    दल    की    सहायता    से    तैयारी    वा स् ता    वा ज़ा ,    या    प्रधान    र सो इ ये    द्वारा    की    जाती    है ",80,28
21,"पाव भाजी: यह महाराष्ट्र का एक फास्ट फूड व्यंजन है, जिसमें सब्जियों का गाढ़ा मिश्रण होता है जिसे सामान्यतया मक्खन में पकाया जाता है और एक नर्म ब्रेड रोल (पाव) के साथ परोसा जाता है","पा व    भा जी :    यह    महाराष्ट्र    का    एक    फा स्ट    फू ड    व्यंजन    है,    जिसमें    स ब् ज ियों    का    गा ढ़ ा    मिश्र ण    होता    है    जिसे    सामान ्य त या    मक् ख न    में    प का या    जाता    है    और    एक    नर् म    ब्रे ड    रो ल    ( पा व )    के    साथ    प रो सा    जाता    है ",144,61
22,"हब्बा खातून और लल्ल-द्यद की कश्मीरी रचनाएं उनके आध्यात्मिक अंदाज़ और गहन भावनाओं की अभिव्यक्ति के लिए जानी जाती हैं, राजस्थान में मीराबाई की रचनाएं उनकी अद्वितीय भक्ति के लिए लोकप्रिय हैं, तमिल में आण्डाल का गूढ़ ज्ञान तथा कन्नड़ में अक्का महादेवी के वचन उस समय के साहित्य में महिलाओं के व्यापक योगदान के प्रमाण हैं","ह ब् बा    खा तू न    और    ल ल् ल- द्य द    की    कश् मी री    रच ना एं    उनके    आध्यात्मिक    अं दा ज़    और    ग हन    भाव नाओं    की    अभि व्यक्ति    के    लिए    जानी    जाती    हैं,    राजस्थान    में    मी रा बाई    की    रच ना एं    उनकी    अ द्वितीय    भ क्ति    के    लिए    लोकप्रिय    हैं,    तमिल    में    आ ण् डाल    का    गू ढ़    ज्ञान    तथा    कन्नड़    में    अक् का    महा देवी    के    व चन    उस    समय    के    साहित्य    में    महिलाओं    के    व्यापक    योगदान    के    प्रमाण    हैं ",259,86
23,"बाघ गुफाएं, जिनमें बौद्ध भित्ति चित्र बने हुए हैं, मध्य प्रदेश के धार ज़िले से 97 कि","बा घ    गुफा ए ं,    जिनमें    बौद्ध    भि त् ति    चित्र    बने    हुए    हैं,    मध्य    प्रदेश    के    धार    ज़िले    से    9 7    कि ",68,23
24,मी,मी ,2,1
25,की दूरी पर स्थित हैं,की    दूरी    पर    स्थित    हैं ,16,5
26,"संस्कृत साहित्य में मूल शब्द का सामान्य अर्थ है किसी पौधे या वृक्ष की जड़, किंतु लाक्षणिक रूप में, यह किसी भी वस्तु का निचला हिस्सा या तल हो सकता है","संस्कृत    साहित्य    में    मूल    शब्द    का    सामान्य    अर्थ    है    किसी    पौ धे    या    वृ क्ष    की    ज ड़ ,    किं तु    ला क्ष णिक    रूप    में,    यह    किसी    भी    वस्तु    का    नि चला    हिस्सा    या    तल    हो    सकता    है ",118,39
27,सिंधु घाटी सभ्यता विभिन्न क्षेत्रों में अपने तकनीकी ज्ञान के लिए जानी जाती है,सिंधु    घाटी    स भ ्यता    विभिन्न    क्षेत्रों    में    अपने    तकनी की    ज्ञान    के    लिए    जानी    जाती    है ,64,17
28,सभी कौरव मर जाते हैं; केवल पाँच पांडव भाई और कृष्ण जीवित बचते हैं,सभी    कौ र व    मर    जाते    हैं;    केवल    पाँच    पांड व    भाई    और    कृष्ण    जीवित    बच ते    हैं ,52,18
29,युद्ध अठारह दिनों तक चलता रहता है और कौरवों की पराजय के साथ समाप्त होता है,युद्ध    अ ठ ार ह    दिनों    तक    चलता    रहता    है    और    कौ र वों    की    प राज य    के    साथ    समाप्त    होता    है ,59,23
30,"महाभारत की केंद्रीय कथा हस्तिनापुर के सिंहासन पर उत्तराधिकार के लिए संघर्ष की कहानी है, एक ऐसा राज्य जो आधुनिक दिल्ली के ठीक उत्तर में है और जो भरत नाम से जानी जाने वाली एक जनजाति का पैतृक क्षेत्र है","महा भारत    की    केंद्रीय    कथा    ह स् ति ना पुर    के    सिंहासन    पर    उत्तराधि कार    के    लिए    संघर्ष    की    कहानी    है,    एक    ऐसा    राज्य    जो    आधुनिक    दिल्ली    के    ठीक    उत्तर    में    है    और    जो    भर त    नाम    से    जानी    जाने    वाली    एक    जनजा ति    का    पै तृ क    क्षेत्र    है ",160,50
31,कर्नाटक में शाकाहारी लोगों की संख्या मांसाहारी लोगों से अधिक है; इसलिए उनके भोजन में मुख्य रूप से शाकाहारी व्यंजन होते हैं,कर्नाटक    में    शा का ह ारी    लोगों    की    संख्या    मां साह ारी    लोगों    से    अधिक    है;    इसलिए    उनके    भोजन    में    मुख्य    रूप    से    शा का ह ारी    व्यंजन    होते    हैं ,101,30
32,"उन्हें संजय से, जो उन्हें बता रहा है कि युद्ध के मैदान में क्या हो रहा है, उत्तर मिलता है","उन्हें    सं जय    से,    जो    उन्हें    ब ता    रहा    है    कि    युद्ध    के    मैदान    में    क्या    हो    रहा    है,    उत्तर    मिलता    है ",70,22
33,तमिल में मिलने वाले दो महाकाव्य सिलप्पदिकारम् और मणिमेकलै हैं,तमिल    में    मिलने    वाले    दो    महा का व्य    सि ल प्प दि कार म्    और    मणि मे क लै   हैं ,52,20
34,इस क्षेत्र में मिर्च के पाउडर का उपयोग सावधानी से किया जाता है,इस    क्षेत्र    में    मि र्च    के    पा उ डर    का    उपयोग    सा व धा नी    से    किया    जाता    है ,50,19
35,"योग शब्द संस्कृत की युज् धातु से निकला है, जिसका अर्थ है जोड़ना या जोतना या सम्मिलित करना","योग    शब्द    संस्कृत    की    यु ज्   धा तु    से    निक ला    है,    जिसका    अर्थ    है    जोड़ ना    या    जो तना    या    सम् मि लित    करना ",72,25
36,आज का ओड़िसी उड़ीसा के मंदिरों की दीवारों पर विभिन्न रूपांकनों में उत्कीर्ण अनगिनत प्रतिमाओं से विकसित हुआ है,आज    का    ओ ड़ ि सी    उ ड़ ी सा    के    मंदिरों    की    दी व ारों    पर    विभिन्न    रू पा ंक नों    में    उत् कीर् ण    अन गि नत    प्रति मा ओं    से    विकसित    हुआ    है ,91,36
37,"वशिष्ठ अब राजा की ओर घूमे और धीरे से बोले: ""राजा , आपको शोभा नहीं देता कि आपने जिस चीज़ का एक बार वचन दिया था उससे आप मुकर जाएं","व शि ष्ठ    अब    राजा    की    ओर    घू मे    और    धीरे    से    बो ले :    "" राजा    ,    आपको    शो भा    नहीं    देता    कि    आपने    जिस    ची ज़    का    एक    बार    व चन    दिया    था    उससे    आप    मु कर    जाए ं ",98,41
38,"केवल तब जब उनको अर्जुन की हताशा की हद समझ में आई, कृष्ण ने अपना रवैया बदला और दुनिया में धार्मिक संघर्षों के रहस्य को सिखाना शुरू किया","केवल    तब    जब    उन को    अर् जु न    की    ह ता शा    की    हद    समझ    में    आई ,    कृष्ण    ने    अपना    र वै या    बद ला    और    दुनिया    में    धार्मिक    संघ र् षों    के    रह स्य    को    सि खाना    शुरू    किया ",107,41
39,"जैसे-जैसे आप पात्र में चावल का आटा डाल रहे हों, बीच-बीच में आप कम मात्रा में घिसा हुआ नारियल भी डालें","जैसे-जैसे    आप    पात्र    में    चावल    का    आ टा    डाल    रहे    हो ं,    बी च - बीच    में    आप    कम    मात्रा    में    घि सा    हुआ    नार ियल    भी    डा लें ",81,29
40,"आप बेलनाकार पात्र में एक चम्मच-भर कद्दूकस किया हुआ नारियल मिला कर शुरू कर सकते हैं, जिसके बाद अच्छी तरह मिश्रित चावल का आटा उसमें मिला दें","आप    बे ल ना कार    पात्र    में    एक    च म्म च - भर    क द् दू कस    किया    हुआ    नार ियल    मिला    कर    शुरू    कर    सकते    हैं,    जिसके    बाद    अच्छी    तरह    मिश्रित    चावल    का    आ टा    उसमें    मिला    दें ",112,39
41,महाराजा रणजीत सिंह के दान के कारण 1835 ई,महारा जा    रण जीत    सिंह    के    दान    के    कारण    18 35    ई ,32,12
42,के आस-पास नांदेड में एक सुंदर और असाधारण गुरुद्वारे का निर्माण हुआ जिसमें जटिल नक्काशी वाला एक भव्य स्वर्ण गुंबद है,के    आस-पास    ना ं दे ड    में    एक    सु ंदर    और    अ साधारण    गुरु द्व ारे    का    निर्माण    हुआ    जिसमें    जटिल    न क्का शी    वाला    एक    भव ्य    स्वर्ण    गु ंब द    है ,95,33
43,सामवेद इन चुनी हुई ऋचाओं का एक संग्रह है जिन्हें प्रस्तावित छंद या लयबद्ध ताल पर निर्धारित करते हुए स्वरों में व्यवस्थित किया गया है,साम वे द    इन    चु नी    हुई    ऋ चा ओं    का    एक    संग्रह    है    जिन्हें    प्रस्ता वित    छ ंद    या    ल य बद्ध    ताल    पर    निर्धारित    करते    हुए    स्व रों    में    व्यवस्थित    किया    गया    है ,108,35
44,वाल्मीकि द्वारा किए गए राजधानी कोशल के वर्णन से यह सुस्पष्ट है किअयोध्या की प्राचीन राजधानी हमारे आधुनिक शहरों से किसी भी तरह से कम नहीं थी,वा ल् मी कि    द्वारा    किए    गए    राजधानी    को शल    के    वर्णन    से    यह    सु स्पष्ट    है    कि अ यो ध्य ा    की    प्राचीन    राजधानी    हमारे    आधुनिक    शहरों    से    किसी    भी    तरह    से    कम    नहीं    थी ,113,36
45,"एक बार ऐसा कह देने पर कि 'मैं यह करूँगा', तुम्हारे पास इसे करने के अलावा कोई विकल्प नहीं रह जाता है","एक    बार    ऐसा    क ह    देने    पर    कि    ' मैं    यह    कर ू ँ गा ' ,    तुम्ह ारे    पास    इसे    करने    के    अलावा    कोई    विकल्प    नहीं    रह    जाता    है ",78,30
46,"हाल के वर्षों में, रुपये की विनिमय दर तथा विदेशी मुद्रा आरक्षित भंडार की पर्याप्तता पर भिन्न-भिन्न दृष्टिकोण सामने आए हैं","हाल    के    वर्षों    में,    रुपये    की    वि नि मय    दर    तथा    विदेशी    मुद्रा    आ रक्षित    भ ंडा र    की    पर्या प्त ता    पर    भि न् न- भिन्न    दृष्टिकोण    सामने    आए    हैं ",101,31
47,"जब कोई क्रेडिट कार्ड खाता तीन दिन से अधिक पिछला बकाया दिखाता है, केवल तभी बैंक साख सूचना कंपनियों (सी","जब    कोई    क्रेडिट    कार्ड    खाता    तीन    दिन    से    अधिक    पिछ ला    ब का या    दिखा ता    है,    केवल    तभी    बैंक    सा ख    सूचना    कंपनियों    ( सी ",82,26
48,आई,आई ,2,1
49,सी,सी ,2,1
50,) को सूचित कर सकते हैं कि इसका पिछला बकाया है या देर से भुगतान शुल्क इत्यादि जैसा जुर्माना लगा सकते हैं,)    को    सूचित    कर    सकते    हैं    कि    इसका    पिछ ला    ब का या    है    या    देर    से    भुगतान    शुल्क    इ त्या दि    जैसा    जु र् माना    लगा    सकते    हैं ,82,29
51,देश अपनी आर्थिक स्थिति में सुधार करने हेतु विदेशों से प्रत्यक्ष निवेश को बढ़ावा दे सकते हैं,देश    अपनी    आर्थिक    स्थिति    में    सुधार    करने    हे तु    वि देशों    से    प्रत्यक्ष    निवेश    को    बढ़ावा    दे    सकते    हैं ,75,19
52,"तथापि, पैकेज के त्वरित कार्यान्वयन के लिए प्रोत्साहन के रूप में,अगर अनुमोदित पैकेज बैंक द्वारा आवेदन प्राप्त करने के 90 दिनों के भीतर कार्यान्वित किया जाता है तो आस्ति वर्गीकरण की स्थिति बैंक द्वारा पुनर्रचना का आवेदन प्राप्त करने के समय वाले स्तर पर पुनः स्थापित की जा सकती है","त था पि ,    पै के ज    के    त्व र ित    कार् या न् व यन    के    लिए    प्रोत्सा हन    के    रूप    में , अगर    अनु मो दित    पै के ज    बैंक    द्वारा    आवे दन    प्राप्त    करने    के    90    दिनों    के    भीतर    कार् या न् वित    किया    जाता    है    तो    आ स् ति    वर्गी करण    की    स्थिति    बैंक    द्वारा    पुन र ्र चना    का    आवे दन    प्राप्त    करने    के    समय    वाले    स्तर    पर    पुन ः    स्थापित    की    जा    सकती    है ",228,80
53,"क्या निजी पूँजी संचय की गतिशीलता अनिवार्य रूप से धन के संकेन्द्रण को कुछ ही लोगों तक सीमित कर देती है, या विकास, प्रतियोगिता, तथा तकनीकी प्रगति की प्रतिकारी शक्तियों के परिणामस्वरूप असमानता कम होने लगती है","क्या    निजी    पू ँ जी    सं च य    की    गति शी लता    अ निवा र्य    रूप    से    धन    के    संके न् द्र ण    को    कुछ    ही    लोगों    तक    सीमित    कर    देती    है,    या    विका स,    प्रतियोगि ता,    तथा    तकनी की    प्र गति    की    प्रति कारी    शक् तियों    के    परिणामस्वरूप    अस मान ता    कम    होने    लगती    है ",169,56
54,यह बाज़ार में अत्यधिक अस्थिरता को कम करने और स्फीति को अत्यधिक बढ़ने से रोकने के लिए हस्तक्षेप करता है,यह    बा ज़ार    में    अत्यधिक    अ स्थि रता    को    कम    करने    और    स् फी ति    को    अत्यधिक    बढ़ने    से    रोकने    के    लिए    हस्त क्षेप    करता    है ,83,26
55,दूसरी तिमाही के उच्च आवृत्ति आँकड़े दर्शाते हैं कि आर्थिक संचालन अब भी मजबूत है,दूसरी    ति मा ही    के    उच्च    आ वृत्ति    आँ क ड़े    दर्शा ते    हैं    कि    आर्थिक    संचालन    अब    भी    मजबूत    है ,65,21
56,"समष्टि अर्थशास्त्र में, विषय विशिष्ट रूप से एक राष्ट्र होता है और इसके बाज़ार किस प्रकार से उन व्यापक घटनाओं को उत्पन्न करने में एक-दूसरे को प्रभावित करते हैं जिसे अर्थशास्त्री समग्र चर कहते हैं","सम ष्टि    अर्थ शास्त्र    में,    विषय    विशिष्ट    रूप    से    एक    राष्ट्र    होता    है    और    इसके    बा ज़ार    किस    प्रकार    से    उन    व्यापक    घटनाओं    को    उत्पन्न    करने    में    एक-दूसरे    को    प्रभावित    करते    हैं    जिसे    अर्थ शास् त्री    सम ग्र    चर    कहते    हैं ",160,41
57,चल निधि का अर्थ है किस हद तक अल्पकाल में पूरे बाजार भाव से बहुत कम अंतर पर वित्तीय संपत्ति बेची जा सकती है,चल    नि धि    का    अर्थ    है    किस    हद    तक    अल्प काल    में    पूरे    बाजार    भाव    से    बहुत    कम    अंतर    पर    वित्तीय    संपत्ति    बे ची    जा    सकती    है ,83,27
58,"मोटे तौर पर, आय मान्यता की नीति व्यक्तिनिष्ठ कारणों पर आधारित होने के बजाय वस्तुनिष्ठ और वसूली के विवरण पर आधारित होनी चाहिए","मो टे    तौर    पर,    आय    मान्यता    की    नीति    व्यक्ति नि ष्ठ    कारणों    पर    आधारित    होने    के    बजाय    वस्तु नि ष्ठ    और    व सू ली    के    विवरण    पर    आधारित    होनी    चाहिए ",102,30
59,"इसलिए, ब्याज जमा करने की तारीख के संदंर्भ में ब्याज की ऐसी राशियाँ अतिदेय नहीं रह जातीं, और परिणामस्वरूप अनर्जक आस्ति हो जाती हैं","इस लिए,    ब्याज    जमा    करने    की    तारीख    के    सं दं र् भ    में    ब्याज    की    ऐसी    रा श ियाँ    अति दे य    नहीं    रह    जा ती ं,    और    परिणामस्वरूप    अन र् जक    आ स् ति    हो    जाती    हैं ",106,38
60,भारत की सबसे त्वरित भुगतान प्रणाली - यूपीआई - को अन्य क्षेत्राधिकारों के उसी के समान भुगतान प्रणालियों से जोड़ने की जारी पहल सहित भारत की भुगतान प्रणालियों को अन्य क्षेत्राधिकार की प्रणालियों से जोड़ने की संभावना से धन के प्रेषण सहित सीमा-पार के साथ भुगतान व्यवस्थाओं में सुधार होगा,भारत    की    सबसे    त्व र ित    भुगतान    प्रणाली    -    यू पी आई    -    को    अन्य    क्षे त्रा धि कारों    के    उसी    के    समान    भुगतान    प्रणा लियों    से    जो ड़ने    की    जारी    पह ल    सहित    भारत    की    भुगतान    प्रणा लियों    को    अन्य    क्षे त्रा धि कार    की    प्रणा लियों    से    जो ड़ने    की    संभावना    से    धन    के    प्रे षण    सहित    सीमा - पार    के    साथ    भुगतान    व्यव स्था ओं    में    सुधार    होगा ,233,71
61,बिजलीघरों और औद्योगिक (खाद) संयंत्रों में अपने उपयोग के कारण तरलीकृत प्राकृतिक गैस (एल,बि ज ली घरों    और    औद्यो गिक    ( खा द )    सं य ंत्र ों    में    अपने    उपयोग    के    कारण    तर ली कृत    प्राकृतिक    गैस    ( ए ल ,73,28
62,एन,ए न ,2,2
63,जी,जी ,2,1
64,) ऊर्जा क्षेत्र में बहुत महत्वपूर्ण होती जा रही है,)    ऊर्जा    क्षेत्र    में    बहुत    महत्वपूर्ण    होती    जा    रही    है ,41,10
65,"हालांकि विपणन स्थल आपको बिक्री बढ़ाने देते हैं, पर वे आपको बहुत समय तक रहने वाली कंपनी या बिक्री के योग्य ब्रांड नहीं बनाने देते","हालांकि    वि प णन    स्थल    आपको    बिक्री    बढ़ाने    देते    हैं,    पर    वे    आपको    बहुत    समय    तक    रहने    वाली    कंपनी    या    बिक्री    के    योग्य    ब्रांड    नहीं    बनाने    देते ",104,27
66,भुगतान के पारितंत्र में अपने महत्वपूर्ण योगदान के कारण भुगतान संग्राहकों (पी,भुगतान    के    पारि तंत्र    में    अपने    महत्वपूर्ण    योगदान    के    कारण    भुगतान    सं ग्राहकों    ( पी ,65,15
67,ए,ए ,1,1
68,) को मार्च 2022 में नियमों के तहत कर दिया गया और उन्हें भुगतान प्रणाली संचालकों (पी,)    को    मार्च    2022    में    नियमों    के    तहत    कर    दिया    गया    और    उन्हें    भुगतान    प्रणाली    संचा ल कों    ( पी ,67,20
69,एस,ए स ,2,2
70,ओ,ओ ,1,1
71,) के रूप में मनोनीत किया गया,)    के    रूप    में    मनो नी त    किया    गया ,22,9
72,"वर्तमान विनियम, उन्हीं भुगतान समूहकों पर लागू होते हैं जो ऑनलाइन या ई-वाणिज्यिक लेन-देनों का प्रक्रमण करते हैं","वर्तमान    वि निय म,    उन् हीं    भुगतान    समू ह कों    पर    लागू    होते    हैं    जो    ऑनलाइन    या    ई- वाणिज ्य िक    ले न- दे नों    का    प्र क्रमण    करते    हैं ",93,30
73,"रिकॉर्डो की अंतर्दृष्टि के अनुसार, ऐसा देश अपनी तुलनात्मक बढ़त के मुताबिक व्यापार करके, ऐसे माल का निर्यात करके जिनमें पूरा लाभ सबसे अधिक था, और ऐसा खरीद कर जिनमें यह अपेक्षाकृत कम निरपेक्ष (भले ही तब भी सकारात्मक) था, हर हाल में अंतर्राष्ट्रीय व्यापार से लाभ उठाएगा","रिकॉर् डो    की    अंतर् दृष्टि    के    अनुसार,    ऐसा    देश    अपनी    तुल नात्मक    बढ़ त    के    मु ता ब िक    व्यापार    कर के ,    ऐसे    माल    का    निर् यात    करके    जिनमें    पूरा    लाभ    सबसे    अधिक    था,    और    ऐसा    खरीद    कर    जिनमें    यह    अपेक्षाकृत    कम    नि र पे क्ष    ( भले    ही    तब    भी    सक ारा त् म क)    था,    हर    हाल    में    अंतर्राष्ट्रीय    व्यापार    से    लाभ    उठा ए गा ",219,68
74,एक साल पहले के 6,एक    साल    पहले    के    6 ,12,5
75,"7 प्रतिशत के मुकाबले 9 सितंबर, 2022 तक बैंक साख साल-दर-साल 16","7    प्रतिशत    के    मुकाब ले    9    सित ंबर,    2022    तक    बैंक    सा ख    सा ल- द र- साल    16 ",50,19
76,2 प्रतिशत की त्वरित गति से विकसित हुई,2    प्रतिशत    की    त्व र ित    गति    से    विकसित    हुई ,30,10
77,"फसल की कटाई से पहले और उसके बाद दिए जाने वाले ऋण छिड़काव, निराई, कटाई, छंटाई, वर्गीकरण और ऋषि उत्पाद के परिवहन जैसे कार्यों की लागत के लिए दिए जाते हैं","फसल    की    क टाई    से    पहले    और    उसके    बाद    दिए    जाने    वाले    ऋण    छि ड़ का व,    निरा ई,    क टा ई,    छ ं टा ई,    वर्गी करण    और    ऋ षि    उत्पाद    के    परिवहन    जैसे    कार्यों    की    लागत    के    लिए    दिए    जाते    हैं ",121,43
78,कृषि एवं उससे संबंधित संचालनों के लिए मध्यम या दीर्घकालिक ऋण खेत में सिंचाई और अन्य विकासात्मक कार्यों हेतु कृषि यंत्रों की खरीद के लिए दिए जाते हैं,कृषि    एव ं    उससे    संबंधित    संचा ल नों    के    लिए    मध्य म    या    दीर्घ कालिक    ऋण    खे त    में    सिंचाई    और    अन्य    विका सा त्मक    कार्यों    हे तु    कृषि    य ंत्र ों    की    खरीद    के    लिए    दिए    जाते    हैं ,121,39
79,बैंकिंग निरीक्षक पारंपरिक बैंकों पर छाया बैंकों के प्रभाव की जाँच कर रहे हैं और पूंजी एवं चल निधि के लिए बेहतर विनियमन के ज़रिए इसे सीमित करने का प्रयास कर रहे हैं क्योंकि इस खुलासे से छाया बैंक पारंपरिक वित्तीय क्षेत्र तथा सामान्य तौर पर भी अर्थ व्यवस्था को प्रभावित कर पा रहे थे,बैं किंग    नि री क्ष क    पारंपरिक    बैं कों    पर    छा या    बैं कों    के    प्रभाव    की    जाँच    कर    रहे    हैं    और    पू ं जी    एव ं    चल    नि धि    के    लिए    बेहतर    वि निय मन    के    ज़ रि ए    इसे    सीमित    करने    का    प्रयास    कर    रहे    हैं    क्योंकि    इस    खु ला से    से    छा या    बैंक    पारंपरिक    वित्तीय    क्षेत्र    तथा    सामान्य    तौर    पर    भी    अर्थ    व्यवस्था    को    प्रभावित    कर    पा    रहे    थे ,226,73
80,वैश्विक वित्तीय संकट के समय से आधिकारिक क्षेत्र और ज्यादा और बेहतर जानकारी एकत्रित कर रहा है और प्रच्छन्न भेद्यताएं खोज रहा है,वैश्विक    वित्तीय    सं कट    के    समय    से    आधिकारिक    क्षेत्र    और    ज्यादा    और    बेहतर    जानकारी    एक त्र ित    कर    रहा    है    और    प्र च्छ न्न    भे द्य ता एं    खोज    रहा    है ,104,31
81,बाजार समाशोधन कीमत तय करने के लिए आवश्यकता होती है कि उस कीमत पर पूर्ति और माँग एक बराबर हो,बाजार    समा शो धन    कीमत    तय    करने    के    लिए    आवश्यकता    होती    है    कि    उस    कीमत    पर    पूर्ति    और    माँ ग    एक    बराबर    हो ,72,23
82,"इस प्रतिमान के समीकरण मूल्य तथा अन्य चरों (उदाहरण के तौर पर, आय) के संबंध में आपूर्ति और माँग का स्तर निर्धारित करते हैं","इस    प्रति मान    के    समी करण    मूल्य    तथा    अन्य    च रों    ( उदाहरण    के    तौर    पर,    आय )    के    संबंध    में    आपूर्ति    और    माँ ग    का    स्तर    निर्धारित    करते    हैं ",97,30
83,"फिर व्यापार संतुलन में शुद्ध कारक आय (विदेशी निवेशों या कर्मचारियों द्वारा विप्रेषित धन जैसे ब्याज और लाभांश) और विदेश से हस्तांतरणों, (जैसे विदेशी सहायता) जो प्रायः कुल राशि का एक छोटा-सा हिस्सा होते हैं, को जोड़ने पर चालू खाता शेष मिलता है","फिर    व्यापार    संतु लन    में    शु द्ध    कारक    आय    ( विदेशी    निवेश ों    या    कर्मचारियों    द्वारा    वि प्रे षित    धन    जैसे    ब्याज    और    ला भा ं श )    और    वि देश    से    हस्ता ंतर ण ों,    ( जैसे    विदेशी    सहा य ता )    जो    प्राय ः    कुल    राशि    का    एक    छो टा - सा    हिस्सा    होते    हैं,    को    जो ड़ने    पर    चा लू    खाता    शेष    मिलता    है ",199,67
84,माल निर्यात करने और सेवाओं के मूल्य में से माल आयात करने और सेवाओं के मूल्य को घटाने से प्राप्त अंतर व्यापार संतुलन है,माल    निर् यात    करने    और    सेवाओं    के    मूल्य    में    से    माल    आ यात    करने    और    सेवाओं    के    मूल्य    को    घ टा ने    से    प्राप्त    अंतर    व्यापार    संतु लन    है ,95,29
85,"राज्य मंत्री श्री गिरिजा सिंह, लघु, कुटीर एवं मध्यम उपक्रम (एम","राज्य    मंत्री    श्री    गि रि जा    सिं ह,    ल घु ,    कु टी र    एव ं    मध्य म    उप क्रम    ( ए म ",52,23
86,एस,ए स ,2,2
87,एम,ए म ,2,2
88,ई,ई ,1,1
89,"), (स्वतंत्र प्रभार) के अनुसार, जिन्होंने दिसंबर 19–20, 2018, को नई दिल्ली में 15वें एस","),    ( स्वतंत्र    प्र भार )    के    अनुसार,    जिन्होंने    दिसंबर    19 – 20 ,    201 8 ,    को    नई    दिल्ली    में    15 वें    ए स ",73,25
90,एम,ए म ,2,2
91,ई,ई ,1,1
92,"वैश्विक शिखर सम्मेलन के उद्घाटन में मुख्य भाषण दिया, एम","वैश्विक    शि खर    सम्मेलन    के    उद् घा टन    में    मुख्य    भाष ण    दिया,    ए म ",46,15
93,एस,ए स ,2,2
94,एम,ए म ,2,2
95,ई,ई ,1,1
96,के मंत्रालय के लगातार प्रयत्नों ने वैश्विक ई,के    मं त्रा लय    के    लगातार    प्र य त् नों    ने    वैश्विक    ई ,37,13
97,ओ,ओ ,1,1
98,डी,डी ,2,1
99,बी,बी ,2,1
100,के श्रेणी-क्रम में हमारी श्रेणी में सुधार किया है और जी,के    श्रेण ी- क्रम    में    हमारी    श्रेणी    में    सुधार    किया    है    और    जी ,45,13
101,वी,वी ,2,1
102,सी से जुड़ने में एम,सी    से    जु ड़ने    में    ए म ,15,7
103,एस,ए स ,2,2
104,एम,ए म ,2,2
105,ई,ई ,1,1
106,"को जिन मुश्किलों का सामना करना पड़ता है, उन्हें संबोधित किया है","को    जिन    मुश् कि लों    का    सामना    करना    पड़ता    है,    उन्हें    सं बो धित    किया    है ",52,16
107,"इन कारकों को ध्यान में रखते हुए, मुद्रास्फीति 2022-23 में 6","इन    कार कों    को    ध्यान    में    रखते    हुए,    मु द्रा स् फी ति    20 2 2- 23    में    6 ",49,19
108,"7 प्रतिशत पर बने रहने पर अनुमानित है, जहां जोखिमों को समान रूप से संतुलित करते हुए दूसरी तिमाही में 7","7    प्रतिशत    पर    बने    रहने    पर    अनु मानित    है,    जहां    जोखि मों    को    समान    रूप    से    संतु लित    करते    हुए    दूसरी    ति मा ही    में    7 ",81,26
109,1 प्रतिशत; तीसरी तिमाही में 6,1    प्रतिश त ;    तीसरी    ति मा ही    में    6 ,24,10
110,5 प्रतिशत; और चौथी तिमाही में 5,5    प्रतिश त ;    और    चौ थी    ति मा ही    में    5 ,25,12
111,8 प्रतिशत रहने की उम्मीद है,8    प्रतिशत    रहने    की    उम्मीद    है ,22,6
112,"भारत की आयात में वृद्धि हालांकि कम होती जा रही है, तब भी निर्यात में वृद्धि से कहीं अधिक थी","भारत    की    आ यात    में    वृद्धि    हालांकि    कम    होती    जा    रही    है,    तब    भी    निर् यात    में    वृद्धि    से    कहीं    अधिक    थी ",72,22
113,"वर्तमान में, वृद्धि लेखा मुख्य रूप से आर्थिक प्रदर्शन (विकास दर, जी","वर्तमान    में,    वृद्धि    लेख ा    मुख्य    रूप    से    आर्थिक    प्रदर्शन    ( विकास    द र,    जी ",56,15
114,डी,डी ,2,1
115,पी,पी ,2,1
116,"के प्रतिशत के रूप में राजकोषीय घाटा, जी","के    प्रतिशत    के    रूप    में    राज को ष ीय    घा टा ,    जी ",32,13
117,डी,डी ,2,1
118,पी,पी ,2,1
119,"के प्रतिशत के रूप में सरकारी कर्ज, जी","के    प्रतिशत    के    रूप    में    सरकारी    कर् ज,    जी ",30,9
120,डी,डी ,2,1
121,पी,पी ,2,1
122,"के प्रतिशत के रूप में कर-राजस्व, आदि) और सामाजिक प्रदर्शन (गरीबी, पक्षपात, रोजगार के स्तर, जनसाधारण के पोषण स्तर, आदि) पर केंद्रित है","के    प्रतिशत    के    रूप    में    कर - राज स्व ,    आदि )    और    सामाजिक    प्रदर्शन    ( गरी बी ,    पक्ष पा त,    रो ज गार    के    स्तर ,    जन साधारण    के    पोषण    स्तर ,    आदि )    पर    केंद्रित    है ",111,39
123,वर्तमान आर्थिक चर्चाओं में मुख्य विषय सामाजिक और आर्थिक कार्य-प्रदर्शन के बीच संतुलन बनाए रखना है जिसमें कुछ हद तक पर्यावरणीय कार्य-प्रदर्शन के साथ इनके पारस्परिक संबंध को नज़रअंदाज़ किया गया है,वर्तमान    आर्थिक    चर् चा ओं    में    मुख्य    विषय    सामाजिक    और    आर्थिक    कार्य - प्रदर्शन    के    बीच    संतु लन    बनाए    रखना    है    जिसमें    कुछ    हद    तक    पर्या व रण ीय    कार्य - प्रदर्शन    के    साथ    इन के    पार स् परि क    संबंध    को    न ज़ र अं दा ज़    किया    गया    है ,163,51
124,पुनर्गठन के बाद ऋण के उचित मूल्य की गणना अग्रिम पर पुनर्गठन के बाद प्रभारित की गई ब्याज दर तथा पुनर्गठन की तारीख पर बैंक के बी,पुनर् गठन    के    बाद    ऋण    के    उचित    मूल्य    की    गणना    अग्र ि म    पर    पुनर् गठन    के    बाद    प्र भार ित    की    गई    ब्याज    दर    तथा    पुनर् गठन    की    तारीख    पर    बैंक    के    बी ,100,34
125,पी,पी ,2,1
126,एल,ए ल ,2,2
127,आर,आ र ,2,2
128,की समतुल्य दर पर भुनाए गए मूलधन को दर्शाने वाले नकदी प्रवाहों के वर्तमान मूल्य तथा पुनर्गठन की तारीख को उधारकर्ता श्रेणी के लिए उचित अवधि प्रीमियम तथा ऋण जोखिम प्रीमियम के योग के रूप में की जाएगी,की    सम तुल ्य    दर    पर    भु ना ए    गए    मूल धन    को    दर्शा ने    वाले    नक दी    प्रवा हों    के    वर्तमान    मूल्य    तथा    पुनर् गठन    की    तारीख    को    उ धार कर्ता    श्रेणी    के    लिए    उचित    अवधि    प्रीम ियम    तथा    ऋण    जोखिम    प्रीम ियम    के    योग    के    रूप    में    की    जाए गी ,158,52
129,"तदनंदर, चलनिधि संकट से उभरने के लिए एवं वित्तीय स्थायित्व को बनाए रखने के लिए, भारतीय रिज़र्व बैंक ने एमएफ (एसएलएफ-एमएफ) के लिए 50,000 करोड़ की विशेष चलनिधि सुविधा दी जिससे वित्तीय बाज़ारों में भरोसा पुनःस्थापित करने में मदद मिली","त द न ंद र,    चल नि धि    सं कट    से    उ भर ने    के    लिए    एव ं    वित्तीय    स्था य ि त्व    को    बनाए    रखने    के    लिए,    भारतीय    रि ज़ र् व    बैंक    ने    एम ए फ    ( एस एल एफ - एम एफ )    के    लिए    5 0,000    करोड़    की    विशेष    चल नि धि    सुविधा    दी    जिससे    वित्तीय    बा ज़ ारों    में    भ रो सा    पुन ः स्थापित    करने    में    मदद    मिली ",190,74
130,"हाल की तीव्र दर-वृद्धियों तथा अतिरिक्त विशाल दर-वृद्धियों के बारे में अग्रिम मार्गदर्शन के परिणामस्वरूप आर्थिक स्थितियाँ कस गई हैं, असाधारण अस्थिरता आई है, और लोग जोखिम उठाने के खिलाफ होते जा रहे हैं","हाल    की    तीव्र    द र- वृ द्ध ियों    तथा    अतिरिक्त    विशाल    द र- वृ द्ध ियों    के    बारे    में    अग्र ि म    मार्ग दर्शन    के    परिणामस्वरूप    आर्थिक    स्थि तियाँ    कस    गई    हैं,    अ साधारण    अ स्थि रता    आई    है,    और    लोग    जोखिम    उठा ने    के    खिलाफ    होते    जा    रहे    हैं ",166,50
131,पूर्ण मूल्य प्रदत्त नोटों को आर,पूर्ण    मूल्य    प्र द त्त    नो टों    को    आ र ,26,10
132,बी,बी ,2,1
133,आई,आई ,2,1
134,"निर्गम कार्यालय द्वारा तिजोरी शाखाओं में विप्रेषित धन माना जाएगा, जबकि अर्ध मूल्य प्रदत्त तथा निरस्त नोट, अधिनिर्णयन हेतु प्रस्तुत किए गये नोट माने जायेंगे तथा तदनुसार उनका प्रसंस्करण किया जायेगा","निर् गम    कार्यालय    द्वारा    ति जो री    शा खा ओं    में    वि प्रे षित    धन    माना    जाए गा,    जबकि    अर् ध    मूल्य    प्र द त्त    तथा    नि रस् त    नो ट,    अधि निर्ण यन    हे तु    प्रस्तुत    किए    ग ये    नो ट    माने    जा ये ंगे    तथा    त द नु सार    उनका    प्र संस्करण    किया    जा ये गा ",165,58
135,भारत में ऋण प्रतिभूति के परिमाण में बहुत ज्यादा वृद्धि हुई है,भारत    में    ऋण    प्रति भू ति    के    परि मा ण    में    बहुत    ज्यादा    वृद्धि    हुई    है ,50,16
136,अशांत वैश्विक माहौल के बावजूद भारतीय अर्थव्यवस्था स्थिति-स्थापक बनी हुई है,अ शांत    वैश्विक    मा ह ौ ल    के    बावजूद    भारतीय    अर्थव्यवस्था    स्थि ति - स्थाप क    बनी    हुई    है ,64,19
137,वित्तीय बाज़ारों में एक घबराहट सी है जिसके वास्तविक अर्थव्यवस्था और वित्तीय स्थिरता पर संभावित प्रभाव हो सकते हैं,वित्तीय    बा ज़ ारों    में    एक    घ बरा हट    सी    है    जिसके    वास्तविक    अर्थव्यवस्था    और    वित्तीय    स्थि रता    पर    संभावित    प्रभाव    हो    सकते    हैं ,95,24
138,"जब दिए जाने वाले नोटों की संख्या 5 से अधिक हो और उनका कुल मूल्य 5,000 से ज्यादा हो तो नोट बदलने के लिए देने वाले व्यक्ति को सलाह दी जाती है कि वे ऐसे नोट पास की मुद्रा तिजोरी शाखा में अपने बैंक विवरण (खाता संख्या, शाखा का नाम, आई","जब    दिए    जाने    वाले    नो टों    की    संख्या    5    से    अधिक    हो    और    उनका    कुल    मूल्य    5 ,000    से    ज्यादा    हो    तो    नो ट    बदलने    के    लिए    देने    वाले    व्यक्ति    को    सलाह    दी    जाती    है    कि    वे    ऐसे    नो ट    पास    की    मुद्रा    ति जो री    शाखा    में    अपने    बैंक    विवरण    ( खाता    संख ्या ,    शाखा    का    ना म,    आई ",179,61
139,एफ,ए फ ,2,2
140,एस,ए स ,2,2
141,सी,सी ,2,1
142,इत्यादि) के साथ बीमित डाक से भेजें या फिर स्वयं मुद्रा तिजोरी शाखा जाकर नोट बदलवा लें,इ त्या दि )    के    साथ    बी मित    डा क    से    भेज ें    या    फिर    स्वयं    मुद्रा    ति जो री    शाखा    जा कर    नो ट    बद ल वा    लें ,69,29
143,न्यायालय ने इस पर भी गौर किया कि निजी जानकारी तथा तथ्यों की गोपनीयता निजता के अधिकार का एक अत्यंत महत्वपूर्ण घटक है और इसलिए सी,न्यायालय    ने    इस    पर    भी    ग ौर    किया    कि    निजी    जानकारी    तथा    त थ ्यों    की    गो प नी यता    नि ज ता    के    अधिकार    का    एक    अत्य ंत    महत्वपूर्ण    घट क    है    और    इसलिए    सी ,102,36
144,बी,बी ,2,1
145,डी,डी ,2,1
146,सी,सी ,2,1
147,"के प्रकाशन के लिए जानकारी एकत्र करते समय नागरिकों के सर्वश्रेष्ठ हितों को प्राथमिकता देना अनिवार्य है, और केवल वही निजी अभिज्ञेय आँकड़े एकत्र किए जा सकते हैं जो आवश्यक हों, और जानकारी का प्रयोग सिर्फ उन उद्देश्यों के लिए हो जिनके लिए इसे प्राप्त किया गया था","के    प्रका शन    के    लिए    जानकारी    एकत्र    करते    समय    नागरि कों    के    सर्वश्रेष्ठ    हि तों    को    प्राथ मि कता    देना    अ निवा र्य    है,    और    केवल    वही    निजी    अभि ज्ञ े य    आँ क ड़े    एकत्र    किए    जा    सकते    हैं    जो    आवश्यक    हो ं,    और    जानकारी    का    प्रयोग    सिर्फ    उन    उद्देश ्यों    के    लिए    हो    जिनके    लिए    इसे    प्राप्त    किया    गया    था ",210,62
148,साइबर-अपराधी डेटा या सेवाओं को बेकार करने हेतु अन्य कंप्यूटरों तक पहुँचने के लिए किसी कंप्यूटर या नेटवर्क पर आक्रमण करता है,साइ ब र- अपरा धी    डेटा    या    सेवाओं    को    बे कार    करने    हे तु    अन्य    कंप्यू टरों    तक    पहुँचने    के    लिए    किसी    कंप्यूटर    या    नेटवर्क    पर    आक्रमण    करता    है ,102,29
149,सभी पैक किए गए भोजनों और डिब्बाबंद भोजनों में सोडियम की बहुत अधिक मात्रा होती है क्योंकि इनमें परिरक्षा के रूप में नमक का प्रयोग किया जाता है,सभी    पै क    किए    गए    भो ज नों    और    डि ब् बा बंद    भो ज नों    में    सो डियम    की    बहुत    अधिक    मात्रा    होती    है    क्योंकि    इनमें    परि रक्षा    के    रूप    में    न मक    का    प्रयोग    किया    जाता    है ,114,39
150,"जिस समय वाहन गति में है उस समय अचानक ब्रेक लगाने, चलती गाड़ी में गति-परिवर्तन करने या दुर्घटना की दशा में एक अनियंत्रित सी","जिस    समय    वाहन    गति    में    है    उस    समय    अचानक    ब्रे क    लगा ने,    चल ती    गाड़ी    में    गति - परिवर्तन    करने    या    दुर्घटना    की    दश ा    में    एक    अन िय ंत्र ित    सी ",99,33
151,आर,आ र ,2,2
152,एस,ए स ,2,2
153,वाहन के आंतरिक भाग में घुस सकता है,वाहन    के    आंतरिक    भाग    में    घु स    सकता    है ,27,9
154,"लेकिन उसी सुबह, एक गोरा कैदी जिसे नरपत सिंह ने छोड़ा था, अंग्रेजों के खेमे में पहुंच गया और जेनरल को उसने सूचना दी कि उसने नरपत सिंह को कहते सुना था कि वह किले को खाली कर देगा लेकिन तब तक नहीं जब तक कि वह बदला नहीं ले लेता","लेकिन    उसी    सु बह ,    एक    गो रा    कै दी    जिसे    नर प त    सिंह    ने    छो ड़ा    था,    अंग्रेजों    के    खे मे    में    पहुंच    गया    और    जे न रल    को    उसने    सूचना    दी    कि    उसने    नर प त    सिंह    को    कहते    सु ना    था    कि    वह    किले    को    खाली    कर    दे गा    लेकिन    तब    तक    नहीं    जब    तक    कि    वह    बद ला    नहीं    ले    लेता ",172,66
155,"इस समय, लाहौर में सेना का मुख्य अधिकारी कोई रॉबर्ट मौंटगोमरी था","इस    समय,    ला ह ौर    में    सेना    का    मुख्य    अधिकारी    कोई    रॉ बर्ट    मौ ंट गो म री    था ",52,19
156,"हालांकि मियाँ मीर शिविर में अंग्रेज सैनिकों की तुलना में चार के मुकाबले एक रह कर सिपाहियों की संख्या अधिक थी, मेरठ से समाचार पहुँचने तक अंग्रेज अफसर के पास संदेह करने कोई कारण नहीं था, और जब समाचार पहुँचा, तो उन्हें यह निश्चित करने में मुश्किल हुई कि वे गुप्त रूप से मेरठ के सिपाहियों के साथ संपर्क में थे या नहीं","हालांकि    म ियाँ    मीर    शिवि र    में    अंग्रे ज    सैनिकों    की    तुलना    में    चार    के    मुकाब ले    एक    रह    कर    सि पा हियों    की    संख्या    अधिक    थी,    मे र ठ    से    समाचार    पहुँचने    तक    अंग्रे ज    अफ सर    के    पास    संदेह    करने    कोई    कारण    नहीं    था,    और    जब    समाचार    पहुँ चा ,    तो    उन्हें    यह    निश्चित    करने    में    मुश्किल    हुई    कि    वे    गुप्त    रूप    से    मे र ठ    के    सि पा हियों    के    साथ    संपर्क    में    थे    या    नहीं ",251,79
157,इनकी केवल लत ही नहीं लगती बल्कि इनका मस्तिष्क पर भी प्रतिकूल प्रभाव पड़ता है,इन की    केवल    लत    ही    नहीं    लगती    बल्कि    इन का    मस्तिष्क    पर    भी    प्रति कूल    प्रभाव    पड़ता    है ,62,18
158,"दिन-प्रतिदिन, दोनों तरफ से नई टुकड़ियाँ आती जा रही थीं","दि न- प्रति दिन,    दोनों    तरफ    से    नई    टुक ड़ ियाँ    आती    जा    रही    थीं ",45,15
159,अगर कोई भी व्यक्तिगत द्वेष होता तो मंगल पांडे का नाम शहीदों की नहीं वरन हत्यारों की सूची में होता,अगर    कोई    भी    व्यक्तिगत    द्व े ष    होता    तो    मंग ल    पांड े    का    नाम    श ही दों    की    नहीं    वर न    ह त्य ारों    की    सूची    में    होता ,78,29
160,"एक पल के लिए उसने मुझे देखा, और विनम्रतापूर्वक यह कहते हुए कि, 'मुझे खेद है, हमारे पास कोई खाली जगह नहीं है,' मुझे अल्विदा कह दिया","एक    पल    के    लिए    उसने    मुझे    दे खा ,    और    वि न म्र ता पूर्वक    यह    कहते    हुए    कि,    ' मुझे    खे द    है,    हमारे    पास    कोई    खाली    जगह    नहीं    है , '    मुझे    अल् वि दा    क ह    दिया ",104,40
161,क्या आपने कभी सोचा है कि अगर हमारे घरों और आसपास के प्रतिवेश से कूड़ा न हटाया जाए तो क्या होगा,क्या    आपने    कभी    सोचा    है    कि    अगर    हमारे    घरों    और    आसपास    के    प्रति वेश    से    कू ड़ा    न    हटा या    जाए    तो    क्या    होगा ,74,24
162,हाल के वर्षों में हमारे चारों तरफ की दुनिया में काफी परिवर्तन डिजिटल प्रौद्योगिकी के प्रयोग के कारण हुए हैं,हाल    के    वर्षों    में    हमारे    चारों    तरफ    की    दुनिया    में    काफी    परिवर्तन    डिजिटल    प्र ौ द्यो गि की    के    प्रयोग    के    कारण    हुए    हैं ,88,24
163,"अतीत में, एक पत्र को पहुँचने में कई दिन लग जाते थे, और हर प्राप्तकर्ता अपनी खुद की प्रति पाता था और अलग से प्रत्युत्तर देता था","अ तीत    में,    एक    पत्र    को    पहुँचने    में    कई    दिन    लग    जाते    थे,    और    हर    प्रा प्त कर्ता    अपनी    खुद    की    प्रति    पा ता    था    और    अलग    से    प्रत्य ु त्तर    देता    था ",100,33
164,क्रांतियों के मर्मस्पर्शी उत्साह को उनमें अंतर्निहित सिद्धांत के हितकारी अथवा हानिकारक होने के आधार पर पवित्र या अपवित्र माना जाता है,क्रा ं तियों    के    मर् मस् पर् शी    उत्सा ह    को    उनमें    अंतर् नि हित    सिद्धा ंत    के    हि त कारी    अ थ वा    हा नि कारक    होने    के    आधार    पर    पवित्र    या    अप वि त्र    माना    जाता    है ,112,39
165,हर बार अपनी पत्नी की मृत्यु हो जाने के कारण काबा गाँधी ने एक के बाद एक चार बार विवाह किया,हर    बार    अपनी    पत्नी    की    मृत्यु    हो    जाने    के    कारण    का बा    गाँ धी    ने    एक    के    बाद    एक    चार    बार    विवाह    किया ,69,23
166,यह लेखकों की सामाजिक जिम्मेदारी बन गई कि वे लोगों को न्याय और गुलामी से आज़ादी की धारणा के प्रति जागरूक बनाने के लिए लिखें,यह    लेख कों    की    सामाजिक    जिम्मे दारी    बन    गई    कि    वे    लोगों    को    न्या य    और    गुला मी    से    आ ज़ा दी    की    धारणा    के    प्रति    जाग रू क    बनाने    के    लिए    लिख ें ,98,34
167,केवल यह तथ्य काफी है उनकी क्षमता और चरित्र का अनुमान लगाने के लिए,केवल    यह    त थ ्य    काफी    है    उनकी    क्षमता    और    चरि त्र    का    अनुमान    लगाने    के    लिए ,52,17
168,हम इन हज़ारों सिपाहियों को सामरिक धुनों की संगत में और रंग-बिरंगे झंडे और बैनर फहराते हुए पूरे अनुशासन के साथ शिखर पर से शहर में प्रवेश करते हुए स्पष्ट देख सकते थे,हम    इन    ह ज़ ारों    सि पा हियों    को    साम रिक    धु नों    की    सं गत    में    और    रंग - बि रंग े    झ ंडे    और    बै नर    फ हरा ते    हुए    पूरे    अनु शासन    के    साथ    शि खर    पर    से    शहर    में    प्रवेश    करते    हुए    स्पष्ट    देख    सकते    थे ,131,50
169,"उन्होंने साथ में रामायण और महाभारत पढ़ीं; साथ में मराठों के युद्ध जैसे कार्यों के वर्णन भी पढ़े, और हिंदू पराक्रम की कहानियों से उत्पन्न महान प्रेरणा से उन दोनों के युवा दिल साथ में धड़कते थे","उन्होंने    साथ    में    रा मा यण    और    महा भारत    पढ़ ी ं ;    साथ    में    मरा ठों    के    युद्ध    जैसे    कार्यों    के    वर्णन    भी    पढ़ े,    और    हिंदू    परा क्रम    की    कहा नियों    से    उत्पन्न    महान    प्रेर णा    से    उन    दोनों    के    युवा    दिल    साथ    में    ध ड़ क ते    थे ",155,51
170,पर्याप्त मात्रा में मेघ-मुक्त चाक्षुश उपग्रह डेटासेटों की अनुपलब्धता मानसून के मौसम के दौरान कृषि अनुप्रयोगों के लिए चाक्षुश सुदूर संवेदन डेटा का उपयोग करने में काफी हद तक रुकावट डालती है,पर्याप्त    मात्रा    में    मे घ - मुक्त    चा क्ष ु श    उप ग्रह    डे टा से टों    की    अनुप लब् ध ता    मानसून    के    मौसम    के    दौरान    कृषि    अनु प्र यो गों    के    लिए    चा क्ष ु श    सु दूर    सं वे दन    डेटा    का    उपयोग    करने    में    काफी    हद    तक    रु का व ट    डा लती    है ,156,58
171,जब हम इंटरनेट पर किसी दुर्भावनापूर्ण विज्ञापन पर क्लिक करते हैं तब यह हमारी कंप्यूटर प्रणाली में भी पहुँच सकता है,जब    हम    इंटरनेट    पर    किसी    दुर् भाव ना पूर्ण    विज्ञा पन    पर    क् लिक    करते    हैं    तब    यह    हमारी    कंप्यूटर    प्रणाली    में    भी    पहुँच    सकता    है ,93,26
172,अपनी गुफा को संकट की स्थिति में देख कर वह चिलियांवाला में अपनी माँद से बाहर की ओर भागा एवं अपने पंजे के भयंकर वार से उसने दुश्मन को क्षत-विक्षत कर लहूलुहान कर दिया,अपनी    गुफा    को    सं कट    की    स्थिति    में    देख    कर    वह    चि ल िया ं वाला    में    अपनी    माँ द    से    बाहर    की    ओर    भा गा    एव ं    अपने    पं जे    के    भ य ं कर    वार    से    उसने    दु श् मन    को    क्ष त- वि क्ष त    कर    ल हू लु हा न    कर    दिया ,130,56
173,"उन्हें अपने साथ ले कर, नाना बिठूर को निकल गए और कानपुर पर आक्रमण करने की धमकी दी","उन्हें    अपने    साथ    ले    कर,    ना ना    बि ठ ू र    को    निकल    गए    और    का न पुर    पर    आक्रमण    करने    की    धम की    दी ",63,25
174,शेठ और उसके अधिकारी मुझे घेर कर खड़े हो गए,शे ठ    और    उसके    अधिकारी    मुझे    घे र    कर    खड़े    हो    गए ,33,12
175,"उसके बाद, ज़रक्सीज द्वितीय ने कुछ समय के लिए शासन किया","उसके    बाद,    ज़ र क् सी ज    द्वितीय    ने    कुछ    समय    के    लिए    शासन    किया ",44,15
176,दोनों भाइयों एक-दूसरे से बहुत प्रेम करते थे,दोनों    भा इयों    एक-दूसरे    से    बहुत    प्रेम    करते    थे ,36,9
177,"मुझे लगा कि अगर वे प्रस्ताव के लिए सहमत हो जाते हैं, तो अन्य लोगों को उसके लिए सहमत होने के लिए समझाया जा सकता है","मुझे    लगा    कि    अगर    वे    प्रस्ताव    के    लिए    सहमत    हो    जाते    हैं,    तो    अन्य    लोगों    को    उसके    लिए    सहमत    होने    के    लिए    समझ ा या    जा    सकता    है ",88,28
178,शहरी क्षेत्रों का सबसे गतिशील तत्व है परिवहन के विभिन्न माध्यम,शहरी    क्षेत्रों    का    सबसे    गति शील    तत्व    है    परिवहन    के    विभिन्न    माध्यम ,52,12
179,"राइट-अहेड लॉग सुनिश्चित करता है कि यदि क्रैश होता है, तो लॉग की सलाह पर, पुनः प्राप्ति की प्रक्रिया व्यवस्थित रूप से सभी पूर्ण तथा नियत परिवर्तनों को सेल स्टोरेज में तलाश कर सके और परिस्थिति के अनुसार या तो उन रिकॉर्डों को पिछले मानों जैसा कर दे या नए मानों पर स्थापित कर दे","राइ ट - अ हे ड    लॉ ग    सुनिश्चित    करता    है    कि    यदि    क्र ै श    होता    है,    तो    लॉ ग    की    सलाह    पर,    पुन ः    प्रा प्ति    की    प्रक्रिया    व्यवस्थित    रूप    से    सभी    पूर्ण    तथा    निय त    परिवर्त नों    को    सेल    स्टो रे ज    में    तलाश    कर    सके    और    परि स्थिति    के    अनुसार    या    तो    उन    रिकॉर् डों    को    पिछले    मानों    जैसा    कर    दे    या    नए    मानों    पर    स्थापित    कर    दे ",220,72
180,"समरूपता पाने में दुविधाएँ सबसे पहले तो ये हैं कि अगर एक से अधिक चीज़ें अवरुद्ध की गई हों तो उन तक पहुँचने और उन्हें खोलने में अधिक समय लगता है, और दूसरे, औचित्य के तर्क अधिक जटिल हो जाते हैं","सम रू पता    पाने    में    दु विधा एँ    सबसे    पहले    तो    ये    हैं    कि    अगर    एक    से    अधिक    चीज़ ें    अव रुद्ध    की    गई    हों    तो    उन    तक    पहुँचने    और    उन्हें    खो लने    में    अधिक    समय    लगता    है,    और    दूस रे ,    औ चि त्य    के    त र्क    अधिक    जटिल    हो    जाते    हैं ",150,53
181,अगर तैरने के लिए कोई सुविधा उपलब्ध हो तो डूबने से बचाने की जीवन-रक्षी तकनीक का अभ्यास वहाँ किया जा सकता है,अगर    तै र ने    के    लिए    कोई    सुविधा    उपलब्ध    हो    तो    डू बने    से    बचाने    की    जीव न- रक्ष ी    तकनी क    का    अभ्यास    वहाँ    किया    जा    सकता    है ,85,29
182,छात्रों को प्रश्न पूछने के लिए प्रोत्साहित किया जाना चाहिए अगर उन्हें तैरने के संबंध में प्राथमिक चिकित्सा की प्रक्रिया के बारे में कोई शंका हो,छात्रों    को    प्र श्न    पूछ ने    के    लिए    प्रोत्साहित    किया    जाना    चाहिए    अगर    उन्हें    तै र ने    के    संबंध    में    प्राथमिक    चिकित्सा    की    प्रक्रिया    के    बारे    में    कोई    शं का    हो ,118,31
183,जरूरी था यह पता लगाना कि पंजाब सिपाहियों में राष्ट्रीय स्वतंत्रता की भावना कहाँ तक जागृत हुई थी,जरू री    था    यह    पता    लगा ना    कि    पंजाब    सि पा हियों    में    राष्ट्रीय    स्वतंत्रता    की    भावना    क हाँ    तक    जाग ृत    हुई    थी ,78,24
184,इस प्रकार की उदात्त क्षमा मेरे पिता के लिए सहज नहीं थी,इस    प्रकार    की    उदा त्त    क्ष मा    मेरे    पिता    के    लिए    सह ज    नहीं    थी ,43,15
185,इस विद्रोह ने एक प्रकार से सर हेनरी को आनंदित किया क्योंकि अब उनके पास चुनिंदा और वफादार सेना थी जिसमें अंग्रेज़ पलटन और तोपखाना था तथा सिखों और हिन्दुस्तानियों की दो पलटनें थीं जिनकी वफादारी तीव्र परीक्षाओं से सिद्ध हो चुकी थी,इस    विद्रोह    ने    एक    प्रकार    से    सर    हे न री    को    आन ंद ित    किया    क्योंकि    अब    उनके    पास    चु नि ंदा    और    व फा दार    सेना    थी    जिसमें    अंग्रे ज़    पल टन    और    तो प खाना    था    तथा    सि खों    और    हि न् दु स्ता नियों    की    दो    पल ट नें    थीं    जिनकी    व फा दारी    तीव्र    परी क्षा ओं    से    सिद्ध    हो    चुकी    थी ,185,66
186,"हथियार चारों तरफ व्यवस्थित कर के रखे थे, नाश्ता तैयार था और भूखे लोग पहला निवाला चबा रहे थे; पेय से भरे कप तैयार रखे थे","हथ ियार    चारों    तरफ    व्यवस्थित    कर    के    रख े    थे,    ना श् ता    तैयार    था    और    भू खे    लोग    पहला    नि वाला    च बा    रहे    थे ;    पे य    से    भ रे    कप    तैयार    रख े    थे ",94,37
187,"अंग्रेज सैनिको, आपने अपने शरीर से रक्त बहाने के कारण नहीं, बल्कि कड़ी मेहनत से नाश्ता प्राप्त किया है; इसलिए इन आम के बागों में अपने सेनाध्यक्षों के साथ, अपने नाश्ते का लुत्फ़ उठाएं","अंग्रे ज    सै नि को,    आपने    अपने    शरीर    से    रक्त    बहा ने    के    कारण    नही ं,    बल्कि    कड़ी    मेह नत    से    ना श् ता    प्राप्त    किया    है;    इसलिए    इन    आम    के    बा गों    में    अपने    सेना ध्य क्ष ों    के    साथ,    अपने    ना श् ते    का    लु त् फ़    उठा एं ",148,51
188,"आपने बीज को पौध में बढ़ते देखा होगा जो फिर बढ़ कर पौधों में विकसित हो जाते हैं, या अन्य जीवों के साथ-साथ कुत्ते के पिल्लों को बढ़ते देखा होगा अथवा बिलौटों को बिल्लियाँ में विकसित होते देखा होगा","आपने    बी ज    को    पौ ध    में    बढ़ते    देखा    होगा    जो    फिर    बढ़    कर    पौ धों    में    विकसित    हो    जाते    हैं,    या    अन्य    जी वों    के    साथ-साथ    कुत् ते    के    पि ल् लों    को    बढ़ते    देखा    होगा    अ थ वा    बि लौ टों    को    बि ल्ल ियाँ    में    विकसित    होते    देखा    होगा ",155,52
189,लड़के भी यौन उत्पीड़न से समान रूप से असुरक्षित हैं,लड़ के    भी    यौन    उत् पीड़ न    से    समान    रूप    से    अ सुरक्षित    हैं ,41,14
190,"जब झांसी पर बिजली गिर रही थी और उसे तहस-नहस कर रही थी, उस समय बाँका ने जब अपने पुत्रों को स्वराज के लिए तलवारें मियानों से निकालने के लिए तैयार होते देखा, तो उसने उन्हें धमकाया और कहा कि यदि वे अपनी तलवारें मियान से बाहर निकालेंगे तो वह खुद फिरंगियों को उनकी चालों के बारे में सूचित करेगी और फिरंगियों से उनका सिर कलम करने को कहेगी","जब    झा ंसी    पर    बिजली    गिर    रही    थी    और    उसे    त ह स- न ह स    कर    रही    थी,    उस    समय    बाँ का    ने    जब    अपने    पु त्रों    को    स्व राज    के    लिए    तल वार ें    म िया नों    से    निका लने    के    लिए    तैयार    होते    दे खा ,    तो    उसने    उन्हें    धम का या    और    कहा    कि    यदि    वे    अपनी    तल वार ें    म िया न    से    बाहर    निका ले ंगे    तो    वह    खुद    फि रंग ियों    को    उनकी    चा लों    के    बारे    में    सूचित    करे गी    और    फि रंग ियों    से    उनका    सिर    क लम    करने    को    कह े गी ",263,102
191,"फिल्म निर्माता जो मुख्य रूप से खतरनाक करतबों वाली फिल्म लोकप्रिय बनाने के लिए जिम्मेदार थे, वे वाडिया मूवीस्टोन के जी","फिल्म    निर्माता    जो    मुख्य    रूप    से    खतर नाक    कर त बों    वाली    फिल्म    लोकप्रिय    बनाने    के    लिए    जिम्मेदार    थे,    वे    वा डिया    मू वी स्टो न    के    जी ",97,28
192,बी,बी ,2,1
193,एच,ए च ,2,2
194,वाडिया और उनके भाई होमी वाडिया थे,वा डिया    और    उनके    भाई    हो मी    वा डिया    थे ,27,10
195,"ट्रेन रोमांच फिल्म तूफान मेल (1932), जिसमें मार-पीट के कई दृश्य चलती ट्रेन की छत पर फिल्माए गए थे, से शुरू करते हुए वे इस विधा के राजा बन गए","ट्रे न    रो मा ंच    फिल्म    तूफान    मेल    ( 193 2 ),    जिसमें    मार - पी ट    के    कई    दृश्य    चल ती    ट्रे न    की    छ त    पर    फिल् मा ए    गए    थे,    से    शुरू    करते    हुए    वे    इस    विधा    के    राजा    बन    गए ",111,44
196,असमी सिनेमा मुख्य रूप से असम में देखा जाने वाला असमिया भाषा का सिनेमा है,असम ी    सिनेमा    मुख्य    रूप    से    असम    में    देखा    जाने    वाला    असम िया    भाषा    का    सिनेमा    है ,58,17
197,सर्वोत्कृष्ट रचनाओं के रूपांतरण मूल रचनाओं जितने पारदर्शी नहीं होते हैं,सर्वो त् कृष्ट    रच नाओं    के    रू पा ंतर ण    मूल    रच नाओं    जि तने    पार दर् शी    नहीं    होते    हैं ,61,21
198,"महत्वपूर्ण रूप से, यह एक सामयिक हाथ की सफाई जैसा है, और इससे इरादा समझ में आता है","महत्वपूर्ण    रूप    से,    यह    एक    साम यिक    हाथ    की    स फा ई    जैसा    है,    और    इससे    इरा दा    समझ    में    आता    है ",64,22
199,"वे उपन्यास को कुछ और ही बना देते हैं और परिणाम होता है एक संकरित मामला, कई विधाओं की खिचड़ी","वे    उप न्यास    को    कुछ    और    ही    बना    देते    हैं    और    परिणाम    होता    है    एक    सं कर ित    माम ला,    कई    विधा ओं    की    खि च ड़ी ",72,27
200,15 जून से ले कर 11 जुलाई 2020 तक एफ,15    जून    से    ले    कर    11    जुलाई    2020    तक    ए फ ,26,11
201,टी,टी ,2,1
202,आई,आई ,2,1
203,आई,आई ,2,1
204,ने सबसे पहला ऑनलाइन फिल्म प्रशंसा पाठ्यक्रम आरंभ किया है,ने    सबसे    पहला    ऑनलाइन    फिल्म    प्रशंसा    पाठ ्य क्रम    आर ंभ    किया    है ,47,13
205,"पाठ्यक्रम को भारत के राष्ट्रीय फिल्म अभिलेखागार, पुणे के संयोजन में तैयार किया गया है","पाठ ्य क्रम    को    भारत    के    राष्ट्रीय    फिल्म    अभि ले खा ग ार,    पुण े    के    संयोजन    में    तैयार    किया    गया    है ",71,22
206,जैतूनी-हरी साड़ी में लिपटी फात्मा पूरी तरह से वैसी ही बेगम लग रही थीं जैसा मैंने उनके बारे में सोचा था,जै तू नी - हरी    सा ड़ी    में    लि प टी    फा त् मा    पूरी    तरह    से    वै सी    ही    बे गम    लग    रही    थीं    जैसा    मैंने    उनके    बारे    में    सोचा    था ,82,32
207,"उनका लेख, जो उनकी आने वाली किताब से लिया गया उद्धरण है, शोषण सिनेमा की रहस्यमयी दुनिया की एक सुस्पष्ट तसवीर पेश करता है","उनका    लेख ,    जो    उनकी    आने    वाली    कि ताब    से    लिया    गया    उद् ध रण    है,    शो षण    सिनेमा    की    रह स् य म यी    दुनिया    की    एक    सु स्पष्ट    त स वीर    पेश    करता    है ",96,36
208,रंग और आवाज़ के समावेशन के साथ पूर्ण अवधि के कार्टून फिल्मों ने कामयाबी हासिल की जब उनकी स्नो व्हाइट एंड द सेवन ड्वार्फ्स (1937) ने विशेष ऑस्कर जीता,रंग    और    आवा ज़    के    समा वे शन    के    साथ    पूर्ण    अवधि    के    कार् टू न    फिल्मों    ने    काम या बी    हासिल    की    जब    उनकी    स् नो    व् हाइ ट    एंड    द    सेवन    ड् वार् फ् स    ( 193 7 )    ने    विशेष    ऑ स् कर    जीता ,120,47
209,उनका तर्क है कि मूल रूप से ध्वनिपट्टिका पारंपरिक आद्यरूप के विधि-विधान का जश्न है,उनका    त र्क    है    कि    मूल    रूप    से    ध्व नि प ट् टि का    पारंपरिक    आ द्य रूप    के    वि धि - विधान    का    ज श्न    है ,67,27
210,1912 में दादासाहेब फाल्के ने पहली भारतीय एनिमेशन फिल्म बनाई और उसके बाद 40 से ज़्यादा वर्षों तक एक अंतराल बना रहा,19 12    में    दा दा सा हे ब    फा ल् के    ने    पहली    भारतीय    ए नि मे शन    फिल्म    बनाई    और    उसके    बाद    40    से    ज़्यादा    वर्षों    तक    एक    अंत राल    बना    रहा ,92,33
211,"1956 में फिल्म प्रभाग ने कार्टून फिल्म इकाई स्थापित की, जहाँ डिज़्नी के लिए अनुभवी सजीवन चलचित्र निर्माता, क्लेयर वीक्स, को छात्रों को प्रशिक्षित करने के लिए आमंत्रित किया गया था","195 6    में    फिल्म    प्रभा ग    ने    कार् टू न    फिल्म    इका ई    स्थापित    की,    जहाँ    डि ज़् नी    के    लिए    अनु भ वी    स जीवन    चलचित्र    निर्मा ता,    क् ले यर    वी क् स,    को    छात्रों    को    प्रशिक्षित    करने    के    लिए    आमंत्र ित    किया    गया    था ",148,47
212,"आश्चर्यजनक संख्या में फिल्मों का उत्पादन करने के लिए भारतीय सिनेमा पूरी दुनिया में विख्यात है: यह संख्या लगातार बढ़ रही है और आधुनिक आँकड़ों के अनुसार मद्रास, बंगलोर, कलकत्ता और हैदराबाद सहित विभिन्न शहरों में कुल मिला कर 800 फिल्में प्रति वर्ष बनाई जाती हैं","आश् चर् य जनक    संख्या    में    फिल्मों    का    उत्पादन    करने    के    लिए    भारतीय    सिनेमा    पूरी    दुनिया    में    वि ख्या त    है :    यह    संख्या    लगातार    बढ़    रही    है    और    आधुनिक    आँ कड़ों    के    अनुसार    मद ्रा स,    ब ंग लो र,    कल क त्ता    और    हैदराबाद    सहित    विभिन्न    शहरों    में    कुल    मिला    कर    8 00    फिल्में    प्रति    वर्ष    बनाई    जाती    हैं ",213,61
213,"1931 में भारतीय रजतपट पर जब ध्वनि आई तो दोनों मिलती-जुलती भाषाएं, हिन्दी और उर्दू को भारतीय लोकप्रिय सिनेमा की भाषाएं बनने के लिए बाकी चौदह भाषाओं से ऊपर चुना जाने का मुख्य कारण था कि छः उत्तरी राज्यों में इन्हें बोला जाता था और भारतीय उपमहाद्वीप में 50 करोड़ लोगों से ज्यादा इन्हें समझते थे","193 1    में    भारतीय    रज त प ट    पर    जब    ध्व नि    आई    तो    दोनों    मिल ती - जु लती    भाषा ए ं,    हि न् दी    और    उर् दू    को    भारतीय    लोकप्रिय    सिनेमा    की    भाषा एं    बनने    के    लिए    बाकी    चौ द ह    भाषाओं    से    ऊपर    चुना    जाने    का    मुख्य    कारण    था    कि    छ ः    उत्तरी    राज्यों    में    इन्हें    बो ला    जाता    था    और    भारतीय    उपमहाद्वीप    में    50    करोड़    लोगों    से    ज्यादा    इन्हें    समझ ते    थे ",236,76
214,चेन्नई के पुरस्कृत फिल्म निर्माता एवं शिक्षक के,चेन्नई    के    पुरस् कृत    फिल्म    निर्माता    एव ं    शिक्षक    के ,40,10
215,हरिहरन कहते हैं कि भारतीय सिनेमा को कभी भी सम्मिश्रित ध्वनि समझ ही नहीं आई,हरि हर न    कहते    हैं    कि    भारतीय    सिनेमा    को    कभी    भी    सम् मिश्रित    ध्व नि    समझ    ही    नहीं    आई ,60,19
216,"इस प्रकार, यूरोपीय या अमेरिकी सिनेमा की तरह, भारतीय सिनेमा का सौ साल से भी अधिक का इतिहास है","इस    प्र कार,    यूरोपीय    या    अमेरिकी    सिनेमा    की    तरह,    भारतीय    सिनेमा    का    सौ   साल    से    भी    अधिक    का    इतिहास    है ",74,20
217,"इस पर ज़ोर देना भी महत्वपूर्ण है कि (1950 के दशक के विपरीत) 1960 के दशक में फिल्मी सिद्धांत का पुनर्विचार फिल्मों की आलोचना से नहीं बल्कि अन्य विषयों, जैसे संरचनात्मक भाषाविज्ञान तथा लाक्षणिकता, से आया था","इस    पर    ज़ ोर    देना    भी    महत्वपूर्ण    है    कि    ( 1950    के    दशक    के    विपरी त )    1960    के    दशक    में    फिल् मी    सिद्धा ंत    का    पुनर् विचार    फिल्मों    की    आलोचना    से    नहीं    बल्कि    अन्य    विष यो ं,    जैसे    सं रच नात्मक    भाषा विज्ञान    तथा    ला क्ष णि क ता,    से    आया    था ",168,53
218,यह प्रवृत्ति 1970 के दशक में मनोविश्लेषण और दर्शन के माध्यम से और फिर 1980 के दशक में इतिहास के माध्यम से बहस को आगे बढ़ाते हुए दोहराई जाने वाली थी,यह    प्र वृत्ति    1970    के    दशक    में    मनो विश् लेषण    और    दर्शन    के    माध्यम    से    और    फिर    1980    के    दशक    में    इतिहास    के    माध्यम    से    बह स    को    आगे    बढ़ा ते    हुए    दो हरा ई    जाने    वाली    थी ,117,38
219,नए भारतीय सिनेमा जैसा और भी आधुनिक दृष्टिकोण आया है जो पारंपरिक बॉलिवुडी कलात्मकता से परे हटने का प्रयास कर रहा है,नए    भारतीय    सिनेमा    जैसा    और    भी    आधुनिक    दृष्टिकोण    आया    है    जो    पारंपरिक    बॉ लि वु डी    कला त् म कता    से    प रे    ह टने    का    प्रयास    कर    रहा    है ,93,30
220,"मूल विषय समकालीन भारत की कल्पना दर्शाते हैं जहाँ पश्चिम का समावेश कर लिया गया है, परन्तु परंपरा और विविध बहुभाषी देश के रूप में भारत की पहचान सुस्पष्ट है","मूल    विषय    सम कालीन    भारत    की    कल्पना    दर्शा ते    हैं    जहाँ    पश्चिम    का    समा वेश    कर    लिया    गया    है,    पर न् तु    परंपरा    और    विवि ध    बहु भाष ी    देश    के    रूप    में    भारत    की    पहचान    सु स्पष्ट    है ",124,39
221,"फिल्मों में संस्कृत के महाकाव्यों के प्रभाव के माध्यम से मातृत्व तथा प्रतिशोध जैसे बार-बार दोहराए जाने वाले मूल-विषय, या भारत की सामाजिक व्यवस्था को दिखाने वाले पारंपरिक मूल्यों को बनाए रखने की कोशिशें आजकल की फिल्मों में दिखाई देती हैं जो भारत की विविधता दिखाती हैं","फिल्मों    में    संस्कृत    के    महा का व्य ों    के    प्रभाव    के    माध्यम    से    मा तृत्व    तथा    प्रति शोध    जैसे    बार-बार    दो हरा ए    जाने    वाले    मूल - विष य,    या    भारत    की    सामाजिक    व्यवस्था    को    दिखा ने    वाले    पारंपरिक    मूल ्यों    को    बनाए    रखने    की    कोशि श ें    आ ज कल    की    फिल्मों    में    दिखाई    देती    हैं    जो    भारत    की    विविधता    दिखा ती    हैं ",220,64
222,"फिल्मों के कथानक की रूपरेखा में भी यह प्रभाव देखा जा सकता है, जहाँ बहुधा होने वाले विषय परिवर्तन पश्चिमी दर्शकों के लिए भारतीय फिल्मों को बहुत लंबा बना देते हैं","फिल्मों    के    कथा नक    की    रू परे खा    में    भी    यह    प्रभाव    देखा    जा    सकता    है,    जहाँ    बहु धा    होने    वाले    विषय    परिवर्तन    पश्चिमी    दर्शकों    के    लिए    भारतीय    फिल्मों    को    बहुत    लंबा    बना    देते    हैं ",130,35
223,हम स्वाभाविक रूप से पुरुष के दृष्टिकोण की अनन्यता की कथात्मक परिपाटी को स्वीकार करते हैं,हम    स्वा भा विक    रूप    से    पुरुष    के    दृष्टिकोण    की    अन न्य ता    की    कथा त्मक    परि पा टी    को    स्वीकार    करते    हैं ,73,23
224,"1960 में शैक्षणिक पाठ्यक्रम की शुरुआत के साथ ही संस्थान ने शिक्षा की पाठ्यचर्या में लगातार सुधार किया है, चलचित्र-संबंधी प्रवीणता के मानदण्डों को सुधारा है, और इसके सही अर्थों में उत्कृष्टता का केंद्र बनने के उद्देश्य को पूरा करने के लिए इसकी आधारभूत संरचना में विस्तार किया है","1960    में    शै क्ष णिक    पाठ ्य क्रम    की    शुरुआत    के    साथ    ही    संस्थान    ने    शिक्षा    की    पाठ ्य चर् या    में    लगातार    सुधार    किया    है,    चल चित्र - संबंधी    प्र वी ण ता    के    मान द ण् डों    को    सु धारा    है,    और    इसके    सही    अर्थ ों    में    उत् कृष् ट ता    का    केंद्र    बनने    के    उद्देश्य    को    पूरा    करने    के    लिए    इसकी    आ धार भू त    संरचना    में    विस्तार    किया    है ",229,73
225,संस्थान ने फिल्म निर्माण में कला एवं शिल्प में नए प्रतिमान की ओर बढ़ते हुए कई उपलब्धियाँ हासिल की हैं,संस्थान    ने    फिल्म    निर्माण    में    कला    एव ं    शि ल्प    में    नए    प्रति मान    की    ओर    बढ़ते    हुए    कई    उपलब् ध ियाँ    हासिल    की    हैं ,82,25
226,"इस ऐतिहासिक घटना को अंग्रेज़ी में भारतीय भावात्मक वर्णनों के विकास के कालानुक्रमिक परिवर्तन की शुरुआत मानने से हमें भारतीय सिनेमा के निर्माण के क्षेत्र को समझाने में मदद मिलती है, जिसके लिए अन्य सिनेमा अथवा अन्य देशों का सिनेमा जैसे वर्गीकरण प्रयोग करके इन्हें कम गुणवत्ता का समझा जाता है","इस    ऐतिहासिक    घटना    को    अंग्रे ज़ी    में    भारतीय    भा वा त्मक    वर्ण नों    के    विकास    के    का ला नु क्र मिक    परिवर्तन    की    शुरुआत    मान ने    से    हमें    भारतीय    सिनेमा    के    निर्माण    के    क्षेत्र    को    समझ ा ने    में    मदद    मिलती    है,    जिसके    लिए    अन्य    सिनेमा    अ थ वा    अन्य    देशों    का    सिनेमा    जैसे    वर्गी करण    प्रयोग    करके    इन्हें    कम    गुणवत्ता    का    समझ ा    जाता    है ",238,66
227,संवाद को वार्ता शीर्षकपत्रों के ज़रिए प्रस्तुत किया जाता था जो अक्सर अंग्रेज़ी एवं दो या तीन भारतीय भाषाओं में होते थे,सं वाद    को    वार् ता    शीर् ष कप त्रों    के    ज़ रि ए    प्रस्तुत    किया    जाता    था    जो    अक्सर    अंग्रे ज़ी    एव ं    दो    या    तीन    भारतीय    भाषाओं    में    होते    थे ,97,31
228,"भारी आर्थिक परिवर्तन, उपग्रह टेलीविजन का आगमन, पश्चिमी ध्वनियों और प्रोडक्शन तकनीकों तक अधिक पहुँच, पूरे संसार में हिंदी सिनेमा का बढ़े हुए स्तर पर औपचारिक वितरण और प्रदर्शन, सभी की महत्वपूर्ण भूमिका रही है","भारी    आर्थिक    परिवर्त न,    उप ग्रह    टेलीविजन    का    आग म न,    पश्चिमी    ध्व नियों    और    प्रो ड क्शन    तकनी कों    तक    अधिक    पहुँ च,    पूरे    सं सार    में    हिंदी    सिनेमा    का    बढ़ े    हुए    स्तर    पर    औपचारिक    वितरण    और    प्रदर्श न,    सभी    की    महत्वपूर्ण    भूमिका    रही    है ",172,47
229,"इनके हाथों में, सिनेमा ने काफी हद तक अपना दृष्टिक पहलू खो दिया और उसे एक साहित्यिक एवं शब्दाडंबरपूर्ण उत्पाद बना दिया गया","इन के    हाथों    में,    सिनेमा    ने    काफी    हद    तक    अपना    दृष्टि क    पह लू    खो    दिया    और    उसे    एक    साहि त्य िक    एव ं    शब् दा ड ंब र पूर्ण    उत्पाद    बना    दिया    गया ",99,34
230,"कभी-कभी केवल पियानो की संगत होती थी, लेकिन कई फिल्में थीं जहां पर वायलिन, हार्मोनियम, तबला और अन्य संगीतवाद्यों का भी इस्तेमाल होता था","कभी-कभी    केवल    प िया नो    की    सं गत    होती    थी,    लेकिन    कई    फिल्में    थीं    जहां    पर    वाय लि न,    हार् मो निय म,    त ब ला    और    अन्य    संगीत वा द ्यों    का    भी    इस्तेमाल    होता    था ",111,37
231,स्वर लिपि साक्षात् बजाई जाती थी जिससे कथा को नाटकीय रूप देने में मदद मिलती थी,स्वर    लि पि    सा क्षा त्   बजा ई    जाती    थी    जिससे    कथा    को    नाट कीय    रूप    देने    में    मदद    मिलती    थी ,62,21
232,"खतरनाक करतब वाली फिल्म और रोमांच वाली मारधाड़ की फिल्म सबको पसंद नहीं आती थीं: शिक्षित समूह इन्हें जनरञ्जकवादी, अश्लील और भ्रष्ट करने वाले प्रभाव मानते थे","खतर नाक    कर तब    वाली    फिल्म    और    रो मा ंच    वाली    मार धा ड़    की    फिल्म    सब को    पसंद    नहीं    आती    थी ं :    शिक्ष ित    समूह    इन्हें    जन र ञ ् ज क वा दी,    अ श् ली ल    और    भ्र ष्ट    करने    वाले    प्रभाव    मानते    थे ",128,48
233,फिल्मों की शैलियों में अंतर ही वह कारण है कि वितरक और निर्माता फिल्मों का दो श्रेणियों का विभाजन करते हैं – ऊँचे दर्जे के लोगों के लिए फिल्में और साधारण जनता के लिए फिल्में,फिल्मों    की    शैलियों    में    अंतर    ही    वह    कारण    है    कि    वितर क    और    निर्माता    फिल्मों    का    दो    श्रेण ियों    का    विभाजन    करते    हैं    –   ऊँ चे    दर् जे    के    लोगों    के    लिए    फिल्में    और    साधारण    जनता    के    लिए    फिल्में ,138,39
234,फिल्म प्रशंसा पाठ्यक्रम का शीतकालीन संस्करण 23 नवंबर 2020 को प्रारंभ किया गया था,फिल्म    प्रशंसा    पाठ ्य क्रम    का    शीतकालीन    संस्करण    23    नवंबर    2020    को    प्रार ंभ    किया    गया    था ,67,17
235,"लिहाज़ा, उपन्यास सामाजिक-आर्थिक या राजनीतिक शब्दों में जिस वक्त का ज़िक्र कर रहा है, उसे समझने की इच्छा के बजाय अब हम उस वक्त को (परिधान और साज-सज्जा के लिहाज़ से) अनुभव करना चाहते हैं","लि हा ज़ा ,    उप न्यास    सामा जि क- आर्थिक    या    राजनीतिक    शब्दों    में    जिस    व क्त    का    ज़ि क् र    कर    रहा    है,    उसे    समझ ने    की    इच्छ ा    के    बजाय    अब    हम    उस    व क्त    को    ( परि धान    और    सा ज - स ज् जा    के    लि हा ज़    से )    अनुभव    करना    चाहते    हैं ",150,58
236,इसके भूतपूर्व छात्र नियमित रूप से फिल्म निर्माण में प्रवीणता के लिए मान्यता प्राप्त करते रहे हैं,इसके    भू त पूर्व    छात्र    नियमित    रूप    से    फिल्म    निर्माण    में    प्र वी ण ता    के    लिए    मान्यता    प्राप्त    करते    रहे    हैं ,80,22
237,एफ,ए फ ,2,2
238,टी,टी ,2,1
239,आई,आई ,2,1
240,आई,आई ,2,1
241,नवोदित फिल्म निर्माताओं में कलात्मक अभिव्यक्ति की प्रगतिशील भाषा प्रेरित करने के लिए उन्नत सुविधाओं के साथ रचनात्मक माहौल प्रदान करता है,नव ो दित    फिल्म    निर्मा ताओं    में    कला त्मक    अभि व्यक्ति    की    प्र गति शील    भाषा    प्रेरित    करने    के    लिए    उन् नत    सुविधा ओं    के    साथ    रच नात्मक    मा ह ौ ल    प्रदान    करता    है ,115,35
242,"हम दर्शक जिससे प्रेरित होते हैं, वे हैं उपन्यास के उस काल की स्मृतियाँ, जो ऑस्टिन की नायिकाओं या पैग्नोल एवं फॉर्स्टर के पात्रों के जीवंत क्षण थे, हमारा कल्पित अतीत, न कि मूल पाठ का अतीत जिसके लिए उस समय का वर्तमान काल अवांछित परिवर्तन दर्शाता है","हम    दर्श क    जिससे    प्रेरित    होते    हैं,    वे    हैं    उप न्यास    के    उस    काल    की    स् मृ त ियाँ,    जो    ऑस्ट ि न    की    ना य ि काओं    या    पै ग् नो ल    एव ं    फॉर् स्टर    के    पा त्रों    के    जीव ंत    क्षण    थे,    हम ारा    कल्प ित    अ ती त,    न    कि    मूल    पाठ    का    अ तीत    जिसके    लिए    उस    समय    का    वर्तमान    काल    अ वा ं छ ित    परिवर्तन    दर्शाता    है ",199,74
243,खेत में अपने लक्षण वर्णन और वर्गीकरण के लिए रूपात्मक संरचना के अनुसार वर्णित किए जाने के बाद प्रयोगशाला अनुसंधान के लिए एक व्यक्तिगत पेडॉन का नमूना लिया जाता है,खे त    में    अपने    लक्षण    वर्णन    और    वर्गी करण    के    लिए    रू पा त्मक    संरचना    के    अनुसार    वर्णित    किए    जाने    के    बाद    प्र योग शा ला    अनुसंधान    के    लिए    एक    व्यक्तिगत    पे डॉ न    का    न मू ना    लिया    जाता    है ,131,41
244,"मानचित्र पर रेखांकित क्षेत्रों को विशिष्ट चिह्न, रंग और नाम दिया जाएगा","मान चित्र    पर    रे खा ं कित    क्षेत्रों    को    विशिष्ट    चिह् न,    रंग    और    नाम    दिया    जाए गा ",59,18
245,जल-संतुलन की संगणना करने के लिए थॉर्न्थवेट और माथेर प्रतिमान व्यापक रूप से प्रयोग में लाया जाता है,जल - संतु लन    की    सं गणना    करने    के    लिए    थ ॉर् न् थ वे ट    और    मा थे र    प्रति मान    व्यापक    रूप    से    प्रयोग    में    लाया    जाता    है ,81,30
246,पृथ्वी की सतह से 60 मील (100 कि,पृथ् वी    की    सत ह    से    60    मील    ( 100    कि ,24,11
247,मी,मी ,2,1
248,") ऊपर हवा की रासायनिक संरचना बहुत ज्यादा ऊँचाई पर निर्भर करती है और वायुमंडल में हल्की गैसों (आणविक ऑक्सीजन, हीलियम और हाइड्रोजन) की मात्रा बढ़ जाती है",")    ऊपर    हवा    की    रा सा य निक    संरचना    बहुत    ज्यादा    ऊँचाई    पर    निर्भर    करती    है    और    वा यु मंडल    में    हल् की    गै सों    ( आ ण विक    ऑक् सी जन ,    ही लिय म    और    हाइ ड ्रो जन )    की    मात्रा    बढ़    जाती    है ",124,47
249,जलवायु परिवर्तन से कुछ कृषि क्षेत्र उत्पादन के लिए अधिक उपयुक्त बन जाएंगे और अन्य क्षेत्र कुछ कम,जलवायु    परिवर्तन    से    कुछ    कृषि    क्षेत्र    उत्पादन    के    लिए    अधिक    उप युक्त    बन    जाए ंगे    और    अन्य    क्षेत्र    कुछ    कम ,79,20
250,जिस प्रकार की जानकारी एकत्र की जाती है वह स्थल के विस्तृत वर्णन से लेकर स्थल के चित्र तक हो सकती है,जिस    प्रकार    की    जानकारी    एकत्र    की    जाती    है    वह    स्थल    के    विस्तृत    वर्णन    से    लेकर    स्थल    के    चित्र    तक    हो    सकती    है ,78,22
251,"मार्च के दौरान अधिकतर जगहों पर ग्रीष्म लहर की स्थितियाँ देखी गईं, और 29-31 मार्च के दौरान पश्चिम राजस्थान में छिट-पुट जगहों पर प्रचंड ग्रीष्म लहर की स्थितियाँ हुईं","मार्च    के    दौरान    अधिकतर    जग हों    पर    ग्री ष् म    ल हर    की    स्थि तियाँ    देखी    गई ं,    और    2 9 - 31    मार्च    के    दौरान    पश्चिम    राजस्थान    में    छि ट - पु ट    जग हों    पर    प्र च ंड    ग्री ष् म    ल हर    की    स्थि तियाँ    हुई ं ",135,50
252,यहाँ तक कि रेडियोमेट्रिक तरीके से ठीक किए गए दृश्य संयोजनों में भी कुछ शोर रहा आएगा,यहाँ    तक    कि    रे ड ियो मे ट्र िक    तरीके    से    ठीक    किए    गए    दृश्य    सं योज नों    में    भी    कुछ    शो र    रहा    आ ए गा ,67,27
253,"सर्वाधिक महत्वपूर्ण स्रोत स्थानीय वायुमंडलीय प्रभाव हैं, जैसे कि धुंध, धुआँ, या अन्य तरह से स्पष्ट आसमान में कपासी बादल","सर् वा धिक    महत्वपूर्ण    स्रोत    स्थानीय    वा यु मंड ल ीय    प्रभाव    हैं,    जैसे    कि    धु ं ध ,    धु आ ँ,    या    अन्य    तरह    से    स्पष्ट    आस मान    में    क पा सी    बा दल ",100,35
254,इन कारणों से हाल के सालों में शोध में छवि संयोजनों पर बल दिया जाता है,इन    कारणों    से    हाल    के    सा लों    में    शोध    में    छ वि   सं योज नों    पर    बल    दिया    जाता    है ,54,20
255,चक्रवात की उत्पत्ति के लिए निचले और मध्य क्षोभमण्डल में उच्च सापेक्ष आर्द्रता होना जरूरी है,चक्र वा त    की    उत्पत्ति    के    लिए    निचले    और    मध्य    क्ष ो भ म ण् डल    में    उच्च    सा पे क्ष    आर् द्र ता    होना    जरू री    है ,76,28
256,"उसी प्रकार, वन क्षेत्र जहां फिलहाल कम मान के जीवों का प्रभुत्व है भविष्य में मूल्यवान साबित हो सकता है और इसका उल्टा भी हो सकता है","उसी    प्र कार,    वन    क्षेत्र    जहां    फि ल हाल    कम    मान    के    जी वों    का    प्र भु त्व    है    भविष्य    में    मूल ्य वान    साबित    हो    सकता    है    और    इसका    उल् टा    भी    हो    सकता    है ",104,36
257,"हालांकि यह उपागम मूल रूप से सीमित है क्यों कि जैसे-जैसे एक दृष्य द्वारा आच्छादित स्थान का क्षेत्र बढ़ता जाता है, बादल-रहित दृष्यों की संभावना कम होती जाती है","हालांकि    यह    उपा गम    मूल    रूप    से    सीमित    है    क्यों    कि    जैसे-जैसे    एक    दृ ष ्य    द्वारा    आ च्छ ा दित    स्थान    का    क्षेत्र    बढ़ ता    जाता    है,    बा द ल- रह ित    दृ ष ्यों    की    संभावना    कम    होती    जाती    है ",129,42
258,"इस दिशा में, बहुभिन्नरूपी अनुकूली प्रतिगमन स्प्लाइन (मार्स) का प्रयोग करके मृदा परावर्तन के आधार पर मृदा के गुणों को जाँचने का प्रयास किया गया है","इस    दिशा    में,    बहु भि न्न रू पी    अनु कू ली    प्रति ग मन    स् प् लाइन    ( मार् स )    का    प्रयोग    करके    मृ दा    परा वर्त न    के    आधार    पर    मृ दा    के    गु णों    को    जा ँ चने    का    प्रयास    किया    गया    है ",120,46
259,"विभिन्न भू-आवरण वर्गों की पहचान करने के लिए व्याख्याकार द्वारा रंग भेद, संरचना, आकार, प्रतिरूप अभिज्ञान और अन्य वस्तुओं के साथ संबंध जैसे दृश्य संकेतों के प्रयोग पर यह निर्भर करता है","विभिन्न    भू - आ वरण    वर् गों    की    पहचान    करने    के    लिए    व्या ख्या कार    द्वारा    रंग    भे द,    सं रच ना,    आ कार,    प्रति रूप    अभि ज्ञान    और    अन्य    वस्तुओं    के    साथ    संबंध    जैसे    दृश्य    संके तों    के    प्रयोग    पर    यह    निर्भर    करता    है ",151,45
260,इस समयावधि में होने वाली वर्षा इस उपखंड की वार्षिक वर्षा के 45 प्रतिशत (तटीय क्षेत्रों के लिए लगभग 60 प्रतिशत) के लिए उत्तरदायी है,इस    सम या व धि    में    होने    वाली    वर्षा    इस    उप खंड    की    वार्षिक    वर्षा    के    45    प्रतिशत    ( तटीय    क्षेत्रों    के    लिए    लगभग    60    प्रतिश त )    के    लिए    उत्तर दा यी    है ,106,34
261,"जबकि लवणीकरण ज़्यादातर तटीय क्षेत्रों और अपेक्षाकृत नवीन जलोढ़क मैदानों से संबंधित है, क्षारीयण अधिकतर स्थलीय तथा अपेक्षाकृत पुराने जलोढ़क मैदानों में होता है","जबकि    ल व ण ी करण    ज़ ्यादातर    तटीय    क्षेत्रों    और    अपेक्षाकृत    नवी न    ज लो ढ़ क    मैदा नों    से    संबंधित    है,    क्ष ारी यण    अधिकतर    स्थ ल ीय    तथा    अपेक्षाकृत    पुराने    ज लो ढ़ क    मैदा नों    में    होता    है ",135,42
262,"अनुकूलन रणनीतियों में उच्च जोखिम वाले बाढ़ से प्रभावित होने वाले संवेदनशील क्षेत्रों का निषेध करना, अभेद्य सतहों से होने वाले तेज़ अपवाह को कम करना, नए विकासों में तूफान के पानी को रोकने वाले निर्माणों की आवश्यकताओं में परिवर्तन करना, और अपवाह का भारी आँधी-तूफानों से बचाव करने वाले आर्द्र प्रदेशों की सुरक्षा करना शामिल हैं","अनु कू लन    रण नी तियों    में    उच्च    जोखिम    वाले    बाढ़    से    प्रभावित    होने    वाले    संवेद नशील    क्षेत्रों    का    नि ष े ध    कर ना,    अ भे द्य    सत हों    से    होने    वाले    ते ज़    अप वाह    को    कम    कर ना,    नए    विका सों    में    तूफान    के    पानी    को    रोकने    वाले    निर्मा णों    की    आवश्य क ताओं    में    परिवर्तन    कर ना,    और    अप वाह    का    भारी    आँ धी - तूफा नों    से    बचाव    करने    वाले    आर् द्र    प्र देशों    की    सुरक्षा    करना    शामिल    हैं ",268,84
263,हरित स्थलों के अनुरक्षण और विभिन्न भवन निर्माण सामग्रियों के उपयोग के माध्यम से भूमि उपयोग योजना द्वारा शहरी ऊष्मा का प्रभाव कम होना चाहिए,हर ित    स्थलों    के    अनु रक्ष ण    और    विभिन्न    भ वन    निर्माण    साम ग्र ियों    के    उपयोग    के    माध्यम    से    भूमि    उपयोग    योजना    द्वारा    शहरी    ऊ ष् मा    का    प्रभाव    कम    होना    चाहिए ,114,33
264,"अपने गहरे दर्रों, झरते जलप्रपातों और सागौन के घने जंगलों के साथ पन्ना राष्ट्रीय उद्यान प्रमुख रूप से एक पठार है, जहाँ बीच-बीच में छिटपुट पहाड़ियों सहित चारों ओर फैली हुई सपाट भूमि, गहरी घाटियाँ और पहाड़ों के बीच के तंग मार्ग हैं","अपने    ग हरे    दर ्रो ं,    झर ते    जलप्र पा तों    और    सा गौ न    के    घ ने    जंग लों    के    साथ    प न्ना    राष्ट्रीय    उद्यान    प्रमुख    रूप    से    एक    पठा र    है,    जहाँ    बी च - बीच    में    छि ट पु ट    पहाड़ियों    सहित    चारों    ओर    फै ली    हुई    स पा ट    भूमि ,    ग हरी    घा ट ियाँ    और    पहा ड़ों    के    बीच    के    त ंग    मार्ग    हैं ",186,70
265,"पानी की गुणवत्ता को प्रभावित करने वाले प्रमुख कारक हैं निलंबित तलछट, शैवाल, रसायन, घुले हुए जैविक पदार्थ (डी","पानी    की    गुणवत्ता    को    प्रभावित    करने    वाले    प्रमुख    कारक    हैं    नि लंब ित    तल छ ट,    शै वा ल,    र सा य न,    घु ले    हुए    जै विक    पदार्थ    ( डी ",90,31
266,ओ,ओ ,1,1
267,एम,ए म ,2,2
268,"), थर्मल रिलीज़, जलीय संवहनी पादप, रोगाणु, और तेल","),    थ र् मल    रिली ज़ ,    जल ीय    सं व ह नी    पा द प,    रो गा ण ु ,    और    तेल ",41,23
269,"इनमें से कुछ मानदंड, जैसे कि रुकी हुई तलछट, शैवाल, भंग कार्बनिक पदार्थ, तेल, जलीय वाहिकामय पादप, और उष्मीय विमोचन सीधे ऊर्जा प्रसार को प्रभावित करते हैं और इसलिए सुदूर संवेदन तकनीकों द्वारा मापे जा सकते हैं","इनमें    से    कुछ    मान द ंड ,    जैसे    कि    रु की    हुई    तल छ ट,    शै वा ल,    भ ंग    कार् ब निक    पदार्थ ,    ते ल,    जल ीय    वाहि काम य    पा द प,    और    उ ष्म ीय    वि मो चन    सीधे    ऊर्जा    प्र सार    को    प्रभावित    करते    हैं    और    इसलिए    सु दूर    सं वे दन    तकनी कों    द्वारा    मा पे    जा    सकते    हैं ",170,65
270,भूमि क्षरण का एक अन्य पहलू है बहुमूल्य धातुओं के खनन के समय ऊपरी मिट्टी का हटाया जाना और यह किस तरह से आस-पास के कृषि-क्षेत्रों को प्रभावित करता है,भूमि    क्ष रण    का    एक    अन्य    पह लू    है    बहु मूल्य    धा तु ओं    के    ख नन    के    समय    ऊपरी    मिट्टी    का    हटा या    जाना    और    यह    किस    तरह    से    आस-पास    के    कृ ष ि - क्षेत्रों    को    प्रभावित    करता    है ,118,41
271,पादप अवशेषों को हटाने से मिट्टी में जैविक पदार्थ की मात्रा में कमी आती है,पा द प    अव शे षों    को    हटा ने    से    मिट्टी    में    जै विक    पदार्थ    की    मात्रा    में    कमी    आती    है ,59,21
272,लवणन और क्षारीयन अर्द्धशुष्क और शुष्क क्षेत्रों की समस्याएं हैं,ल व णन    और    क्ष ारी यन    अर् द्ध शु ष्क    और    शु ष्क    क्षेत्रों    की    समस्या एं    हैं ,54,19
273,प्रत्येक मृदा समूह एक पेडॉन या उनके साहचर्य का प्रतिनिधित्व करता है,प्रत्येक    मृ दा    समूह    एक    पे डॉ न    या    उनके    साह च र्य    का    प्रतिनिधित्व    करता    है ,56,17
274,"भू-मापन में भूआकृति विज्ञान, जलवायु और उस क्षेत्र की वनस्पति, क्षेत्रीय अध्ययन और प्रयोगशाला के आँकड़ों के माध्यम से तथा एक मानक आधारभूत मानचित्र पर उसके चित्रांकन द्वारा विभिन्न प्रकार की मृदाओं की पहचान, वर्णन तथा रेखांकन की पुष्टि शामिल है","भू - मा पन    में    भू आ कृति    विज्ञा न,    जलवायु    और    उस    क्षेत्र    की    वनस्प ति,    क्षेत्रीय    अध्ययन    और    प्र योग शा ला    के    आँ कड़ों    के    माध्यम    से    तथा    एक    मानक    आ धार भू त    मान चित्र    पर    उसके    चित्र ा ंकन    द्वारा    विभिन्न    प्रकार    की    मृ दा ओं    की    पहचा न,    वर्णन    तथा    रे खा ंकन    की    पुष्टि    शामिल    है ",202,63
275,इससे प्राकृतिक पारिस्थितिकी तंत्रों पर दबाव बढ़ जाएगा,इससे    प्राकृतिक    पारि स्थि ति की    तंत्र ों    पर    दबाव    बढ़    जाए गा ,46,13
276,"इसलिए, विभिन्न उद्देश्यों के लिए जैसे कि कमान क्षेत्र विकास, जलग्रहण क्षेत्रों में मृदा संरक्षण, टिकाऊ कृषि, जल-संभर प्रबंधन, विकृत भू-स्थलों का भूमि-पुनरुद्‍धार, इत्यादि के लिए मृदा स्रोतों और उनकी संभाव्यता/सीमाओं/क्षमताओं, पर व्यापक जानकारी की आवश्यकता है","इस लिए,    विभिन्न    उद्देश ्यों    के    लिए    जैसे    कि    क मान    क्षेत्र    विका स,    ज लग ्र हण    क्षेत्रों    में    मृ दा    संरक्ष ण,    टि का ऊ    कृ ष ि ,    जल - सं भर    प्रबंध न,    वि कृत    भू - स्थलों    का    भूमि - पुन रु द् ‍ धार ,    इ त्या दि    के    लिए    मृ दा    स्रो तों    और    उनकी    संभा व्य ता / सीमा ओ ं / क्षम ता ओं,    पर    व्यापक    जानकारी    की    आवश्यकता    है ",222,79
277,यह समीक्षा परिपूर्ण नहीं है और सिर्फ उन तरीकों की विशिष्टता दिखाती है जिनमें कोशिकीय तथा एजेंट-आधारित प्रतिमानों की तकनीकें मौजूदा तकनीकों की पूरक हैं,यह    समीक्षा    परि पूर्ण    नहीं    है    और    सिर्फ    उन    तरीकों    की    विशि ष्ट ता    दिखा ती    है    जिनमें    कोशि कीय    तथा    एजे ंट - आधारित    प्रति मानों    की    तकनी कें    मौजूदा    तकनी कों    की    पू र क    हैं ,126,38
278,"यदि भू-आवरण चित्रण कंप्यूटर स्क्रीन पर किए जाते हैं, तो चित्रण प्रक्रिया के दौरान भू-आवरण मानचित्र बन जाते हैं","यदि    भू - आ वरण    चित्र ण    कंप्यूटर    स्क्रीन    पर    किए    जाते    हैं,    तो    चित्र ण    प्रक्रिया    के    दौरान    भू - आ वरण    मान चित्र    बन    जाते    हैं ",92,28
279,विश्लेषक छवि को कंप्यूटर के पर्दे पर या फिर उसकी मुद्रित प्रति में देखता है और फिर उन क्षेत्रों के आस-पास एक बहुभुज खींचता है जो कि विशिष्ट भू-आवरण के प्रकार के रूप में पहचाने गए हैं,विश् ले षक    छ वि   को    कंप्यूटर    के    पर् दे    पर    या    फिर    उसकी    मुद्र ित    प्रति    में    देख ता    है    और    फिर    उन    क्षेत्रों    के    आस-पास    एक    बहु भु ज    खी ंच ता    है    जो    कि    विशिष्ट    भू - आ वरण    के    प्रकार    के    रूप    में    पहचा ने    गए    हैं ,146,51
280,तापमान में इस वृद्धि का कारण सीमित मात्रा में बची हुई आणविक ऑक्सीजन द्वारा सूर्य के तीव्र प्रकाश का अवशोषण है,तापमान    में    इस    वृद्धि    का    कारण    सीमित    मात्रा    में    ब ची    हुई    आ ण विक    ऑक् सी जन    द्वारा    सूर्य    के    तीव्र    प्रकाश    का    अव शो षण    है ,89,28
281,ऊँचाई के साथ क्षोभमंडल में तापमान और जल वाष्प तत्व तेजी से घटते हैं,ऊँचाई    के    साथ    क्ष ो भ मंडल    में    तापमान    और    जल    वा ष् प    तत्व    तेजी    से    घट ते    हैं ,54,20
282,हवा के तापमान को नियमित रखने में जल वाष्प एक महत्वपूर्ण भूमिका निभाता है क्योंकि यह ग्रह की सतह पर से सौर ऊर्जा और ऊष्मा विकिरण को सोख लेता है,हवा    के    तापमान    को    नियमित    रखने    में    जल    वा ष् प    एक    महत्वपूर्ण    भूमिका    निभा ता    है    क्योंकि    यह    ग्रह    की    सत ह    पर    से    स ौर    ऊर्जा    और    ऊ ष् मा    विकि रण    को    सो ख    लेता    है ,113,39
283,जलीय चक्र पर कुछ मानवी प्रभावों को पूर्वानुमानित करने में जल-संतुलन उपयोगी है,जल ीय    चक् र    पर    कुछ    मान वी    प्रभा वों    को    पूर् वा नु मानित    करने    में    जल - संतु लन    उपयोगी    है ,65,23
284,फिर यह समताप सीमा तक क्रमशः बढ़ता जाता है,फिर    यह    सम ता प    सीमा    तक    क्रम श ः    बढ़ ता    जाता    है ,33,14
285,"क्षरण दो प्रक्रियाओं से होता है, जो हैं मिट्टी में मिले पानी के बर्फ बनने के कारण मिट्टी का फूलना, और तुषार के कारण चट्टानों का टूटना","क्ष रण    दो    प्र क्रिया ओं    से    होता    है,    जो    हैं    मिट्टी    में    मिले    पानी    के    बर्फ    बनने    के    कारण    मिट्टी    का    फू ल ना,    और    तु षा र    के    कारण    चट्टा नों    का    टू ट ना ",107,37
286,मिट्टी के परावर्तन के आँकड़े प्रयोगशाला में या खेत में और हवा/अंतराल में पाए जा सकते हैं,मिट्टी    के    परा वर्त न    के    आँ क ड़े    प्र योग शा ला    में    या    खे त    में    और    ह वा / अंत राल    में    पाए    जा    सकते    हैं ,72,29
287,मानस हिमालय की तलहटी में असम के उत्तरपूर्वी राज्य में स्थित है,मान स    हिमालय    की    तल ह टी    में    असम    के    उत्तर पूर्वी    राज्य    में    स्थित    है ,51,16
288,"यद्यपि राजनीतिक वातावरण में संस्कृति, विचारधाराएं, समाजीय रुचियां और दलों के बीच प्रतिस्पर्धा सहित अन्य प्रभाव भी निर्णय लेने को प्रभावित करते हैं","य द्य पि    राजनीतिक    वा ता वरण    में    संस् कृ ति,    वि चार धारा ए ं,    समा ज ीय    रु च ियां    और    द लों    के    बीच    प्रतिस्पर्धा    सहित    अन्य    प्रभाव    भी    निर्णय    लेने    को    प्रभावित    करते    हैं ",124,38
289,"सामान्यतः, ध्यानाकर्षण प्रश्न काल के पूरा होने और सदन की मेज़ पर दस्तावेजों के रख दिए जाने के बाद तथा कामों की सूची में से किसी भी चीज़ को उठाने के पहले शुरू किया जाता है","सामान ्य त ः ,    ध्या ना कर् षण    प्र श्न    काल    के    पूरा    होने    और    सद न    की    मे ज़    पर    दस्तावे जों    के    रख    दिए    जाने    के    बाद    तथा    का मों    की    सूची    में    से    किसी    भी    ची ज़    को    उठा ने    के    पहले    शुरू    किया    जाता    है ",135,50
290,"इसलिए, महामारी से लड़ने और बहुपक्षीय राजनय पर आधारित मानवतावादी प्रतिक्रिया हेतु संसाधन जुटाने के लिए हमें सामूहिक कार्यवाही और आपसी सहयोग के लिए तैयार रहना होगा","इस लिए,    महा मारी    से    लड़ ने    और    बहु पक्ष ीय    राज नय    पर    आधारित    मान व ता वादी    प्रतिक्रिया    हे तु    सं साधन    जु टा ने    के    लिए    हमें    सा मू हिक    कार्य वा ही    और    आप सी    सह योग    के    लिए    तैयार    रहना    होगा ",135,46
291,"अब (2019-2023) में इसे पशु स्वास्थ्य रक्षा, पादप, भोजन सुरक्षा तथा पर्यावरण अवखंडों के लिए राष्ट्रीय सूक्ष्मजीवी प्रतिरोध एवं अवशिष्ट निरीक्षण योजना के साथ प्रस्तुत किया गया है","अब    ( 20 19 - 20 2 3 )    में    इसे    पशु    स्वास्थ्य    रक्ष ा,    पा द प,    भोजन    सुरक्षा    तथा    पर्या वरण    अव खंड ों    के    लिए    राष्ट्रीय    सू क्ष् म जी वी    प्रति रोध    एव ं    अव शि ष्ट    नि री क्षण    योजना    के    साथ    प्रस्तुत    किया    गया    है ",149,51
292,प्राकृतिक आपदाओं के लिए धन की आवश्यकता को पूरा करने के लिए पहले आम तौर पर प्रत्यक्ष कर पर अधिभार वसूल किया जाता था,प्राकृतिक    आप दा ओं    के    लिए    धन    की    आवश्यकता    को    पूरा    करने    के    लिए    पहले    आम    तौर    पर    प्रत्यक्ष    कर    पर    अधि भार    व सू ल    किया    जाता    था ,91,29
293,"मई 1994 में भारत संयुक्त राष्ट्र जैविक विविधता सम्मेलन 1992 का, और अक्टूबर 2014 में आनुवांशिक संसाधनों तक पहुँच और उनसे उत्पन्न होने वाले लाभों के उचित और न्यायसंगत साझाकरण 2010 पर नागोया घोषणा-पत्र का हस्ताक्षरकर्ता बना","मई    1994    में    भारत    संयुक्त    राष्ट्र    जै विक    विविधता    सम्मेलन    1992    का,    और    अक्टूबर    2014    में    आनु वा ं शिक    सं साध नों    तक    पहुँच    और    उनसे    उत्पन्न    होने    वाले    ला भ ों    के    उचित    और    न्या य सं गत    सा झा करण    2010    पर    ना गो या    घोष णा - पत्र    का    हस्ता क्ष र कर्ता    बना ",184,58
294,भारत का समर्थन सरकार एवं अफगानिस्तान के लोगों की जरूरतों और प्राथमिकताओं द्वारा निर्देशित हैं; कार्य अफगानी सरकार के साथ हिस्सेदारी में किए जाते हैं और परियोजनाएं अफगानिस्तान के व्यापक क्षेत्रों में फैली हुई हैं,भारत    का    समर्थन    सरकार    एव ं    अफ गा निस्तान    के    लोगों    की    जरू र तों    और    प्राथ मि क ताओं    द्वारा    निर्देशित    हैं;    कार्य    अफ गा नी    सरकार    के    साथ    हिस् से दारी    में    किए    जाते    हैं    और    परियोज ना एं    अफ गा निस्तान    के    व्यापक    क्षेत्रों    में    फै ली    हुई    हैं ,177,52
295,"विवरण मेरे सहयोगी, पेट्रोलियम और प्राकृतिक गैस मंत्री घोषित करेंगे","विवरण    मेरे    सह यो गी,    पे ट्रो लिय म    और    प्राकृतिक    गैस    मंत्री    घोषित    करे ंगे ",57,16
296,सरकार पेट्रोलियम उत्पादों की कीमत-निर्धारण के लिए व्यवहार्य और संवहनीय प्रणाली के संबंध में सलाह देने के लिए विशेषज्ञ समूह स्थापित करेगी,सरकार    पे ट्रो लिय म    उत्पादों    की    की मत - निर् धारण    के    लिए    व्यव हा र्य    और    सं व ह नीय    प्रणाली    के    संबंध    में    सलाह    देने    के    लिए    विशेषज्ञ   समूह    स्थापित    करे गी ,115,35
297,2007-08 में नरेगा द्वारा 3,200 7 - 0 8    में    न रे गा    द्वारा    3 ,22,11
298,39 करोड़ परिवारों को रोज़गार के अवसर प्रदान किए जाने के मुकाबले 2008-09 में इसने 4,3 9    करोड़    परिवारों    को    रो ज़ गार    के    अवसर    प्रदान    किए    जाने    के    मुकाब ले    200 8 - 0 9    में    इसने    4 ,67,24
299,47 करोड़ से अधिक परिवारों को रोज़गार के अवसर दिए,4 7    करोड़    से    अधिक    परिवारों    को    रो ज़ गार    के    अवसर    दिए ,39,13
300,"यह व्यापक रूप से स्वीकार किया जाता है कि राष्ट्रीय ग्रामीण रोजगार गारंटी अधिनियम (नरेगा) जो पहली बार फरवरी 2006 में कार्यान्वित किया गया था, शानदार रूप से सफल रहा है","यह    व्यापक    रूप    से    स्वीकार    किया    जाता    है    कि    राष्ट्रीय    ग्रामीण    रो ज गार    ग ार ं टी    अधिनियम    ( न रे गा )    जो    पहली    बार    फरवरी    2006    में    कार् या न् वित    किया    गया    था,    शानदार    रूप    से    सफल    रहा    है ",135,43
301,हम नरेगा के तहत अधिकार के रूप में प्रति दिन रु,हम    न रे गा    के    तहत    अधिकार    के    रूप    में    प्रति    दिन    रु ,36,13
302,100 का वास्तविक मेहनताना देने के लिए प्रतिबद्ध हैं,100    का    वास्तविक    मेह न ता ना    देने    के    लिए    प्रति बद्ध    हैं ,42,13
303,"हालांकि कीमतों में तब से गिरावट आई है, तब भी वैश्विक आर्थिक संकट के समय जो कीमतों में गिरावट आई थी उससे वर्तमान कीमतें दुगनी हैं","हालांकि    की म तों    में    तब    से    गिरावट    आई    है,    तब    भी    वैश्विक    आर्थिक    सं कट    के    समय    जो    की म तों    में    गिरावट    आई    थी    उससे    वर्तमान    की मत ें    दु ग नी    हैं ",103,35
304,मैं श्रीलंका में आंतरिक रूप से विस्थापित लोगों के पुनर्वासन और वहां के उत्तरी एवं पूर्वी क्षेत्रों के पुनर्निर्माण के लिए रु,मैं    श्रीलं का    में    आंतरिक    रूप    से    वि स्थापित    लोगों    के    पुनर् वा सन    और    वहां    के    उत्तरी    एव ं    पूर्वी    क्षेत्रों    के    पुनर् निर्माण    के    लिए    रु ,103,28
305,500 करोड़ आवंटित करने का प्रस्ताव रखता हूँ,500    करोड़    आ व ंट ित    करने    का    प्रस्ताव    रखता    हूँ ,35,11
306,एक बार आपने संयुक्त राज्य अमेरिका में पहली उपस्थिति स्थापित कर ली तो पूरी तरह से क्रियाशील अमेरिकी वेबसाइट प्रदान करने से पहले मोबाइल उत्पाद उपयोगकर्ता द्वारा अनुभव और नए ग्राहक पाने के लिए एक अधिक आक्रामक और अधिक जोखिम-भरी विपणन रणनीति अमल में लाने से पहले ऑनलाइन स्टोर के स्थानीय ब्रांड के हल्के संस्करण को आरंभ करने और सेवा तथा प्रतिष्ठा निर्माण पर ध्यान देने में अधिक भलाई है,एक    बार    आपने    संयुक्त    राज्य    अमेरिका    में    पहली    उपस्थिति    स्थापित    कर    ली    तो    पूरी    तरह    से    क्रिया शील    अमेरिकी    वेबसाइट    प्रदान    करने    से    पहले    मोबाइल    उत्पाद    उपयोगकर्ता    द्वारा    अनुभव    और    नए    ग्राहक    पाने    के    लिए    एक    अधिक    आ क्रामक    और    अधिक    जोखि म- भरी    वि प णन    रण नीति    अम ल    में    लाने    से    पहले    ऑनलाइन    स्टोर    के    स्थानीय    ब्रांड    के    हल् के    संस्करण    को    आर ंभ    करने    और    सेवा    तथा    प्रति ष् ठा    निर्माण    पर    ध्यान    देने    में    अधिक    भ लाई    है ,310,83
307,तकनीकी उन्नतीकरण के चलते मीडिया में आई विशेषज्ञता और परिवर्तन से उसकी पहुंच इतनी बढ़ गई है कि मीडिया ने अब जनमत को प्रभावित करने की एक विशिष्ट भूमिका ले ली है,तकनी की    उन् न ती करण    के    चलते    मीडिया    में    आई    विशेषज्ञ ता    और    परिवर्तन    से    उसकी    पहुंच    इतनी    बढ़    गई    है    कि    मीडिया    ने    अब    जन मत    को    प्रभावित    करने    की    एक    विशिष्ट    भूमिका    ले    ली    है ,127,38
308,"और अधिक साम्यता लाने की कोशिश में, मैं मैट की दर को बही लाभ के 10 प्रतिशत की वर्तमान दर से बढ़ा कर 15 प्रतिशत करने का प्रस्ताव देता हूँ","और    अधिक    साम ्यता    लाने    की    कोशिश    में,    मैं    मै ट    की    दर    को    ब ही    लाभ    के    10    प्रतिशत    की    वर्तमान    दर    से    बढ़ा    कर    15    प्रतिशत    करने    का    प्रस्ताव    देता    हूँ ",106,33
309,पासपोर्ट केन्द्रों में पासपोर्ट आवेदन जमा करने के लिए समयादेश ऑनलाइन प्राप्त करने की प्रक्रिया को सरल बना दिया गया है,पा स पोर्ट    के न् द्र ों    में    पा स पोर्ट    आवे दन    जमा    करने    के    लिए    सम या देश    ऑनलाइन    प्राप्त    करने    की    प्रक्रिया    को    सरल    बना    दिया    गया    है ,97,31
310,इन अनुशंसाओं के आधार पर सरकार ने ऑफिसर श्रेणी से नीचे वाले सुरक्षाकर्मी पेंशन-भोगियों (पी,इन    अनु शं सा ओं    के    आधार    पर    सरकार    ने    ऑफि सर    श्रेणी    से    नीचे    वाले    सु रक्ष ा कर् मी    पें श न- भो ग ियों    ( पी ,75,29
311,बी,बी ,2,1
312,ओ,ओ ,1,1
313,आर,आ र ,2,2
314,) की 1 जनवरी 2006 से पहले की पेंशन में काफी हद तक सुधार करने और 10 अक्टूबर 1997 से पहले के पेंशन-भोगियों को 10 अक्टूबर 1997 के बाद वाले पेंशन-भोगियों की बराबरी पर ले आने का फैसला किया है,)    की    1    जनवरी    2006    से    पहले    की    पें शन    में    काफी    हद    तक    सुधार    करने    और    10    अक्टूबर    1997    से    पहले    के    पें श न- भो ग ियों    को    10    अक्टूबर    1997    के    बाद    वाले    पें श न- भो ग ियों    की    बराबरी    पर    ले    आने    का    फैसला    किया    है ,147,51
315,"अधिक न्यायसंगत और सभी के लिए सशक्त परिणाम पाने के लिए, मैं पूरे संसार की संसदों के पीठासीन अधिकारियों से एक ऐसी ठोस कार्य-योजना बनाने में अग्रिम रूप से सक्रिय भूमिका निभाने अनुरोध करता हूँ जो कि लोगों को प्रतिक्रिया के केंद्र में रखती है, तथा इस योजना के असरकारी कार्यान्वयन को सुनिश्चित करनेके लिए संसदों को एक रचनात्मक भूमिका निभानी पड़ेगी","अधिक    न्या य सं गत    और    सभी    के    लिए    स श क्त    परिणाम    पाने    के    लिए,    मैं    पूरे    सं सार    की    सं सद ों    के    पी ठा सी न    अधिकारियों    से    एक    ऐसी    ठ ो स    कार्य - योजना    बनाने    में    अग्र ि म    रूप    से    सक्रिय    भूमिका    निभा ने    अनुरोध    करता    हूँ    जो    कि    लोगों    को    प्रतिक्रिया    के    केंद्र    में    रख ती    है,    तथा    इस    योजना    के    अ सरकारी    कार् या न् व यन    को    सुनिश्चित    कर ने के    लिए    सं सद ों    को    एक    रच नात्मक    भूमिका    निभा नी    पड़ े गी ",280,94
316,अठारह राज्यों और केन्द्र शासित प्रदेशों में 46 लाख से भी ज्यादा बी,अ ठ ार ह    राज्यों    और    के न् द्र    शासित    प्र देशों    में    4 6    लाख    से    भी    ज्यादा    बी ,54,20
317,पी,पी ,2,1
318,एल,ए ल ,2,2
319,परिवारों को जीवमितीय पहचान-युक्त स्मार्ट कार्ड जारी किए गए हैं,परिवारों    को    जीव मि तीय    पहचा न- युक्त    स् मार् ट    कार्ड    जारी    किए    गए    हैं ,53,16
320,कार्यवाहियों का सीधा प्रसारण 1994 से शुरू हुआ,कार्य वाह ियों    का    सी धा    प्रसार ण    1994    से    शुरू    हुआ ,38,12
321,"15 सितंबर 2021 को अंतर्राष्ट्रीय लोकतंत्र दिवस मनाने के लिए संसद भवन एनेक्सी, नई दिल्ली में भारत के उप-राष्ट्रपति, श्री एम","15    सितंबर    2021    को    अंतर्राष्ट्रीय    लोक तंत्र    दिवस    मनाने    के    लिए    संसद    भ वन    ए ने क् सी ,    नई    दिल्ली    में    भारत    के    उप- राष्ट्र प ति,    श्री    ए म ",102,31
322,"वेंकय्या नायडू, भारत के प्रधानमंत्री, श्री नरेंद्र मोदी, तथा लोकसभा अध्यक्ष, श्री ओम बिड़ला की गरिमामय उपस्थिति में संसद टी","वे ंक य ्या    ना य डू ,    भारत    के    प्रधान मंत्र ी,    श्री    न रे ंद्र    मो दी,    तथा    लोक सभा    अध्य क्ष ,    श्री    ओ म    बि ड़ ला    की    ग रि माम य    उपस्थिति    में    संसद    टी ",104,40
323,वी,वी ,2,1
324,आरंभ किया गया,आर ंभ    किया    गया ,11,4
325,"कमखर्ची, दक्षता और प्रभावकारिता लाने के लिए, दोनो सदनों के पीठासीन अधिकारी -भारत के उपराष्ट्रपति और राज्य सभा के सभापति तथा लोक सभा के अध्यक्ष - ने दोनों चैनलों के विलय के लिए सहमति दी","कम खर् ची ,    द क्ष ता    और    प्रभाव कार ि ता    लाने    के    लिए,    दो नो    सद नों    के    पी ठा सी न    अधिकारी    - भारत    के    उप राष्ट्रपति    और    राज्य    सभा    के    स भा पति    तथा    लोक    सभा    के    अध्यक्ष    -    ने    दोनों    चै न लों    के    विलय    के    लिए    सहम ति    दी ",150,55
326,आमतौर पर चर्चा के लिए तीन दिन का समय आवंटित किया जाता है,आमतौर    पर    चर्चा    के    लिए    तीन    दिन    का    समय    आ व ंट ित    किया    जाता    है ,44,16
327,2014 से मोदी सरकार ने प्राथमिकता दी है कि आम भारतीय के लिए देश एवं विदेश में पासपोर्ट प्राप्त करना और नवीकरण करना आसान बनाया जा सके,2014    से    मो दी    सरकार    ने    प्राथ मि कता    दी    है    कि    आम    भारतीय    के    लिए    देश    एव ं    वि देश    में    पा स पोर्ट    प्राप्त    करना    और    नवी करण    करना    आसान    बनाया    जा    सके ,105,35
328,"लेकिन, अगले अभियान में, अपतटीय बेसिनों (पूर्वी तट, पश्चिमी तट और अंडमान) से लेकर ई","लेकि न,    अगले    अभियान    में,    अप तटीय    बे सि नों    ( पूर्वी    त ट,    पश्चिमी    तट    और    अंड मान )    से    लेकर    ई ",68,23
329,ई,ई ,1,1
330,ज़ेड,ज़े ड ,4,2
331,सीमाओं पर काम किया जाएगा,सीमा ओं    पर    काम    किया    जाए गा ,20,7
332,एन,ए न ,2,2
333,एस,ए स ,2,2
334,पी,पी ,2,1
335,के तहत मूल्यांकन कार्यक्रम का नियोजन तटीय बेसिनों का मूल्यांकन करने के लिए किया गया था,के    तहत    मूल्यांकन    कार्यक्रम    का    नियो जन    तटीय    बे सि नों    का    मूल्यांकन    करने    के    लिए    किया    गया    था ,71,19
336,"फरवरी 2022 तक अंडमान अपतट में कुल 22,555 एल","फरवरी    2022    तक    अंड मान    अप तट    में    कुल    2 2, 5 5 5    ए ल ",35,16
337,के,के ,2,1
338,एम,ए म ,2,2
339,2डी ब्रॉडबैंड भूकंपीय विवरण का अधिग्रहण किया जा चुका है,2 डी    ब्र ॉ ड बैंड    भू कंप ीय    विवरण    का    अधि ग्रहण    किया    जा    चुका    है ,46,17
340,"यह संसाधन हमें हमारे विकास के प्रयास में रह गई महत्वपूर्ण कमियों से उभरने के उपाय प्रदान करते हैं, विशेष रूप से हमारी जनसंख्या के कमज़ोर वर्गों के कल्याण के संबंध में","यह    सं साधन    हमें    हमारे    विकास    के    प्रयास    में    रह    गई    महत्वपूर्ण    कम ियों    से    उ भर ने    के    उपा य    प्रदान    करते    हैं,    विशेष    रूप    से    हमारी    जनसंख्या    के    कम ज़ ोर    वर् गों    के    कल ्या ण    के    संबंध    में ",135,42
341,महिलाओं में निरक्षरता को तीन वर्षों में वर्तमान स्तर से उसके आधे पर लाने का लक्ष्य है,महिलाओं    में    नि रक्ष रता    को    तीन    वर्षों    में    वर्तमान    स्तर    से    उसके    आधे    पर    लाने    का    लक्ष्य    है ,69,19
342,"लेकिन जनपदाधिकारी सेवा, पुलिस और सेना में मुख्य रूप से मुसलमानों का वर्चस्व था","लेकिन    जन पदा धि कारी    से वा,    पुलिस    और    सेना    में    मुख्य    रूप    से    मुसलमानों    का    वर् च स्व    था ",65,20
343,आगमन के समय इलेक्ट्रॉनिक टोकन और पी,आग मन    के    समय    इलेक् ट्रॉ निक    टो कन    और    पी ,29,11
344,एस,ए स ,2,2
345,के,के ,2,1
346,"में सेवा पूरी हो जाने पर इलेक्ट्रॉनिक निर्गम पत्र जारी करने से कागज-रहित सेवा, पर्यावरण की रक्षा और हरित पहलों को बढ़ावा देना सक्षम हो सका है","में    सेवा    पूरी    हो    जाने    पर    इलेक् ट्रॉ निक    निर् गम    पत्र    जारी    करने    से    का ग ज - रह ित    से वा,    पर्या वरण    की    रक्षा    और    हर ित    पह लों    को    बढ़ावा    देना    सक्षम    हो    स का    है ",115,40
347,इस प्रकार की समेकित प्रक्रिया ने सेवा सुपुर्दगी की गति बढ़ाने और लोगों की शिकायतों को कम करने में मदद की है,इस    प्रकार    की    स मे कित    प्रक्रिया    ने    सेवा    सु पुर् द गी    की    गति    बढ़ाने    और    लोगों    की    शिका य तों    को    कम    करने    में    मदद    की    है ,86,29
348,नियम के अनुसार इस मामले के लिए सदन के नेता या संबंधित मंत्री से परामर्श करने की कोई आवश्यकता नहीं है,नियम    के    अनुसार    इस    मामले    के    लिए    सद न    के    नेता    या    संबंधित    मंत्री    से    प राम र् श    करने    की    कोई    आवश्यकता    नहीं    है ,80,25
349,"इन उपायों में आर्थिक सहायता, कर, व्यय और विनिवेश जैसे बजट के सभी पहलुओं को शामिल किया जाना चाहिए","इन    उपा यों    में    आर्थिक    सहा य ता,    कर,    व्य य    और    वि निवेश    जैसे    बजट    के    सभी    पह लु ओं    को    शामिल    किया    जाना    चाहिए ",78,26
350,"भुगतानों के स्थिर संतुलन, औसत दर्जे की ब्याज दरों और निगमित निवेशों हेतु बाह्य पूँजी के नियमित प्रवाह को बनाए रखने के लिए यह आवश्यक है","भुग ता नों    के    स्थिर    सं तुल न,    औसत    दर् जे    की    ब्याज    द रों    और    निग मित    निवेश ों    हे तु    बा ह ्य    पू ँ जी    के    नियमित    प्रवाह    को    बनाए    रखने    के    लिए    यह    आवश्यक    है ",109,39
351,"इसके अलावा, अमरीकी खरीदार विदेशों में धन खर्च करना पसंद करते हैं और उनके पसंदीदा गंतव्य स्थान क्रमशः यू","इसके    अलावा,    अमरीकी    खरी दार    वि देशों    में    धन    खर्च    करना    पसंद    करते    हैं    और    उनके    पसंदीदा    गं त व्य    स्थान    क्रम श ः    य ू ",85,26
352,के,के ,2,1
353,"(49%), चीन (39%), कनाडा (34%), हांगकांग (20%) और ऑस्ट्रेलिया (18%) हैं","( 4 9 % ),    चीन    ( 3 9 % ),    कनाडा    ( 3 4 % ),    हा ंग का ंग    ( 20 % )    और    ऑस्ट्रेलिया    ( 18 % )    हैं ",60,32
354,राज्य नोडल एजेंसियों (एस,राज्य    नो डल    एजे ंस ियों    ( ए स ,21,9
355,एन,ए न ,2,2
356,एज़,ए ज़ ,3,2
357,") को कार्यान्वयन करने वाले ऐसे संगठनों को अनुबंधित करने हेतु चुनने का अधिकार है जो राज्य में सार्वजनिक चार्जिंग स्टेशनों और बैटरी की अदला-बदली/चार्जिंग सुविधाओं को तैयार करेंगे, चलाएंगे, और बनाए रखेंगे",")    को    कार् या न् व यन    करने    वाले    ऐसे    संगठ नों    को    अनु बंधित    करने    हे तु    चुन ने    का    अधिकार    है    जो    राज्य    में    सार्वजनिक    चार् जि ंग    स्टे श नों    और    बै ट री    की    अ द ला - बद ली / चार् जि ंग    सुविधा ओं    को    तैयार    करे ंगे,    चला ए ंगे,    और    बनाए    र खे ंगे ",169,62
358,बैंकिंग और वित्तीय क्षेत्रों के प्रति हमारी सरकार द्वारा अपनाई गई रणनीति पर्यवेक्षण और विनियमन को मजबूत करते हुए वित्तीय पहुंच का विस्तार करने और बाजारों को गहराई प्रदान करने की रही है,बैं किंग    और    वित्तीय    क्षेत्रों    के    प्रति    हमारी    सरकार    द्वारा    अप नाई    गई    रण नीति    पर्य वे क्षण    और    वि निय मन    को    मजबूत    करते    हुए    वित्तीय    पहुंच    का    विस्तार    करने    और    बा जारों    को    ग हरा ई    प्रदान    करने    की    रही    है ,152,43
359,ऐसा इसलिए है क्योंकि वृद्धि आनुवांशिक और परिवेशी दोनों ही कारकों से प्रभावित होती है,ऐसा    इसलिए    है    क्योंकि    वृद्धि    आनु वा ं शिक    और    परि वे शी    दोनों    ही    कार कों    से    प्रभावित    होती    है ,70,21
360,"खाद्य उत्पादन, अर्थ व्यवस्था और सुरक्षा पर रोगाणुरोधी प्रतिरोध के प्रभावों के कारण, इसे स्वास्थ्य, राष्ट्रीय सुरक्षा और अर्थ व्यवस्था के लिए भी खतरा माना जाता है","खाद्य    उत्पा द न,    अर्थ    व्यवस्था    और    सुरक्षा    पर    रो गा ण ु रोधी    प्रति रोध    के    प्रभा वों    के    कारण,    इसे    स्वास्थ ्य ,    राष्ट्रीय    सुरक्षा    और    अर्थ    व्यवस्था    के    लिए    भी    खतरा    माना    जाता    है ",135,37
361,"लगभग 2500 ईसा पूर्व में लिखी गई चरकसंहिता और सुश्रुतसंहिता, वर्तमान में आयुर्वेद के पूर्ण रूप से उपलब्ध मुख्य आलेख हैं","लगभग    2 500    ईसा    पूर्व    में    लिखी    गई    चर क सं हि ता    और    सु श्र ु त सं हि ता,    वर्तमान    में    आ यु र् वे द    के    पूर्ण    रूप    से    उपलब्ध    मुख्य    आ लेख    हैं ",98,37
362,लंबे समय तक शारीरिक व्यायाम के दौरान शरीर को ऊर्जा देते रहने में शरीर के परिसंचारी और श्वसन तंत्र की क्षमता हृद्श्वसन स्थिरता से मापी जाती है,लंबे    समय    तक    शारीरिक    व्या याम    के    दौरान    शरीर    को    ऊर्जा    देते    रहने    में    शरीर    के    परि सं चारी    और    श्व सन    तंत्र    की    क्षमता    हृ द् श्व सन    स्थि रता    से    मा पी    जाती    है ,115,36
363,"आयुष चिकित्सकों की उपलब्धता के आधार पर 18 में से 13 ज़िलों (राज्यों) में होमियोपैथी, आयुर्वेद, सिद्ध और यूनानी प्रणालियों के औषधीय नुस्खे उपलब्ध थे","आ यु ष    चिकित् सकों    की    उपलब् ध ता    के    आधार    पर    18    में    से    13    ज़ि लों    ( राज ्यो ं )    में    हो म ियो पै थी,    आ यु र् वे द,    सिद्ध    और    यूनानी    प्रणा लियों    के    औ ष ध ीय    नु स् खे    उपलब्ध    थे ",123,49
364,सुलेमान के माता-पिता काफी लंबे थे,सु ले मान    के    माता-पिता    काफी    लंबे    थे ,28,8
365,"इसके अलावा, उन्होंने कहा कि कमज़ोर नीति पहलें, आयुर्वेदिक दवाओं और उपचारों की सुरक्षा और प्रभावकारिता में शोध की कमी, और आयुर्वेद तथा जैवचिकित्सा के चिकित्सकों के बीच संवादहीनता आयुर्वेद और जैवचिकित्सा में कार्यात्मक एकीकरण पाने में प्रमुख अवरोध हैं","इसके    अलावा,    उन्होंने    कहा    कि    कम ज़ ोर    नीति    पह ले ं,    आ यु र् वे दिक    दवाओं    और    उप चारों    की    सुरक्षा    और    प्रभाव कार ि ता    में    शोध    की    क मी,    और    आ यु र् वे द    तथा    जै व चिकित्सा    के    चिकित् सकों    के    बीच    सं वा द ही न ता    आ यु र् वे द    और    जै व चिकित्सा    में    कार् या त्मक    ए की करण    पाने    में    प्रमुख    अव रोध    हैं ",210,76
366,आयुष सेवाओं के लिए उच्चतर आर्थिक आवंटन करने की आवश्यकता होती है,आ यु ष    सेवाओं    के    लिए    उच्च तर    आर्थिक    आ व ंटन    करने    की    आवश्यकता    होती    है ,52,17
367,"कुल बजट का मात्र 3% निहायत अपर्याप्त है और, इतने अधिक संस्थानों में बस एक कमजोर गुणवत्ता की सेवाएँ ही सुनिश्चित कर सकता है","कुल    बजट    का    मात्र    3 %    नि हा यत    अप र् या प्त    है    औ र,    इतने    अधिक    सं स्थानों    में    बस    एक    कम जोर    गुणवत्ता    की    सेवा एँ    ही    सुनिश्चित    कर    सकता    है ",99,34
368,यदि आप कुछ नहीं करते क्योंकि किसी अध्ययन में कुछ न करने को कहा गया था तो हो सकता है कि यह बचाव के रूप में पर्याप्त न हो,यदि    आप    कुछ    नहीं    करते    क्योंकि    किसी    अध्ययन    में    कुछ    न    करने    को    कहा    गया    था    तो    हो    सकता    है    कि    यह    बचाव    के    रूप    में    पर्याप्त    न    हो ,91,29
369,विवेकी डॉक्टर बनाम विवेकी रोगी: कौन किसके लिए निर्णय लेता है,वि वे की    डॉक्टर    बना म    वि वे की    रो गी :    कौन    कि सके    लिए    निर्णय    लेता    है ,50,19
370,आश्चर्यजनक है कि विश्व स्वास्थ्य संगठन (डब्ल्यू,आश् चर् य जनक    है    कि    विश्व    स्वास्थ्य    संगठन    ( डब् ल ्य ू ,41,14
371,एच,ए च ,2,2
372,ओ,ओ ,1,1
373,) के अनुसार वर्तमान में न केवल 43 करोड़ लोग निर्योग्यकारी श्रवण हानि के साथ जी रहे हैं बल्कि 12 से 35 वर्षीय 100 करोड़ से अधिक लोगों को तेज संगीत के कार्यक्रमों और क्लबों या अपने यंत्रों से तेज संगीत सुनने के कारण श्रवण हानि होने का खतरा है,)    के    अनुसार    वर्तमान    में    न    केवल    4 3    करोड़    लोग    निर् योग ्य कारी    श्र व ण    हा नि    के    साथ    जी    रहे    हैं    बल्कि    12    से    35    वर्षीय    100    करोड़    से    अधिक    लोगों    को    तेज    संगीत    के    कार्यक्रमों    और    क्ल बों    या    अपने    य ंत्र ों    से    तेज    संगीत    सुन ने    के    कारण    श्र व ण    हा नि    होने    का    खतरा    है ,191,64
374,हमें व्यक्तिगत जोखिम को परिभाषित करना चाहिए,हमें    व्यक्तिगत    जोखिम    को    परिभाषित    करना    चाहिए ,37,7
375,"शिशु के विकास के लिए स्तन्य दुग्ध में कैलोरिक घनत्व, प्रोटीन, कार्बोहाइड्रेट और वसा अति महत्वपूर्ण होते हैं","शि शु    के    विकास    के    लिए    स्त न्य    दु ग् ध    में    कै लो रिक    घ न त्व ,    प्रो टी न,    कार् बो हाइ ड ्रे ट    और    व सा    अ ति    महत्वपूर्ण    होते    हैं ",90,36
376,"भले ही ऐसा लगे कि वह सँभल रहा/रही है, डूबने के दुर्घटनाग्रस्त को डॉक्टर के इलाज की ज़रूरत होती है, क्योंकि, जैसा बॉक्स 12","भले    ही    ऐसा    लगे    कि    वह    स ँ भ ल    र हा / रही    है,    डू बने    के    दुर् घट ना ग्रस्त    को    डॉक्टर    के    इलाज    की    ज़रू रत    होती    है,    क्यो ंकि,    जैसा    बॉक्स    12 ",98,36
377,"2 में बताया गया है, बाद में जा कर उसके साथ द्वितीयक डूबने की घटना भी हो सकती है","2    में    बताया    गया    है,    बाद    में    जा    कर    उसके    साथ    द्वि ती यक    डू बने    की    घटना    भी    हो    सकती    है ",61,22
378,भारत की पूरक चिकित्सा के क्षेत्र में अपेक्षाकृत श्रेष्ठता है और इस क्षेत्र में वैश्विक अगुआ बन सकता है,भारत    की    पू र क    चिकित्सा    के    क्षेत्र    में    अपेक्षाकृत    श्रे ष्ठ ता    है    और    इस    क्षेत्र    में    वैश्विक    अ गु आ    बन    सकता    है ,84,25
379,ऐसा इसलिए है क्योंकि भारत के पास अपनी खुद की एक बेहद समृद्ध और परिपक्व स्वदेशी चिकित्सीय धरोहर और पश्चिमी जैवचिकित्सा विज्ञान में मजबूत बुनियाद है,ऐसा    इसलिए    है    क्योंकि    भारत    के    पास    अपनी    खुद    की    एक    बेहद    समृद्ध    और    परि प क् व    स्व देशी    चिकित् सीय    ध रो हर    और    पश्चिमी    जै व चिकित्सा    विज्ञान    में    मजबूत    बुनिया द    है ,121,36
380,"जिन सूक्ष्माणुओं के समूह पर ये काम करती हैं, उस आधार पर इन्हें वायरसरोधी, फंगसरोधी, प्रोटोज़ोआरोधी तथा प्रतिजैविक औषधियों के रूप में वर्गीकृत किया जाता है","जिन    सू क्ष् मा ण ुओं    के    समूह    पर    ये    काम    करती    हैं,    उस    आधार    पर    इन्हें    वायर स रो धी ,    फ ंग स रो धी ,    प्रो टो ज़ो आरो धी    तथा    प्रति जै विक    औ ष धियों    के    रूप    में    वर्गीकृत    किया    जाता    है ",129,47
381,"इनमें भोजन और पानी के अंतर्ग्रहण में कमी, आलस्य, पनियल या फीका सफेद श्लेष्माभ नेत्र स्राव, आँखों में सूजन, असामान्य विष्ठा (रंग और रूप) शामिल हैं","इनमें    भोजन    और    पानी    के    अंतर् ग्रहण    में    क मी,    आ ल स् य,    प निय ल    या    फी का    सफेद    श् ले ष् मा भ    ने त्र    स्रा व,    आँ खों    में    सू जन ,    असामान्य    विष् ठा    ( रंग    और    रू प )    शामिल    हैं ",120,47
382,"यकृतकोशिकीय दुर्दम्य अर्बुद (यकृत कैंसर) के इलाज के लिए, एक अन्य महत्वपूर्ण विकिरण-भेषजवर्ग के स्थानीय चिकित्सार्थ दिए जाने के बारे में बताया गया है, जिसमें विशिष्ट आकार के रेडियोलेबलीकृत सूक्ष्मगोलक या रेडियोलेबलीकृत लिपियोडॉल (खसखस के तेल से व्युत्पन्न फैटी एसिड का एक अत्यधिक गाढ़ा फैटी एसिड एथिल एस्टर) रोगी को रेडियोलेबलीकृत करने के लिए इंजेक्शन से यकृत धमनी के माध्यम से दिए जाते हैं","य कृ त कोशि कीय    दुर् द म ्य    अर् बु द    ( य कृत    कैं सर )    के    इलाज    के    लिए,    एक    अन्य    महत्वपूर्ण    विकि रण - भे ष ज वर्ग    के    स्थानीय    चिकित् सार् थ    दिए    जाने    के    बारे    में    बताया    गया    है,    जिसमें    विशिष्ट    आकार    के    रे ड ियो ले ब ली कृत    सू क्ष् म गो लक    या    रे ड ियो ले ब ली कृत    लि प ियो डॉ ल    ( ख स ख स    के    तेल    से    व्य ु त् पन्न    फै टी    ए सि ड    का    एक    अत्यधिक    गा ढ़ ा    फै टी    ए सि ड    ए थि ल    ए स्ट र)    रो गी    को    रे ड ियो ले ब ली कृत    करने    के    लिए    इं जे क्शन    से    य कृत    ध मनी    के    माध्यम    से    दिए    जाते    हैं ",326,135
383,"उपचार के इस प्रकार में, जिसे ""विकिरण श्लेषक-कला उच्छेदन"" या "" रेडियोसिनोवोर्थेसिस"" के रूप में जाना जाता है, रेडियोलेबल कणिकाएँ या रेडियोलेबल कलिल रोग-ग्रस्त जोड़ों की स्राव गुहा में इंजेक्शन से दिए जाते हैं","उपचार    के    इस    प्रकार    में,    जिसे    "" विकि रण    श् ले ष क- कला    उ च्छ े द न ""    या    ""    रे ड ियो सि नो वो र्थ े सि स ""    के    रूप    में    जाना    जाता    है,    रे ड ियो ले बल    क णि काएँ    या    रे ड ियो ले बल    क लि ल    रोग - ग्रस्त    जो ड़ों    की    स्रा व    गु हा    में    इं जे क्शन    से    दिए    जाते    हैं ",173,74
384,कर्णावर्त प्रत्यारोपण से उन लोगों को भी फायदा होता है जो काफी हद तक बहरे हो चुके हैं,कर् णा वर् त    प्रत्य ारो प ण    से    उन    लोगों    को    भी    फाय दा    होता    है    जो    काफी    हद    तक    बह रे    हो    चुके    हैं ,67,26
385,"जिन्हें कम सुनाई देता है, वे सामान्यतया बोल कर अपनी बात व्यक्त करते हैं और कान की मशीनों, कर्णावर्ती प्रत्यारोपणों, और अन्य उपकरणों के साथ-साथ अनुशीर्षकों से लाभ पा सकते हैं","जिन्हें    कम    सु नाई    देता    है,    वे    सामान ्य त या    बो ल    कर    अपनी    बात    व्यक्त    करते    हैं    और    कान    की    मशी नो ं,    कर् णा वर्ती    प्रत्य ारो प ण ों,    और    अन्य    उपकरणों    के    साथ-साथ    अनु शीर् ष कों    से    लाभ    पा    सकते    हैं ",143,47
386,मलाशय-संबंधी परीक्षण एक त्वरित विधि है (एक अनुभवी व्यक्ति को 12 मिनट लगते हैं),म ला श य- संबंधी    परीक्षण    एक    त्व र ित    विधि    है    ( एक    अनु भ वी    व्यक्ति    को    12    मिनट    लग ते    हैं ) ,65,25
387,विभिन्न प्रकार के मानव रोगों के निदान और उपचार के लिए रेडियोधर्मी औषधियों को अत्यधिक शुद्ध रेडियोधर्मी पदार्थों से निर्मित होना चाहिए जो मनुष्यों को दिए जाने के लिए पर्याप्त रूप से सुरक्षित हों,विभिन्न    प्रकार    के    मानव    रो गों    के    निदान    और    उपचार    के    लिए    रे ड ियो धर् मी    औ ष धियों    को    अत्यधिक    शु द्ध    रे ड ियो धर् मी    पदार्थों    से    निर्मित    होना    चाहिए    जो    मनुष्यों    को    दिए    जाने    के    लिए    पर्याप्त    रूप    से    सुरक्षित    हों ,160,46
388,हालांकि सूक्ष्मजीवी प्रतिरोधकों का दुरुपयोग और अति उपयोग इस प्रक्रिया को तेज़ कर रहा है,हालांकि    सू क्ष् म जी वी    प्रति रो ध कों    का    दु रुप योग    और    अ ति    उपयोग    इस    प्रक्रिया    को    ते ज़    कर    रहा    है ,73,26
389,यह रणनीतिक योजना वन हेल्थ के लिए एक समन्वित और सहयोगात्मक दृष्टिकोण स्थापित करती है जिसमें सरकार के महत्वपूर्ण भागीदार और अन्य क्षेत्र शामिल हैं,यह    रण नी तिक    योजना    वन    हे ल् थ    के    लिए    एक    सम न् वित    और    सह यो गा त्मक    दृष्टिकोण    स्थापित    करती    है    जिसमें    सरकार    के    महत्वपूर्ण    भागी दार    और    अन्य    क्षेत्र    शामिल    हैं ,120,35
390,संस्थान के ओ,संस्थान    के    ओ ,10,3
391,पी,पी ,2,1
392,डी,डी ,2,1
393,और आई,और    आई ,4,2
394,पी,पी ,2,1
395,डी,डी ,2,1
396,में रोगियों की उपस्थिति लगातार बढ़ती गई है,में    रोगियों    की    उपस्थिति    लगातार    बढ़ती    गई    है ,35,8
397,यह एक चिकित्सा-विधिक पहलू है,यह    एक    चिकित् सा - वि धिक    पह लू    है ,24,10
398,"हालांकि पूरे राज्यों में गुणवत्ता में अंतर थे, लगभग सभी में बुनियादी संरचना की गुणवत्ता, मानव संसाधनों की उपस्थिति, दवाओं की आपूर्ति, और विवरण-दस्तावेज असंतोषजनक पाए गए थे","हालांकि    पूरे    राज्यों    में    गुणवत्ता    में    अंतर    थे,    लगभग    सभी    में    बुनियादी    संरचना    की    गुणव त् ता,    मानव    सं साध नों    की    उप स्थि ति,    दवाओं    की    आ पूर् ति,    और    वि व रण - दस्तावे ज    अ सं तो ष जनक    पाए    गए    थे ",144,45
399,"स्वास्थ्य रिपोर्ट किस प्रकार बनाई जाए, इसका कोई सामान्य खाका नहीं होता है","स्वास्थ्य    रिपोर्ट    किस    प्रकार    बनाई    जा ए,    इसका    कोई    सामान्य    खा का    नहीं    होता    है ",61,15
400,राष्ट्रीय ग्रामीण स्वास्थ्य मिशन (एन,राष्ट्रीय    ग्रामीण    स्वास्थ्य    मि शन    ( ए न ,32,8
401,आर,आ र ,2,2
402,एच,ए च ,2,2
403,एम,ए म ,2,2
404,) जैसे कार्यक्रमों के माध्यम से पूरे भारत में आयुर्वेद केन्द्रों और जैव-चिकित्सा सुविधाओं को सह-स्थित करने के प्रयत्न केवल भौतिक निकटता तक सीमित हैं और नैदानिक सेवाओं के सह-वितरण के स्तर तक कार्यात्मक एकीकरण की संभावना उम्मीद से बहुत कम है,)    जैसे    कार्यक्रमों    के    माध्यम    से    पूरे    भारत    में    आ यु र् वे द    के न् द्र ों    और    जै व - चिकित्सा    सुविधा ओं    को    सह- स्थित    करने    के    प्र य त् न    केवल    भौ तिक    निकट ता    तक    सीमित    हैं    और    नै दा निक    सेवाओं    के    सह- वितरण    के    स्तर    तक    कार् या त्मक    ए की करण    की    संभावना    उम्मीद    से    बहुत    कम    है ,198,66
405,अगर वह जानवर झुंड में अन्य जानवरों से अलग रहता है तो इससे यह प्रकट होता है कि उसे कोई स्वास्थ्य समस्या है,अगर    वह    जान वर    झु ंड    में    अन्य    जानवरों    से    अलग    रहता    है    तो    इससे    यह    प्र कट    होता    है    कि    उसे    कोई    स्वास्थ्य    समस्या    है ,83,26
406,चिकित्सा अधिकारी मुझे दोबारा अपने पास आने नहीं दे रहे थे और बल्कि एक इंस्पेक्टर को मेरे पास भेजने पर ज़ोर दे रहे थे,चिकित्सा    अधिकारी    मुझे    दो बारा    अपने    पास    आने    नहीं    दे    रहे    थे    और    बल्कि    एक    इं स्पे क्टर    को    मेरे    पास    भे जने    पर    ज़ ोर    दे    रहे    थे ,92,29
407,अधिकतर रेस्तरां और फास्ट-फूड उद्योगों में खाना बनाने और व्यावसायिक रूप से सेंकी गई वस्तुओं में इस्तेमाल होने वाले समान घटक वनस्पति तेल में हाइड्रोजन के अणु के मिलने पर पारपक्ष वसा उत्पन्न होती है,अधिकतर    रेस्तरा ं    और    फा स्ट - फू ड    उद्यो गों    में    खाना    बनाने    और    व्यावसायिक    रूप    से    सें की    गई    वस्तुओं    में    इस्तेमाल    होने    वाले    समान    घट क    वनस्प ति    तेल    में    हाइ ड ्रो जन    के    अ णु    के    मिलने    पर    पार पक्ष    व सा    उत्पन्न    होती    है ,161,50
408,असंतृप्त वसा ऐसी वसा है जो कक्ष तापमान पर द्रव रूप में होती है,अ सं तृ प्त    व सा    ऐसी    व सा    है    जो    कक्ष    तापमान    पर    द्र व    रूप    में    होती    है ,49,20
409,डब्ल्यू,डब् ल ्य ू ,7,4
410,एच,ए च ,2,2
411,ओ,ओ ,1,1
412,"का यह उत्तरदायित्व है कि कार्य-स्थल में या कार्य के सिलसिले में भेद-भाव, अधिकार का दुरुपयोग, और यौन-उत्पीड़न सहित उत्पीड़न (सामूहिक रूप से जिसे अपमानजनक आचरण कहा जाता है) को रोकने और उसका जवाब देने की दिशा में सभी उचित कदम उठाए","का    यह    उत्तर दा य ि त्व    है    कि    कार्य - स्थल    में    या    कार्य    के    सि ल सि ले    में    भे द- भाव ,    अधिकार    का    दु रुप योग ,    और    यौ न- उत् पीड़ न    सहित    उत् पीड़ न    ( सा मू हिक    रूप    से    जिसे    अप मान जनक    आ चरण    कहा    जाता    है )    को    रोकने    और    उसका    जवाब    देने    की    दिशा    में    सभी    उचित    कदम    उठा ए ",186,71
413,इसमें नुकसान क्या है,इसमें    नुकसान    क्या    है ,17,4
414,तृतीय स्तर का उद्देश्य है परिणामों को इस प्रकार प्रस्तुत करना और संप्रेषित करना जो निर्णय लेने में सहायता कर सके,तृ तीय    स्तर    का    उद्देश्य    है    परिणा मों    को    इस    प्रकार    प्रस्तुत    करना    और    सं प्रे षित    करना    जो    निर्णय    लेने    में    सहायता    कर    सके ,92,25
415,"योग शब्द के दो अर्थ हैं: पहला युजिर् धातु से निकला है जिसका मतलब है संयोजन, और दूसरा एक अलग मूल, युज्, से आया है, जिसका मतलब होता है समाधि, या चेतना तथा पूर्ण ज्ञान की चरम अवस्था","योग    शब्द    के    दो    अर्थ    हैं :    पहला    यु जि र्   धा तु    से    निक ला    है    जिसका    मतलब    है    सं यो जन ,    और    दूसरा    एक    अलग    मू ल,    यु ज् ,    से    आया    है,    जिसका    मतलब    होता    है    समा धि ,    या    चे तना    तथा    पूर्ण    ज्ञान    की    च रम    अव स्था ",141,54
416,विकिरण-भेषजवर्ग नैदानिक ​​या उपचारात्मक उत्प्रेरक के रूप में अपनी प्रभावशीलता दिखाने के लिए रेडियोन्यूक्लाइड के परमाण्विक गुणों के साथ-साथ औषधियों के भैषजिक गुणों का उपयोग करते हैं,विकि रण - भे ष ज वर्ग    नै दा निक    ​​ या    उप च ारात्मक    उत् प्रेर क    के    रूप    में    अपनी    प्रभा वश ी लता    दिखा ने    के    लिए    रे ड ियो न्यू क्लाइ ड    के    पर मा ण् विक    गु णों    के    साथ-साथ    औ ष धियों    के    भ ै ष जिक    गु णों    का    उपयोग    करते    हैं ,154,59
417,"वाक्यांश ""हरित अर्थव्यवस्था"" का प्रयोग पहली बार यूनाइटेड किंगडम की सरकार के लिए 1989 में तैयार की गई ब्लूप्रिंट फॉर ए ग्रीन इकोनॉमी शीर्षक वाली रिपोर्ट में अग्रणी पर्यावरण अर्थशास्त्रियों द्वारा किया गया था","वा क ्या ंश    "" हर ित    अर्थ व्यव स्था ""    का    प्रयोग    पहली    बार    यूनाइटेड    किंगडम    की    सरकार    के    लिए    1989    में    तैयार    की    गई    ब् लू प्रि ंट    फॉ र    ए    ग्री न    इ को नॉ मी    शीर्षक    वाली    रिपोर्ट    में    अग्र णी    पर्या वरण    अर्थ शास् त्रियों    द्वारा    किया    गया    था ",173,54
418,अरुणाचल प्रदेश में नारा आबा नाम की श्वेत शराब कीवी फल से बनाई जाती है और इसका उत्पादन निचले सुबनसिरी ज़िले के हॉग गांव में लांबु-सुबु फूड एंड बेवरेजेस करता है,अ रु णा चल    प्रदेश    में    न ारा    आ बा    नाम    की    श्वे त    शराब    की वी    फल    से    बनाई    जाती    है    और    इसका    उत्पादन    निचले    सु बन सि री    ज़िले    के    हॉ ग    गांव    में    ला ंब ु - सु ब ु    फू ड    एंड    बे व रे जे स    करता    है ,128,53
419,नीचे की ओर जाने के लिए रिलीज़ बटन दबाकर ऊँचाई कम करें,नीचे    की    ओर    जाने    के    लिए    रिलीज़    बटन    दबा कर    ऊँचाई    कम    करें ,42,13
420,"विकास के बहुत प्रांभिक चरणों में चारा-फसलों में उच्च मात्रा में प्रोटीन तत्व होते हैं और प्रायः आसानी से पचने योग्य होती हैं, पर उनकी उपज (कुल आयतन या जैव भार) कम होता है","विकास    के    बहुत    प्रा ंभिक    चर णों    में    च ारा - फस लों    में    उच्च    मात्रा    में    प्रोटीन    तत्व    होते    हैं    और    प्राय ः    आसानी    से    प चने    योग्य    होती    हैं,    पर    उनकी    उप ज    ( कुल    आय तन    या    जै व    भार )    कम    होता    है ",137,47
421,"प्रयोगात्मक विचारों के लिए जुनून से लैस और आत्मविश्वास एवं दृढ़ निश्चय से भरपूर, उखरुल की जीनोरिन सामान्य उद्यमी नहीं हैं","प्र यो गा त्मक    वि चारों    के    लिए    जु नू न    से    लै स    और    आत्म विश्वास    एव ं    दृ ढ़    निश् च य    से    भर पू र,    उ ख रु ल    की    जी नो रि न    सामान्य    उद ्य मी    नहीं    हैं ",101,43
422,"मूलतः, इसमें जैवसंहति का उत्पादन शामिल है जिससे कि इसे ऊष्मीय परिवर्तन, रासायनिक परिवर्तन और जीवरासायनिक परिवर्तन जैसी विभिन्न विधियों से सुविधाजनक ऊर्जा-युक्त पदार्थों में परिवर्तित किया जा सके","मूल त ः ,    इसमें    जै व सं ह ति    का    उत्पादन    शामिल    है    जिससे    कि    इसे    ऊ ष्म ीय    परिवर्त न,    रा सा य निक    परिवर्तन    और    जीव रा सा य निक    परिवर्तन    जैसी    विभिन्न    विध ियों    से    सुविधा जनक    ऊ र् जा - युक्त    पदार्थों    में    परिवर्तित    किया    जा    सके ",166,52
423,भूवैज्ञानिक प्रक्रियाओं से बने कोयले और कच्चे तेल जैसे ईंधन के बजाए इनका उत्पादन जैविक प्रक्रियाओं से किया जाता है,भू वैज्ञानिक    प्र क्रिया ओं    से    बने    कोय ले    और    क च् चे    तेल    जैसे    ई ं धन    के    बजा ए    इन का    उत्पादन    जै विक    प्र क्रिया ओं    से    किया    जाता    है ,95,33
424,विकास और पर्यावरण संरक्षण की डी,विकास    और    पर्या वरण    संरक्षण    की    डी ,26,7
425,ई,ई ,1,1
426,ई,ई ,1,1
427,पी,पी ,2,1
428,आधुनिक चूल्हा सोसाइटी (डी,आधुनिक    चू ल् हा    सो साइ टी    ( डी ,22,9
429,ई,ई ,1,1
430,ई,ई ,1,1
431,पी,पी ,2,1
432,) ने आधुनिक डी,)    ने    आधुनिक    डी ,11,4
433,ई,ई ,1,1
434,ई,ई ,1,1
435,पी,पी ,2,1
436,चूल्हा विकसित किया है जिसमें लकड़ी की खपत को 50% से कम करने के लिए जैव ईंधन का उपयोग किया जाता है,चू ल् हा    विकसित    किया    है    जिसमें    लकड़ी    की    ख प त    को    50 %    से    कम    करने    के    लिए    जै व    ई ं धन    का    उपयोग    किया    जाता    है ,76,30
437,2020 तक 197 अधिसूचित देशज नस्लें राजपत्र अधिसूचना में शामिल की गईं,2020    तक    19 7    अधि सूचित    देश ज    न स् लें    राज पत्र    अधि सूचना    में    शामिल    की    गई ं ,55,20
438,एनबायोलेट ग्रीन सोल्यूशन फाउंडेशन (जी,एन बा यो लेट    ग्री न    सो ल्यू शन    फा उ ंडे शन    ( जी ,33,15
439,एस,ए स ,2,2
440,एफ,ए फ ,2,2
441,) ने उन गांवों और शहरों में झुग्गी झोंपड़ियों में स्वास्थ्यकर सफाई व्यवस्था के लिए जैविक-शौचालय बनाए हैं जहाँ पर मल व्यवस्था ठीक नहीं है,)    ने    उन    गां वों    और    शहरों    में    झु ग् गी    झ ो ंप ड़ियों    में    स्वास्थ ्य कर    स फा ई    व्यवस्था    के    लिए    जै विक - शौ चा लय    बनाए    हैं    जहाँ    पर    मल    व्यवस्था    ठीक    नहीं    है ,112,40
442,आई,आई ,2,1
443,सी,सी ,2,1
444,ए,ए ,1,1
445,आर,आ र ,2,2
446,का वर्ष 2024 तक आयात करने के बदले 30 संसाधित करने योग्य खेती और बागवानी फसलों को विकसित करने का लक्ष्य है,का    वर्ष    20 24    तक    आ यात    करने    के    बदले    30    सं सा धित    करने    योग्य    खेती    और    बा ग वा नी    फस लों    को    विकसित    करने    का    लक्ष्य    है ,84,30
447,1970 के दशक में ही विकिरण समस्थानिक की बढ़ती माँग का पूर्वानुमान लगाकर और नाभिकीय विज्ञान में अच्छी प्रगति से हो रहे शोध के कारण तुलनात्मक रूप से अधिक नयूट्रॉन अभिवाह वाले एक और रिएक्टर की आवश्यकता महसूस हुई जिसके परिणामस्वरूप बी,1970    के    दशक    में    ही    विकि रण    सम स्था निक    की    बढ़ती    माँ ग    का    पूर् वा नु मान    लगा कर    और    ना भि कीय    विज्ञान    में    अच्छी    प्र गति    से    हो    रहे    शोध    के    कारण    तुल नात्मक    रूप    से    अधिक    न यू ट्रॉ न    अभि वाह    वाले    एक    और    रि ए क्टर    की    आवश्यकता    महसूस    हुई    जिसके    परिणामस्वरूप    बी ,188,60
448,ए,ए ,1,1
449,आर,आ र ,2,2
450,सी,सी ,2,1
451,", ट्रॉम्बे में आर-5 रिएक्टर (बाद में जिसे ध्रुव रिएक्टर का नाम दिया गया) का निर्माण एवं उसे प्रवर्तन में लाना चालू हुआ",",    ट्रॉ म्बे    में    आर - 5    रि ए क्टर    ( बाद    में    जिसे    ध्र ु व    रि ए क्टर    का    नाम    दिया    ग या )    का    निर्माण    एव ं    उसे    प्र वर्त न    में    लाना    चा लू    हुआ ",96,39
452,एच,ए च ,2,2
453,एल,ए ल ,2,2
454,एल,ए ल ,2,2
455,डब्ल्यू,डब् ल ्य ू ,7,4
456,"में विखंडन उत्पाद, लघु ऐक्टिनाइड, यूरेनियम और प्लूटोनियम के अवशेष, संक्षारण उत्पाद, और पुनःसंसाधन करने के दौरान डाले गए रसायन होते हैं","में    वि खंड न    उत्पा द,    लघु    ऐ क् टि नाइ ड,    यू रे नियम    और    प् लू टो नियम    के    अव शे ष ,    सं क्ष ार ण    उत्पा द,    और    पुन ः सं साधन    करने    के    दौरान    डा ले    गए    र सा यन    होते    हैं ",113,47
457,एच,ए च ,2,2
458,एल,ए ल ,2,2
459,एल,ए ल ,2,2
460,डब्ल्यू,डब् ल ्य ू ,7,4
461,को निष्क्रिय कांच (विट्रियस) मैट्रिक्स में रेडियोधर्म को स्थिर करने के लिए रख कर वायुशीतित कक्ष में कुछ दशकों के लिए भंडारित किया जाता है और फिर उन्हें भूमिगत आधान में निपटान करने पर विचार किया जाता है,को    निष् क्र िय    का ंच    ( वि ट्र िय स )    मै ट्रि क्स    में    रे ड ियो धर्म    को    स्थिर    करने    के    लिए    रख    कर    वा यु शी तित    कक्ष    में    कुछ    दश कों    के    लिए    भ ंड ार ित    किया    जाता    है    और    फिर    उन्हें    भूमि गत    आ धान    में    नि प टा न    करने    पर    विचार    किया    जाता    है ,164,63
462,जर्सी गाय के दूध में 5 प्रतिशत वसा की मात्रा होती है जबकि हॉल्स्टीन-फ्रीज़ियन गाय के दूध में 3,जर् सी    गा य    के    दू ध    में    5    प्रतिशत    व सा    की    मात्रा    होती    है    जबकि    हॉ ल् स्टी न- फ्री ज़ ियन    गा य    के    दू ध    में    3 ,76,31
463,5 प्रतिशत वसा होती है,5    प्रतिशत    व सा    होती    है ,17,6
464,"मानव सुरक्षा मुख्य रूप से ग्राहकों, कर्मचारियों और प्रबंधन दल सहित सभी लोगों के स्वास्थ्य, स्वच्छता और वातावरण पर ध्यान केंद्रित करती है","मानव    सुरक्षा    मुख्य    रूप    से    ग्राह को ं,    कर्मचारियों    और    प्रबंधन    दल    सहित    सभी    लोगों    के    स्वास्थ ्य ,    स्व च्छ ता    और    वा ता वरण    पर    ध्यान    केंद्रित    करती    है ",114,31
465,हालांकि सीज़ियम की पुनःप्राप्ति एच,हालांकि    सी ज़ ियम    की    पुन ः प्रा प्ति    ए च ,30,11
466,एल,ए ल ,2,2
467,एल,ए ल ,2,2
468,"डब्ल्यू के द्वितीय चक्र में की जाती है, स्ट्रॉन्शियम -ऐक्टिनाइड-लैंथनाइड का संयुक्त पृथक्करण तृतीय चक्र में पुनःप्राप्त किया जाता है","डब् ल ्य ू    के    द्वितीय    चक् र    में    की    जाती    है,    स्ट्र ॉ न् श ियम    - ऐ क् टि नाइ ड - लै ं थ नाइ ड    का    संयुक्त    पृथ क् करण    तृ तीय    चक् र    में    पुन ः प्राप्त    किया    जाता    है ",113,45
469,"सूक्ष्म तरंग सुदूर संवेदन तकनीकों का प्रयोग हर प्रकार के मौसम में किया जा सकता है क्योंकि वायुमंडल कम आवृत्ति की इन सूक्ष्म तरंगों को रोकता नहीं है, और यह सूक्ष्म तरंगें बादलों से पार हो सकती हैं तथा सूक्ष्म तरंग के संवेदक चूंकि सूर्य के प्रकाश से प्रभावित नहीं होते, इसलिए यह दिन और रात के समय किए जाने वाले संचालनों के लिए उपयुक्त हैं","सू क्ष् म    तर ंग    सु दूर    सं वे दन    तकनी कों    का    प्रयोग    हर    प्रकार    के    मौसम    में    किया    जा    सकता    है    क्योंकि    वा यु मंडल    कम    आ वृत्ति    की    इन    सू क्ष् म    तर ंगों    को    रो कता    नहीं    है,    और    यह    सू क्ष् म    तर ंग ें    बा द लों    से    पार    हो    सकती    हैं    तथा    सू क्ष् म    तर ंग    के    सं वे दक    चू ंकि    सूर्य    के    प्रकाश    से    प्रभावित    नहीं    हो ते,    इसलिए    यह    दिन    और    रात    के    समय    किए    जाने    वाले    संचा ल नों    के    लिए    उप युक्त    हैं ",271,96
470,प्राकृतिक या संवर्धित यूरेनियम का प्रयोग आमतौर पर नाभिकीय विद्युत संयंत्रों में नाभिकीय विखंडन के लिए ईंधन के रूप में किया जाता है,प्राकृतिक    या    सं वर् धित    यू रे नियम    का    प्रयोग    आमतौर    पर    ना भि कीय    विद ्यु त    सं य ंत्र ों    में    ना भि कीय    वि खंड न    के    लिए    ई ं धन    के    रूप    में    किया    जाता    है ,108,40
471,इसके अलावा सोयाबीन में जल्दी परिपक्व होने की क्षमता प्रेरित की गई है,इसके    अलावा    सो या बी न    में    जल्दी    परि प क् व    होने    की    क्षमता    प्रेरित    की    गई    है ,56,19
472,जब एक बार में पूरी दीवार का निर्माण नहीं किया जा सकता तो ऐसी स्थिति में सीढ़ीनुमा दीवार खड़ी करना उपयोगी होता है,जब    एक    बार    में    पूरी    दी वार    का    निर्माण    नहीं    किया    जा    सकता    तो    ऐसी    स्थिति    में    सी ढ़ ी नु मा    दी वार    ख ड़ी    करना    उपयोगी    होता    है ,90,30
473,"इससे सभी संबंधित लोगों का जैविक खेती, मृदा एवं पर्यावरण को पुनःठीक करने, उसमें दोबारा प्राण भरने और दुरुस्त करने की तकनीकों सहित रसायन-मुक्त कृषि पर ध्यान केंद्रित हुआ है","इससे    सभी    संबंधित    लोगों    का    जै विक    खे ती,    मृ दा    एव ं    पर्या वरण    को    पुन ः ठीक    कर ने,    उसमें    दो बारा    प्रा ण    भर ने    और    दु रु स्त    करने    की    तकनी कों    सहित    र सा य न- मुक्त    कृषि    पर    ध्यान    केंद्रित    हुआ    है ",141,48
474,"दिन के समय का तापमान 24-27 डिग्री सेल्सियम रहना चाहिए एवं रात का 15 -17 डिग्री सेल्सियस रहना चाहिए, और 75 प्रतिशत की सापेक्ष आर्द्रता के साथ आदर्श तापमान 15-27 डिग्री सेल्सियस के बीच रहना चाहिए","दिन    के    समय    का    तापमान    2 4 - 27    डिग्री    सेल् स ियम    रहना    चाहिए    एव ं    रात    का    15    - 17    डिग्री    सेल्सियस    रहना    चाहि ए,    और    75    प्रतिशत    की    सा पे क्ष    आर् द्र ता    के    साथ    आ दर् श    तापमान    15 - 27    डिग्री    सेल्सियस    के    बीच    रहना    चाहिए ",158,52
475,"ऐसे विभिन्न कार्यक्रम अंतर्राष्ट्रीय व्यापार केंद्र द्वारा आयोजित किए जा रहे हैं जो छोटे व्यवसायों और उद्यमियों की आवश्यकताओं पर प्रकाश डालते हैं और उनकी प्रगति में सहायता प्रदान करते हैं, जैसे कि डिजिटल व्यापार: मेना क्षेत्र में युवकों के लिए अवसर, एस","ऐसे    विभिन्न    कार्यक्रम    अंतर्राष्ट्रीय    व्यापार    केंद्र    द्वारा    आयोजित    किए    जा    रहे    हैं    जो    छोटे    व्यवसा यों    और    उद ्य मियों    की    आवश्य क ताओं    पर    प्रकाश    डा लते    हैं    और    उनकी    प्र गति    में    सहायता    प्रदान    करते    हैं,    जैसे    कि    डिजिटल    व्यापार :    मे ना    क्षेत्र    में    यु व कों    के    लिए    अव सर ,    ए स ",210,57
476,डी,डी ,2,1
477,जी,जी ,2,1
478,"के लिए छोटे व्यवसाय - फोटो प्रदर्शनी, खेल के क्षेत्र में युवा उद्यमी और महिलाओं में निवेश","के    लिए    छोटे    व्यवसाय    -    फो टो    प्रदर्श नी,    खेल    के    क्षेत्र    में    युवा    उद ्य मी    और    महिलाओं    में    निवेश ",73,21
479,"इस पद्धति में विलायक, चुनिंदा निष्कर्षक के अवशेष, जलीय अपशिष्ट-युक्त कार्बनिक प्रवाह तीव्र आलोड़न प्रयोग करके अच्छी तरह मिलाए जाते हैं","इस    प द्ध ति    में    वि लाय क,    चु नि ंदा    निष् कर् षक    के    अव शे ष ,    जल ीय    अप शि ष्ट - युक्त    कार् ब निक    प्रवाह    तीव्र    आलो ड़ न    प्रयोग    करके    अच्छी    तरह    मिला ए    जाते    हैं ",114,42
480,सीज़ियम कांच भरे डिस्पेंसर को सीज़ियम भरी कांच की पेन्सिलें बनाने के लिए विशिष्ट रूप से प्रयुक्त पुन: पिघलाने की भट्ठी से अलग स्थान पर तैयार किया जाता है जिसके लिए प्रत्येक पेंसिल में सीज़ियम कांच पर विधिपूर्वक नियंत्रण रखा जाता है,सी ज़ ियम    का ंच    भ रे    डि स्पे ं सर    को    सी ज़ ियम    भरी    का ंच    की    पे न् सि लें    बनाने    के    लिए    विशिष्ट    रूप    से    प्र युक्त    पुन :    पि घ लाने    की    भ ट् ठी    से    अलग    स्थान    पर    तैयार    किया    जाता    है    जिसके    लिए    प्रत्येक    पें सिल    में    सी ज़ ियम    का ंच    पर    वि धि पूर्वक    नियंत्रण    रखा    जाता    है ,190,67
481,"इसके अतिरिक्त, निर्यात/आयात, कीमत नियतन एवं सार्वजनिक वितरण जैसी विपणन संबंधी रणनीतियों को तैयार करने के लिए भरोसेमंद और सामयिक रूप से किए अनुमान एवं मौसम के अनुसार विशिष्ट फसलों को उगाने का क्षेत्रफल तथा उत्पादन के अनुमान महत्वपूर्ण हैं","इसके    अतिरि क् त,    निर् या त / आ या त,    कीमत    निय तन    एव ं    सार्वजनिक    वितरण    जैसी    वि प णन    संबंधी    रण नी तियों    को    तैयार    करने    के    लिए    भ रो से मं द    और    साम यिक    रूप    से    किए    अनुमान    एव ं    मौसम    के    अनुसार    विशिष्ट    फस लों    को    उ गाने    का    क्षेत्र फल    तथा    उत्पादन    के    अनुमान    महत्वपूर्ण    हैं ",198,63
482,"कृषि के तहत ज़्यादा भूमि रख कर (क्षैतिज दृष्टिकोण) और बेहतर फसल प्रबंधन तकनीकों, जैसे कि उच्च-पैदावार निविष्टि-प्रतिक्रियाशील, ऊर्जा-गहन, तनाव-सहिष्णु विविधताएँ, बढ़ी हुई सिंचाई, समन्वित फसल पोषण और सुरक्षा, (कार्यक्षेत्र दृष्टिकोण) का प्रयोग करके, फसल उत्पादन को काफी हद तक बढ़ाया जा सकता है","कृषि    के    तहत    ज़्यादा    भूमि    रख    कर    ( क्ष ै ति ज    दृष्टि को ण )    और    बेहतर    फसल    प्रबंधन    तकनी को ं,    जैसे    कि    उच्च - पै दा वार    नि वि ष्टि - प्रति क्रिया शी ल,    ऊ र् जा - ग ह न,    त ना व - स हि ष् णु    विविध ता एँ,    बढ़ ी    हुई    सिं चा ई,    सम न् वित    फसल    पोषण    और    सु रक्ष ा,    ( कार्य क्षेत्र    दृष्टि को ण )    का    प्रयोग    कर के ,    फसल    उत्पादन    को    काफी    हद    तक    बढ़ा या    जा    सकता    है ",249,94
483,गियर बदलने वाला लीवर सामने की दोनों सीटों के बीच मध्य कंसोल पर लगा होता है,ग ियर    बदलने    वाला    ली वर    सामने    की    दोनों    सी टों    के    बीच    मध्य    कं सो ल    पर    लगा    होता    है ,59,21
484,लेकिन इस परिवर्तन का श्रेय केवल प्रौद्योगिकी को देना गलत होगा,लेकिन    इस    परिवर्तन    का    श्रेय    केवल    प्र ौ द्यो गि की    को    देना    गलत    होगा ,51,15
485,प्रत्येक राज्य में सुविधाओं की गुणवत्ता के लिए इन सभी मानदंडों के लिए संकेतों के संयोजन से एक गुणात्मक श्रेणीकरण तैयार किया गया,प्रत्येक    राज्य    में    सुविधा ओं    की    गुणवत्ता    के    लिए    इन    सभी    मान द ंडों    के    लिए    संके तों    के    संयोजन    से    एक    गु णा त्मक    श्रेण ी करण    तैयार    किया    गया ,105,31
486,"इन कैलिपर्स का प्रयोग लंबाई, बाह्य और अंदरूनी व्यास की गणना करने के लिए किया जाता है","इन    कैलि पर् स    का    प्रयोग    लं बा ई,    बा ह ्य    और    अ ंद रू नी    व्या स    की    गणना    करने    के    लिए    किया    जाता    है ",68,27
487,चिनाई के काम में प्रयोग में लाने से पहले ईंटों की मजबूती और टिकाऊपन के लिए जाँच की जानी चाहिए,चि नाई    के    काम    में    प्रयोग    में    लाने    से    पहले    ई ंट ों    की    मजबू ती    और    टि का ऊ पन    के    लिए    जाँच    की    जानी    चाहिए ,74,27
488,खरीफ धान के कम उत्पादन के कारण अनाज की कीमतों का दबाव गेहूं से चावल में भी फैल रहा है,खरी फ    धान    के    कम    उत्पादन    के    कारण    अना ज    की    की म तों    का    दबाव    गे हू ं    से    चावल    में    भी    फैल    रहा    है ,66,26
489,भारतीय सरकार और अन्य हितधारकों द्वारा की गई सक्रिय पहलों के कारण आयुर्वेद की पहुंच फैली है और साथ ही व्यापक रूप से उपभोक्ताओं ने इसे स्वीकार किया है,भारतीय    सरकार    और    अन्य    हि त धार कों    द्वारा    की    गई    सक्रिय    पह लों    के    कारण    आ यु र् वे द    की    पहुंच    फै ली    है    और    साथ    ही    व्यापक    रूप    से    उप भो क् ताओं    ने    इसे    स्वीकार    किया    है ,120,41
490,"इसके साथ, उपचारात्मक प्रयोगों के अलावा, विकिरण समस्थानिक को गैर-निक्षालनीय रूप में परिवर्तित किया जाना चाहिए जिससे इसके प्रयोग के दौरान अनभिप्रेत रेडियोऐक्टिविटी का उत्सर्जन न हो","इसके    साथ,    उप च ारात्मक    प्र यो गों    के    अलावा,    विकि रण    सम स्था निक    को    गैर- नि क्षा ल नीय    रूप    में    परिवर्तित    किया    जाना    चाहिए    जिससे    इसके    प्रयोग    के    दौरान    अन भि प्रे त    रे ड ियो ऐ क् टि वि टी    का    उत् सर् जन    न    हो ",152,50
491,रेडियोधर्मी समस्थानिक के उपयोग के लिए सर्वप्रथम उसे एच,रे ड ियो धर् मी    सम स्था निक    के    उपयोग    के    लिए    सर्व प्रथम    उसे    ए च ,46,17
492,एल,ए ल ,2,2
493,एल,ए ल ,2,2
494,डब्ल्यू से रेडियो रसायनतः शुद्ध रूप में अलग करना होगा,डब् ल ्य ू    से    रेडियो    र सा य न तः    शु द्ध    रूप    में    अलग    करना    होगा ,44,18
495,"क्रेडिट माँगपत्र में वांछित उत्पादों की जानकारी, संभावित विक्रेताओं के विवरण, प्रदायगी निर्देश, लेखा विवरण, संपर्क जानकारी, आदि शामिल हैं","क्रेडिट    माँ ग पत्र    में    वा ं छ ित    उत्पादों    की    जान कार ी,    संभावित    विक्रे ताओं    के    वि व रण ,    प्रदा य गी    निर्देश ,    लेख ा    वि व रण ,    संपर्क    जान कार ी,    आदि    शामिल    हैं ",118,40
496,इसमें इंटरनेट के माध्यम से माल और सेवाओं को बेचा जाता है,इसमें    इंटरनेट    के    माध्यम    से    माल    और    सेवाओं    को    बे चा    जाता    है ,45,13
497,"तदनुसार, दर्ज रिपोर्ट गुजरात में अधिकारियों को भेज दी गई थी","त द नु सार,    दर्ज    रिपोर्ट    गुजरात    में    अधिकारियों    को    भेज    दी    गई    थी ",49,14
498,"बाल विवाह प्रतिषेध अधिनियम,1978 के अनुसार विवाह करने के लिए कानूनी रूप से लड़कियों की उम्र 18 वर्ष और लड़कों की 21 वर्ष होनी चाहिए, लेकिन सामाजिक प्रथाएं अभी भी कम उम्र में विवाह करने के लिए प्रोत्साहित करती हैं","बाल    विवाह    प्रति ष े ध    अधि निय म , 197 8    के    अनुसार    विवाह    करने    के    लिए    कानूनी    रूप    से    लड़ कियों    की    उम्र    18    वर्ष    और    लड़ कों    की    21    वर्ष    होनी    चाहि ए,    लेकिन    सामाजिक    प्र था एं    अभी    भी    कम    उम्र    में    विवाह    करने    के    लिए    प्रोत्साहित    करती    हैं ",172,53
499,हालांकि बी,हालांकि    बी ,9,2
500,एस,ए स ,2,2
501,एन,ए न ,2,2
502,एल,ए ल ,2,2
503,"के पास सख्त नागरिक दायित्व लागू करने के लिए कोई संवैधानिक, नियामक, अथवा पुलिस शक्तियाँ नहीं हैं","के    पास    स ख् त    नागरिक    दा य ि त्व    लागू    करने    के    लिए    कोई    सं वै धा नि क,    निया म क,    अ थ वा    पुलिस    श क्त ियाँ    नहीं    हैं ",79,32
504,उपर्युक्त कारणों की वजह से हमारी यह सुविचारित राय है कि न्यायाधिकरण ने मेसर्स क्वॉलिटी आइस क्रीम और बी,उप र् युक्त    कारणों    की    वजह    से    हमारी    यह    सु वि चार ित    राय    है    कि    न्याया धि करण    ने    मे सर् स    क् वॉ लि टी    आ इस    क्री म    और    बी ,84,33
505,बी,बी ,2,1
506,एल,ए ल ,2,2
507,आई,आई ,2,1
508,एल,ए ल ,2,2
509,के संबंधित व्यक्ति न होने के निष्कर्ष पर पहुंचकर कोई त्रुटि नहीं की है,के    संबंधित    व्यक्ति    न    होने    के    निष् कर् ष    पर    पहुंच कर    कोई    त्र ु टि   नहीं    की    है ,57,19
510,इन दोनों के बीच लेन-देन मूलधन से मूलधन वाला था और माल की बिक्री के लिए केवल मूल्य ही विवेचन का विषय था,इन    दोनों    के    बीच    ले न- दे न    मूल धन    से    मूल धन    वाला    था    और    माल    की    बिक्री    के    लिए    केवल    मूल्य    ही    वि वे चन    का    विषय    था ,80,30
511,यह माना जाता है कि इसके बाद राज्य विधानसभा के चुनाव 11,यह    माना    जाता    है    कि    इसके    बाद    राज्य    विधानसभा    के    चुनाव    11 ,43,12
512,04,0 4 ,2,2
513,2019 में हुए और श्री वाई,2019    में    हुए    और    श्री    वाई ,19,6
514,जगमोहन रेड्डी मुख्य मंत्री बने एवं 30,जग मो हन    रे ड्डी    मुख्य    मंत्री    बने    एव ं    30 ,31,11
515,05,0 5 ,2,2
516,2019 को उन्होंने शपथ ग्रहण की,2019    को    उन्होंने    श पथ    ग्रहण    की ,24,7
517,रमेश कुमारी के मामले में (ऊपर) व्यक्त किया गया विचार लल्लन चौधरी एवं अन्य बनाम बिहार राज्य (ए,र मे श    कु मारी    के    मामले    में    ( ऊ पर )    व्यक्त    किया    गया    विचार    ल ल् लन    चौ ध री    एव ं    अन्य    बना म    बिहार    राज्य    ( ए ,76,31
518,आई,आई ,2,1
519,आर,आ र ,2,2
520,2006 एस,2006    ए स ,6,3
521,सी,सी ,2,1
522,3376) दोहराया गया था,3 3 7 6 )    दो हराया    गया    था ,17,9
523,इन शिकायतों के आधार पर बी,इन    शिका य तों    के    आधार    पर    बी ,20,8
524,एस,ए स ,2,2
525,एन,ए न ,2,2
526,एल,ए ल ,2,2
527,ने स्थानीय सी,ने    स्थानीय    सी ,11,3
528,एल,ए ल ,2,2
529,आई,आई ,2,1
530,"दूरभाष संख्या यानी, 0281-3041000 पर फोन कर के अपनी ओर से जांच-पड़ताल की","दूर भा ष    संख्या    या नी,    0 2 8 1- 3 0 4 10 00    पर    फोन    कर    के    अपनी    ओर    से    जा ंच - पड़ ताल    की ",59,28
531,उन्होंने अभी तक एफ,उन्होंने    अभी    तक    ए फ ,15,5
532,आई,आई ,2,1
533,आर,आ र ,2,2
534,दर्ज नहीं की है,दर्ज    नहीं    की    है ,12,4
535,अतिचारी के खिलाफ कार्यवाही करने के लिए कोई फर्क नहीं पड़ता कि मालिक प्रयोग और कब्जा करने के लिए हर्जाने की माँग करता है या नहीं,अति चारी    के    खिलाफ    कार्य वा ही    करने    के    लिए    कोई    फ र्क    नहीं    पड़ता    कि    मालिक    प्रयोग    और    कब्जा    करने    के    लिए    हर् जाने    की    माँ ग    करता    है    या    नहीं ,102,32
536,उसने बी,उसने    बी ,6,2
537,बी,बी ,2,1
538,एल,ए ल ,2,2
539,आई,आई ,2,1
540,एल,ए ल ,2,2
541,"के साथ एक समझौता किया जिसकी अवधि 21 मार्च, 1997 में समाप्त हो गई","के    साथ    एक    समझौ ता    किया    जिसकी    अवधि    21    मार् च,    1997    में    समाप्त    हो    गई ",51,16
542,"बाद में, मैसर्स एच","बाद    में,    मै सर् स    ए च ",15,7
543,एल,ए ल ,2,2
544,एल,ए ल ,2,2
545,"के साथ मार्च 22, 1997 से प्रभाव में आने वाला एक करारनामा किया गया","के    साथ    मार्च    2 2 ,    1997    से    प्रभाव    में    आने    वाला    एक    कर ार ना मा    किया    गया ",52,19
546,"दलील के मुताबिक, प्रस्तुत किए गए जवाबी हलफनामे को सरसरी तौर पर पढ़ने से भी दिख जाता है कि गुजरात राज्य के अधिकारियों का रवैया पक्षपातपूर्ण था","द ली ल    के    मु ता बि क,    प्रस्तुत    किए    गए    जवा बी    ह ल फ ना मे    को    सर स री    तौर    पर    पढ़ ने    से    भी    दि ख    जाता    है    कि    गुजरात    राज्य    के    अधिकारियों    का    र वै या    पक्ष पा त पूर्ण    था ",115,46
547,जी,जी ,2,1
548,पी,पी ,2,1
549,एल,ए ल ,2,2
550,को मुख्य रूप से किसी सॉफ्टवेयर को सार्वजनिक लाइसेंस देने के लिए बनाया गया है,को    मुख्य    रूप    से    किसी    सॉफ्टवेयर    को    सार्वजनिक    लाइसे ंस    देने    के    लिए    बनाया    गया    है ,62,16
551,उसने पूरे उत्पादन की बिक्री बी,उसने    पूरे    उत्पादन    की    बिक्री    बी ,25,6
552,बी,बी ,2,1
553,एल,ए ल ,2,2
554,आई,आई ,2,1
555,एल,ए ल ,2,2
556,"को करने के लिए समझौता किया, जिसमें बी","को    करने    के    लिए    समझौ ता    किया,    जिसमें    बी ",30,9
557,बी,बी ,2,1
558,एल,ए ल ,2,2
559,आई,आई ,2,1
560,एल,ए ल ,2,2
561,बाद में विपणन के लिए एच,बाद    में    वि प णन    के    लिए    ए च ,18,9
562,एल,ए ल ,2,2
563,एल,ए ल ,2,2
564,के साथ विलय हो गई,के    साथ    विलय    हो    गई ,13,5
565,"क्वालिटी आइस क्रीम (प्रतिवादी-निर्धारिती) एक ऐसी आइस क्रीम बनाने में लगा हुआ है जो केन्द्रीय उत्पाद शुल्क अधिनियम, 1985 (संक्षेप में, अधिनियम) की सूची के तहत आती है","क्वा लि टी    आ इस    क्री म    ( प्रति वा दी - निर् धार ि ती )    एक    ऐसी    आ इस    क्री म    बनाने    में    लगा    हुआ    है    जो    के न् द्र ीय    उत्पाद    शुल्क    अधि निय म,    198 5    ( सं क्षेप    में,    अधि निय म )    की    सूची    के    तहत    आती    है ",137,54
566,इस छोटे सत्र में महत्वपूर्ण माना जाने वाला प्रश्न था संघीय विधान मंडल का संयोजन,इस    छोटे    सत्र    में    महत्वपूर्ण    माना    जाने    वाला    प्र श्न    था    संघीय    विधान    मंडल    का    संयोजन ,65,16
567,"इसके अलावा, विद्वान वरिष्ठ अधिवक्ता ने निवेदन किया कि ऐसी किसी फोन लाइन से जिससे छेड़-छाड़ की गई (या जो छुपाई गई) हो, किसी फोन कॉल का पता लगाना या उसे निरुद्ध करना बी","इसके    अलावा,    विद् वान    वरि ष्ठ    अधि व क्ता    ने    निवे दन    किया    कि    ऐसी    किसी    फोन    लाइन    से    जिससे    छ े ड़ - छा ड़    की    गई    ( या    जो    छु पाई    गई )    हो,    किसी    फोन    कॉल    का    पता    लगा ना    या    उसे    नि रुद्ध    करना    बी ",133,49
568,एस,ए स ,2,2
569,एन,ए न ,2,2
570,एल,ए ल ,2,2
571,के लिए तकनीकी रूप से असंभव है,के    लिए    तकनी की    रूप    से    अ संभव    है ,23,9
572,"कि, किसी भी दिन एक-एक पी","कि,    किसी    भी    दिन    एक- एक    पी ",19,7
573,ओ,ओ ,1,1
574,आई,आई ,2,1
575,दसियों लाख मिनटों की कॉल संभालता है जो बी,द सियों    लाख    मिन टों    की    कॉल    संभा लता    है    जो    बी ,33,12
576,एस,ए स ,2,2
577,एन,ए न ,2,2
578,एल,ए ल ,2,2
579,को सौंपी जाती हैं और ऐसी परिस्थिति में वाणिज्यिक रूप से यह पता करना व्यवहार्य नहीं है कि कौन सी कॉल असली है और कौन सी कॉल बिना सी,को    सौ ंप ी    जाती    हैं    और    ऐसी    परि स्थिति    में    वाणिज ्य िक    रूप    से    यह    पता    करना    व्यव हा र्य    नहीं    है    कि    कौन    सी    कॉल    अस ली    है    और    कौन    सी    कॉल    बिना    सी ,101,37
580,एल,ए ल ,2,2
581,आई,आई ,2,1
582,के या छेड़-छाड़ किए गए सी,के    या    छ े ड़ - छा ड़    किए    गए    सी ,20,11
583,एल,ए ल ,2,2
584,आई,आई ,2,1
585,की है,की    है ,4,2
586,खंड 6,खंड    6 ,4,2
587,4,4 ,1,1
588,"6 की व्याख्या करते हुए, विद्वान वकील ने कहा कि उक्त खंड के लिए भारी हर्जाना है; उक्त खंड प्रचालक की ओर से हुई गलती होने पर कॉल के साथ हेरा-फेरी या कॉल को गलत तरीके से रूट किए जाने पर लागू होता है और यह किसी अन्य कारण होने पर लागू नहीं होता; एवं इस वर्तमान मामले में शिकायत किए गए कृत्य रिलायंस ने नहीं बल्कि किसी अनैतिक अभिदाता ने किए हैं, इसलिए खंड 6","6    की    व्या ख ्या    करते    हुए,    विद् वान    वकील    ने    कहा    कि    उ क्त    खंड    के    लिए    भारी    हर् जाना    है;    उ क्त    खंड    प्र चालक    की    ओर    से    हुई    गलती    होने    पर    कॉल    के    साथ    हे रा - फे री    या    कॉल    को    गलत    तरीके    से    रू ट    किए    जाने    पर    लागू    होता    है    और    यह    किसी    अन्य    कारण    होने    पर    लागू    नहीं    हो ता ;    एव ं    इस    वर्तमान    मामले    में    शिका यत    किए    गए    कृ त्य    रि लाय ंस    ने    नहीं    बल्कि    किसी    अन ै तिक    अभि दा ता    ने    किए    हैं,    इसलिए    खंड    6 ",276,99
589,4,4 ,1,1
590,6 लागू नहीं हो सकता,6    लागू    नहीं    हो    सकता ,15,5
591,कुछ फिरौती माँगने वाले सॉफ्टवेयर स्पैम मेल में ई-मेल संलग्नक के रूप में भेजे जाते हैं,कुछ    फि र ौ ती    माँ ग ने    वाले    सॉफ्टवेयर    स् पै म    मेल    में    ई- मेल    सं लग ् नक    के    रूप    में    भे जे    जाते    हैं ,70,28
592,यह इसलिए है क्योंकि संविदा अधिनियम एक संविदाकारी पक्ष (बी,यह    इसलिए    है    क्योंकि    सं वि दा    अधिनियम    एक    सं वि दा कारी    पक्ष    ( बी ,48,16
593,एस,ए स ,2,2
594,एन,ए न ,2,2
595,एल,ए ल ,2,2
596,) द्वारा दूसरे संविदाकारी पक्ष (रिलायंस) से अन्य कोई राशि प्राप्त करने का प्रावधान नहीं देता है,)    द्वारा    दूसरे    सं वि दा कारी    पक्ष    ( रि लाय ंस )    से    अन्य    कोई    राशि    प्राप्त    करने    का    प्रा व धान    नहीं    देता    है ,79,26
597,याची ने ऐसा दर्शाया है कि वे मुंबई पुलिस को उनकी जाँच में पूर्ण रूप से सहयोग दे रही हैं लेकिन उन्हें कोई आपत्ति नहीं होगी अगर सी,या ची    ने    ऐसा    दर्शा या    है    कि    वे    मुंबई    पुलिस    को    उनकी    जाँच    में    पूर्ण    रूप    से    सह योग    दे    रही    हैं    लेकिन    उन्हें    कोई    आप त् ति    नहीं    हो गी    अगर    सी ,101,34
598,बी,बी ,2,1
599,आई,आई ,2,1
600,इस जाँच को करती है,इस    जाँच    को    करती    है ,14,5
601,जी,जी ,2,1
602,एन,ए न ,2,2
603,यू,य ू ,2,2
604,जनरल पब्लिक लाइसेंस (जी,जनरल    प ब् लिक    लाइसे ंस    ( जी ,20,8
605,पी,पी ,2,1
606,एल,ए ल ,2,2
607,) और क्रिएटिव कॉमेन्स (सी,)    और    क्रि ए टिव    कॉ मे न्स    ( सी ,21,10
608,सी,सी ,2,1
609,) सार्वजनिक लाइसेंसों की दो प्रचलित श्रेणियाँ हैं,)    सार्वजनिक    लाइसे ं सों    की    दो    प्र चलित    श्रेण ियाँ    हैं ,42,12
610,मौजूदा मामले में एन,मौजूदा    मामले    में    ए न ,16,5
611,जी,जी ,2,1
612,टी,टी ,2,1
613,ने अपना न्याय अधिकार त्याग दिया है और एक प्रशासनिक विशेषज्ञ समिति को निर्दिष्ट न्यायिक कार्य सौंप दिए हैं,ने    अपना    न्या य    अधिकार    त्या ग    दिया    है    और    एक    प्रशासनिक    विशेषज्ञ   समिति    को    निर् दि ष्ट    न्या यिक    कार्य    सौ ं प    दिए    हैं ,87,26
614,प्रतिवादी ने बयान दिया कि प्रासंगिक कक्ष ऐसे इलाके में स्थित है जिसे 1971 अधिनियम के तहत झुग्गी झोपड़ी घोषित किया गया है और प्रथम याची द्वारा दायर किया गया मुकदमा अधिनियम की धारा 22(1)(a) में शामिल निषेध को मद्देनज़र रखते हुए योग्य अधिकारी की लिखित इजाजत के बगैर कानूनी प्रावधानों के खिलाफ था,प्रति वादी    ने    ब यान    दिया    कि    प्रा संग िक    कक्ष    ऐसे    इला के    में    स्थित    है    जिसे    1971    अधिनियम    के    तहत    झु ग् गी    झ ो प ड़ी    घोषित    किया    गया    है    और    प्रथम    या ची    द्वारा    दा यर    किया    गया    मुकद मा    अधिनियम    की    धारा    2 2 ( 1 ) ( a )    में    शामिल    नि ष े ध    को    म द् दे न ज़र    रखते    हुए    योग्य    अधिकारी    की    लिखित    इ जा ज त    के    ब गै र    कानूनी    प्रा व धा नों    के    खिलाफ    था ,239,89
615,"जैसा कि अखिल भारतीय आयुर्विज्ञान संस्थान में निर्णय लिया गया था और गंगाधर के मामले में दोहराया गया था, उपलब्ध उपचार ऊपर बताए अनुसार न्यायाधीश के सामने शिकायत के लिए एकदम तैयार है","जैसा    कि    अ खिल    भारतीय    आ यु र् विज्ञान    संस्थान    में    निर्णय    लिया    गया    था    और    ग ंगा धर    के    मामले    में    दो हराया    गया    था,    उपलब्ध    उपचार    ऊपर    बता ए    अनुसार    न्याया धी श    के    सामने    शिका यत    के    लिए    एक दम    तैयार    है ",146,45
616,"हालांकि हल्के से सुझाया गया था कि अखिल भारतीय आयुर्विज्ञान संस्थान में मामले, गंगाधर के मामले, हरी सिंह के मामले, मीनू कुमारी के मामले, और रमेश कुमारी के मामले में व्यक्त विचारों के बीच टकराव था, हमने पाया कि रमेश कुमारी का मामला पुलिस के सामने संज्ञेय अपराध लाए जाने पर उसके द्वारा की जाने वाली कार्यवाही से संबंधित था","हालांकि    हल् के    से    सुझा या    गया    था    कि    अ खिल    भारतीय    आ यु र् विज्ञान    संस्थान    में    माम ले,    ग ंगा धर    के    माम ले,    हरी    सिंह    के    माम ले,    मी न ू    कु मारी    के    माम ले,    और    र मे श    कु मारी    के    मामले    में    व्यक्त    वि चारों    के    बीच    ट करा व    था,    हम ने    पाया    कि    र मे श    कु मारी    का    माम ला    पुलिस    के    सामने    सं ज्ञ े य    अपरा ध    ला ए    जाने    पर    उसके    द्वारा    की    जाने    वाली    कार्य वा ही    से    संबंधित    था ",260,93
617,"गंगाधर का मामला, हरि सिंह का मामला, और मीनू कुमारी का मामला, अखिल भारतीय आयुर्विज्ञान संस्थान के इन सभी मामलों में वह रास्ता शामिल था जो लिया जा सकता था जब पुलिस धारा 154 के कानूनी दायित्व का पालन करने में असफल रहे","ग ंगा धर    का    माम ला,    हरि   सिंह    का    माम ला,    और    मी न ू    कु मारी    का    माम ला,    अ खिल    भारतीय    आ यु र् विज्ञान    संस्थान    के    इन    सभी    मामलों    में    वह    रास् ता    शामिल    था    जो    लिया    जा    सकता    था    जब    पुलिस    धारा    15 4    के    कानूनी    दा य ि त्व    का    पालन    करने    में    असफल    रहे ",172,60
618,लिहाजा निर्णय भारत संघ की विशेषज्ञ एजेंसियों पर छोड़ दिया गया,लि हा जा    निर्णय    भारत    संघ    की    विशेषज्ञ   एजे ंस ियों    पर    छोड़    दिया    गया ,51,15
619,प्रथम अपील न्यायालय ने मुद्दा संख्याओं 1 और 4 पर निचली अदालत के निष्कर्षों को पलट दिया और कहा कि प्रथम प्रतिवादी द्वारा दायर किए गए 4 मामलों पर योग्य अधिकारी की अनुमति लिए बगैर सुनवाई की जा सकती है क्योंकि वह एक अतिचारी थीं और अतिचारी द्वारा 1971 के अधिनियम के अनुसार शासित झुग्गी-झोंपड़ी के इलाके में कब्जा करने के मामले में योग्य अधिकारी की अनुमति की आवश्यकता नहीं होती है,प्रथम    अप ील    न्यायालय    ने    मुद् दा    संख ्या ओं    1    और    4    पर    नि चली    अदालत    के    निष् कर् षों    को    पल ट    दिया    और    कहा    कि    प्रथम    प्रति वादी    द्वारा    दा यर    किए    गए    4    मामलों    पर    योग्य    अधिकारी    की    अनुमति    लिए    ब गै र    सुन वाई    की    जा    सकती    है    क्योंकि    वह    एक    अति चारी    थीं    और    अति चारी    द्वारा    1971    के    अधिनियम    के    अनुसार    शासित    झु ग् गी - झ ो ंप ड़ी    के    इला के    में    कब्जा    करने    के    मामले    में    योग्य    अधिकारी    की    अनुमति    की    आवश्यकता    नहीं    होती    है ,303,95
620,"याची और मृतक साथ रहने वाले संबंध में थे लेकिन अभिनेता की मृत्यु से कुछ दिन पहले, 8","या ची    और    मृ तक    साथ    रहने    वाले    संबंध    में    थे    लेकिन    अभिनेता    की    मृत्यु    से    कुछ    दिन    पहले,    8 ",65,20
621,6,6 ,1,1
622,2020 को आवेदक मुंबई में अपने निवास में रहने चली गई थीं,2020    को    आवे दक    मुंबई    में    अपने    निवास    में    रहने    चली    गई    थीं ,43,13
623,"इन कार्यवाहियों का उद्देश्य था यह पता लगाना कि व्यक्ति की मृत्यु संदेहजनक परिस्थितियों में या अस्वाभाविक रूप से तो नहीं हुई, और अगर हुई है, तो उसकी मृत्यु का प्रत्यक्ष कारण क्या था","इन    कार्य वाह ियों    का    उद्देश्य    था    यह    पता    लगा ना    कि    व्यक्ति    की    मृत्यु    संदे ह जनक    परि स्थितियों    में    या    अ स्वा भा विक    रूप    से    तो    नहीं    हुई,    और    अगर    हुई    है,    तो    उसकी    मृत्यु    का    प्रत्यक्ष    कारण    क्या    था ",147,43
624,"मृतक पर हमला कैसे किया गया था, उस पर किसने हमला किया था या किस परिस्थिति में उस पर हमला किया गया था, इन सब वर्णनों से संबंधित प्रश्न, संहिता की धारा 174 के तहत कानूनी कार्यवाही के दायरे और विषय-क्षेत्र के बाहर हैं","मृ तक    पर    हमला    कैसे    किया    गया    था,    उस    पर    कि स ने    हमला    किया    था    या    किस    परि स्थिति    में    उस    पर    हमला    किया    गया    था,    इन    सब    वर्ण नों    से    संबंधित    प्र श् न,    सं हि ता    की    धारा    17 4    के    तहत    कानूनी    कार्य वा ही    के    दा य रे    और    विष य- क्षेत्र    के    बाहर    हैं ",170,60
625,"उप-खंड (3) के अनुसार, इस प्रकार का आवेदन प्राप्त करने पर, दोनों पक्षों को सुने जाने का अवसर दे कर और मामले की परिस्थितियों के संबंध में संक्षिप्त जांच-पड़ताल करने के बाद, योग्य अधिकारी लिखित आदेश में ऐसी अनुमति के लिए सहमति दे भी सकते हैं या अस्वीकार भी कर सकते हैं","उप- खंड    ( 3 )    के    अनुसार,    इस    प्रकार    का    आवे दन    प्राप्त    करने    पर,    दोनों    पक्ष ों    को    सु ने    जाने    का    अवसर    दे    कर    और    मामले    की    परि स्थितियों    के    संबंध    में    संक्षिप्त    जा ंच - पड़ ताल    करने    के    बाद,    योग्य    अधिकारी    लिखित    आदेश    में    ऐसी    अनुमति    के    लिए    सहम ति    दे    भी    सकते    हैं    या    अ स्वीकार    भी    कर    सकते    हैं ",214,65
626,"खंड 22 के उपखंड (2) के अनुसार, आवेदक को अनुमति पाने के लिए सक्षम प्राधिकारी को लिखित में एक आवेदन पत्र जमा करना होगा","खंड    22    के    उप खंड    ( 2 )    के    अनुसार,    आवे दक    को    अनुमति    पाने    के    लिए    सक्षम    प्रा धि कारी    को    लिखित    में    एक    आवे दन    पत्र    जमा    करना    होगा ",93,31
627,"व्यापार-चिह्न में दृश्य चिह्न, शब्द, नाम, रूप-रेखा, प्रचार-वाक्य, लेबल आदि शामिल होते हैं जो किसी ब्रांड या वाणिज्यिक उद्यम को अन्य ब्रांड या वाणिज्यिक उद्यमों से अलग पहचान देते हैं","व्यापार - चिह् न    में    दृश्य    चिह् न,    शब् द,    ना म,    रू प - रे खा ,    प्र चार - वा क्य ,    ले बल    आदि    शामिल    होते    हैं    जो    किसी    ब्रांड    या    वाणिज ्य िक    उद ्य म    को    अन्य    ब्रांड    या    वाणिज ्य िक    उद ्य मों    से    अलग    पहचान    देते    हैं ",152,55
628,"कथित संज्ञेय अपराध के किए जाने के बारे में जब भी पुलिस को कोई जानकारी मिलती है, तो एफ","कथित    सं ज्ञ े य    अपरा ध    के    किए    जाने    के    बारे    में    जब    भी    पुलिस    को    कोई    जानकारी    मिलती    है,    तो    ए फ ",67,24
629,आई,आई ,2,1
630,आऱ,आ ऱ,2,2
631,दर्ज करना उनका कर्तव्य होता है,दर्ज    करना    उनका    कर् त व्य    होता    है ,25,8
632,"ऐसी भूमि उपयोग नीतियाँ जो तटों पर निर्माण करने का निषेध करती हैं, समुदायों को ज्यादा आसानी से समुद्र स्तर में वृद्धि से निपटने में सहायक हो सकती हैं","ऐसी    भूमि    उपयोग    नी तियाँ    जो    त टों    पर    निर्माण    करने    का    नि ष े ध    करती    हैं,    समुदायों    को    ज्यादा    आसानी    से    समुद्र    स्तर    में    वृद्धि    से    नि पट ने    में    सहायक    हो    सकती    हैं ",120,36
633,जहाँ पर तटाभिमुख भूमि या खाड़ी के तट पर घर होते हैं वहाँ उनके मालिक अपनी संपत्ति को सुरक्षित रखने की कोशिश में तटबन्ध को सख्त करने जैसे उपायों का प्रयोग करते हैं,जहाँ    पर    त टा भि मुख    भूमि    या    खाड़ी    के    तट    पर    घर    होते    हैं    वहाँ    उनके    मालिक    अपनी    संपत्ति    को    सुरक्षित    रखने    की    कोशिश    में    तट ब न् ध    को    स ख् त    करने    जैसे    उपा यों    का    प्रयोग    करते    हैं ,129,42
634,"गाँव में प्लेग फैल गया, और मुझे आश्रम के बच्चों की सुरक्षा सुस्पष्ट रूप से खतरे में दिखी","गाँव    में    प्ले ग    फैल    गया,    और    मुझे    आश्र म    के    बच्चों    की    सुरक्षा    सु स्पष्ट    रूप    से    खतर े    में    दि खी ",71,23
635,मार्च और अप्रैल में मौसम के दौरान ग्रीष्म लहर/प्रचंड ग्रीष्म लहर की स्थितियाँ देखी गई थीं,मार्च    और    अप्रैल    में    मौसम    के    दौरान    ग्री ष् म    ल हर / प्र च ंड    ग्री ष् म    ल हर    की    स्थि तियाँ    देखी    गई    थीं ,74,27
636,मई के महीने में ग्रीष्म लहर की कोई प्रमुख स्थितियाँ नहीं देखी गईं,मई    के    महीने    में    ग्री ष् म    ल हर    की    कोई    प्रमुख    स्थि तियाँ    नहीं    देखी    गई ं ,53,18
637,"ऐसे बेहतरीन हैदराबादी कबाब और खुबानी का मीठा खाने के बाद, जैसे मैंने कभी नहीं खाया था, हम चाय के घूँट भरते हुए, उनकी फिल्मों और ज़िंदगी पर चर्चा करने के लिए विशाल, भारी गद्दीदार सोफा कुर्सियों पर आराम से बैठ गए","ऐसे    बेह तरी न    हैदरा बादी    क बा ब    और    खु बानी    का    मी ठा    खाने    के    बाद,    जैसे    मैंने    कभी    नहीं    खा या    था,    हम    चा य    के    घू ँ ट    भर ते    हुए,    उनकी    फिल्मों    और    ज़ि ंद गी    पर    चर्चा    करने    के    लिए    विशा ल,    भारी    ग द् दी दार    सो फा    कु र् सियों    पर    आ राम    से    बै ठ    गए ",169,65
638,"इन दिनों फात्मा बेगम काफी सालों सें अपनी ज़िंदगी आर्क लाइट से दूर जी रही हैं, इसलिए जब भारतीय सिनेमा की यह प्रथम महिला, जिसने कभी मीडिया साक्षात्कार नहीं दिया है, 3 मई 2013 को मुझसे बात-चीत करने के लिए राज़ी हुईं तो मैं फौरन धनराज महल में उनके किसी समय भव्य किंतु अब ढहते हुए निवास की ओर चल पड़ा, जहाँ वे अपनी बेटी ज़ुबैदा के साथ रहती हैं","इन    दिनों    फा त् मा    बे गम    काफी    सा लों    स ें    अपनी    ज़ि ंद गी    आर् क    लाइ ट    से    दूर    जी    रही    हैं,    इसलिए    जब    भारतीय    सिनेमा    की    यह    प्रथम    महिला ,    जिसने    कभी    मीडिया    सा क्षा त्कार    नहीं    दिया    है,    3    मई    2013    को    मुझ से    बा त- चीत    करने    के    लिए    राज ़ ी    हुई ं    तो    मैं    फ ौ रन    ध न राज    महल    में    उनके    किसी    समय    भव ्य    किं तु    अब    ढ ह ते    हुए    निवास    की    ओर    चल    पड़ ा,    जहाँ    वे    अपनी    बेटी    ज़ ु बै दा    के    साथ    रहती    हैं ",269,100
639,आने वाले दिनों में वायरस के और भी भीषण प्रकारों की अपेक्षा की जा रही है,आने    वाले    दिनों    में    वायरस    के    और    भी    भी षण    प्र कारों    की    अपे क्षा    की    जा    रही    है ,56,19
640,लगभग 47 लाख तथा 42 लाख मौतों के साथ सबसे ज़्यादा प्रभाव एशिया और अफ्रीका में हो सकता है,लगभग    4 7    लाख    तथा    4 2    लाख    मौ तों    के    साथ    सबसे    ज़्यादा    प्रभाव    एशिया    और    अफ्रीका    में    हो    सकता    है ,69,22
641,"यहाँ मैंने अब्दुल गनी शेठ को अपना इंतज़ार करते पाया, और उन्होंने मेरा सौहार्दपूर्ण अभिवादन किया","यहाँ    मैंने    अ ब् दु ल    ग नी    शे ठ    को    अपना    इंत ज़ार    करते    पा या,    और    उन्होंने    मेरा    सौ हार् द पूर्ण    अभि वा दन    किया ",80,28
642,इसलिए मैंने गाड़ी-चालक से मुहम्मद कासम कमरुद्दीन की दुकान चलने को कहा,इसलिए    मैंने    गा ड़ ी- चालक    से    मुहम्मद    का सम    कम रु द्दीन    की    दुकान    चलने    को    कहा ,58,18
643,"मैं देख रहा था कि भारतीयों, चीनियों, और दूसरे लोगों को सुरक्षा देने के बजाय, ये अधिकारी उन्हें परेशान करने में लगे रहते थे","मैं    देख    रहा    था    कि    भारती यो ं,    ची निय ों,    और    दूसरे    लोगों    को    सुरक्षा    देने    के    बजा य,    ये    अधिकारी    उन्हें    परेशान    करने    में    लगे    रहते    थे ",99,29
644,पूछताछ के दौरान उससे ज़बर्दस्ती अन्य षड्यंत्रकारियों के नाम उगलवाने की कोशिशें की गईं,पूछ ता छ    के    दौरान    उससे    ज़ बर् द स्ती    अन्य    ष ड ्य ंत्र कारियों    के    नाम    उ गल वा ने    की    कोशि श ें    की    गई ं ,72,29
645,संचार माध्यम सबसे ताकतवर औजार हैं जो संसद को उसके लोगों से जोड़ता है,संचार    माध्यम    सबसे    ता क त वर    औ जार    हैं    जो    संसद    को    उसके    लोगों    से    जोड़ ता    है ,55,19
646,"राजकोट पहँचने पर, अगली सुबह मैं चिकित्सा अधिकारी के सामने पहुँचा","राज को ट    पह ँ चने    पर,    अगली    सुबह    मैं    चिकित्सा    अधिकारी    के    सामने    पहुँ चा ",54,16
647,हमारा देश अपने भूतपूर्व सैनिकों के प्रति बहुत कृतज्ञ है,हम ारा    देश    अपने    भू त पूर्व    सैनिकों    के    प्रति    बहुत    कृ त ज्ञ   है ,46,15
648,प्रारंभिक प्रतिक्रिया काफी अच्छी रही है,प्रारंभिक    प्रतिक्रिया    काफी    अच्छी    रही    है ,34,6
649,महिलाओं के अधिकार वास्तव में मानवाधिकार हैं,महिलाओं    के    अधिकार    वास्तव    में    मान वा धि कार    हैं ,37,10
650,"भारतीय सिनेमा की शतवार्षिकी एक ऐसा मील का पत्थर है जिसकी अनदेखी नहीं की जा सकती है, इसलिए यह काफी हद तक लाज़िमी था कि इस अंक का मुख्य विषय इससे संबंधित होगा","भारतीय    सिनेमा    की    श त वार्ष ि की    एक    ऐसा    मील    का    पत्थर    है    जिसकी    अन देखी    नहीं    की    जा    सकती    है,    इसलिए    यह    काफी    हद    तक    ला ज़ि मी    था    कि    इस    अंक    का    मुख्य    विषय    इससे    संबंधित    होगा ",124,40
651,इस चरण के दौरान प्रभावशाली नीति प्रस्तावों ने लाभदायक परिणाम देना शुरू कर दिया,इस    चरण    के    दौरान    प्रभाव शाली    नीति    प्रस्ता वों    ने    ला भ दा यक    परिणाम    देना    शुरू    कर    दिया ,65,19
652,"स्वच्छ भारत अभियान (सफाई और पर्यावरणीय प्रदूषण के प्रति सार्वजनिक जागरूकता जागृत करना, खुले में शौच को समाप्त करना, और ठोस अपशिष्ट प्रबंधन को सुधारना) तथा नमामि गंगे (गंगा नदी में बड़ी सीमा तक प्रदूषण घटाना, उसे संरक्षित करना, और पुनर्जीवित करना) कुछ ऐसी सरकारी पहलें हैं जिनका यहाँ उल्लेख करना ज़रूरी है","स्व च्छ    भारत    अभियान    ( स फा ई    और    पर्या व रण ीय    प्र दू षण    के    प्रति    सार्वजनिक    जाग रू कता    जाग ृत    कर ना,    खु ले    में    शौ च    को    समाप्त    कर ना,    और    ठ ो स    अप शि ष्ट    प्रबंधन    को    सु धार ना )    तथा    न मा मि   ग ंगे    ( गंगा    नदी    में    बड़ी    सीमा    तक    प्र दू षण    घ टा ना,    उसे    संरक्षित    कर ना,    और    पुनर् जीवित    कर ना )    कुछ    ऐसी    सरकारी    पह लें    हैं    जिनका    यहाँ    उल्लेख    करना    ज़रू री    है ",252,90
653,"2014 से पहले, 77 पासपोर्ट सेवा केंद्रों (पी","2014    से    पहले,    7 7    पा स पोर्ट    सेवा    केंद्र ों    ( पी ",36,13
654,एस,ए स ,2,2
655,के,के ,2,1
656,) में काम होता था,)    में    काम    होता    था ,13,5
657,ऑनलाइन आवेदन करने की अंतिम तारीख 31,ऑनलाइन    आवे दन    करने    की    अंतिम    तारीख    31 ,29,8
658,01,0 1 ,2,2
659,2020 थी,2020    थी ,6,2
660,इस अवसर पर समिति द्वाारा 12 अगस्त 2022 को एक रक्तदान शिविर का भी आयोजन किया गया था,इस    अवसर    पर    समिति    द् वा ारा    12    अगस्त    2022    को    एक    रक्त दान    शिवि र    का    भी    आयोजन    किया    गया    था ,65,22
661,कार्यक्रम समिति के कर्मचारियों द्वारा आयोजित एक सांस्कृतिक समारोह के साथ संपन्न हुआ जिसका नाम था 'विभाजन और स्वतंत्रता: साहित्य और सिनेमा में प्रतिबिंब',कार्यक्रम    समिति    के    कर्मचारियों    द्वारा    आयोजित    एक    सांस्कृतिक    समारोह    के    साथ    सं पन्न    हुआ    जिसका    नाम    था    ' विभाजन    और    स्वतंत्र ता :    साहित्य    और    सिनेमा    में    प्रति बि ंब ' ,129,31
662,"समिति के कर्मचारी वर्ग, परिषद् के सदस्यों, और अन्य सदस्यों तथा शुभेच्छुओं ने कार्यक्रम आयोजित करने के साथ-साथ पूरे दिन उपस्थित रहे आने तक, दोनों ही में सक्रियतापूर्वक भाग लिया","समिति    के    कर्मचारी    वर् ग,    परिष द्   के    सदस् यो ं,    और    अन्य    सदस्यों    तथा    शु भे च्छ ुओं    ने    कार्यक्रम    आयोजित    करने    के    साथ-साथ    पूरे    दिन    उप स्थित    रहे    आने    तक,    दोनों    ही    में    सक्र िय ता पूर्वक    भाग    लिया ",146,41
663,पूरे भारत से कुल मिला कर 41 प्रतिभागियों ने इस पाठ्यक्रम में हिस्सा लिया,पूरे    भारत    से    कुल    मिला    कर    4 1    प्रति भाग ियों    ने    इस    पाठ ्य क्रम    में    हिस्सा    लिया ,59,19
664,देश ने कोविड-19 और यूक्रेन से संघर्ष का सामना किया है,देश    ने    को वि ड - 19    और    यू क्रे न    से    संघर्ष    का    सामना    किया    है ,43,17
665,महात्मा गाँधी के सत्याग्रह के आदर्शों ने हर भारतीय के मन में एक अदम्य आत्मविश्वास और बहुत सारे लोगों की बेहतरी के लिए अपने बलिदान की भावना बैठा दी थी,महा त् मा    गाँ धी    के    सत ्या ग्रह    के    आ दर्श ों    ने    हर    भारतीय    के    मन    में    एक    अ द म ्य    आत्म विश्वास    और    बहुत    सारे    लोगों    की    बेह त री    के    लिए    अपने    ब लि दान    की    भावना    बै ठा    दी    थी ,120,46
666,पर्यटन 2020 स्वप्न विश्व पर्यटन संस्था के नई सहस्राब्दी के पहले 20 सालों तक के पर्यटन के विकास का दीर्घकालिक पूर्वानुमान और मूल्यांकन है,पर्यटन    2020    स्व प् न    विश्व    पर्यटन    सं स्था    के    नई    सह स्रा ब् दी    के    पहले    20    सा लों    तक    के    पर्यटन    के    विकास    का    दीर्घ कालिक    पूर् वा नु मान    और    मूल्यांकन    है ,113,35
667,विभिन्न सरकारी एजेंसियों ने बताया कि बंजर भूमि के अंतर्गत आने वाले क्षेत्र में 38 लाख हेक्टेयर से ले कर 175 लाख हेक्टेयर तक का अंतर है,विभिन्न    सरकारी    एजे ंस ियों    ने    बताया    कि    बं जर    भूमि    के    अंतर् गत    आने    वाले    क्षेत्र    में    3 8    लाख    हे क् टे यर    से    ले    कर    17 5    लाख    हे क् टे यर    तक    का    अंतर    है ,108,39
668,'आज़ादी का अमृत महोत्सव' के कार्यक्रम के अनुपालन सहित हम कई महत्वपूर्ण व्याख्यान भी आयोजित करने जा रहे हैं,' आ ज़ा दी    का    अ मृ त    महो त् सव '    के    कार्यक्रम    के    अनु पालन    सहित    हम    कई    महत्वपूर्ण    व्या ख ्यान    भी    आयोजित    करने    जा    रहे    हैं ,88,30
669,प्रोफेसर सुदीप्त सेन ने 2021 के लिए सर विलियम जोन्स मेमोरियल मेडल प्राप्त किया और 22,प्रोफे सर    सु दी प्त    सेन    ने    2021    के    लिए    सर    विलिय म    जो न्स    मे मो रिय ल    मे डल    प्राप्त    किया    और    22 ,69,25
670,07,0 7 ,2,2
671,2022 को विलियम जोन्स और अठारहवीं सदी के अंत में विधि अनुसार शासन पर एक संक्षिप्त व्याख्यान दिया,2022    को    विलिय म    जो न्स    और    अ ठ ार ह वीं    सदी    के    अंत    में    विधि    अनुसार    शासन    पर    एक    संक्षिप्त    व्या ख ्यान    दिया ,78,26
672,"हर रोज़ मुझे इस तरह की शिकायतें मिला करती थीं: 'सही लोगों को नहीं लिया जाता है, जबकि ऐसे लोग जिनका कोई हक नहीं बनता है, उन्हें 100 देने पर चोरी-छिपे अंदर ले आया जाता है","हर    रो ज़    मुझे    इस    तरह    की    शिका य तें    मिला    करती    थी ं :    ' सही    लोगों    को    नहीं    लिया    जाता    है,    जबकि    ऐसे    लोग    जिनका    कोई    ह क    नहीं    बनता    है,    उन्हें    100    देने    पर    चो री - छि पे    अंदर    ले    आया    जाता    है ",133,47
673,',' ,1,1
674,कोणार्क के सूर्य मंदिर में पड़ी लोहे की शहतीरें और भी बड़ी हैं,को णा र्क    के    सूर्य    मंदिर    में    प ड़ी    लो हे    की    शह ती र ें    और    भी    बड़ी    हैं ,50,20
675,अपरिग्रह का जैन सिद्धांत समाज में संपत्ति और संसाधनों के ज़्यादा न्यायसंगत वितरण की ओर ले जा सकता है,अप रि ग्रह    का    जैन    सिद्धा ंत    समाज    में    संपत्ति    और    सं साध नों    के    ज़्यादा    न्या य सं गत    वितरण    की    ओर    ले    जा    सकता    है ,82,27
676,"उसी प्रकार, दो विशेष रूप से दुष्ट मानव, ग्रेम्मा और बेंडवा का उल्लेख क्रमशः अध्याय 32","उसी    प्र कार,    दो    विशेष    रूप    से    दु ष्ट    मान व,    ग्रे म् मा    और    बे ंड वा    का    उल्लेख    क्रम श ः    अ ध्या य    3 2 ",70,28
677,"12, 32","12 ,    3 2 ",5,4
678,"13, 32","13 ,    3 2 ",5,4
679,14 और 49,14    और    4 9 ,6,4
680,"1, 49","1 ,    4 9 ",4,4
681,2 में किया गया है,2    में    किया    गया    है ,13,5
682,"इसका लक्ष्य न तो शून्यवाद है, क्योंकि ऐसा स्थायी कुछ भी नहीं है जिसे जड़ से मिटाया जा सके, न ही अनंतवाद है, क्योंकि कहीं कोई स्थायी आत्मा नहीं है जिसे चिरायु बनाया जा सके","इसका    लक्ष्य    न    तो    शू न्य वाद    है,    क्योंकि    ऐसा    स्थायी    कुछ    भी    नहीं    है    जिसे    ज ड़    से    मि टा या    जा    सक े,    न    ही    अन ं त वाद    है,    क्योंकि    कहीं    कोई    स्थायी    आत् मा    नहीं    है    जिसे    चि राय ु    बनाया    जा    सके ",136,47
683,विदा के इस पल में दो प्रिय लोगों के लिए उसे बहुत सहानुभूति थी,वि दा    के    इस    पल    में    दो    प्र िय    लोगों    के    लिए    उसे    बहुत    सहा नु भू ति    थी ,48,19
684,वह माँ और बच्चे के आराम तथा सांसारिक सुख के प्रति चिंतित नहीं था क्योंकि उनके पास हर चीज़ प्रचुरता में थी और वे अच्छी तरह से सुरक्षित थे,वह    माँ    और    बच्चे    के    आ राम    तथा    सां सार िक    सु ख    के    प्रति    चिं तित    नहीं    था    क्योंकि    उनके    पास    हर    ची ज़    प्र चु रता    में    थी    और    वे    अच्छी    तरह    से    सुरक्षित    थे ,108,37
685,उसी समय मुझे पता चला कि एक जाने-माने हिंदू का ईसाई धर्म में परिवर्तन किया गया था,उसी    समय    मुझे    पता    चला    कि    एक    जा ने- माने    हिंदू    का    ईसाई    धर्म    में    परिवर्तन    किया    गया    था ,64,19
686,"आगे दिए गए पद्यों में हमें बताया जाता है कि ईश्वर ने ज़रथुष्ट्र को मानव जाति को सत्य के मार्ग के बारे में और सत्य के साथ कैसे जीना है, यह बताने के लिए शिक्षक के रूप में नियुक्त किया है","आगे    दिए    गए    पद ्यों    में    हमें    बताया    जाता    है    कि    ई श्वर    ने    ज़ र थु ष्ट्र    को    मानव    जा ति    को    स त्य    के    मार्ग    के    बारे    में    और    स त्य    के    साथ    कैसे    जी ना    है,    यह    बता ने    के    लिए    शिक्षक    के    रूप    में    नियुक्त    किया    है ",144,51
687,तीनों लोकों में सामरिक अथवा आध्यात्मिक ओज में उसकी बराबरी करने वाला न कोई हुआ है और न कभी होगा,ती नों    लो कों    में    साम रिक    अ थ वा    आध्यात्मिक    ओ ज    में    उसकी    बराबरी    करने    वाला    न    कोई    हुआ    है    और    न    कभी    होगा ,75,26
688,ऐसे लोगों को सभी सुविधाएं उपलब्ध कराई जाती थीं जिनका आध्यात्मिक झुकाव होता है जिससे वे अपने स्वभाव के अनुसार एकांत में साधु जीवन यापन करते थे और इनमें से अधिकतर गुरुओं के अनेकों अनुयायी होते थे,ऐसे    लोगों    को    सभी    सुविधा एं    उपलब्ध    करा ई    जाती    थीं    जिनका    आध्यात्मिक    झु का व    होता    है    जिससे    वे    अपने    स्व भाव    के    अनुसार    एका ंत    में    सा धु    जीवन    या पन    करते    थे    और    इनमें    से    अधिकतर    गुरु ओं    के    अन े कों    अनु या यी    होते    थे ,157,50
689,अतः तपस्वी गौतम के लिए ऐसा अन्य धार्मिक गुरु ढूँढना कठिन नहीं था जो पहले वाले से अधिक सक्षम हो,अ तः    त प स्वी    गौ तम    के    लिए    ऐसा    अन्य    धार्मिक    गुरु    ढू ँ ढ ना    कठिन    नहीं    था    जो    पहले    वाले    से    अधिक    सक्षम    हो ,75,27
690,गृहस्थ लोगों के लिए आंशिक रूप से इनके पालन के साथ ही सात अतिरिक्त वचनों का पालन करना निर्धारित है,ग ृह स्थ    लोगों    के    लिए    आं शिक    रूप    से    इन के    पालन    के    साथ    ही    सात    अतिरिक्त    व च नों    का    पालन    करना    निर्धारित    है ,78,26
691,"उसी तरह से, द्वितीय श्रेणित्र, आर्यम्ना, अथवा मित्र, पर वे लोग हमला करते हैं जो उसकी बदनामी करते हैं; ऐसे लोगों को उससे दूर रखा जाना चाहिए","उसी    तरह    से,    द्वितीय    श्रे णि त्र ,    आर् य म् ना,    अ थ वा    मि त्र ,    पर    वे    लोग    हमला    करते    हैं    जो    उसकी    बद ना मी    करते    हैं;    ऐसे    लोगों    को    उससे    दूर    रखा    जाना    चाहिए ",112,39
692,दिव्य वचन के ज़रिए ईश्वर की महिमा के बारे में गाने से पश्चात्तापी पापी भी मुक्ति पा सकता है और इससे कर्म का सिद्धांत से उसे संचालित नहीं करता है,दिव ्य    व चन    के    ज़ रि ए    ई श्वर    की    महि मा    के    बारे    में    गाने    से    पश् चा त् ता पी    पा पी    भी    मु क्ति    पा    सकता    है    और    इससे    कर् म    का    सिद्धा ंत    से    उसे    संचालित    नहीं    करता    है ,115,44
693,"सबसे शीर्ष पर है ज्वाएतु, जो स्वतःपर्याप्त है और अब उन्हें धार्मिक निर्देश देने की आवश्यकता नहीं है; ऐर्यम्न, या मित्र जो लोगों के साथ मित्रता करते हैं और उन्हें पथभ्रष्ठ होने से रोकते हैं; और हैं वेरेज़ाना, या कर्मी जो सक्रिय कार्यकर्ता हैं और ज़मीनी स्तर पर धर्म का प्रचार करते हैं","सबसे    शीर्ष    पर    है    ज् वा ए तु ,    जो    स्व त ः पर्याप्त    है    और    अब    उन्हें    धार्मिक    निर् देश    देने    की    आवश्यकता    नहीं    है;    ऐ र् य म् न,    या    मि त्र    जो    लोगों    के    साथ    मि त्र ता    करते    हैं    और    उन्हें    प थ भ्र ष्ठ    होने    से    रोक ते    हैं;    और    हैं    वे रे ज़ा ना,    या    कर् मी    जो    सक्रिय    कार्य कर्ता    हैं    और    ज़ मी नी    स्तर    पर    धर्म    का    प्रचार    करते    हैं ",231,79
694,बुद्ध आग के उदाहरण का उल्लेख करते हैं और आगे कहते हैं कि प्रश्न गलत रूप से रखा गया है,बु द्ध    आग    के    उदाहरण    का    उल्लेख    करते    हैं    और    आगे    कहते    हैं    कि    प्र श्न    गलत    रूप    से    रखा    गया    है ,66,22
695,बुद्ध कहते हैं कि यह कहना सही नहीं है कि मृत्यु के बाद अरहंत का अस्तित्व रहता है या नहीं,बु द्ध    कहते    हैं    कि    यह    कहना    सही    नहीं    है    कि    मृत्यु    के    बाद    अ रह ंत    का    अस्तित्व    रहता    है    या    नहीं ,69,23
696,"अपनी अंतिम सांस तक, उन्होंने मिसाल कायम करके एवं उपदेश देकर मानवता की सेवा की","अपनी    अंतिम    सा ंस    तक,    उन्होंने    मि साल    का यम    करके    एव ं    उप देश    दे कर    मान व ता    की    सेवा    की ",63,23
697,"इस व्रत में, गृहस्थ के अपने कानून विवाहित जीवनसाथी के अलावा अन्य किसी के भी साथ रत्यात्मक संबंध नहीं होने चाहिए","इस    व्र त    में,    ग ृह स्थ    के    अपने    कानून    विवाहित    जी वन साथी    के    अलावा    अन्य    किसी    के    भी    साथ    र त्या त्मक    संबंध    नहीं    होने    चाहिए ",91,28
698,"सभी छः लोगों ने स्वर्ग के लिए एक साथ चलना शुरू किया लेकिन मार्ग में युधिष्ठिर के अलावा बाकी सबकी मृत्यु हो गई और युधिष्ठिर के साथ केवल एक छोटा कुत्ता स्वर्ग के द्वार पर पहुंच सका, जो कि धर्म देव का अवतार था","सभी    छ ः    लोगों    ने    स् वर्ग    के    लिए    एक    साथ    चल ना    शुरू    किया    लेकिन    मार्ग    में    यु धि ष् ठि र    के    अलावा    बाकी    सब की    मृत्यु    हो    गई    और    यु धि ष् ठि र    के    साथ    केवल    एक    छोटा    कु त्ता    स् वर्ग    के    द्वार    पर    पहुंच    स का,    जो    कि    धर्म    देव    का    अव तार    था ",163,60
699,"सिक्ख धर्म के आदर्शवादी दृष्टिकोण के अनुसार यह अमीर, गरीब, उच्च या नीच, जाति, धार्मिक मत, वर्ण, वर्ग, लिंग, धर्म, अथवा राष्ट्रीयता पर ध्यान दिए बिना हर मनुष्य में एक समान दिव्य प्रकाश देखता है","सिक् ख    धर्म    के    आ दर्श वादी    दृष्टिकोण    के    अनुसार    यह    अ मी र,    गरी ब,    उच्च    या    नी च,    जा ति,    धार्मिक    म त,    वर्ण ,    वर् ग,    लि ंग,    धर् म,    अ थ वा    राष्ट्र ी यता    पर    ध्यान    दिए    बिना    हर    मनुष ्य    में    एक    समान    दिव ्य    प्रकाश    देख ता    है ",158,55
700,इसलिए सिख मदिरों के गुरुद्वारा (गुरु का घर) कहलाने वाले दरवाज़े बिना किसी पूर्वाग्रह या सामाजिक भेद-भाव के दुनिया में सभी के लिए खुले हैं,इसलिए    सिख    म दि रों    के    गुरु द्वारा    ( गुरु    का    घ र)    कह लाने    वाले    दर वा ज़ े    बिना    किसी    पूर् वा ग्रह    या    सामाजिक    भे द- भाव    के    दुनिया    में    सभी    के    लिए    खु ले    हैं ,113,39
701,यह भविष्य का उद्धारक भी है,यह    भविष्य    का    उद् धार क    भी    है ,21,8
702,"शायद गाथाओं के सबसे महत्वपूर्ण पद्य, अध्याय 45, पद्य 8 में पैगंबर जरथुस्त्र ने अंततः सर्वशक्तिमान ईश्वर को अपने मन की आंखों से महसूस किया, जिसके बाद अच्छे विचार, अच्छे शब्द और अच्छे कर्म का पवित्र त्रित्व स्थापित किया जो सच्चाई का मार्ग था जिसका मानव जाति को पालन करना चाहिए","शायद    गा था ओं    के    सबसे    महत्वपूर्ण    प द्य ,    अ ध्या य    4 5 ,    प द्य    8    में    पै ग ंबर    ज र थु स् त्र    ने    अंततः    सर्वश क् ति मान    ई श्वर    को    अपने    मन    की    आ ंख ों    से    महसूस    किया,    जिसके    बाद    अच्छे    वि चार ,    अच्छे    शब्द    और    अच्छे    कर् म    का    पवित्र    त्रि त्व    स्थापित    किया    जो    स च् चाई    का    मार्ग    था    जिसका    मानव    जा ति    को    पालन    करना    चाहिए ",224,79
703,"कुछ पद्यों में रहस्योद्घाटन का तरीका बताया गया है, जो है परिशुद्ध चित्त का ज़रथुष्ट्र में प्रवेश करना और उसे बताना कि वह मानव जाति को क्या बताएगा","कुछ    पद ्यों    में    रह स् यो द् घा टन    का    तरीका    बताया    गया    है,    जो    है    परि शु द्ध    चि त्त    का    ज़ र थु ष्ट्र    में    प्रवेश    करना    और    उसे    बता ना    कि    वह    मानव    जा ति    को    क्या    बता ए गा ",118,44
704,"तीसरे व्यक्ति का बेंदवा नाम से उल्लेख है, जिसके बारे में फिर ऐसा माना गया कि वह झूठा और स्वभाव से धोखेबाज है, जिसके परिणामस्वरूप ज़रथुष्ट्र ने अपने आदमियों को सामान्यतया ऐसे लोगों की संगत रखने से मना किया","तीसरे    व्यक्ति    का    बे ंद वा    नाम    से    उल्लेख    है,    जिसके    बारे    में    फिर    ऐसा    माना    गया    कि    वह    झू ठा    और    स्व भाव    से    धो खे बाज    है,    जिसके    परिणामस्वरूप    ज़ र थु ष्ट्र    ने    अपने    आ द मियों    को    सामान ्य त या    ऐसे    लोगों    की    सं गत    रखने    से    मना    किया ",166,54
705,"शेष गीता विस्तारपूर्वक बताती है और आविर्भाव के पहले प्रस्तुत किए गए संयम और आस्था, प्रशांति और परोपकारिता, पर इन सबसे बढ़ कर, भक्ति, या समर्पण के विचारों का समर्थन करती है","शेष    गी ता    विस्त ार पूर्वक    बता ती    है    और    आ वि र् भाव    के    पहले    प्रस्तुत    किए    गए    सं यम    और    आ स्था ,    प्र शांति    और    प रो प कार ि ता,    पर    इन    सबसे    बढ़    कर,    भ क् ति,    या    समर्प ण    के    वि चारों    का    समर्थन    करती    है ",140,52
706,"इन पद्यों में, ज़रथुष्ट्र स्पेंटा माइन्यू की तरह होना चुनता है, जिसकी तुलना मानव प्रज्ञा के चरमोत्कर्ष से की गई है","इन    पद ्यों    में,    ज़ र थु ष्ट्र    स्पे ंट ा    मा इन ्य ू    की    तरह    होना    चुन ता    है,    जिसकी    तुलना    मानव    प्र ज्ञ ा    के    चर मो त् कर् ष    से    की    गई    है ",94,37
707,फिर वे अर्जुन को तत्वज्ञान और मुक्ति के तरीकों के बारे में समझाते हैं,फिर    वे    अर् जु न    को    तत्व ज्ञान    और    मु क्ति    के    तरीकों    के    बारे    में    समझ ा ते    हैं ,56,20
708,"गीता का इस भाग का समापन एक प्रबल अलौकिक दृश्य के साथ होता है: कृष्ण अर्जुन को अपने दिव्य स्वरूप, विश्वरूप, का दर्शन देते हैं जिससे अर्जुन के हृदय में भय उत्पन्न हो जाता है","गी ता    का    इस    भाग    का    समा पन    एक    प्र बल    अल ौ किक    दृश्य    के    साथ    होता    है :    कृष्ण    अर् जु न    को    अपने    दिव ्य    स्व रू प,    विश्व रू प,    का    दर्शन    देते    हैं    जिससे    अर् जु न    के    हृदय    में    भ य    उत्पन्न    हो    जाता    है ",137,51
709,"फिर एक वर्णसंकर राजा था, डारियस नोथोस; नोथोस का अर्थ है ऐसे व्यक्ति की संतान जो अवैध है, जैसे विलियम विजयी","फिर    एक    वर्ण सं कर    राजा    था,    ड ार िय स    नो थो स ;    नो थो स    का    अर्थ    है    ऐसे    व्यक्ति    की    सं तान    जो    अवैध    है,    जैसे    विलिय म    विज यी ",86,34
710,"फिर हमारे पास आर्टाज़रक्सीस है, एक ऐसा व्यक्ति जो विचारशील था","फिर    हमारे    पास    आर् टा ज़ र क् सी स    है,    एक    ऐसा    व्यक्ति    जो    वि चार शील    था ",51,19
711,ज़रथुष्ट्र उसकी निंदा करता है क्योंकि उसने कथित तौर पर पृथ्वी के आध्यात्मिक पक्ष को न उजागर करके भौतिक पक्ष को उजागर किया,ज़ र थु ष्ट्र    उसकी    नि ंदा    करता    है    क्योंकि    उसने    कथित    तौर    पर    पृथ् वी    के    आध्यात्मिक    पक्ष    को    न    उ जा गर    करके    भौ तिक    पक्ष    को    उ जा गर    किया ,99,33
712,"पहला यीमा है, जो और कोई नहीं बल्कि प्रसिद्ध राजा जमशेद है, जिसके नाम पर हर साल 21 मार्च को होने वाले त्योहार का नाम नवरोज़ पड़ा","पहला    यी मा    है,    जो    और    कोई    नहीं    बल्कि    प्रसिद्ध    राजा    ज म शे द    है,    जिसके    नाम    पर    हर    साल    21    मार्च    को    होने    वाले    त्योहार    का    नाम    नव रो ज़    पड़ा ",101,33
713,इस भ्रम को हटाने के लिए लोग अपरिग्रह की प्रतिज्ञा लेते हैं और आत्मा की पूर्णता को जान पाते हैं,इस    भ्र म    को    हटा ने    के    लिए    लोग    अप रि ग्रह    की    प्रति ज्ञ ा    लेते    हैं    और    आत् मा    की    पूर् ण ता    को    जान    पा ते    हैं ,75,30
714,"नागर मंदिरों के विपरीत, द्रविड़ मंदिरों के प्रांगण दीवार से घिरे होते हैं","ना गर    मंदिरों    के    विपरीत,    द्र वि ड़    मंदिरों    के    प्रा ंग ण    दी वार    से    घि रे    होते    हैं ",61,20
715,"लेकिन, वे साओश्यंत है जो मानवजाति को बुराई से बचाने के लिए ईश्वर का संदेश लेकर आए हैं","लेकि न,    वे    सा ओ श ्य ंत    है    जो    मान व जा ति    को    बु रा ई    से    बचाने    के    लिए    ई श्वर    का    सं देश    लेकर    आए    हैं ",68,30
716,हमने यह पहले ही देखा है कि कैसे पृथ्वी माता एक रक्षक को नियुक्त करना चाहती थी और किस प्रकार से ज़रथुष्ट्र को इस रूप में नियुक्त किया गया,हम ने    यह    पहले    ही    देखा    है    कि    कैसे    पृथ् वी    मा ता    एक    रक्षक    को    नियुक्त    करना    चाह ती    थी    और    किस    प्रकार    से    ज़ र थु ष्ट्र    को    इस    रूप    में    नियुक्त    किया    गया ,108,36
717,जब अर्जुन लड़ने से मना कर देते हैं तो कृष्ण के धैर्य का बांध टूट जाता है,जब    अर् जु न    लड़ ने    से    मना    कर    देते    हैं    तो    कृष्ण    के    ध ै र्य    का    बांध    टूट    जाता    है ,56,22
718,"इस प्रकार से, एक महत्वपूर्ण पद्य में बताया गया है कि जो लोग माघ समुदाय के प्रति आत्मनिर्भर हैं उन्हें इस सोच के साथ भ्रष्ट विचारों से बचना चाहिए, कि जो लोग उच्चतम स्तर तक पहुँच गए हैं, उन्हें विनम्रता के मार्ग का पालन करना चाहिए न कि अहंकार के मार्ग का","इस    प्रकार    से,    एक    महत्वपूर्ण    प द्य    में    बताया    गया    है    कि    जो    लोग    मा घ    समुदाय    के    प्रति    आत्म निर्भर    हैं    उन्हें    इस    सोच    के    साथ    भ्र ष्ट    वि चारों    से    ब चना    चाहि ए,    कि    जो    लोग    उच्च तम    स्तर    तक    पहुँच    गए    हैं,    उन्हें    वि न म्र ता    के    मार्ग    का    पालन    करना    चाहिए    न    कि    अ ह ं कार    के    मार्ग    का ",201,66
719,"टोकियो ओलंपिक चक्र के दौरान, मैं मनोवैज्ञानिक के पास जाता था लेकिन मैंने इसे कभी भी प्राथमिकता नहीं दी और अपने शरीर का ध्यान नहीं रखा","टो क ियो    ओलंपिक    चक् र    के    दौरान,    मैं    मनो वैज्ञानिक    के    पास    जाता    था    लेकिन    मैंने    इसे    कभी    भी    प्राथ मि कता    नहीं    दी    और    अपने    शरीर    का    ध्यान    नहीं    रखा ",108,32
720,मुझे अभी भी कड़ी मेहनत के साथ प्रशिक्षित होने की जरूरत थी,मुझे    अभी    भी    कड़ी    मेह नत    के    साथ    प्रशिक्षित    होने    की    जरू रत    थी ,46,14
721,ओलंपिक खिलाड़ी होना बहुत बढ़िया है लेकिन बाद में तनाव और चिंता भी होती है,ओलंपिक    खिलाड़ी    होना    बहुत    बढ़ िया    है    लेकिन    बाद    में    त नाव    और    चिंता    भी    होती    है ,59,17
722,"और हाँ, आप ओलंपिक में खेल चुके हैं लेकिन उसके लिए आपको क्या मिला","और    हा ँ,    आप    ओलंपिक    में    खेल    चुके    हैं    लेकिन    उसके    लिए    आपको    क्या    मिला ",51,15
723,मैं 2014 में उनकी मृत्यु से पहले इसे नहीं प्राप्त कर सका था,मैं    2014    में    उनकी    मृत्यु    से    पहले    इसे    नहीं    प्राप्त    कर    स का    था ,47,14
724,"मुझे लगा कि वे मेरे साथ थे, आज रात वे मेरी रक्षा कर रहे थे","मुझे    लगा    कि    वे    मेरे    साथ    थे,    आज    रात    वे    मेरी    रक्षा    कर    रहे    थे ",44,15
725,दल के एक मनोनीत सदस्य को पेनल्टी स्थान से गोल की तरफ गेंद को पांव से मारने की अनुमति दी जाती है जिसमें उन्हें केवल गोलकीपर से जीतने की आवश्यकता होती है,दल    के    एक    मनो नी त    सदस्य    को    पेन ल्टी    स्थान    से    गोल    की    तरफ    गेंद    को    पा ं व    से    मारने    की    अनुमति    दी    जाती    है    जिसमें    उन्हें    केवल    गोल की पर    से    जीतने    की    आवश्यकता    होती    है ,120,39
726,गोलकीपर को अपनी सीमा में रहना चाहिए जब तक कि गेंद को किक नहीं किया जाता और बाकी अन्य खिलाड़ियों को पेनल्टी क्षेत्र में पेनल्टी स्थल के पीछे होना चाहिए,गोल की पर    को    अपनी    सीमा    में    रहना    चाहिए    जब    तक    कि    गेंद    को    किक    नहीं    किया    जाता    और    बाकी    अन्य    खिलाड़ियों    को    पेन ल्टी    क्षेत्र    में    पेन ल्टी    स्थल    के    पीछे    होना    चाहिए ,121,34
727,सामूहिक खेल का अर्थ है व्यवस्थित शारीरिक गतिविधि जिसमें खिलाड़ी साझा उद्देश्य प्राप्त करने के लिए एक साथ मिल कर काम करते हैं,सा मू हिक    खेल    का    अर्थ    है    व्यवस्थित    शारीरिक    गतिविधि    जिसमें    खिलाड़ी    साझा    उद्देश्य    प्राप्त    करने    के    लिए    एक    साथ    मिल    कर    काम    करते    हैं ,102,25
728,"सामूहिक खेलों में, एक ही दल के लोगों का समूह खेल के विजेता बनने के उद्देश्य से मिल कर काम करता है","सा मू हिक    खेलों    में,    एक    ही    दल    के    लोगों    का    समूह    खेल    के    विजेता    बनने    के    उद्देश्य    से    मिल    कर    काम    करता    है ",76,24
729,"दल के सदस्य उनके लक्ष्यों को प्राप्त करने के लिए पॉइंट और अंक निर्धारित करते हैं, निर्णय लेते हैं, आपस में चर्चा की जाती है, संघर्ष की परिस्थितियों का प्रबंध किया जाता है और समस्याओं का निवारण एक समर्थक, विश्वसनीय माहौल में किया जाता है","दल    के    सदस्य    उनके    लक्ष ्यों    को    प्राप्त    करने    के    लिए    पॉ इ ंट    और    अंक    निर्धारित    करते    हैं,    निर्णय    लेते    हैं,    आप स    में    चर्चा    की    जाती    है,    संघर्ष    की    परि स्थितियों    का    प्र बंध    किया    जाता    है    और    समस्याओं    का    नि वार ण    एक    समर्थ क,    विश्व स नीय    मा ह ौ ल    में    किया    जाता    है ",192,59
730,"हालांकि व्हाइटबुई ने वह सब कुछ हासिल कर लिया था जिसका उसने अपनी किशोरावस्था में सपना देखा था, लेकिन टोकियो के बाद उसके मन में असंतुष्टि सी रह गई थी","हालांकि    व् हाइ ट बु ई    ने    वह    सब    कुछ    हासिल    कर    लिया    था    जिसका    उसने    अपनी    किशो राव स्था    में    सप ना    देखा    था,    लेकिन    टो क ियो    के    बाद    उसके    मन    में    अ संतु ष्टि    सी    रह    गई    थी ",118,41
731,वैश्विक महामारी ने ओलंपिक खेलों के अनुभव का उत्साह थोड़ा कम कर दिया है,वैश्विक    महा मारी    ने    ओलंपिक    खेलों    के    अनुभव    का    उत्सा ह    थोड़ा    कम    कर    दिया    है ,57,16
732,"एक प्रदर्शन खेल के दौरान किसी ने दिप्पणी की कि ऐसा लगता है जैसे खिलाड़ी गेंद को ज़मीन पर न लगने देते हुए जाल के ऊपर से एक तरफ से दूसरी तरफ वॉली मारते चले जा रहे हैं, और शायद इस खेल का ज़्यादा वर्णनात्मक नाम वॉलीबॉल होगा","एक    प्रदर्शन    खेल    के    दौरान    किसी    ने    दि प्प णी    की    कि    ऐसा    लगता    है    जैसे    खिलाड़ी    गेंद    को    ज़ मीन    पर    न    लगने    देते    हुए    जा ल    के    ऊपर    से    एक    तरफ    से    दूसरी    तरफ    वॉ ली    मार ते    चले    जा    रहे    हैं,    और    शायद    इस    खेल    का    ज़्यादा    वर्ण नात्मक    नाम    वॉ ली बॉल    होगा ",172,57
733,वॉलीबॉल का खेल 1895 में विलियम जी,वॉ ली बॉल    का    खेल    18 9 5    में    विलिय म    जी ,27,12
734,"मॉर्गन ने हॉलियोक, मैसचूसेट्स के वाइ","म ॉर् गन    ने    हॉ लियो क,    मै स चू से ट्स    के    वाइ",31,14
735,एम,ए म ,2,2
736,सी,सी ,2,1
737,ए,ए ,1,1
738,(यू,( य ू ,3,3
739,एस,ए स ,2,2
740,ए,ए ,1,1
741,) में आविष्कार किया था,)    में    आ विष् कार    किया    था ,18,7
742,"फील्ड हॉकी एक सामूहिक खेल है जिसमें दल के खिलाड़ी घुमावदार छड़ियों का प्रयोग करके गेंद को बलपूर्वक मार कर, गेंद को हवा में उड़ा कर, धकेल कर या हल्के से मार कर विरोधी दल के गोल में गेंद डाल कर गोल करने की कोशिश करते हैं","फील्ड    हॉकी    एक    सा मू हिक    खेल    है    जिसमें    दल    के    खिलाड़ी    घु मा व दार    छ ड़ियों    का    प्रयोग    करके    गेंद    को    बल पूर्वक    मार    कर,    गेंद    को    हवा    में    उ ड़ा    कर,    ध के ल    कर    या    हल् के    से    मार    कर    विरोधी    दल    के    गोल    में    गेंद    डाल    कर    गोल    करने    की    कोशिश    करते    हैं ",172,58
743,"हालांकि, जिन देशों में ""हॉकी"" शब्द आम तौर पर हॉकी के अन्य प्रकार के खेल के लिए आरक्षित रहता है, जैसे बर्फ हॉकी या गली हॉकी, वहाँ ""मैदानी हॉकी"" नाम का प्रयोग किया जाता है","हालांकि,    जिन    देशों    में    "" हॉ की ""    शब्द    आम    तौर    पर    हॉकी    के    अन्य    प्रकार    के    खेल    के    लिए    आ रक्षित    रहता    है,    जैसे    बर्फ    हॉकी    या    ग ली    हॉ की,    वहाँ    "" मैदा नी    हॉ की ""    नाम    का    प्रयोग    किया    जाता    है ",135,45
744,"खिलाड़ियों को ड्रिबल करने, दूसरे खिलाड़ी को गेंद देने, टैपिंग और हिट करने के मौलिक कौशल सीखने चाहिए और उनका अभ्यास करना चाहिए","खिलाड़ियों    को    ड्र ि बल    कर ने,    दूसरे    खिलाड़ी    को    गेंद    दे ने,    टै पिंग    और    हि ट    करने    के    मौ लिक    कौशल    सीख ने    चाहिए    और    उनका    अभ्यास    करना    चाहिए ",103,31
745,"टी-20 का पहला अंतर्राष्ट्रीय मैच ऑस्ट्रेलिया एव न्यू जीलैंड के पुरुषों के दलों के बीच 17 फरवरी, 2005 को खेला गया था","टी - 20    का    पहला    अंतर्राष्ट्रीय    मैच    ऑस्ट्रेलिया    ए व    न्यू    जी लैंड    के    पुरुषों    के    द लों    के    बीच    17    फर वरी,    2005    को    खेला    गया    था ",94,28
746,"प्रथम टी-20 अंतर्राष्ट्रीय मैच 5 अगस्त, 2004 में इंगलैंड और न्यू ज़ीलैंड की महिला दलों के बीच हुआ था","प्रथम    टी - 20    अंतर्राष्ट्रीय    मैच    5    अग स्त ,    2004    में    इ ंग लैंड    और    न्यू    ज़ी लैंड    की    महिला    द लों    के    बीच    हुआ    था ",82,27
747,इम्पीरियल क्रिकेट कॉन्फरेंस का नाम बदल कर इंटरनैशनल क्रिकेट कॉन्फरेंस (बाद में इसे काउंसिल रखा गया) रखा गया जिससे राष्ट्र मंडल के बाहर के देश भी इसके सदस्य बन सकें,इ म् पी रिय ल    क्रिकेट    कॉन् फ रे ंस    का    नाम    बदल    कर    इंटर नै श नल    क्रिकेट    कॉन् फ रे ंस    ( बाद    में    इसे    काउं सिल    रखा    ग या )    रखा    गया    जिससे    राष्ट्र    मंडल    के    बाहर    के    देश    भी    इसके    सदस्य    बन    सक ें ,134,48
748,मूल रूप से मिंटोनेट नाम वालेे इस खेल का आविष्कार उम्रदराज़ खिलाड़ियों के लिए घर के अंदर किए जाने वाले मध्यम श्रेणी के क्रियाकलाप के रूप में किया गया था जिसमें वे गेंद को हवा में ही रहने देने के लिए थोड़ी मेहनत कर सकें,मूल    रूप    से    मि ंट ो नेट    नाम    वा ले े    इस    खेल    का    आ विष् कार    उ म्र द राज ़   खिलाड़ियों    के    लिए    घर    के    अंदर    किए    जाने    वाले    मध्य म    श्रेणी    के    क्रिया कला प    के    रूप    में    किया    गया    था    जिसमें    वे    गेंद    को    हवा    में    ही    रहने    देने    के    लिए    थो ड़ी    मेह नत    कर    सक ें ,173,62
749,नेट प्रयोग में लाने का विचार टेनिस से लिया गया था,नेट    प्रयोग    में    लाने    का    विचार    टे निस    से    लिया    गया    था ,39,12
750,"अपने साथी को गेंद देने से पहले, लक्ष्य को देखें, गेंद की ओर बढ़ें और सिर को स्थिर रखते हुए गेंद को देखें","अपने    साथी    को    गेंद    देने    से    पहले,    लक्ष्य    को    दे खे ं,    गेंद    की    ओर    बढ़ ें    और    सिर    को    स्थिर    रखते    हुए    गेंद    को    देख ें ",82,27
751,"रेफरी ने, जो छः गज दूर था, अपनी दोनों हथेलियाँ नीचे की ओर करके बचाव पक्ष को आराम से धर-पकड़ से निपटने का इशारा किया","रे फ री    ने,    जो    छ ः    गज    दूर    था,    अपनी    दोनों    ह थे लियाँ    नीचे    की    ओर    करके    बचाव    पक्ष    को    आ राम    से    ध र- पकड़    से    नि पट ने    का    इ श ारा    किया ",91,37
752,सत्रहवीं शताब्दी के दूसरे अर्द्धांश में क्रिकेट व्यापक रूप से लोकप्रिय खेल बन गया था,स त्र ह वीं    शताब्दी    के    दूसरे    अर् द्धा ंश    में    क्रिकेट    व्यापक    रूप    से    लोकप्रिय    खेल    बन    गया    था ,70,20
753,हैम्बल्डन क्लब की स्थापना 1750 के दशक में हुई थी जिसने खेल के क्रमिक विकास में महत्वपूर्ण भूमिका निभाई थी,है म् बल् डन    क्लब    की    स्थापना    17 50    के    दशक    में    हुई    थी    जिसने    खेल    के    क्र मिक    विकास    में    महत्वपूर्ण    भूमिका    निभाई    थी ,86,25
754,"आज जिस प्रकार से क्रिकेट खेला जाता है, उसकी उत्पत्ति इंगलैंड के दक्षिण-उत्तरी भाग से हुई है","आज    जिस    प्रकार    से    क्रिकेट    खेला    जाता    है,    उसकी    उत्पत्ति    इ ंग लैंड    के    दक्षिण- उत्तरी    भाग    से    हुई    है ",75,20
755,दो तरह के प्रतिघात होते हैं: आक्रामक और रक्षात्मक,दो    तरह    के    प्रति घात    होते    हैं :    आ क्रामक    और    रक्षात्मक ,41,12
756,आक्रामक प्रतिघात में आक्रामक दल गेंद को पुनः प्राप्त करता है और उस पर अधिकार बनाए रखता है,आ क्रामक    प्रति घात    में    आ क्रामक    दल    गेंद    को    पुन ः    प्राप्त    करता    है    और    उस    पर    अधिकार    बनाए    रखता    है ,72,22
757,रक्षात्मक प्रतिघात में रक्षा करने वाला दल कमजोर गेंद पर कब्जा कर लेता है,रक्षात्मक    प्रति घात    में    रक्षा    करने    वाला    दल    कम जोर    गेंद    पर    कब्जा    कर    लेता    है ,59,16
758,यह खेल में एक महत्वपूर्ण भूमिका निभाता है क्योंकि अधिकतर बार जब दल का शॉट चूक जाता है तो उनके हाथों से गेंद निकल जाती है,यह    खेल    में    एक    महत्वपूर्ण    भूमिका    निभा ता    है    क्योंकि    अधिकतर    बार    जब    दल    का    शॉट    चू क    जाता    है    तो    उनके    हाथों    से    गेंद    निकल    जाती    है ,95,28
759,"रैली के दौरान प्रत्येक दल गेंद को आगे बढ़ाने के लिए तीन बार तक लगातार छू सकता है, और यह तब तक चलता रहता है जब तक कि एक दल विपक्षी दल की तरफ के मैदान में गेंद को ज़मीन में गिरा कर रैली को जीत नहीं लेता या दूसरा दल कोई गलती करके रैली हार नहीं जाता","रै ली    के    दौरान    प्रत्येक    दल    गेंद    को    आगे    बढ़ाने    के    लिए    तीन    बार    तक    लगातार    छ ू    सकता    है,    और    यह    तब    तक    चलता    रहता    है    जब    तक    कि    एक    दल    वि पक्षी    दल    की    तरफ    के    मैदान    में    गेंद    को    ज़ मीन    में    गि रा    कर    रै ली    को    जीत    नहीं    लेता    या    दूसरा    दल    कोई    गलती    करके    रै ली    हार    नहीं    जाता ",188,65
760,गेंद प्राप्त करने वाले दल को सुनिश्चित करना होगा कि गेंद उनकी तरफ के कोर्ट में न रह जाए,गेंद    प्राप्त    करने    वाले    दल    को    सुनिश्चित    करना    होगा    कि    गेंद    उनकी    तरफ    के    को र्ट    में    न    रह    जाए ,69,20
761,"जैसे जैसे वे प्रगति करते हैं, उनका हुनर और संगत एवं प्रभावशाली होता जाएगा, तथा खिलाड़ियों को सेट प्ले परिस्थितियों के बारे में बताया जाना चाहिए","जैसे    जैसे    वे    प्र गति    करते    हैं,    उनका    हु नर    और    सं गत    एव ं    प्रभाव शाली    होता    जाए गा,    तथा    खिलाड़ियों    को    सेट    प्ले    परि स्थितियों    के    बारे    में    बताया    जाना    चाहिए ",118,33
762,"इसे करने के लिए, उन्हें गेंद को अपने अधिकार में रखने के लिए प्रभावकारी तरीके से ड्रिबल करना और खिलाड़ियों के बीच सटीक तरह से और तेजी से गेंद देना सीखना होगा","इसे    करने    के    लिए,    उन्हें    गेंद    को    अपने    अधिकार    में    रखने    के    लिए    प्रभाव कारी    तरीके    से    ड्र ि बल    करना    और    खिलाड़ियों    के    बीच    सटीक    तरह    से    और    तेजी    से    गेंद    देना    सीख ना    होगा ",125,36
763,और क्या 41 वर्षीय ज़्लाटन इब्राहिमोविच में अभी भी एक और शानदार गोल करने की क्षमता है,और    क्या    4 1    वर्षीय    ज़् ला टन    इ ब्रा हि मो वि च    में    अभी    भी    एक    और    शानदार    गोल    करने    की    क्षमता    है ,68,25
764,यह फॉर्वर्ड खिलाड़ियों के बीच प्रतिस्पर्धा बन कर रह सकती है,यह    फॉर् वर्ड    खिलाड़ियों    के    बीच    प्रतिस्पर्धा    बन    कर    रह    सकती    है ,49,12
765,"क्या हैरी केन और सोन ह्यूँग-मिन अपनी गुणवत्ता से मिलान का दिल जीत लेंगे, या फिर पूर्व चेल्सा और आर्सेनल फॉर्वर्ड ओलिवियर गिरौद स्पर्स को डराने के लिए वापस लौटेंगे","क्या    है री    के न    और    सो न    ह ्यू ँ ग - मिन    अपनी    गुणवत्ता    से    मिला न    का    दिल    जीत    ले ंगे,    या    फिर    पूर्व    चे ल् सा    और    आर् से नल    फॉर् वर्ड    ओ लि व ियर    गिर ौ द    स्पर् स    को    ड रा ने    के    लिए    वापस    लौ टे ंगे ",133,55
766,यह अंतःकक्ष में या खुले में खेला जा सकता है,यह    अंत ः कक्ष    में    या    खु ले    में    खेला    जा    सकता    है ,34,13
767,वॉलीबॉल एक तेज गति का खेल है जो दो दलों के बीच खेला जाता है जिसमें प्रत्येक दल में छः खिलाड़ी होते हैं,वॉ ली बॉल    एक    तेज    गति    का    खेल    है    जो    दो    द लों    के    बीच    खेला    जाता    है    जिसमें    प्रत्येक    दल    में    छ ः    खिलाड़ी    होते    हैं ,80,27
768,इसे मैरीलेबोन क्रिकेट क्लब (एम,इसे    मै री ले बो न    क्रिकेट    क्लब    ( ए म ,26,11
769,सी,सी ,2,1
770,सी,सी ,2,1
771,"), जिसका मुख्यालय लंदन में लॉर्ड्स में है, द्वारा हटा दिया गया था","),    जिसका    मुख्यालय    लंदन    में    ल ॉर् ड्स    में    है,    द्वारा    हटा    दिया    गया    था ",53,15
772,वीज़ा विदेश के आप्रवासन अधिकारियों द्वारा व्यक्ति के विवरणों की जाँच करने के बाद तैयार किया गया प्रमाणपत्र है जिसके लिए पासपोर्ट पर स्टैम्प लगाया जाता है,वी ज़ा    वि देश    के    आ प्रवा सन    अधिकारियों    द्वारा    व्यक्ति    के    वि वर णों    की    जाँच    करने    के    बाद    तैयार    किया    गया    प्रमा ण पत्र    है    जिसके    लिए    पा स पोर्ट    पर    स्टै म् प    लगाया    जाता    है ,127,39
773,यह व्यक्ति को देश में प्रवेश करने और अस्थायी अवधि के लिए रहने का अधिकार देता है,यह    व्यक्ति    को    देश    में    प्रवेश    करने    और    अस्थायी    अवधि    के    लिए    रहने    का    अधिकार    देता    है ,63,17
774,"सार्जेन्ट समिति की रिपोर्ट के अनुसार, पर्यटक यातायात समिति 1948 में गठित की गई थी","सार् जे न् ट    समिति    की    रिपोर्ट    के    अनुसार,    पर्यट क    या ता यात    समिति    194 8    में    गठ ित    की    गई    थी ",67,23
775,"आकर्षक स्थल, आवास, सहायक सुविधाएं और मूलभूत सुविधाएं पर्यटन के मूल तत्व हैं","आकर् षक    स्थ ल,    आवा स,    सहायक    सुविधा एं    और    मूल भू त    सुविधा एं    पर्यटन    के    मूल    तत्व    हैं ",63,20
776,"पर्यटन के बेहतर विकास के लिए, इन सुविधाओं को संबंधित क्षेत्रों में विकसित किया जाना चाहिए और इसके लिए सार्वजनिक एवं निजी क्षेत्र को अगुआई करनी चाहिए","पर्यटन    के    बेहतर    विकास    के    लिए,    इन    सुविधा ओं    को    संबंधित    क्षेत्रों    में    विकसित    किया    जाना    चाहिए    और    इसके    लिए    सार्वजनिक    एव ं    निजी    क्षेत्र    को    अ गु आई    करनी    चाहिए ",122,31
777,"केरल के अप्रवाही जल में समुद्रताल, झील और नहरों का एक जटिल जाल है जिनका सर्वोत्तम अनुभव 'केट्टुवल्लम' नामक पारंपरिक छप्पर की छत लगी चावल की ढुलाई करने वाली गृहनौकाओं में चढ़ कर लिया जा सकता है","केरल    के    अप्र वा ही    जल    में    समुद्र ता ल,    झील    और    न ह रों    का    एक    जटिल    जा ल    है    जिनका    सर्वो त् तम    अनुभव    ' के ट्ट ु व ल्ल म '    नामक    पारंपरिक    छ प् पर    की    छ त    लगी    चावल    की    ढ ु लाई    करने    वाली    ग ृह नौ काओं    में    च ढ़    कर    लिया    जा    सकता    है ",156,62
778,"अप्रवाही जल में नौकाविहार करते हुए आप देख सकेंगे तटीय इलाके का जीवन, हरे-भरे धान के खेत, और नारियल के बाग जिनके बीच-बीच में कोई मंदिर या गिरिजाघर होगा","अप्र वा ही    जल    में    नौ का वि हार    करते    हुए    आप    देख    सक े ंगे    तटीय    इला के    का    जीव न,    ह रे- भ रे    धान    के    खे त,    और    नार ियल    के    बा ग    जिनके    बी च - बीच    में    कोई    मंदिर    या    गि रि जा घर    होगा ",122,50
779,बोधगया (बिहार) वह स्थान था जहाँ पर राजकुमार सिद्धार्थ को प्रबोधन प्राप्त हुआ और वे भगवान बुद्ध बने,बो ध गया    ( बि हार )    वह    स्थान    था    जहाँ    पर    राज कुमार    सिद्धा र्थ    को    प्र बो धन    प्राप्त    हुआ    और    वे    भगवान    बु द्ध    बने ,81,28
780,उन्होंने डाक यात्रियों की सुविधा के लिए सड़क के बगल में डाक बंगलों का निर्माण कराया,उन्होंने    डा क    यात्रियों    की    सुविधा    के    लिए    सड़क    के    ब गल    में    डा क    ब ंग लों    का    निर्माण    करा या ,68,22
781,"कर्नाटक के एक जादुई और सम्मोहित करने वाले सफर पर ले जाने वाली स्वर्ण रथ, राज्य की समृद्ध संस्कृति की पूरक है और खुद में एक चमत्कार है","कर्नाटक    के    एक    जा दु ई    और    सम् मो हित    करने    वाले    सफ र    पर    ले    जाने    वाली    स्वर्ण    र थ,    राज्य    की    समृद्ध    संस्कृति    की    पू र क    है    और    खुद    में    एक    चम त्कार    है ",106,37
782,"बारीकी से की गई कलाकारी से सुसज्जित, ट्रेन के डब्बों के कक्ष इतिहास की शाश्वत कथाओं को व्यक्त करते हैं","बार ी की    से    की    गई    कला कारी    से    सु स ज् जि त,    ट्रे न    के    डब् बों    के    कक्ष    इतिहास    की    शा श्व त    कथा ओं    को    व्यक्त    करते    हैं ",83,32
783,राजस्थान के बीचों-बीच कई छोटे नगर और गांव हैं जो इस भूमि के असली मूलतत्व को स्पष्ट करते हैं,राजस्थान    के    बी चो ं - बीच    कई    छोटे    नगर    और    गांव    हैं    जो    इस    भूमि    के    अस ली    मूल तत्व    को    स्पष्ट    करते    हैं ,73,25
784,भारत महान विविधता और वैषम्य की भूमि है,भारत    महान    विविधता    और    वै ष म ्य    की    भूमि    है ,31,11
785,पर्यटन भारत के महत्वपूर्ण उद्योगों में से एक के रूप में उभर रहा है,पर्यटन    भारत    के    महत्वपूर्ण    उद्यो गों    में    से    एक    के    रूप    में    उ भर    रहा    है ,53,16
786,"प्राकृतिक परिवेश, वास्तुकला की महान कृतियाँ, संगीत, नृत्य, चित्रकारी, रीतियाँ, और भाषाएं, यह सब मिलकर भारत को पर्यटकों के लिए स्वर्ग बनाते हैं","प्राकृतिक    परि वेश ,    वास्तुकला    की    महान    कृ त ियाँ,    संगी त,    नृत्य ,    चित्र कार ी,    री त ियाँ,    और    भाषा ए ं,    यह    सब    मिलकर    भारत    को    पर्यट कों    के    लिए    स् वर्ग    बनाते    हैं ",120,37
787,पर्यटकों के साथ बातचीत करने से स्थानीय क्षेत्रों में पर्यटन उद्योग से संबंधित कर्मियों में आतिथेय व्यवहार विकसित होता है,पर्यट कों    के    साथ    बातचीत    करने    से    स्थानीय    क्षेत्रों    में    पर्यटन    उद्योग    से    संबंधित    कर्म ियों    में    आ ति थे य    व्यवहार    विकसित    होता    है ,101,25
788,"डच निवास्थानों में दिखने वाली विशिष्ट वास्तुकला, पुर्तगाली गिरजाघर, यहूदी उपासनागृह, अंग्रेज़ों के भंडारघर और 14वीं शताब्दी के मछली पकड़ने के चीनी जाल कोची के महत्वपूर्ण बंदरगाह और व्यापारिक केंद्र होने के लंबे इतिहास को दर्शाते हैं","डच    निवा स्थानों    में    दिख ने    वाली    विशिष्ट    वास्तु कला ,    पुर्तगा ली    गिर जा घ र,    यहूदी    उपा स नाग ृह ,    अंग्रे ज़ ों    के    भ ंड ार घर    और    14 वीं    शताब्दी    के    मछली    पकड़ने    के    चीनी    जा ल    को ची    के    महत्वपूर्ण    बंदरगाह    और    व्यापार िक    केंद्र    होने    के    लंबे    इतिहास    को    दर्शा ते    हैं ",196,59
789,नेशनल ज्योग्राफिक चैनल ने जीवन में कम से कम एक बार देखने योग्य शीर्ष 50 पर्यटक स्थलों की सूची में केरल को शामिल किया है,नेशनल    ज ्यो ग्रा फि क    चैनल    ने    जीवन    में    कम    से    कम    एक    बार    देखने    योग्य    शीर्ष    50    पर्यट क    स्थलों    की    सूची    में    केरल    को    शामिल    किया    है ,95,30
790,"केरल की सुंदरता उसकी शांत प्रकृति के कारण है जिसमें शामिल है अप्रवाही जल, तट, पहाड़ी इलाके, मसालों के बाग, वनस्पति और जीव, आयुर्वेद, नौका दौड़, प्राकृतिक बंदरगाह और काफी कुछ","केरल    की    सुंद रता    उसकी    शांत    प्र कृति    के    कारण    है    जिसमें    शामिल    है    अप्र वा ही    ज ल,    त ट,    पहाड़ी    इला के ,    मसा लों    के    बा ग,    वनस्प ति    और    जीव ,    आ यु र् वे द,    नौ का    दौ ड़ ,    प्राकृतिक    बंदरगाह    और    काफी    कुछ ",143,50
791,मुन्नार घने जंगलों और चाय के बागानों से ढका हुआ है,मु न् नार    घ ने    जंग लों    और    चा य    के    बा गा नों    से    ढ का    हुआ    है ,40,19
792,इनमें से कुछ स्मारक यूनेस्को द्वारा मान्य विश्व धरोहर स्थलों की सूची में भी शामिल हैं,इनमें    से    कुछ    स्मारक    यू ने स्को    द्वारा    मान ्य    विश्व    ध रो हर    स्थलों    की    सूची    में    भी    शामिल    हैं ,70,21
793,महाराष्ट्र ने पर्यटन को राज्य में आर्थिक विकास के लिए प्रमुख ध्यान देने योग्य क्षेत्र माना है क्योंकि सह्याद्रि पहाड़ महाराष्ट्र की रीढ़ है,महाराष्ट्र    ने    पर्यटन    को    राज्य    में    आर्थिक    विकास    के    लिए    प्रमुख    ध्यान    देने    योग्य    क्षेत्र    माना    है    क्योंकि    सह ्या द्र ि    पहा ड़    महाराष्ट्र    की    री ढ़    है ,116,29
794,"विमानपत्तन पर स्वागत सेवा आगंतुकों और कंपनी दोनों ही के लिए एक अत्यंत महत्वपूर्ण सेवा है क्योंकि यह आगंतुकों को आगमन या प्रस्थान के समय त्वरित और आसान पारगमन, स्थानांतरण, सामान, और परिवार-सहित यात्राओं में सहायक होती है, और हवाई अड्डे से शीघ्र, बाधारहित और सुरक्षित मार्ग सुनिश्चित करती है","वि मान पत् तन    पर    स्वा गत    सेवा    आग ं तु कों    और    कंपनी    दोनों    ही    के    लिए    एक    अत्य ंत    महत्वपूर्ण    सेवा    है    क्योंकि    यह    आग ं तु कों    को    आग मन    या    प्र स्थान    के    समय    त्व र ित    और    आसान    पार ग म न,    स्थानांतर ण,    सामान ,    और    परि वार - सहित    या त्रा ओं    में    सहायक    होती    है,    और    हवाई    अड्डे    से    शी घ ्र ,    बा धार हित    और    सुरक्षित    मार्ग    सुनिश्चित    करती    है ",240,80
795,पश्चिमी घाटी और अरब सागर के बीच 720 कि,पश्चिमी    घाटी    और    अरब    सागर    के    बीच    7 20    कि ,30,10
796,मी,मी ,2,1
797,लंबी पट्टी में कई छुपे हुए समुद्री तट और सँकरी खाड़ियाँ हैं,लंबी    प ट्टी    में    कई    छु पे    हुए    समुद्री    तट    और    स ँ करी    खा ड़ ियाँ    हैं ,48,18
798,हरे-भरे पश्चिमी घाटों से लगे ये एकांत समुद्र तट शोरगुल वाले गोआ के सुमुद्री तटों के लिए एक शांत विकल्प हैं,ह रे- भ रे    पश्चिमी    घा टों    से    लगे    ये    एका ंत    समुद्र    तट    शो र गु ल    वाले    गो आ    के    सु मुद्र ी    त टों    के    लिए    एक    शांत    विकल्प    हैं ,86,33
799,"पेरियार, केरल के मसालों के बागानों का केंद्र, अपने वन्यजीव अभयारण्य के लिए भी जाना जाता है, जिसका सर्वश्रेष्ठ अनुभव पेरियार झील में नौका-विहार करते हुए लिया जा सकता है","पे रिय ार,    केरल    के    मसा लों    के    बा गा नों    का    केंद्र ,    अपने    व न्य जीव    अभयारण्य    के    लिए    भी    जाना    जाता    है,    जिसका    सर्वश्रेष्ठ    अनुभव    पे रिया र    झील    में    नौ का - वि हार    करते    हुए    लिया    जा    सकता    है ",138,44
800,"इसके अलावा, कई अन्य कार्यालय अंतर्राष्ट्रीय पर्यटकों की रुचि वाले स्थानों में भी हैं","इसके    अलावा,    कई    अन्य    कार्यालय    अंतर्राष्ट्रीय    पर्यट कों    की    रुचि    वाले    स्थानों    में    भी    हैं ",71,15
801,श्रीनगर शांत झीलों में शिकारे में घूमने और लकड़ी की बनी गृहनौकाओं में रहने जैसे अद्वितीय अनुभव प्रदान करता है,श्री नगर    शांत    झी लों    में    शि कार े    में    घू म ने    और    लकड़ी    की    बनी    ग ृह नौ काओं    में    रहने    जैसे    अ द्वितीय    अनुभव    प्रदान    करता    है ,90,30
802,"भारत के मानचित्र पर रत्नजटित मुकुट की तरह जड़ा हुआ काश्मीर मौसम के साथ अपने रंग बदलता है – शीत ऋतु में, जब पर्वतों पर हिम की कालीन बिछ जाती है, तब मंद ढलानों पर स्की करना और स्लेज पर सवारी करना; वसंत और ग्रीष्म में, मधुरस से भरे फलों के बागान, लहरों वाली झीलें इस घाटी को असाधारण रूप से खूबसूरत बनाते हैं","भारत    के    मान चित्र    पर    र त् नज ट ित    मु कु ट    की    तरह    ज ड़ा    हुआ    का श् मीर    मौसम    के    साथ    अपने    रंग    बद लता    है    –   शी त    ऋ तु    में,    जब    पर्व तों    पर    हि म    की    कालीन    बि छ    जाती    है,    तब    मं द    ढ ला नों    पर    स्की    करना    और    स् ले ज    पर    सव ारी    कर ना ;    व संत    और    ग्री ष् म    में,    मधु रस    से    भ रे    फ लों    के    बा गा न,    ल ह रों    वाली    झी लें    इस    घाटी    को    अ साधारण    रूप    से    खू ब सू रत    बनाते    हैं ",241,103
803,"2015 में, इस उद्योग से भारत की विदेशी मुद्रा की आय 1","2015    में,    इस    उद्योग    से    भारत    की    विदेशी    मुद्रा    की    आय    1 ",41,12
804,694 करोड़ डॉलर थी,6 9 4    करोड़    डॉलर    थी ,14,6
805,अजंता की गुफाओं के समान ही बाघ गुफाएं बाघिनी नदी की मौसमी धारा के किनारे बलुआ पत्थर की पहाड़ी की खड़ी ढाल पर स्थित हैं,अ जं ता    की    गुफाओं    के    समान    ही    बा घ    गुफा एं    बा घि नी    नदी    की    मौ सम ी    धारा    के    किनारे    ब लु आ    पत्थर    की    पहाड़ी    की    ख ड़ी    ढा ल    पर    स्थित    हैं ,94,37
806,"राज्य ने 1969 में पर्यटन के लिए एक अलग विभाग स्थापित किया था लेकिन 1975 में पर्यटन को बढ़ावा देने के लिए एक सरकारी निकाय, महाराष्ट्र पर्यटन विकास निगम (एम","राज्य    ने    196 9    में    पर्यटन    के    लिए    एक    अलग    विभाग    स्थापित    किया    था    लेकिन    197 5    में    पर्यटन    को    बढ़ावा    देने    के    लिए    एक    सरकारी    निका य,    महाराष्ट्र    पर्यटन    विकास    निगम    ( ए म ",125,35
807,टी,टी ,2,1
808,डी,डी ,2,1
809,सी,सी ,2,1
810,) स्थापित किया गया,)    स्थापित    किया    गया ,15,4
811,भारत के विस्तृत सांस्कृतिक और धार्मिक धरोहर एवं विविध प्राकृतिक आकर्षणों के कारण पर्यटन क्षेत्र में प्रगति करने की उसकी अच्छी संभावना है लेकिन वैश्विक पर्यटन के परिदृश्य में तुलनात्मक रूप से इसकी भूमिका कम रही है,भारत    के    विस्तृत    सांस्कृतिक    और    धार्मिक    ध रो हर    एव ं    विवि ध    प्राकृतिक    आकर् ष णों    के    कारण    पर्यटन    क्षेत्र    में    प्र गति    करने    की    उसकी    अच्छी    संभावना    है    लेकिन    वैश्विक    पर्यटन    के    परि दृश्य    में    तुल नात्मक    रूप    से    इसकी    भूमिका    कम    रही    है ,176,46
812,20वीं शताब्दी में पर्यटन सबसे बड़े वैश्विक उद्योग के रूप में उभरा और अनुमान है कि 21वीं शताब्दी में यह और तेजी से बढ़ेगा,20वीं    शताब्दी    में    पर्यटन    सबसे    बड़े    वैश्विक    उद्योग    के    रूप    में    उ भरा    और    अनुमान    है    कि    2 1 वीं    शताब्दी    में    यह    और    तेजी    से    बढ़ े गा ,97,29
813,पर्यटन हमारा व्यवसाय है लेकिन हर सफर यात्री के लिए एक स्मृति है,पर्यटन    हम ारा    व्यवसाय    है    लेकिन    हर    सफ र    यात्री    के    लिए    एक    स् मृ ति    है ,51,17
814,"यात्रा दस्तावेज़ों में शामिल हैं पासपोर्ट, वीज़ा, मुद्रा प्रमाणपत्र या पासपोर्ट में मुद्रा का अनुमोदन, यात्रा बीमा, आयकर कथन, स्वास्थ्य प्रमाणपत्र, आदि","यात्रा    दस्तावे ज़ ों    में    शामिल    हैं    पा स पोर् ट,    वी ज़ा ,    मुद्रा    प्रमा ण पत्र    या    पा स पोर्ट    में    मुद्रा    का    अनु मो द न,    यात्रा    बी मा,    आय कर    कथ न,    स्वास्थ्य    प्रमा ण पत्र ,    आदि ",130,42
815,"इन समरोह में से कुछ हैं एलोरा महोत्सव, पुणे गणेश महोत्सव, घारापुरी महोत्सव, मुरुड (रायगड) में पर्यटन महोत्सव तथा और भी","इन    सम रो ह    में    से    कुछ    हैं    ए लो रा    महो त् सव ,    पुण े    गण ेश    महो त् सव ,    घ ारा पुरी    महो त् सव ,    मु रु ड    ( राय ग ड )    में    पर्यटन    महो त्सव    तथा    और    भी ",98,45
816,"यात्रियों की सुविधा के लिए एवं जानकारी प्रदान करने तथा निर्देशित पर्यटन के लिए, निगम के तत्‍वावधान में विभिन्न पर्यटन साइटों के माध्यम से कई पर्यटन गृह, रिसॉर्ट, और होटल संचालित किए जा रहे हैं","यात्रियों    की    सुविधा    के    लिए    एव ं    जानकारी    प्रदान    करने    तथा    निर्देशित    पर्यटन    के    लिए,    निगम    के    तत् ‍ वा व धान    में    विभिन्न    पर्यटन    साइटों    के    माध्यम    से    कई    पर्यटन    ग ृह ,    रि स ॉर् ट,    और    होटल    संचालित    किए    जा    रहे    हैं ",158,45
817,"यह सकारात्मक एवं नकारात्मक, दोनों ही हो सकता है","यह    सकारात्मक    एव ं    नकार ा त् म क,    दोनों    ही    हो    सकता    है ",39,14
818,"उचित योजना और नियंत्रण तंत्रों के बिना, सामाजिक, सांस्कृतिक और आर्थिक विकृतियों से पर्यटन विकास का अंत हो सकता है जो पर्यटकों और स्थानीय लोगों के बीच के संबंधों में परिलक्षित होगा","उचित    योजना    और    नियंत्रण    तंत्र ों    के    बि ना,    सामा जि क,    सांस्कृतिक    और    आर्थिक    वि कृतियों    से    पर्यटन    विकास    का    अंत    हो    सकता    है    जो    पर्यट कों    और    स्थानीय    लोगों    के    बीच    के    संबंध ों    में    परि लक्ष ित    होगा ",148,41
819,चुन्नटें या कैलिस पंच बुद्ध या पंच रत्न को दर्शाती हैं,चु न्न टें    या    कै लिस    पं च    बु द्ध    या    पं च    र त् न    को    दर्शा ती    हैं ,44,20
820,"पूर्व में आपको मिलेंगी आदि और उनके साथ कई उपजातियाँ, जिसमें अन्य उपजातियों में पदम, पासी, मिनयौंग और बोकर हैं","पूर्व    में    आपको    मिले ंगी    आदि    और    उनके    साथ    कई    उप जा त ियाँ,    जिसमें    अन्य    उप जा तियों    में    पद म,    पा सी ,    मिन यौ ंग    और    बो कर    हैं ",90,32
821,यूरोपीय उपनिवेशवादियों ने एक ऐसे वास्तुशिल्प का निर्माण किया जो राज्य या धर्म को समर्पित उनकी विजय के लक्ष्य का प्रतीक था,यूरोपीय    उप निवेश वा दियों    ने    एक    ऐसे    वास्तु शि ल्प    का    निर्माण    किया    जो    राज्य    या    धर्म    को    समर्पित    उनकी    विजय    के    लक्ष्य    का    प्रतीक    था ,100,27
822,"भजन, जनन, और रागों पर आधारित उड़िया गीत, रंगीला चौपड़ी, आदि को हल्के शास्त्रीय संगीत के तहत समूहीकृत किया जाता है, जो उड़िया संगीत का एक प्रमुख अनुभाग है","भ जन ,    जन न,    और    रा गों    पर    आधारित    उ ड़ िया    गी त,    रंग ी ला    चौ पड़ ी,    आदि    को    हल् के    शास्त्रीय    संगीत    के    तहत    समू ही कृत    किया    जाता    है,    जो    उ ड़ िया    संगीत    का    एक    प्रमुख    अनु भाग    है ",125,46
823,उनकी अनिर्वचनीय नियति की भावना तथा साथियों की चापलूसी के साथ-साथ उनकी असाधारण उपलब्धियों ने मिलकर शायद यह असर पैदा किया होगा,उनकी    अ निर् व च नीय    निय ति    की    भावना    तथा    साथ ियों    की    चा प लू सी    के    साथ-साथ    उनकी    अ साधारण    उपलब् धियों    ने    मिलकर    शायद    यह    अ सर    पैदा    किया    होगा ,103,34
824,गंगा को ख्मेर साम्राज्य के समय से परम पूजनीय माना गया है,गंगा    को    ख् मे र    साम्राज्य    के    समय    से    पर म    पू जन ीय    माना    गया    है ,45,17
825,"गोआ की झांकी धार्मिक सद्भावना दर्शाती है जिसमें दीपस्तम्भ, क्रॉस और घोड़े मोदनी पर ध्यानाकर्षण किया गया है और उसके पीछे रथ है","गो आ    की    झा ं की    धार्मिक    स द् भावना    दर्शा ती    है    जिसमें    दी प स्त म् भ ,    क्रॉ स    और    घो ड़े    मो द नी    पर    ध्या ना कर् षण    किया    गया    है    और    उसके    पीछे    र थ    है ",103,42
826,उन्होंने 2004 में इस मुद्दे पर एक किताब लिखी मीज़ो न्गे इजराइल,उन्होंने    2004    में    इस    मुद् दे    पर    एक    कि ताब    लिखी    मी ज़ ो    न् गे    इ ज रा इल ,51,20
827,"(""मीज़ो या इजराइली","( "" मी ज़ ो    या    इ ज राइ ली ",16,10
828,""")",""" ) ",2,2
829,"इन भाषाओं के प्राचीनतम अभिलिखित प्रारूप, वैदिक संस्कृत और गाथिक अवेस्तन आश्चर्यजनक ढंग से काफी समान हैं, जो एक समान प्रोटो-हिन्द-ईरानी भाषा से विकसित हुए हैं","इन    भाषाओं    के    प्रा ची नतम    अभि लिखित    प्रार ू प,    वैदिक    संस्कृत    और    गा थ िक    अ वे स्त न    आश् चर् य जनक    ढ ंग    से    काफी    समान    हैं,    जो    एक    समान    प्रो टो - हि न् द- ई रानी    भाषा    से    विकसित    हुए    हैं ",132,47
830,"दक्षिण भारत में पल्लव युग, जो सिंहविष्णु (570 ई","दक्षिण    भारत    में    पल्ल व    यु ग,    जो    सिं ह विष्णु    ( 5 70    ई ",39,15
831,-900 ई,- 9 00    ई ,5,4
832,") के साथ शुरू हुआ, दक्षिण भारतीय समाज में एक पारंपरिक चरण था जिसके दौरान स्मारक निर्माण, अल्वरों और नयनारों के भक्ति पंथों की स्थापना, संस्कृत शिक्षा की ग्रामीण ब्राह्मणवादी संस्थाओं की वृद्धि, और विभिन्न प्रकार के लोगों के क्षेत्र पर राजत्व के चक्रवर्ती प्रतिरूप की स्थापना हुई और इस युग ने पूर्व- पल्लवन युग को समाप्त कर दिया, जिसमें क्षेत्रीय रूप से खंडित लोग अपनी-अपनी संस्कृति के साथ तथा आदिवासी मुखिया के अधीन रहते थे",")    के    साथ    शुरू    हुआ,    दक्षिण    भारतीय    समाज    में    एक    पारंपरिक    चरण    था    जिसके    दौरान    स्मारक    निर्मा ण,    अल् वरों    और    न य न ारों    के    भ क्ति    पं थों    की    स्थाप ना,    संस्कृत    शिक्षा    की    ग्रामीण    ब्राह्म ण वादी    सं स्था ओं    की    वृ द् धि ,    और    विभिन्न    प्रकार    के    लोगों    के    क्षेत्र    पर    राज त्व    के    चक्र वर्ती    प्रति रूप    की    स्थापना    हुई    और    इस    युग    ने    पूर्व -    पल्ल वन    युग    को    समाप्त    कर    दिया,    जिसमें    क्षेत्रीय    रूप    से    खंड ित    लोग    अप नी - अपनी    संस्कृति    के    साथ    तथा    आदि वासी    मुख िया    के    अधीन    रहते    थे ",348,102
833,"20वी शताब्दी में ओडिया साहित्य की रचना करने वालों में से कुछ हैं गोदावरीश महापात्र, कालिंदी चरण पाणिग्रही, कान्हू चरण मोहंती (1906-1994), गोदावरीश मिश्रा, गोपीनाथ मोहंती (1914-1991), सच्चिदानंद राउतराय(1916-2004), सीताकांत महापात्र (जन्म 17 सितम्बर 1937), सुरेंद्र मोहंती, मनोज दास, किशोरी चरण दास, रमाकांत रथ (जन्म 13 दिसम्बर 1934), बीनापानी मोहंती, जगदीश मोहंती, सरोजिनी साहू, राजेन्द्र किशोर पांडा, पद्मज पाल, रामचंद्र बेहरा, प्रतिभा सतपथी, नंदिनी साहू और देबराज सामंतरे","20 वी    शताब्दी    में    ओ डिया    साहित्य    की    रचना    करने    वालों    में    से    कुछ    हैं    गो दा व री श    महा पा त्र ,    का लि ं दी    चरण    पा णि ग्र ही,    का न् ह ू    चरण    मो ह ं ती    ( 190 6 - 199 4 ),    गो दा व री श    मि श ्रा ,    गो पी नाथ    मो ह ं ती    ( 19 14 - 199 1 ),    स च् चि दा न ंद    रा उ तरा य ( 19 16 - 200 4 ),    सी ता का ंत    महा पात्र    ( जन्म    17    सित म् बर    193 7 ),    सु रे ंद्र    मो ह ं ती,    मनो ज    दा स,    किशो री    चरण    दा स,    र मा का ंत    र थ    ( जन्म    13    दि सम् बर    193 4 ),    बी ना पानी    मो ह ं ती,    जग दी श    मो ह ं ती,    स रो जि नी    सा हू ,    राज े न् द्र    किशोर    पांड ा,    पद् म ज    पा ल,    राम चंद्र    बे हरा ,    प्रति भा    सत प थी,    न ं दि नी    साह ू    और    दे ब राज    सा मं तर े ",406,192
834,"इस्लामी बंगाल अपने सर्वोत्तम सूती वस्त्रों और साड़ियों के उत्पादन के लिए जाना जाता था, खास कर के जामदानी के लिए, जिसे मुगल दरबार का समर्थन प्राप्त था","इस्लामी    बंगाल    अपने    सर्वो त् तम    सू ती    वस् त्रों    और    सा ड़ियों    के    उत्पादन    के    लिए    जाना    जाता    था,    खास    कर    के    जा म दा नी    के    लिए,    जिसे    मुगल    दरबार    का    समर्थन    प्राप्त    था ",122,36
835,"797 ईस्वी (या शायद 801 ईस्वी) में, बगदाद के अब्बासिद खलीफा, हारून अल-राशिद ने शार्लेमेन को जल घड़ी के एक ""विशिष्ट रूप से अलंकृत नमूने"" के साथ अबुल-अब्बास नाम का एक एशियाई हाथी भेंट में दिया था","7 9 7    ईस्वी    ( या    शायद    8 0 1    ई स्वी )    में,    ब ग दा द    के    अ ब् बा सि द    ख ली फा ,    हार ू न    अल - राशि द    ने    शा र् ले मे न    को    जल    घ ड़ी    के    एक    "" विशिष्ट    रूप    से    अल ं कृत    न मू ने ""    के    साथ    अ बु ल- अ ब् बा स    नाम    का    एक    एशियाई    हा थी    भे ंट    में    दिया    था ",156,78
836,"अच्छी सामाजिक हैसियत वाली अंग्रेज महिलाएं गिनी-चुनी ही थीं; 1785 में अपने छोटे भाई को कानपुर से एक पत्र में शल्य-चिकित्सक जॉन स्टूअर्ट ने लिखा: यहाँ ज़्यादातर औरतें पैसों के लिए संबंध बनाने वाली, लुडगेट हिल की महिलाओं की टोपी की दुकान से हैं, और कुछ तो ओल्ड ड्रुरी (18वीं सदी के लंदन के जाने-माने वेश्यावृत्ति स्थल) से भी हैं","अच्छी    सामाजिक    है सिय त    वाली    अंग्रे ज    महिला एं    गि नी - चु नी    ही    थी ं ;    17 85    में    अपने    छोटे    भाई    को    का न पुर    से    एक    पत्र    में    शल ्य - चिकित्सक    जॉन    स्टू अर् ट    ने    लि खा :    यहाँ    ज़ ्यादातर    औ र तें    पै सों    के    लिए    संबंध    बनाने    वा ली,    लु ड गे ट    हि ल    की    महिलाओं    की    टो पी    की    दुकान    से    हैं,    और    कुछ    तो    ओ ल्ड    ड्र ु री    ( 18 वीं    सदी    के    लंदन    के    जा ने- माने    वेश ्या वृत्ति    स्थ ल)    से    भी    हैं ",266,100
837,"अगर मृत्यु कहीं और हुई हो, तो अस्थियों को गंगा में विसर्जित करने पर मुक्ति प्राप्त हो सकती है","अगर    मृत्यु    कहीं    और    हुई    हो,    तो    अ स्थ ियों    को    गंगा    में    वि सर् जित    करने    पर    मु क्ति    प्राप्त    हो    सकती    है ",75,24
838,"यह लेख उन विषयों पर ध्यान केंद्रित करता है जिन्हें चीन निषिद्ध करता है, जिसमें 1989 का तियानमेन चौक नरसंहार, अध्यक्ष माओ त्सेतुंग का सांस्कृतिक आंदोलन, हांग कांग की लोकतंत्र के लिए लड़ाई एवं शिंजियांग तथा तिब्बत में नस्ली तनाव शामिल हैं","यह    लेख    उन    विष यों    पर    ध्यान    केंद्रित    करता    है    जिन्हें    चीन    नि ष ि द्ध    करता    है,    जिसमें    1989    का    त िया न मे न    चौ क    नर सं हार ,    अध्यक्ष    मा ओ    त् से तु ंग    का    सांस्कृतिक    आंदो ल न,    हा ंग    का ंग    की    लोक तंत्र    के    लिए    लड़ाई    एव ं    शि ंज िया ंग    तथा    तिब्ब त    में    न स् ली    त नाव    शामिल    हैं ",195,71
839,अंग्रेज़ रानी की तस्वीर के स्थान पर अशोक के सिंहचतुर्मुख स्तम्भशीर्ष की तस्वीर लगाई गई,अंग्रे ज़    रानी    की    तस्वी र    के    स्थान    पर    अशोक    के    सिं ह च तुर् मुख    स्त म् भ शीर्ष    की    तस्वी र    लगा ई    गई ,72,26
840,प्लिनी द एल्डर ने यह भी कहा कि नियोजित दूरी 12 किलोमीटर (7,प् लि नी    द    एल् डर    ने    यह    भी    कहा    कि    नियो जित    दूरी    12    किलोमीटर    ( 7 ,46,18
841,5 मील) की थी और इसका उद्देश्य केस्ट्रीयन और हर्मेइन खाड़ी को जोड़ने के लिए थलसन्धि में नहर बनाने का था,5    मील)    की    थी    और    इसका    उद्देश्य    के स्ट्री यन    और    हर् मे इन    खाड़ी    को    जो ड़ने    के    लिए    थ ल स न् धि    में    न हर    बनाने    का    था ,82,31
842,"अर्थशास्त्र के अनुसार, एक सुवर्ण या कर्ष 80 रत्तियों के बराबर था (1 माशा = 5 रत्ती के मानक के अनुसार)","अर्थ शास्त्र    के    अनुसार,    एक    सु वर् ण    या    कर् ष    80    र त् तियों    के    बराबर    था    ( 1    मा शा    =   5    र त्ती    के    मानक    के    अनु सार ) ",81,32
843,हाल ही में किए गए सी14 निर्धारणों और अमरी द्वितीय-बी युग के मिट्टी के पात्रों के साथ शैलीगत तुलना से पता चलता है प्रथम दो चरणों को पूर्व-हड़प्पा धोलावीरा संस्कृति कहा जाना चाहिए और इसके होने की अवधि में पुनःपरिवर्तन निम्नलिखित है: प्रथम चरण (लगभग 3500 - 3200 ईसा पूर्व) और द्वितीय चरण (लगभग 3200 - 2600 ईसा पूर्व),हाल    ही    में    किए    गए    सी 14    निर् धार णों    और    अम री    द्वि ती य- बी    युग    के    मिट्टी    के    पा त्रों    के    साथ    शै ली गत    तुलना    से    पता    चलता    है    प्रथम    दो    चर णों    को    पूर्व - ह ड़ प् पा    धो ला वी रा    संस्कृति    कहा    जाना    चाहिए    और    इसके    होने    की    अवधि    में    पुन ः परिवर्तन    निम्न लिखित    है :    प्रथम    चरण    ( लगभग    3 500    -    3 200    ईसा    पूर्व )    और    द्वितीय    चरण    ( लगभग    3 200    -    2 6 00    ईसा    पूर्व ) ,255,91
844,"रूसी इतिहासकार लेव गुमिलेव ने लिखा था कि श्योंग्नू, मंगोल (मंगोल राज्य,ज़ुंघर खनाते) और तुर्किक लोगों (प्रथम तुर्किक खागनाते, उईगुर खागनाते) ने उत्तर की ओर चीनी अतिक्रमण को रोकने में भूमिका निभाई","रूसी    इतिहा स कार    ले व    गु मिले व    ने    लिखा    था    कि    श ्यो ंग् नू ,    मंग ो ल    ( मंग ो ल    राज्य , ज़ ु ं घर    ख ना ते )    और    तुर् किक    लोगों    ( प्रथम    तुर् किक    खा ग ना ते,    उ ई गु र    खा ग ना ते )    ने    उत्तर    की    ओर    चीनी    अति क्रमण    को    रोकने    में    भूमिका    निभाई ",164,68
845,"सन्दंश/संदम्सा (सदंशिका का नर्क): भागवत पुराण और देवी भागवत पुराण बताते हैं कि जो व्यक्ति किसी ब्राह्मण से कुछ चोरी करता है या आवश्यकता नहीं होने पर भी किसी से आभूषण या सोना चुराता है, तो उसे इस नर्क में कैद किया जाता है","स न् दं श / सं द म् सा    ( सद ं शि का    का    नर् क ) :    भाग व त    पुरा ण    और    देवी    भाग व त    पुरा ण    बताते    हैं    कि    जो    व्यक्ति    किसी    ब्राह्म ण    से    कुछ    चो री    करता    है    या    आवश्यकता    नहीं    होने    पर    भी    किसी    से    आ भू षण    या    सो ना    चु रा ता    है,    तो    उसे    इस    नर् क    में    कै द    किया    जाता    है ",177,74
846,पॉल हैकर ने भी सार-संग्रह सर्व-दर्शन-सिद्धांत संग्रह के संबंध में संदेह व्यक्त किया है कि शायद इसे पूर्ण रूप से शंकर ने नहीं रचा है क्योंकि कुछ-कुछ भागों में शैली में अंतर और विषयक असंगतताएं हैं,पॉ ल    है कर    ने    भी    सार - संग्रह    सर्व - दर्श न- सिद्धा ंत    संग्रह    के    संबंध    में    संदेह    व्यक्त    किया    है    कि    शायद    इसे    पूर्ण    रूप    से    शं कर    ने    नहीं    र चा    है    क्योंकि    कु छ - कुछ    भागों    में    शैली    में    अंतर    और    विष यक    अ संग त ता एं    हैं ,159,55
847,"विलेम वैन शेंडल और हेंक शुल्ते नोर्डहोल्ट के अनुसार, 1950 और 1960 के दशकों में पाकिस्तानी शासन का विरोध करने के बाद बांग्लादेशियों के बीच यह पर्व सांस्कृतिक गौरव तथा विरासत को अभिव्यक्त करने का एक लोकप्रिय जरिया बन गया","वि ले म    वै न    शे ंड ल    और    हे ंक    शु ल् ते    नो र् ड हो ल्ट    के    अनुसार,    1950    और    1960    के    दश कों    में    पाकि स्तानी    शासन    का    विरोध    करने    के    बाद    बांग्ला देश ियों    के    बीच    यह    पर् व    सांस्कृतिक    गौ र व    तथा    विरासत    को    अभि व्यक्त    करने    का    एक    लोकप्रिय    ज रिया    बन    गया ",179,61
848,"अला अल-दिन हुसैन ग़ज़नवी शासित क्षेत्र में विध्वंसकारी धावा बोला और उसकी राजधानी को तहस-नहस कर दिया, हालांकि सलजूकों ने उसको हराया था जिससे कुछ समय के लिए तेजी से फैल रहे घुरिद कुछ समय के लिए रुक गए","अ ला    अल - दिन    हु सैन    ग ़ ज़ न वी    शासित    क्षेत्र    में    विध ् वं सक ारी    धा वा    बो ला    और    उसकी    राजधानी    को    त ह स- न ह स    कर    दिया,    हालांकि    सल जू कों    ने    उस को    हराया    था    जिससे    कुछ    समय    के    लिए    तेजी    से    फैल    रहे    घु रि द    कुछ    समय    के    लिए    रु क    गए ",160,64
849,पल्लव निर्माण के प्राचीनतम उदाहरण हैं चट्टान काट कर बनाए गए मंदिर जो 610 ईस्वी से लेकर 690 ईस्वी के बीच बनाए गए थे और संरचनागत मंदिर जो 690 ईस्वी से लेकर 900 ईस्वी के बीच बनाए गए,पल्ल व    निर्माण    के    प्रा ची नतम    उदाहरण    हैं    चट्टान    का ट    कर    बनाए    गए    मंदिर    जो    6 10    ईस्वी    से    लेकर    6 90    ईस्वी    के    बीच    बनाए    गए    थे    और    सं रच ना गत    मंदिर    जो    6 90    ईस्वी    से    लेकर    9 00    ईस्वी    के    बीच    बनाए    गए ,141,49
850,शालंकायन एक प्राचीन वंश था जो 300 से 440 ईस्वी तक गोदावरी और कृष्णा नदियों के बीच आंध्र क्षेत्र पर शासन करता था और उसकी राजधानी वेंगी (आज का पेड्डवेगि) थी,शा लं का यन    एक    प्राचीन    वंश    था    जो    300    से    4 40    ईस्वी    तक    गो दा वरी    और    कृष् णा    नदियों    के    बीच    आंध्र    क्षेत्र    पर    शासन    करता    था    और    उसकी    राजधानी    वे ंगी    ( आज    का    पे ड् ड वे गि )    थी ,124,45
851,"पुरुषों द्वारा विवाहेतर यौन संबंध रखना 6 संस्कृतियों में ""सामान्य"" होने के रूप में वर्णित है, 29 संस्कृतियों में ""कुछ हद तक सामान्य"" कहा गया है, 6 संस्कृतियों में ""कभी-कभार"" होने वाला कहा है और 10 संस्कृतियों में इसे ""असामान्य"" माना गया है","पुरुषों    द्वारा    विवा हे तर    यौन    संबंध    रखना    6    संस् कृतियों    में    "" सामान ्य ""    होने    के    रूप    में    वर्णित    है,    29    संस् कृतियों    में    "" कुछ    हद    तक    सामान ्य ""    कहा    गया    है,    6    संस् कृतियों    में    "" कभी- क भार ""    होने    वाला    कहा    है    और    10    संस् कृतियों    में    इसे    "" अ सामान ्य ""    माना    गया    है ",197,63
852,"उतनी ही बहुमूल्य थी जहाज की विवरण पुस्तिका (नाविक की हस्तपुस्तिका), जिसमें चीन, भारत, और जापान के व्यापार मार्गों की महत्वपूर्ण जानकारी दी गई थी","उ तनी    ही    बहु मूल्य    थी    जहाज    की    विवरण    पुस् ति का    ( ना विक    की    हस्त पुस् ति का ),    जिसमें    ची न,    भार त,    और    जापान    के    व्यापार    मार् गों    की    महत्वपूर्ण    जानकारी    दी    गई    थी ",120,38
853,"इस क्षेत्र में कला संस्थान ढाका, दृश्य कला का महत्वपूर्ण केंद्र रहा है","इस    क्षेत्र    में    कला    संस्थान    ढा का,    दृश्य    कला    का    महत्वपूर्ण    केंद्र    रहा    है ",58,14
854,"ब्रह्मसूत्र (जिसे वेदांत सूत्र भी कहा जाता है, प्रथम सहस्राब्दी ई","ब्रह्म सू त्र    ( जिसे    वे दा ंत    सू त्र    भी    कहा    जाता    है,    प्रथम    सह स्रा ब् दी    ई ",55,20
855,पू,पू ,2,1
856,में रचित) के पद 1,में    र चि त )    के    पद    1 ,13,8
857,1,1 ,1,1
858,"4 में इसे स्वीकार करते हुए उपनिषदीय शिक्षाओं को टुकड़ों में नहीं बल्कि एक ऐसे व्यापक तरीके से समझने की आवश्यकता पर जोर दिया गया है जहां वैदिक ग्रंथों में विचारों को धारणा, अनुमान और शेष प्रमाणों जैसे ज्ञान के अन्य रूपों के साथ देखना भी शामिल है","4    में    इसे    स्वीकार    करते    हुए    उप नि ष द ीय    शिक्ष ा ओं    को    टु कड़ों    में    नहीं    बल्कि    एक    ऐसे    व्यापक    तरीके    से    समझ ने    की    आवश्यकता    पर    जोर    दिया    गया    है    जहां    वैदिक    ग्रंथों    में    वि चारों    को    धार णा ,    अनुमान    और    शेष    प्रमा णों    जैसे    ज्ञान    के    अन्य    रूपों    के    साथ    देख ना    भी    शामिल    है ",197,61
859,यह सुझाव देता है कि इन पेशों के सदस्यों को इस गुप्तचर सेवा में शामिल होने के लिए बुलाया जाना चाहिए,यह    सुझाव    देता    है    कि    इन    पेश ों    के    सदस्यों    को    इस    गु प्त चर    सेवा    में    शामिल    होने    के    लिए    बु लाया    जाना    चाहिए ,78,25
860,अंत में एक छोटा पाठ्यांश युद्ध संबंधी महत्वपूर्ण शंकाओं को संबोधित करता है और युद्ध हाथियों एवं लोगों के विभिन्न उपयोगों को समझाता है,अंत    में    एक    छोटा    पाठ ्या ंश    युद्ध    संबंधी    महत्वपूर्ण    शं काओं    को    सं बो धित    करता    है    और    युद्ध    हा थियों    एव ं    लोगों    के    विभिन्न    उप यो गों    को    समझ ा ता    है ,110,35
861,"धर्मग्रंथ का अधिकांश भाग 31 मुख्य रागों में विभाजित है, और प्रत्येक ग्रंथ राग उसकी लंबाई और रचनाकार के अनुसार पुनर्विभाजित है","धर्म ग्रंथ    का    अधिकांश    भाग    31    मुख्य    रा गों    में    विभाजित    है,    और    प्रत्येक    ग्रंथ    राग    उसकी    लंबाई    और    रच ना कार    के    अनुसार    पुनर् विभाजित    है ",104,27
862,"इस उपनिषद का पाठ गद्य शैली में है, जिसमें भिन्न लंबाई के पाठ्यांशों का मिश्रित समूह है","इस    उप नि ष द    का    पाठ    ग द्य    शैली    में    है,    जिसमें    भिन्न    लंबाई    के    पाठ ्या ं श ों    का    मिश्रित    समूह    है ",70,25
863,"भारतीय नास्तिक धारणाओं में शामिल हैं बौद्ध संप्रदाय, जैन संप्रदाय, चार्वाक, आजीविका और अन्य","भारतीय    ना स् तिक    धार णा ओं    में    शामिल    हैं    बौद्ध    सं प्रदा य,    जैन    सं प्रदा य,    चार् वा क,    आ जी वि का    और    अन्य ",78,27
864,"उदाहरण के लिए, ""चालबाज़ और बोलने वाला बल्ब"" उस ""बूढ़े आदमी"" की कहानी है जो बल्ब की चेतावनियों को नज़रअंदाज़ करता है और परिणामतः, अवज्ञा के लिए उसे दंडित किया जाता है","उदाहरण    के    लिए,    "" चा ल बा ज़    और    बो लने    वाला    बल् ब ""    उस    "" बू ढ़ े    आ द मी ""    की    कहानी    है    जो    बल् ब    की    चेता व नियों    को    न ज़ र अं दा ज़    करता    है    और    परिणा मत ः ,    अव ज्ञ ा    के    लिए    उसे    द ंड ित    किया    जाता    है ",134,60
865,"यह सिक्के आम तौर पर तांबे के थे और बहुत कम चांदी के हुआ करते थे, धातु के सांचे आवश्यक प्रारूप के साथ ध्यानपूर्वक ढाले जाते थें","यह    सिक् के    आम    तौर    पर    ता ंब े    के    थे    और    बहुत    कम    चा ं दी    के    हुआ    करते    थे,    धा तु    के    सां चे    आवश्यक    प्रार ूप    के    साथ    ध्या न पूर्वक    ढा ले    जाते    थ ें ",100,39
866,"कठोपनिषद का कहना है कि जो व्यक्ति शाश्वत का मनन करता है न कि कुटिलता का, वह उन्मुक्त हो जाता है और कभी विषाद का अनुभव नहीं करता है","कठ ो प नि ष द    का    कहना    है    कि    जो    व्यक्ति    शा श्व त    का    मन न    करता    है    न    कि    कु टि लता    का,    वह    उन् मुक्त    हो    जाता    है    और    कभी    विषा द    का    अनुभव    नहीं    करता    है ",102,41
867,"यह भाग उन कार्यों या कर्मों के नामों की एक सूची के साथ पूरा होता है, जो विभिन्न प्रकार के हथियारों के साथ संभव हैं, जिसमें तलवार और ढाल (खगकर्मविधौ) के साथ ली जाने वाली 32 स्थितियाँ, लड़ाई में रस्सी का उपयोग करने की 11 तकनीकें, 5 रस्सी संचालन के कार्य, साथ ही चक्र, भाला, तोमर (लोहे की लाठी), गदा, कुल्हाड़ी, हथौड़ा, भिन्दिपाल या लगुड़ा, वज्र, खंजर, गुलेल, और सोंटा या डंडे से संबंधित कर्मों की सूची शामिल हैं","यह    भाग    उन    कार्यों    या    कर् मों    के    ना मों    की    एक    सूची    के    साथ    पूरा    होता    है,    जो    विभिन्न    प्रकार    के    हथ िय ारों    के    साथ    संभव    हैं,    जिसमें    तल वार    और    ढा ल    ( ख ग कर्म विध ौ )    के    साथ    ली    जाने    वाली    3 2    स्थि त ियाँ,    लड़ाई    में    रस् सी    का    उपयोग    करने    की    11    तकनी के ं,    5    रस् सी    संचालन    के    कार्य ,    साथ    ही    चक्र ,    भा ला,    तो मर    ( लो हे    की    ला ठी ),    ग दा ,    कु ल् हा ड़ ी,    हथ ौ ड़ा ,    भि न् दि पाल    या    लग ु ड़ा ,    वज ्र ,    ख ंज र,    गु ले ल,    और    सो ंट ा    या    ड ंडे    से    संबंधित    कर् मों    की    सूची    शामिल    हैं ",331,131
868,"यह यूगस्लाविया के आम बाज़ार पर पश्चिमी देशों द्वारा लगाए गए प्रतिबंध से शुरू हो कर उत्तरी मैसेडोनिया के पिछले नाम, मैसेडोनिया गणराज्य के संबंध में यूनान द्वारा लगाए गए प्रतिबंध के साथ समाप्त होता है","यह    यू ग स् ला व िया    के    आम    बा ज़ार    पर    पश्चिमी    देशों    द्वारा    लगा ए    गए    प्रतिबंध    से    शुरू    हो    कर    उत्तरी    मै से डो निया    के    पिछले    ना म,    मै से डो निया    गणराज्य    के    संबंध    में    यूना न    द्वारा    लगा ए    गए    प्रतिबंध    के    साथ    समाप्त    होता    है ",163,52
869,1991 में भारी अवमूल्यन और 1994 में चालू खाता परिवर्तनीयता में अवस्थांतर के बाद से रुपये का मूल्य काफी हद तक आर्थिक कारकों द्वारा निर्धारित होता है,1991    में    भारी    अव मूल ्य न    और    1994    में    चा लू    खाता    परिवर्त नी यता    में    अव स्था ंतर    के    बाद    से    रुपये    का    मूल्य    काफी    हद    तक    आर्थिक    कार कों    द्वारा    निर्धारित    होता    है ,120,36
870,"उनके परिवार की कंपनी, चीनी-थाई इंजीनियरिंग एवं निर्माण पी","उनके    परिवार    की    कंप नी,    ची नी - था ई    इं जी निय रिंग    एव ं    निर्माण    पी ",49,18
871,सी,सी ,2,1
872,एल,ए ल ,2,2
873,", ने बैंकॉक के सुवर्णभूमि जैसी कई सरकारी बृहद्-परियोजनाओं का निर्माण किया",",    ने    बैं कॉ क    के    सु वर्ण भूमि    जैसी    कई    सरकारी    बृह द् - परियोज नाओं    का    निर्माण    किया ",62,20
874,"ऐपल स्टोर का खुलना और नए उत्पादों का विमोचन सैकड़ों लोगों को अपनी ओर खींचता है, जिनमें से कुछ तो खुलने के एक दिन पहले से ही कतार में प्रतीक्षा करते रहते हैं","ऐ पल    स्टोर    का    खु लना    और    नए    उत्पादों    का    वि मो चन    सै कड़ों    लोगों    को    अपनी    ओर    खी ंच ता    है,    जिनमें    से    कुछ    तो    खु लने    के    एक    दिन    पहले    से    ही    क तार    में    प्रती क्षा    करते    रहते    हैं ",124,43
875,"एप्पल इंजीलवादी गाय कावासाकी ने ब्रांड कट्टरता को ""ऐसा कुछ जो बस संयोग से हुआ था,"" बताते हुए कहा कि 2014 में उन्होंने बताया था कि एप्पल उत्पादों के साथ ""लोगों का अनोखा व्यक्तिगत संबंध है""","ए प्प ल    इं जी ल वादी    गा य    का वा सा की    ने    ब्रांड    क ट्ट रता    को    "" ऐसा    कुछ    जो    बस    सं योग    से    हुआ    था , ""    बताते    हुए    कहा    कि    2014    में    उन्होंने    बताया    था    कि    ए प्प ल    उत्पादों    के    साथ    "" लोगों    का    अन ो खा    व्यक्तिगत    संबंध    है "" ",152,57
876,"इसे 1994 में शुल्क आधारित सेवा के रूप में शुरू किया गया था जिसे सैटेलाइट टेलिविज़न प्रदाता डायरेकटीवी, दिन में 13 घंटे, सप्ताह के सातों दिन प्रसारित करता था","इसे    1994    में    शुल्क    आधारित    सेवा    के    रूप    में    शुरू    किया    गया    था    जिसे    सै टे लाइ ट    टे लि वि ज़न    प्रदा ता    डाय रे क टी वी ,    दिन    में    13    घ ं टे ,    सप्ताह    के    सा तों    दिन    प्रसारित    करता    था ",128,45
877,2019 में एसेल समूह में केवल ज़ी एंटरटेनमेंट एंटरप्राइजेज लि,2019    में    ए सेल    समूह    में    केवल    ज़ी    ए ंटर टेन मेंट    ए ंटर प्रा इ जे ज    लि,50,19
878,"(ज़ील) ही लाभ देने वाली कंपनी थी; समूह का समग्र कर्ज लगभग 20,000 करोड़ था (2020 में यह 210 बिलियन के बराबर या 2","( ज़ी ल)    ही    लाभ    देने    वाली    कंपनी    थी ;    समूह    का    सम ग्र    कर् ज    लगभग    20 ,000    करोड़    था    ( 2020    में    यह    2 10    बिल ियन    के    बराबर    या    2 ",88,33
879,6 बिलियन अमरीकी डॉलर के बराबर था),6    बिल ियन    अमरीकी    डॉलर    के    बराबर    था ) ,27,9
880,ई,ई ,1,1
881,डी,डी ,2,1
882,एस,ए स ,2,2
883,ने ए,ने    ए ,3,2
884,टी,टी ,2,1
885,"कर्नी में सैकड़ों लोगों को नौकरी से निकाला, मुआवज़ा कम किया, बैक-ऑफिस के कार्यों को सुदृढ़ किया और अंत में ए","कर् नी    में    सै कड़ों    लोगों    को    नौकरी    से    निका ला,    मु आ व ज़ा    कम    किया,    बै क- ऑफिस    के    कार्यों    को    सु दृ ढ़    किया    और    अंत    में    ए ",88,31
886,टी,टी ,2,1
887,"कर्नी का मुख्यालय शिकागो से स्थानांतरित करके प्लेनो, टेक्सस ले गए","कर् नी    का    मुख्यालय    शिका गो    से    स्थानांतरित    करके    प्ले नो ,    टे क्स स    ले    गए ",55,17
888,"अर्ध-सरकारी संगठनों का निजीकरण, कृषिक विपणन समितिययों का विलयन, विदेशी निवेशों का समर्थन करने वाले अधिक उदार निवेश कोडों का अनुमोदन, बैंकिंग क्षेत्र का निजीकरण, पारंपरिक, प्राथमिक-उत्पाद आयातों का विविधीकरण, तथा खाद्य उत्पादन में बढ़े हुए निवेश 1980 के बाद के रत्सिराका और ज़ाफ़ी शासनों के अंतर्गत किए गए हैं","अर्ध - सरकारी    संगठ नों    का    नि जी कर ण,    कृ ष िक    वि प णन    समि त िय यों    का    वि ल य न,    विदेशी    निवेश ों    का    समर्थन    करने    वाले    अधिक    उ दार    निवेश    को डों    का    अनु मो द न,    बैं किंग    क्षेत्र    का    नि जी कर ण,    पारंप रि क,    प्राथ मि क- उत्पाद    आ या तों    का    विवि धी कर ण,    तथा    खाद्य    उत्पादन    में    बढ़ े    हुए    निवेश    1980    के    बाद    के    र त् सि रा का    और    ज़ा फ़ ी    शास नों    के    अंतर् गत    किए    गए    हैं ",259,95
889,"अंतर्राष्ट्रीय वित्त निगम (वाशिंगटन), ए","अंतर्राष्ट्रीय    वित्त    निगम    ( वा शि ंग ट न ),    ए ",35,11
890,डी,डी ,2,1
891,बी,बी ,2,1
892,", ए",",    ए ",2,2
893,एफ,ए फ ,2,2
894,आई,आई ,2,1
895,सी,सी ,2,1
896,", सी",",    सी ",3,2
897,डी,डी ,2,1
898,सी,सी ,2,1
899,", आदि जैसे बहुपक्षीय वित्तीय संस्थानों के निजी क्षेत्र के गतिविधि-केन्द्र से वाणिज्यिक बैंक ऋण, क्रेता-ऋण, आपूर्तिकर्ता-ऋण, फ्लोटिंग-रेट नोट और फिक्स्ड-रेट बांड आदि जैसे प्रतिभूतिकृत उपकरण, आधिकारिक निर्यात ऋण एजेंसियों से ऋण, और आधिकारिक निर्यात ऋण एजेंसियों से ऋण वाणिज्यिक उधार ई",",    आदि    जैसे    बहु पक्ष ीय    वित्तीय    सं स्थानों    के    निजी    क्षेत्र    के    गति वि धि - के न् द्र    से    वाणिज ्य िक    बैंक    ऋ ण,    क्रे ता- ऋ ण,    आ पूर् ति कर् ता- ऋ ण,    फ्लो टि ंग - रेट    नो ट    और    फि क् स् ड - रेट    बा ंड    आदि    जैसे    प्रति भू ति कृत    उप कर ण,    आधिकारिक    निर् यात    ऋण    एजे ंस ियों    से    ऋ ण,    और    आधिकारिक    निर् यात    ऋण    एजे ंस ियों    से    ऋण    वाणिज ्य िक    उ धार    ई ",241,89
900,सी,सी ,2,1
901,बी,बी ,2,1
902,के उदाहरण हैं,के    उदाहरण    हैं ,11,3
903,"यह 17 मई, 2016 में एस","यह    17    म ई,    2016    में    ए स ",16,8
904,बी,बी ,2,1
905,आई,आई ,2,1
906,बोर्ड द्वारा उसके पाँच सहायक बैंकों और भारतीय महिला बैंक को अपने में विलय करने के प्रस्ताव के पारित होने के एक महीने बाद आया,बोर्ड    द्वारा    उसके    पाँच    सहायक    बैं कों    और    भारतीय    महिला    बैंक    को    अपने    में    विलय    करने    के    प्रस्ताव    के    पार ित    होने    के    एक    महीने    बाद    आया ,100,27
907,कुल राजस्व के अनुसार सबसे बड़े संयुक्त राज्य अमेरिकी निगमों की 2018 की फ़ॉरचून सूची में अमेरिकन एक्सप्रेस 86वें स्थान पर रहा,कुल    राज स्व    के    अनुसार    सबसे    बड़े    संयुक्त    राज्य    अमेरिकी    निग मों    की    2018    की    फ़ ॉ र चू न    सूची    में    अमेरि कन    एक्स प्रेस    8 6 वें    स्थान    पर    रहा ,103,32
908,"खनन तथा प्राकृतिक गैस निष्कर्षण में निवेश में वृद्धि हुई, साथ ही बैंकिंग क्षेत्र के निवेश में भी","ख नन    तथा    प्राकृतिक    गैस    निष् कर् षण    में    निवेश    में    वृद्धि    हुई,    साथ    ही    बैं किंग    क्षेत्र    के    निवेश    में    भी ",79,22
909,1913 से 1929 के बीच इसका कृषिक आयात 30 लाख डॉलर (20 लाख डॉलर केलों से) से बढ़ कर 2,19 13    से    19 29    के    बीच    इसका    कृ ष िक    आ यात    30    लाख    डॉलर    ( 20    लाख    डॉलर    के लों    से )    से    बढ़    कर    2 ,63,28
910,5 करोड़ डॉलर (2,5    करोड़    डॉलर    ( 2 ,12,5
911,10 करोड़ केलों से) हो गया,10    करोड़    के लों    से )    हो    गया ,20,8
912,"अलबत्ता व्यापार चक्र की आर्थिक अस्थिरता ने पोलैण्ड की बेरोजगारी दर को अवश्य प्रभावित किया, जो कि 2013 की शुरुआत में लगभग 11 प्रतिशत तक पहुँच गया था","अल ब त्ता    व्यापार    चक् र    की    आर्थिक    अ स्थि रता    ने    पो लै ण् ड    की    बे रो जग ारी    दर    को    अव श ्य    प्रभावित    किया,    जो    कि    2013    की    शुरुआत    में    लगभग    11    प्रतिशत    तक    पहुँच    गया    था ",120,41
913,बी,बी ,2,1
914,एस,ए स ,2,2
915,ई,ई ,1,1
916,ने इस सूचकांक का उपयोग करते हुए एस,ने    इस    सूच का ंक    का    उपयोग    करते    हुए    ए स ,27,11
917,एण्ड पी,ए ण् ड    पी ,6,4
918,बी,बी ,2,1
919,एस,ए स ,2,2
920,ई,ई ,1,1
921,सेनसेक्स वायदा अनुबंधों का व्यापार करके 2000 में अपना संजात बाज़ार खोला है,से न से क्स    वाय दा    अनु बंध ों    का    व्यापार    करके    2000    में    अपना    सं जात    बा ज़ार    खो ला    है ,62,22
922,2001 और 2002 में बी,2001    और    2002    में    बी ,15,5
923,एस,ए स ,2,2
924,ई,ई ,1,1
925,के व्यापार मंच का विस्तार करते हुए हिस्सेदारी संजातों के साथ-साथ एस,के    व्यापार    मंच    का    विस्तार    करते    हुए    हिस् से दारी    सं जा तों    के    साथ-साथ    ए स ,56,17
926,एण्ड पी,ए ण् ड    पी ,6,4
927,बी,बी ,2,1
928,एस,ए स ,2,2
929,ई,ई ,1,1
930,सेंसेक्स विकल्पों का विकास हुआ,सें से क्स    विक ल्प ों    का    विकास    हुआ ,26,9
931,1997 में एफ,1997    में    ए फ ,9,4
932,ए,ए ,1,1
933,ओ,ओ ,1,1
934,"ने टेलीफूड शुरू किया जो संगीत समारोह, खेल-कूद के कार्यक्रम और अन्य क्रियाओं का अभियान था जिससे मीडिया, ख्याति प्राप्त व्यक्तियों और लोगों की चिंता करने वाले नागरिकों के सामर्थ्य को काम में लाया जा सके और लोगों की भूख मिटाने में मदद मिल सके","ने    टेली फू ड    शुरू    किया    जो    संगीत    समारो ह,    खे ल- कू द    के    कार्यक्रम    और    अन्य    क्रिया ओं    का    अभियान    था    जिससे    मी ड िया,    ख्या ति    प्राप्त    व्यक्तियों    और    लोगों    की    चिंता    करने    वाले    नागरि कों    के    साम र्थ ्य    को    काम    में    लाया    जा    सके    और    लोगों    की    भू ख    मि टा ने    में    मदद    मिल    सके ",195,61
935,"व्यवसाय सेवाएँ: 2,800,000 से अधिक कार्य इकाइयों के साथ 630,000 पंजीकृत कंपनियाँ, जो उद्यमी ताने-बाने के 10","व्यवसाय    सेवा ए ँ :    2, 8 0 0,000    से    अधिक    कार्य    इका इयों    के    साथ    6 3 0,000    पंजी कृत    कंप निया ँ,    जो    उद ्य मी    ता ने- बा ने    के    10 ",90,34
936,3 प्रतिशत के बराबर हैं,3    प्रतिशत    के    बराबर    हैं ,18,5
937,2017 में ए,2017    में    ए ,8,3
938,एन,ए न ,2,2
939,ज़ेड,ज़े ड ,4,2
940,ने रियलास संपत्ति मूल्य पूर्वानुमानक स्टार्ट-अप प्राप्त कर लिया,ने    रिय लास    संपत्ति    मूल्य    पूर् वा नु मानक    स्टा र् ट - अ प    प्राप्त    कर    लिया ,55,18
941,"इससे 1,482 शहरी और 58 बहु-राज्यीय सहकारी बैंक भारतीय रिज़र्व बैंक की देख-रेख में आ गए","इससे    1, 4 8 2    शहरी    और    5 8    बहु - राज्य ीय    सह कारी    बैंक    भारतीय    रि ज़ र् व    बैंक    की    देख - रे ख    में    आ    गए ",70,30
942,"इस प्रकार वूलविच बर्कले समूह की कंपनियों से जुड़ गया, और अधिग्रहण के बाद वूलविच नाम कायम रखा गया","इस    प्रकार    व ू ल वि च    बर् क ले    समूह    की    कंपनियों    से    जु ड़    गया,    और    अधि ग्रहण    के    बाद    व ू ल वि च    नाम    का यम    रखा    गया ",78,32
943,"अक्टूबर 2012 में गिरते हुए बिक्री राजस्व के कारण, खर्चे कम करने के लिए इसने अपने जनबल के अतिरिक्त 15 प्रतिशत को हटाने की घोषणा की","अक्टूबर    2012    में    गिर ते    हुए    बिक्री    राज स्व    के    कारण,    खर् चे    कम    करने    के    लिए    इसने    अपने    जन बल    के    अतिरिक्त    15    प्रतिशत    को    हटा ने    की    घोषणा    की ",104,31
944,"सीमेंस की परिभाषा ""अंतर्राष्ट्रीय"" वॉट के रूप में अंगीकृत की गई थी","सी मे ंस    की    परि भाषा    "" अंतर ्राष्ट्र ी य ""    वॉ ट    के    रूप    में    अंग ी कृत    की    गई    थी ",55,23
945,"इसके अलावा, बजाज समूह ने कई शैक्षिक गतिविधियाँ भी आरंभ की हैं","इसके    अलावा,    बजा ज    समूह    ने    कई    शै क्ष िक    गतिविध ियाँ    भी    आर ंभ    की    हैं ",50,17
946,2015 की जनवरी से मार्च की अवधि के दौरान चीन के 7 प्रतिशत की तुलना में भारत का सकल घरेलू उत्पाद विकास 7,2015    की    जनवरी    से    मार्च    की    अवधि    के    दौरान    चीन    के    7    प्रतिशत    की    तुलना    में    भारत    का    सक ल    घरेलू    उत्पाद    विकास    7 ,80,24
947,"5 प्रतिशत था, जो इसे सबसे तेजी से बढ़ने वाली अर्थव्यवस्था बनाता है","5    प्रतिशत    था,    जो    इसे    सबसे    तेजी    से    बढ़ने    वाली    अर्थव्यवस्था    बनाता    है ",54,13
948,दीर्घकालिक निवेश कई सालों तक के लिए किए जाने चाहिए न कि निकट भविष्य में निपटा देने के इरादे से,दीर्घ कालिक    निवेश    कई    सा लों    तक    के    लिए    किए    जाने    चाहिए    न    कि    निक ट    भविष्य    में    नि प टा    देने    के    इरा दे    से ,75,26
949,पूर्व मानव संसाधन विकास मंत्री आर,पूर्व    मानव    सं साधन    विकास    मंत्री    आ र ,28,8
950,के,के ,2,1
951,"राघवन की अध्यक्षता वाले एक समूह, राघवन कमेटी, को शिक्षा-क्षेत्र से रैगिंग को जड़ से उखाड़ने के लिए बने एक गठबंधन (क्योर) के सह-संस्थापक हर्ष अग्रवाल की तरफ से 28 दिसंबर 2010 को, एक दृश्य के बारे में, जहाँ वरिष्ठ खिलाड़ियों द्वारा प्राथमिक खिलाड़ियों की रैगिंग की जाती है, अपनी नाखुशी जताते हुए एक पत्र मिला","रा घ वन    की    अध्य क्ष ता    वाले    एक    समू ह,    रा घ वन    क मे टी,    को    शिक्ष ा - क्षेत्र    से    रै गि ंग    को    ज ड़    से    उ खा ड़ने    के    लिए    बने    एक    गठबंधन    ( क्यो र)    के    सह- संस्थापक    ह र्ष    अग्र वाल    की    तरफ    से    28    दिसंबर    2010    को,    एक    दृश्य    के    बारे    में,    जहाँ    वरि ष्ठ    खिलाड़ियों    द्वारा    प्राथमिक    खिलाड़ियों    की    रै गि ंग    की    जाती    है,    अपनी    ना खुशी    ज ता ते    हुए    एक    पत्र    मिला ",251,84
952,पुनरुत्थान के प्रयासों में जीन-चार्ल्स डी कास्टेलबजैक को कलात्मक निर्देशक के रूप में नियुक्त करना और ऑलिवेरो टोस्कैनी को फोटोग्राफर के रूप में पुनःनियुक्त करना शामिल था,पुन रु त् था न    के    प्रयासों    में    जी न- चार् ल्स    डी    का स्टे ल ब जै क    को    कला त्मक    निर्देशक    के    रूप    में    नियुक्त    करना    और    ऑ लि वे रो    टो स्कै नी    को    फो टो ग्रा फर    के    रूप    में    पुन ः नियुक्त    करना    शामिल    था ,142,50
953,"प्रसिद्ध विदेशी कंपनियाँ जिन्होंने मेक्सिको में संयुक्त उद्यम कंपनियाँ स्थापित की हैं, उनमें हैं सैमसंग जिसने स्थानीय डिज़ाइनर और निर्माता, सैमेक्स, की स्थापना की है जो तैयार टेलिविज़न, फ्रिज, कपड़े धोने की मशीन, आदि और भिन्न प्रकार के इलेक्ट्रौनिक पुर्जे जैसे कि प्रिंट किए हुए सर्किट बोर्ड, एल","प्रसिद्ध    विदेशी    कंप नियाँ    जिन्होंने    मे क्सिको    में    संयुक्त    उद ्य म    कंप नियाँ    स्थापित    की    हैं,    उनमें    हैं    सै म सं ग    जिसने    स्थानीय    डि ज़ा इन र    और    निर्मा ता,    सै मे क् स,    की    स्थापना    की    है    जो    तैयार    टे लि वि ज़ न,    फ्र ि ज,    कपड़े    धो ने    की    मशी न,    आदि    और    भिन्न    प्रकार    के    इलेक् ट्र ौ निक    पुर् जे    जैसे    कि    प्रि ंट    किए    हुए    सर् कि ट    बोर् ड,    ए ल ",248,80
954,सी,सी ,2,1
955,डी,डी ,2,1
956,"पैनेल और अर्धचालकों का उत्पादन करते हैं; और तोशिबा जिसने तोशिबा द मेक्सिको, एस","पै ने ल    और    अर्ध चा ल कों    का    उत्पादन    करते    हैं;    और    तो शि बा    जिसने    तो शि बा    द    मे क्सि को,    ए स ",65,26
957,ए,ए ,1,1
958,द सी,द    सी ,3,2
959,वी,वी ,2,1
960,"की स्थापना की, जो प्रशासनिक रूप से स्वायत्त सहायक कंपनी है और यह इलेक्ट्रौनिक पुर्जे, टेलिविशन और भारी औद्योगिक उपकरण का उत्पादन करती है","की    स्थापना    की,    जो    प्रशासनिक    रूप    से    स्वा य त्त    सहायक    कंपनी    है    और    यह    इलेक् ट्र ौ निक    पुर् जे ,    टे लि वि शन    और    भारी    औद्यो गिक    उपकरण    का    उत्पादन    करती    है ",113,35
961,2014 में सरकार ने बीमा क्षेत्र में विदेशी निवेश की ऊपरी सीमा 26 प्रतिशत से बढ़ा कर 49 प्रतिशत कर दी,2014    में    सरकार    ने    बीमा    क्षेत्र    में    विदेशी    निवेश    की    ऊपरी    सीमा    26    प्रतिशत    से    बढ़ा    कर    4 9    प्रतिशत    कर    दी ,79,22
962,अनुसूचित बैंक वे हैं जिन्हें भारतीय रिज़र्व बैंक अधिनियम 1934 की द्वितीय अनुसूची के तहत शामिल किया गया है,अनु सूचित    बैंक    वे    हैं    जिन्हें    भारतीय    रि ज़ र् व    बैंक    अधिनियम    193 4    की    द्वितीय    अनु सूची    के    तहत    शामिल    किया    गया    है ,87,25
963,एक 32 इंच (81 से,एक    3 2    इं च    ( 8 1    से ,12,9
964,मी,मी ,2,1
965,) का टी,)    का    टी ,5,3
966,वी,वी ,2,1
967,"मॉनीटर, 60","मॉ नी ट र,    60 ",9,5
968,6 इंच (154 से,6    इं च    ( 15 4    से ,10,7
969,मी,मी ,2,1
970,") चौड़ा दो सीटों वाला लेटने वाला सोफा, कमरे से लगा हुआ फुहारे वाला स्नानघर, 82 इंच (210 से",")    चौ ड़ा    दो    सी टों    वाला    ले टने    वाला    सो फा ,    कम रे    से    लगा    हुआ    फु ह ारे    वाला    स्ना न घ र,    8 2    इं च    ( 2 10    से ",72,34
971,मी,मी ,2,1
972,") लंबा, 47",")    लं बा ,    4 7 ",8,6
973,5 इंच (121 से,5    इं च    ( 1 21    से ,10,7
974,मी,मी ,2,1
975,") चौड़ा डबल बेड, और साथ ही साथ एक निजी नौकर, सब-कुछ इस कमरों के सेट के साथ शामिल है",")    चौ ड़ा    ड बल    बे ड,    और    साथ    ही    साथ    एक    निजी    नौ कर,    सब - कुछ    इस    कम रों    के    सेट    के    साथ    शामिल    है ",64,27
976,"पहली उत्पादकता पैदा करने के लिए अभिकल्पित उपभोक्ता अर्थव्यवस्था है, जबकि बाद वाली सर्वसत्तावादी सामाजिक नियंत्रण के एजेंट के रूप में अभिकल्पित अभाव अर्थव्यवस्था है","पहली    उत्पा द कता    पैदा    करने    के    लिए    अभि कल्प ित    उप भो क्ता    अर्थव्यवस्था    है,    जबकि    बाद    वाली    सर्व स त् ता वादी    सामाजिक    नियंत्रण    के    एजे ंट    के    रूप    में    अभि कल्प ित    अ भाव    अर्थव्यवस्था    है ",139,39
977,"2013 से पहले, भारतीय कंपनियों को अंतर्राष्ट्रीय स्तर पर अपनी प्रतिभूतियाँ सूचीबद्ध करने की अनुमति नहीं थी जब तक कि वे भारत में आई","2013    से    पहले,    भारतीय    कंपनियों    को    अंतर्राष्ट्रीय    स्तर    पर    अपनी    प्रति भू तियाँ    सूचीबद्ध    करने    की    अनुमति    नहीं    थी    जब    तक    कि    वे    भारत    में    आई ",106,26
978,पी,पी ,2,1
979,ओ,ओ ,1,1
980,पूरा नहीं कर लेते,पूरा    नहीं    कर    लेते ,14,4
981,"उच्च स्तर की निष्ठा की आलोचना और उपहास ""एप्पल फैनबॉय"" का संकेतपद प्रयोग करके किया गया है जिसके ज़रिए उत्पाद के पेश किए जाने से पहले लगी लंबी कतारों का मज़ाक बनाया जा रहा है","उच्च    स्तर    की    निष् ठा    की    आलोचना    और    उप हा स    "" ए प्प ल    फै न बॉ य ""    का    संके त पद    प्रयोग    करके    किया    गया    है    जिसके    ज़ रि ए    उत्पाद    के    पेश    किए    जाने    से    पहले    लगी    लंबी    क त ारों    का    म ज़ा क    बनाया    जा    रहा    है ",138,53
982,2006 में न्यू यॉर्क सिटी के फिफ्थ ऐवेन्यू में एप्पल स्टोर के उद्घाटन में काफी लोग आए और इस कार्यक्रम के लिए कई दर्शक यूरोप से हवाई जहाज से आए,2006    में    न्यू    यॉर्क    सिटी    के    फि फ् थ    ऐ वे न्यू    में    ए प्प ल    स्टोर    के    उद् घा टन    में    काफी    लोग    आए    और    इस    कार्यक्रम    के    लिए    कई    दर्श क    यूरोप    से    हवाई    जहाज    से    आए ,112,39
983,"निवेश के लिए बचत घरेलू एव विदेशी स्रोतों से आनी थी, जिसमें से घरेलू बचत की दर सकल घरेलू उत्पाद का 21","निवेश    के    लिए    बचत    घरेलू    ए व    विदेशी    स्रो तों    से    आ नी    थी,    जिसमें    से    घरेलू    बचत    की    दर    सक ल    घरेलू    उत्पाद    का    21 ",79,26
984,6% था और विदेशी बचत की दर सकल घरेलू उत्पाद का 1,6 %    था    और    विदेशी    बचत    की    दर    सक ल    घरेलू    उत्पाद    का    1 ,36,14
985,6% था,6 %    था ,4,3
986,"ड्यूपॉन्ट की मुख्य सूचना अधिकारी, सिंडा हॉलमैन ने ""एक प्रक्रिया बनाने से बचने के लिए, अगर हम इसे संस्थानिक रूप से करते,"" कंप्यूटर विज्ञान निगम और एक्सेंचर के साथ 4 करोड़ डॉलर वाले 10-वर्षीय आउटसोर्सिंग अनुबंध के प्रबंधन का विवरण आउटसोर्स किया था","ड ्यू पॉ न् ट    की    मुख्य    सूचना    अधि कार ी,    सि ंडा    हॉ ल मैन    ने    "" एक    प्रक्रिया    बनाने    से    बचने    के    लिए,    अगर    हम    इसे    सं स्था निक    रूप    से    कर ते , ""    कंप्यूटर    विज्ञान    निगम    और    एक् से ंच र    के    साथ    4    करोड़    डॉलर    वाले    10 - वर्षीय    आउ ट सो र् सिंग    अनुबंध    के    प्रबंधन    का    विवरण    आउ ट सो र्स    किया    था ",203,70
987,"एंकरेज, अलास्का में रॉबर्ट बी","एं करे ज,    अला स् का    में    रॉ बर्ट    बी ",25,10
988,"एटवुड बिल्डिंग को एक समय बैंक ऑफ अमेरिका सेंटर नाम दिया गया था, लेकिन बैंक के भवन-किरायेदार, सिक्योरिटी पैसिफ़िक बैंक के अधिग्रहण के साथ इसका नाम बदल दिया गया","ए ट वुड    बिल् डिंग    को    एक    समय    बैंक    ऑफ    अमेरिका    सेंटर    नाम    दिया    गया    था,    लेकिन    बैंक    के    भव न- किरा ये द ार,    सि क्यो रि टी    पै सि फ़ िक    बैंक    के    अधि ग्रहण    के    साथ    इसका    नाम    बदल    दिया    गया ",130,44
989,बी,बी ,2,1
990,सी,सी ,2,1
991,आई,आई ,2,1
992,न्यूरोमॉड्युलेशन से इस प्रकार से भिन्न है कि इसमें द्विदिश सूचना प्रवाह हो सकता है,न्यू रो मॉड ्यु ले शन    से    इस    प्रकार    से    भिन्न    है    कि    इसमें    द्वि दि श    सूचना    प्रवाह    हो    सकता    है ,68,22
993,"लेकिन, ऐसे आवर्ती अनुक्रम आकृष्ट करने के बजाय प्रतिरोध करते हैं, अर्थात् विकसित होने वाली चर राशि अगर अनुक्रम के बाहर है, चाहे जितने भी कम अंतर पर हो, अनुक्रम में शामिल नहीं होगी, और वास्तव में उससे अलग होती जाएगी","लेकि न,    ऐसे    आ वर्ती    अनु क्रम    आ कृष्ट    करने    के    बजाय    प्रति रोध    करते    हैं,    अर् था त्   विकसित    होने    वाली    चर    राशि    अगर    अनु क्रम    के    बाहर    है,    चाह े    जि तने    भी    कम    अंतर    पर    हो,    अनु क्रम    में    शामिल    नहीं    हो गी,    और    वास्तव    में    उससे    अलग    होती    जाए गी ",173,54
994,एक लीप सेकंड एक सेकंड का समायोजन है जो समन्वित वैश्विक समय (यू,एक    ली प    सेकंड    एक    सेकंड    का    समा योजन    है    जो    सम न् वित    वैश्विक    समय    ( य ू ,50,19
995,टी,टी ,2,1
996,सी,सी ,2,1
997,) में प्रयुक्त किया जाता है जिससे सटीक समय (आणविक घड़ियों से मापा गया अन्तर्राष्ट्रीय परमाण्विक काल (टी,)    में    प्र युक्त    किया    जाता    है    जिससे    सटीक    समय    ( आ ण विक    घ ड़ ियों    से    मा पा    गया    अ न् तर ्राष्ट्रीय    पर मा ण् विक    काल    ( टी ,85,32
998,ए,ए ,1,1
999,आई,आई ,2,1
1000,)) और गलत सौर समय (यू,) )    और    गलत    स ौर    समय    ( य ू ,16,10
1001,टी,टी ,2,1
1002,"1) के बीच सामंजस्य ठीक किया जा सके, और यह अंतर एक समान नहीं रहता तथा यह पृथ्वी के घूर्णन में लंबे समय से होने वाली गति में कमी के कारण होता है","1 )    के    बीच    सा मं ज स्य    ठीक    किया    जा    सक े,    और    यह    अंतर    एक    समान    नहीं    रहता    तथा    यह    पृथ् वी    के    घू र् णन    में    लंबे    समय    से    होने    वाली    गति    में    कमी    के    कारण    होता    है ",110,41
1003,क्रेमर एवं अन्य लोगों द्वारा शिक्षकों पर किए गए अध्ययन में पाया गया कि निजी क्षेत्र के 25% शिक्षक और सार्वजनिक क्षेत्र के 40% चिकित्सा कर्मचारी सर्वेक्षण के दौरान अनुपस्थित थे,क्रे मर    एव ं    अन्य    लोगों    द्वारा    शिक्ष कों    पर    किए    गए    अध्ययन    में    पाया    गया    कि    निजी    क्षेत्र    के    25 %    शिक्षक    और    सार्वजनिक    क्षेत्र    के    40 %    चिकित्सा    कर्मचारी    सर्वेक्षण    के    दौरान    अनुप स्थित    थे ,145,37
1004,"1923 के कॉम्प्टन प्रभाव ने और अधिक साक्ष्य प्रस्तुत किए कि विशिष्ट आपेक्षिकता वास्तव में लागू होती है, इस मामले में फ़ोटॉन-इलेक्ट्रॉन के बिखरने के कण के विवरण पर","19 23    के    कॉ म् प् टन    प्रभाव    ने    और    अधिक    साक्ष ्य    प्रस्तुत    किए    कि    विशिष्ट    आप े क्षि कता    वास्तव    में    लागू    होती    है,    इस    मामले    में    फ़ो टॉ न- इलेक् ट्रॉ न    के    बि ख र ने    के    क ण    के    विवरण    पर ",133,46
1005,विद्युत प्रवाह और आवेश (स्रोत) से बहुत दूर के विद्युत् चुम्बकीय क्षेत्र को विद्युत् चुम्बकीय विकिरण (ई,विद ्यु त    प्रवाह    और    आ वेश    ( स्रो त )    से    बहुत    दूर    के    विद ्यु त्   चु म्ब कीय    क्षेत्र    को    विद ्यु त्   चु म्ब कीय    विकि रण    ( ई ,86,33
1006,एम,ए म ,2,2
1007,आर,आ र ,2,2
1008,") कहा जाता है क्योंकि यह स्रोत के प्रवाह और आवेश से विकीर्ण करता है, इसका उनपर कोई ""प्रतिक्रियात्मक"" प्रभाव नहीं होता है और वर्तमान समय में उससे प्रत्यक्ष रूप से प्रभावित भी नहीं होता है (बल्कि, यह अप्रत्यक्ष रूप से जो पूर्व में क्षेत्र में विकीर्ण हुए क्रमिक परिवर्तनों से उत्पन्न होता है)",")    कहा    जाता    है    क्योंकि    यह    स्रोत    के    प्रवाह    और    आ वेश    से    वि कीर् ण    करता    है,    इसका    उन पर    कोई    "" प्रति क्रिया त् म क ""    प्रभाव    नहीं    होता    है    और    वर्तमान    समय    में    उससे    प्रत्यक्ष    रूप    से    प्रभावित    भी    नहीं    होता    है    ( बल् कि,    यह    अ प्रत्यक्ष    रूप    से    जो    पूर्व    में    क्षेत्र    में    वि कीर् ण    हुए    क्र मिक    परिवर्त नों    से    उत्पन्न    होता    है ) ",237,72
1009,"जैसा की ऊपर कहा गया है, डी","जैसा    की    ऊपर    कहा    गया    है,    डी ",20,7
1010,एन,ए न ,2,2
1011,ए,ए ,1,1
1012,के अणुओं के दो बहुलक तंतु हैं जो गैर सहसंयोजी आबंध से घुमावदार तरीके से जुड़े होते हैं; यह द्वि-तंतु संरचना बनी रहती है इंट्रास्ट्रैंड बेस स्टैकिंग की परस्पर अभिक्रिया से जो जी और सी स्टैकों के बीच सबसे मजबूत होती है,के    अ ण ुओं    के    दो    बहु लक    तं तु    हैं    जो    गै र    सह सं यो जी    आ बंध    से    घु मा व दार    तरीके    से    जुड़े    होते    हैं;    यह    द्वि - तं तु    संरचना    बनी    रहती    है    इ ंट ्रा स्ट्र ै ंड    बे स    स्टै किंग    की    पर स् पर    अभि क्रिया    से    जो    जी    और    सी    स्टै कों    के    बीच    सबसे    मजबूत    होती    है ,175,68
1013,सबसे पहले उन्होंने समुद्री स्तर से बढ़ती ऊँचाई के साथ औसत तापमान के घटने की दर की जाँच की जिससे उष्णकटिबंधीय तूफान के सृजन के संबंध में उनकी खोजों से उन्हें उच्च अक्षांशों में वायुमंडलीय विक्षोभ को नियंत्रित करने वाले अधिक जटिल नियमों का आरंभिक संकेत मिला,सबसे    पहले    उन्होंने    समुद्री    स्तर    से    बढ़ती    ऊँचाई    के    साथ    औसत    तापमान    के    घट ने    की    दर    की    जाँच    की    जिससे    उष्णकटिबंधीय    तूफान    के    स ृ जन    के    संबंध    में    उनकी    खो जों    से    उन्हें    उच्च    अ क्षा ं श ों    में    वा यु मंड ल ीय    वि क्ष ो भ    को    नियंत्रित    करने    वाले    अधिक    जटिल    नियमों    का    आर ंभिक    संकेत    मिला ,209,63
1014,कार्बन क्लस्टर का पता पहली बार एरिक ए,कार् बन    क्ल स्टर    का    पता    पहली    बार    ए रिक    ए ,30,11
1015,"रोह्लफिंग, डोनल्ड एम","रो ह् ल फि ंग,    डो न ल्ड    ए म ",18,10
1016,"कॉक्स और ऐन्ड्रू काल्डर ने 1984 में लगाया था, उन प्रयोगों में जिनमें काले सीसे को लेज़र से वाष्पित किया गया और इस वाष्प का हीलियम के वातावरण में द्रुतशीतन किया गया","कॉ क्स    और    ऐ न् ड्र ू    का ल् डर    ने    1984    में    लगाया    था,    उन    प्र यो गों    में    जिनमें    का ले    सी से    को    ले ज़र    से    वा ष् प ित    किया    गया    और    इस    वा ष् प    का    ही लिय म    के    वा ता वरण    में    द्र ु त शी तन    किया    गया ",132,56
1017,"किसी कलन विधि की जटिलता का पता लगाने का अर्थ होता है उसकी ऊपरी सीमा ज्ञात करना या अनुमान करना कि किसी कलन विधि को करने के लिए, उदाहरण के लिए, आव्यूह का गुणन करने के लिए, कितने अदिशों के योग और गुणा जैसी मौलिक संक्रियाओं की आवश्यकता होगी","किसी    क लन    विधि    की    जटि लता    का    पता    लगाने    का    अर्थ    होता    है    उसकी    ऊपरी    सीमा    ज्ञात    करना    या    अनुमान    करना    कि    किसी    क लन    विधि    को    करने    के    लिए,    उदाहरण    के    लिए,    आ व्य ू ह    का    गुण न    करने    के    लिए,    कि तने    अ दि श ों    के    योग    और    गु णा    जैसी    मौ लिक    सं क्रिया ओं    की    आवश्यकता    हो गी ",188,65
1018,"इस अवधि के दौरान, अंग्रेज़ों का बंगाल के मुगल राज्यपालों के साथ टकराव हो गया","इस    अवधि    के    दौरान,    अंग्रे ज़ ों    का    बंगाल    के    मुगल    राज्य पा लों    के    साथ    ट करा व    हो    गया ",62,21
1019,"1906 में रेजिनल्ड फेसेन्डन द्वारा प्रथम लंबी-दूरी के श्रव्य प्रसारण में, एलेक्ज़ैंडरसन ऑल्टर्नेटर से एक निरंतर तरंग को सीधे संचार ऐंटेना में जल से ठंडे किए गए कार्बन माइक्रोफोन के माध्यम से भेजा गया","190 6    में    रे जिन ल्ड    फे से न् डन    द्वारा    प्रथम    लं बी - दूरी    के    श्र व्य    प्रसार ण    में,    ए लेक् ज़ ै ंड र सन    ऑ ल् टर् ने टर    से    एक    नि रं तर    तर ंग    को    सीधे    संचार    ऐ ं टे ना    में    जल    से    ठ ंडे    किए    गए    कार् बन    माइक्रो फोन    के    माध्यम    से    भेजा    गया ",165,64
1020,"प्रौद्योगिकी ने शिक्षकों को बेहतर मूल्यांकन तैयार करने में मदद की है जिससे वे समझ सकें कि उन छात्रों को जिन्हें सामग्री के संबंध में मुश्किलों का सामना करना पड़ रहा है, उनके मुद्दे क्या हैं","प्र ौ द्यो गि की    ने    शिक्ष कों    को    बेहतर    मूल्यांकन    तैयार    करने    में    मदद    की    है    जिससे    वे    समझ    सक ें    कि    उन    छात्रों    को    जिन्हें    सामग्री    के    संबंध    में    मुश् कि लों    का    सामना    करना    पड़    रहा    है,    उनके    मुद् दे    क्या    हैं ",154,45
1021,ऑटोक्राइन एक कोशिका है जो अपनी सतह पर एक अभिग्राहक को बांधने के लिए एक अणु को स्रावित करते हुए अपने-आपको सिग्नल भेजती है,ऑ टो क्रा इन    एक    कोशिका    है    जो    अपनी    सत ह    पर    एक    अभि ग्राहक    को    बां ध ने    के    लिए    एक    अ णु    को    स्रा वित    करते    हुए    अप ने- आपको    सि ग् नल    भेज ती    है ,97,38
1022,पुंछ और मीरपुर क्षेत्रों में विद्रोह के कारण और खैबर पख्तूनवा से पाकिस्तान समर्थित पश्तून जनजातीय हस्तक्षेप के चलते महाराजा ने भारतीय सैनिक सहायता माँगी,पु ं छ    और    मी र पुर    क्षेत्रों    में    विद्रोह    के    कारण    और    ख ै बर    प ख् तू न वा    से    पाकिस्तान    समर्थ ित    पश् तू न    जनजा तीय    हस्त क्षेप    के    चलते    महारा जा    ने    भारतीय    सैनिक    सहायता    माँ गी ,128,42
1023,या फिर आपने क्या विचार करने के बाद निर्णय लिया है कि फर्मा अब प्रयोग नहीं होगा या उसे अब प्रयोग में लाया नहीं जा सकता है,या    फिर    आपने    क्या    विचार    करने    के    बाद    निर्णय    लिया    है    कि    फर् मा    अब    प्रयोग    नहीं    होगा    या    उसे    अब    प्रयोग    में    लाया    नहीं    जा    सकता    है ,94,28
1024,"यदि गेहूँ की फसल किसी परोपजीवी के कारण नष्ट हो जाती है, तो आंतरजातीय विविधता के आधार पर अगले वर्ष हम गेहूँ की ज्यादा पुष्ट फसल लगा सकते हैं","यदि    गे हूँ    की    फसल    किसी    प रो प जी वी    के    कारण    नष्ट    हो    जाती    है,    तो    आं तर जा तीय    विविधता    के    आधार    पर    अगले    वर्ष    हम    गे हूँ    की    ज्यादा    पु ष्ट    फसल    लगा    सकते    हैं ",111,39
1025,जब स्टीफेन कुक और लियोनिड लेविन ने व्यावहारिक रूप से प्रासंगिक एन,जब    स्टी फे न    कु क    और    लियो नि ड    ले विन    ने    व्याव हार िक    रूप    से    प्रा संग िक    ए न ,54,23
1026,पी,पी ,2,1
1027,"-पूर्ण समस्याओं की मौजूदगी को साबित कर दिया, तब 1971 में यह क्षेत्र उन्नति करने लगा","- पूर्ण    समस्याओं    की    मौजू द गी    को    साबित    कर    दिया,    तब    1971    में    यह    क्षेत्र    उन् न ति    करने    लगा ",68,21
1028,"प्रारंभिक मध्ययुगीन ऐल्पाइन पहाड़ी में, कुछ स्थानों में रोमी अधः तापक कक्ष के स्थान पर एक सरल केंद्रीय ताप प्रणाली प्रयोग की जाने लगी जिसमें भट्टी कक्ष से ज़मीन के नीचे की चैनलों के माध्यम से ताप प्रवाहित होता था","प्रारंभिक    मध्य यु गी न    ऐ ल् पा इन    पहाड़ी    में,    कुछ    स्थानों    में    रो मी    अ ध ः    ता पक    कक्ष    के    स्थान    पर    एक    सरल    केंद्रीय    ता प    प्रणाली    प्रयोग    की    जाने    लगी    जिसमें    भ ट्टी    कक्ष    से    ज़ मीन    के    नीचे    की    चै न लों    के    माध्यम    से    ता प    प्रवा हित    होता    था ",173,57
1029,इनका मुख्य रूप से प्रयोग उच्च दर्जे के ध्वनि शक्ति प्रवर्धकों और वायरलेस सेलुलर नेटवर्को में आर,इन का    मुख्य    रूप    से    प्रयोग    उच्च    दर् जे    के    ध्व नि    शक्ति    प्र वर् ध कों    और    वायर लेस    से लु लर    नेटवर् को    में    आ र ,79,28
1030,एफ,ए फ ,2,2
1031,"शक्ति प्रवर्धकों में किया जाता है , जैसे कि 2जी, 3जी और 4जी में","शक्ति    प्र वर् ध कों    में    किया    जाता    है    ,    जैसे    कि    2 जी ,    3 जी    और    4 जी    में ",50,21
1032,मेन्स फिल्टर संधारित्र आम तौर पर प्लास्टिक पन्नी में लिपटे और डब्बा बंद होते हैं क्योंकि यह कम लागत पर उच्च वोल्टता क्षमता देते हैं और इन्हें स्व-उपचार और गलनीय बनाया जा सकता है,मे न्स    फिल् टर    सं धार ि त्र    आम    तौर    पर    प्ला स्टिक    प न् नी    में    लि प टे    और    डब् बा    बंद    होते    हैं    क्योंकि    यह    कम    लागत    पर    उच्च    वो ल् ट ता    क्षमता    देते    हैं    और    इन्हें    स्व - उपचार    और    गल नीय    बनाया    जा    सकता    है ,144,51
1033,बहु-एजेंट सुदृढ़ीकरण शिक्षा इस स्थिति में उठाए गए इन मुद्दों का अध्ययन करती है,बहु - एजे ंट    सु दृ ढ़ ी करण    शिक्षा    इस    स्थिति    में    उठा ए    गए    इन    मुद्दों    का    अध्ययन    करती    है ,65,22
1034,यह डी,यह    डी ,4,2
1035,ई,ई ,1,1
1036,पी,पी ,2,1
1037,"एम, बी","ए म,    बी ",5,3
1038,"टेक (इलेक्ट्रॉनिक्स इंजीनियरिंग), एम","टे क    ( इलेक् ट्रॉ नि क्स    इं जी निय रि ंग ),    ए म ",33,15
1039,"टेक (इलेक्ट्रॉनिक डिज़ाइन टेक्नोलॉजी), पीएच","टे क    ( इलेक् ट्रॉ निक    डि ज़ा इन    टेक् नो लॉ जी ),    पी ए च ",39,17
1040,डी,डी ,2,1
1041,तथा छोटी अवधि के पाठ्यक्रम उपलब्ध कराता है,तथा    छोटी    अवधि    के    पाठ ्य क्रम    उपलब्ध    करा ता    है ,35,11
1042,"उदाहरणस्वरूप, जॉन पोल्किंघोर्न ने जिसे 'धारणात्मक' या 'ज्ञानमीमांसीय' न्यूनीकरण के रूप में संदर्भित किया उसे साइमन ब्लैकबर्न और जैगवॉन किम ने परिभाषित किया: न्यूनीकरणवाद का वह रूप जिसमें एक प्रकार के वार्तालाप में शामिल तथ्यों या संस्थाओं को अन्य तथ्यों या संस्थाओं से बदलने का कार्यक्रम, उन दोनों के बीच में एक संबंध बनाते हुए, शामिल होता है","उदा ह रण स्व रू प,    जॉन    पो ल् किं घो र्न    ने    जिसे    ' धार णा त् म क '    या    ' ज्ञा न मी मां सी य '    न्यू नी करण    के    रूप    में    संदर्भित    किया    उसे    साइ मन    ब्लै क बर् न    और    जै ग वॉ न    किम    ने    परिभाषित    क िया :    न्यू नी कर ण वाद    का    वह    रूप    जिसमें    एक    प्रकार    के    वार् ता ला प    में    शामिल    त थ ्यों    या    सं स्था ओं    को    अन्य    त थ ्यों    या    सं स्था ओं    से    बदलने    का    कार्य क्रम ,    उन    दोनों    के    बीच    में    एक    संबंध    बनाते    हुए,    शामिल    होता    है ",285,108
1043,2019 तक बांग्लादेश की साक्षरता दर 74,2019    तक    बांग्लादेश    की    साक्ष रता    दर    7 4 ,30,9
1044,7% है: पुरुषों के लिए 77,7 %    है :    पुरुषों    के    लिए    7 7 ,19,9
1045,4% है और महिलाओं के लिए 71,4 %    है    और    महिलाओं    के    लिए    7 1 ,20,9
1046,9% है,9 %    है ,4,3
1047,"भारतीय संख्या प्रणाली पश्चिमी प्रणाली से दहाई के शून्यकोटि से चौथे घात तक समान हैं: एक, दस, सौ, एक हज़ार, और दस हज़ार","भारतीय    संख्या    प्रणाली    पश्चिमी    प्रणाली    से    द हाई    के    शू न्य को टि   से    चौथे    घात    तक    समान    हैं :    एक ,    द स,    सौ ,    एक    ह ज़ ार,    और    दस    ह ज़ार ",95,34
1048,किसी उत्प्रेरक की उत्प्रेरण अभिक्रिया को नापने के लिए एस,किसी    उत् प्रेर क    की    उत् प्रे रण    अभि क्रिया    को    ना प ने    के    लिए    ए स ,47,18
1049,आई,आई ,2,1
1050,व्युत्पन्न इकाई है कटैल जिसका मोल प्रति सेकंड में परिमाण निर्धारित किया जाता है,व्य ु त् पन्न    इका ई    है    क टै ल    जिसका    मो ल    प्रति    सेकंड    में    परि मा ण    निर्धारित    किया    जाता    है ,66,23
1051,"1077 में रम की सल्तनत की स्थापना करने वाले आक्रमणकारी सेल्जुक तुर्कों के लिए अंतःनाम (रुमाना, ""रोमन लोगों की भूमि,"" अर्थात् पूर्वी रोम के राज्य) प्रांत का एक और नाम था","10 7 7    में    रम    की    सल्तनत    की    स्थापना    करने    वाले    आ क्रम ण कारी    सेल् जु क    तुर् कों    के    लिए    अंत ः नाम    ( रु मा ना,    "" रोमन    लोगों    की    भूमि , ""    अर् था त्   पूर्वी    रो म    के    राज्य )    प्रांत    का    एक    और    नाम    था ",137,51
1052,हालांकि उस समय इटली में वर्गो इंटरफेरोमीटर काम नहीं कर रहा था और जी,हालांकि    उस    समय    इटली    में    वर् गो    इंटर फे रो मीटर    काम    नहीं    कर    रहा    था    और    जी ,54,18
1053,ई,ई ,1,1
1054,ओ,ओ ,1,1
1055,600 इंजीनियरिंग मोड में था तथा वह इतना सुग्राही भी नहीं है जिसके कारण उससे संकेत की पुष्टि नहीं की जा सकी,6 00    इं जी निय रिंग    मो ड    में    था    तथा    वह    इतना    सु ग्रा ही    भी    नहीं    है    जिसके    कारण    उससे    संकेत    की    पुष्टि    नहीं    की    जा    स की ,84,30
1056,यह सभी शरणार्थी बंटवारे के समय एक साथ नहीं आए थे बल्कि समूहों में आते रहे थे,यह    सभी    शर णा र्थ ी    बं ट व ारे    के    समय    एक    साथ    नहीं    आए    थे    बल्कि    समूहों    में    आते    रहे    थे ,60,23
1057,"अनुक्रमों के इस संग्रह को वांछित लक्ष्य अनुक्रम के खिलाफ़ चुना जा सकता है, जिसे रिपोर्टर जीन निर्माण के प्रवर्तक क्षेत्र में डाला जाता है","अनु क्रमों    के    इस    संग्रह    को    वा ं छ ित    लक्ष्य    अनु क्रम    के    खिला फ़    चुना    जा    सकता    है,    जिसे    रि पोर् टर    जी न    निर्माण    के    प्र वर् तक    क्षेत्र    में    डा ला    जाता    है ",113,37
1058,"कक्ष तापमान पर रखे गए घोलों में, उत्परिवर्तन नामक एक प्रक्रिया में चार चक्रीय समावयवी घंटों के काल-मान में एक-दूसरे में परिवर्तित होते हैं","कक्ष    तापमान    पर    रख े    गए    घो लों    में,    उत् परिवर्तन    नामक    एक    प्रक्रिया    में    चार    चक्र ीय    समा वय वी    घंट ों    के    का ल- मान    में    एक-दूसरे    में    परिवर्तित    होते    हैं ",115,33
1059,सेंस कॉइल एक अंतरीय विद्युत प्रवाह परिवर्तक है जो विद्युन्मय और उदासीन परिचालकों के चारों ओर रहता है (लेकिन विद्युत से जुड़ा नहीं होता है),से ंस    कॉ इल    एक    अंतर ीय    विद ्यु त    प्रवाह    परिवर् तक    है    जो    विद ्यु न् मय    और    उदा सी न    परि चा ल कों    के    चारों    ओर    रहता    है    ( लेकिन    विद ्यु त    से    जुड़ा    नहीं    होता    है ) ,114,43
1060,"पत्ते के स्पंजी पर्णमध्योतक में, पैरेंकाइमा कोशिकाएं प्रायः गोलाकार और बड़े अंतरकोशिकीय खाली स्थानों में छितरी हुई व्यवस्था से लेकर शाखित या तारे की आकृति में हो सकते हैं, जो अपनी भुजाओं के छोर पर बगल के भुजा से एक-दूसरे के साथ जुड़ कर तीन-आयामी जाल बनाते हैं जैसे कि लाल राजमा -फेज़िऑलस वुल्गैरिस और अन्य मेसोफाइट में होता है","पत् ते    के    स् पं जी    पर् ण मध्य ो तक    में,    पै रे ं का इ मा    कोशि का एं    प्राय ः    गो ला कार    और    बड़े    अंतर कोशि कीय    खाली    स्थानों    में    छि त री    हुई    व्यवस्था    से    लेकर    शा ख ित    या    त ारे    की    आ कृति    में    हो    सकते    हैं,    जो    अपनी    भु जा ओं    के    छो र    पर    ब गल    के    भु जा    से    एक-दूसरे    के    साथ    जु ड़    कर    ती न- आ या मी    जा ल    बनाते    हैं    जैसे    कि    लाल    राज मा    - फे ज़ि ऑ ल स    वु ल् गै रिस    और    अन्य    मे सो फाइ ट    में    होता    है ",267,108
1061,"हालांकि थॉमस अयन (वास्तविक घूर्णन जब कोई संछेदी अपनी प्रारंभिक गति पर वापस आ जाता है) पूर्ण रूप से गतिमितीय प्रभाव है, यह केवल वक्ररेखी गति में होता है और इसलिए इस वक्ररेखी गति देने वाले विद्युत्-चुंबकीय क्षेत्र, गुरुत्वाकर्षण क्षेत्र या यांत्रिक बल जैसे बाह्य बल से मुक्त नहीं देखा जा सकता है, अतः आम तौर पर थॉमस अयन गतिकीय प्रभावों के साथ होता है","हालांकि    थ ॉ मस    अ यन    ( वास्तविक    घू र् णन    जब    कोई    सं छ े दी    अपनी    प्रारंभिक    गति    पर    वापस    आ    जाता    है )    पूर्ण    रूप    से    गति मि तीय    प्रभाव    है,    यह    केवल    व क्र रे खी    गति    में    होता    है    और    इसलिए    इस    व क्र रे खी    गति    देने    वाले    विद ्यु त् - चु ंब कीय    क्षेत्र ,    गुरु त् वा कर् षण    क्षेत्र    या    या ंत्र िक    बल    जैसे    बा ह ्य    बल    से    मुक्त    नहीं    देखा    जा    सकता    है,    अ तः    आम    तौर    पर    थ ॉ मस    अ यन    गति कीय    प्रभा वों    के    साथ    होता    है ",284,104
1062,"पारंपरिक उद्दीप्त लैंप के विपरीत, एक एल","पारंपरिक    उद् दी प्त    लै ं प    के    विपरीत,    एक    ए ल ",33,12
1063,ई,ई ,1,1
1064,डी,डी ,2,1
1065,तभी प्रकाशित होगा जब द्विअग्र को वोल्टेज आगे की दिशा में मिलेगा,तभी    प्रकाशित    होगा    जब    द्वि अग् र    को    वो ल् टे ज    आगे    की    दिशा    में    मिले गा ,52,18
1066,"दो प्रिंटों को, जिनमें से एक में दाहिनी आंख का दृश्य है और दूसरे में बाई आंख का दृश्य है, एक बाह्य सेल्सिन मोटर प्रयोग करके चित्र प्रदर्शन में समक्रमिक किया जाता है","दो    प्रि ंट ों    को,    जिनमें    से    एक    में    दा हि नी    आं ख    का    दृश्य    है    और    दूसरे    में    बाई    आं ख    का    दृश्य    है,    एक    बा ह ्य    सेल् सिन    मो टर    प्रयोग    करके    चित्र    प्रदर्शन    में    सम क्र मिक    किया    जाता    है ",132,45
1067,"हालांकि यंत्र अधिगम तकनीकें जब नए प्रयोगों या उद्योगों में शुरू में प्रयुक्त की जाती हैं, तब अक्सर वहां पारंपरिक प्रक्रियाओं में प्रयुक्त करने हेतु प्रशिक्षण के लिए पर्याप्त जानकार उपलब्ध नहीं होती है","हालांकि    यंत्र    अधि गम    तकनी कें    जब    नए    प्र यो गों    या    उद्यो गों    में    शुरू    में    प्र युक्त    की    जाती    हैं,    तब    अक्सर    वहां    पारंपरिक    प्र क्रिया ओं    में    प्र युक्त    करने    हे तु    प्रशिक्षण    के    लिए    पर्याप्त    जान कार    उपलब्ध    नहीं    होती    है ",167,45
1068,"एक बार सिखाए जाने के बाद, ऐसा मॉडल पर्यायवाची शब्द का पता लगा सकता है या आंशिक वाक्य के लिए अतिरिक्त शब्दों का सुझाव दे सकता है","एक    बार    सि खा ए    जाने    के    बाद,    ऐसा    मॉडल    पर्या य वा ची    शब्द    का    पता    लगा    सकता    है    या    आं शिक    वा क्य    के    लिए    अतिरिक्त    शब्दों    का    सुझाव    दे    सकता    है ",101,34
1069,"इसे एक कंपनी ब्रिटानिका विश्वकोश, इंक","इसे    एक    कंपनी    ब्रि टा नि का    विश्व को श ,    इं क ",32,13
1070,"द्वारा प्रकाशित किया गया है, जो 18वीं शताब्दी के आसपास से अस्तित्व में है, हालांकि पिछली कुछ शताब्दियों में इसका स्वामित्व कई बार बदला है","द्वारा    प्रकाशित    किया    गया    है,    जो    18 वीं    शताब्दी    के    आसपास    से    अस्तित्व    में    है,    हालांकि    पिछ ली    कुछ    शताब् दियों    में    इसका    स्वामित्व    कई    बार    बद ला    है ",113,29
1071,फिल्म रिलीज होने के 10 साल बाद अरबाज खान ने एक साक्षात्कार में कहा कि फिल्म का बजट 30 करोड़ (2020 में 57 करोड़ या यू,फिल्म    रिलीज    होने    के    10    साल    बाद    अर बाज    खान    ने    एक    सा क्षा त्कार    में    कहा    कि    फिल्म    का    बजट    30    करोड़    ( 2020    में    5 7    करोड़    या    य ू ,91,32
1072,एस,ए स ,2,2
1073,72 लाख डॉलर के बराबर) से बढ़ाकर 49 करोड़ (2020 में 93 करोड़ या यू,7 2    लाख    डॉलर    के    बरा बर )    से    बढ़ा कर    4 9    करोड़    ( 2020    में    9 3    करोड़    या    य ू ,51,23
1074,एस,ए स ,2,2
1075,"120 लाख डॉलर के बराबर) कर दिया गया था), जिससे उन्हें कुछ नुकसान हुआ, लेकिन भारी सफलता के बाद, वे सलमान खान का वेतन दे सके","1 20    लाख    डॉलर    के    बरा बर )    कर    दिया    गया    था ),    जिससे    उन्हें    कुछ    नुकसान    हुआ,    लेकिन    भारी    सफलता    के    बाद,    वे    सल मान    खान    का    वे तन    दे    सके ",96,32
1076,भारतीय सेना का युद्ध में अनुभवी और बागी अधिकारी अपनी पूर्व महिला-मित्र के बच्चे की खोज में निकलता है जिसका रहस्यमय ढंग से अपहरण कर लिया गया है,भारतीय    सेना    का    युद्ध    में    अनु भ वी    और    बा गी    अधिकारी    अपनी    पूर्व    महिला - मि त्र    के    बच्चे    की    खोज    में    निक लता    है    जिसका    रह स् य मय    ढ ंग    से    अप हरण    कर    लिया    गया    है ,115,40
1077,"1932 और 2011 के बीच लगभग एक हज़ार तीस गुजराती फिल्में बनाई गई थीं, लेकिन बहुत कम ही को संग्रह में रखा गया","193 2    और    2011    के    बीच    लगभग    एक    ह ज़ार    ती स    गुज रा ती    फिल्में    बनाई    गई    थीं,    लेकिन    बहुत    कम    ही    को    संग्रह    में    रखा    गया ",83,28
1078,"अमिय चक्रवर्ती (30 नवम्बर 1912 -6 मार्च, 1957) एक भारतीय फिल्म निर्देशक, पटकथा लेखक और निर्माता थे जो 1940 और 1950 के दशकों में हिन्दी सिनेमा के अग्रणी फिल्म निर्देशक थे","अम िय    चक्र वर्ती    ( 30    नव म् बर    19 12    - 6    मार् च,    195 7 )    एक    भारतीय    फिल्म    निर्देश क,    पटकथा    लेखक    और    निर्माता    थे    जो    194 0    और    1950    के    दश कों    में    हि न् दी    सिनेमा    के    अग्र णी    फिल्म    निर्देशक    थे ",139,47
1079,"अन्य अभिनेता जिनके साथ उन्होंने अक्सर मिल कर काम किया वे हैं रेखा, माधुरी दीक्षित, अनिल कपूर, शाहरुख खान और अमरीश पुरी","अन्य    अभिनेता    जिनके    साथ    उन्होंने    अक्सर    मिल    कर    काम    किया    वे    हैं    रे खा ,    मा धु री    दी क्षि त,    अ नि ल    क पू र,    शाह रु ख    खान    और    अमरी श    पुरी ",97,35
1080,"जलप्रपात, रहस्यमयी जंगल और पहाड़ियों के शीर्ष पर जल निकाय और मुख्य भूमिका निभा रहे नायक-नायिका का हिमस्खलन से बचना, दृश्य को और बेजोड़ बनाते हैं","जलप्र पा त,    रह स् य म यी    जंगल    और    पहाड़ियों    के    शीर्ष    पर    जल    निकाय    और    मुख्य    भूमिका    नि भा    रहे    ना य क- ना य िका    का    हि मस् ख लन    से    बच ना,    दृश्य    को    और    बे जो ड़    बनाते    हैं ",119,44
1081,"पांडुरंग एक हत्यारा है जिसे पहले बबली ने गुप्त रूप से एक नौकर के रूप में भेजा था, जो समीर के सच को जान कर बाद में गोपाल के पक्ष में हो जाता है और बदमाशों को मार कर भगा देता है, और अंततः यह लड़ाई धोखे से बबली द्वारा गोपाल के नितंब में चाकू मारने से समाप्त होती है, जिसके कारण वह थोड़ी देर में बेहोश हो जाता है, लेकिन बेहोश होने से पहले वह माधव, लकी, और लक्ष्मण को चेतावनी देना नहीं भूलता कि वे चाकू को हाथ न लगाएँ, जिससे उनकी हँसी छूट जाती है","पांड ु रंग    एक    ह त्य ारा    है    जिसे    पहले    ब ब ली    ने    गुप्त    रूप    से    एक    नौ कर    के    रूप    में    भेजा    था,    जो    समी र    के    सच    को    जान    कर    बाद    में    गो पाल    के    पक्ष    में    हो    जाता    है    और    बद मा श ों    को    मार    कर    भ गा    देता    है,    और    अंततः    यह    लड़ाई    धो खे    से    ब ब ली    द्वारा    गो पाल    के    नि तं ब    में    चा कू    मारने    से    समाप्त    होती    है,    जिसके    कारण    वह    थो ड़ी    देर    में    बे हो श    हो    जाता    है,    लेकिन    बे हो श    होने    से    पहले    वह    मा ध व,    ल की,    और    लक्ष् म ण    को    चेतावनी    देना    नहीं    भू लता    कि    वे    चा कू    को    हाथ    न    लगा एँ,    जिससे    उनकी    ह ँसी    छूट    जाती    है ",344,132
1082,किंतु अपने विवाह के दिन वैदेही नहीं पहुँचती है और पता चलता है कि वह मुंबई भाग गई है,किं तु    अपने    विवाह    के    दिन    वै दे ही    नहीं    पहुँच ती    है    और    पता    चलता    है    कि    वह    मुंबई    भाग    गई    है ,65,23
1083,"यसु के साथ रामचंद्र के टूटे रिश्ते को (जो रामचंद्र के सात साल पहले एक महिला के साथ प्रेम संबंध हो जाने के कारण कमजोर था) सुधारना, पैदातल्ली के साथ मतभेद सुलझाना, और परिवार के बेईमान सदस्यों, काशीराम और सीताराम को सुधारना, जैसी घर की समस्याओं से बंटू निपटना शुरू करता है","य स ु    के    साथ    राम चंद्र    के    टू टे    रिश् ते    को    ( जो    राम चंद्र    के    सात    साल    पहले    एक    महिला    के    साथ    प्रेम    संबंध    हो    जाने    के    कारण    कम जोर    था )    सु धार ना,    पै दा त ल्ली    के    साथ    मत भे द    सु ल झा ना,    और    परिवार    के    बे ई मान    सदस् यो ं,    का शी राम    और    सी त ारा म    को    सु धार ना,    जैसी    घर    की    समस्याओं    से    बं टू    नि पट ना    शुरू    करता    है ",218,85
1084,"क्योंकि केवल एक ही चैनल दर्शकों की बढ़ती संख्या की मनोरंजन कीआवश्यकताएं पूरी कर रहा था, टेलिविजन कार्यक्रम तेजी से संतृप्ति की सीमा पर पहुंच गए","क्योंकि    केवल    एक    ही    चैनल    दर्शकों    की    बढ़ती    संख्या    की    मनोरंजन    की आवश्य क ता एं    पूरी    कर    रहा    था,    टे लि वि जन    कार्यक्रम    तेजी    से    सं तृ प्ति    की    सीमा    पर    पहुंच    गए ",118,35
1085,"बेटा (अनुवाद: पुत्र) 1992 की एक भारतीय हिन्दी ड्रामा फिल्म है, जिसका निर्देशन इन्द्र कुमार ने किया और नौशीर खटाउ एवं कमलेश पांडे ने इसे लिखा था","बे टा    ( अनु वा द :    पु त्र )    1992    की    एक    भारतीय    हि न् दी    ड ्रा मा    फिल्म    है,    जिसका    निर्देशन    इन् द्र    कुमार    ने    किया    और    नौ शी र    ख टा उ   एव ं    कम ले श    पांड े    ने    इसे    लिखा    था ",117,47
1086,"घरेलू मनोरंजन कार्यक्रम और समाचार, घरेलू कर्मियों द्वारा प्राप्त जानकारी को गैर-घरेलू दर्शकों के लिए सस्ते में रीपैकेज किया जा सकता है, यह एक राष्ट्र को प्रसारित करने की तुलना में अधिक दक्षतापूर्ण है","घरेलू    मनोरंजन    कार्यक्रम    और    समा चार ,    घरेलू    कर्म ियों    द्वारा    प्राप्त    जानकारी    को    गैर- घरेलू    दर्शकों    के    लिए    स स् ते    में    री पै के ज    किया    जा    सकता    है,    यह    एक    राष्ट्र    को    प्रसारित    करने    की    तुलना    में    अधिक    द क्ष ता पूर्ण    है ",166,46
1087,"धीनेन्द्र, जो चिट्टी की विजय से गुस्सा हो जाता है, पक्षी की आत्मा को संश्लेषक से मुक्त कर देता है","धी ने न् द्र ,    जो    चि ट्टी    की    विजय    से    गुस्सा    हो    जाता    है,    पक्षी    की    आत् मा    को    सं श् ले षक    से    मुक्त    कर    देता    है ",78,29
1088,"न सिर्फ देख कर, जहाँ हम एक मानव आँख और एक क्षतिग्रस्त धात्विक आँख वाले सुपरस्टार को देखते हैं, बल्कि जान-बूझ कर स्पष्ट रूप से बोल कर भी बताया गया है जब बुरा रोबोट घोषणा करता है कि उसने ""टर्मिनेटरों"" की सृष्टि कर दी है","न    सिर्फ    देख    कर,    जहाँ    हम    एक    मानव    आँ ख    और    एक    क्ष ति ग्रस्त    धा त् विक    आँ ख    वाले    सुपर स्टार    को    देखते    हैं,    बल्कि    जान - बू झ   कर    स्पष्ट    रूप    से    बो ल    कर    भी    बताया    गया    है    जब    बु रा    रो बो ट    घोषणा    करता    है    कि    उसने    "" टर् मि नेट रो ं ""    की    स ृ ष्टि    कर    दी    है ",173,67
1089,"फिल्म को इसकी सफलता के बाद पूर्वी एशियाई बाजारों में प्रदर्शित किया गया; इसे ताइवान में 17 दिसंबर, 2010 को रिलीज़ किया गया था, जिसके पश्चात 1 सितंबर, 2011 को हांगकांग में","फिल्म    को    इसकी    सफलता    के    बाद    पूर्वी    एशियाई    बा जारों    में    प्रदर्शित    किया    ग या ;    इसे    ता इ वान    में    17    दिसं बर,    2010    को    रिलीज़    किया    गया    था,    जिसके    पश् चा त    1    सित ंबर,    2011    को    हा ंग का ंग    में ",139,44
1090,"बेल्जियम, बुल्गारिया, हंगरी, यूनाइटेड किंगडम, अल्बानिया, साइप्रस, सर्बिया और मॉन्टेनेग्रो, स्वीडन, और जर्मनी से 12 अंकों के दस सेटों के साथ गीत को 230 अंक मिले और यह विभिन्न देशों में भी, विशेष रूप से ग्रीस में, ज़बर्दस्त रूप से सफल रहा","बेल्ज िय म,    बु ल् ग ार िया,    ह ंग री,    यूनाइटेड    किंग ड म,    अल् बा न िया,    साइ प्र स,    सर् ब िया    और    मॉ न् टे ने ग्र ो ,    स्वी ड न,    और    जर्मनी    से    12    अंकों    के    दस    से टों    के    साथ    गीत    को    2 30    अंक    मिले    और    यह    विभिन्न    देशों    में    भी,    विशेष    रूप    से    ग्री स    में,    ज़ बर् द स्त    रूप    से    सफल    रहा ",195,73
1091,उन्हें अमोल पालेकर और ज़रीना वहाब अभिनीत घरोंदा (1977) तथा शर्मिला टगौर एवं उत्तम कुमार अभिनीत दूरियाँ (1979) जैसी समीक्षकों द्वारा सराही गई फिल्मों के निर्देशन के लिए सबसे ज्यादा जाना जाता है,उन्हें    अ मो ल    पा लेकर    और    ज़ री ना    व हा ब    अभि नी त    घ रो ंदा    ( 197 7 )    तथा    शर् मिला    ट ग ौर    एव ं    उत्त म    कुमार    अभि नी त    दूर ियाँ    ( 197 9 )    जैसी    समी क्ष कों    द्वारा    सरा ही    गई    फिल्मों    के    निर्देशन    के    लिए    सबसे    ज्यादा    जाना    जाता    है ,160,61
1092,"1951 में ""द लेडी विद द लैंप"" में ऐना नीगल ने मुख्य भूमिका निभाई थी","195 1    में    "" द    ले डी    वि द    द    लै ंप ""    में    ऐ ना    नी गल    ने    मुख्य    भूमिका    निभाई    थी ",52,23
1093,"एक पूरी अवधि की मूक फिल्म बनाने के लिए, परिवार की जमीन के बगीचे में एक अस्थायी स्टूडियो तैयार किया गया और द लास्ट किस नाम की एक पूर्ण अवधि की मूक फिल्म का निर्माण किया गया जिसे 1931 में प्रदर्शित किया गया","एक    पूरी    अवधि    की    मू क    फिल्म    बनाने    के    लिए,    परिवार    की    जमीन    के    ब गी चे    में    एक    अस्थायी    स्टूडियो    तैयार    किया    गया    और    द    ला स्ट    किस    नाम    की    एक    पूर्ण    अवधि    की    मू क    फिल्म    का    निर्माण    किया    गया    जिसे    193 1    में    प्रदर्शित    किया    गया ",162,49
1094,इसे क्लेयर डी ल्यून (1987) में अपने खुद के ऑफ-ब्रॉडवे नाटक फ्रेंकी और जॉनी से टेरेंस मैकनेली द्वारा रूपांतरित किया गया था जिसमें केनेथ वेल्श और कैथी बेट्स थे,इसे    क् ले यर    डी    ल्यू न    ( 198 7 )    में    अपने    खुद    के    ऑ फ - ब्र ॉ ड वे    नाटक    फ्रे ं की    और    जॉ नी    से    टे रे ंस    मैक ने ली    द्वारा    रू पा ंतर ित    किया    गया    था    जिसमें    के ने थ    वे ल् श    और    कै थी    बे ट्स    थे ,129,57
1095,"2011 में कश्यप ने कल्कि कोएच्लिन द्वारा अभिनीत एक रोमांचक फिल्म, दैट गर्ल इन यलो बूट्स, का निर्देशन किया जिसमें वह उनके साथ सह-लेखक भी थी","2011    में    क श ्य प    ने    क ल् कि    को ए च् लिन    द्वारा    अभि नी त    एक    रो मा ंच क    फिल् म,    दै ट    गर् ल    इन    य लो    बू ट् स,    का    निर्देशन    किया    जिसमें    वह    उनके    साथ    सह- लेखक    भी    थी ",112,46
1096,उन्हें इस चलचित्र के लिए ग्रीक भाषा सीखनी पड़ी थी और उन्होंने खुद ध्वनि अंतरण किया,उन्हें    इस    चलचित्र    के    लिए    ग्री क    भाषा    सीख नी    प ड़ी    थी    और    उन्होंने    खुद    ध्व नि    अंतर ण    किया ,67,21
1097,"इस फिल्म का पहला सार्वजनिक प्रदर्शन 2016 में सिडनी फिल्म समारोह और 2016 के कान फिल्म समारोह में डायरेक्टर्स फोर्टनाइट खंड में किया गया, जहां लोगों ने इसे सराहा था","इस    फिल्म    का    पहला    सार्वजनिक    प्रदर्शन    2016    में    सि ड नी    फिल्म    समारोह    और    2016    के    कान    फिल्म    समारोह    में    डाय रे क् ट र्स    फोर् ट नाइ ट    खंड    में    किया    गया,    जहां    लोगों    ने    इसे    सरा हा    था ",133,40
1098,"इसके अलावा, 3 ईडियट्स ने 2014 में घरेलू वीडियो खुदरा विक्रेताओं के एक जापानी संगठन द्वारा आयोजित चौथे वीडियोयासन पुरस्कारों में भव्य पुरस्कार जीता; घरेलू और विदेशी हॉलीवुड प्रस्तुतियों सहित हज़ारों फिल्मों, ऐनिमे, और टेलीविजन कार्यक्रमों को मात देते हुए 3 ईडियट्स 2013 की सर्वोत्तम वीडियो रिलीज़ के रूप में चुनी गई","इसके    अलावा,    3    ई डिय ट्स    ने    2014    में    घरेलू    वीडियो    खु दरा    विक्रे ताओं    के    एक    जापानी    संगठन    द्वारा    आयोजित    चौथे    वी ड ियो या सन    पुरस्कारों    में    भव ्य    पुरस्कार    जी ता ;    घरेलू    और    विदेशी    हॉ लीवुड    प्रस्तु तियों    सहित    ह ज़ ारों    फिल् मो ं,    ऐ नि मे ,    और    टेलीविजन    कार्यक्रमों    को    मा त    देते    हुए    3    ई डिय ट्स    2013    की    सर्वो त् तम    वीडियो    रिलीज़    के    रूप    में    चु नी    गई ",263,78
1099,"उन्होंने एक साक्षात्कार के दौरान कहा कि हालांकि अनुमान लगाया गया कि वह फिल्म फेयर पुरस्कार था लेकिन ""मैंने फिल्म फेयर पुरस्कार नहीं लिखा था","उन्होंने    एक    सा क्षा त्कार    के    दौरान    कहा    कि    हालांकि    अनुमान    लगाया    गया    कि    वह    फिल्म    फेयर    पुरस्कार    था    लेकिन    "" मैंने    फिल्म    फेयर    पुरस्कार    नहीं    लिखा    था ",115,28
1100,"""",""" ",1,1
1101,"जॉर्डन पील की फिल्म अस में 1986 में एक छोटी लड़की, ऐडी चलते हुए शमन के विशन क्वेस्ट से आकर्षित होकर उसमें प्रवेश करती है, जिसके द्वार पर एक उत्तरी अमेरिका का मूल निकासी सिर पर हेडड्रेस पहने और दाहिने हाथ से संभावित खोजकर्ताओं की ओर संकेत करते खड़ा है","जॉर् डन    पी ल    की    फिल्म    अ स    में    198 6    में    एक    छोटी    लड़ की,    ऐ डी    चलते    हुए    श मन    के    वि शन    क् वेस्ट    से    आकर्षित    होकर    उसमें    प्रवेश    करती    है,    जिसके    द्वार    पर    एक    उत्तरी    अमेरिका    का    मूल    निका सी    सिर    पर    हे ड ड ्रे स    पह ने    और    दा हि ने    हाथ    से    संभावित    खो ज कर्ताओं    की    ओर    संकेत    करते    ख ड़ा    है ",201,70
1102,"आधुनिक फिल्में, एक अखिल भारतीय फिल्म आन्दोलन बनाते हुए, कई भाषाओं में ध्वनि अंतरण करके प्रदर्शित की जाती हैं","आधुनिक    फिल् में,    एक    अ खिल    भारतीय    फिल्म    आ न् दो लन    बनाते    हुए,    कई    भाषाओं    में    ध्व नि    अंतर ण    करके    प्रदर्शित    की    जाती    हैं ",90,26
1103,"आमिर खान, जिन्होंने अपने कार्यकाल में पहले कभी कोई पुनर्निर्मित फिल्म नहीं बनाई थी, शुरू में इसे करने में झिझक रहे थे, लेकिन तमिल गजनी के मूल मुख्य कलाकार सूर्या ने उन्हें यह कह कर आश्वस्त किया कि ""केवल वही हैं जो इस चरित्र के साथ न्याय कर सकते हैं","आ मि र    खा न,    जिन्होंने    अपने    कार्यकाल    में    पहले    कभी    कोई    पुनर् निर्मित    फिल्म    नहीं    बनाई    थी,    शुरू    में    इसे    करने    में    झ ि झ क    रहे    थे,    लेकिन    तमिल    ग ज नी    के    मूल    मुख्य    कलाकार    सू र् या    ने    उन्हें    यह    क ह    कर    आ श्व स्त    किया    कि    "" केवल    वही    हैं    जो    इस    चरि त्र    के    साथ    न्या य    कर    सकते    हैं ",199,67
1104,"""",""" ",1,1
1105,"2000 में, ड्रमवादक डेनिस चेम्बर्स (कार्लोस सैंटाना, जॉन मैकलॉक्लिन, और अन्य), के साथ उसने रेस्क्यू रिकॉर्ड किया, और 2006 में डीजे लॉजिक और केलर विलियम्स (गिटार और बास) के साथ शैटो बनारस का विमोचन किया","2000    में,    ड्र म वा दक    डे निस    चे म् बर् स    ( कार् लो स    सै ं टा ना,    जॉन    मैक लॉ क् लि न,    और    अन ्य ),    के    साथ    उसने    रे स् क्य ू    रिकॉर्ड    किया,    और    2006    में    डी जे    लॉ जिक    और    के लर    विलिय म्स    ( गि टा र    और    बा स )    के    साथ    शै टो    बन ार स    का    वि मो चन    किया ",166,71
1106,रेडियो 4 के पुरालेखागार से कई हास्यप्रद एवं नाटक के कार्यक्रम बी,रेडियो    4    के    पुरा ले खा गार    से    कई    हा स् य प्र द    एव ं    नाटक    के    कार्यक्रम    बी ,53,20
1107,बी,बी ,2,1
1108,सी,सी ,2,1
1109,के रेडियो 4 एक्सट्रा में प्रसारित किए जाते हैं,के    रेडियो    4    एक्स ट्र ा    में    प्रसारित    किए    जाते    हैं ,38,11
1110,राष्ट्रीय फिल्म पुरस्कार भारत की क्षेत्रीय भाषाओं की सर्वोत्तम फिल्मों के लिए भी दिए जाते हैं,राष्ट्रीय    फिल्म    पुरस्कार    भारत    की    क्षेत्रीय    भाषाओं    की    सर्वो त् तम    फिल्मों    के    लिए    भी    दिए    जाते    हैं ,78,18
1111,नेहा के ससुराल वाले सोचते हैं कि निकिता की मृत्यु हो चुकी है और निकिता को एहसास होता है कि उसकी समस्याओं से बाहर निकलने का एक तरीका है नेहा का भेष लेना,ने हा    के    स सु राल    वाले    सोच ते    हैं    कि    नि कि ता    की    मृत्यु    हो    चुकी    है    और    नि कि ता    को    ए ह सास    होता    है    कि    उसकी    समस्याओं    से    बाहर    निक लने    का    एक    तरीका    है    ने हा    का    भे ष    लेना ,119,46
1112,"दोनों गानों के बोल साहिति ने लिखे थे और बाकी गाने रामजोगय्या शास्त्री, चंद्रबोस, देवी श्री प्रसाद और भास्कराभाटला ने लिखे थे","दोनों    गा नों    के    बो ल    साहि ति    ने    लिखे    थे    और    बाकी    गाने    राम जो ग य ्या    शास् त्र ी,    चंद्र बो स,    देवी    श्री    प्र साद    और    भा स् करा भा ट ला    ने    लिखे    थे ",103,39
1113,"मुख्य अदाकारों की तारीफ़ में यह कहते हुए कि उन्होंने ""एक साथ अच्छा प्रदर्शन किया है"" किंतु वे ""एक मरियल कहानी को प्रोत्साहन देने के लिए विवश हैं"", द इंडियन एक्सप्रेस की शुभ्रा गुप्ता ने फिल्म को 5 में से 2","मुख्य    अदा कारों    की    तारी फ़    में    यह    कहते    हुए    कि    उन्होंने    "" एक    साथ    अच्छा    प्रदर्शन    किया    है ""    किं तु    वे    "" एक    म रिय ल    कहानी    को    प्रोत्सा हन    देने    के    लिए    वि व श    हैं "",    द    इंड ियन    एक्स प्रेस    की    शु भ्र ा    गु प् ता    ने    फिल्म    को    5    में    से    2 ",165,59
1114,5 दिए,5    दिए ,4,2
1115,"51वें संस्करण के समान ही, इस संस्करण को भी मिश्रित प्रारूप में आयोजित किया गया जिसमें ऑनलाइन सहभागिता एवं प्रत्यक्ष रूप से आमने-सामने रह कर भाग लिया जा सकता था","5 1 वें    संस्करण    के    समान    ही,    इस    संस्करण    को    भी    मिश्रित    प्रार ूप    में    आयोजित    किया    गया    जिसमें    ऑनलाइन    सह भा गि ता    एव ं    प्रत्यक्ष    रूप    से    आम ने- सामने    रह    कर    भाग    लिया    जा    सकता    था ",130,39
1116,"सोमा केरल पैलेस, कोच्ची को चलचित्र में कर्मा संस्थान (गुरुस्वामी का विद्यालय) के रूप में दिखाया गया था","सो मा    केरल    पै ले स,    को च् ची    को    चलचित्र    में    कर् मा    संस्थान    ( गुरु स्वा मी    का    विद्याल य )    के    रूप    में    दिखाया    गया    था ",85,29
1117,"स्वर थे निखिल डिसूज़ा, मोनाली ठाकुर, लकी अली, राहत फतह अली खान, शेखर रावजियानी, कैरालिसा मॉन्टीरो, मोहित चौहान, श्रुति पाठक, विशाल डडलानी, शिल्पा राव और अभिजीत वाघानी के","स्वर    थे    नि खिल    डि सू ज़ा ,    मो ना ली    ठा कु र,    ल की    अ ली,    रा हत    फ त ह    अली    खा न,    शे खर    रा वज िया नी,    कै रा लि सा    मॉ न् टी रो ,    मो हित    चौ हा न,    श्र ु ति    पाठ क,    विशाल    ड ड ला नी,    शि ल्प ा    राव    और    अभि जीत    वा घा नी    के ",142,67
1118,यसु फिर वाल्मीकि से राज को पांच वर्ष तक प्रशिक्षण देने को कहते हैं जिससे वह भी बंटू के समान दक्ष बन जाए और सी,य स ु    फिर    वा ल् मी कि    से    राज    को    पांच    वर्ष    तक    प्रशिक्षण    देने    को    कहते    हैं    जिससे    वह    भी    बं टू    के    समान    द क्ष    बन    जाए    और    सी ,85,32
1119,ई,ई ,1,1
1120,ओ,ओ ,1,1
1121,बन सके,बन    सके ,5,2
1122,"जब वे कारों में एक-दूसरे का पीछा कर रहे होते हैं, राज मीना को मरने से बचाता है और उन लोगों से कहता है कि वे आइंदा उसे कभी न मिलें","जब    वे    कारों    में    एक-दूसरे    का    पीछ ा    कर    रहे    होते    हैं,    राज    मी ना    को    मर ने    से    बचा ता    है    और    उन    लोगों    से    कहता    है    कि    वे    आइ ंदा    उसे    कभी    न    मि लें ",99,37
1123,हिंदुस्तान टाइम्स की अनुपमा चोपड़ा ने इसे 5 में से 4,हिंदु स्तान    टाइ म्स    की    अनुप मा    चो पड़ा    ने    इसे    5    में    से    4 ,42,15
1124,"5 सितारे देते हुए इसे ""बुलंदियों को छूती, दिल भेदने वाली, और देखने में शानदार"" बताते हुए लिखा कि ""बाजीराव मस्तानी ऑपेरा के समान संगीतमय, गश खाती, तपती प्रेम कविता की तरह है","5    सित ारे    देते    हुए    इसे    "" बु ल ंद ियों    को    छू ती,    दिल    भे द ने    वा ली,    और    देखने    में    शा नद ार ""    बताते    हुए    लिखा    कि    "" बा जी राव    म स्तानी    ऑ पे रा    के    समान    संगीत म य,    ग श    खा ती,    त प ती    प्रेम    कवि ता    की    तरह    है ",140,58
1125,"""",""" ",1,1
1126,लगभग 4 करोड़ 40 लाख मीट्रिक टन का माल हर वर्ष देश की प्रमुख नदियों और जलमार्गों के माध्यम से परिवहन किया जाता है,लगभग    4    करोड़    40    लाख    मी ट्र िक    टन    का    माल    हर    वर्ष    देश    की    प्रमुख    नदियों    और    जल मार् गों    के    माध्यम    से    परिवहन    किया    जाता    है ,89,28
1127,"2010 की एक रिपोर्ट के अनुसार, अफगानिस्तान में केवल 2","2010    की    एक    रिपोर्ट    के    अनुसार,    अफ गा निस्तान    में    केवल    2 ",43,12
1128,"1% (या 1,350,000 हेक्टेअर) वनभूमि है","1 %    ( या    1, 3 5 0,000    हे क् टे अर )    वन भूमि    है ",31,16
1129,सभी महाद्वीपीय पर्पटी अंत में बैसाल्ट के पिघलन के भिन्नात्मक पृथक्करण और पहले से मौजूद महाद्वीपीय पर्पटी के समावेश (पुनःपिघलन) के माध्यम से प्रावरक-प्राप्त पिघलन (मुख्य रूप से बैसाल्ट) से व्युत्पन्न होते हैं,सभी    महा द्वी पीय    पर् प टी    अंत    में    बै सा ल्ट    के    पि घ लन    के    भि न् नात्मक    पृथ क् करण    और    पहले    से    मौजूद    महा द्वी पीय    पर् प टी    के    समा वेश    ( पुन ः पि घ ल न)    के    माध्यम    से    प्रा वर क- प्राप्त    पि घ लन    ( मुख्य    रूप    से    बै सा ल् ट)    से    व्य ु त् पन्न    होते    हैं ,175,68
1130,"हालांकि जापान चावल (चावल के कुरकुरे व्यंजन और प्रसंस्कृत खाद्य पदार्थों में इसके प्रयोग के अलावा) और गेहूँ में आत्मनिर्भर है, लेकिन देश को अन्य अनाज और चारा फसलों का 50% आयात करना पड़ता है और मांस की आधी आपूर्ति के लिए आयातों पर निर्भर रहता है","हालांकि    जापान    चावल    ( चावल    के    कु र कु रे    व्यंजन    और    प्र संस्कृत    खाद्य    पदार्थों    में    इसके    प्रयोग    के    अला वा )    और    गे हूँ    में    आत्म निर्भर    है,    लेकिन    देश    को    अन्य    अना ज    और    च ारा    फस लों    का    50 %    आ यात    करना    पड़ता    है    और    मांस    की    आ धी    आपूर्ति    के    लिए    आ या तों    पर    निर्भर    रहता    है ",197,64
1131,अमरीकी भूवैज्ञानिक ग्रोव कार्ल गिल्बर्ट ने 1885 में सबसे पहले तर्क प्रस्तुत किया कि बैरियर अवसाद के स्रोत दीर्घतट थे,अमरीकी    भू वैज्ञानिक    ग्र ो व    कार् ल    गि ल् बर्ट    ने    18 85    में    सबसे    पहले    त र्क    प्रस्तुत    किया    कि    बै र ियर    अव साद    के    स्रोत    दीर्घ तट    थे ,97,32
1132,ग्रीष्म ऋतु के दौरान आसनसोल गर्म और सूखा रहता है और सर्दियाँ हल्की होती हैं,ग्री ष् म    ऋ तु    के    दौरान    आस न सो ल    गर्म    और    सू खा    रहता    है    और    सर् द ियाँ    हल् की    होती    हैं ,61,25
1133,"दो छोटी नदिकाएं, नुनिया और गारूई, आसनसोल से होकर गुज़रती हैं","दो    छोटी    न दि का ए ं,    नु निया    और    ग ार ू ई,    आस न सो ल    से    होकर    गु ज़ र ती    हैं ",50,25
1134,"जब किसी बड़े भूकंप के उपरिकेंद्र की स्थिति अपतटीय होती है, तो समुद्र तल इतना विस्थापित हो सकता है कि सूनामी का कारण बन सकता है","जब    किसी    बड़े    भू कं प    के    उप रि केंद्र    की    स्थिति    अप तटीय    होती    है,    तो    समुद्र    तल    इतना    वि स्थापित    हो    सकता    है    कि    सू ना मी    का    कारण    बन    सकता    है ",101,34
1135,"सर्दी के मौसम में धर्मशाला (जिसमें मैक्लॉडगंज, भागसू नाग और नड्डी भी हैं) के ऊपरी क्षेत्रों में बर्फ और ओले गिरना आम है","सर् दी    के    मौसम    में    धर्म शा ला    ( जिसमें    मै क् लॉ ड गं ज,    भाग स ू    ना ग    और    न ड्डी    भी    हैं )    के    ऊपरी    क्षेत्रों    में    बर्फ    और    ओ ले    गिर ना    आम    है ",97,39
1136,"निंबू वंश के फल मुख्य रूप से जमैका के मध्य भागों में, विशेष रूप से 1000-2500 फीट की ऊँचाई पर उगाए जाते हैं","नि ंब ू    वंश    के    फल    मुख्य    रूप    से    ज मै का    के    मध्य    भागों    में,    विशेष    रूप    से    10 0 0- 2 500    फी ट    की    ऊँचाई    पर    उ गा ए    जाते    हैं ",84,34
1137,देहरादून शहर की पीने योग्य पानी की आपूर्ति दो प्राथमिक स्रोतों से होती है: सतही जल और भूजल,दे हरा दू न    शहर    की    पी ने    योग्य    पानी    की    आपूर्ति    दो    प्राथमिक    स्रो तों    से    होती    है :    सत ही    जल    और    भू जल ,73,26
1138,"विभिन्न प्रकार के फल जैसे कि आम, सपोता, संतरा, केला, पपीता, अनानास और जड़ फसलें किसानों की खुद की पहाड़ी ज़मीन पर उगाई जाती हैं","विभिन्न    प्रकार    के    फल    जैसे    कि    आ म,    स पो ता,    सं तरा ,    के ला,    प पी ता,    अना ना स    और    ज ड़    फस लें    कि सा नों    की    खुद    की    पहाड़ी    ज़ मीन    पर    उ गा ई    जाती    हैं ",103,42
1139,ताजी मछली फ्रांस को निर्यात की जाती है और सूखी एवं संरक्षित मछली स्पेन और इटली को निर्यात की जाती है,ता जी    मछली    फ्रांस    को    निर् यात    की    जाती    है    और    सू खी    एव ं    संरक्षित    मछली    स्पेन    और    इटली    को    निर् यात    की    जाती    है ,80,26
1140,"इसकी भित्तियाँ आमतौर पर कम चौड़ाई की हैं, जिनमें पूर्वी किनारों को छोड़कर कहीं भी विलू नहीं नज़र आते और यह द्वीपों से ढके हैं जो मालदीव के मानकों से काफी बड़े हैं","इसकी    भि त् तियाँ    आमतौर    पर    कम    चौ ड़ ाई    की    हैं,    जिनमें    पूर्वी    किन ारों    को    छोड़कर    कहीं    भी    वि लू    नहीं    न ज़र    आते    और    यह    द्वीपों    से    ढ के    हैं    जो    माल दी व    के    मान कों    से    काफी    बड़े    हैं ",130,44
1141,"सेलुलोज़ तंतु के विकल्पों की समान विशिष्टताएं हैं लेकिन यह उपयुक्त रूप से सूती कपड़े की जगह नहीं ले सकते, क्योंकि यह तन्य क्षमता और ताप नियंत्रण में भिन्न हैं","से लु लो ज़    तं तु    के    विक ल्प ों    की    समान    विशि ष्ट ता एं    हैं    लेकिन    यह    उप युक्त    रूप    से    सू ती    कपड़े    की    जगह    नहीं    ले    सक ते,    क्योंकि    यह    त न्य    क्षमता    और    ता प    नियंत्रण    में    भिन्न    हैं ",129,44
1142,कपास की खेती में अत्यधिक पानी और कीटनाशकों के इस्तेमाल ने संवहनीयता संबंधी शंकाओं को प्रेरित किया है और प्राकृतिक तंतु के विकल्पों के लिए बाज़ार तैयार किया है,क पास    की    खेती    में    अत्यधिक    पानी    और    की ट ना श कों    के    इस्तेमाल    ने    सं व ह नी यता    संबंधी    शं काओं    को    प्रेरित    किया    है    और    प्राकृतिक    तं तु    के    विक ल्प ों    के    लिए    बा ज़ार    तैयार    किया    है ,130,43
1143,"ध्रुवों के पास ठंडे पानी की तुलना में गर्म, साफ, उष्णकटिबन्धीय पानी में प्रवाल प्रचुर मात्रा में पाए जाते हैं","ध्र ु वों    के    पास    ठ ंडे    पानी    की    तुलना    में    गर् म,    सा फ ,    उ ष्णकटि ब न् ध ीय    पानी    में    प्रवा ल    प्र चु र    मात्रा    में    पाए    जाते    हैं ",90,34
1144,"भारत में 7,516 किलोमीटर (4,670 मील) लंबा समुद्री तट है, 3,827 मछुआरों के गांव हैं और 1,914 पारंपरिक पकड़ी हुई मछलियों को तट पर उतारने के केंद्र हैं","भारत    में    7 , 5 16    किलोमीटर    ( 4, 6 70    मील)    लंबा    समुद्री    तट    है,    3, 8 27    म छु आ रों    के    गांव    हैं    और    1, 9 14    पारंपरिक    पक ड़ी    हुई    मछ लियों    को    तट    पर    उ तार ने    के    केंद्र    हैं ",120,45
1145,"मणिपुर के लिए उपयुक्त नकदी फसलों में शामिल हैं लीची, काजू, अखरोट, संतरा, नींबू, अनानास, पपीता, पैशन फल, आड़ू, नाशपाती और आलूबुखारा","मणिपुर    के    लिए    उप युक्त    नक दी    फस लों    में    शामिल    हैं    ली ची ,    का जू ,    अ ख रो ट,    सं तरा ,    नी ंब ू ,    अना ना स,    प पी ता,    पै शन    फ ल,    आ ड़ ू ,    ना श पा ती    और    आ लू बु ख ारा ",109,53
1146,"प्रदर्शन व्यवस्थाओं में बदलाव पशुपालकों के लिए काम के विस्तार में परिवर्तन ला रहा है क्योंकि परिदृश्य रखरखाव, पौधों की देखभाल, जलवायु नियंत्रण, और रहने के माहौल की देखभाल, और सभी वर्गीकृत श्रेणियों में कई और प्रजातियों के लिए पशुपालन की विस्तारित समझ सहित कार्यसाधक ज्ञान रखते हुए वे प्राकृतिक आवास-पालक बन रहे हैं","प्रदर्शन    व्यव स्था ओं    में    बदलाव    प शु पाल कों    के    लिए    काम    के    विस्तार    में    परिवर्तन    ला    रहा    है    क्योंकि    परि दृश्य    रख रखा व,    पौ धों    की    देखभा ल,    जलवायु    नियंत्र ण,    और    रहने    के    मा ह ौ ल    की    देखभा ल,    और    सभी    वर्गीकृत    श्रेण ियों    में    कई    और    प्रजातियों    के    लिए    प शु पालन    की    विस्त ार ित    समझ    सहित    कार्य साध क    ज्ञान    रखते    हुए    वे    प्राकृतिक    आवा स- पा लक    बन    रहे    हैं ",261,79
1147,"भारतीय या एशियाई चीता, जावन गैंडा और सुमात्रा गैंडा देश के महत्वपूर्ण स्तनधारी हैं जो विलुप्त हो गए हैं या जो विलुप्त माने जा रहे हैं","भारतीय    या    एशियाई    ची ता,    जा वन    गै ंडा    और    सु मात्रा    गै ंडा    देश    के    महत्वपूर्ण    स्त न ध ारी    हैं    जो    वि लु प्त    हो    गए    हैं    या    जो    वि लु प्त    माने    जा    रहे    हैं ",108,38
1148,"गौर गोवा का राजकीय पशु है, फ्लेम-थ्रोटेड बुलबुल राजकीय पक्षी है, और राजकीय वृक्ष इंडियन लॉरेल है","ग ौर    गोवा    का    राज कीय    पशु    है,    फ् ले म- थ ्रो टेड    बु ल बु ल    राज कीय    पक्षी    है,    और    राज कीय    वृ क्ष    इंड ियन    लॉ रेल    है ",80,32
1149,"चावल मुख्य खाद्य फसल है, और दलहन (फलियाँ), रागी (फिंगर मिलेट), और अन्य खाद्य फसलें भी उगाई जाती हैं","चावल    मुख्य    खाद्य    फसल    है,    और    द ल हन    ( फ ल िया ँ ),    रा गी    ( फि ंग र    मिले ट ),    और    अन्य    खाद्य    फस लें    भी    उ गा ई    जाती    हैं ",81,35
1150,ग्रीष्मकाल में बहुत गर्मी होती है; जहां निचले इलाकों में मई के दौरान तापमान 50 डिग्री सेल्सियस (122 डिग्री फेरन्हाइट) से भी अधिक हो सकता है जिससे ताप लहर के कारण सैकड़ों भारतीयों की मृत्यु हो सकती है,ग्रीष्म काल    में    बहुत    गर्मी    होती    है;    जहां    निचले    इलाकों    में    मई    के    दौरान    तापमान    50    डिग्री    सेल्सियस    ( 1 22    डिग्री    फे र न् हाइ ट)    से    भी    अधिक    हो    सकता    है    जिससे    ता प    ल हर    के    कारण    सै कड़ों    भारती यों    की    मृत्यु    हो    सकती    है ,162,49
1151,"समशीतोष्ण पर्णपाती वन जीवोम पादप समूह हैं जो उत्तरी और दक्षिणी अमेरिका, हिमालय के दक्षिणी ढालों, यूरोप में फैले हैं और ओशीनिया में खेती के प्रयोजन से फैले हुए हैं","सम शी तो ष् ण    पर् ण पा ती    वन    जी वो म    पा द प    समूह    हैं    जो    उत्तरी    और    दक्षिणी    अमेरि का,    हिमालय    के    दक्षिणी    ढा लो ं,    यूरोप    में    फै ले    हैं    और    ओ शी निया    में    खेती    के    प्र योजन    से    फै ले    हुए    हैं ",133,49
1152,"ये मौसमी तौर पर विशिष्ट समूहों के विविध जीव हैं जो काफी ज्यादा जलवायु के मौसम तत्व से प्रभावित होते हैं, विशेष रूप से तापमान और वर्षा की मात्रा से","ये    मौ सम ी    तौर    पर    विशिष्ट    समूहों    के    विवि ध    जीव    हैं    जो    काफी    ज्यादा    जलवायु    के    मौसम    तत्व    से    प्रभावित    होते    हैं,    विशेष    रूप    से    तापमान    और    वर्षा    की    मात्रा    से ",117,33
1153,"महत्वपूर्ण बंदरगाहों में शामिल हैं भारत के कांडला बंदरगाह, मुंद्रा बंदरगाह, पीपावाव बंदरगाह, दहेज बंदरगाह, हज़ीरा बंदरगाह, मुंबई बंदरगाह, न्हावा शेवा बंदरगाह (नवी मुंबई), मोरमुगाँव बंदरगाह (गोआ), नया मैंगलोर बंदरगाह और कोच्चि बंदरगाह; पाकिस्तान में कराची बंदरगाह, कासिम बंदरगाह और ग्वादर बंदरगाह; ईरान में चाबहार बंदरगाह; और ओमान में सलाला में सलाला बंदरगाह","महत्वपूर्ण    बंदरगा हों    में    शामिल    हैं    भारत    के    का ंड ला    बंदरगा ह,    मु ंद्र ा    बंदरगा ह,    पी पा वा व    बंदरगा ह,    द हे ज    बंदरगा ह,    ह ज़ी रा    बंदरगा ह,    मुंबई    बंदरगा ह,    न् हा वा    शे वा    बंदरगाह    ( न वी    मुंब ई ),    मो र मु गाँव    बंदरगाह    ( गो आ ),    नया    मै ंग लोर    बंदरगाह    और    को च् चि    बंदरगा ह ;    पाकिस्तान    में    करा ची    बंदरगा ह,    का सि म    बंदरगाह    और    ग् वा दर    बंदरगा ह ;    ईरान    में    चा ब हार    बंदरगा ह ;    और    ओ मान    में    सला ला    में    सला ला    बंदरगाह ",305,105
1154,"गोंडवाना और विंध्य अपनी सीमाओं में मध्य प्रदेश, छत्तीसगढ़, ओडिशा, बिहार, झारखंड, पश्चिम बंगाल, आंध्र प्रदेश, महाराष्ट्र, जम्मू -कश्मीर, पंजाब, हिमाचल प्रदेश, राजस्थान और उत्तराखंड के भाग शामिल करते हैं","गो ंड वा ना    और    वि ं ध ्य    अपनी    सीमा ओं    में    मध्य    प्र देश ,    छत्तीस गढ़ ,    ओडि शा ,    बि हार ,    झ ार खंड ,    पश्चिम    बंगा ल,    आंध्र    प्र देश ,    महारा ष्ट्र ,    जम्मू    - कश् मी र,    पंजा ब,    हिमा चल    प्र देश ,    राजस्थान    और    उत्तराखंड    के    भाग    शामिल    करते    हैं ",172,60
1155,टोमोग्राफी दर्शाती है कि उत्तरी अमेरिका के नीचे क्रेटॉन रूट में दो परतें हैं,टो मो ग्रा फी    दर्शा ती    है    कि    उत्तरी    अमेरिका    के    नीचे    क्रे टॉ न    रू ट    में    दो    पर तें    हैं ,63,22
1156,प्रति महीने औसत वर्षा फरवरी और अप्रैल में 54 मि,प्रति    महीने    औसत    वर्षा    फरवरी    और    अप्रैल    में    5 4    मि,38,11
1157,मी,मी ,2,1
1158,(2,( 2 ,2,2
1159,1 इंच) से लेकर जुलाई में 78 मि,1    इं च )    से    लेकर    जुलाई    में    7 8    मि,23,11
1160,मी,मी ,2,1
1161,(3,( 3 ,2,2
1162,1 इंच) तक होती है,1    इं च )    तक    होती    है ,13,7
1163,"प्रवाल द्वीपों पर भूमि और पानी की कमी, खेती की अल्पविकसित तकनीकें और समर्थन सेवाओं के न होने के कारण उत्पादकता कम है और इस वजह से इन क्षेत्रों में आय कम है","प्रवा ल    द्वीपों    पर    भूमि    और    पानी    की    क मी,    खेती    की    अल्प विकसित    तकनी कें    और    समर्थन    सेवाओं    के    न    होने    के    कारण    उत्पा द कता    कम    है    और    इस    वजह    से    इन    क्षेत्रों    में    आय    कम    है ",123,39
1164,"सबसे महत्वपूर्ण वन उत्पाद हैं बांस, मराठा छाल, चिलर छाल और भिरंड","सबसे    महत्वपूर्ण    वन    उत्पाद    हैं    बां स,    मराठा    छा ल,    चि लर    छा ल    और    भि र ंड ",53,18
1165,"अन्य महत्वपूर्ण फसलें हैं चावल, कपास, गन्ना, बाजरा, रागी, ज्वार, भुट्टा, जई और फल","अन्य    महत्वपूर्ण    फस लें    हैं    चा व ल,    क पा स,    ग न् ना,    बा ज रा,    रा गी,    ज् वार ,    भु ट्टा ,    ज ई    और    फल ",68,29
1166,सरीसृप और जलथलचर की 37 प्रजातियों की भी जानकारी दी गई है,स री स ृ प    और    जल थ ल चर    की    3 7    प्रजातियों    की    भी    जानकारी    दी    गई    है ,45,20
1167,स्वेज़ नहर का निर्माण करने वाली डी लेसेप्स कंपनी ने पहले 1880 के दशक में पनामा नहर का निर्माण करने का प्रयत्न किया था,स् वे ज़    न हर    का    निर्माण    करने    वाली    डी    ले से प् स    कंपनी    ने    पहले    18 80    के    दशक    में    प ना मा    न हर    का    निर्माण    करने    का    प्र य त् न    किया    था ,94,37
1168,"तीन जल-मार्ग इस नगरपालिका से गुज़रते हैं: पश्चिम से दक्षिण की ओर वीसपरट्रेकवार्ट, उत्तर से पूर्व की ओर ऐम्स्टर्डैम-राइन नहर और दक्षिण से उत्तर की ओर डीयेम नदी","तीन    जल - मार्ग    इस    नगरपालिका    से    गु ज़ र ते    हैं :    पश्चिम    से    दक्षिण    की    ओर    वी स पर ट्रे क वार् ट,    उत्तर    से    पूर्व    की    ओर    ऐ म् स्ट र् डै म- रा इन    न हर    और    दक्षिण    से    उत्तर    की    ओर    डी ये म    नदी ",131,50
1169,दो प्रकार की कृषि प्रबंधन विधियों में जैविक खेती और पारंपरिक खेती शामिल हैं,दो    प्रकार    की    कृषि    प्रबंधन    विध ियों    में    जै विक    खेती    और    पारंपरिक    खेती    शामिल    हैं ,62,16
1170,समतापमण्डल में सल्फेट ऐरोसोल की रासायनिक अभिक्रिया से ओज़ोन परत क्षतिग्रस्त हो सकती है और हाइड्रोजन क्लोराइड (HCl) और हाइड्रोजन फ्लोराइड (HF) भूमि पर अम्ल वर्षा के रूप गिर सकते हैं,सम ताप म ण् डल    में    सल् फे ट    ऐ रो सो ल    की    रा सा य निक    अभि क्रिया    से    ओ ज़ो न    पर त    क्ष ति ग्रस्त    हो    सकती    है    और    हाइ ड ्रो जन    क् लो राइ ड    ( H C l )    और    हाइ ड ्रो जन    फ्लो राइ ड    ( H F )    भूमि    पर    अम् ल    वर्षा    के    रूप    गिर    सकते    हैं ,150,68
1171,उष्णकटिबंधीय मानसून जलवायु होने के कारण असम समशीतोष्ण है (जहाँ गर्मियों का अधिकतम तापमान 95° - 100° फारेनहाइट या 35° - 38° सेल्सियस तथा सर्दियों में 43° - 46° फारेनहाइट 6° - 8° सेल्सियस है) और यहाँ भारी वर्षा और उच्च आर्द्रता रहती है,उष्णकटिबंधीय    मानसून    जलवायु    होने    के    कारण    असम    सम शी तो ष् ण    है    ( जहाँ    गर्मियों    का    अधिकतम    तापमान    9 5 °   -    10 0 °   फार े न हाइ ट    या    3 5 °   -    3 8 °   सेल्सियस    तथा    सर्दियों    में    4 3 °   -    4 6 °   फार े न हाइ ट    6 °   -    8 °   सेल्सियस    है )    और    यहाँ    भारी    वर्षा    और    उच्च    आर् द्र ता    रहती    है ,190,74
1172,"इस क्षेत्र की उच्च वर्षा, जो औसतन लगभग 10,000 मिलीमीटर (390 इंच) और उससे ऊपर है, और उसके साथ-साथ उच्च भूकंपीय गतिविधि और बाढ़, पारिस्थितिकी तंत्र के लिए समस्याएं पैदा करती है","इस    क्षेत्र    की    उच्च    वर्ष ा,    जो    औ स तन    लगभग    10 ,000    मिली मीटर    ( 3 90    इं च )    और    उससे    ऊपर    है,    और    उसके    साथ-साथ    उच्च    भू कंप ीय    गतिविधि    और    बा ढ़ ,    पारि स्थि ति की    तंत्र    के    लिए    समस्या एं    पैदा    करती    है ",143,49
1173,"2021 तक भारत में 28 राज्य हैं, जिनमें उनकी खुद की चुनी हुई सरकार हैं जो राष्ट्रीय सरकार से अलग से चुनी गई हैं (जिसे केंद्र सरकार या संघीय सरकार भी कहा जाता है) तथा 8 केंद्रशासित प्रदेश हैं जो केंद्र सरकार द्वारा प्रशासित हैं","2021    तक    भारत    में    28    राज्य    हैं,    जिनमें    उनकी    खुद    की    चु नी    हुई    सरकार    हैं    जो    राष्ट्रीय    सरकार    से    अलग    से    चु नी    गई    हैं    ( जिसे    केंद्र    सरकार    या    संघीय    सरकार    भी    कहा    जाता    है )    तथा    8    केंद्र शासित    प्रदेश    हैं    जो    केंद्र    सरकार    द्वारा    प्र शासित    हैं ",180,51
1174,"इस अवसर पर, इंडियामेन बिना कोई गोली चले सफलतापूर्वक चकमा देकर सुरक्षित निकल आए","इस    अवसर    पर,    इंड िया मे न    बिना    कोई    गोली    चले    सफलतापूर्वक    च क मा    दे कर    सुरक्षित    निकल    आए ",65,20
1175,भारतीय रेलवे को और भी उपविभाजित करते हुए सड़सठ विभागों में बाँटा गया है जिसमें प्रत्येक का एक मंडलीय मुख्यालय है,भारतीय    रेलवे    को    और    भी    उप विभाजित    करते    हुए    सड़ स ठ    विभा गों    में    बाँ टा    गया    है    जिसमें    प्रत्येक    का    एक    मंड ल ीय    मुख्यालय    है ,92,28
1176,"बढ़ती हुई लाल सेना से बचने के लिए पूर्वी प्रशिया, साइलेशिया और पौमरेनिया के जर्मन प्रांतों से भाग रहे निवासियों की निर्वातन के दौरान मृत्यु हो गई, कुछ की ठंड और भुखमरी के कारण और कुछ की युद्ध की लड़ाई के कारण","बढ़ती    हुई    लाल    सेना    से    बचने    के    लिए    पूर्वी    प्र श िया,    साइ ले शिया    और    पौ म रे निया    के    जर्मन    प्रां तों    से    भाग    रहे    निवासियों    की    निर्वा तन    के    दौरान    मृत्यु    हो    गई,    कुछ    की    ठ ंड    और    भु ख म री    के    कारण    और    कुछ    की    युद्ध    की    लड़ाई    के    कारण ",167,55
1177,"मतों के स्थानांतरण विजेता उम्मीदवार से हारे हुए उम्मीदवार को करना असंभव है और अगर कोई अगली चिह्नित वरीयता हो, तो उस पर गौर किया जाता है","म तों    के    स्थानांतर ण    विजेता    उम्मीद वार    से    ह ारे    हुए    उम्मीद वार    को    करना    अ संभव    है    और    अगर    कोई    अगली    चिह् नित    व री यता    हो,    तो    उस    पर    ग ौर    किया    जाता    है ",109,37
1178,आई,आई ,2,1
1179,सी,सी ,2,1
1180,सी,सी ,2,1
1181,"में मद्रास के एक वकील, टी","में    मद ्रा स    के    एक    वकी ल,    टी ",20,9
1182,"रंगाचारी, के नेतृत्व में तीन अंग्रेज और तीन भारतीय थे","र ंगा चार ी,    के    नेतृत्व    में    तीन    अंग्रे ज    और    तीन    भारतीय    थे ",44,14
1183,2020 में वित्त मंत्री निर्मला सीतारमण ने अधिनियम में संशोधन के लिए बिल प्रस्तुत किया,2020    में    वित्त    मंत्री    निर् म ला    सी तार म ण    ने    अधिनियम    में    संशो धन    के    लिए    बिल    प्रस्तुत    किया ,70,21
1184,"दिसंबर 2012 में, वायनाड वन्यजीव अभयारण्य के किनारे पर एक कॉफी बागान में केरल वन विभाग ने एक बाघ को गोली मार दी","दिसंबर    2012    में,    वाय ना ड    व न्य जीव    अभयारण्य    के    किनारे    पर    एक    कॉ फी    बा गान    में    केरल    वन    विभाग    ने    एक    बा घ    को    गोली    मार    दी ",88,30
1185,केरल के मुख्य वन्य जीव वार्डन ने बाघ का शिकार करने का आदेश दिया जब बाघ द्वारा मवेशियों को उठा ले जाने पर बड़े पैमाने पर विरोध प्रदर्शन हुआ,केरल    के    मुख्य    व न्य    जीव    वार् डन    ने    बा घ    का    शिकार    करने    का    आदेश    दिया    जब    बा घ    द्वारा    म वेश ियों    को    उ ठा    ले    जाने    पर    बड़े    पैमाने    पर    विरोध    प्रदर्शन    हुआ ,110,36
1186,शाह ने जोर देकर कहा कि यह बिल मुस्लिम-विरोधी नहीं है क्योंकि इसने नागरिकता के लिए उनके वर्तमान रास्ते को नहीं बदला है,शाह    ने    जोर    दे कर    कहा    कि    यह    बिल    मुस्लि म- विरोधी    नहीं    है    क्योंकि    इसने    नागरि कता    के    लिए    उनके    वर्तमान    रास्ते    को    नहीं    बद ला    है ,95,28
1187,जनवरी 1992 में केंद्रीय सरकार ने सेना में लघु सेवा आयोग को स्वीकृति देते हुए महिलाओं की अयोद्धा शाखाओं में नियुक्ति का अनुमोदन किया है,जनवरी    1992    में    केंद्रीय    सरकार    ने    सेना    में    लघु    सेवा    आ योग    को    स्वी कृति    देते    हुए    महिलाओं    की    अ यो द् धा    शा खा ओं    में    नियु क्ति    का    अनु मो दन    किया    है ,110,35
1188,"ओबामा ने जनवरी 2012 में व्हाइट हाउस में ""अमेरिकी नौकरियों को प्राप्त करने"" के फोरम पर अमेरिका में निवेश करने का आह्वान किया","ओ बा मा    ने    जनवरी    2012    में    व् हाइ ट    हाउस    में    "" अमेरिकी    नौ कर ियों    को    प्राप्त    कर ने ""    के    फो रम    पर    अमेरिका    में    निवेश    करने    का    आ ह् वान    किया ",101,35
1189,"यहाँ महामहिम की 24वीं पैदल सेना (साउथ वेल्स बॉर्डरर्स) के 35 अंग्रेज सैनिक विद्रोहियों द्वारा 7 जुलाई, 1857 में मारे गए थे","यहाँ    महा महि म    की    2 4 वीं    पै दल    सेना    ( साउ थ    वे ल्स    बॉ र् ड र र् स )    के    35    अंग्रे ज    सैनिक    विद्रो हियों    द्वारा    7    जु ला ई,    185 7    में    मारे    गए    थे ",101,41
1190,आँध्रप्रदेश की सरकार ने 1997 में एन,आँ ध्र प्रदेश    की    सरकार    ने    1997    में    ए न ,29,10
1191,टी,टी ,2,1
1192,आर,आ र ,2,2
1193,राष्ट्रीय पुरस्कार के साथ कुमार का सम्मान किया,राष्ट्रीय    पुरस्कार    के    साथ    कुमार    का    सम्मान    किया ,39,8
1194,सभी खदानों और उससे जुड़े उद्योगों का 90 प्रतिशत सरकार का है और वह विदेशी निवेश तलाश कर रही है,सभी    ख दा नों    और    उससे    जुड़े    उद्यो गों    का    90    प्रतिशत    सरकार    का    है    और    वह    विदेशी    निवेश    तलाश    कर    रही    है ,74,23
1195,"2021 में इसरो ने, जो कि कैलिफोर्निया प्रौद्योगिकी संस्थान (कैल्टेक) द्वारा प्रबंधित, नासा द्वारा वित्त पोषित जेट प्रणोदन प्रयोगशाला (जे","2021    में    इस रो    ने,    जो    कि    कैलिफोर्निया    प्र ौ द्यो गि की    संस्थान    ( कै ल् टे क)    द्वारा    प्र बं धि त,    ना सा    द्वारा    वित्त    पो षित    जे ट    प्र ण ो दन    प्र योग शा ला    ( जे ",116,42
1196,पी,पी ,2,1
1197,एल,ए ल ,2,2
1198,") के समान है, और भारतीय अंतरिक्ष विज्ञान और प्रौद्योगिकी संस्थान (आई",")    के    समान    है,    और    भारतीय    अंत रि क्ष    विज्ञान    और    प्र ौ द्यो गि की    संस्थान    ( आई ",57,19
1199,आई,आई ,2,1
1200,एस,ए स ,2,2
1201,टी,टी ,2,1
1202,) ने एक संयुक्त कार्य रूपरेखा लागू की जिसमें बेंगलुरु में स्थित इसरो के क्षमता निर्माण कार्यक्रम कार्यालय (सी,)    ने    एक    संयुक्त    कार्य    रू परे खा    लागू    की    जिसमें    बे ंग लु रु    में    स्थित    इस रो    के    क्षमता    निर्माण    कार्यक्रम    कार्यालय    ( सी ,91,26
1203,बी,बी ,2,1
1204,पी,पी ,2,1
1205,ओ,ओ ,1,1
1206,) के तहत एक अधिकार-प्राप्त निरीक्षण समिति (ई,)    के    तहत    एक    अधि कार - प्राप्त    नि री क्षण    समिति    ( ई ,37,14
1207,ओ,ओ ,1,1
1208,सी,सी ,2,1
1209,") सभी लघु, मध्यम, और साझा हित की दीर्घकालिक अंतरिक्ष अनुसंधान परियोजनाओं को मंजूरी देगी",")    सभी    ल घु ,    मध्य म,    और    साझा    हित    की    दीर्घ कालिक    अंत रि क्ष    अनुसंधान    परियोज नाओं    को    मं जू री    दे गी ",73,25
1210,अधिकतर भारतीय राज्यों ने अपने क्षेत्र के भीतर अपराधों की जाँच करने के लिए सी,अधिकतर    भारतीय    राज्यों    ने    अपने    क्षेत्र    के    भीतर    अपरा धों    की    जाँच    करने    के    लिए    सी ,62,16
1211,बी,बी ,2,1
1212,आई,आई ,2,1
1213,को आम सहमति दी थी,को    आम    सहम ति    दी    थी ,13,6
1214,"उसी प्रकार जब नकदी की सख्त कमी हो, तो आर","उसी    प्रकार    जब    नक दी    की    स ख् त    कमी    हो,    तो    आ र ",31,14
1215,बी,बी ,2,1
1216,आई,आई ,2,1
1217,सरकारी प्रतिभूतियाँ खरीदेगा और इस प्रकार अर्थव्यवस्था में धन की आपूर्ति करेगा,सरकारी    प्रति भू तियाँ    खरी दे गा    और    इस    प्रकार    अर्थव्यवस्था    में    धन    की    आपूर्ति    करे गा ,66,17
1218,"पूर्व भाजपा राजनीतिज्ञ एंव कार्यकर्ता, रतन तिर्के ने कहा कि मुर्मू ने जनजातीय समुदाय को दिए गए अधिकारों के सही प्रकार से कार्यान्वयन को सुनिश्चित करने के लिए पर्याप्त काम नहीं किया है","पूर्व    भा ज पा    राजनी ति ज्ञ   एं व    कार्य कर् ता,    र तन    ति र् के    ने    कहा    कि    मु र् म ू    ने    जनजा तीय    समुदाय    को    दिए    गए    अधि कारों    के    सही    प्रकार    से    कार् या न् व यन    को    सुनिश्चित    करने    के    लिए    पर्याप्त    काम    नहीं    किया    है ",151,52
1219,"2021 में, बांग्लादेश ने आर्थिक सहायता के रूप में श्रीलंका को 2000 लाख यू","2021    में,    बांग्लादेश    ने    आर्थिक    सहायता    के    रूप    में    श्रीलं का    को    2000    लाख    य ू ",59,16
1220,एस,ए स ,2,2
1221,डॉलर का ऋण और सूडान को 77 लाख यू,डॉलर    का    ऋण    और    सू डा न    को    7 7    लाख    य ू ,24,13
1222,एस,ए स ,2,2
1223,डॉलर का दान दिया,डॉलर    का    दान    दिया ,13,4
1224,कुछ नौसेनाएं युद्ध या प्राकृतिक आपदाओं जैसी दुर्घटनाओं की परिस्थितियों में चिकित्सीय सहायता प्रदान करने के लिए समुद्री अस्पताल जहाज परिचालित करती हैं,कुछ    नौ सेना एं    युद्ध    या    प्राकृतिक    आप दा ओं    जैसी    दुर् घटनाओं    की    परि स्थितियों    में    चिकित् सीय    सहायता    प्रदान    करने    के    लिए    समुद्री    अस्पताल    जहाज    परि चा लित    करती    हैं ,127,32
1225,"समझौते के अनुसार, सदस्य देश सेवाओं में व्यापार को उदार बनाकर निरंतर उच्च प्रतिबद्धता प्राप्त करने के उद्देश्य से बातचीत के लगातार दौरों में भाग लेते हैं","समझौ ते    के    अनुसार,    सदस्य    देश    सेवाओं    में    व्यापार    को    उ दार    बना कर    नि रं तर    उच्च    प्रति ब द्ध ता    प्राप्त    करने    के    उद्देश्य    से    बातचीत    के    लगातार    दौ रों    में    भाग    लेते    हैं ",126,36
1226,"इसकी ऐसी कल्पना है कि ""आसियान समुदाय को एक आम पहचान बनाकर और एक समावेशी और सामंजस्यपूर्ण समाज का निर्माण करके आसियान के देशों और लोगों के बीच स्थायी एकजुटता और एकता हासिल करने की दृष्टि से लोक-केंद्रित और सामाजिक रूप से उत्तरदायी होना है, जहां स्वास्थ्य, आजीविका, और लोगों के कल्याण में वृद्धि होती हो","इसकी    ऐसी    कल्पना    है    कि    "" आस िया न    समुदाय    को    एक    आम    पहचान    बना कर    और    एक    समा वे शी    और    सा मं ज स् य पूर्ण    समाज    का    निर्माण    करके    आस िया न    के    देशों    और    लोगों    के    बीच    स्थायी    एक जु ट ता    और    ए कता    हासिल    करने    की    दृष्टि    से    लोक - केंद्रित    और    सामाजिक    रूप    से    उत्तर दा यी    होना    है,    जहां    स्वास्थ ्य ,    आ जी विका ,    और    लोगों    के    कल ्या ण    में    वृद्धि    होती    हो ",246,84
1227,"""",""" ",1,1
1228,भारतीय जैव प्रौद्योगिकी नियामक प्राधिकरण (बी,भारतीय    जै व    प्र ौ द्यो गि की    निया मक    प्रा धि करण    ( बी ,39,15
1229,आर,आ र ,2,2
1230,ए,ए ,1,1
1231,आई,आई ,2,1
1232,) आनुवांशिक रूप से संशोधित जीवों (जी,)    आनु वा ं शिक    रूप    से    संशो धित    जी वों    ( जी ,30,13
1233,एम,ए म ,2,2
1234,ओ,ओ ,1,1
1235,) सहित जैव प्रौद्योगिक उत्पादों के प्रयोग के लिए भारत में प्रस्तावित नियामक निकाय है,)    सहित    जै व    प्र ौ द्यो गिक    उत्पादों    के    प्रयोग    के    लिए    भारत    में    प्रस्ता वित    निया मक    निकाय    है ,70,21
1236,"1967 के राज्य विधानसभा चुनावों में सभी समाजवादी पार्टियों का सफाया कर दिया गया, और सी","196 7    के    राज्य    विधानसभा    चुना वों    में    सभी    समा ज वादी    पार् टियों    का    स फा या    कर    दिया    गया,    और    सी ",70,23
1237,पी,पी ,2,1
1238,आई,आई ,2,1
1239,विपक्षी दल होने की हैसियत खो बैठी,वि पक्षी    दल    होने    की    है सिय त    खो    बैठ ी ,27,11
1240,"इस कार्यवाही को कई कारणों से समस्यात्मक बताया गया है, जिनमें अधिकारों का केंद्रीकरण, प्रवृत्ति में संघीय विरोधी एवं समाज के सूक्ष्म स्तर पर स्थानीय स्तर के विकास और सांसद के प्रभाव पर असर पड़ना शामिल हैं","इस    कार्य वा ही    को    कई    कारणों    से    समस्या त्मक    बताया    गया    है,    जिनमें    अधि कारों    का    केंद्र ी कर ण,    प्र वृत्ति    में    संघीय    विरोधी    एव ं    समाज    के    सू क्ष् म    स्तर    पर    स्थानीय    स्तर    के    विकास    और    सा ंस द    के    प्रभाव    पर    अ सर    पड़ ना    शामिल    हैं ",167,52
1241,"उनके पिता, अद्वैत प्रसाद सिंह, ने यह सीट 2000 में बी","उनके    पि ता,    अ द्व ै त    प्र साद    सिं ह,    ने    यह    सी ट    2000    में    बी ",42,18
1242,जे,जे ,2,1
1243,डी,डी ,2,1
1244,"उम्मीदवार के रूप में, 1990 में जे","उम्मीद वार    के    रूप    में,    1990    में    जे ",27,8
1245,डी,डी ,2,1
1246,उम्मीदवार के रूप में और 1977 में जे,उम्मीद वार    के    रूप    में    और    197 7    में    जे ,28,10
1247,एन,ए न ,2,2
1248,पी,पी ,2,1
1249,उम्मीदवार के रूप में जीती थी,उम्मीद वार    के    रूप    में    जी ती    थी ,23,8
1250,अंगुल (ओडिशा विधानसभा क्षेत्र) के वर्तमान विधायक बी,अ ंगु ल    ( ओडिशा    विधानसभा    क्षेत्र )    के    वर्तमान    विधा यक    बी ,44,13
1251,ज,ज ,1,1
1252,द,द ,1,1
1253,"के रजनीकांत सिंह हैं, जो 2019 के ओडिशा विधान सभा चुनाव में चुने गए थे और बाद में विधानसभा के उप-वक्ता के रूप में निर्विरोध चुने गए थे","के    रज नी का ंत    सिंह    हैं,    जो    2019    के    ओडिशा    विधान    सभा    चुनाव    में    चुने    गए    थे    और    बाद    में    विधानसभा    के    उप- व क्ता    के    रूप    में    निर् विरोध    चुने    गए    थे ",106,34
1254,आयकर विभाग ने एन,आय कर    विभाग    ने    ए न ,13,6
1255,एस,ए स ,2,2
1256,डी,डी ,2,1
1257,एल,ए ल ,2,2
1258,ई-गवर्नेंस इंफ्रास्ट्रक्चर लिमिटेड (पूर्व में नेशनल सिक्योरिटीज डिपॉज़िटरी लिमिटेड) और यू,ई- गवर् ने ंस    इं फ्रा स्ट्र क् चर    लि मि टेड    ( पूर्व    में    नेशनल    सि क्यो रि टी ज    डि पॉ ज़ि ट री    लि मि टे ड )    और    य ू ,79,34
1259,टी,टी ,2,1
1260,आई,आई ,2,1
1261,इंफ्रास्ट्रक्चर टेक्नोलॉजी सर्विसेज लिमिटेड (यू,इं फ्रा स्ट्र क् चर    टेक् नो लॉ जी    सर् वि से ज    लि मि टेड    ( य ू ,43,19
1262,टी,टी ,2,1
1263,आई,आई ,2,1
1264,आई,आई ,2,1
1265,टी,टी ,2,1
1266,एस,ए स ,2,2
1267,एल,ए ल ,2,2
1268,") को आवेदनों के प्रक्रमण, पहचान-पत्र, आयु और पते के प्रमाण जैसे व्यक्तिगत दस्तावेजों को इकट्ठा करने, संभालने और सत्यापित करने, आवेदकों के साथ स्पष्टीकरण, कार्ड और पत्र को प्रिंट करने और इसे प्रबंधित सेवा प्रदाताओं को डाक से भेजने का काम सौंपा है",")    को    आ वेद नों    के    प्र क्रम ण,    पहचा न- पत्र ,    आयु    और    प ते    के    प्रमाण    जैसे    व्यक्तिगत    दस्तावे जों    को    इकट्ठा    कर ने,    संभा लने    और    सत ्या प ित    कर ने,    आ वेद कों    के    साथ    स्प ष् टी कर ण,    कार्ड    और    पत्र    को    प्रि ंट    करने    और    इसे    प्रबंध ित    सेवा    प्रदा ताओं    को    डा क    से    भे जने    का    काम    सौ ंप ा    है ",202,72
1269,"भवन के मध्य में वृत्ताकार केंद्रीय कक्ष है और उसके चारों ओर तीन अर्ध-वृत्ताकार कक्ष हैं जिनका निर्माण राजकुमार कक्ष (जिसे अब पुस्तकालय कक्ष के रूप में प्रयोग में लाया जाता है), राज्य परिषद (जिसे अब राज्य सभा के लिए प्रयोग किया जाता है), और केंद्रीय विधान सभा (जिसे अब लोक सभा के लिए प्रयोग किया जाता है) के सत्रों के लिए किया गया था","भ वन    के    मध्य    में    वृत् ता कार    केंद्रीय    कक्ष    है    और    उसके    चारों    ओर    तीन    अर्ध - वृत् ता कार    कक्ष    हैं    जिनका    निर्माण    राज कुमार    कक्ष    ( जिसे    अब    पुस्त का लय    कक्ष    के    रूप    में    प्रयोग    में    लाया    जाता    है ),    राज्य    परिषद    ( जिसे    अब    राज्य    सभा    के    लिए    प्रयोग    किया    जाता    है ),    और    केंद्रीय    विधान    सभा    ( जिसे    अब    लोक    सभा    के    लिए    प्रयोग    किया    जाता    है )    के    स त्रों    के    लिए    किया    गया    था ",268,82
1270,"बाघा जतिन, खुदीराम बोस, भगत सिंह, चंद्रशेखर आज़ाद, सूर्य सेन और सुभाष चंद्र बोस जैसे क्रांतिकारी ब्रिटिश शासन के खिलाफ अपने अभियान के दौरान हिंसा के प्रयोग के संबंध में गांधी से भिन्न थे","बा घ ा    ज ति न,    खु दी राम    बो स,    भ गत    सिं ह,    चंद्र शे खर    आ ज़ा द,    सूर्य    सेन    और    सु भा ष    चंद्र    बो स    जैसे    क्रा ंति कारी    ब्रिटिश    शासन    के    खिलाफ    अपने    अभियान    के    दौरान    हिंसा    के    प्रयोग    के    संबंध    में    गांधी    से    भिन्न    थे ",153,52
1271,सात सीटों के साथ एक एक-सभा वाली कोकोस (कीलिंग) द्वीप-समूह की शायर परिषद भी अस्तित्व में है,सात    सी टों    के    साथ    एक    एक- सभा    वाली    को को स    ( की लि ंग )    द्वी प - समूह    की    शा यर    परिषद    भी    अस्तित्व    में    है ,74,29
1272,"5 मई तक भारत ने 5,769,442 वस्तुएँ मदद के रूप में प्राप्त कर ली थीं","5    मई    तक    भारत    ने    5 , 7 6 9 , 4 4 2    वस्तु एँ    मदद    के    रूप    में    प्राप्त    कर    ली    थीं ",52,24
1273,नवम्बर 2005 में मंत्रिमंडल ने गलत जानकारी दी कि कई सेवा प्रदाताओं ने सैटलाइट क्षमता प्रयोग करने में रुचि दिखाई जबकि देवास सौदे पर पहले ही हस्ताक्षर कर दिए गए थे,नव म् बर    2005    में    मं त्रि मंडल    ने    गलत    जानकारी    दी    कि    कई    सेवा    प्रदा ताओं    ने    सै ट लाइ ट    क्षमता    प्रयोग    करने    में    रुचि    दिखाई    जबकि    दे वास    सौ दे    पर    पहले    ही    हस्ताक्षर    कर    दिए    गए    थे ,130,41
1274,"2017 में रूसी राष्ट्रपति व्लादिमीर पुतिन ने ""स्टालिनवाद की दहशत,"" को स्वीकार किया है लेकिन उन्होंने ""रूस के दुश्मनों"" द्वारा ""स्टालिन को अत्यन्त दुष्ट रूप में दर्शाने"" की भी आलोचना की","2017    में    रूसी    राष्ट्रपति    व् ला दि मीर    पु ति न    ने    "" स्टा लि न वाद    की    द ह श त , ""    को    स्वीकार    किया    है    लेकिन    उन्होंने    "" रूस    के    दु श् मनो ं ""    द्वारा    "" स्टा लिन    को    अत्य न् त    दु ष्ट    रूप    में    दर्शा ने ""    की    भी    आलोचना    की ",153,57
1275,संघ ने ब्रिटेन में वाणिज्यिक पोत-निर्माताओं से कई युद्धपोत खरीदे (सी,संघ    ने    ब्रिटेन    में    वाणिज ्य िक    पो त- निर्मा ताओं    से    कई    युद्ध पो त    खरी दे    ( सी ,58,20
1276,एस,ए स ,2,2
1277,एस,ए स ,2,2
1278,"अल्बामा, सी","अल् बा मा,    सी ",10,4
1279,एस,ए स ,2,2
1280,एस,ए स ,2,2
1281,"शेनान्डोह, सी","शे ना न् डो ह,    सी ",12,6
1282,एस,ए स ,2,2
1283,एस,ए स ,2,2
1284,"टेनेसी, सी","टे ने सी ,    सी ",9,5
1285,एस,ए स ,2,2
1286,एस,ए स ,2,2
1287,"टैलाहासी, सी","टै ला हा सी ,    सी ",11,6
1288,एस,ए स ,2,2
1289,एस,ए स ,2,2
1290,"फ्लोरिडा, और कुछ अन्य)","फ्लो रि डा ,    और    कुछ    अन ्य ) ",19,9
1291,"नए प्रस्ताव के तहत, समुदायों के साथ परामर्श किया जा रहा है एवं उन्हें प्रशिक्षित किया जा रहा है, एवं उपयोगकर्ता उस राशि का पूर्व भुगतान करने को तैयार हैं जो इतने ऊँचे स्तर पर निर्धारित है जिससे संचालन एवं अनुरक्षण लागत की पूर्ति की जा सके","नए    प्रस्ताव    के    त ह त,    समुदायों    के    साथ    प राम र् श    किया    जा    रहा    है    एव ं    उन्हें    प्रशिक्षित    किया    जा    रहा    है,    एव ं    उपयोगकर्ता    उस    राशि    का    पूर्व    भुगतान    करने    को    तैयार    हैं    जो    इतने    ऊँ चे    स्तर    पर    निर्धारित    है    जिससे    संचालन    एव ं    अनु रक्ष ण    लागत    की    पूर्ति    की    जा    सके ",192,58
1292,"सिवाय 1971-1976 की समयावधि के, जब प्रगतिशील श्रमिक आंदोलन (पी","सि वा य    197 1- 197 6    की    सम या व धि    के ,    जब    प्र गति शील    श्र मिक    आंदोलन    ( पी ",52,23
1293,एल,ए ल ,2,2
1294,एम,ए म ,2,2
1295,") ने उनकी पार्टी को पराजित कर दिया था, वीर बर्ड 1981 से 1994 तक प्रधानमंत्री और 1960 से 1981 तक एंटीगुआ के मुख्यमंत्री थे",")    ने    उनकी    पार्टी    को    प राज ित    कर    दिया    था,    वीर    बर् ड    198 1    से    1994    तक    प्रधानमंत्री    और    1960    से    198 1    तक    एं टी गु आ    के    मुख्य मंत्री    थे ",97,34
1296,"लेकिन नई सरकार अपनी वैधता स्थापित करने में विफल रही और उसको प्राप्त वित्तीय समर्थन जैसे-जैसे खत्म होने लगा, स्थानीय और मध्यम दर्जे के कमांडर और उनकी नागरिक सेनाएँ न सिर्फ आपस में लड़ने लगीं बल्कि अधिकार और लाभ प्राप्त करने की होड़ में कई अस्वीकार्य कृत्यों में भी शामिल हो गईं","लेकिन    नई    सरकार    अपनी    वै ध ता    स्थापित    करने    में    विफल    रही    और    उस को    प्राप्त    वित्तीय    समर्थन    जैसे-जैसे    खत्म    होने    लगा ,    स्थानीय    और    मध्य म    दर् जे    के    कमा ंडर    और    उनकी    नागरिक    सेना एँ    न    सिर्फ    आप स    में    लड़ ने    लग ी ं    बल्कि    अधिकार    और    लाभ    प्राप्त    करने    की    हो ड़    में    कई    अ स्वी कार्य    कृ त्य ों    में    भी    शामिल    हो    गई ं ",225,70
1297,"भारत में सभी राज्य प्रशासनिक सेवा अधिकारी राज्य सिविल सेवक होते हैं जिन्हें सहायक कलेक्टर या उपजिला मैजिस्ट्रेट के रूप में भारत के विभिन्न उपजिलों में, विभिन्न नगर निगमों में, अधिसूचित क्षेत्र समितियों में, नगर परिषदों में, जिला परिषदों में, प्रखंड परिषदों में और ग्राम पंचायतों में तथा विभिन्न राज्य सचिवालयों में अवर सचिव के रूप में पदस्थापित किया जाता है","भारत    में    सभी    राज्य    प्रशासनिक    सेवा    अधिकारी    राज्य    सि विल    से व क    होते    हैं    जिन्हें    सहायक    क लेक् टर    या    उप जिला    मै जि स्ट ्रे ट    के    रूप    में    भारत    के    विभिन्न    उप जिलों    में,    विभिन्न    नगर    निग मों    में,    अधि सूचित    क्षेत्र    समि तियों    में,    नगर    परिष दों    में,    जिला    परिष दों    में,    प्र खंड    परिष दों    में    और    ग्राम    पंचा य तों    में    तथा    विभिन्न    राज्य    सचि वा ल यों    में    अव र    सचिव    के    रूप    में    पद स्थापित    किया    जाता    है ",297,86
1298,"2018 के एक मूल्यांकन ने दर्शाया कि भूमध्यसागरीय जैसा आहार समग्र स्वास्थ्य स्थिति को सुधार सकता है, जैसे कि गैर-संचारी रोगों का जोखिम कम हो जाता है","2018    के    एक    मूल्यांकन    ने    दर्शा या    कि    भू मध्य सा ग र ीय    जैसा    आ हार    सम ग्र    स्वास्थ्य    स्थिति    को    सुधार    सकता    है,    जैसे    कि    गैर- सं चारी    रो गों    का    जोखिम    कम    हो    जाता    है ",120,38
1299,आम तौर पर दर्द शुरू होने के बारह घंटे बाद हृदय के ट्रोपोनिन के लिए रक्त की परीक्षा की जाती है,आम    तौर    पर    दर्द    शुरू    होने    के    बार ह    घंटे    बाद    हृदय    के    ट्रो पो नि न    के    लिए    रक्त    की    परी क्षा    की    जाती    है ,73,26
1300,यह ऐसी किसी भी प्रक्रिया के लिए कह सकते हैं जो किसी जीव के अंदर उत्पन्न होती है (यानी अंतर्जात) और वातावरण के प्रति प्रतिक्रियात्मक होती है (वातावरण द्वारा संरोहित),यह    ऐसी    किसी    भी    प्रक्रिया    के    लिए    क ह    सकते    हैं    जो    किसी    जीव    के    अंदर    उत्पन्न    होती    है    ( या नी    अंतर् जा त )    और    वा ता वरण    के    प्रति    प्रति क्रिया त्मक    होती    है    ( वा ता वरण    द्वारा    सं रो हि त ) ,135,47
1301,डेविड ई,डेवि ड    ई ,6,3
1302,"निकोल्स के अनुसार, ""औषध क्षेत्र में काम कर रहे अपने कई सहकर्मियों के साथ चर्चा करने के बाद मुझे यह पता चला है कि किसी संभावित नई दवा की जाँच करने पर अगर उसमें सेरोटिन 5-एच","निको ल्स    के    अनुसार,    "" औ ष ध    क्षेत्र    में    काम    कर    रहे    अपने    कई    सह कर्म ियों    के    साथ    चर्चा    करने    के    बाद    मुझे    यह    पता    चला    है    कि    किसी    संभावित    नई    दवा    की    जाँच    करने    पर    अगर    उसमें    से रो टिन    5- ए च ",136,46
1303,टी,टी ,2,1
1304,2ए,2 ए ,2,2
1305,क्रियाप्रेरक गतिविधि देखी जाती है तो यह उस अणु के प्रायः हमेशा ही आगे विकसित होने के अंत का संकेत होता है,क्रिया प्रेर क    गतिविधि    देखी    जाती    है    तो    यह    उस    अ णु    के    प्राय ः    हमेशा    ही    आगे    विकसित    होने    के    अंत    का    संकेत    होता    है ,84,26
1306,विशिष्ट आई,विशिष्ट    आई ,9,2
1307,जी,जी ,2,1
1308,ई,ई ,1,1
1309,"के लिए रक्त परीक्षण दूध, अंडा, मूंगफली, काष्ठफल, और मछली से एलर्जी की पुष्टि करने में उपयोगी हो सकता है","के    लिए    रक्त    परीक्षण    दू ध ,    अंड ा,    मू ंग फ ली,    का ष्ठ फ ल,    और    मछली    से    एल र् जी    की    पुष्टि    करने    में    उपयोगी    हो    सकता    है ",84,31
1310,"2003 की बैटल पर्यावरण मूल्यांकन प्रणाली (बीज़) द्वारा शहर के भौतिक, जैविक और सामाजिक आर्थिक मापदंडों के मूल्यांकन के अनुसार, बैंगलोर की पानी की गुणवत्ता और स्थलीय और जलीय पारिस्थितिकी तंत्र लगभग आदर्श थे, जबकि, शहर के सामाजिक-आर्थिक मापदंड (यातायात, जीवन की गुणवत्ता), वायु गुणवत्ता और ध्वनि प्रदूषण निम्न स्तर के थे","2003    की    बै टल    पर्या वरण    मूल्यांकन    प्रणाली    ( बी ज़ )    द्वारा    शहर    के    भौ ति क,    जै विक    और    सामाजिक    आर्थिक    मा पद ंडों    के    मूल्यांकन    के    अनुसार,    बैंग लोर    की    पानी    की    गुणवत्ता    और    स्थ ल ीय    और    जल ीय    पारि स्थि ति की    तंत्र    लगभग    आ दर् श    थे,    जब कि,    शहर    के    सामा जि क- आर्थिक    मा पद ंड    ( या ता या त,    जीवन    की    गुणव त् ता ),    वायु    गुणवत्ता    और    ध्व नि    प्र दू षण    निम् न    स्तर    के    थे ",265,88
1311,"गुह्य तंत्रिका में क्योंकि प्रेरक एवं संवेदी तंत्रिकाएं होती हैं जो श्रोणि मांसपेशियों में तंत्रिकाओं की आपूर्ति करती हैं, तो गुह्य तंत्रिका रोध से प्रसव पीड़ा से आराम मिलता है","गु ह ्य    तंत्रिका    में    क्योंकि    प्रेर क    एव ं    सं वे दी    तंत्र ि का एं    होती    हैं    जो    श्र ो णि   मांसपेश ियों    में    तंत्र ि काओं    की    आपूर्ति    करती    हैं,    तो    गु ह ्य    तंत्रिका    रोध    से    प्र सव    पी ड़ा    से    आ राम    मिलता    है ",147,49
1312,"यह बाह्यत्वचा में अवशोषित होता है, जहां यह ताप और ठंडक के प्रति संवेदनशील तंत्रिका अंतर्संघनों को प्रेरित करता है, जिससे, जब रगड़ कर इसे लगाया जाता है तो एक गर्माहट महसूस होती है और अगर हल्के हाथों से लगाया जाता है तो ठंडक महसूस होती है, जो इसके प्रतिक्षोभण गुणों को दर्शाता है","यह    बा ह ्य त्वचा    में    अव शो षित    होता    है,    जहां    यह    ता प    और    ठ ंड क    के    प्रति    संवेद नशील    तंत्रिका    अंतर् संघ नों    को    प्रेरित    करता    है,    जिस से,    जब    र ग ड़    कर    इसे    लगाया    जाता    है    तो    एक    गर् मा हट    महसूस    होती    है    और    अगर    हल् के    हाथों    से    लगाया    जाता    है    तो    ठ ंड क    महसूस    होती    है,    जो    इसके    प्रति क्ष ो भ ण    गु णों    को    दर्शाता    है ",224,78
1313,1829 में हैजा यूराल पर्वत के दक्षिणी छोर तक फैल गया था,18 29    में    है जा    यू राल    पर्वत    के    दक्षिणी    छो र    तक    फैल    गया    था ,43,16
1314,रक्तरोधक के रूप में कोलाजन: जब कोलाजन प्लेटलेट के साथ अभिक्रिया करता है तो तेजी से रक्त स्कंदन होने लगता है,रक्त रो ध क    के    रूप    में    को ला जन :    जब    को ला जन    प्ले ट लेट    के    साथ    अभि क्रिया    करता    है    तो    तेजी    से    रक्त    स् क ंदन    होने    लगता    है ,87,34
1315,"वर्तमान में इस्तेमाल होने वाले सभी ऐन्थ्रेक्स टीके काफी अधिक स्थानीय एवं सामान्य अभिक्रियाशीलता (त्वग्रक्तिमा, कड़ापन, दर्द और बुखार) दर्शाते हैं तथा 1% प्राप्तकर्ताओं में गंभीर प्रतिकूल प्रभाव होते हैं","वर्तमान    में    इस्तेमाल    होने    वाले    सभी    ऐ न् थ ्रे क्स    टी के    काफी    अधिक    स्थानीय    एव ं    सामान्य    अभि क्रिया शी लता    ( त्व ग्र क् ति मा,    क ड़ा प न,    दर्द    और    बु ख ार )    दर्शा ते    हैं    तथा    1 %    प्रा प्त कर्ताओं    में    गंभीर    प्रति कूल    प्रभाव    होते    हैं ",173,55
1316,"निदान, तीव्रता और व्यक्ति के आधार पर तथा काम के आधार पर भी व्यक्तिगत विकार काम करने में या कार्य-स्थान में होने वाली परेशानी से संबंधित हो सकते हैं जिसके परिणामस्वरूप अन्य लोगों के साथ पारस्परिक संबंधों में बाधाएं पैदा करके संभावित रूप से अन्य लोगों के साथ समस्याएं हो सकती हैं","नि दा न,    ती व्र ता    और    व्यक्ति    के    आधार    पर    तथा    काम    के    आधार    पर    भी    व्यक्तिगत    विकार    काम    करने    में    या    कार्य - स्थान    में    होने    वाली    परेशा नी    से    संबंधित    हो    सकते    हैं    जिसके    परिणामस्वरूप    अन्य    लोगों    के    साथ    पार स् परि क    संबंध ों    में    बा धा एं    पैदा    करके    संभावित    रूप    से    अन्य    लोगों    के    साथ    समस्या एं    हो    सकती    हैं ",226,66
1317,उच्छश्वसित श्वास कणों की मात्रा अपर्याप्त संवातन वाले बंद स्थानों में बढ़ जाती है,उ च्छ श्व सित    श् वास    क णों    की    मात्रा    अप र् या प्त    सं वा तन    वाले    बंद    स्थानों    में    बढ़    जाती    है ,68,24
1318,कई महीनों से स्वाइन फ्लू से आक्रांत रहने के बाद टैमिफ्लू (ओसेल्टामिविर) का मूल रूप भारतीय बाज़ारों में उपलब्ध कराया गया,कई    महीनों    से    स्वा इन    फ् लू    से    आ क्रा ंत    रहने    के    बाद    टै मि फ् लू    ( ओ सेल् टा मि वि र)    का    मूल    रूप    भारतीय    बा ज़ ारों    में    उपलब्ध    करा या    गया ,99,37
1319,आंतों में 80–85% लाभकारी बैक्टीरिया और 15–20% संभावित रूप से हानिकारक बैक्टीरिया का अनुपात आमतौर पर सामान्य माना जाता है और यह समस्थिति बनाए रखता है,आं तों    में    8 0 – 8 5 %    ला भ कारी    बै क् टी रिया    और    15 – 20 %    संभावित    रूप    से    हा नि कारक    बै क् टी रिया    का    अनु पात    आमतौर    पर    सामान्य    माना    जाता    है    और    यह    सम स्थिति    बनाए    रखता    है ,123,47
1320,"13 जुलाई 1829 में आखिरकार जब अंग्रेज़ों ने इस क्षेत्र को हड़प लिया था, यह प्रायः वीरान था; इस स्थान पर उस समय लोगों को बसाने के प्रयास के रूप में किसानों को भूमि को विकसित करने के लिए रु","13    जुलाई    18 29    में    आखिर कार    जब    अंग्रे ज़ ों    ने    इस    क्षेत्र    को    ह ड़ प    लिया    था,    यह    प्राय ः    वी रान    था ;    इस    स्थान    पर    उस    समय    लोगों    को    ब सा ने    के    प्रयास    के    रूप    में    कि सा नों    को    भूमि    को    विकसित    करने    के    लिए    रु ",147,53
1321,1260 का दिया गया प्रलोभन भी विफल रहा,12 60    का    दिया    गया    प्र लो भ न    भी    विफल    रहा ,29,12
1322,मनोरोग चिकित्सक जैसे मानसिक स्वास्थ्य के पेशेवर लोग अहर्ता प्राप्त करने के लिए भारतीय चिकित्सा परिषद के केंद्र से एम,मनो रोग    चिकित्सक    जैसे    मानसिक    स्वास्थ्य    के    पेशेवर    लोग    अ हर् ता    प्राप्त    करने    के    लिए    भारतीय    चिकित्सा    परिषद    के    केंद्र    से    ए म ,97,24
1323,बी,बी ,2,1
1324,बी,बी ,2,1
1325,एस,ए स ,2,2
1326,करने के बाद मनोरोग चिकित्सा में एम,करने    के    बाद    मनो रोग    चिकित्सा    में    ए म ,28,9
1327,डी,डी ,2,1
1328,", मनोरोग औषधी में डिप्लोमा (डी",",    मनो रोग    औ ष धी    में    डि प् लो मा    ( डी ",25,13
1329,पी,पी ,2,1
1330,एम,ए म ,2,2
1331,"), या मनोरोग चिकित्सा में डिप्लोमेट ऑफ नैशनल बोर्ड (डी","),    या    मनो रोग    चिकित्सा    में    डि प् लो मे ट    ऑफ    नै श नल    बोर्ड    ( डी ",45,18
1332,एन,ए न ,2,2
1333,बी,बी ,2,1
1334,) पूरा करते हैं,)    पूरा    करते    हैं ,12,4
1335,कनाडा में 21 अक्तूबर और 7 नवम्बर के बीच टीके की 0,कनाडा    में    21    अक् तू बर    और    7    नव म् बर    के    बीच    टी के    की    0 ,38,17
1336,"66 करोड़ खुराकें दिए जाने के बाद, 598 टीका प्राप्त करने वाले लोगों ने मिचली, सिर चकराने, सिर दर्द, बुखार, उल्टी और इंजेक्शन लगने के स्थान पर सूजन या दर्द जैसे हल्के प्रतिकूल प्रभाव होने की सूचना दी","6 6    करोड़    खु रा कें    दिए    जाने    के    बाद,    5 9 8    टी का    प्राप्त    करने    वाले    लोगों    ने    मि च ली,    सिर    च करा ने,    सिर    दर् द,    बु ख ार,    उल् टी    और    इं जे क्शन    लगने    के    स्थान    पर    सू जन    या    दर्द    जैसे    हल् के    प्रति कूल    प्रभाव    होने    की    सूचना    दी ",160,57
1337,"यह देखते हुए कि रोगाणु क्षीण हैं, बहुत ही कम संभावना है कि वे रोगजनक रूप पुनः वापस आएँ और बाद में बीमारी का कारण बनें","यह    देखते    हुए    कि    रो गा णु    क्ष ी ण    हैं,    बहुत    ही    कम    संभावना    है    कि    वे    रोग जनक    रूप    पुन ः    वापस    आ एँ    और    बाद    में    बीमारी    का    कारण    बन ें ",92,34
1338,जीवित-क्षीण विषाणु वाले टीके सुरक्षित होते हैं और एक तीव्र एवं प्रभावशाली प्रतिक्रिया प्रेरित करते हैं जो लंबे-समय तक रहती है,जी वि त- क्ष ी ण    विषाणु    वाले    टी के    सुरक्षित    होते    हैं    और    एक    तीव्र    एव ं    प्रभाव शाली    प्रतिक्रिया    प्रेरित    करते    हैं    जो    लं बे - समय    तक    रहती    है ,105,32
1339,"उनमें से एक है अल्पपोषण, जिसमें शामिल है वृद्धिरोध (उम्र के अनुसार कम लंबाई), क्षीणक-रोग (लंबाई के अनुसार कम वज़न), अति क्षीणकाय (उम्र के अनुसार कम वज़न) और सूक्ष्म पोषक तत्व की कमी या अपर्याप्तता (महत्वपूर्ण विटामिनों और खनिजों की कमी)","उनमें    से    एक    है    अल्प पो ष ण,    जिसमें    शामिल    है    वृ द् धि रोध    ( उम्र    के    अनुसार    कम    लं बा ई ),    क्ष ी ण क- रोग    ( लंबाई    के    अनुसार    कम    व ज़ न ),    अ ति    क्ष ी ण का य    ( उम्र    के    अनुसार    कम    व ज़ न)    और    सू क्ष् म    पो षक    तत्व    की    कमी    या    अप र् या प्त ता    ( महत्वपूर्ण    विटा मि नों    और    ख नि जों    की    क मी ) ",196,81
1340,"हालांकि, जिन लोगों ने दो से तीन वर्षों तक ध्यान लगाया है, उनमें पहले से ही निम्न रक्तचाप पाया गया","हालांकि,    जिन    लोगों    ने    दो    से    तीन    वर्षों    तक    ध्यान    लगाया    है,    उनमें    पहले    से    ही    निम् न    रक्त चा प    पाया    गया ",78,23
1341,एन,ए न ,2,2
1342,सी,सी ,2,1
1343,डी,डी ,2,1
1344,"में कई पर्यावरणीय रोग शामिल हैं जिनके अंतर्गत व्यापक वर्गों की परिहार्य और अपरिहार्य मानव स्वास्थ्य स्थितियाँ हैं जो धूप, पोषण, प्रदूषण और चुनी गई जीवनशैली जैसे बाह्य कारकों से होते हैं","में    कई    पर्या व रण ीय    रोग    शामिल    हैं    जिनके    अंतर् गत    व्यापक    वर् गों    की    परि हा र्य    और    अप रि हा र्य    मानव    स्वास्थ्य    स्थि तियाँ    हैं    जो    धू प,    पो ष ण,    प्र दू षण    और    चु नी    गई    जी वन शैली    जैसे    बा ह ्य    कार कों    से    होते    हैं ",154,54
1345,"सल्फाइट दोनों, प्रतिरक्षात्मक एवं गैर-प्रतिरक्षात्मक विधियों से अभिक्रिया कर सकते हैं","सल् फाइ ट    दो नो ं,    प्रति रक्षात्मक    एव ं    गैर- प्रति रक्षात्मक    विध ियों    से    अभि क्रिया    कर    सकते    हैं ",75,21
1346,"2 अप्रैल, 2020 में डागेन्स एको ने खबर दी कि कम से कम 90 नगरपालिकाओं के वृद्धों के लिए आवास व्यवस्थाओं में कोविड-19 का संक्रमण काफी फैल चुका था","2    अप्रै ल,    2020    में    डा गे न्स    ए को    ने    ख बर    दी    कि    कम    से    कम    90    नगर पा लि काओं    के    वृ द्ध ों    के    लिए    आ वास    व्यव स्था ओं    में    को वि ड - 19    का    संक्रमण    काफी    फैल    चुका    था ",114,46
1347,जब एक विषाणु संजीन मेजबान कोशिका में काम करने लगता है तो वह संदेशवाहक आर,जब    एक    विषाणु    सं जी न    मेज बान    कोशिका    में    काम    करने    लगता    है    तो    वह    सं देश वाहक    आ र ,58,21
1348,एन,ए न ,2,2
1349,ए,ए ,1,1
1350,(एम,( ए म ,3,3
1351,आर,आ र ,2,2
1352,एन,ए न ,2,2
1353,ए,ए ,1,1
1354,) अणु उत्पन्न करता है जो विषाणु प्रोटीन के संश्लेषण का निर्देश देता है,)    अ णु    उत्पन्न    करता    है    जो    विषाणु    प्रोटीन    के    सं श् लेषण    का    निर् देश    देता    है ,57,18
1355,इन्हीं कारणों से सतीत्व का निश्चित रूप से निर्धारण योनिच्छद की जांच से नहीं किया जा सकता है,इन् हीं    कारणों    से    स ती त्व    का    निश्चित    रूप    से    निर् धारण    यो नि च्छ द    की    जांच    से    नहीं    किया    जा    सकता    है ,74,25
1356,वे तर्क प्रस्तुत करते हैं कि व्यक्तित्व विकारों के बारे में धारणा और निदान पूर्ण रूप से सामाजिक या फिर सामाजिक-राजनीतिक और आर्थिक मनन पर आधारित होती है,वे    त र्क    प्रस्तुत    करते    हैं    कि    व्यक्ति त्व    वि कारों    के    बारे    में    धारणा    और    निदान    पूर्ण    रूप    से    सामाजिक    या    फिर    सामा जि क- राजनीतिक    और    आर्थिक    मन न    पर    आधारित    होती    है ,124,35
1357,कुछ अध्ययनों में शरीर के संबंध में बढ़ती असंतुष्टि और बढ़ते एस,कुछ    अध्य यनों    में    शरीर    के    संबंध    में    बढ़ती    अ संतु ष्टि    और    बढ़ते    ए स ,51,16
1358,ई,ई ,1,1
1359,एस,ए स ,2,2
1360,के बीच संबंध दर्शाया है,के    बीच    संबंध    दर्शा या    है ,19,6
1361,इन टीकों में या तो निष्क्रिय (मृत) इंफ्लुएंजा विषाणु होता है या कमज़ोर जीवित विषाणु होता है जिससे इंफ्लुएंजा नहीं हो सकता,इन    टी कों    में    या    तो    निष् क्र िय    ( मृ त )    इं फ् लु एं जा    विषाणु    होता    है    या    कम ज़ ोर    जीवित    विषाणु    होता    है    जिससे    इं फ् लु एं जा    नहीं    हो    सकता ,100,38
1362,"अप्रैल 2020 की शुरुआत में निदेशक, डॉ","अप्रैल    2020    की    शुरुआत    में    नि देश क,    डॉ",30,9
1363,"जॉन एन्केंगेसॉन्ग ने दो फ्रेंच वैज्ञानिक -प्रोफेसर जॉन-पॉल मीरा और कमील लौक्ट की टिप्पणियों की निन्दा करते हुए उन टिप्पणियों को ""घृणास्पद और जातिवादी"" बताया क्योंकि इन वैज्ञानिकों ने सुझाव दिया था कि एक संभाव्य तपेदिक के टीके का कोरोनावाइरस के लिए परीक्षण अफ्रीका में किया जाए","जॉन    ए न् के ंगे सॉ न् ग    ने    दो    फ्रे ंच    वैज्ञानिक    - प्रोफे सर    जॉ न- पॉ ल    मी रा    और    क मील    लौ क्ट    की    टिप्प ण ियों    की    नि न् दा    करते    हुए    उन    टिप्प ण ियों    को    "" घ ृ णा स्प द    और    जा ति वा दी ""    बताया    क्योंकि    इन    वैज्ञा निकों    ने    सुझाव    दिया    था    कि    एक    संभा व्य    तपे दिक    के    टी के    का    को रो ना वाइ रस    के    लिए    परीक्षण    अफ्रीका    में    किया    जाए ",230,85
1364,"कार्यकारी कार्यालय और एक विज्ञान एवं कार्यक्रम कार्यालय के अलावा एजेन्सी के कई विभाग हैं जो ""नीति, स्वास्थ्य राजनय, और संप्रेषण,"" ""प्रबंधन और प्रशासन,"" ""आवेक्षण और रोग आसूचना,""""प्रयोगशाला प्रणालियाँ और नेटवर्क,"" ""आपात स्थिति के लिए तैयारी और प्रतिक्रिया,"" और ""सार्वजनिक स्वास्थ्य संस्थान और शोध"" पर काम करते हैं","कार्य कारी    कार्यालय    और    एक    विज्ञान    एव ं    कार्यक्रम    कार्यालय    के    अलावा    एजे न् सी    के    कई    विभाग    हैं    जो    "" नी ति,    स्वास्थ्य    राज न य,    और    सं प्रे ष ण , ""    "" प्रबंधन    और    प्र शासन , ""    "" आवे क्षण    और    रोग    आ सूच ना , "" "" प्र योग शा ला    प्रणा लियाँ    और    नेटवर् क , ""    "" आ पात    स्थिति    के    लिए    तैयारी    और    प्रति क्रिया , ""    और    "" सार्वजनिक    स्वास्थ्य    संस्थान    और    शो ध ""    पर    काम    करते    हैं ",264,88
1365,अफ्रीकी सी,अफ्री की    सी ,9,3
1366,डी,डी ,2,1
1367,सी,सी ,2,1
1368,इथियोपिया में अदीस अबाबा में स्थित अफ्रीका सी,इ थ ियो प िया    में    अ दी स    अ बा बा    में    स्थित    अफ्रीका    सी ,38,16
1369,डी,डी ,2,1
1370,सी,सी ,2,1
1371,समन्वय केंद्र पर आधारित है जहां पर एजेन्सी का आपातकालीन संचालन केंद्र भी है,सम न् व य    केंद्र    पर    आधारित    है    जहां    पर    एजे न् सी    का    आपातकालीन    संचालन    केंद्र    भी    है ,62,19
1372,गैर-संचारी रोगों से लड़ने के लिए एन,गैर- सं चारी    रो गों    से    लड़ ने    के    लिए    ए न ,29,12
1373,सी,सी ,2,1
1374,डी,डी ,2,1
1375,अलायंस ने लगभग 900 राष्ट्रीय सदस्य समितियों को एकजुट किया है,अला य ंस    ने    लगभग    9 00    राष्ट्रीय    सदस्य    समि तियों    को    एक जु ट    किया    है ,50,17
1376,"मानवों और अन्य पशुओं में जठरांत्र क्षेत्र में भोजन नलिका, पेट और आंत्र सहित पाचन तंत्र के सभी मुख्य अंग होते हैं","मान वों    और    अन्य    प शु ओं    में    ज ठ रा ंत्र    क्षेत्र    में    भोजन    न लि का,    पेट    और    आ ंत्र    सहित    पा चन    तंत्र    के    सभी    मुख्य    अ ंग    होते    हैं ",91,33
1377,जठरांत्र क्षेत्र (जी,ज ठ रा ंत्र    क्षेत्र    ( जी ,18,7
1378,आई,आई ,2,1
1379,"प्रणाली, पाचन प्रणाली, आहार नली) पाचन तंत्र की प्रणाली या मार्ग है जो मुंह से शुरू होकर मलद्वार तक होता है","प्रणा ली,    पा चन    प्रणा ली,    आ हार    न ली )    पा चन    तंत्र    की    प्रणाली    या    मार्ग    है    जो    मु ं ह    से    शुरू    होकर    मल द्वार    तक    होता    है ",86,31
1380,"उदाहरण के लिए, पेट का कम पीएच (1 से 4 के बीच) विभिन्न सूक्ष्मजीवों के लिए जो पेट में प्रवेश करते हैं, घातक हो सकता है","उदाहरण    के    लिए,    पेट    का    कम    पी ए च    ( 1    से    4    के    बी च )    विभिन्न    सू क्ष् म जी वों    के    लिए    जो    पेट    में    प्रवेश    करते    हैं,    घा तक    हो    सकता    है ",92,36
1381,"व्यक्तित्व विकारों के लिए साक्ष्य-आधारित मनश्चिकित्सा में शामिल हैं संज्ञानात्मक व्यवहार उपचार और द्वंद्वात्मक व्यवहार उपचार, विशेष रूप से सीमावर्ती व्यक्तित्व विकार के मामलों में","व्यक्ति त्व    वि कारों    के    लिए    साक्ष ्य - आधारित    मन श् चिकित्सा    में    शामिल    हैं    सं ज्ञा नात्मक    व्यवहार    उपचार    और    द्वं द् वा त्मक    व्यवहार    उप चार ,    विशेष    रूप    से    सीमा वर्ती    व्यक्ति त्व    विकार    के    मामलों    में ",155,41
1382,ई,ई ,1,1
1383,सी,सी ,2,1
1384,डी,डी ,2,1
1385,सी,सी ,2,1
1386,और डब्ल्यू,और    डब् ल ्य ू ,9,5
1387,एच,ए च ,2,2
1388,ओ,ओ ,1,1
1389,"के यूरोपीय क्षेत्रीय कार्यालय ने अस्पतालों और प्राथमिक स्वास्थ्य देखभाल सेवाओं के लिए परीक्षण के लिए प्रयोगशाला सेवाओं पर ध्यान केंद्रण, चुनी गई पद्धतियों को रद्द करनाऔर कर्मियों को प्रशिक्षित करके तथा वेंटिलेटर एवं बेड की संख्या बढ़ा कर गहन देखभाल क्षमताएं बढ़ाने सहित कई स्तरों पर संसाधनों के स्थानांतरण के लिए दिशा-निर्देश जारी किए हैं","के    यूरोपीय    क्षेत्रीय    कार्यालय    ने    अस्प ता लों    और    प्राथमिक    स्वास्थ्य    देखभाल    सेवाओं    के    लिए    परीक्षण    के    लिए    प्र योग शा ला    सेवाओं    पर    ध्यान    केंद्र ण,    चु नी    गई    प द्ध तियों    को    रद्द    कर ना और    कर्म ियों    को    प्रशिक्षित    करके    तथा    वे ं टि ले टर    एव ं    बे ड    की    संख्या    बढ़ा    कर    ग हन    देखभाल    क्षम ता एं    बढ़ाने    सहित    कई    स्तर ों    पर    सं साध नों    के    स्थानांतर ण    के    लिए    दि शा - निर् देश    जारी    किए    हैं ",283,85
1390,"शारीरिक स्वास्थ्य समस्याओं में चोटें (घावों से ले कर टूटी हड्डियों और आंतरिक अंगों में चोटें), अवांछित गर्भ, स्त्री रोग संबंधी समस्याएं, एच","शारीरिक    स्वास्थ्य    समस्याओं    में    चो टें    ( घा वों    से    ले    कर    टू टी    ह ड् ड ियों    और    आंतरिक    अ ंगों    में    चो टे ं ),    अ वा ं छ ित    गर् भ ,    स् त्री    रोग    संबंधी    समस्या ए ं,    ए च ",117,44
1391,आई,आई ,2,1
1392,वी,वी ,2,1
1393,", गर्भपात, श्रोणि सूजन बीमारी, चिरकालिक श्रोणि दर्द, सिरदर्द, स्थायी अक्षमताएँ, अस्थमा, संवेदनशील आंत्र रोग जैसे यौन संक्रमित रोग शामिल हैं; स्व-हानिकारक व्यवहार (धूम्रपान, असुरक्षित यौन संबंध) में शामिल हैं; मानसिक स्वास्थ्य के परिणामों में अवसाद, भय, चिंता, कम आत्मसम्मान, यौन अक्षमता, खाने के विकार, जुनूनी बाध्यकारी विकार और अभिघातजन्य तनाव विकार शामिल हो सकते हैं",",    गर् भ पा त,    श्र ो णि   सू जन    बी मार ी,    चि र कालिक    श्र ो णि   दर् द,    सि र दर् द,    स्थायी    अ क्षम ता एँ,    अ स्थ मा,    संवेद नशील    आ ंत्र    रोग    जैसे    यौन    संक्रमित    रोग    शामिल    हैं;    स्व - हा नि कारक    व्यवहार    ( धू म्र पा न,    अ सुरक्षित    यौन    संबंध )    में    शामिल    हैं;    मानसिक    स्वास्थ्य    के    परिणा मों    में    अव सा द,    भ य,    चिं ता,    कम    आत्म सम् मान ,    यौन    अ क्षम ता,    खाने    के    वि कार,    जु नू नी    बा ध्य कारी    विकार    और    अभि घा त जन ्य    त नाव    विकार    शामिल    हो    सकते    हैं ",313,109
1394,"आने वाले वर्षों में, रक्तचाप कम करने की अन्य वर्गों की औषधियाँ विकसित की गईं और संयुक्त उपचार में इन्हें काफी स्वीकृति प्राप्त हुई, जिसमें शामिल थीं लूप डायरूटिक्स (लैसिक्स/फ्यूरोसेमाइड, होचेस्ट फार्मास्यूटिकल्स, 1963), बीटा-ब्लॉकर (आई","आने    वाले    वर्षों    में,    रक्त चा प    कम    करने    की    अन्य    वर् गों    की    औ ष ध ियाँ    विकसित    की    गई ं    और    संयुक्त    उपचार    में    इन्हें    काफी    स्वी कृति    प्राप्त    हुई,    जिसमें    शामिल    थीं    लू प    डाय रू टि क्स    ( लै सि क्स / फ ्यू रो से माइ ड,    हो चे स्ट    फा र् मा स् यू टि क ल् स,    196 3 ),    बी टा - ब्लॉ कर    ( आई ",201,74
1395,सी,सी ,2,1
1396,आई,आई ,2,1
1397,"फार्मास्यूटिकल्स, 1964) ए","फा र् मा स् यू टि क ल् स,    196 4 )    ए ",23,13
1398,सी,सी ,2,1
1399,ई,ई ,1,1
1400,"इन्हिबिटर्स, और ऐंजियोटेंसिन रीसेप्टर ब्लॉकर्स","इन् हि बि टर् स,    और    ऐ ंज ियो टे ं सिन    री से प् टर    ब्लॉ कर् स ",42,19
1401,"मुख्य खाद्य फसल, धान, की खेती ज्यादातर अंडमान द्वीप समूह में की जाती है जबकि नारियल और सुपारी निकोबार द्वीप समूह की नकदी फसलें हैं","मुख्य    खाद्य    फस ल,    धा न,    की    खेती    ज्यादातर    अंड मान    द्वीप    समूह    में    की    जाती    है    जबकि    नार ियल    और    सु पारी    निको बार    द्वीप    समूह    की    नक दी    फस लें    हैं ",106,33
1402,ए,ए ,1,1
1403,टी,टी ,2,1
1404,आई,आई ,2,1
1405,ने 1996 में लैपटॉप में 3डी-आलेखी त्वरण का प्रयोग करके मोबाइल कम्प्यूटिंग क्षेत्र में प्रवेश किया,ने    1996    में    लै पट ॉ प    में    3 डी - आ लेख ी    त्व रण    का    प्रयोग    करके    मोबाइल    क म्प ्यू टिंग    क्षेत्र    में    प्रवेश    किया ,81,28
1406,"कोयले के खनन से पहले, झरिया में जंगल थे जहां आदिवासी रहते थे","कोय ले    के    ख नन    से    पहले,    झ रिया    में    जंगल    थे    जहां    आदि वासी    रहते    थे ",48,17
1407,"एक अंतर्राष्ट्रीय कार्गो हब परियोजना, मल्टी-मोडल इंटरनेशनल कार्गो हब एण्ड एयरपोर्ट ऐट नागपुर (मिहान) तैयार की गई है","एक    अंतर्राष्ट्रीय    कार् गो    ह ब    परियोज ना,    मल् टी - मो डल    इंटर नेशनल    कार् गो    ह ब    ए ण् ड    एयर पोर्ट    ऐ ट    नाग पुर    ( मि हा न)    तैयार    की    गई    है ",98,36
1408,अशोक लेलैंड डिफेंस सिस्टम्स लिमिटेड (ए,अशोक    ले लैंड    डि फे ंस    सिस्ट म्स    लि मि टेड    ( ए ,33,13
1409,एल,ए ल ,2,2
1410,डी,डी ,2,1
1411,एस,ए स ,2,2
1412,") कंपनी की संस्थानिक अनुसंधान और विकास क्षमताओं, प्रमुख वैश्विक प्रौद्योगिकी कंपनियों के साथ अपने सहयोग, और भारत में अशोक लेलैंड के संयंत्रों की अत्याधुनिक निर्माण सुविधाओं का लाभ उठाती है",")    कंपनी    की    सं स्था निक    अनुसंधान    और    विकास    क्षम ता ओं,    प्रमुख    वैश्विक    प्र ौ द्यो गि की    कंपनियों    के    साथ    अपने    सहयोग ,    और    भारत    में    अशोक    ले लैंड    के    सं य ंत्र ों    की    अ त्या धु निक    निर्माण    सुविधा ओं    का    लाभ    उठा ती    है ",158,49
1413,प्लेसी सेमीकंडक्टर्स लिमिटेड ने 8 मि,प्ले सी    से मी क ंड क् ट र्स    लि मि टेड    ने    8    मि,31,15
1414,मी,मी ,2,1
1415,"पिक्सेल पिच के साथ एक मोनोलिथिक मोनोक्रोमैटिक ब्लू जीएएन-ऑन-सिलिकॉन वेफर दिखाया, जिसे जैस्पर डिस्प्ले सी","पि क् सेल    पि च    के    साथ    एक    मो नो लि थ िक    मो नो क्रो मै टिक    ब् लू    जी ए एन - ऑ न- सि लि कॉ न    वे फर    दिखा या,    जिसे    जै स् पर    डि स् प्ले    सी ",90,42
1416,एम,ए म ,2,2
1417,ओ,ओ ,1,1
1418,एस,ए स ,2,2
1419,बैकप्लेन 0,बै क प्ले न    0 ,9,5
1420,7-इंच (18 मि,7 - इं च    ( 18    मि,10,7
1421,मी,मी ,2,1
1422,) सक्रिय-मैट्रिक्स माइक्रोएल,)    सक्र िय - मै ट्रि क्स    माइक्रो ए ल ,26,10
1423,ई,ई ,1,1
1424,डी,डी ,2,1
1425,डिस्प्ले से जोड़ा गया था,डि स् प्ले    से    जोड़ा    गया    था ,20,7
1426,शहर के अनियोजित तरीके से बढ़ने के कारण यातायात में वाहनों का जमघट हो जाता था जिससे यातायात ठप हो जाता था; फ्लाई-ओवर प्रणाली और एकमार्गी यातायात की प्रणाली शुरू की गईं जो बस कुछ हद तक ही सफल रहीं,शहर    के    अन ियो जित    तरीके    से    बढ़ने    के    कारण    या ता यात    में    वाह नों    का    ज म घ ट    हो    जाता    था    जिससे    या ता यात    ठ प    हो    जाता    था ;    फ् ला ई- ओ वर    प्रणाली    और    एक मार् गी    या ता यात    की    प्रणाली    शुरू    की    गई ं    जो    बस    कुछ    हद    तक    ही    सफल    र हीं ,155,62
1427,अंग्रेजी भाषा में निपुणता तट के निकटवर्ती और सूचना प्रौद्योगिकी सेवाओं की आधारशिला है,अंग्रेजी    भाषा    में    नि पुण ता    तट    के    निकट वर्ती    और    सूचना    प्र ौ द्यो गि की    सेवाओं    की    आ धार शि ला    है ,72,24
1428,सी,सी ,2,1
1429,एम,ए म ,2,2
1430,डी,डी ,2,1
1431,एस,ए स ,2,2
1432,विमानवाहित सुरक्षा प्रणाली है जो निष्क्रिय ई,वि मान वा हित    सुरक्षा    प्रणाली    है    जो    निष् क्र िय    ई ,38,12
1433,सी,सी ,2,1
1434,एम,ए म ,2,2
1435,के माध्यम से हवाई जहाज को रेडार-मार्गदर्शित और आई,के    माध्यम    से    हवाई    जहाज    को    रे ड ार - मार्ग दर् शित    और    आई ,41,15
1436,आर,आ र ,2,2
1437,"अनुसरण करते, हवाई और जमीनी प्रक्षेपित मिसाइलों के खिलाफ आत्म-रक्षा प्रदान करती है","अनु सर ण    कर ते,    हवाई    और    ज मी नी    प्र क्षे प ित    मि साइ लों    के    खिलाफ    आत् म- रक्षा    प्रदान    करती    है ",69,25
1438,2013 में मिस्र अफ्रीका में तेल और प्राकृतिक गैस का सबसे बड़ा उपभोक्ता था जिसकी अफ्रीका में तेल की कुल खपत के 20% से अधिक और शुष्क प्राकृतिक गैस की कुल खपत के 40% से अधिक खपत थी,2013    में    मिस् र    अफ्रीका    में    तेल    और    प्राकृतिक    गैस    का    सबसे    बड़ा    उप भो क्ता    था    जिसकी    अफ्रीका    में    तेल    की    कुल    ख प त    के    20 %    से    अधिक    और    शु ष्क    प्राकृतिक    गैस    की    कुल    ख प त    के    40 %    से    अधिक    ख प त    थी ,139,50
1439,"विलय की प्रक्रिया के चलते, बाकी 5 सहयोगी बैंक (यानी स्टेट बैंक ऑफ बीकानेर एंड जयपुर, स्टेट बैंक ऑफ हैदराबाद, स्टेट बैंक ऑफ मैसूर, स्टेट बैंक ऑफ पटियाला, और स्टेट बैंक ऑफ ट्रैवेनकोर) एवं भारतीय महिला बैंक के एस","विलय    की    प्रक्रिया    के    चल ते,    बाकी    5    सहयोग ी    बैंक    ( या नी    स्टे ट    बैंक    ऑफ    बी का ने र    एंड    जय पु र,    स्टे ट    बैंक    ऑफ    हैदरा बाद,    स्टे ट    बैंक    ऑफ    मै सू र,    स्टे ट    बैंक    ऑफ    पट िया ला,    और    स्टे ट    बैंक    ऑफ    ट्रै वे न को र)    एव ं    भारतीय    महिला    बैंक    के    ए स ",171,64
1440,बी,बी ,2,1
1441,आई,आई ,2,1
1442,में विलय को केंद्रीय कैबिनेट ने 15 जून 2016 को सैद्धान्तिक रूप से अनुमोदन दिया,में    विलय    को    केंद्रीय    कै बि नेट    ने    15    जून    2016    को    सै द्धा न् तिक    रूप    से    अनु मो दन    दिया ,64,22
1443,"गेल भी मिस्र की दो खुदरा गैस कंपनियों, फायुम गैस कंपनी (एफ","गे ल    भी    मिस् र    की    दो    खु दरा    गैस    कंप निय ों,    फा यु म    गैस    कंपनी    ( ए फ ",47,21
1444,जी,जी ,2,1
1445,सी,सी ,2,1
1446,) और नैशनल गैस कंपनी (नैटगैस) में इक्विटी साझेदार है,)    और    नै श नल    गैस    कंपनी    ( नै ट गै स )    में    इ क् वि टी    सा झ े दार    है ,43,23
1447,"एजवर्थस्टाउन में रेवरेंड रिचर्ड बटलर, जो काउंटी मीथ में ट्रिम के पादरी थे और जहां हैमिल्टन के चाचा जेम्स हैमिल्टन उपपादरी थे, वहाँ 1824 में पादरी ने हैमिल्टन का परिचय उपन्यासकार मरिया एडवर्थ से कराया","ए ज वर् थ स्टा उन    में    रे व रे ंड    रि च र्ड    ब ट ल र,    जो    काउंटी    मी थ    में    ट्रि म    के    पा द री    थे    और    जहां    है मि ल् टन    के    चा चा    जे म्स    है मि ल् टन    उप पा द री    थे,    वहाँ    18 24    में    पा द री    ने    है मि ल् टन    का    परि च य    उप न्या स कार    म रिया    एड वर् थ    से    करा या ",165,78
1448,कलकत्ता विश्वविद्यालय के रसायनशास्त्र के प्रोफेसर पी,कल क त्ता    विश्वविद्यालय    के    र सा य न शास्त्र    के    प्रोफे सर    पी ,46,14
1449,सी,सी ,2,1
1450,राय ने बंगाल केमिकल्स एण्ड फार्मास्यूटिकल्स की स्थापना की थी,राय    ने    बंगाल    के मि क ल्स    ए ण् ड    फा र् मा स् यू टि क ल्स    की    स्थापना    की    थी ,51,22
1451,इंडियन एयरलाइन्स घरेलू मार्गों पर ध्यान केंद्रित करती थी जबकि एयर इंडिया इंटर्नैशनल अंतर्राष्ट्रीय सेवाओं पर ध्यान केंद्रित करती थी,इंड ियन    एयर लाइ न्स    घरेलू    मार् गों    पर    ध्यान    केंद्रित    करती    थी    जबकि    ए यर    इंडिया    इ ंट र् नै श नल    अंतर्राष्ट्रीय    सेवाओं    पर    ध्यान    केंद्रित    करती    थी ,112,30
1452,अन्य मामलों में हेलिकॉप्टर का प्रयोग केवल पता लगाने के लिए किया जाता है और यह शस्त्र के रूप में रॉकेट से प्रक्षेपित टारपीडो का प्रयोग करता है,अन्य    मामलों    में    हे लि कॉ प् टर    का    प्रयोग    केवल    पता    लगाने    के    लिए    किया    जाता    है    और    यह    श स् त्र    के    रूप    में    रॉ केट    से    प्र क्षे प ित    ट ार पी डो    का    प्रयोग    करता    है ,114,41
1453,1980 के दशक में स्पेनी फर्म एस्परांज़ा वाई सिया ने 120 मि,1980    के    दशक    में    स्पे नी    फर् म    ए स्प रा ं ज़ा    वाई    सिया    ने    1 20    मि,46,19
1454,मी,मी ,2,1
1455,का मोर्टार बम विकसित किया जिसमें 21 छोटी अस्त्र-विरोधी युद्धसामग्रियाँ थीं,का    मो र् टा र    बम    विकसित    किया    जिसमें    21    छोटी    अस् त्र - विरोधी    युद्ध साम ग्र ियाँ    थीं ,64,20
1456,"कुछ अनुमानों के अनुसार, भारत में 10,600 मेगावॉट की भूऊष्मीय ऊर्जा उपलब्ध है","कुछ    अनु मानों    के    अनुसार,    भारत    में    10 , 6 00    मे गा वॉ ट    की    भू ऊ ष्म ीय    ऊर्जा    उपलब्ध    है ",63,23
1457,"भारत के बाहर से खाते में धनराशि प्राप्त करना, भारत में वैध देय राशि और अन्य एन","भारत    के    बाहर    से    खाते    में    ध न राशि    प्राप्त    कर ना,    भारत    में    वै ध    दे य    राशि    और    अन्य    ए न ",62,23
1458,आर,आ र ,2,2
1459,ओ,ओ ,1,1
1460,खातों से स्थानांतरण एन,खा तों    से    स्थानांतर ण    ए न ,19,7
1461,आर,आ र ,2,2
1462,ओ,ओ ,1,1
1463,खातों में अनुमत क्रेडिट होते हैं,खा तों    में    अनु मत    क्रेडिट    होते    हैं ,27,8
1464,निर्यात सुगम बनाने के लिए केंद्र सरकार ने एम,निर् यात    सु गम    बनाने    के    लिए    केंद्र    सरकार    ने    ए म ,36,12
1465,आई,आई ,2,1
1466,डी,डी ,2,1
1467,सी,सी ,2,1
1468,अम्बाद में मालवाहक पात्र स्टेशन शुरू किया,अम् बाद    में    माल वाहक    पात्र    स्टेशन    शुरू    किया ,35,9
1469,"8 अगस्त, 1984 को, यू","8    अग स्त ,    1984    को,    य ू ",16,8
1470,वी,वी ,2,1
1471,पी,पी ,2,1
1472,", इंक",",    इं क ",4,3
1473,ने एक स्टीरियोलिथोग्राफी निर्माण प्रणाली के लिए यू,ने    एक    स्टी र ियो लि थो ग्रा फी    निर्माण    प्रणाली    के    लिए    य ू ,43,15
1474,एस,ए स ,2,2
1475,"4575330 के लिए एक पेटेंट आवेदन दाखिल किया, जो कि पहले 3डी सिस्टम्स कॉर्पोरेशन के चक हल को दिया गया था, जिसमें फोटोपॉलिमर के साथ अतिक्रमण करने वाले विकिरण, कण बमबारी, रासायनिक प्रतिक्रिया, या सिर्फ पराबैंगनी प्रकाश लेज़रों का संकलन करके अलग-अलग लेमिना या परतें जोड़ी जाती हैं","4 5 7 5 3 30    के    लिए    एक    पे टे ंट    आवे दन    दा खिल    किया,    जो    कि    पहले    3 डी    सिस्ट म्स    कॉर् पो रेशन    के    च क    हल    को    दिया    गया    था,    जिसमें    फो टो पॉ लि मर    के    साथ    अति क्रमण    करने    वाले    विकि रण ,    क ण    ब म बार ी,    रा सा य निक    प्रति क्र िया,    या    सिर्फ    परा बैंग नी    प्रकाश    ले ज़ रों    का    सं क लन    करके    अलग-अलग    ले मि ना    या    पर तें    जोड़ी    जाती    हैं ",227,87
1476,"अन्य महत्वपूर्ण उद्योगों में शामिल है वैज्ञानिक उपकरणों, कृषि उत्पाद, बिजली का सामान, मशीन के यंत्र, कपड़ा, सिलाई मशीने, खेल-कूद का सामान, माड़ी, उर्वरक, साइकिल, वस्त्र के उत्पादन एवं पाइन तेल तथा चीनी का संसाधन","अन्य    महत्वपूर्ण    उद्यो गों    में    शामिल    है    वैज्ञानिक    उप कर ण ों,    कृषि    उत्पा द,    बिजली    का    सामान ,    मशी न    के    य ंत्र ,    कपड़ ा,    सि लाई    मशी ने,    खे ल- कू द    का    सामान ,    मा ड़ ी,    उर् वर क,    साइ कि ल,    वस् त्र    के    उत्पादन    एव ं    पा इन    तेल    तथा    चीनी    का    सं साधन ",177,61
1477,अभिकलित्र संरचना में ऊर्जा की खपत को मापने के लिए आम तौर पर एम,अभि क लि त्र    संरचना    में    ऊर्जा    की    ख प त    को    मा प ने    के    लिए    आम    तौर    पर    ए म ,49,22
1478,आई,आई ,2,1
1479,पी,पी ,2,1
1480,एस,ए स ,2,2
1481,/डब्ल्यू (प्रति वॉट प्रति सेकन्ड लाखों निर्देश) का प्रयोग होता है,/ डब् ल ्य ू    ( प्रति    वॉ ट    प्रति    से कन् ड    ला खों    निर्देश )    का    प्रयोग    होता    है ,55,21
1482,"कर्मचारी राज्य बीमा निगम चिकित्सा महाविद्यालय, हैदराबाद ने आर","कर्मचारी    राज्य    बीमा    निगम    चिकित्सा    महा विद्याल य,    हैदराबाद    ने    आ र ",53,12
1483,सी,सी ,2,1
1484,आई,आई ,2,1
1485,"को आद्यप्रारूप विकसित करने में मदद की जबकि स्नातकोत्तर चिकित्सा शिक्षा एवं अनुसंधान संस्थान ने चिकित्सा प्रयोजनों के लिए उत्पादों के परीक्षण, सत्यापन और अनुमोदन में मदद की","को    आ द्य प्रार ूप    विकसित    करने    में    मदद    की    जबकि    स्ना त को त्तर    चिकित्सा    शिक्षा    एव ं    अनुसंधान    संस्थान    ने    चिकित्सा    प्र योज नों    के    लिए    उत्पादों    के    परी क्ष ण,    सत ्या पन    और    अनु मो दन    में    मदद    की ",144,43
1486,"कुछ मामलों में, वैज्ञानिक साहित्य में पहले जिन शस्त्रों के बारे में लिखा गया था, अब उन्हें एक वास्तविकता बना दिया गया है","कुछ    मामलों    में,    वैज्ञानिक    साहित्य    में    पहले    जिन    श स् त्रों    के    बारे    में    लिखा    गया    था,    अब    उन्हें    एक    वास्त वि कता    बना    दिया    गया    है ",98,27
1487,"भारत के अग्रणी इस्पात उत्पादक, सेल, का सालेम, तमिल नाडु में इस्पात संयंत्र है","भारत    के    अग्र णी    इस् पात    उत्पा द क,    से ल,    का    सा ले म,    तमिल    नाडु    में    इस् पात    सं यंत्र    है ",64,23
1488,"1997 में सैन्यो ""पी","1997    में    सै न्य ो    "" पी ",16,7
1489,ओ,ओ ,1,1
1490,एस,ए स ,2,2
1491,सी,सी ,2,1
1492,ए,ए ,1,1
1493,पी,पी ,2,1
1494,""" बहुलक टैंटेलम चिप्स लाया","""    बहु लक    टै ं टे लम    चि प् स    लाया ",22,11
1495,"हवाई जहाज का कॉकपिट नियंत्रण, निगरानी, संप्रेषण, अनवेषण, मौसम और टक्कर-रोधी प्रणालियों सहित वैमानिकी उपकरणों का विशिष्ट स्थान है","हवाई    जहाज    का    कॉ क पि ट    नियंत्र ण,    निग रा नी,    सं प्रे ष ण,    अन वे ष ण,    मौसम    और    ट क् कर - रोधी    प्रणा लियों    सहित    वै मा नि की    उपकरणों    का    विशिष्ट    स्थान    है ",110,39
1496,"चार प्रमुख प्रस्ताव थे, और जैसे-जैसे विकास का कार्य आगे बढ़ता है, अंतिम प्रयोगों के मिश्रण पर अंतिम निर्णय लिया जाएगा","चार    प्रमुख    प्रस्ताव    थे,    और    जैसे-जैसे    विकास    का    कार्य    आगे    बढ़ ता    है,    अंतिम    प्र यो गों    के    मिश्र ण    पर    अंतिम    निर्णय    लिया    जाए गा ",97,26
1497,"भारतीय मुद्रा बाज़ार व्यवस्थित क्षेत्र और अव्यवस्थित क्षेत्रों में वर्गीकृत हैं, जिसमें व्यवस्थित क्षेत्र में शामिल हैं निजी, सार्वजनिक और विदेशी स्वामित्व वाले वाणिज्यिक एवं सहकारी बैंक जिनको एक साथ मिलाकर अनुसूचित बैंक भी कहा जाता है, और अव्यवस्थित क्षेत्र में एकल व्यक्ति या पारिवारिक स्वामित्व वाले स्वदेशी बैंकर या साहूकार एवं गैर-बैंकिंग वित्तीय कंपनियाँ शामिल हैं","भारतीय    मुद्रा    बा ज़ार    व्यवस्थित    क्षेत्र    और    अ व्यवस्थित    क्षेत्रों    में    वर्गीकृत    हैं,    जिसमें    व्यवस्थित    क्षेत्र    में    शामिल    हैं    नि जी ,    सार्वजनिक    और    विदेशी    स्वामित्व    वाले    वाणिज ्य िक    एव ं    सह कारी    बैंक    जिन को    एक    साथ    मिला कर    अनु सूचित    बैंक    भी    कहा    जाता    है,    और    अ व्यवस्थित    क्षेत्र    में    एकल    व्यक्ति    या    पारिवारिक    स्वामित्व    वाले    स्व देशी    बैं कर    या    सा हू कार    एव ं    गैर- बैं किंग    वित्तीय    कंप नियाँ    शामिल    हैं ",314,77
1498,अगस्त 2006 में उत्तरी ग्रिड को भी अंतर्योजित किया गया जिससे केंद्रीय ग्रिड बना जो तुल्यकालिक रूप से जोड़ा गया और एक ही आवृत्‍ति पर संचालन करता है,अगस्त    2006    में    उत्तरी    ग्र ि ड    को    भी    अंतर् योजित    किया    गया    जिससे    केंद्रीय    ग्र ि ड    बना    जो    तुल ्य कालिक    रूप    से    जोड़ा    गया    और    एक    ही    आ वृत् ‍ ति    पर    संचालन    करता    है ,118,38
1499,क्षेत्रीय ग्रिडों का प्रथम अंतर्योजन अक्तूबर 1991 में स्थापित किया गया था जब उत्तर-पूर्वीय और पूर्वीय ग्रिडों को अंतर्योजित किया गया था,क्षेत्रीय    ग्र ि डों    का    प्रथम    अंतर् योजन    अक् तू बर    1991    में    स्थापित    किया    गया    था    जब    उत्तर- पूर्व ीय    और    पूर्व ीय    ग्र ि डों    को    अंतर् योजित    किया    गया    था ,114,33
1500,"क्रैंकशाफ्ट पावर दक्षता के लिए 40% ईंधन ऊर्जा पर डीजल के शुद्ध कैलोरी मान 8572 किलोकैलोरी/लीटर की तुलना में, डीजल का स्थान लेने के लिए किफायती बिजली की कीमत 19 रुपये/किलोवाट (860 किलोकैलोरी/किलोवाट 75% निविष्ट बिजली से शाफ्ट बिजली दक्षता) तक होगी","क्र ै ंक शा फ्ट    पा वर    द क्ष ता    के    लिए    40 %    ई ं धन    ऊर्जा    पर    डी जल    के    शु द्ध    कै लो री    मान    8 5 7 2    किलो कै लो री / ली टर    की    तुलना    में,    डी जल    का    स्थान    लेने    के    लिए    कि फाय ती    बिजली    की    कीमत    19    रुप ये / किलो वा ट    ( 8 60    किलो कै लो री / किलो वा ट    7 5 %    नि वि ष्ट    बिजली    से    शा फ्ट    बिजली    द क्ष ता )    तक    हो गी ",205,91
1501,", और पेट्रोल का स्थान लेने के लिए तुलनीय मूल्य 28 रुपये/किलोवाट (860 किलो कैलोरी/किलोवाट प्रति घंटा 75% निविष्ट बिजली पर शाफ्ट पावर दक्षता बनाम पेट्रोल का शुद्ध कैलोरी मान 7693 किलो कैलोरी/लीटर 33% ईंधन ऊर्जा से क्रैंकशाफ्ट पावर दक्षता) तक होगा",",    और    पे ट्रो ल    का    स्थान    लेने    के    लिए    तुल नीय    मूल्य    28    रुप ये / किलो वा ट    ( 8 60    कि लो    कै लो री / किलो वा ट    प्रति    घंट ा    7 5 %    नि वि ष्ट    बिजली    पर    शा फ्ट    पा वर    द क्ष ता    बना म    पे ट्रो ल    का    शु द्ध    कै लो री    मान    7 6 9 3    कि लो    कै लो री / ली टर    3 3 %    ई ं धन    ऊर्जा    से    क्र ै ंक शा फ्ट    पा वर    द क्ष ता )    तक    होगा ",203,95
1502,बाज़ार में सैकड़ों हैंडसेट हैं जो स्क्रीन के आकार और समर्थित तकनीकों (जैसे कि एम,बा ज़ार    में    सै कड़ों    हैं ड सेट    हैं    जो    स्क्रीन    के    आकार    और    समर्थ ित    तकनी कों    ( जैसे    कि    ए म ,66,23
1503,एम,ए म ,2,2
1504,एस,ए स ,2,2
1505,", डब्ल्यू",",    डब् ल ्य ू ",8,5
1506,ए,ए ,1,1
1507,पी,पी ,2,1
1508,2,2 ,1,1
1509,0) में भिन्न हैं,0 )    में    भिन्न    हैं ,13,5
1510,संसाधनों का पता करने के लिए सार्वजनिक–निजी साझेदारी (पी,सं साध नों    का    पता    करने    के    लिए    सार्वज निक – निजी    सा झ े दारी    ( पी ,47,18
1511,पी,पी ,2,1
1512,पी,पी ,2,1
1513,) दृष्टिकोण सबसे अनुकूल है,)    दृष्टिकोण    सबसे    अनु कूल    है ,22,6
1514,"1945 की रिपोर्ट में कहा गया, ""उस क्षण से कलकत्ता का पेट भरने के लिए सामान्य व्यापार व्यवस्था पर निर्भर नहीं किया जा सकता था","194 5    की    रिपोर्ट    में    कहा    गया,    "" उस    क्षण    से    कल क त्ता    का    पेट    भर ने    के    लिए    सामान्य    व्यापार    व्यवस्था    पर    निर्भर    नहीं    किया    जा    सकता    था ",99,30
1515,"""",""" ",1,1
1516,"1591 में जॉन लेगेट ने पहली केम्ब्रिज बाइबल छापी थी, और 1629 में किंग जेम्स बाइबल का केम्ब्रिज फोलियो संस्करण थॉमस और जॉन बक द्वारा छापा गया था","15 9 1    में    जॉन    ले गे ट    ने    पहली    के म् ब्रि ज    बाइ बल    छा पी    थी,    और    16 29    में    किंग    जे म्स    बाइ बल    का    के म् ब्रि ज    फो लिय ो    संस्करण    थ ॉ मस    और    जॉन    ब क    द्वारा    छा पा    गया    था ",115,49
1517,"दिसंबर 2017 में पवन परियोजना की नीलामी के दौरान, स्तरीकृत पवन ऊर्जा शुल्क (बिना किसी प्रत्यक्ष या अप्रत्यक्ष सहायता के) 2","दिसंबर    2017    में    प वन    परियोजना    की    नी ला मी    के    दौरान,    स् तरी कृत    प वन    ऊर्जा    शुल्क    ( बिना    किसी    प्रत्यक्ष    या    अ प्रत्यक्ष    सहायता    के )    2 ",101,30
1518,43 रु,4 3    रु ,4,3
1519,($0,( $ 0 ,3,3
1520,03 यू,0 3    य ू ,4,4
1521,एस,ए स ,2,2
1522,डॉलर) प्रति किलोवाट प्रति घंटे के निम्नतम स्तर पर पहुंच गया,डॉल र)    प्रति    किलो वा ट    प्रति    घंटे    के    निम् नतम    स्तर    पर    पहुंच    गया ,49,15
1523,"1972 और 1975 के बीच 25 पैसे, 50 पैसे और 1 रुपये के सिक्कों में गिलट की जगह ताम्रनिकल ने ले ली; 1982 में ताम्रनिकल के दो रुपये के सिक्के सामने लाए गए","197 2    और    197 5    के    बीच    25    पै से,    50    पैसे    और    1    रुपये    के    सिक्कों    में    गि ल ट    की    जगह    ता म्र निकल    ने    ले    ली ;    198 2    में    ता म्र निकल    के    दो    रुपये    के    सिक् के    सामने    ला ए    गए ",116,46
1524,"डेम्बोव्स्की ने अपनी लिखी और पहली बार 2001 में ऑक्सफोर्ड यूनिवर्सिटी प्रेस द्वारा जारी की गई पुस्तक ""टेकिंग द स्टेट टू द सुप्रीम कोर्ट: पब्लिक इंटरेस्ट लिटिगेशन एंड द पब्लिक स्फियर इन मेट्रोपॉलिटन इंडिया"", में इस विषय के बारे में लिखा","डे म् बो व् स्की    ने    अपनी    लिखी    और    पहली    बार    2001    में    ऑ क्स फोर्ड    यूनि वर् सिटी    प्रेस    द्वारा    जारी    की    गई    पुस्तक    "" टे किंग    द    स्टे ट    टू    द    सु प्री म    को र् ट :    प ब् लिक    इ ंट रे स्ट    लि टि गे शन    एंड    द    प ब् लिक    स् फ ियर    इन    मे ट्रो पॉ लि टन    इंड िया "",    में    इस    विषय    के    बारे    में    लिखा ",194,75
1525,"संरक्षित व्यक्ति ने शायद ""ऐसी प्रकृति का कुछ न किया हो जिससे शारीरिक यातना हो या संहार हो","संरक्षित    व्यक्ति    ने    शायद    "" ऐसी    प्र कृति    का    कुछ    न    किया    हो    जिससे    शारीरिक    या तना    हो    या    सं हार    हो ",72,22
1526,"""",""" ",1,1
1527,अनुच्छेद 28 में कहा गया है कि युद्ध के दौरान किसी गांव पर कब्जा करने के बाद भी किसी भी पक्ष को लूट-मार करने की अनुमति नहीं है,अनु च्छ ेद    28    में    कहा    गया    है    कि    युद्ध    के    दौरान    किसी    गांव    पर    कब्जा    करने    के    बाद    भी    किसी    भी    पक्ष    को    लू ट - मार    करने    की    अनुमति    नहीं    है ,98,33
1528,सम्मेलन का अनुच्छेद 8 विकलांगता भेद-भाव का विरोध करने के लिए अधिकारों और गरिमा के प्रति सम्मान को बढ़ावा देने हेतु जागरूकता बढ़ाने के प्रति दलों की प्रतिबद्धता पर बल देता है,सम्मेलन    का    अनु च्छ ेद    8    विक ला ंग ता    भे द- भाव    का    विरोध    करने    के    लिए    अधि कारों    और    ग रि मा    के    प्रति    सम्मान    को    बढ़ावा    देने    हे तु    जाग रू कता    बढ़ाने    के    प्रति    द लों    की    प्रति ब द्ध ता    पर    बल    देता    है ,142,49
1529,"संसद को संघीय सूची (जैसे नागरिकता, रक्षा, आंतरिक सुरक्षा, नागरिक और आपराधिक कानून, वित्त, व्यापार, वाणिज्य और उद्योग, शिक्षा, श्रम और पर्यटन) के अंतर्गत आने वाले मामलों पर कानून बनाने का विशेष अधिकार है, जबकि प्रत्येक राज्य, अपनी विधान सभा के माध्यम से, राज्य सूची के अंतर्गत आने वाले मामलों पर विधायी अधिकार रखता है, (जैसे भूमि, स्थानीय सरकार, शरीया कानून और शरीया अदालतें, राज्य अवकाश और राज्य सार्वजनिक कार्य)","संसद    को    संघीय    सूची    ( जैसे    नागरि क ता,    रक्ष ा,    आंतरिक    सु रक्ष ा,    नागरिक    और    आप रा धिक    कानू न,    वित् त,    व्यापार ,    वाणिज ्य    और    उद्यो ग,    शिक्ष ा,    श्र म    और    पर्यट न)    के    अंतर् गत    आने    वाले    मामलों    पर    कानून    बनाने    का    विशेष    अधिकार    है,    जबकि    प्रत्येक    राज्य ,    अपनी    विधान    सभा    के    माध्यम    से,    राज्य    सूची    के    अंतर् गत    आने    वाले    मामलों    पर    विधा यी    अधिकार    रखता    है,    ( जैसे    भूमि ,    स्थानीय    सर कार,    शरी या    कानून    और    शरी या    अदा ल ते ं,    राज्य    अवकाश    और    राज्य    सार्वजनिक    कार्य ) ",343,99
1530,"10 फरवरी तक, बीक और एच्ट-सस्टरन एक आपातकालीन आज्ञप्ति के तहत होंगे जिसमें पुलिस को बिना कारण बताए रोकने और तलाशी लेने की अनुमति होगी","10    फरवरी    तक,    बी क    और    ए च् ट - स स्ट रन    एक    आपातकालीन    आ ज्ञ प्ति    के    तहत    हो ंगे    जिसमें    पुलिस    को    बिना    कारण    बता ए    रोकने    और    तला शी    लेने    की    अनुमति    हो गी ",108,38
1531,"हालांकि किसी भी राज्य विधिज्ञ परिषद में नामांकन, किसी बैरिस्टर को किसी भी भारतीय अदालत में पेश होने से नहीं रोकता है, भले ही वह अदालत राज्य विधिज्ञ परिषद के क्षेत्रीय प्राधिकरण के बाहर स्थित हो","हालांकि    किसी    भी    राज्य    वि धि ज्ञ   परिषद    में    ना मा ंक न,    किसी    बै रि स्टर    को    किसी    भी    भारतीय    अदालत    में    पेश    होने    से    नहीं    रो कता    है,    भले    ही    वह    अदालत    राज्य    वि धि ज्ञ   परिषद    के    क्षेत्रीय    प्रा धि करण    के    बाहर    स्थित    हो ",158,48
1532,"यह कानून कठोरता से किसी भी गैर-सरकारी राजनीतिक गतिविधि को प्रतिबंधित करते हैं: जलूस निकालना, गैर-अनुमोदित राजनीतिक संगठन और अपंजीकृत वित्तीय योगदान विधिवत् रूप से निषेध किए गए","यह    कानून    कठ ो रता    से    किसी    भी    गैर- सरकारी    राजनीतिक    गतिविधि    को    प्रति बंधित    करते    हैं :    ज लू स    निका ल ना,    गैर- अनु मो दित    राजनीतिक    संगठन    और    अप ं जी कृत    वित्तीय    योगदान    वि धि व त्   रूप    से    नि ष े ध    किए    गए ",148,49
1533,विवाह-कार्य के दौरान की गई प्रतिबद्धता अक्सर व्यभिचार द्वारा तोड़े जाने के रूप में देखी जाती है,विवा ह - कार्य    के    दौरान    की    गई    प्रति ब द्ध ता    अक्सर    व्य भि चार    द्वारा    तो ड़े    जाने    के    रूप    में    देखी    जाती    है ,79,26
1534,क्या आपने सहायता पृष्ठ ध्यानपूर्वक पढ़े हैं और पूर्ण रूप से समस्या का निवारण किया है,क्या    आपने    सहायता    पृष्ठ    ध्या न पूर्वक    पढ़ े    हैं    और    पूर्ण    रूप    से    समस्या    का    नि वार ण    किया    है ,69,21
1535,"जुलाई और अगस्त 2006 में इजरायल-लेबनानी संघर्ष के दौरान गुच्छ युद्ध-सामग्री के इस्तेमाल और प्रभाव से दुनिया भर में एक बहस छिड़ गई, जिससे उनके उपयोग पर प्रतिबंध लगाने वाली संधि के लिए वैश्विक अभियान को और दृढ़ता मिली","जुलाई    और    अगस्त    2006    में    इ ज राय ल- ले बना नी    संघर्ष    के    दौरान    गु च्छ    युद्ध - सामग्री    के    इस्तेमाल    और    प्रभाव    से    दुनिया    भर    में    एक    बह स    छि ड़    गई,    जिससे    उनके    उपयोग    पर    प्रतिबंध    लगाने    वाली    सं धि    के    लिए    वैश्विक    अभियान    को    और    दृ ढ़ ता    मिली ",176,53
1536,ताइवान में मतदान और शोध ने लगातार मृत्यु दंड के पक्ष में दृढ़ समर्थन दर्शाया है जो 80% है,ता इ वान    में    मत दान    और    शोध    ने    लगातार    मृत्यु    द ंड    के    पक्ष    में    दृ ढ़    समर्थन    दर्शा या    है    जो    8 0 %    है ,71,27
1537,"इसके अलावा, ईराक पर आक्रमण ""कानून का स्पष्ट उल्लंघन"" है और नूरमबर्ग मुकदमों में एक पूर्व मुख्य अभियोक्ता बेंजामिन फेरेंज़ के अनुसार, इस तरह से यह शांति के खिलाफ अपराध का निर्माण करता है","इसके    अलावा,    ई रा क    पर    आक्रमण    "" कानून    का    स्पष्ट    उल् लं घ न ""    है    और    नू रम बर्ग    मुकद मों    में    एक    पूर्व    मुख्य    अभ ियो क्ता    बे ं जा मिन    फे रे ं ज़    के    अनुसार,    इस    तरह    से    यह    शांति    के    खिलाफ    अपरा ध    का    निर्माण    करता    है ",152,53
1538,"सितंबर 2012 में, उन लोगों को न्यायालय की अवमानना करने के लिए अपराधी घोषित किया गया था","सितंबर    2012    में,    उन    लोगों    को    न्यायालय    की    अव मानना    करने    के    लिए    अपरा धी    घोषित    किया    गया    था ",69,19
1539,दिल्ली की एक अदालत ने 2008 में 19 साल के एक लड़के को गुज़रती हुई महिलाओं पर यौन टिप्पणियाँ करते हुए पकड़े जाने पर आदेश दिया कि वह स्कूलों और विश्वविद्यालयों के बाहर बच्चों को इस तरह के अश्लील व्यवहार के नतीजों का विवरण देने वाले 500 विज्ञापन-पत्र बाँटे,दिल्ली    की    एक    अदालत    ने    2008    में    19    साल    के    एक    लड़ के    को    गु ज़ र ती    हुई    महिलाओं    पर    यौन    टिप्प ण ियाँ    करते    हुए    पक ड़े    जाने    पर    आदेश    दिया    कि    वह    स्कू लों    और    विश्व विद्यालयों    के    बाहर    बच्चों    को    इस    तरह    के    अ श् ली ल    व्यवहार    के    न ती जों    का    विवरण    देने    वाले    500    विज्ञा प न- पत्र    बाँ टे ,204,67
1540,"11 मार्च, 2015 को एक विशेष सी","11    मार् च,    2015    को    एक    विशेष    सी ",23,8
1541,बी,बी ,2,1
1542,आई,आई ,2,1
1543,"न्यायाधीश ने अपराध का संज्ञान लेते हुए डॉक्टर मनमोहन सिंह और पांच अन्य प्रतिवादियों, मैसर्स हिंडाल्को, शुभेंदु अमिताभ, डी","न्याया धी श    ने    अपरा ध    का    सं ज्ञान    लेते    हुए    डॉक्टर    मन मो हन    सिंह    और    पांच    अन्य    प्रति वा द ियों,    मै सर् स    हि ंडा ल् को,    शु भे ंद ु    अ मि ता भ ,    डी ",103,40
1544,"भट्टाचार्य, कुमार मंगलम बिड़ला, और पी","भ ट्टा चार् य,    कुमार    मंग लम    बि ड़ ला,    और    पी ",32,12
1545,सी,सी ,2,1
1546,"पारेख, पर भ्रष्टाचार निवारण अधिनियम, 1988 की धारा 13(1)(सी) और 13(1)(डी)(iii) और भारतीय दंड संहिता, 1860 की धारा 120-बी और 409 का उल्लंघन करने का आरोप लगाया था","पार े ख ,    पर    भ्र ष् टा चार    नि वार ण    अधि निय म,    1988    की    धारा    13 ( 1 ) ( सी )    और    13 ( 1 ) ( डी ) ( i i i )    और    भारतीय    द ंड    सं हि ता,    18 60    की    धारा    1 20 - बी    और    40 9    का    उल् लंघन    करने    का    आरोप    लगाया    था ",132,64
1547,पहले उन्हें युद्ध अपराधों का आदेश देने और संयुक्त षड्यंत्र रचने से विमुक्त कर दिया गया था,पहले    उन्हें    युद्ध    अपरा धों    का    आदेश    देने    और    संयुक्त    ष ड ्य ंत्र    रच ने    से    वि मुक्त    कर    दिया    गया    था ,73,23
1548,आई,आई ,2,1
1549,टी,टी ,2,1
1550,समुदायों ने इस कानून की व्यापक रूप से आलोचना की क्योंकि यह नागरिकों की डिजिटल निगरानी करके और अभिव्यक्ति की स्वतंत्रता को गंभीर रूप से सीमित करके मानव अधिकारों का उल्लंघन करता है,समुदायों    ने    इस    कानून    की    व्यापक    रूप    से    आलोचना    की    क्योंकि    यह    नागरि कों    की    डिजिटल    निग रानी    करके    और    अभि व्यक्ति    की    स्वतंत्रता    को    गंभीर    रूप    से    सीमित    करके    मानव    अधि कारों    का    उल् लंघन    करता    है ,146,38
1551,"संविधान का मुख्य उद्देश्य है लोगों को शीघ्र न्याय दिलाना, जैसा कि संविधान की प्रस्तावना में प्रतिष्‍ठापित है","सं विधान    का    मुख्य    उद्देश्य    है    लोगों    को    शी घ ् र    न्या य    दि ला ना,    जैसा    कि    सं विधान    की    प्रस्ता वना    में    प्रति ष् ‍ ठा प ित    है ",91,32
1552,अनुच्छेद 145 को संशोधित किया गया और 2013 के सर्वोच्च न्यायालय के नियमों के अधीन है,अनु च्छ ेद    14 5    को    संशो धित    किया    गया    और    2013    के    सर्वोच्च    न्यायालय    के    नियमों    के    अधीन    है ,67,20
1553,"यूनाइटेड किंगडम में संसदीय संप्रभुता सिद्धांत के अनुसार, संसद के अधिनियमों को अलग नहीं रखा जा सकता है, जबकि परिषद में आदेश, जो कि एक अन्य प्रकार का प्राथमिक कानून है जिसे संसद द्वारा पारित नहीं किया जा सकता है, को अलग रखा जा सकता है, (देखें सिविल सेवा संघ बनाम सिविल सेवा मंत्री) (1985) और मिलर/चेरी (2019))","यूनाइटेड    किंगडम    में    सं सद ीय    सं प्र भु ता    सिद्धा ंत    के    अनुसार,    संसद    के    अधि नियमों    को    अलग    नहीं    रखा    जा    सकता    है,    जबकि    परिषद    में    आ देश ,    जो    कि    एक    अन्य    प्रकार    का    प्राथमिक    कानून    है    जिसे    संसद    द्वारा    पार ित    नहीं    किया    जा    सकता    है,    को    अलग    रखा    जा    सकता    है,    ( देख ें    सि विल    सेवा    संघ    बना म    सि विल    सेवा    मंत्र ी )    ( 198 5 )    और    मिल र / चे री    ( 20 19 ) ) ",250,86
1554,"उदाहरण के तौर पर, ""किसी व्यक्ति को तब राज्यविहीनता का खतरा हो सकता है जब वह एक ऐसे राज्य में पैदा हुआ हो जहाँ नागरिकता का आधार रक्त से माना जाता है, जबकि उसके माता-पिता एक ऐसे राज्य में पैदा हुए थे जहाँ यह आधार जन्म से माना जाता है, जिस वजह से उस व्यक्ति को परस्पर विरोधी कानूनों के कारण दोनों राज्यों में नागरिकता के लिए अयोग्य बना देता है","उदाहरण    के    तौर    पर,    "" किसी    व्यक्ति    को    तब    राज्य वि ही न ता    का    खतरा    हो    सकता    है    जब    वह    एक    ऐसे    राज्य    में    पैदा    हुआ    हो    जहाँ    नागरि कता    का    आधार    रक्त    से    माना    जाता    है,    जबकि    उसके    माता-पिता    एक    ऐसे    राज्य    में    पैदा    हुए    थे    जहाँ    यह    आधार    जन्म    से    माना    जाता    है,    जिस    वजह    से    उस    व्यक्ति    को    पर स् पर    विरोधी    कानू नों    के    कारण    दोनों    राज्यों    में    नागरि कता    के    लिए    अ योग्य    बना    देता    है ",270,82
1555,"""",""" ",1,1
1556,सी,सी ,2,1
1557,डी,डी ,2,1
1558,एच,ए च ,2,2
1559,आर,आ र ,2,2
1560,आई,आई ,2,1
1561,"यह भी सुनिश्चित करता है कि हर एक व्यक्ति को ""अपने देश के लोक कार्यों के प्रशासन में प्रत्यक्ष अथवा अप्रत्यक्ष रूप से भाग लेने का अधिकार है","यह    भी    सुनिश्चित    करता    है    कि    हर    एक    व्यक्ति    को    "" अपने    देश    के    लोक    कार्यों    के    प्रशासन    में    प्रत्यक्ष    अ थ वा    अ प्रत्यक्ष    रूप    से    भाग    लेने    का    अधिकार    है ",111,32
1562,"""",""" ",1,1
1563,अदालत दिल्ली में संसदीय भवन के नरेंद्रमण्डल में बैठती थी,अदालत    दिल्ली    में    सं सद ीय    भ वन    के    न रे ंद्र म ण् डल    में    बैठ ती    थी ,47,19
1564,जिनेवा सम्मेलन (जी,जि ने वा    सम्मेलन    ( जी ,16,6
1565,सी,सी ,2,1
1566,) और उनके अतिरिक्त नवाचार (ए,)    और    उनके    अतिरिक्त    नवा चार    ( ए ,23,8
1567,पी,पी ,2,1
1568,) का इस बात पर जोर रहता है कि न्यायिक कार्यवाही का सामना कर रहे किसी भी युद्ध कैदी को निष्पक्ष सुनवाई मिले,)    का    इस    बात    पर    जोर    रहता    है    कि    न्या यिक    कार्य वा ही    का    सामना    कर    रहे    किसी    भी    युद्ध    कै दी    को    निष् पक्ष    सुन वाई    मिले ,84,29
1569,इंडोनेशिया का सर्वोच्च न्यायालय (इंडोनेशियाई भाषा में: महकामाह आगुंग) न्यायिक शाखा का उच्चतम स्तर है,इंडोनेश िया    का    सर्वोच्च    न्यायालय    ( इंडोनेश ियाई    भाषा    में :    मह का मा ह    आ गु ंग )    न्या यिक    शाखा    का    उच्च तम    स्तर    है ,86,27
1570,"चिकित्सीय रूप से गर्भ समापन अधिनियम के अनुसार, 12 सप्ताह तक के गर्भ की समाप्ति के लिए एक एकल पंजीकृत चिकित्सक (आर","चिकित् सीय    रूप    से    गर् भ    समा पन    अधिनियम    के    अनुसार,    12    सप्ताह    तक    के    गर् भ    की    समा प्ति    के    लिए    एक    एकल    पंजी कृत    चिकित्सक    ( आ र ",92,30
1571,एम,ए म ,2,2
1572,पी,पी ,2,1
1573,") की राय आवश्यक होगी, और 12 से 20 सप्ताह के बीच के गर्भ की समाप्ति के लिए दो पंजीकृत चिकित्सकों को अपनी राय देनी होगी",")    की    राय    आवश्यक    हो गी,    और    12    से    20    सप्ताह    के    बीच    के    गर् भ    की    समा प्ति    के    लिए    दो    पंजी कृत    चिकित् सकों    को    अपनी    राय    दे नी    हो गी ",92,33
1574,"उदाहरण के लिए गुच्छ-बम जिनसे बारूदी बम के समान ही समस्या हो सकती है: छोटे बम जो फटते नहीं हैं, संघर्ष खत्म होने के लंबे समय के बाद भी नागरिकों के लिए खतरा बने रह सकते हैं","उदाहरण    के    लिए    गु च्छ - बम    जिन से    बार ू दी    बम    के    समान    ही    समस्या    हो    सकती    है :    छोटे    बम    जो    फ ट ते    नहीं    हैं,    संघर्ष    खत्म    होने    के    लंबे    समय    के    बाद    भी    नागरि कों    के    लिए    खतरा    बने    रह    सकते    हैं ",134,47
1575,"यद्यपि स्टीवर्ड और बार्नेट इस बात की वकालत करते दिखाई दिए कि मानव विज्ञान को विशुद्ध रूप से अकादमिक मामलों तक सीमित रहना चाहिए, अकादमी के अंदर और बाहर के लोगों ने अब तक इस बात पर बहस करना जारी रखा है कि कैसे गैर-मानवशास्त्रियों ने जातीय अल्पसंख्यकों या अंतर्राष्ट्रीय संबंधों के बारे में सार्वजनिक नीति में इस सिद्धांत का उपयोग किया है","य द्य पि    स्टी वर्ड    और    बार् नेट    इस    बात    की    व का लत    करते    दिखाई    दिए    कि    मानव    विज्ञान    को    वि शु द्ध    रूप    से    अका द मिक    मामलों    तक    सीमित    रहना    चाहि ए,    अकादमी    के    अंदर    और    बाहर    के    लोगों    ने    अब    तक    इस    बात    पर    बह स    करना    जारी    रखा    है    कि    कैसे    गैर- मान व शास् त्रियों    ने    जा तीय    अल्प संख ्य कों    या    अंतर्राष्ट्रीय    संबंध ों    के    बारे    में    सार्वजनिक    नीति    में    इस    सिद्धा ंत    का    उपयोग    किया    है ",273,85
1576,जीन-पॉल अकेसेयु के खिलाफ निर्णय में बलात्कार को युद्ध अपराध स्थापित किया गया,जी न- पॉ ल    अके से य ु    के    खिलाफ    निर्णय    में    ब ला त्कार    को    युद्ध    अपरा ध    स्थापित    किया    गया ,64,22
1577,लैगाश और उम्मा (लगभग 2100 ईसा पूर्व) के मेसोपोटामिया के शहर-राज्यों के बीच शांति समझौते और 1258 ईसा पूर्व में मिस्र के फैरो रैमेसीज़ द्वितीय और हित्ती सम्राट हत्तुसिली तृतीय के बीच हुआ समझौता सबसे प्रारंभिक उदाहरणों में से दो हैं,लै गा श    और    उम् मा    ( लगभग    2 100    ईसा    पूर्व )    के    मे सो पो टा मिया    के    शह र- राज्यों    के    बीच    शांति    समझौ ते    और    12 5 8    ईसा    पूर्व    में    मिस् र    के    फै रो    रै मे सी ज़    द्वितीय    और    हि त्ती    सम्राट    ह त् तु सि ली    तृ तीय    के    बीच    हुआ    समझौ ता    सबसे    प्रारंभिक    उदा हर णों    में    से    दो    हैं ,189,70
1578,मृत्यु दण्ड पर जनता की राय देश और अपराध के मद्दे नज़र बहुत अलग अलग होती है,मृत्यु    द ण् ड    पर    जनता    की    राय    देश    और    अपरा ध    के    म द् दे    न ज़र    बहुत    अलग    अलग    होती    है ,58,23
1579,"व्यापक अर्थों में अधिकातीत क्रियाओं के संदर्भ में, समीक्षा करने वाला न्यायालय एक प्रशासनिक निर्णय को पलट सकता है यदि यह अनुचित (कनाडाई कानून के तहत, सर्वोच्च न्यायालय द्वारा डनस्म्यूर बनाम न्यू ब्रुन्सविक में ""स्पष्ट रूप से अनुचित"" मानक की अस्वीकृति के बाद) वेड्नेसबरी अनुचित (ब्रिटिश कानून के तहत), मनमाना और स्वेच्छाचारी (अमेरिकी प्रशासनिक प्रक्रिया अधिनियम और न्यूयॉर्क राज्य कानून के तहत) है","व्यापक    अर्थ ों    में    अधिका तीत    क्रिया ओं    के    संदर्भ    में,    समीक्षा    करने    वाला    न्यायालय    एक    प्रशासनिक    निर्णय    को    पल ट    सकता    है    यदि    यह    अनु चित    ( कनाडा ई    कानून    के    त ह त,    सर्वोच्च    न्यायालय    द्वारा    ड न स् म्यू र    बना म    न्यू    ब्र ु न् स विक    में    "" स्पष्ट    रूप    से    अनु चि त ""    मानक    की    अ स्वी कृति    के    बा द )    वे ड् ने सब री    अनु चित    ( ब्रिटिश    कानून    के    त ह त ),    मन माना    और    स् वे च्छ ा चारी    ( अमेरिकी    प्रशासनिक    प्रक्रिया    अधिनियम    और    न्यूयॉर्क    राज्य    कानून    के    त ह त )    है ",333,107
1580,"नामित व्यक्ति को बदलने की पूरी प्रक्रिया के लिए, एकल मालिक और नामित व्यक्ति दो प्रपत्रों, आई","नामित    व्यक्ति    को    बदलने    की    पूरी    प्रक्रिया    के    लिए,    एकल    मालिक    और    नामित    व्यक्ति    दो    प्र पत्र ों,    आई ",76,19
1581,एन,ए न ,2,2
1582,सी,सी ,2,1
1583,-3 और आई,- 3    और    आई ,6,4
1584,एन,ए न ,2,2
1585,सी,सी ,2,1
1586,-4 को कार्यान्वित करेंगे,- 4    को    कार् या न् वित    करे ंगे ,21,9
1587,"दारफुर, सूडान की स्थिति में बांदा मुकदमा 2014 में शुरू होने के लिए निर्धारित था, किंतु प्रारंभ तिथि रद्द कर दी गई थी","द ार फु र,    सू डा न    की    स्थिति    में    बा ंदा    मुकद मा    2014    में    शुरू    होने    के    लिए    निर्धारित    था,    किं तु    प्रार ंभ    ति थि    रद्द    कर    दी    गई    थी ",94,33
1588,"31 अक्टूबर, 2000 को, संकल्प 1261 (1999), 1265 (1999), 1296 (2000), और 1314 (2000) को वापस लेते हुए, संयुक्त राष्ट्र सुरक्षा परिषद ने महिलाओं, शांति, और सुरक्षा पर संकल्प 1325 (एस/आर","31    अक्टू बर,    2000    को,    सं क ल्प    12 6 1    ( 199 9 ),    12 65    ( 199 9 ),    12 9 6    ( 200 0 ),    और    13 14    ( 200 0 )    को    वापस    लेते    हुए,    संयुक्त    राष्ट्र    सुरक्षा    परिषद    ने    महिला ओं,    शा ं ति,    और    सुरक्षा    पर    सं क ल्प    13 25    ( एस / आ र ",151,62
1589,ई,ई ,1,1
1590,एस,ए स ,2,2
1591,/1325) को सर्वसम्मति से अंगीकृत किया,/ 13 25 )    को    सर्व सम् मति    से    अंग ी कृत    किया ,31,13
1592,"सीमा विवाद मामले में, विवाद में शामिल दोनों पक्षों, बुर्किना फासो और माली, ने अदालत में अंतरिम उपायों के लिए आवेदन जमा किया","सीमा    विवाद    मामले    में,    विवाद    में    शामिल    दोनों    पक्ष ों,    बु र् कि ना    फा सो    और    मा ली,    ने    अदालत    में    अंत रि म    उपा यों    के    लिए    आवे दन    जमा    किया ",101,33
1593,150 साल पुराने भारतीय दंड संहिता (आई,15 0    साल    पुराने    भारतीय    द ंड    सं हि ता    ( आई ,30,12
1594,पी,पी ,2,1
1595,सी,सी ,2,1
1596,") की अस्पष्ट धारा 377 की व्याख्या के अनुसार ब्रिटिश औपनिवेशिक सरकार द्वारा पारित एक कानून के तहत समलैंगिकता को तब तक एक अपराध के रूप में देखा जाता रहा, जब तक कि 2 जुलाई 2009 को दिल्ली उच्च न्यायालय ने सहमति से वयस्कों के बीच निजी यौन कृत्यों को अपराध की श्रेणी से बाहर नहीं कर दिया",")    की    अ स्पष्ट    धारा    3 7 7    की    व्या ख ्या    के    अनुसार    ब्रिटिश    औप निवे शिक    सरकार    द्वारा    पार ित    एक    कानून    के    तहत    सम लैंग ि कता    को    तब    तक    एक    अपरा ध    के    रूप    में    देखा    जाता    र हा ,    जब    तक    कि    2    जुलाई    2009    को    दिल्ली    उच्च    न्यायालय    ने    सहम ति    से    वय स् कों    के    बीच    निजी    यौन    कृ त्य ों    को    अपरा ध    की    श्रेणी    से    बाहर    नहीं    कर    दिया ",224,78
1597,"ग्राम न्यायालय, जैसी कि लोक अदालत (लोगों की अदालत) या न्याय पंचायत (गांव का न्याय) वैकल्पिक विवाद समाधान प्रदान करते हैं","ग्राम    न्याया ल य,    जैसी    कि    लोक    अदालत    ( लोगों    की    अदा ल त )    या    न्या य    पंचा यत    ( गांव    का    न्या य )    वै कल्प िक    विवाद    समा धान    प्रदान    करते    हैं ",100,35
1598,द्वितीय भाग (अनुच्छेद 17-24) सम्मेलन के प्रतिवेदन और निगरानी तथा पार्टियों द्वारा इसे लागू करने के लिए उठाए गए कदमों को नियंत्रित करता है,द्वितीय    भाग    ( अनु च्छ ेद    17 - 2 4 )    सम्मेलन    के    प्रति वे दन    और    निग रानी    तथा    पार् टियों    द्वारा    इसे    लागू    करने    के    लिए    उठा ए    गए    कद मों    को    नियंत्रित    करता    है ,114,37
1599,"यूनानी को हैदराबाद क्षेत्र में मुसलमानों द्वारा बहुत पसंद किया गया था, जबकि होम्योपैथी बंगाल और ओडिशा में बहुत लोकप्रिय हुई","यूनानी    को    हैदराबाद    क्षेत्र    में    मुसलमानों    द्वारा    बहुत    पसंद    किया    गया    था,    जबकि    हो म ्यो पै थी    बंगाल    और    ओडिशा    में    बहुत    लोकप्रिय    हुई ",103,25
1600,"अलास्का में एंकरेज, फेयरबैंक्स और हैन्स में विरोध-प्रदर्शन देखे गए","अला स् का    में    एं करे ज,    फे यर बैं क्स    और    है न्स    में    वि रो ध - प्रदर्शन    देख े    गए ",57,23
1601,बाकी बैंकों ने ऑनलाइन बैंकिंग पर जोर दिया है और स्टोर खुले रखने के घंटे कम कर दिए हैं,बाकी    बैं कों    ने    ऑनलाइन    बैं किंग    पर    जोर    दिया    है    और    स्टोर    खु ले    रखने    के    घंटे    कम    कर    दिए    हैं ,67,22
1602,"ईरान में इंटरनेट नियंत्रण के कारण, ईरानी सरकार और इस्लामिक रिवोल्यूशनरी गार्ड सिपाह ने हमेशा ईरानी लोगों द्वारा फेसबुक, ट्विटर और ऐसे अन्य लोकप्रिय सामाजिक नेटवर्कों में शामिल होने का विरोध किया है","ईरान    में    इंटरनेट    नियंत्रण    के    कारण,    ई रानी    सरकार    और    इस्ला मिक    रि वो ल्यू श न री    गा र्ड    सि पा ह    ने    हमेशा    ई रानी    लोगों    द्वारा    फे सब ु क,    ट् वि टर    और    ऐसे    अन्य    लोकप्रिय    सामाजिक    नेटवर् कों    में    शामिल    होने    का    विरोध    किया    है ",165,50
1603,"अतः ईरान में लोकप्रिय सोशल मीडिया साइटों को वहाँ के लोगों द्वारा अवरुद्ध कर दिया गया है, और ईरानी विरोध के परिणामस्वरूप, ईरान में इंटरनेट सेंसरशिप बढ़ गई है","अ तः    ईरान    में    लोकप्रिय    सो शल    मीडिया    साइटों    को    वहाँ    के    लोगों    द्वारा    अव रुद्ध    कर    दिया    गया    है,    और    ई रानी    विरोध    के    परिणाम स्व रू प,    ईरान    में    इंटरनेट    सें सर शिप    बढ़    गई    है ",128,38
1604,साक्षरता दर 1991 में 39 प्रतिशत से बढ़कर 2001 में 47 प्रतिशत और फिर 2011 में 63,साक्ष रता    दर    1991    में    3 9    प्रतिशत    से    बढ़ कर    2001    में    4 7    प्रतिशत    और    फिर    2011    में    6 3 ,63,22
1605,8 प्रतिशत हो गई है,8    प्रतिशत    हो    गई    है ,14,5
1606,सी,सी ,2,1
1607,पी,पी ,2,1
1608,एन,ए न ,2,2
1609,(यू,( य ू ,3,3
1610,एम,ए म ,2,2
1611,एल,ए ल ,2,2
1612,") ने भी झापा 5, रूपन्देही 1, और बाँके 2, में राष्ट्रीय प्रजातंत्र पार्टी के उम्मीदवारों का समर्थन करने का फैसला किया और मकवानपुर 1 में अपने चुनाव चिह्न के तहत राष्ट्रीय प्रजातंत्र पार्टी नेपाल के अध्यक्ष कमल थापा को मैदान में उतारने का निश्चय किया",")    ने    भी    झा पा    5 ,    रू प न् दे ही    1 ,    और    बाँ के    2 ,    में    राष्ट्रीय    प्रजा तंत्र    पार्टी    के    उम्मीद व ारों    का    समर्थन    करने    का    फैसला    किया    और    म क वा न पुर    1    में    अपने    चुनाव    चिह् न    के    तहत    राष्ट्रीय    प्रजा तंत्र    पार्टी    ने पाल    के    अध्यक्ष    कम ल    था पा    को    मैदान    में    उ तार ने    का    निश् च य    किया ",202,71
1613,पूर्व और उत्तर खार्तूम में प्रदर्शनकारी शुक्रवार की नमाज के बाद शुरू हुए प्रदर्शनों में शामिल हुए,पूर्व    और    उत्तर    खा र् तू म    में    प्रदर्श न कारी    शु क्र वार    की    न मा ज    के    बाद    शुरू    हुए    प्रदर्श नों    में    शामिल    हुए ,81,27
1614,"जर्मन राष्ट्रीय रेलवे कंपनी, डॉइचे बान, ने यूक्रेनी पासपोर्ट या पहचान पत्र लिए शरणार्थियों को निःशुल्क पोलैंड से जर्मनी तक लंबी दूरी की ट्रेनों में यात्रा करने दी","जर्मन    राष्ट्रीय    रेलवे    कंप नी,    डॉ इ चे    बा न,    ने    यू क्रे नी    पा स पोर्ट    या    पहचान    पत्र    लिए    शर णा र्थ ियों    को    नि ः शुल्क    पो लैंड    से    जर्मनी    तक    लंबी    दूरी    की    ट्रे नों    में    यात्रा    करने    दी ",135,43
1615,"2007 में, थियोडोर पैप्पस को कार्यकारी संपादक और अनीता वोल्फ को उप-संपादक के रूप में नामित किया गया था","2007    में,    थ ियो डो र    पै प्प स    को    कार्य कारी    संपा दक    और    अन ी ता    वो ल् फ    को    उप- संपा दक    के    रूप    में    नामित    किया    गया    था ",83,32
1616,"वाशिंगटन पोस्ट ने विफलताओं पर एक मुख्य-पृष्ठीय लेख ऐसी टिप्पणी करते हुए प्रकाशित किया, ""बहु-प्रशंसित हेलीकॉप्टर 21 वीं सदी में प्रवेश करते ही सेना के साथ सब कुछ गलत होने के प्रतीक बन गए: शीघ्रता से आगे बढ़ने में असमर्थता, परिवर्तन के लिए इसका प्रतिरोध, हताहतों के साथ इसका जुनून और शीत युद्ध के बाद का पहचान संकट","वा शि ंगटन    पोस्ट    ने    वि फ ल ताओं    पर    एक    मुख्य - पृष्ठ ीय    लेख    ऐसी    टिप्प णी    करते    हुए    प्रकाशित    किया,    "" बहु - प्रशं सित    हे ली कॉ प् टर    21    वीं    सदी    में    प्रवेश    करते    ही    सेना    के    साथ    सब    कुछ    गलत    होने    के    प्रतीक    बन    ग ए :    शी घ ्र ता    से    आगे    बढ़ने    में    अ समर्थ ता,    परिवर्तन    के    लिए    इसका    प्रति रो ध ,    ह ता ह तों    के    साथ    इसका    जु नू न    और    शी त    युद्ध    के    बाद    का    पहचान    सं कट ",255,92
1617,"""",""" ",1,1
1618,"2007 में, मार्सिया एंजेल, न्यू इंग्लैंड जर्नल ऑफ़ मेडिसिन की पूर्व प्रधान संपादक और हार्वर्ड मेडिकल स्कूल में सामाजिक चिकित्सा में व्याख्याता, ने जर्मन भाषा की साप्ताहिक समाचार पत्रिका स्टर्न में यह कहते हुए कि एस्ट्राजेनेका के वैज्ञानिकों ने दवा की प्रभावकारिता पर अपनी शोध को गलत तरीके से प्रस्तुत किया था, दावा किया कि ""[प्रत्येक दवा की] संभावित रूप से तुलनीय खुराक का उपयोग करने के बजाय, कंपनी के वैज्ञानिकों ने उच्च मात्रा में नेक्सियम का उपयोग किया","2007    में,    मार् सिया    एं जे ल,    न्यू    इंग्लैंड    जर् नल    ऑ फ़    मे डि सिन    की    पूर्व    प्रधान    संपा दक    और    हार् वर्ड    मे डि कल    स्कूल    में    सामाजिक    चिकित्सा    में    व्या ख्या ता,    ने    जर्मन    भाषा    की    सा प् ता हिक    समाचार    पत्रि का    स्ट र्न    में    यह    कहते    हुए    कि    ए स्ट ्रा जे ने का    के    वैज्ञा निकों    ने    दवा    की    प्रभाव कार ि ता    पर    अपनी    शोध    को    गलत    तरीके    से    प्रस्तुत    किया    था,    दावा    किया    कि    "" [ प्रत्येक    दवा    की ]   संभावित    रूप    से    तुल नीय    खु रा क    का    उपयोग    करने    के    बजा य,    कंपनी    के    वैज्ञा निकों    ने    उच्च    मात्रा    में    ने क्स ियम    का    उपयोग    किया ",376,116
1619,"""",""" ",1,1
1620,"मलेशिया में, मलेशिया प्रीमियर लीग क्लब सेलांगोर एफ","मले शिया    में,    मले शिया    प्रीमियर    लीग    क्लब    से ला ंग ोर    ए फ ",43,14
1621,सी,सी ,2,1
1622,II के द्वितीय डिवीज़न के लिए खेलने वाले हेन हटेट आंग ने मार्च के शुरू में पी,I I   के    द्वितीय    डि वी ज़न    के    लिए    खेलने    वाले    हे न    ह टे ट    आ ंग    ने    मार्च    के    शुरू    में    पी ,60,24
1623,डी,डी ,2,1
1624,आर,आ र ,2,2
1625,एम,ए म ,2,2
1626,एफ,ए फ ,2,2
1627,सी,सी ,2,1
1628,के खिलाफ एक खेल में तीन-उंगली का सलाम ठोका,के    खिलाफ    एक    खेल    में    ती न- उ ंग ली    का    सला म    ठ ो का ,34,16
1629,कैस्टिलो की सरकार के खिलाफ 28 मार्च 2022 को एक बड़े पैमाने पर विरोध शुरू हो गया,कै स्टि लो    की    सरकार    के    खिलाफ    28    मार्च    2022    को    एक    बड़े    पैमाने    पर    विरोध    शुरू    हो    गया ,63,19
1630,"12 नवम्बर 2017 में, दिल्ली में बाराखम्भा रोड से जंतर मंतर तक दसवीं क्वीयर प्राइड परेड आयोजित की गई","12    नव म् बर    2017    में,    दिल्ली    में    ब ारा ख म् भा    रोड    से    जं तर    मं तर    तक    द स वीं    क्वी यर    प्रा इड    परे ड    आयोजित    की    गई ",80,32
1631,14 फरवरी को यू,14    फरवरी    को    य ू ,11,5
1632,एन,ए न ,2,2
1633,"महासचिव एन्टोनियो गटेर्रेस ने म्यानमार की स्थिति पर गहरी चिंता ज़ाहिर करते हुए ""बल के बढ़ते प्रयोग और महत्वपूर्ण शहरों में अतिरिक्त सैन्य शस्त्रों से लैस वाहनों की तैनाती"" पर जोर देते हुए वक्तव्य जारी किया","महा सचिव    ए न् टो निय ो    ग टे र ्रे स    ने    म ्या न मार    की    स्थिति    पर    ग हरी    चिंता    ज़ा हि र    करते    हुए    "" बल    के    बढ़ते    प्रयोग    और    महत्वपूर्ण    शहरों    में    अतिरिक्त    सैन्य    श स् त्रों    से    लै स    वाह नों    की    तै ना ती ""    पर    जोर    देते    हुए    व क्त व्य    जारी    किया ",170,61
1634,"उन्होंने पत्थर, बोतलें और लकड़ी के टुकड़े पोलिश सीमा रक्षकों पर फेंकना शुरू किया और अस्थाई रूप से बंद किए गए नाके पर सीमा पार करने के लिए ब्रूज़्गी-कुनिका सीमा बाड़े को तोड़ कर बाहर आने की कोशिश की","उन्होंने    पत्थ र,    बो त लें    और    लकड़ी    के    टुक ड़े    पो लि श    सीमा    रक्ष कों    पर    फे ंक ना    शुरू    किया    और    अ स्था ई    रूप    से    बंद    किए    गए    ना के    पर    सीमा    पार    करने    के    लिए    ब्र ू ज़् गी - कु नि का    सीमा    बा ड़े    को    तोड़    कर    बाहर    आने    की    कोशिश    की ",159,59
1635,"राष्ट्रपति और संसद के सभी 225 सदस्यों सहित पूरी सरकार के इस्तीफे की माँग के विरोध के बावजूद, गोटाबाया ने 18 अप्रैल, 2022 को 17 सदस्यीय नए मंत्रिमंडल की नियुक्ति की","राष्ट्रपति    और    संसद    के    सभी    2 25    सदस्यों    सहित    पूरी    सरकार    के    इस्त ी फ े    की    माँ ग    के    विरोध    के    बावजूद,    गो टा बा या    ने    18    अप्रै ल,    2022    को    17    सदस् य ीय    नए    मं त्रि मंडल    की    नियु क्ति    की ",133,45
1636,"पॉपुलर फोर्स, ऐप्रा, ब्रॉड फ्रंट और पॉपुलर एक्शन की बेंचों के वोट पक्ष में थे","पॉ पु लर    फोर् स,    ऐ प्रा ,    ब्र ॉ ड    फ्र ंट    और    पॉ पु लर    ए क्शन    की    बे ं चों    के    वो ट    पक्ष    में    थे ",63,29
1637,25 फरवरी 1986 को सुरक्षा पुलिस ने उन रिपोर्टों के जवाब में दंगे शुरू कर दिए कि उनकी सेवा की अवधि तीन से बढ़ा कर चार साल कर दी जाएगी,25    फरवरी    198 6    को    सुरक्षा    पुलिस    ने    उन    रि पोर् टों    के    जवाब    में    द ंगे    शुरू    कर    दिए    कि    उनकी    सेवा    की    अवधि    तीन    से    बढ़ा    कर    चार    साल    कर    दी    जाए गी ,102,35
1638,दो दिन बाद विकास मंत्री मरियम कितीर ने घोषणा की कि यूक्रेन को मानवीय राहत के रूप में अतिरिक्त तीस लाख यूरो मिलेंगे,दो    दिन    बाद    विकास    मंत्री    म रिय म    कि ती र    ने    घोषणा    की    कि    यू क्रे न    को    मान व ीय    रा हत    के    रूप    में    अतिरिक्त    ती स    लाख    यू रो    मिले ंगे ,92,35
1639,"सरकारी मीडिया और मानवाधिकार संगठनों ने 7 मार्च को सार्वजनिक अस्पतालों, विश्वविद्यालयों और मंदिर परिसरों पर सुरक्षा बलों के कब्जे की सूचना दी","सरकारी    मीडिया    और    मान वा धि कार    संगठ नों    ने    7    मार्च    को    सार्वजनिक    अस्प ता लो ं,    विश्व विद्यालयों    और    मंदिर    परि स रों    पर    सुरक्षा    ब लों    के    कब् जे    की    सूचना    दी ",118,35
1640,26 अप्रैल को एक फ्रेंच नागरिक को दो मिनट लंबे वीडियो में तीन भाषाओं में संगरोध कर्मियों से आत्महत्या करने में मदद माँगते हुए देखा गया,26    अप्रैल    को    एक    फ्रे ंच    नागरिक    को    दो    मिनट    लंबे    वीडियो    में    तीन    भाषाओं    में    संग रोध    कर्म ियों    से    आत् मह त्या    करने    में    मदद    माँ ग ते    हुए    देखा    गया ,108,33
1641,सुरक्षाकर्मियों ने 29 मई को खार्तूम के अल-कालकला के पास के इलाके में हो रहे एक विरोध प्रदर्शन को तितर-बितर करने के लिए आंसू गैस और गोलियों का इस्तेमाल किया,सु रक्ष ा कर्म ियों    ने    29    मई    को    खा र् तू म    के    अल - का ल कला    के    पास    के    इला के    में    हो    रहे    एक    विरोध    प्रदर्शन    को    ति तर - बि तर    करने    के    लिए    आ ंस ू    गैस    और    गो लियों    का    इस्तेमाल    किया ,126,49
1642,"14 मई को बैन्स ऑफ़ अवर बॉडीज कार्यक्रम के लिए लगभग एक हजार विरोधकर्ता पिट्सबर्ग सिटी-काउंटी बिल्डिंग के बाहर एकत्र हुए, और लगभग 150 लोग बेथलहम में जुटे","14    मई    को    बै न्स    ऑ फ़    अव र    बॉ डी ज    कार्यक्रम    के    लिए    लगभग    एक    ह जार    वि रो ध कर्ता    पि ट् सबर्ग    सि टी - काउंटी    बिल् डिंग    के    बाहर    एकत्र    हुए,    और    लगभग    15 0    लोग    बे थ ल हम    में    जु टे ",124,48
1643,"यांगून के ह्लाइंग थार यार टाउनशिप में गलती से कई बमों के फटने के बाद, तत्माडॉ सैनिकों ने 12 कथित प्रतिरोध सेनानियों को हिरासत में लिया, जिनमें से तीन लड़ाके घायल हो गए","या ंग ू न    के    ह् लाइ ंग    था र    यार    टा उन शिप    में    गलती    से    कई    ब मों    के    फ टने    के    बाद,    तत् मा डॉ   सैनिकों    ने    12    कथित    प्रति रोध    सेना नियों    को    हि रा सत    में    ल िया,    जिनमें    से    तीन    लड़ ा के    घायल    हो    गए ",135,52
1644,"2021 रग्बी विश्व कप, महिला रग्बी विश्व कप का नौवाँ संस्करण, 18 सितंबर से 18 अक्टूबर 2021 की अपने मूल रूप से निर्धारित कार्यक्रम से मुल्तवी कर के 8 अक्टूबर से 12 नवंबर 2022 के बीच न्यूजीलैंड में आयोजित किया गया","2021    र ग् बी    विश्व    कप ,    महिला    र ग् बी    विश्व    कप    का    नौ वाँ    संस् कर ण,    18    सितंबर    से    18    अक्टूबर    2021    की    अपने    मूल    रूप    से    निर्धारित    कार्यक्रम    से    मु ल् त वी    कर    के    8    अक्टूबर    से    12    नवंबर    2022    के    बीच    न्यू जी लैंड    में    आयोजित    किया    गया ",169,54
1645,"अन्य चैनलों में युवा चैनल बीबीसी थ्री, जिसने मूल रूप से फरवरी 2016 में रेखीय टेलीविजन चैनल के रूप में प्रसारण बंद कर दिया और फरवरी 2022 में प्रोग्रामिंग में वापसी की, सांस्कृतिक और वृत्तचित्र चैनल बी","अन्य    चै न लों    में    युवा    चैनल    बी बी सी    थ्र ी,    जिसने    मूल    रूप    से    फरवरी    2016    में    रे ख ीय    टेलीविजन    चैनल    के    रूप    में    प्रसार ण    बंद    कर    दिया    और    फरवरी    2022    में    प्रोग्रा मिंग    में    वापसी    की,    सांस्कृतिक    और    वृत् त चित्र    चैनल    बी ",163,48
1646,बी,बी ,2,1
1647,सी,सी ,2,1
1648,"फोर, समाचार चैनल बी","फो र,    समाचार    चैनल    बी ",16,5
1649,बी,बी ,2,1
1650,सी,सी ,2,1
1651,"न्यूज़ और बीबीसी वर्ल्ड न्यूज़, संसदीय चैनल बीबीसी पार्लियामेंट, और दो बच्चों की चैनलें शामिल हैं","न्यू ज़    और    बी बी सी    वर् ल्ड    न्यू ज़ ,    सं सद ीय    चैनल    बी बी सी    पार् ल िया मे ंट ,    और    दो    बच्चों    की    चै न लें    शामिल    हैं ",82,33
1652,"सोशल मीडिया पर रूसी उत्पादों का बहिष्कार करने के लिए व्यापक आह्वान किए गए, और अनधिकृत ढंग से कंप्यूटर संचित सूचना चुराने वाले व्यक्तियों ने रूसी वेबसाइटों को निशाना बनाया, खास तौर पर उन्हें जो रूसी सरकार द्वारा संचालित हैं","सो शल    मीडिया    पर    रूसी    उत्पादों    का    ब हि ष् कार    करने    के    लिए    व्यापक    आ ह् वान    किए    गए,    और    अन धि कृत    ढ ंग    से    कंप्यूटर    सं चित    सूचना    चु रा ने    वाले    व्यक्तियों    ने    रूसी    वेब साइटों    को    निशा ना    बना या,    खास    तौर    पर    उन्हें    जो    रूसी    सरकार    द्वारा    संचालित    हैं ",183,55
1653,उन्होंने मुंबई के दादर रेलवे स्टेशन पर फूल बेचना शुरू किया और अंत में वे शहर में दो फूल की दुकानों के मालिक बन गए,उन्होंने    मुंबई    के    दा दर    रेलवे    स्टेशन    पर    फू ल    बे चना    शुरू    किया    और    अंत    में    वे    शहर    में    दो    फू ल    की    दुकानों    के    मालिक    बन    गए ,89,29
1654,"जिहादी, मुजाहिदीन और फिदायीन एक समान अरबी शब्द हैं जो अंग्रेजी शब्दकोश में आ कर चुके हैं","जि हा दी,    मु जा हि दीन    और    फि दा य ीन    एक    समान    अर बी    शब्द    हैं    जो    अंग्रेजी    शब् द को श    में    आ    कर    चुके    हैं ",72,29
1655,"लोकतंत्र की तमन्ना रखने वाले और सर्वोच्च नेता, अली ख़ामेनेई, के शासन की खिलाफत करने वाले ईरानियों को दीर्घावधि कारावास दंड या मृत्युदंड देने का दोनों न्यायाधीशों का लंबा रिकॉर्ड है","लोक तंत्र    की    त म न्ना    रखने    वाले    और    सर्वोच्च    ने ता,    अली    ख़ ा मे ने ई,    के    शासन    की    खिला फ त    करने    वाले    ई रा नियों    को    दीर् घा व धि    कार ा वास    द ंड    या    मृत्य ु द ंड    देने    का    दोनों    न्याया धी श ों    का    लंबा    रिकॉर्ड    है ",150,55
1656,"प्रथम और उसके बाद होने वाले प्रत्येक मन्वंतर से पहले आती है मन्वंतर-संध्या (जोड़ने वाला अंतराल), जिसमें से प्रत्येक की अवधि कृत-युग (सत-युग) के बराबर होती है","प्रथम    और    उसके    बाद    होने    वाले    प्रत्येक    म न् वं तर    से    पहले    आती    है    म न् वं तर - सं ध्य ा    ( जो ड़ने    वाला    अंत रा ल ),    जिसमें    से    प्रत्येक    की    अवधि    कृ त- युग    ( सत - यु ग )    के    बराबर    होती    है ",131,49
1657,"क्रोनस ने अपने पिता का साथ विश्वासघात किया था, इसलिए उसे डर था कि उसके अपने बच्चे भी उसके साथ ऐसा ही करेंगे, और इसलिए हर बार जब रिया बच्चे को जन्म देती थी, वह बच्चे को छीन कर खा जाता था","क्रो नस    ने    अपने    पिता    का    साथ    विश् वा स घात    किया    था,    इसलिए    उसे    डर    था    कि    उसके    अपने    बच्चे    भी    उसके    साथ    ऐसा    ही    करे ंगे,    और    इसलिए    हर    बार    जब    रिया    बच्चे    को    जन्म    देती    थी,    वह    बच्चे    को    छ ीन    कर    खा    जाता    था ",144,48
1658,"फ्रीडेम हार्डी के अनुसार, आरंभिक ""दक्षिणी कृष्णवाद,"" के सबूत मिले हैं हालांकि कृष्णवाद परंपराओं को उत्तरी परंपराओं से जोड़े जाने का अधिक झुकाव रहा है","फ्री डे म    हार् डी    के    अनुसार,    आर ंभिक    "" दक्षिणी    कृ ष्ण वा द , ""    के    सब ू त    मिले    हैं    हालांकि    कृ ष्ण वाद    परंपराओं    को    उत्तरी    परंपराओं    से    जो ड़े    जाने    का    अधिक    झु का व    रहा    है ",125,42
1659,पुनर्मूल्यांकन के माध्यम से बुद्ध के जीवन की कहानियों को दर्शाने के बौद्ध रिवाज में बुद्ध की प्रतिमा के प्रतिष्ठापन का रिवाज शामिल है,पुनर् मूल्यांकन    के    माध्यम    से    बु द्ध    के    जीवन    की    कहा नियों    को    दर्शा ने    के    बौद्ध    रि वा ज    में    बु द्ध    की    प्रति मा    के    प्रति ष्ठा पन    का    रि वा ज    शामिल    है ,110,36
1660,बौद्ध धर्म में ब्रह्म प्रमुख भगवान (देव) और स्वर्ग के राजा हैं,बौद्ध    धर्म    में    ब्र ह् म    प्रमुख    भगवान    ( देव )    और    स् वर्ग    के    राजा    हैं ,51,17
1661,कर्नाटक के पत्तदकल में स्थित 7वीं और 8वीं शताब्दी के मंदिर मिश्रित शैलियों के लिए जाने जाते हैं जिन्हें बाद में उत्तर और दक्षिणी शैलियों का मिश्रण माना गया जैसा कि ऐहोल में भी है जिसमें अभी भी गजपृष्‍ठाकार कक्ष जैसी व्यवस्था नजर आती है,कर्नाटक    के    पत् त द कल    में    स्थित    7 वीं    और    8 वीं    शताब्दी    के    मंदिर    मिश्रित    शैलियों    के    लिए    जाने    जाते    हैं    जिन्हें    बाद    में    उत्तर    और    दक्षिणी    शैलियों    का    मिश्र ण    माना    गया    जैसा    कि    ऐ हो ल    में    भी    है    जिसमें    अभी    भी    ग ज पृ ष् ‍ ठा कार    कक्ष    जैसी    व्यवस्था    न जर    आती    है ,191,60
1662,"हालांकि, धर्मान्तरित गैर-अरबी मुसलमानों के बीच अरब लोगों का ऊँचा दर्जा तथा गैर-अरबी मुसलमानों पर भारी कर देने की बाध्यता नाराज़गी के कारण बने","हालांकि,    धर् मा न् तर ित    गैर- अर बी    मुसलमानों    के    बीच    अरब    लोगों    का    ऊँ चा    दर् जा    तथा    गैर- अर बी    मुसलमानों    पर    भारी    कर    देने    की    बा ध्य ता    नारा ज़ गी    के    कारण    बने ",118,38
1663,"लोपेज़ का दावा है कि वे भी बौद्ध शब्द का प्रयोग करते थे, हालांकि विद्वान रिचर्ड कोहेन दावा करते हैं कि इस शब्द का प्रयोग केवल बाहर के लोग बौद्ध-धर्मियों का वर्णन करने के लिए करते थे","लो पे ज़    का    दावा    है    कि    वे    भी    बौद्ध    शब्द    का    प्रयोग    करते    थे,    हालांकि    विद् वान    रि च र्ड    को हे न    दावा    करते    हैं    कि    इस    शब्द    का    प्रयोग    केवल    बाहर    के    लोग    बौ द्ध - धर् मियों    का    वर्णन    करने    के    लिए    करते    थे ",145,48
1664,"उनके भारत, पाकिस्तान और यू","उनके    भार त,    पाकिस्तान    और    य ू ",22,7
1665,एस,ए स ,2,2
1666,ए,ए ,1,1
1667,"में हजारों अनुयायी थे, और समग्र भारत में उनके कई खलीफा भी थे","में    हजारों    अनु या यी    थे,    और    सम ग्र    भारत    में    उनके    कई    ख ली फा    भी    थे ",48,18
1668,"वे दिखाते हैं कि भगवान के अस्तित्व को सिद्ध करने के लिए दिए जाने वाले तर्क, जैसे कि प्रकृति के चमत्कार या ब्रह्मांड की स्पष्ट नियमितता, सभी को चुनौती दी जा सकती है (कुछ विशेष रूप से घृणास्पद कीड़ों के अस्तित्व में क्या आश्चर्य है, और इस अवलोकन में क्या नियमितता है कि सभी ग्रह लगभग एक ही समक्षेत्र में घूमते हैं, एक ही समक्षेत्र असाधारण हो सकता था, लेकिन ""लगभग एक ही समक्षेत्र "" बहुत कम विश्वसनीय है)","वे    दिखा ते    हैं    कि    भगवान    के    अस्तित्व    को    सिद्ध    करने    के    लिए    दिए    जाने    वाले    त र् क,    जैसे    कि    प्र कृति    के    चम त्कार    या    ब्र ह् मा ंड    की    स्पष्ट    निय मि त ता,    सभी    को    चुनौ ती    दी    जा    सकती    है    ( कुछ    विशेष    रूप    से    घ ृ णा स्प द    की ड़ों    के    अस्तित्व    में    क्या    आश् च र्य    है,    और    इस    अव लोक न    में    क्या    निय मि त ता    है    कि    सभी    ग्रह    लगभग    एक    ही    सम क्षेत्र    में    घू म ते    हैं,    एक    ही    सम क्षेत्र    अ साधारण    हो    सकता    था,    लेकिन    "" लगभग    एक    ही    सम क्षेत्र    ""    बहुत    कम    विश्व स नीय    है ) ",322,114
1669,यम ((दक्षिण क्षेत्रों में रहने वाले अच्छे मृत्यु के देवता ) को मात देने के लिए उत्तरी क्षेत्र उनके रूप में मानो प्रतिद्वंद्विता में दृढ़संकल्प हो कर एक अन्य मृत्यु के देवता को सामने ले आया,यम    ( ( दक्षिण    क्षेत्रों    में    रहने    वाले    अच्छे    मृत्यु    के    देवता    )    को    मा त    देने    के    लिए    उत्तरी    क्षेत्र    उनके    रूप    में    मान ो    प्रतिद्वं द्वि ता    में    दृ ढ़ सं क ल्प    हो    कर    एक    अन्य    मृत्यु    के    देवता    को    सामने    ले    आया ,153,46
1670,"प्रसिद्ध वैदिक विद्वान और शिक्षक (आचार्य) आदि शंकराचार्य ने तब एक विरोधाभास उत्पन्न किया, जिसे अन्य आध्यात्मिक विषयों और परंपराओं में भी स्वीकार किया गया, जब उन्होंने जोर देकर कहा कि क्योंकि ब्रह्म हमेशा मौजूद है, ब्रह्म-ज्ञान तत्काल है और इसके लिए किसी ""क्रिया"", अर्थात, मेहनत और प्रयास, की आवश्यकता नहीं है; महावाक्यों के बारे में सोचने और यौगिक समाधि को ज्ञान के मार्ग के रूप में स्वीकार करने सहित अद्वैत परंपरा भी विस्तृत प्रारंभिक अभ्यास की अनुशंसा करती है","प्रसिद्ध    वैदिक    विद् वान    और    शिक्षक    ( आ चार् य )    आदि    श ंक रा चा र्य    ने    तब    एक    वि रो धा भा स    उत्पन्न    किया,    जिसे    अन्य    आध्यात्मिक    विष यों    और    परंपराओं    में    भी    स्वीकार    किया    गया,    जब    उन्होंने    जोर    दे कर    कहा    कि    क्योंकि    ब्र ह् म    हमेशा    मौजूद    है,    ब्रह्म - ज्ञान    तत् काल    है    और    इसके    लिए    किसी    "" क्रिया "",    अर् था त,    मेह नत    और    प्रया स,    की    आवश्यकता    नहीं    है;    महा वा क्यों    के    बारे    में    सो चने    और    यौ गिक    समा धि    को    ज्ञान    के    मार्ग    के    रूप    में    स्वीकार    करने    सहित    अ द्व ै त    परंपरा    भी    विस्तृत    प्रारंभिक    अभ्यास    की    अनु शं सा    करती    है ",382,116
1671,इस्लाम के आने से बौद्ध धर्म के मठवादी परंपरा को मिलने वाला शाही संरक्षण हट गया और लंबी दूरी के व्यापार में मुसलमानों द्वारा बौद्ध धर्म के पालन करने वालों को विस्थापित कर दिए जाने से संरक्षण के संबंधित स्रोत भी खत्म हो गए,इस्लाम    के    आने    से    बौद्ध    धर्म    के    म ठ वादी    परंपरा    को    मिलने    वाला    शाही    संरक्षण    हट    गया    और    लंबी    दूरी    के    व्यापार    में    मुसलमानों    द्वारा    बौद्ध    धर्म    के    पालन    करने    वालों    को    वि स्थापित    कर    दिए    जाने    से    संरक्षण    के    संबंधित    स्रोत    भी    खत्म    हो    गए ,177,47
1672,"तीसरे चरण में अतिरिक्त विचार पेश किए गए; जैसे कि प्रथाएं, पश्चाताप और ताओवादी मंदिरों में भेंट चढ़ाने को प्रोत्साहित किया जाता था क्योंकि इनसे कार्मिक बोझ कम किया जा सकता था","तीसरे    चरण    में    अतिरिक्त    विचार    पेश    किए    ग ए ;    जैसे    कि    प्र था ए ं,    पश् चा ता प    और    ता ओ वादी    मंदिरों    में    भे ंट    चढ़ा ने    को    प्रोत्साहित    किया    जाता    था    क्योंकि    इन से    कार् मिक    बो झ   कम    किया    जा    सकता    था ",142,47
1673,"अनंत ने कौन्डिन्या को वचन दिया था कि अगर उन्होंने 14-वर्ष का व्रत किया, तो वे अपने सभी पापों से मुक्त हो जाएंगे और उन्हें धन, बच्चे और खुशी प्राप्त होंगे","अन ंत    ने    कौ न् डि न ्या    को    व चन    दिया    था    कि    अगर    उन्होंने    14 - वर्ष    का    व्र त    किया,    तो    वे    अपने    सभी    पा पों    से    मुक्त    हो    जाए ंगे    और    उन्हें    ध न,    बच्चे    और    खुशी    प्राप्त    हो ंगे ",123,44
1674,"कुछ समय के लिए भारतीय बौद्धों में महायान अल्पसंख्यक थे, लेकिन यह संख्या धीरे-धीरे बढ़ती गई, और जब सातवीं शताब्दी में ह्वेन त्सांग भारत पहुंचे, लगभग सभी भिक्षुओं में से आधे महायानवादी हो चुके थे","कुछ    समय    के    लिए    भारतीय    बौ द्ध ों    में    महा यान    अल्प संख ्य क    थे,    लेकिन    यह    संख्या    धीरे-धीरे    बढ़ती    गई,    और    जब    सात वीं    शताब्दी    में    ह् वे न    त्सा ंग    भारत    पहुं चे ,    लगभग    सभी    भि क्ष ुओं    में    से    आधे    महा या न वादी    हो    चुके    थे ",159,52
1675,डच कप्तान जोरिस वैन स्पिलबेर्गेन 1602 में जब तट पर पहुंचे तो कैंडी के राजा ने उनसे मदद की गुहार लगाई,डच    कप्तान    जो रिस    वै न    स्पि ल बे र् गे न    16 0 2    में    जब    तट    पर    पहुं चे    तो    कै ंडी    के    राजा    ने    उनसे    मदद    की    गु हार    लगा ई ,80,34
1676,रिपोर्ट ने चयनित आम टिप्पणियों और संधि निकायों द्वारा की गई देश-विशिष्ट अनुशंसाओं का हवाला दिया एवं अपनी व्यक्तिगत राय को उचित ठहराने के लिए तथाकथित योग्यकर्ता जैसे विवादित और अमान्य सिद्धांतों का प्रचार किया,रिपोर्ट    ने    च य नित    आम    टिप्प ण ियों    और    सं धि    निका यों    द्वारा    की    गई    देश - विशिष्ट    अनु शं सा ओं    का    ह वाला    दिया    एव ं    अपनी    व्यक्तिगत    राय    को    उचित    ठ हरा ने    के    लिए    त था कथित    योग ्य कर्ता    जैसे    विवा दित    और    अ मान ्य    सिद्धा ं तों    का    प्रचार    किया ,174,59
1677,"एक व्यापक उदारवादी लोकतांत्रिक ढांचे के साथ कन्फ्यूशी रीति-रिवाजों और समाजों को जोड़ने वाला यह संश्लेषण पश्चिमी शैली के उदारवाद, जो कि त्सेंग की नज़र में अतिशय व्यक्तिवाद और नैतिक दृष्टि के अभाव से ग्रस्त है, और पारंपरिक कन्फ्यूशीवाद, जो त्सेंग की राय में ऐतिहासिक दृष्टि से सख्त अनुक्रम तथा दृढ़ीकृत अभिजात वर्ग से ग्रस्त है, दोनों ही से अलग है","एक    व्यापक    उद ार वादी    लोक ता ंत्र िक    ढा ं चे    के    साथ    कन् फ ्यू शी    री ति - रि वा जों    और    समा जों    को    जो ड़ने    वाला    यह    सं श् लेषण    पश्चिमी    शैली    के    उद ार वा द,    जो    कि    त् से ंग    की    न ज़र    में    अति शय    व्यक्ति वाद    और    नै तिक    दृष्टि    के    अ भाव    से    ग्रस्त    है,    और    पारंपरिक    कन् फ ्यू शी वा द,    जो    त् से ंग    की    राय    में    ऐतिहासिक    दृष्टि    से    स ख् त    अनु क्रम    तथा    दृ ढ़ ी कृत    अभि जात    वर्ग    से    ग्रस्त    है,    दोनों    ही    से    अलग    है ",285,104
1678,"सिख धर्म मिताहार और खाने में संयम बनाए रखने को प्रोत्साहित करता है, यानी न तो भूखे रहें और न ही अत्यधिक खाएं","सिख    धर्म    मि ता हार    और    खाने    में    सं यम    बनाए    रखने    को    प्रोत्साहित    करता    है,    या नी    न    तो    भू खे    रह ें    और    न    ही    अत्यधिक    खा एं ",86,30
1679,"कुछ भजन शताब्दियों पुराने थे, जो सभी क्षेत्रों में लोकप्रिय थे और समुदायों की परंपराओं के रूप में विरासत में सौंपे गए जबकि कुछ की रचना हाल ही में की गई थी","कुछ    भ जन    शताब् दियों    पुराने    थे,    जो    सभी    क्षेत्रों    में    लोकप्रिय    थे    और    समुदायों    की    परंपराओं    के    रूप    में    विरासत    में    सौ ंप े    गए    जबकि    कुछ    की    रचना    हाल    ही    में    की    गई    थी ",123,36
1680,"और यदि कुछ लोग असंयमी (थे), तो जितना उनसे हो सकता था उन्होंने उतना असंयम त्याग दिया था; तथा भूत और भविष्य के भी विपरीत, अपने पिता और माता और बड़ों के प्रति आज्ञाकारी हो कर, प्रत्येक अवसर पर इसी तरह के व्यवहार के साथ वे ज़्यादा खुश रहते हुए बेहतर जीवन बिताएंगे","और    यदि    कुछ    लोग    अ सं य मी    ( थे ),    तो    जितना    उनसे    हो    सकता    था    उन्होंने    उ तना    अ सं यम    त्या ग    दिया    था ;    तथा    भू त    और    भविष्य    के    भी    विपरीत,    अपने    पिता    और    मा ता    और    ब ड़ों    के    प्रति    आ ज्ञा कारी    हो    कर,    प्रत्येक    अवसर    पर    इसी    तरह    के    व्यवहार    के    साथ    वे    ज़्यादा    खुश    रहते    हुए    बेहतर    जीवन    बिता ए ंगे ",207,70
1681,गुरु ग्रंथ साहिब का आरंभ जपुजी साहिब से होता है जबकि दशम साहिब का आरंभ जाप साहिब से होता है जिसे जापुजी साहिब भी कहते हैं,गुरु    ग्रंथ    साहि ब    का    आर ंभ    ज पु जी    साहि ब    से    होता    है    जबकि    दश म    साहि ब    का    आर ंभ    जा प    साहि ब    से    होता    है    जिसे    जा पु जी    साहि ब    भी    कहते    हैं ,96,39
1682,"कॉन्स्टाना मुफ्ती, जो समुदाय के मुख्य प्रतिनिधि हैं, इमामों में से गुप्त मतदान के द्वारा चुने जाते हैं","कॉन् स्टा ना    मुफ् ती,    जो    समुदाय    के    मुख्य    प्रतिनिधि    हैं,    इ मा मों    में    से    गुप्त    मत दान    के    द्वारा    चुने    जाते    हैं ",85,24
1683,"कुछ जैन विद्वानों ने सर्वोच्च धार्मिक कर्तव्य के रूप में अहिंसा के धार्मिक आधार की व्याख्या की है कि जो “दान करने या अन्य प्राणियों के प्रति दया-भाव रखने की योग्यता से प्रेरित न हो, न ही सभी प्राणियों को बचाने के कर्तव्य से हो”, बल्कि ""निरंतर आत्म-अनुशासन"" के परिणामस्वरूप हो, जो कि आत्मा की शुद्धि है जो स्वयं के आध्यात्मिक विकास की ओर ले जाती है, जो अंततः व्यक्ति के उद्धार और पुनर्जन्म से मुक्ति को प्रभावित करती है","कुछ    जैन    विद् वानों    ने    सर्वोच्च    धार्मिक    कर् त व्य    के    रूप    में    अ हिंसा    के    धार्मिक    आधार    की    व्या ख ्या    की    है    कि    जो    “ दान    करने    या    अन्य    प्रा ण ियों    के    प्रति    द या - भाव    रखने    की    योग ्यता    से    प्रेरित    न    हो,    न    ही    सभी    प्रा ण ियों    को    बचाने    के    कर् त व्य    से    हो ” ,    बल्कि    "" नि रं तर    आत् म- अनु शासन ""    के    परिणामस्वरूप    हो,    जो    कि    आत् मा    की    शु द्धि    है    जो    स्वयं    के    आध्यात्मिक    विकास    की    ओर    ले    जाती    है,    जो    अंततः    व्यक्ति    के    उद् धार    और    पुनर् जन्म    से    मु क्ति    को    प्रभावित    करती    है ",339,111
1684,मुगल साम्राज्य के युग में कई खंडित सिख समूह बन गए,मुगल    साम्राज्य    के    युग    में    कई    खंड ित    सिख    समूह    बन    गए ,39,12
1685,अलाई काल ने प्रारंभिक ममलुक शासन के पुराने राजघराने का तख्ता पलटते देखा,अला ई    काल    ने    प्रारंभिक    म म लु क    शासन    के    पुराने    राज घ रा ने    का    त ख् ता    पल ट ते    देखा ,59,24
1686,अमृतसर में स्वर्ण मंदिर और हजूर साहिब उदाहरण हैं,अ मृ त सर    में    स्वर्ण    मंदिर    और    ह जू र    साहि ब    उदाहरण    हैं ,40,15
1687,"फेनेच कहते हैं, ""भारतीय पौराणिक कथाओं का उल्लेख सिखों के पवित्र धर्मग्रंथ, गुरु ग्रंथ साहिब और द्वितीय धर्मग्रंथ, दशम ग्रंथ में भी किया गया है जो वर्तमान सिखों एवं उनके पूर्वजों के धार्मिक सांकेतिक जगत में नाज़ुक सूक्ष्मता और मूल्य जोड़ता है","फे ने च    कहते    हैं,    "" भारतीय    पौराणिक    कथा ओं    का    उल्लेख    सि खों    के    पवित्र    धर्म ग्रं थ,    गुरु    ग्रंथ    साहि ब    और    द्वितीय    धर्म ग्रं थ,    दश म    ग्रंथ    में    भी    किया    गया    है    जो    वर्तमान    सि खों    एव ं    उनके    पूर् वज ों    के    धार्मिक    सां के तिक    ज गत    में    ना ज़ ुक    सू क्ष् म ता    और    मूल्य    जोड़ ता    है ",200,66
1688,यह आख्यान सृजन संबंधी कथाओं के रूप में काम करते हैं जो बताते हैं कि इस शिक्षण संस्थान की स्थापना कैसे हुई और बुद्ध की सीख को संप्रेषित करने का इसे विशेष अधिकार क्यों है,यह    आ ख ्यान    स ृ जन    संबंधी    कथा ओं    के    रूप    में    काम    करते    हैं    जो    बताते    हैं    कि    इस    शिक्षण    संस्थान    की    स्थापना    कैसे    हुई    और    बु द्ध    की    सी ख    को    सं प्रे षित    करने    का    इसे    विशेष    अधिकार    क्यों    है ,134,44
1689,"मौलिक वर्गीकरण के विपरीत, कई श्रध्देय हिन्दू मूलग्रंथ और विचारधाराएं सामाजिक वर्गीकरण की इस प्रणाली पर सवाल उठाती हैं और इससे सहमत नहीं हैं","मौ लिक    वर्गी करण    के    विपरीत,    कई    श्र ध् दे य    हि न् दू    मू लग ्र ं थ    और    वि चार धारा एं    सामाजिक    वर्गी करण    की    इस    प्रणाली    पर    स वाल    उठा ती    हैं    और    इससे    सहमत    नहीं    हैं ",116,41
1690,1925 में स्थापित फिनलैंड का इस्लामी संगठन सबसे पुराना है,19 25    में    स्थापित    फि न लैंड    का    इस्लामी    संगठन    सबसे    पुराना    है ,47,13
1691,"मौराइडों की एक महिला मारबाउट हुई हैं, सोखना मैगट डायोप, जिन्होंने अपने पिता का पद विरासत में पाया था","मौ राइ डों    की    एक    महिला    मार बा उ ट    हुई    हैं,    सो ख ना    मै ग ट    डा यो प,    जिन्होंने    अपने    पिता    का    पद    विरासत    में    पाया    था ",82,30
1692,"विशिष्ट तौर पर, शुरुआती आधुनिक स्पेन में ज़्यादातर मठवासिनियाँ ऐसे धनी परिवारों से हुआ करती थीं जो कॉन्वेंट के दहेज और वार्षिक शुल्क के रूप में ""रखरखाव भत्ते"" का खर्च वहन कर सकते थे","विशिष्ट    तौर    पर,    शुरुआती    आधुनिक    स्पेन    में    ज़ ्यादातर    म ठ वा सि नियाँ    ऐसे    ध नी    परिवारों    से    हुआ    करती    थीं    जो    कॉन् वे ंट    के    द हे ज    और    वार्षिक    शुल्क    के    रूप    में    "" रख रखा व    भ त् ते ""    का    खर्च    व हन    कर    सकते    थे ",148,51
1693,"इनुइत लोगों की पारंपरिक कहानियाँ, रिवाज और वर्जनाएं अक्सर आर्कटिक के निष्ठुर वातावरण के कारण आने वाले खतरों के खिलाफ एहतियात होते हैं","इ नु इ त    लोगों    की    पारंपरिक    कहा निया ँ,    रि वा ज    और    वर् ज ना एं    अक्सर    आर् क टिक    के    निष् ठ ु र    वा ता वरण    के    कारण    आने    वाले    खतर ों    के    खिलाफ    ए ह त िया त    होते    हैं ",111,45
1694,"कपितायन में, वलीसोंगों ने ""संगर"" नाम का उपयोग पूजा या प्रार्थना के स्थानों के लिए भी किया है जो, हिंदू धर्म या बौद्ध धर्म में अर्का या मूर्तियों के विपरीत, कपितायन में सांग ह्यांग ताया के प्रतीक के रूप में इसकी दीवार में एक खाली सुराख के साथ एक चार-वर्गी भवन का प्रतिनिधित्व करता है","क पि ता यन    में,    व ली सो ंगों    ने    "" संग र ""    नाम    का    उपयोग    पूजा    या    प्रार्थना    के    स्थानों    के    लिए    भी    किया    है    जो ,    हिंदू    धर्म    या    बौद्ध    धर्म    में    अर् का    या    मूर् तियों    के    विपरीत,    क पि ता यन    में    सा ंग    ह ्या ंग    ता या    के    प्रतीक    के    रूप    में    इसकी    दी वार    में    एक    खाली    सु रा ख    के    साथ    एक    चार - वर् गी    भ वन    का    प्रतिनिधित्व    करता    है ",228,81
1695,"ईसाइयों की नज़र में व्यभिचार अनैतिक है और इसे एक पाप माना जाता है, जो विचार मुख्य रूप से निर्गमन 20:14 और 1 कुरिन्थियों 6:910 जैसे अनुच्छेदों पर आधारित है","ई साइ यों    की    न ज़र    में    व्य भि चार    अन ै तिक    है    और    इसे    एक    पा प    माना    जाता    है,    जो    विचार    मुख्य    रूप    से    निर् ग मन    20 : 14    और    1    कु रि न् थियों    6 : 9 10    जैसे    अनु च्छ े दों    पर    आधारित    है ",125,51
1696,"गैर-धार्मिक माता-पिता की परवरिश में पली अपनी माँ के बारे में वे कहते हैं कि वे ""धर्म के प्रति अनासक्त"" थीं, तब भी कई अर्थों में, ""मेरी जानकारी में आध्यात्मिक रूप से सबसे अधिक जागृत व्यक्ति"" और ""धर्मनिरपेक्ष मानवतावाद की एकाकी साक्षी"" थीं","गैर- धार्मिक    माता-पिता    की    पर वरि श    में    प ली    अपनी    माँ    के    बारे    में    वे    कहते    हैं    कि    वे    "" धर्म    के    प्रति    अना स क्त ""    थीं,    तब    भी    कई    अर्थ ों    में,    "" मेरी    जानकारी    में    आध्यात्मिक    रूप    से    सबसे    अधिक    जाग ृत    व्यक्ति ""    और    "" धर्म नि र पे क्ष    मान व ता वाद    की    एका की    साक्ष ी ""    थीं ",195,66
1697,सनतकुमार उपनिषद खंड 7,स न त कुमार    उप नि ष द    खंड    7 ,18,10
1698,"1 में घोषित करते हैं कि , ""सांसारिक ज्ञान को प्रेम दो और उसका सम्मान करो, लेकिन ब्रह्म के रूप में उस पूरे ज्ञान का ध्यान करो","1    में    घोषित    करते    हैं    कि    ,    "" सां सार िक    ज्ञान    को    प्रेम    दो    और    उसका    सम्मान    करो ,    लेकिन    ब्र ह् म    के    रूप    में    उस    पूरे    ज्ञान    का    ध्यान    कर ो ",98,34
1699,"""",""" ",1,1
1700,"ये मंत्र तैत्तिरीय उपनिषद्, शिक्षावल्ली I","ये    मं त्र    तै त् ति र ीय    उप नि ष द् ,    शिक्ष ा व ल्ली    I",36,18
1701,11,11 ,2,1
1702,"2 से लिए गए हैं जिनमें कहा गया है: मातृदेवो भव, मित्रदेवो भव, पितृदेवो भव, पुत्रदेवो भव, आचार्यदेवो भव, अतिथिदेवो भव","2    से    लिए    गए    हैं    जिनमें    कहा    गया    है :    मा तृ देव ो    भव ,    मि त्र देव ो    भव ,    पि तृ देव ो    भव ,    पु त्र देव ो    भव ,    आ चार् य देव ो    भव ,    अति थि देव ो    भव ",96,46
1703,1920 के ओलंपिक खेलों में भारत ने पहली बार राष्ट्रीय दल भेजा था और तब से हर ग्रीष्मकालीन ओलंपिक खेल में इसने भाग लिया है,19 20    के    ओलंपिक    खेलों    में    भारत    ने    पहली    बार    राष्ट्रीय    दल    भेजा    था    और    तब    से    हर    ग्रीष्मकालीन    ओलंपिक    खेल    में    इसने    भाग    लिया    है ,95,26
1704,"हवाई बंदूकें लंबी बंदूक (हवाई राइफल) और दस्ती बंदूक (हवाई पिस्तौल), दोनों रूपों में आती हैं","हवाई    बंदू कें    लंबी    बंदू क    ( हवाई    राइ फ ल)    और    द स्ती    बंदू क    ( हवाई    पि स्त ौ ल ),    दोनों    रूपों    में    आती    हैं ",76,28
1705,मिल्खा सिंह एकमात्र धावक थे जिन्होंने राष्ट्रमंडल खेलों में एकल स्वर्ण पदक जीता था लेकिन 2010 के राष्ट्रमंडल खेलों में कृष्णा पूनिया ने इतिहास रचा जब महिलाओं की चक्का फेंक प्रतियोगिता में उन्होंने भारत के लिए 52 वर्ष के बाद स्वर्ण पदक जीता और राष्ट्रमंडल खेलों में स्वर्ण पदक जीतने वाली पहली भारतीय महिला धावक बनीं,मि ल् खा    सिंह    एकमात्र    धा व क    थे    जिन्होंने    राष्ट्र मंडल    खेलों    में    एकल    स्वर्ण    पदक    जीता    था    लेकिन    2010    के    राष्ट्र मंडल    खेलों    में    कृष् णा    पू निया    ने    इतिहास    र चा    जब    महिलाओं    की    चक् का    फे ंक    प्रतियोगिता    में    उन्होंने    भारत    के    लिए    5 2    वर्ष    के    बाद    स्वर्ण    पदक    जीता    और    राष्ट्र मंडल    खेलों    में    स्वर्ण    पदक    जीतने    वाली    पहली    भारतीय    महिला    धा व क    ब नी ं ,259,73
1706,"अंजू का विवाह रॉबर्ट बॉबी जॉर्ज से हुआ है, जो तिकड़ी कूद के पूर्व राष्ट्रीय चैंपियन तथा उनके कोच भी हैं","अं ज ू    का    विवाह    रॉ बर्ट    बॉ बी    जॉर्ज    से    हुआ    है,    जो    ति कड़ी    कू द    के    पूर्व    राष्ट्रीय    चैंपियन    तथा    उनके    कोच    भी    हैं ",83,27
1707,2,2 ,1,1
1708,0 मीटर प्रति सेकन्ड से अधिक की पीछे से बहती हवा में कोई प्रदर्शन रिकॉर्ड करने के उद्देश्य लायक नहीं माना जाता,0    मीटर    प्रति    से कन् ड    से    अधिक    की    पीछे    से    बहती    हवा    में    कोई    प्रदर्शन    रिकॉर्ड    करने    के    उद्देश्य    ला यक    नहीं    माना    जाता ,88,25
1709,1 जनवरी 2010 से पुरुषों को सिर्फ कमर से घुटनों तक के सूट पहनने की इजाज़त है,1    जनवरी    2010    से    पुरुषों    को    सिर्फ    कम र    से    घु ट नों    तक    के    सू ट    पहन ने    की    इ जा ज़ त    है ,59,25
1710,ब्रिस्टल बियर्स (रग्बी संघ) और ग्लौस्टरशर काउंटी क्रिकेट क्लब भी शहर में स्थित हैं,ब्रि स्ट ल    ब िय र्स    ( र ग् बी    संघ )    और    ग् लौ स्ट र श र    काउंटी    क्रिकेट    क्लब    भी    शहर    में    स्थित    हैं ,69,27
1711,"2014 में सिंगापुर टेबल टेनिस सम्मेलन की अध्यक्षा ली बी वाह ने इस मुद्दे पर अपना पद त्यागा था; उनकी उत्तराधिकारी, एलेन ली ने बाद में चीन में पैदा हुई टेबल टेनिस खिलाड़ी जेंग जियान की नागरिकता के आवेदन की तरफदारी की","2014    में    सि ंगा पुर    टे बल    टे निस    सम्मेलन    की    अध्य क्षा    ली    बी    वाह    ने    इस    मुद् दे    पर    अपना    पद    त्या गा    था ;    उनकी    उत्तरा धिकार ी,    ए लेन    ली    ने    बाद    में    चीन    में    पैदा    हुई    टे बल    टे निस    खिलाड़ी    जे ंग    ज िया न    की    नागरि कता    के    आवे दन    की    तर फ दारी    की ",172,62
1712,"1920 के दशक से व्यावसायिक इंजीनियरों ने तीरंदाजी में दिलचस्पी लेना शुरू कर दिया है, जो कि पहले इस कौशल के पारंपरिक विशेषज्ञों का विशिष्ट कार्यक्षेत्र था","19 20    के    दशक    से    व्यावसायिक    इं जी निय रों    ने    ती रं दा जी    में    दि ल च स्प ी    लेना    शुरू    कर    दिया    है,    जो    कि    पहले    इस    कौशल    के    पारंपरिक    विशेषज्ञ ों    का    विशिष्ट    कार्य क्षेत्र    था ",126,40
1713,"उआन मैनुअल फांज़ियो को, जिन्होंने 184 अंतर्राष्ट्रीय दौड़ों में से 102 जीतीं, और जो चार अलग-अलग टीमों के तहत पांच बार फॉर्मूला वन विश्व चैंपियन बने, व्यापक रूप से आज तक के महानतम ड्राइवर के रूप में स्थान दिया गया है","उ आ न    मै नु अल    फा ं ज़ ियो    को,    जिन्होंने    18 4    अंतर्राष्ट्रीय    दौ ड़ों    में    से    10 2    जी ती ं,    और    जो    चार    अलग-अलग    टीमों    के    तहत    पांच    बार    फॉर् मू ला    वन    विश्व    चैंपियन    ब ने,    व्यापक    रूप    से    आज    तक    के    महा नतम    ड्राइ वर    के    रूप    में    स्थान    दिया    गया    है ",175,58
1714,भारत में बेटन कप तथा आगा खान टूर्नामेंट दस साल के अंदर शुरू हो गए,भारत    में    बे टन    कप    तथा    आ गा    खान    टूर्नामेंट    दस    साल    के    अंदर    शुरू    हो    गए ,51,17
1715,"मई 2012 में दीपिका कुमारी ने अंताल्या, टर्की में विश्व कप में व्यक्तिगत चरण के रिकर्व में अपना पहला स्वर्ण पदक जीता","मई    2012    में    दी पि का    कु मारी    ने    अं ताल ्या ,    टर् की    में    विश्व    कप    में    व्यक्तिगत    चरण    के    रि कर् व    में    अपना    पहला    स्वर्ण    पदक    जीता ",94,31
1716,उसने कहा कि पिछले दो वर्षों से उसे वेतन नहीं दिया गया था और बाद में होने वाली खेल प्रतियोगिताओं के लिए भी उसकी छुट्टियों को प्राधिकरण ने मंजूरी नहीं दी थी,उसने    कहा    कि    पिछले    दो    वर्षों    से    उसे    वे तन    नहीं    दिया    गया    था    और    बाद    में    होने    वाली    खेल    प्रतियोगिताओं    के    लिए    भी    उसकी    छु ट्ट ियों    को    प्रा धि करण    ने    मं जू री    नहीं    दी    थी ,123,39
1717,"शारीरिक विकास, रूप, और व्यक्तित्व के आधार पर प्रतिस्पर्धी दलों का मूल्यांकन किया गया","शारीरिक    विका स,    रू प,    और    व्यक्ति त्व    के    आधार    पर    प्रतिस्पर् धी    द लों    का    मूल्यांकन    किया    गया ",71,19
1718,अशोक कुमार ने सबसे महत्वपूर्ण गोल मारकर भारत को विश्व कप में एकमात्र जीत दिलाई,अशोक    कुमार    ने    सबसे    महत्वपूर्ण    गोल    मार कर    भारत    को    विश्व    कप    में    एकमात्र    जीत    दि लाई ,64,17
1719,2014 के राष्ट्रमंडल खेलों में महिलाओं के 55 कि,2014    के    राष्ट्र मंडल    खेलों    में    महिलाओं    के    5 5    कि ,38,11
1720,ग्रा,ग्र ा ,4,2
1721,"के फ्रीस्टाइल वर्ग के क्वार्टर फाइनल में, बबीता की पहली प्रतिद्वंद्वी स्काटलैंड की कैथरीन मार्श थी जिसे उसने 92, 40 (वर्गीकरण अंक 4:1) से हराया था","के    फ्री स्टा इल    वर्ग    के    क् वार् टर    फाइनल    में,    ब बी ता    की    पहली    प्रतिद्वंद्वी    स् का टलैंड    की    कै थ री न    मार् श    थी    जिसे    उसने    9 2 ,    40    ( वर्गी करण    अंक    4 : 1 )    से    हराया    था ",121,45
1722,"2015 में कॉमनवेल्थ कराटे खेल दिल्ली, भारत में आयोजित किए गए थे","2015    में    कॉ मन वे ल् थ    करा टे    खेल    दि ल् ली,    भारत    में    आयोजित    किए    गए    थे ",51,19
1723,"पुरुष और महिलाओं के फेंके जाने वाले उपकरणों के वज़न भिन्न होते हैं: पुरुषों का भाला 800 ग्राम का होता है जबकि महिलाओं का 600 ग्राम का, पुरुषों का वज़न फेंक 35 पाउंड का होता है जबकि महिलाओं का 20 का, महिलाओं के 1 किलोग्राम के चक्के की तुलना में पुरुषों का चक्का 2 कि","पुरुष    और    महिलाओं    के    फे ं के    जाने    वाले    उपकरणों    के    व ज़न    भिन्न    होते    हैं :    पुरुषों    का    भा ला    8 00    ग्राम    का    होता    है    जबकि    महिलाओं    का    6 00    ग्राम    का,    पुरुषों    का    व ज़न    फे ंक    35    पा उंड    का    होता    है    जबकि    महिलाओं    का    20    का,    महिलाओं    के    1    किलो ग्राम    के    चक् के    की    तुलना    में    पुरुषों    का    चक् का    2    कि ",211,68
1724,ग्रा,ग्र ा ,4,2
1725,"का होता है, पुरुषों का गोला 16 पाउंड का होता है जबकि महिलाओं का 8 पाउंड का, और पुरुषों का हथौड़ा फेंक 16 पाउंड का होता है जबकि महिलाओं का 8 पाउंड का होता है","का    होता    है,    पुरुषों    का    गो ला    16    पा उंड    का    होता    है    जबकि    महिलाओं    का    8    पा उंड    का,    और    पुरुषों    का    हथ ौ ड़ा    फे ंक    16    पा उंड    का    होता    है    जबकि    महिलाओं    का    8    पा उंड    का    होता    है ",122,43
1726,2009 में वे मुनाफा कमाने वाली गुजरात क्रिकेट असोसिएशन (जी,2009    में    वे    मु ना फा    कमा ने    वाली    गुजरात    क्रिकेट    अ सोसिए शन    ( जी ,48,16
1727,सी,सी ,2,1
1728,ए,ए ,1,1
1729,) के उपाध्यक्ष बने जबकि मोदी ने अध्यक्ष के रूप में कार्यभार संभाला,)    के    उपा ध्य क्ष    बने    जबकि    मो दी    ने    अध्यक्ष    के    रूप    में    कार्य भार    संभा ला ,54,18
1730,"एक और प्रारूप है रिले ट्रायथलॉन जिसमें प्रतिस्पर्धी बारी-बारी से दौड़ में प्रतिस्पर्धा करते हैं; प्रत्येक प्रतिस्पर्धी को तैराकी, साइकल चलाने और दौड़ने के खंड को पूरा करना पड़ता है","एक    और    प्रार ूप    है    रि ले    ट्रा य थ लॉ न    जिसमें    प्रतिस्पर् धी    बार ी- बारी    से    दौड़    में    प्रतिस्पर्धा    करते    हैं;    प्रत्येक    प्रतिस्पर् धी    को    तै रा की,    साइ कल    चलाने    और    दौ ड़ने    के    खंड    को    पूरा    करना    पड़ता    है ",151,44
1731,आई,आई ,2,1
1732,सी,सी ,2,1
1733,सी,सी ,2,1
1734,"नियमों के अनुसार, एक दिवसीय मैच तभी आधिकारिक माना जाता है जब दूसरे नंबर पर बैट करने वाला पक्ष 25 ओवर तक गेंदबाजी का सामना कर चुका हो","नियमों    के    अनुसार,    एक    दिव सीय    मैच    तभी    आधिकारिक    माना    जाता    है    जब    दूसरे    नंबर    पर    बै ट    करने    वाला    पक्ष    25    ओ वर    तक    गेंद बाजी    का    सामना    कर    चुका    हो ",105,32
1735,"आरक्षित दिवस पर, श्रीलंकाई खिलाडियों ने पहले बल्लेबाजी करके 222 रन बनाए जिनमें महेला जयवर्धने और रसल आर्नल्ड ने क्रमशः 77 और 56 रन बनाए तथा भारतीय ज़हीर अब्बास ने 44 रन देकर तीन विकट लिए","आ रक्षित    दिवस    पर,    श्रीलं का ई    खिला ड ियों    ने    पहले    बल्ले बाजी    करके    2 22    रन    बनाए    जिनमें    मह े ला    जय वर् ध ने    और    र सल    आर् न ल्ड    ने    क्रम श ः    7 7    और    5 6    रन    बनाए    तथा    भारतीय    ज़ ही र    अ ब् बा स    ने    4 4    रन    दे कर    तीन    विक ट    लिए ",151,63
1736,अप्रैल 2001 में वरिष्ठ वर्ग की प्रतियोगिताओं में मिर्ज़ा ने 15 वर्ष की आयु में आई,अप्रैल    2001    में    वरि ष्ठ    वर्ग    की    प्रतियोगिताओं    में    मि र् ज़ा    ने    15    वर्ष    की    आयु    में    आई ,66,19
1737,टी,टी ,2,1
1738,एफ,ए फ ,2,2
1739,खेलों में पदार्पण किया और शुरू में ही सफलता प्राप्त करने लगी,खेलों    में    पदा र्प ण    किया    और    शुरू    में    ही    सफलता    प्राप्त    करने    लगी ,49,14
1740,मूल रूप से ऐसा सोचा गया था कि यदि अगले 2020-2023 के आई,मूल    रूप    से    ऐसा    सोचा    गया    था    कि    यदि    अगले    20 20 - 20 23    के    आई ,42,17
1741,सी,सी ,2,1
1742,सी,सी ,2,1
1743,क्रिकेट विश्व कप क्वालिफायर में दोनों टीमों में से लीग 2 की टीम बेहतर प्रदर्शन करती है तो 13वें स्थान की टीम के बदले लीग 2 को आगामी 2020-2023 आई,क्रिकेट    विश्व    कप    क्वा लि फा यर    में    दोनों    टीमों    में    से    लीग    2    की    टीम    बेहतर    प्रदर्शन    करती    है    तो    13 वें    स्थान    की    टीम    के    बदले    लीग    2    को    आ गा मी    20 20 - 20 23    आई ,115,40
1744,सी,सी ,2,1
1745,सी,सी ,2,1
1746,क्रिकेट विश्व कप सुपर लीग में आगे बढ़ाया जाएगा,क्रिकेट    विश्व    कप    सु पर    लीग    में    आगे    बढ़ा या    जाए गा ,38,12
1747,उन्होंने साकेत माइनेनी के साथ मिल कर चीन के सीयैन यिन पेंग और चान हाओ-चिंग को हराया तथा मिश्रित युगल टूर्नामेंट में स्वर्ण पदक जीता,उन्होंने    सा के त    माइ ने नी    के    साथ    मिल    कर    चीन    के    सी य ै न    य ि न    पे ंग    और    चा न    हा ओ - चि ंग    को    हराया    तथा    मिश्रित    यु गल    टूर्नामेंट    में    स्वर्ण    पदक    जीता ,107,41
1748,"सेमेन्या के देश ने उसकी मर्यादा, उसके अधिकार और विश्व खेलों में उसके स्थान की रक्षा करने में उसका साथ दिया","से मे न ्या    के    देश    ने    उसकी    मर् या दा ,    उसके    अधिकार    और    विश्व    खेलों    में    उसके    स्थान    की    रक्षा    करने    में    उसका    साथ    दिया ",86,27
1749,"2005 में वे पांच महाद्वीपों के समुद्री चैनलों में, जिनमें जिब्राल्टर जलसन्धि, तिरहेनियाई सागर, कुक स्ट्रेट, ग्रीस में टोरोनिक खाड़ी (कसांद्रा की खाड़ी), कैलिफोर्निया तट से दूर कैटेलिना चैनल शामिल हैं, और थ्री एंकर बे से दक्षिण अफ्रीका के केप टाउन के पास रॉबेन द्वीप तक तैरने वाली पहली महिला बनीं","2005    में    वे    पांच    महा द्वीपों    के    समुद्री    चै न लों    में,    जिनमें    जि ब्रा ल् टर    जल स न् धि ,    ति रहे न ियाई    सा ग र,    कु क    स्ट ्रे ट,    ग्री स    में    टो रो निक    खाड़ी    ( क सा ंद्र ा    की    खा ड़ ी ),    कैलिफोर्निया    तट    से    दूर    कै टे लि ना    चैनल    शामिल    हैं,    और    थ्र ी    एं कर    बे    से    दक्षिण    अफ्रीका    के    के प    टा उन    के    पास    रॉ बे न    द्वीप    तक    तै र ने    वाली    पहली    महिला    ब नी ं ",245,92
1750,उनका राष्ट्रीय चैम्पियनशिप में सीनियर स्तर पर राज्य के दल द्वारा सबसे अधिक मेडल जीतने का राष्ट्रीय रिकॉर्ड है,उनका    राष्ट्रीय    चैम्पियनशिप    में    सी नियर    स्तर    पर    राज्य    के    दल    द्वारा    सबसे    अधिक    मे डल    जीतने    का    राष्ट्रीय    रिकॉर्ड    है ,91,21
1751,वे पहली महिला बास्केटबॉल खिलाड़ी हैं जो 2006 के राष्ट्रमंडल खेल तथा 2010 एवं 2014 के एशियाई खेलों में राष्ट्रीय दल में भारत की ओर से खेली हैं,वे    पहली    महिला    बास्केटबॉल    खिलाड़ी    हैं    जो    2006    के    राष्ट्र मंडल    खेल    तथा    2010    एव ं    2014    के    एशियाई    खेलों    में    राष्ट्रीय    दल    में    भारत    की    ओर    से    खे ली    हैं ,114,31
1752,"इस बीच, लाहिड़ी ने दो यूरोपियन टूर विजयें और सात एशियन टूर विजयें प्राप्त कर ली हैं","इस    बीच,    ला हि ड़ी    ने    दो    यूरो प ियन    टू र    विजय ें    और    सात    एश ियन    टू र    विजय ें    प्राप्त    कर    ली    हैं ",67,26
1753,वह लोकप्रिय हुई जब उसने 2002 में दक्षिण कोरिया के बूसान में हुए एशियाई खेलों में रजत पदक जीता,वह    लोकप्रिय    हुई    जब    उसने    2002    में    दक्षिण    कोरिया    के    बू सान    में    हुए    एशियाई    खेलों    में    रज त    पदक    जीता ,75,21
1754,समग्र रूप से इन चारों प्रतियोगिताओं को मेजर या स्लैम (एक शब्द जो बेसबॉल के बजाए ब्रिज के खेल से लिया गया है) कहते हैं,सम ग्र    रूप    से    इन    चारों    प्रतियोगिताओं    को    मे जर    या    स् लै म    ( एक    शब्द    जो    बे सब ॉल    के    बजा ए    ब्रि ज    के    खेल    से    लिया    गया    है )    कहते    हैं ,93,35
1755,"क्रीड़ांगण में ओलंपिक झंडा इन आठ पूर्व ओलंपिक चैंपियनों ने चारों ओर घुमाया: बिल रॉयक्रॉफ्ट, मुरे रोज़, लिऐन टूथ, गिलियन रॉल्टोन, मार्जरी जैकसन, लॉरेन क्रैप, माइकल वेंडेन और निक ग्रीन","क्री ड़ा ंग ण    में    ओलंपिक    झ ंडा    इन    आठ    पूर्व    ओलंपिक    चैंप िय नों    ने    चारों    ओर    घु मा या :    बिल    रॉ य क्रॉ फ् ट,    मु रे    रो ज़ ,    लि ऐ न    टू थ,    गि ल ियन    रॉ ल् टो न,    मार् ज री    जै क स न,    लॉ रे न    क्र ै प,    माइ कल    वे ंडे न    और    निक    ग्री न ",153,67
1756,"सिडनी ओपेरा हाउस की पृष्ठभूमि में स्विट्ज़रलैंड की ब्रिजेट मैक्मोहन ने पसंदीदा घरेलू खिलाड़ी मिशेली जोन्स, जिन्हें रजत पदक मिला, को हराते हुए तैराकी की, साइकल चलाई और दौड़ लगा कर खेल में स्वर्ण पदक जीता","सि ड नी    ओ पे रा    हाउस    की    पृष्ठभूमि    में    स्विट् ज़ रलैंड    की    ब्रि जे ट    मै क् मो हन    ने    पसंदीदा    घरेलू    खिलाड़ी    मि शे ली    जो न् स,    जिन्हें    रज त    पदक    मि ला,    को    हरा ते    हुए    तै रा की    की,    साइ कल    च लाई    और    दौड़    लगा    कर    खेल    में    स्वर्ण    पदक    जीता ",167,58
1757,ट्रायथलॉन ने ओलंपिक में अपना पदार्पण महिलाओं की दौड़ के साथ किया,ट्रा य थ लॉ न    ने    ओलंपिक    में    अपना    पदा र्प ण    महिलाओं    की    दौड़    के    साथ    किया ,53,18
1758,"असली जीवन में ""कुट्टीनारायन "" कहलाए जाने वाले इस हाथी की सात साल की उम्र में एक दुर्घटना में टाँग टूट गई थी जब वह एक सेप्टिक टैंक में गिर गया था","अस ली    जीवन    में    "" कु ट् टी नारा यन    ""    कह ला ए    जाने    वाले    इस    हा थी    की    सात    साल    की    उम्र    में    एक    दुर्घटना    में    टा ँ ग    टूट    गई    थी    जब    वह    एक    से प् टिक    टै ंक    में    गिर    गया    था ",113,46
1759,"इस फर्मे में 1875 में संशोधन करके वर्तमान कोर्ट का प्रारूप बनाया गया, जिसमें चिह्नन विंगफील्ड संस्करण के समान थे लेकिन उनके कोर्ट के रेतघड़ी के आकार के बजाय कोर्ट आकार का आयत था","इस    फर् मे    में    18 75    में    संशो धन    करके    वर्तमान    को र्ट    का    प्रार ूप    बनाया    गया,    जिसमें    चिह् नन    वि ंग फील्ड    संस्करण    के    समान    थे    लेकिन    उनके    को र्ट    के    रे त घ ड़ी    के    आकार    के    बजाय    को र्ट    आकार    का    आय त    था ",144,48
1760,अमेरिका के कम दूरी की तेज गति दौड़ में प्रभुत्व को यूनाइटेड किंगडम का अपेक्षाकृत लंबी पथ-दौड़ों में प्रभुत्व टक्कर देता है,अमेरिका    के    कम    दूरी    की    तेज    गति    दौड़    में    प्र भु त्व    को    यूनाइटेड    किंगडम    का    अपेक्षाकृत    लंबी    प थ - दौ ड़ों    में    प्र भु त्व    ट क् कर    देता    है ,101,32
1761,"दूसरी बारी में, उसने ऐन कियॉथवॉन्ग को मात देकर क्वॉर्टर फाइनल में प्रवेश किया जहां वह शैह सू-वे से हार गई","दूसरी    बारी    में,    उसने    ऐ न    क िय ॉ थ वॉ न् ग    को    मा त    दे कर    क् व ॉर् टर    फाइनल    में    प्रवेश    किया    जहां    वह    शै ह    सू - वे    से    हार    गई ",85,36
1762,अपनी कलाकृतियों में इस खेल को दर्शाने वाले अन्य फ्रेंच कलाकारों में ऐल्बर्ट ग्लीज़ेस ले जोउर की द फुटबॉल,अपनी    कला कृतियों    में    इस    खेल    को    दर्शा ने    वाले    अन्य    फ्रे ंच    कलाकारों    में    ऐ ल् बर्ट    ग् ली ज़े स    ले    जो उ र    की    द    फुटबॉल ,86,29
1763,"(1912), रॉबर्ट डिलौनी की फुटबॉल ल' इक्विप द कार्डिफ (1916), और आन्द्रे ल्होटे की पार्टी ड रगबी (1917) थे","( 19 12 ),    रॉ बर्ट    डि लौ नी    की    फुटबॉल    ल '    इ क् वि प    द    कार् डि फ    ( 19 16 ),    और    आ न् द्र े    ल् हो टे    की    पार्टी    ड    र ग बी    ( 19 17 )    थे ",86,44
1764,"अन्य भारतीय पाक-शैलियाँ भी इस क्षेत्र में उपलब्ध हैं, यद्यपि सड़क पर मिलने वाले खाद्यों में उत्तर भारतीय भोजन खास होता है","अन्य    भारतीय    पा क- शै लियाँ    भी    इस    क्षेत्र    में    उपलब्ध    हैं,    य द्य पि    सड़क    पर    मिलने    वाले    खा द ्यों    में    उत्तर    भारतीय    भोजन    खास    होता    है ",100,29
1765,"अज़रबैजान राज्य फिलहार्मोनिक हॉल, अज़रबैजान राज्य शैक्षणिक ओपेरा, और बैले थियेटर बाकू के सांस्कृतिक स्थल हैं","अ ज़ र बै जान    राज्य    फि ल हार् मो निक    हॉ ल,    अ ज़ र बै जान    राज्य    शै क्ष णिक    ओ पे रा,    और    बै ले    थ िय े टर    बा कू    के    सांस्कृतिक    स्थल    हैं ",93,38
1766,"वानुअतु और सॉलोमोन द्वीपों में भी प्राकृतिक आकर्षणों की कोई कमी नहीं है, लेकिन चूँकि इन दोनो देशों में पर्यटक कम जाते हैं, इसलिए इन क्षेत्रों के महत्व को असलियत से कम आंका गया है","वा नु अ तु    और    सॉ लो मो न    द्वीपों    में    भी    प्राकृतिक    आकर् ष णों    की    कोई    कमी    नहीं    है,    लेकिन    चू ँ कि    इन    दो नो    देशों    में    पर्यट क    कम    जाते    हैं,    इसलिए    इन    क्षेत्रों    के    महत्व    को    अ सल िय त    से    कम    आं का    गया    है ",144,51
1767,सितम्बर 2016 से शेनज़ेन और हॉन्ग कॉन्ग की सीमा के बीच सीमा के आरपार जाने के नौ स्थान थे जिनमें से छः ज़मीनी स्थान थे,सित म् बर    2016    से    शे न ज़े न    और    हॉ न् ग    कॉन् ग    की    सीमा    के    बीच    सीमा    के    आर पार    जाने    के    नौ    स्थान    थे    जिनमें    से    छ ः    ज़ मी नी    स्थान    थे ,92,37
1768,"बांग्लादेशी गाँवों में मिट्टी, पुआल, लकड़ी और बाँस जैसी प्राकृतिक सामग्री से बने फूस की छत वाले घर होते हैं","बांग्ला देशी    गाँ वों    में    मि ट् टी,    पु आ ल,    लकड़ी    और    बाँ स    जैसी    प्राकृतिक    सामग्री    से    बने    फू स    की    छ त    वाले    घर    होते    हैं ",88,29
1769,"अफ्रीका के इस भाग में आपको मिलेगा सर्वोत्कृष्ट सवाना सफारी का अनुभव, जहां आप शेर, चीते और हाथी देखने के लिए लैंड रोवर में बैठ कर मैदानो में निकलते हैं","अफ्रीका    के    इस    भाग    में    आपको    मिले गा    सर्वो त् कृष्ट    स वा ना    सफ ारी    का    अनु भव ,    जहां    आप    शे र,    ची ते    और    हा थी    देखने    के    लिए    लैंड    रो वर    में    बै ठ    कर    मैदा नो    में    निक लते    हैं ",121,45
1770,1929 में रेजिनाल्ड इनेस पोकॉक ने इसे पैंथेरा वर्ग के अधीन कर दिया था,19 29    में    रे जि ना ल्ड    इ नेस    पो कॉ क    ने    इसे    पै ं थे रा    वर्ग    के    अधीन    कर    दिया    था ,55,24
1771,बालिपारा से 15 कि,बा लि प ारा    से    15    कि ,14,7
1772,मी,मी ,2,1
1773,"और भी है - आप या तो ईटानगर-बॉमडिला बस ले सकते हैं जो बालिपारा से करीब 11 बजे सुबह गुजरती है और नमेरी बस स्टॉप (वहाँ पर आप ""भालुकपौंग 22 कि","और    भी    है    -    आप    या    तो    ई टा नग र- बॉ म डि ला    बस    ले    सकते    हैं    जो    बा लि प ारा    से    करीब    11    ब जे    सुबह    गुजर ती    है    और    न मेरी    बस    स्टॉ प    ( वहाँ    पर    आप    "" भा लु क पौ ंग    22    कि ",108,51
1774,मी,मी ,2,1
1775,""" का मील का पत्थर देखेंगे) पर उतारती है या वहाँ कई शेयर टैक्सी वालों के साथ मोल-तोल करके नमेरी बस स्टॉप तक चले जाएं","""    का    मील    का    पत्थर    दे खे ंगे )    पर    उ तार ती    है    या    वहाँ    कई    शेयर    टै क् सी    वालों    के    साथ    मो ल- तो ल    करके    न मेरी    बस    स्टॉ प    तक    चले    जाए ं ",91,38
1776,गोवा में दो विश्व धरोहर स्थल हैं: बॉम जीसस बेसिलिका और पुराने गोवा के चर्च और कॉन्वेंट,गोवा    में    दो    विश्व    ध रो हर    स्थल    हैं :    बॉ म    जी स स    बे सि लिका    और    पुराने    गोवा    के    चर्च    और    कॉन् वे ंट ,70,27
1777,"ग्रैंड मिस्री संग्रहालय मिदान तहरीर में सम्मान्य मिस्री संग्रहालय का बहु-प्रतीक्षित प्राथमिक प्रतिस्थापन है जिसमें प्रदर्शनी, भंडारण और कार्य स्थान के लिए ज्यादा बड़ी जगह है","ग्रै ंड    मि स ्र ी    संग्रहालय    मि दान    त ह री र    में    सम् मान ्य    मि स ्र ी    संग्रहालय    का    बहु - प्रती क्ष ित    प्राथमिक    प्रति स्थाप न    है    जिसमें    प्रदर्श नी,    भ ंड ार ण    और    कार्य    स्थान    के    लिए    ज्यादा    बड़ी    जगह    है ",148,49
1778,ग्वालियर एक महत्वपूर्ण ऐतिहासिक और पर्यटन क्षेत्र है; इसलिए पर्यटन क्षेत्र का शहर की अर्थव्यवस्था पर भी प्रभाव पड़ता है,ग् वा ल ियर    एक    महत्वपूर्ण    ऐतिहासिक    और    पर्यटन    क्षेत्र    है;    इसलिए    पर्यटन    क्षेत्र    का    शहर    की    अर्थव्यवस्था    पर    भी    प्रभाव    पड़ता    है ,100,23
1779,बाद में इसके सीमांत बस्ती होने के सम्मान में अंतरीप का नाम बदल कर उत्तमाशा अंतरीप कर दिया गया,बाद    में    इसके    सीमा ंत    ब स्ती    होने    के    सम्मान    में    अंतर ी प    का    नाम    बदल    कर    उत्त मा शा    अंतर ी प    कर    दिया    गया ,75,27
1780,"क्यूबा के अधिकारियों का अनुमान है कि 1999 में मोटे तौर पर 16 लाख पर्यटक क्यूबा की सैर करने आए, जिससे सकल राजस्व में लगभग 190 करोड़ डॉलर की कमाई हुई","क्यू बा    के    अधिकारियों    का    अनुमान    है    कि    1999    में    मो टे    तौर    पर    16    लाख    पर्यट क    क्यू बा    की    सै र    करने    आ ए,    जिससे    सक ल    राज स्व    में    लगभग    19 0    करोड़    डॉलर    की    कमाई    हुई ",117,40
1781,"इस क्षेत्र के भोजन पर अरब, सीरियाई, पुर्तगाली, डच, यहूदी और मध्य पूर्वी प्रभाव बहुत हद तक मौजूद है","इस    क्षेत्र    के    भोजन    पर    अर ब,    सी रिया ई,    पुर्तगा ली,    ड च,    यहूदी    और    मध्य    पूर्वी    प्रभाव    बहुत    हद    तक    मौजूद    है ",80,24
1782,"लोनावला महाराष्ट्र में एक पहाड़ी स्थल है, और आपको यहां पर गर्म मसाला चाय या वड़ापाव (शाकाहारी भारतीय बर्गर जिसमें बेसन में लपेटकर तली गई आलू की टिक्की को बीच में लगाया जाता है) जरूर सेवन करना चाहिए","लो ना व ला    महाराष्ट्र    में    एक    पहाड़ी    स्थल    है,    और    आपको    यहां    पर    गर्म    मसा ला    चा य    या    व ड़ा पा व    ( शा का ह ारी    भारतीय    बर् गर    जिसमें    बे सन    में    ल पे ट कर    त ली    गई    आ लू    की    टि क् की    को    बीच    में    लगाया    जाता    है )    जरू र    सेवन    करना    चाहिए ",160,61
1783,"मदांग हर स्तर की स्कूबा डाइविंग के लिए अच्छा है, और प्रवाल भित्तियों में विभिन्न प्रकार की दुर्लभ प्रजातियों की रंग-बिरंगी मछलियों पाई जाती हैं","म दा ंग    हर    स्तर    की    स्कू बा    डा इ वि ंग    के    लिए    अच्छा    है,    और    प्रवा ल    भि त् तियों    में    विभिन्न    प्रकार    की    दुर्लभ    प्रजातियों    की    रंग - बि रंग ी    मछ लियों    पाई    जाती    हैं ",119,39
1784,"अंत में, पूर्वी एशिया और दक्षिण एशिया के अधिकतर भाग तथा दक्षिणपूर्वी एशिया, जहाँ खेती नहीं की गई है और न ही उसका शहरीकरण हुआ है, को समाविष्ट करते हुए उष्णकटिबंधीय एशिया में विभिन्न प्रकार के उष्णाकटिबंधीय जंगल हैं और हजारों समुद्री तट हैं जिनमें मालदीव जैसे एकांत स्वर्ग द्वीपों से लेकर विश्व के सबसे प्रसिद्ध थाइलैंड के बीच रिसॉर्ट हैं","अंत    में,    पूर्वी    एशिया    और    दक्षिण    एशिया    के    अधिकतर    भाग    तथा    दक्षि ण पूर्वी    एश िया,    जहाँ    खेती    नहीं    की    गई    है    और    न    ही    उसका    शह री करण    हुआ    है,    को    समा वि ष्ट    करते    हुए    उष्णकटिबंधीय    एशिया    में    विभिन्न    प्रकार    के    उ ष् णा कटि बंध ीय    जंगल    हैं    और    हजारों    समुद्री    तट    हैं    जिनमें    माल दी व    जैसे    एका ंत    स् वर्ग    द्वीपों    से    लेकर    विश्व    के    सबसे    प्रसिद्ध    था इ लैंड    के    बीच    रि स ॉर् ट    हैं ",276,82
1785,"महाद्वीप के पूर्वी भागों के कई पर्वत ज्वालामुखीय हैं, और इंडोनेशिया और कामचैटका ज्वालामुखीय पर्यटन के लिए सच में बहुत अच्छे गंतव्य हैं","महाद्वीप    के    पूर्वी    भागों    के    कई    पर्वत    ज् वा ला मुख ीय    हैं,    और    इंडोनेश िया    और    काम चै ट का    ज् वा ला मुख ीय    पर्यटन    के    लिए    सच    में    बहुत    अच्छे    गं त व्य    हैं ",112,37
1786,मेघालय की पाक शैली अद्वितीय और अन्य पूर्वोत्तर भारतीय राज्यों से अलग है,मेघालय    की    पा क    शैली    अ द्वितीय    और    अन्य    पूर्वोत्तर    भारतीय    राज्यों    से    अलग    है ,59,15
1787,शहर की समृद्ध साहित्यिक परंपराएँ बुकर पुरस्कार विजेता सलमान रुश्दी और अरविंद अडिग ने अंतर्राष्ट्रीय स्तर पर उजागर की हैं,शहर    की    समृद्ध    साहि त्य िक    परंपरा एँ    बु कर    पुरस्कार    विजेता    सल मान    रु श् दी    और    अर वि ंद    अ डि ग    ने    अंतर्राष्ट्रीय    स्तर    पर    उ जा गर    की    हैं ,101,33
1788,गैर-कम्बोडियाई अभ्यागतों के लिए अंगकोर पुरातत्व पार्क में प्रवेश करने के लिए अंगकोर प्रवेश-पत्र खरीदना ज़रूरी है,गैर- क म् बो ड ियाई    अभ्या ग तों    के    लिए    अंग को र    पुरा तत्व    पार्क    में    प्रवेश    करने    के    लिए    अंग को र    प्र वेश - पत्र    खरीद ना    ज़रू री    है ,96,34
1789,"ओरलैंडो, फ्लोरिडा में और उसके आसपास कई अन्य आकर्षणों के बावजूद, माउस हाउस का आकर्षण सबसे अलग है, एक प्रकाश-स्तंभ की तरह, जो प्रत्येक वर्ष लाखों पर्यटकों को अपनी ओर खींचता है","ओ र लै ंडो ,    फ्लो रिडा    में    और    उसके    आसपास    कई    अन्य    आकर् ष णों    के    बावजूद,    मा उस    हाउस    का    आकर् षण    सबसे    अलग    है,    एक    प्रका श - स्त ंभ    की    तरह,    जो    प्रत्येक    वर्ष    ला खों    पर्यट कों    को    अपनी    ओर    खी ंच ता    है ",142,49
1790,"सैन फ्रैंसिस्को बे फेरी फेरी बिल्डिंग और पायर 39 से चलाई जाती है और यह ले जाती है ओकलैंड, आलामेडा, बे फार्म आइलैंड, दक्षिण सैन फ्रैन्सिस्को के कुछ स्थानों पर और उत्तर की ओर सोलानो काउंटी में वल्लेजो तक","सैन    फ्रै ं सि स्को    बे    फे री    फे री    बिल् डिंग    और    पा यर    3 9    से    च लाई    जाती    है    और    यह    ले    जाती    है    ओ क लैंड,    आ ला मे डा ,    बे    फा र् म    आइ लैंड,    दक्षिण    सैन    फ्रै न् सि स्को    के    कुछ    स्थानों    पर    और    उत्तर    की    ओर    सो ला नो    काउंटी    में    व ल् ले जो    तक ",163,65
1791,पीली रेखा पर अर्जन गढ़ निकटतम दिल्ली मेट्रो स्टेशन है,पी ली    रेखा    पर    अर् जन    गढ़    निकट तम    दिल्ली    मे ट्र ो    स्टेशन    है ,44,15
1792,"स्थानीय टैक्सियाँ चेरापूंजी तक जाती हैं, और वे आपको शिलांग से चेरापूंजी के रास्ते में (एलिफेंट जलप्रपात, मॉकडॉक डिम्पेप वैली व्यू और अन्य स्थल) पड़ने वाले कुछ दार्शनिक स्थलों और जगहों पर रुकने का विकल्प तथा चेरापूंजी में पर्यटक स्थल देखने (मॉसमाई गुफा, चेरापूंजी ईको पार्क, नोश्नजिथियांग झरने या सेवन सिस्टर झरने) का विकल्प भी देते हैं","स्थानीय    टै क्स ियाँ    चे रा पू ं जी    तक    जाती    हैं,    और    वे    आपको    शिला ंग    से    चे रा पू ं जी    के    रास्ते    में    ( ए लि फे ंट    जलप्र पा त,    मॉ क डॉ क    डि म् पे प    वै ली    व्य ू    और    अन्य    स्थ ल)    पड़ ने    वाले    कुछ    दा र् श निक    स्थलों    और    जग हों    पर    रु क ने    का    विकल्प    तथा    चे रा पू ं जी    में    पर्यट क    स्थल    देखने    ( मॉ समा ई    गुफा ,    चे रा पू ं जी    ई को    पार् क,    नो श् न जि थ िया ंग    झर ने    या    सेवन    सि स्टर    झर ने )    का    विकल्प    भी    देते    हैं ",279,115
1793,"राष्ट्रीय उद्यान जाने वाले यात्रियों के पास कई विकल्प हैं जिनमें शामिल हैं सुदूर उत्तरी रिम, ज्यादा सुगम्य (तथा इसलिए ज्यादा भीड़भाड़ वाला) दक्षिणी रिम; दर्रे के कुछ हिस्से जैसे कि फैन्टम रैंच या कोलोराडो नदी, जिसमें नौकाविहार किया जाता है","राष्ट्रीय    उद्यान    जाने    वाले    यात्रियों    के    पास    कई    विकल्प    हैं    जिनमें    शामिल    हैं    सु दूर    उत्तरी    रि म,    ज्यादा    सु ग म ्य    ( तथा    इसलिए    ज्यादा    भी ड़ भा ड़    वा ला )    दक्षिणी    रि म ;    दर ्र े    के    कुछ    हिस्से    जैसे    कि    फै न् ट म    रै ंच    या    को लो रा डो    न दी,    जिसमें    नौ का वि हार    किया    जाता    है ",199,67
1794,"उत्तरी एरिज़ोना में ग्रैंड कैन्यन है, जो संयुक्त राज्य अमेरिका के सबसे अद्भुत पर्यटक स्थलों में से एक है और जो विश्व के सात प्राकृति चमत्कारों में से भी एक है","उत्तरी    ए रि ज़ो ना    में    ग्रै ंड    कै न्य न    है,    जो    संयुक्त    राज्य    अमेरिका    के    सबसे    अ द् भु त    पर्यट क    स्थलों    में    से    एक    है    और    जो    विश्व    के    सात    प्रा कृति    चम त् कारों    में    से    भी    एक    है ",128,44
1795,अंतर्जातीय पारस्परिक संबंध को प्रोत्साहित करने और राज्य की सांस्कृतिक विरासत का प्रचार करने के लिए दिसम्बर 2000 में नागालैंड की सरकार ने हॉर्नबिल समारोह शुरू किया,अंतर् जा तीय    पार स् परि क    संबंध    को    प्रोत्साहित    करने    और    राज्य    की    सांस्कृतिक    विरासत    का    प्रचार    करने    के    लिए    दि सम् बर    2000    में    नागा लैंड    की    सरकार    ने    ह ॉर् न बिल    समारोह    शुरू    किया ,136,38
1796,"चर्च स्ट्रीट पर सेवन इलेवन जूस की दुकान जिसे मूल निवासी ""जूस कड़ाही"" भी कहते हैं, मुलाकात करने का एक अच्छा स्थान है","चर्च    स्ट्री ट    पर    सेवन    इ ले वन    जू स    की    दुकान    जिसे    मूल    निवासी    "" जू स    क ड़ा ही ""    भी    कहते    हैं,    मु ला का त    करने    का    एक    अच्छा    स्थान    है ",93,35
1797,अंडमान में गोताखोरी के सर्वोत्तम स्थल सुदुर इलाकों में हैं जहाँ निजी पाल-नौका किराये पर लिए बगैर जाना संभव नहीं है,अंड मान    में    गो ता खो री    के    सर्वो त् तम    स्थल    सु दु र    इलाकों    में    हैं    जहाँ    निजी    पा ल- नौ का    किरा ये    पर    लिए    ब गै र    जाना    संभव    नहीं    है ,94,35
1798,"वॉल्ट डिज़्नी वर्ल्ड के ध्यानाकर्षण केंद्र हैं चार थीम पार्क: मैजिक किंगडम, एपकॉट, डिज़्नी का हॉलीवुड स्टूडियो, और डिज़्नी का ऐनिमल किंगडम","वॉ ल्ट    डि ज़् नी    वर् ल्ड    के    ध्या ना कर् षण    केंद्र    हैं    चार    थी म    पार् क :    मै जिक    किंग ड म,    ए प कॉ ट,    डि ज़् नी    का    हॉ लीवुड    स्टू ड ियो ,    और    डि ज़् नी    का    ऐ नि मल    किंगडम ",117,48
1799,"पाक-शैलियों में मुख्य रूप से दो अलग-अलग उप-क्षेत्रों, गढ़वाल और कुमाऊँ, के भोजन शामिल हैं, हालांकि उनकी मूल सामग्री एक-सी है","पा क- शैलियों    में    मुख्य    रूप    से    दो    अलग-अलग    उप- क्षेत्र ों,    गढ़ वाल    और    कु मा ऊँ ,    के    भोजन    शामिल    हैं,    हालांकि    उनकी    मूल    सामग्री    एक- सी    है ",104,30
1800,"एक 32 किमी लंबी, संकरी बाहरी जलग्रीवा समुद्रताल को बंगाल की खाड़ी से मोट्टो गांव के पास जोड़ती है","एक    3 2    कि मी    लं बी ,    सं करी    बाहरी    ज लग ्र ी वा    समुद्र ताल    को    बंगाल    की    खाड़ी    से    मो ट्ट ो    गांव    के    पास    जोड़ ती    है ",79,32
1801,भूटान की शिक्षा व्यवस्था में शिक्षा का माध्यम अंग्रेजी है जबकि राष्ट्रीय भाषा के रूप में ज़ोंगखा पढ़ाई जाती है,भू टा न    की    शिक्षा    व्यवस्था    में    शिक्षा    का    माध्यम    अंग्रेजी    है    जबकि    राष्ट्रीय    भाषा    के    रूप    में    ज़ो ंग खा    पढ़ाई    जाती    है ,91,24
1802,"संग्रहालय में गैलरी 33 एशियाई कला के लिए समर्पित दीर्घा है, जिसमें चीनी, भारतीय उपमहाद्वीप, और दक्षिणपूर्वी एशियाई वस्तुओं को व्यापक रूप से प्रदर्शित किया गया है","संग्रहालय    में    गै ल री    3 3    एशियाई    कला    के    लिए    समर्पित    दीर्घ ा    है,    जिसमें    ची नी,    भारतीय    उप महा द्वी प,    और    दक्षि ण पूर्वी    एशियाई    वस्तुओं    को    व्यापक    रूप    से    प्रदर्शित    किया    गया    है ",135,37
1803,"हरा समुद्री कछुआ, डूगोंग, इरावदी डॉल्फ़िन, कृष्णमृग, चम्मच जैसी चोंच वाली टिटहरी, चिलका अंगरहित कोतरी, और मत्स्य-विडाल दुर्लभ और संकटग्रस्त पशु प्रजातियाँ हैं","हरा    समुद्री    क छु आ ,    डू गो ंग,    इ राव दी    डॉ ल् फ़ि न,    कृ ष्ण मृ ग,    च म्म च    जैसी    चो ंच    वाली    टि ट ह री,    चि ल का    अंग रह ित    को तरी ,    और    म त् स् य- वि डाल    दुर्लभ    और    सं कट ग्रस्त    पशु    प्रजा तियाँ    हैं ",136,56
1804,"राज्य के तटीय जिलों में कई पुलिन-तट हैं, जैसे कि रुशिकोंडा, मैपाडु, सूर्यलंका, आदि; गुफाएं हैं जैसे कि बोर्रा गुफाएं, उंडावल्ली गुफाएं जिसमें भारतीय शैलकर्तित स्थापत्य दर्शाया गया है, और देश की दूसरी सबसे लंबी गुफाएँ, बेलम गुफाएं हैं","राज्य    के    तटीय    जिलों    में    कई    पु लि न- तट    हैं,    जैसे    कि    रु शि को ंडा ,    मै पा डु ,    सू र् य लं का,    आदि ;    गुफा एं    हैं    जैसे    कि    बो र ्र ा    गुफा ए ं,    उ ंडा व ल्ली    गुफा एं    जिसमें    भारतीय    शै ल कर् तित    स्थाप त्य    दर्शा या    गया    है,    और    देश    की    दूसरी    सबसे    लंबी    गुफा एँ,    बे लम    गुफा एं    हैं ",195,72
1805,गरुड़ इंडोनेशिया जकार्ता से/के लिए आम लोगों के लिए चार्टर उड़ानों का आयोजन करते हैं जिसके लिए बुकिंग क्रिस्मस आइलैंड ट्रैवेल एक्सचेंज के माध्यम से की जाती है,ग रु ड़    इंडोनेश िया    ज कार् ता    से / के    लिए    आम    लोगों    के    लिए    चार् टर    उड़ा नों    का    आयोजन    करते    हैं    जिसके    लिए    बु किंग    क्रि स् मस    आइ लैंड    ट्रै वेल    एक्स चे ंज    के    माध्यम    से    की    जाती    है ,130,44
1806,"दिसंबर 2020 तक भारत में 119,776 वर्ग कि","दिसंबर    2020    तक    भारत    में    1 19 , 7 7 6    वर्ग    कि ",32,13
1807,मी,मी ,2,1
1808,"(46,246 वर्ग मील) में फैले हुए 553 वन्यजीव अभयारण्य स्थापित किए गए","( 4 6 , 2 4 6    वर्ग    मील)    में    फै ले    हुए    5 5 3    व न्य जीव    अभयारण्य    स्थापित    किए    गए ",55,23
1809,"कराईकल में पड़ोसी तमिलनाडु की तुलना में शराब सस्ती है, कराईकल में कई सम्मानित बार हैं - नंदा होटल में नियाग्रा बार, पेरिस इंटरनेशनल में थंडर बार, सिटी बार - जो शहर में बहुत प्रसिद्ध है, और पांडिचेरी सरकार के स्वामित्व वाला द सी गल्स रेस्तरां जो समुद्र के तट पर है और शाम को घूमने के लिए अच्छी जगह है","करा ई कल    में    पड़ोसी    तमिलनाडु    की    तुलना    में    शराब    स स्ती    है,    करा ई कल    में    कई    सम्मानित    बार    हैं    -    न ंदा    होटल    में    निया ग्र ा    बार ,    पेरिस    इंटर नेशनल    में    थ ंडर    बार ,    सिटी    बार    -    जो    शहर    में    बहुत    प्रसिद्ध    है,    और    पांड ि चे री    सरकार    के    स्वामित्व    वाला    द    सी    ग ल्स    रेस्तरा ं    जो    समुद्र    के    तट    पर    है    और    शाम    को    घू म ने    के    लिए    अच्छी    जगह    है ",239,80
1810,"माँ, चलो कल एक फिल्म देखने चलते हैं","मा ँ,    चल ो    कल    एक    फिल्म    देखने    चलते    हैं ",28,10
1811,मुझे कल स्कूल नहीं जाना है,मुझे    कल    स्कूल    नहीं    जाना    है ,21,6
1812,छुट्टी है,छु ट्टी    है ,8,3
1813,"ओह, कल 14 अप्रैल है न","ओ ह,    कल    14    अप्रैल    है    न ",16,7
1814,कल तुम्हारे पिताजी की भी छुट्टी होगी,कल    तुम्ह ारे    पि ता जी    की    भी    छु ट्टी    हो गी ,30,12
1815,हम फिल्म देखने का प्लान बना सकते हैं,हम    फिल्म    देखने    का    प्ला न    बना    सकते    हैं ,29,9
1816,यह तो अच्छी खबर है,यह    तो    अच्छी    ख बर    है ,14,6
1817,पर इस दिन छुट्टी क्यों है,पर    इस    दिन    छु ट्टी    क्यों    है ,20,7
1818,"क्या सभी स्कूल, कॉलेज और ऑफिस कल बंद रहेंगे","क्या    सभी    स्कू ल,    कॉलेज    और    ऑफिस    कल    बंद    रहे ंगे ",35,11
1819,कल अंबेडकर जयंती है,कल    अं बेड कर    जय ं ती    है ,16,8
1820,इस दिन को हर वर्ष बी,इस    दिन    को    हर    वर्ष    बी ,15,6
1821,आर,आ र ,2,2
1822,अंबेडकर के जन्म के उपलक्ष में मनाया जाता है,अं बेड कर    के    जन्म    के    उप ल क्ष    में    मनाया    जाता    है ,35,13
1823,क्या तुमने उनके बारे में सुना है,क्या    तुम ने    उनके    बारे    में    सु ना    है ,26,9
1824,मेरे खयाल से इन्हें मैंने अपनी हिस्ट्री और सिविक्स की किताब में देखा है,मेरे    ख या ल    से    इन्हें    मैंने    अपनी    हि स्ट्र ी    और    सि वि क्स    की    कि ताब    में    देखा    है ,58,21
1825,क्या वे हमारे संविधान से संबंध रखते हैं,क्या    वे    हमारे    सं विधान    से    संबंध    रखते    हैं ,32,9
1826,बिलकुल सही,बिल कुल    सही ,9,3
1827,उन्हें भारतीय संविधान का जनक कहा जाता है,उन्हें    भारतीय    सं विधान    का    जनक    कहा    जाता    है ,33,9
1828,वे नागरिक अधिकारों के लिए लड़ने वाले कार्यकर्ता था जिन्होंने संविधान तैयार करने में महत्वपूर्ण भूमिका निभाई थी,वे    नागरिक    अधि कारों    के    लिए    लड़ ने    वाले    कार्य कर्ता    था    जिन्होंने    सं विधान    तैयार    करने    में    महत्वपूर्ण    भूमिका    निभाई    थी ,93,22
1829,उन्होंने उस जीवंत प्रजातांत्रिक स्वरूप को आकार देने में महत्वपूर्ण भूमिका निभाई जिस पर भारत को गर्व है,उन्होंने    उस    जीव ंत    प्रजा ता ंत्र िक    स्वरूप    को    आकार    देने    में    महत्वपूर्ण    भूमिका    निभाई    जिस    पर    भारत    को    गर् व    है ,85,23
1830,मुझे अब याद आया,मुझे    अब    याद    आया ,12,4
1831,हाल ही में हम उनके बारे में सिविक्स की कक्षा में चर्चा कर रहे थे,हाल    ही    में    हम    उनके    बारे    में    सि वि क्स    की    क क्षा    में    चर्चा    कर    रहे    थे ,50,18
1832,मैम ने कहा था कि वे उनके बारे में हमें और बताएंगी जब हम भारतीय संविधान का पाठ पढ़ेंगे,मै म    ने    कहा    था    कि    वे    उनके    बारे    में    हमें    और    बता ए ंगी    जब    हम    भारतीय    सं विधान    का    पाठ    पढ़ े ंगे ,67,25
1833,"उन्होंने समाज से जाति के आधार पर भेदभाव खत्म करने के लिए लड़ाई की थी, है ना","उन्होंने    समाज    से    जा ति    के    आधार    पर    भे द भाव    खत्म    करने    के    लिए    लड़ाई    की    थी,    है    ना ",59,20
1834,"हाँ, खुद दलित होने की वजह से उन्हें पता था कि छुआछूत की बुराई से जूझना कितना मुश्किल है","हा ँ,    खुद    द लित    होने    की    वजह    से    उन्हें    पता    था    कि    छु आ छू त    की    बु रा ई    से    जू झ ना    कितना    मुश्किल    है ",69,28
1835,इसलिए इन्होंने निचली जाति के लोगों के अधिकारों के लिए लड़ाई लड़ी,इसलिए    इन् होंने    नि चली    जा ति    के    लोगों    के    अधि कारों    के    लिए    लड़ाई    ल ड़ी ,53,17
1836,उन्होंने बड़े पैमाने में भेदभाव के खिलाफ लड़ाई की और जीत हासिल की,उन्होंने    बड़े    पैमाने    में    भे द भाव    के    खिलाफ    लड़ाई    की    और    जीत    हासिल    की ,53,15
1837,"वाह, कितना मजबूत व्यक्तित्व था उनका","वाह ,    कितना    मजबूत    व्यक्ति त्व    था    उनका ",30,8
1838,इसलिए इस दिन को पूरे उपमहाद्वीप में समानता दिवस के रूप में भी मनाया जाता है,इसलिए    इस    दिन    को    पूरे    उपमहाद्वीप    में    स मान ता    दिवस    के    रूप    में    भी    मनाया    जाता    है ,60,18
1839,मुझे मालूम है कि तुम्हें इस व्यक्ति के बारे में पढ़ने में बहुत अच्छा लगेगा जब तुम यह पाठ स्कूल में पढ़ोगी,मुझे    मा लू म    है    कि    तुम्हें    इस    व्यक्ति    के    बारे    में    पढ़ ने    में    बहुत    अच्छा    लग े गा    जब    तुम    यह    पाठ    स्कूल    में    पढ़ ो गी ,84,29
1840,"हाँ माँ, मैं इसके लिए इंतज़ार नहीं कर सकती","हाँ    मा ँ,    मैं    इसके    लिए    इंत ज़ार    नहीं    कर    सकती ",34,11
1841,मैं वास्तव में उत्सुक हूं,मैं    वास्तव    में    उत् सु क    हू ं ,21,8
1842,"ठीक है, अब बताओ कि कौन सी फिल्म देखना चाहती हो","ठीक    है,    अब    बता ओ    कि    कौन    सी    फिल्म    देख ना    चाह ती    हो ",36,14
1843,क्या तुम नई मार्वल फिल्म देखना चाहोगी,क्या    तुम    नई    मार् वल    फिल्म    देख ना    चा हो गी ,31,11
1844,तुम्हारा मतलब है डॉक्टर स्ट्रेंज और मल्टीवर्स ऑफ मैडनेस,तुम्ह ारा    मतलब    है    डॉक्टर    स्ट ्रे ंज    और    मल् टी वर् स    ऑफ    मै ड नेस ,47,17
1845,मैं उसे देखने के लिए बेकरार हूँ,मैं    उसे    देखने    के    लिए    बे करा र    हूँ ,25,9
1846,क्या तुम टिकट बुक कर सकती हो,क्या    तुम    टिकट    बु क    कर    सकती    हो ,22,8
1847,पहले पिताजी से बात कर लूं,पहले    पि ता जी    से    बात    कर    लू ं ,20,9
1848,"हैलो, तुम वेब डिजाइनिंग का कोर्स कर रही हो न","है लो ,    तुम    वेब    डिजा इ नि ंग    का    को र्स    कर    रही    हो    न ",35,16
1849,"मेरी एक दोस्त भी यही कोर्स करने की सोच रही है, तो मैंने उससे कहा कि मैं उसके बारे में तुमसे कुछ जानकारी लूँगी","मेरी    एक    दोस्त    भी    यही    को र्स    करने    की    सोच    रही    है,    तो    मैंने    उससे    कहा    कि    मैं    उसके    बारे    में    तुम से    कुछ    जानकारी    लू ँ गी ",86,28
1850,"हाँ, ये मेरा दूसरा साल है","हा ँ,    ये    मेरा    दूसरा    साल    है ",20,7
1851,"बढ़िया, तो वो क्या जानना चाहती है","बढ़ िया,    तो    वो    क्या    जान ना    चाह ती    है ",27,10
1852,कौन-कौन से कॉलेज हैं जहाँ वेब डिजाइनिंग का डिप्लोमा कोर्स होता है,कौ न- कौन    से    कॉलेज    हैं    जहाँ    वेब    डिजा इ नि ंग    का    डि प् लो मा    को र्स    होता    है ,54,21
1853,"उसने अपनी पसंद के बारे में कुछ पक्का तय नहीं किया है, तो अभी बस इसे ट्राई करना चाहती है","उसने    अपनी    पसंद    के    बारे    में    कुछ    प क् का    तय    नहीं    किया    है,    तो    अभी    बस    इसे    ट्रा ई    करना    चाह ती    है ",68,24
1854,"ठीक है, मैं समझ गई","ठीक    है,    मैं    समझ    गई ",14,5
1855,ये पुणे के स्कूल ऑफ़ फैशन टेक्नोलॉजी; चेन्नई के स्टेला मैरिस कॉलेज और चेन्नई के लोयोला कॉलेज और अन्य बहुत सारे कॉलेजों में उपलब्ध है,ये    पुण े    के    स्कूल    ऑ फ़    फै शन    टेक् नो लॉ जी ;    चेन्नई    के    स्टे ला    मै रिस    कॉलेज    और    चेन्नई    के    लो यो ला    कॉलेज    और    अन्य    बहुत    सारे    कॉले जों    में    उपलब्ध    है ,108,37
1856,तुम तो लोयोला कॉलेज गई थी न,तुम    तो    लो यो ला    कॉलेज    गई    थी    न ,21,9
1857,"हाँ, मेरी पढ़ाई वहीं हुई थी","हा ँ,    मेरी    पढ़ाई    व हीं    हुई    थी ",22,8
1858,"तुमने जो कॉलेज बताए, वे काफ़ी नामी हैं","तुम ने    जो    कॉलेज    बता ए,    वे    का फ़ ी    ना मी    हैं ",31,13
1859,प्रवेश की प्रक्रिया क्या है,प्रवेश    की    प्रक्रिया    क्या    है ,23,5
1860,"हाँ, कुछ कॉलेज अपने खुद के एंट्रेंस एक्ज़ाम करवाते हैं","हा ँ,    कुछ    कॉलेज    अपने    खुद    के    एं ट्रे ंस    एक् ज़ा म    कर वा ते    हैं ",45,17
1861,और10वीं और 12वीं की ग्रेड भी देखते हैं,औ र 10 वीं    और    12 वीं    की    ग्रे ड    भी    देखते    हैं ,31,13
1862,एन,ए न ,2,2
1863,आई,आई ,2,1
1864,डी,डी ,2,1
1865,एंट्रेंस एक्ज़ाम जैसी राष्ट्रीय परीक्षाएँ भी हैं,एं ट्रे ंस    एक् ज़ा म    जैसी    राष्ट्रीय    परी क्षा एँ    भी    हैं ,42,13
1866,मेरी दोस्त के बोर्ड में वाकई बहुत अच्छे नंबर आए थे तो वे मेरिट के आधार पर किसी भी एंट्रेंस में पास हो सकती है,मेरी    दोस्त    के    बोर्ड    में    वा कई    बहुत    अच्छे    नंबर    आए    थे    तो    वे    मे रि ट    के    आधार    पर    किसी    भी    एं ट्रे ंस    में    पास    हो    सकती    है ,85,30
1867,उसे अपनी क्रिएटिव स्किल पर खास भरोसा नहीं है,उसे    अपनी    क्रि ए टिव    स् किल    पर    खास    भ रो सा    नहीं    है ,36,14
1868,इन यूनिवर्सिटियों में डिप्लोमा कोर्स कितने समय का है,इन    यूनि वर् सि टियों    में    डि प् लो मा    को र्स    कि तने    समय    का    है ,44,17
1869,आम तौर पर ये एक से दो साल तक चलता है,आम    तौर    पर    ये    एक    से    दो    साल    तक    चलता    है ,26,11
1870,असल में ये इस बात पर निर्भर करता है कि किस कॉलेज में एडमिशन लिया है,अ सल    में    ये    इस    बात    पर    निर्भर    करता    है    कि    किस    कॉलेज    में    एड मि शन    लिया    है ,52,19
1871,क्या करियर ऑप्शन अच्छे हैं,क्या    करियर    ऑ प् शन    अच्छे    हैं ,22,7
1872,"हाँ, इस फ़ील्ड में नौकरी के मौके बढ़िया हैं","हा ँ,    इस    फ़ ी ल्ड    में    नौकरी    के    मौ के    बढ़ िया    हैं ",35,14
1873,खास कर के तब जब दुनिया तेजी से डिजिटल होती जा रही है,खास    कर    के    तब    जब    दुनिया    तेजी    से    डिजिटल    होती    जा    रही    है ,40,13
1874,हम्म,ह म् म ,4,3
1875,मैं समझ रही हूँ तुम क्या कहना चाहती हो,मैं    समझ    रही    हूँ    तुम    क्या    कहना    चाह ती    हो ,30,10
1876,क्या तुम ऐसे किसी को जानती हो जिसने पहले यह कोर्स किया हो,क्या    तुम    ऐसे    किसी    को    जान ती    हो    जिसने    पहले    यह    को र्स    किया    हो ,45,15
1877,"हाँ, मेरे एक दोस्त ने कुछ पाँच साल पहले वेब डिजाइनिंग में डिप्लोमा किया था","हा ँ,    मेरे    एक    दोस्त    ने    कुछ    पाँच    साल    पहले    वेब    डिजा इ नि ंग    में    डि प् लो मा    किया    था ",60,22
1878,आज वो एक सफल वेब डिज़ाइनर है,आज    वो    एक    सफल    वेब    डि ज़ा इन र    है ,22,10
1879,"अगर तुम्हें कोई एतराज़ न हो, तो क्या मुझे उनकी कॉन्टैक्ट इंफ़ॉरमेशन मिल सकती है","अगर    तुम्हें    कोई    ए त राज ़   न    हो,    तो    क्या    मुझे    उनकी    कॉन् टै क्ट    इं फ़ ॉ र मे शन    मिल    सकती    है ",65,25
1880,ऐसा इसलिए कि फिर मैं इसे अपनी दोस्त को दे सकती हूँ ताकि वो किसी से इस कोर्स के बारे में डीटेल में बात कर सके,ऐसा    इसलिए    कि    फिर    मैं    इसे    अपनी    दोस्त    को    दे    सकती    हूँ    ताकि    वो    किसी    से    इस    को र्स    के    बारे    में    डी टेल    में    बात    कर    सके ,83,28
1881,"बिल्कुल, मैं तुम्हें वॉट्सएप पर कॉन्टैक्ट भेज दूँगी","बिल् कु ल,    मैं    तुम्हें    वॉ ट् स ए प    पर    कॉन् टै क्ट    भेज    दू ँ गी ",44,18
1882,क्या मुझे बहुत देर हो गई,क्या    मुझे    बहुत    देर    हो    गई ,19,6
1883,परेड शुरू हो गई क्या,परे ड    शुरू    हो    गई    क्या ,16,6
1884,पता नहीं इतनी देर कैसे सो गई मैं,पता    नहीं    इतनी    देर    कैसे    सो    गई    मैं ,25,8
1885,"चिंता मत करो, तुम सही समय पर आई हो","चिंता    मत    करो ,    तुम    सही    समय    पर    आई    हो ",26,10
1886,अभी बस 5 ही मिनट हुए हैं,अभी    बस    5    ही    मिनट    हुए    हैं ,18,7
1887,इधर आ कर बैठो,इ धर    आ    कर    बैठ ो ,10,6
1888,मैंने क्या मिस किया,मैंने    क्या    मि स    किया ,16,5
1889,कुछ खास नहीं,कुछ    खास    नहीं ,10,3
1890,बस राष्ट्रपति जी का राष्ट्रीय झंडा फहराना,बस    राष्ट्रपति    जी    का    राष्ट्रीय    झ ंडा    फ हरा ना ,35,10
1891,और राष्ट्रपति को 21 तोपों की सलामी,और    राष्ट्रपति    को    21    तो पों    की    सला मी ,28,9
1892,"अभी आर्मी, नेवी और एयर फोर्स की अलग-अलग टुकड़ियाँ और उनके साथ उनके बैंड राजपथ पर राष्ट्रपति भवन से मार्च करते आ रहे हैं","अभी    आर् मी,    ने वी    और    ए यर    फो र्स    की    अलग-अलग    टुक ड़ ियाँ    और    उनके    साथ    उनके    बैंड    राज पथ    पर    राष्ट्रपति    भ वन    से    मार्च    करते    आ    रहे    हैं ",96,32
1893,ये लोग कहाँ जा रहे हैं,ये    लोग    क हाँ    जा    रहे    हैं ,17,7
1894,इंडिया गेट की तरफ और अंत में लाल किला,इंडिया    गे ट    की    तरफ    और    अंत    में    लाल    किला ,29,10
1895,"जैसे-जैसे वे गुजरते हैं, राष्ट्रपति को सलाम करते हैं","जैसे-जैसे    वे    गुजर ते    हैं,    राष्ट्रपति    को    सला म    करते    हैं ",44,11
1896,और देखो वे भी किस तरह खड़े हैं और उन्हें आगे मार्च करते जाने के लिए प्रोत्साहित कर रहे हैं,और    देख ो    वे    भी    किस    तरह    खड़े    हैं    और    उन्हें    आगे    मार्च    करते    जाने    के    लिए    प्रोत्साहित    कर    रहे    हैं ,71,21
1897,काश मैं किसी दिन सामने से बैठ कर देख सकूं,काश    मैं    किसी    दिन    सामने    से    बै ठ    कर    देख    सक ू ं ,32,13
1898,अलग-अलग राज्यों की प्रदर्शनी का क्या हुआ,अलग-अलग    राज्यों    की    प्रदर्श नी    का    क्या    हुआ ,34,8
1899,क्या वह आर्मी के मार्च पास्ट के बाद होगा,क्या    वह    आर् मी    के    मार्च    पा स्ट    के    बाद    होगा ,32,11
1900,"हाँ, जब सारी टुकड़ियाँ मार्च करके निकल जाएंगी, तब वे सब आएंगे","हा ँ,    जब    सारी    टुक ड़ ियाँ    मार्च    करके    निकल    जाए ंग ी,    तब    वे    सब    आ ए ंगे ",50,19
1901,हर राज्य को एक झांकी में दिखाया जाएगा,हर    राज्य    को    एक    झा ं की    में    दिखाया    जाए गा ,30,11
1902,"इनमें उस विशिष्ट राज्य का इतिहास, संस्कृति, धरोहर, विकास कार्यक्रम और पर्यावरण दिखाया जाता है","इनमें    उस    विशिष्ट    राज्य    का    इतिहा स,    संस् कृ ति,    ध रो ह र,    विकास    कार्यक्रम    और    पर्या वरण    दिखाया    जाता    है ",79,22
1903,वो अपने साथ कुछ ऐनिमेशन और साउंड भी लेकर चलते हैं,वो    अपने    साथ    कुछ    ऐ नि मे शन    और    साउ ंड    भी    लेकर    चलते    हैं ,39,15
1904,काफी रंगारंग डिस्प्ले होता है,काफी    रंग ार ंग    डि स् प्ले    होता    है ,25,9
1905,और मेरे लिए पूरी परेड का सबसे पसंदीदा भाग भी यही है,और    मेरे    लिए    पूरी    परे ड    का    सबसे    पसंदीदा    भाग    भी    यही    है ,40,13
1906,मुझे आज भी याद है पिछली बार पश्चिम बंगाल की झांकी किस तरह से सजाई गई थी,मुझे    आज    भी    याद    है    पिछ ली    बार    पश्चिम    बंगाल    की    झा ं की    किस    तरह    से    स जा ई    गई    थी ,55,22
1907,और उस पर ग्रामीण बंगाल का लोक नृत्य दर्शा रहे नर्तक भी,और    उस    पर    ग्रामीण    बंगाल    का    लोक    नृत्य    दर् शा    रहे    नर् तक    भी ,43,14
1908,"पता नहीं, इस साल क्या दिखाने वाले हैं","पता    नही ं,    इस    साल    क्या    दिखा ने    वाले    हैं ",30,10
1909,इंतज़ार करते हैं और देखते हैं,इंत ज़ार    करते    हैं    और    देखते    हैं ,24,7
1910,"लेकिन भूलना मत, आज 12 बजे के करीब तुम्हारी सिट एंड ड्रॉ प्रतियोगिता भी है","लेकिन    भू लना    म त,    आज    12    ब जे    के    करीब    तुम्ह ारी    सि ट    एंड    ड्र ॉ   प्रतियोगिता    भी    है ",59,21
1911,क्या तुम उसके लिए तैयार हो,क्या    तुम    उसके    लिए    तैयार    हो ,21,6
1912,मैंने पहले से ही स्केच बनाने का अभ्यास कर लिया है,मैंने    पहले    से    ही    स्के च    बनाने    का    अभ्यास    कर    लिया    है ,39,12
1913,मैं गणतंत्र दिवस के परेड की एक झलक ड्रा करने वाली हूँ,मैं    गण तंत्र    दिवस    के    परे ड    की    एक    झ लक    ड्र ा    करने    वाली    हूँ ,42,16
1914,काश मुझे इनाम मिल जाए,काश    मुझे    इ नाम    मिल    जाए ,17,6
1915,इनामों के बारे में मत सोचो,इ ना मों    के    बारे    में    मत    सोच ो ,21,9
1916,वहाँ पर बस मस्त रहना,वहाँ    पर    बस    म स्त    रहना ,16,6
1917,मेरी शुभकामनाएं तुम्हारे साथ हैं,मेरी    शु भ का मना एं    तुम्ह ारे    साथ    हैं ,28,10
1918,थैंक यू डैड,थै ंक    य ू    डै ड ,9,6
1919,"लेकिन प्रतियोगिता के कारण परेड का जो भाग मैं मिस कर जाऊँ, उसे आप हर हाल में देखें","लेकिन    प्रतियोगिता    के    कारण    परे ड    का    जो    भाग    मैं    मि स    कर    जा ऊँ ,    उसे    आप    हर    हाल    में    देख ें ",64,23
1920,रात को सोने से पहले उसके बारे में सुनूंगी,रात    को    सो ने    से    पहले    उसके    बारे    में    सु नू ंगी ,33,12
1921,"हेलो, क्या यह समाधान हेल्पलाइन है","हे लो ,    क्या    यह    समा धान    हे ल्प लाइन    है ",28,11
1922,"हाँ, मैं आपकी कैसे सहायता कर सकता हूँ","हा ँ,    मैं    आपकी    कैसे    सहायता    कर    सकता    हूँ ",30,9
1923,मैं हरीश हूँ और मैं स्वामी विवेकानंद शैक्षिक संस्थान की ओर से फोन कर रहा हूँ,मैं    ह री श    हूँ    और    मैं    स्वा मी    वि वे का न ंद    शै क्ष िक    संस्थान    की    ओर    से    फोन    कर    रहा    हूँ ,61,25
1924,मैं साधन-सह-योग्यता छात्रवृत्ति कार्यक्रम के बारे में और जानना चाहता हूँ,मैं    साध न- सह- योग ्यता    छा त्र वृत्ति    कार्यक्रम    के    बारे    में    और    जान ना    चाहता    हूँ ,62,18
1925,जिससे कि मैं इस कार्यक्रम के बारे में अपने छात्रों को जानकारी दे सकूं,जिससे    कि    मैं    इस    कार्यक्रम    के    बारे    में    अपने    छात्रों    को    जानकारी    दे    सक ू ं ,56,16
1926,ठीक है,ठीक    है ,5,2
1927,इस योजना का मुख्य उद्देश्य है अल्पसंख्यक समुदायों के वंचित और काबिल छात्रों को आर्थिक सहायता देना,इस    योजना    का    मुख्य    उद्देश्य    है    अल्प संख ्य क    समुदायों    के    वं चित    और    का बिल    छात्रों    को    आर्थिक    सहायता    देना ,81,22
1928,और इस छात्रवृत्ति से वे पेशेवर और तकनीकी शिक्षा पा सकेंगे,और    इस    छा त्र वृत्ति    से    वे    पेशेवर    और    तकनी की    शिक्षा    पा    सक े ंगे ,47,16
1929,यह योजना अल्पसंख्यक कार्य मंत्रालय द्वारा शुरू की गई है,यह    योजना    अल्प संख ्य क    कार्य    मं त्रा लय    द्वारा    शुरू    की    गई    है ,46,15
1930,"जी, सर","जी ,    सर ",5,3
1931,"क्या यह सही है कि यह छात्रवृत्ति भारत में पढ़ाई के लिए है, सर","क्या    यह    सही    है    कि    यह    छा त्र वृत्ति    भारत    में    पढ़ाई    के    लिए    है,    सर ",48,16
1932,हाँ,हाँ ,3,1
1933,यह छात्रवृत्ति केवल उन छात्रों के लिए है जो भारत के किसी सरकारी या निजी महाविद्यालय में पढ़ रहे हैं,यह    छा त्र वृत्ति    केवल    उन    छात्रों    के    लिए    है    जो    भारत    के    किसी    सरकारी    या    निजी    महाविद्यालय    में    प ढ़    रहे    हैं ,80,23
1934,क्या यह छात्रवृत्ति केवल स्नातक के छात्रों के लिए है,क्या    यह    छा त्र वृत्ति    केवल    स्नातक    के    छात्रों    के    लिए    है ,43,12
1935,"नहीं, यह स्नातक एवं स्नातकोत्तर स्तर पर तकनीकी और पेशेवर पाठ्यक्रमों के लिए दी जाएगी","नही ं,    यह    स्नातक    एव ं    स्ना त को त्तर    स्तर    पर    तकनी की    और    पेशेवर    पाठ ्य क्रमों    के    लिए    दी    जाए गी ",70,24
1936,इस छात्रवृत्ति के लिए अप्लाई करने के क्या मानदंड हैं,इस    छा त्र वृत्ति    के    लिए    अप ् लाई    करने    के    क्या    मान द ंड    हैं ,43,16
1937,"जिन छात्रों को पिछली फाइनल परीक्षा में कम से कम 50% अंक या उसके समान ग्रेड हासिल हुए हैं, वे इस छात्रवृत्ति के योग्य हैं","जिन    छात्रों    को    पिछ ली    फाइनल    परी क्षा    में    कम    से    कम    50 %    अंक    या    उसके    समान    ग्रे ड    हासिल    हुए    हैं,    वे    इस    छा त्र वृत्ति    के    योग्य    हैं ",96,31
1938,"इसके साथ ही, उनके माता-पिता या अभिभावकों की सभी स्रोतों से आय रु","इसके    साथ    ही,    उनके    माता-पिता    या    अभि भाव कों    की    सभी    स्रो तों    से    आय    रु ",52,16
1939,2,2 ,1,1
1940,50 लाख से ज्यादा नहीं है,50    लाख    से    ज्यादा    नहीं    है ,19,6
1941,"सर, कितने छात्रों को एम","सर ,    कि तने    छात्रों    को    ए म ",19,8
1942,सी,सी ,2,1
1943,एम दी जाएगी,ए म    दी    जाए गी ,9,5
1944,"पुनरारम्भ की गई छात्रवृत्तियों के अलावा, 60,000 नई छात्रवृत्तियाँ दिए जाने का लक्ष्य है","पुन र ार म् भ    की    गई    छा त्र वृत् तियों    के    अलावा,    6 0,000    नई    छा त्र वृत् तियाँ    दिए    जाने    का    लक्ष्य    है ",74,25
1945,यह तो काफी बड़ी संख्या है और इससे वे छात्र लाभान्वित होंगे जिनको इसकी जरूरत है,यह    तो    काफी    बड़ी    संख्या    है    और    इससे    वे    छात्र    ला भा न् वित    हो ंगे    जिन को    इसकी    जरू रत    है ,63,22
1946,यह छात्रवृत्तियाँ अन्य छात्रों के लिए भी प्रेरणा का स्रोत हैं,यह    छा त्र वृत् तियाँ    अन्य    छात्रों    के    लिए    भी    प्रेर णा    का    स्रोत    हैं ,51,15
1947,"हाँ, आप सही कह रहे हैं","हा ँ,    आप    सही    क ह    रहे    हैं ",17,8
1948,"एक आरक्षण नीति भी है, यानी राज्य/केंद्र शासित प्रदेश के हर अल्पसंख्यक समुदाय की छात्राओं के लिए 30% छात्रवृत्तियाँ निर्धारित हैं","एक    आ रक्ष ण    नीति    भी    है,    या नी    राज्य / केंद्र    शासित    प्रदेश    के    हर    अल्प संख ्य क    समुदाय    की    छा त्रा ओं    के    लिए    3 0 %    छा त्र वृत् तियाँ    निर्धारित    हैं ",108,36
1949,"ओह, यह तो बहुत ही अच्छा है","ओ ह,    यह    तो    बहुत    ही    अच्छा    है ",20,8
1950,यह छात्रवृत्ति कब तक चलेगी,यह    छा त्र वृत्ति    क ब    तक    च ले गी ,22,10
1951,छात्रवृत्ति सम्पूर्ण शैक्षणिक वर्ष /पाठ्यक्रम के लिए दी जाएगी,छा त्र वृत्ति    सम् पूर्ण    शै क्ष णिक    वर्ष    / पाठ ्य क्रम    के    लिए    दी    जाए गी ,53,18
1952,और पूरे शैक्षणिक वर्ष के लिए रखरखाव भत्ते के रूप में रु,और    पूरे    शै क्ष णिक    वर्ष    के    लिए    रख रखा व    भ त् ते    के    रूप    में    रु ,44,18
1953,"10,000/- की एक मुश्त राशि होस्टल में रहने वालों के लिए और गैर छात्रावासी विद्यार्थियों के लिए रु","10 ,0 0 0 / -    की    एक    मुश् त    राशि    हो स्ट ल    में    रहने    वालों    के    लिए    और    गै र    छा त्रा वासी    विद्या र्थ ियों    के    लिए    रु ",79,31
1954,"5,000/-की एक मुश्त राशि दी जाएगी","5 ,0 0 0 / - की    एक    मुश् त    राशि    दी    जाए गी ",27,14
1955,बढ़िया है,बढ़ िया    है ,8,3
1956,तो इस छात्रवृत्ति के लिए कैसे अप्लाई करना चाहिए,तो    इस    छा त्र वृत्ति    के    लिए    कैसे    अप ् लाई    करना    चाहिए ,39,13
1957,यह योजना राष्ट्रीय छात्रवृत्ति पोर्टल (एन,यह    योजना    राष्ट्रीय    छा त्र वृत्ति    पोर् टल    ( ए न ,36,11
1958,एस,ए स ,2,2
1959,पी,पी ,2,1
1960,) के माध्यम से लागू की जाती है,)    के    माध्यम    से    लागू    की    जाती    है ,23,8
1961,यह सभी छात्रों के लिए अनिवार्य है कि वे ऑनलाइन आवेदन www,यह    सभी    छात्रों    के    लिए    अ निवा र्य    है    कि    वे    ऑनलाइन    आवे दन    w w w,45,17
1962,scholarships,s c h o l a r s h i p s,12,12
1963,gov,g o v,3,3
1964,in वेबसाइट पर भरें,i n   वेबसाइट    पर    भर ें ,15,6
1965,यह उनके लिए उपयोगी होगा,यह    उनके    लिए    उपयोगी    होगा ,19,5
1966,आप और विवरण राष्ट्रीय छात्रवृत्ति पोर्टल (एन,आप    और    विवरण    राष्ट्रीय    छा त्र वृत्ति    पोर् टल    ( ए न ,38,12
1967,एस,ए स ,2,2
1968,पी,पी ,2,1
1969,) से डाउनलोड कर सकते हैं,)    से    डा उन लो ड    कर    सकते    हैं ,19,9
1970,"ठीक है, सर","ठीक    है,    सर ",8,3
1971,बहुत-बहुत धन्यवाद,बहु त- बहुत    ध न्य वाद ,16,6
1972,स्वागत है,स्वा गत    है ,8,3
1973,"नमस्कार, अगले महीने मेरी शादी होने वाली है","न मस् कार,    अगले    महीने    मेरी    शादी    होने    वाली    है ",35,10
1974,क्या आप मुझे उसके लिए ज़रूरी कानूनी प्रोसीजर बता सकेंगे,क्या    आप    मुझे    उसके    लिए    ज़रू री    कानूनी    प्रो सी जर    ब ता    सक े ंगे ,46,16
1975,मैं अपनी शादी को वैध कानूनी रूप किस प्रकार से दे सकती हूँ,मैं    अपनी    शादी    को    वै ध    कानूनी    रूप    किस    प्रकार    से    दे    सकती    हूँ ,45,14
1976,किसी भी विवाह को कानूनी रूप से वैध माने जाने के लिए उसका रजिस्ट्रेशन कराना जरूरी है,किसी    भी    विवाह    को    कानूनी    रूप    से    वै ध    माने    जाने    के    लिए    उसका    र जि स्ट ्रे शन    करा ना    जरू री    है ,67,24
1977,विवाह के रजिस्ट्रेशन की प्रक्रिया तब समाप्त होती है जब दूल्हा-दुल्हन को विवाह का प्रमाणपत्र मिल जाता है,विवाह    के    र जि स्ट ्रे शन    की    प्रक्रिया    तब    समाप्त    होती    है    जब    दू ल् हा - दुल्हन    को    विवाह    का    प्रमा ण पत्र    मिल    जाता    है ,86,28
1978,मुझे विवाह का प्रमाणपत्र कैसे मिलेगा,मुझे    विवाह    का    प्रमा ण पत्र    कैसे    मिले गा ,31,9
1979,आपको अपनी शादी का रजिस्ट्रेशन कराने के लिए आवेदन करते हुए एक एफिडेविट जमा करना होगा,आपको    अपनी    शादी    का    र जि स्ट ्रे शन    कराने    के    लिए    आवे दन    करते    हुए    एक    ए फि डेवि ट    जमा    करना    होगा ,68,24
1980,वर-वधू अपने विवाह के लिए संयुक्त एफिडेविट जमा कर सकते हैं या फिर अलग-अलग एफिडेविट भी जमा कर सकते हैं,व र- व ध ू    अपने    विवाह    के    लिए    संयुक्त    ए फि डेवि ट    जमा    कर    सकते    हैं    या    फिर    अलग-अलग    ए फि डेवि ट    भी    जमा    कर    सकते    हैं ,81,30
1981,क्या इन दोनों में कोई फर्क है,क्या    इन    दोनों    में    कोई    फ र्क    है ,23,8
1982,कुछ ज्यादा फर्क नहीं होता लेकिन कुछ राज्यों में संयुक्त एफिडेविट जमा करना अनिवार्य है,कुछ    ज्यादा    फ र्क    नहीं    होता    लेकिन    कुछ    राज्यों    में    संयुक्त    ए फि डेवि ट    जमा    करना    अ निवा र्य    है ,71,21
1983,"अच्छा, तो शादी का रजिस्ट्रेशन कराने के लिए संयुक्त एफिडेविट भरने के क्या-क्या चरण होते हैं","अच्छ ा,    तो    शादी    का    र जि स्ट ्रे शन    कराने    के    लिए    संयुक्त    ए फि डेवि ट    भर ने    के    क ्या - क्या    चरण    होते    हैं ",75,28
1984,"भारत में शादियाँ दो अधिनियमों के तहत रजिस्टर की जा सकती हैं, विशेष विवाह अधिनियम 1954 और हिंदू विवाह अधिनियम 1955","भारत    में    शा द ियाँ    दो    अधि नियमों    के    तहत    र जि स्टर    की    जा    सकती    हैं,    विशेष    विवाह    अधिनियम    195 4    और    हिंदू    विवाह    अधिनियम    195 5 ",93,28
1985,पहले वाला सभी पर लागू होता है चाहे वे किसी भी मत या धर्म के हों और इसमें विदेशों में रहने वाले भारतीय नागरिक भी शामिल हैं,पहले    वाला    सभी    पर    लागू    होता    है    चाह े    वे    किसी    भी    मत    या    धर्म    के    हों    और    इसमें    वि देशों    में    रहने    वाले    भारतीय    नागरिक    भी    शामिल    हैं ,95,29
1986,अंतर्धार्मिक विवाह भी इसी अधिनियम के तहत रजिस्टर किए जाते हैं,अंतर् धार्मिक    विवाह    भी    इसी    अधिनियम    के    तहत    र जि स्टर    किए    जाते    हैं ,51,14
1987,"दूसरा वाला दो हिंदुओं पर लागू होता है जिनमें जैन, बौद्ध और सिख भी आ जाते हैं","दूसरा    वाला    दो    हिंदुओं    पर    लागू    होता    है    जिनमें    जै न,    बौद्ध    और    सिख    भी    आ    जाते    हैं ",60,18
1988,विशेष विवाह अधिनियम के तहत संयुक्त एफिडेविट जमा करने के लिए क्या-क्या करना होता है,विशेष    विवाह    अधिनियम    के    तहत    संयुक्त    ए फि डेवि ट    जमा    करने    के    लिए    क ्या - क्या    करना    होता    है ,68,21
1989,सबसे पहले होने वाली शादी का नोटिस आपके जिले के विवाह रजिस्ट्रार के यहाँ दर्ज किया जाना चाहिए,सबसे    पहले    होने    वाली    शादी    का    नो टिस    आपके    जिले    के    विवाह    र जि स्ट ्रा र    के    यहाँ    दर्ज    किया    जाना    चाहिए ,75,23
1990,यह उसी जगह से दर्ज किया जा सकता है जहां दोनों में से कोई भी पक्ष कम से कम तीस दिनों तक रहा हो,यह    उसी    जगह    से    दर्ज    किया    जा    सकता    है    जहां    दोनों    में    से    कोई    भी    पक्ष    कम    से    कम    ती स    दिनों    तक    रहा    हो ,70,25
1991,यह नोटिस फिर रजिस्ट्रार के ऑफिस के नोटिस बोर्ड पर लगाया जाता है जिससे अगर किसी को भी इस शादी से एतराज हो तो वह अपनी आपत्ति पेश कर सके,यह    नो टिस    फिर    र जि स्ट ्रा र    के    ऑफिस    के    नो टिस    बोर्ड    पर    लगाया    जाता    है    जिससे    अगर    किसी    को    भी    इस    शादी    से    ए त राज    हो    तो    वह    अपनी    आप त् ति    पेश    कर    सके ,104,40
1992,अगर 30 दिनों के भीतर शादी के खिलाफ कोई आपत्ति पेश नहीं की जाती तो क्या फिर शादी विधिपूर्वक सम्पन्न की जा सकती है,अगर    30    दिनों    के    भीतर    शादी    के    खिलाफ    कोई    आप त् ति    पेश    नहीं    की    जाती    तो    क्या    फिर    शादी    वि धि पूर्वक    सम् पन्न    की    जा    सकती    है ,89,29
1993,"हाँ, दूल्हा और दुल्हन को प्रत्येक पक्ष के 3 गवाहों की मौजूदगी में शादी करने के लिए ऑफिस में बुलाया जाता है","हा ँ,    दू ल् हा    और    दुल्हन    को    प्रत्येक    पक्ष    के    3    ग वा हों    की    मौजू द गी    में    शादी    करने    के    लिए    ऑफिस    में    बु लाया    जाता    है ",85,30
1994,इन छः के छः गवाहों को रजिस्टर में हस्ताक्षर करने होते हैं,इन    छ ः    के    छ ः    ग वा हों    को    र जि स्टर    में    हस्ताक्षर    करने    होते    हैं ,46,18
1995,ये हिंदू विवाह अधिनियम की प्रक्रिया से किस प्रकार से अलग है,ये    हिंदू    विवाह    अधिनियम    की    प्रक्रिया    से    किस    प्रकार    से    अलग    है ,48,12
1996,पति-पत्नी दोनों को एक आवेदन पत्र भरना पड़ता है और उनके विवाह समारोह की दो तस्वीरें तथा शादी का कार्ड जमा करना होता है,प ति - पत्नी    दोनों    को    एक    आवे दन    पत्र    भर ना    पड़ता    है    और    उनके    विवाह    समारोह    की    दो    तस्वी र ें    तथा    शादी    का    कार्ड    जमा    करना    होता    है ,94,31
1997,"दोनों पक्षों को अपनी पहचान, उम्र और पते के प्रमाण जमा करने होंगे","दोनों    पक्ष ों    को    अपनी    पहचा न,    उम्र    और    प ते    के    प्रमाण    जमा    करने    हो ंगे ",52,17
1998,शादी के समय उन दोनों के कोई जीवित साथी नहीं हैं- इस बात को स्थापित करते अलग-अलग एफिडेविट पहले से नोटरी द्वारा प्रमाणित करा कर जमा करने होंगे,शादी    के    समय    उन    दोनों    के    कोई    जीवित    साथी    नहीं    हैं -    इस    बात    को    स्थापित    करते    अलग-अलग    ए फि डेवि ट    पहले    से    नो ट री    द्वारा    प्रमा ण ित    करा    कर    जमा    करने    हो ंगे ,113,37
1999,क्या कोई समय सीमा है जिस बीच में विवाह का रजिस्ट्रेशन कराना जरूरी है,क्या    कोई    समय    सीमा    है    जिस    बीच    में    विवाह    का    र जि स्ट ्रे शन    करा ना    जरू री    है ,55,20
2000,शादी के रजिस्ट्रेशन में गवाह कौन बन सकता है,शादी    के    र जि स्ट ्रे शन    में    ग वाह    कौन    बन    सकता    है ,35,14
2001,हिंदू विवाह अधिनियम के तहत आपको शादी के समारोह के एक महीने के भीतर शादी का रजिस्ट्रेशन करा लेना चाहिए,हिंदू    विवाह    अधिनियम    के    तहत    आपको    शादी    के    समारोह    के    एक    महीने    के    भीतर    शादी    का    र जि स्ट ्रे शन    करा    लेना    चाहिए ,82,24
2002,"दूल्हा और दुल्हन, दोनों ही तीन गवाहों की मौजूदगी में रजिस्टर में हस्ताक्षर करते हैं","दू ल् हा    और    दुल् ह न,    दोनों    ही    तीन    ग वा हों    की    मौजू द गी    में    र जि स्टर    में    हस्ताक्षर    करते    हैं ",69,25
2003,दोनों ही पक्षों के माता-पिता या अभिभावक रजिस्ट्रेशन के दौरान मौजूद होने चाहिए,दोनों    ही    पक्ष ों    के    माता-पिता    या    अभि भाव क    र जि स्ट ्रे शन    के    दौरान    मौजूद    होने    चाहिए ,65,20
2004,एफिडेविट के लिए किन दस्तावेज़ों की जरूरत पड़ेगी,ए फि डेवि ट    के    लिए    कि न    दस्तावे ज़ ों    की    जरू रत    पड़ े गी ,40,17
2005,"आवेदन पत्र, पहचान प्रमाणपत्र, पते का प्रमाण, जन्म की तारीख का प्रमाण-पत्र, दुल्हन और दूल्हे की दो पासपोर्ट तस्वीरें एकदम आवश्यक हैं","आवे दन    पत्र ,    पहचान    प्रमा ण पत्र ,    प ते    का    प्रमा ण,    जन्म    की    तारीख    का    प्रमा ण- पत्र ,    दुल्हन    और    दू ल् हे    की    दो    पा स पोर्ट    तस्वी र ें    एक दम    आवश्यक    हैं ",110,39
2006,"अगर कोई तलाकशुदा या विधवा / विधुर है, तो तलाक का न्यायिक निर्णय या फिर पिछले साथी की मृत्यु का प्रमाण-पत्र लगाना जरूरी है","अगर    कोई    तला क शु दा    या    विध वा    /   विध ु र    है,    तो    तला क    का    न्या यिक    निर्णय    या    फिर    पिछले    साथी    की    मृत्यु    का    प्रमा ण- पत्र    लगा ना    जरू री    है ",98,36
2007,"हैलो, मैं पहली बार ई-वीज़ा के लिए एप्लाई कर रही हूँ","है लो ,    मैं    पहली    बार    ई- वी ज़ा    के    लिए    ए प् लाई    कर    रही    हूँ ",41,17
2008,मुझे उम्मीद है कि आप मुझे बताएंगे कि एप्लाई करने के लिए मुझे कौन-कौन से डॉक्यूमेंट चाहिए,मुझे    उम्मीद    है    कि    आप    मुझे    बता ए ंगे    कि    ए प् लाई    करने    के    लिए    मुझे    कौ न- कौन    से    डॉ क्यू मेंट    चाहिए ,72,25
2009,"बिल्कुल, अच्छा किया कि आपने मुझे कॉल कर लिया","बिल् कु ल,    अच्छा    किया    कि    आपने    मुझे    कॉल    कर    लिया ",36,11
2010,क्या मैं जान सकती हूँ कि आपको कौन-से देश के लिए वीज़ा चाहिए,क्या    मैं    जान    सकती    हूँ    कि    आपको    कौ न- से    देश    के    लिए    वी ज़ा    चाहिए ,47,16
2011,मुझे इंडिया के लिए टूरिस्ट वीज़ा चाहिए,मुझे    इंडिया    के    लिए    टू रि स्ट    वी ज़ा    चाहिए ,32,10
2012,मैं एक हफ़्ते के लिए जाऊँगी,मैं    एक    ह फ़् ते    के    लिए    जा ऊँ गी ,22,10
2013,"ठीक है, सबसे ज़रूरी डॉक्यूमेंट जो आपके पास होना चाहिए वो है पासपासपोर्ट","ठीक    है,    सबसे    ज़रू री    डॉ क्यू मेंट    जो    आपके    पास    होना    चाहिए    वो    है    पा स पा स पोर्ट ",59,20
2014,आपको यह जाँच लेना होगा कि पासपोर्ट इंडिया में पहुँचने की तारीख़ से कम से कम छह महीने तक के लिए वैध है,आपको    यह    जाँच    लेना    होगा    कि    पा स पोर्ट    इंडिया    में    पहुँचने    की    तारी ख़   से    कम    से    कम    छह    महीने    तक    के    लिए    वै ध    है ,79,27
2015,हमारे पास ऐसे कई केस आते हैं जो सिर्फ़ इसी कारण से ख़ारिज कर दिए जाते हैं,हमारे    पास    ऐसे    कई    के स    आते    हैं    जो    सिर् फ़    इसी    कारण    से    ख़ ार ि ज    कर    दिए    जाते    हैं ,57,22
2016,"हाँ, मैंने पहले ही अपने पासपोर्स की वैधता चेक कर ली है और वह ठीक वैसी ही है जैसा आप बता रहे हैं","हा ँ,    मैंने    पहले    ही    अपने    पा स पो र्स    की    वै ध ता    चेक    कर    ली    है    और    वह    ठीक    वै सी    ही    है    जैसा    आप    ब ता    रहे    हैं ",73,31
2017,क्या मुझे और किसी चीज़ की ज़रूरत होगी,क्या    मुझे    और    किसी    ची ज़    की    ज़रू रत    हो गी ,30,11
2018,"हाँ, फिर ठीक है","हा ँ,    फिर    ठीक    है ",12,5
2019,अगली चीज़ जो आपको लगेगी वह है वैध ईमेल आई,अगली    ची ज़    जो    आपको    लग े गी    वह    है    वै ध    ई मेल    आई ,32,15
2020,डी,डी ,2,1
2021,"प्लीज़ इसका भी ध्यान रखियेगा क्योंकि जब इंडियन वीज़ा प्रोसेस होकर स्वीकार हो जाता है, तो वह एप्लिकेशन पर दिए गए ईमेल पते पर सीधे भेज दिया जाता है","प् ली ज़    इसका    भी    ध्यान    रख िय े गा    क्योंकि    जब    इंड ियन    वी ज़ा    प्रो से स    होकर    स्वीकार    हो    जाता    है,    तो    वह    ए प् लि के शन    पर    दिए    गए    ई मेल    प ते    पर    सीधे    भेज    दिया    जाता    है ",117,44
2022,अगर मैं पर्सनल के बजाय ऑफ़िशियल आई,अगर    मैं    पर् स नल    के    बजाय    ऑ फ़ि श ियल    आई ,28,12
2023,डी,डी ,2,1
2024,का इस्तेमाल करूँ तो चलेगा क्या,का    इस्तेमाल    कर ू ँ    तो    च ले गा    क्या ,25,10
2025,मैं अपने पर्सनल आई,मैं    अपने    पर् स नल    आई ,15,6
2026,डी,डी ,2,1
2027,पर मेल बहुत ज़्यादा बार चेक नहीं करती,पर    मेल    बहुत    ज़्यादा    बार    चेक    नहीं    करती ,30,8
2028,उससे कोई फ़र्क नहीं पड़ता,उससे    कोई    फ़ र्क    नहीं    पड़ता ,21,6
2029,"ई-मेल पता चालू होना चाहिए, बस","ई- मेल    पता    चा लू    होना    चाहि ए,    बस ",24,9
2030,क्या मुझे बस इतनी ही चीज़ें लगेंगी,क्या    मुझे    बस    इतनी    ही    चीज़ ें    लग े ंगी ,28,10
2031,ई-वीज़ा इंडिया प्रमाण से जुड़ी ज़रूरतें भी हैं जो इंडिया में ट्रैवल करने की अनुमति के लिए ज़रूरी हैं,ई- वी ज़ा    इंडिया    प्रमाण    से    जुड़ी    ज़रू र तें    भी    हैं    जो    इंडिया    में    ट्रै वल    करने    की    अनुमति    के    लिए    ज़रू री    हैं ,82,25
2032,आवेदकों को अपने वैध पासपोर्ट के पहले पेज या बायोग्राफ़िकल पेज की स्कैन की हुई कलर कॉपी जमा करनी होगी,आ वेद कों    को    अपने    वै ध    पा स पोर्ट    के    पहले    पे ज    या    बा यो ग्रा फ़ि कल    पे ज    की    स्कै न    की    हुई    क लर    कॉ पी    जमा    करनी    हो गी ,81,35
2033,"हर आवेदक को हाल की पासपोर्ट-स्टाइल, कलर फ़ोटो भी जमा करनी होगा","हर    आवे दक    को    हाल    की    पा स पोर् ट - स्टा इ ल,    क लर    फ़ो टो    भी    जमा    करनी    होगा ",51,22
2034,यह तो बहुत सारी चीज़ें हैं,यह    तो    बहुत    सारी    चीज़ ें    हैं ,21,7
2035,मैं लिख लेती हूँ ताकि कहीं भूल न जाऊँ,मैं    लि ख    लेती    हूँ    ताकि    कहीं    भू ल    न    जा ऊ ँ ,29,13
2036,यह अच्छा रहेगा,यह    अच्छा    रहे गा ,12,4
2037,आपके पास डेबिट या क्रेडिट कार्ड भी होना चाहिए,आपके    पास    डे बि ट    या    क्रेडिट    कार्ड    भी    होना    चाहिए ,37,11
2038,"हाँ, मेरे पास एक है","हा ँ,    मेरे    पास    एक    है ",15,6
2039,"अगर मुझे कुछ पूछना हो, तो क्या मैं फिर कॉल कर सकती हूँ","अगर    मुझे    कुछ    पूछ ना    हो,    तो    क्या    मैं    फिर    कॉल    कर    सकती    हूँ ",42,14
2040,"बिल्कुल, अगर आप कुछ और पूछना चाहें तो हमसे संपर्क कर सकती हैं","बिल् कु ल,    अगर    आप    कुछ    और    पूछ ना    चा हें    तो    हम से    संपर्क    कर    सकती    हैं ",49,18
2041,मुझे इस साल एक विदेशी भाषा लेनी होगी,मुझे    इस    साल    एक    विदेशी    भाषा    ले नी    हो गी ,29,10
2042,मैं तय नहीं कर पा रही हूँ कि कौन सी लूं,मैं    तय    नहीं    कर    पा    रही    हूँ    कि    कौन    सी    लू ं ,29,12
2043,बहुत सारे ऑप्शन हैं,बहुत    सारे    ऑ प् शन    हैं ,16,6
2044,सच पूछो तो मैं कन्फ्यूज़ हूँ,सच    पूछ ो    तो    मैं    कन् फ ्यू ज़    हूँ ,23,10
2045,तुम्हारे हिसाब से मुझे कौन सी भाषा लेनी चाहिए,तुम्ह ारे    हि सा ब    से    मुझे    कौन    सी    भाषा    ले नी    चाहिए ,37,13
2046,मेरे हिसाब से तुम्हें वही लेनी चाहिए जो तुम्हें पसंद हो,मेरे    हि सा ब    से    तुम्हें    वही    ले नी    चाहिए    जो    तुम्हें    पसंद    हो ,45,14
2047,ऐसे में उसे सीखने में तुम्हारी दिलचस्पी बनी रहेगी,ऐसे    में    उसे    सीख ने    में    तुम्ह ारी    दि ल च स्प ी    बनी    रहे गी ,41,16
2048,"साथ ही, तुम्हें ऐसा भी नहीं लगेगा कि जोर-जबरदस्ती से तुम्हें पढ़नी पड़ रही है","साथ    ही,    तुम्हें    ऐसा    भी    नहीं    लग े गा    कि    जो र- जब र द स्ती    से    तुम्हें    पढ़ नी    पड़    रही    है ",63,23
2049,यही तो प्रॉब्लम है,यही    तो    प्र ॉ ब् लम    है ,15,7
2050,मुझे तो लगता है कि मुझे हर भाषा पसंद है,मुझे    तो    लगता    है    कि    मुझे    हर    भाषा    पसंद    है ,30,10
2051,"अगर मैं ऐसा कर सकती, तो मैं तो सभी को चुन लेती","अगर    मैं    ऐसा    कर    सक ती,    तो    मैं    तो    सभी    को    चु न    लेती ",35,14
2052,अगले साल मैं केवल एक ही ले सकती हूँ,अगले    साल    मैं    केवल    एक    ही    ले    सकती    हूँ ,27,9
2053,तो मैं कहूंगी कि तुम ऐसी भाषा लो जो तुम्हारे सबसे ज्यादा काम आए,तो    मैं    कह ू ंगी    कि    तुम    ऐसी    भाषा    लो    जो    तुम्ह ारे    सबसे    ज्यादा    काम    आए ,50,17
2054,ऐसी जो भविष्य में तुम्हारे लिए उपयोगी रहे,ऐसी    जो    भविष्य    में    तुम्ह ारे    लिए    उपयोगी    रहे ,34,9
2055,तुमने यह तय किया है क्या कि भविष्य में तुम क्या बनना चाहती हो,तुम ने    यह    तय    किया    है    क्या    कि    भविष्य    में    तुम    क्या    बन ना    चाह ती    हो ,48,17
2056,मैंने तो इस बारे में कुछ नहीं तय किया है,मैंने    तो    इस    बारे    में    कुछ    नहीं    तय    किया    है ,31,10
2057,क्या तुम बता सकती हो कि किस क्षेत्र में कौन सी भाषा काम आएगी,क्या    तुम    ब ता    सकती    हो    कि    किस    क्षेत्र    में    कौन    सी    भाषा    काम    आ ए गी ,47,17
2058,इससे बाद मुझे चुनने में बहुत मदद मिलेगी,इससे    बाद    मुझे    चुन ने    में    बहुत    मदद    मिले गी ,32,10
2059,"अगर तुम साहित्य लेना चाहती हो, तो फ्रेंच उसके लिए सबसे अच्छी रहेगी","अगर    तुम    साहित्य    लेना    चाह ती    हो,    तो    फ्रे ंच    उसके    लिए    सबसे    अच्छी    रहे गी ",54,16
2060,बहुत सारी साहित्यिक कृतियाँ हैं जो तुम पढ़ सकोगी,बहुत    सारी    साहि त्य िक    कृ तियाँ    हैं    जो    तुम    प ढ़    सक ो गी ,40,15
2061,अगर तुम एंटरटेनमेंट के फील्ड में जाना चाहती हो तो कोरियन फायदेमंद है,अगर    तुम    ए ंटर टेन मेंट    के    फील्ड    में    जाना    चाह ती    हो    तो    को रियन    फाय दे मं द    है ,56,21
2062,के-पॉप और के-ड्रामा आजकल बहुत चल रहे हैं,के - पॉ प    और    के - ड ्रा मा    आ ज कल    बहुत    चल    रहे    हैं ,33,17
2063,टूरिज़्म के लिए स्पैनिश वाकई उपयोगी होगी,टू रि ज़् म    के    लिए    स् पै नि श    वा कई    उपयोगी    हो गी ,34,15
2064,ये सब सुनने में बहुत सही लग रहा है,ये    सब    सुन ने    में    बहुत    सही    लग    रहा    है ,26,10
2065,मुझे लगता है कि आगे की पढ़ाई करने के लिए मैं साइंस लूंगी,मुझे    लगता    है    कि    आगे    की    पढ़ाई    करने    के    लिए    मैं    साइ ंस    लू ंगी ,44,15
2066,साइंस की पढ़ाई के लिए कौन-कौन सी भाषाएं सबसे ज़्यादा काम आएंगी,साइ ंस    की    पढ़ाई    के    लिए    कौ न- कौन    सी    भाषा एं    सबसे    ज़्यादा    काम    आ ए ंगी ,51,18
2067,तुम्हारे लिए जर्मन भाषा सबसे सही रहेगी,तुम्ह ारे    लिए    जर्मन    भाषा    सबसे    सही    रहे गी ,32,9
2068,"क्योंकि शुरू में अधिकतर डॉक्यूमेंट जर्मन में लिखे जाते थे, तो उससे तुम्हें फायदा होगा","क्योंकि    शुरू    में    अधिकतर    डॉ क्यू मेंट    जर्मन    में    लिखे    जाते    थे,    तो    उससे    तुम्हें    फाय दा    होगा ",71,18
2069,"इसके अलावा, जर्मनी में आगे की पढ़ाई के बहुत सारे अवसर हैं","इसके    अलावा,    जर्मनी    में    आगे    की    पढ़ाई    के    बहुत    सारे    अवसर    हैं ",46,12
2070,लेकिन अगर तुम टेक्नोलॉजी में जाना चाहती हो तो मुझे लगता है चीनी भाषा बेहतर होगी,लेकिन    अगर    तुम    टेक् नो लॉ जी    में    जाना    चाह ती    हो    तो    मुझे    लगता    है    चीनी    भाषा    बेहतर    हो गी ,64,21
2071,"जिस तेजी से वे नई टेक्नोलॉजीज़ ला रहे हैं, तुम्हें उनके कदम से कदम मिलाना होगा","जिस    तेजी    से    वे    नई    टेक् नो लॉ जी ज़    ला    रहे    हैं,    तुम्हें    उनके    कदम    से    कदम    मिला ना    होगा ",63,21
2072,मुझे लगने लगा है कि इससे मुझे भविष्य में चुनने में बहुत मदद मिलेगी,मुझे    लगने    लगा    है    कि    इससे    मुझे    भविष्य    में    चुन ने    में    बहुत    मदद    मिले गी ,53,16
2073,मेरे सभी प्यारे स्टूडेंट्स को गुड मॉर्निंग,मेरे    सभी    प ्य ारे    स्टू डे ं ट्स    को    गु ड    म ॉर् नि ंग ,36,16
2074,उम्मीद है कि आप सब ठीक हैं,उम्मीद    है    कि    आप    सब    ठीक    हैं ,20,7
2075,क्या आपको याद है कि कैसे हमने अपने पिछली क्लास में नदियों के बारे में बातें करना शुरू किया था,क्या    आपको    याद    है    कि    कैसे    हम ने    अपने    पिछ ली    क्ला स    में    नदियों    के    बारे    में    बा तें    करना    शुरू    किया    था ,74,24
2076,"क्या आप मुझे बता सकते हैं कि आप हमारे देश की कुछ प्रसिद्ध नदियों के बारे में, उनकी विशेषताओं के साथ आप क्या जानते हैं,","क्या    आप    मुझे    ब ता    सकते    हैं    कि    आप    हमारे    देश    की    कुछ    प्रसिद्ध    नदियों    के    बारे    में,    उनकी    विशेष ताओं    के    साथ    आप    क्या    जानते    हैं, ",94,27
2077,"गुड मॉर्निंग, मिस ली","गु ड    म ॉर् नि ंग,    मि स    ली ",17,9
2078,मुझे पिछली क्लास में बताई गई कुछ नदियाँ याद हैं,मुझे    पिछ ली    क्ला स    में    बता ई    गई    कुछ    नद ियाँ    याद    हैं ,38,14
2079,"हमने गंगा नदी से शुरुआत की थी, जिसे गैंजीज़ भी कहा जाता है, जो देश की सबसे लंबी नदी है, इसकी बहुत धार्मिक महत्ता है लेकिन इसके साथ ही, यह सबसे प्रदूषित नदियों में से एक है","हम ने    गंगा    नदी    से    शुरुआत    की    थी,    जिसे    गै ं जी ज़    भी    कहा    जाता    है,    जो    देश    की    सबसे    लंबी    नदी    है,    इसकी    बहुत    धार्मिक    मह त्ता    है    लेकिन    इसके    साथ    ही,    यह    सबसे    प्र दू षित    नदियों    में    से    एक    है ",135,44
2080,यह हिमाचल प्रदेश के गंगोत्री से शुरू होती है और इसकी लंबाई लगभग 2525 कि,यह    हिमा चल    प्रदेश    के    ग ंग ो त्री    से    शुरू    होती    है    और    इसकी    लंबाई    लगभग    25 25    कि ,57,20
2081,मी,मी ,2,1
2082,"है, यह 15 से अधिक बड़े शहरों से बहती है","है,    यह    15    से    अधिक    बड़े    शहरों    से    बहती    है ",30,10
2083,"और हाँ, इसने दुनिया का सबसे बड़ा डेल्टा भी बनाया है: पश्चिम बंगाल में सुंदरवन","और    हा ँ,    इसने    दुनिया    का    सबसे    बड़ा    डेल् टा    भी    बनाया    है :    पश्चिम    बंगाल    में    सुंद र वन ",63,20
2084,तुम्हें इंडस के बारे में याद है,तुम्हें    इंड स    के    बारे    में    याद    है ,25,8
2085,"इस नदी ने सबसे बड़ी प्राचीन मानव सभ्यता, सिंधु घाटी सभ्यता को बनाया है और इसका बहुत बड़ा ऐतिहासिक महत्व है","इस    नदी    ने    सबसे    बड़ी    प्राचीन    मानव    स भ ्य ता,    सिंधु    घाटी    स भ ्यता    को    बनाया    है    और    इसका    बहुत    बड़ा    ऐतिहासिक    महत्व    है ",86,26
2086,"हाँ, और आपने कहा था कि इसे सिंधु भी कहते हैं","हा ँ,    और    आपने    कहा    था    कि    इसे    सिंधु    भी    कहते    हैं ",34,12
2087,"यह चीन, पाकिस्तान और भारत से भी हो कर बहती है","यह    ची न,    पाकिस्तान    और    भारत    से    भी    हो    कर    बहती    है ",35,12
2088,"भारत में इसका केवल पाँच फ़ीसदी हिस्सा है, इसके बावजूद यह सभ्यता के साथ-साथ अर्थव्यवस्था की दृष्टि से सबसे महत्वपूर्ण नदियों में से एक है","भारत    में    इसका    केवल    पाँच    फ़ ी सदी    हिस्सा    है,    इसके    बावजूद    यह    स भ ्यता    के    साथ-साथ    अर्थव्यवस्था    की    दृष्टि    से    सबसे    महत्वपूर्ण    नदियों    में    से    एक    है ",112,29
2089,"मैम, आपने इंडिया और इंडस के संबंध के बारे में भी कुछ बताया था; क्या आप उस हिस्से को दोहरा सकती हैं","मै म,    आपने    इंडिया    और    इंड स    के    संबंध    के    बारे    में    भी    कुछ    बताया    था ;    क्या    आप    उस    हिस्से    को    दो हरा    सकती    हैं ",77,26
2090,उत्तर-पश्चिमी भारत से पाकिस्तान की ओर जाने वाले इंडस जलमार्ग का नाम संस्कृत के सिंधु से आया है,उत्तर- पश्चिमी    भारत    से    पाकिस्तान    की    ओर    जाने    वाले    इंड स    जल मार्ग    का    नाम    संस्कृत    के    सिंधु    से    आया    है ,77,21
2091,"फ़ारसी लोगों ने इंडस जलमार्ग के आस-पास की भूमि को हिंदू कहा, जो संस्कृत के सिंधु का गलत रूप है और इस तरह इंडिया नाम इंडस से आया","फ़ ार सी    लोगों    ने    इंड स    जल मार्ग    के    आस-पास    की    भूमि    को    हिंदू    कहा,    जो    संस्कृत    के    सिंधु    का    गलत    रूप    है    और    इस    तरह    इंडिया    नाम    इंड स    से    आया ",100,33
2092,"ओह, हाँ, आपने हमें यह सब सिखाया था, धन्यवाद","ओ ह,    हा ँ,    आपने    हमें    यह    सब    सि खा या    था,    ध न्य वाद ",35,15
2093,क्या आपको याद है कि हम कुछ समय पहले भारत की सबसे बड़ी नदी ब्रह्मपुत्र के बारे में चर्चा कर रहे थे,क्या    आपको    याद    है    कि    हम    कुछ    समय    पहले    भारत    की    सबसे    बड़ी    नदी    ब्रह्म पुत्र    के    बारे    में    चर्चा    कर    रहे    थे ,76,23
2094,यह कहाँ से शुरू होती है और वहाँ उसका अलग नाम कैसे है,यह    क हाँ    से    शुरू    होती    है    और    वहाँ    उसका    अलग    नाम    कैसे    है ,40,14
2095,यह कैलाश पर्वत के पास आंग्सी हिमनद से शुरू होती है और इसे यारलुंग त्संगपो भी कहा जाता है,यह    कै ला श    पर्वत    के    पास    आ ंग् सी    हि मन द    से    शुरू    होती    है    और    इसे    यार लु ंग    त् संग प ो    भी    कहा    जाता    है ,70,30
2096,इसके डेल्टा पर 13 करोड़ लोग रहते हैं और 6 लाख लोग नदी के पाने से घिरे द्वीप पर रहते हैं,इसके    डेल् टा    पर    13    करोड़    लोग    रहते    हैं    और    6    लाख    लोग    नदी    के    पाने    से    घि रे    द्वीप    पर    रहते    हैं ,67,23
2097,"लेकिन मैम, गंगा और ब्रह्मपुत्र दोनों ही सबसे बड़ी भारतीय नदियाँ कैसे हो सकती हैं","लेकिन    मै म,    गंगा    और    ब्रह्म पुत्र    दोनों    ही    सबसे    बड़ी    भारतीय    नद ियाँ    कैसे    हो    सकती    हैं ",66,18
2098,ब्रह्मपुत्र साफ तौर पर गंगा से अधिक लंबी है,ब्रह्म पुत्र    साफ    तौर    पर    गंगा    से    अधिक    लंबी    है ,35,10
2099,गंगा सबसे लंबी है जबकि ब्रह्मपुत्र अपने जलप्रवाह के कारण सबसे बड़ी है,गंगा    सबसे    लंबी    है    जबकि    ब्रह्म पुत्र    अपने    जल प्रवाह    के    कारण    सबसे    बड़ी    है ,57,15
2100,गंगा के बाद गोदावरी दूसरी सबसे लंबी है और दक्षिण भारत की सबसे लंबी नदी है जिसे 'दक्षिण गंगा' भी कहा जाता है,गंगा    के    बाद    गो दा वरी    दूसरी    सबसे    लंबी    है    और    दक्षिण    भारत    की    सबसे    लंबी    नदी    है    जिसे    ' दक्षिण    ग ंगा '    भी    कहा    जाता    है ,85,28
2101,यह नदी कई हज़ारों वर्षों से हिंदू धर्मग्रंथों में बहुत पूजनीय मानी जाती रही है और एक समृद्ध सांस्कृतिक विरासत को आश्रय और पोषण देती रही है,यह    नदी    कई    ह ज़ ारों    वर्षों    से    हिंदू    धर्म ग्रंथों    में    बहुत    पू जन ीय    मानी    जाती    रही    है    और    एक    समृद्ध    सांस्कृतिक    विरासत    को    आश्र य    और    पोषण    देती    रही    है ,112,33
2102,"और कृष्ण- गोदावरी बेसिन, विलुप्त होने की कगार पर पहुँच चुके ओलिव रिडले कछुओं के अंडे देने की प्रमुख जगहों में से एक है","और    कृ ष्ण -    गो दा वरी    बे सि न,    वि लु प्त    होने    की    क गार    पर    पहुँच    चुके    ओ लि व    रि ड ले    क छु ओं    के    अंड े    देने    की    प्रमुख    जग हों    में    से    एक    है ",95,41
2103,बिल्कुल यह तो है,बिल् कुल    यह    तो    है ,13,5
2104,मैं यह देखकर बहुत खुश हूँ कि आपको नदियों के बारे में अच्छे से जानकारी है,मैं    यह    देखकर    बहुत    खुश    हूँ    कि    आपको    नदियों    के    बारे    में    अच्छे    से    जानकारी    है ,57,16
2105,"धन्यवाद, मैम, आपने हमें पिछली क्लास में बहुत कुछ पढ़ाया था","ध न्य वा द,    मै म,    आपने    हमें    पिछ ली    क्ला स    में    बहुत    कुछ    पढ़ ा या    था ",48,19
2106,और हम अगली क्लास में और जानेंगे,और    हम    अगली    क्ला स    में    और    जा ने ंगे ,25,10
2107,टाइम हो गया,टाइ म    हो    गया ,9,4
2108,"कल मिलेंगे, बच्चो","कल    मिले ंगे,    बच् च ो ",15,6
2109,"हैलो, तुम कुछ परेशान दिख रही हो, क्या हुआ","है लो ,    तुम    कुछ    परेशान    दि ख    रही    हो,    क्या    हुआ ",33,12
2110,"हाँ, मैं कई घंटों से ओडिशा चक्रवात की खबरें देख रही हूँ","हा ँ,    मैं    कई    घंट ों    से    ओडिशा    चक्र वा त    की    ख बर ें    देख    रही    हूँ ",44,18
2111,ये चक्रवात का दूसरा दिन है और पूरा शहर तहस नहस हो गया है,ये    चक्र वा त    का    दूसरा    दिन    है    और    पूरा    शहर    त ह स    न ह स    हो    गया    है ,43,20
2112,रोज़मर्रा की चीज़ों के लिए भी बाहर जाना मुश्किल हो गया है,रो ज़ मर ्र ा    की    चीज़ ों    के    लिए    भी    बाहर    जाना    मुश्किल    हो    गया    है ,46,17
2113,"ये तोअच्छा है कि हमारे मोहल्ले में अभी भी लाइट है, ज़्यादातर इलाकों में लाइट नहीं है","ये    तो अच्छा    है    कि    हमारे    मो हल् ले    में    अभी    भी    लाइ ट    है,    ज़ ्यादातर    इलाकों    में    लाइ ट    नहीं    है ",68,23
2114,"मुझे यह सुनकर बहुत दुख हुआ, मुझे उम्मीद है कि तुम और तुम्हारा परिवार सुरक्षित हैं","मुझे    यह    सुन कर    बहुत    दु ख    हुआ,    मुझे    उम्मीद    है    कि    तुम    और    तुम्ह ारा    परिवार    सुरक्षित    हैं ",66,19
2115,क्या तुम्हें कुछ अंदाज़ा है कि यह कब तक चलेगा,क्या    तुम्हें    कुछ    अं दा ज़ा    है    कि    यह    क ब    तक    च ले गा ,36,15
2116,मौसम की भविष्यवाणी और हाल की रिपोर्ट के हिसाब से यह लगभग 3 दिन चलेगा,मौसम    की    भविष ्य वाणी    और    हाल    की    रिपोर्ट    के    हि सा ब    से    यह    लगभग    3    दिन    च ले गा ,54,21
2117,लेकिन मुझे इसके परिणामों की ज़्यादा चिंता है,लेकिन    मुझे    इसके    परिणा मों    की    ज़्यादा    चिंता    है ,37,9
2118,"पिछला चक्रवात 2020 में आया था, वह 2 दिन चला था और कुछ इलाकों में बिजली वापस आने में लगभग 15 दिन लग गए थे","पिछ ला    चक्र वा त    2020    में    आया    था,    वह    2    दिन    चला    था    और    कुछ    इलाकों    में    बिजली    वापस    आने    में    लगभग    15    दिन    लग    गए    थे ",80,28
2119,ओडिशा में इस तरह की प्राकृतिक आपदा आने से अक्सर ऐसे नुकसान होते रहते हैं,ओडिशा    में    इस    तरह    की    प्राकृतिक    आप दा    आने    से    अक्सर    ऐसे    नुकसान    होते    रहते    हैं ,58,16
2120,"तुम तो 2020 में ओडिशा आई थी, क्या तुम चक्रवात के समय यहीं थी","तुम    तो    2020    में    ओडिशा    आई    थी,    क्या    तुम    चक्र वा त    के    समय    य हीं    थी ",47,17
2121,"नहीं, किस्मत से मैं चक्रवात से एक हफ़्ते पहले चली गई थी","नही ं,    कि स् मत    से    मैं    चक्र वा त    से    एक    ह फ़् ते    पहले    चली    गई    थी ",44,19
2122,"मुझे हैरत है वहां रहने वाले लोगों के लिए यह कैसा होता होगा, कितना असुरक्षित लगता होगा","मुझे    है रत    है    वहां    रहने    वाले    लोगों    के    लिए    यह    कै सा    होता    हो गा,    कितना    अ सुरक्षित    लगता    होगा ",69,21
2123,ख़ासतौर पर तटों के पास रहने वाले लोग,ख़ ा स तौर    पर    त टों    के    पास    रहने    वाले    लोग ,29,12
2124,क्या सरकार इन लोगों को उनके घर फिर से बनाने और आजीविका को लेकर मदद करती है,क्या    सरकार    इन    लोगों    को    उनके    घर    फिर    से    बनाने    और    आ जी वि का    को    लेकर    मदद    करती    है ,58,20
2125,सालों की मेहनत को एक-दो दिन में खो देना कितना भयावह होता होगा,सा लों    की    मेह नत    को    एक- दो    दिन    में    खो    देना    कितना    भ या वह    होता    होगा ,49,18
2126,"सरकार जितना हो सके, उतनी मदद करती है, खासतौर पर ग्रामीण इलाकों में जहाँ अक्सर लोगों को उनके हाल पर छोड़ दिया जाता है","सरकार    जितना    हो    सक े,    उ तनी    मदद    करती    है,    खा स तौर    पर    ग्रामीण    इलाकों    में    जहाँ    अक्सर    लोगों    को    उनके    हाल    पर    छोड़    दिया    जाता    है ",93,28
2127,पिछले बार अलग-अलग राज्यों से मजदूर लाए गए थे ताकि काम में तेज़ी लाई जा सके,पिछले    बार    अलग-अलग    राज्यों    से    म ज दूर    ला ए    गए    थे    ताकि    काम    में    ते ज़ी    लाई    जा    सके ,59,20
2128,यहां तक कि नगर निगम के लोगों ने भी चौबीसों घंटे काम किया ताकि उन्हें समय पर बिजली मिल सके क्योंकि वहां बच्चे और बुजुर्ग मौजूद थे जिन्हें काफी कठिनाइयों का सामना करना पड़ रहा था,यहां    तक    कि    नगर    निगम    के    लोगों    ने    भी    चौ बी सों    घंटे    काम    किया    ताकि    उन्हें    समय    पर    बिजली    मिल    सके    क्योंकि    वहां    बच्चे    और    बु जु र्ग    मौजूद    थे    जिन्हें    काफी    कठि नाइ यों    का    सामना    करना    पड़    रहा    था ,141,42
2129,ओडिशा उन जगहों में से एक है जहाँ इन दिनों मौसम भयावह हो जाता है,ओडिशा    उन    जग हों    में    से    एक    है    जहाँ    इन    दिनों    मौसम    भ या वह    हो    जाता    है ,49,18
2130,यह जानकर अच्छा लगा कि लोगों को समय से मदद मिल जाती है,यह    जान कर    अच्छा    लगा    कि    लोगों    को    समय    से    मदद    मिल    जाती    है ,41,14
2131,फिर भी यह देखकर बुरा लगता है कि ऐसे भयावह मौसम की वजह से चीज़ें कितनी खराब हो जाती हैं,फिर    भी    यह    देखकर    बु रा    लगता    है    कि    ऐसे    भ या वह    मौसम    की    वजह    से    चीज़ ें    कितनी    खराब    हो    जाती    हैं ,67,24
2132,तुम कब से यहाँ रह रही हो,तुम    क ब    से    यहाँ    रह    रही    हो ,18,8
2133,क्या इस मौसम के कारण कभी तुमने राज्य को छोड़ कर जाने के बारे में सोचा है,क्या    इस    मौसम    के    कारण    कभी    तुम ने    राज्य    को    छोड़    कर    जाने    के    बारे    में    सोचा    है ,56,18
2134,मुझे 5 साल हो गए यहाँ रहते हुए,मुझे    5    साल    हो    गए    यहाँ    रहते    हुए ,23,8
2135,"मौसम ठीक है, हालाँकि गर्मियों में बहुत गर्मी और उमस होती है, लेकिन बाकी चीज़ें ठीक हैं, तो मुझे ऐसा कभी नहीं लगा कि जगह छोड़ देनी चाहिए","मौसम    ठीक    है,    हालाँकि    गर्मियों    में    बहुत    गर्मी    और    उ मस    होती    है,    लेकिन    बाकी    चीज़ ें    ठीक    हैं,    तो    मुझे    ऐसा    कभी    नहीं    लगा    कि    जगह    छोड़    दे नी    चाहिए ",108,31
2136,मानसून में थोड़ी परेशानी होती है लेकिन अब इतने सालों से मैनेज हो जाता है,मानसून    में    थो ड़ी    परेशा नी    होती    है    लेकिन    अब    इतने    सा लों    से    मै ने ज    हो    जाता    है ,58,20
2137,"हाँ, सही है, सुनकर लगता है कि आदत हो गई है; मुझे बस उम्मीद है कि सब कुछ जल्दी ठीक हो जाए","हा ँ,    सही    है,    सुन कर    लगता    है    कि    आ द त    हो    गई    है;    मुझे    बस    उम्मीद    है    कि    सब    कुछ    जल्दी    ठीक    हो    जाए ",67,26
2138,"सॉरी, मुझे अभी निकलना होगा, क्या तुम मुझे चक्रवात की ताज़ा ख़बर दे सकती हो","सॉ री,    मुझे    अभी    निक लना    हो गा,    क्या    तुम    मुझे    चक्र वा त    की    ता ज़ा    ख़ बर    दे    सकती    हो ",60,22
2139,अभी हालात कैसे हैं और लोग फिलहाल इससे कैसे निपट रहे हैं,अभी    हाला त    कैसे    हैं    और    लोग    फि ल हाल    इससे    कैसे    नि प ट    रहे    हैं ,44,17
2140,"यहाँ कई सारे संगठन हैं जो लोगों को ज़रूरत के हिसाब से राशन, चिकित्सा सुविधाओं और दवाओं और सभी ज़रूरी चीज़ों के लिए मदद दे रहे हैं","यहाँ    कई    सारे    संगठन    हैं    जो    लोगों    को    ज़रू रत    के    हि सा ब    से    रा श न,    चिकित्सा    सुविधा ओं    और    दवाओं    और    सभी    ज़रू री    चीज़ ों    के    लिए    मदद    दे    रहे    हैं ",103,35
2141,कई इलाकों में तो टीमें बनाई गई हैं जो ज़रूरत पड़ने पर किसी भी तरह की मदद देने के लिए काम कर सकती हैं,कई    इलाकों    में    तो    टीमें    बनाई    गई    हैं    जो    ज़रू रत    पड़ ने    पर    किसी    भी    तरह    की    मदद    देने    के    लिए    काम    कर    सकती    हैं ,77,26
2142,तो हम बस संयम रखने और एक दूसरे की मदद करने के अलावा और कुछ नहीं कर सकते,तो    हम    बस    सं यम    रखने    और    एक    दूसरे    की    मदद    करने    के    अलावा    और    कुछ    नहीं    कर    सकते ,54,19
2143,"हाँ, ठीक कहती हो","हा ँ,    ठीक    कह ती    हो ",13,6
2144,तुम सब अपना और एक-दूसरे का ध्यान रखना,तुम    सब    अपना    और    एक-दूसरे    का    ध्यान    रखना ,30,8
2145,उम्मीद है कि यह भी जल्दी ठीक हो जाएगा; हमें बताना अगर हम यहाँ से कुछ कर सकें तो,उम्मीद    है    कि    यह    भी    जल्दी    ठीक    हो    जाए गा ;    हमें    बता ना    अगर    हम    यहाँ    से    कुछ    कर    सक ें    तो ,61,23
2146,बिल्कुल मैं तुम्हें ज़रूर बताऊँगी,बिल् कुल    मैं    तुम्हें    ज़रू र    बता ऊँ गी ,29,9
2147,आख़िरकार अनलॉक शुरू हो गया,आ ख़ ि र कार    अन लॉ क    शुरू    हो    गया ,22,11
2148,अब उतनी सख़्त पाबंदियाँ और नहीं,अब    उ तनी    स ख़ ् त    पा बंद ियाँ    और    नहीं ,26,12
2149,"अगर मुझे एक हफ़्ते और घर के भीतर रहना पड़ता, तो मैं पागल हो जाती","अगर    मुझे    एक    ह फ़् ते    और    घर    के    भीतर    रहना    पड़ ता,    तो    मैं    पा गल    हो    जाती ",50,19
2150,किसने कहा तुम पागल नहीं हो,कि स ने    कहा    तुम    पा गल    नहीं    हो ,21,9
2151,"मजाक एक तरफ़, अनलॉक की पहल का यह मतलब नहीं कि तुम जो चाहे वो कर सकती हो","म जा क    एक    तर फ़ ,    अन लॉ क    की    पह ल    का    यह    मतलब    नहीं    कि    तुम    जो    चाह े    वो    कर    सकती    हो ",54,26
2152,रात का कर्फ़्यू अब भी रहेगा,रात    का    कर् फ़ ्य ू    अब    भी    रहे गा ,22,10
2153,मास्क की सख़्ती और सामाजिक दूरी के नियम अभी भी लागू रहेंगे,मा स्क    की    स ख़ ् ती    और    सामाजिक    दूरी    के    नियम    अभी    भी    लागू    रहे ंगे ,47,17
2154,"और सबसे ज़रूरी, वैक्सीन लगवाना हमारी सबसे पहली चिंता होनी चाहिए","और    सबसे    ज़रू री,    वै क् सी न    लग वा ना    हमारी    सबसे    पहली    चिंता    होनी    चाहिए ",53,17
2155,"ओह, क्या वैक्सीन लगवाना ज़रूरी है","ओ ह,    क्या    वै क् सी न    लग वा ना    ज़रू री    है ",28,13
2156,एक बार कोविड हो जाने पर क्या लोग इम्यून नहीं हो जाते,एक    बार    को वि ड    हो    जाने    पर    क्या    लोग    इ म्यू न    नहीं    हो    जाते ,41,16
2157,हे भगवान,हे    भगवान ,7,2
2158,तुम कहाँ से ये सब गलत-सलत बातें सुन कर आ जाती हो,तुम    क हाँ    से    ये    सब    गल त- सल त    बा तें    सु न    कर    आ    जाती    हो ,37,18
2159,"नहीं, एक बार कोविड हो जाने से कोई भी व्यक्ति उससे इम्यून नहीं हो जाता","नही ं,    एक    बार    को वि ड    हो    जाने    से    कोई    भी    व्यक्ति    उससे    इ म्यू न    नहीं    हो    जाता ",55,20
2160,असल में दोनों के बीच कोई संबंध ही नहीं है,अ सल    में    दोनों    के    बीच    कोई    संबंध    ही    नहीं    है ,32,11
2161,और सबसे बड़ी बात यह है कि वैक्सिनेशन एकदम ज़रूरी है,और    सबसे    बड़ी    बात    यह    है    कि    वै क्सि ने शन    एक दम    ज़रू री    है ,41,16
2162,हर एक व्यक्ति को दो वैरिफ़ाइड वैक्सीन कोविशील्ड और कोवैक्सीन में से एक लगवानी होगी,हर    एक    व्यक्ति    को    दो    वै रि फ़ा इड    वै क् सी न    को वि शी ल्ड    और    को वै क् सी न    में    से    एक    लग वा नी    हो गी ,68,31
2163,तो तुम कहना चाहती हो कि मुझे पहले जाकर वैक्सीन लगवाना होगी और तब जा कर मैं उन सभी चीज़ों के बारे में सोच सकती हूँ जो मैं अनलॉक में करना चाहती हूँ,तो    तुम    कहना    चाह ती    हो    कि    मुझे    पहले    जा कर    वै क् सी न    लग वा ना    हो गी    और    तब    जा    कर    मैं    उन    सभी    चीज़ ों    के    बारे    में    सोच    सकती    हूँ    जो    मैं    अन लॉ क    में    करना    चाह ती    हूँ ,113,45
2164,"एक नहीं, बल्कि एक ही वैक्सीन के दो डोज़","एक    नही ं,    बल्कि    एक    ही    वै क् सी न    के    दो    डो ज़ ",31,14
2165,तुम्हें मॉल में जाने या ट्रेन या फ़्लाइट में ट्रैवल करने के पहले अपना वैक्सीन सर्टिफ़िकेट दिखाने के लिए कहा जाएगा,तुम्हें    मॉ ल    में    जाने    या    ट्रे न    या    फ़् लाइ ट    में    ट्रै वल    करने    के    पहले    अपना    वै क् सी न    सर् टि फ़ि केट    दिखा ने    के    लिए    कहा    जाए गा ,93,34
2166,सच में,सच    में ,5,2
2167,वो देखते हैं,वो    देखते    हैं ,10,3
2168,मुझे इस बारे में कैसे कुछ नहीं पता,मुझे    इस    बारे    में    कैसे    कुछ    नहीं    पता ,27,8
2169,मैं तो इस गर्मी में अपने परिवार के साथ छुट्टियाँ मनाने की सोच रही थी,मैं    तो    इस    गर्मी    में    अपने    परिवार    के    साथ    छु ट्ट ियाँ    मनाने    की    सोच    रही    थी ,54,17
2170,"उसके लिए, तुम सभी को कोविड-19 वैक्सीन की कम से कम पहली डोज़ लगवाकर वैक्सिनेट होना होगा","उसके    लिए,    तुम    सभी    को    को वि ड - 19    वै क् सी न    की    कम    से    कम    पहली    डो ज़    लग वा कर    वै क्सि नेट    होना    होगा ",70,29
2171,वो एंट्रेंस पर ही तुम्हारे वैक्सिनेशन सर्टिफ़िकेट के बारे में पूछेंगे,वो    एं ट्रे ंस    पर    ही    तुम्ह ारे    वै क्सि ने शन    सर् टि फ़ि केट    के    बारे    में    पूछ े ंगे ,59,22
2172,प्लीज़ खबरों की अपडेट का ध्यान रखना,प् ली ज़    ख ब रों    की    अप डे ट    का    ध्यान    रखना ,29,13
2173,"हाँ, धन्यवाद, मैं इतने समय से कुछ और ही सोच रही थी","हा ँ,    ध न्य वा द,    मैं    इतने    समय    से    कुछ    और    ही    सोच    रही    थी ",39,16
2174,"जितना जल्द हो सकेगा, मैं अपना इंजेक्शन लगवा लूँगी","जितना    जल्द    हो    सक े गा,    मैं    अपना    इं जे क्शन    लग वा    लू ँ गी ",41,16
2175,"हाँ प्लीज़, हमें यह नहीं भूलना चाहिए कि महामारी अभी तक गई नहीं है","हाँ    प् ली ज़ ,    हमें    यह    नहीं    भू लना    चाहिए    कि    महा मारी    अभी    तक    गई    नहीं    है ",52,19
2176,मुझे उम्मीद है कि तुमने कोविन वेबसाइट पर अपना रजिस्ट्रेशन करवा लिया है,मुझे    उम्मीद    है    कि    तुम ने    को विन    वेबसाइट    पर    अपना    र जि स्ट ्रे शन    कर वा    लिया    है ,58,20
2177,हाँ मैंने रजिस्टर कर लिया है,हाँ    मैंने    र जि स्टर    कर    लिया    है ,23,8
2178,फिर प्लीज़ वैक्सीन के लिए अपने हिसाब से अच्छी तारीख देख लो और उसे शेड्यूल कर लो,फिर    प् ली ज़    वै क् सी न    के    लिए    अपने    हि सा ब    से    अच्छी    तारीख    देख    लो    और    उसे    शे ड ्यू ल    कर    लो ,63,27
2179,कम-से-कम अब तो तुम वैक्सीन लगवा लो,कम - से- कम    अब    तो    तुम    वै क् सी न    लग वा    लो ,28,14
2180,मैं येआज ही कर लूँगी,मैं    ये आज    ही    कर    लू ँ गी ,16,8
2181,मेरी गलतफ़हमी को दूर करने के लिए धन्यवाद,मेरी    गल त फ़ ह मी    को    दूर    करने    के    लिए    ध न्य वाद ,33,14
2182,"नमस्ते सर, मैं अपनी शिकायत कहां दर्ज कर सकता हूँ","न मस् ते    सर ,    मैं    अपनी    शिका यत    कहा ं    दर्ज    कर    सकता    हूँ ",39,15
2183,आपको किस प्रकार की शिकायत है,आपको    किस    प्रकार    की    शिका यत    है ,23,7
2184,"सर, हमारे गांव को साफ पीने का पानी नहीं मिल रहा है","सर ,    हमारे    गांव    को    साफ    पी ने    का    पानी    नहीं    मिल    रहा    है ",39,14
2185,"सरकार ने हमें साफ पानी दिलाने का वादा किया था, लेकिन हमारे गांव को नहीं मिल रहा है","सरकार    ने    हमें    साफ    पानी    दि लाने    का    वा दा    किया    था,    लेकिन    हमारे    गांव    को    नहीं    मिल    रहा    है ",65,20
2186,क्या आपके गांव में कोई अभी तक जाँच करने नहीं आया,क्या    आपके    गांव    में    कोई    अभी    तक    जाँच    करने    नहीं    आया ,38,11
2187,"नहीं सर, वह तो हमारे गांव में महीनों से नहीं आया","नहीं    सर ,    वह    तो    हमारे    गांव    में    महीनों    से    नहीं    आया ",38,12
2188,आप किस गांव से हैं,आप    किस    गांव    से    हैं ,14,5
2189,"सर, मैं महुवरिया गांव से हूँ","सर ,    मैं    म हु व रिया    गांव    से    हूँ ",23,10
2190,और आपके गांव के प्रधान कौन हैं,और    आपके    गांव    के    प्रधान    कौन    हैं ,24,7
2191,"सर, मैं ही गांव का प्रधान हूँ","सर ,    मैं    ही    गांव    का    प्रधान    हूँ ",23,8
2192,"ठीक है, सर, आप अपनी शिकायत के बारे में मुझे खुल कर बताएं","ठीक    है,    सर ,    आप    अपनी    शिका यत    के    बारे    में    मुझे    खु ल    कर    बता एं ",44,17
2193,मैं उसे जल आपूर्ति विभाग के सुपरवाइज़र को भेज दूंगा,मैं    उसे    जल    आपूर्ति    विभाग    के    सुपर वाइ ज़र    को    भेज    दू ंगा ,42,13
2194,"सर, सबसे पहले तो हमें पानी काफी जद्दो-जहद के बाद मिला","सर ,    सबसे    पहले    तो    हमें    पानी    काफी    ज द् दो - ज हद    के    बाद    मिला ",43,17
2195,उसके लिए हमें इस ऑफिस में हर दूसरे दिन आना पड़ता था,उसके    लिए    हमें    इस    ऑफिस    में    हर    दूसरे    दिन    आ ना    पड़ता    था ,40,13
2196,हमें अपने नेटवर्क में पानी की सही तरीके से आपूर्ति के लिए इस ऑफिस के सामने धरना भी देना पड़ा था,हमें    अपने    नेटवर्क    में    पानी    की    सही    तरीके    से    आपूर्ति    के    लिए    इस    ऑफिस    के    सामने    ध र ना    भी    देना    पड़ा    था ,75,23
2197,"काफी परेशानी के बाद हमें पानी तो मिला, लेकिन पाइपों से आने वाला पानी बहुत गंदा है","काफी    परेशा नी    के    बाद    हमें    पानी    तो    मि ला,    लेकिन    पाइ पों    से    आने    वाला    पानी    बहुत    ग ंदा    है ",65,21
2198,"कितना गंदा है, क्या आप समझा सकते हैं","कितना    ग ंदा    है,    क्या    आप    समझ ा    सकते    हैं ",29,10
2199,"क्या ये मटमैला है, या उसमें किसी तरह की अशुद्धताएं हैं","क्या    ये    म ट मै ला    है,    या    उसमें    किसी    तरह    की    अ शु द्ध ता एं    हैं ",44,18
2200,"सर, पानी मटमैला है","सर ,    पानी    म ट मै ला    है ",15,8
2201,उसमें अशुद्धताएं भी हैं,उसमें    अ शु द्ध ता एं    भी    हैं ,20,8
2202,उसका इस्तेमाल करने के बाद कई गांव वालों को चमड़ी की अलर्जी भी हो गई थी,उसका    इस्तेमाल    करने    के    बाद    कई    गांव    वालों    को    चम ड़ी    की    अल र् जी    भी    हो    गई    थी ,55,19
2203,"ओह, यह तो काफी सीरियस है","ओ ह,    यह    तो    काफी    सी रिय स    है ",19,9
2204,"हाँ, सर, काफी सीरियस है","हा ँ,    सर ,    काफी    सी रिय स    है ",19,9
2205,हमारे तालाबों और ट्यूब वेलों में साफ पानी नहीं है,हमारे    ता ला बों    और    ट्यू ब    वे लों    में    साफ    पानी    नहीं    है ,40,14
2206,"उनमें जो पानी है, उसमें बहुत ज्यादा आयरन है","उनमें    जो    पानी    है,    उसमें    बहुत    ज्यादा    आय रन    है ",35,10
2207,लेकिन हमारे पास तालाब और ट्यूब वेल का पानी इस्तेमाल करने के अलावा और कोई चारा भी नहीं है,लेकिन    हमारे    पास    ता ला ब    और    ट्यू ब    वेल    का    पानी    इस्तेमाल    करने    के    अलावा    और    कोई    च ारा    भी    नहीं    है ,70,23
2208,इसके कारण काफी गंभीर स्वास्थ्य समस्याएं हो सकती हैं,इसके    कारण    काफी    गंभीर    स्वास्थ्य    समस्या एं    हो    सकती    हैं ,43,10
2209,क्या सप्लाई वाला पानी को पीकर कोई बीमार पड़ा है,क्या    सप् लाई    वाला    पानी    को    पी कर    कोई    बी मार    पड़ा    है ,38,13
2210,"नहीं सर, अभी तक तो नहीं, क्योंकि हम ने उसे तुरंत इस्तेमाल करना बंद कर दिया था","नहीं    सर ,    अभी    तक    तो    नही ं,    क्योंकि    हम    ने    उसे    तुरंत    इस्तेमाल    करना    बंद    कर    दिया    था ",61,19
2211,"जब हमने गांव के कई लोगों में चमड़ी की अलर्जी देखी, तो हम लोगों ने उसे इस्तेमाल करना बंद कर दिया","जब    हम ने    गांव    के    कई    लोगों    में    चम ड़ी    की    अल र् जी    देख ी,    तो    हम    लोगों    ने    उसे    इस्तेमाल    करना    बंद    कर    दिया ",75,26
2212,"नहीं तो, उससे आसानी से पेट में दर्द और दस्त जैसी बीमारियों हो सकती थीं","नहीं    तो ,    उससे    आसानी    से    पेट    में    दर्द    और    द स्त    जैसी    बी मार ियों    हो    सकती    थीं ",56,19
2213,मैं आपकी शिकायत तुरंत ही सुपरवाइज़र को भेज देता हूँ,मैं    आपकी    शिका यत    तुरंत    ही    सुपर वाइ ज़र    को    भेज    देता    हूँ ,42,13
2214,इसके बाद वे स्थिति का निरीक्षण करने के लिए किसी को भेज देंगे,इसके    बाद    वे    स्थिति    का    नि री क्षण    करने    के    लिए    किसी    को    भेज    दे ंगे ,48,16
2215,अब आप घर जा सकते हैं,अब    आप    घर    जा    सकते    हैं ,15,6
2216,बाकी मैं कर लूंगा,बाकी    मैं    कर    लू ंगा ,14,5
2217,"हे, तुम अपनी हमेशा की जगह पर दिखाई नहीं दिए","ह े,    तुम    अपनी    हमेशा    की    जगह    पर    दिखाई    नहीं    दिए ",34,11
2218,तुम आज कहाँ थे,तुम    आज    क हाँ    थे ,11,5
2219,ऐसा लगता है कि तुम कहीं से वापस आ रहे हो,ऐसा    लगता    है    कि    तुम    कहीं    से    वापस    आ    रहे    हो ,30,11
2220,कहाँ गए थे,क हाँ    गए    थे ,8,4
2221,"लंबी कहानी है, थोड़ा समय दो मुझे","लंबी    कहानी    है,    थोड़ा    समय    दो    मुझे ",26,7
2222,मुझे बस ये कपड़े बदल लेने दो,मुझे    बस    ये    कपड़े    बदल    लेने    दो ,22,7
2223,कपड़ों की बात करें तो तुम्हारे तो फटे-पुराने और गंदे दिख रहे हैं,कपड़ ों    की    बात    करें    तो    तुम्ह ारे    तो    फ टे - पुराने    और    ग ंद े    दि ख    रहे    हैं ,52,21
2224,और ठीक इसीलिए मैं इन्हें गाँव में आने से पहले बदल रहा हूँ,और    ठीक    इस ी लिए    मैं    इन्हें    गाँव    में    आने    से    पहले    बदल    रहा    हूँ ,45,15
2225,और मैं अब अपनी हमेशा की जगह पर नहीं आ सकता,और    मैं    अब    अपनी    हमेशा    की    जगह    पर    नहीं    आ    सकता ,32,11
2226,हर हफ़्ते सिगरेट नहीं ख़रीद सकता,हर    ह फ़् ते    सि ग रेट    नहीं    ख़ री द    सकता ,27,12
2227,मैं सिगरेट पीना छोड़ने की कोशिश कर रहा हूँ,मैं    सि ग रेट    पी ना    छोड़ने    की    कोशिश    कर    रहा    हूँ ,34,12
2228,"वाह, इसकी तो उम्मीद नहीं थी","वाह ,    इसकी    तो    उम्मीद    नहीं    थी ",22,7
2229,और तुम्हारे पहले के सवाल का जवाब,और    तुम्ह ारे    पहले    के    स वाल    का    जवाब ,26,9
2230,मैं बस पास के गाँव से आ रहा हूँ,मैं    बस    पास    के    गाँव    से    आ    रहा    हूँ ,23,9
2231,"हाल ही में हुई बारिश ने चलती सड़क को बहा दिया, इसलिए मुझे लिफ़्ट ले लेकर आना पड़ा","हाल    ही    में    हुई    बारिश    ने    चल ती    सड़क    को    बह ा    दिया,    इसलिए    मुझे    लि फ़् ट    ले    लेकर    आ ना    पड़ा ",64,23
2232,वैसे तुम वहाँ जा क्यों रहे हो,वै से    तुम    वहाँ    जा    क्यों    रहे    हो ,23,8
2233,"अगर तुम्हें किसी चीज़ में मदद चाहिए थी, तो तुम मुझसे पूछ सकते थे","अगर    तुम्हें    किसी    ची ज़    में    मदद    चाहिए    थी,    तो    तुम    मुझ से    पू छ    सकते    थे ",51,17
2234,मुझे नहीं लगता कि तुम मेरी वहाँ मदद कर पाते,मुझे    नहीं    लगता    कि    तुम    मेरी    वहाँ    मदद    कर    पा ते ,34,11
2235,मैं वहाँ हर दूसरी सुबह फ़ुटबॉल खेलने जाता हूँ,मैं    वहाँ    हर    दूसरी    सुबह    फ़ ु टबॉल    खेलने    जाता    हूँ ,37,11
2236,गाँव के दूसरे छोर पर गोल पोस्ट और नेट वाला एक मैदान है,गाँव    के    दूसरे    छो र    पर    गोल    पोस्ट    और    नेट    वाला    एक    मैदान    है ,42,14
2237,"चूँकि यह सार्वजनिक संपत्ति है, इसलिए कोई भी आकर खेल सकता है","चू ँ कि    यह    सार्वजनिक    संपत्ति    है,    इसलिए    कोई    भी    आ कर    खेल    सकता    है ",48,15
2238,"तो तुम खेलने के लिए जगह और समय पाने के लिए जल्दी जाते हो, है ना","तो    तुम    खेलने    के    लिए    जगह    और    समय    पाने    के    लिए    जल्दी    जाते    हो,    है    ना ",48,16
2239,"बिल्कुल, मुझे वहाँ कम से कम 7:30 तक पहुँच जाना होता है","बिल् कु ल,    मुझे    वहाँ    कम    से    कम    7 : 30    तक    पहुँच    जाना    होता    है ",43,16
2240,इसका मतलब है कि मुझे 5 बजे घर से निकलना पड़ता है,इसका    मतलब    है    कि    मुझे    5    ब जे    घर    से    निक लना    पड़ता    है ,37,14
2241,"इस सब में बहुत भागा-दौड़ी हो जाती है, पर क्या किया जा सकता है, हाँ","इस    सब    में    बहुत    भा गा - दौ ड़ी    हो    जाती    है,    पर    क्या    किया    जा    सकता    है,    हाँ ",52,19
2242,इस गाँव में एक भी ऐसी खुली जगह नहीं है जिसका इस्तेमाल न किया गया हो,इस    गाँव    में    एक    भी    ऐसी    खु ली    जगह    नहीं    है    जिसका    इस्तेमाल    न    किया    गया    हो ,52,17
2243,"हाँ, मैं मानता हूँ इस बात को","हा ँ,    मैं    मान ता    हूँ    इस    बात    को ",22,9
2244,क्या तुमने बड़े-बुजुर्गों से पूछा कि क्या वे कोई जगह खाली करा सकते हैं,क्या    तुम ने    ब ड़ े - बु जु र् गों    से    पूछ ा    कि    क्या    वे    कोई    जगह    खाली    करा    सकते    हैं ,57,23
2245,"नहीं, उन्हें क्या मतलब है","नही ं,    उन्हें    क्या    मतलब    है ",21,6
2246,वो तो अपनी राजनीतिक और धार्मिक विचारधाराओं में ही उलझे रहते हैं,वो    तो    अपनी    राजनीतिक    और    धार्मिक    वि चार धारा ओं    में    ही    उ ल झ े    रहते    हैं ,52,18
2247,यहाँ तक कि मेरा परिवार भी चाहता है कि मैं स्कूल जाना छोड़कर पैसे कमाने के लिए काम करने लगूँ,यहाँ    तक    कि    मेरा    परिवार    भी    चाहता    है    कि    मैं    स्कूल    जाना    छोड़कर    पैसे    कमा ने    के    लिए    काम    करने    लग ू ँ ,72,23
2248,तुम्हें लगता है कि वे मुझे फ़ुटबॉल में आगे बढ़ने के लिए प्रोत्साहित करेंगे,तुम्हें    लगता    है    कि    वे    मुझे    फ़ ु टबॉल    में    आगे    बढ़ने    के    लिए    प्रोत्साहित    करे ंगे ,61,17
2249,"मैं समझता हूँ, यह बहुत दुख की बात है","मैं    समझ ता    हू ँ,    यह    बहुत    दु ख    की    बात    है ",28,12
2250,सच कहो तो हमारे पास तो यहाँ कुछ भी ठीक से खेलने के लिए साधन तक नहीं हैं,सच    क हो    तो    हमारे    पास    तो    यहाँ    कुछ    भी    ठीक    से    खेलने    के    लिए    साधन    तक    नहीं    हैं ,54,19
2251,मैं कुछ जूते ख़रीदने के लिए अपना जेब खर्च बचा रहा हूँ,मैं    कुछ    जू ते    ख़ री द ने    के    लिए    अपना    जेब    खर्च    बचा    रहा    हूँ ,42,16
2252,फिर मैं योग्यता की परीक्षा में जाने की तैयारी करूँगा,फिर    मैं    योग ्यता    की    परी क्षा    में    जाने    की    तैयारी    कर ू ँ गा ,43,15
2253,देखते हैं क्या होता है,देखते    हैं    क्या    होता    है ,18,5
2254,क्या तुमने इस साल का रेसलमेनिया देखा,क्या    तुम ने    इस    साल    का    रे सल मे निया    देखा ,30,11
2255,यह थोड़ा अलग लगा लेकिन रोड्स की वापसी से यह वाकई मज़ेदार था,यह    थोड़ा    अलग    लगा    लेकिन    रो ड्स    की    वापसी    से    यह    वा कई    म ज़े दार    था ,47,17
2256,मैं वैसे ज़्यादा कुश्ती नहीं देखती हूँ लेकिन मैं इस साल रेसलमेनिया का इंतज़ार कर रही थी,मैं    वै से    ज़्यादा    कुश्ती    नहीं    देख ती    हूँ    लेकिन    मैं    इस    साल    रे सल मे निया    का    इंत ज़ार    कर    रही    थी ,71,23
2257,हालाँकि मैं उसे नहीं देख पाई और बाद में बस हाइलाइट्स देखी,हालाँकि    मैं    उसे    नहीं    देख    पाई    और    बाद    में    बस    हा इला इ ट्स    देखी ,46,15
2258,मुझे पता नहीं था कि वह कहाँ आने वाला था,मुझे    पता    नहीं    था    कि    वह    क हाँ    आने    वाला    था ,30,11
2259,मुझे लगा कि यूट्यूब पर सीधा प्रसारण है,मुझे    लगा    कि    यू ट्यू ब    पर    सी धा    प्रसार ण    है ,31,12
2260,लेकिन मैंने सोनी टेन 1 पर उसे देखा,लेकिन    मैंने    सो नी    टेन    1    पर    उसे    देखा ,27,9
2261,उसका डब्ल्यू,उसका    डब् ल ्य ू ,11,5
2262,डब्ल्यू,डब् ल ्य ू ,7,4
2263,ई,ई ,1,1
2264,नेटवर्क पर भी सीधा प्रसारण किया गया था,नेटवर्क    पर    भी    सी धा    प्रसार ण    किया    गया    था ,31,10
2265,"ओह, मुझे पता नहीं था कि वह सोनी चैनल पर भी आ रहा था","ओ ह,    मुझे    पता    नहीं    था    कि    वह    सो नी    चैनल    पर    भी    आ    रहा    था ",38,16
2266,दर असल वह 2 दिन की हाइलाइट थीं और उसे ही पूरे दिन चलाया गया,दर    अ सल    वह    2    दिन    की    हा इला इट    थीं    और    उसे    ही    पूरे    दिन    चला या    गया ,45,19
2267,तुम सोनी टेन 3 पर उसे हिंदी में भी देख सकती हो,तुम    सो नी    टेन    3    पर    उसे    हिंदी    में    भी    देख    सकती    हो ,35,13
2268,तब तो मैंने मिस कर दिया,तब    तो    मैंने    मि स    कर    दिया ,18,7
2269,"अगली बार जब आएगा, तब मैं देखने की कोशिश करूँगी","अगली    बार    जब    आ ए गा,    तब    मैं    देखने    की    कोशिश    कर ू ँ गी ",37,15
2270,मैंने हमेशा चाहती थी कि पूरे इवेंट को सीधे प्रसारण में देख सकूँ लेकिन यहाँ के अधिकतर चैनल उसे कवर नहीं करते हैं,मैंने    हमेशा    चाह ती    थी    कि    पूरे    इ वे ंट    को    सीधे    प्रसार ण    में    देख    सक ू ँ    लेकिन    यहाँ    के    अधिकतर    चैनल    उसे    क वर    नहीं    करते    हैं ,89,30
2271,"हाँ, लेकिन तुम्हें दूसरे इवेंट को सीधे प्रसारण में देखने के लिए अगले रेसलमेनिया का इंतज़ार करने की ज़रूरत नहीं है","हा ँ,    लेकिन    तुम्हें    दूसरे    इ वे ंट    को    सीधे    प्रसार ण    में    देखने    के    लिए    अगले    रे सल मे निया    का    इंत ज़ार    करने    की    ज़रू रत    नहीं    है ",93,30
2272,रेसलमेनिया बैकलैश 2022 अमेरिका में 8 मई को शाम 8 बजे होगा,रे सल मे निया    बै क लै श    2022    अमेरिका    में    8    मई    को    शाम    8    ब जे    होगा ,46,19
2273,तो इंडिया में 9 मई को होगा और इवेंट सुबह साढ़े पाँच बजे शुरू होगा,तो    इंडिया    में    9    मई    को    होगा    और    इ वे ंट    सुबह    सा ढ़ े    पाँच    ब जे    शुरू    होगा ,51,20
2274,मुझे उम्मीद है कि मैं उसे देख सकूँगी,मुझे    उम्मीद    है    कि    मैं    उसे    देख    सक ू ँ गी ,29,11
2275,वैसे थोड़ा मुश्किल होगा क्योंकि 9 मई को सोमवार है,वै से    थोड़ा    मुश्किल    होगा    क्योंकि    9    मई    को    सोम वार    है ,40,12
2276,लेकिन वह बहुत लंबा चलेगा तो तुम तब भी कुछ घंटे का शो देख सकती हो,लेकिन    वह    बहुत    लंबा    च ले गा    तो    तुम    तब    भी    कुछ    घंटे    का    शो    देख    सकती    हो ,49,18
2277,बैकलैश के मुख्य इवेंट क्या हैं,बै क लै श    के    मुख्य    इ वे ंट    क्या    हैं ,25,11
2278,इस इवेंट में ए,इस    इ वे ंट    में    ए ,11,6
2279,जे,जे ,2,1
2280,स्टाइल्स का एज से और सेठ रोलिंग का कोडी रोड्स से मुकाबला होगा,स्टा इ ल्स    का    ए ज    से    और    से ठ    रो लिंग    का    को डी    रो ड्स    से    मुकाब ला    होगा ,49,21
2281,"इस साल रोड्स की वापसी के बाद यह एक बड़ी बात होने जा रही है, जिससे प्रशंसक उत्साहित हैं","इस    साल    रो ड्स    की    वापसी    के    बाद    यह    एक    बड़ी    बात    होने    जा    रही    है,    जिससे    प्र श ंसक    उत्सा हित    हैं ",68,23
2282,क्या कोई रोमांचक टैग मैच हैं,क्या    कोई    रो मा ंच क    टै ग    मैच    हैं ,23,10
2283,"हाँ, इवेंट में सिक्स-मैन टैग टीम मैच होने वाला है","हा ँ,    इ वे ंट    में    सि क्स - मैन    टै ग    टीम    मैच    होने    वाला    है ",40,17
2284,रोमन रेन्स और उसोज़ का ड्रू मैकिनटायर और आर,रोमन    रे न्स    और    उस ो ज़    का    ड्र ू    मै किन टा यर    और    आ र ,35,17
2285,के-ब्रो से मुकाबला होने वाला है,के - ब्र ो    से    मुकाब ला    होने    वाला    है ,26,10
2286,उन लोगों के पास बहुत सारे टाइटल हैं,उन    लोगों    के    पास    बहुत    सारे    टाइ टल    हैं ,28,9
2287,रोमन रेन्स तो डब्ल्यू,रोमन    रे न्स    तो    डब् ल ्य ू ,18,8
2288,डब्ल्यू,डब् ल ्य ू ,7,4
2289,ई,ई ,1,1
2290,का यूनिवर्सल चैंपियन है न,का    यूनि वर् सल    चैंपियन    है    न ,21,7
2291,हाँ और उसोज़ स्मैकडाउन टैग-टीम चैंपियंस हैं और आर,हाँ    और    उस ो ज़    स् मैक डा उन    टै ग - टीम    चैंप िय ंस    हैं    और    आ र ,41,20
2292,के-ब्रो रॉ टैग टीम चैंपियंस हैं,के - ब्र ो    रॉ   टै ग    टीम    चैंप िय ंस    हैं ,26,12
2293,हालाँकि यह टाइटल मैच नहीं है लेकिन प्रशंसक उत्साहित हैं,हालाँकि    यह    टाइ टल    मैच    नहीं    है    लेकिन    प्र श ंसक    उत्सा हित    हैं ,46,14
2294,दोनों पक्ष प्रशंसकों के मनचाहे हैं और रैंडी ऑर्टन्स बनाम रेन्स एक ऐसा मुकाबला है जिसका प्रशंसक इंतज़ार कर रहे हैं,दोनों    पक्ष    प्रशं सकों    के    मन चाह े    हैं    और    रै ंडी    ऑर् ट न्स    बना म    रे न्स    एक    ऐसा    मुकाब ला    है    जिसका    प्र श ंसक    इंत ज़ार    कर    रहे    हैं ,93,33
2295,"हाँ, तो कोशिश करो और अगर हो सके तो देख लो, लेकिन समय की वजह से यह थोड़ा मुश्किल है","हा ँ,    तो    कोशिश    कर ो    और    अगर    हो    सके    तो    देख    लो ,    लेकिन    समय    की    वजह    से    यह    थोड़ा    मुश्किल    है ",63,23
2296,हाय डिम्पी,हा य    डि म्प ी ,9,5
2297,कैसी हो,कै सी    हो ,6,3
2298,कितने दिनों से तुमसे बात नहीं हुई,कि तने    दिनों    से    तुम से    बात    नहीं    हुई ,27,9
2299,सब कुछ ठीक है न,सब    कुछ    ठीक    है    न ,11,5
2300,हाय देवांग,हा य    दे वा ंग ,9,5
2301,मैं ठीक हूँ,मैं    ठीक    हूँ ,9,3
2302,"हाँ, बहुत दिन हो गए","हा ँ,    बहुत    दिन    हो    गए ",15,6
2303,यहाँ सब कुछ ठीक है बस मेरे कज़िन भाई को छोड़कर,यहाँ    सब    कुछ    ठीक    है    बस    मेरे    क ज़ि न    भाई    को    छोड़कर ,36,13
2304,ओह,ओ ह ,2,2
2305,क्या हो गया उसे,क्या    हो    गया    उसे ,12,4
2306,मैंने तो किसी से कुछ नहीं सुना,मैंने    तो    किसी    से    कुछ    नहीं    सु ना ,24,8
2307,अब वो ठीक है न,अब    वो    ठीक    है    न ,10,5
2308,दो हफ़्ते पहले उसका एक्सीडेंट हो गया था,दो    ह फ़् ते    पहले    उसका    एक् सी डे ंट    हो    गया    था ,32,13
2309,भगवान की दया से अब वो ठीक हो रहा है,भगवान    की    द या    से    अब    वो    ठीक    हो    रहा    है ,26,11
2310,भगवान का शुक्र है कि हेल्थ इंश्योरेंस से खर्च निकल गए,भगवान    का    शु क् र    है    कि    हे ल् थ    इं श ्यो रे ंस    से    खर्च    निकल    गए ,43,19
2311,सुनकर अच्छा लगा कि वह ठीक हो रहा है,सुन कर    अच्छा    लगा    कि    वह    ठीक    हो    रहा    है ,27,10
2312,कौन-सी हेल्थ इंश्योरेंस थी,कौ न- सी    हे ल् थ    इं श ्यो रे ंस    थी ,23,12
2313,मैं भी एक हेल्थ इंश्योरेंस लेने की सोच रहा हूँ,मैं    भी    एक    हे ल् थ    इं श ्यो रे ंस    लेने    की    सोच    रहा    हूँ ,37,16
2314,"उसकी हेल्थ इंश्योरेंस, स्टार हेल्थ इंश्योरेंस थी","उसकी    हे ल् थ    इं श ्यो रे ं स,    स्टार    हे ल् थ    इं श ्यो रे ंस    थी ",42,20
2315,उसने फ़ैमिली फ़्लोटर इंश्योरेंस ली थी,उसने    फ़ ै मिली    फ़् लो टर    इं श ्यो रे ंस    ली    थी ,32,14
2316,यह परिवार के 5 सदस्यों को कवर करती है,यह    परिवार    के    5    सदस्यों    को    क वर    करती    है ,29,10
2317,प्रीमियम कितना है,प्रीम ियम    कितना    है ,15,4
2318,इसे क्या हर महीने रिन्यू करना पड़ता है,इसे    क्या    हर    महीने    रि न्यू    करना    पड़ता    है ,31,9
2319,इसको कैसे ख़रीद सकते हैं,इस को    कैसे    ख़ री द    सकते    हैं ,20,8
2320,क्या उससे बिना नकद पैसे दिए अस्पताल में भर्ती होने की सुविधा मिलती है,क्या    उससे    बिना    नक द    पैसे    दिए    अस्पताल    में    भर्ती    होने    की    सुविधा    मिलती    है ,56,15
2321,"जो भी प्लान लिया जाता है, प्रीमियम उसके मुताबिक अलग-अलग होता है","जो    भी    प्ला न    लिया    जाता    है,    प्रीम ियम    उसके    मु ता ब िक    अलग-अलग    होता    है ",52,17
2322,बहुत सारे प्लानों में से तुम कोई भी चुन सकते हो,बहुत    सारे    प्ला नों    में    से    तुम    कोई    भी    चु न    सकते    हो ,37,13
2323,डीटेल ऑनलाइन मिल सकते हैं,डी टेल    ऑनलाइन    मिल    सकते    हैं ,21,6
2324,"प्रीमियम तुम हर महीने, तीन माह पर, छः महीनों में या सालाना भर सकते हो","प्रीम ियम    तुम    हर    मही ने,    तीन    मा ह    पर,    छ ः    महीनों    में    या    सा लाना    भर    सकते    हो ",55,20
2325,"हाँ, ये इंश्योरेंस से अपने नेटवर्क वाले अस्पतालों में बिना नकद पैसे दिए अस्पताल में भर्ती होने की सुविधा देती है","हा ँ,    ये    इं श ्यो रे ंस    से    अपने    नेटवर्क    वाले    अस्प ता लों    में    बिना    नक द    पैसे    दिए    अस्पताल    में    भर्ती    होने    की    सुविधा    देती    है ",92,29
2326,उनके नेटवर्क के तहत पूरे भारत के 500 से ज़्यादा अस्पताल हैं,उनके    नेटवर्क    के    तहत    पूरे    भारत    के    500    से    ज़्यादा    अस्पताल    हैं ,48,12
2327,यह तो बहुत अच्छा है,यह    तो    बहुत    अच्छा    है ,15,5
2328,बिना नकद पैसे के अस्पताल में भर्ती होने की सुविधा से अस्पताल में उस समय का टेंशन कम हो जाता है,बिना    नक द    पैसे    के    अस्पताल    में    भर्ती    होने    की    सुविधा    से    अस्पताल    में    उस    समय    का    टे ं शन    कम    हो    जाता    है ,74,24
2329,हम हमेशा तो कैश ले कर चलते नहीं हैं,हम    हमेशा    तो    कै श    ले    कर    चलते    नहीं    हैं ,27,10
2330,सबसे बड़ी बात ये है कि हमें नहीं पता होता है कि मुसीबत कब और कैसे आ जाए,सबसे    बड़ी    बात    ये    है    कि    हमें    नहीं    पता    होता    है    कि    मु सी ब त    क ब    और    कैसे    आ    जाए ,54,22
2331,हमें नामांकन करते समय कोई मेडिकल सर्टिफ़िकेट देने की ज़रूरत पड़ती है क्या,हमें    ना मांकन    करते    समय    कोई    मे डि कल    सर् टि फ़ि केट    देने    की    ज़रू रत    पड़ ती    है    क्या ,61,21
2332,40 से कम उमर वाले आवेदकों को कोई मेडिकल सर्टिफ़िकेट नहीं लगता है,40    से    कम    उ मर    वाले    आ वेद कों    को    कोई    मे डि कल    सर् टि फ़ि केट    नहीं    लगता    है ,52,21
2333,अगर तुम्हें पहले से कोई बीमारी है तो फॉर्म में उसके बारे में बताना होगा,अगर    तुम्हें    पहले    से    कोई    बीमारी    है    तो    फॉर् म    में    उसके    बारे    में    बता ना    होगा ,57,17
2334,नामांकन की प्रॉसेस सरल है,ना मांकन    की    प्र ॉ से स    सरल    है ,21,9
2335,इस इंश्योरेंस को ऑनलाइन ख़रीद सकता हूँ क्या,इस    इं श ्यो रे ंस    को    ऑनलाइन    ख़ री द    सकता    हूँ    क्या ,36,14
2336,पॉलिसी हाथ में कब तक आएगी,पॉ लि सी    हाथ    में    क ब    तक    आ ए गी ,20,11
2337,क्या वे इसे पोस्ट से भेजते हैं,क्या    वे    इसे    पोस्ट    से    भेज ते    हैं ,24,8
2338,"हाँ, इसे ऑनलाइन ख़रीद सकते हो","हा ँ,    इसे    ऑनलाइन    ख़ री द    सकते    हो ",24,9
2339,"ऑनलाइन भुगतान करने के बाद, वे आपको आपके मेल पर पॉलिसी की सॉफ़्ट कॉपी भेज देंगे","ऑनलाइन    भुगतान    करने    के    बाद,    वे    आपको    आपके    मेल    पर    पॉ लि सी    की    सॉ फ़् ट    कॉ पी    भेज    दे ंगे ",63,22
2340,इसी की हार्ड कॉपी आपको पोस्ट से मिल जाएगी,इसी    की    हा र्ड    कॉ पी    आपको    पोस्ट    से    मिल    जाए गी ,33,12
2341,अधिक जानकारी के लिए उनकी वेबसाइट देख लेना प्लीज़,अधिक    जानकारी    के    लिए    उनकी    वेबसाइट    देख    लेना    प् ली ज़ ,40,11
2342,मैं तुम्हें लिंक भेज रही हूँ,मैं    तुम्हें    लि ंक    भेज    रही    हूँ ,23,7
2343,"यह गोवा है, बेबी","यह    गोवा    है,    बे बी ",13,5
2344,मुझे विश्वास नहीं हो रहा कि हम आख़िरकार जा रहे हैं,मुझे    विश्वास    नहीं    हो    रहा    कि    हम    आ ख़ ि र कार    जा    रहे    हैं ,40,15
2345,यह हमने शायद सातवीं बार प्लान बनाया था,यह    हम ने    शायद    सात वीं    बार    प्ला न    बनाया    था ,31,11
2346,एकदम दिल चाहता है वाली फीलिंग्स आ रही हैं,एक दम    दिल    चाहता    है    वाली    फी लि ंग्स    आ    रही    हैं ,33,12
2347,और यह आख़िरकार हो रहा है,और    यह    आ ख़ ि र कार    हो    रहा    है ,19,10
2348,काश यह कन्वर्टिबल होती और लाल भी,काश    यह    कन् वर् टि बल    होती    और    लाल    भी ,26,10
2349,"हाँ, मुझे पता है, है ना","हा ँ,    मुझे    पता    है,    है    ना ",18,7
2350,कितना शानदार लग रहा है,कितना    शानदार    लग    रहा    है ,18,5
2351,"तो, क्या इस जर्नी के लिए हमारे पास कोई प्लान है","तो ,    क्या    इस    जर् नी    के    लिए    हमारे    पास    कोई    प्ला न    है ",37,14
2352,"मुझे जज मत करने लगना, लेकिन यह मेरी पहली रोड ट्रिप है","मुझे    ज ज    मत    करने    लग ना,    लेकिन    यह    मेरी    पहली    रोड    ट्रि प    है ",42,15
2353,हम सबसे अच्छी प्लेलिस्ट सुनेंगे जो मैंने कल रात को बनाई थी,हम    सबसे    अच्छी    प्ले लि स्ट    सु ने ंगे    जो    मैंने    कल    रात    को    बनाई    थी ,47,16
2354,बारी-बारी से ड्राइव करेंगे,बार ी- बारी    से    ड्राइ व    करे ंगे ,23,8
2355,और सबसे अच्छी तस्वीरों के लिए रुकते हुए चलेंगे,और    सबसे    अच्छी    तस्वी रों    के    लिए    रु क ते    हुए    च ले ंगे ,38,14
2356,क्योंकि रास्ते में बेहतरीन नज़ारे हैं,क्योंकि    रास्ते    में    बेह तरी न    न ज़ ारे    हैं ,32,10
2357,मुझे उम्मीद है कि तुम्हारे पास सारे बॉलीवुड रोड ट्रिप के गाने होंगे,मुझे    उम्मीद    है    कि    तुम्ह ारे    पास    सारे    बॉलीवुड    रोड    ट्रि प    के    गाने    हो ंगे ,55,16
2358,और ज़ेड,और    ज़े ड ,6,3
2359,एन,ए न ,2,2
2360,एम,ए म ,2,2
2361,डी,डी ,2,1
2362,और दिल चाहता है के गानों के बिना कोई रोड ट्रिप हो ही नहीं सकती,और    दिल    चाहता    है    के    गा नों    के    बिना    कोई    रोड    ट्रि प    हो    ही    नहीं    सकती ,48,17
2363,बिल्कुल,बिल् कुल ,7,2
2364,मुझे लगता है कि बॉलीवुड ने हमें बिगाड़कर रख दिया है,मुझे    लगता    है    कि    बॉलीवुड    ने    हमें    बि गा ड़ कर    रख    दिया    है ,41,14
2365,हम अपना हर अनुभव उससे कम्पेयर करने की कोशिश करते हैं,हम    अपना    हर    अनुभव    उससे    क म् पे यर    करने    की    कोशिश    करते    हैं ,42,14
2366,लेकिन उसने कुछ स्टैंडर्ड भी बनाए हैं जो अच्छी बात है,लेकिन    उसने    कुछ    स्टै ंड र्ड    भी    बनाए    हैं    जो    अच्छी    बात    है ,42,13
2367,"ये लो, चलो इसे कनेक्ट करते हैं","ये    लो ,    चल ो    इसे    क ने क्ट    करते    हैं ",24,11
2368,मैं मानती हूँ,मैं    मान ती    हूँ ,11,4
2369,मेरी पूरी लाइफ़ बॉलीवुड के आस-पास घूमती है,मेरी    पूरी    लाइ फ़    बॉलीवुड    के    आस-पास    घू मती    है ,35,10
2370,"तो, ड्राइव कितनी लंबी है","तो ,    ड्राइ व    कितनी    लंबी    है ",20,7
2371,रास्ते में तस्वीरें लेने के अलावा भी हम कुछ कर सकते हैं क्या,रास्ते    में    तस्वी र ें    लेने    के    अलावा    भी    हम    कुछ    कर    सकते    हैं    क्या ,48,15
2372,रुको,रु को ,4,2
2373,मुझे अभी समझ में आया कि तुमने कहा यह तुम्हारी पहली रोड ट्रिप है,मुझे    अभी    समझ    में    आया    कि    तुम ने    कहा    यह    तुम्ह ारी    पहली    रोड    ट्रि प    है ,50,17
2374,सच में,सच    में ,5,2
2375,"अगर ऐसा है, तो हमें उसे यादगार बनाना होगा","अगर    ऐसा    है,    तो    हमें    उसे    या द गार    बनाना    होगा ",33,11
2376,तुम्हें ऐसा करना होगा,तुम्हें    ऐसा    करना    होगा ,18,4
2377,मैं चाहती हूँ कि यह अनुभव बेमिसाल हो,मैं    चाह ती    हूँ    कि    यह    अनुभव    बे मि साल    हो ,29,11
2378,पता नहीं मुझे अगली बार ऐसा करना का मौका कब मिलेगा,पता    नहीं    मुझे    अगली    बार    ऐसा    करना    का    मौका    क ब    मिले गा ,39,13
2379,मैं ट्रेन और फ़्लाइट की ही ज़्यादा आदत है,मैं    ट्रे न    और    फ़् लाइ ट    की    ही    ज़्यादा    आ द त    है ,33,14
2380,वे ज़्यादा आरामदेह नहीं लगतीं क्या,वे    ज़्यादा    आ राम दे ह    नहीं    लग ती ं    क्या ,29,11
2381,ख़ासतौर पर जब ट्रिप बहुत छोटी हो,ख़ ा स तौर    पर    जब    ट्रि प    बहुत    छोटी    हो ,26,11
2382,मुझे रोड ट्रिप कहीं ज़्यादा आरामदेह लगती हैं,मुझे    रोड    ट्रि प    कहीं    ज़्यादा    आ राम दे ह    लगती    हैं ,37,12
2383,और उससे तुम्हें वाकई छुट्टियों का एहसास होता है,और    उससे    तुम्हें    वा कई    छु ट्ट ियों    का    ए ह सास    होता    है ,39,14
2384,तो तुम ज़्यादा रिलैक्स महसूस कर सकती हो,तो    तुम    ज़्यादा    रि लै क्स    महसूस    कर    सकती    हो ,32,10
2385,"फ़्लाइट से तो बस उड़े, और","फ़् लाइ ट    से    तो    बस    उ ड़ े,    और ",20,10
2386,लो,लो ,2,1
2387,पहुँच गए,पहुँच    गए ,7,2
2388,ट्रेनें फिर भी ठीक हैं,ट्रे नें    फिर    भी    ठीक    हैं ,18,6
2389,"वो तो है, लेकिन रोड ट्रिप में आधी छुट्टियाँ रोड पर निकल जाती हैं","वो    तो    है,    लेकिन    रोड    ट्रि प    में    आ धी    छु ट्ट ियाँ    रोड    पर    निकल    जाती    हैं ",51,18
2390,लेकिन मुझे लगता है कि दोनों के अपनी-अपनी खूबियाँ हैं,लेकिन    मुझे    लगता    है    कि    दोनों    के    अप नी - अपनी    खू ब ियाँ    हैं ,43,15
2391,देखते हैं रोड ट्रिप को लेकर गोवा मेरा नज़रिया बदलता है या नहीं,देखते    हैं    रोड    ट्रि प    को    लेकर    गोवा    मेरा    न ज़ रिया    बद लता    है    या    नहीं ,50,17
2392,ये तुम्हें बदल देगी,ये    तुम्हें    बदल    दे गी ,16,5
2393,"लेकिन पहले, हमें एक छोटा-सा स्टॉप लेना होगा","लेकिन    पहले,    हमें    एक    छो टा - सा    स्टॉ प    लेना    होगा ",36,12
2394,बहुत मज़ा आने वाला है,बहुत    म ज़ा    आने    वाला    है ,17,6
2395,"तुम पेट्रोल भरवाओ, तब तक मैं बाहर कुछ तस्वीरें ले लेती हूँ","तुम    पे ट्रो ल    भर वा ओ ,    तब    तक    मैं    बाहर    कुछ    तस्वी र ें    ले    लेती    हूँ ",47,19
2396,"हाय, मैंने सुना कि तुम्हारा भाई ए","हा य,    मैंने    सु ना    कि    तुम्ह ारा    भाई    ए ",27,10
2397,पी,पी ,2,1
2398,ढिल्लों के कॉन्सर्ट आयोजकों को जानता है,ढ िल् लों    के    कॉन् सर् ट    आ योज कों    को    जान ता    है ,33,14
2399,"मैं बहुत समय से कुछ पास लेने की कोशिश कर रहा हूँ, लेकिन मुझे अभी तक नहीं मिले","मैं    बहुत    समय    से    कुछ    पास    लेने    की    कोशिश    कर    रहा    हू ँ,    लेकिन    मुझे    अभी    तक    नहीं    मिले ",60,19
2400,"क्या तुम मेरी मदद करोगे, प्लीज़","क्या    तुम    मेरी    मदद    करो गे ,    प् ली ज़ ",26,10
2401,"हाँ, वो आयोजकों की टीम में भी है","हा ँ,    वो    आ योज कों    की    टीम    में    भी    है ",25,11
2402,मैं उससे पूछूँगी कि कोई एक्स्ट्रा टिकट हैं या नहीं,मैं    उससे    पू छू ँ गी    कि    कोई    एक् स्ट्रा    टिकट    हैं    या    नहीं ,41,14
2403,तुम्हें कितने टिकट चाहिए,तुम्हें    कि तने    टिकट    चाहिए ,21,5
2404,"मुझे पाँच टिकट चाहिए, अपने और अपने दोस्तों के लिए","मुझे    पाँच    टिकट    चाहि ए,    अपने    और    अपने    दोस्तों    के    लिए ",40,11
2405,"जब हमने प्लान किया था, तब एक टिकट करीब 10 हजार का था","जब    हम ने    प्ला न    किया    था,    तब    एक    टिकट    करीब    10    ह जार    का    था ",40,16
2406,लेकिन सुना है कि अब वो 35 हजार से 40 हजार में बेच रहे हैं,लेकिन    सु ना    है    कि    अब    वो    35    ह जार    से    40    ह जार    में    बेच    रहे    हैं ,43,18
2407,तुम कीमत भी कन्फ़र्म कर सकते हो क्या,तुम    कीमत    भी    कन् फ़ र् म    कर    सकते    हो    क्या ,29,11
2408,"असल में आयोजकों ने जो अनुमान लगाया था, वो कुछ हद तक बढ़ गया है","अ सल    में    आ योज कों    ने    जो    अनुमान    लगाया    था,    वो    कुछ    हद    तक    बढ़    गया    है ",48,18
2409,लेकिन वो इतने भी महँगे नहीं हैं जैसा तुम बता रहे हो,लेकिन    वो    इतने    भी    मह ँ गे    नहीं    हैं    जैसा    तुम    ब ता    रहे    हो ,40,15
2410,"कुछ एजेंट हैं जो ब्लैक में टिकट बेच रहे हैं, तो हो सकता है कि तुमने उनसे सुना हो","कुछ    एजे ंट    हैं    जो    ब्लै क    में    टिकट    बेच    रहे    हैं,    तो    हो    सकता    है    कि    तुम ने    उनसे    सु ना    हो ",62,23
2411,एक टिकट 8 हज़ार का है,एक    टिकट    8    ह ज़ार    का    है ,16,7
2412,लेकिन मुझे डाउट है कि मैं इस समय 5 टिकट अरेंज कर सकूंगी,लेकिन    मुझे    डा उ ट    है    कि    मैं    इस    समय    5    टिकट    अ रे ंज    कर    सक ू ंगी ,43,19
2413,तुम बिल्कुल सही कह रही हो कि दलाल ही हैं जो कीमतें बढ़ा देते हैं,तुम    बिल् कुल    सही    क ह    रही    हो    कि    द लाल    ही    हैं    जो    की मत ें    बढ़ा    देते    हैं ,50,20
2414,ये सब आयोजकों तक नहीं जाता है लेकिन इससे कीमतें बहुत प्रभावित होती हैं,ये    सब    आ योज कों    तक    नहीं    जाता    है    लेकिन    इससे    की मत ें    बहुत    प्रभावित    होती    हैं ,57,18
2415,फैन पागल होते हैं कि वो तब भी उनसे ख़रीद लेते हैं,फै न    पा गल    होते    हैं    कि    वो    तब    भी    उनसे    ख़ री द    लेते    हैं ,38,16
2416,मैं इसी कारण से अपना प्लान छोड़ने वाला था लेकिन मुझे तुम्हारी याद आ गई,मैं    इसी    कारण    से    अपना    प्ला न    छोड़ने    वाला    था    लेकिन    मुझे    तुम्ह ारी    याद    आ    गई ,56,17
2417,"अगर 5 लेना मुश्किल है, तो क्या तुम कम से कम 2 के लिए ट्राई कर सकते हो","अगर    5    लेना    मुश्किल    है,    तो    क्या    तुम    कम    से    कम    2    के    लिए    ट्रा ई    कर    सकते    हो ",52,19
2418,2 टिकट अरेंज हो सकती हैं,2    टिकट    अ रे ंज    हो    सकती    हैं ,19,8
2419,मैं अपने भाई से पूछूँगी और जल्द ही तुम्हारे लिए टिकट ले लूँगी,मैं    अपने    भाई    से    पू छू ँ गी    और    जल्द    ही    तुम्ह ारे    लिए    टिकट    ले    लू ँ गी ,49,19
2420,"तुम उन्हें सीधे पेमेंट भेज सकते हो, वह आसान रहेगा","तुम    उन्हें    सीधे    पे मेंट    भेज    सकते    हो,    वह    आसान    रहे गा ",40,12
2421,"थैंक यू यार, मैंने अपनी गर्लफ़्रेंड को प्रॉमिस किया था","थै ंक    य ू    यार ,    मैंने    अपनी    गर् ल फ़ ्रे ंड    को    प्र ॉ मि स    किया    था ",45,20
2422,वो मुझे अगले कॉन्सर्ट तक परेशान कर डालती,वो    मुझे    अगले    कॉन् सर् ट    तक    परेशान    कर    डा लती ,33,11
2423,"वैसे, म्यूज़िक के लिए कौन ऐसे कॉन्सर्ट में जाता है यार, यह मेरे बस का नहीं है","वै से,    म्यू ज़ िक    के    लिए    कौन    ऐसे    कॉन् सर् ट    में    जाता    है    यार ,    यह    मेरे    बस    का    नहीं    है ",61,23
2424,"लेकिन मैं यह उसे नहीं बोल सकता, जैसा कि मैंने तुम्हें बताया मेरे दोस्त","लेकिन    मैं    यह    उसे    नहीं    बो ल    सक ता,    जैसा    कि    मैंने    तुम्हें    बताया    मेरे    दोस्त ",57,16
2425,मैं समझ रही हूँ,मैं    समझ    रही    हूँ ,12,4
2426,"चिंता मत करो, 2 टिकट तो अरेंज हो सकती हैं","चिंता    मत    करो ,    2    टिकट    तो    अ रे ंज    हो    सकती    हैं ",32,13
2427,मैंने अपने भाई से कह दिया है और उसने पहले से ही तुम्हारी टिकट बुक कर दी हैं,मैंने    अपने    भाई    से    क ह    दिया    है    और    उसने    पहले    से    ही    तुम्ह ारी    टिकट    बु क    कर    दी    हैं ,58,21
2428,"तो अब तुम चिंता मत करो और कल जब हम मिलेंगे, तब मुझसे ले लेना","तो    अब    तुम    चिंता    मत    कर ो    और    कल    जब    हम    मिले ंगे,    तब    मुझ से    ले    लेना ",46,18
2429,"श्योर डूड, थैंक्यू","श ्यो र    डू ड,    थै ं क्य ू ",16,9
2430,"मोस्ट वेलकम, जल्द मिलते हैं","मो स्ट    वे ल क म,    जल्द    मिल ते    हैं ",23,10
2431,"हेलो, क्या आप ट्रिनिटी एलिमेंट्री स्कूल की आर्ट की टीचर, मिसेज राधिका हैं","हे लो ,    क्या    आप    ट्रि नि टी    ए लि में ट्री    स्कूल    की    आ र्ट    की    टी च र,    मि से ज    रा धि का    हैं ",61,27
2432,"हाँ, आप कौन","हा ँ,    आप    कौन ",9,4
2433,मेरा नाम जॉन बर्नड है और मैं मिशेल का पिता हूँ,मेरा    नाम    जॉन    बर् न ड    है    और    मैं    मि शे ल    का    पिता    हूँ ,36,15
2434,"अच्छा सर, मैं आपकी क्या मदद कर सकती हूँ","अच्छा    सर ,    मैं    आपकी    क्या    मदद    कर    सकती    हूँ ",31,10
2435,मिशेल ने संगीत सीखने में रुचि दिखाई है,मि शे ल    ने    संगीत    सीख ने    में    रुचि    दिखाई    है ,31,11
2436,लेकिन मैं शैली चुनने के बारे में समझ नहीं पा रहा हूँ,लेकिन    मैं    शैली    चुन ने    के    बारे    में    समझ    नहीं    पा    रहा    हूँ ,41,13
2437,क्या आप मेरी मदद करेंगी,क्या    आप    मेरी    मदद    करे ंगी ,19,6
2438,संगीत में सीखने के लिए सबसे आसान शैली कौ- सी है,संगीत    में    सीख ने    के    लिए    सबसे    आसान    शैली    कौ -    सी    है ,37,13
2439,"हाँ, ज़रूर","हा ँ,    ज़रू र ",9,4
2440,मेरे हिसाब से बच्चों को शास्त्रीय संगीत सीखना चाहिए,मेरे    हि सा ब    से    बच्चों    को    शास्त्रीय    संगीत    सीख ना    चाहिए ,43,12
2441,क्या बच्चों के लिए शास्त्रीय संगीत सीखना फायदेमंद होगा,क्या    बच्चों    के    लिए    शास्त्रीय    संगीत    सीख ना    फाय दे मं द    होगा ,46,13
2442,हाँ,हाँ ,3,1
2443,यह काफी मुश्किल होता है लेकिन शास्त्रीय संगीत का बच्चों के लिए बहुत भावनात्मक लाभ होता है,यह    काफी    मुश्किल    होता    है    लेकिन    शास्त्रीय    संगीत    का    बच्चों    के    लिए    बहुत    भाव नात्मक    लाभ    होता    है ,73,18
2444,"स्टडीज़ के अनुसार, लाइव शास्त्रीय संगीत सुनने से बच्चों में सकारात्मक भावनाएं जागती हैं","स्ट डी ज़    के    अनुसार,    लाइ व    शास्त्रीय    संगीत    सुन ने    से    बच्चों    में    सकारात्मक    भाव ना एं    जाग ती    हैं ",74,21
2445,इसका उनके सुनने और एकाग्रता पर भी प्रभाव पड़ता है,इसका    उनके    सुन ने    और    एका ग्र ता    पर    भी    प्रभाव    पड़ता    है ,40,13
2446,"शास्त्रीय संगीत बच्चों के विकास के लिए फायदेमंद है, यह तो अच्छा है","शास्त्रीय    संगीत    बच्चों    के    विकास    के    लिए    फाय दे मं द    है,    यह    तो    अच्छा    है ",54,16
2447,शास्त्रीय संगीत के और क्या फायदे हैं,शास्त्रीय    संगीत    के    और    क्या    फाय दे    हैं ,30,8
2448,शास्त्रीय संगीत के लिए अभ्यास और मेहनत जरूरी है,शास्त्रीय    संगीत    के    लिए    अभ्यास    और    मेह नत    जरू री    है ,39,11
2449,इस ट्रेनिंग से बच्चे के जीवन में अनुशासन आएगा,इस    ट्रे नि ंग    से    बच्चे    के    जीवन    में    अनु शासन    आ ए गा ,37,14
2450,यह ऐंटीडिप्रेसेंट के तरह भी काम करता है,यह    ऐ ं टी डि प्रे सेंट    के    तरह    भी    काम    करता    है ,32,13
2451,यह बच्चों के मन को शांत भी करता है,यह    बच्चों    के    मन    को    शांत    भी    करता    है ,26,9
2452,"हाँ, शांत बच्चा ज्यादा खुश रहता है","हा ँ,    शांत    बच् चा    ज्यादा    खुश    रहता    है ",28,9
2453,"क्योंकि बच्चे ध्यान लगा कर सुनना सीखते हैं न कि मात्र सुनना,","क्योंकि    बच्चे    ध्यान    लगा    कर    सुन ना    सीख ते    हैं    न    कि    मात्र    सुन ना, ",49,15
2454,"इसलिए उनके मेमोरी सेल नोट्स, ट्यून, टोन, तरीके, अप्रोच और ऐसी चीजें स्टोर करने के लिए और ज्यादा काम करते हैं","इसलिए    उनके    मे मो री    सेल    नो ट् स,    ट्यू न,    टो न,    तरी के ,    अ प्रो च    और    ऐसी    ची जें    स्टोर    करने    के    लिए    और    ज्यादा    काम    करते    हैं ",88,32
2455,"ठीक है, मैं मिशेल के लिए इस इलाके में शास्त्रीय संगीत का टीचर खोजता हूँ","ठीक    है,    मैं    मि शे ल    के    लिए    इस    इला के    में    शास्त्रीय    संगीत    का    टी चर    खो ज ता    हूँ ",57,21
2456,मेरे खयाल से शास्त्रीय संगीत भारत की आत्मा है,मेरे    ख या ल    से    शास्त्रीय    संगीत    भारत    की    आत् मा    है ,37,12
2457,यह तो बहुत अच्छा है,यह    तो    बहुत    अच्छा    है ,15,5
2458,बस इतना याद रखें कि अगर वो शास्त्रीय संगीत सीखने में रुचि नहीं दिखाती है तो उसे सीखने के लिए जोर मत दीजिए,बस    इतना    याद    रखें    कि    अगर    वो    शास्त्रीय    संगीत    सीख ने    में    रुचि    नहीं    दिखा ती    है    तो    उसे    सीख ने    के    लिए    जोर    मत    दी जि ए ,83,28
2459,हमें उनकी क्षमता के अनुसार उन्हें प्रोत्साहित करना चाहिए,हमें    उनकी    क्षमता    के    अनुसार    उन्हें    प्रोत्साहित    करना    चाहिए ,48,9
2460,जी मैम,जी    मै म ,5,3
2461,आपकी गाइडेंस के लिए धन्यवाद,आपकी    गा इ डे ंस    के    लिए    ध न्य वाद ,23,10
2462,"यू आर वेलकम, और मिशेल को मेरा प्यार दीजिएगा","य ू    आ र    वे ल क म,    और    मि शे ल    को    मेरा    प्यार    दी जि ए गा ",35,19
2463,"जरूर, बाय","जरू र,    बा य ",8,4
2464,कल तुम्हारी छुट्टी है क्या,कल    तुम्ह ारी    छु ट्टी    है    क्या ,22,7
2465,बीच हफ्ते में भला मेरी छुट्टी क्यों होगी,बीच    हफ् ते    में    भ ला    मेरी    छु ट्टी    क्यों    हो गी ,33,12
2466,"ओह, कल एक रैली होगी","ओ ह,    कल    एक    रै ली    हो गी ",15,8
2467,हमारे पड़ोस के बच्चों को छुट्टी मिली है,हमारे    पड़ो स    के    बच्चों    को    छु ट्टी    मिली    है ,32,10
2468,"मुझे लगा तुम्हें भी मिली होगी,","मुझे    लगा    तुम्हें    भी    मिली    हो गी, ",25,7
2469,मुझे कोई छुट्टी नहीं है,मुझे    कोई    छु ट्टी    नहीं    है ,19,6
2470,फिर मेरे ख्याल से तुम कल छुट्टी ले लो तो अच्छा रहेगा,फिर    मेरे    ख्या ल    से    तुम    कल    छु ट्टी    ले    लो    तो    अच्छा    रहे गा ,41,15
2471,आखिर इस रैली में ऐसा है क्या,आखि र    इस    रै ली    में    ऐसा    है    क्या ,22,9
2472,हरदम ऐसी बहुत-सी रैलियाँ होती ही रहती हैं,हर दम    ऐसी    बहु त- सी    रै लियाँ    होती    ही    रहती    हैं ,34,12
2473,यह बहुत बड़ी होगी,यह    बहुत    बड़ी    हो गी ,14,5
2474,"क्योंकि सभी बड़ी पार्टियाँ, भारतीय जनता पार्टी, तृणमूल कांग्रेस और कम्युनिस्ट पार्टी इसमें हिस्सा लेने वाली हैं","क्योंकि    सभी    बड़ी    पार् ट ियाँ,    भारतीय    जनता    पार् टी,    तृ ण मूल    कांग्रेस    और    कम ्यु नि स्ट    पार्टी    इसमें    हिस्सा    लेने    वाली    हैं ",95,25
2475,सभी,सभी ,3,1
2476,हाँ और मुझे लगता है कि तुम शायद ही समय पर घर पहुँच पाओगी,हाँ    और    मुझे    लगता    है    कि    तुम    शायद    ही    समय    पर    घर    पहुँच    पा ओ गी ,43,16
2477,अगर तुम कल ऑफ़िस जाती हो तो,अगर    तुम    कल    ऑ फ़ि स    जाती    हो    तो ,21,9
2478,मुझे भी ऐसा लग रहा है,मुझे    भी    ऐसा    लग    रहा    है ,16,6
2479,लेकिन मुझे इसके बारे में कुछ नहीं पता,लेकिन    मुझे    इसके    बारे    में    कुछ    नहीं    पता ,30,8
2480,वे ऐसा क्यों कर रहे हैं,वे    ऐसा    क्यों    कर    रहे    हैं ,18,6
2481,"वो ऐसा इसलिए कर रहे हैं क्योंकि सरकार ने घोषणापत्र में जैसा वादा किया था, वैसा कुछ भी नहीं किया","वो    ऐसा    इसलिए    कर    रहे    हैं    क्योंकि    सरकार    ने    घोष णा पत्र    में    जैसा    वा दा    किया    था,    वै सा    कुछ    भी    नहीं    किया ",76,24
2482,अच्छा ऐसा क्या,अच्छा    ऐसा    क्या ,12,3
2483,तो उस समय के बारे में क्या जब भारतीय जनता पार्टी सत्ता में थी,तो    उस    समय    के    बारे    में    क्या    जब    भारतीय    जनता    पार्टी    सत्ता    में    थी ,48,14
2484,उन्होंने भी तो वादे के अनुसार कुछ नहीं किया,उन्होंने    भी    तो    वा दे    के    अनुसार    कुछ    नहीं    किया ,35,10
2485,"सही है, पर कौन ध्यान देता है","सही    है,    पर    कौन    ध्यान    देता    है ",22,7
2486,"पॉलिटिक्स तो हमेशा से ही ऐसी है, है ना","पॉ लि टि क्स    तो    हमेशा    से    ही    ऐसी    है,    है    ना ",30,12
2487,"हाँ, वो पब्लिसिटी और ऐसी ही बहुत-सी चीज़ों के लिए एक दूसरे का विरोध किया करते हैं","हा ँ,    वो    प ब्लि सिटी    और    ऐसी    ही    बहु त- सी    चीज़ ों    के    लिए    एक    दूसरे    का    विरोध    किया    करते    हैं ",65,23
2488,"लेकिन असलियत में, इसका कोई असर नहीं होता","लेकिन    अ सल िय त    में,    इसका    कोई    अ सर    नहीं    होता ",33,12
2489,बस हम लोगों को ट्रैफ़िक और बाकी सभी चीज़ों को भुगतना पड़ता है,बस    हम    लोगों    को    ट्रै फ़ िक    और    बाकी    सभी    चीज़ ों    को    भुग तना    पड़ता    है ,49,17
2490,"बिल्कुल, उम्मीद करती हूँ कि ये सब कल शाम तक नहीं चलता रहेगा","बिल् कु ल,    उम्मीद    करती    हूँ    कि    ये    सब    कल    शाम    तक    नहीं    चलता    रहे गा ",47,16
2491,तुम जाओगी क्या,तुम    जा ओ गी    क्या ,12,5
2492,"मुझे जाना ही पड़ेगा, ऑफ़िस में बहुत सारा काम है","मुझे    जाना    ही    पड़ े गा,    ऑ फ़ि स    में    बहुत    सारा    काम    है ",38,14
2493,मैं इस कारण से छुट्टी भी नहीं ले सकती,मैं    इस    कारण    से    छु ट्टी    भी    नहीं    ले    सकती ,29,10
2494,फिर कल पब्लिक ट्रांसपोर्ट से जाना,फिर    कल    प ब् लिक    ट्रा ंस पोर्ट    से    जाना ,28,10
2495,कुछ नहीं कहा जा सकता कि कल क्या हो जाए,कुछ    नहीं    कहा    जा    सकता    कि    कल    क्या    हो    जाए ,29,10
2496,अगर कल कहीं लड़ाई-झगड़े ही हो जाएँ तो,अगर    कल    कहीं    लड़ ा ई- झ ग ड़े    ही    हो    जा एँ    तो ,30,14
2497,"याद है, उन्होंने साल भर पहले तुम्हारे कलीग की बाइक जला दी थी","याद    है,    उन्होंने    साल    भर    पहले    तुम्ह ारे    क लीग    की    बाइ क    ज ला    दी    थी ",48,17
2498,तुम बहुत ज़्यादा चिंता कर रही हो,तुम    बहुत    ज़्यादा    चिंता    कर    रही    हो ,26,7
2499,ऐसा कुछ नहीं होगा,ऐसा    कुछ    नहीं    होगा ,14,4
2500,"अरे, तुम्हें भूगोल में हमेशा सबसे अधिक नंबर कैसे मिल जाते हैं","अ रे ,    तुम्हें    भू गोल    में    हमेशा    सबसे    अधिक    नंबर    कैसे    मिल    जाते    हैं ",50,15
2501,तुम तो शायद ही कभी पढ़ते हो,तुम    तो    शायद    ही    कभी    पढ़ ते    हो ,21,8
2502,और एक मैं हूँ,और    एक    मैं    हूँ ,10,4
2503,इसके पीछे एक छोटा सा राज़ है,इसके    पीछे    एक    छोटा    सा    राज ़   है ,22,8
2504,जो मैं किसी को बताउंगा नहीं,जो    मैं    किसी    को    बता उ ंगा    नहीं ,22,8
2505,"खैर मज़ाक एक तरफ, बात ये है कि मेरी शुरू से ही भूगोल में बहुत रुचि है","ख ै र    म ज़ा क    एक    तर फ ,    बात    ये    है    कि    मेरी    शुरू    से    ही    भू गोल    में    बहुत    रुचि    है ",53,24
2506,"सच कहता हूँ, मैं सारा दिन इसी विषय को नहीं पढ़ता रहता हूँ","सच    कहता    हू ँ,    मैं    सारा    दिन    इसी    विषय    को    नहीं    पढ़ ता    रहता    हूँ ",45,15
2507,कक्षा में जब मैम वे अध्याय पढ़ाती हैं तो मैं उसे वास्तविक सीन से जोड़ने की कोशिश करता हूँ और अपने मन में उसका एक चित्र बना लेता हूँ,क क्षा    में    जब    मै म    वे    अ ध्या य    पढ़ ा ती    हैं    तो    मैं    उसे    वास्तविक    सी न    से    जो ड़ने    की    कोशिश    करता    हूँ    और    अपने    मन    में    उसका    एक    चित्र    बना    लेता    हूँ ,103,37
2508,इस तरह से कन्सेप्ट मुझे स्पष्ट रूप से समझ में आ जाते हैं,इस    तरह    से    कन् से प् ट    मुझे    स्पष्ट    रूप    से    समझ    में    आ    जाते    हैं ,44,16
2509,इसका क्या मतलब है कि तुम वास्तविक सीन से जोड़ने की कोशिश करते हो,इसका    क्या    मतलब    है    कि    तुम    वास्तविक    सी न    से    जो ड़ने    की    कोशिश    करते    हो ,51,16
2510,यह भूगोल है,यह    भू गोल    है ,9,4
2511,"इसमें तो बस पहाड़, नदियाँ, सागर, मौसम और कुछ गैर ज़रूरी संख्याएं हैं","इसमें    तो    बस    पहा ड़ ,    नद ियाँ,    सा ग र,    मौसम    और    कुछ    गै र    ज़रू री    संख ्या एं    हैं ",56,22
2512,इसमें तुम्हें पसंद भी क्या आता है,इसमें    तुम्हें    पसंद    भी    क्या    आता    है ,27,7
2513,यह सभी उबाऊ वाले विषयों में से सबसे ज्यादा उबाऊ जैसा है,यह    सभी    उ बा ऊ    वाले    विष यों    में    से    सबसे    ज्यादा    उ बा ऊ    जैसा    है ,44,17
2514,अगर तुम ऐसा ही सोचते हो तो,अगर    तुम    ऐसा    ही    सोच ते    हो    तो ,20,8
2515,जैसा कि तुम्हें पता है मैं बहुत घूमता रहता हूँ और काफी सारी फिल्में भी देखता हूँ,जैसा    कि    तुम्हें    पता    है    मैं    बहुत    घू म ता    रहता    हूँ    और    काफी    सारी    फिल्में    भी    देख ता    हूँ ,64,20
2516,"हम जो कुछ भी पढ़ते हैं वह हमारे चारों ओर ही होता है, हमें बस उसे देखने की ज़रूरत है","हम    जो    कुछ    भी    पढ़ ते    हैं    वह    हमारे    चारों    ओर    ही    होता    है,    हमें    बस    उसे    देखने    की    ज़रू रत    है ",64,22
2517,"इसलिए जब भी हम पढ़ते हैं तो मैं उन तस्वीरों और जिन जगहों पर मैं जा चुका हूँ, या फिर फिल्मों में मैंने जो देखा था, उन सब को याद करके जोड़ने की कोशिश करता हूँ","इसलिए    जब    भी    हम    पढ़ ते    हैं    तो    मैं    उन    तस्वी रों    और    जिन    जग हों    पर    मैं    जा    चुका    हू ँ,    या    फिर    फिल्मों    में    मैंने    जो    देखा    था,    उन    सब    को    याद    करके    जो ड़ने    की    कोशिश    करता    हूँ ",121,41
2518,इस तरह उन चीज़ों का मैं सीन जैसा बना लेता हूँ और ऐसा ज्यादा लंबे समय तक याद रखा जा सकता है,इस    तरह    उन    चीज़ ों    का    मैं    सी न    जैसा    बना    लेता    हूँ    और    ऐसा    ज्यादा    लंबे    समय    तक    याद    रखा    जा    सकता    है ,69,24
2519,क्या तुमने कभी इस तरह पढ़ने के बारे में सोचा है,क्या    तुम ने    कभी    इस    तरह    पढ़ ने    के    बारे    में    सोचा    है ,37,13
2520,"शायद तुम सही कह रहे हो, यह तरीका कभी-कभी मददगार साबित हो सकता है","शायद    तुम    सही    क ह    रहे    हो,    यह    तरीका    कभी-कभी    मद द गार    साबित    हो    सकता    है ",51,17
2521,"लेकिन जानते हो, मेरे लिए भूगोल जैसे विषय के साथ जुड़ना बहुत मुश्किल है","लेकिन    जानते    हो,    मेरे    लिए    भू गोल    जैसे    विषय    के    साथ    जु ड़ ना    बहुत    मुश्किल    है ",57,17
2522,शायद तुम्हें यह अच्छा लगता है क्योंकि तुम बहुत घूमते रहते हो; मेरे मामले में यह सब बस काल्पनिक जानकारी है,शायद    तुम्हें    यह    अच्छा    लगता    है    क्योंकि    तुम    बहुत    घू म ते    रहते    हो ;    मेरे    मामले    में    यह    सब    बस    का ल्प निक    जानकारी    है ,85,26
2523,"इसके अलावा, हमारे पाठ्यक्रम के अनुसार हमें भारत का भूगोल पढ़ाया जाता है और तुम लोगों को शायद दुनिया की सबसे अच्छी जगहों के बारे में पढ़ाया जाता है","इसके    अलावा,    हमारे    पाठ ्य क्रम    के    अनुसार    हमें    भारत    का    भू गोल    पढ़ ा या    जाता    है    और    तुम    लोगों    को    शायद    दुनिया    की    सबसे    अच्छी    जग हों    के    बारे    में    पढ़ ा या    जाता    है ",118,37
2524,हमारे लिए यह बहुत अलग है,हमारे    लिए    यह    बहुत    अलग    है ,19,6
2525,"मैं समझता हूँ कि तुम्हारे लिए यह थोड़ा अलग है, लेकिन तुम कुछ चुनिंदा विषयों पर थोड़े वीडियो देख सकती हो, उससे भी तुम्हें थोड़ी जानकारी मिलेगी","मैं    समझ ता    हूँ    कि    तुम्ह ारे    लिए    यह    थोड़ा    अलग    है,    लेकिन    तुम    कुछ    चु नि ंदा    विष यों    पर    थो ड़े    वीडियो    देख    सकती    हो,    उससे    भी    तुम्हें    थो ड़ी    जानकारी    मिले गी ",115,35
2526,मैंने पहले कुछ इसी तरह से शुरुआत की थी और फिर दूसरे रास्ते खोजे,मैंने    पहले    कुछ    इसी    तरह    से    शुरुआत    की    थी    और    फिर    दूसरे    रास्ते    खो जे ,50,15
2527,यह काफी कुछ ऑडियो-विज़ुअल जैसी चीज है,यह    काफी    कुछ    ऑ ड ियो - वि ज़ ु अल    जैसी    ची ज    है ,31,15
2528,अगर तुम चाहो तो मैं इसमें तुम्हारी मदद कर सकता हूँ,अगर    तुम    चा हो    तो    मैं    इसमें    तुम्ह ारी    मदद    कर    सकता    हूँ ,40,13
2529,"हाँ, मुझे लगता है कि मुझे ऐसा करना अच्छा लगेगा","हा ँ,    मुझे    लगता    है    कि    मुझे    ऐसा    करना    अच्छा    लग े गा ",37,13
2530,क्या तुम्हें लगता है कि इतना घूमने फिरने के कारण तुम्हें यह विषय पसंद आने लगा या फिर इसका उल्टा है,क्या    तुम्हें    लगता    है    कि    इतना    घू म ने    फि र ने    के    कारण    तुम्हें    यह    विषय    पसंद    आने    लगा    या    फिर    इसका    उल् टा    है ,78,26
2531,"मेरा मतलब है कि जब तुम यात्राओं पर निकलते हो तो क्या मौसम की स्थितियों, जगहों, इमारतों, और ऐसी कितनी ही चीजों के बारे में यह सब जानकारी तुम्हारे काम आती है","मेरा    मतलब    है    कि    जब    तुम    या त्रा ओं    पर    निक लते    हो    तो    क्या    मौसम    की    स्थि त ियों,    जग हो ं,    इमार तो ं,    और    ऐसी    कितनी    ही    चीजों    के    बारे    में    यह    सब    जानकारी    तुम्ह ारे    काम    आती    है ",124,42
2532,"विशेष रूप से भारत में, जहां देखने लायक शायद ही कुछ है","विशेष    रूप    से    भारत    में,    जहां    देखने    ला यक    शायद    ही    कुछ    है ",42,13
2533,ऐसी बात नहीं है,ऐसी    बात    नहीं    है ,12,4
2534,"भारत में देखने लायक बहुत कुछ है, कई बड़े जलाशय, पहाड़ियाँ और मैदानी इलाके तुम्हें भारत में भी मिलेंगे","भारत    में    देखने    ला यक    बहुत    कुछ    है,    कई    बड़े    जला श य,    पहा ड़ ियाँ    और    मैदा नी    इला के    तुम्हें    भारत    में    भी    मिले ंगे ",83,27
2535,"उदाहरण के तौर पर अलग-अलग हिमालय पर्वतमालाएँ जो अलग अलग राज्यों से देखी जा सकती हैं, जैसे कि कंचनजंगा, तथा और भी कई हैं जो अपने आप में अनूठी हैं और हर पर्वतमाला की अपनी विशेषताएं हैं","उदाहरण    के    तौर    पर    अलग-अलग    हिमालय    पर्वत मा ला एँ    जो    अलग    अलग    राज्यों    से    देखी    जा    सकती    हैं,    जैसे    कि    क ंच नज ंगा ,    तथा    और    भी    कई    हैं    जो    अपने    आप    में    अन ू ठी    हैं    और    हर    पर्वत माला    की    अपनी    विशेष ता एं    हैं ",145,49
2536,जलाशय भी कई स्थानों में विभाजित हो कर डेल्टा और द्वीप बना देते हैं,जला शय    भी    कई    स्थानों    में    विभाजित    हो    कर    डेल् टा    और    द्वीप    बना    देते    हैं ,53,16
2537,भूमि के उन टुकड़ों की अपनी अनोखी विशेषताएं होती हैं,भूमि    के    उन    टु कड़ों    की    अपनी    अन ो खी    विशेष ता एं    होती    हैं ,42,15
2538,शायद तुम सही हो,शायद    तुम    सही    हो ,12,4
2539,मुझे मिस ली की भारत के भूगोल की क्लास याद है और कैसे उन्होंने हमारे लिए एक रोचक तस्वीर गढ़ी थी,मुझे    मि स    ली    की    भारत    के    भू गोल    की    क्ला स    याद    है    और    कैसे    उन्होंने    हमारे    लिए    एक    रो च क    तस्वी र    गढ़ ी    थी ,74,28
2540,यह बस विषय को और रोचक बनाने के लिए अलग-अलग तरीके और चालें इस्तेमाल करने के बारे में है,यह    बस    विषय    को    और    रो च क    बनाने    के    लिए    अलग-अलग    तरीके    और    चा लें    इस्तेमाल    करने    के    बारे    में    है ,68,22
2541,मुझे बहुत दिनों तक घर से बाहर रहना पसंद नहीं है लेकिन मैं अपना दिमाग खुला रखने की और तुम्हारे नज़रिए से चीज़ों को देखने की कोशिश करूंगी,मुझे    बहुत    दिनों    तक    घर    से    बाहर    रहना    पसंद    नहीं    है    लेकिन    मैं    अपना    दिमा ग    खु ला    रखने    की    और    तुम्ह ारे    न ज़ रि ए    से    चीज़ ों    को    देखने    की    कोशिश    कर ू ंगी ,108,37
2542,ये शो और फिल्में मेरे काम आ सकती हैं,ये    शो    और    फिल्में    मेरे    काम    आ    सकती    हैं ,28,9
2543,"बहुत अच्छा बोले, यार","बहुत    अच्छा    बो ले,    यार ",17,5
2544,बहुत बहुत धन्यवाद,बहुत    बहुत    ध न्य वाद ,15,5
2545,वेलकम,वे ल कम ,5,3
2546,"हैलो, मैं यूनिवर्सिटी होस्टल से ज़ेड स्क्वायर मॉल जाने के लिए कैब बुक करने के लिए कॉल कर रही हूँ","है लो ,    मैं    यूनि वर् सिटी    हो स्ट ल    से    ज़े ड    स् क्वा यर    मॉ ल    जाने    के    लिए    कै ब    बु क    करने    के    लिए    कॉल    कर    रही    हूँ ",77,32
2547,मुझे कितनी देर में मिल सकती है,मुझे    कितनी    देर    में    मिल    सकती    है ,24,7
2548,मैं आपके पते पर अपना एक ड्राइवर तुरंत भेज सकती हूँ,मैं    आपके    प ते    पर    अपना    एक    ड्राइ वर    तुरंत    भेज    सकती    हूँ ,40,13
2549,आपको कहाँ से पिक अप करना है,आपको    क हाँ    से    प िक    अ प    करना    है ,21,10
2550,मैं मेन कैम्पस में वेट करूँगी जो एंट्रेंस के बिल्कुल पास है,मैं    मे न    कै म्प स    में    वे ट    कर ू ँ गी    जो    एं ट्रे ंस    के    बिल् कुल    पास    है ,48,22
2551,सिक्योरिटी गार्ड बिना किसी समस्या के आपको अंदर आने देगा,सि क्यो रि टी    गा र्ड    बिना    किसी    समस्या    के    आपको    अंदर    आने    दे गा ,46,15
2552,"ओके, क्या कैब कैम्पस के अंदर आ सकती है","ओ के ,    क्या    कै ब    कै म्प स    के    अंदर    आ    सकती    है ",30,14
2553,क्या इसकी अनुमति है,क्या    इसकी    अनुमति    है ,16,4
2554,हम एक बार किसी दूसरी यूनिवर्सिटी में मुसीबत में पड़ गए थे; मैं बस श्योर होने के लिए पूछ रही हूँ,हम    एक    बार    किसी    दूसरी    यूनि वर् सिटी    में    मु सी ब त    में    पड़    गए    थे ;    मैं    बस    श ्यो र    होने    के    लिए    पू छ    रही    हूँ ,75,30
2555,अगर उन्हें पहले से बता दिया जाए तो कोई परेशानी नहीं है,अगर    उन्हें    पहले    से    ब ता    दिया    जाए    तो    कोई    परेशा नी    नहीं    है ,43,14
2556,मैंने उन्हें अभी बता दिया है तो आपको अंदर आने में कोई परेशानी नहीं होगी,मैंने    उन्हें    अभी    ब ता    दिया    है    तो    आपको    अंदर    आने    में    कोई    परेशा नी    नहीं    हो गी ,57,18
2557,"ओके, क्या आप मुझे इस तरह का कोई डॉक्यूमेंट या स्क्रीनशॉट भेज सकती हैं","ओ के ,    क्या    आप    मुझे    इस    तरह    का    कोई    डॉ क्यू मेंट    या    स्क्र ी न शॉट    भेज    सकती    हैं ",56,21
2558,मैं आपको परेशान करने की माफी चाहती हूँ लेकिन यह कंपनी की पॉलिसी है,मैं    आपको    परेशान    करने    की    मा फी    चाह ती    हूँ    लेकिन    यह    कंपनी    की    पॉ लि सी    है ,53,18
2559,मेरे पास कैम्पस गाइडलाइन की कॉपी है जिसमें ऐसा लिखा है,मेरे    पास    कै म्प स    गा इ ड लाइन    की    कॉ पी    है    जिसमें    ऐसा    लिखा    है ,44,17
2560,मैंने अभी आपको ये वॉट्सएप पर भेजा है,मैंने    अभी    आपको    ये    वॉ ट् स ए प    पर    भेजा    है ,29,12
2561,"ओके, यह चल जाना चाहिए","ओ के ,    यह    चल    जाना    चाहिए ",17,7
2562,भविष्य में सुविधा के लिए आप कैम्पस में हमारी सर्विस लेने के लिए ऐप का इस्तेमाल कर सकती हैं,भविष्य    में    सुविधा    के    लिए    आप    कै म्प स    में    हमारी    सर्विस    लेने    के    लिए    ऐ प    का    इस्तेमाल    कर    सकती    हैं ,72,22
2563,इसका नाम है ट्रैवा-गो और यह गूगल प्ले स्टोर पर है,इसका    नाम    है    ट्रै वा - गो    और    यह    गूगल    प्ले    स्टोर    पर    है ,39,14
2564,इससे बहुत मदद मिल जाएगी,इससे    बहुत    मदद    मिल    जाए गी ,19,6
2565,क्या आप होस्टल की जगह जानती हैं,क्या    आप    हो स्ट ल    की    जगह    जान ती    हैं ,25,10
2566,मैं यहाँ नई हूँ तो मुझे बहुत ज़्यादा पता नहीं है,मैं    यहाँ    नई    हूँ    तो    मुझे    बहुत    ज़्यादा    पता    नहीं    है ,38,11
2567,"लेकिन मैं मुझे लगता है कि आपको जो ड्राइवर दिया जाएगा, वो जानता होगा","लेकिन    मैं    मुझे    लगता    है    कि    आपको    जो    ड्राइ वर    दिया    जाए गा,    वो    जान ता    होगा ",54,17
2568,मैं आपको लोकेशन भेजूँगी अगर उन्हें नहीं पता हो तो,मैं    आपको    लो के शन    भे जू ँ गी    अगर    उन्हें    नहीं    पता    हो    तो ,40,15
2569,क्या मुझे पैसे पहले या अपनी जगह पर पहुँच जाने पर देने होंगे,क्या    मुझे    पैसे    पहले    या    अपनी    जगह    पर    पहुँच    जाने    पर    देने    हो ंगे ,47,14
2570,आप जैसा चाहें,आप    जैसा    चा हें ,11,4
2571,आप या तो एडवांस में दे सकते हैं या पहुँचने पर दे सकते हैं,आप    या    तो    एड वा ंस    में    दे    सकते    हैं    या    पहुँचने    पर    दे    सकते    हैं ,44,16
2572,"अगर आप चाहते हैं कि कैब आपका वेट करे, तो इसके एक्स्ट्रा पैसे लगेंगे","अगर    आप    चाहते    हैं    कि    कै ब    आपका    वे ट    करे ,    तो    इसके    एक् स्ट्रा    पैसे    लग े ंगे ",54,20
2573,इसकी कोई ज़रूरत नहीं होगी,इसकी    कोई    ज़रू रत    नहीं    हो गी ,21,7
2574,मैं दस मिनट में तैयार हो जाऊँगी तो मुझे उम्मीद है कि कैब तब तक आ जाएगी,मैं    दस    मिनट    में    तैयार    हो    जा ऊँ गी    तो    मुझे    उम्मीद    है    कि    कै ब    तब    तक    आ    जाए गी ,54,21
2575,"ओके, आपकी कैब 15 मिनट में आपकी लोकेशन पर पहुँच सकती है","ओ के ,    आपकी    कै ब    15    मिनट    में    आपकी    लो के शन    पर    पहुँच    सकती    है ",43,17
2576,हमारी कैब सर्विस का इस्तेमाल करने के लिए धन्यवाद,हमारी    कै ब    सर्विस    का    इस्तेमाल    करने    के    लिए    ध न्य वाद ,40,12
2577,"हैलो सर, मैं आदर्श की माँ हूँ","है लो    सर ,    मैं    आ दर् श    की    माँ    हूँ ",23,11
2578,मैं यहाँ अपने बेटे के बारे में कुछ बात करना चाहती हूँ,मैं    यहाँ    अपने    बेटे    के    बारे    में    कुछ    बात    करना    चाह ती    हूँ ,42,13
2579,"आप उसके क्लास टीचर हैं, इसलिए मुझे लगा कि अगर मैं अपनी परेशानियों के बारे में आपसे बात करूँ तो अच्छा रहेगा","आप    उसके    क्ला स    टी चर    हैं,    इसलिए    मुझे    लगा    कि    अगर    मैं    अपनी    परेशा नियों    के    बारे    में    आप से    बात    कर ू ँ    तो    अच्छा    रहे गा ",85,29
2580,आप आराम से बैठिए,आप    आ राम    से    बै ठि ए ,13,7
2581,आप किस बारे में बात करना चाहती हैं,आप    किस    बारे    में    बात    करना    चाह ती    हैं ,27,9
2582,मुझे अपने बेटे की मोबाइल फ़ोन और वीडियो गेम की बढ़ती लत को लेकर चिंता है,मुझे    अपने    बेटे    की    मोबाइल    फ़ो न    और    वीडियो    गेम    की    बढ़ती    लत    को    लेकर    चिंता    है ,57,17
2583,वह हमेशा फ़ोन पर गेम खेलता रहता है,वह    हमेशा    फ़ो न    पर    गेम    खे लता    रहता    है ,27,10
2584,और मैं उसकी सेहत और उसकी पढ़ाई को भी लेकर चिंतित हूँ,और    मैं    उसकी    से हत    और    उसकी    पढ़ाई    को    भी    लेकर    चिं तित    हूँ ,41,14
2585,"ओह, यह तो चिंता की बात है","ओ ह,    यह    तो    चिंता    की    बात    है ",19,8
2586,यह लत इन छोटे बच्चों में बढ़ती जा रही है,यह    लत    इन    छोटे    बच्चों    में    बढ़ती    जा    रही    है ,31,10
2587,आपको इस परेशानी से छुटकारा पाने के लिए उसे कुछ मनोरंजक हॉबी में शामिल करने की कोशिश करना चाहिए,आपको    इस    परेशा नी    से    छु ट कार ा    पाने    के    लिए    उसे    कुछ    मनोरं जक    हॉ बी    में    शामिल    करने    की    कोशिश    करना    चाहिए ,76,25
2588,अच्छी हॉबी जैसे,अच्छी    हॉ बी    जैसे ,13,4
2589,आप मुझे कुछ सुझाव दे सकते हैं क्या,आप    मुझे    कुछ    सुझाव    दे    सकते    हैं    क्या ,27,8
2590,आपको उसके खाली समय में उसे स्टोरी बुक पढ़ने के लिए बढ़ावा देना चाहिए,आपको    उसके    खाली    समय    में    उसे    स्टो री    बु क    पढ़ ने    के    लिए    बढ़ावा    देना    चाहिए ,55,17
2591,मेरे विचार से यह स्टूडेंट के लिए सबसे अच्छी हॉबी है,मेरे    विचार    से    यह    स्टू डे ंट    के    लिए    सबसे    अच्छी    हॉ बी    है ,41,14
2592,और उसे मोबाइल गेमिंग से दूर करने के लिए आप उसे स्पोर्ट्स अकादमी में भेज सकती हैं,और    उसे    मोबाइल    गे मिंग    से    दूर    करने    के    लिए    आप    उसे    स् पोर्ट्स    अकादमी    में    भेज    सकती    हैं ,64,19
2593,"मार्शल आर्ट, तैराकी, क्रिकेट, आदि कुछ अच्छे खेल हैं जिन्हें वह ट्राई कर सकता है","मार् शल    आर् ट,    तै रा की,    क्रि के ट,    आदि    कुछ    अच्छे    खेल    हैं    जिन्हें    वह    ट्रा ई    कर    सकता    है ",65,22
2594,इस तरह से वह फ़िट भी रहेगा,इस    तरह    से    वह    फ़ि ट    भी    रहे गा ,20,9
2595,"जब वो गेम नहीं खेलता है, तब अक्सर वो गाने के कुछ रियैलिटी शो देखता रहता है","जब    वो    गेम    नहीं    खे लता    है,    तब    अक्सर    वो    गाने    के    कुछ    रिय ै लि टी    शो    देख ता    रहता    है ",58,22
2596,"तो, मुझे लगा कि उसे म्यूज़िक में रुचि हो सकती है","तो ,    मुझे    लगा    कि    उसे    म्यू ज़ िक    में    रुचि    हो    सकती    है ",38,14
2597,इसके बजाय क्या मुझे उसे म्यूज़िक स्कूल भेजना चाहिए,इसके    बजाय    क्या    मुझे    उसे    म्यू ज़ िक    स्कूल    भेज ना    चाहिए ,42,12
2598,क्या वह उसके लिए पॉज़िटिव हॉबी होगी,क्या    वह    उसके    लिए    पॉ ज़ि टिव    हॉ बी    हो गी ,29,11
2599,"वह अच्छी हॉबी होगी, इसमें कोई शक नहीं","वह    अच्छी    हॉ बी    हो गी,    इसमें    कोई    श क    नहीं ",30,11
2600,आप ऐसा कर सकती हैं,आप    ऐसा    कर    सकती    हैं ,14,5
2601,लेकिन आपको यह भी देखना चाहिए कि वह बाहर जाए और दूसरे बच्चों के साथ खेलें,लेकिन    आपको    यह    भी    देख ना    चाहिए    कि    वह    बाहर    जाए    और    दूसरे    बच्चों    के    साथ    खे लें ,57,18
2602,उसे बाहरी दुनिया और उसका आनंद देखना होगा,उसे    बाहरी    दुनिया    और    उसका    आनंद    देख ना    होगा ,33,9
2603,"हाँ, मैं उसे हर शाम अपने घर के पास वाले खेल के मैदान में ले जाने की सोच रही हूँ","हा ँ,    मैं    उसे    हर    शाम    अपने    घर    के    पास    वाले    खेल    के    मैदान    में    ले    जाने    की    सोच    रही    हूँ ",60,21
2604,और मैं म्यूज़िक स्कूल में नाम लिखवा दूंगी,और    मैं    म्यू ज़ िक    स्कूल    में    नाम    लिख वा    दू ंगी ,34,12
2605,मुझे उम्मीद है कि इससे कुछ फ़र्क पड़ेगा,मुझे    उम्मीद    है    कि    इससे    कुछ    फ़ र्क    पड़ े गा ,32,11
2606,मैं उसे कुछ अच्छी कॉमिक बुक्स भी ख़रीदकर दूँगी ताकि उसे किताबें पढ़ने का शौक हो जाए,मैं    उसे    कुछ    अच्छी    कॉ मिक    बु क्स    भी    ख़ री द कर    दू ँ गी    ताकि    उसे    किता ब ें    पढ़ ने    का    शौ क    हो    जाए ,67,28
2607,"हाँ, यह आपका पहला कदम होना चाहिए","हा ँ,    यह    आपका    पहला    कदम    होना    चाहिए ",26,8
2608,मुझे लगता है कि ऐसा करने के बाद उसकी इन चीज़ों में रुचि बढ़ेगी,मुझे    लगता    है    कि    ऐसा    करने    के    बाद    उसकी    इन    चीज़ ों    में    रुचि    बढ़ े गी ,49,17
2609,क्या आप कुछ और भी पूछना चाहती हैं,क्या    आप    कुछ    और    भी    पूछ ना    चाह ती    हैं ,26,10
2610,"नहीं सर, मैं बस इसी बारे में बात करना चाहती थी","नहीं    सर ,    मैं    बस    इसी    बारे    में    बात    करना    चाह ती    थी ",36,13
2611,आपके सुझावों के लिए बहुत-बहुत धन्यवाद,आपके    सुझा वों    के    लिए    बहु त- बहुत    ध न्य वाद ,32,11
2612,इसमें धन्यवाद की क्या बात है,इसमें    ध न्य वाद    की    क्या    बात    है ,23,8
2613,"अगर परेशानी बनी रहती है, तो फिर आइए","अगर    परेशा नी    बनी    रहती    है,    तो    फिर    आइ ए ",28,10
2614,"जी, ज़रूर","जी ,    ज़रू र ",8,4
2615,"हाय, क्या आप इस यूनिवर्सिटी में नए हैं","हा य,    क्या    आप    इस    यूनि वर् सिटी    में    नए    हैं ",31,11
2616,"हाँ, मैंने इस साल दाखिला लिया है","हा ँ,    मैंने    इस    साल    दा खि ला    लिया    है ",26,10
2617,और आप,और    आप ,4,2
2618,मैं भी,मैं    भी ,5,2
2619,मैंने भी इसी साल दाखिला लिया है,मैंने    भी    इसी    साल    दा खि ला    लिया    है ,25,9
2620,आपका नाम क्या है,आपका    नाम    क्या    है ,13,4
2621,और आपने कौन-सा क्लब जॉइन किया है,और    आपने    कौ न- सा    क्लब    जॉ इन    किया    है ,26,10
2622,"मैं देबेंद्र हूँ, और मैंने स्पोर्ट्स क्लब जॉइन किया है","मैं    दे बे ंद्र    हू ँ,    और    मैंने    स् पोर्ट्स    क्लब    जॉ इन    किया    है ",45,15
2623,और आपने,और    आपने ,6,2
2624,मैंने म्यूज़िक क्लब जॉइन किया है,मैंने    म्यू ज़ िक    क्लब    जॉ इन    किया    है ,27,9
2625,क्या आपको सभी तरह के खेल पसंद हैं,क्या    आपको    सभी    तरह    के    खेल    पसंद    हैं ,26,8
2626,"नहीं, दर असल मुझे खेल से ज़्यादा बाइक चलाना पसंद है","नही ं,    दर    अ सल    मुझे    खेल    से    ज़्यादा    बाइ क    चला ना    पसंद    है ",41,15
2627,"मुझे मीलों दूर तक बाइक चलाना पसंद है, यह मेरा शौक है","मुझे    मी लों    दूर    तक    बाइ क    चला ना    पसंद    है,    यह    मेरा    शौ क    है ",41,16
2628,"लेकिन यहाँ खेल के अलावा ऐसी कोई चीज़ नहीं दिखी जो मुझे दिलचस्प लगे, तो मैंने इसे ही जॉइन कर लिया","लेकिन    यहाँ    खेल    के    अलावा    ऐसी    कोई    ची ज़    नहीं    दि खी    जो    मुझे    दि ल च स् प    लग े,    तो    मैंने    इसे    ही    जॉ इन    कर    लिया ",76,29
2629,मैं कभी-कभी फुटबॉल खेलता हूँ,मैं    कभी-कभी    फुटबॉल    खे लता    हूँ ,24,6
2630,सही में,सही    में ,6,2
2631,तब तो आपको रोमांच बहुत पसंद आता होगा,तब    तो    आपको    रो मा ंच    बहुत    पसंद    आता    होगा ,29,10
2632,"हाँ, ऐसा कहा जा सकता है","हा ँ,    ऐसा    कहा    जा    सकता    है ",18,7
2633,मेरी वैसे इन रोमांचक खेलों में कोई खास रुचि नहीं है,मेरी    वै से    इन    रो मा ंच क    खेलों    में    कोई    खास    रुचि    नहीं    है ,41,15
2634,आप लोग कैसे कर लेते हैं,आप    लोग    कैसे    कर    लेते    हैं ,18,6
2635,आपको डर नहीं लगता,आपको    डर    नहीं    लगता ,14,4
2636,"नहीं, बाइक चलाना इतना भयंकर नहीं है और मैं भी लापरवाही से चलाने वालों में से नहीं हूँ","नही ं,    बाइ क    चला ना    इतना    भ य ं कर    नहीं    है    और    मैं    भी    ला पर वा ही    से    चलाने    वालों    में    से    नहीं    हूँ ",68,27
2637,"आपको कभी ट्राई करना चाहिए; रास्ता खाली और सुंदर हो, तो इससे बहुत सुकून मिलता है","आपको    कभी    ट्रा ई    करना    चाहि ए ;    रास् ता    खाली    और    सु ंदर    हो,    तो    इससे    बहुत    सु कू न    मिलता    है ",64,23
2638,वैसे आपकी रुचि गायन में है,वै से    आपकी    रुचि    गा यन    में    है ,21,8
2639,"हाँ, मुझे गाना गाना पसंद है","हा ँ,    मुझे    गा ना    गा ना    पसंद    है ",22,9
2640,पर आपको कैसे पता,पर    आपको    कैसे    पता ,13,4
2641,"नहीं, मैंने बस पूछा, आपने कहा था न कि आपने म्यूज़िक क्लब जॉइन किया है","नही ं,    मैंने    बस    पू छा ,    आपने    कहा    था    न    कि    आपने    म्यू ज़ िक    क्लब    जॉ इन    किया    है ",55,21
2642,आपको किस तरह का म्यूज़िक परफ़ॉर्म करते हैं,आपको    किस    तरह    का    म्यू ज़ िक    पर फ़ ॉर् म    करते    हैं ,35,13
2643,मुझे असमिया गाने गाना पसंद है,मुझे    असम िया    गाने    गा ना    पसंद    है ,24,8
2644,लेकिन मैं दूसरी भाषाओं में भी गाने गाता हूँ,लेकिन    मैं    दूसरी    भाषाओं    में    भी    गाने    गा ता    हूँ ,35,10
2645,गायन से मेरे मन को शांति मिलती है,गा यन    से    मेरे    मन    को    शांति    मिलती    है ,26,9
2646,मुझे गाने सुनना पसंद है और इस तरह गायन मेरा शौक बन गया,मुझे    गाने    सुन ना    पसंद    है    और    इस    तरह    गा यन    मेरा    शौ क    बन    गया ,42,16
2647,मुझे अपने हॉबी के बारे में और बताएँ,मुझे    अपने    हॉ बी    के    बारे    में    और    बता एँ ,28,10
2648,"वाह, यह तो बहुत अच्छा है","वाह ,    यह    तो    बहुत    अच्छा    है ",19,7
2649,"जैसा मैंने आपको बताया, मुझे अपनी मोटरसाइकिल पर लंबी दूरी तक राइड करना पसंद है","जैसा    मैंने    आपको    बता या,    मुझे    अपनी    मो टर साइकिल    पर    लंबी    दूरी    तक    राइ ड    करना    पसंद    है ",63,19
2650,मैं अक्सर वीकेंड में अपने ग्रुप के साथ बाहर जाता हूँ,मैं    अक्सर    वी के ंड    में    अपने    ग्रु प    के    साथ    बाहर    जाता    हूँ ,42,14
2651,क्या आप कभी हमारे साथ चलना पसंद करेंगे,क्या    आप    कभी    हमारे    साथ    चल ना    पसंद    करे ंगे ,31,10
2652,"हाँ, बिल्कुल, क्यों नहीं","हा ँ,    बिल् कु ल,    क्यों    नहीं ",21,7
2653,मुझे किसी दिन ऐसा करना अच्छा लगेगा,मुझे    किसी    दिन    ऐसा    करना    अच्छा    लग े गा ,28,9
2654,"ठीक है, अगली बार जब हम राइड पर बाहर जाएँगे तो मैं आपको बता दूँगा","ठीक    है,    अगली    बार    जब    हम    राइ ड    पर    बाहर    जाए ँ गे    तो    मैं    आपको    ब ता    दू ँ गा ",50,21
2655,"वैसे, आपकी पसंदीदा जगह कौन-सी है","वै से,    आपकी    पसंदीदा    जगह    कौ न- सी    है ",27,9
2656,हम अक्सर मेघालय जाते हैं क्योंकि वहाँ की सड़कें और जगहें दोनों ही सुंदर हैं,हम    अक्सर    मेघालय    जाते    हैं    क्योंकि    वहाँ    की    सड़ कें    और    जग हें    दोनों    ही    सु ंदर    हैं ,61,18
2657,"वाह, यह तो बहुत अच्छा है","वाह ,    यह    तो    बहुत    अच्छा    है ",19,7
2658,तब मैं अगली बार ज़रूर आउंगा,तब    मैं    अगली    बार    ज़रू र    आउ ंगा ,22,8
2659,बिल्कुल,बिल् कुल ,7,2
2660,सभी को गुड मॉर्निंग,सभी    को    गु ड    म ॉर् नि ंग ,16,8
2661,"जैसा कि आप सब को पता है, आज 5 जून है जिसे विश्व पर्यावरण दिवस के रूप में मनाया जाता है","जैसा    कि    आप    सब    को    पता    है,    आज    5    जून    है    जिसे    विश्व    पर्या वरण    दिवस    के    रूप    में    मनाया    जाता    है ",66,22
2662,मिस्टर बालासुब्रण्यम यहाँ पूर्वी क्षेत्र के वन विभाग के हेड हैं,मि स्टर    बा ला सु ब्र ण ्य म    यहाँ    पूर्वी    क्षेत्र    के    वन    विभाग    के    हे ड    हैं ,53,19
2663,अब उनसे सुनते हैं,अब    उनसे    सुन ते    हैं ,14,5
2664,गुड मॉर्निंग,गु ड    म ॉर् नि ंग ,11,6
2665,उम्मीद है आप सब ठीक हैं,उम्मीद    है    आप    सब    ठीक    हैं ,18,6
2666,मैं वन विभाग से हूँ,मैं    वन    विभाग    से    हूँ ,15,5
2667,"मेरा काम है इस ग्रह के पर्यावरण के सबसे महत्वपूर्ण पहलुओ में से एक, या यूँ कहें कि सबसे अपूरणीय पहलू का संरक्षण करना","मेरा    काम    है    इस    ग्रह    के    पर्या वरण    के    सबसे    महत्वपूर्ण    पह लु ओ    में    से    एक ,    या    यू ँ    क हें    कि    सबसे    अप ू रण ीय    पह लू    का    संरक्षण    करना ",93,34
2668,"प्रदूषण जिस खतरनाक दर से बढ़ रहा है, उसमें जरूरी है कि हम उस चीज का संरक्षण करें जो इस ग्रह पर ऑक्सीजन के लगभग एक-तिहाई भाग का उत्पादन करता है","प्र दू षण    जिस    खतर नाक    दर    से    बढ़    रहा    है,    उसमें    जरू री    है    कि    हम    उस    ची ज    का    संरक्षण    करें    जो    इस    ग्रह    पर    ऑक् सी जन    के    लगभग    एक- तिहा ई    भाग    का    उत्पादन    करता    है ",112,40
2669,"इसलिए, इस पर्यावरण दिवस पर हम चाहते हैं कि आप इस क्षेत्र के वन को बढ़ाने में योगदान दें","इस लिए,    इस    पर्या वरण    दिवस    पर    हम    चाहते    हैं    कि    आप    इस    क्षेत्र    के    वन    को    बढ़ाने    में    योगदान    दें ",69,21
2670,हम मिल कर पेड़ लगाएंगे,हम    मिल    कर    पेड़    लगा ए ंगे ,18,7
2671,मुझे आशा है कि आप सब सहयोग करेंगे,मुझे    आ शा    है    कि    आप    सब    सह योग    करे ंगे ,26,11
2672,हम मुख्य रूप से बरगद के पेड़ लगाएंगे,हम    मुख्य    रूप    से    बर ग द    के    पेड़    लगा ए ंगे ,29,12
2673,इसके अलावा कुछ आम और अन्य प्रजातियों के नमूने भी हैं,इसके    अलावा    कुछ    आम    और    अन्य    प्रजातियों    के    न मू ने    भी    हैं ,42,13
2674,अगर आप चाहें तो हम टीमों में मिल कर काम कर सकते हैं,अगर    आप    चा हें    तो    हम    टीमों    में    मिल    कर    काम    कर    सकते    हैं ,39,14
2675,लेकिन इनको लगाना बहुत आसान है,लेकिन    इन को    लगा ना    बहुत    आसान    है ,24,8
2676,आप में से हर कोई बिना किसी मदद के एक-एक लगा सकता है,आप    में    से    हर    कोई    बिना    किसी    मदद    के    एक- एक    लगा    सकता    है ,39,14
2677,हर छात्र को कम से कम एक पौधा लगाना होगा,हर    छात्र    को    कम    से    कम    एक    पौ धा    लगा ना    होगा ,30,12
2678,दिए गए निर्देशों का पालन ज़रूर करें,दिए    गए    निर् देशों    का    पालन    ज़रू र    करें ,29,9
2679,मुझे आशा है कि आप सब को आज मजा आएगा,मुझे    आ शा    है    कि    आप    सब    को    आज    म जा    आ ए गा ,26,14
2680,मिस्टर बालासुब्रण्यम जैसे ज्ञानी व्यक्ति ने यहाँ आ कर हमें अनुगृहीत किया है,मि स्टर    बा ला सु ब्र ण ्य म    जैसे    ज्ञा नी    व्यक्ति    ने    यहाँ    आ    कर    हमें    अनु ग ृ ही त    किया    है ,63,25
2681,"मिस्टर देसाई, जरूरी है कि बच्चे पर्यावरण का संरक्षण करना सीखें","मि स्टर    दे सा ई,    जरू री    है    कि    बच्चे    पर्या वरण    का    संरक्षण    करना    सीख ें ",52,17
2682,मुझे खुशी है कि मैं मदद कर सका,मुझे    खुशी    है    कि    मैं    मदद    कर    स का ,23,9
2683,"चलो बच्चो, काम शुरू करें","चल ो    बच् चो ,    काम    शुरू    करें ",20,8
2684,एक-एक पौधा उठाओ और उसे फलने-फूलने की जगह दो,एक- एक    पौ धा    उठा ओ    और    उसे    फ ल ने- फू लने    की    जगह    दो ,35,16
2685,अगर आपको कुछ पूछना हो तो बेझिझक पूछें,अगर    आपको    कुछ    पूछ ना    हो    तो    बे झ ि झ क    पूछ ें ,30,14
2686,गुड मॉर्निंग मैम,गु ड    म ॉर् नि ंग    मै म ,14,8
2687,मैं यहाँ लाइफ़ इंश्योरेंस पॉलिसी को लेकर कुछ जानकारी लेने आया हूँ,मैं    यहाँ    लाइ फ़    इं श ्यो रे ंस    पॉ लि सी    को    लेकर    कुछ    जानकारी    लेने    आया    हूँ ,54,19
2688,क्या आप मेरी मदद कर सकती हैं,क्या    आप    मेरी    मदद    कर    सकती    हैं ,22,7
2689,"गुड मॉर्निंग, प्लीज़ बैठिए","गु ड    म ॉर् नि ंग,    प् ली ज़    बै ठि ए ",23,12
2690,"बिल्कुल, हम यहाँ अपने ग्राहकों की सेवा के लिए ही हैं","बिल् कु ल,    हम    यहाँ    अपने    ग्राहकों    की    सेवा    के    लिए    ही    हैं ",42,13
2691,"आप हमारी पॉलिसी के बारे में जो भी जानना चाहते हैं, उसमें मैं आपकी मदद करूँगी","आप    हमारी    पॉ लि सी    के    बारे    में    जो    भी    जान ना    चाहते    हैं,    उसमें    मैं    आपकी    मदद    कर ू ँ गी ",61,22
2692,क्या मैं आपका नाम और उम्र जान सकती हूँ,क्या    मैं    आपका    नाम    और    उम्र    जान    सकती    हूँ ,30,9
2693,मैं देवांग सैकिया हूँ और मेरी उम्र 39 है,मैं    दे वा ंग    सै किया    हूँ    और    मेरी    उम्र    3 9    है ,32,13
2694,मुझे जानना चाहता हूँ कि इस उम्र में कौन-सी इंश्योरेंस पॉलिसी मेरे लिए ठीक है,मुझे    जान ना    चाहता    हूँ    कि    इस    उम्र    में    कौ न- सी    इं श ्यो रे ंस    पॉ लि सी    मेरे    लिए    ठीक    है ,62,24
2695,और मुझे उसके लाभ भी जानने हैं,और    मुझे    उसके    लाभ    भी    जान ने    हैं ,23,8
2696,अपना नाम और उम्र बताने के लिए धन्यवाद,अपना    नाम    और    उम्र    बता ने    के    लिए    ध न्य वाद ,30,11
2697,हमारे पास जीवन उमंग नाम की एक बहुत अच्छी पॉलिसी है,हमारे    पास    जीवन    उ म ंग    नाम    की    एक    बहुत    अच्छी    पॉ लि सी    है ,40,15
2698,आप उसे ले सकते हैं,आप    उसे    ले    सकते    हैं ,14,5
2699,इस पॉलिसी में सबसे कम बेसिक बीमा कितने का है,इस    पॉ लि सी    में    सबसे    कम    बे सिक    बीमा    कि तने    का    है ,35,14
2700,इस पॉलिसी को लेने के लिए कम से कम उम्र कितनी होनी चाहिए,इस    पॉ लि सी    को    लेने    के    लिए    कम    से    कम    उम्र    कितनी    होनी    चाहिए ,43,15
2701,अधिकतम उम्र क्या है,अधिकतम    उम्र    क्या    है ,16,4
2702,सबसे कम बेसिक बीमा दो लाख रुपये का है,सबसे    कम    बे सिक    बीमा    दो    लाख    रुपये    का    है ,29,10
2703,सबसे कम उम्र 90 दिन है,सबसे    कम    उम्र    90    दिन    है ,17,6
2704,इस पॉलिसी को लेने के लिए अधिकतम उम्र 55 साल है,इस    पॉ लि सी    को    लेने    के    लिए    अधिकतम    उम्र    5 5    साल    है ,36,14
2705,जानकारी देने के लिए बहुत-बहुत धन्यवाद,जानकारी    देने    के    लिए    बहु त- बहुत    ध न्य वाद ,32,10
2706,इस पॉलिसी के मृत्यु लाभ क्या-क्या हैं,इस    पॉ लि सी    के    मृत्यु    लाभ    क ्या - क्या    हैं ,31,12
2707,क्या मैं प्रीमियम सालाना भर सकता हूँ,क्या    मैं    प्रीम ियम    सा लाना    भर    सकता    हूँ ,30,9
2708,"पहले पांच वर्षों के दौरान मृत्यु होने पर, मृत्यु पर बीमा किया गया धन देय होगा","पहले    पांच    वर्षों    के    दौरान    मृत्यु    होने    पर,    मृत्यु    पर    बीमा    किया    गया    धन    दे य    होगा ",62,17
2709,"पॉलिसी के पांच वर्ष पूरे होने के बाद लेकिन मैच्योर होने की तारीख से पहले मृत्यु होने पर, मृत्यु पर बीमित राशि और लॉयल्टी एडिशन, यदि कोई हो, देय होगा","पॉ लि सी    के    पांच    वर्ष    पूरे    होने    के    बाद    लेकिन    मै च ्यो र    होने    की    तारीख    से    पहले    मृत्यु    होने    पर,    मृत्यु    पर    बी मित    राशि    और    लॉ य ल्टी    ए डि श न,    यदि    कोई    हो,    दे य    होगा ",119,42
2710,यह सब तभी लागू होंगे जब सभी ड्यूज़ चुका दिए गए हों,यह    सब    तभी    लागू    हो ंगे    जब    सभी    ड ्यू ज़    चुका    दिए    गए    हों ,39,15
2711,"प्रीमियम नियमित रूप से सालाना, छः महीने पर, तीन महीने पर या हर महीने दिया जा सकता है","प्रीम ियम    नियमित    रूप    से    सा ला ना,    छ ः    महीने    पर,    तीन    महीने    पर    या    हर    महीने    दिया    जा    सकता    है ",67,22
2712,क्या मैं मैच्योरिटी डेट के पहले पॉलिसी सरेंडर कर सकता हूँ,क्या    मैं    मै च ्यो रि टी    डे ट    के    पहले    पॉ लि सी    स रे ंडर    कर    सकता    हूँ ,47,20
2713,सरेंडर वैल्यू क्या होगी,स रे ंडर    वै ल ्य ू    क्या    हो गी ,20,10
2714,"हाँ, पॉलिसी लेने वाला मैच्योरिटी से पहले तीन साल पूरे होने के बाद पॉलिसी सरेंडर कर सकता है","हा ँ,    पॉ लि सी    लेने    वाला    मै च ्यो रि टी    से    पहले    तीन    साल    पूरे    होने    के    बाद    पॉ लि सी    स रे ंडर    कर    सकता    है ",73,29
2715,आपको कम से कम 3 साल लगातार नियमित रूप से प्रीमियम भरना होगा,आपको    कम    से    कम    3    साल    लगातार    नियमित    रूप    से    प्रीम ियम    भर ना    होगा ,47,15
2716,"प्रक्रिया के बारे में पूरी जानकारी हमारी किताब से समझी जा सकती है, ज़रा उसे देख लें","प्रक्रिया    के    बारे    में    पूरी    जानकारी    हमारी    कि ताब    से    समझ ी    जा    सकती    है,    ज़ रा    उसे    देख    लें ",67,20
2717,जानकारी से मुझे वाकई बहुत मदद मिली,जानकारी    से    मुझे    वा कई    बहुत    मदद    मिली ,28,8
2718,बहुत-बहुत धन्यवाद,बहु त- बहुत    ध न्य वाद ,16,6
2719,आपका स्वागत है,आपका    स्वा गत    है ,12,4
2720,"अगर आप चाहें, तो मैं अपने किसी एजेंट को आपसे संपर्क करने के लिए कह सकती हूँ जो आपको ज़्यादा जानकारी दे सकते हैं","अगर    आप    चा हे ं,    तो    मैं    अपने    किसी    एजे ंट    को    आप से    संपर्क    करने    के    लिए    क ह    सकती    हूँ    जो    आपको    ज़्यादा    जानकारी    दे    सकते    हैं ",88,29
2721,क्या आप मुझे अपना फ़ोन नंबर दे सकते हैं,क्या    आप    मुझे    अपना    फ़ो न    नंबर    दे    सकते    हैं ,31,10
2722,यह बहुत बढ़िया रहेगा,यह    बहुत    बढ़ िया    रहे गा ,17,6
2723,प्लीज़ मेरा फ़ोन नंबर लिख लीजिए,प् ली ज़    मेरा    फ़ो न    नंबर    लि ख    ली जि ए ,26,12
2724,"हैलो, मैं उत्तर-पूर्वी व्यंजनों को ट्राई करना चाहती हूँ","है लो ,    मैं    उत्तर- पूर्वी    व्य ंज नों    को    ट्रा ई    करना    चाह ती    हूँ ",47,16
2725,मेरे दोस्त सिरिल ने बताया कि खाने और रेस्तराँ की खासियतें बताने की बात आए तो उसके लिए आप एकदम सही हैं,मेरे    दोस्त    सि रि ल    ने    बताया    कि    खाने    और    रेस्तरा ँ    की    खा सिय तें    बता ने    की    बात    आए    तो    उसके    लिए    आप    एक दम    सही    हैं ,80,29
2726,"हाँ, मैं काफी समय से इस जगह पर हूँ, तो मैं खाने को लेकर आपको सलाह देने में मदद कर सकती हूँ","हा ँ,    मैं    काफी    समय    से    इस    जगह    पर    हू ँ,    तो    मैं    खाने    को    लेकर    आपको    सलाह    देने    में    मदद    कर    सकती    हूँ ",69,24
2727,शुरुआत के लिए असमिया डिश खार अच्छी है,शुरुआत    के    लिए    असम िया    डि श    खा र    अच्छी    है ,30,11
2728,"ओह, अच्छा","ओ ह,    अच्छा ",8,3
2729,क्या यह शाकाहारी है,क्या    यह    शा का ह ारी    है ,16,7
2730,किस चीज़ से बनती है ये,किस    ची ज़    से    बन ती    है    ये ,17,8
2731,"यह लाल चावल, कुटी हुई दाल और कच्चे पपीते से बनती है इसलिए यह पूरी तरह से शाकाहारी है","यह    लाल    चा व ल,    कु टी    हुई    दा ल    और    क च् चे    प पी ते    से    बन ती    है    इसलिए    यह    पूरी    तरह    से    शा का ह ारी    है ",66,31
2732,इसे बनाने में असम के कई मसालों का भी इस्तेमाल किया जाता है,इसे    बनाने    में    असम    के    कई    मसा लों    का    भी    इस्तेमाल    किया    जाता    है ,46,14
2733,"ओके, मैं उसे पक्का ट्राई करूँगी","ओ के ,    मैं    उसे    प क् का    ट्रा ई    कर ू ँ गी ",26,14
2734,बैम्बू राइस क्या होता है,बै म्ब ू    रा इस    क्या    होता    है ,20,8
2735,मैंने सुना है कि यह असम का स्पेशल है,मैंने    सु ना    है    कि    यह    असम    का    स् पेश ल    है ,28,12
2736,मुझे ठीक से नाम याद नहीं आ रहा है; मेरे ख्याल से शायद प से शुरू होता है,मुझे    ठीक    से    नाम    याद    नहीं    आ    रहा    है;    मेरे    ख्या ल    से    शायद    प    से    शुरू    होता    है ,54,19
2737,"आप जिस डिश की बात कर रही हैं, उसे पीठा या खोला पीठा कहते हैं","आप    जिस    डि श    की    बात    कर    रही    हैं,    उसे    पी ठा    या    खो ला    पी ठा    कहते    हैं ",46,19
2738,इसे बनाने के लिए हल्की फ़्लेवर वाले चावल को बांस के खोखले तने में भर दिया जाता है,इसे    बनाने    के    लिए    हल् की    फ़् ले वर    वाले    चावल    को    बा ंस    के    खो ख ले    तने    में    भर    दिया    जाता    है ,64,24
2739,"ओह, तो यह डिश भी शाकाहारी है","ओ ह,    तो    यह    डि श    भी    शा का ह ारी    है ",22,12
2740,"हाँ, और इसे पसंद के मुताबिक मीठा या नमकीन बनाया जा सकता है","हा ँ,    और    इसे    पसंद    के    मु ता ब िक    मी ठा    या    न म की न    बनाया    जा    सकता    है ",46,21
2741,ज़्यादातर लोगों को मीठा वाला पसंद आता है और आम तौर पर इसे दही और गुड़ के साथ खाया जाता है,ज़ ्यादातर    लोगों    को    मी ठा    वाला    पसंद    आता    है    और    आम    तौर    पर    इसे    द ही    और    गु ड़    के    साथ    खा या    जाता    है ,69,26
2742,"ओके, आप मुझे कुछ माँसाहारी व्यंजनों के बारे में सलाह दे सकती हैं","ओ के ,    आप    मुझे    कुछ    माँ साह ारी    व्य ंज नों    के    बारे    में    सलाह    दे    सकती    हैं ",52,19
2743,"मुझे माँसाहार ज़्यादा पसंद है, इसलिए","मुझे    माँ सा हार    ज़्यादा    पसंद    है,    इसलिए ",31,8
2744,तब तो आपको नागालैंड का स्मोक्ड पोर्क खाकर आनंद आ जाएगा,तब    तो    आपको    नागा लैंड    का    स् मो क् ड    पोर् क    खा कर    आनंद    आ    जाए गा ,44,18
2745,"यह बाहर से कुरकुरा, अंदर से नरम और जूसी होता है और इसका स्मोकी फ़्लेवर एकदम अनोखा होता है","यह    बाहर    से    कु र कु रा,    अंदर    से    न रम    और    जू सी    होता    है    और    इसका    स् मो की    फ़् ले वर    एक दम    अन ो खा    होता    है ",71,31
2746,"ओह, यह सुनने में बहुत टेस्टी लग रहा है लेकिन मैं पोर्क नहीं खाती","ओ ह,    यह    सुन ने    में    बहुत    टे स्ट ी    लग    रहा    है    लेकिन    मैं    पोर् क    नहीं    खा ती ",51,20
2747,पर मैं अपने दोस्त सिरिल को इस डिश के बारे में बताऊँगी,पर    मैं    अपने    दोस्त    सि रि ल    को    इस    डि श    के    बारे    में    बता ऊँ गी ,42,17
2748,हम्म,ह म् म ,4,3
2749,फिर थुकपा के बारे में क्या ख्याल है,फिर    थु क पा    के    बारे    में    क्या    ख्या ल    है ,28,11
2750,यह अरुणाचल प्रदेश की नूडल से बनने वाली डिश है और इसे बनाने में दालों से लेकर किसी भी तरह का मीट लिया जा सकता है,यह    अ रु णा चल    प्रदेश    की    नू डल    से    बनने    वाली    डि श    है    और    इसे    बनाने    में    दा लों    से    लेकर    किसी    भी    तरह    का    मी ट    लिया    जा    सकता    है ,86,33
2751,"अगर आपको मछली पसंद है, तो आपको असम की टेंगा फ़िश डिश पसंद आएगी","अगर    आपको    मछली    पसंद    है,    तो    आपको    असम    की    टे ंगा    फ़ िश    डि श    पसंद    आ ए गी ",49,19
2752,"मुझे नूडल पसंद हैं, तो उत्तर-पूर्वी व्यंजनों को आज़माने की लिस्ट में मेरी सबसे पहली डिश थुकपा है","मुझे    नू डल    पसंद    हैं,    तो    उत्तर- पूर्वी    व्य ंज नों    को    आ ज़ माने    की    लि स्ट    में    मेरी    सबसे    पहली    डि श    थु क पा    है ",79,28
2753,मैं टेंगा भी ट्राई करके देखूँगी,मैं    टे ंगा    भी    ट्रा ई    करके    देख ू ँ गी ,26,11
2754,क्या उत्तर-पूर्वी खाने आम तौर पर मसालेदार होते हैं,क्या    उत्तर- पूर्वी    खाने    आम    तौर    पर    मसा ले दार    होते    हैं ,42,12
2755,"नहीं, बिल्कुल भी मसालेदार नहीं होते","नही ं,    बिल् कुल    भी    मसा ले दार    नहीं    होते ",30,10
2756,बल्कि वो एकदम तरोताज़ा करने वाले और ख़ुशबूदार होते हैं,बल्कि    वो    एक दम    त रो ता ज़ा    करने    वाले    और    ख़ ु श बू दार    होते    हैं ,45,18
2757,"हैलो, क्या यह टाटा कैपिटल है","है लो ,    क्या    यह    टा टा    कै पि टल    है ",23,11
2758,जी हाँ यह टाटा कैपिटल है,जी    हाँ    यह    टा टा    कै पि टल    है ,19,9
2759,मैं आपकी किस प्रकार सहायता कर सकती हूँ,मैं    आपकी    किस    प्रकार    सहायता    कर    सकती    हूँ ,31,8
2760,मुझे कुछ पर्सनल लोन चाहिए,मुझे    कुछ    पर् स नल    लोन    चाहिए ,21,7
2761,क्या आप मेरा क्रेडिट स्कोर देखकर बता सकती हैं कि मुझे कितना मिल सकता है,क्या    आप    मेरा    क्रेडिट    स्कोर    देखकर    ब ता    सकती    हैं    कि    मुझे    कितना    मिल    सकता    है ,57,16
2762,हाँ बिल्कुल प्लीज़ एक मिनट रुकें,हाँ    बिल् कुल    प् ली ज़    एक    मिनट    रु कें ,27,10
2763,आपको अपने क्रेडिट स्कोर पर ज़्यादा से ज़्यादा 8 लाख का लोन मिल सकता है,आपको    अपने    क्रेडिट    स्कोर    पर    ज़्यादा    से    ज़्यादा    8    लाख    का    लोन    मिल    सकता    है ,56,15
2764,फ़िलहाल पर्सनल लोन पर ब्याज दर क्या है,फ़ि ल हाल    पर् स नल    लोन    पर    ब्याज    दर    क्या    है ,31,12
2765,और क्या मुझे एप्लाई करने का तरीका बता सकती हैं,और    क्या    मुझे    ए प् लाई    करने    का    तरीका    ब ता    सकती    हैं ,37,13
2766,पर्सनल लोन की ब्याज दर आम तौर पर 10,पर् स नल    लोन    की    ब्याज    दर    आम    तौर    पर    10 ,27,11
2767,50% और 24% के बीच हो सकती है,50 %    और    2 4 %    के    बीच    हो    सकती    है ,21,11
2768,यह आम तौर पर इस बात पर निर्भर करता है कि आप वित्तीय संस्थान की पर्सनल लोन योग्यता से जुड़ी ज़रूरतों को कैसे पूरा करते हैं,यह    आम    तौर    पर    इस    बात    पर    निर्भर    करता    है    कि    आप    वित्तीय    संस्थान    की    पर् स नल    लोन    योग ्यता    से    जुड़ी    ज़रू र तों    को    कैसे    पूरा    करते    हैं ,96,31
2769,प्रोसेस शुरू करने के लिए आपको कुछ डॉक्यूमेंट सबमिट करने होंगे,प्रो से स    शुरू    करने    के    लिए    आपको    कुछ    डॉ क्यू मेंट    सब मि ट    करने    हो ंगे ,51,18
2770,"आपके क्रेडेंशियल के प्रमाण के लिए वोटर कार्ड, आधार कार्ड और पैन कार्ड जैसे डॉक्यूमेंट ज़रूरी हैं","आपके    क्रे डे ं श ियल    के    प्रमाण    के    लिए    वो टर    कार् ड,    आधार    कार्ड    और    पै न    कार्ड    जैसे    डॉ क्यू मेंट    ज़रू री    हैं ",80,27
2771,पहचान का प्रमाण और निवास का प्रमाण,पहचान    का    प्रमाण    और    निवास    का    प्रमाण ,28,7
2772,आय से जुड़े डॉक्यूमेंट जैसे पिछले तीन महीने की सैलरी स्लिप और आई,आय    से    जुड़े    डॉ क्यू मेंट    जैसे    पिछले    तीन    महीने    की    सै ल री    स् लि प    और    आई ,52,19
2773,टी,टी ,2,1
2774,रिटर्न स्टेटमेंट,रि टर् न    स्टे ट मेंट ,15,6
2775,क्या मुझे व्यक्तिगत तौर पर ब्रांच में आना होगा,क्या    मुझे    व्यक्तिगत    तौर    पर    ब्रा ंच    में    आ ना    होगा ,38,11
2776,या मैं ऑनलाइन अप्लाई कर सकता हूँ,या    मैं    ऑनलाइन    अप ् लाई    कर    सकता    हूँ ,26,9
2777,ऑनलाइन अप्लाई कर सकते हैं,ऑनलाइन    अप ् लाई    कर    सकते    हैं ,21,7
2778,लेकिन डॉक्यूमेंट सबमिट करने और वेरिफ़िकेशन के लिए आपको ब्रांच आना होगा,लेकिन    डॉ क्यू मेंट    सब मि ट    करने    और    वे रि फ़ि के शन    के    लिए    आपको    ब्रा ंच    आ ना    होगा ,59,22
2779,"मैं आपके फ़र्म का नियमित ग्राहक हूँ, आप उससे देख सकते हैं","मैं    आपके    फ़ र् म    का    नियमित    ग्राहक    हू ँ,    आप    उससे    देख    सकते    हैं ",46,15
2780,क्या मैं बस आपके ऑफ़िस में अपने डॉक्यूमेंट भेज सकता हूँ,क्या    मैं    बस    आपके    ऑ फ़ि स    में    अपने    डॉ क्यू मेंट    भेज    सकता    हूँ ,45,15
2781,"सर, इसमें ज़्यादा टाइम नहीं लगेगा, हो सकता है कि डॉक्यूमेंट भेजने से वह दूसरे एप्लिकेशनों से मिक्स हो जाए","सर ,    इसमें    ज़्यादा    टाइ म    नहीं    लग े गा,    हो    सकता    है    कि    डॉ क्यू मेंट    भे जने    से    वह    दूसरे    ए प् लि के श नों    से    मि क्स    हो    जाए ",86,33
2782,आम तौर पर पर्सनल लोन पर लोअर और अपर लिमिट क्या हैं,आम    तौर    पर    पर् स नल    लोन    पर    लो अ र    और    अ पर    लि मि ट    क्या    हैं ,39,19
2783,"हम आपकी योग्यता के आधार पर कम से कम 75,000 से लेकर ज़्यादा से ज़्यादा 35,00,000/- का पर्सनल लोन देते हैं","हम    आपकी    योग ्यता    के    आधार    पर    कम    से    कम    7 5 ,000    से    लेकर    ज़्यादा    से    ज़्यादा    3 5 ,0 0 ,0 0 0 / -    का    पर् स नल    लोन    देते    हैं ",84,34
2784,"ठीक है फिर, बताने के लिए शुक्रिया","ठीक    है    फि र,    बता ने    के    लिए    शु क्रिया ",27,10
2785,मैं जल्दी ही ब्रांच में आऊँगा,मैं    जल्दी    ही    ब्रा ंच    में    आ ऊँ गा ,24,9
2786,और किसी सहायता के लिए कृपया संपर्क करें,और    किसी    सहायता    के    लिए    कृ प या    संपर्क    करें ,32,10
2787,"कमला, तुम काम पर कब वापस आ रही हो","कम ला,    तुम    काम    पर    क ब    वापस    आ    रही    हो ",25,11
2788,तुमने कैलेंडर की तरफ देखा भी है,तुम ने    कैलेंडर    की    तरफ    देखा    भी    है ,25,8
2789,लगभग एक महीना होने आ गया है,लगभग    एक    मही ना    होने    आ    गया    है ,21,8
2790,मुझे लगा कि तुमने कहा था कि तुम 10 दिन की छुट्टी ले रही हो,मुझे    लगा    कि    तुम ने    कहा    था    कि    तुम    10    दिन    की    छु ट्टी    ले    रही    हो ,44,17
2791,मुझे माफ़ करें मैम,मुझे    मा फ़    करें    मै म ,15,6
2792,मैं आपको खबर नहीं कर सकी,मैं    आपको    ख बर    नहीं    कर    स की ,19,8
2793,पर तुम थी कहाँ,पर    तुम    थी    क हाँ ,11,5
2794,क्या तुम अभी भी अपने मायके में हो,क्या    तुम    अभी    भी    अपने    मा य के    में    हो ,26,10
2795,"नहीं मैम, मैं तीन दिन पहले घर आ गई थी","नहीं    मै म,    मैं    तीन    दिन    पहले    घर    आ    गई    थी ",28,11
2796,तीन दिन पहले,तीन    दिन    पहले ,10,3
2797,फिर तुम काम पर क्यों नहीं आ रही हो,फिर    तुम    काम    पर    क्यों    नहीं    आ    रही    हो ,26,9
2798,मेरे हाथ में थोड़ी सूजन है,मेरे    हाथ    में    थो ड़ी    सू जन    है ,21,8
2799,मुझे काम करने में दिक्कत होती है,मुझे    काम    करने    में    दि क् क त    होती    है ,26,10
2800,सूजन,सू जन ,4,2
2801,डॉक्टर को दिखाया तुमने,डॉक्टर    को    दिखाया    तुम ने ,19,5
2802,डॉक्टर ने कुछ दिन आराम करने के लिए कहा है,डॉक्टर    ने    कुछ    दिन    आ राम    करने    के    लिए    कहा    है ,32,11
2803,पूरे महीने के लिए तो नहीं कहा होगा उन्होंने,पूरे    महीने    के    लिए    तो    नहीं    कहा    होगा    उन्होंने ,35,9
2804,तुम्हारा हाथ टूट तो नहीं गया है न,तुम्ह ारा    हाथ    टूट    तो    नहीं    गया    है    न ,26,9
2805,"नहीं मैम, ऐसा नहीं है","नहीं    मै म,    ऐसा    नहीं    है ",17,6
2806,फिर क्या है,फिर    क्या    है ,9,3
2807,"मुझे नहीं पता, मैम","मुझे    नहीं    प ता,    मै म ",15,6
2808,"मेरे हाथ में सूजन है, दर्द होता है","मेरे    हाथ    में    सू जन    है,    दर्द    होता    है ",27,9
2809,"अगर तुमने कभी काम ठीक से किया होता, तो ऐसा नहीं होता","अगर    तुम ने    कभी    काम    ठीक    से    किया    हो ता,    तो    ऐसा    नहीं    होता ",41,14
2810,तुम कभी कपड़े भी तह नहीं करती हो,तुम    कभी    कपड़े    भी    त ह    नहीं    करती    हो ,25,9
2811,बर्तन कभी ठीक से साफ़ नहीं होते,बर् तन    कभी    ठीक    से    सा फ़    नहीं    होते ,25,9
2812,तुम्हें वॉशिंग मशीन की वजह से कभी कपड़े भी नहीं धोने पड़ते,तुम्हें    वॉ शि ंग    मशी न    की    वजह    से    कभी    कपड़े    भी    नहीं    धो ने    पड़ ते ,47,17
2813,ऐसे थोड़ी होता है,ऐसे    थो ड़ी    होता    है ,14,5
2814,"मेरे से जितना बनता है मैं करती हूँ, मैम","मेरे    से    जितना    बनता    है    मैं    करती    हू ँ,    मै म ",31,11
2815,मुझे जवाब मत दो,मुझे    जवाब    मत    दो ,12,4
2816,"घर पर ही रहो, आराम करो","घर    पर    ही    र हो,    आ राम    कर ो ",17,9
2817,तुम्हें मेरे यहाँ काम पर अब आने की ज़रूरत नहीं है,तुम्हें    मेरे    यहाँ    काम    पर    अब    आने    की    ज़रू रत    नहीं    है ,39,12
2818,मैं तुम्हें निकाल रही हूँ,मैं    तुम्हें    निकाल    रही    हूँ ,21,5
2819,वाओ,वा ओ ,3,2
2820,ये तो बहुत शानदार है,ये    तो    बहुत    शानदार    है ,16,5
2821,तुमने कब ली,तुम ने    क ब    ली ,9,5
2822,"मैं ड्राइव कर सकता हूँ, प्लीज़","मैं    ड्राइ व    कर    सकता    हू ँ,    प् ली ज़ ",25,10
2823,पक्का तुम्हें चलाना आता है,प क् का    तुम्हें    चला ना    आता    है ,22,8
2824,मैं इस ब्यूटी को ख़राब नहीं करना चाहता,मैं    इस    ब्यू टी    को    ख़ राब    नहीं    करना    चाहता ,31,10
2825,क्यों नहीं,क्यों    नहीं ,9,2
2826,मैं कोशिश कर सकता हूँ,मैं    कोशिश    कर    सकता    हूँ ,17,5
2827,तुम्हारे पास इंश्योरेंस नहीं है क्या,तुम्ह ारे    पास    इं श ्यो रे ंस    नहीं    है    क्या ,31,11
2828,हाहा,हा हा ,4,2
2829,सॉरी मैं मज़ाक कर रहा था,सॉ री    मैं    म ज़ा क    कर    रहा    था ,19,9
2830,तुम्हें अभी अपना चेहरा देखना चाहिए था,तुम्हें    अभी    अपना    चे हरा    देख ना    चाहिए    था ,31,9
2831,क्या फालतू की बात है ये,क्या    फा ल त ू    की    बात    है    ये ,18,9
2832,मेरी कार को लेकर मज़ाक मत करो,मेरी    कार    को    लेकर    म ज़ा क    मत    कर ो ,23,10
2833,तुम जितना चाहो तो मेरी लाइफ़ पर मज़ाक कर सकते हो,तुम    जितना    चा हो    तो    मेरी    लाइ फ़    पर    म ज़ा क    कर    सकते    हो ,38,15
2834,"खैर, ये लो","ख ै र,    ये    लो ",8,5
2835,चलो थोड़ा चक्कर लगा कर आते हैं,चल ो    थोड़ा    चक् कर    लगा    कर    आते    हैं ,24,9
2836,तुमने अभी तक इसका नाम नहीं रखा,तुम ने    अभी    तक    इसका    नाम    नहीं    रखा ,24,8
2837,तुम्हें अपनी कार का नाम रखना चाहिए,तुम्हें    अपनी    कार    का    नाम    रखना    चाहिए ,28,7
2838,हाहा सही है,हा हा    सही    है ,9,4
2839,मैं इसे एथीना बुलाउंगा,मैं    इसे    ए थी ना    बु ला उ ंगा ,19,9
2840,"तुम और तुम्हारे ग्रीक नाम, यार","तुम    और    तुम्ह ारे    ग्री क    ना म,    यार ",25,9
2841,ओह,ओ ह ,2,2
2842,इंजन की आवाज़,इंजन    की    आवा ज़ ,11,4
2843,एकदम कूल,एक दम    कूल ,7,3
2844,और स्मूद भी है,और    स् मू द    भी    है ,11,6
2845,यह तो तुम्हें बहुत महँगी पड़ी होगी,यह    तो    तुम्हें    बहुत    मह ँ गी    प ड़ी    हो गी ,28,11
2846,"अगर मेरे पापा अमीर नहीं होते, तो पड़ती","अगर    मेरे    पा पा    अ मीर    नहीं    हो ते,    तो    पड़ ती ",31,12
2847,"तो यह गिफ़्ट है, यार","तो    यह    गि फ़् ट    है,    यार ",16,7
2848,"अपनी सैलरी पर तो मैं आईफ़ोन भी नहीं ले सकता, फेरारी तो दूर की बात है","अपनी    सै ल री    पर    तो    मैं    आई फ़ो न    भी    नहीं    ले    सक ता,    फे र ारी    तो    दूर    की    बात    है ",53,23
2849,"तो, तुम्हें कैसी लगी","तो ,    तुम्हें    कै सी    लगी ",17,6
2850,यह राहुल वाली से बेहतर है ना,यह    रा हु ल    वाली    से    बेहतर    है    ना ,22,9
2851,बिल्कुल,बिल् कुल ,7,2
2852,ये फेरारी है,ये    फे र ारी    है ,10,5
2853,तुम्हें कार के पीछे 'डैड की गिफ़्ट' लिखवा लेना चाहिए,तुम्हें    कार    के    पीछे    ' डै ड    की    गि फ़् ट '    लिख वा    लेना    चाहिए ,43,16
2854,हाहा,हा हा ,4,2
2855,यह गुड़गाँव नहीं है,यह    गु ड़ गाँव    नहीं    है ,16,6
2856,मैं जब भी इसे बाहर ले जाऊँगा तो शर्म के मारे मर ही जाऊँगा,मैं    जब    भी    इसे    बाहर    ले    जा ऊँ गा    तो    शर् म    के    मारे    मर    ही    जा ऊँ गा ,44,19
2857,लोग इन चीज़ों को लेकर इतने कॉन्फ़िडेंट कैसे होते हैं,लोग    इन    चीज़ ों    को    लेकर    इतने    कॉन् फ़ि डे ंट    कैसे    होते    हैं ,43,14
2858,क्योंकि उनके डैड अमीर होते हैं,क्योंकि    उनके    डै ड    अ मीर    होते    हैं ,25,8
2859,हाहा,हा हा ,4,2
2860,इससे उन्हें ज़्यादा बढ़ावा मिलता है,इससे    उन्हें    ज़्यादा    बढ़ावा    मिलता    है ,30,6
2861,"हाँ, शायद","हा ँ,    शायद ",8,3
2862,कुछ खाने के लिए रुकें क्या,कुछ    खाने    के    लिए    रु कें    क्या ,21,7
2863,हाँ बिल्कुल,हाँ    बिल् कुल ,10,3
2864,"देखो तो, लोग कैसे घूर रहे हैं","देख ो    तो ,    लोग    कैसे    घू र    रहे    हैं ",23,10
2865,एकदम कूल,एक दम    कूल ,7,3
2866,"हैलो राहुल, मैंने हाल ही में द कश्मीर फ़ाइल्स देखी","है लो    रा हु ल,    मैंने    हाल    ही    में    द    कश्मीर    फ़ा इ ल्स    देखी ",41,15
2867,सभी कलाकारों ने क्या बढ़िया परफ़ॉर्मेंस दी है,सभी    कलाकारों    ने    क्या    बढ़ िया    पर फ़ ॉर् मे ंस    दी    है ,38,13
2868,मैं तो ख़ास तौर पर भाषा सुंबली की परफ़ॉर्मेंस देखती रह गई,मैं    तो    ख़ ा स    तौर    पर    भाषा    सु ंब ली    की    पर फ़ ॉर् मे ंस    देख ती    रह    गई ,46,21
2869,हाँ; उसका कैरेक्टर निभाना बहुत मुश्किल था,हा ँ ;    उसका    कै रे क्टर    निभा ना    बहुत    मुश्किल    था ,35,12
2870,सुंबली ने शारदा पंडित के कैरेक्टर से पूरी जस्टिस की है,सु ंब ली    ने    श ार दा    प ंड ित    के    कै रे क्टर    से    पूरी    ज स्टि स    की    है ,44,21
2871,तुम्हें पता है कि सुंबली कश्मीरी खुद भी पंडित कम्यूनिटी से है,तुम्हें    पता    है    कि    सु ंब ली    कश् मी री    खुद    भी    प ंड ित    कम ्यू नि टी    से    है ,50,21
2872,"हाँ, मुझे हाल ही में इस बारे में पता चला था","हा ँ,    मुझे    हाल    ही    में    इस    बारे    में    पता    चला    था ",33,12
2873,मैं तो खास कर इस बात से हैरान हूँ कि उसने अपने डेब्यू में कितना अच्छा काम किया है,मैं    तो    खास    कर    इस    बात    से    है रान    हूँ    कि    उसने    अपने    डे ब ्य ू    में    कितना    अच्छा    काम    किया    है ,63,23
2874,"अरे नहीं, कश्मीर फ़ाइल्स सुंबली की डेब्यू नहीं है","अ रे    नही ं,    कश्मीर    फ़ा इ ल्स    सु ंब ली    की    डे ब ्य ू    नहीं    है ",41,18
2875,वो इससे पहले 2020 में आई फ़िल्म छपाक में छोटा-सा रोल कर चुकी है,वो    इससे    पहले    2020    में    आई    फ़िल्म    छ पा क    में    छो टा - सा    रो ल    कर    चुकी    है ,50,20
2876,"ऐसा क्या, क्या था उसका रोल","ऐसा    क ्या ,    क्या    था    उसका    रो ल ",21,9
2877,"वो बशीर खान की बहन बनी थी, वह आदमी जो मालती के चेहरे पर एसिड फेंकता है","वो    ब शी र    खान    की    बहन    बनी    थी,    वह    आदमी    जो    मा लती    के    चेहरे    पर    ए सि ड    फे ं कता    है ",54,24
2878,"अच्छा, मुझे लगता था कि यही उसका पहला रोल है","अच्छ ा,    मुझे    लगता    था    कि    यही    उसका    पहला    रो ल    है ",34,12
2879,मैंने पढ़ा था कि क्लाइमैक्स की शूटिंग के दौरान सुंबली भी रो पड़ी थी,मैंने    पढ़ ा    था    कि    क्लाइ मै क्स    की    शूटिंग    के    दौरान    सु ंब ली    भी    रो    प ड़ी    थी ,54,20
2880,"हाँ, वह सीन बहुत खौफनाक है और यह असल घटनाओं पर होने के कारण इसे देखना और भी मुश्किल हो जाता है, एक्टिंग तो दूर की बात है","हा ँ,    वह    सी न    बहुत    ख ौ फ नाक    है    और    यह    अ सल    घटनाओं    पर    होने    के    कारण    इसे    देख ना    और    भी    मुश्किल    हो    जाता    है,    एक् टिंग    तो    दूर    की    बात    है ",93,36
2881,तुम्हें मालूम है कि अनुपम खेर भी कश्मीरी पंडित हैं,तुम्हें    मा लू म    है    कि    अनुप म    खे र    भी    कश् मी री    प ंड ित    हैं ,41,18
2882,"हाँ, अपनी माँ की तरफ़ से","हा ँ,    अपनी    माँ    की    तर फ़    से ",19,8
2883,और उनके कैरेक्टर पुष्कर नाथ पंडित का नाम उनके पिता के नाम पर रखा गया है,और    उनके    कै रे क्टर    पु ष् कर    नाथ    प ंड ित    का    नाम    उनके    पिता    के    नाम    पर    रखा    गया    है ,56,22
2884,"वो एकदम नेचुरल एक्टर हैं, उनकी एक्टिंग कितनी सहज लगती है","वो    एक दम    ने चु रल    ए क्टर    हैं,    उनकी    एक् टिंग    कितनी    सह ज    लगती    है ",46,17
2885,"हाँ, तुम्हें उनकी धोखा, अ वेड्नेसडे और कर्मा भी देखनी चाहिए","हा ँ,    तुम्हें    उनकी    धो खा ,    अ   वे ड् ने स डे    और    कर् मा    भी    देख नी    चाहिए ",49,20
2886,अनुभवी कलाकारों ने एकदम सजीव परफ़ॉर्मेंस दी है,अनु भ वी    कलाकारों    ने    एक दम    स जीव    पर फ़ ॉर् मे ंस    दी    है ,39,16
2887,पुनीत इस्सर को डी,पु नी त    इस् सर    को    डी ,14,7
2888,जी,जी ,2,1
2889,पी,पी ,2,1
2890,हरि नारायण के रोल में देखकर अच्छा लगा,हरि   नारायण    के    रो ल    में    देखकर    अच्छा    लगा ,30,9
2891,उसी ने बी,उसी    ने    बी ,7,3
2892,आर,आ र ,2,2
2893,चोपड़ा की महाभारत में दुर्योधन की भूमिका निभाई थी न,चो पड़ा    की    महा भारत    में    दुर् यो धन    की    भूमिका    निभाई    थी    न ,42,14
2894,"हाँ वही था, फिर मिथुन चक्रवर्ती भी आई","हाँ    वही    था,    फिर    मि थु न    चक्र वर्ती    भी    आई ",30,11
2895,ए,ए ,1,1
2896,एस,ए स ,2,2
2897,ऑफ़िसर ब्रह्म दत्त की भूमिका में थे,ऑ फ़ि सर    ब्र ह् म    द त्त    की    भूमिका    में    थे ,29,12
2898,यहाँ तक कि अमान इकबाल और दर्शन कुमार जैसे नए टैलेंट भी होनहार हैं,यहाँ    तक    कि    अ मान    इक बाल    और    दर्शन    कुमार    जैसे    नए    टै ले ंट    भी    हो न हार    हैं ,52,20
2899,अनुभवी एक्टर से मुझे लक्ष्मी दत्त के रोल में मृणाल कुलकर्णी की याद आ गई,अनु भ वी    ए क्टर    से    मुझे    लक्ष् मी    द त्त    के    रो ल    में    मृ णा ल    कु ल कर् णी    की    याद    आ    गई ,57,26
2900,मुझे वह सोन परी में बहुत अच्छी लगती थी,मुझे    वह    सो न    परी    में    बहुत    अच्छी    लगती    थी ,30,10
2901,पल्लवी जोशी की परफ़ॉर्मेंस भी वाकई बेहतरीन है,पल्ल वी    जो शी    की    पर फ़ ॉर् मे ंस    भी    वा कई    बेह तरी न    है ,38,17
2902,"जिसने भी फ़िल्म देखी, उसे प्रोफ़ेसर राधिका मेनन से नफ़रत हो गई, सिर्फ उनकी बेहतरीन एक्टिंग की वजह से","जिसने    भी    फ़िल्म    देख ी,    उसे    प्रो फ़ े सर    रा धि का    मे नन    से    न फ़ रत    हो    गई,    सिर्फ    उनकी    बेह तरी न    एक् टिंग    की    वजह    से ",82,31
2903,सच में,सच    में ,5,2
2904,नेगेटिव रोल करना आसान नहीं है लेकिन जोशी ने कर दिखाया,ने गे टिव    रो ल    करना    आसान    नहीं    है    लेकिन    जो शी    ने    कर    दिखाया ,43,15
2905,वो पर्दे पर बहुत कम देर के लिए थी तब भी उनके किरदार ने ज़ोरदार असर डाला,वो    पर् दे    पर    बहुत    कम    देर    के    लिए    थी    तब    भी    उनके    किरदार    ने    ज़ो रदार    अ सर    डा ला ,55,21
2906,हर एक एक्टर ने अपने रोल को बखूबी निभाया,हर    एक    ए क्टर    ने    अपने    रो ल    को    ब खू बी    निभा या ,31,14
2907,"गुड डे, जेंटलमैन और आर्टिस्ट गैलेरिया में स्वागत है","गु ड    डे ,    जे ंट ल मैन    और    आर् टि स्ट    गै ले रिया    में    स्वा गत    है ",43,19
2908,"धन्यवाद, आपसे मिलकर अच्छा लगा","ध न्य वा द,    आप से    मिलकर    अच्छा    लगा ",25,9
2909,क्या आपको कोई मदद चाहिए,क्या    आपको    कोई    मदद    चाहिए ,19,5
2910,"जी, ज़रूर","जी ,    ज़रू र ",8,4
2911,"सर, हम कह सकते हैं कि कला कई तरह की होती हैं","सर ,    हम    क ह    सकते    हैं    कि    कला    कई    तरह    की    होती    हैं ",33,14
2912,कौन कौन-से प्रकार हैं कला के,कौन    कौ न- से    प्रकार    हैं    कला    के ,23,8
2913,कलाएँ सात तरह की होती हैं,कला एँ    सात    तरह    की    होती    हैं ,20,7
2914,"इनमें चित्रकला, मूर्तिकला, साहित्य, वास्तुकला, फ़िल्म, संगीत और थियेटर आते हैं","इनमें    चित्र कला ,    मूर् ति कला ,    साहि त्य ,    वास्तु कला ,    फ़िल् म,    संगीत    और    थ िय े टर    आते    हैं ",68,24
2915,अरे वाह बढ़िया,अ रे    वाह    बढ़ िया ,12,5
2916,"जैसे ही हम कला के बारे में सोचते हैं, तो पहली चीज़ जो ध्यान में आती है, वह है चित्रकला","जैसे    ही    हम    कला    के    बारे    में    सोच ते    हैं,    तो    पहली    ची ज़    जो    ध्यान    में    आती    है,    वह    है    चित्र कला ",67,23
2917,चित्रकला की सबसे बड़ी खूबियाँ क्या हैं,चित्र कला    की    सबसे    बड़ी    खू ब ियाँ    क्या    हैं ,32,10
2918,चित्रकला मुख्य रूप से अपने कलात्मक विचारों को रंगों के माध्यम से व्यक्त करने का तरीका है,चित्र कला    मुख्य    रूप    से    अपने    कला त्मक    वि चारों    को    रंग ों    के    माध्यम    से    व्यक्त    करने    का    तरीका    है ,72,21
2919,"रंग करने के कई तरीके हो सकते हैं जैसे ब्रश करना, स्मीयर करना, थपथपा कर लगाना और छींटे मार कर रंगना","रंग    करने    के    कई    तरीके    हो    सकते    हैं    जैसे    ब्र श    कर ना,    स् मी यर    कर ना,    थ प थ पा    कर    लगा ना    और    छ ी ंट े    मार    कर    रंग ना ",78,34
2920,चित्रकला की अलग-अलग शैलियाँ कौन-सी हैं,चित्र कला    की    अलग-अलग    शै लियाँ    कौ न- सी    हैं ,33,10
2921,"चित्रकला की कई शैलियाँ हैं जैसेआधुनिकतावादी, अभिव्यक्तिवादी, शास्त्रीय, अतियथार्थवादी, घनवादी, चीनी शैली, अमूर्त, प्रभाववादी, और कई अन्य भी","चित्र कला    की    कई    शै लियाँ    हैं    जै से आधु निक ता वा दी,    अभि व्यक्ति वा दी,    शास् त्र ी य,    अ त िय था र्थ वा दी,    घ नवा दी,    चीनी    शै ली,    अ मूर् त,    प्रभाव वा दी,    और    कई    अन्य    भी ",122,45
2922,ओके,ओ के ,3,2
2923,और दूसरी - मूर्तिकला,और    दूसरी    -    मूर् ति कला ,17,6
2924,मूर्तिकला एक प्राचीन प्रकार का विज़ुअल आर्ट है जो प्रागैतिहासिक काल का है,मूर् ति कला    एक    प्राचीन    प्रकार    का    वि ज़ ु अल    आ र्ट    है    जो    प्रा गै तिहासिक    काल    का    है ,61,21
2925,"मूर्तिकला तीन-आयाम वाली दृश्य छवि है जो मिट्टी, पत्थर, चीनी मिट्टी की चीज़ें, धातु या लकड़ी जैसी पारंपरिक सामग्रियों से बनाई जाती है","मूर् ति कला    ती न- आ याम    वाली    दृश्य    छ वि   है    जो    मि ट् टी,    पत्थ र,    चीनी    मिट्टी    की    ची ज़े ं,    धा तु    या    लकड़ी    जैसी    पारंपरिक    साम ग्र ियों    से    बनाई    जाती    है ",110,37
2926,सबसे प्रसिद्ध प्राचीन मूर्तिकार कौन-कौन हुए हैं,सबसे    प्रसिद्ध    प्राचीन    मूर् ति कार    कौ न- कौन    हुए    हैं ,41,11
2927,माइकल एंजेलो और मायरॉन दो प्रसिद्ध शास्त्रीय मूर्तिकार थे,माइ कल    एं जे लो    और    मा य रॉ न    दो    प्रसिद्ध    शास्त्रीय    मूर् ति कार    थे ,49,17
2928,"तीसरासाहित्य है, है ना","तीस रा साहित्य    है,    है    ना ",19,6
2929,"सर, हाँ","सर ,    हाँ ",6,3
2930,हर रचनात्मक रूप के पास बताने के लिए एक कहानी होती है,हर    रच नात्मक    रूप    के    पास    बता ने    के    लिए    एक    कहानी    होती    है ,41,14
2931,"वहीं, दूसरी ओर, साहित्य एक प्रकार की भाषा कला है जिसे पढ़ा या बोला जा सकता है","व ही ं,    दूसरी    ओ र,    साहित्य    एक    प्रकार    की    भाषा    कला    है    जिसे    पढ़ ा    या    बो ला    जा    सकता    है ",61,22
2932,बिल्कुल ठीक,बिल् कुल    ठीक ,10,3
2933,वास्तुकला एक अलग प्रकार की कला है; भवन निर्माण की कला,वास्तुकला    एक    अलग    प्रकार    की    कला    है;    भ वन    निर्माण    की    कला ,43,12
2934,ठीक कहा न,ठीक    कहा    न ,7,3
2935,"बिल्कुल, सर","बिल् कु ल,    सर ",10,4
2936,"विशाल पिरामिड, रोम का कोलीज़ियम, ताज महल, हायाह सोफ़िया और स्टोनहेंज प्राचीन वास्तुशिल्प के बेहतरीन उदाहरण हैं","विशाल    पि रा मि ड,    रो म    का    को ली ज़ िय म,    ता ज    मह ल,    हा या ह    सो फ़ िया    और    स्टो न हे ंज    प्राचीन    वास्तु शि ल्प    के    बेह तरी न    उदाहरण    हैं ",94,38
2937,अन्य दो सिनेमा और संगीत हैं,अन्य    दो    सिनेमा    और    संगीत    हैं ,22,6
2938,मुश्किल से एक सदी पहले बना होने के कारण सिनेमा सात तरह की कलाओं में से सबसे नया है,मुश्किल    से    एक    सदी    पहले    बना    होने    के    कारण    सिनेमा    सात    तरह    की    कला ओं    में    से    सबसे    नया    है ,64,20
2939,"फ़िल्में तीन आयाम वाली दुनिया को दो आयाम वाले रूप में दिखाती हैं, ये एक ऐसी कला है जिसमें हम देखते भी हैं और सुनते भी हैं","फ़िल् में    तीन    आ याम    वाली    दुनिया    को    दो    आ याम    वाले    रूप    में    दिखा ती    हैं,    ये    एक    ऐसी    कला    है    जिसमें    हम    देखते    भी    हैं    और    सुन ते    भी    हैं ",95,32
2940,"तब हम कह सकते हैं कि संगीत सुनी जाने वाली ध्वनियों और स्पंदनों को व्यवस्थित करने का ऐसा कौशल है जिससे माधुर्य, सामंजस्य, ताल और ध्वनि की क्वालिटी का उपयोग कर के एक संगीत रचना तैयार की जाती है","तब    हम    क ह    सकते    हैं    कि    संगीत    सु नी    जाने    वाली    ध्व नियों    और    स्प ंद नों    को    व्यवस्थित    करने    का    ऐसा    कौशल    है    जिससे    मा धु र् य,    सा मं ज स् य,    ताल    और    ध्व नि    की    क्वा लि टी    का    उपयोग    कर    के    एक    संगीत    रचना    तैयार    की    जाती    है ",153,54
2941,ओके,ओ के ,3,2
2942,और अब आख़िरी वाली के बारे में,और    अब    आ ख़ ि री    वाली    के    बारे    में ,23,10
2943,रंगमंच ऐसी कला है जिसमें कलाकार दृश्य और नाटकीय दोनों तत्वों को साथ ले आता है,रंग मंच    ऐसी    कला    है    जिसमें    कलाकार    दृश्य    और    नाट कीय    दोनों    तत्व ों    को    साथ    ले    आता    है ,62,19
2944,"6ठीं सदी ईस्वी से प्राचीन यूनानियों ने जब से रंगमंच का आविष्कार किया, तब से वह सभ्यता का प्रमुख हिस्सा रहा है","6 ठी ं    सदी    ईस्वी    से    प्राचीन    यूना नियों    ने    जब    से    रंग मंच    का    आ विष् कार    किया,    तब    से    वह    स भ ्यता    का    प्रमुख    हिस्सा    रहा    है ",88,30
2945,बढ़िया,बढ़ िया ,6,2
2946,"सर, प्लीज़ हमारी गैलरी को देखें और कमेंट बॉक्स में अपने कमेंट दें","सर ,    प् ली ज़    हमारी    गै ल री    को    देख ें    और    क मेंट    बॉक्स    में    अपने    क मेंट    दें ",53,21
2947,"बिल्कुल, धन्यवाद","बिल् कु ल,    ध न्य वाद ",15,6
2948,हाय नमन,हा य    न मन ,6,4
2949,मैं राहुल,मैं    रा हु ल ,8,4
2950,कैसे हो,कैसे    हो ,6,2
2951,"हाय, राहुल","हा य,    रा हु ल ",9,5
2952,मुझे बहुत अच्छा लगा तुमने कॉल किया,मुझे    बहुत    अच्छा    लगा    तुम ने    कॉल    किया ,28,8
2953,पिछले कुछ समय से मैं बिज़ी था,पिछले    कुछ    समय    से    मैं    बि ज़ी    था ,23,8
2954,मैं अपने प्रोजेक्ट के लिए भारत के नामी म्यूज़ियमों पर रिसर्च कर रहा हूँ,मैं    अपने    प्रो जे क्ट    के    लिए    भारत    के    ना मी    म्यू ज़ िय मों    पर    रि सर् च    कर    रहा    हूँ ,58,22
2955,वाह,वाह ,3,1
2956,ये बहुत अच्छा है,ये    बहुत    अच्छा    है ,13,4
2957,कैसा चल रहा है तुम्हारा प्रोजेक्ट,कै सा    चल    रहा    है    तुम्ह ारा    प्रो जे क्ट ,28,10
2958,"वैसे, मुझे पता है कि भारत में बहुत सारे म्यूज़ियम हैं","वै से,    मुझे    पता    है    कि    भारत    में    बहुत    सारे    म्यू ज़ ियम    हैं ",43,14
2959,"लेकिन, मैं सिर्फ़ सबसे ज़्यादा प्रसिद्ध को ही शामिल करना चाहूंगा","लेकि न,    मैं    सिर् फ़    सबसे    ज़्यादा    प्रसिद्ध    को    ही    शामिल    करना    चा हू ंगा ",54,15
2960,क्या तुम अभी भी टूरिस्ट कंपनी के लिए काम कर रहे हो,क्या    तुम    अभी    भी    टू रि स्ट    कंपनी    के    लिए    काम    कर    रहे    हो ,39,14
2961,"हाँ, मैं अभी भी यात्रा ट्रैवल एंड टूर में काम कर रहा हूँ","हा ँ,    मैं    अभी    भी    यात्रा    ट्रै वल    एंड    टू र    में    काम    कर    रहा    हूँ ",44,16
2962,बढ़िया,बढ़ िया ,6,2
2963,क्या तुम इसमें मेरी मदद कर सकते हैं,क्या    तुम    इसमें    मेरी    मदद    कर    सकते    हैं ,28,8
2964,हाँ,हाँ ,3,1
2965,मुझे लगता है कि तुम भारत के तीन सबसे प्रसिद्ध म्यूज़ियम ले सकते हो,मुझे    लगता    है    कि    तुम    भारत    के    तीन    सबसे    प्रसिद्ध    म्यू ज़ ियम    ले    सकते    हो ,53,16
2966,"वो हैं नेशनल म्यूज़ियम दिल्ली, इंडियन म्यूज़ियम कोलकाता और गवर्नमेंट म्यूज़ियम चेन्नई","वो    हैं    नेशनल    म्यू ज़ ियम    दि ल् ली,    इंड ियन    म्यू ज़ ियम    कोल का ता    और    गवर् न मेंट    म्यू ज़ ियम    चेन्नई ",74,25
2967,बढ़िया,बढ़ िया ,6,2
2968,जानकर अच्छा लगा,जान कर    अच्छा    लगा ,13,4
2969,इनका इतना नाम क्यों है,इन का    इतना    नाम    क्यों    है ,18,6
2970,नेशनल म्यूज़ियम में शानदार प्राचीन काल की तरह-तरह की चीज़ें हैं,नेशनल    म्यू ज़ ियम    में    शानदार    प्राचीन    काल    की    तरह - तरह    की    चीज़ ें    हैं ,53,16
2971,यह 1949 में ज़िंदादिल शहर दिल्ली के जनपथ के कोने पर बना था,यह    194 9    में    ज़ि ं दा दिल    शहर    दिल्ली    के    जन पथ    के    को ने    पर    बना    था ,46,19
2972,यहाँ क्या दिखाया जाता है,यहाँ    क्या    दिखाया    जाता    है ,20,5
2973,"यहाँ बहुत तरह के कलेक्शन हैं जिसमें ज्वेलरी, पेंटिंग्स हथियार, सजावट से जुड़ी कलाकृतियाँ और हस्तलिपियाँ शामिल हैं","यहाँ    बहुत    तरह    के    क लेक् शन    हैं    जिसमें    ज् वे ल री,    पें टि ंग्स    हथ िय ार,    स जा व ट    से    जुड़ी    कला कृ तियाँ    और    हस्त लि प ियाँ    शामिल    हैं ",96,35
2974,वाह,वाह ,3,1
2975,इंडियन म्यूज़ियम में क्या है,इंड ियन    म्यू ज़ ियम    में    क्या    है ,24,8
2976,"यहाँ छह सेक्शन हैं जिनमें पुरातत्व, भूविज्ञान, अर्थशास्त्र, इकोनॉमिक ब्यूटी और कला के रचनात्मक और वैज्ञानिक कार्यों की गैलरियाँ हैं हैं","यहाँ    छह    से क्शन    हैं    जिनमें    पुरा तत्व ,    भू विज्ञा न,    अर्थ शास् त्र ,    इ को नॉ मिक    ब्यू टी    और    कला    के    रच नात्मक    और    वैज्ञानिक    कार्यों    की    गै ल र ियाँ    हैं    हैं ",115,37
2977,बढ़िया,बढ़ िया ,6,2
2978,ये क्या दुनिया के सबसे पुराने म्यूज़ियमों में से एक है,ये    क्या    दुनिया    के    सबसे    पुराने    म्यू ज़ िय मों    में    से    एक    है ,44,14
2979,"हाँ, 1814 में एशियाटिक सोसायटी ऑफ़ बंगाल ने इसे कोलकाता में स्थापित किया था","हा ँ,    18 14    में    एश िया टिक    सो सा य टी    ऑ फ़    बंगाल    ने    इसे    कोल का ता    में    स्थापित    किया    था ",62,24
2980,यह तो दिलचस्प है,यह    तो    दि ल च स् प    है ,13,8
2981,गवर्नमेंट म्यूज़ियम इतना फ़ेमस क्यों है,गवर् न मेंट    म्यू ज़ ियम    इतना    फ़ े मस    क्यों    है ,34,12
2982,"गवर्नमेंट म्यूज़ियम भूविज्ञान, जीवविज्ञान, मानव विज्ञान और वनस्पति विज्ञान के अलग-अलग प्रकार प्रदर्शित करता है","गवर् न मेंट    म्यू ज़ ियम    भू विज्ञा न,    जीव विज्ञा न,    मानव    विज्ञान    और    वनस्प ति    विज्ञान    के    अलग-अलग    प्रकार    प्रदर्शित    करता    है ",96,24
2983,1851 में अंग्रेज़ों के ज़माने में बनाया गया ये म्यूज़ियम उन लोगों के लिए सही जगह है जिनका झुकाव इतिहास और कला की ओर है,185 1    में    अंग्रे ज़ ों    के    ज़ माने    में    बनाया    गया    ये    म्यू ज़ ियम    उन    लोगों    के    लिए    सही    जगह    है    जिनका    झु का व    इतिहास    और    कला    की    ओर    है ,94,33
2984,क्या तुम कुछ पूछना चाहते हो,क्या    तुम    कुछ    पूछ ना    चाहते    हो ,22,7
2985,"नहीं, यह शेयर करने के लिए बहुत-बहुत धन्यवाद","नही ं,    यह    शेयर    करने    के    लिए    बहु त- बहुत    ध न्य वाद ",36,13
2986,मैं इन्हें ध्यान में रखूँगा,मैं    इन्हें    ध्यान    में    रख ू ँ गा ,23,8
2987,इसमें धन्यवाद की क्या बात है,इसमें    ध न्य वाद    की    क्या    बात    है ,23,8
2988,साहित्यिक सहायता संघ आने के लिए धन्यवाद,साहि त्य िक    सहायता    संघ    आने    के    लिए    ध न्य वाद ,33,11
2989,मैं आपकी क्या सहायता कर सकता हूँ,मैं    आपकी    क्या    सहायता    कर    सकता    हूँ ,26,7
2990,बहुत-बहुत धन्यवाद,बहु त- बहुत    ध न्य वाद ,16,6
2991,मैं आपसे भारत में साहित्यिक कला को लेकर कुछ सवाल करना चाहता हूँ,मैं    आप से    भारत    में    साहि त्य िक    कला    को    लेकर    कुछ    स वाल    करना    चाहता    हूँ ,51,17
2992,हाँ ज़रूर,हाँ    ज़रू र ,8,3
2993,मैं अपनी जानकारी और समझ के हिसाब से आपकी मदद करने की कोशिश करूँगा,मैं    अपनी    जानकारी    और    समझ    के    हि सा ब    से    आपकी    मदद    करने    की    कोशिश    कर ू ँ गा ,52,19
2994,साहित्यिक कला की परिभाषा क्या है,साहि त्य िक    कला    की    परि भाषा    क्या    है ,27,9
2995,"साहित्यिक कला, साहित्य से संबंधित कृतियाँ हैं जो शैली, विषय, किरदार या कहानी में बेहतरीन होती हैं","साहि त्य िक    कला ,    साहित्य    से    संबंधित    कृ तियाँ    हैं    जो    शै ली,    विष य,    किरदार    या    कहानी    में    बेह तरी न    होती    हैं ",81,25
2996,"गाई जाने वाली कविताएँ, नाटक, लघु कथाएँ और उपन्यास सभी उदाहरण हैं","गा ई    जाने    वाली    कवि ता एँ,    नाट क,    लघु    कथा एँ    और    उप न्यास    सभी    उदाहरण    हैं ",53,18
2997,साहित्यिक कला का क्या महत्व है,साहि त्य िक    कला    का    क्या    महत्व    है ,25,8
2998,इससे हम उन सभी चीज़ों के बारे में एक दूसरे को जानकारी दे सकते हैं जिन्हें बोल कर व्यक्त करना असंभव है,इससे    हम    उन    सभी    चीज़ ों    के    बारे    में    एक    दूसरे    को    जानकारी    दे    सकते    हैं    जिन्हें    बो ल    कर    व्यक्त    करना    अ संभव    है ,80,25
2999,"हम अपनी भावनाओं, विचारों, अनुभवों और जो कुछ भी हमारे ध्यान में आता है, उसे लिखकर व्यक्त करना का तरीका ढूँढते हैं","हम    अपनी    भाव ना ओं,    वि चार ों,    अनु भ वों    और    जो    कुछ    भी    हमारे    ध्यान    में    आता    है,    उसे    लिख कर    व्यक्त    करना    का    तरीका    ढू ँ ढ ते    हैं ",91,32
3000,ओके,ओ के ,3,2
3001,भारत का सबसे पुराना साहित्य कौन-सा है,भारत    का    सबसे    पुराना    साहित्य    कौ न- सा    है ,31,9
3002,वेदों को भारत के सबसे पुराने साहित्य के तौर पर जाना जाता है,वे दों    को    भारत    के    सबसे    पुराने    साहित्य    के    तौर    पर    जाना    जाता    है ,47,14
3003,वे संस्कृत में लिखे गए थे और मौखिक रूप से पीढ़ी दर पीढ़ी आगे बढ़ते गए,वे    संस्कृत    में    लिखे    गए    थे    और    मौ ख िक    रूप    से    पी ढ़ी    दर    पी ढ़ी    आगे    बढ़ते    गए ,54,20
3004,भारत में साहित्यिक कला की कौन-कौन सी शैलियाँ हैं,भारत    में    साहि त्य िक    कला    की    कौ न- कौन    सी    शै लियाँ    हैं ,40,14
3005,"गद्य, नाटक और काव्य तीन प्रमुख शैलियाँ हैं","ग द्य ,    नाटक    और    का व्य    तीन    प्रमुख    शै लियाँ    हैं ",35,12
3006,गद्य ऐसा साहित्य है जिसमें बातचीत और वाक्य रचना का एक परिचित तरीका अपनाया जाता है,ग द्य    ऐसा    साहित्य    है    जिसमें    बातचीत    और    वा क्य    रचना    का    एक    परि चित    तरीका    अपना या    जाता    है ,66,20
3007,"छंदमयी कथा काल्पनिक या गैर-कथा हो सकती है, और यह कई तरह के विषयों को कवर कर सकती है","छ ंद म यी    कथा    का ल्प निक    या    गैर- कथा    हो    सकती    है,    और    यह    कई    तरह    के    विष यों    को    क वर    कर    सकती    है ",65,27
3008,"वहीं दूसरी ओर, कविता ऐसी साहित्यिक रचना है जिसमें किसी प्रबल भावना या विचार को बताने के लिए ताल, तुकबंदी और अन्य तरीके शामिल होते हैं","व हीं    दूसरी    ओ र,    कवि ता    ऐसी    साहि त्य िक    रचना    है    जिसमें    किसी    प्र बल    भावना    या    विचार    को    बता ने    के    लिए    ता ल,    तु क बंदी    और    अन्य    तरीके    शामिल    होते    हैं ",108,36
3009,भारत की पहली साहित्यिक भाषा कौन-सी थी,भारत    की    पहली    साहि त्य िक    भाषा    कौ न- सी    थी ,31,11
3010,संस्कृत दुनिया की सबसे पुरानी भाषा है,संस्कृत    दुनिया    की    सबसे    पुरानी    भाषा    है ,31,7
3011,क्या आप इसके बारे में और समझा कर बता सकते हैं,क्या    आप    इसके    बारे    में    और    समझ ा    कर    ब ता    सकते    हैं ,35,13
3012,बिल्कुल,बिल् कुल ,7,2
3013,"श्रुति परम्परा के बाद से, संस्कृत साहित्य हमें मौखिक परंपरा द्वारा मिलता गया है","श्र ु ति    पर म्प रा    के    बाद    से,    संस्कृत    साहित्य    हमें    मौ ख िक    परंपरा    द्वारा    मिलता    गया    है ",66,20
3014,सबसे ज़्यादा काम कविता में किया गया है,सबसे    ज़्यादा    काम    कवि ता    में    किया    गया    है ,31,9
3015,"कविता में संस्कृत रचनाओं पर लगातार काम ऋग्वेद में देखा जा सकता है, जो विश्व साहित्य का सबसे पुराना दस्तावेज़ है","कवि ता    में    संस्कृत    रच नाओं    पर    लगातार    काम    ऋ ग् वे द    में    देखा    जा    सकता    है,    जो    विश्व    साहित्य    का    सबसे    पुराना    दस्तावे ज़    है ",91,27
3016,कमाल की बात है,क माल    की    बात    है ,11,5
3017,"सर, इतने अच्छे से समझाने के लिए धन्यवाद","सर ,    इतने    अच्छे    से    समझ ा ने    के    लिए    ध न्य वाद ",32,13
3018,आपका स्वागत है,आपका    स्वा गत    है ,12,4
3019,आपका दिन शुभ हो,आपका    दिन    शु भ    हो ,12,5
3020,बाय,बा य ,3,2
3021,"हैलो, मैं कुतुब मीनार देखने का समय जानने के लिए कॉल कर रहा हूँ","है लो ,    मैं    कु तु ब    मी नार    देखने    का    समय    जान ने    के    लिए    कॉल    कर    रहा    हूँ ",49,20
3022,"जी, यह स्मारक हर दिन खुला रहता है और आप सुबह 7 बजे से शाम 5 बजे के बीच किसी भी समय आ सकते हैं","जी ,    यह    स्मारक    हर    दिन    खु ला    रहता    है    और    आप    सुबह    7    ब जे    से    शाम    5    ब जे    के    बीच    किसी    भी    समय    आ    सकते    हैं ",69,29
3023,वयस्कों की एंट्री फ़ी क्या है,वय स् कों    की    एं ट्री    फ़ ी    क्या    है ,24,10
3024,वयस्कों के लिए कोई अलग एंट्री फ़ी नहीं है,वय स् कों    के    लिए    कोई    अलग    एं ट्री    फ़ ी    नहीं    है ,33,13
3025,यह इस बात पर निर्भर करता है कि आप भारतीय हैं या विदेशी,यह    इस    बात    पर    निर्भर    करता    है    कि    आप    भारतीय    हैं    या    विदेशी ,42,13
3026,भारतीयों के लिए यह 35 रुपये है और विदेशियों के लिए 550 रुपये है,भारती यों    के    लिए    यह    35    रुपये    है    और    वि देश ियों    के    लिए    5 50    रुपये    है ,50,18
3027,अच्छा,अच्छा ,5,1
3028,मैं जादवपुर यूनिवर्सिटी का छात्र हूँ,मैं    जा द व पुर    यूनि वर् सिटी    का    छात्र    हूँ ,31,11
3029,कोई स्टूडेंट डिस्काउंट है जो मुझे मिल सकता है,कोई    स्टू डे ंट    डि स् काउ ंट    है    जो    मुझे    मिल    सकता    है ,37,14
3030,मैं अपने साथ चार दोस्तों को भी लाने के बारे में सोच रहा हूँ,मैं    अपने    साथ    चार    दोस्तों    को    भी    लाने    के    बारे    में    सोच    रहा    हूँ ,46,14
3031,ऐसा तो कोई स्टूडेंट डिस्काउंट नहीं है,ऐसा    तो    कोई    स्टू डे ंट    डि स् काउ ंट    नहीं    है ,31,12
3032,लेकिन अगर आप ऑनलाइन टिकट खरीदते हैं या पेमेंट के लिए क्यू,लेकिन    अगर    आप    ऑनलाइन    टिकट    खरीद ते    हैं    या    पे मेंट    के    लिए    क्य ू ,46,15
3033,आर,आ र ,2,2
3034,"कोड स्कैन करते हैं, तो आपको डिस्काउंट मिल सकता है","कोड    स्कै न    करते    हैं,    तो    आपको    डि स् काउ ंट    मिल    सकता    है ",40,14
3035,"ठीक है, यह मेरा नंबर है","ठीक    है,    यह    मेरा    नंबर    है ",18,6
3036,क्या आप मुझे वॉट्सएप पर वेबसाइट की लिंक भेज सकते हैं,क्या    आप    मुझे    वॉ ट् स ए प    पर    वेबसाइट    की    लि ंक    भेज    सकते    हैं ,42,16
3037,"हाँ, मैं भेज सकता हूँ","हा ँ,    मैं    भेज    सकता    हूँ ",17,6
3038,इस तरह से आप बहुत एडवांस में टिकट बुक कर सकते हैं,इस    तरह    से    आप    बहुत    एड वा ंस    में    टिकट    बु क    कर    सकते    हैं ,38,15
3039,"ठीक है, किस समय भीड़ सबसे कम रहती है","ठीक    है,    किस    समय    भीड़    सबसे    कम    रहती    है ",28,9
3040,मैं और मेरे दोस्त डॉक्यूमेंट्री शूट करने के लिए कुतुब मीनार आना चाहते हैं,मैं    और    मेरे    दोस्त    डॉ क्यू में ट्री    शू ट    करने    के    लिए    कु तु ब    मी नार    आ ना    चाहते    हैं ,60,22
3041,"तो, अगर हम भीड़ से बच सकें तो अच्छा रहेगा","तो ,    अगर    हम    भीड़    से    ब च    सक ें    तो    अच्छा    रहे गा ",32,14
3042,स्मारक में ज़्यादातर समय भीड़ रहती है ख़ास तौर से नवंबर से लेकर मार्च के बीच क्योंकि इसे देखने का सबसे अच्छा टाइम वही होता है,स्मारक    में    ज़ ्यादातर    समय    भीड़    रहती    है    ख़ ा स    तौर    से    नवंबर    से    लेकर    मार्च    के    बीच    क्योंकि    इसे    देखने    का    सबसे    अच्छा    टाइ म    वही    होता    है ,100,30
3043,"कोविड की वजह से भीड़ थोड़ी कम हो गई है, तो अगर आप सुबह जल्दी आ सकते हों तो आप शांत माहौल में शूट कर सकेंगे","को वि ड    की    वजह    से    भीड़    थो ड़ी    कम    हो    गई    है,    तो    अगर    आप    सुबह    जल्दी    आ    सकते    हों    तो    आप    शांत    मा ह ौ ल    में    शू ट    कर    सक े ंगे ",81,35
3044,"ठीक है, सुबह जल्दी, ये मैं ध्यान रखूँगा","ठीक    है,    सुबह    जल् दी,    ये    मैं    ध्यान    रख ू ँ गा ",32,12
3045,क्या हम मीनार के ऊपर जा सकते हैं,क्या    हम    मी नार    के    ऊपर    जा    सकते    हैं ,25,9
3046,अगर हम अपनी डॉक्यूमेंट्री में मीनार के ऊपर से लिया गया व्यू शामिल कर सके तो बहुत बढ़िया रहेगा,अगर    हम    अपनी    डॉ क्यू में ट्री    में    मी नार    के    ऊपर    से    लिया    गया    व्य ू    शामिल    कर    सके    तो    बहुत    बढ़ िया    रहे गा ,75,26
3047,ऐसा पहले किया जा सकता था लेकिन कुछ समय पहले हुए एक हादसे की वजह से अब ये मना हो गया है,ऐसा    पहले    किया    जा    सकता    था    लेकिन    कुछ    समय    पहले    हुए    एक    हा द से    की    वजह    से    अब    ये    मना    हो    गया    है ,65,24
3048,मुझे यकीन है कि आपको बाहर की तरफ़ से स्मारक के बहुत सारे खूबसूरत शॉट मिल जाएंगे,मुझे    य की न    है    कि    आपको    बाहर    की    तर फ़    से    स्मारक    के    बहुत    सारे    खू ब सू रत    शॉट    मिल    जाए ंगे ,63,24
3049,"ओह, यह तो अच्छा नहीं है","ओ ह,    यह    तो    अच्छा    नहीं    है ",18,7
3050,"लेकिन मुझे लगता है कि हमें जो मिल सकता है, हम उसी से काम चला लेंगे","लेकिन    मुझे    लगता    है    कि    हमें    जो    मिल    सकता    है,    हम    उसी    से    काम    चला    ले ंगे ",51,17
3051,वहाँ कैमरे के इस्तेमाल कर सकते हैं ना,वहाँ    कैम रे    के    इस्तेमाल    कर    सकते    हैं    ना ,30,9
3052,"हाँ, बिल्कुल, कैमरा ला सकते हैं","हा ँ,    बिल् कु ल,    कैम रा    ला    सकते    हैं ",26,10
3053,"गुड मॉर्निंग, तुम्हारी महाराष्ट्र की ट्रिप कैसी रही","गु ड    म ॉर् नि ंग,    तुम्ह ारी    महाराष्ट्र    की    ट्रि प    कै सी    रही ",44,15
3054,"हेलो, बहुत ही शानदार थी","हे लो ,    बहुत    ही    शानदार    थी ",19,7
3055,मैं बहुत सी जगहों पर गई और लोकल खाने से लेकर कुछ प्रसिद्ध स्थानों तक बहुत कुछ ट्राई किया,मैं    बहुत    सी    जग हों    पर    गई    और    लोक ल    खाने    से    लेकर    कुछ    प्रसिद्ध    स्थानों    तक    बहुत    कुछ    ट्रा ई    किया ,70,22
3056,"तुम्हें मुझको सब कुछ बताना होगा, आखिर तुम मुझे यहाँ पर अकेला छोड़ कर पूरे हफ्ते के लिए अकेले ही चली गई थी","तुम्हें    मुझ को    सब    कुछ    बता ना    हो गा,    आखि र    तुम    मुझे    यहाँ    पर    अके ला    छोड़    कर    पूरे    हफ् ते    के    लिए    अकेले    ही    चली    गई    थी ",83,29
3057,तुम्हें भी महाराष्ट्र घूम कर आना चाहिए,तुम्हें    भी    महाराष्ट्र    घू म    कर    आ ना    चाहिए ,32,9
3058,"वहाँ पर कितनी सारी जगहें हैं जो तुम देख सकती हो, खासकर जब तुम्हें ऐतिहासिक जगहें पसंद हों","वहाँ    पर    कितनी    सारी    जग हें    हैं    जो    तुम    देख    सकती    हो,    खा स कर    जब    तुम्हें    ऐतिहासिक    जग हें    पसंद    हों ",72,22
3059,"हाँ, मैंने महाराष्ट्र की ऐतिहासिक धरोहर के बारे में बहुत सुन रखा है","हा ँ,    मैंने    महाराष्ट्र    की    ऐतिहासिक    ध रो हर    के    बारे    में    बहुत    सु न    रखा    है ",55,17
3060,क्या तुम औरंगाबाद गई थीं,क्या    तुम    औ र ंगा बाद    गई    थीं ,20,8
3061,"बिलकुल, इस बार मैं इस मौके को कैसे छोड़ देती","बिल कु ल,    इस    बार    मैं    इस    मौ के    को    कैसे    छोड़    देती ",35,13
3062,मैंने इन जगहों के बारे में पहले ही इतना सुन रखा है और पिछली बार समय की कमी के कारण औरंगाबाद जा नहीं सकी थी,मैंने    इन    जग हों    के    बारे    में    पहले    ही    इतना    सु न    रखा    है    और    पिछ ली    बार    समय    की    कमी    के    कारण    औ र ंगा बाद    जा    नहीं    स की    थी ,82,32
3063,इस बार तुम वहाँ पर कितने दिन रहीं और तुमने वहाँ क्या-क्या देखा,इस    बार    तुम    वहाँ    पर    कि तने    दिन    र हीं    और    तुम ने    वहाँ    क ्या - क्या    देखा ,50,19
3064,इस बार मैं वहाँ पर करीबन 10 दिनों के लिए थी और मेरे पास काफी समय था,इस    बार    मैं    वहाँ    पर    करी बन    10    दिनों    के    लिए    थी    और    मेरे    पास    काफी    समय    था ,51,18
3065,मैं अजन्ता और एलोरा की गुफाएं देखने गई थी,मैं    अ जन् ता    और    ए लो रा    की    गुफा एं    देखने    गई    थी ,33,14
3066,अजन्ता की गुफाएं औरंगाबाद की सबसे पुरानी ऐतिहासिक जगहों में से हैं और ये अपनी केव पेंटिंग्स और बौद्ध मूर्तियों के लिए जानी जाती हैं,अ जन् ता    की    गुफा एं    औ र ंगा बाद    की    सबसे    पुरानी    ऐतिहासिक    जग हों    में    से    हैं    और    ये    अपनी    के व    पें टि ंग्स    और    बौद्ध    मूर् तियों    के    लिए    जानी    जाती    हैं ,107,36
3067,चारों तरफ हरी-भरी पहाड़ियों से घिरी ये गुफाएं शानदार भारतीय आर्किटेक्चर दर्शाती हैं,चारों    तरफ    ह री - भरी    पहाड़ियों    से    घि री    ये    गुफा एं    शानदार    भारतीय    आर् कि टेक् चर    दर्शा ती    हैं ,71,22
3068,एलोरा की गुफाएं दुनिया कि सबसे बड़ी चट्टानें काट कर बनाई गई गुफाओं में से हैं,ए लो रा    की    गुफा एं    दुनिया    कि    सबसे    बड़ी    चट्टा नें    का ट    कर    बनाई    गई    गुफाओं    में    से    हैं ,62,21
3069,"इनका निर्माण 600 और 1000 ईस्वी के बीच हुआ था, एलोरा की गुफाओं में 100 हिंदू, जैन और बौद्ध गुफाएं हैं, जिनमें से 34 दर्शकों के लिए खुली हैं","इन का    निर्माण    6 00    और    10 00    ईस्वी    के    बीच    हुआ    था,    ए लो रा    की    गुफाओं    में    100    हिंद ू ,    जैन    और    बौद्ध    गुफा एं    हैं,    जिनमें    से    3 4    दर्शकों    के    लिए    खु ली    हैं ",110,39
3070,क्या तुमने कैलाशनाथ मंदिर देखा,क्या    तुम ने    कै ला श नाथ    मंदिर    देखा ,26,9
3071,मैंने सुना है कि ये चट्टानें काट कर बनाया गया सबसे बड़ा मोनोलिथिक मंदिर है,मैंने    सु ना    है    कि    ये    चट्टा नें    का ट    कर    बनाया    गया    सबसे    बड़ा    मो नो लि थ िक    मंदिर    है ,60,22
3072,कैलाशनाथ बहुत ही शानदार गुफा मंदिर है जो एलोरा की 34 पुरानी गुफाओं में से एक है,कै ला श नाथ    बहुत    ही    शानदार    गुफा    मंदिर    है    जो    ए लो रा    की    3 4    पुरानी    गुफाओं    में    से    एक    है ,63,23
3073,"एलोरा की गुफाओं में से 16वीं गुफा, कैलाशनाथ मोनोलिथिक संरचना है जिसे राष्ट्रकूट वंश के दौरान बनाया गया था और जो भगवान शिव को समर्पित है","ए लो रा    की    गुफाओं    में    से    16 वीं    गुफा ,    कै ला श नाथ    मो नो लि थ िक    संरचना    है    जिसे    राष्ट्र कू ट    वंश    के    दौरान    बनाया    गया    था    और    जो    भगवान    शिव    को    समर्पित    है ",110,39
3074,तुम्हारा मतलब है कि यह द्रविड़ आर्किटेक्चर है,तुम्ह ारा    मतलब    है    कि    यह    द्र वि ड़    आर् कि टेक् चर    है ,38,14
3075,ये पूरी तरह से द्रविड़ आर्किटेक्चर में है,ये    पूरी    तरह    से    द्र वि ड़    आर् कि टेक् चर    में    है ,34,13
3076,"29 बौद्ध रॉक-कट गुफाएँ हैं जिनमें शांति और पवित्रता महसूस होती है और जो प्रसिद्ध अजंता की गुफाओं का एक हिस्सा हैं, जो दूसरी शताब्दी ईसा पूर्व में बनाई गई थीं और जिनमें मठ और चैत्य गृह हैं","29    बौद्ध    रॉ क- कट    गुफा एँ    हैं    जिनमें    शांति    और    पवि त्र ता    महसूस    होती    है    और    जो    प्रसिद्ध    अ जं ता    की    गुफाओं    का    एक    हिस्सा    हैं,    जो    दूसरी    शताब्दी    ईसा    पूर्व    में    बनाई    गई    थीं    और    जिनमें    म ठ    और    चै त्य    ग ृह    हैं ",150,48
3077,गुफाओं की दीवारों पर सुंदर भित्ति-चित्र और प्रभावकारी मूर्तियाँ हैं जो गौतम बुद्ध के जीवन के बारे में बताती हैं,गुफाओं    की    दी व ारों    पर    सु ंदर    भि त् ति - चित्र    और    प्रभाव कारी    मूर् तियाँ    हैं    जो    गौ तम    बु द्ध    के    जीवन    के    बारे    में    बता ती    हैं ,92,32
3078,"हाँ, बौद्ध वास्तुकला इस उपमहाद्वीप की सबसे पुरानी उपलब्धियों में से एक है","हा ँ,    बौद्ध    वास्तुकला    इस    उपमहाद्वीप    की    सबसे    पुरानी    उपलब् धियों    में    से    एक    है ",61,15
3079,वहाँ का इस्लामी आर्किटेक्चर कैसा है,वहाँ    का    इस्लामी    आर् कि टेक् चर    कै सा    है ,30,10
3080,"तुम्हें हर हाल में जामा मस्जिद जाना चाहिए, जो औरंगाबाद की महत्वपूर्ण धार्मिक इमारतों में से एक है जो अपने बेमिसाल आर्किटेक्चर के लिए जानी जाती है","तुम्हें    हर    हाल    में    जा मा    मस् जि द    जाना    चाहि ए,    जो    औ र ंगा बाद    की    महत्वपूर्ण    धार्मिक    इमार तों    में    से    एक    है    जो    अपने    बे मि साल    आर् कि टेक् चर    के    लिए    जानी    जाती    है ",119,40
3081,"इस इस्लामी मज़ार में कुल 50 पॉलिगोनल खंभे हैं, लंबी मीनारें हैं और हैरान करने वाले मेहराब हैं","इस    इस्लामी    म ज़ार    में    कुल    50    पॉ लि गो नल    ख ंभ े    हैं,    लंबी    मी नार ें    हैं    और    है रान    करने    वाले    मे हरा ब    हैं ",76,29
3082,क्या तुमने औरंगाबाद की गुफाएं भी देखीं जो अजन्ता और एलोरा की गुफाओं से थोड़ी अलग हैं,क्या    तुम ने    औ र ंगा बाद    की    गुफा एं    भी    देख ी ं    जो    अ जन् ता    और    ए लो रा    की    गुफाओं    से    थो ड़ी    अलग    हैं ,68,29
3083,हाँ,हाँ ,3,1
3084,9वी शताब्दी ईस्वी में खुदाई कर के बनाई गई पाँच पुरानी जैन गुफाओं का यह समूह एलोरा की गुफाओं में है और औरंगाबाद की सबसे रोचक जगहों में से है,9 वी    शताब्दी    ईस्वी    में    खु दा ई    कर    के    बनाई    गई    पाँच    पुरानी    जैन    गुफाओं    का    यह    समूह    ए लो रा    की    गुफाओं    में    है    और    औ र ंगा बाद    की    सबसे    रो च क    जग हों    में    से    है ,110,41
3085,सुंदर नक्काशी और पेंटिंग्स दर्शाती ये गुफाएं जैन मान्यताओं और उपदेशों का जश्न मनाती हैं,सु ंदर    न क्का शी    और    पें टि ंग्स    दर्शा ती    ये    गुफा एं    जैन    मान ्य ताओं    और    उप देशों    का    ज श्न    मना ती    हैं ,73,27
3086,"मेरे खयाल से तुम बीबी का मकबरा देखने तो जरूर गई होगी, जो ताज महल की कॉपी लगता है","मेरे    ख या ल    से    तुम    बी बी    का    म कब रा    देखने    तो    जरू र    गई    हो गी,    जो    ता ज    महल    की    कॉ पी    लगता    है ",62,28
3087,मैं वहां कैसे न जाती,मैं    वहां    कैसे    न    जाती ,16,5
3088,बीबी का मकबरा अंतिम मुगल राजा औरंगज़ेब ने अपनी प्यारी बीवी दिलरास बानो बेगम की याद में बनवाया था,बी बी    का    म कब रा    अंतिम    मुगल    राजा    औरंग ज़े ब    ने    अपनी    प ्य ारी    बी वी    दि ल रा स    बा नो    बे गम    की    याद    में    बन वा या    था ,78,34
3089,इसे प्यार का प्रतीक माना जाता है और ये औरंगाबाद की महत्वपूर्ण ऐतिहासिक जगहों में से एक है,इसे    प्यार    का    प्रतीक    माना    जाता    है    और    ये    औ र ंगा बाद    की    महत्वपूर्ण    ऐतिहासिक    जग हों    में    से    एक    है ,72,22
3090,बारीक नक्काशी के साथ बिलकुल सफेद संगमरमर से बनी यह संरचना औरंगाबाद के सबसे बड़े स्मारकों में से एक है,बार ी क    न क्का शी    के    साथ    बिल कुल    सफेद    संग मर मर    से    बनी    यह    संरचना    औ र ंगा बाद    के    सबसे    बड़े    स्मार कों    में    से    एक    है ,82,31
3091,वाओ,वा ओ ,3,2
3092,मुझे तुम से जलन हो रही है,मुझे    तुम    से    ज लन    हो    रही    है ,19,8
3093,"अगली बार मैं तुम्हारे साथ जाउंगी, चाहे कुछ भी हो जाए","अगली    बार    मैं    तुम्ह ारे    साथ    जा उ ंग ी,    चाह े    कुछ    भी    हो    जाए ",42,16
3094,"हे, सूफ़ी","ह े,    सू फ़ ी ",8,5
3095,अभी तुम बिज़ी हो क्या,अभी    तुम    बि ज़ी    हो    क्या ,17,6
3096,हे कीरत,हे    की रत ,6,3
3097,नहीं कोई खास नहीं,नहीं    कोई    खास    नहीं ,14,4
3098,बोलो,बो लो ,4,2
3099,मैं अपने दादू को उनके कुछ कागज़ात सँभालने में मदद कर रहा था,मैं    अपने    दा दू    को    उनके    कुछ    का ग ज़ा त    स ँ भा लने    में    मदद    कर    रहा    था ,47,20
3100,और मुझे एक स्कीम मिली जिसमें उन्होंने निवेश किया था लेकिन उन्हें उसके कोई डिटेल्स याद नहीं है,और    मुझे    एक    स् की म    मिली    जिसमें    उन्होंने    निवेश    किया    था    लेकिन    उन्हें    उसके    कोई    डि टे ल्स    याद    नहीं    है ,76,22
3101,क्या तुम मेरी उसमें मदद करोगी,क्या    तुम    मेरी    उसमें    मदद    करो गी ,24,7
3102,तुमने तो एक एन,तुम ने    तो    एक    ए न ,11,6
3103,जी,जी ,2,1
3104,ओ,ओ ,1,1
3105,के साथ काम किया है जो सीनियर सिटिजन्स को इस तरह की चीज़ों में मदद करता है,के    साथ    काम    किया    है    जो    सी नियर    सि टि जन् स    को    इस    तरह    की    चीज़ ों    में    मदद    करता    है ,57,22
3106,"हाँ, हाँ","हा ँ,    हाँ ",7,3
3107,बताओ तुम्हें क्या दिखाई दे रहा है,बता ओ    तुम्हें    क्या    दिखाई    दे    रहा    है ,27,8
3108,"तो, पेपर में लिखा है: पी","तो ,    पे पर    में    लिखा    है :    पी ",19,9
3109,एम,ए म ,2,2
3110,वय वंदना योजना,व य    व ंद ना    योजना ,12,6
3111,यह किस बारे में है,यह    किस    बारे    में    है ,14,5
3112,क्या फ़ायदे हैं इसके,क्या    फ़ा य दे    हैं    इसके ,17,6
3113,यह कैसे काम करता है,यह    कैसे    काम    करता    है ,15,5
3114,"ओह, उन्होंने इसमें निवेश किया है","ओ ह,    उन्होंने    इसमें    निवेश    किया    है ",27,7
3115,सरकार की ये एक अच्छी कल्याणकारी स्कीम है,सरकार    की    ये    एक    अच्छी    कल ्या ण कारी    स् की म    है ,33,13
3116,यह स्कीम वित्त मंत्रालय में आती है,यह    स् की म    वित्त    मं त्रा लय    में    आती    है ,28,11
3117,यह सीनियर सिटिज़न्स को मार्केट के वित्तीय प्रभाव से सुरक्षित रखने के लिए बनाई गई है,यह    सी नियर    सि टि ज़ न्स    को    मार् केट    के    वित्तीय    प्रभाव    से    सुरक्षित    रखने    के    लिए    बनाई    गई    है ,68,21
3118,मैं समझा नहीं,मैं    समझ ा    नहीं ,11,4
3119,यह उन्हें डायनैमिक मार्केट निवेश से कैसे सुरक्षित रखती है,यह    उन्हें    डाय नै मिक    मार् केट    निवेश    से    कैसे    सुरक्षित    रख ती    है ,48,14
3120,मैं समझाती हूँ,मैं    समझ ा ती    हूँ ,12,5
3121,"तो, अगर निवेश करने से ब्याज से होने वाली आय में भविष्य में गिरावट आती है, तो ये स्कीम इस तरह के अनिश्चितता वाले निवेश के विकल्प बताती है","तो ,    अगर    निवेश    करने    से    ब्याज    से    होने    वाली    आय    में    भविष्य    में    गिरावट    आती    है,    तो    ये    स् की म    इस    तरह    के    अ निश् चि त ता    वाले    निवेश    के    विकल्प    बता ती    है ",108,37
3122,"इस स्कीम में, सीनियर सीटिज़न्स को उनके निवेश पर 8 परसेंट का रिटर्न पक्के तौर पर मिलता है","इस    स् की म    में,    सी नियर    सी टि ज़ न्स    को    उनके    निवेश    पर    8    पर सेंट    का    रि टर् न    प क् के    तौर    पर    मिलता    है ",71,29
3123,"और अगर कोई डिफ़रेंशियल रिटर्न होता है, तो सरकार उसका भार उठाती है","और    अगर    कोई    डि फ़ रे ं श ियल    रि टर् न    होता    है,    तो    सरकार    उसका    भार    उठा ती    है ",53,21
3124,डिफ़रेंशियल रिटर्न क्या होता है,डि फ़ रे ं श ियल    रि टर् न    क्या    होता    है ,27,12
3125,ये स्कीम एल,ये    स् की म    ए ल ,9,6
3126,आई,आई ,2,1
3127,सी,सी ,2,1
3128,के सहयोग से है,के    सह योग    से    है ,11,5
3129,"तो, एल","तो ,    ए ल ",5,4
3130,आई,आई ,2,1
3131,सी,सी ,2,1
3132,तुम्हारे निवेश पर 8 परसेंट पक्के तौर पर देगी,तुम्ह ारे    निवेश    पर    8    पर सेंट    प क् के    तौर    पर    दे गी ,36,14
3133,"अगर कोई अंतर होता है यानी अगर कोई नुक़सान होते हैं, तो सरकार उसका भार उठाएगी","अगर    कोई    अंतर    होता    है    या नी    अगर    कोई    नुक ़ सान    होते    हैं,    तो    सरकार    उसका    भार    उठा ए गी ",61,21
3134,तुम्हारा निवेश फिर भी 8 परसेंट रहेगा,तुम्ह ारा    निवेश    फिर    भी    8    पर सेंट    रहे गा ,30,10
3135,"ओह, अच्छा","ओ ह,    अच्छा ",8,3
3136,अब मैं समझा,अब    मैं    समझ ा ,9,4
3137,और इसकी अदायगी के बारे में,और    इसकी    अदा य गी    के    बारे    में ,21,8
3138,अदायगी 10 साल के लिए मासिक है,अदा य गी    10    साल    के    लिए    मासिक    है ,23,9
3139,दादू ने कितना निवेश किया है,दा दू    ने    कितना    निवेश    किया    है ,22,7
3140,शुरू में 7,शुरू    में    7 ,8,3
3141,5 लाख और बाद में 15 दिखा रहा है,5    लाख    और    बाद    में    15    दि खा    रहा    है ,23,10
3142,"हाँ, तो यह सिर्फ़ एक साल की सदस्यता के लिए ही खुला था और और बाद में प्रति परिवार निवेश की कैपिंग बढ़ा दी गई थी","हा ँ,    तो    यह    सिर् फ़    एक    साल    की    सदस् यता    के    लिए    ही    खु ला    था    और    और    बाद    में    प्रति    परिवार    निवेश    की    कै पिंग    बढ़ा    दी    गई    थी ",85,31
3143,इससे वाकई बहुत मदद मिली,इससे    वा कई    बहुत    मदद    मिली ,19,6
3144,उन्हें ऐसा करने के बारे में कुछ याद नहीं है,उन्हें    ऐसा    करने    के    बारे    में    कुछ    याद    नहीं    है ,34,10
3145,मैं उनके ऑफ़िस जाऊँगा और इसके बारे में पता करूँगा,मैं    उनके    ऑ फ़ि स    जा ऊँ गा    और    इसके    बारे    में    पता    कर ू ँ गा ,40,17
3146,कभी भी यार,कभी    भी    यार ,8,3
3147,अगर तुम्हें कुछ और जानकारी चाहिए हो तो मुझे बताना,अगर    तुम्हें    कुछ    और    जानकारी    चाहिए    हो    तो    मुझे    बता ना ,40,11
3148,अपना ख्रयाल रखना,अपना    ख ्र या ल    रखना ,14,6
3149,गुड मॉर्निंग क्लास,गु ड    म ॉर् नि ंग    क्ला स ,16,8
3150,सभी अपनी-अपनी सीट पर बैठ जाएँ,सभी    अप नी - अपनी    सी ट    पर    बै ठ    जा एँ ,24,12
3151,आज हम मतदाताओं के बारे में बात करेंगे,आज    हम    मत दा ताओं    के    बारे    में    बात    करे ंगे ,30,11
3152,"हम सब जानते हैं कि जो व्यक्ति चुनाव में अपना वोट डालता है, उसे मतदाता कहा जाता है","हम    सब    जानते    हैं    कि    जो    व्यक्ति    चुनाव    में    अपना    वो ट    डा लता    है,    उसे    मत दा ता    कहा    जाता    है ",64,22
3153,"अब, क्या कोई मुझे बता सकता है कि मतदाता वोट करने के लायक कैसे बनता है","अ ब,    क्या    कोई    मुझे    ब ता    सकता    है    कि    मत दा ता    वो ट    करने    के    ला यक    कैसे    बनता    है ",54,22
3154,उस व्यक्ति की उम्र 18 साल या उससे अधिक होनी चाहिए,उस    व्यक्ति    की    उम्र    18    साल    या    उससे    अधिक    होनी    चाहिए ,39,11
3155,बिल्कुल ठीक,बिल् कुल    ठीक ,10,3
3156,"नागरिकता अधिनियम से सभी नागरिक जाति, धर्म, लिंग आदि के आधार पर बिना किसी भेदभाव के वोट कर सकते हैं","नागरि कता    अधिनियम    से    सभी    नागरिक    जा ति,    धर् म,    लिंग    आदि    के    आधार    पर    बिना    किसी    भे द भाव    के    वो ट    कर    सकते    हैं ",79,26
3157,लेकिन उनकी उम्र 18 वर्ष या उससे अधिक होनी चाहिए,लेकिन    उनकी    उम्र    18    वर्ष    या    उससे    अधिक    होनी    चाहिए ,38,10
3158,"साथ ही, मतदाता तभी वोट दे सकते हैं जब वे भारत के नागरिक हों","साथ    ही,    मत दा ता    तभी    वो ट    दे    सकते    हैं    जब    वे    भारत    के    नागरिक    हों ",46,17
3159,यदि किसी को भारत के चुनाव में वोट डालना हो तो उनके पास भारत की नागरिकता होनी चाहिए,यदि    किसी    को    भारत    के    चुनाव    में    वो ट    डा लना    हो    तो    उनके    पास    भारत    की    नागरि कता    होनी    चाहिए ,65,21
3160,योग्यता के और कौन-कौन से मानदंड तुम लोग जानते हो,योग ्यता    के    और    कौ न- कौन    से    मान द ंड    तुम    लोग    जानते    हो ,39,15
3161,उनके नाम मतदाता सूची में होने चाहिए,उनके    नाम    मत दा ता    सूची    में    होने    चाहिए ,29,9
3162,सही,सही ,3,1
3163,"जो लोग वोट डाल सकते हैं, उन सभी का नाम मतदाता सूची में होगा","जो    लोग    वो ट    डाल    सकते    हैं,    उन    सभी    का    नाम    मत दा ता    सूची    में    होगा ",46,17
3164,तुम लोगों को मतदान करने के लिए सूची में अपना नाम लिखवाना चाहिए,तुम    लोगों    को    मत दान    करने    के    लिए    सूची    में    अपना    नाम    लिख वा ना    चाहिए ,50,16
3165,तुम्हारा निर्वाचन क्षेत्र के उस भाग/मतदान क्षेत्र का सामान्य निवासी होना जरूरी है जहाँ तुम नामांकन कराना चाहते हो,तुम्ह ारा    निर्वा चन    क्षेत्र    के    उस    भाग / मत दान    क्षेत्र    का    सामान्य    निवासी    होना    जरू री    है    जहाँ    तुम    ना मांकन    करा ना    चाहते    हो ,95,27
3166,"मैम, मैंने सुना है कि यदि आप किसी निर्धारित जगह पर अपना नाम लिखवाते हैं, तो आप केवल उसी जगह पर वोट दे सकते हैं","मै म,    मैंने    सु ना    है    कि    यदि    आप    किसी    निर्धारित    जगह    पर    अपना    नाम    लिख वा ते    हैं,    तो    आप    केवल    उसी    जगह    पर    वो ट    दे    सकते    हैं ",86,30
3167,"हाँ, नाम केवल एक ही जगह पर लिखवाया जा सकता है","हा ँ,    नाम    केवल    एक    ही    जगह    पर    लिख वा या    जा    सकता    है ",35,14
3168,"तो, यदि तुम अपने चुनावी क्षेत्र में मतदाता के तौर पर नाम लिखवाते हो, तो जहाँ भी तुम हो, वोट डालने के लिए तुम्हें अपने चुनावी क्षेत्र में आना होगा","तो ,    यदि    तुम    अपने    चुना वी    क्षेत्र    में    मत दा ता    के    तौर    पर    नाम    लिख वा ते    हो,    तो    जहाँ    भी    तुम    हो,    वो ट    डा लने    के    लिए    तुम्हें    अपने    चुना वी    क्षेत्र    में    आ ना    होगा ",116,40
3169,किसी दूसरे बूथ पर तुम वोट नहीं डाल सकोगे,किसी    दूसरे    बू थ    पर    तुम    वो ट    नहीं    डाल    सक ो गे ,32,13
3170,क्या दिव्यांग लोगों के पास वोट डालने के लिए कोई विशेषाधिकार होते हैं,क्या    दि व्या ंग    लोगों    के    पास    वो ट    डा लने    के    लिए    कोई    विशेष ा धि कार    होते    हैं ,56,20
3171,उनका पंजीकरण दिव्यांग मतदाता के तौर पर किया जाता है,उनका    पंजी करण    दि व्या ंग    मत दा ता    के    तौर    पर    किया    जाता    है ,42,15
3172,"जहाँ तक विशेषाधिकार की बात है, उन्हें मतदान केंद्र पर लाइन में नहीं खड़े रहना पड़ता है","जहाँ    तक    विशेष ा धि कार    की    बात    है,    उन्हें    मत दान    केंद्र    पर    लाइन    में    नहीं    खड़े    रहना    पड़ता    है ",70,21
3173,"लेकिन, मानसिक रूप से अस्वस्थ व्यक्ति को वोट डालने की अनुमति नहीं दी जाती है","लेकि न,    मानसिक    रूप    से    अ स्व स्थ    व्यक्ति    को    वो ट    डा लने    की    अनुमति    नहीं    दी    जाती    है ",61,20
3174,"ओह, क्या ऐसे और भी कोई लोग हैं जो मतदान के योग्य नहीं हैं","ओ ह,    क्या    ऐसे    और    भी    कोई    लोग    हैं    जो    मत दान    के    योग्य    नहीं    हैं ",44,16
3175,"हाँ, भारत में, भारतीय संविधान के लोक प्रतिनिधित्व अधिनियम, 1951 के अनुसार, सभी सज़ायाफ्ता कैदियों को अयोग्य माना जाता है","हा ँ,    भारत    में,    भारतीय    सं विधान    के    लोक    प्रतिनिधित्व    अधि निय म,    195 1    के    अनुसार,    सभी    स ज़ा या फ् ता    कै दियों    को    अ योग्य    माना    जाता    है ",101,31
3176,इसमें पैरोल पर छूटे कैदी और जेल में बंद कैदी शामिल हैं,इसमें    पै रो ल    पर    छू टे    कै दी    और    जेल    में    बंद    कै दी    शामिल    हैं ,43,17
3177,साथ ही ऐसा ही उन लोगों के लिए भी है जिनके पास किसी दूसरे देश की नागरिकता है,साथ    ही    ऐसा    ही    उन    लोगों    के    लिए    भी    है    जिनके    पास    किसी    दूसरे    देश    की    नागरि कता    है ,58,19
3178,भारत एकाधिक नागरिकता को मान्यता नहीं देता है,भारत    एका धिक    नागरि कता    को    मान्यता    नहीं    देता    है ,37,10
3179,"तो, यदि तुम्हारे पास किसी दूसरे देश की नागरिकता है, तो तुम भारतीय नागरिकता और वोट देने का अपना अधिकार खो देते हो","तो ,    यदि    तुम्ह ारे    पास    किसी    दूसरे    देश    की    नागरि कता    है,    तो    तुम    भारतीय    नागरि कता    और    वो ट    देने    का    अपना    अधिकार    खो    देते    हो ",90,28
3180,हमें यह नहीं पता था मैम,हमें    यह    नहीं    पता    था    मै म ,18,7
3181,आपके पास मान्य वोटर आई,आपके    पास    मान ्य    वो टर    आई ,18,7
3182,डी,डी ,2,1
3183,"भी होनी चाहिए, है ना मैम","भी    होनी    चाहि ए,    है    ना    मै म ",19,8
3184,"हाँ, हाँ","हा ँ,    हाँ ",7,3
3185,मान्य वोटर आई,मान ्य    वो टर    आई ,11,5
3186,डी,डी ,2,1
3187,की ज़रूरी है,की    ज़रू री    है ,10,4
3188,तभी तुम्हारा नाम मतदाता सूची में लिखा जाएगा,तभी    तुम्ह ारा    नाम    मत दा ता    सूची    में    लिखा    जाए गा ,36,12
3189,तुम्हें ऑनलाइन पंजीकरण करके या सेवा केंद्र पर ज़रूरी दस्तावेज़ दिखा कर वोटर आई,तुम्हें    ऑनलाइन    पंजी करण    करके    या    सेवा    केंद्र    पर    ज़रू री    दस्तावे ज़    दि खा    कर    वो टर    आई ,65,19
3190,डी,डी ,2,1
3191,मिल सकती है,मिल    सकती    है ,9,3
3192,आज के लिए इतना ही,आज    के    लिए    इतना    ही ,13,5
3193,अगले दिन के लिए अपने परिवारों से मतदाता के तौर पर उनके अनुभवों के बारे में बात करना,अगले    दिन    के    लिए    अपने    परिवारों    से    मत दा ता    के    तौर    पर    उनके    अनु भ वों    के    बारे    में    बात    करना ,66,22
3194,"जी मैम, धन्यवाद","जी    मै म,    ध न्य वाद ",13,6
3195,"हैलो, मैं यहाँ पैन कार्ड इश्यू करवाने आई हूँ","है लो ,    मैं    यहाँ    पै न    कार्ड    इ श ्य ू    कर वा ने    आई    हूँ ",36,17
3196,क्या आपके खुद के लिए,क्या    आपके    खुद    के    लिए ,16,5
3197,असल में अपने और अपनी बेटी के लिए,अ सल    में    अपने    और    अपनी    बेटी    के    लिए ,25,9
3198,लेकिन मेरी बेटी के पास ब्रिटिश नागरिकता है,लेकिन    मेरी    बेटी    के    पास    ब्रिटिश    नागरि कता    है ,35,9
3199,"ओह, कोई बात नहीं","ओ ह,    कोई    बात    नहीं ",13,5
3200,क्या आप वो सारे डॉक्यूमेंट बता सकते हैं जो हमें लाने होंगे,क्या    आप    वो    सारे    डॉ क्यू मेंट    ब ता    सकते    हैं    जो    हमें    लाने    हो ंगे ,47,16
3201,चलिए आपके पैन कार्ड से शुरू करते हैं,च लिए    आपके    पै न    कार्ड    से    शुरू    करते    हैं ,29,10
3202,मुझे समझता हूँ कि आप भारतीय हैं,मुझे    समझ ता    हूँ    कि    आप    भारतीय    हैं ,25,8
3203,"हाँ, सही है","हा ँ,    सही    है ",9,4
3204,"आपके लिए, मैम, हमें तीन डॉक्यूमेंट लगेंगे","आपके    लिए,    मै म,    हमें    तीन    डॉ क्यू मेंट    लग े ंगे ",35,12
3205,"पहचान का प्रमाण, पते का प्रमाण और आपकी जन्मतिथि का प्रमाण","पहचान    का    प्रमा ण,    प ते    का    प्रमाण    और    आपकी    जन्म ति थि    का    प्रमाण ",47,15
3206,हर-एक के प्रमाण के रूप में कौन-कौन से डॉक्यूमेंट लगेंगे,ह र- एक    के    प्रमाण    के    रूप    में    कौ न- कौन    से    डॉ क्यू मेंट    लग े ंगे ,46,18
3207,पहचान के लिए आप अपने आधार कार्ड या वोटर आई,पहचान    के    लिए    आप    अपने    आधार    कार्ड    या    वो टर    आई ,33,11
3208,डी,डी ,2,1
3209,या अपने पासपोर्ट की कॉपी ला सकती हैं,या    अपने    पा स पोर्ट    की    कॉ पी    ला    सकती    हैं ,29,11
3210,आप चाहे तो अपने राशन कार्ड और फ़ॉर्म में बताए गए कुछ दूसरे डॉक्यूमेंट की कॉपी भी ला सकती हैं जो मैं आपको दूँगा,आप    चाह े    तो    अपने    रा शन    कार्ड    और    फ़ ॉर् म    में    बता ए    गए    कुछ    दूसरे    डॉ क्यू मेंट    की    कॉ पी    भी    ला    सकती    हैं    जो    मैं    आपको    दू ँ गा ,87,34
3211,"जो भी हो, उसमें आपकी फ़ोटो होनी चाहिए","जो    भी    हो,    उसमें    आपकी    फ़ो टो    होनी    चाहिए ",30,9
3212,आप ठीक से समझ गईं,आप    ठीक    से    समझ    गई ं ,13,6
3213,"हाँ, सर, समझ गई","हा ँ,    सर ,    समझ    गई ",12,6
3214,"पते के प्रमाण के लिए, कोई भी बिल जो तीन महीने से ज़्यादा पुराना न हो, वो चलेगा","प ते    के    प्रमाण    के    लिए,    कोई    भी    बिल    जो    तीन    महीने    से    ज़्यादा    पुराना    न    हो,    वो    च ले गा ",61,21
3215,"बिल से मेरा मतलब है लैंडलाइन का बिल, या बिजली का बिल या पानी का बिल","बिल    से    मेरा    मतलब    है    लैंड लाइन    का    बि ल,    या    बिजली    का    बिल    या    पानी    का    बिल ",52,18
3216,वो फ़ॉर्म में दिए गए हैं,वो    फ़ ॉर् म    में    दिए    गए    हैं ,19,8
3217,या आप अपने पोस्ट ऑफ़िस की पासबुक या पासपोर्ट की कॉपी भी ला सकती हैं,या    आप    अपने    पोस्ट    ऑ फ़ि स    की    पा सब ुक    या    पा स पोर्ट    की    कॉ पी    भी    ला    सकती    हैं ,53,22
3218,"फिर से बता दूँ, जो भी हो, उसमें आपका पता होना चाहिए","फिर    से    ब ता    दू ँ,    जो    भी    हो,    उसमें    आपका    पता    होना    चाहिए ",40,14
3219,अब आप समझ गई होंगी,अब    आप    समझ    गई    हो ंगी ,14,6
3220,"जी हाँ, और बर्थ सर्टिफ़िकेट","जी    हा ँ,    और    बर् थ    सर् टि फ़ि केट ",23,10
3221,बर्थ सर्टिफ़िकेट या पासपोर्ट चलेगा,बर् थ    सर् टि फ़ि केट    या    पा स पोर्ट    च ले गा ,30,13
3222,"अब, आपकी बेटी के लिए, उन्हें दो डॉक्यूमेंट लाने होंगे","अ ब,    आपकी    बेटी    के    लिए,    उन्हें    दो    डॉ क्यू मेंट    लाने    हो ंगे ",44,14
3223,पहचान का प्रमाण और पते का प्रमाण,पहचान    का    प्रमाण    और    प ते    का    प्रमाण ,26,8
3224,दोनों के लिए पासपोर्ट काफी होगा,दोनों    के    लिए    पा स पोर्ट    काफी    होगा ,26,8
3225,यह सुनकर राहत मिली,यह    सुन कर    रा हत    मिली ,15,6
3226,यह रही लिस्ट,यह    रही    लि स्ट ,10,4
3227,आपको यहाँ सभी डॉक्यूमेंटों की लिस्ट मिल जाएगी,आपको    यहाँ    सभी    डॉ क्यू मे ंट ों    की    लि स्ट    मिल    जाए गी ,38,14
3228,कार्ड डिलीवर होने में कितना समय लग जाएगा,कार्ड    डि ली वर    होने    में    कितना    समय    लग    जाए गा ,33,11
3229,कम से कम 15 से 20 वर्किंग डेज़,कम    से    कम    15    से    20    वर् किंग    डे ज़ ,23,10
3230,"क्या मैं अंदर आ सकती हूँ, सर","क्या    मैं    अंदर    आ    सकती    हू ँ,    सर ",22,8
3231,"जी हाँ, प्लीज़ आइए","जी    हा ँ,    प् ली ज़    आइ ए ",15,8
3232,प्लीज़ बैठिए,प् ली ज़    बै ठि ए ,11,6
3233,"बताइए, मैं आपकी कैसे मदद कर सकता हूँ","बता इ ए,    मैं    आपकी    कैसे    मदद    कर    सकता    हूँ ",29,10
3234,"सर, मैं होप एन","सर ,    मैं    हो प    ए न ",11,7
3235,जी,जी ,2,1
3236,ओ,ओ ,1,1
3237,से आई हूँ,से    आई    हूँ ,7,3
3238,हम ज़रूरतमंद लोगों के लिए कुछ स्कूल चला रहे हैं,हम    ज़रू र त मं द    लोगों    के    लिए    कुछ    स्कूल    चला    रहे    हैं ,38,14
3239,झुग्गी-झोपड़ी वाले इलाकों में हमारे 3 स्कूल हैं,झु ग् गी - झ ो प ड़ी    वाले    इलाकों    में    हमारे    3    स्कूल    हैं ,40,15
3240,यह बहुत अच्छी बात है,यह    बहुत    अच्छी    बात    है ,16,5
3241,मुझे यह कहना ही पड़ेगा कि यह वाकई बहुत अच्छी पहल है,मुझे    यह    कहना    ही    पड़ े गा    कि    यह    वा कई    बहुत    अच्छी    पह ल    है ,40,16
3242,"तो, मैं आपकी कैसे मदद कर सकता हूँ","तो ,    मैं    आपकी    कैसे    मदद    कर    सकता    हूँ ",26,9
3243,"सर, मुझे आपके ऑफ़िस के बारे में कुछ जानकारी चाहिए","सर ,    मुझे    आपके    ऑ फ़ि स    के    बारे    में    कुछ    जानकारी    चाहिए ",40,13
3244,जैसा कि आप जानते हैं कि हमारे छात्र मजदूर परिवारों से हैं,जैसा    कि    आप    जानते    हैं    कि    हमारे    छात्र    म ज दूर    परिवारों    से    हैं ,46,14
3245,मुझे जानना चाहती हूँ कि हमारे 10वीं क्लास के छात्रों के लिए काम के कोई अवसर हैं क्या,मुझे    जान ना    चाह ती    हूँ    कि    हमारे    10 वीं    क्ला स    के    छात्रों    के    लिए    काम    के    कोई    अवसर    हैं    क्या ,67,22
3246,"हाँ, मुझे बताइए कि आप क्या जानना चाहती हैं","हा ँ,    मुझे    बता इ ए    कि    आप    क्या    जान ना    चाह ती    हैं ",34,14
3247,यह वास्तव में एक बहुत अच्छा विचार है,यह    वास्तव    में    एक    बहुत    अच्छा    विचार    है ,29,8
3248,लेकिन क्या वे पढ़ाई करते-करते काम करेंगे,लेकिन    क्या    वे    पढ़ाई    कर ते - करते    काम    करे ंगे ,34,11
3249,"नहीं सर, वो नहीं करेंगे","नहीं    सर ,    वो    नहीं    करे ंगे ",19,7
3250,वो अगले महीने 10वीं क्लास की परीक्षा दे देंगे,वो    अगले    महीने    10 वीं    क्ला स    की    परी क्षा    दे    दे ंगे ,37,13
3251,इसलिए हम चाहते हैं कि परीक्षा के बाद वे कहीं काम करें ताकि वे कमाना शुरू कर सकें,इसलिए    हम    चाहते    हैं    कि    परी क्षा    के    बाद    वे    कहीं    काम    करें    ताकि    वे    क माना    शुरू    कर    सक ें ,63,21
3252,"वे अनुशासन, टीम वर्क, वगैरा के बारे में सीखेंगे","वे    अनु शास न,    टीम    वर् क,    व गै रा    के    बारे    में    सी खे ंगे ",39,16
3253,"ओह, ठीक है","ओ ह,    ठीक    है ",8,4
3254,ऐसा तो हो सकता है,ऐसा    तो    हो    सकता    है ,13,5
3255,यह तो उनके लिए भी बहुत अच्छा होगा,यह    तो    उनके    लिए    भी    बहुत    अच्छा    होगा ,26,8
3256,वे अलग-अलग चीज़ें भी सीख पाएँगे,वे    अलग-अलग    चीज़ ें    भी    सी ख    पा ए ँ गे ,26,11
3257,"हाँ, सर, हम नहीं चाहते कि वे वापस झुग्गी-झोपड़ी वाले माहौल में जाएँ","हा ँ,    सर ,    हम    नहीं    चाहते    कि    वे    वापस    झु ग् गी - झ ो प ड़ी    वाले    मा ह ौ ल    में    जा एँ ",55,26
3258,"अगर वे किसी ऑफ़िस में काम करने लगेंगे, तो उन्हें काम करने का ढंग जानने का मौका मिलेगा","अगर    वे    किसी    ऑ फ़ि स    में    काम    करने    लग े ंगे,    तो    उन्हें    काम    करने    का    ढ ंग    जान ने    का    मौका    मिले गा ",68,25
3259,"हाँ, यह उन्हें प्रोत्साहित भी करेगा","हा ँ,    यह    उन्हें    प्रोत्साहित    भी    करे गा ",30,8
3260,मैं देखता हूँ कि मैं उनमें से कुछ को अपनी पैकेजिंग यूनिट में ले सकूँ,मैं    देख ता    हूँ    कि    मैं    उनमें    से    कुछ    को    अपनी    पै के जि ंग    यूनि ट    में    ले    सक ू ँ ,54,22
3261,आपके आश्वासन के लिए बहुत-बहुत धन्यवाद,आपके    आश् वा सन    के    लिए    बहु त- बहुत    ध न्य वाद ,32,12
3262,परीक्षा पूरी होने के बाद मैं कुछ छात्रों को लेकर आऊँगी,परी क्षा    पूरी    होने    के    बाद    मैं    कुछ    छात्रों    को    लेकर    आ ऊँ गी ,44,14
3263,मदद देने के लिए फिर से धन्यवाद,मदद    देने    के    लिए    फिर    से    ध न्य वाद ,24,9
3264,इस लिट्टी से मुझे इडली की याद आ रही है,इस    लि ट्टी    से    मुझे    इ ड ली    की    याद    आ    रही    है ,29,13
3265,वैसे ये दोनों बहुत अलग हैं लेकिन इसके आकार से मुझे उसकी याद आ रही है,वै से    ये    दोनों    बहुत    अलग    हैं    लेकिन    इसके    आकार    से    मुझे    उसकी    याद    आ    रही    है ,53,17
3266,"हाँ, ये बिहार का मुख्य भोजन है","हा ँ,    ये    बिहार    का    मुख्य    भोजन    है ",24,8
3267,साइड डिश को चोखा कहते हैं,साइ ड    डि श    को    चो खा    कहते    हैं ,20,9
3268,लिट्टी मुख्य रूप से गेहूँ से बनती है और चोखा बैंगन और टमाटर से बनता है,लि ट्टी    मुख्य    रूप    से    गे हूँ    से    बन ती    है    और    चो खा    बैंग न    और    ट मा टर    से    बनता    है ,55,23
3269,इसमें कौन-से तेल का इस्तेमाल करते हैं,इसमें    कौ न- से    तेल    का    इस्तेमाल    करते    हैं ,31,9
3270,यह केरल की पाक शैली से कुछ अलग लग रहा है,यह    केरल    की    पा क    शैली    से    कुछ    अलग    लग    रहा    है ,30,12
3271,आम तौर पर चोखे में सरसों के तेल का इस्तेमाल किया जाता है,आम    तौर    पर    चो खे    में    सर सों    के    तेल    का    इस्तेमाल    किया    जाता    है ,44,15
3272,बिहारी पाक शैली में सभी खानों में सरसों के तेल का इस्तेमाल किया जाता है,बि ह ारी    पा क    शैली    में    सभी    खा नों    में    सर सों    के    तेल    का    इस्तेमाल    किया    जाता    है ,57,20
3273,आपके सामने कौन-सी डिश रखी है,आपके    सामने    कौ न- सी    डि श    रख ी    है ,23,10
3274,इसे पुट्टू कहते हैं और आम तौर पर हम इसे काले चने के साथ खाते हैं,इसे    पु ट्ट ू    कहते    हैं    और    आम    तौर    पर    हम    इसे    का ले    चने    के    साथ    खाते    हैं ,49,19
3275,"ये कई प्रकार की होती हैं लेकिन जो मैंने ऑर्डर की है, वह चावल के आटे से बनी है","ये    कई    प्रकार    की    होती    हैं    लेकिन    जो    मैंने    ऑर्डर    की    है,    वह    चावल    के    आ टे    से    बनी    है ",59,20
3276,"ओह, क्या ये काले चने वाली साइड डिश मसालेदार है","ओ ह,    क्या    ये    का ले    चने    वाली    साइ ड    डि श    मसा ले दार    है ",37,16
3277,मैंने पुट्टू के बारे में पहले नहीं सुना,मैंने    पु ट्ट ू    के    बारे    में    पहले    नहीं    सु ना ,32,11
3278,क्या इसके ऊपर नारियल डाला हुआ है,क्या    इसके    ऊपर    नार ियल    डा ला    हुआ    है ,26,9
3279,"हाँ, नारियल का आम तौर पर केरल की कई डिशों में इस्तेमाल किया जाता है","हा ँ,    नार ियल    का    आम    तौर    पर    केरल    की    कई    डि श ों    में    इस्तेमाल    किया    जाता    है ",53,19
3280,उनमें भरपूर मसाला भी होता है इसलिए अधिकतर व्यंजनों में मसाले की मात्रा ज़्यादा होती है,उनमें    भर पूर    मसा ला    भी    होता    है    इसलिए    अधिकतर    व्य ंज नों    में    मसा ले    की    मात्रा    ज़्यादा    होती    है ,71,21
3281,क्या लिट्टी आपकी पसंदीदा डिश है,क्या    लि ट्टी    आपकी    पसंदीदा    डि श    है ,26,8
3282,लिट्टी मेरी पसंदीदा डिशों में से एक है,लि ट्टी    मेरी    पसंदीदा    डि श ों    में    से    एक    है ,31,11
3283,मेरी पसंदीदा बिहारी डिश सत्तू का पराठा है,मेरी    पसंदीदा    बि ह ारी    डि श    स त्त ू    का    परा ठा    है ,34,14
3284,वह इंडियन टैको जैसी दिखती है,वह    इंड ियन    टै को    जैसी    दिख ती    है ,23,9
3285,"मैंने उसके बारे में कभी नहीं सुना, क्या वह बहुत हेल्दी है","मैंने    उसके    बारे    में    कभी    नहीं    सु ना,    क्या    वह    बहुत    हे ल् दी    है ",46,15
3286,अरे हाँ,अ रे    हाँ ,6,3
3287,वह बहुत हेल्दी डिश है,वह    बहुत    हे ल् दी    डि श    है ,17,8
3288,इसे बेसन और दूसरे जड़ी-बूटी मसालों से बनाया जाता है,इसे    बे सन    और    दूसरे    ज ड़ ी- बू टी    मसा लों    से    बनाया    जाता    है ,42,16
3289,"इसका स्वाद भी तीखा होता है, इसलिए मुझे यह बहुत पसंद है","इसका    स्वा द    भी    ती खा    होता    है,    इसलिए    मुझे    यह    बहुत    पसंद    है ",43,14
3290,"आप बताइये, केरल के भोजन में आपकी पसंदीदा डिश कौन-सी है","आप    बता इ य े,    केरल    के    भोजन    में    आपकी    पसंदीदा    डि श    कौ न- सी    है ",44,17
3291,अप्पम और स्टू मुझे बहुत पसंद हैं,अप ् प म    और    स्ट ू    मुझे    बहुत    पसंद    हैं ,26,11
3292,यह खमीरी चावल के आटे से बनाया जाता है और यह ख़स्ता किनारों वाला पैनकेक है,यह    ख मी री    चावल    के    आ टे    से    बनाया    जाता    है    और    यह    ख़ स् ता    किन ारों    वाला    पै न के क    है ,58,25
3293,"ओह, ये सुनने में स्वादिष्ट लग रहा है","ओ ह,    ये    सुन ने    में    स्वा दि ष्ट    लग    रहा    है ",29,12
3294,हमें ऐसा अधिक बार करना चाहिए,हमें    ऐसा    अधिक    बार    करना    चाहिए ,23,6
3295,"माफ़ कीजिये, क्या यहाँ ग्लूटन-फ़्री खाना मिलेगा","मा फ़    की ज िय े,    क्या    यहाँ    ग् लू ट न- फ़ ्र ी    खाना    मिले गा ",41,18
3296,मैं डाइबिटिक हूँ और मेरी दोस्त को ग्लूटन से एलर्जी है,मैं    डा इ बि टिक    हूँ    और    मेरी    दोस्त    को    ग् लू टन    से    एल र् जी    है ,43,18
3297,"बिल्कुल, आप क्या लेना चाहेंगी","बिल् कु ल,    आप    क्या    लेना    चा हे ंगी ",25,9
3298,मैं सोच रही थी कि आप ही अपनी कुछ डिशेज़ बताएँ,मैं    सोच    रही    थी    कि    आप    ही    अपनी    कुछ    डि शे ज़    बता एँ ,35,14
3299,मैंने सुना है कि इस रेस्तराँ में बहुत हेल्दी खाना मिलता है,मैंने    सु ना    है    कि    इस    रेस्तरा ँ    में    बहुत    हे ल् दी    खाना    मिलता    है ,47,16
3300,"जो कस्टमर ग्लूटन-फ़्री डाइट चाहते हैं, हम उन्हें चावल, कॉर्न, अलसी और बाजरा वगैरह दे सकते हैं","जो    क स्ट मर    ग् लू ट न- फ़ ्र ी    डा इट    चाहते    हैं,    हम    उन्हें    चा व ल,    कॉर् न,    अल सी    और    बा ज रा    व गै रह    दे    सकते    हैं ",77,34
3301,हमारे पास कई तरह की सलादें और स्मूदी भी हैं,हमारे    पास    कई    तरह    की    सला दें    और    स् मू दी    भी    हैं ,34,13
3302,हमारे पास डाइबिटिक-फ़्रेंडली मेन्यू भी है,हमारे    पास    डा इ बि टि क- फ़ ्रे ंड ली    मे न्यू    भी    है ,36,15
3303,मैं लोकल खानों के मेन्यू के बारे में सोच रही थी जो ग्लूटन-फ़्री हों,मैं    लोक ल    खा नों    के    मे न्यू    के    बारे    में    सोच    रही    थी    जो    ग् लू ट न- फ़ ्र ी    हों ,54,23
3304,मशरूम ब्राउन राइस या चिकन क्विनोआ बिरयानी जैसा कुछ,म श रू म    ब्रा उन    रा इस    या    चि कन    क् वि नो आ    बि र या नी    जैसा    कुछ ,42,21
3305,"हाँ, ये ऑप्शन यहाँ मिल जाएंगे","हा ँ,    ये    ऑ प् शन    यहाँ    मिल    जाए ंगे ",24,10
3306,हमारे पास कुछ ग्लूटन-फ़्री सूप भी हैं जिन्हें आप चाहें तो देख सकती हैं,हमारे    पास    कुछ    ग् लू ट न- फ़ ्र ी    सू प    भी    हैं    जिन्हें    आप    चा हें    तो    देख    सकती    हैं ,57,22
3307,आप डाइबिटिक-फ़्रेंडली मेन्यू में से क्या लेना चाहेंगी,आप    डा इ बि टि क- फ़ ्रे ंड ली    मे न्यू    में    से    क्या    लेना    चा हे ंगी ,46,19
3308,मैं साबुदाने की खिचड़ी और वो मशरूम ब्राउन राइस लेना चाहूँगी जो मैंने पहले बताया था,मैं    सा बु दा ने    की    खि च ड़ी    और    वो    म श रू म    ब्रा उन    रा इस    लेना    चा हू ँ गी    जो    मैंने    पहले    बताया    था ,67,29
3309,आपके पास सूप कौन कौन-से हैं,आपके    पास    सू प    कौन    कौ न- से    हैं ,22,9
3310,हमारे पास ग्लूटन-फ़्री फ़्रेंच अनियन सूप है,हमारे    पास    ग् लू ट न- फ़ ्र ी    फ़ ्रे ंच    अन ियन    सू प    है ,37,17
3311,हम मटर दाल का स्वादिष्ट सूप भी बनाते हैं,हम    म टर    दा ल    का    स्वा दि ष्ट    सू प    भी    बनाते    हैं ,32,14
3312,फिर हमारे पास फ़ो बो और वेस्ट अफ़्रीकन पीनट बटर सूप है,फिर    हमारे    पास    फ़ ो    ब ो    और    वेस्ट    अ फ़ ्र ी कन    पी न ट    ब टर    सू प    है ,43,22
3313,"फ़्रेंच अनियन सूप सुनने में अच्छा लग रहा है, तो हम वो दो लेंगे","फ़ ्रे ंच    अन ियन    सू प    सुन ने    में    अच्छा    लग    रहा    है,    तो    हम    वो    दो    ले ंगे ",49,20
3314,मैं आम तौर पर डेज़र्ट नहीं लेती क्योंकि ऐसे डेज़र्ट ढूँढना मुश्किल हैं जो डाइबिटिक फ़्रेंडली हो,मैं    आम    तौर    पर    डे ज़ र्ट    नहीं    लेती    क्योंकि    ऐसे    डे ज़ र्ट    ढू ँ ढ ना    मुश्किल    हैं    जो    डा इ बि टिक    फ़ ्रे ंड ली    हो ,79,30
3315,"ओह, आप चिंता न करें, हमारे पास कई तरह के डाइबिटिक-फ़्रेंडली डेज़र्ट भी हैं","ओ ह,    आप    चिंता    न    करें,    हमारे    पास    कई    तरह    के    डा इ बि टि क- फ़ ्रे ंड ली    डे ज़ र्ट    भी    हैं ",61,25
3316,आप लो-कार्ब पीनट बटर कुकीज़ या चॉकलेट कीटो फ़ैट बॉम्ब ट्राई कर सकती हैं,आप    लो - कार् ब    पी न ट    ब टर    कु की ज़    या    च ॉ क लेट    की टो    फ़ ै ट    बॉ म् ब    ट्रा ई    कर    सकती    हैं ,58,31
3317,हम बहुत अच्छा प्रोटीन चीज़केक भी बनाते हैं,हम    बहुत    अच्छा    प्रोटीन    चीज़ के क    भी    बनाते    हैं ,35,10
3318,मैंने डाइबिटीज़ के चलते बहुत समय से चीज़केक नहीं खाया,मैंने    डा इ बि टी ज़    के    चलते    बहुत    समय    से    चीज़ के क    नहीं    खा या ,44,17
3319,मैं प्रोटीन चीज़केक लूँगी और इनके लिए लो-कार्ब पीनट बटर कुकी,मैं    प्रोटीन    चीज़ के क    लू ँ गी    और    इन के    लिए    लो - कार् ब    पी न ट    ब टर    कु की ,50,23
3320,यह रेस्तराँ गज़ब का है,यह    रेस्तरा ँ    ग ज़ ब    का    है ,18,8
3321,तारीफ़ करने के लिए धन्यवाद,तारी फ़    करने    के    लिए    ध न्य वाद ,22,8
3322,मुझे उम्मीद है कि आप थोड़ा समय निकाल कर गूगल पर हमें रिव्यू दे देंगी,मुझे    उम्मीद    है    कि    आप    थोड़ा    समय    निकाल    कर    गूगल    पर    हमें    रि व्य ू    दे    दे ंगी ,54,18
3323,"अगर आपको कुछ और चाहिए हो, तो प्लीज़ मुझे बताइएगा","अगर    आपको    कुछ    और    चाहिए    हो,    तो    प् ली ज़    मुझे    बता इ ए गा ",39,15
3324,पक्का मैं अच्छा रिव्यू दूँगी,प क् का    मैं    अच्छा    रि व्य ू    दू ँ गी ,24,11
3325,"क्या मैं अंदर आ सकता हूँ, सर","क्या    मैं    अंदर    आ    सकता    हू ँ,    सर ",22,8
3326,"हाँ, प्लीज़ बैठिए","हा ँ,    प् ली ज़    बै ठि ए ",15,8
3327,मैं आपके लिए क्या कर सकता हूँ,मैं    आपके    लिए    क्या    कर    सकता    हूँ ,23,7
3328,मेरा नाम आनंद यादव है,मेरा    नाम    आनंद    या द व    है ,17,7
3329,मुझे अपने बचत खाते में से कुछ पैसे निकालने हैं,मुझे    अपने    बचत    खाते    में    से    कुछ    पैसे    निका लने    हैं ,37,11
3330,मैं नहीं जानता कि पैसे निकालने का क्या तरीका है,मैं    नहीं    जान ता    कि    पैसे    निका लने    का    क्या    तरीका    है ,38,12
3331,क्या आप मेरी मदद कर सकते हैं,क्या    आप    मेरी    मदद    कर    सकते    हैं ,22,7
3332,"हाँ बिल्कुल, सर","हाँ    बिल् कु ल,    सर ",13,5
3333,"सबसे पहले, आपको विड्रॉल फ़ॉर्म पूरा करना होगा","सबसे    पहले,    आपको    वि ड्र ॉल    फ़ ॉर् म    पूरा    करना    होगा ",38,12
3334,"कृपया नीचे दिए गए खानों में अपना अकाउंट नंबर, नाम, मोबाइल नंबर और पता लिखें","कृ प या    नीचे    दिए    गए    खा नों    में    अपना    अ काउ ंट    न ंबर,    ना म,    मोबाइल    नंबर    और    पता    लिख ें ",61,23
3335,ठीक है,ठीक    है ,5,2
3336,क्या मुझे यहाँ साइन करना है,क्या    मुझे    यहाँ    सा इन    करना    है ,22,7
3337,बिल्कुल,बिल् कुल ,7,2
3338,प्लीज़ साइन करें,प् ली ज़    सा इन    करें ,14,6
3339,आप कितने पैसे निकालना चाहते हैं,आप    कि तने    पैसे    निका लना    चाहते    हैं ,26,8
3340,"मुझे 100,000 रुपये निकालने हैं","मुझे    10 0,000    रुपये    निका लने    हैं ",26,7
3341,"कृपया फ़ॉर्म में ये राशि शब्दों और अंकों में लिखें, सर","कृ प या    फ़ ॉर् म    में    ये    राशि    शब्दों    और    अंकों    में    लि खे ं,    सर ",44,17
3342,और विड्रॉल फ़ॉर्म में नीचे अपना नाम साइन करना न भूलें,और    वि ड्र ॉल    फ़ ॉर् म    में    नीचे    अपना    नाम    सा इन    करना    न    भू लें ,43,17
3343,"ठीक है, मैं याद रखूँगा","ठीक    है,    मैं    याद    रख ू ँ गा ",18,8
3344,इनमें से विड्रॉल काउंटर कौन-सा है,इनमें    से    वि ड्र ॉल    काउं टर    कौ न- सा    है ,28,11
3345,"सर, कृपया काउंटर नं","सर ,    कृ प या    काउं टर    न ं ",16,9
3346,2 पर जाएँ,2    पर    जा एँ ,7,4
3347,"काउंटर पर का कर्मचारी, ग्राहक के खाते नंबर और नाम की पुष्टि करेगा","काउं टर    पर    का    कर्मचार ी,    ग्राहक    के    खाते    नंबर    और    नाम    की    पुष्टि    करे गा ",53,16
3348,और आपको पैसा मिल जाएगा,और    आपको    पैसा    मिल    जाए गा ,18,6
3349,धन्यवाद,ध न्य वाद ,7,3
3350,मैं आपके लिए और क्या कर सकता हूँ,मैं    आपके    लिए    और    क्या    कर    सकता    हूँ ,25,8
3351,मुझे एक और मदद चाहिए,मुझे    एक    और    मदद    चाहिए ,16,5
3352,मैं पैसा निकालने के बाद खाते में बची रकम कैसे जान सकता हूं,मैं    पैसा    निका लने    के    बाद    खाते    में    ब ची    र कम    कैसे    जान    सकता    हू ं ,46,17
3353,"सर, प्लीज़ काउंटर स्टाफ़ से पासबुक में बची रकम डालने के लिए कहें","सर ,    प् ली ज़    काउं टर    स्टा फ़    से    पा सब ुक    में    ब ची    र कम    डा लने    के    लिए    क हें ",52,24
3354,ठीक है,ठीक    है ,5,2
3355,बहुत-बहुत धन्यवाद,बहु त- बहुत    ध न्य वाद ,16,6
3356,वेलकम सर,वे ल कम    सर ,7,4
3357,ख़ास कस्टमर होने के लिए धन्यवाद,ख़ ा स    क स्ट मर    होने    के    लिए    ध न्य वाद ,26,12
3358,फिर आइयेगा,फिर    आइ ये गा ,9,4
3359,क्या आपको स्पोर्ट्स पर बनी फ़िल्में पसंद हैं,क्या    आपको    स् पोर्ट्स    पर    बनी    फ़िल् में    पसंद    हैं ,37,10
3360,ऐसी वाली जिनमें वे असली खिलाड़ियों की कहानी बताते हैं,ऐसी    वाली    जिनमें    वे    अस ली    खिलाड़ियों    की    कहानी    बताते    हैं ,44,11
3361,उससे कितनी प्रेरणा मिलती है,उससे    कितनी    प्रेर णा    मिलती    है ,23,6
3362,"मैंने मैरी कॉम देखी, उसके बाद से मुझे ये फ़िल्में पसंद आने लगी","मैंने    मै री    कॉ म    देख ी,    उसके    बाद    से    मुझे    ये    फ़िल् में    पसंद    आने    लगी ",50,17
3363,मुझे उसे देखकर बहुत अच्छा लगा,मुझे    उसे    देखकर    बहुत    अच्छा    लगा ,24,6
3364,हाँ ऐसी फ़िल्में मुझे भी बहुत पसंद हैं,हाँ    ऐसी    फ़िल् में    मुझे    भी    बहुत    पसंद    हैं ,31,9
3365,मेरी पसंदीदा भाग मिल्खा भाग है,मेरी    पसंदीदा    भाग    मि ल् खा    भाग    है ,25,8
3366,ये एथलीट मिल्खा सिंह के बारे में 2013 में आई फ़िल्म है,ये    ए थ ली ट    मि ल् खा    सिंह    के    बारे    में    2013    में    आई    फ़िल्म    है ,43,17
3367,क्या आपको पता है कि वे कितने गज़ब के इनसान हैं,क्या    आपको    पता    है    कि    वे    कि तने    ग ज़ ब    के    इन सान    हैं ,36,15
3368,उन्हें द फ़्लाइंग सिख के नाम से भी जाना जाता है,उन्हें    द    फ़् लाइ ंग    सिख    के    नाम    से    भी    जाना    जाता    है ,37,13
3369,हाँ मुझे वह शख़्स बहुत पसंद है,हाँ    मुझे    वह    श ख़ ् स    बहुत    पसंद    है ,24,10
3370,वे एकमात्र ऐसे एथलीट हैं जिन्होंने एशियाई खेलों और राष्ट्रमंडल खेलों में 400 मीटर में स्वर्ण जीता,वे    एकमात्र    ऐसे    ए थ ली ट    हैं    जिन्होंने    एशियाई    खेलों    और    राष्ट्र मंडल    खेलों    में    400    मीटर    में    स्वर्ण    जीता ,81,21
3371,है ना बेहतरीन,है    ना    बेह तरी न ,11,5
3372,उन्होंने 1958 और 1962 एशियाई खेलों में भी स्वर्ण पदक जीते,उन्होंने    195 8    और    196 2    एशियाई    खेलों    में    भी    स्वर्ण    पदक    जी ते ,47,14
3373,मुझे एक दिन उनके जैसा बनना है,मुझे    एक    दिन    उनके    जैसा    बन ना    है ,23,8
3374,उन्हें पद्म श्री मिला है,उन्हें    पद् म    श्री    मिला    है ,20,6
3375,मैं उनके जैसा शानदार एथलीट बनने के बाद इसे हासिल करना चाहता हूं,मैं    उनके    जैसा    शानदार    ए थ ली ट    बनने    के    बाद    इसे    हासिल    करना    चाहता    हू ं ,51,17
3376,और वो रेस जिसमें वे चौथे स्थान पर आए थे,और    वो    रे स    जिसमें    वे    चौथे    स्थान    पर    आए    थे ,30,11
3377,1960 के ओलंपिक खेलों में 400-मीटर फ़ाइनल,1960    के    ओलंपिक    खेलों    में    40 0- मीटर    फ़ा इनल ,34,10
3378,मुझे लगता है कि उन्हें सबसे ज़्यादा इसी के लिए याद किया जाता है,मुझे    लगता    है    कि    उन्हें    सबसे    ज़्यादा    इसी    के    लिए    याद    किया    जाता    है ,50,14
3379,मुझे एक बार उन पर प्रोजेक्ट रिपोर्ट लिखनी थी,मुझे    एक    बार    उन    पर    प्रो जे क्ट    रिपोर्ट    लिख नी    थी ,36,12
3380,मैंने उनके बारे में बहुत पढ़ा था,मैंने    उनके    बारे    में    बहुत    पढ़ ा    था ,26,8
3381,"उस समय वे चौथे स्थान पर आए थे, उन्होंने भारतीय राष्ट्रीय रिकॉर्ड बनाया जो शायद 40 साल तक टूट नहीं सका था","उस    समय    वे    चौथे    स्थान    पर    आए    थे,    उन्होंने    भारतीय    राष्ट्रीय    रिकॉर्ड    बनाया    जो    शायद    40    साल    तक    टूट    नहीं    स का    था ",83,23
3382,मैंने बड़े होते-होते उनके बारे में बहुत सुना,मैंने    बड़े    हो ते - होते    उनके    बारे    में    बहुत    सु ना ,37,12
3383,मेरे पिताजी उनके कट्टर प्रशंसक थे,मेरे    पि ता जी    उनके    क ट् टर    प्र श ंसक    थे ,28,12
3384,मैंने उनकी आत्मकथा भी पढ़ी है,मैंने    उनकी    आत्म कथा    भी    पढ़ ी    है ,24,8
3385,उसे पढ़ने के बाद मैंने सोचा कि मुझे उनकी फ़िल्म भी देखनी चाहिए,उसे    पढ़ ने    के    बाद    मैंने    सोचा    कि    मुझे    उनकी    फ़िल्म    भी    देख नी    चाहिए ,50,15
3386,वह बेहद शानदार थी,वह    बेहद    शानदार    थी ,14,4
3387,फ़िल्म को कई अवॉर्ड भी मिले,फ़िल्म    को    कई    अव ॉर् ड    भी    मिले ,22,8
3388,फरहान अख़्तर ने बढ़िया काम किया,फर हा न    अ ख़ ् तर    ने    बढ़ िया    काम    किया ,26,12
3389,यह बहुत अच्छा होगा अगर तुम महान एथलीट मिल्खा सिंह जैसे बनो,यह    बहुत    अच्छा    होगा    अगर    तुम    महान    ए थ ली ट    मि ल् खा    सिंह    जैसे    बन ो ,47,18
3390,"हैलो, क्या यह जयपुर सिटी पैलेस है","है लो ,    क्या    यह    जय पुर    सिटी    पै लेस    है ",27,11
3391,"जी हाँ, मैं आपकी किस प्रकार सहायता कर सकती हूँ","जी    हा ँ,    मैं    आपकी    किस    प्रकार    सहायता    कर    सकती    हूँ ",37,11
3392,मैं वेरा ब्रांड से कॉल कर रहा हूँ,मैं    वे रा    ब्रांड    से    कॉल    कर    रहा    हूँ ,26,9
3393,हम चेन्नई में स्थित एक इंटरनेशनल लक्ज़री ब्रांड हैं,हम    चेन्नई    में    स्थित    एक    इंटर नेशनल    ल क् ज़ री    ब्रांड    हैं ,43,13
3394,मैं एक फोटोशूट के लिए महल में जाने देने की रिक्वेस्ट के लिए कॉल कर रहा हूँ,मैं    एक    फो टो शू ट    के    लिए    महल    में    जाने    देने    की    रि क् वेस्ट    के    लिए    कॉल    कर    रहा    हूँ ,58,22
3395,हम एक नया प्रोडक्ट रिलीज़ कर रहे हैं,हम    एक    नया    प्रो ड क्ट    रिलीज़    कर    रहे    हैं ,29,10
3396,"ओके, इसका इंतज़ाम हो सकता है","ओ के ,    इसका    इंत ज़ा म    हो    सकता    है ",23,10
3397,"प्लीज़, क्या मैं आपका नाम जान सकती हूँ","प् ली ज़ ,    क्या    मैं    आपका    नाम    जान    सकती    हूँ ",31,11
3398,अनंत,अन ंत ,4,2
3399,क्या आपको किसी पहचान की ज़रूरत होगी,क्या    आपको    किसी    पहचान    की    ज़रू रत    हो गी ,29,9
3400,हमें कुछ डॉक्यूमेंट लगेंगे,हमें    कुछ    डॉ क्यू मेंट    लग े ंगे ,23,8
3401,"पहला, इस बात का ठोस सबूत कि ऐसी कोई कंपनी वास्तव में है","पह ला,    इस    बात    का    ठ ो स    सब ू त    कि    ऐसी    कोई    कंपनी    वास्तव    में    है ",43,18
3402,"दूसरा, इसमें शामिल पूरे दल की लिस्ट और उनकी पहचान","दूस रा,    इसमें    शामिल    पूरे    दल    की    लि स्ट    और    उनकी    पहचान ",40,12
3403,और इन चार्ज का पहचान प्रमाण,और    इन    चार् ज    का    पहचान    प्रमाण ,22,7
3404,अगर आपको डॉक्यूमेंट मेल कर दें तो चलेगा क्या,अगर    आपको    डॉ क्यू मेंट    मेल    कर    दें    तो    च ले गा    क्या ,36,13
3405,"हाँ, पर हमें शूट के दिन पहचान प्रमाण देखना होगा","हा ँ,    पर    हमें    शू ट    के    दिन    पहचान    प्रमाण    देख ना    होगा ",38,13
3406,"ठीक है, मैं समझ गया","ठीक    है,    मैं    समझ    गया ",15,5
3407,चार्ज और फ़ीस क्या हैं,चार् ज    और    फ़ ी स    क्या    हैं ,18,8
3408,भारतीय नागरिकों और रहवासियों के लिए पैकेज के आधार पर 200 या 300 रुपये फ़ीस होगी,भारतीय    नागरि कों    और    रह वा सियों    के    लिए    पै के ज    के    आधार    पर    200    या    300    रुपये    फ़ ी स    हो गी ,64,24
3409,म्यूज़ियम पैकेज में सभी पैलेस कोर्ट और गैलरियाँ शामिल हैं और बिना ट्राइपॉड के कैमरा,म्यू ज़ ियम    पै के ज    में    सभी    पै लेस    को र्ट    और    गै ल र ियाँ    शामिल    हैं    और    बिना    ट ्राइ पॉ ड    के    कैम रा ,69,28
3410,कम्पोज़िट पैकेज में इस सब के साथ जयगढ़ और रॉयल सेनोटाफ़ शामिल हैं,क म् पो ज़ि ट    पै के ज    में    इस    सब    के    साथ    जय गढ़    और    रॉ यल    से नो टा फ़    शामिल    हैं ,53,24
3411,विदेशियों से कम्पोज़िट पैकेज के लिए 700 रुपये लिए जाएँगे,वि देश ियों    से    क म् पो ज़ि ट    पै के ज    के    लिए    7 00    रुपये    लिए    जाए ँ गे ,47,21
3412,क्या हम रात को महल में जा सकते हैं,क्या    हम    रात    को    महल    में    जा    सकते    हैं ,26,9
3413,"हाँ आप जा सकते हैं, वो एक अलग पैकेज है","हाँ    आप    जा    सकते    हैं,    वो    एक    अलग    पै के ज    है ",29,12
3414,उसमें आपको भारतीयों के लिए 500 रुपये और विदेशियों के लिए 1000 रुपये लगेंगे,उसमें    आपको    भारती यों    के    लिए    500    रुपये    और    वि देश ियों    के    लिए    10 00    रुपये    लग े ंगे ,61,20
3415,स्पेशल टिकट भी उपलब्ध हैं जिससे खास आपको जाने का मौका मिलता है,स् पेश ल    टिकट    भी    उपलब्ध    हैं    जिससे    खास    आपको    जाने    का    मौका    मिलता    है ,50,15
3416,आप अधिक जानकारी के लिए हमारी वेबसाइट देख सकते हैं,आप    अधिक    जानकारी    के    लिए    हमारी    वेबसाइट    देख    सकते    हैं ,40,10
3417,अगर कोई इस हफ़्ते आकर बुकिंग करे तो ठीक रहेगा क्या,अगर    कोई    इस    ह फ़् ते    आ कर    बु किंग    कर े    तो    ठीक    रहे गा    क्या ,40,17
3418,"हाँ, ऐसा ठीक रहेगा","हा ँ,    ऐसा    ठीक    रहे गा ",15,6
3419,कॉल करने के लिए धन्यवाद,कॉल    करने    के    लिए    ध न्य वाद ,19,7
3420,"हाय बिश्नू, आजकल क्या कर रहे हो तुम","हा य    बि श् नू ,    आ ज कल    क्या    कर    रहे    हो    तुम ",28,14
3421,क्या तुम हाल में किसी बाइक राइड पर गए,क्या    तुम    हाल    में    किसी    बाइ क    राइ ड    पर    गए ,29,11
3422,मैंने तुम्हारी कुछ तस्वीरें देखी,मैंने    तुम्ह ारी    कुछ    तस्वी र ें    देखी ,28,8
3423,"नहीं, वो बहुत पहले की किसी राइड की थीं","नही ं,    वो    बहुत    पहले    की    किसी    राइ ड    की    थीं ",30,11
3424,मेरा पूरा हफ़्ता वाकई बिज़ी रहा तो मैं राइड के लिए टाइम नहीं निकाल पाया,मेरा    पूरा    ह फ़् ता    वा कई    बि ज़ी    रहा    तो    मैं    राइ ड    के    लिए    टाइ म    नहीं    निकाल    पाया ,57,21
3425,लेकिन मैं इस वीकेंड पर जा रहा हूँ,लेकिन    मैं    इस    वी के ंड    पर    जा    रहा    हूँ ,26,10
3426,और तुम्हारा क्या चल रहा है; क्या तुम अपनी म्यूज़िक प्रैक्टिस कर रही हो,और    तुम्ह ारा    क्या    चल    रहा    है;    क्या    तुम    अपनी    म्यू ज़ िक    प्र ै क् टिस    कर    रही    हो ,57,20
3427,"हाँ, मुझे जब भी थोड़ा खाली समय मिलता है तो मैं करती हूँ","हा ँ,    मुझे    जब    भी    थोड़ा    खाली    समय    मिलता    है    तो    मैं    करती    हूँ ",43,14
3428,"मेरे दिन भी बहुत व्यस्त रहते हैं, तुम्हें तो पता ही है","मेरे    दिन    भी    बहुत    व्य स्त    रहते    हैं,    तुम्हें    तो    पता    ही    है ",43,13
3429,मैं रोज़ाना रियाज़ करना भी मैनेज नहीं कर पाती,मैं    रो ज़ा ना    रिया ज़    करना    भी    मै ने ज    नहीं    कर    पा ती ,37,15
3430,"खैर, क्या तुम वाकई इस वीकेंड पर फ़्री हो","ख ै र,    क्या    तुम    वा कई    इस    वी के ंड    पर    फ़ ्र ी    हो ",32,16
3431,तुम राइड पर जाने के लिए कैसे समय निकालने वाले हो,तुम    राइ ड    पर    जाने    के    लिए    कैसे    समय    निका लने    वाले    हो ,38,13
3432,असल में मैंने कुछ दिन ओवरटाइम करके अपना टार्गेट पूरा कर लिया है,अ सल    में    मैंने    कुछ    दिन    ओ वर टाइ म    करके    अपना    टा र् गे ट    पूरा    कर    लिया    है ,51,20
3433,"तो, मैं इस वीकेंड फ़्री हूँ","तो ,    मैं    इस    वी के ंड    फ़ ्र ी    हूँ ",22,11
3434,मुझे तरो-ताज़ा होने के लिए फ्री टाइम की बहुत ज़रूरत है,मुझे    त रो - ता ज़ा    होने    के    लिए    फ्र ी    टाइ म    की    बहुत    ज़रू रत    है ,44,18
3435,"सिर्फ़ अपना शौक पूरा करके ऐसा किया जा सकता है, है ना","सिर् फ़    अपना    शौ क    पूरा    करके    ऐसा    किया    जा    सकता    है,    है    ना ",41,14
3436,"हाँ, तुम ठीक कहते हो","हा ँ,    तुम    ठीक    कहते    हो ",16,6
3437,मुझे भी अपने लिए टाइम चाहिए,मुझे    भी    अपने    लिए    टाइ म    चाहिए ,22,7
3438,मैं भी इस शुक्रवार को गायन प्रतियोगिता में भाग लेने की सोच रही हूँ,मैं    भी    इस    शु क्र वार    को    गा यन    प्रतियोगिता    में    भाग    लेने    की    सोच    रही    हूँ ,53,17
3439,मुझे उम्मीद है कि इससे मुझे अपनी पसंदीदा ऐक्टिविटी से फिर से जुड़ने का मौका मिलेगा,मुझे    उम्मीद    है    कि    इससे    मुझे    अपनी    पसंदीदा    ऐ क् टि वि टी    से    फिर    से    जु ड़ने    का    मौका    मिले गा ,67,22
3440,इतने बिज़ी शेड्यूल के बावजूद तुम अपनी हॉबी बनाए रखने के लिए अपना टाइम कैसे मैनेज करती हो,इतने    बि ज़ी    शे ड ्यू ल    के    बावजूद    तुम    अपनी    हॉ बी    बनाए    रखने    के    लिए    अपना    टाइ म    कैसे    मै ने ज    करती    हो ,71,26
3441,मैं अपना काम शुरू करने से पहले रोज़ाना रियाज़ करने की कोशिश करती हूँ,मैं    अपना    काम    शुरू    करने    से    पहले    रो ज़ा ना    रिया ज़    करने    की    कोशिश    करती    हूँ ,55,17
3442,और मैं कोशिश करती हूँ कि मेरा कोई काम पेंडिंग न रहे,और    मैं    कोशिश    करती    हूँ    कि    मेरा    कोई    काम    पे ंडि ंग    न    रहे ,40,14
3443,ताकि मुझे उन चीज़ों के लिए कुछ टाइम मिल सके जो मुझे पसंद हैं,ताकि    मुझे    उन    चीज़ ों    के    लिए    कुछ    टाइ म    मिल    सके    जो    मुझे    पसंद    हैं ,47,16
3444,"इस तरह से, मैं अपने वीकेंड म्यूज़िक सुनने और प्रैक्टिस भी करने में बिता सकती हूँ","इस    तरह    से,    मैं    अपने    वी के ंड    म्यू ज़ िक    सुन ने    और    प्र ै क् टिस    भी    करने    में    बि ता    सकती    हूँ ",65,25
3445,मैं भी बिल्कुल ऐसा ही करने की कोशिश करता हूँ,मैं    भी    बिल् कुल    ऐसा    ही    करने    की    कोशिश    करता    हूँ ,35,11
3446,लेकिन पिछले कुछ हफ़्ते बहुत व्यस्त रहे,लेकिन    पिछले    कुछ    ह फ़् ते    बहुत    व्य स्त    रहे ,32,10
3447,"फिर भी, मैंने ये वीकेंड मैनेज कर लिया है","फिर    भी,    मैंने    ये    वी के ंड    मै ने ज    कर    लिया    है ",32,13
3448,तुम किस तरह की गायन प्रतियोगिता में भाग ले रही हो,तुम    किस    तरह    की    गा यन    प्रतियोगिता    में    भाग    ले    रही    हो ,39,12
3449,यह एक तरह की इंटर-ऑफ़िस गायन प्रतियोगिता है,यह    एक    तरह    की    इ ंट र- ऑ फ़ि स    गा यन    प्रतियोगिता    है ,36,14
3450,मैं इस प्रतियोगिता में अपने ऑफ़िस की तरफ से जा रही हूँ,मैं    इस    प्रतियोगिता    में    अपने    ऑ फ़ि स    की    तरफ    से    जा    रही    हूँ ,43,14
3451,मैं इसे लेकर बहुत एक्साइटेड हूँ,मैं    इसे    लेकर    बहुत    एक् साइ टेड    हूँ ,26,8
3452,"यह बढ़िया है, तुम्हें उसमें भाग लेना चाहिए","यह    बढ़ िया    है,    तुम्हें    उसमें    भाग    लेना    चाहिए ",35,9
3453,मेरी शुभकामनाएँ,मेरी    शु भ का मना एँ ,14,6
3454,बहुत धन्यवाद,बहुत    ध न्य वाद ,11,4
3455,तुम्हारी भी ट्रिप सुरक्षित रहे,तुम्ह ारी    भी    ट्रि प    सुरक्षित    रहे ,26,7
3456,"धन्यवाद, लेलिना","ध न्य वा द,    ले लि ना ",14,7
