sentence_index,original_sentence,tokenized_sentence,token_count
1,"தோற்றம் என்பது சேவை ஊழியரின் காலணிகள், உடை, டை, நகை, சிகையலங்காரம், மேக்-அப், கைக்கடிகாரம், அழகு சாதனங்கள், நறுமணம் போன்ற அவர் சார்ந்த பண்புகளின் ஒரு தொகுப்பைக் குறிக்கிறது","தோ ற்றம்   என்பது   சேவை   ஊழி ய ரின்   கால ணி கள்,   உடை ,   டை ,   நகை ,   சி கைய ல ங்கா ர ம்,   மே க் - அ ப் ,   கை க்கடி கார ம்,   அழ கு   சா தன ங்கள்,   ந று மணம்   போன்ற   அவர்   சார்ந்த   பண் பு களின்   ஒரு   தொகு ப்பை க்   குறி க்கிற து",53
2,"மகாராஷ்டிரத்தின் அவுரங்காபாத் மாவட்டத்தில் உள்ள அஜந்தாவில் இருபத்தி ஒன்பது சைத்யா மற்றும் விஹாரா குகைகள் உள்ளன, அவற்றை கிமு முதலாம் நூற்றாண்டு முதல் கிபி ஐந்தாம் நூற்றாண்டு வரையிலான சிற்பங்களும் ஓவியங்களும் அலங்கரித்துள்ளன","மகா ராஷ்டி ர த்தின்   அவு ர ங்கா பாத்   மாவட்டத்தில்   உள்ள   அ ஜ ந்தா வில்   இரு ப த்தி   ஒ ன்ப து   சை த்யா   மற்றும்   வி ஹா ரா   குகை கள்   உள்ளன,   அவற்றை   கி மு   முதலாம்   நூற்றாண்டு   முதல்   கிபி   ஐ ந்தா ம்   நூற்றாண்டு   வரையிலான   சிற்ப ங்களும்   ஓ விய ங்களும்   அல ங்க ரி த்து ள்ள ன",52
3,உடல் நிறம் ஓரங்களுடன் கலந்து பருமனான தோற்றத்தைத் தருகிறது,உடல்   நிற ம்   ஓ ர ங்களுடன்   கல ந்து   ப ரு ம னான   தோ ற்ற த்தை த்   த ரு கிறது,19
4,"சிற்பங்களுக்கும் மாபெரும் நினைவுச் சின்னங்களுக்கும் அசோகர் பெரியளவில் கற்களைப் பயன்படுத்தத் தொடங்கினார், ஆனால் அதற்கு முன்பு மரம் மற்றும் களிமண்ணைப் பயன்படுத்துவதே மரபாக இருந்தது","சிற்ப ங்களு க்கும்   மாபெரும்   நினைவு ச்   சி ன்ன ங்களு க்கும்   அசோ கர்   பெரிய ளவில்   கற் களை ப்   பயன்படுத்த த்   தொடங்கி னார்,   ஆனால்   அதற்கு   முன்பு   ம ரம்   மற்றும்   களி மண் ணை ப்   ப யன்படு த்துவ தே   மர பாக   இருந்த து",39
5,"மகாராஷ்டிராவின் இந்தப் புகழ்பெற்ற அறுசுவை உணவில், மசாலாக்களுடன் பிசைந்து கடலைமாவில் துவைத்து எண்ணெயில் பூரணமாகப் பொரித்த உருளைக்கிழங்குகள் உள்ளன","மகாராஷ்டிரா வின்   இந்த ப்   புகழ்பெற்ற   அறு சு வை   உண வில்,   ம சா லா க்க ளு டன்   பி சை ந்து   கட லை மா வில்   து வைத்து   எண் ணெ யில்   பூ ரணமாக ப்   பொ ரி த்த   உரு ளை க்கி ழ ங்கு கள்   உள்ளன",41
6,"செட்டிநாடு சமையல் என்பது, தமிழ்நாட்டின் செட்டிநாடுப் பகுதியைச் சேர்ந்த நாட்டுக்கோட்டை செட்டியார்கள் அல்லது, அவர்களே தங்களை அழைத்துக்கொள்வது போல, நகரத்தார்கள் என்ற சமூகத்தினரின் சமையல் பக்குவம் ஆகும்","செ ட்டி நாடு   ச மை யல்   என்ப து,   தமிழ்நாட்டின்   செ ட்டி நாடு ப்   பகுதி யை ச்   சேர்ந்த   நாட்டு க்கோட்டை   செ ட்டி யா ர்கள்   அல்ல து,   அவர்க ளே   த ங்களை   அழை த்துக்கொ ள் வது   போல ,   நகர த்தா ர்கள்   என்ற   சமூக த்தின ரின்   ச மை யல்   ப க்கு வம்   ஆ கும்",50
7,"லவங்கப்பட்டை பூர்வீகமாக இந்தியாவில் விளையக்கூடியது, ஆக அது மணப்பொருள் முதல் மருந்துப்பொருள் வரை பலதரப்பட்ட பயன்பாடுகள் கொண்டுள்ளது","ல வங்க ப்ப ட்டை   பூர் வீ கமாக   இந்தியாவில்   விளை ய க்கூடிய து,   ஆக   அது   மண ப்பொருள்   முதல்   ம ருந்து ப்பொருள்   வரை   பல தர ப்பட்ட   பயன் பாடு கள்   கொண்டு ள்ள து",30
8,இதை ஒரு மாவு இடிக்கும் கல்லில் அல்லது உரலில் போட்டு மாவுப் பொடியாக ஆக்கவும்,இதை   ஒரு   மா வு   இ டி க்கும்   கல் லில்   அல்லது   உ ர லில்   போ ட்டு   மா வு ப்   பொ டியாக   ஆ க்கவும்,22
9,"பஞ்சாபின் ஒவ்வொரு நகரமும் வெவ்வேறு விருப்பங்கள் கொண்டுள்ளது, எடுத்துக்காட்டாக அம்ரித்சர் மக்களுக்கு அம்ரித்சரி குல்ச்சே, ஸ்டஃப்டு பராத்தா மற்றும் பால் ஆகாரங்கள் மீது தனிப் பிரியம்","பஞ்சா பின்   ஒவ்வொரு   நகர மும்   வெவ்வேறு   விருப்ப ங்கள்   கொண்டு ள்ள து,   எடுத்து க்கா ட்டாக   அம் ரி த் சர்   மக்க ளுக்கு   அம் ரி த் சரி   கு ல் ச்சே ,   ஸ் டஃ ப் டு   பரா த்தா   மற்றும்   பால்   ஆ கார ங்கள்   மீது   தனி ப்   பி ரிய ம்",45
10,"ராமனை முனிவருடன் அனுப்பு, லக்ஷ்மணனையும் அவருடன் அனுப்பு","ராம னை   மு னி வரு டன்   அனுப்பு ,   ல க் ஷ் மண னை யும்   அவ ருடன்   அனுப்பு",17
11,எனினும் மங்கள் பாண்டேயின் வீரச் செயல் ஓர் உயரிய உன்னதமான இலட்சியத்தை நோக்கி அமைந்திருந்தது,எனினும்   ம ங்கள்   பா ண்டே யின்   வீர ச்   செயல்   ஓர்   உய ரிய   உ ன்ன தமான   இல ட்சி ய த்தை   நோக்கி   அமை ந்தி ருந்த து,24
12,"வெங்காயத்தின் நிறம் மாறியதும் ஊறவைக்கப்பட்ட இறைச்சியுடன் மஞ்சள் பொடி சேர்த்து சிறிது நேரம் வதக்கவும், மசாலா பொருட்கள் அனைத்தும் இறைச்சியில் நன்கு பிடிக்கும் வரை, அதாவது சுமார் 5-6 நிமிடங்கள் இவ்வாறு வதக்கவும்","வெ ங்கா ய த்தின்   நிற ம்   மா றிய தும்   ஊ ற வை க்கப்பட்ட   இ றை ச்சி யுடன்   ம ஞ்ச ள்   பொ டி   சேர்த்து   சிறிது   நேரம்   வ த க்க வும்,   ம சா லா   பொருட்கள்   அனைத்து ம்   இ றை ச்சி யில்   நன்கு   பிடி க்கும்   வரை,   அதாவது   சுமார்   5 - 6   நிமிட ங்கள்   இவ் வாறு   வ த க்கவும்",55
13,"ஹிதோபதேசம் என்பது பறவைகள், விலங்குகள் மற்றும் மனிதர்களைக் கதாபாத்திரங்களாகக் கொண்டு உலகியல் ஞானத்தைப் போதிக்கும் புத்தகம்","ஹி தோ ப தேச ம்   என்பது   பறவை கள்,   விலங்கு கள்   மற்றும்   மனி தர் களை க்   கதாபாத்திர ங்களாக க்   கொண்டு   உல கி யல்   ஞா ன த்தை ப்   போதி க்கும்   புத்த கம்",30
14,"சம்ஸ்கிருத மொழிப் புலமை, விவேகமான நடைமுறை அறிவு ஆகியவற்றை ஊக்குவிப்பதே இந்தப் புத்தகத்தின் நோக்கமாகத் தெரிகிறது","சம் ஸ் கிரு த   மொழி ப்   பு ல மை ,   வி வேக மான   நடைமுறை   அறிவு   ஆகியவற்றை   ஊக்குவி ப்ப தே   இந்த ப்   புத்தக த்தின்   நோக்க மாக த்   தெரி கிறது",28
15,"பேராசிரியர் அசித்குமார் பந்தோபாத்யாய் 1994 & 1995இல் தனது சொந்த ஊராகிய ஹவுராவின் முழுமையான வரலாற்றைத் தொகுப்பதில் ஒரு முன்னோடியாகப் பங்கு வகித்தார், அதற்கு ஹவுரா சாஹரேர் இதிப்ரிதோ (முதல் மற்றும் இரண்டாம் தொகுப்பு) எனப் பெயரிடப்பட்டது","பே ரா சிரிய ர்   அ சி த் குமார்   ப ந்தோ பாத் யா ய்   199 4   &   199 5இல்   தனது   சொந்த   ஊ ரா கிய   ஹ வு ரா வின்   முழு மையான   வரலா ற்றை த்   தொகு ப்பதில்   ஒரு   முன் னோ டியாக ப்   பங்கு   வகி த்தார்,   அதற்கு   ஹ வு ரா   சா ஹ ரே ர்   இ தி ப் ரி தோ   ( முதல்   மற்றும்   இரண்டாம்   தொகு ப்பு )   என ப்   பெய ரிட ப்பட்ட து",68
16,"சைத்திய மண்டபத்தின் முகப்பில் அரைவட்ட சைத்திய முன்வளைவின் பாங்கு பிரதானமாகத் தோற்றமளிக்கிறது, அதில் வெளிப்புற மர வேலைப்பாட்டுடன் ஒரு திறந்தநிலை முன்பக்கம் உள்ளது, சில இடங்களில் அந்தப் பிரதானமாகத் தோன்றும் சைத்திய முன்வளைவு ஜன்னல் இருப்பதில்லை","சை த்திய   மண்ட ப த்தின்   முக ப்பில்   அ ரை வட்ட   சை த்திய   முன் வளை வின்   பா ங்கு   பிரதான மாக த்   தோ ற்ற மளி க்கிற து,   அதில்   வெளி ப்புற   மர   வேலை ப்பா ட்டு டன்   ஒரு   திற ந்த நிலை   மு ன்ப க்கம்   உள்ளது,   சில   இடங்களில்   அந்த ப்   பிரதான மாக த்   தோன்று ம்   சை த்திய   முன் வளை வு   ஜ ன்ன ல்   இருப்ப தில் லை",61
17,"தலைமுறை தலைமுறைகளாக 'மஹராஜ்' மற்றும் 'கான்சாமாக்கள்' (இந்தியாவில் சமையல் நிபுணர்களுக்கு வழங்கும் பாரம்பரியப் பெயர்) நூற்றாண்டுகளின் காலவோட்டத்தில் சமையல் பக்குவங்களைப் பரிபூரணப் படுத்தியுள்ளனர், இந்தச் சமையல் பக்குவங்கள் ஆயிரக்கணக்கான ஆண்டுகளாக சொல்வழி மரபு மூலம் தொடர்ந்து வந்துள்ளன","தலை முறை   தலை முறை களாக   ' ம ஹ ராஜ் '   மற்றும்   ' கான் சா மா க்கள் '   ( இந்தியாவில்   ச மை யல்   நி பு ண ர் களுக்கு   வழங்கு ம்   பாரம்பரிய ப்   பெயர் )   நூற்றாண்டு களின்   கால வோ ட்ட த்தில்   ச மை யல்   ப க்கு வ ங்களை ப்   பரி பூ ரண ப்   படுத்தி யுள்ள னர்,   இந்த ச்   ச மை யல்   ப க்கு வ ங்கள்   ஆயி ர க்கணக்கான   ஆண்டு களாக   சொல் வழி   மர பு   மூலம்   தொடர்ந்து   வந்து ள்ள ன",77
18,"பாரம்பரியமாக, இந்த உணவுகளை வாஸ்தா வஸா எனும் தலைமைச் சமையல்காரரும் அவருக்கு உதவும் வஸாக்கள் எனும் சமையல்காரர்களின் குழுவும் தான் சமைப்பார்கள்","பாரம்பரிய மாக ,   இந்த   உணவு களை   வா ஸ்தா   வ ஸா   எனும்   தலைமை ச்   ச மை யல் கார ரும்   அவருக்கு   உத வும்   வ ஸா க்கள்   எனும்   ச மை யல் கார ர்களின்   குழு வும்   தான்   ச மை ப்பா ர்கள்",37
19,"பாவ் பாஜி மகாராஷ்டிரத்தைச் சேர்ந்த ஒரு துரித உணவு, அதில் வழக்கமாக வெண்ணையில் செய்யும் கெட்டியான காய்கறிக் குழம்பும் (பாஜி) அதனுடன் சேர்த்துச் சாப்பிட மிருதுவான ரொட்டித் துண்டும் (பாவ்) இருக்கும்","பா வ்   பா ஜி   மகா ராஷ்டி ர த்தை ச்   சேர்ந்த   ஒரு   து ரி த   உணவு ,   அதில்   வழக்கமாக   வெ ண் ணை யில்   செய்யும்   கெ ட்டி யான   காய் க றி க்   குழ ம்பு ம்   ( பா ஜி )   அத னுடன்   சேர்த்து ச்   சா ப்பிட   மி ரு து வான   ரொ ட்டி த்   து ண்டு ம்   ( பா வ் )   இருக்கும்",58
20,"லல் தத் மற்றும் ஹப்பா காத்தூனின் காஷ்மீரி கவிதைகள் மறைஞானப் போக்கும் தீவிர வேதனை வெளிப்பாடும் கொண்டுள்ளன, ராஜஸ்தானி மொழியில் உள்ள மீராபாய் கவிதைகள் தனித்துவமிக்க இறைபக்தித் தன்மைக்குப் பெயர்போனவை, தமிழில் ஆண்டாளின் மறைஞானக் கவிதைகளும் கன்னடத்தில் அக்கா மகாதேவியின் வசனங்களும் அந்தக் காலகட்டத்தின் இலக்கியத்திற்குப் பெண்கள் அளித்த மாபெரும் பங்களிப்பின் சான்றுகளாக விளங்குகின்றன","ல ல்   த த்   மற்றும்   ஹ ப்பா   கா த்தூ னின்   காஷ்மீ ரி   கவி தை கள்   மறை ஞா ன ப்   போ க்கும்   தீவிர   வே தனை   வெளி ப்பா டும்   கொண்டு ள்ள ன,   ராஜஸ்தா னி   மொழி யில்   உள்ள   மீ ரா பாய்   கவி தை கள்   தனித்துவ மிக்க   இ றை ப க்தி த்   தன் மை க்கு ப்   பெயர் போ ன வை ,   தமி ழி ல்   ஆ ண்டா ளின்   மறை ஞா ன க்   கவி தை களும்   க ன்ன ட த்தில்   அ க்கா   மகா தேவி யின்   வச ன ங்களும்   அந்த க்   காலகட்ட த்தின்   இலக்கிய த்திற்கு ப்   பெண்கள்   அளி த்த   மாபெரும்   பங்களி ப்பின்   சா ன்று களாக   விளங்கு கின்றன",100
21,பௌத்த சுவரோவியங்களைக் கொண்ட பாக் குகைகள் மத்தியப் பிரதேசத்தின் தார் மாவட்டத்திலிருந்து 97 கிலோமீட்டர் தொலைவில் அமைந்துள்ளன,பௌத்த   சு வ ரோ விய ங்களை க்   கொண்ட   பாக்   குகை கள்   மத்திய ப்   பிரதேச த்தின்   தார்   மாவட்ட த்திலிருந்து   9 7   கிலோமீட்டர்   தொலைவில்   அமைந்துள்ள ன,24
22,"சம்ஸ்கிருத இலக்கியத்தில் மூலா என்ற சொல் அதன் வழக்கமான பொருளில் ஒரு செடி அல்லது மரத்தின் வேரைக் குறிக்கிறது, எனினும் குறியீடு ரீதியாக அது ஒன்றின் அடிப்பாகம், கீழ்ப்பகுதி அல்லது அடிப்பகுதி என்பதைக் குறிக்கிறது","சம் ஸ் கிரு த   இலக்கிய த்தில்   மூ லா   என்ற   சொல்   அதன்   வழக்கமான   பொரு ளில்   ஒரு   செ டி   அல்லது   மர த்தின்   வே ரை க்   குறி க்கிற து,   எனினும்   குறி யீ டு   ரீதியாக   அது   ஒன்றி ன்   அடி ப்பாக ம்,   கீழ் ப்பகுதி   அல்லது   அடி ப்பகுதி   என்பதை க்   குறி க்கிற து",47
23,சிந்து சமவெளி நாகரிகம் பல்வேறு துறைகளைச் சார்ந்த தொழில்நுட்ப அறிவுக்குப் பிரசித்தி பெற்றது,சிந்து   சமவெளி   நா கரி கம்   பல்வேறு   துறை களை ச்   சார்ந்த   தொழில்நுட்ப   அறி வுக்கு ப்   பிர சி த்தி   பெற்ற து,19
24,"கௌரவர்கள் அனைவரும் மடிந்து போகிறார்கள், பஞ்ச பாண்டவர்களும் ஸ்ரீகிருஷ்ணரும் மட்டுமே உயிர்தப்புகின்றனர்","கௌ ர வர்கள்   அனை வரும்   ம டி ந்து   போ கிறா ர்கள்,   ப ஞ்ச   பா ண்ட வர் களும்   ஸ்ரீ கிருஷ்ண ரும்   மட்டுமே   உயி ர் த ப்பு கின்ற னர்",27
25,"போர் பதினெட்டு நாட்கள் உக்கிரமாக நடக்கிறது, இறுதியில் கௌரவர்கள் தோல்வியடைகின்றனர்","போர்   பதி னெ ட்டு   நாட் கள்   உ க்கிர மாக   நட க்கிற து,   இறுதியில்   கௌ ர வர்கள்   தோல்விய டை கின்ற னர்",20
26,"அஸ்தினாபுரத்தின் ஆட்சிக்கு வாரிசு யார் என்ற சண்டை தான் மகாபாரதத்தின் மையக் கதை, அந்த ராஜ்யம் இன்றைய தில்லியை அடுத்து வடக்கே இருந்தது, அதுவே பரதர்கள் என்று பொதுவாக அறியப்படும் கோத்திரத்தின் பூர்வீக நாடு","அ ஸ்தி னா புர த்தின்   ஆட்சி க்கு   வாரி சு   யார்   என்ற   சண்டை   தான்   மகா பாரத த்தின்   மைய க்   கதை ,   அந்த   ராஜ் யம்   இன்றைய   தில்லி யை   அ டுத்து   வடக்கே   இருந்த து,   அது வே   பர த ர்கள்   என்று   பொதுவாக   அறிய ப்படும்   கோ த்திர த்தின்   பூர் வீ க   நாடு",47
27,கர்நாடகத்தில் சைவம் உண்பவர்களின் எண்ணிக்கை அசைவம் உண்பவர்களின் எண்ணிக்கையை விட அதிகமாக இருப்பதால் அந்த மாநிலத்தின் உணவுப் பழக்கத்தில் பெரும்பாலும் சைவ உணவுகளே அடங்கியுள்ளன,கர்நா டக த்தில்   சை வம்   உண் பவர் களின்   எண்ணிக்கை   அ சை வம்   உண் பவர் களின்   எண்ணிக்கை யை   விட   அதிகமாக   இருப்ப தால்   அந்த   மாநிலத்தின்   உணவு ப்   பழ க்க த்தில்   பெரும்பாலும்   சை வ   உணவு க ளே   அட ங்கி யுள்ள ன,38
28,"அவருக்கு சஞ்சயன் பதிலளித்து, போர்க்களத்தில் என்ன நடக்கிறது என்பதைக் கூறுகிறார்","அவருக்கு   ச ஞ்ச யன்   பதி ல ளி த்து,   போர் க்க ள த்தில்   என்ன   நட க்கிற து   என்பதை க்   கூறு கிறா ர்",21
29,"தமிழில் சிலப்பதிகாரம், மணிமேகலை என்ற இரு காப்பியங்கள் உள்ளன","தமி ழி ல்   சில ப்பதி கார ம்,   மணி மே கலை   என்ற   இரு   கா ப்பிய ங்கள்   உள்ளன",16
30,இந்தப் பகுதியில் மிளகாய்ப் பொடி எச்சரிக்கையுடன் பயன்படுத்தப்படுகிறது,இந்த ப்   பகுதியில்   மி ள காய் ப்   பொ டி   எ ச்சரி க்கை யுடன்   பயன்படுத்த ப்படு கிறது,16
31,"யோகா என்ற சொல் யுஜ் என்ற சம்ஸ்கிருத வேர்ச்சொல்லிருந்து பிறக்கிறது, அதற்கு இணைத்தல், பிணைத்துக் கட்டுதல் அல்லது ஒன்றுபடுதல் என்று அர்த்தம்","யோகா   என்ற   சொல்   யு ஜ்   என்ற   சம் ஸ் கிரு த   வே ர் ச் சொல் லிருந்து   பிற க்கிற து,   அதற்கு   இணை த்த ல்,   பி ணை த்து க்   கட்டு தல்   அல்லது   ஒன்று படு தல்   என்று   அர் த்தம்",35
32,"இன்றைய ஒடிசி நடனம், ஒரிசாவின் கோவில் சுவர்களில் பல்வேறு படிவப்பாங்கு சார்ந்து செதுக்கப்பட்டுள்ள எண்ணற்ற சிற்பங்களிலிருந்து உருவாகி வளர்ந்துள்ளது","இன்றைய   ஒடி சி   நடன ம்,   ஒ ரி சா வின்   கோவில்   சு வர் களில்   பல்வேறு   படி வ ப்பா ங்கு   சார் ந்து   செது க்கப்பட்டுள்ள   எண் ண ற்ற   சிற்ப ங்களிலிருந்து   உருவா கி   வளர் ந்துள்ள து",32
33,"வசிஸ்தர் இப்போது அரசரை நோக்கி, ""அரசே, நீங்கள் வாக்குறுதி அளித்துவிட்டால் பிறகு அதை மறுப்பது உங்களுக்கு உகந்ததல்ல"" என்று மென்மையாகக் கூறினார்","வசி ஸ் தர்   இப்போது   அரச ரை   நோக்கி ,   "" அர சே ,   நீங்கள்   வாக்கு றுதி   அளி த்து விட்டா ல்   பிறகு   அதை   மறு ப்பது   உங்களுக்கு   உ கந்த த ல்ல ""   என்று   மெ ன்மை யாக க்   கூறி னார்",36
34,அர்ஜுனர் எந்தளவுக்கு நிராசை அடைந்துள்ளார் என்பதை உணரும்போது தான் கிருஷ்ணர் தனது எண்ணத்தை மாற்றிக் கொண்டு இவ்வுலகில் தர்மச் செயல்கள் இயங்கும் இரகசியங்களைக் கற்பிக்கத் தொடங்குகிறார்,அர் ஜு னர்   எந்த ள வுக்கு   நி ரா சை   அடை ந்து ள்ளா ர்   என்பதை   உண ரும் போது   தான்   கிருஷ்ண ர்   தனது   எண் ணத்தை   மாற்றி க்   கொண்டு   இவ் வு ல கில்   தர் ம ச்   செயல் கள்   இய ங்கும்   இர க சிய ங்களை க்   கற் பி க்க த்   தொடங்கு கிறா ர்,49
35,குழாயில் அரிசிமாவைச் சேர்க்கும்போது இடையிடையே சிறிது துருவிய தேங்காயும் சேர்த்துக் கொள்ளலாம்,கு ழா யில்   அரி சி மா வை ச்   சேர் க்கும் போது   இடை யி டையே   சிறிது   துரு விய   தே ங்கா யும்   சேர்த்து க்   கொள்ள லாம்,24
36,முதலில் அந்தக் குழாய்க்குள் ஒரு கரண்டி நிரம்ப துருவிய தேங்காயையும் அதன்பின் நன்றாகக் கலந்த அரிசிமாவையும் சேர்க்க வேண்டும்,முதலில்   அந்த க்   கு ழா ய் க்குள்   ஒரு   கர ண்டி   நி ரம்ப   துரு விய   தே ங்கா யையும்   அதன் பின்   ந ன்றா க க்   கல ந்த   அரி சி மா வையும்   சேர் க்க   வேண்டும்,32
37,"மஹாராஜா ரஞ்சித் சிங் அளித்த கொடையின் பலனாக சுமார் கிபி 1835இல் நான்டடில் நுட்பமாகச் செதுக்குவேலை செய்யப்பட்ட பிரமாண்டமான பொன் மாடம் வீற்றுள்ள ஓர் அழகான, மனதைக் கொள்ளைகொள்கிற குருத்வாரா கட்டப்பட்டது","மஹா ராஜா   ர ஞ்சி த்   சிங்   அளி த்த   கொ டை யின்   பல னாக   சுமார்   கிபி   18 3 5இல்   நான் ட டி ல்   நுட்ப மாக ச்   செது க்கு வேலை   செய்யப்பட்ட   பிர மா ண்ட மான   பொ ன்   மா டம்   வீ ற்று ள்ள   ஓர்   அழ கா ன,   மன தை க்   கொள் ளை கொள் கிற   குரு த் வா ரா   கட்டப்பட்ட து",57
38,திட்டமிடப்பட்ட சந்தம் அல்லது தாள அசையை தக்கவைத்துள்ள ஸ்வரங்களுக்கேற்ப அமைக்கப்பட்ட இந்தக் குறிப்பிட்ட ருச்சாக்களின் தொகுப்பே சாமவேதம்,திட்டமிட ப்பட்ட   ச ந்த ம்   அல்லது   தாள   அ சை யை   த க்க வைத்து ள்ள   ஸ்வர ங்களு க்கே ற்ப   அமை க்கப்பட்ட   இந்த க்   குறிப்பிட்ட   ரு ச்சா க்களின்   தொகு ப்பே   சா ம வே தம்,32
39,பண்டைய அயோத்தியா நமது நவீனகால நகரங்களை விடக் குறைந்ததல்ல என்பது கோசலையின் தலைநகரம் குறித்த வால்மிகியின் வர்ணனையிலிருந்து தெளிவாகிறது,பண்டைய   அ யோ த்தியா   ந மது   நவீன கால   நகர ங்களை   விட க்   குறைந்த த ல்ல   என்பது   கோ ச லை யின்   தலை நகரம்   குறித்த   வால் மி கி யின்   வர் ண னை யிலிருந்து   தெளி வா கிறது,34
40,"நான் செய்வேன்' என்று சொல்லிவிட்டால், பிறகு அதைச் செய்தாக வேண்டும், வேறு வழியில்லை","நான்   செய் வே ன் '   என்று   சொ ல்லி விட்டா ல்,   பிறகு   அதை ச்   செய் தாக   வேண்டும்,   வேறு   வழி யில் லை",20
41,"சமீப காலங்களில், ரூபாயின் மாற்று விகிதம் குறித்தும் நமது அந்நியச் செலாவணி போதியளவில் உள்ளதா என்பது குறித்தும் வேறுபட்ட கருத்துக்கள் நிலவி வருகின்றன","சமீப   கால ங்களில்,   ரூ பா யின்   மாற்று   விகிதம்   குறித்து ம்   ந மது   அ ந் நிய ச்   செ லா வணி   போ திய ளவில்   உள்ள தா   என்பது   குறித்து ம்   வேறு பட்ட   கருத்து க்கள்   நில வி   வரு கின்றன",35
42,"ஒரு கிரெடிட் கார்டு கணக்கு தவணைத் தேதி முடிந்து மூன்று நாட்களுக்குப் பிறகும் தவணை செலுத்தாமல் இருந்தால் மட்டுமே, வங்கிகள் அந்தக் கிரெடிட் கார்டு கணக்கை தவணை செலுத்தாதது என்று கடன் தகவல் நிறுவனங்களுக்கு (சிஐசி) தெரிவிக்கலாம் அல்லது ஏதேனும் அபராதக் கட்டணங்களை - அதாவது, தாமத காலக் கட்டணங்களை - விதிக்கலாம்","ஒரு   கிரெடிட்   கார்டு   கணக்கு   தவ ணை த்   தேதி   முடி ந்து   மூன்று   நாட் களுக்கு ப்   பிறகு ம்   தவ ணை   செலு த்தா மல்   இருந்தால்   மட்டுமே ,   வங்கி கள்   அந்த க்   கிரெடிட்   கார்டு   கண க்கை   தவ ணை   செலு த்தா த து   என்று   கடன்   தகவல்   நிறுவன ங்களுக்கு   ( சி ஐ சி )   தெரிவி க்கலாம்   அல்லது   ஏதேனும்   அ பரா த க்   கட்டண ங்களை   -   அ தா வது,   தா மத   கால க்   கட்டண ங்களை   -   விதி க்கலாம்",71
43,நாடுகள் தமது நிதி நிலையை மேம்படுத்த உள்வரும் நேரடி முதலீடுகளை வரவேற்கலாம்,நாடு கள்   த மது   நிதி   நிலையை   மேம்ப டுத்த   உள் வரும்   நேர டி   முதலீடு களை   வர வே ற்க லாம்,18
44,"எனினும் இந்த பேக்கேஜை விரைவாக நடைமுறைப்படுத்த ஊக்கமளிக்கும் வகையில், அங்கீகாரமளித்த பேக்கேஜை அந்த வங்கி தமக்கு விண்ணப்பம் வந்த தேதியிலிருந்து 90 நாட்களுக்குள் நடைமுறைப்படுத்தி இருந்தால், மறுகட்டமைப்புக்கான விண்ணப்பத்தை அந்த வங்கி பெற்றபோது நிலவிய அதே நிலைக்கு சொத்து வகைப்படுத்தல் நிலை மீட்கப்படலாம்","எனினும்   இந்த   பே க்கே ஜை   விரைவாக   நடைமுறை ப்படுத்த   ஊ க்க மளி க்கும்   வகை யில்,   அங்கீ கார மளி த்த   பே க்கே ஜை   அந்த   வங்கி   த ம க்கு   வி ண்ண ப்ப ம்   வந்த   தேதி யிலிருந்து   90   நாட் களுக்கு ள்   நடைமுறை ப்படுத்தி   இருந்தால்,   மறு கட்ட மைப்பு க்கான   வி ண்ண ப்ப த்தை   அந்த   வங்கி   பெற்ற போது   நில விய   அதே   நிலை க்கு   சொத்து   வகை ப்படுத்த ல்   நிலை   மீட் க ப்பட லாம்",66
45,"தனியார் மூலதனக் குவிப்பின் இயங்குமுறையினால் செல்வம் தவிர்க்கமுடியாத விதத்தில் வெகுசில கரங்களுக்குள் குவிந்துவிடுகிறதா அல்லது வளர்ச்சி, போட்டி, தொழில்நுட்ப முன்னேற்றம் ஆகியவற்றின் சமநிலையாக்கச் சக்திகள் மூலம் அது ஏற்றத்தாழ்வைக் குறைக்கிறதா","தனியார்   மூல தன க்   கு வி ப்பின்   இய ங்கு முறை யி னால்   செல் வம்   தவி ர்க்க முடியாத   வித த்தில்   வெகு சில   கர ங்களுக்கு ள்   கு வி ந்து விடு கிற தா   அல்லது   வளர்ச்சி ,   போட்டி ,   தொழில்நுட்ப   முன்னே ற்றம்   ஆகியவ ற்றின்   சம நிலை யா க்க ச்   சக்தி கள்   மூலம்   அது   ஏற்ற த்தா ழ் வை க்   குறை க்கிற தா",57
46,இது அளவுக்கதிகமான வேகத்தில் மாற்றம் ஏற்படுவதைத் தடுப்பதற்கும் எதிர்பார்ப்புகளை நிலைப்படுத்துவதற்கும் சந்தையில் தலையீடு செய்கிறது,இது   அளவு க்க தி கமான   வேக த்தில்   மாற்ற ம்   ஏற்படு வதை த்   தடு ப்பதற்கு ம்   எதிர்பார் ப்புகளை   நிலை ப்படு த்துவதற்கு ம்   சந்தை யில்   தலை யீ டு   செய் கிறது,28
47,"இரண்டாம் காலாண்டிற்கான தரவு வெகு வேகமான மாறுதல்களைக் கொண்டிருப்பது, பொருளாதாரச் செயல்பாடு தொடர்ந்து பாதிப்புகளைத் தாங்கிவருவதைக் காட்டுகிறது","இரண்டாம்   கா லா ண்டி ற்கா ன   தர வு   வெகு   வேக மான   மாறு தல் களை க்   கொ ண்டிரு ப்ப து,   பொருளாதார ச்   செயல் பாடு   தொடர்ந்து   பாதி ப்புகளை த்   தா ங்கி வரு வதை க்   காட்டு கிறது",34
48,"பருவினப் பொருளியல் வழக்கமாக ஒரு நாடு பற்றியும், அங்குள்ள அனைத்துச் சந்தைகளும் எப்படி ஒன்றோடொன்று தொடர்புகொண்டு கூட்டு மாறிகள் என்று பொருளாதார நிபுணர்கள் அழைக்கும் மாபெரும் நியதிகளை உருவாக்குகின்றன என்பது பற்றியும் தான் பேசுகிறது","ப ரு வின ப்   பொரு ளி யல்   வழக்கமாக   ஒரு   நாடு   பற்றி யும்,   அங்கு ள்ள   அனைத்து ச்   சந்தை களும்   எப்படி   ஒன் றோ டொ ன்று   தொடர்பு கொண்டு   கூட்டு   மாறி கள்   என்று   பொருளாதார   நி பு ண ர்கள்   அழை க்கும்   மாபெரும்   நிய தி களை   உருவாக்கு கின்றன   என்பது   பற்றி யும்   தான்   பேசு கிறது",48
49,பணமாக்கல் என்பது எந்தளவுக்கு நிதிசார் சொத்துக்களை குறுகிய காலத்திற்குள் ஏறக்குறைய முழுச் சந்தை விலைக்கே விற்க முடிகிறது என்பதைக் குறிக்கிறது,பண மா க்கல்   என்பது   எந்த ள வுக்கு   நிதி சார்   சொத்து க்களை   குறுகிய   காலத்திற்கு ள்   ஏ ற க்குறை ய   முழு ச்   சந்தை   விலை க்கே   விற்க   முடி கிறது   என்பதை க்   குறி க்கிற து,31
50,"பரந்த நோக்கில், வருமான அங்கீகரிப்புக் கொள்கை புறவயமாகவும் மீட்பு அனுபவத்தைப் பொறுத்துமே இருக்க வேண்டும், எவ்வித அகவயமான எண்ணங்களின் அடிப்படையிலும் அல்ல","பர ந்த   நோக்கி ல்,   வருமான   அங்கீ கரி ப்பு க்   கொள் கை   புற வய மாகவும்   மீட் பு   அனுப வ த்தை ப்   பொறு த்து மே   இருக்க   வேண்டும்,   எவ் வித   அ கவ யமான   எண் ண ங்களின்   அடிப்படை யிலும்   அல்ல",36
51,"எனவே இந்த வட்டித் தொகைகள் வட்டிச் செலுத்தல் தேதியைப் பொறுத்து தவணைக் காலத்தைத் தாண்டிவிட்ட ஒன்றாக, எனவே என்பிஏ-வாக மாறுவதில்லை","எனவே   இந்த   வட்டி த்   தொகை கள்   வட்டி ச்   செலுத்த ல்   தேதி யை ப்   பொறு த்து   தவ ணை க்   கால த்தை த்   தா ண்டி விட்ட   ஒன்றாக ,   எனவே   என் பி ஏ - வாக   மாறு வதில் லை",35
52,"இந்தியாவின் யுபிஐ எனப்படும் துரிதப் பணம்செலுத்தல் அமைப்பை வெளிநாடுகளில் உள்ள இதேபோன்ற அமைப்புகளுடன் பரஸ்பரம் இணைக்கப்பட்டுக் கொண்டிருக்கும் நடவடிக்கை உட்பட, இந்தியாவின் பணம்செலுத்தல் அமைப்புகளை வெளிநாடுகளுடன் இணைப்பதற்கான சாத்தியம், பணம் அனுப்புதல் உள்ளிட்ட எல்லைதாண்டிய பணம்செலுத்தல் ஏற்பாடுகளை மேம்படுத்தும்","இந்தியாவின்   யு பி ஐ   எனப்படும்   து ரி த ப்   பணம் செலுத்த ல்   அமை ப்பை   வெளி நாடுகளில்   உள்ள   இதே போன்ற   அமைப்பு களுடன்   பர ஸ் ப ரம்   இணை க்கப்பட்டு க்   கொ ண்டி ருக்கும்   நடவடிக்கை   உட்பட ,   இந்தியாவின்   பணம் செலுத்த ல்   அமைப்பு களை   வெளி நாடு களுடன்   இணை ப்பதற்கான   சாத்திய ம்,   பணம்   அனுப்பு தல்   உள்ளிட்ட   எல்லை தா ண்டி ய   பணம் செலுத்த ல்   ஏற்பாடு களை   மேம்ப டுத்து ம்",63
53,திரவமாக்கப்பட்ட இயற்கை வாயு (எல்என்ஜி) மின் ஆலைகளையும் (உரத்) தொழிற்சாலைகளையும் இயக்குவதற்குப் பயன்படுத்தப்படுவதால் ஆற்றல்வளத் துறையில் மேலும் அதிகமான முக்கியத்துவம் பெற்று வருகிறது,தி ரவ மா க்கப்பட்ட   இயற்கை   வா யு   ( எல் என் ஜி )   மின்   ஆ லை களையும்   ( உ ர த் )   தொழிற்சாலை களையும்   இயக்கு வதற்கு ப்   பயன்படுத்த ப்படு வதால்   ஆ ற்ற ல் வள த்   துறை யில்   மேலும்   அதிகமான   முக்கியத்துவம்   பெற்று   வரு கிறது,42
54,"எனினும், சந்தைகள் விற்பனையை வளர்க்க ஏதுவாக உள்ளபோதிலும், நாம் ஒரு நீடித்துநிலைக்கும் வணிகத்தை வளர்த்து சொந்த விளம்பர பிராண்டை உருவாக்க அது துணைபுரிவதில்லை","எனினும்,   சந்தை கள்   விற்பனை யை   வளர் க்க   ஏ து வாக   உள்ள போதிலும்,   நா ம்   ஒரு   நீடி த்து நிலை க்கும்   வணிக த்தை   வளர் த்து   சொந்த   விளம்பர   பிரா ண்டை   உருவாக்க   அது   துணை புரி வதில் லை",33
55,"கட்டணக் குழுமச் சேவையாளர்கள் (பிஏ) கட்டண அமைப்பில் முக்கியப் பங்கு வகிக்கின்றனர், எனவே அவர்கள் 2020 மார்ச்சில் விதிமுறைகளுக்கு உட்படுத்தப்பட்டு கட்டண அமைப்புச் சேவையாளர்கள் (பிஎஸ்ஓ) என்று பெயரிடப்பட்டனர்","கட்டண க்   குழு ம ச்   சேவை யாளர்கள்   ( பி ஏ )   கட்டண   அமை ப்பில்   முக்கிய ப்   பங்கு   வகி க்கின்ற னர்,   எனவே   அவர்கள்   20 20   மார் ச்சி ல்   விதி முறை களுக்கு   உட் படுத்த ப்பட்டு   கட்டண   அமைப்பு ச்   சேவை யாளர்கள்   ( பி எஸ் ஓ )   என்று   பெய ரிட ப்பட்ட னர்",48
56,"எனினும், தற்போதைய ஒழுங்குமுறை விதிகள் இணையவழி அல்லது மின்வணிகப் பரிவர்த்தனைகளைச் செயல்படுத்தும் கட்டணக் குழுமச் சேவையாளர்களுக்குப் பொருந்தும்","எனினும்,   தற்போதைய   ஒழு ங்கு முறை   விதி கள்   இணைய வழி   அல்லது   மின் வணிக ப்   பரி வர் த்தனை களை ச்   செயல் ப டுத்து ம்   கட்டண க்   குழு ம ச்   சேவை யாளர் களுக்கு ப்   பொ ருந்து ம்",34
57,"இருப்பினும் இத்தகைய நாடு, அதன் ஒட்டுமொத்த சாதகம் அதிகபட்சமாக உள்ள தயாரிப்புகளை ஏற்றுமதி செய்தும் நிகரளவில் ஒட்டுமொத்த சாதகம் குறைவாக உள்ள (நேர்மறையாக இருப்பினும்) தயாரிப்புகளை இறக்குமதி செய்தும் தனது நிகரளவுச் சாதகத்துக்கேற்ற வணிகத்தின் மூலம் பலனடையும் என்பதே ரிக்கார்டோவின் நுட்பமான கருத்து","இருப்பி னும்   இ த்தகைய   நாடு ,   அதன்   ஒட்டு மொத்த   சாத கம்   அதிகபட்ச மாக   உள்ள   தயாரி ப்புகளை   ஏற்று மதி   செய்து ம்   நி கர ளவில்   ஒட்டு மொத்த   சாத கம்   குறைவாக   உள்ள   ( நேர் மறை யாக   இருப்பி னும் )   தயாரி ப்புகளை   இற க்கு மதி   செய்து ம்   தனது   நி கர ளவு ச்   சாத க த்து க்கே ற்ற   வணிக த்தின்   மூலம்   பல ன டை யும்   என்ப தே   ரிக்கா ர் டோ வின்   நுட்ப மான   கருத்து",69
58,"வங்கிக் கடன் இருப்பு, ஓராண்டுக்கு முன் 6","வங்கி க்   கடன்   இரு ப்பு,   ஓ ரா ண்டு க்கு   முன்   6",11
59,"7 சதவிகிதம் இருந்ததை ஒப்பிடும்போது, 9 செப்டம்பர் 2022 நிலவரப்படி வருடாவருட வளர்ச்சியாக 16","7   ச தவி கி தம்   இருந்த தை   ஒ ப்பி டும் போது,   9   செப்டம்பர்   20 22   நிலவர ப்படி   வருடா வரு ட   வளர்ச்சி யாக   16",23
60,2 சதவிகிதம் என்ற துரித வேகத்தில் அதிகரித்துள்ளது,2   ச தவி கி தம்   என்ற   து ரி த   வேக த்தில்   அதிகரி த்து ள்ள து,15
61,"அறுவடைக்கு முந்தைய மற்றும் பிந்தைய செயல்பாடுகளுக்கான கடனுதவியில் பூச்சி மருந்து தெளித்தல், களையெடுத்தல், அறுவடை, வகைப்படுத்தல், தரம் பிரித்தல், சொந்தப் பண்ணையின் விளைச்சல்களுக்கான போக்குவரத்து ஆகியவை அடங்கும்","அறு வடை க்கு   முந்தைய   மற்றும்   பி ந்தைய   செயல் பாடு களுக்கான   கட னு தவி யில்   பூ ச்சி   ம ருந்து   தெளி த்த ல்,   களை யெ டுத்த ல்,   அறு வடை ,   வகை ப்படுத்த ல்,   த ரம்   பிரி த்த ல்,   சொந்த ப்   பண் ணை யின்   விளை ச்சல் களுக்கான   போக்குவரத்து   ஆகியவை   அடங்கு ம்",48
62,"விவசாயம் மற்றும் அதைச் சார்ந்த பணிகளுக்கான நடுத்தர & நீண்ட காலக் கடன்களில், விளைநிலத்தில் மேற்கொள்ளப்படும் நீர்ப்பாசனம் மற்றும் இதர வளர்ச்சிப் பணிகளுக்காக வேளாண் இயந்திரங்களை வாங்குவதும் அடங்கும்","விவசா யம்   மற்றும்   அதை ச்   சார்ந்த   பணி களுக்கான   ந டுத்த ர   &   நீண்ட   கால க்   கடன் களில்,   விளை நில த்தில்   மேற்கொள்ள ப்படும்   நீர்ப்பா சன ம்   மற்றும்   இ தர   வளர்ச்சி ப்   பணி களுக்காக   வே ளா ண்   இய ந்திர ங்களை   வாங்கு வது ம்   அடங்கு ம்",43
63,"வங்கி மேற்பார்வையாளர்கள் முறைசாரா வங்கித் தொழில்களால் வழமையான வங்கிகளுக்கு ஏற்படும் தாக்கத்தைப் பற்றி பரிசீலித்து வருகின்றனர், மற்றும் அதிக முதலீடு, பணமாக்கல் ஆகியவை மூலம் அவற்றைக் கட்டுக்குள் கொண்டுவர முயற்சிக்கின்றனர், ஏனெனில் இந்தத் தாக்கத்தால் முறைசாரா வங்கித் தொழில்கள் குறிப்பாக வழமையான நிதித் துறையையும் பொதுவாகப் பொருளாதாரத்தையும் கூட பாதிப்புக்கு ஆளாக்குகின்றன","வங்கி   மேற் பார்வை யாளர்கள்   முறை சா ரா   வங்கி த்   தொழில் களால்   வழ மையான   வங்கி களுக்கு   ஏற்படும்   தா க்கத்தை ப்   பற்றி   பரி சீ லி த்து   வரு கின்ற னர்,   மற்றும்   அதிக   முதலீடு ,   பண மா க்கல்   ஆகியவை   மூலம்   அவற்றை க்   கட்டு க்குள்   கொண்டு வர   முயற்சி க்கின்ற னர்,   ஏனெனில்   இந்த த்   தா க்க த்தால்   முறை சா ரா   வங்கி த்   தொழில் கள்   குறிப்பாக   வழ மையான   நிதி த்   துறை யையும்   பொதுவாக ப்   பொருளாதார த்தையும்   கூட   பாதி ப்புக்கு   ஆ ளா க்கு கின்றன",76
64,"உலகளாவிய நிதி நெருக்கடி ஏற்பட்டதிலிருந்து, அரசுத் துறை மேலும் அதிகமான, தரமான தகவல்களைச் சேகரித்து எளிதில் புலப்படாத பலவீனங்களைத் தேடிவருகிறது","உல களா விய   நிதி   நெ ருக்க டி   ஏற்பட்ட தி லிருந்து ,   அரசு த்   துறை   மேலும்   அதிகமான ,   தர மான   தகவல்களை ச்   சே கரி த்து   எளி தில்   பு ல ப்படாத   பல வீன ங்களை த்   தே டி வரு கிறது",37
65,அந்தக் குறிப்பிட்ட விலையில் உற்பத்தியும் தேவையும் சமமாக இருக்கவேண்டும் என்ற நிபந்தனையின் அடிப்படையிலேயே சந்தைக்கழிவு விலை தீர்மானிக்கப்படுகிறது,அந்த க்   குறிப்பிட்ட   விலை யில்   உற்பத்தி யும்   தேவை யும்   சம மாக   இருக்க வேண்டும்   என்ற   நி பந்த னை யின்   அடிப்படை யி லேயே   சந்தை க்க ழி வு   விலை   தீர் மானி க்கப்படு கிறது,30
66,இந்த நிகர்மாதிரியின் சமன்பாடுகள் உற்பத்தி மற்றும் தேவையின் நிலையை விலை மற்றும் பிற மாறிகளின் (எ,இந்த   நி கர் மாதிரி யின்   சம ன் பாடு கள்   உற்பத்தி   மற்றும்   தேவை யின்   நிலையை   விலை   மற்றும்   பிற   மாறி களின்   ( எ,21
67,டு,டு,1
68,வருவாய்) ஒரு பின்னமாக வழங்குகின்றன,வருவாய் )   ஒரு   பின்ன மாக   வழங்கு கின்றன,7
69,"ஆக, நடப்புக் கணக்கு இருப்புத் தொகை என்பது வணிக இருப்புத் தொகையையும் நிகரக் காரணி வருவாய் (வெளிநாட்டு முதலீடுகள் அல்லது ஊழியர்கள் அனுப்பியவை மீது கிடைக்கும் வட்டி மற்றும் ஈவுத்தொகைகள் போன்றவை) மற்றும் பொதுவாக மொத்தத் தொகையின் ஒரு சிறு விகிதமாகவே இருக்கின்ற வெளிநாட்டிலிருந்து வந்த தொகைகளையும் (வெளிநாட்டு நிதியளிப்பு) கூட்டினால் கிடைக்கும்","ஆக ,   நட ப்பு க்   கணக்கு   இரு ப்பு த்   தொகை   என்பது   வணிக   இரு ப்பு த்   தொகை யையும்   நி கர க்   கார ணி   வருவாய்   ( வெளி நாட்டு   முதலீடு கள்   அல்லது   ஊழி ய ர்கள்   அனு ப்பிய வை   மீது   கிடை க்கும்   வட்டி   மற்றும்   ஈ வு த்தொகை கள்   போன்ற வை )   மற்றும்   பொதுவாக   மொத்த த்   தொகை யின்   ஒரு   சிறு   விகித மாக வே   இரு க்கின்ற   வெளி நாட்டி லிருந்து   வந்த   தொகை களையும்   ( வெளி நாட்டு   நி திய ளி ப்பு )   கூட்டி னால்   கிடை க்கும்",78
70,வர்த்தக இருப்பு என்பது ஏற்றுமதியாகும் சரக்குகள் மற்றும் சேவைகளின் மதிப்புக்கும் இறக்குமதியாகும் சரக்குகள் மற்றும் சேவைகளின் மதிப்புக்கும் இடையிலுள்ள வேறுபாடாகும்,வர்த்தக   இரு ப்பு   என்பது   ஏற்று மதி யா கும்   சர க்கு கள்   மற்றும்   சேவை களின்   மதிப்பு க்கும்   இற க்கு மதி யா கும்   சர க்கு கள்   மற்றும்   சேவை களின்   மதிப்பு க்கும்   இடை யி லுள்ள   வேறு பா டா கும்,36
71,"19 - 20 டிசம்பர் 2018 தேதிகளில் புதுதில்லியில் சிஐஐ அமைப்புடன் இணைந்து எம்எஸ்எம்இ அமைச்சகம் ஏற்பாடு செய்திருந்த 15ஆம் எஸ்எம்இ உலகளாவிய உச்சிமாநாட்டின் தொடக்க விழாவில் குறு, சிறு மற்றும் நடுத்தரத் தொழில் நிறுவனங்களுக்கான (எம்எஸ்எம்இ) இணை அமைச்சர் (தனிப் பொறுப்பு) ஸ்ரீ கிரிராஜ் சிங் தலைமை உரை ஆற்றும் போது, தொடர் முயற்சிகளின் பலனாக உலக இஓடிபி தரவரிசையிலும் எம்எஸ்எம்இ-களை ஜிவிசி-களுடன் இணைப்பதில் உள்ள சவால்களுக்குத் தீர்வு காண்பதிலும் நமது தரமதிப்பீடுகள் முன்னேறியுள்ளன என்று கூறினார்","19   -   20   டிசம்பர்   201 8   தேதி களில்   புது தில்லியில்   சி ஐ ஐ   அமைப்பு டன்   இணைந்து   எம் எஸ் எம் இ   அமைச்ச கம்   ஏற்பாடு   செய் திரு ந்த   15 ஆம்   எஸ் எம் இ   உல களா விய   உ ச்சி மா நாட்டின்   தொடக்க   விழா வில்   குறு ,   சிறு   மற்றும்   ந டுத்த ர த்   தொழில்   நிறுவன ங்களு க்கான   ( எம் எஸ் எம் இ )   இணை   அமைச்ச ர்   ( தனி ப்   பொறு ப்பு )   ஸ்ரீ   கிரி ராஜ்   சிங்   தலைமை   உரை   ஆ ற்றும்   போது,   தொடர்   முயற்சி களின்   பல னாக   உலக   இ ஓ டி பி   தர வரிசை யிலும்   எம் எஸ் எம் இ - களை   ஜி வி சி - களுடன்   இணை ப்பதில்   உள்ள   ச வால் களுக்கு த்   தீர் வு   கா ண் பதி லும்   ந மது   தர மதிப்பீ டுகள்   முன்னே றி யுள்ள ன   என்று   கூறி னார்",126
72,"இந்தக் காரணிகளைக் கருத்தில் கொண்டு, இடர்களுக்குச் சம ஒதுக்கீடு அளித்தபின், 2022- 23க்கான பணவீக்கம் மொத்தத்தில் 6","இந்த க்   கார ணி களை க்   கரு த்தில்   கொண்டு ,   இட ர் களுக்கு ச்   சம   ஒது க் கீ டு   அளி த்த பின் ,   20 22 -   23 க்கான   பண வீ க்கம்   மொத்த த்தில்   6",34
73,"7 சதவிகிதமாகவும், இரண்டாம் காலாண்டுக்கு 7","7   ச தவி கி த மாக வும்,   இரண்டாம்   கா லா ண்டு க்கு   7",13
74,"1 சதவிகிதமாகவும், மூன்றாம் காலாண்டுக்கு 6","1   ச தவி கி த மாக வும்,   மூன்றா ம்   கா லா ண்டு க்கு   6",14
75,"5 சதவிகிதமாகவும், நான்காம் காலாண்டுக்கு 5","5   ச தவி கி த மாக வும்,   நான்கா ம்   கா லா ண்டு க்கு   5",14
76,8 சதவிகிதமாகவும் இருக்கும் என்று கணிக்கப்பட்டது,8   ச தவி கி த மாகவும்   இருக்கும்   என்று   கணி க்கப்பட்ட து,11
77,இந்திய இறக்குமதி வளர்ச்சி குறைந்துவருகிற போதிலும் அது ஏற்றுமதி வளர்ச்சியை விட அதிகமாக உள்ளது,இந்திய   இற க்கு மதி   வளர்ச்சி   குறை ந்து வரு கிற   போதி லும்   அது   ஏற்று மதி   வளர்ச்சி யை   விட   அதிகமாக   உள்ள து,20
78,"தற்போது, வளர்ச்சிக்கான காரணங்களை அறிவதற்கு முக்கியமாக பொருளாதாரச் செயல்திறனும் (வளர்ச்சி விகிதம், ஜிடிபி-யின் விழுக்காடாக நிதிப்பற்றாக்குறை, ஜிடிபி-யின் விழுக்காடாக அரசுக் கடன், ஜிடிபி-யின் விழுக்காடாக வரி வருவாய் போன்றவை) சமூகச் செயல்திறனுமே (வறுமை, ஏற்றத்தாழ்வு, வேலைவாய்ப்பு நிலை, மக்களின் உணவூட்ட நிலை போன்றவை) பயன்படுத்தப்படுகின்றன","தற் போது,   வளர்ச்சி க்கான   காரண ங்களை   அறி வதற்கு   முக்கியமாக   பொருளாதார ச்   செயல் திற னும்   ( வளர்ச்சி   விகித ம்,   ஜி டி பி - யின்   வி ழு க்கா டா க   நிதி ப்ப ற்றா க்குறை ,   ஜி டி பி - யின்   வி ழு க்கா டா க   அரசு க்   கடன் ,   ஜி டி பி - யின்   வி ழு க்கா டா க   வரி   வருவாய்   போன்ற வை )   சமூக ச்   செயல் திற னு மே   ( வ று மை ,   ஏற்ற த்தா ழ் வு ,   வேலை வாய்ப்பு   நிலை ,   மக்களின்   உண வூ ட்ட   நிலை   போன்ற வை )   பயன்படுத்த ப்படு கின்றன",93
79,"பொருளாதாரம் குறித்த தற்போதைய விவாதங்கள் சமூக மற்றும் பொருளாதாரச் செயலாண்மைகளுக்கு இடையேயான சமநிலைக்கே மிகுந்த கவனம் தருகிறது, அவை முந்தையவற்றுடன் சுற்றுச்சூழல் செயலாண்மைக்கு உள்ள தொடர்பு குறித்து அவ்வளவாக கவனம் செலுத்துவதில்லை","பொருளா தா ரம்   குறித்த   தற்போதைய   வி வா தங்கள்   சமூக   மற்றும்   பொருளாதார ச்   செய லா ண் மை களுக்கு   இடையே யான   சம நிலை க்கே   மி குந்த   கவனம்   த ரு கிறது,   அவை   முந்தைய வ ற்று டன்   சுற்று ச்சூழ ல்   செய லா ண் மை க்கு   உள்ள   தொடர்பு   குறித்து   அவ் வள வாக   கவனம்   செலு த்துவ தில் லை",52
80,"மறுசீரமைப்புக்குப் பிந்தைய கடன் நியாய மதிப்பு தற்போதைய பணச் சுழற்சி மதிப்பு ரீதியாகக் கணக்கிடப்படும், பின்னதைக் கணக்கிடுவதற்கு மறுசீரமைப்புக்குப் பிந்தைய முன்தொகை மீதும் முதல் மீதும் விதிக்கப்படும் விகிதத்தில் உள்ள வட்டியை மறுசீரமைப்புத் தேதியின் நிலவரப்படி வங்கியின் பிபிஎல்ஆர்-க்குச் சமமான விகிதத்திலிருந்து கழித்துவிட்டு சீரமைப்புத் தேதியில் அந்தக் கடன் பெறுபவர் சார்ந்த வகைக்கு உள்ள உரிய தவணைப் பிரீமியம் மற்றும் கடன் இடர் பிரீமியத்துடன் சேர்க்க வேண்டும்","மறு சீ ர மைப்பு க்கு ப்   பி ந்தைய   கடன்   நி யா ய   மதிப்பு   தற்போதைய   பண ச்   சு ழ ற்சி   மதிப்பு   ரீதியாக க்   கணக்கி ட ப்படு ம்,   பின்ன தை க்   கணக்கி டு வதற்கு   மறு சீ ர மைப்பு க்கு ப்   பி ந்தைய   முன் தொகை   மீது ம்   முதல்   மீது ம்   விதி க்கப்படும்   விகித த்தில்   உள்ள   வட்டி யை   மறு சீ ர மைப்பு த்   தேதி யின்   நிலவர ப்படி   வங்கி யின்   பி பி எல் ஆர் - க்கு ச்   சம மான   விகித த்திலிருந்து   கழி த்து விட்டு   சீ ர மைப்பு த்   தேதி யில்   அந்த க்   கடன்   பெறு பவர்   சார்ந்த   வகை க்கு   உள்ள   உ ரிய   தவ ணை ப்   பி ரீ மி யம்   மற்றும்   கடன்   இட ர்   பி ரீ மிய த்துடன்   சேர் க்க   வேண்டும்",114
81,"இதைத் தொடர்ந்து, பணமாக்கல் தேவை நெருக்கடியைச் சமாளிக்கவும் நிதி ஸ்திரத்தன்மையை பாதுகாக்கவும் இந்திய ரிசர்வ் வங்கி தலையிட்டு பரஸ்பர நிதிகளுக்கு (எஸ்எல்எஃப்-எம்எஃப்) 50,000 கோடி மதிப்புள்ள சிறப்புப் பணமாக்கல் வசதியை உருவாக்கித் தந்தது, இது நிதிச் சந்தைகளில் நம்பிக்கையை மீட்க உதவியது","இதை த்   தொடர்ந்து ,   பண மா க்கல்   தேவை   நெ ருக்க டி யை ச்   சமா ளி க்கவும்   நிதி   ஸ்தி ர த்தன்மை யை   பாதுகா க்கவும்   இந்திய   ரி சர் வ்   வங்கி   தலை யி ட்டு   பர ஸ் பர   நிதி களுக்கு   ( எஸ் எல் எஃப் - எம் எஃப் )   50 ,000   கோ டி   மதிப்பு ள்ள   சிறப்பு ப்   பண மா க்கல்   வசதி யை   உருவாக்கி த்   த ந்த து,   இது   நிதி ச்   சந்தை களில்   நம்பிக்கை யை   மீட் க   உதவி ய து",74
82,"சமீப காலத்தில் செங்குத்தான விலையுயர்வுகளும் வருகின்ற காலத்தில் மேலும் பயங்கரமான விலையுயர்வுகள் ஏற்படும் என்ற கணிப்பும் நிதி நிலைமைகளில் இறுக்கத்துக்கும், கடுமையான ஏற்றயிறக்கத்துக்கும், இடர் தவிர்ப்பு அணுகுமுறைக்கும் வழிவகுத்துள்ளன","சமீப   காலத்தில்   செ ங்கு த்தான   விலை யு யர் வு களும்   வரு கின்ற   காலத்தில்   மேலும்   பய ங்கர மான   விலை யு யர் வுகள்   ஏற்படும்   என்ற   கணி ப்பு ம்   நிதி   நிலை மை களில்   இ று க்க த்துக்கு ம்,   கடுமையான   ஏற்ற யி ற க்க த்துக்கு ம்,   இட ர்   தவி ர் ப்பு   அணு கு முறை க்கும்   வழிவகு த்து ள்ள ன",55
83,"முழு மதிப்பும் செலுத்தப்பட்ட நோட்டுகள் கருவூல வரவுகளாக ஆர்பிஐ பட்டுவாடா அலுவலகத்தால் கருதப்படும், அதேவேளை பகுதியளவு மதிப்பே செலுத்தப்பட்ட நோட்டுகளும் நிராகரிக்கப்பட்ட நோட்டுகளும் வழக்கு விசாரணைக்குரிய உள்வரவு நோட்டுகள் எனக் கருதப்பட்டு அதற்கேற்ப நடவடிக்கை எடுக்கப்படும்","முழு   மதிப்பு ம்   செலுத்த ப்பட்ட   நோ ட்டு கள்   கரு வூ ல   வரவு களாக   ஆர் பி ஐ   பட்டு வா டா   அலு வல க த்தால்   கருத ப்படு ம்,   அதே வேளை   பகுதி ய ளவு   மதி ப்பே   செலுத்த ப்பட்ட   நோ ட்டு களும்   நி ராக ரி க்கப்பட்ட   நோ ட்டு களும்   வழக்கு   வி சாரணை க்கு ரிய   உள் வரவு   நோ ட்டு கள்   என க்   கருத ப்பட்டு   அ தற் கே ற்ப   நடவடிக்கை   எடு க்கப்படும்",66
84,இந்தியாவில் கடன் பத்திரங்களின் எண்ணிக்கை அபரிமிதமான வளர்ச்சி கண்டுள்ளது,இந்தியாவில்   கடன்   ப த்திர ங்களின்   எண்ணிக்கை   அ பரி மி தமான   வளர்ச்சி   க ண்டு ள்ள து,15
85,"உலகளவில் இத்தகு நிலையற்ற சூழல் உள்ளபோதிலும், இந்தியப் பொருளாதாரம் தொடர்ந்து பாதிப்புகளைத் தாங்கிவருகிறது","உலக ளவில்   இ த்த கு   நிலைய ற்ற   சூழ ல்   உள்ள போதிலும்,   இந்திய ப்   பொருளா தா ரம்   தொடர்ந்து   பாதி ப்புகளை த்   தா ங்கி வரு கிறது",24
86,"நிதிச் சந்தையில் பதற்றம் நிலவுகிறது, இதனால் நடைமுறைப் பொருளாதாரத்திற்கும் நிதியின் நிலைத்தன்மைக்கும் பின்விளைவுகள் இருக்கலாம்","நிதி ச்   சந்தை யில்   பத ற்றம்   நில வு கிறது,   இதனால்   நடைமுறை ப்   பொருளாதார த்திற்கும்   நிதி யின்   நிலை த்தன்மை க்கும்   பின் விளை வுகள்   இருக்க லாம்",24
87,"ஒருவர் கொண்டுவரும் நோட்டுகளின் எண்ணிக்கை ஐந்துக்கு மேல் உள்ளது ஆனால் மதிப்பில் 5,000த்தை தாண்டவில்லை என்றால், அவ்வாறு நோட்டு மாற்ற வந்தவரிடம் அந்த நோட்டுகளை அருகிலுள்ள நாணயப் பெட்டகக் கிளைக்கு தனது வங்கிக் கணக்கு விவரங்களுடன் (கணக்கு எண், கிளைப் பெயர், ஐஎஃப்எஸ்சி குறியீடு போன்றவை) காப்பீட்டுத் தபால் மூலம் அனுப்புமாறு அல்லது நேராக அங்கு சென்று மாற்றிக் கொள்ளுமாறு அறிவுறுத்த வேண்டும்","ஒருவர்   கொண்டு வரும்   நோ ட்டு களின்   எண்ணிக்கை   ஐந்து க்கு   மேல்   உள்ள து   ஆனால்   மதி ப்பில்   5 ,000 த்தை   தா ண்ட வில்லை   என்றால்,   அவ் வாறு   நோ ட்டு   மாற்ற   வந்த வரி டம்   அந்த   நோ ட்டு களை   அருகிலுள்ள   நாணய ப்   பெ ட்ட க க்   கிளை க்கு   தனது   வங்கி க்   கணக்கு   விவர ங்களுடன்   ( கணக்கு   எண் ,   கிளை ப்   பெய ர்,   ஐ எஃப் எஸ் சி   குறி யீ டு   போன்ற வை )   காப்பீ ட்டு த்   த பால்   மூலம்   அனுப்பு மாறு   அல்லது   நே ராக   அங்கு   சென்று   மாற்றி க்   கொ ள்ளு மாறு   அறிவு று த்த   வேண்டும்",89
88,"மேலும், தனிப்பட்ட தரவு மற்றும் தகவல்களின் தனியுரிமை ஒரு தனிமைக்கான உரிமையின் இன்றியமையாத அம்சம் என்றும், எனவே சிபிடிசி வழங்குவதற்காக தரவுகளைச் சேகரிக்கும் போது குடிமக்களின் முதன்மை நலனுக்கு முன்னுரிமை அளிக்க வேண்டும் என்றும், அவசியமுள்ள தனிநபர் அடையாளம் கொண்ட தரவுகளை மட்டுமே சேகரிக்க வேண்டும் என்றும், சேகரித்த நோக்கத்திற்காக மட்டுமே அந்தத் தரவுகளைப் பயன்படுத்த வேண்டும் என்றும் நீதிமன்றம் சுட்டிக்காட்டியது","மேலும்,   தனிப்பட்ட   தர வு   மற்றும்   தகவல் களின்   தனி யு ரிமை   ஒரு   தனி மை க்கான   உரிமை யின்   இன் றிய மை யாத   அம்ச ம்   என்று ம்,   எனவே   சி பிடி சி   வழங்கு வதற்காக   தர வுகளை ச்   சே கரி க்கும்   போது   குடி மக்களின்   முதன்மை   ந ல னுக்கு   முன் னு ரிமை   அளி க்க   வேண்டும்   என்று ம்,   அவசிய முள்ள   தனி நபர்   அடையாளம்   கொண்ட   தர வுகளை   மட்டுமே   சே க ரிக்க   வேண்டும்   என்று ம்,   சே கரி த்த   நோக்க த்திற்காக   மட்டுமே   அந்த த்   தர வுகளை ப்   பயன்படுத்த   வேண்டும்   என்றும்   நீதிமன்ற ம்   சு ட்டி க்கா ட்டிய து",87
89,சைபர் குற்றவாளி தரவுகளையோ சேவைகளையோ முடக்கும் அல்லது சேதப்படுத்தும் நோக்கில் ஒரு கணினி அல்லது நெட்வொர்கை தாக்கி அதன்மூலம் பிற கணினிகளுக்குள் ஊடுறுவுகிறார்,சை பர்   குற்ற வா ளி   தர வுகளை யோ   சேவை களை யோ   மு ட க்கும்   அல்லது   சே த ப்படுத்தும்   நோ க்கில்   ஒரு   கணி னி   அல்லது   நெ ட் வொ ர் கை   தா க்கி   அதன் மூலம்   பிற   கணி னி களுக்கு ள்   ஊ டு று வு கிறா ர்,44
90,பேக்கேஜ் மற்றும் புட்டி உணவுகள் அனைத்திலும் உப்பு ஒரு பதப்படுத்தும் பொருளாகப் பயன்படுத்தப்படுவதால் அவற்றில் மிகவும் அதிகமான அளவு சோடியம் இருக்கும்,பே க்கே ஜ்   மற்றும்   பு ட்டி   உண வுகள்   அனை த்திலும்   உ ப்பு   ஒரு   பத ப்படுத்தும்   பொருளா க ப்   பயன்படுத்த ப்படு வதால்   அவற்றில்   மிகவும்   அதிகமான   அளவு   சோ டிய ம்   இருக்கும்,29
91,"வாகனம் நகர்ந்து கொண்டிருக்கும் போது சிஆர்எஸ் பிணைக்கப்படாமல் இருந்தால் திடீரென்று பிரேக் பிடிக்கும்போது, திரும்பும் போது அல்லது விபத்து நிகழும் போது அது வாகனத்தின் உட்புறத்தில் தூக்கி வீசப்படலாம்","வாகன ம்   நகர் ந்து   கொ ண்டி ருக்கும்   போது   சி ஆர் எஸ்   பி ணை க்க ப்படா மல்   இருந்தால்   தி டீ ரெ ன்று   பி ரே க்   பிடி க்கும் போது,   தி ரும் பு ம்   போது   அல்லது   வி பத்து   நி க ழும்   போது   அது   வாகன த்தின்   உட் புற த்தில்   தூ க்கி   வீ ச ப்பட லாம்",51
92,"ஆனால் அன்று காலையே, நரபத் சிங் விடுவித்த வெள்ளைக்கார சிறைக் கைதிகளில் ஒருவர் ஆங்கிலேயர் முகாமுக்கு வந்து, தான் பழிதீர்த்த பிறகே கோட்டையைக் காலிசெய்யப் போவேன் என்று நரபத் சிங் சொன்னதைக் கேட்டதாக தளபதியிடம் தெரிவித்தார்","ஆனால்   அன்று   கா லை யே ,   ந ர பத்   சிங்   விடு வி த்த   வெ ள் ளை க்கார   சிறை க்   கை தி களில்   ஒருவர்   ஆங்கிலேயர்   மு கா மு க்கு   வ ந்து,   தான்   ப ழி தீர் த்த   பிற கே   கோட்டை யை க்   கா லி செய்ய ப்   போ வே ன்   என்று   ந ர பத்   சிங்   சொ ன்ன தை க்   கே ட்ட தாக   தளபதி யிடம்   தெரிவி த்தா ர்",64
93,"அந்தச் சமயத்தில், ராபர்ட் மாண்ட்கோமெரி என்பவரே லாகூர் ராணுவத்தின் தலைமை அதிகாரியாக இருந்தார்","அந்த ச்   சமய த்தில்,   ரா பர் ட்   மா ண்ட் கோ மெ ரி   என்ப வ ரே   லா கூர்   ராணுவ த்தின்   தலைமை   அதிகாரி யாக   இருந்தா ர்",24
94,"மியான் மீர் முகாமில் நால்வருக்கு ஒருவர் என்ற விகிதத்தில் ஆங்கிலேய வீரர்களை விட இந்தியச் சிப்பாய்கள் அதிகமாக இருந்தனர் என்றபோதிலும், மீரட்டிலிருந்து செய்தி வரும்வரை ஆங்கிலேய அதிகாரிகளுக்கு எந்தச் சந்தேகமும் எழவில்லை, எனினும் செய்தி வந்த பின்னரும் கூட மேற்படி சிப்பாய்களுக்கு மீரட் சிப்பாய்களுடன் ரகசியத் தொடர்பு உள்ளதா இல்லையா என்பதை அவர்களால் உறுதிசெய்ய முடியவில்லை","மி யா ன்   மீ ர்   மு கா மில்   நா ல் வருக்கு   ஒருவர்   என்ற   விகித த்தில்   ஆங்கிலேய   வீரர் களை   விட   இந்திய ச்   சி ப்பாய் கள்   அதிகமாக   இருந்த னர்   என்ற போதிலும்,   மீ ர ட்டி லிருந்து   செய்தி   வரும் வரை   ஆங்கிலேய   அதிகாரி களுக்கு   எந்த ச்   சந்தே க மும்   எ ழ வில்லை,   எனினும்   செய்தி   வந்த   பின்ன ரும்   கூட   மேற்ப டி   சி ப்பாய் களுக்கு   மீ ர ட்   சி ப்பாய் களுடன்   ர க சிய த்   தொடர்பு   உள்ள தா   இல்லை யா   என்பதை   அவர் களால்   உறுதி செய்ய   முடிய வில்லை",80
95,இவை ஒருவரை அடிமையாக்குவது மட்டுமல்லாமல் மூளைக்கும் தீங்கு விளைவிக்கலாம்,இவை   ஒரு வரை   அடி மை யா க்கு வது   மட்டு மல்லா மல்   மூ ளை க்கும்   தீ ங்கு   விளை வி க்கலாம்,19
96,தினமும் இரு தரப்பிலும் புதிய துருப்புகள் வந்திறங்கிக் கொண்டே இருந்தன,தின மும்   இரு   தர ப்பி லும்   புதிய   துரு ப்புகள்   வ ந்தி ற ங்கி க்   கொ ண்டே   இருந்த ன,18
97,தனிப்பட்ட குரோதம் இருந்திருந்தால் மங்கள் பாண்டேயின் பெயர் தியாகிகளின் பட்டியலில் இடம்பெறுவதற்குப் பதிலாக படுகொலை செய்தோர் பட்டியலில் இடம்பெற்றிருக்கும்,தனிப்பட்ட   கு ரோ தம்   இரு ந்திரு ந்தால்   ம ங்கள்   பா ண்டே யின்   பெயர்   தி யா கி களின்   பட்டிய லில்   இடம் பெறு வதற்கு ப்   பதி லாக   படு கொலை   செய் தோ ர்   பட்டிய லில்   இடம் பெற்றி ருக்கும்,35
98,"அவர் ஒரு கணம் என்னைப் பார்த்துவிட்டு, 'மன்னித்துவிடுங்கள், இங்கு இடம் காலியாக இல்லை' என்று பணிவாகக் கூறி அனுப்பிவிட்டார்","அவர்   ஒரு   க ணம்   என் னை ப்   பார் த்து விட்டு ,   ' மன் னி த்து விடு ங்கள்,   இங்கு   இடம்   கா லி யாக   இல்லை '   என்று   பணி வாக க்   கூறி   அனுப்பி விட்டா ர்",32
99,நமது வீடுகள் மற்றும் சுற்றுப் புறங்களிலிருந்து குப்பை அகற்றப்படாவிட்டால் என்ன நடக்கும் என்று எப்போதாவது யோசித்துப் பார்த்திருக்கிறீர்களா,ந மது   வீ டுகள்   மற்றும்   சுற்று ப்   புற ங்களிலிருந்து   கு ப்பை   அக ற்ற ப்படா விட்டா ல்   என்ன   நட க்கும்   என்று   எ ப்போ தாவது   யோ சி த்து ப்   பார் த்திரு க்கிறீ ர்களா,31
100,"சமீப ஆண்டுகளில், டிஜிட்டல் தொழில்நுட்பத்தின் பயன்பாட்டினால் நம்மைச் சுற்றியுள்ள உலகில் ஏராளமான மாற்றங்கள் ஏற்பட்டுள்ளன","சமீப   ஆண்டு களில்,   டி ஜி ட்ட ல்   தொழில்நுட்ப த்தின்   பயன் பா ட்டி னால்   ந ம் மை ச்   சு ற்றி யுள்ள   உல கில்   ஏராளமான   மாற்ற ங்கள்   ஏற்ப ட்டு ள்ள ன",29
101,"கடந்த காலத்தில் ஒரு கடிதம் சென்றடைய நாள்கணக்கில் ஆகும், ஒவ்வொரு பெறுநரும் தமக்குரிய பிரதியைப் பெற்று தனித்தனியே பதிலளிப்பார்கள்","கடந்த   காலத்தில்   ஒரு   கடி தம்   செ ன்ற டைய   நாள் கணக்கில்   ஆகும்,   ஒவ்வொரு   பெறு ந ரும்   த ம க்கு ரிய   பிரதி யை ப்   பெற்று   தனி த்தனி யே   பதி ல ளி ப்பா ர்கள்",31
102,புரட்சிகளுக்கு அடித்தளமாக இருக்கும் கொள்கை எந்தளவுக்கு நலமானது அல்லது கொடியது என்பதைப் பொறுத்தே அவற்றை இயக்கும் மனிதர்கள் புனிதர்களா கயவர்களா எனத் தீர்மானிகப்படுகிறது,புர ட்சி களுக்கு   அடி த்தள மாக   இருக்கும்   கொள் கை   எந்த ள வுக்கு   ந ல மான து   அல்லது   கொ டிய து   என்பதை ப்   பொறு த்தே   அவற்றை   இய க்கும்   மனித ர்கள்   பு னி தர் களா   க ய வர் களா   என த்   தீர் மானி க ப்படு கிறது,44
103,ஒவ்வொரு மனைவி இறந்தபோதும் அந்த இழப்பை ஈடுகட்டும் வகையில் கபா காந்தி அடுத்தடுத்து நான்கு முறை திருமணம் செய்துகொண்டார்,ஒவ்வொரு   மனைவி   இறந்த போது ம்   அந்த   இழ ப்பை   ஈடு கட்டு ம்   வகையில்   க பா   காந்தி   அடுத்த டுத்து   நான்கு   முறை   திரு மணம்   செய்து கொண்டா ர்,24
104,"நீதி, அடிமைத்தனத்திலிருந்து விடுதலை ஆகிய சிந்தனைகள் பற்றி மக்களுக்கு விழிப்புணர்வு ஏற்படுத்தும் நோக்கில் எழுதுவது எழுத்தாளர்களின் சமூகப் பொறுப்பாக மாறியது","நீதி ,   அடி மை த்தன த்திலிருந்து   விடு தலை   ஆகிய   சி ந்த னை கள்   பற்றி   மக்க ளுக்கு   விழி ப்பு ண ர் வு   ஏற்படுத்து ம்   நோ க்கில்   எழு து வது   எழுத்தா ளர் களின்   சமூக ப்   பொறு ப்பாக   மா றிய து",38
105,அவரது ஆற்றலையும் குணத்தையும் மதிப்பிடுவதற்கு இந்த ஒரு தகவல் மட்டுமே போதும்,அவரது   ஆ ற்ற லை யும்   கு ணத்தை யும்   மதி ப்பிடு வதற்கு   இந்த   ஒரு   தகவல்   மட்டுமே   போது ம்,17
106,"அந்த ஆயிரக்கணக்கான சிப்பாய்கள் பரிபூரண ஒழுங்கு மற்றும் அணிவரிசையில், இராணுவ இசை முழங்க, பலதரப்பட்ட கொடிகளையும் பதாகைகளையும் அசைத்தாட்டிக் கொண்டு நகருக்குள் நுழைவதை எங்களால் அந்த மலை முகட்டிலிருந்து தெளிவாகக் காணமுடிந்தது","அந்த   ஆயி ர க்கணக்கான   சி ப்பாய் கள்   பரி பூ ரண   ஒழு ங்கு   மற்றும்   அணி வரிசை யில்,   இராணுவ   இசை   மு ழ ங்க ,   பல தர ப்பட்ட   கொ டி களையும்   ப தா கை களையும்   அ சை த்தா ட்டி க்   கொண்டு   நக ருக்கு ள்   நுழை வதை   எ ங்களால்   அந்த   மலை   முக ட்டி லிருந்து   தெளிவாக க்   காண முடிந்த து",55
107,"அவர்கள் இருவரும் ஒருசேர ராமாயணத்தையும் மகாபாரதத்தையும் படித்திருந்தனர், ஒருசேர மராட்டியர்களின் போர் வீரச் செயல்களைப் பற்றியும் படித்திருந்தனர், அவர்களின் இளமைப் பருவ இதயங்களும் கூட ஒருசேரவே இந்துக்களின் தீரக் கதைகள் புகட்டும் உன்னதமான உத்வேகத்தைப் பெற்றுத் துடித்தன","அவர்கள்   இரு வரும்   ஒரு சேர   ரா மா ய ணத்தை யும்   மகா பாரத த்தையும்   படி த்திருந்த னர்,   ஒரு சேர   மரா ட்டி யர் களின்   போர்   வீர ச்   செயல் களை ப்   பற்றி யும்   படி த்திருந்த னர்,   அவர்களின்   இள மை ப்   பருவ   இத ய ங்களும்   கூட   ஒரு சேர வே   இந்து க்களின்   தீ ர க்   கதை கள்   பு கட்டு ம்   உ ன்ன தமான   உ த் வேக த்தை ப்   பெற்று த்   து டி த்தன",68
108,"போதுமான எண்ணிக்கையில் மேக அலையற்ற ஒளியியல் செயற்கைக்கோள் தரவுத் தொகுப்புகள் இல்லை, இது பருவமழைக் காலத்தில் வேளாண் பயன்பாடுகளுக்கு ஒளியியல் தொலைதூர நுண்ணுனர் தரவுகளைப் பிரயோகிப்பதற்கு பெரும் தடையாக இருக்கிறது","போது மான   எண்ணிக்கை யில்   மே க   அலை ய ற்ற   ஒளி யியல்   செய ற்கை க்கோ ள்   தர வு த்   தொகு ப்புகள்   இல்லை ,   இது   பருவமழை க்   காலத்தில்   வே ளா ண்   பயன் பாடு களுக்கு   ஒளி யியல்   தொலை தூர   நு ண் ணு னர்   தர வுகளை ப்   பிர யோ கி ப்பதற்கு   பெரும்   தடை யாக   இருக்கிற து",52
109,இணையத்தில் வைரஸ் உள்ள விளம்பரத்தைச் சொடுக்கினால் அது நமது கணினிக்கும் பரவிவிடலாம்,இணைய த்தில்   வை ரஸ்   உள்ள   விளம்பர த்தை ச்   சொ டு க்கி னால்   அது   ந மது   கணி னி க்கும்   பர வி விட லாம்,22
110,"தனது குகைக்கு ஆபத்து வருவதை அறிந்துகொண்ட அது, சில்லியன்வாலாவில் உள்ள தனது சிங்கக் குகையிலிருந்து வெளியே பாய்ந்து வந்து தன் எதிரியை நகங்களால் கோரமாகக் கிழித்து இரத்தகாயம் ஏற்படுத்தியது","தனது   குகை க்கு   ஆ பத்து   வரு வதை   அறி ந்து கொண்ட   அ து,   சி ல்லி யன் வா லா வில்   உள்ள   தனது   சிங்க க்   குகை யிலிருந்து   வெளியே   பாய் ந்து   வந்து   தன்   எதி ரி யை   நக ங்களால்   கோ ர மாக க்   கி ழி த்து   இர த்த கா யம்   ஏற்படு த்திய து",48
111,நானா அவர்களைத் தன்னுடன் அழைத்துக்கொண்டு பிட்டூருக்கு அணிவகுத்துச் சென்று கான்பூரை தாக்கப் போவதாக மிரட்டினார்,நா னா   அவர்களை த்   தன் னுடன்   அழைத்து க்கொண்டு   பி ட் டூ ருக்கு   அணி வகு த்து ச்   சென்று   கான் பூ ரை   தா க்க ப்   போ வதாக   மி ர ட்டி னார்,29
112,சேட்டும் அவருடைய கிளார்க்குகளும் என்னைச் சூழ்ந்துகொண்டனர்,சே ட்டு ம்   அவருடைய   கி ளா ர் க்கு களும்   என் னை ச்   சூழ் ந்து கொண்ட னர்,16
113,"அவருக்குப் பிறகு, இரண்டாம் செர்சீஸ் சிறிது காலத்திற்கு ஆட்சி செய்தார்","அவருக்கு ப்   பிறகு,   இரண்டாம்   செ ர் சீ ஸ்   சிறிது   காலத்திற்கு   ஆட்சி   செய்தா ர்",13
114,சகோதரர்கள் ஒருவர் மீது ஒருவர் மிகுந்த பாசம் கொண்டிருந்தனர்,சகோதர ர்கள்   ஒருவர்   மீது   ஒருவர்   மி குந்த   பா சம்   கொ ண்டிருந்த னர்,12
115,"இவர்கள் இந்த முன்மொழிவுத் திட்டத்தை ஏற்றுக்கொண்டால், பிறகு மற்றவர்களையும் அதை ஏற்கவைத்துவிடலாம் என்று நான் நினைத்தேன்","இ வர்கள்   இந்த   முன் மொழி வு த்   திட்ட த்தை   ஏற்று க்கொண்டா ல்,   பிறகு   மற்ற வர் களையும்   அதை   ஏற்க வைத்து விட லாம்   என்று   நான்   நினை த்தே ன்",26
116,"நகர்ப்புறங்களின் மிகத்துடிப்பான அம்சமாக இருப்பது, பல்வேறு போக்குவரத்து முறைகள் தான்","நகர்ப்புற ங்களின்   மிக த்து டி ப்பான   அம்ச மாக   இருப்ப து,   பல்வேறு   போக்குவரத்து   முறை கள்   தான்",15
117,"திடீரென்று செயலிழப்பு ஏற்பட்டால், ஒரு மீட்புச் செயல்முறையானது பதிவேட்டைப் பார்ப்பதன் மூலம் புலத்தில் சேமிக்கப்பட்டவை மற்றும் எழுதப்பட்டவை அனைத்தையும் படிப்படியாகத் தேடி சூழ்நிலைக்குப் பொருத்தமாக அந்தப் பதிவுகளை பழைய மதிப்புகளுக்கே மீட்கவோ அல்லது அவற்றில் புதிய மதிப்புகளை எழுதவோ முடியும் என்பதை ரைட்-அஹெட்-லாக் நெறிமுறை உறுதிசெய்கிறது","தி டீ ரெ ன்று   செய லி ழ ப்பு   ஏற்ப ட்டா ல்,   ஒரு   மீட் பு ச்   செயல் முறை யான து   பதி வே ட்டை ப்   பார் ப்ப தன்   மூலம்   பு ல த்தில்   சேமி க்கப்பட்ட வை   மற்றும்   எழுத ப்பட்ட வை   அனை த்தையும்   படி ப்படி யாக த்   தே டி   சூழ் நிலை க்கு ப்   பொருத்த மாக   அந்த ப்   பதி வுகளை   ப ழைய   மதிப்பு களு க்கே   மீட் க வோ   அல்லது   அவற்றில்   புதிய   மதி ப்புகளை   எழுத வோ   முடியும்   என்பதை   ரை ட் - அ ஹெ ட் - லாக்   நெ றி முறை   உறுதி செய் கிறது",86
118,"ஒரே சமயத்தில் பணத்தேவைச் சூழ்நிலையை ஏற்படுத்துவதற்கு இரண்டை விட்டுக்கொடுக்க வேண்டும்: முதலாவது, ஒன்றுக்கும் மேற்பட்ட தடுப்புகள் இருந்தால் தடுப்புகளைப் பெறுவதிலும் விடுவிப்பதிலும் அதிக நேரம் செலவாகும்; இரண்டாவது, சரியானது என நிரூபிக்கும் வாதங்கள் மேலும் சிக்கலாகிவிடும்","ஒரே   சமய த்தில்   பண த்தேவை ச்   சூழ் நிலையை   ஏற்படு த்துவதற்கு   இர ண்டை   விட்டு க்கொ டுக்க   வேண்டும் :   முத லா வது,   ஒன்று க்கும்   மேற்பட்ட   தடு ப்புகள்   இருந்தால்   தடு ப்புகளை ப்   பெறு வதி லும்   விடு வி ப்பதி லும்   அதிக   நேரம்   செல வா கும் ;   இரண்டா வது,   சரியான து   என   நி ரூ பி க்கும்   வா தங்கள்   மேலும்   சிக்க லா கி வி டும்",59
119,"நீச்சல் குளம் இருந்தால், நீரில் மூழ்கி உயிரைக் காப்பாற்றும் உத்தியை செய்துபார்த்துப் பழகுதே சிறந்த வழிமுறையாக இருக்கும்","நீ ச்சல்   கு ளம்   இருந்தால்,   நீ ரில்   மூ ழ் கி   உயி ரை க்   கா ப்பா ற்றும்   உ த்தி யை   செய்து பார் த்து ப்   பழ கு தே   சிறந்த   வழி முறையாக   இருக்கும்",30
120,"மாணவர்களுக்கு, நீச்சலின் போது கொடுக்க வேண்டிய முதலுதவி செய்முறை பற்றி ஏதேனும் சந்தேகங்கள் இருந்தால் அவர்களைக் கேள்விகள் கேட்க ஊக்குவிக்க வேண்டும்","மாண வர்களுக்கு ,   நீ ச்ச லின்   போது   கொ டுக்க   வேண்டிய   முத லு தவி   செய் முறை   பற்றி   ஏதேனும்   சந்தே க ங்கள்   இருந்தால்   அவர்களை க்   கேள்வி கள்   கேட் க   ஊக்குவி க்க   வேண்டும்",30
121,பஞ்சாப் சிப்பாய்கள் மத்தியில் எந்தளவுக்கு தேச விடுதலை வேட்கையின் எழுச்சி உருவாகியிருந்தது என்பதைக் கண்டறிவது அவசியமாக இருந்தது,பஞ்சாப்   சி ப்பாய் கள்   ம த்தி யில்   எந்த ள வுக்கு   தேச   விடு தலை   வே ட் கை யின்   எழு ச்சி   உருவா கி யி ருந்த து   என்பதை க்   கண்ட றி வது   அவசிய மாக   இருந்த து,33
122,இதுபோன்று பெருந்தன்மையுடன் மன்னிக்கும் இயல்பு எனது தந்தைக்குக் கிடையாது,இது போ ன்று   பெ ருந்த ன்மை யுடன்   மன் னி க்கும்   இ யல் பு   என து   தந்தை க்கு க்   கிடை யா து,21
123,"இந்தப் புரட்சி ஒரு வகையில் சர் ஹென்றிக்குப் பிடித்திருந்தது, ஏனென்றால் இப்போது அவர் வசம் தேர்ந்தெடுத்தாற்போல் ஒரு சிறிய விசுவாசமான படை இருந்தது, அதில் ஒரு ஆங்கிலேயர் படைப்பிரிவும் பீரங்கிப் படையும் இரண்டு சீக்கியர் மற்றும் இந்துஸ்தானியர் படைப்பிரிவுகளும் அடங்கியிருந்தன, அவர்கள் கடுமையான சோதனைகள் மூலம் தங்கள் ஆங்கிலேய விசுவாசம் நிரூபிக்கப்பட்டவர்களாக இருந்தனர்","இந்த ப்   புர ட்சி   ஒரு   வகையில்   சர்   ஹெ ன்றி க்கு ப்   பிடி த்திருந்த து,   ஏனெ ன்றால்   இப்போது   அவர்   வச ம்   தேர்ந்தெடு த்தா ற் போல்   ஒரு   சிறிய   வி சுவா சமான   படை   இருந்த து,   அதில்   ஒரு   ஆங்கிலேயர்   படை ப்பிரி வும்   பீ ர ங்கி ப்   படை யும்   இரண்டு   சீக்கிய ர்   மற்றும்   இந்து ஸ்தா னி யர்   படை ப்பிரி வு களும்   அட ங்கி யி ருந்த ன,   அவர்கள்   கடுமையான   சோதனை கள்   மூலம்   தங்கள்   ஆங்கிலேய   வி சுவா சம்   நி ரூ பி க்கப்பட்ட வர் களாக   இருந்த னர்",79
124,"சுற்றிலும் ஆயுதங்கள் சீராக வைக்கப்பட்டிருந்தன, காலையுணவு தயாராக இருந்தது, பசித்த வாய்கள் பருக்கைகளை மெல்ல ஆரம்பித்தன; கோப்பைகளில் பானம் நிரம்பியிருந்தது","சு ற்றி லும்   ஆயு தங்கள்   சீ ராக   வைக்க ப்பட்டி ருந்த ன,   கா லை யு ண வு   தயா ராக   இருந்த து,   ப சி த்த   வாய் கள்   ப ரு க்கை களை   மெ ல்ல   ஆ ரம் பி த்தன ;   கோப்பை களில்   பான ம்   நி ரம் பி யி ருந்த து",46
125,"பிரிட்டிஷ் சிப்பாய்களே, நீங்கள் வேர்வை சிந்திப் பாடுபட்டு காலையுணவைப் பெற்றிருக்கிறீர்கள், மேனியிலிருந்து தாராளமாக இரத்தம் சிந்தி அல்ல; எனவே, உங்கள் தளபதிகளுடன் சேர்ந்து மாந்தோப்புகளின் குளிர்ந்த நிழலில் காலையுணவை உண்டு மகிழுங்கள்","பிரிட்டிஷ்   சி ப்பாய் க ளே ,   நீங்கள்   வே ர் வை   சி ந்தி ப்   பாடு பட்டு   கா லை யு ண வை ப்   பெற்றி ரு க்கிறீ ர்கள்,   மே னி யிலிருந்து   தாரா ள மாக   இர த்தம்   சி ந்தி   அல்ல ;   எனவே ,   உங்கள்   தளபதி களுடன்   சேர்ந்து   மா ந்தோ ப்பு களின்   குளிர் ந்த   நி ழ லில்   கா லை யு ண வை   உ ண்டு   மகி ழு ங்கள்",62
126,"விதைகள் கன்றுகளாக வளர்ந்து செடிகளாக மாறுவதை அல்லது நாய்க்குட்டிகள் வளர்ந்து நாய்களாக மாறுவதை, பூனைக்குட்டிகள் வளர்ந்து பூனைகளாக மாறுவதை அல்லது இதுபோன்றவற்றை நீங்கள் பார்த்திருப்பீர்கள்","வி தை கள்   க ன்று களாக   வளர் ந்து   செ டி களாக   மாறு வதை   அல்லது   நா ய் க்கு ட்டி கள்   வளர் ந்து   நா ய் களாக   மாறு வதை ,   பூ னை க்கு ட்டி கள்   வளர் ந்து   பூ னை களாக   மாறு வதை   அல்லது   இது போன்ற வற்றை   நீங்கள்   பார் த்திரு ப்பீ ர்கள்",48
127,ஆண்பிள்ளைகளும் அதேயளவு பாலியல் வன்கொடுமைக்கு ஆளாகக்கூடியவர்களாக இருக்கின்றனர்,ஆண் பிள் ளை களும்   அதே ய ளவு   பாலி யல்   வன் கொடு மை க்கு   ஆ ளாக க்கூடிய வர் களாக   இரு க்கின்ற னர்,21
128,"ஜான்சியில் இடிமின்னல் தாக்கி அழிவுநாசம் ஏற்படுத்திக் கொண்டிருக்க, பங்கா தனது மகன்கள் ஸ்வராஜுக்காக தங்கள் வாள்களை உறையிலிருந்து உருவத் தயாராக இருப்பதைப் பார்த்து அவர்களை மிரட்டினாள், அவர்கள் வாள்களை உறையிலிருந்து உருவினால் தானே அந்நியர்களிடம் அவர்களுடைய திட்டங்களை வெளிப்படுத்தி அவர்களின் தலையை வெட்டிவிடுமாறு ஆலோசனை கூறப்போவதாகச் சொன்னாள்","ஜா ன்சி யில்   இ டி மி ன்ன ல்   தா க்கி   அழி வு நா சம்   ஏற்படு த்தி க்   கொ ண்டி ருக்க ,   ப ங்கா   தனது   மகன் கள்   ஸ் வரா ஜு க்காக   தங்கள்   வா ள் களை   உ றை யிலிருந்து   உருவ த்   தயா ராக   இருப்பதை ப்   பார் த்து   அவர்களை   மி ர ட்டி னா ள் ,   அவர்கள்   வா ள் களை   உ றை யிலிருந்து   உரு வி னால்   தா னே   அ ந் நி யர் களிடம்   அவர் களு டைய   திட்ட ங்களை   வெளி ப்படுத்தி   அவர்களின்   தலை யை   வெ ட்டி விடு மாறு   ஆலோசனை   கூற ப்போ வதாக ச்   சொ ன் னா ள்",92
129,"சண்டைப் படங்களைப் பிரபலமாக்கியதில் முக்கியப் பங்கு வகித்த படத் தயாரிப்பாளர்கள், வாடியா மூவிடோனைச் சேர்ந்த ஜேபிஎச் வாடியாவும் அவரது சகோதரர் ஹோமி வாடியாவும் தான்","சண்டை ப்   பட ங்களை ப்   பிரபல மா க்கிய தில்   முக்கிய ப்   பங்கு   வகி த்த   பட த்   தயாரி ப்பா ள ர்கள்,   வா டியா   மூ வி டோ னை ச்   சேர்ந்த   ஜே பி எ ச்   வா டியா வும்   அவரது   சகோதரர்   ஹோ மி   வா டியா வும்   தான்",43
130,"இவர்கள் இவ்வகைப் படங்களில் கோலோச்சினர், இதன் தொடக்கமாக தூஃபான் மெயில் (1932) என்ற ரயில்பாதை சண்டைப் படம் வந்தது, அதில் நகரும் ரயிலின் மேற்கூரை மீது நடக்கும் பல சண்டைக் காட்சிகள் இடம்பெற்றிருந்தன","இ வர்கள்   இவ் வகை ப்   பட ங்களில்   கோ லோ ச்சி னர்,   இதன்   தொடக்க மாக   தூஃ பா ன்   மெ யில்   ( 193 2 )   என்ற   ரயில் பாதை   சண்டை ப்   படம்   வந்த து,   அதில்   நக ரும்   ர யி லின்   மேற் கூ ரை   மீது   நட க்கும்   பல   சண்டை க்   காட்சி கள்   இடம் பெற்றி ருந்த ன",52
131,"அஸ்ஸாமி சினிமா என்பது அஸ்ஸாமி மொழித் திரைப்படங்களைக் குறிக்கிறது, அவை முதன்மையாக இந்தியாவின் அஸ்ஸாம் மாநிலத்தில் பார்க்கப்படுகின்றன","அ ஸ் ஸா மி   சி னி மா   என்பது   அ ஸ் ஸா மி   மொழி த்   திரைப்பட ங்களை க்   குறி க்கிற து,   அவை   முதன்மை யாக   இந்தியாவின்   அ ஸ் ஸா ம்   மாநிலத்தில்   பார் க்கப்படு கின்றன",32
132,புதினத்தைத் திரைப்படமாக மாற்றும் செயல்முறை முற்றிலும் வெளிப்படையானதல்ல,பு தின த்தை த்   திரைப்பட மாக   மா ற்றும்   செயல் முறை   மு ற்றி லும்   வெளி ப்படை யான த ல்ல,18
133,"அதைவிட முக்கியமாக, கால ரீதியாகவும் கோணத்திலும் ஒரு சூசகமான மாற்றம் ஏற்படுகிறது","அதை விட   முக்கியமாக ,   கால   ரீதியாக வும்   கோ ண த்திலும்   ஒரு   சூ சக மான   மாற்ற ம்   ஏற்படு கிறது",18
134,"அவை புதினத்தை உருமாற்றி விடுகின்றன, அதன் விளைவாக கலை இலக்கிய வகைகளின் ஒரு கலப்பு இனம் உருவாகிறது","அவை   பு தின த்தை   உரு மாற்றி   விடு கின்றன,   அதன்   விளைவாக   கலை   இலக்கிய   வகை களின்   ஒரு   கல ப்பு   இன ம்   உருவா கிறது",21
135,எஃப்டிடிஐ முதல் ஆன்லைன் திரைப்பட மதிப்பீடு படிப்பைத் தொடங்கி 15 ஜூன் முதல் 11 ஜூலை 2020 வரை அதை நடத்தியது,எஃப் டி டி ஐ   முதல்   ஆன்லை ன்   திரைப்பட   மதிப்பீ டு   படி ப்பை த்   தொடங்கி   15   ஜூன்   முதல்   11   ஜூலை   20 20   வரை   அதை   நட த்திய து,26
136,இந்தப் படிப்பு புனேவில் உள்ள இந்திய தேசிய திரைப்படக் காப்பகங்கள் நிறுவனத்துடன் இணைந்து ஏற்பாடு செய்யப்பட்டது,இந்த ப்   படி ப்பு   பு னே வில்   உள்ள   இந்திய   தேசிய   திரைப்பட க்   கா ப்ப க ங்கள்   நிறுவன த்துடன்   இணைந்து   ஏற்பாடு   செய்யப்பட்ட து,22
137,ஆலிவ் பச்சை சிஃபான் புடவை உடுத்தியிருந்த ஃபாத்மா பார்ப்பதற்கு அப்படியே நான் கற்பனை செய்திருந்த பேகம் போலவே இருந்தார்,ஆ லி வ்   ப ச்சை   சிஃ பா ன்   பு ட வை   உ டு த்தி யி ருந்த   ஃ பாத் மா   பார் ப்பதற்கு   அ ப்படி யே   நான்   க ற்பனை   செய் திரு ந்த   பே கம்   போல வே   இருந்தா ர்,36
138,"வரவிருக்கும் ஒரு புத்தகத்தில் அங்கம் வகிக்கும் அவரது இந்தக் கட்டுரை, சுரண்டல் சினிமாவின் நிழல் உலகைப் படம்பிடித்துக் காட்டுகிறது","வர விரு க்கும்   ஒரு   புத்தக த்தில்   அ ங்க ம்   வகி க்கும்   அவரது   இந்த க்   கட்டுரை ,   சு ர ண்ட ல்   சி னி மா வின்   நி ழ ல்   உல கை ப்   படம் பிடி த்து க்   காட்டு கிறது",36
139,"முழுநீள பேசும் வண்ணக் கார்ட்டூன் படங்கள் அவரது ஸ்னோ வைட் அண்ட் தி செவன் டுவார்ஃப்ஸ் (1937) முதற்கொண்டு ஒரு தனிவகையாக உருவெடுத்தன, அப்படம் ஒரு சிறப்பு ஆஸ்கர் விருதையும் வென்றது","முழு நீள   பேசு ம்   வ ண்ண க்   கார் ட் டூ ன்   பட ங்கள்   அவரது   ஸ் னோ   வை ட்   அ ண்ட்   தி   செ வன்   டு வா ர்ஃ ப் ஸ்   ( 193 7 )   முத ற் கொண்டு   ஒரு   தனி வகை யாக   உரு வெ டுத்த ன,   அ ப்பட ம்   ஒரு   சிறப்பு   ஆ ஸ் கர்   விருதை யும்   வென்ற து",55
140,அசலில் இந்த ஒலிப்பதிவு ஒரு மரபுவழி முன்வடிவங்களின் சம்பிரதாய விழா என்பது அவருடைய வாதம்,அ ச லில்   இந்த   ஒலி ப்பதி வு   ஒரு   மர பு வழி   முன் வடிவ ங்களின்   சம் பிர தா ய   விழா   என்பது   அவருடைய   வா தம்,23
141,"1912இல் தாதாசாஹேப் பால்கே முதல் இந்திய பொம்மைப் படத்தைத் தயாரித்தார், அதன்பின் அதில் ஒரு 40 ஆண்டுகால பெரு இடைவெளி ஏற்பட்டது","19 12 இல்   தா தா சா ஹே ப்   பால் கே   முதல்   இந்திய   பொ ம் மை ப்   பட த்தை த்   தயாரி த்தார்,   அதன் பின்   அதில்   ஒரு   40   ஆண்டு கால   பெரு   இடை வெளி   ஏற்பட்ட து",33
142,"1956இல் திரைப்படப் பிரிவு ஒரு பொம்மைப்பட உட்பிரிவை நிறுவியது, அங்கே டிஸ்னி பொம்மைப்படத் தயாரிப்பில் நெடுங்கால அனுபவமுள்ள கிளேர் வீக்ஸ் மாணவர்களுக்குப் பயிற்சியளிக்க அழைக்கப்பட்டார்","195 6இல்   திரைப்பட ப்   பிரிவு   ஒரு   பொ ம் மை ப்பட   உட் பிரி வை   நிறு விய து,   அ ங்கே   டி ஸ் னி   பொ ம் மை ப்பட த்   தயாரி ப்பில்   நெடு ங் கால   அனுப வ முள்ள   கி ளே ர்   வீ க்ஸ்   மாண வர்களுக்கு ப்   பயி ற் சிய ளி க்க   அழை க்க ப்பட்டா ர்",51
143,"இந்திய சினிமா அபரிமிதமாகத் திரைப்படங்களைத் தயாரிப்பதில் உலகப்புகழ் பெற்றது: அதன் எண்ணிக்கை தொடர்ந்து அதிகரித்த வண்ணம் இருக்கிறது, சமீபத்திய ஆதாரங்கள் தரும் கணக்கீட்டின் படி ஆண்டுதோறும் மெட்ராஸ், பெங்களூர், கல்கத்தா, ஐதராபாத் உள்ளிட்ட வெவ்வேறு மாநகரங்களில் மொத்தம் சுமார் 800 திரைப்படங்கள் தயாரிக்கப்படுகின்றன","இந்திய   சி னி மா   அ பரி மித மாக த்   திரைப்பட ங்களை த்   தயாரி ப்பதில்   உலக ப்பு கழ்   பெற்ற து :   அதன்   எண்ணிக்கை   தொடர்ந்து   அதிகரி த்த   வ ண் ணம்   இருக்கிற து,   சமீப த்திய   ஆதார ங்கள்   த ரும்   கண க் கீ ட்டின்   படி   ஆண்டு தோ றும்   மெட் ரா ஸ்,   பெ ங்க ளூ ர்,   கல் க த்தா ,   ஐ தரா பாத்   உள்ளிட்ட   வெவ்வேறு   மா நகர ங்களில்   மொத்தம்   சுமார்   8 00   திரைப்பட ங்கள்   தயாரி க்கப்படு கின்றன",72
144,"இந்தி, உருது என்ற இரண்டு சகோதர மொழிகளும் ஆறு வட மாநிலங்களில் பேசப்பட்டு இந்தியத் துணைக் கண்டத்தில் 500 மில்லியனுக்கும் மேற்பட்ட மக்களால் புரிந்துகொள்ளப்படுகின்றன, ஆக 1931இல் இந்திய வெள்ளித் திரைக்குப் பேச்சுத் தொழிநுட்பம் வந்தபோது இவ்விரண்டும் இந்தியாவின் பதினான்கு அரசு மொழிகளிடையே முன்னுரிமை பெற்று இந்திய வெகுஜன சினிமாவின் மொழிகளாக மாறியதற்கு இந்த ஒரு காரணமே போதும்","இந்தி ,   உரு து   என்ற   இரண்டு   சகோதர   மொழி களும்   ஆறு   வட   மாநில ங்களில்   பேச ப்பட்டு   இந்திய த்   துணை க்   கண்ட த்தில்   500   மில்லி ய னு க்கும்   மேற்பட்ட   மக்க ளா ல்   புரி ந்துகொள்ள ப்படுகின்றன,   ஆக   193 1இல்   இந்திய   வெ ள்ளி த்   திரை க்கு ப்   பேச்சு த்   தொழி நுட்ப ம்   வந்த போது   இவ் விர ண்டு ம்   இந்தியாவின்   பதி னா ன்கு   அரசு   மொழி களி டையே   முன் னு ரிமை   பெற்று   இந்திய   வெகு ஜன   சி னி மா வின்   மொழி களாக   மா றிய தற்கு   இந்த   ஒரு   காரண மே   போது ம்",84
145,இந்தியத் திரையுலகம் ஒருபோதும் கலப்பு ஒலியை புரிந்துகொள்ளவில்லை என்று சென்னையைச் சேர்ந்த விருதுபெற்ற திரைப்பட வல்லுநரும் ஆசிரியருமான கே,இந்திய த்   திரை யு ல கம்   ஒரு போது ம்   கல ப்பு   ஒலி யை   புரி ந்துகொள்ள வில்லை   என்று   சென்னை யை ச்   சேர்ந்த   விருது பெற்ற   திரைப்பட   வல் லு ந ரும்   ஆ சிரிய ரு மான   கே,33
146,ஹரிஹரன் கூறுகிறார்,ஹரி ஹ ரன்   கூறு கிறா ர்,6
147,"ஆக, ஐரோப்பிய மற்றும் அமெரிக்க திரைப்படத் துறையைப் போலவே இந்திய சினிமாவும் நூறு வருட வரலாற்றைக் கொண்டுள்ளது","ஆக ,   ஐரோ ப்பிய   மற்றும்   அமெரிக்க   திரைப்பட த்   துறை யை ப்   போல வே   இந்திய   சி னி மா வும்   நூ று   வரு ட   வரலா ற்றை க்   கொண்டு ள்ள து",28
148,"1960களில் திரைப்படக் கோட்பாடு குறித்த இந்த மீளாய்வு (1950களில் ஏற்பட்டது போல்) திரைப்பட விமர்சனங்கள் வாயிலாக ஏற்படவில்லை, மாறாக கட்டமைப்பு மொழியியல் மற்றும் பொருட்குறியியல் எனும் பிற துறைகள் வாயிலாக ஏற்பட்டன என்ற கருத்தை வலியுறுத்திக் கூறுவதும் முக்கியம்","196 0 களில்   திரைப்பட க்   கோட் பாடு   குறித்த   இந்த   மீ ளா ய்வு   ( 19 50 களில்   ஏற்பட்ட து   போல் )   திரைப்பட   விமர்சன ங்கள்   வா யி லாக   ஏற்பட வில்லை,   மா றாக   கட்ட மைப்பு   மொழி யியல்   மற்றும்   பொருட் குறி யியல்   எனும்   பிற   துறை கள்   வா யி லாக   ஏற்பட்ட ன   என்ற   கரு த்தை   வலியுறு த்தி க்   கூறு வது ம்   முக்கிய ம்",58
149,"இதே போக்கு 1970களில் மனநலப் பகுப்பாய்வு மற்றும் மெய்யியலால் உந்தப்பட்ட விவாதத்தின் மூலமும், பிறகு 1980களில் வரலாறு மூலமும் மீண்டும் காணப்பட்டது","இதே   போக்கு   197 0 களில்   மன ந ல ப்   ப கு ப்பா ய்வு   மற்றும்   மெ ய் யி ய லால்   உ ந்த ப்பட்ட   வி வாத த்தின்   மூல மும்,   பிறகு   198 0 களில்   வரலா று   மூல மும்   மீண்டும்   காண ப்பட்ட து",39
150,புது யுக இந்திய சினிமா போன்ற மேலும் சில நவீனக் கண்ணோட்டங்கள் உருவாகி வழமையான பாலிவுட் அழகியல் மரபை மாற்றியமைக்க முற்படுகிறது,புது   யு க   இந்திய   சி னி மா   போன்ற   மேலும்   சில   நவீன க்   கண் ணோ ட்ட ங்கள்   உருவா கி   வழ மையான   பாலி வு ட்   அழ கி யல்   மர பை   மாற்றிய மை க்க   மு ற்ப டு கிறது,35
151,மேற்கத்திய நாகரிகம் இரண்டறக் கலந்துவிட்டுள்ள போதிலும் பாரம்பரியமும் பல்வேறுபட்ட பன்மொழித் தேசம் என்ற அதன் உண்மையான உயிரோட்டமும் தெளிவாகத் தெரிகிற சமகால இந்தியா எனும் கருத்தோட்டத்தை இந்த மையக்கருத்துகள் காட்டுகின்றன,மேற்கத்திய   நா கரி கம்   இர ண்ட ற க்   கல ந்து விட்டு ள்ள   போதி லும்   பாரம்பரிய மும்   பல்வேறு பட்ட   பன் மொழி த்   தேச ம்   என்ற   அதன்   உண்மையான   உயி ரோ ட்ட மும்   தெளிவாக த்   தெரி கிற   சம கால   இந்தியா   எனும்   கரு த்தோ ட்ட த்தை   இந்த   மைய க்கரு த்து கள்   காட்டு கின்றன,49
152,"இப்போதெல்லாம் திரைப்படங்கள் இந்தியாவின் பன்முகத்தன்மையை ஒன்றுதிரட்டுகின்றன, இதற்கு தாய்மை மற்றும் பழிவாங்குதல் போன்ற மையக்கருத்துகள் அடிக்கடி வருகிற செவ்விய சமஸ்கிருத காப்பியங்களின் தாக்கத்தையும், இந்தியாவின் சமூகப் படிநிலைக்கு இசைந்த பாரம்பரிய விழுமியங்களைப் பாதுகாக்கும் முயற்சிகளையும் அவை பயன்படுத்துகின்றன","இ ப்போ தெ ல் லாம்   திரைப்பட ங்கள்   இந்தியாவின்   பன் முக த்தன்மை யை   ஒன்று தி ர ட்டு கின்றன,   இதற்கு   தாய் மை   மற்றும்   ப ழி வாங்கு தல்   போன்ற   மைய க்கரு த்து கள்   அடிக்கடி   வரு கிற   செ வ் விய   சமஸ் கிரு த   கா ப்பிய ங்களின்   தா க்கத்தை யும்,   இந்தியாவின்   சமூக ப்   படி நிலை க்கு   இசை ந்த   பாரம்பரிய   வி ழு மிய ங்களை ப்   பாதுகா க்கும்   முயற்சி களையும்   அவை   பயன்படுத்து கின்றன",66
153,"இந்தத் தாக்கம் திரைப்படங்களின் கதைசொல்லும் அமைப்பிலும் வெளிப்படுகிறது, பெரும்பாலும் அதனுடன் கிளைக்கதைகளும் சேர்ந்திருப்பதால் இந்தியத் திரைப்படங்கள் மேற்குலக நேயர்களுக்கு வெகு நீளமாகத் தெரிகின்றன","இந்த த்   தா க்கம்   திரைப்பட ங்களின்   கதை சொல் லும்   அமை ப்பி லும்   வெளி ப்படுகிறது,   பெரும்பாலும்   அத னுடன்   கிளை க்கதை களும்   சேர் ந்திரு ப்ப தால்   இந்திய த்   திரைப்பட ங்கள்   மேற்கு ல க   நே யர் களுக்கு   வெகு   நீள மாக த்   தெரி கின்றன",40
154,பிரத்தியேகமாக ஆண்களின் கண்ணோட்டத்தில் கதைகூறும் வழக்கை நாம் இயல்பாக ஏற்றுக்கொள்கிறோம்,பிர த்தி யே கமாக   ஆண் களின்   கண் ணோ ட்ட த்தில்   கதை கூறு ம்   வழ க்கை   நா ம்   இ யல் பாக   ஏற்று க்கொள் கி றோ ம்,25
155,"1960இல் முறைசார்ந்த படிப்புகள் தொடங்கப்பட்டது முதல், இக்கல்வி நிறுவனம் தொடர்ந்து பயிற்றுமுறைத் திட்டத்தை மேம்படுத்தியும், திரைப்படக் கல்வியின் தரத்தைச் செறிவாக்கியும், உள்கட்டமைப்பை விரிவுபடுத்தியும் ஓர் உண்மையான தலைசிறந்த கல்வி மையமாகத் திகழும் தனது பொறுப்பை நிறைவேற்றி வந்துள்ளது","196 0 இல்   முறை சார்ந்த   படி ப்புகள்   தொடங்க ப்பட்ட து   முத ல்,   இ க்கல் வி   நிறுவனம்   தொடர்ந்து   பயி ற்று முறை த்   திட்ட த்தை   மேம்ப டு த்தி யும்,   திரைப்பட க்   கல்வி யின்   தர த்தை ச்   செ றி வா க்கி யும்,   உள் கட்ட மை ப்பை   விரி வு படுத்தி யும்   ஓர்   உண்மையான   தலை சிறந்த   கல்வி   மையமாக த்   தி க ழும்   தனது   பொறு ப்பை   நிறை வே ற்றி   வந்து ள்ள து",66
156,இந்தக் கல்வி நிறுவனம் படமெடுக்கும் கலை மற்றும் நுட்பத்தில் ஒரு புதிய பாதை நோக்கி பல மைல்கற்களைக் கடந்துள்ளது,இந்த க்   கல்வி   நிறுவனம்   பட மெ டு க்கும்   கலை   மற்றும்   நுட்ப த்தில்   ஒரு   புதிய   பாதை   நோக்கி   பல   மைல் கற் களை க்   கட ந்துள்ள து,24
157,"ஆங்கிலத்தில் இந்தியக் கூற்றுகளின் தோற்றத்திற்கு வரலாற்று ரீதியான வளர்ச்சியை வரலாற்றுத் தருணமாக எடுத்துக்கொள்வது இந்தியாவில் சினிமா தயாரிப்புப் புலம் குறித்து தெளிவுபெற உதவுகிறது, அதாவது இந்திய சினிமாவை மற்ற சினிமா அல்லது மற்ற நாடுகளின் சினிமா எனக் கருதும் போக்கு நிலவுகிறது, இந்தச் சொற் பிரயோகம் சூசகமாக ஒரு விளிம்புநிலைக் கண்ணோட்டத்தை ஏற்படுத்துகிறது","ஆங்கில த்தில்   இந்திய க்   கூற்று களின்   தோ ற்ற த்திற்கு   வரலாற்று   ரீ தியான   வளர்ச்சி யை   வரலாற்று த்   த ரு ண மாக   எடுத்து க்கொள் வது   இந்தியாவில்   சி னி மா   தயாரி ப்பு ப்   பு லம்   குறித்து   தெளி வு பெற   உத வு கிறது,   அதாவது   இந்திய   சி னி மா வை   மற்ற   சி னி மா   அல்லது   மற்ற   நாடு களின்   சி னி மா   என க்   கரு தும்   போக்கு   நில வு கிறது,   இந்த ச்   சொ ற்   பிர யோ கம்   சூ ச கமாக   ஒரு   வி ளி ம்பு நிலை க்   கண் ணோ ட்ட த்தை   ஏற்படுத்து கிறது",86
158,"வசனங்கள் இடையிடையே தோன்றிய வரிகளில் காட்டப்பட்டன, அவை பெரும்பாலும் ஆங்கிலத்திலும் இரண்டு மூன்று இந்திய மொழிகளிலும் இருந்தன","வச ன ங்கள்   இடை யி டையே   தோன் றிய   வரி களில்   காட்ட ப்பட்ட ன,   அவை   பெரும்பாலும்   ஆங்கில த்திலும்   இரண்டு   மூன்று   இந்திய   மொழி களிலும்   இருந்த ன",24
159,"பொருளாதாரப் பெருமாற்றங்கள், செயற்கைக்கோள் தொலைக்காட்சியின் வருகை, மேற்கத்திய ஒலி மற்றும் தயாரிப்பு நுட்பங்களுக்கான அணுகல் அதிகரிப்பு, அதிக முறைசார்ந்த விநியோகம், உலகெங்கும் இந்தி சினிமாவை காட்சிப்படுத்துதல் ஆகிய அனைத்தும் குறிப்பிடத்தக்க பங்கு வகிக்கின்றன","பொருளாதார ப்   பெரு மாற்ற ங்கள்,   செய ற்கை க்கோ ள்   தொலைக்காட்சி யின்   வருகை ,   மேற்கத்திய   ஒலி   மற்றும்   தயாரி ப்பு   நுட்ப ங்களு க்கான   அணு கல்   அதிகரி ப்பு,   அதிக   முறை சார்ந்த   விநி யோக ம்,   உல கெ ங்கும்   இந்தி   சி னி மா வை   காட்சி ப்படுத்து தல்   ஆகிய   அனைத்து ம்   குறிப்பிடத்தக்க   பங்கு   வகி க்கின்ற ன",50
160,"இவர்களின் கரங்களில் சினிமா அதன் காட்சிப் பண்பை பெரியளவில் இழந்து ஓர் இலக்கிய, சொல்வசனப் படைப்பாக மாறியது","இவர் களின்   கர ங்களில்   சி னி மா   அதன்   காட்சி ப்   பண் பை   பெரிய ளவில்   இழ ந்து   ஓர்   இலக்கிய ,   சொல் வச ன ப்   படை ப்பாக   மா றிய து",28
161,"சில சமயங்களில் பியானோ மட்டுமே பக்கவாத்தியமாக இருந்தது, எனினும் பல படங்களில் வயலின், ஹார்மோனியம், தபலா மற்றும் பிற இசைக்கருவிகளும் சேர்க்கப்பட்டன","சில   சமய ங்களில்   பி யா னோ   மட்டுமே   பக்க வா த்திய மாக   இருந்த து,   எனினும்   பல   பட ங்களில்   வய லி ன்,   ஹா ர் மோ னிய ம்,   த ப லா   மற்றும்   பிற   இசை க்கரு வி களும்   சேர் க்கப்பட்ட ன",37
162,நிகழ்ச்சியிலேயே இசை வாசிக்கப்பட்டு அது கதைக்கு உயிரூட்டியது,நிகழ்ச்சி யி லேயே   இசை   வாசி க்கப்பட்டு   அது   கதை க்கு   உயி ரூ ட்டிய து,13
163,சண்டைப் படங்களும் சாகசப் படங்களும் எல்லோரையும் கவரக்கூடியதாக இருக்கவில்லை: படித்த வர்க்கத்தினர் அவற்றை பண்பற்ற வெகுஜனச் சீர்கேடு என்று கருதினர்,சண்டை ப்   பட ங்களும்   சாக ச ப்   பட ங்களும்   எல் லோ ரை யும்   க வர க்கூடிய தாக   இருக்க வில்லை :   படி த்த   வர் க்க த்தி னர்   அவற்றை   பண் ப ற்ற   வெகு ஜன ச்   சீ ர் கே டு   என்று   கரு தி னர்,41
164,"திரைப்படப் பாணிகளில் ஏற்பட்ட இந்தப் பிரிவு காரணமாகத் தான், மேல்தட்டு மக்களுக்கான படங்கள் என்றும் வெகுஜனங்களுக்கான படங்கள் என்றும் திரைப்படங்களை இரு முக்கிய வகைகளில் ஒன்றாக விநியோகஸ்தர்களும் தயாரிப்பாளர்களும் பார்க்கின்றனர்","திரைப்பட ப்   பாணி களில்   ஏற்பட்ட   இந்த ப்   பிரிவு   காரணமாக த்   தான் ,   மேல் த ட்டு   மக்க ளு க்கான   பட ங்கள்   என்றும்   வெகு ஜன ங்களு க்கான   பட ங்கள்   என்றும்   திரைப்பட ங்களை   இரு   முக்கிய   வகை களில்   ஒன்றாக   விநி யோக ஸ் தர் களும்   தயாரி ப்பாளர் களும்   பார் க்கின்ற னர்",46
165,குளிர்காலத்தில் நடக்கும் திரைப்பட மதிப்பீடு படிப்பு 23 நவம்பர் 2020 அன்று தொடங்கப்பட்டது,குளிர் காலத்தில்   நட க்கும்   திரைப்பட   மதிப்பீ டு   படி ப்பு   23   நவம்பர்   20 20   அன்று   தொடங்க ப்பட்ட து,17
166,"ஆக, நமது கவனமும் ஆர்வமும், சமூகப் பொருளாதார ரீதியாக அல்லது அரசியல் ரீதியாக நாவல் குறிப்பிடும் காலத்தை விட்டுவிட்டு (ஆடை அலங்காரம் ரீதியாகக் குறிப்பிடப்படும்) அந்தக் காலகட்டத்தை நோக்கி நகர்கிறது","ஆக ,   ந மது   கவன மும்   ஆர்வ மும்,   சமூக ப்   பொருளாதார   ரீதியாக   அல்லது   அரசியல்   ரீதியாக   நா வல்   குறிப்பி டும்   கால த்தை   விட்டு விட்டு   ( ஆடை   அல ங்கா ரம்   ரீதியாக க்   குறிப்பிட ப்படும் )   அந்த க்   காலகட்ட த்தை   நோக்கி   நகர் கிறது",40
167,இதன் முன்னாள் மாணவர்கள் படமெடுப்பதில் கைதேர்ந்தவர்களாகி தொடர்ந்து பரிசும் பாராட்டும் பெற்று வருகின்றனர்,இதன்   முன்னாள்   மாண வர்கள்   பட மெ டு ப்பதில்   கை தேர் ந்த வர் களா கி   தொடர்ந்து   பரிசு ம்   பாரா ட்டு ம்   பெற்று   வரு கின்ற னர்,24
168,அதிநவீன வசதிகள் கொண்ட எஃப்டிஐஐ ஒரு படைப்பாற்றல் சூழலை உருவாக்கித் தந்து வளர்ந்துவரும் திரைப்படத் தயாரிப்பாளர்கள் கலையில் புதுமையை வெளிப்படுத்த உற்சாகமூட்டுகிறது,அதி நவீன   வசதி கள்   கொண்ட   எஃப் டி ஐ ஐ   ஒரு   படை ப்பா ற்ற ல்   சூழ லை   உருவாக்கி த்   த ந்து   வளர் ந்து வரும்   திரைப்பட த்   தயாரி ப்பா ளர்கள்   கலை யில்   புது மையை   வெளி ப்படுத்த   உ ற் சாக மூ ட்டு கிறது,40
169,"வாசகர்களாகிய நாம் நாவலின் நிகழ்காலத்தையே ரசிக்கிறோம், அதாவது ஆஸ்டனின் கதாநாயகிகளோ பேக்னாலின் மற்றும் ஃபோர்ஸ்டரின் கதாபாத்திரங்களோ வாழ்ந்து அனுபவித்த தருணங்களை, அந்தக் கற்பனையான கடந்த காலத்தை ரசிக்கிறோம், அசல் நாவல் எழுதப்பட்ட நிகழ்காலத்தை அல்ல, இவ்விரு நிகழ்காலங்களும் ஒன்றுக்கொன்று அவசியமற்றதாக உள்ளன","வா ச கர் களா கிய   நா ம்   நா வ லின்   நிகழ் கால த்தை யே   ர சிக்கி றோ ம்,   அதாவது   ஆ ஸ் ட னின்   க தா நாய கி க ளோ   பே க் னா லின்   மற்றும்   ஃ போர் ஸ் ட ரின்   கதாபாத்திர ங்க ளோ   வாழ் ந்து   அனுப வி த்த   த ரு ண ங்களை ,   அந்த க்   க ற்பனை யான   கடந்த   கால த்தை   ர சிக்கி றோ ம்,   அ சல்   நா வல்   எழுத ப்பட்ட   நிகழ் கால த்தை   அல்ல ,   இவ் விரு   நிகழ் கால ங்களும்   ஒன்று க்கொ ன்று   அவசிய மற்ற தாக   உள்ளன",87
170,"மண் அலகின் உருவமைப்புக் குறிப்பு விளைநிலத்தில் வைத்துச் செய்யப்படுகிறது, அதன் பண்பறிதலும் வகைப்படுத்தலும் மாதிரிகளைக் கொண்டு ஆய்வகச் சோதனைகள் மூலம் மேற்கொள்ளப்படுகின்றன","மண்   அல கின்   உருவ மைப்பு க்   குறி ப்பு   விளை நில த்தில்   வைத்து ச்   செய்ய ப்படுகிறது,   அதன்   பண் ப றி த லும்   வகை ப்படுத்த லும்   மாதிரி களை க்   கொண்டு   ஆய் வ க ச்   சோதனை கள்   மூலம்   மேற்கொள்ள ப்படு கின்றன",38
171,"வரைபடத்தில் உள்ள வரையறுக்கப்பட்ட தொகுதிகளுக்கு குறிப்பிட்ட சின்னம், நிறம் மற்றும் பெயர் வழங்கப்படுகின்றன","வரை பட த்தில்   உள்ள   வரைய று க்கப்பட்ட   தொகுதி களுக்கு   குறிப்பிட்ட   சி ன்ன ம்,   நிற ம்   மற்றும்   பெயர்   வழங்க ப்படு கின்றன",20
172,நீர்ச் சமநிலையை அளவிடுவதற்கு தாந்த்வெயிட் மற்றும் மாதெர் முன்வடிவம் பரவலாகப் பயன்படுத்தப்படுகிறது,நீர் ச்   சம நிலையை   அள விடு வதற்கு   தா ந்த் வெ யி ட்   மற்றும்   மா தெ ர்   முன் வடிவ ம்   பரவலாக ப்   பயன்படுத்த ப்படு கிறது,24
173,"பூமியின் மேற்பரப்பிலிருந்து 60 மைல்களுக்கு (100 கிமீ) மேலே, காற்றின் வேதி உள்ளடக்கம் பெரிதும் உயரத்தைச் சார்ந்துள்ளது, அங்கே வளிமண்டலத்தில் இலகுவான வாயுக்கள் (அணுநிலை ஆக்சிஜன், ஹீலியம் மற்றும் ஹைட்ரஜன்) செறிவாக உள்ளன","பூமி யின்   மேற்ப ர ப்பி லிருந்து   60   மைல் களுக்கு   ( 100   கிமீ )   மே லே ,   கா ற்றின்   வே தி   உள்ளட க்கம்   பெரி தும்   உயர த்தை ச்   சார் ந்துள்ள து,   அ ங்கே   வளி மண்டல த்தில்   இல கு வான   வா யு க்கள்   ( அணு நிலை   ஆ க் சி ஜ ன்,   ஹீ லி யம்   மற்றும்   ஹை ட் ர ஜ ன் )   செ றி வாக   உள்ளன",63
174,பருவநிலை மாற்றம் சில விவசாயப் பகுதிகளை விளைச்சலுக்கு அதிகப் பொருத்தம் கொண்டதாகவும் வேறுசில பகுதிகளை குறைந்த பொருத்தம் கொண்டதாகவும் மாற்றுகிறது,பருவ நிலை   மாற்ற ம்   சில   விவசாய ப்   பகுதிகளை   விளை ச்ச லுக்கு   அதிக ப்   பொரு த்தம்   கொண்ட தாகவும்   வேறு சில   பகுதிகளை   குறைந்த   பொரு த்தம்   கொண்ட தாகவும்   மாற்று கிறது,27
175,"சேகரிக்கப்படும் தகவல்களின் வகை, ஒரு தலத்தைச் சித்தரிக்கும் விரிவான குறிப்புகள் முதல் அத்தலத்தின் புகைப்படம் வரை என பலதரப்பட்டதாக இருக்கலாம்","சே கரி க்கப்படும்   தகவல் களின்   வகை ,   ஒரு   த ல த்தை ச்   சி த்தரி க்கும்   விரி வான   குறி ப்புகள்   முதல்   அ த்தல த்தின்   பு கை ப்பட ம்   வரை   என   பல தர ப்பட்ட தாக   இருக்க லாம்",35
176,"மார்ச் மாதம் பெரும்பாலான இடங்களில் வெப்ப அலை வீசியது, மார்ச் 29 - 31 வரை மேற்கு ராஜஸ்தானில் ஆங்காங்கே சில இடங்களில் கடுமையான வெப்ப அலை நிலைமைகள் நிலவியது","மார்ச்   மாதம்   பெரும்பாலான   இடங்களில்   வெப்ப   அலை   வீ சிய து,   மார்ச்   2 9   -   3 1   வரை   மேற்கு   ராஜஸ்தா னில்   ஆ ங்கா ங்கே   சில   இடங்களில்   கடுமையான   வெப்ப   அலை   நிலை மை கள்   நில விய து",33
177,கதிரியக்க அளவியல் ரீதியாகச் சரிசெய்யப்பட்ட கலப்புக் காட்சிகளிலும் கூட சிறிது இரைச்சல் இருக்கத்தான் செய்யும்,க தி ரிய க்க   அள வியல்   ரீதியாக ச்   சரி செய்யப்பட்ட   கல ப்பு க்   காட்சி களிலும்   கூட   சிறிது   இ ரை ச்சல்   இருக்க த்தா ன்   செய்யும்,24
178,"இதற்கு மிக முக்கியக் காரணிகளாக இருப்பவை, மற்றபடி தெளிவாக இருக்கும் வானத்தில் உள்ள மூடுபனி, புகை அல்லது திரள் மேகம் போன்ற அந்தந்தப் பகுதிசார்ந்த வளிமண்டல விளைவுகள்","இதற்கு   மிக   முக்கிய க்   கார ணி களாக   இருப்ப வை ,   மற்ற படி   தெளிவாக   இருக்கும்   வான த்தில்   உள்ள   மூ டு பனி ,   பு கை   அல்லது   தி ர ள்   மே கம்   போன்ற   அந்த ந்த ப்   பகுதி சார்ந்த   வளி மண்டல   விளை வுகள்",39
179,"இந்தக் காரணங்களினால், சமீப ஆண்டுகளில் நடந்த ஆராய்ச்சிகள் கலப்புப் பிம்பங்களைப் பயன்படுத்துமாறு வலியுறுத்துகின்றன","இந்த க்   காரண ங்களி னால்,   சமீப   ஆண்டு களில்   நடந்த   ஆராய்ச்சி கள்   கல ப்பு ப்   பி ம்ப ங்களை ப்   பயன்படுத்து மாறு   வலியுறு த்து கின்றன",23
180,புயல் உருவாக்கத்துக்கு அடிவளிமண்டலத்தின் கீழ் மற்றும் நடுப்பகுதிகளில் உயரளவு சார்பு ஈரப்பதம் இருப்பதும் அவசியம்,பு யல்   உருவாக்க த்துக்கு   அடி வளி மண்டல த்தின்   கீழ்   மற்றும்   நடு ப்பகுதி களில்   உயர ளவு   சார் பு   ஈ ரப்ப தம்   இருப்பது ம்   அவசிய ம்,24
181,"அதேபோல், தற்போது குறைந்த மதிப்புள்ள உயிரினங்கள் அதிகமிருக்கும் வனப்பகுதி எதிர்காலத்தில் அதிக மதிப்பு பெறலாம், அதேவேளை இதற்கு எதிரெதிர் மாறான நிலைமையும் ஏற்படலாம்","அதே போ ல்,   தற்போது   குறைந்த   மதிப்பு ள்ள   உயிரி ன ங்கள்   அதிக மி ருக்கும்   வன ப்பகுதி   எதிர் காலத்தில்   அதிக   மதிப்பு   பெற லாம்,   அதே வேளை   இதற்கு   எதி ரெ திர்   மா றா ன   நிலை மை யும்   ஏற்பட லாம்",35
182,"எனினும் இந்த அணுகுமுறை அடிப்படையில் ஒரு குறிப்பிட்ட அளவுக்கு மேல் உதவாது, ஏனென்றால் ஒரு காட்சியில் அடங்கும் பரப்பின் அளவு கூடும்போது மேக அலையற்ற காட்சிகளைப் பெறுவதற்கான வாய்ப்பு குறைந்துபோகிறது","எனினும்   இந்த   அணு கு முறை   அடிப்படையில்   ஒரு   குறிப்பிட்ட   அள வுக்கு   மேல்   உத வா து,   ஏனெ ன்றால்   ஒரு   காட்சி யில்   அடங்கு ம்   பர ப்பின்   அளவு   கூ டும் போது   மே க   அலை ய ற்ற   காட்சி களை ப்   பெறு வதற்கான   வாய்ப்பு   குறை ந்து போ கிறது",42
183,"இந்த வழிமுறையில், மல்டிவேரியேட் அடாப்டிவ் ரிக்ரஷன் ஸ்பிலைன்ஸ் (எம்ஏஆர்எஸ்) பயன்படுத்தி மண்ணின் தெறிப்புத்திறன் ரீதியாக மண்ணின் பண்புகளுக்கு அளவீடு அமைக்க முயற்சி மேற்கொள்ளப்பட்டுள்ளது","இந்த   வழி முறை யில்,   மல் டி வே ரி யே ட்   அ டா ப் டி வ்   ரி க் ர ஷன்   ஸ் பி லை ன்ஸ்   ( எம் ஏ ஆர் எஸ் )   ப யன்படுத்தி   மண் ணி ன்   தெ றி ப்பு த்திற ன்   ரீதியாக   மண் ணி ன்   பண் பு களுக்கு   அள வீடு   அமை க்க   முயற்சி   மேற்கொள்ள ப்பட்டுள்ள து",54
184,"இதில் வெவ்வேறு மேலடுக்கு மண் வகைகளை இனங்காண்பதற்காக விளக்கவியல் நிபுணரின் உதவியுடன் தொனி, சொரசொரப்பு, வடிவம், பாங்கு, பிற பொருட்களுடன் தொடர்பு போன்ற காட்சிச் சமிக்கைகள் ஈடுபடுத்தப்படுகின்றன","இதில்   வெவ்வேறு   மே ல டுக்கு   மண்   வகை களை   இன ங்கா ண் ப தற்காக   விள க்க வியல்   நி பு ண ரின்   உதவி யுடன்   தொ னி ,   சொ ர சொ ர ப்பு,   வடிவ ம்,   பா ங்கு ,   பிற   பொருட் களுடன்   தொடர்பு   போன்ற   காட்சி ச்   ச மி க்கை கள்   ஈடு படுத்த ப்படு கின்றன",50
185,இந்த உட்பிராந்தியத்தின் சுமார் 45% வருடாந்திர மழை (கடலோரப் பகுதிகளுக்கு 60%) இந்தப் பருவகாலத்தில் ஏற்படும் மழைப்பொழிவின் மூலமே கிடைக்கிறது,இந்த   உட் பிராந்திய த்தின்   சுமார்   4 5 %   வருடாந்திர   மழை   ( கடலோர ப்   பகுதி களுக்கு   60 % )   இந்த ப்   பருவ காலத்தில்   ஏற்படும்   மழைப்பொழி வின்   மூல மே   கிடை க்கிற து,30
186,"மண் உவர்நிலை அடைதல் பெரும்பாலும் கடலோரப் பகுதிகளிலும் சமீபகால வண்டல் சமவெளிகளிலும் காணப்படுகிறது, அதேவேளை மண் காரத்தன்மை பெரும்பாலும் உட்பகுதிகளிலும் நெடுங்கால வண்டல் சமவெளிகளிலும் காணப்படுகிறது","மண்   உ வர் நிலை   அடை தல்   பெரும்பாலும்   கடலோர ப்   பகுதி களிலும்   சமீப கால   வ ண்ட ல்   சமவெளி களிலும்   காண ப்படுகிறது,   அதே வேளை   மண்   கார த்தன்மை   பெரும்பாலும்   உட் பகுதி களிலும்   நெடு ங் கால   வ ண்ட ல்   சமவெளி களிலும்   காண ப்படு கிறது",40
187,"தகவமைப்பு வழிமுறைகளில், வெள்ள அபாயம் அதிகமுள்ள பாதிக்கத்தக்க பகுதிகளில் புதிய கட்டுமானங்களைத் தடைசெய்தல், நீர்புகா மேற்பரப்புகளில் திடீர் நீர்ப்பெருக்கு ஏற்படுவதை இயன்றளவு குறைத்தல், புதிய கட்டுமானங்களில் மழைநீர் தேக்கக் கட்டமைப்புகளுக்கான நிபந்தனைகளை மாற்றுதல், பலத்த இடிமழையினால் வடிந்தோடும் நீரைப் பிடித்துவைக்கின்ற சதுப்பு நிலங்களைப் பாதுகாத்தல் ஆகியவை அடங்கும்","த கவ மைப்பு   வழி முறை களில்,   வெள்ள   அ பா யம்   அதிக முள்ள   பாதி க்க த்தக்க   பகுதிகளில்   புதிய   கட்டுமான ங்களை த்   தடை செய்த ல்,   நீர் பு கா   மேற்ப ர ப்பு களில்   தி டீ ர்   நீர் ப்பெ ருக்கு   ஏற்படு வதை   இய ன்ற ளவு   குறை த்த ல்,   புதிய   கட்டுமான ங்களில்   மழை நீர்   தே க்க க்   கட்ட மைப்பு களுக்கான   நி பந்த னை களை   மாற்று தல்,   பல த்த   இ டி மழை யி னால்   வடி ந்தோ டும்   நீ ரை ப்   பிடி த்து வை க்கின்ற   சது ப்பு   நில ங்களை ப்   பாதுகா த்தல்   ஆகியவை   அடங்கு ம்",88
188,பசுமைப் பகுதிகளைப் பராமரிப்பதன் மூலமும் வேறுபட்ட கட்டுமானப் பொருட்களைப் பயன்படுத்துவதன் மூலமும் நிலப் பயன்பாட்டுத் திட்டமிடல் நடவடிக்கையானது நகர்ப்புற வெப்ப விளைவுகளைக் குறைக்க வேண்டும்,ப சு மை ப்   பகுதிகளை ப்   பராமரி ப்ப தன்   மூல மும்   வேறு பட்ட   கட்டுமான ப்   பொருட்களை ப்   ப யன்படு த்துவ தன்   மூல மும்   நில ப்   பயன் பாட்டு த்   திட்டமி டல்   நடவடிக்கை யான து   நகர்ப்புற   வெப்ப   விளை வுகளை க்   குறை க்க   வேண்டும்,41
189,"ஆழ்ந்த மலையிடுக்குகளும், கிளைபிரிந்து தவழ்ந்துவிழும் நீர்வீழ்ச்சிகளும், அடர்ந்த தேக்குமரக் காடுகளும் கூடிய பன்னா தேசியப் பூங்கா பெரும்பாலும் பீடபூமியாகவே உள்ளது, அதில் பரந்துவிரிந்த சமநிலங்களும் இடையிடையே குன்றுகள், செங்குத்தான பள்ளத்தாக்குகள் மற்றும், மலையிடுக்கு ஓடைகளும் அமைந்துள்ளன","ஆ ழ் ந்த   மலை யி டுக்கு களும்,   கிளை பிரி ந்து   தவ ழ் ந்து வி ழும்   நீர்வீழ்ச்சி களும்,   அட ர் ந்த   தே க்கு மர க்   காடு களும்   கூடிய   பன் னா   தேசிய ப்   பூங்கா   பெரும்பாலும்   பீட பூமி யாக வே   உள்ளது,   அதில்   பர ந்து விரி ந்த   சம நில ங்களும்   இடை யி டையே   கு ன்று கள்,   செ ங்கு த்தான   பள்ளத்தா க்கு கள்   மற்றும் ,   மலை யி டுக்கு   ஓ டை களும்   அமைந்துள்ள ன",68
190,"தண்ணீரின் தரத்தைப் பாதிக்கும் முக்கியக் காரணிகளில் மிதக்கும் வண்டல், பாசி, இரசாயனங்கள், கரைந்த கரிமப் பொருள் (டிஓஎம்), வெப்ப வெளிப்பாடுகள், நீர்வாழ் குழற்தாவரங்கள், நோய்க்கிருமிகள், எண்ணெய்கள் ஆகியவை அடங்கும்","தண்ணீ ரின்   தர த்தை ப்   பாதி க்கும்   முக்கிய க்   கார ணி களில்   மித க்கும்   வ ண்ட ல்,   பா சி ,   இர சா ய ன ங்கள்,   கரை ந்த   கரி ம ப்   பொருள்   ( டி ஓ எம் ),   வெப்ப   வெளி ப்பாடு கள்,   நீர் வாழ்   குழ ற் தாவர ங்கள்,   நோய் க்கி ரு மி கள்,   எண் ணெ ய் கள்   ஆகியவை   அடங்கு ம்",58
191,"இவற்றுள், மிதக்கும் வண்டல், பாசி, டிஓஎம், எண்ணெய்கள், நீர்வாழ் குழல் தாவரங்கள், வெப்ப வெளியீடுகள் போன்ற சில அளவுருக்கள் ஆற்றல் கதிர்நிரல்கள் மீது நேரடியான தாக்கம் கொண்டிருப்பதால் அவற்றைத் தொலைதூர நுண்ணுர்வு முறைகள் மூலம் அளவிடலாம்","இவ ற்று ள் ,   மித க்கும்   வ ண்ட ல்,   பா சி ,   டி ஓ எ ம்,   எண் ணெ ய் கள்,   நீர் வாழ்   குழ ல்   தாவர ங்கள்,   வெப்ப   வெளி யீ டுகள்   போன்ற   சில   அளவு ரு க்கள்   ஆ ற்ற ல்   க திர் நி ரல் கள்   மீது   நேர டி யான   தா க்கம்   கொ ண்டிரு ப்ப தால்   அவற்றை த்   தொலை தூர   நு ண் ணு ர் வு   முறை கள்   மூலம்   அள விட லாம்",68
192,விலைமதிப்பற்ற உலோகங்களை எடுக்க சுரங்கம் தோண்டும் போது மேலடுக்கு மண்ணை அகற்றுவதும் சுற்றுப்புறத்தில் உள்ள விவசாய நிலங்களைப் பாதிப்புக்கு ஆளாக்குவதும் நிலச் சீரழிவின் இன்னொரு பரிமாணமாகும்,விலை மதி ப்பற்ற   உ லோ க ங்களை   எடுக்க   சு ரங்க ம்   தோ ண்டு ம்   போது   மே ல டுக்கு   மண் ணை   அக ற்று வது ம்   சுற்று ப்புற த்தில்   உள்ள   விவசாய   நில ங்களை ப்   பாதி ப்புக்கு   ஆ ளா க்கு வது ம்   நில ச்   சீ ர ழி வின்   இன் னொ ரு   பரி மாண மா கும்,52
193,தாவரக் கழிவுகளை அகற்றுவது மண்ணின் கரிமப் பொருள்களையும் குறைத்துவிடுகிறது,தாவர க்   கழி வுகளை   அக ற்று வது   மண் ணி ன்   கரி ம ப்   பொருள் களையும்   குறை த்து விடு கிறது,19
194,வறண்ட மற்றும் மிதமாக வறண்ட பகுதிகளில் உவர்ப்பும் காரமும் அடைவது பிரச்சனைகளாக இருக்கின்றன,வற ண்ட   மற்றும்   மித மாக   வற ண்ட   பகுதிகளில்   உ வர் ப்பு ம்   கார மும்   அடை வது   பிரச்சனை களாக   இரு க்கின்ற ன,21
195,ஒவ்வொரு மண் குழுவையும் வேறுபடுத்திக் காட்டுவது அதன் அலகு அல்லது அவற்றின் சார்பு,ஒவ்வொரு   மண்   குழு வையும்   வேறு படுத்தி க்   காட்டு வது   அதன்   அல கு   அல்லது   அவற்றின்   சார் பு,16
196,"மண்ணியல் திட்டவரைபடம் என்பதில், ஒரு பகுதியின் நிலக் கூற்றியல், வானிலை மற்றும் தாவரங்கள் அடிப்படையில் வெவ்வேறு மண் வகைகளை இனங்காணுதல், விவரித்தல் மற்றும் வகைபிரித்தல், களப்பணி மற்றும் ஆய்வகத் தரவு மூலம் உறுதிப்படுத்துதல், நியமமான அடிப்படை வரைபடத்தில் சித்தரித்தல் ஆகியவை அடங்கும்","மண் ணி யல்   திட்ட வரை படம்   என்ப தி ல்,   ஒரு   பகுதி யின்   நில க்   கூ ற்றிய ல்,   வானிலை   மற்றும்   தாவர ங்கள்   அடிப்படையில்   வெவ்வேறு   மண்   வகை களை   இன ங்கா ணு தல்,   விவரி த்தல்   மற்றும்   வகை பிரி த்த ல்,   கள ப்பணி   மற்றும்   ஆய் வ க த்   தர வு   மூலம்   உறுதி ப்படுத்து தல்,   நிய ம மான   அடிப்படை   வரை பட த்தில்   சி த்தரி த்தல்   ஆகியவை   அடங்கு ம்",63
197,இதனால் இயற்கைச் சூழல் மண்டலத்திற்கு அழுத்தம் ஏற்படும்,இதனால்   இயற்கை ச்   சூழ ல்   மண்டல த்திற்கு   அழு த்தம்   ஏற்படும்,10
198,"எனவே, அணைசூழ் பகுதி மேம்பாடு, நீர்பிடிப்புப் பகுதிகளில் மண்வளப் பாதுகாப்பு, வளங்குன்றா வேளாண்மை, நீர்த்தேங்கு நில மேலாண்மை, சிதைவுற்ற நிலங்களை மீட்டெடுத்தல் போன்ற பல்வேறு நோக்கங்களுக்காக மண் வளங்கள் குறித்தும் அவற்றின் ஆற்றல்/வரம்புகள்/திறன்கள் குறித்தும் முழுமையான தகவல் தேவைப்படுகிறது","எனவே ,   அணை சூழ்   பகுதி   மேம்பா டு ,   நீர் பிடி ப்பு ப்   பகுதிகளில்   மண் வள ப்   பாதுகாப்பு ,   வள ங்கு ன்றா   வே ளா ண் மை ,   நீர் த்தே ங்கு   நில   மேலா ண் மை ,   சி தை வு ற்ற   நில ங்களை   மீட் டெ டுத்த ல்   போன்ற   பல்வேறு   நோக்க ங்களு க்காக   மண்   வள ங்கள்   குறித்து ம்   அவற்றின்   ஆ ற்ற ல் / வர ம்பு கள் / திறன் கள்   குறித்து ம்   முழு மையான   தகவல்   தேவை ப்படு கிறது",73
199,"இந்த மதிப்பாய்வு முழுமையானதல்ல, செல்லுலார் மற்றும் ஏஜெண்ட் சார்ந்த முன்மாதிரிகளை ஒன்றுசேர்த்துள்ள முன்மாதிரிகள் மூலம் தற்போதைய நுட்பங்களை நிறைவுசெய்யும் வழிகளை கோடிட்டுக் காட்டுவதே இதன் நோக்கம்","இந்த   மதி ப்பா ய்வு   முழு மையான த ல்ல ,   செல் லு லா ர்   மற்றும்   ஏ ஜெ ண்ட்   சார்ந்த   முன் மாதிரி களை   ஒன்று சேர்த்து ள்ள   முன் மாதிரி கள்   மூலம்   தற்போதைய   நுட்ப ங்களை   நிறை வு செய்யும்   வழி களை   கோ டி ட்டு க்   காட்டு வ தே   இதன்   நோ க்கம்",46
200,"மேலடுக்கு மண் குறித்து விளக்கம் பெறுவது கணினித் திரையில் செய்யப்பட்டால், விளக்க நடைமுறையின் போது மேலடுக்கு மண் வரைபடம் உருவாக்கப்படுகிறது","மே ல டுக்கு   மண்   குறித்து   விள க்கம்   பெறு வது   கணி னி த்   திரை யில்   செய்ய ப்பட்டா ல்,   விள க்க   நடைமுறை யின்   போது   மே ல டுக்கு   மண்   வரை படம்   உருவா க்கப்படு கிறது",31
201,"பகுப்பாய்வாளர் இந்தப் பிம்பத்தை கணினித் திரையிலோ அச்சுப் பதிப்பு வடிவிலோ பார்த்து, ஒரு குறிப்பிட்ட மேலடுக்கு மண் வகை கொண்டவை எனக் குறிக்கப்படும் பகுதிகளைச் சுற்றி ஒரு பலகோணத்தை வரைகிறார்","ப கு ப்பாய் வா ளர்   இந்த ப்   பி ம்ப த்தை   கணி னி த்   திரை யி லோ   அ ச்சு ப்   பதி ப்பு   வடி வி லோ   பார் த்து,   ஒரு   குறிப்பிட்ட   மே ல டுக்கு   மண்   வகை   கொண்ட வை   என க்   குறி க்கப்படும்   பகுதிகளை ச்   சு ற்றி   ஒரு   பல கோ ணத்தை   வரை கிறா ர்",50
202,கடுமையான சூரியக் கதிர்வீச்சை எஞ்சியுள்ள குறைந்தளவு மூலக்கூறு ஆக்சிஜன் உறிஞ்சுவதால் இவ்வாறு வெப்பநிலை அதிகரிப்பு ஏற்படுகிறது,கடுமையான   சூ ரிய க்   க திர் வீ ச்சை   எ ஞ்சி யுள்ள   குறைந்த ளவு   மூல க்கூ று   ஆ க் சி ஜ ன்   உ றி ஞ்சு வதால்   இவ் வாறு   வெப்பநிலை   அதிகரி ப்பு   ஏற்படு கிறது,32
203,உயரம் கூடும்போது அடிவளிமண்டலத்தின் வெப்பநிலை மற்றும் நீராவியின் கொள்ளளவு வெகுவாகக் குறைகிறது,உய ரம்   கூ டும் போது   அடி வளி மண்டல த்தின்   வெப்பநிலை   மற்றும்   நீ ரா வி யின்   கொள்ள ளவு   வெகு வாக க்   குறை கிறது,22
204,"காற்றின் வெப்பநிலையை முறைப்படுத்துவதில் நீராவி பெரும் பங்கு வகிக்கிறது, ஏனெனில் அது கிரகத்தின் மேற்பரப்பில் உள்ள சூரிய சக்தியையும் வெப்பக் கதிர்வீச்சையும் உறிஞ்சிக் கொள்கிறது","கா ற்றின்   வெப்பநிலை யை   முறை ப்படு த்துவ தில்   நீ ரா வி   பெரும்   பங்கு   வகி க்கிற து,   ஏனெனில்   அது   கி ர கத்தின்   மேற்ப ர ப்பில்   உள்ள   சூ ரிய   சக்தி யையும்   வெப்ப க்   க திர் வீ ச்சை யும்   உ றி ஞ்சி க்   கொள் கிறது",42
205,"நீரியல் சுழற்சியில் மனிதன் ஏற்படுத்தும் தாக்கங்களுள் சிலவற்றைக் கணிக்க, நீர்ச் சமநிலை உதவுகிறது","நீ ரிய ல்   சு ழ ற்சி யில்   மனி தன்   ஏற்படுத்து ம்   தா க்க ங்களு ள்   சில வற்றை க்   கணி க்க ,   நீர் ச்   சம நிலை   உத வு கிறது",28
206,பிறகு இது வளிமண்டல எல்லைவெளி வரை படிப்படியாக அதிகரிக்கும்,பிறகு   இது   வளி மண்டல   எல்லை வெளி   வரை   படி ப்படி யாக   அதிகரி க்கும்,12
207,இது உறைபனிக் கொந்தளிப்பு மற்றும் உறைபனிச் சிதறல் என்ற இரண்டு நிகழ்முறைகள் மூலம் ஒரு பகுதியை அரித்துவிடுகிறது,இது   உ றை பனி க்   கொ ந்த ளி ப்பு   மற்றும்   உ றை பனி ச்   சி த ற ல்   என்ற   இரண்டு   நிகழ் முறை கள்   மூலம்   ஒரு   பகுதி யை   அரி த்து விடு கிறது,31
208,மண் தெறிப்புத்திறன் தரவை ஆய்வகம் அல்லது களத்திலிருந்தும் காற்று/வெளியிலிருந்தும் பெறலாம்,மண்   தெ றி ப்பு த்திற ன்   தர வை   ஆய் வ கம்   அல்லது   கள த்திலிருந்து ம்   காற்று / வெளி யிலிருந்து ம்   பெற லாம்,22
209,மானஸ் வடகிழக்கு மாநிலமான அஸாமில் இமய மலை அடிவாரத்தையொட்டி அமைந்துள்ளது,மான ஸ்   வடகிழக்கு   மாநில மான   அ ஸா மில்   இமய   மலை   அடி வார த்தை யொ ட்டி   அமைந்துள்ள து,17
210,"எனினும் அரசியல் சூழலைப் பொறுத்தவரை, கலாச்சாரங்கள், நம்பிக்கைகள், சமுதாய நலன்கள், கட்சிகளுக்கு இடையேயான போட்டி உள்ளிட்ட மற்ற செல்வாக்குச் செலுத்தும் காரணிகளும் முடிவெடுப்பதில் பங்கு வகிக்கின்றன","எனினும்   அரசியல்   சூழ லை ப்   பொறு த்த வரை,   கலாச்சார ங்கள்,   நம்பிக்கை கள்,   ச மு தா ய   ந ல ன் கள்,   கட்சி களுக்கு   இடையே யான   போட்டி   உள்ளிட்ட   மற்ற   செல் வாக்கு ச்   செலு த்தும்   கார ணி களும்   முடி வெ டு ப்பதில்   பங்கு   வகி க்கின்ற ன",43
211,"கவன ஈர்ப்பு நடவடிக்கை வழக்கமாக, கேள்வி நேரம் முடிந்து அவையில் ஆவணங்களை முன்வைத்த பிறகு ஆனால் விவகாரப் பட்டியலில் வேறெதுவும் எடுக்கப்படுவதற்கு முன்பு தொடங்கப்படுகிறது","கவன   ஈர் ப்பு   நடவடிக்கை   வழக்கமாக ,   கேள்வி   நேரம்   முடி ந்து   அவை யில்   ஆவண ங்களை   முன் வை த்த   பிறகு   ஆனால்   விவ கார ப்   பட்டிய லில்   வே றெ து வும்   எடு க்கப்படு வதற்கு   முன்பு   தொடங்க ப்படு கிறது",35
212,"எனவே, பெருந்தொற்றை எதிர்த்துப் போராடுவதற்கும் பலதரப்பு அடிப்படையில் ஒரு மனிதாபிமான நடவடிக்கைக்காக வளங்களைத் திரட்டுவதற்கும் பரஸ்பர ஒத்துழைப்புடன் கூட்டாகச் செயல்பட நாம் தயாராக இருக்க வேண்டும்","எனவே ,   பெரு ந் தொ ற்றை   எதிர் த்து ப்   போரா டு வதற்கு ம்   பல தர ப்பு   அடிப்படையில்   ஒரு   மனி தா பி மான   நடவடிக்கை க்காக   வள ங்களை த்   தி ர ட்டு வதற்கு ம்   பர ஸ் பர   ஒ த்து ழை ப்பு டன்   கூ ட்டாக ச்   செயல் பட   நா ம்   தயா ராக   இருக்க   வேண்டும்",51
213,"தற்போது (2019-2023) அதனுடன் விலங்கு சுகாதாரப் பராமரிப்பு, தாவரம், உணவுப் பாதுகாப்பு, சுற்றுச்சூழல் ஆகிய துறைகளுக்கான ஒருங்கிணைந்த தேசிய நுண்ணுயிர் எதிர்ப்பி மற்றும் எச்சம் கண்காணிப்புத் திட்டமும் சேர்க்கப்பட்டுள்ளது","தற்போது   ( 2019 - 20 23 )   அத னுடன்   விலங்கு   சு கா தார ப்   பராமரி ப்பு,   தாவர ம்,   உணவு ப்   பாதுகாப்பு ,   சுற்று ச்சூழ ல்   ஆகிய   துறை களுக்கான   ஒருங்கிணை ந்த   தேசிய   நு ண் ணு யி ர்   எதிர் ப்பி   மற்றும்   எ ச்ச ம்   கண் காணி ப்பு த்   திட்ட மும்   சேர் க்கப்பட்டுள்ள து",51
214,"கடந்த காலத்தில், நேரடி வரிகள் மீதான மேல்வரி பொதுவாக இயற்கைப் பேரழிவுகளால் ஏற்படும் நிதித் தேவைகளைப் பூர்த்திசெய்வதற்காக விதிக்கப்பட்டன","கடந்த   கால த்தில்,   நேர டி   வரி கள்   மீ தான   மேல் வரி   பொதுவாக   இயற்கை ப்   பேர ழி வு களால்   ஏற்படும்   நிதி த்   தேவை களை ப்   பூர் த்தி செய் வதற்காக   விதி க்கப்பட்ட ன",31
215,"இந்தியா 1994 மே மாதம் 1992ஆம் ஆண்டு பல்லுயிர்ப் பெருக்கம் குறித்த ஐக்கிய நாடுகள் உடன்படிக்கையிலும், 2014 அக்டோபரில் 2010ஆம் ஆண்டு மரபியல் வளங்களுக்கான அணுகல் மற்றும் அவற்றின் பயன்பாட்டிலிருந்து எழும் நன்மைகளின் நியாயச் சமப் பங்கீடு குறித்த நகோயா நெறிமுறையிலும் கையெழுத்திட்டது","இந்தியா   199 4   மே   மாதம்   199 2 ஆம்   ஆண்டு   பல் லு யி ர் ப்   பெரு க்கம்   குறித்த   ஐ க்கிய   நாடு கள்   உடன் படி க்கை யி லும்,   2014   அக்டோ ப ரில்   2010 ஆம்   ஆண்டு   மர பி யல்   வள ங்களு க்கான   அணு கல்   மற்றும்   அவற்றின்   பயன் பா ட்டி லிருந்து   எழு ம்   ந ன்மை களின்   நி யா ய ச்   சம ப்   ப ங்கீ டு   குறித்த   ந கோ யா   நெ றி முறை யிலும்   கை யெ ழு த்திட்ட து",74
216,"ஆப்கானிஸ்தான் அரசு மற்றும் மக்களின் தேவைகளையும் முன்னுரிமைகளையும் அடிப்படையாகக் கொண்டே இந்தியாவின் ஆதரவு அமைந்துள்ளது; ஆப்கான் அரசுடன் கூட்டுசேர்ந்து நடவடிக்கைகள் மேற்கொள்ளப்படுகின்றன, அதேபோல் ஆப்கானிஸ்தான் முழுவதும் பரந்த பல துறைகளில் திட்டங்கள் மேற்கொள்ளப்படுகின்றன","ஆ ப் கானி ஸ்தான்   அரசு   மற்றும்   மக்களின்   தேவை களையும்   முன் னு ரிமை களையும்   அடிப்படையாக க்   கொ ண்டே   இந்தியாவின்   ஆதர வு   அமைந்துள்ள து ;   ஆ ப் கான்   அரசு டன்   கூட்டு சேர்ந்து   நடவடிக்கை கள்   மேற்கொள்ள ப்படுகின்றன,   அதே போல்   ஆ ப் கானி ஸ்தான்   முழுவதும்   பர ந்த   பல   துறை களில்   திட்ட ங்கள்   மேற்கொள்ள ப்படு கின்றன",51
217,இதன் விவரங்களை எனது சஹ உறுப்பினரான பெட்ரோலியம் மற்றும் இயற்கை எரிவாயு அமைச்சர் அறிவிப்பார்,இதன்   விவர ங்களை   என து   ச ஹ   உறுப்பின ரான   பெ ட் ரோ லி யம்   மற்றும்   இயற்கை   எரி வா யு   அமைச்ச ர்   அறிவி ப்பார்,23
218,பெட்ரோலியத் தயாரிப்புகளுக்கு ஒரு நிலைத்து நீடிக்கக்கூடிய விலை நிர்ணய முறை குறித்து அறிவுறுத்த அரசு ஒரு நிபுணர் குழுவை அமைக்கும்,பெ ட் ரோ லிய த்   தயாரி ப்பு களுக்கு   ஒரு   நிலை த்து   நீடி க்கக்கூடிய   விலை   நிர் ண ய   முறை   குறித்து   அறிவு று த்த   அரசு   ஒரு   நி பு ண ர்   குழு வை   அமை க்கும்,32
219,2007-08 காலகட்டத்தில் 3,200 7 - 0 8   காலகட்ட த்தில்   3,8
220,"39 கோடி குடும்பங்களுக்குப் பயனளித்த நரேகா, 2008-09 காலகட்டத்தில் 4","3 9   கோ டி   குடும்ப ங்களுக்கு ப்   பய ன ளி த்த   ந ரே கா ,   200 8 - 0 9   காலகட்ட த்தில்   4",23
221,47 கோடிக்கும் மேற்பட்ட குடும்பங்களுக்கு வேலைவாய்ப்புகளை வழங்கியது,4 7   கோ டி க்கும்   மேற்பட்ட   குடும்ப ங்களுக்கு   வேலை வாய் ப்புகளை   வழ ங்கிய து,14
222,முதன்முதலில் 2006 பிப்ரவரியில் நடைமுறைக்கு வந்த தேசிய ஊரக வேலை உறுதிச் சட்டம் (நரேகா) மாபெரும் வெற்றியாக அமைந்தது எனப் பரவலாக ஏற்றுக்கொள்ளப்படுகிறது,முதன் முதலில்   200 6   பிப்ரவரி யில்   நடைமுறை க்கு   வந்த   தேசிய   ஊ ர க   வேலை   உறுதி ச்   சட்ட ம்   ( ந ரே கா )   மாபெரும்   வெற்றி யாக   அமை ந்த து   என ப்   பரவலாக   ஏற்று க்கொள்ள ப்படு கிறது,36
223,நரேகாவின் கீழ் நாங்கள் ஒரு நாளைக்கு ரூ,ந ரே கா வின்   கீழ்   நா ங்கள்   ஒரு   நா ளை க்கு   ரூ,12
224,100 என்ற அசல் ஊதியத்தை ஓர் உரிமையாக வழங்கப் பொறுப்பேற்றுள்ளோம்,100   என்ற   அ சல்   ஊ திய த்தை   ஓர்   உரிமை யாக   வழங்க ப்   பொறு ப்பே ற்று ள் ளோ ம்,18
225,"அதன்பின் விலைகள் குறைந்துவிட்டன என்றபோதிலும், உலகளவிலான நிதி நெருக்கடியையொட்டி ஏற்பட்ட விலைவீழ்ச்சியின் இருமடங்கை அவை இன்று ஏற்கனவே எட்டிவிட்டன","அதன் பின்   விலை கள்   குறை ந்து விட்ட ன   என்ற போதிலும்,   உலக ள விலான   நிதி   நெ ருக்க டி யை யொ ட்டி   ஏற்பட்ட   விலை வீழ்ச்சி யின்   இரு ம ட ங்கை   அவை   இன்று   ஏற்கனவே   எ ட்டி விட்ட ன",35
226,நான் உள்நாட்டில் புலம்பெயர்ந்த நபர்களின் மறுவாழ்வுக்கும் இலங்கையின் வடக்கு மற்றும் கிழக்குப் பகுதிகளின் புனர்நிர்மாணத்துக்கும் ரூ,நான்   உள் நாட்டில்   பு லம் பெயர் ந்த   நபர் களின்   மறு வாழ் வு க்கும்   இல ங்கை யின்   வடக்கு   மற்றும்   கிழக்கு ப்   பகுதி களின்   பு னர் நிர் மாண த்து க்கும்   ரூ,29
227,500 கோடி ஒதுக்கும் திட்டத்தை முன்மொழிகிறேன்,500   கோ டி   ஒது க்கும்   திட்ட த்தை   முன் மொழி கி றே ன்,12
228,"நீங்கள் முதலில் அமெரிக்காவில் காலூன்றிய பிறகு, மிதமான அளவில் ஓர் உள்நாட்டு பிராண்ட் கொண்ட ஆன்லைன் ஸ்டோரை திறந்து சேவை வழங்குவதிலும் நற்பெயர் பெறுவதிலும் முழுக்கவனம் செலுத்தி, அதன்பின் ஒரு முழுச் செயல்பாட்டு அமெரிக்க இணையதளம் மற்றும் மொபைல் பயனர் அனுபவத்தை வழங்கி புதிய வாடிக்கையாளர்களைப் பெறும் நோக்கில் மேலும் முனைப்பான, துணிவான சந்தைப்படுத்தல் உத்தியைப் பயன்படுத்துவது அர்த்தமுள்ளதாக இருக்கும்","நீங்கள்   முதலில்   அமெரிக்கா வில்   கா லூ ன் றிய   பிறகு,   மி தமான   அளவில்   ஓர்   உள்நாட்டு   பிரா ண்ட்   கொண்ட   ஆன்லை ன்   ஸ் டோ ரை   திற ந்து   சேவை   வழங்கு வதி லும்   ந ற் பெயர்   பெறு வதி லும்   முழு க்க வன ம்   செலு த்தி ,   அதன் பின்   ஒரு   முழு ச்   செயல் பாட்டு   அமெரிக்க   இணையதள ம்   மற்றும்   மொ பை ல்   பய னர்   அனுப வ த்தை   வழங்கி   புதிய   வாடிக்கையாளர் களை ப்   பெறு ம்   நோ க்கில்   மேலும்   முனை ப்பா ன,   து ணி வான   சந்தை ப்படுத்த ல்   உ த்தி யை ப்   பயன்படுத்து வது   அர் த்த முள்ள தாக   இருக்கும்",90
229,தொழில்நுட்ப மேம்பாடுகள் மூலம் ஏற்பட்ட பன்முக வளர்ச்சி மற்றும் முழுமாற்றத்தின் பலனால் ஊடகங்கள் மேலும் விரிவாகச் சென்றடைந்து பொது மக்களின் கருத்தை வடிவிப்பதில் ஒரு தனிப்பங்கு ஆற்றுகிறது,தொழில்நுட்ப   மேம்பா டுகள்   மூலம்   ஏற்பட்ட   பன் முக   வளர்ச்சி   மற்றும்   முழு மாற்ற த்தின்   பல னால்   ஊடக ங்கள்   மேலும்   விரி வாக ச்   செ ன்ற டை ந்து   பொது   மக்களின்   கரு த்தை   வடி வி ப்பதில்   ஒரு   தனி ப்ப ங்கு   ஆற்று கிறது,37
230,அதிகச் சமபங்கு லாபத்தைப் பெறுவதற்காக எம்ஏடி விகிதத்தை தற்போதுள்ள 10 சதவீத பதிவுநிலை லாபத்திலிருந்து 15 சதவீதமாக உயர்த்துமாறு நான் ஆலோசனையை முன்வைக்கிறேன்,அதிக ச்   சம பங்கு   லா ப த்தை ப்   பெறு வதற்காக   எம் ஏ டி   விகி தத்தை   தற்போது ள்ள   10   சதவீத   பதிவு நிலை   லா ப த்திலிருந்து   15   சதவீத மாக   உயர் த்து மாறு   நான்   ஆலோசனை யை   முன் வை க்கி றே ன்,38
231,பாஸ்போர்ட் மையங்களில் கடவுச்சீட்டு விண்ணப்பங்களைச் சமர்ப்பிப்பதற்கான சந்திப்பு நேரத்தை இணையவழி முன்பதிவு செய்யும் முறை சுலபமாக்கப்பட்டுள்ளது,பா ஸ் போர் ட்   மைய ங்களில்   கடவு ச் சீ ட்டு   வி ண்ண ப்ப ங்களை ச்   சம ர் ப்பி ப்பதற்கான   சந்தி ப்பு   நேரத்தை   இணைய வழி   மு ன்ப தி வு   செய்யும்   முறை   சு ல ப மா க்கப்பட்டுள்ள து,36
232,"அரசு இந்தப் பரிந்துரைகளின் பேரில், 1 ஜனவரி 2006க்கு முந்தைய அதிகாரிப் பதவிக்குக் கீழுள்ள ராணுவ ஓய்வூதியம் பெறுபவர்களின் (பிபிஓஆர்) ஓய்வூதியத்தை கணிசமாக அதிகரிக்கவும், 10 அக்டோபர் 1997க்கு முந்தைய ஓய்வூதியம் பெறுபவர்களின் நிலையை 10 அக்டோபர் 1997க்குப் பிந்தைய ஓய்வூதியம் பெறுபவர்களுக்குச் சமமாக ஆக்கவும் முடிவுசெய்துள்ளது","அரசு   இந்த ப்   பரிந்துரை களின்   பே ரி ல்,   1   ஜனவரி   200 6 க்கு   முந்தைய   அதிகாரி ப்   பதவி க்கு க்   கீ ழு ள்ள   ராணுவ   ஓ ய் வூ தி யம்   பெறு பவர் களின்   ( பி பி ஓ ஆர் )   ஓ ய் வூ திய த்தை   கணி சமாக   அதிக ரிக்க வும்,   10   அக்டோபர்   199 7 க்கு   முந்தைய   ஓ ய் வூ தி யம்   பெறு பவர் களின்   நிலையை   10   அக்டோபர்   199 7 க்கு ப்   பி ந்தைய   ஓ ய் வூ தி யம்   பெறு பவர் களுக்கு ச்   சம மாக   ஆ க்கவும்   முடிவு செய்து ள்ள து",87
233,"ஆகவே, இன்று நான் இந்தச் சந்தர்ப்பத்தில் உலகெங்கும் உள்ள பாராளுமன்றங்களின் தலைமைப் பொறுப்பு வகிப்பவர்களுக்கு அறைகூவல் விடுத்து அனைவருக்கும் அதிகச் சமத்துவமும் உறுதியும் கொண்ட பலன்களை அடைவதற்காக தீர்வு நடவடிக்கையில் மக்கள் மையப்பங்கு வகிக்கும் ஒரு திடமான செயல்திட்டத்தை வடிவிப்பதில் முனைப்பாகப் பங்கு கொள்ளுமாறு கேட்டுக்கொள்ள விரும்புகிறேன், மேலும் பாராளுமன்றங்கள் இத்திட்டத்தைத் திறமையாகச் செயல்படுத்துவதில் ஓர் ஆக்கப்பூர்வமான பங்கு வகிக்க வேண்டும் என்றும் கேட்டுக்கொள்கிறேன்","ஆக வே ,   இன்று   நான்   இந்த ச்   ச ந்தர் ப்ப த்தில்   உல கெ ங்கும்   உள்ள   பாரா ளுமன்ற ங்களின்   தலைமை ப்   பொறு ப்பு   வகி ப்ப வர்களுக்கு   அ றை கூ வல்   வி டுத்து   அனை வரு க்கும்   அதிக ச்   சம த்துவ மும்   உறுதி யும்   கொண்ட   பல ன் களை   அடை வதற்காக   தீர் வு   நடவடிக்கை யில்   மக்கள்   மைய ப்ப ங்கு   வகி க்கும்   ஒரு   தி ட மான   செயல் திட்ட த்தை   வடி வி ப்பதில்   முனை ப்பாக ப்   பங்கு   கொ ள்ளு மாறு   கேட்டு க்கொள்ள   விரும்பு கி றே ன்,   மேலும்   பாரா ளுமன்ற ங்கள்   இ த்திட்ட த்தை த்   திற மையாக ச்   செயல்படு த்துவ தில்   ஓர்   ஆ க்க ப்பூர்வ மான   பங்கு   வகி க்க   வேண்டும்   என்றும்   கேட்டு க்கொள் கி றே ன்",109
234,பதினெட்டு மாநிலங்கள் மற்றும் யூனியன் பிரதேசங்களில் உள்ள 46 லட்சத்திற்கும் மேற்பட்ட பிபிஎல் குடும்பங்களுக்கு பயோமெட்ரிக் ஸ்மார்ட் கார்டு வழங்கப்பட்டுள்ளது,பதி னெ ட்டு   மாநில ங்கள்   மற்றும்   யூனியன்   பிரதேச ங்களில்   உள்ள   4 6   ல ட்ச த்திற்கும்   மேற்பட்ட   பி பி எல்   குடும்ப ங்களுக்கு   ப யோ மெட் ரி க்   ஸ் மார் ட்   கார்டு   வழங்க ப்பட்டுள்ள து,33
235,நிகழ்வுகளின் நேரடி ஒளிபரப்பு 1994இல் தொடங்கியது,நிகழ்வு களின்   நேர டி   ஒளி பர ப்பு   199 4இல்   தொட ங்கிய து,12
236,15 செப்டம்பர் 2021 அன்று சர்வதேச ஜனநாயக தினத்தை நினைவுகூறும் விதமாக புதுதில்லியில் உள்ள நாடாளுமன்ற இணைப்புக் கட்டிடத்தில் இந்திய துணை ஜனாதிபதி திரு எம்,15   செப்டம்பர்   20 21   அன்று   சர்வதேச   ஜன நாய க   தின த்தை   நினைவு கூறு ம்   வித மாக   புது தில்லியில்   உள்ள   நாடா ளுமன்ற   இணை ப்பு க்   கட்டி ட த்தில்   இந்திய   துணை   ஜ னா தி பதி   திரு   எம்,35
237,"வெங்கையா நாயுடு, இந்தியப் பிரதமர் திரு நரேந்திர மோடி, மக்களவை சபாநாயகர் திரு ஓம் பிர்லா ஆகியோரின் மேதகு முன்னிலையில் சன்சத் தொலைக்காட்சி தொடங்கப்பட்டது","வெ ங்கை யா   நா யு டு ,   இந்திய ப்   பிரத மர்   திரு   ந ரே ந்திர   மோ டி ,   மக்க ளவை   ச பா நாய கர்   திரு   ஓ ம்   பி ர் லா   ஆகியோ ரின்   மே த கு   முன் னி லை யில்   சன் சத்   தொலைக்காட்சி   தொடங்க ப்பட்ட து",45
238,"சிக்கனம், செயல்திறன் மற்றும் பயனீட்டுதலைப் பெறும் நோக்கில் நாடாளுமன்றத்தின் இரு அவைகளின் தலைமைதாங்கும் அதிகாரிகளும் - அதாவது இந்திய துணை ஜனாதிபதி மற்றும் மாநிலங்களவைத் தலைவரும் மக்களவைச் சபாநாயகரும் - இவ்விரு அலைவரிசைகளையும் ஒன்றிணைக்கச் சம்மதித்தனர்","சிக்க ன ம்,   செயல் திறன்   மற்றும்   பய னீ ட்டு தலை ப்   பெறு ம்   நோ க்கில்   நாடா ளுமன்ற த்தின்   இரு   அவை களின்   தலைமை தா ங்கும்   அதிகாரி களும்   -   அதாவது   இந்திய   துணை   ஜ னா தி பதி   மற்றும்   மாநில ங்க ளவை த்   தலை வரும்   மக்க ளவை ச்   ச பா நாய க ரும்   -   இவ் விரு   அலை வரிசை களையும்   ஒன்றி ணை க்க ச்   சம் மதி த்த னர்",63
239,"பொதுவாக, இந்த விவாதத்துக்கு மூன்று நாட்கள் ஒதுக்கப்படுகிறது","பொதுவாக ,   இந்த   வி வாத த்துக்கு   மூன்று   நாட் கள்   ஒது க்கப்படு கிறது",12
240,"2014 முதல், ஒரு சராசரி இந்தியன் உள்நாடு, வெளிநாடு என இரண்டு சூழ்நிலைகளிலும் மேலும் சுலபமாகக் கடவுச்சீட்டு பெறுவது மற்றும் புதுப்பிப்பதற்கான நடவடிக்கைக்கு மோடி அரசு முன்னுரிமை அளித்து வருகிறது","2014   முத ல்,   ஒரு   சராசரி   இந்திய ன்   உள் நாடு ,   வெளி நாடு   என   இரண்டு   சூழ் நிலை களிலும்   மேலும்   சு ல ப மாக க்   கடவு ச் சீ ட்டு   பெறு வது   மற்றும்   புது ப்பி ப்பதற்கான   நடவடிக்கை க்கு   மோ டி   அரசு   முன் னு ரிமை   அளி த்து   வரு கிறது",45
241,"எனினும் அடுத்த கட்டத்தில் ஈஈஇஸட் எல்லைகள் வரையிலான தொலைகடல் படுகைகள் (கிழக்குக் கரை, மேற்குக் கரை மற்றும் அந்தமான்) உட்படுத்தப்படுகின்றன","எனினும்   அடுத்த   கட்ட த்தில்   ஈ ஈ இ ஸ ட்   எல்லை கள்   வரையிலான   தொலை கடல்   படு கை கள்   ( கிழக்கு க்   கரை ,   மேற்கு க்   கரை   மற்றும்   அந்த மான் )   உட் படுத்த ப்படு கின்றன",33
242,என்எஸ்பி-யின் கீழ் உள்ள மதிப்பாய்வு நடவடிக்கை நிலப்பகுதிப் படுகைகளுக்காகத் திட்டமிடப்பட்டது,என் எஸ் பி - யின்   கீழ்   உள்ள   மதி ப்பா ய்வு   நடவடிக்கை   நில ப்பகுதி ப்   படு கை களுக்காக த்   திட்டமிட ப்பட்ட து,21
243,"பிப்ரவரி 2022 வரை, அந்தமான் தொலைகடலில் மொத்தம் 22,555 எல்கேஎம் 2டி பிராட்பேன்ட் நிலநடுக்கத் தரவுகள் சேகரிக்கப்பட்டுள்ளன","பிப்ரவரி   20 22   வரை,   அந்த மான்   தொலை கட லில்   மொத்தம்   22 , 5 5 5   எல் கே எம்   2 டி   பிரா ட் பே ன் ட்   நில ந டுக்க த்   தர வுகள்   சே கரி க்கப்பட்டுள்ள ன",35
244,"குறிப்பாக நமது மக்கள்தொகையில் நலிவுற்ற பிரிவினரின் நல்வாழ்வு தொடர்பாக, நமது வளர்ச்சி நடவடிக்கைகளில் நிலவும் அத்தியாவசியக் குறைகளை நிவர்த்தி செய்வதற்கு இந்த வளங்கள் உதவுகின்றன","குறிப்பாக   ந மது   மக்கள்தொகையில்   ந லி வு ற்ற   பிரி வின ரின்   ந ல் வாழ் வு   தொடர் பாக ,   ந மது   வளர்ச்சி   நடவடிக்கை களில்   நில வும்   அ த்தியா வ சிய க்   குறை களை   நி வர் த்தி   செய்வதற்கு   இந்த   வள ங்கள்   உத வு கின்றன",42
245,மூன்றாண்டுகளில் பெண்கள் எழுத்தறிவுக் குறையின் தற்போதைய நிலையைப் பாதியாகக் குறைப்பதே நோக்கமாகும்,மூன்றா ண்டு களில்   பெண்கள்   எழு த்த றி வு க்   குறை யின்   தற்போதைய   நிலையை ப்   பாதி யாக க்   குறை ப்ப தே   நோக்க மா கும்,23
246,"ஆனால் நிர்வாகத் துறை பணிகள், காவல்துறை மற்றும் ராணுவம் முஸ்லிம்களுக்கே உரியவையாக இருந்தன","ஆனால்   நிர்வாக த்   துறை   பணி கள்,   காவல் துறை   மற்றும்   ராணுவ ம்   முஸ்லிம் களு க்கே   உ ரிய வையாக   இருந்த ன",19
247,"பிஎஸ்கே-வில் உள்ளே நுழையும்போது எலக்ட்ரானிக் டோக்கன் வழங்குவதும் பணியை முடித்த பின் எலக்ட்ரானிக் வெளியேறுதல் கடிதம் வழங்குவதும் காகிதமில்லா சேவை அளிப்பதற்கும், சுற்றுச்சூழலைப் பாதுகாப்பதற்கும், டிஜிட்டல் இந்தியாவின் பசுமைத் திட்டங்களை ஊக்குவிப்பதற்கும் வகைசெய்துள்ளது","பி எஸ் கே - வில்   உள் ளே   நுழை யும் போது   எ ல க் ட் ரா னி க்   டோ க்க ன்   வழங்கு வது ம்   பணி யை   முடி த்த   பின்   எ ல க் ட் ரா னி க்   வெளியே று தல்   கடி தம்   வழங்கு வது ம்   கா கி தமி ல்லா   சேவை   அளி ப்பதற்கு ம்,   சுற்று ச்சூழ லை ப்   பாதுகா ப்பதற்கு ம்,   டி ஜி ட்ட ல்   இந்தியாவின்   ப சு மை த்   திட்ட ங்களை   ஊக்குவி ப்பதற்கு ம்   வகை செய்து ள்ள து",76
248,"இதுபோன்ற தடங்கலற்ற செயல்முறையினால் சேவை வழங்கும் வேகம் அதிகரித்துள்ளது, பொது மக்களின் குறைகளும் குறைந்துள்ளன","இது போன்ற   த ட ங்க ல ற்ற   செயல் முறை யி னால்   சேவை   வழங்கு ம்   வே கம்   அதிகரி த்து ள்ள து,   பொது   மக்களின்   குறை களும்   குறை ந்துள்ள ன",27
249,"இந்த விதிகளின்படி, இவ்விஷயத்தில் சபாநாயகருடனோ சம்பந்தப்பட்ட அமைச்சருடனோ கலந்தாலோசிக்க வேண்டும் என்ற எவ்வொரு அவசியமும் இல்லை","இந்த   விதி களி ன்படி,   இவ் விஷய த்தில்   ச பா நாய கரு ட னோ   சம்ப ந்த ப்பட்ட   அமைச்ச ரு ட னோ   கல ந்தா லோ சிக்க   வேண்டும்   என்ற   எவ் வொரு   அவசிய மும்   இல்லை",31
250,"இந்த நடவடிக்கைகளில் மானியங்கள், வரிகள், செலவினங்கள், முதலீட்டை விலக்குதல் போன்ற வரவுசெலவுத் திட்டம் சார்ந்த அனைத்து அம்சங்களும் அடங்கியிருக்க வேண்டும்","இந்த   நடவடிக்கை களில்   மா னிய ங்கள்,   வரி கள்,   செல வின ங்கள்,   முதலீ ட்டை   வில க்கு தல்   போன்ற   வரவுசெலவு த்   திட்ட ம்   சார்ந்த   அனைத்து   அம்ச ங்களும்   அட ங்கி யிரு க்க   வேண்டும்",30
251,"நிலையான ஏற்றுமதி இறக்குமதி மிகைத்தொகை, மிதமான வட்டி விகிதங்கள், பெருநிறுவன முதலீட்டுக்கான வெளியார் மூலதனங்களின் நிலையான வரவு ஆகியவற்றைப் பராமரிக்க இது அத்தியாவசியமாகும்","நிலையான   ஏற்று மதி   இற க்கு மதி   மி கை த்தொகை ,   மி தமான   வட்டி   விகித ங்கள்,   பெரு நிறுவன   முதலீ ட்டு க்கான   வெளி யார்   மூல தன ங்களின்   நிலையான   வரவு   ஆகியவற்றை ப்   ப ராம ரிக்க   இது   அ த்தியா வ சிய மா கும்",39
252,"மேலும், அமெரிக்க வாடிக்கையாளர்கள் தங்கள் பணத்தை வெளிநாட்டில் செலவழிக்கவும் ஆர்வமாக உள்ளனர், இதில் அவர்களுக்கு மிகவும் பிடித்த இடம் யூகே (49%), அதன்பின் சீனா (39%), கனடா (34%), ஹாங்காங் (20%) மற்றும் ஆஸ்திரேலியா (18%)","மேலும்,   அமெரிக்க   வாடிக்கை யாளர்கள்   தங்கள்   பணத்தை   வெளி நாட்டில்   செலவழி க்கவும்   ஆர்வ மாக   உள்ள னர்,   இதில்   அவர்களுக்கு   மிகவும்   பிடி த்த   இடம்   யூ கே   ( 4 9 % ),   அதன் பின்   சீ னா   ( 3 9 % ),   கன டா   ( 3 4 % ),   ஹா ங்கா ங்   ( 20 % )   மற்றும்   ஆஸ்திரே லியா   ( 18 % )",57
253,மாநிலத்தில் பொது சார்ஜிங் நிலையங்கள் மற்றும் பேட்டரி மாற்றுதல்/சார்ஜிங் மையங்களை நிறுவவும் இயக்கவும் பராமரிக்கவும் பணிநிறைவேற்ற முகமைகளைத் தேர்ந்தெடுக்குமாறு மாநிலத் துணைமைய முகமைகளுக்கு (எஸ்என்ஏ-கள்) உத்தரவிடப்பட்டுள்ளது,மாநிலத்தில்   பொது   சார் ஜி ங்   நிலைய ங்கள்   மற்றும்   பே ட்ட ரி   மாற்று தல் / சார் ஜி ங்   மைய ங்களை   நிறுவ வும்   இயக்க வும்   ப ராம ரிக்க வும்   பணி நிறை வே ற்ற   முக மை களை த்   தேர்ந்தெடு க்கு மாறு   மாநில த்   துணை மைய   முக மை களுக்கு   ( எஸ் என் ஏ - கள் )   உத்தர விட ப்பட்டுள்ள து,56
254,திடமான மேற்பார்வை மற்றும் ஒழுங்குமுறையை உறுதிசெய்யும் அதேவேளை நிதிபெறும் வசதியை விரிவாக்குவதும் சந்தைகளை ஆழமாக்குவதுமே வங்கி மற்றும் நிதித் துறைகளின் பால் நமது அரசின் அணுகுமுறையாக இருந்துவருகிறது,தி ட மான   மேற் பார்வை   மற்றும்   ஒழு ங்கு முறையை   உறுதி செய்யும்   அதே வேளை   நிதி பெறு ம்   வசதி யை   விரி வாக்கு வது ம்   சந்தை களை   ஆழ மா க்கு வது மே   வங்கி   மற்றும்   நிதி த்   துறை களின்   பால்   ந மது   அரசின்   அணு கு முறையாக   இருந்து வரு கிறது,45
255,ஏனெனில் மரபணு மற்றும் சுற்றுச்சூழல் ரீதியான காரணிகள் என இரண்டுமே வளர்ச்சியைப் பாதிக்கின்றன,ஏனெனில்   மர ப ணு   மற்றும்   சுற்று ச்சூழ ல்   ரீ தியான   கார ணி கள்   என   இரண்டு மே   வளர்ச்சி யை ப்   பாதி க்கின்ற ன,22
256,"உணவு உற்பத்தி, பொருளாதாரம், பாதுகாப்பு ஆகியவற்றின் மீது நுண்ணுயிர் எதிர்ப்பு கொண்டுள்ள தாக்கத்தால் அது சுகாதாரம், தேசப் பாதுகாப்பு மற்றும் பொருளாதாரத்திற்கும் ஓர் அச்சுறுத்தலாகக் கருதப்படுகிறது","உணவு   உற்பத்தி ,   பொருளாதார ம்,   பாதுகாப்பு   ஆகியவ ற்றின்   மீது   நு ண் ணு யி ர்   எதிர் ப்பு   கொண்டு ள்ள   தா க்க த்தால்   அது   சு கா தார ம்,   தேச ப்   பாதுகாப்பு   மற்றும்   பொருளாதார த்திற்கும்   ஓர்   அ ச்சு று த்த லாக க்   கருத ப்படு கிறது",42
257,சுமார் கிபி 2500 வாக்கில் இயற்றப்பட்ட சரக சம்ஹிதாவும் சுஷ்ருத சம்ஹிதாவும் தான் இன்றும் முழுமையாக இருக்கின்ற முக்கிய ஆயுர்வேத நூல்களாகும்,சுமார்   கிபி   25 00   வா க்கில்   இய ற்ற ப்பட்ட   சர க   சம் ஹி தா வும்   சு ஷ் ரு த   சம் ஹி தா வும்   தான்   இன்று ம்   முழுமையாக   இரு க்கின்ற   முக்கிய   ஆயு ர் வேத   நூல் களா கும்,36
258,இதயச் சுவாசத் தாங்குதிறன் என்பது நீண்டநேர உடற் செயல்பாட்டின் போது சுழற்சி மற்றும் சுவாச மண்டலங்கள் உடலுக்கு எரிபொருளை வழங்குவதற்கான திறனைப் பிரதிபலிப்பதாக இருக்கிறது,இத ய ச்   சுவா சத்   தா ங்கு திறன்   என்பது   நீண்ட நேர   உட ற்   செயல் பா ட்டின்   போது   சு ழ ற்சி   மற்றும்   சுவா ச   மண்டல ங்கள்   உட லுக்கு   எரி பொருளை   வழங்கு வதற்கான   திற னை ப்   பிரதி ப லி ப்பதாக   இருக்கிற து,40
259,"ஆயூஷ் மருத்துவர்கள் இருப்பதைப் பொறுத்து, 18இல் 13 மாவட்டங்களில் (மாநிலங்கள்) ஹோமியோபதி, சித்தா மற்றும் யூனானி வைத்தியங்களுக்கான மருந்துக் குறிப்பு சேவைகள் கிடைத்தன","ஆ யூ ஷ்   மருத்துவ ர்கள்   இருப்பதை ப்   பொறு த்து,   18 இல்   13   மாவட்ட ங்களில்   ( மாநில ங்கள் )   ஹோ மி யோ பதி ,   சி த்தா   மற்றும்   யூ னா னி   வை த்திய ங்களு க்கான   ம ருந்து க்   குறி ப்பு   சேவை கள்   கிடை த்தன",42
260,சுலைமானின் பெற்றோர் மிகவும் உயரமாக இருந்தனர்,சு லை மா னின்   பெ ற்றோ ர்   மிகவும்   உயர மாக   இருந்த னர்,12
261,"மேலும், ஆயுர்வேதம் மற்றும் உயிரியல் மருத்துவம் பார்க்கும் மருத்துவர்களுக்கு இடையேயான கருத்துப் பரிமாற்றத் தடைகள், ஆயுர்வேத மருந்துகள் மற்றும் சிகிச்சைகளின் பாதுகாப்பு மற்றும் செயல்திறன் தொடர்பாக வெகு குறைவான ஆய்வுப் பணிகள், கொள்கை சார்ந்த முனைப்புகளில் பற்றாக்குறை ஆகியவையே ஆயுர்வேதம் மற்றும் உயிரியல் மருத்துவம் இடையே செயல்முறை ஒருங்கிணைப்பை ஏற்படுத்துவதில் முக்கியத் தடைக்கற்களாக இருக்கின்றன என்று அவர்கள் தெரிவித்தனர்","மேலும்,   ஆயு ர் வே தம்   மற்றும்   உயி ரிய ல்   மருத்துவ ம்   பார் க்கும்   மரு த்து வர்களுக்கு   இடையே யான   கருத்து ப்   பரி மாற்ற த்   தடை கள்,   ஆயு ர் வேத   ம ருந்து கள்   மற்றும்   சிகிச்சை களின்   பாதுகாப்பு   மற்றும்   செயல் திறன்   தொடர் பாக   வெகு   குறைவான   ஆய்வு ப்   பணி கள்,   கொள் கை   சார்ந்த   முனை ப்பு களில்   ப ற்றா க்குறை   ஆகியவை யே   ஆயு ர் வே தம்   மற்றும்   உயி ரிய ல்   மருத்துவ ம்   இடையே   செயல் முறை   ஒருங்கிணை ப்பை   ஏற்படு த்துவ தில்   முக்கிய த்   தடை க்க ற் களாக   இரு க்கின்ற ன   என்று   அவர்கள்   தெரிவி த்த னர்",89
262,ஆயுஷ் சேவைகளுக்கு கூடுதல் நிதி ஒதுக்கீடு தேவை,ஆயு ஷ்   சேவை களுக்கு   கூடுதல்   நிதி   ஒது க் கீ டு   தேவை,11
263,"மொத்த பட்ஜெட்டில் வெறும் 3% என்பது அப்பட்டமான பற்றாக்குறை, அதுவும் ஏராளமான துறைகள் உள்ள நிலையில் இது அவற்றுக்கு தரமற்ற சேவைகளையே உறுதிசெய்ய முடியும்","மொத்த   பட் ஜெ ட்டில்   வெ றும்   3 %   என்பது   அ ப்பட்ட மான   ப ற்றா க்குறை ,   அது வும்   ஏராளமான   துறை கள்   உள்ள   நிலையில்   இது   அவ ற்று க்கு   தர மற்ற   சேவை களை யே   உறுதி செய்ய   முடியும்",35
264,ஓர் ஆய்வு அறிவுறுத்தியதை காரணமாக வைத்து நீங்கள் எந்த நடவடிக்கையும் எடுக்காவிட்டால் அது அநேகமாக பாதுகாப்புக்கு அறிவுப்பூர்வமான செயலாக இருக்காது,ஓர்   ஆய்வு   அறிவு று த்திய தை   காரணமாக   வைத்து   நீங்கள்   எந்த   நடவடிக்கை யும்   எடு க்கா விட்டா ல்   அது   அ நே கமாக   பாதுகாப்பு க்கு   அறிவு ப்பூர்வ மான   செய லாக   இரு க்கா து,30
265,"விவேகமான மருத்துவரா விவேகமான நோயாளியா, யார் யாருக்கு முடிவெடுப்பது","வி வேக மான   மருத்துவ ரா   வி வேக மான   நோ யா ளி யா ,   யார்   யா ருக்கு   முடி வெ டு ப்பது",20
266,430 மில்லியன் மக்கள் தற்போது முடமாக்கும் செவிப்புலன் இழப்புடன் வாழ்ந்து வருகிறார்கள் என்பது மட்டுமல்லாமல் 12 முதல் 35 வயதுள்ள 1 பில்லியன் பேர் இசை நிகழ்ச்சிகளிலும் சங்க விடுதிகளிலும் அல்லது தங்கள் ஒலிச் சாதனங்கள் மூலமாக சப்தமான ஓசைகளுக்கு வெளிப்படுவதால் செவிப்புலனை இழக்கும் ஆபத்தில் உள்ளனர் என்ற உலகச் சுகாதார அமைப்பின் கூற்று அதிர்ச்சியூட்டுவதாக இருக்கிறது,4 30   மில்லியன்   மக்கள்   தற்போது   மு ட மா க்கும்   செ வி ப்பு ல ன்   இழ ப்பு டன்   வாழ் ந்து   வரு கிறா ர்கள்   என்பது   மட்டு மல்லா மல்   12   முதல்   35   வயது ள்ள   1   பி ல்லி யன்   பேர்   இசை   நிகழ்ச்சி களிலும்   சங்க   விடு தி களிலும்   அல்லது   தங்கள்   ஒலி ச்   சா தன ங்கள்   மூல மாக   ச ப்த மான   ஓ சை களுக்கு   வெளி ப்படு வதால்   செ வி ப்பு ல னை   இழ க்கும்   ஆப த்தில்   உள்ள னர்   என்ற   உலக ச்   சு கா தார   அமை ப்பின்   கூற்று   அதி ர் ச்சி யூ ட்டு வதாக   இருக்கிற து,89
267,தனிப்பட்ட இடர் குறித்து நாம் வரையறுக்க வேண்டும்,தனிப்பட்ட   இட ர்   குறித்து   நா ம்   வரைய று க்க   வேண்டும்,10
268,"உண்மையில், தாய்ப்பாலில் உள்ள கலோரிச் செறிவு, புரதம், கார்போஹைட்ரேட், கொழுப்புச் சத்து ஆகியவை குழந்தையின் வளர்ச்சிக்கு மிகவும் முக்கியம்","உண்மை யில்,   தாய் ப்பா லில்   உள்ள   க லோ ரி ச்   செ றி வு ,   புர த ம்,   கார் போ ஹை ட் ரே ட்,   கொ ழு ப்பு ச்   ச த்து   ஆகியவை   குழந்தை யின்   வளர்ச்சி க்கு   மிகவும்   முக்கிய ம்",37
269,"நீரில் மூழ்கி பாதிக்கப்பட்டவருக்கு ஒரு மருத்துவர் மூலம் சிகிச்சை அளிக்க வேண்டும், ஏனெனில் அவர் இயல்பு நிலைக்குத் திரும்பியதாகத் தோன்றினாலும் கூட, 12","நீ ரில்   மூ ழ் கி   பாதி க்கப்பட்ட வருக்கு   ஒரு   மரு த்து வர்   மூலம்   சிகிச்சை   அளி க்க   வேண்டும்,   ஏனெனில்   அவர்   இ யல் பு   நிலை க்கு த்   திரும்பி ய தாக த்   தோன்றி னா லும்   கூட ,   12",35
270,2ஆம் பெட்டித் தகவலில் விளக்கப்பட்டுள்ளபடி அவருக்கு ஓர் இரண்டாம்நிலை மூழ்குதல் ஏற்படலாம்,2 ஆம்   பெ ட்டி த்   த கவ லில்   விள க்கப்பட்டுள்ள படி   அவருக்கு   ஓர்   இரண்டாம் நிலை   மூ ழ் கு தல்   ஏற்பட லாம்,21
271,"துணைச் சிகிச்சைத் துறையில் இந்தியாவிற்கு ஒப்பீட்டளவில் ஒரு சாதகமான நிலை உள்ளது, எனவே இந்தியா இத்துறையில் உலகளவில் முன்னணி வகிக்க முடியும்","துணை ச்   சிகிச்சை த்   துறை யில்   இந்தியா விற்கு   ஒ ப்பீ ட்ட ளவில்   ஒரு   சாத கமான   நிலை   உள்ளது,   எனவே   இந்தியா   இ த்துறை யில்   உலக ளவில்   முன்னணி   வகி க்க   முடியும்",28
272,இந்தியாவில் செழிப்பான மற்றும் முதிர்ச்சிபெற்ற சொந்த உள்நாட்டு மருத்துவ மரபும் அதேவேளை வலுவான மேற்கத்திய உயிரியல் மருத்துவ அறிவியல்களின் அடித்தளமும் உள்ளது என்பதே இதற்குக் காரணம்,இந்தியாவில்   செ ழி ப்பான   மற்றும்   மு திர் ச்சி பெற்ற   சொந்த   உள்நாட்டு   மருத்துவ   மர பு ம்   அதே வேளை   வலு வான   மேற்கத்திய   உயி ரிய ல்   மருத்துவ   அறிவி யல் களின்   அடி த்தள மும்   உள்ள து   என்ப தே   இதற்கு க்   காரண ம்,38
273,"இவை எந்த வகை நுண்ணுயிரிகளின் மீது வினைபுரிகின்றன என்பதைப் பொறுத்து, ஆன்ட்டி-வைரல், ஆன்ட்டி-ஃபங்கல், ஆன்ட்டி-ப்ரோட்டோஸோவால் மற்றும் ஆன்ட்டிபயோடிக் என வகைப்படுத்தப்படுகின்றன","இவை   எந்த   வகை   நு ண் ணு யி ரி களின்   மீது   வினை புரி கின்றன   என்பதை ப்   பொறு த்து,   ஆன் ட்டி - வை ர ல்,   ஆன் ட்டி - ஃ ப ங்க ல்,   ஆன் ட்டி - ப் ரோ ட்டோ ஸோ வால்   மற்றும்   ஆன் ட்டி ப யோ டி க்   என   வகை ப்படுத்த ப்படு கின்றன",50
274,"இவற்றில் உணவு அல்லது நீர் உட்கொள்வது குறைதல், சோம்பல், கண்களிலிருந்து நீர் போன்ற அல்லது வெளிறிய பீழை, கண்களில் அழற்சி, (நிறம் மற்றும் வடிவத்தில்) இயல்பற்ற மலம் ஆகியவை உட்படலாம்","இவற்றில்   உணவு   அல்லது   நீர்   உட் கொள் வது   குறை தல்,   சோ ம்ப ல்,   கண் களிலிருந்து   நீர்   போன்ற   அல்லது   வெளி றிய   பீ ழை ,   கண் களில்   அழ ற்சி ,   ( நிற ம்   மற்றும்   வடிவ த்தில் )   இ யல் ப ற்ற   ம லம்   ஆகியவை   உட்பட லாம்",43
275,"சிகிச்சைக்குரிய கதிரியக்க மருந்துகளின் மற்றொரு உறுப்புசார் பயன்பாடு, ஹெபடோ செல்லுலர் கார்சினோமா (கல்லீரல் புற்றுநோய்) சிகிச்சையில் இருப்பதாகத் தெரிவிக்கப்படுகிறது, இதில் ரேடியோ லேபிலிட்ட குறிப்பிட்ட அளவிலான நுண்குளிகைகள் அல்லது ரேடியோ லேபிலிட்ட லிபியோடால் (கசகசா எண்ணெயிலிருந்து எடுக்கப்பட்ட கொழுப்பு அமிலத்தின் ஓர் உயர் பாகுத்தன்மையுள்ள லிக்விட்-எத்தில் எஸ்டர்) நோயாளியின் ஈரல் தமனி வழியாக ஊசிபோட்டுச் செலுத்தப்படுகிறது","சிகிச்சை க்கு ரிய   க தி ரிய க்க   ம ருந்து களின்   மற்றொரு   உ று ப்பு சார்   பயன் பாடு ,   ஹெ ப டோ   செல் லு லர்   கார் சி னோ மா   ( கல் லீ ரல்   பு ற்று நோய் )   சிகிச்சை யில்   இருப்ப தாக த்   தெரிவி க்கப்படு கிறது,   இதில்   ரே டியோ   லே பி லி ட்ட   குறிப்பிட்ட   அளவிலான   நு ண் குளி கை கள்   அல்லது   ரே டியோ   லே பி லி ட்ட   லி பி யோ டா ல்   ( க சக சா   எண் ணெ யிலிருந்து   எடு க்கப்பட்ட   கொ ழு ப்பு   அ மி ல த்தின்   ஓர்   உயர்   பா கு த்தன்மை யுள்ள   லி க் வி ட் - எ த்தில்   எஸ் டர் )   நோ யா ளி யின்   ஈ ரல்   த மனி   வழியாக   ஊ சி போ ட்டு ச்   செலுத்த ப்படு கிறது",119
276,"""ரேடியேஷன் சினோவெக்டமி"" அல்லது ""ரேடியோசினோவியார்தெசிஸ்"" என்று அழைக்கப்படும் இந்தச் சிகிச்சை முறையில், பாதிக்கப்பட்ட மூட்டுக்குழிகளில் ரேடியோ லேபிலிட்ட துகள்மங்களோ ரேடியோ லேபிலிட்ட கூழ்மங்களோ செலுத்தப்படுகின்றன",""" ரே டி யே ஷன்   சி னோ வெ க் டமி ""   அல்லது   "" ரே டியோ சி னோ வி யார் தெ சி ஸ் ""   என்று   அழைக்கப்படு ம்   இந்த ச்   சிகிச்சை   முறை யில்,   பாதி க்கப்பட்ட   மூ ட்டு க்கு ழி களில்   ரே டியோ   லே பி லி ட்ட   து கள் ம ங்க ளோ   ரே டியோ   லே பி லி ட்ட   கூ ழ் ம ங்க ளோ   செலுத்த ப்படு கின்றன",63
277,குறிப்பிடத்தக்க அளவில் செவித்திறன் இழந்தவர்களுக்கும் கூட செவி உட்பொருத்தல் கருவிகள் பலனளிக்கும்,குறிப்பிடத்தக்க   அளவில்   செ வி த்திற ன்   இழ ந்த வர் களுக்கும்   கூட   செ வி   உட் பொரு த்தல்   கரு வி கள்   பல ன ளி க்கும்,23
278,"கேட்கும் திறன் குறைபாடு உள்ளவர்கள் வழக்கமாக பேச்சு மொழியில் தொடர்புகொள்வார்கள், அவர்களுக்கு செவித்துணைச் சாதனங்கள், செவி உட்பொருத்தல்கள் மற்றும் இன்னபிற கருவிகளும் திரை வாசகங்களும் உதவ முடியும்","கேட் கும்   திறன்   குறை பாடு   உள்ள வர்கள்   வழக்கமாக   பேச்சு   மொழி யில்   தொடர்பு கொள் வா ர்கள்,   அவர்களுக்கு   செ வி த்துணை ச்   சா தன ங்கள்,   செ வி   உட் பொரு த்தல் கள்   மற்றும்   இ ன்ன பிற   கரு வி களும்   திரை   வா சக ங்களும்   உத வ   முடியும்",43
279,ஆசன மலக்குடல் பரிசோதனை ஒரு விரைவான வழிமுறை (அனுபவமுள்ளவர் 12 நிமிடத்தில் அதைச் செய்துவிட முடியும்),ஆ சன   மல க்கு டல்   பரி சோதனை   ஒரு   விரை வான   வழி முறை   ( அனுப வ முள்ள வர்   12   நிமிட த்தில்   அதை ச்   செய்து விட   முடியும் ),26
280,கதிரியக்க மருந்துப் பொருட்கள் என்பவை மனிதப் பயன்பாட்டுக்குப் பாதகாப்பான மற்றும் பலவித மனித நோய்நொடிகளின் கண்டறிதல் அல்லது சிகிச்சைக்குப் பயன்படுத்தப்படுகிற மிகவும் தூய கதிரியக்க மருந்துக் கலவைகளாகும்,க தி ரிய க்க   ம ருந்து ப்   பொருட்கள்   என்ப வை   மனித ப்   பயன் பாட்டு க்கு ப்   பா த கா ப்பான   மற்றும்   பல வித   மனித   நோய் நொ டி களின்   கண்ட றி தல்   அல்லது   சிகிச்சை க்கு ப்   பயன்படுத்த ப்படு கிற   மிகவும்   தூ ய   க தி ரிய க்க   ம ருந்து க்   கல வை களா கும்,52
281,"எனினும், நுண்ணுயிர் எதிர்ப்பி மருந்துகளைத் தவறாகவும் மிகுதியாகவும் பயன்படுத்துவது இந்நிகழ்முறையின் வேகத்தை அதிகரிக்கிறது","எனினும்,   நு ண் ணு யி ர்   எதிர் ப்பி   ம ருந்து களை த்   தவ றாக வும்   மி குதி யாகவும்   பயன்படுத்து வது   இந் நிகழ் முறை யின்   வேக த்தை   அதிகரி க்கிற து",29
282,"அரசு மற்றும் இதர துறைகளில் முக்கிய பங்குதாரர்களை ஈடுபடுத்துகிற ஓர் ஒருங்கிணைந்த, கூட்டுமுனைப்பான ஒன் ஹெல்த் அணுகுமுறையை இந்த யுக்தி ரீதியான திட்டம் வழங்குகிறது","அரசு   மற்றும்   இ தர   துறை களில்   முக்கிய   பங்கு தார ர் களை   ஈடு ப டுத்து கிற   ஓர்   ஒருங்கிணை ந்த ,   கூட்டு முனை ப்பான   ஒன்   ஹெ ல் த்   அணு கு முறையை   இந்த   யு க்தி   ரீ தியான   திட்ட ம்   வழங்கு கிறது",38
283,இந்நிறுவனத்தில் ஓபிடி மற்றும் ஐபிடி பிரிவுகளுக்கு வரும் நோயாளிகளின் எண்ணிக்கை தொடர்ந்து அதிகரித்துள்ளது,இந் நிறுவன த்தில்   ஓ பிடி   மற்றும்   ஐ பிடி   பிரிவு களுக்கு   வரும்   நோ யா ளி களின்   எண்ணிக்கை   தொடர்ந்து   அதிகரி த்து ள்ள து,21
284,ஒரு சட்ட-மருத்துவ அம்சம் உள்ளது,ஒரு   சட்ட - மருத்துவ   அம்ச ம்   உள்ள து,8
285,"தரம் மாநிலங்களிடையே வேறுபட்டிருந்தன என்றபோதிலும், ஏறக்குறைய அனைத்திலுமே உள்கட்டமைப்பின் தரம், மனிதவள இருப்பு, மருந்துகளின் வரவு, பதிவேடுகள் ஆகியவை திருப்திகரமாக இல்லை என்று கண்டறியப்பட்டது","த ரம்   மாநில ங்களி டையே   வேறு பட்டி ருந்த ன   என்ற போதிலும்,   ஏ ற க்குறை ய   அனை த்தி லு மே   உள் கட்ட மை ப்பின்   தர ம்,   மனித வள   இரு ப்பு,   ம ருந்து களின்   வரவு ,   பதி வே டுகள்   ஆகியவை   திரு ப்தி கர மாக   இல்லை   என்று   கண்ட றிய ப்பட்ட து",48
286,சுகாதார அறிக்கையை எப்படி உருவாக்குவது என்பதற்கு ஒரு பொதுநிலைத் திட்டவடிவம் இல்லை,சு கா தார   அறிக்கை யை   எப்படி   உருவாக்கு வது   என்ப தற்கு   ஒரு   பொது நிலை த்   திட்ட வடிவ ம்   இல்லை,18
287,"தேசிய ஊரகச் சுகாதார இயக்கம் (என்ஆர்ஹெச்எம்) போன்ற திட்டங்களின் வாயிலாக இந்தியா முழுவதும் ஆயுர்வேத மையங்களையும் உயிரியல் மருத்துவ மையங்களையும் சேர்த்து அமைக்கும் முயற்சிகளைப் பொறுத்தவரை, அவை உயிரியல் மருத்துவத்தையும் ஆயுர்வேதத்தையும் இட ரீதியாக அருகில் கொண்டுவரும் அளவுக்கே உள்ளன, ஒன்றிணைந்த மருத்துவச் சேவை வழங்கும் அளவுக்கு ஆழமான செயல்பாட்டு ஒருங்கிணைப்பை ஏற்படுத்துவது இன்னும் கனவாகவே உள்ளது","தேசிய   ஊ ர க ச்   சு கா தார   இய க்கம்   ( என் ஆர் ஹெ ச் எம் )   போன்ற   திட்ட ங்களின்   வா யி லாக   இந்தியா   முழுவதும்   ஆயு ர் வேத   மைய ங்களையும்   உயி ரிய ல்   மருத்துவ   மைய ங்களையும்   சேர்த்து   அமை க்கும்   முயற்சி களை ப்   பொறு த்த வரை,   அவை   உயி ரிய ல்   மருத்துவ த்தையும்   ஆயு ர் வேத த்தையும்   இட   ரீதியாக   அருகில்   கொண்டு வரும்   அளவு க்கே   உள்ளன,   ஒன்றி ணை ந்த   மருத்துவ ச்   சேவை   வழங்கு ம்   அள வுக்கு   ஆழ மான   செயல் பாட்டு   ஒருங்கிணை ப்பை   ஏற்படுத்து வது   இன்னும்   கன வாக வே   உள்ள து",87
288,"அந்த விலங்கு மந்தையிலுள்ள மற்ற விலங்குகளை விட்டு விலகியுள்ளது என்றால், அதற்கு ஏதோ நோய்நொடி இருப்பதை அது குறிக்கிறது","அந்த   விலங்கு   ம ந்தை யி லுள்ள   மற்ற   விலங்கு களை   விட்டு   வில கி யுள்ள து   என்றால்,   அதற்கு   ஏ தோ   நோய் நொ டி   இருப்பதை   அது   குறி க்கிற து",26
289,"அந்த மருத்துவ அதிகாரி தன்னை மீண்டும் சந்திக்க என்னை அனுமதிக்கவில்லை, அதற்குப் பதிலாக என்னிடம் ஓர் ஆய்வாளரை அனுப்புவதையே வலியுறுத்தினார்","அந்த   மருத்துவ   அதிகாரி   தன்னை   மீண்டும்   சந்தி க்க   என் னை   அனுமதி க்க வில்லை,   அதற்கு ப்   பதி லாக   என் னி டம்   ஓர்   ஆய் வா ள ரை   அனுப்பு வதை யே   வலியுறு த்தி னார்",30
290,"மாறுபக்கக் கொழுப்பு என்பது தாவர எண்ணெயில் ஹைட்ரஜனைச் சேர்ப்பதன் மூலம் தயாரிக்கப்படுகிறது, இது வணிக ரீதியான பேக்கரி உணவுகளிலும் பெரும்பாலான உணவகங்கள் மற்றும் பல்கிளை துரித உணவு நிலையங்களின் சமையலிலும் பயன்படுத்தப்படுகிறது","மாறு பக்க க்   கொ ழு ப்பு   என்பது   தாவர   எண் ணெ யில்   ஹை ட் ர ஜ னை ச்   சேர் ப்ப தன்   மூலம்   தயாரி க்கப்படு கிறது,   இது   வணிக   ரீ தியான   பே க்க ரி   உணவு களிலும்   பெரும்பாலான   உண வ க ங்கள்   மற்றும்   பல் கிளை   து ரி த   உணவு   நிலைய ங்களின்   ச மைய லி லும்   பயன்படுத்த ப்படு கிறது",54
291,நிறைவுறா கொழுப்புகள் என்பவை அறை வெப்பநிலையில் திரவமாக இருக்கும் கொழுப்புகளாகும்,நிறை வு றா   கொ ழு ப்புகள்   என்ப வை   அ றை   வெப்பநிலை யில்   தி ரவ மாக   இருக்கும்   கொ ழு ப்பு களா கும்,21
292,"பணியிடத்தில் அல்லது பணி சார்ந்து பாகுபாடு, அதிகார துஷ்பிரயோகம், பாலியல் துன்புறுத்தல் உள்ளிட்ட துன்புறுத்தல்கள் (இவற்றை மொத்தமாக இழிவுபடுத்தும் நடத்தை என்பர்) ஆகியவற்றைத் தடுக்கவும் தீர்வளிக்கவும் உரிய அனைத்து நடவடிக்கைகளையும் எடுக்கும் பொறுப்பு உலகச் சுகாதார அமைப்பிற்கு உள்ளது","பணி யிட த்தில்   அல்லது   பணி   சார் ந்து   பா கு பாடு ,   அதிகார   து ஷ் பிர யோக ம்,   பாலி யல்   து ன் பு று த்தல்   உள்ளிட்ட   து ன் பு று த்தல் கள்   ( இ வற்றை   மொத்த மாக   இ ழி வு ப டுத்து ம்   நட த்தை   என்ப ர் )   ஆகியவற்றை த்   த டுக்க வும்   தீ ர்வ ளி க்கவும்   உ ரிய   அனைத்து   நடவடிக்கை களையும்   எடு க்கும்   பொறு ப்பு   உலக ச்   சு கா தார   அமை ப்பி ற்கு   உள்ள து",75
293,இதனால் என்ன இழப்பு ஏற்படப் போகிறது,இதனால்   என்ன   இழ ப்பு   ஏற்பட ப்   போ கிறது,8
294,முடிவெடுப்பதற்குத் துணைபுரியும் வகையில் முடிவுகளைத் தொகுத்து வழங்குவதே மூன்றாம் நிலையின் குறிக்கோளாக உள்ளது,முடி வெ டு ப்பதற்கு த்   துணை புரி யும்   வகையில்   முடிவு களை த்   தொகு த்து   வழங்கு வ தே   மூன்றா ம்   நிலை யின்   குறி க்கோ ளாக   உள்ள து,26
295,"யோகா என்ற சொல்லுக்கு இரண்டு பொருள்கள் உள்ளன; முதலாமது யுஜிர் அல்லது ஒன்றிணைதல் என்ற வேர்ச்சொல்லிலிருந்து வருகிறது, இரண்டாவது யுஜா என்ற வேறு வேர்ச்சொல்லிலிருந்து பிறக்கிறது, இது மனதின் மிக உயர்ந்த நிலை மற்றும் பரிபூரண அறிவு எனப் பொருள்படும் சமாதியைக் குறிக்கிறது","யோகா   என்ற   சொல் லுக்கு   இரண்டு   பொருள் கள்   உள்ளன ;   முத லா மது   யு ஜி ர்   அல்லது   ஒன்றி ணை தல்   என்ற   வே ர் ச்சொ ல்லி லிருந்து   வரு கிறது,   இரண்டாவது   யு ஜா   என்ற   வேறு   வே ர் ச்சொ ல்லி லிருந்து   பிற க்கிற து,   இது   மன தி ன்   மிக   உயர்ந்த   நிலை   மற்றும்   பரி பூ ரண   அறிவு   என ப்   பொருள் படும்   சமா தி யை க்   குறி க்கிற து",63
296,கதிரியக்க மருந்துகள் கதிரியக்க அணுக்கருக்களின் அணுசக்திப் பண்புகளையும் மருந்துகளின் மருந்தியல் பண்புகளையும் ஒருசேரப் பயன்படுத்தி திறமையான நோயறிதல் அல்லது நிவாரணிப் பொருட்களாக விளங்குகின்றன,க தி ரிய க்க   ம ருந்து கள்   க தி ரிய க்க   அணு க்கரு க்களின்   அணு சக்தி ப்   பண் பு களையும்   ம ருந்து களின்   மரு ந்தி யல்   பண் பு களையும்   ஒரு சேர ப்   ப யன்படுத்தி   திற மையான   நோ ய றி தல்   அல்லது   நி வார ணி ப்   பொருட் களாக   விளங்கு கின்றன,49
297,"""பசுமைப் பொருளாதாரம்"" என்ற சொல் முதன்முதலில் ஒரு முன்னணிச் சுற்றுச்சூழல் பொருளாதார நிபுணர்களின் குழுவால் 'பசுமைப் பொருளாதாரத்துக்கான வரைவுத்திட்டம்' என்ற தலைப்பில் ஐக்கிய ராஜ்ஜிய அரசுக்காக 1989இல் தொகுக்கப்பட்ட ஓர் அறிக்கையில் உருவாக்கப்பட்டது",""" ப சு மை ப்   பொருளா தா ரம் ""   என்ற   சொல்   முதன் முதலில்   ஒரு   முன்னணி ச்   சுற்று ச்சூழ ல்   பொருளாதார   நி பு ண ர்களின்   குழு வால்   ' ப சு மை ப்   பொருளாதார த்து க்கான   வரை வு த்திட்ட ம் '   என்ற   தலை ப்பில்   ஐ க்கிய   ராஜ்ஜிய   அரசு க்காக   198 9இல்   தொகு க்கப்பட்ட   ஓர்   அறிக்கை யில்   உருவாக்கப்பட்ட து",56
298,"கிவி பழத்திலிருந்து தயாரிக்கப்படும் நாரா ஆபா எனும் வெள்ளை ஒயின் அருணாச்சலப் பிரதேசத்தைச் சார்ந்தது, அது லோவர் சுபன்சிரி மாவட்டத்தில் உள்ள ஹாங் கிராமத்தில் இருக்கும் லம்பு-சுபு ஃபுட் அண்ட் பெவரேஜஸ் நிறுவனத்தால் உற்பத்தி செய்யப்படுகிறது","கி வி   பழ த்திலிருந்து   தயாரி க்கப்படும்   நா ரா   ஆ பா   எனும்   வெ ள் ளை   ஒ யின்   அரு ணா ச்ச ல ப்   பிரதேச த்தை ச்   சார்ந்த து,   அது   லோ வர்   சு பன் சி ரி   மாவட்டத்தில்   உள்ள   ஹா ங்   கிராம த்தில்   இருக்கும்   லம் பு - சு பு   ஃ பு ட்   அ ண்ட்   பெ வ ரே ஜ ஸ்   நிறுவன த்தால்   உற்பத்தி   செய்ய ப்படு கிறது",61
299,"உயரத்தைக் குறைக்க, ரிலீஸ் பட்டனை அழுத்தி கீழ்நோக்கி நகர்த்தலாம்","உயர த்தை க்   குறை க்க ,   ரி லீ ஸ்   பட்ட னை   அழு த்தி   கீழ் நோக்கி   நகர் த்த லாம்",18
300,"வளர்ச்சியின் ஆரம்ப கட்டத்திலுள்ள தீவனப் பயிர்களில் உயரளவு புரதச்சத்து இருக்கும், பொதுவாக அவை எளிதில் செரிமானமாகும், எனினும் அவற்றின் மகசூல் (மொத்த அளவு அல்லது உயிர்த்திரள்) குறைவாகவே இருக்கும்","வளர்ச்சி யின்   ஆரம்ப   கட்ட த்தி லுள்ள   தீ வன ப்   பயி ர் களில்   உயர ளவு   புர த ச்ச த்து   இருக்கும்,   பொதுவாக   அவை   எளி தில்   செ ரி மான மா கும்,   எனினும்   அவற்றின்   மக சூ ல்   ( மொத்த   அளவு   அல்லது   உயி ர் த்திர ள் )   குறைவாக வே   இருக்கும்",45
301,"புதுப்புது யோசனைகள் குறித்த பேரார்வமும் உத்வேகமும் உறுதியும் தன்னகத்தே கொண்டுள்ள, உக்ரூலைச் சேர்ந்த செயினோரின் ஒரு சாதாரண தொழில்முனைவர் அல்ல","புது ப்பு து   யோ சனை கள்   குறித்த   பே ரா ர்வ மும்   உ த் வேக மும்   உறுதி யும்   தன் ன க த்தே   கொண்டு ள்ள ,   உ க் ரூ லை ச்   சேர்ந்த   செ யி னோ ரின்   ஒரு   சா தா ரண   தொழில் முனை வர்   அல்ல",42
302,"அடிப்படையாக, இதில் உயிர்த்திரள் உற்பத்தி செய்யப்பட்டு அது வெப்ப மாற்றம், வேதி மாற்றம், உயிர்வேதி மாற்றம் போன்ற வெவ்வேறு வழிகளில் வசதியான ஆற்றல்-பொதிந்த வஸ்துக்களாக மாற்றப்படுகின்றன","அடிப்படையாக ,   இதில்   உயி ர் த்திர ள்   உற்பத்தி   செய்ய ப்பட்டு   அது   வெப்ப   மாற்ற ம்,   வே தி   மாற்ற ம்,   உயி ர் வே தி   மாற்ற ம்   போன்ற   வெவ்வேறு   வழி களில்   வச தியான   ஆ ற்ற ல் - பொ தி ந்த   வ ஸ் து க்க ளாக   மாற்ற ப்படு கின்றன",45
303,"இவை நிலக்கரி மற்றும் பெட்ரோலியம் போன்ற புவியியல் நிகழ்முறைகளால் உருவாக்கப்படும் எரிபொருள் போலன்றி, உயிரியல் நிகழ்முறைகள் மூலம் உருவாக்கப்படுகின்றன","இவை   நில க்க ரி   மற்றும்   பெ ட் ரோ லி யம்   போன்ற   புவி யியல்   நிகழ் முறை களால்   உருவா க்கப்படும்   எரி பொருள்   போல ன்றி ,   உயி ரிய ல்   நிகழ் முறை கள்   மூலம்   உருவா க்கப்படு கின்றன",33
304,"டிஈஈபி என்ற மேம்பாடு மற்றும் சுற்றுச்சூழல் பாதுகாப்புக்கான (டிஈஈபி) நவீன சூளை சங்கம், மரப் பயன்பாட்டை 50% குறைக்கும் விதமாக உயிர்த்திரளைப் பயன்படுத்தும் நவீன டிஈஈபி சூளையை உருவாக்கியுள்ளது","டி ஈ ஈ பி   என்ற   மேம்பா டு   மற்றும்   சுற்று ச்சூழ ல்   பாதுகாப்பு க்கான   ( டி ஈ ஈ பி )   நவீன   சூ ளை   சங்க ம்,   மர ப்   பயன் பா ட்டை   50 %   குறை க்கும்   வித மாக   உயி ர் த்திர ளை ப்   பயன்படுத்து ம்   நவீன   டி ஈ ஈ பி   சூ ளை யை   உருவாக்கி யுள்ள து",53
305,பட்டியலிட்ட 197 உள்நாட்டு இனங்கள் 2020க்குள் அரசிதழ் அறிக்கையில் வெளியிடப்பட்டன,பட்டிய லி ட்ட   197   உள்நாட்டு   இன ங்கள்   20 20 க்குள்   அரசி த ழ்   அறிக்கை யில்   வெளியிட ப்பட்ட ன,18
306,கழிவுநீர் அகற்றுதல் அமைப்பு இல்லாத கிராமங்களிலும் நகர்ப்புறக் குடிசைப் பகுதிகளிலும் ஆரோக்கியமான கழிவறை வசதிகளை வழங்க என்பயோலெட் கிரீன் சொல்யூஷன் ஃபவுண்டேஷன் (ஜிஎஸ்எஃப்) ஒரு பயோ-டாய்லெட் தீர்வை உருவாக்கியுள்ளது,கழி வு நீர்   அக ற்று தல்   அமைப்பு   இல்லாத   கிராம ங்களிலும்   நகர்ப்புற க்   குடி சை ப்   பகுதி களிலும்   ஆ ரோ க்கிய மான   கழி வ றை   வசதி களை   வழங்க   என்ப யோ லெ ட்   கி ரீ ன்   சொல் யூ ஷன்   ஃ ப வு ண்டே ஷன்   ( ஜி எஸ் எஃப் )   ஒரு   ப யோ - டா ய் லெ ட்   தீர் வை   உருவாக்கி யுள்ள து,60
307,"ஐசிஏஆர், இறக்குமதிகளுக்குப் பதிலீடாக 2024ஆம் ஆண்டுக்குள் 30 வெவ்வேறு பதனிடத்தக்க வயல் மற்றும் தோட்டப் பயிர் வகைகளை உருவாக்க இலக்கு அமைத்துள்ளது","ஐ சி ஏ ஆ ர்,   இற க்கு மதி களுக்கு ப்   பதி லீ டா க   20 24 ஆம்   ஆண்டு க்குள்   30   வெவ்வேறு   ப தனி ட த்தக்க   வ யல்   மற்றும்   தோ ட்ட ப்   பயி ர்   வகை களை   உருவாக்க   இலக்கு   அமை த்து ள்ள து",41
308,"கதிரியக்க ஓரகத் தனிமங்களின் தேவை அதிகரிப்பு பற்றிய கணிப்பு, அணுவியல் ஆராய்ச்சியில் பெரு முன்னேற்றம் ஆகியவற்றினால் 1970களிலேயே ஒப்பீட்டளவில் உயர் நியூட்ரான் பாயம் கொண்ட இன்னொரு உலை அவசியம் என்று உணரப்பட்டது, இதன் விளைவாக இறுதியில் ட்ராம்பே பிஏஆர்சி மையத்தில் ஆர்-5 அணு உலை (பின்னர் துருவா அணு உலை என்று பெயர் மாற்றப்பட்டது) அமைக்கப்பட்டு செயல்படத் தொடங்கியது","க தி ரிய க்க   ஓ ர க த்   தனி ம ங்களின்   தேவை   அதிகரி ப்பு   பற்றிய   கணி ப்பு,   அணு வியல்   ஆராய்ச்சி யில்   பெரு   முன்னே ற்றம்   ஆகியவ ற்றி னால்   197 0 களி லேயே   ஒ ப்பீ ட்ட ளவில்   உயர்   நியூ ட் ரா ன்   பா யம்   கொண்ட   இன் னொ ரு   உ லை   அவசிய ம்   என்று   உண ர ப்பட்டது,   இதன்   விளைவாக   இறுதியில்   ட் ராம் பே   பி ஏ ஆர் சி   மைய த்தில்   ஆர் - 5   அணு   உ லை   ( பின்னர்   துரு வா   அணு   உ லை   என்று   பெயர்   மாற்ற ப்பட்ட து )   அமை க்கப்பட்டு   செயல் பட த்   தொட ங்கிய து",93
309,"ஹெச்எல்எல்டபிள்யு-வில் அணுப்பிளவு விளைபொருட்கள், சிறு ஆக்டினைடுகள், யுரேனியம் மற்றும் ப்ளூட்டோனியம் சுவடுகள், அரிமான விளைபொருட்கள், மறுசெயலாக்கத்தின் போது சேர்க்கப்படும் ரசாயனங்கள் ஆகியவை உள்ளன","ஹெ ச் எல் எல் ட பிள் யு - வில்   அணு ப்பி ளவு   விளை பொருட் கள்,   சிறு   ஆ க் டி னை டு கள்,   யு ரே னி யம்   மற்றும்   ப் ளூ ட்டோ னி யம்   சு வ டு கள்,   அரி மான   விளை பொருட் கள்,   மறு செய லா க்க த்தின்   போது   சேர் க்கப்படும்   ர சா ய ன ங்கள்   ஆகியவை   உள்ளன",56
310,"எச்எல்எல்டபிள்யூ ஒரு வினைபுரியாத கண்ணாடி (படிக) அணியமைப்பில் முடக்கப்பட்டு ஒரு காற்றுக் குளிரூட்டப் பெட்டகத்தில் ஒருசில பத்தாண்டுகள் சேமிக்கப்படும், பின்னர் ஓர் ஆழ் காப்பகத்தில் அப்புறப்படுத்தத் திட்டமிடப்படும்","எ ச் எல் எல் ட பிள் யூ   ஒரு   வினை பு ரியா த   கண் ணா டி   ( படி க )   அணி யமை ப்பில்   மு ட க்கப்பட்டு   ஒரு   காற்று க்   குளி ரூ ட்ட ப்   பெ ட்ட க த்தில்   ஒரு சில   ப த்தா ண்டு கள்   சேமி க்கப்படு ம்,   பின்னர்   ஓர்   ஆ ழ்   கா ப்ப க த்தில்   அ ப்புற ப்படுத்த த்   திட்டமிட ப்படும்",59
311,"ஜெர்சி பசு கொடுக்கும் பாலில் சுமார் 5 சதவிகிதம் கொழுப்புச் சத்து உள்ளது, அதேவேளை ஹால்ஸ்டீன் ஃப்ரீசியன் பசுக்களின் பாலில் சுமார் 3","ஜெ ர் சி   ப சு   கொடு க்கும்   பா லில்   சுமார்   5   ச தவி கி தம்   கொ ழு ப்பு ச்   ச த்து   உள்ளது,   அதே வேளை   ஹா ல் ஸ் டீ ன்   ஃப் ரீ சிய ன்   ப சு க்களின்   பா லில்   சுமார்   3",40
312,5 சதவிகிதம் கொழுப்புச் சத்து உள்ளது,5   ச தவி கி தம்   கொ ழு ப்பு ச்   ச த்து   உள்ள து,13
313,"மனிதப் பாதுகாப்பு என்பது முக்கியமாக, வாடிக்கையாளர்கள், ஊழியர்கள் மற்றும் நிர்வாகத்தினர் உள்ளிட்ட அனைவரின் சுத்தம், சுகாதாரம் மற்றும் சுற்றுச்சூழல் குறித்தும் செலுத்துகிறது","மனித ப்   பாதுகாப்பு   என்பது   முக்கியமாக ,   வாடிக்கை யாள ர்கள்,   ஊழி ய ர்கள்   மற்றும்   நிர்வாக த்தி னர்   உள்ளிட்ட   அனை வரின்   சு த்த ம்,   சு கா தா ரம்   மற்றும்   சுற்று ச்சூழ ல்   குறித்து ம்   செலுத்து கிறது",34
314,"சீஸியம் மீட்சி இரண்டாம் சுழற்சியில் நிகழும் என உத்தேசிக்கப்படுகிறது, அதேவேளை ஸ்ட்ரான்ஷியம்-ஆக்டினைடு-லாந்தனைடு ஒருசேரப் பிரித்தல் ஹெச்எல்எல்டபிள்யு-வை அடுத்து மூன்றாம் சுழற்சியில் நடைபெறுகிறது","சீ ஸி யம்   மீ ட்சி   இரண்டாம்   சு ழ ற்சி யில்   நி க ழும்   என   உ த்தே சி க்கப்படு கிறது,   அதே வேளை   ஸ்ட் ரா ன் ஷி யம் - ஆ க் டி னை டு - லா ந்த னை டு   ஒரு சேர ப்   பிரி த்தல்   ஹெ ச் எல் எல் ட பிள் யு - வை   அ டுத்து   மூன்றா ம்   சு ழ ற்சி யில்   நடைபெறு கிறது",61
315,"நுண்ணலைத் தொலைதூர நுட்பங்கள் சகல தட்பவெப்ப நிலைகளிலும் வேலைசெய்யும்,ஏனென்றால் குறைந்த அதிர்வெண்களில் நுண்ணலைகள் வளிமண்டலம் வழியே செல்ல முடியும், அவை மேகங்களை ஊடுருவும், மேலும் நுண்ணலை உணரிகளுக்கு சூரிய ஒளி தேவையில்லை என்பதால் அவை இரவு, பகல் என இரு சமயங்களிலும் இயக்கத்திற்குப் பொருத்தமானவை","நு ண்ண லை த்   தொலை தூர   நுட்ப ங்கள்   ச கல   த ட்ப வெப்ப   நிலை களிலும்   வேலை செய் யும், ஏனெ ன்றால்   குறைந்த   அதி ர் வெ ண் களில்   நு ண்ண லை கள்   வளி மண்ட லம்   வழி யே   செல்ல   முடி யும்,   அவை   மே க ங்களை   ஊ டு ரு வும்,   மேலும்   நு ண்ண லை   உண ரி களுக்கு   சூ ரிய   ஒளி   தேவை யில் லை   என்ப தால்   அவை   இர வு ,   ப கல்   என   இரு   சமய ங்களிலும்   இயக்க த்திற்கு ப்   பொருத்த மான வை",77
316,"இயற்கையான அல்லது செறிவூட்டப்பட்ட வடிவில் உள்ள யுரேனியம், அணுக்கருப் பிளவுக்கான அணுசக்தி உலைகளில் பொதுவாக எரிபொருளாகப் பயன்படுத்தப்படுகிறது","இயற்கை யான   அல்லது   செ றி வூ ட்ட ப்பட்ட   வடி வில்   உள்ள   யு ரே னிய ம்,   அணு க்கரு ப்   பி ளவு க்கான   அணு சக்தி   உ லை களில்   பொதுவாக   எரி பொருளா க ப்   பயன்படுத்த ப்படு கிறது",34
317,"மேலும், சோயா பீன்ஸில் துரித முதர்ச்சியும் தூண்டப்பட்டுள்ளது","மேலும்,   சோ யா   பீ ன் ஸில்   து ரி த   முத ர் ச்சி யும்   தூ ண்ட ப்பட்டுள்ள து",17
318,சுவரின் முழு நீளத்தையும் ஒரே சமயத்தில் கட்ட முடியாத போது பின்னோக்கு அடுக்கு முறை பிரயோஜனமாக இருக்கும்,சு வரின்   முழு   நீள த்தையும்   ஒரே   சமய த்தில்   கட்ட   முடியாத   போது   பின் னோ க்கு   அ டுக்கு   முறை   பிர யோ ஜன மாக   இருக்கும்,22
319,அதன்பின் 11,அதன் பின்   11,3
320,04,0 4,2
321,"2019 அன்று மாநிலச் சட்டசபைத் தேர்தல் நடைபெற்றது என்றும், திரு ஒய்","2019   அன்று   மாநில ச்   சட்ட ச பை த்   தேர் தல்   நடைபெற்ற து   என்று ம்,   திரு   ஒ ய்",17
322,ஜகன்மோகன் ரெட்டி 30,ஜ கன் மோ கன்   ரெ ட்டி   30,7
323,05,0 5,2
324,2019 அன்று முதலமைச்சராகப் பதவியேற்று உறுதிமொழி எடுத்தார் என்றும் முன்வைக்கப்படுகிறது,2019   அன்று   முத ல மை ச்ச ராக ப்   பதவி யே ற்று   உறுதி மொழி   எடு த்தா ர்   என்றும்   முன் வை க்கப்படு கிறது,21
325,"வெப்பநிலை பகல் நேரத்தில் 24°–27°C அளவிலும் இரவில் 15°–17°C அளவிலும், இதன் உகந்தநிலை 75 சதவிகித சார்புநிலை ஈரப்பதத்துடன் 15°–27°C அளவிலும் இருக்க வேண்டும்","வெப்பநிலை   ப கல்   நேரத்தில்   24 ° – 27 ° C   அள விலும்   இர வில்   15 ° – 17 ° C   அள விலும்,   இதன்   உ கந்த நிலை   7 5   ச தவி கி த   சார் பு நிலை   ஈ ரப்ப த த்துடன்   15 ° – 27 ° C   அள விலும்   இருக்க   வேண்டும்",49
326,"சர்வதேச வர்த்தக மையம் பல்வேறு நிகழ்ச்சிகளுக்கு ஏற்பாடு செய்கிறது, அவை சிறு வணிகங்கள் மற்றும் தொழில்முனைவோரின் தேவைகளை கோடிட்டுக் காட்டி அவர்களுக்கு வளர்ச்சிப் பாதையில் ஆதரவு அளிக்கின்றன, உதாரணமாக டிஜிட்டல் வணிகம், மேனா பகுதியில் இளைஞர்களுக்கு வாய்ப்பளித்தல், எஸ்டிஜி-களுக்கான சிறு வணிகங்கள் குறித்த புகைப்படக் கண்காட்சி, விளையாட்டுத் துறையில் இளம் தொழில்முனைவோரை ஊக்குவித்தல், பெண்கள் சார்ந்தவற்றில் முதலீடு செய்தல் போன்றவை","சர்வதேச   வர்த்தக   மை யம்   பல்வேறு   நிகழ்ச்சி களுக்கு   ஏற்பாடு   செய் கிறது,   அவை   சிறு   வணிக ங்கள்   மற்றும்   தொழில் முனை வோ ரின்   தேவை களை   கோ டி ட்டு க்   காட்டி   அவர்களுக்கு   வளர்ச்சி ப்   பாதை யில்   ஆதர வு   அளி க்கின்ற ன,   உதாரணமாக   டி ஜி ட்ட ல்   வணிக ம்,   மே னா   பகுதியில்   இளை ஞர் களுக்கு   வாய் ப்ப ளி த்த ல்,   எஸ் டி ஜி - களுக்கான   சிறு   வணிக ங்கள்   குறித்த   பு கை ப்பட க்   கண் காட்சி ,   விளையாட்டு த்   துறை யில்   இ ளம்   தொழில் முனை வோ ரை   ஊக்குவி த்த ல்,   பெண்கள்   சார்ந்த வ ற்றில்   முதலீடு   செய் தல்   போன்ற வை",92
327,"இந்தச் செயல்முறையில், வீரியமான கிளர்ச்சியைத் தூண்டி, கரைப்பான் அடங்கிய கரிம ஓட்டமும், குறிப்பிட்டவற்றுக்கான பிரித்தெடுப்பானின் சுவடுகளும், நீர்மக் கழிவும் ஒன்றோடொன்று தொட்டுக் கொண்டுள்ள நிலையில் வைக்கப்படுகின்றன","இந்த ச்   செயல் முறை யில்,   வீ ரிய மான   கிளர்ச்சி யை த்   தூ ண்டி ,   கரை ப்பா ன்   அட ங்கிய   கரி ம   ஓ ட்ட மும்,   குறிப்பிட்ட வ ற்று க்கான   பிரி த் தெ டு ப்பா னின்   சு வ டு களும்,   நீர் ம க்   கழி வும்   ஒன் றோ டொ ன்று   தொ ட்டு க்   கொண்டு ள்ள   நிலையில்   வை க்கப்படு கின்றன",56
328,"ஒவ்வொரு பென்சிலிலும் உள்ள சீஸியம் கண்ணாடியின் அளவைத் துல்லியமாகக் கட்டுப்படுத்தி Cs கண்ணாடிப் பென்சில்களைத் தயாரிக்க, அதற்கேயுரிய மறு-உருக்கு உலையுடன் சீஸியம் கண்ணாடி கொண்ட டிஸ்பென்ஸர் தொலைநிலையில் பொருத்தப்படுகிறது","ஒவ்வொரு   பெ ன்சி லி லும்   உள்ள   சீ ஸி யம்   கண் ணா டி யின்   அள வை த்   து ல்லி யமாக க்   கட்டு ப்படுத்தி   C s   கண் ணா டி ப்   பெ ன்சி ல் களை த்   தயாரி க்க ,   அ தற் கே யு ரிய   மறு - உரு க்கு   உ லை யுடன்   சீ ஸி யம்   கண் ணா டி   கொண்ட   டி ஸ் பெ ன் ஸ ர்   தொலை நிலையில்   பொருத்த ப்படு கிறது",66
329,"இதுதவிர, ஏற்றுமதி/இறக்குமதி, விலை நிர்ணயம், பொது விநியோகம் போன்ற சந்தை மூலோபாயங்களை உருவாக்க, நம்பகமான, காலத்துக்குரிய மதிப்பீடுகளும் ஏக்கர் வீத பருவப் பயிர் உற்பத்தி மற்றும் மகசூல் மதிப்பீடுகளும் முக்கியமாகும்","இது தவி ர ,   ஏற்று மதி / இற க்கு மதி ,   விலை   நிர் ண ய ம்,   பொது   விநி யோ கம்   போன்ற   சந்தை   மூ லோ பா ய ங்களை   உருவாக்க ,   நம்ப கமான ,   கால த்துக்கு ரிய   மதிப்பீ டு களும்   ஏ க்கர்   வீ த   பருவ ப்   பயி ர்   உற்பத்தி   மற்றும்   மக சூ ல்   மதிப்பீ டு களும்   முக்கிய மா கும்",57
330,"கூடுதல் நிலத்தை விளைச்சலுக்கு உட்படுத்துவது (பரந்த அணுகுமுறை) மூலமும், உயர் மகசூல், உள்ளீட்டுப் பலன், ஆற்றல் செறிவு மற்றும் உயர் தாங்குசக்தி கொண்ட பயிர் வகைகளைப் பயன்படுத்துதல், நீர்ப்பாசனத்தை அதிகரித்தல், பயிர் ஊட்டம் மற்றும் பாதுகாப்பை ஒருங்கிணைத்தல் போன்ற முன்னேறிய பயிர் மேலாண்மைத் தொழில்நுட்பங்களைப் பயன்படுத்துவது (ஆழ்ந்த அணுகுமுறை) மூலமும் பயிர் உற்பத்தியை கணிசமாக அதிகரிக்க முடியும்","கூடுதல்   நில த்தை   விளை ச்ச லுக்கு   உட் ப டுத்து வது   ( பர ந்த   அணு கு முறை )   மூல மும்,   உயர்   மக சூ ல்,   உள் ளீ ட்டு ப்   பல ன்,   ஆ ற்ற ல்   செ றி வு   மற்றும்   உயர்   தா ங்கு சக்தி   கொண்ட   பயி ர்   வகை களை ப்   பயன்படுத்து தல்,   நீர்ப்பா சன த்தை   அதிகரி த்த ல்,   பயி ர்   ஊ ட்டம்   மற்றும்   பாதுகா ப்பை   ஒருங்கிணை த்தல்   போன்ற   முன்னே றிய   பயி ர்   மேலா ண் மை த்   தொழில்நுட்ப ங்களை ப்   பயன்படுத்து வது   ( ஆ ழ் ந்த   அணு கு முறை )   மூல மும்   பயி ர்   உற்பத்தி யை   கணி சமாக   அதிக ரிக்க   முடியும்",96
331,கியர்ஷிஃப்ட் லீவர் இரண்டு முன் இருக்கைகளுக்கு இடையே மையக் கன்சோல் மீது பொருத்தப்பட்டுள்ளது,கி யர் ஷிஃ ப் ட்   லீ வர்   இரண்டு   முன்   இரு க்கை களுக்கு   இடையே   மைய க்   கன் சோ ல்   மீது   பொருத்த ப்பட்டுள்ள து,22
332,இந்த மாற்றத்துக்கு தொழில்நுட்பம் மட்டுமே காரணம் என்று கருதுவது சரியல்ல,இந்த   மாற்ற த்துக்கு   தொழில்நுட்ப ம்   மட்டுமே   காரண ம்   என்று   கரு து வது   ச ரிய ல்ல,15
333,"இந்த அனைத்து அளவுருக்களின் குறிகாட்டிகளையும் ஒன்றிணைத்து, ஒவ்வொரு மாநிலத்திலும் உள்ள மையங்களின் தரத்தை அளவிடுவதற்கு ஒரு தரவரிசை முறை உருவாக்கப்பட்டது","இந்த   அனைத்து   அளவு ருக்க ளின்   குறி காட்டி களையும்   ஒன்றி ணை த்து,   ஒவ்வொரு   மாநில த்திலும்   உள்ள   மைய ங்களின்   தர த்தை   அள விடு வதற்கு   ஒரு   தர வரிசை   முறை   உருவாக்கப்பட்ட து",28
334,"இந்த இடுக்கிமானியைப் பயன்படுத்தி நீளத்தையும், உட்புற மற்றும் வெளிப்புற விட்டங்களையும் அளக்கலாம்","இந்த   இ டு க்கி மானி யை ப்   ப யன்படுத்தி   நீள த்தை யும்,   உட் புற   மற்றும்   வெளி ப்புற   விட்ட ங்களையும்   அள க்கலாம்",21
335,செங்கற்களை கட்டுமானத்திற்குப் பயன்படுத்தும் முன்பு அவற்றின் கடினம் மற்றும் நீடிப்புத்தன்மை குறித்துச் சோதிக்க வேண்டும்,செ ங்க ற் களை   கட்டுமான த்திற்கு ப்   பயன்படுத்து ம்   முன்பு   அவற்றின்   கடின ம்   மற்றும்   நீடி ப்பு த்தன்மை   குறித்து ச்   சோ தி க்க   வேண்டும்,23
336,காரிப் பருவ நெல் விளைச்சல் குறைவாக இருப்பதற்கு அதிக வாய்ப்புள்ளதால் தானிய விலை நெருக்கடி கோதுமையிலிருந்து அரிசிக்குப் பரவுகிறது,கா ரி ப்   பருவ   நெ ல்   விளை ச்சல்   குறைவாக   இருப்ப தற்கு   அதிக   வாய்ப்பு ள்ள தால்   தா னிய   விலை   நெ ருக்க டி   கோ து மை யிலிருந்து   அரி சி க்கு ப்   பர வு கிறது,32
337,"இந்திய அரசும் இதர நலனாளிகளும் முனைப்பாக எடுத்த முன்முயற்சிகளின் காரணமாக, ஆயுர்வேதம் பரவலாக வாடிக்கையாளர்களை அடைந்து ஏற்பும் பெற்றுள்ளது","இந்திய   அரசு ம்   இ தர   ந ல னா ளி களும்   முனை ப்பாக   எ டுத்த   முன் முயற்சி களின்   காரணமாக ,   ஆயு ர் வே தம்   பரவலாக   வாடிக்கையாளர் களை   அடை ந்து   ஏற் பு ம்   பெற்று ள்ள து",34
338,"மேலும், சிகிச்சைக்கான பயன்களை ஒதுக்கிவிட்டுப் பார்த்தால், இந்த கதிரியக்க ஓரகத் தனிமத்தைப் பயன்படுத்தும் போது தற்செயலாக கதிர்வீச்சு வெளியாவதைத் தவிர்க்க அதைப் பொசிவற்ற வடிவத்திற்கு மாற்ற வேண்டியதும் இருக்கும்","மேலும்,   சிகிச்சை க்கான   பயன் களை   ஒது க்கி விட்டு ப்   பார் த்தால்,   இந்த   க தி ரிய க்க   ஓ ர க த்   தனி ம த்தை ப்   பயன்படுத்து ம்   போது   தற் செய லாக   க திர் வீ ச்சு   வெளி யா வதை த்   தவி ர்க்க   அதை ப்   பொ சிவ ற்ற   வடிவ த்திற்கு   மாற்ற   வேண்டிய தும்   இருக்கும்",51
339,"கதிரியக்க ஓரகத் தனிமத்தைப் பயன்படுத்துவதற்கு, முதன்மையாக அதை ஹெச்எல்எல்டபிள்யு-விலிருந்து கதிரியக்க வேதியியல் ரீதியாகத் தூய்மையான வடிவத்தில் பிரித்தெடுக்க வேண்டும்","க தி ரிய க்க   ஓ ர க த்   தனி ம த்தை ப்   ப யன்படு த்துவதற்கு ,   முதன்மை யாக   அதை   ஹெ ச் எல் எல் ட பிள் யு - விலிருந்து   க தி ரிய க்க   வே தி யியல்   ரீதியாக த்   தூ ய் மையான   வடிவ த்தில்   பிரி த் தெ டுக்க   வேண்டும்",47
340,"கடன் வேண்டுகோள் விண்ணப்பத்தில், வேண்டிய தயாரிப்புகள் குறித்த தகவல்கள், சாத்தியமான விற்பனையாளர்களின் விவரங்கள், டெலிவரி வழிகாட்டல்கள், கணக்கு விவரங்கள், தொடர்புத் தகவல் போன்றவை அடங்கியிருக்கும்","கடன்   வேண்டு கோ ள்   வி ண்ண ப்ப த்தில்,   வேண்டிய   தயாரி ப்புகள்   குறித்த   தகவல் கள்,   சாத்திய மான   விற்பனை யாளர் களின்   விவர ங்கள்,   டெலி வரி   வழி காட்ட ல் கள்,   கணக்கு   விவர ங்கள்,   தொடர்பு த்   தகவல்   போன்ற வை   அட ங்கி யிரு க்கும்",39
341,இது இணையம் வழியாக பொருட்களையும் சேவைகளையும் விற்பனை செய்வதைக் குறிக்கிறது,இது   இணை யம்   வழியாக   பொருட் களையும்   சேவை களையும்   விற்பனை   செய் வதை க்   குறி க்கிற து,15
342,"அதற்கேற்ப, பதிவு செய்யப்பட்ட புகார் குஜராத்தில் உள்ள அதிகாரிகளிடம் அனுப்பி வைக்கப்பட்டது","அ தற் கே ற்ப ,   பதிவு   செய்யப்பட்ட   பு கார்   குஜரா த்தில்   உள்ள   அதிகாரி களிடம்   அனுப்பி   வை க்கப்பட்ட து",18
343,"1978ஆம் ஆண்டு குழந்தைத் திருமண தடுப்புச் சட்டம் சட்டப்பூர்வ திருமண வயதை பெண்ணுக்கு 18 என்றும், ஆணுக்கு 21 என்றும் நிர்ணயித்துள்ளது, எனினும் சமூக வழக்காறுகள் இன்றும் கூட பால்யப் பருவத் திருமணங்களை ஊக்குவிக்கின்றன","197 8 ஆம்   ஆண்டு   குழந்தை த்   திருமண   தடு ப்பு ச்   சட்ட ம்   சட்ட ப்பூர்வ   திருமண   வய தை   பெண் ணு க்கு   18   என்று ம்,   ஆ ணு க்கு   21   என்றும்   நிர் ண யி த்து ள்ள து,   எனினும்   சமூக   வழ க்கா று கள்   இன்று ம்   கூட   பால் ய ப்   பருவ த்   திருமண ங்களை   ஊக்குவி க்கின்ற ன",53
344,"எனினும், கறாரான சமூகப் பொறுப்புறுதியைச் சுமத்தும் எவ்விதச் சட்டமுறை, ஒழுங்குமுறை அல்லது கண்காணிப்பு அதிகாரங்களும் பிஎஸ்என்எல் நிறுவனத்துக்கு இல்லை","எனினும்,   க றா ரான   சமூக ப்   பொறு ப்பு றுதி யை ச்   சு ம த்தும்   எவ் வித ச்   சட்ட முறை ,   ஒழு ங்கு முறை   அல்லது   கண் காணி ப்பு   அதிகார ங்களும்   பி எஸ் என் எல்   நிறுவன த்துக்கு   இல்லை",36
345,"மேற்கூறிய காரணங்களுக்காக, திருவாளர் குவாலிட்டி ஐஸ்கிரீம் மற்றும் பிபிஎல்ஐஎல் ஒருவரோடு ஒருவர் தொடர்புடையவர்கள் அல்ல என்ற தீர்ப்பாயத்தின் முடிவில் எந்தத் தவறும் இல்லை என்பது பரிசீலித்துப் பெற்ற எமது கருத்து","மேற் கூ றிய   காரண ங்களு க்காக ,   திரு வா ளர்   குவா லி ட்டி   ஐ ஸ் கி ரீ ம்   மற்றும்   பி பி எல் ஐ எல்   ஒரு வ ரோ டு   ஒருவர்   தொடர்புடைய வர்கள்   அல்ல   என்ற   தீர் ப்பா ய த்தின்   முடி வில்   எந்த த்   தவ றும்   இல்லை   என்பது   பரி சீ லி த்து ப்   பெற்ற   எ மது   கருத்து",54
346,அவர்களுக்கு இடையேயான பரிவர்த்தனை அசலுக்கு அசல் என்ற தன்மை கொண்டது மற்றும் விலையின் அடிப்படையில் மட்டுமே பொருள்களின் விற்பனை மேற்கொள்ளப்பட்டது,அவர்களுக்கு   இடையே யான   பரி வர் த்தனை   அ ச லுக்கு   அ சல்   என்ற   தன் மை   கொண்ட து   மற்றும்   விலை யின்   அடிப்படையில்   மட்டுமே   பொருள் களின்   விற்பனை   மேற்கொள்ள ப்பட்ட து,27
347,அதன்பின் 11,அதன் பின்   11,3
348,04,0 4,2
349,"2019 அன்று மாநிலச் சட்டசபைத் தேர்தல் நடைபெற்றது என்றும், திரு ஒய்","2019   அன்று   மாநில ச்   சட்ட ச பை த்   தேர் தல்   நடைபெற்ற து   என்று ம்,   திரு   ஒ ய்",17
350,ஜகன்மோகன் ரெட்டி 30,ஜ கன் மோ கன்   ரெ ட்டி   30,7
351,05,0 5,2
352,2019 அன்று முதலமைச்சராகப் பதவியேற்று உறுதிமொழி எடுத்தார் என்றும் முன்வைக்கப்படுகிறது,2019   அன்று   முத ல மை ச்ச ராக ப்   பதவி யே ற்று   உறுதி மொழி   எடு த்தா ர்   என்றும்   முன் வை க்கப்படு கிறது,21
353,"ரமேஷ் குமாரியின் வழக்கில் கூறப்பட்ட (மேற்படி) கருத்து , லல்லன் சவுதிரி மற்றும் பிடியியல் சுய விடுப்பு எதிர் பிகார் மாநிலம் வழக்கில் (ஏஐஆர் 2006 எஸ்சி 3376) மீண்டும் வலியுறுத்தப்பட்டது","ர மே ஷ்   குமா ரி யின்   வழ க்கில்   கூற ப்பட்ட   ( மேற்ப டி )   கருத்து   ,   ல ல்ல ன்   ச வு திரி   மற்றும்   பிடி யியல்   சுய   விடு ப்பு   எதிர்   பி கார்   மாநிலம்   வழ க்கில்   ( ஏ ஐ ஆர்   200 6   எஸ் சி   3 3 7 6 )   மீண்டும்   வலியுறு த்த ப்பட்ட து",52
354,"இந்த அறிக்கைகளின் அடிப்படையில், பிஎஸ்என்எல் 0281-30410000 என்ற உள்நாட்டு சிஎல்ஐ எண்ணை அழைத்து தன்னுடைய தரப்பிலிருந்து விசாரணைகளை மேற்கொண்டது","இந்த   அறிக்கை களின்   அடிப்படை யில்,   பி எஸ் என் எல்   0 28 1 - 30 4 100 00   என்ற   உள்நாட்டு   சி எல் ஐ   எண் ணை   அழைத்து   தன் னு டைய   தர ப்பி லிருந்து   வி சாரணை களை   மேற் கொண்ட து",37
355,அவர்கள் இன்னும் எஃப்ஐஆர் பதிவுசெய்யவில்லை,அவர்கள்   இன்னும்   எஃப் ஐ ஆர்   பதிவு செய்ய வில்லை,8
356,அத்துமீறி நுழைபவருக்கு எதிரான ஒரு நடவடிக்கையில் உரிமையாளர் உண்மையில் அந்தப் பிரயோகம் மற்றும் ஆக்கிரமிப்புக்கான பாதிப்புத் தொகையை கோருகிறாரா இல்லையா என்பது முக்கியமல்ல,அ த்து மீ றி   நுழை ப வருக்கு   எதிரான   ஒரு   நடவடிக்கை யில்   உரிமை யாளர்   உண்மை யில்   அந்த ப்   பிர யோ கம்   மற்றும்   ஆ க்கிர மி ப்பு க்கான   பாதி ப்பு த்   தொகையை   கோ ரு கிறா ரா   இல்லை யா   என்பது   முக்கிய ம ல்ல,40
357,21 மார்ச் 1997 வரையிலான காலகட்டத்திற்கு அது பிபிஎல்ஐஎல் நிறுவனத்துடன் ஒப்பந்தம் செய்து கொண்டது,21   மார்ச்   199 7   வரையிலான   காலகட்ட த்திற்கு   அது   பி பி எல் ஐ எல்   நிறுவன த்துடன்   ஒப்பந்த ம்   செய்து   கொண்ட து,20
358,பின்னர் திருவாளர் எச்எல்எல் நிறுவனத்துடன் ஓர் ஒப்பந்தம் செய்யப்பட்டு அது 22 மார்ச் 1997 முதல் நடைமுறைக்கு வந்தது,பின்னர்   திரு வா ளர்   எ ச் எல் எல்   நிறுவன த்துடன்   ஓர்   ஒப்பந்த ம்   செய்ய ப்பட்டு   அது   22   மார்ச்   199 7   முதல்   நடைமுறை க்கு   வந்த து,25
359,"குஜராத் மாநிலத்தில் அதிகாரிகளின் பாரபட்சமான அணுகுமுறை அப்பட்டமாக வெளிப்படுகிறது என்ற வாதம் முன்வைக்கப்பட்டுள்ளது, இது தாக்கல் செய்த எதிர் உறுதிமொழிப் பத்திரத்தை மேலோட்டமாக வாசித்தாலே தெளிவாகப் புலப்படும்","குஜராத்   மாநிலத்தில்   அதிகாரி களின்   பார பட்ச மான   அணு கு முறை   அ ப்பட்ட மாக   வெளி ப்படு கிறது   என்ற   வா தம்   முன் வை க்கப்பட்டுள்ள து,   இது   தா க்கல்   செய்த   எதிர்   உறுதி மொழி ப்   ப த்திர த்தை   மே லோ ட்ட மாக   வாசி த்தா லே   தெளிவாக ப்   பு ல ப்படும்",46
360,"ஜிபிஎல், ஒரு மென்பொருளுக்குப் பொது உரிமம் வழங்கும் முதன்மை நோக்கத்துடன் வடிவமைக்கப்பட்டுள்ளது","ஜி பி எ ல்,   ஒரு   மென் பொரு ளுக்கு ப்   பொது   உ ரி ம ம்   வழங்கு ம்   முதன்மை   நோக்க த்துடன்   வடிவமை க்கப்பட்டுள்ள து",22
361,"அது பிபிஎல்ஐஎல் நிறுவனத்தின் மொத்த உற்பத்தியையும் விற்பனை செய்வதற்காக ஓர் ஒப்பந்தம் செய்துகொண்டது, பின்னர் அந்நிறுவனம் சந்தையிடலுக்காக ஹெச்எல்எல் நிறுவனத்துடன் இணைக்கப்பட்டது","அது   பி பி எல் ஐ எல்   நிறுவனத்தின்   மொத்த   உற்பத்தி யையும்   விற்பனை   செய் வதற்காக   ஓர்   ஒப்பந்த ம்   செய்து கொண்ட து,   பின்னர்   அ ந் நிறுவனம்   சந்தை யிட லு க்காக   ஹெ ச் எல் எல்   நிறுவன த்துடன்   இணை க்கப்பட்ட து",36
362,"குவாலிட்டி ஐஸ்கிரீம் நிறுவனம் (பிரதிவாதி-மதிப்பீடு செய்யப்படுபவர்) ஐஸ்கிரீம் உற்பத்தியில் ஈடுபட்டுள்ளது, இது 1985ஆம் ஆண்டு மத்திய ஆயத்தீர்வை கட்டண சட்டத்துக்கான (சுருக்கமாக, இந்தச் சட்டம்) அட்டவணையின் கீழ் இடம்பெறும்","குவா லி ட்டி   ஐ ஸ் கி ரீ ம்   நிறுவனம்   ( பிரதி வாதி - மதிப்பீ டு   செய்ய ப்படு பவர் )   ஐ ஸ் கி ரீ ம்   உற்பத்தி யில்   ஈடு பட்டு ள்ள து,   இது   198 5 ஆம்   ஆண்டு   மத்திய   ஆ ய த்தீர் வை   கட்டண   சட்ட த்து க்கான   ( சு ருக்க மாக ,   இந்த ச்   சட்ட ம் )   அ ட்ட வ ணை யின்   கீழ்   இடம் பெறு ம்",63
363,கூட்டாட்சி சட்டமன்றத்தில் அங்கம் வகிப்போர் குறித்த விவாதமே இந்தக் கூட்டத்தொடரில் பரிசீலனைக்கு எடுக்கப்பட்ட முக்கிய தலைப்பு,கூ ட்டா ட்சி   சட்ட மன்ற த்தில்   அ ங்க ம்   வகி ப்போ ர்   குறித்த   வி வாத மே   இந்த க்   கூட்ட த்தொட ரில்   பரி சீ ல னை க்கு   எடு க்கப்பட்ட   முக்கிய   தலை ப்பு,31
364,"மேற்கொண்டு, போலி (மறைக்கப்பட்ட) சிஎல்ஐ கொண்ட அழைப்பை பிஎஸ்என்எல் தடமறியவோ தடுக்கவோ தொழில்நுட்ப ரீதியாகச் சாத்தியமில்லை எனவும் கற்றறிந்த மூத்த வழக்கறிஞர் வாதிட்டார்","மேற் கொண்டு ,   போ லி   ( மறை க்கப்பட்ட )   சி எல் ஐ   கொண்ட   அழை ப்பை   பி எஸ் என் எல்   த ட ம றிய வோ   த டுக்க வோ   தொழில்நுட்ப   ரீதியாக ச்   சாத்திய மில் லை   என வும்   க ற்ற றி ந்த   மூத்த   வழக்க றி ஞர்   வாதி ட்டா ர்",46
365,ஒரு பிஓஐ மட்டுமே ஒரு குறிப்பிட்ட நாளில் பிஎஸ்என்எல் மூலம் வரும் மில்லியன் கணக்கான அழைப்பு நிமிடங்களைக் கையாளுகிறது என்ற சூழ்நிலையில் எந்த அழைப்பு உண்மையானது மற்றும் எந்த அழைப்பு சிஎல்ஐ இல்லாமலோ போலி சிஎல்ஐ உடனோ வருகிறது என்பதைக் கண்டறிவது வணிக ரீதியாகச் சாத்தியமன்று எனக் கூறப்பட்டது,ஒரு   பி ஓ ஐ   மட்டுமே   ஒரு   குறிப்பிட்ட   நா ளில்   பி எஸ் என் எல்   மூலம்   வரும்   மில்லியன்   கண க்கான   அழை ப்பு   நிமிட ங்களை க்   கை யா ளு கிறது   என்ற   சூழ் நிலையில்   எந்த   அழை ப்பு   உண்மையான து   மற்றும்   எந்த   அழை ப்பு   சி எல் ஐ   இல்லா ம லோ   போ லி   சி எல் ஐ   உட னோ   வரு கிறது   என்பதை க்   கண்ட றி வது   வணிக   ரீதியாக ச்   சாத்திய ம ன்று   என க்   கூற ப்பட்ட து,70
366,கற்றறிந்த வழக்கறிஞர் சட்டப்பிரிவு 6,க ற்ற றி ந்த   வழக்க றி ஞர்   சட்ட ப்பிரி வு   6,11
367,4,4,1
368,"6 குறித்து விளக்கம் அளிக்கும்போது, மேற்படி சட்டப்பிரிவு பெரிய அபராதத்தை விதிக்கக்கூடியது என்றும்; மேற்படி சட்டப்பிரிவானது ஆபரேட்டரின் தரப்பில் ஏதோவொரு குறைபாடு காரணமாக அழைப்புகளை ஒட்டுக்கேட்டல் அல்லது தவறாக இணைத்தல் சூழ்நிலைகளில் பிரயோகிக்கப்படுவது என்றும்; ஆனால் தற்போதைய வழக்கில் புகாரளிக்கப்பட்ட செயல்கள் ஒரு நேர்மையற்ற சந்தாதாரர் மீதே சாட்டப்படுகிறது ரிலையன்ஸ் மீதல்ல என்பதால் சட்டப்பிரிவு 6","6   குறித்து   விள க்கம்   அளி க்கும் போது,   மேற்ப டி   சட்ட ப்பிரி வு   பெரிய   அ பரா தத்தை   விதி க்கக்கூடிய து   என்றும் ;   மேற்ப டி   சட்ட ப்பிரி வான து   ஆப ரே ட்ட ரின்   தர ப்பில்   ஏ தோ வொரு   குறை பாடு   காரணமாக   அழை ப்புகளை   ஒட்டு க்கே ட்ட ல்   அல்லது   தவ றாக   இணை த்தல்   சூழ் நிலை களில்   பிர யோ கி க்கப்படு வது   என்றும் ;   ஆனால்   தற்போதைய   வழ க்கில்   பு கார ளி க்கப்பட்ட   செயல் கள்   ஒரு   நேர் மைய ற்ற   ச ந்தா தார ர்   மீ தே   சா ட்ட ப்படு கிறது   ரி லை யன் ஸ்   மீ த ல்ல   என்ப தால்   சட்ட ப்பிரி வு   6",97
369,4,4,1
370,6-ஐ பிரயோகிக்க முடியாது என்றும் தன் வாதத்தை முன்வைத்தார்,6 - ஐ   பிர யோ கி க்க   முடியா து   என்றும்   தன்   வாத த்தை   முன் வை த்தா ர்,17
371,"சில ரேன்சம்வேர், ஸ்பாம் மின்னஞ்சல்களில் இணைப்புகளாக அனுப்பப்படுகின்றன","சில   ரே ன் சம் வே ர்,   ஸ் பா ம்   மி ன்ன ஞ்சல் களில்   இணை ப்பு களாக   அனுப்ப ப்படு கின்றன",19
372,"இதற்குக் காரணம், ஒரு ஒப்பந்ததாரர் (பிஎஸ்என்எல்) மற்ற ஒப்பந்ததாரரிடமிருந்து (ரிலையன்ஸ்) வேறெந்தத் தொகையைப் பெறுவது குறித்தும் ஒப்பந்தச் சட்டம் கருத்தில் கொள்வதில்லை","இதற்கு க்   காரண ம்,   ஒரு   ஒப்பந்த தார ர்   ( பி எஸ் என் எல் )   மற்ற   ஒப்பந்த தார ரி டமிருந்து   ( ரி லை யன் ஸ் )   வே றெ ந்த த்   தொகையை ப்   பெறு வது   குறித்து ம்   ஒப்பந்த ச்   சட்ட ம்   கரு த்தில்   கொள் வதில் லை",44
373,"தான் மும்பை போலீசின் விசாரணைக்கு முழு ஒத்துழைப்புத் தந்ததாகவும், அதேவேளை சிபிஐ விசாரணை நடத்தினாலும் தனக்கு எந்தவொரு ஆட்சேபனையும் இல்லை என்றும் மனுதாரர் தெரிவித்தார்","தான்   மும்பை   போ லீ சின்   வி சாரணை க்கு   முழு   ஒ த்து ழை ப்பு த்   த ந்த தாகவும்,   அதே வேளை   சி பி ஐ   வி சாரணை   நடத்தி னா லும்   தன க்கு   எந்த வொரு   ஆ ட் சே ப னை யும்   இல்லை   என்றும்   ம னு தார ர்   தெரிவி த்தா ர்",46
374,"ஜிஎன்யூ ஜெனரல் பப்ளிக் லைசன்ஸ் (ஜிபிஎல்), கிரியேட்டிவ் காமன்ஸ் (சிசி) ஆகியவை இரண்டு பிரபலமான பொது உரிமங்களின் வகைகள்","ஜி என் யூ   ஜெ ன ரல்   ப ப் ளி க்   லை ச ன்ஸ்   ( ஜி பி எல் ),   கிரி யே ட்டி வ்   கா மன் ஸ்   ( சி சி )   ஆகியவை   இரண்டு   பிரபலமான   பொது   உ ரி ம ங்களின்   வகை கள்",39
375,"இந்த வழக்கில் என்ஜிடி தனது அதிகார வரம்பைக் கைவிட்டு, நீதிமுறைப் பணிகளை ஒரு நிர்வாக நிபுணர் குழுவிடம் ஒப்படைத்தது","இந்த   வழ க்கில்   என் ஜி டி   தனது   அதிகார   வர ம் பை க்   கை விட்டு ,   நீதி முறை ப்   பணி களை   ஒரு   நிர்வாக   நி பு ண ர்   குழு வி டம்   ஒ ப்படை த்த து",33
376,"1971ஆம் ஆண்டுச் சட்டத்தின் கீழ் அறிவிக்கப்பட்ட குடிசைப் பகுதியில் பாட அறை இருந்தது என்பதாகவும், எனவே அந்தச் சட்டத்தின் பிரிவு 22(1)(ஏ)இல் உள்ள தடையைக் கருதி தகுதியுள்ள ஆணையத்தின் எழுத்துப்பூர்வ அனுமதியின்றி முதல் பிரதிவாதி தொடுத்த வழக்கு இனி செல்லுபடியாகாது என்பதாகவும் அவர் ஒரு வாதத்தை முன்வைத்தார்","197 1 ஆம்   ஆண்டு ச்   சட்ட த்தின்   கீழ்   அறிவி க்கப்பட்ட   குடி சை ப்   பகுதியில்   பாட   அ றை   இருந்த து   என்ப தாகவும்,   எனவே   அந்த ச்   சட்ட த்தின்   பிரிவு   22 ( 1 ) ( ஏ ) இல்   உள்ள   தடை யை க்   கரு தி   தகுதி யுள்ள   ஆணை ய த்தின்   எழுத்து ப்பூர்வ   அனுமதி யின் றி   முதல்   பிரதி வாதி   தொ டுத்த   வழக்கு   இ னி   செல் லு படி யா கா து   என்ப தாகவும்   அவர்   ஒரு   வாத த்தை   முன் வை த்தா ர்",75
377,"ஆல் இந்தியா இன்ஸ்டிடியூட் ஆஃப் மெடிக்கல் சயின்சஸ் வழக்கில் கருத்துரைக்கப்பட்டு கங்காதர் வழக்கில் மீண்டும் வலியுறுத்தப்பட்டபடி, மேற்கூறியவாறு நடுவர்மன்ற நீதிபதியின் முன்னிலையில் புகாரைப் பதிவு செய்வதே இதற்கான தீர்வாகும்","ஆல்   இந்தியா   இன் ஸ்டி டி யூ ட்   ஆஃப்   மெ டி க்கல்   ச யின் ச ஸ்   வழ க்கில்   கருத்து ரை க்கப்பட்டு   க ங்கா தர்   வழ க்கில்   மீண்டும்   வலியுறு த்த ப்பட்ட படி,   மேற் கூ றிய வாறு   நடு வர் மன்ற   நீதி பதி யின்   முன் னி லை யில்   பு கா ரை ப்   பதிவு   செய் வ தே   இ தற்கான   தீர் வா கும்",57
378,"ஆல் இந்தியா இன்ஸ்டிடியூட் ஆஃப் மெடிக்கல் சயின்சஸ் வழக்கு, கங்காதரன் வழக்கு, ஹரி சிங் வழக்கு, மீனு குமாரி வழக்கு, ரமேஷ் குமாரி வழக்கு ஆகியவற்றில் கருத்துக்களில் முரண்பாடு உள்ளதாக சூசகமாகச் சுட்டப்பட்டாலும், எவ்வொரு கைதுக்குரிய குற்றமும் காவல்துறையின் கவனத்திற்குக் கொண்டுவரப்படும் போது அவர்கள் எடுக்க வேண்டிய நடவடிக்கை தொடர்பாக ரமேஷ் குமாரி வழக்கில் தெரிவிக்கப்படும் கருத்து","ஆல்   இந்தியா   இன் ஸ்டி டி யூ ட்   ஆஃப்   மெ டி க்கல்   ச யின் ச ஸ்   வழக்கு ,   க ங்கா தர ன்   வழக்கு ,   ஹரி   சிங்   வழக்கு ,   மீ னு   குமா ரி   வழக்கு ,   ர மே ஷ்   குமா ரி   வழக்கு   ஆகியவ ற்றில்   கருத்து க்க ளில்   மு ர ண் பாடு   உள்ள தாக   சூ ச கமாக ச்   சு ட்ட ப்பட்டா லும்,   எவ் வொரு   கைது க்கு ரிய   குற்ற மும்   காவல் துறை யின்   கவன த்திற்கு க்   கொண்டு வர ப்படும்   போது   அவர்கள்   எடுக்க   வேண்டிய   நடவடிக்கை   தொடர் பாக   ர மே ஷ்   குமா ரி   வழ க்கில்   தெரிவி க்கப்படும்   கருத்து",91
379,"காவல்துறையினர் பிரிவு 154இன் கீழ் உள்ள அவசியமான சட்ட நடவடிக்கைகளை எடுக்காத போது அடுத்து என்ன செய்ய வேண்டும் என்பது, ஆல் இந்தியா இன்ஸ்டிடியூட் ஆஃப் மெடிக்கல் சயின்சஸ் வழக்கு, கங்காதரன் வழக்கு, ஹரி சிங் வழக்கு, மீனா குமாரி வழக்கு ஆகியவற்றில் நேரடிப் பிரச்சனையாக எழுந்தது","காவல் துறை யினர்   பிரிவு   15 4 இன்   கீழ்   உள்ள   அவசிய மான   சட்ட   நடவடிக்கை களை   எடு க்காத   போது   அ டுத்து   என்ன   செய்ய   வேண்டும்   என்ப து,   ஆல்   இந்தியா   இன் ஸ்டி டி யூ ட்   ஆஃப்   மெ டி க்கல்   ச யின் ச ஸ்   வழக்கு ,   க ங்கா தர ன்   வழக்கு ,   ஹரி   சிங்   வழக்கு ,   மீ னா   குமா ரி   வழக்கு   ஆகியவ ற்றில்   நேர டி ப்   பிரச்சனை யாக   எழு ந்த து",66
380,எனவே இதுகுறித்து முடிவெடுப்பது இந்திய ஒன்றியத்தின் நிபுணர் அமைப்புகளிடம் விடப்பட்டது,எனவே   இது குறித்து   முடி வெ டு ப்பது   இந்திய   ஒன் றிய த்தின்   நி பு ண ர்   அமைப்பு களிடம்   விட ப்பட்ட து,20
381,"முதல் மட்ட மேல்முறையீட்டு நீதிமன்றம் 1ஆம் மற்றும் 4ஆம் அம்சங்களில் வழக்காடு நீதிமன்றத்தின் விசாரணை முடிவுகளை ரத்து செய்து, முதல் பிரதிவாதி ஓர் அனுமதியற்ற பகுதிக்குள் சென்றவர் என்பதாலும் அனுமதியற்ற பகுதிக்குள் செல்பவர் 1971ஆம் ஆண்டுச் சட்டத்தால் கட்டுப்படுத்தப்படும் குடிசைப் பகுதியில் வசிப்பவராக இருப்பின் தகுதியுள்ள ஆணையத்தின் அனுமதி அவசியமில்லை என்பதாலும் அவர் தொடுத்த 4 வழக்குகள் தகுதியுள்ள ஆணையத்தின் அனுமதியின்றியே செல்லுபடியாகும் என்று தீர்ப்பளித்தது","முதல்   மட்ட   மேல் முறை யீ ட்டு   நீதிமன்ற ம்   1 ஆம்   மற்றும்   4 ஆம்   அம்ச ங்களில்   வழ க்காடு   நீதிமன்ற த்தின்   வி சாரணை   முடிவு களை   ர த்து   செய் து,   முதல்   பிரதி வாதி   ஓர்   அனுமதி ய ற்ற   பகுதி க்குள்   செ ன்ற வர்   என்ப தா லும்   அனுமதி ய ற்ற   பகுதி க்குள்   செல் பவர்   197 1 ஆம்   ஆண்டு ச்   சட்ட த்தால்   கட்டு ப்படுத்த ப்படும்   குடி சை ப்   பகுதியில்   வசி ப்ப வராக   இரு ப்பின்   தகுதி யுள்ள   ஆணை ய த்தின்   அனுமதி   அவசிய மில் லை   என்ப தா லும்   அவர்   தொ டுத்த   4   வழக்கு கள்   தகுதி யுள்ள   ஆணை ய த்தின்   அனுமதி யின் றி யே   செல் லு படி யா கும்   என்று   தீர் ப்ப ளி த்த து",106
382,"மனுதாரரும் மரணமடைந்தவரும் மணமாகாத தம்பதிகளாக வாழ்ந்து வந்தனர், ஆனால் நடிகரின் மரணத்திற்குச் சில நாட்களுக்கு முன்பு, 8","ம னு தார ரும்   மரண மடைந்த வரும்   மண மா கா த   த ம்ப தி களாக   வாழ் ந்து   வந்த னர்,   ஆனால்   நடி கரின்   மரண த்திற்கு ச்   சில   நாட் களுக்கு   முன்பு ,   8",31
383,6,6,1
384,2020 அன்று அவர் மும்பையில் உள்ள தனது சொந்த வீட்டிற்கே குடிமாறியிருந்தார்,20 20   அன்று   அவர்   மும்பை யில்   உள்ள   தனது   சொந்த   வீ ட்டி ற் கே   குடி மாறி யிரு ந்தா ர்,18
385,"ஒருவர் இயற்கை மரணம் இன்றி சந்தேகத்திற்குரிய சூழ்நிலையில் மரணமடைந்துள்ளாரா என்பதை உறுதிசெய்வதும், 'ஆம்' என்றால் அதற்குரிய வெளிப்படையான காரணத்தை அறிவதுமே இந்த விசாரணையின் நோக்கம்","ஒருவர்   இயற்கை   மரண ம்   இன் றி   சந்தே க த்திற்கு ரிய   சூழ் நிலையில்   மரண மடை ந்து ள்ளா ரா   என்பதை   உறுதி செய்வது ம்,   ' ஆம் '   என்றால்   அதற்கு ரிய   வெளி ப்படை யான   காரண த்தை   அறி வது மே   இந்த   வி சாரணை யின்   நோ க்கம்",41
386,"மரணித்தவர் எவ்வாறு தாக்கப்பட்டார், எவரால் தாக்கப்பட்டார் அல்லது எந்தச் சூழ்நிலையில் தாக்கப்பட்டார் போன்ற விவரங்கள் குறித்த கேள்வி, இந்த விதிமுறையின் 174ஆம் பிரிவின் கீழ் நடைபெறும் வழக்கு விசாரணைகளின் வட்டம் மற்றும் வரம்புக்கு அப்பாற்பட்டதாகும்","மர ணி த்த வர்   எவ்வாறு   தா க்க ப்பட்டா ர்,   எ வரால்   தா க்க ப்பட்டா ர்   அல்லது   எந்த ச்   சூழ் நிலையில்   தா க்க ப்பட்டா ர்   போன்ற   விவர ங்கள்   குறித்த   கேள்வி ,   இந்த   விதி முறை யின்   17 4 ஆம்   பிரி வின்   கீழ்   நடைபெறு ம்   வழக்கு   வி சாரணை களின்   வட்ட ம்   மற்றும்   வர ம்பு க்கு   அ ப்பா ற்ப ட்ட தா கும்",58
387,"துணைப் பிரிவு (3) பிரகாரம், தகுதியுள்ள ஆணையம் அத்தகைய விண்ணப்பம் ஒன்றைப் பெற்றதன் பேரில் சம்பந்தப்பட்ட தரப்பினரின் கூற்றுகளைக் கேட்க வாய்ப்பு வழங்கிய பிறகும் பொருத்தமானது என தாம் கருதியபடி வழக்கின் சூழ்நிலைகள் குறித்து வாய்மொழி விசாரணைகள் மேற்கொண்ட பிறகும் எழுத்துப்பூர்வ ஆணை மூலம் அதற்கு அனுமதி வழங்கலாம் அல்லது மறுக்கலாம்","துணை ப்   பிரிவு   ( 3 )   பிர கார ம்,   தகுதி யுள்ள   ஆணை யம்   அ த்தகைய   வி ண்ண ப்ப ம்   ஒன்றை ப்   பெற்ற தன்   பே ரில்   சம்ப ந்த ப்பட்ட   தர ப்பி ன ரின்   கூற்று களை க்   கேட் க   வாய்ப்பு   வழ ங்கிய   பிறகு ம்   பொருத்த மான து   என   தா ம்   கரு திய படி   வழ க்கின்   சூழ் நிலை கள்   குறித்து   வாய் மொழி   வி சாரணை கள்   மேற் கொண்ட   பிறகு ம்   எழுத்து ப்பூர்வ   ஆணை   மூலம்   அதற்கு   அனுமதி   வழங்க லாம்   அல்லது   மறு க்கலாம்",77
388,அனுமதி பெற விரும்புபவர் உரிய ஆணையத்திடம் எழுத்துப்பூர்வமாக விண்ணப்பிக்க வேண்டும் என்று பிரிவு 22இன் துணைப்பிரிவு (2) கூறுகிறது,அனுமதி   பெற   விரும்பு பவர்   உ ரிய   ஆணை ய த்தி டம்   எழுத்து ப்பூர்வ மாக   வி ண்ண ப்பி க்க   வேண்டும்   என்று   பிரிவு   22 இன்   துணை ப்பிரி வு   ( 2 )   கூறு கிறது,30
389,"வணிக முத்திரை என்பது குறிப்பிட்டதொரு பிராண்ட் அல்லது வணிக நிறுவனத்தை பிற பிராண்ட்கள் அல்லது வணிக நிறுவனங்களிலிருந்து வேறுபடுத்திக் காட்டக்கூடிய ஒரு காட்சிக் குறியீடு, சொல், பெயர், வடிவமைப்பு, முழக்கம், லேபில் போன்றவையாகும்","வணிக   மு த்திரை   என்பது   குறிப்பிட்ட தொ ரு   பிரா ண்ட்   அல்லது   வணிக   நிறுவன த்தை   பிற   பிரா ண்ட் கள்   அல்லது   வணிக   நிறுவன ங்களிலிருந்து   வேறு படுத்தி க்   காட்ட க்கூடிய   ஒரு   காட்சி க்   குறி யீ டு ,   சொ ல்,   பெய ர்,   வடிவ மைப்பு ,   மு ழ க்க ம்,   லே பில்   போன்ற வை யா கும்",50
390,கைதுக்குரிய குற்றம் நடந்துள்ளதாக காவல் துறைக்கு எப்போது தகவல் கிடைத்தாலும் எஃப்ஐஆர் பதிவுசெய்வது அவர்களின் கடமை,கைது க்கு ரிய   குற்ற ம்   நட ந்துள்ள தாக   காவல்   துறை க்கு   எப்போது   தகவல்   கிடை த்தா லும்   எஃப் ஐ ஆர்   பதிவு செய்வது   அவர்களின்   கட மை,24
391,"கரையோரக் கட்டுமானத்தைக் கட்டுப்படுத்தும் நிலப் பயன்பாட்டுக் கொள்கைகள் மூலம், சமூகங்கள் கடல் மட்ட உயர்வுப் பிரச்சனைகளுக்குத் தீர்வுகாண மேலும் வசதியாக இருக்கும்","கரை யோ ர க்   கட்டுமான த்தை க்   கட்டு ப்படுத்தும்   நில ப்   பயன் பாட்டு க்   கொள் கை கள்   மூல ம்,   சமூக ங்கள்   கடல்   மட்ட   உயர் வு ப்   பிரச்சனை களுக்கு த்   தீர் வு காண   மேலும்   வச தியாக   இருக்கும்",36
392,"கரையோரம் அல்லது கடலோரம் வீடுகள் உள்ளபோது, அதன் உரிமையாளர்கள் தங்கள் சொத்துக்களை கரையோர ஸ்திரநிலை போன்ற வழிகள் மூலம் பாதுகாக்க முயற்சிப்பார்கள்","கரை யோ ரம்   அல்லது   கடலோ ரம்   வீ டுகள்   உள்ள போது,   அதன்   உரிமை யாளர்கள்   தங்கள்   சொத்து க்களை   கரை யோ ர   ஸ்தி ர நிலை   போன்ற   வழி கள்   மூலம்   பாதுகா க்க   முயற்சி ப்பா ர்கள்",31
393,"இந்தக் கிராமத்தை ஒரு கொள்ளைநோய் தாக்கியது, ஆசிரமத்தில் உள்ள குழந்தைகளின் பாதுகாப்பிற்கு ஆபத்து இருப்பதை என்னால் தெளிவாகப் பார்க்க முடிந்தது","இந்த க்   கிராம த்தை   ஒரு   கொள் ளை நோய்   தா க்கிய து,   ஆ சி ர ம த்தில்   உள்ள   குழந்தை களின்   பாதுகா ப்பி ற்கு   ஆ பத்து   இருப்பதை   என் னால்   தெளிவாக ப்   பார்க்க   முடிந்த து",32
394,"இந்தக் காலத்தில், மார்ச் மற்றும் ஏப்ரல் மாதங்களில் வெப்ப அலை/தீவிரமான வெப்ப அலை நிலைமைகள் காணப்பட்டன","இந்த க்   கால த்தில்,   மார்ச்   மற்றும்   ஏப்ரல்   மாத ங்களில்   வெப்ப   அலை / தீவிர மான   வெப்ப   அலை   நிலை மை கள்   காண ப்பட்ட ன",22
395,மே மாதத்தில் குறிப்பிடத்தக்க வெப்ப அலை நிலைமைகள் எதுவும் ஏற்படவில்லை,மே   மாதத்தில்   குறிப்பிடத்தக்க   வெப்ப   அலை   நிலை மை கள்   எதுவும்   ஏற்பட வில்லை,11
396,"நான் இதுவரை உண்டதிலேயே மிகச்சிறந்த ஹைதராபாதி கபாப்களையும் குபானி கா மீட்டாவையும் ருசித்து உண்ட பிறகு, நாங்கள் பெரிய கனமான சோபா இருக்கைகளில் சரிந்து தேநீர் அருந்திக் கொண்டே அவரது வாழ்வு மற்றும் திரைப்படங்கள் பற்றி பேச ஆரம்பித்தோம்","நான்   இது வரை   உ ண்ட தி லேயே   மிக ச்சிற ந்த   ஹை தரா பாதி   க பா ப் களையும்   கு பா னி   கா   மீ ட்டா வையும்   ரு சி த்து   உ ண்ட   பிறகு,   நா ங்கள்   பெரிய   கன மான   சோ பா   இரு க்கை களில்   சரி ந்து   தே நீர்   அரு ந்தி க்   கொ ண்டே   அவரது   வாழ் வு   மற்றும்   திரைப்பட ங்கள்   பற்றி   பேச   ஆ ரம் பி த்தோ ம்",62
397,"ஃபாத்மா பேகம் பல்லாண்டுகளாக திரையுலகக் கவர்ச்சிக் களத்திலிருந்து விலகியே வாழ்ந்து வருகிறார், எனவே இதுவரை ஊடகத்தில் பேட்டியே அளித்திராத இந்தியத் திரைப்படத்தின் இந்த முன்னோடி நாயகி 3 மே 2013 அன்று என்னுடன் பேச ஒப்புக்கொண்ட போது, உடனே நான் தன்ராஜ் மஹால் பகுதியில் அவர் தனது மகள் ஜுபைதாவுடன் வசிக்கும் அந்த முன்னாள்-வியப்பூட்டிய ஆனால் இந்நாள் சிதிலமடைந்து வருகிற வீட்டிற்கு விரைந்தேன்","ஃ பாத் மா   பே கம்   பல் லா ண்டு களாக   திரை யு ல க க்   க வர் ச்சி க்   கள த்திலிருந்து   வில கி யே   வாழ் ந்து   வரு கிறார்,   எனவே   இது வரை   ஊடக த்தில்   பே ட்டி யே   அளி த்தி ரா த   இந்திய த்   திரைப்பட த்தின்   இந்த   முன் னோ டி   நாய கி   3   மே   2013   அன்று   என் னுடன்   பேச   ஒப்பு க்கொண்ட   போது,   உட னே   நான்   தன் ராஜ்   மஹா ல்   பகுதியில்   அவர்   தனது   ம கள்   ஜு பை தா வுடன்   வசி க்கும்   அந்த   முன்னாள் - விய ப்பூ ட்டிய   ஆனால்   இந் நாள்   சி தி ல மடை ந்து   வரு கிற   வீ ட்டிற்கு   விரை ந்தே ன்",98
398,அடுத்துவரும் நாட்களில் இந்த வைரஸின் இன்னும் பயங்கரமான வகைகளை எதிர்பார்க்கலாம்,அ டு த்துவ ரும்   நாட் களில்   இந்த   வை ர ஸின்   இன்னும்   பய ங்கர மான   வகை களை   எதிர்பார் க்கலாம்,18
399,"மிக அதிகமான பாதிப்பு அநேகமாக ஆசியாவிலும் ஆப்பிரிக்காவிலும் தான் இருக்கும், இவ்விடங்களில் முறையே 4","மிக   அதிகமான   பாதி ப்பு   அ நே கமாக   ஆசியா விலும்   ஆ ப்பிரி க்கா விலும்   தான்   இருக்கும்,   இவ் விட ங்களில்   முறை யே   4",21
400,7 மில்லியன் மற்றும் 4,7   மில்லியன்   மற்றும்   4,4
401,2 மில்லியன் மரணங்கள் ஏற்படலாம் என்று கணிக்கப்படுகிறது,2   மில்லியன்   மரண ங்கள்   ஏற்பட லாம்   என்று   கணி க்கப்படு கிறது,10
402,அங்கே எனக்காகக் காத்திருந்த அப்துல் கனி ஷேத் என்னை அன்புடன் வரவேற்றார்,அ ங்கே   என க்காக க்   கா த்திருந்த   அ ப் து ல்   க னி   ஷே த்   என் னை   அன் பு டன்   வர வே ற்றா ர்,24
403,"ஆக, நான் முஹம்மத் காசம் கமருத்தீனின் கடைக்கு காரைச் செலுத்துமாறு டாக்ஸி ஓட்டுனரிடம் கூறினேன்","ஆக ,   நான்   மு ஹ ம்ம த்   கா சம்   க மரு த்தீ னின்   கடை க்கு   கா ரை ச்   செலுத்து மாறு   டாக் ஸி   ஓ ட்டு ன ரிடம்   கூறி னே ன்",29
404,"இந்தியர்கள், சீனர்கள் மற்றும் இன்ன பிறரைப் பாதுகாப்பதற்குப் பதிலாக இந்த அதிகாரிகள் அவர்களைப் பிழிந்தெடுத்தார்கள் என்பதை நான் கவனித்திருந்தேன்","இந்திய ர்கள்,   சீன ர்கள்   மற்றும்   இ ன்ன   பிற ரை ப்   பாதுகா ப்பதற்கு ப்   பதி லாக   இந்த   அதிகாரிகள்   அவர்களை ப்   பி ழி ந்தெ டு த்தா ர்கள்   என்பதை   நான்   கவனி த்திரு ந்தே ன்",31
405,"விசாரணையின் போது, சதிசெய்த மற்றவர்களின் பெயர்களைக் கூறும்படி அவரைக் கட்டாயப்படுத்த முயற்சிகள் நடந்தன","வி சாரணை யின்   போது,   ச தி செய்த   மற்ற வர்களின்   பெயர் களை க்   கூறு ம்படி   அவரை க்   கட்டா ய ப்படுத்த   முயற்சி கள்   நடந்த ன",23
406,ஊடகமே பாராளுமன்றத்தை மக்களுடன் இணைப்பதில் மிக சக்திவாய்ந்த கருவியாகும்,ஊடக மே   பாரா ளுமன்ற த்தை   மக்க ளு டன்   இணை ப்பதில்   மிக   சக்தி வாய்ந்த   கரு வியா கும்,16
407,"ராஜ்கோட்டை அடைந்த பின், மறுநாள் காலை நான் மருத்துவ அதிகாரியைச் சந்தித்தேன்","ராஜ் கோட்டை   அடை ந்த   பின் ,   மறு நாள்   கா லை   நான்   மருத்துவ   அதிகாரி யை ச்   சந்தி த்தே ன்",18
408,நமது வீரம்செறிந்த முன்னாள் இராணுவ வீரர்களுக்கு நம் நாடு ஆழ்ந்த நன்றிக்கடன் பட்டுள்ளது,ந மது   வீ ரம் செ றி ந்த   முன்னாள்   இராணுவ   வீரர் களுக்கு   ந ம்   நாடு   ஆ ழ் ந்த   ந ன்றி க்க டன்   பட்டு ள்ள து,24
409,முதல் கட்டத்தில் மிகவும் நல்ல வரவேற்பு கிடைத்தது,முதல்   கட்ட த்தில்   மிகவும்   நல்ல   வர வே ற்பு   கிடை த்த து,11
410,பெண்ணுரிமைகளும் நிச்சயமாக மனித உரிமைகளே,பெண் ணு ரிமை களும்   நி ச்ச யமாக   மனித   உரிமை க ளே,11
411,"இந்திய சினிமாவின் நூற்றாண்டு நிகழ்வு கண்டும் காணாமலும் விட முடியாத ஒரு மைல்கல் என்பதால், இந்த இதழுக்கான எங்கள் அட்டைச் செய்தி ஏறத்தாழ தவிர்க்கவே முடியாத ஒன்றாக இருந்தது","இந்திய   சி னி மா வின்   நூற்றாண்டு   நிகழ்வு   க ண்டு ம்   கா ணா ம லும்   விட   முடியாத   ஒரு   மைல் கல்   என்ப தால்,   இந்த   இத ழு க்கான   எ ங்கள்   அ ட்டை ச்   செய்தி   ஏ ற த்தா ழ   தவி ர்க்க வே   முடியாத   ஒன்றாக   இருந்த து",42
412,இந்தக் கட்டத்தில் திறமையான கொள்கை நடவடிக்கைகள் பலனளிக்கத் தொடங்கியுள்ளன,இந்த க்   கட்ட த்தில்   திற மையான   கொள் கை   நடவடிக்கை கள்   பல ன ளி க்க த்   தொடங்கி யுள்ள ன,18
413,"ஸ்வச் பாரத் அபியான் (சுத்தம் மற்றும் சுற்றுச்சூழல் மாசு பற்றி வெகுஜன விழிப்புணர்வை ஏற்படுத்தவும், திறந்த வெளியில் மலம் கழிக்கும் பழக்கத்தை ஒழிக்கவும், திடக்கழிவு மேலாண்மையை மேம்படுத்தவும் துவக்கப்பட்டது), நாமாமி கங்கே (கங்கை நதி மாசடைவதை கணிசமாகக் குறைத்து, பேணிக்காத்து, புத்துயிரூட்டுதல்) போன்ற சில அரசுத் திட்டங்கள் இங்கே குறிப்பிடத்தக்கவை","ஸ் வ ச்   பார த்   அ பி யா ன்   ( சு த்தம்   மற்றும்   சுற்று ச்சூழ ல்   மா சு   பற்றி   வெகு ஜன   விழி ப்பு ண ர் வை   ஏற்ப டுத்த வும்,   திற ந்த   வெளி யில்   ம லம்   கழி க்கும்   பழ க்கத்தை   ஒ ழி க்க வும்,   தி ட க்க ழி வு   மேலா ண் மையை   மேம்ப டுத்த வும்   து வ க்கப்பட்ட து ),   நா மா மி   க ங்கே   ( கங்கை   நதி   மா ச டை வதை   கணி சமாக க்   குறை த்து,   பே ணி க்கா த்து,   பு த்து யி ரூ ட்டு தல் )   போன்ற   சில   அரசு த்   திட்ட ங்கள்   இ ங்கே   குறிப்பிடத்தக்க வை",97
414,"2014க்கு முன், நாட்டில் 77 பாஸ்போர்ட் சேவை மையங்கள் (பிஎஸ்கே) செயல்பட்டன","2014 க்கு   முன் ,   நாட்டில்   7 7   பா ஸ் போர் ட்   சேவை   மைய ங்கள்   ( பி எஸ் கே )   செயல் பட்ட ன",22
415,ஆன்லைனில் விண்ணப்பிப்பதற்கான கடைசித் தேதி 31,ஆன்லைனில்   வி ண்ண ப்பி ப்பதற்கான   கடைசி த்   தேதி   3 1,10
416,01,0 1,2
417,2020,20 20,2
418,"இதையொட்டி, இச்சங்கம் 12 ஆகஸ்ட் 2022 அன்று ஓர் இரத்த தான முகாமுக்கும் ஏற்பாடு செய்தது","இதை யொ ட்டி ,   இ ச்ச ங்க ம்   12   ஆகஸ்ட்   20 22   அன்று   ஓர்   இர த்த   தான   மு கா மு க்கும்   ஏற்பாடு   செய்த து",24
419,"நிகழ்ச்சியின் முடிவில், 'தேசப் பிரிவினையும் சுதந்திரமும்: இலக்கிய & சினிமா பிரதிபலிப்புகள்' என்ற தலைப்பில் இந்தச் சங்கத்தின் ஊழியர்கள் ஏற்பாடு செய்திருந்த கலை நிகழ்ச்சி நடந்தது","நிகழ்ச்சி யின்   முடி வில்,   ' தேச ப்   பிரி வினை யும்   சுதந்திர மும் :   இலக்கிய   &   சி னி மா   பிரதி ப லி ப்புகள் '   என்ற   தலை ப்பில்   இந்த ச்   சங்க த்தின்   ஊழி ய ர்கள்   ஏற்பாடு   செய் திரு ந்த   கலை   நிகழ்ச்சி   நடந்த து",41
420,"சங்கத்தின் ஊழியர்கள், மன்ற உறுப்பினர்கள், மற்ற உறுப்பினர்கள் மற்றும் நல விரும்பிகள் இந்நிகழ்ச்சியை நடத்துவதிலும் அதில் நாள் முழுக்கக் கலந்துகொள்வதிலும் முனைப்பாக ஈடுபட்டார்கள்","சங்க த்தின்   ஊழி ய ர்கள்,   மன்ற   உறுப்பின ர்கள்,   மற்ற   உறுப்பின ர்கள்   மற்றும்   ந ல   விரும்பி கள்   இந் நிகழ்ச்சி யை   நட த்துவ தி லும்   அதில்   நாள்   முழு க்க க்   கல ந்துகொள் வதி லும்   முனை ப்பாக   ஈடு ப ட்டா ர்கள்",38
421,இந்தப் படிப்பில் இந்தியா முழுவதுமிருந்து மொத்தம் 41 பேர் பங்கேற்றனர்,இந்த ப்   படி ப்பில்   இந்தியா   முழுவது மி ருந்து   மொத்தம்   4 1   பேர்   பங்கே ற்ற னர்,15
422,நாடு கோவிட்-19 மற்றும் உக்ரைன் போரினால் ஏற்பட்ட அதிர்ச்சிகளைச் சமாளித்துள்ளது,நாடு   கோவி ட் - 19   மற்றும்   உ க் ரை ன்   போ ரி னால்   ஏற்பட்ட   அதி ர் ச்சி களை ச்   சமா ளி த்து ள்ள து,24
423,மகாத்மா காந்தியின் சத்தியாகிரக லட்சியம் ஒவ்வொரு இந்தியனிடமும் ஓர் அசைக்கமுடியாத சுய நம்பிக்கையையும் பொது நலனுக்காக தியாகம் செய்யும் உணர்வையும் ஊட்டியது,மகா த் மா   காந்தி யின்   ச த்தியா கி ர க   ல ட்சி யம்   ஒவ்வொரு   இந்திய னி ட மும்   ஓர்   அ சை க்க முடியாத   சுய   நம்பிக்கை யையும்   பொது   ந ல னு க்காக   தியாக ம்   செய்யும்   உணர் வையும்   ஊ ட்டிய து,39
424,"சுற்றுலா 2020 திட்டம் என்பது, புதிய ஆயிரமாண்டின் முதல் 20 வருடங்களில் சுற்றுலாத் துறையின் வளர்ச்சி பற்றி உலகச் சுற்றுலா நிறுவனம் மேற்கொண்டுள்ள நெடுங்காலக் கணிப்பும் மதிப்பீடும் ஆகும்","சுற்றுலா   20 20   திட்ட ம்   என்ப து,   புதிய   ஆயி ர மா ண்டின்   முதல்   20   வரு ட ங்களில்   சுற்றுலா த்   துறை யின்   வளர்ச்சி   பற்றி   உலக ச்   சுற்றுலா   நிறுவனம்   மேற் கொண்டு ள்ள   நெடு ங் கால க்   கணி ப்பு ம்   மதிப்பீ டும்   ஆ கும்",41
425,பல்வேறு அரசு நிறுவனங்களால் தரிசு நிலம் என்று பதிவு செய்யப்பட்டுள்ள நிலப்பரப்பு 38 மெகா ஹெக்டேர் முதல் 175 மெகா ஹெக்டேர் வரையில் உள்ளது,பல்வேறு   அரசு   நிறுவன ங்களால்   தரி சு   நில ம்   என்று   பதிவு   செய்ய ப்பட்டுள்ள   நிலப்பர ப்பு   3 8   மெ கா   ஹெ க் டே ர்   முதல்   17 5   மெ கா   ஹெ க் டே ர்   வரை யில்   உள்ள து,35
426,"நாங்கள் சில முக்கியமான சொற்பொழிவுகளுக்கும் ஏற்பாடு செய்யப் போகிறோம், இதில் 'ஆசாதி கா அம்ரித் மகோத்சவ்' அனுஷ்டிக்கும் நிகழ்ச்சியும் அடங்கும்","நா ங்கள்   சில   முக்கியமான   சொ ற் பொ ழி வு களுக்கும்   ஏற்பாடு   செய்ய ப்   போ கி றோ ம்,   இதில்   ' ஆ சா தி   கா   அம் ரி த்   ம கோ த் ச வ் '   அனு ஷ்டி க்கும்   நிகழ்ச்சி யும்   அடங்கு ம்",39
427,22,22,1
428,07,0 7,2
429,2022 அன்று பேராசிரியர் சுதிப்தா சென் 2021ஆம் ஆண்டுக்கான சர் வில்லியம் ஜோன்ஸ் நினைவுப் பதக்கத்தைப் பெற்று வில்லியம் ஜோன்ஸும் பதினெட்டாம் நூற்றாண்டு பிற்பகுதியின் கல்கத்தாவில் சட்ட ஆட்சியும் என்ற தலைப்பில் ஒரு சிற்றுரை ஆற்றினார்,20 22   அன்று   பே ரா சிரிய ர்   சு தி ப் தா   சென்   20 21 ஆம்   ஆண்டு க்கான   சர்   வில் லி யம்   ஜோ ன்ஸ்   நினைவு ப்   பத க்கத்தை ப்   பெற்று   வில் லி யம்   ஜோ ன் ஸு ம்   பதி னெ ட்டா ம்   நூற்றாண்டு   பிற்பகுதி யின்   கல் க த்தா வில்   சட்ட   ஆட்சி யும்   என்ற   தலை ப்பில்   ஒரு   சி ற்று ரை   ஆ ற்றி னார்,60
430,உரிமையுள்ளவர்கள் அனுமதிக்கப்படுவதில்லை ஆனால் உரிமையே இல்லாதவர்களெல்லாம் 100 செலுத்தினால் கள்ளத்தனமாக அழைத்து வரப்படுகிறார்கள்' என்பது போன்ற புகார்கள் தினந்தோறும் எனக்கு வந்துகொண்டிருந்தன,உரிமை யுள்ள வர்கள்   அனுமதி க்கப்படு வதில் லை   ஆனால்   உரிமை யே   இல்லாத வர் க ளெ ல் லாம்   100   செலு த்தி னால்   கள் ள த்தன மாக   அழைத்து   வர ப்படு கிறா ர்கள் '   என்பது   போன்ற   பு கா ர்கள்   தின ந்தோ றும்   என க்கு   வ ந்துகொ ண்டிருந்த ன,44
431,கோனார்க் சூரிய கோயிலில் கிடக்கும் இரும்பு உத்திரங்கள் இதைவிடப் பெரியவை,கோ னார் க்   சூ ரிய   கோயி லில்   கி ட க்கும்   இரு ம்பு   உ த்திர ங்கள்   இதை விட ப்   பெரிய வை,20
432,சொத்துச் சேர்க்கும் ஆசையைத் துறக்கும் சமணக் கோட்பாடு சமூகத்தில் மேலும் சமமான செல்வ வளப் பங்கீட்டுக்கு வழிவகுக்க முடியும்,சொத்து ச்   சேர் க்கும்   ஆ சை யை த்   து ற க்கும்   சமண க்   கோட் பாடு   சமூக த்தில்   மேலும்   சம மான   செல் வ   வள ப்   ப ங்கீ ட்டு க்கு   வழிவகு க்க   முடியும்,31
433,"அதேபோல், கிரெஹ்மா மற்றும் பேந்த்வா என்ற இரு குறிப்பான கொடிய மனிதர்கள் பற்றி முறையே 32","அதே போ ல்,   கிரெ ஹ் மா   மற்றும்   பே ந்த் வா   என்ற   இரு   குறி ப்பான   கொ டிய   மனித ர்கள்   பற்றி   முறை யே   3 2",23
434,"12, 32","12 ,   3 2",4
435,"13, 32","13 ,   3 2",4
436,"14 ஆகிய அத்தியாயங்களிலும், 49","14   ஆகிய   அ த்தியா ய ங்களி லும்,   4 9",9
437,"1, 49","1,   4 9",3
438,2 ஆகிய அத்தியாயங்களிலும் குறிப்பிடப்படுகிறது,2   ஆகிய   அ த்தியா ய ங்களிலும்   குறிப்பிட ப்படு கிறது,9
439,"அதன் குறிக்கோள் சூனியவாதமும் அல்ல நித்தியவாதமும் அல்ல, ஏனென்றால் துடைத்தழிப்பதற்கு எவ்வொரு நிரந்தரமான பொருளும் இல்லை, நித்தியமாக்குவதற்கு எவ்வொரு நிரந்தர ஆன்மாவும் இல்லை","அதன்   குறி க்கோ ள்   சூ னிய வாத மும்   அல்ல   நி த்திய வாத மும்   அல்ல ,   ஏனெ ன்றால்   து டை த்த ழி ப்பதற்கு   எவ் வொரு   நி ர ந்தர மான   பொரு ளும்   இல்லை ,   நி த்திய மா க்கு வதற்கு   எவ் வொரு   நி ர ந்தர   ஆன் மா வும்   இல்லை",46
440,விடைபெறும் அந்தத் தருணத்தில் தனது அன்புக்குரிய இவ்விருவர் குறித்து ஆழ்ந்த அக்கறை கொண்டிருந்தார்,வி டை பெறு ம்   அந்த த்   த ரு ண த்தில்   தனது   அன் பு க்கு ரிய   இவ் விரு வர்   குறித்து   ஆ ழ் ந்த   அ க்க றை   கொ ண்டிரு ந்தா ர்,29
441,"அவர் தாய் மற்றும் பிள்ளையின் எதிர்கால உலக இன்பம் மற்றும் சௌகரியம் குறித்து கவலைப்படவில்லை, ஏனென்றால் அவர்களுக்கு அனைத்து வளமும் நிறைந்திருந்தது உறுதியான பாதுகாப்பும் இருந்தது","அவர்   தாய்   மற்றும்   பிள் ளை யின்   எதிர் கால   உலக   இ ன்ப ம்   மற்றும்   சௌ க ரிய ம்   குறித்து   கவ லை ப்பட வில்லை,   ஏனெ ன்றால்   அவர்களுக்கு   அனைத்து   வள மும்   நிறை ந்தி ருந்த து   உறுதி யான   பாதுகாப்பு ம்   இருந்த து",38
442,"கிட்டத்தட்ட அதே சமயத்தில், நன்கறியப்பட்ட இந்து ஒருவர் கிறிஸ்தவத்திற்கு மதம் மாற்றப்பட்டார் என்று நான் கேள்விப்பட்டேன்","கிட்டத்தட்ட   அதே   சமய த்தில்,   நன் க றிய ப்பட்ட   இந்து   ஒருவர்   கிறிஸ் தவ த்திற்கு   ம தம்   மாற்ற ப்பட்டா ர்   என்று   நான்   கேள்வி ப்ப ட் டே ன்",25
443,இறைவன் மனிதகுலத்துக்கு சத்தியப் பாதையைக் கூறிக்காட்டுவதற்கும் சத்தியத்தின்படி வாழக் கற்றுக்கொடுப்பதற்கும் ஜரதூஸ்ட்ராவை ஆசானாக நியமித்துள்ளார் என்று அதற்கடுத்த வசனங்கள் கூறுகின்றன,இ றை வன்   மனித கு ல த்துக்கு   ச த்திய ப்   பாதை யை க்   கூறி க்காட்டு வதற்கு ம்   ச த்திய த்தின் படி   வா ழ க்   க ற்று க்கொ டு ப்பதற்கு ம்   ஜ ர தூ ஸ்ட் ரா வை   ஆ சா னாக   நியமி த்து ள்ளா ர்   என்று   அ தற் க டுத்த   வச ன ங்கள்   கூறு கின்றன,53
444,"மூவுலகிலும் வீரத்திலும் ஆன்மீகத்திலும் அவருக்கு நிகராக எவரும் இல்லை, எவரும் இருக்க மாட்டார்கள்","மூ வு ல கி லும்   வீர த்திலும்   ஆன் மீ க த்திலும்   அவருக்கு   நி க ராக   எ வரும்   இல்லை ,   எ வரும்   இருக்க   மா ட்டா ர்கள்",25
445,"தனிமையில் புனித வாழ்வு மேற்கொள்ளும் ஆன்மீகப் போக்கு அதிகம் கொண்டுள்ளவர்களுக்கு அவரவர் சுபாவத்துக்கு ஏற்ப அனைத்து வசதிகளும் செய்து தரப்பட்டன, இத்தகு ஆசான்களுள் பெரும்பாலானவர்களுக்கு ஏராளமான சீடர்கள் இருந்தனர்","தனி மை யில்   புனித   வாழ் வு   மேற் கொ ள்ளும்   ஆன் மீ க ப்   போக்கு   அதிக ம்   கொண்டு ள்ள வர்களுக்கு   அவ ர வர்   சு பா வ த்துக்கு   ஏற்ப   அனைத்து   வசதி களும்   செய்து   தர ப்பட்ட ன,   இ த்த கு   ஆ சா ன் களு ள்   பெரும்பாலான வர்களுக்கு   ஏராளமான   சீ ட ர்கள்   இருந்த னர்",50
446,"எனவே, துறவி கோதமருக்கு மேற்படி குருநாதரை விட தகுதியும் திறமையும் படைத்த ஒருவரைத் தேடிப்பிடிப்பது சிரமமாக இருக்கவில்லை","எனவே ,   து ற வி   கோ த ம ருக்கு   மேற்ப டி   குரு நா தரை   விட   தகுதி யும்   திற மை யும்   படை த்த   ஒரு வரை த்   தே டி ப்பிடி ப்பது   சி ர ம மாக   இருக்க வில்லை",35
447,குடும்ப வாழ்வில் ஈடுபடுபவர்களுக்கு ஏழு கூடுதல் உறுதிமொழிகளுடன் இந்தக் கட்டுப்பாடு பகுதியளவு குறைக்கப்பட்டுள்ளது,குடும்ப   வாழ் வில்   ஈடு படு பவர் களுக்கு   ஏழு   கூடுதல்   உறுதி மொழி களுடன்   இந்த க்   கட்டுப்பா டு   பகுதி ய ளவு   குறை க்கப்பட்டுள்ள து,22
448,"இதேபோல், இரண்டாம் அந்தஸ்தில் உள்ளவர் அய்ரியம்னா அல்லது நண்பர், இவர் தன்னைப் பழிதூற்றுபவர்களின் தாக்குதலுக்கு ஆளாகுபவர் எனவே அத்தகைய மனிதர்களிடமிருந்து விலகியிருக்க வேண்டும்","இதே போ ல்,   இரண்டாம்   அந்த ஸ் தில்   உள்ள வர்   அ ய் ரிய ம் னா   அல்லது   நண் ப ர்,   இவர்   தன்னை ப்   ப ழி தூ ற்று பவர் களின்   தாக்கு த லுக்கு   ஆ ளா கு பவர்   எனவே   அ த்தகைய   மனி தர் களிடமிருந்து   வில கி யிரு க்க   வேண்டும்",45
449,"தெய்வீகச் சொற்களால் கடவுளின் துதி பாடினால் மனம்வருந்தும் பாவிக்கும் மீட்சி உண்டு, அதன்மூலம் கர்மச் சுழற்சி நின்றுவிடுகிறது","தெய் வீ க ச்   சொ ற் களால்   கடவு ளின்   து தி   பா டி னால்   மன ம் வ ருந்து ம்   பா வி க்கும்   மீ ட்சி   உ ண்டு ,   அதன் மூலம்   கர் ம ச்   சு ழ ற்சி   நி ன்று விடு கிறது",39
450,"இதில் மிக உயர்ந்தவர் ஸ்வய்து, இவர் தன்னிறைவு பெற்றவர், இவருக்கு இனி சமயப் போதனை தேவையில்லை; அடுத்து ஐரியம்னா அல்லது நண்பர், இவர் மக்களுடன் நட்பு கொண்டு அவர்கள் நேர்வழி தவறாமல் பார்த்துக்கொள்வார்; மூன்றாவது வெரசனா அல்லது தொண்டர், இவர் முனைப்பாகக் களப்பணி செய்து சமயநெறியைப் பரப்புவார்","இதில்   மிக   உயர்ந்த வர்   ஸ் வ ய் து,   இவர்   தன் னி றை வு   பெற்ற வ ர்,   இ வருக்கு   இ னி   சமய ப்   போ தனை   தேவை யில் லை ;   அ டுத்து   ஐ ரிய ம் னா   அல்லது   நண் ப ர்,   இவர்   மக்க ளு டன்   ந ட் பு   கொண்டு   அவர்கள்   நேர் வழி   தவ றா மல்   பார் த்துக்கொ ள் வார் ;   மூன்றாவது   வெ ர ச னா   அல்லது   தொ ண்ட ர்,   இவர்   முனை ப்பாக க்   கள ப்பணி   செய்து   சமய நெ றி யை ப்   பர ப்பு வார்",81
451,"புத்தர் நெருப்பு பற்றிய இந்த உவமையை மேற்கோள் காட்டி, இந்தக் கேள்வியே சரியில்லை என்று சொல்கிறார்","புத்த ர்   நெரு ப்பு   பற்றிய   இந்த   உ வ மையை   மேற் கோ ள்   காட்டி ,   இந்த க்   கேள்வி யே   சரி யில் லை   என்று   சொல் கிறா ர்",25
452,மரணத்திற்குப் பிறகு அரிஹந்த் இருக்கும் அல்லது இருக்காது என்று சொல்வது சரியன்று என்றுரைக்கிறார் புத்தர்,மரண த்திற்கு ப்   பிறகு   அரி ஹ ந்த்   இருக்கும்   அல்லது   இரு க்கா து   என்று   சொல் வது   ச ரிய ன்று   என்று ரை க்கிறா ர்   புத்த ர்,24
453,"அவர் இறுதி மூச்சு வரை தனது உதாரணம், உபதேசம் என இரண்டின் மூலமாகவும் மனித குலத்திற்குச் சேவையாற்றினார்","அவர்   இறுதி   மூ ச்சு   வரை   தனது   உதாரண ம்,   உ ப தேச ம்   என   இர ண்டின்   மூல மாகவும்   மனித   கு ல த்திற்கு ச்   சேவை யா ற்றி னார்",26
454,"இந்த வாக்குறுதியின்படி, ஒரு கிருஹஸ்தர் தனது சட்டப்பூர்வ வாழ்க்கைத் துணையைத் தவிர வேறு யாருடனும் உடலுறவு வைத்துக் கொள்ளக்கூடாது","இந்த   வாக்கு றுதி யின் படி,   ஒரு   கிரு ஹ ஸ் தர்   தனது   சட்ட ப்பூர்வ   வாழ்க்கை த்   துணை யை த்   தவி ர   வேறு   யா ரு டனும்   உட லு ற வு   வைத்து க்   கொள்ள க்கூடா து",33
455,"இந்த ஆறு பேரும் சுவர்க்கம் நோக்கிப் புறப்படுகிறார்கள் ஆனால் யுதிஸ்திரரைத் தவிர அனைவரும் வழியிலே இறந்துவிடுகின்றனர், அவரும் ஒரு சிறிய நாயும் மட்டுமே சுவர்க்க வாயிலைச் சென்றடைகின்றனர், அப்போது அந்த நாய் உண்மையில் தர்மபிரானின் ஓர் அவதாரம் எனத் தெரிய வருகிறது","இந்த   ஆறு   பே ரும்   சு வர் க்கம்   நோக்கி ப்   புற ப்படு கிறா ர்கள்   ஆனால்   யு தி ஸ்தி ர ரை த்   தவி ர   அனை வரும்   வழி யி லே   இற ந்து விடு கின்ற னர்,   அவ ரும்   ஒரு   சிறிய   நா யும்   மட்டுமே   சு வர் க்க   வா யி லை ச்   செ ன்ற டை கின்ற னர்,   அப்போது   அந்த   நா ய்   உண்மை யில்   தர் ம பிரா னின்   ஓர்   அவ தா ரம்   என த்   தெரிய   வரு கிறது",70
456,"பணக்காரர் ஏழை, உயர்ந்தவர் தாழ்ந்தவர் என்றோ ஜாதி, மத, நிற, இன, பாலின, சமய, தேச வேற்றுமையோ பாராமல் ஒவ்வொரு மனிதருக்குள்ளும் ஒரே தெய்வீக ஒளி இருக்கிறது என்பதை அங்கீகரிப்பது சீக்கிய மதத்தின் லட்சியவாத அணுகுமுறை ஆகும்","பண க்கார ர்   ஏ ழை ,   உயர்ந்த வர்   தா ழ் ந்த வர்   என் றோ   ஜா தி ,   மத ,   நிற ,   இ ன,   பாலி ன,   சமய ,   தேச   வே ற்று மை யோ   பா ராம ல்   ஒவ்வொரு   மனித ருக்கு ள்ளும்   ஒரே   தெய் வீ க   ஒளி   இருக்கிற து   என்பதை   அங்கீ கரி ப்பது   சீக்கிய   மத த்தின்   ல ட்சி ய வாத   அணு கு முறை   ஆ கும்",62
457,எனவே குருத்வாரா (குருவின் இல்லம்) என்று அழைக்கப்படும் சீக்கிய கோவிலின் கதவுகள் எவ்வொரு பாரபட்சமும் சமூகப் பாகுபாடும் இன்றி உலகில் உள்ள அனைவருக்கும் திறந்திருக்கின்றன,எனவே   குரு த் வா ரா   ( குரு வின்   இ ல்ல ம் )   என்று   அழைக்கப்படு ம்   சீக்கிய   கோவி லின்   க த வுகள்   எவ் வொரு   பார பட்ச மும்   சமூக ப்   பா கு பா டும்   இன் றி   உல கில்   உள்ள   அனை வரு க்கும்   திற ந்திரு க்கின்ற ன,44
458,அதுவே வருங்காலத்தின் மீட்பு சக்தியாகவும் இருக்கிறது,அது வே   வரு ங் கால த்தின்   மீட் பு   ச க் தியாக வும்   இருக்கிற து,14
459,"அநேகமாக காதையின் மிக முக்கியமான வசனமாகக் கருதப்படும் 45ஆம் அத்தியாயத்தின் 8ஆவது வசனத்தில், தீர்க்கதரிசியான ஜரதுஸ்ட்ரா இறுதியாக எல்லாம் வல்ல இறைவனை தனது மனக்கண்ணால் காண்கிறார், அதைத் தொடர்ந்து நல்லெண்ணம், நல்வாக்கு, நற்செயல்கள் என்ற புனிதத் திரித்துவம் மனிதகுலத்தினர் பின்பற்ற வேண்டிய சத்தியப் பாதையாக வகுக்கப்படுகிறது","அ நே கமாக   கா தை யின்   மிக   முக்கியமான   வச ன மாக க்   கருத ப்படும்   4 5 ஆம்   அ த்தியா ய த்தின்   8 ஆவது   வச ன த்தில்,   தீர் க்க தரி சி யான   ஜ ரது ஸ்ட் ரா   இறுதி யாக   எல் லாம்   வ ல்ல   இ றை வ னை   தனது   மன க்கண் ணா ல்   கா ண் கிறார்,   அதை த்   தொடர்ந்து   ந ல் லெ ண்ண ம்,   ந ல் வாக்கு ,   ந ற் செயல் கள்   என்ற   புனித த்   திரி த்துவம்   மனித கு ல த்தி னர்   பின்ப ற்ற   வேண்டிய   ச த்திய ப்   பாதை யாக   வகு க்கப்படு கிறது",90
460,பரிசுத்த ஆன்மா ஜரதுஸ்ட்ராவினுள் பிரவேசித்து அவர் மனிதகுலத்திற்கு என்ன சொல்ல வேண்டும் என்று கூறுவதே மறை வெளிப்பாடு நிகழும் முறை என இந்த வசனங்கள் சிலவற்றில் சுட்டிக்காட்டப்படுகிறது,பரிசு த்த   ஆன் மா   ஜ ரது ஸ்ட் ரா வி னு ள்   பிர வே சி த்து   அவர்   மனித கு ல த்திற்கு   என்ன   சொ ல்ல   வேண்டும்   என்று   கூறு வ தே   மறை   வெளி ப்பாடு   நி க ழும்   முறை   என   இந்த   வச ன ங்கள்   சில வ ற்றில்   சு ட்டி க்கா ட்ட ப்படு கிறது,49
461,"பெயரால் குறிப்பிடப்படும் மூன்றாவது நபர் பேந்த்வா, இவர் பொய்யர் மட்டுமின்றி ஏமாற்றுபவர் என்றும் கூறப்படுகிறது, எனவே ஜரதுஸ்ட்ரா தனது கூட்டத்தாரை இதுபோன்ற மனிதர்களுடன் பழகுவதிலிருந்து பொதுவாகத் தடை செய்தார்","பெய ரால்   குறிப்பிட ப்படும்   மூன்றாவது   நபர்   பே ந்த் வா ,   இவர்   பொ ய் யர்   மட்டு மின் றி   ஏ மாற்று பவர்   என்றும்   கூற ப்படுகிறது,   எனவே   ஜ ரது ஸ்ட் ரா   தனது   கூட்ட த்தா ரை   இது போன்ற   மனி தர் களுடன்   பழ கு வதி லிருந்து   பொதுவாக த்   தடை   செய்தா ர்",46
462,"சுயகட்டுப்பாடு மற்றும் நம்பிக்கை, துன்பத்தில் பொறுமை மற்றும் சுயநலமின்மை, அனைத்திற்கும் மேலாக பக்தி அல்லது முழு ஈடுபாடு ஆகியவற்றின் முக்கியத்துவம் குறித்து பேரருளின் முன்பு கூறப்படும் கருத்துகளை கீதையின் மீதமுள்ள பகுதிகள் இன்னும் ஆழமாகவும் விளக்கமாகவும் எடுத்துரைக்கின்றன","சுய கட்டுப்பா டு   மற்றும்   நம்பிக்கை ,   து ன்ப த்தில்   பொறு மை   மற்றும்   சுய ந ல மின் மை ,   அனை த்திற்கும்   மே லாக   ப க்தி   அல்லது   முழு   ஈடு பாடு   ஆகியவ ற்றின்   முக்கியத்துவம்   குறித்து   பேர ரு ளின்   முன்பு   கூற ப்படும்   கருத்து களை   கீ தை யின்   மீ த முள்ள   பகுதிகள்   இன்னும்   ஆழ மாகவும்   விள க்க மாகவும்   எடுத்து ரை க்கின்ற ன",57
463,"ஜரதுஸ்ட்ரா இந்த வசனங்களில், மனித உள்ளத்தால் எட்ட முடிகிற மிக உயர்ந்த நிலையைக் குறிக்கும் ஸ்பென்டா மயின்யூவைப் போல பேசுகிறார்","ஜ ரது ஸ்ட் ரா   இந்த   வச ன ங்களில்,   மனித   உள்ள த்தால்   எ ட்ட   முடி கிற   மிக   உயர்ந்த   நிலையை க்   குறி க்கும்   ஸ் பெ ன் டா   ம யின் யூ வை ப்   போல   பேசு கிறா ர்",34
464,அடுத்து அவர் அர்ஜுனருக்கு தத்துவார்த்த சிந்தனைகள் பற்றியும் மோட்சத்தை அடையும் முறைகள் பற்றியும் போதிக்கிறார்,அ டுத்து   அவர்   அர் ஜு ன ருக்கு   த த்து வார் த்த   சி ந்த னை கள்   பற்றி யும்   மோ ட்ச த்தை   அடை யும்   முறை கள்   பற்றி யும்   போதி க்கிறா ர்,29
465,"கீதையின் இந்தப் பகுதி ஒரு திகைப்பூட்டும் காட்சியுடன் முடிவடைகிறது: கிருஷ்ணர் தனது அற்புதமான விஸ்வரூப வடிவத்தை அர்ஜுனனுக்கு வெளிப்படுத்துகிறார், இது அர்ஜுனனின் மனதில் பயங்கர அச்சத்தை உண்டாக்குகிறது","கீ தை யின்   இந்த ப்   பகுதி   ஒரு   தி கை ப்பூ ட்டு ம்   காட்சி யுடன்   முடி வடை கிறது :   கிருஷ்ண ர்   தனது   அ ற்பு தமான   வி ஸ் வ ரூ ப   வடிவ த்தை   அர் ஜு ன னுக்கு   வெளி ப்படுத்து கிறார்,   இது   அர் ஜு ன னின்   மன தில்   பய ங்கர   அ ச்ச த்தை   உ ண்டா க்கு கிறது",54
466,"மேலும், வேசிமகராசன் டாரியஸ் நோதோஸ் இருந்தான்; நோதோஸ் என்றால் வேசிக்குப் பிறந்த மகன் என்று அர்த்தம், வெற்றி வேந்தன் வில்லியம் என்பதைப் போல","மேலும்,   வே சி மக ரா சன்   டா ரிய ஸ்   நோ தோ ஸ்   இருந்தா ன் ;   நோ தோ ஸ்   என்றால்   வே சி க்கு ப்   பிறந்த   மகன்   என்று   அர் த்த ம்,   வெற்றி   வே ந்த ன்   வில் லி யம்   என்பதை ப்   போல",39
467,"மேலும், ஆழ்ந்த சிந்தனையுள்ள இரண்டாம் அர்த்தஜெர்சீஸும் இதில் உள்ளார்","மேலும்,   ஆ ழ் ந்த   சி ந்த னை யுள்ள   இரண்டாம்   அர் த்த ஜெ ர் சீ ஸு ம்   இதில்   உள்ளா ர்",19
468,"இவர் ஆன்மீக லோகத்திற்குப் பதிலாக பௌதீக லோகத்தை ஒளிமயமாக்கியவர் என்று கூறப்படுகிறது, எனவே ஜரதுஸ்ட்ராவினால் சபிக்கப்படுகிறார்","இவர்   ஆன் மீ க   லோ க த்திற்கு ப்   பதி லாக   பௌ தீ க   லோ கத்தை   ஒளி மய மா க்கிய வர்   என்று   கூற ப்படுகிறது,   எனவே   ஜ ரது ஸ்ட் ரா வி னால்   ச பி க்கப்படு கிறா ர்",35
469,"முதலாமவர் இமா, இது புகழ்பெற்ற மன்னர் ஜம்ஷத்தையே குறிக்கிறது, இவருடைய பெயரே ஒவ்வொரு ஆண்டும் மார்ச் 21ஆம் நாள் நடக்கும் நவ்ரோஸ் பண்டிகைக்கு சூட்டப்பட்டுள்ளது","முத லா ம வர்   இ மா ,   இது   புகழ்பெற்ற   மன்னர்   ஜம் ஷ த்தை யே   குறி க்கிற து,   இ வரு டைய   பெய ரே   ஒவ்வொரு   ஆண்டு ம்   மார்ச்   21 ஆம்   நாள்   நட க்கும்   ந வ் ரோஸ்   பண்டி கை க்கு   சூ ட்ட ப்பட்டுள்ள து",41
470,"இந்த மாயையை அகற்றுவதற்கு, ஒருவர் சொத்து ஆசையைத் துறக்க உறுதிபூண்டு ஆத்மாவின் தூய நிலையை அடைகிறார்","இந்த   மா யை யை   அக ற்று வதற்கு ,   ஒருவர்   சொத்து   ஆ சை யை த்   து ற க்க   உறுதி பூ ண்டு   ஆ த் மா வின்   தூ ய   நிலையை   அடை கிறா ர்",30
471,நாகர கோயில் போலல்லாது திராவிட கோயிலைச் சுற்றி மதில் சுவர் எழுப்பப்பட்டுள்ளது,நா கர   கோயில்   போல ல்லா து   தி ரா விட   கோயி லை ச்   சு ற்றி   ம தில்   சு வர்   எழு ப்ப ப்பட்டுள்ள து,22
472,"எனினும், அவர் மனித குலத்தைத் தீமையிலிருந்து காப்பாற்ற இறைத்தூதுடன் வந்துள்ள ஓர் இரட்சகர்","எனினும்,   அவர்   மனித   கு ல த்தை த்   தீ மை யிலிருந்து   கா ப்பா ற்ற   இ றை த்தூ து டன்   வந்து ள்ள   ஓர்   இர ட்ச கர்",24
473,"எப்படி ஒரு பாதுகாப்பாளர் நியமிக்கப்பட வேண்டும் என்று பூமா தேவி விரும்பினார் என்பதையும், எப்படி அப்பதவியில் ஜரதுஸ்ட்ரா நியமிக்கப்பட்டார் என்பதையும் நாம் ஏற்கனவே பார்த்தோம்","எப்படி   ஒரு   பாதுகா ப்பாளர்   நியமிக்க ப்பட   வேண்டும்   என்று   பூ மா   தேவி   விரும்பி னார்   என்பதை யும்,   எப்படி   அ ப்ப தவி யில்   ஜ ரது ஸ்ட் ரா   நியமிக்க ப்பட்டா ர்   என்பதை யும்   நா ம்   ஏற்கனவே   பார் த்தோ ம்",35
474,அர்ஜுனர் போரிட மறுக்கும்போது கிருஷ்ணர் அவர் மீது பொறுமை இழக்கிறார்,அர் ஜு னர்   போ ரிட   மறு க்கும் போது   கிருஷ்ண ர்   அவர்   மீது   பொறு மை   இழ க்கிறா ர்,17
475,"ஆக, ஒரு குறிப்பிட்ட வசனத்தின் படி, மகா சகோதரத்துவத்தின் முதல் படியில் உள்ள தன்னிறைவு பெற்றவர்கள் கெட்ட எண்ணம் குறித்து விழிப்போடு இருக்கவேண்டும், அதாவது உச்சநிலையை அடைந்துவிட்டவர்கள் ஆணவத்தைக் கைவிட்டு பணிவடக்கத்தைப் பேணவேண்டும் என்பதே இதன் கருத்து","ஆக ,   ஒரு   குறிப்பிட்ட   வச ன த்தின்   படி,   மகா   சகோதர த்துவ த்தின்   முதல்   படி யில்   உள்ள   தன் னி றை வு   பெற்ற வர்கள்   கெ ட்ட   எண் ணம்   குறித்து   விழி ப்போ டு   இருக்க வேண்டும்,   அதாவது   உச்ச நிலையை   அடை ந்து விட்ட வர்கள்   ஆ ண வ த்தை க்   கை விட்டு   பணி வட க்கத்தை ப்   பே ண வேண்டும்   என்ப தே   இதன்   கருத்து",57
476,"டோக்கியோ ஒலிம்பிக் நடந்த காலகட்டத்தில் நான் மனநல மருத்துவரைச் சந்திக்கச் செல்வேன், எனினும் நான் அதற்கு முன்னுரிமை அளித்து எனது உடல்நலத்தைக் கவனித்துக் கொள்ளவில்லை","டோ க்கி யோ   ஒலிம்பிக்   நடந்த   காலகட்ட த்தில்   நான்   மன ந ல   மரு த்து வரை ச்   சந்தி க்க ச்   செல் வே ன்,   எனினும்   நான்   அதற்கு   முன் னு ரிமை   அளி த்து   என து   உடல் ந ல த்தை க்   கவனி த்து க்   கொள்ள வில்லை",41
477,இருந்தாலும் நான் கடுமையாகப் பயிற்சி செய்ய வேண்டியிருந்தது,இருந்தா லும்   நான்   கடு மையாக ப்   பயிற்சி   செய்ய   வேண்டியி ருந்த து,11
478,ஒலிம்பிக் வீரராக இருப்பது அற்புதமான ஒன்று தான் ஆனால் பிறகு மன அழுத்தமும் பதற்றமும் தொற்றிக்கொள்ளும்,ஒலிம்பிக்   வீர ராக   இருப்பது   அ ற்பு தமான   ஒன்று   தான்   ஆனால்   பிறகு   மன   அழு த்த மும்   பத ற்ற மும்   தொ ற்றி க்கொ ள்ளும்,22
479,நான் ஒலிம்பிக் வீரன் என்பது வாஸ்துவம் தான் ஆனால் அதை வைத்து என்ன செய்வது,நான்   ஒலிம்பிக்   வீர ன்   என்பது   வாஸ் து வம்   தான்   ஆனால்   அதை   வைத்து   என்ன   செய்வது,14
480,2014இல் அவர் இறந்த பிறகே அதை என்னால் சாதிக்க முடிந்தது,2014 இல்   அவர்   இறந்த   பிற கே   அதை   என் னால்   சா தி க்க   முடிந்த து,14
481,அவர் இன்றிரவு இங்கே என் ஆட்டத்தைப் பார்த்துக் கொண்டிருப்பது போல் உணர்ந்தேன்,அவர்   இன் றி ர வு   இ ங்கே   என்   ஆட்ட த்தை ப்   பார் த்து க்   கொ ண்டிரு ப்பது   போல்   உணர் ந்தே ன்,21
482,"கோல்கீப்பர் மட்டுமே தடுக்கும் நிலையில் இருக்க, அணியிலுள்ள நியமிக்கப்பட்ட ஒருவர் பெனால்டி புள்ளியிலிருந்து கோல் அடிக்க அனுமதிக்கப்படுகிறார்","கோல் கீ ப்பர்   மட்டுமே   தடு க்கும்   நிலையில்   இருக்க ,   அணி யி லுள்ள   நியமி க்கப்பட்ட   ஒருவர்   பெ னால் டி   புள்ளி யிலிருந்து   கோல்   அடி க்க   அனுமதி க்கப்படு கிறா ர்",27
483,"பந்து உதைக்கப்படும் வரை கோல்கீப்பர் தனது கோட்டைத் தாண்டக் கூடாது, அதேபோல் மற்ற வீரர்கள் அனைவரும் பெனால்டி பகுதிக்கு வெளியே பெனால்டி புள்ளிக்குப் பின்னால் இருக்க வேண்டும்","பந்து   உ தை க்கப்படும்   வரை   கோல் கீ ப்பர்   தனது   கோட்டை த்   தா ண்ட க்   கூ டா து,   அதே போல்   மற்ற   வீரர்கள்   அனை வரும்   பெ னால் டி   பகுதி க்கு   வெளியே   பெ னால் டி   புள்ளி க்கு ப்   பின் னால்   இருக்க   வேண்டும்",39
484,அணி விளையாட்டு என்றாலே வீரர்கள் ஒரு பொது நோக்கத்தை அடைவதற்காக ஒன்றிணைந்து செயல்படும் முறைசார்ந்த உடலுழைப்பைக் குறிக்கிறது,அணி   விளையாட்டு   என்றா லே   வீரர்கள்   ஒரு   பொது   நோ க்கத்தை   அடை வதற்காக   ஒன்றி ணை ந்து   செயல் படும்   முறை சார்ந்த   உட லு ழை ப்பை க்   குறி க்கிற து,26
485,"அணி விளையாட்டுகளில், ஒரே அணியில் அங்கம் வகிப்பவர்கள் விளையாட்டில் வெற்றிபெறும் நோக்கத்துடன் ஒன்றிணைந்து செயல்படுகின்றனர்","அணி   விளையாட்டு களில்,   ஒரே   அணி யில்   அ ங்க ம்   வகி ப்ப வர்கள்   விளையா ட்டில்   வெற்றி பெறு ம்   நோக்க த்துடன்   ஒன்றி ணை ந்து   செயல்படு கின்ற னர்",25
486,"அணி உறுப்பினர்கள் தங்கள் குறிக்கோள்களை அடைவதற்காக, பரஸ்பர ஆதரவும் நம்பிக்கையும் மிகுந்ததொரு சூழலில் புள்ளிகளையும் ஸ்கோரையும் அமைக்கின்றனர், முடிவுகளை எடுக்கின்றனர், தங்களுக்குள் ஆலோசித்துக் கொள்கின்றனர், முரண்பாடான சூழ்நிலைகளைச் சமாளிக்கின்றனர் மற்றும் சிக்கல்களுக்குத் தீர்வு காண்கின்றனர்","அணி   உறுப்பின ர்கள்   தங்கள்   குறி க்கோ ள் களை   அடை வதற்காக ,   பர ஸ் பர   ஆதர வும்   நம்பிக்கை யும்   மி குந்த தொ ரு   சூழ லில்   புள்ளி களையும்   ஸ் கோ ரை யும்   அமை க்கின்ற னர்,   முடிவு களை   எடு க்கின்ற னர்,   த ங்களுக்கு ள்   ஆலோ சி த்து க்   கொள் கின்ற னர்,   மு ர ண் பா டா ன   சூழ் நிலை களை ச்   சமா ளி க்கின்ற னர்   மற்றும்   சி க்கல் களுக்கு த்   தீர் வு   கா ண் கின்ற னர்",73
487,"வைட்பூயி தான் சிறுமியாக இருந்த போது கண்ட கிட்டத்தட்ட அனைத்துக் கனவுகளையுமே சாதித்து விட்டார் என்றபோதிலும், டோக்கியோ போட்டிகளுக்குப் பிறகு அவருக்கு ஒருவிதமான அதிருப்தியே மிஞ்சியது","வை ட் பூ யி   தான்   சிறு மி யாக   இருந்த   போது   கண்ட   கிட்டத்தட்ட   அனைத்து க்   கன வுகளை யு மே   சா தி த்து   விட்டா ர்   என்ற போதிலும்,   டோ க்கி யோ   போட்டி களுக்கு ப்   பிறகு   அவருக்கு   ஒரு வித மான   அதி ரு ப்தி யே   மி ஞ் சிய து",44
488,"இந்த உலகளாவிய பெருந்தொற்று, ஒலிம்பிக் அனுபவத்தின் ஜொலிப்பை சற்று குறைத்துவிட்டது","இந்த   உல களா விய   பெரு ந் தொ ற்று ,   ஒலிம்பிக்   அனுப வ த்தின்   ஜொ லி ப்பை   ச ற்று   குறை த்து விட்ட து",22
489,"ஒரு காட்சி ஆட்டத்தின் போது, வீரர்கள் பந்தை வலைக்கு அந்தப் பக்கமும் இந்தப் பக்கமும் 'வாலி' செய்வது (மாறி மாறி அடிப்பது) போலத் தெரிகிறது அதனால் இந்த விளையாட்டைச் சித்தரிப்பதற்கு வாலிபால் என்ற பெயர் அதிகப் பொருத்தமாக இருக்கும் எனத் தோன்றுகிறது என்று யாரோ கருத்துச் சொன்னார்கள்","ஒரு   காட்சி   ஆட்ட த்தின்   போது,   வீரர்கள்   பந்தை   வலை க்கு   அந்த ப்   பக்க மும்   இந்த ப்   பக்க மும்   ' வா லி '   செய்வது   ( மாறி   மாறி   அடி ப்பது )   போல த்   தெரி கிறது   அதனால்   இந்த   விளையாட்டை ச்   சி த்தரி ப்பதற்கு   வா லி பால்   என்ற   பெயர்   அதிக ப்   பொருத்த மாக   இருக்கும்   என த்   தோன்று கிறது   என்று   யா ரோ   கருத்து ச்   சொ ன் னா ர்கள்",62
490,வாலிபால் விளையாட்டு 1985ஆம் ஆண்டு மாசச்சுசெட்ஸ் மாநில ஹோல்யோகேவில் உள்ள ஒய்எம்சிஏ-வில் (அமெரிக்கா) வில்லியம் ஜி,வா லி பால்   விளையாட்டு   198 5 ஆம்   ஆண்டு   மா ச ச்சு செ ட்ஸ்   மாநில   ஹோ ல் யோ கே வில்   உள்ள   ஒ ய் எம் சி ஏ - வில்   ( அமெரிக்கா )   வில் லி யம்   ஜி,34
491,மார்கன் என்பவரால் கண்டுபிடிக்கப்பட்டது,மார் கன்   என்ப வரால்   கண்டுபிடி க்கப்பட்ட து,7
492,"ஃபீல்டு ஹாக்கி என்பது ஒருவித அணி விளையாட்டு, அதில் ஒரு அணியிலுள்ள வீரர்கள் வளைந்த குச்சிகளைப் பயன்படுத்தி எதிர் அணியின் கோலிற்குள் பந்தை அடித்து, ஸ்கூப் செய்து, தள்ளி அல்லது ஃப்ளிக் செய்து கோல் அடிக்க முயற்சிப்பார்கள்","ஃ பீ ல் டு   ஹாக்கி   என்பது   ஒரு வித   அணி   விளையாட்டு ,   அதில்   ஒரு   அணி யி லுள்ள   வீரர்கள்   வளை ந்த   கு ச்சி களை ப்   ப யன்படுத்தி   எதிர்   அணி யின்   கோ லி ற்கு ள்   பந்தை   அடி த்து,   ஸ் கூ ப்   செய் து,   த ள்ளி   அல்லது   ஃப் ளி க்   செய்து   கோல்   அடி க்க   முயற்சி ப்பா ர்கள்",53
493,"எனினும், ஐஸ் ஹாக்கி அல்லது ஸ்டிரீட் ஹாக்கி போன்ற இன்னொரு வகையான ஹாக்கிக்கு ""ஹாக்கி"" என்ற சொல் பொதுவாகப் பிரயோகிக்கப்படும் நாடுகளில் ""ஃபீல்டு ஹாக்கி"" என்ற பெயர் பயன்படுத்தப்படுகிறது","எனினும்,   ஐ ஸ்   ஹாக்கி   அல்லது   ஸ்டி ரீ ட்   ஹாக்கி   போன்ற   இன் னொ ரு   வகையான   ஹாக்கி க்கு   "" ஹாக்கி ""   என்ற   சொல்   பொதுவாக ப்   பிர யோ கி க்கப்படும்   நாடுகளில்   "" ஃ பீ ல் டு   ஹாக்கி ""   என்ற   பெயர்   பயன்படுத்த ப்படு கிறது",40
494,"வீரர்கள் அடிப்படைத் திறன்களான டிரிபிளிங், பாஸிங், டேப்பிங், ஹிட்டிங் ஆகியவற்றைக் கற்றுப் பயிற்சிசெய்ய வேண்டும்","வீரர்கள்   அடிப்படை த்   திறன் களான   டி ரி பி ளி ங்,   பா ஸி ங்,   டே ப்பிங் ,   ஹி ட்டி ங்   ஆகியவற்றை க்   க ற்று ப்   பயிற்சி செய்ய   வேண்டும்",27
495,"ஆண்கள் அணிகளுக்கு இடையேயான முதல் சர்வதேச டி-20 போட்டி பிப்ரவரி 17, 2005 அன்று ஆஸ்திரேலியா மற்றும் நியூசிலாந்து இடையே நடந்தது","ஆண் கள்   அணி களுக்கு   இடையே யான   முதல்   சர்வதேச   டி - 20   போட்டி   பிப்ரவரி   17 ,   200 5   அன்று   ஆஸ்திரே லியா   மற்றும்   நியூ சி லாந்து   இடையே   நடந்த து",27
496,முதல் சர்வதேச டி-20 போட்டி 5 ஆகஸ்ட் 2004 அன்று இங்கிலாந்து மற்றும் நியூசிலாந்தின் பெண்கள் அணிகளுக்கு இடையே நடந்தது,முதல்   சர்வதேச   டி - 20   போட்டி   5   ஆகஸ்ட்   200 4   அன்று   இங்கி லாந்து   மற்றும்   நியூ சி லாந்தி ன்   பெண்கள்   அணி களுக்கு   இடையே   நடந்த து,24
497,"காமன்வெல்த் சாராத நாடுகளும் இதில் உறுப்பினராவதை அனுமதிக்க, இம்பீரியல் கிரிக்கெட் கான்ஃபரன்ஸ் என்னும் பெயர் இன்டர்நேஷனல் கிரிக்கெட் கான்ஃபரன்ஸ் (பின்னர் கவுன்சில்) என்று மாற்றப்பட்டது","கா மன் வெ ல் த்   சா ரா த   நாடு களும்   இதில்   உறுப்பின ரா வதை   அனுமதி க்க ,   இம் பீ ரிய ல்   கிரிக்கெட்   கா ன்ஃ பர ன்ஸ்   என் னும்   பெயர்   இன் டர் நே ஷ னல்   கிரிக்கெட்   கா ன்ஃ பர ன்ஸ்   ( பின்னர்   கவு ன்சி ல் )   என்று   மாற்ற ப்பட்ட து",49
498,"முதலில் மிண்டோநெட் என்று அழைக்கப்பட்ட இது, வயது கூடிய விளையாட்டு வீரர்கள் பந்தை காற்றில் பறக்கவிட்டு சற்று விளையாடிச் சுறுசுறுப்பாக இருப்பதற்காக ஒரு மென்மையான உள்ளரங்கு விளையாட்டாக உருவாக்கப்பட்டது","முதலில்   மி ண் டோ நெ ட்   என்று   அழை க்கப்பட்ட   இ து,   வயது   கூடிய   விளையாட்டு   வீரர்கள்   பந்தை   கா ற்றில்   பற க்க விட்டு   ச ற்று   விளையா டி ச்   சு று சு று ப்பாக   இருப்ப தற்காக   ஒரு   மென் மையான   உள்ள ர ங்கு   விளையாட்டாக   உருவாக்கப்பட்ட து",42
499,வலையைப் பயன்படுத்தும் யோசனை டென்னிஸிலிருந்து பெறப்பட்டது,வலை யை ப்   பயன்படுத்து ம்   யோ சனை   டெ ன் னி ஸி லிருந்து   பெற ப்பட்ட து,15
500,"பாஸ் செய்வதற்கு முன்பு, இலக்கைப் பார்த்த படி பந்தை அணுகி தலையை அசைக்காமல் பந்தின் மீது பார்வை செலுத்த வேண்டும்","பா ஸ்   செய்வதற்கு   முன்பு ,   இல க்கை ப்   பார் த்த   படி   பந்தை   அணு கி   தலை யை   அ சை க்காமல்   ப ந்தி ன்   மீது   பார்வை   செலுத்த   வேண்டும்",26
501,ஆறு கெஜம் தூரத்திலிருந்த ஆட்ட நடுவர் தனது உள்ளங்கைகள் இரண்டையும் கீழ்நோக்கிச் சுட்டிக்காட்டி தற்காப்பு அணியினர் தடுப்பாட்டத்தைச் சற்றுத் தளர்த்துமாறு சைகை செய்தார்,ஆறு   கெ ஜம்   தூர த்தி லி ருந்த   ஆட்ட   நடு வர்   தனது   உள்ள ங்கை கள்   இர ண்டை யும்   கீழ் நோக்கி ச்   சு ட்டி க்கா ட்டி   தற்காப்பு   அணி யினர்   தடு ப்பா ட்ட த்தை ச்   ச ற்று த்   த ளர் த்து மாறு   சை கை   செய்தா ர்,43
502,கிரிக்கெட் பதினேழாம் நூற்றாண்டின் இரண்டாம் பாதியில் மிகவும் பிரபலமான விளையாட்டாக மாறியது,கிரிக்கெட்   பதி னே ழா ம்   நூற்றா ண்டின்   இரண்டாம்   பாதி யில்   மிகவும்   பிரபலமான   விளையாட்டாக   மா றிய து,16
503,"1750களில் நிறுவப்பட்ட ஹாம்பிள்டன் கிளப், இந்த விளையாட்டின் வளர்ச்சியில் பெரும்பங்கு வகித்தது","17 50 களில்   நிறுவ ப்பட்ட   ஹா ம்பி ள் டன்   கி ள ப் ,   இந்த   விளையா ட்டின்   வளர்ச்சி யில்   பெரு ம்ப ங்கு   வகி த்த து",24
504,"இன்று விளையாடப்படும் கிரிக்கெட் விளையாட்டு, இங்கிலாந்தின் தென்கிழக்குப் பகுதியில் தோன்றியது","இன்று   விளையாட ப்படும்   கிரிக்கெட்   விளையாட்டு ,   இங்கி லாந்தி ன்   தென் கிழக்கு ப்   பகுதியில்   தோன் றிய து",16
505,"இருவகை ரீபவுண்டுகள் உள்ளன: அஃபன்சிவ் ரீபவுண்டு என்பதில் பந்து கைமாறாமல் முன்னேறும் அணியே அதை மீட்டுக் கொள்கிறது, டிஃபன்சிவ் ரீபவுண்டு என்பதில் கைவிட்டுப் போன பந்தை தற்காப்பு அணி வசப்படுத்திக் கொள்கிறது","இரு வகை   ரீ ப வு ண்டு கள்   உள்ளன :   அ ஃ பன் சி வ்   ரீ ப வு ண்டு   என்ப தில்   பந்து   கை மா றா மல்   முன்னே றும்   அணி யே   அதை   மீ ட்டு க்   கொள் கிறது,   டிஃ பன் சி வ்   ரீ ப வு ண்டு   என்ப தில்   கை விட்டு ப்   போ ன   பந்தை   தற்காப்பு   அணி   வச ப்படுத்தி க்   கொள் கிறது",58
506,ஒரு அணியினர் ஷாட்டைத் தவறவிடும்போது அவர்கள் பெரும்பாலும் பந்தை இழந்துவிடுகிறார்கள் என்பதால் இது இவ்விளையாட்டில் ஒரு முக்கியப் பங்கு வகிக்கிறது,ஒரு   அணி யினர்   ஷா ட்டை த்   தவ ற வி டும் போது   அவர்கள்   பெரும்பாலும்   பந்தை   இழ ந்து விடு கிறா ர்கள்   என்ப தால்   இது   இவ் விளையா ட்டில்   ஒரு   முக்கிய ப்   பங்கு   வகி க்கிற து,32
507,"ஒரு அணி பந்தை அடித்து அது எதிர் அணியின் களத்தில் தரைதொட்டு ரேலியை வெல்லும் வரை அல்லது தவறிழைத்து ரேலியில் தோற்கும் வரை ரேலி தொடரும், இதில் ஒவ்வொரு அணிக்கும் அதிகபட்சமாக மூன்று முறை பந்தைத் தொட அனுமதிக்கப்படுகிறது","ஒரு   அணி   பந்தை   அடி த்து   அது   எதிர்   அணி யின்   கள த்தில்   தரை தொ ட்டு   ரே லி யை   வெ ல் லும்   வரை   அல்லது   தவ றி ழை த்து   ரே லி யில்   தோ ற்கு ம்   வரை   ரே லி   தொட ரு ம்,   இதில்   ஒவ்வொரு   அணி க்கும்   அதிகபட்ச மாக   மூன்று   முறை   பந்தை த்   தொட   அனுமதி க்கப்படு கிறது",52
508,பந்தைப் பெறும் அணி அது தங்கள் களத்திற்குள் தரையில் படாமல் பார்த்துக்கொள்ள வேண்டும்,பந்தை ப்   பெறு ம்   அணி   அது   தங்கள்   கள த்திற்குள்   தரை யில்   ப டா மல்   பார் த்துக்கொள்ள   வேண்டும்,17
509,"திறமை வளர, வளர திறன்கள் இன்னும் சீராகவும் செயல் சிக்கனத்தோடும் இருக்க வேண்டும், வீரர்களுக்கு குறிப்பிட்ட ஆட்டச் சூழ்நிலைகளையும் அறிமுகப்படுத்த வேண்டும்","திற மை   வள ர ,   வள ர   திறன் கள்   இன்னும்   சீ ராக வும்   செயல்   சிக்க ன த்தோ டும்   இருக்க   வேண்டும்,   வீரர் களுக்கு   குறிப்பிட்ட   ஆட்ட ச்   சூழ் நிலை களையும்   அறிமுக ப்படுத்த   வேண்டும்",31
510,"அவர்கள் இதைச் செய்வதற்கு, பந்தை எப்படித் திறமையாக டிரிபிளிங் செய்து தம்வசம் வைத்துக்கொள்வது மற்றும் துல்லியமாகவும் வேகமாகவும் மற்ற வீரர்களுக்கு இடையே நகர்த்துவது என்பதைக் கற்றுக்கொள்ள வேண்டும்","அவர்கள்   இதை ச்   செய்வதற்கு ,   பந்தை   எப்படி த்   திற மையாக   டி ரி பி ளி ங்   செய்து   தம் வச ம்   வைத்துக்கொ ள் வது   மற்றும்   து ல்லி ய மாகவும்   வே கமாக வும்   மற்ற   வீரர் களுக்கு   இடையே   நகர் த்து வது   என்பதை க்   க ற்று க்கொள்ள   வேண்டும்",43
511,41 வயது ஸ்லாடன் இப்ராஹிமோவிச்சுக்கு இன்னும் ஒரு பெரிய குறிக்கோள் மனதில் இருக்கிறதா,4 1   வயது   ஸ் லா டன்   இ ப்ரா ஹி மோ வி ச்சு க்கு   இன்னும்   ஒரு   பெரிய   குறி க்கோ ள்   மன தில்   இருக்கிற தா,23
512,இது ஃபார்வடுகளுக்கு இடையிலான போட்டியாக மாறிவிடக்கூடும்,இது   ஃ பார் வ டு களுக்கு   இடையிலான   போட்டி யாக   மாறி விட க்கூ டும்,13
513,ஹாரி கேனும் சான் ஹியூங் மின்னும் தங்கள் தரமான ஆட்டத்தால் மிலனுக்கு ஆச்சரியம் அளிப்பார்களா அல்லது முன்னாள் செல்ஸி மற்றும் ஆர்சனல் முன்கள வீரர் ஆலிவியர் ஜிரூட் திரும்பிவந்து ஸ்பர்ஸ் அணிக்குத் தலைவலி ஏற்படுத்தப் போகிறாரா,ஹா ரி   கே னும்   சா ன்   ஹி யூ ங்   மின் னும்   தங்கள்   தர மான   ஆட்ட த்தால்   மி ல னுக்கு   ஆ ச்ச ரிய ம்   அளி ப்பார் களா   அல்லது   முன்னாள்   செல் ஸி   மற்றும்   ஆர் சன ல்   முன் கள   வீரர்   ஆ லி வி யர்   ஜி ரூ ட்   திரும்பி வந்து   ஸ் பர் ஸ்   அணி க்கு த்   தலை வலி   ஏற்ப டுத்த ப்   போ கிறா ரா,60
514,"இதை உள்ளரங்கு, வெளியரங்கு என இரண்டிலும் விளையாடலாம்","இதை   உள்ள ர ங்கு ,   வெளி ய ர ங்கு   என   இர ண்டி லும்   விளையாட லாம்",15
515,கைப்பந்து தலா ஆறு வீரர்களைக் கொண்ட இரு அணிகளால் துரிதமாக ஆடப்படும் ஒரு விளையாட்டு,கை ப்பந்து   தலா   ஆறு   வீரர் களை க்   கொண்ட   இரு   அணி களால்   து ரி த மாக   ஆ ட ப்படும்   ஒரு   விளையாட்டு,20
516,இதற்குப் பதிலாக லண்டனின் லார்ட்ஸில் தலைமையகம் கொண்ட மாரில்போன் கிரிக்கெட் கிளப் (எம்சிசி) அமைக்கப்பட்டது,இதற்கு ப்   பதி லாக   ல ண்ட னின்   லா ர் ட் ஸில்   தலை மைய கம்   கொண்ட   மா ரில் போ ன்   கிரிக்கெட்   கி ள ப்   ( எம் சி சி )   அமை க்கப்பட்ட து,31
517,"விசா என்பது, ஓர் அயல் நாட்டின் குடிவரவு அதிகாரிகள் ஒருவரின் சான்று ஆவணங்களைச் சரிபார்த்த பின் அவரது கடவுச்சீட்டில் முத்திரை பதித்துவிட்டு உருவாக்கும் சான்றிதழாகும்","வி சா   என்ப து,   ஓர்   அ யல்   நாட்டின்   குடி வரவு   அதிகாரிகள்   ஒரு வரின்   சா ன்று   ஆவண ங்களை ச்   சரி பார் த்த   பின்   அவரது   கடவு ச் சீ ட்டில்   மு த்திரை   பதி த்து விட்டு   உருவா க்கும்   சா ன்றி த ழா கும்",39
518,"இது, ஒருவர் ஒரு நாட்டிற்குள் நுழைந்து அங்கே தற்காலிகமாகத் தங்கியிருக்க உரிமை அளிக்கிறது","இ து,   ஒருவர்   ஒரு   நா ட்டிற்கு ள்   நுழை ந்து   அ ங்கே   தற்கா லி கமாக த்   த ங்கி யிரு க்க   உரிமை   அளி க்கிற து",23
519,"சார்ஜன்ட் கமிட்டியின் அறிக்கைப்படி, சுற்றுலா பயணியர் வருகைக் குழு 1948இல் நியமிக்கப்பட்டது","சார் ஜ ன் ட்   க மி ட்டி யின்   அறிக்கை ப்படி,   சுற்றுலா   பயணி யர்   வருகை க்   குழு   194 8இல்   நியமி க்கப்பட்ட து",21
520,"சுற்றிப்பார்க்கும் தலங்கள், தங்குமிடங்கள், அடிப்படை ஆதார வசதிகள், உள்கட்டமைப்பு ஆகியவையே சுற்றுலா துறையின் அடிப்படை அம்சங்களாகும்","சு ற்றி ப்பார் க்கும்   த ல ங்கள்,   த ங்கு மிட ங்கள்,   அடிப்படை   ஆதார   வசதி கள்,   உள் கட்ட மைப்பு   ஆகியவை யே   சுற்றுலா   துறை யின்   அடிப்படை   அம்ச ங்களா கும்",27
521,"சுற்றுலாத் துறை மேலும் நன்கு வளர்ச்சியடைய, இந்த வசதிகள் அந்தந்தப் பகுதிகளில் மேம்படுத்தப்பட்ட வேண்டும், இதற்கு பொது மற்றும் தனியார் என இருவகைத் துறைகளும் முனைப்புடன் செயல்பட வேண்டும்","சுற்றுலா த்   துறை   மேலும்   நன்கு   வளர்ச்சி ய டைய ,   இந்த   வசதி கள்   அந்த ந்த ப்   பகுதிகளில்   மேம்ப டுத்த ப்பட்ட   வேண்டும்,   இதற்கு   பொது   மற்றும்   தனியார்   என   இரு வகை த்   துறை களும்   முனை ப்பு டன்   செயல் பட   வேண்டும்",36
522,"கேரளாவின் புழைகளில் காயல்கள், ஏரிகள் & கால்வாய்களின் ஒரு விரிவான வலையமைப்பு அடங்கியுள்ளது, இவற்றைச் சிறப்பாக அனுபவிப்பதற்கு 'கட்டுவள்ளம்' எனப்படும் பாரம்பரிய ஒலைக்கூரை உணவகப் படகு வீட்டில் சென்று பார்க்க வேண்டும்","கேரளாவின்   பு ழை களில்   கா யல் கள்,   ஏரி கள்   &   கால் வாய் களின்   ஒரு   விரி வான   வலை ய மைப்பு   அட ங்கி யுள்ள து,   இ வற்றை ச்   சிற ப்பாக   அனுப வி ப்பதற்கு   ' கட்டு வ ள்ள ம் '   எனப்படும்   பாரம்பரிய   ஒ லை க்கூ ரை   உண வ க ப்   படகு   வீ ட்டில்   சென்று   பார்க்க   வேண்டும்",53
523,"நீங்கள் புழைகளில் படகு சவாரி செல்லும்போது கரையோரத்தில் நடமாட்டங்கள், பச்சைப் பசேலென்ற நெல் வயல்கள், தென்னந்தோப்புகள், அவற்றுடன் ஆங்காங்கே ஒரு கோயில் அல்லது தேவாலயம் ஆகியவற்றைக் காணலாம்","நீங்கள்   பு ழை களில்   படகு   ச வாரி   செல்லும் போது   கரை யோ ர த்தில்   நட மா ட்ட ங்கள்,   ப ச்சை ப்   ப சே லெ ன்ற   நெ ல்   வ யல் கள்,   தெ ன்ன ந்தோ ப்பு கள்,   அவ ற்று டன்   ஆ ங்கா ங்கே   ஒரு   கோயில்   அல்லது   தே வா ல யம்   ஆகியவற்றை க்   காண லாம்",51
524,புத்தகயா (பீகார்) தான் இளவரசர் சித்தார்த்தர் ஞானம் பெற்று புத்தராக மாறிய இடம்,புத்தக யா   ( பீ கார் )   தான்   இளவர சர்   சி த்தா ர் த்த ர்   ஞா ன ம்   பெற்று   புத்த ராக   மா றிய   இடம்,23
525,அவர்கள் அஞ்சல் பிரயாணிகளின் வசதிக்காக சாலையோரங்களில் டாக் பங்களாக்களை (அஞ்சல் மாளிகை வீடுகளை) கட்டினார்கள்,அவர்கள்   அ ஞ்சல்   பிர யா ணி களின்   வசதி க்காக   சாலை யோ ர ங்களில்   டாக்   ப ங்களா க்களை   ( அ ஞ்சல்   மா ளி கை   வீடு களை )   கட்டி னா ர்கள்,29
526,"தங்க ரதத்தில் கர்நாடகத்தின் வழியே மனங்கவரும், மெய்மறக்க வைக்கும் பயணத்தை மேற்கொள்ளும் போது அது அம்மாநிலத்தின் செழிப்பான பண்பாட்டுக்குப் பொருத்தமாக விளங்கி ஓர் அற்புதமான அனுபவத்தைத் தருகிறது","தங்க   ர த த்தில்   கர்நா டக த்தின்   வழி யே   மன ங்க வரு ம்,   மெ ய் ம ற க்க   வை க்கும்   பய ணத்தை   மேற் கொ ள்ளும்   போது   அது   அம் மாநிலத்தின்   செ ழி ப்பான   பண் பாட்டு க்கு ப்   பொருத்த மாக   விள ங்கி   ஓர்   அ ற்பு தமான   அனுப வ த்தை த்   த ரு கிறது",51
527,"இந்த ரயிலின் பெட்டிகள் வரலாற்றில் தோய்ந்துள்ளன, அவற்றிலுள்ள நுட்பமான கலை வேலைப்பாட்டுச் சூழல் காலத்தால் அழியாத கதைகளைச் சொல்கின்றன","இந்த   ர யி லின்   பெ ட்டி கள்   வரலா ற்றில்   தோ ய் ந்துள்ள ன,   அவ ற்றி லுள்ள   நுட்ப மான   கலை   வேலை ப்பா ட்டு ச்   சூழ ல்   கால த்தால்   அழி யாத   கதை களை ச்   சொல் கின்றன",34
528,ராஜஸ்தானின் மையப் பகுதியில் உள்ள சிறு நகரங்களும் கிராமங்களும் தான் அந்நிலத்தின் உண்மையான உயிரோட்டத்தை வரையறுக்கின்றன,ராஜஸ்தா னின்   மைய ப்   பகுதியில்   உள்ள   சிறு   நகர ங்களும்   கிராம ங்களும்   தான்   அ ந் நில த்தின்   உண்மையான   உயி ரோ ட்ட த்தை   வரைய று க்கின்ற ன,25
529,இந்தியா பன்முகத்தன்மையும் வேறுபாடுகளும் நிறைந்த ஒரு நாடு,இந்தியா   பன் முக த்தன்மை யும்   வேறு பாடு களும்   நிறைந்த   ஒரு   நாடு,11
530,சுற்றுலா துறை இந்தியாவின் முக்கியமான தொழில்களில் ஒன்றாக உருவாகியுள்ளது,சுற்றுலா   துறை   இந்தியாவின்   முக்கியமான   தொழில் களில்   ஒன்றாக   உருவா கி யுள்ள து,11
531,"இயற்கையான சுற்றுச்சூழல், கட்டடக்கலையில் தலைசிறந்த படைப்புகள், இசை, நடனம், ஓவியங்கள், மரபு வழக்கங்கள், மொழிகள் ஆகிய அனைத்தும் இந்தியாவை சுற்றுலாச் சோலையாக மாற்றுகின்றன","இயற்கை யான   சுற்று ச்சூழ ல்,   கட்ட டக்கலை யில்   தலை சிறந்த   படை ப்பு கள்,   இசை ,   நடன ம்,   ஓ விய ங்கள்,   மர பு   வழக்க ங்கள்,   மொழி கள்   ஆகிய   அனைத்து ம்   இந்தியா வை   சுற்றுலா ச்   சோ லை யாக   மாற்று கின்றன",38
532,சுற்றுலாப் பயணிகளுடன் உறவாடுவது அந்தந்த வட்டாரங்களில் உள்ள சுற்றுலாத் துறை சார்ந்த பணியாளர்களின் நடைமுறையில் உபசரிப்புப் பண்பை வளர்க்க உதவுகிறது,சுற்றுலா ப்   பயணி களுடன்   உற வா டு வது   அந்த ந்த   வ ட்டா ர ங்களில்   உள்ள   சுற்றுலா த்   துறை   சார்ந்த   பணி யாளர் களின்   நடை முறையில்   உ ப சரி ப்பு ப்   பண் பை   வளர் க்க   உத வு கிறது,36
533,"டச்சு மாளிகைகள், போர்ச்சுகீசிய தேவாலயங்கள், யூத ஆலயங்கள், ஆங்கிலேய உணவுக் கிடங்குகள், 14ஆம் நூற்றாண்டு சீன மீன்பிடி வலைகள் ஆகியவற்றில் காணப்படும் தனித்துவமான கட்டடக்கலை, கொச்சி ஒரு முக்கியத் துறைமுகமாகவும் வர்த்தக மையமாகவும் செயல்பட்ட நீண்ட வரலாற்றைப் பிரதிபலிக்கிறது","ட ச்சு   மா ளி கை கள்,   போர் ச்சு கீ சிய   தே வா லய ங்கள்,   யூ த   ஆ லய ங்கள்,   ஆங்கிலேய   உணவு க்   கி டங்கு கள்,   14 ஆம்   நூற்றாண்டு   சீன   மீன் பிடி   வலை கள்   ஆகியவ ற்றில்   காண ப்படும்   தனித்துவமான   கட்ட டக்கலை ,   கொ ச்சி   ஒரு   முக்கிய த்   துறைமுக மாகவும்   வர்த்தக   மைய மாகவும்   செயல் பட்ட   நீண்ட   வரலா ற்றை ப்   பிரதி ப லி க்கிற து",62
534,"கேரளாவை நேஷனல் ஜியாகிராஃபிக் தொலைக்காட்சி, வாழ்வில் ஒரு முறையாவது பார்க்க வேண்டிய 50 முன்னணிச் சுற்றுலாத் தலங்களில் ஒன்றாகச் சேர்த்துள்ளது","கேரளா வை   நே ஷ னல்   ஜி யா கி ராஃ பி க்   தொலைக்காட்சி ,   வாழ் வில்   ஒரு   முறை யா வது   பார்க்க   வேண்டிய   50   முன்னணி ச்   சுற்றுலா த்   த ல ங்களில்   ஒன்றாக ச்   சேர்த்து ள்ள து",34
535,"கேரளாவின் அழகே அதன் அமைதியான இயற்கைச் சூழலிலும், சுற்றியுள்ள சாந்தமான புழைகளிலும், கடற்கரைகளிலும், மலை நகரங்களிலும், சுவைமணச் செடித் தோட்டங்களிலும், தாவர மற்றும் விலங்கு இனங்களிலும், ஆயுர்வேதத்திலும், படகுப் போட்டிகளிலும், இயற்கைத் துறைமுகங்களிலும் இன்னும் பலவற்றிலும் அடங்கியுள்ளன","கேரளாவின்   அழ கே   அதன்   அமை தியான   இயற்கை ச்   சூழ லி லும்,   சு ற்றி யுள்ள   சா ந்த மான   பு ழை களி லும்,   கடற்கரை களி லும்,   மலை   நகர ங்களி லும்,   சு வை மண ச்   செ டி த்   தோ ட்ட ங்களி லும்,   தாவர   மற்றும்   விலங்கு   இன ங்களி லும்,   ஆயு ர் வேத த்தி லும்,   படகு ப்   போட்டி களி லும்,   இயற்கை த்   துறைமுக ங்களிலும்   இன்னும்   பல வ ற்றி லும்   அட ங்கி யுள்ள ன",68
536,மூணாரில் அடர்ந்த காடுகளும் தேயிலைத் தோட்டங்களும் கம்பளம் போல் விரிந்துள்ளன,மூ ணா ரில்   அட ர் ந்த   காடு களும்   தே யி லை த்   தோ ட்ட ங்களும்   க ம்ப ளம்   போல்   விரி ந்துள்ள ன,22
537,"இவற்றில் சில நினைவுச்சின்னங்கள், யுனெஸ்கோ அங்கீகரித்த உலகப் பாரம்பரியத் தலங்களின் பட்டியலிலும் இடம்பெற்றுள்ளன","இவற்றில்   சில   நினைவுச்சின்ன ங்கள்,   யு னெ ஸ் கோ   அங்கீ கரி த்த   உலக ப்   பாரம்பரிய த்   த ல ங்களின்   பட்டிய லி லும்   இடம் பெற்று ள்ள ன",25
538,சகயாத்ரி மலை மகாராஷ்டிரத்தின் முதுகெலும்பாக இருப்பதால் அம்மாநிலம் சுற்றுலாத் துறையை தனது பொருளாதார வளர்ச்சிக்கு பெரும் பங்கு வகிக்கும் ஒரு துறையாகப் பார்க்கிறது,சக யா த் ரி   மலை   மகா ராஷ்டி ர த்தின்   மு து கெ லும் பாக   இருப்ப தால்   அம் மாநிலம்   சுற்றுலா த்   துறை யை   தனது   பொருளாதார   வளர்ச்சி க்கு   பெரும்   பங்கு   வகி க்கும்   ஒரு   துறை யாக ப்   பார் க்கிற து,37
539,"விமான நிலையத்தில் உள்ள வரவேற்புச் சேவை சுற்றுலாப் பயணிகளுக்கும் நிறுவனங்களுக்கும் ஒரு முக்கியச் சேவையாக விளங்குகிறது, ஏனென்றால் அது பயணிகளுக்கு வருகை மற்றும் புறப்பாடு முனையங்களை விரைவாகக் கடக்க உதவுகிறது, விமானம் மாற்றுதல், உடைமைகள், குடும்பப் பயணம் ஆகியவை சார்ந்து உதவியளிக்கிறது, மற்றும் விமான நிலையத்தில் விரைவாகத் தங்குதடையின்றி பாதுகாப்பாக வந்துசெல்வதை உறுதிசெய்கிறது","விமான   நிலைய த்தில்   உள்ள   வர வே ற்பு ச்   சேவை   சுற்றுலா ப்   பயணி களுக்கும்   நிறுவன ங்களு க்கும்   ஒரு   முக்கிய ச்   சேவை யாக   விளங்கு கிறது,   ஏனெ ன்றால்   அது   பயணி களுக்கு   வருகை   மற்றும்   புற ப்பாடு   முனை ய ங்களை   விரைவாக க்   கட க்க   உத வு கிறது,   விமான ம்   மாற்று தல்,   உடை மை கள்,   குடும்ப ப்   பய ணம்   ஆகியவை   சார் ந்து   உதவி ய ளி க்கிற து,   மற்றும்   விமான   நிலைய த்தில்   விரைவாக த்   த ங்கு தடை யின் றி   பாதுகா ப்பாக   வந்து செல் வதை   உறுதி செய் கிறது",80
540,மேற்குத் தொடர்ச்சி மலைக்கும் அரபிக் கடலுக்கும் இடையே உள்ள 720 கிமீ நீளமுள்ள நிலத்துண்டில் வெளியே தெரியாதபடி பற்பல கடற்கரைகளும் கழிகளும் உள்ளன,மேற்கு த்   தொடர்ச்சி   மலை க்கும்   அர பி க்   கட லு க்கும்   இடையே   உள்ள   7 20   கிமீ   நீள முள்ள   நில த்து ண்டி ல்   வெளியே   தெரி யாத படி   ப ற்ப ல   கடற்கரை களும்   கழி களும்   உள்ளன,34
541,"இந்தத் தனிமையான கடற்கரைகளும் பச்சைப் பசேலென்ற மேற்குத் தொடர்ச்சி மலைகளும், களைகட்டும் கோவா கடற்கரைகளுக்குப் பதிலாக ஓர் அமைதியான மாற்றாக விளங்குகின்றன","இந்த த்   தனி மையான   கடற்கரை களும்   ப ச்சை ப்   ப சே லெ ன்ற   மேற்கு த்   தொடர்ச்சி   மலை களும்,   களை கட்டு ம்   கோவா   கடற்கரை களுக்கு ப்   பதி லாக   ஓர்   அமை தியான   மா ற்றா க   விளங்கு கின்றன",35
542,"கேரளாவில் சுவைமணப் பொருள் தோட்டங்களின் மையமாக இருக்கும் பெரியார், வனவிலங்குச் சரணாலயத்துக்கும் புகழ்பெற்றது, அதைக் கண்டுகளிக்க பெரியார் ஏரியில் படகுச் சவாரி சென்று பார்க்க வேண்டும்","கேரளா வில்   சு வை மண ப்   பொருள்   தோ ட்ட ங்களின்   மையமாக   இருக்கும்   பெரியா ர்,   வன விலங்கு ச்   சரணா லய த்து க்கும்   புகழ்பெற்ற து,   அதை க்   க ண்டு களி க்க   பெரியா ர்   ஏரி யில்   படகு ச்   ச வாரி   சென்று   பார்க்க   வேண்டும்",40
543,"இதுதவிர, சர்வதேச சுற்றுலா பயணிகள் பெரிதும் விரும்பும் இடங்களிலும் மேலும் பல அலுவலகங்கள் உள்ளன","இது தவி ர ,   சர்வதேச   சுற்றுலா   பயணி கள்   பெரி தும்   விரும்பும்   இட ங்களிலும்   மேலும்   பல   அலு வல க ங்கள்   உள்ளன",20
544,"அமைதியளிக்கும் ஏரிகள் வழியே ஷிகாரா படகுகளில் மிதந்து செல்வதும், மரப்படகு வீடுகளில் தங்குவதும் ஸ்ரீநகர் வழங்கும் தனித்துவமான அனுபவங்கள்","அமை திய ளி க்கும்   ஏரி கள்   வழி யே   ஷி கா ரா   படகு களில்   மித ந்து   செல் வது ம்,   மர ப்பட கு   வீடு களில்   த ங்கு வது ம்   ஸ்ரீ நகர்   வழங்கு ம்   தனித்துவமான   அனுப வ ங்கள்",35
545,"இந்திய வரைபடத்தில் மணி பதித்த மகுடம் போல வீற்றிருக்கும் காஷ்மீர், பருவ காலங்களுக்கு ஏற்ப தன் வண்ணச் சாயல்களை மாற்றிக்கொள்கிறது - குளிர் காலத்தில் கம்பளம் போல மலைகளைப் பனி போர்த்தியுள்ள போது மலைச்சரிவுகளில் பனிச்சறுக்கு விளையாட்டையும் பனிச்சறுக்கு வண்டியையும் காணலாம்; வசந்த மற்றும் கோடை காலங்களில் தேன்பனித் துளி படர்ந்த பழத்தோட்டங்களும் சிற்றலை ஏரிகளும் சூழ இந்தப் பள்ளத்தாக்கில் மனதைக் கொள்ளைகொள்ளும் எழிலலகு தொற்றிக்கொள்கிறது","இந்திய   வரை பட த்தில்   மணி   பதி த்த   ம கு டம்   போல   வீ ற்றி ருக்கும்   காஷ்மீ ர்,   பருவ   கால ங்களுக்கு   ஏற்ப   தன்   வ ண்ண ச்   சா யல் களை   மாற்றி க்கொள் கிறது   -   குளிர்   காலத்தில்   க ம்ப ளம்   போல   மலை களை ப்   பனி   போர் த்தி யுள்ள   போது   மலை ச்சரி வு களில்   பனி ச்ச று க்கு   விளையாட்டை யும்   பனி ச்ச று க்கு   வ ண்டி யையும்   காண லாம் ;   வச ந்த   மற்றும்   கோடை   கால ங்களில்   தே ன்ப னி த்   து ளி   பட ர் ந்த   பழ த்தோ ட்ட ங்களும்   சி ற்ற லை   ஏரி களும்   சூழ   இந்த ப்   பள்ளத்தா க்கில்   மன தை க்   கொள் ளை கொ ள்ளும்   எ ழி ல ல கு   தொ ற்றி க்கொள் கிறது",110
546,2015இல் இந்தத் தொழில்துறை இந்தியாவிற்கு அந்நியச் செலாவணியாக பெற்றுத்தந்த வருவாய் 16,201 5இல்   இந்த த்   தொழில்துறை   இந்தியா விற்கு   அ ந் நிய ச்   செ லா வணி யாக   பெற்று த்த ந்த   வருவாய்   16,20
547,94 பில்லியன் டாலர்,9 4   பி ல்லி யன்   டா லர்,7
548,"அஜந்தாவில் உள்ளவை போன்ற பாக் குகைகள், பாகணி என்னும் பருவகால நீரோடையின் குறுக்கே அமைந்த ஒரு குன்றின் முன்பகுதியில் உள்ள செங்குத்தான மணற்கல் பாறையிலிருந்து தோண்டி எடுக்கப்பட்டன","அ ஜ ந்தா வில்   உள்ள வை   போன்ற   பாக்   குகை கள்,   பா கணி   என் னும்   பருவ கால   நீரோ டை யின்   குறு க்கே   அமை ந்த   ஒரு   கு ன்றி ன்   மு ன்ப குதி யில்   உள்ள   செ ங்கு த்தான   மண ற்க ல்   பாறை யிலிருந்து   தோ ண்டி   எடு க்கப்பட்ட ன",45
549,"இம்மாநிலத்தில் சுற்றுலாவுக்கென்று ஒரு தனித் துறை உள்ளது, அது 1969இல் அமைக்கப்பட்டது, எனினும் சுற்றுலாவை ஊக்குவிப்பதற்கான மகாராஷ்ட்ரிய மாநிலச் சுற்றுலா வளர்ச்சிக் கழகம் (எம்டிடிசி) எனும் அரசு நிறுவனம் 1975இல் நிறுவப்பட்டது","இம் மாநிலத்தில்   சுற்றுலா வு க்கெ ன்று   ஒரு   தனி த்   துறை   உள்ளது,   அது   196 9இல்   அமை க்கப்பட்ட து,   எனினும்   சுற்றுலா வை   ஊக்குவி ப்பதற்கான   மகா ரா ஷ் ட் ரிய   மாநில ச்   சுற்றுலா   வளர்ச்சி க்   க ழ கம்   ( எம் டி டி சி )   எனும்   அரசு   நிறுவனம்   197 5இல்   நிறுவ ப்பட்ட து",49
550,"இந்தியா பரந்த சமயப் பண்பாட்டுப் பாரம்பரியமும் பல்வேறுபட்ட இயற்கைச் சுற்றுலாத் தலங்களும் கொண்டுள்ளதால் சுற்றுலாத் துறையின் அபார வளர்ச்சிக்கு வாய்ப்புகளைப் பெற்றுள்ளது, எனினும் உலகச் சுற்றுலா சூழ்நிலையை ஒப்பிடும்போது இது ஒரு சிறு பங்கு தான்","இந்தியா   பர ந்த   சமய ப்   பண் பாட்டு ப்   பாரம்பரிய மும்   பல்வேறு பட்ட   இயற்கை ச்   சுற்றுலா த்   த ல ங்களும்   கொண்டு ள்ள தால்   சுற்றுலா த்   துறை யின்   அ பார   வளர்ச்சி க்கு   வாய் ப்புகளை ப்   பெற்று ள்ள து,   எனினும்   உலக ச்   சுற்றுலா   சூழ் நிலையை   ஒ ப்பி டும் போது   இது   ஒரு   சிறு   பங்கு   தான்",51
551,"சுற்றுலாத் துறை உலகளவில் 20ஆம் நூற்றாண்டின் மிகப் பெரிய தொழில்துறையாக உருவெடுத்தது, அது 21ஆம் நூற்றாண்டில் இன்னும் வேகமாக வளர்ச்சி காணும் என்றும் கணிக்கப்படுகிறது","சுற்றுலா த்   துறை   உலக ளவில்   20 ஆம்   நூற்றா ண்டின்   மிக ப்   பெரிய   தொழில்துறை யாக   உரு வெ டுத்த து,   அது   21 ஆம்   நூற்றா ண்டி ல்   இன்னும்   வே கமாக   வளர்ச்சி   கா ணு ம்   என்றும்   கணி க்கப்படு கிறது",35
552,"சுற்றுலா நமக்கு ஒரு தொழில், ஆனால் பயணிகளுக்கு ஒவ்வொரு சுற்றுலாப் பயணமும் ஒரு மலரும் நினைவு","சுற்றுலா   ந ம க்கு   ஒரு   தொழி ல்,   ஆனால்   பயணி களுக்கு   ஒவ்வொரு   சுற்றுலா ப்   பய ண மும்   ஒரு   மல ரும்   நினைவு",20
553,"பயண ஆவணங்களில் கடவுச் சீட்டு, விசா, நாணயச் சான்றிதழ் அல்லது கடவுச் சீட்டில் நாணய உறுதி மேலொப்பம், பயணக் காப்பீடு, வருமான வரி அறிக்கைகள், உடல்நலச் சான்றுகள் போன்றவை அடங்கும்","பய ண   ஆவண ங்களில்   கடவு ச்   சீ ட்டு ,   வி சா ,   நாணய ச்   சா ன்றி த ழ்   அல்லது   கடவு ச்   சீ ட்டில்   நாணய   உறுதி   மே லொ ப்ப ம்,   பய ண க்   காப்பீ டு ,   வருமான   வரி   அறிக்கை கள்,   உடல் ந ல ச்   சா ன்று கள்   போன்ற வை   அடங்கு ம்",50
554,"எல்லோரா திருவிழா, புனே கணேச பண்டிகை, காராபுரி திருவிழா, முரூதில் (ராய்கட்) பர்யதன் மகா உற்சவம் ஆகியவை இவற்றுள் சில திருவிழாக்கள்","எல் லோ ரா   திருவிழா ,   பு னே   க ணே ச   பண்டி கை ,   கா ரா புரி   திருவிழா ,   மு ரூ தில்   ( ராய் க ட் )   பர் ய தன்   மகா   உ ற் ச வம்   ஆகியவை   இவ ற்று ள்   சில   திருவிழா க்கள்",41
555,"இந்தக் கழகத்தின் மேற்பார்வையில், பயணிகள் தங்குவதற்கும் தகவல் தருவதற்கும் வழிகாட்டியுடன் சுற்றிப்பார்க்க ஏற்பாடு செய்வதற்கும் ஏராளமான பயணியர் விடுதிகள், ஓய்வகங்கள் மற்றும் ஹோட்டல்கள் பல சுற்றுலாத் தலங்களில் செயல்படுகின்றன","இந்த க்   க ழ கத்தின்   மேற் பார்வை யில்,   பயணி கள்   த ங்கு வதற்கு ம்   தகவல்   த ரு வதற்கு ம்   வழி காட்டி யுடன்   சு ற்றி ப்பார் க்க   ஏற்பாடு   செய்வதற்கு ம்   ஏராளமான   பயணி யர்   விடு தி கள்,   ஓ ய் வ க ங்கள்   மற்றும்   ஹோ ட்ட ல் கள்   பல   சுற்றுலா த்   த ல ங்களில்   செயல்படு கின்றன",53
556,இது சாதகமாகவும் இருக்கலாம் பாதகமாகவும் இருக்கலாம்,இது   சாத கமாக வும்   இருக்க லாம்   பா த கமாக வும்   இருக்க லாம்,12
557,"திட்டமிடுதல் மற்றும் கட்டுப்பாட்டு ஏற்பாடுகள் இல்லாவிட்டால், சுற்றுலா வளர்ச்சி நின்றுபோய் சமூக, கலாச்சார, பொருளாதார பாதிப்புகளை ஏற்படுத்தலாம், இது சுற்றுலாப் பயணிகளுக்கும் உள்ளூர் மக்களுக்கும் இடையேயான உறவில் பிரதிபலிக்கும்","திட்டமி டு தல்   மற்றும்   கட்டுப்பா ட்டு   ஏற்பாடு கள்   இல்லா விட்டா ல்,   சுற்றுலா   வளர்ச்சி   நி ன்று போ ய்   சமூக ,   கலாச்சார ,   பொருளாதார   பாதி ப்புகளை   ஏற்ப டுத்த லாம்,   இது   சுற்றுலா ப்   பயணி களுக்கும்   உள்ளூர்   மக்க ளு க்கும்   இடையே யான   உற வில்   பிரதி ப லி க்கும்",44
558,கல்லி எனும் மடிப்புகள் பஞ்ச புத்தரை அல்லது பஞ்ச ரத்தினத்தை குறிப்பதாக உள்ளன,கல் லி   எனும்   ம டி ப்புகள்   ப ஞ்ச   புத்த ரை   அல்லது   ப ஞ்ச   ர த்தின த்தை   குறி ப்பதாக   உள்ளன,19
559,"கிழக்கே கவனிக்கையில், பதம், பாசி, மின்யோங், பொகார் மற்றும் ஏனையவை உள்ளிட்ட பல ஆதி உட்கோத்திரங்கள் உள்ளன","கிழக்கே   கவனி க்கை யில்,   பத ம்,   பா சி ,   மின் யோ ங்,   பொ கார்   மற்றும்   ஏ னை ய வை   உள்ளிட்ட   பல   ஆதி   உட் கோ த்திர ங்கள்   உள்ளன",27
560,ஐரோப்பிய காலனியவாதிகள் அரசு அல்லது மதத்திற்கு அர்ப்பணித்த தங்கள் படையெடுப்புக் குறிக்கோளை உருவகப்படுத்தும் வகையில் ஒரு கட்டிடக் கலையை உருவாக்கினர்,ஐரோ ப்பிய   கால னிய வாதி கள்   அரசு   அல்லது   மத த்திற்கு   அர்ப்பணி த்த   தங்கள்   படையெடு ப்பு க்   குறி க்கோ ளை   உருவ க ப்படுத்தும்   வகையில்   ஒரு   கட்டி ட க்   கலை யை   உருவாக்கி னர்,31
561,"பஜன், ஜனன், மற்றும் ராகங்கள், ரங்கீலா சௌபாதி போன்றவை சார்ந்த ஒரியா பாடல்கள் பாரம்பரிய மெல்லிசை என்பதாக வகைப்படுத்தப்படுகின்றன, இவை ஒரியா இசையில் முக்கிய அங்கமாக இருக்கின்றன","ப ஜ ன்,   ஜன ன்,   மற்றும்   ராக ங்கள்,   ர ங்கீ லா   சௌ பாதி   போன்ற வை   சார்ந்த   ஒ ரியா   பாடல் கள்   பாரம்பரிய   மெ ல்லி சை   என்ப தாக   வகை ப்படுத்த ப்படுகின்றன,   இவை   ஒ ரியா   இசை யில்   முக்கிய   அ ங்க மாக   இரு க்கின்ற ன",41
562,அவரது அசாதாரண சாதனைகளும் அவற்றுடன் அவருடைய பாரிய இலட்சிய நோக்கும் தோழர்களின் புகழ்ச்சியும் ஒன்றுசேர்ந்து இந்தத் தாக்கத்தை ஏற்படுத்தியிருக்கலாம்,அவரது   அசா தா ரண   சாதனை களும்   அவ ற்று டன்   அவருடைய   பா ரிய   இல ட்சி ய   நோ க்கும்   தோ ழ ர்களின்   புகழ் ச்சி யும்   ஒன்று சேர்ந்து   இந்த த்   தா க்கத்தை   ஏற்படு த்தி யிரு க்கலாம்,33
563,குமேர் பேரரசின் காலந்தொட்டு கம்போடியாவில் கங்கை புனிதமாகக் கருதப்படுகிறது,கு மே ர்   பேரர சின்   கால ந் தொ ட்டு   கம் போ டியா வில்   கங்கை   புனித மாக க்   கருத ப்படு கிறது,20
564,"கோவாவின் ஒப்பனைக் காட்சியில் தீபஸ்தம்பம், சிலுவை மற்றும் கோடே மோட்னியும், அதைத் தொடர்ந்து ஒரு ரதமும் எடுப்பாகக் காட்டப்படுவதன் மூலம் அது மத நல்லிணக்கத்தை வெளிப்படுத்துவதாக அமைந்துள்ளது","கோவா வின்   ஒ ப்ப னை க்   காட்சி யில்   தீ ப ஸ் த ம்ப ம்,   சி லு வை   மற்றும்   கோ டே   மோ ட் னி யும்,   அதை த்   தொடர்ந்து   ஒரு   ர த மும்   எடு ப்பாக க்   காட்ட ப்படு வ தன்   மூலம்   அது   மத   ந ல்லி ண க்கத்தை   வெளி ப்படு த்துவ தாக   அமைந்துள்ள து",51
565,அவர் இந்த விவகாரத்தைப் பற்றி ஆய்வுசெய்து 'மிசோ இங்கெ இஸ்ரேல்,அவர்   இந்த   விவ கார த்தை ப்   பற்றி   ஆய்வு செய்து   ' மிசோ   இ ங் கெ   இஸ் ரே ல்,17
566,"' (""மிசோ அல்லது இஸ்ரேலி","'   ( "" மிசோ   அல்லது   இஸ் ரே லி",8
567,""") (2004) என்ற புத்தகத்தை எழுதினார்",""" )   ( 200 4 )   என்ற   புத்தக த்தை   எழுதி னார்",11
568,பொதுவான ஆதி இந்திய ஈரானிய மொழியிலிருந்து கிளைபிரிந்த வேத சமஸ்கிருதம் மற்றும் கதா அவெஸ்தான் மொழிகளின் மிகத் தொன்மையான பதிவுகள் குறிப்பிடத்தக்க வகையில் ஒத்த வடிவில் உள்ளன,பொதுவான   ஆதி   இந்திய   ஈ ரா னிய   மொழி யிலிருந்து   கிளை பிரி ந்த   வேத   சமஸ் கிரு தம்   மற்றும்   க தா   அ வெ ஸ்தான்   மொழி களின்   மிக த்   தொ ன் மையான   பதி வுகள்   குறிப்பிடத்தக்க   வகையில்   ஒ த்த   வடி வில்   உள்ளன,37
569,"தென்னிந்தியாவில், சிம்மவிஷ்ணுவின் ஆட்சி தொட்டு நிலவிய பல்லவர் யுகம் (பொஆ 575 - பொஆ 900), தென்னிந்தியச் சமூகத்தின் வரலாற்றுக் கட்ட மாற்றம் ஏற்படுகிற காலமாகத் திகழ்ந்தது, அதில் நினைவுச் சின்னங்கள் கட்டப்பட்டன, ஆழ்வார் மற்றும் நாயன்மார் (பக்தி) சமய உட்பிரிவுகள் நிலைபெற்றன, சமஸ்கிருதம் கற்பிக்கும் கிராமப்புற பிராமணக் கல்விக்கூடங்கள் உருவாகி வளர்ந்தன, மற்றும் பல்வேறு இன மக்களும் வசிக்கும் பிராந்தியத்தை ஆளும் சக்கரவர்த்தி ஆட்சிமுறை நிறுவப்பட்டது, இது அவரவரின் பண்பாடு மற்றும் இனத் தலைவன் கொண்ட வெவ்வேறு இன மக்கள் பிராந்திய ரீதியாகப் பிரிக்கப்பட்டிருந்த பல்லவருக்கு-முந்தைய யுகத்தை முடிவுக்குக் கொண்டு வந்தது","தென்னிந்தியா வில்,   சி ம்ம விஷ்ணு வின்   ஆட்சி   தொ ட்டு   நில விய   ப ல்ல வர்   யு கம்   ( பொஆ   5 7 5   -   பொஆ   9 00 ),   தென்னி ந்திய ச்   சமூக த்தின்   வரலாற்று க்   கட்ட   மாற்ற ம்   ஏற்படு கிற   கால மாக த்   தி கழ் ந்த து,   அதில்   நினைவு ச்   சி ன்ன ங்கள்   கட்டப்பட்ட ன,   ஆ ழ் வார்   மற்றும்   நா யன் மார்   ( ப க்தி )   சமய   உட் பிரி வுகள்   நிலை பெற்ற ன,   சமஸ் கிரு தம்   கற் பி க்கும்   கிராமப்புற   பிராமண க்   கல்வி க்கூ ட ங்கள்   உருவா கி   வளர் ந்த ன,   மற்றும்   பல்வேறு   இன   மக்க ளும்   வசி க்கும்   பிராந்திய த்தை   ஆளு ம்   ச க்க ர வர் த்தி   ஆட்சி முறை   நிறுவ ப்பட்டது,   இது   அவ ர வரின்   பண் பாடு   மற்றும்   இன த்   தலை வன்   கொண்ட   வெவ்வேறு   இன   மக்கள்   பிராந்திய   ரீதியாக ப்   பிரி க்க ப்பட்டி ருந்த   ப ல்ல வருக்கு - முந்தைய   யு கத்தை   முடி வுக்கு க்   கொண்டு   வந்த து",144
570,"20ஆம் நூற்றாண்டில் ஒரியா மொழி இலக்கியம் படைத்த சிலரின் பெயர்கள்: கோடாபாரிஷ் மஹாபத்ரா, காலிந்தி சரணா பாணிக்ரஹி, கானு சரண் மொஹந்தி (1906-1994), கோடாபாரிஷ் மிஷ்ரா, கோபிநாத் மொஹந்தி (1914-1991), சச்சிதானந்த ரௌத்ரே (1916-2004), சீதாகாந்த் மஹாபத்ரா (பிறப்பு: 17 செப்டம்பர் 1937), சுரேந்திர மொஹந்தி, மனோஜ் தாஸ், கிஷோரி சரண் தாஸ், ரமாகாந்தா ரத் (பிறப்பு: 13 டிசம்பர் 1934), பினாபாணி மொஹந்தி, ஜகதீஷ் மொஹந்தி, சரோஜினி சாஹூ, ராஜேந்திர கிஷோர் பாண்டா, பத்மஜா பால், ராமச்சந்திர பெஹரா, பிரதிபா சத்பதி, நந்தினி சாஹூ, மற்றும் தேபராஜ் சமாந்தரே","20 ஆம்   நூற்றா ண்டி ல்   ஒ ரியா   மொழி   இலக்கிய ம்   படை த்த   சில ரின்   பெய ர்கள் :   கோ டா பா ரி ஷ்   மஹா பத் ரா ,   கா லி ந்தி   சரணா   பாணி க் ர ஹி ,   கா னு   சர ண்   மொ ஹ ந்தி   ( 19 0 6 - 199 4 ),   கோ டா பா ரி ஷ்   மி ஷ் ரா ,   கோ பி நாத்   மொ ஹ ந்தி   ( 19 14 - 199 1 ),   ச ச்சி தான ந்த   ரௌ த் ரே   ( 19 16 - 200 4 ),   சீ தா கா ந்த்   மஹா பத் ரா   ( பிற ப்பு :   17   செப்டம்பர்   193 7 ),   சு ரே ந்திர   மொ ஹ ந்தி ,   ம னோ ஜ்   தா ஸ்,   கி ஷோ ரி   சர ண்   தா ஸ்,   ர மா கா ந்தா   ர த்   ( பிற ப்பு :   13   டிசம்பர்   193 4 ),   பி னா பாணி   மொ ஹ ந்தி ,   ஜ க தீ ஷ்   மொ ஹ ந்தி ,   ச ரோ ஜி னி   சா ஹூ ,   ரா ஜே ந்திர   கி ஷோ ர்   பா ண்டா ,   பத் ம ஜா   பா ல்,   ராம ச்ச ந்திர   பெ ஹ ரா ,   பிரதி பா   சத் பதி ,   ந ந்தி னி   சா ஹூ ,   மற்றும்   தே ப ராஜ்   சமா ந்த ரே",197
571,"இஸ்லாமியர் ஆண்ட வங்காளம் தலைசிறந்த பருத்தி ஆடைகள் மற்றும் புடவைகளின் உற்பத்திக்குப் பெயர்பெற்றிருந்தது, அதில் ஜாம்தானி குறிப்பிடத்தக்கது, அதற்கு முகலாய அரசவையிலிருந்து கொள்முதல் கோரிக்கைகள் வந்தன","இஸ்லா மி யர்   ஆ ண்ட   வங்காள ம்   தலை சிறந்த   ப ரு த்தி   ஆடை கள்   மற்றும்   பு ட வை களின்   உற்பத்தி க்கு ப்   பெயர் பெற்றி ருந்த து,   அதில்   ஜா ம் தா னி   குறிப்பிடத்தக்க து,   அதற்கு   முகலாய   அரசவை யிலிருந்து   கொள் முதல்   கோரி க்கை கள்   வந்த ன",44
572,"கிபி 797இல் (அல்லது, சாத்தியமாக கிபி 801இல்) பாக்தாதின் அப்பாசிய கலீபா ஹாரூன் அர்-ரஷீத் மன்னர் சார்லமேனுக்கு அபுல் அப்பாஸ் என்ற பெயரிட்ட ஓர் ஆசிய யானையையும் ""தனிவேறுபட்ட ஒரு பிரமாண்டமான"" நீர்க் கடிகாரத்தையும் பரிசாக அனுப்பினார்","கிபி   7 9 7இல்   ( அல்ல து,   சாத்திய மாக   கிபி   80 1இல் )   பாக் தா தி ன்   அ ப்பா சிய   க லீ பா   ஹா ரூ ன்   அர் - ர ஷீ த்   மன்னர்   சார் ல மே னுக்கு   அ புல்   அ ப்பா ஸ்   என்ற   பெய ரி ட்ட   ஓர்   ஆசிய   யானை யையும்   "" தனி வேறு பட்ட   ஒரு   பிர மா ண்ட மான ""   நீர் க்   கடி கார த்தையும்   பரி சாக   அனுப்பி னார்",68
573,"நல்ல சமூக அந்தஸ்துள்ள பிரிட்டிஷ் பெண்கள் வெகு குறைவாகவே இருந்தனர்; 1785இல் கான்பூரில் இருந்த அறுவைசிகிச்சை நிபுணர் ஜான் ஸ்டூவர்ட் தனது சகோதரருக்கு இவ்வாறு எழுதினார்: ""இங்குள்ள பல பெண்கள் லட்கேட் ஹில்லில் உள்ள மில்லினர்ஸ் கடைகளைச் சேர்ந்த இன்ப மங்கைகள், ஏன் சிலர் கோவன்ட் கார்டன் மற்றும் ஓல்டு ட்ரூரி [18ஆம் நூற்றாண்டு லண்டனில் விலைமாதுக்களுக்கு நன்கறியப்பட்ட இடங்கள்] பகுதிகளைச் சேர்ந்தவர்களாகக் கூட இருக்கின்றனர்","நல்ல   சமூக   அந்த ஸ் து ள்ள   பிரிட்டிஷ்   பெண்கள்   வெகு   குறைவாக வே   இருந்த னர் ;   17 8 5இல்   கான் பூ ரில்   இருந்த   அறு வை சிகிச்சை   நி பு ண ர்   ஜா ன்   ஸ் டூ வர் ட்   தனது   சகோதர ருக்கு   இவ் வாறு   எழுதி னார் :   "" இங்கு ள்ள   பல   பெண்கள்   ல ட் கேட்   ஹி ல் லில்   உள்ள   மில்லி னர் ஸ்   கடை களை ச்   சேர்ந்த   இ ன்ப   ம ங்கை கள்,   ஏ ன்   சில ர்   கோ வன் ட்   கார் டன்   மற்றும்   ஓ ல் டு   ட் ரூ ரி   [ 18 ஆம்   நூற்றாண்டு   ல ண்ட னில்   விலை மா து க்க ளுக்கு   நன் க றிய ப்பட்ட   இட ங்கள் ]   பகுதிகளை ச்   சேர்ந்த வர் களாக க்   கூட   இரு க்கின்ற னர்",111
574,இறப்பு வேறொரு இடத்தில் ஏற்பட்டிருந்தாலும் கங்கையில் அஸ்தியை கரைப்பதன் மூலம் விமோச்சனம் பெறலாம்,இற ப்பு   வே றொ ரு   இடத்தில்   ஏற்ப ட்டி ரு ந்தா லும்   கங்கை யில்   அ ஸ்தி யை   கரை ப்ப தன்   மூலம்   வி மோ ச்ச ன ம்   பெற லாம்,27
575,"1989 தியனன்மென் சதுக்க கூட்டுப் படுகொலை, தலைவர் மாவோ ஜெடாங்கின் கலாச்சாரப் புரட்சி, ஹாங்காங்கில் மக்களாட்சிக்கான போராட்டம், ஜின்ஜியாங் மற்றும் திபெத்தில் நிலவும் இனப் பூசல்கள் ஆகியவை உட்பட, சர்ச்சைக்குரியவை என்று சீனா கருதும் தலைப்புகளுக்கு இந்தக் கட்டுரைகள் சிறப்புக் கவனம் அளித்தன","198 9   திய ன ன் மென்   சது க்க   கூட்டு ப்   படு கொலை ,   தலை வர்   மா வோ   ஜெ டா ங்கின்   கலாச்சார ப்   புர ட்சி ,   ஹா ங்கா ங்கில்   மக்க ளா ட்சி க்கான   போராட்ட ம்,   ஜி ன் ஜி யா ங்   மற்றும்   திபெ த்தில்   நில வும்   இன ப்   பூ சல் கள்   ஆகியவை   உட்பட ,   சர் ச்சை க்கு ரிய வை   என்று   சீ னா   கரு தும்   தலை ப்பு களுக்கு   இந்த க்   கட்டுரை கள்   சிறப்பு க்   கவனம்   அளி த்தன",74
576,பிரிட்டிஷ் முடியரசரின் உருவப்படத்திற்குப் பதிலாக அசோகரின் சிங்க ஸ்தூபி வைக்கப்பட்டது,பிரிட்டிஷ்   முடிய ர ச ரின்   உருவ ப்பட த்திற்கு ப்   பதி லாக   அசோ கரின்   சிங்க   ஸ் தூ பி   வை க்கப்பட்ட து,20
577,திட்டமிடப்பட்ட தூரம் 12 கிலோமீட்டர் (7,திட்டமிட ப்பட்ட   தூ ரம்   12   கிலோமீட்டர்   ( 7,8
578,5 மைல்) எனவும் நிலச்சந்தியின் வழியாகக் கால்வாய் வெட்டி கேஸ்ட்ரியன் மற்றும் ஹார்மியன் வளைகுடாக்களை இணைப்பதே இதன் நோக்கம் என்றும் மூத்த பிளைனி கூறினார்,5   மைல்)   என வும்   நில ச்சந்தி யின்   வழியாக க்   கால் வாய்   வெ ட்டி   கே ஸ்ட் ரிய ன்   மற்றும்   ஹா ர் மி யன்   வளை குடா க்களை   இணை ப்ப தே   இதன்   நோ க்கம்   என்றும்   மூத்த   பி ளை னி   கூறி னார்,38
579,"அர்த்தசாஸ்திரத்தின் படி, ஒரு ஸ்வர்ணம் அல்லது கர்ஷம் 80 ரத்திகளுக்குச் சமம் (அதாவது 1 மாஷா = 5 ரத்தி எனும் தரநிலையின் அடிப்படையில்)","அர் த்த சா ஸ்தி ர த்தின்   படி,   ஒரு   ஸ் வர் ணம்   அல்லது   கர் ஷ ம்   80   ர த்தி களுக்கு ச்   சம ம்   ( அதாவது   1   மா ஷா   =   5   ர த்தி   எனும்   தர நிலை யின்   அடிப்படையில் )",37
580,"அம்ரி II-பி காலகட்ட மண்பாண்டங்களை சமீபத்தில் சி14 காலக்கணிப்புகள் மற்றும் வடிவு ஒப்பீடுகளுக்கு உட்படுத்திய போது, முதல் இரண்டு காலகட்டங்களை ஹரப்பாவுக்கு முந்தைய தோலாவிரப் பண்பாடு எனப் பெயரிட்டு பின்வருமாறு கால வரையறை செய்ய வேண்டும் என்று அது காட்டியது: காலகட்டம் 1 (சு","அம் ரி   I I - பி   காலகட்ட   மண் பா ண்ட ங்களை   சமீப த்தில்   சி 14   கால க்க ணி ப்புகள்   மற்றும்   வடி வு   ஒ ப்பீ டு களுக்கு   உட் படு த்திய   போது,   முதல்   இரண்டு   காலகட்ட ங்களை   ஹ ர ப்பா வுக்கு   முந்தைய   தோ லா விர ப்   பண் பாடு   என ப்   பெய ரி ட்டு   பின் வரு மாறு   கால   வரைய றை   செய்ய   வேண்டும்   என்று   அது   கா ட்டிய து :   காலகட்ட ம்   1   ( சு",69
581,கிமு 3500 - 3200) மற்றும் காலகட்டம் 2 (சு,கி மு   3 500   -   3 200 )   மற்றும்   காலகட்ட ம்   2   ( சு,14
582,கிமு 3200 - 2600),கி மு   3 200   -   26 00 ),8
583,"வடக்கே சீனப் படையெடுப்புகளைத் தடுப்பதில் சியோங்னு மங்கோலியர்களும் (மங்கோலிய சாம்ராஜ்யம், ஜுங்கார் கானத்) துருக்கிய மக்களும் (முதல் துருக்கிய ககானத், யுய்கூர் ககானத்) பங்கு வகித்தனர் என்று ரஷிய வரலாற்றாசிரியர் லெவ் குமிலெவ் எழுதினார்","வடக்கே   சீன ப்   படையெடு ப்புகளை த்   தடு ப்பதில்   சி யோ ங் னு   ம ங்கோ லி யர் களும்   ( ம ங்கோ லிய   சாம் ராஜ்ய ம்,   ஜு ங்கா ர்   கான த் )   துரு க்கிய   மக்க ளும்   ( முதல்   துரு க்கிய   க கான த் ,   யு ய் கூர்   க கான த் )   பங்கு   வகி த்த னர்   என்று   ர ஷி ய   வரலா ற்றா சிரிய ர்   லெ வ்   கு மி லெ வ்   எழுதி னார்",69
584,சந்தன்சா/சந்தம்சா (கொட்டும் தேள் உள்ள நரகம்): அத்தியாவசியத் தேவையின் நிர்ப்பந்தம் இன்றி பிராமணரிடம் களவாடுபவர் அல்லது வேறொருவரிடம் நகைகளையோ தங்கத்தையோ திருடுபவர் இந்த நரகத்திற்குச் செல்வார் என்று பாகவத புராணமும் தேவி பாகவதமும் குறிப்பிடுகின்றன,ச ந்த ன் சா / ச ந்த ம் சா   ( கொ ட்டு ம்   தே ள்   உள்ள   ந ர கம் ) :   அ த்தியா வ சிய த்   தேவை யின்   நிர் ப்பந்த ம்   இன் றி   பிராமண ரிடம்   கள வா டு பவர்   அல்லது   வே றொ ரு வரி டம்   நகை களை யோ   தங்க த்தை யோ   திரு டு பவர்   இந்த   ந ர க த்திற்கு ச்   செல் வார்   என்று   பா கவ த   புராண மும்   தேவி   பா கவ த மும்   குறிப்பிடு கின்றன,75
585,சர்வ தர்சன சித்தாந்த சங்ரஹாவின் சில பகுதிகளிடையே பாணியில் வித்தியாசங்களும் மையக்கருத்தில் சீரற்ற தன்மையும் உள்ளதால் அந்தத் தொகுப்பை முழுமையாகச் சங்கரரே இயற்றினார் என்பதில் சில சந்தேகங்கள் இருப்பதாகவும் பால் ஹேக்கர் கூறியுள்ளார்,ச ர்வ   தர் சன   சி த்தா ந்த   ச ங் ர ஹா வின்   சில   பகுதி களி டையே   பாணி யில்   வி த்தியா ச ங்களும்   மைய க்கரு த்தில்   சீ ர ற்ற   தன் மை யும்   உள்ள தால்   அந்த த்   தொகு ப்பை   முழுமையாக ச்   சங்க ர ரே   இய ற்றி னார்   என்ப தில்   சில   சந்தே க ங்கள்   இருப்ப தாகவும்   பால்   ஹே க்கர்   கூறி யு ள்ளா ர்,60
586,வங்காள தேசத்தவர் 1950களிலும் 1960களிலும் பாகிஸ்தானின் ஆட்சியை எதிர்த்தபோது அவர்களிடையே இந்தப் பண்டிகை கலாச்சாரப் பெருமையையும் பாரம்பரியத்தையும் வெளிப்படுத்தும் ஒரு வெகுஜன ஊடகமாக உருவெடுத்தது என்று வில்லம் வான் ஷென்டெல் மற்றும் ஹென்க் ஷல்த் நார்தால்த் கூறுகின்றனர்,வங்காள   தேச த்த வர்   19 50 களிலும்   196 0 களிலும்   பாகிஸ்தா னின்   ஆட்சி யை   எதிர் த்த போது   அவர் களி டையே   இந்த ப்   பண்டி கை   கலாச்சார ப்   பெரு மை யையும்   பாரம்பரிய த்தையும்   வெளி ப்படுத்தும்   ஒரு   வெகு ஜன   ஊடக மாக   உரு வெ டுத்த து   என்று   வில் லம்   வான்   ஷெ ன் டெ ல்   மற்றும்   ஹெ ன் க்   ஷ ல் த்   நா ர் தால் த்   கூறு கின்ற னர்,64
587,"அலாவுத்தீன் ஹுஸைன் கஜ்னவி ராஜ்யத்தின் பகுதிகளில் படையெடுப்புகளை மேற்கொண்டு சூறையாடி அழிவுநாசம் ஏற்படுத்தினார், மேலும் அவர்களுடைய தலைநகரை முற்றுகையிட்டார், எனினும் அவர் செல்ஜூக்கியரிடம் தோல்வியைச் சந்தித்தார், இது கோரி சாம்ராஜ்யத்தின் அதிவேக விரிவாக்கத்தை தற்காலிகமாகத் தடுத்து நிறுத்தியது","அலாவு த்தீ ன்   ஹு ஸை ன்   க ஜ் ன வி   ராஜ்ய த்தின்   பகுதிகளில்   படையெடு ப்புகளை   மேற் கொண்டு   சூ றை யா டி   அழி வு நா சம்   ஏற்படு த்தி னார்,   மேலும்   அவர் களு டைய   தலைநக ரை   மு ற்று கை யி ட்டா ர்,   எனினும்   அவர்   செல் ஜூ க்கிய ரிடம்   தோல்வி யை ச்   சந்தி த்தார்,   இது   கோரி   சாம் ராஜ்ய த்தின்   அதி வேக   விரி வா க்கத்தை   தற்கா லி கமாக த்   த டுத்து   நிறு த்திய து",70
588,"பல்லவர் கட்டுமானங்களின் மிகப் பழமையான எடுத்துக்காட்டுகளாக விளங்குபவை, கிபி 610 முதல் கிபி 690 வரையிலான காலகட்டத்தின் குடைவரைக் கோயில்களும் கிபி 690 முதல் கிபி 900 வரையிலான கட்டமைப்புக் கோயில்களும் ஆகும்","ப ல்ல வர்   கட்டுமான ங்களின்   மிக ப்   பழ மையான   எடுத்து க்காட்டு களாக   விளங்கு ப வை ,   கிபி   6 10   முதல்   கிபி   6 90   வரையிலான   காலகட்ட த்தின்   கு டை வரை க்   கோயில் களும்   கிபி   6 90   முதல்   கிபி   9 00   வரையிலான   கட்ட மைப்பு க்   கோயில் களும்   ஆ கும்",47
589,சாலங்காயனர் என்போர் கோதாவரி மற்றும் கிருஷ்ணாவுக்கு இடைப்பட்ட ஆந்திரப் பிராந்தியத்தை வெங்கியில் (நவீன பெதவேகி) தலைநகரம் அமைத்து பொஆ 300 முதல் 440 வரை ஆட்சிசெய்த ஒரு பண்டைய வம்சம்,சா ல ங்கா ய னர்   என் போர்   கோ தா வரி   மற்றும்   கிருஷ் ணா வுக்கு   இடை ப்பட்ட   ஆந்திர ப்   பிராந்திய த்தை   வெ ங்கி யில்   ( நவீன   பெ த வே கி )   தலை நகரம்   அமை த்து   பொஆ   3 00   முதல்   4 40   வரை   ஆட்சி செய்த   ஒரு   பண்டைய   வம்ச ம்,47
590,"ஆண்கள் மணவாழ்வுக்கு வெளியே உடலுறவு கொள்ளும் போக்கை 6 கலாச்சாரங்கள் ""பொதுவானவை"" என்றும், 29 கலாச்சாரங்கள் ""சற்று பொதுவானவை"" என்றும், 6 கலாச்சாரங்கள் ""அவ்வப்போது நடப்பவை"" என்றும், 10 கலாச்சாரங்கள் ""அரிதானவை"" என்றும் சித்தரிக்கின்றன","ஆண் கள்   மண வாழ் வுக்கு   வெளியே   உட லு ற வு   கொ ள்ளும்   போ க்கை   6   கலாச்சார ங்கள்   "" பொதுவான வை ""   என்று ம்,   2 9   கலாச்சார ங்கள்   "" ச ற்று   பொதுவான வை ""   என்று ம்,   6   கலாச்சார ங்கள்   "" அவ் வ ப்போது   நட ப்ப வை ""   என்று ம்,   10   கலாச்சார ங்கள்   "" அரி தான வை ""   என்றும்   சி த்தரி க்கின்ற ன",61
591,"கப்பலின் வழிகாட்டிக்கும் (மாலுமிகள் கையேடு) இதற்குச் சமமான மதிப்பு இருந்தது, அதில் சீனா, இந்தியா மற்றும் ஜப்பான் சார்ந்த வாணிப மார்க்கங்கள் பற்றி அத்தியாவசியத் தகவல்கள் அடங்கியிருந்தன","க ப்ப லின்   வழி காட்டி க்கும்   ( மா லு மி கள்   கை யே டு )   இதற்கு ச்   சம மான   மதிப்பு   இருந்த து,   அதில்   சீ னா,   இந்தியா   மற்றும்   ஜ ப்பா ன்   சார்ந்த   வா ணி ப   மார் க்க ங்கள்   பற்றி   அ த்தியா வ சிய த்   தகவல் கள்   அட ங்கி யி ருந்த ன",50
592,டாக்கா ஆர்ட் இன்ஸ்டிடியூட் இந்தப் பிராந்தியத்தில் காட்சிக் கலைக்கு ஒரு முக்கிய மையமாகத் திகழ்கிறது,டா க்கா   ஆர் ட்   இன் ஸ்டி டி யூ ட்   இந்த ப்   பிராந்திய த்தில்   காட்சி க்   கலை க்கு   ஒரு   முக்கிய   மையமாக த்   தி கழ் கிறது,24
593,பிரம்மசூத்திரம் (கிமு முதலாம் ஆயிரமாண்டில் தொகுக்கப்பட்டது மற்றும் வேதாந்த சூத்திரம் என்றும் அழைக்கப்படுகிறது) இதை 1,பிரம்ம சூ த்தி ரம்   ( கி மு   முதலாம்   ஆயி ர மா ண்டி ல்   தொகு க்கப்பட்ட து   மற்றும்   வே தா ந்த   சூ த்தி ரம்   என்றும்   அழைக்கப்படு கிறது )   இதை   1,29
594,1,1,1
595,"4ஆவது வசனத்தில் அங்கீகரிக்கிறது; மேலும், உபநிஷதப் போதனைகளை துண்டுதுண்டாக, சுயவிருப்புக்கேற்ப தேர்வு செய்து புரிந்துகொள்வதைத் தவிர்த்து ஓர் ஒருங்கிணைந்த முறையில் புரிந்துகொள்ள வேண்டும், அதில் வேத வசனங்களை ஆழ்நோக்கு, உய்த்துணர்தல் மற்றும் இதர பிரமானங்கள் போன்ற மற்ற அறிதல் வழிகளோடு ஒத்திசைவாக்கிப் பயன்படுத்த வேண்டும் என்கிறது","4 ஆவது   வச ன த்தில்   அங்கீ கரி க்கிற து ;   மேலும்,   உ ப நி ஷ த ப்   போ தனை களை   து ண்டு து ண்டா க ,   சுய விரு ப்பு க்கே ற்ப   தேர்வு   செய்து   புரி ந்துகொள் வதை த்   தவி ர் த்து   ஓர்   ஒருங்கிணை ந்த   முறையில்   புரி ந்துகொள்ள   வேண்டும்,   அதில்   வேத   வச ன ங்களை   ஆ ழ் நோ க்கு ,   உ ய் த்து ண ர் தல்   மற்றும்   இ தர   பிர மான ங்கள்   போன்ற   மற்ற   அறி தல்   வழி க ளோ டு   ஒ த்தி சை வா க்கி ப்   பயன்படுத்த   வேண்டும்   என் கிறது",87
596,இந்தத் தொழில்கள் செய்வோரை உளவுத் துறையில் பணியமர்த்த முயற்சிக்க வேண்டும் என்று அது சூசகமாகச் சுட்டுகிறது,இந்த த்   தொழில் கள்   செய் வோ ரை   உ ளவு த்   துறை யில்   பணி ய மர் த்த   முயற்சி க்க   வேண்டும்   என்று   அது   சூ ச கமாக ச்   சு ட்டு கிறது,28
597,"இறுதிப் பகுதியில் உள்ள ஒரு சிறிய பத்தி, இதைவிட முக்கியமான போர் விவகாரங்கள் குறித்தும் போர் யானைகள் மற்றும் வீரர்கள் பல்வேறு விதமாகப் பயன்படுத்தப்படும் முறைகள் குறித்தும் விளக்குகிறது","இறுதி ப்   பகுதியில்   உள்ள   ஒரு   சிறிய   ப த்தி ,   இதை விட   முக்கியமான   போர்   விவ கார ங்கள்   குறித்து ம்   போர்   யானை கள்   மற்றும்   வீரர்கள்   பல்வேறு   வித மாக ப்   பயன்படுத்த ப்படும்   முறை கள்   குறித்து ம்   விள க்கு கிறது",36
598,"இந்த வேதத்தின் மொத்தத் தொகுதியும் 31 முக்கிய ராகங்களாகப் பிரிக்கப்பட்டுள்ளது, அதிலுள்ள ஒவ்வொரு கிரந்த ராகமும் மேற்கொண்டு நீளம் மற்றும் ஆசிரியர் வாரியாக வகுக்கப்பட்டுள்ளது","இந்த   வேத த்தின்   மொத்த த்   தொகுதி யும்   3 1   முக்கிய   ராக ங்களாக ப்   பிரி க்கப்பட்டுள்ள து,   அதி லுள்ள   ஒவ்வொரு   கி ர ந்த   ராக மும்   மேற் கொண்டு   நீ ளம்   மற்றும்   ஆ சிரிய ர்   வாரி யாக   வகு க்கப்பட்டுள்ள து",37
599,இந்நூல் பலதரப்பட்ட தலைப்புகளில் வெவ்வேறு அளவு பத்திகள் கொண்ட ஓர் உரைநடை வடிவ உபநிடதம்,இந் நூல்   பல தர ப்பட்ட   தலை ப்பு களில்   வெவ்வேறு   அளவு   ப த்தி கள்   கொண்ட   ஓர்   உரை நடை   வடிவ   உ ப நி ட தம்,23
600,"இந்திய நாஸ்திகச் சித்தாந்தங்களில் பௌத்தம், சமணம், சார்வகம், ஆசீவகம் உள்ளிட்ட ஏனையவை அடங்கும்","இந்திய   நா ஸ்தி க ச்   சி த்தா ந்த ங்களில்   பௌத்த ம்,   சமண ம்,   சா ர்வ க ம்,   ஆ சீ வ கம்   உள்ளிட்ட   ஏ னை ய வை   அடங்கு ம்",28
601,"எடுத்துக்காட்டாக, ""வித்தைக்காரனும் பேசும் குமிழ் விளக்கும்"" என்ற கதையில் ""ஒரு கிழவர்"" குமிழ் விளக்கின் எச்சரிக்கைகளைப் புறக்கணித்து அதன் விளைவாக தண்டிக்கப்படுகிறார்","எடுத்து க்கா ட்டாக ,   "" வி த்தை க்கார னும்   பேசு ம்   கு மி ழ்   விள க்கும் ""   என்ற   கதை யில்   "" ஒரு   கிழ வர் ""   கு மி ழ்   விள க்கின்   எ ச்சரி க்கை களை ப்   புற க்க ணி த்து   அதன்   விளைவாக   த ண்டி க்கப்படு கிறா ர்",46
602,"இந்த நாணயங்கள் பெரும்பாலும் தாமிரத்திலும் அரிதாக வெள்ளியிலும் இருந்தன, உலோக அச்சுகள் தேவையான வடிவமைப்புகளுடன் கவனமாக வார்க்கப்பட்டன","இந்த   நாணய ங்கள்   பெரும்பாலும்   தா மி ர த்திலும்   அரி தாக   வெ ள்ளி யிலும்   இருந்த ன,   உ லோ க   அ ச்சு கள்   தேவை யான   வடிவ மைப்பு களுடன்   கவன மாக   வார் க்கப்பட்ட ன",31
603,"இந்த நித்திய ஜீவனை - ஏமாற்றுப் பேர்வழியை அல்ல - சிந்தனையில் ஏற்றும் மனிதர் சுதந்திரம் அடைகிறார், அவருக்கு ஒருபோதும் கவலை ஏற்படுவதில்லை என்று உரைக்கிறது கடோபநிடதம்","இந்த   நி த்திய   ஜீ வ னை   -   ஏ மாற்று ப்   பேர் வழி யை   அல்ல   -   சி ந்த னை யில்   ஏ ற்றும்   மனி தர்   சுத ந்தி ரம்   அடை கிறார்,   அவருக்கு   ஒரு போது ம்   கவ லை   ஏற்படு வதில் லை   என்று   உரை க்கிற து   க டோ ப நி ட தம்",47
604,"இந்தப் பகுதியின் இறுதியில் பல்வேறு ஆயுதங்கள் சார்ந்த செய்கைகளின் பெயர்கள் பட்டியலிடப்பட்டுள்ளன, அவற்றில் வாள் மற்றும் கேடயம் (கடகசர்மவிதவ்) தொடர்பான 32 நிலைகளும், சண்டையிடும் போது கயிற்றைப் பிரயோகிப்பதற்கான 11 உத்திகளும், கயிற்றைக் கையாள்வதற்கான 5 செயல்களும், மேலும் சக்கரம் (போர் வளையம்), ஈட்டி, தோமாரா (இரும்புத்தடி), கடா (தண்டாயுதம்), கோடாரி, சுத்தியல், பிந்திபாலா அல்லது லகுடா, வஜ்ரா, குறுவாள், கவட்டை, குண்டாந்தடி அல்லது குறுந்தடி ஆகியவை தொடர்பான செயல்களின் பட்டியல்களும் உட்படும்","இந்த ப்   பகுதி யின்   இறுதியில்   பல்வேறு   ஆயு தங்கள்   சார்ந்த   செய் கை களின்   பெய ர்கள்   பட்டிய லிட ப்பட்டுள்ள ன,   அவற்றில்   வா ள்   மற்றும்   கே ட யம்   ( கட க சர் ம வித வ் )   தொடர்பான   3 2   நிலை களும்,   சண்டை யி டும்   போது   க யி ற்றை ப்   பிர யோ கி ப்பதற்கான   11   உ த்தி களும்,   க யி ற்றை க்   கை யா ள் வதற்கான   5   செயல் களும்,   மேலும்   ச க்க ரம்   ( போர்   வளை யம் ),   ஈ ட்டி ,   தோ மா ரா   ( இரு ம்பு த்த டி ),   க டா   ( த ண்டா யு தம் ),   கோ டா ரி,   சு த்திய ல்,   பி ந்தி பாலா   அல்லது   ல குடா ,   வ ஜ் ரா ,   குறு வா ள் ,   கவ ட்டை ,   கு ண்டா ந்த டி   அல்லது   குறு ந்த டி   ஆகியவை   தொடர்பான   செயல் களின்   பட்டி யல் களும்   உட் படும்",135
605,"யுகோஸ்லாவிய பொதுச் சந்தை மீதான மேற்குலகின் வணிகத் தடையில் தொடங்கி, மாசிடோனியக் குடியரசு என்ற அதன் முன்னாள் பெயர் தொடர்பாக வட மாசிடோனியா மீதான கிரேக்க வணிகத் தடை வரை","யு கோ ஸ் லா விய   பொது ச்   சந்தை   மீ தான   மேற்கு ல கின்   வணிக த்   தடை யில்   தொடங்கி ,   மா சி டோ னிய க்   கு டிய ரசு   என்ற   அதன்   முன்னாள்   பெயர்   தொடர் பாக   வட   மா சி டோ னியா   மீ தான   கிரேக்க   வணிக த்   தடை   வரை",45
606,"1991இல் நாணய மதிப்பு வீழ்ச்சி, 1994இல் படிப்படியாக நடப்புக் கணக்கிற்கு மாற்றுதல் ஆகியவற்றுக்குப் பிறகு ரூபாய் மதிப்பு பெருமளவில் சந்தைக் காரணிகளால் நிர்ணயிக்கப்பட்டு வருகிறது","199 1இல்   நாணய   மதிப்பு   வீழ்ச்சி ,   199 4இல்   படி ப்படி யாக   நட ப்பு க்   கணக்கி ற்கு   மாற்று தல்   ஆகியவ ற்று க்கு ப்   பிறகு   ரூ பாய்   மதிப்பு   பெரு ம ளவில்   சந்தை க்   கார ணி களால்   நிர் ண யி க்கப்பட்டு   வரு கிறது",40
607,"அவரது குடும்ப நிறுவனமாகிய சைனோ-தாய் எஞ்சினியரிங் அண்ட் கன்ஸ்ட்ரக்ஷன் பிசிஎல், பேங்காக்கின் சுவர்ணபூமி விமான நிலையம் போன்ற பல இராட்சச அரசுத் திட்டப்பணிகளின் கட்டுமானத்தில் ஈடுபட்டுள்ளது","அவரது   குடும்ப   நிறுவன மா கிய   சை னோ - தாய்   எ ஞ்சி னிய ரி ங்   அ ண்ட்   கன் ஸ்ட் ர க் ஷன்   பி சி எ ல்,   பே ங்கா க்கின்   சு வர் ண பூமி   விமான   நிலையம்   போன்ற   பல   இ ரா ட்ச ச   அரசு த்   திட்ட ப்பணி களின்   கட்டுமான த்தில்   ஈடு பட்டு ள்ள து",51
608,"ஆப்பிள் ஸ்டோர் திறப்பு விழாக்களும் புதிய தயாரிப்பு வெளியீடுகளும் நூற்றுக்கணக்கானோர் அடங்கிய கூட்டத்தை ஈர்க்கக் கூடியது, அதற்கு சிலர் திறப்பு விழாவிற்கு ஒருநாள் முன்பிருந்தே வரிசையில் காத்திருக்கின்றனர்","ஆ ப்பி ள்   ஸ் டோ ர்   திற ப்பு   விழா க்க ளும்   புதிய   தயாரி ப்பு   வெளி யீ டு களும்   நூ ற்று க்கண க்கா னோ ர்   அட ங்கிய   கூட்ட த்தை   ஈர் க்க க்   கூடிய து,   அதற்கு   சில ர்   திற ப்பு   விழா விற்கு   ஒரு நாள்   முன் பி ரு ந்தே   வரிசை யில்   கா த்திரு க்கின்ற னர்",52
609,"ஆப்பிள் பிரச்சார பீரங்கி கய் கவசாகி பிரான்ட் வெறியை ""தற்செயலாகக் கண்டறிந்த ஒன்று"" என்று அழைக்கிறார், அதேவேளை நான் இதுபற்றி 2014இல் விளக்கும்போது, ஆப்பிள் தயாரிப்புகளுடன் ""மக்களுக்கு ஒருவித அபூர்வமான மானசீக உறவு உள்ளது"" என்று கூறினேன்","ஆ ப்பி ள்   பிர ச்சார   பீ ர ங்கி   க ய்   கவ சா கி   பிரா ன் ட்   வெ றி யை   "" தற் செய லாக க்   கண்ட றி ந்த   ஒன்று ""   என்று   அழை க்கிறா ர்,   அதே வேளை   நான்   இது பற்றி   2014 இல்   விள க்கும் போது,   ஆ ப்பி ள்   தயாரி ப்பு களுடன்   "" மக்க ளுக்கு   ஒரு வித   அ பூ ர்வ மான   மான சீக   உற வு   உள்ள து ""   என்று   கூறி னே ன்",69
610,இது 1994இல் டைரக்டிவி என்ற செயற்கைக்கோள் தொலைக்காட்சி சேவை வழங்குநரால் ஒரு நாளைக்கு 13 மணிநேரம் மற்றும் வாரத்துக்கு 7 நாட்கள் ஒளிபரப்பப்படும் சந்தாச் சேவையாக அறிமுகம் செய்யப்பட்டது,இது   199 4இல்   டை ர க் டி வி   என்ற   செய ற்கை க்கோ ள்   தொலைக்காட்சி   சேவை   வழங்கு ந ரால்   ஒரு   நா ளை க்கு   13   மணி நேரம்   மற்றும்   வார த்துக்கு   7   நாட் கள்   ஒளி பரப்ப ப்படும்   ச ந்தா ச்   சேவை யாக   அறிமுக ம்   செய்யப்பட்ட து,43
611,"2019இல் ஜீ எண்டர்டெயின்மென்ட் எண்டர்பிரைஸஸ் லிமிடெட் (ஜெட்ஈஈஎல்) மட்டுமே எஸ்ஸல் குழுமத்தின் ஒரே லாபமீட்டும் நிறுவனமாக இருந்தது, அந்தக் குழுமம் ஒட்டுமொத்தமாக சுமார் 20,000 கோடி (210 பில்லியன் அல்லது அமெரிக்க $2","2019 இல்   ஜீ   எ ண்டர் டெ யின் மென் ட்   எ ண்டர் பி ரை ஸ ஸ்   லி மி டெ ட்   ( ஜெ ட் ஈ ஈ எல் )   மட்டுமே   எஸ் ஸ ல்   குழு ம த்தின்   ஒரே   லா ப மீ ட்டு ம்   நிறுவன மாக   இருந்த து,   அந்த க்   குழு ம ம்   ஒட்டு மொத்த மாக   சுமார்   20 ,000   கோ டி   ( 2 10   பி ல்லி யன்   அல்லது   அமெரிக்க   $ 2",66
612,6 பில்லியனுக்கு நிகாரானது) கடன்பட்டிருந்தது,6   பி ல்லி ய னுக்கு   நி கா ரான து )   கடன் பட்டி ருந்த து,14
613,ஈடிஎஸ் இறுதியாக ஏ,ஈ டி எஸ்   இறுதி யாக   ஏ,6
614,டி,டி,1
615,"கியர்னீயில் நூற்றுக்கணக்கான ஊழியர்களை பணிநீக்கம் செய்தது, சம்பளத்தைக் குறைத்தது, பின்புல அலுவலகச் செயல்பாடுகளை வலுப்படுத்தியது, பிறகு ஏ","கி யர் னீ யில்   நூ ற்று க்கணக்கான   ஊழி யர் களை   பணி நீ க்கம்   செய்த து,   சம்ப ள த்தை க்   குறை த்த து,   பின் பு ல   அலு வல க ச்   செயல் பாடு களை   வலு ப்படு த்திய து,   பிறகு   ஏ",38
616,டி,டி,1
617,கியர்னீயின் தலைமை அலுவலகத்தை சிகாகோவிலிருந்து டெக்சஸின் பிளானோவிற்கு மாற்றியது,கி யர் னீ யின்   தலைமை   அலு வல கத்தை   சி கா கோ விலிருந்து   டெ க் ச ஸின்   பி ளா னோ விற்கு   மாற்றிய து,22
618,"1980க்குப் பிந்தைய ரத்சிராகா மற்றும் ஜாஃபி ஆட்சிகளின் போது அரசு தொடர்பான நிறுவனங்களைத் தனியார்மயமாக்குதல், வேளாண் சந்தைப்படுத்தல் வாரியங்களைக் கலைத்தல், அந்நிய முதலீட்டுக்குச் சாதகமான கூடுதல் தாராளமய முதலீட்டுச் சட்டவிதிகளை ஊர்ஜிதப்படுத்தல், வங்கித் துறையை தனியார்மயமாக்குதல், பாரம்பரிய முதன்மைத் தயாரிப்புகளின் ஏற்றுமதியில் பல பிரிவுகளைச் சேர்த்தல், உணவுத் தயாரிப்பில் முதலீட்டை அதிகரித்தல் ஆகியவை அரசு ஆதரவுடன் நடந்தேறின","198 0 க்கு ப்   பி ந்தைய   ர த் சி ரா கா   மற்றும்   ஜாஃ பி   ஆட்சி களின்   போது   அரசு   தொடர்பான   நிறுவன ங்களை த்   தனியார் மய மா க்கு தல்,   வே ளா ண்   சந்தை ப்படுத்த ல்   வா ரிய ங்களை க்   கலை த்த ல்,   அ ந் நிய   முதலீ ட்டு க்கு ச்   சாத கமான   கூடுதல்   தாரா ள மய   முதலீ ட்டு ச்   சட்ட விதி களை   ஊ ர் ஜி த ப்படுத்த ல்,   வங்கி த்   துறை யை   தனியார் மய மா க்கு தல்,   பாரம்பரிய   முதன்மை த்   தயாரி ப்பு களின்   ஏற்று மதி யில்   பல   பிரி வுகளை ச்   சேர் த்த ல்,   உணவு த்   தயாரி ப்பில்   முதலீ ட்டை   அதிகரி த்தல்   ஆகியவை   அரசு   ஆதர வுடன்   நட ந்தே றி ன",106
619,"ஈசிபி-களில் உட்படுபவை: வர்த்தக வங்கிக் கடன்கள், வாங்குநர் கடன், வழங்குநர் கடன், காப்பு முறையாவணங்களான மிதவை விலை சீட்டுகள், ஒரே விலை பத்திரங்கள் போன்றவை, அதிகாரப்பூர்வ ஏற்றுமதி கடன் முகவாண்மைகள் வழங்கும் கடன், மற்றும் சர்வதேச நிதிக் கழகம் (வாஷிங்டன்), ஏடிபி, ஏஎஃப்ஐசி, சிடிசி போன்ற பலதரப்பு நிதி நிறுவனங்களின் தனியார் துறை பிரிவு வழங்கும் வர்த்தகக் கடன்கள்","ஈ சி பி - களில்   உட் படு ப வை :   வர்த்தக   வங்கி க்   கடன் கள்,   வாங்கு நர்   கடன் ,   வழங்கு நர்   கடன் ,   கா ப்பு   முறை யா வண ங்களா ன   மித வை   விலை   சீ ட்டு கள்,   ஒரே   விலை   ப த்திர ங்கள்   போன்ற வை ,   அதிகாரப்பூர்வ   ஏற்று மதி   கடன்   முக வா ண் மை கள்   வழங்கு ம்   கடன் ,   மற்றும்   சர்வதேச   நிதி க்   க ழ கம்   ( வா ஷி ங் டன் ),   ஏ டி பி ,   ஏ எஃப் ஐ சி ,   சி டி சி   போன்ற   பல தர ப்பு   நிதி   நிறுவன ங்களின்   தனியார்   துறை   பிரிவு   வழங்கு ம்   வர்த்தக க்   கடன் கள்",98
620,17 மே 2016 அன்று எஸ்பிஐ மேற்குழு தமது ஐந்து சார்பு வங்கிகளையும் பாரதிய மகிளா வங்கியையும் தம்முடன் இணைத்துக் கொள்வதற்கான முன்மொழிவிற்கு அங்கீகாரம் வழங்கிய ஒரு மாதத்திற்குப் பின் இது வந்தது,17   மே   2016   அன்று   எஸ் பி ஐ   மேற்கு ழு   த மது   ஐந்து   சார் பு   வங்கி களையும்   பார திய   மகி ளா   வங்கி யையும்   தம் மு டன்   இணை த்து க்   கொள் வதற்கான   முன் மொழி விற்கு   அங்கீ கா ரம்   வழ ங்கிய   ஒரு   மாத த்திற்கு ப்   பின்   இது   வந்த து,46
621,மொத்த வருவாயின் படி அமெரிக்காவிலுள்ள மிகப்பெரிய பெருநிறுவனங்களின் 2018 ஃபார்ச்சூன் 500 பட்டியலில் அமெரிக்கன் எக்ஸ்பிரஸ் 86ஆவது இடம் வகித்தது,மொத்த   வரு வா யின்   படி   அமெரிக்கா வி லுள்ள   மிகப்பெரிய   பெரு நிறுவன ங்களின்   201 8   ஃ பார் ச் சூ ன்   500   பட்டிய லில்   அமெரிக்க ன்   எ க்ஸ் பிர ஸ்   8 6 ஆவது   இடம்   வகி த்த து,35
622,"சுரங்கத்தொழில் மற்றும் இயற்கை வாயு பிரித்தெடுத்தலில் முதலீடுகள் அதிகரித்தன, வங்கித் துறையிலும் முதலீடுகள் அதிகரித்தன","சு ரங்க த் தொழில்   மற்றும்   இயற்கை   வா யு   பிரி த் தெ டுத்த லில்   முதலீடு கள்   அதிகரி த்த ன,   வங்கி த்   துறை யிலும்   முதலீடு கள்   அதிகரி த்தன",26
623,1913 மற்றும் 1923 இடையே அதன் வேளாண் ஏற்றுமதிகள் $3 மில்லியனிலிருந்து (வாழைப்பழ ஏற்றுமதி மதிப்பு $2 மில்லியன்) $25 மில்லியனாக (வாழைப்பழ ஏற்றுமதி மதிப்பு $21 மில்லியன்) உயர்ந்தது,19 13   மற்றும்   19 23   இடையே   அதன்   வே ளா ண்   ஏற்று மதி கள்   $ 3   மில்லி ய னி லிருந்து   ( வா ழை ப்பழ   ஏற்று மதி   மதிப்பு   $ 2   மில்லியன் )   $ 25   மில்லி ய னாக   ( வா ழை ப்பழ   ஏற்று மதி   மதிப்பு   $ 21   மில்லியன் )   உயர்ந்த து,48
624,"எனினும், வணிகச் சுழற்சியின் பொருளாதார ஏற்றயிறக்கங்கள் போலந்தின் வேலையின்மை வீதத்தை நிச்சயமாகப் பாதித்தது, அது 2013இன் ஆரம்பத்தில் ஏறத்தாழ 11% எட்டியிருந்தது","எனினும்,   வணிக ச்   சு ழ ற்சி யின்   பொருளாதார   ஏற்ற யி ற க்க ங்கள்   போல ந்தி ன்   வேலை யின் மை   வீ தத்தை   நி ச்ச யமாக ப்   பாதி த்த து,   அது   2013 இன்   ஆரம்ப த்தில்   ஏ ற த்தா ழ   11 %   எ ட்டி யி ருந்த து",44
625,"2000இல், பிஎஸ்ஈ இந்தக் குறியீட்டைப் பயன்படுத்தி தனது தருவிப்புகள் சந்தையைத் திறந்து, எஸ்&பி பிஎஸ்ஈ சென்செக்ஸ் எதிர்நோக்கு ஒப்பந்தங்களில் வணிகம் செய்தது","20 00 இல்,   பி எஸ் ஈ   இந்த க்   குறி யீ ட்டை ப்   ப யன்படுத்தி   தனது   த ரு வி ப்புகள்   சந்தை யை த்   திற ந்து,   எஸ் & பி   பி எஸ் ஈ   சென் செ க்ஸ்   எதிர் நோ க்கு   ஒப்பந்த ங்களில்   வணி கம்   செய்த து",42
626,இதைத் தொடர்ந்து 2001 மற்றும் 2002இல் சமபங்கு தருவிப்புகளுடன் சேர்த்து எஸ்&பி பிஎஸ்ஈ சென்செக்ஸ் வசதிகள் உருவாகி பிஎஸ்ஈ-யின் வணிகத் தளம் விரிவடைந்தது,இதை த்   தொடர்ந்து   200 1   மற்றும்   200 2இல்   சம பங்கு   த ரு வி ப்பு களுடன்   சேர்த்து   எஸ் & பி   பி எஸ் ஈ   சென் செ க்ஸ்   வசதி கள்   உருவா கி   பி எஸ் ஈ - யின்   வணிக த்   தள ம்   விரி வ டைந்த து,42
627,"எஃப்ஏஓ 1997இல், பட்டினிக்கு எதிரான போராட்டத்தில் உதவ ஊடகங்கள், பிரபலங்கள் மற்றும் அக்கறையுள்ள குடிமக்களின் சக்தியை ஒன்றுதிரட்டும் நோக்கில் கச்சேரிகள், விளையாட்டு நிகழ்ச்சிகள், இன்னபிற நடவடிக்கைகள் அடங்கிய டெலிஃபுட் என்ற பிரச்சாரத்தைத் துவக்கியது","எஃப் ஏ ஓ   199 7 இல்,   பட்டி னி க்கு   எதிரான   போராட்ட த்தில்   உத வ   ஊடக ங்கள்,   பிரபல ங்கள்   மற்றும்   அ க்க றை யுள்ள   குடி மக்களின்   சக்தி யை   ஒன்று தி ர ட்டு ம்   நோ க்கில்   க ச்சே ரி கள்,   விளையாட்டு   நிகழ்ச்சி கள்,   இ ன்ன பிற   நடவடிக்கை கள்   அட ங்கிய   டெ லிஃ பு ட்   என்ற   பிர ச்சார த்தை த்   து வ க்கிய து",61
628,"வணிகச் சேவைகள்: 2,800,000க்கும் அதிகமான பணிப் பகுதிகள் கொண்ட 630,000 பதிவு செய்யப்பட்ட நிறுவனங்கள், இது தொழிற் பரப்பில் 10","வணிக ச்   சேவை கள் :   2, 8 00 ,000 க்கும்   அதிகமான   பணி ப்   பகுதிகள்   கொண்ட   6 30 ,000   பதிவு   செய்யப்பட்ட   நிறுவன ங்கள்,   இது   தொழிற்   பர ப்பில்   10",27
629,3% வகிக்கிறது,3 %   வகி க்கிற து,5
630,"2017இல், ஏஎன்ஸீ சொத்து மதிப்பைக் கணிப்பதற்கான தொடக்க நிலையாக ரியல் நிறுவனத்தை வாங்கியது","201 7 இல்,   ஏ என் ஸீ   சொத்து   மதி ப்பை க்   கணி ப்பதற்கான   தொடக்க   நிலை யாக   ரிய ல்   நிறுவன த்தை   வாங்கிய து",21
631,"இது 1,482 நகர்ப்புற மற்றும் 58 பல்-மாநில கூட்டுறவு வங்கிகளை ஆர்பிஐ மேற்பார்வையின் கீழ் கொண்டுவந்தது","இது   1, 4 8 2   நகர்ப்புற   மற்றும்   5 8   பல் - மாநில   கூட்டு ற வு   வங்கி களை   ஆர் பி ஐ   மேற் பார்வை யின்   கீழ்   கொண்டு வந்த து",27
632,"இப்படியாக உல்விச் நிறுவனம் பார்க்லேஸ் குழுமத்தில் இணைந்தது, கையகப்படுத்தலுக்குப் பிறகு உல்விச் என்ற பெயர் தொடர்ந்து நீடித்தது","இ ப்படி யாக   உ ல் வி ச்   நிறுவனம்   பார் க் லே ஸ்   குழு ம த்தில்   இணை ந்த து,   கைய க ப்படுத்த லுக்கு ப்   பிறகு   உ ல் வி ச்   என்ற   பெயர்   தொடர்ந்து   நீடி த்த து",34
633,"அது 2012 அக்டோபரில், சரியும் விற்பனை வருவாய் நிலைமையில் செலவுகளைக் குறைக்கும் நடவடிக்கையாக மேலும் 15% பணியாளர்களை வேலைநீக்கம் செய்யப் போவதாக அறிவித்தது","அது   2012   அக்டோ பரி ல்,   சரி யும்   விற்பனை   வருவாய்   நிலை மை யில்   செலவுகளை க்   குறை க்கும்   நடவடிக்கை யாக   மேலும்   15 %   பணி யாளர் களை   வேலை நீ க்கம்   செய்ய ப்   போ வதாக   அறிவி த்த து",34
634,"சீமென்ஸின் வரையறை ""சர்வதேச"" வாட் அலகாக ஏற்றுப் பயன்படுத்தப்பட்டது","சீ மென் ஸின்   வரைய றை   "" சர்வதேச ""   வா ட்   அல கா க   ஏற்று ப்   பயன்படுத்த ப்பட்ட து",18
635,"மேலும், பஜாஜ் குழுமம் பல கல்வி சார்ந்த பணிகளையும் செய்துவருகிறது","மேலும்,   ப ஜா ஜ்   குழு ம ம்   பல   கல்வி   சார்ந்த   பணி களையும்   செய்து வரு கிறது",15
636,"2015 ஜனவரி-மார்ச் காலகட்டத்தில், சீனாவின் 7% உடன் ஒப்பிடும்போது இந்தியாவின் ஜிடிபி வளர்ச்சி 7","201 5   ஜனவரி - மார்ச்   காலகட்ட த்தில்,   சீ னாவின்   7 %   உடன்   ஒ ப்பி டும் போது   இந்தியாவின்   ஜி டி பி   வளர்ச்சி   7",22
637,"5% ஆக இருந்தது, எனவே இந்தியா பெரிய பொருளாதார நாடுகளுள் மிக வேகமாக வளரும் நாடாகத் திகழ்ந்தது","5 %   ஆக   இருந்த து,   எனவே   இந்தியா   பெரிய   பொருளாதார   நாடு களு ள்   மிக   வே கமாக   வள ரும்   நாடா க த்   தி கழ் ந்த து",24
638,"நீண்டகால முதலீடுகள் பல்லாண்டுகள் நிலைக்கக் கூடியவை, அவை விரைவில் முடித்து வைக்கப்படுவதற்குரியவை அல்ல","நீண்டகால   முதலீடு கள்   பல் லா ண்டு கள்   நிலை க்க க்   கூடிய வை ,   அவை   விரை வில்   முடி த்து   வை க்கப்படு வதற்கு ரிய வை   அல்ல",24
639,"28 டிசம்பர் 2010 அன்று, 'கல்விப் புலத்தில் ராகிங்கை வேரறுப்பதற்கான கூட்டணி' (கியூர்) என்ற அரசு சாரா அமைப்பின் துணை நிறுவனர் ஹர்ஷ் அகர்வால் முன்னாள் மனிதவள அமைச்சர் ஆர்","28   டிசம்பர்   2010   அன்று,   ' கல்வி ப்   பு ல த்தில்   ரா கி ங்கை   வே ர று ப்பதற்கான   கூட்ட ணி '   ( கி யூ ர் )   என்ற   அரசு   சா ரா   அமை ப்பின்   துணை   நிறுவன ர்   ஹர் ஷ்   அ கர் வால்   முன்னாள்   மனித வள   அமைச்ச ர்   ஆர்",45
640,கே,கே,1
641,"ராகவன் தலைமையிலான ராகவன் கமிட்டி என்ற சிறப்புக் குழுவுக்கு ஒரு கடிதம் எழுதி அதில், முன்னணி நடிகர்கள் தங்களுக்கு மூத்தவர்களால் ராகிங் செய்யப்படும் ஒரு குறிப்பிட்ட காட்சி மனவேதனை அளிக்கக்கூடியதாக இருக்கிறது என்று விளக்கியிருந்தார்","ராக வன்   தலைமை யிலான   ராக வன்   க மி ட்டி   என்ற   சிறப்பு க்   குழு வுக்கு   ஒரு   கடி தம்   எழுதி   அதி ல்,   முன்னணி   நடி க ர்கள்   த ங்களுக்கு   மூத்த வர் களால்   ரா கி ங்   செய்ய ப்படும்   ஒரு   குறிப்பிட்ட   காட்சி   மன வே தனை   அளி க்கக்கூடிய தாக   இருக்கிற து   என்று   விள க்கி யிரு ந்தா ர்",51
642,ஜீன் சார்லஸ் டி காஸ்டெல்பஹாக் கலை இயக்குநராகவும் ஒலிவியரோ டோஸ்கானி மீண்டும் புகைப்படக் கலைஞராகவும் நியமிக்கப்பட்டதும் கூட மீள் நடவடிக்கைகளில் அடங்கும்,ஜீ ன்   சார் ல ஸ்   டி   கா ஸ் டெ ல் ப ஹா க்   கலை   இயக்கு ந ராக வும்   ஒலி விய ரோ   டோ ஸ் கானி   மீண்டும்   பு கை ப்பட க்   கலை ஞ ராக வும்   நியமி க்கப்பட்ட தும்   கூட   மீ ள்   நடவடிக்கை களில்   அடங்கு ம்,43
643,"மெக்சிகோவில் கூட்டுவணிக நிறுவனங்களைத் துவக்கியுள்ள குறிப்பிடத்தக்க வெளிநாட்டு நிறுவனங்களில் உட்படுபவை: சாம்சங், இது சாமெக்ஸ் என்ற உள்நாட்டு நிறுவனத்தை உருவாக்கியுள்ளது, அது நிறைவுபெற்ற தொலைக்கட்சிகள், வெள்ளைத் தயாரிப்புகள், மேலும் பிரிண்டட் சர்கியூட் போர்டுகள், எல்சிடி பேனல்கள் மற்றும் செமிகண்டக்டர்கள் போன்ற தனி மின்னணுப் பாகங்கள் ஆகியவற்றை வடிவமைப்பதிலும் உற்பத்தி செய்வதிலும் ஈடுபட்டுள்ளது; மற்றும் தோஷிபா, இது தோஷிபா டி மெக்சிகோ எஸ்","மெ க் சி கோவில்   கூட்டு வணிக   நிறுவன ங்களை த்   து வ க்கி யுள்ள   குறிப்பிடத்தக்க   வெளி நாட்டு   நிறுவன ங்களில்   உட் படு ப வை :   சா ம்ச ங்,   இது   சா மெ க்ஸ்   என்ற   உள்நாட்டு   நிறுவன த்தை   உருவாக்கி யுள்ள து,   அது   நிறை வு பெற்ற   தொலை க்க ட்சி கள்,   வெ ள் ளை த்   தயாரி ப்பு கள்,   மேலும்   பிரி ண்ட ட்   சர் கி யூ ட்   போர் டு கள்,   எல் சி டி   பே னல் கள்   மற்றும்   செ மிக ண்ட க் ட ர்கள்   போன்ற   தனி   மி ன்ன ணு ப்   பாக ங்கள்   ஆகியவற்றை   வடிவமை ப்பதி லும்   உற்பத்தி   செய் வதி லும்   ஈடு பட்டு ள்ள து ;   மற்றும்   தோ ஷி பா ,   இது   தோ ஷி பா   டி   மெ க் சி கோ   எஸ்",112
644,ஏ டி சி,ஏ   டி   சி,3
645,"வி என்ற நிர்வாக ரீதியான தன்னாட்சித் துணை நிறுவனத்தை உருவாக்கியுள்ளது, அது மின்னணு உதிரி பாகங்கள், தொலைக்கட்சிகள், கனரகத் தொழிற்சாலை உபகரணங்கள் ஆகியவற்றைத் தயாரிக்கிறது","வி   என்ற   நிர்வாக   ரீ தியான   தன் னா ட்சி த்   துணை   நிறுவன த்தை   உருவாக்கி யுள்ள து,   அது   மி ன்ன ணு   உ திரி   பாக ங்கள்,   தொலை க்க ட்சி கள்,   கன ர க த்   தொழிற்சாலை   உ பக ரண ங்கள்   ஆகியவற்றை த்   தயாரி க்கிற து",41
646,அரசு 2014இல் காப்பீட்டுத் துறையின் அயலக முதலீட்டு உச்ச வரம்பை 26%-லிருந்து 49% ஆக உயர்த்தியுள்ளது,அரசு   2014 இல்   காப்பீ ட்டு த்   துறை யின்   அ ய ல க   முதலீ ட்டு   உச்ச   வர ம் பை   26 % - லிருந்து   4 9 %   ஆக   உயர் த்தி யுள்ள து,30
647,"பட்டியலிட்ட வங்கிகள் என்பவை, 1934ஆம் ஆண்டு இந்திய ரிசர்வ் வங்கிச் சட்டத்தின் 2ஆவது அட்டவணையில் இடம்பெற்றுள்ளவை","பட்டிய லி ட்ட   வங்கி கள்   என்ப வை ,   193 4 ஆம்   ஆண்டு   இந்திய   ரி சர் வ்   வங்கி ச்   சட்ட த்தின்   2 ஆவது   அ ட்ட வ ணை யில்   இடம் பெற்று ள்ள வை",31
648,இங்கு வரவேற்பறையில் ஒரு 60,இங்கு   வர வே ற்ப றை யில்   ஒரு   60,8
649,"6 அங்குல (154 செமீ) அகலமுள்ள இரு சாய்வு-இருக்கை சோபா மற்றும் 32 அங்குல (81 செமீ) டிவி திரையும், ஒரு விசால சொகுசறையின் பகுதியாக ஷவர் வசதியுள்ள குளியலறையும், படுக்கையறையில் 82 அங்குல (210 செமீ) நீளமும் 47","6   அங்கு ல   ( 15 4   செ மீ )   அ கல முள்ள   இரு   சா ய்வு - இரு க்கை   சோ பா   மற்றும்   3 2   அங்கு ல   ( 8 1   செ மீ )   டி வி   திரை யும்,   ஒரு   வி சா ல   சொ கு ச றை யின்   பகுதி யாக   ஷ வர்   வசதி யுள்ள   குளி ய ல றை யும்,   படு க்கை ய றை யில்   8 2   அங்கு ல   ( 2 10   செ மீ )   நீள மும்   4 7",74
650,"5 அங்குல (121 செமீ) அகலமும் கொண்ட இரட்டைப் படுக்கையும் அதனுடன் ஓர் 27 அங்குல (69 செமீ) டிவி திரையும், தனிப்பட்ட உணவுப் பரிமாற்ற ஊழியர் வசதியும் உண்டு","5   அங்கு ல   ( 12 1   செ மீ )   அ கல மும்   கொண்ட   இர ட்டை ப்   படு க்கை யும்   அத னுடன்   ஓர்   27   அங்கு ல   ( 6 9   செ மீ )   டி வி   திரை யும்,   தனிப்பட்ட   உணவு ப்   பரி மாற்ற   ஊழி யர்   வசதி யும்   உ ண்டு",46
651,"முந்தையது உற்பத்தித் திறனை அபிவிருத்தி செய்யும் நோக்கில் வடிவமைக்கப்பட்ட நுகர்வோர் பொருளாதார முறை, ஆனால் பிந்தையது சர்வாதிகார சமூகக் கட்டுப்பாட்டின் உபகரணமாக விளங்கும் நோக்கில் வடிவமைக்கப்பட்ட பற்றாக்குறைப் பொருளாதார முறை","முந்தைய து   உற்பத்தி த்   திற னை   அ பி விரு த்தி   செய்யும்   நோ க்கில்   வடிவமை க்கப்பட்ட   நு கர் வோ ர்   பொருளாதார   முறை ,   ஆனால்   பி ந்தைய து   சர் வாதி கார   சமூக க்   கட்டுப்பா ட்டின்   உ பக ரணமாக   விள ங்கும்   நோ க்கில்   வடிவமை க்கப்பட்ட   ப ற்றா க்குறை ப்   பொருளாதார   முறை",48
652,2013க்கு முன்பு இந்திய நிறுவனங்கள் முதலில் இந்தியாவில் ஓர் ஐபிஓ பூர்த்தி செய்யாமல் சர்வதேச அளவில் தங்கள் பத்திரங்களை வெளியிட அனுமதிக்கப்படவில்லை,2013 க்கு   முன்பு   இந்திய   நிறுவனங்கள்   முதலில்   இந்தியாவில்   ஓர்   ஐ பி ஓ   பூர் த்தி   செய் யா மல்   சர்வதேச   அளவில்   தங்கள்   ப த்திர ங்களை   வெளியிட   அனுமதி க்கப்பட வில்லை,26
653,"மிகுந்த பிரான்ட் விசுவாசம் குறித்து விமர்சனமும் ஏளனமும் செய்யப்பட்டது, அதற்கு ""ஆப்பிள் ஃபேன்பாய்"" என்ற அடைமொழி சூட்டி, ஒரு தயாரிப்பின் வெளியீட்டிற்கு முன் கூறப்படும் நீண்ட வாசகம் பற்றி கிண்டலடிக்கப்பட்டது","மி குந்த   பிரா ன் ட்   வி சுவா சம்   குறித்து   விமர்சன மும்   ஏ ள ன மும்   செய்யப்பட்ட து,   அதற்கு   "" ஆ ப்பி ள்   ஃ பே ன் பாய் ""   என்ற   அடை மொழி   சூ ட்டி ,   ஒரு   தயாரி ப்பின்   வெளி யீ ட்டிற்கு   முன்   கூற ப்படும்   நீண்ட   வா ச கம்   பற்றி   கி ண்ட ல டி க்கப்பட்ட து",53
654,"2006இல் நியூயார்க் நகர ஆப்பிள் ஃபிப்த் அவென்யூ ஸ்டோர் திறப்பு விழாவில் திரளாக மக்கள் கலந்துகொண்டனர், ஐரோப்பாவிலிருந்தும் பலர் வான்வழிப் பயணமாக இந்நிகழ்ச்சிக்கு வருகை தந்தனர்","200 6இல்   நியூ யார் க்   நகர   ஆ ப்பி ள்   ஃபி ப் த்   அ வெ ன் யூ   ஸ் டோ ர்   திற ப்பு   விழா வில்   தி ர ளாக   மக்கள்   கல ந்து கொண்ட னர்,   ஐரோ ப்பா விலிருந்து ம்   பல ர்   வான் வழி ப்   பய ண மாக   இந் நிகழ்ச்சி க்கு   வருகை   த ந்த னர்",50
655,"முதலீட்டுக்கான சேமிப்பு நிதி உள்நாடு, வெளிநாடு என இரு ஆதாரங்களிலிருந்தும் வரும் எனவும், அதில் உள்நாட்டுச் சேமிப்பு விகிதம் மொத்த உள்நாட்டு உற்பத்தியில் 21","முதலீ ட்டு க்கான   சேமிப்பு   நிதி   உள் நாடு ,   வெளி நாடு   என   இரு   ஆதார ங்களிலிருந்து ம்   வரும்   என வும்,   அதில்   உள்நாட்டு ச்   சேமிப்பு   விகிதம்   மொத்த   உள்நாட்டு   உற்பத்தி யில்   21",28
656,6% அளவிலும் வெளிநாட்டுச் சேமிப்பு விகிதம் மொத்த உள்நாட்டு உற்பத்தியில் 1,6 %   அள விலும்   வெளி நாட்டு ச்   சேமிப்பு   விகிதம்   மொத்த   உள்நாட்டு   உற்பத்தி யில்   1,14
657,6% அளவிலும் இருக்கும் எனவும் திட்டமிடப்பட்டது,6 %   அள விலும்   இருக்கும்   என வும்   திட்டமிட ப்பட்ட து,10
658,"கம்ப்யூட்டர் சயின்சஸ் கார்பரேஷன் மற்றும் ஆக்சென்ச்சர் நிறுவனங்களுடன் டுபான்ட் நிறுவன தலைமை தகவல் அதிகாரி சின்டா ஹால்மேனின் $4 பில்லியன் மதிப்புள்ள 10 வருடப் பணி ஒப்படைப்பு ஒப்பந்தத்தை நிர்வகிப்பதன் துணைப் பணிகள் பணி ஒப்படைப்பு செய்யப்பட்டன, எனவே ""அதை நிறுவனத்தின் உள்ளேயே நாம் செய்திருக்கும் பட்சத்தில் புதிதாக ஒரு நடவடிக்கைத் திட்டத்தை உருவாக்க வேண்டிய அவ்வேலை"" தவிர்க்கப்பட்டது","கம் ப் யூ ட்டர்   ச யின் ச ஸ்   கார் ப ரே ஷன்   மற்றும்   ஆ க் சென் ச்ச ர்   நிறுவன ங்களுடன்   டு பா ன் ட்   நிறுவன   தலைமை   தகவல்   அதிகாரி   சின் டா   ஹா ல் மே னின்   $ 4   பி ல்லி யன்   மதிப்பு ள்ள   10   வரு ட ப்   பணி   ஒ ப்படை ப்பு   ஒப்பந்த த்தை   நிர்வகி ப்ப தன்   துணை ப்   பணி கள்   பணி   ஒ ப்படை ப்பு   செய்யப்பட்ட ன,   எனவே   "" அதை   நிறுவனத்தின்   உள் ளே யே   நா ம்   செய் திரு க்கும்   பட்ச த்தில்   புதி தாக   ஒரு   நடவடிக்கை த்   திட்ட த்தை   உருவாக்க   வேண்டிய   அவ் வேலை ""   தவி ர் க்கப்பட்ட து",94
659,அலாஸ்காவின் ஆன்கரேஜில் உள்ள ராபர்ட் பி,அ லா ஸ் கா வின்   ஆன் க ரே ஜி ல்   உள்ள   ரா பர் ட்   பி,15
660,"ஆட்வுட் கட்டிடம் முன்பு பேங்க் ஆஃப் அமெரிக்கா சென்டர் என்று பெயரிடப்பட்டிருந்தது, பிறகு அக்கட்டிடத்தில் வாடகைக்கு இருந்த செக்யூரிட்டி பசிபிக் பேங்கை மேற்கண்ட வங்கி வாங்கிய போது இது தற்போதைய பெயருக்கு மாற்றப்பட்டது","ஆ ட் வு ட்   கட்டி டம்   முன்பு   பே ங்க்   ஆஃப்   அமெரிக்கா   சென் டர்   என்று   பெய ரிட ப்பட்டி ருந்த து,   பிறகு   அ க்கட்டி ட த்தில்   வா ட கை க்கு   இருந்த   செ க் யூ ரி ட்டி   ப சி பி க்   பே ங்கை   மே ற்க ண்ட   வங்கி   வாங்கிய   போது   இது   தற்போதைய   பெய ருக்கு   மாற்ற ப்பட்ட து",53
661,"பிசிஐ இருதிசையிலும் தகவல் ஓட்டத்தை அனுமதிக்கிறது, இதுதான் அதற்கும் நியூரோமாடுலேஷனுக்கும் இடையேயான வேறுபாடு","பி சி ஐ   இரு திசை யிலும்   தகவல்   ஓ ட்ட த்தை   அனுமதி க்கிற து,   இது தான்   அதற்கு ம்   நியூ ரோ மா டு லே ஷ னு க்கும்   இடையே யான   வேறு பாடு",29
662,"எனினும் இதுபோன்ற காலமுறை வரிசைகளில் ஈர்ப்பை விட விலகலே காணப்படுகிறது, அப்படியென்றால் உருவாகும் மாறி இவ்வரிசைக்கு வெளியே இருந்தால், அது எவ்வளவு நெருக்கமாக இருப்பினும் சரி, அதனால் இவ்வரிசைக்குள் நுழைய முடியாது, வரிசையிலிருந்து விலகியே செல்லும்","எனினும்   இது போன்ற   கால முறை   வரிசை களில்   ஈர் ப்பை   விட   வில க லே   காண ப்படுகிறது,   அ ப்படி யெ ன்றால்   உருவா கும்   மாறி   இவ் வரிசை க்கு   வெளியே   இருந்தால்,   அது   எவ்வளவு   நெ ருக்க மாக   இருப்பி னும்   சரி ,   அதனால்   இவ் வரிசை க்குள்   நுழை ய   முடியா து,   வரிசை யிலிருந்து   வில கி யே   செல்லும்",50
663,"நீள்நொடி என்பது குறையைச் சரிகட்டுவதற்காக ஒருங்கிணைந்த பொது நேரத்தில் (யூடிசி) எப்போதாவது சேர்க்கப்படும் ஒரு வினாடி, இது துல்லிய நேரத்துக்கும் (அணுக் கடிகாரங்கள் மூலம் அளவிடப்படும் சர்வதேச அணுவியல் நேரம் (டிஏஐ)) துல்லியமற்ற கண்காணிப்புசார் சூரிய நேரத்திற்கும் (யூடி1) இடையிலுள்ள வித்தியாசத்தைச் சரிசெய்வதற்காக மேற்கொள்ளப்படுகிறது, இங்கே சூரிய நேரம் ஆனது புவிச் சுழற்சியில் உள்ள சீரற்ற தன்மைகள், நீண்டகால வேகக் குறைவு ஆகியவற்றால் வேறுபாட்டை வெளிப்படுத்துவது குறிப்பிடத்தக்கது","நீ ள் நொ டி   என்பது   குறை யை ச்   சரி கட்டு வதற்காக   ஒருங்கிணை ந்த   பொது   நேரத்தில்   ( யூ டி சி )   எ ப்போ தாவது   சேர் க்கப்படும்   ஒரு   வி னா டி ,   இது   து ல்லி ய   நேர த்து க்கும்   ( அணு க்   கடி கார ங்கள்   மூலம்   அள விட ப்படும்   சர்வதேச   அணு வியல்   நேரம்   ( டி ஏ ஐ ) )   து ல்லி ய மற்ற   கண் காணி ப்பு சார்   சூ ரிய   நேர த்திற்கும்   ( யூ டி 1 )   இடை யி லுள்ள   வி த்தியா ச த்தை ச்   சரி செய் வதற்காக   மேற்கொள்ள ப்படுகிறது,   இ ங்கே   சூ ரிய   நேரம்   ஆன து   புவி ச்   சு ழ ற்சி யில்   உள்ள   சீ ர ற்ற   தன் மை கள்,   நீண்டகால   வேக க்   குறை வு   ஆகியவ ற்றா ல்   வேறு பா ட்டை   வெளி ப்படுத்து வது   குறிப்பிடத்தக்க து",123
664,கருத்தாய்வின்போது 25% தனியார் துறை ஆசிரியர்களும் 40% பொதுத் துறை மருத்துவப் பணியாளர்களும் வருகை தரவில்லை என ஆசிரியர்கள் பற்றி கிரெமர் மற்றும் ஏனையோர் நடத்திய ஆய்வில் கண்டறியப்பட்டது,கரு த்தா ய் வின் போது   25 %   தனியார்   துறை   ஆ சிரிய ர் களும்   40 %   பொது த்   துறை   மருத்துவ ப்   பணி யாளர் களும்   வருகை   தர வில்லை   என   ஆ சிரிய ர்கள்   பற்றி   கிரெ மர்   மற்றும்   ஏ னை யோ ர்   நட த்திய   ஆய் வில்   கண்ட றிய ப்பட்ட து,46
665,இந்தச் சந்தர்ப்பத்தில் ஒளி-மின்னணுச் சிதறல் குறித்த துகள் ரீதியான விளக்கத்துக்கு விசேஷ சார்பியல் பொருந்தும் என்பதற்கு 1923 காம்ப்டன் விளைவு மேலும் சான்றுகளை வழங்கியது,இந்த ச்   ச ந்தர் ப்ப த்தில்   ஒளி - மி ன்ன ணு ச்   சி த ற ல்   குறித்த   து கள்   ரீ தியான   விள க்க த்துக்கு   வி சே ஷ   சார் பி யல்   பொ ருந்து ம்   என்ப தற்கு   19 23   கா ம் ப் டன்   விளை வு   மேலும்   சா ன்று களை   வழ ங்கிய து,50
666,"மின்னோட்டங்கள் மற்றும் மின்னூட்டங்களிலிருந்து (மின் ஆதாரங்கள்) வெகு தூரம் உள்ள ஒரு மின்காந்தப் புலத்தை மின்காந்தக் கதிர்வீச்சு (ஈஎம்ஆர்) என்பர், ஏனென்றால் அது மின் ஆதாரத்திலுள்ள மின்னூட்டங்கள் மற்றும் மின்னோட்டங்களிலிருந்து கதிர்வீச்சை வெளிப்படுத்துகிறது, அவற்றின் மீது ""பின்னூட்ட"" விளைவைக் கொண்டிருப்பதில்லை, மற்றும் நிகழ் காலத்திலும் அவற்றின் நேரடித் தாக்கத்துக்கு ஆளாவதில்லை (மாறாக, அது கடந்த காலத்தில் அவற்றிலிருந்து கதிர்வீச்சாக வெளியேறிய புலங்களின் ஒரு வரிசையான மாற்றங்களால் மறைமுகமாக உற்பத்தியாகிறது)","மின் னோ ட்ட ங்கள்   மற்றும்   மின் னூ ட்ட ங்களிலிருந்து   ( மின்   ஆதார ங்கள் )   வெகு   தூ ரம்   உள்ள   ஒரு   மின் கா ந்த ப்   பு ல த்தை   மின் கா ந்த க்   க திர் வீ ச்சு   ( ஈ எம் ஆர் )   என்ப ர்,   ஏனெ ன்றால்   அது   மின்   ஆதார த்தி லுள்ள   மின் னூ ட்ட ங்கள்   மற்றும்   மின் னோ ட்ட ங்களிலிருந்து   க திர் வீ ச்சை   வெளி ப்படுத்து கிறது,   அவற்றின்   மீது   "" பின் னூ ட்ட ""   விளை வை க்   கொ ண்டிரு ப்பதில் லை ,   மற்றும்   நிகழ்   கால த்திலும்   அவற்றின்   நேர டி த்   தா க்க த்துக்கு   ஆ ளா வதில் லை   ( மா றாக ,   அது   கடந்த   காலத்தில்   அவ ற்றி லிருந்து   க திர் வீ ச்சா க   வெளியே றிய   பு ல ங்களின்   ஒரு   வரிசை யான   மாற்ற ங்களால்   மறை முக மாக   உற்பத்தி யா கிறது )",126
667,"மேலே குறிப்பிட்டுள்ளபடி, பெரும்பாலான டிஎன்ஏ மூலக்கூறுகள் இணையில்லா பிணைப்புகள் மூலம் சுருள்வலய வடிவில் பிணைக்கப்பட்டுள்ள இரட்டைப் பல்படிம இழைகளாகும்; இந்த இரட்டை இழைக் கட்டமைப்பு பெரும்பாலும், ஜி மற்றும் சி அடுக்குகளுக்கு மிக வலுவாக உள்ள, இழைகளுக்கு இடையேயான அடி அடுக்குமுறை இடைவினைகள் மூலமே பராமரிக்கப்படுகிறது","மே லே   குறிப்பி ட்டு ள்ள படி,   பெரும்பாலான   டி என் ஏ   மூல க்கூ று கள்   இணை யில் லா   பி ணை ப்புகள்   மூலம்   சு ரு ள் வல ய   வடி வில்   பி ணை க்கப்பட்டுள்ள   இர ட்டை ப்   பல் படி ம   இ ழை களா கும் ;   இந்த   இர ட்டை   இ ழை க்   கட்ட மைப்பு   பெரும்பா லும்,   ஜி   மற்றும்   சி   அ டுக்கு களுக்கு   மிக   வலு வாக   உள்ள ,   இ ழை களுக்கு   இடையே யான   அடி   அ டுக்கு முறை   இடை வினை கள்   மூல மே   பராமரி க்கப்படு கிறது",80
668,"அவர் முதலில் சராசரி வெப்பநிலையின் குறையும் விகிதத்தை கடல் மட்டத்துக்கு மேல் அதிகரிக்கும் உயரத்தின் அடிப்படையில் ஆராய்ந்தார்; இது, வெப்ப மண்டலப் புயல்களின் தோற்றம் குறித்த அவரது ஆய்வுகள் மூலம், உயர் மட்ட இடங்களில் வளிமண்டல மாறுதல்களைக் கட்டுப்படுத்துகிற மேலும் சிக்கலான நியதியைக் கண்டறிவதற்குரிய முதல் சுட்டுக்குறிப்பாக விளங்கியது","அவர்   முதலில்   சராசரி   வெப்பநிலை யின்   குறை யும்   விகி தத்தை   கடல்   மட்ட த்துக்கு   மேல்   அதிகரி க்கும்   உயர த்தின்   அடிப்படையில்   ஆராய் ந்தா ர் ;   இ து,   வெப்ப   மண்டல ப்   பு யல் களின்   தோ ற்றம்   குறித்த   அவரது   ஆய் வுகள்   மூல ம்,   உயர்   மட்ட   இடங்களில்   வளி மண்டல   மாறு தல் களை க்   கட்டு ப்படுத்து கிற   மேலும்   சிக்க லான   நிய தி யை க்   கண்ட றி வதற்கு ரிய   முதல்   சு ட்டு க்குறி ப்பாக   விள ங்கிய து",69
669,கார்பன் திரள்கள் முதன்முதலில் எரிக்,கார் பன்   தி ர ள் கள்   முதன் முதலில்   எரி க்,10
670,ஏ,ஏ,1
671,"ரோல்ஃபிங், டொனால்டு எம்","ரோ ல்ஃ பி ங்,   டொ னால் டு   எம்",8
672,"காக்ஸ், ஆண்ட்ரூ கால்டோர் ஆகியோரால் 1984இல் கண்டறியப்பட்டன; இது, லேசர் மூலம் கிராஃபைட் ஆவியாக்கப்பட்டு அந்த ஆவியை ஹீலியம் சூழலில் குளிர்விக்கப்பட்ட சோதனைகளில் நிகழ்ந்தது","கா க்ஸ் ,   ஆ ண்ட் ரூ   கால் டோ ர்   ஆகியோ ரால்   198 4இல்   கண்ட றிய ப்பட்ட ன ;   இ து,   லே சர்   மூலம்   கி ராஃ பை ட்   ஆ வியா க்கப்பட்டு   அந்த   ஆ வி யை   ஹீ லி யம்   சூழ லில்   குளிர் வி க்கப்பட்ட   சோதனை களில்   நிகழ் ந்த து",47
673,"ஒரு படிமுறைத் தீர்வு எவ்வளவு சிக்கலானது என்பதை நிர்ணயிப்பதற்கு, அணிகளின் பெருக்கல் போன்ற ஏதோவொரு படிமுறைத் தீர்வைச் செயல்படுத்த - திசையிலிக் கூட்டல் மற்றும் பெருக்கல் போன்ற - எத்தனை தனிநிலைச் செயல்பாடுகள் அவசியம் என்பதன் மேல் வரம்புகளை அல்லது கணிப்புகளை கண்டறிய வேண்டும்","ஒரு   படி முறை த்   தீர் வு   எவ்வளவு   சிக்க லான து   என்பதை   நிர் ண யி ப்பதற்கு ,   அணி களின்   பெரு க்கல்   போன்ற   ஏ தோ வொரு   படி முறை த்   தீர் வை ச்   செயல் படுத்த   -   திசை யி லி க்   கூட்ட ல்   மற்றும்   பெரு க்கல்   போன்ற   -   எ த்தனை   தனி நிலை ச்   செயல் பாடு கள்   அவசிய ம்   என்ப தன்   மேல்   வர ம்பு களை   அல்லது   கணி ப்புகளை   கண்ட றிய   வேண்டும்",66
674,"இந்தக் காலகட்டத்தில், பிரிட்டிஷாருக்கும் வங்காளத்தின் மொகலாய ஆளுநர்களுக்கும் இடையே மோதல் ஏற்பட்டது","இந்த க்   காலகட்ட த்தில்,   பிரிட்டி ஷா ருக்கும்   வங்காள த்தின்   மொ கலா ய   ஆளு நர் களுக்கும்   இடையே   மோ தல்   ஏற்பட்ட து",20
675,"1906இல் ரெஜினால்டு ஃபெஸன்டன் மேற்கொண்ட முதல் நெடுந்தூர ரேடியோ ஒலிபரப்பில், அலெக்சாண்டர்சன் ஆல்டர்நேட்டரிலிருந்து ஒரு தொடர் அலை நீரால்-குளிரூட்டப்பட்ட கார்பன் மைக்ரோஃபோன் மூலம் நேரடியாக ட்ரான்ஸ்மிட்டிங் ஆன்டெனாவுக்கு அனுப்பப்பட்டது","19 0 6இல்   ரெ ஜி னால் டு   ஃ பெ ஸ ன் டன்   மேற் கொண்ட   முதல்   நெடு ந் தூர   ரே டியோ   ஒலி பர ப்பி ல்,   அ லெ க் சா ண்டர் சன்   ஆல் டர் நே ட்ட ரிலிருந்து   ஒரு   தொடர்   அலை   நீ ரால் - குளி ரூ ட்ட ப்பட்ட   கார் பன்   மை க் ரோஃ போ ன்   மூலம்   நேரடியாக   ட் ரா ன்ஸ் மி ட்டி ங்   ஆன் டெ னா வுக்கு   அனுப்ப ப்பட்ட து",67
676,"புத்தகங்களைப் பயன்படுத்துவதில் பிரச்சனை உள்ள மாணவர்களுக்கு அப்பிரச்சனை எங்கே உள்ளது என்பதைப் புரிந்துகொள்ள ஏதுவாக மேலும் பொருத்தமான மதிப்பீடுகளை உருவாக்க, தொழில்நுட்பம் ஆசிரியர்களுக்கு உதவியுள்ளது","புத்தக ங்களை ப்   ப யன்படு த்துவ தில்   பிரச்சனை   உள்ள   மாண வர்களுக்கு   அ ப்பிர ச்சனை   எ ங்கே   உள்ள து   என்பதை ப்   புரி ந்துகொள்ள   ஏ து வாக   மேலும்   பொருத்த மான   மதிப்பீ டு களை   உருவாக்க ,   தொழில்நுட்ப ம்   ஆ சிரிய ர் களுக்கு   உதவி யுள்ள து",42
677,"ஆட்டோக்ரீன் என்பது, தனது மேற்பரப்பில் உள்ள ரிசப்டருடன் பிணைந்துகொள்ளும் மூலக்கூறு ஒன்றைச் சுரந்து தனக்கே சமிக்கை அனுப்பிக்கொள்கிற ஓர் உயிரணு","ஆ ட்டோ க் ரீ ன்   என்ப து,   தனது   மேற்ப ர ப்பில்   உள்ள   ரி ச ப்ட ருடன்   பி ணை ந்துகொ ள்ளும்   மூல க்கூ று   ஒன்றை ச்   சு ர ந்து   தன க்கே   ச மி க்கை   அனுப்பி க்கொள் கிற   ஓர்   உயி ர ணு",40
678,"பூன்ச் மற்றும் மீர்பூர் பகுதிகளில் நடந்த கலகங்கள், கைபர் பக்தூன்குவாவைச் சேர்ந்த பாகிஸ்தான்-ஆதரவு பக்தூன் கோத்திரங்களின் இராணுவ நடவடிக்கை ஆகியவற்றைத் தொடர்ந்து மஹாராஜா இந்தியாவிடம் ராணுவ உதவியை நாடினார்","பூ ன் ச்   மற்றும்   மீ ர் பூர்   பகுதிகளில்   நடந்த   கல க ங்கள்,   கை பர்   பக் தூ ன்கு வா வை ச்   சேர்ந்த   பாகிஸ்தான் - ஆதர வு   பக் தூ ன்   கோ த்திர ங்களின்   இராணுவ   நடவடிக்கை   ஆகியவற்றை த்   தொடர்ந்து   மஹா ராஜா   இந்தியா வி டம்   ராணுவ   உதவி யை   நா டி னார்",47
679,இந்த முன்வடிவு பொருந்தாது அல்லது இனிமேல் பொருந்தாது என்பது குறித்து நீங்கள் நன்கு பரிசீலித்து முடிவெடுத்து இருக்கிறீர்களா,இந்த   முன் வடி வு   பொரு ந்தா து   அல்லது   இ னி மேல்   பொரு ந்தா து   என்பது   குறித்து   நீங்கள்   நன்கு   பரி சீ லி த்து   முடி வெ டுத்து   இரு க்கிறீ ர்களா,28
680,"கோதுமைப் பயிர் ஒரு பூச்சியால் அழிக்கப்பட்டால், அக-இன வேறுபாடுகளைப் பயன்படுத்தி அடுத்த வருடம் அதிகத் தாங்குசக்தி உள்ள கோதுமை வகையை நாம் பயிரிடலாம்","கோ து மை ப்   பயி ர்   ஒரு   பூ ச்சி யால்   அழி க்க ப்பட்டா ல்,   அக - இன   வேறு பாடு களை ப்   ப யன்படுத்தி   அடுத்த   வரு டம்   அதிக த்   தா ங்கு சக்தி   உள்ள   கோ து மை   வகை யை   நா ம்   பயி ரிட லாம்",42
681,"என்பி-முழுமையடைந்த நடைமுறைப் பிரச்சனைகள் உள்ளன என்று ஸ்டீஃபன் குக் மற்றும் லியோனிட் லெவின் நிரூபித்தபோது, 1971இல் இந்தத் துறை தழைத்தோங்கத் தொடங்கியது","என் பி - முழு மைய டைந்த   நடைமுறை ப்   பிரச்சனை கள்   உள்ளன   என்று   ஸ் டீஃ பன்   கு க்   மற்றும்   லி யோ னி ட்   லெ வின்   நி ரூ பி த்த போது,   197 1இல்   இந்த த்   துறை   த ழை த்தோ ங்க த்   தொட ங்கிய து",42
682,"ஆரம்ப இடைக்காலத்தின் போது ஆல்பைன் மேட்டுப்பகுதியின் சில இடங்களில், ரோமன் ஹைப்போகாஸ்டுக்கு பதிலாக அதைவிட ஓர் எளிய மைய வெப்பமூட்டும் அமைப்பு பயன்படுத்தப்பட்டது, அதில் வெப்பமானது உலை அறையிலிருந்து பாதாள வழிகள் மூலமாக மற்ற இடங்களுக்குச் சென்றது","ஆரம்ப   இடை க்கால த்தின்   போது   ஆல் பை ன்   மே ட்டு ப்பகுதி யின்   சில   இட ங்களில்,   ரோ மன்   ஹை ப்போ கா ஸ் டுக்கு   பதி லாக   அதை விட   ஓர்   எளி ய   மைய   வெப்ப மூ ட்டு ம்   அமைப்பு   பயன்படுத்த ப்பட்டது,   அதில்   வெப்ப மான து   உ லை   அ றை யிலிருந்து   பா தாள   வழி கள்   மூல மாக   மற்ற   இட ங்களுக்கு ச்   செ ன்ற து",59
683,"2 ஜி, 3 ஜி, 4 ஜி போன்ற ஒயர்லெஸ் செல்லுலர் நெட்வொர்குகளில் உள்ள உயர்நிலை ஆடியோ பவர் ஆம்ப்ளிஃபயர்கள் மற்றும் ஆர்எஃப் பவர் ஆம்ப்ளிஃபயர்களில் இவை முக்கியமாகப் பயன்படுத்தப்படுகின்றன","2   ஜி ,   3   ஜி ,   4   ஜி   போன்ற   ஒ யர் லெ ஸ்   செல் லு லர்   நெ ட் வொ ர்கு களில்   உள்ள   உயர் நிலை   ஆ டியோ   பவர்   ஆம் ப் ளிஃ பய ர்கள்   மற்றும்   ஆர் எஃப்   பவர்   ஆம் ப் ளிஃ ப யர் களில்   இவை   முக்கியமாக ப்   பயன்படுத்த ப்படு கின்றன",48
684,"மெயின்ஸ் ஃபில்டர் கெபாசிட்டர்கள் குறைந்த செலவில் அதிக வோல்டேஜ் ரேட்டிங் வழங்கும் மற்றும் தானாக உருகிச் சரிசெய்துகொள்ளும் விதத்தில் தயாரிக்கப்பட முடியும் என்பதால், அவை பொதுவாக சுருள் பிளாஸ்டிக் படலத்தினுள் அமைந்துள்ள வகையைச் சார்ந்தவையாக இருக்கின்றன","மெ யின் ஸ்   ஃபி ல் டர்   கெ பா சி ட்ட ர்கள்   குறைந்த   செல வில்   அதிக   வோ ல் டே ஜ்   ரே ட்டி ங்   வழங்கு ம்   மற்றும்   தா னாக   உரு கி ச்   சரி செய்து கொ ள்ளும்   வித த்தில்   தயாரி க்கப்பட   முடியும்   என்ப தால்,   அவை   பொதுவாக   சு ரு ள்   பி ளா ஸ்டி க்   பட ல த்தி னு ள்   அமைந்துள்ள   வகை யை ச்   சார்ந்த வையாக   இரு க்கின்ற ன",64
685,பன்முக வலுவூட்டல் கற்றல் இத்தகு சூழலில் உருவாகும் பிரச்சனைகளை ஆய்வு செய்கிறது,பன் முக   வலு வூ ட்ட ல்   க ற்ற ல்   இ த்த கு   சூழ லில்   உருவா கும்   பிரச்சனை களை   ஆய்வு   செய் கிறது,21
686,"இங்கே டிஇபிஎம், பி","இ ங்கே   டி இ பி எ ம்,   பி",8
687,"டெக் (மின்னணுப் பொறியியல்), எம்","டெ க்   ( மி ன்ன ணு ப்   பொ றி யியல் ),   எம்",12
688,"டெக் (மின்னணு வடிவமைப்புத் தொழிநுட்பம்), பிஎச்டி மற்றும் இதர குறுகிய கால படிப்புகள் உள்ளன","டெ க்   ( மி ன்ன ணு   வடிவ மைப்பு த்   தொழி நுட்ப ம் ),   பி எ ச் டி   மற்றும்   இ தர   குறுகிய   கால   படி ப்புகள்   உள்ளன",25
689,"எடுத்துக்காட்டாக, 'கருத்தியல்' அல்லது 'அறிதலியல்' சுருக்கல்வாதம் என்ற சொல்லாடலில் ஜான் போல்கிங்ஹான் முன்வைப்பது, சைமன் பிளாக்பன் மற்றும் ஜேக்வான் கிம் வழங்கிய அதே வரையறையைத் தான் குறிப்பிடுகிறது, அதாவது ஒரு வகை உரையாடல் சம்பந்தப்பட்ட தகவல்கள் அல்லது பொருட்பெயர்களுக்குப் பதிலாக இன்னொரு வகை உரையாடல் சார்ந்த தகவல்கள் அல்லது பொருட்பெயர்களைப் பயன்படுத்தி அவற்றுக்கிடையே தொடர்புகாணும் ஒரு திட்டம் சார்ந்த சுருக்கல்வாத வடிவத்தை அது குறிக்கிறது","எடுத்து க்கா ட்டாக ,   ' கரு த்தி யல் '   அல்லது   ' அறி த லி யல் '   சு ரு க்கல் வா தம்   என்ற   சொ ல்லா ட லில்   ஜா ன்   போல் கி ங் ஹா ன்   முன் வை ப்ப து,   சை மன்   பி ளா க் பன்   மற்றும்   ஜே க் வான்   கி ம்   வழ ங்கிய   அதே   வரைய றை யை த்   தான்   குறிப்பிடு கிறது,   அதாவது   ஒரு   வகை   உரை யா டல்   சம்ப ந்த ப்பட்ட   தகவல் கள்   அல்லது   பொருட் பெயர் களுக்கு ப்   பதி லாக   இன் னொ ரு   வகை   உரை யா டல்   சார்ந்த   தகவல் கள்   அல்லது   பொருட் பெயர் களை ப்   ப யன்படுத்தி   அவ ற்று க்கி டையே   தொடர்பு கா ணு ம்   ஒரு   திட்ட ம்   சார்ந்த   சு ரு க்கல் வாத   வடிவ த்தை   அது   குறி க்கிற து",116
690,2019ஆம் ஆண்டின் நிலவரப்படி வங்கதேசத்தின் எழுத்தறிவு 74,2019 ஆம்   ஆண்டி ன்   நிலவர ப்படி   வங்க தேச த்தின்   எழு த்த றி வு   7 4,15
691,"7%, இது ஆண்களுக்கு 77","7 % ,   இது   ஆண் களுக்கு   7 7",8
692,4% மற்றும் பெண்களுக்கு 71,4 %   மற்றும்   பெண் களுக்கு   7 1,7
693,9%,9 %,2
694,"இந்திய எண் முறையும் மேற்கத்திய எண் முறையும் பத்தின் பூஜ்ஜிய அடுக்கு முதல் நான்காம் அடுக்கு வரை - அதாவது ஒன்று, பத்து, நூறு, ஆயிரம், பத்தாயிரம் ஆகியவற்றுக்கு - ஒரே விதமாக உள்ளன","இந்திய   எண்   முறை யும்   மேற்கத்திய   எண்   முறை யும்   ப த்தின்   பூ ஜ் ஜி ய   அ டுக்கு   முதல்   நான்கா ம்   அ டுக்கு   வரை   -   அதாவது   ஒன்று ,   ப த்து,   நூ று ,   ஆயி ர ம்,   ப த்தா யி ரம்   ஆகியவ ற்று க்கு   -   ஒரே   வித மாக   உள்ளன",46
695,"ஒரு வினையூக்கியின் வினையூக்கச் செயல்பாட்டை அளவிடுவதற்கான எஸ்ஐ-சார்ந்த அலகு கட்டால் எனப்படுகிறது, இது ஒரு வினாடி வீத மோல் என்ற கணக்கில் பயன்படுத்தப்படுகிறது","ஒரு   வினை யூ க்கி யின்   வினை யூ க்க ச்   செயல் பா ட்டை   அள விடு வதற்கான   எஸ் ஐ - சார்ந்த   அல கு   கட்டா ல்   என ப்படுகிறது,   இது   ஒரு   வி னா டி   வீ த   மோ ல்   என்ற   கணக்கில்   பயன்படுத்த ப்படு கிறது",39
696,"1077இல் ரூம் சுல்தானகத்தைத் தோற்றுவித்த அந்தப் படையெடுக்கும் செல்ஜுக் துருக்கியர்கள், இந்த வட்டாரப் பெயரை (ருமானா, ""ரோமானியர் நாடு,"" அதாவது கிழக்கு ரோமானியப் பேரரசு) இம்மாகாணத்தின் இன்னொரு பெயர் எனப் புரிந்துகொண்டனர்","10 7 7இல்   ரூ ம்   சுல்தான கத்தை த்   தோ ற்று வி த்த   அந்த ப்   படையெடு க்கும்   செல் ஜு க்   துரு க்கிய ர்கள்,   இந்த   வ ட்டா ர ப்   பெயரை   ( ரு மா னா,   "" ரோ மானி யர்   நாடு , ""   அதாவது   கிழக்கு   ரோ மா னிய ப்   பேரர சு )   இம் மாகாண த்தின்   இன் னொ ரு   பெயர்   என ப்   புரி ந்து கொண்ட னர்",61
697,"எனினும், அச்சமயம் இத்தாலியில் இருந்த விர்கோ இன்டர்ஃபெரோமீட்டர் வேலை செய்யவில்லை, மறுபுறம் ஜியோ600 பொறியியல் பயன்முறையில் இருந்ததால் போதிய உணர்திறன் கொண்டிருக்கவில்லை, எனவே அதனால் சமிக்கையை உறுதிசெய்ய முடியவில்லை","எனினும்,   அ ச்ச ம யம்   இ த்தா லி யில்   இருந்த   வி ர் கோ   இன் ட ர்ஃ பெ ரோ மீட்டர்   வேலை   செய்ய வில்லை,   மறு புற ம்   ஜி யோ 6 00   பொ றி யியல்   பயன் முறையில்   இருந்த தால்   போ திய   உணர் திறன்   கொ ண்டி ருக்க வில்லை,   எனவே   அதனால்   ச மி க்கை யை   உறுதி செய்ய   முடிய வில்லை",54
698,"அகதிகள் அலையலையாக வந்திறங்கினர், அவர்கள் தேசப் பிரிவினை சமயத்தில் மட்டும் வரவில்லை","அக தி கள்   அலை ய லை யாக   வ ந்தி ற ங்கி னர்,   அவர்கள்   தேச ப்   பிரி வினை   சமய த்தில்   மட்டும்   வர வில்லை",22
699,ரிப்போர்ட்டர் ஜீன் கட்டமைப்பின் பிரமோட்டர் பகுதியில் செலுத்தப்படும் விரும்பிய இலக்கு வரிசைக்கு ஏற்ப இந்தத் தொகுப்பைத் தேர்ந்தெடுக்கலாம்,ரி ப்போ ர் ட்டர்   ஜீ ன்   கட்ட மை ப்பின்   பிர மோ ட்டர்   பகுதியில்   செலுத்த ப்படும்   விரும்பி ய   இலக்கு   வரிசை க்கு   ஏற்ப   இந்த த்   தொகு ப்பை த்   தேர்ந்தெ டுக்க லாம்,29
700,"இந்த நான்கு சுழல் மாற்றியங்கள் அறை வெப்பநிலை கரைசல்களில் உள்ளபோது மணிக்கணக்கிலான நேரத்தில் ஒன்றிலிருந்து ஒன்றுக்கு மாறுகின்றன, இந்நிகழ்முறைக்குப் பெயர் மாற்றுச்சுழற்சி","இந்த   நான்கு   சு ழ ல்   மாற்றிய ங்கள்   அ றை   வெப்பநிலை   கரை சல் களில்   உள்ள போது   மணி க்கண க்கி லான   நேரத்தில்   ஒன்றி லிருந்து   ஒன்று க்கு   மாறு கின்றன,   இந் நிகழ் முறை க்கு ப்   பெயர்   மாற்று ச்சு ழ ற்சி",36
701,"சென்ஸ் காயில் என்பது, மின்னோட்டமுள்ள மற்றும் நியூட்ரலான கடத்திகளைச் சூழ்ந்திருக்கிற (ஆனால் மின் இணைப்பு இல்லாத) ஒரு டிஃபரன்ஷியல் கரன்ட் ட்ரான்ஸ்பார்மர்","செ ன்ஸ்   கா யில்   என்ப து,   மின் னோ ட்ட முள்ள   மற்றும்   நியூ ட் ர லான   கட த்தி களை ச்   சூழ் ந்திரு க்கிற   ( ஆனால்   மின்   இணை ப்பு   இல்லாத )   ஒரு   டிஃ பர ன் ஷி யல்   கர ன் ட்   ட் ரா ன்ஸ் பார் மர்",43
702,"இலையின் பஞ்சுபோன்ற மெசோபில்லில் உள்ள பேரன்கிமா செல்கள் ஏறத்தாழ கோள வடிவமும் பெரிய செல்-இடை வெளிகளுடன் இறுக்கமற்ற அமைப்பும் கொண்டிருப்பது முதல், கிளைவிடுகிற அல்லது ஸ்டெல்லேட் அமைப்புடன் தங்கள் கரங்களின் முனைகள் மூலம் அண்டை செல்களுடன் பரஸ்பரம் இணைப்பு ஏற்படுத்தி ஒரு முப்பரிமான வலையமைப்பை கொண்டிருப்பது வரை பலதரப்பட்டுள்ளன, பின்னதற்கு உதாரணங்கள் பேஸோலஸ் வல்காரிஸ் எனும் சிவப்புக் காராமணிகளிலும் இன்னபிற மெசோபைட்களிலும் காணப்படுகின்றன","இ லை யின்   ப ஞ்சு போன்ற   மெ சோ பில் லில்   உள்ள   பேர ன் கி மா   செல் கள்   ஏ ற த்தா ழ   கோ ள   வடிவ மும்   பெரிய   செல் - இடை   வெளி களுடன்   இ று க்க மற்ற   அமைப்பு ம்   கொ ண்டிரு ப்பது   முத ல்,   கிளை விடு கிற   அல்லது   ஸ் டெ ல் லே ட்   அமைப்பு டன்   தங்கள்   கர ங்களின்   முனை கள்   மூலம்   அ ண்டை   செல் களுடன்   பர ஸ் ப ரம்   இணை ப்பு   ஏற்படு த்தி   ஒரு   மு ப்பரி மான   வலை யமை ப்பை   கொ ண்டிரு ப்பது   வரை   பல தர ப்பட்டுள்ள ன,   பின்ன தற்கு   உதாரண ங்கள்   பே ஸோ ல ஸ்   வல் கா ரி ஸ்   எனும்   சிவ ப்பு க்   கா ராம ணி களிலும்   இ ன்ன பிற   மெ சோ பை ட் களிலும்   காண ப்படு கின்றன",117
703,"தாமஸ் முந்துகை (ஓர் எறிபாதை தனது துவக்கத் திசைவேகத்துக்குத் திரும்பிய பிறகு உள்ள நிகரச் சுழற்சி) முற்றிலும் ஓர் இயங்கியல் விளைவு என்றபோதிலும், அது வளைகோட்டு நகர்வில் மட்டுமே நிகழ்கிறது, எனவே மின்காந்தப் புலம், புவியீர்ப்புப் புலம் அல்லது எந்திர விசை போன்று அத்தகு வளைகோட்டு நகர்வை ஏற்படுத்துகிற வெளிப்புற விசை சாராமல் அதை உற்றுநோக்க இயலாது, ஆக தாமஸ் முந்துகை வழக்கமாக இயங்குவியல் விளைவுகளுடன் சேர்ந்தே இருக்கும்","தா மஸ்   மு ந்து கை   ( ஓர்   எ றி பாதை   தனது   து வ க்க த்   திசை வேக த்துக்கு த்   திரும்பி ய   பிறகு   உள்ள   நி கர ச்   சு ழ ற்சி )   மு ற்றி லும்   ஓர்   இய ங்கி யல்   விளை வு   என்ற போதிலும்,   அது   வளை கோ ட்டு   நகர் வில்   மட்டுமே   நிகழ் கிறது,   எனவே   மின் கா ந்த ப்   பு ல ம்,   புவி யீ ர் ப்பு ப்   பு லம்   அல்லது   எ ந்திர   வி சை   போ ன்று   அ த்த கு   வளை கோ ட்டு   நகர் வை   ஏற்படுத்து கிற   வெளி ப்புற   வி சை   சா ராம ல்   அதை   உ ற்று நோக்க   இய லா து,   ஆக   தா மஸ்   மு ந்து கை   வழக்கமாக   இய ங்கு வியல்   விளை வு களுடன்   சேர் ந்தே   இருக்கும்",112
704,"வழக்கமான வெண்சுடர் விளக்கு போலன்றி, ஓர் எல்ஈடி-யில் டயோடின் முன்திசையில் வோல்டேஜ் செலுத்தப்பட்டாலே அது எரியும்","வழக்கமான   வெ ண் சு டர்   விள க்கு   போல ன்றி ,   ஓர்   எல் ஈ டி - யில்   ட யோ டி ன்   முன் திசை யில்   வோ ல் டே ஜ்   செலுத்த ப்பட்டா லே   அது   எரி யும்",33
705,ஒவ்வொன்றும் தலா வலது அல்லது இடது கண் கோணப் பார்வை கொண்டுள்ள இரு அச்சுப் படங்களை வெளிப்புற செல்சின் மோட்டர் மூலம் காட்சிக்கு ஒத்திசைவாக அமைக்க வேண்டும்,ஒவ் வொ ன்று ம்   தலா   வல து   அல்லது   இட து   கண்   கோ ண ப்   பார்வை   கொண்டு ள்ள   இரு   அ ச்சு ப்   பட ங்களை   வெளி ப்புற   செல் சின்   மோ ட்டர்   மூலம்   காட்சி க்கு   ஒ த்தி சை வாக   அமை க்க   வேண்டும்,39
706,"இயந்திரக் கற்றல் நுட்பங்கள் ஆரம்பத்தில் புதிய பயன்பாடுகள் அல்லது தொழில்துறைகளில் பயன்படுத்தப்படும் போது, பெரும்பாலும் பாரம்பரியச் செயல்முறைகளைப் பிரயோகிக்கப் போதுமான பயிற்சித் தரவுகள் இருப்பதில்லை","இய ந்திர க்   க ற்ற ல்   நுட்ப ங்கள்   ஆரம்ப த்தில்   புதிய   பயன் பாடு கள்   அல்லது   தொழில்துறை களில்   பயன்படுத்த ப்படும்   போது,   பெரும்பாலும்   பாரம்பரிய ச்   செயல் முறை களை ப்   பிர யோ கி க்க ப்   போது மான   பயிற்சி த்   தர வுகள்   இருப்ப தில் லை",41
707,"இத்தகு அமைப்பு பயிற்சி மூலம் கற்றபின் அருஞ்சொற்பொருள்களை கண்டறிய முடியும், அதேபோல் முழுமைபெறாத வாக்கியத்திற்கு நிரப்புச் சொற்களை பரிந்துரைக்க முடியும்","இ த்த கு   அமைப்பு   பயிற்சி   மூலம்   க ற்ற பின்   அரு ஞ் சொ ற் பொருள் களை   கண்ட றிய   முடி யும்,   அதே போல்   முழு மை பெ றா த   வா க்கிய த்திற்கு   நி ர ப்பு ச்   சொ ற் களை   பரிந்துரை க்க   முடியும்",39
708,"இது என்சைக்ளோபீடியா பிரிட்டானிகா இன்க் நிறுவனத்தால் வெளியிடப்பட்டது, இந்நிறுவனம் 18ஆம் நூற்றாண்டு முதல் இயங்கிவருகிறது என்றபோதிலும் நூற்றாண்டுகள் நெடுக பலமுறை அதன் உரிமையாளர்கள் மாறியுள்ளனர்","இது   என் சை க் ளோ பீ டியா   பிரி ட்டா னி கா   இன் க்   நிறுவன த்தால்   வெளியிட ப்பட்டது,   இந் நிறுவனம்   18 ஆம்   நூற்றாண்டு   முதல்   இய ங்கி வரு கிறது   என்ற போதி லும்   நூற்றாண்டு கள்   நெடு க   பல முறை   அதன்   உரிமை யாளர்கள்   மாறி யுள்ள னர்",42
709,"இந்தத் திரைப்படம் வெளியாகி 10 ஆண்டுகளுக்குப் பிறகு அர்பாஸ் கான் ஒரு நேர்காணலில் பேசும்போது, படத்தின் பட்ஜெட் 30 கோடியிலிருந்து (2020இல் 57 கோடி அல்லது யுஎஸ்$7","இந்த த்   திரைப்பட ம்   வெளி யா கி   10   ஆண்டுகளுக்கு ப்   பிறகு   அர் பா ஸ்   கான்   ஒரு   நேர் காண லில்   பேசு ம் போது,   பட த்தின்   பட் ஜெ ட்   30   கோ டி யிலிருந்து   ( 20 20 இல்   5 7   கோ டி   அல்லது   யு எஸ் $ 7",44
710,"2 மில்லியனுக்கு நிகரானது) 49 கோடியாக (2020இல் 93 கோடி அல்லது யுஎஸ்$12 மில்லியனுக்கு நிகரானது) உயர்த்தப்பட்டதாகவும், இதனால் அவருக்கு சில நஷ்டங்கள் ஏற்பட்டதாகவும், எனினும் அதன் அமோக வெற்றிக்குப் பிறகு சல்மான் கானுக்குரிய சம்பளத்தை தான் வழங்கியதாகவும் கூறினார்","2   மில்லி ய னுக்கு   நி க ரான து )   4 9   கோ டியாக   ( 20 20 இல்   9 3   கோ டி   அல்லது   யு எஸ் $ 12   மில்லி ய னுக்கு   நி க ரான து )   உயர் த்த ப்பட்ட தாகவும்,   இதனால்   அவருக்கு   சில   ந ஷ் ட ங்கள்   ஏற்பட்ட தாகவும்,   எனினும்   அதன்   அ மோ க   வெற்றி க்கு ப்   பிறகு   சல் மான்   கா னுக்கு ரிய   சம்ப ள த்தை   தான்   வழ ங்கிய தாகவும்   கூறி னார்",70
711,"போர்க்கள முரட்டுத்தனமும் கட்டுக்கடங்காத குணமும் படைத்த ஓர் இந்திய இராணுவ அதிகாரி, மர்மமான முறையில் கடத்தப்பட்ட தனது முன்னாள் காதலியின் குழந்தையைத் தேடிச் செல்கிறார்","போர் க்க ள   மு ர ட்டு த்தன மும்   கட்டு க்கட ங்கா த   கு ண மும்   படை த்த   ஓர்   இந்திய   இராணுவ   அதிகாரி ,   மர் ம மான   முறையில்   கட த்த ப்பட்ட   தனது   முன்னாள்   கா த லி யின்   குழந்தை யை த்   தே டி ச்   செல் கிறா ர்",44
712,"1932 முதல் 2011 வரை சுமார் ஆயிரத்து முப்பது குஜராத்தி திரைப்படங்கள் தயாரிக்கப்பட்டன, எனினும் அவற்றில் வெகு சிலதே காப்பகத்தில் சேமிக்கப்பட்டுள்ளன","193 2   முதல்   2011   வரை   சுமார்   ஆயி ர த்து   மு ப்பது   குஜரா த்தி   திரைப்பட ங்கள்   தயாரி க்கப்பட்ட ன,   எனினும்   அவற்றில்   வெகு   சில தே   கா ப்ப க த்தில்   சேமி க்கப்பட்டுள்ள ன",30
713,"அமியா சக்ரவர்த்தி (30 நவம்பர் 1912-6 மார்ச் 1957) ஓர் இந்தியத் திரைப்பட இயக்குனர், திரைக்கதை எழுதுபவர் மற்றும் தயாரிப்பாளர், மேலும் அவர் 1940கள் மற்றும் 1950களின் இந்தித் திரையுலகில் முன்னணித் திரைப்பட இயக்குனராக இருந்தவர்","அ மி யா   ச க் ர வர் த்தி   ( 30   நவம்பர்   19 12 - 6   மார்ச்   195 7 )   ஓர்   இந்திய த்   திரைப்பட   இயக்கு னர்,   திரை க்கதை   எழு து பவர்   மற்றும்   தயாரி ப்பா ள ர்,   மேலும்   அவர்   19 40 கள்   மற்றும்   19 50 களின்   இந்தி த்   திரை யு ல கில்   முன்னணி த்   திரைப்பட   இயக்கு ன ராக   இருந்த வர்",58
714,"அவர் அடிக்கடி சேர்ந்து பணியாற்றிய பிற நடிகர்களில் ரேகா, மாதுரி தீக்ஷித், அனில் கபூர், ஷாருக் கான், அம்ரிஷ் புரி ஆகியோரும் அடங்குவர்","அவர்   அடிக்கடி   சேர்ந்து   பணியா ற்றிய   பிற   நடி கர் களில்   ரே கா ,   மா து ரி   தீ க் ஷி த் ,   அ னில்   க பூ ர்,   ஷா ரு க்   கா ன்,   அம் ரி ஷ்   புரி   ஆகியோ ரும்   அடங்கு வர்",38
715,"நீர்வீழ்ச்சி, மர்ம ஆவிக் காடுகள், செங்குத்தான பாறை உச்சிகளுக்கு மேல் நீர்நிலைகள், கதாநாயக ஜோடி பனிச்சரிவிலிருந்து தப்புவது என அனைத்தும் அற்புதமான காட்சிகளாக இடம்பெற்றுள்ளன","நீர்வீழ்ச்சி ,   மர் ம   ஆ விக்   காடு கள்,   செ ங்கு த்தான   பாறை   உ ச்சி களுக்கு   மேல்   நீர் நிலை கள்,   க தா நாய க   ஜோ டி   பனி ச்சரி விலிருந்து   த ப்பு வது   என   அனைத்து ம்   அ ற்பு தமான   காட்சி களாக   இடம் பெற்று ள்ள ன",43
716,"பாண்டுரங் பப்லியால் வேலைக்காரன் வேடத்தில் உளவாளியாக அனுப்பப்படுகிறான், எனினும் பின்னர் அவன் சமீரின் உண்மை பற்றிக் கேள்விப்பட்டதும் கோபாலின் பக்கம் சேர்ந்துகொண்டு ரவுடிகளிடமிருந்து தற்காத்துச் சண்டை செய்கிறான், அந்தச் சண்டையின் முடிவில் பப்லி தவறுதலாக கோபாலின் பிட்டத்தில் கத்தியால் குத்துகிறான், கோபால் மயங்கி விழுகிறான், எனினும் அதற்கு முன்பு அவன் மாதவ், லக்கி மற்றும் லக்ஷ்மனிடம் கத்தியைத் தொட்டுவிட வேண்டாம் என்று எச்சரிக்கிறான், இது அந்த மூன்று நண்பர்களையும் சிரிக்க வைக்கிறது","பா ண்டு ர ங்   ப ப் லி யால்   வேலை க்கா ரன்   வே ட த்தில்   உ ள வா ளி யாக   அனுப்ப ப்படு கிறா ன்,   எனினும்   பின்னர்   அவ ன்   சமீ ரின்   உண்மை   பற்றி க்   கேள்வி ப்பட்ட தும்   கோ பா லின்   ப க்கம்   சேர்ந்து கொண்டு   ர வு டி களிடமிருந்து   தற்கா த்து ச்   சண்டை   செய் கிறா ன்,   அந்த ச்   சண்டை யின்   முடி வில்   ப ப் லி   தவ று தலாக   கோ பா லின்   பி ட்ட த்தில்   க த்தி யால்   கு த்து கிறா ன்,   கோ பால்   மய ங்கி   வி ழு கிறா ன்,   எனினும்   அதற்கு   முன்பு   அவ ன்   மாத வ் ,   ல க்கி   மற்றும்   ல க் ஷ் மனி டம்   க த்தி யை த்   தொ ட்டு விட   வேண்டா ம்   என்று   எ ச்சரி க்கிறா ன்,   இது   அந்த   மூன்று   நண் பர் களையும்   சி ரிக்க   வை க்கிற து",127
717,"எனினும், தங்கள் திருமண நாளன்று வைதேகி மணமேடைக்கு வராமல் போகிறார், பிறகு அவர் மும்பைக்கு ஓடிப் போய்விட்டதாகத் தெரிய வருகிறது","எனினும்,   தங்கள்   திருமண   நா ள ன்று   வை தே கி   மண மே டை க்கு   வ ராம ல்   போ கிறார்,   பிறகு   அவர்   மும்பை க்கு   ஓ டி ப்   போ ய் விட்ட தாக த்   தெரிய   வரு கிறது",33
718,"பாந்து அந்த வீட்டாரைச் சூழ்ந்துள்ள பிரச்சனைகளுக்கு முதலில் தீர்வளிக்கும் முகமாக, ராமச்சந்திராவுக்கும் யசுவுக்கும் இடையிலான முறிந்த உறவை (7 ஆண்டுகளுக்கு முன் ராமச்சந்திராவுக்கு வேறொரு பெண்ணுடன் உறவு இருந்ததால் இந்த உறவில் விரிசல் ஏற்பட்டது) ஒட்டவைக்க முனைகிறார், பைடதல்லியுடன் உள்ள பிணக்கைத் தீர்த்து வைக்கிறார், மற்றும் காஷிராம், சீதாராம் ஆகிய சீர்கெட்டுப் போன குடும்ப உறுப்பினர்களைச் சீர்திருத்த நடவடிக்கை எடுக்கிறார்","பா ந்து   அந்த   வீ ட்டா ரை ச்   சூழ் ந்துள்ள   பிரச்சனை களுக்கு   முதலில்   தீ ர்வ ளி க்கும்   முக மாக ,   ராம ச்சந்தி ரா வு க்கும்   ய சு வு க்கும்   இடையிலான   மு றி ந்த   உற வை   ( 7   ஆண்டுகளுக்கு   முன்   ராம ச்சந்தி ரா வுக்கு   வே றொ ரு   பெண் ணு டன்   உற வு   இருந்த தால்   இந்த   உற வில்   விரி சல்   ஏற்பட்ட து )   ஒ ட்ட வைக்க   முனை கிறார்,   பை ட தல் லி யுடன்   உள்ள   பி ண க்கை த்   தீர் த்து   வை க்கிறா ர்,   மற்றும்   கா ஷி ரா ம்,   சீ தா ராம்   ஆகிய   சீ ர் கெ ட்டு ப்   போ ன   குடும்ப   உறுப்பினர் களை ச்   சீ ர் திரு த்த   நடவடிக்கை   எடு க்கிறா ர்",108
719,"தொடர்ந்து அதிகரித்துவரும் பார்வையாளர்களுக்கு ஒரேயொரு அலைவரிசை மட்டுமே சேவை வழங்கி வந்ததால், தொலைக்காட்சி நிகழ்ச்சிகள் விரைவில் சலிப்புதட்டிவிட்டன","தொடர்ந்து   அதிகரி த்துவ ரும்   பார்வை யாளர் களுக்கு   ஒரே யொ ரு   அலை வரிசை   மட்டுமே   சேவை   வழங்கி   வந்த தால்,   தொலைக்காட்சி   நிகழ்ச்சி கள்   விரை வில்   ச லி ப்பு த ட்டி விட்ட ன",29
720,"பேட்டா (மொழிபெயர்ப்பு: மகன்) 1992இல் வெளிவந்த ஓர் இந்திய இந்திமொழி நாடகப் படம், அதை இயக்கியவர் இந்திர குமார், அதற்கு திரைக்கதை வசனம் எழுதியவர்கள் நவ்ஷீர் கதவ் மற்றும் கமலேஷ் பாண்டே","பே ட்டா   ( மொழி பெயர் ப்பு :   மகன் )   199 2இல்   வெளி வந்த   ஓர்   இந்திய   இந்தி மொழி   நாடக ப்   பட ம்,   அதை   இய க்கிய வர்   இந்தி ர   குமா ர்,   அதற்கு   திரை க்கதை   வச ன ம்   எழு திய வர்கள்   ந வ் ஷீ ர்   க த வ்   மற்றும்   க ம லே ஷ்   பா ண்டே",52
721,"இது ஒரே நாட்டுக்கு ஒளிபரப்புவதை விட சிக்கனமானது, ஏனென்றால் உள்நாட்டுச் செய்தி ஊழியர்கள் திரட்டும் தகவல்களையும் உள்நாட்டுப் பொழுதுபோக்கு நிகழ்ச்சிகளையும் வெளிநாட்டு நேயர்களுக்கு மலிவாக மறுதொகுப்புச் செய்து வழங்க முடியும்","இது   ஒரே   நாட்டு க்கு   ஒளி பர ப்பு வதை   விட   சிக்க ன மான து,   ஏனெ ன்றால்   உள்நாட்டு ச்   செய்தி   ஊழி ய ர்கள்   தி ர ட்டு ம்   தகவல் களையும்   உள்நாட்டு ப்   பொழுது போக்கு   நிகழ்ச்சி களையும்   வெளி நாட்டு   நே யர் களுக்கு   ம லி வாக   மறு தொகு ப்பு ச்   செய்து   வழங்க   முடியும்",48
722,சிட்டியின் வெற்றியைக் கண்டு சினங்கொள்ளும் தீனேந்திரன் பக்ஷியின் ஆன்மாவை சிந்தசைஸரிலிருந்து விடுவிக்கிறார்,சி ட்டி யின்   வெற்றி யை க்   க ண்டு   சி ன ங் கொ ள்ளும்   தீ னே ந்திர ன்   பக் ஷி யின்   ஆன் மா வை   சி ந்த சை ஸ ரிலிருந்து   விடு வி க்கிறா ர்,32
723,"இது, சூப்பர்ஸ்டாருக்கு ஒரு பக்கம் மனிதக் கண் மற்றும் மறுபக்கம் தழும்புள்ள உலோகக் கண் இருப்பதன் மூலம், வெறும் காட்சி ரீதியாகக் காட்டப்படுவது மட்டுமின்றி, கெட்ட ரோபோ தான் ""டெர்மினேட்டர்களை"" உருவாக்கியுள்ளதாக அறிவிப்பதன் மூலம், இதுதான் நோக்கம் என்பதும் வெளிப்படுத்தப்படுகிறது","இ து,   சூ ப்பர் ஸ்டா ருக்கு   ஒரு   ப க்கம்   மனித க்   கண்   மற்றும்   மறு ப க்கம்   த ழு ம்பு ள்ள   உ லோ க க்   கண்   இருப்ப தன்   மூல ம்,   வெ றும்   காட்சி   ரீதியாக க்   காட்ட ப்படு வது   மட்டு மின் றி ,   கெ ட்ட   ரோ போ   தான்   "" டெ ர் மி னே ட்டர் களை ""   உருவாக்கி யுள்ள தாக   அறிவி ப்ப தன்   மூல ம்,   இது தான்   நோ க்கம்   என்பது ம்   வெளி ப்படுத்த ப்படு கிறது",72
724,"இப்படம் இந்த வெற்றியைத் தொடர்ந்து கிழக்காசியச் சந்தைகளில் திரையிடப்பட்டது, இது 17 டிசம்பர் 2010 அன்று தைவானிலும் அதையடுத்து 1 செப்டம்பர் 2011 அன்று ஹாங்காங்கிலும் வெளியிடப்பட்டது","இ ப்பட ம்   இந்த   வெற்றி யை த்   தொடர்ந்து   கிழ க்கா சிய ச்   சந்தை களில்   திரை யிட ப்பட்டது,   இது   17   டிசம்பர்   2010   அன்று   தை வானி லும்   அதை ய டுத்து   1   செப்டம்பர்   2011   அன்று   ஹா ங்கா ங்கி லும்   வெளியிட ப்பட்ட து",39
725,"இந்தப் பாடல் 230 புள்ளிகளைப் பெற்றது, இதில் பெல்ஜியம், பல்கேரியா, ஹங்கேரி, ஐக்கிய ராஜ்ஜியம், துருக்கி, அல்பேனியா, சைப்ரஸ், செர்பியா & மாண்டினீக்ரோ, ஸ்வீடன், ஜெர்மனியில் ஆகிய நாடுகளிலிருந்து கிடைத்த தலா 12 புள்ளிகள் கொண்ட 10 தொகுப்புகளும் அடங்கும், மேலும் இது குறிப்பாக கிரீஸ் உள்ளிட்ட பல்வேறு நாடுகளில் மாபெரும் வெற்றிப் பாடலாகத் திகழ்ந்தது","இந்த ப்   பாடல்   2 30   புள்ளி களை ப்   பெற்ற து,   இதில்   பெ ல் ஜி ய ம்,   பல் கே ரியா ,   ஹ ங்கே ரி,   ஐ க்கிய   ராஜ்ஜிய ம்,   துரு க்கி ,   அல் பே னியா ,   சை ப்ர ஸ்,   செ ர் பி யா   &   மா ண்டி னீ க் ரோ ,   ஸ் வீ டன் ,   ஜெ ர் மனி யில்   ஆகிய   நாடு களிலிருந்து   கிடை த்த   தலா   12   புள்ளி கள்   கொண்ட   10   தொகு ப்பு களும்   அடங்கு ம்,   மேலும்   இது   குறிப்பாக   கி ரீ ஸ்   உள்ளிட்ட   பல்வேறு   நாடுகளில்   மாபெரும்   வெற்றி ப்   பாட லாக த்   தி கழ் ந்த து",91
726,"அமோல் பலேகர் மற்றும் ஜரீனா வஹாப் முன்னணிக் கதாபாத்திரத்தில் நடித்த கரௌந்தா (1977), ஷர்மிளா தாகூர் மற்றும் உத்தம் குமார் முன்னணிக் கதாபாத்திரத்தில் நடித்த தூரியான் (1979) ஆகிய விமர்சகர் பாராட்டுக்களைப் பெற்ற திரைப்படங்களை இயக்கியவர் என அவர் மிகப் பிரபலமடைந்தவர்","அ மோ ல்   ப லே கர்   மற்றும்   ஜ ரீ னா   வ ஹா ப்   முன்னணி க்   கதாபாத்திர த்தில்   நடித்த   க ரௌ ந்தா   ( 197 7 ),   ஷ ர் மி ளா   தா கூர்   மற்றும்   உத்த ம்   குமார்   முன்னணி க்   கதாபாத்திர த்தில்   நடித்த   தூ ரியா ன்   ( 197 9 )   ஆகிய   விமர் ச கர்   பாரா ட்டு க்களை ப்   பெற்ற   திரைப்பட ங்களை   இய க்கிய வர்   என   அவர்   மிக ப்   பிரபல மடைந்த வர்",68
727,"1951இல் ஆன்னா நீகிள் முன்னணிக் கதாப்பாத்திரத்தில் நடித்த ""தி லேடி வித் ஏ லாம்ப்""","195 1இல்   ஆன் னா   நீ கி ள்   முன்னணி க்   க தா ப்பா த்திர த்தில்   நடித்த   "" தி   லே டி   வி த்   ஏ   லாம் ப் """,25
728,"ஒரு முழுநீள மௌனப் படத்தை எடுக்க, குடும்ப எஸ்டேட் தோட்டத்தில் ஒரு தற்காலிக ஸ்டூடியோ உருவாக்கப்பட்டு, தி லாஸ்ட் கிஸ் என்ற அந்த முழுநீள மௌனப் படத்தை அவர்கள் தயாரித்தனர், அது 1931இல் வெளியிடப்பட்டது","ஒரு   முழு நீள   மௌ ன ப்   பட த்தை   எடுக்க ,   குடும்ப   எஸ் டே ட்   தோ ட்ட த்தில்   ஒரு   தற்கா லி க   ஸ் டூ டியோ   உருவா க்கப்பட்டு ,   தி   லா ஸ்ட்   கி ஸ்   என்ற   அந்த   முழு நீள   மௌ ன ப்   பட த்தை   அவர்கள்   தயாரி த்த னர்,   அது   193 1இல்   வெளியிட ப்பட்ட து",51
729,"இதை டெரன்ஸ் மெக்நாலி தனது சொந்த பிராட்வே-வெளியீட்டு நாடகமான ஃபிராங்கி அண்ட் ஜானி இன் தி கிளேர் டீ லூன் (1987) என்பதிலிருந்து எடுத்துத் தகவமைத்துள்ளார், அதில் கென்னத் வெல்ஷ் மற்றும் கேத்தி பேட்ஸ் நடித்திருந்தார்கள்","இதை   டெ ர ன்ஸ்   மெ க் நா லி   தனது   சொந்த   பிரா ட் வே - வெளி யீ ட்டு   நாடக மான   ஃ பிரா ங்கி   அ ண்ட்   ஜா னி   இன்   தி   கி ளே ர்   டீ   லூ ன்   ( 198 7 )   என்ப தி லிருந்து   எடுத்து த்   த கவ மை த்து ள்ளா ர்,   அதில்   கெ ன்ன த்   வெ ல் ஷ்   மற்றும்   கே த்தி   பே ட்ஸ்   நடி த்திரு ந்தா ர்கள்",65
730,"2011இல் தட் கேல் இன் எல்லோ பூட்ஸ் திரைப்படத்தை கஷ்யப் இயக்கினார், அந்தத் திகில் படத்தில் கல்கி கோச்லின் முன்னணிக் கதாபாத்திரத்தில் நடித்ததோடு அதற்குக் கஷ்யப்புடன் சேர்ந்து திரைக்கதை வசனமும் எழுதினார்","2011 இல்   த ட்   கே ல்   இன்   எல் லோ   பூ ட்ஸ்   திரைப்பட த்தை   க ஷ் ய ப்   இய க்கி னார்,   அந்த த்   தி கில்   பட த்தில்   கல் கி   கோ ச் லின்   முன்னணி க்   கதாபாத்திர த்தில்   நடித்த தோடு   அதற்கு க்   க ஷ் ய ப்பு டன்   சேர்ந்து   திரை க்கதை   வச ன மும்   எழுதி னார்",52
731,"அந்தத் திரைப்படத்திற்காக அவர் கிரேக்க மொழி கற்றுக்கொள்ள வேண்டியிருந்தது, மேலும் அவர் சொந்தக் குரலில் பேசி நடித்தார்","அந்த த்   திரைப்பட த்திற்காக   அவர்   கிரேக்க   மொழி   க ற்று க்கொள்ள   வேண்டியி ருந்த து,   மேலும்   அவர்   சொந்த க்   கு ர லில்   பேசி   நடி த்தா ர்",24
732,இந்தத் திரைப்படம் முதல் முறையாக 2016 சிட்னி திரைப்பட விழாவிலும் 2016 கான் திரைப்பட விழாவிலும் டைரக்டர்ஸ் ஃபோர்ட்னைட் பிரிவில் திரையிடப்பட்டு நல்ல வரவேற்பைப் பெற்றது,இந்த த்   திரைப்பட ம்   முதல்   முறையாக   2016   சி ட் னி   திரைப்பட   விழா விலும்   2016   கான்   திரைப்பட   விழா விலும்   டை ர க் டர் ஸ்   ஃ போர் ட் னை ட்   பிரி வில்   திரை யிட ப்பட்டு   நல்ல   வர வே ற் பை ப்   பெற்ற து,41
733,"அது மட்டுமின்றி, 3 இடியட்ஸ் 2014இல் ஒரு ஜப்பானிய ஹோம் வீடியோ சில்லறை வணிகர்கள் அமைப்பு நடத்திய 4ஆவது வீடியோயாசான் விருது விழாவிலும் மிக உயர்ந்த பரிசை தட்டிச்சென்றது; மேலும், 3 இடியட்ஸ் 2013ஆம் ஆண்டின் மிகச்சிறந்த வீடியோ வெளியீடாகவும் தேர்ந்தெடுக்கப்பட்டது, அப்போது அது உள்நாட்டு மற்றும் அயல்நாட்டு ஹாலிவுட் தயாரிப்புகள் உட்பட ஆயிரக்கணக்கான திரைப்படங்கள், பொம்மைப் படங்கள், தொலைக்காட்சி நிகழ்ச்சிகள் என அனைத்தையும் தோற்கடித்து முதலிடத்தைப் பிடித்தது","அது   மட்டு மின் றி ,   3   இ டிய ட்ஸ்   2014 இல்   ஒரு   ஜ ப்பா னிய   ஹோ ம்   வீ டியோ   சி ல்லறை   வணிக ர்கள்   அமைப்பு   நட த்திய   4 ஆவது   வீ டியோ யா சா ன்   விருது   விழா விலும்   மிக   உயர்ந்த   பரி சை   த ட்டி ச்சென்ற து ;   மேலும்,   3   இ டிய ட்ஸ்   2013 ஆம்   ஆண்டி ன்   மிக ச்சிற ந்த   வீ டியோ   வெளி யீ டா க வும்   தேர்ந்தெடு க்கப்பட்ட து,   அப்போது   அது   உள்நாட்டு   மற்றும்   அ யல் நாட்டு   ஹா லி வு ட்   தயாரி ப்புகள்   உட்பட   ஆயி ர க்கணக்கான   திரைப்பட ங்கள்,   பொ ம் மை ப்   பட ங்கள்,   தொலைக்காட்சி   நிகழ்ச்சி கள்   என   அனை த்தையும்   தோற்கடி த்து   முத லிட த்தை ப்   பிடி த்த து",107
734,"அது ஃபிலிம்ஃபேர் விருதைக் குறிப்பதாகவே புரிந்துகொள்ளப்படுகிறது என்றபோதிலும், அவர் ஒரு நேர்காணலில் ""அது ஒரு ஃபிலிம்ஃபேர் விருது என்று நான் எழுதவில்லையே"" என்று கூறினார்","அது   ஃபி லி ம்ஃ பேர்   விருதை க்   குறி ப்பதாக வே   புரி ந்துகொள்ள ப்படு கிறது   என்ற போதிலும்,   அவர்   ஒரு   நேர் காண லில்   "" அது   ஒரு   ஃபி லி ம்ஃ பேர்   விருது   என்று   நான்   எழுத வில்லை யே ""   என்று   கூறி னார்",38
735,"ஜோர்டன் பீலின் 'அஸ்' என்ற திரைப்படத்தில், 1986இல் அட்டி என்றதொரு சிறுமி நடந்துசென்று ஷமானின் விஷன் குவெஸ்ட் விளையாட்டுக் கூடத்திற்குள் நுழைகிறாள், அதன் நுழைவாயிலின் உச்சியில் ஒரு பூர்வக்குடி அமெரிக்கரின் உருவச்சிலை தலைத் துணியுடன் தன் வலது கரத்தை புதையல் வேட்டைக்கு வந்துள்ளவர்களை நோக்கிச் சுட்டிக்காட்டிய படி நிற்கிறது","ஜோ ர் டன்   பீ லின்   ' அ ஸ் '   என்ற   திரைப்பட த்தில்,   198 6இல்   அ ட்டி   என்ற தொ ரு   சிறு மி   நட ந்து சென்று   ஷ மா னின்   வி ஷன்   கு வெ ஸ்ட்   விளையாட்டு க்   கூட த்திற்குள்   நுழை கிறா ள் ,   அதன்   நுழை வா யி லின்   உ ச்சி யில்   ஒரு   பூ ர்வ க்குடி   அமெரிக்க ரின்   உருவ ச்சி லை   தலை த்   து ணி யுடன்   தன்   வல து   கர த்தை   பு தை யல்   வே ட்டை க்கு   வந்து ள்ள வர்களை   நோக்கி ச்   சு ட்டி க்கா ட்டிய   படி   நி ற் கிறது",86
736,"வெளியாகும் நவீன திரைப்படங்கள் பல மொழிகளில் அப்படியே மொழிமாற்றம் செய்யப்படுகின்றன, இதனால் ஒரு நாடு தழுவிய இந்திய திரைப்பட இயக்கம் உருவாகி வருகிறது","வெளி யா கும்   நவீன   திரைப்பட ங்கள்   பல   மொழி களில்   அ ப்படி யே   மொழி மாற்ற ம்   செய்ய ப்படுகின்றன,   இதனால்   ஒரு   நாடு   த ழு விய   இந்திய   திரைப்பட   இய க்கம்   உருவா கி   வரு கிறது",31
737,"அதுவரை தனது தொழிலில் ஒருபோதும் ரீமேக் படங்களில் நடித்திராத ஆமிர் கான், முதலில் இப்படத்தில் நடிக்கத் தயங்கினார், எனினும் தமிழில் வெளிவந்த கஜினியின் அசல் கதாநாயகன் சூரியா அவரிடம் ""அந்தக் கதாபாத்திரத்திற்குப் பொருத்தமான ஒரே ஆள்"" அவர் தான் என்று கூறி அவரை ஒப்புக்கொள்ள வைத்தார்","அது வரை   தனது   தொழி லில்   ஒரு போது ம்   ரீ மே க்   பட ங்களில்   நடி த்தி ரா த   ஆ மிர்   கா ன்,   முதலில்   இ ப்பட த்தில்   நடி க்க த்   த ய ங்கி னார்,   எனினும்   தமி ழி ல்   வெளி வந்த   க ஜி னி யின்   அ சல்   க தா நாய கன்   சூ ரியா   அவ ரிடம்   "" அந்த க்   கதாபாத்திர த்திற்கு ப்   பொருத்த மான   ஒரே   ஆ ள் ""   அவர்   தான்   என்று   கூறி   அவரை   ஒப்பு க்கொள்ள   வை த்தா ர்",74
738,"அவர் 2000இல் டிரம்மர் டென்னிஸ் சேம்பர்ஸுடன் (கார்லோஸ் சான்டானா, ஜான் மெக்லாஃப்லின் மற்றும் ஏனையோருடன்) சேர்ந்து ரெஸ்கியூ இசையை பதிவு செய்தார், மேலும் 2006இல் விருந்தினர்கள் டிஜே லாஜிக் மற்றும் கெல்லர் வில்லியம்ஸுடன் (கிட்டார் மற்றும் பேஸ்) சேர்ந்து சாத்தோ பனாரஸை வெளியிட்டார்","அவர்   20 00 இல்   டி ரம் மர்   டெ ன் னி ஸ்   சே ம்பர் ஸு டன்   ( கார் லோ ஸ்   சா ன் டா னா,   ஜா ன்   மெ க் லாஃ ப் லின்   மற்றும்   ஏ னை யோ ருடன் )   சேர்ந்து   ரெ ஸ் கி யூ   இசை யை   பதிவு   செய்தா ர்,   மேலும்   200 6இல்   விரு ந்தி ன ர்கள்   டி ஜே   லா ஜி க்   மற்றும்   கெ ல்ல ர்   வில் லி யம் ஸு டன்   ( கி ட்டா ர்   மற்றும்   பே ஸ் )   சேர்ந்து   சா த்தோ   ப னா ர ஸை   வெளியி ட்டா ர்",85
739,ரேடியோ 4 ஆவணக் காப்பகத்தில் உள்ள பல நகைச்சுவை மற்றும் நாடக நிகழ்ச்சிகள் பிபிசி ரேடியோ 4 எக்ஸ்ட்ரா அலைவரிசையில் ஒலிபரப்பப்படுகின்றன,ரே டியோ   4   ஆவண க்   கா ப்ப க த்தில்   உள்ள   பல   நகை ச்சு வை   மற்றும்   நாடக   நிகழ்ச்சி கள்   பி பி சி   ரே டியோ   4   எ க் ஸ்ட் ரா   அலை வரிசை யில்   ஒலி பரப்ப ப்படு கின்றன,35
740,தேசிய திரைப்பட விருதுகள் இந்தியப் பிராந்திய மொழிகளில் உள்ள சிறந்த திரைப்படங்களுக்கும் வழங்கப்படுகின்றன,தேசிய   திரைப்பட   விருது கள்   இந்திய ப்   பிராந்திய   மொழி களில்   உள்ள   சிறந்த   திரைப்பட ங்களு க்கும்   வழங்க ப்படு கின்றன,17
741,"நேஹாவின் மாமியார் குடும்பத்தினர் நிகிதா இறந்துவிட்டதாக எண்ணுகின்றனர், எனவே நேஹாவாக நடிப்பதே தனது பிரச்சனைகளுக்கான தீர்வு என்று நிகிதா உணர்கிறாள்","நே ஹா வின்   மா மி யார்   குடும்ப த்தி னர்   நி கி தா   இற ந்து விட்ட தாக   எண் ணு கின்ற னர்,   எனவே   நே ஹா வாக   நடி ப்ப தே   தனது   பிரச்சனை களுக்கான   தீர் வு   என்று   நி கி தா   உணர் கிறா ள்",39
742,"இந்த இரண்டு பாடல்களின் வரிகளை எழுதியவர் சாஹிதி, மற்ற பாடல்களை எழுதியவர்கள் ராமஜோகயா சாஸ்திரி, சந்திரபோஸ், தேவி ஸ்ரீ பிரசாத் மற்றும் பாஸ்கரபட்லா","இந்த   இரண்டு   பாடல் களின்   வரி களை   எழு திய வர்   சா ஹி தி ,   மற்ற   பாடல் களை   எழு திய வர்கள்   ராம ஜோ க யா   சா ஸ் திரி ,   சந்திர போ ஸ்,   தேவி   ஸ்ரீ   பிர சா த்   மற்றும்   பா ஸ் கர பட் லா",41
743,தி இந்தியன் எக்ஸ்பிரஸ் நாளேட்டின் ஷுப்ரா குப்தா இந்தப் படத்துக்கு 5க்கு 2,தி   இந்திய ன்   எ க்ஸ் பிர ஸ்   நா ளே ட்டின்   ஷு ப்ரா   கு ப் தா   இந்த ப்   பட த்துக்கு   5 க்கு   2,22
744,"5 மதிப்பெண் வழங்கி, ""சிறப்பாக ஒன்றுசேர்ந்து நடித்துள்ள"" ஆனால் ""ஒரு நொண்டிக் கதைக்குத் துடிப்பூட்டும்"" கட்டாயத்தில் உள்ள முன்னணிக் கதாபாத்திரங்களைப் பாராட்டி எழுதியிருந்தார்","5   மதி ப்பெ ண்   வழங்கி ,   "" சிற ப்பாக   ஒன்று சேர்ந்து   நடி த்து ள்ள ""   ஆனால்   "" ஒரு   நொ ண்டி க்   கதை க்கு த்   து டி ப்பூ ட்டு ம் ""   கட்டா ய த்தில்   உள்ள   முன்னணி க்   கதாபாத்திர ங்களை ப்   பாரா ட்டி   எழுதி யிரு ந்தா ர்",45
745,"51ஆம் விழாவைப் போலவே இந்தத் தடவையும் அது ஹைப்ரிட் முறையில் நடைபெற்றது, அதாவது இணைய மற்றும் நேரடிப் பங்கேற்பு என இரு வழிகளிலும் அதில் கலந்துகொள்ள முடிந்தது","5 1 ஆம்   விழா வை ப்   போல வே   இந்த த்   த ட வையும்   அது   ஹை ப் ரி ட்   முறையில்   நடைபெற்ற து,   அதாவது   இணைய   மற்றும்   நேர டி ப்   பங்கே ற்பு   என   இரு   வழி களிலும்   அதில்   கல ந்துகொள்ள   முடிந்த து",38
746,கொச்சியில் உள்ள சோமா கேரளா மாளிகை இந்தத் திரைப்படத்தில் கர்மா பயிலகமாக (குருஸ்வாமி பள்ளி) காட்டப்பட்டது,கொ ச்சி யில்   உள்ள   சோ மா   கேரளா   மா ளி கை   இந்த த்   திரைப்படத்தில்   கர் மா   பயி ல கமாக   ( குரு ஸ் வா மி   பள்ளி )   காட்ட ப்பட்ட து,28
747,"குரல்களை வழங்கியவர்கள்: நிகில் டிசௌஸா, மோனாலி தாகூர், லக்கி அலி, ராஹத் ஃபதேஹ் அலி கான், சேகர் ராவ்ஜியானி, காராலிசா மான்டீரோ, மோஹித் சௌஹான், ஸ்ருதி பதக், விஷால் தத்லானி, ஷில்பா ராவ் மற்றும் அபிஜித் வகானி","கு ரல் களை   வழ ங்கிய வர்கள் :   நி கில்   டி சௌ ஸா ,   மோ னா லி   தா கூ ர்,   ல க்கி   அலி ,   ரா ஹ த்   ஃ ப தே ஹ்   அலி   கா ன்,   சே கர்   ராவ் ஜி யா னி ,   கா ரா லி சா   மான் டீ ரோ ,   மோ ஹி த்   சௌ ஹா ன்,   ஸ் ரு தி   பத க்,   வி ஷா ல்   த த் லா னி ,   ஷி ல் பா   ராவ்   மற்றும்   அ பி ஜி த்   வ கானி",78
748,"பிறகு, ராஜுவை பாந்து அளவுக்குத் தகைமை கொண்டவராகவும் சிஇஓ-வாகவும் ஆக்கும் வகையில் ஐந்து வருடங்கள் அவருக்குப் பயிற்சி அளிக்குமாறு வால்மிகியிடம் யாசு கேட்டுக்கொள்கிறார்","பிறகு,   ரா ஜு வை   பா ந்து   அள வுக்கு த்   த கை மை   கொண்ட வராக வும்   சி இ ஓ - வாக வும்   ஆ க்கும்   வகையில்   ஐந்து   வரு ட ங்கள்   அவருக்கு ப்   பயிற்சி   அளி க்கு மாறு   வால் மி கி யிடம்   யா சு   கேட்டு க்கொள் கிறா ர்",44
749,"அவர்கள் ஒருவரையொருவர் தங்கள் கார்களில் பின்தொடரும்போது, ராஜ் மீராவை மரணத்திலிருந்து காப்பாற்றிவிட்டு தன்னை இனி ஒருபோதும் பார்க்கக் கூடாது என்று அவர்களிடம் சொல்கிறார்","அவர்கள்   ஒரு வரை யொ ரு வர்   தங்கள்   கார் களில்   பின் தொட ரும் போது,   ராஜ்   மீ ரா வை   மரண த்திலிருந்து   கா ப்பா ற்றி விட்டு   தன்னை   இ னி   ஒரு போது ம்   பார்க்க க்   கூ டா து   என்று   அவர் களிடம்   சொல் கிறா ர்",40
750,ஹிந்துஸ்தான் டைம்ஸ் இதழைச் சேர்ந்த அனுபம்மா சோப்ரா 5க்கு 4,ஹிந்து ஸ்தான்   டை ம்ஸ்   இத ழை ச்   சேர்ந்த   அனுப ம் மா   சோ ப்ரா   5 க்கு   4,16
751,"5 நட்சத்திரங்கள் என மதிப்பெண் வழங்கி இதை ""விறுவிறுப்பான, உக்கிரமான, காட்சி விருந்து"" என்று வர்ணித்தார், மேலும் ""பாஜிராவ் மஸ்தானி ஓர் உணர்ச்சிவசமான, மதிமயங்க வைக்கிற காதல் கவிதை போன்றும் இசை நாடகம் போன்றும் வெளிப்படுகிறது"" என்று எழுதினார்","5   ந ட்ச த்திர ங்கள்   என   மதி ப்பெ ண்   வழங்கி   இதை   "" வி று வி று ப்பா ன,   உ க்கிர மான ,   காட்சி   வி ருந்து ""   என்று   வர் ணி த்தார்,   மேலும்   "" பா ஜி ராவ்   ம ஸ்தா னி   ஓர்   உணர் ச்சி வச மான ,   மதி மய ங்க   வை க்கிற   கா தல்   கவி தை   போ ன்று ம்   இசை   நா ட கம்   போ ன்று ம்   வெளி ப்படு கிறது ""   என்று   எழுதி னார்",70
752,நாட்டின் முக்கிய நதிகள் மற்றும் நீர்த் தடங்கள் வழியாக ஆண்டுதோறும் 44 மில்லியன் மெட்ரிக் டன் சரக்குப் போக்குவரத்து செல்கிறது,நாட்டின்   முக்கிய   நதி கள்   மற்றும்   நீர் த்   த ட ங்கள்   வழியாக   ஆண்டு தோ றும்   4 4   மில்லியன்   மெட் ரி க்   டன்   சர க்கு ப்   போக்குவரத்து   செல் கிறது,27
753,"ஓர் 2010ஆம் ஆண்டு அறிக்கையின்படி, ஆஃப்கானிஸ்தானில் சுமார் 2","ஓர்   2010 ஆம்   ஆண்டு   அறிக்கை யின் படி,   ஆஃப் கானி ஸ்தா னில்   சுமார்   2",13
754,"1% (அல்லது 1,350,000 ஹெக்டேர்) மட்டுமே காடுகள் அமைந்துள்ளன","1 %   ( அல்லது   1, 3 50 ,000   ஹெ க் டே ர் )   மட்டுமே   கா டுகள்   அமைந்துள்ள ன",18
755,கண்ட மேலோடு அனைத்தும் அறுதியாக பாறைமூட்டத்தின் வழி பெறப்படும் உருக்குகளிலிருந்து (பெரும்பாலும் பசால்ட்) பசால்ட் உருக்கின் பகுத்து வேறுபடுத்தல் மூலமும் ஏற்கனவே உள்ள கண்ட மேலோட்டின் உட்கிரகிப்பு (மறு உருக்குதல்) மூலமும் உருவாகிறது,கண்ட   மே லோ டு   அனைத்து ம்   அ றுதி யாக   பாறை மூ ட்ட த்தின்   வழி   பெற ப்படும்   உரு க்கு களிலிருந்து   ( பெரும்பாலும்   ப சா ல் ட் )   ப சா ல் ட்   உரு க்கின்   ப கு த்து   வேறு படுத்த ல்   மூல மும்   ஏற்கனவே   உள்ள   கண்ட   மே லோ ட்டின்   உட் கி ர கி ப்பு   ( மறு   உரு க்கு தல் )   மூல மும்   உருவா கிறது,61
756,"ஜப்பான் வழக்கமாக அரிசி (அரிசி வடகங்கள் மற்றும் பதனம்செய்த உணவுகளில் பயன்படுத்தப்படும் அரிசி தவிர) மற்றும் கோதுமை உற்பத்தியில் தன்னிறைவு பெற்றுள்ள போதிலும், மற்ற தானியங்கள் மற்றும் தீவனப் பயிர்களில் சுமார் 50% தேவையை அந்நாடு இறக்குமதி செய்ய வேண்டியுள்ளது, மேலும் தன் இறைச்சித் தேவையின் பாதியளவுக்கு இறக்குமதியையே சார்ந்துள்ளது","ஜ ப்பா ன்   வழக்கமாக   அரி சி   ( அரி சி   வட க ங்கள்   மற்றும்   ப தன ம் செய்த   உணவு களில்   பயன்படுத்த ப்படும்   அரி சி   தவி ர )   மற்றும்   கோ து மை   உற்பத்தி யில்   தன் னி றை வு   பெற்று ள்ள   போதிலும்,   மற்ற   தா னிய ங்கள்   மற்றும்   தீ வன ப்   பயி ர் களில்   சுமார்   50 %   தேவை யை   அ ந் நாடு   இற க்கு மதி   செய்ய   வேண்டி யுள்ள து,   மேலும்   தன்   இ றை ச்சி த்   தேவை யின்   பா திய ள வுக்கு   இற க்கு மதி யை யே   சார் ந்துள்ள து",85
757,தடுப்பரண் படிவுகள் நெடுங்கடற்கரை ஆதாரங்களிலிருந்து உருவாகின்றன என்ற வாதத்தை முதல் முறையாக 1885இல் அமெரிக்கப் புவியியலாளர் குரோவ் கார்ல் கில்பர்ட் முன்வைத்தார்,தடு ப்பர ண்   படி வுகள்   நெடு ங்க ட ற்கரை   ஆதார ங்களிலிருந்து   உருவா கின்றன   என்ற   வாத த்தை   முதல்   முறையாக   18 8 5இல்   அமெரிக்க ப்   புவி யி ய லா ளர்   கு ரோ வ்   கார் ல்   கில் பர் ட்   முன் வை த்தா ர்,40
758,"அசன்சோலில் கோடை காலம் வெப்பமாகவும் வறட்சியாகவும், குளிர்காலம் மிதமாகவும் இருக்கின்றன","அ சன் சோ லில்   கோடை   காலம்   வெப்ப மாகவும்   வற ட்சி யாக வும்,   குளிர் காலம்   மித மாகவும்   இரு க்கின்ற ன",19
759,"அசன்சோல் வழியே நுனியா, கெளரி என இரு சிற்றாறுகள் ஓடுகின்றன","அ சன் சோ ல்   வழி யே   நு னியா ,   கெ ள ரி   என   இரு   சி ற்றா று கள்   ஓ டு கின்றன",21
760,"ஒரு பெரிய நிலநடுக்கத்தின் மையம் கடலில் அமைந்திருந்தால், குறிப்பிடத்தக்க அளவுக்கு கடற்படுகை நகர்ந்து சுனாமி ஏற்படலாம்","ஒரு   பெரிய   நில ந டுக்க த்தின்   மை யம்   கட லில்   அமை ந்திரு ந்தால்,   குறிப்பிடத்தக்க   அள வுக்கு   கட ற்ப டு கை   நகர் ந்து   சு னா மி   ஏற்பட லாம்",27
761,"குளிர்காலத்தில் மேல் தர்மஷாலாவில் (மெக்லியாட்கஞ், பாக்சு நாக் மற்றும் நட்டி உட்பட) உறைபனியும் பனிமழையும் வழக்கமாக நிலவுகின்றன","குளிர் காலத்தில்   மேல்   தர் ம ஷா லா வில்   ( மெ க் லியா ட் க ஞ் ,   பாக் சு   நா க்   மற்றும்   ந ட்டி   உட்பட )   உ றை பனி யும்   பனி மழை யும்   வழக்கமாக   நில வு கின்றன",36
762,"சிட்ரஸ் பழங்கள் முக்கியமாக ஜமைக்காவின் மையப் பகுதிகளில், குறிப்பாக 1,000-2,500 அடி உயரத்தில் வளர்க்கப்படுகின்றன","சி ட் ரஸ்   பழ ங்கள்   முக்கியமாக   ஜ மை க்கா வின்   மைய ப்   பகுதி களில்,   குறிப்பாக   1 ,000 - 2, 500   அடி   உயர த்தில்   வளர் க்கப்படு கின்றன",26
763,தெஹ்ராதூன் நகரத்திற்கு நீர் வரத்துத் தேவையைப் பூர்த்திசெய்ய இரண்டு முதன்மை ஆதாரங்களிலிருந்து குடிநீர் வருகிறது: மேற்பரப்பு நீர் மற்றும் நிலத்தடி நீர்,தெ ஹ் ரா தூ ன்   நகர த்திற்கு   நீர்   வரத்து த்   தேவை யை ப்   பூர் த்தி செய்ய   இரண்டு   முதன்மை   ஆதார ங்களிலிருந்து   குடி நீர்   வரு கிறது :   மேற்ப ர ப்பு   நீர்   மற்றும்   நில த்த டி   நீர்,34
764,"மாம்பழம், சப்போட்டா, ஆரஞ்சு, வாழைப்பழம், பப்பாளி, அன்னாசி போன்ற வெவ்வேறு கனிகளும் கிழங்குகளும் விவசாயிகளின் மலைப்பகுதி நிலங்களில் விளைச்சல் செய்யப்படுகின்றன","மா ம்ப ழ ம்,   ச ப்போ ட்டா ,   ஆ ர ஞ்சு ,   வா ழை ப்பழ ம்,   ப ப்பா ளி ,   அன் னா சி   போன்ற   வெவ்வேறு   க னி களும்   கிழ ங்கு களும்   விவசாயி களின்   மலை ப்பகுதி   நில ங்களில்   விளை ச்சல்   செய்ய ப்படு கின்றன",42
765,"புதிய மீன்கள் ஃபிரான்ஸுக்கும், கருவாடு மற்றும் பதப்படுத்திய மீன்கள் ஸ்பெயினுக்கும் இத்தாலிக்கும் ஏற்றுமதி செய்யப்படுகின்றன","புதிய   மீன் கள்   ஃ பிரா ன் ஸு க்கும்,   கரு வா டு   மற்றும்   பத ப்படு த்திய   மீன் கள்   ஸ் பெ யி னு க்கும்   இ த்தா லி க்கும்   ஏற்று மதி   செய்ய ப்படு கின்றன",31
766,"அதன் நீரடித் திட்டுகள் பொதுவாக வெகு குறைந்த அகலமே கொண்டவை மற்றும் விலுவின் அறிகுறியே இல்லாதவை, அதன் கிழக்கு விளிம்புப் பகுதிகள் மட்டுமே இதற்கு விதிவிலக்கு, அங்கு மாலத்தீவு அளவுகோலின் படி மிகவும் பெரிய தீவுகள் சூழ்ந்துள்ளன","அதன்   நீ ர டி த்   தி ட்டு கள்   பொதுவாக   வெகு   குறைந்த   அ கல மே   கொண்ட வை   மற்றும்   வி லு வின்   அறி குறி யே   இல்லாத வை ,   அதன்   கிழக்கு   வி ளி ம்பு ப்   பகுதிகள்   மட்டுமே   இதற்கு   விதி வில க்கு ,   அங்கு   மா ல த்தீவு   அளவு கோ லின்   படி   மிகவும்   பெரிய   தீ வுகள்   சூழ் ந்துள்ள ன",54
767,"செல்லுலோஸ் நாரிழை மாற்றுக்கள் ஒத்த பண்புகளைக் கொண்டுள்ள போதிலும் அவை பருத்தி ஆடைகளுக்கு கச்சிதமான மாற்று அல்ல, அவற்றின் இழுவலிமை, வெப்பநிலைச் சீராக்கம் போன்ற பண்புகளில் வேறுபாடுகள் உள்ளன","செல் லு லோ ஸ்   நா ரி ழை   மாற்று க்கள்   ஒ த்த   பண் பு களை க்   கொண்டு ள்ள   போதி லும்   அவை   ப ரு த்தி   ஆடை களுக்கு   க ச்சி தமான   மாற்று   அல்ல ,   அவற்றின்   இ ழு வலி மை ,   வெப்பநிலை ச்   சீ ரா க்கம்   போன்ற   பண் பு களில்   வேறு பாடு கள்   உள்ளன",50
768,பருத்திச் சாகுபடியில் மிகுதியான நீர் மற்றும் பூச்சிக்கொல்லிப் பயன்பாட்டினால் நீடிப்புத்தன்மை குறித்த சந்தேகங்கள் எழுந்து மாற்று இயற்கை நாரிழைகளுக்கான சந்தை உருவாகியுள்ளது,ப ரு த்தி ச்   சா கு படி யில்   மி குதி யான   நீர்   மற்றும்   பூ ச்சி க்கொ ல்லி ப்   பயன் பா ட்டி னால்   நீடி ப்பு த்தன்மை   குறித்த   சந்தே க ங்கள்   எழு ந்து   மாற்று   இயற்கை   நா ரி ழை களுக்கான   சந்தை   உருவா கி யுள்ள து,42
769,"குளிர்ந்த நீர்நிலைகள் உள்ள துருவங்களின் அருகே இருப்பதை விட, வெப்பமான, தெளிவான வெப்பமண்டல நீர்நிலைகளில் பவளப் பாறைகள் மிகுந்துள்ளன","குளிர் ந்த   நீர் நிலை கள்   உள்ள   து ருவ ங்களின்   அருகே   இருப்பதை   விட ,   வெப்ப மான ,   தெளி வான   வெப்பமண்டல   நீர் நிலை களில்   ப வள ப்   பாறை கள்   மி கு ந்துள்ள ன",31
770,"இந்தியாவில் 7,516 கிலோமீட்டர் (4,670 மைல்) கடலோரப் பகுதியும், 3,827 மீன்பிடி கிராமங்களும், 1,914 பாரம்பரிய மீன் பிடிப்பு மையங்களும் உள்ளன","இந்தியாவில்   7 , 5 16   கிலோமீட்டர்   ( 4 , 6 70   மைல்)   கடலோர ப்   பகுதி யும்,   3, 8 27   மீன் பிடி   கிராம ங்களு ம்,   1, 9 14   பாரம்பரிய   மீன்   பிடி ப்பு   மைய ங்களும்   உள்ளன",34
771,"மணிப்பூருக்குப் பொருத்தமான சில பணப்பயிர்களில் லிச்சி, முந்திரி, வால்நட், ஆரஞ்சு, எலுமிச்சை, அன்னாசிப்பழம், பப்பாளி, பேஷன் ஃப்ரூட், குழிப்பேரி, பேரிக்காய், பிளம்ஸ் ஆகியவை அடங்கும்","மணிப்பூ ருக்கு ப்   பொருத்த மான   சில   பண ப்ப யி ர் களில்   லி ச்சி ,   மு ந்தி ரி,   வால் ந ட்,   ஆ ர ஞ்சு ,   எ லு மி ச்சை ,   அன் னா சி ப்பழ ம்,   ப ப்பா ளி ,   பே ஷன்   ஃப் ரூ ட்,   கு ழி ப்பே ரி,   பே ரிக்கா ய் ,   பி ளம் ஸ்   ஆகியவை   அடங்கு ம்",57
772,"காட்சி ஏற்பாடுகளில் நிகழ்ந்துள்ள மாற்றம் விலங்குக் காப்பாளர்களின் பணி வரம்பை மாற்றி வருகிறது, இப்போது அவர்கள் விலங்கு வசிப்பிடக் காப்பாளர்களாகவும் மாறி வாழ்வியல் சூழல் பராமரிப்பு பற்றி அவசியமான நடைமுறை அறிவைப் பெறுகின்றனர், இதில் நிலவெளிப் பராமரிப்பு, தாவரங்கள் பராமரிப்பு, சீதோஷ்ணக் கட்டுப்பாடு, சகல வகைப்பாட்டு வர்க்கங்களிடையே மேலும் பல இனங்களுக்கான கால்நடை வளர்ப்பு பற்றி கூடுதல் அறிவு ஆகியவையும் உட்படும்","காட்சி   ஏற்பாடு களில்   நிகழ் ந்துள்ள   மாற்ற ம்   விலங்கு க்   கா ப்பாளர் களின்   பணி   வர ம் பை   மாற்றி   வரு கிறது,   இப்போது   அவர்கள்   விலங்கு   வசி ப்பிட க்   கா ப்பாளர் களாக வும்   மாறி   வாழ் வியல்   சூழ ல்   பராமரி ப்பு   பற்றி   அவசிய மான   நடைமுறை   அறி வை ப்   பெறு கின்ற னர்,   இதில்   நில வெளி ப்   பராமரி ப்பு,   தாவர ங்கள்   பராமரி ப்பு,   சீ தோ ஷ் ண க்   கட்டுப்பா டு ,   ச கல   வகை ப்பா ட்டு   வர் க்க ங்களி டையே   மேலும்   பல   இன ங்களு க்கான   கால் நடை   வளர் ப்பு   பற்றி   கூடுதல்   அறிவு   ஆகியவை யும்   உட் படும்",89
773,"இந்நாட்டிலேயே மரபழிந்து போன அல்லது அவ்வாறு கருதப்படுகிற குறிப்பிடத்தக்க பாலூட்டி இனங்களில் இந்திய அல்லது ஆசிய சிறுத்தை, ஜாவா காண்டாமிருகம், சுமத்ரா காண்டாமிருகம் ஆகியவை அடங்கும்","இந் நாட்டி லேயே   மர ப ழி ந்து   போ ன   அல்லது   அவ் வாறு   கருத ப்படு கிற   குறிப்பிடத்தக்க   பா லூ ட்டி   இன ங்களில்   இந்திய   அல்லது   ஆசிய   சிறு த்தை ,   ஜா வா   கா ண்டா மி ரு க ம்,   சு ம த்ரா   கா ண்டா மி ரு கம்   ஆகியவை   அடங்கு ம்",46
774,"கோவாவின் மாநில விலங்கு காட்டெருது, மாநிலப் பறவை சிவப்புத் தொண்டைச் சின்னான், மாநில மரம் புன்னை","கோவா வின்   மாநில   விலங்கு   காட் டெ ரு து,   மாநில ப்   பறவை   சிவ ப்பு த்   தொ ண்டை ச்   சின் னா ன்,   மாநில   ம ரம்   பு ன் னை",26
775,"நெல் முக்கிய உணவுப் பயிராக உள்ளது, பருப்பு (பயறு) வகைகள், ராகி (கேழ்வரகு) மற்றும் பிற உணவுப் பயிர்களும் சாகுபடி செய்யப்படுகின்றன","நெ ல்   முக்கிய   உணவு ப்   பயி ராக   உள்ளது,   ப ரு ப்பு   ( பய று )   வகை கள்,   ரா கி   ( கே ழ் வர கு )   மற்றும்   பிற   உணவு ப்   பயி ர் களும்   சா கு படி   செய்ய ப்படு கின்றன",38
776,"இங்கு கோடைக்காலம் கொதிக்கும்; தாழ்வான பகுதிகளில் மே மாதம் 50° சி (122° எஃப்) வெப்பநிலையைத் தாண்டலாம், இதன் விளைவாக வெப்ப அலைகள் உண்டாகி அவை ஒவ்வொன்றும் நூற்றுக்கணக்கான இந்தியர்களின் உயிரைக் குடிக்கக்கூடிய ஆற்றல் கொண்டவை","இங்கு   கோடை க்கா லம்   கொ தி க்கும் ;   தா ழ் வான   பகுதிகளில்   மே   மாதம்   50 °   சி   ( 12 2 °   எஃப் )   வெப்பநிலை யை த்   தா ண்ட லாம்,   இதன்   விளைவாக   வெப்ப   அலை கள்   உ ண்டா கி   அவை   ஒவ் வொ ன்று ம்   நூ ற்று க்கணக்கான   இந்தி யர் களின்   உயி ரை க்   குடி க்கக்கூடிய   ஆ ற்ற ல்   கொண்ட வை",58
777,"மிதத் தட்பவெப்ப இலையுதிர் காட்டு உயிரினக் குழுமங்கள் என்பவை வடக்கு மற்றும் கிழக்கு அமெரிக்கா, ஆசியா, இமயமலையின் தெற்குச் சரிவுகள், ஐரோப்பா ஆகிய பகுதிகளில் பரவியுள்ள மற்றும் ஓஷியானாவில் சாகுபடி நோக்கங்களுக்காக வளர்க்கப்படுகின்ற தாவரக் குழுக்களாகும்","மித த்   த ட்ப வெப்ப   இ லை யு திர்   காட்டு   உயிரி ன க்   குழு ம ங்கள்   என்ப வை   வடக்கு   மற்றும்   கிழக்கு   அமெரிக்கா ,   ஆசியா ,   இமயமலை யின்   தெற்கு ச்   சரி வு கள்,   ஐரோ ப்பா   ஆகிய   பகுதிகளில்   பர வி யுள்ள   மற்றும்   ஓ ஷி யா னா வில்   சா கு படி   நோக்க ங்களு க்காக   வளர் க்கப்படு கின்ற   தாவர க்   குழு க்க ளா கும்",60
778,"இந்தப் பருவகாலம்-சார்ந்த பிரத்யேக இனங்களுள் பல்வேறுபட்ட உயிரின வடிவங்கள் உள்ளன, அவை தம் சீதோஷ்ணப் பருவகாலத்தினால், குறிப்பாக வெப்பநிலை மற்றும் மழைப்பொழிவு விகிதங்களால், மிகுந்த தாக்கத்துக்கு ஆளாகின்றன","இந்த ப்   பருவ காலம் - சார்ந்த   பிர த் யே க   இன ங்களு ள்   பல்வேறு பட்ட   உயிரி ன   வடிவ ங்கள்   உள்ளன,   அவை   தம்   சீ தோ ஷ் ண ப்   பருவ கால த்தி னால்,   குறிப்பாக   வெப்பநிலை   மற்றும்   மழைப்பொழி வு   விகித ங்களா ல்,   மி குந்த   தா க்க த்துக்கு   ஆ ளா கின்றன",47
779,"முக்கிய கடல் துறைமுகங்களுள் இந்தியாவில் கண்ட்லா துறைமுகம், முந்த்ரா துறைமுகம், பிபவாவ் துறைமுகம், தாஹேஜ் துறைமுகம், ஹசீரா துறைமுகம், மும்பை துறைமுகம், நவா ஷேவா துறைமுகம் (நவி மும்பை), மர்மகோவா துறைமுகம் (கோவா), புதிய மங்களூர் துறைமுகம் மற்றும் கொச்சி துறைமுகமும்; பாகிஸ்தானில் கராச்சி துறைமுகம், காசிம் துறைமுகம் மற்றும் குவாதர் துறைமுகமும்; ஈரானில் சபஹார் துறைமுகமும்; ஒமானின் சலாலாவில் உள்ள சலாலா துறைமுகமும் அடங்கும்","முக்கிய   கடல்   துறைமுக ங்களு ள்   இந்தியாவில்   கண் ட் லா   துறைமுக ம்,   மு ந்த் ரா   துறைமுக ம்,   பி ப வா வ்   துறைமுக ம்,   தா ஹே ஜ்   துறைமுக ம்,   ஹ சீ ரா   துறைமுக ம்,   மும்பை   துறைமுக ம்,   ந வா   ஷே வா   துறைமுக ம்   ( ந வி   மும்பை ),   மர் ம கோவா   துறைமுக ம்   ( கோவா ),   புதிய   ம ங்க ளூ ர்   துறைமுக ம்   மற்றும்   கொ ச்சி   துறைமுக மும் ;   பாகிஸ்தா னில்   கரா ச்சி   துறைமுக ம்,   கா சிம்   துறைமுக ம்   மற்றும்   குவா தர்   துறைமுக மும் ;   ஈ ரா னில்   ச ப ஹா ர்   துறைமுக மும் ;   ஒ மா னின்   ச லா லா வில்   உள்ள   ச லா லா   துறைமுக மும்   அடங்கு ம்",108
780,"கோந்த்வானா மற்றும் விந்தியாவின் அரவணைப்புக்குள் மத்திய பிரதேசம், சத்தீஸ்கர், ஒடிசா, பீகார், ஜார்கண்ட், மேற்கு வங்காளம், ஆந்திர பிரதேசம், மகாராஷ்டிரா, ஜம்மு காஷ்மீர், பஞ்சாப், இமாச்சல பிரதேசம், ராஜஸ்தான், உத்தராகண்ட் ஆகியவற்றின் பகுதிகள் அடங்கியுள்ளன","கோ ந்த் வா னா   மற்றும்   வி ந்தியா வின்   அர வ ணை ப்பு க்குள்   மத்திய   பிரதேச ம்,   ச த்தீ ஸ் க ர்,   ஒடிசா ,   பீ கா ர்,   ஜா ர் கண் ட்,   மேற்கு   வங்காள ம்,   ஆந்திர   பிரதேச ம்,   மகாராஷ்டிரா ,   ஜம்மு   காஷ்மீ ர்,   பஞ்சாப் ,   இ மா ச்ச ல   பிரதேச ம்,   ராஜ ஸ்தான் ,   உத்தராக ண்ட்   ஆகியவ ற்றின்   பகுதிகள்   அட ங்கி யுள்ள ன",61
781,வட அமெரிக்காவின் நிலத்தடியே நிலைக்கண்டப் பகுதியில் இரண்டு அடுக்குகள் இருப்பதாக பரப்பு வரைவியல் காட்டுகிறது,வட   அமெரிக்கா வின்   நில த்த டி யே   நிலை க்கண்ட ப்   பகுதியில்   இரண்டு   அ டுக்கு கள்   இருப்ப தாக   பர ப்பு   வரை வியல்   காட்டு கிறது,23
782,"மாதாந்திர சராசரி மழைப்பொழிவு, பிப்ரவரி மற்றும் ஏப்ரலில் 54 மிமீ (2","மாதாந்திர   சராசரி   மழைப்பொழி வு ,   பிப்ரவரி   மற்றும்   ஏப்ர லில்   5 4   மி மீ   ( 2",15
783,1 அங்குலம்) முதல் ஜூலையில் 78 மிமீ (3,1   அங்கு லம் )   முதல்   ஜூலை யில்   7 8   மி மீ   ( 3,13
784,1 அங்குலம்) வரை என வேறுபடுகிறது,1   அங்கு லம் )   வரை   என   வேறு படு கிறது,9
785,"இந்தப் பிராந்தியங்களில் நிலம் மற்றும் நீர் பற்றாக்குறை, பின்தங்கிய வேளாண் நடைமுறைகள், வட்டப் பவளத்திட்டுகளில் உதவிச் சேவையின்மை ஆகியவற்றால் உற்பத்தி குறைவாக உள்ளது, எனவே வருமானமும் குறைவாக உள்ளது","இந்த ப்   பிராந்திய ங்களில்   நில ம்   மற்றும்   நீர்   ப ற்றா க்குறை ,   பின் த ங்கிய   வே ளா ண்   நடைமுறை கள்,   வட்ட ப்   ப வள த்தி ட்டு களில்   உதவி ச்   சேவை யின் மை   ஆகியவ ற்றா ல்   உற்பத்தி   குறைவாக   உள்ளது,   எனவே   வருமான மும்   குறைவாக   உள்ள து",44
786,"மூங்கில் பிரம்புகள், மராத்தா மரப்பட்டைகள், சில்லர் மரப்பட்டைகள், பிராந்த் ஆகியவை முக்கியமான வனப் பொருட்கள்","மூ ங்கில்   பிர ம்பு கள்,   மரா த்தா   மர ப்ப ட்டை கள்,   சி ல்ல ர்   மர ப்ப ட்டை கள்,   பிரா ந்த்   ஆகியவை   முக்கியமான   வன ப்   பொருட்கள்",25
787,"நெல், பருத்தி, கரும்பு, கம்பு, கேழ்வரகு, சோளம், மக்காச்சோளம், பார்லி, கனிகள் ஆகியவை பிற முக்கியப் பயிர்கள் ஆகும்","நெ ல்,   ப ரு த்தி ,   க ரும் பு ,   கம் பு ,   கே ழ் வர கு ,   சோ ள ம்,   ம க்கா ச் சோ ள ம்,   பார் லி ,   க னி கள்   ஆகியவை   பிற   முக்கிய ப்   பயி ர்கள்   ஆ கும்",41
788,37 வகையான ஊர்வன மற்றும் நீர்நில உயிரினங்கள் குறித்து தெரிவிக்கப்பட்டுள்ளது,3 7   வகையான   ஊ ர் வன   மற்றும்   நீர் நில   உயிரி ன ங்கள்   குறித்து   தெரிவி க்கப்பட்டுள்ள து,16
789,சூயஸ் கால்வாயை நிர்வகித்த டீ லெஸப்ஸ் கம்பெனி முதன்முதலில் 1880களில் பனாமா கால்வாய் அமைக்க முயற்சித்தது,சூ ய ஸ்   கால் வா யை   நிர்வகி த்த   டீ   லெ ஸ ப் ஸ்   கம் பெனி   முதன் முதலில்   18 80 களில்   ப னா மா   கால் வாய்   அமை க்க   முயற்சி த்த து,30
790,"இந்த முனிசிபாலிட்டியின் குறுக்கே மூன்று நீர்வழிகள் செல்கின்றன: மேற்கிலிருந்து கிழக்கே வீஸ்பெர்ட்ரெக்வார்ட், வடக்கிலிருந்து கிழக்கே ஆம்ஸ்டெர்டாம்-ரைன் கால்வாய், மற்றும் தெற்கிலிருந்து வடக்கே டியம் ஆறு","இந்த   மு னி சி பாலி ட்டி யின்   குறு க்கே   மூன்று   நீர் வழி கள்   செல் கின்றன :   மேற் கி லிருந்து   கிழக்கே   வீ ஸ் பெர் ட் ரெ க் வார் ட்,   வட க்கி லிருந்து   கிழக்கே   ஆம் ஸ் டெ ர் டா ம் - ரை ன்   கால் வாய் ,   மற்றும்   தெற் கி லிருந்து   வடக்கே   டிய ம்   ஆறு",52
791,"இருவகை வேளாண் மேலாண்மை நடைமுறைகளில் ஆர்கானிக் விவசாயம், பாரம்பரிய விவசாயம் ஆகியவை அடங்கும்","இரு வகை   வே ளா ண்   மேலா ண் மை   நடைமுறை களில்   ஆர் கானி க்   விவசாய ம்,   பாரம்பரிய   விவசா யம்   ஆகியவை   அடங்கு ம்",21
792,"அடுக்கு வளிமண்டலத்தில் உள்ள சல்ஃபேட் தூசுப்படலங்களின் இரசாயன வினைகளும் ஓசோன் படலத்தைச் சேதப்படுத்தலாம், அதேபோல் ஹைட்ரஜன் குளோரைடு (HCl), ஹைட்ரஜன் ஃப்ளூரைடு (HF) போன்ற அமிலங்கள் பூமியில் அமில மழையாகப் பொழியலாம்","அ டுக்கு   வளி மண்டல த்தில்   உள்ள   ச ல்ஃ பே ட்   தூ சு ப்பட ல ங்களின்   இர சா ய ன   வினை களும்   ஓ சோ ன்   பட ல த்தை ச்   சே த ப்படுத்த லாம்,   அதே போல்   ஹை ட் ர ஜ ன்   கு ளோ ரை டு   ( H C l ),   ஹை ட் ர ஜ ன்   ஃப் ளூ ரை டு   ( H F )   போன்ற   அ மி ல ங்கள்   பூமி யில்   அ மி ல   மழை யாக ப்   பொ ழி ய லாம்",78
793,"வெப்பமண்டலப் பருவமழைச் சீதோஷணம் கொண்ட அசாமில் மிதமான தட்பவெப்பம் உள்ளது (கோடை காலத்தில் அதிகபட்சம் 95° - 100° எஃப் அல்லது 35° - 38° சி மற்றும் குளிர்காலத்தில் குறைந்தபட்சம் 43° - 46° எஃப் அல்லது 6° - 8° சி), அதேவேளை பலத்த மழைப்பொழிவும் மிகுந்த ஈரப்பதமும் நிலவுகிறது","வெப்பமண்டல ப்   பருவமழை ச்   சீ தோ ஷ ணம்   கொண்ட   அசா மில்   மி தமான   த ட்ப வெப்ப ம்   உள்ள து   ( கோடை   காலத்தில்   அதிகபட்ச ம்   9 5 °   -   100 °   எஃப்   அல்லது   35 °   -   3 8 °   சி   மற்றும்   குளிர் காலத்தில்   குறைந்தபட்ச ம்   4 3 °   -   4 6 °   எஃப்   அல்லது   6 °   -   8 °   சி ),   அதே வேளை   பல த்த   மழைப்பொழி வும்   மி குந்த   ஈ ரப்ப த மும்   நில வு கிறது",75
794,"சுமார் 10,000 மில்லி மீட்டர் (390 இஞ்சு) மற்றும் கூடுதல் சராசரி அளவு கொண்ட இப்பிராந்தியத்தின் மிகுதியான மழைப்பொழிவு உயரளவு நிலநடுக்க நிகழ்வுகள் மற்றும் வெள்ளம் உள்ளிட்ட இயற்கைச்சூழல் பிரச்சனைகளை உருவாக்குகிறது","சுமார்   10 ,000   மில்லி   மீட்டர்   ( 3 90   இ ஞ்சு )   மற்றும்   கூடுதல்   சராசரி   அளவு   கொண்ட   இ ப்பிராந்திய த்தின்   மி குதி யான   மழைப்பொழி வு   உயர ளவு   நில ந டுக்க   நிகழ் வுகள்   மற்றும்   வெள்ள ம்   உள்ளிட்ட   இயற்கை ச்சூழ ல்   பிரச்சனை களை   உருவாக்கு கிறது",42
795,"2021ஆம் ஆண்டு நிலவரப்படி, இந்தியாவில் 28 மாநிலங்கள் உள்ளன, அவற்றில் தேசிய அரசு (ஒன்றிய அல்லது கூட்டாட்சி அரசு என்று அழைக்கப்படுகிறது) அல்லாத தத்தமது சொந்தத் தேர்ந்தெடுக்கப்பட்ட அரசுகள் இருக்கின்றன, மற்றும் 8 யூனியன் பிரதேசங்கள் உள்ளன, அவை ஒன்றிய அரசால் நிர்வகிக்கப்படுகின்றன","20 21 ஆம்   ஆண்டு   நிலவர ப்படி,   இந்தியாவில்   28   மாநில ங்கள்   உள்ளன,   அவற்றில்   தேசிய   அரசு   ( ஒன் றிய   அல்லது   கூ ட்டா ட்சி   அரசு   என்று   அழைக்கப்படு கிறது )   அ ல்லாத   த த்த மது   சொந்த த்   தேர்ந்தெடு க்கப்பட்ட   அரசு கள்   இரு க்கின்ற ன,   மற்றும்   8   யூனியன்   பிரதேச ங்கள்   உள்ளன,   அவை   ஒன் றிய   அரசா ல்   நிர்வகி க்கப்படு கின்றன",54
796,"இந்தச் சந்தர்ப்பத்தில், இந்தியர்கள் வெற்றிகரமாகப் பொய்யுரைத்து எவ்விதத் துப்பாக்கிச்சூடும் இன்றி பாதுகாப்பான இடத்துக்குத் தப்பிச் சென்றனர்","இந்த ச்   ச ந்தர் ப்ப த்தில்,   இந்திய ர்கள்   வெற்றிகர மாக ப்   பொ ய் யு ரை த்து   எவ் வித த்   துப்பாக்கி ச் சூ டும்   இன் றி   பாதுகா ப்பான   இட த்துக்கு த்   த ப்பி ச்   செ ன்ற னர்",36
797,"ஐஆர் மேற்கொண்டு அறுபத்தி ஏழு கோட்டங்களாகப் பிரிக்கப்பட்டு, அவை ஒவ்வொன்றிலும் துணை மண்டல கோட்டத் தலைமையகம் உள்ளது","ஐ ஆர்   மேற் கொண்டு   அறு ப த்தி   ஏழு   கோ ட்ட ங்களாக ப்   பிரி க்கப்பட்டு ,   அவை   ஒவ் வொ ன்றி லும்   துணை   மண்டல   கோ ட்ட த்   தலை மைய கம்   உள்ள து",30
798,"முன்னேறி வரும் செம்படையைக் கண்டு விரண்டோடிய ஜெர்மனியின் கிழக்குப் பிரஷ்ய, சிலேசிய மற்றும் போமரேனிய மாகாண வாசிகளில் ஏராளமானோர் உயிரிழந்தனர், அவர்களில் ஒரு பகுதியினர் குளிர் மற்றும் பட்டினியாலும், மறறொரு பகுதியினர் போர் நடவடிக்கைகளாலும் இவ்வாறு மாண்டனர்","முன்னே றி   வரும்   செ ம்ப டை யை க்   க ண்டு   விர ண் டோ டிய   ஜெ ர் மனி யின்   கிழக்கு ப்   பிர ஷ் ய ,   சி லே சிய   மற்றும்   போ ம ரே னிய   மாகாண   வாசி களில்   ஏரா ள மா னோ ர்   உயிரிழ ந்த னர்,   அவர் களில்   ஒரு   பகுதி யினர்   குளிர்   மற்றும்   பட்டி னியா லும்,   ம ற றொ ரு   பகுதி யினர்   போர்   நடவடிக்கை களா லும்   இவ் வாறு   மா ண்ட னர்",68
799,"வாக்குகளை வெற்றிபெற்ற வேட்பாளரிடமிருந்து ஒரு தோற்கடிக்கப்பட்ட வேட்பாளருக்கு மாற்ற முடியாது, அதேபோல் இரண்டாவது விருப்ப வேட்பாளர் இருப்பின் அவரைக் குறிப்பிடுவதும் அவசியம்","வாக்கு களை   வெற்றி பெற்ற   வே ட் பா ள ரி டமிருந்து   ஒரு   தோற்கடி க்கப்பட்ட   வே ட் பா ள ருக்கு   மாற்ற   முடியா து,   அதே போல்   இரண்டாவது   விருப்ப   வே ட் பா ளர்   இரு ப்பின்   அவரை க்   குறிப்பிடு வது ம்   அவசிய ம்",38
800,"ஐசிசி-யில் மூன்று பிரிட்டிஷாரும் மூன்று இந்தியர்களும் இடம்பெற்றிருந்தனர், மதராஸைச் சேர்ந்த வக்கீல் டி","ஐ சி சி - யில்   மூன்று   பிரிட்டி ஷா ரும்   மூன்று   இந்தி யர் களும்   இடம் பெற்றி ருந்த னர்,   மத ரா ஸை ச்   சேர்ந்த   வ க் கீ ல்   டி",27
801,ரங்காச்சாரி அதற்குத் தலைமை தாங்கினார்,ர ங்கா ச்சா ரி   அதற்கு த்   தலைமை   தா ங்கி னார்,10
802,2020இல் நிதி அமைச்சர் நிர்மலா சீதாராமன் இந்தச் சட்டத்தைத் திருத்த ஒரு மசோதாவை அறிமுகப்படுத்தினார்,20 20 இல்   நிதி   அமைச்ச ர்   நிர் ம லா   சீ தா ராம ன்   இந்த ச்   சட்ட த்தை த்   திரு த்த   ஒரு   ம சோ தா வை   அறிமுக ப்படுத்தி னார்,28
803,"2012 டிசம்பரில், கேரள வனத்துறையினர் வயநாடு வனவிலங்குகள் சரணாலயத்தின் எல்லைப் பகுதியிலுள்ள ஒரு காபித் தோட்டத்தில் ஒரு புலியைச் சுட்டனர்","2012   டி சம்ப ரி ல்,   கேர ள   வன த்துறை யினர்   வய நாடு   வன விலங்கு கள்   சரணா லய த்தின்   எல்லை ப்   பகுதி யி லுள்ள   ஒரு   கா பி த்   தோ ட்ட த்தில்   ஒரு   புலி யை ச்   சு ட்ட னர்",37
804,இந்தப் புலி தங்கள் கால்நடைகளைத் தூக்கிச்சென்று விடுகிறது என்று கூறி பொதுமக்களின் போராட்டங்கள் வெடித்த பிறகு அந்த விலங்கை வேட்டையாடிப் பிடிக்குமாறு கேரள தலைமை வனப் பாதுகாவலர் உத்தரவிட்டார்,இந்த ப்   புலி   தங்கள்   கால் நடை களை த்   தூ க்கி ச்சென்று   விடு கிறது   என்று   கூறி   பொது மக்களின்   போராட்ட ங்கள்   வெடி த்த   பிறகு   அந்த   வில ங்கை   வே ட்டை யா டி ப்   பிடி க்கு மாறு   கேர ள   தலைமை   வன ப்   பாதுகா வ லர்   உத்தர விட்டா ர்,44
805,இந்த மசோதா முஸ்லிம்களுக்கு எதிரானதல்ல ஏனென்றால் அவர்கள் குடியுரிமை பெறுவதற்காக உள்ள வழியில் இது எந்த மாற்றமும் ஏற்படுத்தவில்லை என்று ஷா வலியுறுத்தினார்,இந்த   ம சோ தா   முஸ்லிம் களுக்கு   எதிரான த ல்ல   ஏனெ ன்றால்   அவர்கள்   குடி யு ரிமை   பெறு வதற்காக   உள்ள   வழி யில்   இது   எந்த   மாற்ற மும்   ஏற்ப டுத்த வில்லை   என்று   ஷா   வலியுறு த்தி னார்,32
806,"1992 ஜனவரியில், ஒன்றிய அரசு பெண்களை குறுங்காலப் பணி ஒப்பந்தங்கள் மூலம் இராணுவத்தின் போர்-சாராத பிரிவுகளில் சேர்க்க ஒப்புதலளித்தது","199 2   ஜனவரி யில்,   ஒன் றிய   அரசு   பெண் களை   குறு ங் கால ப்   பணி   ஒப்பந்த ங்கள்   மூலம்   இராணுவ த்தின்   போர் - சா ரா த   பிரிவு களில்   சேர் க்க   ஒப்பு த ல ளி த்த து",34
807,"2012 ஜனவரியில் ஒபாமா வெள்ளை மாளிகையின் ""அமெரிக்கப் பணிளை உள்நாட்டில் பகிர்ந்தளிக்கும்"" மன்றத்தில் பேசும்போது அமெரிக்காவில் முதலீடு செய்வதற்கான நடவடிக்கைக்கு அழைப்பு விடுத்தார்","2012   ஜனவரி யில்   ஒ பா மா   வெ ள் ளை   மா ளி கை யின்   "" அமெரிக்க ப்   பணி ளை   உள் நாட்டில்   ப கிர் ந்த ளி க்கும் ""   மன்ற த்தில்   பேசு ம் போது   அமெரிக்கா வில்   முதலீடு   செய் வதற்கான   நடவடிக்கை க்கு   அழை ப்பு   விடு த்தா ர்",43
808,இங்கு 7 ஜூலை 1857 அன்று மாட்சிமை பொருந்திய பேரரசியின் 24ஆம் காலாட்படையில் உள்ள 35 பிரிட்டிஷ் படைவீரர்கள் (சவுத் வேல்ஸ் எல்லைக் காவலர்கள்) கலகக்காரர்களால் கொல்லப்பட்டனர்,இங்கு   7   ஜூலை   18 5 7   அன்று   மா ட்சி மை   பொரு ந்திய   பேரர சி யின்   24 ஆம்   கா லா ட் படை யில்   உள்ள   35   பிரிட்டிஷ்   படை வீரர்கள்   ( ச வு த்   வே ல் ஸ்   எல்லை க்   கா வல ர்கள் )   கல க க்கார ர் களால்   கொல்ல ப்பட்ட னர்,48
809,ஆந்திரப் பிரதேச அரசு 1997இல் குமாருக்கு என்டிஆர் தேசிய விருது வழங்கி கௌரவித்தது,ஆந்திர ப்   பிரதேச   அரசு   199 7இல்   குமா ருக்கு   என் டி ஆர்   தேசிய   விருது   வழங்கி   கௌ ரவி த்த து,18
810,"மொத்தச் சுரங்கங்கள் மற்றும் அதுசார்ந்த தொழில்துறைகளில் 90% அரசுக்குச் சொந்தமானது, அரசு இதற்கு அந்நிய முதலீட்டை நாடுகிறது","மொத்த ச்   சு ரங்க ங்கள்   மற்றும்   அது சார்ந்த   தொழில்துறை களில்   90 %   அரசு க்கு ச்   சொந்த மான து,   அரசு   இதற்கு   அ ந் நிய   முதலீ ட்டை   நாடு கிறது",27
811,"கலிஃபோர்னியா இன்ஸ்டிடியூட் ஆஃப் டெக்னாலஜி (கேல்டெக்) நிர்வகிக்கும் நாசா-நிதியுதவி கொண்ட ஜெட் புரொபல்ஷன் லேபரட்டரி (ஜேபிஎல்) போல, 2021இல் இஸ்ரோவும் இந்திய விண்வெளி அறிவியல் மற்றும் தொழில்நுட்பக் கழகமும் (ஐஐஎஸ்டி) ஒரு கூட்டுப்பணிக் கட்டமைப்பை நடைமுறைக்குக் கொண்டுவந்தது, அதன்படி பெங்களூரில் அமைந்துள்ள இஸ்ரோவின் திறன் வளர்ப்புத் திட்ட அலுவலகத்தின் (சிபிபஓ) கீழ் உள்ள ஓர் அதிகாரமளிக்கப்பட்ட மேற்பார்வைக் குழு (இஓசி) அனைத்துப் பொது நலன் கொண்ட குறுங்கால, இடைக்கால மற்றும் நீண்ட கால விண்வெளி ஆராய்ச்சித் திட்டங்களுக்கும் ஒப்புதல் அளிக்கும்","க லிஃ போர் னியா   இன் ஸ்டி டி யூ ட்   ஆஃப்   டெ க் னா ல ஜி   ( கே ல் டெ க் )   நிர்வகி க்கும்   நா சா - நிதி யு தவி   கொண்ட   ஜெ ட்   பு ரொ பல் ஷன்   லே பர ட்ட ரி   ( ஜே பி எல் )   போல ,   20 21 இல்   இஸ் ரோ வும்   இந்திய   வி ண் வெளி   அறிவி யல்   மற்றும்   தொழில்நுட்ப க்   க ழ க மும்   ( ஐ ஐ எஸ் டி )   ஒரு   கூட்டு ப்பணி க்   கட்ட மை ப்பை   நடைமுறை க்கு க்   கொண்டு வந்த து,   அத ன்படி   பெ ங்க ளூ ரில்   அமைந்துள்ள   இஸ் ரோ வின்   திறன்   வளர் ப்பு த்   திட்ட   அலு வல கத்தின்   ( சி பி ப ஓ )   கீழ்   உள்ள   ஓர்   அதிகார மளி க்கப்பட்ட   மேற் பார்வை க்   குழு   ( இ ஓ சி )   அனைத்து ப்   பொது   ந ல ன்   கொண்ட   குறு ங் கால ,   இடை க்கால   மற்றும்   நீண்ட   கால   வி ண் வெளி   ஆராய்ச்சி த்   திட்ட ங்களு க்கும்   ஒப்பு தல்   அளி க்கும்",152
812,பெரும்பாலான இந்திய மாநிலங்கள் தங்கள் ஆட்சிப் பகுதிக்குள் குற்ற விசாரணைகளை நடத்த சிபிஐ-க்கு பொதுவான ஒப்புதலை அளித்திருந்தன,பெரும்பாலான   இந்திய   மாநில ங்கள்   தங்கள்   ஆட்சி ப்   பகுதி க்குள்   குற்ற   வி சாரணை களை   நடத்த   சி பி ஐ - க்கு   பொதுவான   ஒப்பு தலை   அளி த்திருந்த ன,25
813,"அதேபோல், பணப்புழக்கப் பற்றாக்குறை உள்ளபோது ஆர்பிஐ அரசுப் பத்திரங்களைக் கொள்முதல் செய்து அதன்மூலம் பொருளாதாரத்தில் மேலும் பணத்தைப் புழங்க விடுகிறது","அதே போ ல்,   பண ப்பு ழ க்க ப்   ப ற்றா க்குறை   உள்ள போது   ஆர் பி ஐ   அரசு ப்   ப த்திர ங்களை க்   கொள் முதல்   செய்து   அதன் மூலம்   பொருளாதார த்தில்   மேலும்   பணத்தை ப்   பு ழ ங்க   விடு கிறது",37
814,பழங்குடிச் சமூகங்களுக்கு வழங்கப்பட்டுள்ள சுயாட்சி உரிமைகளைச் சரிவரச் செயல்படுத்துவதை உறுதிசெய்ய முர்மு போதுமான நடவடிக்கைகளை எடுக்கவில்லை என்று முன்னாள் பிஜேபி அரசியல்வாதியும் செயல்வீரருமான ரத்தன் டிர்கே கூறினார்,பழங்குடி ச்   சமூக ங்களுக்கு   வழங்க ப்பட்டுள்ள   சு யா ட்சி   உரிமை களை ச்   சரி வர ச்   செயல்படு த்துவ தை   உறுதி செய்ய   மு ர் மு   போது மான   நடவடிக்கை களை   எடுக்க வில்லை   என்று   முன்னாள்   பி ஜே பி   அரசியல் வாதி யும்   செயல் வீர ரு மான   ர த்தன்   டி ர் கே   கூறி னார்,48
815,"2021ஆம் ஆண்டு வங்கதேசம் இலங்கைக்கு யுஎஸ்$200 மில்லியன் கடன் கொடுத்தது, மேலும் சூடானுக்கு யுஎஸ்$7","20 21 ஆம்   ஆண்டு   வங்க தேச ம்   இல ங்கை க்கு   யு எஸ் $ 200   மில்லியன்   கடன்   கொ டுத்த து,   மேலும்   சூ டா னுக்கு   யு எஸ் $ 7",27
816,7 மில்லியன் பொருளாதார நிதி உதவியாக வழங்கியது,7   மில்லியன்   பொருளாதார   நிதி   உதவி யாக   வழ ங்கிய து,9
817,சில கடற்படைகள் போர் அல்லது இயற்கைப் பேரழிவுகள் போன்ற பெருத்த சேதம் ஏற்படும் சூழ்நிலைகளில் மருத்துவ உதவி வழங்குவதற்காக கடலில் செல்லும் மருத்துவமனைக் கப்பல்களை இயக்குகின்றன,சில   கட ற்ப டை கள்   போர்   அல்லது   இயற்கை ப்   பேர ழி வுகள்   போன்ற   பெரு த்த   சே தம்   ஏற்படும்   சூழ் நிலை களில்   மருத்துவ   உதவி   வழங்கு வதற்காக   கட லில்   செல்லும்   மருத்துவ மனை க்   க ப்பல் களை   இயக்கு கின்றன,36
818,"இந்த ஒப்பந்தத்தின் கீழ், உறுப்பினராக உள்ள நாடுகள் அடுத்தடுத்து பலசுற்றுப் பேச்சுவார்த்தைகள் நடத்தி சேவைப் பிரிவுகளில் வர்த்தகத்தைத் தாராளமயமாக்கி மென்மேலும் அதிக அளவிலான பற்றுறுதியை வெளிப்படுத்த முனைய வேண்டும்","இந்த   ஒப்பந்த த்தின்   கீழ் ,   உறுப்பின ராக   உள்ள   நாடு கள்   அடுத்த டுத்து   பல சுற்று ப்   பேச்சு வார்த்தை கள்   நடத்தி   சேவை ப்   பிரிவு களில்   வர்த்தக த்தை த்   தாரா ள மய மா க்கி   மென் மேலும்   அதிக   அளவிலான   ப ற்று றுதி யை   வெளி ப்படுத்த   முனை ய   வேண்டும்",44
819,"""மக்களின் நலவாழ்வு, வாழ்வாதாரம் மற்றும் நலம் மேம்படும் வகையில் ஒரு பொது அடையாளத்தை உருவாக்கி பரஸ்பர அக்கறையும் பகிர்வும் அரவணைப்பும் ஒத்திசைவும் கொண்ட சமுதாயத்தைக் கட்டியெழுப்பி ஏசியான் நாடுகள் மற்றும் மக்களிடையே நீடிக்கும் கட்டுக்கோப்பும் ஒற்றுமையும் ஏற்படுத்துவதற்காக மக்களுக்கான, சமூகப் பொறுப்புள்ள ஏசியான் மஹாசமூகத்தை உருவாக்குவது"" அதன் இலட்சியமாக இருக்கிறது",""" மக்களின்   ந ல வாழ் வு ,   வாழ் வா தா ரம்   மற்றும்   ந லம்   மேம்ப டும்   வகையில்   ஒரு   பொது   அடையாள த்தை   உருவாக்கி   பர ஸ் பர   அ க்க றை யும்   ப கிர் வும்   அர வ ணை ப்பு ம்   ஒ த்தி சை வும்   கொண்ட   ச மு தா ய த்தை க்   கட்டி யெ ழு ப்பி   ஏ சியா ன்   நாடு கள்   மற்றும்   மக்க ளி டையே   நீடி க்கும்   கட்டு க்கோ ப்பு ம்   ஒ ற்று மை யும்   ஏற்படு த்துவ தற்காக   மக்க ளு க்கான ,   சமூக ப்   பொறு ப்பு ள்ள   ஏ சியா ன்   மஹா சமூக த்தை   உருவாக்கு வது ""   அதன்   இல ட்சி யமாக   இருக்கிற து",98
820,"இந்திய உயிரித் தொழில்நுட்ப ஒழுங்குமுறை ஆணையம் (பிஆர்ஏஐ) என்பது, மரபணு மாற்றப்பட்ட உயிரினங்கள் (ஜிஎம்ஓ) உள்ளிட்ட உயிரித் தொழில்நுட்பத் தயாரிப்புகளின் பயன்பாட்டுக்காக இந்தியாவில் அமைக்கத் திட்டமிடப்பட்டுள்ள ஓர் ஒழுங்குமுறை அமைப்பு","இந்திய   உயிரி த்   தொழில்நுட்ப   ஒழு ங்கு முறை   ஆணை யம்   ( பி ஆர் ஏ ஐ )   என்ப து,   மர ப ணு   மாற்ற ப்பட்ட   உயிரி ன ங்கள்   ( ஜி எம் ஓ )   உள்ளிட்ட   உயிரி த்   தொழில்நுட்ப த்   தயாரி ப்பு களின்   பயன் பாட்டு க்காக   இந்தியாவில்   அமை க்க த்   திட்டமிட ப்பட்டுள்ள   ஓர்   ஒழு ங்கு முறை   அமைப்பு",52
821,"1967 மாநில சட்டசபைத் தேர்தல்களில் அனைத்து சோஷலிச கட்சிகளும் படுதோல்வி அடைந்தன, சிபிஐ எதிர்கட்சி அந்தஸ்தை இழந்தது","196 7   மாநில   சட்ட ச பை த்   தேர் தல் களில்   அனைத்து   சோ ஷ லி ச   கட்சி களும்   படு தோல்வி   அடை ந்த ன,   சி பி ஐ   எதிர் கட்சி   அந்த ஸ் தை   இழ ந்த து",33
822,"இந்த நடவடிக்கை பல விதங்களில் பிரச்சினைக்குரியது எனக் கூறப்பட்டுள்ளது, அவற்றுள் மையத்தில் அதிகாரக் குவிப்பு, கூட்டாட்சிக்கு எதிரான தன்மை, வட்டார வளர்ச்சி மீது தாக்கம், இடர்களைக் கையாள்வதில் சமூகத்தின் அடிமட்ட நிலைகளில் எம்பி-க்களின் செல்வாக்கு ஆகியவையும் அடங்கும்","இந்த   நடவடிக்கை   பல   வித ங்களில்   பிர ச்சி னை க்கு ரிய து   என க்   கூற ப்பட்டுள்ள து,   அவ ற்று ள்   மைய த்தில்   அதிகார க்   கு வி ப்பு,   கூ ட்டா ட்சி க்கு   எதிரான   தன் மை ,   வ ட்டா ர   வளர்ச்சி   மீது   தா க்க ம்,   இட ர் களை க்   கை யா ள் வதில்   சமூக த்தின்   அடி மட்ட   நிலை களில்   எ ம்பி - க்களின்   செல் வாக்கு   ஆகியவை யும்   அடங்கு ம்",66
823,"அவரது தந்தை அத்வைத் பிரசாத் சிங் 2000இல் பிஜேடி வேட்பாளராகவும், 1990இல் ஜேடி வேட்பாளராகவும், 1977இல் ஜேஎன்பி வேட்பாளராகவும் போட்டியிட்டு இந்தத் தொகுதியில் வெற்றி பெற்றார்","அவரது   தந்தை   அ த் வை த்   பிர சா த்   சிங்   20 00 இல்   பி ஜே டி   வே ட் பா ளராக வும்,   199 0 இல்   ஜே டி   வே ட் பா ளராக வும்,   197 7இல்   ஜே என் பி   வே ட் பா ளராக வும்   போட்டி யி ட்டு   இந்த த்   தொகுதி யில்   வெற்றி   பெ ற்றா ர்",52
824,"தற்போதைய அனுகுல் (ஒடிசா விதான் சபா தொகுதி) எம்எல்ஏ பிஜேடி கட்சியின் ரஜனிகாந்த் சிங், அவர் 2019இல் ஒடிசா சட்டப்பேரவைத் தேர்தலில் வெற்றிபெற்று அதைத் தொடர்ந்து சட்டமன்றத் துணைத்தலைவராக போட்டியின்றி தேர்ந்தெடுக்கப்பட்டவர்","தற்போதைய   அனு கு ல்   ( ஒடிசா   வி தான்   ச பா   தொகுதி )   எம் எல் ஏ   பி ஜே டி   கட்சி யின்   ர ஜ னி கா ந்த்   சிங் ,   அவர்   2019 இல்   ஒடிசா   சட்ட ப்பேர வை த்   தேர் தலில்   வெற்றி பெற்று   அதை த்   தொடர்ந்து   சட்ட மன்ற த்   துணை த்தலை வராக   போட்டி யின் றி   தேர்ந்தெடு க்கப்பட்ட வர்",54
825,"என்எஸ்டிஎல் இ-கவர்னன்ஸ் இன்ஃப்ராஸ்ட்ரக்ச்சர் லிமிடெட் (முன்னாள் நேஷனல் செக்யூரிட்டீஸ் டெபாசிட்டரி லிமிடெட்), யூடிஐ இன்ஃப்ராஸ்ட்ரக்ச்சர் டெக்னாலஜி சர்வீசஸ் லிமிடெட் (யூடிஐஐடிஎஸ்எல்) போன்ற பிரசித்திபெற்ற நிறுவனங்களை வருமான வரித் துறை மேலாண்மைக்குட்பட்ட சேவை வழங்குநர்களாக நியமித்து விண்ணப்பங்களுக்கான நடவடிக்கைப் பணிகள், அடையாள, வயது மற்றும் முகவரிச் சான்று போன்ற தனிப்பட்ட ஆவணங்களைச் சேகரிப்பது, கையாள்வது மற்றும் சரிபார்ப்பது, விண்ணப்பதாரர்களிடம் தகவல் தெளிவு பெறுவது, இந்த அட்டை மற்றும் கடிதத்தை அச்சிடுவது, அதன்பின் அதைத் தபாலில் அனுப்புவது ஆகிய பொறுப்புகளை ஒப்படைத்தது","என் எஸ் டி எல்   இ - க வர் ன ன்ஸ்   இ ன்ஃ ப்ரா ஸ்ட் ர க் ச்ச ர்   லி மி டெ ட்   ( முன்னாள்   நே ஷ னல்   செ க் யூ ரி ட் டீ ஸ்   டெ பா சி ட்ட ரி   லி மி டெ ட் ),   யூ டி ஐ   இ ன்ஃ ப்ரா ஸ்ட் ர க் ச்ச ர்   டெ க் னா ல ஜி   சர் வீ ச ஸ்   லி மி டெ ட்   ( யூ டி ஐ ஐ டி எஸ் எல் )   போன்ற   பிர சி த்தி பெற்ற   நிறுவன ங்களை   வருமான   வரி த்   துறை   மேலா ண் மை க்கு ட் பட்ட   சேவை   வழங்கு நர் களாக   நியமி த்து   வி ண்ண ப்ப ங்களு க்கான   நடவடிக்கை ப்   பணி கள்,   அடையாள ,   வயது   மற்றும்   முக வரி ச்   சா ன்று   போன்ற   தனிப்பட்ட   ஆவண ங்களை ச்   சே கரி ப்ப து,   கை யா ள் வது   மற்றும்   சரி பார் ப்ப து,   வி ண்ண ப்ப தார ர் களிடம்   தகவல்   தெளி வு   பெறு வது,   இந்த   அ ட்டை   மற்றும்   கடி தத்தை   அ ச்சி டு வது,   அதன் பின்   அதை த்   த பா லில்   அனுப்பு வது   ஆகிய   பொறு ப்புகளை   ஒ ப்படை த்த து",173
826,"கட்டிடத்தின் மையப்பகுதியில் வட்ட வடிவ மத்தியப் பேரறை உள்ளது, இந்தப் பேரறையைச் சுற்றி மூன்று அரைவட்ட வடிவக் கூடங்கள் உள்ளன, அவை சேம்பர் ஆஃப் பிரின்சஸ் (இப்போது லைப்ரரி ஹாலாகப் பயன்படுத்தப்படுகிறது), அரசு சபை (இப்போது ராஜ்ய சபாவாகப் பயன்படுத்தப்படுகிறது), மத்திய சட்டப்பேரவை (இப்போது லோக் சபாவாகப் பயன்படுத்தப்படுகிறது) ஆகியவற்றின் அமர்வுகளை நடத்துவதற்காகக் கட்டப்பட்டன","கட்டி ட த்தின்   மைய ப்பகுதியில்   வட்ட   வடிவ   மத்திய ப்   பேர றை   உள்ளது,   இந்த ப்   பேர றை யை ச்   சு ற்றி   மூன்று   அ ரை வட்ட   வடிவ க்   கூட ங்கள்   உள்ளன,   அவை   சே ம்பர்   ஆஃப்   பி ரின் ச ஸ்   ( இப்போது   லை ப்ர ரி   ஹா லாக ப்   பயன்படுத்த ப்படு கிறது ),   அரசு   ச பை   ( இப்போது   ராஜ்ய   ச பா வாக ப்   பயன்படுத்த ப்படு கிறது ),   மத்திய   சட்ட ப்பேர வை   ( இப்போது   லோ க்   ச பா வாக ப்   பயன்படுத்த ப்படு கிறது )   ஆகியவ ற்றின்   அமர் வுகளை   நட த்துவ தற்காக க்   கட்டப்பட்ட ன",89
827,"பிரிட்டிஷ் அரசுக்கு எதிரான தங்கள் போராட்டத்தின் போது வன்முறையைக் கையாள்வது குறித்து பாகா ஜாதின், குதிராம் போஸ், பகத் சிங், சந்திரசேகர் ஆஜாத், சூர்யா சென், சுபாஷ் சந்திர போஸ் போன்ற புரட்சியாளர்களுக்கும் காந்தியடிகளுக்கும் இடையே கருத்து வேறுபாடு நிலவியது","பிரிட்டிஷ்   அரசு க்கு   எதிரான   தங்கள்   போராட்ட த்தின்   போது   வன் முறையை க்   கை யா ள் வது   குறித்து   பா கா   ஜா தி ன்,   குதி ராம்   போ ஸ்,   பக த்   சிங் ,   சந்திர சே கர்   ஆ ஜா த் ,   சூர் யா   செ ன்,   சு பா ஷ்   சந்திர   போ ஸ்   போன்ற   புர ட்சி யாளர் களுக்கும்   கா ந்திய டி களுக்கும்   இடையே   கருத்து   வேறு பாடு   நில விய து",62
828,"மேலும், 7 தொகுதிகள் கொண்ட ஓரவைச் சட்டமன்ற கொக்கோஸ் (கீலிங்) ஐலன்ட்ஸ் ஷயர் கவுன்சிலும் உள்ளது","மேலும்,   7   தொகுதி கள்   கொண்ட   ஓ ர வை ச்   சட்ட மன்ற   கொ க்கோ ஸ்   ( கீ லி ங் )   ஐ ல ன் ட்ஸ்   ஷ யர்   கவு ன்சி லும்   உள்ள து",30
829,"மே 5ஆம் தேதிக்குள், இந்தியா 5,769,442 உதவிப் பொருட்களைப் பெற்றிருந்தது","மே   5 ஆம்   தேதி க்குள் ,   இந்தியா   5 , 7 6 9 , 4 4 2   உதவி ப்   பொருட்களை ப்   பெற்றி ருந்த து",23
830,"தேவாஸ் ஒப்பந்தம் ஏற்கனவே கையெழுத்திடப்பட்ட நிலையில், பல சேவை வழங்குநர்கள் செயற்கைக்கோள் ஆற்றலைப் பயன்படுத்த விரும்புகிறார்கள் என்று 2005 நவம்பரில் இந்த அமைச்சரவைக்குத் தவறான தகவல் வழங்கப்பட்டது","தே வாஸ்   ஒப்பந்த ம்   ஏற்கனவே   கை யெ ழு த்தி ட ப்பட்ட   நிலை யில்,   பல   சேவை   வழங்கு ந ர்கள்   செய ற்கை க்கோ ள்   ஆ ற்ற லை ப்   பயன்படுத்த   விரும்பு கிறா ர்கள்   என்று   200 5   நவ ம்ப ரில்   இந்த   அமைச்ச ர வை க்கு த்   தவ றா ன   தகவல்   வழங்க ப்பட்ட து",49
831,"2017இல் ரஷ்ய அதிபர் விளாடிமிர் புடின், ""ஸ்டாலினிசத்தின் பயங்கரக் கொடுமைகள்"" குறித்து ஒப்புக்கொண்டார், எனினும் ""ரஷ்யாவின் எதிரிகள்"" ""ஸ்டாலினுக்கு அளவுக்கதிகமான கொடுமைக்காரத் தோற்றத்தைக் கற்பிப்பது"" பற்றியும் விமர்சித்தார்","201 7இல்   ர ஷ் ய   அதி பர்   வி ளா டி மிர்   பு டி ன்,   "" ஸ்டா லி னி ச த்தின்   பய ங்கர க்   கொடு மை கள் ""   குறித்து   ஒப்பு க்கொண்டா ர்,   எனினும்   "" ர ஷ் யா வின்   எதி ரி கள் ""   "" ஸ்டா லி னுக்கு   அளவு க்க தி கமான   கொடு மை க்கார த்   தோ ற்ற த்தை க்   கற் பி ப்பது ""   பற்றி யும்   விமர் சி த்தா ர்",67
832,"இந்தக் கூட்டாட்சி பிரிட்டனில் உள்ள வணிக ரீதியான கப்பல்கட்டும் நிறுவனங்களிடமிருந்து பல போர்க் கப்பல்களை வாங்கியது (சிஎஸ்எஸ் அலபாமா, சிஎஸ்எஸ் ஷெனான்டோவா, சிஎஸ்எஸ் டென்னிஸீ, சிஎஸ்எஸ் டல்லாஸ்ஸீ, சிஎஸ்எஸ் ஃபுளோரிடா உள்ளிட்ட இதர கப்பல்கள்)","இந்த க்   கூ ட்டா ட்சி   பிரி ட்ட னில்   உள்ள   வணிக   ரீ தியான   க ப்பல் கட்டு ம்   நிறுவன ங்களி டமிருந்து   பல   போர் க்   க ப்பல் களை   வாங்கிய து   ( சி எஸ் எஸ்   அல பா மா ,   சி எஸ் எஸ்   ஷெ னா ன் டோ வா ,   சி எஸ் எஸ்   டெ ன் னி ஸீ ,   சி எஸ் எஸ்   டல் லா ஸ் ஸீ ,   சி எஸ் எஸ்   ஃ பு ளோ ரி டா   உள்ளிட்ட   இ தர   க ப்பல் கள் )",75
833,"புதிய அணுகுமுறையின் படி, சமூகங்களிடம் ஆலோசனைகள் கேட்கப்பட்டு பயிற்சிகள் வழங்கப்படுகின்றன, செயல்பாடு மற்றும் பராமரிப்புச் செலவுகளை உட்படுத்தப் போதுமான அளவு நிர்ணயிக்கப்பட்ட கட்டணத்தைச் செலுத்த பயனர்கள் தொடக்கத்திலேயே சம்மதிக்கின்றனர்","புதிய   அணு கு முறை யின்   படி,   சமூக ங்களி டம்   ஆலோசனை கள்   கேட் க ப்பட்டு   பயிற்சி கள்   வழங்க ப்படுகின்றன,   செயல் பாடு   மற்றும்   பராமரி ப்பு ச்   செலவுகளை   உட் படுத்த ப்   போது மான   அளவு   நிர் ண யி க்கப்பட்ட   கட்ட ணத்தை ச்   செலுத்த   பய ன ர்கள்   தொடக்க த்தி லேயே   சம் மதி க்கின்ற னர்",49
834,"வெரே பேர்டு 1981 முதல் 1994 வரை பிரதம மந்திரியாகவும், 1960 முதல் 1981 வரை ஆன்டிகுவா முதலமைச்சராகவும் இருந்தார், 1971-1976 காலகட்டம் மட்டுமே இதற்கு விதிவிலக்கு, அப்போது முற்போக்குத் தொழிலாளர் இயக்கம் (பிஎல்எம்) அவரைத் தோற்கடித்திருந்தது","வெ ரே   பேர் டு   198 1   முதல்   199 4   வரை   பிரத ம   ம ந்தி ரி யாக வும்,   196 0   முதல்   198 1   வரை   ஆன் டி குவா   முத ல மை ச்ச ராக வும்   இருந்தா ர்,   197 1 - 197 6   காலகட்ட ம்   மட்டுமே   இதற்கு   விதி வில க்கு ,   அப்போது   மு ற் போக்கு த்   தொழி லா ளர்   இய க்கம்   ( பி எல் எம் )   அவரை த்   தோற்கடி த்திருந்த து",67
835,"எனினும் புதிய அரசு தமக்குரிய சட்ட அங்கீகாரத்தை நிலைநாட்டத் தவறியது, அதைத் தொடர்ந்து அதன் பெரும்பாலான நிதி ஆதாரம் வற்றிப்போய் வட்டார மற்றும் நடுநிலைத் தளபதிகளும் அவர்களின் ஆயுதப் படைகளும் ஆட்சியதிகாரம் மற்றும் ஆதாயத்துக்கான நீண்டகாலப் போட்டியில் தங்களுக்கிடையே சண்டை போட்டுக் கொண்டது மட்டுமின்றி பல விரும்பத்தகாத செயல்பாடுகளிலும் ஈடுபடத் தொடங்கினர்","எனினும்   புதிய   அரசு   த ம க்கு ரிய   சட்ட   அங்கீ கார த்தை   நிலை நா ட்ட த்   தவ றிய து,   அதை த்   தொடர்ந்து   அதன்   பெரும்பாலான   நிதி   ஆ தா ரம்   வ ற்றி ப்போ ய்   வ ட்டா ர   மற்றும்   நடு நிலை த்   தளபதி களும்   அவர்களின்   ஆயுத ப்   படை களும்   ஆட்சி ய தி கா ரம்   மற்றும்   ஆ தா ய த்து க்கான   நீண்டகால ப்   போட்டியில்   த ங்களு க்கி டையே   சண்டை   போ ட்டு க்   கொண்ட து   மட்டு மின் றி   பல   விரு ம்ப த்த கா த   செயல் பாடு களிலும்   ஈடு பட த்   தொடங்கி னர்",86
836,"இந்தியாவில் உள்ள அனைத்து அரசு நிர்வாகத் துறை அதிகாரிகளும் அரசின் நிர்வாகத் துறை ஊழியர்களாவர், அவர்கள் இந்தியாவின் பல்வேறு துணை மாவட்டங்களில் துணை ஆட்சியர் அல்லது துணை மாவட்ட நீதிபதிகளாகவும், பல்வேறு முனிசிபல் கார்பரேஷன்கள், அறிவிக்கப்பட்ட வட்டார கவுன்சில்கள், முனிசிபல் கவுன்சில்கள், மாவட்ட நகராட்சிகள், வட்ட நகராட்சிகள், கிராமப் பஞ்சாயத்துகள் ஆகியவற்றில் வார்டு அலுவலகர்களாகவும், பல்வேறு அரசுச் செயலகங்களில் துணைச் செயலர்களாகவும் நியமிக்கப்படுகின்றனர்","இந்தியாவில்   உள்ள   அனைத்து   அரசு   நிர்வாக த்   துறை   அதிகாரி களும்   அரசின்   நிர்வாக த்   துறை   ஊழி யர் களா வ ர்,   அவர்கள்   இந்தியாவின்   பல்வேறு   துணை   மாவட்ட ங்களில்   துணை   ஆட்சி யர்   அல்லது   துணை   மாவட்ட   நீதி பதி களாக வும்,   பல்வேறு   மு னி சி பல்   கார் ப ரே ஷன் கள்,   அறிவி க்கப்பட்ட   வ ட்டா ர   கவு ன்சி ல் கள்,   மு னி சி பல்   கவு ன்சி ல் கள்,   மாவட்ட   நகராட்சி கள்,   வட்ட   நகராட்சி கள்,   கிராம ப்   பஞ்சா ய த்து கள்   ஆகியவ ற்றில்   வார் டு   அலு வல கர் களாக வும்,   பல்வேறு   அரசு ச்   செய ல க ங்களில்   துணை ச்   செய லர் களாக வும்   நியமி க்கப்படு கின்ற னர்",99
837,மத்திய தரைக்கடல் பகுதியில் உள்ளது போன்ற உணவுகளை உண்பது தொற்றா நோய்களுக்கான ஆபத்தைக் குறைப்பது போன்ற ஒட்டுமொத்த சுகாதார நிலையை மேம்படுத்தலாம் என்று ஓர் 2018ஆம் ஆண்டு ஆய்வு சுட்டுகிறது,மத்திய   தரை க்க டல்   பகுதியில்   உள்ள து   போன்ற   உணவு களை   உண் ப து   தொ ற்றா   நோய் களுக்கான   ஆப த்தை க்   குறை ப்பது   போன்ற   ஒட்டு மொத்த   சு கா தார   நிலையை   மேம்ப டுத்த லாம்   என்று   ஓர்   201 8 ஆம்   ஆண்டு   ஆய்வு   சு ட்டு கிறது,42
838,"பொதுவாக, வலி ஆரம்பித்த 12 மணிநேரத்திற்குப் பிறகு கார்டியாக் ட்ரோபோனின்கள் குறித்து அறிய ஓர் இரத்தப் பரிசோதனை செய்யப்படுகிறது","பொதுவாக ,   வலி   ஆ ரம் பி த்த   12   மணி நேர த்திற்கு ப்   பிறகு   கார் டியா க்   ட் ரோ போ னின் கள்   குறித்து   அறிய   ஓர்   இர த்த ப்   பரி சோதனை   செய்ய ப்படு கிறது",32
839,"இது, ஓர் உயிரினத்திற்குள் தோன்றி (அதாவது அகத்தோற்றம்) சூழலுக்குத் தகவமைத்துக் கொள்ளும் (சூழலுக்கு வயப்படுதல்) எவ்வொரு நிகழ்முறையையும் குறிக்கலாம்","இ து,   ஓர்   உயிரி ன த்திற்குள்   தோன்றி   ( அதாவது   அக த்தோ ற்றம் )   சூழ லுக்கு த்   த கவ மை த்து க்   கொ ள்ளும்   ( சூழ லுக்கு   வய ப்படு தல் )   எவ் வொரு   நிகழ் முறை யையும்   குறி க்கலாம்",37
840,"""மருந்தியல் துறையில் பணிபுரியும் சகஊழியர்களுடன் பல ஆண்டுகள் கலந்துரையாடிய பிறகு, ஸ்கிரீனிங்கில் ஒரு சாத்தியமான புதிய மருந்துக்கு செரடோனின் 5-ஹெச்டி2ஏ அகனிஸ்ட் செயல்பாடு இருப்பதாகக் கவனிக்கப்பட்டால், அந்த மூலக்கூறுக்கு மேற்கொண்டு எந்த வளர்ச்சியும் இருக்காது என்பதையே அது ஏறத்தாழ எப்போதும் குறிப்பதாக இருக்கிறது எனப் புரிந்துகொண்டேன்"" என்று டேவிட் ஈ",""" மரு ந்தி யல்   துறை யில்   பணி புரி யும்   சக ஊழி யர் களுடன்   பல   ஆண்டுகள்   கல ந்துரை யா டிய   பிறகு,   ஸ் கி ரீ னி ங்கில்   ஒரு   சாத்திய மான   புதிய   ம ருந்து க்கு   செ ர டோ னின்   5 - ஹெ ச் டி 2 ஏ   அக னி ஸ்ட்   செயல் பாடு   இருப்ப தாக க்   கவனி க்க ப்பட்டா ல்,   அந்த   மூல க்கூ று க்கு   மேற் கொண்டு   எந்த   வளர்ச்சி யும்   இரு க்கா து   என்பதை யே   அது   ஏ ற த்தா ழ   எப்போது ம்   குறி ப்பதாக   இருக்கிற து   என ப்   புரி ந்துகொ ண்டே ன் ""   என்று   டே வி ட்   ஈ",93
841,நிகோல்ஸ் கூறியுள்ளார்,நி கோல் ஸ்   கூறி யு ள்ளா ர்,7
842,"குறிப்பிட்ட ஐஜிஇ குறித்து இரத்தப் பரிசோதனை செய்வது, பால், முட்டை, வேர்க்கடலை, மரக் கொட்டை, மீன் ஆகியவை சார்ந்த ஒவ்வாமையை உறுதிசெய்ய உதவலாம்","குறிப்பிட்ட   ஐ ஜி இ   குறித்து   இர த்த ப்   பரி சோதனை   செய் வது,   பா ல்,   மு ட்டை ,   வே ர் க்கட லை ,   மர க்   கொ ட்டை ,   மீன்   ஆகியவை   சார்ந்த   ஒவ் வா மையை   உறுதி செய்ய   உத வ லாம்",38
843,"2003 பேட்டெல் சுற்றுச்சூழல் மதிப்பீட்டு முறை (பிஈஈஎஸ்) மூலம் பெங்களூரின் பௌதீக, உயிரியல் மற்றும் சமூகப் பொருளாதார அளவுகோல்கள் மதிப்பீடு செய்யப்பட்ட போது, பெங்களூரின் நீர்த் தரமும் நிலம்சார்ந்த மற்றும் நீர்சார்ந்த உயிர்வாழ் சூழல் மண்டலங்களும் ஏறத்தாழ மிகப் பொருத்தமாக இருக்கின்றன என்றும், அதேவேளை அந்த மாநகரத்தின் சமூகப் பொருளாதார அளவுகோல்கள் (போக்குவரத்து நெரிசல், வாழ்க்கைத் தரம்), காற்றின் தரம், ஒலி மாசுபாடு ஆகியவை மோசமான நிலையில் உள்ளன என்றும் அது குறிப்பிட்டது","200 3   பே ட் டெ ல்   சுற்று ச்சூழ ல்   மதிப்பீ ட்டு   முறை   ( பி ஈ ஈ எஸ் )   மூலம்   பெ ங்க ளூ ரின்   பௌ தீ க ,   உயி ரிய ல்   மற்றும்   சமூக ப்   பொருளாதார   அளவு கோல் கள்   மதிப்பீ டு   செய்யப்பட்ட   போது,   பெ ங்க ளூ ரின்   நீர் த்   தர மும்   நில ம் சார்ந்த   மற்றும்   நீர் சார்ந்த   உயி ர் வாழ்   சூழ ல்   மண்டல ங்களும்   ஏ ற த்தா ழ   மிக ப்   பொருத்த மாக   இரு க்கின்ற ன   என்று ம்,   அதே வேளை   அந்த   மா நகர த்தின்   சமூக ப்   பொருளாதார   அளவு கோல் கள்   ( போக்குவரத்து   நெ ரி ச ல்,   வாழ்க்கை த்   த ரம் ),   கா ற்றின்   தர ம்,   ஒலி   மா சு பாடு   ஆகியவை   மோசமான   நிலையில்   உள்ளன   என்றும்   அது   குறிப்பிட்ட து",114
844,"பக நரம்பில் இடுப்புக்கூட்டுத் தசைகளுக்கு உணர்வூட்டும் இயக்க மற்றும் உணர்ச்சி நார்கள் இருப்பதால், பக நரம்புத் தடை ஏற்படுத்துவது பிரசவ வலியை நீக்கும்","பக   ந ரம் பில்   இ டு ப்பு க்கூ ட்டு த்   த சை களுக்கு   உணர் வூ ட்டு ம்   இயக்க   மற்றும்   உணர் ச்சி   நா ர்கள்   இருப்ப தால்,   பக   ந ரம் பு த்   தடை   ஏற்படுத்து வது   பிர ச வ   வலி யை   நீ க்கும்",40
845,"அது சருமத்தின் மேல் அடுக்குக்குள் உறிஞ்சப்பட்டு அங்கு சூடு மற்றும் குளிர்ச்சியை உணரக்கூடிய நரம்பு முனைகளைத் தூண்டுகிறது, ஆக அது விறுவிறுப்பாகத் தேய்க்கப்படும் போது சூடான உணர்வும் மென்மையாகத் தேய்க்கப்படும் போது குளிர்ந்த உணர்வும் ஏற்படுத்துகிறது, இதன் மூலம் அதன் உறுத்தல்-எதிர்ப்புப் பண்புகள் வெளிப்படுகின்றன","அது   ச ரு ம த்தின்   மேல்   அ டுக்கு க்குள்   உ றி ஞ்ச ப்பட்டு   அங்கு   சூ டு   மற்றும்   குளிர் ச்சி யை   உண ர க்கூடிய   ந ரம் பு   முனை களை த்   தூ ண்டு கிறது,   ஆக   அது   வி று வி று ப்பாக த்   தே ய் க்கப்படும்   போது   சூ டா ன   உணர் வும்   மெ ன்மை யாக த்   தே ய் க்கப்படும்   போது   குளிர் ந்த   உணர் வும்   ஏற்படுத்து கிறது,   இதன்   மூலம்   அதன்   உ று த்தல் - எதிர் ப்பு ப்   பண் பு கள்   வெளி ப்படு கின்றன",79
846,1829இல் யூரல் மலையின் தெற்கு முனை வரை காலரா பரவிவிட்டது,18 2 9இல்   யூ ரல்   மலையின்   தெற்கு   முனை   வரை   கால ரா   பர வி விட்ட து,15
847,கொலாஜனை ஹீமோஸ்டாட்டாக பயன்படுத்துதல்: கொலாஜன் தட்டுணுக்களுடன் வினைபுரியும் போது அதிவேகமாக இரத்த உறைவு ஏற்படுகிறது,கொ லா ஜ னை   ஹீ மோ ஸ்டா ட்டாக   பயன்படுத்து தல் :   கொ லா ஜ ன்   த ட்டு ணு க்க ளு டன்   வினை புரி யும்   போது   அதி வே கமாக   இர த்த   உ றை வு   ஏற்படு கிறது,35
848,"தற்போது பயன்படுத்தப்படும் அனைத்து ஆந்த்ராக்ஸ் தடுப்பூசிகளும் குறிப்பிடத்தக்க அளவில் பகுதிசார்ந்த மற்றும் முழுவுடல் எதிர்வினைகளை (செந்தடிப்பு, தோல் தடித்தல், புண்கள் மற்றும் காய்ச்சல்) உருவாக்குகின்றன மற்றும் அத்தடுப்பூசி போட்டுக் கொள்பவர்களில் சுமார் 1% பேருக்கு தீவிரப் பாதக எதிர்வினைகள் ஏற்படுகின்றன","தற்போது   பயன்படுத்த ப்படும்   அனைத்து   ஆ ந்த் ரா க்ஸ்   தடு ப்பூ சி களும்   குறிப்பிடத்தக்க   அளவில்   பகுதி சார்ந்த   மற்றும்   முழு வு டல்   எதிர் வினை களை   ( செ ந்த டி ப்பு,   தோல்   த டி த்த ல்,   பு ண் கள்   மற்றும்   காய் ச்சல் )   உருவாக்கு கின்றன   மற்றும்   அ த்த டு ப்பூ சி   போ ட்டு க்   கொள் பவர் களில்   சுமார்   1 %   பே ருக்கு   தீவிர ப்   பா த க   எதிர் வினை கள்   ஏற்படு கின்றன",69
849,"கண்டறியப்படும் நோய், அதன் கடுமை, பாதிக்கப்படும் நபர், அவரது பணி ஆகியவற்றைப் பொறுத்து, ஆளுமைக் கோளாறுகளை பணி அல்லது பணியிடம் சார்ந்து சூழலுக்குப் பழகிக்கொள்வதில் உள்ள சிரமத்துடன் தொடர்புபடுத்தலாம், இத்தகு சூழலில் அது தனிநபர் இடையேயான உறவுகளில் பாதிப்பு ஏற்படுத்தி பிறருடன் பிரச்சனைகளுக்கு வழிவகுக்க வாய்ப்புள்ளது","கண்ட றிய ப்படும்   நோய் ,   அதன்   கடு மை ,   பாதி க்கப்படும்   நப ர்,   அவரது   பணி   ஆகியவற்றை ப்   பொறு த்து,   ஆளு மை க்   கோ ளா று களை   பணி   அல்லது   பணி யிடம்   சார் ந்து   சூழ லுக்கு ப்   பழ கி க்கொள் வதில்   உள்ள   சி ர ம த்துடன்   தொடர்பு படுத்த லாம்,   இ த்த கு   சூழ லில்   அது   தனி நபர்   இடையே யான   உற வு களில்   பாதி ப்பு   ஏற்படு த்தி   பிற ருடன்   பிரச்சனை களுக்கு   வழிவகு க்க   வாய்ப்பு ள்ள து",73
850,சுவாசத்தில் வெளியேற்றப்படும் துகள்கள் போதிய காற்றோட்டம் இல்லாத அடைபட்ட இடங்களுக்குள் மென்மேலும் சேர்ந்துகொள்ளலாம்,சுவா ச த்தில்   வெளியே ற்ற ப்படும்   து கள் கள்   போ திய   கா ற்றோ ட்டம்   இல்லாத   அடை பட்ட   இட ங்களுக்கு ள்   மென் மேலும்   சேர் ந்துகொள்ள லாம்,25
851,"பல மாதங்களாக பன்றிக் காய்ச்சலின் பாதிப்பு நிலவிய பிறகு, டாமிஃப்ளூ (ஒசெல்டாமிவிர்) மருந்தின் பொதுவகை இந்தியச் சந்தையில் விற்பனைக்கு விடப்பட்டது","பல   மாத ங்களாக   ப ன்றி க்   காய் ச்ச லின்   பாதி ப்பு   நில விய   பிறகு,   டா மிஃ ப் ளூ   ( ஒ செல் டா மி வி ர் )   மரு ந்தி ன்   பொது வகை   இந்திய ச்   சந்தை யில்   விற்பனை க்கு   விட ப்பட்ட து",40
852,"குடலுக்குள் 80-85% நன்மையளிக்கும் பேக்டீரியா மற்றும் 15-20% சாத்தியமான கொடிய பேக்டீரியா என்ற விகிதத்தில் இருப்பது பொதுவாக இயல்புதான் எனக் கருதப்படுகிறது, மேலும் அது சீர்ச்சமநிலையையும் பராமரிக்கிறது","கு ட லுக்கு ள்   80 - 8 5 %   நன் மைய ளி க்கும்   பே க் டீ ரியா   மற்றும்   15 - 20 %   சாத்திய மான   கொ டிய   பே க் டீ ரியா   என்ற   விகித த்தில்   இருப்பது   பொதுவாக   இ யல் பு தான்   என க்   கருத ப்படுகிறது,   மேலும்   அது   சீ ர் ச்ச ம நிலை யையும்   பராமரி க்கிற து",54
853,"இறுதியாக 13 ஜூலை 1829 அன்று பிரிட்டிஷார் அந்தப் பகுதியைக் கைப்பற்றிய போது அது ஏறத்தாழ மக்களின்றி வெறிச்சோடிக் கிடந்தது, அங்கு நில மேம்பாட்டு ஊக்கத்தொகையாக ரூ","இறுதி யாக   13   ஜூலை   18 2 9   அன்று   பிரிட்டி ஷா ர்   அந்த ப்   பகுதி யை க்   கை ப்பற்றிய   போது   அது   ஏ ற த்தா ழ   மக்க ளி ன்றி   வெ றி ச் சோ டி க்   கி ட ந்த து,   அங்கு   நில   மேம்பா ட்டு   ஊ க்க த்தொகை யாக   ரூ",46
854,1260 வழங்கி விவசாயிகளைக் கொண்டுவந்து குடியமர்த்தும் முயற்சிகளும் தோல்வியடைந்தன,12 60   வழங்கி   விவசாயி களை க்   கொண்டு வந்து   கு டிய மர் த்தும்   முயற்சி களும்   தோல்விய டைந்த ன,17
855,"மனநல மருத்துவர்கள் போன்ற மனநலம் சார்ந்த சுகாதாரத் தொழிலாளர்கள் கல்வித்தகுதி பெறுவதற்கு, ஒரு இந்திய மருத்துவக் கவுன்சில் நிறுவனத்தில் எம்பிபிஎஸ் படித்துவிட்டு அதைத் தொடர்ந்து மனநல மருத்துவத்தில் எம்டி, மனநல மருத்துவ டிப்ளமா (டிபிஎம்), மனநல மருத்துவத்தில் டிப்ளமேட் ஆஃப் நேஷனல் போர்டு (டிபிஎம்) போன்றதொரு படிப்பை முடிக்கின்றனர்","மன ந ல   மருத்துவ ர்கள்   போன்ற   மன ந லம்   சார்ந்த   சு கா தார த்   தொழி லா ளர்கள்   கல்வி த்த குதி   பெறு வதற்கு ,   ஒரு   இந்திய   மருத்துவ க்   கவு ன்சி ல்   நிறுவன த்தில்   எ ம்பி பி எஸ்   படி த்து விட்டு   அதை த்   தொடர்ந்து   மன ந ல   மருத்துவ த்தில்   எம் டி ,   மன ந ல   மருத்துவ   டி ப் ள மா   ( டி பி எம் ),   மன ந ல   மருத்துவ த்தில்   டி ப் ள மே ட்   ஆஃப்   நே ஷ னல்   போர் டு   ( டி பி எம் )   போன்ற தொ ரு   படி ப்பை   முடி க்கின்ற னர்",92
856,கனடாவில் 21 அக்டோபர் முதல் 7 நவம்பர் வரை 6,கன டா வில்   21   அக்டோபர்   முதல்   7   நவம்பர்   வரை   6,10
857,"6 மில்லியன் தடுப்பூசி டோஸ்கள் விநியோகிக்கப்பட்ட பிறகு, தடுப்பூசி போட்டுக்கொண்ட 598 பேருக்கு குமட்டல், தலைசுற்றல், தலைவலி, காய்ச்சல், வாந்தி, ஊசிபோட்ட இடத்தில் வீக்கம் அல்லது புண்ணாகுதல் உள்ளிட்ட லேசான பாதக நிகழ்வுகள் தெரிவிக்கப்பட்டன","6   மில்லியன்   தடு ப்பூ சி   டோ ஸ் கள்   விநி யோ கி க்கப்பட்ட   பிறகு,   தடு ப்பூ சி   போ ட்டு க்கொண்ட   5 9 8   பே ருக்கு   கு மட்ட ல்,   தலை சு ற்ற ல்,   தலை வலி ,   காய் ச்ச ல்,   வா ந்தி ,   ஊ சி போ ட்ட   இடத்தில்   வீ க்கம்   அல்லது   பு ண் ணா கு தல்   உள்ளிட்ட   லே சா ன   பா த க   நிகழ் வுகள்   தெரிவி க்கப்பட்ட ன",65
858,"நோய்க்கிருமிகள் வீரியமிழந்த நிலையில் இருப்பதால், அவை நோயுருவாக்க நிலைக்கு மீண்டு நோய் ஏற்படுத்துவதற்கான வாய்ப்பு மிக, மிக அரிது","நோய் க்கி ரு மி கள்   வீ ரிய மி ழ ந்த   நிலையில்   இருப்ப தால்,   அவை   நோ யு ரு வா க்க   நிலை க்கு   மீண்டு   நோய்   ஏற்படு த்துவ தற்கான   வாய்ப்பு   மிக ,   மிக   அரி து",32
859,"வீரியம் நீக்கப்பட்ட நுண்ணுயிரித் தடுப்பூசிகள் பாதுகாப்பானவை, அவை நீடிக்கத்தக்க வகையில் ஒரு வலுவான, திடமான நோய்எதிர்ப்புச் செயல்பாட்டைத் தூண்டுகின்றன","வீ ரிய ம்   நீ க்கப்பட்ட   நு ண் ணு யி ரி த்   தடு ப்பூ சி கள்   பாதுகா ப்பான வை ,   அவை   நீடி க்க த்தக்க   வகையில்   ஒரு   வலு வா ன,   தி ட மான   நோய் எதிர் ப்பு ச்   செயல் பா ட்டை த்   தூ ண்டு கின்றன",42
860,"ஒன்று ஊட்டக் குறை, இதில் வளர்ச்சிக் குன்றுதல் (வயதைப் பொறுத்து குறைவான உயரம்), இளைத்தல் (உயரத்தைப் பொறுத்து குறைவான எடை), எடைக் குறை (வயதைப் பொறுத்து குறைவான எடை), நுண்ணூட்டச் சத்துக் குறைபாடு அல்லது பற்றாக்குறை (முக்கியமான விட்டமின்கள் மற்றும் தாதுக்கள் குறைவாக இருப்பது) ஆகியவை அடங்கும்","ஒன்று   ஊ ட்ட க்   குறை ,   இதில்   வளர்ச்சி க்   கு ன்று தல்   ( வய தை ப்   பொறு த்து   குறைவான   உய ரம் ),   இளை த்தல்   ( உயர த்தை ப்   பொறு த்து   குறைவான   எ டை ),   எ டை க்   குறை   ( வய தை ப்   பொறு த்து   குறைவான   எ டை ),   நு ண் ணூ ட்ட ச்   ச த்து க்   குறை பாடு   அல்லது   ப ற்றா க்குறை   ( முக்கியமான   விட்ட மின் கள்   மற்றும்   தா து க்கள்   குறைவாக   இருப்பது )   ஆகியவை   அடங்கு ம்",77
861,"இருப்பினும், இரண்டு, மூன்று ஆண்டுகளாகத் தியானம் செய்தவர்களுக்கு ஏற்கனவே குறை இரத்த அழுத்தம் இருப்பது கண்டறியப்பட்டது","இருப்பினும்,   இரண்டு ,   மூன்று   ஆண்டு களாக த்   தியான ம்   செய்த வர்களுக்கு   ஏற்கனவே   குறை   இர த்த   அழு த்தம்   இருப்பது   கண்ட றிய ப்பட்ட து",22
862,"என்சிடி என்பதில் பல சுற்றுச்சூழல் சார்ந்த நோய்நொடிகள் அடங்கும், அவற்றுள் வெயில், உணவூட்டம், மாசு, வாழ்க்கை முறைகள் போன்ற புறக் காரணிகளால் ஏற்படும் தவிர்க்க முடிகிற மற்றும் தவிர்க்க முடியாத ஒரு பரந்துபட்ட மனித நோய் நிலைகள் உட்படுகின்றன","என் சி டி   என்ப தில்   பல   சுற்று ச்சூழ ல்   சார்ந்த   நோய் நொ டி கள்   அடங்கு ம்,   அவ ற்று ள்   வெ யில்,   உண வூ ட்ட ம்,   மா சு ,   வாழ்க்கை   முறை கள்   போன்ற   புற க்   கார ணி களால்   ஏற்படும்   தவி ர்க்க   முடி கிற   மற்றும்   தவி ர்க்க   முடியாத   ஒரு   பர ந்து பட்ட   மனித   நோய்   நிலை கள்   உட் படு கின்றன",57
863,நோய்எதிரப்பு சார்ந்த மற்றும் சாராத என இருவகை இயங்குமுறைகள் மூலமாகவும் சல்ஃபைட்கள் எதிர்வினைகளை ஏற்படுத்தலாம்,நோய் எதி ர ப்பு   சார்ந்த   மற்றும்   சா ரா த   என   இரு வகை   இய ங்கு முறை கள்   மூல மாகவும்   ச ல்ஃ பை ட் கள்   எதிர் வினை களை   ஏற்ப டுத்த லாம்,29
864,குறைந்தது 90 நகராட்சிகளில் உள்ள முதியோர் இல்லங்களில் கோவிட்-19 கணிசமாகப் பரவியிருந்ததாக 2 ஏப்ரல் 2020 அன்று டாகன்ஸ் எகோ தெரிவித்தார்,குறைந்த து   90   நகராட்சி களில்   உள்ள   மு தி யோ ர்   இ ல்ல ங்களில்   கோவி ட் - 19   கணி சமாக ப்   பர வி யி ருந்த தாக   2   ஏப்ரல்   20 20   அன்று   டா கன் ஸ்   எ கோ   தெரிவி த்தா ர்,38
865,"ஓர் ஓம்புயிரி செல்லில் வைரஸ் ஜீனோம் செயல்படத் தொடங்கிவிட்டால், பிறகு அது தூது ஆர்என்ஏ (எம்ஆர்என்ஏ) மூலக்கூறுகளை உற்பத்திசெய்து அவை வைரஸ் புரதங்களை உருவாக்குமாறு ஏவுகின்றன","ஓர்   ஓ ம்பு யி ரி   செல் லில்   வை ரஸ்   ஜீ னோ ம்   செயல் பட த்   தொடங்கி விட்டா ல்,   பிறகு   அது   தூ து   ஆர் என் ஏ   ( எம் ஆர் என் ஏ )   மூல க்கூ று களை   உற்பத்தி செய்து   அவை   வை ரஸ்   புர த ங்களை   உருவாக்கு மாறு   ஏ வு கின்றன",48
866,"இந்தக் காரணங்களால், கன்னிப்படலத்தைப் பரிசோதிப்பதன் மூலமே ஒருவள் கன்னிப்பெண் தானா என்பதை உறுதியாகக் கண்டறிய முடியாது","இந்த க்   காரண ங்களா ல்,   கன் னி ப்பட ல த்தை ப்   பரி சோ தி ப்ப தன்   மூல மே   ஒரு வ ள்   கன் னி ப்பெ ண்   தா னா   என்பதை   உறுதி யாக க்   கண்ட றிய   முடியா து",35
867,"ஆளுமைக் கோளாறுகள் குறித்த கோட்பாடும் நோயறிதலும் கறாராக சமூக அல்லது, ஏன் அரசியல்-சமூக மற்றும் பொருளாதார அம்சங்களின் அடிப்படையில் கூட அமைந்துள்ளன என்று அவர்கள் வாதிடுகின்றனர்","ஆளு மை க்   கோ ளா று கள்   குறித்த   கோட் பா டும்   நோ ய றி த லும்   க றா ராக   சமூக   அல்ல து,   ஏ ன்   அரசியல் - சமூக   மற்றும்   பொருளாதார   அம்ச ங்களின்   அடிப்படையில்   கூட   அமைந்துள்ள ன   என்று   அவர்கள்   வாதி டு கின்ற னர்",41
868,உடலியல் அதிருப்தி அதிகரிப்பதற்கும் எஸ்ஈஎஸ் அதிகரிப்பதற்கும் இடையே தொடர்புள்ளது என்பதாகவும் சில ஆய்வுகள் காட்டியுள்ளன,உட லி யல்   அதி ரு ப்தி   அதிகரி ப்பதற்கு ம்   எஸ் ஈ எஸ்   அதிகரி ப்பதற்கு ம்   இடையே   தொடர்பு ள்ள து   என்ப தாகவும்   சில   ஆய் வுகள்   காட்டி யுள்ள ன,27
869,"இந்தத் தடுப்பூசிகளில், ஒன்று வினையற்ற (கொல்லப்பட்ட) இன்ஃப்ளுயன்ஸா வைரஸ் இருந்தது அல்லது இன்ஃப்ளுயன்ஸா உண்டாக்க முடியாத வகையில் வலுவிழந்து உயிரோடுள்ள வைரஸ் இருந்தது","இந்த த்   தடு ப்பூ சி களில்,   ஒன்று   வினை ய ற்ற   ( கொல்ல ப்பட்ட )   இ ன்ஃ ப் ளு யன் ஸா   வை ரஸ்   இருந்த து   அல்லது   இ ன்ஃ ப் ளு யன் ஸா   உ ண்டா க்க   முடியாத   வகையில்   வலு வி ழ ந்து   உயி ரோ டு ள்ள   வை ரஸ்   இருந்த து",48
870,"பேராசிரியர்கள் ஜீன்-பால் மிரா மற்றும் காமில் லாஷ்ட் என்ற இரண்டு பிரெஞ்சு விஞ்ஞானிகள் ஆப்பிரிக்காவில் கொரோனா வைரஸுக்கு ஒரு குறிப்பிட்ட காசநோய்த் தடுப்பூசி வேலைசெய்யுமா என்று சோதிக்க வேண்டும் எனக் கருத்துத் தெரிவித்ததை 2020 ஏப்ரல் தொடக்கத்தில் இயக்குநர் டாக்டர் ஜான் கெங்காசாங் கண்டித்து அது ""அருவருப்பான இனவாத"" கருத்து என்று கூறினார்","பே ரா சிரிய ர்கள்   ஜீ ன் - பால்   மி ரா   மற்றும்   கா மில்   லா ஷ் ட்   என்ற   இரண்டு   பி ரெ ஞ்சு   வி ஞ் ஞா னி கள்   ஆ ப்பிரி க்கா வில்   கொ ரோ னா   வை ர ஸு க்கு   ஒரு   குறிப்பிட்ட   கா ச நோய் த்   தடு ப்பூ சி   வேலை செய் யு மா   என்று   சோ தி க்க   வேண்டும்   என க்   கருத்து த்   தெரிவி த்த தை   20 20   ஏப்ரல்   தொடக்க த்தில்   இயக்கு நர்   டாக் டர்   ஜா ன்   கெ ங்கா சா ங்   க ண்டி த்து   அது   "" அரு வரு ப்பான   இன வாத ""   கருத்து   என்று   கூறி னார்",92
871,"இந்த முகமைக்கு ஒரு பணிநிறைவேற்ற அலுவலகமும் ஓர் அறிவியல் மற்றும் பணித்திட்ட அலுவலகமும் இருப்பது மட்டுமின்றி, ""கொள்கை, சுகாதாரப் பேச்சுவார்த்தை மற்றும் தகவல்தொடர்பு,"" ""மேலாண்மை மற்றும் நிர்வாகம்,"" ""கண்காணிப்பு மற்றும் நோய்சார் உளவு,"" ""பரிசோதனைக் கூட அமைப்புகள் மற்றும் வலையமைப்புகள்,"" ""அவசரகாலத் தயார்நிலை மற்றும் நடவடிக்கை"", ""பொதுச் சுகாதார நிறுவனங்கள் மற்றும் ஆராய்ச்சி"" ஆகியவற்றைக் கவனித்துக் கொள்ளும் பல பிரிவுகளும் உள்ளன","இந்த   முக மை க்கு   ஒரு   பணி நிறை வே ற்ற   அலு வல க மும்   ஓர்   அறிவி யல்   மற்றும்   பணி த்திட்ட   அலு வல க மும்   இருப்பது   மட்டு மின் றி ,   "" கொள் கை ,   சு கா தார ப்   பேச்சு வார்த்தை   மற்றும்   தகவல் தொடர்பு , ""   "" மேலா ண் மை   மற்றும்   நிர்வாக ம், ""   "" கண் காணி ப்பு   மற்றும்   நோய் சார்   உ ளவு , ""   "" பரி சோதனை க்   கூட   அமைப்புகள்   மற்றும்   வலை ய மைப்பு கள், ""   "" அவசர கால த்   தயா ர் நிலை   மற்றும்   நடவடிக்கை "" ,   "" பொது ச்   சு கா தார   நிறுவனங்கள்   மற்றும்   ஆராய்ச்சி ""   ஆகியவற்றை க்   கவனி த்து க்   கொ ள்ளும்   பல   பிரிவு களும்   உள்ளன",106
872,"ஆப்பிரிக்கா சிடிசி எத்தியோபியாவின் அடிஸ் அபாபாவில் உள்ள ஆப்பிரிக்க சிடிசி ஒருங்கமைப்பு மையத்தில் அமைந்துள்ளது, அங்கு தான் இந்த முகமையின் அவசரகால நடவடிக்கை மையமும் இருக்கிறது","ஆ ப்பிரி க்கா   சி டி சி   எ த்தி யோ பி யா வின்   அடி ஸ்   அ பா பா வில்   உள்ள   ஆ ப்பிரி க்க   சி டி சி   ஒரு ங்க மைப்பு   மைய த்தில்   அமைந்துள்ள து,   அங்கு   தான்   இந்த   முக மை யின்   அவசர கால   நடவடிக்கை   மைய மும்   இருக்கிற து",45
873,தொற்றா நோய்களை எதிர்த்துப் போராட சுமார் 900 நாடுதழுவிய-உறுப்பினர் சங்கங்களை என்சிடி கூட்டணி ஒன்றுதிரட்டியுள்ளது,தொ ற்றா   நோய் களை   எதிர் த்து ப்   போரா ட   சுமார்   9 00   நாடு த ழு விய - உறுப்பினர்   சங்க ங்களை   என் சி டி   கூட்ட ணி   ஒன்று தி ர ட்டி யுள்ள து,31
874,"ஜிஐ பாதை என்பதில் உணவுக்குழல், வயிறு மற்றும் குடல் உட்பட, மனிதர்களுக்கும் மற்ற விலங்கினங்களுக்கும் உள்ள அனைத்து முக்கிய ஜீரண மண்டல உறுப்புகளும் அடங்கியுள்ளன","ஜி ஐ   பாதை   என்ப தில்   உண வுக்கு ழ ல்,   வ யி று   மற்றும்   கு டல்   உட்பட ,   மனி தர் களுக்கும்   மற்ற   வில ங்கி ன ங்களு க்கும்   உள்ள   அனைத்து   முக்கிய   ஜீ ரண   மண்டல   உ று ப்பு களும்   அட ங்கி யுள்ள ன",40
875,"இரைப்பைக்குடலிய பாதை (ஜிஐ பாதை, செரிமானப் பாதை, உணவுப்பாதை) என்பது, வாயிலிருந்து மலவாய் வரை நீண்டுசெல்லும் ஜீரண மண்டலத்தின் பாதை அல்லது வழித்தடத்தைக் குறிக்கிறது","இ ரை ப்பை க்கு ட லிய   பாதை   ( ஜி ஐ   பாதை ,   செ ரி மான ப்   பாதை ,   உணவு ப்பா தை )   என்ப து,   வா யிலிருந்து   மல வாய்   வரை   நீ ண்டு செல்லும்   ஜீ ரண   மண்டல த்தின்   பாதை   அல்லது   வழி த்த ட த்தை க்   குறி க்கிற து",46
876,"உதாரணத்திற்கு, வயிற்றில் பிஎச் குறைவாக (1 முதல் 4 வரை) இருந்தால் அதற்குள் வரும் பல நுண்ணுயிரிகள் செத்துவிடும்","உதாரண த்திற்கு ,   வ யி ற்றில்   பி எ ச்   குறைவாக   ( 1   முதல்   4   வரை )   இருந்தால்   அதற்கு ள்   வரும்   பல   நு ண் ணு யி ரி கள்   செ த்து வி டும்",31
877,"ஆளுமைக் கோளாறுகளுக்கான ஆதாரம்-சார்ந்த மனநலச் சிகிச்சைகளில் அறிதிறன் நடத்தைச் சிகிச்சை, இணைமுரண் நடத்தைச் சிகிச்சை ஆகியவை அடங்கும், பின்னது குறிப்பாக விளிம்புநிலை ஆளுமைக் கோளாறுக்கு ஏற்றது","ஆளு மை க்   கோ ளா று களுக்கான   ஆ தா ரம் - சார்ந்த   மன ந ல ச்   சிகிச்சை களில்   அறி திறன்   நட த்தை ச்   சிகிச்சை ,   இணை மு ர ண்   நட த்தை ச்   சிகிச்சை   ஆகியவை   அடங்கு ம்,   பின்ன து   குறிப்பாக   வி ளி ம்பு நிலை   ஆளு மை க்   கோ ளா று க்கு   ஏற்ற து",52
878,"இசிடிசி மற்றும் உலகச் சுகாதார மையத்தின் ஐரோப்பிய பிராந்திய அலுவலகம் பல மட்டங்களில் வளங்களைத் திருப்பிவிடுமாறு மருத்துவமனைகளுக்கும் ஆரம்பச் சுகாதாரச் சேவைகளுக்கும் வழிகாட்டல்களை வழங்கியது, அவற்றில் பரிசோதனை நிலையச் சேவைகளை பிரதானமாகப் பரிசோதனைக்குப் பயன்படுத்துதல், விருப்பம் சார்ந்த நடைமுறைகளை ரத்துசெய்தல், நோயாளிகளைப் பிரித்துத் தனிமைப்படுத்துதல், ஊழியர்களுக்குப் பயிற்சியளிப்பதன் மூலமும் வெண்டிலேட்டர்கள் மற்றும் படுக்கைகளைக் கூட்டுவதன் மூலமும் தீவிரச் சிகிச்சைக்கான ஏற்பாடுகளை மேம்படுத்துதல் ஆகியவை உட்படும்","இ சி டி சி   மற்றும்   உலக ச்   சு கா தார   மைய த்தின்   ஐரோ ப்பிய   பிராந்திய   அலு வல கம்   பல   மட்ட ங்களில்   வள ங்களை த்   திருப்பி விடு மாறு   மருத்துவ மனை களுக்கும்   ஆரம்ப ச்   சு கா தார ச்   சேவை களுக்கும்   வழி காட்ட ல் களை   வழ ங்கிய து,   அவற்றில்   பரி சோதனை   நிலைய ச்   சேவை களை   பிரதான மாக ப்   பரி சோதனை க்கு ப்   பயன்படுத்து தல்,   விருப்ப ம்   சார்ந்த   நடைமுறை களை   ர த்து செய்த ல்,   நோ யா ளி களை ப்   பிரி த்து த்   தனி மை ப்படுத்து தல்,   ஊழி யர் களுக்கு ப்   பயி ற் சிய ளி ப்ப தன்   மூல மும்   வெ ண்டி லே ட்ட ர்கள்   மற்றும்   படு க்கை களை க்   கூட்டு வ தன்   மூல மும்   தீவிர ச்   சிகிச்சை க்கான   ஏற்பாடு களை   மேம்ப டுத்து தல்   ஆகியவை   உட் படும்",121
879,"உடல்நலப் பின்விளைவுகளில் காயம் (துளைகள் முதல் எலும்பு முறிவுகள் மற்றும் உள்ளுறுப்புக் காயங்கள் வரை), விரும்பத்தகாத கர்ப்பம், பெண்ணுறுப்புப் பிரச்சனைகள், எச்ஐவி உட்பட எஸ்டிடி-கள், இடுப்பு அழற்சி நோய், நாள்பட்ட இடுப்பு அழற்சி, தலைவலி, நிரந்தர முடமை, ஆஸ்துமா, உறுத்தும் குடல் நோய்த்தொகுப்பு, சுயப் பாதிப்பு நடத்தைகள் (புகைப்பிடித்தல், பாதுகாப்பற்ற உடலுறவு) ஆகியவை உட்படும்; மனநலப் பின்விளைவுகளில் மனச்சோர்வு, அச்சம், பதற்றம், குறைவான தன்மதிப்பு, பாலியல் செயல்கோளாறு, உண்ணுதல் சார்ந்த கோளாறுகள், மனச்சுழற்சிக் கோளாறு, அல்லது அதிர்ச்சிக்குப் பிந்தைய மனஅழுத்தக் கோளாறு ஆகியவை உட்படலாம்","உடல் ந ல ப்   பின் விளை வு களில்   கா யம்   ( து ளை கள்   முதல்   எ லும் பு   மு றி வுகள்   மற்றும்   உள் ளு று ப்பு க்   காய ங்கள்   வரை ),   விரு ம்ப த்த கா த   கர் ப்ப ம்,   பெண் ணு று ப்பு ப்   பிரச்சனை கள்,   எ ச் ஐ வி   உட்பட   எஸ் டி டி - கள்,   இ டு ப்பு   அழ ற்சி   நோய் ,   நாள் பட்ட   இ டு ப்பு   அழ ற்சி ,   தலை வலி ,   நி ர ந்தர   மு ட மை ,   ஆ ஸ் து மா ,   உ று த்தும்   கு டல்   நோய் த்தொ கு ப்பு,   சுய ப்   பாதி ப்பு   நட த்தை கள்   ( பு கை ப்பிடி த்த ல்,   பாதுகா ப்பற்ற   உட லு ற வு )   ஆகியவை   உட் படும் ;   மன ந ல ப்   பின் விளை வு களில்   மன ச் சோ ர் வு ,   அ ச்ச ம்,   பத ற்ற ம்,   குறைவான   தன் மதிப்பு ,   பாலி யல்   செயல் கோ ளா று ,   உண் ணு தல்   சார்ந்த   கோ ளா று கள்,   மன ச்சு ழ ற்சி க்   கோ ளா று ,   அல்லது   அதி ர் ச்சி க்கு ப்   பி ந்தைய   மன அழு த்த க்   கோ ளா று   ஆகியவை   உட்பட லாம்",185
880,"தொடர்ந்து வந்த ஆண்டுகளில், மற்ற வகை இரத்த மிகையழுத்தக் குறைப்பு மருந்துகள் உருவாக்கப்பட்டு கூட்டுச் சிகிச்சையுடன் பரவலாக ஏற்கப்பட்டன, இவற்றுள் லூப் டையூரடிக்ஸ் (லேசிக்ஸ்/ஃபூரோசெமைட், ஹொஎக்ஸ்ட் ஃபார்மசூட்டிகல்ஸ், 1963), பீட்டா-பிளாக்கர்கள் (ஐசிஐ ஃபார்மசூட்டிகல்ஸ், 1964), ஏசிஇ தணிப்பிகள், ஆஞ்சியோடென்சின் ஏற்பித் தடுப்பான்கள் ஆகியவையும் உட்படும்","தொடர்ந்து   வந்த   ஆண்டு களில்,   மற்ற   வகை   இர த்த   மி கைய ழு த்த க்   குறை ப்பு   ம ருந்து கள்   உருவா க்கப்பட்டு   கூட்டு ச்   சிகிச்சை யுடன்   பரவலாக   ஏற்க ப்பட்ட ன,   இவ ற்று ள்   லூ ப்   டை யூ ர டி க்ஸ்   ( லே சி க்ஸ் / ஃ பூ ரோ செ மை ட்,   ஹொ எ க் ஸ்ட்   ஃ பார் ம சூ ட்டி கல் ஸ்,   196 3 ),   பீ ட்டா - பி ளா க்க ர்கள்   ( ஐ சி ஐ   ஃ பார் ம சூ ட்டி கல் ஸ்,   196 4 ),   ஏ சி இ   த ணி ப்பி கள்,   ஆ ஞ்சி யோ டெ ன் சின்   ஏற் பி த்   தடு ப்பா ன் கள்   ஆகியவை யும்   உட் படும்",108
881,"முக்கிய உணவுப் பயிரான நெல் பெரும்பாலும் அந்தமான் தீவுகளில் சாகுபடி செய்யப்படுகிறது, தேங்காய் மற்றும் பாக்கு நிக்கோபார் தீவுகளில் சாகுபடி செய்யப்படுகின்றன","முக்கிய   உணவு ப்   பயி ரான   நெ ல்   பெரும்பாலும்   அந்த மான்   தீவு களில்   சா கு படி   செய்ய ப்படுகிறது,   தே ங்கா ய்   மற்றும்   பா க்கு   நி க்கோ பார்   தீவு களில்   சா கு படி   செய்ய ப்படு கின்றன",34
882,ஏடிஐ 1996இல் மடிக் கணினிகளுக்கான 3டி-கிராஃபிக்ஸ் ஆக்சிலரேஷனை அறிமுகப்படுத்தியதன் மூலம் நகர்நிலைக் கணினித் துறைக்குள் காலெடுத்து வைத்தது,ஏ டி ஐ   199 6இல்   ம டி க்   கணி னி களுக்கான   3 டி - கி ராஃ பி க்ஸ்   ஆ க் சில ரே ஷ னை   அறிமுக ப்படு த்திய தன்   மூலம்   நகர் நிலை க்   கணி னி த்   துறை க்குள்   கா லெ டுத்து   வை த்த து,43
883,"நிலக்கரிச் சுரங்கங்கள் வருவதற்கு முன்பு, ஜாரியாவில் பழங்குடியினர் வசித்த காடுகள் இருந்தன","நில க்க ரி ச்   சு ரங்க ங்கள்   வரு வதற்கு   முன்பு ,   ஜா ரியா வில்   பழங்குடி யினர்   வசி த்த   கா டுகள்   இருந்த ன",22
884,நாக்பூரில் சர்வதேச பன்முறை சரக்குப் போக்குவரத்து மையம் மற்றும் விமான நிலையம் (மிஹான்) என்றதொரு சர்வதேச சரக்குப் போக்குவரத்து மையத் திட்டம் உருவாக்கப்பட்டுள்ளது,நா க் பூ ரில்   சர்வதேச   பன் முறை   சர க்கு ப்   போக்குவரத்து   மை யம்   மற்றும்   விமான   நிலையம்   ( மி ஹா ன் )   என்ற தொ ரு   சர்வதேச   சர க்கு ப்   போக்குவரத்து   மைய த்   திட்ட ம்   உருவா க்கப்பட்டுள்ள து,36
885,"மேலும், அசோக் லேலாண்ட் டிஃபென்ஸ் சிஸ்டம்ஸ் லிமிடட் (ஏஎல்டிஎஸ்) நிறுவனம் அசோக் லேலாண்டின் உள்நிறுவன ஆராய்ச்சி மேம்பாட்டு தளத்தையும், உலகளாவிய தொழில்நுட்ப முன்னணியாளர்களுடன் அதன் கூட்டுப் பணியையும், இந்தியாவிலுள்ள அசோக் லேலாண்டின் அதிநவீன ஆலைகளையும் இயக்குகின்ற ஒரு பின்புலமாக இருந்து வருகிறது","மேலும்,   அசோ க்   லே லா ண்ட்   டிஃ பெ ன்ஸ்   சி ஸ் டம் ஸ்   லி மிட ட்   ( ஏ எல் டி எஸ் )   நிறுவனம்   அசோ க்   லே லா ண்டின்   உள் நிறுவன   ஆராய்ச்சி   மேம்பா ட்டு   தள த்தை யும்,   உல களா விய   தொழில்நுட்ப   முன்னணி யாளர் களுடன்   அதன்   கூட்டு ப்   பணி யை யும்,   இந்தியா வி லுள்ள   அசோ க்   லே லா ண்டின்   அதி நவீன   ஆ லை களையும்   இயக்கு கின்ற   ஒரு   பின் பு ல மாக   இருந்து   வரு கிறது",72
886,பிலெஸ்ஸீ செமிகண்டக்டர்ஸ் லிமிடட் ஜாஸ்பர் டிஸ்ப்ளே சிமாஸ் பேக்பிளேனுடன் பிணைத்த ஓர் ஒற்றைத் துண்டு ஒற்றை நிற ஜிஏஎன்-பதித்த சிலிகான் மென்தகட்டு 8மி பிக்சல் பிட்ச் கொண்ட 0,பி லெ ஸ் ஸீ   செ மிக ண்ட க் டர் ஸ்   லி மிட ட்   ஜா ஸ் பர்   டி ஸ் ப் ளே   சி மா ஸ்   பே க் பி ளே னுடன்   பி ணை த்த   ஓர்   ஒற்றை த்   து ண்டு   ஒற்றை   நிற   ஜி ஏ என் - பதி த்த   சி லி கான்   மென் த கட்டு   8 மி   பி க் சல்   பி ட் ச்   கொண்ட   0,60
887,7 அங்குல (18 மிமீ) இயக்கச் சட்டக மைக்ரோ எல்இடி டிஸ்ப்ளேயை இயக்கிக் காட்டியது,7   அங்கு ல   ( 18   மி மீ )   இயக்க ச்   சட்ட க   மை க் ரோ   எல் இ டி   டி ஸ் ப் ளே யை   இய க்கி க்   கா ட்டிய து,29
888,"நகரத்தில் திட்டமிடாத வளர்ச்சியின் விளைவாக பெருத்த போக்குவரத்து ஸ்தம்பிப்புகள் ஏற்பட்டன, ஒரு மேம்பாலத் தொகுதியும் ஒருவழிப் பாதைகளும் புதிதாக அமைக்கப்பட்ட போதிலும் அவை ஓரளவே மேற்படி பிரச்சனைக்குத் தீர்வளித்தன","நகர த்தில்   திட்டமி டா த   வளர்ச்சி யின்   விளைவாக   பெரு த்த   போக்குவரத்து   ஸ் த ம்பி ப்புகள்   ஏற்பட்ட ன,   ஒரு   மேம்பா ல த்   தொகுதி யும்   ஒரு வழி ப்   பாதை களும்   புதி தாக   அமை க்கப்பட்ட   போதி லும்   அவை   ஓ ர ள வே   மேற்ப டி   பிரச்சனை க்கு த்   தீ ர்வ ளி த்தன",48
889,"அண்டை நாடுகளுக்குப் பணி ஒப்படைப்பு, ஐடி துறை ஆகிய சேவைகளுக்கு ஆங்கில மொழித் திறன்களே அடிப்படை ஆதாரமாக விளங்குகின்றன","அ ண்டை   நாடு களுக்கு ப்   பணி   ஒ ப்படை ப்பு,   ஐ டி   துறை   ஆகிய   சேவை களுக்கு   ஆங்கில   மொழி த்   திறன் க ளே   அடிப்படை   ஆதார மாக   விளங்கு கின்றன",26
890,"சிஎம்டிஎஸ் என்பது விமானங்களுக்கு சுயப் பாதுகாப்பு அளிக்கும் ஒரு காற்று-மிதவை தற்காப்பமைப்பு, இது ரேடார்-செலுத்தல் & ஐஆர் நாடுதல் வான் & தரை ஏவுகணைகளை முனைப்பற்ற இசிஎம் மூலம் தடுக்கிறது","சி எம் டி எஸ்   என்பது   விமான ங்களுக்கு   சுய ப்   பாதுகாப்பு   அளி க்கும்   ஒரு   காற்று - மித வை   தற்கா ப்ப மைப்பு ,   இது   ரே டா ர் - செலுத்த ல்   &   ஐ ஆர்   நாடு தல்   வான்   &   தரை   ஏ வு க ணை களை   முனை ப்பற்ற   இ சி எம்   மூலம்   தடு க்கிற து",50
891,"2013இல் எகிப்து தான் ஆப்பிரிக்காவிலேயே மிக அதிகமாக எண்ணெய் மற்றும் இயற்கை வாயு நுகர்வோர் நாடாக இருந்தது, இது ஆப்பிரிக்காவின் மொத்த எண்ணெய் நுகர்வில் 20%க்கும் அதிகமாகவும் மொத்த உலர் இயற்கை வாயு நுகர்வில் 40%க்கும் அதிகமாகவும் பயன்படுத்தியது","2013 இல்   எ கி ப் து   தான்   ஆ ப்பிரி க்கா வி லேயே   மிக   அதிகமாக   எண் ணெ ய்   மற்றும்   இயற்கை   வா யு   நு கர் வோ ர்   நாடா க   இருந்த து,   இது   ஆ ப்பிரி க்கா வின்   மொத்த   எண் ணெ ய்   நு கர் வில்   20 % க்கும்   அதிகமாக வும்   மொத்த   உல ர்   இயற்கை   வா யு   நு கர் வில்   40 % க்கும்   அதிகமாக வும்   ப யன்படு த்திய து",64
892,"ஒன்றிணைப்பு நடவடிக்கையைத் தொடர்ந்து மற்ற 5 சார்பு வங்கிகளையும் (அதாவது, ஸ்டேட் பேங்க் ஆஃப் பிகானர் அண்ட் ஜெய்ப்பூர், ஸ்டேட் பேங்க் ஆஃப் ஹைதராபாத், ஸ்டேட் பேங்க் ஆஃப் மைசூர், ஸ்டேட் பேங்க் ஆஃப் பாட்டியாலா மற்றும் ஸ்டேட் பேங்க் ஆஃப் திருவாங்கூர்), பாரதிய மகிலா வங்கியையும் எஸ்பிஐ-யுடன் ஒருங்கிணைப்பதற்குரிய கொள்கையளவிலான ஒப்புதலை 15 ஜூன் 2016 அன்று மத்திய அமைச்சரவை வழங்கியது","ஒன்றி ணை ப்பு   நடவடிக்கை யை த்   தொடர்ந்து   மற்ற   5   சார் பு   வங்கி களையும்   ( அ தா வது,   ஸ் டே ட்   பே ங்க்   ஆஃப்   பி கா னர்   அ ண்ட்   ஜெய் ப்பூ ர்,   ஸ் டே ட்   பே ங்க்   ஆஃப்   ஹை தரா பாத் ,   ஸ் டே ட்   பே ங்க்   ஆஃப்   மை சூ ர்,   ஸ் டே ட்   பே ங்க்   ஆஃப்   பா ட்டி யா லா   மற்றும்   ஸ் டே ட்   பே ங்க்   ஆஃப்   திரு வா ங் கூர் ),   பார திய   மகி லா   வங்கி யையும்   எஸ் பி ஐ - யுடன்   ஒருங்கிணை ப்பதற்கு ரிய   கொள் கைய ள விலான   ஒப்பு தலை   15   ஜூன்   2016   அன்று   மத்திய   அமைச்ச ர வை   வழ ங்கிய து",103
893,"கெயில் நிறுவனம் எகிப்தில் உள்ள இரண்டு சில்லறை விற்பனை நிறுவனங்களிலும் சமபங்கு வணிகக் கூட்டு கொண்டுள்ளது, அவை ஃபயூம் கேஸ் கம்பனி (எஃப்ஜிசி) மற்றும் நேஷனல் கேஸ் கம்பனி (நேட்கேஸ்) ஆகும்","கெ யில்   நிறுவனம்   எ கி ப் தில்   உள்ள   இரண்டு   சி ல்லறை   விற்பனை   நிறுவன ங்களிலும்   சம பங்கு   வணிக க்   கூட்டு   கொண்டு ள்ள து,   அவை   ஃ ப யூ ம்   கே ஸ்   க ம்ப னி   ( எஃப் ஜி சி )   மற்றும்   நே ஷ னல்   கே ஸ்   க ம்ப னி   ( நே ட் கே ஸ் )   ஆ கும்",54
894,1824இல் மீத் கவுன்டியிலுள்ள ட்ரிம் என்ற ஊரின் தலைமைப் பாதிரியார் ரிச்சர்ட் பட்லர் தனக்குத் துணைபுரியும் கீழ்நிலைப் பாதிரியும் தனது மாமாவுமான ஜேம்ஸ் ஹேமில்டனை எட்ஜ்வர்த்டவுனில் நாவலாசிரியர் மரியா எட்ஜ்வர்த்துக்கு அறிமுகம் செய்து வைத்தார்,18 24 இல்   மீ த்   கவு ன் டி யி லுள்ள   ட் ரி ம்   என்ற   ஊ ரின்   தலைமை ப்   பாதி ரியா ர்   ரி ச்ச ர் ட்   பட் லர்   தன க்கு த்   துணை புரி யும்   கீழ் நிலை ப்   பாதி ரி யும்   தனது   மா மா வு மான   ஜே ம்ஸ்   ஹே மில் ட னை   எ ட் ஜ் வர் த் ட வு னில்   நா வ லா சிரிய ர்   ம ரியா   எ ட் ஜ் வர் த்துக்கு   அறிமுக ம்   செய்து   வை த்தா ர்,76
895,பெங்கால் கெமிக்கல்ஸ் அண்ட் ஃபார்மசூட்டிக்கல்ஸ் நிறுவனம் கல்கத்தா பல்கலைக்கழகத்தின் வேதியியல் பேராசிரியரான பி,பெ ங்கா ல்   கெ மி க்கல் ஸ்   அ ண்ட்   ஃ பார் ம சூ ட்டி க்கல் ஸ்   நிறுவனம்   கல் க த்தா   பல்கலைக்கழக த்தின்   வே தி யியல்   பே ரா சிரிய ரான   பி,30
896,சி,சி,1
897,ரே அவர்களால் நிறுவப்பட்டது,ரே   அவர் களால்   நிறுவ ப்பட்ட து,6
898,இந்தியன் ஏர்லைன்ஸ் உள்நாட்டுத் தடங்களிலும் ஏர் இந்தியா இன்டர்நேஷனல் சர்வதேச சேவைகளிலும் கவனம் செலுத்தின,இந்திய ன்   ஏ ர் லை ன்ஸ்   உள்நாட்டு த்   த ட ங்களிலும்   ஏ ர்   இந்தியா   இன் டர் நே ஷ னல்   சர்வதேச   சேவை களிலும்   கவனம்   செலு த்தின,25
899,"மற்ற சந்தர்ப்பங்களில் ஹெலிகாப்டர் உளவு பார்ப்பதற்கு மட்டுமே பயன்படுத்தப்பட்டுள்ளது, அதேவேளை ராக்கெட்-செலுத்தல் கடற்கணை ஆயுதமாகப் பயன்படுத்தப்பட்டுள்ளது","மற்ற   ச ந்தர் ப்ப ங்களில்   ஹெ லி கா ப் டர்   உ ளவு   பார் ப்பதற்கு   மட்டுமே   பயன்படுத்த ப்பட்டுள்ள து,   அதே வேளை   ரா க்கெட் - செலுத்த ல்   கட ற்க ணை   ஆயுத மாக ப்   பயன்படுத்த ப்பட்டுள்ள து",34
900,"1980களில், எஸ்பரன்ஸே சியா என்ற ஸ்பெயின் நிறுவனம் 21 சிறு கவசத் துளைப்பு குண்டுகள் அடங்கிய 120 மிமீ குழியோடு குண்டு ஒன்றை உருவாக்கியது","198 0 களில்,   எஸ் பர ன் ஸே   சியா   என்ற   ஸ் பெ யின்   நிறுவனம்   21   சிறு   கவ சத்   து ளை ப்பு   குண்டு கள்   அட ங்கிய   1 20   மி மீ   கு ழி யோ டு   குண்டு   ஒன்றை   உருவாக்கிய து",36
901,"சில மதிப்பீடுகளின் படி, இந்தியாவில் 10,600 மெகாவாட் புவிவெப்ப ஆற்றல் இருக்கிறதாம்","சில   மதிப்பீ டு களின்   படி,   இந்தியாவில்   10 , 6 00   மெ கா வா ட்   புவி வெப்ப   ஆ ற்ற ல்   இருக்கிற தா ம்",22
902,"இந்தியாவுக்கு வெளியேயிருந்து பணவரவுகள், இந்தியாவுக்குள் வரவேண்டிய நியாயமான பாக்கிகள், மற்ற என்ஆர்ஓ கணக்குகளிலிருந்து பணப் பரிமாற்றங்கள் ஆகியவை என்ஆர்ஓ கணக்குக்கு அனுமதிக்கப்படும் வரவுகளாகும்","இந்தியா வுக்கு   வெளியே யி ருந்து   பண வரவு கள்,   இந்தியா வுக்கு ள்   வர வேண்டிய   நி யா யமான   பா க்கி கள்,   மற்ற   என் ஆர் ஓ   கணக்கு களிலிருந்து   பண ப்   பரி மாற்ற ங்கள்   ஆகியவை   என் ஆர் ஓ   கணக்கு க்கு   அனுமதி க்கப்படும்   வரவு களா கும்",41
903,ஏற்றுமதிகளை ஊக்குவிக்கும் வகையில் மத்திய அரசு அம்பட் எம்ஐடிசி-யில் ஒரு கண்டெய்னர் சரக்கு நிலையத்தை தொடங்கியது,ஏற்று மதி களை   ஊக்குவி க்கும்   வகையில்   மத்திய   அரசு   அ ம்ப ட்   எம் ஐ டி சி - யில்   ஒரு   கண் டெய் னர்   சர க்கு   நிலைய த்தை   தொட ங்கிய து,28
904,"8 ஆகஸ்ட் 1984 அன்று, யுவிபி இன்க்","8   ஆகஸ்ட்   198 4   அன்று,   யு வி பி   இன் க்",10
905,"நிறுவனத்துக்கு வழங்கப்பட்டு பின்னர் 3டி சிஸ்டம்ஸ் கார்பரேஷனின் சக் ஹல்லுக்கு வழங்கப்பட்ட யுஎஸ்4575330 எனும் காப்புரிமை, ஸ்டீரியோலித்தோகிராஃபி கட்டுருவ அமைப்பிற்காகப் பதிவுசெய்யப்பட்டது, இது கதிர்வீச்சு மோதல், துகள் பாய்ச்சுதல், வேதி வினை அல்லது வெறுமனே புற ஊதா ஒளி லேசர்கள் மூலம் ஃபோட்டோபாலிமர்களை பதப்படுத்தி தனித்தனி மென்படலங்கள் அல்லது மென் அடுக்குகளைச் சேர்க்கும் ஓர் அமைப்பு","நிறுவன த்துக்கு   வழங்க ப்பட்டு   பின்னர்   3 டி   சி ஸ் டம் ஸ்   கார் ப ரே ஷ னின்   ச க்   ஹ ல் லுக்கு   வழங்க ப்பட்ட   யு எஸ் 4 5 7 5 3 30   எனும்   கா ப்பு ரிமை ,   ஸ் டீ ரி யோ லி த்தோ கி ராஃ பி   கட்டு ருவ   அமை ப்பி ற்காக ப்   பதிவு செய்யப்பட்ட து,   இது   க திர் வீ ச்சு   மோ தல்,   து கள்   பாய் ச்சு தல்,   வே தி   வினை   அல்லது   வெ று ம னே   புற   ஊ தா   ஒளி   லே ச ர்கள்   மூலம்   ஃ போ ட்டோ பாலி மர் களை   பத ப்படுத்தி   தனி த்தனி   மெ ன்ப ட ல ங்கள்   அல்லது   மென்   அ டுக்கு களை ச்   சேர் க்கும்   ஓர்   அமைப்பு",107
906,"பிற முக்கிய தொழில்துறைகளில் விஞ்ஞான உபகரணங்கள், விவசாயப் பொருட்கள், மின்சாரப் பொருட்கள், இயந்திரக் கருவிகள், ஜவுளி, தையல் இயந்திரங்கள், விளையாட்டுச் சாதனங்கள், தரசம், உரம், மிதிவண்டிகள், ஆடைகள் ஆகியவற்றின் உற்பத்தியும், பைன் எண்ணெய் மற்றும் சர்க்கரை பதனிடுதலும் உட்படும்","பிற   முக்கிய   தொழில்துறை களில்   வி ஞ் ஞா ன   உ பக ரண ங்கள்,   விவசாய ப்   பொருட் கள்,   மின்சார ப்   பொருட் கள்,   இய ந்திர க்   கரு வி கள்,   ஜ வு ளி ,   தை யல்   இய ந்திர ங்கள்,   விளையாட்டு ச்   சா தன ங்கள்,   தர ச ம்,   உ ர ம்,   மி தி வ ண்டி கள்,   ஆடை கள்   ஆகியவ ற்றின்   உற்பத்தி யும்,   பை ன்   எண் ணெ ய்   மற்றும்   சர் க்கரை   ப தனி டு த லும்   உட் படும்",72
907,கணினிக் கட்டமைப்பில் மின் நுகர்வு பற்றிக் குறிப்பிடும்போது அது வழக்கமாக எம்ஐபிஎஸ்/டபிள்யூ (மில்லியன்ஸ் ஆஃப் இன்ஸ்ட்ரக்ஷன்ஸ் பெர் செகன்ட் பெர் வாட்) கணக்கிலேயே அளவிடப்படுகிறது,கணி னி க்   கட்ட மை ப்பில்   மின்   நு கர் வு   பற்றி க்   குறிப்பி டும் போது   அது   வழக்கமாக   எம் ஐ பி எஸ் / ட பிள் யூ   ( மில்லியன் ஸ்   ஆஃப்   இன் ஸ்ட் ர க்ஷ ன்ஸ்   பெர்   செ கன் ட்   பெர்   வா ட் )   கணக்கி லேயே   அள விட ப்படு கிறது,48
908,"ஹைதராபாதில் உள்ள மாநிலத் தொழிலாளர் ஈட்டுறுதிக் கழக மருத்துவக் கல்லூரி மூலவுருவை உருவாக்க ஆர்சிஐ-க்கு உதவியது, அதேவேளை மருத்துவக் கல்வி மற்றும் ஆராய்ச்சிக்கான முதுகலைப் பயிலகம் மருத்துவப் பயன்பாட்டுக்காக தயாரிப்புகளைச் சோதித்தல், சரிபார்த்தல் மற்றும் அங்கீகரித்தலுக்கு உதவியது","ஹை தரா பா தில்   உள்ள   மாநில த்   தொழி லா ளர்   ஈ ட்டு றுதி க்   க ழ க   மருத்துவ க்   கல்லூரி   மூல வு ரு வை   உருவாக்க   ஆர் சி ஐ - க்கு   உதவி ய து,   அதே வேளை   மருத்துவ க்   கல்வி   மற்றும்   ஆராய்ச்சி க்கான   மு து கலை ப்   பயி ல கம்   மருத்துவ ப்   பயன் பாட்டு க்காக   தயாரி ப்புகளை ச்   சோ தி த்த ல்,   சரி பார் த்தல்   மற்றும்   அங்கீ கரி த்த லுக்கு   உதவி ய து",71
909,"சில சந்தர்ப்பங்களில், அறிவியல் புனைக்கதைகள் சார்ந்து முதலில் அறிமுகப்படுத்தப்பட்ட ஆயுதங்கள் இப்போது நிஜமாகியுள்ளன","சில   ச ந்தர் ப்ப ங்களில்,   அறிவி யல்   பு னை க்கதை கள்   சார் ந்து   முதலில்   அறிமுக ப்படுத்தப்பட்ட   ஆயு தங்கள்   இப்போது   நி ஜ மா கி யுள்ள ன",25
910,"இந்தியாவின் முன்னணி உருக்குத் தயாரிப்பாளரான செயில் நிறுவனத்துக்கு, தமிழ்நாட்டின் சேலத்தில் ஓர் உருக்காலை உள்ளது","இந்தியாவின்   முன்னணி   உரு க்கு த்   தயாரி ப்பா ள ரான   செ யில்   நிறுவன த்துக்கு ,   தமிழ்நாட்டின்   சே ல த்தில்   ஓர்   உரு க்கா லை   உள்ள து",24
911,"அதைத் தொடர்ந்து 1997இல் சான்யோ நிறுவனம் ""பாஸ்கேப்"" பாலிமர் தாண்டலம் சிப்களை உருவாக்கியது","அதை த்   தொடர்ந்து   199 7இல்   சா ன் யோ   நிறுவனம்   "" பா ஸ்கே ப் ""   பாலி மர்   தா ண்ட லம்   சி ப் களை   உருவாக்கிய து",24
912,"விமானத்தின் விமானியறையே வான்பயண மின்னணு உபகரணங்களை அமைப்பதற்குரிய இடமாக உள்ளது, இவற்றில் கட்டுப்பாடு, கண்காணிப்பு, தகவல்தொடர்பு, வான்வழி செலுத்தல், வானிலை, மோதல் தவிர்ப்பு அமைப்புகள் ஆகியவை சார்ந்த சாதனங்கள் உட்படும்","விமான த்தின்   வி மா னிய றை யே   வா ன்ப ய ண   மி ன்ன ணு   உ பக ரண ங்களை   அமை ப்பதற்கு ரிய   இட மாக   உள்ளது,   இவற்றில்   கட்டுப்பா டு ,   கண் காணி ப்பு,   தகவல் தொடர்பு ,   வான் வழி   செலுத்த ல்,   வானிலை ,   மோ தல்   தவி ர் ப்பு   அமைப்புகள்   ஆகியவை   சார்ந்த   சா தன ங்கள்   உட் படும்",53
913,"இதற்கு நான்கு பிரதான திட்ட ஆலோசனைகள் முன்வைக்கப்பட்டன, அவற்றைப் பொருத்தமாகக் கலந்து பயன்படுத்துவது பற்றிய முடிவு, இந்த வளர்ச்சித் திட்டத்தின் முன்னேற்றத்தினூடே எடுக்கப்படும்","இதற்கு   நான்கு   பிரதான   திட்ட   ஆலோசனை கள்   முன் வை க்கப்பட்ட ன,   அவற்றை ப்   பொருத்த மாக க்   கல ந்து   பயன்படுத்து வது   பற்றிய   முடிவு ,   இந்த   வளர்ச்சி த்   திட்ட த்தின்   முன்னே ற்ற த்தி னூ டே   எடு க்கப்படும்",34
914,"இந்திய பணச் சந்தை இரண்டாக வகைப்படுத்தப்படுகிறது: ஒன்று முறைசார்ந்த பிரிவு, இதில் தனியார், பொதுத் துறை மற்றும் அயலக-உரிமை வணிக வங்கிகளும் கூட்டுறவு வங்கிகளும் அடங்கும், இவை ஒட்டுமொத்தமாக ""ஷெட்யூல்ட் வங்கிகள்"" என்று அழைக்கப்படுகின்றன; மற்றொன்று முறைசாரா பிரிவு, இதில் தனிநபர் அல்லது குடும்ப உரிமையாளர் கொண்ட உள்நாட்டு வங்கிசார் அல்லது வட்டிக்கடன் நிறுவனங்களும் வங்கி சாரா நிதி நிறுவனங்களும் உட்படும்","இந்திய   பண ச்   சந்தை   இரண்டா க   வகை ப்படுத்த ப்படு கிறது :   ஒன்று   முறை சார்ந்த   பிரிவு ,   இதில்   தனி யா ர்,   பொது த்   துறை   மற்றும்   அ ய ல க - உரிமை   வணிக   வங்கி களும்   கூட்டு ற வு   வங்கி களும்   அடங்கு ம்,   இவை   ஒட்டு மொத்த மாக   "" ஷெ ட் யூ ல் ட்   வங்கி கள் ""   என்று   அழைக்கப்படு கின்றன ;   மற்றொ ன்று   முறை சா ரா   பிரிவு ,   இதில்   தனி நபர்   அல்லது   குடும்ப   உரிமை யாளர்   கொண்ட   உள்நாட்டு   வங்கி சார்   அல்லது   வட்டி க்க டன்   நிறுவன ங்களும்   வங்கி   சா ரா   நிதி   நிறுவன ங்களும்   உட் படும்",89
915,"2006 ஆகஸ்டில் வடக்கு மின் கட்டமைப்பும் இதனுடன் இணைக்கப்பட்டு ஒரு மைய மின் கட்டமைப்பு உருவாகி, அது ஒத்திசைவாக இணைக்கப்பட்டு ஒரே அதிர்வெண்ணில் இயங்கியது","200 6   ஆக ஸ்டி ல்   வடக்கு   மின்   கட்ட மைப்பு ம்   இத னுடன்   இணை க்கப்பட்டு   ஒரு   மைய   மின்   கட்ட மைப்பு   உருவா கி ,   அது   ஒ த்தி சை வாக   இணை க்கப்பட்டு   ஒரே   அதி ர் வெ ண் ணி ல்   இய ங்கிய து",39
916,"பிராந்திய மின் கட்டமைப்புகளை இணைக்கும் திட்டம் முதல் முறையாக 1991 அக்டோபரில், வட கிழக்கு மற்றும் கிழக்கு மின் கட்டமைப்புகள் இணைக்கப்பட்ட போது நிறுவப்பட்டது","பிராந்திய   மின்   கட்ட மைப்பு களை   இணை க்கும்   திட்ட ம்   முதல்   முறையாக   199 1   அக்டோ பரி ல்,   வட   கிழக்கு   மற்றும்   கிழக்கு   மின்   கட்ட மை ப்புகள்   இணை க்கப்பட்ட   போது   நிறுவ ப்பட்ட து",30
917,டீசலை மாற்றீடு செய்வதற்குரிய கட்டுப்படியான அதிகபட்ச சில்லறை மின்சார விலை ரூ,டீ ச லை   மா ற் றீ டு   செய்வதற்கு ரிய   கட்டு ப்படி யான   அதிகபட்ச   சி ல்லறை   மின்சார   விலை   ரூ,18
918,19/கேடபில்யூஎச் (அதாவது 40% எரிசக்தி-கிரான்க்ஷாஃப்ட் திறனளவு பயனீட்டில் 8572 கே,19 / கே ட பில் யூ எ ச்   ( அதாவது   40 %   எரி சக்தி - கிரா ன் க் ஷாஃ ப் ட்   திற ன ளவு   பய னீ ட்டில்   8 5 7 2   கே,32
919,கால்/லிட்டர் என்ற டீசலின் நிகர கலோரி மதிப்புக்குப் பதிலாக 75% உள்ளீட்டு மின்சார-ஷாஃப்ட் திறனளவு பயனீட்டில் 860 கே,கால் / லி ட்டர்   என்ற   டீ ச லின்   நி கர   க லோ ரி   மதிப்பு க்கு ப்   பதி லாக   7 5 %   உள் ளீ ட்டு   மின்சார - ஷாஃ ப் ட்   திற ன ளவு   பய னீ ட்டில்   8 60   கே,38
920,"கால்/கேடபில்யூஎச் கிடைக்க வேண்டும்), இதேபோல் பெட்ரோலை மாற்றீடு செய்வதற்குரிய அந்த விலை ரூ","கால் / கே ட பில் யூ எ ச்   கிடை க்க   வேண்டும் ),   இதே போல்   பெ ட் ரோ லை   மா ற் றீ டு   செய்வதற்கு ரிய   அந்த   விலை   ரூ",27
921,28/கேடபில்யூஎச் (அதாவது 33% எரிசக்தி-கிரான்க்ஷாஃப்ட் திறனளவு பயனீட்டில் 7693 கே,28 / கே ட பில் யூ எ ச்   ( அதாவது   3 3 %   எரி சக்தி - கிரா ன் க் ஷாஃ ப் ட்   திற ன ளவு   பய னீ ட்டில்   7 6 9 3   கே,33
922,கால்/லிட்டர் என்ற பெட்ரோலின் நிகர கலோரி மதிப்புக்குப் பதிலாக 75% உள்ளீட்டு மின்சார-ஷாஃப்ட் திறனளவு பயனீட்டில் 860 கே,கால் / லி ட்டர்   என்ற   பெ ட் ரோ லின்   நி கர   க லோ ரி   மதிப்பு க்கு ப்   பதி லாக   7 5 %   உள் ளீ ட்டு   மின்சார - ஷாஃ ப் ட்   திற ன ளவு   பய னீ ட்டில்   8 60   கே,39
923,கால்/கேடபில்யூஎச் கிடைக்க வேண்டும்),கால் / கே ட பில் யூ எ ச்   கிடை க்க   வேண்டும் ),12
924,"சந்தையில் நூற்றுக்கணக்கான கைப்பேசிகள் உள்ளன, அவை திரையின் அளவு மற்றும் ஆதாரத் தொழிநுட்பங்களை (எ","சந்தை யில்   நூ ற்று க்கணக்கான   கை ப்பே சி கள்   உள்ளன,   அவை   திரை யின்   அளவு   மற்றும்   ஆதார த்   தொழி நுட்ப ங்களை   ( எ",22
925,கா,கா,1
926,"எம்எம்எஸ், வாப் 2","எம் எம் எஸ் ,   வா ப்   2",7
927,0) பொறுத்து வேறுபடுகின்றன,0 )   பொறு த்து   வேறு படு கின்றன,7
928,வளங்களைக் கண்டறிவதற்கு ஒரு பொது மற்றும் தனியார் துறை கூட்டுறவே (பிபிபி) மிகப் பொருத்தமான அணுகுமுறையாக இருக்கும்,வள ங்களை க்   கண்ட றி வதற்கு   ஒரு   பொது   மற்றும்   தனியார்   துறை   கூட்டு ற வே   ( பி பி பி )   மிக ப்   பொருத்த மான   அணு கு முறையாக   இருக்கும்,27
929,"""அந்தத் தருணம் முதல் கல்கத்தாவுக்கு உணவு வழங்க வழக்கமான வணிகமுறை அமைப்பை நம்பியிருக்க முடியவில்லை"" என்று 1945ஆம் ஆண்டு அறிக்கை கூறியது",""" அந்த த்   த ரு ணம்   முதல்   கல் க த்தா வுக்கு   உணவு   வழங்க   வழக்கமான   வணிக முறை   அமை ப்பை   நம்பி யிரு க்க   முடிய வில்லை ""   என்று   194 5 ஆம்   ஆண்டு   அறிக்கை   கூ றிய து",33
930,"1591இல், முதல் கேம்ப்ரிட்ஜ் பைபிள் ஜான் லெகேட்டால் அச்சிடப்பட்டது, பிறகு 1929இல் கிங் ஜேம்ஸ் பைபிளின் கேம்ப்ரிட்ஜ் ஃபோலியோ பதிப்பை தாமஸ் அன்ட் ஜான் பக் அச்சிட்டனர்","15 9 1 இல்,   முதல்   கே ம் ப் ரி ட் ஜ்   பை பிள்   ஜா ன்   லெ கே ட்டா ல்   அ ச்சி ட ப்பட்டது,   பிறகு   19 2 9இல்   கி ங்   ஜே ம்ஸ்   பை பி ளின்   கே ம் ப் ரி ட் ஜ்   ஃ போ லி யோ   பதி ப்பை   தா மஸ்   அன் ட்   ஜா ன்   பக்   அ ச்சி ட்ட னர்",57
931,"2017 டிசம்பரில் நடத்தப்பட்ட காற்றுமின் திட்டங்களுக்கான ஏலங்களில், காற்றுமின் ஆற்றலுக்கான நிலைப்படுத்திய கட்டணம் (எவ்வித நேரடி அல்லது மறைமுக மானியங்களும் இன்றி) ஒரு கேடபிள்யூஎச் வீதம் ₹2","201 7   டி சம்ப ரில்   நடத்த ப்பட்ட   காற்று மின்   திட்ட ங்களு க்கான   ஏல ங்களில்,   காற்று மின்   ஆ ற்ற லு க்கான   நிலை ப்படு த்திய   கட்ட ணம்   ( எவ் வித   நேர டி   அல்லது   மறை முக   மா னிய ங்களும்   இன் றி )   ஒரு   கே ட பிள் யூ எ ச்   வீ தம்   ₹ 2",50
932,43 ($0,4 3   ( $ 0,5
933,03) என்ற மிகக்குறைந்த சாதனை விலையை எட்டியது,0 3 )   என்ற   மிக க்குறை ந்த   சாதனை   விலை யை   எ ட்டிய து,13
934,"1972 முதல் 1975 வரை, 25 பைசா, 50 பைசா மற்றும் 1 ரூபாய் நாணயங்களில் குப்ரோ-நிக்கலுக்கு பதிலாக நிக்கல் பயன்படுத்தப்பட்டது, 1982இல் குப்ரோ-நிக்கல் 2 ரூபாய் நாணயங்கள் அறிமுகம் செய்யப்பட்டன","197 2   முதல்   197 5   வரை,   25   பை சா ,   50   பை சா   மற்றும்   1   ரூ பாய்   நாணய ங்களில்   கு ப் ரோ - நி க்க லுக்கு   பதி லாக   நி க்கல்   பயன்படுத்த ப்பட்டது,   198 2இல்   கு ப் ரோ - நி க்கல்   2   ரூ பாய்   நாணய ங்கள்   அறிமுக ம்   செய்யப்பட்ட ன",49
935,"""அரசை உச்ச நீதிமன்றத்திற்கு இழுப்பது: இந்தியப் பெருநகரங்களில் பொதுநல வழக்கும் பொது வெளியும்"" என்ற தனது புத்தகத்தில் டெம்போவ்ஸ்கி இதைப் பற்றி எழுதினார், அது முதல் முறையாக 2001இல் ஆக்ஸ்ஃபோர்டு யூனிவர்சிட்டி பிரஸ் நிறுவனத்தால் வெளியிடப்பட்டது",""" அர சை   உச்ச   நீதிமன்ற த்திற்கு   இ ழு ப்பது :   இந்திய ப்   பெரு நகர ங்களில்   பொது ந ல   வழ க்கும்   பொது   வெளி யும் ""   என்ற   தனது   புத்தக த்தில்   டெ ம் போ வ் ஸ் கி   இதை ப்   பற்றி   எழுதி னார்,   அது   முதல்   முறையாக   200 1இல்   ஆ க் ஸ்ஃ போர் டு   யூனி வர் சி ட்டி   பிர ஸ்   நிறுவன த்தால்   வெளியிட ப்பட்ட து",60
936,"ஒரு பாதுகாக்கப்பட்ட நபர் ""உடல் ரீதியான துன்பம் அல்லது மரணத்தை ஏற்படுத்தும் பண்புள்ள"" எவ்வொன்றையும் தூண்டக் கூடாது","ஒரு   பாதுகா க்கப்பட்ட   நபர்   "" உடல்   ரீ தியான   து ன்ப ம்   அல்லது   மரண த்தை   ஏற்படுத்து ம்   பண் பு ள்ள ""   எவ் வொ ன் றை யும்   தூ ண்ட க்   கூ டா து",31
937,ஒரு கிராமம் போரில் கைப்பற்றப்பட்டாலும் எந்தத் தரப்பினரும் அதைச் சூரையாடுவதில் ஈடுபடக்கூடாது என்று விதி 28 கூறுகிறது,ஒரு   கிராம ம்   போரில்   கை ப்பற்ற ப்பட்டா லும்   எந்த த்   தர ப்பி ன ரும்   அதை ச்   சூ ரை யா டு வதில்   ஈடு பட க்கூடா து   என்று   விதி   28   கூறு கிறது,30
938,"உடன்படிக்கையின் 8ஆம் பிரிவு, ஊனம் சார்ந்த பாகுபாட்டுக்கு எதிர் நடவடிக்கை எடுக்கும் வகையில் உரிமைகள் மற்றும் சுயமரியாதை மீதான மதிப்பை வளர்ப்பதற்காக விழிப்புணர்வு ஏற்படுத்துவதில் உறுப்பினர்களின் பொறுப்புணர்வை வலியுறுத்துகிறது","உடன் படி க்கை யின்   8 ஆம்   பிரிவு ,   ஊ ன ம்   சார்ந்த   பா கு பாட்டு க்கு   எதிர்   நடவடிக்கை   எடு க்கும்   வகையில்   உரிமை கள்   மற்றும்   சுய ம ரியா தை   மீ தான   மதி ப்பை   வளர் ப்பதற்காக   விழி ப்பு ண ர் வு   ஏற்படு த்துவ தில்   உறுப்பினர் களின்   பொறு ப்பு ண ர் வை   வலியுறு த்து கிறது",52
939,"கூட்டாட்சிப் பட்டியலின் கீழ் வரும் விவகாரங்களில் (குடியுரிமை, பாதுகாப்பு, உள்நாட்டுப் பாதுகாப்பு, சிவில் மற்றும் குற்றவியல் சட்டம், நிதி, வர்த்தகம், வணிகம் மற்றும் தொழில்துறை, கல்வி, தொழிலாளர் நலம், சுற்றுலா துறை போன்றவற்றில்) சட்டங்களை வகுக்கும் பிரத்யேக அதிகாரம் நாடாளுமன்றத்திடம் உள்ளது, அதேவேளை மாநிலப் பட்டியலின் கீழ் வரும் விவகாரங்களில் (நிலம், உள்ளூராட்சி, சய்ரயா சட்டம் மற்றும் சய்ரயா நீதிமன்றங்கள், மாநிலப் பொது விடுமுறைகள், மாநிலப் பொதுநலத் துறை போன்றவை) சட்டங்களை வகுக்கும் அதிகாரம் அந்தந்த மாநிலத்திடம், அதாவது அதன் சட்டசபையிடம், உள்ளது","கூ ட்டா ட்சி ப்   பட்டிய லின்   கீழ்   வரும்   விவ கார ங்களில்   ( குடி யு ரிமை ,   பாதுகாப்பு ,   உள்நாட்டு ப்   பாதுகாப்பு ,   சி வில்   மற்றும்   குற்ற வியல்   சட்ட ம்,   நிதி ,   வர்த்தக ம்,   வணி கம்   மற்றும்   தொழில்துறை ,   கல்வி ,   தொழி லா ளர்   ந ல ம்,   சுற்றுலா   துறை   போன்ற வ ற்றில் )   சட்ட ங்களை   வகு க்கும்   பிர த் யே க   அதிகா ரம்   நாடா ளுமன்ற த்தி டம்   உள்ளது,   அதே வேளை   மாநில ப்   பட்டிய லின்   கீழ்   வரும்   விவ கார ங்களில்   ( நில ம்,   உள்ளூ ராட்சி ,   ச ய் ர யா   சட்ட ம்   மற்றும்   ச ய் ர யா   நீதிமன்ற ங்கள்,   மாநில ப்   பொது   விடுமுறை கள்,   மாநில ப்   பொது ந ல த்   துறை   போன்ற வை )   சட்ட ங்களை   வகு க்கும்   அதிகா ரம்   அந்த ந்த   மாநில த்தி ட ம்,   அதாவது   அதன்   சட்ட ச பை யிட ம்,   உள்ள து",133
940,"பீக் மற்றும் எக்ஸ்ட்-சஸ்டெரனில் பிப்ரவரி 10 வரை ஓர் அவசரகால ஆணை செயல்படுத்தப்படும், இதன்மூலம் காவல்துறையினர் ஒருவரை எந்தக் காரணமும் இன்றி நிறுத்திச் சோதனையிடலாம்","பீ க்   மற்றும்   எ க் ஸ்ட் - ச ஸ் டெ ர னில்   பிப்ரவரி   10   வரை   ஓர்   அவசர கால   ஆணை   செயல் படுத்த ப்படு ம்,   இதன்மூலம்   காவல் துறை யினர்   ஒரு வரை   எந்த க்   காரண மும்   இன் றி   நிறுத்தி ச்   சோதனை யிட லாம்",40
941,"இருப்பினும், வழக்குரைஞர் எந்த மாநில வழக்குரைஞர் கழகத்தில் பதிவுசெய்திருந்தாலும் அவர் இந்தியாவிலுள்ள எவ்வொரு நீதிமன்றத்திலும் ஆஜராகத் தடையில்லை, அதேவேளை அவர் பதிவுசெய்துள்ள மாநில வழக்குரைஞர் கழகத்தின் பிராந்திய அதிகார வரம்புக்கு அது உட்படாது","இருப்பினும்,   வழக்கு ரை ஞர்   எந்த   மாநில   வழக்கு ரை ஞர்   க ழ க த்தில்   பதிவு செய் திரு ந்தா லும்   அவர்   இந்தியா வி லுள்ள   எவ் வொரு   நீதிமன்ற த்திலும்   ஆ ஜ ராக த்   தடை யில் லை ,   அதே வேளை   அவர்   பதிவு செய்து ள்ள   மாநில   வழக்கு ரை ஞர்   க ழ கத்தின்   பிராந்திய   அதிகார   வர ம்பு க்கு   அது   உட் ப டா து",57
942,"இந்தச் சட்டங்கள் அரசு சாரா அரசியல் செயல்பாடுகள் அனைத்தையும் தீவிரமாகக் கட்டுப்படுத்தின, தெருப் போராட்டங்கள், அங்கீகாரமற்ற அரசியல் அமைப்புகள், பதிவு செய்யப்படாத நிதி நன்கொடைகள் ஆகியவை சட்டப்படி தடை செய்யப்பட்டன","இந்த ச்   சட்ட ங்கள்   அரசு   சா ரா   அரசியல்   செயல் பாடு கள்   அனை த்தையும்   தீவிர மாக க்   கட்டு ப்படுத்தி ன,   தெ ரு ப்   போராட்ட ங்கள்,   அங்கீ கார மற்ற   அரசியல்   அமைப்பு கள்,   பதிவு   செய்ய ப்படாத   நிதி   நன் கொ டை கள்   ஆகியவை   சட்ட ப்படி   தடை   செய்யப்பட்ட ன",44
943,விபச்சாரம் திருமண நிகழ்வின் போது அளிக்கப்பட்ட உறுதி மற்றும் நம்பிக்கையின் ஒரு மீறல் என்பதாக பல சந்தர்ப்பங்களில் பார்க்கப்படுகிறது,வி ப ச்சா ரம்   திருமண   நிகழ் வின்   போது   அளி க்கப்பட்ட   உறுதி   மற்றும்   நம்பிக்கை யின்   ஒரு   மீ ற ல்   என்ப தாக   பல   ச ந்தர் ப்ப ங்களில்   பார் க்கப்படு கிறது,28
944,நீங்கள் உதவிப் பக்கங்களைக் கவனமாகப் படித்து அந்தப் பிரச்சனையை முழுமையாகச் சரிசெய்துவிட்டீர்களா,நீங்கள்   உதவி ப்   பக்க ங்களை க்   கவன மாக ப்   படி த்து   அந்த ப்   பிரச்சனை யை   முழுமையாக ச்   சரி செய்து வி ட் டீ ர்களா,23
945,"2006 ஜூலை மற்றும் ஆகஸ்ட் லெபனான்-இஸ்ரேல் போரில் கொத்துக் குண்டுகளின் பயன்பாடு மற்றும் தாக்கம் குறித்து எழுந்த சர்வதேச சர்ச்சை, இதன் தடை ஒப்பந்தத்துக்கான உலகளாவிய கோரிக்கை இயக்கத்துக்கு வலுச்சேர்த்தது","200 6   ஜூலை   மற்றும்   ஆகஸ்ட்   லெ ப னா ன் - இஸ் ரே ல்   போரில்   கொ த்து க்   குண்டு களின்   பயன் பாடு   மற்றும்   தா க்கம்   குறித்து   எழு ந்த   சர்வதேச   சர் ச்சை ,   இதன்   தடை   ஒப்பந்த த்து க்கான   உல களா விய   கோரி க்கை   இயக்க த்துக்கு   வலு ச்சேர் த்த து",47
946,தைவானில் மரண தண்டனைக்கு 80% அளவில் வலுவான ஆதரவு இருப்பதாக கருத்து வாக்கெடுப்புகளும் ஆராய்ச்சியும் தொடர்ந்து காட்டியுள்ளன,தை வா னில்   மரண   த ண்டனை க்கு   80 %   அளவில்   வலு வான   ஆதர வு   இருப்ப தாக   கருத்து   வா க்கெடு ப்பு களும்   ஆராய்ச்சி யும்   தொடர்ந்து   காட்டி யுள்ள ன,27
947,"மேலும், நியூரம்பர்க் வழக்குகளின் முன்னாள் தலைமை அரசுதரப்பு வழக்கறிஞர் பெஞ்சமின் ஃபெரன்ஸ் ஈராக் மீதான படையெடுப்பை ""ஒரு தெளிவான சட்ட மீறல்"" என்று அழைத்துள்ளார், ஆக அது அமைதிக்கு எதிரானதொரு குற்றமாக விளங்குகிறது","மேலும்,   நியூ ரம்ப ர் க்   வழக்கு களின்   முன்னாள்   தலைமை   அரசு தர ப்பு   வழக்க றி ஞர்   பெ ஞ்ச மின்   ஃ பெ ர ன்ஸ்   ஈ ரா க்   மீ தான   படையெடு ப்பை   "" ஒரு   தெளி வான   சட்ட   மீ ற ல் ""   என்று   அழைத்து ள்ளா ர்,   ஆக   அது   அமை தி க்கு   எதிரான தொ ரு   குற்ற மாக   விளங்கு கிறது",54
948,"2012 செப்டம்பரில், நீதிமன்ற அவமதிப்புக்காக அவர்களுக்கு தண்டனை விதிக்கப்பட்டது","2012   செப்ட ம்ப ரி ல்,   நீதிமன்ற   அவ மதிப்பு க்காக   அவர்களுக்கு   த ண்டனை   விதி க்கப்பட்ட து",15
949,"2008இல், வழியில் போகும் பெண்களைப் பார்த்து கொச்சையாகப் பேசிய போது பிடிபட்ட ஒரு 19 வயது இளைஞனுக்கு, அநாகரீகமான நடத்தையின் விளைவுகளை விளக்கும் 500 துண்டுப் பிரசுரங்ககளை பள்ளிகள் மற்றும் கல்லூரிகளின் வெளியே விநியோகிக்குமாறு தில்லி நீதிமன்றம் உத்தரவிட்டது","200 8 இல்,   வழி யில்   போ கும்   பெண் களை ப்   பார் த்து   கொ ச்சை யாக ப்   பே சிய   போது   பிடி பட்ட   ஒரு   19   வயது   இளை ஞ னுக்கு ,   அ நா க ரீ கமான   நட த்தை யின்   விளை வுகளை   விள க்கும்   500   து ண்டு ப்   பிர சு ரங்க களை   பள்ளி கள்   மற்றும்   கல்லூரி களின்   வெளியே   விநி யோ கி க்கு மாறு   தில்லி   நீதிமன்ற ம்   உத்தர விட்ட து",65
950,"2015 மார்ச் 11 அன்று, சிறப்பு சிபிஐ நீதிபதி 1860ஆம் ஆண்டு இந்திய தண்டனைச் சட்டத்தில் உள்ள குற்றப்பிரிவுகள் 120-பி மற்றும் 409யின் கீழும் 1988ஆம் ஆண்டு ஊழல் தடுப்புச் சட்டத்தில் உள்ள குற்றப்பிரிவுகள் 13(1)(சி) மற்றும் 13(1)(டி)(iii)யின் கீழும் டாக்டர் மன்மோகன் சிங் மற்றும் இதர ஐந்து குற்றம் சுமத்தப்பட்டோரான திருவாளர் ஹிண்டால்கோ, சுபேந்து அமிதாப், டி","201 5   மார்ச்   11   அன்று,   சிறப்பு   சி பி ஐ   நீதி பதி   18 60 ஆம்   ஆண்டு   இந்திய   த ண்டனை ச்   சட்ட த்தில்   உள்ள   குற்ற ப்பிரி வுகள்   1 20 - பி   மற்றும்   40 9 யின்   கீ ழும்   198 8 ஆம்   ஆண்டு   ஊ ழ ல்   தடு ப்பு ச்   சட்ட த்தில்   உள்ள   குற்ற ப்பிரி வுகள்   13 ( 1 ) ( சி )   மற்றும்   13 ( 1 ) ( டி ) ( i i i ) யின்   கீ ழும்   டாக் டர்   மன் மோ கன்   சிங்   மற்றும்   இ தர   ஐந்து   குற்ற ம்   சு ம த்த ப்ப ட்டோ ரான   திரு வா ளர்   ஹி ண்டா ல் கோ ,   சு பே ந்து   அ மி தா ப் ,   டி",109
951,"பட்டாச்சார்யா, குமார் மங்கலம் பிர்லா, பி","ப ட்டா ச்சார் யா ,   குமார்   ம ங்க லம்   பி ர் லா ,   பி",14
952,சி,சி,1
953,பரக் ஆகியோர் மீதான குற்றத்தை கவனத்தில் எடுத்துக்கொண்டார்,பர க்   ஆகியோர்   மீ தான   குற்ற த்தை   கவன த்தில்   எடுத்து க்கொண்டா ர்,12
954,"போர்க்குற்றங்களுக்கு உத்தரவிடுதல், கூட்டுச் சதி ஆகிய குற்றச்சாட்டுகளிலிருந்து முன்பு அவர் விடுவிக்கப்பட்டார்","போர் க்கு ற்ற ங்களுக்கு   உத்தர விடு தல்,   கூட்டு ச்   ச தி   ஆகிய   குற்ற ச்சா ட்டு களிலிருந்து   முன்பு   அவர்   விடு வி க்க ப்பட்டா ர்",23
955,இந்தச் சட்டம் குடிமக்களை டிஜிட்டல் கண்காணிப்புக்கு உட்படுத்தியும் பேச்சு சுதந்திரத்தைக் கடுமையாகக் கட்டுப்படுத்தியும் மனித உரிமைகளை மீறுகிறது என்று கூறி ஐடி சமூகக் குழுக்கள் இதைப் பரவலாக விமர்சித்தன,இந்த ச்   சட்ட ம்   குடி மக்க ளை   டி ஜி ட்ட ல்   கண் காணி ப்புக்கு   உட் படுத்தி யும்   பேச்சு   சுதந்திர த்தை க்   கடு மையாக க்   கட்டு ப்படுத்தி யும்   மனித   உரிமை களை   மீ று கிறது   என்று   கூறி   ஐ டி   சமூக க்   குழு க்கள்   இதை ப்   பரவலாக   விமர் சி த்தன,47
956,"அரசியலமைப்புச் சட்ட முகவுரையிலும் பொறிக்கப்பட்டுள்ளபடி, தாமதமின்றி நீதி வழங்குவதே அரசியலமைப்புச் சட்டத்தின் முதன்மை நோக்கமாகும்","அரசிய ல மைப்பு ச்   சட்ட   முக வு ரை யிலும்   பொ றி க்கப்பட்டுள்ள படி,   தா ம தமி ன்றி   நீதி   வழங்கு வ தே   அரசிய ல மைப்பு ச்   சட்ட த்தின்   முதன்மை   நோக்க மா கும்",31
957,பிறகு சட்டப்பிரிவு 145 திருத்தப்பட்டு அது 2013ஆம் ஆண்டு உச்ச நீதிமன்ற விதிகளால் கட்டுப்படுத்தப்படுகிறது,பிறகு   சட்ட ப்பிரி வு   14 5   திரு த்த ப்பட்டு   அது   2013 ஆம்   ஆண்டு   உச்ச   நீதிமன்ற   விதி களால்   கட்டு ப்படுத்த ப்படு கிறது,21
958,"ஐக்கிய ராஜ்ஜியத்தில், பாராளுமன்ற இறையாண்மைக் கோட்பாட்டின் கீழ் பாராளுமன்றச் சட்டங்களை ரத்து செய்ய முடியாது, என்றாலும் பாராளுமன்றத்தால் நிறைவேற்றப்படாத மற்றொரு வகை முதன்மைச் சட்டங்களான மேற்குழு ஆணைகளை ரத்து செய்ய முடியும் (காண்க, நிர்வாகப் பணி சங்கங்கள் எதிர் நிர்வாகப் பணிக்கான அமைச்சர் (1985), மில்லர்/செர்ரி (2019))","ஐ க்கிய   ராஜ்ஜிய த்தில்,   பாரா ளுமன்ற   இ றை யா ண் மை க்   கோட் பா ட்டின்   கீழ்   பாரா ளுமன்ற ச்   சட்ட ங்களை   ர த்து   செய்ய   முடியா து,   என்றா லும்   பாரா ளுமன்ற த்தால்   நிறை வே ற்ற ப்படாத   மற்றொரு   வகை   முதன்மை ச்   சட்ட ங்களா ன   மேற்கு ழு   ஆணை களை   ர த்து   செய்ய   முடியும்   ( கா ண் க ,   நிர்வாக ப்   பணி   சங்க ங்கள்   எதிர்   நிர்வாக ப்   பணி க்கான   அமைச்ச ர்   ( 198 5 ),   மி ல்ல ர் / செ ர் ரி   ( 2019 ) )",82
959,"உதாரணத்திற்கு, ""ஒருவள் ஜஸ் சாங்குவினிஸ் (பெற்றோர் பூர்வீகக் குடியுரிமை) கோட்பாட்டைப் பின்பற்றும் நாட்டிலும் அவளது பெற்றோர்கள் ஜஸ் சோலி (தற்பிறப்புக் குடியுரிமை) கோட்பாட்டைப் பின்பற்றும் நாட்டிலும் பிறந்திருந்தால் அவள் நாடற்ற நபராகும் ஆபத்து உள்ளது, அவள் சட்டங்களின் முரண்பாட்டினால் மேற்படி இரு நாடுகளிலும் குடியுரிமைக்குத் தகுதியிழக்க வாய்ப்புள்ளது","உதாரண த்திற்கு ,   "" ஒரு வ ள்   ஜ ஸ்   சா ங்கு வி னி ஸ்   ( பெ ற்றோ ர்   பூர் வீ க க்   குடி யு ரிமை )   கோட் பா ட்டை ப்   பின்ப ற்றும்   நாட்டி லும்   அவ ளது   பெ ற்றோ ர்கள்   ஜ ஸ்   சோ லி   ( தற் பிற ப்பு க்   குடி யு ரிமை )   கோட் பா ட்டை ப்   பின்ப ற்றும்   நாட்டி லும்   பிற ந்திரு ந்தால்   அவள்   நா ட ற்ற   நப ரா கும்   ஆ பத்து   உள்ளது,   அவள்   சட்ட ங்களின்   மு ர ண் பா ட்டி னால்   மேற்ப டி   இரு   நாடு களிலும்   குடி யு ரிமை க்கு த்   தகுதி யி ழ க்க   வாய்ப்பு ள்ள து",99
960,"""","""",1
961,"சிடிஹெச்ஆர்ஐ எல்லா மனிதர்களுக்கும் ""அவரவரது நாட்டின் பொது விவகாரங்களை நிர்வகிப்பதில் நேரடியாகவோ மறைமுகமாகவோ பங்கேற்கும் உரிமைக்கு"" உத்திரவாதம் அளிக்கிறது","சி டி ஹெ ச் ஆர் ஐ   எல் லா   மனி தர் களுக்கும்   "" அவ ர வர து   நாட்டின்   பொது   விவ கார ங்களை   நிர்வகி ப்பதில்   நேரடியாக வோ   மறை முக மாக வோ   பங்கே ற்கு ம்   உரிமை க்கு ""   உ த்திர வா தம்   அளி க்கிற து",42
962,தில்லி பாராளுமன்றக் கட்டிடத்தில் உள்ள இளவரசர்கள் கூடத்தில் தான் இந்த நீதிமன்றம் அமைந்திருந்தது,தில்லி   பாரா ளுமன்ற க்   கட்டி ட த்தில்   உள்ள   இளவர ச ர்கள்   கூட த்தில்   தான்   இந்த   நீதிமன்ற ம்   அமை ந்தி ருந்த து,21
963,"ஜெனீவா உடன்படிக்கைகள் (ஜிசி) மற்றும் அவற்றின் கூடுதல் நெறிமுறைகள் (ஏபி), வழக்கைச் சந்திக்கும் போர்க் கைதிகள் யாவருக்கும் நியாயமான வழக்கு விசாரணை நடத்துவது அவசியம் என விதிக்கின்றன","ஜெ னீ வா   உடன் படி க்கை கள்   ( ஜி சி )   மற்றும்   அவற்றின்   கூடுதல்   நெ றி முறை கள்   ( ஏ பி ),   வழ க்கை ச்   சந்தி க்கும்   போர் க்   கை தி கள்   யா வரு க்கும்   நி யா யமான   வழக்கு   வி சாரணை   நட த்து வது   அவசிய ம்   என   விதி க்கின்ற ன",50
964,இந்தோனீசிய உச்சநீதிமன்றமே (இந்தோனீசிய மொழியில்: மஹ்கமா ஆகுங்) நீதித் துறையின் மிக உயர் நிலையில் உள்ள நிறுவனம்,இந்தோ னீ சிய   உச்ச நீதிமன்ற மே   ( இந்தோ னீ சிய   மொழி யில் :   ம ஹ் க மா   ஆ கு ங் )   நீதி த்   துறை யின்   மிக   உயர்   நிலையில்   உள்ள   நிறுவனம்,30
965,"12 வாரம் வரையிலான கருவைக் கலைக்க ஒரேயொரு பதிவுசெய்யப்பட்ட மருத்துவரின் (ஆர்எம்பி) ஆலோசனை அவசியம் என்றும், 12 முதல் 20 வாரம் வரையிலான கருவைக் கலைக்க இரண்டு ஆர்எம்பி-களின் ஆலோசனை அவசியம் என்றும் எம்டிபி சட்டம் விவரிக்கிறது","12   வா ரம்   வரையிலான   கரு வை க்   கலை க்க   ஒரே யொ ரு   பதிவு செய்யப்பட்ட   மருத்துவ ரின்   ( ஆர் எ ம்பி )   ஆலோசனை   அவசிய ம்   என்று ம்,   12   முதல்   20   வா ரம்   வரையிலான   கரு வை க்   கலை க்க   இரண்டு   ஆர் எ ம்பி - களின்   ஆலோசனை   அவசிய ம்   என்றும்   எம் டி பி   சட்ட ம்   விவரி க்கிற து",55
966,"எடுத்துக்காட்டாக, கொத்துக் குண்டுகள் விஷயத்திலும் கண்ணிவெடிகளைப் போன்ற அதே பிரச்சினை உள்ளது, அதாவது வெடிக்காத சிறு குண்டுகள் சண்டை முடிந்து நீண்ட காலத்துக்குப் பிறகும் பொதுமக்களுக்கு ஆபத்து விளைவிக்கக்கூடியதாக இருக்கின்றன","எடுத்து க்கா ட்டாக ,   கொ த்து க்   குண்டு கள்   விஷய த்திலும்   கண் ணி வெடி களை ப்   போன்ற   அதே   பிர ச்சி னை   உள்ளது,   அதாவது   வெடி க்காத   சிறு   குண்டு கள்   சண்டை   முடி ந்து   நீண்ட   கால த்துக்கு ப்   பிறகு ம்   பொது மக்க ளுக்கு   ஆ பத்து   விளை வி க்கக்கூடிய தாக   இரு க்கின்ற ன",49
967,"மானுடவியலை முற்றிலும் கல்வியாய்வு சார்ந்தவற்றோடு நிறுத்திக்கொள்ள வேண்டும் என்று ஸ்டீவர்டு மற்றும் பார்னெட் பரிந்துரைப்பது போல் தெரிந்தாலும், மானுடவியல் சாராதவர்கள் இந்தக் கொள்கையை இனச் சிறுபான்மையினர் அல்லது சர்வதேச உறவுகள் குறித்த பொதுக் கொள்கையில் எப்படியெல்லாம் பயன்படுத்தியுள்ளனர் என்பது பற்றி கல்வித்துறைக்கு உள்ளேயும் வெளியேயும் இருப்பவர்கள் தொடர்ந்து விவாதித்து வந்துள்ளனர்","மா னு ட விய லை   மு ற்றி லும்   கல்வி யா ய்வு   சார்ந்த வ ற்றோ டு   நிறுத்தி க்கொள்ள   வேண்டும்   என்று   ஸ் டீ வர் டு   மற்றும்   பார் னெ ட்   பரிந்துரை ப்பது   போல்   தெரி ந்தா லும்,   மா னு ட வியல்   சா ரா த வர்கள்   இந்த க்   கொள் கை யை   இன ச்   சிறு பா ன்மை யினர்   அல்லது   சர்வதேச   உற வுகள்   குறித்த   பொது க்   கொள் கையில்   எப்படி யெ ல் லாம்   ப யன்படுத்தி யுள்ள னர்   என்பது   பற்றி   கல்வி த்துறை க்கு   உள் ளே யும்   வெளியே யும்   இருப்ப வர்கள்   தொடர்ந்து   வி வாதி த்து   வந்து ள்ள னர்",88
968,ஜீன்-பால் அகாயேசுவிற்கு எதிரான தீர்ப்பில் கற்பழிப்பு ஒரு போர்க் குற்றம் என உறுதிசெய்யப்பட்டது,ஜீ ன் - பால்   அ கா யே சு விற்கு   எதிரான   தீர் ப்பில்   க ற்ப ழி ப்பு   ஒரு   போர் க்   குற்ற ம்   என   உறுதி செய்யப்பட்ட து,25
969,"இதன் மிகப் பழமையான உதாரணங்களில் மெசபடோமிய நகர அரசுகளான லகாஷ் மற்றும் உம்மாவிற்கு இடையேயான அமைதி ஒப்பந்தங்களும் (சுமார் கிமு 2100), எகிப்திய பிர்அவுன் வம்ச இரண்டாம் ராம்சஸ் மற்றும் ஹித்திய மன்னன் மூன்றாம் ஹத்துசிலிஸுக்கு இடையே கிமு 1258இல் மேற்கொள்ளப்பட்ட உடன்படிக்கையும் அடங்கும்","இதன்   மிக ப்   பழ மையான   உதாரண ங்களில்   மெ ச ப டோ மிய   நகர   அரசு களான   ல காஷ்   மற்றும்   உ ம் மா விற்கு   இடையே யான   அமை தி   ஒப்பந்த ங்களும்   ( சுமார்   கி மு   21 00 ),   எ கி ப் திய   பி ர் அவு ன்   வம்ச   இரண்டாம்   ரா ம்ச ஸ்   மற்றும்   ஹி த்திய   மன்ன ன்   மூன்றா ம்   ஹ த்து சி லி ஸு க்கு   இடையே   கி மு   12 5 8இல்   மேற்கொள்ள ப்பட்ட   உடன் படி க்கை யும்   அடங்கு ம்",75
970,மரண தண்டனை குறித்த பொதுமக்களின் கருத்து அந்தந்த நாட்டைப் பொறுத்தும் குற்றத்தைப் பொறுத்தும் கணிசமாக வேறுபடுகிறது,மரண   த ண்டனை   குறித்த   பொது மக்களின்   கருத்து   அந்த ந்த   நா ட்டை ப்   பொறு த்தும்   குற்ற த்தை ப்   பொறு த்தும்   கணி சமாக   வேறு படு கிறது,24
971,"ஓர் அரசு முடிவு நியாயமற்றது (கனடா சட்டத்தின் கீழ், இது டன்ஸ்மியூர் எதிர் நியூ பிரன்ஸ்விக் வழக்கில் உச்ச நீதிமன்றம் ""சந்தேகமின்றி நியாயமற்ற"" நியமத்தை மறுத்ததைப் பின்பற்றுகிறது), அப்பட்டமாக நியாயமற்றது (பிரிட்டிஷ் சட்டத்தின் கீழ்) அல்லது எதேச்சையானது மற்றும் தான்தோன்றித்தனமானது (அமெரிக்க அரசு நிர்வாக செயல்முறைச் சட்டம் மற்றும் நியூயார்க் மாநிலச் சட்டத்தின் கீழ்) என்றால், மறுபரிசீலனை செய்யும் நீதிமன்றம் அந்த முடிவை பரந்த நோக்கில் அதிகார வரம்புக்கு மீறிய நடவடிக்கை என்பதன் பேரில் ரத்து செய்யலாம்","ஓர்   அரசு   முடிவு   நி யா ய மற்ற து   ( கன டா   சட்ட த்தின்   கீழ் ,   இது   டன் ஸ் மி யூ ர்   எதிர்   நியூ   பிர ன்ஸ் விக்   வழ க்கில்   உச்ச   நீதிமன்ற ம்   "" சந்தே க மின் றி   நி யா ய மற்ற ""   நிய ம த்தை   மறு த்த தை ப்   பின்ப ற்று கிறது ),   அ ப்பட்ட மாக   நி யா ய மற்ற து   ( பிரிட்டிஷ்   சட்ட த்தின்   கீழ் )   அல்லது   எ தே ச்சை யான து   மற்றும்   தான் தோன்றி த்தன மான து   ( அமெரிக்க   அரசு   நிர்வாக   செயல் முறை ச்   சட்ட ம்   மற்றும்   நியூ யார் க்   மாநில ச்   சட்ட த்தின்   கீழ் )   என்றால்,   மறு பரி சீ ல னை   செய்யும்   நீதிமன்ற ம்   அந்த   முடி வை   பர ந்த   நோ க்கில்   அதிகார   வர ம்பு க்கு   மீ றிய   நடவடிக்கை   என்ப தன்   பே ரில்   ர த்து   செய்ய லாம்",128
972,"நியமனதாரரை மாற்றும் நடைமுறைக்கு, பிரத்யேக உரிமையாளரும் நியமனதாரரும் ஐஎன்சி-3 மற்றும் ஐஎன்சி-4 என்ற இரண்டு படிவங்களை ஏற்றுக் கையொப்பமிட்டால் போதும்","நிய மன தார ரை   மா ற்றும்   நடைமுறை க்கு ,   பிர த் யே க   உரிமை யாள ரும்   நிய மன தார ரும்   ஐ என் சி - 3   மற்றும்   ஐ என் சி - 4   என்ற   இரண்டு   படி வ ங்களை   ஏற்று க்   கை யொ ப்ப மி ட்டா ல்   போது ம்",46
973,"சூடானின் தார்ஃபூர் விவகாரம் குறித்த பாந்தா வழக்கு விசாரணை 2014இல் தொடங்கத் திட்டமிடப்பட்டது, எனினும் தொடக்கத் தேதி கைவிடப்பட்டது","சூ டா னின்   தா ர்ஃ பூர்   விவ கா ரம்   குறித்த   பா ந்தா   வழக்கு   வி சாரணை   2014 இல்   தொடங்க த்   திட்டமிட ப்பட்டது,   எனினும்   தொடக்க த்   தேதி   கை விட ப்பட்ட து",29
974,"பெண்கள், அமைதி மற்றும் பாதுகாப்பு குறித்த ஐக்கிய நாடுகள் பாதுகாப்புச் சபையின் தீர்மானம் 1325 (எஸ்/ஆர்இஎஸ்/1325) 31 அக்டோபர் 2000 அன்று 1261 (1999), 1265 (1999), 1296 (2000),1314 (2000) ஆகிய தீர்மானங்களைத் திரும்பப் பெற்ற பிறகு ஐநா பாதுகாப்புச் சபையால் ஒருமனதாக ஏற்றுக்கொள்ளப்பட்டது","பெண் கள்,   அமை தி   மற்றும்   பாதுகாப்பு   குறித்த   ஐ க்கிய   நாடு கள்   பாதுகாப்பு ச்   ச பை யின்   தீர் மான ம்   13 25   ( எஸ் / ஆர் இ எஸ் / 13 25 )   3 1   அக்டோபர்   20 00   அன்று   12 6 1   ( 199 9 ),   12 6 5   ( 199 9 ),   12 9 6   ( 20 00 ), 13 14   ( 20 00 )   ஆகிய   தீர் மான ங்களை த்   திரு ம்ப ப்   பெற்ற   பிறகு   ஐ நா   பாதுகாப்பு ச்   ச பை யால்   ஒரு மன தாக   ஏற்று க்கொள்ள ப்பட்ட து",88
975,"எல்லை பிரச்சனை வழக்கில் புர்கினோ ஃபாஸோ, மாலி ஆகிய இரு தரப்பினரும் இடைக்கால நடவடிக்கைகள் பற்றிக் குறிப்பிடுமாறு நீதிமன்றத்திடம் மனுக் கொடுத்தனர்","எல்லை   பிரச்சனை   வழ க்கில்   பு ர் கி னோ   ஃ பா ஸோ ,   மா லி   ஆகிய   இரு   தர ப்பி ன ரும்   இடை க்கால   நடவடிக்கை கள்   பற்றி க்   குறிப்பிடு மாறு   நீதிமன்ற த்தி டம்   ம னு க்   கொ டுத்த னர்",37
976,"தில்லி உயர் நீதிமன்றம் 2 ஜூலை 2009 அன்று வயதுவந்தோர் இடையேயான சுயசம்மதப் பாலுறவுச் செயல்பாடுகளை குற்றமற்றவை என்று அறிவிக்கும் வரை ஓரினச்சேர்க்கை குற்றமாகக் கருதப்பட்டது, இது பிரிட்டிஷ் காலனித்துவ அரசால் 150 வருடங்களுக்கு முன்பு பிறப்பிக்கப்பட்ட இந்திய தண்டனைச் சட்டத்தின் (இபிகோ) தெளிவற்ற 377ஆம் பிரிவின் விளக்கப்படி அமைந்திருந்தது","தில்லி   உயர்   நீதிமன்ற ம்   2   ஜூலை   200 9   அன்று   வயது வ ந்தோ ர்   இடையே யான   சுய சம் மத ப்   பா லு ற வு ச்   செயல் பாடு களை   குற்ற மற்ற வை   என்று   அறிவி க்கும்   வரை   ஓ ரி ன ச்சேர் க்கை   குற்ற மாக க்   கருத ப்பட்டது,   இது   பிரிட்டிஷ்   கால னி த்துவ   அரசா ல்   15 0   வரு ட ங்களுக்கு   முன்பு   பிற ப்பி க்கப்பட்ட   இந்திய   த ண்டனை ச்   சட்ட த்தின்   ( இ பி கோ )   தெளி வ ற்ற   3 7 7 ஆம்   பிரி வின்   விள க்க ப்படி   அமை ந்தி ருந்த து",87
977,லோக் அதாலத் (மக்கள் நீதிமன்றம்) அல்லது நியாயப் பஞ்சாயத் (கிராம நீதிசபை) போன்ற கிராமப்புற நீதிமன்றங்கள் பிணக்குத் தீர்த்தலுக்கு மாற்று வழிகளை வழங்குகின்றன,லோ க்   அ தா ல த்   ( மக்கள்   நீதிமன்ற ம் )   அல்லது   நி யா ய ப்   பஞ்சா ய த்   ( கிராம   நீதி ச பை )   போன்ற   கிராமப்புற   நீதிமன்ற ங்கள்   பி ண க்கு த்   தீர் த்த லுக்கு   மாற்று   வழி களை   வழங்கு கின்றன,41
978,"பாகம் II (விதிகள் 17-24) உடன்படிக்கையை வெளியிடுவது மற்றும் கண்காணிப்பதையும், அதுசார்ந்த தரப்பினர்கள் அதைச் செயல்படுத்த எடுக்கும் நடவடிக்கைகளையும் கட்டியாளுகிறது","பா கம்   I I   ( விதி கள்   17 - 24 )   உடன் படி க்கை யை   வெளியி டு வது   மற்றும்   கண் காணி ப்பதை யும்,   அது சார்ந்த   தர ப்பி ன ர்கள்   அதை ச்   செயல் படுத்த   எடு க்கும்   நடவடிக்கை களையும்   கட்டி யா ளு கிறது",41
979,"யுனானி மருத்துவம் ஹைதராபாதிலும் முஸ்லிம்கள் மத்தியிலும் நல்ல வரவேற்பைப் பெற்றது, அதேவேளை ஹோமியோபதி வங்காளத்திலும் ஒரிசாவிலும் மிகவும் பிரபலமாக இருந்தது","யு னா னி   மருத்துவ ம்   ஹை தரா பாதி லும்   முஸ்லிம் கள்   ம த்தி யிலும்   நல்ல   வர வே ற் பை ப்   பெற்ற து,   அதே வேளை   ஹோ மி யோ பதி   வங்காள த்திலும்   ஒ ரி சா விலும்   மிகவும்   பிரபலமாக   இருந்த து",38
980,"அலாஸ்காவில் ஆங்கரேஜ், ஃபேர்பேங்க்ஸ், ஹெயின்ஸ் ஆகிய இடங்களில் ஆர்ப்பாட்டங்கள் நடந்தன","அ லா ஸ் கா வில்   ஆ ங்க ரே ஜ் ,   ஃ பேர் பே ங் க்ஸ் ,   ஹெ யின் ஸ்   ஆகிய   இடங்களில்   ஆர் ப்பா ட்ட ங்கள்   நடந்த ன",27
981,மற்ற வங்கிகள் சில்லறை வங்கிக் செயல்பாட்டு நேரத்தைக் குறைத்து ஆன்லைன் வங்கிச் சேவைகளின் பயன்பாட்டை ஊக்குவித்தன,மற்ற   வங்கி கள்   சி ல்லறை   வங்கி க்   செயல் பாட்டு   நேரத்தை க்   குறை த்து   ஆன்லை ன்   வங்கி ச்   சேவை களின்   பயன் பா ட்டை   ஊக்குவி த்தன,24
982,"ஈரானில் உள்ள இணையத் தணிக்கை காரணமாக, பிரபல சமூக ஊடகங்களான ஃபேஸ்புக், டுவிட்டர் போன்றவற்றில் ஈரானியர்கள் சேர்வதை ஈரானிய அரசும் இஸ்லாமிய புரட்சிப் பாதுகாவலர் படை சிப்பாஹ்களும் எப்போதும் எதிர்த்து வந்துள்ளனர்","ஈ ரா னில்   உள்ள   இணைய த்   த ணி க்கை   காரணமாக ,   பிரபல   சமூக   ஊடக ங்களா ன   ஃ பே ஸ் பு க்,   டு வி ட்டர்   போன்ற வ ற்றில்   ஈ ரா னிய ர்கள்   சேர் வதை   ஈ ரா னிய   அரசு ம்   இஸ்லா மிய   புர ட்சி ப்   பாதுகா வ லர்   படை   சி ப்பா ஹ் களும்   எப்போது ம்   எதிர் த்து   வந்து ள்ள னர்",58
983,"எனவே, பிரபலமான சமூக ஊடகங்களுக்கு ஈரானியர்கள் தடைபோடுகின்றனர், மேலும் ஈரானில் நடக்கும் போராட்டங்களால் அங்கே இணையத் தணிக்கை அதிகரித்துள்ளது","எனவே ,   பிரபலமான   சமூக   ஊடக ங்களுக்கு   ஈ ரா னிய ர்கள்   தடை போ டு கின்ற னர்,   மேலும்   ஈ ரா னில்   நட க்கும்   போராட்ட ங்களால்   அ ங்கே   இணைய த்   த ணி க்கை   அதிகரி த்து ள்ள து",34
984,எழுத்தறிவு விகிதம் 1991இல் 39%-லிருந்து 2001இல் 47% எனவும் 2011இல் 63,எழு த்த றி வு   விகிதம்   199 1இல்   3 9 % - லிருந்து   200 1இல்   4 7 %   என வும்   2011 இல்   6 3,23
985,8% எனவும் உயர்ந்துள்ளது,8 %   என வும்   உயர் ந்துள்ள து,7
986,"மேலும், சிபிஎன் (யுஎம்எல்) கட்சி ஜாபா 5, ரூபன்தேஹி 1, பாங்கே 2 ஆகிய தொகுதிகளில் ராஷ்ட்ரிய பிரஜாதந்திரா கட்சி வேட்பாளர்களை ஆதரிக்கவும், மக்வான்பூர் 1 தொகுதியில் நேபாள ராஷ்ட்ரிய பிரஜாதந்திரா கட்சியின் தலைவர் கமல் தாபாவை நேரடியாக தனது தேர்தல் சின்னத்தின் கீழ் நிறுத்தவும் முடிவு செய்தது","மேலும்,   சி பி என்   ( யு எம் எல் )   கட்சி   ஜா பா   5 ,   ரூ பன் தே ஹி   1,   பா ங்கே   2   ஆகிய   தொகுதி களில்   ரா ஷ் ட் ரிய   பிர ஜா த ந்தி ரா   கட்சி   வே ட் பா ளர் களை   ஆ த ரிக்க வும்,   ம க் வான் பூர்   1   தொகுதி யில்   நே பா ள   ரா ஷ் ட் ரிய   பிர ஜா த ந்தி ரா   கட்சி யின்   தலை வர்   க மல்   தாபா வை   நேரடியாக   தனது   தேர் தல்   சி ன்ன த்தின்   கீழ்   நிறுத்த வும்   முடிவு   செய்த து",84
987,"கிழக்கு மற்றும் வடக்கு கார்தூம் ஆர்ப்பாட்டக்காரர்கள் ஆர்ப்பாட்டத்தில் இணைந்தனர், அது வெள்ளிக்கிழமை தொழுகைக்குப் பிறகு தொடங்கியது","கிழக்கு   மற்றும்   வடக்கு   கார் தூ ம்   ஆர் ப்பா ட்ட க்கார ர்கள்   ஆர் ப்பா ட்ட த்தில்   இணை ந்த னர்,   அது   வெ ள்ளி க்கி ழ மை   தொ ழு கை க்கு ப்   பிறகு   தொட ங்கிய து",33
988,"ஜெர்மனியின் தேசிய ரயில்வே நிறுவனமான டாஷ் பான், உக்ரைனிய கடவுச் சீட்டு அல்லது அடையாள அட்டை கொண்ட அகதிகளை போலந்திலிருந்து ஜெர்மனி வரும் நெடுந்தூர ரயில்களில் கட்டணமின்றிப் பயணிக்க அனுமதித்தது","ஜெ ர் மனி யின்   தேசிய   ரயில் வே   நிறுவன மான   டா ஷ்   பா ன்,   உ க் ரை னிய   கடவு ச்   சீ ட்டு   அல்லது   அடையாள   அ ட்டை   கொண்ட   அக தி களை   போல ந்தி லிருந்து   ஜெ ர் மனி   வரும்   நெடு ந் தூர   ரயில் களில்   கட்டண மின் றி ப்   பயணி க்க   அனுமதி த்த து",50
989,2007இல் அனிதா உல்ஃப் துணை ஆசிரியராகவும் தியோடோர் பப்பாஸ் நிர்வாக ஆசிரியராகவும் அறிவிக்கப்பட்டனர்,200 7இல்   அ னி தா   உ ல்ஃ ப்   துணை   ஆ சிரிய ராக வும்   தி யோ டோ ர்   ப ப்பா ஸ்   நிர்வாக   ஆ சிரிய ராக வும்   அறிவி க்கப்பட்ட னர்,28
990,"வாஷிங்டன் போஸ்ட் பத்திரிக்கை இதன் தோல்விகள் குறித்து ஒரு முன்பக்கக் கட்டுரையை வெளியிட்டு அதில் இவ்வாறு கருத்துத் தெரிவித்தது: ""ராணுவம் 21ஆம் நூற்றாண்டுக்குள் அடியெடுத்து வைக்கும் இத்தருணத்தில் இந்தப் பீற்றிக்கொள்ளப்படும் ஹெலிகாப்டர்கள் ராணுவத்தின் சகல தவறுகளுக்கும் ஒரு சின்னமாக மாறியுள்ளது: வேகமாகச் செல்ல இயலாத நிலை, மாற்றத்திற்கு ஈடுகொடுக்காத நெகிழ்வற்ற தன்மை, உயிரிழப்புகள் பற்றி அதீத முன்னெச்சரிக்கை, பனிப்போருக்குப் பிந்தைய அடையாளம் சார்ந்த பிரச்சனை","வா ஷி ங் டன்   போ ஸ்ட்   ப த்திரி க்கை   இதன்   தோல்வி கள்   குறித்து   ஒரு   மு ன்ப க்க க்   கட்டுரை யை   வெளியி ட்டு   அதில்   இவ் வாறு   கருத்து த்   தெரிவி த்த து :   "" ராணுவ ம்   21 ஆம்   நூற்றாண்டு க்குள்   அடி யெ டுத்து   வை க்கும்   இ த்த ரு ண த்தில்   இந்த ப்   பீ ற்றி க்கொள்ள ப்படும்   ஹெ லி கா ப்ட ர்கள்   ராணுவ த்தின்   ச கல   தவ று களுக்கும்   ஒரு   சி ன்ன மாக   மாறி யுள்ள து :   வே கமாக ச்   செல்ல   இய லா த   நிலை ,   மாற்ற த்திற்கு   ஈடு கொடு க்காத   நெ கி ழ் வ ற்ற   தன் மை ,   உயிரிழ ப்புகள்   பற்றி   அ தீ த   முன் னெ ச்சரி க்கை ,   பனி ப்போ ருக்கு ப்   பி ந்தைய   அடையாளம்   சார்ந்த   பிரச்சனை",116
991,"""","""",1
992,"2007இல் நியூ இங்கிலாந்து ஜர்னல் ஆஃப் மெடிசின் இதழின் முன்னாள் தலைமை ஆசிரியரும் ஹார்வேடு மருத்துவப் பயிலகத்தில் சமூக மருத்துவத் துறையில் பேராசிரியருமான மார்சியா ஏஞ்சல் வாராந்திர ஜெர்மன் மொழிச் செய்திப் பத்திரிக்கையான ஸ்டெர்னுடன் பேசும்போது, அஸ்ட்ராசெனிகா விஞ்ஞானிகள் மருந்தின் செயல்திறன் குறித்த ஆராய்ச்சியை தவறாகச் சித்தரித்துள்ளனர் என்று கூறி, ""அந்நிறுவனத்தின் விஞ்ஞானிகள் [ஒவ்வொரு மருந்துக்கும்] அநேகமாக சரிநிகரான மருந்தளவுகளைப் பயன்படுத்துவதற்குப் பதிலாக நெக்சியமை அதிக மருந்தளவுகளில் பயன்படுத்தியுள்ளனர்"" என்றார்","200 7இல்   நியூ   இங்கி லாந்து   ஜ ர் னல்   ஆஃப்   மெ டி சின்   இத ழி ன்   முன்னாள்   தலைமை   ஆ சிரிய ரும்   ஹா ர் வே டு   மருத்துவ ப்   பயி ல க த்தில்   சமூக   மருத்துவ த்   துறை யில்   பே ரா சிரிய ரு மான   மார் சியா   ஏ ஞ்சல்   வா ரா ந்திர   ஜெ ர் மன்   மொழி ச்   செய்தி ப்   ப த்திரி க்கை யான   ஸ் டெ ர் னுடன்   பேசு ம் போது,   அ ஸ்ட் ரா செ னி கா   வி ஞ் ஞா னி கள்   மரு ந்தி ன்   செயல் திறன்   குறித்த   ஆராய்ச்சி யை   தவ றாக ச்   சி த்தரி த்து ள்ள னர்   என்று   கூறி ,   "" அ ந் நிறுவனத்தின்   வி ஞ் ஞா னி கள்   [ ஒவ்வொரு   ம ருந்து க்கும் ]   அ நே கமாக   சரி நி க ரான   ம ருந்த ள வுகளை ப்   ப யன்படு த்துவதற்கு ப்   பதி லாக   நெ க் சிய மை   அதிக   ம ருந்த ளவு களில்   ப யன்படுத்தி யுள்ள னர் ""   என்றா ர்",144
993,"மலேசியாவில், இரண்டாம் பிரிவு மலேசிய பிரீமியர் லீக் கிளப் செலாங்கோர் எஃப்சி II அணிக்காக விளையாடும் ஹெய்ன் ஹிடெட் அவுங், மார்ச் தொடக்கத்தில் பிடிஆர்எம் எஃப்சி அணிக்கு எதிரான ஓர் ஆட்டத்தின் போது மூவிரல் சல்யூட் அடித்தார்","ம லே சியா வில்,   இரண்டாம்   பிரிவு   ம லே சிய   பி ரீ மி யர்   லீக்   கி ள ப்   செ லா ங்கோ ர்   எஃப் சி   I I   அணி க்காக   விளையா டும்   ஹெ ய் ன்   ஹி டெ ட்   அவு ங்,   மார்ச்   தொடக்க த்தில்   பிடி ஆர் எம்   எஃப் சி   அணி க்கு   எதிரான   ஓர்   ஆட்ட த்தின்   போது   மூ விர ல்   சல் யூ ட்   அடி த்தா ர்",61
994,28 மார்ச் 2022 அன்று காஸ்ட்டில்லோவின் அரசுக்கு எதிராக வெகுஜனப் போராட்டங்கள் தொடங்கின,28   மார்ச்   20 22   அன்று   கா ஸ் ட்டில் லோ வின்   அரசு க்கு   எதிராக   வெகு ஜன ப்   போராட்ட ங்கள்   தொடங்கி ன,20
995,12 நவம்பர் 2017 அன்று தில்லியில் நடந்த புதுமைப் பாலியல் போக்கு கொண்டோருக்கான பத்தாவது பெருமை ஊர்வலம் பாராகம்பா சாலையில் தொடங்கி ஜந்தர் மந்தர் வரை சென்றது,12   நவம்பர்   201 7   அன்று   தில்லியில்   நடந்த   புது மை ப்   பாலி யல்   போக்கு   கொ ண் டோ ரு க்கான   ப த்தா வது   பெரு மை   ஊ ர்வ லம்   பா ராக ம்பா   சாலை யில்   தொடங்கி   ஜ ந்தர்   ம ந்தர்   வரை   செ ன்ற து,40
996,"பிப்ரவரி 14 அன்று ஐநா பொதுச் செயலாளர் அன்டோனியோ குட்டரெஸ் மியான்மர் சூழ்நிலை குறித்து ஆழ்ந்த கவலை தெரிவித்து ஓர் அறிக்கை வெளியிட்டார், அதில் ""பலப்பிரயோகம் அதிகரிப்பது பற்றியும் முக்கிய நகரங்களில் கூடுதல் கவச வாகனங்கள் ஈடுபடுத்தப்படும் செய்திகள் பற்றியும்"" குறிப்பாக வலியுறுத்தியிருந்தார்","பிப்ரவரி   14   அன்று   ஐ நா   பொது ச்   செய லா ளர்   அன் டோ னி யோ   கு ட்ட ரெ ஸ்   மி யா ன் மர்   சூழ் நிலை   குறித்து   ஆ ழ் ந்த   கவ லை   தெரிவி த்து   ஓர்   அறிக்கை   வெளியி ட்டா ர்,   அதில்   "" பல ப்பிர யோ கம்   அதிகரி ப்பது   பற்றி யும்   முக்கிய   நகர ங்களில்   கூடுதல்   கவ ச   வாகன ங்கள்   ஈடு படுத்த ப்படும்   செய்தி கள்   பற்றி யும் ""   குறிப்பாக   வலியுறு த்தி யிரு ந்தா ர்",69
997,"அவர்கள் போலந்து எல்லைக் காவலர்கள் மீது கற்கள், புட்டிகள், மரக் கட்டைகள் ஆகியவற்றை வீசத் தொடங்கி, ப்ரூஸ்கி-குனிகாவில் தற்காலிகமாக மூடப்பட்டுள்ள சோதனைச் சாவடி அருகே எல்லைத் தடுப்பு வேலியைத் தகர்த்து எல்லையைக் கடக்க முற்பட்டனர்","அவர்கள்   போல ந்து   எல்லை க்   கா வல ர்கள்   மீது   கற் கள்,   பு ட்டி கள்,   மர க்   க ட்டை கள்   ஆகியவற்றை   வீ சத்   தொடங்கி ,   ப் ரூ ஸ் கி - கு னி கா வில்   தற்கா லி கமாக   மூட ப்பட்டுள்ள   சோதனை ச்   சா வடி   அருகே   எல்லை த்   தடு ப்பு   வே லி யை த்   த கர் த்து   எல்லை யை க்   கட க்க   மு ற்ப ட்ட னர்",63
998,"குடியரசுத் தலைவரும் பாராளுமன்றத்தில் உள்ள மொத்தம் 225 எம்பிக்களும் உட்பட முழு அரசாங்கமும் ராஜினாமா செய்ய வேண்டும் என்று கோரி போராட்டங்கள் நடந்தபோதிலும், 2022 ஏப்ரல் 18 அன்று கோத்தபய 17 உறுப்பினர்களைக் கொண்ட ஒரு புதிய அமைச்சரவையை நியமித்தார்","கு டிய ரசு த்   தலை வரும்   பாரா ளுமன்ற த்தில்   உள்ள   மொத்தம்   2 25   எ ம்பி க்க ளும்   உட்பட   முழு   அரசாங்க மும்   ரா ஜி னா மா   செய்ய   வேண்டும்   என்று   கோரி   போராட்ட ங்கள்   நடந்த போதிலும்,   20 22   ஏப்ரல்   18   அன்று   கோ த்த பய   17   உறுப்பினர் களை க்   கொண்ட   ஒரு   புதிய   அமைச்ச ர வை யை   நியமி த்தா ர்",55
999,"ஆதரவு வாக்குகள் பாப்புலர் ஃபோர்ஸ், ஏபிஆர்ஏ, பிராட் ஃபிரண்ட், பாப்புலர் ஆக்ஷன் ஆகியவற்றைச் சேர்ந்தவர்களிடமிருந்து கிடைத்தன","ஆதர வு   வாக்கு கள்   பா ப்பு லர்   ஃ போர் ஸ்,   ஏ பி ஆர் ஏ ,   பிரா ட்   ஃ பிர ண்ட் ,   பா ப்பு லர்   ஆ க் ஷன்   ஆகியவற்றை ச்   சேர்ந்த வர் களிடமிருந்து   கிடை த்தன",34
1000,தங்கள் 3 ஆண்டு பணிக்காலம் 4 ஆண்டுகளாக நீட்டிக்கப்படப் போகிறது என்ற செய்திகளைக் கேட்ட பாதுகாப்புப் போலீசார் அதை எதிர்த்து 1986 பிப்ரவரி 25 அன்று கலவரம் செய்யத் தொடங்கி ஆர்ப்பாட்டத்தில் ஈடுபட்டனர்,தங்கள்   3   ஆண்டு   பணி க்கா லம்   4   ஆண்டு களாக   நீ ட்டி க்கப்பட ப்   போ கிறது   என்ற   செய்தி களை க்   கே ட்ட   பாதுகாப்பு ப்   போ லீ சார்   அதை   எதிர் த்து   198 6   பிப்ரவரி   25   அன்று   கல வர ம்   செய்ய த்   தொடங்கி   ஆர் ப்பா ட்ட த்தில்   ஈடு பட்ட னர்,47
1001,"இரண்டு நாட்களுக்குப் பிறகு, உக்ரைனுக்கு கூடுதல் மனிதாபிமான உதவிக்காக மூன்று மில்லியன் யூரோக்கள் ஒதுக்கப்படும் என்று மேம்பாட்டுத் துறை அமைச்சர் மெர்யமே கிடிர் அறிவித்தார்","இரண்டு   நாட் களுக்கு ப்   பிறகு,   உ க் ரை னுக்கு   கூடுதல்   மனி தா பி மான   உதவி க்காக   மூன்று   மில்லியன்   யூ ரோ க்கள்   ஒது க்கப்படும்   என்று   மேம்பா ட்டு த்   துறை   அமைச்ச ர்   மெ ர் ய மே   கி டி ர்   அறிவி த்தா ர்",40
1002,"பொது மருத்துவமனைகள், பல்கலைக்கழகங்கள் மற்றும் கோவில் வளாகங்களில் பாதுகாப்புப் படையினர் புகுந்து ஆக்கிரமித்துள்ளதை மார்ச் 7 அன்று அரசு ஊடகமும் மனித உரிமைக் குழுக்களும் உறுதிசெய்தன","பொது   மருத்துவ மனை கள்,   பல்கலைக்கழக ங்கள்   மற்றும்   கோவில்   வ ளாக ங்களில்   பாதுகாப்பு ப்   படை யினர்   பு கு ந்து   ஆ க்கிர மி த்து ள்ள தை   மார்ச்   7   அன்று   அரசு   ஊடக மும்   மனித   உரிமை க்   குழு க்க ளும்   உறுதி செய் தன",39
1003,"ஏப்ரல் 26 அன்று, ஒரு பிரெஞ்சுப் பிரஜை தற்கொலைத் தொடர்பாகத் தனக்கு உதவுமாறு தனிமைப்படுத்தல் ஊழியர்களிடம் மூன்று மொழிகளில் கேட்பதைக் காட்டும் ஓர் இரண்டு நிமிடக் காணொளி வெளிவந்தது","ஏப்ரல்   26   அன்று,   ஒரு   பி ரெ ஞ்சு ப்   பிர ஜை   தற் கொலை த்   தொடர் பாக த்   தன க்கு   உத வு மாறு   தனி மை ப்படுத்த ல்   ஊழி யர் களிடம்   மூன்று   மொழி களில்   கே ட்ப தை க்   காட்டு ம்   ஓர்   இரண்டு   நிமிட க்   கா ணொ ளி   வெளி வந்த து",47
1004,"மே 29 அன்று, கார்தூமின் அல்-கலாக்லா பகுதியில் நடந்த ஓர் ஆர்ப்பாட்டத்தை பாதுகாப்புப் படையினர் கண்ணீர்ப் புகை மற்றும் துப்பாக்கிக் குண்டுகளைக் கொண்டு தாக்கினர்","மே   2 9   அன்று,   கார் தூ மின்   அல் - கலா க் லா   பகுதியில்   நடந்த   ஓர்   ஆர் ப்பா ட்ட த்தை   பாதுகாப்பு ப்   படை யினர்   கண் ணீ ர் ப்   பு கை   மற்றும்   துப்பாக்கி க்   குண்டு களை க்   கொண்டு   தா க்கி னர்",39
1005,மே 14 அன்று பிட்ஸ்பர்க் சிட்டி-கவுண்டி கட்டிடத்தைச் சுற்றி ஏறக்குறைய ஆயிரம் பேரும் பெத்தலஹமில் சுமார் 150 பேரும் 'எங்கள் உடலுக்குத் தடை போடாதே' நிகழ்ச்சிக்காக ஒன்றுதிரண்டு போராட்டம் செய்தனர்,மே   14   அன்று   பி ட்ஸ் பர் க்   சி ட்டி - கவு ண்டி   கட்டி ட த்தை ச்   சு ற்றி   ஏ ற க்குறை ய   ஆயி ரம்   பே ரும்   பெ த்தல ஹ மில்   சுமார்   15 0   பே ரும்   ' எ ங்கள்   உட லுக்கு த்   தடை   போ டா தே '   நிகழ்ச்சி க்காக   ஒன்று தி ர ண்டு   போரா ட்டம்   செய் தன ர்,57
1006,"யங்கோனின் ஹிலாயிங் தார் யார் டவுன்ஷிப்பில் தற்செயலாகப் பல குண்டுகள் வெடித்த பின், 3 காயமடைந்த போராளிகள் உட்பட 12 சந்தேகத்திற்குரிய எதிர்ப்புப் போராளிகளை டாட்மடோ சிப்பாய்கள் பிடித்தனர்","ய ங்கோ னின்   ஹி லா யி ங்   தார்   யார்   ட வு ன் ஷி ப்பில்   தற் செய லாக ப்   பல   குண்டு கள்   வெடி த்த   பின் ,   3   காய மடைந்த   போரா ளி கள்   உட்பட   12   சந்தே க த்திற்கு ரிய   எதிர் ப்பு ப்   போரா ளி களை   டா ட் ம டோ   சி ப்பாய் கள்   பிடி த்த னர்",53
1007,"ஒன்பதாவது பெண்கள் ரக்பி உலகக் கோப்பையான 2021 ரக்பி உலகக் கோப்பை நியூசிலாந்தில் 8 அக்டோபர் முதல் 12 நவம்பர் 2022 வரை நடைப்பெற்றது, அசலில் 18 செப்டம்பர் முதல் 18 அக்டோபர் 2021 வரை நடைபெறத் திட்டமிடப்பட்டிருந்த அது மேற்கண்ட தேதிகளுக்கு ஒத்திவைக்கப்பட்டது","ஒ ன்ப தாவது   பெண்கள்   ர க் பி   உலக க்   கோப்பை யான   20 21   ர க் பி   உலக க்   கோப்பை   நியூ சி லாந்தி ல்   8   அக்டோபர்   முதல்   12   நவம்பர்   20 22   வரை   நடை ப்பெற்ற து,   அ ச லில்   18   செப்டம்பர்   முதல்   18   அக்டோபர்   20 21   வரை   நடை பெற த்   திட்டமிட ப்பட்டி ருந்த   அது   மே ற்க ண்ட   தேதி களுக்கு   ஒ த்தி வை க்கப்பட்ட து",62
1008,"மற்ற அலைவரிசைகளில் உட்படுபவை: இளைஞர்களுக்கான அலைவரிசை பிபிசி த்ரீ, இது வழமையான தொலைக்காட்சி அலைவரிசையாக ஒளிபரப்புவதை முதலில் 2016 பிப்ரவரியில் நிறுத்திவிட்டு பிறகு 2022 பிப்ரவரியில் மீண்டும் தொலைக்காட்சிக்குத் திரும்பியது; கலாச்சார மற்றும் ஆவணப்பட அலைவரிசையான பிபிசி ஃபோர்; செய்தி அலைவரிசைகளான பிபிசி நியூஸ் மற்றும் பிபிசி வேல்டு நியூஸ்; பாராளுமன்ற அலைவரிசையான பிபிசி பார்லிமெண்ட்; மற்றும் சிபிபிசி, சீபீபிஸ் ஆகிய இரண்டு குழந்தைகளுக்கான அலைவரிசைகள்","மற்ற   அலை வரிசை களில்   உட் படு ப வை :   இளை ஞர் களுக்கான   அலை வரிசை   பி பி சி   த் ரீ ,   இது   வழ மையான   தொலைக்காட்சி   அலை வரிசை யாக   ஒளி பர ப்பு வதை   முதலில்   2016   பிப்ரவரி யில்   நிறுத்தி விட்டு   பிறகு   20 22   பிப்ரவரி யில்   மீண்டும்   தொலைக்காட்சி க்கு த்   திரும்பி ய து ;   கலாச்சார   மற்றும்   ஆவண ப்பட   அலை வரிசை யான   பி பி சி   ஃ போர் ;   செய்தி   அலை வரிசை களான   பி பி சி   நியூ ஸ்   மற்றும்   பி பி சி   வே ல் டு   நியூ ஸ் ;   பாரா ளுமன்ற   அலை வரிசை யான   பி பி சி   பார் லி மெ ண்ட் ;   மற்றும்   சி பி பி சி ,   சீ பீ பி ஸ்   ஆகிய   இரண்டு   குழந்தை களுக்கான   அலை வரிசை கள்",112
1009,"ரஷியப் பொருட்களை பகிஷ்கரிக்குமாறு விடுக்கப்படும் அழைப்புகள் சமூக ஊடகங்களில் பரவி வரும் அதேசமயம், ஹேக்கர்கள் ரஷிய இணையதளங்களை, குறிப்பாக ரஷிய அரசால் இயக்கப்படும் தளங்களை, தாக்குதலுக்கு ஆளாக்கினர்","ர ஷி ய ப்   பொருட்களை   ப கி ஷ் கரி க்கு மாறு   விடு க்கப்படும்   அழை ப்புகள்   சமூக   ஊடக ங்களில்   பர வி   வரும்   அதே சமய ம்,   ஹே க்க ர்கள்   ர ஷி ய   இணையதள ங்களை ,   குறிப்பாக   ர ஷி ய   அரசா ல்   இய க்கப்படும்   தள ங்களை ,   தாக்கு த லுக்கு   ஆ ளா க்கி னர்",51
1010,மும்பை தாதர் ரயில் நிலையத்தில் பூ விற்கத் தொடங்கிய அவர் நாளடைவில் அம்மாநகரத்தில் இரண்டு பூக்கடைகளைச் சொந்தமாக நடத்தினார்,மும்பை   தா தர்   ரயில்   நிலைய த்தில்   பூ   விற்க த்   தொட ங்கிய   அவர்   நா ள டை வில்   அம் மா நகர த்தில்   இரண்டு   பூ க்கடை களை ச்   சொந்த மாக   நடத்தி னார்,29
1011,"ஜிஹாதி, முஜாஹிதீன், ஃபிதாயீன் ஆகிய ஒத்த சொற்கள் இப்போது ஆங்கில அகராதியில் சேர்க்கப்பட்டுள்ளன","ஜி ஹா தி ,   மு ஜா ஹி தீ ன்,   ஃபி தா யீ ன்   ஆகிய   ஒ த்த   சொ ற் கள்   இப்போது   ஆங்கில   அக ரா தி யில்   சேர் க்கப்பட்டுள்ள ன",28
1012,மேதகு தலைவர் அலி காமேனியின் ஆட்சியை எதிர்த்து ஜனநாயகத்துக்காக ஏங்கும் ஈரானியர்களுக்கு இந்த இரண்டு நீதிபதிகளும் பல சந்தர்ப்பங்களில் நீண்ட காலச் சிறைத் தண்டனையோ மரண தண்டனையோ வழங்கியதற்குப் பெயர் போனவர்கள்,மே த கு   தலை வர்   அலி   கா மே னி யின்   ஆட்சி யை   எதிர் த்து   ஜன நாய க த்து க்காக   ஏ ங்கும்   ஈ ரா னி யர் களுக்கு   இந்த   இரண்டு   நீதி பதி களும்   பல   ச ந்தர் ப்ப ங்களில்   நீண்ட   கால ச்   சிறை த்   த ண்டனை யோ   மரண   த ண்டனை யோ   வழ ங்கிய தற்கு ப்   பெயர்   போ ன வர்கள்,56
1013,"முதல் மன்வந்திரத்திற்கு முன்னதாகவும் ஒவ்வொரு மன்வந்திரத்திற்குப் பிறகும் ஒரு மன்வந்திர சந்தியா (இணைக்கும் காலம்) இருக்கும், அது ஒவ்வொன்றும் ஒரு கிருத யுகத்தின் (சத்ய யுகம்) கால அளவைக் கொண்டிருக்கும்","முதல்   மன் வ ந்திர த்திற்கு   முன்ன தாகவும்   ஒவ்வொரு   மன் வ ந்திர த்திற்கு ப்   பிறகு ம்   ஒரு   மன் வ ந்திர   சந்தி யா   ( இணை க்கும்   காலம் )   இருக்கும்,   அது   ஒவ் வொ ன்று ம்   ஒரு   கிரு த   யு கத்தின்   ( சத் ய   யு கம் )   கால   அள வை க்   கொ ண்டி ருக்கும்",50
1014,"குரோனஸ் தனது தந்தைக்குத் துரோகம் இழைத்துவிட்டதால் தனது பிள்ளைகளும் அதேபோலச் செய்வார்கள் என அஞ்சினான், எனவே ரியாவுக்குப் பிறக்கும் ஒவ்வொரு குழந்தையையும் அவன் கவ்விச் சென்று தின்றுவிட்டான்","கு ரோ ன ஸ்   தனது   தந்தை க்கு த்   து ரோ கம்   இ ழை த்து விட்ட தால்   தனது   பிள் ளை களும்   அதே போல ச்   செய் வா ர்கள்   என   அ ஞ்சி னா ன்,   எனவே   ரியா வுக்கு ப்   பிற க்கும்   ஒவ்வொரு   குழந்தை யையும்   அவ ன்   க வ் வி ச்   சென்று   தி ன்று விட்டா ன்",51
1015,"கிருஷ்ண மரபுகள் வடநாட்டைச் சேர்ந்தவை என வகைப்படுத்தும் போக்கு உள்ளபோதிலும் ஆரம்ப காலத்திலேயே ""தென்னாட்டு கிருஷ்ண மரபு"" இருந்ததற்கு ஆதாரம் உள்ளதாக ஃப்ரீட்ஹெம் ஹார்டி கருத்துத் தெரிவிக்கிறார்","கிருஷ்ண   மர பு கள்   வட நா ட்டை ச்   சேர்ந்த வை   என   வகை ப்படுத்தும்   போக்கு   உள்ள போதி லும்   ஆரம்ப   கால த்தி லேயே   "" தென் னா ட்டு   கிருஷ்ண   மர பு ""   இருந்த தற்கு   ஆ தா ரம்   உள்ள தாக   ஃப் ரீ ட் ஹெ ம்   ஹா ர் டி   கருத்து த்   தெரிவி க்கிறா ர்",49
1016,"புத்தரின் வாழ்க்கைப் புராணத்தை நடித்துக் காட்டும் பகுதிகள் அடங்கிய மற்றொரு பௌத்தச் சடங்கு, புத்தரின் உருவத்தைப் பிரதிஷ்டை செய்யும் சடங்காகும்","புத்த ரின்   வாழ்க்கை ப்   புரா ணத்தை   நடி த்து க்   காட்டு ம்   பகுதிகள்   அட ங்கிய   மற்றொரு   பௌத்த ச்   ச டங்கு ,   புத்த ரின்   உருவ த்தை ப்   பிரதி ஷ் டை   செய்யும்   ச ட ங்கா கும்",33
1017,பௌத்தத்தில் பிரம்மா ஒரு முதன்மைக் கடவுளாகவும் (தெய்வம்) சுவர்க்கலோக அரசராகவும் கருதப்படுகிறார்,பௌத்த த்தில்   பிர ம் மா   ஒரு   முதன்மை க்   கடவு ளாக வும்   ( தெய் வம் )   சு வர் க்க லோ க   அரச ராக வும்   கருத ப்படு கிறா ர்,27
1018,"கர்நாடகத்தின் பட்டடக்கல்லில் உள்ள 7ஆம் மற்றும் 8ஆம் நூற்றாண்டுக் கோயில்களில் வடக்கத்திய மற்றும் தெற்கத்திய எனப் பிற்காலத்தில் சுட்டப்பட்ட இருவகை வடிவங்களும் கலந்துள்ளது பிரபலமான ஒன்று, ஏஹோலேயில் உள்ளவையும் இதேபோலத் தான், அங்கு இன்றும் கவிய வடிவமுள்ள சைத்தியக் கூடம் போன்ற மேற்தோற்ற அமைப்புகள் அடங்கியுள்ளன","கர்நா டக த்தின்   பட்ட ட க்கல் லில்   உள்ள   7 ஆம்   மற்றும்   8 ஆம்   நூற்றாண்டு க்   கோயில் களில்   வட க்க த்திய   மற்றும்   தெ ற்கத்திய   என ப்   பி ற் காலத்தில்   சு ட்ட ப்பட்ட   இரு வகை   வடிவ ங்களும்   கல ந்துள்ள து   பிரபலமான   ஒன்று ,   ஏ ஹோ லே யில்   உள்ள வையும்   இதே போல த்   தான் ,   அங்கு   இன்று ம்   க விய   வடிவ முள்ள   சை த்திய க்   கூ டம்   போன்ற   மேற் தோ ற்ற   அமைப்புகள்   அட ங்கி யுள்ள ன",73
1019,"எனினும், மதம் மாறிய அரபியல்லாதோர் மத்தியில் அரேபியர்களுக்கு இருந்த உயர் அந்தஸ்தும் முன்னவர்கள் மிகவும் அதிகமாக வரி செலுத்த வேண்டிய கடமையும் வெறுப்பை உண்டாக்கியது","எனினும்,   ம தம்   மா றிய   அர பி யல் லா தோ ர்   ம த்தி யில்   அ ரே பி யர் களுக்கு   இருந்த   உயர்   அந்த ஸ் தும்   முன்ன வர்கள்   மிகவும்   அதிகமாக   வரி   செலுத்த   வேண்டிய   கட மை யும்   வெ று ப்பை   உ ண்டா க்கிய து",41
1020,"அவர்கள் பௌத்தா என்ற பதத்தையும் பயன்படுத்தியதாக லோபஸ் உறுதிபடக் கூறுகிறார், எனினும் அறிஞர் ரிச்சட் கோஹனைப் பொறுத்தவரை, பௌத்தம் சாராதவர்களே பெளத்தர்களைக் குறிப்பிட இந்தப் பதத்தைப் பயன்படுத்தினர் என்று உறுதியாகச் சொல்கிறார்","அவர்கள்   பௌ த்தா   என்ற   பத த்தையும்   ப யன்படு த்திய தாக   லோ ப ஸ்   உறுதி பட க்   கூறு கிறார்,   எனினும்   அறி ஞர்   ரி ச்ச ட்   கோ ஹ னை ப்   பொறு த்த வரை,   பௌத்த ம்   சா ரா த வர் க ளே   பெ ள த்த ர் களை க்   குறிப்பிட   இந்த ப்   ப தத்தை ப்   ப யன்படுத்தி னர்   என்று   உறுதி யாக ச்   சொல் கிறா ர்",61
1021,"அவருக்கு இந்தியா, பாகிஸ்தான் மற்றும் அமெரிக்கா முழுக்க ஆயிரக்கணக்கான சீடர்கள் இருந்தனர், மேலும் இந்தியா முழுவதும் பல கலீஃபாக்களும் இருந்தனர்","அவருக்கு   இந்தியா ,   பாகிஸ்தான்   மற்றும்   அமெரிக்கா   முழு க்க   ஆயி ர க்கணக்கான   சீ ட ர்கள்   இருந்த னர்,   மேலும்   இந்தியா   முழுவதும்   பல   க லீஃ பா க்க ளும்   இருந்த னர்",27
1022,"இயற்கையின் அதிசயங்களை அல்லது பிரபஞ்சத்தின் சீர்மையை முன்வைத்து கடவுள் இருப்பதை நிரூபிக்க முற்படும் முக்கிய வாதங்கள் யாவும் ஆட்சேபனைக்குரியவை (குறிப்பிட்ட சில வெறுக்கத்தக்க பூச்சிகளின் இருப்பில் அப்படியென்ன அதிசயம் உள்ளது, அனைத்துக் கிரகங்களும் ஏறத்தாழ ஒரே சமதளத்தில் சுழல்கின்றன என்று கவனிக்கப்பட்ட கூற்றில் அப்படியென்ன சீர்மை இருக்கிறது, அவை ஒரே சமதளத்தில் சுழன்றால் ஆச்சரியப்படலாம் ஆனால் 'ஏறத்தாழ ஒரே சமதளத்தில்' என்பது பெரிதாக எந்தச் சான்றும் அளிப்பதில்லை) என்பதை அவர் விளக்கிக் காட்டுகிறார்","இயற்கை யின்   அதி ச ய ங்களை   அல்லது   பிர ப ஞ்ச த்தின்   சீ ர் மையை   முன் வைத்து   கடவு ள்   இருப்பதை   நி ரூ பி க்க   மு ற்ப டும்   முக்கிய   வா தங்கள்   யா வும்   ஆ ட் சே ப னை க்கு ரிய வை   ( குறிப்பிட்ட   சில   வெ று க்க த்தக்க   பூ ச்சி களின்   இரு ப்பில்   அ ப்படி யெ ன்ன   அதி ச யம்   உள்ளது,   அனைத்து க்   கி ர க ங்களும்   ஏ ற த்தா ழ   ஒரே   சம தள த்தில்   சு ழ ல் கின்றன   என்று   கவனி க்கப்பட்ட   கூ ற்றில்   அ ப்படி யெ ன்ன   சீ ர் மை   இருக்கிற து,   அவை   ஒரே   சம தள த்தில்   சு ழ ன்றால்   ஆ ச்ச ரிய ப்பட லாம்   ஆனால்   ' ஏ ற த்தா ழ   ஒரே   சம தள த்தில் '   என்பது   பெரி தாக   எந்த ச்   சா ன்று ம்   அளி ப்பதில் லை )   என்பதை   அவர்   விள க்கி க்   காட்டு கிறா ர்",135
1023,"வட நாட்டில் அவரது உருவம் இன்னொரு மரண தேவனாகப் பாவிக்கப்பட்டது, அது எமனுக்கு (தென்னாட்டில் நிலவிய மரண தேவன்) எதிராகவும் எமனை விஞ்சுகிற வகையிலும் இருந்தது","வட   நாட்டில்   அவரது   உரு வம்   இன் னொ ரு   மரண   தேவ னாக ப்   பா வி க்கப்பட்ட து,   அது   எ ம னுக்கு   ( தென் னா ட்டில்   நில விய   மரண   தே வன் )   எதிராக வும்   எ மனை   வி ஞ்சு கிற   வகை யிலும்   இருந்த து",41
1024,"பிரதான 8ஆம் நூற்றாண்டு வேத அறிஞரும் ஆசானுமான (ஆச்சாரியா) ஆதி சங்கரர், பிரம்மன் நித்தியமானது என்பதால் பிரம்ம ஞானம் நிகழ்நிலை சார்ந்தது அதற்கு 'வினை' - அதாவது உழைப்பும் முயற்சியும் - தேவையில்லை என்று வலியுறுத்திய போதிலும், அத்வைத மரபு ஆனது மஹாவாக்கியங்களைக் குறித்துச் சிந்தித்தல் மற்றும் யோக சமாதியை ஞானத்துக்கான வழியாக ஏற்றுக்கொள்ளுதல் உட்பட விலாவாரியான ஆயத்தப் பயிற்சிகளையும் விதிக்கிறது, இது ஒருவித முரண்பாட்டை ஏற்படுத்துவதாகத் தோன்றலாம், ஆனால் பிற ஆன்மீகக் கட்டுப்பாட்டு வழிகள் மற்றும் மரபுகளிலும் இது அங்கீகரிக்கப்படுவது குறிப்பிடத்தக்கது","பிரதான   8 ஆம்   நூற்றாண்டு   வேத   அறி ஞ ரும்   ஆ சா னு மான   ( ஆ ச்சா ரியா )   ஆதி   சங்க ர ர்,   பிர ம் மன்   நி த்திய மான து   என்ப தால்   பிரம்ம   ஞா ன ம்   நிகழ் நிலை   சார்ந்த து   அதற்கு   ' வினை '   -   அதாவது   உ ழை ப்பு ம்   முயற்சி யும்   -   தேவை யில் லை   என்று   வலியுறு த்திய   போதிலும்,   அ த் வை த   மர பு   ஆன து   மஹா வா க்கிய ங்களை க்   குறித்து ச்   சி ந்தி த்தல்   மற்றும்   யோக   சமா தி யை   ஞா ன த்து க்கான   வழியாக   ஏற்று க்கொ ள்ளு தல்   உட்பட   வி லா வாரி யான   ஆ ய த்த ப்   பயிற்சி களையும்   விதி க்கிற து,   இது   ஒரு வித   மு ர ண் பா ட்டை   ஏற்படு த்துவ தாக த்   தோ ன்ற லாம்,   ஆனால்   பிற   ஆன் மீ க க்   கட்டுப்பா ட்டு   வழி கள்   மற்றும்   மர பு களிலும்   இது   அங்கீ கரி க்கப்படு வது   குறிப்பிடத்தக்க து",140
1025,"இஸ்லாத்தின் வருகை துறவற மரபான பௌத்தம் பெற்றுவந்த அரச ஆதரவை அகற்றியது, மேலும் நெடுந்தூர வர்த்தகத்தில் பௌத்தர்களை முஸ்லிம்கள் பதிலீடு செய்ததால் மேற்படி ஆதரவுத் தொடர்பான ஆதாரங்கள் நீர்த்துப் போயின","இஸ்லா த்தின்   வருகை   து ற வற   மர பான   பௌத்த ம்   பெற்று வந்த   அரச   ஆதர வை   அக ற்றிய து,   மேலும்   நெடு ந் தூர   வர்த்தக த்தில்   பௌத்த ர் களை   முஸ்லிம் கள்   பதி லீ டு   செய்த தால்   மேற்ப டி   ஆதர வு த்   தொடர்பான   ஆதார ங்கள்   நீர் த்து ப்   போ யின",47
1026,"மூன்றாம் கட்டத்தில் மேலும் புது வழிமுறைகள் அறிமுகம் செய்யப்பட்டன: எடுத்துக்காட்டாக, கர்ம வினைகளின் சுமையைக் குறைக்க உதவும் நோக்கில் சடங்குகளும், பிராயச்சித்தமும், தாவோ ஆலயங்களில் நிவேதனமும் ஊக்குவிக்கப்பட்டன","மூன்றா ம்   கட்ட த்தில்   மேலும்   புது   வழி முறை கள்   அறிமுக ம்   செய்யப்பட்ட ன :   எடுத்து க்கா ட்டாக ,   கர் ம   வினை களின்   சு மையை க்   குறை க்க   உத வும்   நோ க்கில்   ச டங்கு களும்,   பிரா ய ச்சி த்த மும்,   தா வோ   ஆ லய ங்களில்   நி வே தன மும்   ஊக்குவி க்கப்பட்ட ன",51
1027,14 ஆண்டு சபதம் எடுத்தால் அவருடைய பாவங்கள் எல்லாம் கரைந்து அவருக்கு செல்வமும் பிள்ளைகளும் இன்பமும் கிடைக்கும் என்று கௌந்தின்யாவிற்கு அனந்த் வாக்குறுதி அளித்தார்,14   ஆண்டு   ச ப தம்   எடு த்தால்   அவருடைய   பா வ ங்கள்   எல் லாம்   கரை ந்து   அவருக்கு   செல் வ மும்   பிள் ளை களும்   இ ன்ப மும்   கிடை க்கும்   என்று   கௌ ந்தி ன் யா விற்கு   அ ன ந்த்   வாக்கு றுதி   அளி த்தா ர்,41
1028,"மஹாயானம் சிறிது காலம் இந்திய பௌத்தர்களிடையே சிறுபான்மைப் பிரிவாகவே இருந்தது, பிறகு அது படிப்படியாக வளர்ந்து 7ஆம் நூற்றாண்டு இந்தியாவில் சுவான்ஜாங் சந்தித்த ஒட்டுமொத்த பௌத்தத் துறவிகளில் ஏறத்தாழ பாதிப் பேர் மஹாயானர்களாக இருந்தனர்","மஹா யான ம்   சிறிது   காலம்   இந்திய   பௌத்த ர் களி டையே   சிறு பா ன்மை ப்   பிரி வாக வே   இருந்த து,   பிறகு   அது   படி ப்படி யாக   வளர் ந்து   7 ஆம்   நூற்றாண்டு   இந்தியாவில்   சுவா ன் ஜா ங்   சந்தி த்த   ஒட்டு மொத்த   பௌத்த த்   து ற வி களில்   ஏ ற த்தா ழ   பாதி ப்   பேர்   மஹா யான ர் களாக   இருந்த னர்",57
1029,"1602இல் டச் தலைமை மாலுமி ஜோரிஸ் வான் ஸ்பில்பெர்ஜன் தரையிறங்கிய போது, அவரிடம் கண்டி அரசர் உதவி கோரினார்","16 0 2இல்   ட ச்   தலைமை   மா லு மி   ஜோ ரி ஸ்   வான்   ஸ் பில் பெர் ஜ ன்   தரை யி ற ங்கிய   போது,   அவ ரிடம்   க ண்டி   அர சர்   உதவி   கோரி னார்",32
1030,"இந்த அறிக்கை அவரது சொந்தக் கருத்தை நியாப்படுத்துவதற்காக, உடன்படிக்கை அமைப்புகள் வழங்கிய பொதுவான கருத்துரைகளையும் குறிப்பிட்ட நாடு-சார்ந்த பரிந்துரைகளையும் சுயவிருப்பப்படி எடுத்து மேற்கோள் காட்டியது, மேலும் யோக்யகர்த்தா கொள்கைகள் எனப்படுபவை உள்ளிட்ட சர்ச்சைக்குரிய மற்றும் அங்கீகாரமில்லாத கொள்கைகளையும் பரப்பியது","இந்த   அறிக்கை   அவரது   சொந்த க்   கரு த்தை   நி யா ப்படு த்துவ தற்காக ,   உடன் படி க்கை   அமைப்புகள்   வழ ங்கிய   பொதுவான   கருத்து ரை களையும்   குறிப்பிட்ட   நாடு - சார்ந்த   பரிந்துரை களையும்   சுய விருப்ப ப்படி   எடுத்து   மேற் கோ ள்   கா ட்டிய து,   மேலும்   யோ க் ய கர் த்தா   கொள் கை கள்   என ப்படு ப வை   உள்ளிட்ட   சர் ச்சை க்கு ரிய   மற்றும்   அங்கீ கார மி ல்லாத   கொள் கை களையும்   பர ப்பிய து",68
1031,"கன்பியூசிய சடங்குகள் மற்றும் நிறுவன முறைகளை இன்னும் பரந்த தாராளவாத ஜனநாயகக் கட்டமைப்புடன் பிணைக்கும் இந்தக் கலவை, செங்கின் படி அளவுக்கதிகமான தன்னலவாதமும் ஒழுக்கவியல் லட்சியமின்மையும் பாதித்துள்ள மேற்கத்திய வகை தாராளவாதத்திலிருந்தும்,செங்கின் படி வரலாற்று ரீதியாக அசைக்கமுடியாத படிநிலைகள் மற்றும் பிடிவாத மேதாவிகளின் பாதிப்புக்கு ஆளாகியுள்ள பாரம்பரிய கன்பியூசியத்திலிருந்தும் வேறுபட்டதாகும்","கன் பி யூ சிய   ச டங்கு கள்   மற்றும்   நிறுவன   முறை களை   இன்னும்   பர ந்த   தாரா ள வாத   ஜன நாய க க்   கட்ட மைப்பு டன்   பி ணை க்கும்   இந்த க்   கல வை ,   செ ங்கின்   படி   அளவு க்க தி கமான   தன் ன ல வாத மும்   ஒழு க்க வியல்   ல ட்சி ய மின் மை யும்   பாதி த்து ள்ள   மேற்கத்திய   வகை   தாரா ள வாத த்திலிருந்து ம், செ ங்கின்   படி   வரலாற்று   ரீதியாக   அ சை க்க முடியாத   படி நிலை கள்   மற்றும்   பிடி வாத   மே தா வி களின்   பாதி ப்புக்கு   ஆ ளா கி யுள்ள   பாரம்பரிய   கன் பி யூ சிய த்திலிருந்து ம்   வேறு பட்ட தா கும்",99
1032,"சீக்கிய மதம் உணவில் சுய கட்டுப்பாட்டையும் மிதமான போக்கையும் ஊக்குவிக்கிறது, அதாவது பட்டினியும் வேண்டாம், மிதமிஞ்சிய நிலையும் வேண்டாம் என்கிறது","சீக்கிய   ம தம்   உண வில்   சுய   கட்டுப்பா ட்டை யும்   மி தமான   போ க்கை யும்   ஊக்குவி க்கிற து,   அதாவது   பட்டி னி யும்   வேண்டா ம்,   மி தமி ஞ் சிய   நிலை யும்   வேண்டா ம்   என் கிறது",33
1033,"சில பஜனைகள் நூற்றாண்டுகளாக நீடிப்பவை, பல பிராந்தியங்களில் பிரபலமானவை மற்றும் சமூக மரபுகளாக வழிவந்தவை, வேறுசில பஜனைகள் புதிதாக இயற்றப்படுபவை","சில   ப ஜ னை கள்   நூற்றாண்டு களாக   நீடி ப்ப வை ,   பல   பிராந்திய ங்களில்   பிரபலமான வை   மற்றும்   சமூக   மர பு களாக   வழி வந்த வை ,   வேறு சில   ப ஜ னை கள்   புதி தாக   இய ற்ற ப்படு ப வை",38
1034,"சீர்கெட்டுப் போனவர்களாக இருந்த சிலர், தங்களால் இயன்றவரை சீர்கேட்டை நிறுத்திக் கொண்டார்கள், தங்கள் பெற்றோருக்கும் பெரியவர்களுக்கும் கீழ்ப்படிந்து நடந்தார்கள், கடந்த காலத்துக்கு மாற்றமாக தற்போதும் வருங்காலத்திலும் ஒவ்வொரு சந்தர்ப்பத்திலும் இத்தகு நடத்தை மூலம் அவர்கள் மேலும் சிறந்த, இன்பமான வாழ்வை அனுபவிப்பார்கள்","சீ ர் கெ ட்டு ப்   போ ன வர் களாக   இருந்த   சில ர்,   த ங்களால்   இய ன்ற வரை   சீ ர் கே ட்டை   நிறுத்தி க்   கொண்டா ர்கள்,   தங்கள்   பெ ற்றோ ருக்கும்   பெரிய வர் களுக்கும்   கீழ் ப்படி ந்து   நட ந்தா ர்கள்,   கடந்த   கால த்துக்கு   மாற்ற மாக   தற்போது ம்   வரு ங் கால த்திலும்   ஒவ்வொரு   ச ந்தர் ப்ப த்திலும்   இ த்த கு   நட த்தை   மூலம்   அவர்கள்   மேலும்   சிறந்த ,   இ ன்ப மான   வாழ் வை   அனுப வி ப்பா ர்கள்",73
1035,"குரு கிரந்த சாஹிபின் தொடக்கம், ஜாப்ஜி சாஹிப் ஆகும்; அதேவேளை தசம் கிரந்தத்தின் தொடக்கம், ஜபு சாஹிப் என்றும் அழைக்கப்படும் ஜாப் சாஹிப் ஆகும்","குரு   கி ர ந்த   சா ஹி பின்   தொடக்க ம்,   ஜா ப் ஜி   சா ஹி ப்   ஆ கும் ;   அதே வேளை   த சம்   கி ர ந்த த்தின்   தொடக்க ம்,   ஜ பு   சா ஹி ப்   என்றும்   அழைக்கப்படு ம்   ஜா ப்   சா ஹி ப்   ஆ கும்",43
1036,சமூகத்தின் முக்கியப் பிரதிநிதியான கான்ஸ்டானா நகர முஃப்தியாக அங்குள்ள இமாம்களில் ஒருவர் ரகசிய வாக்கெடுப்பு மூலம் தேர்ந்தெடுக்கப்படுகிறார்,சமூக த்தின்   முக்கிய ப்   பிரதிநிதி யான   கா ன்ஸ் டா னா   நகர   முஃ ப் தியாக   அங்கு ள்ள   இ மா ம் களில்   ஒருவர்   ர க சிய   வா க்கெடு ப்பு   மூலம்   தேர்ந்தெடு க்கப்படு கிறா ர்,32
1037,"அஹிம்சையே மிக உயர்ந்த சமயக் கடமை என்பதன் சமய அடிப்படைக்கு சில சமண அறிஞர்கள் விளக்கமளிக்கும் போது, அது ""மற்ற ஜீவராசிகளுக்கு வழங்குவது அல்லது இறக்கம் காட்டுவதன் நன்மையினால் உந்தப்படக் கூடாது மற்றும் அனைத்து ஜீவராசிகளையும் காப்பாற்ற வேண்டும் என்ற கடமையும் அல்ல"", மாறாக ""தொடர்ந்த சுயக் கட்டுப்பாடு"" பேணுவதன் பலனாக ஆன்மப் பரிசுத்தம் அடைந்து இறுதியாக தனது மோட்சத்தையும் மறுபிறவியிலிருந்து விடுதலை பெறுவதையும் பாதிக்கத்தக்க வகையில் சுய ஆன்மீக முன்னேற்றம் பெறுவதேயாகும் என்று கூறினார்கள்","அ ஹி ம் சை யே   மிக   உயர்ந்த   சமய க்   கட மை   என்ப தன்   சமய   அடிப்படை க்கு   சில   சமண   அறி ஞர்கள்   விள க்க மளி க்கும்   போது,   அது   "" மற்ற   ஜீ வரா சி களுக்கு   வழங்கு வது   அல்லது   இற க்கம்   காட்டு வ தன்   ந ன்மை யி னால்   உ ந்த ப்பட க்   கூ டா து   மற்றும்   அனைத்து   ஜீ வரா சி களையும்   கா ப்பா ற்ற   வேண்டும்   என்ற   கட மை யும்   அல்ல "" ,   மா றாக   "" தொடர் ந்த   சுய க்   கட்டுப்பா டு ""   பே ணுவ தன்   பல னாக   ஆன் ம ப்   பரிசு த்தம்   அடை ந்து   இறுதி யாக   தனது   மோ ட்ச த்தையும்   மறு பிற வி யிலிருந்து   விடு தலை   பெறு வதை யும்   பாதி க்க த்தக்க   வகையில்   சுய   ஆன் மீ க   முன்னே ற்றம்   பெறு வ தே யா கும்   என்று   கூறி னா ர்கள்",124
1038,முகலாயப் பேரரசு காலத்தில் பல சீக்கிய சமூகப் பிரிவுகள் உருவாகின,முகலாய ப்   பேரர சு   காலத்தில்   பல   சீக்கிய   சமூக ப்   பிரி வுகள்   உருவா கி ன,14
1039,அலாய் சகாப்தத்தில் ஆரம்பகால மம்லூக் ஆட்சியின் பழம்பெரும் ஆளும் வர்க்கத்தினரின் அதிகாரம் பறிபோனது,அ லா ய்   ச கா ப்த த்தில்   ஆரம்பகால   ம ம் லூ க்   ஆட்சியின்   பழ ம் பெரும்   ஆளு ம்   வர் க்க த்தின ரின்   அதிகா ரம்   ப றி போ ன து,29
1040,அமிர்தசரஸில் உள்ள பொற்கோவிலும் ஹசூர் சாஹிபும் இதற்கான உதாரணங்கள்,அ மிர் த சர ஸில்   உள்ள   பொ ற் கோ விலும்   ஹ சூர்   சா ஹி பு ம்   இ தற்கான   உதாரண ங்கள்,20
1041,இந்தியப் புராணங்கள் சீக்கியர்களின் புனிதக் கட்டளை நூலான குரு கிரந்த சாஹிபிலும் இரண்டாம்நிலைப் புனிதக் கட்டளை நூலான தசம கிரந்தத்திலும் இழையோடி இன்றைய சீக்கியர்கள் மற்றும் அவர்களது மூதாதையர்களின் சமயக் குறியீட்டுப் பரப்புக்கு இளகிய நயமும் பொருளும் சேர்க்கிறது என்று ஃபெனக் கூறுகிறார்,இந்திய ப்   புராண ங்கள்   சீக்கிய ர்களின்   புனித க்   கட்ட ளை   நூ லான   குரு   கி ர ந்த   சா ஹி பி லும்   இரண்டாம் நிலை ப்   புனித க்   கட்ட ளை   நூ லான   த சம   கி ர ந்த த்திலும்   இ ழை யோ டி   இன்றைய   சீக்கிய ர்கள்   மற்றும்   அவர்க ளது   மூ தா தை யர் களின்   சமய க்   குறி யீ ட்டு ப்   பர ப்புக்கு   இள கிய   ந ய மும்   பொரு ளும்   சேர் க்கிற து   என்று   ஃ பெ ன க்   கூறு கிறா ர்,76
1042,"இந்தக் கதையாடல்கள் தோற்றப் புனைவுகள் போலச் செயல்பட்டு, இந்தச் சிந்தனை மரபு எப்படி உருவானது என்பதையும் அது ஏன் புத்தரின் போதனைகளை எடுத்துரைப்பதில் சிறப்பதிகாரம் கொண்டுள்ளது என்பதையும் விளக்குகின்றன","இந்த க்   கதை யா டல் கள்   தோ ற்ற ப்   பு னை வுகள்   போல ச்   செயல் பட்டு ,   இந்த ச்   சி ந்த னை   மர பு   எப்படி   உருவான து   என்பதை யும்   அது   ஏ ன்   புத்த ரின்   போ தனை களை   எடுத்து ரை ப்பதில்   சிற ப்பதி கா ரம்   கொண்டு ள்ள து   என்பதை யும்   விள க்கு கின்றன",52
1043,"நூல்களில் காணப்படும் இந்த வகைபிரித்தல்களுக்கு மாறாக, பல மேன்மை பொருந்திய ஹிந்து நூல்களும் சமயக் கோட்பாடுகளும் இந்தச் சமூகப் பிரிப்பு முறையை கேள்விக்குள்ளாக்கி மறுக்கின்றன","நூல் களில்   காண ப்படும்   இந்த   வகை பிரி த்தல் களுக்கு   மா றாக ,   பல   மே ன்மை   பொரு ந்திய   ஹிந்து   நூல் களும்   சமய க்   கோட் பாடு களும்   இந்த ச்   சமூக ப்   பிரி ப்பு   முறையை   கேள்வி க்கு ள்ளா க்கி   மறு க்கின்ற ன",39
1044,"இவற்றுள் மிகப் பழமையானது, 1925இல் நிறுவப்பட்ட ஃபின்னிஷ் இஸ்லாமிய சங்கம்","இவ ற்று ள்   மிக ப்   பழ மையான து,   19 25 இல்   நிறுவ ப்பட்ட   ஃ பின் னி ஷ்   இஸ்லா மிய   சங்க ம்",21
1045,"மவ்ரிய்யாக்களில் சோக்னா மகத் தியோப் என்ற ஒரு பெண் முராபித் இருந்தார், அவர் மரபு வழியாக தன் தந்தையின் பதவியைப் பெற்றார்","ம வ் ரி ய் யா க்க ளில்   சோ க் னா   மக த்   தி யோ ப்   என்ற   ஒரு   பெண்   மு ரா பி த்   இருந்தா ர்,   அவர்   மர பு   வழியாக   தன்   தந்தை யின்   பதவி யை ப்   பெ ற்றா ர்",37
1046,"ஆரம்ப நவீனகால ஸ்பெயினில், கன்னியாஸ்திரிகள் மேல்தட்டுக் குடும்பங்களைச் சேர்ந்தவர்களாக இருந்தனர், அவர்கள் வருடாந்திரக் கட்டணமான கன்னிமடக் கொடைத் தொகையையும் ""பராமரிப்புத் தொகைகளையும்"" செலுத்தும் அளவுக்கு வசதி பெற்றிருந்தனர்","ஆரம்ப   நவீன கால   ஸ் பெ யி னி ல்,   கன் னியா ஸ் திரி கள்   மேல் த ட்டு க்   குடும்ப ங்களை ச்   சேர்ந்த வர் களாக   இருந்த னர்,   அவர்கள்   வருடாந்திர க்   கட்டண மான   கன் னி ம ட க்   கொ டை த்   தொகை யையும்   "" பராமரி ப்பு த்   தொகை களையும் ""   செலு த்தும்   அள வுக்கு   வசதி   பெற்றி ருந்த னர்",55
1047,"இன்யூட் மக்களின் பாரம்பரியக் கதைகள், சடங்குகள் மற்றும் ஐதீகங்கள் பெரும்பாலும் தங்கள் கடுமையான ஆர்டிக் சூழலில் உள்ள ஆபத்துகள் குறித்த முன்னெச்சரிக்கைகள் ஆகும்","இன் யூ ட்   மக்களின்   பாரம்பரிய க்   கதை கள்,   ச டங்கு கள்   மற்றும்   ஐ தீ க ங்கள்   பெரும்பாலும்   தங்கள்   கடுமையான   ஆர் டி க்   சூழ லில்   உள்ள   ஆ பத்து கள்   குறித்த   முன் னெ ச்சரி க்கை கள்   ஆ கும்",36
1048,"வழிபாட்டு அல்லது பிரார்த்தனைத் தலங்களைப் பொறுத்தவரை, கபிதாயனில் சங்கார் என்ற சொல்லை வாலிசங்கோ பயன்படுத்துகிறார், இது கபிதாயனில் சாங் ஹியாங் டாயாவின் சின்னமாக விளங்கும் வகையில் சுவற்றினில் வெற்று ஓட்டை கொண்ட ஒரு நான்கு சதுரக் கட்டிடத்தைக் குறிக்கிறது, ஹிந்து அல்லது பௌத்த மதத்தில் உள்ளது போன்று அர்ச்சா அல்லது சிலைகளைக் கொண்டிருப்பதில்லை","வழி பாட்டு   அல்லது   பிரா ர் த்தனை த்   த ல ங்களை ப்   பொறு த்த வரை,   க பி தா ய னில்   ச ங்கா ர்   என்ற   சொல் லை   வா லி ச ங்கோ   பயன்படுத்து கிறார்,   இது   க பி தா ய னில்   சா ங்   ஹி யா ங்   டா யா வின்   சி ன்ன மாக   விள ங்கும்   வகையில்   சு வ ற்றி னில்   வெ ற்று   ஓ ட்டை   கொண்ட   ஒரு   நான்கு   சதுர க்   கட்டி ட த்தை க்   குறி க்கிற து,   ஹிந்து   அல்லது   பௌத்த   மத த்தில்   உள்ள து   போ ன்று   அர் ச்சா   அல்லது   சிலை களை க்   கொ ண்டிரு ப்பதில் லை",90
1049,பிரதானமாக யாத்திராகமம் 20:14 மற்றும் 1 கொரிந்தியர் 6:910 போன்ற பத்திகளின் அடிப்படையில் விபச்சாரம் கிறிஸ்துவர்களால் ஓர் ஒழுக்கக்கேடு மற்றும் பாவம் என்று கருதப்படுகிறது,பிரதான மாக   யா த்தி ராக ம ம்   20 : 14   மற்றும்   1   கொ ரி ந்தி யர்   6 : 9 10   போன்ற   ப த்தி களின்   அடிப்படையில்   வி ப ச்சா ரம்   கிறிஸ்து வர் களால்   ஓர்   ஒழு க்க க்கே டு   மற்றும்   பா வம்   என்று   கருத ப்படு கிறது,44
1050,"மதப்பற்று இல்லாத பெற்றோர்களால் வளர்க்கப்பட்ட தன் தாயை அவர் வர்ணிக்கும்போது, ""மதப்பற்று இல்லாதவர்"" என்றாலும் பல விதங்களில் ""நான் அறிந்தவர்களிலேயே ஆன்மீக ரீதியாக"" மிகத் ""தெளிந்தவர்"" மற்றும் ""மதச்சார்பற்ற மனிதநேயத்தின் தனித்த சாட்சியாளர்"" என்று கூறினார்","மத ப்ப ற்று   இல்லாத   பெ ற்றோ ர் களால்   வளர் க்கப்பட்ட   தன்   தா யை   அவர்   வர் ணி க்கும் போது,   "" மத ப்ப ற்று   இல்லாத வர் ""   என்றா லும்   பல   வித ங்களில்   "" நான்   அறி ந்த வர் களி லேயே   ஆன் மீ க   ரீதியாக ""   மிக த்   "" தெளி ந்த வர் ""   மற்றும்   "" மத ச்சார் ப ற்ற   மனித நே ய த்தின்   தனி த்த   சா ட்சி யாளர் ""   என்று   கூறி னார்",68
1051,"""உலகியல் அறிவை வணங்கி வழிபடுங்கள் அதேவேளை அந்த அனைத்து அறிவு குறித்தும் பிரம்மன் பெயரில் சிந்தனை செலுத்துங்கள்"" என்று உபநிடதத்தின் பகுதி 7",""" உல கி யல்   அறி வை   வண ங்கி   வழி படு ங்கள்   அதே வேளை   அந்த   அனைத்து   அறிவு   குறித்து ம்   பிர ம் மன்   பெயரில்   சி ந்த னை   செலுத்து ங்கள் ""   என்று   உ ப நி ட த த்தின்   பகுதி   7",37
1052,1இல் சனத்குமரன் உரைக்கிறார்,1இல்   சன த் கு மர ன்   உரை க்கிறா ர்,9
1053,இந்த மந்திரங்கள் தைத்திரிய உபநிடதத்தின் சிக்ஷவல்லி I,இந்த   ம ந்திர ங்கள்   தை த்தி ரிய   உ ப நி ட த த்தின்   சி க்ஷ வ ல்லி   I,18
1054,11,11,1
1055,"2 பகுதியில் உள்ளவை, அவை மாத்ருதேவோ பவா, மித்ரதேவோ பவா, பித்ருதேவோ பவா, புத்ரதேவோ பவா, ஆச்சாரியதேவோ பவா, அதித்திதேவோ பவா எனக் கூறுகிறது","2   பகுதியில்   உள்ள வை ,   அவை   மா த் ரு தே வோ   ப வா ,   மி த் ர தே வோ   ப வா ,   பி த் ரு தே வோ   ப வா ,   பு த் ர தே வோ   ப வா ,   ஆ ச்சா ரிய தே வோ   ப வா ,   அதி த்தி தே வோ   ப வா   என க்   கூறு கிறது",56
1056,"இந்தியா முதல் முறையாக 1920இல் தனது தேசிய அணியை ஒலிம்பிக் போட்டிகளுக்கு அனுப்பியது, அதுமுதல் இந்தியா ஒவ்வொரு கோடைகால ஒலிம்பிக் போட்டிகளிலும் பங்கேற்றுள்ளது","இந்தியா   முதல்   முறையாக   19 20 இல்   தனது   தேசிய   அணி யை   ஒலிம்பிக்   போட்டி களுக்கு   அனு ப்பிய து,   அது முதல்   இந்தியா   ஒவ்வொரு   கோடை கால   ஒலிம்பிக்   போட்டி களிலும்   பங்கே ற்று ள்ள து",29
1057,"நீளத் துப்பாக்கி (ஏர் ரைஃபிள்), கைத் துப்பாக்கி (ஏர் பிஸ்டல்) என இரு வடிவங்களிலும் ஏர் கன் கிடைக்கிறது","நீள த்   துப்பாக்கி   ( ஏ ர்   ரைஃ பிள் ),   கை த்   துப்பாக்கி   ( ஏ ர்   பி ஸ் டல் )   என   இரு   வடிவ ங்களிலும்   ஏ ர்   கன்   கிடை க்கிற து",29
1058,"முன்பு மில்கா சிங் மட்டுமே காமன்வெல்த் போட்டிகளில் தனிநபர் விளையாட்டுக்கு தங்கப் பதக்கம் வென்ற ஒரே வீரராக இருந்தார், எனினும் 2010 காமன்வெல்த் போட்டிகளில் கிருஷ்ணா புனியா பெண்களுக்கான வட்டு எறிதலில் வென்று 52 ஆண்டுகளுக்குப் பிறகு இந்தியாவுக்குத் தங்கப் பதக்கம் பெற்றுத்தந்ததன் மூலமும் காமன்வெல்த் போட்டிகளின் தடகள விளையாட்டில் தங்கம் வென்ற முதல் பெண்மணியாகத் திகழ்ந்ததன் மூலமும் வரலாறு படைத்தார்","முன்பு   மில் கா   சிங்   மட்டுமே   கா மன் வெ ல் த்   போட்டிகளில்   தனி நபர்   விளையாட்டு க்கு   தங்க ப்   பத க்கம்   வென்ற   ஒரே   வீர ராக   இருந்தா ர்,   எனினும்   2010   கா மன் வெ ல் த்   போட்டிகளில்   கிருஷ் ணா   பு னியா   பெண் களுக்கான   வ ட்டு   எ றி தலில்   வெ ன்று   5 2   ஆண்டுகளுக்கு ப்   பிறகு   இந்தியா வுக்கு த்   தங்க ப்   பத க்கம்   பெற்று த்த ந்த தன்   மூல மும்   கா மன் வெ ல் த்   போட்டி களின்   த டக ள   விளையா ட்டில்   தங்க ம்   வென்ற   முதல்   பெண் மணி யாக த்   தி கழ் ந்த தன்   மூல மும்   வரலா று   படை த்தா ர்",95
1059,"ராபர்ட் பாபி ஜார்ஜை அஞ்சு மணந்துள்ளார், அவர் முன்னாள் தேசிய ட்ரிபில் ஜம்ப் நாயகனும் அஞ்சுவின் பயிற்சியாளரும் ஆவார்","ரா பர் ட்   பா பி   ஜா ர் ஜை   அ ஞ்சு   மண ந்து ள்ளா ர்,   அவர்   முன்னாள்   தேசிய   ட் ரி பில்   ஜம் ப்   நாய க னும்   அ ஞ்சு வின்   பயிற்சி யாள ரும்   ஆ வார்",33
1060,வினாடிக்கு 2,வி னா டி க்கு   2,5
1061,0 மீட்டரை விட வேகமான பின்காற்றுச் சூழ்நிலையில் நிகழ்த்தப்படும் எவ்வொரு சாதனையும் சாதனையாகக் கருதப்படாது,0   மீட்ட ரை   விட   வேக மான   பின் காற்று ச்   சூழ் நிலையில்   நிகழ் த்த ப்படும்   எவ் வொரு   சாதனை யும்   சாதனை யாக க்   கருத ப்படா து,24
1062,"1 ஜனவரி 2010 அன்றைய நிலவரப்படி, ஆண்கள் இடுப்பிலிருந்து முழங்கால் வரையுள்ள நீச்சலுடையே அணியலாம்","1   ஜனவரி   2010   அன் றைய   நிலவர ப்படி,   ஆண் கள்   இ டு ப்பி லிருந்து   மு ழ ங்கா ல்   வரை யுள்ள   நீ ச்ச லு டையே   அணி ய லாம்",26
1063,"பிரிஸ்டல் பியர்ஸ் (ரக்பி யூனியன்), கிளாசெஸ்டர்ஷயர் கவுண்டி கிரிக்கெட் கிளப் ஆகியவையும் இந்நகரத்தில் தான் அமைந்துள்ளன","பிரி ஸ் டல்   பி யர் ஸ்   ( ர க் பி   யூனியன் ),   கி ளா செ ஸ் டர் ஷ யர்   கவு ண்டி   கிரிக்கெட்   கி ள ப்   ஆகியவை யும்   இந் நகர த்தில்   தான்   அமைந்துள்ள ன",33
1064,"2014இல், சிங்கப்பூர் டேபிள் டென்னிஸ் சங்கத்தின் தலைவர் லீ பீ வா இந்தப் பிரச்சினை காரணமாக ராஜினாமா செய்தார், அவரை அடுத்துவந்த எலன் லீ பின்னர் சீனாவில் பிறந்த மிதிப் படகோட்டி ஜெங் ஜியானின் குடியுரிமை விண்ணப்பத்திற்கு ஆதரவளித்தார்","2014 இல்,   சிங்க ப்பூ ர்   டே பிள்   டெ ன் னி ஸ்   சங்க த்தின்   தலை வர்   லீ   பீ   வா   இந்த ப்   பிர ச்சி னை   காரணமாக   ரா ஜி னா மா   செய்தா ர்,   அவரை   அ டு த்துவ ந்த   எ ல ன்   லீ   பின்னர்   சீ னா வில்   பிறந்த   மி தி ப்   பட கோ ட்டி   ஜெ ங்   ஜி யா னின்   குடி யு ரிமை   வி ண்ண ப்ப த்திற்கு   ஆதர வளி த்தா ர்",66
1065,"1920கள் முதல் தொழில்முறை பொறியியலாளர்கள் வில்வித்தையில் ஆர்வம் காட்டி வருகின்றனர், முன்பு இது பிரத்யேகமாக பாரம்பரியக் கைவினைக் கலை நிபுணர்களின் புலமாக இருந்தது","19 20 கள்   முதல்   தொழில்முறை   பொ றி யி ய லா ளர்கள்   வில் வி த்தை யில்   ஆர்வ ம்   காட்டி   வரு கின்ற னர்,   முன்பு   இது   பிர த் யே கமாக   பாரம்பரிய க்   கை வினை க்   கலை   நி பு ண ர்களின்   பு ல மாக   இருந்த து",42
1066,"யுவான் மானுவேல் ஃபான்ஜியோ நான்கு வெவ்வேறு அணிகளில் அங்கம்வகித்து ஐந்து முறை ஃபார்முலா ஒன் உலகச் சாம்பியனாகத் திகழ்ந்துள்ளார், அவர் பங்கெடுத்த 184 சர்வதேசப் போட்டிகளுள் 102இல் வெற்றி பெற்று ஒட்டுமொத்தமாக மிக அற்புதமான ஓட்டுனர் என்ற தரவரிசையில் பரவலாக இடம்பெற்றுள்ளார்","யு வான்   மா னு வே ல்   ஃ பா ன் ஜி யோ   நான்கு   வெவ்வேறு   அணி களில்   அ ங்க ம் வகி த்து   ஐந்து   முறை   ஃ பார் மு லா   ஒன்   உலக ச்   சாம்பி ய னாக த்   தி கழ் ந்து ள்ளா ர்,   அவர்   ப ங் கெ டுத்த   18 4   சர்வதேச ப்   போட்டி களு ள்   10 2இல்   வெற்றி   பெற்று   ஒட்டு மொத்த மாக   மிக   அ ற்பு தமான   ஓ ட்டு னர்   என்ற   தர வரிசை யில்   பரவலாக   இடம் பெற்று ள்ளா ர்",73
1067,இந்தியாவில் பத்து ஆண்டுகளுக்குள் பெய்ட்டன் கோப்பை மற்றும் அகா கான் போட்டிகள் தொடங்கிவிட்டன,இந்தியாவில்   பத்து   ஆண்டுகளுக்கு ள்   பெ ய் ட்ட ன்   கோப்பை   மற்றும்   அ கா   கான்   போட்டிகள்   தொடங்கி விட்ட ன,17
1068,2012 மே மாதம் துருக்கியின் அன்டால்யாவில் தீபிகா குமாரி முதல் முறையாக உலகக் கோப்பை தனிநபர் நிலை வில்வளைவுப் பிரிவில் தங்கப் பதக்கம் வென்றார்,2012   மே   மாதம்   துரு க்கி யின்   அன் டா ல் யா வில்   தீ பி கா   குமா ரி   முதல்   முறையாக   உலக க்   கோப்பை   தனி நபர்   நிலை   வில் வளை வு ப்   பிரி வில்   தங்க ப்   பத க்கம்   வெ ன்றா ர்,37
1069,கடந்த இரண்டு ஆண்டுகளாக தனக்குச் சம்பளம் வழங்கப்படவில்லை என்றும் அதற்கடுத்து வந்த போட்டிகளுக்கான விடுப்புகளுக்கும் ஆணையம் உரிய அங்கீகாரம் அளிக்கவில்லை என்றும் அவர் கூறினார்,கடந்த   இரண்டு   ஆண்டு களாக   தன க்கு ச்   சம்ப ளம்   வழங்க ப்பட வில்லை   என்றும்   அ தற் க டுத்து   வந்த   போட்டி களுக்கான   விடு ப்பு களுக்கும்   ஆணை யம்   உ ரிய   அங்கீ கா ரம்   அளி க்க வில்லை   என்றும்   அவர்   கூறி னார்,37
1070,"அணி வீரர்கள் தங்கள் உடற்கட்டு, தோற்றம் மற்றும் ஆளுமையின் அடிப்படையில் மதிப்பெண்கள் பெற்றனர்","அணி   வீரர்கள்   தங்கள்   உட ற்க ட்டு ,   தோ ற்றம்   மற்றும்   ஆளு மை யின்   அடிப்படையில்   மதி ப்பெ ண் கள்   பெற்ற னர்",20
1071,"அசோக் குமார் வெற்றி கோல் அடித்து, உலகக் கோப்பையில் இந்தியாவுக்குக் கிடைத்த ஒரே வெற்றியைப் பெற்றுத்தந்தார்","அசோ க்   குமார்   வெற்றி   கோல்   அடி த்து,   உலக க்   கோப்பை யில்   இந்தியா வுக்கு க்   கிடை த்த   ஒரே   வெற்றி யை ப்   பெற்று த்த ந்தா ர்",24
1072,"2014 காமன்வெல்த் போட்டிகளில் 55 கிலோ மகளிர் ஃப்ரீஸ்டைல் பிரிவின் காலிறுதிப் போட்டியில் பபிதாவுடன் போட்டிபோட்ட முதல் வீராங்கனை ஸ்காட்லாந்தின் கேத்ரின் மார்ஷ், அவரை பபிதா 92, 40 (வகைப்படுத்தல் புள்ளிகள் 4:1) என்ற கணக்கில் தோற்கடித்தார்","2014   கா மன் வெ ல் த்   போட்டிகளில்   5 5   கிலோ   ம களி ர்   ஃப் ரீ ஸ் டை ல்   பிரி வின்   கா லி றுதி ப்   போட்டியில்   ப பி தா வுடன்   போட்டி போ ட்ட   முதல்   வீ ரா ங்க னை   ஸ் காட் லாந்தி ன்   கே த் ரின்   மார் ஷ் ,   அவரை   ப பி தா   9 2,   40   ( வகை ப்படுத்த ல்   புள்ளி கள்   4 : 1 )   என்ற   கணக்கில்   தோற்கடி த்தா ர்",69
1073,2015 காமன்வெல்த் கராத்தே போட்டிகள் இந்தியாவின் தில்லியில் நடைபெற்றது,201 5   கா மன் வெ ல் த்   கரா த்தே   போட்டிகள்   இந்தியாவின்   தில்லியில்   நடைபெற்ற து,14
1074,"எறியும் தடகள விளையாட்டுச் சாதனங்களின் எடை ஆண்களுக்கும் பெண்களுக்கும் வேறுபடுகின்றன: ஆண்களுக்கான ஈட்டி எறிதல் எடை 800 கிராம், ஆனால் அது பெண்களுக்கு 600 கிராம்; ஆண்களுக்கான எடை எறிதல் 35 பவுண்டு, அதுவே பெண்களுக்கு 20 பவுண்டு; ஆண்களுக்கான வட்டு எறிதல் 2 கிலோ, அது பெண்களுக்கு 1 கிலோ; ஆண்களுக்கான ஷாட்புட் 16 பவுண்டு, அதுவே பெண்களுக்கு 8 பவுண்டு; மற்றும் ஆண்களுக்கான ஹேமர் த்ரோ 16 பவுண்டு, ஆனால் அது பெண்களுக்கு 8 பவுண்டு","எ றி யும்   த டக ள   விளையாட்டு ச்   சா தன ங்களின்   எ டை   ஆண் களுக்கும்   பெண் களுக்கும்   வேறு படு கின்றன :   ஆண் களுக்கான   ஈ ட்டி   எ றி தல்   எ டை   8 00   கிரா ம்,   ஆனால்   அது   பெண் களுக்கு   6 00   கி ராம் ;   ஆண் களுக்கான   எ டை   எ றி தல்   35   ப வு ண்டு ,   அது வே   பெண் களுக்கு   20   ப வு ண்டு ;   ஆண் களுக்கான   வ ட்டு   எ றி தல்   2   கிலோ ,   அது   பெண் களுக்கு   1   கிலோ ;   ஆண் களுக்கான   ஷா ட் பு ட்   16   ப வு ண்டு ,   அது வே   பெண் களுக்கு   8   ப வு ண்டு ;   மற்றும்   ஆண் களுக்கான   ஹே மர்   த் ரோ   16   ப வு ண்டு ,   ஆனால்   அது   பெண் களுக்கு   8   ப வு ண்டு",120
1075,"2009இல், நல்ல வருமானமுள்ள குஜராத் கிரிக்கெட் சங்கத்துக்கு (ஜிசிஏ) மோடி தலைவராக இருந்தபோது, இவர் அதன் துணைத் தலைவரானார்","200 9 இல்,   நல்ல   வருமான முள்ள   குஜராத்   கிரிக்கெட்   சங்க த்துக்கு   ( ஜி சி ஏ )   மோ டி   தலை வராக   இருந்த போது,   இவர்   அதன்   துணை த்   தலை வரா னார்",28
1076,"இதன் மற்றொரு வடிவம் ரிலே ட்ரயத்லான், இதில் போட்டிபோடும் அந்தந்த அணிகளைச் சேர்ந்த ஒவ்வொருவரும் ஒன்றன்பின் ஒன்றாக போட்டியில் பங்கெடுத்து சிறிது தூரம் நீச்சல், சைக்கிள் ஒட்டுதல், ஓட்டம் ஆகியவற்றை அடுத்தடுத்து மேற்கொள்ள வேண்டும்","இதன்   மற்றொரு   வடிவ ம்   ரி லே   ட் ர ய த் லா ன்,   இதில்   போட்டி போ டும்   அந்த ந்த   அணி களை ச்   சேர்ந்த   ஒவ்வொரு வரும்   ஒ ன்ற ன் பின்   ஒன்றாக   போட்டியில்   ப ங் கெ டுத்து   சிறிது   தூ ரம்   நீ ச்ச ல்,   சைக்கி ள்   ஒட்டு தல்,   ஓ ட்டம்   ஆகியவற்றை   அடுத்த டுத்து   மேற்கொள்ள   வேண்டும்",51
1077,"ஐசிசி விதிகளின் படி, சர்வதேச ஒருநாள் போட்டியில் இரண்டாவது பேட்டிங் செய்யும் அணிக்கு 25 ஓவர்கள் பந்து வீசப்பட்ட பிறகே அந்த ஆட்டம் அதிகாரபூர்வமானதாகக் கருதப்படும்","ஐ சி சி   விதி களின்   படி,   சர்வதேச   ஒரு நாள்   போட்டியில்   இரண்டாவது   பே ட்டி ங்   செய்யும்   அணி க்கு   25   ஓ வர்கள்   பந்து   வீ ச ப்பட்ட   பிற கே   அந்த   ஆ ட்டம்   அதிகார பூ ர்வ மான தாக க்   கருத ப்படும்",37
1078,"ரிசர்வ் நாளில் இலங்கை அணி மீண்டும் முதலில் பேட்டிங் செய்து 222 ரன்கள் அடித்தது, அதில் மஹேளா ஜெயவர்தனேயும் ரஸ்ஸல் அர்னால்டும் முறையே 77 மற்றும் 56 ரன்கள் எடுத்தனர், இந்திய அணியில் ஜஹீர் கான் 44 ரன்களுக்கு மூன்று விக்கெட்களை எடுத்தார்","ரி சர் வ்   நா ளில்   இல ங்கை   அணி   மீண்டும்   முதலில்   பே ட்டி ங்   செய்து   22 2   ரன் கள்   அடி த்த து,   அதில்   ம ஹே ளா   ஜெய வர் த னே யும்   ரஸ் ஸ ல்   அர் னால் டும்   முறை யே   7 7   மற்றும்   5 6   ரன் கள்   எ டுத்த னர்,   இந்திய   அணி யில்   ஜ ஹீ ர்   கான்   4 4   ரன் களுக்கு   மூன்று   வி க்கெட் களை   எடு த்தா ர்",66
1079,"சீனியர் சர்கியூட்டை பொறுத்தவரை, மிர்சா 2001 ஏப்ரலில் ஐடிஎஃப் சர்கியூட்டில் 15 வயது யுவதியாகக் காலெடுத்து வைத்தது முதலே வெற்றிகளை ஈட்டத் தொடங்கினார்","சீ னி யர்   சர் கி யூ ட்டை   பொறு த்த வரை,   மிர் சா   200 1   ஏப்ர லில்   ஐ டி எஃப்   சர் கி யூ ட்டில்   15   வயது   யு வ தியாக க்   கா லெ டுத்து   வை த்த து   முத லே   வெற்றி களை   ஈ ட்ட த்   தொடங்கி னார்",44
1080,"சிடபிள்யூசி லீக் 2இன் முதலிடத்தில் உள்ள அணி 13ஆம் இடத்தில் உள்ள அணியை விட 2023 கிரிக்கெட் உலகக் கோப்பைத் தகுதிப் போட்டிகளின் முடிவில் அதிக பாயின்ட்கள் எடுத்திருந்தால் அடுத்த 2020-2023 ஐசிசி கிரிக்கெட் உலகக் கோப்பை சூப்பர் லீகிற்கு முந்தைய அணி தகுதிபெற்று முன்னேறும், பிந்தைய அணி வெளியேற்றப்படும் என்று முதலில் திட்டமிடப்பட்டது","சி ட பிள் யூ சி   லீக்   2 இன்   முத லிட த்தில்   உள்ள   அணி   13 ஆம்   இடத்தில்   உள்ள   அணி யை   விட   20 23   கிரிக்கெட்   உலக க்   கோப்பை த்   தகுதி ப்   போட்டி களின்   முடி வில்   அதிக   பா யின் ட் கள்   எடு த்திரு ந்தால்   அடுத்த   20 20 - 20 23   ஐ சி சி   கிரிக்கெட்   உலக க்   கோப்பை   சூ ப்பர்   லீ கி ற்கு   முந்தைய   அணி   தகுதி பெற்று   முன்னே று ம்,   பி ந்தைய   அணி   வெளியே ற்ற ப்படும்   என்று   முதலில்   திட்டமிட ப்பட்ட து",77
1081,அவர் சாகெத் மைனேனியுடன் ஜோடி சேர்ந்து சீனாவின் சியன் யின் பெங் மற்றும் சான் ஹாவ்-சிங் ஜோடியைத் தோற்கடித்து கலப்பு இரட்டையர் போட்டியில் தங்கம் வென்றார்,அவர்   சா கெ த்   மை னே னி யுடன்   ஜோ டி   சேர்ந்து   சீ னாவின்   சிய ன்   யின்   பெ ங்   மற்றும்   சா ன்   ஹா வ் - சிங்   ஜோ டி யை த்   தோற்கடி த்து   கல ப்பு   இர ட்டை யர்   போட்டியில்   தங்க ம்   வெ ன்றா ர்,42
1082,"செமன்யாவின் தேசத்தவர் அவரைச்சுற்றி அணிதிரண்டு அவரது கண்ணியம், உரிமைகள் மற்றும் விளையாட்டுலக அந்தஸ்தை காக்க முனைந்தனர்","செ மன் யா வின்   தேச த்த வர்   அவரை ச்சுற்றி   அணி தி ர ண்டு   அவரது   கண் ணி ய ம்,   உரிமை கள்   மற்றும்   விளையாட்டு ல க   அந்த ஸ் தை   கா க்க   முனை ந்த னர்",32
1083,"2005இல் அவர் ஐந்து கண்டங்களில் உள்ள கடல் கால்வாய்களில் நீந்திச்சென்ற முதல் பெண்மணியாகத் திகழ்ந்தார், அவற்றில் ஜிப்ரால்டர் ஜலசந்தி, டைரேனியன் கடல், குக் ஜலசந்தி, கிரீஸில் உள்ள டோரோனியஸ் வளைகுடா (கஸ்ஸாந்திரா வளைகுடா), கலிஃபோர்னியா கடலோரம் உள்ள கேடலினா கால்வாய், தென்னாப்பிரிக்காவில் திரீ ஆங்கர் பே முதல் கேப் டவுன் அருகேயுள்ள ராபன் தீவு வரையிலான பகுதி ஆகியவை அடங்கும்","200 5இல்   அவர்   ஐந்து   கண்ட ங்களில்   உள்ள   கடல்   கால் வாய் களில்   நீ ந்தி ச்சென்ற   முதல்   பெண் மணி யாக த்   தி கழ் ந்தார்,   அவற்றில்   ஜி ப் ரால் டர்   ஜ ல சந்தி ,   டை ரே னி யன்   கட ல்,   கு க்   ஜ ல சந்தி ,   கி ரீ ஸில்   உள்ள   டோ ரோ னிய ஸ்   வளை குடா   ( க ஸ் ஸா ந்தி ரா   வளை குடா ),   க லிஃ போர் னியா   கடலோ ரம்   உள்ள   கே ட லி னா   கால் வாய் ,   தென் னா ப்பிரி க்கா வில்   தி ரீ   ஆ ங்க ர்   பே   முதல்   கே ப்   ட வு ன்   அருகே யுள்ள   ரா பன்   தீவு   வரையிலான   பகுதி   ஆகியவை   அடங்கு ம்",103
1084,ஒரே மாநில அணிக்கு தேசிய சாம்பியன்ஷிப் போட்டிகளின் முதுநிலையில் அதிகபட்சப் பதக்கங்களை வென்றவர் என்ற தேசியச் சாதனையை அவர் பெற்றுள்ளார்,ஒரே   மாநில   அணி க்கு   தேசிய   சாம்பியன்ஷி ப்   போட்டி களின்   மு து நிலையில்   அதிகபட்ச ப்   பத க்க ங்களை   வென்ற வர்   என்ற   தேசிய ச்   சாதனை யை   அவர்   பெற்று ள்ளா ர்,28
1085,"அவர், முறையே ஒரு காமன்வெல்த் போட்டிகளிலும் (2006) இரண்டு ஆசிய விளையாட்டுப் போட்டிகளிலும் (2010, 2014) தேசிய அணிக்குத் தலைமைதாங்கிய முதல் இந்திய கூடைப்பந்து வீராங்கனையாக விளங்குகிறார்","அவர் ,   முறை யே   ஒரு   கா மன் வெ ல் த்   போட்டி களிலும்   ( 200 6 )   இரண்டு   ஆசிய   விளையாட்டு ப்   போட்டி களிலும்   ( 2010 ,   2014 )   தேசிய   அணி க்கு த்   தலைமை தா ங்கிய   முதல்   இந்திய   கூ டை ப்பந்து   வீ ரா ங்க னை யாக   விளங்கு கிறா ர்",47
1086,இதற்கிடையில் லாஹிரி இரண்டு ஐரோப்பிய சுற்றுப்பயண வெற்றிகளையும் ஏழு ஆசிய சுற்றுப்பயண வெற்றிகளையும் பெற்றுள்ளார்,இ தற் கிடை யில்   லா ஹி ரி   இரண்டு   ஐரோ ப்பிய   சுற்று ப்பய ண   வெற்றி களையும்   ஏழு   ஆசிய   சுற்று ப்பய ண   வெற்றி களையும்   பெற்று ள்ளா ர்,25
1087,தென் கொரியாவின் பூசானில் நடைபெற்ற 2002 ஆசிய விளையாட்டுகளில் வெள்ளிப் பதக்கம் வென்றபோது அவர் பிரபலமடைந்தார்,தென்   கொ ரியா வின்   பூ சா னில்   நடைபெற்ற   200 2   ஆசிய   விளையாட்டு களில்   வெ ள்ளி ப்   பத க்கம்   வென்ற போது   அவர்   பிரபல மடை ந்தா ர்,25
1088,"ஒட்டுமொத்தமாக இந்நான்கு நிகழ்வுகளை மேஜர்ஸ் அல்லது ஸ்லாம்ஸ் என்று அழைக்கின்றனர் (இது பிரிட்ஜ் ஆட்டத்திலிருந்து பெறப்பட்ட ஓர் இரவல் சொல், பேஸ்பாலிலிருந்தது பெற்றது அல்ல)","ஒட்டு மொத்த மாக   இந் நான்கு   நிகழ் வுகளை   மே ஜ ர் ஸ்   அல்லது   ஸ் லாம் ஸ்   என்று   அழை க்கின்ற னர்   ( இது   பிரி ட் ஜ்   ஆட்ட த்திலிருந்து   பெற ப்பட்ட   ஓர்   இர வல்   சொ ல்,   பே ஸ் பாலி லி ருந்த து   பெற்ற து   அல்ல )",43
1089,"அரங்கைச் சுற்றி எட்டு முன்னாள் ஆஸ்திரேலிய ஒலிம்பிக் வெற்றி வீரர்கள் ஒலிம்பிக் கொடியை ஏந்திக்கொண்டு வளம்வந்தனர், அவர்கள் பில் ராய்கிராஃப்ட், முர்ரே ரோஸ், லியான் டூத், ஜில்லியன் ரால்டன், மார்ஜரி ஜேக்ஸன், லொராயின் க்ராப், மைக்கேல் வெண்டன் மற்றும் நிக் கிரீன் ஆவர்","அர ங்கை ச்   சு ற்றி   எட்டு   முன்னாள்   ஆஸ்திரே லிய   ஒலிம்பிக்   வெற்றி   வீரர்கள்   ஒலிம்பிக்   கொ டி யை   ஏ ந்தி க்கொண்டு   வள ம் வந்த னர்,   அவர்கள்   பில்   ராய் கி ராஃ ப் ட்,   மு ர் ரே   ரோ ஸ்,   லியா ன்   டூ த் ,   ஜி ல்லி யன்   ரால் டன் ,   மார் ஜ ரி   ஜே க் ஸ ன்,   லொ ரா யின்   க்ரா ப் ,   மை க்கே ல்   வெ ண் டன்   மற்றும்   நி க்   கி ரீ ன்   ஆ வர்",73
1090,"சிட்னி ஓபரா ஹவுஸின் சூழலில் நடந்த அந்த விளையாட்டில் சுவிட்சர்லாந்தைச் சேர்ந்த பிரிஜிட் மெக்மஹோன் நீச்சலும் சைக்கிளிங்கும் ஓட்டமும் மேற்கொண்டு முதல் தங்கப் பதக்கத்தைத் தட்டிச்சென்றார், அதில் வெள்ளிப் பதக்கம் வென்ற மிஷெலி ஜோன்ஸ் போன்ற உள்நாட்டு ஆதரவுபெற்ற வீரர்களை அவர் தோற்கடித்தார்","சி ட் னி   ஓ பரா   ஹ வு ஸின்   சூழ லில்   நடந்த   அந்த   விளையா ட்டில்   சு வி ட் சர் லா ந்தை ச்   சேர்ந்த   பிரி ஜி ட்   மெ க் ம ஹோ ன்   நீ ச்ச லும்   சைக்கி ளி ங்கும்   ஓ ட்ட மும்   மேற் கொண்டு   முதல்   தங்க ப்   பத க்கத்தை த்   த ட்டி ச்செ ன்றா ர்,   அதில்   வெ ள்ளி ப்   பத க்கம்   வென்ற   மி ஷெ லி   ஜோ ன்ஸ்   போன்ற   உள்நாட்டு   ஆதர வு பெற்ற   வீரர் களை   அவர்   தோற்கடி த்தா ர்",75
1091,ஒலிம்பிக்கில் முதல் முறையாக ட்ரையத்லான் பெண்களுக்கான போட்டியாக நடைபெற்றது,ஒலிம்பி க்கில்   முதல்   முறையாக   ட் ரை ய த் லா ன்   பெண் களுக்கான   போட்டி யாக   நடைபெற்ற து,16
1092,"நிஜ வாழ்வில் ""குட்டிநாராயணன்"" என்று அழைக்கப்பட்ட இந்த யானை ஏழு வயதில் ஒரு கழிவுநீர் தொட்டிக்குள் அடியெடுத்து வைத்ததால் அதற்குக் காலில் எலும்பு முறிவு ஏற்பட்டது","நி ஜ   வாழ் வில்   "" கு ட்டி நாராய ண ன் ""   என்று   அழை க்கப்பட்ட   இந்த   யானை   ஏழு   வய தில்   ஒரு   கழி வு நீர்   தொ ட்டி க்குள்   அடி யெ டுத்து   வை த்த தால்   அதற்கு க்   கா லில்   எ லும் பு   மு றி வு   ஏற்பட்ட து",44
1093,"இந்த முன்வடிவு 1875இல் இன்றைய ஆடுகள வடிவத்திற்கு மாற்றியமைக்கப்பட்டது, அதில் விங்ஃபீல்டின் வடிவமைப்பு போன்றே கோடுகள் குறிக்கப்பட்டிருந்தன, எனினும் ஆடுகளம் அவரது கடிகாரக் குடுவை வடிவத்துக்குப் பதிலாக செவ்வக வடிவில் மாற்றம் பெற்றிருந்தது","இந்த   முன் வடி வு   18 7 5இல்   இன்றைய   ஆ டு கள   வடிவ த்திற்கு   மாற்றிய மை க்கப்பட்ட து,   அதில்   வி ங்ஃ பீ ல் டி ன்   வடிவ மைப்பு   போ ன் றே   கோ டுகள்   குறி க்க ப்பட்டி ருந்த ன,   எனினும்   ஆ டு க ளம்   அவரது   கடி கார க்   கு டு வை   வடிவ த்துக்கு ப்   பதி லாக   செ வ் வ க   வடி வில்   மாற்ற ம்   பெற்றி ருந்த து",64
1094,"சிறுதூர ஓட்டப் பந்தயங்களில் ஐக்கிய அமெரிக்கா ஆதிக்கம் செலுத்தியது, அதற்கு இணையாக நெடுந்தூர ஓட்டப் பந்தயங்களில் ஐக்கிய ராஜ்யம் ஆதிக்கம் செலுத்தியது","சிறு தூர   ஓ ட்ட ப்   பந்த ய ங்களில்   ஐ க்கிய   அமெரிக்கா   ஆதி க்கம்   செலு த்திய து,   அதற்கு   இணை யாக   நெடு ந் தூர   ஓ ட்ட ப்   பந்த ய ங்களில்   ஐ க்கிய   ராஜ் யம்   ஆதி க்கம்   செலு த்திய து",37
1095,"இவர் இரண்டாம் சுற்றில் ஆன் கியோதவாங்கை தோற்கடித்து கால் இறுதிக்கு முன்னேறினார், பிறகு அதில் சியே சு-வேயிடம் தோற்றுப் போனார்","இவர்   இரண்டாம்   சு ற்றில்   ஆன்   கி யோ த வா ங்கை   தோற்கடி த்து   கால்   இறுதி க்கு   முன்னே றி னார்,   பிறகு   அதில்   சி யே   சு - வே யிடம்   தோ ற்று ப்   போ னார்",31
1096,"இந்த விளையாட்டை பிற பிரெஞ்சுக் கலைஞர்களும் தங்களது படைப்புகளில் சேர்த்துள்ளனர், அவற்றில் ஆல்பர்ட் கிளெய்சஸின் லெஸ் யூவெர்ஸ் டி ஃபுட்பால் (1912), ராபர்ட் டெலானேயின் ஃபுட்பால் லா'எக்விப் டி கார்டிஃப் (1916), ஆந்த்ரெ லோத்தேயின் பார்ட்டி டி ரக்பி (1917) ஆகியவை அடங்கும்","இந்த   விளையாட்டை   பிற   பி ரெ ஞ்சு க்   கலை ஞர் களும்   தங்க ளது   படை ப்பு களில்   சேர்த்து ள்ள னர்,   அவற்றில்   ஆல் பர் ட்   கி ளெ ய் ச ஸின்   லெ ஸ்   யூ வெ ர் ஸ்   டி   ஃ பு ட் பால்   ( 19 12 ),   ரா பர் ட்   டெ லா னே யின்   ஃ பு ட் பால்   லா ' எ க் வி ப்   டி   கார் டிஃ ப்   ( 19 16 ),   ஆ ந்த் ரெ   லோ த்தே யின்   பார் ட்டி   டி   ர க் பி   ( 19 17 )   ஆகியவை   அடங்கு ம்",86
1097,"இந்தப் பகுதியில் மற்ற இந்திய உணவு வகைகளும் கிடைக்கின்றன என்றபோதிலும், தெருக் கடைகளில் வட இந்திய உணவுகள் குறிப்பாக வைக்கப்பட்டுள்ளன","இந்த ப்   பகுதியில்   மற்ற   இந்திய   உணவு   வகை களும்   கிடை க்கின்ற ன   என்ற போதிலும்,   தெ ரு க்   கடை களில்   வட   இந்திய   உண வுகள்   குறிப்பாக   வை க்கப்பட்டுள்ள ன",26
1098,"பக்கூவின் பண்பாட்டுத் தலங்களில் அசர்பைஜான் ஸ்டேட் ஃபில்ஹார்மோனிக் ஹால், அசர்பைஜான் ஸ்டேட் அகாடமிக் ஓபரா, பாலே தியேட்டர் ஆகியவையும் அடங்கும்","ப க்கூ வின்   பண் பாட்டு த்   த ல ங்களில்   அ சர் பை ஜா ன்   ஸ் டே ட்   ஃபி ல் ஹா ர் மோ னி க்   ஹா ல்,   அ சர் பை ஜா ன்   ஸ் டே ட்   அ கா டமி க்   ஓ பரா ,   பா லே   தி யே ட்டர்   ஆகியவை யும்   அடங்கு ம்",50
1099,"வனுவாட்டு மற்றும் சாலமன் தீவுகளிலும் கண்கவர் இயற்கைத் தலங்களுக்குக் குறைவில்லை, எனினும் இவ்விரண்டு நாடுகளுக்கும் சுற்றுலாப் பயணிகளின் வருகை நிகரளவில் குறைவே என்பதால் இப்பகுதிகளின் முக்கிய சுற்றுலாத் தலங்களுக்கு பல சந்தர்ப்பங்களில் உரிய முக்கியத்துவம் கொடுக்கப்படுவதில்லை","வ னு வா ட்டு   மற்றும்   சா ல மன்   தீவு களிலும்   கண் க வர்   இயற்கை த்   த ல ங்களுக்கு க்   குறை வில்லை,   எனினும்   இவ் விர ண்டு   நாடு களுக்கும்   சுற்றுலா ப்   பயணி களின்   வருகை   நி கர ளவில்   குறை வே   என்ப தால்   இப்பகுதி களின்   முக்கிய   சுற்றுலா த்   த ல ங்களுக்கு   பல   ச ந்தர் ப்ப ங்களில்   உ ரிய   முக்கியத்துவம்   கொடு க்கப்படு வதில் லை",59
1100,"செப்டம்பர் 2016 நிலவரப்படி, ஷென்சென்-ஹாங்காங் எல்லைக்கோட்டில் ஒன்பது எல்லை தாண்டும் இடங்கள் உள்ளன, அவற்றில் ஆறு இடங்கள் நிலவழி இணைப்புகளாகும்","செப்டம்பர்   2016   நிலவர ப்படி,   ஷெ ன் சென் - ஹா ங்கா ங்   எல்லை க்கோ ட்டில்   ஒ ன்ப து   எல்லை   தா ண்டு ம்   இட ங்கள்   உள்ளன,   அவற்றில்   ஆறு   இட ங்கள்   நில வழி   இணை ப்பு களா கும்",34
1101,"வங்கதேச கிராமங்களில் களிமண், வைக்கோல், மரம், மூங்கில் போன்ற இயற்கைச் செய்பொருட்களாலான ஓலைக் கூரை வீடுகள் உள்ளன","வங்க தேச   கிராம ங்களில்   களி மண் ,   வை க்கோ ல்,   மர ம்,   மூ ங்கில்   போன்ற   இயற்கை ச்   செய் பொருட் களா லான   ஓ லை க்   கூ ரை   வீ டுகள்   உள்ளன",29
1102,"ஆப்பிரிக்காவின் இந்தப் பகுதியில் தான் பரிபூரண சவானா வனப் பயண அனுபவத்தைப் பெறமுடியும், இங்கே நீங்கள் லேன்ட் ரோவரில் சமவெளிகளைச் சுற்றிவந்து சிங்கங்கள், சிறுத்தைகள் மற்றும் யானைகளைக் கண்டு கழிக்கலாம்","ஆ ப்பிரி க்கா வின்   இந்த ப்   பகுதியில்   தான்   பரி பூ ரண   ச வா னா   வன ப்   பய ண   அனுப வ த்தை ப்   பெற முடி யும்,   இ ங்கே   நீங்கள்   லே ன் ட்   ரோ வரி ல்   சமவெளி களை ச்   சு ற்றி வந்து   சிங்க ங்கள்,   சிறு த்தை கள்   மற்றும்   யானை களை க்   க ண்டு   கழி க்கலாம்",53
1103,அதை ரெஜினால்ட் இன்ஸ் போகாக் 1929இல் பாந்தேரா பேரினத்தின் கீழ் சேர்த்தார்,அதை   ரெ ஜி னால் ட்   இன் ஸ்   போ கா க்   19 2 9இல்   பா ந்தே ரா   பே ரி ன த்தின்   கீழ்   சேர் த்தா ர்,24
1104,"பாலிபாராவிலிருந்து மேலும் 15 கிமீ உள்ளது - இங்கு செல்ல நீங்கள் இட்டாநகர்-பொம்டிலா பேருந்தில் போகலாம், அது சுமார் காலை 11 மணிக்கு பாலிபாரா வழியாகக் கடக்கும் மற்றும் நமேரி பேருந்து நிறுத்தத்தில் உங்களை இறக்கிவிடும் (அங்கே ""பாலுக்பாங் 22 கிமீ"" மைல்கல்லை பார்க்கலாம்), அல்லது அவ்வழியே வரும் ஏராளமான ஷேர் டாக்ஸிகளுள் ஒன்றில் விலைபேசி ஏறிக்கொண்டு நமேரி பேருந்து நிறுத்தத்தில் இறங்கிவிடலாம்","பாலி பாரா விலிருந்து   மேலும்   15   கிமீ   உள்ள து   -   இங்கு   செல்ல   நீங்கள்   இ ட்டா நகர் - பொ ம் டி லா   பே ரு ந்தி ல்   போ கலா ம்,   அது   சுமார்   கா லை   11   மணி க்கு   பாலி பாரா   வழியாக க்   கட க்கும்   மற்றும்   ந மே ரி   பே ருந்து   நிறுத்த த்தில்   உங்களை   இற க்கி வி டும்   ( அ ங்கே   "" பா லு க் பா ங்   22   கிமீ ""   மைல் கல் லை   பார்க்க லாம் ),   அல்லது   அவ் வழி யே   வரும்   ஏராளமான   ஷே ர்   டாக் ஸி களு ள்   ஒன்றி ல்   விலை பேசி   ஏ றி க்கொண்டு   ந மே ரி   பே ருந்து   நிறுத்த த்தில்   இற ங்கி விட லாம்",101
1105,"கோவாவில் இரண்டு உலகப் பாரம்பரியத் தலங்கள் உள்ளன: ஒன்று போம் ஜீசஸ் பெசிலிக்கா, மற்றொன்று ஒட்டுமொத்தமாக பழைய கோவாவின் தேவாலயங்கள் மற்றும் மடங்கள்","கோவா வில்   இரண்டு   உலக ப்   பாரம்பரிய த்   த ல ங்கள்   உள்ளன :   ஒன்று   போ ம்   ஜீ ச ஸ்   பெ சி லி க்கா ,   மற்றொ ன்று   ஒட்டு மொத்த மாக   ப ழைய   கோவா வின்   தே வா லய ங்கள்   மற்றும்   ம ட ங்கள்",40
1106,"தஹ்ரீர் சதுக்கத்தில் உள்ள மேன்மையான எகிப்திய அருங்காட்சியத்திற்குப் பதிலாக நெடுங்காலம் காத்திருந்து பிரதான மாற்றீடாக வந்துள்ளது தான் எகிப்திய மஹா அருங்காட்சியம், இங்கு மேலும் பெரியளவில் காட்சிப் பொருள்களும் சேமிப்புப் பகுதியும் பணியிட வசதிகளும் உள்ளன","த ஹ் ரீ ர்   சது க்க த்தில்   உள்ள   மே ன் மையான   எ கி ப் திய   அரு ங்கா ட்சி ய த்திற்கு ப்   பதி லாக   நெடு ங் காலம்   கா த்தி ருந்து   பிரதான   மா ற் றீ டா க   வந்து ள்ள து   தான்   எ கி ப் திய   மஹா   அரு ங்கா ட்சி ய ம்,   இங்கு   மேலும்   பெரிய ளவில்   காட்சி ப்   பொருள் களும்   சேமிப்பு ப்   பகுதி யும்   பணி யிட   வசதி களும்   உள்ளன",66
1107,"குவாலியர் நாட்டின் முக்கிய வரலாற்று மற்றும் சுற்றுலாத் தலமாகவும் இருக்கிறது, எனவே இந்நகரின் பொருளாதாரம் மீது சுற்றுலாத் துறை தாக்கம் கொண்டுள்ளது","குவா லி யர்   நாட்டின்   முக்கிய   வரலாற்று   மற்றும்   சுற்றுலா த்   த ல மாகவும்   இருக்கிற து,   எனவே   இந் நகரின்   பொருளா தா ரம்   மீது   சுற்றுலா த்   துறை   தா க்கம்   கொண்டு ள்ள து",29
1108,"புறக்காவல் முகாம் இருப்பதைக் கௌரவிக்கும் வகையில் அந்த முனைக்கு, நன்னம்பிக்கை முனை என்று பின்னர் பெயர் மாற்றப்பட்டது","புற க்கா வல்   மு கா ம்   இருப்பதை க்   கௌ ரவி க்கும்   வகையில்   அந்த   முனை க்கு ,   ந ன்ன ம்பி க்கை   முனை   என்று   பின்னர்   பெயர்   மாற்ற ப்பட்ட து",27
1109,1999இல் சுமார் 16 லட்சம் சுற்றுலாப் பயணிகள் கியூபாவிற்கு வருகைதந்து சுமார் $1,199 9இல்   சுமார்   16   ல ட்ச ம்   சுற்றுலா ப்   பயணி கள்   கி யூ பா விற்கு   வருகை த ந்து   சுமார்   $ 1,21
1110,9 பில்லியன் மொத்த வருவாயை அந்நாடு ஈட்டியுள்ளது என்று கியூபா அதிகாரிகள் மதிப்பிடுகின்றனர்,9   பி ல்லி யன்   மொத்த   வரு வா யை   அ ந் நாடு   ஈ ட்டி யுள்ள து   என்று   கி யூ பா   அதிகாரிகள்   மதி ப்பிடு கின்ற னர்,24
1111,"இந்தப் பிராந்தியத்தின் சமையல் முறையில் குறிப்பிடத்தக்க அளவுக்கு அரபு, சிரியன், போர்ச்சுகீசிய, டச்சு, யூத மற்றும் மத்திய கிழக்கு தாக்கங்கள் இருக்கின்றன","இந்த ப்   பிராந்திய த்தின்   ச மை யல்   முறையில்   குறிப்பிடத்தக்க   அள வுக்கு   அர பு ,   சிரிய ன்,   போர் ச்சு கீ சிய ,   ட ச்சு ,   யூ த   மற்றும்   மத்திய   கிழக்கு   தா க்க ங்கள்   இரு க்கின்ற ன",35
1112,"லோனாவாலா மகாராஷ்டிரத்தில் உள்ள ஒரு மலை நகரம், அங்குள்ள சூடான மசாலா தேநீர் மற்றும் வடாபாவை (பட்டாணிக் கடலை மாவில் துவைத்து எண்ணெயில் பொறித்த உருளைக் கிழங்கு வடை உள்ளே திணிக்கப்பட்ட ஓர் இந்திய சைவ பர்கர்) உங்களால் சுவைக்காமல் இருக்க முடியாது","லோ னா வா லா   மகா ராஷ்டி ர த்தில்   உள்ள   ஒரு   மலை   நகர ம்,   அங்கு ள்ள   சூ டா ன   ம சா லா   தே நீர்   மற்றும்   வ டா பா வை   ( ப ட்டா ணி க்   கட லை   மா வில்   து வைத்து   எண் ணெ யில்   பொ றி த்த   உரு ளை க்   கிழ ங்கு   வடை   உள் ளே   தி ணி க்கப்பட்ட   ஓர்   இந்திய   சை வ   பர் கர் )   உங்களால்   சு வை க்காமல்   இருக்க   முடியா து",70
1113,"மாடாங் அனைத்து நிலைகளைச் சார்ந்த ஸ்கூபா டைவிங்கிற்கும் சிறந்த இடம், மேலும் அங்குள்ள பவளப் பாறைகள் பல்வேறு வண்ணமயமான அரிய மீன் வகைகளுக்கு வசிப்பிடமாக உள்ளன","மா டா ங்   அனைத்து   நிலை களை ச்   சார்ந்த   ஸ் கூ பா   டை வி ங்கி ற்கு ம்   சிறந்த   இட ம்,   மேலும்   அங்கு ள்ள   ப வள ப்   பாறை கள்   பல்வேறு   வ ண்ண மய மான   அரிய   மீன்   வகை களுக்கு   வசி ப்பிட மாக   உள்ளன",40
1114,"இறுதியாக, கிழக்கு ஆசியாவில் ஒரு பகுதியும் பெரும்பாலான தெற்கு மற்றும் தென்கிழக்கு ஆசியாவும் அடங்கியுள்ள மற்றும் விவசாயமோ நகரமயமோ இல்லாத வெப்பமண்டல ஆசியாவில் பல்வேறுபட்ட வெப்பமண்டலக் காடுகளும் ஆயிரக்கணக்கான கடற்கரைகளும் உள்ளன, இவற்றுள் மாலத்தீவு போன்ற தனிமையான உல்லாசத் தீவுகளும் தாய்லாந்தில் உள்ள உலகின் சில மிகப் பிரபலமான கடற்கரை விடுதிகளும் அடங்கும்","இறுதி யாக ,   கிழக்கு   ஆசியா வில்   ஒரு   பகுதி யும்   பெரும்பாலான   தெற்கு   மற்றும்   தென் கிழக்கு   ஆசியா வும்   அட ங்கி யுள்ள   மற்றும்   விவசாய மோ   நகர மய மோ   இல்லாத   வெப்பமண்டல   ஆசியா வில்   பல்வேறு பட்ட   வெப்பமண்டல க்   காடு களும்   ஆயி ர க்கணக்கான   கடற்கரை களும்   உள்ளன,   இவ ற்று ள்   மா ல த்தீவு   போன்ற   தனி மையான   உ ல்லா சத்   தீவு களும்   தாய் லாந்தி ல்   உள்ள   உலகின்   சில   மிக ப்   பிரபலமான   கடற்கரை   விடு தி களும்   அடங்கு ம்",70
1115,"இந்தக் கண்டத்தின் கிழக்குக் கோடியில் உள்ள பல மலைகள் எரிமலைகளாக உள்ளன, மேலும் இந்தோனீசியாவும் கம்சாட்காவும் நிச்சயமாக தலைசிறந்த எரிமலைச் சுற்றுலாத் தலங்களாக இருக்கின்றன","இந்த க்   கண்ட த்தின்   கிழக்கு க்   கோ டி யில்   உள்ள   பல   மலை கள்   எரி மலை களாக   உள்ளன,   மேலும்   இந்தோ னீ சியா வும்   கம் சா ட் கா வும்   நி ச்ச யமாக   தலை சிறந்த   எரி மலை ச்   சுற்றுலா த்   த ல ங்களாக   இரு க்கின்ற ன",43
1116,"மேகாலயா சமையல் முறை தனித்துவமானது, மற்ற வடகிழக்கு இந்திய மாநிலங்களின் சமையலிலிருந்து வேறுபட்டது","மேகாலயா   ச மை யல்   முறை   தனித்துவமான து,   மற்ற   வடகிழக்கு   இந்திய   மாநில ங்களின்   ச மைய லி லிருந்து   வேறு பட்ட து",19
1117,இந்த நகரின் செழிப்பான இலக்கியப் பாரம்பரியத்தை புக்கர் பரிசு வென்ற சல்மான் ருஷ்டியும் அரவிந்த் அடிகாவும் சர்வதேச அளவில் பிரபலமாக்கியுள்ளனர்,இந்த   நகரின்   செ ழி ப்பான   இலக்கிய ப்   பாரம்பரிய த்தை   பு க்கர்   பரிசு   வென்ற   சல் மான்   ரு ஷ்டி யும்   அர வி ந்த்   அடி கா வும்   சர்வதேச   அளவில்   பிரபல மா க்கி யுள்ள னர்,31
1118,கம்போடியர்-அல்லாத வருகையாளர்கள் அங்கோர் தொல்பொருள் பூங்காவில் நுழைவுபெற அங்கோர் நுழைவுச் சீட்டு வாங்க வேண்டும்,கம் போ டி யர் - அ ல்லாத   வருகை யாளர்கள்   அ ங்கோ ர்   தொ ல் பொருள்   பூங்கா வில்   நுழை வு பெற   அ ங்கோ ர்   நுழை வு ச்   சீ ட்டு   வாங்க   வேண்டும்,30
1119,"ஃப்ளோரிடாவில் உள்ள ஆர்லான்டோவின் சுற்றுவட்டத்தில் ஏராளமான இன்னபிற சிறந்த சுற்றுலாத் தலங்கள் உள்ளபோதிலும், மவுஸ் ஹவுஸ் உய்யாரமாக வீற்று அந்தப் பகுதிக்கு பத்து லட்சக்கணக்கான சுற்றுலாப் பயணிகளை ஈர்க்கும் கலங்கரை விளக்காக இருக்கிறது","ஃப் ளோ ரி டா வில்   உள்ள   ஆர் லா ன் டோ வின்   சுற்று வட்ட த்தில்   ஏராளமான   இ ன்ன பிற   சிறந்த   சுற்றுலா த்   த ல ங்கள்   உள்ள போதிலும்,   ம வு ஸ்   ஹ வு ஸ்   உ ய் யா ர மாக   வீ ற்று   அந்த ப்   பகுதி க்கு   பத்து   ல ட்ச க்கணக்கான   சுற்றுலா ப்   பயணி களை   ஈர் க்கும்   கல ங்க ரை   விள க்காக   இருக்கிற து",60
1120,"சான் ஃபிரான்சிஸ்கோ பே தோணிச் சேவை ஃபெர்ரி பில்டிங் மற்றும் பியர் 39-லிருந்து ஓக்லேன்ட், அலமேடா, பே ஃபார்ம் ஐலன்ட், சவுத் சான் ஃபிரான்சிஸ்கோ, வடக்கே சோலானோ கவுண்டியில் உள்ள வல்லேயோ ஆகிய பகுதிகளிலுள்ள இடங்கள் வரை இயக்கப்படுகிறது","சா ன்   ஃ பிரா ன்சி ஸ் கோ   பே   தோ ணி ச்   சேவை   ஃ பெர் ரி   பில் டி ங்   மற்றும்   பி யர்   3 9 - லிருந்து   ஓ க் லே ன் ட்,   அல மே டா ,   பே   ஃ பார் ம்   ஐ ல ன் ட்,   ச வு த்   சா ன்   ஃ பிரா ன்சி ஸ் கோ ,   வடக்கே   சோ லா னோ   கவு ண்டி யில்   உள்ள   வல் லே யோ   ஆகிய   பகுதி களி லுள்ள   இட ங்கள்   வரை   இய க்கப்படு கிறது",74
1121,"இதற்கு மிக அருகிலுள்ள டெல்லி மெட்ரோ ரயில் நிலையம், மஞ்சள் தடத்தில் உள்ள அர்ஜன் கர்","இதற்கு   மிக   அருகிலுள்ள   டெல்லி   மெட் ரோ   ரயில்   நிலைய ம்,   ம ஞ்ச ள்   த ட த்தில்   உள்ள   அர் ஜ ன்   கர்",20
1122,"சிரபுஞ்சிக்கு செல்ல உள்ளூர் டாக்ஸிகளும் உள்ளன, அவை ஷில்லாங்-சிரபுஞ்சி வழித்தடத்தில் ஒருசில தொலைநோக்கு இடங்களிலும் காட்சித் தலங்களிலும் (யானை அருவி, மாக்டாக் டிம்பெப் பள்ளத்தாக்குக் காட்சி உள்ளிட்ட இன்னபிற இடங்கள்) நின்றுசெல்லும் வசதியையும், சிரபுஞ்சியில் உள்ள சுற்றுலா தலங்களை (மவ்ஸ்மாய் குகை, சிரபுஞ்சி சுற்றுச்சூழல் பூங்கா, நோஸங்கிதியாங் நீர்வீழ்ச்சி அல்லது செவன் சிஸ்டர்ஸ் நீர்வீழ்ச்சி) பார்க்கச் செல்லும் வசதியையும் உங்கள் விருப்பத்திற்கேற்ப வழங்குகின்றன","சி ர பு ஞ்சி க்கு   செல்ல   உள்ளூர்   டாக் ஸி களும்   உள்ளன,   அவை   ஷி ல்லா ங் - சி ர பு ஞ்சி   வழி த்த ட த்தில்   ஒரு சில   தொலை நோ க்கு   இட ங்களிலும்   காட்சி த்   த ல ங்களிலும்   ( யானை   அருவி ,   மா க் டாக்   டி ம் பெ ப்   பள்ளத்தா க்கு க்   காட்சி   உள்ளிட்ட   இ ன்ன பிற   இட ங்கள் )   நி ன்று செல்லும்   வசதி யை யும்,   சி ர பு ஞ்சி யில்   உள்ள   சுற்றுலா   த ல ங்களை   ( ம வ் ஸ் மா ய்   குகை ,   சி ர பு ஞ்சி   சுற்று ச்சூழ ல்   பூங்கா ,   நோ ஸ ங்கி தி யா ங்   நீர்வீழ்ச்சி   அல்லது   செ வன்   சி ஸ் டர் ஸ்   நீர்வீழ்ச்சி )   பார்க்க ச்   செல்லும்   வசதி யையும்   உங்கள்   விருப்ப த்தி ற் கே ற்ப   வழங்கு கின்றன",120
1123,"தேசியப் பூங்காவிற்கு வருகை தருபவர்கள் பார்க்க பல இடங்கள் உள்ளன, அவற்றில் தொலைதூர நார்த் ரிம்; செல்வதற்குச் சற்று எளிதான (எனவே மக்கள் கூட்டம் அதிகமுள்ள) சவுத் ரிம்; படகுச் சவாரிகள் நிறைந்த கொலராடோ நதி அல்லது ஃபான்டம் ரான்ச் போன்ற கேன்யானின் பகுதிகள் ஆகியவையும் அடங்கும்","தேசிய ப்   பூங்கா விற்கு   வருகை   த ரு ப வர்கள்   பார்க்க   பல   இட ங்கள்   உள்ளன,   அவற்றில்   தொலை தூர   நா ர் த்   ரி ம் ;   செல் வதற்கு ச்   ச ற்று   எளி தான   ( எனவே   மக்கள்   கூட்ட ம்   அதிக முள்ள )   ச வு த்   ரி ம் ;   படகு ச்   ச வாரி கள்   நிறைந்த   கொ ல ரா டோ   நதி   அல்லது   ஃ பா ன் டம்   ரா ன் ச்   போன்ற   கே ன் யா னின்   பகுதிகள்   ஆகியவை யும்   அடங்கு ம்",73
1124,"கிரான்ட் கேன்யான் வடக்கு அரிசோனாவில் உள்ளது, அது அமெரிக்காவின் மிகச்சிறந்த சுற்றுலாத் தலங்களில் ஒன்றாகவும் உலகின் ஏழு இயற்கை அதிசயங்களில் ஒன்றாகவும் திகழ்கிறது","கிரா ன் ட்   கே ன் யா ன்   வடக்கு   அரி சோ னா வில்   உள்ளது,   அது   அமெரிக்கா வின்   மிக ச்சிற ந்த   சுற்றுலா த்   த ல ங்களில்   ஒன்றாக வும்   உலகின்   ஏழு   இயற்கை   அதி ச ய ங்களில்   ஒன்றாக வும்   தி கழ் கிறது",38
1125,நாகாலாந்து அரசு சமூக இனங்களுக்கு இடையிலான உறவாடலை ஊக்குவிக்கவும் மாநிலத்தின் கலாச்சாரப் பாரம்பரியத்தை முன்னிறுத்தவும் 2000 டிசம்பரில் ஹான்பில் திருவிழாவைத் தொடங்கியது,நாகா லாந்து   அரசு   சமூக   இன ங்களுக்கு   இடையிலான   உற வா ட லை   ஊக்குவி க்கவும்   மாநிலத்தின்   கலாச்சார ப்   பாரம்பரிய த்தை   முன் னி று த்த வும்   20 00   டி சம்ப ரில்   ஹா ன் பில்   திருவிழா வை த்   தொட ங்கிய து,37
1126,சர்ச் வீதியில் உள்ள மற்றும் உள்ளூர் வாசிகளால் ஜூஸ் கடை என்றும் அழைக்கப்படுகிற செவன் லெவன் பழரசக் கடை பொழுது போக்குவதற்கு ஒரு நல்ல இடம்,சர் ச்   வீ தி யில்   உள்ள   மற்றும்   உள்ளூர்   வாசி களால்   ஜூ ஸ்   கடை   என்றும்   அழைக்கப்படு கிற   செ வன்   லெ வன்   பழ ர ச க்   கடை   பொழுது   போக்கு வதற்கு   ஒரு   நல்ல   இடம்,31
1127,"அந்தமானில் உள்ள மிகச்சிறந்த மூழ்கி நீராடும் தலங்கள் உட்பகுதிகளில் அமைந்துள்ளன, எனவே தனியார் வாடகை உலாப் படகு இன்றி அங்கே செல்வது சாத்தியமன்று","அந்த மா னில்   உள்ள   மிக ச்சிற ந்த   மூ ழ் கி   நீ ரா டும்   த ல ங்கள்   உட் பகுதிகளில்   அமைந்துள்ள ன,   எனவே   தனியார்   வா ட கை   உ லா ப்   படகு   இன் றி   அ ங்கே   செல் வது   சாத்திய ம ன்று",38
1128,"வால்ட் டிஸ்னி வேல்டின் கவர்ச்சி மையங்களாக விளங்குபவை நான்கு தீம் பார்க்குகள், அவை தி மேஜிக் கிங்டம், எப்காட், டிஸ்னியின் ஹாலிவுட் ஸ்டுடியோஸ் மற்றும் டிஸ்னியின் அனிமல் கிங்டம்","வால் ட்   டி ஸ் னி   வே ல் டி ன்   க வர் ச்சி   மைய ங்களாக   விளங்கு ப வை   நான்கு   தீ ம்   பார் க்கு கள்,   அவை   தி   மே ஜி க்   கி ங் ட ம்,   எ ப் கா ட்,   டி ஸ் னி யின்   ஹா லி வு ட்   ஸ் டு டியோ ஸ்   மற்றும்   டி ஸ் னி யின்   அ னி மல்   கி ங் டம்",59
1129,"சமையல் முறையில் பெரும்பாலும் கர்வால், குமாவோன் என இருவேறு துணைப் பிராந்தியங்களின் உணவு வகைகள் அடங்கியுள்ளன, எனினும் அவற்றின் அடிப்படை உட்பொருள்கள் ஒன்றுதான்","ச மை யல்   முறையில்   பெரும்பாலும்   கர் வா ல்,   குமா வோ ன்   என   இரு வேறு   துணை ப்   பிராந்திய ங்களின்   உணவு   வகை கள்   அட ங்கி யுள்ள ன,   எனினும்   அவற்றின்   அடிப்படை   உட் பொருள் கள்   ஒன்று தான்",33
1130,32 கிமீ நீளமுள்ள ஒரு குறுகிய வெளிப்புறக் கால்வாய் மோட்டோ கிராமத்தின் அருகே இந்தக் காயலை வங்காள விரிகுடாவுடன் இணைக்கிறது,3 2   கிமீ   நீள முள்ள   ஒரு   குறுகிய   வெளி ப்புற க்   கால் வாய்   மோ ட்டோ   கிராம த்தின்   அருகே   இந்த க்   காய லை   வங்காள   விரி குடா வுடன்   இணை க்கிற து,28
1131,"பூட்டானின் கல்வி அமைப்பில் ஆங்கிலமே பயிற்று மொழியாக உள்ளது, அதேவேளை சோங்கா தேசிய மொழியாகக் கற்றுத் தரப்படுகிறது","பூ ட்டா னின்   கல்வி   அமை ப்பில்   ஆங்கில மே   பயி ற்று   மொழி யாக   உள்ளது,   அதே வேளை   சோ ங்கா   தேசிய   மொழி யாக க்   க ற்று த்   தர ப்படு கிறது",27
1132,"இந்த அருங்காட்சியத்தில் ஆசியக் கலைபொருட்களுக்கென பிரதானமாக ஒதுக்கப்பட்டுள்ள இடம், காட்சியகம் 33; அதில் சீனா, இந்திய துணைக்கண்டம் மற்றும் தென்கிழக்கு ஆசியாவைச் சேர்ந்த சகலவித கலைபொருட்களும் காட்சிக்கு வைக்கப்பட்டுள்ளன","இந்த   அரு ங்கா ட்சி ய த்தில்   ஆசிய க்   கலை பொருட் களு க்கெ ன   பிரதான மாக   ஒது க்கப்பட்டுள்ள   இட ம்,   காட்சி ய கம்   3 3 ;   அதில்   சீ னா,   இந்திய   துணை க்கண்ட ம்   மற்றும்   தென் கிழக்கு   ஆசியா வை ச்   சேர்ந்த   ச கல வித   கலை பொருட் களும்   காட்சி க்கு   வை க்கப்பட்டுள்ள ன",50
1133,"பச்சைக் கடலாமை, அவில்லியா, ஐராவதி டால்பின், வேலிமான், சப்பைச் சொண்டு உள்ளான், கைகால் இல்லாத சிலிகா அரணை, மீன்பிடிப் பூனை ஆகியவை அரிய மற்றும் அருகிவருகிற விலங்கினங்களாக அடையாளப்படுத்தப்பட்டுள்ளன","ப ச்சை க்   கட லா மை ,   அ வில் லியா ,   ஐ ரா வதி   டா ல் பின் ,   வே லி மா ன்,   ச ப்பை ச்   சொ ண்டு   உள்ளா ன்,   கை கால்   இல்லாத   சி லி கா   அர ணை ,   மீன் பிடி ப்   பூ னை   ஆகியவை   அரிய   மற்றும்   அருகி வரு கிற   வில ங்கி ன ங்களாக   அடையாள ப்படுத்த ப்பட்டுள்ள ன",57
1134,"மாநிலத்தில் கடலோர மாவட்டங்களையொட்டி ருஷிகொண்டா, மைபாடு, சூர்யலங்கா போன்ற ஏராளமான கடற்கரைகளும், போரா குகைகள், இந்தியக் குடைவரைக் கட்டிடக்கலையை வெளிப்படுத்தும் உண்டவல்லி குகைகள், நாட்டின் இரண்டாவது நெடுநீளமான பேலம் குகைகள் போன்ற குகைகளும் உள்ளன","மாநிலத்தில்   கடலோர   மாவட்ட ங்களை யொ ட்டி   ரு ஷி கொண்டா ,   மை பாடு ,   சூர் ய ல ங்கா   போன்ற   ஏராளமான   கடற்கரை களும்,   போரா   குகை கள்,   இந்திய க்   கு டை வரை க்   கட்டிடக்கலை யை   வெளி ப்படுத்தும்   உ ண்ட வ ல்லி   குகை கள்,   நாட்டின்   இரண்டாவது   நெடு நீ ளமான   பே லம்   குகை கள்   போன்ற   குகை களும்   உள்ளன",53
1135,"கருடா இந்தோனீசியா வாரந்தோறும் ஜகார்தாவுக்குச் சென்றுவர பொது வாடகை விமானங்களை இயக்குகிறது, இதற்கான முன்பதிவுகள் கிறிஸ்மஸ் ஐலன்ட் டிராவல் எக்ஸ்சேஞ்ச் மூலம் செய்யப்படுகின்றன","கரு டா   இந்தோ னீ சியா   வார ந்தோ றும்   ஜ கார் தா வுக்கு ச்   சென்று வர   பொது   வா ட கை   விமான ங்களை   இயக்கு கிறது,   இ தற்கான   மு ன்ப தி வுகள்   கிறிஸ் மஸ்   ஐ ல ன் ட்   டி ரா வல்   எ க்ஸ் சே ஞ் ச்   மூலம்   செய்ய ப்படு கின்றன",47
1136,"டிசம்பர் 2020 நிலவரப்படி இந்தியாவில் 553 வனவிலங்குச் சரணாலயங்கள் நிறுவப்பட்டிருந்தன, அவற்றின் மொத்தப் பரப்பளவு, 119,776 சதுர கிமீ (46,246 சதுர மைல்)","டிசம்பர்   20 20   நிலவர ப்படி   இந்தியாவில்   5 5 3   வன விலங்கு ச்   சரணா லய ங்கள்   நிறுவ ப்பட்டி ருந்த ன,   அவற்றின்   மொத்த ப்   பரப்ப ளவு ,   1 19 , 7 7 6   சதுர   கிமீ   ( 4 6 , 24 6   சதுர   மைல்)",41
1137,"காரைக்காலில் அண்டைய தமிழ்நாட்டை விட மதுபான விலை குறைவு, அங்கே நிறைய தரமான மதுபான விடுதிகள் உள்ளன, அவை நந்தா ஹோட்டலில் உள்ள நயாகரா பார், பேரிஸ் இன்டர்நேஷனலில் உள்ள தண்டர் பார், நகரில் மிகவும் புகழ்பெற்ற சிட்டி பார், மற்றும் கடற்கரையில் அமைந்து மாலைநேரப் பொழுதைக் கழிக்க சிறந்த இடமாக விளங்குகிற மற்றும் பாண்டிச்சேரி அரசுக்குச் சொந்தமான தி சீ கல்ஸ் ரெஸ்டாரண்ட்","கா ரை க்கா லில்   அ ண் டைய   தமிழ் நா ட்டை   விட   மது பான   விலை   குறை வு ,   அ ங்கே   நிறை ய   தர மான   மது பான   விடு தி கள்   உள்ளன,   அவை   ந ந்தா   ஹோ ட்ட லில்   உள்ள   ந யாக ரா   பா ர்,   பே ரி ஸ்   இன் டர் நே ஷ ன லில்   உள்ள   த ண்டர்   பா ர்,   நகரில்   மிகவும்   புகழ்பெற்ற   சி ட்டி   பா ர்,   மற்றும்   கடற்கரை யில்   அமைந்து   மா லை நேர ப்   பொ ழு தை க்   கழி க்க   சிறந்த   இட மாக   விளங்கு கிற   மற்றும்   பாண்டி ச்சே ரி   அரசு க்கு ச்   சொந்த மான   தி   சீ   கல் ஸ்   ரெ ஸ்டா ர ண்ட்",98
1138,"அம்மா, நாம் நாளைக்கு சினிமா பார்க்கப் போகலாமா","அம் மா ,   நா ம்   நா ளை க்கு   சி னி மா   பார்க்க ப்   போ கலா மா",16
1139,நான் நாளைக்கு ஸ்கூலுக்குப் போக வேண்டாம்,நான்   நா ளை க்கு   ஸ் கூ லுக்கு ப்   போ க   வேண்டா ம்,12
1140,ஸ்கூல் லீவு,ஸ் கூ ல்   லீ வு,5
1141,"நாளைக்கு ஏப்ரல் 14, இல்லையா","நா ளை க்கு   ஏப்ரல்   14 ,   இல்லை யா",8
1142,உன் அப்பாவுக்கும் நாளைக்கு லீவாகத்தான் இருக்கும்,உ ன்   அ ப்பா வு க்கும்   நா ளை க்கு   லீ வாக த்தா ன்   இருக்கும்,14
1143,நாம் எல்லாரும் சேர்ந்து சினிமாவுக்குப் போகலாம்,நா ம்   எல் லா ரும்   சேர்ந்து   சி னி மா வுக்கு ப்   போ க லாம்,14
1144,ரொம்ப நல்ல விஷயம்,ரொ ம்ப   நல்ல   விஷ யம்,5
1145,"ஆனால், நாளைக்கு ஏன் லீவு","ஆ னால்,   நா ளை க்கு   ஏ ன்   லீ வு",9
1146,"ஸ்கூல், காலேஜ், ஆஃபீஸ் எல்லாவற்றுக்குமே நாளைக்கு லீவா","ஸ் கூ ல்,   கா லே ஜ் ,   ஆ ஃ பீ ஸ்   எல் லா வ ற்று க்கு மே   நா ளை க்கு   லீ வா",22
1147,நாளைக்கு அம்பேத்கார் ஜெயந்தி,நா ளை க்கு   அம் பே த் கார்   ஜெய ந்தி,9
1148,டாக்டர்,டாக் டர்,2
1149,பி,பி,1
1150,ஆர்,ஆர்,1
1151,அம்பேத்காருடைய பிறந்தநாளை இந்த நாளில் ஒவ்வொரு வருஷமும் நாம் கொண்டாடுகிறோம்,அம் பே த் கா ரு டைய   பிறந்த நா ளை   இந்த   நா ளில்   ஒவ்வொரு   வரு ஷ மும்   நா ம்   கொண்டா டு கி றோ ம்,23
1152,நீ அவரைப் பற்றி கேள்விப்பட்டிருக்கிறாயா,நீ   அவரை ப்   பற்றி   கேள்வி ப்பட்டிரு க்கிறா யா,8
1153,"என்னுடைய ஹிஸ்டரி, சிவிக்ஸ் புத்தகத்தில் அவரைப் பார்த்திருக்கிறேன்","என் னு டைய   ஹி ஸ் ட ரி,   சி வி க்ஸ்   புத்தக த்தில்   அவரை ப்   பார் த்திரு க்கி றே ன்",19
1154,அவருக்கு நமது அரசியலமைப்புடன் தொடர்பு இருக்கிறதா,அவருக்கு   ந மது   அரசிய ல மைப்பு டன்   தொடர்பு   இருக்கிற தா,10
1155,"நிச்சயமாக, அவரை இந்திய அரசியலமைப்பின் தந்தைன்னு கூப்பிடுகிறோம்","நி ச்ச யமாக ,   அவரை   இந்திய   அரசிய ல மை ப்பின்   தந்தை ன் னு   கூ ப்பிடு கி றோ ம்",18
1156,அரசியலமைப்பை வடிவமைப்பதில் மிகப்பெரிய பங்கு வகித்த ஒரு சமூக உரிமைப் போராளி அவர்,அரசிய ல மை ப்பை   வடிவமை ப்பதில்   மிகப்பெரிய   பங்கு   வகி த்த   ஒரு   சமூக   உரிமை ப்   போரா ளி   அவர்,17
1157,இந்தியா பெருமைப்படுகிற வண்ணமயமான ஜனநாயகக் கட்டமைப்புக்கு வடிவம் கொடுப்பதில் முக்கியமான பங்கு வகித்தார்,இந்தியா   பெரு மை ப்படு கிற   வ ண்ண மய மான   ஜன நாய க க்   கட்ட மைப்பு க்கு   வடிவ ம்   கொடு ப்பதில்   முக்கியமான   பங்கு   வகி த்தா ர்,25
1158,எனக்கு இப்போது நினைவுக்கு வருகிறது,என க்கு   இப்போது   நினை வுக்கு   வரு கிறது,7
1159,அன்று எங்களுடைய சிவிக்ஸ் வகுப்பில் அவரைப் பற்றி நாங்கள் பேசிக்கொண்டு இருந்தோம்,அன்று   எ ங்களு டைய   சி வி க்ஸ்   வகு ப்பில்   அவரை ப்   பற்றி   நா ங்கள்   பேசி க்கொண்டு   இரு ந்தோ ம்,19
1160,இந்திய அரசியலமைப்பு பற்றிய பாடத்தைப் படிக்கும்போது அவரைப் பற்றி இன்னும் விவரங்கள் சொல்வதாக எங்கள் ஆசிரியர் சொன்னார்,இந்திய   அரசிய ல மைப்பு   பற்றிய   பாட த்தை ப்   படி க்கும் போது   அவரை ப்   பற்றி   இன்னும்   விவர ங்கள்   சொல் வதாக   எ ங்கள்   ஆ சிரிய ர்   சொ ன் னார்,27
1161,"சமூகத்தில் நிலவிய வகுப்புவாதப் பிரிவினையை நீக்குவதற்காக அவர் போராடினார், இல்லையா","சமூக த்தில்   நில விய   வகு ப்பு வாத ப்   பிரி வினை யை   நீ க்கு வதற்காக   அவர்   போரா டி னார்,   இல்லை யா",20
1162,"ஆமாம், அவரே ஒரு தலித்தாக இருந்ததால் தீண்டாமை என்னும் தீமையை எதிர்கொள்வது எவ்வளவு கஷ்டமானது என்று அவர் புரிந்துகொண்டார்","ஆ மா ம்,   அவ ரே   ஒரு   த லி த்தா க   இருந்த தால்   தீ ண்டா மை   என் னும்   தீ மையை   எதிர் கொள் வது   எவ்வளவு   க ஷ் ட மான து   என்று   அவர்   புரி ந்துகொ ண்டா ர்",34
1163,"இப்படியாக, தாழ்ந்த ஜாதியினருடைய உரிமைக்காக அவர் போராடினார்","இ ப்படி யாக ,   தா ழ் ந்த   ஜா தி யின ரு டைய   உரிமை க்காக   அவர்   போரா டி னார்",18
1164,பாரபட்சத்திற்கு எதிராக அவர் போராட்டம் செய்து வெற்றியும் அடைந்தார்,பார பட்ச த்திற்கு   எதிராக   அவர்   போரா ட்டம்   செய்து   வெற்றி யும்   அடை ந்தா ர்,13
1165,எவ்வளவு வலிமையான மனிதர்,எவ்வளவு   வலி மையான   மனி தர்,5
1166,அதனால்தான் இந்த நாளை இந்தத் துணைக் கண்டம் முழுவதிலும் சமத்துவ தினமாகக் கொண்டாடுகிறோம்,அதனால் தான்   இந்த   நா ளை   இந்த த்   துணை க்   கண்ட ம்   முழு வதி லும்   சம த்துவ   தின மாக க்   கொண்டா டு கி றோ ம்,24
1167,ஸ்கூலில் இந்தப் பாடத்தை நடத்தும்போது இவரைப் பற்றி தெரிந்துகொள்வது ரொம்ப சுவாரஸ்யமாக இருக்கப்போகிறது,ஸ் கூ லில்   இந்த ப்   பாட த்தை   நட த்தும் போது   இ வரை ப்   பற்றி   தெரி ந்துகொள் வது   ரொ ம்ப   சு வார ஸ் யமாக   இருக்க ப்போ கிறது,26
1168,"ஆமாம் அம்மா, நானும் அதற்காகவே காத்திருக்கிறேன்","ஆ மா ம்   அம் மா ,   நா னும்   அ தற்காக வே   கா த்திரு க்கி றே ன்",16
1169,எனக்கு ரொம்பவே ஆவலாக இருக்கிறது,என க்கு   ரொ ம்ப வே   ஆ வலாக   இருக்கிற து,9
1170,"சரி, இப்போது சொல், என்ன படம் பார்க்கப் போகலாம்","சரி ,   இப்போது   சொ ல்,   என்ன   படம்   பார்க்க ப்   போ க லாம்",12
1171,புது மார்வல் படம் பார்க்கலாமா,புது   மா ர்வ ல்   படம்   பார்க்க லா மா,8
1172,டாக்டர் ஸ்ட்ரேஞ் அண்ட் தி மல்டிவெர்ஸ் ஆஃப் மேட்னெஸ் படமா,டாக் டர்   ஸ்ட் ரே ஞ்   அ ண்ட்   தி   மல் டி வெ ர் ஸ்   ஆஃப்   மே ட் னெ ஸ்   பட மா,20
1173,அதைப் பார்க்க ஆவலாக இருக்கிறேன்,அதை ப்   பார்க்க   ஆ வலாக   இரு க்கி றே ன்,9
1174,அதற்கு டிக்கெட் புக் செய்கிறீர்களா,அதற்கு   டி க்கெட்   பு க்   செய் கிறீ ர்களா,8
1175,"சரி, அப்பாவிடம் பேசுறேன்","சரி ,   அ ப்பா வி டம்   பேசு றே ன்",9
1176,"ஹாய், நீங்கள் வெப் டிசைனிங் கோர்ஸ் படிக்கிறீர்களா","ஹா ய் ,   நீங்கள்   வெ ப்   டி சை னி ங்   கோ ர் ஸ்   படி க்கிறீ ர்களா",16
1177,"என்னுடைய தோழி ஒருவரும் அதைப் படிக்க வேண்டுமென்று நினைக்கிறார், உங்களிடம் அதைப் பற்றி விசாரித்துச் சொல்கிறேன் என்று கூறியுள்ளேன்","என் னு டைய   தோ ழி   ஒரு வரும்   அதை ப்   படி க்க   வேண்டு மெ ன்று   நினை க்கிறா ர்,   உங்களிடம்   அதை ப்   பற்றி   வி சா ரி த்து ச்   சொல் கி றே ன்   என்று   கூறி யு ள் ளே ன்",36
1178,"ஆமாம், செகண்ட் இயரில் இருக்கிறேன்","ஆ மா ம்,   செ கண் ட்   இய ரில்   இரு க்கி றே ன்",12
1179,நல்ல விஷயம்தான்,நல்ல   விஷ யம் தான்,4
1180,அவர் என்ன தெரிந்துகொள்ள விரும்புகிறார்,அவர்   என்ன   தெரி ந்துகொள்ள   விரும்பு கிறா ர்,7
1181,எந்தெந்த காலேஜில் வெப் டிசைனிங்கில் டிப்ளமா கோர்ஸ் இருக்கிறது,எ ந்தெ ந்த   கா லே ஜி ல்   வெ ப்   டி சை னி ங்கில்   டி ப் ள மா   கோ ர் ஸ்   இருக்கிற து,22
1182,"என்ன செய்ய வேண்டுமென்று அவருக்கும் சரியாகத் தெரியவில்லை, அதனால் இப்போதைக்கு இதை ட்ரை பண்ணிப் பார்க்க விரும்புகிறார்","என்ன   செய்ய   வேண்டு மெ ன்று   அவ ருக்கும்   சரி யாக த்   தெரிய வில்லை,   அதனால்   இ ப்போ தை க்கு   இதை   ட் ரை   பண் ணி ப்   பார்க்க   விரும்பு கிறா ர்",27
1183,"ஓ, அப்படியா","ஓ ,   அ ப்படி யா",5
1184,"நிறைய காலேஜ்களில் இந்தக் கோர்ஸ் இருக்கிறது, புனேயில் இருக்கிற ஸ்கூல் ஆஃப் ஃபேஷன் டெக்னாலஜி; சென்னையில் ஸ்டெல்லா மாரிஸ், லயோலா காலேஜ், இப்படிப் பல காலேஜ்களில் இருக்கிறது","நிறை ய   கா லே ஜ் களில்   இந்த க்   கோ ர் ஸ்   இருக்கிற து,   பு னே யில்   இருக்கிற   ஸ் கூ ல்   ஆஃப்   ஃ பே ஷன்   டெ க் னா ல ஜி ;   சென்னை யில்   ஸ் டெ ல்லா   மா ரி ஸ்,   ல யோ லா   கா லே ஜ் ,   இ ப்படி ப்   பல   கா லே ஜ் களில்   இருக்கிற து",55
1185,நீங்கள் லயோலா காலேஜில் தானே படித்தீர்கள்,நீங்கள்   ல யோ லா   கா லே ஜி ல்   தா னே   படி த்தீ ர்கள்,13
1186,"ஆமாம், நான் அங்குதான் படித்தேன்","ஆ மா ம்,   நான்   அங்கு தான்   படி த்தே ன்",9
1187,நீங்கள் சொன்னது எல்லாமே ஃபேமஸ் காலேஜ் தான்,நீங்கள்   சொ ன்ன து   எல் லா மே   ஃ பே மஸ்   கா லே ஜ்   தான்,14
1188,இதில் எப்படிச் சேரவேண்டும் என்று சொல்லுங்கள்,இதில்   எப்படி ச்   சேர வேண்டும்   என்று   சொல் லு ங்கள்,9
1189,"ஆமாம், சில காலேஜ்களில் என்ட்ரன்ஸ் எக்ஸாம் இருக்கும்","ஆ மா ம்,   சில   கா லே ஜ் களில்   என் ட் ர ன்ஸ்   எ க் ஸா ம்   இருக்கும்",17
1190,"பத்தாவது, பன்னிரண்டாவது வகுப்பு மதிப்பெண்களையும் பார்ப்பார்கள்","ப த்தா வது,   பன் னி ர ண்டா வது   வகு ப்பு   மதி ப்பெ ண் களையும்   பார் ப்பா ர்கள்",17
1191,என்ஐடி என்ட்ரன்ஸ் எக்சாம் மாதிரி தேசிய அளவிலான தேர்வுகளும் இருக்கும்,என் ஐ டி   என் ட் ர ன்ஸ்   எ க் சாம்   மாதிரி   தேசிய   அளவிலான   தேர்வு களும்   இருக்கும்,16
1192,பப்ளிக் எக்ஸாமில் என் ஃபிரண்டு நல்ல மார்க் வாங்கியிருக்கிறார்,ப ப் ளி க்   எ க் ஸா மில்   என்   ஃ பிர ண்டு   நல்ல   மார் க்   வாங்கி யிரு க்கிறா ர்,19
1193,மதிப்பெண் அடிப்படையிலான எந்தத் தேர்விலும் அவர் தேர்ச்சி பெற்றுவிடுவார்,மதி ப்பெ ண்   அடிப்படை யிலான   எந்த த்   தேர் விலும்   அவர்   தேர் ச்சி   பெற்று விடு வார்,15
1194,தன்னுடைய கிரியேட்டிவ் திறன்கள் மேல்தான் அவருக்கு அவ்வளவாக நம்பிக்கை இல்லை,தன் னு டைய   கிரி யே ட்டி வ்   திறன் கள்   மேல் தான்   அவருக்கு   அவ் வள வாக   நம்பிக்கை   இல்லை,17
1195,இந்தக் காலேஜ்களில் டிப்ளமா எத்தனை வருஷக் கோர்ஸ்,இந்த க்   கா லே ஜ் களில்   டி ப் ள மா   எ த்தனை   வரு ஷ க்   கோ ர் ஸ்,18
1196,பொதுவாக ஒன்றில் இருந்து இரண்டு வருஷம் வரை இருக்கும்,பொதுவாக   ஒன்றி ல்   இருந்து   இரண்டு   வரு ஷ ம்   வரை   இருக்கும்,10
1197,நீங்கள் எந்தக் காலேஜில் டிப்ளமா சேருகிறீர்களோ அதைப் பொருத்துதான் இது இருக்கும்,நீங்கள்   எந்த க்   கா லே ஜி ல்   டி ப் ள மா   சே ரு கிறீ ர் க ளோ   அதை ப்   பொரு த்து தான்   இது   இருக்கும்,24
1198,வேலை வாய்ப்புகள் நன்றாக இருக்குமா,வேலை   வாய் ப்புகள்   ந ன்றா க   இரு க்கு மா,9
1199,"ஆமாம், இந்த ஃபீல்டில் வேலை வாய்ப்புகள் நன்றாகவே இருக்கிறது","ஆ மா ம்,   இந்த   ஃ பீ ல் டி ல்   வேலை   வாய் ப்புகள்   ந ன்றா க வே   இருக்கிற து",18
1200,"அதுவும், உலகம் இப்போது டிஜிட்டல்மயமாக மாறிக்கொண்டிருக்கும் இந்தக் காலகட்டத்தில்","அது வும்,   உல கம்   இப்போது   டி ஜி ட்ட ல் மய மாக   மாறி க்கொ ண்டி ருக்கும்   இந்த க்   காலகட்ட த்தில்",19
1201,"ஹ்ம்ம், நீங்கள் சொல்வது எனக்குப் புரிகிறது","ஹ் ம் ம்,   நீங்கள்   சொல் வது   என க்கு ப்   புரி கிறது",11
1202,இதற்கு முன்னால் இந்தக் கோர்ஸைப் படித்தவர்கள் வேறு யாரையாவது உங்களுக்குத் தெரியுமா,இதற்கு   முன் னால்   இந்த க்   கோ ர் ஸை ப்   படி த்த வர்கள்   வேறு   யா ரை யா வது   உங்களுக்கு த்   தெரி யு மா,22
1203,"ஆமாம், என்னுடைய ஒரு நண்பரும் கூட ஐந்து வருஷங்களுக்கு முன்னால் வெப் டிசைனிங் கோர்ஸ் படித்தார்","ஆ மா ம்,   என் னு டைய   ஒரு   நண் ப ரும்   கூட   ஐந்து   வரு ஷ ங்களுக்கு   முன் னால்   வெ ப்   டி சை னி ங்   கோ ர் ஸ்   படி த்தா ர்",29
1204,அவர் இப்போது ஒரு வெற்றிகரமான வெப் டிசைனராக இருக்கிறார்,அவர்   இப்போது   ஒரு   வெற்றிகர மான   வெ ப்   டி சை ன ராக   இரு க்கிறா ர்,14
1205,"உங்களுக்கு எந்த ஆட்சேபனையும் இல்லையென்றால், அவருடைய தொடர்பு விவரங்கள் கிடைக்குமா","உங்களுக்கு   எந்த   ஆ ட் சே ப னை யும்   இல்லை யெ ன்றால்,   அவருடைய   தொடர்பு   விவர ங்கள்   கிடை க்கு மா",18
1206,என் ஃபிரண்டு அவருடன் பேசி கோர்ஸ் பற்றிய விவரங்களைத் தெரிந்துகொள்வார்,என்   ஃ பிர ண்டு   அவ ருடன்   பேசி   கோ ர் ஸ்   பற்றிய   விவர ங்களை த்   தெரி ந்துகொள் வார்,17
1207,"கண்டிப்பாக, நான் தொடர்பு விவரங்களை வாட்சப்பில் அனுப்புகிறேன்","க ண்டி ப்பாக ,   நான்   தொடர்பு   விவர ங்களை   வா ட்ச ப்பில்   அனுப்பு கி றே ன்",15
1208,நான் ரொம்ப லேட்டாக வந்துவிட்டேனா,நான்   ரொ ம்ப   லே ட்டாக   வந்து வி ட் டே னா,10
1209,பரேட் ஆரம்பமாகிவிட்டதா,ப ரே ட்   ஆரம்ப மா கி விட்ட தா,8
1210,எப்படி இவ்வளவு நேரம் தூங்கினேன் என்று தெரியவில்லை,எப்படி   இவ் வளவு   நேரம்   தூ ங்கி னே ன்   என்று   தெரிய வில்லை,11
1211,"கவலைப்படாதே, நீங்க சரியான நேரத்துக்குதான் வந்திருக்கிறாய்","கவ லை ப்படா தே ,   நீ ங்க   சரியான   நேர த்துக்கு தான்   வ ந்திரு க்கிறா ய்",15
1212,5 நிமிடம்தான் ஆகியுள்ளது,5   நி மி டம் தான்   ஆகி யுள்ள து,8
1213,"வா, வந்து உட்காரு","வா ,   வந்து   உட் கா ரு",6
1214,நான் எதையெல்லாம் மிஸ் பண்ணியிருக்கிறேன்,நான்   எ தை யெ ல் லாம்   மி ஸ்   பண் ணி யிரு க்கி றே ன்,14
1215,பெரிதாக எதுவும் இல்லை,பெரி தாக   எதுவும்   இல்லை,4
1216,குடியரசுத் தலைவர் கொடி ஏற்றுவதையும்,கு டிய ரசு த்   தலை வர்   கொ டி   ஏற்று வதை யும்,11
1217,குடியரசுத் தலைவருக்கான 21-துப்பாக்கி சல்யூட்டையும்தான் மிஸ் பண்ணிவிட்டாய்,கு டிய ரசு த்   தலை வரு க்கான   21 - துப்பாக்கி   சல் யூ ட்டை யும் தான்   மி ஸ்   பண் ணி விட்டா ய்,21
1218,"இப்போது, ராணுவம், கடற்படை, விமானப்படையுடைய பல ரெஜிமென்ட்களும் அவர்களின் பேண்டுகளும் ராஜ்பத் வழியாக ராஷ்ட்ரபதி பவனில் இருந்து அணிவகுப்பில் வந்துகொண்டு இருக்கிறார்கள்","இ ப்போ து,   ராணுவ ம்,   கட ற்ப டை ,   விமான ப்படை யு டைய   பல   ரெ ஜி மென் ட் களும்   அவர்களின்   பே ண்டு களும்   ராஜ் பத்   வழியாக   ரா ஷ் ட் ர பதி   ப வ னில்   இருந்து   அணி வகு ப்பில்   வந்து கொண்டு   இரு க்கிறா ர்கள்",43
1219,அவர்கள் எங்கே போவார்கள்,அவர்கள்   எ ங்கே   போ வா ர்கள்,6
1220,முதலில் இண்டியா கேட்டுக்கு அப்புறம் கடைசியாக செங்கோட்டைக்குச் செல்வார்கள்,முதலில்   இ ண்டி யா   கேட்டு க்கு   அ ப்புற ம்   கடைசி யாக   செ ங் கோட்டை க்கு ச்   செல் வா ர்கள்,19
1221,ஒவ்வொருவரும் கடந்து போகும்போதும் அவர்கள் குடியரசுத் தலைவருக்கு மரியாதை செலுத்துவார்கள்,ஒவ்வொரு வரும்   கட ந்து   போ கும் போது ம்   அவர்கள்   கு டிய ரசு த்   தலை வருக்கு   ம ரியா தை   செலுத்து வா ர்கள்,21
1222,அவரும் பதிலுக்கு எப்படி எழுந்து நின்று அவர்களுக்கு ஊக்கம் கொடுக்கிறார் என்று பார்,அவ ரும்   பதி லுக்கு   எப்படி   எழு ந்து   நி ன்று   அவர்களுக்கு   ஊ க்கம்   கொடு க்கிறா ர்   என்று   பார்,17
1223,இதையெல்லாம் என்றாவது ஒரு நாள் நேரில் பார்க்க வேண்டுமென்று விரும்புகிறேன்,இதை யெ ல் லாம்   என்றா வது   ஒரு   நாள்   நே ரில்   பார்க்க   வேண்டு மெ ன்று   விரும்பு கி றே ன்,18
1224,பல்வேறு மாநிலங்களுடைய நிகழ்ச்சிகள் எல்லாம் முடிந்துவிட்டனவா,பல்வேறு   மாநில ங்களு டைய   நிகழ்ச்சி கள்   எல் லாம்   முடி ந்து விட்ட ன வா,13
1225,ராணுவத்தோட அணிவகுப்புக்கு அப்புறம் அது நடக்குமா,ராணுவ த்தோ ட   அணி வகு ப்புக்கு   அ ப்புற ம்   அது   நட க்கு மா,13
1226,"ஆமாம், எல்லா ரெஜிமென்ட்டுகளும் மார்ச் பண்ணி முடித்ததற்குப் பிறகு அதெல்லாம் வரும்","ஆ மா ம்,   எல் லா   ரெ ஜி மென் ட்டு களும்   மார்ச்   பண் ணி   முடி த்த தற்கு ப்   பிறகு   அ தெ ல் லாம்   வரும்",23
1227,ஒவ்வொரு மாநிலமும் ஒரு நாடகக் காட்சி மூலம் காட்சிப்படுத்தப்படும்,ஒவ்வொரு   மாநில மும்   ஒரு   நாடக க்   காட்சி   மூலம்   காட்சி ப்படுத்த ப்படும்,11
1228,"அந்தந்த மாநிலங்களுடைய வரலாறு, கலாசாரம், பாரம்பரியம், மேம்பாட்டுத் திட்டங்கள், சுற்றுச்சூழல் போன்ற விஷயங்களை இவை காட்சிப்படுத்தும்","அந்த ந்த   மாநில ங்களு டைய   வரலா று ,   கலா சார ம்,   பாரம்பரிய ம்,   மேம்பா ட்டு த்   திட்ட ங்கள்,   சுற்று ச்சூழ ல்   போன்ற   விஷய ங்களை   இவை   காட்சி ப்படுத்தும்",27
1229,கூடவே அனிமேஷன்ஸும் ஒலிகளும் இருக்கும்,கூட வே   அ னி மே ஷன் ஸு ம்   ஒலி களும்   இருக்கும்,11
1230,இது ரொம்ப வண்ணமயமான காட்சியாக இருக்கும்,இது   ரொ ம்ப   வ ண்ண மய மான   காட்சி யாக   இருக்கும்,10
1231,"ஆமாம், அதுதான் மொத்தப் பரேடிலேயே எனக்கு மிகவும் பிடித்த பகுதி","ஆ மா ம்,   அது தான்   மொத்த ப்   ப ரே டி லேயே   என க்கு   மிகவும்   பிடி த்த   பகுதி",17
1232,மேற்கு வங்கத்தின் நாடகக் காட்சியைச் சென்ற வருடம் எப்படி அலங்காரம் செய்திருந்தார்கள் என்று எனக்கு இன்னும் நியாபகம் இருக்கிறது,மேற்கு   வங்க த்தின்   நாடக க்   காட்சி யை ச்   செ ன்ற   வரு டம்   எப்படி   அல ங்கா ரம்   செய் திரு ந்தா ர்கள்   என்று   என க்கு   இன்னும்   நி யா ப கம்   இருக்கிற து,30
1233,அதில் இருந்த நடனக் கலைஞர்கள் வாங்க தேசத்து கிராமிய நடனத்தை ஆடியதும் எனக்கு நினைவில் இருக்கிறது,அதில்   இருந்த   நடன க்   கலை ஞர்கள்   வாங்க   தேச த்து   கிரா மிய   நடன த்தை   ஆ டிய தும்   என க்கு   நினை வில்   இருக்கிற து,22
1234,இந்த வருஷம் என்னென்னல்லாம் இருக்கிறது என்று பார்க்க ஆவலாக இருக்கிறேன்,இந்த   வரு ஷ ம்   என் னெ ன்ன ல் லாம்   இருக்கிற து   என்று   பார்க்க   ஆ வலாக   இரு க்கி றே ன்,19
1235,பொறுத்திருந்து பார்ப்போம்,பொறு த்தி ருந்து   பார் ப்போ ம்,6
1236,இன்று 12 மணிக்கு உனக்கு படம் வரையும் போட்டி இருக்கிறது என்பதை மறந்துவிடாதே,இன்று   12   மணி க்கு   உ ன க்கு   படம்   வரை யும்   போட்டி   இருக்கிற து   என்பதை   ம ற ந்து வி டா தே,20
1237,அதற்குத் தயாராகி விட்டாயா,அதற்கு த்   தயா ரா கி   விட்டா யா,7
1238,நான் ஏற்கனவே படம் வரைந்து பயிற்சி செய்துவிட்டேன்,நான்   ஏற்கனவே   படம்   வரை ந்து   பயிற்சி   செய்து வி ட் டே ன்,11
1239,குடியரசு தின அணிவகுப்புடைய ஒரு காட்சியைத்தான் நான் வரையப் போகிறேன்,கு டிய ரசு   தின   அணி வகு ப்பு டைய   ஒரு   காட்சி யை த்தா ன்   நான்   வரைய ப்   போ கி றே ன்,20
1240,எனக்கு பரிசு கிடைக்கும் என்று நம்புகிறேன்,என க்கு   பரிசு   கிடை க்கும்   என்று   ந ம்பு கி றே ன்,11
1241,பரிசுகளைப் பற்றி கவலைப்படாதே,பரிசு களை ப்   பற்றி   கவ லை ப்படா தே,8
1242,போட்டியில் மகிழ்ச்சியுடன் கலந்துகொள்,போட்டியில்   மகிழ்ச்சி யுடன்   கல ந்துகொள்,5
1243,என்னுடைய வாழ்த்துகள்,என் னு டைய   வாழ் த்து கள்,6
1244,ரொம்ப நன்றிப்பா,ரொ ம்ப   ந ன்றி ப்பா,5
1245,போட்டியினால் நான் பார்க்காமல் தவற விடுகிற பகுதியை நீங்கள் எனக்காகப் பாருங்கள்,போட்டி யி னால்   நான்   பார் க்காமல்   தவ ற   விடு கிற   பகுதி யை   நீங்கள்   என க்காக ப்   பா ரு ங்கள்,19
1246,நான் தூங்குவதற்கு முன்னால் அதைப் பற்றி உங்களிடம் கேட்டுத் தெரிந்து கொள்கிறேன்,நான்   தூ ங்கு வதற்கு   முன் னால்   அதை ப்   பற்றி   உங்களிடம்   கேட்டு த்   தெரி ந்து   கொள் கி றே ன்,18
1247,"ஹலோ, இது சமாதான் ஹெல்ப்லைனா","ஹ லோ ,   இது   சமா தான்   ஹெ ல் ப் லை னா",11
1248,"ஆமாங்க, உங்களுக்கு என்ன உதவி வேண்டும்","ஆ மா ங்க ,   உங்களுக்கு   என்ன   உதவி   வேண்டும்",8
1249,என் பெயர் ஹரீஷ்,என்   பெயர்   ஹ ரீ ஷ்,5
1250,நான் ஸ்வாமி விவேகானந்தா எஜுகேஷனல் இன்ஸ்டிடியூட்டில் இருந்து கால் பண்ணுகிறேன்,நான்   ஸ் வா மி   வி வே கான ந்தா   எ ஜு கே ஷ னல்   இன் ஸ்டி டி யூ ட்டில்   இருந்து   கால்   பண் ணு கி றே ன்,25
1251,வருவாய்வழி மற்றும் திறன் படிப்புதவித் தொகைத் தேர்வு திட்டத்தைப் பற்றி நான் தெரிந்துகொள்ள விரும்புகிறேன்,வருவாய் வழி   மற்றும்   திறன்   படி ப்பு தவி த்   தொகை த்   தேர்வு   திட்ட த்தை ப்   பற்றி   நான்   தெரி ந்துகொள்ள   விரும்பு கி றே ன்,22
1252,இந்தத் திட்டத்தைப் பற்றி எங்களுடைய மாணவர்களுக்குச் சொல்ல விரும்புகிறேன்,இந்த த்   திட்ட த்தை ப்   பற்றி   எ ங்களு டைய   மாண வர்களுக்கு ச்   சொ ல்ல   விரும்பு கி றே ன்,18
1253,"சரிங்க, பிற்படுத்தப்பட்ட, தகுதியுள்ள சிறுபான்மையின மாணவர்களுக்கு நிதி உதவி வழங்குவதுதான் இந்தத் திட்டத்தின் முதல் குறிக்கோள்","சரி ங்க ,   பி ற்ப டுத்த ப்பட்ட ,   தகுதி யுள்ள   சிறு பா ன்மை யின   மாண வர்களுக்கு   நிதி   உதவி   வழங்கு வது தான்   இந்த த்   திட்ட த்தின்   முதல்   குறி க்கோ ள்",29
1254,இந்த ஸ்காலர்ஷிப்பின் மூலம் அவர்கள் தொழில்துறை மற்றும் தொழில்நுட்பக் கல்வியைப் படிக்கலாம்,இந்த   ஸ் கால ர் ஷி ப்பின்   மூலம்   அவர்கள்   தொழில்துறை   மற்றும்   தொழில்நுட்ப க்   கல்வி யை ப்   படி க்கலாம்,17
1255,இந்தத் திட்டத்தை சிறுபான்மையினர் நலத்துறை அமைச்சகம் தொடங்கியிருக்கிறது,இந்த த்   திட்ட த்தை   சிறு பா ன்மை யினர்   ந ல த்துறை   அமைச்ச கம்   தொடங்கி யிரு க்கிற து,17
1256,ஆமாம் சார்,ஆ மா ம்   சார்,4
1257,"இந்த ஸ்காலர்ஷிப் இந்தியாவில் படிப்பதற்குத்தான் இல்லையா, சார்","இந்த   ஸ் கால ர் ஷி ப்   இந்தியாவில்   படி ப்பதற்கு த்தா ன்   இல்லை யா ,   சார்",15
1258,"ஆமாம், இந்தியாவில் இருக்கிற அரசு அல்லது தனியார் பல்கலைக்கழகத்தில் படிக்கிற மாணவர்களுக்கு மட்டும்தான் இந்த ஸ்காலர்ஷிப் கிடைக்கிறது","ஆ மா ம்,   இந்தியாவில்   இருக்கிற   அரசு   அல்லது   தனியார்   பல்கலைக்கழக த்தில்   படி க்கிற   மாண வர்களுக்கு   மட்டும் தான்   இந்த   ஸ் கால ர் ஷி ப்   கிடை க்கிற து",25
1259,இந்த ஸ்காலர்ஷிப் இளங்கலை பட்டப்படிப்பு படிக்கிற மாணவர்களுக்கு மட்டும்தான் கிடைக்கிறதா,இந்த   ஸ் கால ர் ஷி ப்   இள ங்க லை   பட்ட ப்படி ப்பு   படி க்கிற   மாண வர்களுக்கு   மட்டும் தான்   கிடை க்கிற தா,21
1260,"இல்லை, தொழில்நுட்ப, தொழில்முறை பாடங்களைப் படிக்கிற இளங்கலை மற்றும் முதுகலை மாணவர்களுக்கு இது கிடைக்கிறது","இல்லை ,   தொழில்நுட்ப ,   தொழில்முறை   பாட ங்களை ப்   படி க்கிற   இள ங்க லை   மற்றும்   மு து கலை   மாண வர்களுக்கு   இது   கிடை க்கிற து",23
1261,இந்த ஸ்காலர்ஷிப்புக்கு விண்ணப்பிக்க என்ன நிபந்தனைகள் இருக்கின்றன,இந்த   ஸ் கால ர் ஷி ப்புக்கு   வி ண்ண ப்பி க்க   என்ன   நி பந்த னை கள்   இரு க்கின்ற ன,18
1262,முந்தைய இறுதித் தேர்வில் குறைந்தது 50% அல்லது அதற்குச் சமமான மதிப்பெண்கள் வாங்கிய மாணவர்கள் இந்த ஸ்காலர்ஷிப்பிற்குத் தகுதி பெறுவார்கள்,முந்தைய   இறுதி த்   தேர் வில்   குறைந்த து   50 %   அல்லது   அதற்கு ச்   சம மான   மதி ப்பெ ண் கள்   வாங்கிய   மாண வர்கள்   இந்த   ஸ் கால ர் ஷி ப்பி ற்கு த்   தகுதி   பெறு வா ர்கள்,33
1263,அத்துடன் அவர்களுடைய பெற்றோர் அல்லது பாதுகாவலர்களுடைய மொத்த வருடாந்திர வருமானம் 2,அ த்துடன்   அவர் களு டைய   பெ ற்றோ ர்   அல்லது   பாதுகா வ லர் களு டைய   மொத்த   வருடாந்திர   வருமான ம்   2,19
1264,50 லட்சம் ரூபாய்க்குக் குறைவாக இருந்தாலும் ஸ்காலர்ஷிப் கிடைக்கும்,50   ல ட்ச ம்   ரூ பாய் க்கு க்   குறைவாக   இருந்தா லும்   ஸ் கால ர் ஷி ப்   கிடை க்கும்,18
1265,எத்தனை மாணவர்களுக்கு இந்த எம்சிஎம் கிடைக்கும்,எ த்தனை   மாண வர்களுக்கு   இந்த   எம் சி எம்   கிடை க்கும்,10
1266,"ஸ்காலர்ஷிப் புதுப்பித்தல்களுடன், 60,000 புது ஸ்காலர்ஷிப்கள் வரை வழங்குகிற நோக்கம் இருக்கிறது","ஸ் கால ர் ஷி ப்   புது ப்பி த்தல் களுடன் ,   60 ,000   புது   ஸ் கால ர் ஷி ப் கள்   வரை   வழங்கு கிற   நோ க்கம்   இருக்கிற து",26
1267,"இது உண்மையிலேயே பெரிய எண்ணிக்கைதான், தேவை இருக்கிற மாணவர்களுக்கு இது உதவிகரமாக இருக்கும்","இது   உண்மை யி லேயே   பெரிய   எண்ணிக்கை தான் ,   தேவை   இருக்கிற   மாண வர்களுக்கு   இது   உதவி கர மாக   இருக்கும்",17
1268,இந்த ஸ்காலர்ஷிப் மற்ற மாணவர்களுக்கும் ஒரு ஊக்கமாக இருக்கும்,இந்த   ஸ் கால ர் ஷி ப்   மற்ற   மாண வர் களுக்கும்   ஒரு   ஊ க்க மாக   இருக்கும்,15
1269,"ஆமாங்க, நீங்கள் சொல்வது சரிதான்","ஆ மா ங்க ,   நீங்கள்   சொல் வது   சரி தான்",9
1270,"இதில் ஒரு ஒதுக்கீடு இருக்கிறது, 30% ஸ்காலர்ஷிப் ஒவ்வொரு மாநிலத்தில்/யூனியன் பிரதேசத்தில் இருக்கிற சிறுபான்மையினப் பெண் மாணவர்களுக்கு ஒதுக்கப்பட்டிருக்கிறது","இதில்   ஒரு   ஒது க் கீ டு   இருக்கிற து,   30 %   ஸ் கால ர் ஷி ப்   ஒவ்வொரு   மாநிலத்தில் / யூனியன்   பிரதேச த்தில்   இருக்கிற   சிறு பா ன்மை யின ப்   பெண்   மாண வர்களுக்கு   ஒது க்க ப்பட்டிரு க்கிற து",35
1271,அருமை,அரு மை,2
1272,இந்த ஸ்காலர்ஷிப் எவ்வளவு காலத்திற்குக் கொடுக்கப்படுகிறது,இந்த   ஸ் கால ர் ஷி ப்   எவ்வளவு   காலத்திற்கு க்   கொடு க்கப்படு கிறது,12
1273,இந்த ஸ்காலர்ஷிப் முழு ஆண்டுக்கும்/கோர்ஸுடைய முழு காலத்திற்கும் கொடுக்கப்படுகிறது,இந்த   ஸ் கால ர் ஷி ப்   முழு   ஆண்டு க்கும் / கோ ர் ஸு டைய   முழு   காலத்திற்கு ம்   கொடு க்கப்படு கிறது,20
1274,"அப்புறம் ஒரு கல்வி ஆண்டுக்கு பராமரிப்பு உதவித்தொகையாக ஹாஸ்டல் மாணவர்களுக்கு 10,000 ரூபாயும், வெளி மாணவர்களுக்கு 5,000 ரூபாயும் நிலையாக வழங்கப்படுகிறது","அ ப்புற ம்   ஒரு   கல்வி   ஆண்டு க்கு   பராமரி ப்பு   உதவி த்தொகை யாக   ஹா ஸ் டல்   மாண வர்களுக்கு   10 ,000   ரூ பா யும்,   வெளி   மாண வர்களுக்கு   5 ,000   ரூ பா யும்   நிலை யாக   வழங்க ப்படு கிறது",35
1275,"நல்லது, ஸ்காலர்ஷிப்பிற்கு எப்படி விண்ணப்பிப்பது","நல்ல து,   ஸ் கால ர் ஷி ப்பி ற்கு   எப்படி   வி ண்ண ப்பி ப்பது",13
1276,இந்தத் திட்டம் தேசிய உதவித்தொகைத் திட்டம் மூலமாகச் செயல்படுத்தப்படுகிறது,இந்த த்   திட்ட ம்   தேசிய   உதவி த்தொகை த்   திட்ட ம்   மூல மாக ச்   செயல் படுத்த ப்படு கிறது,17
1277,எல்லா மாணவர்களும் www,எல் லா   மாண வர் களும்   w w w,8
1278,scholarships,s c h o l a r s h i p s,12
1279,gov,g o v,3
1280,in இணையதளம் மூலமாக ஆன்லைனில் விண்ணப்பிக்க வேண்டும்,i n   இணையதள ம்   மூல மாக   ஆன்லைனில்   வி ண்ண ப்பி க்க   வேண்டும்,12
1281,இது அவங்களுக்குப் பயனுள்ளதாக இருக்கும்,இது   அவ ங்களுக்கு ப்   பய னு ள்ள தாக   இருக்கும்,9
1282,தேசிய உதவித்தொகை இணையதளம் மூலமாக கூடுதல் விவரங்களை நீங்கள் டவுன்லோடு பண்ணிக்கலாம்,தேசிய   உதவி த்தொகை   இணையதள ம்   மூல மாக   கூடுதல்   விவர ங்களை   நீங்கள்   ட வு ன் லோ டு   பண் ணி க்கலாம்,19
1283,"நிச்சயமாக சார், ரொம்ப நன்றி","நி ச்ச யமாக   சா ர்,   ரொ ம்ப   ந ன்றி",9
1284,நல்லதுங்க,நல்ல து ங்க,3
1285,"வணக்கம், எனக்கு அடுத்த மாதம் கல்யாணம்","வண க்க ம்,   என க்கு   அடுத்த   மாதம்   கல் யா ணம்",10
1286,அதற்குத் தேவையான சட்டபூர்வ நடவடிக்கைகளைப் பற்றி உங்களால் சொல்ல முடியுமா,அதற்கு த்   தேவை யான   சட்ட பூ ர்வ   நடவடிக்கை களை ப்   பற்றி   உங்களால்   சொ ல்ல   முடி யு மா,17
1287,என் கல்யாணம் சட்டபூர்வமாகச் செல்லுபடியாக நான் என்ன செய்ய வேண்டும்,என்   கல் யா ணம்   சட்ட பூ ர்வ மாக ச்   செல் லு படி யாக   நான்   என்ன   செய்ய   வேண்டும்,17
1288,ஒரு கல்யாணம் சட்டபூர்வமாகச் செல்லுபடியாக வேண்டுமென்றால் அது ரிஜிஸ்டர் செய்யப்பட்டிருக்க வேண்டும்,ஒரு   கல் யா ணம்   சட்ட பூ ர்வ மாக ச்   செல் லு படி யாக   வேண்டு மெ ன்றால்   அது   ரி ஜி ஸ் டர்   செய்ய ப்பட்டி ருக்க   வேண்டும்,25
1289,மாப்பிள்ளை பெண் கையில் மேரேஜ் சர்ட்டிஃபிகேட் கிடைக்கும்போது ரிஜிஸ்ட்ரேஷன் ப்ராசஸ் முடியும்,மா ப்பி ள் ளை   பெண்   கையில்   மே ரே ஜ்   சர் ட் டிஃ பி கேட்   கிடை க்கும் போது   ரி ஜி ஸ்ட் ரே ஷன்   ப்ரா ச ஸ்   முடியும்,26
1290,மேரேஜ் சர்ட்டிஃபிகேட்டை வாங்க நான் என்ன செய்ய வேண்டும்,மே ரே ஜ்   சர் ட் டிஃ பி கே ட்டை   வாங்க   நான்   என்ன   செய்ய   வேண்டும்,14
1291,உங்கள் கல்யாணத்தைப் ரிஜிஸ்தர் செய்யச் சொல்லி நீங்கள் ஒரு அஃபிடவிட்டை சப்மிட் பண்ண வேண்டும்,உங்கள்   கல் யா ணத்தை ப்   ரி ஜி ஸ் தர்   செய்ய ச்   சொ ல்லி   நீங்கள்   ஒரு   அ ஃபி ட வி ட்டை   ச ப் மி ட்   பண் ண   வேண்டும்,27
1292,"தம்பதியாக அவர்களுக்குக் கல்யாணம் நடந்திருக்கிறது என்று ஜாயிண்ட் அஃபிடவிட்டை சப்மிட் பண்ணலாம், இல்லையென்றால் தனித்தனியாகவும் அஃபிடவிட்டை சப்மிட் பண்ணலாம்","த ம்ப தியாக   அவர்களுக்கு க்   கல் யா ணம்   நட ந்திரு க்கிற து   என்று   ஜா யி ண்ட்   அ ஃபி ட வி ட்டை   ச ப் மி ட்   பண் ண லாம்,   இல்லை யெ ன்றால்   தனி த்தனி யாகவும்   அ ஃபி ட வி ட்டை   ச ப் மி ட்   பண் ண லாம்",46
1293,இது இரண்டுக்கும் வித்தியாசம் இருக்கிறதா,இது   இரண்டு க்கும்   வி த்தியா சம்   இருக்கிற தா,8
1294,"பெரிதாக இல்லை, ஆனால் சில மாநிலங்களில் ஜாயிண்ட் அஃபிடவிட்டை சப்மிட் பண்ணுவது கட்டாயமாக இருக்கிறது","பெரி தாக   இல்லை ,   ஆனால்   சில   மாநில ங்களில்   ஜா யி ண்ட்   அ ஃபி ட வி ட்டை   ச ப் மி ட்   பண் ணு வது   கட்டா யமாக   இருக்கிற து",27
1295,"சரி, கல்யாணத்தை ரிஜிஸ்டர் செய்வதற்கான ஜாயிண்ட் அஃபிடவிட்டை சப்மிட் பண்ண என்ன செய்ய வேண்டும்","சரி ,   கல் யா ணத்தை   ரி ஜி ஸ் டர்   செய் வதற்கான   ஜா யி ண்ட்   அ ஃபி ட வி ட்டை   ச ப் மி ட்   பண் ண   என்ன   செய்ய   வேண்டும்",28
1296,"இந்தியாவில் கல்யாணத்தை ரிஜிஸ்டர் பண்ண இரண்டு சட்டங்கள் இருக்கின்றன, 1954 சிறப்பு திருமணச் சட்டம், 1955 இந்து திருமணச் சட்டம்","இந்தியாவில்   கல் யா ணத்தை   ரி ஜி ஸ் டர்   பண் ண   இரண்டு   சட்ட ங்கள்   இரு க்கின்ற ன,   195 4   சிறப்பு   திருமண ச்   சட்ட ம்,   195 5   இந்து   திருமண ச்   சட்ட ம்",30
1297,"ஒருவரது நம்பிக்கை, மதம் எதுவாக இருந்தாலும் முதலில் சொன்ன சட்டத்தின்கீழ் கல்யாணத்தை ரிஜிஸ்டர் செய்துகொள்ளலாம், வெளிநாடுகளில் வாழும் இந்தியர்களும் இதில்தான் ரிஜிஸ்டர் செய்ய வேண்டும்","ஒரு வர து   நம்பிக்கை ,   ம தம்   எது வாக   இருந்தா லும்   முதலில்   சொ ன்ன   சட்ட த்தின்கீழ்   கல் யா ணத்தை   ரி ஜி ஸ் டர்   செய்து கொள்ள லாம்,   வெளி நாடுகளில்   வா ழும்   இந்தி யர் களும்   இதில் தான்   ரி ஜி ஸ் டர்   செய்ய   வேண்டும்",41
1298,கலப்புத் திருமணங்களும் இந்தச் சட்டத்தின் கீழ்தான் ரிஜிஸ்டர் செய்யப்பட வேண்டும்,கல ப்பு த்   திருமண ங்களும்   இந்த ச்   சட்ட த்தின்   கீழ் தான்   ரி ஜி ஸ் டர்   செய்ய ப்பட   வேண்டும்,18
1299,"இரண்டாவதாகச் சொன்ன சட்டத்தின்கீழ், இந்து மதத்தைச் சேர்ந்த இரண்டு நபர்கள் ரிஜிஸ்டர் செய்துகொள்ளலாம், சமணம், புத்தம், சீக்கியத்தைச் சேர்ந்தவர்களுக்கும் இதுதான் பொருந்தும்","இரண்டா வதாக ச்   சொ ன்ன   சட்ட த்தின்கீழ் ,   இந்து   மத த்தை ச்   சேர்ந்த   இரண்டு   நப ர்கள்   ரி ஜி ஸ் டர்   செய்து கொள்ள லாம்,   சமண ம்,   புத்த ம்,   சீக்கிய த்தை ச்   சேர்ந்த வர் களுக்கும்   இது தான்   பொ ருந்து ம்",38
1300,"சிறப்புத் திருமணச் சட்டத்தின்கீழ், ஜாயிண்ட் அஃபிடவிட்டை சப்மிட் பண்ண என்ன செய்ய வேண்டும்","சிறப்பு த்   திருமண ச்   சட்ட த்தின்கீழ் ,   ஜா யி ண்ட்   அ ஃபி ட வி ட்டை   ச ப் மி ட்   பண் ண   என்ன   செய்ய   வேண்டும்",24
1301,"முதலில், உங்கள் மாவட்டத்தின் திருமணப் பதிவாளரிடம் கல்யாணம் செய்துகொள்ளப் போகிறீர்கள் என்று ஒரு நோட்டீசை சப்மிட் பண்ண வேண்டும்","முத லி ல்,   உங்கள்   மாவட்டத்தின்   திருமண ப்   பதி வா ள ரிடம்   கல் யா ணம்   செய்து கொள்ள ப்   போ கிறீர்கள்   என்று   ஒரு   நோ ட் டீ சை   ச ப் மி ட்   பண் ண   வேண்டும்",32
1302,"கல்யாணம் செய்துகொள்ளப் போகும் இரண்டு பேரில் ஒருவராவது, குறைந்தது முப்பது நாட்கள் வாழ்ந்துள்ள ஒரு இடத்தில் இருந்துதான் அதைச் செய்ய முடியும்","கல் யா ணம்   செய்து கொள்ள ப்   போ கும்   இரண்டு   பே ரில்   ஒரு வரா வது,   குறைந்த து   மு ப்பது   நாட் கள்   வாழ் ந்துள்ள   ஒரு   இடத்தில்   இருந்து தான்   அதை ச்   செய்ய   முடியும்",30
1303,"இந்த நோட்டீஸ் ரிஜிஸ்டர் ஆஃபீஸின் நோட்டீஸ் போர்டில் ஒட்டப்படும், இந்தக் கல்யாணத்துக்கு ஆட்சேபணை தெரிவிப்பவர்கள் இருந்தால் அவர்கள் முன்வந்து சொல்லலாம்","இந்த   நோ ட் டீ ஸ்   ரி ஜி ஸ் டர்   ஆ ஃ பீ ஸின்   நோ ட் டீ ஸ்   போர் டி ல்   ஒ ட்ட ப்படு ம்,   இந்த க்   கல் யா ண த்துக்கு   ஆ ட் சே ப ணை   தெரிவி ப்ப வர்கள்   இருந்தால்   அவர்கள்   முன் வந்து   சொ ல்ல லாம்",45
1304,30 நாட்களுக்குள் யாருக்கும் ஆட்சேபணை இல்லை என்றால் கல்யாணம் உறுதிசெய்யப்படுமா,30   நாட் களுக்கு ள்   யா ருக்கும்   ஆ ட் சே ப ணை   இல்லை   என்றால்   கல் யா ணம்   உறுதி செய்ய ப்படு மா,20
1305,"ஆமாம், பெண்ணும் மாப்பிள்ளையும் ஆஃபீஸுக்கு அழைக்கப்படுவார்கள்","ஆ மா ம்,   பெண் ணு ம்   மா ப்பி ள் ளை யும்   ஆ ஃ பீ ஸு க்கு   அழைக்கப்படு வா ர்கள்",19
1306,இரண்டு பேர் சார்பிலும் தலா 3 சாட்சிகளின் முன்னிலையில் கல்யாணம் உறுதிசெய்யப்படும்,இரண்டு   பேர்   சார் பி லும்   தலா   3   சா ட்சி களின்   முன் னி லை யில்   கல் யா ணம்   உறுதி செய்ய ப்படும்,20
1307,இந்த ஆறு சாட்சிகளும் தனித்தனியாகக் கையெழுத்து போட வேண்டும்,இந்த   ஆறு   சா ட்சி களும்   தனி த்தனி யாக க்   கை யெ ழு த்து   போ ட   வேண்டும்,16
1308,இந்து திருமண சட்டத்திற்கும் இதற்கும் என்ன வித்தியாசம்,இந்து   திருமண   சட்ட த்திற்கும்   இதற்கு ம்   என்ன   வி த்தியா சம்,10
1309,"ஒரு ஃபில் செய்யப்பட்ட ஃபார்ம், அவர்கள் திருமணத்தில் எடுத்த இரண்டு ஃபோட்டோஸ், திருமண அழைப்பிதழையும் சப்மிட் பண்ண வேண்டும்","ஒரு   ஃபி ல்   செய்யப்பட்ட   ஃ பார் ம்,   அவர்கள்   திருமண த்தில்   எ டுத்த   இரண்டு   ஃ போ ட்டோ ஸ்,   திருமண   அழை ப்பி த ழை யும்   ச ப் மி ட்   பண் ண   வேண்டும்",30
1310,"இரண்டு பேரும் அவர்களது அடையாளம், வயது, முகவரிக்கான ப்ரூஃபை சப்மிட் பண்ண வேண்டும்","இரண்டு   பே ரும்   அவர்க ளது   அடையாள ம்,   வய து,   முக வரி க்கான   ப் ரூஃ பை   ச ப் மி ட்   பண் ண   வேண்டும்",22
1311,கல்யாணம் செய்துகொள்ளும் சமயத்தில் முந்தைய வாழ்க்கைத் துணைவர் யாரும் உயிருடன் இல்லை என்று அவர்கள் தனித்தனி அஃபிடவிட்டில் அறிவித்து அதை முன்கூட்டியே நோட்டரைஸ் செய்து சப்மிட் பண்ண வேண்டும்,கல் யா ணம்   செய்து கொ ள்ளும்   சமய த்தில்   முந்தைய   வாழ்க்கை த்   துணை வர்   யா ரும்   உ யிரு டன்   இல்லை   என்று   அவர்கள்   தனி த்தனி   அ ஃபி ட வி ட்டில்   அறிவி த்து   அதை   முன் கூட்டி யே   நோ ட்ட ரை ஸ்   செய்து   ச ப் மி ட்   பண் ண   வேண்டும்,46
1312,கல்யாணத்தை இத்தனை நாட்களுக்குள் ரிஜிஸ்டர் செய்ய வேண்டும் என்று ஏதாவது இருக்கிறதா,கல் யா ணத்தை   இ த்தனை   நாட் களுக்கு ள்   ரி ஜி ஸ் டர்   செய்ய   வேண்டும்   என்று   ஏ தாவது   இருக்கிற தா,19
1313,கல்யாணத்தைப் பதிவுசெய்யும்போது சாட்சியாக யார் இருக்கலாம்,கல் யா ணத்தை ப்   பதிவு செய்யும் போது   சா ட்சி யாக   யார்   இருக்க லாம்,13
1314,இந்து திருமணச் சட்டப்படி கல்யாணம் ஆன ஒரு மாதத்துக்குள் நீங்கள் அதை ரிஜிஸ்டர் செய்திருக்க வேண்டும்,இந்து   திருமண ச்   சட்ட ப்படி   கல் யா ணம்   ஆன   ஒரு   மாத த்து க்குள்   நீங்கள்   அதை   ரி ஜி ஸ் டர்   செய் திரு க்க   வேண்டும்,23
1315,"பெண், மாப்பிள்ளை இரண்டு பேரும் 3 சாட்சிகள் முன்னிலையில் ரிஜிஸ்டரில் கையெழுத்து போட்டிருக்க வேண்டும்","பெண் ,   மா ப்பி ள் ளை   இரண்டு   பே ரும்   3   சா ட்சி கள்   முன் னி லை யில்   ரி ஜி ஸ் ட ரில்   கை யெ ழு த்து   போட்டி ருக்க   வேண்டும்",29
1316,ரிஜிஸ்டர் செய்யும்போது இரண்டு தரப்பில் இருந்தும் அம்மா அப்பா இல்லையென்றால் கார்டியன்ஸ் இருக்க வேண்டும்,ரி ஜி ஸ் டர்   செய்யும் போது   இரண்டு   தர ப்பில்   இருந்து ம்   அம் மா   அ ப்பா   இல்லை யெ ன்றால்   கார் டிய ன்ஸ்   இருக்க   வேண்டும்,23
1317,அஃபிடவிட்டுக்கு என்ன டாகுமெண்ட்ஸ் தேவை,அ ஃபி ட விட்டு க்கு   என்ன   டா கு மெ ண்ட் ஸ்   தேவை,12
1318,"அப்ளிகேஷன் ஃபார்ம், ஐடி ப்ரூஃப், அட்ரஸ் ப்ரூஃப், பிறந்த தேதிக்கான ப்ரூஃப், பெண், மாப்பிள்ளையின் இரண்டு பாஸ்போர்ட் சைஸ் ஃபோட்டோஸ் கண்டிப்பாகத் தேவைப்படும்","அ ப் ளி கே ஷன்   ஃ பார் ம்,   ஐ டி   ப் ரூஃ ப் ,   அ ட் ரஸ்   ப் ரூஃ ப் ,   பிறந்த   தேதி க்கான   ப் ரூஃ ப் ,   பெண் ,   மா ப்பி ள் ளை யின்   இரண்டு   பா ஸ் போர் ட்   சை ஸ்   ஃ போ ட்டோ ஸ்   க ண்டி ப்பாக த்   தேவை ப்படும்",52
1319,ஏற்கனவே விவாகரத்தானவராகவோ கணவன்/மனைவியை இழந்தவராகவோ இருந்தால் விவாகரத்து ஆணையோ இறப்புச் சான்றிதழோ தேவை,ஏற்கனவே   வி வாக ர த்தான வராக வோ   கண வன் / மனைவி யை   இழ ந்த வராக வோ   இருந்தால்   வி வாக ர த்து   ஆணை யோ   இற ப்பு ச்   சா ன்றி த ழோ   தேவை,31
1320,"ஹலோ, நான் முதல் முறையாக ஈ-விசாவுக்கு அப்ளை பண்ணுகிறேன்","ஹ லோ ,   நான்   முதல்   முறையாக   ஈ - வி சா வுக்கு   அ ப் ளை   பண் ணு கி றே ன்",19
1321,அப்ளை பண்ணுவதற்கு என்னென்ன டாகுமெண்ட்ஸ் தேவைப்படும் என்று உங்களால் சொல்ல முடியும் என்று நினைக்கிறேன்,அ ப் ளை   பண் ணு வதற்கு   என் னெ ன்ன   டா கு மெ ண்ட் ஸ்   தேவை ப்படும்   என்று   உங்களால்   சொ ல்ல   முடியும்   என்று   நினை க்கி றே ன்,26
1322,"கண்டிப்பாக, அழைத்ததற்கு நன்றி","க ண்டி ப்பாக ,   அழை த்த தற்கு   ந ன்றி",9
1323,உங்களுக்கு எந்த நாட்டுக்கான விசா வேண்டும்,உங்களுக்கு   எந்த   நாட்டு க்கான   வி சா   வேண்டும்,7
1324,எனக்கு இந்தியா போக டூரிஸ்ட் விசா வேண்டும்,என க்கு   இந்தியா   போ க   டூ ரி ஸ்ட்   வி சா   வேண்டும்,11
1325,நான் ஒரு வாரத்துக்கு அங்கே இருப்பேன்,நான்   ஒரு   வார த்துக்கு   அ ங்கே   இரு ப்பே ன்,9
1326,"சரி, உங்களுக்குத் தேவையான முக்கியமான டாகுமெண்ட் பாஸ்போர்ட்தான்","சரி ,   உங்களுக்கு த்   தேவை யான   முக்கியமான   டா கு மெ ண்ட்   பா ஸ் போர் ட் தான்",16
1327,நீங்கள் இந்தியாவுக்குப் போகப்போகிற அந்தத் தேதியில் உங்கள் பாஸ்போர்ட் குறைந்தது 6 மாதக் காலமாவது செல்லுபடியாகக் கூடியதாக இருக்க வேண்டும்,நீங்கள்   இந்தியா வுக்கு ப்   போ க ப்போ கிற   அந்த த்   தேதி யில்   உங்கள்   பா ஸ் போர் ட்   குறைந்த து   6   மாத க்   கால மா வது   செல் லு படி யாக க்   கூடிய தாக   இருக்க   வேண்டும்,34
1328,இதனாலேயே நிறைய விண்ணப்பங்கள் ரிஜக்ட் செய்யப்படுகின்றன,இத னா லேயே   நிறை ய   வி ண்ண ப்ப ங்கள்   ரி ஜ க் ட்   செய்ய ப்படு கின்றன,16
1329,"சரி, நான் ஏற்கனவே என் பாஸ்போர்ட்டைப் பார்த்துவிட்டேன், நீங்கள் சொல்வதுடன் அது ஒத்துப் போகிறது","சரி ,   நான்   ஏற்கனவே   என்   பா ஸ் போர் ட்டை ப்   பார் த்து வி ட் டே ன்,   நீங்கள்   சொல் வது டன்   அது   ஒ த்து ப்   போ கிறது",26
1330,வேறு ஏதேனும் தேவைப்படுமா,வேறு   ஏதேனும்   தேவை ப்படு மா,5
1331,"அப்படியா, நல்லது","அ ப்படி யா ,   நல்ல து",6
1332,அடுத்தது உங்களிடம் சரியான ஈமெயில் ஐடி இருக்க வேண்டும்,அடுத்த து   உங்களிடம்   சரியான   ஈ மெ யில்   ஐ டி   இருக்க   வேண்டும்,11
1333,"இந்த விஷயத்தில் நீங்கள் ரொம்பக் கவனமாக இருக்க வேண்டும், இந்திய விசாவுக்கான புராசஸ் முடிந்து அப்ரூவ் ஆனதும் நீங்கள் கொடுத்திருக்கும் மின்னஞ்சல் முகவரிக்கு அது நேரடியாக அனுப்பப்படும்","இந்த   விஷய த்தில்   நீங்கள்   ரொ ம்ப க்   கவன மாக   இருக்க   வேண்டும்,   இந்திய   வி சா வு க்கான   புரா ச ஸ்   முடி ந்து   அ ப் ரூ வ்   ஆன தும்   நீங்கள்   கொடு த்திரு க்கும்   மி ன்ன ஞ்சல்   முக வரி க்கு   அது   நேரடியாக   அனுப்ப ப்படும்",41
1334,எனது பர்சனல் ஐடி இல்லாமல் ஆஃபீஸ் ஐடியைப் பயன்படுத்தினால் பரவாயில்லையா,என து   பர் சன ல்   ஐ டி   இல்லாமல்   ஆ ஃ பீ ஸ்   ஐ டி யை ப்   ப யன்படுத்தி னால்   பர வா யில் லை யா,24
1335,பர்சனல் ஐடிக்கு வரும் ஈமெயில்களை நான் அடிக்கடி பார்ப்பதில்லை,பர் சன ல்   ஐ டி க்கு   வரும்   ஈ மெ யில் களை   நான்   அடிக்கடி   பார் ப்பதில் லை,16
1336,பிரச்சனை இல்லை,பிரச்சனை   இல்லை,2
1337,"அந்த ஈமெயில் ஐடி பயன்பாட்டில் இருக்க வேண்டும், அவ்வளவுதான்","அந்த   ஈ மெ யில்   ஐ டி   பயன் பா ட்டில்   இருக்க   வேண்டும்,   அவ் வளவு தான்",14
1338,இது எல்லாம் மட்டும் இருந்தால் போதுமா,இது   எல் லாம்   மட்டும்   இருந்தால்   போது மா,7
1339,இந்தியா போவதற்கான அனுமதி வாங்க நீங்கள் ஈ-விசா இந்தியாவுக்காகவும் ஆதாரங்களைத் தரவேண்டியிருக்கும்,இந்தியா   போ வதற்கான   அனுமதி   வாங்க   நீங்கள்   ஈ - வி சா   இந்தியா வு க்காக வும்   ஆதார ங்களை த்   தர வேண்டி யிரு க்கும்,21
1340,அப்ளை செய்பவர்கள் செல்லுபடியாகக்கூடிய அவர்களது பாஸ்போர்ட்டின் முதல் பக்கம் அல்லது பயோகிராஃபி பக்கத்தை ஸ்கேன் செய்து கலர் காப்பியை சப்மிட் பண்ண வேண்டும்,அ ப் ளை   செய் ப வர்கள்   செல் லு படி யாக க்கூடிய   அவர்க ளது   பா ஸ் போர் ட்டின்   முதல்   ப க்கம்   அல்லது   ப யோ கி ராஃ பி   ப க்கத்தை   ஸ்கே ன்   செய்து   கல ர்   கா ப்பி யை   ச ப் மி ட்   பண் ண   வேண்டும்,43
1341,அப்ளை செய்யும் ஒவ்வொருவரும் சமீபத்திய கலர் பாஸ்போர்ட் ஃபோட்டோவை சப்மிட் செய்ய வேண்டும்,அ ப் ளை   செய்யும்   ஒவ்வொரு வரும்   சமீப த்திய   கல ர்   பா ஸ் போர் ட்   ஃ போ ட்டோ வை   ச ப் மி ட்   செய்ய   வேண்டும்,24
1342,இவ்வளவு விவரங்களைச் சொல்றீங்களே,இவ் வளவு   விவர ங்களை ச்   சொல் றீ ங்களே,8
1343,நான் இதையெல்லாம் எழுதி வைத்துக் கொள்கிறேன்,நான்   இதை யெ ல் லாம்   எழுதி   வைத்து க்   கொள் கி றே ன்,12
1344,நல்ல யோசனை,நல்ல   யோ சனை,3
1345,உங்களுக்கு ஒரு டெபிட் கார்டு அல்லது கிரெடிட் கார்டும் தேவைப்படும்,உங்களுக்கு   ஒரு   டெ பி ட்   கார்டு   அல்லது   கிரெடிட்   கார் டும்   தேவை ப்படும்,12
1346,என்னிடம் இருக்கிறது,என் னி டம்   இருக்கிற து,5
1347,வேறு சந்தேகங்கள் ஏதாவது இருந்தால் நான் திரும்பவும் கால் பண்ணலாமா,வேறு   சந்தே க ங்கள்   ஏ தாவது   இருந்தால்   நான்   திரு ம்ப வும்   கால்   பண் ண லா மா,16
1348,"கண்டிப்பாக, எந்தச் சந்தேகமாக இருந்தாலும் தயக்கமில்லாமல் நீங்கள் கால் பண்ணலாம்","க ண்டி ப்பாக ,   எந்த ச்   சந்தே கமாக   இருந்தா லும்   த ய க்க மி ல்லா மல்   நீங்கள்   கால்   பண் ண லாம்",21
1349,இந்த வருஷம் நான் ஒரு ஃபாரீன் மொழியைக் கற்றுக்கொள்ள வேண்டும்,இந்த   வரு ஷ ம்   நான்   ஒரு   ஃ பா ரீ ன்   மொழி யை க்   க ற்று க்கொள்ள   வேண்டும்,17
1350,எந்த மொழியைத் தேர்ந்தெடுப்பது என்று தெரியவில்லை,எந்த   மொழி யை த்   தேர்ந்தெடு ப்பது   என்று   தெரிய வில்லை,9
1351,அளவுக்கதிகமான ஆப்ஷன்ஸ் இருக்கின்றன,அளவு க்க தி கமான   ஆ ப் ஷ ன்ஸ்   இரு க்கின்ற ன,11
1352,"உண்மையாகச் சொல்ல வேண்டுமென்றால், எனக்குக் குழப்பமாக இருக்கிறது","உண் மையாக ச்   சொ ல்ல   வேண்டு மெ ன்றால்,   என க்கு க்   குழ ப்ப மாக   இருக்கிற து",16
1353,நான் எந்த மொழியைக் கற்றுக்கொள்ள வேண்டும் என்று நீ நினைக்கிறாய்,நான்   எந்த   மொழி யை க்   க ற்று க்கொள்ள   வேண்டும்   என்று   நீ   நினை க்கிறா ய்,14
1354,என்னைக் கேட்டால் உனக்குப் பிடித்தமான மொழியைத் தேர்ந்தெடு என்றுதான் சொல்வேன்,என் னை க்   கே ட்டா ல்   உ ன க்கு ப்   பிடி த்த மான   மொழி யை த்   தேர்ந்தெடு   என்று தான்   சொல் வே ன்,22
1355,அப்பொழுதுதான் உனக்கு கற்றுக்கொள்ளும் ஆர்வம் வரும்,அ ப்பொ ழுது தான்   உ ன க்கு   க ற்று க்கொ ள்ளும்   ஆர்வ ம்   வரும்,14
1356,கட்டாயப்படுத்திப் படிக்க வைப்பதுபோன்ற உணர்வு உனக்கு இருக்காது,கட்டா ய ப்படுத்தி ப்   படி க்க   வை ப்பது போன்ற   உணர் வு   உ ன க்கு   இரு க்கா து,17
1357,அதுதான் பிரச்சினையே,அது தான்   பிர ச்சி னை யே,6
1358,எனக்கு எல்லா மொழியையும் பிடித்திருக்கிறது,என க்கு   எல் லா   மொழி யையும்   பிடி த்திரு க்கிற து,10
1359,என்னைக் கேட்டால் நான் எல்லா மொழியையும் தேர்ந்தெடுப்பேன்,என் னை க்   கே ட்டா ல்   நான்   எல் லா   மொழி யையும்   தேர்ந்தெடு ப்பே ன்,14
1360,ஆனால் அடுத்த ஆண்டுக்கு நான் ஒரு மொழியைத்தான் தேர்ந்தெடுக்க முடியும்,ஆனால்   அடுத்த   ஆண்டு க்கு   நான்   ஒரு   மொழி யை த்தா ன்   தேர்ந்தெ டுக்க   முடியும்,13
1361,அப்படியென்றால் உனக்கு மிகவும் உதவியாக இருக்கக்கூடிய மொழியை எடு என்றுதான் நான் சொல்வேன்,அ ப்படி யெ ன்றால்   உ ன க்கு   மிகவும்   உதவி யாக   இருக்க க்கூடிய   மொழி யை   எடு   என்று தான்   நான்   சொல் வே ன்,21
1362,உனக்கு எதிர்காலத்தில் உதவக்கூடிய மொழி,உ ன க்கு   எதிர் காலத்தில்   உத வ க்கூடிய   மொழி,9
1363,எதிர்காலத்தில் நீ என்ன வேலை செய்ய விரும்புகிறாய் என்பதை முடிவு செய்து விட்டாயா,எதிர் காலத்தில்   நீ   என்ன   வேலை   செய்ய   விரும்பு கிறா ய்   என்பதை   முடிவு   செய்து   விட்டா யா,14
1364,அப்படியெல்லாம் நான் எதுவும் முடிவு செய்யவில்லை,அ ப்படி யெ ல் லாம்   நான்   எதுவும்   முடிவு   செய்ய வில்லை,10
1365,எந்தெந்த மொழி எந்தெந்த துறைகளுக்கு உதவியாக இருக்கும் என்று சொல்கிறாயா,எ ந்தெ ந்த   மொழி   எ ந்தெ ந்த   துறை களுக்கு   உதவி யாக   இருக்கும்   என்று   சொல் கிறா யா,16
1366,தேர்ந்தெடுப்பதற்கு எனக்கு அது உதவியாக இருக்கும்,தேர்ந்தெடு ப்பதற்கு   என க்கு   அது   உதவி யாக   இருக்கும்,8
1367,"இலக்கியம் படிக்க வேண்டுமென்றால், ஃபிரெஞ்சு கற்றுக்கொள்வது சிறந்தது","இலக்கிய ம்   படி க்க   வேண்டு மெ ன்றால்,   ஃபி ரெ ஞ்சு   க ற்று க்கொள் வது   சிறந்த து",16
1368,அந்த மொழியில் படிப்பதற்கான ஏராளமான படைப்புகள் உள்ளன,அந்த   மொழி யில்   படி ப்பதற்கான   ஏராளமான   படை ப்புகள்   உள்ளன,9
1369,"பொழுதுபோக்குத் துறையில் வேலை செய்ய வேண்டுமென்றால், கொரிய மொழி உதவியாக இருக்கும்","பொழுது போக்கு த்   துறை யில்   வேலை   செய்ய   வேண்டு மெ ன்றால்,   கொ ரிய   மொழி   உதவி யாக   இருக்கும்",16
1370,"கே-பாப், கே-டிராமாக்கள் இப்பொழுதெல்லாம் மிகவும் பிரபலமாக இருக்கின்றன","கே - பா ப் ,   கே - டி ரா மா க்கள்   இ ப்பொ ழு தெ ல் லாம்   மிகவும்   பிரபலமாக   இரு க்கின்ற ன",22
1371,சுற்றுலாத்துறையில் வேலை செய்யவேண்டும் என்றால் ஸ்பானிஷ் கற்றுக்கொள்ளலாம்,சுற்றுலா த்துறை யில்   வேலை   செய்ய வேண்டும்   என்றால்   ஸ் பா னி ஷ்   க ற்று க்கொள்ள லாம்,15
1372,கேட்கவே அருமையாக இருக்கிறது,கேட் க வே   அரு மையாக   இருக்கிற து,7
1373,என்னுடைய மேற்படிப்பில் நான் சயின்ஸ் படிக்க வேண்டுமென்று நினைக்கிறேன்,என் னு டைய   மேற்ப டி ப்பில்   நான்   ச யின் ஸ்   படி க்க   வேண்டு மெ ன்று   நினை க்கி றே ன்,19
1374,அறிவியல் சார்ந்த படிப்புகளுக்கு என்னென்ன மொழிகள் சிறப்பாக இருக்கும்,அறிவி யல்   சார்ந்த   படி ப்பு களுக்கு   என் னெ ன்ன   மொழி கள்   சிற ப்பாக   இருக்கும்,14
1375,ஜெர்மன் சிறப்பாகப் பொருந்தும்,ஜெ ர் மன்   சிற ப்பாக ப்   பொ ருந்து ம்,9
1376,"ஆரம்பகால அறிவியல் சார்ந்த ஆவணங்கள் பெரும்பாலும் ஜெர்மன் மொழியில் உள்ளன, அதனால் அந்த மொழி உதவியாக இருக்கும்","ஆரம்பகால   அறிவி யல்   சார்ந்த   ஆவண ங்கள்   பெரும்பாலும்   ஜெ ர் மன்   மொழி யில்   உள்ளன,   அதனால்   அந்த   மொழி   உதவி யாக   இருக்கும்",19
1377,"அத்துடன், ஜெர்மனியில் மேற்படிப்பிற்கான வாய்ப்புகள் அதிகமாக இருக்கின்றன","அ த்துடன் ,   ஜெ ர் மனி யில்   மேற்ப டி ப்பி ற்கா ன   வாய் ப்புகள்   அதிகமாக   இரு க்கின்ற ன",18
1378,தொழில்நுட்பத் துறையில் நுழைய வேண்டுமென்றால் சீன மொழி படிப்பது நல்லது,தொழில்நுட்ப த்   துறை யில்   நுழை ய   வேண்டு மெ ன்றால்   சீன   மொழி   படி ப்பது   நல்ல து,15
1379,அவர்கள் தொழில்நுட்பங்களைக் கண்டுபிடிக்கும் வேகத்திற்கு ஈடுகொடுக்க அந்த மொழி தெரிவது அவசியம்,அவர்கள்   தொழில்நுட்ப ங்களை க்   கண்டுபிடி க்கும்   வேக த்திற்கு   ஈடு கொ டுக்க   அந்த   மொழி   தெரி வது   அவசிய ம்,17
1380,எதிர்காலத்தில் தேர்ந்தெடுக்க இது எனக்கு உதவிகரமாக இருக்கும்,எதிர் காலத்தில்   தேர்ந்தெ டுக்க   இது   என க்கு   உதவி கர மாக   இருக்கும்,11
1381,"மாணவர்களே, எல்லாருக்கும் குட் மார்னிங்","மாண வர் க ளே ,   எல் லா ருக்கும்   கு ட்   மார் னி ங்",13
1382,எல்லாரும் நல்லா இருக்கீங்களா,எல் லா ரும்   ந ல்லா   இரு க் கீ ங்களா,9
1383,"போன வகுப்பில் நாம் நதிகள் பற்றிப் பேச ஆரம்பித்தோம், ஞாபகம் இருக்கிறதா","போ ன   வகு ப்பில்   நா ம்   நதி கள்   பற்றி ப்   பேச   ஆ ரம் பி த்தோ ம்,   ஞா ப கம்   இருக்கிற தா",21
1384,"நம்ம நாட்டில் பிரபலமான சில நதிகள் பற்றி, அதோட சில தனித்துவமான அம்சங்கள் பற்றி உங்களுக்குத் தெரிந்ததை சொல்ல முடியுமா","ந ம்ம   நாட்டில்   பிரபலமான   சில   நதி கள்   பற்றி ,   அ தோ ட   சில   தனித்துவமான   அம்ச ங்கள்   பற்றி   உங்களுக்கு த்   தெரி ந்த தை   சொ ல்ல   முடி யு மா",27
1385,குட் மார்னிங் லியா மிஸ்,கு ட்   மார் னி ங்   லியா   மி ஸ்,8
1386,போன வகுப்பில் நாம் சில நதிகள் பற்றி பேசியது ஞாபகம் இருக்கிறது,போ ன   வகு ப்பில்   நா ம்   சில   நதி கள்   பற்றி   பே சிய து   ஞா ப கம்   இருக்கிற து,18
1387,"நாம் கங்கா நதியைப் பற்றிப் பேசினோம், இதற்கு கங்கைன்னு இன்னொரு பெயரும் இருக்கிறது, இதுதான் இந்தியாவிலேயே மிக நீளமான நதி, இதற்கு நிறைய ஆன்மீக முக்கியத்துவமும் இருக்கிறது, அதே நேரத்தில் ரொம்ப மாசு அடைந்த நதிகளில் இதுவும் ஒன்று","நா ம்   க ங்கா   நதி யை ப்   பற்றி ப்   பேசி னோ ம்,   இதற்கு   கங்கை ன் னு   இன் னொ ரு   பெய ரும்   இருக்கிற து,   இது தான்   இந்தியா வி லேயே   மிக   நீ ளமான   நதி ,   இதற்கு   நிறை ய   ஆன் மீ க   முக்கிய த்துவ மும்   இருக்கிற து,   அதே   நேரத்தில்   ரொ ம்ப   மா சு   அடை ந்த   நதி களில்   இது வும்   ஒன்று",57
1388,"இமாச்சலப் பிரதேசத்தில் உள்ள கங்கோதிரி என்னும் இடத்தில் உற்பத்தி ஆகிறது, இதோட நீளம் கிட்டத்தட்ட 2525 கிலோமீட்டர், இது இந்தியாவோட 15 பெரிய நகரங்கள் வழியாக ஓடுகிறது","இ மா ச்ச ல ப்   பிரதேச த்தில்   உள்ள   க ங்கோ திரி   என் னும்   இடத்தில்   உற்பத்தி   ஆகி ற து,   இ தோ ட   நீ ளம்   கிட்டத்தட்ட   25 25   கிலோ மீட்ட ர்,   இது   இந்தியா வோ ட   15   பெரிய   நகர ங்கள்   வழியாக   ஓ டு கிறது",41
1389,"அப்புறம், உலகத்திலேயே மிகப்பெரிய டெல்டா பகுதிகளையும் இது உருவாக்கியிருக்கிறது, உதாரணமாக, மேற்கு வங்காளத்தில் உள்ள சுந்தர்பன்ஸ்","அ ப்புற ம்,   உலக த்தி லேயே   மிகப்பெரிய   டெ ல் டா   பகுதி களையும்   இது   உருவாக்கி யிரு க்கிற து,   உதாரணமாக,   மேற்கு   வங்காள த்தில்   உள்ள   சு ந்தர் ப ன்ஸ்",26
1390,உனக்கு இண்டஸ் பற்றி ஞாபகம் இருக்கிறதா,உ ன க்கு   இ ண்ட ஸ்   பற்றி   ஞா ப கம்   இருக்கிற தா,12
1391,"இந்து சமவெளி நாகரிகம் என்கிற மிகப்பெரிய பழமையான மனித நாகரிகம் உருவாக இந்த நதி ஆதாரமாக இருந்தது, இதற்கு மிகப் பெரிய வரலாற்று முக்கியத்துவமும் இருக்கிறது","இந்து   சமவெளி   நா கரி கம்   என் கிற   மிகப்பெரிய   பழ மையான   மனித   நா கரி கம்   உரு வாக   இந்த   நதி   ஆதார மாக   இருந்த து,   இதற்கு   மிக ப்   பெரிய   வரலாற்று   முக்கிய த்துவ மும்   இருக்கிற து",32
1392,"ஆமாம், இதற்கு சிந்து என்கிற பெயரும் இருக்கிறது என்று நீங்கள் சொன்னீங்க","ஆ மா ம்,   இதற்கு   சிந்து   என் கிற   பெய ரும்   இருக்கிற து   என்று   நீங்கள்   சொ ன் னீ ங்க",17
1393,"இது சீனா, பாகிஸ்தான், இந்தியா வழியாகவும் ஓடுகிறது","இது   சீ னா,   பாகிஸ்தான் ,   இந்தியா   வழியாக வும்   ஓ டு கிறது",11
1394,"இந்த நதி இந்தியாவில் ஐந்து சதவீதம் தான் ஓடுகிறது, இருந்தாலும் நாகரிகம், பொருளாதாரம் என்று பார்க்கும்போது இது ஒரு மிக முக்கியமான நதி","இந்த   நதி   இந்தியாவில்   ஐந்து   சதவீ தம்   தான்   ஓ டு கிறது,   இருந்தா லும்   நா கரி க ம்,   பொருளா தா ரம்   என்று   பார் க்கும் போது   இது   ஒரு   மிக   முக்கியமான   நதி",28
1395,"மிஸ், நீங்க​ள் 'இந்தியா', 'இண்டஸ்' என்கிற வார்த்தைகளோட முக்கியத்துவத்தைப் பற்றியும் ஏதோ சொன்னீர்கள், அதைத் திரும்பவும் சொல்கிறீர்களா","மி ஸ்,   நீ ங்க ​ ள்   ' இந்தியா ' ,   ' இ ண்ட ஸ் '   என் கிற   வார்த்தை க ளோ ட   முக்கிய த்துவ த்தை ப்   பற்றி யும்   ஏ தோ   சொ ன் னீ ர்கள்,   அதை த்   திரு ம்ப வும்   சொல் கிறீ ர்களா",41
1396,வடமேற்கு இந்தியா வழியாகப் பாகிஸ்தானுக்குள் பாய்கிற இண்டஸ் நதி நீர்வழிக்கு 'சிந்து' என்கிற சமஸ்கிருத வார்த்தையிலிருந்துதான் பெயர் வந்தது,வட மேற்கு   இந்தியா   வழியாக ப்   பாகிஸ்தா னுக்கு ள்   பாய் கிற   இ ண்ட ஸ்   நதி   நீர் வழி க்கு   ' சிந்து '   என் கிற   சமஸ் கிரு த   வார்த்தை யிலிருந்து தான்   பெயர்   வந்த து,31
1397,"பாரசீகர்கள் இண்டஸ் நதியைச் சுற்றி இருக்கும் நிலப்பகுதிக்கு இந்துன்னு பெயர் வைத்தார்கள், ஆனால் இது ‘சிந்து’ என்கிற சமஸ்கிருத சொல்லோட பிழையான உச்சரிப்பு, எப்படியோ இதனால் தான் இண்டஸிலிருந்து இந்தியா என்கிற பெயர் வந்தது","பாரசீக ர்கள்   இ ண்ட ஸ்   நதி யை ச்   சு ற்றி   இருக்கும்   நில ப்பகுதி க்கு   இந்து ன் னு   பெயர்   வை த்தா ர்கள்,   ஆனால்   இது   ‘ சிந்து ’   என் கிற   சமஸ் கிரு த   சொல் லோ ட   பி ழை யான   உ ச்சரி ப்பு,   எப்படி யோ   இதனால்   தான்   இ ண்ட ஸி லிருந்து   இந்தியா   என் கிற   பெயர்   வந்த து",54
1398,"ஆமாம் மிஸ், நீங்கள் இதைப் பற்றியெல்லாம் சொல்லிக் கொடுத்தீர்கள், நன்றி","ஆ மா ம்   மி ஸ்,   நீங்கள்   இதை ப்   பற்றி யெ ல் லாம்   சொ ல்லி க்   கொடு த்தீ ர்கள்,   ந ன்றி",20
1399,"அப்புறம், இந்தியாவோட​ மிகப்பெரிய​ நதியான பிரம்மபுத்திரா பற்றிப் பேசினோமே, ஞாபகம் இருக்கிறதா","அ ப்புற ம்,   இந்தியா வோ ட ​   மிகப்பெரிய ​   நதி யான   பிரம்ம புத்தி ரா   பற்றி ப்   பேசி னோ மே ,   ஞா ப கம்   இருக்கிற தா",25
1400,அது தோன்றுகிற இடம் எது,அது   தோன்று கிற   இடம்   எது,5
1401,"அங்கே அதற்கு வேறு பெயர் இருக்கிறது, அது என்ன","அ ங்கே   அதற்கு   வேறு   பெயர்   இருக்கிற து,   அது   என்ன",9
1402,"இருக்கு மிஸ், அது தோன்றுகிற இடம் கைலாஷ் மலையுச்சிக்குப் பக்கத்தில் உள்ள ஆங்ஸீ பனிப்பாறை, அதற்கு 'யார்லங் ஸாங்போ' அப்படின்னு இன்னொரு பெயரும் இருக்கிறது","இரு க்கு   மி ஸ்,   அது   தோன்று கிற   இடம்   கை லா ஷ்   மலை யு ச்சி க்கு ப்   பக்க த்தில்   உள்ள   ஆ ங் ஸீ   பனி ப்பாறை ,   அதற்கு   ' யார் ல ங்   ஸா ங் போ '   அ ப்படி ன் னு   இன் னொ ரு   பெய ரும்   இருக்கிற து",45
1403,"அதோட டெல்டாப் பகுதியில் 13 கோடி மக்கள் வசிக்கிறாங்க, இந்த நதிக்கு நடுவில் இருக்கும் தீவுகளில் மட்டும் 6,00,000 மக்கள் வசிக்கிறாங்க","அ தோ ட   டெ ல் டா ப்   பகுதியில்   13   கோ டி   மக்கள்   வசி க்கிறா ங்க ,   இந்த   நதி க்கு   நடு வில்   இருக்கும்   தீவு களில்   மட்டும்   6 , 00 ,000   மக்கள்   வசி க்கிறா ங்க",33
1404,"மிஸ் எனக்கு ஒரு சந்தேகம், கங்கா, பிரம்மபுத்திரா ரெண்டுமே இந்தியாவோட மிகப்பெரிய​ நதிகளாக எப்படி இருக்க முடியும்","மி ஸ்   என க்கு   ஒரு   சந்தே க ம்,   க ங்கா ,   பிரம்ம புத்தி ரா   ரெ ண்டு மே   இந்தியா வோ ட   மிகப்பெரிய ​   நதி களாக   எப்படி   இருக்க   முடியும்",27
1405,கங்காவைவிட​ பிரம்மபுத்திராதானே நீளமாக இருக்கு,க ங்கா வை விட ​   பிரம்ம புத்தி ரா தா னே   நீள மாக   இரு க்கு,14
1406,"கங்காதான் மிக நீளமான நதி, ஆனால் நதியில் ஓடுற நீர் அளவை வைத்துப் பார்த்தால் பிரம்மபுத்திராதான் மிகப்பெரிய நதி","க ங்கா தான்   மிக   நீ ளமான   நதி ,   ஆனால்   நதி யில்   ஓ டு ற   நீர்   அள வை   வைத்து ப்   பார் த்தால்   பிரம்ம புத்தி ரா தான்   மிகப்பெரிய   நதி",27
1407,"கங்காவை அடுத்து, இரண்டாவது மிக நீளமான நதி கோதாவரி, இது தென்னிந்தியாவின் மிக நீளமான நதி, இதை தக்ஷிண கங்கா அப்படின்னும் சொல்வார்கள்","க ங்கா வை   அ டுத்து ,   இரண்டாவது   மிக   நீ ளமான   நதி   கோ தா வரி ,   இது   தென்னிந்தியா வின்   மிக   நீ ளமான   நதி ,   இதை   த க் ஷி ண   க ங்கா   அ ப்படி ன் னும்   சொல் வா ர்கள்",37
1408,"இந்த நதி பல்லாயிரம் வருஷமாக இந்து வேதங்களில் போற்றப்பட்டிருக்கிறது, அதோட இன்னைக்கு வரைக்கும் அதற்கு ரொம்ப செழிப்பான கலாசாரப்​ பாரம்பரியமும் இருக்கிறது","இந்த   நதி   பல் லா யி ரம்   வரு ஷ மாக   இந்து   வேத ங்களில்   போ ற்ற ப்பட்டிரு க்கிற து,   அ தோ ட   இன் னை க்கு   வரை க்கும்   அதற்கு   ரொ ம்ப   செ ழி ப்பான   கலா சார ப் ​   பாரம்பரிய மும்   இருக்கிற து",39
1409,"அப்புறம், அழிந்துவரும் ஆலிவ் ரிட்லி ஆமைகள் கூடு கட்டும் முக்கியமான இடமாகக் கிருஷ்ணா-கோதாவரி பேசின் இருக்கிறது","அ ப்புற ம்,   அழி ந்து வரும்   ஆ லி வ்   ரி ட் லி   ஆ மை கள்   கூடு   கட்டு ம்   முக்கியமான   இட மாக க்   கிருஷ் ணா - கோ தா வரி   பே சின்   இருக்கிற து",32
1410,"ஆமாம், சரியாகச் சொன்னாய்","ஆ மா ம்,   சரி யாக ச்   சொ ன் னா ய்",10
1411,"நீ நதிகளைப் பற்றிய​ தகவல்களை இவ்வளவு விவரமாகத் தெரிஞ்சு வச்சிருக்கிறயே, எனக்கு ரொம்ப​ ஆச்சர்யமாக​ இருக்கிறது","நீ   நதி களை ப்   பற்றிய ​   தகவல்களை   இவ் வளவு   விவர மாக த்   தெரி ஞ்சு   வ ச்சி ரு க்கிற யே ,   என க்கு   ரொ ம்ப ​   ஆ ச்ச ர் யமாக ​   இருக்கிற து",32
1412,"நன்றி மிஸ், இதில் பெரும்பாலான விஷயம் போன​ வகுப்பில் நீங்கள் சொல்லிக் கொடுத்ததுதான்","ந ன்றி   மி ஸ்,   இதில்   பெரும்பாலான   விஷ யம்   போ ன ​   வகு ப்பில்   நீங்கள்   சொ ல்லி க்   கொ டுத்த து தான்",21
1413,"சரி, அடுத்த வகுப்பில்​ இன்னும் நிறைய கற்றுக் கொள்வோம்","சரி ,   அடுத்த   வகு ப்பில் ​   இன்னும்   நிறை ய   க ற்று க்   கொள் வோ ம்",15
1414,இப்போது நேரம் ஆகிவிட்டது,இப்போது   நேரம்   ஆகி விட்ட து,5
1415,"நாளை பார்ப்போம், பிள்ளைகளே","நா ளை   பார் ப்போ ம்,   பிள் ளை க ளே",9
1416,"ஹே என்னாச்சு, ஏன் ரொம்ப கவலையாக இருக்கிறாய்","ஹே   என் னா ச்சு ,   ஏ ன்   ரொ ம்ப   கவ லை யாக   இரு க்கிறா ய்",15
1417,"ஆமாம், நான் ரொம்ப​ நேரமாக ஒரிசா புயல் பற்றி நியூஸ் பார்த்துகிட்டு இருக்கேன்","ஆ மா ம்,   நான்   ரொ ம்ப ​   நேர மாக   ஒ ரி சா   பு யல்   பற்றி   நியூ ஸ்   பார் த்து கி ட்டு   இரு க்கே ன்",24
1418,"புயலடிக்க ஆரம்பித்து ரெண்டாவது நாள்தான் ஆகிறது, ஆனால் பாரு, ஊரே அலங்கோலமாக இருக்கிறது","பு ய ல டி க்க   ஆ ரம் பி த்து   ரெ ண்டா வது   நாள் தான்   ஆகி ற து,   ஆனால்   பா ரு ,   ஊ ரே   அல ங்கோ ல மாக   இருக்கிற து",29
1419,அடிப்படைத் தேவைகளுக்குக்கூட​ வெளியே போக முடியாமல் கஷ்டமாக இருக்கிறது,அடிப்படை த்   தேவை களுக்கு க்கூ ட ​   வெளியே   போ க   முடியா மல்   க ஷ் ட மாக   இருக்கிற து,18
1420,"நல்ல வேளை, எங்கள் ஏரியாவில் கரண்ட் இன்னும் இருக்கிறது, மற்ற ஏரியாவில் எல்லாம் கரண்ட் இல்லை","நல்ல   வேளை ,   எ ங்கள்   ஏ ரியா வில்   கர ண்ட்   இன்னும்   இருக்கிற து,   மற்ற   ஏ ரியா வில்   எல் லாம்   கர ண்ட்   இல்லை",22
1421,"அப்படியா, கேட்கவே ரொம்ப​ கஷ்டமாக இருக்கிறது","அ ப்படி யா ,   கேட் க வே   ரொ ம்ப ​   க ஷ் ட மாக   இருக்கிற து",16
1422,நீயும் உன் குடும்பமும் பாதுகாப்பாக இருக்கீங்களா,நீ யும்   உ ன்   குடும்ப மும்   பாதுகா ப்பாக   இரு க் கீ ங்களா,12
1423,இன்னும் எவ்வளவு நாளுக்கு இப்படியே இருக்கும்னு உனக்கு ஏதாவது தெரியுமா,இன்னும்   எவ்வளவு   நா ளுக்கு   இ ப்படி யே   இருக்கும் னு   உ ன க்கு   ஏ தாவது   தெரி யு மா,17
1424,"முன்னாடி சொன்ன வானிலை அறிக்கையின்படியும் சரி, இன்னைக்குச் சொன்னதுபடியும் சரி, இந்தப் புயல் சுமார் மூன்று நாளைக்குத் தொடரும்","முன்னா டி   சொ ன்ன   வானிலை   அறிக்கை யின் படி யும்   சரி ,   இன் னை க்கு ச்   சொ ன்ன து படி யும்   சரி ,   இந்த ப்   பு யல்   சுமார்   மூன்று   நா ளை க்கு த்   தொட ரும்",34
1425,"ஆனால் இது எல்லாவற்றையும் விட, இதனால் ஏற்படக்கூடிய​ பாதிப்புகளை நினைத்தால்தான் எனக்கு ரொம்ப​ கவலையாக இருக்கிறது","ஆனால்   இது   எல் லா வற்றை யும்   விட ,   இதனால்   ஏற்பட க்கூடிய ​   பாதி ப்புகளை   நினை த்தால் தான்   என க்கு   ரொ ம்ப ​   கவ லை யாக   இருக்கிற து",27
1426,"கடைசியாக 2020இல் வந்த புயல் இரண்டு நாள் இருந்துச்சு, அப்போது சில பகுதிகளில் 15 நாள் கழித்துதான் கரண்ட் திரும்ப வந்தது","கடைசி யாக   20 20 இல்   வந்த   பு யல்   இரண்டு   நாள்   இருந்து ச்சு ,   அப்போது   சில   பகுதிகளில்   15   நாள்   கழி த்து தான்   கர ண்ட்   திரு ம்ப   வந்த து",27
1427,இயற்கை பேரழிவு ஏற்படும்போது ஒரிசாவில் எப்போதுமே இந்த மாதிரியான பாதிப்பு ரொம்ப அதிகமாகவே இருக்கும்,இயற்கை   பேர ழி வு   ஏற்படும் போது   ஒ ரி சா வில்   எப்போது மே   இந்த   மாதிரி யான   பாதி ப்பு   ரொ ம்ப   அதிகமாக வே   இருக்கும்,22
1428,நீ கூட​ ஒரிசாவுக்கு 2020இல் வந்திருந்த இல்லையா,நீ   கூட ​   ஒ ரி சா வுக்கு   20 20 இல்   வ ந்தி ருந்த   இல்லை யா,15
1429,அப்போ புயல் அடித்தப்போது​ இங்கேதான் இருந்தியா,அ ப்போ   பு யல்   அடி த்த ப்போது ​   இ ங்கே தான்   இரு ந்தியா,13
1430,"இல்லை, நல்ல​ வேளையாக நான் புயலுக்கு ஒரு வாரம் முன்னாடியே கிளம்பிட்டேன்","இல்லை ,   நல்ல ​   வேளை யாக   நான்   பு ய லுக்கு   ஒரு   வா ரம்   முன்னா டி யே   கி ள ம்பி ட் டே ன்",22
1431,"அங்கே இருப்பவர்களோட நிலைமையைப் பற்றி யோசித்துப் பார்த்துக் கொண்டிருக்கிறேன், அவர்கள் ரொம்ப கஷ்டப்படுவார்கள், இல்லையா","அ ங்கே   இருப்ப வர் க ளோ ட   நிலை மையை ப்   பற்றி   யோ சி த்து ப்   பார் த்து க்   கொ ண்டிரு க்கி றே ன்,   அவர்கள்   ரொ ம்ப   க ஷ் ட ப்படு வா ர்கள்,   இல்லை யா",34
1432,"குறிப்பாக, கடலோரத்தில் வாழ்கிற மக்கள் ரொம்ப அவதிப்படுவார்கள்","குறிப்பாக ,   கடலோர த்தில்   வாழ் கிற   மக்கள்   ரொ ம்ப   அவ தி ப்படு வா ர்கள்",14
1433,அவர்கள் வீட்டைத் திரும்பக்​ கட்டித் தரவும் வாழ்வாதாரத்துக்கும் அரசாங்கம் உதவி செய்யுமா,அவர்கள்   வீ ட்டை த்   திரு ம்ப க் ​   கட்டி த்   தர வும்   வாழ் வா தார த்து க்கும்   அரசாங்க ம்   உதவி   செய் யு மா,23
1434,வருஷக் கணக்காக உழைத்ததெல்லாம் ஒருசில நாட்களிலேயே தொலைந்து போய் விடுவது என்பது ரொம்ப வேதனையான விஷயம்தான்,வரு ஷ க்   கண க்காக   உ ழை த்த தெ ல் லாம்   ஒரு சில   நாட் களி லேயே   தொலை ந்து   போ ய்   விடு வது   என்பது   ரொ ம்ப   வே தனை யான   விஷ யம் தான்,31
1435,"அரசாங்கம் முடிந்த அளவுக்கு உதவி செய்கிறது, குறிப்பாக வெளியில் இருந்து பெரிதாக உதவி கிடைக்காத கிராமப்புற மக்களுக்கு உதவி செய்கிறது","அரசாங்க ம்   முடிந்த   அள வுக்கு   உதவி   செய் கிறது,   குறிப்பாக   வெளி யில்   இருந்து   பெரி தாக   உதவி   கிடை க்காத   கிராமப்புற   மக்க ளுக்கு   உதவி   செய் கிறது",23
1436,"போன முறை, வெவ்வேறு மாநிலங்களிலிருந்து ஆட்களைக் கூட்டிக் கொண்டு வந்து மீட்புப் பணி வேகமாக நடக்க ஏற்பாடு செய்தார்கள்","போ ன   முறை ,   வெவ்வேறு   மாநில ங்களிலிருந்து   ஆ ட் களை க்   கூட்டி க்   கொண்டு   வந்து   மீட் பு ப்   பணி   வே கமாக   நட க்க   ஏற்பாடு   செய்தா ர்கள்",26
1437,"அங்கே குழந்தைகளும் வயதானவர்களும் அதிகமாகக் கஷ்டப்பட்டதால் மாநகராட்சி ஊழியர்களும்கூட கரண்ட் சீக்கிரம் திரும்புவதற்கு ராத்திரி, பகல் பார்க்காமல் வேலை செய்தார்கள்","அ ங்கே   குழந்தை களும்   வய தான வர் களும்   அதிகமாக க்   க ஷ் ட ப்பட்ட தால்   மா நகராட்சி   ஊழி யர் களும் கூட   கர ண்ட்   சீ க்கி ரம்   தி ரும் பு வதற்கு   ரா த்தி ரி,   ப கல்   பார் க்காமல்   வேலை   செய்தா ர்கள்",40
1438,"இந்த மாதிரி சமயத்தில் கடுமையான வானிலையால் பாதிக்கப்படும் ஒரு இடம், ஒரிசாதான்","இந்த   மாதிரி   சமய த்தில்   கடுமையான   வானிலை யால்   பாதி க்கப்படும்   ஒரு   இட ம்,   ஒ ரி சா தான்",16
1439,மக்களுக்கு சீக்கிரம் உதவி கிடைத்துவிடும் என்பது தெரிந்ததும்தான் எனக்கு நிம்மதியாக இருக்கிறது,மக்க ளுக்கு   சீ க்கி ரம்   உதவி   கிடை த்து வி டும்   என்பது   தெரி ந்த தும் தான்   என க்கு   நி ம் மதி யாக   இருக்கிற து,23
1440,"இருந்தாலும், இந்த மாதிரி மோசமான வானிலையால் இவ்வளவு பயங்கரமான பாதிப்பு ஏற்படுகிறது என்பதே பெரிய பிரச்சனைதான்","இருந்தா லும்,   இந்த   மாதிரி   மோசமான   வானிலை யால்   இவ் வளவு   பய ங்கர மான   பாதி ப்பு   ஏற்படு கிறது   என்ப தே   பெரிய   பிரச்சனை தான்",21
1441,நீ எவ்வளவு நாளாக அங்கே வாழ்ந்து கொண்டிருக்கிறாய்​,நீ   எவ்வளவு   நா ளாக   அ ங்கே   வாழ் ந்து   கொ ண்டிரு க்கிறா ய் ​,13
1442,வானிலையின் காரணமாக நீ வேற​ மாநிலத்துக்குப் போய் விடலாம் என்று யோசித்திருக்கிறாயா,வானிலை யின்   காரணமாக   நீ   வே ற ​   மாநில த்துக்கு ப்   போ ய்   விட லாம்   என்று   யோ சி த்திரு க்கிறா யா,20
1443,நான் இங்கே வந்து ஐந்து வருஷமாகிவிட்டது,நான்   இ ங்கே   வந்து   ஐந்து   வரு ஷ மா கி விட்ட து,11
1444,"வானிலை பொதுவாக நல்லாதான் இருக்கும், வெயில் காலத்தில்தான் ரொம்ப சூடாகவும் புழுக்கமாகவும் இருக்கும், மற்றபடி இங்கே​ எல்லாம் பரவாயில்லை, அதனால் வேற​ இடத்துக்குப் போவதைப் பற்றி நான் நினைத்ததே இல்லை","வானிலை   பொதுவாக   ந ல்லா தான்   இருக்கும்,   வெ யில்   காலத்தில் தான்   ரொ ம்ப   சூ டா க வும்   பு ழு க்க மாகவும்   இருக்கும்,   மற்ற படி   இ ங்கே ​   எல் லாம்   பர வா யில் லை ,   அதனால்   வே ற ​   இட த்துக்கு ப்   போ வதை ப்   பற்றி   நான்   நினை த்த தே   இல்லை",49
1445,"மழைக் காலத்தில் கொஞ்சம் கஷ்டம்தான், ஆனால் இப்போதெல்லாம் அதையும் சமாளித்து விடுகிறேன்","மழை க்   காலத்தில்   கொ ஞ்ச ம்   க ஷ் டம் தான் ,   ஆனால்   இ ப்போ தெ ல் லாம்   அதை யும்   சமா ளி த்து   விடு கி றே ன்",26
1446,"நீ​ சொல்வதைப் பார்த்தால் அங்கே எல்லாத்தையும் சமாளிச்சிடலாம்னுதான் எனக்குத் தோன்றுகிறது, எப்படியோ எல்லாம் சீக்கிரம் சரியாகிவிட வேண்டும்","நீ ​   சொல் வதை ப்   பார் த்தால்   அ ங்கே   எல் லா த்தையும்   சமா ளி ச்சி ட லாம் னு தான்   என க்கு த்   தோன்று கிறது,   எப்படி யோ   எல் லாம்   சீ க்கி ரம்   சரி யா கி விட   வேண்டும்",36
1447,"சரி, எனக்கு நேரமாகிவிட்டது, புயலைப் பற்றி இப்போது என்ன செய்தி வந்திருக்கு என்று கொஞ்சம் சுருக்கமாகச் சொல்கிறாயா","சரி ,   என க்கு   நேர மா கி விட்ட து,   பு ய லை ப்   பற்றி   இப்போது   என்ன   செய்தி   வ ந்தி ருக்கு   என்று   கொ ஞ்ச ம்   சு ருக்க மாக ச்   சொல் கிறா யா",31
1448,"இப்போ நிலைமை எப்படி இருக்கு, அதை மக்கள் எப்படி சமாளிக்கிறாங்க​","இ ப்போ   நிலை மை   எப்படி   இரு க்கு ,   அதை   மக்கள்   எப்படி   சமா ளி க்கிறா ங்க ​",16
1449,"இங்கே நிறைய தொண்டு நிறுவனங்கள் இருக்கின்றன, அவை மக்களுக்குத் தேவைக்கு ஏற்ற மாதிரி மளிகை சாமான், மருத்துவ வசதி, மருந்துகள், மற்ற அத்தியாயவசியப் பொருட்கள்னு எல்லாம் கொடுத்து உதவுகின்றன","இ ங்கே   நிறை ய   தொ ண்டு   நிறுவனங்கள்   இரு க்கின்ற ன,   அவை   மக்க ளுக்கு த்   தேவை க்கு   ஏற்ற   மாதிரி   மளி கை   சா மா ன்,   மருத்துவ   வசதி ,   ம ருந்து கள்,   மற்ற   அ த்தியா ய வ சிய ப்   பொருட்கள் னு   எல் லாம்   கொ டுத்து   உத வு கின்றன",45
1450,"பெரும்பாலான இடங்களில் உதவிக் குழுக்களை அமைத்து, தேவைக்கு ஏற்ற மாதிரி உதவி செய்கிறார்கள்​","பெரும்பாலான   இடங்களில்   உதவி க்   குழு க்களை   அமை த்து,   தேவை க்கு   ஏற்ற   மாதிரி   உதவி   செய் கிறா ர்கள் ​",17
1451,"நம்மாலும் பெரிதாக எதுவும் செய்ய​ முடியாது, பொறுமையாக​ இருந்து ஒருவருக்கொருவர் உதவிசெய்ய வேண்டும், அவ்வளவுதான்","ந ம் மா லும்   பெரி தாக   எதுவும்   செய்ய ​   முடியா து,   பொறு மையாக ​   இருந்து   ஒரு வரு க்கொ ரு வர்   உதவி செய்ய   வேண்டும்,   அவ் வளவு தான்",26
1452,"ஆமாம், நீ சொல்வது சரிதான்","ஆ மா ம்,   நீ   சொல் வது   சரி தான்",8
1453,எல்லாரும் பத்திரமாக இருந்துகோங்க,எல் லா ரும்   ப த்திர மாக   இருந்து கோ ங்க,9
1454,"எல்லாம் சீக்கிரம் சரியாகிவிடும் என்று நினைக்கிறேன், உங்களுக்கு இங்கேயிருந்து ஏதாவது உதவி வேண்டும் என்றால் சொல்லுங்க","எல் லாம்   சீ க்கி ரம்   சரி யா கி வி டும்   என்று   நினை க்கி றே ன்,   உங்களுக்கு   இ ங்கே யி ருந்து   ஏ தாவது   உதவி   வேண்டும்   என்றால்   சொல் லு ங்க",28
1455,​,​,1
1456,கண்டிப்பாகச் சொல்றேன்,க ண்டி ப்பாக ச்   சொல் றே ன்,7
1457,"ஒருவழியாக, அன்லாக் செய்ய ஆரம்பித்துவிட்டார்கள்","ஒரு வழியாக ,   அன் லாக்   செய்ய   ஆ ரம் பி த்து விட்டா ர்கள்",12
1458,இனிமேல் கடுமையான கட்டுப்பாடுகள் இருக்காது,இ னி மேல்   கடுமையான   கட்டுப்பா டுகள்   இரு க்கா து,9
1459,இன்னும் ஒரு வாரம் வீட்டிற்குள் இருந்திருந்தால் எனக்குப் பைத்தியமே பிடித்திருக்கும்,இன்னும்   ஒரு   வா ரம்   வீ ட்டிற்கு ள்   இரு ந்திரு ந்தால்   என க்கு ப்   பை த்திய மே   பிடி த்திரு க்கும்,19
1460,நீ பைத்தியம் இல்லையென்று யார் சொன்னது,நீ   பை த்திய ம்   இல்லை யெ ன்று   யார்   சொ ன்ன து,11
1461,"ஆனால் சீரியஸாக, அன்லாக் தொடங்கிவிட்டது என்பதற்காக நீ என்ன வேண்டுமானாலும் செய்யலாம் என்று அர்த்தமில்லை","ஆனால்   சீ ரிய ஸா க ,   அன் லாக்   தொடங்கி விட்ட து   என்ப தற்காக   நீ   என்ன   வேண்டு மா னா லும்   செய்ய லாம்   என்று   அர் த்த மில் லை",26
1462,நைட் கர்ஃபியூ இனிமேலும் இருக்கும்,நை ட்   க ர்ஃ பி யூ   இ னி மேலும்   இருக்கும்,10
1463,"கட்டாயமாக மாஸ்க் அணிய வேண்டும், சமூக இடைவெளியையும் கட்டாயமாகக் கடைபிடிக்க வேண்டும்","கட்டா யமாக   மா ஸ் க்   அணி ய   வேண்டும்,   சமூக   இடை வெளி யையும்   கட்டா யமாக க்   கடை பிடி க்க   வேண்டும்",19
1464,"அத்துடன் மிகவும் முக்கியமாக, உடனடியாக தடுப்பூசி போட்டுக்கொள்ள வேண்டும்","அ த்துடன்   மிகவும்   முக்கியமாக ,   உடனடியாக   தடு ப்பூ சி   போ ட்டு க்கொள்ள   வேண்டும்",13
1465,"ஓ, தடுப்பூசி போட்டுக்கொள்வது கட்டயமா","ஓ ,   தடு ப்பூ சி   போ ட்டு க்கொள் வது   கட்ட ய மா",12
1466,ஒருமுறை கோவிட் வந்தாலே அந்த நபருக்கு நோய் எதிர்ப்பு சக்தி வந்துவிடும் என்று சொல்கிறார்களே,ஒருமுறை   கோவி ட்   வ ந்தா லே   அந்த   நப ருக்கு   நோய்   எதிர் ப்பு   சக்தி   வந்து வி டும்   என்று   சொல் கிறா ர் க ளே,22
1467,அடக் கடவுளே,அட க்   கடவு ளே,4
1468,இந்தமாதிரியான தவறான விஷயங்களை எங்கிருந்து அறிந்துகொள்கிறாய்,இந்த மாதிரி யான   தவ றா ன   விஷய ங்களை   எ ங்கி ருந்து   அறி ந்துகொள் கிறா ய்,15
1469,"அப்படியெல்லாம் இல்லை, கடந்த காலத்தில் கோவிட் வந்ததால், ஒரு நபருக்கு நோய் எதிர்ப்பு சக்தி வந்துவிடாது","அ ப்படி யெ ல் லாம்   இல்லை ,   கடந்த   காலத்தில்   கோவி ட்   வந்த தால்,   ஒரு   நப ருக்கு   நோய்   எதிர் ப்பு   சக்தி   வந்து வி டா து",24
1470,இந்த இரண்டு விஷயங்களுக்கும் எந்தவிதமான தொடர்பும் இல்லை,இந்த   இரண்டு   விஷய ங்களு க்கும்   எந்த வித மான   தொடர்பு ம்   இல்லை,11
1471,"அதைவிடவும் முக்கியமாக, தடுப்பூசியைக் கட்டாயமாகப் போட்டுக்கொள்ள வேண்டும்","அதை விட வும்   முக்கியமாக ,   தடு ப்பூ சி யை க்   கட்டா யமாக ப்   போ ட்டு க்கொள்ள   வேண்டும்",17
1472,அங்கீகரிக்கப்பட்ட கோவிஷீல்ட் அல்லது கோவாக்சின் தடுப்பூசியில் ஏதாவது ஒன்றை அனைவரும் கட்டாயமாகப் போட்டுக்கொள்ள வேண்டும்,அங்கீ கரி க்கப்பட்ட   கோவி ஷீ ல் ட்   அல்லது   கோவா க் சின்   தடு ப்பூ சி யில்   ஏ தாவது   ஒன்றை   அனை வரும்   கட்டா யமாக ப்   போ ட்டு க்கொள்ள   வேண்டும்,27
1473,"அப்படியென்றால், நான் முதலில் தடுப்பூசியைப் போட்டுக்கொண்டு அதற்குப் பிறகு அன்லாக்கில் என்ன செய்ய வேண்டுமென்று யோசிக்க வேண்டுமென்று சொல்கிறாயா","அ ப்படி யெ ன்றால்,   நான்   முதலில்   தடு ப்பூ சி யை ப்   போ ட்டு க்கொண்டு   அதற்கு ப்   பிறகு   அன் லா க்கில்   என்ன   செய்ய   வேண்டு மெ ன்று   யோ சிக்க   வேண்டு மெ ன்று   சொல் கிறா யா",33
1474,"ஒன்று அல்ல, ஒரே தடுப்பூசியின் இரண்டு டோஸ்களைப் போட்டுக்கொள்ள வேண்டும்","ஒன்று   அல்ல ,   ஒரே   தடு ப்பூ சி யின்   இரண்டு   டோ ஸ் களை ப்   போ ட்டு க்கொள்ள   வேண்டும்",17
1475,மாலில் நுழைய வேண்டுமென்றாலோ ரயிலிலோ விமானத்திலோ பயணம் செய்யவேண்டும் என்றாலோ தடுப்பூசி போட்டதற்கான சர்டிஃபிகேட்டைக் காட்ட வேண்டும்,மா லில்   நுழை ய   வேண்டு மெ ன்றா லோ   ர யி லி லோ   விமான த்தி லோ   பய ணம்   செய்ய வேண்டும்   என்றா லோ   தடு ப்பூ சி   போ ட்ட தற்கான   சர் டிஃ பி கே ட்டை க்   காட்ட   வேண்டும்,35
1476,உண்மையாகவா,உண் மையாக வா,3
1477,அதெல்லாம் கேட்பார்களா,அ தெ ல் லாம்   கேட் பார் களா,7
1478,எனக்கு எப்படி இதெல்லாம் தெரியாமல் போனது,என க்கு   எப்படி   இ தெ ல் லாம்   தெரி யா மல்   போ ன து,13
1479,என்னுடைய குடும்பத்தாருடன் கோடையில் சுற்றுலா செல்லத் திட்டமிட்டிருக்கிறேன்,என் னு டைய   குடும்ப த்தா ருடன்   கோடை யில்   சுற்றுலா   செல்ல த்   திட்டமி ட்டி ரு க்கி றே ன்,17
1480,"அதற்கு, நீங்கள் அனைவரும் ஒரு டோஸ் கோவிட் தடுப்பூசியாவது போட்டுக்கொண்டிருக்க வேண்டும்","அதற்கு ,   நீங்கள்   அனை வரும்   ஒரு   டோ ஸ்   கோவி ட்   தடு ப்பூ சியா வது   போ ட்டு க்கொ ண்டி ருக்க   வேண்டும்",20
1481,நுழைவாயில்களில் தடுப்பூசி சர்டிஃபிகேட்டைக் காட்டும்படி கேட்பார்கள்,நுழை வா யில் களில்   தடு ப்பூ சி   சர் டிஃ பி கே ட்டை க்   காட்டு ம்படி   கேட் பா ர்கள்,18
1482,செய்தி அப்டேட்களைக் கவனமாகக் கேளு,செய்தி   அ ப் டே ட் களை க்   கவன மாக க்   கே ளு,12
1483,"ஆமாம், ரொம்ப நன்றி","ஆ மா ம்,   ரொ ம்ப   ந ன்றி",7
1484,இதுவரையில் நான் வேறு என்னவோ நினைத்துக் கொண்டிருந்தேன்,இது வரை யில்   நான்   வேறு   என்ன வோ   நினை த்து க்   கொ ண்டிரு ந்தே ன்,14
1485,கூடிய சீக்கிரத்தில் நான் தடுப்பூசி போட்டுக்கொள்ளப் போகிறேன்,கூடிய   சீ க்கிர த்தில்   நான்   தடு ப்பூ சி   போ ட்டு க்கொள்ள ப்   போ கி றே ன்,16
1486,"ஆமாம், பெருந்தொற்று இன்னும் முழுதாக விலகவில்லை என்பதை மறந்துவிட வேண்டாம்","ஆ மா ம்,   பெரு ந் தொ ற்று   இன்னும்   முழு தாக   வில க வில்லை   என்பதை   ம ற ந்து விட   வேண்டா ம்",20
1487,கோவின் இணையதளத்தில் ரெஜிஸ்டர் செய்திருக்கிறாயா,கோ வின்   இணையதள த்தில்   ரெ ஜி ஸ் டர்   செய் திரு க்கிறா யா,12
1488,"ஆமாம், ரெஜிஸ்டர் செய்திருக்கிறேன்","ஆ மா ம்,   ரெ ஜி ஸ் டர்   செய் திரு க்கி றே ன்",12
1489,"அப்படியானால், தடுப்பூசி போட்டுக்கொள்வதற்கான பொருத்தமான தேதியை முடிவு செய்து திட்டமிட்டுக் கொள்","அ ப்படி யா னால்,   தடு ப்பூ சி   போ ட்டு க்கொள் வதற்கான   பொருத்த மான   தேதி யை   முடிவு   செய்து   திட்டமி ட்டு க்   கொள்",21
1490,உடனடியாக தடுப்பூசி போட்டுக்கொள்வது நல்லது,உடனடியாக   தடு ப்பூ சி   போ ட்டு க்கொள் வது   நல்ல து,10
1491,இன்றே செய்துவிடுகிறேன்,இன் றே   செய்து விடு கி றே ன்,7
1492,என் தவறான புரிதலை மாற்றி தெளிவு அளித்ததற்கு நன்றி,என்   தவ றா ன   புரி தலை   மாற்றி   தெளி வு   அளி த்த தற்கு   ந ன்றி,14
1493,"ஹலோ சார், கம்ப்ளைண்ட் ரிஜிஸ்டர் பண்ண எங்கே போகணும்","ஹ லோ   சா ர்,   கம் ப் ளை ண்ட்   ரி ஜி ஸ் டர்   பண் ண   எ ங்கே   போ க ணு ம்",20
1494,என்ன மாதிரியான கம்ப்ளைண்ட் என்று சொல்லுங்கள்,என்ன   மாதிரி யான   கம் ப் ளை ண்ட்   என்று   சொல் லு ங்கள்,11
1495,"சார், எங்கள் கிராமத்தில் சுத்தமான குடிநீர் கிடைக்க மாட்டேங்குது","சா ர்,   எ ங்கள்   கிராம த்தில்   சு த்த மான   குடி நீர்   கிடை க்க   மா ட் டே ங்கு து",18
1496,"கவர்மெண்ட் சுத்தமான தண்ணீர் கிடைக்கும் என்று வாக்குறுதி கொடுத்திருக்கு, ஆனால் எங்கள் கிராமத்திற்கு நல்ல தண்ணீர் வரவில்லை","க வர் மெ ண்ட்   சு த்த மான   தண்ணீர்   கிடை க்கும்   என்று   வாக்கு றுதி   கொடு த்தி ருக்கு ,   ஆனால்   எ ங்கள்   கிராம த்திற்கு   நல்ல   தண்ணீர்   வர வில்லை",26
1497,உங்கள் கிராமத்தில் இதுவரைக்கும் இன்ஸ்பெக்ஷன் நடக்கலையா,உங்கள்   கிராம த்தில்   இது வரை க்கும்   இன் ஸ் பெ க் ஷன்   நட க்கலை யா,14
1498,"இல்லை சார், அவர் எங்கள் கிராமத்திற்கு வந்தே பல மாதங்கள் ஆகிறது","இல்லை   சா ர்,   அவர்   எ ங்கள்   கிராம த்திற்கு   வ ந்தே   பல   மாத ங்கள்   ஆகி ற து",16
1499,நீங்கள் எந்தக் கிராமத்தில் இருந்து வருகிறீர்கள்,நீங்கள்   எந்த க்   கிராம த்தில்   இருந்து   வரு கிறீர்கள்,8
1500,"நான் மஹுவரியா கிராமத்தில் இருந்து வருகிறேன், சார்","நான்   ம ஹு வரி யா   கிராம த்தில்   இருந்து   வரு கி றே ன்,   சார்",13
1501,உங்களோட கிராமத் தலைவர் யாரு,உ ங்க ளோ ட   கிராம த்   தலை வர்   யா ரு,10
1502,"சார், நான்தான் கிராமத் தலைவன்","சா ர்,   நான் தான்   கிராம த்   தலை வன்",8
1503,"சரி சார், உங்கள் கம்ப்ளைண்ட் பற்றி விவரமாகச் சொல்லுங்க","சரி   சா ர்,   உங்கள்   கம் ப் ளை ண்ட்   பற்றி   விவர மாக ச்   சொல் லு ங்க",15
1504,நான் அதை வாட்டர் சப்ளை டிபார்ட்மென்ட் சூப்பர்வைசருக்கு அனுப்புறேன்,நான்   அதை   வா ட்டர்   ச ப் ளை   டி பார் ட் மென் ட்   சூ ப்பர் வை ச ருக்கு   அனுப்பு றே ன்,20
1505,"சார், முதலில் வாட்டர் சப்ளையே பெரிய போராட்டத்துக்கு அப்புறம்தான் கிடைத்தது","சா ர்,   முதலில்   வா ட்டர்   ச ப் ளை யே   பெரிய   போராட்ட த்துக்கு   அ ப்புற ம் தான்   கிடை த்த து",19
1506,அதுக்கே நாங்கள் அடிக்கடி ஆஃபீசுக்கு வந்துபோக வேண்டியதாக இருந்தது,அது க்கே   நா ங்கள்   அடிக்கடி   ஆ ஃ பீ சு க்கு   வந்து போ க   வேண்டிய தாக   இருந்த து,17
1507,எங்கள் நெட்வொர்க்கில் சரியான தண்ணீர் சப்ளையைக் கேட்டு ஆஃபீஸ் முன்னாடி நாங்கள் போராட்டம் நடத்த வேண்டியிருந்தது,எ ங்கள்   நெ ட் வொ ர் க்கில்   சரியான   தண்ணீர்   ச ப் ளை யை க்   கேட்டு   ஆ ஃ பீ ஸ்   முன்னா டி   நா ங்கள்   போரா ட்டம்   நடத்த   வேண்டியி ருந்த து,29
1508,"ரொம்ப கஷ்டப்பட்டுத்தான் கிடைத்தது, ஆனால் இப்போது பைப்பில் வரும் தண்ணீர் ரொம்ப அசுத்தமாக இருக்கு","ரொ ம்ப   க ஷ் ட ப்பட்டு த்தா ன்   கிடை த்த து,   ஆனால்   இப்போது   பை ப்பில்   வரும்   தண்ணீர்   ரொ ம்ப   அ சு த்த மாக   இரு க்கு",25
1509,"எவ்வளவு அசுத்தமாக இருக்கு, விளக்கமாகச் சொல்ல முடியுமா","எவ்வளவு   அ சு த்த மாக   இரு க்கு ,   விள க்க மாக ச்   சொ ல்ல   முடி யு மா",17
1510,கலங்கலாக இருக்கிறதா இல்லையென்றால் வேற ஏதாவது அசுத்தங்கள் இருக்கிறதா,கல ங்க லாக   இருக்கிற தா   இல்லை யெ ன்றால்   வே ற   ஏ தாவது   அ சு த்த ங்கள்   இருக்கிற தா,18
1511,"கலங்கலாக இருக்கிறது, சார்","கல ங்க லாக   இருக்கிற து,   சார்",6
1512,வேற அசுத்தங்களும் கலந்திருக்கு,வே ற   அ சு த்த ங்களும்   கல ந்தி ருக்கு,9
1513,அதைப் பயன்படுத்திய பிறகு எங்கள் கிராமத்தில் நிறைய பேருக்கு சருமப் பிரச்சினைகள் வந்துடுச்சு,அதை ப்   ப யன்படு த்திய   பிறகு   எ ங்கள்   கிராம த்தில்   நிறை ய   பே ருக்கு   ச ரு ம ப்   பிர ச்சி னை கள்   வந்து டு ச்சு,25
1514,இது ரொம்ப சீரியஸான விஷயம்தான்,இது   ரொ ம்ப   சீ ரிய ஸா ன   விஷ யம் தான்,10
1515,"ஆமாம், சார், ரொம்ப சீரியஸான நிலைமை","ஆ மா ம்,   சா ர்,   ரொ ம்ப   சீ ரிய ஸா ன   நிலை மை",13
1516,குளங்களிலும் டியூப் கிணறுகளிலும் கூட சுத்தமான தண்ணீர் இல்லை,கு ள ங்களிலும்   டி யூ ப்   கி ண று களிலும்   கூட   சு த்த மான   தண்ணீர்   இல்லை,16
1517,அந்தத் தண்ணீரில் இரும்புச் சத்து ரொம்ப அதிகமாக இருக்கிறது,அந்த த்   தண்ணீ ரில்   இரு ம்பு ச்   ச த்து   ரொ ம்ப   அதிகமாக   இருக்கிற து,14
1518,ஆனால் குளத்து நீரையும் டியூப் கிணற்று நீரையும் பயன்படுத்துறதைத் தவிர எங்களுக்கு வேறு வழி இல்லை,ஆனால்   கு ள த்து   நீ ரை யும்   டி யூ ப்   கி ண ற்று   நீ ரை யும்   பயன்படுத்து ற தை த்   தவி ர   எ ங்களுக்கு   வேறு   வழி   இல்லை,27
1519,இதனால் நிறைய உடல்நலக் கோளாறுகள் வருகிறது,இதனால்   நிறை ய   உடல் ந ல க்   கோ ளா று கள்   வரு கிறது,13
1520,சப்ளை ஆகும் தண்ணீரைக் குடித்துவிட்டு யாருக்காவது உடம்பு சரியில்லாமல் போனதா,ச ப் ளை   ஆ கும்   தண்ணீ ரை க்   குடி த்து விட்டு   யா ரு க்கா வது   உ டம் பு   சரி யில் லா மல்   போ ன தா,25
1521,"இல்லை, சார், இன்னும் இல்லை; நாங்கள் உடனே அதைப் பயன்படுத்துவதை நிறுத்திட்டோம்","இல்லை ,   சா ர்,   இன்னும்   இல்லை ;   நா ங்கள்   உட னே   அதை ப்   ப யன்படு த்துவ தை   நிறுத்தி ட்டோ ம்",20
1522,"நிறைய பேருக்கு சருமப் பிரச்சினைகள் உண்டானதைப் பார்த்து, நாங்கள் தண்ணீரைப் பயன்படுத்துவதை நிறுத்திட்டோம்","நிறை ய   பே ருக்கு   ச ரு ம ப்   பிர ச்சி னை கள்   உ ண்டா ன தை ப்   பார் த்து,   நா ங்கள்   தண்ணீ ரை ப்   ப யன்படு த்துவ தை   நிறுத்தி ட்டோ ம்",31
1523,"இல்லையென்றால், வயிற்றுவலி, வயிற்றுப்போக்கு மாதிரியான நோய்கள் எளிதாக வந்திருக்கும்","இல்லை யெ ன்றால்,   வ யி ற்று வலி ,   வ யி ற்று ப்போக்கு   மாதிரி யான   நோய் கள்   எளி தாக   வ ந்திரு க்கும்",21
1524,உங்களுடைய கம்ப்ளைண்டை உடனே சூப்பர்வைசருக்கு அனுப்புகிறேன்,உங்களுடைய   கம் ப் ளை ண்டை   உட னே   சூ ப்பர் வை ச ருக்கு   அனுப்பு கி றே ன்,16
1525,அதற்கு அப்புறம் நிலைமையை இன்ஸ்பெக்ட் பண்ண அவர் யாரையாவது அனுப்புவார்,அதற்கு   அ ப்புற ம்   நிலை மையை   இன் ஸ் பெ க் ட்   பண் ண   அவர்   யா ரை யா வது   அனுப்பு வார்,20
1526,நீங்கள் வீட்டிற்கு போங்க,நீங்கள்   வீ ட்டிற்கு   போ ங்க,5
1527,நான் எல்லாத்தையும் பார்த்துக்கொள்கிறேன்,நான்   எல் லா த்தையும்   பார் த்துக்கொ ள் கி றே ன்,10
1528,"ஹாய், வழக்கமான இடத்தில் உன்னைப் பார்க்கவில்லையே","ஹா ய் ,   வழக்கமான   இடத்தில்   உ ன் னை ப்   பார்க்க வில்லை யே",12
1529,இன்று எங்கே சென்றிருந்தாய்,இன்று   எ ங்கே   செ ன்றி ரு ந்தா ய்,8
1530,நீ எங்கிருந்தோ திரும்பி வருவதுபோல் தெரிகிறது,நீ   எ ங்கி ரு ந்தோ   திரும்பி   வரு வது போல்   தெரி கிறது,11
1531,எங்கே போயிருந்தாய்,எ ங்கே   போ யிரு ந்தா ய்,6
1532,"அது ஒரு பெரிய கதை, எனக்கு கொஞ்சம் டைம் கொடு","அது   ஒரு   பெரிய   கதை ,   என க்கு   கொ ஞ்ச ம்   டை ம்   கொடு",13
1533,நான் இந்த டிரெஸ்ஸை மற்றுக்கொண்டு வருகிறேன்,நான்   இந்த   டி ரெ ஸ் ஸை   ம ற்று க்கொண்டு   வரு கி றே ன்,13
1534,"ஆமாம், உன்னுடைய டிரெஸ் கந்தலாகவும் அழுக்காகவும் இருக்கிறதே","ஆ மா ம்,   உ ன் னு டைய   டி ரெ ஸ்   கந்த லாக வும்   அழு க்காக வும்   இருக்கிற தே",18
1535,அதனால்தான் கிராமத்திற்குள் வருவதற்கு முன் அதை மாற்றிக் கொள்கிறேன்,அதனால் தான்   கிராம த்திற்குள்   வரு வதற்கு   முன்   அதை   மாற்றி க்   கொள் கி றே ன்,14
1536,நம்முடைய வழக்கமான இடத்திற்கு என்னால் இனிமேல் வர முடியாது,ந ம் மு டைய   வழக்கமான   இட த்திற்கு   என் னால்   இ னி மேல்   வர   முடியா து,15
1537,ஒவ்வொரு வாரமும் என்னால் சிகரெட் வாங்க முடியாது,ஒவ்வொரு   வார மும்   என் னால்   சி க ரெ ட்   வாங்க   முடியா து,12
1538,சிகரெட் பிடிப்பதையே நிறுத்த முயற்சி செய்துகொண்டு இருக்கிறேன்,சி க ரெ ட்   பிடி ப்பதை யே   நிறுத்த   முயற்சி   செய்து கொண்டு   இரு க்கி றே ன்,15
1539,"வாவ், இதை நான் எதிர்பார்க்கவில்லை","வா வ் ,   இதை   நான்   எதிர்பார் க்க வில்லை",8
1540,முன்னால் கேட்ட கேள்விக்கு இப்போது பதில் சொல்கிறேன்,முன் னால்   கே ட்ட   கேள்வி க்கு   இப்போது   ப தில்   சொல் கி றே ன்,13
1541,நான் பக்கத்தில் இருக்கும் கிராமத்திற்குப் போய்விட்டு வருகிறேன்,நான்   பக்க த்தில்   இருக்கும்   கிராம த்திற்கு ப்   போ ய் விட்டு   வரு கி றே ன்,14
1542,"சமீபத்தில் வந்த மழையால் இருந்த ஒரே ரோடும் அடித்துச் செல்லப்பட்டுவிட்டது, அதனால் இலவசச் சவாரி செய்துதான் அங்கே போனேன்","சமீப த்தில்   வந்த   மழை யால்   இருந்த   ஒரே   ரோ டும்   அடி த்து ச்   செல்ல ப்பட்டு விட்ட து,   அதனால்   இல வச ச்   ச வாரி   செய்து தான்   அ ங்கே   போ னே ன்",29
1543,ஆனால் அங்கே ஏன் போனாய்,ஆனால்   அ ங்கே   ஏ ன்   போ னா ய்,8
1544,உனக்கு எதாவது உதவி வேண்டுமென்றால் என்னிடம் கேட்டிருக்கலாமே,உ ன க்கு   எ தாவது   உதவி   வேண்டு மெ ன்றால்   என் னி டம்   கே ட்டி ருக்க லா மே,17
1545,இதில் எனக்கு உதவி செய்ய உன்னை எதிர்பார்க்க முடியாது,இதில்   என க்கு   உதவி   செய்ய   உ ன் னை   எதிர்பார் க்க   முடியா து,12
1546,நான் தினமும் அங்கே போய் ஃபுட்பால் விளையாடுவேன்,நான்   தின மும்   அ ங்கே   போ ய்   ஃ பு ட் பால்   விளையாடு வே ன்,14
1547,கிராமத்தின் அந்தப் பகுதியில் கோல் போஸ்ட்டும் நெட்ஸும் இருக்கிற ஒரு கிரவுண்டு இருக்கிறது,கிராம த்தின்   அந்த ப்   பகுதியில்   கோல்   போ ஸ் ட்டு ம்   நெ ட் ஸு ம்   இருக்கிற   ஒரு   கி ர வு ண்டு   இருக்கிற து,22
1548,அந்தப் பகுதி ஒரு பொதுச் சொத்து என்பதால் அங்கே யார் வேண்டுமானாலும் சென்று விளையாடலாம்,அந்த ப்   பகுதி   ஒரு   பொது ச்   சொத்து   என்ப தால்   அ ங்கே   யார்   வேண்டு மா னா லும்   சென்று   விளையாட லாம்,19
1549,அங்கே இடம் பிடிக்கத்தான் சீக்கிரமாகவே போகிறாயா,அ ங்கே   இடம்   பிடி க்க த்தா ன்   சீ க்கிர மாக வே   போ கிறா யா,14
1550,"ரொம்ப கரெக்ட், 7","ரொ ம்ப   க ரெ க் ட்,   7",7
1551,30 மணிக்குள்ளாவது அங்கே போய்விட வேண்டும்,30   மணி க்கு ள்ளா வது   அ ங்கே   போ ய் விட   வேண்டும்,11
1552,அதனால் நான் வீட்டில் இருந்து 5 மணிக்குக் கிளம்ப வேண்டும்,அதனால்   நான்   வீ ட்டில்   இருந்து   5   மணி க்கு க்   கி ள ம்ப   வேண்டும்,13
1553,"ரொம்ப சிரமம்தான், ஆனால் என்ன பண்ண முடியும்","ரொ ம்ப   சி ர ம ம் தான் ,   ஆனால்   என்ன   பண் ண   முடியும்",13
1554,இந்தக் கிராமத்தில் பயன்படுத்தாத இடம் ஒன்று கூட இல்லை,இந்த க்   கிராம த்தில்   ப யன்படு த்தா த   இடம்   ஒன்று   கூட   இல்லை,12
1555,அதுவும் உண்மைதான்,அது வும்   உண்மை தான்,4
1556,ஏதாவது இடத்தைக் காலி பண்ணிக் கொடுக்க முடியுமா என்று பெரியவர்களிடம் கேட்டுப் பார்த்தாயா,ஏ தாவது   இடத்தை க்   கா லி   பண் ணி க்   கொ டுக்க   முடி யு மா   என்று   பெரிய வர் களிடம்   கேட்டு ப்   பார் த்தா யா,23
1557,"இல்லை, அவர்கள் ஏன் இதைப் பற்றிக் கவலைப்படப் போகிறார்கள்","இல்லை ,   அவர்கள்   ஏ ன்   இதை ப்   பற்றி க்   கவ லை ப்பட ப்   போ கிறா ர்கள்",16
1558,அவர்கள் எல்லாருமே தங்கள் அரசியலிலும் மத நோக்கங்களிலுமே கவனமாக இருக்கிறார்கள்,அவர்கள்   எல் லா ரு மே   தங்கள்   அரசிய லி லும்   மத   நோக்க ங்களி லு மே   கவன மாக   இரு க்கிறா ர்கள்,19
1559,என்னுடைய குடும்பமே நான் ஸ்கூலுக்குப் போவதை நிறுத்திவிட்டு பணம் சம்பாதிக்க வேலைக்குப் போக வேண்டுமென்று நினைக்கிறார்கள்,என் னு டைய   குடும்ப மே   நான்   ஸ் கூ லுக்கு ப்   போ வதை   நிறுத்தி விட்டு   பணம்   சம்பா தி க்க   வேலை க்கு ப்   போ க   வேண்டு மெ ன்று   நினை க்கிறா ர்கள்,29
1560,ஃபுட்பால் விளையாட மட்டும் அவர்கள் என்னை அனுமதிப்பார்கள் என்று நினைக்கிறாயா,ஃ பு ட் பால்   விளையாட   மட்டும்   அவர்கள்   என் னை   அனுமதி ப்பா ர்கள்   என்று   நினை க்கிறா யா,16
1561,"எனக்குப் புரிகிறது, வருத்தமாக இருக்கிறது","என க்கு ப்   புரி கிறது,   வரு த்த மாக   இருக்கிற து",10
1562,"உண்மையாகவே, எதை விளையாடவும் தேவையான வளங்கள் இங்கே இல்லை","உண் மையாக வே ,   எ தை   விளையாட வும்   தேவை யான   வள ங்கள்   இ ங்கே   இல்லை",15
1563,பூட்ஸ் வாங்குவதற்காக என்னுடைய பாக்கெட்மனியை நான் சேர்த்துவைத்துக் கொண்டிருக்கிறேன்,பூ ட்ஸ்   வாங்கு வதற்காக   என் னு டைய   பா க்கெட் மனி யை   நான்   சேர்த்து வைத்து க்   கொ ண்டிரு க்கி றே ன்,20
1564,அதற்கு அப்புறம் நான் ட்ரை-அவுட்ஸுக்குப் போக முயற்சி பண்ணப் போகிறேன்,அதற்கு   அ ப்புற ம்   நான்   ட் ரை - அவு ட் ஸு க்கு ப்   போ க   முயற்சி   பண் ண ப்   போ கி றே ன்,23
1565,என்ன நடக்கிறது என்று பார்ப்போம்,என்ன   நட க்கிற து   என்று   பார் ப்போ ம்,8
1566,இந்த ஆண்டு ரெசில்மேனியாவைப் பார்த்தியா,இந்த   ஆண்டு   ரெ சி ல் மே னியா வை ப்   பார் த்தியா,11
1567,"என்னவோ வித்தியாசமாக இருந்தது, ஆனால் ரோட்ஸ் திரும்பி வந்ததால் ஒருமாதிரியாக மகிழ்ச்சியாகவே இருந்தது","என்ன வோ   வி த்தியா சமாக   இருந்த து,   ஆனால்   ரோ ட்ஸ்   திரும்பி   வந்த தால்   ஒரு மாதிரி யாக   மகிழ்ச்சி யாக வே   இருந்த து",21
1568,"நான் பொதுவாக அவ்வளவாக ரெஸ்லிங் பார்க்க மாட்டேன், ஆனால் இந்த வருஷம் அதைப் பார்க்க ஆவலாக இருந்தேன்","நான்   பொதுவாக   அவ் வள வாக   ரெ ஸ் லி ங்   பார்க்க   மா ட் டே ன்,   ஆனால்   இந்த   வரு ஷ ம்   அதை ப்   பார்க்க   ஆ வலாக   இரு ந்தே ன்",27
1569,"ஆனால் பார்க்க முடியவில்லை, பிறகுதான் ஹைலைட்ஸ் பார்த்தேன்","ஆனால்   பார்க்க   முடிய வில்லை,   பிறகு தான்   ஹை லை ட்ஸ்   பார் த்தே ன்",12
1570,அதை எங்கே பார்ப்பது என்று தெரியவில்லை,அதை   எ ங்கே   பார் ப்பது   என்று   தெரிய வில்லை,8
1571,யூடியூபில் லைவ் ஸ்ட்ரீம் இருக்கிறது என்று நினைத்தேன்,யூ டி யூ பில்   லை வ்   ஸ்ட் ரீ ம்   இருக்கிற து   என்று   நினை த்தே ன்,15
1572,ஆனால் நான் சோனி டென் 1 இல் பார்த்தேன்,ஆனால்   நான்   சோ னி   டெ ன்   1   இல்   பார் த்தே ன்,11
1573,டபிள்யுடபிள்யுஈ நெட்வர்க்கிலும் லைவ் ஸ்ட்ரீம் ஆச்சு,ட பிள் யு ட பிள் யு ஈ   நெ ட் வர் க்கி லும்   லை வ்   ஸ்ட் ரீ ம்   ஆ ச்சு,19
1574,சோனி சேனலில் காட்டப்பட்டது என்று எனக்குத் தெரியாது,சோ னி   சே ன லில்   காட்ட ப்பட்ட து   என்று   என க்கு த்   தெரி யா து,15
1575,"ஆக்சுவலாக, அது 2 நாட்களுக்கான ஹைலைட்ஸ், நாள் முழுவதும் காட்டப்பட்டது","ஆ க் சு வலாக ,   அது   2   நாட் களுக்கான   ஹை லை ட் ஸ்,   நாள்   முழுவதும்   காட்ட ப்பட்ட து",18
1576,சோனி டென் 3 இல் ஹிந்தியிலும் பார்க்கலாம்,சோ னி   டெ ன்   3   இல்   ஹிந்தி யிலும்   பார்க்க லாம்,10
1577,நான் அதை மிஸ் பண்ணிவிட்டேன்,நான்   அதை   மி ஸ்   பண் ணி வி ட் டே ன்,10
1578,அடுத்த முறை வரும்போது பார்க்க முயற்சி பண்ணுகிறேன்,அடுத்த   முறை   வரும் போது   பார்க்க   முயற்சி   பண் ணு கி றே ன்,11
1579,"மொத்த லைவ் நிகழ்ச்சியையும் பார்க்க வேண்டுமென்று எனக்கு எப்போதுமே ஆசை, ஆனால் இங்கிருக்கும் சேனல்கள் அதைக் கவர் செய்வதில்லை","மொத்த   லை வ்   நிகழ்ச்சி யையும்   பார்க்க   வேண்டு மெ ன்று   என க்கு   எப்போது மே   ஆ சை ,   ஆனால்   இங்கி ருக்கும்   சே னல் கள்   அதை க்   க வர்   செய் வதில் லை",29
1580,இன்னொரு லைவ் நிகழ்ச்சியைப் பார்க்க நீ அடுத்த ரெசில்மேனியா வரை காத்திருக்க வேண்டாம்,இன் னொ ரு   லை வ்   நிகழ்ச்சி யை ப்   பார்க்க   நீ   அடுத்த   ரெ சி ல் மே னியா   வரை   கா த்திரு க்க   வேண்டா ம்,22
1581,ரெசில்மேனியா பேக்லேஷ் 2022 மே 8 அன்று சாயங்காலம் 8 மணிக்கு நடக்கப் போகிறது,ரெ சி ல் மே னியா   பே க் லே ஷ்   20 22   மே   8   அன்று   சா ய ங் காலம்   8   மணி க்கு   நட க்க ப்   போ கிறது,26
1582,இந்தியாவில் மே 9 அன்று காலையில் 5,இந்தியாவில்   மே   9   அன்று   கா லை யில்   5,8
1583,30 மணிக்கு ஆரம்பிக்கும்,30   மணி க்கு   ஆ ரம் பி க்கும்,7
1584,அதையாவது பார்க்க முடியுமா என்று பார்க்கிறேன்,அதை யா வது   பார்க்க   முடி யு மா   என்று   பார் க்கி றே ன்,12
1585,மே 9 ஒரு திங்கட்கிழமை என்பதால் பார்ப்பது கஷ்டம்,மே   9   ஒரு   தி ங்க ட் கிழ மை   என்ப தால்   பார் ப்பது   க ஷ் டம்,15
1586,"ஆனால் ரொம்ப நேரம் நிகழ்ச்சி நடக்கும், அதனால் ஷோவை கொஞ்ச நேரமாவது பார்க்க முடியும்","ஆனால்   ரொ ம்ப   நேரம்   நிகழ்ச்சி   நட க்கும்,   அதனால்   ஷோ வை   கொ ஞ்ச   நேர மா வது   பார்க்க   முடியும்",17
1587,பேக்லேஷில் என்னென்ன முக்கிய நிகழ்ச்சிகள் உள்ளன,பே க் லே ஷி ல்   என் னெ ன்ன   முக்கிய   நிகழ்ச்சி கள்   உள்ளன,12
1588,"இந்த நிகழ்ச்சியில் ஏஜே ஸ்டைல்ஸ் எட்ஜுடன் சண்டை போடப் போகிறார், செத் ராலின்ஸ் கோடி ரோட்ஸுடன் சண்டையிடப் போகிறார்","இந்த   நிகழ்ச்சி யில்   ஏ ஜே   ஸ் டை ல் ஸ்   எ ட் ஜு டன்   சண்டை   போ ட ப்   போ கிறார்,   செ த்   ரா லின் ஸ்   கோ டி   ரோ ட் ஸு டன்   சண்டை யிட ப்   போ கிறா ர்",36
1589,"இந்த வருஷம் ரோட்ஸ் திரும்பி வந்திருப்பதால் இது ரொம்பப் பெரிய விஷயமாக இருக்கும், ஃபேன்ஸ் எல்லாரும் ரொம்ப ஆர்வமாக இருக்கிறார்கள்","இந்த   வரு ஷ ம்   ரோ ட்ஸ்   திரும்பி   வ ந்திரு ப்ப தால்   இது   ரொ ம்ப ப்   பெரிய   விஷய மாக   இருக்கும்,   ஃ பே ன்ஸ்   எல் லா ரும்   ரொ ம்ப   ஆர்வ மாக   இரு க்கிறா ர்கள்",32
1590,எக்சைடிங்கான டேக் மேட்ச்கள் ஏதாவது இருக்கிறதா,எ க் சை டி ங்கா ன   டே க்   மே ட் ச் கள்   ஏ தாவது   இருக்கிற தா,16
1591,"ஆமாம் இருக்கிறது, இந்த நிகழ்ச்சியில் ஆறு பேர் கொண்ட டேக் டீம் மேட்ச் ஒன்றும் நடக்கப் போகிறது","ஆ மா ம்   இருக்கிற து,   இந்த   நிகழ்ச்சி யில்   ஆறு   பேர்   கொண்ட   டே க்   டீ ம்   மே ட் ச்   ஒன்று ம்   நட க்க ப்   போ கிறது",25
1592,"ட்ரூ மெக்இன்டையர் அப்புறம் ஆர்கே-ப்ரோ கூட ரோமன் ரெயின்ஸ், தி உசோஸ் சண்டை போடப் போகிறார்கள்","ட் ரூ   மெ க் இன் டை யர்   அ ப்புற ம்   ஆர் கே - ப் ரோ   கூட   ரோ மன்   ரெ யின் ஸ்,   தி   உ சோ ஸ்   சண்டை   போ ட ப்   போ கிறா ர்கள்",32
1593,அவர்கள் நிறைய டைட்டில் ஜெயித்திருக்கிறார்கள்,அவர்கள்   நிறை ய   டை ட்டில்   ஜெ யி த்திரு க்கிறா ர்கள்,10
1594,ரோமன் ரெயின்ஸ் டபிள்யுடபிள்யுஈ யுனிவர்சல் சேம்பியன்தானே,ரோ மன்   ரெ யின் ஸ்   ட பிள் யு ட பிள் யு ஈ   யு னி வர் சல்   சே ம்பி யன் தா னே,21
1595,"ஆமாம், தி உசோஸ் ஸ்மேக்டவுன் டேக்-டீம் சேம்பியன்ஸ், ஆர்கே-ப்ரோ ரா டேக் டீம் சேம்பியன்ஸ்","ஆ மா ம்,   தி   உ சோ ஸ்   ஸ் மே க் ட வு ன்   டே க் - டீ ம்   சே ம்பி யன் ஸ்,   ஆர் கே - ப் ரோ   ரா   டே க்   டீ ம்   சே ம்பி யன் ஸ்",36
1596,"இது சேம்பியன்ஷிப் மேட்ச் இல்லை, ஆனாலும் ஃபேன்ஸ் ரொம்ப ஆர்வமாக இருக்கிறார்கள்","இது   சே ம்பி யன்ஷி ப்   மே ட் ச்   இல்லை ,   ஆ னா லும்   ஃ பே ன்ஸ்   ரொ ம்ப   ஆர்வ மாக   இரு க்கிறா ர்கள்",23
1597,"இரண்டு பக்கமும் ஃபேன்ஸ் விரும்பும் அணிகள் விளையாடுகிறது, ராண்டி ஆர்டன்ஸுக்கு எதிரான ரெயின்ஸ் போட்டியும் ஃபேன்ஸ் ரொம்பவும் எதிர்பார்க்கும் மேட்சாக இருக்கும்","இரண்டு   பக்க மும்   ஃ பே ன்ஸ்   விரும்பும்   அணி கள்   விளையாடு கிறது,   ரா ண்டி   ஆர் டன் ஸு க்கு   எதிரான   ரெ யின் ஸ்   போட்டி யும்   ஃ பே ன்ஸ்   ரொ ம்ப வும்   எதிர்பார் க்கும்   மே ட் சாக   இருக்கும்",35
1598,"ஆமாம், முடிந்தால் பார்க்க முயற்சி பண்ணு, ஆனாலும் நேரத்தின் காரணமாக பார்ப்பதும் கஷ்டம்தான்","ஆ மா ம்,   முடி ந்தால்   பார்க்க   முயற்சி   பண் ணு ,   ஆ னா லும்   நேர த்தின்   காரணமாக   பார் ப்பது ம்   க ஷ் டம் தான்",23
1599,"ஹாய் டிம்பி, எப்படி இருக்கிறாய்","ஹா ய்   டி ம்பி ,   எப்படி   இரு க்கிறா ய்",9
1600,நாம் பேசியே ரொம்ப நாளாகிவிட்டது,நா ம்   பேசி யே   ரொ ம்ப   நா ளா கி விட்ட து,11
1601,எல்லாம் நலம்தானே,எல் லாம்   ந லம் தா னே,6
1602,ஹாய் தேவாங்கா,ஹா ய்   தே வா ங்கா,5
1603,நான் நன்றாக இருக்கிறேன்,நான்   ந ன்றா க   இரு க்கி றே ன்,8
1604,ஆமாம் ரொம்ப நாளாகிவிட்டது,ஆ மா ம்   ரொ ம்ப   நா ளா கி விட்ட து,10
1605,என்னுடைய கசின் பிரதரைத் தவிர எல்லாம் நலமாகத்தான் இருக்கிறது,என் னு டைய   க சின்   பிர தரை த்   தவி ர   எல் லாம்   ந ல மாக த்தா ன்   இருக்கிற து,19
1606,"ஓ, அவருக்கு என்ன ஆச்சு","ஓ ,   அவருக்கு   என்ன   ஆ ச்சு",6
1607,எனக்கு யாருமே எதுவுமே சொல்லவில்லையே,என க்கு   யா ரு மே   எது வு மே   சொ ல்ல வில்லை யே,12
1608,இப்போது அவர் எப்படி இருக்கிறார்,இப்போது   அவர்   எப்படி   இரு க்கிறா ர்,6
1609,போன மாதம் அவருக்கு ஒரு விபத்து நடந்தது,போ ன   மாதம்   அவருக்கு   ஒரு   வி பத்து   நடந்த து,9
1610,கடவுள் புண்ணியத்தில் இப்போது குணமாகி வருகிறார்,கடவு ள்   பு ண் ணி ய த்தில்   இப்போது   கு ண மா கி   வரு கிறா ர்,15
1611,நல்ல வேளையாக ஹெல்த் இன்சூரன்ஸ் மூலமாக எல்லா செலவுகளையும் சமாளிக்க முடிந்தது,நல்ல   வேளை யாக   ஹெ ல் த்   இன் சூ ர ன்ஸ்   மூல மாக   எல் லா   செலவு களையும்   சமா ளி க்க   முடிந்த து,21
1612,அவர் குணமாகி வருகிறார் என்பதில் மகிழ்ச்சி,அவர்   கு ண மா கி   வரு கிறா ர்   என்ப தில்   மகிழ்ச்சி,11
1613,அவர் எந்த ஹெல்த் இன்சூரன்ஸைப் பயன்படுத்தினார்,அவர்   எந்த   ஹெ ல் த்   இன் சூ ரன் ஸை ப்   ப யன்படுத்தி னார்,13
1614,நானும் ஒரு ஹெல்த் இன்சூரன்ஸ் வாங்க விரும்புகிறேன்,நா னும்   ஒரு   ஹெ ல் த்   இன் சூ ர ன்ஸ்   வாங்க   விரும்பு கி றே ன்,15
1615,அவருடையது ஸ்டார் ஹெல்த் இன்சூரன்ஸ்,அவருடைய து   ஸ்டா ர்   ஹெ ல் த்   இன் சூ ர ன்ஸ்,11
1616,அவர் ஃபேமிலி ஃப்ளோட்டர் இன்சூரன்ஸ் வாங்கியிருந்தார்,அவர்   ஃ பே மி லி   ஃப் ளோ ட்டர்   இன் சூ ர ன்ஸ்   வாங்கி யிரு ந்தா ர்,16
1617,குடும்பத்தில் 5 பேர் வரைக்கும் அது கவர் செய்கிறது,குடும்ப த்தில்   5   பேர்   வரை க்கும்   அது   க வர்   செய் கிறது,11
1618,பிரீமியம் தொகை எவ்வளவு,பி ரீ மி யம்   தொகை   எவ்வளவு,6
1619,மாதாமாதம் ரின்யூ செய்ய வேண்டுமா,மாதா மாதம்   ரின் யூ   செய்ய   வேண்டு மா,7
1620,அதை எப்படி வாங்குவது,அதை   எப்படி   வாங்கு வது,4
1621,அதில் கேஷ்லெஸ் ஹாஸ்பிடலைசேஷன் வசதி கிடைக்குமா,அதில்   கே ஷ் லெ ஸ்   ஹா ஸ் பி ட லை சே ஷன்   வசதி   கிடை க்கு மா,16
1622,நீங்கள் தேர்ந்தெடுக்கும் பிளானின் அடிப்படையில் பிரீமியம் இருக்கும்,நீங்கள்   தேர்ந்தெடு க்கும்   பி ளா னின்   அடிப்படையில்   பி ரீ மி யம்   இருக்கும்,12
1623,பல பிளான்களில் இருந்து நீங்கள் தேர்ந்தெடுக்கலாம்,பல   பி ளா ன் களில்   இருந்து   நீங்கள்   தேர்ந்தெ டுக்க லாம்,10
1624,ஆன்லைனில் எல்லா விவரங்களும் கிடைக்கிறது,ஆன்லைனில்   எல் லா   விவர ங்களும்   கிடை க்கிற து,8
1625,"மாதாமாதமோ, காலாண்டிலோ, ஆறு மதங்களுக்கு ஒருமுறையோ, ஆண்டுக்கு ஒருமுறையோ பிரீமியத்தைக் கட்டலாம்","மாதா மாத மோ ,   கா லா ண்டி லோ ,   ஆறு   மத ங்களுக்கு   ஒருமுறை யோ ,   ஆண்டு க்கு   ஒருமுறை யோ   பி ரீ மிய த்தை க்   கட்ட லாம்",26
1626,"ஆமாம், அவர்களுடைய நெட்வர்க் மருத்துவமனைகள் மூலமாக இந்த இன்சூரன்ஸில் கேஷ்லெஸ் ஹாஸ்பிடலைசேஷன் வசதியும் கிடைக்கும்","ஆ மா ம்,   அவர் களு டைய   நெ ட் வர் க்   மருத்துவ மனை கள்   மூல மாக   இந்த   இன் சூ ரன் ஸில்   கே ஷ் லெ ஸ்   ஹா ஸ் பி ட லை சே ஷன்   வசதி யும்   கிடை க்கும்",35
1627,இந்தியா முழுவதிலும் அவர்களுடைய நெட்வர்க்கில் 500க்கும் அதிகமான மருத்துவமனைகள் இருக்கின்றன,இந்தியா   முழு வதி லும்   அவர் களு டைய   நெ ட் வர் க்கில்   500 க்கும்   அதிகமான   மருத்துவ மனை கள்   இரு க்கின்ற ன,20
1628,நல்ல விஷயம்தான்,நல்ல   விஷ யம் தான்,4
1629,கேஷ்லெஸ் ஹாஸ்பிடலைசேஷன் வசதி இருந்தால் மருத்துவமனையில் சேரும் சமயத்தில் டென்ஷன் இருக்காது,கே ஷ் லெ ஸ்   ஹா ஸ் பி ட லை சே ஷன்   வசதி   இருந்தால்   மருத்துவ மனை யில்   சே ரும்   சமய த்தில்   டெ ன் ஷன்   இரு க்கா து,26
1630,நம்மிடம் எல்லா நேரத்திலும் கையில் பணம் இருப்பதில்லையே,ந ம் மி டம்   எல் லா   நேர த்திலும்   கையில்   பணம்   இருப்ப தில் லை யே,14
1631,"அதுவும் முக்கியமாக, வெளியில் இருக்கும்போது துரதிர்ஷ்டவசமான விஷயங்கள் எங்கே எப்போது நடக்கும் என்று நமக்குத் தெரியாது","அது வும்   முக்கியமாக ,   வெளி யில்   இருக்கும் போது   து ர திர் ஷ் ட வச மான   விஷய ங்கள்   எ ங்கே   எப்போது   நட க்கும்   என்று   ந ம க்கு த்   தெரி யா து",30
1632,சேரும்போது நாம் ஏதாவது மெடிக்கல் சர்டிஃபிகேட் கொடுக்க வேண்டுமா,சே ரும் போது   நா ம்   ஏ தாவது   மெ டி க்கல்   சர் டிஃ பி கேட்   கொ டுக்க   வேண்டு மா,18
1633,40 வயதுக்கு உட்பட்ட விண்ணப்பதாரர்கள் மெடிக்கல் சர்டிஃபிகேட் எதுவும் கொடுக்க வேண்டாம்,40   வயது க்கு   உட் பட்ட   வி ண்ண ப்ப தார ர்கள்   மெ டி க்கல்   சர் டிஃ பி கேட்   எதுவும்   கொ டுக்க   வேண்டா ம்,22
1634,உங்களுக்கு ஏற்கனவே இருக்கும் நோய்கள் பற்றி ஃபார்மில் தெரிவித்தால் போதும்,உங்களுக்கு   ஏற்கனவே   இருக்கும்   நோய் கள்   பற்றி   ஃ பார் மில்   தெரிவி த்தால்   போது ம்,13
1635,சேர்வது ரொம்ப ஈசி,சேர் வது   ரொ ம்ப   ஈ சி,6
1636,இந்த இன்சூரன்ஸை ஆன்லைனில் வாங்க முடியுமா,இந்த   இன் சூ ரன் ஸை   ஆன்லைனில்   வாங்க   முடி யு மா,10
1637,பாலிசியோட காபி கைக்கு எப்போது கிடைக்கும்,பாலி சி யோ ட   கா பி   கை க்கு   எப்போது   கிடை க்கும்,11
1638,அதைப் போஸ்ட்டில் அனுப்புவார்களா,அதை ப்   போ ஸ் ட்டில்   அனுப்பு வார் களா,8
1639,"ஆமாம், ஆன்லைனில் வாங்கிக்கொள்ளலாம்","ஆ மா ம்,   ஆன்லைனில்   வாங்கி க்கொள்ள லாம்",7
1640,"ஆன்லைனில் பேமெண்ட் செய்தபிறகு, உங்களுக்கு மெயிலில் சாஃப்ட் காபி அனுப்புவார்கள்","ஆன்லைனில்   பே மெ ண்ட்   செய்த பிறகு,   உங்களுக்கு   மெ யி லில்   சாஃ ப் ட்   கா பி   அனுப்பு வா ர்கள்",18
1641,அதன் ஹார்டு காபி போஸ்ட் வழியாக வரும்,அதன்   ஹா ர் டு   கா பி   போ ஸ்ட்   வழியாக   வரும்,10
1642,விவரங்களுக்கு அவர்களுடைய வெப்சைட்டைப் பாருங்கள்,விவர ங்களுக்கு   அவர் களு டைய   வெ ப் சை ட்டை ப்   பா ரு ங்கள்,13
1643,நான் உங்களுக்கு லிங்க் அனுப்புகிறேன்,நான்   உங்களுக்கு   லி ங்க்   அனுப்பு கி றே ன்,8
1644,நாம் கோவாவுக்குப் போகிறோம்,நா ம்   கோவா வுக்கு ப்   போ கி றோ ம்,9
1645,நாம் அங்கே போகிறோம் என்று என்னால் நம்பவே முடியவில்லை,நா ம்   அ ங்கே   போ கி றோ ம்   என்று   என் னால்   நம்ப வே   முடிய வில்லை,15
1646,இதை நாம் ஏழாவது தடவை பிளான் பண்ணுகிறோம்,இதை   நா ம்   ஏ ழா வது   த ட வை   பி ளா ன்   பண் ணு கி றோ ம்,17
1647,தில் சாஹ்தா ஹை படத்தில் வர மாதிரியே இருக்கிறது,தில்   சா ஹ் தா   ஹை   பட த்தில்   வர   மாதிரி யே   இருக்கிற து,12
1648,கடைசியாக நாம் நினைத்தபடியே போகிறோம்,கடைசி யாக   நா ம்   நினை த்த படி யே   போ கி றோ ம்,12
1649,நம்மிடம் ஒரு ரெட் கலர் கன்வர்ட்டிபிள் கார் மட்டும் இருந்தால் எவ்வளவு நல்லா இருக்கும்,ந ம் மி டம்   ஒரு   ரெ ட்   கல ர்   கன் வர் ட்டி பிள்   கார்   மட்டும்   இருந்தால்   எவ்வளவு   ந ல்லா   இருக்கும்,20
1650,"ஆமாம், இல்லே","ஆ மா ம்,   இல் லே",5
1651,சூப்பராக இருக்கும்,சூ ப்ப ராக   இருக்கும்,4
1652,"சரி, போகும் வழியில் என்ன பண்ணுவது என்று ஏதாவது திட்டம் இருக்கிறதா","சரி ,   போ கும்   வழி யில்   என்ன   பண் ணு வது   என்று   ஏ தாவது   திட்ட ம்   இருக்கிற தா",17
1653,"தப்பாக நினைக்காதே, இதுதான் என் போகும் முதல் ரோடு டிரிப்","த ப்பாக   நினை க்கா தே ,   இது தான்   என்   போ கும்   முதல்   ரோ டு   டி ரி ப்",17
1654,நேற்று ராத்திரி நான் ரெடி பண்ணிய பெஸ்ட் பிளேலிஸ்ட்டை நாம் கேட்டுக் கொண்டே போகலாம்,நே ற்று   ரா த்திரி   நான்   ரெ டி   பண் ணி ய   பெ ஸ்ட்   பி ளே லி ஸ் ட்டை   நா ம்   கேட்டு க்   கொ ண்டே   போ க லாம்,26
1655,நாம் மாறி மாறி வண்டியை ஓட்டலாம்,நா ம்   மாறி   மாறி   வ ண்டி யை   ஓ ட்ட லாம்,10
1656,அங்கங்கே நிறுத்தி அருமையான ஃபோட்டோஸ் எடுக்கலாம்,அ ங்க ங்கே   நிறுத்தி   அரு மையான   ஃ போ ட்டோ ஸ்   எடுக்க லாம்,12
1657,நாம் போகும் வழியில் சீனரி ரொம்ப நன்றாக இருக்கும்,நா ம்   போ கும்   வழி யில்   சீன ரி   ரொ ம்ப   ந ன்றா க   இருக்கும்,14
1658,ரோடு டிரிப் சம்பந்தப்பட்ட பாலிவுட் சாங்ஸ் எல்லாம் இருக்குதானே,ரோ டு   டி ரி ப்   சம்ப ந்த ப்பட்ட   பாலி வு ட்   சா ங் ஸ்   எல் லாம்   இரு க்கு தா னே,20
1659,இசெட்என்எம்டி சாங்ஸும் தில் சாஹ்தா ஹை சாங்ஸும் இல்லாமல் ரோடு டிரிப்பே நிறைவடையாது,இ செ ட் என் எம் டி   சா ங் ஸு ம்   தில்   சா ஹ் தா   ஹை   சா ங் ஸு ம்   இல்லாமல்   ரோ டு   டி ரி ப்பே   நிறை வடை யா து,29
1660,நிச்சயமாக,நி ச்ச யமாக,3
1661,நாம் கெட்டுப் போவதற்கு பாலிவுட்தான் காரணம்,நா ம்   கெ ட்டு ப்   போ வதற்கு   பாலி வு ட் தான்   காரண ம்,13
1662,நமக்குக் கிடைக்கும் ஒவ்வொரு அனுபவத்தையும் நாம் அதனுடன்தான் ஒப்பிட்டுப் பார்க்கிறோம்,ந ம க்கு க்   கிடை க்கும்   ஒவ்வொரு   அனுப வ த்தையும்   நா ம்   அத னுடன் தான்   ஒ ப்பி ட்டு ப்   பார் க்கி றோ ம்,23
1663,"ஆனால், அதிலிருந்து நல்ல விஷயங்களையும் கற்றுக் கொண்டு இருக்கிறோம்","ஆ னால்,   அதி லிருந்து   நல்ல   விஷய ங்களையும்   க ற்று க்   கொண்டு   இரு க்கி றோ ம்",15
1664,"வா, இதைக் கனெக்ட் பண்ணலாம்","வா ,   இதை க்   க னெ க் ட்   பண் ண லாம்",11
1665,ஒத்துககொள்கிறேன்,ஒ த்து க கொள் கி றே ன்,7
1666,என் வாழ்க்கையே பாலிவுட்டை சுற்றித்தான் ஓடுகிறது,என்   வாழ்க்கை யே   பாலி வு ட்டை   சு ற்றி த்தா ன்   ஓ டு கிறது,13
1667,"சரி, போய்ச் சேர எவ்வளவு நேரம் ஆகும்","சரி ,   போ ய் ச்   சேர   எவ்வளவு   நேரம்   ஆ கும்",10
1668,ஃபோட்டோஸ் எடுப்பதைத் தவிர நாம் வழியில் செய்வதற்கு ஏதேனும் இருக்கிறதா,ஃ போ ட்டோ ஸ்   எடு ப்பதை த்   தவி ர   நா ம்   வழி யில்   செய்வதற்கு   ஏதேனும்   இருக்கிற தா,17
1669,ஐயோ,ஐ யோ,2
1670,இதுதான் உன்னுடைய முதல் ரோடு டிரிப் என்று நான் மறந்தே போய்விட்டேன்,இது தான்   உ ன் னு டைய   முதல்   ரோ டு   டி ரி ப்   என்று   நான்   ம ற ந்தே   போ ய் வி ட் டே ன்,23
1671,உண்மையாகவே சொல்லுகிறாயா,உண் மையாக வே   சொல் லு கிறா யா,7
1672,"அப்படியென்றால், நாம் இதை மறக்கமுடியாத ஒரு அனுபவமாக மாற்றிடலாம்","அ ப்படி யெ ன்றால்,   நா ம்   இதை   ம ற க்க முடியாத   ஒரு   அனுப வ மாக   மாற்றி ட லாம்",18
1673,கண்டிப்பாக,க ண்டி ப்பாக,3
1674,இது ஒரு ஸ்பெஷலான அனுபவமாக இருக்க வேண்டும்,இது   ஒரு   ஸ் பெ ஷ லான   அனுப வ மாக   இருக்க   வேண்டும்,11
1675,இது போல திரும்பவும் எப்போது செய்வேன் என்று எனக்கே தெரியாது,இது   போல   திரு ம்ப வும்   எப்போது   செய் வே ன்   என்று   என க்கே   தெரி யா து,15
1676,"எனக்கு ரயில், விமானத்தில் போவதுதான் பழக்கம்","என க்கு   ர யில்,   விமான த்தில்   போ வது தான்   பழ க்கம்",11
1677,இதைவிட அதுதான் வசதி இல்லையா,இதை விட   அது தான்   வசதி   இல்லை யா,7
1678,"குறிப்பாக, சின்ன டிரிப்பாக இருக்கும்போது வசதியாக இருக்கும்","குறிப்பாக ,   சி ன்ன   டி ரி ப்பாக   இருக்கும் போது   வச தியாக   இருக்கும்",12
1679,எனக்கு ரோடு டிரிப்தான் வசதி,என க்கு   ரோ டு   டி ரி ப் தான்   வசதி,9
1680,விடுமுறைக் கொண்டாட்ட மூடுக்கு நம்மை மாற்றிவிடும்,விடுமுறை க்   கொண்டா ட்ட   மூ டுக்கு   ந ம் மை   மாற்றி வி டும்,12
1681,நல்லா ரிலாக்சாகவும் இருக்கும்,ந ல்லா   ரி லாக் சாக வும்   இருக்கும்,7
1682,விமானங்களில் போனால்,விமான ங்களில்   போ னால்,4
1683,டக்கென்று பயணம் முடிந்துவிடும்,ட க்கெ ன்று   பய ணம்   முடி ந்து வி டும்,9
1684,இதைவிட ரயில்கள் பரவாயில்லை,இதை விட   ரயில் கள்   பர வா யில் லை,8
1685,"இருந்தாலும், ரோடு டிரிப்பில் பாதி விடுமுறை ரோட்டிலேயே கழிந்துவிடும்","இருந்தா லும்,   ரோ டு   டி ரி ப்பில்   பாதி   விடுமுறை   ரோ ட்டி லேயே   கழி ந்து வி டும்",16
1686,இரண்டிலும் அதற்கான நன்மைகள் இருக்கிறது,இர ண்டி லும்   அ தற்கான   ந ன்மை கள்   இருக்கிற து,10
1687,கோவா டிரிப் என் மனதை மாற்றுகிறதா என்று பார்ப்போம்,கோவா   டி ரி ப்   என்   மன தை   மாற்று கிற தா   என்று   பார் ப்போ ம்,14
1688,கண்டிப்பாக மாற்றிவிடும்,க ண்டி ப்பாக   மாற்றி வி டும்,6
1689,ஆனால் முதலில் நாம் ஒரு பெட்ரோல் பங்கில் நிறுத்த வேண்டும்,ஆனால்   முதலில்   நா ம்   ஒரு   பெ ட் ரோ ல்   ப ங்கில்   நிறுத்த   வேண்டும்,13
1690,ஜாலியாக இருக்கப்போகிறது,ஜா லி யாக   இருக்க ப்போ கிறது,6
1691,நீ பெட்ரோல் போடும் வரை நான் வெளியே ஃபோட்டோஸ் எடுத்துக் கொண்டிருக்கிறேன்,நீ   பெ ட் ரோ ல்   போ டும்   வரை   நான்   வெளியே   ஃ போ ட்டோ ஸ்   எடுத்து க்   கொ ண்டிரு க்கி றே ன்,21
1692,"ஹாய், ஏ பி தில்லான் இசை நிகழ்ச்சியின் ஒருங்கிணைப்பாளர்களை உன்னுடைய அண்ணனுக்குத் தெரியும் என்று நான் கேள்விப்பட்டேன்","ஹா ய் ,   ஏ   பி   தில் லா ன்   இசை   நிகழ்ச்சி யின்   ஒருங்கிணை ப்பாளர் களை   உ ன் னு டைய   அ ண்ண னுக்கு த்   தெரி யும்   என்று   நான்   கேள்வி ப்ப ட் டே ன்",31
1693,"நான் ரொம்ப நாட்களாகவே பாஸ் கிடைக்குமா என்று தேடிக் கொண்டிருக்கிறேன், இன்னும் கிடைத்தபாடில்லை","நான்   ரொ ம்ப   நாட் களாக வே   பா ஸ்   கிடை க்கு மா   என்று   தே டி க்   கொ ண்டிரு க்கி றே ன்,   இன்னும்   கிடை த்த பா டி ல் லை",27
1694,"உன்னால் எனக்கு உதவ முடியுமா, பிளீஸ்","உ ன் னால்   என க்கு   உத வ   முடி யு மா ,   பி ளீ ஸ்",14
1695,"ஆமாம், ஒருங்கிணைப்பாளர் குழுவிலும் அவர் இருக்கிறார்","ஆ மா ம்,   ஒருங்கிணை ப்பாளர்   குழு விலும்   அவர்   இரு க்கிறா ர்",11
1696,எக்ஸ்ட்ரா டிக்கெட் கிடைக்குமா என்று அவரிடம் நான் கேட்டுப் பார்க்கிறேன்,எ க் ஸ்ட் ரா   டி க்கெட்   கிடை க்கு மா   என்று   அவ ரிடம்   நான்   கேட்டு ப்   பார் க்கி றே ன்,19
1697,உனக்கு எத்தனை டிக்கெட் வேண்டும்,உ ன க்கு   எ த்தனை   டி க்கெட்   வேண்டும்,8
1698,எனக்கும் என் நண்பர்களுக்கும் சேர்த்து ஐந்து டிக்கெட்டுகள் வேண்டும்,என க்கும்   என்   நண் பர் களுக்கும்   சேர்த்து   ஐந்து   டி க்கெட்டு கள்   வேண்டும்,12
1699,நாங்கள் பிளான் செய்யும்போது ஒரு டிக்கெட்டின் விலை 10000 ரூபாய்,நா ங்கள்   பி ளா ன்   செய்யும் போது   ஒரு   டி க்கெ ட்டின்   விலை   100 00   ரூ பாய்,16
1700,ஆனால் இப்போது 35000 ரூபாயில் இருந்து 40000 வரை விற்கிறது என்று கேள்விப்பட்டேன்,ஆனால்   இப்போது   35 000   ரூ பா யில்   இருந்து   4 00 00   வரை   வி ற் கிறது   என்று   கேள்வி ப்ப ட் டே ன்,21
1701,அதற்கு எவ்வளவு ஆகும் என்றும் உன்னால் சொல்ல முடியுமா,அதற்கு   எவ்வளவு   ஆ கும்   என்றும்   உ ன் னால்   சொ ல்ல   முடி யு மா,13
1702,விஷயம் என்னவென்றால் ஒருங்கிணைப்பாளர்கள் கணக்கிட்டதைவிட ஓரளவுக்கு விலை ஏறிதான் உள்ளது,விஷ யம்   என்ன வெ ன்றால்   ஒருங்கிணை ப்பா ளர்கள்   கணக்கி ட்ட தை விட   ஓ ர ள வுக்கு   விலை   ஏ றி தான்   உள்ள து,22
1703,ஆனால் நீ நினைப்பது போல் அவ்வளவு விலையெல்லாம் இல்லை,ஆனால்   நீ   நினை ப்பது   போல்   அவ் வளவு   விலை யெ ல் லாம்   இல்லை,12
1704,"டிக்கெட்டை சில ஏஜண்ட்ஸ் பிளாக்கில் விற்கிறார்கள், அதனால் நீ அவர்கள் விற்கும் விலையைப் பற்றிக் கேள்விப்பட்டிருப்பாய்","டி க்கெ ட்டை   சில   ஏ ஜ ண்ட் ஸ்   பி ளா க்கில்   வி ற் கிறா ர்கள்,   அதனால்   நீ   அவர்கள்   விற்கு ம்   விலை யை ப்   பற்றி க்   கேள்வி ப்பட்டிரு ப்பாய்",28
1705,ஒரு டிக்கெட்டின் விலை 8000,ஒரு   டி க்கெ ட்டின்   விலை   8 000,7
1706,ஆனால் இப்போது 5 டிக்கெட் கிடைக்குமா என்றுதான் எனக்குத் தெரியவில்லை,ஆனால்   இப்போது   5   டி க்கெட்   கிடை க்கு மா   என்று தான்   என க்கு த்   தெரிய வில்லை,15
1707,"நீ சொல்வது சரிதான், இடைத் தரகர்கள்தான் விலையை ஏற்றி விடுகிறார்கள்","நீ   சொல் வது   சரி தான் ,   இடை த்   தர க ர்கள் தான்   விலை யை   ஏ ற்றி   விடு கிறா ர்கள்",19
1708,"ஒருங்கிணைப்பாளர்களிடம் அதற்கான தொகையும் போய் சேராது, டிக்கெட் விலையிலும் இதனால் பெரிய மாற்றம் ஏற்படுகிறது","ஒருங்கிணை ப்பாளர் களிடம்   அ தற்கான   தொகை யும்   போ ய்   சே ரா து,   டி க்கெட்   விலை யிலும்   இதனால்   பெரிய   மாற்ற ம்   ஏற்படு கிறது",22
1709,ரசிகர்கள் தீவிர வெறியுடன் இருப்பதால் அவர்கள் எந்த விலையிலும் வாங்கத் தயாராக இருக்கிறார்கள்,ர சி க ர்கள்   தீவிர   வெ றி யுடன்   இருப்ப தால்   அவர்கள்   எந்த   விலை யிலும்   வாங்க த்   தயா ராக   இரு க்கிறா ர்கள்,21
1710,"இந்தப் பிளானையே கைவிட்டுவிடலாம் என்று நினைத்தேன், அப்புறம்தான் உன் ஞாபகம் எனக்கு வந்தது","இந்த ப்   பி ளா னை யே   கை விட்டு விட லாம்   என்று   நினை த்தே ன்,   அ ப்புற ம் தான்   உ ன்   ஞா ப கம்   என க்கு   வந்த து",27
1711,ஐந்து டிக்கெட் ஏற்பாடு செய்ய கஷ்டமாக இருந்தால் 2 டிக்கெட்டாவது கிடைக்குமா என்று பார்க்கிறாயா,ஐந்து   டி க்கெட்   ஏற்பாடு   செய்ய   க ஷ் ட மாக   இருந்தால்   2   டி க்கெ ட்டா வது   கிடை க்கு மா   என்று   பார் க்கிறா யா,22
1712,2 டிக்கெட் கிடைத்துவிடும்,2   டி க்கெட்   கிடை த்து வி டும்,7
1713,என்னுடைய அண்ணனிடம் கேட்டுச் சீக்கிரமே உனக்கு வாங்கி வைக்கிறேன்,என் னு டைய   அ ண்ண னி டம்   கேட்டு ச்   சீ க்கிர மே   உ ன க்கு   வாங்கி   வை க்கி றே ன்,20
1714,"நீ நேரடியாகவே பணத்தைக் கட்டிடலாம், அது சுலபமாக இருக்கும்","நீ   நேரடியாக வே   பணத்தை க்   கட்டி ட லாம்,   அது   சு ல ப மாக   இருக்கும்",14
1715,"ரொம்ப நன்றி பா, நான் எப்படியும் டிக்கெட் வாங்கி விடுகிறேன் என்று என் கேர்ள்ஃபிரண்டிடம் சொல்லியிருந்தேன்","ரொ ம்ப   ந ன்றி   பா ,   நான்   எப்படி யும்   டி க்கெட்   வாங்கி   விடு கி றே ன்   என்று   என்   கே ர் ள்ஃ பிர ண்டி டம்   சொ ல்லி யிரு ந்தே ன்",29
1716,அடுத்த நிகழ்ச்சி வரை அவள் என்னை நச்சரித்திருப்பாள்,அடுத்த   நிகழ்ச்சி   வரை   அவள்   என் னை   ந ச்சரி த்திரு ப்பா ள்,11
1717,இந்த மாதிரி நிகழ்ச்சிக்கெல்லாம் யாராவது மியூசிக் கேட்கப் போவார்களா,இந்த   மாதிரி   நிகழ்ச்சி க்கெ ல் லாம்   யா ரா வது   மி யூ சி க்   கேட் க ப்   போ வார் களா,19
1718,அங்கே போனால் கெத்தாக இருக்குமே என்றுதான் நானெல்லாம் போகிறேன்,அ ங்கே   போ னால்   கெ த்தா க   இரு க்கு மே   என்று தான்   நா னெ ல் லாம்   போ கி றே ன்,20
1719,ஆனால் உன்னிடம் சொல்வதைப் போல் என்னால் அவளிடம் சொல்ல முடியாதே நண்பா,ஆனால்   உ ன் னி டம்   சொல் வதை ப்   போல்   என் னால்   அவ ளி டம்   சொ ல்ல   முடியா தே   நண் பா,20
1720,புரிகிறது,புரி கிறது,2
1721,"கவலைப்படாதே, நான் 2 டிக்கெட்டுக்கு ஏற்பாடு பண்ணிடுறேன்","கவ லை ப்படா தே ,   நான்   2   டி க்கெட்டு க்கு   ஏற்பாடு   பண் ணி டு றே ன்",16
1722,"நான் ஏற்கனவே என்னுடைய அண்ணனிடம் சொல்லிவிட்டேன், அவரும் உன்னுடைய டிக்கெட்டை புக் செய்து விட்டார்","நான்   ஏற்கனவே   என் னு டைய   அ ண்ண னி டம்   சொ ல்லி வி ட் டே ன்,   அவ ரும்   உ ன் னு டைய   டி க்கெ ட்டை   பு க்   செய்து   விட்டா ர்",29
1723,"அதனால் பயப்படாதே, நாளைக்கு நாம் சந்திக்கும்போது என்னிடம் இருந்து வாங்கிக்கொள்","அதனால்   பய ப்படா தே ,   நா ளை க்கு   நா ம்   சந்தி க்கும் போது   என் னி டம்   இருந்து   வாங்கி க்கொள்",19
1724,"கண்டிப்பாக, நன்றி நண்பா","க ண்டி ப்பாக ,   ந ன்றி   நண் பா",8
1725,"பிரச்சனை இல்லை, அப்புறம் பார்க்கலாம்","பிரச்சனை   இல்லை ,   அ ப்புற ம்   பார்க்க லாம்",8
1726,"ஹலோ, ட்ரினிட்டி எலிமெண்டரி ஸ்கூல் ஆர்ட்ஸ் டீச்சர் மிசஸ் ராதிகாவிடம் பேச வேண்டும்","ஹ லோ ,   ட் ரி னி ட்டி   எ லி மெ ண்ட ரி   ஸ் கூ ல்   ஆர் ட்ஸ்   டீ ச்ச ர்   மி ச ஸ்   ரா தி கா வி டம்   பேச   வேண்டும்",30
1727,"சொல்லுங்கள், நான்தான் ராதிகா","சொல் லு ங்கள்,   நான் தான்   ரா தி கா",8
1728,"என் பெயர் ஜான் பெர்னாட், மிஷலின் தந்தை","என்   பெயர்   ஜா ன்   பெர் னா ட்,   மி ஷ லின்   தந்தை",11
1729,"அப்படியா சார், உங்களுக்கு என்ன உதவி வேண்டும்","அ ப்படி யா   சா ர்,   உங்களுக்கு   என்ன   உதவி   வேண்டும்",9
1730,மிஷளுக்கு மியூசிக் கற்றுக்கொள்வதில் ஆர்வம் இருப்பதாகச் சொல்கிறாள்,மி ஷ ளுக்கு   மி யூ சி க்   க ற்று க்கொள் வதில்   ஆர்வ ம்   இருப்ப தாக ச்   சொல் கிறா ள்,19
1731,எந்த வகை மியூசிக்கைக் கற்பிக்க வேண்டும் என்று குழப்பமாக இருக்கிறது,எந்த   வகை   மி யூ சி க்கை க்   கற் பி க்க   வேண்டும்   என்று   குழ ப்ப மாக   இருக்கிற து,17
1732,இதில் எனக்கு உதவ முடியுமா,இதில்   என க்கு   உத வ   முடி யு மா,8
1733,எந்த வகையான இசை கற்றுக்கொள்ள எளிதாக இருக்கும்,எந்த   வகையான   இசை   க ற்று க்கொள்ள   எளி தாக   இருக்கும்,9
1734,நிச்சயமாக,நி ச்ச யமாக,3
1735,என்னைப் பொறுத்தவரை குழந்தைகள் கிளாசிக்கல் மியூசிக்கைக் கற்றுக்கொள்ள வேண்டும்,என் னை ப்   பொறு த்த வரை   குழந்தைகள்   கி ளா சி க்கல்   மி யூ சி க்கை க்   க ற்று க்கொள்ள   வேண்டும்,20
1736,கிளாசிக்கல் மியூசிக்கைக் கற்றுக்கொள்வது குழந்தைகளுக்குப் பயனுள்ளதாக இருக்குமா,கி ளா சி க்கல்   மி யூ சி க்கை க்   க ற்று க்கொள் வது   குழந்தை களுக்கு ப்   பய னு ள்ள தாக   இரு க்கு மா,23
1737,"ஆமாம், கிளாசிக்கல் மியூசிக் கற்றுக்கொள்ள கடினமானது என்றாலும் குழந்தைகளுக்கு பெரிய அளவிலான உணர்ச்சிப்பூர்வமான நன்மைகளை அளிக்கிறது","ஆ மா ம்,   கி ளா சி க்கல்   மி யூ சி க்   க ற்று க்கொள்ள   கடின மான து   என்றா லும்   குழந்தை களுக்கு   பெரிய   அளவிலான   உணர் ச்சி ப்பூர்வ மான   ந ன்மை களை   அளி க்கிற து",33
1738,"ஆய்வுகளின்படி, கிளாசிக்கல் மியூசிக் கேட்பதால் குழந்தைகளில் நேர்மறையான உணர்வுகள் உருவாகின்றன","ஆய்வு களி ன்படி,   கி ளா சி க்கல்   மி யூ சி க்   கே ட்ப தால்   குழந்தை களில்   நேர் மறை யான   உணர் வுகள்   உருவா கின்றன",23
1739,இது அவர்களுடைய கேட்கும் திறனிலும் ஒருமுகச் சிந்தனையிலும் தாக்கத்தை ஏற்படுத்துகிறது,இது   அவர் களு டைய   கேட் கும்   திற னி லும்   ஒரு முக ச்   சி ந்த னை யிலும்   தா க்கத்தை   ஏற்படுத்து கிறது,20
1740,குழந்தையின் வளர்ச்சிக்கு கிளாசிக்கல் மியூசிக் மிகவும் பயனுள்ளதாக இருக்கும்,குழந்தை யின்   வளர்ச்சி க்கு   கி ளா சி க்கல்   மி யூ சி க்   மிகவும்   பய னு ள்ள தாக   இருக்கும்,18
1741,அருமை,அரு மை,2
1742,கிளாசிக்கல் மியூசிக்கால் வேறென்ன நன்மைகள் ஏற்படுகின்றன,கி ளா சி க்கல்   மி யூ சி க்கா ல்   வே றெ ன்ன   ந ன்மை கள்   ஏற்படு கின்றன,17
1743,கிளாசிக்கல் மியூசிக்கிற்கு பயிற்சியும் விடாமுயற்சியும் அவசியம்,கி ளா சி க்கல்   மி யூ சிக்கி ற்கு   பயிற்சி யும்   வி டா முயற்சி யும்   அவசிய ம்,16
1744,இந்தப் பயிற்சியால் குழந்தையின் வாழ்வில் ஒழுக்கம் வரும்,இந்த ப்   பயிற்சி யால்   குழந்தை யின்   வாழ் வில்   ஒழு க்கம்   வரும்,11
1745,மன அழுத்தத்தையும் இது நீக்குகிறது,மன   அழு த்த த்தையும்   இது   நீ க்கு கிறது,8
1746,குழந்தையின் மனதிற்கு இதமானதாகவும் இருக்கும்,குழந்தை யின்   மன தி ற்கு   இத மான தாகவும்   இருக்கும்,9
1747,"ஆமாம், அமைதியான குழந்தை மிகவும் மகிழ்ச்சியாக இருக்கும்","ஆ மா ம்,   அமை தியான   குழந்தை   மிகவும்   மகிழ்ச்சி யாக   இருக்கும்",10
1748,"கேட்பதைவிடவும் குழந்தைகள் கவனித்துக் கேட்கக் கற்றுக்கொள்ளும்போது,","கே ட்ப தை விட வும்   குழந்தைகள்   கவனி த்து க்   கேட் க க்   க ற்று க்கொ ள்ளும் போது,",17
1749,"ஸ்வரங்கள், டியூன்கள், ஸ்ருதிகள், முறைகள், அணுகுமுறைகள் போன்றவற்றை நினைவில் வைத்துக்கொள்ள மெமரி செல்கள் கடினமாக உழைக்கின்றன","ஸ்வர ங்கள்,   டி யூ ன் கள்,   ஸ் ரு தி கள்,   முறை கள்,   அணு கு முறை கள்   போன்ற வற்றை   நினை வில்   வைத்துக்கொ ள்ள   மெ ம ரி   செல் கள்   கடின மாக   உ ழை க்கின்ற ன",33
1750,"சரி, எங்கள் ஏரியாவில் மிஷலுக்குக் கற்றுக்கொடுக்கக் கூடிய ஒரு கிளாசிக்கல் மியூசிக் டீச்சர் இருக்கிறாரா என்று பார்க்கிறேன்","சரி ,   எ ங்கள்   ஏ ரியா வில்   மி ஷ லுக்கு க்   க ற்று க்கொ டுக்க க்   கூடிய   ஒரு   கி ளா சி க்கல்   மி யூ சி க்   டீ ச்ச ர்   இரு க்கிறா ரா   என்று   பார் க்கி றே ன்",37
1751,கிளாசிக்கல் மியூசிக் இந்தியாவின் ஆத்மா என்பது எனக்குப் புரிகிறது,கி ளா சி க்கல்   மி யூ சி க்   இந்தியாவின்   ஆ த் மா   என்பது   என க்கு ப்   புரி கிறது,18
1752,ரொம்ப நல்லது,ரொ ம்ப   நல்ல து,4
1753,"நினைவில் வைத்துக்கொள்ளுங்கள், அவளுக்கு கிளாசிக்கல் மியூசிக்கில் ஆர்வம் இல்லை என்றால் அதைக் கற்றுக்கொள்ள அவளைக் கட்டாயப் படுத்த வேண்டாம்","நினை வில்   வைத்துக்கொ ள்ளு ங்கள்,   அவ ளுக்கு   கி ளா சி க்கல்   மி யூ சி க்கில்   ஆர்வ ம்   இல்லை   என்றால்   அதை க்   க ற்று க்கொள்ள   அவ ளை க்   கட்டா ய ப்   படுத்த   வேண்டா ம்",33
1754,அவர்களுடைய திறமையின் அடிப்படையில் அவர்களை நாம் ஊக்குவிக்க வேண்டும்,அவர் களு டைய   திற மை யின்   அடிப்படையில்   அவர்களை   நா ம்   ஊக்குவி க்க   வேண்டும்,13
1755,கண்டிப்பாக மேடம்,க ண்டி ப்பாக   மே டம்,5
1756,உங்களுடைய வழிகாட்டுதலுக்கு நன்றி,உங்களுடைய   வழி காட்டு த லுக்கு   ந ன்றி,7
1757,"நல்லது, மிஷலுக்கு என்னுடைய வாழ்த்துகளைச் சொல்லுங்கள்","நல்ல து,   மி ஷ லுக்கு   என் னு டைய   வாழ் த்து களை ச்   சொல் லு ங்கள்",15
1758,"ஓகே, பை","ஓ கே ,   பை",4
1759,நாளைக்கு உனக்கு லீவா,நா ளை க்கு   உ ன க்கு   லீ வா,8
1760,வாரநாளில் எனக்கு ஏன் லீவு இருக்கப்போகிறது,வார நா ளில்   என க்கு   ஏ ன்   லீ வு   இருக்க ப்போ கிறது,12
1761,நாளைக்கு ஒரு பேரணி நடக்கப்போகிறது,நா ளை க்கு   ஒரு   பேர ணி   நட க்க ப்போ கிறது,10
1762,அக்கம்பக்கத்தில் இருக்கும் குழந்தைகளுக்கு லீவு விட்டிருக்கிறார்கள்,அ க்க ம்ப க்க த்தில்   இருக்கும்   குழந்தை களுக்கு   லீ வு   வி ட்டி ரு க்கிறா ர்கள்,15
1763,அதனால்தான் உனக்கும் லீவு கிடைத்திருக்கும் என்று நினைத்தேன்,அதனால் தான்   உ ன க்கும்   லீ வு   கிடை த்திரு க்கும்   என்று   நினை த்தே ன்,14
1764,லீவு எல்லாம் எதுவும் இல்லை,லீ வு   எல் லாம்   எதுவும்   இல்லை,6
1765,அப்படியென்றால் நீ நாளை லீவ் போடுவது நல்லது,அ ப்படி யெ ன்றால்   நீ   நா ளை   லீ வ்   போ டு வது   நல்ல து,14
1766,இந்தப் பேரணியில் அப்படி என்ன சிறப்பு இருக்கிறது,இந்த ப்   பேர ணி யில்   அ ப்படி   என்ன   சிறப்பு   இருக்கிற து,11
1767,ஏதாவதொரு பேரணி எப்போதும் நடந்துகொண்டுதானே இருக்கிறது,ஏ தா வ தொ ரு   பேர ணி   எப்போது ம்   நட ந்து கொண்டு தா னே   இருக்கிற து,16
1768,இது பெரிய அளவில் நடக்கப்போகிறது,இது   பெரிய   அளவில்   நட க்க ப்போ கிறது,7
1769,"பாரதிய ஜனதா கட்சி, திரிணாமுல் காங்கிரஸ், கம்யூனிஸ்ட் கட்சி மாதிரியான எல்லாப் பெரிய கட்சிகளும் இதில் கலந்து கொள்ளப்போகின்றன","பார திய   ஜன தா   கட்சி ,   திரி ணா மு ல்   காங்கிரஸ் ,   கம் யூனி ஸ்ட்   கட்சி   மாதிரி யான   எல் லா ப்   பெரிய   கட்சி களும்   இதில்   கல ந்து   கொள்ள ப்போ கின்றன",30
1770,எல்லாக் கட்சிகளுமா,எல் லாக்   கட்சி களு மா,5
1771,"ஆமாம், நீ நாளைக்கு ஆஃபீஸ் போனால்","ஆ மா ம்,   நீ   நா ளை க்கு   ஆ ஃ பீ ஸ்   போ னால்",13
1772,நேரத்தோடு வந்துவிட முடியும் என்று எனக்குத் தோன்றவில்லை,நேர த்தோ டு   வந்து விட   முடியும்   என்று   என க்கு த்   தோ ன்ற வில்லை,13
1773,எனக்கும் அப்படித்தான் தோன்றுகிறது,என க்கும்   அ ப்படி த்தா ன்   தோன்று கிறது,8
1774,ஆனால் இதைப் பற்றி நான் கேள்விப்படவில்லையே,ஆனால்   இதை ப்   பற்றி   நான்   கேள்வி ப்பட வில்லை யே,9
1775,இதை எதற்காக நடத்துகிறார்கள்,இதை   எ தற்காக   நட த்து கிறா ர்கள்,7
1776,"தேர்தல் வாக்குறுதிகளில் சொன்னதையெல்லாம் அரசு நிறைவேற்றவில்லை, அதனால் இதைச் செய்கிறார்கள்","தேர் தல்   வாக்கு றுதி களில்   சொ ன்ன தை யெ ல் லாம்   அரசு   நிறை வே ற்ற வில்லை,   அதனால்   இதை ச்   செய் கிறா ர்கள்",22
1777,அப்படியா,அ ப்படி யா,3
1778,பாரதிய ஜனதா கட்சி ஆட்சி செய்த சமயத்தைப் பற்றி என்ன சொல்கிறார்கள்,பார திய   ஜன தா   கட்சி   ஆட்சி   செய்த   சமய த்தை ப்   பற்றி   என்ன   சொல் கிறா ர்கள்,15
1779,அவர்களும்தான் வாக்குறுதிகளை நிறைவேற்றவில்லை,அவர் களும் தான்   வாக்கு றுதி களை   நிறை வே ற்ற வில்லை,10
1780,"உண்மைதான், ஆனால் அதைப் பற்றியெல்லாம் யார் கவலைப்படுகிறார்கள்","உண்மை தான் ,   ஆனால்   அதை ப்   பற்றி யெ ல் லாம்   யார்   கவ லை ப்படு கிறா ர்கள்",16
1781,"அரசியளில் இதெல்லாம் சகஜம்தான், இல்லையா","அரசிய ளில்   இ தெ ல் லாம்   சக ஜம் தான் ,   இல்லை யா",12
1782,"ஆமாம், விளம்பரத்துக்காக அவர்கள் ஒருவருக்கொருவர் குற்றம் கூறிக்கொள்வார்கள்","ஆ மா ம்,   விளம்பர த்து க்காக   அவர்கள்   ஒரு வரு க்கொ ரு வர்   குற்ற ம்   கூறி க்கொள் வா ர்கள்",18
1783,ஆனால் உண்மையாக இதனால் ஒரு பயனும் இல்லை,ஆனால்   உண் மையாக   இதனால்   ஒரு   பய னும்   இல்லை,8
1784,இதனால் நாம்தான் டிராஃபிக்கில் மாட்டி அவதிப்படுகிறோம்,இதனால்   நா ம் தான்   டி ராஃ பி க்கில்   மா ட்டி   அவ தி ப்படு கி றோ ம்,16
1785,இது நாளைக்கு சாயங்காலம் வரை தொடரக்கூடாது என்று நினைக்கிறேன்,இது   நா ளை க்கு   சா ய ங் காலம்   வரை   தொட ர க்கூடா து   என்று   நினை க்கி றே ன்,18
1786,நீ போவியா,நீ   போ வியா,3
1787,"நான் கட்டாயம் போய்தான் ஆக வேண்டும், ஆஃபீஸில் நிறைய வேலை இருக்கிறது","நான்   கட்டா யம்   போ ய் தான்   ஆக   வேண்டும்,   ஆ ஃ பீ ஸில்   நிறை ய   வேலை   இருக்கிற து",17
1788,இதற்காக என்னால் லீவ் எடுக்க முடியாது,இ தற்காக   என் னால்   லீ வ்   எடுக்க   முடியா து,9
1789,அப்படியென்றால் நாளைக்கு ஆஃபீஸுக்கு பஸ்ஸில் போ,அ ப்படி யெ ன்றால்   நா ளை க்கு   ஆ ஃ பீ ஸு க்கு   ப ஸ் ஸில்   போ,16
1790,என்ன நடக்கும் என்று நமக்குத் தெரியாது,என்ன   நட க்கும்   என்று   ந ம க்கு த்   தெரி யா து,11
1791,நாளைக்கு ஏதாவது கலவரம் கூட நடக்கலாம்,நா ளை க்கு   ஏ தாவது   கல வர ம்   கூட   நட க்கலாம்,11
1792,"உன்னுடன் வேலை செய்பவருடைய பைக்கை ஒரு வருடத்திற்கு முன்னால் எரித்துவிட்டார்களே, ஞாபகம் இருக்கிறதா","உ ன் னுடன்   வேலை   செய் ப வரு டைய   பை க்கை   ஒரு   வரு ட த்திற்கு   முன் னால்   எரி த்து விட்டா ர் க ளே ,   ஞா ப கம்   இருக்கிற தா",28
1793,நீ ரொம்ப கவலைப்படுகிறாய்,நீ   ரொ ம்ப   கவ லை ப்படு கிறா ய்,8
1794,அப்படியெல்லாம் ஒன்றும் நடக்காது,அ ப்படி யெ ல் லாம்   ஒன்று ம்   நட க்கா து,10
1795,"ஹாய், எப்படி உன்னால் புவியியலில் எப்போவுமே அதிக மார்க் வாங்க முடியுது","ஹா ய் ,   எப்படி   உ ன் னால்   புவி யி ய லில்   எ ப்போ வு மே   அதிக   மார் க்   வாங்க   முடி யு து",22
1796,நீ படிக்கிற மாதிரியே தெரியவில்லையே,நீ   படி க்கிற   மாதிரி யே   தெரிய வில்லை யே,8
1797,என்னைப் பார்,என் னை ப்   பார்,4
1798,"ஹாய், அதுக்கு ஒரு சீக்ரெட் இருக்கிறது","ஹா ய் ,   அது க்கு   ஒரு   சீ க் ரெ ட்   இருக்கிற து",12
1799,யாரிடமும் சொல்ல மாட்டேன்,யா ரிட மும்   சொ ல்ல   மா ட் டே ன்,9
1800,"ஆனால், உண்மையாக, முதலில் இருந்தே எனக்கு புவியியலை ரொம்பப் பிடிக்கும்","ஆ னால்,   உண் மையாக ,   முதலில்   இரு ந்தே   என க்கு   புவி யி ய லை   ரொ ம்ப ப்   பிடி க்கும்",19
1801,"உண்மையாகச் சொல்ல வேண்டுமென்றால், நான் அந்தப் பாடத்தை எல்லா நேரமும் படித்துக்கொண்டே இருப்பதில்லை","உண் மையாக ச்   சொ ல்ல   வேண்டு மெ ன்றால்,   நான்   அந்த ப்   பாட த்தை   எல் லா   நேர மும்   படி த்துக்கொ ண்டே   இருப்ப தில் லை",23
1802,வகுப்பில் மேடம் பாடத்தைச் சொல்லிக் கொடுக்கும்போது உணமையான சூழலுக்கு அதைத் தொடர்புப் படுத்திக்கொண்டு மனதில் அதைப் பற்றி கற்பனை செய்துகொள்வேன்,வகு ப்பில்   மே டம்   பாட த்தை ச்   சொ ல்லி க்   கொடு க்கும் போது   உண மையான   சூழ லுக்கு   அதை த்   தொடர்பு ப்   படுத்தி க்கொண்டு   மன தில்   அதை ப்   பற்றி   க ற்பனை   செய்து கொள் வே ன்,34
1803,அதனால் என்னால் கான்செப்ட்டையும் தெளிவாகப் புரிந்துகொள்ள முடிகிறது,அதனால்   என் னால்   கான் செ ப் ட்டை யும்   தெளிவாக ப்   புரி ந்துகொள்ள   முடி கிறது,14
1804,அசல் சூழ்நிலைகளுடன் தொடர்புப்படுத்துவது என்றால் என்ன அர்த்தம்,அ சல்   சூழ் நிலை களுடன்   தொடர்பு ப்படுத்து வது   என்றால்   என்ன   அர் த்தம்,12
1805,"இது புவியியல், இதில் வெறும் மலைகள், நதிகள், சமுத்திரங்கள், வானிலை, அப்புறம் தேவையில்லாத எண்கள்தானே இருக்கும்","இது   புவி யி ய ல்,   இதில்   வெ றும்   மலை கள்,   நதி கள்,   ச மு த்திர ங்கள்,   வானிலை ,   அ ப்புற ம்   தேவை யில் லா த   எண் கள் தா னே   இருக்கும்",30
1806,இதில் உனக்கு அப்படி என்ன பிடித்திருக்கிறது,இதில்   உ ன க்கு   அ ப்படி   என்ன   பிடி த்திரு க்கிற து,11
1807,இதுதான் இருப்பதிலேயே ரொம்ப போரடிக்கும் சப்ஜெக்ட்,இது தான்   இருப்ப தி லேயே   ரொ ம்ப   போ ர டி க்கும்   ச ப் ஜெ க் ட்,16
1808,அது அவரவருடைய எண்ணம்,அது   அவ ர வரு டைய   எண் ணம்,7
1809,"நான் நிறைய பயணம் பண்ணுவேன், நிறைய படங்கள் பார்ப்பேன் என்று உனக்குத் தெரியும்","நான்   நிறை ய   பய ணம்   பண் ணு வே ன்,   நிறை ய   பட ங்கள்   பார் ப்பே ன்   என்று   உ ன க்கு த்   தெரி யும்",23
1810,"நாம் என்ன படிக்கிறோமோ அதெல்லாம் நம்மைச் சுற்றியே இருக்கிறது, நாம்தான் அதைக் கவனித்துப் பார்க்க வேண்டும்","நா ம்   என்ன   படி க்கி றோ மோ   அ தெ ல் லாம்   ந ம் மை ச்   சு ற்றி யே   இருக்கிற து,   நா ம் தான்   அதை க்   கவனி த்து ப்   பார்க்க   வேண்டும்",30
1811,"அதனால், நாம் என்ன படித்தாலும், நான் பயணம் செய்த சில இடங்கள், புகைப்படங்கள், பார்த்த படங்களை நினைவுப்படுத்திக்கொண்டு அவற்றுடன் தொடர்புப்படுத்திப் பார்த்துக் கொள்வேன்","அத னால்,   நா ம்   என்ன   படி த்தா லும்,   நான்   பய ணம்   செய்த   சில   இட ங்கள்,   பு கை ப்பட ங்கள்,   பார் த்த   பட ங்களை   நினைவு ப்படுத்தி க்கொண்டு   அவ ற்று டன்   தொடர்பு ப்படுத்தி ப்   பார் த்து க்   கொள் வே ன்",38
1812,"அதனால், எல்லாவற்றையும் என்னால் விஷுவலாகப் புரிந்து கொள்ளமுடியும், ரொம்ப காலத்துக்கு நியாபகமும் இருக்கும்","அத னால்,   எல் லா வற்றை யும்   என் னால்   வி ஷு வலாக ப்   புரி ந்து   கொள்ள முடி யும்,   ரொ ம்ப   கால த்துக்கு   நி யா பக மும்   இருக்கும்",26
1813,எப்போதாவது இப்படிப் படித்துப் பார்க்க முயற்சி பண்ணியிருக்கிறாயா,எ ப்போ தாவது   இ ப்படி ப்   படி த்து ப்   பார்க்க   முயற்சி   பண் ணி யிரு க்கிறா யா,16
1814,"நீ சொல்வது சரிதான், இந்த முறை சில சமயங்களில் உதவியாக இருக்கும்","நீ   சொல் வது   சரி தான் ,   இந்த   முறை   சில   சமய ங்களில்   உதவி யாக   இருக்கும்",14
1815,"ஆனால், புவியியல் மாதிரியான சப்ஜெக்ட் ஆவது கனெக்ட் ஆவது என்னால் முடியாத விஷயம்","ஆ னால்,   புவி யியல்   மாதிரி யான   ச ப் ஜெ க் ட்   ஆவது   க னெ க் ட்   ஆவது   என் னால்   முடியாத   விஷ யம்",22
1816,நீ அதிகமாகப் பயணம் செய்வதால் உனக்கு இது சுவாரஸ்யமாக இருக்கலாம்; ஆனால் என்னைப் பொறுத்தவரை இதெல்லாம் கற்பனையான விஷயங்கள்தான்,நீ   அதிகமாக ப்   பய ணம்   செய் வதால்   உ ன க்கு   இது   சு வார ஸ் யமாக   இருக்க லாம் ;   ஆனால்   என் னை ப்   பொறு த்த வரை   இ தெ ல் லாம்   க ற்பனை யான   விஷய ங்கள் தான்,35
1817,"அத்துடன், எங்கள் சிலபஸில் இந்தியப் புவியியல்தான் இருக்கிறது, ஆனால் நீங்கள் உலகத்தில் இருக்கிற சிறப்பான இடங்களைப் பற்றிப் படிப்பீர்களாக இருக்கும்","அ த்துடன் ,   எ ங்கள்   சில ப ஸில்   இந்திய ப்   புவி யியல் தான்   இருக்கிற து,   ஆனால்   நீங்கள்   உலக த்தில்   இருக்கிற   சிற ப்பான   இட ங்களை ப்   பற்றி ப்   படி ப்பீ ர் களாக   இருக்கும்",32
1818,அதனால் இது வேற மாதிரி,அதனால்   இது   வே ற   மாதிரி,5
1819,இது கொஞ்சம் வித்தியாசமானதுதான்,இது   கொ ஞ்ச ம்   வி த்தியா சமான து தான்,9
1820,எனக்குப் புரிகிறது,என க்கு ப்   புரி கிறது,5
1821,சில குறிப்பிட்ட தலைப்புகளில் வீடியோக்களை பார்க்க முயற்சி செய்,சில   குறிப்பிட்ட   தலை ப்பு களில்   வீ டியோ க்களை   பார்க்க   முயற்சி   செய்,11
1822,அதுவும் உனக்கு உதவியாக இருக்கும்,அது வும்   உ ன க்கு   உதவி யாக   இருக்கும்,8
1823,"நானும் முதலில் அப்படித்தான் ஆரம்பித்தேன், அப்புறம் வேற வழிகளைக் கண்டுபிடித்தேன்","நா னும்   முதலில்   அ ப்படி த்தா ன்   ஆ ரம் பி த்தே ன்,   அ ப்புற ம்   வே ற   வழி களை க்   கண்டுபிடி த்தே ன்",23
1824,இது ஒரு ஆடியோ-விஷுவலான விஷயம்,இது   ஒரு   ஆ டியோ - வி ஷு வ லான   விஷ யம்,11
1825,"வேண்டுமென்றால், நான் உனக்கு ஹெல்ப் செய்கிறேன்","வேண்டு மெ ன்றால்,   நான்   உ ன க்கு   ஹெ ல் ப்   செய் கி றே ன்",14
1826,சரி,சரி,1
1827,அப்படியே பண்ணலாம்,அ ப்படி யே   பண் ண லாம்,6
1828,"நிறைய பயணம் செய்வது இந்த சப்ஜெக்ட்டில் உன்னுடைய ஆர்வத்தை அதிகரிதத்தா, அல்லது சப்ஜெக்ட் மேல் இருக்கிற ஆர்வத்தினால் நீ அதிகம் பயணம் பண்ணத் தொடங்கினாயா","நிறை ய   பய ணம்   செய்வது   இந்த   ச ப் ஜெ க் ட்டில்   உ ன் னு டைய   ஆர்வ த்தை   அதிகரி த த்தா ,   அல்லது   ச ப் ஜெ க் ட்   மேல்   இருக்கிற   ஆர்வ த்தி னால்   நீ   அதிக ம்   பய ணம்   பண் ண த்   தொடங்கி னா யா",43
1829,"அப்படியென்றால், காலநிலைகள், இடங்கள், கட்டமைப்புகள் போன்ற மற்ற விஷயங்களைப் பற்றிய தகவல்கள் நீ பல இடங்களுக்குப் பயணம் பண்ணும்போது உதவிகரமாக இருக்குமா","அ ப்படி யெ ன்றால்,   கால நிலை கள்,   இட ங்கள்,   கட்ட மை ப்புகள்   போன்ற   மற்ற   விஷய ங்களை ப்   பற்றிய   தகவல் கள்   நீ   பல   இட ங்களுக்கு ப்   பய ணம்   பண் ணு ம் போது   உதவி கர மாக   இரு க்கு மா",37
1830,"குறிப்பாக, இந்தியாவில் குறிப்பிட்டு சொல்வது மாதிரி பார்ப்பதற்கு எதுவும் இல்லையே","குறிப்பாக ,   இந்தியாவில்   குறிப்பி ட்டு   சொல் வது   மாதிரி   பார் ப்பதற்கு   எதுவும்   இல்லை யே",13
1831,அப்படியெல்லாம் ஒன்றும் இல்லை,அ ப்படி யெ ல் லாம்   ஒன்று ம்   இல்லை,8
1832,"இந்தியாவில் பார்ப்பதற்கு ஏராளமான இடங்கள் இருக்கின்றன, பெரிய நீர்நிலைகள், மலைகள், சமவெளிகள் எல்லாம் இந்தியாவிலும் இருக்கிறது","இந்தியாவில்   பார் ப்பதற்கு   ஏராளமான   இட ங்கள்   இரு க்கின்ற ன,   பெரிய   நீர் நிலை கள்,   மலை கள்,   சமவெளி கள்   எல் லாம்   இந்தியா விலும்   இருக்கிற து",23
1833,"உதாரணமாக, கஞ்சன்ஜங்கா மாதிரியான பல்வேறு மாநிலங்களில் இருந்து பார்க்கக்கூடிய பலவிதமான இமயமலைத் தொடர்கள் இருக்கின்றன, இதெல்லாம் தனிச்சிறப்புடையதாகவும், ஒவ்வொன்றும் தனிப்பட்ட அம்சங்களுடனும் இருக்கின்றன","உதாரணமாக,   க ஞ்ச ன் ஜ ங்கா   மாதிரி யான   பல்வேறு   மாநில ங்களில்   இருந்து   பார்க்க க்கூடிய   பல வித மான   இமயமலை த்   தொட ர்கள்   இரு க்கின்ற ன,   இ தெ ல் லாம்   தனி ச்சிற ப்பு டைய தாகவும்,   ஒவ் வொ ன்று ம்   தனிப்பட்ட   அம்ச ங்களு டனும்   இரு க்கின்ற ன",44
1834,நீர்நிலைகளும் பல இடங்களில் பிரிந்து டெல்டாக்களையும் தீவுகளையும் உருவாக்குகின்றன,நீர் நிலை களும்   பல   இடங்களில்   பிரி ந்து   டெ ல் டா க்களை யும்   தீவு களையும்   உருவாக்கு கின்றன,16
1835,அந்த வகையான நிலங்களில் தனிச்சிறப்பான சில அம்சங்களும் இருக்கின்றன,அந்த   வகையான   நில ங்களில்   தனி ச்சிற ப்பான   சில   அம்ச ங்களும்   இரு க்கின்ற ன,13
1836,"நீ சொல்வதும் சரிதான், லியா மிஸ் வகுப்பில் அவர்கள் எப்படி ஒரு சுவாரஸ்யமான கற்பனைக் காட்சியை உருவாக்கினார்கள் எனக்கு எனக்கு நியாபகம் இருக்கிறது","நீ   சொல் வது ம்   சரி தான் ,   லியா   மி ஸ்   வகு ப்பில்   அவர்கள்   எப்படி   ஒரு   சு வார ஸ் யமான   க ற்பனை க்   காட்சி யை   உருவாக்கி னா ர்கள்   என க்கு   என க்கு   நி யா ப கம்   இருக்கிற து",37
1837,நமக்கே உரிய உதவிக்குறிப்புகளையும் யோசனைகளையும் பயன்படுத்தி ஒரு சப்ஜெக்ட்டை இப்படித்தான் நாம் சுவாரஸ்யமாக ஆக்கிக் கொள்ள வேண்டும்,ந ம க்கே   உ ரிய   உதவி க்குறி ப்பு களையும்   யோ சனை களையும்   ப யன்படுத்தி   ஒரு   ச ப் ஜெ க் ட்டை   இ ப்படி த்தா ன்   நா ம்   சு வார ஸ் யமாக   ஆ க்கி க்   கொள்ள   வேண்டும்,35
1838,"பல நாட்கள் நான் வீட்டை விட்டு வெளியில் கூட போகாமல் உள்ளேயே இருப்பேன், ஆனால் நீ சொன்ன மாதிரி திறந்த மனதோடு உன்னுடைய கண்ணோட்டத்தில் இருந்து எல்லாவற்றையும் பார்க்க முயற்சிக்கிறேன்","பல   நாட் கள்   நான்   வீ ட்டை   விட்டு   வெளி யில்   கூட   போ கா மல்   உள் ளே யே   இரு ப்பே ன்,   ஆனால்   நீ   சொ ன்ன   மாதிரி   திற ந்த   மன தோடு   உ ன் னு டைய   கண் ணோ ட்ட த்தில்   இருந்து   எல் லா வற்றை யும்   பார்க்க   முயற்சி க்கி றே ன்",46
1839,இந்த ஷோக்களும் படங்களும் கூட உதவும் என்று நினைக்கிறேன்,இந்த   ஷோ க்க ளும்   பட ங்களும்   கூட   உத வும்   என்று   நினை க்கி றே ன்,14
1840,"உன்னிடம் பேசியது மகிழ்ச்சியாக இருக்கிறது, நன்றி","உ ன் னி டம்   பே சிய து   மகிழ்ச்சி யாக   இருக்கிற து,   ந ன்றி",13
1841,சந்தோஷம்,ச ந்தோ ஷ ம்,4
1842,"ஹலோ, யூனிவர்சிட்டி ஹாஸ்டலில் இருந்து இசெட் ஸ்கொயர் மாலுக்குப் போக ஒரு கேப் புக் செய்வதற்காக நான் அழைக்கிறேன்","ஹ லோ ,   யூனி வர் சி ட்டி   ஹா ஸ் ட லில்   இருந்து   இ செ ட்   ஸ் கொ யர்   மா லுக்கு ப்   போ க   ஒரு   கே ப்   பு க்   செய் வதற்காக   நான்   அழை க்கி றே ன்",35
1843,எவ்வளவு சீக்கிரம் கேப் கிடைக்கும்,எவ்வளவு   சீ க்கி ரம்   கே ப்   கிடை க்கும்,8
1844,உங்களுடைய முகவரிக்கு உடனடியாக என்னால் ஒரு டிரைவரை அனுப்ப முடியும்,உங்களுடைய   முக வரி க்கு   உடனடியாக   என் னால்   ஒரு   டி ரை வரை   அனுப்ப   முடியும்,13
1845,உங்களை எங்கே பிக்-அப் செய்யவேண்டுமென்று சொல்லுங்கள்,உங்களை   எ ங்கே   பி க் - அ ப்   செய்ய வேண்டு மெ ன்று   சொல் லு ங்கள்,15
1846,மெயின் கேம்பஸில் வாசலுக்குப் பக்கத்திலேயே நான் காத்திருப்பேன்,மெ யின்   கே ம்ப ஸில்   வா ச லுக்கு ப்   பக்க த்தி லேயே   நான்   கா த்திரு ப்பே ன்,17
1847,எந்தப் பிரச்சினையும் இல்லாமல் செக்யூரிட்டி கார்டு உங்களை உள்ளே வர விடுவார்,எந்த ப்   பிர ச்சி னை யும்   இல்லாமல்   செ க் யூ ரி ட்டி   கார்டு   உங்களை   உள் ளே   வர   விடு வார்,19
1848,"ஓகே, கேம்பஸுக்குள்ளே கேப் வரலாமா","ஓ கே ,   கே ம்ப ஸு க்குள் ளே   கே ப்   வரலா மா",12
1849,அனுமதி இருக்கிறதா,அனுமதி   இருக்கிற தா,3
1850,வேறு ஒரு யூனிவர்சிட்டியில் ஒருமுறை பிரச்சினை ஆகிவிட்டது; அதனால்தான் கேட்கிறேன்,வேறு   ஒரு   யூனி வர் சி ட்டி யில்   ஒருமுறை   பிர ச்சி னை   ஆகி விட்ட து ;   அதனால் தான்   கேட் கி றே ன்,21
1851,அவர்களுக்கு முன்கூட்டியே தகவல் சொல்லிவிட்டால் பிரச்சினை எதுவும் வராது,அவர்களுக்கு   முன் கூட்டி யே   தகவல்   சொ ல்லி விட்டா ல்   பிர ச்சி னை   எதுவும்   வரா து,15
1852,"நான் அவர்களிடம் ஏற்கனவே தகவல் சொல்லிட்டேன், உங்களுக்கு உள்ளே வருவதில் பிரச்சினை எதுவும் இருக்காது","நான்   அவர் களிடம்   ஏற்கனவே   தகவல்   சொ ல்லி ட் டே ன்,   உங்களுக்கு   உள் ளே   வரு வதில்   பிர ச்சி னை   எதுவும்   இரு க்கா து",22
1853,"சரி, இதைச் சரிபார்ப்பதற்கு ஏதாவது டாக்குமென்ட் அல்லது ஸ்கிரீன்ஷாட் அனுப்ப முடியுமா","சரி ,   இதை ச்   சரி பார் ப்பதற்கு   ஏ தாவது   டா க்கு மென் ட்   அல்லது   ஸ் கி ரீ ன் ஷா ட்   அனுப்ப   முடி யு மா",24
1854,"தொந்தரவுக்கு மன்னிக்கணும், ஆனால் இது எங்களுடைய கம்பெனி பாலிசி","தொ ந்தர வுக்கு   மன் னி க்க ணு ம்,   ஆனால்   இது   எ ங்களு டைய   கம் பெனி   பாலி சி",17
1855,இதைக் குறிப்பிடுகிற கேம்பஸ் வழிகாட்டுதல்களின் நகல் என்னிடம் இருக்கு,இதை க்   குறிப்பிடு கிற   கே ம்ப ஸ்   வழி காட்டு தல் களின்   நக ல்   என் னி டம்   இரு க்கு,18
1856,அதை நான் உங்களுக்கு வாட்சப்பில் அனுப்பியிருக்கிறேன்,அதை   நான்   உங்களுக்கு   வா ட்ச ப்பில்   அனுப்பி யிரு க்கி றே ன்,11
1857,"சரி, அது போதுமானதாக இருக்கும்","சரி ,   அது   போது மான தாக   இருக்கும்",7
1858,"எதிர்காலத்தில் உங்களுடைய வசதிக்காக, கேம்பஸில் எங்களுடைய சேவைகளுக்காக ஒரு ஆப்பைப் பயன்படுத்துங்கள்","எதிர் காலத்தில்   உங்களுடைய   வசதி க்காக ,   கே ம்ப ஸில்   எ ங்களு டைய   சேவை களுக்காக   ஒரு   ஆ ப்பை ப்   பயன்படுத்து ங்கள்",20
1859,"அதனுடைய பெயர் டிராவா-கோ, கூகுள் பிளே ஸ்டோரில் கிடைக்கும்","அத னு டைய   பெயர்   டி ரா வா - கோ ,   கூ கு ள்   பி ளே   ஸ் டோ ரில்   கிடை க்கும்",20
1860,அது ரொம்பவே உதவியாக இருக்கும்,அது   ரொ ம்ப வே   உதவி யாக   இருக்கும்,7
1861,உங்களுக்கு ஹாஸ்டல் எங்கே இருக்கிறது என்று தெரியுமா,உங்களுக்கு   ஹா ஸ் டல்   எ ங்கே   இருக்கிற து   என்று   தெரி யு மா,12
1862,நான் இந்த ஏரியாவுக்குப் புதுசு,நான்   இந்த   ஏ ரியா வுக்கு ப்   புது சு,8
1863,எனக்குச் சரியாகத் தெரியாது,என க்கு ச்   சரி யாக த்   தெரி யா து,9
1864,ஆனால் உங்களுக்கு ஒதுக்கபடுகிற டிரைவருக்கு கண்டிப்பாக வழி தெரிந்திருக்கும்,ஆனால்   உங்களுக்கு   ஒது க்க படு கிற   டி ரை வருக்கு   க ண்டி ப்பாக   வழி   தெரி ந்திரு க்கும்,16
1865,நான் எதற்கும் லொக்கேஷன் அனுப்புகிறேன்,நான்   எ தற்கு ம்   லொ க்கே ஷன்   அனுப்பு கி றே ன்,11
1866,பணம் முன்னாடியே கட்ட வேண்டுமா அல்லது சேருமிடத்திற்குப் போன பிறகு பணம் கட்டினால் போதுமா,பணம்   முன்னா டி யே   கட்ட   வேண்டு மா   அல்லது   சே ரு மிட த்திற்கு ப்   போ ன   பிறகு   பணம்   கட்டி னால்   போது மா,21
1867,அது உங்களுடைய விருப்பம்,அது   உங்களுடைய   விருப்ப ம்,4
1868,முன்கூட்டியேவும் பணம் கட்டலாம் அல்லது பயணம் முடியும்போதும் கட்டலாம்,முன் கூட்டி யே வும்   பணம்   கட்ட லாம்   அல்லது   பய ணம்   முடியும் போது ம்   கட்ட லாம்,15
1869,கேப் உங்களுக்காகக் காத்திருக்க வேண்டுமென்றால் அதற்குக் கூடுதல் பணம் செலுத்த வேண்டும்,கே ப்   உங்களு க்காக க்   கா த்திரு க்க   வேண்டு மெ ன்றால்   அதற்கு க்   கூடுதல்   பணம்   செலுத்த   வேண்டும்,17
1870,அதற்கு அவசியமில்லை,அதற்கு   அவசிய மில் லை,4
1871,"நான் பத்து நிமிஷத்தில் ரெடி ஆகிவிடுவேன், அதற்குள் கேப் வந்துவிடும் இல்லையா","நான்   பத்து   நி மி ஷ த்தில்   ரெ டி   ஆகி விடு வே ன்,   அதற்கு ள்   கே ப்   வந்து வி டும்   இல்லை யா",21
1872,"சரி, உங்களுடைய லொக்கேஷனுக்கு கேப் இன்னும் 15 நிமிஷத்தில் வந்துவிடும்","சரி ,   உங்களுடைய   லொ க்கே ஷ னுக்கு   கே ப்   இன்னும்   15   நி மி ஷ த்தில்   வந்து வி டும்",18
1873,எங்கள் கேப் சேவையைப் பயன்படுத்தியதற்கு நன்றி,எ ங்கள்   கே ப்   சேவை யை ப்   ப யன்படு த்திய தற்கு   ந ன்றி,13
1874,"வணக்கம் சார், நான் ஆதர்ஷுடைய அம்மா","வண க்கம்   சா ர்,   நான்   ஆ தர் ஷு டைய   அம் மா",11
1875,என் மகனைப் பற்றி உங்களிடம் சில விஷயங்கள் பேச வேண்டும்,என்   மக னை ப்   பற்றி   உங்களிடம்   சில   விஷய ங்கள்   பேச   வேண்டும்,11
1876,"நீங்கள் அவனுடைய வகுப்பாசிரியர் என்பதால், என்னுடைய கவலைகளை உங்களுடன் பகிர்ந்துகொண்டால் நல்லது என்று நினைக்கிறேன்","நீங்கள்   அவ னு டைய   வகு ப்பா சிரிய ர்   என்ப தால்,   என் னு டைய   கவ லை களை   உ ங்களுடன்   ப கிர் ந்துகொ ண்டா ல்   நல்ல து   என்று   நினை க்கி றே ன்",30
1877,"வாருங்கள், முதலில் உட்காருங்கள்","வா ரு ங்கள்,   முதலில்   உட் கா ரு ங்கள்",8
1878,என்னிடம் என்ன பேச விரும்புகிறீர்கள்,என் னி டம்   என்ன   பேச   விரும்பு கிறீர்கள்,7
1879,"மொபைல் ஃபோன்கள் மேலேயும், வீடியோ கேம்ஸ் மேலேயும் என் மகனுக்கு இருக்கிற அளவு கடந்த ஆர்வம் எனக்கு ரொம்பக் கவலையைக் கொடுக்கிறது","மொ பை ல்   ஃ போ ன் கள்   மே லே யும்,   வீ டியோ   கே ம்ஸ்   மே லே யும்   என்   மக னுக்கு   இருக்கிற   அளவு   கடந்த   ஆர்வ ம்   என க்கு   ரொ ம்ப க்   கவ லை யை க்   கொடு க்கிற து",37
1880,அவன் எப்போதுமே மொபைல் ஃபோனில் கேம்ஸ் விளையாடிக்கொண்டே இருக்கிறான்,அவ ன்   எப்போது மே   மொ பை ல்   ஃ போ னில்   கே ம்ஸ்   விளையா டி க்கொ ண்டே   இரு க்கிறா ன்,19
1881,"அவனுடைய ஆரோக்கியம் பற்றியும், படிப்பைப் பற்றியும் எனக்குக் கவலையாக இருக்கிறது","அவ னு டைய   ஆ ரோ க்கிய ம்   பற்றி யும்,   படி ப்பை ப்   பற்றி யும்   என க்கு க்   கவ லை யாக   இருக்கிற து",22
1882,"ஒ, இது கவலைக்குரிய விஷயம்தான்","ஒ ,   இது   கவ லை க்கு ரிய   விஷ யம் தான்",10
1883,இப்போது இந்த அளவுகடந்த ஆர்வம் சிறுவர்களிடம் அதிகரித்துக்கொண்டே வருகிறது,இப்போது   இந்த   அளவு கடந்த   ஆர்வ ம்   சிறு வர் களிடம்   அதிகரி த்துக்கொ ண்டே   வரு கிறது,14
1884,"இந்தப் பிரச்சினையைக் கையாள, நீங்கள் அவனை ஏதாவது சுவாரஸ்யமான நல்ல ஹாபியில் ஈடுபடுத்த வேண்டும்","இந்த ப்   பிர ச்சி னை யை க்   கை யாள ,   நீங்கள்   அவ னை   ஏ தாவது   சு வார ஸ் யமான   நல்ல   ஹா பி யில்   ஈடு படுத்த   வேண்டும்",26
1885,"நல்ல ஹாபீஸா, அப்படியென்றால் என்ன","நல்ல   ஹா பீ ஸா ,   அ ப்படி யெ ன்றால்   என்ன",10
1886,நீங்களே ஏதாவது யோசனைகள் சொல்லுங்களேன்,நீ ங்களே   ஏ தாவது   யோ சனை கள்   சொல் லு ங்களே ன்,11
1887,வேலை எதுவும் இல்லாத நேரத்தில் கதைப் புத்தகங்களைப் படிக்க அவனை ஊக்குவிக்கலாம்,வேலை   எதுவும்   இல்லாத   நேரத்தில்   கதை ப்   புத்தக ங்களை ப்   படி க்க   அவ னை   ஊக்குவி க்கலாம்,15
1888,என்னைப் பொறுத்தவரை மாணவர்களுக்கு இது ஒரு மிகச்சிறந்த பொழுதுபோக்கு,என் னை ப்   பொறு த்த வரை   மாண வர்களுக்கு   இது   ஒரு   மிக ச்சிற ந்த   பொழுது போக்கு,15
1889,"அத்துடன், மொபைல் கேமிங்கில் இருந்து அவனுடைய கவனத்தை மாற்ற அவனை ஏதாவது ஸ்போர்ட்ஸ் அகாடமியில் சேர்க்கலாம்","அ த்துடன் ,   மொ பை ல்   கே மி ங்கில்   இருந்து   அவ னு டைய   கவன த்தை   மாற்ற   அவ னை   ஏ தாவது   ஸ் போர் ட்ஸ்   அ கா டமி யில்   சேர் க்கலாம்",29
1890,"மார்ஷியல் ஆர்ட்ஸ், ஸ்விம்மிங், கிரிக்கெட் மாதிரியான சில நல்ல விளையாட்டுகளை அவன் விளையாட முயற்சிக்கலாம்","மார் ஷி யல்   ஆர் ட் ஸ்,   ஸ் வி ம் மி ங்,   கிரிக்கெட்   மாதிரி யான   சில   நல்ல   விளையாட்டு களை   அவ ன்   விளையாட   முயற்சி க்கலாம்",23
1891,"இதனால், அவனுடைய ஆரோக்கியமும் நன்றாக இருக்கும்","இத னால்,   அவ னு டைய   ஆ ரோ க்கிய மும்   ந ன்றா க   இருக்கும்",13
1892,கேம்ஸ் விளையாடாதபோது அவன் சங்கீத ரியாலிட்டி ஷோக்களுடைய வீடியோக்களைப் பார்க்கிறான்,கே ம்ஸ்   விளையா டா த போது   அவ ன்   ச ங்கீ த   ரியா லி ட்டி   ஷோ க்க ளு டைய   வீ டியோ க்களை ப்   பார் க்கிறா ன்,25
1893,அதனால் அவனுக்கு சந்கீதத்தில் ஆர்வம் இருக்கலாம் என்று நினைக்கிறேன்,அதனால்   அவ னுக்கு   ச ந் கீ த த்தில்   ஆர்வ ம்   இருக்க லாம்   என்று   நினை க்கி றே ன்,17
1894,அவனை ஒரு மியூசிக் ஸ்கூலில் சேர்க்கலாமா,அவ னை   ஒரு   மி யூ சி க்   ஸ் கூ லில்   சேர் க்க லா மா,14
1895,அது அவனுக்கு ஒரு பாசிட்டிவான ஹாபியாக இருக்கும் இல்லையா,அது   அவ னுக்கு   ஒரு   பா சி ட்டி வான   ஹா பி யாக   இருக்கும்   இல்லை யா,14
1896,"அது ஒரு நல்ல ஹாபியாக இருக்கும், சந்தேகமே இல்லை","அது   ஒரு   நல்ல   ஹா பி யாக   இருக்கும்,   சந்தே க மே   இல்லை",11
1897,நீங்கள் அதைச் செய்யலாம்,நீங்கள்   அதை ச்   செய்ய லாம்,5
1898,ஆனால் அவன் வெளியில் சென்று மற்ற குழந்தைகளுடனும் விளையாடும்படி பார்த்துக்கொள்ளவும்,ஆனால்   அவ ன்   வெளி யில்   சென்று   மற்ற   குழந்தை களு டனும்   விளையா டும்ப டி   பார் த்துக்கொள்ள வும்,16
1899,அவன் வெளியுலகத்தை அறியவேண்டும் அதன் மகிழ்ச்சியை அனுபவிக்க வேண்டும்,அவ ன்   வெளி யு ல கத்தை   அறிய வேண்டும்   அதன்   மகிழ்ச்சி யை   அனுப வி க்க   வேண்டும்,15
1900,அவனை தினமும் சாயங்காலம் பக்கத்தில் இருக்கும் பிளேகிரவுண்டுக்கு அழைத்துப் போக வேண்டுமென்று நினைக்கிறேன்,அவ னை   தின மும்   சா ய ங் காலம்   பக்க த்தில்   இருக்கும்   பி ளே கி ர வு ண்டு க்கு   அழைத்து ப்   போ க   வேண்டு மெ ன்று   நினை க்கி றே ன்,29
1901,அவனை ஒரு மியூசிக் ஸ்கூலிலும் சேர்த்துவிடப் போகிறேன்,அவ னை   ஒரு   மி யூ சி க்   ஸ் கூ லி லும்   சேர்த்து விட ப்   போ கி றே ன்,18
1902,அது அவனுக்கு ஒரு மாற்றமாக இருக்கும்,அது   அவ னுக்கு   ஒரு   மாற்ற மாக   இருக்கும்,7
1903,அவனுக்கு புத்தகம் படிப்பதில் ஆர்வத்தை வரவழைக்க அவனுக்கு நல்ல காமிக்ஸ் புத்தகங்களும் வாங்கிக் கொடுக்கப் போகிறேன்,அவ னுக்கு   புத்த கம்   படி ப்பதில்   ஆர்வ த்தை   வர வ ழை க்க   அவ னுக்கு   நல்ல   கா மி க்ஸ்   புத்தக ங்களும்   வாங்கி க்   கொ டுக்க ப்   போ கி றே ன்,29
1904,"ஆமாம், அதுவே உங்கள் முதல் ஸ்டெப்பாக இருக்கட்டும்","ஆ மா ம்,   அது வே   உங்கள்   முதல்   ஸ் டெ ப்பாக   இருக்க ட்டு ம்",13
1905,இதற்குப் பிறகு இதிலெல்லாம் அவனுக்கு ஆர்வம் உண்டாகிவிடும்,இதற்கு ப்   பிறகு   இ தி லெ ல் லாம்   அவ னுக்கு   ஆர்வ ம்   உ ண்டா கி வி டும்,17
1906,உங்களுக்கு வேறு ஏதாவது கேள்விகள் இருக்கின்றனவா,உங்களுக்கு   வேறு   ஏ தாவது   கேள்வி கள்   இரு க்கின்ற ன வா,10
1907,"இல்லை சார், இதைத்தான் உங்களிடம் பேச வேண்டும் என்று நினைத்தேன்","இல்லை   சா ர்,   இதை த்தா ன்   உங்களிடம்   பேச   வேண்டும்   என்று   நினை த்தே ன்",13
1908,உங்களுடைய பரிந்துரைகளுக்கு நன்றி,உங்களுடைய   பரிந்துரை களுக்கு   ந ன்றி,5
1909,ரொம்ப நல்லது,ரொ ம்ப   நல்ல து,4
1910,இதற்கு மேலும் பிரச்சினை இருந்தால் நீங்கள் மறுபடியும் வந்து என்னைச் சந்திக்கலாம்,இதற்கு   மேலும்   பிர ச்சி னை   இருந்தால்   நீங்கள்   மறு படி யும்   வந்து   என் னை ச்   சந்தி க்கலாம்,16
1911,நிச்சயமாக வருகிறேன்,நி ச்ச யமாக   வரு கி றே ன்,7
1912,"ஹாய், நீங்கள் இந்த யூனிவர்சிடிக்குப் புதுசா","ஹா ய் ,   நீங்கள்   இந்த   யூனி வர் சி டி க்கு ப்   புது சா",13
1913,"ஆமாம், இந்த ஆண்டில்தான் சேர்ந்திருக்கிறேன்","ஆ மா ம்,   இந்த   ஆண்டி ல் தான்   சேர் ந்திரு க்கி றே ன்",12
1914,நீங்கள்,நீங்கள்,1
1915,நானும்தான்,நா னும் தான்,3
1916,நானும் இந்த ஆண்டில்தான் சேர்ந்திருக்கிறேன்,நா னும்   இந்த   ஆண்டி ல் தான்   சேர் ந்திரு க்கி றே ன்,11
1917,உங்கள் பெயர் என்ன,உங்கள்   பெயர்   என்ன,3
1918,நீங்கள் எந்தக் கிளப்பில் இணைந்துள்ளீர்கள்,நீங்கள்   எந்த க்   கி ள ப்பில்   இணைந்து ள் ளீ ர்கள்,10
1919,"நான் தேவேந்திரா, ஸ்போர்ட்ஸ் கிளப்பில் சேர்ந்திருக்கிறேன்","நான்   தே வே ந்தி ரா ,   ஸ் போர் ட்ஸ்   கி ள ப்பில்   சேர் ந்திரு க்கி றே ன்",17
1920,நீங்கள் எதில் சேர்ந்திருக்கிறீர்கள்,நீங்கள்   எ தில்   சேர் ந்திரு க்கிறீ ர்கள்,7
1921,நான் மியூசிக் கிளப்பில் சேர்ந்திருக்கிறேன்,நான்   மி யூ சி க்   கி ள ப்பில்   சேர் ந்திரு க்கி றே ன்,13
1922,உங்களுக்கு எல்லா வகையான ஸ்போர்ட்ஸிலும் ஆர்வம் இருக்கிறதா,உங்களுக்கு   எல் லா   வகையான   ஸ் போர் ட் ஸி லும்   ஆர்வ ம்   இருக்கிற தா,13
1923,"இல்லை, எனக்கு ஸ்போர்ட்ஸை விடவும் பைக்கிங்கில் அதிக ஆர்வம் இருக்கிறது","இல்லை ,   என க்கு   ஸ் போர் ட் ஸை   விட வும்   பை க்கி ங்கில்   அதிக   ஆர்வ ம்   இருக்கிற து",18
1924,"ரொம்ப தூரம் பைக் ஓட்டுவது எனக்குப் பிடிக்கும், அதுதான் என்னுடைய ஹாபி","ரொ ம்ப   தூ ரம்   பை க்   ஓ ட்டு வது   என க்கு ப்   பிடி க்கும்,   அது தான்   என் னு டைய   ஹா பி",21
1925,"இங்கே எனக்கு ஸ்போர்ட்ஸ் தவிர வேறு எதுவும் ஆர்வமாக இல்லை, அதனால்தான் அதில் சேர்ந்தேன்","இ ங்கே   என க்கு   ஸ் போர் ட்ஸ்   தவி ர   வேறு   எதுவும்   ஆர்வ மாக   இல்லை ,   அதனால் தான்   அதில்   சேர் ந்தே ன்",21
1926,சில சமயங்களில் நான் ஃபுட்பால் விளையாடுவேன்,சில   சமய ங்களில்   நான்   ஃ பு ட் பால்   விளையாடு வே ன்,11
1927,"ஓ, அப்படியா","ஓ ,   அ ப்படி யா",5
1928,நீங்கள் அட்வென்ச்சரில் ஆர்வம் உள்ளவர் போல் தெரிகிறதே,நீங்கள்   அ ட் வெ ன் ச்ச ரில்   ஆர்வ ம்   உள்ள வர்   போல்   தெரி கிற தே,15
1929,"ஆமாம், அப்படியும் சொல்லலாம்","ஆ மா ம்,   அ ப்படி யும்   சொ ல்ல லாம்",9
1930,அட்வென்ச்சர் ஸ்போர்ட்ஸில் எல்லாம் அவ்வளவு ஆர்வம் இல்லை,அ ட் வெ ன் ச்ச ர்   ஸ் போர் ட் ஸில்   எல் லாம்   அவ் வளவு   ஆர்வ ம்   இல்லை,17
1931,நீங்கள் எப்படித்தான் அதைச் செய்கிறீர்களோ,நீங்கள்   எப்படி த்தா ன்   அதை ச்   செய் கிறீ ர் க ளோ,11
1932,பயமாக இருக்காதா,பய மாக   இரு க்கா தா,5
1933,"இல்லை, பைக் ஓட்டுவது பயப்படவேண்டிய விஷயம் இல்லை, நானும் கண்மூடித்தனமாக ஓட்ட மாட்டேன்","இல்லை ,   பை க்   ஓ ட்டு வது   பய ப்பட வேண்டிய   விஷ யம்   இல்லை ,   நா னும்   கண் மூ டி த்தன மாக   ஓ ட்ட   மா ட் டே ன்",27
1934,நீங்களும் முயற்சி பண்ணிப் பாருங்கள்,நீ ங்களும்   முயற்சி   பண் ணி ப்   பா ரு ங்கள்,9
1935,ரோடு காலியாகவும் அழகாகவும் இருக்கும்போது ரொம்ப நிம்மதியாக இருக்கும்,ரோ டு   கா லி யாகவும்   அழ கா க வும்   இருக்கும் போது   ரொ ம்ப   நி ம் மதி யாக   இருக்கும்,18
1936,பாட்டுப் பாடுவது உங்களுடைய ஹாபியா,பாட்டு ப்   பாடு வது   உங்களுடைய   ஹா பி யா,8
1937,"ஆமாம், எனக்குப் பாட்டுப் பாடுவது பிடிக்கும்","ஆ மா ம்,   என க்கு ப்   பாட்டு ப்   பாடு வது   பிடி க்கும்",12
1938,உங்களுக்கு எப்படித் தெரியும்,உங்களுக்கு   எப்படி த்   தெரி யும்,5
1939,"இல்லை, நீங்கள் மியூசிக் கிளப்பில் சேர்ந்திருப்பதாகச் சொன்னதால் நான் கேட்டேன்","இல்லை ,   நீங்கள்   மி யூ சி க்   கி ள ப்பில்   சேர் ந்திரு ப்பதாக ச்   சொ ன்ன தால்   நான்   கேட் டே ன்",21
1940,நீங்கள் என்ன வகையான பாடல்கள் பாடுவீர்கள்,நீங்கள்   என்ன   வகையான   பாடல் கள்   பாடு வீ ர்கள்,8
1941,எனக்கு அஸ்ஸாமிய பாடல்களைப் பாடுவது பிடிக்கும்,என க்கு   அ ஸ் ஸா மிய   பாடல் களை ப்   பாடு வது   பிடி க்கும்,13
1942,ஆனால் மற்ற மொழிப் பாடல்களையும் பாடுவேன்,ஆனால்   மற்ற   மொழி ப்   பாடல் களையும்   பாடு வே ன்,9
1943,பாட்டுப் பாடுவது எனக்கு அமைதியைக் கொடுக்கிறது,பாட்டு ப்   பாடு வது   என க்கு   அமை தி யை க்   கொடு க்கிற து,13
1944,"எனக்குப் பாட்டு கேட்பது பிடிக்கும், அதனால் பாட்டுப் பாடுவது எனது ஹாபியாகி விட்டது","என க்கு ப்   பாட்டு   கே ட்ப து   பிடி க்கும்,   அதனால்   பாட்டு ப்   பாடு வது   என து   ஹா பி யா கி   விட்ட து",22
1945,உங்களுடைய ஹாபியைப் பற்றிச் சொல்லுங்கள்,உங்களுடைய   ஹா பி யை ப்   பற்றி ச்   சொல் லு ங்கள்,10
1946,"வாவ், அற்புதம்","வா வ் ,   அ ற்பு தம்",6
1947,"உங்களிடம் சொன்னதுபோல, என்னுடைய மோட்டார்பைக்கில் பல மைல்கள் பயணம் செய்வது எனக்குப் பிடிக்கும்","உங்களிடம்   சொ ன்ன து போல ,   என் னு டைய   மோ ட்டா ர் பை க்கில்   பல   மைல் கள்   பய ணம்   செய்வது   என க்கு ப்   பிடி க்கும்",25
1948,"நான் பொதுவாக, வார இறுதிகளில் என்னுடைய க்ரூப்புடன் வெளியே செல்வேன்","நான்   பொதுவாக ,   வார   இறுதி களில்   என் னு டைய   க் ரூ ப்பு டன்   வெளியே   செல் வே ன்",17
1949,நீங்களும் எப்போதாவது என்னுடன் வரலாம்,நீ ங்களும்   எ ப்போ தாவது   என் னுடன்   வர லாம்,9
1950,நிச்சயமாக வருகிறேன்,நி ச்ச யமாக   வரு கி றே ன்,7
1951,என்றைக்காவது ஒரு நாள் வர முயற்சிக்கிறேன்,என் றை க்கா வது   ஒரு   நாள்   வர   முயற்சி க்கி றே ன்,11
1952,"ஓகே, அடுத்த முறை ரோடு ட்ரிப்பிற்கு போகும்போது உங்களிடம் சொல்கிறேன்","ஓ கே ,   அடுத்த   முறை   ரோ டு   ட் ரி ப்பி ற்கு   போ கும் போது   உங்களிடம்   சொல் கி றே ன்",19
1953,எந்த இடத்திற்கு நீங்கள் அதிகம் போக விரும்புவீர்கள்,எந்த   இட த்திற்கு   நீங்கள்   அதிக ம்   போ க   விரும்பு வீ ர்கள்,11
1954,"நாங்கள் அடிக்கடி மேகாலயாவிற்குப் போவோம், அங்குதான் ரோடுகளும் இடங்களும் ரொம்ப அழகாக இருக்கும்","நா ங்கள்   அடிக்கடி   மேகாலயா விற்கு ப்   போ வோ ம்,   அங்கு தான்   ரோ டு களும்   இட ங்களும்   ரொ ம்ப   அழ கா க   இருக்கும்",22
1955,"வாவ், சூப்பர்","வா வ் ,   சூ ப்பர்",5
1956,நான் அடுத்தமுறை கண்டிப்பாக வருகிறேன்,நான்   அடுத்த முறை   க ண்டி ப்பாக   வரு கி றே ன்,10
1957,"நிச்சயமாக, போகலாம்","நி ச்ச யமாக ,   போ க லாம்",7
1958,குட் மார்னிங்,கு ட்   மார் னி ங்,5
1959,ஜூன் மாதம் 5 ஆம் தேதி உலகச் சுற்றுச்சூழல் தினமாகக் கொண்டாடப்படுகிறது என்று உங்கள் அனைவருக்கும் தெரியும்,ஜூன்   மாதம்   5   ஆம்   தேதி   உலக ச்   சுற்று ச்சூழ ல்   தின மாக க்   கொண்டாட ப்படு கிறது   என்று   உங்கள்   அனை வரு க்கும்   தெரி யும்,23
1960,இன்று நம்மிடையே வந்திருக்கும் திரு,இன்று   ந ம் மி டையே   வ ந்திரு க்கும்   திரு,9
1961,பாலசுப்பிரமணியம் அவர்கள் கிழக்குப் பிராந்திய வனத்துறைத் தலைவராகப் பணிபுரிகிறார்,பால சு ப்பிர மணி யம்   அவர்கள்   கிழக்கு ப்   பிராந்திய   வன த்துறை த்   தலை வராக ப்   பணி புரி கிறா ர்,19
1962,அவரைப் பேசும்படி அழைக்கிறேன்,அவரை ப்   பேசு ம்படி   அழை க்கி றே ன்,8
1963,குட் மார்னிங்,கு ட்   மார் னி ங்,5
1964,எல்லோரும் நலமாக இருக்கிறீர்களா,எல் லோ ரும்   ந ல மாக   இரு க்கிறீ ர்களா,9
1965,நான் வனத்துறையைச் சேர்ந்தவன்,நான்   வன த்துறை யை ச்   சேர்ந்த வன்,7
1966,பூமியின் சுற்றுப்புறத்தின் மாற்றீடு செய்ய முடியாத வளங்களில் ஒன்றை அல்லது மிகவும் முக்கியமான வளத்தைப் பாதுகாப்பதே என்னுடைய வேலை,பூமி யின்   சுற்று ப்புற த்தின்   மா ற் றீ டு   செய்ய   முடியாத   வள ங்களில்   ஒன்றை   அல்லது   மிகவும்   முக்கியமான   வள த்தை ப்   பாதுகா ப்ப தே   என் னு டைய   வேலை,27
1967,"அபாயகரமாக அதிகரித்துவரும் மாசுபாட்டின் காரணமாக, பூமிக்குத் தேவையான ஆக்சிஜனில் கிட்டத்தட்ட மூன்றில் ஒரு பங்கினை உற்பத்தி செய்யும் ஒன்றைப் பாதுகாக்க வேண்டியது மிகவும் அவசியம்","அ பா ய கர மாக   அதிகரி த்துவ ரும்   மா சு பா ட்டின்   காரணமாக ,   பூமி க்கு த்   தேவை யான   ஆ க் சி ஜ னில்   கிட்டத்தட்ட   மூ ன்றி ல்   ஒரு   ப ங்கி னை   உற்பத்தி   செய்யும்   ஒன்றை ப்   பாதுகா க்க   வேண்டிய து   மிகவும்   அவசிய ம்",43
1968,"அதனால், இந்தச் சுற்றுச்சூழல் தினத்தில் நமது பகுதியில் உள்ள வனப்பகுதியைப் பாதுகாப்பதில் நீங்களும் பங்குபெற வேண்டுமென்று நாங்கள் விரும்புகிறோம்","அத னால்,   இந்த ச்   சுற்று ச்சூழ ல்   தின த்தில்   ந மது   பகுதியில்   உள்ள   வன ப்பகுதியை ப்   பாதுகா ப்பதில்   நீ ங்களும்   பங்கு பெற   வேண்டு மெ ன்று   நா ங்கள்   விரும்பு கி றோ ம்",31
1969,நாம் அனைவரும் சேர்ந்து மரங்களை நடப் போகிறோம்,நா ம்   அனை வரும்   சேர்ந்து   மர ங்களை   நட ப்   போ கி றோ ம்,13
1970,அனைவரும் ஒத்துழைப்பீர்கள் என்று நம்புகிறேன்,அனை வரும்   ஒ த்து ழை ப்பீ ர்கள்   என்று   ந ம்பு கி றே ன்,13
1971,நாம் பெரும்பாலும் ஆலமரங்களை நடப்போகிறோம்,நா ம்   பெரும்பாலும்   ஆ ல மர ங்களை   நட ப்போ கி றோ ம்,12
1972,சில மாமரக் கன்றுகளும் வேறு பொதுவான மர வகைகளும் கூட உள்ளன,சில   மா மர க்   க ன்று களும்   வேறு   பொதுவான   மர   வகை களும்   கூட   உள்ளன,14
1973,நீங்கள் விரும்பினால் குழுக்களாகவும் பணியாற்றலாம்,நீங்கள்   விரும்பி னால்   குழு க்க ளாக வும்   பணியா ற்ற லாம்,10
1974,ஆனால் இவற்றை நடுவது மிகவும் எளிது,ஆனால்   இ வற்றை   நடு வது   மிகவும்   எளி து,8
1975,எந்த உதவியும் இல்லாமல் நீங்கள் ஒவ்வொருவரும் ஒரு மரக்கன்றை நட்டுவிடலாம்,எந்த   உதவி யும்   இல்லாமல்   நீங்கள்   ஒவ்வொரு வரும்   ஒரு   மர க்க ன் றை   ந ட்டு விட லாம்,16
1976,ஒவ்வொரு மாணவரிடமும் ஒரு மரக்கன்றாவது இருக்கும்,ஒவ்வொரு   மாண வரி ட மும்   ஒரு   மர க்க ன்றா வது   இருக்கும்,11
1977,வழிகாட்டுதல்களைப் பின்பற்றுங்கள்,வழி காட்டு தல் களை ப்   பின்ப ற்று ங்கள்,8
1978,இந்த நாளை மகிழ்ச்சியாக அனுபவியுங்கள்,இந்த   நா ளை   மகிழ்ச்சி யாக   அனுப வி யு ங்கள்,9
1979,திரு,திரு,1
1980,பாலசுப்பிரமணியம் போன்ற ஒரு அறிவார்ந்த நபர் இன்று நம்மிடையே இருக்கிறார்,பால சு ப்பிர மணி யம்   போன்ற   ஒரு   அறி வார் ந்த   நபர்   இன்று   ந ம் மி டையே   இரு க்கிறா ர்,19
1981,மாணவர்கள் சுற்றுச்சூழலைப் பாதுகாக்கக் கற்றுக்கொள்வது மிகவும் அவசியம் மிஸ்டர்,மாண வர்கள்   சுற்று ச்சூழ லை ப்   பாதுகா க்க க்   க ற்று க்கொள் வது   மிகவும்   அவசிய ம்   மி ஸ் டர்,19
1982,தேசாய்,தே சா ய்,3
1983,என்னால் முடிந்த உதவியைச் செய்வதில் மகிழ்ச்சியே,என் னால்   முடிந்த   உதவி யை ச்   செய் வதில்   மகிழ்ச்சி யே,10
1984,நாம் வேலையைத் தொடங்குவோம் மாணவர்களே,நா ம்   வேலை யை த்   தொடங்கு வோ ம்   மாண வர் க ளே,12
1985,"ஒரு மரக்கன்றை எடுத்துக்கொள்ளுங்கள், அதற்கு ஒரு இல்லத்தை வழங்குங்கள்","ஒரு   மர க்க ன் றை   எடுத்து க்கொ ள்ளு ங்கள்,   அதற்கு   ஒரு   இ ல்ல த்தை   வழங்கு ங்கள்",16
1986,ஏதாவது சந்தேகம் இருந்தால் கேட்கத் தயங்க வேண்டாம்,ஏ தாவது   சந்தே கம்   இருந்தால்   கேட் க த்   த ய ங்க   வேண்டா ம்,13
1987,குட் மார்னிங் மேடம்,கு ட்   மார் னி ங்   மே டம்,7
1988,லைஃப் இன்சூரன்ஸ் பாலிசி பற்றி சில விஷயங்கள் தெரிந்துகொள்ள வேண்டும்,லைஃ ப்   இன் சூ ர ன்ஸ்   பாலி சி   பற்றி   சில   விஷய ங்கள்   தெரி ந்துகொள்ள   வேண்டும்,15
1989,கொஞ்சம் சொல்ல முடியுமா,கொ ஞ்ச ம்   சொ ல்ல   முடி யு மா,8
1990,"குட் மார்னிங், உட்காருங்கள்","கு ட்   மார் னி ங்,   உட் கா ரு ங்கள்",9
1991,"கண்டிப்பாகச் சொல்கிறேன், கஸ்டமர்களுக்கு உதவத்தான் நாங்கள் இருக்கிறோம்","க ண்டி ப்பாக ச்   சொல் கி றே ன்,   க ஸ் ட மர் களுக்கு   உத வ த்தா ன்   நா ங்கள்   இரு க்கி றோ ம்",23
1992,எங்கள் பாலிசி களைப் பற்றி என்ன தகவல் வேண்டுமென்றாலும் நான் உங்களுக்குச் சொல்கிறேன்,எ ங்கள்   பாலி சி   களை ப்   பற்றி   என்ன   தகவல்   வேண்டு மெ ன்றா லும்   நான்   உங்களுக்கு ச்   சொல் கி றே ன்,20
1993,உங்களுடைய பெயரையும் வயதையும் தெரிந்துகொள்ளலாமா,உங்களுடைய   பெயரை யும்   வய தை யும்   தெரி ந்துகொள்ள லா மா,10
1994,"என் பெயர் தேவாங்கா சைக்கியா, வயது 39","என்   பெயர்   தே வா ங்கா   சைக்கி யா ,   வயது   3 9",11
1995,என்னுடைய வயதுக்கு எந்த இன்சூரன்ஸ் பாலிசி பொருத்தமாக இருக்கும்,என் னு டைய   வயது க்கு   எந்த   இன் சூ ர ன்ஸ்   பாலி சி   பொருத்த மாக   இருக்கும்,15
1996,அதனுடைய பலன்களையும் பற்றித் தெரிந்துகொள்ள விரும்புகிறேன்,அத னு டைய   பல ன் களையும்   பற்றி த்   தெரி ந்துகொள்ள   விரும்பு கி றே ன்,14
1997,உங்கள் பெயரையும் வயதையும் சொன்னதற்கு நன்றி,உங்கள்   பெயரை யும்   வய தை யும்   சொ ன்ன தற்கு   ந ன்றி,11
1998,ஜீவன் உமங் என்று ஒரு நல்ல பாலிசி இருக்கிறது,ஜீ வன்   உ ம ங்   என்று   ஒரு   நல்ல   பாலி சி   இருக்கிற து,12
1999,நீங்கள் அதைத் தேர்ந்தெடுக்கலாம்,நீங்கள்   அதை த்   தேர்ந்தெ டுக்க லாம்,6
2000,இந்தப் பாலிசியில் குறைந்தபட்ச பேசிக் சம் அஷ்யூர்டு எவ்வளவு,இந்த ப்   பாலி சி யில்   குறைந்தபட்ச   பேசி க்   சம்   அ ஷ் யூ ர் டு   எவ்வளவு,15
2001,இந்தப் பாலிசியில் சேர்வதற்கான குறைந்த பட்ச வயது என்ன,இந்த ப்   பாலி சி யில்   சேர் வதற்கான   குறைந்த   பட்ச   வயது   என்ன,11
2002,அதிகபட்ச வயது என்ன,அதிகபட்ச   வயது   என்ன,3
2003,குறைந்தபட்ச பேசிக் சம் அஷ்யூர்டு இரண்டு லட்சம் ரூபாய்,குறைந்தபட்ச   பேசி க்   சம்   அ ஷ் யூ ர் டு   இரண்டு   ல ட்ச ம்   ரூ பாய்,15
2004,சேர்வதற்கான குறைந்தபட்ச வயது 90 நாட்கள்,சேர் வதற்கான   குறைந்தபட்ச   வயது   90   நாட் கள்,7
2005,அதிகபட்ச வயது 55 வயது,அதிகபட்ச   வயது   5 5   வயது,5
2006,விவரங்களைச் சொன்னதற்கு நன்றி,விவர ங்களை ச்   சொ ன்ன தற்கு   ந ன்றி,8
2007,இந்தப் பாலிசியில் என்னென்ன டெத் பெனிஃபிட்ஸ் கிடைக்கும்,இந்த ப்   பாலி சி யில்   என் னெ ன்ன   டெ த்   பெ னிஃ பி ட்ஸ்   கிடை க்கும்,16
2008,வருஷத்திற்கு ஒருமுறை பிரீமியம் கட்ட முடியுமா,வரு ஷ த்திற்கு   ஒருமுறை   பி ரீ மி யம்   கட்ட   முடி யு மா,12
2009,"முதல் ஐந்து ஆண்டுகளில் மரணம் நேர்ந்தால், சம் அஷ்யூர்டு வழங்கப்படும்","முதல்   ஐந்து   ஆண்டு களில்   மரண ம்   நேர் ந்தால்,   சம்   அ ஷ் யூ ர் டு   வழங்க ப்படும்",16
2010,"ஐந்து ஆண்டுகளுக்குப் பிறகு, ஆனால் மெச்சூரிட்டிக்கு முன் மரணம் நிகழ்ந்தால், மரணத்தின் போதான சம் அஷ்யூர்டு, அதனுடன் லாயல்டி அடிஷன், ஏதாவது இருந்தால் அது வழங்கப்படும்","ஐந்து   ஆண்டுகளுக்கு ப்   பிறகு,   ஆனால்   மெ ச் சூ ரி ட்டி க்கு   முன்   மரண ம்   நிகழ் ந்தால்,   மரண த்தின்   போ தான   சம்   அ ஷ் யூ ர் டு ,   அத னுடன்   லா யல் டி   அடி ஷ ன்,   ஏ தாவது   இருந்தால்   அது   வழங்க ப்படும்",41
2011,தவணைகளைச் சரியாகக் கட்டினால் இதெல்லாம் கிடைக்கும்,தவ ணை களை ச்   சரி யாக க்   கட்டி னால்   இ தெ ல் லாம்   கிடை க்கும்,15
2012,"பிரீமியம்களை வருடந்திரமாக, காலாண்டில், ஆறு மாதங்களுக்கு ஒருமுறை அல்லது மாதாமாதம் கட்டலாம்","பி ரீ மி யம் களை   வரு ட ந்திர மாக ,   கா லா ண்டி ல்,   ஆறு   மாத ங்களுக்கு   ஒருமுறை   அல்லது   மாதா மாதம்   கட்ட லாம்",23
2013,மெச்சூரிட்டி தேதிக்கு முன்னால் என்னால் பாலிசியை சரண்டர் செய்ய முடியுமா,மெ ச் சூ ரி ட்டி   தேதி க்கு   முன் னால்   என் னால்   பாலி சி யை   சர ண்டர்   செய்ய   முடி யு மா,20
2014,சரண்டர் வேல்யூ எவ்வளவு இருக்கும்,சர ண்டர்   வே ல் யூ   எவ்வளவு   இருக்கும்,7
2015,"ஆமாம், மூன்று ஆண்டுகள் முடிந்த பிறகு மெச்சூரிட்டிக்கு முன் பாலிசிதாரர் சரண்டர் செய்யலாம்","ஆ மா ம்,   மூன்று   ஆண்டுகள்   முடிந்த   பிறகு   மெ ச் சூ ரி ட்டி க்கு   முன்   பாலி சி தார ர்   சர ண்டர்   செய்ய லாம்",22
2016,தொடர்ச்சியான 3 ஆண்டுகளுக்கான பிரீமியமைக் கட்ட வேண்டியது இருக்கும்,தொடர்ச்சி யான   3   ஆண்டு களுக்கான   பி ரீ மி யமை க்   கட்ட   வேண்டிய து   இருக்கும்,14
2017,எங்களுடைய ரெடி ரெக்கனரில் இதைப் பற்றிய விவரங்களைப் பார்க்கலாம்,எ ங்களு டைய   ரெ டி   ரெ க்க ன ரில்   இதை ப்   பற்றிய   விவர ங்களை ப்   பார்க்க லாம்,17
2018,ரொம்பவே உதவிகரமான தகவல்களைக் கொடுத்திருக்கிறீர்கள்,ரொ ம்ப வே   உதவி கர மான   தகவல்களை க்   கொடு த்திரு க்கிறீ ர்கள்,12
2019,ரொம்ப நன்றி,ரொ ம்ப   ந ன்றி,4
2020,நல்லது,நல்ல து,2
2021,"நீங்கள் விரும்பினால், இன்னும் விவரமாக விளக்க, எங்களுடைய ஏஜெண்டுகளில் ஒருவரை உங்களைத் தொடர்புகொள்ளச் சொல்கிறேன்","நீங்கள்   விரும்பி னால்,   இன்னும்   விவர மாக   விள க்க ,   எ ங்களு டைய   ஏ ஜெ ண்டு களில்   ஒரு வரை   உங்களை த்   தொடர்பு கொள்ள ச்   சொல் கி றே ன்",27
2022,உங்களுடைய ஃபோன் நம்பரைக் கொடுங்கள்,உங்களுடைய   ஃ போ ன்   நம்ப ரை க்   கொடு ங்கள்,9
2023,நல்லது,நல்ல து,2
2024,என்னுடைய ஃபோன் நம்பரைக் குறித்துக் கொள்ளுங்கள்,என் னு டைய   ஃ போ ன்   நம்ப ரை க்   குறித்து க்   கொ ள்ளு ங்கள்,14
2025,"ஹலோ, வட கிழக்கு பிராந்திய உணவு வகைகளைப் பற்றி நான் தெரிந்துகொள்ள விரும்புகிறேன்","ஹ லோ ,   வட   கிழக்கு   பிராந்திய   உணவு   வகை களை ப்   பற்றி   நான்   தெரி ந்துகொள்ள   விரும்பு கி றே ன்",18
2026,உணவு பற்றியும் ரெஸ்டாரண்டுகள் பற்றியும் தெரிந்துகொள்ள வேண்டுமென்றால் நீங்கள்தான் சரியான நபர் என்று என்னுடைய ஃபிரண்டு சிரில் சொன்னான்,உணவு   பற்றி யும்   ரெ ஸ்டா ர ண்டு கள்   பற்றி யும்   தெரி ந்துகொள்ள   வேண்டு மெ ன்றால்   நீங்கள் தான்   சரியான   நபர்   என்று   என் னு டைய   ஃ பிர ண்டு   சி ரில்   சொ ன் னா ன்,32
2027,"ஆமாம், இந்த இடத்தில் நான் கொஞ்ச காலமாகவே இருக்கிறேன், அதனால் என்னால் உங்களுக்கு உணவுப் பரிந்துரைகளை வழங்க முடியும்","ஆ மா ம்,   இந்த   இடத்தில்   நான்   கொ ஞ்ச   கால மாக வே   இரு க்கி றே ன்,   அதனால்   என் னால்   உங்களுக்கு   உணவு ப்   பரிந்துரை களை   வழங்க   முடியும்",25
2028,அஸ்ஸாமிய உணவான கார் என்பதில் இருந்து தொடங்கலாம்,அ ஸ் ஸா மிய   உண வான   கார்   என்ப தில்   இருந்து   தொடங்க லாம்,12
2029,"அப்படியா, அது வெஜிடேரியனா","அ ப்படி யா ,   அது   வெ ஜி டே ரிய னா",10
2030,அதை எதில் இருந்து சமைக்கிறார்கள்,அதை   எ தில்   இருந்து   ச மை க்கிறா ர்கள்,8
2031,"இதை சிவப்பு அரிசி, இடித்த பருப்புகள், பப்பாளிக் காய் எல்லாம் சேர்த்து சமைக்கிறார்கள், முழுக்க முழுக்க வெஜிடேரியன் உணவுதான்","இதை   சிவ ப்பு   அரி சி ,   இ டி த்த   ப ரு ப்பு கள்,   ப ப்பா ளி க்   காய்   எல் லாம்   சேர்த்து   ச மை க்கிறா ர்கள்,   முழு க்க   முழு க்க   வெ ஜி டே ரிய ன்   உணவு தான்",36
2032,நிறைய அஸ்ஸாமிய மசாலாக்களும் இதில் சேர்க்கப்படுது,நிறை ய   அ ஸ் ஸா மிய   ம சா லா க்க ளும்   இதில்   சேர் க்கப்படு து,15
2033,கண்டிப்பாக அதைச் சாப்பிட்டுப் பார்க்கிறேன்,க ண்டி ப்பாக   அதை ச்   சா ப்பி ட்டு ப்   பார் க்கி றே ன்,13
2034,பேம்பூ ரைஸ் பற்றி சொல்லுங்கள்,பே ம் பூ   ரை ஸ்   பற்றி   சொல் லு ங்கள்,9
2035,அதுவும் ஸ்பெஷல் அஸ்ஸாமிய உணவு என்று கேள்விப்பட்டேன்,அது வும்   ஸ் பெ ஷ ல்   அ ஸ் ஸா மிய   உணவு   என்று   கேள்வி ப்ப ட் டே ன்,17
2036,"அதன் பெயர் எனக்கு நியாபகம் இல்லை, பி என்று ஆரம்பிக்கும் என்று நினைக்கிறேன்","அதன்   பெயர்   என க்கு   நி யா ப கம்   இல்லை ,   பி   என்று   ஆ ரம் பி க்கும்   என்று   நினை க்கி றே ன்",21
2037,நீங்கள் சொல்லும் உணவின் பெயர் பீதா அல்லது கோலா பீதா,நீங்கள்   சொல் லும்   உண வின்   பெயர்   பீ தா   அல்லது   கோ லா   பீ தா,13
2038,குழிவான மூங்கில் தண்டுகளில் நிரப்பிச் சமைக்கப்படும் மிதமான சுவையுள்ள சாதம்,கு ழி வான   மூ ங்கில்   த ண்டு களில்   நி ர ப்பி ச்   ச மை க்கப்படும்   மி தமான   சு வை யுள்ள   சா தம்,22
2039,"ஓ, இதுவும் வெஜிடேரியனா","ஓ ,   இது வும்   வெ ஜி டே ரிய னா",9
2040,"ஆமாம், உங்கள விருப்பத்திற்குத் தகுந்தபடி இது இனிப்பாகவும் செய்யப்படலாம், காரமாகவும் செய்யப்படலாம்","ஆ மா ம்,   உ ங்க ள   விருப்ப த்திற்கு த்   த குந்த படி   இது   இ னி ப்பாக வும்   செய்ய ப்பட லாம்,   கார மாகவும்   செய்ய ப்பட லாம்",25
2041,"பெரும்பாலானவர்களுக்கு இனிப்பு வகைதான் பிடிக்கும், பொதுவாக தயிருடனும் மொலாசஸுடனும் இதைச் சாப்பிடுவார்கள்","பெரும்பாலான வர்களுக்கு   இ னி ப்பு   வகை தான்   பிடி க்கும்,   பொதுவாக   த யிரு டனும்   மொ லா ச ஸு டனும்   இதை ச்   சா ப்பிடு வா ர்கள்",24
2042,"சரி, நான்-வெஜிடேரியன் உணவு வகைகளையும் பற்றி கொஞ்சம் சொல்லுங்கள்","சரி ,   நான் - வெ ஜி டே ரிய ன்   உணவு   வகை களையும்   பற்றி   கொ ஞ்ச ம்   சொல் லு ங்கள்",19
2043,"எனக்கு நான்-வெஜிடேரியன் பிடிக்கும், அதானால்தான் கேட்கிறேன்","என க்கு   நான் - வெ ஜி டே ரிய ன்   பிடி க்கும்,   அ தா னால் தான்   கேட் கி றே ன்",19
2044,"அப்படியென்றால், நாகாலாந்தின் ஸ்மோக்டு போர்க் உங்களுக்குப் பிடிக்கும்","அ ப்படி யெ ன்றால்,   நாகா லாந்தி ன்   ஸ் மோ க் டு   போர் க்   உங்களுக்கு ப்   பிடி க்கும்",17
2045,"வெளியில் மொருமொரு என்றும் உள்ளே மிருதுவாகவும் ஜூசியாகவும் இருக்கும், ஸ்மோக்கி சுவையும் நிறைந்திருக்கும்","வெளி யில்   மொ ரு மொ ரு   என்றும்   உள் ளே   மி ரு து வாக வும்   ஜூ சி யாகவும்   இருக்கும்,   ஸ் மோ க்கி   சு வையும்   நிறை ந்திரு க்கும்",26
2046,"ஓ, ரொம்ப ருசியாக இருக்கும் போலிருக்கிறதே, ஆனாக் நான் போர்க் சாப்பிடமாட்டேன்","ஓ ,   ரொ ம்ப   ரு சி யாக   இருக்கும்   போ லிரு க்கிற தே ,   ஆ னா க்   நான்   போர் க்   சா ப்பிட மா ட் டே ன்",25
2047,என்னுடைய ஃபிரண்டு சிரிலுக்கு இந்த உணவைப் பற்றிச் சொல்கிறேன்,என் னு டைய   ஃ பிர ண்டு   சி ரி லுக்கு   இந்த   உண வை ப்   பற்றி ச்   சொல் கி றே ன்,19
2048,"ஹ்ம்ம், அப்படியென்றால் நீங்கள் துக்பாவைச் சாப்பிட்டுப் பார்க்கலாம்","ஹ் ம் ம்,   அ ப்படி யெ ன்றால்   நீங்கள்   து க் பா வை ச்   சா ப்பி ட்டு ப்   பார்க்க லாம்",19
2049,"அருணாச்சலப் பிரதேசத்தில் செய்யப்படும் இது, நூடுல்ஸ் அடிப்படையிலான உணவு, இதில் பலவகையான பயறுகளில் இருந்து எந்த வகையான மாமிசத்தையும் சேர்த்துக்கொள்ளலாம்","அரு ணா ச்ச ல ப்   பிரதேச த்தில்   செய்ய ப்படும்   இ து,   நூ டு ல் ஸ்   அடிப்படை யிலான   உணவு ,   இதில்   பல வகையான   பய று களில்   இருந்து   எந்த   வகையான   மா மி ச த்தையும்   சேர் த்துக்கொள்ள லாம்",35
2050,"மீன் சேர்க்கப்பட்ட உணவு பிடிக்கும் என்றால், அஸ்ஸாமின் டேங்கா மீன் பதார்த்தம் உங்களுக்குப் பிடிக்கலாம்","மீன்   சேர் க்கப்பட்ட   உணவு   பிடி க்கும்   என்றால்,   அ ஸ் ஸா மின்   டே ங்கா   மீன்   ப தார் த்தம்   உங்களுக்கு ப்   பிடி க்கலாம்",21
2051,"எனக்கு நூடுல்ஸ் ரொம்பப் பிடிக்கும், அதனால் துக்பாதான் நான் சாப்பிடப்போகும் முதல் வடகிழக்கு உணவு","என க்கு   நூ டு ல் ஸ்   ரொ ம்ப ப்   பிடி க்கும்,   அதனால்   து க் பா தான்   நான்   சா ப்பிட ப்போ கும்   முதல்   வடகிழக்கு   உணவு",24
2052,டேங்காவையும் சாப்பிட்டுப் பார்க்கப் போகிறேன்,டே ங்கா வையும்   சா ப்பி ட்டு ப்   பார்க்க ப்   போ கி றே ன்,13
2053,வடகிழக்கு உணவுகள் பொதுவாகவே காரமாக இருக்குமா,வடகிழக்கு   உண வுகள்   பொதுவாக வே   கார மாக   இரு க்கு மா,10
2054,"இல்லை, அவ்வளவு காரமாக இருக்காது","இல்லை ,   அவ் வளவு   கார மாக   இரு க்கா து",9
2055,"அவை புத்துணர்வு அளிப்பவையாகவும், வாசனையாகவும் இருக்கும்","அவை   பு த்து ண ர் வு   அளி ப்ப வையாக வும்,   வா சனை யாகவும்   இருக்கும்",14
2056,"ஹலோ, டாடா கேபிட்டலா","ஹ லோ ,   டா டா   கே பி ட்ட லா",9
2057,"ஆமாம், டாடா கேபிட்டல்தான்","ஆ மா ம்,   டா டா   கே பி ட்ட ல் தான்",10
2058,"சொல்லுங்க, உங்களுக்கு என்ன வேண்டும்","சொல் லு ங்க ,   உங்களுக்கு   என்ன   வேண்டும்",7
2059,எனக்குப் பர்சனல் லோன் வேண்டும்,என க்கு ப்   பர் சன ல்   லோ ன்   வேண்டும்,9
2060,என்னுடைய கிரெடிட் ஸ்கோர் எவ்வளவு இருக்கு என்று பார்த்துவிட்டு எனக்கு எவ்வளவு கடன் கிடைக்கும் என்று சொல்ல முடியுமா,என் னு டைய   கிரெடிட்   ஸ் கோ ர்   எவ்வளவு   இரு க்கு   என்று   பார் த்து விட்டு   என க்கு   எவ்வளவு   கடன்   கிடை க்கும்   என்று   சொ ல்ல   முடி யு மா,26
2061,"கண்டிப்பாக சொல்கிறேன், ஒரு நிமிடம் இருங்கள்","க ண்டி ப்பாக   சொல் கி றே ன்,   ஒரு   நி மி டம்   இரு ங்கள்",13
2062,உங்களுடைய கிரெடிட் ஸ்கோர்படி உங்களுக்கு அதிகபட்சம் எட்டு லட்சம் லோன் கிடைக்கும்,உங்களுடைய   கிரெடிட்   ஸ் கோ ர் படி   உங்களுக்கு   அதிகபட்ச ம்   எட்டு   ல ட்ச ம்   லோ ன்   கிடை க்கும்,17
2063,இப்போது பர்சனல் லோனுக்கு எவ்வளவு வட்டி வாங்குகிறீர்கள்,இப்போது   பர் சன ல்   லோ னுக்கு   எவ்வளவு   வட்டி   வாங்கு கிறீர்கள்,10
2064,லோனுக்கு அப்ளை பண்ண வேண்டும் என்றால் என்ன செய்ய வேண்டும்,லோ னுக்கு   அ ப் ளை   பண் ண   வேண்டும்   என்றால்   என்ன   செய்ய   வேண்டும்,12
2065,வழக்கமாக பர்சனல் லோனுக்கு 10,வழக்கமாக   பர் சன ல்   லோ னுக்கு   10,7
2066,50% இல் இருந்து 24% வரை வட்டி இருக்கும்,50 %   இல்   இருந்து   24 %   வரை   வட்டி   இருக்கும்,9
2067,நிதி நிறுவனத்தோட நிபந்தனைகளை உங்களால் எந்த அளவுக்குப் பூர்த்தி செய்ய முடியும் என்பதைப் பொறுத்துதான் வட்டியை நிர்ணயம் செய்வார்கள்,நிதி   நிறுவன த்தோ ட   நி பந்த னை களை   உங்களால்   எந்த   அள வுக்கு ப்   பூர் த்தி   செய்ய   முடியும்   என்பதை ப்   பொறு த்து தான்   வட்டி யை   நிர் ண யம்   செய் வா ர்கள்,30
2068,லோன் வாங்க முதலில் நீங்கள் ஒரு சில டாகுமெண்ட்ஸை சப்மிட் பண்ண வேண்டியிருக்கும்,லோ ன்   வாங்க   முதலில்   நீங்கள்   ஒரு   சில   டா கு மெ ண்ட் ஸை   ச ப் மி ட்   பண் ண   வேண்டி யிரு க்கும்,21
2069,"உங்களுக்குத் தகுதியுள்ளதா என்பதைப் பார்க்க வோட்டர் கார்டு, ஆதார் கார்டு, பான் கார்டு மாதிரியான டாகுமெண்ட்ஸ் தேவைப்படும்","உங்களுக்கு த்   தகுதி யுள்ள தா   என்பதை ப்   பார்க்க   வோ ட்டர்   கார்டு ,   ஆ தார்   கார்டு ,   பா ன்   கார்டு   மாதிரி யான   டா கு மெ ண்ட் ஸ்   தேவை ப்படும்",28
2070,அதாவது ஐடி ப்ரூஃபும் தேவை,அதாவது   ஐ டி   ப் ரூஃ பு ம்   தேவை,8
2071,"கடைசி மூன்று மாதங்களுக்கான சம்பள விவரம், ஐடி ரிட்டர்ன்ஸ் ஸ்டேட்மென்ட் மாதிரியான வருமானம் சம்பந்தப்பட்ட டாகுமெண்ட்ஸ் தேவைப்படும்","கடைசி   மூன்று   மாத ங்களு க்கான   சம்ப ள   விவர ம்,   ஐ டி   ரி ட்டர் ன்ஸ்   ஸ் டே ட் மென் ட்   மாதிரி யான   வருமான ம்   சம்ப ந்த ப்பட்ட   டா கு மெ ண்ட் ஸ்   தேவை ப்படும்",33
2072,நான் ஆஃபீஸுக்கு நேரடியாக வர வேண்டியிருக்குமா,நான்   ஆ ஃ பீ ஸு க்கு   நேரடியாக   வர   வேண்டியி ருக்கு மா,11
2073,இல்லையென்றால் ஆன்லைனில் அப்ளை செய்யலாமா,இல்லை யெ ன்றால்   ஆன்லைனில்   அ ப் ளை   செய்ய லா மா,10
2074,நீங்கள் ஆன்லைனில் அப்ளை செய்யலாம்,நீங்கள்   ஆன்லைனில்   அ ப் ளை   செய்ய லாம்,7
2075,ஆனால் டாகுமெண்ட்டை சப்மிட் பண்ணவும் அதை சரிபார்க்கவும் நீங்கள் நேரில்தான் வர வேண்டும்,ஆனால்   டா கு மெ ண் ட்டை   ச ப் மி ட்   பண் ண வும்   அதை   சரி பார்க்க வும்   நீங்கள்   நே ரில் தான்   வர   வேண்டும்,23
2076,"நான் உங்கள் நிறுவனத்தின் ரெகுலர் கஸ்டமர், நீங்களே செக் பண்ணிப் பார்க்கலாம்","நான்   உங்கள்   நிறுவனத்தின்   ரெ கு லர்   க ஸ் ட ம ர்,   நீ ங்களே   செ க்   பண் ணி ப்   பார்க்க லாம்",20
2077,உங்கள் ஆஃபீஸுக்கு என்னுடைய டாகுமெண்ட்ஸை மட்டும் அனுப்பவா,உங்கள்   ஆ ஃ பீ ஸு க்கு   என் னு டைய   டா கு மெ ண்ட் ஸை   மட்டும்   அனுப்ப வா,17
2078,"சார், இதற்கு ரொம்ப நேரம் ஆகாது, நீங்கள் டாகுமெண்ட்ஸை அனுப்புகிறீர்கள் என்றால் அது மற்ற விண்ணப்பங்களுடன் கலந்து விடலாம்","சா ர்,   இதற்கு   ரொ ம்ப   நேரம்   ஆ கா து,   நீங்கள்   டா கு மெ ண்ட் ஸை   அனுப்பு கிறீர்கள்   என்றால்   அது   மற்ற   வி ண்ண ப்ப ங்களுடன்   கல ந்து   விட லாம்",28
2079,வழக்கமாக பர்சனல் லோனுக்குக் குறைந்தபட்ச வரம்பும் அதிகபட்ச வரம்பும் என்ன,வழக்கமாக   பர் சன ல்   லோ னுக்கு க்   குறைந்தபட்ச   வர ம்பு ம்   அதிகபட்ச   வர ம்பு ம்   என்ன,16
2080,"நாங்கள் குறைந்தபட்சமாக 75,000/-இலிருந்து அதிகபட்சமாக 35,00,000/- வரை பர்சனல் லோன் தருகிறோம்","நா ங்கள்   குறைந்தபட்ச மாக   7 5 ,000 / - இ லிருந்து   அதிகபட்ச மாக   35 , 00 ,000 / -   வரை   பர் சன ல்   லோ ன்   த ரு கி றோ ம்",30
2081,"சரிங்க, தகவலுக்கு நன்றி","சரி ங்க ,   த கவ லுக்கு   ந ன்றி",8
2082,நான் சீக்கிரமே ஆஃபீஸுக்கு வருகிறேன்,நான்   சீ க்கிர மே   ஆ ஃ பீ ஸு க்கு   வரு கி றே ன்,13
2083,வேறு ஏதாவது உதவி தேவைப்பட்டாலும் தயங்காமல் கால் பண்ணுங்கள்,வேறு   ஏ தாவது   உதவி   தேவை ப்பட்டா லும்   த ய ங்கா மல்   கால்   பண் ணு ங்கள்,15
2084,"கமலா, நீ திரும்பவும் எப்போது வேலைக்கு வரப் போகிறாய்","க ம லா ,   நீ   திரு ம்ப வும்   எப்போது   வேலை க்கு   வர ப்   போ கிறா ய்",16
2085,இன்றைக்கு என்ன தேதி என்று உனக்கு தெரியுமா,இன் றை க்கு   என்ன   தேதி   என்று   உ ன க்கு   தெரி யு மா,12
2086,இன்றோடு கிட்டத்தட்ட ஒரு மாதம் ஆகிவிட்டது,இன் றோ டு   கிட்டத்தட்ட   ஒரு   மாதம்   ஆகி விட்ட து,9
2087,நீ 10 நாள்தானே லீவ் எடுக்கப் போகிறேன் என்று சொன்னாய்,நீ   10   நாள் தா னே   லீ வ்   எடுக்க ப்   போ கி றே ன்   என்று   சொ ன் னா ய்,18
2088,மன்னித்துவிடுங்கள் அம்மா,மன் னி த்து விடு ங்கள்   அம் மா,7
2089,என்னால் உங்களுக்குத் தகவல் சொல்ல முடியவில்லை,என் னால்   உங்களுக்கு த்   தகவல்   சொ ல்ல   முடிய வில்லை,9
2090,நீ இப்போது எங்கேதான் இருக்கிறாய்,நீ   இப்போது   எ ங்கே தான்   இரு க்கிறா ய்,8
2091,இன்னும் அப்பா வீட்டில்தான் இருக்கிறாயா,இன்னும்   அ ப்பா   வீ ட்டில் தான்   இரு க்கிறா யா,9
2092,"இல்லை அம்மா, நான் மூன்று நாட்களுக்கு முன்னாடியே திரும்ப வந்துவிட்டேன்","இல்லை   அம் மா ,   நான்   மூன்று   நாட் களுக்கு   முன்னா டி யே   திரு ம்ப   வந்து வி ட் டே ன்",18
2093,மூன்று நாட்களுக்கு முன்னாடியே வந்துவிட்டாயா,மூன்று   நாட் களுக்கு   முன்னா டி யே   வந்து விட்டா யா,9
2094,பிறகு ஏன் வேலைக்கு வரவில்லை,பிறகு   ஏ ன்   வேலை க்கு   வர வில்லை,7
2095,என்னுடைய கை கொஞ்சம் வீங்கியிருக்கிறது,என் னு டைய   கை   கொ ஞ்ச ம்   வீ ங்கி யிரு க்கிற து,12
2096,அதனால் வேலை செய்ய சிரமமாக இருக்கிறது,அதனால்   வேலை   செய்ய   சி ர ம மாக   இருக்கிற து,9
2097,வீங்கியிருக்கிறதா,வீ ங்கி யிரு க்கிற தா,5
2098,டாக்டரைப் பார்த்தியா,டாக் ட ரை ப்   பார் த்தியா,6
2099,டாக்டர் என்னைக் கொஞ்சம் நாளுக்கு ஓய்வெடுக்கச் சொல்லியிருக்கார்,டாக் டர்   என் னை க்   கொ ஞ்ச ம்   நா ளுக்கு   ஓ ய் வெ டுக்க ச்   சொ ல்லி யிரு க்கா ர்,20
2100,அவர் ஒரு மாதமா ஓய்வெடுக்கச் சொன்னார்,அவர்   ஒரு   மாத மா   ஓ ய் வெ டுக்க ச்   சொ ன் னார்,12
2101,உன்னுடைய கை உடைந்துவிட்டதா,உ ன் னு டைய   கை   உடை ந்து விட்ட தா,9
2102,"இல்லை அம்மா, அப்படியெல்லாம் இல்லை","இல்லை   அம் மா ,   அ ப்படி யெ ல் லாம்   இல்லை",10
2103,அப்புறம் என்ன பிரச்சனை,அ ப்புற ம்   என்ன   பிரச்சனை,5
2104,தெரியலை அம்மா,தெரிய லை   அம் மா,4
2105,கை வீங்கியிருப்பதால் வலியாக இருக்கிறது,கை   வீ ங்கி யிரு ப்ப தால்   வலி யாக   இருக்கிற து,10
2106,நீ ஒழுங்காக வேலை செய்திருந்தால் அதில் வலி இருந்திருக்காது,நீ   ஒழு ங்கா க   வேலை   செய் திரு ந்தால்   அதில்   வலி   இரு ந்திரு க்கா து,14
2107,நீ துணிகளை மடித்து வைப்பதே இல்லை,நீ   து ணி களை   ம டி த்து   வை ப்ப தே   இல்லை,11
2108,பாத்திரங்கள் ஒரு நாளும் சுத்தமாக இருந்ததில்லை,பா த்திர ங்கள்   ஒரு   நா ளும்   சு த்த மாக   இருந்த தில் லை,12
2109,வாஷிங் மெஷின் இருப்பதால் துணியைத் துவைக்க வேண்டிய அவசியமும் வந்ததில்லை,வா ஷி ங்   மெ ஷி ன்   இருப்ப தால்   து ணி யை த்   து வைக்க   வேண்டிய   அவசிய மும்   வந்த தில் லை,20
2110,இது சரியே இல்லை,இது   சரி யே   இல்லை,4
2111,என்னால் முடிந்த வரைக்கும் நான் செய்து கொண்டுதான் இருக்கிறேன் அம்மா,என் னால்   முடிந்த   வரை க்கும்   நான்   செய்து   கொண்டு தான்   இரு க்கி றே ன்   அம் மா,15
2112,எதிர்த்துப் பேசாதே,எதிர் த்து ப்   பே சா தே,6
2113,நீ வீட்டிலேயே இருந்து நல்ல ஓய்வெடுத்துக்கொள்,நீ   வீ ட்டி லேயே   இருந்து   நல்ல   ஓ ய் வெ டுத்து க்கொள்,11
2114,நீ இனி வேலைக்கு வரத் தேவையில்லை,நீ   இ னி   வேலை க்கு   வர த்   தேவை யில் லை,10
2115,உன்னை நான் வேலையில் இருந்து நிறுத்திவிட்டேன்,உ ன் னை   நான்   வேலை யில்   இருந்து   நிறுத்தி வி ட் டே ன்,12
2116,"ஆஹா, இது ரொம்ப ஸ்டைலாக இருக்கிறதே","ஆ ஹா ,   இது   ரொ ம்ப   ஸ் டை லாக   இருக்கிற தே",11
2117,இதை எப்போது வாங்கினாய்,இதை   எப்போது   வாங்கி னா ய்,5
2118,"பிளீஸ், நான் ஓட்டிப் பார்க்கவா","பி ளீ ஸ்,   நான்   ஓ ட்டி ப்   பார்க்க வா",9
2119,உனக்கு சரியாக ஓட்டத் தெரியுமா,உ ன க்கு   சரி யாக   ஓ ட்ட த்   தெரி யு மா,11
2120,இந்த அழகி மேலே சின்ன கீறல்கூட படக்கூடாது,இந்த   அழ கி   மே லே   சி ன்ன   கீ ற ல் கூட   பட க்கூடா து,14
2121,கண்டிப்பாக,க ண்டி ப்பாக,3
2122,நான் முயற்சி செய்து பார்க்கிறேன்,நான்   முயற்சி   செய்து   பார் க்கி றே ன்,7
2123,உன்னிடம் இன்ஷுரன்ஸ் இருக்கிறதுதானே,உ ன் னி டம்   இன் ஷு ர ன்ஸ்   இருக்கிற து தா னே,12
2124,ஹாஹா,ஹா ஹா,2
2125,சும்மா சொன்னேன்,சு ம் மா   சொ ன் னே ன்,7
2126,உன் முகத்தைப் பார்க்கணுமே,உ ன்   முக த்தை ப்   பார்க்க ணு மே,8
2127,என்ன உளறுகிறாய்,என்ன   உ ள று கிறா ய்,6
2128,என் காரைப் பத்தி ஜோக் அடிக்காதே,என்   கா ரை ப்   ப த்தி   ஜோ க்   அடி க்கா தே,11
2129,நீ எவ்வளவு வேண்டுமானாலும் என்னைக் கிண்டல் செய்துகொள்ளலாம்,நீ   எவ்வளவு   வேண்டு மா னா லும்   என் னை க்   கி ண்ட ல்   செய்து கொள்ள லாம்,15
2130,சரி இந்தா,சரி   இ ந்தா,3
2131,ஒரு ரவுண்டு போய்விட்டு வரலாம்,ஒரு   ர வு ண்டு   போ ய் விட்டு   வர லாம்,9
2132,இவளுக்கு ஏதாவது பெயர் வைத்திருக்கிறாயா,இவ ளுக்கு   ஏ தாவது   பெயர்   வைத்திரு க்கிறா யா,8
2133,உன்னுடைய காருக்கு நீ கண்டிப்பாக ஒரு பெயர் வைத்தே ஆக வேண்டும்,உ ன் னு டைய   கா ருக்கு   நீ   க ண்டி ப்பாக   ஒரு   பெயர்   வை த்தே   ஆக   வேண்டும்,16
2134,ஓ வைத்திருக்கிறேனே,ஓ   வைத்திரு க்கி றே னே,5
2135,இவளை எதீனா என்று கூப்பிடப் போகிறேன்,இவ ளை   எ தீ னா   என்று   கூ ப்பிட ப்   போ கி றே ன்,13
2136,நீயும் உன்னுடைய கிரேக்கப் பெயர்களும்,நீ யும்   உ ன் னு டைய   கிரேக்க ப்   பெயர் களும்,10
2137,ஆஹா,ஆ ஹா,2
2138,இந்த என்ஜின் சத்தமே தனி சுகம்தான்,இந்த   என் ஜி ன்   ச த்த மே   தனி   சு கம் தான்,11
2139,அபாரம்,அ பா ரம்,3
2140,ஸ்மூத்தாகப் போகிறது,ஸ் மூ த்தா க ப்   போ கிறது,7
2141,விலையும் எக்கச்சக்கமாக இருக்குமே,விலை யும்   எ க்க ச்ச க்க மாக   இரு க்கு மே,10
2142,என்னுடைய அப்பாவிடம் மட்டும் பணம் இல்லையென்றால் நான் என்னுடைய சொத்தைதான் விற்றிருக்க வேண்டும்,என் னு டைய   அ ப்பா வி டம்   மட்டும்   பணம்   இல்லை யெ ன்றால்   நான்   என் னு டைய   சொ த்தை தான்   வி ற்றி ருக்க   வேண்டும்,23
2143,இது எனக்குப் பரிசாகக் கிடைத்தது,இது   என க்கு ப்   பரி சாக க்   கிடை த்த து,10
2144,"ஃபெர்ராரியை விடு, என்னுடைய சம்பளத்தில் என்னால் ஒரு ஐஃபோனைக் கூட வாங்க முடியாது","ஃ பெர் ரா ரி யை   விடு ,   என் னு டைய   சம்ப ள த்தில்   என் னால்   ஒரு   ஐ ஃ போ னை க்   கூட   வாங்க   முடியா து",25
2145,"சரி, உனக்குப் பிடித்திருக்கிறதா","சரி ,   உ ன க்கு ப்   பிடி த்திரு க்கிற தா",10
2146,ராகுல் வைத்திருப்பதைவிட இது நன்றாக இருக்கிறதா,ரா கு ல்   வைத்திரு ப்பதை விட   இது   ந ன்றா க   இருக்கிற தா,12
2147,கண்டிப்பாக,க ண்டி ப்பாக,3
2148,இது ஃபெர்ராரி,இது   ஃ பெர் ரா ரி,5
2149,நீ 'அப்பாவின் பரிசு' என்று காரின் பின்புறத்தில் எழுதி ஒட்ட வேண்டும்,நீ   ' அ ப்பா வின்   பரிசு '   என்று   கா ரின்   பின் புற த்தில்   எழுதி   ஒ ட்ட   வேண்டும்,17
2150,ஹாஹா,ஹா ஹா,2
2151,இது கூர்கான் இல்லை,இது   கூர் கான்   இல்லை,4
2152,நான் இவளை வெளியில் எடுத்துக் கொண்டு போகும்போதெல்லாம் கூச்சமாக இருக்கும்,நான்   இவ ளை   வெளி யில்   எடுத்து க்   கொண்டு   போ கும் போ தெ ல் லாம்   கூ ச்ச மாக   இருக்கும்,18
2153,மற்றவர்களெல்லாம் இதை எப்படி தைரியமாகச் செய்கிறார்களோ,மற்ற வர் க ளெ ல் லாம்   இதை   எப்படி   தை ரிய மாக ச்   செய் கிறா ர் க ளோ,17
2154,அவர்களுக்குப் பணக்கார அப்பாக்கள் இருப்பதுதான் காரணம்,அவர்களுக்கு ப்   பண க்கார   அ ப்பா க்கள்   இருப்பது தான்   காரண ம்,11
2155,ஹாஹா,ஹா ஹா,2
2156,அவர்களுக்கு கூடுதல் சலுகை கிடைக்கும்,அவர்களுக்கு   கூடுதல்   ச லுகை   கிடை க்கும்,6
2157,நீ சொல்வது சரிதான்,நீ   சொல் வது   சரி தான்,5
2158,சாப்பிட எங்கேயாவது நிறுத்தலாமா,சா ப்பிட   எ ங்கே யா வது   நிறுத்த லா மா,9
2159,தாராளமா,தாரா ள மா,3
2160,எல்லாரும் நம்மையேதான் பார்க்கிறார்கள்,எல் லா ரும்   ந ம் மை யே தான்   பார் க்கிறா ர்கள்,11
2161,அருமை,அரு மை,2
2162,"ஹாய் ராகுல், நான் சமீபத்தில் தி காஷ்மீர் ஃபைல்ஸ் படம் பார்த்தேன்","ஹா ய்   ரா கு ல்,   நான்   சமீப த்தில்   தி   காஷ்மீ ர்   ஃ பை ல் ஸ்   படம்   பார் த்தே ன்",19
2163,ஒவ்வொரு நடிகரும் எவ்வளவு அற்புதமாக நடித்திருக்கிறார்கள்,ஒவ்வொரு   நடி க ரும்   எவ்வளவு   அ ற்பு த மாக   நடி த்திரு க்கிறா ர்கள்,13
2164,அதிலும் பாஷா சும்ப்லியின் நடிப்பு ரொம்பவே அருமையாக இருந்தது,அதி லும்   பா ஷா   சு ம் ப் லி யின்   நடி ப்பு   ரொ ம்ப வே   அரு மையாக   இருந்த து,18
2165,"ஆமாம், அவரது கதாபாத்திரம் மிகவும் சவாலானதாக இருந்தது","ஆ மா ம்,   அவரது   க தாபா த்தி ரம்   மிகவும்   ச வா லான தாக   இருந்த து",15
2166,சாரதா பண்டிட் கதாபாத்திரத்திற்கு மிகவும் பொருத்தமாக நடித்திருந்தார்,சார தா   பண்டி ட்   கதாபாத்திர த்திற்கு   மிகவும்   பொருத்த மாக   நடி த்திரு ந்தா ர்,13
2167,சும்ப்லியும் காஷ்மிரி பண்டிட் சமூகத்தைச் சேர்ந்தவர்தான் என்பது உங்களுக்குத் தெரியுமா,சு ம் ப் லி யும்   காஷ் மி ரி   பண்டி ட்   சமூக த்தை ச்   சேர்ந்த வர் தான்   என்பது   உங்களுக்கு த்   தெரி யு மா,22
2168,"ஆமாம், சமீபத்தில் தான் தெரிய வந்தது","ஆ மா ம்,   சமீப த்தில்   தான்   தெரிய   வந்த து",9
2169,தனது முதல் படத்திலேயே அவர் எவ்வளவு அற்புதமாக நடித்துள்ளார் என்று வியந்துபோனேன்,தனது   முதல்   பட த்தி லேயே   அவர்   எவ்வளவு   அ ற்பு த மாக   நடி த்து ள்ளா ர்   என்று   விய ந்து போ னே ன்,21
2170,"இல்லை, தி காஷ்மீர் ஃபைல்ஸ் சும்ப்லியின் முதல் படம் இல்லை","இல்லை ,   தி   காஷ்மீ ர்   ஃ பை ல் ஸ்   சு ம் ப் லி யின்   முதல்   படம்   இல்லை",17
2171,"அதற்கு முன்பு, 2020இல் வெளிவந்த சபாக் திரைப்படத்தில் அவர் ஒரு சிறிய வேடத்தில் நடித்திருந்தார்","அதற்கு   முன்பு ,   20 20 இல்   வெளி வந்த   ச பாக்   திரைப்படத்தில்   அவர்   ஒரு   சிறிய   வே ட த்தில்   நடி த்திரு ந்தா ர்",21
2172,"அப்படியா, என்னவாக நடித்திருந்தார்","அ ப்படி யா ,   என்ன வாக   நடி த்திரு ந்தா ர்",10
2173,மாலதியின் முகத்தில் ஆசிட் வீசும் பஷீர் கானின் சகோதரியாக நடித்திருந்தார்,மா ல தி யின்   முக த்தில்   ஆ சி ட்   வீ சு ம்   ப ஷீ ர்   கா னின்   சகோ தரி யாக   நடி த்திரு ந்தா ர்,24
2174,"அப்படியா, இதுதான் அவருடைய முதல் படம் என்று நினைத்தேன்","அ ப்படி யா ,   இது தான்   அவருடைய   முதல்   படம்   என்று   நினை த்தே ன்",13
2175,கிளைமாக்ஸ் ஷூட்டிங்கின் போது சும்ப்லி மிகவும் உணர்ச்சிவசப் பட்டுவிட்டார் என்று கேள்விப்பட்டேன்,கிளை மா க்ஸ்   ஷூ ட்டி ங்கின்   போது   சு ம் ப் லி   மிகவும்   உணர் ச்சி வச ப்   பட்டு விட்டா ர்   என்று   கேள்வி ப்ப ட் டே ன்,25
2176,"ஆமாம், அந்த சீன் மிகவும் கொடுரமானது, உண்மைச் சம்பவங்களின் அடிப்படையிலானது என்பதால் அதைப் பார்ப்பதே கஷ்டம்தான், நடிப்பது இன்னும் கஷ்டமாக இருந்திருக்கும்","ஆ மா ம்,   அந்த   சீ ன்   மிகவும்   கொடு ர மான து,   உண்மை ச்   சம்ப வ ங்களின்   அடிப்படை யிலான து   என்ப தால்   அதை ப்   பார் ப்ப தே   க ஷ் டம் தான் ,   நடி ப்பது   இன்னும்   க ஷ் ட மாக   இரு ந்திரு க்கும்",41
2177,அனுபம் கேரும் காஷ்மீரி பண்டிட் சமூகத்தைச் சேர்ந்தவர்தான் என்று உங்களுக்குத் தெரியுமா,அனுப ம்   கே ரும்   காஷ்மீ ரி   பண்டி ட்   சமூக த்தை ச்   சேர்ந்த வர் தான்   என்று   உங்களுக்கு த்   தெரி யு மா,20
2178,"தெரியும், அவருடைய தாய் வழியில்","தெரி யும்,   அவருடைய   தாய்   வழி யில்",6
2179,அவருடைய கதாபாத்திரத்தின் பெயர் புஷ்கர் நாத் பண்டிட் என்பது அவருடைய தந்தையின் பெயர்,அவருடைய   கதாபாத்திர த்தின்   பெயர்   பு ஷ் கர்   நாத்   பண்டி ட்   என்பது   அவருடைய   தந்தை யின்   பெயர்,15
2180,"அவர் ஒரு இயல்பான நடிகர், அவருடைய நடிப்பு மிகவும் இயல்பாக இருக்கும்","அவர்   ஒரு   இ யல் பான   நடி க ர்,   அவருடைய   நடி ப்பு   மிகவும்   இ யல் பாக   இருக்கும்",16
2181,"ஆமாம், தோகா, எ வெட்நெஸ்டே, கர்மா மாதிரியான அவருடைய படங்களைப் பார்க்க வேண்டும்","ஆ மா ம்,   தோ கா ,   எ   வெ ட் நெ ஸ் டே ,   கர் மா   மாதிரி யான   அவருடைய   பட ங்களை ப்   பார்க்க   வேண்டும்",23
2182,திறமையான நடிகர்கள் மிகவும் தத்ரூபமாக நடித்திருப்பார்கள்,திற மையான   நடி க ர்கள்   மிகவும்   த த் ரூ ப மாக   நடி த்திரு ப்பா ர்கள்,15
2183,டிஜிபி ஹரி நாராயணாக புனீத் இஸ்ஸார் நன்றாக நடித்திருந்தார்,டி ஜி பி   ஹரி   நாராய ணா க   பு னீ த்   இஸ் ஸா ர்   ந ன்றா க   நடி த்திரு ந்தா ர்,20
2184,அவர் பி,அவர்   பி,2
2185,ஆர்,ஆர்,1
2186,சோப்ராவின் மகாபாரதத்தில் துரியோதனனாக நடித்தார் இல்லையா,சோ ப்ரா வின்   மகா பாரத த்தில்   து ரி யோ தன னாக   நடி த்தா ர்   இல்லை யா,16
2187,"ஆமாம், ஐஏஎஸ் ஆஃபீசராக நடித்த மிதுன் சக்ரவர்த்தியைப் பற்றியும் சொல்ல வேண்டும்","ஆ மா ம்,   ஐ ஏ எஸ்   ஆ ஃ பீ ச ராக   நடித்த   மி து ன்   ச க் ர வர் த்தி யை ப்   பற்றி யும்   சொ ல்ல   வேண்டும்",27
2188,புதிய நடிகர்களாகிய அமான் இக்பாலும் தர்ஷன் குமாரும் கூட நன்றாகவே நடித்திருந்தார்கள்,புதிய   நடி கர் களா கிய   அ மான்   இ க் பா லும்   தர் ஷன்   குமா ரும்   கூட   ந ன்றா க வே   நடி த்திரு ந்தா ர்கள்,24
2189,கைதேர்ந்த நடிகர்கள் எனும்போது எனக்கு லட்சுமி தத்தாக நடித்த மிருணாள் குல்கர்னியின் நினைவு வந்தது,கை தேர் ந்த   நடி க ர்கள்   எனும் போது   என க்கு   ல ட்சு மி   த த்தா க   நடித்த   மி ரு ணா ள்   கு ல் கர் னி யின்   நினைவு   வந்த து,29
2190,சோன் பரியில் அவரை எனக்கு ரொம்பப் பிடிக்கும்,சோ ன்   பரி யில்   அவரை   என க்கு   ரொ ம்ப ப்   பிடி க்கும்,12
2191,பல்லவி ஜோஷியின் நடிப்பும் ரொம்பப் பாலிஷ்டாக இருந்தது,ப ல்ல வி   ஜோ ஷி யின்   நடி ப்பு ம்   ரொ ம்ப ப்   பாலி ஷ் டா க   இருந்த து,18
2192,"படத்தைப் பார்த்த அனைவரும், அவருடைய அற்புதமான நடிப்பின் காரணமாக ப்ரொஃபசர் ராதிகா மேனனை அனைவரும் வெறுக்கிறார்கள்","பட த்தை ப்   பார் த்த   அனை வரு ம்,   அவருடைய   அ ற்பு தமான   நடி ப்பின்   காரணமாக   ப் ரொஃ ப சர்   ரா தி கா   மே ன னை   அனை வரும்   வெ று க்கிறா ர்கள்",31
2193,"நெகடிவ் கதாபாத்திரங்களை நடிப்பது அவ்வளவு எளிதல்ல, ஆனாலும் பல்லவி ஜோஷி அற்புதமாக நடித்திருக்கிறார்","நெ கடி வ்   கதாபாத்திர ங்களை   நடி ப்பது   அவ் வளவு   எளி த ல்ல ,   ஆ னா லும்   ப ல்ல வி   ஜோ ஷி   அ ற்பு த மாக   நடி த்திரு க்கிறா ர்",29
2194,அவர் திரையில் கொஞ்ச நேரமே வந்தாலும் அவருடைய நடிப்பு பெரிய தாக்கத்தை ஏற்படுத்துகிறது,அவர்   திரை யில்   கொ ஞ்ச   நேர மே   வ ந்தா லும்   அவருடைய   நடி ப்பு   பெரிய   தா க்கத்தை   ஏற்படுத்து கிறது,18
2195,ஒவ்வொரு நடிகரும் அவருடைய கதாபாத்திரத்தில் அற்புதமாக நடித்துள்ளார்,ஒவ்வொரு   நடி க ரும்   அவருடைய   கதாபாத்திர த்தில்   அ ற்பு த மாக   நடி த்து ள்ளா ர்,15
2196,"வணக்கம் ஜென்டில்மேன், ஆர்டிஸ்ட்ஸ் கேலரியாவிற்கு உங்களை வரவேற்கிறேன்","வண க்கம்   ஜெ ன் டி ல் மே ன்,   ஆர் டி ஸ்ட் ஸ்   கே ல ரியா விற்கு   உங்களை   வர வே ற் கி றே ன்",23
2197,"நன்றி, உங்களைச் சந்திப்பதில் மகிழ்ச்சி","ந ன்றி ,   உங்களை ச்   சந்தி ப்பதில்   மகிழ்ச்சி",8
2198,உங்களுக்கு ஏதாவது உதவி வேண்டுமா,உங்களுக்கு   ஏ தாவது   உதவி   வேண்டு மா,6
2199,ஆமாம்,ஆ மா ம்,3
2200,"சார், கலையில் பல விதங்கள் உண்டு என்று சொல்லலாம்","சா ர்,   கலை யில்   பல   வி தங்கள்   உ ண்டு   என்று   சொ ல்ல லாம்",13
2201,கலையின் பல்வேறு வடிவங்கள் என்னென்ன,கலை யின்   பல்வேறு   வடிவ ங்கள்   என் னெ ன்ன,8
2202,கலையின் ஏழு விதமான வடிவங்கள் உள்ளன,கலை யின்   ஏழு   வித மான   வடிவ ங்கள்   உள்ளன,8
2203,"சித்திரம் வரைதல், சிற்பக்கலை, இலக்கியம், கட்டிக்கலை, திரைப்படம், இசை, நாடகம்","சி த்தி ரம்   வரை தல்,   சிற்ப க்கலை ,   இலக்கிய ம்,   கட்டி க்கலை ,   திரைப்பட ம்,   இசை ,   நா ட கம்",20
2204,"ஓ, அருமை","ஓ ,   அரு மை",4
2205,கலை என்று நினைத்தாலே நமக்கு முதலில் நினைவுக்கு வருவது சித்திரக் கலை தான்,கலை   என்று   நினை த்தா லே   ந ம க்கு   முதலில்   நினை வுக்கு   வரு வது   சி த்திர க்   கலை   தான்,18
2206,சித்திரக் கலையின் முக்கியப் பண்புகள் என்னென்ன,சி த்திர க்   கலை யின்   முக்கிய ப்   பண் பு கள்   என் னெ ன்ன,13
2207,சித்திரக் கலை என்பது உங்கள் கலை உணர்வை பெயிண்டுகளின் மூலம் வெளிப்படுத்தும் ஒரு முறை,சி த்திர க்   கலை   என்பது   உங்கள்   கலை   உணர் வை   பெ யி ண்டு களின்   மூலம்   வெளி ப்படுத்தும்   ஒரு   முறை,18
2208,"பிரஷிங், ஸ்மியரிங், டாபிங், ஸ்ப்லாஷிங் போன்ற பல்வேறு வழிகளில் பெயின்டைப் பயன்படுத்தலாம்","பிர ஷி ங்,   ஸ் மிய ரி ங்,   டா பி ங்,   ஸ் ப் லா ஷி ங்   போன்ற   பல்வேறு   வழி களில்   பெ யின் டை ப்   பயன்படுத்த லாம்",25
2209,பல்வேறு பெயிண்டிங் ஸ்டைல்கள் என்னென்ன,பல்வேறு   பெ யி ண்டி ங்   ஸ் டை ல் கள்   என் னெ ன்ன,12
2210,"மார்டனிஸ்ட், எக்ஸ்ப்ரஷனிஸ்ட், கிளாசிக்கல், சர்ரியல், கியூபிஸ்ட், சைனீஸ் ஸ்டைல், அப்ஸ்ட்ராக்ட், இம்ப்ரெஷனிஸ்ட் போன்ற இன்னும் பல ஸ்டைல்கள் உள்ளன","மார் ட னி ஸ்ட் ,   எ க்ஸ் ப்ர ஷ னி ஸ்ட் ,   கி ளா சிக்க ல்,   சர் ரிய ல்,   கி யூ பி ஸ்ட் ,   சை னீ ஸ்   ஸ் டை ல்,   அ ப் ஸ்ட் ரா க் ட்,   இம் ப் ரெ ஷ னி ஸ்ட்   போன்ற   இன்னும்   பல   ஸ் டை ல் கள்   உள்ளன",50
2211,"சரி, சிற்பக்கலை பற்றி சொல்லுங்கள்","சரி ,   சிற்ப க்கலை   பற்றி   சொல் லு ங்கள்",8
2212,"சிற்பக்கலை மிகவும் பழமையான விஷுவல் ஆர்ட், வரலாற்றுக்கு முந்தைய காலகட்டத்தைச் சேர்ந்தது","சிற்ப க்கலை   மிகவும்   பழ மையான   வி ஷு வல்   ஆர் ட்,   வரலாற்று க்கு   முந்தைய   காலகட்ட த்தை ச்   சேர்ந்த து",18
2213,"களிமண், கல், செராமிக், உலோகங்கள் அல்லது மரம் போன்ற பாரம்பரியமான பொருட்களைப் பயன்படுத்தி உருவாக்கப்படும் முப்பரிமாண விஷுவல் காட்சிதான் சிற்பம்","களி மண் ,   க ல்,   செ ரா மி க்,   உ லோ க ங்கள்   அல்லது   ம ரம்   போன்ற   பாரம்பரிய மான   பொருட்களை ப்   ப யன்படுத்தி   உருவா க்கப்படும்   மு ப்பரி மாண   வி ஷு வல்   காட்சி தான்   சிற்ப ம்",35
2214,மிகவும் பிரபலமான பழங்காலச் சிற்பிகள் யார்,மிகவும்   பிரபலமான   பழ ங் கால ச்   சி ற் பி கள்   யார்,11
2215,"மைக்கெலாஞ்சலோ, மைரன் ஆகிய இருவரும் புகழ்பெற்ற சிற்பிகள்","மை க்கெ லா ஞ்ச லோ ,   மை ரன்   ஆகிய   இரு வரும்   புகழ்பெற்ற   சி ற் பி கள்",16
2216,இலக்கியம் தானே மூன்றாவது,இலக்கிய ம்   தா னே   மூன்றாவது,5
2217,"ஆமாம், சார்","ஆ மா ம்,   சார்",4
2218,ஒவ்வொரு கலை வடிவமும் ஒரு கதையைச் சொல்லும்,ஒவ்வொரு   கலை   வடிவ மும்   ஒரு   கதை யை ச்   சொல் லும்,10
2219,"ஆனால், இலக்கியம் என்பது வாசிக்கக்கூடிய பேசக்கூடிய ஒரு வகையான மொழிக்கலை","ஆ னால்,   இலக்கிய ம்   என்பது   வாசி க்கக்கூடிய   பேச க்கூடிய   ஒரு   வகையான   மொழி க்கலை",13
2220,"சரியாகச் சொன்னீர்கள், கட்டிடக்கலை என்பது வேறு விதமான கலை வடிவம், கட்டமைப்புகளை உருவாக்கும் கலை","சரி யாக ச்   சொ ன் னீ ர்கள்,   கட்டிடக்கலை   என்பது   வேறு   வித மான   கலை   வடிவ ம்,   கட்ட மைப்பு களை   உருவா க்கும்   கலை",21
2221,நான் சொல்வது சரியா,நான்   சொல் வது   சரி யா,5
2222,"நிச்சயமாக சார், கிரேட் பிரமிடுகள், ரோமில் உள்ள கொலோசியம், தாஜ் மஹால், ஹாக்கியா ஸோஃபியா, ஸ்டோன்ஹெஞ்ச் ஆகியவை பழங்கால கட்டிடக்கலை அதிசயங்களின் உதாரணங்கள்","நி ச்ச யமாக   சா ர்,   கிரே ட்   பிர மி டு கள்,   ரோ மில்   உள்ள   கொ லோ சிய ம்,   தா ஜ்   மஹா ல்,   ஹாக்கி யா   ஸோஃ பி யா ,   ஸ் டோ ன் ஹெ ஞ் ச்   ஆகியவை   பழ ங் கால   கட்டிடக்கலை   அதி ச ய ங்களின்   உதாரண ங்கள்",45
2223,"இன்னும் என்ன இருக்கிறது, சினிமா, இசை அல்லவா","இன்னும்   என்ன   இருக்கிற து,   சி னி மா ,   இசை   அல்ல வா",11
2224,ஒரு நூற்றாண்டுக்கு முன்னதாக உருவாக்கப்பட்ட சினிமா தான் ஏழு கலை வடிவங்களில் சமீபத்தியது,ஒரு   நூற்றாண்டு க்கு   முன்ன தாக   உருவாக்கப்பட்ட   சி னி மா   தான்   ஏழு   கலை   வடிவ ங்களில்   சமீப த்திய து,17
2225,முப்பரிமாண உலகத்தின் இரு பரிமாணப் பிரதிபலிப்பு சினிமா,மு ப்பரி மாண   உலக த்தின்   இரு   பரி மாண ப்   பிரதி ப லி ப்பு   சி னி மா,16
2226,"இந்தக் கலையில் நமது கேட்டல், பார்க்கும் திறன்கள் இரண்டும் பயன்படுத்தப்படுகின்றன","இந்த க்   கலை யில்   ந மது   கே ட்ட ல்,   பார் க்கும்   திறன் கள்   இரண்டு ம்   பயன்படுத்த ப்படு கின்றன",18
2227,"மெலடி, ஹார்மனி, ரிதம், டிம்பர் ஆகியவற்றைப் பயன்படுத்தி கேட்கக்கூடிய ஒலிகளையும் அதிர்வுகளையும் மெட்டாக அமைக்கும் திறனே இசை என்று சொல்லலாம்","மெ ல டி ,   ஹா ர் மனி ,   ரி த ம்,   டி ம்பர்   ஆகியவற்றை ப்   ப யன்படுத்தி   கேட் க க்கூடிய   ஒலி களையும்   அதி ர் வு களையும்   மெ ட்டாக   அமை க்கும்   திற னே   இசை   என்று   சொ ல்ல லாம்",37
2228,"சரி, கடைசி கலை வடிவத்தைப் பற்றிச் சொல்லுங்கள்","சரி ,   கடைசி   கலை   வடிவ த்தை ப்   பற்றி ச்   சொல் லு ங்கள்",12
2229,விஷுவல் மற்றும் நடிப்புக் கூறுகளை ஒரு கலைஞர் இணைத்து வழங்கும் கலை நாடகக் கலை,வி ஷு வல்   மற்றும்   நடி ப்பு க்   கூறு களை   ஒரு   கலை ஞர்   இணை த்து   வழங்கு ம்   கலை   நாடக க்   கலை,20
2230,பண்டைய கிரேக்கர்கள் இதை கி,பண்டைய   கிரேக்க ர்கள்   இதை   கி,5
2231,மு,மு,1
2232,6 ஆம் நூற்றாண்டில் உருவாக்கிய பிறகிருந்து இது நமது நாகரிகங்களில் ஒரு அங்கமாகத் திகழ்கிறது,6   ஆம்   நூற்றா ண்டி ல்   உருவாக்கிய   பிற கி ருந்து   இது   ந மது   நா கரி க ங்களில்   ஒரு   அ ங்க மாக த்   தி கழ் கிறது,24
2233,அருமை,அரு மை,2
2234,"சார், எங்கள் கேலரியைச் சுற்றிப் பார்த்துவிட்டு உங்கள் மேலான கருத்துகளைக் கருத்துப் பெட்டியில் வழங்குங்கள்","சா ர்,   எ ங்கள்   கே ல ரி யை ச்   சு ற்றி ப்   பார் த்து விட்டு   உங்கள்   மே லான   கருத்து களை க்   கருத்து ப்   பெ ட்டி யில்   வழங்கு ங்கள்",28
2235,"நிச்சயமாக வழங்குகிறேன், நன்றி","நி ச்ச யமாக   வழங்கு கி றே ன்,   ந ன்றி",9
2236,"ஹாய் நமன், நான் ராகுல் பேசுகிறேன்","ஹா ய்   ந ம ன்,   நான்   ரா கு ல்   பேசு கி றே ன்",13
2237,எப்படி இருக்கிறாய்,எப்படி   இரு க்கிறா ய்,4
2238,"ஹாய் ராகுல், நீ அழைத்ததில் மகிழ்ச்சி","ஹா ய்   ரா கு ல்,   நீ   அழை த்த தில்   மகிழ்ச்சி",10
2239,நான் இப்போதெல்லாம் கொஞ்சம் பிசியாகத்தான் இருக்கிறேன்,நான்   இ ப்போ தெ ல் லாம்   கொ ஞ்ச ம்   பி சி யாக த்தா ன்   இரு க்கி றே ன்,18
2240,என்னுடைய புராஜெக்ட்டுக்காக இந்தியாவில் இருக்கும் புகழ்பெற்ற மியூசிம்களைப் பற்றி நான் ரிசர்ச் செய்துகொண்டு இருக்கிறேன்,என் னு டைய   புரா ஜெ க் ட்டு க்காக   இந்தியாவில்   இருக்கும்   புகழ்பெற்ற   மி யூ சிம் களை ப்   பற்றி   நான்   ரி சர் ச்   செய்து கொண்டு   இரு க்கி றே ன்,27
2241,வாவ்,வா வ்,2
2242,அற்புதம்,அ ற்பு தம்,3
2243,புராஜெக்ட் எப்படிப் போய்க்கொண்டு இருக்கிறது,புரா ஜெ க் ட்   எப்படி ப்   போ ய் க்கொண்டு   இருக்கிற து,11
2244,இந்தியாவில் நிறைய மியூசியம்கள் இருக்கின்றன,இந்தியாவில்   நிறை ய   மி யூ சிய ம் கள்   இரு க்கின்ற ன,11
2245,"ஆனால், நான் மிகவும் பிரபலமானவற்றைப் பற்றி மட்டுமே ஆராய்ச்சி செய்யப் போகிறேன்","ஆ னால்,   நான்   மிகவும்   பிரபலமான வற்றை ப்   பற்றி   மட்டுமே   ஆராய்ச்சி   செய்ய ப்   போ கி றே ன்",16
2246,நீ இப்போதும் அந்த டூரிஸ்ட் நிறுவனத்தில் வேலை செய்கிறாயா,நீ   இப்போது ம்   அந்த   டூ ரி ஸ்ட்   நிறுவன த்தில்   வேலை   செய் கிறா யா,13
2247,"ஆமாம், நான் இப்போதும் யாத்ரா டிராவல் அண்ட் டூர்ஸ் நிறுவனத்தில் வேலை செய்கிறேன்","ஆ மா ம்,   நான்   இப்போது ம்   யா த்ரா   டி ரா வல்   அ ண்ட்   டூ ர் ஸ்   நிறுவன த்தில்   வேலை   செய் கி றே ன்",23
2248,"நல்லது, எனக்கு உன் உதவி கொஞ்சம் தேவை","நல்ல து,   என க்கு   உ ன்   உதவி   கொ ஞ்ச ம்   தேவை",11
2249,"சரி, நீ இந்தியாவின் மூன்று மிகவும் பிரபலமான மியூசியம்களை உன் ஆய்வில் சேர்த்துக்கொள்ளலாம் என்று நினைக்கிறேன்","சரி ,   நீ   இந்தியாவின்   மூன்று   மிகவும்   பிரபலமான   மி யூ சிய ம் களை   உ ன்   ஆய் வில்   சேர் த்துக்கொள்ள லாம்   என்று   நினை க்கி றே ன்",24
2250,"நேஷனல் மியூசியம் தில்லி, இண்டியன் மியூசியம் கொல்கத்தா, கவர்மெண்ட் மியூசியம் சென்னை","நே ஷ னல்   மி யூ சிய ம்   தில்லி ,   இ ண்டி யன்   மி யூ சிய ம்   கொல்கத்தா ,   க வர் மெ ண்ட்   மி யூ சிய ம்   சென்னை",27
2251,நல்லது,நல்ல து,2
2252,இந்த மூன்றும் ஏன் முக்கியமானவை என்று சொல்கிறாய்,இந்த   மூன்று ம்   ஏ ன்   முக்கியமான வை   என்று   சொல் கிறா ய்,11
2253,நேஷனல் மியூசியமில் அற்புதமான பண்டைய காலத்தின் பல்வேறு பொருட்கள் காட்சிக்கு வைக்கப்பட்டுள்ளன,நே ஷ னல்   மி யூ சிய மில்   அ ற்பு தமான   பண்டைய   கால த்தின்   பல்வேறு   பொருட்கள்   காட்சி க்கு   வை க்கப்பட்டுள்ள ன,20
2254,உயிரோட்டமான தில்லி நகரில் ஜன்பத் தெருமுனையில் 1949இல் இது கட்டப்பட்டது,உயி ரோ ட்ட மான   தில்லி   நகரில்   ஜ ன்ப த்   தெ ரு முனை யில்   194 9இல்   இது   கட்டப்பட்ட து,18
2255,இங்கே என்னவெல்லாம் பார்க்கலாம்,இ ங்கே   என்ன வெ ல் லாம்   பார்க்க லாம்,8
2256,"நகைகள், பெயிண்டிங்குகள், போர்க் கவசங்கள், அலங்காரக் கலைப் பொருட்கள், கையெழுத்துப் பிரதிகள் போன்றவற்றின் தொகுப்புகள் இங்கே உள்ளன","நகை கள்,   பெ யி ண்டி ங்கு கள்,   போர் க்   கவ ச ங்கள்,   அல ங்கா ர க்   கலை ப்   பொருட் கள்,   கை யெ ழு த்து ப்   பிரதி கள்   போன்ற வ ற்றின்   தொகு ப்புகள்   இ ங்கே   உள்ளன",35
2257,இண்டியன் மியூசியமில் என்னென்ன பார்க்கலாம்,இ ண்டி யன்   மி யூ சிய மில்   என் னெ ன்ன   பார்க்க லாம்,12
2258,"இங்கு ஆறு பிரிவுகள் உள்ளன, இதில் அகழ்வாராய்ச்சி, நிலவியல், பொருளாதார அழகு மற்றும் கலை ஆகிய துறைகளில் கலை மற்றும் அறிவியல் கலைப் பொருட்களைக் காட்சிப்படுத்தும் ஐந்து கேலரிகள் உள்ளன","இங்கு   ஆறு   பிரி வுகள்   உள்ளன,   இதில்   அ கழ் வா ராய் ச்சி ,   நில விய ல்,   பொருளாதார   அழ கு   மற்றும்   கலை   ஆகிய   துறை களில்   கலை   மற்றும்   அறிவி யல்   கலை ப்   பொருட்களை க்   காட்சி ப்படுத்தும்   ஐந்து   கே ல ரி கள்   உள்ளன",39
2259,"அருமை, இது உலகிலேயே மிகவும் பழமையான மியூசியம் அல்லவா","அரு மை ,   இது   உல கி லேயே   மிகவும்   பழ மையான   மி யூ சிய ம்   அல்ல வா",16
2260,"ஆமாம், இது 1814இல் கல்கத்தாவில் ஏஷியாடிக் சொசைட்டி ஆஃப் பெங்கால் அமைப்பால் நிறுவப்பட்டது","ஆ மா ம்,   இது   18 14 இல்   கல் க த்தா வில்   ஏ ஷி யா டி க்   சொ சை ட்டி   ஆஃப்   பெ ங்கா ல்   அமை ப்பால்   நிறுவ ப்பட்ட து",28
2261,"சுவாரசியமான விஷயம்தான், கவர்மெண்ட் மியூசியம் ஏன் அவ்வளவு பிரபலமாக உள்ளது","சு வார சிய மான   விஷ யம் தான் ,   க வர் மெ ண்ட்   மி யூ சிய ம்   ஏ ன்   அவ் வளவு   பிரபலமாக   உள்ள து",23
2262,"நிலவியல், விலங்கியல், மானிடவியல், தாவரவியல் ஆகிய துறைகளின் பல்வேறு பொருட்கள் கவர்மெண்ட் மியூசியத்தில் காட்சிக்கு வைக்கப்பட்டுள்ளன","நில விய ல்,   வில ங்கிய ல்,   மானி ட விய ல்,   தாவர வியல்   ஆகிய   துறை களின்   பல்வேறு   பொருட்கள்   க வர் மெ ண்ட்   மி யூ சிய த்தில்   காட்சி க்கு   வை க்கப்பட்டுள்ள ன",30
2263,1851இல் பிரிட்டிஷ் அரசால் நிறுவப்பட்ட இந்த மியூசியம் கலை மற்றும் வரலாற்றில் ஆர்வமுள்ளவர்களுக்கான சிறந்த இடம்,18 5 1இல்   பிரிட்டிஷ்   அரசா ல்   நிறுவ ப்பட்ட   இந்த   மி யூ சிய ம்   கலை   மற்றும்   வரலா ற்றில்   ஆர்வ முள்ள வர் களுக்கான   சிறந்த   இடம்,23
2264,வேறு ஏதாவது சந்தேகங்கள் உள்ளனவா,வேறு   ஏ தாவது   சந்தே க ங்கள்   உள்ளன வா,8
2265,"இல்லை, இவ்வளவு தகவல் சொன்னதற்கு நன்றி","இல்லை ,   இவ் வளவு   தகவல்   சொ ன்ன தற்கு   ந ன்றி",10
2266,நான் குறித்து வைத்துக் கொள்கிறேன்,நான்   குறித்து   வைத்து க்   கொள் கி றே ன்,8
2267,நல்லது,நல்ல து,2
2268,லிட்ரரி எய்டு அசோசியேஷனுக்கு வருகை தந்ததற்கு நன்றி,லி ட் ர ரி   எ ய் டு   அசோ சி யே ஷ னுக்கு   வருகை   த ந்த தற்கு   ந ன்றி,18
2269,உங்களுக்கு என்ன உதவி வேண்டும்,உங்களுக்கு   என்ன   உதவி   வேண்டும்,4
2270,ரொம்ப நன்றி,ரொ ம்ப   ந ன்றி,4
2271,இந்தியாவில் இலக்கியக் கலை பற்றி நான் சில விஷயங்களைத் தெரிந்துகொள்ள விரும்புகிறேன்,இந்தியாவில்   இலக்கிய க்   கலை   பற்றி   நான்   சில   விஷய ங்களை த்   தெரி ந்துகொள்ள   விரும்பு கி றே ன்,16
2272,"ஓகே, எனக்குத் தெரிந்ததை, புரிந்ததை நான் உங்களுக்குச் சொல்கிறேன்","ஓ கே ,   என க்கு த்   தெரி ந்த தை ,   புரி ந்த தை   நான்   உங்களுக்கு ச்   சொல் கி றே ன்",20
2273,இலக்கியக் கலை என்றால் என்ன,இலக்கிய க்   கலை   என்றால்   என்ன,5
2274,"ஸ்டைல், தீம், கதாபாத்திரங்கள், கதைப்போக்கு மாதிரியான விஷயங்களில் அழகியலைக் கொண்டுள்ள இலக்கியப் படைப்புகளை இலக்கியக் கலை என்று கூறுகிறோம்","ஸ் டை ல்,   தீ ம்,   கதாபாத்திர ங்கள்,   கதை ப்போக்கு   மாதிரி யான   விஷய ங்களில்   அழ கிய லை க்   கொண்டு ள்ள   இலக்கிய ப்   படை ப்புகளை   இலக்கிய க்   கலை   என்று   கூறு கி றோ ம்",31
2275,"பாடல் கவிதைகள், நாடகங்கள், சிறுகதைகள், புதினங்கள் இவற்றின் உதாரணங்கள்","பாடல்   கவி தை கள்,   நாடக ங்கள்,   சிறு கதை கள்,   பு தின ங்கள்   இவ ற்றின்   உதாரண ங்கள்",16
2276,இலக்கியக்கலையின் முக்கியத்துவம் என்ன,இலக்கிய க்கலை யின்   முக்கியத்துவம்   என்ன,5
2277,வார்த்தைகளால் வெளிப்படுத்த முடியாத எந்தவொரு அறிதலையும் பரிமாறிக்கொள்ள இது உதவுகிறது,வார்த்தை களால்   வெளி ப்படுத்த   முடியாத   எந்த வொரு   அறி தலை யும்   பரி மாறி க்கொள்ள   இது   உத வு கிறது,17
2278,"நமது உணர்வுகளை, யோசனைகளை, அனுபவங்களை, நம் மனதில் தோன்றும் வேறு எதையும் வெளிப்படுத்த எழுதுவதன் மூலம் ஒரு வடிகால் தேடுகிறோம்","ந மது   உணர் வுகளை ,   யோ சனை களை ,   அனுப வ ங்களை ,   ந ம்   மன தில்   தோன்று ம்   வேறு   எ தை யும்   வெளி ப்படுத்த   எழு து வ தன்   மூலம்   ஒரு   வடி கால்   தே டு கி றோ ம்",38
2279,"சரி, இந்தியாவின் ஆரம்பகால இலக்கியம் எது","சரி ,   இந்தியாவின்   ஆரம்பகால   இலக்கிய ம்   எது",7
2280,தெரிந்த வரையில் வேதங்களே இந்தியாவின் மிகப் பழமையான இலக்கியங்களாகும்,தெரி ந்த   வரை யில்   வே தங்க ளே   இந்தியாவின்   மிக ப்   பழ மையான   இலக்கிய ங்களா கும்,15
2281,அவை சம்ஸ்கிருதத்தில் எழுதப்பட்டு தலைமுறை தலைமுறையாக வாய்வழியாகப் பரப்பபட்டது,அவை   சம் ஸ் கிரு த த்தில்   எழுத ப்பட்டு   தலை முறை   தலை முறையாக   வாய் வழியாக ப்   பரப்ப பட்ட து,18
2282,இந்தியாவில் என்னென்ன வகையான இலக்கியக் கலைகள் உள்ளன,இந்தியாவில்   என் னெ ன்ன   வகையான   இலக்கிய க்   கலை கள்   உள்ளன,10
2283,"இயல், இசை (கவிதை), நாடகம் ஆகியவை இலக்கியக்கலையின் மூன்று வகைகள்","இய ல்,   இசை   ( கவி தை ),   நா ட கம்   ஆகியவை   இலக்கிய க்கலை யின்   மூன்று   வகை கள்",17
2284,இயல் என்பது கணிக்கக்கூடிய பாணியிலான உரையாடலும் வடிவமும் கொண்ட இலக்கிய வகையாகும்,இ யல்   என்பது   கணி க்கக்கூடிய   பாணி யிலான   உரை யா ட லும்   வடிவ மும்   கொண்ட   இலக்கிய   வகை யா கும்,18
2285,"யாப்புமுறையான கதை, புனைக்கதையாகவும், புதினமல்லாத படைப்பாகவும் இருக்கலாம், பலவகையான தலைப்புகளில் எழுதப்பட்டிருக்கலாம்","யா ப்பு முறை யான   கதை ,   பு னை க்கதை யாக வும்,   பு தின மல்லா த   படை ப்பாக வும்   இருக்க லாம்,   பல வகையான   தலை ப்பு களில்   எழுத ப்பட்டி ருக்க லாம்",29
2286,"இதற்கு மாறாக, கவிதை என்பது ஒரு ஆற்றல்மிக்க உணர்வை அல்லது கருத்தை சந்தம், தாளம் போன்ற பிற நுட்பங்களின் மூலம் வெளிப்படுத்தும் ஒரு இலக்கியப் படைப்பாகும்","இதற்கு   மா றாக ,   கவி தை   என்பது   ஒரு   ஆ ற்ற ல் மிக்க   உணர் வை   அல்லது   கரு த்தை   ச ந்த ம்,   தா ளம்   போன்ற   பிற   நுட்ப ங்களின்   மூலம்   வெளி ப்படுத்தும்   ஒரு   இலக்கிய ப்   படை ப்பா கும்",35
2287,இந்தியாவின் முதல் இலக்கிய மொழி எது,இந்தியாவின்   முதல்   இலக்கிய   மொழி   எது,5
2288,உலகின் மிகப் பழமையான மொழி சமஸ்கிருதம்,உலகின்   மிக ப்   பழ மையான   மொழி   சமஸ் கிரு தம்,9
2289,இதைப் பற்றி கொஞ்சம் விரிவாகச் சொல்ல முடியுமா,இதை ப்   பற்றி   கொ ஞ்ச ம்   விரி வாக ச்   சொ ல்ல   முடி யு மா,14
2290,"நிச்சயமாக, ஸ்ருதி பரம்பரைக் காலத்தில் இருந்து சம்ஸ்கிருத இலக்கியம் வாய்ச்சொல்லாக வழிவழியாகப் பரப்பப்பட்டு வருகிறது","நி ச்ச யமாக ,   ஸ் ரு தி   ப ரம்ப ரை க்   காலத்தில்   இருந்து   சம் ஸ் கிரு த   இலக்கிய ம்   வாய் ச் சொல் லாக   வழி வழியாக ப்   பரப்ப ப்பட்டு   வரு கிறது",30
2291,அதில் உள்ள பெரும்பாலான படைப்புகள் செய்யுள்களே,அதில்   உள்ள   பெரும்பாலான   படை ப்புகள்   செய் யு ள் க ளே,10
2292,"செய்யுள் வடிவத்திலான சமஸ்கிருதப் படைப்புகளில் மிகப் பழமையானது ரிக் வேதம், உலக இலக்கியத்தின் மிகப் பழமையான படைப்பு இது","செய் யு ள்   வடிவ த்தி லான   சமஸ் கிரு த ப்   படை ப்பு களில்   மிக ப்   பழ மையான து   ரி க்   வேத ம்,   உலக   இலக்கிய த்தின்   மிக ப்   பழ மையான   படை ப்பு   இது",32
2293,அருமை,அரு மை,2
2294,மிகவும் அற்புதமாக விளக்கம் கொடுத்தீர்கள்,மிகவும்   அ ற்பு த மாக   விள க்கம்   கொடு த்தீ ர்கள்,10
2295,நன்றி,ந ன்றி,2
2296,எப்போதும் உதவக் காத்திருக்கிறோம்,எப்போது ம்   உத வ க்   கா த்திரு க்கி றோ ம்,10
2297,நல்லது,நல்ல து,2
2298,பை,பை,1
2299,"ஹலோ, குதுப் மினாரின் பார்வை நேரம் பற்றி விசாரிக்க நான் கால் பண்ணியிருக்கிறேன்","ஹ லோ ,   கு து ப்   மி னா ரின்   பார்வை   நேரம்   பற்றி   வி சா ரிக்க   நான்   கால்   பண் ணி யிரு க்கி றே ன்",23
2300,"அந்த இடம் எல்லா நாளிலும் திறந்திருக்கும், காலை 7 மணியில் இருந்து சாயங்காலம் 5 மணி வரை நீங்கள் எப்போது வேண்டுமானாலும் பார்க்கலாம்","அந்த   இடம்   எல் லா   நா ளி லும்   திற ந்தி ருக்கு ம்,   கா லை   7   மணி யில்   இருந்து   சா ய ங் காலம்   5   மணி   வரை   நீங்கள்   எப்போது   வேண்டு மா னா லும்   பார்க்க லாம்",32
2301,பெரியவர்களுக்கான நுழைவுச் சீட்டு என்ன விலை,பெரிய வர் களுக்கான   நுழை வு ச்   சீ ட்டு   என்ன   விலை,10
2302,பெரியவர்களுக்கென்று தனி டிக்கெட் விலை கிடையாது,பெரிய வர் களு க்கெ ன்று   தனி   டி க்கெட்   விலை   கிடை யா து,12
2303,நீங்கள் இந்தியரா வெளிநாட்டுக்காரரா என்பதைப் பொறுத்துதான் இருக்கும்,நீங்கள்   இந்திய ரா   வெளி நாட்டு க்கார ரா   என்பதை ப்   பொறு த்து தான்   இருக்கும்,13
2304,"இந்தியர்களுக்கு 35 ரூபாய், வெளிநாட்டுக் காரர்களுக்கு 550 ரூபாய்","இந்தி யர் களுக்கு   35   ரூ பாய் ,   வெளி நாட்டு க்   கார ர் களுக்கு   5 50   ரூ பாய்",17
2305,"அப்படியா, நான் ஜாதவ்பூர் பல்கலைக்கழகத்தில் படிக்கிறேன்","அ ப்படி யா ,   நான்   ஜா த வ் பூர்   பல்கலைக்கழக த்தில்   படி க்கி றே ன்",15
2306,மாணவர்களுக்கான சலுகை ஏதாவது எனக்குக் கிடைக்குமா,மாண வர் களுக்கான   ச லுகை   ஏ தாவது   என க்கு க்   கிடை க்கு மா,13
2307,நானும் என் ஃபிரண்ட்ஸ் நான்கு பேரும் வரலாம் என்று இருக்கிறோம்,நா னும்   என்   ஃ பிர ண்ட் ஸ்   நான்கு   பே ரும்   வர லாம்   என்று   இரு க்கி றோ ம்,17
2308,மாணவர்களுக்கென்று தனிச் சலுகை எதுவும் கிடையாது,மாண வர் களு க்கெ ன்று   தனி ச்   ச லுகை   எதுவும்   கிடை யா து,13
2309,"ஆனால் நீங்கள் ஆன்லைனில் வாங்கினாலோ, கியூஆர் கோடு ஸ்கேன் செய்து பணம் கட்டினாலோ உங்களுக்குச் சலுகை கிடைக்கலாம்","ஆனால்   நீங்கள்   ஆன்லைனில்   வாங்கி னா லோ ,   கி யூ ஆர்   கோ டு   ஸ்கே ன்   செய்து   பணம்   கட்டி னா லோ   உங்களுக்கு ச்   ச லுகை   கிடை க்கலாம்",25
2310,"சரி, என்னுடைய நம்பரைக் குறித்துக்கொள்ளுங்கள்","சரி ,   என் னு டைய   நம்ப ரை க்   குறி த்துக்கொ ள்ளு ங்கள்",12
2311,"வாட்சாப்பில் அந்த வெப்சைட் லிங்க்கை உங்களால் அனுப்பி வைக்க முடியுமா, பிளீஸ்","வா ட் சா ப்பில்   அந்த   வெ ப் சை ட்   லி ங் க்கை   உங்களால்   அனுப்பி   வைக்க   முடி யு மா ,   பி ளீ ஸ்",22
2312,"கண்டிப்பாக, அனுப்புகிறேன்","க ண்டி ப்பாக ,   அனுப்பு கி றே ன்",8
2313,இதன் மூலமாக உங்களால் டிக்கெட்டை முன்கூட்டியே வாங்க முடியும்,இதன்   மூல மாக   உங்களால்   டி க்கெ ட்டை   முன் கூட்டி யே   வாங்க   முடியும்,12
2314,"சரி, எந்த சமயத்தில் வந்தால் கூட்டம் குறைவாக இருக்கும்","சரி ,   எந்த   சமய த்தில்   வ ந்தால்   கூட்ட ம்   குறைவாக   இருக்கும்",11
2315,நானும் என்னுடைய நண்பர்களும் ஒரு டாக்குமெண்டரி எடுக்க குதுப் மினார் வருகிறோம்,நா னும்   என் னு டைய   நண் பர் களும்   ஒரு   டா க்கு மெ ண்ட ரி   எடுக்க   கு து ப்   மி னார்   வரு கி றோ ம்,24
2316,"அதனால், கூட்டம் அதிகமில்லாத சமயமாக இருந்தால் நல்லா இருக்கும்","அத னால்,   கூட்ட ம்   அதிக மி ல்லாத   சமய மாக   இருந்தால்   ந ல்லா   இருக்கும்",13
2317,"அங்கே எப்போதுமே கும்பலாகத்தான் இருக்கும், குறிப்பாக நவம்பரில் இருந்து மார்ச் வரை நிறைய பேர் வருவார்கள்","அ ங்கே   எப்போது மே   கு ம்ப லாக த்தா ன்   இருக்கும்,   குறிப்பாக   நவ ம்ப ரில்   இருந்து   மார்ச்   வரை   நிறை ய   பேர்   வரு வா ர்கள்",23
2318,"கோவிட் வந்ததில் இருந்து கூட்டம் கொஞ்சம் குறைந்துவிட்டது, அதனால் விடியற்காலையில் வந்தீர்கள் என்றால் நீங்கள் நிம்மதியாகப் படம் எடுக்கலாம்","கோவி ட்   வந்த தில்   இருந்து   கூட்ட ம்   கொ ஞ்ச ம்   குறை ந்து விட்ட து,   அதனால்   வி டிய ற்கா லை யில்   வ ந் தீ ர்கள்   என்றால்   நீங்கள்   நி ம் மதி யாக ப்   படம்   எடுக்க லாம்",34
2319,"சரி, நான் இதை ஞாபகம் வைத்துக்கொள்கிறேன்","சரி ,   நான்   இதை   ஞா ப கம்   வைத்துக்கொ ள் கி றே ன்",12
2320,கோபுரத்தின் மேலே போகலாமா,கோ புர த்தின்   மே லே   போ கலா மா,8
2321,மினாரின் மேலே இருந்து ஒரு ஷாட் எடுத்து எங்கள் டாக்குமெண்டரியில் சேர்த்தால் அருமையாக இருக்கும்,மி னா ரின்   மே லே   இருந்து   ஒரு   ஷா ட்   எடுத்து   எ ங்கள்   டா க்கு மெ ண்ட ரி யில்   சேர் த்தால்   அரு மையாக   இருக்கும்,23
2322,"முன்னாடியெல்லாம் அனுமதி இருந்தது, ஆனால் கொஞ்சம் காலத்திற்கு முன் நடந்த ஒரு அசம்பாவிதத்தால் இப்போது தடை செய்துவிட்டார்கள்","முன்னா டி யெ ல் லாம்   அனுமதி   இருந்த து,   ஆனால்   கொ ஞ்ச ம்   காலத்திற்கு   முன்   நடந்த   ஒரு   அ சம்பா வித த்தால்   இப்போது   தடை   செய்து விட்டா ர்கள்",25
2323,நீங்கள் வெளியில் இருந்தே நிறைய நல்ல ஷாட்களை எடுக்கலாம் என்று நினைக்கிறேன்,நீங்கள்   வெளி யில்   இரு ந்தே   நிறை ய   நல்ல   ஷா ட் களை   எடுக்க லாம்   என்று   நினை க்கி றே ன்,18
2324,"ஓ அப்படியா, இதை நான் எதிர்பார்க்கவில்லை","ஓ   அ ப்படி யா ,   இதை   நான்   எதிர்பார் க்க வில்லை",10
2325,"சரி, கிடைத்ததை வைத்து நாங்கள் படம் எடுத்துக்கொள்கிறோம்","சரி ,   கிடை த்த தை   வைத்து   நா ங்கள்   படம்   எடுத்து க்கொள் கி றோ ம்",14
2326,அங்கே கேமரா பயன்படுத்தலாம்தானே,அ ங்கே   கே மரா   பயன்படுத்த லாம் தா னே,8
2327,"கண்டிப்பாக, அங்கே கேமராவுக்கு அனுமதி உண்டு","க ண்டி ப்பாக ,   அ ங்கே   கே மரா வுக்கு   அனுமதி   உ ண்டு",12
2328,"குட் மார்னிங், மகாராஷ்டிரா பயணம் எப்படி இருந்தது","கு ட்   மார் னி ங்,   மகாராஷ்டிரா   பய ணம்   எப்படி   இருந்த து",11
2329,"ஹலோ, அருமையாக இருந்தது","ஹ லோ ,   அரு மையாக   இருந்த து",7
2330,நான் நிறைய இடங்களுக்குப் போய் சுற்றிப் பார்த்தேன்,நான்   நிறை ய   இட ங்களுக்கு ப்   போ ய்   சு ற்றி ப்   பார் த்தே ன்,14
2331,"உள்ளூர் உணவுகளைச் சாப்பிட்டேன், பல பிரபலமான இடங்களைப் பார்த்தேன்","உள்ளூர்   உணவு களை ச்   சா ப்பி ட் டே ன்,   பல   பிரபலமான   இட ங்களை ப்   பார் த்தே ன்",17
2332,நீ இந்த ஒரு வாரத்திற்கு டிரிப்பிற்கு என்னை விட்டுவிட்டு போய்விட்டதால் அங்கே என்ன நடந்தது என்று ஒன்று விடாமல் சொல்,நீ   இந்த   ஒரு   வார த்திற்கு   டி ரி ப்பி ற்கு   என் னை   விட்டு விட்டு   போ ய் விட்ட தால்   அ ங்கே   என்ன   நடந்த து   என்று   ஒன்று   வி டா மல்   சொல்,28
2333,நீயும் மகாராஷ்டிரா கட்டாயம் போக வேண்டும்,நீ யும்   மகாராஷ்டிரா   கட்டா யம்   போ க   வேண்டும்,8
2334,"பார்க்க வேண்டிய இடங்கள் அங்கே நிறைய இருக்கின்றன, குறிப்பாக வரலாற்று சிறப்புமிக்க இடங்களில் ஆர்வம் இருந்தால்","பார்க்க   வேண்டிய   இட ங்கள்   அ ங்கே   நிறை ய   இரு க்கின்ற ன,   குறிப்பாக   வரலாற்று   சிறப்பு மிக்க   இடங்களில்   ஆர்வ ம்   இருந்தால்",19
2335,"ஆமாம், நானும் மகாராஷ்டிராவின் வரலாற்றுச் சிறப்புமிக்க பாரம்பரியத்தைப் பற்றி நிறைய கேள்விப்பட்டிருக்கிறேன்","ஆ மா ம்,   நா னும்   மகாராஷ்டிரா வின்   வரலாற்று ச்   சிறப்பு மிக்க   பாரம்பரிய த்தை ப்   பற்றி   நிறை ய   கேள்வி ப்பட்டிரு க்கி றே ன்",22
2336,நீ அவுரங்காபாத் போனியா,நீ   அவு ர ங்கா பாத்   போ னியா,7
2337,"அதை எப்படி விட முடியும், இந்த முறை அதை விட்டுவிடக்கூடாது என்று ஆர்வமாக இருந்தேன்","அதை   எப்படி   விட   முடி யும்,   இந்த   முறை   அதை   விட்டு விட க்கூடா து   என்று   ஆர்வ மாக   இரு ந்தே ன்",18
2338,"இந்த இடங்கள் பற்றியெல்லாம் நான் நிறையப் படித்திருக்கிறேன், போன முறை நேரமில்லாததால் என்னால் அவுரங்காபாத் போக முடியவில்லை","இந்த   இட ங்கள்   பற்றி யெ ல் லாம்   நான்   நிறை ய ப்   படி த்திரு க்கி றே ன்,   போ ன   முறை   நேர மி ல்லாத தால்   என் னால்   அவு ர ங்கா பாத்   போ க   முடிய வில்லை",33
2339,அங்கே எத்தனை நாட்கள் இருந்தாய்,அ ங்கே   எ த்தனை   நாட் கள்   இருந்தா ய்,8
2340,எந்தெந்த இடங்களெல்லாம் பார்த்தாய்,எ ந்தெ ந்த   இட ங்க ளெ ல் லாம்   பார் த்தா ய்,11
2341,"இந்த முறை நான் அங்கே கிட்டத்தட்ட 10 நாட்கள் இருந்தேன், அதனால் எனக்கு நிறைய நேரம் இருந்தது","இந்த   முறை   நான்   அ ங்கே   கிட்டத்தட்ட   10   நாட் கள்   இரு ந்தே ன்,   அதனால்   என க்கு   நிறை ய   நேரம்   இருந்த து",20
2342,"பிரபலமான அஜந்தா, எல்லோரா குகைகளுக்குப் போனேன்","பிரபலமான   அ ஜ ந்தா ,   எல் லோ ரா   குகை களுக்கு ப்   போ னே ன்",14
2343,"அவுரங்காபாதில் இருக்கும் வரலாற்றுச் சிறப்புமிக்க இடங்களில் ஒன்றான அஜந்தா குகைகள், குகை ஓவியங்களுக்கும் பௌத்தம் சார்ந்த சிற்பங்களுக்கும் பெயர்பெற்றவை","அவு ர ங்கா பா தில்   இருக்கும்   வரலாற்று ச்   சிறப்பு மிக்க   இடங்களில்   ஒன்றா ன   அ ஜ ந்தா   குகை கள்,   குகை   ஓ விய ங்களு க்கும்   பௌத்த ம்   சார்ந்த   சிற்ப ங்களு க்கும்   பெயர் பெற்ற வை",32
2344,"அதைச் சுற்றி அழகான பசுமையான மலைகள் இருக்கின்றன, இந்தியக் கட்டிடக்கலைக்கு நல்ல ஒரு உதாரணமாக இந்தக் குகைகள் இருக்கின்றன","அதை ச்   சு ற்றி   அழ கான   ப சு மையான   மலை கள்   இரு க்கின்ற ன,   இந்திய க்   கட்டிடக்கலை க்கு   நல்ல   ஒரு   உதாரணமாக   இந்த க்   குகை கள்   இரு க்கின்ற ன",28
2345,உலகில் இருக்கும் மிகப்பெரிய குடைவரைக் குகைகளில் எல்லோரா குகைகளும் ஒன்று,உல கில்   இருக்கும்   மிகப்பெரிய   கு டை வரை க்   குகை களில்   எல் லோ ரா   குகை களும்   ஒன்று,16
2346,"பொஊ 600இல் இருந்து 1000 வரை கட்டப்பட்ட இந்த எல்லோரா குகைகளில் 100 இந்து, சமண, பௌத்த குகைகள் இருக்கின்றன, அதில் 34 குகைகளை நாம் சுற்றிப் பார்க்கலாம்","பொ ஊ   6 00 இல்   இருந்து   1 000   வரை   கட்டப்பட்ட   இந்த   எல் லோ ரா   குகை களில்   100   இந்து ,   சமண ,   பௌத்த   குகை கள்   இரு க்கின்ற ன,   அதில்   3 4   குகை களை   நா ம்   சு ற்றி ப்   பார்க்க லாம்",39
2347,கைலாசநாதர் கோயிலைப் பார்த்தியா,கை லா ச நா தர்   கோயி லை ப்   பார் த்தியா,10
2348,அது ஒரே கல்லில் கட்டப்பட்ட குடைவரைக் கோயில் என்று கேள்விப்பட்டேன்,அது   ஒரே   கல் லில்   கட்டப்பட்ட   கு டை வரை க்   கோயில்   என்று   கேள்வி ப்ப ட் டே ன்,16
2349,எல்லோராவில் இருக்கும் பழமையான 34 குகைகளில் பிரமிக்க வைக்கக்கூடிய ஒன்றுதான் கைலாசநாதர் குகைக் கோயில்,எல் லோ ரா வில்   இருக்கும்   பழ மையான   3 4   குகை களில்   பிர மிக்க   வைக்க க்கூடிய   ஒன்று தான்   கை லா ச நா தர்   குகை க்   கோயில்,25
2350,எல்லோரா குகைகளில் 16வது குகையில் இருக்கும் இந்தக் கைலாசநாதர் கோயில் ராஷ்டிரகூட வம்ச ஆட்சியின்போது சிவனுக்கென்று ஒரே கல்லில் பிரத்தியேகமாகக் கட்டப்பட்ட அமைப்பு,எல் லோ ரா   குகை களில்   16 வது   குகை யில்   இருக்கும்   இந்த க்   கை லா ச நா தர்   கோயில்   ராஷ்டி ர கூட   வம்ச   ஆட்சியின் போது   சிவ னு க்கெ ன்று   ஒரே   கல் லில்   பிர த்தி யே கமாக க்   கட்டப்பட்ட   அமைப்பு,38
2351,இது திராவிட கட்டிடக்கலை என்று சொல்கிறாயா,இது   தி ரா விட   கட்டிடக்கலை   என்று   சொல் கிறா யா,9
2352,இது முழுக்க முழுக்க திராவிட கட்டிடக்கலைதான்,இது   முழு க்க   முழு க்க   தி ரா விட   கட்டிடக்கலை தான்,10
2353,"அஜந்தா குகைகளில் மொத்தம் 29 பௌத்த குடைவரைக் கோயில்கள் இருக்கின்றன, அவற்றில் சாந்தமும் அமைதியும் நிறைந்திருக்கும்","அ ஜ ந்தா   குகை களில்   மொத்தம்   2 9   பௌத்த   கு டை வரை க்   கோயில் கள்   இரு க்கின்ற ன,   அவற்றில்   சா ந்த மும்   அமை தி யும்   நிறை ந்திரு க்கும்",28
2354,கிமு 2ஆம் நூற்றாண்டுக்கு முன்பே மடங்களுடனும் சைத்திய வழிபாட்டு மண்டபங்களுடனும் அவை உருவாக்கப்பட்டன,கி மு   2 ஆம்   நூற்றாண்டு க்கு   முன் பே   ம ட ங்களு டனும்   சை த்திய   வழி பாட்டு   மண்ட ப ங்களு டனும்   அவை   உருவாக்கப்பட்ட ன,23
2355,இந்த குகைச் சுவர்களில் கௌதம புத்தரின் வாழ்க்கையை விவரிக்கும் அழகான சுவரோவியங்களும் கவனத்தை ஈர்க்கக்கூடிய சிற்பங்களும் உள்ளன,இந்த   குகை ச்   சு வர் களில்   கௌ த ம   புத்த ரின்   வாழ்க்கை யை   விவரி க்கும்   அழ கான   சு வ ரோ விய ங்களும்   கவன த்தை   ஈர் க்கக்கூடிய   சிற்ப ங்களும்   உள்ளன,29
2356,இந்தத் துணைக் கண்டத்தில் நாம் பெருமைப்படக்கூடிய பழமையான விஷயங்களில் பௌத்த கட்டிடக்கலையும் ஒன்று,இந்த த்   துணை க்   கண்ட த்தில்   நா ம்   பெரு மை ப்பட க்கூடிய   பழ மையான   விஷய ங்களில்   பௌத்த   கட்டிடக்கலை யும்   ஒன்று,20
2357,அங்கே இஸ்லாமிய கட்டிடக்கலையைப் பார்க்க முடிந்ததா,அ ங்கே   இஸ்லா மிய   கட்டிடக்கலை யை ப்   பார்க்க   முடிந்த தா,10
2358,"நீ ஜமா மஸ்ஜிதைக் கட்டாயம் போய் பார்க்க வேண்டும், அது அவுரங்காபாதில் இருக்கும் புகழ்பெற்ற ஆன்மீகத் தலங்களில் முக்கியமாக இருப்பதோடு வித்தியாசமான கட்டிடக்கலைக்கும் பெயர் பெற்று இருக்கிறது","நீ   ஜ மா   மஸ் ஜி தை க்   கட்டா யம்   போ ய்   பார்க்க   வேண்டும்,   அது   அவு ர ங்கா பா தில்   இருக்கும்   புகழ்பெற்ற   ஆன் மீ க த்   த ல ங்களில்   முக்கியமாக   இருப்ப தோடு   வி த்தியா சமான   கட்டிடக்கலை க்கும்   பெயர்   பெற்று   இருக்கிற து",40
2359,"இஸ்லாமியர்களுக்கான இந்தப் புனித தலத்தில் மொத்தம் 50 பலகோண தூண்கள், உயரமான மினாராக்கள், வியக்கவைக்கும் வளைவுகள் இருக்கின்றன","இஸ்லா மி யர் களுக்கான   இந்த ப்   புனித   த ல த்தில்   மொத்தம்   50   பல கோ ண   தூ ண் கள்,   உயரமான   மி னா ரா க்கள்,   விய க்க வை க்கும்   வளை வுகள்   இரு க்கின்ற ன",32
2360,"நீ அஜந்தா, எல்லோரா குகைகளைவிட கொஞ்சம் வித்தியாசமாக இருக்கும் அவுரங்காபாத் குகைகளையும் பார்த்தியா","நீ   அ ஜ ந்தா ,   எல் லோ ரா   குகை களை விட   கொ ஞ்ச ம்   வி த்தியா சமாக   இருக்கும்   அவு ர ங்கா பாத்   குகை களையும்   பார் த்தியா",26
2361,"பார்த்தேன், பொஊ 9ஆம் நூற்றாண்டிலேயே அகழ்வாராய்ச்சியில் கண்டறியப்பட்ட எல்லோரா குகைகளில் இருக்கும் ஐந்து பழமையான சமணக் குகைகள் அவுரங்காபாதில் இருக்கும் மிகச் சுவாரஸ்யமான இடங்களில் ஒன்று","பார் த்தே ன்,   பொ ஊ   9 ஆம்   நூற்றா ண்டி லேயே   அ கழ் வா ராய் ச்சி யில்   கண்ட றிய ப்பட்ட   எல் லோ ரா   குகை களில்   இருக்கும்   ஐந்து   பழ மையான   சமண க்   குகை கள்   அவு ர ங்கா பா தில்   இருக்கும்   மிக ச்   சு வார ஸ் யமான   இடங்களில்   ஒன்று",46
2362,"இந்தக் குகைகளில் அருமையான சிற்ப வேலைப்பாடுகளும் ஓவியங்களும் இருக்கின்றன, சமண மதத்தின் நம்பிக்கைகளையும் உபதேசங்களையும் கொண்டாடும் வகையில் இந்தக் குகைகள் இருக்கின்றன","இந்த க்   குகை களில்   அரு மையான   சிற்ப   வேலை ப்பாடு களும்   ஓ விய ங்களும்   இரு க்கின்ற ன,   சமண   மத த்தின்   நம்பிக்கை களையும்   உ ப தேச ங்களையும்   கொண்டா டும்   வகையில்   இந்த க்   குகை கள்   இரு க்கின்ற ன",35
2363,நீ அச்சு அசலாகத் தாஜ் மகாலைப் போலவே இருக்கும் பீபீ-கா-மக்பராவைப் பார்த்திருப்பாய் என்று நினைக்கிறேன்,நீ   அ ச்சு   அ ச லாக த்   தா ஜ்   மகா லை ப்   போல வே   இருக்கும்   பீ பீ - கா - ம க் பரா வை ப்   பார் த்திரு ப்பாய்   என்று   நினை க்கி றே ன்,33
2364,எதற்காகவும் அதைப் பார்க்காமல் விட்டிருக்க மாட்டேன்,எ தற்காக வும்   அதை ப்   பார் க்காமல்   வி ட்டி ருக்க   மா ட் டே ன்,14
2365,முகலாய வம்சத்தின் கடைசி ஆட்சியாளரான அவுரங்கசீப் அவருடைய அன்பு மனைவி தில்ரஸ் பானு பேகமுக்காக பீபீ-கா-மக்பராவைக் கட்டினார்,முகலாய   வம்ச த்தின்   கடைசி   ஆட்சி யாள ரான   அவு ரங்கசீ ப்   அவருடைய   அன் பு   மனைவி   தில் ரஸ்   பா னு   பே க மு க்காக   பீ பீ - கா - ம க் பரா வை க்   கட்டி னார்,34
2366,அது அன்பின் சின்னமாகப் பார்க்கப்படுவதோடு அவுரங்காபாதில் இருக்கும் முக்கிய வரலாற்றுத் தலங்களில் ஒன்றாகவும் பேசப்படுகிறது,அது   அன் பின்   சி ன்ன மாக ப்   பார் க்கப்படு வ தோடு   அவு ர ங்கா பா தில்   இருக்கும்   முக்கிய   வரலாற்று த்   த ல ங்களில்   ஒன்றாக வும்   பேச ப்படு கிறது,28
2367,அப்பழுக்கில்லாத வெள்ளைப் பளிங்கினால் கட்டப்பட்டு நுணுக்கமான சிற்ப வேலைப்பாடுகள் கொண்ட இந்தக் கட்டமைப்பு அவுரங்காபாதில் உள்ள மிகப் பெரிய நினைவுச் சின்னங்களில் ஒன்று,அ ப்ப ழு க்கில் லா த   வெ ள் ளை ப்   ப ளி ங்கி னால்   கட்ட ப்பட்டு   நு ணு க்க மான   சிற்ப   வேலை ப்பா டுகள்   கொண்ட   இந்த க்   கட்ட மைப்பு   அவு ர ங்கா பா தில்   உள்ள   மிக ப்   பெரிய   நினைவு ச்   சி ன்ன ங்களில்   ஒன்று,44
2368,ஆஹா,ஆ ஹா,2
2369,உன்னைப் பார்த்தால் எனக்குப் பொறாமையாக இருக்கிறது,உ ன் னை ப்   பார் த்தால்   என க்கு ப்   பொ றா மையாக   இருக்கிற து,14
2370,"அடுத்த முறை என்ன ஆனாலும் சரி, உன்னுடன் நான் வரப்போகிறேன்","அடுத்த   முறை   என்ன   ஆ னா லும்   சரி ,   உ ன் னுடன்   நான்   வர ப்போ கி றே ன்",17
2371,ஹாய் ஸுஃபி,ஹா ய்   ஸுஃ பி,4
2372,இப்போது பிஸியாக இருக்கிறாயா,இப்போது   பி ஸி யாக   இரு க்கிறா யா,7
2373,ஹாய் கிரத்,ஹா ய்   கி ர த்,5
2374,அப்படியெல்லாம் இல்லை,அ ப்படி யெ ல் லாம்   இல்லை,6
2375,சொல்லு,சொல் லு,2
2376,சில டாகுமெண்ட்ஸை அரேஞ்ச் பண்ண என் தாத்தாவுக்கு ஹெல்ப் பண்ணிக்கிட்டு இருக்கிறேன்,சில   டா கு மெ ண்ட் ஸை   அ ரே ஞ் ச்   பண் ண   என்   தா த்தா வுக்கு   ஹெ ல் ப்   பண் ணி க்கி ட்டு   இரு க்கி றே ன்,27
2377,"அப்போது அவர் ஒரு திட்டத்தில் முதலீடு செய்திருப்பது தெரியவந்தது, ஆனால் அதைப் பற்றி அவருக்கு ஒன்றுமே ஞாபகம் இல்லை","அப்போது   அவர்   ஒரு   திட்ட த்தில்   முதலீடு   செய் திரு ப்பது   தெரிய வந்த து,   ஆனால்   அதை ப்   பற்றி   அவருக்கு   ஒன்று மே   ஞா ப கம்   இல்லை",23
2378,இதில் எனக்கு உன் ஹெல்ப் வேண்டும்,இதில்   என க்கு   உ ன்   ஹெ ல் ப்   வேண்டும்,9
2379,சீனியர் சிட்டிசன்ஸுக்கு இந்த மாதிரியான விஷயங்களில் உதவும் ஒரு என்ஜிஓவில்தானே நீ வேலை செய்துகொண்டிருந்தாய்,சீ னி யர்   சி ட்டி சன் ஸு க்கு   இந்த   மாதிரி யான   விஷய ங்களில்   உத வும்   ஒரு   என் ஜி ஓ வில் தா னே   நீ   வேலை   செய்து கொ ண்டிரு ந்தா ய்,29
2380,"ஆமாம், ஆமாம்","ஆ மா ம்,   ஆ மா ம்",6
2381,அதில் என்ன இருக்கிறது,அதில்   என்ன   இருக்கிற து,4
2382,அந்தப் பேப்பரில் பிஎம் வியாயா வந்தனா யோஜனா என்று இருக்கிறது,அந்த ப்   பே ப்ப ரில்   பி எம்   வியா யா   வந்த னா   யோ ஜ னா   என்று   இருக்கிற து,17
2383,அந்தத் திட்டத்தைப் பற்றிச் சொல்லு,அந்த த்   திட்ட த்தை ப்   பற்றி ச்   சொல் லு,9
2384,அதன் பலன்கள் என்ன,அதன்   பல ன் கள்   என்ன,5
2385,அதில் முதலீடு செய்வதால் என்ன நடக்கும்,அதில்   முதலீடு   செய் வதால்   என்ன   நட க்கும்,7
2386,"ஓ, அதில்தான் முதலீடு செய்திருக்கிறாரா","ஓ ,   அதில் தான்   முதலீடு   செய் திரு க்கிறா ரா",9
2387,இது அரசுடைய ஒரு அருமையான நலத்திட்டம்,இது   அரசு டைய   ஒரு   அரு மையான   ந ல த்திட்ட ம்,10
2388,இந்தத் திட்டத்தை நிதி அமைச்சகம் வழங்குகிறது,இந்த த்   திட்ட த்தை   நிதி   அமைச்ச கம்   வழங்கு கிறது,9
2389,சந்தையில் முதலீடு செய்திருக்கும் சீனியர் சிட்டிசன்ஸின் நிதிக்குப் பாதிப்பு வராமல் பாதுகாக்க இது உருவாக்கப்பட்டுள்ளது,சந்தை யில்   முதலீடு   செய் திரு க்கும்   சீ னி யர்   சி ட்டி சன் ஸின்   நிதி க்கு ப்   பாதி ப்பு   வ ராம ல்   பாதுகா க்க   இது   உருவா க்கப்பட்டுள்ள து,27
2390,எனக்குப் புரியவில்லையே,என க்கு ப்   பு ரிய வில்லை யே,7
2391,சந்தை நிலவரம் மாறிக்கொண்டே இருக்கும்போது முதலீட்டை அது எப்படிப் பாதுகாக்கும்,சந்தை   நிலவர ம்   மாறி க்கொ ண்டே   இருக்கும் போது   முதலீ ட்டை   அது   எப்படி ப்   பாதுகா க்கும்,15
2392,விவரமாகச் சொல்கிறேன்,விவர மாக ச்   சொல் கி றே ன்,7
2393,"இந்த முதலீட்டிலிருந்து கிடைக்கும் வருமானத்தின் வட்டி, வருங்காலத்தில் குறைந்தால் அப்போது அப்படிப்பட்ட நிலையில்லாத முதலீடுகளுக்கு மாற்றுத் தீர்வை இந்தத் திட்டம் வழங்குகிறது","இந்த   முதலீ ட்டி லிருந்து   கிடை க்கும்   வருமான த்தின்   வட்டி ,   வரு ங் காலத்தில்   குறை ந்தால்   அப்போது   அ ப்படி ப்பட்ட   நிலையில் லா த   முதலீடு களுக்கு   மாற்று த்   தீர் வை   இந்த த்   திட்ட ம்   வழங்கு கிறது",34
2394,இந்தத் திட்டத்தின் மூலம் சீனியர் சிட்டிசன்ஸுக்கு அவர்கள் முதலீட்டில் கண்டிப்பாக 8 சதவிகிதம் வருமானம் திரும்பக் கிடைக்கும்,இந்த த்   திட்ட த்தின்   மூலம்   சீ னி யர்   சி ட்டி சன் ஸு க்கு   அவர்கள்   முதலீ ட்டில்   க ண்டி ப்பாக   8   ச தவி கி தம்   வருமான ம்   திரு ம்ப க்   கிடை க்கும்,31
2395,வரவேண்டிய வருமானத்தில் வித்தியாசம் இருந்தால் அதை அரசு ஏற்றுக்கொள்ளும்,வர வேண்டிய   வருமான த்தில்   வி த்தியா சம்   இருந்தால்   அதை   அரசு   ஏற்று க்கொ ள்ளும்,13
2396,"வருமானத்தில் வித்தியாசமா, அது எப்படி","வருமான த்தில்   வி த்தியா சமா ,   அது   எப்படி",8
2397,இந்தத் திட்டம் எல்ஐசியுடன் சேர்த்து வழங்கப்படுகிறது,இந்த த்   திட்ட ம்   எல் ஐ சி யுடன்   சேர்த்து   வழங்க ப்படு கிறது,12
2398,நாம் செய்திருக்கும் முதலீட்டிற்கு எல்ஐசி கட்டாயமாக 8 சதவிகிதத்தைத் திரும்பத் தரும்,நா ம்   செய் திரு க்கும்   முதலீ ட்டிற்கு   எல் ஐ சி   கட்டா யமாக   8   ச தவி கி தத்தை த்   திரு ம்ப த்   த ரும்,23
2399,"அதில் வித்தியாசம் இருந்தால், அதாவது நஷ்டம் ஏற்பட்டால் அதை அரசு ஏற்றுக்கொள்ளும்","அதில்   வி த்தியா சம்   இருந்தால்,   அதாவது   ந ஷ் டம்   ஏற்ப ட்டா ல்   அதை   அரசு   ஏற்று க்கொ ள்ளும்",17
2400,உன்னுடைய முதலீடு அப்போதும் 8 சதவிகிதமாகவே இருக்கும்,உ ன் னு டைய   முதலீடு   அப்போது ம்   8   ச தவி கி த மாக வே   இருக்கும்,15
2401,ஓ அப்படியா,ஓ   அ ப்படி யா,4
2402,இப்போது புரிகிறது,இப்போது   புரி கிறது,3
2403,நமக்குக் கிடைக்கும் தொகை பற்றி சொல்ல முடியுமா,ந ம க்கு க்   கிடை க்கும்   தொகை   பற்றி   சொ ல்ல   முடி யு மா,13
2404,பத்து வருடங்களுக்கு மாதந்தோறும் பணம் கிடைக்கும்,பத்து   வரு ட ங்களுக்கு   மாத ந்தோ றும்   பணம்   கிடை க்கும்,10
2405,தாத்தா எவ்வளவு முதலீடு செய்திருக்கிறார்,தா த்தா   எவ்வளவு   முதலீடு   செய் திரு க்கிறா ர்,8
2406,முதலில் 7,முதலில்   7,2
2407,5 லட்சம் என்றும் அப்புறம் 15 என்றும் அதில் இருக்கிறது,5   ல ட்ச ம்   என்றும்   அ ப்புற ம்   15   என்றும்   அதில்   இருக்கிற து,13
2408,"சரி, முதலில் திட்டத்தில் சேர ஒரு வருடம் மட்டும் கால அவகாசம் இருந்தது, பின்பு குடும்பத்தின் அடிப்படையில் முதலீட்டின் வரம்பு அதிகரிக்கப்பட்டுள்ளது","சரி ,   முதலில்   திட்ட த்தில்   சேர   ஒரு   வரு டம்   மட்டும்   கால   அவ கா சம்   இருந்த து,   பின் பு   குடும்ப த்தின்   அடிப்படையில்   முதலீ ட்டின்   வர ம்பு   அதிகரி க்கப்பட்டுள்ள து",28
2409,நீ சொன்னது ரொம்ப உதவியாக இருக்கிறது,நீ   சொ ன்ன து   ரொ ம்ப   உதவி யாக   இருக்கிற து,10
2410,அப்படி ஒரு முதலீட்டைச் செய்ததாகவே அவருக்கு ஞாபகம் இல்லை,அ ப்படி   ஒரு   முதலீ ட்டை ச்   செய்த தாக வே   அவருக்கு   ஞா ப கம்   இல்லை,14
2411,அவர்கள் ஆஃபீஸுக்கே போய் மற்ற விவரங்களை நான் தெரிந்துகொண்டு வருகிறேன்,அவர்கள்   ஆ ஃ பீ ஸு க்கே   போ ய்   மற்ற   விவர ங்களை   நான்   தெரி ந்து கொண்டு   வரு கி றே ன்,19
2412,எப்போது வேண்டுமானாலும் என்னிடம் நீ கேட்கலாம்,எப்போது   வேண்டு மா னா லும்   என் னி டம்   நீ   கேட் க லாம்,12
2413,வேறு தகவல் தேவைப்பட்டால் சொல்லு,வேறு   தகவல்   தேவை ப்பட்டா ல்   சொல் லு,7
2414,உடம்பைப் பார்த்துக்கொள்,உ டம் பை ப்   பார் த்துக்கொ ள்,7
2415,குட் மார்னிங் கிளாஸ்,கு ட்   மார் னி ங்   கி ளா ஸ்,8
2416,எல்லாரும் உட்காருங்கள்,எல் லா ரும்   உட் கா ரு ங்கள்,7
2417,இன்று நாம் வாக்காளர்கள் குறித்துப் பேசுவோம்,இன்று   நா ம்   வா க்கா ளர்கள்   குறித்து ப்   பேசு வோ ம்,11
2418,தேர்தலில் வாக்களிக்கும் நபரை நாம் வாக்களர் என்று அழைக்கிறோம் என்பது நம் அனைவருக்கும் தெரியும்,தேர் தலில்   வா க்க ளி க்கும்   நப ரை   நா ம்   வா க்க ளர்   என்று   அழை க்கி றோ ம்   என்பது   ந ம்   அனை வரு க்கும்   தெரி யும்,26
2419,ஒரு வாக்களர் தேர்தலில் வாக்களிக்க வேண்டுமென்றால் அதற்கு என்ன தகுதி தேவை என்று உங்களுக்குத் தெரியுமா,ஒரு   வா க்க ளர்   தேர் தலில்   வா க்க ளி க்க   வேண்டு மெ ன்றால்   அதற்கு   என்ன   தகுதி   தேவை   என்று   உங்களுக்கு த்   தெரி யு மா,23
2420,அந்த நபர் பதினெட்டு அல்லது அதற்கு அதிகமான வயதுடையவராக இருக்க வேண்டும்,அந்த   நபர்   பதி னெ ட்டு   அல்லது   அதற்கு   அதிகமான   வயது டைய வராக   இருக்க   வேண்டும்,13
2421,"சரியாகச் சொன்னீர்கள், ஜாதி, மதம், பாலினம் போன்ற எந்தவிதமான பாகுபாடும் இல்லாமல் அனைவரும் வாக்களிக்க, குடியுரிமைச் சட்டம் அனுமதிக்கிறது","சரி யாக ச்   சொ ன் னீ ர்கள்,   ஜா தி ,   மத ம்,   பாலி ன ம்   போன்ற   எந்த வித மான   பா கு பா டும்   இல்லாமல்   அனை வரும்   வா க்க ளி க்க ,   குடி யு ரிமை ச்   சட்ட ம்   அனுமதி க்கிற து",40
2422,ஆனால் அவர் 18 அல்லது அதற்கு அதிகமான வயதுடையவராக இருக்க வேண்டும்,ஆனால்   அவர்   18   அல்லது   அதற்கு   அதிகமான   வயது டைய வராக   இருக்க   வேண்டும்,11
2423,வாக்காளர்கள் இந்தியக் குடிமகன்களாக இருந்தால் மட்டுமே அவர்களால் வாக்களிக்க முடியும்,வா க்கா ளர்கள்   இந்திய க்   குடி மகன் களாக   இருந்தால்   மட்டுமே   அவர் களால்   வா க்க ளி க்க   முடியும்,17
2424,இந்தியத் தேர்தலில் ஒருவர் வாக்களிக்க விரும்பினால் அவரிடம் இந்தியக் குடியுரிமை இருக்க வேண்டும்,இந்திய த்   தேர் தலில்   ஒருவர்   வா க்க ளி க்க   விரும்பி னால்   அவ ரிடம்   இந்திய க்   குடி யு ரிமை   இருக்க   வேண்டும்,20
2425,வேறு என்ன தகுதிகள் வேண்டுமென்று உங்களுக்குத் தெரியுமா,வேறு   என்ன   தகுதி கள்   வேண்டு மெ ன்று   உங்களுக்கு த்   தெரி யு மா,12
2426,அவர்களுடைய பெயர் வாக்காளர் பட்டியலில் இருக்க வேண்டும்,அவர் களு டைய   பெயர்   வா க்கா ளர்   பட்டிய லில்   இருக்க   வேண்டும்,11
2427,"கரெக்ட், வாக்களிக்கத் தகுதியுள்ள அனைவரின் பெயரும் வாக்காளர் பட்டியலில் இருக்கும்","க ரெ க் ட்,   வா க்க ளி க்க த்   தகுதி யுள்ள   அனை வரின்   பெய ரும்   வா க்கா ளர்   பட்டிய லில்   இருக்கும்",21
2428,வாக்களிக்க வேண்டுமென்றால் உங்கள் பெயரை நீங்கள் அந்தப் பட்டியலில் சேர்க்க வேண்டும்,வா க்க ளி க்க   வேண்டு மெ ன்றால்   உங்கள்   பெயரை   நீங்கள்   அந்த ப்   பட்டிய லில்   சேர் க்க   வேண்டும்,17
2429,நீங்கள் பதிவு செய்ய விரும்பும் தொகுதியில் உள்ள பகுதி/வாக்குச் சாவடி உள்ள பகுதியில் வசிக்கும் சாதாரணக் குடிமகனாக நீங்கள் இருக்க வேண்டும்,நீங்கள்   பதிவு   செய்ய   விரும்பும்   தொகுதி யில்   உள்ள   பகுதி / வாக்கு ச்   சா வடி   உள்ள   பகுதியில்   வசி க்கும்   சா தா ரண க்   குடி மக னாக   நீங்கள்   இருக்க   வேண்டும்,27
2430,"மேடம், நாம் ஒரு இடத்தில் பதிவு செய்தால் அங்கே மட்டுமே வோட்டுப் போட முடியும் என்று கேள்விப்பட்டேனே, இது உண்மையா","மே ட ம்,   நா ம்   ஒரு   இடத்தில்   பதிவு   செய் தால்   அ ங்கே   மட்டுமே   வோ ட்டு ப்   போ ட   முடியும்   என்று   கேள்வி ப்ப ட் டே னே ,   இது   உண்மை யா",29
2431,"ஆமாம், ஒரு இடத்தில் மட்டும்தான் பதிவு செய்ய முடியும்","ஆ மா ம்,   ஒரு   இடத்தில்   மட்டும் தான்   பதிவு   செய்ய   முடியும்",10
2432,"அதனால், உங்கள் தொகுதியில் நீங்கள் பதிவு செய்திருந்தால், நீங்கள் எங்கிருந்தாலும் உங்கள் தொகுதிக்கு வந்துதான் வோட்டுப் போட வேண்டும்","அத னால்,   உங்கள்   தொகுதி யில்   நீங்கள்   பதிவு   செய் திரு ந்தால்,   நீங்கள்   எ ங்கி ரு ந்தா லும்   உங்கள்   தொகுதி க்கு   வந்து தான்   வோ ட்டு ப்   போ ட   வேண்டும்",27
2433,வேறு வாக்குச் சாவடிகளில் நீங்கள் வோட்டுப் போட முடியாது,வேறு   வாக்கு ச்   சா வடி களில்   நீங்கள்   வோ ட்டு ப்   போ ட   முடியா து,14
2434,மாற்றுத் திறனாளி வாக்காளர்களுக்கு வோட்டுப் போடுவதற்கான தனிப்பட்ட சலுகைகள் இருக்குமா,மாற்று த்   திற னா ளி   வா க்கா ளர் களுக்கு   வோ ட்டு ப்   போ டு வதற்கான   தனிப்பட்ட   ச லுகை கள்   இரு க்கு மா,22
2435,அவர்கள் மாற்றுத் திறனாளி வாக்காளர்களாகப் பதிவு செய்யப்படுவார்கள்,அவர்கள்   மாற்று த்   திற னா ளி   வா க்கா ளர் களாக ப்   பதிவு   செய்ய ப்படு வா ர்கள்,16
2436,"சலுகைகளைப் பற்றிக் கூற வேண்டுமென்றால், வாக்குச் சாவடிகளில் அவர்கள் வரிசையில் நிற்க வேண்டாம்","ச லுகை களை ப்   பற்றி க்   கூற   வேண்டு மெ ன்றால்,   வாக்கு ச்   சா வடி களில்   அவர்கள்   வரிசை யில்   நி ற்க   வேண்டா ம்",22
2437,"ஆனால், மனநிலை சரியில்லாத ஒருவருக்கு வாக்களிப்பதில் இருந்து விலக்கு உண்டு","ஆ னால்,   மன நிலை   சரி யில் லா த   ஒரு வருக்கு   வா க்க ளி ப்பதில்   இருந்து   வில க்கு   உ ண்டு",19
2438,"ஓ, இந்த விலக்கு வேறு யாருக்கும் இருக்குமா","ஓ ,   இந்த   வில க்கு   வேறு   யா ருக்கும்   இரு க்கு மா",11
2439,"ஆமாம், இந்தியாவில், இந்திய அரசியலமைப்பின் 1951 மக்கள் பிரதிநிதித்துவச் சட்டத்தின்படி, குற்றவாளிகளான சிறைக்கைதிகளுக்கு வாக்களிக்கும் தகுதி இல்லை","ஆ மா ம்,   இந்தியா வில்,   இந்திய   அரசிய ல மை ப்பின்   195 1   மக்கள்   பிரதிநிதி த்துவ ச்   சட்ட த்தின் படி,   குற்ற வா ளி களான   சிறை க்கை தி களுக்கு   வா க்க ளி க்கும்   தகுதி   இல்லை",33
2440,"இதில் பரோலில் இருக்கும், நீதிமன்றக் காவலில் உள்ள கைதிகளும் அடங்குவர்","இதில்   ப ரோ லில்   இருக்கும்,   நீதிமன்ற க்   கா வ லில்   உள்ள   கை தி களும்   அடங்கு வர்",16
2441,வேறு நாட்டின் குடியிரிமையை உடையவர்களுக்கும் இது பொருந்தும்,வேறு   நாட்டின்   குடி யி ரிமை யை   உ டைய வர் களுக்கும்   இது   பொ ருந்து ம்,14
2442,"இந்தியா, பல நாட்டுக் குடியுரிமையை அங்கீகரிப்பதில்லை","இந்தியா ,   பல   நாட்டு க்   குடி யு ரிமை யை   அங்கீ கரி ப்பதில் லை",13
2443,"வேறு நாட்டுக் குடியுரிமையை நீங்கள் பெற்றிருந்தால், இந்தியக் குடியுரிமையையும் வாக்களிப்பதற்கான உரிமையையும் நீங்கள் இழந்து விடுவீர்கள்","வேறு   நாட்டு க்   குடி யு ரிமை யை   நீங்கள்   பெற்றி ரு ந்தால்,   இந்திய க்   குடி யு ரிமை யையும்   வா க்க ளி ப்பதற்கான   உரிமை யையும்   நீங்கள்   இழ ந்து   விடு வீ ர்கள்",29
2444,"இந்த விஷயம் எங்களுக்குத் தெரியாது, மேடம்","இந்த   விஷ யம்   எ ங்களுக்கு த்   தெரி யா து,   மே டம்",11
2445,"எங்களிடம் செல்லுபடியாகும் வாக்களர் ஐடியும் இருக்க வேண்டும், இல்லையா","எ ங்களி டம்   செல் லு படி யா கும்   வா க்க ளர்   ஐ டி யும்   இருக்க   வேண்டும்,   இல்லை யா",18
2446,"ஆமாம், உங்களிடம் செல்லுபடியாகும் வாக்களர் ஐடி இருக்க வேண்டும்","ஆ மா ம்,   உங்களிடம்   செல் லு படி யா கும்   வா க்க ளர்   ஐ டி   இருக்க   வேண்டும்",16
2447,அப்போதுதான் உங்கள் பெயர் வாக்களர் பட்டியலில் இடம் பெறும்,அப்போது தான்   உங்கள்   பெயர்   வா க்க ளர்   பட்டிய லில்   இடம்   பெறு ம்,12
2448,ஆன்லைனிலோ சேவை மையத்திலோ தகுந்த ஆவணங்களை வழங்கி நீங்கள் வாக்களர் ஐடிக்குப் பதிவு செய்யலாம்,ஆன்லை னி லோ   சேவை   மைய த்தி லோ   த குந்த   ஆவண ங்களை   வழங்கி   நீங்கள்   வா க்க ளர்   ஐ டி க்கு ப்   பதிவு   செய்ய லாம்,23
2449,இன்றைக்கு இத்துடன் முடித்துக்கொள்வோம்,இன் றை க்கு   இ த்துடன்   முடி த்துக்கொ ள் வோ ம்,10
2450,"அடுத்த வகுப்பிற்காக, உங்கள் குடும்பத்தினரிடம் வாக்காளர்களாக அவர்களுடைய அனுபவம் குறித்து கேட்டுத் தெரிந்துகொள்ளுங்கள்","அடுத்த   வகு ப்பி ற்காக ,   உங்கள்   குடும்ப த்தின ரிடம்   வா க்கா ளர் களாக   அவர் களு டைய   அனுப வம்   குறித்து   கேட்டு த்   தெரி ந்துகொ ள்ளு ங்கள்",25
2451,"சரி, மேடம், தேங்க் யூ மேடம்","சரி ,   மே ட ம்,   தே ங்க்   யூ   மே டம்",10
2452,"வணக்கம், நான் பான் கார்டு வாங்க வந்திருக்கிறேன்","வண க்க ம்,   நான்   பா ன்   கார்டு   வாங்க   வ ந்திரு க்கி றே ன்",13
2453,உங்களுக்கா,உங்களு க்கா,2
2454,எனக்கும் என் மகளுக்கும் தேவை,என க்கும்   என்   ம களுக்கும்   தேவை,6
2455,"ஆனால், என் மகள் பிரிட்டிஷ் சிட்டிசன்","ஆ னால்,   என்   ம கள்   பிரிட்டிஷ்   சி ட்டி சன்",9
2456,"அதனால் என்ன, பரவாயில்லை","அதனால்   என் ன,   பர வா யில் லை",7
2457,நாங்கள் என்னென்ன டாகுமெண்ட்ஸ் தர வேண்டும்,நா ங்கள்   என் னெ ன்ன   டா கு மெ ண்ட் ஸ்   தர   வேண்டும்,12
2458,முதலில் உங்கள் பான் கார்டுக்குத் தேவையானதைச் சொல்கிறேன்,முதலில்   உங்கள்   பா ன்   கார் டுக்கு த்   தேவை யான தை ச்   சொல் கி றே ன்,15
2459,நீங்கள் இந்தியர்தானே,நீங்கள்   இந்தி யர் தா னே,5
2460,ஆமாம்,ஆ மா ம்,3
2461,நான் இந்தியன்தான்,நான்   இந்திய ன் தான்,4
2462,உங்கள் கார்டுக்கு நீங்கள் மூன்று டாகுமெண்ட்ஸ் தர வேண்டியிருக்கும் மேடம்,உங்கள்   கார் டுக்கு   நீங்கள்   மூன்று   டா கு மெ ண்ட் ஸ்   தர   வேண்டி யிரு க்கும்   மே டம்,16
2463,"உங்கள் ஐடி ப்ரூஃப், அட்ரஸ் ப்ரூஃப், பிறந்த தேதிக்கான ப்ரூஃப் தேவைப்படும்","உங்கள்   ஐ டி   ப் ரூஃ ப் ,   அ ட் ரஸ்   ப் ரூஃ ப் ,   பிறந்த   தேதி க்கான   ப் ரூஃ ப்   தேவை ப்படும்",22
2464,இதுக்கெல்லாம் நான் என்னென்ன டாகுமெண்ட்ஸ் தர வேண்டியிருக்கும்,இது க்கெ ல் லாம்   நான்   என் னெ ன்ன   டா கு மெ ண்ட் ஸ்   தர   வேண்டி யிரு க்கும்,17
2465,உங்கள் ஐடி ப்ரூஃபுக்கு ஆதார் கார்டு இல்லையென்றால் வோட்டர் ஐடி இல்லையென்றால் பாஸ்போர்ட் காப்பி தரலாம்,உங்கள்   ஐ டி   ப் ரூஃ பு க்கு   ஆ தார்   கார்டு   இல்லை யெ ன்றால்   வோ ட்டர்   ஐ டி   இல்லை யெ ன்றால்   பா ஸ் போர் ட்   கா ப்பி   தர லாம்,28
2466,"உங்களோட ரேஷன் கார்டு கூட தரலாம், வேற என்னென்ன டாகுமெண்ட்ஸ் எல்லாம் தரலாம் என்று இந்த ஃபார்மில் ஒரு லிஸ்ட் இருக்கிறது","உ ங்க ளோ ட   ரே ஷன்   கார்டு   கூட   தர லாம்,   வே ற   என் னெ ன்ன   டா கு மெ ண்ட் ஸ்   எல் லாம்   தர லாம்   என்று   இந்த   ஃ பார் மில்   ஒரு   லி ஸ்ட்   இருக்கிற து",34
2467,எதுவாக இருந்தாலும் அதில் உங்கள் ஃபோட்டோ இருக்க வேண்டும்,எது வாக   இருந்தா லும்   அதில்   உங்கள்   ஃ போ ட்டோ   இருக்க   வேண்டும்,11
2468,உங்களுக்குப் புரிகிறதா,உங்களுக்கு ப்   புரி கிற தா,5
2469,புரிகிறது சார்,புரி கிறது   சார்,3
2470,உங்கள் அட்ரஸ் ப்ரூஃபுக்கு மூன்று மாதங்களுக்குள் இருக்கும் ஏதாவது ஒரு பில் கொடுக்கலாம்,உங்கள்   அ ட் ரஸ்   ப் ரூஃ பு க்கு   மூன்று   மாத ங்களுக்கு ள்   இருக்கும்   ஏ தாவது   ஒரு   பில்   கொ டுக்க லாம்,20
2471,"பில் என்றால், ஃபோன் லேண்ட்லைன் பில், இல்லையென்றால் கரண்ட் பில், இல்லையென்றால் வாட்டர் டாக்ஸ் பில், இப்படி எது வேண்டுமானாலும் இருக்கலாம்","பில்   என்றால்,   ஃ போ ன்   லே ண்ட் லை ன்   பி ல்,   இல்லை யெ ன்றால்   கர ண்ட்   பி ல்,   இல்லை யெ ன்றால்   வா ட்டர்   டா க்ஸ்   பி ல்,   இ ப்படி   எது   வேண்டு மா னா லும்   இருக்க லாம்",36
2472,இது எல்லாம் இந்த ஃபார்மில் இருக்கிறது,இது   எல் லாம்   இந்த   ஃ பார் மில்   இருக்கிற து,9
2473,உங்கள் போஸ்ட் ஆஃபீஸ் பாஸ்புக்கோட காப்பி இல்லையென்றால் பாஸ்போர்ட் காப்பியைக் கூட தரலாம்,உங்கள்   போ ஸ்ட்   ஆ ஃ பீ ஸ்   பா ஸ் பு க்கோ ட   கா ப்பி   இல்லை யெ ன்றால்   பா ஸ் போர் ட்   கா ப்பி யை க்   கூட   தர லாம்,28
2474,"எதுவாக இருந்தாலும், அதில் உங்கள் அட்ரஸ் இருக்க வேண்டும்","எது வாக   இருந்தா லும்,   அதில்   உங்கள்   அ ட் ரஸ்   இருக்க   வேண்டும்",11
2475,சொல்வது புரிகிறதா,சொல் வது   புரி கிற தா,5
2476,"புரிந்தது, அப்புறம் பிறந்த தேதிக்கு என்ன செய்வது","புரி ந்த து,   அ ப்புற ம்   பிறந்த   தேதி க்கு   என்ன   செய்வது",11
2477,பர்த் சர்டிஃபிகேட் இல்லையென்றால் பாஸ்போர்ட் இருந்தால் போதும்,பர் த்   சர் டிஃ பி கேட்   இல்லை யெ ன்றால்   பா ஸ் போர் ட்   இருந்தால்   போது ம்,16
2478,"உங்கள் மகளோட கார்டுக்கு, அவர்கள் ரெண்டு டாகுமெண்ட்ஸ் தர வேண்டும்","உங்கள்   மக ளோ ட   கார் டுக்கு ,   அவர்கள்   ரெ ண்டு   டா கு மெ ண்ட் ஸ்   தர   வேண்டும்",17
2479,ஐடி ப்ரூஃப் அப்புறம் அட்ரஸ் ப்ரூஃப்,ஐ டி   ப் ரூஃ ப்   அ ப்புற ம்   அ ட் ரஸ்   ப் ரூஃ ப்,14
2480,ரெண்டுக்கும் பாஸ்போர்ட் கொடுத்தால்கூட போதும்,ரெ ண்டு க்கும்   பா ஸ் போர் ட்   கொடு த்தால் கூட   போது ம்,12
2481,நல்லது,நல்ல து,2
2482,இதோ உங்கள் லிஸ்ட்,இ தோ   உங்கள்   லி ஸ்ட்,5
2483,என்னென்ன டாகுமென்ட்ஸ் வேண்டும் என்று இதில் இருக்கிறது,என் னெ ன்ன   டா கு மென் ட்ஸ்   வேண்டும்   என்று   இதில்   இருக்கிற து,12
2484,கார்டு கிடைக்க எவ்வளவு நாள் ஆகும்,கார்டு   கிடை க்க   எவ்வளவு   நாள்   ஆ கும்,7
2485,குறைந்தது 15இல் இருந்து 20 வேலை நாட்கள் வரைக்கும் ஆகும்,குறைந்த து   15 இல்   இருந்து   20   வேலை   நாட் கள்   வரை க்கும்   ஆ கும்,13
2486,"உள்ளே வரலாமா, சார்","உள் ளே   வரலா மா ,   சார்",6
2487,வாருங்கள்,வா ரு ங்கள்,3
2488,உட்காருங்கள்,உட் கா ரு ங்கள்,4
2489,"சொல்லுங்கள், உங்களுக்கு என்ன வேண்டும்","சொல் லு ங்கள்,   உங்களுக்கு   என்ன   வேண்டும்",6
2490,"சார், நான் ஹோப் என்ஜிஓவில் இருந்து வருகிறேன்","சா ர்,   நான்   ஹோ ப்   என் ஜி ஓ வில்   இருந்து   வரு கி றே ன்",14
2491,சமுதாயத்தில் பின்தங்கியுள்ள மாணவர்களுக்காக நாங்கள் சில பள்ளிகளை நடத்திக்கொண்டு இருக்கிறோம்,ச மு தா ய த்தில்   பின் த ங்கி யுள்ள   மாண வர் களுக்காக   நா ங்கள்   சில   பள்ளி களை   நடத்தி க்கொண்டு   இரு க்கி றோ ம்,23
2492,குடிசைவாழ் பகுதிகளில் எங்களுடைய பள்ளிகள் 3 உள்ளன,குடி சை வாழ்   பகுதிகளில்   எ ங்களு டைய   பள்ளி கள்   3   உள்ளன,11
2493,அருமையான விஷயம்,அரு மையான   விஷ யம்,4
2494,உண்மையாகவே ஒரு நல்ல முயற்சி,உண் மையாக வே   ஒரு   நல்ல   முயற்சி,6
2495,நான் இதில் என்ன உதவி செய்ய வேண்டும்,நான்   இதில்   என்ன   உதவி   செய்ய   வேண்டும்,6
2496,"உங்கள் ஆஃபீஸைப் பற்றி எனக்குச் சில தகவல்கள் வேண்டும், சார்","உங்கள்   ஆ ஃ பீ ஸை ப்   பற்றி   என க்கு ச்   சில   தகவல் கள்   வேண்டும்,   சார்",15
2497,எங்களிடம் படிக்கும் மாணவர்கள் தொழிலாளர் குடும்பத்தைச் சேர்ந்தவர்கள் என்று உங்களுக்குத் தெரியும்,எ ங்களி டம்   படி க்கும்   மாண வர்கள்   தொழி லா ளர்   குடும்ப த்தை ச்   சேர்ந்த வர்கள்   என்று   உங்களுக்கு த்   தெரி யும்,20
2498,எங்களிடம் 10ஆம் வகுப்பு முடித்த மாணவர்களுக்கு ஏதேனும் வேலை வாய்ப்பு இருக்குமா என்று அறிய விரும்புகிறேன்,எ ங்களி டம்   10 ஆம்   வகு ப்பு   முடி த்த   மாண வர்களுக்கு   ஏதேனும்   வேலை   வாய்ப்பு   இரு க்கு மா   என்று   அறிய   விரும்பு கி றே ன்,23
2499,"சொல்லுங்கள், நீங்கள் என்ன அறிய விரும்புகிறீர்கள்","சொல் லு ங்கள்,   நீங்கள்   என்ன   அறிய   விரும்பு கிறீர்கள்",8
2500,இது ஒரு நல்ல யோசனை,இது   ஒரு   நல்ல   யோ சனை,5
2501,ஆனால் அவர்கள் படிக்கும்போதே வேலை செய்வார்களா,ஆனால்   அவர்கள்   படி க்கும் போ தே   வேலை   செய் வார் களா,10
2502,"இல்லை சார், அப்படி இல்லை","இல்லை   சா ர்,   அ ப்படி   இல்லை",6
2503,அடுத்த மாதம் அவர்களுடைய 10ஆம் வகுப்புத் தேர்வுகள் முடிந்துவிடும்,அடுத்த   மாதம்   அவர் களு டைய   10 ஆம்   வகு ப்பு த்   தேர் வுகள்   முடி ந்து வி டும்,16
2504,"அதனால், தேர்வுகளுக்குப் பிறகு அவர்கள் பணம் சம்பாதிக்கும் விதமாக எங்காவது வேலை செய்ய வேண்டும் என்று நினைக்கிறோம்","அத னால்,   தேர்வு களுக்கு ப்   பிறகு   அவர்கள்   பணம்   சம்பா தி க்கும்   வித மாக   எ ங்கா வது   வேலை   செய்ய   வேண்டும்   என்று   நினை க்கி றோ ம்",24
2505,"இதனால், அவர்கள் ஒழுக்கம், குழுப்பணி போன்றவற்றையும் கற்றுக்கொள்வார்கள்","இத னால்,   அவர்கள்   ஒழு க்க ம்,   குழு ப்பணி   போன்ற வற்றை யும்   க ற்று க்கொள் வா ர்கள்",16
2506,"ஓ, அப்படியா, செய்துவிடலாம்","ஓ ,   அ ப்படி யா ,   செய்து விட லாம்",9
2507,அது அவர்களுக்கும் நல்லதாகவே இருக்கும்,அது   அவர் களுக்கும்   நல்ல தாக வே   இருக்கும்,7
2508,அவர்களாலும் பல்வேறு விஷயங்களைக் கற்றுக்கொள்ள முடியும்,அவர் களா லும்   பல்வேறு   விஷய ங்களை க்   க ற்று க்கொள்ள   முடியும்,11
2509,"ஆமாம், சார், அந்த குடிசைச் சூழலுக்கு அவர்கள் திரும்பிச் சென்றுவிடக்கூடாது என்று நாங்கள் நினைக்கிறோம்","ஆ மா ம்,   சா ர்,   அந்த   குடி சை ச்   சூழ லுக்கு   அவர்கள்   திரும்பி ச்   சென்று விட க்கூடா து   என்று   நா ங்கள்   நினை க்கி றோ ம்",25
2510,அவர்கள் ஏதாவது ஆஃபீஸில் வேலை செய்யத் தொடங்கினால் அவர்களுக்கும் பணிக் கலாச்சாரத்தின் அறிமுகம் கிடைக்கும்,அவர்கள்   ஏ தாவது   ஆ ஃ பீ ஸில்   வேலை   செய்ய த்   தொடங்கி னால்   அவர் களுக்கும்   பணி க்   கலாச்சார த்தின்   அறிமுக ம்   கிடை க்கும்,22
2511,"ஆமாம், அது அவர்களுக்கு உத்வேகம் அளிப்பதாக இருக்கும்","ஆ மா ம்,   அது   அவர்களுக்கு   உ த் வே கம்   அளி ப்பதாக   இருக்கும்",12
2512,என்னுடைய பேக்கேஜிங் யூனிட்டில் சிலருக்கு வேலை கொடுக்க முடியுமா என்று பார்க்கிறேன்,என் னு டைய   பே க்கே ஜி ங்   யூனி ட்டில்   சில ருக்கு   வேலை   கொ டுக்க   முடி யு மா   என்று   பார் க்கி றே ன்,22
2513,நீங்கள் கொடுத்த நம்பிக்கைக்கு ரொம்ப நன்றி,நீங்கள்   கொ டுத்த   நம்பிக்கை க்கு   ரொ ம்ப   ந ன்றி,9
2514,தேர்வுகள் முடிந்ததும் சில மாணவர்களை நான் அழைத்து வருகிறேன்,தேர் வுகள்   முடிந்த தும்   சில   மாண வர்களை   நான்   அழைத்து   வரு கி றே ன்,13
2515,உங்கள் உதவும் உள்ளத்திற்கு மறுபடியும் நன்றி கூறிக்கொள்கிறேன்,உங்கள்   உத வும்   உள்ள த்திற்கு   மறு படி யும்   ந ன்றி   கூறி க்கொள் கி றே ன்,15
2516,இந்த லிட்டி எனக்கு இட்லியை நியாபகப் படுத்துகிறது,இந்த   லி ட்டி   என க்கு   இ ட் லி யை   நி யா பக ப்   ப டுத்து கிறது,16
2517,இரண்டும் மிகவும் மாறுபட்டவை ஆனால் பார்ப்பதற்கு ஒரே மாதிரியாக இருப்பதுபோல் தோன்றுகிறது,இரண்டு ம்   மிகவும்   மாறு பட்ட வை   ஆனால்   பார் ப்பதற்கு   ஒரே   மாதிரி யாக   இருப்பது போல்   தோன்று கிறது,16
2518,"ஆமாம், இது பீகாரின் முக்கிய உணவு","ஆ மா ம்,   இது   பீ கா ரின்   முக்கிய   உணவு",9
2519,இதனுடைய சைடு டிஷ் பெயர் சோக்கா,இத னு டைய   சை டு   டி ஷ்   பெயர்   சோ க்கா,10
2520,"லிட்டி கோதுமையில் செய்யப்படுகிறது, சோக்கா கத்திரிக்காயையும் தக்காளியையும் பயன்படுத்திச் செய்யப்படுகிறது","லி ட்டி   கோ து மை யில்   செய்ய ப்படுகிறது,   சோ க்கா   க த்தி ரிக்கா யையும்   த க்கா ளி யையும்   ப யன்படுத்தி ச்   செய்ய ப்படு கிறது",24
2521,இதில் என்ன எண்ணெய் பயன்படுத்துகிறார்கள்,இதில்   என்ன   எண் ணெ ய்   பயன்படுத்து கிறா ர்கள்,8
2522,கேரளத்து சமையலில் பயன்படுத்துவது போல் இல்லையே,கேர ள த்து   ச மைய லில்   பயன்படுத்து வது   போல்   இல்லை யே,11
2523,சோக்காவில் கடுகு எண்ணெய் பயன்படுத்தப்படுகிறது,சோ க்கா வில்   கடு கு   எண் ணெ ய்   பயன்படுத்த ப்படு கிறது,11
2524,பீகாரி சமையல் முழுவதிலும் கடுகு எண்ணெய் தான் பயன்படுத்தப்படுகிறது,பீ கா ரி   ச மை யல்   முழு வதி லும்   கடு கு   எண் ணெ ய்   தான்   பயன்படுத்த ப்படு கிறது,18
2525,உன் முன்னால் இருக்கிற டிஷ் பெயர் என்ன,உ ன்   முன் னால்   இருக்கிற   டி ஷ்   பெயர்   என்ன,9
2526,"இது புட்டு, இதைப் பொதுவாக கறுப்புக் கொண்டைக் கடலையுடன் சாப்பிடுவோம்","இது   பு ட்டு ,   இதை ப்   பொதுவாக   க று ப்பு க்   கொ ண்டை க்   கட லை யுடன்   சா ப்பிடு வோ ம்",21
2527,"இதில் பல்வேறு வகைகள் உள்ளன, இன்று நான் ஆர்டர் செய்திருப்பது அரிசி மாவில் செய்த புட்டு","இதில்   பல்வேறு   வகை கள்   உள்ளன,   இன்று   நான்   ஆர்டர்   செய் திரு ப்பது   அரி சி   மா வில்   செய்த   பு ட்டு",18
2528,"ஓ, இந்தக் கறுப்புக் கொண்டைக் கடலை சைடு டிஷ் காரமாக இருக்குமா","ஓ ,   இந்த க்   க று ப்பு க்   கொ ண்டை க்   கட லை   சை டு   டி ஷ்   கார மாக   இரு க்கு மா",22
2529,நான் இதற்கு முன்னால் புட்டு பற்றி கேள்விப்பட்டதில்லை,நான்   இதற்கு   முன் னால்   பு ட்டு   பற்றி   கேள்வி ப்பட்ட தில் லை,11
2530,அதன் மேல் தேங்காய்ப்பூ தூவியிருக்கிறதா,அதன்   மேல்   தே ங்கா ய் ப்பூ   தூ வி யிரு க்கிற தா,11
2531,"ஆமாம், பெரும்பாலான கேரள உணவுகளில் பொதுவாகத் தேங்காய் பயன்படுத்தப்படுகிறது","ஆ மா ம்,   பெரும்பாலான   கேர ள   உணவு களில்   பொதுவாக த்   தே ங்கா ய்   பயன்படுத்த ப்படு கிறது",16
2532,நிறைய மசாலாக்களும் போடுவதால் அவை உப்புகாரமாகவும் இருக்கும்,நிறை ய   ம சா லா க்க ளும்   போ டு வதால்   அவை   உ ப்பு கார மாகவும்   இருக்கும்,16
2533,உனக்கு லிட்டி ரொம்பப் பிடிக்குமா,உ ன க்கு   லி ட்டி   ரொ ம்ப ப்   பிடி க்கு மா,11
2534,எனக்குப் பிடித்த உணவுகளில் இதுவும் ஒன்று,என க்கு ப்   பிடி த்த   உணவு களில்   இது வும்   ஒன்று,10
2535,சத்து கா பராத்தா தான் எனக்குப் பிடித்த பீகாரி உணவு,ச த்து   கா   பரா த்தா   தான்   என க்கு ப்   பிடி த்த   பீ கா ரி   உணவு,15
2536,பார்ப்பதற்கு இந்திய டாகோ மாதிரி இருக்கும்,பார் ப்பதற்கு   இந்திய   டா கோ   மாதிரி   இருக்கும்,7
2537,"நான் அதைப் பற்றிக் கேள்விப்பட்டதில்லை, அது ஆரோக்கியமான உணவா","நான்   அதை ப்   பற்றி க்   கேள்வி ப்பட்ட தில் லை ,   அது   ஆ ரோ க்கிய மான   உண வா",17
2538,"ஆமாம், அது மிகவும் ஆரோக்கியமான உணவு","ஆ மா ம்,   அது   மிகவும்   ஆ ரோ க்கிய மான   உணவு",10
2539,கொண்டைக்கடலை மாவுடன் மசாலாக்கள் சேர்த்து இது செய்யப்படுகிறது,கொ ண்டை க்கட லை   மா வுடன்   ம சா லா க்கள்   சேர்த்து   இது   செய்ய ப்படு கிறது,15
2540,"இது புளிப்பாக இருக்கும், அதனாலேயே எனக்கு இதை ரொம்பப் பிடிக்கும்","இது   பு ளி ப்பாக   இருக்கும்,   அத னா லேயே   என க்கு   இதை   ரொ ம்ப ப்   பிடி க்கும்",16
2541,"நீ சொல்லு, கேரள உணவில் உனக்கு எது ரொம்பப் பிடிக்கும்","நீ   சொல் லு ,   கேர ள   உண வில்   உ ன க்கு   எது   ரொ ம்ப ப்   பிடி க்கும்",17
2542,ஆப்பம் ஸ்டூ எனக்கு ரொம்பப் பிடிக்கும்,ஆ ப்ப ம்   ஸ் டூ   என க்கு   ரொ ம்ப ப்   பிடி க்கும்,12
2543,"புளிக்கவைத்த அரிசிமாவில் இருந்து தயாரிக்கப்படுகிறது, சுற்றி மொறுமொறுப்பாக இருக்கும் ஒருவகையான தோசை இது","பு ளி க்க வை த்த   அரி சி மா வில்   இருந்து   தயாரி க்கப்படு கிறது,   சு ற்றி   மொ று மொ று ப்பாக   இருக்கும்   ஒரு வகையான   தோ சை   இது",26
2544,ருசியாக இருக்கும் போலிருக்கிறதே,ரு சி யாக   இருக்கும்   போ லிரு க்கிற தே,8
2545,நாம் இதை அடிக்கடி செய்வோம்,நா ம்   இதை   அடிக்கடி   செய் வோ ம்,7
2546,"எக்ஸ்கியூஸ் மீ, இங்கே க்ளூட்டன் இல்லாத உணவு கிடைக்குமா","எ க்ஸ் கி யூ ஸ்   மீ ,   இ ங்கே   க் ளூ ட்ட ன்   இல்லாத   உணவு   கிடை க்கு மா",18
2547,எனக்கு டயபடீஸும் க்ளூட்டன் அலர்ஜியும் இருக்கு,என க்கு   ட ய ப டீ ஸு ம்   க் ளூ ட்ட ன்   அ லர் ஜி யும்   இரு க்கு,18
2548,"நிச்சயமாகக் கிடைக்கும், நீங்கள் என்ன சாப்பிட விரும்புகிறீர்கள்","நி ச்ச யமாக க்   கிடை க்கும்,   நீங்கள்   என்ன   சா ப்பிட   விரும்பு கிறீர்கள்",12
2549,உங்களிடம் இருக்கும் உணவு வகைகளை நீங்களே பரிந்துரை செய்யுங்கள்,உங்களிடம்   இருக்கும்   உணவு   வகை களை   நீ ங்களே   பரிந்துரை   செய் யு ங்கள்,11
2550,உங்கள் ரெஸ்டாரண்டில் மிகவும் ஆரோக்கியமான உணவு கிடைக்கும் என்று நான் கேள்விப்பட்டேன்,உங்கள்   ரெ ஸ்டா ர ண்டி ல்   மிகவும்   ஆ ரோ க்கிய மான   உணவு   கிடை க்கும்   என்று   நான்   கேள்வி ப்ப ட் டே ன்,21
2551,"க்ளூட்டன் இல்லாத உணவு வேண்டியவர்களுக்கு அரிசி, கார்ன், ஃபிளாக்ஸ் சீட், சிறுதானிய உணவுகளை வழங்குகிறோம்","க் ளூ ட்ட ன்   இல்லாத   உணவு   வேண்டிய வர்களுக்கு   அரி சி ,   கார் ன்,   ஃபி ளா க்ஸ்   சீ ட்,   சிறு தா னிய   உணவு களை   வழங்கு கி றோ ம்",27
2552,பலவகையான சாலட்களும் ஸ்மூதிகளும் கூட கிடைக்கும்,பல வகையான   சா ல ட் களும்   ஸ் மூ தி களும்   கூட   கிடை க்கும்,13
2553,டயபடீஸ் உள்ளவர்கள் சாப்பிடக்கூடிய உணவு வகைகளும் இருக்கின்றன,ட ய ப டீ ஸ்   உள்ள வர்கள்   சா ப்பிட க்கூடிய   உணவு   வகை களும்   இரு க்கின்ற ன,16
2554,க்ளூட்டன் இல்லாத உள்ளூர் உணவு வகைகள் இருக்கின்றனவா,க் ளூ ட்ட ன்   இல்லாத   உள்ளூர்   உணவு   வகை கள்   இரு க்கின்ற ன வா,13
2555,மஷ்ரூம் பிரவுன் ரைஸ் அல்லது சிக்கன் கின்வா பிரியாணி மாதிரியான உணவுகள்,ம ஷ் ரூ ம்   பிர வு ன்   ரை ஸ்   அல்லது   சிக்க ன்   கின் வா   பிரி யா ணி   மாதிரி யான   உண வுகள்,21
2556,"ஆமாம், இந்த உணவுகளும் இங்கே கிடைக்கும்","ஆ மா ம்,   இந்த   உணவு களும்   இ ங்கே   கிடை க்கும்",10
2557,"க்ளூட்டன் இல்லாத சூப் வகைகளும் எங்களிடம் உள்ளன, அதையும் நீங்கள் சாப்பிட்டுப் பார்க்கலாம்","க் ளூ ட்ட ன்   இல்லாத   சூ ப்   வகை களும்   எ ங்களி டம்   உள்ளன,   அதை யும்   நீங்கள்   சா ப்பி ட்டு ப்   பார்க்க லாம்",22
2558,டயபடிக் உணவுகள் மெனுவில் இருந்து நீங்கள் என்ன சாப்பிட விரும்புகிறீர்கள்,ட ய படி க்   உண வுகள்   மெ னு வில்   இருந்து   நீங்கள்   என்ன   சா ப்பிட   விரும்பு கிறீர்கள்,16
2559,ஒரு சாபுதானா கிச்சடியும் அப்போதே சொன்ன மஷ்ரூம் பிரவுன் ரைஸும் கொடுங்கள்,ஒரு   சா பு தா னா   கி ச்ச டி யும்   அ ப்போ தே   சொ ன்ன   ம ஷ் ரூ ம்   பிர வு ன்   ரை ஸு ம்   கொடு ங்கள்,26
2560,சூப் வகைகள் என்னென்ன இருக்கின்றன,சூ ப்   வகை கள்   என் னெ ன்ன   இரு க்கின்ற ன,10
2561,க்ளூட்டன் இல்லாத ஃபிரெஞ்சு ஆனியன் சூப் இருக்கிறது,க் ளூ ட்ட ன்   இல்லாத   ஃபி ரெ ஞ்சு   ஆ னி யன்   சூ ப்   இருக்கிற து,15
2562,நாங்கள் காரப் பட்டாணி சூப்பும் தயாரிக்கிறோம்,நா ங்கள்   கார ப்   ப ட்டா ணி   சூ ப்பு ம்   தயாரி க்கி றோ ம்,14
2563,ப்போ போ அப்புறம் மேற்கு ஆப்பிரிக்க பீநட் பட்டர் சூப்பும் இருக்கிறது,ப்போ   போ   அ ப்புற ம்   மேற்கு   ஆ ப்பிரி க்க   பீ ந ட்   ப ட்டர்   சூ ப்பு ம்   இருக்கிற து,19
2564,"ஃபிரெஞ்சு ஆனியன் சூப் நன்றாக இருக்கும் போல் இருக்கிறது, அது இரண்டு கொடுங்கள்","ஃபி ரெ ஞ்சு   ஆ னி யன்   சூ ப்   ந ன்றா க   இருக்கும்   போல்   இருக்கிற து,   அது   இரண்டு   கொடு ங்கள்",19
2565,டயபடீஸ் உள்ளவர்கள் சாப்பிடும்படியான இனிப்புகள் கிடைப்பது கஷ்டம் என்பதால் நான் பொதுவாக இனிப்புகளைச் சாப்பிடுவதில்லை,ட ய ப டீ ஸ்   உள்ள வர்கள்   சா ப்பி டும்ப டி யான   இ னி ப்புகள்   கிடை ப்பது   க ஷ் டம்   என்ப தால்   நான்   பொதுவாக   இ னி ப்புகளை ச்   சா ப்பிடு வதில் லை,32
2566,"கவலைப்படாதீர்கள், எங்களிடம் டயபடீஸ் உள்ளவர்களுக்கு ஏற்ற இனிப்பு வகைகளும் உள்ளன","கவ லை ப்படா தீ ர்கள்,   எ ங்களி டம்   ட ய ப டீ ஸ்   உள்ள வர்களுக்கு   ஏற்ற   இ னி ப்பு   வகை களும்   உள்ளன",22
2567,லோ-கார்ப் பீநட் பட்டர் குக்கீஸ் அல்லது சாக்லேட் கீட்டோ ஃபேட் பாம்சை சாப்பிட்டுப் பார்க்கலாம்,லோ - கார் ப்   பீ ந ட்   ப ட்டர்   கு க் கீ ஸ்   அல்லது   சா க் லே ட்   கீ ட்டோ   ஃ பே ட்   பா ம் சை   சா ப்பி ட்டு ப்   பார்க்க லாம்,32
2568,நல்ல புரோட்டீன் சீஸ் கேக்கும் இருக்கிறது,நல்ல   பு ரோ ட் டீ ன்   சீ ஸ்   கே க்கும்   இருக்கிற து,12
2569,டயபடீஸ் இருப்பதால் நான் சீஸ்கேக் சாப்பிட்டே ரொம்ப நாட்கள் ஆகிவிட்டன,ட ய ப டீ ஸ்   இருப்ப தால்   நான்   சீ ஸ்கே க்   சா ப்பி ட் டே   ரொ ம்ப   நாட் கள்   ஆகி விட்ட ன,22
2570,"எனக்கு ஒரு ப்ரோட்டீன் சீஸ்கேக், அவர்களுக்கு ஒரு லோ-கார்ப் பீநட் பட்டர் குக்கி","என க்கு   ஒரு   ப் ரோ ட் டீ ன்   சீ ஸ்கே க்,   அவர்களுக்கு   ஒரு   லோ - கார் ப்   பீ ந ட்   ப ட்டர்   கு க்கி",24
2571,அருமையான ரெஸ்டாரண்ட் உங்களுடையது,அரு மையான   ரெ ஸ்டா ர ண்ட்   உங்களுடைய து,8
2572,பாராட்டுக்கு நன்றி,பாரா ட்டு க்கு   ந ன்றி,5
2573,மறக்காமல் கூகுளில் எங்களைப் பற்றி கருத்தைப் பதிவு செய்யுங்கள்,ம ற க்காமல்   கூ குளி ல்   எ ங்களை ப்   பற்றி   கரு த்தை ப்   பதிவு   செய் யு ங்கள்,17
2574,உங்களுக்கு என்ன வேண்டுமென்றாலும் என்னிடம் கேளுங்கள்,உங்களுக்கு   என்ன   வேண்டு மெ ன்றா லும்   என் னி டம்   கே ளு ங்கள்,12
2575,கண்டிப்பாக ஒரு நல்ல கருத்தை வழங்குகிறேன்,க ண்டி ப்பாக   ஒரு   நல்ல   கரு த்தை   வழங்கு கி றே ன்,11
2576,"உள்ளே வரலாமா, சார்","உள் ளே   வரலா மா ,   சார்",6
2577,"வாங்க, உட்காருங்க","வாங்க ,   உட் கா ரு ங்க",6
2578,"என்ன வேண்டும், சொல்லுங்கள்","என்ன   வேண்டும்,   சொல் லு ங்கள்",5
2579,என் பெயர் ஆனந்த் யாதவ்,என்   பெயர்   ஆன ந்த்   யாத வ்,6
2580,என்னுடைய சேவிங்க்ஸ் அக்கவுண்ட்டில் இருந்து பணம் எடுக்க வேண்டும்,என் னு டைய   சே வி ங் க்ஸ்   அ க்க வு ண் ட்டில்   இருந்து   பணம்   எடுக்க   வேண்டும்,16
2581,எப்படி வித்ட்ரா பண்ண வேண்டுமென்று தெரியவில்லை,எப்படி   வி த் ட் ரா   பண் ண   வேண்டு மெ ன்று   தெரிய வில்லை,12
2582,எனக்குக் கொஞ்சம் உதவ முடியுமா,என க்கு க்   கொ ஞ்ச ம்   உத வ   முடி யு மா,11
2583,"நிச்சயமாக, சார்","நி ச்ச யமாக ,   சார்",5
2584,முதலில் இந்த வித்ட்ராயல் ஃபார்மை நிரப்ப வேண்டும்,முதலில்   இந்த   வி த் ட் ரா யல்   ஃ பார் மை   நி ரப்ப   வேண்டும்,13
2585,"கீழே இருக்கும் காலியிடங்களில் உங்கள் அக்கவுண்ட் நம்பர், பெயர், மொபைல் நம்பர், அட்ரஸ் எல்லாம் எழுதுங்கள்","கீழே   இருக்கும்   கா லி யிட ங்களில்   உங்கள்   அ க்க வு ண்ட்   நம்ப ர்,   பெய ர்,   மொ பை ல்   நம்ப ர்,   அ ட் ரஸ்   எல் லாம்   எழு து ங்கள்",28
2586,"சரி, நான் இங்கே கையெழுத்துப் போட வேண்டுமா","சரி ,   நான்   இ ங்கே   கை யெ ழு த்து ப்   போ ட   வேண்டு மா",14
2587,"ஆமாம், கையெழுத்து போடுங்கள்","ஆ மா ம்,   கை யெ ழு த்து   போ டு ங்கள்",10
2588,எவ்வளவு பணம் வித்ட்ரா பண்ண விரும்புகிறீர்கள்,எவ்வளவு   பணம்   வி த் ட் ரா   பண் ண   விரும்பு கிறீர்கள்,10
2589,"1,00,000 ருபாய் வித்ட்ரா பண்ண வேண்டும்","1, 00 ,000   ரு பாய்   வி த் ட் ரா   பண் ண   வேண்டும்",12
2590,தொகையை வார்த்தையிலும் எண்களாகவும் இந்த ஃபார்மில் நிரப்புங்கள்,தொகையை   வார்த்தை யிலும்   எண் களாக வும்   இந்த   ஃ பார் மில்   நி ர ப்பு ங்கள்,14
2591,வித்ட்ராயல் ஃபார்மில் கீழே உங்கள் கையெழுத்தைப் போட மறக்க வேண்டாம்,வி த் ட் ரா யல்   ஃ பார் மில்   கீழே   உங்கள்   கை யெ ழு த்தை ப்   போ ட   ம ற க்க   வேண்டா ம்,22
2592,"சரி, நினைவில் வைத்துக் கொள்கிறேன்","சரி ,   நினை வில்   வைத்து க்   கொள் கி றே ன்",10
2593,இதில் வித்ட்ராயல் கவுண்ட்டர் எது,இதில்   வி த் ட் ரா யல்   கவு ண் ட்டர்   எது,10
2594,2 ஆம் நம்பர் கவுண்ட்டருக்குச் செல்லுங்கள்,2   ஆம்   ந ம்பர்   கவு ண் ட்ட ருக்கு ச்   செல் லு ங்கள்,12
2595,அந்தக் கவுண்ட்டரில் இருக்கும் ஊழியர் கஸ்டமரின் அக்கவுண்ட் நம்பரையும் பெயரையும் உறுதிப்படுத்திக் கொள்வார்,அந்த க்   கவு ண் ட்ட ரில்   இருக்கும்   ஊழி யர்   க ஸ் ட ம ரின்   அ க்க வு ண்ட்   நம்ப ரை யும்   பெயரை யும்   உறுதி ப்படுத்தி க்   கொள் வார்,28
2596,அப்புறம் உங்களுக்குப் பணம் கிடைக்கும்,அ ப்புற ம்   உங்களுக்கு ப்   பணம்   கிடை க்கும்,8
2597,நன்றி,ந ன்றி,2
2598,வேறு ஏதாவது உதவி வேண்டுமா,வேறு   ஏ தாவது   உதவி   வேண்டு மா,6
2599,எனக்கு இன்னொரு உதவியும் வேண்டும்,என க்கு   இன் னொ ரு   உதவி யும்   வேண்டும்,8
2600,பணத்தை வித்ட்ரா செய்த பிறகு அக்கவுண்ட் பேலன்ஸை எப்படிப் பார்ப்பது,பணத்தை   வி த் ட் ரா   செய்த   பிறகு   அ க்க வு ண்ட்   பே ல ன் ஸை   எப்படி ப்   பார் ப்பது,19
2601,கவுண்ட்டரில் இருக்கும் ஊழியரிடம் பாஸ்புக்கில் பேலன்ஸ் தொகையை குறித்துக் கொடுக்கும்படி சொல்லுங்கள்,கவு ண் ட்ட ரில்   இருக்கும்   ஊழி ய ரிடம்   பா ஸ் பு க்கில்   பே ல ன்ஸ்   தொகையை   குறித்து க்   கொடு க்கும்ப டி   சொல் லு ங்கள்,24
2602,"சரிங்க, ரொம்ப நன்றி","சரி ங்க ,   ரொ ம்ப   ந ன்றி",7
2603,நல்லது சார்,நல்ல து   சார்,3
2604,மதிப்புமிக்க கஸ்டமராக இருப்பதற்கு நன்றி,மதிப்பு மிக்க   க ஸ் ட ம ராக   இருப்ப தற்கு   ந ன்றி,11
2605,மீண்டும் வருக,மீண்டும்   வரு க,3
2606,உனக்கு ஸ்போர்ட்ஸ் படங்கள் பிடிக்குமா,உ ன க்கு   ஸ் போர் ட்ஸ்   பட ங்கள்   பிடி க்கு மா,11
2607,உண்மையான விளையாட்டு வீரர்களின் கதையைச் சொல்லும் திரைப்படங்கள்,உண்மையான   விளையாட்டு   வீரர் களின்   கதை யை ச்   சொல் லும்   திரைப்பட ங்கள்,11
2608,ரொம்பவும் உற்சாகமூட்டுபவையாக இருக்கும்,ரொ ம்ப வும்   உ ற் சாக மூ ட்டு ப வையாக   இருக்கும்,11
2609,மேரி கோம் படத்தைப் பார்த்த பிறகு எனக்கு அந்த மாதிரியான படங்களைப் பிடிக்க ஆரம்பித்துவிட்டது,மே ரி   கோ ம்   பட த்தை ப்   பார் த்த   பிறகு   என க்கு   அந்த   மாதிரி யான   பட ங்களை ப்   பிடி க்க   ஆ ரம் பி த்து விட்ட து,26
2610,அவற்றைப் பார்ப்பது நல்ல உணர்வைக் கொடுக்கிறது,அவற்றை ப்   பார் ப்பது   நல்ல   உணர் வை க்   கொடு க்கிற து,11
2611,"ஓ, எனக்கும் ரொம்பப் பிடிக்கும்","ஓ ,   என க்கும்   ரொ ம்ப ப்   பிடி க்கும்",9
2612,பாக் மில்கா பாக் படம் எனக்கு ரொம்பப் பிடிக்கும்,பாக்   மில் கா   பாக்   படம்   என க்கு   ரொ ம்ப ப்   பிடி க்கும்,12
2613,தடைகள் வீரர் மில்கா சிங் பற்றி 2013 இல் வந்த படம் அது,தடை கள்   வீரர்   மில் கா   சிங்   பற்றி   2013   இல்   வந்த   படம்   அது,12
2614,அவர் எவ்வளவு அற்புதமான மனிதர் தெரியுமா,அவர்   எவ்வளவு   அ ற்பு தமான   மனி தர்   தெரி யு மா,10
2615,அவரைப் பறக்கும் சீக்கியர் என்றும் கூப்பிடுவார்கள்,அவரை ப்   பற க்கும்   சீக்கிய ர்   என்றும்   கூ ப்பிடு வா ர்கள்,11
2616,"ஓ, எனக்கும் அவரை ரொம்பப் பிடிக்கும்","ஓ ,   என க்கும்   அவரை   ரொ ம்ப ப்   பிடி க்கும்",10
2617,ஏஷியன் கேம்ஸிலும் காமன்வெல்த் கேம்ஸிலும் 400 மீட்டர் ஓட்டப் பந்தயத்தில் தங்கம் வென்ற ஒரே தடகள வீரர் அவர்தான்,ஏ ஷி யன்   கே ம் ஸி லும்   கா மன் வெ ல் த்   கே ம் ஸி லும்   4 00   மீட்டர்   ஓ ட்ட ப்   பந்த ய த்தில்   தங்க ம்   வென்ற   ஒரே   த டக ள   வீரர்   அவர் தான்,35
2618,"சூப்பர், இல்லையா","சூ ப்ப ர்,   இல்லை யா",5
2619,1958 இலும் 1962 இலும் ஏஷியன் கேம்ஸில் அவர் தங்கப்பதக்கம் ஜெயித்தார்,195 8   இ லும்   196 2   இ லும்   ஏ ஷி யன்   கே ம் ஸில்   அவர்   தங்க ப்ப த க்கம்   ஜெ யி த்தா ர்,23
2620,அவரைப் போல ஒருநாள் ஆகவேண்டும் என்பது என்னுடைய குறிக்கோள்,அவரை ப்   போல   ஒரு நாள்   ஆக வேண்டும்   என்பது   என் னு டைய   குறி க்கோ ள்,14
2621,அவர் பத்மஸ்ரீ விருதையும் பெற்றிருக்கிறார்,அவர்   பத் ம ஸ்ரீ   விருதை யும்   பெற்றி ரு க்கிறா ர்,10
2622,அவரை மாதிரியே ஒரு அற்புதமான தடகள வீரராக நானும் ஆன பிறகு நானும் பத்மஸ்ரீ விருதைப் பெற விரும்புகிறேன்,அவரை   மாதிரி யே   ஒரு   அ ற்பு தமான   த டக ள   வீர ராக   நா னும்   ஆன   பிறகு   நா னும்   பத் ம ஸ்ரீ   விருதை ப்   பெற   விரும்பு கி றே ன்,28
2623,அவர் நாலாவதாக வந்த போட்டி எது,அவர்   நா லா வதாக   வந்த   போட்டி   எது,7
2624,1960 ஒலிம்பிக் கேம்ஸின் 400 மீட்டர் இறுதிப் போட்டி அது,196 0   ஒலிம்பிக்   கே ம் ஸின்   4 00   மீட்டர்   இறுதி ப்   போட்டி   அது,13
2625,அவரை எல்லாரும் நியாபகம் வைத்திருக்கும் போட்டி அதுதான்,அவரை   எல் லா ரும்   நி யா ப கம்   வைத்திரு க்கும்   போட்டி   அது தான்,13
2626,ஒருமுறை அவரைப் பற்றி நான் ஒரு புராஜெக்ட் ரிப்போர்ட் எழுதினேன்,ஒருமுறை   அவரை ப்   பற்றி   நான்   ஒரு   புரா ஜெ க் ட்   ரி ப்போ ர் ட்   எழுதி னே ன்,17
2627,அப்போது அவரைப் பற்றி நிறைய படித்தேன்,அப்போது   அவரை ப்   பற்றி   நிறை ய   படி த்தே ன்,9
2628,"அவர் நான்காவதாக முடித்தபோது, அவர் அமைத்த தேசிய ரெக்கார்டை 40 ஆண்டுகளுக்கு யாருமே முறியடிக்கவில்லை","அவர்   நான்கா வதாக   முடி த்த போது,   அவர்   அமை த்த   தேசிய   ரெ க்கா ர் டை   40   ஆண்டுகளுக்கு   யா ரு மே   மு றிய டி க்க வில்லை",24
2629,சின்ன வயதில் இருந்தே அவரைப் பற்றி நிறைய கேள்விப்பட்டுக் கொண்டிருக்கிறேன்,சி ன்ன   வய தில்   இரு ந்தே   அவரை ப்   பற்றி   நிறை ய   கேள்வி ப்பட்டு க்   கொ ண்டிரு க்கி றே ன்,19
2630,என்னுடைய அப்பா அவருடைய மிகப் பெரிய விசிறி,என் னு டைய   அ ப்பா   அவருடைய   மிக ப்   பெரிய   வி சிறி,11
2631,அவருடைய சுயசரிதையையும் படித்திருக்கிறேன்,அவருடைய   சுய சரி தை யையும்   படி த்திரு க்கி றே ன்,10
2632,அதை படித்த பிறகுதான் நான் அந்தப் படத்தையும் பார்த்தேன்,அதை   படி த்த   பிறகு தான்   நான்   அந்த ப்   பட த்தையும்   பார் த்தே ன்,13
2633,ரொம்ப அருமையான படம்,ரொ ம்ப   அரு மையான   படம்,5
2634,அந்தப் படத்திற்கு நிறைய விருதுகளும் கிடைத்துள்ளன,அந்த ப்   பட த்திற்கு   நிறை ய   விருது களும்   கிடை த்து ள்ள ன,12
2635,ஃபர்ஹான் அக்தர் ரொம்ப நன்றாக நடித்திருக்கிறார்,ஃ பர் ஹா ன்   அக் தர்   ரொ ம்ப   ந ன்றா க   நடி த்திரு க்கிறா ர்,15
2636,மில்கா சிங் மாதிரி பெரிய தடகள வீரனாக நீயும் ஆனால் நன்றாக இருக்கும்,மில் கா   சிங்   மாதிரி   பெரிய   த டக ள   வீர னாக   நீ யும்   ஆனால்   ந ன்றா க   இருக்கும்,17
2637,"ஹலோ, இது ஜெய்ப்பூர் சிட்டி பேலஸா","ஹ லோ ,   இது   ஜெய் ப்பூ ர்   சி ட்டி   பே ல ஸா",12
2638,"ஆமாம், உங்களுக்கு என்ன தகவல் வேண்டும்","ஆ மா ம்,   உங்களுக்கு   என்ன   தகவல்   வேண்டும்",7
2639,நான் வெரா என்கிற பிராண்டின் சார்பில் பேசுகிறேன்,நான்   வெ ரா   என் கிற   பிரா ண்டின்   சார் பில்   பேசு கி றே ன்,13
2640,நாங்கள் சென்னையில் இருக்கிற ஒரு சர்வதேச லக்சரி பிராண்டு,நா ங்கள்   சென்னை யில்   இருக்கிற   ஒரு   சர்வதேச   ல க் சரி   பிரா ண்டு,12
2641,பேலஸில் ஒரு ஃபோட்டோ ஷூட் எடுக்க அனுமதி கிடைக்குமா என்று கேட்கத்தான் நான் ஃபோன் பண்ணினேன்,பே ல ஸில்   ஒரு   ஃ போ ட்டோ   ஷூ ட்   எடுக்க   அனுமதி   கிடை க்கு மா   என்று   கேட் க த்தா ன்   நான்   ஃ போ ன்   பண் ணி னே ன்,27
2642,நாங்கள் ஒரு புது தயாரிப்பை அறிமுகப்படுத்தப் போகிறோம்,நா ங்கள்   ஒரு   புது   தயாரி ப்பை   அறிமுக ப்படுத்த ப்   போ கி றோ ம்,13
2643,"சரி, ஏற்பாட்டைச் செய்துவிடலாம்","சரி ,   ஏற் பா ட்டை ச்   செய்து விட லாம்",9
2644,உங்கள் பெயர் சொல்லுங்க,உங்கள்   பெயர்   சொல் லு ங்க,5
2645,"என் பெயர் ஆனந்த், ஐடி ஏதாவது தேவையா","என்   பெயர்   ஆன ந்த் ,   ஐ டி   ஏ தாவது   தேவை யா",11
2646,ஒரு சில டாகுமெண்ட்ஸ் தேவைப்படும்,ஒரு   சில   டா கு மெ ண்ட் ஸ்   தேவை ப்படும்,9
2647,"ஒன்று, உங்கள் கம்பெனி நிஜமாகவே இருக்கிறது என்பதற்கான ஆதாரம்","ஒன்று ,   உங்கள்   கம் பெனி   நி ஜ மாக வே   இருக்கிற து   என்ப தற்கான   ஆ தா ரம்",16
2648,"இரண்டு, உங்கள் குழுவில் இருக்கும் எல்லாருடைய பெயர்களும் அவர்களுடைய ஐடிகளும் தேவை","இரண்டு ,   உங்கள்   குழு வில்   இருக்கும்   எல் லா ரு டைய   பெயர் களும்   அவர் களு டைய   ஐ டி களும்   தேவை",19
2649,கூடவே இன்சார்ஜாக இருப்பவரின் ஐடியும் தேவை,கூட வே   இன் சார் ஜா க   இருப்ப வரின்   ஐ டி யும்   தேவை,12
2650,டாகுமெண்ட்ஸ் எல்லாம் உங்களுக்கு ஈமெயிலில் அனுப்பினால் போதுமா,டா கு மெ ண்ட் ஸ்   எல் லாம்   உங்களுக்கு   ஈ மெ யி லில்   அனுப்பி னால்   போது மா,16
2651,"போதும், ஆனால் ஷூட்டிங் அன்றும் ஐடி ப்ரூஃப் காட்ட வேண்டியிருக்கும்","போது ம்,   ஆனால்   ஷூ ட்டி ங்   அன்று ம்   ஐ டி   ப் ரூஃ ப்   காட்ட   வேண்டி யிரு க்கும்",17
2652,"சரி, புரிகிறது","சரி ,   புரி கிறது",4
2653,இதற்கு எவ்வளவு பணம் கட்டணும்,இதற்கு   எவ்வளவு   பணம்   கட்ட ணு ம்,6
2654,இந்தியர்களுக்கு பேக்கேஜைப் பொறுத்து 200இல் இருந்து 300 ரூபாய் வரைக்கும் இருக்கும்,இந்தி யர் களுக்கு   பே க்கே ஜை ப்   பொறு த்து   200 இல்   இருந்து   3 00   ரூ பாய்   வரை க்கும்   இருக்கும்,19
2655,"மியூசியம் பேக்கேஜில் பேலஸில் உள்ள எல்லா தர்பார்களையும் கேலரிகளையும் பார்க்கலாம், டிரைபாட் இல்லாத கேமராவைக் கொண்டு போகலாம்","மி யூ சிய ம்   பே க்கே ஜி ல்   பே ல ஸில்   உள்ள   எல் லா   தர் பார் களையும்   கே ல ரி களையும்   பார்க்க லாம்,   டி ரை பா ட்   இல்லாத   கே மரா வை க்   கொண்டு   போ க லாம்",36
2656,"காம்போசிட் பேக்கேஜில் முன்னாடி சொன்ன எல்லாவற்றுடன் ஜெய்கரும், ராஜ வம்சத்தின் நினைவுச் சின்னங்களும் வரும்","கா ம் போ சி ட்   பே க்கே ஜி ல்   முன்னா டி   சொ ன்ன   எல் லா வ ற்று டன்   ஜெய் கரு ம்,   ராஜ   வம்ச த்தின்   நினைவு ச்   சி ன்ன ங்களும்   வரும்",30
2657,வெளிநாட்டுக் காரர்களுக்கு காம்போசிட் பேக்கேஜை 700 ரூபாய்க்குத் தருகிறோம்,வெளி நாட்டு க்   கார ர் களுக்கு   கா ம் போ சி ட்   பே க்கே ஜை   7 00   ரூ பாய் க்கு த்   த ரு கி றோ ம்,25
2658,ராத்திரி நேரத்தில் அரண்மனைக்குள் அனுமதி இருக்கிறதா,ரா த்திரி   நேரத்தில்   அரண்மனை க்குள்   அனுமதி   இருக்கிற தா,8
2659,"இருக்கிறது, ஆனால் அது வேறொரு பேக்கேஜில் வரும்","இருக்கிற து,   ஆனால்   அது   வே றொ ரு   பே க்கே ஜி ல்   வரும்",12
2660,இந்தியர்களுக்கு 500 ரூபாய் வெளிநாட்டுக் காரர்களுக்கு1000 ரூபாய் ஆகும்,இந்தி யர் களுக்கு   500   ரூ பாய்   வெளி நாட்டு க்   கார ர் களுக்கு 1 000   ரூ பாய்   ஆ கும்,18
2661,பிரத்தியேகமான அணுகல் வேண்டும் என்றால் ஸ்பெஷல் டிக்கெட்டுகளும் இருக்கின்றன,பிர த்தி யே கமான   அணு கல்   வேண்டும்   என்றால்   ஸ் பெ ஷ ல்   டி க்கெட்டு களும்   இரு க்கின்ற ன,18
2662,கூடுதல் விவரங்களுக்கு எங்கள் வெப்சைட்டை நீங்கள் பார்க்கலாம்,கூடுதல்   விவர ங்களுக்கு   எ ங்கள்   வெ ப் சை ட்டை   நீங்கள்   பார்க்க லாம்,12
2663,எங்களில் யாராவது ஒருவர் இந்த வாரத்தில் அங்கே வந்து புக்கிங் செய்துகொள்ளலாமா,எ ங்களில்   யா ரா வது   ஒருவர்   இந்த   வார த்தில்   அ ங்கே   வந்து   பு க்கி ங்   செய்து கொள்ள லா மா,19
2664,பண்ணலாம்,பண் ண லாம்,3
2665,ஃபோன் செய்ததற்கு நன்றி,ஃ போ ன்   செய்த தற்கு   ந ன்றி,7
2666,"ஹாய் பிஷ்ணு, இப்போதெல்லாம் என்ன செய்துகொண்டு இருக்கிறீர்கள்","ஹா ய்   பி ஷ்ணு ,   இ ப்போ தெ ல் லாம்   என்ன   செய்து கொண்டு   இரு க்கிறீ ர்கள்",16
2667,சமீபத்தில் ஏதாவது பைக் ரைடுக்குப் போனீர்களா,சமீப த்தில்   ஏ தாவது   பை க்   ரை டுக்கு ப்   போ னீ ர்களா,12
2668,உங்களுடைய ஃபோட்டோஸ் சிலதைப் பார்த்தேன்,உங்களுடைய   ஃ போ ட்டோ ஸ்   சில தை ப்   பார் த்தே ன்,11
2669,அது ரொம்ப நாளைக்கு முன்னால் போன வேறொரு ரைடின் ஃபோட்டோக்கள்,அது   ரொ ம்ப   நா ளை க்கு   முன் னால்   போ ன   வே றொ ரு   ரை டி ன்   ஃ போ ட்டோ க்கள்,20
2670,"இந்த வாரம் ரொம்ப பிசியாக இருந்தது, அதனால் ரைடுக்குப் போக முடியவில்லை","இந்த   வா ரம்   ரொ ம்ப   பி சி யாக   இருந்த து,   அதனால்   ரை டுக்கு ப்   போ க   முடிய வில்லை",18
2671,ஆனால் இந்த வாரக் கடைசியில் போகப் போகிறேன்,ஆனால்   இந்த   வார க்   கடைசி யில்   போ க ப்   போ கி றே ன்,13
2672,"நீங்கள் என்ன செய்துகொண்டு இருக்கிறீர்கள், மியூசிக் பிராக்டிஸ் பண்ணுகிறீர்களா","நீங்கள்   என்ன   செய்து கொண்டு   இரு க்கிறீ ர்கள்,   மி யூ சி க்   பிரா க் டி ஸ்   பண் ணு கிறீ ர்களா",19
2673,"ஆமாம், எப்போதெல்லாம் நேரம் கிடைக்கிறதோ அப்போதெல்லாம் செய்கிறேன்","ஆ மா ம்,   எ ப்போ தெ ல் லாம்   நேரம்   கிடை க்கிற தோ   அ ப்போ தெ ல் லாம்   செய் கி றே ன்",21
2674,எனக்குமே வேலை அதிகமாகத்தான் இருக்கிறது,என க்கு மே   வேலை   அதிகமாக த்தா ன்   இருக்கிற து,9
2675,தினமும் சாதகம் பண்ணவே முடிவதில்லை,தின மும்   சாத கம்   பண் ண வே   முடி வதில் லை,10
2676,"சரி, இந்த வாரக் கடைசியில் நிஜமாகவே நீங்கள் ஃப்ரீயா இருக்கிறீர்களா","சரி ,   இந்த   வார க்   கடைசி யில்   நி ஜ மாக வே   நீங்கள்   ஃப் ரீ யா   இரு க்கிறீ ர்களா",18
2677,ரைடுக்குப் போக எப்படி நேரம் ஒதுக்கப் போகிறீர்கள்,ரை டுக்கு ப்   போ க   எப்படி   நேரம்   ஒது க்க ப்   போ கிறீர்கள்,12
2678,கொஞ்ச நாளுக்கு நான் ஓவர்டைம் வேலை பார்த்து என்னுடைய டார்கெட்டை முடித்துவிட்டேன்,கொ ஞ்ச   நா ளுக்கு   நான்   ஓ வர் டை ம்   வேலை   பார் த்து   என் னு டைய   டா ர் கெ ட்டை   முடி த்து வி ட் டே ன்,25
2679,அதனால் வாரக் கடைசியில் ஃப்ரீதான்,அதனால்   வார க்   கடைசி யில்   ஃப் ரீ தான்,8
2680,எனக்குமே புத்துணர்ச்சி தேவைப்படுகிறது,என க்கு மே   பு த்து ண ர் ச்சி   தேவை ப்படு கிறது,11
2681,நம்மளுடைய ஹாபிக்கு நேரம் செலவழிப்பதனால் தான் நம்மால் அதைச் செய்ய முடியும் இல்லையா,ந ம்ம ளு டைய   ஹா பி க்கு   நேரம்   செலவழி ப்ப த னால்   தான்   ந ம் மால்   அதை ச்   செய்ய   முடியும்   இல்லை யா,22
2682,"ஆமா, சரிதான்","ஆ மா ,   சரி தான்",5
2683,நானுமே எனக்காகக் கொஞ்ச நேரம் செலவழிக்க விரும்புகிறேன்,நா னு மே   என க்காக க்   கொ ஞ்ச   நேரம்   செலவழி க்க   விரும்பு கி றே ன்,15
2684,இந்த வெள்ளிக்கிழமை நடக்கிற ஒரு பாட்டுப் போட்டியில் கலந்துகொள்ள வேண்டும் என்று நான் நினைத்துக் கொண்டிருக்கிறேன்,இந்த   வெ ள்ளி க்கி ழ மை   நட க்கிற   ஒரு   பாட்டு ப்   போட்டியில்   கல ந்துகொள்ள   வேண்டும்   என்று   நான்   நினை த்து க்   கொ ண்டிரு க்கி றே ன்,25
2685,எனக்குப் பிடித்த பொழுதுபோக்குடன் இது என்னை மறுபடியும் இது இணைக்கும் என்று நம்புகிறேன்,என க்கு ப்   பிடி த்த   பொழுது போக்கு டன்   இது   என் னை   மறு படி யும்   இது   இணை க்கும்   என்று   ந ம்பு கி றே ன்,23
2686,வேலையில் இவ்வளவு பிசியாக இருந்தாலும் ஹாபியில் ஈடுபடுவதற்கு எப்படி உங்களால் நேரம் ஒதுக்க முடிகிறது,வேலை யில்   இவ் வளவு   பி சி யாக   இருந்தா லும்   ஹா பி யில்   ஈடு படு வதற்கு   எப்படி   உங்களால்   நேரம்   ஒது க்க   முடி கிறது,22
2687,"ஆமாம், நீங்கள் சொல்வது சரிதான்","ஆ மா ம்,   நீங்கள்   சொல் வது   சரி தான்",8
2688,தினமும் வேலையை ஆரம்பிப்பதற்கு முன்னால் சாதகம் செய்ய முயற்சிக்கிறேன்,தின மும்   வேலை யை   ஆ ரம் பி ப்பதற்கு   முன் னால்   சாத கம்   செய்ய   முயற்சி க்கி றே ன்,17
2689,என்னோட வேலை எதையும் மிச்சம் வைக்காமல் செய்து முடித்து விட முயற்சிக்கிறேன்,என் னோ ட   வேலை   எ தை யும்   மி ச்ச ம்   வை க்காமல்   செய்து   முடி த்து   விட   முயற்சி க்கி றே ன்,20
2690,"அதனால், எனக்குப் பிடித்த பொழுதுபோக்கில் மறுபடியும் ஈடுபடமுடியும் என்று நினைக்கிறேன்","அத னால்,   என க்கு ப்   பிடி த்த   பொழுது போ க்கில்   மறு படி யும்   ஈடு பட முடியும்   என்று   நினை க்கி றே ன்",21
2691,நானும் அதையேதான் பண்ண முயற்சிக்கிறேன்,நா னும்   அதை யே தான்   பண் ண   முயற்சி க்கி றே ன்,11
2692,கடந்த சில வாரங்களில் வேலைப்பளு ரொம்பவே அதிகமாக இருந்தது,கடந்த   சில   வார ங்களில்   வேலை ப்ப ளு   ரொ ம்ப வே   அதிகமாக   இருந்த து,13
2693,ஆனாலும் இந்த வாரக்கடைசிக்கான ஏற்பாட்டைப் பண்ணிவிட்டேன்,ஆ னா லும்   இந்த   வார க்கடை சி க்கான   ஏற் பா ட்டை ப்   பண் ணி வி ட் டே ன்,18
2694,நீங்கள் எந்த மாதிரியான பாட்டுப் போட்டியில் கலந்து கொள்கிறீர்கள்,நீங்கள்   எந்த   மாதிரி யான   பாட்டு ப்   போட்டியில்   கல ந்து   கொள் கிறீர்கள்,11
2695,"இது ஒருமாதிரியாக, ஆஃபீஸ்களுக்கு இடையிலான பாட்டுப் போட்டி","இது   ஒரு மாதிரி யாக ,   ஆ ஃ பீ ஸ் களுக்கு   இடையிலான   பாட்டு ப்   போட்டி",14
2696,நான் எங்களுடைய ஆஃபீஸ் சார்பாகப் பாடப் போகிறேன்,நான்   எ ங்களு டைய   ஆ ஃ பீ ஸ்   சார் பாக ப்   பாட ப்   போ கி றே ன்,17
2697,ரொம்ப ஆவலாகக் காத்துக்கொண்டு இருக்கிறேன்,ரொ ம்ப   ஆ வலாக க்   கா த்து க்கொண்டு   இரு க்கி றே ன்,12
2698,"சூப்பர், நீங்கள் கண்டிப்பாகக் கலந்துகொள்ள வேண்டும்","சூ ப்ப ர்,   நீங்கள்   க ண்டி ப்பாக க்   கல ந்துகொள்ள   வேண்டும்",11
2699,என்னுடைய வாழ்த்துகள்,என் னு டைய   வாழ் த்து கள்,6
2700,ரொம்ப நன்றி,ரொ ம்ப   ந ன்றி,4
2701,உங்களுடைய பயணம் நல்லபடியாக அமையட்டும்,உங்களுடைய   பய ணம்   நல்ல படி யாக   அமை ய ட்டு ம்,10
2702,"நன்றி, லெலினா","ந ன்றி ,   லெ லி னா",6
