sentence_id,original,tokenized,char_count,token_count
1,"ꯁꯛꯐꯝ ꯍꯥꯏꯕꯁꯤ ꯊꯕꯛ ꯇꯧꯕ ꯃꯤ ꯑꯗꯨꯒ ꯃꯔꯤ ꯂꯩꯅꯕ ꯃꯈꯣꯏꯒꯤ ꯈꯣꯡꯉꯨꯞ, ꯐꯤꯔꯣꯟ, ꯇꯥꯏ, ꯁꯅꯥ-ꯂꯨꯄ, ꯁꯝꯒꯤ ꯃꯑꯣꯡ, ꯀꯦꯕ, ꯘꯔꯤ, ꯀꯦꯅꯕ ꯄꯣꯠꯆꯩ, ꯄꯔꯐ꯭ꯌꯨꯝꯒꯨꯝꯕ ꯃꯒꯨꯟ ꯀꯌꯥꯑꯃꯅꯤ꯫","ꯁꯛ ꯐꯝ    ꯍꯥꯏꯕꯁꯤ    ꯊꯕꯛ    ꯇꯧꯕ    ꯃꯤ    ꯑꯗꯨꯒ    ꯃꯔꯤ    ꯂꯩꯅꯕ    ꯃꯈꯣꯏꯒꯤ    ꯈꯣꯡ ꯉ ꯨ ꯞ,    ꯐꯤꯔꯣ ꯟ,    ꯇꯥꯏ ,    ꯁ ꯅꯥ - ꯂꯨ ꯄ,    ꯁ ꯝꯒꯤ    ꯃꯑꯣꯡ ,    ꯀꯦ ꯕ,    ꯘ ꯔꯤ,    ꯀꯦ ꯅꯕ    ꯄꯣꯠ ꯆꯩ ,    ꯄꯔ ꯐ ꯭ꯌ ꯨꯝ ꯒꯨꯝꯕ    ꯃꯒꯨꯟ    ꯀꯌꯥ ꯑꯃꯅꯤ꯫ ",110,44
2,ꯃꯍꯥꯔꯥꯁꯇ꯭ꯔꯒꯤ ꯑꯣꯔꯪꯒꯥꯕꯥꯗ ꯖꯤꯂꯥꯗ ꯂꯩꯕ ꯑꯖꯟꯇꯥꯗ ꯆꯥꯏꯇ꯭ꯌꯥ ꯀꯨꯟꯃꯥꯄꯟ ꯑꯃꯁꯨꯡ ꯍꯛꯇꯨꯟ ꯃꯤꯇꯝ ꯇꯝꯕꯁꯤꯡꯒ ꯈ꯭ꯔꯤꯁꯇ ꯑꯍꯥꯟꯕ ꯆꯍꯤ ꯆꯥꯗꯒꯤ ꯃꯉꯥꯁꯨꯕ ꯆꯍꯤ ꯆꯥ ꯐꯥꯎꯕꯗꯒꯤ ꯑꯣꯏꯕ ꯑꯌꯦꯛꯄ ꯂꯥꯏꯁꯤꯡꯅ ꯀꯦꯔꯕ ꯚꯤꯍꯥꯔꯥ ꯁꯨꯔꯥꯡꯁꯤꯡ ꯂꯩ꯫,ꯃꯍꯥꯔꯥꯁꯇ꯭ꯔꯒꯤ    ꯑꯣꯔ ꯪ ꯒꯥ ꯕꯥꯗ    ꯖꯤꯂꯥꯗ    ꯂꯩꯕ    ꯑ ꯖꯟ ꯇꯥꯗ    ꯆꯥꯏ ꯇ꯭ꯌ ꯥ    ꯀꯨꯟ ꯃꯥ ꯄꯟ    ꯑꯃꯁꯨꯡ    ꯍ ꯛꯇ ꯨ ꯟ    ꯃꯤꯇꯝ    ꯇ ꯝꯕ ꯁꯤꯡꯒ    ꯈ꯭ꯔꯤꯁꯇ    ꯑꯍꯥꯟꯕ    ꯆꯍꯤ    ꯆꯥ ꯗꯒꯤ    ꯃꯉꯥ ꯁꯨꯕ    ꯆꯍꯤ    ꯆꯥ    ꯐꯥꯎ ꯕꯗꯒꯤ    ꯑꯣꯏꯕ    ꯑ ꯌꯦꯛꯄ    ꯂꯥꯏ ꯁꯤꯡꯅ    ꯀꯦ ꯔꯕ    ꯚꯤ ꯍꯥꯔ ꯥ    ꯁꯨꯔ ꯥꯡ ꯁꯤꯡ    ꯂꯩ꯫ ,143,50
3,ꯍꯛꯆꯥꯡꯒꯤ ꯃꯆꯨ ꯑꯁꯤ ꯃꯄꯥꯟ ꯊꯪꯕ ꯂꯥꯏꯒ ꯄꯨꯟꯁꯟꯗꯨꯅ ꯆꯥꯡꯗ ꯏꯊꯤꯜ ꯄꯤꯕ ꯊꯣꯛꯍꯜꯂꯤ꯫,ꯍꯛꯆꯥꯡꯒꯤ    ꯃꯆꯨ    ꯑꯁꯤ    ꯃꯄꯥꯟ    ꯊꯪꯕ    ꯂꯥꯏ ꯒ    ꯄꯨꯟ ꯁꯟ ꯗꯨꯅ    ꯆꯥꯡꯗ    ꯏꯊꯤꯜ    ꯄꯤꯕ    ꯊꯣꯛꯍꯜꯂꯤ꯫ ,51,14
4,"ꯍꯛꯇꯨꯅ ꯃꯤꯇꯝ ꯁꯦꯝꯕ ꯑꯃꯁꯨꯡ ꯑꯐꯥꯎꯕ ꯅꯤꯡꯁꯤꯡ ꯈꯨꯗꯝꯁꯤꯡ ꯑꯁꯤꯗ ꯄꯥꯛ ꯁꯟꯅ ꯅꯨꯡ ꯁꯤꯖꯤꯟꯅꯕꯁꯤ ꯑꯁꯣꯀꯥꯅ ꯍꯧꯗꯣꯛꯈꯤꯕꯅꯤ, ꯃꯃꯥꯡꯒꯤ ꯆꯠꯅꯕꯤꯗꯗꯤ ꯎ ꯑꯃꯁꯨꯡ ꯂꯩꯈꯣꯝ ꯁꯤꯖꯟꯅꯔꯝꯃꯤ꯫","ꯍꯛꯇꯨꯅ    ꯃꯤꯇꯝ    ꯁꯦꯝꯕ    ꯑꯃꯁꯨꯡ    ꯑ ꯐꯥꯎꯕ    ꯅꯤꯡꯁꯤꯡ    ꯈꯨꯗ ꯝꯁꯤꯡ    ꯑꯁꯤꯗ    ꯄꯥꯛ    ꯁꯟꯅ    ꯅꯨꯡ    ꯁꯤꯖꯤꯟꯅꯕ ꯁꯤ    ꯑꯁꯣ ꯀꯥꯅ    ꯍꯧꯗꯣꯛ ꯈꯤꯕꯅꯤ,    ꯃꯃꯥꯡꯒꯤ    ꯆꯠꯅꯕꯤ ꯗꯗꯤ    ꯎ    ꯑꯃꯁꯨꯡ    ꯂꯩ ꯈꯣ ꯝ    ꯁꯤꯖꯟ ꯅꯔꯝꯃꯤ꯫ ",110,29
5,"ꯃꯁꯥꯂꯁꯤꯡꯒ, ꯕꯦꯁꯣꯟ ꯑꯊꯤꯠꯄꯒ ꯇꯣꯠꯁꯟꯅꯔꯕ ꯑꯂꯨ, ꯑꯗꯨꯒ ꯊꯥꯎꯗ ꯃꯨꯟꯅ ꯐꯖꯅ ꯇꯥꯎꯔꯕ ꯑꯁꯤꯅ ꯃꯍꯥꯔꯥꯁꯇ꯭ꯔꯒꯤ ꯍꯥꯎꯔꯕ ꯑꯃꯁꯨꯡ ꯃꯃꯤꯡ ꯂꯩꯔꯕ ꯃꯊꯦꯜ ꯑꯁꯤ ꯁꯦꯝꯃꯤ꯫","ꯃꯁꯥ ꯂ ꯁꯤꯡ ꯒ,    ꯕ ꯦꯁ ꯣ ꯟ    ꯑ ꯊꯤ ꯠ ꯄꯒ    ꯇꯣ ꯠ ꯁꯟ ꯅꯔꯕ    ꯑ ꯂꯨ ,    ꯑꯗꯨꯒ    ꯊ ꯥꯎ ꯗ    ꯃꯨ ꯟꯅ    ꯐꯖꯅ    ꯇꯥꯎ ꯔꯕ    ꯑꯁꯤꯅ    ꯃꯍꯥꯔꯥꯁꯇ꯭ꯔꯒꯤ    ꯍꯥꯎ ꯔꯕ    ꯑꯃꯁꯨꯡ    ꯃꯃꯤꯡ    ꯂꯩꯔꯕ    ꯃ ꯊꯦ ꯜ    ꯑꯁꯤ    ꯁꯦꯝꯃꯤ꯫ ",98,40
6,"ꯆꯦꯠꯇꯤꯅꯥꯗ ꯊꯣꯡ-ꯊꯥꯛꯄꯒꯤ ꯃꯑꯣꯡ ꯑꯁꯤ ꯇꯥꯃꯤꯜ ꯅꯥꯗꯨ ꯔꯥꯖ꯭ꯌꯒꯤ ꯆꯦꯠꯇꯤꯌꯥꯅꯥꯗ ꯃꯐꯝꯗꯒꯤꯅꯥꯇꯨꯀꯣꯇꯥꯏ ꯆꯦꯠꯇꯤꯌꯥꯔꯁꯤꯡ, ꯅꯠꯇ꯭ꯔꯒ ꯅꯒꯥꯔꯥꯊꯥꯔꯁꯤꯡ ꯍꯥꯏꯅ ꯀꯧꯖꯕ ꯀꯥꯡꯂꯨꯞꯀꯤ ꯊꯣꯡ-ꯊꯥꯛꯄꯒꯤ ꯃꯑꯣꯡꯅꯤ꯫","ꯆꯦ ꯠ ꯇꯤ ꯅꯥꯗ    ꯊꯣꯡ - ꯊꯥꯛ ꯄꯒꯤ    ꯃꯑꯣꯡ    ꯑꯁꯤ    ꯇꯥꯃꯤꯜ    ꯅꯥꯗꯨ    ꯔꯥꯖ꯭ꯌꯒꯤ    ꯆꯦ ꯠ ꯇꯤꯌꯥ ꯅꯥꯗ    ꯃꯐꯝ ꯗꯒꯤ ꯅꯥ ꯇꯨ ꯀꯣ ꯇꯥꯏ    ꯆꯦ ꯠ ꯇꯤ ꯌꯥꯔ ꯁꯤꯡ,    ꯅꯠꯇ꯭ꯔꯒ    ꯅ ꯒ ꯥꯔꯥ ꯊꯥꯔ ꯁꯤꯡ    ꯍꯥꯏꯅ    ꯀꯧ ꯖꯕ    ꯀꯥꯡꯂꯨꯞꯀꯤ    ꯊꯣꯡ - ꯊꯥꯛ ꯄꯒꯤ    ꯃꯑꯣꯡ ꯅꯤ꯫ ",128,44
7,ꯎꯁꯤꯡꯁꯥ ꯑꯁꯤ ꯚꯥꯔꯠꯀꯤ ꯑꯣꯏꯕ ꯄꯥꯝꯕꯤꯅꯤ ꯑꯗꯨꯒ ꯃꯁꯤꯒꯤ ꯁꯤꯖꯤꯟꯅꯕ ꯃꯑꯣꯡ ꯑꯁꯤ ꯊꯣꯛꯕꯗ ꯍꯥꯞꯄ ꯃꯍꯥꯎꯒꯤ ꯄꯣꯠ ꯇꯒꯤ ꯍꯤꯗꯥꯛ ꯑꯣꯏꯅ ꯁꯤꯖꯤꯟꯅꯕ ꯐꯥꯎ ꯑꯣꯏ꯫,ꯎ ꯁꯤꯡ ꯁꯥ    ꯑꯁꯤ    ꯚꯥꯔꯠꯀꯤ    ꯑꯣꯏꯕ    ꯄꯥꯝꯕꯤ ꯅꯤ    ꯑꯗꯨꯒ    ꯃꯁꯤꯒꯤ    ꯁꯤꯖꯤꯟꯅꯕ    ꯃꯑꯣꯡ    ꯑꯁꯤ    ꯊꯣꯛ ꯕꯗ    ꯍꯥ ꯞꯄ    ꯃꯍ ꯥꯎ ꯒꯤ    ꯄꯣꯠ    ꯇꯒꯤ    ꯍꯤꯗ ꯥꯛ    ꯑꯣꯏꯅ    ꯁꯤꯖꯤꯟꯅꯕ    ꯐꯥꯎ   ꯑꯣꯏ꯫ ,93,28
8,ꯃꯁꯤ ꯗ꯭ꯔꯥꯏ ꯒ꯭ꯔꯥꯏꯟꯗꯔ ꯑꯃꯗ ꯅꯠꯇ꯭ꯔꯒ ꯅꯨꯡꯒꯤ ꯈꯣꯟꯗ ꯃꯀꯨꯞ ꯇꯥꯍꯜꯂꯨ꯫,ꯃꯁꯤ    ꯗ꯭ꯔ ꯥꯏ    ꯒ꯭ꯔ ꯥꯏ ꯟꯗ ꯔ    ꯑꯃꯗ    ꯅꯠꯇ꯭ꯔꯒ    ꯅꯨꯡꯒꯤ    ꯈꯣ ꯟꯗ    ꯃ ꯀꯨ ꯞ    ꯇꯥ ꯍꯜꯂ ꯨ꯫ ,45,18
9,"ꯄꯟꯖꯥꯕꯀꯤ ꯁꯍꯔ ꯑꯃꯃꯝꯒꯤ ꯇꯣꯉꯥꯟ-ꯇꯣꯉꯥꯟꯕ ꯑꯄꯥꯝꯕꯁꯤꯡ ꯂꯩ, ꯈꯨꯗꯝ ꯑꯦꯏꯅ ꯑꯃ꯭ꯔꯤꯠꯁꯔꯗ ꯂꯩꯕ ꯃꯤꯑꯣꯏꯁꯤꯡꯅ ꯑꯃ꯭ꯔꯤꯠꯁꯔꯤ ꯀꯨꯜꯆꯦ, ꯁ꯭ꯇꯐ ꯄꯔꯥꯟꯊꯥꯁꯤꯡ ꯑꯃꯁꯨꯡ ꯁꯪꯒꯣꯝꯒꯤ ꯄꯣꯠꯊꯣꯛꯁꯤꯡ ꯑꯁꯤ ꯃꯔꯨꯑꯣꯏꯅ ꯄꯥꯝꯅꯩ꯫","ꯄꯟꯖꯥꯕꯀꯤ    ꯁꯍꯔ    ꯑꯃꯃꯝꯒꯤ    ꯇꯣꯉꯥꯟ- ꯇꯣꯉꯥꯟꯕ    ꯑ ꯄꯥꯝꯕ ꯁꯤꯡ    ꯂꯩ,    ꯈꯨꯗꯝ    ꯑꯦ ꯏ ꯅ    ꯑꯃ ꯭ꯔꯤ ꯠ ꯁꯔ ꯗ    ꯂꯩꯕ    ꯃꯤꯑꯣꯏꯁꯤꯡꯅ    ꯑꯃ ꯭ꯔꯤ ꯠ ꯁꯔ ꯤ    ꯀꯨ ꯜ ꯆꯦ ,    ꯁ꯭ꯇ ꯐ    ꯄꯔ ꯥꯟ ꯊꯥ ꯁꯤꯡ    ꯑꯃꯁꯨꯡ    ꯁꯪ ꯒꯣ ꯝꯒꯤ    ꯄꯣꯠꯊꯣꯛ ꯁꯤꯡ    ꯑꯁꯤ    ꯃꯔꯨꯑꯣꯏꯅ    ꯄꯥꯝ ꯅꯩ꯫ ",133,45
10,ꯔꯥꯝꯕꯨ ꯃꯨꯅꯤ ꯔꯤꯁꯤ ꯑꯗꯨꯒ ꯊꯥꯈꯣ ꯑꯃꯁꯨꯡ ꯂꯛꯁꯃꯟꯁꯨ ꯊꯥꯈꯣ꯫,ꯔꯥ ꯝꯕꯨ    ꯃꯨ ꯅꯤ    ꯔꯤ ꯁꯤ    ꯑꯗꯨꯒ    ꯊꯥ ꯈꯣ    ꯑꯃꯁꯨꯡ    ꯂꯛꯁ ꯃꯟ ꯁꯨ    ꯊꯥ ꯈꯣ ꯫ ,38,16
11,ꯑꯗꯨꯝ ꯑꯣꯏꯅꯃꯛ ꯃꯪꯒꯜ ꯄꯥꯟꯗꯦꯒꯤ ꯊꯧꯅ ꯂꯩꯔꯕ ꯊꯕꯛꯁꯤꯡ ꯑꯗꯨ ꯑꯋꯥꯡꯕ ꯑꯃꯁꯨꯡ ꯑꯊꯣꯏꯕ ꯄꯨꯛꯆꯦꯜ ꯆꯥꯎꯕ ꯃꯁꯥꯒꯤ ꯂꯝꯆꯠ ꯄꯔꯤꯡꯒꯤ ꯇꯨꯡꯏꯟꯅ ꯄꯥꯡꯊꯣꯛꯈꯤꯕꯅꯤ꯫,ꯑꯗꯨꯝ    ꯑꯣꯏꯅꯃꯛ    ꯃꯪ ꯒꯜ    ꯄꯥꯟ ꯗꯦ ꯒꯤ    ꯊꯧ ꯅ    ꯂꯩꯔꯕ    ꯊꯕꯛꯁꯤꯡ    ꯑꯗꯨ    ꯑꯋꯥꯡꯕ    ꯑꯃꯁꯨꯡ    ꯑꯊꯣꯏꯕ    ꯄꯨꯛ ꯆꯦꯜ    ꯆꯥꯎꯕ    ꯃꯁꯥꯒꯤ    ꯂꯝ ꯆꯠ    ꯄꯔꯤ ꯡꯒꯤ    ꯇꯨꯡ ꯏꯟꯅ    ꯄꯥꯡꯊꯣꯛ ꯈꯤꯕꯅꯤ꯫ ,95,27
12,"ꯇꯤꯜꯍꯧ ꯑꯗꯨꯅ ꯅꯨꯡ-ꯄꯥꯟ ꯐꯥꯎꯅ ꯍꯥꯏꯐꯦꯠ ꯎꯕ ꯉꯝꯕ ꯃꯑꯣꯡꯗ ꯃꯨꯜꯂꯛꯄ ꯃꯇꯝꯗ, ꯃꯆꯨ ꯄꯥꯎꯗꯔꯒ ꯇꯣꯠꯁꯜꯂꯕ ꯍꯥꯃꯦꯡ ꯑꯗꯨ ꯍꯥꯞꯆꯜꯂꯨ ꯑꯃꯁꯨꯡ ꯃꯁꯥꯂꯥ ꯑꯗꯨ ꯁꯥꯗ ꯂꯣꯏꯅ ꯆꯨꯞꯁꯟꯗꯔꯤꯕ ꯐꯥꯎ ꯃꯤꯅꯤꯠ ꯵-꯶ ꯃꯨꯛ ꯐꯥꯎꯕ ꯉꯧ꯫","ꯇꯤ ꯜ ꯍꯧ    ꯑꯗꯨꯅ    ꯅꯨꯡ - ꯄꯥꯟ    ꯐꯥꯎ ꯅ    ꯍꯥꯏ ꯐꯦ ꯠ    ꯎꯕ    ꯉꯝꯕ    ꯃꯑꯣꯡꯗ    ꯃꯨ ꯜꯂꯛꯄ    ꯃꯇꯝꯗ,    ꯃꯆꯨ    ꯄꯥꯎ ꯗꯔ ꯒ    ꯇꯣ ꯠ ꯁ ꯜꯂꯕ    ꯍꯥ ꯃꯦ ꯡ    ꯑꯗꯨ    ꯍꯥꯞ ꯆꯜꯂ ꯨ    ꯑꯃꯁꯨꯡ    ꯃꯁꯥ ꯂꯥ    ꯑꯗꯨ    ꯁꯥꯗ    ꯂꯣꯏꯅ    ꯆꯨꯞ ꯁꯟ ꯗ ꯔꯤꯕ    ꯐꯥꯎ   ꯃꯤꯅꯤꯠ    ꯵ - ꯶    ꯃꯨꯛ    ꯐꯥꯎꯕ    ꯉ ꯧ꯫ ",128,52
13,"ꯍꯤꯇꯣꯄꯥꯗꯦꯁꯥ ꯑꯁꯤ ꯎꯆꯦꯛꯁꯤꯡ, ꯁꯥꯁꯤꯡ ꯑꯃꯁꯨꯡ ꯃꯤꯁꯤꯡꯒꯤ ꯁꯛꯇꯝ ꯋꯥꯔꯤ ꯑꯗꯨꯗ ꯁꯤꯖꯤꯟꯅꯗꯨꯅ ꯂꯤꯕ ꯃꯥꯂꯦꯝꯒꯤ ꯑꯣꯏꯕ ꯂꯧꯁꯤꯡꯒꯤ ꯄꯨꯊꯣꯛꯄ ꯂꯥꯏꯔꯤꯛ ꯑꯃꯅꯤ꯫","ꯍꯤ ꯇꯣ ꯄꯥ ꯗꯦꯁ ꯥ    ꯑꯁꯤ    ꯎꯆꯦꯛ ꯁꯤꯡ,    ꯁꯥ ꯁꯤꯡ    ꯑꯃꯁꯨꯡ    ꯃꯤꯁꯤꯡꯒꯤ    ꯁꯛꯇꯝ    ꯋꯥꯔꯤ    ꯑꯗꯨꯗ    ꯁꯤꯖꯤꯟꯅꯗꯨꯅ    ꯂꯤꯕ    ꯃꯥꯂꯦꯝꯒꯤ    ꯑꯣꯏꯕ    ꯂꯧ ꯁꯤꯡꯒꯤ    ꯄꯨꯊꯣꯛꯄ    ꯂꯥꯏꯔꯤꯛ    ꯑꯃꯅꯤ꯫ ",97,24
14,ꯂꯥꯏꯔꯤꯛ ꯑꯁꯤꯒꯤ ꯄꯥꯟꯗꯝꯗꯤ ꯁꯟꯁꯀ꯭ꯔꯤꯠꯇ ꯄꯨꯛꯅꯤꯡ ꯋꯥꯈꯜ ꯐꯣꯡꯗꯣꯛꯄ ꯑꯃꯁꯨꯡ ꯑꯁꯤꯡꯕꯒꯤ ꯂꯝꯆꯠ-ꯁꯥꯖꯠꯒꯤ ꯂꯩꯁꯤꯡꯗ ꯍꯦꯟꯅ ꯍꯩꯒꯠꯍꯟꯅꯕꯒꯨꯝ ꯇꯧꯋꯤ꯫,ꯂꯥꯏꯔꯤꯛ    ꯑꯁꯤꯒꯤ    ꯄꯥꯟꯗꯝ ꯗꯤ    ꯁꯟ ꯁ ꯀ꯭ꯔꯤ ꯠꯇ    ꯄꯨꯛꯅꯤꯡ    ꯋꯥꯈꯜ    ꯐꯣꯡ ꯗꯣꯛꯄ    ꯑꯃꯁꯨꯡ    ꯑ ꯁꯤꯡ ꯕꯒꯤ    ꯂꯝ ꯆꯠ -ꯁꯥ ꯖ ꯠ ꯒꯤ    ꯂꯩ ꯁꯤꯡꯗ    ꯍꯦꯟꯅ    ꯍꯩ ꯒꯠ ꯍꯟ ꯅꯕ ꯒꯨꯝ    ꯇꯧꯋꯤ꯫ ,93,31
15,ꯍꯥꯎꯔꯥ ꯁꯥꯍꯥꯔꯦꯔ ꯏꯇꯤꯕꯔꯤꯇꯣ (ꯑꯍꯥꯟꯕ ꯑꯃꯁꯨꯡ ꯑꯅꯤꯁꯨꯕ ꯚꯣꯂꯨꯝ) ꯍꯥꯏꯅ ꯃꯤꯡꯊꯣꯟꯕ ꯏꯪ ꯱꯹꯹꯴ ꯑꯃꯁꯨꯡ ꯱꯹꯹꯵ꯇ ꯐꯣꯡꯕ ꯑꯗꯨꯗ ꯄ꯭ꯔꯣꯐꯦꯁꯔ ꯑꯁꯤꯠꯀꯨꯃꯥꯔ ꯕꯥꯟꯙ꯭ꯌꯣꯄꯥꯙ꯭ꯌꯥꯏꯅ ꯃꯍꯥꯛꯀꯤ ꯍꯧꯔꯛꯄꯝ ꯍꯥꯎꯔꯥꯒꯤ ꯑꯄꯨꯟꯕ ꯄꯨꯋꯥꯔꯤꯗꯨ ꯇꯥꯁꯤꯟꯕꯗ ꯌꯥꯝꯅ ꯆꯥꯎꯕ ꯊꯧꯗꯥꯡ ꯑꯃ ꯂꯧꯈꯤ꯫,ꯍꯥꯎ ꯔꯥ    ꯁꯥ ꯍꯥꯔ ꯦ ꯔ    ꯏꯇꯤ ꯕ ꯔꯤ ꯇꯣ    ( ꯑꯍꯥꯟꯕ    ꯑꯃꯁꯨꯡ    ꯑꯅꯤꯁꯨꯕ    ꯚꯣ ꯂ ꯨꯝ )    ꯍꯥꯏꯅ    ꯃꯤꯡꯊꯣ ꯟꯕ    ꯏꯪ    ꯱꯹꯹ ꯴    ꯑꯃꯁꯨꯡ    ꯱꯹꯹ ꯵ ꯇ    ꯐꯣꯡꯕ    ꯑꯗꯨꯗ    ꯄ꯭ꯔꯣꯐꯦꯁ ꯔ    ꯑꯁꯤ ꯠ ꯀꯨꯃꯥꯔ    ꯕꯥꯟ ꯙ ꯭ꯌꯣ ꯄꯥ ꯙ ꯭ꯌ ꯥꯏ ꯅ    ꯃꯍꯥꯛꯀꯤ    ꯍꯧꯔꯛ ꯄ ꯝ    ꯍꯥꯎ ꯔꯥꯒꯤ    ꯑꯄꯨꯟꯕ    ꯄꯨꯋꯥꯔꯤ ꯗꯨ    ꯇꯥ ꯁꯤꯟ ꯕꯗ    ꯌꯥꯝꯅ    ꯆꯥꯎꯕ    ꯊꯧꯗꯥꯡ    ꯑꯃ    ꯂꯧꯈꯤ꯫ ,169,60
16,"ꯆꯥꯏꯇ꯭ꯌꯥ ꯀꯥꯒꯤ ꯃꯃꯥꯡ ꯑꯗꯨ ꯃꯃꯥꯡ ꯍꯥꯡꯗꯣꯛꯑꯒ ꯎꯅ ꯃꯃꯥꯏ ꯑꯣꯏꯗꯨꯅ ꯀꯣꯏꯀꯣꯟꯒꯤ ꯇꯪꯈꯥꯏ ꯑꯣꯏꯕ ꯃꯌꯦꯛꯀꯤ ꯆꯥꯏꯇ꯭ꯌꯥꯗ ꯂꯤꯔꯨꯡꯒꯨꯝꯅ ꯊꯛꯀꯣꯟ ꯁꯥꯕ ꯃꯑꯣꯡꯅ ꯅꯝꯃꯦ ꯑꯗꯨꯒ, ꯈꯔ ꯑꯃꯗꯗꯤ, ꯆꯥꯏꯇ꯭ꯌꯥꯅ ꯅꯝꯕ ꯂꯤꯔꯨꯡꯒꯨꯝꯅ ꯊꯛꯀꯣꯟ ꯁꯥꯕꯅ ꯅꯝꯕ ꯊꯣꯡꯅꯥꯎ ꯂꯩꯇꯦ꯫","ꯆꯥꯏ ꯇ꯭ꯌ ꯥ    ꯀꯥꯒꯤ    ꯃꯃꯥꯡ    ꯑꯗꯨ    ꯃꯃꯥꯡ    ꯍꯥꯡꯗꯣꯛ ꯑ ꯒ    ꯎ ꯅ    ꯃꯃ ꯥꯏ    ꯑꯣꯏꯗꯨꯅ    ꯀꯣꯏ ꯀꯣ ꯟꯒꯤ    ꯇꯪ ꯈꯥꯏ    ꯑꯣꯏꯕ    ꯃ ꯌꯦ ꯛꯀꯤ    ꯆꯥꯏ ꯇ ꯭ꯌꯥ ꯗ    ꯂꯤ ꯔ ꯨꯡ ꯒꯨꯝꯅ    ꯊꯛ ꯀꯣ ꯟ    ꯁꯥꯕ    ꯃꯑꯣꯡ ꯅ    ꯅꯝ ꯃꯦ    ꯑꯗꯨ ꯒ,    ꯈꯔ    ꯑꯃ ꯗꯗꯤ,    ꯆꯥꯏ ꯇ ꯭ꯌꯥ ꯅ    ꯅꯝꯕ    ꯂꯤ ꯔ ꯨꯡ ꯒꯨꯝꯅ    ꯊꯛ ꯀꯣ ꯟ    ꯁꯥ ꯕꯅ    ꯅꯝꯕ    ꯊꯣꯡ ꯅ ꯥꯎ    ꯂꯩꯇꯦ꯫ ",155,64
17,ꯃꯍꯥꯔꯥꯖ ꯅꯠꯇ꯭ꯔꯒ ꯈꯥꯟꯁꯥꯃꯥꯁ (ꯚꯥꯔꯠꯇ ꯆꯠꯅꯕꯤ ꯑꯣꯏꯅ ꯆꯥꯛ ꯊꯣꯡꯕ ꯍꯩꯕꯁꯤꯡꯕꯨ ꯀꯧꯕ)ꯀꯤ ꯄꯨꯔꯣꯟꯁꯤꯡꯅ ꯊꯣꯡ ꯊꯥꯛꯄꯒꯤ ꯃꯆꯜ ꯑꯃꯁꯨꯡ ꯊꯧꯑꯣꯡ ꯇꯥꯛꯄ ꯆꯦꯔꯣꯜꯁꯤꯡ ꯑꯗꯨꯕꯨ ꯆꯍꯤ ꯆꯥ ꯀꯌꯥ ꯑꯁꯤꯗ ꯍꯩꯊꯣꯏ ꯁꯤꯡꯊꯣꯏꯔꯦ ꯑꯃꯁꯨꯡ ꯃꯁꯤꯒꯤ ꯆꯦꯔꯣꯜꯁꯤꯡ ꯑꯁꯤ ꯆꯤꯟ ꯍꯥꯏ ꯑꯣꯏꯅ ꯆꯍꯤ ꯂꯤꯁꯤꯡ ꯀꯌꯥꯗꯒꯤ ꯃꯊꯪ ꯃꯊꯪ ꯇꯥꯛꯅꯔꯛꯏ꯫,ꯃꯍꯥꯔꯥ ꯖ    ꯅꯠꯇ꯭ꯔꯒ    ꯈꯥꯟ ꯁꯥ ꯃꯥ ꯁ    ( ꯚꯥꯔꯠꯇ    ꯆꯠꯅꯕꯤ    ꯑꯣꯏꯅ    ꯆꯥꯛ    ꯊꯣꯡꯕ    ꯍꯩ ꯕꯁꯤꯡꯕꯨ    ꯀꯧ ꯕ ) ꯀꯤ    ꯄꯨ ꯔꯣꯟ ꯁꯤꯡꯅ    ꯊꯣꯡ    ꯊꯥꯛ ꯄꯒꯤ    ꯃꯆ ꯜ    ꯑꯃꯁꯨꯡ    ꯊꯧꯑꯣꯡ    ꯇꯥꯛꯄ    ꯆꯦ ꯔꯣ ꯜꯁꯤꯡ    ꯑꯗꯨꯕꯨ    ꯆꯍꯤ    ꯆꯥ    ꯀꯌꯥ    ꯑꯁꯤꯗ    ꯍꯩ ꯊ ꯣꯏ    ꯁꯤꯡ ꯊꯣꯏ ꯔꯦ    ꯑꯃꯁꯨꯡ    ꯃꯁꯤꯒꯤ    ꯆꯦ ꯔꯣ ꯜꯁꯤꯡ    ꯑꯁꯤ    ꯆꯤꯟ    ꯍꯥꯏ    ꯑꯣꯏꯅ    ꯆꯍꯤ    ꯂꯤꯁꯤꯡ    ꯀꯌꯥꯗꯒꯤ    ꯃꯊꯪ    ꯃꯊꯪ    ꯇꯥꯛ ꯅ ꯔꯛ ꯏ꯫ ,188,62
18,ꯆꯠꯅꯕꯤ ꯑꯣꯏꯅ ꯊꯣꯡ ꯊꯥꯛꯄ ꯑꯁꯤ ꯋꯥꯖꯥꯁꯀꯤ ꯀꯣꯔꯠ ꯅꯠꯇ꯭ꯔꯒ ꯆꯥꯛꯊꯣꯡꯕꯁꯤꯡꯅ ꯃꯇꯦꯡ ꯄꯥꯡꯗꯨꯅ ꯕꯥꯁꯇꯥ ꯋꯥꯖꯥ ꯑꯃ ꯅꯠꯇ꯭ꯔꯒ ꯃꯀꯣꯛ ꯊꯣꯡꯕ ꯆꯥꯛ ꯊꯣꯡꯕꯅ ꯇꯧꯋꯤ꯫,ꯆꯠꯅꯕꯤ    ꯑꯣꯏꯅ    ꯊꯣꯡ    ꯊꯥꯛ ꯄ    ꯑꯁꯤ    ꯋꯥ ꯖꯥ ꯁꯀꯤ    ꯀꯣꯔꯠ    ꯅꯠꯇ꯭ꯔꯒ    ꯆꯥꯛ ꯊꯣꯡ ꯕꯁꯤꯡꯅ    ꯃꯇꯦꯡ    ꯄꯥꯡ ꯗꯨꯅ    ꯕꯥꯁ ꯇꯥ    ꯋꯥ ꯖꯥ    ꯑꯃ    ꯅꯠꯇ꯭ꯔꯒ    ꯃꯀꯣꯛ    ꯊꯣꯡꯕ    ꯆꯥꯛ    ꯊꯣꯡ ꯕꯅ    ꯇꯧꯋꯤ꯫ ,95,29
19,ꯄꯥꯎ ꯚꯥꯖꯤ: ꯃꯁꯤ ꯃꯍꯧꯁꯥꯅ ꯕꯇꯔꯗ ꯁꯦꯝꯕ ꯑꯊꯣꯡꯕ ꯃꯅꯥ ꯃꯁꯤꯡꯒꯤ ꯏꯟꯖꯥꯡ (ꯚꯥꯖꯤ) ꯑꯃꯁꯨꯡ ꯑꯊꯣꯠꯄ ꯗꯕꯜ-ꯔꯣꯇꯤꯒꯤ ꯔꯣꯜ (ꯄꯥꯎ)ꯗ ꯍꯥꯞꯄ ꯃꯍꯥꯔꯥꯁꯇ꯭ꯔꯒꯤ ꯑꯆꯥꯄꯣꯠ ꯑꯃꯅꯤ꯫,ꯄꯥꯎ    ꯚꯥ ꯖꯤ :    ꯃꯁꯤ    ꯃꯍꯧꯁꯥꯅ    ꯕ ꯇꯔꯗ    ꯁꯦꯝꯕ    ꯑ ꯊꯣꯡꯕ    ꯃꯅꯥ    ꯃ ꯁꯤꯡꯒꯤ    ꯏꯟ ꯖꯥ ꯡ    ( ꯚꯥ ꯖꯤ )    ꯑꯃꯁꯨꯡ    ꯑ ꯊꯣ ꯠꯄ    ꯗꯕ ꯜ- ꯔꯣ ꯇꯤꯒꯤ    ꯔꯣꯜ    ( ꯄꯥꯎ )ꯗ    ꯍꯥ ꯞꯄ    ꯃꯍꯥꯔꯥꯁꯇ꯭ꯔꯒꯤ    ꯑ ꯆꯥ ꯄꯣꯠ    ꯑꯃꯅꯤ꯫ ,105,40
20,"ꯂꯥꯜ ꯗꯦꯗ ꯑꯃꯁꯨꯡ ꯍꯕꯕꯥ ꯈꯥꯇꯨꯟꯒꯤ ꯀꯥꯁꯃꯤꯔꯤꯒꯤ ꯁꯩꯔꯦꯡꯕ ꯑꯁꯤ ꯃꯈꯣꯏꯒꯤ ꯅꯨꯡꯒꯤ ꯑꯣꯏꯕ ꯏꯊꯤꯜ ꯑꯃꯁꯨꯡ ꯌꯥꯝꯅ ꯄꯨꯛꯅꯤꯡ ꯆꯔꯥꯡꯅꯕ ꯐꯣꯡꯗꯣꯛꯄꯒꯤꯗꯃꯛ ꯈꯪꯅꯩ, ꯔꯥꯖꯁꯊꯥꯟꯅꯤꯗ ꯃꯤꯔꯥꯕꯥꯏꯒꯤ ꯁꯩꯔꯥꯡꯕ ꯑꯁꯤꯅ ꯃꯥꯒꯤ ꯇꯣꯞ ꯇꯣꯞꯄ ꯏꯁꯣꯔ ꯅꯤꯡꯕꯒꯤ ꯃꯑꯣꯡ ꯃꯒꯨꯟ ꯑꯁꯤꯒꯤ ꯈꯪꯅꯩ, ꯑꯟꯗꯜꯒꯤꯅ ꯇꯥꯃꯤꯜꯗ ꯅꯨꯡꯒꯤ ꯑꯣꯏꯕ ꯏꯊꯤꯜ ꯑꯃꯁꯨꯡ ꯀꯟꯅꯗꯗ ꯑꯛꯀ ꯃꯍꯥꯗꯦꯕꯒꯤ ꯈꯥꯆꯟꯅꯥꯁ ꯑꯁꯤꯅ ꯃꯇꯝ ꯑꯗꯨꯗ ꯈꯣꯏꯔꯤꯂꯣꯟꯗ ꯅꯨꯄꯤꯁꯤꯡꯅ ꯆꯥꯎꯅ ꯊꯧꯗꯥꯡ ꯄꯤꯈꯤꯕꯒꯤ ꯈꯨꯗꯝꯅꯤ꯫","ꯂꯥꯜ    ꯗꯦ ꯗ    ꯑꯃꯁꯨꯡ    ꯍ ꯕ ꯕꯥ    ꯈꯥ ꯇꯨ ꯟꯒꯤ    ꯀꯥ ꯁꯃꯤ ꯔꯤꯒꯤ    ꯁꯩꯔꯦ ꯡ ꯕ    ꯑꯁꯤ    ꯃꯈꯣꯏꯒꯤ    ꯅꯨꯡꯒꯤ    ꯑꯣꯏꯕ    ꯏꯊꯤꯜ    ꯑꯃꯁꯨꯡ    ꯌꯥꯝꯅ    ꯄꯨꯛꯅꯤꯡ    ꯆ ꯔꯥꯡ ꯅꯕ    ꯐꯣꯡꯗꯣꯛ ꯄ ꯒꯤꯗꯃꯛ    ꯈꯪ ꯅꯩ,    ꯔꯥꯖꯁꯊ ꯥꯟ ꯅꯤꯗ    ꯃꯤ ꯔꯥ ꯕꯥꯏ ꯒꯤ    ꯁꯩꯔꯥꯡ ꯕ    ꯑꯁꯤꯅ    ꯃꯥꯒꯤ    ꯇꯣꯞ    ꯇꯣꯞꯄ    ꯏ ꯁꯣꯔ    ꯅꯤꯡ ꯕꯒꯤ    ꯃꯑꯣꯡ    ꯃꯒꯨꯟ    ꯑꯁꯤꯒꯤ    ꯈꯪ ꯅꯩ,    ꯑꯟꯗ ꯜ ꯒꯤ ꯅ    ꯇꯥꯃꯤ ꯜꯗ    ꯅꯨꯡꯒꯤ    ꯑꯣꯏꯕ    ꯏꯊꯤꯜ    ꯑꯃꯁꯨꯡ    ꯀꯟ ꯅ ꯗ ꯗ    ꯑꯛ ꯀ    ꯃꯍꯥ ꯗꯦ ꯕꯒꯤ    ꯈꯥ ꯆꯟ ꯅꯥ ꯁ    ꯑꯁꯤꯅ    ꯃꯇꯝ    ꯑꯗꯨꯗ    ꯈꯣꯏ ꯔꯤ ꯂꯣꯟꯗ    ꯅꯨꯄꯤꯁꯤꯡꯅ    ꯆꯥꯎꯅ    ꯊꯧꯗꯥꯡ    ꯄꯤ ꯈꯤꯕꯒꯤ    ꯈꯨꯗ ꯝ ꯅꯤ꯫ ",270,91
21,ꯕꯨꯗꯙꯤꯁꯠꯀꯤ ꯐꯛꯂꯥꯡꯗ ꯌꯦꯛꯄ ꯂꯥꯏꯌꯦꯛꯁꯤꯡ ꯂꯩꯕ ꯕꯥꯘ ꯁꯨꯔꯨꯡꯁꯤꯡ ꯑꯁꯤ ꯃꯙ꯭ꯌ ꯄ꯭ꯔꯗꯦꯁꯀꯤ ꯙꯔ ꯖꯤꯂꯥꯗꯒꯤ ꯀꯤꯂꯣꯃꯤꯇꯔ ꯹꯷ ꯂꯥꯞꯅ ꯂꯩ꯫,ꯕꯨꯗꯙꯤ ꯁꯠꯀꯤ    ꯐꯛ ꯂ ꯥꯡꯗ    ꯌꯦꯛꯄ    ꯂꯥꯏ ꯌꯦꯛꯁꯤꯡ    ꯂꯩꯕ    ꯕꯥ ꯘ   ꯁꯨꯔꯨꯡꯁꯤꯡ    ꯑꯁꯤ    ꯃꯙ꯭ꯌ    ꯄ꯭ꯔꯗꯦꯁꯀꯤ    ꯙ ꯔ    ꯖꯤꯂꯥ ꯗꯒꯤ    ꯀꯤꯂꯣꯃꯤꯇꯔ    ꯹ ꯷    ꯂꯥꯞꯅ    ꯂꯩ꯫ ,83,24
22,ꯃꯨꯂꯥ ꯍꯥꯏꯕ ꯋꯥꯍꯩ ꯑꯁꯤꯒꯤ ꯁꯟꯁꯀ꯭ꯔꯤꯠ ꯈꯣꯏꯔꯤꯂꯣꯟꯗ ꯃꯍꯧꯁꯥꯒꯤ ꯋꯥꯍꯟꯊꯣꯛ ꯑꯁꯤ ꯄꯥꯝꯕꯤ ꯅꯠꯇ꯭ꯔꯒ ꯎ ꯑꯃꯒꯤ ꯃꯔꯥ ꯍꯥꯏꯕꯅꯤ ꯑꯗꯨꯕꯨ ꯅꯨꯡꯒꯤ ꯑꯣꯏꯅꯗꯤ ꯄꯣꯠ ꯑꯃ ꯍꯦꯛꯇꯒꯤ ꯃꯈꯣꯡ ꯅꯠꯇ꯭ꯔꯒ ꯑꯔꯣꯏꯕ ꯁꯔꯨꯛ ꯍꯥꯏꯕꯅꯤ꯫,ꯃꯨ ꯂꯥ    ꯍꯥꯏꯕ    ꯋꯥꯍꯩ    ꯑꯁꯤꯒꯤ    ꯁꯟ ꯁ ꯀ꯭ꯔꯤ ꯠ    ꯈꯣꯏ ꯔꯤ ꯂꯣꯟꯗ    ꯃꯍꯧꯁꯥꯒꯤ    ꯋꯥꯍꯟꯊꯣꯛ    ꯑꯁꯤ    ꯄꯥꯝꯕꯤ    ꯅꯠꯇ꯭ꯔꯒ    ꯎ    ꯑꯃꯒꯤ    ꯃꯔ ꯥ    ꯍꯥꯏꯕ ꯅꯤ    ꯑꯗꯨꯕꯨ    ꯅꯨꯡꯒꯤ    ꯑꯣꯏꯅ ꯗꯤ    ꯄꯣꯠ    ꯑꯃ    ꯍꯦ ꯛꯇꯒꯤ    ꯃꯈ ꯣꯡ    ꯅꯠꯇ꯭ꯔꯒ    ꯑꯔꯣꯏꯕ    ꯁꯔꯨꯛ    ꯍꯥꯏꯕꯅꯤ꯫ ,129,37
23,ꯏꯟꯗꯁ ꯚꯦꯂꯤ ꯁꯤꯕꯤꯂꯥꯏꯖꯦꯁꯟ ꯑꯁꯤ ꯃꯈꯜ ꯀꯌꯥꯒꯤ ꯂꯝꯁꯤꯡꯗ ꯃꯁꯤꯒꯤ ꯁꯤꯟꯀꯥꯡꯂꯣꯟꯒꯤ ꯑꯣꯏꯕ ꯂꯧꯁꯤꯡꯒꯤꯗꯃꯛ ꯈꯪꯅꯩ꯫,ꯏꯟꯗꯁ    ꯚꯦ ꯂꯤ    ꯁꯤ ꯕꯤ ꯂꯥꯏꯖ ꯦꯁꯟ    ꯑꯁꯤ    ꯃꯈꯜ    ꯀꯌꯥꯒꯤ    ꯂꯝꯁꯤꯡꯗ    ꯃꯁꯤꯒꯤ    ꯁꯤꯟ ꯀꯥꯡ ꯂꯣꯟꯒꯤ    ꯑꯣꯏꯕ    ꯂꯧ ꯁꯤꯡꯒꯤꯗꯃꯛ    ꯈꯪꯅꯩ꯫ ,71,19
24,ꯀꯧꯔꯕꯁꯤꯡ ꯂꯣꯏꯅꯃꯛ ꯁꯤ; ꯄꯥꯟꯗꯕ ꯃꯆꯤꯟ-ꯃꯅꯥꯎ ꯃꯉꯥ ꯑꯃꯁꯨꯡ ꯀ꯭ꯔꯤꯁꯅꯈꯛꯇ ꯍꯤꯡꯍꯧꯋꯤ꯫,ꯀꯧ ꯔꯕ ꯁꯤꯡ    ꯂꯣꯏꯅ ꯃꯛ    ꯁꯤ ;    ꯄꯥꯟ ꯗꯕ    ꯃꯆꯤꯟ - ꯃꯅꯥꯎ    ꯃꯉꯥ    ꯑꯃꯁꯨꯡ    ꯀ꯭ꯔꯤꯁꯅ ꯈꯛꯇ    ꯍꯤꯡ ꯍꯧ ꯋꯤ꯫ ,55,19
25,ꯂꯥꯟ ꯑꯁꯤ ꯅꯨꯃꯤꯠ ꯇꯔꯥꯅꯤꯄꯥꯜ ꯁꯣꯛꯅꯩ ꯑꯃꯁꯨꯡ ꯀꯧꯔꯕꯁꯤꯡꯒꯤ ꯃꯥꯏꯊꯤꯕꯒ ꯂꯣꯏꯅꯅ ꯂꯣꯏꯁꯤꯜꯂꯤ꯫,ꯂꯥꯟ    ꯑꯁꯤ    ꯅꯨꯃꯤꯠ    ꯇꯔꯥ ꯅꯤ ꯄꯥꯜ    ꯁꯣꯛ ꯅꯩ    ꯑꯃꯁꯨꯡ    ꯀꯧ ꯔꯕ ꯁꯤꯡꯒꯤ    ꯃꯥꯏꯊꯤ ꯕꯒ    ꯂꯣꯏꯅꯅ    ꯂꯣꯏ ꯁꯤꯜꯂꯤ꯫ ,59,17
26,"ꯃꯍꯥꯚꯥꯔꯠꯀꯤ ꯃꯔꯨ ꯑꯣꯏꯕ ꯋꯥꯔꯤꯗꯤ ꯚꯥꯔꯇꯥꯁꯤꯡ ꯍꯥꯏꯅ ꯈꯪꯅꯕ ꯖꯥꯇꯤꯒꯤ ꯊꯥꯏꯅꯒꯤ ꯅꯤꯡꯊꯧ ꯂꯩꯕꯥꯛ ꯑꯣꯏꯔꯝꯕ ꯍꯧꯖꯤꯛ ꯃꯇꯝꯗꯅ ꯗꯦꯜꯂꯤꯒꯤ ꯑꯋꯥꯡꯗ ꯂꯩꯕ ꯅꯤꯡꯊꯧ ꯂꯩꯕꯥꯛ, ꯍꯁꯇꯤꯅꯥꯄꯨꯔꯒꯤ ꯅꯤꯡꯊꯧ ꯐꯝꯕꯥꯟ ꯀꯥꯕꯒꯤ ꯂꯥꯟꯊꯦꯡꯅꯕꯗꯨꯅꯤ꯫","ꯃꯍꯥ ꯚꯥꯔꯠꯀꯤ    ꯃꯔꯨ    ꯑꯣꯏꯕ    ꯋꯥꯔꯤ ꯗꯤ    ꯚꯥꯔ ꯇꯥ ꯁꯤꯡ    ꯍꯥꯏꯅ    ꯈꯪꯅꯕ    ꯖꯥꯇꯤꯒꯤ    ꯊꯥꯏ ꯅꯒꯤ    ꯅꯤꯡꯊꯧ    ꯂꯩꯕꯥꯛ    ꯑꯣꯏꯔꯝꯕ    ꯍꯧꯖꯤꯛ    ꯃꯇꯝ ꯗꯅ    ꯗꯦ ꯜꯂꯤ ꯒꯤ    ꯑꯋ ꯥꯡꯗ    ꯂꯩꯕ    ꯅꯤꯡꯊꯧ    ꯂꯩꯕꯥꯛ ,    ꯍ ꯁꯇꯤ ꯅꯥ ꯄꯨꯔꯒꯤ    ꯅꯤꯡꯊꯧ    ꯐꯝꯕ ꯥꯟ    ꯀꯥ ꯕꯒꯤ    ꯂꯥꯟ ꯊꯦꯡ ꯅꯕ ꯗꯨ ꯅꯤ꯫ ",141,43
27,ꯀꯔꯅꯥꯇꯀꯥꯗ ꯁꯥ-ꯉꯥ ꯆꯥꯗꯕ ꯃꯤꯒꯤ ꯃꯁꯤꯡꯅ ꯁꯥ-ꯉꯥ ꯆꯥꯕ ꯃꯤꯒꯤ ꯃꯁꯤꯡꯗꯒꯤ ꯍꯦꯜꯂꯤ; ꯃꯔꯝ ꯑꯗꯨꯅ ꯃꯈꯣꯏꯒꯤ ꯊꯣꯡ-ꯊꯥꯛꯄꯒꯤ ꯃꯑꯣꯡ ꯑꯁꯤ ꯁꯥ-ꯉꯥ ꯌꯥꯎꯗꯕ ꯃꯊꯦꯜꯅ ꯅꯝꯅ ꯌꯥꯎꯋꯤ꯫,ꯀꯔꯅꯥꯇ ꯀꯥꯗ    ꯁꯥ- ꯉꯥ    ꯆꯥ ꯗꯕ    ꯃꯤꯒꯤ    ꯃ ꯁꯤꯡꯅ    ꯁꯥ- ꯉꯥ    ꯆꯥꯕ    ꯃꯤꯒꯤ    ꯃ ꯁꯤꯡꯗꯒꯤ    ꯍꯦ ꯜꯂꯤ ;    ꯃꯔꯝ    ꯑꯗꯨꯅ    ꯃꯈꯣꯏꯒꯤ    ꯊꯣꯡ - ꯊꯥꯛ ꯄꯒꯤ    ꯃꯑꯣꯡ    ꯑꯁꯤ    ꯁꯥ- ꯉꯥ    ꯌꯥꯎꯗꯕ    ꯃ ꯊꯦ ꯜꯅ    ꯅ ꯝꯅ    ꯌꯥꯎꯋꯤ꯫ ,105,36
28,ꯃꯉꯣꯟꯗ ꯂꯥꯟꯐꯝ ꯑꯗꯨꯗ ꯊꯣꯛꯂꯤꯕꯗꯨ ꯋꯥꯔꯤ ꯂꯤꯔꯤꯕ ꯁꯟꯖꯌꯅ ꯄꯥꯎꯈꯨꯝ ꯄꯤ꯫,ꯃꯉꯣꯟꯗ    ꯂꯥꯟ ꯐꯝ    ꯑꯗꯨꯗ    ꯊꯣꯛ ꯂꯤꯕ ꯗꯨ    ꯋꯥꯔꯤ    ꯂꯤ ꯔꯤꯕ    ꯁꯟ ꯖ ꯌꯅ    ꯄꯥꯎꯈꯨꯝ    ꯄꯤ꯫ ,45,15
29,ꯇꯃꯤꯜꯗ ꯐꯪꯕ ꯃꯍꯥꯀꯥꯏꯕ꯭ꯌ ꯑꯅꯤ ꯑꯗꯨꯗꯤ ꯁꯤꯂꯞꯄꯗꯤꯀꯥꯔꯝ ꯑꯃꯁꯨꯡ ꯃꯅꯤꯃꯦꯒꯂꯩꯅꯤ꯫,ꯇ ꯃꯤ ꯜꯗ    ꯐꯪꯕ    ꯃꯍꯥ ꯀꯥꯏ ꯕ ꯭ꯌ    ꯑꯅꯤ    ꯑꯗꯨꯗꯤ    ꯁꯤ ꯂ ꯞꯄ ꯗꯤ ꯀꯥꯔ ꯝ    ꯑꯃꯁꯨꯡ    ꯃꯅꯤ ꯃꯦ ꯒ ꯂꯩ ꯅꯤ꯫ ,52,22
30,ꯃꯐꯝ ꯑꯁꯤꯗ ꯃꯣꯔꯣꯛ ꯑꯁꯨꯕ ꯁꯤꯖꯤꯟꯅꯕ ꯑꯁꯤ ꯆꯦꯛꯁꯤꯟꯅ ꯇꯧꯋꯤ꯫,ꯃꯐꯝ    ꯑꯁꯤꯗ    ꯃꯣ ꯔꯣꯛ    ꯑ ꯁꯨꯕ    ꯁꯤꯖꯤꯟꯅꯕ    ꯑꯁꯤ    ꯆꯦꯛꯁꯤꯟ ꯅ    ꯇꯧꯋꯤ꯫ ,38,11
31,ꯌꯣꯒꯥ ꯍꯥꯏꯕ ꯋꯥꯍꯩ ꯑꯁꯤ ꯌꯥꯎꯁꯤꯟꯕ ꯅꯠꯇ꯭ꯔꯒ ꯄꯥꯕꯣꯠ ꯁꯦꯝꯕ ꯅꯠꯇ꯭ꯔꯒ ꯄꯨꯟꯁꯤꯟꯕ ꯍꯥꯏꯕ ꯋꯥꯍꯟꯊꯣꯛ ꯑꯣꯏꯕ ꯁꯪꯁꯀ꯭ꯔꯤꯠ ꯔꯨꯠ ꯌꯨꯖꯇꯒꯤ ꯂꯧꯕꯅꯤ꯫,ꯌꯣ ꯒꯥ    ꯍꯥꯏꯕ    ꯋꯥꯍꯩ    ꯑꯁꯤ    ꯌꯥꯎ ꯁꯤꯟꯕ    ꯅꯠꯇ꯭ꯔꯒ    ꯄꯥ ꯕꯣ ꯠ    ꯁꯦꯝꯕ    ꯅꯠꯇ꯭ꯔꯒ    ꯄꯨꯟ ꯁꯤꯟꯕ    ꯍꯥꯏꯕ    ꯋꯥꯍꯟꯊꯣꯛ    ꯑꯣꯏꯕ    ꯁꯪ ꯁ ꯀ꯭ꯔꯤ ꯠ    ꯔꯨ ꯠ    ꯌꯨ ꯖ ꯇꯒꯤ    ꯂꯧ ꯕꯅꯤ꯫ ,88,29
32,ꯉꯁꯤꯒꯤ ꯑꯣꯗꯤꯁꯥ ꯑꯁꯤ ꯑꯣꯔꯤꯁꯥꯒꯤ ꯂꯥꯏꯁꯪꯒꯤ ꯐꯛꯂꯥꯡꯁꯤꯡꯗ ꯃꯈꯜ ꯀꯌꯥꯒꯤ ꯃꯌꯦꯛꯇ ꯂꯣꯏꯕꯅꯥꯏꯗꯅ ꯍꯛꯑꯕ ꯃꯤꯇꯝ ꯁꯥꯕꯁꯤꯡꯗꯨꯗꯒꯤ ꯆꯥꯎꯈꯠꯂꯛꯏ꯫,ꯉ ꯁꯤꯒꯤ    ꯑꯣꯗꯤ ꯁꯥ    ꯑꯁꯤ    ꯑꯣꯔꯤ ꯁꯥꯒꯤ    ꯂꯥꯏꯁꯪꯒꯤ    ꯐꯛ ꯂꯥꯡ ꯁꯤꯡꯗ    ꯃꯈꯜ    ꯀꯌꯥꯒꯤ    ꯃ ꯌꯦ ꯛꯇ    ꯂꯣꯏ ꯕ ꯅꯥꯏ ꯗꯅ    ꯍꯛ ꯑ ꯕ    ꯃꯤꯇꯝ    ꯁꯥ ꯕ ꯁꯤꯡ ꯗꯨꯗꯒꯤ    ꯆꯥꯎꯈꯠꯂꯛ ꯏ꯫ ,88,30
33,"ꯋꯁꯤꯁꯊꯥꯅ ꯍꯧꯖꯤꯛ ꯅꯤꯡꯊꯧ ꯑꯗꯨꯗ ꯑꯣꯟꯁꯤꯜꯂꯤ ꯑꯗꯨꯒ ꯇꯞꯅ ꯍꯥꯏ: ""ꯍꯥꯟꯅ ꯋꯥꯁꯛꯂꯕ ꯑꯗꯨ ꯌꯥꯗꯕ ꯑꯁꯤ ꯑꯗꯣꯝꯒ ꯆꯥꯟꯅꯗꯦ ꯏꯅꯤꯡꯊꯧ""꯫","ꯋ ꯁꯤ ꯁ ꯊꯥ ꯅ    ꯍꯧꯖꯤꯛ    ꯅꯤꯡꯊꯧ    ꯑꯗꯨꯗ    ꯑꯣ ꯟꯁꯤ ꯜꯂꯤ    ꯑꯗꯨꯒ    ꯇꯞꯅ    ꯍꯥꯏ :    "" ꯍꯥꯟꯅ    ꯋꯥꯁꯛ ꯂꯕ    ꯑꯗꯨ    ꯌꯥꯗꯕ    ꯑꯁꯤ    ꯑꯗꯣ ꯝꯒ    ꯆꯥꯟ ꯅ ꯗꯦ    ꯏ ꯅꯤꯡꯊꯧ "" ꯫ ",80,31
34,ꯑꯔꯖꯨꯟꯒꯤ ꯊꯋꯥꯏ ꯄꯥꯡꯒꯜ ꯑꯗꯨ ꯑꯗꯨꯛꯀꯤ ꯃꯇꯤꯛ ꯅꯦꯝꯅ ꯁꯣꯟꯊꯔꯦ ꯍꯥꯏꯕꯗꯨ ꯈꯪꯂꯕ ꯃꯇꯨꯡꯗꯇ ꯀ꯭ꯔꯤꯁꯅꯅ ꯃꯍꯥꯛꯀꯤ ꯄꯨꯛꯅꯤꯡꯒꯤ ꯏꯍꯨꯜ ꯑꯗꯨ ꯍꯣꯡꯉꯛꯈꯤ ꯑꯃꯁꯨꯡ ꯃꯥꯂꯦꯝ ꯑꯁꯤꯗ ꯙꯥꯔꯃꯤꯛ ꯊꯧꯋꯣꯡ ꯑꯗꯨꯒꯤ ꯑꯊꯨꯞꯄ ꯃꯔꯣꯜ ꯑꯗꯨ ꯇꯥꯛꯄ ꯍꯧꯔꯛꯈꯤ꯫,ꯑꯔ ꯖꯨ ꯟꯒꯤ    ꯊꯋꯥꯏ    ꯄꯥꯡꯒꯜ    ꯑꯗꯨ    ꯑꯗꯨ ꯛꯀꯤ    ꯃꯇꯤꯛ    ꯅꯦ ꯝꯅ    ꯁꯣꯟ ꯊ ꯔꯦ    ꯍꯥꯏꯕꯗꯨ    ꯈꯪ ꯂꯕ    ꯃꯇꯨꯡ ꯗꯇ    ꯀ꯭ꯔꯤꯁ ꯅꯅ    ꯃꯍꯥꯛꯀꯤ    ꯄꯨꯛ ꯅꯤꯡꯒꯤ    ꯏ ꯍꯨ ꯜ    ꯑꯗꯨ    ꯍꯣꯡ ꯉꯛ ꯈꯤ    ꯑꯃꯁꯨꯡ    ꯃꯥꯂꯦꯝ    ꯑꯁꯤꯗ    ꯙ ꯥꯔ ꯃꯤꯛ    ꯊꯧ ꯋꯣꯡ    ꯑꯗꯨꯒꯤ    ꯑꯊꯨ ꯞꯄ    ꯃꯔꯣꯜ    ꯑꯗꯨ    ꯇꯥꯛꯄ    ꯍꯧꯔꯛꯈꯤ꯫ ,143,46
35,ꯅꯍꯥꯛꯅ ꯀꯟꯇꯦꯅꯔ ꯑꯗꯨꯗ ꯆꯦꯡꯒꯤ ꯌꯥꯝ ꯑꯗꯨ ꯍꯥꯞꯆꯤꯜꯂꯤꯉꯩꯗ ꯃꯔꯛꯇ ꯅꯍꯥꯛꯅ ꯑꯄꯤꯛꯄ ꯆꯥꯡꯁꯤꯡꯗ ꯃꯀꯨꯞ-ꯃꯀꯨꯞ ꯈꯦꯠꯂꯕ ꯌꯨꯕꯤ ꯍꯥꯞꯆꯤꯟꯕꯁꯨ ꯌꯥꯏ꯫,ꯅꯍꯥꯛꯅ    ꯀꯟꯇꯦ ꯅꯔ    ꯑꯗꯨꯗ    ꯆꯦ ꯡꯒꯤ    ꯌꯥꯝ    ꯑꯗꯨ    ꯍꯥꯞ ꯆꯤ ꯜꯂꯤ ꯉꯩꯗ    ꯃꯔꯛꯇ    ꯅꯍꯥꯛꯅ    ꯑꯄꯤꯛꯄ    ꯆꯥꯡ ꯁꯤꯡꯗ    ꯃ ꯀꯨꯞ -ꯃ ꯀꯨ ꯞ    ꯈꯦꯠ ꯂꯕ    ꯌꯨ ꯕꯤ    ꯍꯥꯞꯆꯤꯟ ꯕꯁꯨ    ꯌꯥꯏ꯫ ,89,29
36,"ꯅꯍꯥꯛꯅ ꯀꯣꯏꯗꯥꯅꯕ ꯑꯁꯥꯡꯕ ꯀꯣꯟ ꯑꯃꯗ ꯑꯈꯦꯠꯄ ꯌꯨꯕꯤꯗꯨ ꯆꯥꯃꯁ ꯑꯃ ꯍꯥꯞꯆꯟꯗꯨꯅ ꯍꯧꯕ ꯌꯥꯏ, ꯃꯗꯨꯒꯤ ꯃꯇꯨꯡꯗ ꯐꯖꯅ ꯇꯣꯠꯂꯕ ꯆꯦꯡꯅ ꯁꯦꯝꯕ ꯌꯥꯝ ꯍꯥꯞꯆꯜꯂꯨ꯫","ꯅꯍꯥꯛꯅ    ꯀꯣꯏ ꯗꯥ ꯅꯕ    ꯑꯁꯥꯡꯕ    ꯀꯣ ꯟ    ꯑꯃꯗ    ꯑ ꯈꯦ ꯠꯄ    ꯌꯨ ꯕꯤ ꯗꯨ    ꯆꯥ ꯃꯁ    ꯑꯃ    ꯍꯥꯞ ꯆꯟ ꯗꯨꯅ    ꯍꯧꯕ    ꯌꯥꯏ,    ꯃꯗꯨꯒꯤ    ꯃꯇꯨꯡꯗ    ꯐꯖꯅ    ꯇꯣ ꯠ ꯂꯕ    ꯆꯦ ꯡꯅ    ꯁꯦꯝꯕ    ꯌꯥꯝ    ꯍꯥꯞ ꯆꯜꯂ ꯨ꯫ ",92,35
37,ꯃꯍꯥꯔꯥꯖꯥ ꯔꯟꯖꯤꯠ ꯁꯤꯡꯍꯥꯒꯤ ꯁꯦꯟꯊꯡ ꯃꯈꯥꯗ ꯐꯖꯔꯕ ꯑꯃꯗꯤ ꯄꯨꯛꯅꯤꯡ ꯍꯨꯅꯤꯡꯉꯥꯏ ꯑꯣꯏꯔꯕ ꯍꯩꯁꯤꯡꯅ ꯀꯨꯞꯅ ꯍꯛꯄ ꯁꯅꯥꯒꯤ ꯀꯣꯏꯗꯅꯕꯅ ꯀꯨꯞꯄ ꯒꯨꯔꯨꯗ꯭ꯋꯥꯔꯥ ꯏꯪ ꯱꯸꯳꯵ ꯑꯗꯨꯋꯥꯏꯗ ꯅꯟꯗꯦꯗꯇ ꯁꯥꯈꯤ꯫,ꯃꯍꯥꯔꯥ ꯖꯥ    ꯔꯟ ꯖꯤꯠ    ꯁꯤꯡ ꯍꯥ ꯒꯤ    ꯁꯦꯟ ꯊ ꯡ    ꯃꯈꯥꯗ    ꯐꯖꯔꯕ    ꯑꯃꯗꯤ    ꯄꯨꯛꯅꯤꯡ    ꯍꯨ ꯅꯤꯡꯉꯥꯏ    ꯑꯣꯏꯔꯕ    ꯍꯩ ꯁꯤꯡꯅ    ꯀꯨꯞꯅ    ꯍ ꯛꯄ    ꯁꯅꯥꯒꯤ    ꯀꯣꯏ ꯗ ꯅꯕ ꯅ    ꯀꯨꯞꯄ    ꯒꯨ ꯔꯨ ꯗ꯭ ꯋꯥꯔ ꯥ    ꯏꯪ    ꯱꯸ ꯳ ꯵    ꯑꯗꯨ ꯋꯥꯏ ꯗ    ꯅꯟ ꯗꯦ ꯗꯇ    ꯁꯥꯈꯤ꯫ ,118,44
38,ꯁꯃꯋꯦꯗꯥ ꯑꯁꯤ ꯃꯁꯤꯒꯤ ꯈꯟꯒꯠꯂꯕ ꯁ꯭ꯚꯥꯔꯥꯁꯗ ꯃꯈꯣꯏꯒꯤ ꯁꯦꯝꯒꯠꯄ ꯆꯟꯗꯥ ꯅꯠꯇ꯭ꯔꯒ ꯇꯥꯟꯅꯥꯏꯕ ꯈꯣꯟꯊꯣꯛꯁꯤꯡ ꯍꯥꯞꯄꯕ ꯔꯨꯆꯥꯁꯤꯡꯒꯤ ꯄꯨꯟꯁꯤꯟꯕꯅꯤ꯫,ꯁ ꯃ ꯋꯦ ꯗꯥ    ꯑꯁꯤ    ꯃꯁꯤꯒꯤ    ꯈꯟꯒꯠ ꯂꯕ    ꯁ꯭ ꯚꯥꯔ ꯥ ꯁ ꯗ    ꯃꯈꯣꯏꯒꯤ    ꯁꯦꯝꯒꯠꯄ    ꯆꯟ ꯗꯥ    ꯅꯠꯇ꯭ꯔꯒ    ꯇꯥꯟ ꯅꯥꯏꯕ    ꯈꯣꯟ ꯊꯣꯛ ꯁꯤꯡ    ꯍꯥꯞ ꯄ ꯕ    ꯔꯨ ꯆꯥ ꯁꯤꯡꯒꯤ    ꯄꯨꯟꯁꯤꯟ ꯕꯅꯤ꯫ ,90,31
39,ꯀꯣꯁꯥꯂꯥꯒꯤ ꯀꯣꯅꯨꯡꯗꯨ ꯕꯥꯜꯃꯤꯀꯤꯒꯤ ꯁꯩꯊꯥꯕꯗꯒꯤ ꯃꯌꯦꯛ ꯁꯦꯡꯂꯦ ꯃꯗꯨꯗꯤ ꯑꯔꯤꯕ ꯃꯇꯝꯒꯤ ꯑꯌꯣꯙ꯭ꯌ ꯑꯗꯨ ꯍꯧꯖꯤꯛꯀꯤ ꯃꯇꯝꯒꯤ ꯁꯍꯔꯁꯤꯡꯗꯒꯤ ꯇꯥꯗꯦ꯫,ꯀꯣ ꯁꯥ ꯂꯥꯒꯤ    ꯀꯣꯅꯨꯡ ꯗꯨ    ꯕꯥꯜ ꯃꯤ ꯀꯤꯒꯤ    ꯁꯩ ꯊꯥ ꯕꯗꯒꯤ    ꯃꯌꯦꯛ    ꯁꯦꯡ ꯂꯦ    ꯃꯗꯨꯗꯤ    ꯑꯔꯤꯕ    ꯃꯇꯝꯒꯤ    ꯑ ꯌꯣ ꯙ ꯭ꯌ    ꯑꯗꯨ    ꯍꯧꯖꯤꯛꯀꯤ    ꯃꯇꯝꯒꯤ    ꯁꯍꯔ ꯁꯤꯡꯗꯒꯤ    ꯇꯥ ꯗꯦ꯫ ,90,28
40,"""ꯑꯩꯅ ꯇꯧꯒꯅꯤ""ꯅ ꯍꯥꯏꯔꯨꯔꯕꯗꯤ, ꯅꯉꯣꯟꯗ ꯃꯗꯨ ꯇꯧꯕ ꯅꯠꯇꯅ ꯑꯇꯣꯞꯄ ꯈꯟꯅꯤꯡꯉꯥꯏ ꯂꯩꯇꯦ꯫",""" ꯑꯩ ꯅ    ꯇꯧ ꯒꯅꯤ "" ꯅ    ꯍꯥꯏ ꯔꯨ ꯔꯕꯗꯤ,    ꯅꯉꯣꯟꯗ    ꯃꯗꯨ    ꯇꯧꯕ    ꯅꯠꯇꯅ    ꯑꯇꯣꯞꯄ    ꯈꯟ ꯅꯤꯡꯉꯥꯏ    ꯂꯩꯇꯦ꯫ ",54,18
41,"ꯍꯧꯈꯤꯕ ꯅꯨꯃꯤꯠ ꯈꯔꯅꯤꯗ, ꯚꯥꯔꯠꯀꯤ ꯄꯩꯁꯥꯒꯤ ꯑꯦꯛꯆꯦꯟꯖ ꯔꯦꯠꯀ ꯑꯃꯁꯨꯡ ꯐꯣꯔꯦꯛꯁ ꯔꯤꯖꯔꯕꯁꯤꯡꯒꯤ ꯀꯣꯟꯅꯒꯗꯧꯕꯁꯤꯡꯒꯒꯤ ꯃꯇꯥꯡꯗ ꯈꯦꯠꯅꯕ ꯋꯥꯈꯜꯂꯣꯟ ꯀꯌꯥ ꯂꯩꯔꯦ꯫","ꯍꯧꯈꯤꯕ    ꯅꯨꯃꯤꯠ    ꯈꯔ ꯅꯤ ꯗ,    ꯚꯥꯔꯠꯀꯤ    ꯄꯩ ꯁꯥꯒꯤ    ꯑꯦꯛ ꯆꯦꯟ ꯖ    ꯔꯦ ꯠꯀ    ꯑꯃꯁꯨꯡ    ꯐꯣ ꯔꯦ ꯛꯁ    ꯔꯤꯖꯔꯕ ꯁꯤꯡꯒꯤ    ꯀꯣꯟ ꯅ ꯒꯗꯧ ꯕ ꯁꯤꯡ ꯒꯒꯤ    ꯃꯇꯥꯡꯗ    ꯈꯦꯠꯅꯕ    ꯋꯥꯈꯜꯂꯣꯟ    ꯀꯌꯥ    ꯂꯩ ꯔꯦ꯫ ",99,31
42,ꯀ꯭ꯔꯦꯗꯤꯠ ꯀꯥꯔꯗ ꯑꯦꯀꯥꯎꯟ꯭ꯇ ꯑꯃꯅ ꯅꯨꯃꯤꯠ ꯍꯨꯝꯅꯤꯗꯒꯤ ꯍꯦꯟꯅ ꯊꯤꯕꯒꯤ ꯃꯇꯝ ꯍꯦꯟꯗꯣꯛꯔꯛꯂꯕꯗꯇ ꯕꯦꯡ꯭ꯀꯁꯤꯡꯅ ꯀ꯭ꯔꯦꯗꯤꯠ ꯏꯟꯐꯣꯔꯃꯦꯁꯟ ꯀꯝꯄꯅꯤꯁꯤꯡꯗ (ꯁꯤ ꯑꯥꯏ ꯁꯤꯁꯤꯡ ) ꯄꯥꯎꯗꯝꯒꯅꯤ ꯅꯠꯇ꯭ꯔꯒ ꯊꯦꯡꯅ ꯊꯤꯕꯒꯤ ꯑꯍꯦꯟꯕ ꯃꯃꯜ ꯀꯛꯄꯒꯨꯝꯕ ꯄꯦꯅꯥꯜ ꯆꯥꯔꯖꯦꯁ ꯇꯧꯒꯅꯤ꯫,ꯀ꯭ꯔꯦꯗꯤꯠ    ꯀꯥꯔꯗ    ꯑꯦꯀꯥꯎꯟ ꯭ꯇ    ꯑꯃꯅ    ꯅꯨꯃꯤꯠ    ꯍꯨꯝ ꯅꯤ ꯗꯒꯤ    ꯍꯦꯟꯅ    ꯊꯤꯕꯒꯤ    ꯃꯇꯝ    ꯍꯦꯟꯗꯣꯛ ꯔꯛ ꯂꯕ ꯗꯇ    ꯕꯦꯡ ꯭ ꯀ ꯁꯤꯡꯅ    ꯀ꯭ꯔꯦꯗꯤꯠ    ꯏꯟ ꯐꯣꯔ ꯃꯦꯁꯟ    ꯀꯝꯄꯅꯤ ꯁꯤꯡꯗ    ( ꯁꯤ    ꯑ ꯥꯏ    ꯁꯤ ꯁꯤꯡ    )    ꯄꯥꯎꯗꯝ ꯒꯅꯤ    ꯅꯠꯇ꯭ꯔꯒ    ꯊꯦꯡ ꯅ    ꯊꯤꯕꯒꯤ    ꯑꯍꯦꯟꯕ    ꯃꯃꯜ    ꯀ ꯛꯄ ꯒꯨꯝꯕ    ꯄꯦ ꯅꯥ ꯜ    ꯆꯥꯔ ꯖ ꯦꯁ    ꯇꯧ ꯒꯅꯤ꯫ ,160,52
43,ꯂꯝꯁꯤꯡꯅ ꯃꯈꯣꯏꯒꯤ ꯁꯦꯟꯒꯤ ꯐꯤꯚꯝ ꯐꯒꯠꯍꯟꯅꯕꯒꯤꯗꯃꯛꯇ ꯃꯈꯣꯏꯔꯣꯝꯗ ꯍꯛꯊꯦꯡꯅꯅ ꯁꯦꯟ ꯊꯥꯗꯔꯛꯄꯕꯨ ꯁꯧꯒꯠꯄ ꯌꯥꯏ꯫,ꯂꯝ ꯁꯤꯡꯅ    ꯃꯈꯣꯏꯒꯤ    ꯁꯦꯟꯒꯤ    ꯐꯤꯚꯝ    ꯐꯒꯠ ꯍꯟ ꯅꯕꯒꯤꯗꯃꯛꯇ    ꯃꯈꯣꯏ ꯔꯣꯝꯗ    ꯍꯛꯊꯦꯡꯅꯅ    ꯁꯦꯟ    ꯊꯥꯗ ꯔꯛꯄ ꯕꯨ    ꯁꯧꯒꯠꯄ    ꯌꯥꯏ꯫ ,69,17
44,"ꯑꯗꯨꯝ ꯑꯣꯏꯅꯃꯛ, ꯊꯕꯛꯁꯤꯡ ꯑꯗꯨ ꯊꯨꯅ ꯇꯧꯍꯟꯅꯕꯒꯤ ꯄꯨꯛꯅꯤꯡ ꯊꯧꯒꯠꯄ ꯑꯣꯏꯅ, ꯀꯔꯤꯒꯨꯝꯕ ꯑꯌꯥꯕ ꯊꯕꯛꯁꯤꯡ ꯑꯗꯨ ꯕꯦꯡ꯭ꯀ ꯑꯗꯨꯅ ꯆꯦ ꯊꯥꯖꯜꯂꯛꯄ ꯑꯗꯨ ꯂꯧꯁꯟꯕ ꯇꯥꯡꯗꯒꯤ ꯅꯨꯃꯤꯠ ꯹꯰ꯅꯤꯒꯤ ꯃꯅꯨꯡꯗ ꯇꯧꯍꯟꯕ ꯇꯥꯔꯕꯗꯤ, ꯃꯔꯜ ꯃꯊꯨꯝꯒꯤ ꯊꯥꯛ ꯈꯥꯏꯗꯧꯛꯄ ꯑꯗꯨ ꯕꯦꯡ꯭ꯀ ꯑꯗꯨꯅ ꯁꯦꯝꯗꯣꯛ ꯁꯦꯝꯖꯤꯟ ꯇꯧꯕꯒꯤ ꯍꯥꯏꯖꯕꯒꯤ ꯆꯦ ꯑꯗꯨ ꯂꯧꯁꯤꯟꯕ ꯃꯇꯝꯗ ꯂꯩꯔꯝꯕ ꯐꯝ ꯑꯗꯨꯗ ꯍꯟꯖꯟꯕ ꯌꯥꯏ꯫","ꯑꯗꯨꯝ    ꯑꯣꯏꯅꯃꯛ,    ꯊꯕꯛꯁꯤꯡ    ꯑꯗꯨ    ꯊꯨꯅ    ꯇꯧ ꯍꯟ ꯅꯕꯒꯤ    ꯄꯨꯛꯅꯤꯡ    ꯊꯧꯒꯠ ꯄ    ꯑꯣꯏꯅ,    ꯀꯔꯤꯒꯨꯝꯕ    ꯑꯌꯥꯕ    ꯊꯕꯛꯁꯤꯡ    ꯑꯗꯨ    ꯕꯦꯡ ꯭ ꯀ    ꯑꯗꯨꯅ    ꯆꯦ    ꯊꯥꯖ ꯜꯂꯛꯄ    ꯑꯗꯨ    ꯂꯧ ꯁꯟ ꯕ    ꯇꯥꯡ ꯗꯒꯤ    ꯅꯨꯃꯤꯠ    ꯹ ꯰ ꯅꯤꯒꯤ    ꯃꯅꯨꯡꯗ    ꯇꯧ ꯍꯟꯕ    ꯇꯥꯔꯕꯗꯤ,    ꯃꯔ ꯜ    ꯃꯊ ꯨꯝ ꯒꯤ    ꯊꯥꯛ    ꯈꯥꯏ ꯗꯧ ꯛꯄ    ꯑꯗꯨ    ꯕꯦꯡ ꯭ ꯀ    ꯑꯗꯨꯅ    ꯁꯦꯝ ꯗꯣꯛ    ꯁꯦꯝꯖꯤꯟ    ꯇꯧꯕꯒꯤ    ꯍꯥꯏꯖ ꯕꯒꯤ    ꯆꯦ    ꯑꯗꯨ    ꯂꯧ ꯁꯤꯟꯕ    ꯃꯇꯝꯗ    ꯂꯩꯔꯝꯕ    ꯐꯝ    ꯑꯗꯨꯗ    ꯍꯟ ꯖ ꯟꯕ    ꯌꯥꯏ꯫ ",217,69
45,"ꯂꯅꯥꯏꯒꯤ ꯁꯦꯟ ꯇꯥꯁꯤꯟꯕꯒꯤ ꯊꯕꯛ ꯄꯥꯡꯊꯣꯛꯄꯒꯤ ꯁꯥꯐꯨ ꯑꯁꯤꯅ ꯁꯨꯡꯁꯣꯏ ꯁꯣꯏꯗꯅ ꯂꯟ ꯊꯨꯝ ꯑꯗꯨ ꯈꯨꯠ ꯈꯔ ꯈꯛꯇꯗ ꯇꯥꯁꯤꯟꯕ ꯑꯣꯏꯕ꯭ꯔ ꯅꯠꯇ꯭ꯔꯒ ꯆꯥꯎꯈꯠꯄ, ꯂꯝꯕ ꯇꯥꯅꯕ ꯑꯃꯁꯨꯡ ꯇꯦꯛꯅꯣꯂꯣꯒꯤꯒꯤ ꯆꯥꯎꯈꯠꯄ ꯑꯁꯤꯅ ꯆꯥꯡ ꯃꯥꯅꯗꯕ ꯍꯟꯊꯍꯟꯕ꯭ꯔ","ꯂꯅꯥꯏꯒꯤ    ꯁꯦꯟ    ꯇꯥ ꯁꯤꯟꯕꯒꯤ    ꯊꯕꯛ    ꯄꯥꯡꯊꯣꯛ ꯄꯒꯤ    ꯁꯥꯐꯨ    ꯑꯁꯤꯅ    ꯁꯨꯡ ꯁ ꯣꯏ    ꯁꯣꯏꯗꯅ    ꯂꯟ    ꯊꯨꯝ    ꯑꯗꯨ    ꯈꯨꯠ    ꯈꯔ    ꯈꯛꯇꯗ    ꯇꯥ ꯁꯤꯟꯕ    ꯑꯣꯏ ꯕ꯭ꯔ   ꯅꯠꯇ꯭ꯔꯒ    ꯆꯥꯎꯈꯠ ꯄ,    ꯂꯝꯕ    ꯇꯥ ꯅꯕ    ꯑꯃꯁꯨꯡ    ꯇꯦꯛꯅꯣ ꯂꯣ ꯒꯤ ꯒꯤ    ꯆꯥꯎꯈꯠꯄ    ꯑꯁꯤꯅ    ꯆꯥꯡ    ꯃꯥ ꯅꯗꯕ    ꯍꯟꯊ ꯍꯟ ꯕ꯭ꯔ",139,42
46,ꯃꯁꯤꯅ ꯀꯩꯊꯦꯜꯗ ꯌꯥꯝꯅ ꯍꯦꯟꯅ ꯍꯣꯡꯗꯣꯛ ꯍꯣꯡꯖꯤꯟ ꯇꯧꯔꯛꯀꯗꯧꯕꯗꯨ ꯂꯥꯛꯁꯤꯟꯕ ꯌꯥꯏ ꯑꯃꯁꯨꯡ ꯑꯣꯏꯍꯟꯅꯤꯡꯕꯗꯨ ꯐꯖꯅ ꯃꯥꯏꯀꯩ ꯄꯤꯕ ꯌꯥꯏ꯫,ꯃꯁꯤꯅ    ꯀꯩꯊꯦ ꯜꯗ    ꯌꯥꯝꯅ    ꯍꯦꯟꯅ    ꯍꯣꯡ ꯗꯣꯛ    ꯍꯣꯡ ꯖꯤꯟ    ꯇꯧ ꯔꯛ ꯀꯗꯧ ꯕꯗꯨ    ꯂꯥꯛ ꯁꯤꯟꯕ    ꯌꯥꯏ    ꯑꯃꯁꯨꯡ    ꯑꯣꯏ ꯍꯟ ꯅꯤꯡ ꯕꯗꯨ    ꯐꯖꯅ    ꯃꯥꯏꯀꯩ    ꯄꯤꯕ    ꯌꯥꯏ꯫ ,81,25
47,ꯀ꯭ꯌꯨꯇꯨꯒꯤ ꯌꯥꯝꯅ ꯋꯥꯡꯕ ꯐ꯭ꯔꯤꯀꯨ꯭ꯋꯦꯟꯁꯤ ꯗꯦꯇꯥꯅ ꯁꯦꯟꯃꯤꯠꯂꯣꯟꯒꯤ ꯊꯧꯋꯣꯡ ꯑꯗꯨ ꯀꯟꯅ ꯂꯦꯞꯇꯨꯅ ꯂꯩꯔꯤ ꯍꯥꯏꯕꯗꯨ ꯇꯥꯛꯏ꯫,ꯀ꯭ꯌꯨ ꯇꯨ ꯒꯤ    ꯌꯥꯝꯅ    ꯋꯥꯡꯕ    ꯐ꯭ꯔꯤ ꯀꯨ ꯭ꯋ ꯦꯟ ꯁꯤ    ꯗꯦ ꯇꯥꯅ    ꯁꯦꯟꯃꯤꯠꯂꯣꯟꯒꯤ    ꯊꯧ ꯋꯣꯡ    ꯑꯗꯨ    ꯀꯟꯅ    ꯂꯦꯞ ꯇꯨꯅ    ꯂꯩꯔꯤ    ꯍꯥꯏꯕꯗꯨ    ꯇꯥꯛꯏ꯫ ,76,22
48,"ꯃꯦꯀ꯭ꯔꯣꯏꯀꯣꯅꯣꯃꯤꯛꯁꯇ, ꯍꯤꯔꯝ ꯑꯗꯨꯗꯤ ꯑꯌꯥꯝꯕꯅ ꯂꯩꯕꯛ ꯑꯃꯅꯤ ꯑꯃꯁꯨꯡ ꯏꯀꯣꯅꯣꯃꯤꯁꯇꯁꯤꯡꯅ ꯑꯦꯒ꯭ꯔꯤꯒꯦꯠ ꯚꯦꯔꯤꯌꯦꯕꯜꯁ ꯍꯥꯏꯅ ꯀꯧꯕ ꯑꯆꯧꯕ ꯁꯛꯑꯣꯡ ꯑꯁꯤ ꯄꯨꯊꯣꯛꯅꯅꯕ ꯀꯩꯊꯦꯜꯁꯤꯡꯅ ꯀꯔꯝꯅ ꯊꯦꯡꯅꯒꯦꯅꯤ꯫","ꯃꯦ ꯀ꯭ꯔ ꯣꯏ ꯀꯣ ꯅꯣꯃꯤ ꯛ ꯁꯇ ,    ꯍꯤꯔꯝ    ꯑꯗꯨꯗꯤ    ꯑꯌꯥꯝꯕꯅ    ꯂꯩꯕ ꯛ    ꯑꯃꯅꯤ    ꯑꯃꯁꯨꯡ    ꯏꯀꯣꯅꯣꯃꯤ ꯁꯇ ꯁꯤꯡꯅ    ꯑꯦ ꯒ꯭ꯔꯤ ꯒꯦ ꯠ    ꯚꯦ ꯔꯤ ꯌꯦ ꯕ ꯜꯁ    ꯍꯥꯏꯅ    ꯀꯧꯕ    ꯑꯆꯧꯕ    ꯁꯛ ꯑꯣ ꯡ    ꯑꯁꯤ    ꯄꯨꯊꯣꯛ ꯅꯅꯕ    ꯀꯩꯊꯦ ꯜꯁꯤꯡꯅ    ꯀꯔꯝꯅ    ꯊꯦꯡꯅ ꯒꯦ ꯅꯤ꯫ ",125,42
49,ꯂꯤꯀꯨꯏꯗꯤꯇꯤ ꯍꯥꯏꯕꯁꯤ ꯌꯥꯝꯅ ꯑꯇꯦꯟꯕ ꯃꯇꯝꯗ ꯁꯦꯟ-ꯊꯨꯝꯒꯤ ꯑꯣꯏꯕ ꯄꯣꯠꯁꯤꯡꯕꯨ ꯀꯩꯊꯦꯜꯒꯤ ꯃꯃꯜ ꯑꯗꯨꯗ ꯄꯨꯟꯅ ꯀꯔꯝꯕ ꯇꯥꯡꯀꯛ ꯐꯥꯎꯕ ꯌꯣꯟꯕ ꯌꯥꯒꯦ ꯍꯥꯏꯕꯗꯨꯅꯤ꯫,ꯂꯤ ꯀꯨꯏ ꯗꯤ ꯇꯤ    ꯍꯥꯏꯕꯁꯤ    ꯌꯥꯝꯅ    ꯑꯇꯦꯟꯕ    ꯃꯇꯝꯗ    ꯁꯦꯟ-ꯊꯨꯝꯒꯤ    ꯑꯣꯏꯕ    ꯄꯣꯠ ꯁꯤꯡꯕꯨ    ꯀꯩꯊꯦ ꯜꯒꯤ    ꯃꯃꯜ    ꯑꯗꯨꯗ    ꯄꯨꯟꯅ    ꯀꯔꯝꯕ    ꯇꯥꯡꯀꯛ    ꯐꯥꯎꯕ    ꯌꯣꯟꯕ    ꯌꯥ ꯒꯦ    ꯍꯥꯏꯕ ꯗꯨ ꯅꯤ꯫ ,97,26
50,"ꯆꯥꯥꯎꯅ ꯍꯥꯏꯔꯕꯗ, ꯁꯦꯟꯊꯣꯛꯀꯤ ꯃꯁꯛ ꯇꯥꯛꯄ ꯊꯧꯁꯤꯜ ꯑꯗꯨ ꯄꯥꯝꯂꯤꯕ ꯅꯠꯇ꯭ꯔꯒ ꯄꯥꯟꯗꯝ ꯊꯝꯂꯤꯕ ꯄꯣꯠ ꯑꯃ ꯑꯃꯁꯨꯡ ꯑꯣꯏꯊꯣꯛꯄ ꯌꯥꯕꯁꯤꯡ ꯈꯟꯕꯒꯤ ꯃꯍꯨꯠꯇ ꯍꯟꯗꯣꯛꯄ ꯌꯥꯕꯒꯤ ꯆꯦꯆꯟꯗ ꯌꯨꯝꯐꯝ ꯑꯣꯏꯒꯗꯧꯕꯅꯤ꯫","ꯆꯥ ꯥꯎ ꯅ    ꯍꯥꯏ ꯔꯕ ꯗ,    ꯁꯦꯟ ꯊꯣꯛ ꯀꯤ    ꯃꯁꯛ    ꯇꯥꯛꯄ    ꯊꯧ ꯁꯤꯜ    ꯑꯗꯨ    ꯄꯥꯝꯂꯤꯕ    ꯅꯠꯇ꯭ꯔꯒ    ꯄꯥꯟꯗꯝ    ꯊꯝꯂꯤꯕ    ꯄꯣꯠ    ꯑꯃ    ꯑꯃꯁꯨꯡ    ꯑꯣꯏꯊꯣꯛꯄ    ꯌꯥ ꯕꯁꯤꯡ    ꯈꯟ ꯕꯒꯤ    ꯃꯍꯨꯠꯇ    ꯍꯟ ꯗꯣꯛꯄ    ꯌꯥꯕꯒꯤ    ꯆꯦ ꯆ ꯟꯗ    ꯌꯨꯝꯐꯝ    ꯑꯣꯏ ꯒꯗꯧ ꯕꯅꯤ꯫ ",121,37
51,"ꯝꯔꯝ ꯑꯁꯤꯅ, ꯑꯁꯤꯒꯨꯝꯕ ꯁꯦꯟꯗꯣꯏꯒꯤ ꯁꯦꯟ ꯃꯁꯤꯡ ꯑꯁꯤꯅ ꯁꯦꯟ ꯄꯤꯕꯒꯤ ꯃꯇꯝ ꯍꯦꯟꯗꯣꯛꯇꯦ ꯑꯃꯁꯨꯡ ꯑꯁꯨꯝꯅ ꯑꯦꯟꯄꯤꯑꯦ, ꯁꯦꯟꯗꯣꯏ ꯑꯗꯨ ꯀꯛꯄ ꯇꯥꯡꯒ ꯃꯔꯤ ꯂꯩꯅꯅ꯫","ꯝ ꯔꯝ    ꯑꯁꯤ ꯅ,    ꯑꯁꯤꯒꯨꯝꯕ    ꯁꯦꯟꯗ ꯣꯏꯒꯤ    ꯁꯦꯟ    ꯃꯁꯤꯡ    ꯑꯁꯤꯅ    ꯁꯦꯟ    ꯄꯤꯕꯒꯤ    ꯃꯇꯝ    ꯍꯦꯟꯗꯣꯛ ꯇꯦ    ꯑꯃꯁꯨꯡ    ꯑꯁꯨꯝꯅ    ꯑꯦꯟ ꯄꯤ ꯑꯦ ,    ꯁꯦꯟꯗꯣꯏ    ꯑꯗꯨ    ꯀ ꯛꯄ    ꯇꯥꯡ ꯒ    ꯃꯔꯤ    ꯂꯩꯅ ꯅ ꯫ ",95,31
52,ꯚꯥꯔꯠꯀꯤ ꯑꯇꯣꯞꯄ ꯋꯥꯌꯦꯜ ꯀꯥꯡꯂꯣꯟꯒꯤ ꯂꯝꯗ ꯁꯦꯟ ꯊꯗꯣꯛ-ꯊꯤꯖꯤꯟꯒꯤ ꯊꯧꯑꯣꯡ ꯁꯤꯡ ꯑꯁꯤ ꯍꯧꯒꯤꯛ ꯆꯠꯊꯔꯤꯕ ꯚꯥꯔꯠꯀꯤ ꯑꯊꯨꯕ ꯁꯦꯟꯊꯤꯕꯒꯤ ꯊꯧꯋꯣꯡ- ꯌꯨꯄꯤꯑꯥꯏ- ꯑꯗꯨ ꯑꯇꯣꯞꯄ ꯋꯥꯌꯦꯜ ꯀꯥꯡꯂꯣꯟꯁꯤꯡꯒꯤ ꯂꯝꯗ ꯁꯝꯖꯟꯅꯕ ꯌꯥꯕꯒꯤ ꯇꯟꯖ ꯂꯩꯕꯁꯤꯅ ꯉꯝꯈꯩꯒꯤ ꯋꯥꯡꯃꯗ ꯁꯦꯟ ꯊꯤꯕ ꯌꯥꯎꯅ ꯁꯦꯟ ꯊꯥꯗꯣꯛ ꯊꯥꯖꯤꯟꯒꯤ ꯁꯤꯟꯗꯣꯛ-ꯁꯤꯟꯖꯤꯟꯁꯤꯡꯗ ꯐꯒꯠꯍꯟꯒꯅꯤ꯫,ꯚꯥꯔꯠꯀꯤ    ꯑꯇꯣꯞꯄ    ꯋꯥꯌꯦꯜ    ꯀꯥꯡ ꯂꯣꯟꯒꯤ    ꯂꯝꯗ    ꯁꯦꯟ    ꯊ ꯗꯣꯛ- ꯊꯤꯖꯤꯟ ꯒꯤ    ꯊꯧꯑꯣꯡ    ꯁꯤꯡ    ꯑꯁꯤ    ꯍꯧ ꯒꯤ ꯛ    ꯆꯠꯊ ꯔꯤꯕ    ꯚꯥꯔꯠꯀꯤ    ꯑꯊꯨꯕ    ꯁꯦꯟ ꯊꯤꯕꯒꯤ    ꯊꯧ ꯋ ꯣꯡ -    ꯌꯨ ꯄꯤ ꯑꯥꯏ -    ꯑꯗꯨ    ꯑꯇꯣꯞꯄ    ꯋꯥꯌꯦꯜ    ꯀꯥꯡꯂꯣꯟ ꯁꯤꯡꯒꯤ    ꯂꯝꯗ    ꯁꯝ ꯖꯟ ꯅꯕ    ꯌꯥꯕꯒꯤ    ꯇꯟ ꯖ    ꯂꯩꯕ ꯁꯤꯅ    ꯉꯝꯈ ꯩꯒꯤ    ꯋꯥꯡ ꯃꯗ    ꯁꯦꯟ    ꯊꯤꯕ    ꯌꯥꯎꯅ    ꯁꯦꯟ    ꯊꯥ ꯗꯣꯛ    ꯊꯥ ꯖꯤꯟ ꯒꯤ    ꯁꯤꯟ ꯗꯣꯛ- ꯁꯤꯟ ꯖꯤꯟ ꯁꯤꯡꯗ    ꯐꯒꯠ ꯍꯟ ꯒꯅꯤ꯫ ,205,66
53,ꯄꯥꯋꯔ ꯄ꯭ꯂꯥꯟꯁ ꯑꯦꯟꯗ ꯏꯟꯗꯁꯇ꯭ꯔꯤꯌꯦꯜ (ꯐꯔꯇꯤꯂꯥꯏꯖꯔ) ꯄ꯭ꯂꯥꯟꯁ ꯆꯂꯥꯏꯕꯗ ꯁꯤꯖꯟꯅꯕ ꯑꯣꯏꯕꯅ ꯏꯅꯔꯖꯤꯒꯤ ꯇꯥꯡꯀꯛꯇ ꯂꯤꯀꯨꯋꯤꯐꯥꯏ ꯅꯦꯆꯔꯦꯜ ꯒꯌꯥꯁ (ꯑꯦꯜꯑꯦꯟꯒꯤ) ꯑꯁꯤ ꯈꯨꯋꯥꯏꯗꯒꯤ ꯃꯔꯨ ꯑꯣꯏꯅ ꯂꯧꯔꯤ꯫,ꯄꯥꯋꯔ    ꯄ꯭ꯂꯥꯟ ꯁ    ꯑꯦꯟ ꯗ    ꯏꯟꯗꯁꯇ꯭ꯔꯤ ꯌꯦꯜ    ( ꯐꯔ ꯇꯤ ꯂꯥꯏ ꯖꯔ )    ꯄ꯭ꯂꯥꯟ ꯁ    ꯆꯂꯥꯏ ꯕꯗ    ꯁꯤꯖꯟ ꯅꯕ    ꯑꯣꯏꯕꯅ    ꯏ ꯅꯔ ꯖꯤꯒꯤ    ꯇꯥꯡꯀ ꯛꯇ    ꯂꯤ ꯀꯨ ꯋꯤ ꯐꯥꯏ    ꯅꯦ ꯆꯔꯦꯜ    ꯒ ꯌꯥ ꯁ    ( ꯑꯦꯜ ꯑꯦꯟ ꯒꯤ )    ꯑꯁꯤ    ꯈꯨ ꯋ ꯥꯏꯗꯒꯤ    ꯃꯔꯨ    ꯑꯣꯏꯅ    ꯂꯧ ꯔꯤ꯫ ,124,47
54,"ꯑꯗꯨꯝ ꯑꯣꯏꯅꯃꯛ, ꯅꯍꯛꯄꯨ ꯀꯩꯊꯦꯟꯒꯤ ꯃꯐꯝꯁꯤꯡꯗ ꯌꯣꯟꯕ ꯍꯦꯟꯒꯠꯍꯜꯂꯕꯁꯨ, ꯃꯈꯣꯏꯅ ꯆꯠꯅꯕ ꯌꯥꯕ ꯂꯂꯣꯟ ꯏꯇꯤꯛ ꯑꯃ ꯑꯃꯁꯨꯡ ꯅꯍꯥꯛꯀꯤ ꯌꯣꯟꯕ ꯌꯥꯕ ꯕꯔꯦꯟ ꯑꯃ ꯁꯥꯒꯠꯗꯤ ꯌꯥꯍꯟꯗꯦ꯫","ꯑꯗꯨꯝ    ꯑꯣꯏꯅꯃꯛ,    ꯅ ꯍꯛ ꯄꯨ    ꯀꯩ ꯊ ꯦꯟ ꯒꯤ    ꯃꯐꯝꯁꯤꯡꯗ    ꯌꯣꯟꯕ    ꯍꯦꯟꯒꯠ ꯍꯜꯂ ꯕꯁꯨ,    ꯃꯈꯣꯏꯅ    ꯆꯠꯅꯕ    ꯌꯥꯕ    ꯂꯂꯣꯟ    ꯏꯇꯤꯛ    ꯑꯃ    ꯑꯃꯁꯨꯡ    ꯅꯍꯥꯛꯀꯤ    ꯌꯣꯟꯕ    ꯌꯥꯕ    ꯕꯔ ꯦꯟ    ꯑꯃ    ꯁꯥꯒꯠ ꯗꯤ    ꯌꯥ ꯍꯟ ꯗꯦ꯫ ",105,32
55,ꯄꯦꯃꯦꯟꯇ ꯑꯦꯒ꯭ꯔꯤꯒꯦꯇꯔꯁꯤꯡ (ꯄꯤꯑꯦꯁꯤꯡ) ꯑꯁꯤꯅ ꯁꯦꯟ ꯊꯤꯅꯕꯁꯤꯡꯒꯤ ꯑꯀꯣꯏꯕꯒꯤ ꯐꯤꯚꯝ ꯑꯗꯨꯗ ꯌꯥꯝꯅ ꯑꯔꯨꯕ ꯊꯧꯗꯥꯡ ꯂꯧꯋꯤ ꯑꯗꯨꯒ ꯃꯔꯝ ꯑꯁꯤꯅ ꯃꯁꯤꯕꯨ ꯏꯪ ꯲꯰꯲꯰ꯒꯤ ꯃꯥꯔꯆꯇ ꯆꯠꯅ ꯀꯥꯡꯂꯣꯟ ꯑꯃꯒꯤ ꯃꯈꯥꯗ ꯄꯨꯔꯛꯈꯤ ꯑꯃꯁꯨꯡ ꯄꯦꯃꯦꯟꯇ ꯁꯤꯁꯇꯦꯝ ꯑꯣꯄꯔꯦꯇꯔꯁꯤꯡ(ꯄꯤꯑꯦꯁꯑꯣ)ꯒꯤ ꯃꯑꯣꯡ ꯁꯦꯝꯈꯤ꯫,ꯄꯦ ꯃꯦꯟ ꯇ    ꯑꯦ ꯒ꯭ꯔꯤ ꯒꯦ ꯇꯔꯁꯤꯡ    ( ꯄꯤ ꯑꯦ ꯁꯤꯡ )    ꯑꯁꯤꯅ    ꯁꯦꯟ    ꯊꯤ ꯅꯕ ꯁꯤꯡꯒꯤ    ꯑꯀꯣꯏꯕꯒꯤ    ꯐꯤꯚꯝ    ꯑꯗꯨꯗ    ꯌꯥꯝꯅ    ꯑꯔꯨꯕ    ꯊꯧꯗꯥꯡ    ꯂꯧ ꯋꯤ    ꯑꯗꯨꯒ    ꯃꯔꯝ    ꯑꯁꯤꯅ    ꯃꯁꯤꯕꯨ    ꯏꯪ    ꯲꯰꯲꯰ꯒꯤ    ꯃꯥꯔ ꯆꯇ    ꯆꯠꯅ    ꯀꯥꯡꯂꯣꯟ    ꯑꯃꯒꯤ    ꯃꯈꯥꯗ    ꯄꯨꯔꯛ ꯈꯤ    ꯑꯃꯁꯨꯡ    ꯄꯦ ꯃꯦꯟ ꯇ    ꯁꯤꯁꯇꯦꯝ    ꯑꯣꯄꯔꯦ ꯇꯔ ꯁꯤꯡ ( ꯄꯤ ꯑꯦꯁ ꯑꯣ )ꯒꯤ    ꯃꯑꯣꯡ    ꯁꯦꯝꯈꯤ꯫ ,176,54
56,"ꯑꯗꯨꯝ ꯑꯣꯏꯅꯃꯛ, ꯍꯧꯖꯤꯛ ꯆꯠꯅꯔꯤꯕ ꯀꯥꯡꯂꯣꯟꯁꯤꯡꯗꯤ ꯄꯦꯃꯦꯟꯇ ꯑꯦꯒ꯭ꯔꯤꯒꯦꯇꯔ꯭ꯁ ꯄ꯭ꯔꯣꯆꯦꯁꯤꯡ ꯑꯣꯟꯂꯥꯏꯟ ꯅꯠꯇ꯭ꯔꯒ ꯏ-ꯀꯃꯔꯁꯀꯤ ꯄꯤꯊꯣꯛ ꯄꯤꯁꯤꯟꯗ ꯆꯠꯅꯔꯤ꯫","ꯑꯗꯨꯝ    ꯑꯣꯏꯅꯃꯛ,    ꯍꯧꯖꯤꯛ    ꯆꯠꯅꯔꯤꯕ    ꯀꯥꯡꯂꯣꯟ ꯁꯤꯡꯗꯤ    ꯄꯦ ꯃꯦꯟ ꯇ    ꯑꯦ ꯒ꯭ꯔꯤ ꯒꯦ ꯇꯔ ꯭ꯁ    ꯄ꯭ꯔꯣ ꯆꯦ ꯁꯤꯡ    ꯑꯣꯟꯂꯥꯏꯟ    ꯅꯠꯇ꯭ꯔꯒ    ꯏ- ꯀ ꯃꯔ ꯁꯀꯤ    ꯄꯤ ꯊꯣꯛ    ꯄꯤ ꯁꯤꯟ ꯗ    ꯆꯠꯅ ꯔꯤ꯫ ",98,30
57,"ꯔꯤꯀꯥꯔꯗꯣꯒꯤ ꯋꯥꯈꯜꯂꯣꯟ ꯑꯗꯨꯗꯤ ꯃꯈꯣꯏꯒꯤ ꯆꯥꯡꯗꯝꯅꯕꯒꯤ ꯀꯥꯟꯅꯕ, ꯀꯥꯟꯅꯕꯗ ꯈ꯭ꯋꯥꯏꯗꯒꯤ ꯑꯊꯣꯏꯕ ꯑꯣꯏꯔꯤꯕ ꯄꯣꯠꯆꯩ ꯃꯄꯥꯟꯗ ꯊꯥꯗꯣꯛꯇꯨꯅ ꯌꯣꯟꯕ, ꯑꯃꯁꯨꯡ ꯀꯥꯟꯅꯕꯒꯤ ꯑꯣꯏꯅ ꯆꯥꯡꯗꯝꯅꯔꯒꯗꯤ ꯅꯦꯝꯕ (ꯀꯥꯟꯅꯕ ꯑꯣꯏꯔꯦꯅ ꯍꯥꯏꯔꯕꯁꯨ) ꯃꯄꯥꯟꯗꯒꯤ ꯄꯣꯠꯆꯩꯁꯤꯡ ꯆꯦꯟꯕ ꯑꯁꯤꯒꯤ ꯃꯇꯨꯡ ꯏꯟꯅ ꯂꯥꯂꯣꯟ ꯏꯇꯤꯛ ꯇꯧꯕꯅ ꯂꯝ ꯑꯁꯤꯒꯨꯝꯕ ꯑꯃꯅ ꯀꯟꯅꯕ ꯐꯪꯒꯅꯤ ꯍꯥꯏꯕꯁꯤꯅꯤ꯫","ꯔꯤ ꯀꯥꯔ ꯗꯣ ꯒꯤ    ꯋꯥꯈꯜꯂꯣꯟ    ꯑꯗꯨꯗꯤ    ꯃꯈꯣꯏꯒꯤ    ꯆꯥꯡꯗꯝꯅ ꯕꯒꯤ    ꯀꯥꯟ ꯅꯕ,    ꯀꯥꯟ ꯅꯕꯗ    ꯈ꯭ꯋꯥꯏꯗꯒꯤ    ꯑꯊꯣꯏꯕ    ꯑꯣꯏꯔꯤꯕ    ꯄꯣꯠ ꯆꯩ    ꯃꯄꯥꯟꯗ    ꯊꯥꯗꯣꯛ ꯇꯨꯅ    ꯌꯣꯟ ꯕ,    ꯑꯃꯁꯨꯡ    ꯀꯥꯟ ꯅꯕꯒꯤ    ꯑꯣꯏꯅ    ꯆꯥꯡꯗꯝꯅ ꯔꯒ ꯗꯤ    ꯅꯦꯝꯕ    ( ꯀꯥꯟꯅꯕ    ꯑꯣꯏ ꯔꯦꯅ    ꯍꯥꯏ ꯔꯕ ꯁꯨ )    ꯃꯄꯥꯟ ꯗꯒꯤ    ꯄꯣꯠ ꯆꯩ ꯁꯤꯡ    ꯆꯦꯟꯕ    ꯑꯁꯤꯒꯤ    ꯃꯇꯨꯡ    ꯏꯟꯅ    ꯂꯥ ꯂꯣꯟ    ꯏꯇꯤꯛ    ꯇꯧ ꯕꯅ    ꯂꯝ    ꯑꯁꯤꯒꯨꯝꯕ    ꯑꯃꯅ    ꯀꯟ ꯅꯕ    ꯐꯪꯒꯅꯤ    ꯍꯥꯏꯕ ꯁꯤ ꯅꯤ꯫ ",214,62
58,ꯆꯍꯤ ꯑꯃꯒꯤ ꯃꯃꯥꯡꯗ ꯆꯥꯗ ꯶,ꯆꯍꯤ    ꯑꯃꯒꯤ    ꯃꯃꯥꯡꯗ    ꯆꯥꯗ    ꯶ ,16,5
59,꯷ ꯒꯤ ꯃꯌꯣꯛꯇ ꯏꯪ ꯲꯰꯲꯲ꯒꯤ ꯁꯦꯞꯇꯦꯝꯕꯔ ꯹ꯗ ꯆꯥꯗ ꯱꯶,꯷    ꯒꯤ    ꯃ ꯌꯣꯛ ꯇ    ꯏꯪ    ꯲꯰꯲ ꯲ꯒꯤ    ꯁꯦꯞꯇꯦꯝꯕꯔ    ꯹ꯗ    ꯆꯥꯗ    ꯱꯶ ,31,12
60,꯲ ꯑꯣꯏꯗꯨꯅ ꯕꯦꯡꯀꯇꯒꯤ ꯁꯦꯟ ꯄꯨꯕꯒꯤ ꯁꯦꯟꯐꯝ ꯑꯁꯤ ꯌꯥꯝꯅ ꯌꯥꯡꯕ ꯈꯣꯡꯊꯥꯡꯗ ꯆꯍꯤ ꯈꯨꯗꯤꯡꯒꯤ ꯍꯦꯟꯒꯠꯂꯛ ꯏ꯫,꯲    ꯑꯣꯏꯗꯨꯅ    ꯕꯦꯡ ꯀ ꯇꯒꯤ    ꯁꯦꯟ    ꯄꯨ ꯕꯒꯤ    ꯁꯦꯟꯐꯝ    ꯑꯁꯤ    ꯌꯥꯝꯅ    ꯌꯥꯡ ꯕ    ꯈꯣꯡ ꯊꯥꯡꯗ    ꯆꯍꯤ    ꯈꯨꯗꯤꯡꯒꯤ    ꯍꯦꯟꯒꯠ ꯂꯛ    ꯏ꯫ ,64,20
61,"ꯂꯧ ꯈꯥꯎꯗꯔꯤꯉꯥꯏ ꯑꯃꯁꯨꯡ ꯈꯥꯎꯔꯕ ꯃꯇꯨꯡꯒꯤ ꯊꯕꯛꯁꯤꯡꯒꯤ ꯂꯣꯟꯁꯤꯡꯗ ꯍꯤꯗꯥꯛ ꯆꯥꯏꯕ, ꯅꯥꯄꯤ-ꯁꯤꯡꯕꯤ ꯐꯨꯛꯇꯣꯛꯄ, ꯂꯧ ꯈꯥꯎꯕ, ꯂꯧ ꯌꯩꯕ, ꯈꯟꯗꯣꯛꯄ ꯑꯃꯁꯨꯡ ꯃꯁꯥꯒꯤ ꯐꯥꯔꯝꯗꯒꯤ ꯄꯣꯠꯆꯩ ꯄꯨꯔꯛꯄ ꯑꯁꯤꯅꯆꯤꯡꯕꯁꯤꯡꯁꯤ ꯌꯥꯎꯋꯤ꯫","ꯂꯧ   ꯈ ꯥꯎ ꯗ ꯔꯤ ꯉꯥꯏ    ꯑꯃꯁꯨꯡ    ꯈ ꯥꯎ ꯔꯕ    ꯃꯇꯨꯡ ꯒꯤ    ꯊꯕꯛ ꯁꯤꯡꯒꯤ    ꯂꯣꯟ ꯁꯤꯡꯗ    ꯍꯤꯗ ꯥꯛ    ꯆꯥꯏ ꯕ,    ꯅꯥ ꯄꯤ -ꯁꯤꯡ ꯕꯤ    ꯐꯨ ꯛꯇ ꯣꯛ ꯄ,    ꯂꯧ   ꯈ ꯥꯎ ꯕ,    ꯂꯧ   ꯌꯩ ꯕ,    ꯈꯟ ꯗꯣꯛꯄ    ꯑꯃꯁꯨꯡ    ꯃꯁꯥꯒꯤ    ꯐꯥꯔ ꯝꯗꯒꯤ    ꯄꯣꯠ ꯆꯩ    ꯄꯨꯔꯛꯄ    ꯑꯁꯤꯅꯆꯤꯡ ꯕ ꯁꯤꯡ ꯁꯤ    ꯌꯥꯎꯋꯤ꯫ ",135,49
62,"ꯃꯌꯥꯏ ꯑꯣꯏꯕ ꯑꯃꯁꯨꯡ ꯃꯇꯝ ꯁꯥꯡꯕ ꯂꯧꯎ-ꯁꯤꯡꯎꯕꯒꯤ ꯑꯃꯁꯨꯡ ꯃꯗꯨꯒ ꯃꯥꯟꯅꯕ ꯊꯕꯛꯁꯤꯡꯒꯤ ꯁꯦꯟ ꯄꯨꯕ ꯁꯦꯟ ꯑꯁꯤꯅ ꯂꯥꯎ-ꯁꯤꯡꯎꯕꯒꯤ ꯈꯨꯂꯥꯏꯁꯤꯡ ꯂꯩꯕ, ꯈꯣꯡꯗꯒꯤ ꯏꯁꯤꯡ ꯄꯤꯕꯒꯤ ꯑꯃꯁꯨꯡ ꯐꯥꯔꯝ ꯑꯗꯨꯗ ꯂꯧꯈꯠꯄ ꯑꯇꯣꯞꯄ ꯆꯥꯎꯈꯠ ꯈꯣꯡꯊꯥꯡꯒꯤ ꯊꯕꯛꯁꯤꯡ ꯁꯦꯟ ꯆꯪꯒꯗꯧꯕ ꯑꯗꯨꯗ ꯁꯤꯖꯤꯟꯅꯕ ꯌꯥꯏ꯫","ꯃꯌꯥꯏ    ꯑꯣꯏꯕ    ꯑꯃꯁꯨꯡ    ꯃꯇꯝ    ꯁꯥꯡꯕ    ꯂꯧꯎ-ꯁꯤꯡꯎ ꯕꯒꯤ    ꯑꯃꯁꯨꯡ    ꯃꯗꯨ ꯒ    ꯃꯥꯟꯅꯕ    ꯊꯕꯛ ꯁꯤꯡꯒꯤ    ꯁꯦꯟ    ꯄꯨꯕ    ꯁꯦꯟ    ꯑꯁꯤꯅ    ꯂꯥꯎ -ꯁꯤꯡ ꯎ ꯕꯒꯤ    ꯈꯨ ꯂꯥꯏ ꯁꯤꯡ    ꯂꯩꯕ,    ꯈꯣꯡ ꯗꯒꯤ    ꯏꯁꯤꯡ    ꯄꯤꯕꯒꯤ    ꯑꯃꯁꯨꯡ    ꯐꯥꯔ ꯝ    ꯑꯗꯨꯗ    ꯂꯧꯈꯠ ꯄ    ꯑꯇꯣꯞꯄ    ꯆꯥꯎ ꯈ ꯠ    ꯈꯣꯡ ꯊꯥꯡ ꯒꯤ    ꯊꯕꯛꯁꯤꯡ    ꯁꯦꯟ    ꯆꯪ ꯒꯗ ꯧꯕ    ꯑꯗꯨꯗ    ꯁꯤꯖꯤꯟꯅꯕ    ꯌꯥꯏ꯫ ",170,50
63,ꯕꯦꯡ꯭ꯀ ꯇꯧꯕ ꯌꯦꯡꯁꯤꯟꯕꯁꯤꯡꯅ ꯊꯥꯏꯅꯗꯒꯤ ꯆꯠꯅꯔꯛꯂꯕ ꯕꯦꯡ꯭ꯀꯁꯤꯡ ꯑꯗꯨ ꯕꯦꯡ꯭ꯀꯒꯨꯝꯅ ꯊꯕꯛ ꯇꯧꯕꯁꯤꯡꯒ ꯊꯦꯡꯅꯕꯁꯤ ꯆꯥꯡꯌꯦꯡ ꯇꯧꯔꯤ ꯑꯗꯨꯒ ꯃꯈꯣꯏꯕꯨ ꯑꯐꯕ ꯁꯦꯟꯐꯝ ꯑꯃꯁꯨꯡ ꯁꯦꯟ-ꯊꯨꯝꯒꯤ ꯀꯥꯡꯂꯣꯟꯁꯤꯡꯗ ꯐꯥꯖꯟꯅꯕ ꯍꯣꯠꯅꯔꯤ ꯃꯔꯝꯗꯤ ꯃꯁꯤꯒꯤ ꯊꯦꯡꯅꯕ ꯑꯁꯤꯅ ꯕꯦꯡ꯭ꯀꯒꯨꯝꯅ ꯊꯕꯛ ꯇꯧꯕꯁꯤꯡꯅ ꯃꯍꯧꯁꯥꯒꯤ ꯁꯦꯟ-ꯊꯨꯝꯒꯤ ꯀꯥꯡꯂꯨꯞ ꯑꯃꯁꯨꯡ ꯁꯦꯟꯃꯤꯠꯂꯣꯟꯕꯨ ꯄꯨꯂꯞꯅ ꯁꯣꯛꯍꯜꯂꯤ꯫,ꯕꯦꯡ ꯭ ꯀ    ꯇꯧꯕ    ꯌꯦꯡꯁꯤꯟ ꯕꯁꯤꯡꯅ    ꯊꯥꯏ ꯅꯗꯒꯤ    ꯆꯠꯅ ꯔꯛꯂꯕ    ꯕꯦꯡ ꯭ ꯀ ꯁꯤꯡ    ꯑꯗꯨ    ꯕꯦꯡ ꯭ ꯀ ꯒꯨꯝꯅ    ꯊꯕꯛ    ꯇꯧꯕ ꯁꯤꯡꯒ    ꯊꯦꯡ ꯅꯕ ꯁꯤ    ꯆꯥꯡꯌꯦꯡ    ꯇꯧ ꯔꯤ    ꯑꯗꯨꯒ    ꯃꯈꯣꯏꯕꯨ    ꯑꯐꯕ    ꯁꯦꯟꯐꯝ    ꯑꯃꯁꯨꯡ    ꯁꯦꯟ-ꯊꯨꯝꯒꯤ    ꯀꯥꯡꯂꯣꯟ ꯁꯤꯡꯗ    ꯐꯥ ꯖꯟ ꯅꯕ    ꯍꯣꯠꯅ ꯔꯤ    ꯃꯔꯝꯗꯤ    ꯃꯁꯤꯒꯤ    ꯊꯦꯡꯅꯕ    ꯑꯁꯤꯅ    ꯕꯦꯡ ꯭ ꯀ ꯒꯨꯝꯅ    ꯊꯕꯛ    ꯇꯧ ꯕꯁꯤꯡꯅ    ꯃꯍꯧꯁꯥꯒꯤ    ꯁꯦꯟ-ꯊꯨꯝꯒꯤ    ꯀꯥꯡꯂꯨꯞ    ꯑꯃꯁꯨꯡ    ꯁꯦꯟꯃꯤꯠ ꯂꯣꯟ ꯕꯨ    ꯄꯨ ꯂ ꯞꯅ    ꯁꯣꯛ ꯍꯜꯂꯤ꯫ ,223,64
64,"ꯃꯥꯂꯦꯝꯒꯤ ꯑꯣꯏꯕ ꯁꯦꯟꯒꯤ ꯑꯋꯥꯕ ꯍꯧꯔꯛꯄꯗꯒꯤ, ꯂꯣꯏꯁꯪꯒꯤ ꯀꯥꯡꯂꯨꯞꯁꯤꯡꯅ ꯑꯍꯦꯟꯕ ꯑꯃꯁꯨꯡ ꯍꯦꯟꯅ ꯐꯕ ꯏ-ꯄꯥꯎ ꯈꯣꯝꯒꯠꯂꯤ ꯑꯃꯁꯨꯡ ꯎꯕ ꯉꯝꯗꯕ ꯑꯃꯥꯡ-ꯑꯇꯥ ꯊꯣꯛꯄ ꯌꯥꯕꯁꯤꯡ ꯑꯗꯨ ꯊꯤꯖꯤꯜꯂꯤ꯫","ꯃꯥꯂꯦꯝꯒꯤ    ꯑꯣꯏꯕ    ꯁꯦꯟꯒꯤ    ꯑꯋꯥꯕ    ꯍꯧꯔꯛ ꯄꯗ ꯒꯤ,    ꯂꯣꯏꯁꯪꯒꯤ    ꯀꯥꯡꯂꯨꯞ ꯁꯤꯡꯅ    ꯑꯍꯦꯟꯕ    ꯑꯃꯁꯨꯡ    ꯍꯦꯟꯅ    ꯐꯕ    ꯏ-ꯄꯥꯎ    ꯈꯣꯝꯒꯠ ꯂꯤ    ꯑꯃꯁꯨꯡ    ꯎꯕ    ꯉꯝꯗꯕ    ꯑꯃꯥꯡ-ꯑꯇꯥ    ꯊꯣꯛꯄ    ꯌꯥ ꯕꯁꯤꯡ    ꯑꯗꯨ    ꯊꯤ ꯖꯤ ꯜꯂꯤ꯫ ",114,28
65,ꯃꯥꯔꯀꯦꯠ-ꯀ꯭ꯂꯤꯌꯔꯤꯡ ꯃꯃꯜ ꯑꯁꯤ ꯃꯃꯜ ꯑꯗꯨꯗ ꯍꯥꯏꯔꯤꯕ ꯄꯣꯠꯁꯛ ꯑꯗꯨ ꯆꯞ ꯆꯥꯅ ꯄꯤꯅꯕꯒꯤ ꯃꯊꯧ ꯇꯥꯔꯤꯕ ꯑꯗꯨꯅ ꯂꯦꯞꯄꯤ꯫,ꯃꯥꯔ ꯀꯦ ꯠ- ꯀ꯭ꯂꯤ ꯌ ꯔꯤꯡ    ꯃꯃꯜ    ꯑꯁꯤ    ꯃꯃꯜ    ꯑꯗꯨꯗ    ꯍꯥꯏꯔꯤꯕ    ꯄꯣꯠꯁꯛ    ꯑꯗꯨ    ꯆꯞ    ꯆꯥꯅ    ꯄꯤ ꯅꯕꯒꯤ    ꯃꯊꯧ    ꯇꯥꯔꯤ ꯕ    ꯑꯗꯨꯅ    ꯂꯦꯞ ꯄꯤ꯫ ,71,23
66,"ꯃꯣꯗꯦꯜ ꯏꯀꯨꯋꯦꯁꯟꯁꯤꯡ ꯑꯁꯤꯅ ꯄꯤꯕꯉꯝꯕ ꯄꯣꯇ ꯑꯃꯁꯨꯡ ꯍꯥꯔꯛꯂꯤꯕ ꯄꯣꯠ ꯑꯗꯨꯒꯤ ꯆꯥꯡ ꯑꯗꯨ ꯃꯃꯜꯒꯤ ꯑꯃꯁꯨꯡ ꯑꯇꯣꯞꯄ ꯄꯣꯠꯁꯛꯁꯤꯡ (ꯈꯨꯗꯝ ꯑꯣꯏꯅ, ꯁꯦꯟꯊꯣꯛ)ꯒꯤ ꯃꯊꯧ ꯑꯣꯏꯅ ꯈꯪꯗꯣꯛ ꯏ꯫","ꯃꯣꯗꯦꯜ    ꯏ ꯀꯨ ꯋꯦꯁ ꯟꯁꯤꯡ    ꯑꯁꯤꯅ    ꯄꯤ ꯕ ꯉꯝꯕ    ꯄꯣ ꯇ    ꯑꯃꯁꯨꯡ    ꯍꯥꯔ ꯛ ꯂꯤꯕ    ꯄꯣꯠ    ꯑꯗꯨꯒꯤ    ꯆꯥꯡ    ꯑꯗꯨ    ꯃꯃ ꯜꯒꯤ    ꯑꯃꯁꯨꯡ    ꯑꯇꯣꯞꯄ    ꯄꯣꯠ ꯁ ꯛꯁꯤꯡ    ( ꯈꯨꯗꯝ    ꯑꯣꯏꯅ,    ꯁꯦꯟ ꯊꯣꯛ )ꯒꯤ    ꯃꯊꯧ    ꯑꯣꯏꯅ    ꯈꯪ ꯗꯣꯛ    ꯏ꯫ ",110,37
67,ꯍꯧꯖꯤꯛꯀꯤ ꯑꯣꯏꯔꯤꯕ ꯑꯦꯀꯥꯎꯟꯇꯀꯤ ꯄꯩꯁꯥ ꯑꯁꯤ ꯑꯗꯨꯗꯒꯤꯗꯤ ꯄꯣꯠ ꯌꯣꯟꯊꯣꯛ ꯌꯣꯟꯁꯤꯟ ꯇꯧꯕꯒꯤ ꯄꯩꯁꯥꯒꯤ ꯃꯊꯛꯇ ꯅꯦꯠ ꯐꯦꯛꯇꯔꯒꯤ ꯁꯦꯟꯊꯣꯛ (ꯁꯦꯟꯗꯣꯏ ꯑꯃꯁꯨꯡ ꯃꯄꯥꯟ ꯂꯝꯗꯒꯤ ꯁꯦꯟ ꯊꯥꯗꯔꯛꯄ ꯁꯦꯟꯁꯤꯡꯗꯒꯤ ꯀꯝꯄꯦꯅꯤꯅ ꯄꯤꯔꯛꯄ ꯅꯠꯇ꯭ꯔꯒ ꯊꯕꯛ ꯁꯨꯕꯁꯤꯡꯒꯤ ꯁꯦꯟ ꯄꯤꯈꯤꯕꯁꯤꯡ ꯑꯁꯤꯒꯨꯝꯕ) ꯑꯃꯁꯨꯡ ꯑꯄꯨꯟꯕ ꯁꯦꯟꯐꯝ ꯑꯗꯨꯗꯒꯤ ꯃꯍꯧꯁꯥꯅ ꯑꯄꯤꯛꯄ ꯁꯔꯨꯛ ꯑꯣꯏꯕ ꯃꯄꯥꯟꯗꯒꯤ ꯊꯥꯔꯛꯄ ꯁꯦꯟ (ꯃꯄꯥꯟꯗꯒꯤ ꯂꯥꯛꯄ ꯁꯦꯟꯒꯤ ꯇꯦꯡꯕꯥꯡ) ꯑꯁꯤꯅꯤ꯫,ꯍꯧꯖꯤꯛꯀꯤ    ꯑꯣꯏꯔꯤꯕ    ꯑꯦꯀꯥꯎꯟ ꯇ ꯀꯤ    ꯄꯩ ꯁꯥ    ꯑꯁꯤ    ꯑꯗꯨ ꯗꯒꯤ ꯗꯤ    ꯄꯣꯠ    ꯌꯣꯟ ꯊꯣꯛ    ꯌꯣ ꯟꯁꯤ ꯟ    ꯇꯧꯕꯒꯤ    ꯄꯩ ꯁꯥꯒꯤ    ꯃꯊꯛꯇ    ꯅꯦꯠ    ꯐꯦ ꯛꯇ ꯔꯒꯤ    ꯁꯦꯟꯊꯣꯛ    ( ꯁꯦꯟꯗꯣꯏ    ꯑꯃꯁꯨꯡ    ꯃꯄꯥꯟ    ꯂꯝ ꯗꯒꯤ    ꯁꯦꯟ    ꯊꯥꯗ ꯔꯛꯄ    ꯁꯦꯟ ꯁꯤꯡꯗꯒꯤ    ꯀꯝꯄꯦ ꯅꯤꯅ    ꯄꯤ ꯔꯛꯄ    ꯅꯠꯇ꯭ꯔꯒ    ꯊꯕꯛ    ꯁꯨ ꯕꯁꯤꯡꯒꯤ    ꯁꯦꯟ    ꯄꯤ ꯈꯤꯕꯁꯤꯡ    ꯑꯁꯤ ꯒꯨꯝ ꯕ)    ꯑꯃꯁꯨꯡ    ꯑꯄꯨꯟꯕ    ꯁꯦꯟꯐꯝ    ꯑꯗꯨꯗꯒꯤ    ꯃꯍꯧꯁꯥꯅ    ꯑꯄꯤꯛꯄ    ꯁꯔꯨꯛ    ꯑꯣꯏꯕ    ꯃꯄꯥꯟ ꯗꯒꯤ    ꯊꯥꯔ ꯛꯄ    ꯁꯦꯟ    ( ꯃꯄꯥꯟ ꯗꯒꯤ    ꯂꯥꯛꯄ    ꯁꯦꯟꯒꯤ    ꯇꯦꯡ ꯕꯥꯡ )    ꯑꯁꯤꯅꯤ꯫ ,255,73
68,ꯇꯔꯦꯗ ꯕꯦꯂꯦꯟꯖ ꯑꯁꯤ ꯄꯣꯠ ꯑꯃꯁꯨꯡ ꯊꯕꯛꯁꯤꯡ ꯃꯄꯥꯟꯗ ꯄꯨꯊꯣꯛꯈꯤꯕꯒꯤ ꯁꯦꯟꯒꯤ ꯃꯃꯜꯒ ꯂꯣꯏꯅꯅ ꯄꯣꯠ ꯑꯃꯁꯨꯡ ꯊꯕꯛꯁꯤꯡ ꯃꯄꯥꯟꯗꯒꯤ ꯂꯧꯁꯤꯜꯂꯛꯄꯒꯤ ꯈꯦꯠꯅꯕ ꯑꯗꯨꯅꯤ꯫,ꯇꯔꯦ ꯗ    ꯕꯦ ꯂꯦꯟ ꯖ    ꯑꯁꯤ    ꯄꯣꯠ    ꯑꯃꯁꯨꯡ    ꯊꯕꯛꯁꯤꯡ    ꯃꯄꯥꯟꯗ    ꯄꯨꯊꯣꯛ ꯈꯤꯕꯒꯤ    ꯁꯦꯟꯒꯤ    ꯃꯃ ꯜꯒ    ꯂꯣꯏꯅꯅ    ꯄꯣꯠ    ꯑꯃꯁꯨꯡ    ꯊꯕꯛꯁꯤꯡ    ꯃꯄꯥꯟ ꯗꯒꯤ    ꯂꯧ ꯁꯤꯜꯂꯛ ꯄꯒꯤ    ꯈꯦꯠꯅꯕ    ꯑꯗꯨꯅꯤ꯫ ,98,26
69,"ꯂꯦꯞꯇꯅ ꯍꯣꯠꯅꯕ ꯑꯁꯤꯅ ꯒ꯭ꯜꯣꯕꯦꯜ ꯏꯤꯑꯣꯗꯤꯕꯤ ꯊꯥꯛ ꯄꯤꯕꯗ ꯑꯩꯈꯣꯏꯒꯤ ꯊꯥꯛ ꯑꯁꯤ ꯐꯒꯠꯍꯜꯂꯦ ꯑꯃꯁꯨꯡ ꯑꯦꯝꯑꯦꯁꯑꯦꯝꯏꯤꯁꯤꯡꯅ ꯒꯤꯚꯤꯁꯤꯁꯤꯡꯒ ꯃꯔꯤ ꯂꯩꯅꯅ ꯈꯨꯗꯣꯡ ꯊꯤꯕ ꯊꯦꯡꯅꯕꯁꯤꯡ ꯑꯗꯨ ꯃꯥꯏꯌꯣꯛꯅꯕ ꯉꯝꯍꯜꯂꯦ ꯍꯥꯏꯅ ꯃꯥꯏꯀ꯭ꯔꯣ, ꯏꯁꯃꯣꯜ ꯑꯃꯁꯨꯡ ꯃꯤꯗꯤꯌꯝ ꯏ꯭ꯟꯇꯔꯄꯔꯥꯏꯖꯦꯁ (ꯑꯦꯝꯑꯦꯁꯑꯦꯝꯏꯤ)ꯀꯤ ꯏꯁꯇꯦꯠꯀꯤ ꯃꯟꯇ꯭ꯔꯤ (ꯏ꯭ꯟꯗꯤꯄꯦꯟꯗꯦꯟ꯭ꯇ ꯆꯥꯔꯖ) ꯁ꯭ꯔꯤ ꯒꯤꯔꯤꯔꯥꯖ ꯁꯤꯡꯍꯅ ꯅꯤꯌꯨ ꯗꯦꯜꯂꯤꯗ ꯲꯰꯱꯸ꯒꯤ ꯗꯤꯁꯦꯝꯕꯔ ꯱꯹-꯲꯰ꯗ ꯁꯤꯑꯥꯏꯑꯥꯏꯒ ꯈꯨꯠꯁꯝꯅꯗꯨꯅ ꯃꯤꯅꯤꯁꯇ꯭ꯔꯤ ꯑꯣꯐ ꯑꯦꯝꯑꯦꯁꯑꯦꯝꯏꯤꯅ ꯁꯤꯟꯕ ꯱꯵ꯁꯨꯕ ꯒ꯭ꯜꯣꯕꯦꯜ ꯁꯨꯝꯃꯤꯠꯇ ꯀꯤꯅꯣꯠ ꯑꯦꯗ꯭ꯔꯦꯁ ꯄꯤꯕꯗ ꯍꯥꯏꯈꯤ꯫","ꯂꯦꯞꯇꯅ    ꯍꯣꯠꯅꯕ    ꯑꯁꯤꯅ    ꯒ꯭ ꯜ ꯣ ꯕꯦꯜ    ꯏ ꯤ ꯑꯣꯗꯤ ꯕꯤ    ꯊꯥꯛ    ꯄꯤ ꯕꯗ    ꯑꯩꯈ ꯣꯏꯒꯤ    ꯊꯥꯛ    ꯑꯁꯤ    ꯐꯒꯠ ꯍꯜ ꯂꯦ    ꯑꯃꯁꯨꯡ    ꯑꯦꯝ ꯑꯦꯁ ꯑꯦꯝ ꯏ ꯤ ꯁꯤꯡꯅ    ꯒꯤ ꯚꯤ ꯁꯤ ꯁꯤꯡꯒ    ꯃꯔꯤ    ꯂꯩ ꯅꯅ    ꯈꯨꯗꯣ ꯡ    ꯊꯤꯕ    ꯊꯦꯡ ꯅꯕꯁꯤꯡ    ꯑꯗꯨ    ꯃꯥꯏꯌꯣꯛ ꯅꯕ    ꯉꯝ ꯍꯜ ꯂꯦ    ꯍꯥꯏꯅ    ꯃꯥꯏꯀ꯭ꯔꯣ ,    ꯏꯁ ꯃꯣ ꯜ    ꯑꯃꯁꯨꯡ    ꯃꯤꯗꯤ ꯌꯝ    ꯏ ꯭ ꯟ ꯇꯔ ꯄꯔ ꯥꯏ ꯖ ꯦꯁ    ( ꯑꯦꯝ ꯑꯦꯁ ꯑꯦꯝ ꯏ ꯤ ) ꯀꯤ    ꯏꯁ ꯇꯦ ꯠꯀꯤ    ꯃꯟꯇ꯭ꯔꯤ    ( ꯏ ꯭ ꯟ ꯗꯤ ꯄꯦꯟ ꯗꯦꯟ ꯭ꯇ    ꯆꯥꯔ ꯖ )    ꯁ꯭ꯔꯤ    ꯒꯤ ꯔꯤ ꯔꯥꯖ    ꯁꯤꯡꯍꯅ    ꯅꯤ ꯌꯨ    ꯗꯦ ꯜꯂꯤ ꯗ    ꯲꯰꯱꯸ꯒꯤ    ꯗꯤꯁꯦꯝꯕꯔ    ꯱꯹ - ꯲꯰ꯗ    ꯁꯤ ꯑꯥꯏ ꯑꯥꯏ ꯒ    ꯈꯨꯠ ꯁꯝꯅ ꯗꯨꯅ    ꯃꯤꯅꯤ ꯁꯇ꯭ꯔꯤ    ꯑꯣꯐ    ꯑꯦꯝ ꯑꯦꯁ ꯑꯦꯝ ꯏ ꯤ ꯅ    ꯁꯤꯟꯕ    ꯱꯵ ꯁꯨꯕ    ꯒ꯭ ꯜ ꯣ ꯕꯦꯜ    ꯁꯨꯝ ꯃꯤ ꯠꯇ    ꯀꯤ ꯅꯣ ꯠ    ꯑꯦ ꯗ꯭ꯔ ꯦꯁ    ꯄꯤ ꯕꯗ    ꯍꯥꯏꯈꯤ꯫ ",345,136
70,"ꯑꯣꯏꯕ ꯌꯥꯕ ꯃꯔꯝꯁꯤꯡ ꯑꯁꯤ ꯂꯧꯁꯤꯟꯂꯒ, ꯃꯃꯜ ꯇꯥꯡꯕꯒꯤ ꯑꯣꯔꯛꯄ ꯌꯥꯕ ꯑꯁꯤ ꯈꯨꯗꯣꯡ ꯊꯤꯕꯁꯤꯡꯗꯨ ꯆꯥꯡ ꯐꯖꯅ ꯃꯥꯅꯍꯜꯂꯒ ꯲꯰꯲꯲-꯲꯳ꯗ ꯆꯥꯗ ꯶","ꯑꯣꯏꯕ    ꯌꯥꯕ    ꯃꯔ ꯝꯁꯤꯡ    ꯑꯁꯤ    ꯂꯧꯁꯤꯟ ꯂ ꯒ,    ꯃꯃꯜ    ꯇꯥꯡ ꯕꯒꯤ    ꯑꯣ ꯔꯛꯄ    ꯌꯥꯕ    ꯑꯁꯤ    ꯈꯨꯗꯣ ꯡ    ꯊꯤ ꯕ ꯁꯤꯡꯗꯨ    ꯆꯥꯡ    ꯐꯖꯅ    ꯃꯥ ꯅ ꯍꯜꯂ ꯒ    ꯲꯰꯲ ꯲ - ꯲ ꯳ꯗ    ꯆꯥꯗ    ꯶ ",82,33
71,"꯷ꯗ, ꯀ꯭ꯌꯨ꯲ꯗ ꯆꯥꯗ ꯷","꯷ ꯗ,    ꯀ꯭ꯌꯨ ꯲ꯗ    ꯆꯥꯗ    ꯷ ",13,6
72,꯱ꯗ; ꯀ꯭ꯌꯨ꯳ꯗ ꯆꯥꯗ ꯶,꯱ ꯗ ;    ꯀ꯭ꯌꯨ ꯳ꯗ    ꯆꯥꯗ    ꯶ ,13,7
73,꯵ꯇ ꯑꯃꯁꯨꯡ ꯀ꯭ꯌꯨ꯴ꯗ ꯆꯥꯗ ꯵,꯵ ꯇ    ꯑꯃꯁꯨꯡ    ꯀ꯭ꯌꯨ ꯴ꯗ    ꯆꯥꯗ    ꯵ ,17,7
74,꯸ꯇ ꯂꯦꯞꯄꯦ꯫,꯸ ꯇ    ꯂꯦꯞ ꯄꯦ ꯫ ,8,5
75,ꯚꯥꯔꯠꯀꯤ ꯃꯄꯥꯟ ꯂꯝꯗꯒꯤ ꯄꯣꯠ ꯂꯩꯕꯒꯤ ꯆꯥꯡ ꯑꯁꯤ ꯍꯟꯊꯔꯛꯂꯕꯁꯨ ꯃꯄꯥꯟꯗ ꯊꯥꯗꯣꯛꯄ ꯆꯥꯡꯗꯒꯤ ꯌꯥꯝꯅ ꯍꯦꯜꯂꯤ꯫,ꯚꯥꯔꯠꯀꯤ    ꯃꯄꯥꯟ    ꯂꯝ ꯗꯒꯤ    ꯄꯣꯠ    ꯂꯩꯕꯒꯤ    ꯆꯥꯡ    ꯑꯁꯤ    ꯍꯟꯊꯔꯛ ꯂꯕꯁꯨ    ꯃꯄꯥꯟꯗ    ꯊꯥꯗꯣꯛꯄ    ꯆꯥꯡ ꯗꯒꯤ    ꯌꯥꯝꯅ    ꯍꯦ ꯜꯂꯤ꯫ ,65,17
76,"ꯍꯧꯖꯤꯛ ꯃꯇꯝꯗ, ꯆꯥꯎꯈꯠꯄꯒꯤ ꯁꯦꯟ-ꯊꯨꯝꯒꯤ ꯊꯧꯋꯣꯡ ꯌꯦꯡꯁꯟꯕ ꯑꯁꯤ ꯁꯦꯟꯃꯤꯠꯂꯣꯟ ꯀꯔꯝꯅ ꯃꯊꯧ ꯇꯧꯔꯤꯕꯒꯦ (ꯆꯥꯎꯈꯠꯄꯒꯤ ꯆꯥꯡ, ꯒꯤꯗꯤꯄꯤꯒꯤ ꯆꯥꯗ ꯑꯣꯏꯅ ꯐꯤꯁꯀꯦꯜ ꯗꯦꯐꯤꯖꯤꯠ, ꯒꯤꯗꯤꯄꯤꯒꯤ ꯆꯥꯗ ꯑꯣꯏꯅ ꯁꯔꯀꯥꯔꯅ ꯇꯣꯟꯕ, ꯒꯤꯗꯤꯄꯤꯒꯤ ꯆꯥꯗ ꯑꯣꯏꯅ ꯇꯦꯛꯁ ꯔꯦꯚꯤꯅꯤꯌꯨ ꯑꯁꯤꯅꯆꯤꯡꯕ) ꯑꯃꯁꯨꯡ ꯈꯨꯅꯥꯏꯅ ꯀꯃꯥꯏꯅ ꯇꯧꯔꯤ (ꯂꯥꯏꯔꯕ, ꯆꯥꯡ ꯃꯟꯅꯗꯕ, ꯊꯕꯛ ꯐꯪꯕꯒꯤ ꯆꯥꯡ, ꯃꯤꯁꯤꯡꯒꯤ ꯃꯆꯤ ꯑꯣꯕ, ꯑꯁꯤꯅꯆꯤꯡꯕ) ꯍꯥꯏꯕꯁꯤꯗꯪ ꯌꯦꯡꯉꯤ ꯫","ꯍꯧꯖꯤꯛ    ꯃꯇꯝꯗ,    ꯆꯥꯎꯈꯠ ꯄꯒꯤ    ꯁꯦꯟ-ꯊꯨꯝꯒꯤ    ꯊꯧ ꯋꯣꯡ    ꯌꯦꯡ ꯁꯟ ꯕ    ꯑꯁꯤ    ꯁꯦꯟꯃꯤꯠꯂꯣꯟ    ꯀꯔꯝꯅ    ꯃꯊꯧ    ꯇꯧ ꯔꯤꯕ ꯒꯦ    ( ꯆꯥꯎꯈꯠ ꯄꯒꯤ    ꯆꯥꯡ ,    ꯒꯤ ꯗꯤ ꯄꯤ ꯒꯤ    ꯆꯥꯗ    ꯑꯣꯏꯅ    ꯐꯤ ꯁ ꯀꯦꯜ    ꯗꯦ ꯐꯤꯖꯤ ꯠ,    ꯒꯤ ꯗꯤ ꯄꯤ ꯒꯤ    ꯆꯥꯗ    ꯑꯣꯏꯅ    ꯁꯔꯀꯥꯔꯅ    ꯇꯣ ꯟ ꯕ,    ꯒꯤ ꯗꯤ ꯄꯤ ꯒꯤ    ꯆꯥꯗ    ꯑꯣꯏꯅ    ꯇꯦꯛꯁ    ꯔꯦ ꯚꯤ ꯅꯤ ꯌꯨ    ꯑꯁꯤꯅꯆꯤꯡ ꯕ)    ꯑꯃꯁꯨꯡ    ꯈꯨ ꯅꯥꯏꯅ    ꯀ ꯃꯥꯏ ꯅ    ꯇꯧ ꯔꯤ    ( ꯂꯥꯏ ꯔꯕ ,    ꯆꯥꯡ    ꯃꯟ ꯅ ꯗꯕ ,    ꯊꯕꯛ    ꯐꯪ ꯕꯒꯤ    ꯆꯥꯡ ,    ꯃꯤꯁꯤꯡꯒꯤ    ꯃꯆ ꯤ    ꯑꯣ ꯕ,    ꯑꯁꯤꯅꯆꯤꯡ ꯕ)    ꯍꯥꯏꯕ ꯁꯤꯗ ꯪ    ꯌꯦꯡ ꯉꯤ    ꯫ ",253,92
77,ꯍꯧꯖꯤꯛꯀꯤ ꯁꯦꯟꯃꯤꯠꯂꯣꯟꯒꯤ ꯈꯟꯅ ꯅꯩꯅꯕꯁꯤꯡ ꯑꯁꯤ ꯈꯨꯅꯥꯏ ꯑꯃꯁꯨꯡ ꯁꯦꯟꯊꯨꯝꯒꯤ ꯊꯧ ꯄꯥꯡꯊꯣꯛꯄꯗ ꯆꯥꯡ ꯃꯥꯅꯍꯟꯕ ꯍꯥꯏꯕꯁꯤꯗ ꯌꯥꯝꯅ ꯍꯦꯟꯅ ꯊꯋꯥꯏ ꯆꯪꯉꯤ ꯑꯗꯨꯒ ꯑꯀꯣꯏꯕꯒꯤ ꯊꯧ ꯄꯥꯡꯊꯣꯛꯄꯒ ꯊꯦꯡꯅꯕꯗꯤ ꯈꯔꯃꯈꯩ ꯌꯦꯡꯁꯤꯟꯗꯦ꯫,ꯍꯧꯖꯤꯛꯀꯤ    ꯁꯦꯟꯃꯤꯠꯂꯣꯟꯒꯤ    ꯈ ꯟꯅ    ꯅꯩ ꯅꯕꯁꯤꯡ    ꯑꯁꯤ    ꯈꯨ ꯅꯥꯏ    ꯑꯃꯁꯨꯡ    ꯁꯦꯟ ꯊꯨꯝꯒꯤ    ꯊꯧ    ꯄꯥꯡꯊꯣꯛ ꯄꯗ    ꯆꯥꯡ    ꯃꯥ ꯅ ꯍꯟꯕ    ꯍꯥꯏꯕ ꯁꯤꯗ    ꯌꯥꯝꯅ    ꯍꯦꯟꯅ    ꯊꯋꯥꯏ    ꯆꯪ ꯉꯤ    ꯑꯗꯨꯒ    ꯑꯀꯣꯏꯕꯒꯤ    ꯊꯧ    ꯄꯥꯡꯊꯣꯛ ꯄꯒ    ꯊꯦꯡ ꯅꯕ ꯗꯤ    ꯈꯔ ꯃꯈꯩ    ꯌꯦꯡꯁꯤꯟ ꯗꯦ꯫ ,133,38
78,ꯁꯦꯟ ꯄꯨꯕ ꯑꯗꯨꯒꯤ ꯀꯥꯡꯂꯣꯟ ꯆꯨꯝꯕ ꯃꯃꯜ ꯑꯗꯨ ꯁꯦꯝꯗꯣꯛ ꯁꯦꯝꯖꯤꯟ ꯑꯗꯨ ꯇꯧꯕꯒꯤ ꯇꯥꯡ ꯑꯗꯨꯒꯤ ꯕꯦꯟꯛꯀꯤ ꯕꯤꯄꯤꯑꯦꯜꯑꯥꯔꯒꯤ ꯆꯥꯡ ꯑꯗꯨꯒ ꯝꯥꯝꯅꯅ ꯍꯟꯊꯔꯛꯄ ꯑꯗꯨꯒꯤꯁꯨ ꯃꯊꯛꯇ ꯁꯦꯝꯗꯣꯛ ꯁꯦꯝꯖꯤꯟ ꯇꯧꯕ ꯑꯗꯨꯒꯤ ꯇꯥꯡ ꯑꯗꯨꯗ ꯄꯨꯒꯗꯧꯔꯤꯕ ꯀꯥꯡꯂꯨꯞ ꯑꯗꯨꯒꯤ ꯆꯥꯟꯅꯕ ꯇꯔꯝ ꯄ꯭ꯔꯤꯃꯤꯌꯝ ꯑꯃꯁꯨꯡ ꯔꯤꯁ꯭ꯛ ꯄ꯭ꯔꯤꯃꯤꯌꯝ ꯍꯥꯟꯅꯒꯤ ꯁꯦꯝꯗꯣꯛ ꯁꯦꯝꯖꯤꯟ ꯑꯃꯁꯨꯡ ꯁꯦꯂꯦꯞ ꯑꯗꯨꯗ ꯃꯇꯝ ꯑꯗꯨꯒꯤ ꯁꯦꯟꯗꯣꯏ ꯄꯤꯅꯕꯒꯤ ꯆꯥꯡ ꯁꯦꯝꯗꯣꯛ ꯁꯦꯝꯖꯤꯟ ꯇꯧꯔꯕ ꯃꯇꯨꯡꯗ ꯍꯣꯠꯀꯅꯤ꯫,ꯁꯦꯟ    ꯄꯨꯕ    ꯑꯗꯨꯒꯤ    ꯀꯥꯡꯂꯣꯟ    ꯆ ꯨꯝꯕ    ꯃꯃꯜ    ꯑꯗꯨ    ꯁꯦꯝ ꯗꯣꯛ    ꯁꯦꯝꯖꯤꯟ    ꯑꯗꯨ    ꯇꯧꯕꯒꯤ    ꯇꯥꯡ    ꯑꯗꯨꯒꯤ    ꯕꯦꯟ ꯛꯀꯤ    ꯕꯤ ꯄꯤ ꯑꯦꯜ ꯑꯥꯔ ꯒꯤ    ꯆꯥꯡ    ꯑꯗꯨꯒ    ꯝ ꯥ ꯝ ꯅꯅ    ꯍꯟꯊ ꯔꯛꯄ    ꯑꯗꯨ ꯒꯤꯁꯨ    ꯃꯊꯛꯇ    ꯁꯦꯝ ꯗꯣꯛ    ꯁꯦꯝꯖꯤꯟ    ꯇꯧꯕ    ꯑꯗꯨꯒꯤ    ꯇꯥꯡ    ꯑꯗꯨꯗ    ꯄꯨ ꯒꯗꯧ ꯔꯤꯕ    ꯀꯥꯡꯂꯨꯞ    ꯑꯗꯨꯒꯤ    ꯆꯥꯟ ꯅꯕ    ꯇꯔ ꯝ    ꯄ꯭ꯔꯤ ꯃꯤ ꯌꯝ    ꯑꯃꯁꯨꯡ    ꯔꯤ ꯁ꯭ ꯛ    ꯄ꯭ꯔꯤ ꯃꯤ ꯌꯝ    ꯍꯥꯟꯅꯒꯤ    ꯁꯦꯝ ꯗꯣꯛ    ꯁꯦꯝꯖꯤꯟ    ꯑꯃꯁꯨꯡ    ꯁꯦ ꯂꯦ ꯞ    ꯑꯗꯨꯗ    ꯃꯇꯝ    ꯑꯗꯨꯒꯤ    ꯁꯦꯟꯗꯣꯏ    ꯄꯤ ꯅꯕꯒꯤ    ꯆꯥꯡ    ꯁꯦꯝ ꯗꯣꯛ    ꯁꯦꯝꯖꯤꯟ    ꯇꯧꯔꯕ    ꯃꯇꯨꯡꯗ    ꯍꯣꯠ ꯀꯅꯤ꯫ ,265,81
79,"ꯃꯇꯨꯡ ꯇꯥꯔꯛꯄ ꯑꯣꯏꯅ, ꯁꯦꯟ ꯊꯨꯅ ꯐꯪꯗꯕꯒꯤ ꯇꯛꯁꯤꯟꯕꯗꯨ ꯍꯟꯊꯅꯕ ꯑꯃꯁꯨꯡ ꯁꯦꯟ-ꯊꯨꯝꯒꯤ ꯐꯤꯚꯝ ꯂꯩꯇꯥꯅ ꯂꯩꯕꯗꯨ ꯉꯥꯛꯁꯦꯟꯗꯨꯅ ꯊꯝꯅꯕ, ꯔꯤꯖꯔꯕ ꯕꯦꯡ꯭ꯀ ꯑꯣꯐ ꯏꯟꯗꯤꯌꯥꯅ ꯁꯦꯟ-ꯊꯨꯝꯒꯤ ꯀꯩꯊꯦꯜꯗ ꯆꯦꯠꯅ ꯊꯥꯖꯕ ꯊꯝꯕꯗꯨ ꯍꯥꯟꯅꯒꯤ ꯐꯤꯚꯝꯗ ꯄꯨꯔꯛꯅꯕ ꯑꯦꯝꯑꯦꯐꯁꯤꯡ (ꯑꯦꯁꯑꯦꯜꯑꯦꯐ-ꯑꯦꯝꯑꯦꯐ)ꯀꯤ ꯂꯨꯄꯥ ꯀꯔꯣꯔ ꯵꯰,꯰꯰꯰ ꯇꯥꯕ ꯁ꯭ꯄꯤꯁꯦꯜ ꯂꯤꯀꯨ꯭ꯋꯤꯗꯤꯇꯤ ꯐꯦꯁꯤꯂꯤꯇꯤꯒ ꯂꯣꯏꯅꯅ ꯆꯪꯁꯟꯂꯛꯈꯤ꯫","ꯃꯇꯨꯡ    ꯇꯥꯔꯛꯄ    ꯑꯣꯏꯅ,    ꯁꯦꯟ    ꯊꯨꯅ    ꯐꯪ ꯗꯕꯒꯤ    ꯇꯛ ꯁꯤꯟ ꯕꯗꯨ    ꯍꯟꯊ ꯅꯕ    ꯑꯃꯁꯨꯡ    ꯁꯦꯟ-ꯊꯨꯝꯒꯤ    ꯐꯤꯚꯝ    ꯂꯩ ꯇꯥꯅ    ꯂꯩꯕ ꯗꯨ    ꯉꯥꯛꯁꯦꯟ ꯗꯨꯅ    ꯊꯝ ꯅꯕ,    ꯔꯤꯖ ꯔꯕ    ꯕꯦꯡ ꯭ ꯀ    ꯑꯣꯐ    ꯏꯟꯗꯤꯌꯥꯅ    ꯁꯦꯟ-ꯊꯨꯝꯒꯤ    ꯀꯩꯊꯦ ꯜꯗ    ꯆꯦ ꯠꯅ    ꯊꯥꯖꯕ    ꯊ ꯝꯕ ꯗꯨ    ꯍꯥꯟꯅꯒꯤ    ꯐꯤꯚ ꯝꯗ    ꯄꯨꯔꯛꯅꯕ    ꯑꯦꯝ ꯑꯦꯐ ꯁꯤꯡ    ( ꯑꯦꯁ ꯑꯦꯜ ꯑꯦꯐ - ꯑꯦꯝ ꯑꯦꯐ ) ꯀꯤ    ꯂꯨꯄꯥ    ꯀꯔꯣꯔ    ꯵꯰ ,꯰꯰꯰    ꯇꯥꯕ    ꯁ꯭ꯄꯤ ꯁꯦꯜ    ꯂꯤ ꯀꯨ ꯭ꯋꯤ ꯗꯤ ꯇꯤ    ꯐꯦ ꯁꯤ ꯂꯤ ꯇꯤ ꯒ    ꯂꯣꯏꯅꯅ    ꯆꯪ ꯁꯟ ꯂꯛꯈꯤ꯫ ",233,76
80,"ꯍꯟꯗꯛꯀꯤ ꯄꯣꯠ ꯃꯃꯜ ꯈꯪꯍꯦꯟ ꯍꯦꯟꯒꯠꯄꯁꯤꯡ ꯑꯃꯁꯨꯡ ꯃꯃꯜ ꯑꯃꯨꯛ ꯍꯦꯟꯅ ꯑꯆꯧꯕ ꯃꯑꯣꯡꯗ ꯍꯦꯟꯒꯠꯄꯒꯤ ꯃꯥꯡꯖꯤꯟꯗ ꯄꯨꯈꯠꯄ ꯋꯥꯔꯣꯜꯅ ꯁꯦꯟ-ꯊꯨꯝꯒꯤ ꯐꯤꯚꯝꯗ, ꯄꯨꯛꯅꯤꯡ ꯌꯥꯝꯅ ꯍꯦꯟꯖꯟꯅ ꯍꯣꯡꯕ ꯑꯃꯁꯨꯡ ꯈꯨꯗꯣꯡꯊꯤꯅꯤꯡꯉꯥꯏꯗꯒꯤ ꯉꯥꯛꯊꯣꯛꯄ ꯑꯁꯤꯗ ꯂꯥꯛꯁꯤꯟꯕ ꯊꯣꯛꯍꯜꯂꯦ꯫","ꯍꯟꯗ ꯛꯀꯤ    ꯄꯣꯠ    ꯃꯃꯜ    ꯈꯪ ꯍꯦꯟ   ꯍꯦꯟꯒꯠ ꯄꯁꯤꯡ    ꯑꯃꯁꯨꯡ    ꯃꯃꯜ    ꯑꯃꯨꯛ    ꯍꯦꯟꯅ    ꯑꯆꯧꯕ    ꯃꯑꯣꯡꯗ    ꯍꯦꯟꯒꯠ ꯄꯒꯤ    ꯃꯥꯡ ꯖꯤꯟ ꯗ    ꯄꯨꯈꯠ ꯄ    ꯋꯥꯔꯣ ꯜꯅ    ꯁꯦꯟ-ꯊꯨꯝꯒꯤ    ꯐꯤꯚ ꯝ ꯗ,    ꯄꯨꯛꯅꯤꯡ    ꯌꯥꯝꯅ    ꯍꯦꯟ ꯖ ꯟꯅ    ꯍꯣꯡꯕ    ꯑꯃꯁꯨꯡ    ꯈꯨꯗꯣꯡꯊꯤ ꯅꯤꯡ ꯉ ꯥꯏꯗꯒꯤ    ꯉꯥꯛ ꯊꯣꯛꯄ    ꯑꯁꯤꯗ    ꯂꯥꯛ ꯁꯤꯟꯕ    ꯊꯣꯛ ꯍꯜ ꯂꯦ꯫ ",159,46
81,ꯑꯥꯔꯕꯤꯑꯥꯏ ꯏꯁꯨ ꯑꯣꯐꯤꯁꯅ ꯃꯃꯜ ꯑꯗꯨ ꯄꯨꯂꯞ ꯄꯤꯔꯕ ꯁꯦꯟ ꯆꯞꯄꯤ ꯑꯗꯨ ꯆꯦꯁꯠ ꯔꯤꯃꯤꯠꯇꯦꯟꯁꯁꯤꯡ ꯑꯣꯏꯅ ꯂꯧꯒꯅꯤ ꯑꯗꯨꯕꯨ ꯃꯃꯜ ꯇꯪꯈꯥꯏꯗꯪ ꯊꯤꯕ ꯁꯦꯟ ꯑꯃꯁꯨꯡ ꯀꯛꯊꯠꯂꯕ ꯁꯦꯟ ꯆꯥꯞꯄꯤ ꯑꯗꯨꯅ ꯈꯟꯅꯒꯗꯧꯔꯤꯕ ꯁꯦꯟ ꯆꯞꯄꯤ ꯑꯣꯏꯅ ꯂꯧꯒꯅꯤ ꯑꯃꯁꯨꯡ ꯃꯗꯨꯒꯤ ꯃꯇꯨꯡ ꯏꯟꯅ ꯊꯕꯛ ꯃꯈꯥ ꯆꯠꯊꯒꯅꯤ꯫,ꯑꯥꯔ ꯕꯤ ꯑ ꯥꯏ    ꯏ ꯁꯨ    ꯑꯣꯐꯤ ꯁꯅ    ꯃꯃꯜ    ꯑꯗꯨ    ꯄꯨ ꯂ ꯞ    ꯄꯤꯔꯕ    ꯁꯦꯟ    ꯆ ꯞ ꯄꯤ    ꯑꯗꯨ    ꯆ ꯦꯁꯠ    ꯔꯤ ꯃꯤ ꯠꯇ ꯦꯟ ꯁꯁꯤꯡ    ꯑꯣꯏꯅ    ꯂꯧ ꯒꯅꯤ    ꯑꯗꯨꯕꯨ    ꯃꯃꯜ    ꯇꯪ ꯈꯥꯏ ꯗ ꯪ    ꯊꯤꯕ    ꯁꯦꯟ    ꯑꯃꯁꯨꯡ    ꯀꯛꯊꯠ ꯂꯕ    ꯁꯦꯟ    ꯆꯥ ꯞ ꯄꯤ    ꯑꯗꯨꯅ    ꯈꯟꯅ ꯒꯗꯧ ꯔꯤꯕ    ꯁꯦꯟ    ꯆ ꯞ ꯄꯤ    ꯑꯣꯏꯅ    ꯂꯧ ꯒꯅꯤ    ꯑꯃꯁꯨꯡ    ꯃꯗꯨꯒꯤ    ꯃꯇꯨꯡ    ꯏꯟꯅ    ꯊꯕꯛ    ꯃꯈꯥ    ꯆꯠꯊ ꯒꯅꯤ꯫ ,165,63
82,ꯚꯥꯔꯠꯇ ꯗꯦꯕꯠ ꯁꯦꯀꯨꯔꯤꯇꯤꯒꯤ ꯆꯥꯡ ꯑꯁꯤ ꯌꯥꯝꯅ ꯍꯦꯟꯅ ꯆꯥꯎꯈꯠꯂꯛꯂꯦ꯫,ꯚꯥꯔꯠꯇ    ꯗꯦꯕ ꯠ    ꯁꯦ ꯀꯨ ꯔꯤ ꯇꯤꯒꯤ    ꯆꯥꯡ    ꯑꯁꯤ    ꯌꯥꯝꯅ    ꯍꯦꯟꯅ    ꯆꯥꯎꯈꯠꯂꯛ ꯂꯦ꯫ ,43,13
83,"ꯃꯥꯂꯦꯝꯒꯤ ꯑꯀꯣꯏꯕꯗ ꯂꯩꯇꯥꯗꯕ ꯂꯩꯔꯕꯁꯨ, ꯚꯥꯔꯠꯀꯤ ꯁꯦꯟꯃꯤꯠꯂꯣꯟ ꯑꯁꯤꯗꯤ ꯃꯄꯥꯡꯒꯜ ꯀꯟꯅ ꯂꯦꯄꯇꯨꯅ ꯂꯩꯔꯤ꯫","ꯃꯥꯂꯦꯝꯒꯤ    ꯑꯀꯣꯏꯕꯗ    ꯂꯩ ꯇꯥꯗꯕ    ꯂꯩ ꯔꯕꯁꯨ,    ꯚꯥꯔꯠꯀꯤ    ꯁꯦꯟꯃꯤꯠꯂꯣꯟ    ꯑꯁꯤ ꯗꯤ    ꯃꯄꯥꯡꯒꯜ    ꯀꯟꯅ    ꯂꯦ ꯄ ꯇꯨꯅ    ꯂꯩꯔꯤ꯫ ",66,16
84,ꯇꯁꯦꯡꯕ ꯁꯦꯟꯃꯤꯠꯂꯣꯟ ꯑꯃꯁꯨꯡ ꯁꯦꯟ ꯊꯨꯝꯒꯤ ꯂꯩꯇꯕꯗ ꯁꯣꯛꯂꯛꯄ ꯌꯥꯕꯁꯤꯡꯅ ꯃꯔꯝ ꯑꯣꯏꯗꯨꯅ ꯁꯦꯟ-ꯊꯨꯝꯒꯤ ꯀꯩꯊꯦꯜꯗ ꯄꯥꯈꯠꯄꯅꯕ ꯂꯩ꯫,ꯇ ꯁꯦꯡꯕ    ꯁꯦꯟꯃꯤꯠꯂꯣꯟ    ꯑꯃꯁꯨꯡ    ꯁꯦꯟ    ꯊꯨꯝꯒꯤ    ꯂꯩꯇ ꯕꯗ    ꯁꯣꯛ ꯂꯛꯄ    ꯌꯥ ꯕꯁꯤꯡꯅ    ꯃꯔꯝ    ꯑꯣꯏꯗꯨꯅ    ꯁꯦꯟ-ꯊꯨꯝꯒꯤ    ꯀꯩꯊꯦ ꯜꯗ    ꯄꯥ ꯈꯠ ꯄ ꯅꯕ    ꯂꯩ꯫ ,79,22
85,"ꯃꯤ ꯑꯃꯅ ꯄꯨꯊꯣꯛꯔꯛꯄ ꯁꯦꯟ ꯆꯞꯄꯤꯒꯤ ꯃꯁꯤꯡ ꯑꯗꯨ ꯃꯉꯥꯗꯒꯤ ꯍꯦꯟꯅ ꯍꯦꯟꯕ ꯑꯗꯨꯕꯨ ꯃꯃꯜ ꯑꯗꯨ ꯵,꯰꯰꯰ ꯗꯒꯤ ꯍꯦꯟꯗꯕ ꯃꯇꯝꯗ, ꯁꯦꯟ ꯊꯤꯒꯗꯧꯔꯤꯕ ꯃꯤ ꯑꯗꯨꯗ ꯑꯗꯨꯒꯨꯝꯕ ꯁꯦꯟ ꯆꯞꯄꯤ ꯑꯗꯨ ꯃꯅꯥꯛ ꯅꯛꯄ ꯀꯔꯦꯟꯆꯤ ꯆꯦꯁꯠ ꯕ꯭ꯔꯥꯟꯆ ꯑꯃꯗ ꯏꯟꯁ꯭ꯋꯣꯔ ꯇꯧꯔꯕ ꯄꯣꯁꯠ ꯑꯃꯒꯤ ꯈꯨꯠꯊꯥꯡꯗ ꯃꯥꯒꯤ ꯕꯦꯡ꯭ꯀꯀꯤ ꯑꯦꯀꯥꯎꯟ꯭ꯇꯀꯤ ꯑꯀꯨꯞꯄ ꯃꯔꯣꯜꯁꯤꯡ (ꯑꯦꯀꯥꯎꯟ꯭ꯇ ꯅꯝꯕꯔ, ꯕ꯭ꯔꯥꯟꯆꯀꯤ ꯃꯃꯤꯡ, ꯑꯏꯑꯦꯐꯑꯦꯁꯁꯤꯅꯆꯤꯡꯕ) ꯄꯤꯗꯨꯅ ꯊꯥꯅꯕ ꯇꯥꯛꯄꯤꯒꯗꯧꯕꯅꯤ ꯅꯠꯇ꯭ꯔꯒ ꯃꯐꯝ ꯑꯗꯨꯗꯒꯤ ꯃꯁꯥꯅ ꯆꯠꯂꯒ ꯍꯣꯡꯗꯣꯛꯅꯕ ꯇꯥꯛꯄꯤꯒꯗꯧꯕꯅꯤ꯫","ꯃꯤ    ꯑꯃꯅ    ꯄꯨꯊꯣꯛ ꯔꯛꯄ    ꯁꯦꯟ    ꯆ ꯞ ꯄꯤ ꯒꯤ    ꯃꯁꯤꯡ    ꯑꯗꯨ    ꯃꯉꯥ ꯗꯒꯤ    ꯍꯦꯟꯅ    ꯍꯦꯟꯕ    ꯑꯗꯨꯕꯨ    ꯃꯃꯜ    ꯑꯗꯨ    ꯵ ,꯰꯰꯰    ꯗꯒꯤ    ꯍꯦꯟ ꯗꯕ    ꯃꯇꯝꯗ,    ꯁꯦꯟ    ꯊꯤ ꯒꯗꯧ ꯔꯤꯕ    ꯃꯤ    ꯑꯗꯨꯗ    ꯑꯗꯨ ꯒꯨꯝꯕ    ꯁꯦꯟ    ꯆ ꯞ ꯄꯤ    ꯑꯗꯨ    ꯃꯅꯥꯛ    ꯅꯛꯄ    ꯀꯔ ꯦꯟ ꯆꯤ    ꯆ ꯦꯁꯠ    ꯕ꯭ꯔ ꯥꯟ ꯆ    ꯑꯃꯗ    ꯏꯟ ꯁ꯭ꯋ ꯣ ꯔ    ꯇꯧꯔꯕ    ꯄꯣ ꯁꯠ    ꯑꯃꯒꯤ    ꯈꯨꯠꯊꯥꯡꯗ    ꯃꯥꯒꯤ    ꯕꯦꯡ ꯭ ꯀ ꯀꯤ    ꯑꯦꯀꯥꯎꯟ ꯭ꯇ ꯀꯤ    ꯑꯀꯨꯞꯄ    ꯃꯔꯣ ꯜꯁꯤꯡ    ( ꯑꯦꯀꯥꯎꯟ ꯭ꯇ    ꯅꯝꯕ ꯔ,    ꯕ꯭ꯔ ꯥꯟ ꯆꯀꯤ    ꯃꯃꯤ ꯡ,    ꯑꯏ ꯑꯦꯐ ꯑꯦꯁ ꯁꯤ ꯅꯆꯤꯡ ꯕ)    ꯄꯤꯗꯨꯅ    ꯊꯥ ꯅꯕ    ꯇꯥꯛ ꯄꯤ ꯒꯗꯧ ꯕꯅꯤ    ꯅꯠꯇ꯭ꯔꯒ    ꯃꯐꯝ    ꯑꯗꯨꯗꯒꯤ    ꯃꯁꯥꯅ    ꯆꯠ ꯂꯒ    ꯍꯣꯡꯗꯣꯛ ꯅꯕ    ꯇꯥꯛ ꯄꯤ ꯒꯗꯧ ꯕꯅꯤ꯫ ",297,103
86,"ꯋꯥꯌꯦꯜꯁꯪ ꯑꯗꯨꯅ ꯃꯁꯥꯒꯤ ꯑꯣꯢꯕ ꯗꯦꯇꯥ ꯑꯃꯗꯤ ꯑꯆꯨꯝꯕ ꯋꯥꯔꯣꯜꯁꯤꯡ ꯃꯤꯃꯥꯡꯗ ꯄꯨꯊꯣꯛꯇꯕ ꯑꯁꯤ ꯔꯥꯏꯠ ꯇꯨ ꯄ꯭ꯔꯥꯏꯕꯦꯁꯤꯒꯤ ꯆꯪꯗ꯭ꯔ ꯌꯥꯗ꯭ꯔꯕ ꯃꯆꯥꯛ ꯑꯃꯅꯤ ꯍꯥꯏꯅꯁꯨ ꯂꯧꯋꯤ ꯑꯃꯁꯨꯡ ꯃꯔꯝ ꯑꯁꯤꯅ ꯇꯥꯛꯂꯦ ꯃꯗꯨꯗꯤ ꯁꯤ ꯕꯤ ꯗꯤ ꯁꯤ ꯄꯤꯅꯕ ꯗꯦꯇꯥ ꯈꯣꯝꯖꯤꯟꯕ ꯃꯇꯝꯗ ꯂꯝꯗꯨꯒꯤ ꯃꯤꯑꯣꯏꯁꯤꯡꯒꯤ ꯌꯥꯏꯐꯕꯅ ꯃꯔꯨꯑꯣꯏꯅ ꯂꯧꯒꯗꯕꯅꯤ, ꯃꯊꯧ ꯇꯥꯔꯤꯕ ꯃꯁꯥꯕꯨ ꯃꯁꯛ ꯇꯥꯛꯂꯤꯕ ꯗꯦꯇꯥꯗꯪ ꯈꯣꯝꯕ ꯌꯥꯏ ꯑꯃꯁꯨꯡ ꯈꯣꯝꯂꯤꯕꯗꯨꯒꯤ ꯃꯔꯝ ꯑꯗꯨꯗ ꯁꯤꯖꯤꯟꯅꯒꯗꯕ ꯗꯦꯇꯥꯗꯨꯇ ꯁꯤꯖꯤꯟꯅꯕ ꯌꯥꯏ꯫","ꯋꯥꯌꯦꯜ ꯁꯪ    ꯑꯗꯨꯅ    ꯃꯁꯥꯒꯤ    ꯑꯣꯢ ꯕ    ꯗꯦꯇꯥ    ꯑꯃꯗꯤ    ꯑꯆꯨꯝꯕ    ꯋꯥꯔꯣ ꯜꯁꯤꯡ    ꯃꯤ ꯃ ꯥꯡꯗ    ꯄꯨꯊꯣꯛ ꯇꯕ    ꯑꯁꯤ    ꯔꯥꯏ ꯠ    ꯇꯨ    ꯄ꯭ꯔꯥꯏ ꯕꯦ ꯁꯤꯒꯤ    ꯆꯪ ꯗ꯭ꯔ    ꯌꯥ ꯗ꯭ꯔꯕ    ꯃꯆ ꯥꯛ    ꯑꯃꯅꯤ    ꯍꯥꯏꯅꯁꯨ    ꯂꯧ ꯋꯤ    ꯑꯃꯁꯨꯡ    ꯃꯔꯝ    ꯑꯁꯤꯅ    ꯇꯥꯛ ꯂꯦ    ꯃꯗꯨꯗꯤ    ꯁꯤ    ꯕꯤ    ꯗꯤ    ꯁꯤ    ꯄꯤꯅꯕ    ꯗꯦꯇꯥ    ꯈꯣꯝ ꯖꯤꯟꯕ    ꯃꯇꯝꯗ    ꯂꯝ ꯗꯨꯒꯤ    ꯃꯤꯑꯣꯏꯁꯤꯡꯒꯤ    ꯌꯥꯏ ꯐ ꯕꯅ    ꯃꯔꯨꯑꯣꯏꯅ    ꯂꯧ ꯒꯗꯕ ꯅꯤ,    ꯃꯊꯧ    ꯇꯥꯔꯤ ꯕ    ꯃꯁꯥꯕꯨ    ꯃꯁꯛ    ꯇꯥꯛ ꯂꯤꯕ    ꯗꯦ ꯇꯥ ꯗ ꯪ    ꯈꯣ ꯝꯕ    ꯌꯥꯏ    ꯑꯃꯁꯨꯡ    ꯈꯣꯝ ꯂꯤꯕ ꯗꯨꯒꯤ    ꯃꯔꯝ    ꯑꯗꯨꯗ    ꯁꯤꯖꯤꯟꯅ ꯒꯗꯕ    ꯗꯦ ꯇꯥ ꯗꯨ ꯇ    ꯁꯤꯖꯤꯟꯅꯕ    ꯌꯥꯏ꯫ ",273,86
87,ꯁꯥꯏꯕꯔꯀ꯭ꯔꯤꯃꯤꯅꯦꯜ ꯑꯃꯅ ꯀꯝꯄ꯭ꯌꯨꯇꯔ ꯑꯃ ꯅꯠꯇ꯭ꯔꯒ ꯅꯦꯠꯋꯥꯔꯛ ꯑꯃꯒꯤ ꯈꯨꯠꯊꯥꯡꯗꯒꯤ ꯑꯇꯣꯞꯄ ꯀꯝꯄ꯭ꯌꯨꯇꯔꯁꯤꯡꯕꯨ ꯌꯥꯍꯟꯗꯕ ꯅꯠꯇ꯭ꯔꯒ ꯃꯥꯡ-ꯇꯥꯛꯍꯟꯕ ꯅꯠꯇ꯭ꯔꯒ ꯊꯕꯛ ꯇꯧꯅꯕꯒꯤꯗꯃꯛ ꯈꯨꯠ ꯊꯥꯏ꯫,ꯁꯥꯏ ꯕꯔ ꯀ꯭ꯔꯤ ꯃꯤ ꯅꯦꯜ    ꯑꯃꯅ    ꯀꯝꯄ꯭ꯌꯨꯇꯔ    ꯑꯃ    ꯅꯠꯇ꯭ꯔꯒ    ꯅꯦꯠꯋꯥꯔ ꯛ    ꯑꯃꯒꯤ    ꯈꯨꯠ ꯊꯥꯡ ꯗꯒꯤ    ꯑꯇꯣꯞꯄ    ꯀꯝꯄ꯭ꯌꯨ ꯇꯔ ꯁꯤꯡꯕꯨ    ꯌꯥ ꯍꯟ ꯗꯕ    ꯅꯠꯇ꯭ꯔꯒ    ꯃꯥꯡ -ꯇꯥꯛ ꯍꯟꯕ    ꯅꯠꯇ꯭ꯔꯒ    ꯊꯕꯛ    ꯇꯧ ꯅꯕꯒꯤꯗꯃꯛ    ꯈꯨꯠ    ꯊꯥꯏ꯫ ,118,32
88,ꯄꯦꯛ ꯇꯧꯔꯕ ꯑꯃꯁꯨꯡ ꯀꯦꯟ ꯇꯧꯔꯕ ꯆꯤꯟꯖꯥꯛꯀꯤ ꯄꯣꯠꯂꯝꯁꯤꯡ ꯄꯨꯝꯅꯃꯛꯇ ꯂꯤꯔꯒ ꯊꯝꯕꯗ ꯁꯤꯖꯤꯟꯅꯕ ꯊꯨꯝ ꯌꯥꯎꯕꯅ ꯃꯔꯝ ꯑꯣꯏꯗꯨꯅ ꯁꯣꯗꯤꯌꯝꯒꯤ ꯋꯥꯡ ꯌꯥꯝꯅ ꯋꯥꯡꯉꯤ꯫,ꯄꯦ ꯛ    ꯇꯧꯔꯕ    ꯑꯃꯁꯨꯡ    ꯀꯦꯟ    ꯇꯧꯔꯕ    ꯆꯤꯟꯖꯥꯛ ꯀꯤ    ꯄꯣꯠꯂꯝꯁꯤꯡ    ꯄꯨꯝꯅꯃꯛꯇ    ꯂꯤ ꯔꯒ    ꯊꯝ ꯕꯗ    ꯁꯤꯖꯤꯟꯅꯕ    ꯊꯨꯝ    ꯌꯥꯎ ꯕꯅ    ꯃꯔꯝ    ꯑꯣꯏꯗꯨꯅ    ꯁꯣ ꯗꯤ ꯌ ꯝꯒꯤ    ꯋꯥ ꯡ    ꯌꯥꯝꯅ    ꯋꯥꯡ ꯉꯤ꯫ ,95,29
89,"ꯈꯪꯍꯧꯗꯅ ꯕ꯭ꯔꯦꯛ ꯐꯥꯕ, ꯂꯤꯠꯊꯣꯛ ꯂꯤꯠꯁꯤꯟ ꯇꯧꯕ ꯅꯠꯇ꯭ꯔꯒ ꯑꯦꯛꯁꯤꯗꯦꯟꯇ ꯊꯣꯛꯄ ꯃꯇꯝꯗ ꯒꯥꯔꯤ ꯑꯗꯨꯅ ꯂꯦꯡꯉꯤꯉꯥꯏꯗ ꯐꯥꯖꯟꯗꯕ ꯁꯤꯑꯥꯔꯑꯦꯁꯅ ꯒꯥꯔꯤ ꯑꯗꯨꯒꯤ ꯃꯅꯨꯡꯗꯨ ꯂꯪꯉꯛꯄ ꯌꯥꯏ꯫","ꯈꯪꯍꯧꯗꯅ    ꯕ꯭ꯔꯦ ꯛ    ꯐꯥ ꯕ,    ꯂꯤ ꯠ ꯊꯣꯛ    ꯂꯤ ꯠ ꯁꯤꯟ    ꯇꯧꯕ    ꯅꯠꯇ꯭ꯔꯒ    ꯑꯦꯛ ꯁꯤꯗꯦꯟ ꯇ    ꯊꯣꯛꯄ    ꯃꯇꯝꯗ    ꯒꯥꯔꯤ    ꯑꯗꯨꯅ    ꯂꯦꯡ ꯉꯤ ꯉꯥꯏ ꯗ    ꯐꯥ ꯖꯟ ꯗꯕ    ꯁꯤ ꯑꯥꯔ ꯑꯦꯁ ꯅ    ꯒꯥꯔꯤ    ꯑꯗꯨꯒꯤ    ꯃꯅꯨꯡ ꯗꯨ    ꯂꯪ ꯉ ꯛꯄ    ꯌꯥꯏ꯫ ",109,39
90,"ꯑꯗꯨ ꯑꯌꯨꯛ ꯑꯗꯨꯃꯛꯇꯗ, ꯅꯥꯔꯥꯄꯥꯠ ꯁꯤꯡꯅ ꯊꯥꯗꯣꯛꯈꯤꯕ ꯃꯤꯐꯥ ꯑꯣꯏꯔꯤꯁꯤꯡꯒꯤ ꯃꯔꯛꯇ ꯑꯃ ꯑꯣꯏꯔꯤꯕ ꯑꯉꯧꯕ ꯑꯃ ꯏꯡꯂꯤꯁꯀꯤ ꯀꯦꯝ꯭ꯄ ꯑꯗꯨꯗ ꯂꯥꯛꯈꯤ ꯑꯃꯁꯨꯡ ꯃꯍꯥꯛꯅ ꯅꯥꯔꯥꯄꯥꯠ ꯁꯤꯡꯍꯅ ꯂꯥꯟꯕꯟ ꯑꯗꯨ ꯃꯥꯒꯤ ꯂꯃꯟ ꯈꯨꯝꯗ꯭ꯔꯤꯈꯩ ꯊꯥꯗꯣꯛꯑꯣꯏ ꯍꯥꯏꯅ ꯍꯥꯏꯕ ꯇꯥꯏ ꯍꯥꯏꯅ ꯂꯨꯆꯤꯡꯄꯨꯔꯦꯜ ꯑꯗꯨꯗ ꯇꯝꯈꯤ꯫","ꯑꯗꯨ    ꯑꯌꯨ ꯛ    ꯑꯗꯨ ꯃꯛꯇ ꯗ,    ꯅꯥꯔꯥ ꯄꯥꯠ    ꯁꯤꯡꯅ    ꯊꯥꯗꯣꯛ ꯈꯤꯕ    ꯃꯤ ꯐ ꯥ    ꯑꯣꯏꯔꯤ ꯁꯤꯡꯒꯤ    ꯃꯔꯛꯇ    ꯑꯃ    ꯑꯣꯏꯔꯤꯕ    ꯑꯉꯧꯕ    ꯑꯃ    ꯏ ꯡ ꯂꯤ ꯁꯀꯤ    ꯀꯦꯝ ꯭ ꯄ    ꯑꯗꯨꯗ    ꯂꯥꯛꯈꯤ    ꯑꯃꯁꯨꯡ    ꯃꯍꯥꯛꯅ    ꯅꯥꯔꯥ ꯄꯥꯠ    ꯁꯤꯡꯍꯅ    ꯂꯥꯟꯕꯟ    ꯑꯗꯨ    ꯃꯥꯒꯤ    ꯂ ꯃꯟ    ꯈꯨꯝ ꯗ꯭ꯔꯤ ꯈꯩ    ꯊꯥꯗꯣꯛ ꯑꯣꯏ    ꯍꯥꯏꯅ    ꯍꯥꯏꯕ    ꯇꯥꯏ    ꯍꯥꯏꯅ    ꯂꯨꯆꯤꯡ ꯄꯨ ꯔꯦꯜ    ꯑꯗꯨꯗ    ꯇꯝ ꯈꯤ꯫ ",175,55
91,"ꯃꯇꯝ ꯑꯁꯤꯗ, ꯂꯥꯍꯣꯔꯒꯤ ꯑꯥꯔꯃꯤꯒꯤ ꯆꯤꯐ ꯑꯣꯐꯤꯁꯔ ꯑꯁꯤ ꯔꯣꯕꯔꯠ ꯃꯣꯟꯠꯒꯣꯃꯦꯔꯤ ꯀꯧꯕ ꯑꯃꯅ ꯑꯣꯏꯔꯝꯃꯤ꯫","ꯃꯇꯝ    ꯑꯁꯤꯗ,    ꯂꯥꯍꯣ ꯔꯒꯤ    ꯑꯥꯔ ꯃꯤꯒꯤ    ꯆꯤꯐ    ꯑꯣꯐꯤꯁꯔ    ꯑꯁꯤ    ꯔꯣ ꯕꯔ ꯠ    ꯃꯣꯟ ꯠ ꯒꯣ ꯃꯦ ꯔꯤ    ꯀꯧꯕ    ꯑꯃꯅ    ꯑꯣꯏꯔꯝꯃꯤ꯫ ",63,20
92,"ꯃꯤꯌꯥꯟ ꯃꯤꯔ ꯀꯦꯝ꯭ꯄꯇ, ꯁꯦꯄꯣꯏꯁꯤꯡꯅ ꯏꯡꯂꯤꯁ ꯂꯥꯟꯃꯤꯁꯤꯡꯗꯒꯤ ꯃꯁꯤꯡ ꯍꯦꯟꯗꯨꯅ ꯃꯤ ꯑꯃꯗ ꯃꯤ ꯃꯔꯤꯒꯤ ꯂꯝꯕ ꯑꯣꯏꯔꯕꯁꯨ, ꯏꯡꯂꯤꯁ ꯐꯝꯅꯥꯏꯕꯁꯤꯡꯅ ꯑꯗꯨꯅ ꯃꯦꯔꯠꯇꯒꯤ ꯄꯥꯎ ꯂꯥꯛꯇ꯭ꯔꯤꯕ ꯐꯥꯎꯕ ꯆꯤꯡꯅꯕ ꯑꯃꯇ ꯂꯩꯈꯤꯗꯦ, ꯃꯈꯣꯏꯅ ꯃꯈꯣꯏ ꯑꯗꯨ ꯃꯦꯔꯠꯀꯤ ꯁꯦꯄꯣꯏꯁꯤꯡꯒ ꯂꯣꯟꯅ ꯄꯥꯎ ꯐꯥꯎꯅꯕꯔ ꯅꯠꯇꯔꯒ ꯐꯥꯎꯅꯗꯕꯔ ꯍꯥꯏꯕꯗꯨ ꯈꯪꯗꯣꯛꯄ ꯋꯥꯈꯤ꯫","ꯃꯤ ꯌꯥꯟ    ꯃꯤꯔ    ꯀꯦꯝ ꯭ ꯄ ꯇ,    ꯁꯦ ꯄꯣꯏ ꯁꯤꯡꯅ    ꯏ ꯡ ꯂꯤꯁ    ꯂꯥꯟꯃꯤ ꯁꯤꯡꯗꯒꯤ    ꯃꯁꯤꯡ    ꯍꯦꯟ ꯗꯨꯅ    ꯃꯤ    ꯑꯃꯗ    ꯃꯤ    ꯃꯔꯤꯒꯤ    ꯂꯝꯕ    ꯑꯣꯏꯔꯕꯁꯨ,    ꯏ ꯡ ꯂꯤꯁ    ꯐꯝ ꯅꯥꯏ ꯕꯁꯤꯡꯅ    ꯑꯗꯨꯅ    ꯃꯦ ꯔ ꯠꯇꯒꯤ    ꯄꯥꯎ    ꯂꯥꯛ ꯇ꯭ꯔꯤ ꯕ    ꯐꯥꯎꯕ    ꯆꯤꯡꯅꯕ    ꯑꯃ ꯇ    ꯂꯩꯈꯤ ꯗꯦ,    ꯃꯈꯣꯏꯅ    ꯃꯈꯣꯏ    ꯑꯗꯨ    ꯃꯦ ꯔ ꯠꯀꯤ    ꯁꯦ ꯄꯣꯏ ꯁꯤꯡꯒ    ꯂꯣꯟꯅ    ꯄꯥꯎ    ꯐꯥꯎ ꯅꯕ ꯔ    ꯅꯠ ꯇꯔ ꯒ    ꯐꯥꯎ ꯅ ꯗꯕ ꯔ    ꯍꯥꯏꯕꯗꯨ    ꯈꯪ ꯗꯣꯛꯄ    ꯋꯥ ꯈꯤ꯫ ",198,70
93,ꯃꯈꯣꯏꯁꯤꯡ ꯑꯁꯤ ꯂꯥꯏꯆꯨꯒꯟꯕꯇ ꯅꯠꯇꯅ ꯊꯣꯞꯇ ꯑꯀꯥꯏꯕ ꯄꯤꯕꯁꯨ ꯌꯥꯏ꯫,ꯃꯈꯣꯏꯁꯤꯡ    ꯑꯁꯤ    ꯂꯥꯏ ꯆꯨ ꯒꯟ ꯕꯇ    ꯅꯠꯇꯅ    ꯊꯣ ꯞꯇ    ꯑꯀꯥꯏꯕ    ꯄꯤ ꯕꯁꯨ    ꯌꯥꯏ꯫ ,41,13
94,ꯅꯨꯃꯤꯠ ꯈꯨꯗꯤꯡꯒꯤ ꯅꯥꯀꯜ ꯑꯅꯤꯃꯛꯇ ꯑꯅꯧꯕ ꯂꯥꯟꯃꯤꯁꯤꯡ ꯆꯪꯂꯛꯂꯝꯃꯤ꯫,ꯅꯨꯃꯤꯠ    ꯈꯨꯗꯤꯡꯒꯤ    ꯅꯥ ꯀꯜ    ꯑꯅꯤꯃꯛꯇ    ꯑꯅꯧꯕ    ꯂꯥꯟꯃꯤꯁꯤꯡ    ꯆꯪ ꯂꯛ ꯂꯝꯃꯤ꯫ ,43,10
95,"ꯀꯔꯤꯒꯨꯝꯕ ꯅꯔꯅꯥꯏꯒꯤ ꯑꯣꯏꯅ ꯃꯤꯉꯣꯟꯗ ꯑꯋꯥ-ꯑꯅꯥ ꯊꯣꯛꯍꯟꯅꯤꯡꯕ ꯌꯥꯎꯔꯝꯃꯗꯤ, ꯃꯪꯒꯜ ꯄꯥꯟꯗꯦꯒꯤ ꯃꯃꯤꯡ ꯑꯁꯤ ꯂꯩꯕꯥꯛꯀꯤꯗꯃꯛ ꯊꯋꯥꯏ ꯊꯥꯕ ꯃꯤꯒꯤ ꯃꯔꯛꯇ ꯃꯤꯡ ꯆꯜꯂꯝꯃꯣꯏ ꯑꯗꯨꯒ ꯃꯤꯍꯥꯠꯄꯁꯤꯡꯒꯤ ꯃꯔꯛꯇ ꯃꯤꯡ ꯆꯜꯂꯝꯒꯅꯤ","ꯀꯔꯤꯒꯨꯝꯕ    ꯅꯔ ꯅꯥꯏꯒꯤ    ꯑꯣꯏꯅ    ꯃꯤ ꯉꯣꯟꯗ    ꯑꯋꯥ -ꯑ ꯅꯥ    ꯊꯣꯛꯍꯟ ꯅꯤꯡꯕ    ꯌꯥꯎ ꯔꯝ ꯃ ꯗꯤ,    ꯃꯪ ꯒꯜ    ꯄꯥꯟ ꯗꯦ ꯒꯤ    ꯃꯃꯤꯡ    ꯑꯁꯤ    ꯂꯩꯕꯥꯛ ꯀꯤꯗꯃꯛ    ꯊꯋꯥꯏ    ꯊꯥꯕ    ꯃꯤꯒꯤ    ꯃꯔꯛꯇ    ꯃꯤꯡ    ꯆꯜꯂ ꯝꯃ ꯣꯏ    ꯑꯗꯨꯒ    ꯃꯤ ꯍꯥꯠ ꯄꯁꯤꯡꯒꯤ    ꯃꯔꯛꯇ    ꯃꯤꯡ    ꯆꯜꯂ ꯝ ꯒꯅꯤ ",131,41
96,"ꯃꯍꯥꯛꯅ ꯃꯤꯀꯨꯞ ꯑꯃꯥ ꯑꯩꯉꯣꯟꯗ ꯌꯦꯉꯒ ꯅꯣꯂꯨꯛꯅ 'ꯋꯥꯔꯧꯕꯤꯕ ꯌꯥꯗꯦ, ꯑꯩꯈꯣꯏꯒꯤꯁꯦ ꯊꯜꯂꯦ' ꯍꯥꯏꯗꯨꯅ ꯀꯥꯏꯅꯅꯕ ꯇꯥꯛꯂꯛꯈꯤ꯫","ꯃꯍꯥꯛꯅ    ꯃꯤ ꯀꯨ ꯞ    ꯑꯃꯥ    ꯑꯩ ꯉꯣꯟꯗ    ꯌꯦ ꯉ ꯒ    ꯅꯣ ꯂꯨ ꯛꯅ    ' ꯋꯥꯔ ꯧ ꯕꯤꯕ    ꯌꯥ ꯗꯦ,    ꯑꯩꯈ ꯣꯏ ꯒꯤ ꯁꯦ    ꯊ ꯜ ꯂꯦ '    ꯍꯥꯏ ꯗꯨꯅ    ꯀꯥꯏ ꯅꯅꯕ    ꯇꯥꯛ ꯂꯛꯈꯤ꯫ ",76,33
97,ꯐꯠꯇ-ꯍꯥꯎꯗꯤ ꯑꯁꯤ ꯀꯔꯤꯒꯨꯝꯕ ꯑꯩꯈꯣꯏꯒꯤ ꯌꯨꯝꯁꯤꯡ ꯑꯃꯁꯨꯡ ꯑꯀꯣꯏꯕꯁꯤꯡꯗꯒꯤ ꯂꯧꯊꯣꯛꯇ꯭ꯔꯕꯗꯤ ꯀꯔꯤ ꯊꯣꯛꯀꯅꯤ ꯍꯥꯏꯕꯗꯨ ꯅꯍꯥꯛꯅ ꯀꯩꯗꯧꯉꯩꯗ ꯈꯟꯈ꯭ꯔꯕ,ꯐꯠꯇ - ꯍꯥꯎ ꯗꯤ    ꯑꯁꯤ    ꯀꯔꯤꯒꯨꯝꯕ    ꯑꯩꯈ ꯣꯏꯒꯤ    ꯌꯨꯝ ꯁꯤꯡ    ꯑꯃꯁꯨꯡ    ꯑꯀꯣꯏ ꯕ ꯁꯤꯡꯗꯒꯤ    ꯂꯧꯊꯣꯛ ꯇ꯭ꯔ ꯕꯗꯤ    ꯀꯔꯤ    ꯊꯣꯛ ꯀꯅꯤ    ꯍꯥꯏꯕꯗꯨ    ꯅꯍꯥꯛꯅ    ꯀꯩꯗꯧ ꯉꯩꯗ    ꯈꯟ ꯈ꯭ꯔꯕ ,92,26
98,ꯗꯤꯒꯤꯇꯦꯜ ꯇꯦꯛꯅꯣꯂꯣꯒꯤꯁꯤꯡꯅ ꯃꯔꯝ ꯑꯣꯏꯗꯨꯅ ꯍꯧꯈꯤꯕ ꯆꯍꯤ ꯈꯔꯗ ꯃꯥꯂꯦꯝ ꯄꯨꯝꯕꯗ ꯑꯍꯣꯡꯕ ꯀꯌꯥ ꯎꯕ ꯐꯪꯂꯦ꯫,ꯗꯤ ꯒꯤ ꯇꯦꯜ    ꯇꯦꯛꯅꯣ ꯂꯣ ꯒꯤ ꯁꯤꯡꯅ    ꯃꯔꯝ    ꯑꯣꯏꯗꯨꯅ    ꯍꯧꯈꯤꯕ    ꯆꯍꯤ    ꯈꯔꯗ    ꯃꯥꯂꯦꯝ    ꯄꯨꯝꯕꯗ    ꯑꯍꯣꯡꯕ    ꯀꯌꯥ    ꯎꯕ    ꯐꯪ ꯂꯦ꯫ ,65,19
99,"ꯃꯃꯥꯡꯉꯩꯗꯗꯤ, ꯆꯤꯊꯤ ꯑꯃ ꯌꯧꯕꯗ ꯅꯨꯃꯤꯠ ꯀꯌꯥꯅꯤ ꯆꯪꯉꯤ ꯑꯃꯁꯨꯡ ꯐꯪꯒꯗꯧꯔꯤꯕ ꯃꯤ ꯈꯨꯗꯤꯡꯃꯛ ꯃꯁꯥ ꯃꯁꯥꯒꯤ ꯀꯣꯄꯤ ꯑꯃꯃꯝ ꯐꯪꯒꯅꯤ ꯑꯗꯨꯒ ꯄꯥꯎꯈꯨꯝꯁꯨ ꯇꯣꯉꯥꯟ ꯇꯣꯉꯥꯟꯅ ꯈꯨꯝꯒꯅꯤ꯫","ꯃꯃꯥꯡ ꯉꯩ ꯗꯗꯤ,    ꯆꯤꯊꯤ    ꯑꯃ    ꯌꯧ ꯕꯗ    ꯅꯨꯃꯤꯠ    ꯀꯌꯥ ꯅꯤ    ꯆꯪ ꯉꯤ    ꯑꯃꯁꯨꯡ    ꯐꯪ ꯒꯗꯧ ꯔꯤꯕ    ꯃꯤ    ꯈꯨꯗꯤꯡꯃꯛ    ꯃꯁꯥ    ꯃꯁꯥꯒꯤ    ꯀꯣ ꯄꯤ    ꯑꯃꯃꯝ    ꯐꯪꯒꯅꯤ    ꯑꯗꯨꯒ    ꯄꯥꯎ ꯈꯨꯝ ꯁꯨ    ꯇꯣꯉꯥꯟ    ꯇꯣꯉꯥꯟꯅ    ꯈꯨꯝ ꯒꯅꯤ꯫ ",107,32
100,ꯅꯨꯡꯗ ꯂꯩꯔꯤꯕ ꯋꯥꯈꯜꯂꯣꯟ ꯑꯗꯨ ꯀꯥꯟꯅꯒꯗꯧꯕ ꯅꯠꯇ꯭ꯔꯒ ꯐꯠꯇꯕ ꯑꯣꯏꯕꯒꯤ ꯃꯇꯨꯡ ꯏꯟꯅ ꯂꯥꯜꯍꯧꯕꯁꯤꯡꯗ ꯏꯊꯤꯜ ꯄꯤꯔꯤꯕ ꯄꯨꯛꯅꯤꯡ ꯋꯥꯈꯜ ꯑꯁꯤ ꯇꯥꯡꯀꯛ ꯑꯣꯏꯅ ꯑꯁꯦꯡꯕ ꯅꯠꯇ꯭ꯔꯒ ꯑꯃꯥꯡꯕ ꯑꯣꯏꯅ ꯈꯟꯗꯣꯛꯏ꯫,ꯅꯨꯡꯗ    ꯂꯩꯔꯤꯕ    ꯋꯥꯈꯜꯂꯣꯟ    ꯑꯗꯨ    ꯀꯥꯟ ꯅ ꯒꯗ ꯧꯕ    ꯅꯠꯇ꯭ꯔꯒ    ꯐꯠꯇꯕ    ꯑꯣꯏꯕꯒꯤ    ꯃꯇꯨꯡ    ꯏꯟꯅ    ꯂꯥꯜꯍꯧ ꯕꯁꯤꯡꯗ    ꯏꯊꯤꯜ    ꯄꯤꯔꯤꯕ    ꯄꯨꯛꯅꯤꯡ    ꯋꯥꯈꯜ    ꯑꯁꯤ    ꯇꯥꯡꯀꯛ    ꯑꯣꯏꯅ    ꯑꯁꯦꯡꯕ    ꯅꯠꯇ꯭ꯔꯒ    ꯑꯃ ꯥꯡꯕ    ꯑꯣꯏꯅ    ꯈꯟ ꯗꯣꯛ ꯏ꯫ ,118,30
101,"ꯃꯍꯥꯛꯀꯤ ꯂꯣꯏꯅꯕꯤ ꯑꯃꯃꯝꯁꯨꯨꯝ ꯁꯤꯈꯤꯕꯅ, ꯀꯥꯕꯥ ꯒꯥꯟꯙꯤ ꯃꯔꯤꯔꯛ ꯊꯪꯅ-ꯊꯪꯅꯅ ꯂꯨꯍꯣꯡꯈꯤ꯫","ꯃꯍꯥꯛꯀꯤ    ꯂꯣꯏꯅꯕꯤ    ꯑꯃꯃ ꯝ ꯁꯨ ꯨꯝ    ꯁꯤ ꯈꯤꯕ ꯅ,    ꯀꯥ ꯕꯥ    ꯒꯥꯟ ꯙꯤ    ꯃꯔꯤ ꯔꯛ    ꯊꯪ ꯅ- ꯊꯪ ꯅꯅ    ꯂꯨꯍꯣꯡꯈꯤ꯫ ",57,20
102,ꯃꯤꯌꯥꯝꯗ ꯃꯤꯆꯪ-ꯃꯤꯈꯥꯏ ꯅꯥꯏꯗꯕ ꯑꯃꯁꯨꯡ ꯃꯤꯈꯥ ꯄꯣꯟꯕꯗꯒꯤ ꯅꯤꯡꯈꯥ ꯇꯝꯕꯒꯤ ꯋꯥꯈꯜꯂꯣꯟꯕꯨ ꯍꯧꯗꯣꯛꯅꯕꯒꯤ ꯄꯥꯝꯗꯝꯗ ꯏꯕꯁꯤ ꯑꯏꯕꯁꯤꯡꯒꯤ ꯑꯣꯏꯅ ꯈꯨꯅꯥꯏꯒꯤ ꯑꯣꯏꯕ ꯇꯧꯐꯝꯊꯣꯛꯄ ꯑꯣꯏꯔꯛꯈꯤ꯫,ꯃꯤꯌꯥꯝꯗ    ꯃꯤ ꯆꯪ - ꯃꯤꯈ ꯥꯏ    ꯅꯥꯏ ꯗꯕ    ꯑꯃꯁꯨꯡ    ꯃꯤ ꯈꯥ    ꯄꯣꯟ ꯕꯗꯒꯤ    ꯅꯤꯡ ꯈꯥ    ꯇꯝꯕꯒꯤ    ꯋꯥꯈꯜ ꯂꯣꯟ ꯕꯨ    ꯍꯧꯗꯣꯛ ꯅꯕꯒꯤ    ꯄꯥꯝ ꯗ ꯝꯗ    ꯏ ꯕ ꯁꯤ    ꯑꯏ ꯕꯁꯤꯡꯒꯤ    ꯑꯣꯏꯅ    ꯈꯨ ꯅꯥꯏꯒꯤ    ꯑꯣꯏꯕ    ꯇꯧ ꯐꯝ ꯊꯣꯛꯄ    ꯑꯣꯏꯔꯛꯈꯤ꯫ ,114,37
103,ꯃꯁꯤꯒꯤ ꯂꯩꯔꯤꯕ ꯋꯥꯐꯝ ꯑꯁꯤꯈꯛꯇꯅ ꯃꯍꯥꯛꯀꯤ ꯇꯧꯕꯉꯝꯕ ꯑꯃꯨꯁꯨꯡ ꯂꯝꯆꯠ ꯁꯥꯖꯠꯀꯤ ꯃꯇꯥꯡꯗ ꯆꯧꯔꯥꯛꯄ ꯍꯤꯁꯥꯞ ꯑꯃ ꯁꯦꯝꯕ ꯌꯥꯔꯅꯤ꯫,ꯃꯁꯤꯒꯤ    ꯂꯩꯔꯤꯕ    ꯋꯥꯐꯝ    ꯑꯁꯤ ꯈꯛꯇꯅ    ꯃꯍꯥꯛꯀꯤ    ꯇꯧꯕ ꯉꯝꯕ    ꯑꯃꯨ ꯁꯨꯡ    ꯂꯝ ꯆꯠ    ꯁꯥ ꯖ ꯠꯀꯤ    ꯃꯇꯥꯡꯗ    ꯆꯧ ꯔꯥꯛ ꯄ    ꯍꯤ ꯁꯥ ꯞ    ꯑꯃ    ꯁꯦꯝꯕ    ꯌꯥꯔ ꯅꯤ꯫ ,77,26
104,ꯑꯩꯈꯣꯏꯅ ꯐꯖꯔꯕ ꯂꯝꯆꯠ ꯁꯥꯖꯠ ꯑꯃꯗꯤ ꯃꯥꯔꯁꯤꯌꯦꯜ ꯇꯥꯟꯊꯥ ꯊꯥꯔꯒ ꯁꯥꯖꯦꯜ ꯇꯧꯔꯗꯨꯅ ꯑꯃꯁꯨꯡ ꯃꯆꯨ ꯀꯌꯥꯒꯤ ꯐꯤꯔꯥꯟꯁꯤꯡꯒ ꯐꯤꯁꯪꯁꯤꯡꯒ ꯍꯥꯏꯔꯗꯨꯅ ꯁꯦꯄꯣꯏ ꯂꯤꯁꯤꯡ ꯀꯌꯥ ꯑꯗꯨꯅ ꯁꯍꯔ ꯑꯗꯨꯗ ꯆꯪꯁꯤꯟꯕꯗꯨ ꯁꯦꯡꯅ ꯎꯕ ꯉꯝꯃꯤ꯫,ꯑꯩꯈꯣꯏꯅ    ꯐꯖꯔꯕ    ꯂꯝ ꯆꯠ    ꯁꯥ ꯖ ꯠ    ꯑꯃꯗꯤ    ꯃꯥꯔ ꯁꯤꯌꯦꯜ    ꯇꯥꯟ ꯊꯥ    ꯊꯥꯔ ꯒ    ꯁꯥ ꯖꯦꯜ    ꯇꯧ ꯔꯗꯨꯅ    ꯑꯃꯁꯨꯡ    ꯃꯆꯨ    ꯀꯌꯥꯒꯤ    ꯐꯤ ꯔꯥꯟ ꯁꯤꯡꯒ    ꯐꯤ ꯁꯪ ꯁꯤꯡꯒ    ꯍꯥꯏ ꯔꯗꯨꯅ    ꯁꯦ ꯄ ꯣꯏ    ꯂꯤꯁꯤꯡ    ꯀꯌꯥ    ꯑꯗꯨꯅ    ꯁꯍꯔ    ꯑꯗꯨꯗ    ꯆꯪ ꯁꯤꯟ ꯕꯗꯨ    ꯁꯦꯡꯅ    ꯎꯕ    ꯉꯝꯃꯤ꯫ ,130,43
105,"ꯃꯈꯣꯏꯅ ꯔꯥꯃꯥꯌꯟꯅ ꯑꯃꯁꯨꯡ ꯃꯍꯥꯚꯥꯔꯠ ꯄꯨꯟꯅ ꯄꯥꯃꯤꯟꯅꯔꯛ ꯏ; ꯃꯈꯣꯏꯅꯃꯥꯍꯔꯥꯠꯇꯁꯤꯡꯒꯤ ꯂꯥꯟꯒ ꯃꯟꯅꯕ ꯊꯧꯋꯣꯡꯁꯤꯡꯒꯤ ꯋꯥꯔꯤꯁꯤꯡ ꯄꯥꯃꯤꯟꯅꯔꯛꯏ, ꯑꯃꯁꯨꯡ ꯍꯤꯟꯗꯨꯒꯤ ꯊꯧꯅꯥ ꯂꯩꯕꯁꯤꯡꯒꯤ ꯃꯥꯑꯣꯡꯒꯤ ꯋꯥꯔꯤꯁꯤꯡꯅ ꯊꯧꯅ ꯍꯥꯞꯄ ꯑꯗꯨꯅ ꯃꯈꯣꯏꯒꯤ ꯅꯧꯔꯤꯕ ꯊꯃꯣꯏꯁꯤꯡ ꯑꯗꯨ ꯄꯨꯟꯅ ꯍꯨꯟꯃꯤꯟꯅꯔꯝꯃꯤ꯫","ꯃꯈꯣꯏꯅ    ꯔꯥ ꯃꯥ ꯌꯟꯅ    ꯑꯃꯁꯨꯡ    ꯃꯍꯥ ꯚꯥꯔꯠ    ꯄꯨꯟꯅ    ꯄꯥ ꯃꯤꯟ ꯅꯔ ꯛ    ꯏ ;    ꯃꯈꯣꯏ ꯅ ꯃꯥ ꯍ ꯔꯥ ꯠꯇ ꯁꯤꯡꯒꯤ    ꯂꯥꯟ ꯒ    ꯃꯟ ꯅꯕ    ꯊꯧ ꯋ ꯣꯡ ꯁꯤꯡꯒꯤ    ꯋꯥꯔꯤꯁꯤꯡ    ꯄꯥ ꯃꯤꯟ ꯅ ꯔꯛ ꯏ,    ꯑꯃꯁꯨꯡ    ꯍꯤꯟꯗꯨꯒꯤ    ꯊꯧꯅꯥ    ꯂꯩꯕ ꯁꯤꯡꯒꯤ    ꯃꯥ ꯑꯣ ꯡꯒꯤ    ꯋꯥꯔꯤ ꯁꯤꯡꯅ    ꯊꯧ ꯅ    ꯍꯥ ꯞꯄ    ꯑꯗꯨꯅ    ꯃꯈꯣꯏꯒꯤ    ꯅꯧ ꯔꯤꯕ    ꯊꯃ ꯣꯏ ꯁꯤꯡ    ꯑꯗꯨ    ꯄꯨꯟꯅ    ꯍꯨꯟ ꯃꯤꯟ ꯅꯔꯝꯃꯤ꯫ ",177,61
106,ꯀꯂꯥꯎꯗ-ꯐꯔꯤ ꯑꯣꯞꯇꯤꯀꯦꯜ ꯁꯦꯇꯦꯂꯥꯏꯠ ꯗꯦꯇꯥꯁꯦꯠꯁꯤꯡ ꯃꯔꯥꯡ ꯀꯥꯏꯅ ꯐꯪꯗꯕ ꯑꯁꯤꯅ ꯅꯣꯡꯖꯨ ꯊꯥ ꯃꯇꯝꯗ ꯂꯧꯎ-ꯁꯤꯡꯎꯕꯒꯤ ꯑꯦꯄꯤꯂꯤꯀꯦꯁꯟꯁꯤꯡꯗ ꯔꯤꯃꯣꯠ ꯁꯦꯟꯁꯤꯡ ꯗꯦꯇꯥ ꯁꯤꯖꯟꯅꯕꯗ ꯑꯆꯧꯕ ꯑꯌꯦꯠꯄ ꯑꯃꯅꯤ ꯫,ꯀ ꯂꯥꯎ ꯗ- ꯐ ꯔꯤ    ꯑꯣꯞ ꯇꯤ ꯀꯦꯜ    ꯁꯦ ꯇꯦ ꯂꯥꯏꯠ    ꯗꯦ ꯇꯥ ꯁꯦ ꯠꯁꯤꯡ    ꯃꯔꯥꯡ    ꯀꯥꯏꯅ    ꯐꯪ ꯗꯕ    ꯑꯁꯤꯅ    ꯅꯣꯡ ꯖꯨ    ꯊꯥ    ꯃꯇꯝꯗ    ꯂꯧꯎ-ꯁꯤꯡꯎ ꯕꯒꯤ    ꯑꯦ ꯄꯤ ꯂꯤ ꯀꯦꯁ ꯟ ꯁꯤꯡꯗ    ꯔꯤ ꯃꯣ ꯠ    ꯁꯦꯟ ꯁꯤꯡ    ꯗꯦꯇꯥ    ꯁꯤꯖꯟ ꯅꯕꯗ    ꯑꯆꯧꯕ    ꯑ ꯌꯦ ꯠꯄ    ꯑꯃꯅꯤ    ꯫ ,123,46
107,ꯃꯁꯤ ꯑꯩꯈꯣꯏꯅ ꯏꯟꯇꯔꯅꯦꯠꯇ ꯃꯦꯂꯤꯁꯤꯌꯁ ꯑꯦꯗꯚꯔꯇꯤꯁꯃꯦꯟꯇ ꯑꯃꯗ ꯅꯝꯕ ꯃꯇꯝꯗꯁꯨ ꯑꯩꯈꯣꯏꯒꯤ ꯁꯤꯁꯇꯦꯝꯗ ꯌꯧꯕ ꯌꯥꯏ꯫,ꯃꯁꯤ    ꯑꯩꯈꯣꯏꯅ    ꯏꯟꯇꯔ ꯅꯦ ꯠꯇ    ꯃꯦ ꯂꯤ ꯁꯤꯌꯁ    ꯑꯦꯗ ꯚꯔ ꯇꯤꯁ ꯃꯦꯟ ꯇ    ꯑꯃꯗ    ꯅꯝꯕ    ꯃꯇꯝ ꯗꯁꯨ    ꯑꯩꯈ ꯣꯏꯒꯤ    ꯁꯤꯁꯇꯦ ꯝꯗ    ꯌ ꯧꯕ    ꯌꯥꯏ꯫ ,70,24
108,"ꯃꯍꯥꯛꯀꯤ ꯁꯨꯔꯨꯡ ꯑꯗꯨꯗ ꯀꯤꯍꯟ ꯈꯪꯍꯟꯕ ꯇꯧꯕ ꯎꯕꯗ, ꯃꯍꯥꯛꯅ ꯃꯀꯣꯟ ꯑꯗꯨꯗꯒꯤ ꯆꯤꯂꯤꯌꯟꯋꯥꯜꯂꯗ ꯆꯦꯟꯊꯣꯛꯂꯗꯨꯅ, ꯌꯦꯛꯅꯕ ꯑꯗꯨꯕꯨ ꯃꯍꯥꯛꯀꯤ ꯈꯨꯖꯤꯟ ꯌꯥꯎꯕ ꯈꯣꯡꯄꯥꯛ ꯑꯗꯨꯅ ꯇꯝꯊꯤꯅ ꯍꯥꯏꯊꯔꯛꯇꯨꯅ ꯈꯣꯠꯇꯠꯈꯤ ꯑꯃꯁꯨꯡ ꯃꯍꯥꯛꯄꯨ ꯏ ꯊꯣꯛꯍꯟꯈꯤ꯫","ꯃꯍꯥꯛꯀꯤ    ꯁꯨꯔꯨꯡ    ꯑꯗꯨꯗ    ꯀꯤ ꯍꯟ    ꯈꯪ ꯍꯟꯕ    ꯇꯧꯕ    ꯎ ꯕꯗ,    ꯃꯍꯥꯛꯅ    ꯃ ꯀꯣ ꯟ    ꯑꯗꯨꯗꯒꯤ    ꯆꯤ ꯂꯤ ꯌꯟ ꯋꯥ ꯜꯂ ꯗ    ꯆꯦꯟ ꯊꯣꯛ ꯂ ꯗꯨꯅ,    ꯌꯦ ꯛꯅꯕ    ꯑꯗꯨꯕꯨ    ꯃꯍꯥꯛꯀꯤ    ꯈꯨ ꯖꯤꯟ    ꯌꯥꯎꯕ    ꯈꯣꯡ ꯄꯥꯛ    ꯑꯗꯨꯅ    ꯇꯝ ꯊꯤꯅ    ꯍꯥꯏ ꯊ ꯔ ꯛꯇꯨꯅ    ꯈꯣ ꯠꯇ ꯠ ꯈꯤ    ꯑꯃꯁꯨꯡ    ꯃꯍꯥꯛꯄꯨ    ꯏ    ꯊꯣꯛꯍꯟꯈꯤ꯫ ",144,49
109,ꯃꯈꯣꯏꯕꯨ ꯃꯍꯥꯛꯀ ꯂꯣꯏꯅꯅ ꯄꯨꯔꯗꯨꯅ ꯅꯥꯅꯥꯅ ꯕꯤꯊꯨꯔꯗ ꯆꯠꯈꯤ ꯑꯃꯁꯨꯡ ꯀꯥꯎꯟꯄꯣꯔꯕꯨ ꯂꯥꯟꯗꯥꯒꯅꯤ ꯍꯥꯏꯅ ꯀꯤꯍꯟꯈꯤ꯫,ꯃꯈꯣꯏꯕꯨ    ꯃꯍꯥꯛꯀ    ꯂꯣꯏꯅꯅ    ꯄꯨꯔ ꯗꯨꯅ    ꯅꯥ ꯅꯥꯅ    ꯕꯤ ꯊꯨ ꯔꯗ    ꯆꯠꯈꯤ    ꯑꯃꯁꯨꯡ    ꯀꯥꯎꯟ ꯄꯣꯔ ꯕꯨ    ꯂꯥꯟꯗꯥ ꯒꯅꯤ    ꯍꯥꯏꯅ    ꯀꯤ ꯍꯟꯈꯤ꯫ ,70,20
110,ꯁꯦꯊ ꯑꯃꯁꯨꯡ ꯃꯍꯥꯛꯀꯤ ꯀ꯭ꯂꯔꯛꯁꯤꯡꯅ ꯑꯩꯒꯤ ꯑꯀꯣꯏꯕꯗ ꯇꯤꯜꯂꯈꯤ꯫,ꯁꯦ ꯊ    ꯑꯃꯁꯨꯡ    ꯃꯍꯥꯛꯀꯤ    ꯀ꯭ꯂ ꯔꯛ ꯁꯤꯡꯅ    ꯑ ꯩꯒꯤ    ꯑꯀꯣꯏꯕꯗ    ꯇꯤ ꯜꯂ ꯈꯤ꯫ ,40,13
111,ꯃꯍꯥꯛꯀꯤ ꯃꯇꯨꯡꯗ ꯃꯇꯝ ꯈꯔꯒꯤ ꯑꯣꯏꯅ ꯖꯔꯛꯁꯤꯁ II ꯂꯥꯛꯈꯤ꯫,ꯃꯍꯥꯛꯀꯤ    ꯃꯇꯨꯡꯗ    ꯃꯇꯝ    ꯈꯔꯒꯤ    ꯑꯣꯏꯅ    ꯖ ꯔꯛ ꯁꯤꯁ    II   ꯂꯥꯛꯈꯤ꯫ ,36,10
112,ꯃꯆꯤꯟ-ꯃꯅꯥꯎꯁꯤꯡ ꯑꯗꯨ ꯑꯃꯒ-ꯑꯃꯒ ꯌꯥꯝꯅ ꯂꯨꯅ ꯅꯤꯡꯅꯔꯝꯃꯤ꯫,ꯃꯆꯤꯟ - ꯃꯅꯥꯎ ꯁꯤꯡ    ꯑꯗꯨ    ꯑꯃ ꯒ - ꯑꯃꯒ    ꯌꯥꯝꯅ    ꯂꯨꯅ    ꯅꯤꯡ ꯅꯔꯝꯃꯤ꯫ ,38,13
113,"ꯃꯈꯣꯏꯅ ꯋꯥꯍꯧꯗꯣꯛ ꯑꯗꯨ ꯌꯥꯔꯛꯂꯕꯗꯤ, , ꯑꯇꯣꯞꯄꯁꯤꯡꯗꯨꯁꯨ ꯆꯞꯃꯥꯟꯅꯕ ꯋꯥꯐꯝ ꯑꯗꯨ ꯂꯧꯅꯕ ꯊꯦꯝꯖꯤꯟꯕ ꯌꯥꯏ ꯍꯥꯏꯅ ꯑꯩꯅ ꯐꯥꯎꯋꯤ꯫","ꯃꯈꯣꯏꯅ    ꯋꯥ ꯍꯧ ꯗꯣꯛ    ꯑꯗꯨ    ꯌꯥ ꯔꯛ ꯂꯕꯗꯤ,    ,    ꯑꯇꯣꯞꯄ ꯁꯤꯡ ꯗꯨ ꯁꯨ    ꯆ ꯞ ꯃꯥꯟꯅꯕ    ꯋꯥꯐꯝ    ꯑꯗꯨ    ꯂꯧꯅꯕ    ꯊꯦ ꯝ ꯖꯤꯟꯕ    ꯌꯥꯏ    ꯍꯥꯏꯅ    ꯑꯩ ꯅ    ꯐꯥꯎ ꯋꯤ꯫ ",78,28
114,ꯁꯍꯔꯒꯤ ꯃꯐꯝꯒꯤ ꯈ꯭ꯋꯥꯏꯗꯒꯤ ꯇꯡꯗꯨꯗꯕ ꯑꯣꯏꯕ ꯄꯣꯠꯆꯥꯛ ꯑꯗꯨꯗꯤ ꯃꯈꯜ ꯀꯌꯥꯒꯤ ꯆꯠꯊꯣꯛ-ꯆꯠꯁꯤꯟꯒꯤ ꯄꯥꯝꯕꯩꯁꯤꯡ ꯑꯗꯨꯅꯤ꯫,ꯁꯍꯔꯒꯤ    ꯃꯐꯝꯒꯤ    ꯈ꯭ꯋꯥꯏꯗꯒꯤ    ꯇ ꯡ ꯗꯨ ꯗꯕ    ꯑꯣꯏꯕ    ꯄꯣꯠ ꯆꯥꯛ    ꯑꯗꯨꯗꯤ    ꯃꯈꯜ    ꯀꯌꯥꯒꯤ    ꯆꯠꯊꯣꯛ-ꯆꯠ ꯁꯤꯟꯒꯤ    ꯄꯥꯝꯕꯩ ꯁꯤꯡ    ꯑꯗꯨꯅꯤ꯫ ,74,18
115,"ꯔꯥꯏꯠ-ꯑꯍꯦꯗ-ꯂꯣꯒꯀꯤ ꯅꯤꯌꯣꯝ ꯑꯗꯨꯅ, ꯀꯔꯤꯒꯨꯝꯕ ꯌꯥꯗꯕ ꯑꯃ ꯊꯣꯛꯂꯛꯄꯗ, ꯂꯣꯒ ꯑꯗꯨ ꯌꯦꯡꯗꯨꯅ ꯃꯥꯡꯈꯔꯤꯕ ꯄꯣꯠ ꯑꯗꯨ ꯑꯝꯨꯛ ꯍꯟꯅ ꯂꯧꯈꯠꯅꯕꯒꯤ ꯊꯧꯗꯥꯡ ꯑꯗꯨ ꯐꯤꯚꯝ ꯑꯗꯨꯒꯤ ꯃꯥꯑꯣꯡꯗꯨꯒ ꯆꯥꯟꯅꯕꯗꯨ ꯌꯦꯡꯂꯒ ꯑꯔꯣꯏꯕ ꯑꯃꯁꯨꯡ ꯁꯦꯝꯗꯣꯛꯀꯦ ꯈꯜꯂꯤꯕꯁꯤꯡ ꯑꯗꯨ ꯁꯦꯜ ꯊꯝꯐꯝꯗꯒꯤ ꯃꯈꯥ ꯇꯥꯅ ꯌꯦꯡꯂꯒ ꯃꯗꯨꯒꯤ ꯆꯦꯆꯟꯁꯤꯡ ꯑꯗꯨ ꯍꯥꯟꯅꯒꯤ ꯃꯁꯤꯡꯗꯨꯗ ꯑꯃꯨꯛ ꯍꯟꯅ ꯊꯝꯕ ꯅꯠꯇ꯭ꯔꯒ ꯑꯅꯧꯕ ꯃꯁꯤꯡꯗꯨꯗ ꯊꯝꯗꯨꯅ ꯉꯥꯛꯊꯣꯛꯏ꯫","ꯔꯥꯏ ꯠ- ꯑꯍ ꯦ ꯗ- ꯂꯣ ꯒꯀꯤ    ꯅꯤꯌꯣ ꯝ    ꯑꯗꯨ ꯅ,    ꯀꯔꯤꯒꯨꯝꯕ    ꯌꯥꯗꯕ    ꯑꯃ    ꯊꯣꯛꯂꯛ ꯄ ꯗ,    ꯂꯣ ꯒ    ꯑꯗꯨ    ꯌꯦꯡ ꯗꯨꯅ    ꯃꯥꯡ ꯈ ꯔꯤꯕ    ꯄꯣꯠ    ꯑꯗꯨ    ꯑꯝ ꯨꯛ    ꯍꯟꯅ    ꯂꯧꯈꯠ ꯅꯕꯒꯤ    ꯊꯧꯗꯥꯡ    ꯑꯗꯨ    ꯐꯤꯚꯝ    ꯑꯗꯨꯒꯤ    ꯃꯥ ꯑꯣ ꯡ ꯗꯨ ꯒ    ꯆꯥꯟ ꯅꯕ ꯗꯨ    ꯌꯦꯡ ꯂꯒ    ꯑꯔꯣꯏꯕ    ꯑꯃꯁꯨꯡ    ꯁꯦꯝꯗꯣꯛ ꯀꯦ    ꯈ ꯜꯂꯤ ꯕꯁꯤꯡ    ꯑꯗꯨ    ꯁꯦꯜ    ꯊꯝ ꯐꯝ ꯗꯒꯤ    ꯃꯈꯥ    ꯇꯥꯅ    ꯌꯦꯡ ꯂꯒ    ꯃꯗꯨꯒꯤ    ꯆꯦ ꯆꯟ ꯁꯤꯡ    ꯑꯗꯨ    ꯍꯥꯟꯅꯒꯤ    ꯃ ꯁꯤꯡ ꯗꯨꯗ    ꯑꯃꯨꯛ    ꯍꯟꯅ    ꯊꯝꯕ    ꯅꯠꯇ꯭ꯔꯒ    ꯑꯅꯧꯕ    ꯃ ꯁꯤꯡ ꯗꯨꯗ    ꯊꯝ ꯗꯨꯅ    ꯉꯥꯛꯊꯣꯛ ꯏ꯫ ",241,83
116,"ꯆꯞ ꯃꯥꯟꯅꯅ ꯀꯥꯟꯅꯕ ꯑꯣꯏꯅ ꯇꯧꯕ ꯊꯕꯛ ꯑꯁꯤꯗ ꯑꯣꯟꯅꯕꯁꯤꯡ ꯑꯁꯤ ꯑꯍꯥꯟꯕꯗ ꯁꯣ ꯑꯃꯗꯒꯤ ꯍꯦꯟꯅ ꯂꯩꯕ ꯃꯇꯝꯗꯅꯤ, ꯁꯣ ꯐꯪꯕ ꯑꯃꯁꯨꯡ ꯊꯥꯗꯣꯛꯄꯗꯅ ꯃꯇꯝ ꯍꯦꯟꯅ ꯆꯠꯂꯦ, ꯑꯃꯁꯨꯡ ꯑꯅꯤꯁꯨꯕꯗ ꯋꯥ ꯉꯥꯡꯅꯕꯁꯤꯡꯗ ꯑꯆꯨꯝꯕ ꯑꯁꯤ ꯍꯦꯟꯅ ꯂꯨꯁꯜꯂꯛꯄ ꯑꯁꯤꯅꯤ꯫","ꯆꯞ    ꯃꯥꯟꯅꯅ    ꯀꯥꯟꯅꯕ    ꯑꯣꯏꯅ    ꯇꯧꯕ    ꯊꯕꯛ    ꯑꯁꯤꯗ    ꯑꯣꯟ ꯅꯕꯁꯤꯡ    ꯑꯁꯤ    ꯑꯍꯥꯟꯕꯗ    ꯁꯣ    ꯑꯃꯗꯒꯤ    ꯍꯦꯟꯅ    ꯂꯩꯕ    ꯃꯇꯝ ꯗ ꯅꯤ,    ꯁꯣ    ꯐꯪꯕ    ꯑꯃꯁꯨꯡ    ꯊꯥꯗꯣꯛ ꯄ ꯗꯅ    ꯃꯇꯝ    ꯍꯦꯟꯅ    ꯆꯠ ꯂꯦ ,    ꯑꯃꯁꯨꯡ    ꯑꯅꯤꯁꯨ ꯕꯗ    ꯋꯥ    ꯉꯥꯡ ꯅꯕ ꯁꯤꯡꯗ    ꯑꯆꯨꯝꯕ    ꯑꯁꯤ    ꯍꯦꯟꯅ    ꯂꯨ ꯁ ꯜꯂꯛꯄ    ꯑꯁꯤꯅꯤ꯫ ",142,43
117,ꯀꯔꯤꯒꯨꯝꯕ ꯏꯔꯣꯏꯐꯝ ꯂꯩꯔꯕꯗꯤ ꯏꯔꯥꯛꯅꯕꯗꯒꯤ ꯊꯋꯥꯏ ꯀꯟꯅꯅꯕꯒꯤ ꯊꯧꯋꯣꯡ ꯑꯗꯨ ꯇꯧꯗꯨꯅ ꯑꯣꯔꯥꯏꯕ ꯌꯥꯒꯅꯤ꯫,ꯀꯔꯤꯒꯨꯝꯕ    ꯏ ꯔꯣꯏ ꯐꯝ    ꯂꯩꯔꯕꯗꯤ    ꯏ ꯔꯥꯛ ꯅꯕ ꯗꯒꯤ    ꯊꯋꯥꯏ    ꯀꯟ ꯅ ꯅꯕꯒꯤ    ꯊꯧ ꯋꯣꯡ    ꯑꯗꯨ    ꯇꯧꯗꯨꯅ    ꯑꯣꯔ ꯥꯏ ꯕ    ꯌꯥꯒꯅꯤ꯫ ,64,21
118,ꯏꯔꯣꯏꯕꯒꯤ ꯐ꯭ꯔꯁ ꯑꯦꯗꯀꯤ ꯊꯧꯋꯣꯡꯒꯤ ꯃꯇꯥꯡꯗ ꯃꯦꯟ ꯇꯥꯗꯕ ꯂꯩꯔꯕꯗꯤ ꯃꯍꯩꯔꯣꯏꯁꯤꯡꯕꯨ ꯋꯥꯍꯪ ꯍꯪꯅꯅꯕ ꯊꯧꯒꯠꯀꯗꯕꯅꯤ꯫,ꯏ ꯔꯣꯏ ꯕꯒꯤ    ꯐ꯭ꯔ ꯁ    ꯑꯦ ꯗꯀꯤ    ꯊꯧ ꯋ ꯣꯡ ꯒꯤ    ꯃꯇꯥꯡꯗ    ꯃꯦꯟ    ꯇꯥꯗꯕ    ꯂꯩꯔꯕꯗꯤ    ꯃꯍꯩꯔꯣꯏ ꯁꯤꯡꯕꯨ    ꯋꯥꯍꯪ    ꯍꯪ ꯅꯅꯕ    ꯊꯧꯒꯠ ꯀ ꯗꯕꯅꯤ꯫ ,71,23
119,ꯄꯟꯖꯥꯕ ꯁꯦꯄꯣꯏꯁꯤꯡꯒꯤ ꯃꯔꯛꯇ ꯂꯩꯕꯥꯛꯀꯤ ꯅꯤꯡꯇꯝꯕꯒꯤ ꯄꯨꯛꯅꯤꯡ ꯋꯥꯈꯜ ꯑꯗꯨ ꯀꯌꯥꯃꯨꯛ ꯌꯥꯝꯅ ꯍꯧꯒꯠꯂꯕꯒꯦ ꯍꯥꯏꯕꯗꯨ ꯈꯪꯗꯣꯛꯄ ꯃꯊꯧ ꯇꯥꯈꯤ꯫,ꯄꯟꯖꯥꯕ    ꯁꯦ ꯄꯣꯏ ꯁꯤꯡꯒꯤ    ꯃꯔꯛꯇ    ꯂꯩꯕꯥꯛꯀꯤ    ꯅꯤꯡ ꯇꯝꯕꯒꯤ    ꯄꯨꯛꯅꯤꯡ    ꯋꯥꯈꯜ    ꯑꯗꯨ    ꯀꯌꯥ ꯃꯨꯛ    ꯌꯥꯝꯅ    ꯍꯧ ꯒꯠ ꯂꯕ ꯒꯦ    ꯍꯥꯏꯕꯗꯨ    ꯈꯪ ꯗꯣꯛꯄ    ꯃꯊꯧ    ꯇꯥꯈꯤ꯫ ,85,23
120,ꯑꯁꯤꯒꯨꯝꯕ ꯃꯈꯜꯒꯤ ꯑꯋꯥꯡꯕ ꯊꯥꯛꯀꯤ ꯉꯥꯛꯄꯤꯕ ꯑꯁꯤ ꯑꯩꯒꯤ ꯏꯄꯥꯗꯗꯤ ꯃꯍꯧꯁꯥ ꯑꯣꯏꯗꯦ꯫,ꯑꯁꯤꯒꯨꯝꯕ    ꯃꯈꯜꯒꯤ    ꯑꯋꯥꯡꯕ    ꯊꯥꯛꯀꯤ    ꯉꯥꯛ ꯄꯤꯕ    ꯑꯁꯤ    ꯑ ꯩꯒꯤ    ꯏ ꯄꯥ ꯗꯗꯤ    ꯃꯍꯧ ꯁꯥ    ꯑꯣꯏ ꯗꯦ꯫ ,52,16
121,"ꯂꯥꯟꯍꯧ ꯑꯁꯤꯅ ꯁꯔ ꯍꯦꯟꯔꯤꯕꯨ ꯃꯥꯑꯣꯡ ꯑꯃꯗ ꯄꯦꯟꯍꯜꯂꯝꯃꯤ, ꯃꯔꯝꯗꯤ ꯍꯧꯖꯤꯛꯀꯤ ꯑꯣꯏꯅ ꯃꯍꯥꯛꯀꯤ ꯏꯪꯂꯤꯁ ꯔꯦꯖꯤꯃꯦꯟꯇ ꯑꯃꯁꯨꯡ ꯏꯪꯂꯤꯁꯇ ꯇꯝꯊꯤ ꯇꯝꯊꯤꯕ ꯆꯥꯡꯌꯦꯡꯗ ꯄꯨꯛꯆꯦꯜ ꯁꯦꯡꯅ ꯇꯨꯡꯏꯟꯒꯅꯤꯅ ꯎꯠꯂꯕ ꯁꯤꯈꯁꯤꯡꯒꯤ ꯑꯃꯗꯤ ꯍꯤꯡꯗꯨꯁꯊꯥꯅꯤꯁꯤꯡꯒꯤ ꯔꯦꯒꯤꯃꯦꯠꯇ ꯑꯅꯤ ꯌꯥꯎꯕ ꯈꯟꯒꯠꯂꯕ ꯑꯃꯁꯨꯡ ꯄꯨꯛꯆꯦꯜ ꯁꯦꯡꯅ ꯇꯨꯡꯏꯟꯕ ꯂꯥꯟꯃꯤ ꯃꯍꯥꯛꯀꯤ ꯂꯩꯔꯝꯃꯤ꯫","ꯂꯥꯟ ꯍꯧ    ꯑꯁꯤꯅ    ꯁꯔ    ꯍꯦꯟ ꯔꯤ ꯕꯨ    ꯃꯥ ꯑꯣ ꯡ    ꯑꯃꯗ    ꯄꯦꯟ ꯍꯜꯂ ꯝ ꯃꯤ,    ꯃꯔꯝꯗꯤ    ꯍꯧꯖꯤꯛꯀꯤ    ꯑꯣꯏꯅ    ꯃꯍꯥꯛꯀꯤ    ꯏꯪꯂꯤꯁ    ꯔꯦꯖꯤ ꯃꯦꯟ ꯇ    ꯑꯃꯁꯨꯡ    ꯏꯪꯂꯤ ꯁꯇ    ꯇꯝ ꯊꯤ    ꯇꯝ ꯊꯤꯕ    ꯆꯥꯡ ꯌꯦꯡ ꯗ    ꯄꯨꯛ ꯆꯦꯜ    ꯁꯦꯡꯅ    ꯇꯨꯡ ꯏꯟ ꯒ ꯅꯤꯅ    ꯎꯠ ꯂꯕ    ꯁꯤꯈ ꯁꯤꯡꯒꯤ    ꯑꯃꯗꯤ    ꯍꯤꯡ ꯗꯨ ꯁ ꯊꯥ ꯅꯤ ꯁꯤꯡꯒꯤ    ꯔꯦ ꯒꯤ ꯃꯦ ꯠꯇ    ꯑꯅꯤ    ꯌꯥꯎꯕ    ꯈꯟꯒꯠ ꯂꯕ    ꯑꯃꯁꯨꯡ    ꯄꯨꯛ ꯆꯦꯜ    ꯁꯦꯡꯅ    ꯇꯨꯡ ꯏꯟ ꯕ    ꯂꯥꯟꯃꯤ    ꯃꯍꯥꯛꯀꯤ    ꯂꯩꯔꯝꯃꯤ꯫ ",208,69
122,"ꯈꯨꯠꯂꯥꯏꯁꯤꯟ ꯁꯤꯟ ꯂꯥꯡꯉꯝꯃꯤ, ꯑꯌꯨꯛꯀꯤ ꯆꯥꯅꯕ ꯁꯦꯝ ꯁꯥꯕ ꯂꯣꯏꯈꯤ, ꯆꯥꯛ ꯂꯥꯝꯃꯕ ꯆꯤꯟꯁꯤꯡꯗꯨꯅ ꯑꯍꯥꯟꯕ ꯆꯈꯣꯝ ꯑꯗꯨ ꯁꯥꯏꯔꯝꯃꯤ; ꯃꯍꯤ ꯊꯛꯅꯕꯒꯤ ꯀꯞꯁꯤꯡ ꯑꯗꯨ ꯍꯩꯗꯨꯅ ꯊꯟꯍꯟꯕ ꯂꯣꯏꯈꯤ ꯫","ꯈꯨꯠꯂꯥꯏ ꯁꯤꯟ    ꯁꯤꯟ    ꯂꯥꯡ ꯉꯝ ꯃꯤ,    ꯑꯌꯨ ꯛꯀꯤ    ꯆꯥꯅꯕ    ꯁꯦꯝ    ꯁꯥꯕ    ꯂꯣꯏ ꯈꯤ,    ꯆꯥꯛ    ꯂꯥ ꯝꯃ ꯕ    ꯆꯤꯟ ꯁꯤꯡ ꯗꯨꯅ    ꯑꯍꯥꯟꯕ    ꯆ ꯈꯣ ꯝ    ꯑꯗꯨ    ꯁꯥꯏ ꯔꯝ ꯃꯤ ;    ꯃ ꯍꯤ    ꯊꯛ ꯅꯕꯒꯤ    ꯀ ꯞꯁꯤꯡ    ꯑꯗꯨ    ꯍꯩ ꯗꯨꯅ    ꯊ ꯟ ꯍꯟꯕ    ꯂꯣꯏ ꯈꯤ    ꯫ ",112,44
123,"ꯕꯔꯤꯇꯦꯟꯒꯤ ꯂꯥꯟꯃꯤꯁꯤꯡ, ꯅꯈꯣꯏꯒꯤ ꯍꯛꯆꯥꯡꯗ ꯅꯤꯡꯇꯝꯅ ꯆꯦꯜꯂꯤꯕ ꯏꯗꯨꯅ ꯅꯠꯇꯕ ꯅꯈꯣꯏꯒꯤ ꯄꯤꯁꯨꯝꯒꯤ ꯍꯨꯃꯥꯡꯗꯨꯅ ꯅꯈꯣꯏꯒꯤ ꯑꯌꯨꯛꯀꯤ ꯆꯥꯅꯕ ꯇꯥꯜꯂꯕꯅꯤ; ꯃꯔꯝ ꯑꯗꯨꯅ ꯍꯩꯅꯧꯒꯤ ꯎꯔꯛ ꯑꯁꯤꯒꯤ ꯃꯔꯨꯝ ꯑꯁꯤꯗ ꯅꯈꯣꯏꯒꯤ ꯂꯨꯆꯤꯡꯕꯁꯤꯡꯒ ꯑꯌꯨꯛꯀꯤ ꯆꯥꯅꯕ ꯑꯗꯨ ꯆꯥꯃꯤꯟꯅꯔꯣ꯫","ꯕ ꯔꯤ ꯇꯦꯟ ꯒꯤ    ꯂꯥꯟꯃꯤ ꯁꯤꯡ,    ꯅꯈ ꯣꯏꯒꯤ    ꯍꯛ ꯆꯥꯡꯗ    ꯅꯤꯡ ꯇꯝ ꯅ    ꯆꯦꯜꯂꯤꯕ    ꯏ ꯗꯨꯅ    ꯅꯠꯇꯕ    ꯅꯈ ꯣꯏꯒꯤ    ꯄꯤ ꯁꯨ ꯝꯒꯤ    ꯍꯨ ꯃꯥꯡ ꯗꯨꯅ    ꯅꯈ ꯣꯏꯒꯤ    ꯑꯌꯨ ꯛꯀꯤ    ꯆꯥꯅꯕ    ꯇꯥ ꯜꯂ ꯕ ꯅꯤ ;    ꯃꯔꯝ    ꯑꯗꯨꯅ    ꯍꯩ ꯅꯧ ꯒꯤ    ꯎ ꯔꯛ    ꯑꯁꯤꯒꯤ    ꯃꯔꯨ ꯝ    ꯑꯁꯤꯗ    ꯅꯈ ꯣꯏꯒꯤ    ꯂꯨꯆꯤꯡ ꯕ ꯁꯤꯡꯒ    ꯑꯌꯨ ꯛꯀꯤ    ꯆꯥꯅꯕ    ꯑꯗꯨ    ꯆꯥ ꯃꯤꯟ ꯅ ꯔꯣ ꯫ ",161,60
124,"ꯃꯔꯨ ꯑꯃꯕꯨ ꯄꯥꯝꯕꯤ ꯃꯆꯥ ꯑꯃ ꯑꯣꯏꯅ ꯍꯧꯕ,ꯃꯗꯨꯅ ꯑꯃꯨꯛ ꯍꯧꯒꯠꯂꯒ ꯄꯥꯝꯕꯤ ꯑꯃ ꯑꯣꯏꯅ ꯆꯥꯎꯈꯠꯄ, ꯅꯠꯇ꯭ꯔꯒ ꯍꯨꯏꯅꯥꯎꯁꯤꯡꯅ ꯍꯨꯏꯁꯤꯡꯗ ꯆꯥꯎꯈꯠꯂꯛꯄ, ꯍꯧꯗꯣꯡ ꯃꯆꯥꯁꯤꯡꯅ ꯍꯧꯗꯣꯡꯗ ꯆꯥꯎꯈꯠꯄ ꯑꯁꯤꯅ ꯆꯤꯡꯕ ꯅꯍꯥꯛꯅ ꯎꯔꯝꯃꯒꯅꯤ꯫","ꯃꯔꯨ    ꯑꯃꯕꯨ    ꯄꯥꯝꯕꯤ    ꯃꯆꯥ    ꯑꯃ    ꯑꯣꯏꯅ    ꯍꯧ ꯕ , ꯃꯗꯨꯅ    ꯑꯃꯨꯛ    ꯍꯧ ꯒꯠ ꯂꯒ    ꯄꯥꯝꯕꯤ    ꯑꯃ    ꯑꯣꯏꯅ    ꯆꯥꯎꯈꯠ ꯄ,    ꯅꯠꯇ꯭ꯔꯒ    ꯍꯨ ꯏ ꯅꯥꯎ ꯁꯤꯡꯅ    ꯍꯨ ꯏꯁꯤꯡꯗ    ꯆꯥꯎꯈꯠꯂꯛ ꯄ,    ꯍꯧ ꯗꯣ ꯡ    ꯃꯆꯥ ꯁꯤꯡꯅ    ꯍꯧ ꯗ ꯣꯡ ꯗ    ꯆꯥꯎꯈꯠꯄ    ꯑꯁꯤꯅ    ꯆꯤꯡ ꯕ    ꯅꯍꯥꯛꯅ    ꯎ ꯔꯝ ꯃ ꯒꯅꯤ꯫ ",134,46
125,ꯅꯨꯄꯥꯃꯆꯥꯁꯤꯡꯁꯨ ꯁꯦꯛꯆꯨꯑꯦꯜ ꯑꯦꯕ꯭ꯌꯨꯁꯇꯒꯤ ꯆꯞ ꯃꯥꯟꯅꯅ ꯈꯨꯗꯣꯡꯊꯤꯅꯤꯉꯥꯏ ꯑꯣꯏ꯫,ꯅꯨꯄꯥ ꯃꯆꯥ ꯁꯤꯡꯁꯨ    ꯁꯦꯛ ꯆꯨ ꯑꯦꯜ    ꯑꯦ ꯕ꯭ꯌꯨ ꯁꯇꯒꯤ    ꯆꯞ    ꯃꯥꯟꯅꯅ    ꯈꯨꯗꯣꯡꯊꯤ ꯅꯤꯉꯥꯏ    ꯑꯣꯏ꯫ ,53,14
126,"ꯍꯧꯔꯛꯂꯤꯕ ꯃꯩꯗꯨꯅ ꯖꯥꯟꯁꯤꯗ ꯃꯥꯡ-ꯇꯥꯛꯍꯟꯕ ꯊꯣꯛꯍꯟꯕꯒꯤ ꯊꯕꯛ ꯇꯧꯔꯤꯉꯥꯏꯗ, ꯕꯥꯡꯀꯥꯅ ꯃꯍꯥꯛꯀꯤ ꯃꯆꯥꯅꯨꯄꯁꯤꯡꯅ ꯃꯈꯣꯏꯒꯤ ꯊꯥꯡ ꯁꯠꯇꯣꯛꯅꯕ ꯊꯧꯔꯥꯡ ꯇꯧꯈꯔꯦ ꯍꯥꯏꯕꯗꯨ ꯎꯕꯗ, ꯀꯔꯤꯒꯨꯝꯕ ꯃꯈꯣꯏꯅ ꯊꯥꯡ ꯑꯗꯨ ꯍꯥꯞꯆꯟꯗ꯭ꯔꯕꯗꯤ ꯃꯍꯥꯛ ꯃꯁꯥꯅ ꯕ꯭ꯔꯤꯇꯤꯁꯁꯤꯡꯗ ꯃꯈꯣꯏꯅ ꯇꯧꯅꯤꯡꯂꯤꯕꯗꯨ ꯍꯥꯏꯗꯣꯛꯀꯅꯤ ꯑꯃꯁꯨꯡ ꯃꯈꯣꯏꯕꯨ ꯃꯉꯛ ꯀꯛꯅꯕ ꯄꯥꯎꯇꯥꯛ ꯄꯤꯒꯅꯤ ꯍꯥꯏꯅ ꯃꯈꯣꯏꯕꯨ ꯀꯤꯍꯟꯈꯤ꯫","ꯍꯧꯔꯛ ꯂꯤꯕ    ꯃꯩ ꯗꯨꯅ    ꯖ ꯥꯟ ꯁꯤꯗ    ꯃꯥꯡ -ꯇꯥꯛ ꯍꯟꯕ    ꯊꯣꯛꯍꯟ ꯕꯒꯤ    ꯊꯕꯛ    ꯇꯧ ꯔꯤ ꯉꯥꯏ ꯗ,    ꯕꯥꯡ ꯀꯥꯅ    ꯃꯍꯥꯛꯀꯤ    ꯃꯆꯥ ꯅꯨ ꯄꯁꯤꯡꯅ    ꯃꯈꯣꯏꯒꯤ    ꯊꯥꯡ    ꯁ ꯠꯇ ꯣꯛ ꯅꯕ    ꯊꯧꯔꯥꯡ    ꯇꯧ ꯈ ꯔꯦ    ꯍꯥꯏꯕꯗꯨ    ꯎ ꯕꯗ,    ꯀꯔꯤꯒꯨꯝꯕ    ꯃꯈꯣꯏꯅ    ꯊꯥꯡ    ꯑꯗꯨ    ꯍꯥꯞ ꯆꯟꯗ꯭ꯔ ꯕꯗꯤ    ꯃꯍꯥꯛ    ꯃꯁꯥꯅ    ꯕ꯭ꯔꯤꯇꯤ ꯁ ꯁꯤꯡꯗ    ꯃꯈꯣꯏꯅ    ꯇꯧ ꯅꯤꯡ ꯂꯤꯕ ꯗꯨ    ꯍꯥꯏ ꯗꯣꯛ ꯀꯅꯤ    ꯑꯃꯁꯨꯡ    ꯃꯈꯣꯏꯕꯨ    ꯃꯉ ꯛ    ꯀ ꯛꯅꯕ    ꯄꯥꯎꯇꯥꯛ    ꯄꯤ ꯒꯅꯤ    ꯍꯥꯏꯅ    ꯃꯈꯣꯏꯕꯨ    ꯀꯤ ꯍꯟꯈꯤ꯫ ",224,69
127,ꯁ꯭ꯇꯟ꯭ꯇ ꯐꯤꯂꯝ ꯑꯁꯤꯕꯨ ꯄꯥꯝꯅꯕ ꯑꯣꯏꯍꯟꯕꯒꯤ ꯑꯆꯧꯕ ꯊꯧꯗꯥꯡ ꯂꯧꯈꯤꯕ ꯐꯤꯂꯝꯃꯦꯀꯔꯁꯤꯡꯗꯤ ꯋꯥꯗꯤꯌꯥ ꯃꯨꯚꯤꯇꯣꯟꯒꯤ ꯖꯦ,ꯁ꯭ꯇ ꯟ ꯭ꯇ    ꯐꯤ ꯂꯝ    ꯑꯁꯤꯕꯨ    ꯄꯥꯝꯅꯕ    ꯑꯣꯏ ꯍꯟꯕꯒꯤ    ꯑꯆꯧꯕ    ꯊꯧꯗꯥꯡ    ꯂꯧꯈꯤꯕ    ꯐꯤ ꯂꯝ ꯃꯦ ꯀꯔ ꯁꯤꯡꯗꯤ    ꯋꯥ ꯗꯤꯌꯥ    ꯃꯨ ꯚꯤ ꯇꯣ ꯟꯒꯤ    ꯖꯦ ,72,24
128,ꯕꯤ,ꯕꯤ ,2,1
129,ꯑꯩꯆ,ꯑꯩ ꯆ ,3,2
130,ꯋꯥꯗꯤꯌꯥ ꯑꯃꯁꯨꯡ ꯃꯍꯥꯛꯀꯤ ꯃꯅꯥꯎꯅꯨꯄꯥ ꯍꯣꯃꯤ ꯋꯥꯗꯤꯌꯥꯅꯤ꯫,ꯋꯥ ꯗꯤꯌꯥ    ꯑꯃꯁꯨꯡ    ꯃꯍꯥꯛꯀꯤ    ꯃꯅꯥꯎ ꯅꯨꯄꯥ    ꯍꯣ ꯃꯤ    ꯋꯥ ꯗꯤ ꯌꯥ ꯅꯤ꯫ ,38,12
131,ꯆꯦꯜꯂꯤꯕ ꯇ꯭ꯔꯦꯟꯒꯤ ꯃꯊꯛꯇ ꯐꯨꯅꯕ ꯀꯌꯥꯒꯤ ꯄꯔꯤꯡ ꯀꯌꯥ ꯌꯥꯎꯕ ꯇ꯭ꯔꯦꯟ ꯂꯝꯕꯤꯒꯤ ꯊ꯭ꯔꯤꯂꯔ ꯇꯨꯐꯥꯟ ꯃꯦꯜ (꯱꯹꯳꯲) ꯗꯒꯤ ꯍꯧꯗꯨꯅ ꯃꯈꯣꯏ ꯃꯁꯤꯒꯤ ꯃꯑꯣꯡ ꯑꯁꯤꯒꯤ ꯅꯤꯡꯊꯧ ꯑꯣꯏꯔꯛꯈꯤ꯫,ꯆꯦꯜꯂꯤꯕ    ꯇ꯭ꯔ ꯦꯟ ꯒꯤ    ꯃꯊꯛꯇ    ꯐꯨ ꯅꯕ    ꯀꯌꯥꯒꯤ    ꯄꯔꯤꯡ    ꯀꯌꯥ    ꯌꯥꯎꯕ    ꯇ꯭ꯔ ꯦꯟ    ꯂꯝꯕꯤꯒꯤ    ꯊ꯭ꯔꯤ ꯂꯔ    ꯇꯨ ꯐ ꯥꯟ    ꯃꯦꯜ    ( ꯱꯹꯳ ꯲ )    ꯗꯒꯤ    ꯍꯧ ꯗꯨꯅ    ꯃꯈꯣꯏ    ꯃꯁꯤꯒꯤ    ꯃꯑꯣꯡ    ꯑꯁꯤꯒꯤ    ꯅꯤꯡꯊꯧ    ꯑꯣꯏꯔꯛꯈꯤ꯫ ,107,33
132,"ꯑꯁꯥꯃꯤꯁ ꯃꯃꯤ ꯀꯨꯝꯍꯩ ꯑꯁꯤ ꯑꯁꯥꯃꯤꯁ ꯂꯣꯟꯗ ꯑꯣꯏꯕ, ꯃꯔꯨꯑꯣꯏꯅ ꯏꯟꯗꯤꯌꯥꯒꯤ ꯑꯁꯥꯝꯗ ꯌꯦꯡꯅꯕ ꯃꯃꯤ ꯀꯨꯝꯍꯩꯅꯤ꯫","ꯑꯁꯥ ꯃꯤꯁ    ꯃꯃꯤ    ꯀꯨꯝꯍꯩ    ꯑꯁꯤ    ꯑꯁꯥ ꯃꯤꯁ    ꯂꯣꯟꯗ    ꯑꯣꯏꯕ,    ꯃꯔꯨꯑꯣꯏꯅ    ꯏꯟꯗꯤꯌꯥꯒꯤ    ꯑꯁꯥ ꯝꯗ    ꯌꯦꯡꯅꯕ    ꯃꯃꯤ    ꯀꯨꯝꯍꯩ ꯅꯤ꯫ ",68,17
133,ꯀ꯭ꯂꯥꯁꯤꯛ ꯑꯣꯏꯕꯁꯤꯡꯗꯒꯤ ꯂꯧꯊꯣꯛꯄ ꯑꯁꯤ ꯃꯥꯅꯕ ꯋꯥꯠꯂꯤ꯫,ꯀ꯭ꯂꯥꯁꯤ ꯛ    ꯑꯣꯏꯕ ꯁꯤꯡꯗꯒꯤ    ꯂꯧꯊꯣꯛꯄ    ꯑꯁꯤ    ꯃꯥ ꯅꯕ    ꯋꯥꯠ ꯂꯤ꯫ ,36,10
134,"ꯃꯔꯨ ꯑꯣꯏꯅ, ꯉꯍꯥꯛꯀꯤ ꯑꯣꯏꯕ ꯁꯦꯝꯗꯣꯛ ꯁꯦꯝꯖꯤꯟ ꯑꯗꯨꯗꯒꯤ ꯃꯔꯝ ꯑꯁꯤꯅ ꯇꯧꯒꯦꯅꯇꯧꯕ ꯊꯣꯛꯍꯜꯂꯤ꯫","ꯃꯔꯨ    ꯑꯣꯏꯅ,    ꯉ ꯍꯥꯛ ꯀꯤ    ꯑꯣꯏꯕ    ꯁꯦꯝ ꯗꯣꯛ    ꯁꯦꯝꯖꯤꯟ    ꯑꯗꯨꯗꯒꯤ    ꯃꯔꯝ    ꯑꯁꯤꯅ    ꯇꯧ ꯒꯦ ꯅ ꯇꯧꯕ    ꯊꯣꯛꯍꯜꯂꯤ꯫ ",59,17
135,ꯃꯈꯣꯏꯅ ꯎꯄꯟꯅꯤꯌꯥꯁ ꯑꯗꯨ ꯀꯔꯤꯅꯣꯃꯗ ꯑꯣꯏꯅ ꯁꯦꯝꯗꯣꯛꯏ ꯑꯃꯁꯨꯡ ꯐꯣꯜꯅ ꯖꯥꯟꯔꯥ ꯀꯌꯥꯒꯤ ꯌꯥꯟꯓꯟꯅꯕ ꯁꯦꯡꯗꯕ ꯑꯔꯥꯡꯕ ꯃꯑꯣꯡ ꯑꯣꯏ꯫,ꯃꯈꯣꯏꯅ    ꯎ ꯄꯟ ꯅꯤ ꯌꯥ ꯁ    ꯑꯗꯨ    ꯀꯔꯤ ꯅꯣ ꯃꯗ    ꯑꯣꯏꯅ    ꯁꯦꯝꯗꯣꯛ ꯏ    ꯑꯃꯁꯨꯡ    ꯐꯣ ꯜꯅ    ꯖ ꯥꯟ ꯔꯥ    ꯀꯌꯥꯒꯤ    ꯌꯥꯟ ꯓ ꯟ ꯅꯕ    ꯁꯦꯡ ꯗꯕ    ꯑꯔ ꯥꯡꯕ    ꯃꯑꯣꯡ    ꯑꯣꯏ꯫ ,78,30
136,ꯑꯦꯐ,ꯑꯦ ꯐ ,3,2
137,ꯇꯤ,ꯇꯤ ,2,1
138,ꯑꯥꯏ,ꯑ ꯥꯏ ,3,2
139,ꯑꯥꯏ,ꯑ ꯥꯏ ,3,2
140,ꯅ ꯏꯪ ꯲꯰꯲꯰ꯒꯤ ꯖꯨꯟ ꯱꯵ꯗꯒꯤ ꯖꯨꯂꯥꯏ ꯱꯱ ꯐꯥꯎꯕ ꯏꯍꯥꯟ-ꯍꯥꯟꯕ ꯑꯣꯟꯂꯥꯏꯟ ꯐꯤꯂꯝ ꯑꯄ꯭ꯔꯤꯁꯤꯑꯦꯁꯟ ꯀꯣꯔꯁ ꯑꯗꯨ ꯍꯧꯗꯣꯛꯈꯤ꯫,ꯅ    ꯏꯪ    ꯲꯰꯲꯰ꯒꯤ    ꯖꯨꯟ    ꯱꯵ ꯗꯒꯤ    ꯖꯨꯂꯥꯏ    ꯱꯱    ꯐꯥꯎꯕ    ꯏ ꯍꯥꯟ - ꯍ ꯥꯟꯕ    ꯑꯣꯟꯂꯥꯏꯟ    ꯐꯤ ꯂꯝ    ꯑ ꯄ꯭ꯔꯤ ꯁꯤ ꯑꯦꯁ ꯟ    ꯀꯣꯔ ꯁ    ꯑꯗꯨ    ꯍꯧꯗꯣꯛꯈꯤ꯫ ,74,26
141,"ꯀꯣꯔꯁ ꯑꯗꯨ ꯅꯦꯁꯅꯦꯜ ꯐꯤꯂꯝ ꯑꯥꯔꯀꯥꯏꯕꯁ ꯑꯣꯐ ꯏꯟꯗꯤꯌꯥ, ꯄꯨꯅꯦꯒ ꯈꯨꯠꯁꯝꯅꯔꯒ ꯄꯥꯡꯊꯣꯛꯈꯤ꯫","ꯀꯣꯔ ꯁ    ꯑꯗꯨ    ꯅꯦꯁꯅꯦꯜ    ꯐꯤ ꯂꯝ    ꯑꯥꯔ ꯀꯥꯏ ꯕꯁ    ꯑꯣꯐ    ꯏꯟꯗꯤ ꯌꯥ,    ꯄꯨ ꯅꯦ ꯒ    ꯈꯨꯠ ꯁꯝꯅ ꯔꯒ    ꯄꯥꯡꯊꯣꯛꯈꯤ꯫ ",57,19
142,"ꯆꯣꯔꯐꯣꯟ ꯃꯆꯨꯒꯤ ꯑꯁꯪꯕ ꯆꯤꯐꯣꯟ ꯁꯥꯔꯤ ꯑꯃ ꯁꯦꯠꯇꯨꯅ, ꯐꯥꯠꯃꯥꯑꯩꯍꯛꯅ ꯋꯥꯈꯜꯗ ꯁꯥꯒꯠꯂꯨꯕ ꯕꯦꯒꯨꯝ ꯑꯗꯨ ꯆꯞ ꯆꯥꯟꯅ ꯃꯥꯜꯂꯝꯃꯤ꯫","ꯆꯣ ꯔ ꯐꯣꯟ    ꯃꯆꯨꯒꯤ    ꯑ ꯁꯪꯕ    ꯆꯤ ꯐꯣꯟ    ꯁꯥꯔ ꯤ    ꯑꯃ    ꯁꯦꯠ ꯇꯨ ꯅ,    ꯐꯥ ꯠ ꯃꯥ ꯑꯩ ꯍꯛ ꯅ    ꯋꯥꯈ ꯜꯗ    ꯁꯥꯒꯠ ꯂꯨꯕ    ꯕꯦ ꯒꯨꯝ    ꯑꯗꯨ    ꯆꯞ    ꯆꯥꯟ ꯅ    ꯃꯥ ꯜꯂ ꯝꯃꯤ꯫ ",77,33
143,ꯐꯣꯡꯒꯗꯩꯔꯤꯕ ꯂꯥꯏꯔꯤꯛ ꯑꯃꯗꯒꯤ ꯂꯧꯊꯣꯛꯄ ꯃꯍꯥꯛꯀꯤ ꯑꯥꯔꯇꯤꯀꯜꯅ ꯑꯦꯛꯁꯄ꯭ꯂꯣꯏꯇꯦꯁꯟ ꯁꯤꯅꯦꯃꯥꯒꯤ ꯑꯔꯣꯠꯄ ꯁꯪꯁꯥꯔ ꯑꯗꯨꯒꯤ ꯃꯌꯦꯛ ꯂꯥꯕ ꯃꯃꯤ ꯑꯃ ꯎꯠꯂꯤ꯫,ꯐꯣꯡ ꯒꯗ ꯩ ꯔꯤꯕ    ꯂꯥꯏꯔꯤꯛ    ꯑꯃꯗꯒꯤ    ꯂꯧꯊꯣꯛꯄ    ꯃꯍꯥꯛꯀꯤ    ꯑꯥꯔꯇꯤ ꯀ ꯜꯅ    ꯑꯦꯛꯁ ꯄ꯭ ꯂꯣꯏ ꯇꯦꯁꯟ    ꯁꯤꯅꯦ ꯃꯥꯒꯤ    ꯑꯔꯣ ꯠꯄ    ꯁꯪ ꯁ ꯥꯔ    ꯑꯗꯨꯒꯤ    ꯃꯌꯦꯛ    ꯂꯥ ꯕ    ꯃꯃꯤ    ꯑꯃ    ꯎꯠꯂꯤ꯫ ,93,29
144,ꯐꯨꯜ ꯐꯤꯆꯔꯒꯤ ꯑꯁꯥꯡꯕ ꯑꯣꯏꯕ ꯀꯂꯔ ꯑꯃꯁꯨꯡ ꯃꯈꯣꯟ ꯌꯥꯎꯕ ꯀꯥꯔꯇꯨꯟꯁꯤꯡ ꯑꯁꯤ ꯑꯈꯟꯅꯕ ꯑꯣꯁꯀꯥꯔ ꯐꯪꯈꯤꯕ ꯃꯍꯥꯛꯀꯤ ꯁ꯭ꯅꯣ ꯋꯥꯏꯠ ꯑꯦꯟ ꯗꯤ ꯁꯦꯕꯦꯟ ꯗ꯭ꯋꯥꯔꯐꯁ (꯱꯹꯳꯷)ꯅ ꯃꯔꯝ ꯑꯣꯏꯗꯨꯅ ꯊꯣꯏꯗꯣꯛ ꯍꯦꯟꯗꯣꯛꯅ ꯃꯥꯏ ꯄꯥꯛꯂꯛꯈꯤ꯫,ꯐꯨ ꯜ    ꯐꯤ ꯆ ꯔꯒꯤ    ꯑꯁꯥꯡꯕ    ꯑꯣꯏꯕ    ꯀ ꯂꯔ    ꯑꯃꯁꯨꯡ    ꯃꯈꯣ ꯟ    ꯌꯥꯎꯕ    ꯀꯥꯔ ꯇꯨ ꯟꯁꯤꯡ    ꯑꯁꯤ    ꯑꯈꯟꯅꯕ    ꯑꯣ ꯁ ꯀꯥꯔ    ꯐꯪꯈꯤꯕ    ꯃꯍꯥꯛꯀꯤ    ꯁ꯭ ꯅꯣ    ꯋꯥꯏ ꯠ    ꯑꯦꯟ    ꯗꯤ    ꯁꯦ ꯕ ꯦꯟ    ꯗ꯭ ꯋꯥꯔ ꯐ ꯁ    ( ꯱꯹꯳ ꯷ )ꯅ    ꯃꯔꯝ    ꯑꯣꯏꯗꯨꯅ    ꯊꯣꯏ ꯗꯣꯛ    ꯍꯦꯟꯗꯣꯛ ꯅ    ꯃꯥꯏ    ꯄꯥꯛ ꯂꯛꯈꯤ꯫ ,133,49
145,"ꯃꯍꯥꯛꯅ ꯁꯥꯎꯟꯇ꯭ꯔꯦꯛ ꯑꯗꯨ, ꯃꯆꯜ-ꯃꯔꯨ ꯑꯣꯏꯅ, ꯆꯠꯅꯔꯤꯕ ꯑꯥꯔꯀꯤꯇꯥꯏꯞꯁꯤꯡꯕꯨ ꯑꯍꯣꯡꯕ ꯂꯩꯇꯅ ꯆꯞ ꯃꯥꯟꯅꯅ ꯄꯥꯂꯟ ꯇꯧꯕ ꯑꯃꯅꯤ ꯍꯥꯏꯅ ꯍꯥꯏ꯫","ꯃꯍꯥꯛꯅ    ꯁꯥꯎ ꯟ ꯇ꯭ꯔꯦꯛ    ꯑꯗꯨ ,    ꯃꯆ ꯜ- ꯃꯔꯨ    ꯑꯣꯏꯅ,    ꯆꯠꯅꯔꯤꯕ    ꯑꯥꯔꯀꯤ ꯇꯥꯏ ꯞ ꯁꯤꯡꯕꯨ    ꯑꯍꯣꯡꯕ    ꯂꯩꯇꯅ    ꯆꯞ    ꯃꯥꯟꯅꯅ    ꯄꯥ ꯂꯟ    ꯇꯧꯕ    ꯑꯃꯅꯤ    ꯍꯥꯏꯅ    ꯍꯥꯏ꯫ ",85,25
146,"ꯏꯪ ꯱꯹꯱꯲ꯗ ꯗꯥꯗꯥꯁꯥꯍꯦꯕ ꯐꯥꯜꯀꯦꯅ ꯈ꯭ꯋꯥꯏꯗꯒꯤ ꯑꯍꯥꯟꯕ ꯏꯟꯗꯤꯌꯥꯒꯤ ꯑꯦꯅꯤꯃꯦꯁꯟ ꯃꯨꯚꯤ ꯑꯗꯨ ꯄꯨꯊꯣꯛꯈꯤ, ꯃꯗꯨꯒꯤ ꯃꯈꯥ ꯆꯍꯤ ꯴꯰ ꯍꯦꯟꯅ ꯑꯗꯨꯒꯨꯝꯕ ꯑꯃꯠꯇ ꯄꯨꯊꯣꯛꯈꯤꯗꯦ꯫","ꯏꯪ    ꯱꯹ ꯱ ꯲ꯗ    ꯗꯥ ꯗꯥ ꯁꯥ ꯍꯦ ꯕ    ꯐꯥ ꯜ ꯀꯦ ꯅ    ꯈ꯭ꯋꯥꯏꯗꯒꯤ    ꯑꯍꯥꯟꯕ    ꯏꯟꯗꯤꯌꯥꯒꯤ    ꯑꯦꯅꯤ ꯃꯦꯁꯟ    ꯃꯨ ꯚꯤ    ꯑꯗꯨ    ꯄꯨꯊꯣꯛ ꯈꯤ,    ꯃꯗꯨꯒꯤ    ꯃꯈꯥ    ꯆꯍꯤ    ꯴꯰    ꯍꯦꯟꯅ    ꯑꯗꯨ ꯒꯨꯝꯕ    ꯑꯃꯠꯇ    ꯄꯨꯊꯣꯛ ꯈꯤꯗꯦ꯫ ",104,33
147,"ꯏꯪ ꯱꯹꯵꯶ꯇ ꯐꯤꯂꯝꯁ ꯗꯤꯕꯤꯖꯟꯅ ꯀꯥꯔꯇꯨꯟ ꯐꯤꯂꯝ ꯌꯨꯅꯤꯠ ꯑꯃ ꯂꯤꯡꯈꯠꯈꯤ, ꯃꯗꯨꯗ ꯚꯦꯇꯔꯥꯟ ꯗꯤꯁꯅꯤ ꯑꯦꯅꯤꯃꯦꯇꯔ ꯀ꯭ꯂꯦꯔ ꯋꯤꯛꯁꯄꯨ ꯃꯍꯩꯔꯣꯏꯁꯤꯡ ꯇꯥꯛꯄꯤ-ꯇꯝꯕꯤꯅꯕ ꯀꯧꯈꯤ꯫","ꯏꯪ    ꯱꯹꯵ ꯶ꯇ    ꯐꯤ ꯂꯝ ꯁ    ꯗꯤꯕꯤꯖ ꯟꯅ    ꯀꯥꯔ ꯇꯨ ꯟ    ꯐꯤ ꯂꯝ    ꯌꯨꯅꯤ ꯠ    ꯑꯃ    ꯂꯤꯡꯈꯠ ꯈꯤ,    ꯃꯗꯨꯗ    ꯚꯦ ꯇꯔ ꯥꯟ    ꯗꯤꯁ ꯅꯤ    ꯑꯦꯅꯤ ꯃꯦ ꯇꯔ    ꯀ꯭ꯂꯦ ꯔ    ꯋꯤ ꯛꯁ ꯄꯨ    ꯃꯍꯩꯔꯣꯏ ꯁꯤꯡ    ꯇꯥꯛ ꯄꯤ - ꯇꯝꯕꯤ ꯅꯕ    ꯀꯧꯈꯤ꯫ ",104,40
148,"ꯚꯥꯔꯠꯀꯤ ꯃꯃꯤ ꯀꯨꯝꯍꯩ ꯑꯁꯤ ꯃꯂꯦꯝꯗ ꯉꯛꯅꯤꯡꯉꯥꯏ ꯑꯣꯏꯔꯕ ꯌꯥꯝꯂꯕ ꯃꯁꯤꯡꯗ ꯃꯃꯤ ꯀꯨꯝꯃꯩ ꯄꯨꯊꯣꯛꯄꯒꯤ ꯃꯃꯤꯡ ꯆꯠꯂꯤ: ꯃꯁꯤꯡ ꯑꯁꯤ ꯂꯦꯞꯇꯅ ꯍꯦꯟꯒꯠꯂꯛꯂꯤ ꯑꯃꯁꯨꯡ ꯏꯀꯨꯏ ꯀꯨꯏꯗ꯭ꯔꯤꯕ ꯄꯥꯎ ꯑꯃꯅ ꯆꯥꯍꯤ ꯑꯃꯗ ꯃꯗꯔꯥꯁ, ꯕꯦꯡꯒꯂꯣꯔ, ꯀꯜꯀꯇꯥ ꯑꯃꯁꯨꯡ ꯍꯥꯏꯗꯔꯕꯥꯗ ꯌꯥꯎꯅ ꯁꯣꯍꯔ ꯇꯣꯉꯥꯟ ꯇꯣꯉꯥꯟꯕꯗ ꯆꯧꯔꯥꯛꯅ ꯃꯃꯤ ꯀꯨꯝꯍꯩ ꯸꯰꯰ ꯄꯨꯊꯣꯛꯏ ꯍꯥꯏꯅ ꯄꯥꯏ꯫","ꯚꯥꯔꯠꯀꯤ    ꯃꯃꯤ    ꯀꯨꯝꯍꯩ    ꯑꯁꯤ    ꯃꯂꯦ ꯝꯗ    ꯉꯛ ꯅꯤꯡꯉꯥꯏ    ꯑꯣꯏꯔꯕ    ꯌꯥꯝꯂꯕ    ꯃ ꯁꯤꯡꯗ    ꯃꯃꯤ    ꯀꯨꯝ ꯃꯩ    ꯄꯨꯊꯣꯛ ꯄꯒꯤ    ꯃꯃꯤꯡ    ꯆꯠ ꯂꯤ :    ꯃꯁꯤꯡ    ꯑꯁꯤ    ꯂꯦꯞꯇꯅ    ꯍꯦꯟꯒꯠꯂꯛ ꯂꯤ    ꯑꯃꯁꯨꯡ    ꯏ ꯀꯨ ꯏ    ꯀꯨꯏ ꯗ꯭ꯔꯤꯕ    ꯄꯥꯎ    ꯑꯃꯅ    ꯆꯥ ꯍꯤ    ꯑꯃꯗ    ꯃꯗ ꯔꯥ ꯁ,    ꯕꯦꯡꯒ ꯂꯣ ꯔ,    ꯀꯜ ꯀ ꯇꯥ    ꯑꯃꯁꯨꯡ    ꯍꯥꯏ ꯗꯔ ꯕꯥꯗ    ꯌꯥꯎꯅ    ꯁꯣ ꯍꯔ    ꯇꯣꯉꯥꯟ    ꯇꯣꯉꯥꯟ ꯕꯗ    ꯆꯧ ꯔꯥꯛ ꯅ    ꯃꯃꯤ    ꯀꯨꯝꯍꯩ    ꯸ ꯰꯰    ꯄꯨꯊꯣꯛ ꯏ    ꯍꯥꯏꯅ    ꯄꯥꯏ ꯫ ",204,68
149,ꯃꯆꯤꯟ ꯃꯅꯥꯎ ꯊꯣꯛꯅꯕ ꯂꯣꯟ ꯑꯅꯤ ꯑꯁꯤ ꯑꯋꯥꯡ ꯊꯪꯕ ꯔꯥꯖ꯭ꯌ ꯇꯔꯨꯛꯇ ꯉꯥꯡꯅꯩ ꯑꯃꯁꯨꯡ ꯚꯥꯔꯠꯀꯤ ꯁꯕ-ꯀꯣꯟꯇꯤꯅꯦꯟ꯭ꯇ ꯈꯛꯇꯗ ꯃꯤ ꯃꯤꯂꯤꯌꯟ ꯵꯰꯰ ꯃꯨꯛ ꯍꯦꯟꯕꯅ ꯈꯪꯕ ꯑꯁꯤꯅ ꯏꯪ ꯱꯹꯳꯱ꯗ ꯚꯥꯔꯠꯀꯤ ꯁꯤꯜꯕꯔ ꯏꯁꯀ꯭ꯔꯤꯟꯗ ꯃꯈꯣꯟ ꯂꯥꯛꯄ ꯃꯇꯝꯗ ꯍꯤꯟꯗꯤ ꯑꯃꯁꯨꯡ ꯎꯔꯗꯨꯕꯨ ꯑꯣꯐꯤꯁꯤꯌꯦꯜ ꯑꯣꯏꯕ ꯚꯥꯔꯠꯀꯤ ꯂꯣꯟ ꯇꯔꯥꯃꯔꯤꯗꯒꯤ ꯃꯊꯛꯇ ꯈꯟꯒꯠꯇꯨꯅ ꯚꯥꯔꯠꯀꯤ ꯄꯣꯄꯨꯂꯔ ꯃꯃꯤ ꯀꯨꯝꯍꯩꯒꯤ ꯂꯣꯟ ꯑꯣꯏꯅ ꯁꯤꯖꯟꯅꯅꯕ ꯆꯞꯆꯥꯕ ꯃꯔꯝ ꯑꯣꯏꯈꯤ꯫,ꯃ ꯆꯤꯟ    ꯃꯅꯥꯎ    ꯊꯣꯛꯅꯕ    ꯂꯣꯟ    ꯑꯅꯤ    ꯑꯁꯤ    ꯑꯋꯥꯡ    ꯊꯪꯕ    ꯔꯥꯖ꯭ꯌ    ꯇꯔꯨ ꯛꯇ    ꯉꯥꯡ ꯅꯩ    ꯑꯃꯁꯨꯡ    ꯚꯥꯔꯠꯀꯤ    ꯁꯕ- ꯀꯣꯟ ꯇꯤ ꯅꯦꯟ ꯭ꯇ    ꯈꯛꯇꯗ    ꯃꯤ    ꯃꯤꯂꯤꯌꯟ    ꯵꯰꯰    ꯃꯨꯛ    ꯍꯦꯟ ꯕꯅ    ꯈꯪꯕ    ꯑꯁꯤꯅ    ꯏꯪ    ꯱꯹꯳ ꯱ꯗ    ꯚꯥꯔꯠꯀꯤ    ꯁꯤꯜ ꯕꯔ    ꯏꯁ ꯀ꯭ꯔꯤ ꯟꯗ    ꯃꯈꯣ ꯟ    ꯂꯥꯛꯄ    ꯃꯇꯝꯗ    ꯍꯤꯟꯗꯤ    ꯑꯃꯁꯨꯡ    ꯎꯔ ꯗꯨ ꯕꯨ    ꯑꯣꯐꯤ ꯁꯤꯌꯦꯜ    ꯑꯣꯏꯕ    ꯚꯥꯔꯠꯀꯤ    ꯂꯣꯟ    ꯇꯔꯥ ꯃꯔꯤ ꯗꯒꯤ    ꯃꯊꯛꯇ    ꯈꯟꯒꯠ ꯇꯨꯅ    ꯚꯥꯔꯠꯀꯤ    ꯄꯣ ꯄꯨ ꯂꯔ    ꯃꯃꯤ    ꯀꯨꯝꯍꯩꯒꯤ    ꯂꯣꯟ    ꯑꯣꯏꯅ    ꯁꯤꯖꯟ ꯅꯅꯕ    ꯆ ꯞ ꯆꯥꯕ    ꯃꯔꯝ    ꯑꯣꯏꯈꯤ꯫ ,244,74
150,ꯏꯟꯗꯤꯌꯥꯒꯤ ꯁꯤꯅꯦꯃꯥꯅ ꯀꯝꯄꯣꯖꯤꯠ ꯁꯥꯎꯟꯗ ꯀꯩꯗꯧꯉꯩꯗꯁꯨ ꯚꯥꯞ ꯇꯥꯈꯤꯗꯦ ꯍꯥꯏꯅ ꯆꯦꯟꯅꯩꯒꯤ ꯃꯅꯥ ꯐꯪꯂꯕ ꯃꯃꯤ ꯀꯨꯝꯍꯩ ꯅꯝꯕ ꯑꯃꯁꯨꯡ ꯑꯣꯖꯥ ꯀꯦ,ꯏꯟꯗꯤꯌꯥꯒꯤ    ꯁꯤꯅꯦ ꯃꯥꯅ    ꯀꯝ ꯄꯣꯖꯤ ꯠ    ꯁꯥꯎ ꯟꯗ    ꯀꯩꯗꯧ ꯉꯩ ꯗꯁꯨ    ꯚꯥ ꯞ    ꯇꯥ ꯈꯤꯗꯦ    ꯍꯥꯏꯅ    ꯆꯦꯟ ꯅꯩ ꯒꯤ    ꯃꯅꯥ    ꯐꯪꯂꯕ    ꯃꯃꯤ    ꯀꯨꯝꯍꯩ    ꯅꯝꯕ    ꯑꯃꯁꯨꯡ    ꯑꯣ ꯖꯥ    ꯀꯦ ,85,28
151,ꯍꯔꯤꯍꯔꯟꯅ ꯍꯥꯏ꯫,ꯍꯔꯤ ꯍꯔ ꯟꯅ    ꯍꯥꯏ꯫ ,11,4
152,ꯑꯁꯨꯝꯅ ꯏꯟꯗꯤꯌꯥꯒꯤ ꯃꯃꯤ ꯀꯨꯝꯍꯩ ꯑꯁꯤꯒꯤ ꯌꯨꯔꯣꯞꯀꯤ ꯅꯠꯇ꯭ꯔꯒ ꯑꯃꯦꯔꯤꯀꯥꯒꯤ ꯐꯤꯂꯝ ꯏꯟꯗꯁꯇ꯭ꯔꯤꯒꯨꯝꯅ ꯆꯍꯤ ꯆꯥꯝꯃ ꯍꯦꯟꯅ ꯄꯨꯋꯥꯔꯤ ꯂꯩ꯫,ꯑꯁꯨꯝꯅ    ꯏꯟꯗꯤꯌꯥꯒꯤ    ꯃꯃꯤ    ꯀꯨꯝꯍꯩ    ꯑꯁꯤꯒꯤ    ꯌꯨꯔꯣꯞꯀꯤ    ꯅꯠꯇ꯭ꯔꯒ    ꯑꯃꯦꯔꯤꯀꯥꯒꯤ    ꯐꯤ ꯂꯝ    ꯏꯟꯗꯁꯇ꯭ꯔꯤ ꯒꯨꯝꯅ    ꯆꯍꯤ    ꯆꯥ ꯝꯃ   ꯍꯦꯟꯅ    ꯄꯨꯋꯥꯔꯤ    ꯂꯩ꯫ ,84,18
153,"ꯏꯪ ꯱꯹꯶꯰ꯒꯤ ꯆꯥꯍꯤ ꯇꯔꯥꯒꯤ ꯈꯨꯖꯤꯡꯗ (꯱꯹꯵꯰ꯒꯤ ꯆꯥꯍꯤ ꯇꯔꯥꯒꯤ ꯈꯨꯖꯤꯡꯗ ꯇꯧꯈꯤꯕꯗꯧꯅ) ꯃꯃꯤ ꯀꯨꯝꯍꯩꯒꯤ ꯋꯥꯈꯜꯂꯣꯟ ꯑꯁꯤꯕꯨ ꯑꯃꯨꯛ ꯍꯟꯅ ꯈꯟꯊꯕ ꯑꯁꯤ ꯃꯃꯤ ꯀꯨꯝꯍꯩꯒꯤ ꯑꯐ-ꯐꯠꯇ ꯅꯩꯅꯕꯗꯒꯤ ꯂꯥꯛꯄ ꯅꯠꯇꯦ ꯑꯗꯨꯕꯨ ꯑꯇꯣꯞꯄ ꯂꯝꯗꯒꯤ ꯂꯥꯛꯄꯅꯤ, ꯃꯤꯡ ꯑꯣꯏꯅ ꯍꯥꯏꯔꯕꯗ ꯁꯥꯑꯣꯡꯒꯤ ꯑꯣꯏꯕ ꯂꯣꯟꯃꯤꯠꯂꯣꯟ ꯑꯃꯁꯨꯡ ꯈꯨꯗꯝ ꯏꯪꯒꯤꯠ ꯁꯤꯖꯟꯅꯕꯒꯤ ꯅꯩꯅꯔꯣꯜꯅꯤ꯫","ꯏꯪ    ꯱꯹꯶ ꯰ꯒꯤ    ꯆꯥ ꯍꯤ    ꯇꯔꯥꯒꯤ    ꯈꯨꯖꯤꯡꯗ    ( ꯱꯹꯵ ꯰ꯒꯤ    ꯆꯥ ꯍꯤ    ꯇꯔꯥꯒꯤ    ꯈꯨꯖꯤꯡꯗ    ꯇꯧ ꯈꯤꯕ ꯗꯧ ꯅ )    ꯃꯃꯤ    ꯀꯨꯝꯍꯩꯒꯤ    ꯋꯥꯈꯜꯂꯣꯟ    ꯑꯁꯤꯕꯨ    ꯑꯃꯨꯛ    ꯍꯟꯅ    ꯈꯟ ꯊꯕ    ꯑꯁꯤ    ꯃꯃꯤ    ꯀꯨꯝꯍꯩꯒꯤ    ꯑꯐ - ꯐꯠꯇ    ꯅꯩꯅꯕ ꯗꯒꯤ    ꯂꯥꯛꯄ    ꯅꯠꯇꯦ    ꯑꯗꯨꯕꯨ    ꯑꯇꯣꯞꯄ    ꯂꯝ ꯗꯒꯤ    ꯂꯥꯛ ꯄ ꯅꯤ,    ꯃꯤꯡ    ꯑꯣꯏꯅ    ꯍꯥꯏ ꯔ ꯕꯗ    ꯁꯥ ꯑꯣ ꯡꯒꯤ    ꯑꯣꯏꯕ    ꯂꯣꯟ ꯃꯤꯠ ꯂꯣꯟ    ꯑꯃꯁꯨꯡ    ꯈꯨꯗꯝ    ꯏꯪ ꯒꯤ ꯠ    ꯁꯤꯖꯟ ꯅꯕꯒꯤ    ꯅꯩ ꯅ ꯔꯣ ꯜ ꯅꯤ꯫ ",207,68
154,ꯃꯁꯤꯒꯤ ꯃꯑꯣꯡ ꯑꯁꯤ ꯑꯃꯨꯛ ꯃꯁꯥꯃꯛ ꯍꯟꯒꯅꯤ ꯏꯪ ꯲꯹꯷꯰ꯒꯤ ꯆꯍꯤ ꯇꯔꯥꯒꯤ ꯈꯨꯗꯤꯡꯗ ꯁꯥꯏꯀꯣꯑꯦꯅꯥꯂꯥꯏꯁꯤꯁ ꯑꯃꯁꯨꯡ ꯐꯤꯂꯣꯁꯣꯐꯤꯅ ꯉꯥꯡꯅꯔꯤꯕ ꯋꯥꯈꯜꯂꯣꯟꯗꯨ ꯄꯨꯗꯨꯅ ꯏꯟꯗꯨꯅ ꯆꯠꯀꯅꯤ ꯑꯃꯁꯨꯡ ꯇꯨꯡꯗꯅ ꯏꯪ ꯱꯹꯸꯰ꯒꯤ ꯆꯍꯤ ꯇꯔꯥꯒꯤ ꯈꯨꯖꯤꯡꯗꯅ ꯄꯨꯋꯥꯔꯤ ꯅꯩꯅꯕꯔꯣꯜꯅ ꯇꯥꯊꯒꯅꯤ꯫,ꯃꯁꯤꯒꯤ    ꯃꯑꯣꯡ    ꯑꯁꯤ    ꯑꯃꯨꯛ    ꯃꯁꯥꯃꯛ    ꯍꯟꯒꯅꯤ    ꯏꯪ    ꯲ ꯹ ꯷ ꯰ꯒꯤ    ꯆꯍꯤ    ꯇꯔꯥꯒꯤ    ꯈꯨꯗꯤꯡ ꯗ    ꯁꯥꯏ ꯀꯣ ꯑꯦ ꯅꯥ ꯂꯥꯏ ꯁꯤꯁ    ꯑꯃꯁꯨꯡ    ꯐꯤ ꯂꯣ ꯁꯣ ꯐꯤ ꯅ    ꯉꯥꯡ ꯅꯔꯤꯕ    ꯋꯥꯈꯜ ꯂꯣꯟ ꯗꯨ    ꯄꯨ ꯗꯨꯅ    ꯏꯟ ꯗꯨꯅ    ꯆꯠ ꯀꯅꯤ    ꯑꯃꯁꯨꯡ    ꯇꯨꯡ ꯗꯅ    ꯏꯪ    ꯱꯹꯸꯰ꯒꯤ    ꯆꯍꯤ    ꯇꯔꯥꯒꯤ    ꯈꯨꯖꯤꯡ ꯗꯅ    ꯄꯨꯋꯥꯔꯤ    ꯅꯩꯅꯕ ꯔꯣ ꯜꯅ    ꯇꯥ ꯊ ꯒꯅꯤ꯫ ,162,54
155,ꯍꯥꯟꯅꯗꯒꯤ ꯆꯠꯅꯔꯛꯂꯕ ꯕꯣꯜꯂꯤꯋꯨꯗꯀꯤ ꯀꯂꯥꯒꯤ ꯃꯁꯛ ꯃꯑꯣꯡꯗꯒꯤ ꯊꯩꯗꯣꯛꯅꯕ ꯄꯥꯟꯗꯝ ꯊꯝꯂꯤꯕ ꯅ꯭ꯌꯨ ꯏꯟꯗꯤꯌꯟ ꯁꯤꯅꯦꯃꯥꯒꯨꯝꯕ ꯍꯦꯟꯅ ꯃꯣꯗꯔꯟ ꯑꯣꯏꯕ ꯃꯤꯠꯌꯦꯡꯁꯤꯡ ꯊꯣꯔꯛꯏ꯫,ꯍꯥꯟꯅꯗꯒꯤ    ꯆꯠꯅ ꯔꯛꯂꯕ    ꯕꯣ ꯜꯂꯤ ꯋꯨ ꯗꯀꯤ    ꯀ ꯂꯥꯒꯤ    ꯃꯁꯛ    ꯃꯑꯣꯡ ꯗꯒꯤ    ꯊꯩ ꯗꯣꯛ ꯅꯕ    ꯄꯥꯟꯗꯝ    ꯊꯝꯂꯤꯕ    ꯅ꯭ꯌꯨ    ꯏꯟꯗꯤꯌꯟ    ꯁꯤꯅꯦ ꯃꯥ ꯒꯨꯝꯕ    ꯍꯦꯟꯅ    ꯃꯣ ꯗꯔꯟ    ꯑꯣꯏꯕ    ꯃꯤꯠ ꯌꯦꯡ ꯁꯤꯡ    ꯊꯣ ꯔꯛ ꯏ꯫ ,104,32
156,"ꯍꯤꯔꯝꯁꯤꯡ ꯑꯗꯨꯅ ꯅꯣꯡꯆꯨꯞꯀ ꯄꯨꯟꯁꯤꯟꯅꯈꯔꯕ ꯃꯇꯝ ꯑꯗꯨꯒꯤ ꯚꯥꯔꯠꯀꯤ ꯋꯥꯈꯜꯂꯣꯟꯕꯨ ꯎꯠꯂꯤ, ꯑꯗꯨꯕꯨ ꯃꯈꯜ ꯀꯌꯥꯒꯤ ꯂꯣꯟ ꯀꯌꯥ ꯑꯃꯒꯤ ꯂꯝ ꯑꯣꯏꯅ ꯆꯠꯅꯕꯤ ꯑꯃꯁꯨꯡ ꯑꯁꯦꯡꯕ ꯚꯥꯔꯀꯤ ꯏꯍꯨꯜ ꯑꯗꯨ ꯄꯨꯔꯤ ꯍꯥꯏꯕꯒꯤ ꯈꯨꯗꯝ ꯂꯩ꯫","ꯍꯤꯔꯝ ꯁꯤꯡ    ꯑꯗꯨꯅ    ꯅꯣꯡꯆꯨꯞ ꯀ    ꯄꯨꯟꯁꯤꯟ ꯅꯈ ꯔꯕ    ꯃꯇꯝ    ꯑꯗꯨꯒꯤ    ꯚꯥꯔꯠꯀꯤ    ꯋꯥꯈꯜ ꯂꯣꯟ ꯕꯨ    ꯎꯠ ꯂꯤ,    ꯑꯗꯨꯕꯨ    ꯃꯈꯜ    ꯀꯌꯥꯒꯤ    ꯂꯣꯟ    ꯀꯌꯥ    ꯑꯃꯒꯤ    ꯂꯝ    ꯑꯣꯏꯅ    ꯆꯠꯅꯕꯤ    ꯑꯃꯁꯨꯡ    ꯑꯁꯦꯡꯕ    ꯚꯥꯔ ꯀꯤ    ꯏ ꯍꯨ ꯜ    ꯑꯗꯨ    ꯄꯨꯔꯤ    ꯍꯥꯏꯕꯒꯤ    ꯈꯨꯗꯝ    ꯂꯩ꯫ ",129,37
157,"ꯍꯧꯖꯤꯛ ꯃꯇꯝꯗꯗꯤ, ꯁꯟ꯭ꯁꯀ꯭ꯔꯤꯠꯀꯤ ꯑꯐꯥꯎꯕ ꯋꯥꯔꯤꯁꯤꯡꯗ ꯍꯟꯅ ꯍꯟꯅ ꯌꯥꯎꯕ ꯃꯃꯥ ꯑꯣꯏꯕꯒꯤ ꯑꯃꯁꯨꯡ ꯂꯃꯟ ꯈꯨꯝꯕꯒꯤ, ꯅꯠꯇ꯭ꯔꯒ ꯚꯥꯔꯠꯀꯤ ꯈꯨꯉꯥꯏ ꯑꯁꯤꯗ ꯑꯅꯦꯝ ꯑꯋꯥꯡ ꯂꯩꯕ ꯑꯗꯨꯒ ꯆꯥꯅꯕ ꯆꯠꯅꯕꯤꯒꯤ ꯀꯥꯡꯂꯣꯟꯁꯤꯡ ꯉꯥꯛꯅꯅꯕ ꯍꯣꯠꯅꯕ ꯍꯤꯔꯝꯁꯤꯡꯒꯤ ꯏꯊꯤꯜꯒꯤ ꯈꯨꯊꯥꯡꯗ ꯃꯃꯤ ꯀꯨꯝꯍꯩꯁꯤꯡꯅ ꯚꯥꯔꯠꯀꯤ ꯈꯦꯠꯅꯕꯁꯤꯡ ꯑꯗꯨ ꯇꯥꯁꯜꯂꯤ꯫","ꯍꯧꯖꯤꯛ    ꯃꯇꯝ ꯗꯗꯤ,    ꯁꯟ ꯭ꯁ ꯀ꯭ꯔꯤ ꯠꯀꯤ    ꯑ ꯐꯥꯎꯕ    ꯋꯥꯔꯤ ꯁꯤꯡꯗ    ꯍꯟꯅ    ꯍꯟꯅ    ꯌꯥꯎꯕ    ꯃꯃꯥ    ꯑꯣꯏꯕꯒꯤ    ꯑꯃꯁꯨꯡ    ꯂ ꯃꯟ    ꯈꯨꯝ ꯕ ꯒꯤ,    ꯅꯠꯇ꯭ꯔꯒ    ꯚꯥꯔꯠꯀꯤ    ꯈꯨ ꯉꯥꯏ    ꯑꯁꯤꯗ    ꯑ ꯅꯦ ꯝ    ꯑꯋꯥꯡ    ꯂꯩꯕ    ꯑꯗꯨꯒ    ꯆꯥꯅꯕ    ꯆꯠꯅꯕꯤꯒꯤ    ꯀꯥꯡꯂꯣꯟꯁꯤꯡ    ꯉꯥꯛ ꯅꯅꯕ    ꯍꯣꯠꯅꯕ    ꯍꯤꯔꯝ ꯁꯤꯡꯒꯤ    ꯏꯊꯤ ꯜꯒꯤ    ꯈꯨ ꯊꯥꯡꯗ    ꯃꯃꯤ    ꯀꯨꯝꯍꯩ ꯁꯤꯡꯅ    ꯚꯥꯔꯠꯀꯤ    ꯈꯦꯠ ꯅꯕꯁꯤꯡ    ꯑꯗꯨ    ꯇꯥ ꯁ ꯜꯂꯤ꯫ ",194,55
158,"ꯃꯁꯤꯒꯤ ꯏꯊꯤꯜ ꯑꯁꯤ ꯃꯃꯤ ꯀꯨꯝꯍꯩꯁꯤꯡꯒꯤ ꯋꯥꯔꯤ ꯂꯤꯕꯒꯤ ꯃꯥꯑꯣꯡꯗꯁꯨ ꯐꯥꯎꯋꯤ, ꯍꯥꯏꯗꯣꯛꯄ ꯃꯌꯥꯝ ꯌꯥꯎꯕ ꯚꯥꯔꯠꯀꯤ ꯃꯃꯤ ꯀꯨꯝꯍꯩꯁꯤꯡ ꯑꯁꯤ ꯅꯣꯡꯆꯨꯞꯂꯣꯝꯒꯤ ꯃꯃꯤ ꯀꯨꯝꯍꯩ ꯌꯦꯡꯕꯁꯤꯡꯒꯤꯗꯃꯛ ꯌꯥꯝꯅ ꯁꯥꯡꯉꯤ꯫","ꯃꯁꯤꯒꯤ    ꯏꯊꯤꯜ    ꯑꯁꯤ    ꯃꯃꯤ    ꯀꯨꯝꯍꯩꯁꯤꯡꯒꯤ    ꯋꯥꯔꯤ    ꯂꯤ ꯕꯒꯤ    ꯃꯥ ꯑꯣ ꯡ ꯗꯁꯨ    ꯐꯥꯎ ꯋꯤ,    ꯍꯥꯏ ꯗꯣꯛꯄ    ꯃꯌꯥꯝ    ꯌꯥꯎꯕ    ꯚꯥꯔꯠꯀꯤ    ꯃꯃꯤ    ꯀꯨꯝꯍꯩꯁꯤꯡ    ꯑꯁꯤ    ꯅꯣꯡꯆꯨꯞ ꯂꯣꯝꯒꯤ    ꯃꯃꯤ    ꯀꯨꯝꯍꯩ    ꯌꯦꯡ ꯕ ꯁꯤꯡꯒꯤꯗꯃꯛ    ꯌꯥꯝꯅ    ꯁꯥꯡ ꯉꯤ꯫ ",124,32
159,ꯑꯩꯈꯣꯅ ꯃꯁꯤꯒꯤ ꯅꯨꯄꯥꯈꯛꯇꯒꯤ ꯃꯤꯠꯌꯦꯡ ꯑꯣꯏꯕ ꯋꯥꯔꯤ ꯂꯤꯕꯒꯤ ꯃꯥꯑꯣꯡ ꯑꯁꯤ ꯃꯍꯧꯁꯥꯅ ꯑꯗꯨꯝ ꯌꯥꯏ꯫,ꯑꯩ ꯈꯣ ꯅ    ꯃꯁꯤꯒꯤ    ꯅꯨꯄꯥ ꯈꯛꯇ ꯒꯤ    ꯃꯤꯠꯌꯦꯡ    ꯑꯣꯏꯕ    ꯋꯥꯔꯤ    ꯂꯤ ꯕꯒꯤ    ꯃꯥ ꯑꯣ ꯡ    ꯑꯁꯤ    ꯃꯍꯧꯁꯥꯅ    ꯑꯗꯨꯝ    ꯌꯥꯏ꯫ ,60,19
160,"ꯂꯥꯏꯔꯤꯛ ꯂꯥꯏꯁꯨ ꯇꯝꯕꯒꯤ ꯀꯣꯔ꯭ꯁꯁꯤꯡ ꯏꯪ ꯱꯹꯶꯰ꯗꯒꯤ ꯍꯧꯔꯛꯄꯗꯒꯤ, ꯏꯟꯁꯇꯤꯇꯌꯨꯠ ꯑꯗꯨ ꯂꯥꯏꯔꯤꯛ ꯇꯝꯕꯤꯕꯒꯤ ꯍꯤꯔꯝꯗ ꯃꯇꯝ ꯅꯥꯏꯅ ꯁꯦꯝꯒꯠꯂꯤ, ꯃꯃꯤ ꯀꯨꯝꯍꯩꯒꯤ ꯇꯝꯕꯒꯤ ꯃꯒꯨꯟ ꯍꯦꯟꯒꯠꯍꯟꯕ, ꯑꯃꯁꯨꯡ ꯃꯐꯝ ꯑꯗꯨ ꯇꯁꯦꯡꯅ ꯑꯐꯕ ꯑꯊꯣꯏꯕ ꯃꯐꯝꯅꯤ ꯍꯥꯏꯕꯗꯨ ꯈꯪꯍꯟꯅꯕ ꯈꯨꯗꯣꯡꯆꯥꯕꯁꯤꯡ ꯑꯗꯨ ꯍꯦꯟꯒꯠꯍꯟꯈꯤ꯫","ꯂꯥꯏꯔꯤꯛ    ꯂꯥꯏ ꯁꯨ    ꯇꯝꯕꯒꯤ    ꯀꯣꯔ꯭ ꯁꯁꯤꯡ    ꯏꯪ    ꯱꯹꯶ ꯰ ꯗꯒꯤ    ꯍꯧꯔꯛ ꯄꯗ ꯒꯤ,    ꯏꯟ ꯁꯇꯤ ꯇ ꯌꯨ ꯠ    ꯑꯗꯨ    ꯂꯥꯏꯔꯤꯛ    ꯇꯝꯕꯤ ꯕꯒꯤ    ꯍꯤ ꯔ ꯝꯗ    ꯃꯇꯝ    ꯅꯥꯏꯅ    ꯁꯦꯝꯒꯠ ꯂꯤ,    ꯃꯃꯤ    ꯀꯨꯝꯍꯩꯒꯤ    ꯇꯝꯕꯒꯤ    ꯃꯒꯨꯟ    ꯍꯦꯟꯒꯠ ꯍꯟ ꯕ,    ꯑꯃꯁꯨꯡ    ꯃꯐꯝ    ꯑꯗꯨ    ꯇꯁꯦꯡꯅ    ꯑꯐꯕ    ꯑꯊꯣꯏꯕ    ꯃꯐꯝ ꯅꯤ    ꯍꯥꯏꯕꯗꯨ    ꯈꯪ ꯍꯟꯅꯕ    ꯈꯨꯗꯣꯡꯆꯥꯕꯁꯤꯡ    ꯑꯗꯨ    ꯍꯦꯟꯒꯠ ꯍꯟꯈꯤ꯫ ",180,51
161,ꯏꯟꯁꯇꯤꯇ꯭ꯌꯨꯠ ꯑꯁꯤꯅ ꯑꯅꯧꯕ ꯃꯑꯣꯡꯗ ꯃꯃꯤ ꯀꯨꯝꯍꯩ ꯁꯦꯝꯕꯒꯤ ꯀꯂꯥ ꯑꯃꯁꯨꯡ ꯑꯈꯟꯅꯅ ꯍꯩꯁꯤꯡꯕ ꯊꯧꯋꯣꯡꯗ ꯄꯥꯟꯖꯤꯜ ꯀꯌꯥ ꯇꯥꯟꯈ꯭ꯔꯦ꯫,ꯏꯟꯁꯇꯤꯇ꯭ꯌꯨ ꯠ    ꯑꯁꯤꯅ    ꯑꯅꯧꯕ    ꯃꯑꯣꯡꯗ    ꯃꯃꯤ    ꯀꯨꯝꯍꯩ    ꯁꯦꯝꯕꯒꯤ    ꯀꯂꯥ    ꯑꯃꯁꯨꯡ    ꯑꯈꯟ ꯅꯅ    ꯍꯩꯁꯤꯡ ꯕ    ꯊꯧ ꯋ ꯣꯡ ꯗ    ꯄꯥꯟ ꯖꯤꯜ    ꯀꯌꯥ    ꯇꯥꯟ ꯈ꯭ꯔꯦ꯫ ,79,23
162,"ꯄꯨꯋꯥꯔꯤꯒꯤ ꯑꯣꯏꯕ ꯆꯥꯎꯈꯠꯄꯕꯨ ꯏꯪꯂꯤꯁꯇ ꯚꯥꯔꯠꯀꯤ ꯋꯥꯔꯤ ꯂꯤꯕꯒꯤ ꯆꯥꯎꯈꯠꯂꯛꯄꯗꯒꯤ ꯃꯊꯪ ꯃꯅꯥꯎ ꯅꯥꯏꯅ ꯁꯦꯝꯕ ꯃꯥꯑꯣꯡꯗꯒꯤ ꯈꯥꯏꯗꯣꯛꯈꯤꯕ ꯇꯥꯡꯀꯛ ꯑꯣꯏꯅ ꯂꯧꯕꯁꯤꯅ ꯚꯥꯔꯠꯀꯤ ꯃꯃꯤ ꯀꯨꯝꯍꯩ ꯄꯨꯊꯣꯛꯄꯒꯤ ꯂꯝꯗ ꯈꯪꯕ ꯉꯝꯍꯜꯂꯤ, ꯃꯁꯤ ꯄꯤꯔꯤꯕ ꯃꯤꯡꯁꯤꯡ ꯑꯁꯤꯗ ꯎꯠꯂꯤꯕ ꯃꯄꯥꯟꯗ ꯂꯩꯕꯒꯤ ꯃꯑꯣꯡꯒ ꯂꯣꯏꯅꯅ ꯑꯁꯨꯝꯅ ꯑꯇꯣꯞꯄ ꯃꯃꯤ ꯀꯨꯝꯍꯩ ꯅꯠ꯭ꯇꯔꯒ ꯑꯇꯣꯞꯄ ꯂꯩꯕꯥꯛꯀꯤ ꯃꯃꯤ ꯀꯨꯝꯍꯩ ꯍꯥꯏꯅ ꯀꯩꯅꯕꯗꯨ ꯈꯪꯅꯩ꯫","ꯄꯨꯋꯥꯔꯤꯒꯤ    ꯑꯣꯏꯕ    ꯆꯥꯎꯈꯠ ꯄ ꯕꯨ    ꯏꯪꯂꯤ ꯁꯇ    ꯚꯥꯔꯠꯀꯤ    ꯋꯥꯔꯤ    ꯂꯤ ꯕꯒꯤ    ꯆꯥꯎꯈꯠꯂꯛ ꯄꯗꯒꯤ    ꯃꯊꯪ    ꯃꯅꯥꯎ    ꯅꯥꯏꯅ    ꯁꯦꯝꯕ    ꯃꯥ ꯑꯣ ꯡ ꯗꯒꯤ    ꯈꯥꯏꯗꯣꯛ ꯈꯤꯕ    ꯇꯥꯡꯀꯛ    ꯑꯣꯏꯅ    ꯂꯧ ꯕ ꯁꯤꯅ    ꯚꯥꯔꯠꯀꯤ    ꯃꯃꯤ    ꯀꯨꯝꯍꯩ    ꯄꯨꯊꯣꯛ ꯄꯒꯤ    ꯂꯝꯗ    ꯈꯪꯕ    ꯉꯝ ꯍꯜꯂꯤ,    ꯃꯁꯤ    ꯄꯤꯔꯤꯕ    ꯃꯤꯡ ꯁꯤꯡ    ꯑꯁꯤꯗ    ꯎꯠꯂꯤꯕ    ꯃꯄꯥꯟꯗ    ꯂꯩꯕꯒꯤ    ꯃꯑꯣꯡ ꯒ    ꯂꯣꯏꯅꯅ    ꯑꯁꯨꯝꯅ    ꯑꯇꯣꯞꯄ    ꯃꯃꯤ    ꯀꯨꯝꯍꯩ    ꯅꯠ ꯭ ꯇꯔ ꯒ    ꯑꯇꯣꯞꯄ    ꯂꯩꯕꯥꯛꯀꯤ    ꯃꯃꯤ    ꯀꯨꯝꯍꯩ    ꯍꯥꯏꯅ    ꯀꯩ ꯅꯕ ꯗꯨ    ꯈꯪꯅꯩ꯫ ",236,65
163,ꯗꯥꯏꯂꯣꯒ ꯑꯗꯨ ꯑꯌꯥꯝꯕ ꯃꯇꯝꯗ ꯏꯪꯂꯤꯁꯇ ꯏꯕ ꯏꯟꯇꯔ-ꯇꯥꯏꯇꯜꯁꯤꯡ ꯑꯃꯁꯨꯡ ꯚꯥꯔꯠꯀꯤ ꯂꯣꯟ ꯑꯅꯤ ꯅꯠꯇ꯭ꯔꯒ ꯑꯍꯨꯝꯗ ꯏꯔꯒ ꯎꯠꯈꯤ꯫,ꯗꯥꯏ ꯂꯣ ꯒ    ꯑꯗꯨ    ꯑꯌꯥꯝꯕ    ꯃꯇꯝꯗ    ꯏꯪꯂꯤ ꯁꯇ    ꯏꯕ    ꯏꯟꯇꯔ - ꯇꯥꯏ ꯇ ꯜꯁꯤꯡ    ꯑꯃꯁꯨꯡ    ꯚꯥꯔꯠꯀꯤ    ꯂꯣꯟ    ꯑꯅꯤ    ꯅꯠꯇ꯭ꯔꯒ    ꯑꯍꯨꯝꯗ    ꯏ ꯔꯒ    ꯎꯠꯈꯤ꯫ ,75,23
164,"ꯌꯥꯡꯅ ꯍꯣꯡꯂꯛꯂꯤꯕ ꯁꯦꯟꯃꯤꯠꯂꯣꯟꯒꯤ ꯑꯍꯣꯡꯕ, ꯁꯦꯇꯦꯂꯥꯏꯠ ꯇꯦꯂꯤꯚꯤꯖꯟꯒꯤ ꯍꯧꯔꯛꯄ, ꯅꯣꯡꯆꯨꯞ ꯂꯝꯒꯤ ꯏꯁꯩꯁꯤꯡ ꯑꯃꯁꯨꯡ ꯄꯨꯊꯣꯛꯄꯒꯤ ꯃꯥꯑꯣꯡ ꯌꯦꯡꯕ ꯈꯪꯕ ꯍꯦꯟꯒꯠꯂꯛꯄ, ꯃꯥꯂꯦꯝ ꯄꯨꯝꯅꯃꯛꯇ ꯍꯤꯟꯗꯤ ꯃꯃꯤ ꯀꯨꯝꯍꯩ ꯍꯦꯟꯅ ꯅꯤꯌꯣꯝ ꯅꯥꯏꯅ ꯁꯟꯗꯣꯛꯄ ꯑꯃꯁꯨꯡ ꯎꯠꯊꯣꯛꯄ, ꯄꯨꯝꯅꯃꯛ ꯑꯁꯤꯅ ꯌꯥꯝꯅ ꯃꯔꯨ ꯑꯣꯏꯕ ꯊꯧꯗꯥꯡ ꯂꯧꯈꯤ꯫","ꯌꯥꯡ ꯅ    ꯍꯣꯡ ꯂꯛ ꯂꯤꯕ    ꯁꯦꯟꯃꯤꯠꯂꯣꯟꯒꯤ    ꯑꯍ ꯣꯡ ꯕ,    ꯁꯦ ꯇꯦ ꯂꯥꯏꯠ    ꯇꯦꯂꯤꯚꯤ ꯖ ꯟꯒꯤ    ꯍꯧꯔꯛ ꯄ,    ꯅꯣꯡꯆꯨꯞ    ꯂꯝꯒꯤ    ꯏꯁꯩꯁꯤꯡ    ꯑꯃꯁꯨꯡ    ꯄꯨꯊꯣꯛ ꯄꯒꯤ    ꯃꯥ ꯑꯣ ꯡ    ꯌꯦꯡꯕ    ꯈꯪꯕ    ꯍꯦꯟꯒꯠꯂꯛ ꯄ,    ꯃꯥꯂꯦꯝ    ꯄꯨꯝꯅꯃꯛꯇ    ꯍꯤꯟꯗꯤ    ꯃꯃꯤ    ꯀꯨꯝꯍꯩ    ꯍꯦꯟꯅ    ꯅꯤꯌꯣ ꯝ    ꯅꯥꯏꯅ    ꯁꯟꯗꯣꯛꯄ    ꯑꯃꯁꯨꯡ    ꯎꯠ ꯊꯣꯛ ꯄ,    ꯄꯨꯝꯅꯃꯛ    ꯑꯁꯤꯅ    ꯌꯥꯝꯅ    ꯃꯔꯨ    ꯑꯣꯏꯕ    ꯊꯧꯗꯥꯡ    ꯂꯧꯈꯤ꯫ ",190,51
165,ꯈꯨꯠꯁꯤꯡ ꯑꯁꯤꯒꯤ ꯃꯈꯥꯗ ꯃꯃꯤ ꯀꯨꯝꯍꯩ ꯑꯁꯤ ꯃꯁꯥꯒꯤ ꯚꯤꯖꯨꯑꯦꯜ ꯀꯦꯔꯦꯛꯇꯔ ꯑꯌꯥꯝꯕ ꯃꯥꯡꯈꯤ ꯑꯃꯁꯨꯡ ꯁꯍꯤꯇ꯭ꯌꯒꯤ ꯑꯣꯏꯕ ꯑꯃꯗꯤ ꯋꯥꯍꯩ ꯀꯥ ꯍꯦꯟꯅ ꯁꯤꯖꯤꯟꯅꯕ ꯄꯣꯠꯊꯣꯛ ꯑꯃꯗ ꯑꯣꯟꯊꯣꯛꯈꯤ꯫,ꯈꯨꯠ ꯁꯤꯡ    ꯑꯁꯤꯒꯤ    ꯃꯈꯥꯗ    ꯃꯃꯤ    ꯀꯨꯝꯍꯩ    ꯑꯁꯤ    ꯃꯁꯥꯒꯤ    ꯚꯤ ꯖꯨ ꯑꯦꯜ    ꯀꯦ ꯔꯦꯛꯇꯔ    ꯑꯌꯥꯝꯕ    ꯃꯥꯡ ꯈꯤ    ꯑꯃꯁꯨꯡ    ꯁ ꯍꯤ ꯇ꯭ꯌ ꯒꯤ    ꯑꯣꯏꯕ    ꯑꯃꯗꯤ    ꯋꯥꯍꯩ    ꯀꯥ    ꯍꯦꯟꯅ    ꯁꯤꯖꯤꯟꯅꯕ    ꯄꯣꯠꯊꯣꯛ    ꯑꯃꯗ    ꯑꯣꯟ ꯊꯣꯛꯈꯤ꯫ ,111,31
166,"ꯀꯔꯤꯒꯨꯝꯕ ꯃꯇꯝꯗ ꯄꯤꯌꯥꯅꯣ ꯈꯛꯇꯃꯛ ꯂꯣꯏꯅꯔꯝꯃꯤ ꯑꯗꯨꯕꯨ ꯕꯥꯏꯑꯣꯂꯤꯟ ꯑꯃ, ꯍꯥꯔꯃꯣꯅꯤꯌꯝ ꯑꯃ, ꯇꯥꯕ꯭ꯂꯥꯁꯤꯡ ꯑꯃꯁꯨꯡ ꯑꯇꯩ ꯏꯁꯩ-ꯅꯣꯡꯃꯥꯏꯒꯤ ꯈꯨꯠꯂꯥꯏꯁꯤꯡ ꯍꯥꯞꯆꯤꯟꯕ ꯌꯥꯕ ꯃꯃꯤ ꯀꯨꯝꯍꯩ ꯀꯌꯥ ꯑꯃ ꯂꯩꯔꯝꯃꯤ꯫","ꯀꯔꯤꯒꯨꯝꯕ    ꯃꯇꯝꯗ    ꯄꯤ ꯌꯥ ꯅꯣ    ꯈꯛꯇꯃꯛ    ꯂꯣꯏꯅ ꯔꯝꯃꯤ    ꯑꯗꯨꯕꯨ    ꯕꯥꯏ ꯑꯣꯂꯤ ꯟ    ꯑꯃ,    ꯍꯥꯔ ꯃꯣ ꯅꯤ ꯌꯝ    ꯑꯃ,    ꯇꯥ ꯕ꯭ ꯂꯥ ꯁꯤꯡ    ꯑꯃꯁꯨꯡ    ꯑꯇꯩ    ꯏꯁꯩ-ꯅꯣꯡ ꯃꯥꯏꯒꯤ    ꯈꯨꯠꯂꯥꯏꯁꯤꯡ    ꯍꯥꯞ ꯆꯤꯟꯕ    ꯌꯥꯕ    ꯃꯃꯤ    ꯀꯨꯝꯍꯩ    ꯀꯌꯥ    ꯑꯃ    ꯂꯩꯔꯝꯃꯤ꯫ ",126,35
167,ꯏꯁꯀꯣꯔ ꯑꯗꯨ ꯃꯇꯝ ꯑꯗꯨꯃꯛꯀꯤ ꯎꯠꯈꯤ ꯑꯃꯁꯨꯡ ꯋꯥꯔꯤ ꯑꯗꯨꯕꯨ ꯐꯝꯕꯥꯛ ꯀꯨꯝꯍꯩꯒꯨꯝ ꯑꯣꯏꯍꯟꯕꯗ ꯃꯇꯦꯡ ꯄꯥꯡꯈꯤ꯫,ꯏꯁ ꯀꯣ ꯔ    ꯑꯗꯨ    ꯃꯇꯝ    ꯑꯗꯨ ꯃꯛꯀꯤ    ꯎꯠ ꯈꯤ    ꯑꯃꯁꯨꯡ    ꯋꯥꯔꯤ    ꯑꯗꯨꯕꯨ    ꯐꯝꯕ ꯥꯛ    ꯀꯨꯝꯍꯩ ꯒꯨꯝ    ꯑꯣꯏ ꯍꯟꯕꯗ    ꯃꯇꯦꯡ    ꯄꯥꯡꯈꯤ꯫ ,66,20
168,"ꯆꯣꯡꯐꯟ ꯇꯧꯕ ꯑꯃꯁꯨꯡ ꯌꯥꯝꯅ ꯀꯣꯏ ꯂꯥꯡꯕ ꯐꯨꯅꯕꯒꯤ ꯃꯃꯤ ꯀꯨꯝꯁꯤꯡ ꯑꯗꯨ ꯃꯌꯥꯝꯅ ꯄꯥꯝꯅꯕ ꯑꯣꯏꯈꯤꯗꯦ: ꯂꯥꯏꯔꯤꯛ ꯂꯥꯏꯁꯨ ꯍꯩꯕ ꯀꯥꯡꯕꯨꯅ ꯃꯈꯣꯏꯗꯨ ꯊꯣꯏꯕ, ꯂꯩꯕꯥꯛ ꯃꯆꯥ ꯇꯥꯗꯕ ꯑꯃꯁꯨꯡ ꯂꯝꯆꯠ ꯁꯦꯡꯗꯕꯒꯤ ꯏꯊꯤꯜ ꯄꯤꯕ ꯑꯣꯏꯅ ꯎꯔꯝꯃꯤ꯫","ꯆ ꯣꯡ ꯐ ꯟ    ꯇꯧꯕ    ꯑꯃꯁꯨꯡ    ꯌꯥꯝꯅ    ꯀꯣꯏ   ꯂꯥꯡꯕ    ꯐꯨ ꯅꯕꯒꯤ    ꯃꯃꯤ    ꯀꯨꯝ ꯁꯤꯡ    ꯑꯗꯨ    ꯃꯌꯥꯝꯅ    ꯄꯥꯝꯅꯕ    ꯑꯣꯏ ꯈꯤ ꯗꯦ :    ꯂꯥꯏꯔꯤꯛ    ꯂꯥꯏ ꯁꯨ    ꯍꯩꯕ    ꯀꯥꯡ ꯕꯨ ꯅ    ꯃꯈꯣꯏ ꯗꯨ    ꯊꯣꯏ ꯕ,    ꯂꯩꯕꯥꯛ    ꯃꯆꯥ    ꯇꯥꯗꯕ    ꯑꯃꯁꯨꯡ    ꯂꯝ ꯆꯠ    ꯁꯦꯡ ꯗꯕꯒꯤ    ꯏꯊꯤꯜ    ꯄꯤꯕ    ꯑꯣꯏꯅ    ꯎ ꯔꯝꯃꯤ꯫ ",136,45
169,ꯃꯃꯤ ꯀꯨꯝꯍꯩꯒꯤ ꯃꯋꯣꯡꯗ ꯈꯥꯏꯗꯣꯛꯄ ꯑꯁꯤꯅ ꯁꯟꯗꯣꯛꯄꯁꯤꯡ ꯑꯃꯁꯨꯡ ꯄꯨꯊꯣꯛꯄꯁꯤꯡꯅ ꯃꯃꯤ ꯀꯨꯝꯍꯩꯁꯤꯡ ꯑꯁꯤꯕꯨ ꯃꯈꯜ ꯑꯅꯤ ꯊꯣꯛꯅ ꯎꯏ: ꯂꯥꯏꯔꯤꯛ ꯂꯥꯏꯁꯨ ꯍꯩꯕꯁꯤꯡꯒꯤ ꯃꯃꯤ ꯀꯨꯝꯍꯩ ꯑꯃꯁꯨꯡ ꯃꯌꯥꯝꯒꯤ ꯃꯃꯤ ꯀꯨꯝꯍꯩ꯫,ꯃꯃꯤ    ꯀꯨꯝꯍꯩꯒꯤ    ꯃꯋꯣꯡꯗ    ꯈꯥꯏꯗꯣꯛꯄ    ꯑꯁꯤꯅ    ꯁꯟꯗꯣꯛ ꯄꯁꯤꯡ    ꯑꯃꯁꯨꯡ    ꯄꯨꯊꯣꯛ ꯄꯁꯤꯡꯅ    ꯃꯃꯤ    ꯀꯨꯝꯍꯩꯁꯤꯡ    ꯑꯁꯤꯕꯨ    ꯃꯈꯜ    ꯑꯅꯤ    ꯊꯣꯛꯅ    ꯎ ꯏ :    ꯂꯥꯏꯔꯤꯛ    ꯂꯥꯏ ꯁꯨ    ꯍꯩ ꯕꯁꯤꯡꯒꯤ    ꯃꯃꯤ    ꯀꯨꯝꯍꯩ    ꯑꯃꯁꯨꯡ    ꯃꯌꯥꯝ ꯒꯤ    ꯃꯃꯤ    ꯀꯨꯝꯍꯩ ꯫ ,126,32
170,"ꯐꯤꯂꯝ ꯑꯄ꯭ꯔꯤꯁꯤꯑꯦꯁꯟ ꯀꯣꯔꯁꯀꯤ ꯅꯤꯡꯊꯝꯊꯥꯒꯤ ꯏꯗꯤꯁꯟ ꯑꯗꯨ ꯅꯕꯦꯝꯕꯔ ꯲꯳, ꯲꯰꯲꯰ꯗ ꯍꯧꯗꯣꯛꯈꯤ꯫","ꯐꯤ ꯂꯝ    ꯑ ꯄ꯭ꯔꯤ ꯁꯤ ꯑꯦꯁ ꯟ    ꯀꯣꯔ ꯁꯀꯤ    ꯅꯤꯡꯊꯝ ꯊꯥꯒꯤ    ꯏ ꯗꯤ ꯁꯟ    ꯑꯗꯨ    ꯅꯕꯦꯝꯕꯔ    ꯲ ꯳ ,    ꯲꯰ ꯲꯰ꯗ    ꯍꯧꯗꯣꯛꯈꯤ꯫ ",60,22
171,"ꯃꯔꯝ ꯑꯁꯤꯅ, ꯑꯩꯈꯣꯏꯒꯤ ꯄꯨꯛꯅꯤꯡ ꯑꯁꯤ ꯎꯄꯟꯅꯤꯌꯥꯁ ꯑꯗꯨꯅ ꯈꯨꯅꯥꯏꯒ ꯁꯦꯟꯃꯤꯠꯂꯣꯟꯒ ꯅꯠꯇ꯭ꯔꯒ ꯂꯩꯉꯥꯛꯂꯣꯟꯒꯤ ꯀꯥꯡꯂꯣꯟ ꯑꯗꯨ ꯄꯟꯕ ꯃꯇꯝꯗꯨꯗꯒꯤ (ꯐꯤꯖꯦꯠ ꯑꯃꯁꯨꯡ ꯑꯀꯦ ꯑꯃꯧꯒ ꯃꯔꯤ ꯂꯩꯅꯕꯗ) ꯃꯇꯝꯁꯤꯡ ꯑꯗꯨ ꯎꯅꯤꯡꯕꯒꯤ ꯑꯄꯥꯝꯕꯗ ꯑꯣꯏꯅ ꯍꯣꯡꯉꯤ꯫","ꯃꯔꯝ    ꯑꯁꯤ ꯅ,    ꯑꯩꯈ ꯣꯏꯒꯤ    ꯄꯨꯛꯅꯤꯡ    ꯑꯁꯤ    ꯎ ꯄꯟ ꯅꯤ ꯌꯥ ꯁ    ꯑꯗꯨꯅ    ꯈꯨ ꯅꯥꯏ ꯒ    ꯁꯦꯟꯃꯤꯠ ꯂꯣꯟ ꯒ    ꯅꯠꯇ꯭ꯔꯒ    ꯂꯩꯉꯥꯛꯂꯣꯟꯒꯤ    ꯀꯥꯡꯂꯣꯟ    ꯑꯗꯨ    ꯄ ꯟꯕ    ꯃꯇꯝ ꯗꯨꯗꯒꯤ    ( ꯐꯤ ꯖꯦ ꯠ    ꯑꯃꯁꯨꯡ    ꯑ ꯀꯦ    ꯑꯃ ꯧ ꯒ    ꯃꯔꯤ    ꯂꯩ ꯅꯕ ꯗ )    ꯃꯇꯝ ꯁꯤꯡ    ꯑꯗꯨ    ꯎ ꯅꯤꯡ ꯕꯒꯤ    ꯑ ꯄꯥꯝ ꯕꯗ    ꯑꯣꯏꯅ    ꯍꯣꯡ ꯉꯤ꯫ ",147,54
172,ꯃꯁꯤꯗ ꯍꯥꯟꯅ ꯇꯝꯃꯝꯕꯁꯤꯡ ꯑꯁꯤ ꯃꯈꯧꯏꯒꯤ ꯃꯃꯤ ꯀꯨꯝꯍꯩ ꯁꯦꯝꯕꯗ ꯍꯩꯊꯣꯏꯕ ꯑꯗꯨꯅ ꯇꯣꯏꯅ ꯃꯤꯅ ꯁꯛꯈꯡꯕ ꯇꯥꯜꯂꯤ꯫,ꯃꯁꯤꯗ    ꯍꯥꯟꯅ    ꯇꯝ ꯃ ꯝꯕ ꯁꯤꯡ    ꯑꯁꯤ    ꯃꯈ ꯧ ꯏ ꯒꯤ    ꯃꯃꯤ    ꯀꯨꯝꯍꯩ    ꯁꯦꯝ ꯕꯗ    ꯍꯩ ꯊꯣꯏ ꯕ    ꯑꯗꯨꯅ    ꯇꯣꯏꯅ    ꯃꯤꯅ    ꯁꯛ ꯈꯡ ꯕ    ꯇꯥ ꯜꯂꯤ꯫ ,66,26
173,"ꯌꯥꯝꯅ ꯊꯣꯏꯗꯣꯛ ꯍꯦꯟꯗꯣꯛꯅ ꯐꯕ ꯈꯨꯗꯣꯡꯆꯥꯕꯁꯤꯡ ꯑꯁꯤꯒ ꯂꯣꯏꯅꯅ, ꯑꯦꯐꯇꯤꯑꯥꯏꯑꯥꯏꯅ ꯀꯂꯥꯒꯤ ꯑꯣꯏꯕ ꯋꯥꯈꯜ ꯐꯣꯡꯗꯣꯛꯄꯗ ꯍꯧꯒꯠꯂꯛꯂꯤꯕ ꯃꯃꯤ ꯀꯨꯝꯍꯩ ꯁꯦꯝꯕ ꯀꯥꯡꯕꯨꯗ ꯋꯥꯈꯜ ꯂꯧꯁꯤꯡ ꯄꯨꯊꯣꯛꯄꯒꯤ ꯂꯣꯟꯗ ꯋꯥꯈꯜ ꯁꯥꯒꯠꯅꯤꯡꯉꯥꯏ ꯑꯣꯏꯕ ꯑꯀꯣꯏꯕ ꯑꯃ ꯄꯤꯔꯤ꯫","ꯌꯥꯝꯅ    ꯊꯣꯏ ꯗꯣꯛ    ꯍꯦꯟꯗꯣꯛ ꯅ    ꯐꯕ    ꯈꯨꯗꯣꯡꯆꯥꯕꯁꯤꯡ    ꯑꯁꯤꯒ    ꯂꯣꯏꯅꯅ,    ꯑꯦꯐ ꯇꯤ ꯑꯥꯏ ꯑꯥꯏ ꯅ    ꯀ ꯂꯥꯒꯤ    ꯑꯣꯏꯕ    ꯋꯥꯈꯜ    ꯐꯣꯡꯗꯣꯛ ꯄꯗ    ꯍꯧ ꯒꯠ ꯂꯛ ꯂꯤꯕ    ꯃꯃꯤ    ꯀꯨꯝꯍꯩ    ꯁꯦꯝꯕ    ꯀꯥꯡ ꯕꯨ ꯗ    ꯋꯥꯈꯜ    ꯂꯧꯁꯤꯡ    ꯄꯨꯊꯣꯛ ꯄꯒꯤ    ꯂꯣꯟꯗ    ꯋꯥꯈꯜ    ꯁꯥꯒꯠ ꯅꯤꯡꯉꯥꯏ    ꯑꯣꯏꯕ    ꯑꯀꯣꯏ ꯕ    ꯑꯃ    ꯄꯤꯔꯤ꯫ ",151,43
174,"ꯄꯥꯔꯤꯕ ꯃꯤꯑꯣꯢꯁꯤꯡ ꯑꯣꯏꯔꯤꯕ ꯑꯩꯈꯣꯏꯕꯨ ꯄꯥꯅꯤꯡꯍꯜꯂꯤꯁꯤ ꯅꯣꯕꯦꯜ ꯑꯗꯨꯅ ꯍꯧꯖꯤꯛꯀꯤ ꯃꯇꯝꯗ ꯄꯤꯕ ꯅꯨꯡꯉꯥꯏꯕ ꯑꯗꯨꯅꯅꯤ, ꯑꯣꯁꯇꯤꯟꯒꯤ ꯍꯤꯔꯣꯏꯅꯤꯁꯤꯡꯒꯤ ꯍꯤꯡꯈꯤꯕ ꯄꯨꯟꯁꯤꯒꯤ ꯇꯥꯡꯀꯛ, ꯅꯠꯇ꯭ꯔꯒ ꯄꯥꯒꯅꯣꯜꯒꯤ ꯑꯃꯗꯤ ꯐꯣꯔꯁꯇꯔꯒꯤ ꯁꯥꯒꯠꯄ ꯁꯛꯇꯝꯁꯤꯡ ꯑꯩꯈꯣꯏꯅ ꯁꯥꯒꯠꯄ ꯍꯧꯈꯤꯕꯁꯤꯡ, ꯍꯥꯏꯔꯤꯕꯁꯤ ꯂꯩꯔꯤꯕ ꯃꯇꯝꯗꯨ ꯍꯣꯡꯕ ꯅꯥꯏꯗꯅ ꯎꯠꯂꯤꯕ ꯑꯁꯦꯡꯕ ꯂꯥꯏꯔꯥꯛꯇꯨꯗꯒꯤ ꯅꯠꯇꯦ꯫","ꯄꯥꯔꯤ ꯕ    ꯃꯤ ꯑꯣꯢ ꯁꯤꯡ    ꯑꯣꯏꯔꯤꯕ    ꯑꯩꯈ ꯣꯏ ꯕꯨ    ꯄꯥ ꯅꯤꯡ ꯍ ꯜꯂꯤ ꯁꯤ    ꯅꯣ ꯕꯦꯜ    ꯑꯗꯨꯅ    ꯍꯧꯖꯤꯛꯀꯤ    ꯃꯇꯝꯗ    ꯄꯤꯕ    ꯅꯨꯡꯉꯥꯏꯕ    ꯑꯗꯨ ꯅ ꯅꯤ,    ꯑꯣ ꯁꯇꯤ ꯟꯒꯤ    ꯍꯤ ꯔꯣꯏ ꯅꯤ ꯁꯤꯡꯒꯤ    ꯍꯤꯡ ꯈꯤꯕ    ꯄꯨꯟꯁꯤꯒꯤ    ꯇꯥꯡ ꯀꯛ ,    ꯅꯠꯇ꯭ꯔꯒ    ꯄꯥ ꯒ ꯅꯣ ꯜꯒꯤ    ꯑꯃꯗꯤ    ꯐꯣꯔ ꯁ ꯇꯔꯒꯤ    ꯁꯥꯒꯠ ꯄ    ꯁꯛꯇ ꯝꯁꯤꯡ    ꯑꯩꯈꯣꯏꯅ    ꯁꯥꯒꯠ ꯄ    ꯍꯧ ꯈꯤꯕ ꯁꯤꯡ,    ꯍꯥꯏ ꯔꯤꯕ ꯁꯤ    ꯂꯩꯔꯤꯕ    ꯃꯇꯝ ꯗꯨ    ꯍꯣꯡꯕ    ꯅꯥꯏ ꯗꯅ    ꯎꯠꯂꯤꯕ    ꯑꯁꯦꯡꯕ    ꯂꯥꯏ ꯔꯥꯛ ꯇꯨ ꯗꯒꯤ    ꯅꯠꯇꯦ꯫ ",224,72
175,ꯄꯦꯗꯣꯟ ꯑꯁꯤ ꯐꯤꯜꯗꯗ ꯃꯣꯔꯐꯣꯂꯣꯖꯤꯀꯦꯜ ꯑꯣꯏꯅ ꯁꯟꯗꯣꯛꯅ ꯇꯥꯛꯏ ꯑꯃꯁꯨꯡ ꯃꯈꯣꯏꯒꯤ ꯃꯆꯠ ꯇꯥꯛꯄ ꯑꯃꯁꯨꯡ ꯀꯥꯡꯂꯨꯞ ꯈꯥꯏꯗꯣꯛꯄꯒꯤꯗꯃꯛ ꯂꯦꯕꯣꯔꯦꯇꯣꯔꯤꯗ ꯀꯨꯞꯅ ꯊꯤꯖꯤꯟꯅꯕꯒꯤꯗꯃꯛ ꯁꯦꯝꯄꯜ ꯇꯧꯋꯤ꯫,ꯄꯦ ꯗꯣ ꯟ    ꯑꯁꯤ    ꯐꯤꯜ ꯗ ꯗ    ꯃꯣꯔ ꯐꯣ ꯂꯣꯖꯤꯀꯦꯜ    ꯑꯣꯏꯅ    ꯁꯟꯗꯣꯛꯅ    ꯇꯥꯛ ꯏ    ꯑꯃꯁꯨꯡ    ꯃꯈꯣꯏꯒꯤ    ꯃꯆ ꯠ    ꯇꯥꯛꯄ    ꯑꯃꯁꯨꯡ    ꯀꯥꯡꯂꯨꯞ    ꯈꯥꯏꯗꯣꯛ ꯄ ꯒꯤꯗꯃꯛ    ꯂꯦ ꯕꯣ ꯔꯦ ꯇꯣ ꯔꯤꯗ    ꯀꯨꯞꯅ    ꯊꯤꯖꯤꯟ ꯅꯕꯒꯤꯗꯃꯛ    ꯁꯦꯝ ꯄꯜ    ꯇꯧꯋꯤ꯫ ,117,35
176,"ꯃꯦꯞ ꯑꯃꯗ ꯌꯦꯛꯇꯨꯅ ꯇꯥꯛꯂꯕ ꯌꯨꯅꯤꯠꯁꯤꯡ ꯑꯗꯨꯗ ꯑꯀꯛꯅꯕ ꯈꯨꯗꯝ, ꯃꯆꯨ ꯑꯃꯁꯨꯡ ꯃꯃꯤꯡ ꯄꯤꯒꯅꯤ꯫","ꯃꯦ ꯞ    ꯑꯃꯗ    ꯌꯦ ꯛꯇꯨꯅ    ꯇꯥꯛ ꯂꯕ    ꯌꯨꯅꯤ ꯠꯁꯤꯡ    ꯑꯗꯨꯗ    ꯑꯀꯛꯅꯕ    ꯈꯨꯗ ꯝ,    ꯃꯆꯨ    ꯑꯃꯁꯨꯡ    ꯃꯃꯤꯡ    ꯄꯤ ꯒꯅꯤ꯫ ",57,18
177,ꯊꯣꯔꯟꯊ꯭ꯋꯦꯠ ꯑꯃꯁꯨꯡ ꯃꯦꯗꯔ ꯃꯣꯗꯦꯜ ꯑꯁꯤ ꯋꯥꯇꯔ ꯕꯦꯂꯦꯟꯁ ꯍꯣꯠꯄꯒꯤꯗꯃꯛ ꯄꯥꯛ-ꯁꯟꯅ ꯁꯤꯖꯤꯟꯅꯩ꯫,ꯊꯣ ꯔꯟ ꯊ ꯭ꯋꯦ ꯠ    ꯑꯃꯁꯨꯡ    ꯃꯦ ꯗꯔ    ꯃꯣꯗꯦꯜ    ꯑꯁꯤ    ꯋꯥ ꯇꯔ    ꯕꯦ ꯂꯦꯟ ꯁ    ꯍꯣꯠ ꯄ ꯒꯤꯗꯃꯛ    ꯄꯥꯛ- ꯁꯟꯅ    ꯁꯤꯖꯤꯟꯅꯩ꯫ ,60,21
178,"ꯃꯥꯂꯦꯝꯒꯤ ꯂꯩꯃꯥꯏꯗꯒꯤ ꯃꯥꯏꯜ ꯶꯰ (ꯀꯤꯂꯣꯃꯤꯇꯔ ꯱꯰꯰)ꯒꯤ ꯃꯊꯛꯇ, ꯅꯨꯡꯁꯤꯠꯀꯤ ꯀꯦꯃꯤꯀꯦꯜ ꯀꯝꯄꯣꯖꯤꯁꯟ ꯑꯁꯤ ꯑꯋꯥꯡꯕꯗ ꯌꯥꯝꯅ ꯃꯈꯥ ꯄꯣꯟꯕ ꯑꯣꯏꯔꯛꯏ ꯑꯃꯁꯨꯡ ꯑꯀꯣꯏꯕꯒꯤ ꯅꯨꯡꯁꯤꯠ ꯑꯁꯤ ꯍꯦꯟꯅ ꯌꯥꯡꯕ ꯒ꯭ꯌꯥꯁꯁꯤꯡ (ꯑꯦꯇꯣꯃꯤꯛ ꯑꯣꯛꯁꯤꯖꯦꯟ, ꯍꯤꯂꯤꯌꯝ ꯑꯃꯁꯨꯡ ꯍꯥꯏꯗ꯭ꯔꯣꯖꯦꯟ)ꯅ ꯃꯔꯥꯡ ꯀꯥꯏꯕ ꯑꯣꯏꯔꯛꯏ꯫","ꯃꯥꯂꯦꯝꯒꯤ    ꯂꯩ ꯃ ꯥꯏꯗꯒꯤ    ꯃꯥꯏꯜ    ꯶꯰    ( ꯀꯤꯂꯣꯃꯤꯇꯔ    ꯱꯰꯰ )ꯒꯤ    ꯃꯊꯛꯇ,    ꯅꯨꯡꯁꯤꯠꯀꯤ    ꯀꯦꯃꯤ ꯀꯦꯜ    ꯀꯝ ꯄꯣꯖꯤ ꯁꯟ    ꯑꯁꯤ    ꯑꯋꯥꯡ ꯕꯗ    ꯌꯥꯝꯅ    ꯃꯈꯥ    ꯄꯣ ꯟꯕ    ꯑꯣꯏꯔꯛ ꯏ    ꯑꯃꯁꯨꯡ    ꯑꯀꯣꯏꯕꯒꯤ    ꯅꯨꯡꯁꯤꯠ    ꯑꯁꯤ    ꯍꯦꯟꯅ    ꯌꯥꯡ ꯕ    ꯒ꯭ꯌꯥ ꯁꯁꯤꯡ    ( ꯑꯦ ꯇꯣ ꯃꯤꯛ    ꯑꯣꯛ ꯁꯤ ꯖꯦꯟ ,    ꯍꯤ ꯂꯤ ꯌꯝ    ꯑꯃꯁꯨꯡ    ꯍꯥꯏ ꯗ꯭ꯔꯣ ꯖꯦꯟ )ꯅ    ꯃꯔꯥꯡ    ꯀꯥꯏ ꯕ    ꯑꯣꯏꯔꯛ ꯏ꯫ ",182,56
179,ꯑꯏꯪ-ꯑꯁꯥꯒꯤ ꯐꯤꯚꯝ ꯍꯣꯡꯕꯅ ꯂꯧꯎ-ꯁꯤꯡꯎꯕꯒꯤ ꯃꯐꯝ ꯈꯔꯗꯅ ꯄꯣꯠꯊꯣꯛ ꯄꯨꯊꯣꯛꯄꯗ ꯍꯦꯟꯅ ꯆꯥꯟꯅꯍꯜꯂꯒꯅꯤ ꯑꯃꯗꯤ ꯑꯇꯣꯞꯄ ꯃꯐꯝꯁꯤꯡꯅ ꯍꯦꯟꯅ ꯍꯟꯊꯍꯜꯂꯒꯅꯤ꯫,ꯑꯏꯪ-ꯑꯁꯥꯒꯤ    ꯐꯤꯚꯝ    ꯍꯣꯡ ꯕꯅ    ꯂꯧꯎ-ꯁꯤꯡꯎ ꯕꯒꯤ    ꯃꯐꯝ    ꯈꯔ ꯗꯅ    ꯄꯣꯠꯊꯣꯛ    ꯄꯨꯊꯣꯛ ꯄꯗ    ꯍꯦꯟꯅ    ꯆꯥꯟ ꯅ ꯍꯜꯂ ꯒꯅꯤ    ꯑꯃꯗꯤ    ꯑꯇꯣꯞꯄ    ꯃꯐꯝ ꯁꯤꯡꯅ    ꯍꯦꯟꯅ    ꯍꯟꯊ ꯍꯜꯂ ꯒꯅꯤ꯫ ,93,25
180,ꯈꯣꯝꯖꯤꯜꯂꯕ ꯑꯀꯨꯞꯄ ꯃꯔꯣꯜꯒꯤ ꯃꯈꯜ ꯑꯁꯤ ꯃꯐꯝ ꯑꯃ ꯁꯟꯗꯣꯛꯅ ꯇꯥꯛꯄ ꯑꯀꯨꯞꯄ ꯋꯥꯔꯣꯜꯁꯤꯡꯗꯒꯤ ꯍꯧꯔꯒ ꯃꯐꯝ ꯑꯗꯨꯒꯤ ꯐꯣꯇꯣ ꯑꯃꯐꯥꯎꯕ ꯑꯣꯏꯕ ꯌꯥꯏ꯫,ꯈꯣꯝ ꯖꯤ ꯜꯂꯕ    ꯑꯀꯨꯞꯄ    ꯃꯔꯣ ꯜꯒꯤ    ꯃꯈꯜ    ꯑꯁꯤ    ꯃꯐꯝ    ꯑꯃ    ꯁꯟꯗꯣꯛꯅ    ꯇꯥꯛꯄ    ꯑꯀꯨꯞꯄ    ꯋꯥꯔꯣ ꯜ ꯁꯤꯡꯗꯒꯤ    ꯍꯧꯔꯒ    ꯃꯐꯝ    ꯑꯗꯨꯒꯤ    ꯐꯣꯇꯣ    ꯑꯃ ꯐꯥꯎꯕ    ꯑꯣꯏꯕ    ꯌꯥꯏ꯫ ,86,24
181,"ꯃꯥꯔꯆ ꯊꯥꯒꯤ ꯃꯇꯝꯗ, ꯁꯥꯊꯤꯅ ꯁꯥꯕꯒꯤ ꯐꯤꯚꯝ ꯑꯁꯤ ꯃꯥꯔꯆ ꯲꯹-꯳꯱ꯒꯤ ꯃꯇꯝꯗ ꯅꯣꯡꯆꯨꯞ ꯔꯥꯖꯁꯊꯥꯟꯒꯤ ꯃꯐꯝ ꯈꯔꯗ ꯊꯣꯛꯇꯨꯅ ꯌꯥꯝ ꯀꯥ-ꯍꯦꯟꯅ ꯁꯥꯕꯒꯤ ꯐꯤꯚꯝ ꯑꯁꯤ ꯃꯐꯝ ꯑꯌꯥꯝꯕꯗ ꯎꯕ ꯐꯪꯉꯤ꯫","ꯃꯥꯔꯆ    ꯊꯥꯒꯤ    ꯃꯇꯝꯗ,    ꯁꯥꯊꯤꯅ    ꯁꯥꯕꯒꯤ    ꯐꯤꯚꯝ    ꯑꯁꯤ    ꯃꯥꯔꯆ    ꯲ ꯹ - ꯳ ꯱ꯒꯤ    ꯃꯇꯝꯗ    ꯅꯣꯡꯆꯨꯞ    ꯔꯥꯖꯁꯊꯥꯟꯒꯤ    ꯃꯐꯝ    ꯈꯔꯗ    ꯊꯣꯛꯇꯨꯅ    ꯌꯥꯝ    ꯀꯥ - ꯍꯦꯟꯅ    ꯁꯥꯕꯒꯤ    ꯐꯤꯚꯝ    ꯑꯁꯤ    ꯃꯐꯝ    ꯑꯌꯥꯝ ꯕꯗ    ꯎꯕ    ꯐꯪ ꯉꯤ꯫ ",110,32
182,ꯔꯦꯗꯤꯑꯣꯃꯦꯇ꯭ꯔꯤꯀꯦꯜꯂꯤ ꯀꯔꯦꯛꯇꯦꯗ ꯁꯤꯟ ꯀꯝꯄꯣꯖꯤꯠꯁꯤꯡꯗꯐꯥꯎꯕ ꯆꯔꯥꯡꯅꯕ ꯃꯈꯣꯜ ꯈꯔꯗꯤ ꯂꯩꯍꯧꯒꯅꯤ꯫,ꯔꯦ ꯗꯤꯑꯣ ꯃꯦ ꯇ꯭ꯔꯤ ꯀꯦ ꯜꯂꯤ    ꯀ ꯔꯦ ꯛ ꯇꯦꯗ    ꯁꯤꯟ    ꯀꯝ ꯄꯣꯖꯤ ꯠ ꯁꯤꯡ ꯗ ꯐꯥꯎꯕ    ꯆ ꯔꯥꯡ ꯅꯕ    ꯃꯈ ꯣꯜ    ꯈꯔꯗꯤ    ꯂꯩ ꯍꯧ ꯒꯅꯤ꯫ ,64,26
183,"ꯈ꯭ꯋꯥꯏꯗꯒꯤ ꯃꯔꯨ ꯑꯣꯏꯕ ꯄꯣꯠꯁꯛꯁꯤꯡꯗꯤ ꯂꯩꯆꯤꯟ ꯊꯥꯕ, ꯃꯩꯈꯨ ꯅꯠꯇ꯭ꯔꯒ ꯑꯇꯤꯌꯥ ꯌꯥꯝꯅ ꯁꯦꯡꯕ ꯃꯇꯝꯗ ꯂꯩꯆꯤꯟ ꯑꯆꯧꯕ ꯄꯥꯏꯕ ꯑꯁꯤꯅ ꯆꯤꯡꯕ ꯃꯐꯝ ꯑꯗꯨꯒꯤ ꯏꯁꯤꯡ ꯅꯨꯡꯁꯤꯠꯀꯤ ꯐꯤꯕꯝꯁꯤꯡꯅꯤ꯫","ꯈ꯭ꯋꯥꯏꯗꯒꯤ    ꯃꯔꯨ    ꯑꯣꯏꯕ    ꯄꯣꯠ ꯁꯛ ꯁꯤꯡꯗꯤ    ꯂꯩ ꯆꯤꯟ    ꯊꯥ ꯕ,    ꯃꯩ ꯈ ꯨ    ꯅꯠꯇ꯭ꯔꯒ    ꯑ ꯇꯤꯌꯥ    ꯌꯥꯝꯅ    ꯁꯦꯡꯕ    ꯃꯇꯝꯗ    ꯂꯩ ꯆꯤꯟ    ꯑꯆꯧꯕ    ꯄꯥꯏꯕ    ꯑꯁꯤꯅ    ꯆꯤꯡ ꯕ    ꯃꯐꯝ    ꯑꯗꯨꯒꯤ    ꯏꯁꯤꯡ    ꯅꯨꯡꯁꯤꯠꯀꯤ    ꯐꯤꯕ ꯝ ꯁꯤꯡꯅꯤ꯫ ",112,33
184,"ꯃꯔꯝꯁꯤꯡ ꯑꯁꯤꯅ ꯃꯔꯝ ꯑꯣꯏꯗꯨꯅ, ꯊꯤꯖꯟ ꯍꯨꯝꯖꯟꯕꯗꯨꯅ ꯏꯃꯦꯖ ꯀꯝꯄꯣꯁꯤꯠꯁ ꯁꯤꯖꯟꯅꯕꯗ ꯀꯟꯅ ꯍꯥꯏꯈꯤ꯫","ꯃꯔ ꯝꯁꯤꯡ    ꯑꯁꯤꯅ    ꯃꯔꯝ    ꯑꯣꯏꯗꯨꯅ,    ꯊꯤ ꯖꯟ    ꯍꯨꯝ ꯖꯟ ꯕ ꯗꯨꯅ    ꯏ ꯃꯦ ꯖ    ꯀꯝ ꯄꯣ ꯁꯤ ꯠꯁ    ꯁꯤꯖꯟ ꯅꯕꯗ    ꯀꯟꯅ    ꯍꯥꯏꯈꯤ꯫ ",61,22
185,ꯅꯣꯡꯂꯩ ꯅꯨꯡꯁꯤꯠ ꯁꯦꯝꯒꯠꯅꯕ ꯑꯅꯦꯝꯕ ꯑꯃꯁꯨꯡ ꯃꯌꯥꯏ ꯑꯣꯏꯕ ꯇ꯭ꯔꯣꯄꯣꯁꯐꯤꯌꯔꯗ ꯑꯣꯝꯆꯥꯛꯅꯕꯒꯤ ꯆꯥꯡ ꯑꯗꯨꯝ ꯋꯥꯡꯕ ꯃꯊꯧ ꯇꯥꯏ꯫,ꯅꯣꯡ ꯂꯩ    ꯅꯨꯡꯁꯤꯠ    ꯁꯦꯝꯒꯠ ꯅꯕ    ꯑ ꯅꯦꯝꯕ    ꯑꯃꯁꯨꯡ    ꯃꯌꯥꯏ    ꯑꯣꯏꯕ    ꯇ꯭ꯔꯣ ꯄꯣ ꯁ ꯐꯤ ꯌ ꯔꯗ    ꯑꯣ ꯝ ꯆꯥꯛ ꯅꯕꯒꯤ    ꯆꯥꯡ    ꯑꯗꯨꯝ    ꯋꯥꯡꯕ    ꯃꯊꯧ    ꯇꯥꯏ꯫ ,76,25
186,"ꯑꯁꯨꯝꯅ, ꯍꯩꯖꯤꯀ ꯃꯃꯜ ꯌꯥꯝꯗꯕ ꯃꯑꯣꯡꯒꯤ ꯄꯥꯝꯕꯤꯅ ꯍꯦꯜꯂꯤꯕ ꯎꯃꯛꯒꯤ ꯂꯝ ꯑꯁꯤ ꯃꯇꯨꯡꯗꯗꯤ ꯍꯦꯟꯅ ꯃꯃꯜ ꯂꯩꯔꯛꯄ ꯌꯥꯏ ꯅꯠꯇ꯭ꯔꯒ ꯃꯁꯤꯒꯤ ꯑꯣꯟꯅ ꯇꯩꯅꯕ ꯑꯣꯏꯔꯛꯄ ꯌꯥꯏ꯫","ꯑꯁꯨ ꯝ ꯅ,    ꯍꯩ ꯖꯤ ꯀ    ꯃꯃꯜ    ꯌꯥꯝ ꯗꯕ    ꯃꯑꯣꯡꯒꯤ    ꯄꯥꯝꯕꯤ ꯅ    ꯍꯦ ꯜꯂꯤꯕ    ꯎ ꯃꯛ ꯒꯤ    ꯂꯝ    ꯑꯁꯤ    ꯃꯇꯨꯡ ꯗꯗꯤ    ꯍꯦꯟꯅ    ꯃꯃꯜ    ꯂꯩ ꯔꯛꯄ    ꯌꯥꯏ    ꯅꯠꯇ꯭ꯔꯒ    ꯃꯁꯤꯒꯤ    ꯑꯣ ꯟꯅ    ꯇꯩ ꯅꯕ    ꯑꯣꯏ ꯔꯛꯄ    ꯌꯥꯏ꯫ ",98,35
187,"ꯑꯗꯨꯝ ꯑꯣꯏꯅꯃꯛ, ꯃꯁꯤꯒꯤ ꯃꯥꯑꯣꯡ ꯑꯁꯤ ꯃꯔꯨ ꯑꯣꯏꯅ ꯉꯝꯈꯩ ꯆꯤꯡꯉꯤ ꯃꯔꯝꯗꯤ ꯁꯤꯟ ꯑꯃꯅ ꯀꯣꯟꯕ ꯃꯐꯝ ꯑꯗꯨ ꯍꯦꯟꯒꯠꯂꯛꯄꯅ ꯂꯩꯆꯤꯟ ꯂꯩꯇꯕ ꯁꯤꯟꯁꯤꯡꯒꯤ ꯑꯣꯏꯊꯣꯛꯄ ꯌꯥꯕꯗꯨ ꯍꯟꯊꯩ꯫","ꯑꯗꯨꯝ    ꯑꯣꯏꯅꯃꯛ,    ꯃꯁꯤꯒꯤ    ꯃꯥ ꯑꯣ ꯡ    ꯑꯁꯤ    ꯃꯔꯨ    ꯑꯣꯏꯅ    ꯉꯝꯈꯩ    ꯆꯤꯡ ꯉꯤ    ꯃꯔꯝꯗꯤ    ꯁꯤꯟ    ꯑꯃꯅ    ꯀꯣ ꯟꯕ    ꯃꯐꯝ    ꯑꯗꯨ    ꯍꯦꯟꯒꯠꯂꯛ ꯄꯅ    ꯂꯩ ꯆꯤꯟ    ꯂꯩꯇꯕ    ꯁꯤꯟ ꯁꯤꯡꯒꯤ    ꯑꯣꯏꯊꯣꯛꯄ    ꯌꯥ ꯕꯗꯨ    ꯍꯟꯊ ꯩ꯫ ",104,31
188,"ꯃꯥꯏꯀꯩ ꯑꯁꯤꯗ, ꯃꯜꯇꯤꯚꯦꯔꯤꯌꯦꯠ ꯑꯦꯗꯥꯞꯇꯤꯐ ꯔꯤꯒ꯭ꯔꯦꯁꯟ ꯁꯄ꯭ꯂꯤꯟꯁ (ꯑꯦꯝꯑꯦꯑꯥꯔꯑꯦꯁ) ꯁꯤꯖꯤꯟꯅꯗꯨꯅ ꯂꯩꯕꯥꯛꯀꯤ ꯃꯒꯨꯟ ꯑꯗꯨ ꯂꯩꯕꯥꯛꯀꯤ ꯃꯑꯣꯡ ꯃꯇꯧ ꯑꯗꯨꯗ ꯁꯦꯝꯗꯣꯛ ꯁꯦꯝꯖꯤꯟ ꯇꯧꯅꯕ ꯍꯣꯠꯅꯔꯤ꯫","ꯃꯥꯏꯀꯩ    ꯑꯁꯤꯗ,    ꯃꯜ ꯇꯤ ꯚꯦ ꯔꯤ ꯌꯦꯠ    ꯑꯦ ꯗꯥ ꯞ ꯇꯤ ꯐ    ꯔꯤ ꯒ꯭ꯔ ꯦꯁꯟ    ꯁ ꯄ꯭ꯂꯤ ꯟꯁ    ( ꯑꯦꯝ ꯑꯦ ꯑꯥꯔ ꯑꯦꯁ )    ꯁꯤꯖꯤꯟꯅꯗꯨꯅ    ꯂꯩꯕꯥꯛꯀꯤ    ꯃꯒꯨꯟ    ꯑꯗꯨ    ꯂꯩꯕꯥꯛꯀꯤ    ꯃꯑꯣꯡ    ꯃꯇꯧ    ꯑꯗꯨꯗ    ꯁꯦꯝ ꯗꯣꯛ    ꯁꯦꯝꯖꯤꯟ    ꯇꯧꯅꯕ    ꯍꯣꯠꯅ ꯔꯤ꯫ ",121,38
189,"ꯇꯣꯉꯥꯟ-ꯇꯣꯉꯥꯟꯕ ꯂꯦꯟ ꯀꯕꯔꯒꯤ ꯀꯥꯡꯂꯨꯞꯁꯤꯡ ꯃꯁꯛ ꯈꯪꯗꯣꯛꯅꯕ, ꯃꯁꯤꯅ ꯇꯣꯟ, ꯇꯦꯛꯁꯆꯔ, ꯁꯦꯞ, ꯄꯦꯇꯔꯟ ꯑꯃꯗꯤ ꯑꯇꯩ ꯄꯣꯠ-ꯆꯩꯁꯤꯡꯒ ꯂꯩꯅꯕ ꯃꯔꯤꯒꯨꯝꯕ ꯕꯤꯖꯨꯑꯜ ꯀ꯭ꯌꯨꯁꯤꯡ ꯁꯤꯖꯤꯟꯅꯅꯕ ꯏꯟꯇꯔꯄ꯭ꯔꯤꯇꯔ ꯑꯗꯨꯗ ꯃꯈꯥ ꯄꯣꯜꯂꯤ꯫","ꯇꯣꯉꯥꯟ- ꯇꯣꯉꯥꯟꯕ    ꯂꯦꯟ    ꯀ ꯕꯔꯒꯤ    ꯀꯥꯡꯂꯨꯞꯁꯤꯡ    ꯃꯁꯛ    ꯈꯪꯗꯣꯛ ꯅꯕ,    ꯃꯁꯤꯅ    ꯇꯣ ꯟ,    ꯇꯦꯛ ꯁ ꯆ ꯔ,    ꯁꯦꯞ ,    ꯄꯦ ꯇꯔꯟ    ꯑꯃꯗꯤ    ꯑꯇꯩ    ꯄꯣꯠ- ꯆꯩ ꯁꯤꯡꯒ    ꯂꯩꯅꯕ    ꯃꯔꯤ ꯒꯨꯝꯕ    ꯕꯤ ꯖꯨ ꯑ ꯜ    ꯀ꯭ꯌꯨ ꯁꯤꯡ    ꯁꯤꯖꯤꯟꯅꯅꯕ    ꯏꯟꯇꯔ ꯄ꯭ꯔꯤ ꯇꯔ    ꯑꯗꯨꯗ    ꯃꯈꯥ    ꯄꯣꯜꯂꯤ꯫ ",136,41
190,ꯁꯕꯗꯤꯚꯤꯖꯟ ꯑꯁꯤꯒꯤ ꯆꯍꯤꯒꯤ ꯑꯣꯏꯕ ꯅꯣꯡꯖꯨꯒꯤ ꯆꯥꯎꯔꯥꯛꯅ ꯴꯵% (ꯁꯃꯨꯗꯔ ꯃꯄꯥꯟꯒꯤ ꯃꯐꯝꯁꯤꯡꯒꯤ ꯑꯣꯏꯅ ꯆꯥꯎꯔꯥꯛꯅ ꯶꯰%) ꯑꯁꯤ ꯃꯇꯝ ꯑꯁꯤꯒꯤ ꯃꯅꯨꯡꯗ ꯅꯣꯡ ꯇꯥꯕꯒꯤ ꯆꯥꯡ ꯑꯁꯤꯅ ꯑꯣꯏ꯫,ꯁꯕ ꯗꯤ ꯚꯤ ꯖꯟ    ꯑꯁꯤꯒꯤ    ꯆꯍꯤꯒꯤ    ꯑꯣꯏꯕ    ꯅꯣꯡꯖꯨ ꯒꯤ    ꯆꯥꯎꯔꯥꯛꯅ    ꯴ ꯵ %   ( ꯁꯃꯨ ꯗꯔ    ꯃꯄꯥꯟꯒꯤ    ꯃꯐꯝꯁꯤꯡꯒꯤ    ꯑꯣꯏꯅ    ꯆꯥꯎꯔꯥꯛꯅ    ꯶꯰ % )    ꯑꯁꯤ    ꯃꯇꯝ    ꯑꯁꯤꯒꯤ    ꯃꯅꯨꯡꯗ    ꯅꯣꯡ    ꯇꯥ ꯕꯒꯤ    ꯆꯥꯡ    ꯑꯁꯤꯅ    ꯑꯣꯏ꯫ ,109,33
191,"ꯁꯦꯂꯥꯏꯅꯥꯏꯖꯦꯁꯟ ꯑꯁꯤ ꯑꯌꯥꯝꯕꯅ ꯁꯃꯨꯗ꯭ꯔ ꯃꯄꯥꯟꯒꯤ ꯃꯐꯝꯁꯤꯡ ꯑꯃꯁꯨꯡ ꯅꯧꯔꯤꯕ ꯑꯦꯂꯨꯕꯤꯑꯦꯜ ꯇꯝꯄꯥꯡꯁꯤꯡꯒ ꯃꯔꯤ ꯂꯩꯅꯔꯕꯁꯨ, ꯑꯜꯀꯥꯂꯥꯏꯖꯦꯁꯟ ꯑꯁꯤ ꯑꯌꯥꯝꯕꯅ ꯂꯩꯕꯥꯛ ꯃꯅꯨꯡ ꯑꯃꯁꯨꯡ ꯑꯔꯤꯕ ꯑꯦꯂꯨꯕꯤꯑꯦꯜ ꯇꯝꯄꯥꯡꯁꯤꯡꯗ ꯊꯣꯛꯏ꯫","ꯁꯦ ꯂꯥꯏ ꯅꯥꯏꯖ ꯦꯁꯟ    ꯑꯁꯤ    ꯑꯌꯥꯝꯕꯅ    ꯁꯃꯨꯗ꯭ꯔ    ꯃꯄꯥꯟꯒꯤ    ꯃꯐꯝꯁꯤꯡ    ꯑꯃꯁꯨꯡ    ꯅꯧ ꯔꯤꯕ    ꯑꯦ ꯂꯨ ꯕꯤ ꯑꯦꯜ    ꯇꯝ ꯄꯥꯡ ꯁꯤꯡꯒ    ꯃꯔꯤ    ꯂꯩꯅ ꯔꯕꯁꯨ,    ꯑꯜ ꯀꯥ ꯂꯥꯏꯖ ꯦꯁꯟ    ꯑꯁꯤ    ꯑꯌꯥꯝꯕꯅ    ꯂꯩꯕꯥꯛ    ꯃꯅꯨꯡ    ꯑꯃꯁꯨꯡ    ꯑꯔꯤꯕ    ꯑꯦ ꯂꯨ ꯕꯤ ꯑꯦꯜ    ꯇꯝ ꯄꯥꯡ ꯁꯤꯡꯗ    ꯊꯣꯛꯏ꯫ ",139,40
192,"ꯆꯨꯁꯤꯟꯅꯕꯒꯤ ꯊꯧꯑꯣꯡ ꯑꯃꯗꯤ ꯊꯧꯗꯥꯡꯒꯤ ꯃꯅꯨꯡꯗ ꯏꯁꯤꯡ ꯌꯥꯝꯅ ꯊꯨꯝꯕꯒꯤ ꯈꯨꯗꯣꯡꯊꯤꯅꯤꯡꯉꯥꯏ ꯑꯣꯏꯕ ꯃꯐꯝꯁꯤꯡꯗ ꯅꯧꯅ ꯁꯦꯝꯒꯠ-ꯁꯥꯒꯠꯄ ꯊꯤꯡꯕ, ꯏꯁꯤꯡ ꯆꯨꯞꯁꯤꯟꯗꯕ ꯂꯩꯃꯥꯏꯁꯤꯡꯗꯒꯤ ꯌꯥꯝꯅ ꯌꯥꯡꯅ ꯏꯁꯤꯡ ꯆꯦꯟꯊꯕ ꯍꯟꯊꯍꯟꯕ, ꯅꯧꯅ ꯁꯥꯒꯠꯄꯁꯤꯡꯗ ꯅꯣꯡꯂꯩ-ꯅꯨꯡꯁꯤꯠꯀꯤ ꯏꯁꯤꯡ ꯊꯝꯅꯕ ꯁ꯭ꯇ꯭ꯔꯛꯆꯔꯁꯤꯡꯒꯤ ꯃꯊꯧ ꯇꯥꯕꯁꯤꯡ ꯑꯗꯨ ꯍꯣꯡꯕ ꯑꯃꯗꯤ ꯑꯀꯟꯕ ꯅꯣꯡꯂꯩ-ꯅꯨꯡꯁꯤꯠꯁꯤꯡꯗꯒꯤ ꯏꯁꯤꯡ ꯆꯦꯟꯊꯕ ꯍꯟꯊꯍꯟꯕ ꯄꯥꯠꯊꯤ-ꯀꯣꯝꯊꯤꯁꯤꯡ ꯉꯥꯛ-ꯁꯦꯟꯕ ꯌꯥꯎꯋꯤ꯫","ꯆꯨ ꯁꯤꯟ ꯅꯕꯒꯤ    ꯊꯧꯑꯣꯡ    ꯑꯃꯗꯤ    ꯊꯧꯗꯥꯡ ꯒꯤ    ꯃꯅꯨꯡꯗ    ꯏꯁꯤꯡ    ꯌꯥꯝꯅ    ꯊꯨꯝ ꯕꯒꯤ    ꯈꯨꯗꯣꯡꯊꯤ ꯅꯤꯡꯉꯥꯏ    ꯑꯣꯏꯕ    ꯃꯐꯝꯁꯤꯡꯗ    ꯅꯧꯅ    ꯁꯦꯝꯒꯠ - ꯁꯥꯒꯠ ꯄ    ꯊꯤꯡ ꯕ,    ꯏꯁꯤꯡ    ꯆꯨꯞ ꯁꯤꯟ ꯗꯕ    ꯂꯩ ꯃꯥꯏ ꯁꯤꯡꯗꯒꯤ    ꯌꯥꯝꯅ    ꯌꯥꯡ ꯅ    ꯏꯁꯤꯡ    ꯆꯦꯟ ꯊꯕ    ꯍꯟꯊ ꯍꯟ ꯕ,    ꯅꯧꯅ    ꯁꯥꯒꯠ ꯄ ꯁꯤꯡꯗ    ꯅꯣꯡ ꯂꯩ- ꯅꯨꯡꯁꯤꯠꯀꯤ    ꯏꯁꯤꯡ    ꯊꯝꯅꯕ    ꯁ꯭ꯇ꯭ꯔ ꯛ ꯆꯔ ꯁꯤꯡꯒꯤ    ꯃꯊꯧ    ꯇꯥ ꯕꯁꯤꯡ    ꯑꯗꯨ    ꯍꯣꯡꯕ    ꯑꯃꯗꯤ    ꯑꯀꯟꯕ    ꯅꯣꯡ ꯂꯩ- ꯅꯨꯡꯁꯤ ꯠ ꯁꯤꯡꯗꯒꯤ    ꯏꯁꯤꯡ    ꯆꯦꯟ ꯊꯕ    ꯍꯟꯊ ꯍꯟꯕ    ꯄꯥ ꯠ ꯊꯤ - ꯀꯣꯝ ꯊꯤ ꯁꯤꯡ    ꯉꯥꯛ-ꯁꯦꯟ ꯕ    ꯌꯥꯎꯋꯤ꯫ ",266,79
193,ꯂꯝ ꯁꯤꯖꯤꯟꯅꯕꯒꯤ ꯄꯣꯔꯝ ꯌꯥꯠꯄ ꯑꯁꯤꯅ ꯑꯁꯪꯕ ꯃꯐꯝꯁꯤꯡ ꯁꯦꯟꯅꯗꯨꯅ ꯊꯝꯕ ꯑꯃꯁꯨꯡ ꯁꯥꯒꯠꯅꯕꯒꯤ ꯄꯣꯠꯆꯥꯛ ꯇꯣꯉꯥꯟ-ꯇꯣꯉꯥꯟꯕ ꯁꯤꯖꯤꯟꯅꯕꯒꯤ ꯈꯨꯠꯊꯥꯡꯗ ꯑꯔꯕꯥꯟ ꯍꯤꯠ ꯏꯐꯦꯛꯁꯤꯡ ꯍꯟꯊꯍꯟꯒꯗꯕꯅꯤ꯫,ꯂꯝ    ꯁꯤꯖꯤꯟꯅꯕꯒꯤ    ꯄꯣꯔ ꯝ    ꯌꯥ ꯠꯄ    ꯑꯁꯤꯅ    ꯑ ꯁꯪꯕ    ꯃꯐꯝꯁꯤꯡ    ꯁꯦꯟ ꯅꯗꯨꯅ    ꯊꯝꯕ    ꯑꯃꯁꯨꯡ    ꯁꯥꯒꯠ ꯅꯕꯒꯤ    ꯄꯣꯠ ꯆꯥꯛ    ꯇꯣꯉꯥꯟ- ꯇꯣꯉꯥꯟꯕ    ꯁꯤꯖꯤꯟꯅꯕꯒꯤ    ꯈꯨꯠꯊꯥꯡꯗ    ꯑꯔꯕ ꯥꯟ    ꯍꯤ ꯠ    ꯏ ꯐꯦ ꯛꯁꯤꯡ    ꯍꯟꯊ ꯍꯟ ꯒꯗꯕꯅꯤ꯫ ,116,32
194,"ꯃꯁꯤꯒꯤ ꯑꯔꯨꯕ ꯑꯆꯞꯄ ꯂꯣꯛꯆꯞꯁꯤꯡ, ꯖꯣꯔꯣ-ꯖꯣꯔꯣ ꯇꯥꯔꯤꯕ ꯏꯁꯤꯡꯆꯥꯏꯕꯤꯁꯤꯡ ꯑꯃꯗꯤ ꯁꯨꯡꯂꯕ ꯇꯤꯛꯀꯤ ꯎꯃꯪꯁꯤꯡꯒ ꯂꯣꯏꯅꯅ ꯄꯟꯅꯥ ꯅꯦꯁꯅꯦꯜ ꯄꯥꯔꯛ ꯑꯁꯤ, ꯆꯤꯡꯁꯥꯡꯁꯤꯡ, ꯑꯔꯨꯕ ꯇꯝꯁꯤꯡ ꯑꯃꯗꯤ ꯂꯣꯛꯆꯞꯁꯤꯡꯅ ꯃꯔꯛ-ꯃꯔꯛꯇ ꯂꯩꯕ ꯄꯥꯛ-ꯆꯥꯎꯅ ꯁꯟꯗꯣꯛꯄ ꯏꯍꯥꯡ-ꯍꯥꯡꯕ ꯂꯝꯁꯤꯡ ꯂꯩꯕ, ꯃꯔꯨ ꯑꯣꯏꯅ ꯄ꯭ꯂꯦꯇꯨ ꯑꯃꯅꯤ꯫","ꯃꯁꯤꯒꯤ    ꯑꯔꯨꯕ    ꯑꯆ ꯞꯄ    ꯂꯣꯛ ꯆ ꯞ ꯁꯤꯡ,    ꯖꯣ ꯔꯣ - ꯖꯣ ꯔꯣ    ꯇꯥꯔꯤ ꯕ    ꯏꯁꯤꯡꯆꯥꯏ ꯕꯤꯁꯤꯡ    ꯑꯃꯗꯤ    ꯁꯨꯡ ꯂꯕ    ꯇꯤꯛꯀꯤ    ꯎꯃꯪ ꯁꯤꯡꯒ    ꯂꯣꯏꯅꯅ    ꯄꯟ ꯅꯥ    ꯅꯦꯁꯅꯦꯜ    ꯄꯥꯔꯛ    ꯑꯁꯤ,    ꯆꯤꯡ ꯁꯥꯡ ꯁꯤꯡ,    ꯑꯔꯨꯕ    ꯇꯝ ꯁꯤꯡ    ꯑꯃꯗꯤ    ꯂꯣꯛ ꯆ ꯞ ꯁꯤꯡꯅ    ꯃꯔ ꯛ- ꯃꯔꯛꯇ    ꯂꯩꯕ    ꯄꯥꯛ- ꯆꯥꯎꯅ    ꯁꯟꯗꯣꯛꯄ    ꯏ ꯍꯥꯡ - ꯍꯥꯡ ꯕ    ꯂꯝꯁꯤꯡ    ꯂꯩꯕ,    ꯃꯔꯨ    ꯑꯣꯏꯅ    ꯄ꯭ꯂꯦ ꯇꯨ    ꯑꯃꯅꯤ꯫ ",185,59
195,"ꯏꯁꯤꯡꯒꯤ ꯃꯒꯨꯟ ꯁꯣꯛꯍꯟꯕ ꯑꯆꯧꯕ ꯃꯆꯥꯛꯁꯤꯡꯗꯤ ꯇꯥꯎꯔꯒ ꯂꯩꯕ ꯁꯦꯗꯤꯃꯦꯟ꯭ꯇꯁꯤꯡ, ꯑꯜꯒꯤ, ꯀꯦꯃꯤꯀꯦꯜꯁꯤꯡ, ꯗꯤꯖꯣꯜꯕ ꯑꯣꯔꯒꯥꯅꯤꯛ ꯃꯦꯇꯔ (ꯗꯤ","ꯏꯁꯤꯡꯒꯤ    ꯃꯒꯨꯟ    ꯁꯣꯛ ꯍꯟꯕ    ꯑꯆꯧꯕ    ꯃꯆꯥꯛ ꯁꯤꯡꯗꯤ    ꯇꯥꯎ ꯔꯒ    ꯂꯩꯕ    ꯁꯦ ꯗꯤ ꯃꯦꯟ ꯭ꯇ ꯁꯤꯡ,    ꯑꯜ ꯒꯤ,    ꯀꯦꯃꯤ ꯀꯦ ꯜ ꯁꯤꯡ,    ꯗꯤ ꯖꯣ ꯜ ꯕ    ꯑꯣꯔ ꯒꯥ ꯅꯤꯛ    ꯃꯦ ꯇꯔ    ( ꯗꯤ ",87,32
196,ꯑꯣ,ꯑꯣ ,2,1
197,ꯑꯦꯝ,ꯑꯦ ꯝ ,3,2
198,"), ꯊꯔꯃꯦꯜ ꯔꯤꯂꯤꯖꯁꯤꯡ, ꯏꯁꯤꯡꯗ ꯂꯩꯕ ꯚꯥꯁꯀ꯭ꯌꯨꯂꯔ ꯑꯣꯏꯕ ꯄꯥꯝꯕꯤꯁꯤꯡ, ꯄꯦꯊꯣꯖꯦꯟꯁꯤꯡ, ꯑꯃꯁꯨꯡ ꯊꯩꯎꯁꯤꯡꯅꯤ꯫","),    ꯊ ꯔ ꯃꯦꯜ    ꯔꯤ ꯂꯤ ꯖ ꯁꯤꯡ,    ꯏꯁꯤꯡꯗ    ꯂꯩꯕ    ꯚꯥ ꯁ ꯀ꯭ꯌꯨ ꯂꯔ    ꯑꯣꯏꯕ    ꯄꯥꯝꯕꯤ ꯁꯤꯡ,    ꯄꯦ ꯊꯣ ꯖꯦꯟ ꯁꯤꯡ,    ꯑꯃꯁꯨꯡ    ꯊꯩ ꯎ ꯁꯤꯡꯅꯤ꯫ ",71,25
199,"ꯇꯥꯎꯔꯒ ꯂꯩꯕ ꯁꯦꯗꯤꯃꯦꯟ꯭ꯇꯁꯤꯡ, ꯑꯜꯒꯤ, ꯗꯤ","ꯇꯥꯎ ꯔꯒ    ꯂꯩꯕ    ꯁꯦ ꯗꯤ ꯃꯦꯟ ꯭ꯇ ꯁꯤꯡ,    ꯑꯜ ꯒꯤ,    ꯗꯤ ",28,11
200,ꯑꯣ,ꯑꯣ ,2,1
201,ꯑꯦꯝ,ꯑꯦ ꯝ ,3,2
202,", ꯊꯥꯎꯁꯤꯡ, ꯏꯁꯤꯡꯗ ꯂꯩꯕ ꯚꯥꯁꯀ꯭ꯌꯨꯂꯔ ꯑꯣꯏꯕ ꯄꯥꯝꯕꯤꯁꯤꯡ ꯑꯃꯗꯤ ꯊꯔꯃꯦꯜ ꯔꯤꯂꯤꯖꯁꯤꯡꯒꯨꯝꯕ ꯄꯦꯔꯥꯃꯤꯇꯔꯁꯤꯡ ꯑꯁꯤꯒꯤ ꯃꯅꯨꯡꯗ ꯈꯔꯗꯤ ꯏꯅꯔꯖꯤ ꯁ꯭ꯄꯦꯛꯇ꯭ꯔꯥꯗ ꯍꯛꯊꯦꯡꯅꯅ ꯏꯊꯤꯜ ꯄꯤ ꯑꯃꯁꯨꯡ ꯃꯔꯝ ꯑꯗꯨꯅ ꯔꯤꯃꯣꯠ ꯁꯦꯟꯁꯤꯡ ꯇꯦꯛꯅꯤꯛꯁꯤꯡꯅ ꯆꯥꯡ ꯑꯣꯟꯕ ꯌꯥꯏ꯫",",    ꯊ ꯥꯎ ꯁꯤꯡ,    ꯏꯁꯤꯡꯗ    ꯂꯩꯕ    ꯚꯥ ꯁ ꯀ꯭ꯌꯨ ꯂꯔ    ꯑꯣꯏꯕ    ꯄꯥꯝꯕꯤ ꯁꯤꯡ    ꯑꯃꯗꯤ    ꯊ ꯔ ꯃꯦꯜ    ꯔꯤ ꯂꯤ ꯖ ꯁꯤꯡꯒꯨꯝꯕ    ꯄꯦꯔꯥ ꯃꯤ ꯇꯔꯁꯤꯡ    ꯑꯁꯤꯒꯤ    ꯃꯅꯨꯡꯗ    ꯈꯔꯗꯤ    ꯏ ꯅꯔ ꯖꯤ    ꯁ꯭ꯄꯦ ꯛ ꯇ꯭ꯔ ꯥꯗ    ꯍꯛꯊꯦꯡꯅꯅ    ꯏꯊꯤꯜ    ꯄꯤ    ꯑꯃꯁꯨꯡ    ꯃꯔꯝ    ꯑꯗꯨꯅ    ꯔꯤ ꯃꯣ ꯠ    ꯁꯦꯟ ꯁꯤꯡ    ꯇꯦꯛꯅꯤ ꯛ ꯁꯤꯡꯅ    ꯆꯥꯡ    ꯑꯣ ꯟꯕ    ꯌꯥꯏ꯫ ",155,52
203,ꯃꯃꯜ ꯌꯥꯝꯂꯕ ꯀꯣꯟꯆꯥꯛꯁꯤꯡꯒꯤꯗꯃꯛ ꯈꯣꯡ ꯇꯧꯔꯤꯉꯩꯗ ꯃꯊꯛ ꯊꯪꯕ ꯂꯩꯕꯥꯛ ꯂꯧꯊꯣꯛꯄ ꯑꯃꯁꯨꯡ ꯃꯁꯤꯒꯤ ꯑꯀꯣꯏꯕꯗ ꯂꯩꯕ ꯂꯧꯕꯨꯛꯁꯤꯡꯗ ꯑꯀꯥꯏꯕ ꯄꯤꯕ ꯑꯁꯤ ꯂꯝ ꯃꯥꯡ-ꯇꯥꯛꯍꯟꯕꯒꯤ ꯑꯇꯣꯞꯄ ꯁꯛꯇꯝꯅꯤ꯫,ꯃꯃꯜ    ꯌꯥꯝꯂꯕ    ꯀꯣꯟ ꯆꯥꯛ ꯁꯤꯡꯒꯤꯗꯃꯛ    ꯈꯣꯡ    ꯇꯧ ꯔꯤ ꯉꯩꯗ    ꯃꯊꯛ    ꯊꯪꯕ    ꯂꯩꯕꯥꯛ    ꯂꯧꯊꯣꯛꯄ    ꯑꯃꯁꯨꯡ    ꯃꯁꯤꯒꯤ    ꯑꯀꯣꯏꯕꯗ    ꯂꯩꯕ    ꯂꯧ ꯕꯨ ꯛ ꯁꯤꯡꯗ    ꯑꯀꯥꯏꯕ    ꯄꯤꯕ    ꯑꯁꯤ    ꯂꯝ    ꯃꯥꯡ -ꯇꯥꯛ ꯍꯟꯕꯒꯤ    ꯑꯇꯣꯞꯄ    ꯁꯛꯇ ꯝ ꯅꯤ꯫ ,114,32
204,ꯄꯥꯝꯕꯤꯒꯤ ꯑꯔꯦꯝꯈꯥꯛꯁꯤꯡ ꯂꯧꯊꯣꯛꯄ ꯑꯁꯤꯅ ꯂꯩꯕꯥꯛꯀꯤ ꯑꯣꯔꯒꯥꯅꯤꯛ ꯃꯦꯇꯔꯒꯤ ꯆꯥꯡꯁꯨ ꯍꯟꯊꯍꯜꯂꯤ꯫,ꯄꯥꯝꯕꯤ ꯒꯤ    ꯑꯔꯦ ꯝ ꯈ ꯥꯛ ꯁꯤꯡ    ꯂꯧꯊꯣꯛꯄ    ꯑꯁꯤꯅ    ꯂꯩꯕꯥꯛꯀꯤ    ꯑꯣꯔ ꯒꯥ ꯅꯤꯛ    ꯃꯦ ꯇꯔꯒꯤ    ꯆꯥꯡ ꯁꯨ    ꯍꯟꯊ ꯍꯜꯂꯤ꯫ ,61,19
205,ꯁꯦꯂꯤꯅꯥꯏꯖꯦꯁꯟ ꯑꯃꯁꯨꯡ ꯑꯜꯀꯥꯂꯥꯏꯖꯦꯁꯟ ꯑꯁꯤ ꯁꯦꯃꯤꯑꯦꯔꯤꯗ ꯑꯃꯁꯨꯡ ꯑꯦꯔꯤꯗ ꯑꯣꯏꯕ ꯃꯐꯝꯁꯤꯡꯗ ꯊꯣꯛꯄ ꯁꯃꯁ꯭ꯌꯥꯁꯤꯡꯅꯤ꯫,ꯁꯦ ꯂꯤ ꯅꯥꯏꯖ ꯦꯁꯟ    ꯑꯃꯁꯨꯡ    ꯑꯜ ꯀꯥ ꯂꯥꯏꯖ ꯦꯁꯟ    ꯑꯁꯤ    ꯁꯦꯃꯤ ꯑꯦ ꯔꯤꯗ    ꯑꯃꯁꯨꯡ    ꯑꯦ ꯔꯤꯗ    ꯑꯣꯏꯕ    ꯃꯐꯝꯁꯤꯡꯗ    ꯊꯣꯛꯄ    ꯁ ꯃ ꯁ꯭ ꯌꯥ ꯁꯤꯡꯅꯤ꯫ ,76,24
206,ꯂꯩꯕꯥꯛꯁꯤꯡꯒꯤ ꯀꯥꯡꯂꯨꯞ ꯈꯨꯗꯤꯡꯃꯛ ꯃꯍꯧꯁꯥꯅ ꯄꯦꯗꯣꯟ ꯅꯠꯇ꯭ꯔꯒ ꯃꯣꯈꯣꯏꯒꯤ ꯀꯥꯡꯂꯨꯞꯅ ꯂꯥꯡꯂꯣꯟ ꯅꯥꯏꯅ ꯈꯥꯏꯗꯣꯛꯏ꯫,ꯂꯩꯕꯥꯛꯁꯤꯡꯒꯤ    ꯀꯥꯡꯂꯨꯞ    ꯈꯨꯗꯤꯡꯃꯛ    ꯃꯍꯧꯁꯥꯅ    ꯄꯦ ꯗꯣ ꯟ    ꯅꯠꯇ꯭ꯔꯒ    ꯃꯣ ꯈ ꯣꯏꯒꯤ    ꯀꯥꯡꯂꯨ ꯞꯅ    ꯂꯥꯡ ꯂꯣꯟ    ꯅꯥꯏꯅ    ꯈꯥꯏꯗꯣꯛꯏ꯫ ,72,17
207,"ꯁꯣꯏꯜ ꯃꯦꯞꯄꯤꯡ ꯑꯁꯤ ꯃꯐꯝ ꯑꯗꯨꯒꯤ ꯐꯤꯖꯤꯑꯣꯒ꯭ꯔꯥꯐꯤ, ꯑꯏꯪ-ꯑꯁꯥ ꯑꯃꯗꯤ ꯅꯥꯄꯤ-ꯁꯤꯡꯕꯤꯁꯤꯡꯗ ꯌꯨꯝꯐꯝ ꯑꯣꯏꯗꯨꯅ ꯇꯣꯉꯥꯟ-ꯇꯣꯉꯥꯟꯕ ꯃꯈꯜꯁꯤꯡꯒꯤ ꯂꯩꯕꯥꯛꯁꯤꯡꯒꯤ ꯃꯁꯛ ꯈꯪꯗꯣꯛꯄ, ꯁꯟꯗꯣꯛꯅ ꯇꯥꯛꯄ ꯑꯃꯗꯤ ꯌꯦꯛꯇꯨꯅ ꯇꯥꯛꯄ, ꯐꯤꯜꯗꯋꯔꯛ ꯑꯃꯁꯨꯡ ꯂꯦꯕꯣꯔꯦꯇꯣꯔꯤ ꯗꯦꯇꯥꯒꯤ ꯈꯨꯠꯊꯥꯡꯗ ꯆꯨꯝꯃꯦ ꯍꯥꯏꯅ ꯈꯪꯗꯣꯛꯄ ꯑꯃꯗꯤ ꯁ꯭ꯇꯦꯟꯗꯔꯗ ꯕꯦꯖ ꯃꯦꯞ ꯑꯃꯗ ꯌꯦꯛ-ꯈꯣꯠꯇꯨꯅ ꯎꯠꯄ ꯑꯁꯤ ꯌꯥꯎꯋꯤ꯫","ꯁꯣꯏ ꯜ    ꯃꯦ ꯞ ꯄꯤꯡ    ꯑꯁꯤ    ꯃꯐꯝ    ꯑꯗꯨꯒꯤ    ꯐꯤ ꯖꯤꯑꯣ ꯒ꯭ꯔꯥꯐꯤ ,    ꯑꯏꯪ -ꯑ ꯁꯥ    ꯑꯃꯗꯤ    ꯅꯥ ꯄꯤ -ꯁꯤꯡ ꯕꯤ ꯁꯤꯡꯗ    ꯌꯨꯝꯐꯝ    ꯑꯣꯏꯗꯨꯅ    ꯇꯣꯉꯥꯟ- ꯇꯣꯉꯥꯟꯕ    ꯃꯈ ꯜꯁꯤꯡꯒꯤ    ꯂꯩꯕꯥꯛꯁꯤꯡꯒꯤ    ꯃꯁꯛ    ꯈꯪꯗꯣꯛ ꯄ,    ꯁꯟꯗꯣꯛꯅ    ꯇꯥꯛꯄ    ꯑꯃꯗꯤ    ꯌꯦ ꯛꯇꯨꯅ    ꯇꯥꯛ ꯄ,    ꯐꯤꯜ ꯗ ꯋꯔ ꯛ    ꯑꯃꯁꯨꯡ    ꯂꯦ ꯕꯣ ꯔꯦ ꯇꯣ ꯔꯤ    ꯗꯦ ꯇꯥꯒꯤ    ꯈꯨꯠꯊꯥꯡꯗ    ꯆꯨꯝ ꯃꯦ    ꯍꯥꯏꯅ    ꯈꯪ ꯗꯣꯛꯄ    ꯑꯃꯗꯤ    ꯁ꯭ꯇꯦꯟ ꯗ ꯔꯗ    ꯕꯦ ꯖ    ꯃꯦ ꯞ    ꯑꯃꯗ    ꯌꯦ ꯛ- ꯈꯣꯠ ꯇꯨꯅ    ꯎꯠꯄ    ꯑꯁꯤ    ꯌꯥꯎꯋꯤ꯫ ",228,72
208,ꯃꯁꯤꯅ ꯃꯍꯧꯁꯥꯒꯤ ꯈꯜꯗ ꯄꯣꯠꯂꯨꯝ ꯍꯦꯟꯒꯠꯍꯟꯒꯅꯤ꯫,ꯃꯁꯤꯅ    ꯃꯍꯧꯁꯥꯒꯤ    ꯈ ꯜꯗ    ꯄꯣꯠ ꯂꯨ ꯝ    ꯍꯦꯟꯒꯠ ꯍꯟ ꯒꯅꯤ꯫ ,31,10
209,"ꯃꯔꯝ ꯑꯗꯨꯅ, ꯁꯣꯏꯜ ꯔꯤꯁꯣꯔꯁ ꯄꯨꯝꯅꯃꯛ ꯌꯥꯎꯔꯕ ꯃꯔꯣꯜꯁꯤꯡ ꯑꯃꯗꯤ ꯃꯈꯣꯏꯒꯤ ꯄꯣꯇꯦꯟꯁꯤꯑꯦꯜ/ꯇꯧꯕ ꯉꯝꯗꯕꯁꯤꯡ/ꯇꯧꯕ ꯉꯝꯕꯁꯤꯡ ꯑꯁꯤ ꯀꯃꯥꯟꯗ ꯑꯦꯔꯤꯌꯥ ꯆꯥꯎꯈꯠꯍꯟꯕ, ꯏꯊꯠꯐꯝꯁꯤꯡꯗ ꯂꯩꯕꯥꯛ-ꯂꯩꯍꯥꯎ ꯀꯟꯕ, ꯁꯁꯇꯦꯅꯦꯕꯜ ꯑꯣꯏꯕ ꯂꯧꯎ-ꯁꯤꯡꯎꯕ, ꯋꯥꯇꯔꯁꯦꯗ ꯃꯦꯅꯦꯖꯃꯦꯟ꯭ꯇ, ꯊꯥꯛ ꯍꯟꯊꯔꯕ ꯂꯝꯁꯤꯡ ꯔꯤꯀ꯭ꯂꯦꯝ ꯇꯧꯕ, ꯑꯁꯤꯅꯆꯤꯡꯕꯒꯨꯝꯕ ꯃꯈꯜꯃꯈꯥ ꯀꯌꯥꯒꯤ ꯊꯕꯛꯁꯤꯡꯒꯤꯗꯃꯛꯇ ꯃꯊꯧ ꯇꯥꯏ꯫","ꯃꯔꯝ    ꯑꯗꯨ ꯅ,    ꯁꯣꯏ ꯜ    ꯔꯤ ꯁꯣꯔ ꯁ    ꯄꯨꯝꯅꯃꯛ    ꯌꯥꯎ ꯔꯕ    ꯃꯔꯣ ꯜꯁꯤꯡ    ꯑꯃꯗꯤ    ꯃꯈꯣꯏꯒꯤ    ꯄꯣ ꯇꯦꯟ ꯁꯤ ꯑꯦꯜ / ꯇꯧꯕ    ꯉꯝ ꯗꯕ ꯁꯤꯡ / ꯇꯧꯕ    ꯉ ꯝꯕ ꯁꯤꯡ    ꯑꯁꯤ    ꯀꯃꯥꯟ ꯗ    ꯑꯦ ꯔꯤꯌꯥ    ꯆꯥꯎꯈꯠ ꯍꯟ ꯕ,    ꯏꯊ ꯠ ꯐꯝꯁꯤꯡꯗ    ꯂꯩꯕꯥꯛ - ꯂꯩꯍꯥꯎ    ꯀꯟ ꯕ,    ꯁ ꯁꯇꯦ ꯅꯦ ꯕꯜ    ꯑꯣꯏꯕ    ꯂꯧꯎ-ꯁꯤꯡꯎ ꯕ,    ꯋꯥꯇꯔ ꯁꯦ ꯗ    ꯃꯦꯅꯦ ꯖ ꯃꯦꯟ ꯭ ꯇ,    ꯊꯥꯛ    ꯍꯟꯊ ꯔꯕ    ꯂꯝꯁꯤꯡ    ꯔꯤ ꯀ꯭ꯂꯦ ꯝ    ꯇꯧ ꯕ,    ꯑꯁꯤꯅꯆꯤꯡ ꯕ ꯒꯨꯝꯕ    ꯃꯈ ꯜ ꯃꯈꯥ    ꯀꯌꯥꯒꯤ    ꯊꯕꯛ ꯁꯤꯡꯒꯤꯗꯃꯛꯇ    ꯃꯊꯧ    ꯇꯥꯏ꯫ ",230,80
210,ꯃꯁꯤꯒꯤ ꯔꯤꯚ꯭ꯌꯨ ꯑꯁꯤ ꯃꯄꯨꯡꯐꯥꯕ ꯑꯣꯏꯗꯦ ꯑꯃꯗꯤ ꯍꯧꯖꯤꯛ ꯂꯩꯔꯤꯕ ꯇꯦꯛꯅꯤꯛꯁꯤꯡ ꯑꯁꯤ ꯁꯦꯜꯂ꯭ꯌꯨꯂꯔ ꯑꯃꯗꯤ ꯑꯖꯦꯟ꯭ꯇꯇ ꯌꯨꯝꯐꯝ ꯑꯣꯏꯕ ꯃꯣꯗꯦꯜꯁꯤꯡ ꯄꯨꯟꯁꯤꯟꯕ ꯃꯣꯗꯦꯜꯁꯤꯡ ꯑꯗꯨꯅ ꯃꯄꯨꯡꯐꯥꯍꯟꯕ ꯃꯑꯣꯡꯁꯤꯡ ꯑꯗꯨ ꯃꯆꯪ ꯑꯣꯏꯅ ꯎꯠꯅꯕꯈꯛꯇꯒꯤ ꯃꯊꯧ ꯇꯧꯋꯤ꯫,ꯃꯁꯤꯒꯤ    ꯔꯤꯚ ꯭ꯌꯨ    ꯑꯁꯤ    ꯃꯄꯨꯡ ꯐꯥꯕ    ꯑꯣꯏ ꯗꯦ    ꯑꯃꯗꯤ    ꯍꯧꯖꯤꯛ    ꯂꯩꯔꯤꯕ    ꯇꯦꯛꯅꯤ ꯛꯁꯤꯡ    ꯑꯁꯤ    ꯁꯦ ꯜꯂ ꯭ꯌꯨ ꯂꯔ    ꯑꯃꯗꯤ    ꯑ ꯖꯦꯟ ꯭ꯇ ꯇ    ꯌꯨꯝꯐꯝ    ꯑꯣꯏꯕ    ꯃꯣꯗꯦ ꯜꯁꯤꯡ    ꯄꯨꯟ ꯁꯤꯟꯕ    ꯃꯣꯗꯦ ꯜꯁꯤꯡ    ꯑꯗꯨꯅ    ꯃꯄꯨꯡ ꯐꯥ ꯍꯟꯕ    ꯃꯑꯣꯡꯁꯤꯡ    ꯑꯗꯨ    ꯃꯆ ꯪ    ꯑꯣꯏꯅ    ꯎꯠ ꯅꯕ ꯈꯛꯇ ꯒꯤ    ꯃꯊꯧ    ꯇꯧꯋꯤ꯫ ,151,46
211,ꯀꯔꯤꯒꯨꯝꯕ ꯂꯦꯟ ꯀꯕꯔ ꯌꯦꯛꯇꯨꯅ ꯇꯥꯛꯄꯁꯤꯡ ꯑꯁꯤ ꯀꯝꯄ꯭ꯌꯨꯇꯔ ꯏꯁꯀ꯭ꯔꯤꯟꯗ ꯇꯧꯔꯕꯗꯤ ꯌꯦꯛꯇꯨꯅ ꯇꯥꯛꯄꯒꯤ ꯊꯧꯑꯣꯡꯒꯤ ꯃꯅꯨꯡꯗ ꯂꯦꯟ ꯀꯕꯔꯒꯤ ꯃꯦꯞ ꯑꯗꯨ ꯁꯦꯝꯃꯤ꯫,ꯀꯔꯤꯒꯨꯝꯕ    ꯂꯦꯟ    ꯀ ꯕꯔ    ꯌꯦ ꯛꯇꯨꯅ    ꯇꯥꯛ ꯄꯁꯤꯡ    ꯑꯁꯤ    ꯀꯝꯄ꯭ꯌꯨꯇꯔ    ꯏꯁ ꯀ꯭ꯔꯤ ꯟꯗ    ꯇꯧ ꯔꯕꯗꯤ    ꯌꯦ ꯛꯇꯨꯅ    ꯇꯥꯛ ꯄꯒꯤ    ꯊꯧꯑꯣ ꯡꯒꯤ    ꯃꯅꯨꯡꯗ    ꯂꯦꯟ    ꯀ ꯕꯔꯒꯤ    ꯃꯦ ꯞ    ꯑꯗꯨ    ꯁꯦꯝꯃꯤ꯫ ,95,29
212,ꯅꯩꯅꯔꯣꯏ ꯑꯗꯨꯅ ꯏꯃꯦꯖ ꯑꯗꯨ ꯀꯝꯄ꯭ꯌꯨꯇꯔ ꯏꯁꯀ꯭ꯔꯤꯟ ꯅꯠꯇ꯭ꯔꯒ ꯍꯥꯔꯗ-ꯀꯣꯄꯤ ꯄ꯭ꯔꯤꯟꯑꯥꯎꯠ ꯑꯃꯗ ꯌꯦꯡꯉꯤ ꯑꯗꯨꯒ ꯑꯀꯛꯅꯕ ꯂꯦꯟ ꯀꯕꯔ ꯃꯈꯜ ꯑꯃ ꯑꯣꯏꯅ ꯈꯪꯗꯣꯛꯂꯕ ꯃꯐꯝꯁꯤꯡ ꯑꯗꯨꯒꯤ ꯑꯀꯣꯏꯕꯗ ꯄꯣꯂꯤꯒꯣꯟ ꯑꯃ ꯌꯦꯛꯏ꯫,ꯅꯩ ꯅ ꯔꯣꯏ    ꯑꯗꯨꯅ    ꯏ ꯃꯦ ꯖ    ꯑꯗꯨ    ꯀꯝꯄ꯭ꯌꯨꯇꯔ    ꯏꯁ ꯀ꯭ꯔꯤ ꯟ    ꯅꯠꯇ꯭ꯔꯒ    ꯍꯥꯔ ꯗ- ꯀꯣ ꯄꯤ    ꯄ꯭ꯔꯤꯟ ꯑꯥꯎꯠ    ꯑꯃꯗ    ꯌꯦꯡ ꯉꯤ    ꯑꯗꯨꯒ    ꯑꯀꯛꯅꯕ    ꯂꯦꯟ    ꯀ ꯕꯔ    ꯃꯈꯜ    ꯑꯃ    ꯑꯣꯏꯅ    ꯈꯪꯗꯣꯛ ꯂꯕ    ꯃꯐꯝꯁꯤꯡ    ꯑꯗꯨꯒꯤ    ꯑꯀꯣꯏꯕꯗ    ꯄꯣꯂꯤ ꯒꯣ ꯟ    ꯑꯃ    ꯌꯦꯛ ꯏ꯫ ,126,41
213,ꯁꯥꯕꯒꯤ ꯆꯥꯡꯗ ꯍꯦꯟꯒꯠꯂꯛꯄ ꯑꯁꯤ ꯂꯦꯝꯍꯧꯔꯤꯕ ꯌꯥꯝꯗ꯭ꯔꯕ ꯆꯥꯡꯒꯤ ꯃꯣꯂꯤꯀ꯭ꯌꯨꯂꯔ ꯑꯣꯛꯁꯤꯖꯦꯟꯅ ꯁꯥꯊꯤꯕ ꯁꯣꯂꯔ ꯔꯦꯗꯤꯌꯦꯁꯟ ꯆꯨꯞꯁꯤꯟꯕꯒꯤꯅꯤ꯫,ꯁꯥꯕꯒꯤ    ꯆꯥꯡꯗ    ꯍꯦꯟꯒꯠꯂꯛꯄ    ꯑꯁꯤ    ꯂꯦꯝꯍꯧꯔꯤꯕ    ꯌꯥꯝ ꯗ꯭ꯔꯕ    ꯆꯥꯡ ꯒꯤ    ꯃꯣ ꯂꯤ ꯀ꯭ꯌꯨ ꯂꯔ    ꯑꯣꯛ ꯁꯤ ꯖꯦꯟ ꯅ    ꯁꯥꯊꯤꯕ    ꯁꯣ ꯂꯔ    ꯔꯦ ꯗꯤ ꯌ ꯦꯁꯟ    ꯆꯨꯞ ꯁꯤꯟ ꯕ ꯒꯤ ꯅꯤ꯫ ,88,29
214,ꯑꯋꯥꯡꯕꯒꯤ ꯃꯇꯨꯡ ꯏꯟꯅ ꯑꯌꯤꯡ ꯑꯁꯥ ꯑꯃꯁꯨꯡ ꯏꯁꯤꯡ ꯃꯅꯤꯟꯒꯤ ꯌꯥꯎꯕꯒꯤ ꯆꯥꯡ ꯇ꯭ꯔꯣꯄꯣꯁꯐꯤꯌꯔꯗ ꯍꯟꯊꯔꯛꯏ꯫,ꯑꯋꯥꯡ ꯕꯒꯤ    ꯃꯇꯨꯡ    ꯏꯟꯅ    ꯑꯌꯤ ꯡ    ꯑ ꯁꯥ    ꯑꯃꯁꯨꯡ    ꯏꯁꯤꯡ    ꯃꯅꯤ ꯟꯒꯤ    ꯌꯥꯎ ꯕꯒꯤ    ꯆꯥꯡ    ꯇ꯭ꯔꯣ ꯄꯣ ꯁ ꯐꯤ ꯌ ꯔꯗ    ꯍꯟꯊꯔꯛ ꯏ꯫ ,64,23
215,ꯏꯁꯤꯡ ꯃꯅꯤꯜꯅ ꯅꯨꯡꯁꯤꯠꯀꯤ ꯁꯥꯕꯒꯤ ꯆꯥꯡ ꯅꯥꯏꯍꯟꯕꯗ ꯑꯆꯧꯕ ꯊꯧꯗꯥꯡ ꯑꯃ ꯂꯧꯋꯤ ꯃꯔꯝꯗꯤ ꯃꯁꯤꯅ ꯒ꯭ꯔꯍ ꯑꯁꯤꯒꯤ ꯂꯩꯃꯥꯏꯗꯒꯤ ꯁꯣꯂꯔ ꯏꯅꯔꯒꯤ ꯑꯃꯁꯨꯡ ꯊꯔꯃꯦꯜ ꯔꯦꯗꯤꯌꯦꯁꯟ ꯆꯨꯞꯁꯤꯜꯂꯤ꯫,ꯏꯁꯤꯡ    ꯃꯅꯤ ꯜꯅ    ꯅꯨꯡꯁꯤꯠꯀꯤ    ꯁꯥꯕꯒꯤ    ꯆꯥꯡ    ꯅꯥꯏ ꯍꯟꯕꯗ    ꯑꯆꯧꯕ    ꯊꯧꯗꯥꯡ    ꯑꯃ    ꯂꯧ ꯋꯤ    ꯃꯔꯝꯗꯤ    ꯃꯁꯤꯅ    ꯒ꯭ꯔ ꯍ    ꯑꯁꯤꯒꯤ    ꯂꯩ ꯃ ꯥꯏꯗꯒꯤ    ꯁꯣ ꯂꯔ    ꯏꯅ ꯔꯒꯤ    ꯑꯃꯁꯨꯡ    ꯊ ꯔ ꯃꯦꯜ    ꯔꯦ ꯗꯤ ꯌ ꯦꯁꯟ    ꯆꯨꯞ ꯁꯤꯜꯂꯤ꯫ ,109,35
216,ꯏꯁꯤꯡꯒꯤ ꯆꯥꯡ ꯑꯗꯨ ꯍꯥꯏꯗ꯭ꯔꯣꯂꯣꯒꯤꯛ ꯁꯥꯏꯀꯜꯗ ꯃꯤꯑꯣꯏꯕꯒꯤ ꯏꯊꯤꯜ ꯈꯔ ꯑꯗꯨ ꯈꯪꯗꯣꯛꯄꯗ ꯃꯇꯦꯡ ꯄꯥꯡꯉꯤ꯫,ꯏꯁꯤꯡꯒꯤ    ꯆꯥꯡ    ꯑꯗꯨ    ꯍꯥꯏ ꯗ꯭ꯔꯣ ꯂꯣ ꯒꯤ ꯛ    ꯁꯥꯏ ꯀ ꯜꯗ    ꯃꯤꯑꯣꯏꯕꯒꯤ    ꯏꯊꯤꯜ    ꯈꯔ    ꯑꯗꯨ    ꯈꯪꯗꯣꯛ ꯄꯗ    ꯃꯇꯦꯡ    ꯄꯥꯡ ꯉꯤ꯫ ,64,20
217,ꯃꯗꯨꯒꯤ ꯃꯇꯨꯡꯗ ꯃꯁꯤ ꯁ꯭ꯇ꯭ꯔꯦꯇꯣꯄꯣꯖ ꯐꯥꯎꯕ ꯇꯞꯅ-ꯇꯞꯅ ꯍꯦꯟꯒꯠꯂꯛꯏ꯫,ꯃꯗꯨꯒꯤ    ꯃꯇꯨꯡꯗ    ꯃꯁꯤ    ꯁ꯭ꯇ꯭ꯔꯦ ꯇꯣ ꯄꯣ ꯖ    ꯐꯥꯎꯕ    ꯇꯞꯅ-ꯇꯞꯅ    ꯍꯦꯟꯒꯠꯂꯛ ꯏ꯫ ,44,11
218,"ꯃꯁꯤꯅ ꯃꯐꯝ ꯑꯃꯕꯨ ꯊꯧꯋꯣꯡ ꯑꯅꯤꯒꯤ ꯈꯨꯠꯊꯥꯡꯅ ꯊꯥꯛ ꯍꯟꯊ ꯍꯜꯂꯤ, ꯃꯤꯡ ꯑꯣꯏꯅ ꯍꯥꯏꯔꯕꯗ ꯂꯤꯛꯂꯥ ꯌꯥꯝꯅ ꯇꯥꯕ ꯑꯃꯁꯨꯡ ꯂꯤꯛꯂꯥ ꯆꯥꯏꯊꯣꯛꯄꯅꯤ꯫","ꯃꯁꯤꯅ    ꯃꯐꯝ    ꯑꯃꯕꯨ    ꯊꯧ ꯋꯣꯡ    ꯑꯅꯤꯒꯤ    ꯈꯨꯠ ꯊꯥꯡ ꯅ    ꯊꯥꯛ    ꯍꯟ ꯊ    ꯍꯜꯂꯤ,    ꯃꯤꯡ    ꯑꯣꯏꯅ    ꯍꯥꯏ ꯔ ꯕꯗ    ꯂꯤ ꯛ ꯂꯥ    ꯌꯥꯝꯅ    ꯇꯥꯕ    ꯑꯃꯁꯨꯡ    ꯂꯤ ꯛ ꯂꯥ    ꯆꯥꯏ ꯊꯣꯛ ꯄꯅꯤ꯫ ",84,30
219,ꯁꯣꯏꯜ ꯔꯤꯐ꯭ꯂꯦꯛꯇꯦꯟꯁ ꯗꯦꯇꯥ ꯑꯁꯤ ꯂꯦꯕꯣꯔꯦꯇꯣꯔꯤꯗ ꯅꯠꯇ꯭ꯔꯒ ꯐꯤꯜꯗ ꯑꯃꯁꯨꯡ ꯃꯥꯂꯪꯕ/ꯇꯥꯏꯕꯪ ꯃꯥꯂꯪꯗꯒꯤ ꯐꯪꯕ ꯌꯥꯏ꯫,ꯁꯣꯏ ꯜ    ꯔꯤ ꯐ꯭ ꯂꯦ ꯛꯇ ꯦꯟ ꯁ    ꯗꯦꯇꯥ    ꯑꯁꯤ    ꯂꯦ ꯕꯣ ꯔꯦ ꯇꯣ ꯔꯤꯗ    ꯅꯠꯇ꯭ꯔꯒ    ꯐꯤꯜꯗ    ꯑꯃꯁꯨꯡ    ꯃꯥ ꯂꯪ ꯕ / ꯇꯥꯏ ꯕ ꯪ    ꯃꯥ ꯂꯪ ꯗꯒꯤ    ꯐꯪꯕ    ꯌꯥꯏ꯫ ,73,30
220,ꯃꯥꯅꯁ ꯑꯁꯤ ꯑꯁꯥꯝꯒꯤ ꯑꯋꯥꯡ ꯅꯣꯛꯄꯣꯛ ꯔꯥꯖ꯭ꯌꯒꯤ ꯍꯤꯃꯥꯂꯌꯒꯤ ꯆꯤꯡꯈꯣꯡꯗ ꯂꯩꯕ ꯆꯤꯡꯁꯤꯡꯗ ꯂꯩ꯫,ꯃꯥ ꯅꯁ    ꯑꯁꯤ    ꯑꯁꯥ ꯝꯒꯤ    ꯑꯋꯥꯡ    ꯅꯣꯛ ꯄꯣꯛ    ꯔꯥꯖ꯭ꯌꯒꯤ    ꯍꯤꯃꯥꯂ ꯌꯒꯤ    ꯆꯤꯡ ꯈꯣꯡ ꯗ    ꯂꯩꯕ    ꯆꯤꯡ ꯁꯤꯡꯗ    ꯂꯩ꯫ ,58,18
221,"ꯑꯗꯨꯝ ꯑꯣꯏꯅꯃꯛ, ꯔꯥꯖꯅꯤꯇꯤꯒꯤ ꯑꯀꯣꯏꯕꯒꯤ ꯐꯤꯕꯝ ꯑꯁꯤꯗ ꯆꯠꯅꯕꯤꯁꯤꯡ, ꯊꯥꯖꯅꯕꯤꯁꯤꯡ, ꯈꯨꯟꯅꯥꯏꯒꯤ ꯀꯥꯟꯅꯕꯁꯤꯡ ꯑꯃꯁꯨꯡ ꯀꯥꯡꯂꯨꯞꯁꯤꯡꯒꯤ ꯃꯔꯛꯇ ꯍꯦꯟꯗꯥꯟꯅꯕꯁꯤꯡ ꯌꯥꯎꯅ ꯑꯇꯩ ꯏꯊꯤꯜꯁꯤꯡꯅ ꯋꯥꯔꯦꯞ ꯂꯧꯕꯒꯤ ꯃꯑꯣꯡ ꯁꯦꯝꯃꯤ꯫","ꯑꯗꯨꯝ    ꯑꯣꯏꯅꯃꯛ,    ꯔꯥꯖꯅꯤꯇꯤꯒꯤ    ꯑꯀꯣꯏꯕꯒꯤ    ꯐꯤꯕꯝ    ꯑꯁꯤꯗ    ꯆꯠꯅꯕꯤ ꯁꯤꯡ,    ꯊꯥꯖ ꯅ ꯕꯤ ꯁꯤꯡ,    ꯈꯨꯟꯅꯥꯏꯒꯤ    ꯀꯥꯟ ꯅꯕꯁꯤꯡ    ꯑꯃꯁꯨꯡ    ꯀꯥꯡꯂꯨꯞ ꯁꯤꯡꯒꯤ    ꯃꯔꯛꯇ    ꯍꯦꯟꯗꯥꯟ ꯅꯕꯁꯤꯡ    ꯌꯥꯎꯅ    ꯑꯇꯩ    ꯏꯊꯤ ꯜꯁꯤꯡꯅ    ꯋꯥꯔꯦꯞ    ꯂꯧ ꯕꯒꯤ    ꯃꯑꯣꯡ    ꯁꯦꯝꯃꯤ꯫ ",136,30
222,"ꯃꯍꯧꯁꯥꯅ, ꯀꯣꯜꯂꯤꯡ ꯑꯦꯇꯦꯟꯁꯟ ꯑꯁꯤ ꯀ꯭ꯋꯦꯁꯟ ꯑꯥꯋꯔ ꯂꯣꯏꯔꯕ ꯑꯃꯁꯨꯡ ꯇꯦꯕꯜ ꯑꯣꯐ ꯗꯤ ꯍꯥꯎꯁꯇ ꯆꯦꯁꯤꯡ ꯊꯝꯂꯕ ꯃꯇꯨꯡꯗ ꯑꯃꯗꯤ ꯂꯤꯁꯠ ꯑꯣꯐ ꯕꯤꯖꯤꯅꯁꯇ ꯌꯥꯎꯕ ꯑꯇꯩ ꯑꯥꯏꯇꯦꯝ ꯑꯃꯍꯦꯛꯇ ꯂꯧꯈꯠꯇ꯭ꯔꯤꯉꯩ ꯃꯃꯥꯡꯗ ꯂꯧꯈꯠꯂꯤ꯫","ꯃꯍꯧꯁꯥꯅ,    ꯀꯣ ꯜꯂꯤ ꯡ    ꯑꯦ ꯇꯦꯟ ꯁꯟ    ꯑꯁꯤ    ꯀ꯭ꯋ ꯦꯁꯟ    ꯑꯥ ꯋꯔ    ꯂꯣꯏꯔꯕ    ꯑꯃꯁꯨꯡ    ꯇꯦꯕꯜ    ꯑꯣꯐ    ꯗꯤ    ꯍꯥꯎ ꯁꯇ    ꯆꯦ ꯁꯤꯡ    ꯊꯝ ꯂꯕ    ꯃꯇꯨꯡꯗ    ꯑꯃꯗꯤ    ꯂꯤꯁꯠ    ꯑꯣꯐ    ꯕꯤꯖꯤ ꯅ ꯁꯇ    ꯌꯥꯎꯕ    ꯑꯇꯩ    ꯑꯥꯏ ꯇꯦ ꯝ    ꯑꯃꯍꯦꯛꯇ    ꯂꯧꯈꯠ ꯇ꯭ꯔꯤꯉꯩ    ꯃꯃꯥꯡꯗ    ꯂꯧꯈꯠ ꯂꯤ꯫ ",130,41
223,"ꯃꯇꯧꯑꯁꯨꯝꯅ, ꯑꯩꯈꯣꯏꯅ ꯂꯩꯕꯥꯛ ꯀꯌꯥ ꯄꯨꯟꯕꯗ ꯌꯨꯝꯐꯝ ꯑꯣꯏꯕ ꯃꯤꯑꯣꯏꯕꯒꯤ ꯑꯣꯏꯅ ꯊꯦꯡꯅꯅꯕ ꯄꯣꯠꯆꯩꯁꯤꯡꯗꯨ ꯌꯦꯟꯊꯣꯛꯅꯕ ꯑꯃꯗꯤ ꯁꯟꯗꯣꯛꯅꯕ ꯑꯃꯁꯨꯡ ꯂꯥꯏꯆꯠ ꯑꯁꯤ ꯃꯥꯌꯣꯛꯅꯅꯕ ꯄꯨꯟꯅ ꯊꯕꯛ ꯇꯧꯃꯤꯟꯅꯕ ꯑꯃꯗꯤ ꯑꯃꯒ ꯑꯃꯒ ꯃꯇꯦꯡ ꯄꯥꯡꯅꯅꯕ ꯁꯦꯝꯁꯥꯗꯨꯅ ꯂꯩꯕꯒꯤ ꯃꯊꯧ ꯇꯥꯏ꯫","ꯃꯇꯧ ꯑꯁꯨ ꯝ ꯅ,    ꯑꯩꯈꯣꯏꯅ    ꯂꯩꯕꯥꯛ    ꯀꯌꯥ    ꯄꯨꯟ ꯕꯗ    ꯌꯨꯝꯐꯝ    ꯑꯣꯏꯕ    ꯃꯤꯑꯣꯏꯕꯒꯤ    ꯑꯣꯏꯅ    ꯊꯦꯡꯅ ꯅꯕ    ꯄꯣꯠ ꯆꯩ ꯁꯤꯡꯗꯨ    ꯌꯦꯟ ꯊꯣꯛꯅꯕ    ꯑꯃꯗꯤ    ꯁꯟꯗꯣꯛ ꯅꯕ    ꯑꯃꯁꯨꯡ    ꯂꯥꯏ ꯆꯠ    ꯑꯁꯤ    ꯃꯥꯌꯣꯛ ꯅꯅꯕ    ꯄꯨꯟꯅ    ꯊꯕꯛ    ꯇꯧꯃꯤꯟ ꯅꯕ    ꯑꯃꯗꯤ    ꯑꯃꯒ    ꯑꯃꯒ    ꯃꯇꯦꯡ    ꯄꯥꯡ ꯅꯅꯕ    ꯁꯦꯝ ꯁꯥ ꯗꯨꯅ    ꯂꯩꯕꯒꯤ    ꯃꯊꯧ    ꯇꯥꯏ꯫ ",159,45
224,"ꯃꯁꯤ ꯍꯧꯖꯤꯛꯇꯤ (꯲꯰꯱꯹-꯲꯰꯲꯳) ꯁꯥꯁꯤꯡꯒꯤ ꯍꯦꯜꯊ ꯀꯦꯔ, ꯄꯥꯝꯕꯤ, ꯐꯨꯗ ꯁꯦꯐꯇꯤ ꯑꯃꯁꯨꯡ ꯑꯦꯟꯕꯥꯏꯔꯟꯃꯦꯟ꯭ꯇ ꯁꯦꯛꯇꯔꯁꯤꯡꯒꯤ ꯄꯨꯟꯁꯤꯜꯂꯕ ꯅꯦꯁꯅꯦꯜ ꯑꯦꯟꯇꯤꯃꯥꯏꯀ꯭ꯔꯣꯕꯤꯌꯦꯜ ꯔꯦꯖꯤꯁꯇꯦꯟꯁ ꯑꯦꯟ ꯔꯦꯖꯤꯗ꯭ꯌꯨ ꯁꯔꯚꯦꯜꯂꯦꯟꯁ ꯄ꯭ꯂꯥꯟ ꯑꯃꯒ ꯂꯣꯏꯅꯩ꯫","ꯃꯁꯤ    ꯍꯧꯖꯤꯛꯇꯤ    ( ꯲꯰꯱꯹ - ꯲꯰꯲ ꯳ )    ꯁꯥ ꯁꯤꯡꯒꯤ    ꯍꯦꯜ ꯊ    ꯀꯦ ꯔ,    ꯄꯥꯝꯕꯤ ,    ꯐꯨꯗ    ꯁꯦ ꯐ ꯇꯤ    ꯑꯃꯁꯨꯡ    ꯑꯦꯟ ꯕꯥꯏ ꯔꯟ ꯃꯦꯟ ꯭ꯇ    ꯁꯦ ꯛꯇꯔ ꯁꯤꯡꯒꯤ    ꯄꯨꯟꯁꯤ ꯜꯂꯕ    ꯅꯦꯁꯅꯦꯜ    ꯑꯦꯟꯇꯤ ꯃꯥꯏꯀ꯭ꯔꯣ ꯕꯤ ꯌꯦꯜ    ꯔꯦꯖꯤ ꯁꯇ ꯦꯟ ꯁ    ꯑꯦꯟ    ꯔꯦꯖꯤ ꯗ ꯭ꯌꯨ    ꯁꯔ ꯚꯦ ꯜꯂ ꯦꯟ ꯁ    ꯄ꯭ ꯂꯥꯟ    ꯑꯃꯒ    ꯂꯣꯏ ꯅꯩ꯫ ",152,54
225,ꯃꯃꯥꯡꯗ ꯃꯍꯧꯁꯥꯒꯤ ꯑꯣꯏꯕ ꯈꯨꯗꯣꯡꯊꯤꯕꯁꯤꯡꯗꯒꯤ ꯊꯣꯛꯂꯛꯄ ꯔꯦꯕꯦꯅ꯭ꯌꯨ ꯃꯊꯧꯇꯥꯕ ꯑꯗꯨ ꯐꯪꯍꯟꯅꯕ ꯗꯥꯏꯔꯦꯛ ꯇꯦꯛꯁꯁꯤꯡꯗ ꯑꯍꯦꯟꯕ ꯁꯦꯟꯐꯝꯁꯤꯡ ꯃꯍꯧꯁꯥꯅ ꯈꯣꯝꯂꯝꯈꯤ꯫,ꯃꯃꯥꯡꯗ    ꯃꯍꯧꯁꯥꯒꯤ    ꯑꯣꯏꯕ    ꯈꯨꯗꯣꯡꯊꯤ ꯕ ꯁꯤꯡꯗꯒꯤ    ꯊꯣꯛꯂꯛꯄ    ꯔꯦ ꯕꯦ ꯅ꯭ꯌꯨ    ꯃ ꯊꯧ ꯇꯥꯕ    ꯑꯗꯨ    ꯐꯪ ꯍꯟꯅꯕ    ꯗꯥꯏꯔꯦ ꯛ    ꯇꯦꯛ ꯁ ꯁꯤꯡꯗ    ꯑꯍꯦꯟꯕ    ꯁꯦꯟ ꯐꯝꯁꯤꯡ    ꯃꯍꯧꯁꯥꯅ    ꯈꯣꯝ ꯂꯝ ꯈꯤ꯫ ,100,28
226,"ꯚꯥꯔꯠꯅ ꯃꯦ ꯱꯹꯹꯴ꯗ ꯌꯨꯅꯥꯏꯇꯦꯗ ꯅꯦꯁꯟꯁ ꯀꯟꯚꯦꯟꯁꯟ ꯑꯣꯟ ꯕꯥꯏꯑꯣꯂꯣꯖꯤꯀꯦꯜ ꯗꯥꯏꯕꯔꯁꯤꯇꯤ, ꯱꯹꯹꯲ ꯑꯃꯁꯨꯡ ꯑꯣꯛꯇꯣꯕꯔ ꯲꯰꯱꯴ꯗ ꯅꯥꯒꯣꯌꯥ ꯄ꯭ꯔꯣꯇꯣꯀꯣꯜ ꯑꯣꯟ ꯑꯦꯛꯁꯦꯁ ꯇꯨ ꯖꯦꯅꯦꯇꯤꯛ ꯔꯤꯁꯣꯔꯁꯦꯁ ꯑꯦꯟ ꯗꯤ ꯐꯦꯔ ꯑꯦꯟ ꯏꯀ꯭ꯋꯤꯇꯦꯕꯜ ꯁꯦꯌꯔꯤꯡ ꯑꯣꯐ ꯕꯦꯅꯦꯐꯤꯠꯁ ꯑꯦꯔꯥꯏꯖꯤꯡ ꯐ꯭ꯔꯣꯝ ꯗꯦꯔ ꯌꯨꯇꯤꯂꯥꯏꯖꯦꯁꯟ ꯲꯰꯱꯰ꯗ ꯈꯨꯠꯌꯦꯛ ꯄꯤꯕ ꯑꯃ ꯑꯣꯏꯈꯤ꯫","ꯚꯥꯔꯠꯅ    ꯃꯦ    ꯱꯹꯹ ꯴ꯗ    ꯌꯨꯅꯥꯏꯇꯦꯗ    ꯅꯦꯁ ꯟꯁ    ꯀꯟ ꯚꯦꯟ ꯁꯟ    ꯑꯣ ꯟ    ꯕꯥꯏꯑꯣ ꯂꯣꯖꯤꯀꯦꯜ    ꯗꯥꯏ ꯕꯔ ꯁꯤ ꯇꯤ,    ꯱꯹꯹ ꯲    ꯑꯃꯁꯨꯡ    ꯑꯣꯛꯇꯣꯕꯔ    ꯲꯰꯱ ꯴ꯗ    ꯅꯥ ꯒꯣ ꯌꯥ    ꯄ꯭ꯔꯣ ꯇꯣ ꯀꯣꯜ    ꯑꯣ ꯟ    ꯑꯦꯛꯁ ꯦꯁ    ꯇꯨ    ꯖꯦꯅꯦ ꯇꯤꯛ    ꯔꯤ ꯁꯣꯔ ꯁ ꯦꯁ    ꯑꯦꯟ    ꯗꯤ    ꯐꯦ ꯔ    ꯑꯦꯟ    ꯏꯀ ꯭ꯋꯤ ꯇꯦꯕꯜ    ꯁꯦ ꯌ ꯔꯤꯡ    ꯑꯣꯐ    ꯕꯦ ꯅꯦ ꯐꯤ ꯠꯁ    ꯑꯦ ꯔꯥꯏ ꯖꯤꯡ    ꯐ꯭ꯔ ꯣ ꯝ    ꯗꯦ ꯔ    ꯌꯨ ꯇꯤ ꯂꯥꯏꯖ ꯦꯁꯟ    ꯲꯰꯱ ꯰ꯗ    ꯈꯨꯠꯌꯦꯛ    ꯄꯤꯕ    ꯑꯃ    ꯑꯣꯏꯈꯤ꯫ ",205,75
227,ꯚꯥꯔꯠꯀꯤ ꯁꯧꯒꯠꯄ ꯑꯁꯤ ꯂꯩꯉꯥꯛ ꯑꯗꯨꯒꯤ ꯑꯃꯗꯤ ꯑꯐꯒꯥꯅꯤꯁꯇꯥꯟꯒꯤ ꯃꯤꯌꯥꯝꯒꯤ ꯃꯊꯧ ꯇꯥꯕꯥꯁꯤꯡ ꯑꯃꯁꯨꯡ ꯃꯔꯨꯑꯣꯏꯕꯁꯤꯡꯅ ꯃꯥꯏꯄꯨꯅꯩ; ꯊꯕꯛ ꯊꯧꯋꯣꯡꯁꯤꯡ ꯑꯁꯤ ꯑꯐꯒꯥꯟꯒꯤ ꯂꯩꯉꯥꯛꯀ ꯂꯥꯝꯕ ꯄꯥꯗꯨꯅ ꯂꯧꯈꯠꯂꯤ ꯑꯃꯁꯨꯡ ꯊꯕꯛꯁꯤꯡ ꯑꯁꯤ ꯑꯥꯐꯒꯥꯅꯤꯁꯇꯥꯟ ꯄꯥꯛ ꯁꯟꯅ ꯁꯟꯗꯣꯛꯏ꯫,ꯚꯥꯔꯠꯀꯤ    ꯁꯧꯒꯠꯄ    ꯑꯁꯤ    ꯂꯩꯉꯥꯛ    ꯑꯗꯨꯒꯤ    ꯑꯃꯗꯤ    ꯑꯐꯒꯥꯅꯤ ꯁꯇ ꯥꯟꯒꯤ    ꯃꯤꯌꯥꯝꯒꯤ    ꯃꯊꯧ    ꯇꯥ ꯕꯥ ꯁꯤꯡ    ꯑꯃꯁꯨꯡ    ꯃꯔꯨ ꯑꯣꯏ ꯕꯁꯤꯡꯅ    ꯃꯥꯏ ꯄꯨ ꯅꯩ ;    ꯊꯕꯛ    ꯊꯧ ꯋ ꯣꯡ ꯁꯤꯡ    ꯑꯁꯤ    ꯑꯐ ꯒ ꯥꯟꯒꯤ    ꯂꯩꯉꯥꯛ ꯀ    ꯂꯥ ꯝꯕ    ꯄꯥ ꯗꯨꯅ    ꯂꯧꯈꯠ ꯂꯤ    ꯑꯃꯁꯨꯡ    ꯊꯕꯛꯁꯤꯡ    ꯑꯁꯤ    ꯑꯥ ꯐ ꯒꯥꯅꯤ ꯁꯇꯥꯟ    ꯄꯥꯛ    ꯁꯟꯅ    ꯁꯟꯗꯣꯛ ꯏ꯫ ,161,50
228,"ꯑꯀꯨꯞꯄ ꯃꯔꯣꯜꯁꯤꯡ ꯑꯩꯍꯥꯛꯀ ꯊꯕꯛ ꯇꯧꯃꯤꯟꯅꯔꯤꯕ, ꯄꯦꯇ꯭ꯔꯣꯂꯤꯌꯝ ꯑꯃꯁꯨꯡ ꯅꯦꯆꯔꯦꯜ ꯒ꯭ꯌꯥꯁꯀꯤ ꯃꯟꯇ꯭ꯔꯤꯅ ꯂꯥꯎꯊꯣꯛꯀꯅꯤ꯫","ꯑꯀꯨꯞꯄ    ꯃꯔꯣ ꯜꯁꯤꯡ    ꯑꯩꯍꯥꯛ ꯀ    ꯊꯕꯛ    ꯇꯧꯃꯤꯟ ꯅ ꯔꯤ ꯕ,    ꯄꯦ ꯇ꯭ꯔꯣ ꯂꯤ ꯌꯝ    ꯑꯃꯁꯨꯡ    ꯅꯦ ꯆꯔꯦꯜ    ꯒ꯭ꯌꯥ ꯁꯀꯤ    ꯃꯟꯇ꯭ꯔꯤ ꯅ    ꯂꯥꯎꯊꯣꯛ ꯀꯅꯤ꯫ ",76,23
229,ꯁꯔꯀꯥꯔ ꯑꯁꯤꯅ ꯄꯦꯇ꯭ꯔꯣꯂꯤꯌꯝ ꯄꯣꯠꯊꯣꯛꯁꯤꯡꯒꯤ ꯃꯃꯜ ꯂꯦꯞꯄꯒꯤ ꯑꯣꯏꯊꯣꯛꯄ ꯌꯥꯕ ꯑꯃꯁꯨꯡ ꯇꯨꯡ-ꯀꯣꯏꯒꯗꯕ ꯄꯊꯥꯞ ꯑꯃꯒꯤ ꯃꯇꯥꯡꯗ ꯄꯥꯎꯇꯥꯛ ꯄꯤꯅꯕ ꯈꯪ-ꯍꯩꯔꯕ ꯀꯥꯡꯂꯨꯞ ꯑꯃ ꯁꯦꯝꯒꯠꯀꯅꯤ꯫,ꯁꯔꯀꯥꯔ   ꯑꯁꯤꯅ    ꯄꯦ ꯇ꯭ꯔꯣ ꯂꯤ ꯌꯝ    ꯄꯣꯠꯊꯣꯛ ꯁꯤꯡꯒꯤ    ꯃꯃꯜ    ꯂꯦꯞ ꯄꯒꯤ    ꯑꯣꯏꯊꯣꯛꯄ    ꯌꯥꯕ    ꯑꯃꯁꯨꯡ    ꯇꯨꯡ - ꯀꯣꯏ ꯒꯗꯕ    ꯄꯊꯥꯞ    ꯑꯃꯒꯤ    ꯃꯇꯥꯡꯗ    ꯄꯥꯎꯇꯥꯛ    ꯄꯤꯅꯕ    ꯈꯪ - ꯍꯩ ꯔꯕ    ꯀꯥꯡꯂꯨꯞ    ꯑꯃ    ꯁꯦꯝꯒꯠ ꯀꯅꯤ꯫ ,111,31
230,ꯏꯪ ꯲꯰꯰꯷-꯰꯸ꯗ ꯀꯣꯟꯁꯤꯟꯈꯤꯕ ꯌꯨꯝꯊꯣꯡ ꯀꯔꯣꯔ ꯳,ꯏꯪ    ꯲꯰꯰ ꯷ - ꯰ ꯸ꯗ    ꯀꯣꯟ ꯁꯤꯟ ꯈꯤꯕ    ꯌꯨꯝ ꯊꯣꯡ    ꯀꯔꯣꯔ    ꯳ ,30,13
231,꯳꯹ꯒ ꯆꯥꯡꯗꯝꯅꯕꯗ ꯏꯪ ꯲꯰꯰꯸-꯰꯹ꯒꯤ ꯃꯅꯨꯡꯗ ꯅꯔꯦꯒꯥꯅ ꯌꯨꯝꯊꯣꯡ ꯀꯔꯣꯔ ꯴,꯳ ꯹ ꯒ    ꯆꯥꯡꯗꯝꯅꯕꯗ    ꯏꯪ    ꯲꯰꯰ ꯸ - ꯰ ꯹ꯒꯤ    ꯃꯅꯨꯡꯗ    ꯅ ꯔꯦ ꯒꯥ ꯅ    ꯌꯨꯝ ꯊꯣꯡ    ꯀꯔꯣꯔ    ꯴ ,44,19
232,꯴꯷ ꯍꯦꯟꯕꯗ ꯊꯕꯛꯀꯤ ꯈꯨꯗꯣꯡꯆꯥꯕꯁꯤꯡ ꯄꯤꯈꯤ꯫,꯴ ꯷    ꯍꯦꯟ ꯕꯗ    ꯊꯕ ꯛꯀꯤ    ꯈꯨꯗꯣꯡꯆꯥꯕꯁꯤꯡ    ꯄꯤꯈꯤ꯫ ,28,8
233,ꯐꯦꯕ꯭ꯔꯨꯋꯥꯔꯤ ꯲꯰꯰꯶ꯗ ꯏꯍꯥꯟ-ꯍꯥꯟꯅ ꯊꯕꯛ ꯍꯧꯍꯟꯈꯤꯕ ꯅꯦꯁꯅꯦꯜ ꯔꯨꯔꯦꯜ ꯑꯦꯝꯄ꯭ꯂꯣꯏꯃꯦꯟ꯭ꯇ ꯒꯦꯔꯦꯟꯇꯤ ꯑꯦꯛ (ꯅꯔꯦꯒꯥ) ꯑꯁꯤ ꯑꯊꯣꯏꯕ ꯃꯥꯏꯄꯥꯛꯄ ꯑꯃ ꯑꯣꯏꯗꯨꯅ ꯂꯥꯛꯂꯤ ꯍꯥꯏꯕꯁꯤ ꯄꯥꯛ-ꯁꯟꯅ ꯁꯛꯈꯪꯅꯩ꯫,ꯐꯦꯕ꯭ꯔꯨꯋꯥꯔꯤ    ꯲꯰꯰ ꯶ ꯗ    ꯏ ꯍꯥꯟ - ꯍꯥꯟꯅ    ꯊꯕꯛ    ꯍꯧ ꯍꯟꯈꯤꯕ    ꯅꯦꯁꯅꯦꯜ    ꯔꯨ ꯔꯦꯜ    ꯑꯦꯝ ꯄ꯭ ꯂꯣꯏ ꯃꯦꯟ ꯭ꯇ    ꯒꯦ ꯔꯦꯟ ꯇꯤ    ꯑꯦ ꯛ    ( ꯅ ꯔꯦ ꯒꯥ )    ꯑꯁꯤ    ꯑꯊꯣꯏꯕ    ꯃꯥꯏꯄꯥꯛꯄ    ꯑꯃ    ꯑꯣꯏꯗꯨꯅ    ꯂꯥꯛ ꯂꯤ    ꯍꯥꯏꯕꯁꯤ    ꯄꯥꯛ- ꯁꯟꯅ    ꯁꯛ ꯈꯪꯅꯩ꯫ ,123,41
234,ꯑꯩꯈꯣꯏ ꯅꯔꯦꯒꯥꯒꯤ ꯃꯈꯥꯗ ꯐꯪꯐꯝ ꯊꯣꯛꯄ ꯑꯃ ꯑꯣꯏꯅ ꯅꯣꯡꯃꯗ ꯂꯨꯄꯥ ꯱꯰꯰ꯒꯤ ꯇꯁꯦꯡꯕ ꯈꯨꯠꯁꯨꯃꯜ ꯄꯤꯕꯗ ꯀꯠꯊꯣꯛꯏ꯫,ꯑꯩꯈ ꯣꯏ    ꯅ ꯔꯦ ꯒꯥꯒꯤ    ꯃꯈꯥꯗ    ꯐꯪ ꯐꯝ    ꯊꯣꯛꯄ    ꯑꯃ    ꯑꯣꯏꯅ    ꯅꯣꯡ ꯃꯗ    ꯂꯨꯄꯥ    ꯱꯰꯰ ꯒꯤ    ꯇ ꯁꯦꯡꯕ    ꯈꯨꯠ ꯁꯨ ꯃꯜ    ꯄꯤ ꯕꯗ    ꯀꯠ ꯊꯣꯛꯏ꯫ ,67,25
235,ꯃꯇꯝ ꯑꯗꯨꯗꯒꯤ ꯃꯃꯜꯁꯤꯡ ꯍꯟꯊꯈ꯭ꯔꯕꯁꯨ ꯃꯈꯣꯏ ꯑꯁꯤ ꯒ꯭ꯂꯣꯕꯜ ꯐꯥꯏꯅꯥꯟꯁꯤꯌꯦꯜ ꯈ꯭ꯔꯥꯏꯁꯤꯁꯀꯤ ꯃꯇꯨꯡꯗ ꯌꯧꯈꯤꯕ ꯑꯅꯦꯝꯕꯁꯤꯡ ꯑꯗꯨꯒꯤ ꯆꯥꯎꯔꯥꯛꯅ ꯁꯔꯨꯛ ꯑꯅꯤ ꯍꯥꯟꯅꯗꯒꯤ ꯑꯣꯏ꯫,ꯃꯇꯝ    ꯑꯗꯨꯗꯒꯤ    ꯃꯃ ꯜꯁꯤꯡ    ꯍꯟꯊ ꯈ꯭ꯔ ꯕꯁꯨ    ꯃꯈꯣꯏ    ꯑꯁꯤ    ꯒ꯭ꯂꯣ ꯕꯜ    ꯐꯥꯏ ꯅꯥꯟ ꯁꯤꯌꯦꯜ    ꯈ꯭ꯔ ꯥꯏ ꯁꯤ ꯁꯀꯤ    ꯃꯇꯨꯡꯗ    ꯌꯧ ꯈꯤꯕ    ꯑ ꯅꯦ ꯝꯕ ꯁꯤꯡ    ꯑꯗꯨꯒꯤ    ꯆꯥꯎꯔꯥꯛꯅ    ꯁꯔꯨꯛ    ꯑꯅꯤ    ꯍꯥꯟꯅꯗꯒꯤ    ꯑꯣꯏ꯫ ,106,31
236,ꯂꯩꯕꯥꯛ ꯃꯅꯨꯡꯗ ꯂꯝ ꯃꯥꯡꯂꯕ ꯃꯤꯑꯣꯏꯁꯤꯡꯒꯤ ꯔꯤꯍꯦꯕꯤꯂꯤꯇꯦꯁꯟꯒꯤꯗꯃꯛ ꯑꯃꯁꯨꯡ ꯁ꯭ꯔꯤ ꯂꯪꯀꯥꯒꯤ ꯑꯋꯥꯡꯊꯪꯕ ꯑꯃꯁꯨꯡ ꯅꯣꯡꯄꯣꯛꯊꯪꯕ ꯃꯐꯝꯁꯤꯡ ꯅꯧꯅ ꯁꯦꯝꯖꯤꯟ-ꯁꯥꯖꯤꯟꯅꯕ ꯂꯨꯄꯥ ꯀ꯭ꯔꯣꯔ ꯵꯰꯰ ꯈꯥꯏꯗꯣꯛꯅꯕ ꯑꯩꯍꯥꯛꯅ ꯋꯥ ꯍꯧꯗꯣꯛꯏ꯫,ꯂꯩꯕꯥꯛ    ꯃꯅꯨꯡꯗ    ꯂꯝ    ꯃꯥꯡ ꯂꯕ    ꯃꯤꯑꯣꯏꯁꯤꯡꯒꯤ    ꯔꯤ ꯍꯦ ꯕꯤ ꯂꯤ ꯇ ꯦꯁꯟ ꯒꯤꯗꯃꯛ    ꯑꯃꯁꯨꯡ    ꯁ꯭ꯔꯤ    ꯂꯪ ꯀꯥꯒꯤ    ꯑꯋꯥꯡ ꯊꯪꯕ    ꯑꯃꯁꯨꯡ    ꯅꯣꯡꯄꯣꯛ ꯊꯪꯕ    ꯃꯐꯝꯁꯤꯡ    ꯅꯧꯅ    ꯁꯦꯝꯖꯤꯟ -ꯁꯥ ꯖꯤꯟ ꯅꯕ    ꯂꯨꯄꯥ    ꯀ꯭ꯔꯣ ꯔ    ꯵꯰꯰    ꯈꯥꯏꯗꯣꯛ ꯅꯕ    ꯑꯩꯍꯥꯛ ꯅ    ꯋꯥ    ꯍꯧꯗꯣꯛ ꯏ꯫ ,138,39
237,"ꯌꯨꯑꯦꯁꯇ ꯑꯍꯥꯟꯕ ꯑꯣꯏꯅ ꯂꯩꯔꯦ ꯍꯦꯛ ꯈꯪꯕꯒ,ꯑꯌꯥꯡꯕ ꯃꯈꯜ ꯑꯃꯗ ꯃꯐꯝ ꯑꯗꯨꯒꯤ ꯕ꯭ꯔꯦꯟꯒꯤ ꯑꯣꯏꯕ ꯑꯣꯟꯂꯥꯏꯟ ꯗꯨꯀꯥꯟ ꯑꯃ ꯍꯥꯡꯕꯅ ꯋꯥꯈꯜ ꯇꯥꯕ ꯑꯣꯏꯒꯅꯤ ꯑꯃꯁꯨꯡ ꯃꯊꯧ ꯐꯖꯅ ꯄꯥꯡꯊꯣꯛꯄ ꯌꯨꯑꯦꯁꯀꯤ ꯋꯦꯕꯁꯥꯏꯠ ꯑꯃ ꯄꯤꯗ꯭ꯔꯤꯉꯥꯏꯗ ꯊꯕꯛ ꯑꯃꯁꯨꯡ ꯕꯤꯜꯗꯤꯡꯒꯤ ꯃꯤꯡꯆꯠꯀ ꯂꯣꯏꯅꯅ ꯃꯣꯕꯥꯏꯜ ꯏꯛꯁꯄꯔꯤꯌꯦꯟꯁ ꯑꯃꯁꯨꯡ ꯍꯦꯟꯅ ꯇꯛꯁꯟꯕꯒꯤ ꯃꯥꯑꯣꯡ ꯑꯃ ꯍꯧꯅꯕ ꯑꯃꯁꯨꯡ ꯑꯅꯧꯕ ꯄꯣꯠ ꯂꯩꯕ ꯂꯥꯛꯄꯁꯤꯡ ꯐꯪꯅꯕꯒꯤꯗꯃꯛ ꯈꯨꯗꯣꯡ ꯊꯤꯅꯤꯡꯉꯥꯏ ꯑꯣꯏꯕ ꯄꯣꯠ ꯂꯩꯕ ꯌꯣꯟꯕꯒꯤ ꯊꯧꯁꯤꯜꯗ ꯄꯨꯛꯅꯤꯡ ꯆꯪꯕꯤꯌꯨ ꯫","ꯌꯨ ꯑꯦꯁ ꯇ    ꯑꯍꯥꯟꯕ    ꯑꯣꯏꯅ    ꯂꯩ ꯔꯦ    ꯍꯦꯛ    ꯈꯪ ꯕ ꯒ , ꯑ ꯌꯥꯡ ꯕ    ꯃꯈꯜ    ꯑꯃꯗ    ꯃꯐꯝ    ꯑꯗꯨꯒꯤ    ꯕ꯭ꯔ ꯦꯟ ꯒꯤ    ꯑꯣꯏꯕ    ꯑꯣꯟꯂꯥꯏꯟ    ꯗꯨꯀꯥꯟ    ꯑꯃ    ꯍꯥꯡ ꯕꯅ    ꯋꯥꯈꯜ    ꯇꯥꯕ    ꯑꯣꯏꯒꯅꯤ    ꯑꯃꯁꯨꯡ    ꯃꯊꯧ    ꯐꯖꯅ    ꯄꯥꯡꯊꯣꯛꯄ    ꯌꯨ ꯑꯦꯁ ꯀꯤ    ꯋꯦꯕꯁꯥꯏꯠ    ꯑꯃ    ꯄꯤ ꯗ꯭ꯔꯤ ꯉꯥꯏ ꯗ    ꯊꯕꯛ    ꯑꯃꯁꯨꯡ    ꯕꯤꯜ ꯗꯤꯡ ꯒꯤ    ꯃꯤꯡ ꯆꯠ ꯀ    ꯂꯣꯏꯅꯅ    ꯃꯣ ꯕꯥꯏ ꯜ    ꯏ ꯛꯁ ꯄꯔꯤ ꯌꯦꯟ ꯁ    ꯑꯃꯁꯨꯡ    ꯍꯦꯟꯅ    ꯇꯛ ꯁꯟ ꯕꯒꯤ    ꯃꯥ ꯑꯣ ꯡ    ꯑꯃ    ꯍꯧ ꯅꯕ    ꯑꯃꯁꯨꯡ    ꯑꯅꯧꯕ    ꯄꯣꯠ    ꯂꯩꯕ    ꯂꯥꯛ ꯄꯁꯤꯡ    ꯐꯪ ꯅꯕꯒꯤꯗꯃꯛ    ꯈꯨꯗꯣ ꯡ    ꯊꯤ ꯅꯤꯡꯉꯥꯏ    ꯑꯣꯏꯕ    ꯄꯣꯠ    ꯂꯩꯕ    ꯌꯣꯟ ꯕꯒꯤ    ꯊꯧ ꯁꯤ ꯜꯗ    ꯄꯨꯛꯅꯤꯡ    ꯆꯪ ꯕꯤꯌꯨ    ꯫ ",282,96
238,"ꯍꯦꯟꯅ ꯂꯥꯞꯅ ꯌꯧꯕ ꯉꯝꯍꯜꯂꯕ ꯇꯦꯛꯅꯣꯂꯣꯒꯤ ꯑꯣꯏꯕ ꯈꯨꯃꯥꯡ ꯆꯥꯎꯈꯠꯄꯁꯤꯡ ꯑꯁꯤꯅ ꯄꯨꯔꯛꯄ ꯂꯦꯝꯅ ꯃꯁꯛꯊꯣꯛꯄ ꯑꯃꯁꯨꯡ ꯑꯍꯣꯡꯕꯁꯤꯡ ꯑꯁꯤꯒꯗꯤ, ꯃꯤꯗꯤꯌꯥꯅ ꯉꯁꯤꯗꯤ ꯃꯤꯌꯥꯝꯒꯤ ꯄꯨꯛꯅꯤꯡ ꯋꯥꯈꯜ ꯁꯦꯝꯕꯗ ꯌꯥꯝꯅ ꯃꯁꯛ ꯊꯣꯛꯄ ꯊꯧꯗꯥꯡ ꯑꯃ ꯂꯧꯔꯦ꯫","ꯍꯦꯟꯅ    ꯂꯥꯞꯅ    ꯌ ꯧꯕ    ꯉꯝ ꯍꯜꯂꯕ    ꯇꯦꯛꯅꯣ ꯂꯣ ꯒꯤ    ꯑꯣꯏꯕ    ꯈꯨ ꯃꯥꯡ    ꯆꯥꯎꯈꯠ ꯄꯁꯤꯡ    ꯑꯁꯤꯅ    ꯄꯨꯔꯛꯄ    ꯂꯦ ꯝꯅ    ꯃꯁ ꯛ ꯊꯣꯛꯄ    ꯑꯃꯁꯨꯡ    ꯑꯍ ꯣꯡ ꯕꯁꯤꯡ    ꯑꯁꯤ ꯒ ꯗꯤ,    ꯃꯤꯗꯤ ꯌꯥꯅ    ꯉꯁꯤꯗꯤ    ꯃꯤꯌꯥꯝꯒꯤ    ꯄꯨꯛꯅꯤꯡ    ꯋꯥꯈꯜ    ꯁꯦꯝ ꯕꯗ    ꯌꯥꯝꯅ    ꯃꯁꯛ    ꯊꯣꯛꯄ    ꯊꯧꯗꯥꯡ    ꯑꯃ    ꯂꯧ ꯔꯦ꯫ ",141,43
239,ꯑꯍꯦꯟꯕ ꯑꯀ꯭ꯋꯤꯇꯤꯒꯤꯗꯃꯛ ꯊꯤꯕꯗ ꯑꯩꯍꯥꯛꯅ ꯑꯦꯝ,ꯑꯍꯦꯟꯕ    ꯑꯀ ꯭ꯋꯤ ꯇꯤ ꯒꯤꯗꯃꯛ    ꯊꯤ ꯕꯗ    ꯑꯩꯍꯥꯛ ꯅ    ꯑꯦ ꯝ ,30,11
240,ꯑꯦ,ꯑꯦ ,2,1
241,ꯇꯤ,ꯇꯤ ,2,1
242,ꯒꯤ ꯆꯥꯡ ꯑꯁꯤ ꯍꯧꯖꯤꯛ ꯂꯩꯔꯤꯕ ꯆꯥꯗ ꯱꯰ꯒꯤ ꯆꯥꯡ ꯑꯁꯤꯗꯒꯤ ꯂꯥꯏꯔꯤꯛꯀꯤ ꯑꯇꯣꯡꯕꯒꯤ ꯆꯥꯗ ꯱꯵ꯗ ꯍꯦꯟꯒꯠꯅꯕ ꯍꯧꯗꯣꯛꯏ꯫,ꯒꯤ    ꯆꯥꯡ    ꯑꯁꯤ    ꯍꯧꯖꯤꯛ    ꯂꯩꯔꯤꯕ    ꯆꯥꯗ    ꯱꯰ꯒꯤ    ꯆꯥꯡ    ꯑꯁꯤꯗꯒꯤ    ꯂꯥꯏꯔꯤ ꯛꯀꯤ    ꯑꯇ ꯣꯡ ꯕꯒꯤ    ꯆꯥꯗ    ꯱꯵ ꯗ    ꯍꯦꯟꯒꯠ ꯅꯕ    ꯍꯧꯗꯣꯛ ꯏ꯫ ,69,21
243,ꯄꯥꯁꯄꯣꯔꯠ ꯀꯦꯟꯗ꯭ꯔꯁꯤꯡꯗ ꯄꯥꯁꯄꯣꯔꯠꯀꯤ ꯑꯦꯄ꯭ꯂꯤꯀꯦꯁꯟꯁꯤꯡ ꯊꯥꯖꯤꯟꯅꯕꯒꯤ ꯑꯣꯟꯂꯥꯏꯟ ꯑꯦꯄꯣꯏꯟ꯭ꯇꯃꯦꯟ꯭ꯇꯁꯤꯡ ꯃꯥꯏꯄꯥꯛꯅ ꯐꯪꯕ ꯑꯁꯤ ꯂꯥꯏꯊꯣꯛꯍꯜꯂꯦ꯫,ꯄꯥ ꯁ ꯄꯣꯔꯠ    ꯀꯦꯟ ꯗ꯭ꯔ ꯁꯤꯡꯗ    ꯄꯥ ꯁ ꯄꯣꯔ ꯠꯀꯤ    ꯑꯦ ꯄ꯭ꯂꯤ ꯀꯦꯁ ꯟꯁꯤꯡ    ꯊꯥ ꯖꯤꯟ ꯅꯕꯒꯤ    ꯑꯣꯟꯂꯥꯏꯟ    ꯑꯦ ꯄꯣꯏꯟ ꯭ꯇ ꯃꯦꯟ ꯭ꯇ ꯁꯤꯡ    ꯃꯥꯏꯄꯥꯛ ꯅ    ꯐꯪꯕ    ꯑꯁꯤ    ꯂꯥꯏ ꯊꯣꯛ ꯍꯜ ꯂꯦ꯫ ,95,32
244,"ꯄꯥꯎꯇꯥꯛꯁꯤꯡ ꯑꯁꯤꯒꯤ ꯃꯇꯨꯡ ꯏꯟꯅ, ꯂꯩꯉꯥꯛꯅ ꯏꯪ ꯲꯰꯰꯶ꯒꯤ ꯖꯦꯅꯨꯋꯥꯔꯤ ꯱ ꯒꯤ ꯃꯃꯥꯡꯒꯤ ꯐꯝꯅꯥꯏꯕꯒꯤ ꯊꯥꯛ (ꯄꯤꯕꯤꯑꯣꯑꯥꯔ)ꯒꯤ ꯃꯈꯥꯗ ꯂꯩꯕ ꯂꯥꯟꯃꯤꯁꯤꯡꯒꯤ ꯄꯦꯟꯁꯟ ꯐꯪꯕꯁꯤꯡꯒꯤ ꯄꯦꯟꯁꯟꯕꯨ ꯃꯁꯛ ꯊꯣꯛꯅ ꯍꯦꯟꯒꯠꯅꯕ ꯑꯃꯁꯨꯡ ꯏꯪ ꯱꯹꯹꯷ꯒꯤ ꯑꯣꯛꯇꯣꯕꯔ ꯱꯰ꯒꯤ ꯃꯃꯥꯡꯒꯤ ꯄꯦꯟꯁꯟ ꯐꯪꯕꯁꯤꯡꯕꯨ ꯏꯪ ꯱꯹꯹꯷ꯒꯤ ꯑꯣꯛꯇꯣꯕꯔ ꯱꯰ꯒꯤ ꯃꯇꯨꯡꯗ ꯄꯦꯟꯁꯟ ꯐꯪꯕꯁꯤꯡꯒ ꯃꯥꯟꯅꯅ ꯄꯨꯔꯛꯅꯕ ꯋꯥꯔꯦꯞꯈꯤ ꯫","ꯄꯥꯎ ꯇꯥꯛ ꯁꯤꯡ    ꯑꯁꯤꯒꯤ    ꯃꯇꯨꯡ    ꯏꯟꯅ,    ꯂꯩꯉꯥꯛꯅ    ꯏꯪ    ꯲꯰꯰ ꯶ ꯒꯤ    ꯖꯦ ꯅꯨ ꯋꯥꯔꯤ    ꯱    ꯒꯤ    ꯃꯃꯥꯡꯒꯤ    ꯐꯝ ꯅꯥꯏ ꯕꯒꯤ    ꯊꯥꯛ    ( ꯄꯤ ꯕꯤ ꯑꯣ ꯑꯥꯔ )ꯒꯤ    ꯃꯈꯥꯗ    ꯂꯩꯕ    ꯂꯥꯟꯃꯤꯁꯤꯡꯒꯤ    ꯄꯦꯟ ꯁꯟ    ꯐꯪ ꯕꯁꯤꯡꯒꯤ    ꯄꯦꯟ ꯁꯟ ꯕꯨ    ꯃꯁꯛ    ꯊꯣꯛꯅ    ꯍꯦꯟꯒꯠ ꯅꯕ    ꯑꯃꯁꯨꯡ    ꯏꯪ    ꯱꯹꯹ ꯷ꯒꯤ    ꯑꯣꯛꯇꯣꯕꯔ    ꯱꯰ꯒꯤ    ꯃꯃꯥꯡꯒꯤ    ꯄꯦꯟ ꯁꯟ    ꯐꯪ ꯕꯁꯤꯡꯕꯨ    ꯏꯪ    ꯱꯹꯹ ꯷ꯒꯤ    ꯑꯣꯛꯇꯣꯕꯔ    ꯱꯰ꯒꯤ    ꯃꯇꯨꯡꯗ    ꯄꯦꯟ ꯁꯟ    ꯐꯪ ꯕ ꯁꯤꯡꯒ    ꯃꯥꯟꯅꯅ    ꯄꯨꯔꯛꯅꯕ    ꯋꯥꯔꯦ ꯞ ꯈꯤ    ꯫ ",226,69
245,"ꯃꯔꯝ ꯑꯁꯤꯅ, ꯉꯁꯤ ꯊꯧꯗꯣꯛ ꯑꯁꯤꯗ,ꯑꯩꯍꯥꯛꯅ ꯃꯥꯂꯦꯝꯒꯤ ꯄꯥꯔꯂꯤꯌꯥꯃꯦꯟꯇꯁꯤꯡꯒꯤ ꯄ꯭ꯔꯤꯁꯥꯏꯗꯤꯡ ꯑꯣꯐꯤꯁꯔꯁꯤꯡꯕꯨ ꯈꯦꯠꯅꯕ ꯂꯩꯇꯕ ꯑꯃꯁꯨꯡ ꯍꯦꯟꯅ ꯆꯠꯅꯕ ꯌꯥꯕ ꯐꯣꯜ ꯑꯗꯨꯒꯤ ꯃꯌꯥꯏꯗ ꯃꯤꯌꯥꯝꯕꯨ ꯊꯝꯕ ꯆꯪ ꯆꯪ ꯂꯥꯎꯕ ꯊꯕꯛꯀꯤ ꯊꯧꯔꯥꯡ ꯁꯦꯝꯕꯗ ꯊꯋꯥꯏ ꯌꯥꯎꯅ ꯇꯧꯅꯅꯕ ꯍꯥꯏꯔꯤ ꯑꯃꯁꯨꯡ ꯄꯥꯔꯂꯤꯌꯥꯃꯦꯟꯇꯁꯤꯡꯅ ꯃꯁꯤ ꯀꯥꯟꯅꯕ ꯃꯥꯑꯣꯡꯗ ꯁꯤꯖꯟꯅꯍꯟꯅꯕ ꯍꯣꯠꯅꯕꯗ ꯑꯐꯕ ꯊꯧꯗꯥꯡ ꯂꯧꯕ ꯃꯊꯧ ꯇꯥꯏ꯫","ꯃꯔꯝ    ꯑꯁꯤ ꯅ,    ꯉꯁꯤ    ꯊꯧꯗꯣꯛ    ꯑꯁꯤ ꯗ , ꯑꯩꯍꯥꯛ ꯅ    ꯃꯥꯂꯦꯝꯒꯤ    ꯄꯥꯔꯂꯤꯌꯥ ꯃꯦꯟ ꯇ ꯁꯤꯡꯒꯤ    ꯄ꯭ꯔꯤ ꯁꯥꯏ ꯗꯤꯡ    ꯑꯣꯐꯤ ꯁꯔ ꯁꯤꯡꯕꯨ    ꯈꯦꯠꯅꯕ    ꯂꯩꯇꯕ    ꯑꯃꯁꯨꯡ    ꯍꯦꯟꯅ    ꯆꯠꯅꯕ    ꯌꯥꯕ    ꯐꯣ ꯜ    ꯑꯗꯨꯒꯤ    ꯃꯌꯥꯏ ꯗ    ꯃꯤꯌꯥꯝ ꯕꯨ    ꯊꯝꯕ    ꯆ ꯪ    ꯆ ꯪ    ꯂꯥꯎ ꯕ    ꯊꯕ ꯛꯀꯤ    ꯊꯧꯔꯥꯡ    ꯁꯦꯝ ꯕꯗ    ꯊꯋꯥꯏ    ꯌꯥꯎꯅ    ꯇꯧ ꯅꯅꯕ    ꯍꯥꯏꯔꯤ    ꯑꯃꯁꯨꯡ    ꯄꯥꯔꯂꯤꯌꯥ ꯃꯦꯟ ꯇ ꯁꯤꯡꯅ    ꯃꯁꯤ    ꯀꯥꯟꯅꯕ    ꯃꯥ ꯑꯣ ꯡꯗ    ꯁꯤꯖꯟ ꯅ ꯍꯟꯅꯕ    ꯍꯣꯠꯅꯕꯗ    ꯑꯐꯕ    ꯊꯧꯗꯥꯡ    ꯂꯧꯕ    ꯃꯊꯧ    ꯇꯥꯏ꯫ ",227,70
246,ꯔꯥꯖ꯭ꯌ ꯑꯃꯁꯨꯡ ꯌꯨ,ꯔꯥꯖ꯭ꯌ    ꯑꯃꯁꯨꯡ    ꯌꯨ ,12,3
247,ꯇꯤ,ꯇꯤ ,2,1
248,ꯇꯔꯥꯅꯤꯄꯥꯟꯒꯤ ꯂꯥꯈ ꯴꯶ ꯍꯦꯟꯕ ꯕꯤ,ꯇꯔꯥ ꯅꯤꯄꯥꯟ ꯒꯤ    ꯂꯥꯈ    ꯴ ꯶    ꯍꯦꯟꯕ    ꯕꯤ ,21,8
249,ꯄꯤ,ꯄꯤ ,2,1
250,ꯑꯦꯜ,ꯑꯦꯜ ,3,1
251,ꯒꯤ ꯏꯃꯨꯡꯁꯤꯡꯗ ꯕꯥꯏꯑꯣꯃꯦꯇ꯭ꯔꯤꯛ ꯁ꯭ꯃꯥꯔꯠ ꯀꯥꯔꯗꯁꯤꯡ ꯌꯦꯟꯊꯣꯛꯈ꯭ꯔꯦ꯫,ꯒꯤ    ꯏꯃꯨꯡ ꯁꯤꯡꯗ    ꯕꯥꯏꯑꯣ ꯃꯦ ꯇ꯭ꯔꯤꯛ    ꯁ꯭ ꯃꯥꯔ ꯠ    ꯀꯥꯔ ꯗꯁꯤꯡ    ꯌꯦꯟ ꯊꯣꯛ ꯈ꯭ꯔꯦ꯫ ,46,14
252,ꯆꯠꯊꯔꯤꯕꯁꯤꯡꯒꯤ ꯂꯥꯏꯕ ꯇꯦꯂꯤꯀꯥꯁꯠ ꯑꯁꯤ ꯏꯪ ꯱꯹꯹꯴ꯗ ꯍꯧꯈꯤ꯫,ꯆꯠꯊ ꯔꯤ ꯕꯁꯤꯡꯒꯤ    ꯂꯥꯏ ꯕ    ꯇꯦꯂꯤ ꯀꯥ ꯁꯠ    ꯑꯁꯤ    ꯏꯪ    ꯱꯹꯹ ꯴ꯗ    ꯍꯧꯈꯤ꯫ ,38,13
253,"꯲꯰꯲꯱ꯒꯤ ꯁꯦꯞꯇꯦꯝꯕꯔ ꯱꯵ꯗ ꯏ꯭ꯟꯇꯔꯅꯦꯁꯅꯦꯜ ꯗꯦ ꯑꯣꯐ ꯗꯦꯃꯣꯀ꯭ꯔꯦꯁꯤ ꯅꯤꯡꯁꯤꯡꯅꯕ ꯊꯧꯔꯝ ꯄꯥꯡꯊꯣꯛꯄ ꯑꯣꯏꯅ, ꯅꯤꯌꯨ ꯗꯦꯜꯂꯤ ꯄꯥꯔꯂꯤꯌꯥꯃꯦꯟ꯭ꯇ ꯍꯥꯎꯁ ꯑꯦꯅꯦꯛꯁꯇ ꯚꯥꯔꯠꯀꯤ ꯎꯄ-ꯔꯥꯖꯇ꯭ꯔꯄꯇꯤ, ꯁ꯭ꯔꯤ ꯑꯦꯝ ꯈꯦꯟꯀꯥꯌꯥ ꯅꯥꯏꯗꯨ, ꯚꯥꯔꯠꯀꯤ ꯄ꯭ꯔꯙꯥꯟ ꯃꯥꯟꯇ꯭ꯔꯤ ꯁ꯭ꯔꯤ ꯅꯥꯔꯦꯟꯗ꯭ꯔ ꯃꯣꯗꯤ ꯑꯃꯁꯨꯡ ꯂꯣꯛ ꯁꯚꯥꯒꯤ ꯏꯁꯄꯤꯀꯔ, ꯁ꯭ꯔꯤ ꯑꯣꯝ ꯕꯤꯔꯂꯥ ꯌꯥꯎꯗꯨꯅ ꯑꯥꯒꯁꯠꯇ ꯁꯟꯁꯗ ꯇꯤꯚꯤ ꯑꯗꯨ ꯊꯕꯛ ꯍꯧꯍꯟꯈꯤ꯫","꯲꯰꯲ ꯱ꯒꯤ    ꯁꯦꯞꯇꯦꯝꯕꯔ    ꯱꯵ ꯗ    ꯏ ꯭ ꯟ ꯇꯔ ꯅꯦꯁꯅꯦꯜ    ꯗꯦ    ꯑꯣꯐ    ꯗꯦ ꯃꯣ ꯀ꯭ꯔꯦ ꯁꯤ    ꯅꯤꯡꯁꯤꯡ ꯅꯕ    ꯊꯧꯔꯝ    ꯄꯥꯡꯊꯣꯛꯄ    ꯑꯣꯏꯅ,    ꯅꯤ ꯌꯨ    ꯗꯦ ꯜꯂꯤ    ꯄꯥꯔꯂꯤꯌꯥ ꯃꯦꯟ ꯭ꯇ    ꯍꯥꯎꯁ    ꯑꯦ ꯅꯦ ꯛꯁꯇ    ꯚꯥꯔꯠꯀꯤ    ꯎ ꯄ - ꯔꯥꯖ ꯇ꯭ꯔ ꯄ ꯇꯤ,    ꯁ꯭ꯔꯤ    ꯑꯦ ꯝ    ꯈꯦꯟ ꯀꯥ ꯌꯥ    ꯅꯥꯏ ꯗꯨ ,    ꯚꯥꯔꯠꯀꯤ    ꯄ꯭ꯔꯙꯥꯟ    ꯃꯥꯟ ꯇ꯭ꯔꯤ    ꯁ꯭ꯔꯤ    ꯅꯥꯔ ꯦꯟ ꯗ꯭ꯔ    ꯃꯣ ꯗꯤ    ꯑꯃꯁꯨꯡ    ꯂꯣꯛ    ꯁꯚꯥ ꯒꯤ    ꯏꯁ ꯄꯤ ꯀꯔ ,    ꯁ꯭ꯔꯤ    ꯑꯣ ꯝ    ꯕꯤꯔ ꯂꯥ    ꯌꯥꯎ ꯗꯨꯅ    ꯑꯥ ꯒ ꯁ ꯠꯇ    ꯁꯟ ꯁ ꯗ    ꯇꯤ ꯚꯤ    ꯑꯗꯨ    ꯊꯕꯛ    ꯍꯧ ꯍꯟꯈꯤ꯫ ",238,87
254,"ꯁꯦꯟꯃꯤꯠꯂꯣꯟ, ꯃꯇꯤꯛ ꯆꯥꯕ ꯑꯃꯁꯨꯡ ꯀꯥꯟꯅꯕꯁꯤꯡ ꯄꯨꯔꯛꯅꯕ, ꯍꯥꯎꯁꯦꯁ ꯑꯣꯐ ꯄꯥꯔꯂꯤꯌꯥꯃꯦꯟ꯭ꯇ ꯑꯅꯤꯃꯛꯀꯤ ꯄ꯭ꯔꯤꯁꯥꯏꯗꯤꯡ ꯑꯣꯐꯤꯁꯔꯁꯤꯡ- ꯚꯥꯔꯠꯀꯤ ꯚꯥꯏꯁ ꯄ꯭ꯔꯁꯤꯗꯦꯟ ꯑꯃꯁꯨꯡ ꯔꯥꯖꯤꯌꯥ ꯁꯚꯥꯒꯤ ꯆꯦꯌꯔꯃꯦꯟ ꯑꯃꯁꯨꯡ ꯂꯣꯛ ꯁꯚꯥꯒꯤ ꯁ꯭ꯄꯤꯀꯔ-ꯑꯅꯤꯅ ꯆꯦꯅꯦꯜ ꯑꯅꯤ ꯑꯁꯤꯕꯨ ꯄꯨꯟꯁꯤꯟꯕꯗ ꯌꯥꯅꯈꯤ꯫","ꯁꯦꯟꯃꯤꯠ ꯂꯣꯟ ,    ꯃꯇꯤꯛ    ꯆꯥꯕ    ꯑꯃꯁꯨꯡ    ꯀꯥꯟ ꯅꯕꯁꯤꯡ    ꯄꯨꯔꯛ ꯅꯕ,    ꯍꯥꯎ ꯁ ꯦꯁ    ꯑꯣꯐ    ꯄꯥꯔꯂꯤꯌꯥ ꯃꯦꯟ ꯭ꯇ    ꯑꯅꯤꯃꯛꯀꯤ    ꯄ꯭ꯔꯤ ꯁꯥꯏ ꯗꯤꯡ    ꯑꯣꯐꯤ ꯁꯔ ꯁꯤꯡ -    ꯚꯥꯔꯠꯀꯤ    ꯚꯥꯏ ꯁ    ꯄ꯭ꯔ ꯁꯤ ꯗꯦꯟ    ꯑꯃꯁꯨꯡ    ꯔꯥ ꯖꯤ ꯌꯥ    ꯁꯚꯥ ꯒꯤ    ꯆꯦ ꯌ ꯔꯃ ꯦꯟ    ꯑꯃꯁꯨꯡ    ꯂꯣꯛ    ꯁꯚꯥ ꯒꯤ    ꯁ꯭ꯄꯤ ꯀꯔ - ꯑꯅꯤꯅ    ꯆꯦ ꯅꯦꯜ    ꯑꯅꯤ    ꯑꯁꯤꯕꯨ    ꯄꯨꯟꯁꯤꯟ ꯕꯗ    ꯌꯥ ꯅꯈꯤ꯫ ",177,57
255,"ꯃꯍꯧꯁꯥꯅ, ꯈꯟꯅ-ꯅꯩꯅꯕ ꯑꯁꯤꯒꯤꯗꯃꯛ ꯅꯨꯃꯤꯠ ꯍꯨꯝꯅꯤ ꯄꯤ꯫","ꯃꯍꯧꯁꯥꯅ,    ꯈꯟꯅ- ꯅꯩꯅꯕ    ꯑꯁꯤꯒꯤꯗꯃꯛ    ꯅꯨꯃꯤꯠ    ꯍꯨꯝ ꯅꯤ    ꯄꯤ꯫ ",36,8
256,ꯏꯆꯝ ꯆꯝꯕ ꯚꯥꯔꯠ ꯃꯆꯥ ꯑꯃꯅ ꯌꯨꯝ ꯑꯃꯁꯨꯡ ꯃꯄꯥꯟ ꯂꯝ ꯑꯅꯤꯃꯛꯇ ꯄꯥꯁꯄꯣꯔꯠ ꯂꯧꯕ ꯑꯃꯁꯨꯡ ꯔꯤꯅ꯭ꯌꯨ ꯇꯧꯕꯗ ꯂꯥꯏꯊꯣꯛꯍꯟꯕ ꯑꯁꯤ ꯏꯪ ꯲꯰꯱꯴ꯗꯒꯤ ꯃꯣꯗꯤ ꯁꯔꯀꯥꯔ ꯑꯁꯤꯒꯤ ꯍꯦꯟꯅ ꯃꯔꯨꯑꯣꯏꯕ ꯋꯥꯐꯝ ꯑꯣꯏꯗꯨꯅ ꯂꯥꯛꯂꯤ꯫,ꯏꯆ ꯝ    ꯆꯝꯕ    ꯚꯥꯔꯠ    ꯃꯆꯥ    ꯑꯃꯅ    ꯌꯨꯝ    ꯑꯃꯁꯨꯡ    ꯃꯄꯥꯟ    ꯂꯝ    ꯑꯅꯤꯃꯛꯇ    ꯄꯥ ꯁ ꯄꯣꯔꯠ    ꯂꯧꯕ    ꯑꯃꯁꯨꯡ    ꯔꯤ ꯅ꯭ꯌꯨ    ꯇꯧꯕꯗ    ꯂꯥꯏ ꯊꯣꯛꯍꯟꯕ    ꯑꯁꯤ    ꯏꯪ    ꯲꯰꯱ ꯴ ꯗꯒꯤ    ꯃꯣ ꯗꯤ    ꯁꯔꯀꯥꯔ   ꯑꯁꯤꯒꯤ    ꯍꯦꯟꯅ    ꯃꯔꯨꯑꯣꯏꯕ    ꯋꯥꯐꯝ    ꯑꯣꯏꯗꯨꯅ    ꯂꯥꯛꯂꯤ꯫ ,123,35
257,"ꯑꯗꯨꯝ ꯑꯣꯏꯅꯃꯛ, ꯃꯊꯪꯒꯤ ꯀꯦꯝꯄꯦꯟꯗ ꯏ","ꯑꯗꯨꯝ    ꯑꯣꯏꯅꯃꯛ,    ꯃꯊꯪꯒꯤ    ꯀꯦꯝ ꯄꯦꯟ ꯗ    ꯏ ",24,7
258,ꯏ,ꯏ ,1,1
259,ꯖꯤ,ꯖꯤ ,2,1
260,"ꯒꯤ ꯉꯝꯈꯩꯐꯥꯎꯕ ꯑꯣꯐꯁꯣꯔ ꯕꯦꯁꯤꯟꯁꯤꯡ (ꯏꯁꯠ ꯀꯣꯁꯠ, ꯋꯦꯁꯠ ꯀꯣꯁꯠ ꯑꯃꯁꯨꯡ ꯑꯟꯗꯥꯃꯥꯟ) ꯂꯧꯈꯠꯂꯤ꯫","ꯒꯤ    ꯉꯝꯈꯩ ꯐꯥꯎꯕ    ꯑꯣ ꯐ ꯁꯣꯔ    ꯕꯦ ꯁꯤꯟ ꯁꯤꯡ    ( ꯏꯁꯠ    ꯀꯣ ꯁ ꯠ,    ꯋꯦꯁꯠ    ꯀꯣ ꯁꯠ    ꯑꯃꯁꯨꯡ    ꯑꯟ ꯗꯥ ꯃꯥꯟ )    ꯂꯧꯈꯠ ꯂꯤ꯫ ",61,24
261,ꯑꯦꯟ,ꯑꯦꯟ ,3,1
262,ꯑꯦꯁ,ꯑꯦꯁ,3,1
263,ꯄꯤ,ꯄꯤ ,2,1
264,ꯒꯤ ꯃꯈꯥꯗ ꯂꯩꯕ ꯃꯁꯛ-ꯃꯌꯥꯏ ꯂꯦꯞꯄꯒꯤ ꯊꯧꯔꯝ ꯑꯗꯨ ꯀꯪꯐꯥꯜꯒꯤ ꯕꯦꯁꯤꯟꯁꯤꯡ ꯀꯣꯟꯁꯤꯟꯅꯕ ꯊꯧꯔꯥꯡ ꯑꯣꯏꯈꯤ꯫,ꯒꯤ    ꯃꯈꯥꯗ    ꯂꯩꯕ    ꯃꯁ ꯛ- ꯃꯌꯥꯏ    ꯂꯦꯞ ꯄꯒꯤ    ꯊꯧꯔꯝ    ꯑꯗꯨ    ꯀꯪ ꯐꯥ ꯜꯒꯤ    ꯕꯦ ꯁꯤꯟ ꯁꯤꯡ    ꯀꯣꯟ ꯁꯤꯟꯅꯕ    ꯊꯧꯔꯥꯡ    ꯑꯣꯏꯈꯤ꯫ ,64,20
265,ꯐꯦꯕ꯭ꯔꯨꯋꯥꯔꯤ ꯲꯰꯲꯲ ꯐꯥꯎꯕꯗ ꯑꯟꯗꯥꯃꯥꯟꯒꯤ ꯇꯣꯔꯕꯥꯟꯗꯒꯤ ꯈꯔ ꯂꯥꯞꯊꯣꯛꯂꯕ ꯁꯃꯨꯗ꯭ꯔꯗ ꯑꯄꯨꯟꯕ ꯑꯦꯜ,ꯐꯦꯕ꯭ꯔꯨꯋꯥꯔꯤ    ꯲꯰꯲ ꯲    ꯐꯥꯎꯕꯗ    ꯑꯟ ꯗꯥ ꯃꯥꯟ ꯒꯤ    ꯇꯣꯔꯕ ꯥꯟ ꯗꯒꯤ    ꯈꯔ    ꯂꯥꯞ ꯊꯣꯛꯂꯕ    ꯁꯃꯨꯗ꯭ꯔ ꯗ    ꯑꯄꯨꯟꯕ    ꯑꯦꯜ ,62,18
266,ꯀꯦ,ꯀꯦ ,2,1
267,ꯑꯦꯝ,ꯑꯦ ꯝ ,3,2
268,"꯲꯲,꯵꯵꯵ꯒꯤ ꯲ꯗꯤ ꯕ꯭ꯔꯣꯗꯕꯦꯟ ꯁꯤꯁꯃꯤꯛ ꯗꯦꯇꯥ ꯐꯪꯈ꯭ꯔꯦ꯫","꯲ ꯲, ꯵ ꯵ ꯵ꯒꯤ    ꯲ ꯗꯤ    ꯕ꯭ꯔꯣ ꯗꯕ ꯦꯟ    ꯁꯤ ꯁꯃꯤ ꯛ    ꯗꯦꯇꯥ    ꯐꯪ ꯈ꯭ꯔꯦ꯫ ",36,16
269,"ꯍꯥꯏꯔꯤꯕ ꯔꯤꯁꯣꯔꯁꯁꯤꯡ ꯑꯁꯤꯅ ꯑꯩꯈꯣꯏꯒꯤ ꯆꯥꯎꯈꯠꯅꯕ ꯍꯣꯠꯅꯔꯤꯕꯁꯤꯡ, ꯑꯈꯟꯅꯅ ꯑꯩꯈꯣꯏꯒꯤ ꯃꯤꯁꯤꯡꯒꯤ ꯈꯨꯗꯣꯡꯊꯤꯅꯤꯡꯉꯥꯏ ꯑꯣꯏꯕ ꯀꯥꯡꯂꯨꯞꯁꯤꯡꯒꯤ ꯅꯨꯡꯉꯥꯏ-ꯌꯥꯏꯐꯒꯤ ꯃꯇꯥꯡꯗ ꯂꯩꯔꯤꯕ ꯑꯔꯨꯕ ꯐꯤꯚꯝꯗ ꯂꯩꯕ ꯑꯍꯣꯕꯁꯤꯡ ꯑꯁꯤ ꯃꯦꯟꯁꯤꯟꯅꯕꯒꯤ ꯄꯥꯝꯕꯩꯁꯤꯡ ꯑꯗꯨ ꯑꯩꯈꯣꯏꯗ ꯄꯤ꯫","ꯍꯥꯏꯔꯤꯕ    ꯔꯤ ꯁꯣꯔ ꯁꯁꯤꯡ    ꯑꯁꯤꯅ    ꯑꯩꯈ ꯣꯏꯒꯤ    ꯆꯥꯎꯈꯠ ꯅꯕ    ꯍꯣꯠꯅ ꯔꯤꯕ ꯁꯤꯡ,    ꯑꯈꯟ ꯅꯅ    ꯑꯩꯈ ꯣꯏꯒꯤ    ꯃꯤꯁꯤꯡꯒꯤ    ꯈꯨꯗꯣꯡꯊꯤ ꯅꯤꯡꯉꯥꯏ    ꯑꯣꯏꯕ    ꯀꯥꯡꯂꯨꯞ ꯁꯤꯡꯒꯤ    ꯅꯨꯡꯉꯥꯏ - ꯌꯥꯏ ꯐ ꯒꯤ    ꯃꯇꯥꯡꯗ    ꯂꯩꯔꯤꯕ    ꯑꯔꯨꯕ    ꯐꯤꯚ ꯝꯗ    ꯂꯩꯕ    ꯑꯍ ꯣ ꯕꯁꯤꯡ    ꯑꯁꯤ    ꯃꯦꯟ ꯁꯤꯟ ꯅꯕꯒꯤ    ꯄꯥꯝꯕꯩ ꯁꯤꯡ    ꯑꯗꯨ    ꯑꯩꯈ ꯣꯏ ꯗ    ꯄꯤ꯫ ",166,47
270,ꯄꯥꯟꯗꯝ ꯑꯁꯤ ꯆꯍꯤ ꯑꯍꯨꯝꯗ ꯅꯨꯄꯤꯒꯤ ꯂꯥꯏꯔꯤꯛ ꯏꯕ-ꯄꯥꯕ ꯉꯝꯗꯕꯒꯤ ꯍꯧꯖꯤꯛ ꯂꯩꯔꯤꯕ ꯊꯥꯛ ꯑꯁꯤꯒꯤ ꯇꯪꯈꯥꯏꯗ ꯍꯟꯊꯍꯟꯕ ꯑꯣꯏꯒꯅꯤ꯫,ꯄꯥꯟꯗꯝ    ꯑꯁꯤ    ꯆꯍꯤ    ꯑꯍꯨꯝꯗ    ꯅꯨꯄꯤꯒꯤ    ꯂꯥꯏꯔꯤꯛ    ꯏ ꯕ- ꯄꯥꯕ    ꯉꯝ ꯗꯕꯒꯤ    ꯍꯧꯖꯤꯛ    ꯂꯩꯔꯤꯕ    ꯊꯥꯛ    ꯑꯁꯤꯒꯤ    ꯇꯪ ꯈꯥꯏ ꯗ    ꯍꯟꯊ ꯍꯟꯕ    ꯑꯣꯏꯒꯅꯤ꯫ ,77,21
271,"ꯑꯗꯨꯕꯨ ꯁꯤꯕꯤꯜ ꯁꯔꯕꯤꯁꯁꯤꯡ, ꯄꯨꯂꯤꯁ ꯑꯃꯁꯨꯡ ꯑꯥꯔꯃꯤ ꯑꯗꯨꯗ ꯃꯨꯁꯂꯤꯝꯁꯤꯡ ꯈꯛꯇ ꯂꯩꯕꯒꯨꯝ ꯇꯧꯔꯝꯃꯤ꯫","ꯑꯗꯨꯕꯨ    ꯁꯤ ꯕꯤꯜ    ꯁꯔꯕꯤ ꯁ ꯁꯤꯡ,    ꯄꯨꯂꯤꯁ    ꯑꯃꯁꯨꯡ    ꯑꯥꯔ ꯃꯤ    ꯑꯗꯨꯗ    ꯃꯨꯁꯂꯤ ꯝꯁꯤꯡ    ꯈꯛꯇ    ꯂꯩꯕ ꯒꯨꯝ    ꯇꯧꯔꯝꯃꯤ꯫ ",63,17
272,"ꯊꯨꯡꯂꯕ ꯃꯇꯝꯗ ꯑꯦꯂꯦꯛꯇ꯭ꯔꯣꯅꯤꯛ ꯇꯣꯀꯟ ꯄꯤꯕ ꯑꯃꯁꯨꯡ ꯄꯤꯑꯦꯁꯀꯦꯗ ꯊꯕꯛ ꯂꯣꯏꯔꯕ ꯃꯇꯝꯗ ꯑꯦꯂꯦꯛꯇ꯭ꯔꯣꯅꯤꯛ ꯑꯦꯛꯖꯤꯠ ꯂꯦꯇꯔ ꯄꯤꯕꯁꯤꯅ ꯆꯦ ꯌꯥꯎꯗꯅ ꯊꯕꯛ ꯇꯧꯕ, ꯑꯀꯣꯏꯕꯕꯨ ꯉꯥꯛ ꯁꯦꯟꯕ ꯑꯃꯁꯨꯡ ꯗꯤꯒꯤꯇꯦꯜ ꯏꯟꯗꯤꯌꯥꯒꯤ ꯑꯁꯪ ꯑꯃꯥꯟꯒꯤ ꯊꯕꯛ ꯍꯧꯗꯣꯛꯄ ꯑꯗꯨꯕꯨ ꯁꯧꯒꯠꯂꯤ꯫","ꯊꯨꯡ ꯂꯕ    ꯃꯇꯝꯗ    ꯑꯦ ꯂꯦꯛ ꯇ꯭ꯔꯣ ꯅꯤꯛ    ꯇꯣ ꯀꯟ    ꯄꯤꯕ    ꯑꯃꯁꯨꯡ    ꯄꯤ ꯑꯦꯁ ꯀꯦ ꯗ    ꯊꯕꯛ    ꯂꯣꯏꯔꯕ    ꯃꯇꯝꯗ    ꯑꯦ ꯂꯦꯛ ꯇ꯭ꯔꯣ ꯅꯤꯛ    ꯑꯦꯛ ꯖꯤꯠ    ꯂꯦ ꯇꯔ    ꯄꯤ ꯕ ꯁꯤꯅ    ꯆꯦ    ꯌꯥꯎꯗꯅ    ꯊꯕꯛ    ꯇꯧ ꯕ,    ꯑꯀꯣꯏ ꯕꯕꯨ    ꯉ ꯥꯛ    ꯁꯦꯟ ꯕ    ꯑꯃꯁꯨꯡ    ꯗꯤ ꯒꯤ ꯇꯦꯜ    ꯏꯟꯗꯤꯌꯥꯒꯤ    ꯑ ꯁꯪ    ꯑꯃ ꯥꯟꯒꯤ    ꯊꯕꯛ    ꯍꯧ ꯗꯣꯛꯄ    ꯑꯗꯨꯕꯨ    ꯁꯧꯒꯠ ꯂꯤ꯫ ",159,55
273,ꯑꯁꯤꯒꯨꯝꯕ ꯑꯄꯟ-ꯑꯌꯦꯠ ꯌꯥꯎꯗꯕ ꯊꯧꯑꯣꯡ ꯑꯁꯤꯅ ꯗꯦꯂꯤꯕꯔꯤ ꯁꯔꯕꯤꯁꯀꯤ ꯈꯣꯡꯖꯦꯜ ꯍꯦꯟꯒꯠꯄꯗ ꯃꯇꯦꯡ ꯄꯥꯡꯈ꯭ꯔꯦ ꯑꯃꯗꯤ ꯃꯤꯌꯥꯝꯒꯤ ꯁꯃꯁ꯭ꯌꯥꯁꯤꯡ ꯍꯟꯊꯍꯟꯈ꯭ꯔꯦ꯫,ꯑꯁꯤꯒꯨꯝꯕ    ꯑ ꯄꯟ -ꯑ ꯌꯦꯠ    ꯌꯥꯎꯗꯕ    ꯊꯧꯑꯣꯡ    ꯑꯁꯤꯅ    ꯗꯦ ꯂꯤꯕ ꯔꯤ    ꯁꯔꯕꯤ ꯁꯀꯤ    ꯈꯣꯡ ꯖꯦꯜ    ꯍꯦꯟꯒꯠ ꯄꯗ    ꯃꯇꯦꯡ    ꯄꯥꯡ ꯈ꯭ꯔꯦ    ꯑꯃꯗꯤ    ꯃꯤꯌꯥꯝꯒꯤ    ꯁ ꯃ ꯁ꯭ ꯌꯥ ꯁꯤꯡ    ꯍꯟꯊ ꯍꯟ ꯈ꯭ꯔꯦ꯫ ,97,30
274,ꯃꯁꯤꯒꯤ ꯃꯇꯥꯡꯗ ꯍꯥꯎꯁꯀꯤ ꯃꯀꯣꯛ ꯅꯠꯇ꯭ꯔꯒ ꯃꯔꯤ ꯂꯩꯅꯕ ꯃꯟꯇ꯭ꯔꯤꯒ ꯇꯥꯟꯅꯅꯕ ꯆꯠꯅ-ꯄꯊꯥꯞꯁꯤꯡꯒꯤ ꯃꯈꯥꯗ ꯇꯉꯥꯏꯐꯗꯕ ꯑꯃꯠꯇ ꯂꯩꯇꯦ꯫,ꯃꯁꯤꯒꯤ    ꯃꯇꯥꯡꯗ    ꯍꯥꯎ ꯁꯀꯤ    ꯃꯀꯣꯛ    ꯅꯠꯇ꯭ꯔꯒ    ꯃꯔꯤ    ꯂꯩꯅꯕ    ꯃꯟꯇ꯭ꯔꯤ ꯒ    ꯇꯥꯟ ꯅꯅꯕ    ꯆꯠꯅ- ꯄꯊꯥ ꯞ ꯁꯤꯡꯒꯤ    ꯃꯈꯥꯗ    ꯇꯉꯥꯏꯐ ꯗꯕ    ꯑꯃꯠꯇ    ꯂꯩꯇꯦ꯫ ,79,21
275,"ꯍꯥꯏꯔꯤꯕ ꯈꯣꯡꯊꯥꯡꯁꯤꯡ ꯑꯁꯤꯅ ꯕꯖꯦꯠꯀꯤ ꯍꯤꯔꯝ ꯄꯨꯝꯅꯃꯛ, ꯍꯥꯏꯕꯗꯤ, ꯁꯕꯁꯤꯗꯤꯁꯤꯡ, ꯈꯥꯖꯅꯥꯁꯤꯡ, ꯆꯥꯗꯤꯡꯁꯤꯡ ꯑꯃꯁꯨꯡ ꯗꯤꯁꯏꯟꯚꯦꯁꯠꯃꯦꯟ꯭ꯇ, ꯃꯅꯨꯡꯗ ꯆꯜꯍꯟꯒꯗꯕꯅꯤ꯫","ꯍꯥꯏꯔꯤꯕ    ꯈꯣꯡ ꯊꯥꯡ ꯁꯤꯡ    ꯑꯁꯤꯅ    ꯕꯖꯦ ꯠꯀꯤ    ꯍꯤꯔꯝ    ꯄꯨꯝꯅ ꯃꯛ,    ꯍꯥꯏꯕ ꯗꯤ,    ꯁꯕ ꯁꯤ ꯗꯤ ꯁꯤꯡ,    ꯈꯥ ꯖ ꯅꯥ ꯁꯤꯡ,    ꯆꯥꯗꯤꯡꯁꯤꯡ    ꯑꯃꯁꯨꯡ    ꯗꯤꯁ ꯏꯟ ꯚ ꯦꯁꯠ ꯃꯦꯟ ꯭ ꯇ,    ꯃꯅꯨꯡꯗ    ꯆ ꯜ ꯍꯟ ꯒꯗꯕꯅꯤ꯫ ",105,34
276,"ꯃꯁꯤ ꯄꯦꯃꯦꯟ꯭ꯇꯁꯤꯡꯒꯤ ꯁꯇꯦꯕꯜ ꯑꯣꯏꯕ ꯕꯦꯂꯦꯟꯁ ꯑꯃ, ꯃꯌꯥꯏꯒꯤ ꯆꯥꯡꯆꯠ ꯑꯣꯏꯕ ꯁꯦꯟꯗꯣꯏꯒꯤ ꯆꯥꯡꯁꯤꯡ ꯑꯃꯗꯤ ꯀꯣꯔꯄꯣꯔꯦꯠ ꯏꯟꯚꯦꯁꯠꯃꯦꯟ꯭ꯇꯀꯤꯗꯃꯛ ꯑꯦꯛꯁꯇꯔꯅꯦꯜ ꯀꯦꯄꯤꯇꯦꯜꯒꯤ ꯆꯥꯡ ꯅꯥꯏꯕ ꯐ꯭ꯂꯣ ꯑꯃ ꯊꯝꯅꯕꯒꯤꯗꯃꯛ ꯇꯉꯥꯏꯐꯗꯦ꯫","ꯃꯁꯤ    ꯄꯦ ꯃꯦꯟ ꯭ꯇ ꯁꯤꯡꯒꯤ    ꯁꯇꯦ ꯕꯜ    ꯑꯣꯏꯕ    ꯕꯦ ꯂꯦꯟ ꯁ    ꯑꯃ,    ꯃꯌꯥꯏ ꯒꯤ    ꯆꯥꯡ ꯆꯠ    ꯑꯣꯏꯕ    ꯁꯦꯟꯗ ꯣꯏꯒꯤ    ꯆꯥꯡ ꯁꯤꯡ    ꯑꯃꯗꯤ    ꯀꯣꯔ ꯄꯣ ꯔꯦꯠ    ꯏꯟ ꯚ ꯦꯁꯠ ꯃꯦꯟ ꯭ꯇ ꯀꯤꯗꯃꯛ    ꯑꯦꯛꯁ ꯇꯔ ꯅꯦꯜ    ꯀꯦꯄꯤ ꯇꯦ ꯜꯒꯤ    ꯆꯥꯡ    ꯅꯥꯏꯕ    ꯐ꯭ ꯂꯣ    ꯑꯃ    ꯊꯝ ꯅꯕꯒꯤꯗꯃꯛ    ꯇꯉꯥꯏꯐ ꯗꯦ꯫ ",138,46
277,"ꯃꯁꯤꯒꯤ ꯃꯊꯛꯇ, ꯌꯨꯑꯦꯁꯀꯤ ꯄꯣꯠ ꯂꯩꯕꯁꯤꯡꯁꯤ ꯌꯨꯀꯦꯅ ꯃꯈꯣꯏꯒꯤ ꯈ꯭ꯋꯥꯏꯗꯒꯤ ꯄꯥꯝꯕ ꯄꯣꯠꯀꯤ ꯃꯐꯝ (꯴꯹%) ꯃꯁꯤꯒꯤ ꯃꯇꯨꯡꯗ ꯆꯥꯏꯅꯅ ꯏꯟꯅꯗꯨꯅ (꯳꯹%), ꯀꯦꯅꯥꯗ (꯳꯴%), ꯍꯣꯡ ꯀꯣꯡ (꯲꯰%) ꯑꯃꯁꯨꯡ ꯑꯣꯁꯇ꯭ꯔꯦꯂꯤꯌꯥ (꯱꯸%) ꯑꯣꯢꯅ ꯃꯄꯥꯟ ꯂꯝꯗ ꯁꯦꯟ ꯇꯤꯡꯊꯣꯛꯄꯗ ꯍꯔꯥꯎꯋꯤ꯫","ꯃꯁꯤꯒꯤ    ꯃꯊꯛꯇ,    ꯌꯨ ꯑꯦꯁ ꯀꯤ    ꯄꯣꯠ    ꯂꯩꯕ ꯁꯤꯡ ꯁꯤ    ꯌꯨ ꯀꯦ ꯅ    ꯃꯈꯣꯏꯒꯤ    ꯈ꯭ꯋꯥꯏꯗꯒꯤ    ꯄꯥꯝꯕ    ꯄꯣ ꯠꯀꯤ    ꯃꯐꯝ    ( ꯴ ꯹ % )    ꯃꯁꯤꯒꯤ    ꯃꯇꯨꯡꯗ    ꯆꯥꯏ ꯅꯅ    ꯏꯟ ꯅꯗꯨꯅ    ( ꯳ ꯹ % ),    ꯀꯦ ꯅꯥꯗ    ( ꯳ ꯴ % ),    ꯍꯣ ꯡ    ꯀꯣ ꯡ    ( ꯲꯰ % )    ꯑꯃꯁꯨꯡ    ꯑꯣꯁꯇ꯭ꯔꯦꯂꯤ ꯌꯥ    ( ꯱꯸ % )    ꯑꯣꯢ ꯅ    ꯃꯄꯥꯟ    ꯂꯝꯗ    ꯁꯦꯟ    ꯇꯤꯡ ꯊꯣꯛ ꯄꯗ    ꯍꯔꯥꯎ ꯋꯤ꯫ ",163,66
278,"ꯁ꯭ꯇꯦꯠ ꯅꯣꯗꯦꯜ ꯑꯦꯒꯦꯟꯁꯤꯁꯤꯡ(ꯑꯦꯁꯑꯦꯟꯑꯦꯑꯦꯁ) ꯑꯁꯤꯗ ꯂꯝ ꯑꯁꯤꯗ ꯄꯣꯠ ꯄꯥꯟꯈꯠꯅꯕ, ꯊꯕꯛ ꯄꯥꯡꯊꯣꯛꯅꯕ ꯑꯃꯁꯨꯡ ꯃꯤꯌꯥꯝꯒꯤ ꯕꯦꯇꯔꯤ ꯆꯥꯔ꯭ꯖ ꯇꯧꯅꯅꯕ ꯃꯐꯝꯁꯤꯡ ꯁꯦꯟꯅꯅꯕ ꯑꯃꯁꯨꯡ ꯕꯦꯇ꯭ꯔꯤ ꯁꯤꯟꯗꯣꯛꯅꯕ/ꯆꯥꯔ꯭ꯖ ꯇꯧꯅꯕ ꯈꯨꯗꯣꯡ ꯆꯥꯕꯁꯤꯡ ꯊꯕꯛ ꯑꯣꯏꯅ ꯄꯥꯡꯊꯣꯛꯅꯕ ꯁꯤꯡꯊꯥꯡꯊꯧꯁꯤꯡ ꯈꯟꯅꯅꯕ ꯌꯥꯊꯪ ꯄꯤ꯫","ꯁ꯭ꯇꯦꯠ    ꯅꯣ ꯗꯦ ꯜ    ꯑꯦ ꯒ ꯦꯟ ꯁꯤ ꯁꯤꯡ ( ꯑꯦꯁ ꯑꯦꯟ ꯑꯦ ꯑꯦꯁ )    ꯑꯁꯤꯗ    ꯂꯝ    ꯑꯁꯤꯗ    ꯄꯣꯠ    ꯄꯥꯟ ꯈꯠ ꯅꯕ,    ꯊꯕꯛ    ꯄꯥꯡꯊꯣꯛꯅꯕ    ꯑꯃꯁꯨꯡ    ꯃꯤꯌꯥꯝꯒꯤ    ꯕꯦ ꯇꯔꯤ    ꯆꯥꯔ ꯭ ꯖ    ꯇꯧ ꯅꯅꯕ    ꯃꯐꯝꯁꯤꯡ    ꯁꯦꯟ ꯅꯅꯕ    ꯑꯃꯁꯨꯡ    ꯕꯦ ꯇ꯭ꯔꯤ    ꯁꯤꯟ ꯗꯣꯛ ꯅꯕ / ꯆꯥꯔ ꯭ ꯖ    ꯇꯧꯅꯕ    ꯈꯨꯗꯣ ꯡ    ꯆꯥ ꯕꯁꯤꯡ    ꯊꯕꯛ    ꯑꯣꯏꯅ    ꯄꯥꯡꯊꯣꯛꯅꯕ    ꯁꯤꯡ ꯊꯥꯡ ꯊꯧ ꯁꯤꯡ    ꯈꯟ ꯅꯅꯕ    ꯌꯥꯊꯪ    ꯄꯤ꯫ ",182,62
279,ꯑꯩꯈꯣꯏꯒꯤ ꯁꯔꯀꯥꯔꯒꯤ ꯕꯦꯡꯀꯤꯡ ꯑꯃꯗꯤ ꯁꯦꯟꯃꯤꯠꯂꯣꯟꯒꯤ ꯁꯦꯛꯇꯔꯗ ꯇꯧꯒꯗꯕ ꯃꯑꯣꯡ ꯑꯁꯤ ꯁꯦꯟꯊꯨꯝꯒꯤ ꯂꯝꯗ ꯆꯪꯁꯤꯟꯕ ꯑꯃꯁꯨꯡ ꯃꯅꯨꯡ ꯍꯨꯠꯆꯜꯂꯤꯕ ꯀꯩꯊꯦꯜꯁꯤꯡ ꯄꯥꯛꯊꯣꯛ ꯆꯥꯎꯊꯣꯛꯍꯟꯕꯒ ꯂꯣꯏꯅꯅ ꯆꯦꯛꯁꯤꯟꯅ ꯌꯦꯡꯁꯤꯟꯕ ꯑꯃꯗꯤ ꯅꯤꯌꯥꯝ ꯉꯥꯛꯅ ꯆꯠꯍꯟꯕꯅꯤ꯫,ꯑꯩꯈ ꯣꯏꯒꯤ    ꯁꯔꯀꯥꯔꯒꯤ    ꯕꯦꯡ ꯀꯤꯡ    ꯑꯃꯗꯤ    ꯁꯦꯟꯃꯤꯠꯂꯣꯟꯒꯤ    ꯁꯦ ꯛꯇ ꯔꯗ    ꯇꯧ ꯒꯗꯕ    ꯃꯑꯣꯡ    ꯑꯁꯤ    ꯁꯦꯟ ꯊꯨꯝꯒꯤ    ꯂꯝꯗ    ꯆꯪ ꯁꯤꯟꯕ    ꯑꯃꯁꯨꯡ    ꯃꯅꯨꯡ    ꯍꯨ ꯠ ꯆ ꯜꯂꯤꯕ    ꯀꯩꯊꯦ ꯜꯁꯤꯡ    ꯄꯥꯛ ꯊꯣꯛ    ꯆꯥꯎ ꯊꯣꯛꯍꯟ ꯕꯒ    ꯂꯣꯏꯅꯅ    ꯆꯦꯛꯁꯤꯟ ꯅ    ꯌꯦꯡꯁꯤꯟꯕ    ꯑꯃꯗꯤ    ꯅꯤ ꯌꯥꯝ    ꯉꯥꯛ ꯅ    ꯆꯠ ꯍꯟ ꯕꯅꯤ꯫ ,151,44
280,ꯃꯁꯤꯒꯤ ꯃꯔꯝꯗꯤ ꯆꯥꯎꯕ ꯍꯦꯟꯒꯠꯄ ꯑꯁꯤ ꯖꯦꯅꯦꯇꯤꯛ ꯑꯃꯁꯨꯡ ꯑꯀꯣꯏꯕꯒꯤ ꯐꯤꯚꯝꯒꯤ ꯑꯣꯏꯕ ꯄꯣꯠꯆꯪꯁꯤꯡ ꯑꯅꯤꯃꯛꯅ ꯁꯣꯛꯍꯜꯂꯤ꯫,ꯃꯁꯤꯒꯤ    ꯃꯔꯝꯗꯤ    ꯆꯥꯎꯕ    ꯍꯦꯟꯒꯠ ꯄ    ꯑꯁꯤ    ꯖꯦꯅꯦ ꯇꯤꯛ    ꯑꯃꯁꯨꯡ    ꯑꯀꯣꯏꯕꯒꯤ    ꯐꯤꯚ ꯝꯒꯤ    ꯑꯣꯏꯕ    ꯄꯣꯠ ꯆꯪ ꯁꯤꯡ    ꯑꯅꯤꯃꯛꯅ    ꯁꯣꯛ ꯍꯜꯂꯤ꯫ ,74,19
281,"ꯃꯁꯤꯅ ꯆꯤꯟꯖꯥꯛ ꯄꯨꯊꯣꯛꯄ, ꯁꯦꯜ-ꯊꯨꯝꯒꯤ ꯐꯤꯚꯝ ꯑꯃꯁꯨꯡ ꯉꯥꯛꯁꯦꯜꯗ ꯑꯍꯣꯡꯕ ꯄꯨꯔꯛꯄ ꯑꯁꯤꯅ ꯃꯔꯝ ꯑꯣꯏꯗꯨꯅ ꯑꯦꯟꯇꯤꯃꯥꯏꯀ꯭ꯔꯣꯕꯤꯌꯦꯜ ꯔꯦꯖꯤꯁꯇꯦꯟꯁ ꯑꯁꯤ ꯍꯛꯁꯦꯜ, ꯂꯩꯕꯥꯛꯀꯤ ꯉꯥꯛꯁꯦꯜ ꯑꯃꯁꯨꯡ ꯁꯦꯜ-ꯊꯨꯝꯒꯤ ꯐꯤꯚꯝꯗ ꯈꯨꯗꯣꯡꯊꯤꯕ ꯑꯃ ꯑꯣꯏꯅꯁꯨ ꯈꯟꯅꯩ꯫","ꯃꯁꯤꯅ    ꯆꯤꯟꯖꯥꯛ    ꯄꯨꯊꯣꯛ ꯄ,    ꯁꯦꯜ-ꯊꯨꯝꯒꯤ    ꯐꯤꯚꯝ    ꯑꯃꯁꯨꯡ    ꯉꯥꯛ ꯁꯦ ꯜꯗ    ꯑꯍꯣꯡꯕ    ꯄꯨꯔꯛꯄ    ꯑꯁꯤꯅ    ꯃꯔꯝ    ꯑꯣꯏꯗꯨꯅ    ꯑꯦꯟꯇꯤ ꯃꯥꯏꯀ꯭ꯔꯣ ꯕꯤ ꯌꯦꯜ    ꯔꯦꯖꯤ ꯁꯇ ꯦꯟ ꯁ    ꯑꯁꯤ    ꯍꯛ ꯁꯦ ꯜ,    ꯂꯩꯕꯥꯛꯀꯤ    ꯉꯥꯛ ꯁꯦꯜ    ꯑꯃꯁꯨꯡ    ꯁꯦꯜ-ꯊꯨꯝꯒꯤ    ꯐꯤꯚ ꯝꯗ    ꯈꯨꯗꯣꯡꯊꯤꯕ    ꯑꯃ    ꯑꯣꯏꯅ ꯁꯨ    ꯈꯟ ꯅꯩ꯫ ",153,40
282,ꯈꯔꯤꯁꯇ ꯃꯃꯥꯡ ꯲꯵꯰꯰ ꯑꯗꯨꯋꯥꯏꯗ ꯁꯦꯝꯒꯠꯈꯤꯕ ꯆꯥꯔꯥꯀꯥ ꯁꯝꯍꯤꯇꯥ ꯑꯃꯁꯨꯡ ꯁꯨꯁꯔꯨꯇꯥ ꯁꯝꯍꯤꯇꯥ ꯑꯁꯤ ꯍꯧꯖꯤꯛ ꯐꯪꯕ ꯑꯌꯨꯔꯕꯦꯗꯥꯒꯤ ꯃꯔꯨ ꯑꯣꯏꯕ ꯌꯥꯟꯅꯔꯣꯜꯁꯤꯡꯅꯤ꯫,ꯈ ꯔꯤ ꯁꯇ    ꯃꯃꯥꯡ    ꯲꯵ ꯰꯰    ꯑꯗꯨ ꯋꯥꯏ ꯗ    ꯁꯦꯝꯒꯠ ꯈꯤꯕ    ꯆ ꯥꯔꯥ ꯀꯥ    ꯁꯝ ꯍꯤ ꯇꯥ    ꯑꯃꯁꯨꯡ    ꯁꯨ ꯁꯔꯨ ꯇꯥ    ꯁꯝ ꯍꯤ ꯇꯥ    ꯑꯁꯤ    ꯍꯧꯖꯤꯛ    ꯐꯪꯕ    ꯑꯌꯨ ꯔ ꯕꯦ ꯗꯥꯒꯤ    ꯃꯔꯨ    ꯑꯣꯏꯕ    ꯌꯥꯟ ꯅ ꯔꯣ ꯜ ꯁꯤꯡꯅꯤ꯫ ,99,38
283,ꯀꯥꯔꯗꯤꯑꯣ-ꯔꯦꯁꯄꯤꯔꯦꯇꯔꯤ ꯑꯦꯟꯗ꯭ꯌꯨꯔꯦꯟꯁꯅ ꯍꯛꯆꯥꯡꯒꯤ ꯁꯔꯀ꯭ꯌꯨꯂꯦꯇꯔꯤ ꯑꯃꯁꯨꯡ ꯔꯦꯁꯄꯤꯔꯦꯇꯔꯤ ꯁꯤꯁꯇꯦꯝꯁꯤꯡꯅ ꯀꯨꯏꯅ ꯂꯦꯞꯇꯅ ꯍꯛꯆꯥꯡ ꯂꯦꯡ-ꯑꯣꯠꯄ ꯃꯇꯝꯗ ꯐ꯭ꯌꯨꯑꯜ ꯆꯂꯥꯏꯕ ꯉꯝꯕ ꯑꯗꯨ ꯎꯠꯂꯤ꯫,ꯀꯥꯔ ꯗꯤꯑꯣ - ꯔꯦꯁ ꯄꯤ ꯔꯦ ꯇꯔꯤ    ꯑꯦꯟ ꯗ꯭ꯌꯨ ꯔꯦꯟ ꯁꯅ    ꯍꯛꯆꯥꯡꯒꯤ    ꯁꯔ ꯀ꯭ꯌꯨ ꯂꯦ ꯇꯔꯤ    ꯑꯃꯁꯨꯡ    ꯔꯦꯁ ꯄꯤ ꯔꯦ ꯇꯔꯤ    ꯁꯤꯁꯇꯦ ꯝꯁꯤꯡꯅ    ꯀꯨꯏꯅ    ꯂꯦꯞꯇꯅ    ꯍꯛꯆꯥꯡ    ꯂꯦꯡ - ꯑꯣ ꯠꯄ    ꯃꯇꯝꯗ    ꯐ ꯭ꯌꯨ ꯑ ꯜ    ꯆꯂꯥꯏꯕ    ꯉꯝꯕ    ꯑꯗꯨ    ꯎꯠꯂꯤ꯫ ,121,39
284,"ꯑꯥꯌꯨꯁ ꯗꯣꯛꯇꯔꯁꯤꯡ ꯂꯩꯕꯒꯤ ꯃꯇꯨꯡ ꯏꯟꯅ ꯍꯣꯃꯤꯑꯣꯄꯦꯊꯤ, ꯑꯥꯌꯨꯔꯋꯦꯗꯥ, ꯁꯤꯗꯙꯥ ꯑꯃꯁꯨꯡ ꯌꯨꯅꯥꯅꯤ ꯁꯤꯁꯇꯦꯝꯁꯤꯡꯒꯤ ꯖꯤꯂꯥ (ꯔꯥꯖꯌ) ꯱꯸ꯒꯤ ꯃꯅꯨꯡꯗ ꯱꯳ꯒꯤ ꯆꯥꯟꯅꯕ ꯗꯣꯛꯇꯔꯅ ꯏꯕ ꯍꯤꯗꯥꯛꯁꯤꯡ ꯂꯩꯔꯝꯈꯤ꯫","ꯑꯥ ꯌꯨ ꯁ    ꯗꯣꯛ ꯇꯔꯁꯤꯡ    ꯂꯩꯕꯒꯤ    ꯃꯇꯨꯡ    ꯏꯟꯅ    ꯍꯣ ꯃꯤ ꯑꯣ ꯄꯦ ꯊꯤ ,    ꯑꯥ ꯌꯨ ꯔ ꯋꯦ ꯗꯥ,    ꯁꯤꯗ ꯙ ꯥ    ꯑꯃꯁꯨꯡ    ꯌꯨ ꯅꯥ ꯅꯤ    ꯁꯤꯁꯇꯦ ꯝꯁꯤꯡꯒꯤ    ꯖꯤꯂꯥ    ( ꯔꯥꯖ ꯌ )    ꯱꯸ ꯒꯤ    ꯃꯅꯨꯡꯗ    ꯱ ꯳ꯒꯤ    ꯆꯥꯟ ꯅꯕ    ꯗꯣꯛ ꯇꯔ ꯅ    ꯏꯕ    ꯍꯤꯗꯥꯛ ꯁꯤꯡ    ꯂꯩꯔꯝ ꯈꯤ꯫ ",124,48
285,ꯁꯨꯂꯦꯃꯥꯟꯒꯤ ꯃꯃꯥ-ꯃꯄꯥ ꯑꯗꯨ ꯌꯥꯝꯅ ꯋꯥꯡꯂꯝꯃꯤ꯫,ꯁꯨ ꯂꯦ ꯃꯥꯟ ꯒꯤ    ꯃꯃꯥ -ꯃ ꯄꯥ    ꯑꯗꯨ    ꯌꯥꯝꯅ    ꯋꯥꯡ ꯂꯝꯃꯤ꯫ ,31,11
286,"ꯃꯁꯤꯒꯤ ꯃꯈꯥꯗ, ꯃꯈꯣꯏꯅ ꯑꯌꯨꯔꯕꯦꯗꯥ ꯑꯃꯁꯨꯡ ꯕꯥꯏꯌꯣꯃꯦꯗꯤꯆꯤꯟꯗ ꯊꯕꯛ ꯇꯧꯔꯤꯕ ꯑꯅꯤꯒꯤ ꯃꯔꯛꯇ ꯄꯥꯎ ꯐꯥꯎꯅꯕꯒꯤ ꯁꯝꯕꯜ, ꯑꯥꯌꯨꯔꯕꯦꯗꯤꯛꯀꯤ ꯍꯤꯗꯥꯛ ꯂꯥꯡꯊꯛꯁꯤꯡ ꯑꯃꯁꯨꯡ ꯊꯦꯔꯥꯄꯤꯁꯤꯡꯒꯤ, ꯆꯦꯛꯁꯟꯕ ꯑꯃꯁꯨꯡ ꯀꯥꯟꯅꯕꯒꯤ ꯃꯔꯝꯗ ꯌꯥꯝꯅ ꯄꯤꯛꯅ ꯊꯤꯖꯟ ꯍꯨꯝꯖꯟꯕ, ꯑꯃꯁꯨꯡ ꯍꯧꯒꯠꯅꯕ ꯊꯧꯁꯤꯜ ꯌꯥꯝꯅ ꯌꯥꯝꯗꯕ ꯑꯁꯤꯅ ꯑꯌꯨꯔꯕꯦꯗꯥ ꯑꯃꯁꯨꯡ ꯕꯥꯏꯌꯣꯃꯦꯗꯤꯁꯤꯟꯒꯤ ꯃꯔꯛꯇ ꯊꯕꯛꯀꯤ ꯄꯨꯟꯁꯤꯡꯕꯗ ꯃꯔꯨ ꯑꯣꯏꯕ ꯑꯄꯟꯕꯁꯤꯡꯅꯤ꯫","ꯃꯁꯤꯒꯤ    ꯃꯈꯥ ꯗ,    ꯃꯈꯣꯏꯅ    ꯑꯌꯨ ꯔ ꯕꯦ ꯗꯥ    ꯑꯃꯁꯨꯡ    ꯕꯥꯏ ꯌꯣ ꯃꯦꯗꯤ ꯆꯤ ꯟꯗ    ꯊꯕꯛ    ꯇꯧꯔꯤꯕ    ꯑꯅꯤꯒꯤ    ꯃꯔꯛꯇ    ꯄꯥꯎ    ꯐꯥꯎ ꯅꯕꯒꯤ    ꯁ ꯝꯕ ꯜ,    ꯑꯥ ꯌꯨ ꯔ ꯕꯦꯗꯤ ꯛꯀꯤ    ꯍꯤꯗ ꯥꯛ    ꯂꯥꯡ ꯊ ꯛꯁꯤꯡ    ꯑꯃꯁꯨꯡ    ꯊꯦ ꯔꯥ ꯄꯤ ꯁꯤꯡ ꯒꯤ,    ꯆꯦꯛ ꯁꯟ ꯕ    ꯑꯃꯁꯨꯡ    ꯀꯥꯟ ꯅꯕꯒꯤ    ꯃꯔꯝꯗ    ꯌꯥꯝꯅ    ꯄꯤ ꯛꯅ    ꯊꯤ ꯖꯟ    ꯍꯨꯝ ꯖꯟ ꯕ,    ꯑꯃꯁꯨꯡ    ꯍꯧ ꯒꯠ ꯅꯕ    ꯊꯧ ꯁꯤꯜ    ꯌꯥꯝꯅ    ꯌꯥꯝ ꯗꯕ    ꯑꯁꯤꯅ    ꯑꯌꯨ ꯔ ꯕꯦ ꯗꯥ    ꯑꯃꯁꯨꯡ    ꯕꯥꯏ ꯌꯣ ꯃꯦꯗꯤ ꯁꯤꯟꯒꯤ    ꯃꯔꯛꯇ    ꯊꯕ ꯛꯀꯤ    ꯄꯨꯟ ꯁꯤꯡ ꯕꯗ    ꯃꯔꯨ    ꯑꯣꯏꯕ    ꯑ ꯄꯟ ꯕ ꯁꯤꯡꯅꯤ꯫ ",246,86
287,ꯑꯥꯌꯨꯁ ꯁꯔꯕꯤꯁꯁꯤꯡ ꯑꯁꯤꯒꯤꯗꯃꯛ ꯍꯦꯟꯅ ꯋꯥꯡꯕ ꯁꯦꯟꯊꯪ ꯄꯤꯕ ꯃꯊꯧ ꯇꯥꯏ꯫,ꯑꯥ ꯌꯨ ꯁ    ꯁꯔꯕꯤ ꯁꯁꯤꯡ    ꯑꯁꯤꯒꯤꯗꯃꯛ    ꯍꯦꯟꯅ    ꯋꯥꯡꯕ    ꯁꯦꯟ ꯊꯪ    ꯄꯤꯕ    ꯃꯊꯧ    ꯇꯥꯏ꯫ ,44,13
288,ꯑꯄꯨꯟꯕ ꯁꯦꯟꯐꯝ ꯑꯗꯨꯗꯒꯤ ꯆꯥꯗ ꯳ ꯈꯛꯇ ꯌꯥꯝꯅ ꯃꯇꯤꯛꯆꯥꯗꯦ ꯑꯃꯁꯨꯡ ꯏꯟꯁꯇꯤꯇꯨꯁꯟꯁꯤꯡ ꯃꯁꯤꯡ ꯌꯥꯝꯕ ꯑꯁꯤꯅ ꯊꯕꯛꯁꯤꯡꯗ ꯃꯥꯑꯣꯡ ꯇꯥꯗꯕ ꯍꯥꯏꯕꯁꯤ ꯑꯣꯏꯍꯟꯒꯅꯤ꯫,ꯑꯄꯨꯟꯕ    ꯁꯦꯟꯐꯝ    ꯑꯗꯨꯗꯒꯤ    ꯆꯥꯗ    ꯳    ꯈꯛꯇ    ꯌꯥꯝꯅ    ꯃꯇꯤ ꯛ ꯆꯥ ꯗꯦ    ꯑꯃꯁꯨꯡ    ꯏꯟ ꯁꯇꯤ ꯇꯨ ꯁꯟꯁꯤꯡ    ꯃꯁꯤꯡ    ꯌꯥꯝꯕ    ꯑꯁꯤꯅ    ꯊꯕꯛ ꯁꯤꯡꯗ    ꯃꯥ ꯑꯣ ꯡ    ꯇꯥꯗꯕ    ꯍꯥꯏꯕꯁꯤ    ꯑꯣꯏ ꯍꯟ ꯒꯅꯤ꯫ ,95,29
289,ꯊꯤꯖꯤꯟ-ꯍꯨꯝꯖꯤꯟꯕ ꯑꯃꯅ ꯇꯧꯒꯅꯨ ꯍꯥꯏ ꯍꯥꯏꯗꯨꯅ ꯅꯍꯥꯛꯅ ꯀꯔꯤꯒꯨꯝꯕ ꯑꯃꯠꯇ ꯇꯧꯗ꯭ꯔꯕꯗꯤ ꯃꯗꯨ ꯉꯥꯛꯊꯣꯛꯅꯕ ꯑꯃ ꯑꯣꯏꯕꯗ ꯃꯇꯤꯛ ꯆꯥꯗꯕ ꯌꯥꯏ꯫,ꯊꯤꯖꯤꯟ -ꯍꯨꯝ ꯖꯤꯟꯕ    ꯑꯃꯅ    ꯇꯧ ꯒ ꯅꯨ    ꯍꯥꯏ    ꯍꯥꯏ ꯗꯨꯅ    ꯅꯍꯥꯛꯅ    ꯀꯔꯤꯒꯨꯝꯕ    ꯑꯃꯠꯇ    ꯇꯧ ꯗ꯭ꯔꯕꯗꯤ    ꯃꯗꯨ    ꯉꯥꯛꯊꯣꯛꯅꯕ    ꯑꯃ    ꯑꯣꯏ ꯕꯗ    ꯃꯇꯤꯛ    ꯆꯥ ꯗꯕ    ꯌꯥꯏ꯫ ,84,24
290,ꯍꯩꯁꯤꯡꯕ ꯗꯣꯛꯇꯔ ꯚꯔꯁꯁ ꯍꯩꯁꯤꯡꯕ ꯑꯅꯥꯕ: ꯀꯅꯥꯅ ꯀꯅꯥꯒꯤꯗꯃꯛ ꯋꯥꯔꯦꯞ ꯂꯧꯋꯤ,ꯍꯩꯁꯤꯡ ꯕ    ꯗꯣꯛꯇꯔ    ꯚꯔ ꯁ ꯁ    ꯍꯩꯁꯤꯡ ꯕ    ꯑꯅꯥ ꯕ :    ꯀꯅꯥ ꯅ    ꯀꯅꯥ ꯒꯤꯗꯃꯛ    ꯋꯥꯔꯦꯞ    ꯂꯧ ꯋꯤ ,47,18
291,"ꯑꯉꯛꯄ ꯑꯃ ꯑꯣꯏꯅ, ꯋꯔꯜꯗ ꯍꯦꯜꯊ ꯑꯣꯔꯒꯥꯅꯥꯏꯖꯦꯁꯟ (ꯗꯕꯜꯌꯨ","ꯑꯉ ꯛꯄ    ꯑꯃ    ꯑꯣꯏꯅ,    ꯋꯔꯜꯗ    ꯍꯦꯜ ꯊ    ꯑꯣꯔ ꯒꯥ ꯅꯥꯏꯖ ꯦꯁꯟ    ( ꯗꯕꯜ ꯌꯨ ",37,14
292,ꯑꯩꯆ,ꯑꯩ ꯆ ,3,2
293,ꯑꯣ,ꯑꯣ ,2,1
294,")ꯒꯤ ꯃꯇꯨꯡ ꯏꯟꯅ, ꯃꯤꯑꯣꯏ ꯃꯤꯂꯤꯌꯟ ꯴꯳꯰ꯅ ꯍꯛꯆꯥꯡ ꯁꯣꯏꯅꯥꯏꯍꯟꯕ ꯅꯥ ꯇꯥꯊꯤꯕꯒ ꯂꯣꯏꯅꯅ ꯍꯧꯖꯤꯛ ꯍꯤꯡꯕꯇ ꯅꯠꯇꯅ, ꯆꯍꯤ ꯱꯲ ꯑꯃꯗꯤ ꯳꯵ꯒꯤ ꯃꯔꯛꯇ ꯂꯩꯕ ꯃꯤꯑꯣꯏ ꯕꯤꯂꯤꯌꯟ ꯱ꯅ ꯏꯁꯩ-ꯅꯣꯡꯃꯥꯏꯒꯤ ꯒꯤꯒꯁꯤꯡ ꯑꯃꯗꯤ ꯀ꯭ꯂꯕꯁꯤꯡ ꯅꯠꯇ꯭ꯔꯒ ꯃꯈꯣꯏꯒꯤ ꯗꯤꯚꯥꯏꯁꯁꯤꯡꯗ ꯑꯍꯧꯕ ꯃꯈꯣꯜꯁꯤꯡꯗꯒꯤ ꯉꯥꯛꯊꯣꯛꯇꯕꯅ ꯃꯔꯝ ꯑꯣꯏꯗꯨꯅ ꯅꯥ ꯄꯪꯕꯒꯤ ꯈꯨꯗꯣꯡꯊꯤꯕ ꯂꯩ꯫",")ꯒꯤ    ꯃꯇꯨꯡ    ꯏꯟꯅ,    ꯃꯤꯑꯣꯏ    ꯃꯤꯂꯤꯌꯟ    ꯴ ꯳꯰ ꯅ    ꯍꯛꯆꯥꯡ    ꯁꯣꯏ ꯅꯥꯏ ꯍꯟꯕ    ꯅꯥ    ꯇꯥ ꯊꯤ ꯕꯒ    ꯂꯣꯏꯅꯅ    ꯍꯧꯖꯤꯛ    ꯍꯤꯡ ꯕꯇ    ꯅꯠꯇꯅ,    ꯆꯍꯤ    ꯱꯲    ꯑꯃꯗꯤ    ꯳ ꯵ꯒꯤ    ꯃꯔꯛꯇ    ꯂꯩꯕ    ꯃꯤꯑꯣꯏ    ꯕꯤꯂꯤꯌꯟ    ꯱ ꯅ    ꯏꯁꯩ-ꯅꯣꯡ ꯃꯥꯏꯒꯤ    ꯒꯤ ꯒ ꯁꯤꯡ    ꯑꯃꯗꯤ    ꯀ꯭ꯂ ꯕꯁꯤꯡ    ꯅꯠꯇ꯭ꯔꯒ    ꯃꯈꯣꯏꯒꯤ    ꯗꯤ ꯚꯥꯏ ꯁ ꯁꯤꯡꯗ    ꯑ ꯍꯧꯕ    ꯃꯈꯣ ꯜ ꯁꯤꯡꯗꯒꯤ    ꯉꯥꯛꯊꯣꯛ ꯇ ꯕꯅ    ꯃꯔꯝ    ꯑꯣꯏꯗꯨꯅ    ꯅꯥ    ꯄ ꯪ ꯕꯒꯤ    ꯈꯨꯗꯣꯡꯊꯤꯕ    ꯂꯩ꯫ ",202,62
295,ꯑꯩꯈꯣꯏꯅ ꯈꯨꯗꯣꯡꯊꯤꯕ ꯑꯃꯃꯝ ꯑꯣꯏꯅ ꯁꯛꯇꯥꯛꯀꯅꯤ꯫,ꯑꯩꯈꯣꯏꯅ    ꯈꯨꯗꯣꯡꯊꯤꯕ    ꯑꯃꯃꯝ    ꯑꯣꯏꯅ    ꯁꯛꯇ ꯥꯛ ꯀꯅꯤ꯫ ,31,7
296,"ꯇꯁꯦꯡꯅꯃꯛ, ꯈꯣꯝꯂꯥꯡꯗ ꯌꯥꯎꯔꯤꯕ ꯀꯦꯂꯣꯔꯤꯛ ꯗꯦꯟꯁꯤꯇꯤ, ꯄ꯭ꯔꯣꯇꯤꯟ, ꯀꯥꯔꯕꯣꯍꯥꯏꯗ꯭ꯔꯦꯠ ꯑꯃꯁꯨꯡ ꯐꯦꯠ ꯑꯁꯤ ꯑꯉꯥꯡ ꯑꯗꯨꯅ ꯆꯥꯎꯈꯠꯂꯛꯄꯗ ꯌꯥꯝꯅ ꯃꯔꯨ ꯑꯣꯏ꯫","ꯇ ꯁꯦꯡ ꯅ ꯃꯛ,    ꯈꯣꯝ ꯂ ꯥꯡꯗ    ꯌꯥꯎꯔꯤꯕ    ꯀꯦ ꯂꯣ ꯔꯤ ꯛ    ꯗꯦꯟ ꯁꯤ ꯇꯤ,    ꯄ꯭ꯔꯣ ꯇꯤ ꯟ,    ꯀꯥꯔ ꯕꯣ ꯍꯥꯏ ꯗ꯭ꯔꯦ ꯠ    ꯑꯃꯁꯨꯡ    ꯐꯦ ꯠ    ꯑꯁꯤ    ꯑꯉꯥꯡ    ꯑꯗꯨꯅ    ꯆꯥꯎꯈꯠꯂꯛ ꯄꯗ    ꯌꯥꯝꯅ    ꯃꯔꯨ    ꯑꯣꯏ꯫ ",96,34
297,"ꯏꯔꯥꯛꯅꯕꯗ ꯑꯁꯣꯛ-ꯑꯄꯟ ꯊꯣꯛꯄ ꯑꯁꯤ ꯃꯦꯗꯤꯆꯦꯜ ꯗꯣꯛꯇꯔ ꯑꯃꯅ ꯂꯥꯏꯌꯦꯡꯒꯗꯧꯕꯅꯤ, ꯕꯣꯁ ꯱꯲","ꯏ ꯔꯥꯛ ꯅꯕꯗ    ꯑꯁꯣꯛ-ꯑꯄꯟ    ꯊꯣꯛꯄ    ꯑꯁꯤ    ꯃꯦꯗꯤ ꯆꯦꯜ    ꯗꯣꯛꯇꯔ    ꯑꯃꯅ    ꯂꯥꯏ ꯌꯦꯡ ꯒꯗꯧ ꯕ ꯅꯤ,    ꯕꯣ ꯁ    ꯱꯲ ",55,18
298,꯲ꯗ ꯁꯟꯗꯣꯛꯅ ꯇꯥꯛꯈꯤꯕꯗꯧꯅꯀꯔꯤꯒꯨꯝꯕ ꯃꯍꯥꯛ ꯐꯒꯠꯂꯛꯄ ꯃꯥꯜꯂꯕꯁꯨ ꯃꯇꯨꯡ ꯇꯥꯔꯛꯄꯗ ꯃꯍꯥꯛ ꯑꯃꯨꯛ ꯍꯟꯅ ꯏꯔꯥꯛꯅꯕ ꯊꯣꯛꯄ ꯌꯥꯏ꯫,꯲ꯗ    ꯁꯟꯗꯣꯛꯅ    ꯇꯥꯛ ꯈꯤꯕ ꯗꯧ ꯅ ꯀꯔꯤꯒꯨꯝꯕ    ꯃꯍꯥꯛ    ꯐꯒꯠ ꯂꯛꯄ    ꯃꯥ ꯜꯂ ꯕꯁꯨ    ꯃꯇꯨꯡ    ꯇꯥꯔꯛꯄꯗ    ꯃꯍꯥꯛ    ꯑꯃꯨꯛ    ꯍꯟꯅ    ꯏ ꯔꯥꯛ ꯅꯕ    ꯊꯣꯛꯄ    ꯌꯥꯏ꯫ ,76,23
299,ꯀꯝꯄ꯭ꯂꯤꯃꯦꯟꯇꯔꯤ ꯃꯦꯗꯤꯁꯤꯟꯒꯤ ꯂꯝꯗ ꯚꯥꯔꯠꯀꯤ ꯆꯥꯎꯔꯥꯛꯄ ꯃꯌꯥꯝꯗꯒꯤ ꯑꯍꯦꯟꯕ ꯑꯃꯥ ꯂꯩ ꯑꯃꯁꯨꯡ ꯂꯝ ꯑꯁꯤꯗ ꯃꯥꯂꯦꯝꯒꯤ ꯂꯨꯆꯤꯡꯕ ꯑꯃ ꯑꯣꯏꯕ ꯌꯥꯏ꯫,ꯀꯝ ꯄ꯭ꯂꯤ ꯃꯦꯟ ꯇꯔꯤ    ꯃꯦꯗꯤ ꯁꯤꯟꯒꯤ    ꯂꯝꯗ    ꯚꯥꯔꯠꯀꯤ    ꯆꯥꯎꯔꯥꯛ ꯄ    ꯃꯌꯥꯝ ꯗꯒꯤ    ꯑꯍꯦꯟꯕ    ꯑꯃꯥ    ꯂꯩ    ꯑꯃꯁꯨꯡ    ꯂꯝ    ꯑꯁꯤꯗ    ꯃꯥꯂꯦꯝꯒꯤ    ꯂꯨꯆꯤꯡꯕ    ꯑꯃ    ꯑꯣꯏꯕ    ꯌꯥꯏ꯫ ,88,23
300,ꯚꯥꯔꯠꯇ ꯌꯥꯝꯅ ꯃꯔꯥꯡ ꯀꯥꯏꯕ ꯑꯃꯁꯨꯡ ꯊꯥꯏꯅꯗꯒꯤ ꯃꯁꯥꯒꯤ ꯑꯣꯏꯅ ꯑꯃꯁꯨꯡ ꯅꯣꯡꯆꯨꯞꯂꯣꯝꯒꯤ ꯕꯥꯏꯌꯣꯃꯦꯗꯤꯀꯦꯜ ꯁꯥꯏꯟꯁꯁꯤꯡꯗ ꯑꯀꯟꯕ ꯌꯨꯝꯐꯝ ꯂꯩꯕ ꯂꯤꯔꯕ ꯍꯤꯗꯥꯛ ꯂꯥꯡꯊꯛꯀꯤ ꯆꯠꯅꯕꯤ ꯂꯩꯕ ꯑꯁꯤꯅꯅꯤ꯫,ꯚꯥꯔꯠꯇ    ꯌꯥꯝꯅ    ꯃꯔꯥꯡ    ꯀꯥꯏ ꯕ    ꯑꯃꯁꯨꯡ    ꯊꯥꯏ ꯅꯗꯒꯤ    ꯃꯁꯥꯒꯤ    ꯑꯣꯏꯅ    ꯑꯃꯁꯨꯡ    ꯅꯣꯡꯆꯨꯞ ꯂꯣꯝꯒꯤ    ꯕꯥꯏ ꯌꯣ ꯃꯦꯗꯤ ꯀꯦꯜ    ꯁꯥꯏꯟ ꯁ ꯁꯤꯡꯗ    ꯑꯀꯟꯕ    ꯌꯨꯝꯐꯝ    ꯂꯩꯕ    ꯂꯤ ꯔꯕ    ꯍꯤꯗ ꯥꯛ    ꯂꯥꯡ ꯊꯛꯀꯤ    ꯆꯠꯅꯕꯤ    ꯂꯩꯕ    ꯑꯁꯤ ꯅ ꯅꯤ꯫ ,118,34
301,"ꯍꯥꯏꯔꯤꯕꯁꯤꯡ ꯑꯁꯤ ꯃꯈꯣꯏꯅ ꯊꯕꯛ ꯇꯧꯔꯤꯕ ꯃꯥꯏꯀ꯭ꯔꯣꯕꯁꯤꯡꯒꯤ ꯀꯥꯡꯂꯨꯞꯀꯤ ꯃꯇꯨꯡ ꯏꯟꯅ ꯑꯦꯟꯇꯤ-ꯚꯥꯏꯔꯦꯜꯁꯤꯡ, ꯑꯦꯟꯇꯤ-ꯐꯪꯒꯦꯜꯁꯤꯡ, ꯑꯦꯟꯇꯤ-ꯄ꯭ꯔꯣꯇꯣꯖꯣꯑꯦꯜꯁꯤꯡ ꯑꯃꯁꯨꯡ ꯑꯦꯟꯇꯤꯕꯥꯏꯑꯣꯇꯤꯛꯁꯤꯡ ꯍꯥꯏꯅ ꯈꯥꯏꯗꯣꯛꯏ꯫","ꯍꯥꯏꯔꯤꯕꯁꯤꯡ    ꯑꯁꯤ    ꯃꯈꯣꯏꯅ    ꯊꯕꯛ    ꯇꯧꯔꯤꯕ    ꯃꯥꯏꯀ꯭ꯔꯣ ꯕꯁꯤꯡꯒꯤ    ꯀꯥꯡꯂꯨꯞꯀꯤ    ꯃꯇꯨꯡ    ꯏꯟꯅ    ꯑꯦꯟ ꯇꯤ- ꯚꯥꯏ ꯔꯦꯜ ꯁꯤꯡ,    ꯑꯦꯟ ꯇꯤ- ꯐꯪ ꯒꯦ ꯜ ꯁꯤꯡ,    ꯑꯦꯟ ꯇꯤ- ꯄ꯭ꯔꯣ ꯇꯣ ꯖꯣ ꯑꯦ ꯜꯁꯤꯡ    ꯑꯃꯁꯨꯡ    ꯑꯦꯟꯇꯤ ꯕꯥꯏꯑꯣ ꯇꯤ ꯛꯁꯤꯡ    ꯍꯥꯏꯅ    ꯈꯥꯏꯗꯣꯛꯏ꯫ ",137,35
302,"ꯃꯁꯤꯅ ꯆꯥꯕ ꯅꯠꯇ꯭ꯔꯒ ꯏꯁꯤꯡ ꯊꯛꯄꯒꯤ ꯆꯥꯡ ꯍꯟꯊꯕ, ꯍꯛꯆꯥꯡ ꯄꯠꯊꯕ, ꯏꯁꯤꯡ ꯅꯠꯇ꯭ꯔꯒ ꯉꯧꯔꯨꯅꯕ ꯅꯞꯒꯨꯝꯕ ꯃꯍꯤ ꯃꯤꯠꯇꯒꯤ ꯊꯣꯛꯍꯟꯕ ꯌꯥꯏ, ꯃꯤꯠꯇ ꯄꯣꯝꯕ ꯑꯃꯁꯨꯡ ꯃꯥꯑꯣꯡ ꯇꯥꯗꯕ ꯑꯃꯥꯡꯕ (ꯃꯆꯨ ꯑꯃꯁꯨꯡ ꯃꯥꯑꯣꯡ) ꯊꯣꯛꯍꯟꯕ ꯌꯥꯏ꯫","ꯃꯁꯤꯅ    ꯆꯥꯕ    ꯅꯠꯇ꯭ꯔꯒ    ꯏꯁꯤꯡ    ꯊꯛ ꯄꯒꯤ    ꯆꯥꯡ    ꯍꯟ ꯊꯕ ,    ꯍꯛꯆꯥꯡ    ꯄꯠ ꯊꯕ ,    ꯏꯁꯤꯡ    ꯅꯠꯇ꯭ꯔꯒ    ꯉ ꯧ ꯔꯨ ꯅꯕ    ꯅ ꯞ ꯒꯨꯝꯕ    ꯃ ꯍꯤ    ꯃꯤ ꯠꯇꯒꯤ    ꯊꯣꯛꯍꯟꯕ    ꯌꯥꯏ,    ꯃꯤ ꯠꯇ    ꯄꯣ ꯝꯕ    ꯑꯃꯁꯨꯡ    ꯃꯥ ꯑꯣ ꯡ    ꯇꯥꯗꯕ    ꯑꯃ ꯥꯡꯕ    ( ꯃꯆꯨ    ꯑꯃꯁꯨꯡ    ꯃꯥ ꯑꯣ ꯡ )    ꯊꯣꯛꯍꯟꯕ    ꯌꯥꯏ꯫ ",133,49
303,ꯊꯦꯔꯥꯄꯤꯌꯨꯇꯤꯛ ꯔꯦꯗꯤꯌꯣꯐꯥꯔꯃꯥꯁꯤꯌꯨꯇꯤꯀꯦꯜꯁꯤꯡꯒꯤ ꯃꯐꯝ ꯑꯃꯗ ꯆꯂꯥꯏꯕꯒꯤ ꯑꯇꯣꯞꯄ ꯃꯔꯨ ꯑꯣꯏꯕꯁꯤ ꯑꯀꯛꯅꯕ ꯑꯆꯥꯎ-ꯑꯄꯤꯛꯀꯤ ꯔꯦꯗꯤꯌꯣꯂꯦꯕꯦꯜ ꯃꯥꯏꯀ꯭ꯔꯣ-ꯁ꯭ꯄꯤꯌꯔ ꯅꯠꯇ꯭ꯔꯒ ꯔꯦꯗꯤꯌꯣꯂꯦꯕꯦꯜ ꯂꯤꯄꯤꯌꯣꯗꯣꯜ (ꯄꯣꯄꯤ ꯃꯔꯨꯒꯤ ꯊꯥꯎꯗꯒꯤ ꯌꯥꯝꯅ ꯅꯪꯕ ꯂꯤꯀ꯭ꯋꯤꯗ-ꯏꯊꯥꯏꯜ ꯏꯁꯇꯔꯒꯤ ꯐꯦꯠꯇꯤ ꯑꯦꯁꯤꯗ ꯂꯧꯊꯣꯛꯄ) ꯑꯁꯤ ꯑꯅꯥꯕꯒꯤ ꯍꯦꯄꯥꯇꯤꯛ ꯁꯤꯡꯂꯤꯒꯤ ꯈꯨꯊꯥꯡꯗ ꯀꯥꯞꯄ ꯑꯗꯨꯗꯒꯤ ꯍꯦꯄꯥꯇꯣꯁꯦꯂꯨꯂꯔ ꯀꯥꯔꯁꯤꯅꯣꯃꯥ (ꯂꯤꯚꯔ ꯀꯦꯟꯁꯔ)ꯒꯤ ꯂꯥꯏꯌꯦꯡꯕꯒꯤ ꯄꯥꯎ ꯐꯪꯈꯤ꯫,ꯊꯦ ꯔꯥ ꯄꯤꯌꯨ ꯇꯤꯛ    ꯔꯦ ꯗꯤ ꯌꯣ ꯐꯥꯔ ꯃꯥ ꯁꯤ ꯌꯨ ꯇꯤ ꯀꯦ ꯜꯁꯤꯡꯒꯤ    ꯃꯐꯝ    ꯑꯃꯗ    ꯆꯂꯥꯏ ꯕꯒꯤ    ꯑꯇꯣꯞꯄ    ꯃꯔꯨ    ꯑꯣꯏꯕ ꯁꯤ    ꯑꯀꯛꯅꯕ    ꯑ ꯆꯥꯎ -ꯑ ꯄꯤ ꯛꯀꯤ    ꯔꯦ ꯗꯤ ꯌꯣ ꯂꯦ ꯕꯦꯜ    ꯃꯥꯏꯀ꯭ꯔꯣ - ꯁ꯭ꯄꯤ ꯌꯔ    ꯅꯠꯇ꯭ꯔꯒ    ꯔꯦ ꯗꯤ ꯌꯣ ꯂꯦ ꯕꯦꯜ    ꯂꯤ ꯄꯤ ꯌꯣ ꯗꯣ ꯜ    ( ꯄꯣ ꯄꯤ    ꯃꯔꯨ ꯒꯤ    ꯊ ꯥꯎ ꯗꯒꯤ    ꯌꯥꯝꯅ    ꯅꯪ ꯕ    ꯂꯤ ꯀ꯭ꯋꯤ ꯗ -ꯏ ꯊꯥꯏ ꯜ    ꯏꯁ ꯇꯔꯒꯤ    ꯐꯦ ꯠ ꯇꯤ    ꯑꯦꯁꯤ ꯗ    ꯂꯧꯊꯣꯛ ꯄ )    ꯑꯁꯤ    ꯑꯅꯥ ꯕꯒꯤ    ꯍꯦ ꯄꯥ ꯇꯤꯛ    ꯁꯤꯡ ꯂꯤꯒꯤ    ꯈꯨ ꯊꯥꯡꯗ    ꯀꯥ ꯞꯄ    ꯑꯗꯨꯗꯒꯤ    ꯍꯦ ꯄꯥ ꯇꯣ ꯁꯦ ꯂꯨ ꯂꯔ    ꯀꯥꯔ ꯁꯤ ꯅꯣ ꯃꯥ    ( ꯂꯤ ꯚꯔ    ꯀꯦꯟꯁꯔ )ꯒꯤ    ꯂꯥꯏ ꯌꯦꯡ ꯕꯒꯤ    ꯄꯥꯎ    ꯐꯪꯈꯤ꯫ ,279,108
304,"""ꯔꯦꯗꯤꯌꯦꯁꯟ ꯁꯤꯅꯣꯚꯦꯛꯇꯣꯃꯤ"" ꯍꯥꯏꯅꯁꯨ ꯈꯪꯅꯕ ꯂꯥꯏꯌꯦꯡꯕꯒꯤ ꯃꯥꯑꯣꯡ ꯅꯠꯇ꯭ꯔꯒ ""ꯔꯦꯗꯤꯌꯣꯁꯤꯅꯣꯚꯤꯌꯣꯔꯊꯦꯁꯤꯁ""ꯅ ꯁꯣꯛꯏꯕ ꯁꯥꯔꯨ ꯇꯥꯏꯅꯐꯝ ꯑꯗꯨꯒꯤ ꯁꯤꯅꯣꯚꯤꯌꯦꯜ ꯃꯈꯨꯟꯗ ꯔꯦꯗꯤꯌꯣꯂꯦꯕꯦꯜ ꯇꯧꯔꯕ ꯄꯥꯔꯇꯤꯀꯨꯂꯦꯠꯁ ꯅꯠꯇ꯭ꯔꯒ ꯔꯦꯗꯤꯌꯣꯂꯦꯕꯦꯜ ꯇꯧꯔꯕ ꯀꯣꯜꯂꯣꯏꯗꯁ ꯁꯤꯖꯟꯅꯗꯨꯅ ꯊꯥꯏ꯫",""" ꯔꯦ ꯗꯤ ꯌ ꯦꯁꯟ    ꯁꯤ ꯅꯣ ꯚꯦ ꯛ ꯇꯣ ꯃꯤ ""    ꯍꯥꯏꯅꯁꯨ    ꯈꯪꯅꯕ    ꯂꯥꯏ ꯌꯦꯡ ꯕꯒꯤ    ꯃꯥ ꯑꯣ ꯡ    ꯅꯠꯇ꯭ꯔꯒ    "" ꯔꯦ ꯗꯤ ꯌꯣ ꯁꯤ ꯅꯣ ꯚꯤ ꯌꯣ ꯔ ꯊꯦ ꯁꯤ ꯁ "" ꯅ    ꯁꯣꯛ ꯏꯕ    ꯁꯥꯔ ꯨ    ꯇꯥꯏ ꯅ ꯐꯝ    ꯑꯗꯨꯒꯤ    ꯁꯤ ꯅꯣ ꯚꯤ ꯌꯦꯜ    ꯃꯈꯨ ꯟꯗ    ꯔꯦ ꯗꯤ ꯌꯣ ꯂꯦ ꯕꯦꯜ    ꯇꯧꯔꯕ    ꯄꯥꯔꯇꯤ ꯀꯨ ꯂꯦ ꯠꯁ    ꯅꯠꯇ꯭ꯔꯒ    ꯔꯦ ꯗꯤ ꯌꯣ ꯂꯦ ꯕꯦꯜ    ꯇꯧꯔꯕ    ꯀꯣ ꯜꯂ ꯣꯏ ꯗ ꯁ    ꯁꯤꯖꯟ ꯅꯗꯨꯅ    ꯊꯥꯏ꯫ ",175,74
305,ꯀꯣꯀ꯭ꯂꯤꯌꯔ ꯏꯝꯄ꯭ꯂꯥꯟ꯭ꯇꯁꯤꯡꯅ ꯍꯦꯟꯅ ꯁꯥꯊꯤꯅ ꯅꯥ ꯇꯥꯊꯤꯕ ꯃꯤꯑꯣꯏꯁꯤꯡꯗꯁꯨ ꯀꯥꯟꯅꯕ ꯄꯤ꯫,ꯀꯣ ꯀ꯭ꯂꯤ ꯌꯔ    ꯏꯝ ꯄ꯭ꯂꯥꯟ ꯭ꯇ ꯁꯤꯡꯅ    ꯍꯦꯟꯅ    ꯁꯥꯊꯤꯅ    ꯅꯥ    ꯇꯥ ꯊꯤꯕ    ꯃꯤꯑꯣꯏ ꯁꯤꯡꯗꯁꯨ    ꯀꯥꯟꯅꯕ    ꯄꯤ꯫ ,56,16
306,"ꯅꯥ ꯈꯔ ꯇꯥꯊꯤꯕꯁꯤꯡ ꯑꯁꯤ ꯉꯥꯡꯊꯣꯛꯄ ꯂꯣꯟꯒꯤ ꯈꯨꯠꯊꯥꯡꯗ ꯄꯥꯎ ꯐꯥꯎꯅꯩ ꯑꯃꯁꯨꯡ ꯍꯤꯌꯔꯤꯡ ꯑꯦꯗꯁꯁꯤꯡ, ꯀꯣꯆꯂꯤꯔ ꯐꯨꯝꯕꯁꯤꯡ ꯑꯃꯁꯨꯡ ꯑꯇꯣꯞꯄ ꯈꯨꯂꯥꯏꯒ ꯂꯣꯏꯅꯅ ꯏꯊꯣꯛꯄ ꯁꯤꯖꯤꯟꯅꯔꯒ ꯄꯥꯎ ꯐꯥꯎꯅꯩ꯫","ꯅꯥ    ꯈꯔ    ꯇꯥ ꯊꯤ ꯕꯁꯤꯡ    ꯑꯁꯤ    ꯉꯥꯡ ꯊꯣꯛꯄ    ꯂꯣꯟꯒꯤ    ꯈꯨꯠꯊꯥꯡꯗ    ꯄꯥꯎ    ꯐꯥꯎ ꯅꯩ    ꯑꯃꯁꯨꯡ    ꯍꯤ ꯌ ꯔꯤꯡ    ꯑꯦꯗ ꯁ ꯁꯤꯡ,    ꯀꯣ ꯆ ꯂꯤ ꯔ    ꯐ ꯨꯝ ꯕꯁꯤꯡ    ꯑꯃꯁꯨꯡ    ꯑꯇꯣꯞꯄ    ꯈꯨ ꯂꯥꯏ ꯒ    ꯂꯣꯏꯅꯅ    ꯏ ꯊꯣꯛꯄ    ꯁꯤꯖꯤꯟꯅ ꯔꯒ    ꯄꯥꯎ    ꯐꯥꯎ ꯅꯩ꯫ ",117,40
307,ꯄꯔ-ꯔꯦꯛꯇꯜ ꯑꯦꯛꯖꯥꯃꯤꯅꯦꯁꯟ ꯑꯁꯤ ꯑꯊꯨꯕ ꯊꯧꯑꯣꯡ ꯑꯃꯅꯤ (ꯈꯪꯍꯩꯔꯕ ꯃꯤꯑꯣꯏ ꯑꯃꯅ ꯃꯤꯅꯤꯠ ꯱꯲ ꯂꯧꯋꯤ)꯫,ꯄꯔ - ꯔꯦ ꯛꯇ ꯜ    ꯑꯦꯛ ꯖꯥ ꯃꯤ ꯅꯦꯁꯟ    ꯑꯁꯤ    ꯑꯊꯨꯕ    ꯊꯧꯑꯣꯡ    ꯑꯃꯅꯤ    ( ꯈꯪ ꯍꯩ ꯔꯕ    ꯃꯤꯑꯣꯏ    ꯑꯃꯅ    ꯃꯤꯅꯤꯠ    ꯱꯲    ꯂꯧ ꯋꯤ ) ꯫ ,63,25
308,ꯔꯦꯗꯤꯌꯣꯐꯥꯔꯃꯁꯤꯌꯨꯇꯤꯀꯦꯜꯁꯤꯡ ꯑꯁꯤ ꯃꯤꯑꯣꯏꯕꯗ ꯊꯥꯕꯗ ꯈꯨꯗꯣꯡꯊꯤꯅꯤꯡꯅꯥꯏ ꯑꯣꯏꯗ꯭ꯔꯕ ꯅꯠꯇ꯭ꯔꯒ ꯑꯁꯣꯏ ꯑꯉꯥꯟ ꯊꯣꯛꯑꯔꯣꯏꯗꯕ ꯑꯃꯁꯨꯡ ꯂꯥꯏꯌꯣꯡ ꯈꯪꯅꯕ ꯅꯠꯇ꯭ꯔꯒ ꯃꯤꯑꯣꯏꯕꯒꯤ ꯑꯅꯥꯕ ꯃꯈꯜ ꯀꯌꯥꯒꯤ ꯂꯥꯌꯦꯡꯗ ꯁꯤꯖꯟꯅꯕ ꯌꯥꯔꯕ ꯌꯥꯝꯅ ꯐꯖꯅ ꯁꯦꯡꯂꯕ ꯔꯦꯗꯤꯌꯣꯑꯦꯛꯇꯤꯕ ꯑꯣꯏꯕ ꯍꯤꯗꯥꯛ ꯂꯥꯡꯊꯛ ꯁꯦꯝꯕꯅꯤ ꯫,ꯔꯦ ꯗꯤ ꯌꯣ ꯐꯥꯔ ꯃꯁꯤ ꯌꯨ ꯇꯤ ꯀꯦ ꯜꯁꯤꯡ    ꯑꯁꯤ    ꯃꯤꯑꯣꯏ ꯕꯗ    ꯊꯥ ꯕꯗ    ꯈꯨꯗꯣꯡꯊꯤ ꯅꯤꯡ ꯅꯥꯏ    ꯑꯣꯏ ꯗ꯭ꯔꯕ    ꯅꯠꯇ꯭ꯔꯒ    ꯑꯁ ꯣꯏ    ꯑꯉ ꯥꯟ    ꯊꯣꯛ ꯑꯔꯣꯏ ꯗꯕ    ꯑꯃꯁꯨꯡ    ꯂꯥꯏ ꯌꯣ ꯡ    ꯈꯪꯅꯕ    ꯅꯠꯇ꯭ꯔꯒ    ꯃꯤꯑꯣꯏꯕꯒꯤ    ꯑꯅꯥꯕ    ꯃꯈꯜ    ꯀꯌꯥꯒꯤ    ꯂꯥꯌꯦꯡ ꯗ    ꯁꯤꯖꯟ ꯅꯕ    ꯌꯥ ꯔꯕ    ꯌꯥꯝꯅ    ꯐꯖꯅ    ꯁꯦꯡꯂꯕ    ꯔꯦ ꯗꯤ ꯌꯣ ꯑꯦꯛ ꯇꯤꯕ    ꯑꯣꯏꯕ    ꯍꯤꯗ ꯥꯛ    ꯂꯥꯡ ꯊ ꯛ    ꯁꯦꯝ ꯕꯅꯤ    ꯫ ,181,60
309,"ꯑꯗꯨꯝ ꯑꯣꯏꯅꯃꯛ, ꯑꯦꯟꯇꯤꯃꯥꯏꯀ꯭ꯔꯣꯕꯤꯌꯦꯜꯁꯤꯡ ꯂꯥꯟꯅ ꯁꯤꯖꯤꯟꯅꯕ ꯑꯃꯁꯨꯡ ꯀꯥ ꯍꯦꯟꯅ ꯁꯤꯖꯤꯟꯅꯕ ꯑꯁꯤꯅ ꯊꯧꯑꯣꯡ ꯑꯁꯤ ꯌꯥꯡꯈꯠꯍꯜꯂꯤ꯫","ꯑꯗꯨꯝ    ꯑꯣꯏꯅꯃꯛ,    ꯑꯦꯟꯇꯤ ꯃꯥꯏꯀ꯭ꯔꯣ ꯕꯤ ꯌꯦ ꯜꯁꯤꯡ    ꯂꯥꯟꯅ    ꯁꯤꯖꯤꯟꯅꯕ    ꯑꯃꯁꯨꯡ    ꯀꯥ    ꯍꯦꯟꯅ    ꯁꯤꯖꯤꯟꯅꯕ    ꯑꯁꯤꯅ    ꯊꯧꯑꯣꯡ    ꯑꯁꯤ    ꯌꯥꯡ ꯈꯠ ꯍꯜꯂꯤ꯫ ",82,19
310,ꯀꯨꯏꯅ ꯆꯠꯀꯗꯕ ꯑꯣꯏꯕ ꯊꯧꯁꯤꯜ ꯑꯁꯤꯅ ꯁꯔꯀꯥꯔ ꯑꯃꯁꯨꯡ ꯑꯇꯩ ꯁꯦꯛꯇꯔꯁꯤꯡꯒꯤ ꯃꯔꯨꯑꯣꯏꯕ ꯁ꯭ꯇꯦꯛꯍꯣꯜꯗꯔꯁꯤꯡ ꯌꯥꯎꯕ ꯑꯃꯒ ꯑꯃꯒ ꯁꯝꯅꯕ ꯑꯃꯗꯤ ꯄꯨꯟꯁꯤꯟꯕ ꯋꯥꯟ ꯍꯦꯜꯊꯀꯤ ꯇꯧꯕꯒꯤ ꯃꯑꯣꯡ ꯑꯃꯥꯥ ꯄꯨꯊꯣꯛꯏ꯫,ꯀꯨꯏꯅ    ꯆꯠ ꯀꯗꯕ    ꯑꯣꯏꯕ    ꯊꯧ ꯁꯤꯜ    ꯑꯁꯤꯅ    ꯁꯔꯀꯥꯔ   ꯑꯃꯁꯨꯡ    ꯑꯇꯩ    ꯁꯦ ꯛꯇꯔ ꯁꯤꯡꯒꯤ    ꯃꯔꯨꯑꯣꯏꯕ    ꯁ꯭ꯇꯦ ꯛ ꯍꯣꯜ ꯗꯔ ꯁꯤꯡ    ꯌꯥꯎꯕ    ꯑꯃꯒ    ꯑꯃꯒ    ꯁꯝꯅꯕ    ꯑꯃꯗꯤ    ꯄꯨꯟ ꯁꯤꯟꯕ    ꯋꯥꯟ    ꯍꯦꯜ ꯊ ꯀꯤ    ꯇꯧꯕꯒꯤ    ꯃꯑꯣꯡ    ꯑꯃꯥ ꯥ    ꯄꯨꯊꯣꯛ ꯏ꯫ ,119,36
311,ꯏꯟꯁꯇꯤꯇ꯭ꯌꯨꯠ ꯑꯁꯤꯒꯤ ꯑꯣ,ꯏꯟꯁꯇꯤꯇ꯭ꯌꯨ ꯠ    ꯑꯁꯤꯒꯤ    ꯑꯣ ,17,4
312,ꯄꯤ,ꯄꯤ ,2,1
313,ꯗꯤ,ꯗꯤ ,2,1
314,ꯑꯃꯁꯨꯡ ꯑꯥꯏ,ꯑꯃꯁꯨꯡ    ꯑ ꯥꯏ ,8,3
315,ꯄꯤ,ꯄꯤ ,2,1
316,ꯗꯤ,ꯗꯤ ,2,1
317,ꯗ ꯑꯅꯥꯕꯁꯤꯡ ꯂꯥꯛꯄꯒꯤ ꯃꯁꯤꯡ ꯂꯦꯞꯇꯅ ꯍꯦꯟꯒꯠꯂꯛꯂꯦ꯫,ꯗ    ꯑꯅꯥ ꯕꯁꯤꯡ    ꯂꯥꯛ ꯄꯒꯤ    ꯃꯁꯤꯡ    ꯂꯦꯞꯇꯅ    ꯍꯦꯟꯒꯠꯂꯛ ꯂꯦ꯫ ,33,9
318,ꯃꯁꯤꯗ ꯍꯤꯗꯥꯛ ꯂꯥꯡꯊꯛꯀꯤ ꯋꯥꯌꯦꯜꯒꯤ ꯃꯥꯑꯣꯡ ꯌꯥꯎꯔꯤ꯫,ꯃꯁꯤꯗ    ꯍꯤꯗ ꯥꯛ    ꯂꯥꯡ ꯊꯛꯀꯤ    ꯋꯥꯌꯦ ꯜꯒꯤ    ꯃꯥ ꯑꯣ ꯡ    ꯌꯥꯎꯔꯤ꯫ ,34,11
319,"ꯐꯕꯒꯤ ꯆꯥꯡ ꯑꯗꯨ ꯂꯝ ꯑꯃꯒ ꯂꯝ ꯑꯃꯒꯗ ꯈꯦꯠꯅꯔꯕꯁꯨ, ꯈꯨꯗꯣꯡ ꯆꯥꯕ ꯑꯗꯨꯒꯤ ꯃꯇꯤꯛ, ꯃꯤꯒꯤ ꯑꯣꯏꯕ ꯃꯇꯦꯡꯁꯤꯡ ꯂꯩꯕ, ꯍꯤꯗꯥꯛ ꯂꯥꯡꯊꯛ ꯄꯤꯕ ꯑꯃꯁꯨꯡ ꯆꯦꯖꯟꯁꯤꯡ ꯑꯗꯨꯗ ꯄꯦꯟꯗꯕ ꯌꯥꯝꯅ ꯊꯦꯡꯅꯈꯤ꯫","ꯐ ꯕꯒꯤ    ꯆꯥꯡ    ꯑꯗꯨ    ꯂꯝ    ꯑꯃꯒ    ꯂꯝ    ꯑꯃ ꯒ ꯗ    ꯈꯦꯠ ꯅ ꯔꯕꯁꯨ,    ꯈꯨꯗꯣ ꯡ    ꯆꯥꯕ    ꯑꯗꯨꯒꯤ    ꯃꯇꯤ ꯛ,    ꯃꯤꯒꯤ    ꯑꯣꯏꯕ    ꯃꯇꯦ ꯡꯁꯤꯡ    ꯂꯩꯕ,    ꯍꯤꯗ ꯥꯛ    ꯂꯥꯡ ꯊ ꯛ    ꯄꯤꯕ    ꯑꯃꯁꯨꯡ    ꯆꯦ ꯖ ꯟꯁꯤꯡ    ꯑꯗꯨꯗ    ꯄꯦꯟ ꯗꯕ    ꯌꯥꯝꯅ    ꯊꯦꯡꯅꯈꯤ꯫ ",112,39
320,ꯍꯦꯜꯊ ꯔꯤꯄꯣꯔꯠ ꯑꯃ ꯀꯔꯝꯅ ꯁꯦꯝꯒꯅꯤ ꯍꯥꯏꯕꯒꯤ ꯃꯁꯤꯗꯒꯤ ꯑꯣꯏꯕ ꯕ꯭ꯂꯨꯄ꯭ꯔꯤꯟ꯭ꯇ ꯑꯃꯠꯇ ꯂꯩꯇꯦ꯫,ꯍꯦꯜ ꯊ    ꯔꯤ ꯄꯣꯔꯠ    ꯑꯃ    ꯀꯔꯝꯅ    ꯁꯦꯝ ꯒꯅꯤ    ꯍꯥꯏꯕꯒꯤ    ꯃꯁꯤꯗꯒꯤ    ꯑꯣꯏꯕ    ꯕ꯭ ꯂꯨ ꯄ꯭ꯔꯤꯟ ꯭ꯇ    ꯑꯃꯠꯇ    ꯂꯩꯇꯦ꯫ ,58,17
321,ꯅꯦꯁꯅꯦꯜ ꯔꯨꯔꯦꯜ ꯍꯦꯜꯊ ꯃꯤꯁꯟ (ꯑꯦꯟꯑꯥꯔꯑꯩꯍꯑꯦꯝ)ꯒꯨꯝꯕ ꯊꯧꯔꯝꯁꯤꯡꯒꯤ ꯈꯨꯠꯊꯥꯡꯗ ꯚꯥꯔꯠ ꯄꯨꯝꯕꯗ ꯑꯌꯨꯔꯕꯦꯗꯒ ꯕꯥꯏꯌꯣ- ꯃꯦꯗꯤꯀꯦꯜ ꯃꯐꯝꯁꯤꯡꯒ ꯄꯨꯟꯅ ꯊꯝꯅꯅꯕꯒꯤ ꯍꯣꯠꯅꯕꯁꯤꯡ ꯑꯁꯤ ꯕꯥꯏꯌꯣꯃꯦꯗꯤꯁꯤꯟ ꯑꯃꯁꯨꯡ ꯑꯌꯨꯔꯕꯦꯗꯥꯒꯒꯤ ꯃꯐꯝꯁꯤꯡ ꯅꯛꯅꯕꯒꯤ ꯉꯝꯈꯩꯗꯗꯪ ꯂꯩ ꯑꯃꯁꯨꯡ ꯄꯨꯟꯅ ꯀ꯭ꯂꯤꯅꯤꯀꯦꯜꯒꯤ ꯊꯕꯛ ꯄꯤꯕꯒꯤ ꯊꯥꯛꯇ ꯌꯥꯝꯅ ꯀꯨꯞꯁꯟꯕ ꯃꯥꯑꯣꯡꯗ ꯊꯕꯛ ꯄꯨꯟꯁꯤꯟꯕꯗꯤ ꯑꯣꯏꯊꯣꯛꯄꯗꯒꯤ ꯌꯥꯝꯅ ꯂꯥꯞꯄꯤ꯫,ꯅꯦꯁꯅꯦꯜ    ꯔꯨ ꯔꯦꯜ    ꯍꯦꯜ ꯊ    ꯃꯤ ꯁꯟ    ( ꯑꯦꯟ ꯑꯥꯔ ꯑꯩ ꯍ ꯑꯦꯝ ) ꯒꯨꯝꯕ    ꯊꯧꯔꯝ ꯁꯤꯡꯒꯤ    ꯈꯨꯠꯊꯥꯡꯗ    ꯚꯥꯔꯠ    ꯄꯨꯝꯕꯗ    ꯑꯌꯨ ꯔ ꯕꯦꯗ ꯒ    ꯕꯥꯏ ꯌꯣ -    ꯃꯦꯗꯤ ꯀꯦꯜ    ꯃꯐꯝ ꯁꯤꯡꯒ    ꯄꯨꯟꯅ    ꯊꯝ ꯅ ꯅꯕꯒꯤ    ꯍꯣꯠ ꯅꯕꯁꯤꯡ    ꯑꯁꯤ    ꯕꯥꯏ ꯌꯣ ꯃꯦꯗꯤ ꯁꯤꯟ    ꯑꯃꯁꯨꯡ    ꯑꯌꯨ ꯔ ꯕꯦ ꯗꯥ ꯒꯒꯤ    ꯃꯐꯝꯁꯤꯡ    ꯅꯛ ꯅꯕꯒꯤ    ꯉꯝꯈꯩ ꯗ ꯗ ꯪ    ꯂꯩ    ꯑꯃꯁꯨꯡ    ꯄꯨꯟꯅ    ꯀ꯭ꯂꯤ ꯅꯤ ꯀꯦꯜꯒꯤ    ꯊꯕꯛ    ꯄꯤꯕꯒꯤ    ꯊꯥꯛꯇ    ꯌꯥꯝꯅ    ꯀꯨꯞ ꯁꯟ ꯕ    ꯃꯥ ꯑꯣ ꯡꯗ    ꯊꯕꯛ    ꯄꯨꯟꯁꯤꯟ ꯕꯗꯤ    ꯑꯣꯏ ꯊꯣꯛ ꯄꯗꯒꯤ    ꯌꯥꯝꯅ    ꯂꯥ ꯞꯄ ꯤ꯫ ,241,81
322,"ꯀꯔꯤꯒꯨꯝꯕꯨ ꯁꯥ ꯑꯗꯨꯅ ꯁꯥꯂꯨꯞ ꯑꯗꯨꯒꯤ ꯑꯇꯣꯞꯄ ꯁꯥꯁꯤꯡ ꯑꯗꯨꯗꯒꯤ ꯂꯥꯞꯊꯣꯛꯅ ꯂꯩꯔꯕꯗꯤ, ꯃꯗꯨ ꯍꯛꯆꯥꯟ ꯅꯨꯡꯥꯏꯇꯕ ꯈꯨꯗꯣꯡ ꯆꯥꯗꯕ ꯈꯔ ꯂꯩꯔꯦ ꯍꯥꯏꯕꯗꯨ ꯎꯠꯂꯤ꯫","ꯀꯔꯤ ꯒꯨꯝ ꯕꯨ    ꯁꯥ    ꯑꯗꯨꯅ    ꯁꯥ ꯂꯨꯞ    ꯑꯗꯨꯒꯤ    ꯑꯇꯣꯞꯄ    ꯁꯥ ꯁꯤꯡ    ꯑꯗꯨꯗꯒꯤ    ꯂꯥꯞ ꯊꯣꯛꯅ    ꯂꯩꯔꯕꯗꯤ,    ꯃꯗꯨ    ꯍꯛ ꯆ ꯥꯟ    ꯅꯨꯡ ꯥꯏ ꯇꯕ    ꯈꯨꯗꯣ ꯡ    ꯆꯥ ꯗꯕ    ꯈꯔ    ꯂꯩ ꯔꯦ    ꯍꯥꯏꯕꯗꯨ    ꯎꯠꯂꯤ꯫ ",95,31
323,ꯃꯦꯗꯤꯀꯦꯜ ꯑꯣꯐꯤꯁꯔ ꯑꯗꯨꯅ ꯑꯩꯕꯨ ꯃꯥꯒꯤ ꯃꯅꯥꯛꯇ ꯑꯃꯨꯛ ꯍꯟꯅ ꯆꯠꯍꯟꯈꯤꯗꯦ ꯑꯗꯨꯒꯤ ꯃꯍꯨꯠꯇ ꯏꯟꯁꯄꯦꯛꯇꯔ ꯑꯃ ꯑꯩꯒꯤ ꯃꯅꯥꯛꯇ ꯊꯥꯅꯅꯕ ꯇꯛꯁꯤꯟꯈꯤ꯫,ꯃꯦꯗꯤ ꯀꯦꯜ    ꯑꯣꯐꯤꯁꯔ    ꯑꯗꯨꯅ    ꯑꯩ ꯕꯨ    ꯃꯥꯒꯤ    ꯃꯅꯥꯛꯇ    ꯑꯃꯨꯛ    ꯍꯟꯅ    ꯆꯠ ꯍꯟ ꯈꯤꯗꯦ    ꯑꯗꯨꯒꯤ    ꯃꯍꯨꯠꯇ    ꯏꯟ ꯁ ꯄꯦ ꯛꯇꯔ    ꯑꯃ    ꯑ ꯩꯒꯤ    ꯃꯅꯥꯛꯇ    ꯊꯥ ꯅꯅꯕ    ꯇꯛ ꯁꯤꯟꯈꯤ꯫ ,87,27
324,ꯇ꯭ꯔꯥꯟꯁ ꯐꯦꯠꯁꯤꯡ ꯑꯁꯤ ꯌꯣꯟꯅꯕ ꯑꯣꯏꯅ ꯕꯦꯛ ꯇꯧꯕ ꯄꯣꯠꯂꯝꯁꯤꯡꯗ ꯑꯃꯁꯨꯡ ꯑꯌꯥꯝꯕ ꯔꯦꯁꯇꯣꯔꯦꯟ꯭ꯇꯁꯤꯡ ꯑꯃꯁꯨꯡ ꯐꯥꯁꯠ-ꯐꯨꯗ ꯆꯦꯟꯁꯤꯡꯗ ꯊꯣꯡ-ꯊꯥꯛꯄꯗ ꯁꯤꯖꯤꯟꯅꯕ ꯄꯥꯝꯕꯤꯁꯤꯡꯗꯒꯤ ꯁꯨꯡꯕ ꯊꯥꯎꯁꯤꯡꯗ ꯍꯥꯏꯗ꯭ꯔꯣꯖꯦꯟ ꯍꯥꯄꯆꯤꯟꯕꯗꯒꯤ ꯊꯣꯛꯄꯅꯤ꯫,ꯇ꯭ꯔꯥꯟ ꯁ    ꯐꯦ ꯠꯁꯤꯡ    ꯑꯁꯤ    ꯌꯣꯟ ꯅꯕ    ꯑꯣꯏꯅ    ꯕꯦꯛ    ꯇꯧꯕ    ꯄꯣꯠꯂꯝ ꯁꯤꯡꯗ    ꯑꯃꯁꯨꯡ    ꯑꯌꯥꯝꯕ    ꯔꯦꯁ ꯇꯣ ꯔꯦꯟ ꯭ꯇ ꯁꯤꯡ    ꯑꯃꯁꯨꯡ    ꯐꯥ ꯁꯠ - ꯐꯨꯗ    ꯆꯦꯟ ꯁꯤꯡꯗ    ꯊꯣꯡ - ꯊꯥꯛ ꯄꯗ    ꯁꯤꯖꯤꯟꯅꯕ    ꯄꯥꯝꯕꯤ ꯁꯤꯡꯗꯒꯤ    ꯁꯨꯡ ꯕ    ꯊ ꯥꯎ ꯁꯤꯡꯗ    ꯍꯥꯏ ꯗ꯭ꯔꯣ ꯖꯦꯟ    ꯍꯥ ꯄ ꯆꯤꯟ ꯕꯗꯒꯤ    ꯊꯣꯛ ꯄꯅꯤ꯫ ,147,47
325,ꯑꯟꯁꯦꯆꯨꯔꯦꯇꯦꯗ ꯐꯦꯠꯁꯤꯡ ꯍꯥꯏꯕꯁꯤ ꯔꯨꯝ ꯇꯦꯝꯄꯔꯦꯆꯔꯗ ꯃꯍꯤ ꯑꯣꯏꯕ ꯐꯦꯠꯁꯤꯡ ꯑꯗꯨꯕꯨꯅꯤ꯫,ꯑꯟ ꯁꯦ ꯆꯨ ꯔꯦ ꯇꯦꯗ    ꯐꯦ ꯠꯁꯤꯡ    ꯍꯥꯏꯕꯁꯤ    ꯔꯨ ꯝ    ꯇꯦꯝ ꯄꯔꯦ ꯆ ꯔꯗ    ꯃ ꯍꯤ    ꯑꯣꯏꯕ    ꯐꯦ ꯠꯁꯤꯡ    ꯑꯗꯨꯕꯨ ꯅꯤ꯫ ,56,21
326,"ꯊꯕꯛ ꯃꯐꯝꯗ ꯅꯠꯇ꯭ꯔꯒ ꯊꯕꯛꯀ ꯃꯔꯤ ꯂꯩꯅꯕꯗ ꯍꯟꯊꯅ ꯇꯧꯕꯤꯕ, ꯐꯝꯒꯤ ꯈꯨꯗꯣꯡꯆꯥꯕ ꯂꯧꯕ ꯑꯃꯁꯨꯡ ꯅꯨꯄꯥ ꯅꯨꯄꯤꯒꯤ ꯃꯁꯥꯗ ꯑꯃꯗꯤ ꯋꯥꯈꯜꯗ ꯁꯣꯛꯄ ꯊꯧꯋꯣꯡ ꯆꯠꯊꯕ ꯌꯥꯎꯅ ꯊꯤꯅꯥ ꯇꯧꯕꯤꯕ (ꯄꯨꯟꯅ ꯑꯣꯠ ꯅꯩꯕꯒꯤ ꯃꯆꯠ ꯍꯥꯏꯅꯕ) ꯑꯁꯤ ꯊꯤꯡꯅꯕ ꯑꯃꯗꯤ ꯌꯦꯡꯁꯤꯟꯅꯕ ꯆꯥꯅꯕ ꯊꯕꯛꯁꯤꯡ ꯂꯧꯈꯠꯄ ꯑꯁꯤ ꯗꯕꯜꯌꯨ ꯑꯩꯆ ꯑꯣꯒꯤ ꯃꯊꯧꯅꯤ꯫","ꯊꯕꯛ    ꯃꯐꯝꯗ    ꯅꯠꯇ꯭ꯔꯒ    ꯊꯕꯛ ꯀ    ꯃꯔꯤ    ꯂꯩ ꯅꯕꯗ    ꯍꯟꯊ ꯅ    ꯇꯧ ꯕꯤ ꯕ,    ꯐꯝꯒꯤ    ꯈꯨꯗꯣꯡꯆꯥꯕ    ꯂꯧꯕ    ꯑꯃꯁꯨꯡ    ꯅꯨꯄꯥ    ꯅꯨꯄꯤꯒꯤ    ꯃꯁꯥ ꯗ    ꯑꯃꯗꯤ    ꯋꯥꯈ ꯜꯗ    ꯁꯣꯛ ꯄ    ꯊꯧ ꯋꯣꯡ    ꯆꯠꯊꯕ    ꯌꯥꯎꯅ    ꯊꯤ ꯅꯥ    ꯇꯧ ꯕꯤꯕ    ( ꯄꯨꯟꯅ    ꯑꯣ ꯠ    ꯅꯩ ꯕꯒꯤ    ꯃꯆ ꯠ    ꯍꯥꯏ ꯅꯕ )    ꯑꯁꯤ    ꯊꯤꯡ ꯅꯕ    ꯑꯃꯗꯤ    ꯌꯦꯡꯁꯤꯟꯅꯕ    ꯆꯥꯅꯕ    ꯊꯕꯛꯁꯤꯡ    ꯂꯧꯈꯠ ꯄ    ꯑꯁꯤ    ꯗꯕꯜ ꯌꯨ    ꯑꯩ ꯆ    ꯑꯣ ꯒꯤ    ꯃ ꯊꯧ ꯅꯤ꯫ ",182,64
327,ꯑꯀꯥꯏꯕ ꯑꯗꯨ ꯀꯔꯤꯅꯣ,ꯑꯀꯥꯏꯕ    ꯑꯗꯨ    ꯀꯔꯤ ꯅꯣ ,13,4
328,ꯑꯍꯨꯝꯁꯨꯕ ꯊꯥꯛ ꯑꯗꯨꯒꯤ ꯄꯥꯟꯗꯝꯗꯤ ꯋꯥꯔꯦꯞ ꯂꯧꯕꯗ ꯇꯦꯡꯕꯥꯡꯕ ꯃꯑꯣꯡꯗ ꯐꯜꯁꯤꯡ ꯑꯗꯨ ꯄꯨꯊꯣꯛꯅꯕ ꯑꯃꯁꯨꯡ ꯄꯥꯎ ꯐꯥꯎꯅꯅꯕꯅꯤ꯫,ꯑꯍꯨꯝꯁꯨꯕ    ꯊꯥꯛ    ꯑꯗꯨꯒꯤ    ꯄꯥꯟꯗꯝ ꯗꯤ    ꯋꯥꯔꯦꯞ    ꯂꯧ ꯕꯗ    ꯇꯦꯡ ꯕ ꯥꯡꯕ    ꯃꯑꯣꯡꯗ    ꯐ ꯜꯁꯤꯡ    ꯑꯗꯨ    ꯄꯨꯊꯣꯛ ꯅꯕ    ꯑꯃꯁꯨꯡ    ꯄꯥꯎ    ꯐꯥꯎ ꯅ ꯅꯕ ꯅꯤ꯫ ,75,23
329,"ꯌꯣꯒꯥ ꯍꯥꯏꯕ ꯋꯥꯍꯩ ꯑꯁꯤꯒꯤ ꯋꯥꯍꯟꯊꯣꯛ ꯑꯅꯤ ꯂꯩ: ꯑꯍꯥꯟꯕ ꯑꯁꯤꯅ ꯌꯨꯖꯤꯔ ꯅꯠꯇ꯭ꯔꯒ ꯌꯨꯅꯤꯌꯟ ꯍꯥꯏꯕ ꯋꯥꯍꯩ ꯑꯗꯨꯗꯒꯤ ꯂꯥꯛꯄꯅꯤ ꯑꯃꯁꯨꯡ ꯑꯅꯤꯁꯨꯕ ꯑꯁꯤꯅ ꯁꯥꯃꯥꯙꯤ: ꯋꯥꯈꯟꯒꯤ ꯑꯃꯁꯨꯡ ꯂꯧꯁꯤꯡ ꯄꯨꯅꯃꯛꯀꯤ ꯈ꯭ꯋꯥꯏꯗꯒꯤ ꯋꯥꯡꯕ ꯐꯤꯚꯝ, ꯍꯥꯏꯅ ꯋꯥꯍꯟꯊꯣꯛꯄ ꯑꯇꯣꯞꯄ ꯋꯥꯍꯩ ꯌꯨꯖꯥ ꯑꯗꯨꯗꯒꯤ ꯂꯧꯕꯅꯤ ꯫","ꯌꯣ ꯒꯥ    ꯍꯥꯏꯕ    ꯋꯥꯍꯩ    ꯑꯁꯤꯒꯤ    ꯋꯥꯍꯟꯊꯣꯛ    ꯑꯅꯤ    ꯂꯩ :    ꯑꯍꯥꯟꯕ    ꯑꯁꯤꯅ    ꯌꯨ ꯖꯤ ꯔ    ꯅꯠꯇ꯭ꯔꯒ    ꯌꯨꯅꯤꯌꯟ    ꯍꯥꯏꯕ    ꯋꯥꯍꯩ    ꯑꯗꯨꯗꯒꯤ    ꯂꯥꯛ ꯄꯅꯤ    ꯑꯃꯁꯨꯡ    ꯑꯅꯤꯁꯨꯕ    ꯑꯁꯤꯅ    ꯁꯥ ꯃꯥ ꯙꯤ :    ꯋꯥꯈ ꯟꯒꯤ    ꯑꯃꯁꯨꯡ    ꯂꯧꯁꯤꯡ    ꯄꯨ ꯅ ꯃꯛꯀꯤ    ꯈ꯭ꯋꯥꯏꯗꯒꯤ    ꯋꯥꯡꯕ    ꯐꯤꯚ ꯝ,    ꯍꯥꯏꯅ    ꯋꯥꯍꯟ ꯊꯣꯛꯄ    ꯑꯇꯣꯞꯄ    ꯋꯥꯍꯩ    ꯌꯨ ꯖꯥ    ꯑꯗꯨꯗꯒꯤ    ꯂꯧ ꯕꯅꯤ    ꯫ ",175,50
330,ꯔꯦꯗꯤꯑꯣꯐꯥꯔꯃꯥꯁꯨꯇꯤꯀꯦꯜꯅ ꯃꯈꯣꯏꯒꯤ ꯗꯥꯏꯒꯅꯣꯁꯇꯤꯛ ꯅꯠꯇ꯭ꯔꯒ ꯊꯦꯔꯥꯄ꯭ꯌꯨꯇꯤꯛ ꯑꯦꯖꯦꯟ꯭ꯇꯁꯤꯡ ꯑꯣꯏꯕꯒꯤ ꯀꯥꯟꯅꯅꯕ ꯑꯗꯨ ꯎꯠꯅꯕ ꯔꯦꯗꯤꯑꯣꯅ꯭ꯌꯨꯀ꯭ꯂꯥꯏꯗꯁꯤꯡꯒꯤ ꯅ꯭ꯌꯨꯀ꯭ꯂꯤꯌꯔ ꯄ꯭ꯔꯣꯄꯔꯇꯤꯁꯤꯡꯒ ꯂꯣꯏꯅꯅ ꯐꯥꯔꯃꯥꯁꯨꯇꯤꯀꯦꯜꯁꯤꯡꯒꯤ ꯐꯥꯔꯃꯥꯀꯣꯂꯣꯖꯤꯀꯦꯜ ꯄ꯭ꯔꯣꯄꯔꯇꯤꯁꯤꯡꯁꯨ ꯁꯤꯖꯤꯟꯅꯩ꯫,ꯔꯦ ꯗꯤꯑꯣ ꯐꯥꯔ ꯃꯥ ꯁꯨ ꯇꯤ ꯀꯦ ꯜꯅ    ꯃꯈꯣꯏꯒꯤ    ꯗꯥꯏ ꯒ ꯅꯣ ꯁ ꯇꯤꯛ    ꯅꯠꯇ꯭ꯔꯒ    ꯊꯦ ꯔꯥ ꯄ ꯭ꯌꯨ ꯇꯤꯛ    ꯑꯦꯖꯦꯟ ꯭ꯇ ꯁꯤꯡ    ꯑꯣꯏꯕꯒꯤ    ꯀꯥꯟ ꯅꯅꯕ    ꯑꯗꯨ    ꯎꯠꯅꯕ    ꯔꯦ ꯗꯤꯑꯣ ꯅ꯭ꯌꯨ ꯀ꯭ꯂꯥꯏ ꯗ ꯁꯤꯡꯒꯤ    ꯅ꯭ꯌꯨ ꯀ꯭ꯂꯤ ꯌꯔ    ꯄ꯭ꯔꯣ ꯄꯔ ꯇꯤ ꯁꯤꯡꯒ    ꯂꯣꯏꯅꯅ    ꯐꯥꯔ ꯃꯥ ꯁꯨ ꯇꯤ ꯀꯦ ꯜꯁꯤꯡꯒꯤ    ꯐꯥꯔ ꯃꯥ ꯀꯣ ꯂꯣꯖꯤꯀꯦꯜ    ꯄ꯭ꯔꯣ ꯄꯔ ꯇꯤ ꯁꯤꯡꯁꯨ    ꯁꯤꯖꯤꯟꯅꯩ꯫ ,181,57
331,"""ꯒ꯭ꯔꯤꯟ ꯏꯀꯣꯅꯣꯃꯤ"" ꯍꯥꯏꯕ ꯀꯥꯡꯂꯣꯟ ꯃꯃꯤꯡ ꯑꯁꯤ ꯃꯀꯣꯛ ꯊꯣꯡꯕ ꯑꯦꯟꯚꯥꯏꯔꯟꯃꯦꯟꯇꯦꯜ ꯏꯀꯣꯅꯣꯃꯤꯁꯠꯁꯤꯡꯒꯤ ꯀꯥꯡꯂꯨꯞ ꯑꯃꯅ ꯌꯨꯅꯥꯏꯇꯦꯗ ꯀꯤꯡꯗꯝꯒꯤ ꯁꯔꯀꯥꯔꯒꯤꯗꯃꯛ ꯕ꯭ꯂꯨꯄ꯭ꯔꯤꯟ꯭ꯇ ꯐꯣꯔ ꯑ ꯒ꯭ꯔꯤꯟ ꯏꯀꯣꯅꯣꯃꯤ ꯍꯥꯏꯅ ꯃꯤꯡꯊꯣꯟꯕ ꯏꯪ ꯱꯹꯸꯹ꯒꯤ ꯄꯥꯎꯗꯝ ꯑꯃꯗ ꯑꯍꯥꯟꯕ ꯑꯣꯏꯅ ꯁꯦꯝꯈꯤ꯫",""" ꯒ꯭ꯔꯤꯟ    ꯏꯀꯣꯅꯣꯃꯤ ""    ꯍꯥꯏꯕ    ꯀꯥꯡꯂꯣꯟ    ꯃꯃꯤꯡ    ꯑꯁꯤ    ꯃꯀꯣꯛ    ꯊꯣꯡꯕ    ꯑꯦꯟ ꯚꯥꯏ ꯔꯟ ꯃꯦꯟ ꯇꯦꯜ    ꯏꯀꯣꯅꯣꯃꯤ ꯁꯠ ꯁꯤꯡꯒꯤ    ꯀꯥꯡꯂꯨꯞ    ꯑꯃꯅ    ꯌꯨꯅꯥꯏꯇꯦꯗ    ꯀꯤꯡ ꯗ ꯝꯒꯤ    ꯁꯔꯀꯥꯔ ꯒꯤꯗꯃꯛ    ꯕ꯭ ꯂꯨ ꯄ꯭ꯔꯤꯟ ꯭ꯇ    ꯐꯣꯔ    ꯑ   ꯒ꯭ꯔꯤꯟ    ꯏꯀꯣ ꯅꯣ ꯃꯤ    ꯍꯥꯏꯅ    ꯃꯤꯡꯊꯣ ꯟꯕ    ꯏꯪ    ꯱꯹꯸ ꯹ꯒꯤ    ꯄꯥꯎ ꯗꯝ    ꯑꯃꯗ    ꯑꯍꯥꯟꯕ    ꯑꯣꯏꯅ    ꯁꯦꯝꯈꯤ꯫ ",170,48
332,ꯀꯤꯋꯤ ꯎꯍꯩꯗꯒꯤ ꯁꯥꯕ ꯅꯥꯔ ꯑꯥꯕ ꯀꯧꯕ ꯑꯉꯧꯕ ꯋꯥꯏꯟ ꯑꯃ ꯑꯔꯨꯅꯥꯆꯜ ꯄ꯭ꯔꯗꯦꯁꯇꯒꯤ ꯂꯥꯛꯏ ꯑꯃꯗꯤ ꯃꯁꯤ ꯂꯝꯕꯨ-ꯁꯨꯕꯨ ꯐꯨꯗ ꯑꯦꯟ ꯕꯦꯕꯔꯦꯖꯦꯁꯅ ꯂꯣꯋꯔ ꯁꯨꯕꯥꯟꯁꯤꯔꯤ ꯖꯤꯂꯥꯒꯤ ꯍꯣꯡ ꯈꯨꯟꯗ ꯄꯨꯊꯣꯛꯏ꯫,ꯀꯤ ꯋꯤ    ꯎ ꯍꯩ ꯗꯒꯤ    ꯁꯥꯕ    ꯅ ꯥꯔ    ꯑꯥ ꯕ    ꯀꯧꯕ    ꯑꯉꯧꯕ    ꯋꯥꯏ ꯟ    ꯑꯃ    ꯑꯔꯨ ꯅꯥ ꯆꯜ    ꯄ꯭ꯔꯗꯦꯁ ꯇꯒꯤ    ꯂꯥꯛ ꯏ    ꯑꯃꯗꯤ    ꯃꯁꯤ    ꯂꯝ ꯕꯨ - ꯁꯨ ꯕꯨ    ꯐꯨꯗ    ꯑꯦꯟ    ꯕꯦ ꯕ ꯔꯦ ꯖ ꯦꯁ ꯅ    ꯂꯣ ꯋꯔ    ꯁꯨ ꯕꯥꯟ ꯁꯤ ꯔꯤ    ꯖꯤꯂꯥꯒꯤ    ꯍꯣ ꯡ    ꯈꯨ ꯟꯗ    ꯄꯨꯊꯣꯛ ꯏ꯫ ,116,50
333,"ꯑꯋꯥꯡꯕ ꯑꯗꯨ ꯍꯟꯊꯅꯕ, ꯃꯈꯥꯔꯣꯝꯗ ꯆꯠꯊꯅꯕ ꯔꯤꯂꯤꯖ ꯕꯇꯟ ꯑꯗꯨ ꯅꯝꯃꯨ꯫","ꯑꯋꯥꯡꯕ    ꯑꯗꯨ    ꯍꯟꯊ ꯅꯕ,    ꯃꯈ ꯥꯔ ꯣ ꯝꯗ    ꯆꯠꯊ ꯅꯕ    ꯔꯤ ꯂꯤ ꯖ    ꯕꯇꯟ    ꯑꯗꯨ    ꯅꯝ ꯃꯨ꯫ ",42,17
334,ꯆꯥꯎꯈꯠꯂꯛꯄꯒꯤ ꯌꯥꯝꯅ ꯉꯟꯕ ꯇꯥꯡꯀꯛꯁꯤꯡꯗ ꯂꯩꯔꯤꯕ ꯁꯖꯤꯛꯀꯤ ꯃꯍꯩ-ꯃꯔꯣꯡꯁꯤꯡ ꯑꯁꯤ ꯄ꯭ꯔꯣꯇꯤꯟ ꯆꯥꯡ ꯋꯥꯡꯅ ꯌꯥꯎꯋꯤ ꯑꯃꯗꯤ ꯃꯍꯧꯁꯥꯅ ꯂꯥꯏꯅ ꯇꯨꯝꯕ ꯉꯝꯃꯤ ꯑꯗꯨꯕꯨ ꯃꯈꯣꯏꯒꯤ ꯄꯣꯠꯊꯣꯛ (ꯑꯄꯨꯟꯕ ꯚꯣꯂ꯭ꯌꯨꯝ ꯅꯠꯇ꯭ꯔꯒ ꯕꯥꯏꯑꯣꯃꯥꯁ) ꯑꯁꯤ ꯅꯦꯝꯃꯤ꯫,ꯆꯥꯎꯈꯠꯂꯛ ꯄꯒꯤ    ꯌꯥꯝꯅ    ꯉ ꯟꯕ    ꯇꯥꯡ ꯀꯛ ꯁꯤꯡꯗ    ꯂꯩꯔꯤꯕ    ꯁ ꯖꯤ ꯛꯀꯤ    ꯃꯍꯩ-ꯃꯔꯣꯡ ꯁꯤꯡ    ꯑꯁꯤ    ꯄ꯭ꯔꯣ ꯇꯤꯟ    ꯆꯥꯡ    ꯋꯥꯡꯅ    ꯌꯥꯎꯋꯤ    ꯑꯃꯗꯤ    ꯃꯍꯧꯁꯥꯅ    ꯂꯥꯏꯅ    ꯇ ꯨꯝꯕ    ꯉꯝ ꯃꯤ    ꯑꯗꯨꯕꯨ    ꯃꯈꯣꯏꯒꯤ    ꯄꯣꯠꯊꯣꯛ    ( ꯑꯄꯨꯟꯕ    ꯚꯣ ꯂ ꯭ꯌꯨ ꯝ    ꯅꯠꯇ꯭ꯔꯒ    ꯕꯥꯏꯑꯣ ꯃꯥ ꯁ )    ꯑꯁꯤ    ꯅꯦ ꯝꯃꯤ꯫ ,146,44
335,ꯆꯥꯡ-ꯌꯦꯡꯕ ꯃꯑꯣꯡꯒꯤ ꯋꯥꯈꯜꯂꯣꯟꯁꯤꯡꯒꯤ ꯑꯀꯟꯕ ꯄꯨꯛꯅꯤꯡ-ꯏꯍꯨꯜ ꯑꯃꯅ ꯈꯨꯠꯂꯥꯏ ꯑꯣꯏꯔꯕ ꯑꯃꯗꯤ ꯆꯦꯠꯅ ꯊꯥꯖꯕ ꯑꯃꯁꯨꯡ ꯄꯨꯛꯅꯤꯡ ꯂꯦꯞꯄꯅ ꯁꯦꯝꯁꯥꯔꯕ ꯎꯈ꯭ꯔꯨꯜꯗꯒꯤ ꯖꯩꯅꯣꯔꯤꯟ ꯑꯁꯤ ꯑꯆꯝꯕ ꯑꯣꯟꯇ꯭ꯔꯄ꯭ꯔꯤꯅꯨꯌꯔ ꯅꯠꯇꯦ꯫,ꯆꯥꯡ - ꯌꯦꯡꯕ    ꯃꯑꯣꯡꯒꯤ    ꯋꯥꯈꯜ ꯂꯣꯟ ꯁꯤꯡꯒꯤ    ꯑꯀꯟꯕ    ꯄꯨꯛ ꯅꯤꯡ -ꯏ ꯍꯨ ꯜ    ꯑꯃꯅ    ꯈꯨꯠꯂꯥꯏ    ꯑꯣꯏꯔꯕ    ꯑꯃꯗꯤ    ꯆꯦ ꯠꯅ    ꯊꯥꯖꯕ    ꯑꯃꯁꯨꯡ    ꯄꯨꯛꯅꯤꯡ    ꯂꯦꯞ ꯄꯅ    ꯁꯦꯝ ꯁꯥꯔ ꯕ    ꯎ ꯈ꯭ꯔ ꯨ ꯜꯗꯒꯤ    ꯖꯩ ꯅꯣ ꯔꯤ ꯟ    ꯑꯁꯤ    ꯑꯆꯝꯕ    ꯑꯣꯟ ꯇ꯭ꯔ ꯄ꯭ꯔꯤ ꯅꯨ ꯌꯔ    ꯅꯠꯇꯦ꯫ ,132,43
336,"ꯏꯁꯝ-ꯁꯝꯅ, ꯃꯁꯤꯗ ꯊꯔꯃꯦꯜ ꯀꯟꯚꯔꯖꯟ, ꯀꯦꯃꯤꯀꯦꯜ ꯀꯟꯚꯔꯖꯟ ꯑꯃꯗꯤ ꯕꯥꯏꯑꯣꯀꯦꯃꯤꯀꯦꯜ ꯀꯟꯚꯔꯖꯟꯒꯨꯝꯕ ꯃꯈꯜ-ꯃꯈꯜꯒꯤ ꯃꯑꯣꯡꯁꯤꯡꯗ ꯈꯨꯗꯣꯡꯆꯥꯕ ꯏꯅꯔꯒꯤ ꯌꯥꯎꯕ ꯄꯣꯠꯁꯤꯡꯗ ꯑꯣꯟꯊꯣꯛꯄ ꯌꯥꯕ ꯕꯥꯏꯑꯣꯃꯥꯁ ꯄꯨꯊꯣꯛꯄ ꯑꯗꯨ ꯆꯪꯏ꯫","ꯏꯁ ꯝ- ꯁꯝ ꯅ,    ꯃꯁꯤꯗ    ꯊ ꯔ ꯃꯦꯜ    ꯀꯟ ꯚꯔ ꯖ ꯟ,    ꯀꯦꯃꯤ ꯀꯦꯜ    ꯀꯟ ꯚꯔ ꯖꯟ    ꯑꯃꯗꯤ    ꯕꯥꯏꯑꯣ ꯀꯦꯃꯤ ꯀꯦꯜ    ꯀꯟ ꯚꯔ ꯖꯟ ꯒꯨꯝꯕ    ꯃꯈ ꯜ- ꯃꯈꯜꯒꯤ    ꯃꯑꯣꯡ ꯁꯤꯡꯗ    ꯈꯨꯗꯣꯡꯆꯥꯕ    ꯏꯅ ꯔꯒꯤ    ꯌꯥꯎꯕ    ꯄꯣꯠ ꯁꯤꯡꯗ    ꯑꯣꯟ ꯊꯣꯛꯄ    ꯌꯥꯕ    ꯕꯥꯏꯑꯣ ꯃꯥ ꯁ    ꯄꯨꯊꯣꯛꯄ    ꯑꯗꯨ    ꯆꯪ ꯏ꯫ ",135,46
337,ꯃꯈꯣꯏꯁꯤꯡ ꯑꯁꯤ ꯀꯣꯏꯂꯥ ꯑꯃꯗꯤ ꯄꯦꯇ꯭ꯔꯣꯂꯤꯌꯝꯒꯨꯝꯕ ꯖꯤꯑꯣꯂꯣꯖꯤꯀꯦꯜ ꯑꯣꯏꯕ ꯊꯧꯑꯣꯡꯁꯤꯡꯅ ꯄꯨꯊꯣꯛꯄ ꯐ꯭ꯌꯨꯑꯜ ꯅꯠꯇꯕꯤꯗ ꯕꯥꯏꯑꯣꯂꯣꯒꯤꯀꯦꯜ ꯑꯣꯏꯕ ꯊꯧꯑꯣꯡꯒꯤ ꯈꯨꯠꯊꯥꯡꯗ ꯄꯨꯊꯣꯛꯏ꯫,ꯃꯈꯣꯏꯁꯤꯡ    ꯑꯁꯤ    ꯀꯣꯏ ꯂꯥ    ꯑꯃꯗꯤ    ꯄꯦ ꯇ꯭ꯔꯣ ꯂꯤ ꯌ ꯝ ꯒꯨꯝꯕ    ꯖꯤꯑꯣ ꯂꯣꯖꯤꯀꯦꯜ    ꯑꯣꯏꯕ    ꯊꯧꯑꯣ ꯡ ꯁꯤꯡꯅ    ꯄꯨꯊꯣꯛꯄ    ꯐ ꯭ꯌꯨ ꯑ ꯜ    ꯅꯠꯇ ꯕꯤꯗ    ꯕꯥꯏꯑꯣ ꯂꯣ ꯒꯤ ꯀꯦꯜ    ꯑꯣꯏꯕ    ꯊꯧꯑꯣ ꯡꯒꯤ    ꯈꯨꯠꯊꯥꯡꯗ    ꯄꯨꯊꯣꯛ ꯏ꯫ ,112,34
338,ꯗꯤ,ꯗꯤ ,2,1
339,ꯏ,ꯏ ,1,1
340,ꯏ,ꯏ ,1,1
341,ꯄꯤ,ꯄꯤ ,2,1
342,ꯃꯣꯗꯔꯟ ꯆꯨꯜꯍꯥ ꯁꯣꯁꯥꯏꯇꯤ ꯑꯣꯐ ꯗꯤꯚꯦꯂꯞꯃꯦꯟ꯭ꯇ ꯑꯦꯟ ꯑꯦꯟꯚꯥꯏꯔꯟꯃꯦꯟ꯭ꯇ ꯄ꯭ꯔꯣꯇꯦꯛꯁꯟ (ꯗꯤ,ꯃꯣ ꯗꯔꯟ    ꯆꯨ ꯜ ꯍꯥ    ꯁꯣ ꯁꯥꯏ ꯇꯤ    ꯑꯣꯐ    ꯗꯤ ꯚꯦ ꯂ ꯞ ꯃꯦꯟ ꯭ꯇ    ꯑꯦꯟ    ꯑꯦꯟ ꯚꯥꯏ ꯔꯟ ꯃꯦꯟ ꯭ꯇ    ꯄ꯭ꯔꯣ ꯇꯦꯛ ꯁꯟ    ( ꯗꯤ ,59,26
343,ꯏ,ꯏ ,1,1
344,ꯏ,ꯏ ,1,1
345,ꯄꯤ,ꯄꯤ ,2,1
346,)ꯅ ꯎ ꯁꯤꯖꯤꯟꯅꯕ ꯆꯥꯗ ꯵꯰ ꯍꯟꯊꯅꯕ ꯕꯥꯏꯑꯣꯃꯥꯁ ꯁꯤꯖꯤꯟꯅꯕ ꯃꯣꯗꯔꯟ ꯗꯤ,)ꯅ    ꯎ    ꯁꯤꯖꯤꯟꯅꯕ    ꯆꯥꯗ    ꯵꯰    ꯍꯟꯊ ꯅꯕ    ꯕꯥꯏꯑꯣ ꯃꯥ ꯁ    ꯁꯤꯖꯤꯟꯅꯕ    ꯃꯣ ꯗꯔꯟ    ꯗꯤ ,42,14
347,ꯏ,ꯏ ,1,1
348,ꯏ,ꯏ ,1,1
349,ꯄꯤ,ꯄꯤ ,2,1
350,ꯆꯨꯜꯍꯥ ꯑꯁꯤ ꯄꯨꯊꯣꯛꯈꯤ꯫,ꯆꯨ ꯜ ꯍꯥ    ꯑꯁꯤ    ꯄꯨꯊꯣꯛꯈꯤ꯫ ,16,5
351,ꯅꯣꯇꯤꯐꯥꯏ ꯇꯧꯔꯕ ꯂꯝ ꯑꯃꯒꯤ ꯃꯍꯧꯁꯥꯒꯤ ꯑꯣꯏꯕ ꯕ꯭ꯔꯤꯗ ꯱꯹꯷ꯀꯤ ꯒꯦꯖꯦꯠ ꯅꯣꯇꯤꯐꯤꯀꯦꯁꯟ ꯑꯁꯤ ꯏꯪ ꯲꯰꯲꯰ ꯐꯥꯎꯕꯗ ꯇꯧꯈ꯭ꯔꯦ꯫,ꯅꯣ ꯇꯤ ꯐꯥꯏ    ꯇꯧꯔꯕ    ꯂꯝ    ꯑꯃꯒꯤ    ꯃꯍꯧꯁꯥꯒꯤ    ꯑꯣꯏꯕ    ꯕ꯭ꯔꯤ ꯗ    ꯱꯹꯷ ꯀꯤ    ꯒꯦ ꯖꯦ ꯠ    ꯅꯣ ꯇꯤꯐꯤ ꯀꯦꯁꯟ    ꯑꯁꯤ    ꯏꯪ    ꯲꯰ ꯲꯰    ꯐꯥꯎꯕꯗ    ꯇꯧ ꯈ꯭ꯔꯦ꯫ ,74,25
352,ꯑꯦꯟꯕꯥꯏꯑꯣꯂꯦꯠ ꯒ꯭ꯔꯤꯟ ꯁꯣꯂꯨꯁꯟ ꯐꯥꯎꯟꯗꯦꯁꯟ (ꯖꯤ,ꯑꯦꯟ ꯕꯥꯏꯑꯣ ꯂꯦꯠ    ꯒ꯭ꯔꯤꯟ    ꯁꯣ ꯂꯨ ꯁꯟ    ꯐꯥꯎ ꯟꯗ ꯦꯁꯟ    ( ꯖꯤ ,33,12
353,ꯑꯦꯁ,ꯑꯦꯁ,3,1
354,ꯑꯦꯐ,ꯑꯦ ꯐ ,3,2
355,)ꯅ ꯁꯤꯋꯦꯖ ꯁꯤꯁꯇꯦꯝ ꯋꯥꯠꯄ ꯈꯨꯡꯒꯪꯁꯤꯡ ꯑꯃꯗꯤ ꯁꯍꯔꯁꯤꯡꯗ ꯂꯩꯕ ꯁ꯭ꯂꯝꯁꯤꯡꯗ ꯂꯨ-ꯅꯥꯟꯕ ꯁꯦꯅꯤꯇꯦꯁꯟꯒꯤꯗꯃꯛ ꯕꯥꯏꯑꯣ-ꯇꯣꯏꯂꯦꯠ ꯁꯣꯂꯨꯁꯟ ꯑꯃ ꯁꯦꯝꯒꯠꯈ꯭ꯔꯦ꯫,)ꯅ    ꯁꯤ ꯋꯦ ꯖ    ꯁꯤꯁꯇꯦꯝ    ꯋꯥ ꯠꯄ    ꯈꯨꯡꯒꯪ ꯁꯤꯡ    ꯑꯃꯗꯤ    ꯁꯍꯔ ꯁꯤꯡꯗ    ꯂꯩꯕ    ꯁ꯭ ꯂꯝꯁꯤꯡꯗ    ꯂꯨ - ꯅ ꯥꯟꯕ    ꯁꯦ ꯅꯤ ꯇ ꯦꯁꯟ ꯒꯤꯗꯃꯛ    ꯕꯥꯏꯑꯣ - ꯇꯣꯏ ꯂꯦꯠ    ꯁꯣ ꯂꯨ ꯁꯟ    ꯑꯃ    ꯁꯦꯝꯒꯠ ꯈ꯭ꯔꯦ꯫ ,97,34
356,ꯑꯥꯏ,ꯑ ꯥꯏ ,3,2
357,ꯁꯤ,ꯁꯤ ,2,1
358,ꯑꯦ,ꯑꯦ ,2,1
359,ꯑꯥꯔ,ꯑꯥꯔ,3,1
360,ꯅ ꯃꯤꯔꯩꯕꯥꯛꯇꯒꯤ ꯄꯨꯁꯤꯜꯂꯛꯄꯁꯤꯡꯒꯤ ꯃꯍꯨꯠ ꯁꯤꯟꯅꯕ ꯏꯪ ꯲꯰꯲꯴ ꯐꯥꯎꯕꯒꯤ ꯃꯅꯨꯡꯗ ꯂꯧꯕꯨꯛ ꯑꯃꯗꯤ ꯍꯣꯔꯇꯤꯀꯜꯆꯔꯒꯤ ꯑꯣꯏꯕ ꯃꯍꯩ-ꯃꯔꯣꯡꯁꯤꯡꯒꯤ ꯄ꯭ꯔꯣꯁꯦꯁ ꯇꯧꯕ ꯌꯥꯕ ꯃꯈꯜ ꯳꯰ ꯄꯨꯊꯣꯛꯅꯕ ꯄꯥꯟꯗꯝ ꯊꯝꯈ꯭ꯔꯦ꯫,ꯅ    ꯃꯤꯔ ꯩꯕ ꯥꯛ ꯇꯒꯤ    ꯄꯨ ꯁꯤꯜꯂ ꯛꯄ ꯁꯤꯡꯒꯤ    ꯃꯍꯨꯠ    ꯁꯤꯟꯅꯕ    ꯏꯪ    ꯲꯰꯲ ꯴    ꯐꯥꯎꯕꯒꯤ    ꯃꯅꯨꯡꯗ    ꯂꯧ ꯕ ꯨꯛ    ꯑꯃꯗꯤ    ꯍꯣꯔ ꯇꯤ ꯀꯜ ꯆ ꯔꯒꯤ    ꯑꯣꯏꯕ    ꯃꯍꯩ-ꯃꯔꯣꯡ ꯁꯤꯡꯒꯤ    ꯄ꯭ꯔꯣ ꯁ ꯦꯁ    ꯇꯧꯕ    ꯌꯥꯕ    ꯃꯈꯜ    ꯳꯰    ꯄꯨꯊꯣꯛ ꯅꯕ    ꯄꯥꯟꯗꯝ    ꯊꯝ ꯈ꯭ꯔꯦ꯫ ,124,40
361,"ꯔꯦꯗꯤꯑꯣꯑꯥꯏꯁꯣꯇꯣꯞꯁꯤꯡ ꯑꯃꯗꯤ ꯅ꯭ꯌꯨꯀ꯭ꯂꯤꯌꯔ ꯁꯥꯏꯟꯁꯇ ꯈꯨꯃꯥꯡꯆꯥꯎꯁꯤꯟꯕ ꯊꯤꯖꯤꯟ-ꯍꯨꯝꯖꯤꯟꯕꯒꯤ ꯍꯦꯟꯒꯠꯂꯛꯂꯤꯕ ꯗꯤꯃꯥꯟ ꯑꯁꯤ ꯃꯥꯡꯖꯧꯅꯅ ꯎꯔꯗꯨꯅ, ꯆꯥꯡꯗꯝꯅꯕꯗ ꯍꯦꯟꯅ ꯋꯥꯡꯕ ꯅ꯭ꯌꯨꯇ꯭ꯔꯣꯟ ꯐ꯭ꯂꯛꯁ ꯂꯩꯕ ꯑꯇꯣꯞꯄ ꯔꯤꯑꯦꯛꯇꯔ ꯑꯃꯒꯤ ꯇꯉꯥꯏꯐꯗꯕ ꯑꯗꯨ ꯊꯥꯏꯅ ꯃꯃꯥꯡ ꯱꯹꯷꯰ꯒꯤ ꯆꯍꯤ ꯇꯔꯥꯒꯤ ꯈꯨꯖꯤꯡꯗ ꯐꯥꯎꯈꯤ, ꯃꯁꯤ ꯑꯔꯣꯏꯕꯗ ꯕꯤ","ꯔꯦ ꯗꯤꯑꯣ ꯑꯥꯏ ꯁꯣ ꯇꯣ ꯞꯁꯤꯡ    ꯑꯃꯗꯤ    ꯅ꯭ꯌꯨ ꯀ꯭ꯂꯤ ꯌꯔ    ꯁꯥꯏꯟ ꯁꯇ    ꯈꯨ ꯃꯥꯡ ꯆꯥꯎ ꯁꯤꯟꯕ    ꯊꯤꯖꯤꯟ -ꯍꯨꯝ ꯖꯤꯟ ꯕꯒꯤ    ꯍꯦꯟꯒꯠꯂꯛ ꯂꯤꯕ    ꯗꯤ ꯃꯥꯟ    ꯑꯁꯤ    ꯃꯥꯡꯖꯧꯅꯅ    ꯎꯔ ꯗꯨꯅ,    ꯆꯥꯡꯗꯝꯅꯕꯗ    ꯍꯦꯟꯅ    ꯋꯥꯡꯕ    ꯅ꯭ꯌꯨ ꯇ꯭ꯔꯣ ꯟ    ꯐ꯭ ꯂꯛ ꯁ    ꯂꯩꯕ    ꯑꯇꯣꯞꯄ    ꯔꯤ ꯑꯦ ꯛꯇꯔ    ꯑꯃꯒꯤ    ꯇꯉꯥꯏꯐ ꯗꯕ    ꯑꯗꯨ    ꯊꯥꯏ ꯅ    ꯃꯃꯥꯡ    ꯱꯹꯷ ꯰ꯒꯤ    ꯆꯍꯤ    ꯇꯔꯥꯒꯤ    ꯈꯨꯖꯤꯡꯗ    ꯐꯥꯎ ꯈꯤ,    ꯃꯁꯤ    ꯑꯔꯣꯏꯕꯗ    ꯕꯤ ",199,59
362,ꯑꯦ,ꯑꯦ ,2,1
363,ꯑꯥꯔ,ꯑꯥꯔ,3,1
364,ꯁꯤ,ꯁꯤ ,2,1
365,", ꯇ꯭ꯔꯣꯝꯕꯦꯗ ꯑꯥꯔ-꯵ ꯔꯤꯑꯦꯛꯇꯔ (ꯀꯣꯟꯅ ꯙ꯭ꯔꯨꯕ ꯔꯤꯑꯦꯛꯇꯔ ꯍꯥꯏꯅ ꯃꯃꯤꯡ ꯍꯣꯡꯈꯤꯕ) ꯑꯗꯨ ꯁꯥꯕ ꯑꯃꯗꯤ ꯀꯝꯃꯤꯁꯟ ꯇꯧꯕꯗ ꯇꯥꯈꯤ꯫",",    ꯇ꯭ꯔꯣ ꯝ ꯕꯦꯗ    ꯑꯥꯔ - ꯵    ꯔꯤ ꯑꯦ ꯛꯇꯔ    ( ꯀꯣꯟꯅ    ꯙ꯭ꯔ ꯨ ꯕ    ꯔꯤ ꯑꯦ ꯛꯇꯔ    ꯍꯥꯏꯅ    ꯃꯃꯤꯡ    ꯍꯣꯡ ꯈꯤꯕ )    ꯑꯗꯨ    ꯁꯥꯕ    ꯑꯃꯗꯤ    ꯀꯝꯃꯤ ꯁꯟ    ꯇꯧꯕꯗ    ꯇꯥꯈꯤ꯫ ",78,30
366,ꯑꯩꯆ,ꯑꯩ ꯆ ,3,2
367,ꯑꯦꯜ,ꯑꯦꯜ ,3,1
368,ꯑꯦꯜ,ꯑꯦꯜ ,3,1
369,ꯗꯕꯜꯌꯨ,ꯗꯕꯜ ꯌꯨ ,5,2
370,"ꯗ ꯐꯤꯁꯟꯒꯤ ꯄꯣꯠꯊꯣꯛꯁꯤꯡ, ꯑꯄꯤꯛꯄ ꯑꯦꯛꯇꯤꯅꯥꯏꯗꯁꯤꯡ, ꯌꯨꯔꯥꯅꯤꯌꯝ ꯑꯃꯗꯤ ꯄ꯭ꯂꯨꯇꯣꯅꯤꯌꯝꯒꯤ ꯌꯥꯝꯅ ꯄꯤꯛꯄ ꯆꯥꯡꯁꯤꯡ, ꯀꯣꯔꯣꯖꯟꯒꯤ ꯄꯣꯠꯊꯣꯛꯁꯤꯡ, ꯑꯃꯗꯤ ꯔꯤꯄ꯭ꯔꯣꯁꯦꯁꯁꯤꯡꯒꯤ ꯃꯇꯝꯗ ꯍꯥꯞꯆꯤꯟꯕ ꯀꯦꯃꯤꯀꯦꯜꯁꯤꯡ ꯌꯥꯎꯋꯤ꯫","ꯗ    ꯐꯤ ꯁꯟꯒꯤ    ꯄꯣꯠꯊꯣꯛ ꯁꯤꯡ,    ꯑꯄꯤꯛꯄ    ꯑꯦꯛ ꯇꯤ ꯅꯥꯏ ꯗ ꯁꯤꯡ,    ꯌꯨ ꯔꯥ ꯅꯤ ꯌꯝ    ꯑꯃꯗꯤ    ꯄ꯭ ꯂꯨ ꯇꯣ ꯅꯤꯌ ꯝꯒꯤ    ꯌꯥꯝꯅ    ꯄꯤꯛꯄ    ꯆꯥꯡ ꯁꯤꯡ,    ꯀꯣ ꯔꯣ ꯖ ꯟꯒꯤ    ꯄꯣꯠꯊꯣꯛ ꯁꯤꯡ,    ꯑꯃꯗꯤ    ꯔꯤ ꯄ꯭ꯔꯣ ꯁꯦꯁ ꯁꯤꯡꯒꯤ    ꯃꯇꯝꯗ    ꯍꯥꯞ ꯆꯤꯟꯕ    ꯀꯦꯃꯤ ꯀꯦ ꯜꯁꯤꯡ    ꯌꯥꯎꯋꯤ꯫ ",137,43
371,ꯑꯩꯆ,ꯑꯩ ꯆ ,3,2
372,ꯑꯦꯜ,ꯑꯦꯜ ,3,1
373,ꯑꯦꯜ,ꯑꯦꯜ ,3,1
374,ꯗꯕꯜꯌꯨ,ꯗꯕꯜ ꯌꯨ ,5,2
375,"ꯑꯁꯤ ꯏꯅꯔꯠ ꯒ꯭ꯂꯥꯁ (ꯚꯤꯇ꯭ꯔꯤꯑꯁ) ꯃꯦꯇ꯭ꯔꯤꯛꯁ ꯑꯃꯗ ꯂꯦꯡꯍꯟꯗꯅ ꯊꯝꯃꯤ, ꯅꯨꯡꯁꯤꯠꯅ ꯏꯪꯍꯟꯕ ꯚꯣꯜ꯭ꯇ ꯑꯃꯗ ꯆꯍꯤ ꯇꯔꯥ ꯈꯔꯒꯤꯗꯃꯛ ꯊꯝꯃꯤ ꯑꯃꯗꯤ ꯃꯊꯪꯗ ꯂꯨꯔꯕ ꯊꯝꯐꯝ ꯑꯃꯗ ꯊꯝꯗꯣꯛꯈꯤꯅꯕ ꯊꯧꯔꯥꯡ ꯇꯧꯋꯤ꯫","ꯑꯁꯤ    ꯏ ꯅꯔ ꯠ    ꯒ꯭ꯂꯥ ꯁ    ( ꯚꯤ ꯇ꯭ꯔꯤ ꯑꯁ )    ꯃꯦ ꯇ꯭ꯔꯤ ꯛꯁ    ꯑꯃꯗ    ꯂꯦꯡ ꯍꯟ ꯗꯅ    ꯊꯝ ꯃꯤ,    ꯅꯨꯡꯁꯤ ꯠꯅ    ꯏꯪ ꯍꯟꯕ    ꯚꯣ ꯜ ꯭ꯇ    ꯑꯃꯗ    ꯆꯍꯤ    ꯇꯔꯥ    ꯈꯔ ꯒꯤꯗꯃꯛ    ꯊꯝꯃꯤ    ꯑꯃꯗꯤ    ꯃꯊꯪꯗ    ꯂꯨ ꯔꯕ    ꯊꯝ ꯐꯝ    ꯑꯃꯗ    ꯊꯝ ꯗꯣꯛ ꯈꯤ ꯅꯕ    ꯊꯧꯔꯥꯡ    ꯇꯧꯋꯤ꯫ ",120,46
376,"ꯁꯟ ꯖꯔꯁꯤꯁꯤꯡ ꯑꯁꯤꯅ ꯆꯥꯎꯔꯥꯛꯅ ꯐꯦꯠ ꯆꯥꯗ ꯵ꯒꯤ ꯆꯥꯡꯗ ꯂꯩꯕ ꯁꯪꯒꯣꯝ ꯄꯨꯊꯣꯛꯏ, ꯑꯗꯨꯒ ꯍꯣꯜꯁ꯭ꯇꯤꯟ-ꯐ꯭ꯔꯤꯖꯤꯑꯟꯒꯤ ꯁꯪꯒꯣꯝꯗ ꯆꯥꯎꯔꯥꯛꯅ ꯐꯦꯠ ꯆꯥꯗ ꯳","ꯁꯟ    ꯖ ꯔꯁꯤ ꯁꯤꯡ    ꯑꯁꯤꯅ    ꯆꯥꯎꯔꯥꯛꯅ    ꯐꯦ ꯠ    ꯆꯥꯗ    ꯵ꯒꯤ    ꯆꯥꯡꯗ    ꯂꯩꯕ    ꯁꯪ ꯒꯣ ꯝ    ꯄꯨꯊꯣꯛ ꯏ,    ꯑꯗꯨꯒ    ꯍꯣꯜ ꯁ꯭ꯇꯤ ꯟ- ꯐ꯭ꯔꯤ ꯖꯤ ꯑ ꯟꯒꯤ    ꯁꯪ ꯒꯣ ꯝꯗ    ꯆꯥꯎꯔꯥꯛꯅ    ꯐꯦ ꯠ    ꯆꯥꯗ    ꯳ ",91,33
377,꯵ ꯌꯥꯎꯋꯤ꯫,꯵    ꯌꯥꯎꯋꯤ꯫ ,7,2
378,"ꯃꯤꯑꯣꯏꯕꯒꯤ ꯁꯣꯏ-ꯉꯥꯝꯗꯕ ꯑꯁꯤꯅ ꯄꯣꯠ ꯂꯩꯔꯤꯕ ꯃꯤꯑꯣꯏꯁꯤꯡ, ꯊꯕꯛ ꯁꯨꯔꯤꯕ ꯃꯤꯑꯣꯏꯁꯤꯡ ꯑꯃꯗꯤ ꯁꯤꯜꯂꯥꯡꯕꯁꯤꯡ ꯌꯥꯎꯅ ꯃꯤꯑꯣꯏ ꯂꯣꯏꯅꯃꯛꯀꯤ ꯍꯛꯁꯦꯜ, ꯂꯨꯕ-ꯅꯥꯟꯕ ꯑꯃꯗꯤ ꯑꯀꯣꯏꯕꯒꯤ ꯐꯤꯚꯝꯗ ꯃꯔꯨꯑꯣꯏꯅ ꯃꯤꯠꯌꯦꯡ ꯊꯝꯂꯤ꯫","ꯃꯤꯑꯣꯏꯕꯒꯤ    ꯁꯣꯏ - ꯉꯥ ꯝ ꯗꯕ    ꯑꯁꯤꯅ    ꯄꯣꯠ    ꯂꯩꯔꯤꯕ    ꯃꯤꯑꯣꯏ ꯁꯤꯡ,    ꯊꯕꯛ    ꯁꯨ ꯔꯤꯕ    ꯃꯤꯑꯣꯏꯁꯤꯡ    ꯑꯃꯗꯤ    ꯁꯤꯜꯂ ꯥꯡ ꯕꯁꯤꯡ    ꯌꯥꯎꯅ    ꯃꯤꯑꯣꯏ    ꯂꯣꯏꯅ ꯃꯛꯀꯤ    ꯍꯛ ꯁꯦ ꯜ,    ꯂꯨ ꯕ- ꯅ ꯥꯟꯕ    ꯑꯃꯗꯤ    ꯑꯀꯣꯏꯕꯒꯤ    ꯐꯤꯚ ꯝꯗ    ꯃꯔꯨꯑꯣꯏꯅ    ꯃꯤꯠꯌꯦꯡ    ꯊꯝꯂꯤ꯫ ",133,37
379,ꯁꯤꯖꯤꯌꯝ ꯔꯤꯀꯣꯚꯔꯤ ꯑꯁꯤ ꯑꯅꯤꯁꯨꯕ ꯁꯥꯏꯀꯜꯗ ꯄꯥꯟꯗꯝ ꯊꯝꯂꯕꯁꯨ ꯁ꯭ꯇ꯭ꯔꯣꯟꯇꯤꯌꯝ-ꯑꯦꯛꯇꯤꯅꯥꯏꯗ-ꯂꯥꯟꯊꯅꯥꯏꯗ ꯑꯄꯨꯟꯕ ꯈꯥꯏꯗꯣꯛꯄ ꯑꯁꯤ ꯑꯩꯆ,ꯁꯤ ꯖꯤ ꯌꯝ    ꯔꯤ ꯀꯣ ꯚ ꯔꯤ    ꯑꯁꯤ    ꯑꯅꯤꯁꯨꯕ    ꯁꯥꯏ ꯀ ꯜꯗ    ꯄꯥꯟꯗꯝ    ꯊꯝ ꯂꯕꯁꯨ    ꯁ꯭ ꯇ꯭ꯔꯣ ꯟ ꯇꯤ ꯌ ꯝ- ꯑꯦꯛ ꯇꯤ ꯅꯥꯏ ꯗ- ꯂꯥꯟ ꯊ ꯅꯥꯏꯗ    ꯑꯄꯨꯟꯕ    ꯈꯥꯏꯗꯣꯛꯄ    ꯑꯁꯤ    ꯑꯩ ꯆ ,87,33
380,ꯑꯦꯜ,ꯑꯦꯜ ,3,1
381,ꯑꯦꯜ,ꯑꯦꯜ ,3,1
382,ꯗꯕꯜꯌꯨ,ꯗꯕꯜ ꯌꯨ ,5,2
383,ꯗꯒꯤ ꯑꯍꯨꯝꯁꯨꯕ ꯁꯥꯏꯀꯜꯗ ꯐꯪꯏ꯫,ꯗꯒꯤ    ꯑꯍꯨꯝꯁꯨꯕ    ꯁꯥꯏ ꯀ ꯜꯗ    ꯐꯪꯏ꯫ ,20,6
384,"ꯃꯥꯏꯀ꯭ꯔꯣꯋꯦꯕ ꯔꯤꯃꯣꯠ ꯁꯦꯟꯁꯤꯡ ꯇꯦꯛꯅꯤꯛꯁꯤꯡ ꯑꯁꯤ ꯑꯏꯪ-ꯑꯁꯥ, ꯅꯣꯡ-ꯅꯨꯡꯁꯤꯠꯀꯤ ꯐꯤꯕꯝ ꯂꯣꯏꯅꯃꯛꯇ ꯄꯥꯡꯊꯣꯛꯄ ꯉꯝꯕ ꯑꯗꯨ ꯑꯣꯏ ꯃꯔꯝꯗꯤ ꯑꯀꯣꯏꯕꯒꯤ ꯅꯨꯡꯁꯤꯠ ꯑꯁꯤ ꯍꯦꯟꯅ ꯅꯦꯝꯕ ꯐ꯭ꯔꯤꯀ꯭ꯋꯦꯟꯁꯤꯁꯤꯡꯗ ꯂꯩꯕ ꯃꯥꯏꯀ꯭ꯔꯣꯋꯦꯕꯁꯤꯡꯗ ꯇ꯭ꯔꯥꯟꯁꯄꯔꯦꯟ꯭ꯇ ꯑꯦꯏ, ꯃꯈꯣꯏ ꯑꯁꯤ ꯂꯩꯆꯤꯜ ꯐꯥꯎꯗꯨꯅ ꯆꯠꯂꯤ, ꯑꯃꯗꯤ ꯃꯥꯏꯀ꯭ꯔꯣꯋꯦꯕ ꯁꯦꯟꯁꯔꯁꯤꯡꯅ ꯅꯨꯃꯤꯠꯀꯤ ꯃꯉꯥꯜꯒꯤ ꯃꯈꯥ ꯄꯣꯟꯗꯕ ꯑꯗꯨꯅ ꯃꯔꯝ ꯑꯣꯏꯗꯨꯅ ꯃꯈꯣꯏ ꯑꯁꯤ ꯑꯌꯨꯛ ꯑꯃꯗꯤ ꯅꯨꯃꯤꯗꯥꯡꯒꯤ ꯊꯕꯛ ꯄꯥꯡꯊꯣꯛꯄꯁꯤꯡꯒꯤꯗꯃꯛ ꯆꯥꯟꯅꯩ꯫","ꯃꯥꯏꯀ꯭ꯔꯣ ꯋꯦ ꯕ    ꯔꯤ ꯃꯣ ꯠ    ꯁꯦꯟ ꯁꯤꯡ    ꯇꯦꯛꯅꯤ ꯛꯁꯤꯡ    ꯑꯁꯤ    ꯑꯏꯪ -ꯑ ꯁꯥ ,    ꯅꯣꯡ - ꯅꯨꯡꯁꯤꯠꯀꯤ    ꯐꯤꯕꯝ    ꯂꯣꯏꯅ ꯃꯛꯇ    ꯄꯥꯡꯊꯣꯛꯄ    ꯉꯝꯕ    ꯑꯗꯨ    ꯑꯣꯏ    ꯃꯔꯝꯗꯤ    ꯑꯀꯣꯏꯕꯒꯤ    ꯅꯨꯡꯁꯤꯠ    ꯑꯁꯤ    ꯍꯦꯟꯅ    ꯅꯦꯝꯕ    ꯐ꯭ꯔꯤ ꯀ꯭ꯋ ꯦꯟ ꯁꯤ ꯁꯤꯡꯗ    ꯂꯩꯕ    ꯃꯥꯏꯀ꯭ꯔꯣ ꯋꯦꯕ ꯁꯤꯡꯗ    ꯇ꯭ꯔꯥꯟꯁ ꯄꯔ ꯦꯟ ꯭ꯇ    ꯑꯦ ꯏ,    ꯃꯈꯣꯏ    ꯑꯁꯤ    ꯂꯩ ꯆꯤ ꯜ    ꯐꯥꯎꯗꯨꯅ    ꯆꯠ ꯂꯤ,    ꯑꯃꯗꯤ    ꯃꯥꯏꯀ꯭ꯔꯣ ꯋꯦ ꯕ    ꯁꯦꯟ ꯁꯔ ꯁꯤꯡꯅ    ꯅꯨꯃꯤꯠꯀꯤ    ꯃꯉꯥ ꯜꯒꯤ    ꯃꯈꯥ    ꯄꯣꯟ ꯗꯕ    ꯑꯗꯨꯅ    ꯃꯔꯝ    ꯑꯣꯏꯗꯨꯅ    ꯃꯈꯣꯏ    ꯑꯁꯤ    ꯑꯌꯨ ꯛ    ꯑꯃꯗꯤ    ꯅꯨꯃꯤ ꯗꯥꯡ ꯒꯤ    ꯊꯕꯛ    ꯄꯥꯡꯊꯣꯛ ꯄ ꯁꯤꯡꯒꯤꯗꯃꯛ    ꯆꯥꯟ ꯅꯩ꯫ ",285,84
385,ꯃꯍꯧꯁꯥꯒꯤ ꯑꯣꯏꯕ ꯅꯠꯇ꯭ꯔꯒ ꯍꯦꯟꯅ ꯐꯒꯠꯍꯜꯂꯕ ꯃꯑꯣꯡꯒꯤ ꯌꯨꯔꯥꯅꯤꯌꯝ ꯑꯁꯤ ꯅ꯭ꯌꯨꯀ꯭ꯂꯤꯌꯔ ꯐꯤꯁꯟꯒꯤꯗꯃꯛ ꯅ꯭ꯌꯨꯀ꯭ꯂꯤꯌꯔ ꯄꯥꯋꯔ ꯄ꯭ꯂꯥꯟ꯭ꯇꯁꯤꯡꯗ ꯐ꯭ꯌꯨꯑꯜ ꯑꯦꯏꯅ ꯇꯣꯏꯅ ꯁꯤꯖꯤꯟꯅꯩ꯫,ꯃꯍꯧꯁꯥꯒꯤ    ꯑꯣꯏꯕ    ꯅꯠꯇ꯭ꯔꯒ    ꯍꯦꯟꯅ    ꯐꯒꯠ ꯍꯜꯂꯕ    ꯃꯑꯣꯡꯒꯤ    ꯌꯨ ꯔꯥ ꯅꯤ ꯌꯝ    ꯑꯁꯤ    ꯅ꯭ꯌꯨ ꯀ꯭ꯂꯤ ꯌꯔ    ꯐꯤ ꯁꯟ ꯒꯤꯗꯃꯛ    ꯅ꯭ꯌꯨ ꯀ꯭ꯂꯤ ꯌꯔ    ꯄꯥꯋꯔ    ꯄ꯭ꯂꯥꯟ ꯭ꯇ ꯁꯤꯡꯗ    ꯐ ꯭ꯌꯨ ꯑ ꯜ    ꯑꯦ ꯏ ꯅ    ꯇꯣꯏꯅ    ꯁꯤꯖꯤꯟꯅꯩ꯫ ,111,34
386,"ꯃꯁꯤꯒꯤ ꯃꯊꯛꯇ, ꯅꯨꯡꯍꯋꯥꯏ ꯑꯁꯤ ꯉꯟꯅ ꯊꯣꯛꯍꯟꯈ꯭ꯔꯦ꯫","ꯃꯁꯤꯒꯤ    ꯃꯊꯛꯇ,    ꯅꯨꯡ ꯍ ꯋꯥꯏ    ꯑꯁꯤ    ꯉ ꯟꯅ    ꯊꯣꯛꯍꯟ ꯈ꯭ꯔꯦ꯫ ",33,10
387,ꯔꯦꯛꯀꯤꯡ ꯕꯦꯛ ꯃꯦꯊꯗ ꯑꯁꯤ ꯐꯛꯂꯥꯡꯒꯤ ꯃꯁꯥꯡ ꯄꯨꯝꯕ ꯑꯗꯨ ꯑꯃꯨꯛꯇꯪꯗ ꯁꯥꯕ ꯌꯥꯗ꯭ꯔꯀꯥꯟꯗ ꯀꯥꯟꯅꯩ꯫,ꯔꯦ ꯛꯀꯤ ꯡ    ꯕꯦꯛ    ꯃꯦ ꯊ ꯗ    ꯑꯁꯤ    ꯐꯛ ꯂꯥꯡ ꯒꯤ    ꯃꯁꯥ ꯡ    ꯄꯨ ꯝꯕ    ꯑꯗꯨ    ꯑꯃꯨ ꯛꯇ ꯪ ꯗ    ꯁꯥꯕ    ꯌꯥ ꯗ꯭ꯔ ꯀꯥꯟ ꯗ    ꯀꯥꯟ ꯅꯩ꯫ ,59,27
388,"ꯃꯁꯤꯅ ꯃꯔꯤꯂꯩꯅꯔꯤꯕ ꯄꯨꯝꯅꯃꯛꯄꯨ ꯍꯥꯔ ꯌꯥꯎꯗꯅ ꯂꯥꯎ-ꯁꯤꯡꯎꯕ ꯑꯃꯁꯨꯡ ꯂꯩꯕꯥꯛ ꯑꯃꯁꯨꯡ ꯑꯀꯣꯏꯕꯕꯨ ꯐꯒꯠꯍꯟꯕ, ꯍꯤꯡꯒꯠꯍꯟꯕ, ꯑꯃꯁꯨꯡ ꯍꯥꯟꯅꯒꯤ ꯃꯥꯑꯣꯡꯗ ꯑꯃꯨꯛ ꯍꯟꯅ ꯍꯟꯖꯟ ꯍꯟꯕ ꯃꯥꯑꯣꯡꯁꯤꯡ ꯌꯥꯎꯅ ꯍꯤꯗꯥꯛ- ꯌꯥꯎꯗꯕ ꯂꯧꯎ-ꯁꯤꯡꯎꯕꯗ ꯄꯨꯛꯅꯤꯡ ꯆꯤꯡꯁꯤꯜꯂꯤ꯫","ꯃꯁꯤꯅ    ꯃꯔꯤ ꯂꯩ ꯅꯔꯤꯕ    ꯄꯨꯝꯅ ꯃꯛꯄꯨ    ꯍꯥꯔ    ꯌꯥꯎꯗꯅ    ꯂꯥꯎ -ꯁꯤꯡ ꯎꯕ    ꯑꯃꯁꯨꯡ    ꯂꯩꯕꯥꯛ    ꯑꯃꯁꯨꯡ    ꯑꯀꯣꯏ ꯕꯕꯨ    ꯐꯒꯠ ꯍꯟ ꯕ,    ꯍꯤꯡꯒꯠ ꯍꯟ ꯕ,    ꯑꯃꯁꯨꯡ    ꯍꯥꯟꯅꯒꯤ    ꯃꯥ ꯑꯣ ꯡꯗ    ꯑꯃꯨꯛ    ꯍꯟꯅ    ꯍꯟ ꯖꯟ    ꯍꯟꯕ    ꯃꯥ ꯑꯣ ꯡꯁꯤꯡ    ꯌꯥꯎꯅ    ꯍꯤꯗꯥꯛ -    ꯌꯥꯎꯗꯕ    ꯂꯧꯎ-ꯁꯤꯡꯎ ꯕꯗ    ꯄꯨꯛꯅꯤꯡ    ꯆꯤꯡ ꯁꯤꯜꯂꯤ꯫ ",155,44
389,"ꯃꯊꯧ ꯇꯥꯕ ꯑꯏꯪ-ꯑꯁꯥꯒꯤ ꯆꯥꯡ ꯑꯁꯤ ꯑꯌꯨꯛ-ꯅꯨꯡꯊꯤꯜꯒꯤ ꯃꯇꯝꯗ ꯲꯴°-꯲꯷° ꯁꯦꯜꯁꯤꯌꯁꯅꯤ ꯑꯃꯗꯤ ꯅꯨꯃꯤꯗꯥꯡꯒꯤ ꯃꯇꯝꯗꯅ ꯱꯵°-꯱꯷° ꯁꯦꯜꯁꯤꯌꯁꯅꯤ, ꯈ꯭ꯋꯥꯏꯗꯒꯤ ꯆꯥꯅꯅ ꯂꯩꯐꯝ ꯊꯣꯛꯄ ꯑꯗꯨꯅ ꯆꯥꯗ ꯷꯵ꯒꯤ ꯔꯤꯂꯦꯇꯤꯕ ꯍ꯭ꯌꯨꯃꯤꯗꯤꯇꯤꯒ ꯂꯣꯏꯅꯅ ꯱꯵°-꯲꯷° ꯁꯦꯜꯁꯤꯌꯁ ꯑꯣꯏ꯫","ꯃꯊꯧ    ꯇꯥꯕ    ꯑꯏꯪ-ꯑꯁꯥꯒꯤ    ꯆꯥꯡ    ꯑꯁꯤ    ꯑꯌꯨ ꯛ- ꯅꯨꯡ ꯊꯤ ꯜꯒꯤ    ꯃꯇꯝꯗ    ꯲꯴ ° - ꯲꯷ °    ꯁꯦꯜ ꯁꯤꯌ ꯁ ꯅꯤ    ꯑꯃꯗꯤ    ꯅꯨꯃꯤ ꯗꯥꯡ ꯒꯤ    ꯃꯇꯝ ꯗꯅ    ꯱꯵ ° - ꯱꯷ °    ꯁꯦꯜ ꯁꯤꯌ ꯁ ꯅꯤ,    ꯈ꯭ꯋꯥꯏꯗꯒꯤ    ꯆꯥ ꯅꯅ    ꯂꯩꯐꯝ    ꯊꯣꯛꯄ    ꯑꯗꯨꯅ    ꯆꯥꯗ    ꯷ ꯵ꯒꯤ    ꯔꯤ ꯂꯦ ꯇꯤꯕ    ꯍ꯭ꯌꯨ ꯃꯤꯗꯤ ꯇꯤ ꯒ    ꯂꯣꯏꯅꯅ    ꯱꯵ ° - ꯲꯷ °    ꯁꯦꯜꯁꯤꯌꯁ    ꯑꯣꯏ꯫ ",161,59
390,"ꯊꯧꯔꯝ ꯀꯌꯥ ꯑꯃ ꯏꯟꯇꯔꯅꯦꯁꯅꯦꯜ ꯇ꯭ꯔꯦꯗ ꯁꯦꯟꯇꯔꯅ ꯄꯥꯡꯊꯣꯛꯂꯤ, ꯃꯗꯨꯅ ꯑꯄꯤꯛꯄ ꯂꯂꯣꯟꯕꯁꯤꯡ ꯑꯃꯗꯤ ꯑꯣꯟꯇ꯭ꯔꯄ꯭ꯔꯤꯅꯨꯌꯔꯁꯤꯡꯒꯤ ꯃꯊꯧꯇꯥꯕꯁꯤꯡꯗꯨ ꯃꯆꯪ ꯑꯣꯏꯅ ꯎꯠꯂꯤ ꯑꯃꯗꯤ ꯃꯈꯣꯏꯅ ꯆꯥꯎꯈꯠꯂꯛꯄꯗ ꯃꯈꯣꯏꯒꯤ ꯃꯇꯦꯡ ꯄꯤꯔꯤ, ꯍꯥꯏꯔꯕꯗ ꯑꯦꯝ ꯏ ꯑꯦꯟ ꯑꯦ ꯒꯤ ꯂꯝꯗꯝꯗ ꯅꯍꯥꯁꯤꯡꯒꯤ ꯗꯤꯖꯤꯇꯦꯜ ꯇ꯭ꯔꯦꯗ: ꯑꯣꯄꯣꯔꯆꯨꯅꯤꯇꯤꯁ, ꯑꯦꯁ ꯗꯤ ꯁꯤ ꯁꯤꯡꯒꯤ ꯐꯣꯇꯣ ꯑꯦꯛꯁꯍꯤꯕꯤꯁꯟꯒꯤ ꯑꯄꯤꯛꯄ ꯂꯂꯣꯟꯕꯁꯤꯡ, ꯁꯥꯟꯅꯈꯣꯠꯅꯕꯒꯤ ꯅꯍꯥ ꯑꯣꯏꯔꯤꯕ ꯑꯣꯟꯇ꯭ꯔꯄ꯭ꯔꯤꯅꯨꯌꯔꯁꯤꯡ ꯑꯃꯁꯨꯡ ꯅꯨꯄꯤꯁꯤꯡꯗ ꯁꯦꯜ ꯊꯥꯗꯕꯁꯤꯡ꯫","ꯊꯧꯔꯝ    ꯀꯌꯥ    ꯑꯃ    ꯏꯟꯇꯔꯅꯦꯁꯅꯦꯜ    ꯇ꯭ꯔꯦ ꯗ    ꯁꯦꯟ ꯇꯔ ꯅ    ꯄꯥꯡꯊꯣꯛ ꯂꯤ,    ꯃꯗꯨꯅ    ꯑꯄꯤꯛꯄ    ꯂꯂꯣꯟ ꯕꯁꯤꯡ    ꯑꯃꯗꯤ    ꯑꯣꯟ ꯇ꯭ꯔ ꯄ꯭ꯔꯤ ꯅꯨ ꯌꯔ ꯁꯤꯡꯒꯤ    ꯃ ꯊꯧ ꯇꯥ ꯕ ꯁꯤꯡꯗꯨ    ꯃꯆ ꯪ    ꯑꯣꯏꯅ    ꯎꯠꯂꯤ    ꯑꯃꯗꯤ    ꯃꯈꯣꯏꯅ    ꯆꯥꯎꯈꯠꯂꯛ ꯄꯗ    ꯃꯈꯣꯏꯒꯤ    ꯃꯇꯦꯡ    ꯄꯤ ꯔꯤ,    ꯍꯥꯏ ꯔ ꯕꯗ    ꯑꯦ ꯝ    ꯏ    ꯑꯦꯟ    ꯑꯦ    ꯒꯤ    ꯂꯝꯗꯝꯗ    ꯅ ꯍꯥ ꯁꯤꯡꯒꯤ    ꯗꯤꯖꯤꯇꯦꯜ    ꯇ꯭ꯔꯦ ꯗ :    ꯑꯣ ꯄꯣꯔ ꯆꯨ ꯅꯤ ꯇꯤ ꯁ,    ꯑꯦꯁ   ꯗꯤ    ꯁꯤ    ꯁꯤꯡꯒꯤ    ꯐꯣꯇꯣ    ꯑꯦꯛꯁ ꯍꯤ ꯕꯤ ꯁꯟꯒꯤ    ꯑꯄꯤꯛꯄ    ꯂꯂꯣꯟ ꯕꯁꯤꯡ,    ꯁꯥꯟꯅ ꯈꯣꯠ ꯅꯕꯒꯤ    ꯅꯍꯥ    ꯑꯣꯏꯔꯤꯕ    ꯑꯣꯟ ꯇ꯭ꯔ ꯄ꯭ꯔꯤ ꯅꯨ ꯌꯔ ꯁꯤꯡ    ꯑꯃꯁꯨꯡ    ꯅꯨꯄꯤ ꯁꯤꯡꯗ    ꯁꯦꯜ    ꯊꯥ ꯗꯕ ꯁꯤꯡ ꯫ ",293,93
391,"ꯃꯁꯤꯒꯤ ꯊꯧꯑꯣꯡ ꯑꯁꯤꯗ ꯁꯣꯜꯚꯦꯟ꯭ꯇ, ꯁꯦꯂꯦꯛꯇꯤꯕ ꯑꯦꯛꯁꯇ꯭ꯔꯦꯛꯇꯦꯟ꯭ꯇꯀꯤ ꯌꯥꯝꯅ ꯄꯤꯛꯄ ꯆꯥꯡꯁꯤꯡ ꯑꯃꯗꯤ ꯑꯦꯀ꯭ꯋꯤꯑꯁ ꯋꯦꯁꯠ ꯌꯥꯎꯕ ꯑꯣꯔꯒꯥꯅꯤꯛ ꯁ꯭ꯇ꯭ꯔꯤꯝ ꯑꯃ ꯀꯟꯅ ꯅꯤꯛꯍꯟꯗꯨꯅ ꯅꯛꯅ ꯊꯦꯡꯅꯍꯟꯗꯨꯅ ꯊꯝꯃꯤ꯫","ꯃꯁꯤꯒꯤ    ꯊꯧꯑꯣꯡ    ꯑꯁꯤꯗ    ꯁꯣ ꯜ ꯚꯦꯟ ꯭ ꯇ,    ꯁꯦ ꯂꯦꯛ ꯇꯤꯕ    ꯑꯦꯛ ꯁꯇ꯭ꯔꯦ ꯛꯇ ꯦꯟ ꯭ꯇ ꯀꯤ    ꯌꯥꯝꯅ    ꯄꯤꯛꯄ    ꯆꯥꯡ ꯁꯤꯡ    ꯑꯃꯗꯤ    ꯑꯦ ꯀ꯭ꯋꯤ ꯑ ꯁ    ꯋꯦꯁꯠ    ꯌꯥꯎꯕ    ꯑꯣꯔ ꯒꯥ ꯅꯤꯛ    ꯁ꯭ꯇ꯭ꯔꯤ ꯝ    ꯑꯃ    ꯀꯟꯅ    ꯅꯤ ꯛ ꯍꯟꯗꯨꯅ    ꯅ ꯛꯅ    ꯊꯦꯡꯅ ꯍꯟꯗꯨꯅ    ꯊꯝꯃꯤ꯫ ",126,43
392,ꯁꯤꯖꯤꯌꯝ ꯒ꯭ꯂꯥꯁ ꯌꯥꯎꯕ ꯗꯤꯁꯄꯦꯟꯁꯔ ꯑꯁꯤ ꯄꯦꯟꯁꯤꯜ ꯑꯃꯃꯝꯗ ꯁꯤꯖꯤꯌꯝ ꯒ꯭ꯂꯥꯁ ꯆꯞꯆꯥꯅ ꯂꯥꯛꯁꯤꯟꯕꯒ ꯂꯣꯏꯅꯅ ꯁꯤ,ꯁꯤ ꯖꯤ ꯌꯝ    ꯒ꯭ꯂꯥ ꯁ    ꯌꯥꯎꯕ    ꯗꯤꯁ ꯄꯦꯟ ꯁꯔ    ꯑꯁꯤ    ꯄꯦꯟ ꯁꯤꯜ    ꯑꯃꯃꯝꯗ    ꯁꯤ ꯖꯤ ꯌꯝ    ꯒ꯭ꯂꯥ ꯁ    ꯆ ꯞ ꯆꯥꯅ    ꯂꯥꯛ ꯁꯤꯟ ꯕꯒ    ꯂꯣꯏꯅꯅ    ꯁꯤ ,68,26
393,ꯑꯦꯁ,ꯑꯦꯁ,3,1
394,ꯒ꯭ꯂꯥꯁ ꯄꯦꯟꯁꯤꯜꯁꯤꯡ ꯁꯥꯅꯕꯒꯤꯗꯃꯛ ꯁꯦꯝꯂꯕ ꯑꯗꯨ ꯑꯃꯨꯛ ꯍꯟꯅ ꯁꯧꯗꯣꯛꯄꯒꯤ ꯂꯩꯔꯨꯡꯗ ꯇꯣꯉꯥꯟꯅ ꯄꯥꯟꯈꯠꯂꯤ꯫,ꯒ꯭ꯂꯥ ꯁ    ꯄꯦꯟ ꯁꯤ ꯜꯁꯤꯡ    ꯁꯥ ꯅꯕꯒꯤꯗꯃꯛ    ꯁꯦꯝ ꯂꯕ    ꯑꯗꯨ    ꯑꯃꯨꯛ    ꯍꯟꯅ    ꯁꯧ ꯗꯣꯛ ꯄꯒꯤ    ꯂꯩ ꯔ ꯨꯡꯗ    ꯇꯣꯉꯥꯟꯅ    ꯄꯥꯟ ꯈꯠ ꯂꯤ꯫ ,66,22
395,"ꯃꯁꯤꯒꯤ ꯃꯊꯛꯇ, ꯊꯥꯖꯅꯉꯥꯏ ꯑꯣꯏꯕ ꯑꯃꯗꯤ ꯃꯇꯝ ꯆꯥꯅ ꯆꯥꯎꯔꯥꯛꯄ ꯆꯥꯡ ꯄꯥꯕꯁꯤꯡ ꯑꯃꯁꯨꯡ ꯀꯨꯝꯒꯤ ꯑꯣꯏꯕ ꯃꯍꯩ-ꯃꯔꯣꯡꯒꯤ ꯑꯦꯀꯔꯗ ꯑꯣꯟꯕ ꯑꯄꯥꯛꯄ ꯑꯃꯗꯤ ꯄꯨꯊꯣꯛꯄꯒꯤ ꯆꯥꯎꯔꯥꯛꯄꯁꯤꯡ ꯑꯁꯤ ꯃꯤꯔꯝꯗ ꯄꯣꯠ ꯊꯥꯕ/ꯃꯤꯔꯝꯗꯒꯤ ꯄꯣꯠ ꯄꯨꯁꯤꯜꯂꯛꯄ, ꯃꯃꯜ ꯂꯦꯞꯄ ꯑꯃꯗꯤ ꯃꯤꯌꯥꯝꯗ ꯌꯦꯟꯊꯣꯛꯄꯒꯨꯝꯕ ꯃꯥꯔꯀꯦꯇꯤꯡ ꯁ꯭ꯇ꯭ꯔꯦꯇꯤꯖꯤꯁꯤꯡꯒꯤ ꯁꯦꯝꯒꯠꯄꯗ ꯃꯔꯨ ꯑꯣꯏ꯫","ꯃꯁꯤꯒꯤ    ꯃꯊꯛꯇ,    ꯊꯥꯖ ꯅ ꯉꯥꯏ    ꯑꯣꯏꯕ    ꯑꯃꯗꯤ    ꯃꯇꯝ    ꯆꯥꯅ    ꯆꯥꯎꯔꯥꯛ ꯄ    ꯆꯥꯡ    ꯄꯥ ꯕꯁꯤꯡ    ꯑꯃꯁꯨꯡ    ꯀꯨꯝ ꯒꯤ    ꯑꯣꯏꯕ    ꯃꯍꯩ-ꯃꯔꯣꯡ ꯒꯤ    ꯑꯦ ꯀ ꯔꯗ    ꯑꯣ ꯟꯕ    ꯑ ꯄꯥꯛꯄ    ꯑꯃꯗꯤ    ꯄꯨꯊꯣꯛ ꯄꯒꯤ    ꯆꯥꯎꯔꯥꯛ ꯄꯁꯤꯡ    ꯑꯁꯤ    ꯃꯤꯔ ꯝꯗ    ꯄꯣꯠ    ꯊꯥ ꯕ / ꯃꯤ ꯔꯝ ꯗꯒꯤ    ꯄꯣꯠ    ꯄꯨ ꯁꯤꯜꯂ ꯛꯄ ,    ꯃꯃꯜ    ꯂꯦꯞꯄ    ꯑꯃꯗꯤ    ꯃꯤꯌꯥꯝꯗ    ꯌꯦꯟ ꯊꯣꯛ ꯄ ꯒꯨꯝꯕ    ꯃꯥꯔ ꯀꯦ ꯇꯤꯡ    ꯁ꯭ꯇ꯭ꯔꯦ ꯇꯤ ꯖꯤ ꯁꯤꯡꯒꯤ    ꯁꯦꯝꯒꯠ ꯄꯗ    ꯃꯔꯨ    ꯑꯣꯏ꯫ ",206,66
396,"ꯂꯧꯎ ꯁꯤꯡꯎꯕ (ꯄꯔꯤꯡꯒꯤ ꯁꯤꯖꯤꯟꯅꯕ ꯃꯑꯣꯡ) ꯑꯃꯁꯨꯡ ꯐꯒꯠꯂꯕ ꯃꯍꯩ ꯃꯔꯣꯡꯒꯤ ꯊꯩꯁꯤꯡ ꯊꯩꯔꯥꯡꯒꯤ (ꯑꯌꯨꯡꯕ ꯁꯤꯖꯤꯟꯅꯕ ꯃꯑꯣꯡ) ꯇꯦꯛꯅꯣꯂꯣꯖꯤꯁꯤꯡ ꯍꯥꯏꯔꯕꯗ ꯄꯣꯠꯊꯣꯛ ꯌꯥꯝꯅ ꯊꯣꯛꯄ, ꯊꯥꯕꯗ ꯍꯧꯒꯟꯕ, ꯁꯛꯇꯤ ꯌꯥꯝꯅ ꯂꯩꯕ ꯑꯃꯗꯤ ꯅꯨꯡꯁꯤꯠ ꯅꯨꯡꯁꯥ ꯈꯥꯡꯕ ꯉꯝꯕ ꯃꯈꯜꯁꯤꯡ, ꯏꯈꯣꯡ ꯍꯦꯟꯒꯠꯄ ꯑꯃꯁꯨꯡ ꯃꯍꯩ ꯃꯔꯣꯡꯒꯤ ꯀꯥꯅꯕ ꯑꯃꯗꯤ ꯉꯥꯛꯁꯦꯅꯕꯒꯤ ꯑꯄꯨꯟꯕꯅ ꯃꯍꯩ ꯃꯔꯣꯡ ꯄꯨꯊꯣꯛꯄꯗ ꯆꯥꯎꯅ ꯍꯦꯟꯒꯠꯍꯟꯕ ꯑꯁꯤ ꯑꯣꯏꯊꯣꯛꯍꯟꯕ ꯌꯥꯏ꯫","ꯂꯧꯎ   ꯁꯤꯡ ꯎꯕ    ( ꯄꯔꯤ ꯡꯒꯤ    ꯁꯤꯖꯤꯟꯅꯕ    ꯃꯑꯣꯡ )    ꯑꯃꯁꯨꯡ    ꯐꯒꯠ ꯂꯕ    ꯃꯍꯩ    ꯃꯔ ꯣꯡ ꯒꯤ    ꯊꯩ ꯁꯤꯡ    ꯊꯩ ꯔꯥꯡ ꯒꯤ    ( ꯑ ꯌ ꯨꯡ ꯕ    ꯁꯤꯖꯤꯟꯅꯕ    ꯃꯑꯣꯡ )    ꯇꯦꯛꯅꯣ ꯂꯣꯖꯤ ꯁꯤꯡ    ꯍꯥꯏ ꯔ ꯕꯗ    ꯄꯣꯠꯊꯣꯛ    ꯌꯥꯝꯅ    ꯊꯣꯛ ꯄ,    ꯊꯥ ꯕꯗ    ꯍꯧ ꯒꯟ ꯕ,    ꯁꯛꯇꯤ    ꯌꯥꯝꯅ    ꯂꯩꯕ    ꯑꯃꯗꯤ    ꯅꯨꯡꯁꯤꯠ    ꯅꯨꯡ ꯁꯥ    ꯈ ꯥꯡꯕ    ꯉꯝꯕ    ꯃꯈ ꯜ ꯁꯤꯡ,    ꯏ ꯈꯣꯡ    ꯍꯦꯟꯒꯠ ꯄ    ꯑꯃꯁꯨꯡ    ꯃꯍꯩ    ꯃꯔ ꯣꯡ ꯒꯤ    ꯀꯥ ꯅꯕ    ꯑꯃꯗꯤ    ꯉꯥꯛ ꯁꯦ ꯅꯕꯒꯤ    ꯑ ꯄꯨꯟ ꯕꯅ    ꯃꯍꯩ    ꯃꯔ ꯣꯡ    ꯄꯨꯊꯣꯛ ꯄꯗ    ꯆꯥꯎꯅ    ꯍꯦꯟꯒꯠ ꯍꯟꯕ    ꯑꯁꯤ    ꯑꯣꯏ ꯊꯣꯛꯍꯟꯕ    ꯌꯥꯏ꯫ ",248,87
397,ꯒꯤꯌꯥꯔꯁꯤꯐꯠ ꯂꯤꯕꯔ ꯑꯁꯤ ꯃꯃꯥꯡꯒꯤ ꯁꯤꯠ ꯑꯅꯤ ꯑꯗꯨꯒꯤ ꯃꯔꯛꯇ ꯁꯦꯟꯇꯔ ꯀꯟꯁꯣꯜꯒꯤ ꯃꯊꯛꯇ ꯊꯝꯃꯤ꯫,ꯒꯤ ꯌꯥ ꯔꯁꯤ ꯐꯠ    ꯂꯤ ꯕꯔ    ꯑꯁꯤ    ꯃꯃꯥꯡꯒꯤ    ꯁꯤꯠ    ꯑꯅꯤ    ꯑꯗꯨꯒꯤ    ꯃꯔꯛꯇ    ꯁꯦꯟꯇꯔ    ꯀꯟ ꯁꯣ ꯜꯒꯤ    ꯃꯊꯛꯇ    ꯊꯝꯃꯤ꯫ ,58,18
398,ꯑꯗꯨꯕꯨ ꯑꯍꯣꯡꯕ ꯑꯁꯤ ꯇꯦꯛꯅꯣꯂꯣꯖꯤ ꯈꯛꯇ ꯃꯔꯝ ꯑꯣꯏꯅ ꯂꯧꯕ ꯑꯁꯤ ꯂꯥꯟꯒꯅꯤ꯫,ꯑꯗꯨꯕꯨ    ꯑꯍꯣꯡꯕ    ꯑꯁꯤ    ꯇꯦꯛꯅꯣ ꯂꯣꯖꯤ    ꯈꯛꯇ    ꯃꯔꯝ    ꯑꯣꯏꯅ    ꯂꯧꯕ    ꯑꯁꯤ    ꯂꯥꯟ ꯒꯅꯤ꯫ ,45,12
399,ꯍꯥꯏꯔꯤꯕ ꯄꯦꯔꯥꯃꯤꯇꯔ ꯈꯨꯗꯤꯡꯃꯛꯀꯤ ꯏꯟꯗꯤꯀꯦꯇꯔꯁꯤꯡ ꯄꯨꯟꯁꯤꯟꯗꯨꯅ ꯔꯥꯖ꯭ꯌ ꯑꯃꯃꯝꯗ ꯂꯩꯕ ꯐꯦꯁꯤꯂꯤꯇꯤꯁꯤꯡꯒꯤ ꯐꯕꯒꯤ ꯆꯥꯡꯒꯤꯗꯃꯛ ꯀ꯭ꯋꯥꯂꯤꯇꯦꯇꯤꯕ ꯒ꯭ꯔꯦꯗ ꯑꯃꯥ ꯁꯥꯒꯠꯈꯤ꯫,ꯍꯥꯏꯔꯤꯕ    ꯄꯦꯔꯥ ꯃꯤꯇꯔ    ꯈꯨꯗꯤꯡꯃꯛꯀꯤ    ꯏꯟꯗꯤ ꯀꯦ ꯇꯔꯁꯤꯡ    ꯄꯨꯟ ꯁꯤꯟꯗꯨꯅ    ꯔꯥꯖ꯭ꯌ    ꯑꯃꯃꯝꯗ    ꯂꯩꯕ    ꯐꯦ ꯁꯤ ꯂꯤ ꯇꯤ ꯁꯤꯡꯒꯤ    ꯐ ꯕꯒꯤ    ꯆꯥꯡ ꯒꯤꯗꯃꯛ    ꯀ꯭ꯋꯥ ꯂꯤ ꯇꯦ ꯇꯤꯕ    ꯒ꯭ꯔꯦ ꯗ    ꯑꯃꯥ    ꯁꯥꯒꯠ ꯈꯤ꯫ ,107,30
400,"ꯃꯁꯤꯒꯤ ꯀꯦꯂꯤꯄꯔꯁꯤꯡ ꯑꯁꯤ ꯑꯁꯥꯡꯕ, ꯃꯄꯥꯟ ꯑꯃꯁꯨꯡ ꯃꯅꯨꯡꯒꯤ ꯗꯥꯏꯃꯦꯇꯔꯁꯤꯡ ꯑꯣꯟꯕꯗ ꯁꯤꯖꯤꯟꯅꯕ ꯌꯥꯏ꯫","ꯃꯁꯤꯒꯤ    ꯀꯦꯂꯤ ꯄꯔ ꯁꯤꯡ    ꯑꯁꯤ    ꯑ ꯁꯥꯡ ꯕ,    ꯃꯄꯥꯟ    ꯑꯃꯁꯨꯡ    ꯃꯅꯨꯡꯒꯤ    ꯗꯥꯏ ꯃꯦ ꯇꯔꯁꯤꯡ    ꯑꯣꯟ ꯕꯗ    ꯁꯤꯖꯤꯟꯅꯕ    ꯌꯥꯏ꯫ ",64,18
401,ꯆꯦꯛꯁꯤꯡ ꯑꯁꯤ ꯆꯦꯛ-ꯅꯨꯡ ꯆꯟꯕꯒꯤ ꯊꯕꯛꯇ ꯁꯤꯖꯤꯟꯅꯗ꯭ꯔꯤꯉꯩ ꯃꯃꯥꯡꯗ ꯀꯟꯕꯒꯤ ꯆꯥꯡ ꯑꯃꯁꯨꯡ ꯀꯨꯏꯅ ꯆꯠꯄꯒꯤ ꯆꯥꯡꯒꯤꯗꯃꯛ ꯆꯥꯡꯌꯦꯡ ꯇꯧꯒꯗꯕꯅꯤ꯫,ꯆꯦ ꯛꯁꯤꯡ    ꯑꯁꯤ    ꯆꯦꯛ - ꯅꯨꯡ    ꯆꯟ ꯕꯒꯤ    ꯊꯕ ꯛꯇ    ꯁꯤꯖꯤꯟꯅ ꯗ꯭ꯔꯤꯉꯩ    ꯃꯃꯥꯡꯗ    ꯀꯟ ꯕꯒꯤ    ꯆꯥꯡ    ꯑꯃꯁꯨꯡ    ꯀꯨꯏꯅ    ꯆꯠꯄꯒꯤ    ꯆꯥꯡ ꯒꯤꯗꯃꯛ    ꯆꯥꯡꯌꯦꯡ    ꯇꯧ ꯒꯗꯕꯅꯤ꯫ ,86,24
402,ꯍꯋꯥꯏ-ꯆꯦꯡꯋꯥꯏꯒꯤ ꯃꯃꯜꯒꯤ ꯄ꯭ꯔꯦꯁꯔ ꯑꯁꯤ ꯈꯔꯤꯐ ꯐꯧꯒꯤ ꯄꯣꯠꯊꯣꯛ ꯍꯟꯊꯔꯛꯄ ꯌꯥꯕ ꯑꯁꯤꯅ ꯃꯔꯝ ꯑꯣꯏꯗꯨꯅ ꯒꯦꯍꯨꯗꯒꯤ ꯆꯦꯡꯗ ꯁꯟꯗꯣꯛꯂꯤ꯫,ꯍꯋꯥꯏ -ꯆꯦ ꯡ ꯋꯥꯏ ꯒꯤ    ꯃꯃ ꯜꯒꯤ    ꯄ꯭ꯔꯦꯁ ꯔ    ꯑꯁꯤ    ꯈ ꯔꯤ ꯐ    ꯐ ꯧ ꯒꯤ    ꯄꯣꯠꯊꯣꯛ    ꯍꯟꯊ ꯔꯛꯄ    ꯌꯥꯕ    ꯑꯁꯤꯅ    ꯃꯔꯝ    ꯑꯣꯏꯗꯨꯅ    ꯒꯦ ꯍꯨ ꯗꯒꯤ    ꯆꯦ ꯡꯗ    ꯁꯟꯗꯣꯛ ꯂꯤ꯫ ,82,30
403,ꯚꯥꯔꯠꯀꯤ ꯁꯔꯀꯥꯔ ꯑꯃꯗꯤ ꯑꯇꯩ ꯁ꯭ꯇꯦꯛꯍꯣꯜꯗꯔꯁꯤꯡꯅ ꯂꯧꯈꯠꯄ ꯆꯡꯊꯧꯕ ꯊꯧꯔꯥꯡꯁꯤꯡꯅ ꯃꯔꯝ ꯑꯣꯏꯗꯨꯅ ꯑꯥꯌꯨꯔꯋꯦꯗꯥ ꯑꯁꯤ ꯄꯣꯠ ꯄꯥꯛ ꯁꯟꯅ ꯂꯩꯔꯤꯕ ꯃꯤꯑꯣꯏꯁꯤꯡꯅ ꯄꯥꯝꯅꯔꯛꯇꯨꯅ ꯁꯟꯗꯣꯛꯄꯒ ꯂꯣꯏꯅꯅ ꯄꯥꯛꯊꯣꯛ-ꯆꯥꯎꯊꯣꯛꯈ꯭ꯔꯦ꯫,ꯚꯥꯔꯠꯀꯤ    ꯁꯔꯀꯥꯔ   ꯑꯃꯗꯤ    ꯑꯇꯩ    ꯁ꯭ꯇꯦ ꯛ ꯍꯣꯜ ꯗꯔ ꯁꯤꯡꯅ    ꯂꯧꯈꯠ ꯄ    ꯆꯡ ꯊꯧꯕ    ꯊꯧꯔꯥꯡ ꯁꯤꯡꯅ    ꯃꯔꯝ    ꯑꯣꯏꯗꯨꯅ    ꯑꯥ ꯌꯨ ꯔ ꯋꯦ ꯗꯥ    ꯑꯁꯤ    ꯄꯣꯠ    ꯄꯥꯛ    ꯁꯟꯅ    ꯂꯩꯔꯤꯕ    ꯃꯤꯑꯣꯏꯁꯤꯡꯅ    ꯄꯥꯝ ꯅꯔ ꯛꯇꯨꯅ    ꯁꯟꯗꯣꯛ ꯄꯒ    ꯂꯣꯏꯅꯅ    ꯄꯥꯛ ꯊꯣꯛ- ꯆꯥꯎ ꯊꯣꯛ ꯈ꯭ꯔꯦ꯫ ,134,39
404,"ꯃꯁꯤꯒꯤ ꯃꯊꯛꯇ, ꯊꯦꯔꯥꯄ꯭ꯌꯨꯇꯤꯛ ꯑꯣꯏꯅ ꯁꯤꯖꯤꯟꯅꯕꯁꯤꯡ ꯌꯥꯎꯗꯅ, ꯃꯁꯤ ꯁꯤꯖꯤꯟꯅꯔꯤꯉꯩ ꯃꯅꯨꯡꯗ ꯔꯦꯗꯤꯑꯣꯑꯦꯛꯇꯤꯕꯤꯇꯤ ꯊꯧꯑꯣꯏꯅ ꯅꯠꯇꯅ ꯊꯥꯗꯣꯛꯄ ꯑꯃꯠꯇ ꯊꯣꯛꯇꯅꯕ ꯔꯦꯗꯤꯑꯣꯑꯥꯏꯁꯣꯇꯣꯞ ꯑꯁꯤ ꯅꯟ-ꯂꯤꯆꯦꯕꯜ ꯐꯣꯔꯝ ꯑꯃꯗ ꯑꯣꯟꯊꯣꯛꯀꯗꯕꯅꯤ꯫","ꯃꯁꯤꯒꯤ    ꯃꯊꯛꯇ,    ꯊꯦ ꯔꯥ ꯄ ꯭ꯌꯨ ꯇꯤꯛ    ꯑꯣꯏꯅ    ꯁꯤꯖꯤꯟ ꯅꯕꯁꯤꯡ    ꯌꯥꯎ ꯗꯅ,    ꯃꯁꯤ    ꯁꯤꯖꯤꯟꯅ ꯔꯤꯉꯩ    ꯃꯅꯨꯡꯗ    ꯔꯦ ꯗꯤꯑꯣ ꯑꯦꯛ ꯇꯤ ꯕꯤ ꯇꯤ    ꯊꯧ ꯑꯣꯏꯅ    ꯅꯠꯇꯅ    ꯊꯥꯗꯣꯛꯄ    ꯑꯃꯠꯇ    ꯊꯣꯛ ꯇ ꯅꯕ    ꯔꯦ ꯗꯤꯑꯣ ꯑꯥꯏ ꯁꯣ ꯇꯣꯞ    ꯑꯁꯤ    ꯅ ꯟ- ꯂꯤ ꯆꯦ ꯕꯜ    ꯐꯣꯔꯝ    ꯑꯃꯗ    ꯑꯣꯟ ꯊꯣꯛ ꯀ ꯗꯕꯅꯤ꯫ ",145,47
405,"ꯔꯦꯗꯤꯑꯣꯑꯥꯏꯁꯣꯇꯣꯞ ꯑꯃ ꯁꯤꯖꯤꯟꯅꯕꯒꯤꯔꯣꯝꯗ, ꯈ꯭ꯋꯥꯏꯗꯒꯤ ꯏꯍꯥꯟ-ꯍꯥꯟꯅ, ꯃꯁꯤ ꯔꯦꯗꯤꯑꯣ-ꯀꯦꯃꯤꯀꯦꯜꯂꯤ ꯄ꯭ꯌꯣꯔ ꯑꯣꯏꯕ ꯃꯑꯣꯡꯗ ꯑꯩꯆ","ꯔꯦ ꯗꯤꯑꯣ ꯑꯥꯏ ꯁꯣ ꯇꯣꯞ    ꯑꯃ    ꯁꯤꯖꯤꯟꯅꯕ ꯒꯤ ꯔꯣ ꯝ ꯗ,    ꯈ꯭ꯋꯥꯏꯗꯒꯤ    ꯏ ꯍꯥꯟ - ꯍꯥꯟ ꯅ,    ꯃꯁꯤ    ꯔꯦ ꯗꯤꯑꯣ - ꯀꯦꯃꯤ ꯀꯦ ꯜꯂꯤ    ꯄ ꯭ꯌꯣ ꯔ    ꯑꯣꯏꯕ    ꯃꯑꯣꯡꯗ    ꯑꯩ ꯆ ",84,31
406,ꯑꯦꯜ,ꯑꯦꯜ ,3,1
407,ꯑꯦꯜ,ꯑꯦꯜ ,3,1
408,ꯗꯕꯜꯌꯨ,ꯗꯕꯜ ꯌꯨ ,5,2
409,ꯗꯒꯤ ꯇꯣꯈꯥꯏꯒꯗꯕꯅꯤ꯫,ꯗꯒꯤ    ꯇꯣꯈꯥꯏ ꯒꯗꯕꯅꯤ꯫ ,14,3
410,"ꯀ꯭ꯔꯦꯗꯤꯠ ꯔꯦꯀ꯭ꯋꯤꯖꯤꯁꯟ ꯑꯁꯤꯗ ꯄꯥꯝꯂꯤꯕ ꯄꯣꯠꯊꯣꯛꯁꯤꯡ ꯑꯗꯨꯒꯤ ꯃꯔꯣꯜ, ꯑꯣꯏꯊꯣꯛꯄ ꯌꯥꯕ ꯄꯣꯠꯌꯣꯟꯕꯁꯤꯡꯒꯤ ꯑꯀꯨꯞꯄ ꯃꯔꯣꯜꯁꯤꯡ, ꯗꯦꯂꯤꯚꯔꯤꯒꯤ ꯂꯝꯖꯤꯡ ꯂꯝꯇꯥꯛꯁꯤꯡ, ꯍꯤꯁꯥꯕꯀꯤ ꯑꯀꯨꯞꯄ ꯃꯔꯣꯜꯁꯤꯡ, ꯄꯥꯎ ꯐꯥꯎꯅꯅꯕꯒꯤ ꯃꯔꯣꯜ, ꯑꯁꯤꯅꯆꯤꯡꯕ ꯌꯥꯎꯋꯤ꯫","ꯀ꯭ꯔꯦꯗꯤꯠ    ꯔꯦ ꯀ꯭ꯋꯤ ꯖꯤ ꯁꯟ    ꯑꯁꯤꯗ    ꯄꯥꯝꯂꯤꯕ    ꯄꯣꯠꯊꯣꯛ ꯁꯤꯡ    ꯑꯗꯨꯒꯤ    ꯃꯔꯣ ꯜ,    ꯑꯣꯏꯊꯣꯛꯄ    ꯌꯥꯕ    ꯄꯣꯠ ꯌꯣꯟ ꯕꯁꯤꯡꯒꯤ    ꯑꯀꯨꯞꯄ    ꯃꯔꯣ ꯜ ꯁꯤꯡ,    ꯗꯦ ꯂꯤ ꯚ ꯔꯤꯒꯤ    ꯂꯝꯖꯤꯡ    ꯂꯝꯇꯥꯛ ꯁꯤꯡ,    ꯍꯤ ꯁꯥ ꯕꯀꯤ    ꯑꯀꯨꯞꯄ    ꯃꯔꯣ ꯜ ꯁꯤꯡ,    ꯄꯥꯎ    ꯐꯥꯎ ꯅ ꯅꯕꯒꯤ    ꯃꯔꯣ ꯜ,    ꯑꯁꯤꯅꯆꯤꯡꯕ    ꯌꯥꯎꯋꯤ꯫ ",154,43
411,ꯃꯁꯤ ꯏꯟꯇꯔꯅꯦꯠꯀꯤ ꯈꯨꯠꯊꯥꯡꯗ ꯂꯂꯣꯟꯄꯣꯠꯁꯤꯡ ꯑꯃꯗꯤ ꯁꯔꯕꯤꯁꯁꯤꯡ ꯌꯣꯟꯕ ꯑꯗꯨꯕꯨꯅꯤ꯫,ꯃꯁꯤ    ꯏꯟꯇꯔ ꯅꯦ ꯠꯀꯤ    ꯈꯨꯠꯊꯥꯡꯗ    ꯂꯂꯣꯟ ꯄꯣꯠꯁꯤꯡ    ꯑꯃꯗꯤ    ꯁꯔꯕꯤ ꯁꯁꯤꯡ    ꯌꯣꯟꯕ    ꯑꯗꯨꯕꯨ ꯅꯤ꯫ ,53,13
412,"ꯃꯁꯤꯒꯤ ꯃꯇꯨꯡ ꯏꯟꯅ, ꯄꯤꯁꯤꯜꯂꯕ ꯋꯥꯔꯣꯜ ꯑꯗꯨ ꯒꯨꯖꯔꯥꯠꯀꯤ ꯐꯝꯅꯥꯏꯕꯁꯤꯡꯗ ꯊꯥꯈꯤ꯫","ꯃꯁꯤꯒꯤ    ꯃꯇꯨꯡ    ꯏꯟꯅ,    ꯄꯤ ꯁꯤꯜꯂꯕ    ꯋꯥꯔꯣꯜ    ꯑꯗꯨ    ꯒꯨꯖꯔꯥꯠꯀꯤ    ꯐꯝ ꯅꯥꯏ ꯕꯁꯤꯡꯗ    ꯊꯥꯈꯤ꯫ ",51,12
413,"ꯆꯥꯏꯜꯗ ꯃꯦꯔꯤꯑꯦꯖ ꯔꯦꯁꯇ꯭ꯔꯦꯟ꯭ꯇ ꯑꯦꯛ, ꯱꯹꯷꯸ꯅ ꯂꯨꯍꯣꯡꯕꯒꯤ ꯑꯥꯏꯟꯅ ꯌꯥꯕ ꯆꯍꯤ ꯑꯁꯤ ꯅꯨꯄꯤꯃꯆꯥꯁꯤꯡꯒꯤꯅ ꯱꯸ ꯑꯃꯗꯤ ꯅꯨꯄꯥꯃꯆꯥꯁꯤꯡꯒꯤꯅ ꯲꯱ ꯍꯥꯏꯅ ꯂꯦꯞꯄꯤ ꯑꯗꯨꯕꯨ ꯈꯨꯟꯅꯥꯏꯒꯤ ꯆꯠꯅꯕꯤꯁꯤꯡꯅ ꯍꯧꯖꯤꯛꯐꯥꯎꯕ ꯉꯟꯅ ꯂꯨꯍꯣꯡꯕ ꯑꯁꯤ ꯊꯧꯒꯠꯂꯤ꯫","ꯆꯥꯏ ꯜꯗ    ꯃꯦꯔꯤ ꯑꯦ ꯖ    ꯔꯦꯁ ꯇ꯭ꯔ ꯦꯟ ꯭ꯇ    ꯑꯦꯛ ,    ꯱꯹꯷ ꯸ ꯅ    ꯂꯨꯍꯣꯡꯕꯒꯤ    ꯑꯥꯏꯟꯅ    ꯌꯥꯕ    ꯆꯍꯤ    ꯑꯁꯤ    ꯅꯨꯄꯤ ꯃꯆꯥ ꯁꯤꯡ ꯒꯤ ꯅ    ꯱꯸    ꯑꯃꯗꯤ    ꯅꯨꯄꯥ ꯃꯆꯥ ꯁꯤꯡ ꯒꯤ ꯅ    ꯲ ꯱    ꯍꯥꯏꯅ    ꯂꯦꯞ ꯄꯤ    ꯑꯗꯨꯕꯨ    ꯈꯨꯟꯅꯥꯏꯒꯤ    ꯆꯠꯅꯕꯤ ꯁꯤꯡꯅ    ꯍꯧꯖꯤꯛ ꯐꯥꯎꯕ    ꯉ ꯟꯅ    ꯂꯨꯍꯣꯡꯕ    ꯑꯁꯤ    ꯊꯧꯒꯠ ꯂꯤ꯫ ",146,48
414,"ꯑꯗꯨꯝ ꯑꯣꯏꯅꯃꯛ, ꯕꯤ","ꯑꯗꯨꯝ    ꯑꯣꯏꯅꯃꯛ,    ꯕꯤ ",13,3
415,ꯑꯦꯁ,ꯑꯦꯁ,3,1
416,ꯑꯦꯟ,ꯑꯦꯟ ,3,1
417,ꯑꯦꯜ,ꯑꯦꯜ ,3,1
418,"ꯑꯁꯤꯗ ꯅꯤꯌꯝ ꯉꯥꯛꯄ ꯁꯤꯕꯤꯜ ꯂꯥꯏꯑꯦꯕꯤꯂꯤ ꯅꯝꯗꯨꯅ ꯊꯝꯅꯕ ꯑꯥꯏꯟꯒꯤ, ꯅꯤꯌꯝꯒꯤ ꯑꯣꯏꯕ, ꯅꯠꯇ꯭ꯔꯒ ꯄꯨꯂꯤꯁꯀꯤ ꯁꯛꯇꯤ ꯑꯃꯠꯇ ꯂꯩꯇꯦ꯫","ꯑꯁꯤꯗ    ꯅꯤ ꯌꯝ    ꯉꯥꯛ ꯄ    ꯁꯤ ꯕꯤꯜ    ꯂꯥꯏ ꯑꯦ ꯕꯤ ꯂꯤ    ꯅꯝ ꯗꯨꯅ    ꯊꯝꯅꯕ    ꯑꯥꯏ ꯟ ꯒꯤ,    ꯅꯤꯌ ꯝꯒꯤ    ꯑꯣꯏꯕ,    ꯅꯠꯇ꯭ꯔꯒ    ꯄꯨꯂꯤ ꯁꯀꯤ    ꯁꯛꯇꯤ    ꯑꯃꯠꯇ    ꯂꯩꯇꯦ꯫ ",79,26
419,"ꯍꯥꯟꯅ ꯄꯟꯈꯤꯕ ꯃꯔꯝꯁꯤꯡ ꯑꯁꯤꯅ, ꯇ꯭ꯔꯤꯕꯨꯅꯦꯜꯅ ꯑꯦꯝ/ꯑꯦꯁ","ꯍꯥꯟꯅ    ꯄꯟ ꯈꯤꯕ    ꯃꯔ ꯝꯁꯤꯡ    ꯑꯁꯤ ꯅ,    ꯇ꯭ꯔꯤ ꯕꯨ ꯅꯦ ꯜꯅ    ꯑꯦꯝ / ꯑꯦꯁ",37,14
420,ꯀ꯭ꯋꯥꯂꯤꯇꯤ ꯑꯥꯏꯁ ꯀ꯭ꯔꯤꯝ ꯑꯃꯁꯨꯡ ꯕꯤꯕꯤꯑꯦꯜꯑꯥꯏꯑꯦꯜ ꯑꯁꯤ ꯃꯔꯤ ꯂꯩꯅꯕ ꯃꯤꯁꯤꯡ ꯅꯠꯇꯦ ꯍꯥꯏꯅ ꯋꯥꯔꯣꯏꯁꯟ ꯄꯨꯔꯛꯄꯕꯨ ꯑꯁꯣꯏꯕ ꯑꯃꯇ ꯇꯧꯈꯤꯗꯦ ꯍꯥꯏꯕ ꯑꯩꯈꯣꯏꯅ ꯂꯧꯋꯤ꯫,ꯀ꯭ꯋꯥ ꯂꯤꯇꯤ    ꯑꯥꯏꯁ    ꯀ꯭ꯔꯤ ꯝ    ꯑꯃꯁꯨꯡ    ꯕꯤ ꯕꯤ ꯑꯦꯜ ꯑꯥꯏ ꯑꯦꯜ    ꯑꯁꯤ    ꯃꯔꯤ    ꯂꯩꯅꯕ    ꯃꯤꯁꯤꯡ    ꯅꯠꯇꯦ    ꯍꯥꯏꯅ    ꯋꯥꯔ ꯣꯏ ꯁꯟ    ꯄꯨꯔꯛ ꯄ ꯕꯨ    ꯑꯁꯣꯏꯕ    ꯑꯃ ꯇ    ꯇꯧ ꯈꯤꯗꯦ    ꯍꯥꯏꯕ    ꯑꯩꯈꯣꯏꯅ    ꯂꯧ ꯋꯤ꯫ ,101,32
421,ꯃꯈꯣꯏꯒꯤ ꯃꯔꯛꯀꯤ ꯄꯤꯊꯣꯛ ꯄꯤꯁꯤꯟ ꯑꯗꯨ ꯁꯦꯜꯂꯦꯞꯇꯒꯤ ꯁꯦꯜꯂꯦꯞꯇ ꯑꯣꯏꯕ ꯃꯑꯣꯡ-ꯃꯇꯧ ꯑꯣꯏ ꯑꯃꯗꯤ ꯃꯃꯜ ꯑꯗꯨꯅ ꯄꯣꯠ-ꯆꯩꯁꯤꯡ ꯑꯗꯨ ꯌꯣꯟꯕꯒꯤ ꯑꯃꯇ ꯉꯥꯏꯔꯕ ꯃꯔꯝꯅꯤ꯫,ꯃꯈꯣꯏꯒꯤ    ꯃꯔ ꯛꯀꯤ    ꯄꯤ ꯊꯣꯛ    ꯄꯤ ꯁꯤꯟ    ꯑꯗꯨ    ꯁꯦꯜ ꯂꯦꯞ ꯇꯒꯤ    ꯁꯦꯜ ꯂꯦꯞ ꯇ    ꯑꯣꯏꯕ    ꯃꯑꯣꯡ- ꯃꯇꯧ    ꯑꯣꯏ    ꯑꯃꯗꯤ    ꯃꯃꯜ    ꯑꯗꯨꯅ    ꯄꯣꯠ- ꯆꯩ ꯁꯤꯡ    ꯑꯗꯨ    ꯌꯣꯟ ꯕꯒꯤ    ꯑꯃ ꯇ    ꯉꯥꯏꯔꯕ    ꯃꯔꯝ ꯅꯤ꯫ ,98,32
422,ꯁ꯭ꯇꯦꯠ ꯑꯦꯁꯦꯝꯕ꯭ꯂꯤꯒꯤ ꯃꯤꯈꯜ ꯑꯗꯨ ꯱꯱,ꯁ꯭ꯇꯦꯠ    ꯑꯦꯁꯦꯝꯕ꯭ ꯂꯤꯒꯤ    ꯃꯤꯈ ꯜ    ꯑꯗꯨ    ꯱꯱ ,25,7
423,꯰꯴,꯰ ꯴ ,2,2
424,꯲꯰꯱꯹ꯗ ꯄꯥꯡꯊꯣꯛꯂꯕ ꯃꯇꯨꯡꯗ ꯑꯃꯁꯨꯡ ꯁ꯭ꯔꯤ ꯋꯥꯏ,꯲꯰꯱꯹ ꯗ    ꯄꯥꯡꯊꯣꯛ ꯂꯕ    ꯃꯇꯨꯡꯗ    ꯑꯃꯁꯨꯡ    ꯁ꯭ꯔꯤ    ꯋꯥꯏ ,30,8
425,ꯖꯒꯃꯣꯍꯟ ꯔꯦꯗꯤꯅ ꯃꯨꯈ꯭ꯌꯥ ꯃꯟꯇ꯭ꯔꯤ ꯑꯣꯏꯔꯒ ꯳꯰,ꯖꯒ ꯃꯣ ꯍꯟ    ꯔꯦ ꯗꯤꯅ    ꯃꯨꯈ ꯭ꯌꯥ    ꯃꯟꯇ꯭ꯔꯤ    ꯑꯣꯏꯔꯒ    ꯳꯰ ,30,10
426,꯰꯵,꯰ ꯵ ,2,2
427,꯲꯰꯱꯹ꯗ ꯋꯥꯁꯛ ꯂꯧꯔꯕ ꯃꯇꯨꯡꯗ ꯃꯁꯤ ꯄꯤꯁꯟꯈꯤ꯫,꯲꯰꯱꯹ ꯗ    ꯋꯥ ꯁꯛ    ꯂꯧ ꯔꯕ    ꯃꯇꯨꯡꯗ    ꯃꯁꯤ    ꯄꯤ ꯁꯟ ꯈꯤ꯫ ,28,11
428,ꯔꯥꯃꯦꯁ ꯀꯨꯃꯥꯔꯤꯒꯤ ꯀꯦꯁ (ꯁꯨꯄ꯭ꯔꯥ)ꯇ ꯐꯣꯡꯈꯤꯕ ꯋꯥꯔꯣꯜ ꯑꯗꯨ ꯂꯜꯂꯟ ꯆꯣꯙꯔꯤ ꯑꯃꯁꯨꯡ ꯑꯣꯑꯔꯑꯦꯁ,ꯔꯥ ꯃ ꯦꯁ    ꯀꯨꯃꯥꯔ ꯤ ꯒꯤ    ꯀꯦꯁ    ( ꯁꯨ ꯄ꯭ꯔꯥ ) ꯇ    ꯐꯣꯡꯈꯤꯕ    ꯋꯥꯔꯣꯜ    ꯑꯗꯨ    ꯂ ꯜꯂ ꯟ    ꯆꯣ ꯙ ꯔꯤ    ꯑꯃꯁꯨꯡ    ꯑꯣ ꯑꯔ ꯑꯦꯁ,60,25
429,ꯕꯤꯍꯥꯔ ꯂꯝ (ꯑꯦ ꯑꯥꯏ ꯑꯥꯔ ꯲꯰꯰꯶ ꯑꯦꯁ ꯁꯤ ꯳꯳꯷꯶)ꯇ ꯑꯃꯨꯛ ꯍꯟꯅ ꯄꯟꯈꯤ꯫,ꯕꯤ ꯍꯥꯔ    ꯂꯝ    ( ꯑꯦ    ꯑ ꯥꯏ    ꯑꯥꯔ   ꯲꯰꯰ ꯶    ꯑꯦꯁ   ꯁꯤ    ꯳ ꯳ ꯷ ꯶ ) ꯇ    ꯑꯃꯨꯛ    ꯍꯟꯅ    ꯄꯟꯈꯤ꯫ ,43,21
430,"ꯄꯥꯎꯗꯝꯁꯤꯡ ꯑꯁꯤꯅ ꯌꯨꯝꯐꯝ ꯑꯣꯏꯅ, ꯕꯤ","ꯄꯥꯎ ꯗ ꯝꯁꯤꯡ    ꯑꯁꯤꯅ    ꯌꯨꯝꯐꯝ    ꯑꯣꯏꯅ,    ꯕꯤ ",24,7
431,ꯑꯦꯁ,ꯑꯦꯁ,3,1
432,ꯑꯦꯟ,ꯑꯦꯟ ,3,1
433,ꯑꯦꯜ,ꯑꯦꯜ ,3,1
434,ꯅ ꯃꯐꯝ ꯑꯗꯨꯒꯤ ꯁꯤ,ꯅ    ꯃꯐꯝ    ꯑꯗꯨꯒꯤ    ꯁꯤ ,11,4
435,ꯑꯦꯜ,ꯑꯦꯜ ,3,1
436,ꯑꯥꯏ,ꯑ ꯥꯏ ,3,2
437,"ꯅꯝꯕꯔ, ꯍꯥꯏꯕꯗꯤ, ꯰꯲꯸꯱-꯳꯰꯴꯱꯰꯰꯰ ꯑꯁꯤꯗ ꯀꯣꯜ ꯇꯧꯗꯨꯅ ꯃꯁꯥꯒꯤ ꯑꯣꯏꯕ ꯋꯥꯍꯪ-ꯄꯥꯎꯍꯪꯁꯤꯡ ꯇꯧꯈꯤ꯫","ꯅꯝꯕ ꯔ,    ꯍꯥꯏꯕ ꯗꯤ,    ꯰ ꯲ ꯸ ꯱ - ꯳꯰ ꯴ ꯱꯰꯰ ꯰    ꯑꯁꯤꯗ    ꯀꯣꯜ    ꯇꯧꯗꯨꯅ    ꯃꯁꯥꯒꯤ    ꯑꯣꯏꯕ    ꯋꯥꯍꯪ - ꯄꯥꯎ ꯍꯪ ꯁꯤꯡ    ꯇꯧꯈꯤ꯫ ",63,24
438,ꯃꯈꯣꯏ ꯍꯧꯖꯤꯛ ꯐꯥꯎꯕ ꯑꯦꯐ,ꯃꯈꯣꯏ    ꯍꯧꯖꯤꯛ    ꯐꯥꯎꯕ    ꯑꯦ ꯐ ,16,5
439,ꯑꯥꯏ,ꯑ ꯥꯏ ,3,2
440,ꯑꯥꯔ,ꯑꯥꯔ,3,1
441,ꯑꯃ ꯔꯦꯖꯤꯁꯇꯔ ꯇꯧꯒꯗꯕ ꯋꯥꯠꯂꯤ꯫,ꯑꯃ    ꯔꯦꯖꯤ ꯁꯇꯔ    ꯇꯧ ꯒꯗꯕ    ꯋꯥꯠ ꯂꯤ꯫ ,20,7
442,ꯃꯤꯒꯤ ꯂꯝꯗ ꯂꯥꯟꯁꯤꯜꯂꯨꯕ ꯃꯤꯑꯣꯏ ꯑꯗꯨꯒꯤ ꯃꯌꯣꯛꯇ ꯂꯝ ꯃꯄꯨ ꯑꯗꯨꯅ ꯁꯤꯖꯤꯟꯅꯈꯤꯕ ꯅꯠꯇ꯭ꯔꯒ ꯂꯧꯈꯤꯕꯒꯤꯗꯃꯛ ꯊꯣꯛꯈꯤꯕ ꯑꯃꯥꯡ ꯑꯇꯥꯒꯤ ꯈꯦꯇ꯭ꯔꯤꯄꯨꯔꯣꯟ ꯂꯧꯒꯦ ꯍꯥꯏ ꯍꯥꯏꯗꯦ ꯍꯥꯏꯕꯗꯨ ꯗꯔꯀꯥꯔ ꯑꯣꯏꯗꯦ꯫,ꯃꯤꯒꯤ    ꯂꯝꯗ    ꯂꯥꯟ ꯁꯤꯜꯂ ꯨ ꯕ    ꯃꯤꯑꯣꯏ    ꯑꯗꯨꯒꯤ    ꯃ ꯌꯣꯛ ꯇ    ꯂꯝ    ꯃꯄꯨ    ꯑꯗꯨꯅ    ꯁꯤꯖꯤꯟꯅ ꯈꯤꯕ    ꯅꯠꯇ꯭ꯔꯒ    ꯂꯧ ꯈꯤꯕ ꯒꯤꯗꯃꯛ    ꯊꯣꯛꯈꯤꯕ    ꯑꯃ ꯥꯡ    ꯑ ꯇꯥꯒꯤ    ꯈꯦ ꯇ꯭ꯔꯤ ꯄꯨ ꯔꯣ ꯟ    ꯂꯧ ꯒꯦ    ꯍꯥꯏ    ꯍꯥꯏ ꯗꯦ    ꯍꯥꯏꯕꯗꯨ    ꯗꯔ ꯀꯥꯔ    ꯑꯣꯏ ꯗꯦ꯫ ,120,40
443,ꯃꯁꯤ ꯏꯪ ꯱꯹꯹꯷ꯀꯤ ꯃꯥꯔꯆ ꯲꯱ꯗ ꯂꯣꯏꯕ ꯇꯥꯡꯀꯛ ꯑꯃꯒꯤ ꯕꯤ,ꯃꯁꯤ    ꯏꯪ    ꯱꯹꯹ ꯷ꯀꯤ    ꯃꯥꯔꯆ    ꯲ ꯱ꯗ    ꯂꯣꯏ ꯕ    ꯇꯥꯡꯀꯛ    ꯑꯃꯒꯤ    ꯕꯤ ,33,12
444,ꯕꯤ,ꯕꯤ ,2,1
445,ꯑꯦꯜ,ꯑꯦꯜ ,3,1
446,ꯑꯥꯏ,ꯑ ꯥꯏ ,3,2
447,ꯑꯦꯜ,ꯑꯦꯜ ,3,1
448,ꯒ ꯌꯥꯅꯕ ꯑꯃꯗ ꯂꯥꯛꯈꯤ꯫,ꯒ    ꯌꯥꯅꯕ    ꯑꯃꯗ    ꯂꯥꯛꯈꯤ꯫ ,14,4
449,"ꯃꯇꯨꯡꯗ, ꯑꯦꯝ/ꯑꯦꯁ","ꯃꯇꯨꯡꯗ,    ꯑꯦꯝ / ꯑꯦꯁ",13,4
450,ꯑꯩꯆ,ꯑꯩ ꯆ ,3,2
451,ꯑꯦꯜ,ꯑꯦꯜ ,3,1
452,ꯑꯦꯜ,ꯑꯦꯜ ,3,1
453,ꯒ ꯏꯪ ꯱꯹꯹꯷ꯀꯤ ꯃꯥꯔꯆ ꯲꯲ꯗꯒꯤ ꯆꯠꯅꯕ ꯍꯧꯒꯗꯕ ꯌꯥꯅꯕ ꯑꯃꯗ ꯂꯥꯛꯈꯤ꯫,ꯒ    ꯏꯪ    ꯱꯹꯹ ꯷ꯀꯤ    ꯃꯥꯔꯆ    ꯲꯲ ꯗꯒꯤ    ꯆꯠꯅꯕ    ꯍꯧ ꯒꯗꯕ    ꯌꯥꯅꯕ    ꯑꯃꯗ    ꯂꯥꯛꯈꯤ꯫ ,40,13
454,ꯊꯥꯔꯛꯏꯕ ꯀꯥꯎꯟꯇꯔ ꯑꯦꯐꯤꯗꯦꯕꯤꯠ ꯑꯗꯨꯈꯛꯇ ꯄꯥꯕꯗꯨꯗꯒꯤ ꯈꯨꯗꯝ ꯆꯥꯡꯗꯝꯕ ꯉꯝꯕ ꯒꯨꯖꯔꯥꯠꯀꯤ ꯂꯝꯒꯤ ꯂꯩꯉꯥꯛꯂꯣꯏꯁꯤꯡꯒꯤ ꯃꯁꯥꯒꯤ ꯄꯥꯔꯇꯤꯒꯤ ꯋꯥꯈꯜꯂꯣꯟꯕꯨ ꯌꯥꯝꯅ ꯆꯦꯠꯅ ꯁꯧꯒꯠꯄꯒꯤ ꯃꯑꯣꯡ ꯑꯁꯤ ꯌꯥꯝꯅ ꯂꯥꯏꯅ ꯎꯕ ꯉꯝꯃꯤ ꯍꯥꯏꯅ ꯍꯥꯏꯔꯤ꯫,ꯊꯥꯔꯛ ꯏꯕ    ꯀꯥꯎꯟ ꯇꯔ    ꯑꯦ ꯐꯤ ꯗꯦꯕꯤ ꯠ    ꯑꯗꯨ ꯈꯛꯇ    ꯄꯥ ꯕ ꯗꯨꯗꯒꯤ    ꯈꯨꯗꯝ    ꯆꯥꯡꯗ ꯝꯕ    ꯉꯝꯕ    ꯒꯨꯖꯔꯥꯠꯀꯤ    ꯂꯝꯒꯤ    ꯂꯩꯉꯥꯛ ꯂꯣꯏ ꯁꯤꯡꯒꯤ    ꯃꯁꯥꯒꯤ    ꯄꯥꯔꯇꯤꯒꯤ    ꯋꯥꯈꯜ ꯂꯣꯟ ꯕꯨ    ꯌꯥꯝꯅ    ꯆꯦ ꯠꯅ    ꯁꯧꯒꯠ ꯄꯒꯤ    ꯃꯑꯣꯡ    ꯑꯁꯤ    ꯌꯥꯝꯅ    ꯂꯥꯏꯅ    ꯎꯕ    ꯉꯝ ꯃꯤ    ꯍꯥꯏꯅ    ꯍꯥꯏꯔꯤ꯫ ,140,41
455,ꯖꯤ,ꯖꯤ ,2,1
456,ꯄꯤ,ꯄꯤ ,2,1
457,ꯑꯦꯜ,ꯑꯦꯜ ,3,1
458,ꯑꯁꯤ ꯁꯣꯐꯠꯋꯦꯌꯔ ꯑꯃꯗ ꯄꯕ꯭ꯂꯤꯛ ꯂꯥꯏꯁꯦꯟꯁ ꯄꯤꯅꯕꯒꯤꯗꯃꯛ ꯃꯔꯨꯑꯣꯏꯅ ꯗꯤꯖꯥꯏꯟ ꯇꯧꯕꯅꯤ꯫,ꯑꯁꯤ    ꯁꯣꯐ ꯠ ꯋꯦ ꯌꯔ    ꯑꯃꯗ    ꯄꯕ꯭ꯂꯤꯛ    ꯂꯥꯏ ꯁꯦꯟ ꯁ    ꯄꯤ ꯅꯕꯒꯤꯗꯃꯛ    ꯃꯔꯨꯑꯣꯏꯅ    ꯗꯤꯖꯥꯏ ꯟ    ꯇꯧ ꯕꯅꯤ꯫ ,55,17
459,ꯃꯥꯔꯀꯦꯇꯤꯡꯒꯤꯗꯃꯛ ꯑꯩꯆ,ꯃꯥꯔ ꯀꯦ ꯇꯤꯡ ꯒꯤꯗꯃꯛ    ꯑꯩ ꯆ ,16,6
460,ꯑꯦꯜ,ꯑꯦꯜ ,3,1
461,ꯑꯦꯜ,ꯑꯦꯜ ,3,1
462,ꯒ ꯇꯨꯡꯗ ꯄꯨꯟꯁꯤꯟꯈꯤꯕ ꯕꯤ,ꯒ    ꯇꯨꯡꯗ    ꯄꯨꯟꯁꯤꯟ ꯈꯤꯕ    ꯕꯤ ,16,5
463,ꯕꯤ,ꯕꯤ ,2,1
464,ꯑꯦꯜ,ꯑꯦꯜ ,3,1
465,ꯑꯥꯏ,ꯑ ꯥꯏ ,3,2
466,ꯑꯦꯜ,ꯑꯦꯜ ,3,1
467,ꯗ ꯄꯣꯠꯊꯣꯛ ꯄꯨꯝꯅꯃꯛ ꯑꯗꯨ ꯌꯣꯟꯕꯒꯤꯗꯃꯛꯇ ꯃꯗꯨꯅ ꯌꯥꯅꯕ ꯑꯃꯗ ꯂꯥꯛꯈꯤ꯫,ꯗ    ꯄꯣꯠꯊꯣꯛ    ꯄꯨꯝꯅꯃꯛ    ꯑꯗꯨ    ꯌꯣꯟ ꯕ ꯒꯤꯗꯃꯛꯇ    ꯃꯗꯨꯅ    ꯌꯥꯅꯕ    ꯑꯃꯗ    ꯂꯥꯛꯈꯤ꯫ ,43,11
468,"ꯀ꯭ꯋꯥꯂꯤꯇꯤ ꯑꯥꯏꯁ ꯀ꯭ꯔꯤꯝ (ꯄꯥꯎꯈꯨꯝ ꯄꯤꯒꯗꯧꯕ- ꯀꯥꯡꯒꯠ ꯄꯤꯒꯗꯕ) ꯑꯁꯤ ꯁꯦꯗꯨꯜ ꯇꯣ ꯗ ꯁꯦꯟꯇꯔꯦꯜ ꯏꯛꯁꯥꯏꯁ ꯇꯥꯔꯤꯐ ꯑꯦꯠ, ꯱꯹꯸꯵ (ꯑꯇꯦꯟꯕꯗ, ꯗ ꯑꯦꯛ) ꯑꯗꯨꯒꯤ ꯃꯈꯥꯗ ꯑꯥꯏꯁ ꯀ꯭ꯔꯤꯝ ꯁꯥꯔꯤ꯫","ꯀ꯭ꯋꯥ ꯂꯤꯇꯤ    ꯑꯥꯏꯁ    ꯀ꯭ꯔꯤ ꯝ    ( ꯄꯥꯎꯈꯨꯝ    ꯄꯤ ꯒꯗꯧ ꯕ -    ꯀꯥꯡ ꯒꯠ    ꯄꯤ ꯒꯗꯕ )    ꯑꯁꯤ    ꯁꯦ ꯗꯨ ꯜ    ꯇꯣ    ꯗ    ꯁꯦꯟ ꯇ ꯔꯦꯜ    ꯏ ꯛ ꯁꯥꯏ ꯁ    ꯇꯥꯔꯤ ꯐ    ꯑꯦ ꯠ,    ꯱꯹꯸ ꯵    ( ꯑ ꯇꯦꯟ ꯕꯗ,    ꯗ    ꯑꯦꯛ )    ꯑꯗꯨꯒꯤ    ꯃꯈꯥꯗ    ꯑꯥꯏꯁ    ꯀ꯭ꯔꯤ ꯝ    ꯁꯥꯔ ꯤ꯫ ",115,49
469,ꯃꯁꯤꯒꯤ ꯇꯦꯟꯂꯕ ꯁꯦꯁꯟ ꯑꯁꯤꯗ ꯈꯟꯅꯈꯤꯕ ꯃꯔꯨꯑꯣꯏꯕ ꯋꯥꯍꯪ ꯑꯗꯨꯗꯤ ꯐꯦꯗꯔꯦꯜ ꯂꯦꯖꯤꯁꯂꯦꯆꯔ ꯑꯗꯨꯒꯤ ꯀꯝꯄꯣꯖꯤꯁꯟ ꯑꯗꯨꯅꯤ꯫,ꯃꯁꯤꯒꯤ    ꯇꯦꯟ ꯂꯕ    ꯁ ꯦꯁꯟ    ꯑꯁꯤꯗ    ꯈꯟ ꯅꯈꯤꯕ    ꯃꯔꯨꯑꯣꯏꯕ    ꯋꯥꯍꯪ    ꯑꯗꯨꯗꯤ    ꯐꯦ ꯗ ꯔꯦꯜ    ꯂꯦꯖꯤꯁꯂꯦ ꯆꯔ    ꯑꯗꯨꯒꯤ    ꯀꯝ ꯄꯣꯖꯤ ꯁꯟ    ꯑꯗꯨꯅꯤ꯫ ,74,21
470,"ꯑꯗꯨꯒꯤ ꯃꯊꯛꯇ, ꯕꯤ","ꯑꯗꯨꯒꯤ    ꯃꯊꯛꯇ,    ꯕꯤ ",12,3
471,ꯑꯦꯁ,ꯑꯦꯁ,3,1
472,ꯑꯦꯟ,ꯑꯦꯟ ,3,1
473,ꯑꯦꯜ,ꯑꯦꯜ ,3,1
474,ꯅ ꯁꯦꯝꯗꯣꯛ-ꯁꯦꯝꯖꯤꯟ ꯇꯧꯔꯕ (ꯂꯣꯠꯂꯕ) ꯁꯤ,ꯅ    ꯁꯦꯝꯗꯣꯛ- ꯁꯦꯝꯖꯤꯟ    ꯇꯧꯔꯕ    ( ꯂꯣꯠ ꯂꯕ )    ꯁꯤ ,27,9
475,ꯑꯦꯜ,ꯑꯦꯜ ,3,1
476,ꯑꯥꯏ,ꯑ ꯥꯏ ,3,2
477,ꯌꯥꯎꯕ ꯀꯣꯜ ꯑꯃ ꯍꯧꯔꯛꯐꯝ ꯊꯤꯕ ꯅꯠꯇ꯭ꯔꯒ ꯕ꯭ꯂꯣꯛ ꯇꯧꯕ ꯑꯁꯤ ꯇꯦꯛꯅꯤꯀꯦꯜꯂꯤ ꯑꯣꯏꯊꯣꯛꯇꯦ ꯍꯥꯏꯅ ꯈꯪ-ꯍꯩꯔꯕ ꯁꯤꯅꯤꯌꯔ ꯀꯥꯎꯟꯁꯦꯜꯅ ꯊꯥꯖꯤꯟꯈꯤ꯫,ꯌꯥꯎꯕ    ꯀꯣꯜ    ꯑꯃ    ꯍꯧꯔꯛꯐꯝ    ꯊꯤꯕ    ꯅꯠꯇ꯭ꯔꯒ    ꯕ꯭ ꯂꯣꯛ    ꯇꯧꯕ    ꯑꯁꯤ    ꯇꯦꯛꯅꯤ ꯀꯦ ꯜꯂꯤ    ꯑꯣꯏ ꯊꯣꯛ ꯇꯦ    ꯍꯥꯏꯅ    ꯈꯪ - ꯍꯩ ꯔꯕ    ꯁꯤ ꯅꯤꯌꯔ    ꯀꯥꯎꯟ ꯁꯦ ꯜꯅ    ꯊꯥ ꯖꯤꯟ ꯈꯤ꯫ ,86,29
478,"ꯃꯗꯨꯗꯤ, ꯅꯨꯃꯤꯠ ꯑꯃꯈꯛꯇꯗ, ꯕꯤꯑꯦꯁꯑꯦꯟꯑꯦꯜꯗ ꯈꯨꯠꯁꯤꯟꯅꯕ ꯃꯤꯅꯤꯠ ꯃꯤꯂꯤꯌꯟ ꯀꯌꯥꯒꯤ ꯀꯣꯜꯁꯤꯡ ꯄꯤꯑꯣꯑꯥꯏ ꯑꯃꯈꯛꯇꯅ ꯁꯦꯟꯅꯩ ꯑꯃꯁꯨꯡ ꯑꯁꯤꯒꯨꯝꯕ ꯐꯤꯚꯝ ꯑꯁꯤꯗ, ꯀꯔꯝꯕ ꯀꯣꯜꯅ ꯑꯁꯦꯡꯕꯅꯣ ꯑꯗꯨꯒ ꯀꯔꯝꯕꯅ ꯁꯤꯑꯦꯜꯑꯥꯏ ꯌꯥꯎꯗꯕ ꯅꯠꯇ꯭ꯔꯒ ꯁꯤꯑꯦꯜꯑꯥꯏ ꯁꯦꯝꯗꯣꯛ ꯑꯕ ꯀꯣꯜꯅꯣ ꯍꯥꯏꯕꯗꯨ ꯂꯂꯣꯟ-ꯏꯇꯤꯛꯀꯤ ꯑꯣꯏꯅ ꯈꯟꯗꯣꯛꯄ ꯉꯝꯗꯦ꯫","ꯃꯗꯨ ꯗꯤ,    ꯅꯨꯃꯤꯠ    ꯑꯃ ꯈꯛꯇ ꯗ,    ꯕꯤ ꯑꯦꯁ ꯑꯦꯟ ꯑꯦ ꯜꯗ    ꯈꯨꯠ ꯁꯤꯟꯅꯕ    ꯃꯤꯅꯤꯠ    ꯃꯤꯂꯤꯌꯟ    ꯀꯌꯥꯒꯤ    ꯀꯣ ꯜꯁꯤꯡ    ꯄꯤ ꯑꯣ ꯑ ꯥꯏ    ꯑꯃ ꯈꯛꯇꯅ    ꯁꯦꯟ ꯅꯩ    ꯑꯃꯁꯨꯡ    ꯑꯁꯤꯒꯨꯝꯕ    ꯐꯤꯚꯝ    ꯑꯁꯤꯗ,    ꯀꯔꯝꯕ    ꯀꯣ ꯜꯅ    ꯑ ꯁꯦꯡ ꯕ ꯅꯣ    ꯑꯗꯨꯒ    ꯀꯔꯝ ꯕꯅ    ꯁꯤ ꯑꯦꯜ ꯑ ꯥꯏ    ꯌꯥꯎꯗꯕ    ꯅꯠꯇ꯭ꯔꯒ    ꯁꯤ ꯑꯦꯜ ꯑ ꯥꯏ    ꯁꯦꯝ ꯗꯣꯛ    ꯑ ꯕ    ꯀꯣꯜ ꯅꯣ    ꯍꯥꯏꯕꯗꯨ    ꯂꯂꯣꯟ-ꯏꯇꯤꯛꯀꯤ    ꯑꯣꯏꯅ    ꯈꯟ ꯗꯣꯛꯄ    ꯉꯝ ꯗꯦ꯫ ",195,63
479,ꯋꯥꯌꯦꯜꯂꯣꯟ ꯶,ꯋꯥꯌꯦꯜ ꯂꯣꯟ    ꯶ ,9,3
480,꯴,꯴ ,1,1
481,꯴,꯴ ,1,1
482,"ꯀꯤ ꯋꯥꯍꯟ ꯁꯟꯗꯣꯛꯅ ꯂꯧꯔꯕ ꯃꯇꯨꯡꯗ, ꯍꯩꯊꯣꯏꯔꯕ ꯋꯥꯌꯦꯜꯂꯣꯟꯒꯤ ꯄꯥꯎꯇꯥꯛꯂꯣꯏꯅ ꯍꯥꯏꯔꯤꯕ ꯋꯥꯌꯦꯜꯂꯣꯟ ꯑꯁꯤ ꯌꯥꯝꯅ ꯆꯥꯎꯕ ꯆꯩꯔꯥꯛ ꯄꯨꯏ ꯍꯥꯏꯅ ꯄꯤꯁꯟꯂꯛꯈꯤ; ꯃꯗꯨꯗꯤ ꯍꯥꯏꯔꯤꯕ ꯋꯥꯌꯦꯜꯂꯣꯟ ꯑꯁꯤ ꯊꯥꯕꯛ ꯇꯧꯔꯤꯕ ꯑꯗꯨꯒꯤ ꯑꯁꯣꯏꯕ ꯈꯔꯅ ꯃꯔꯝ ꯑꯣꯏꯔꯒ ꯑꯇꯣꯞꯄ ꯃꯔꯝ ꯅꯠꯇꯕꯗ ꯀꯣꯜ ꯁꯦꯝꯗꯣꯛ ꯁꯦꯝꯖꯤꯟ ꯇꯧꯕ ꯑꯃꯁꯨꯡ ꯀꯣꯜ ꯁꯦꯔꯥꯟꯅꯅ ꯆꯠꯈꯤꯕ ꯑꯁꯤꯒꯨꯝꯕꯗ ꯇꯥꯒꯜꯂꯤ ꯑꯃꯗꯤ ꯃꯁꯤ ꯅꯠꯇꯕꯗꯗꯤ ꯇꯥꯗꯦ; ꯑꯃꯁꯨꯡ ꯍꯧꯖꯤꯛꯀꯤ ꯍꯥꯏꯔꯤꯕ ꯀꯦꯁ ꯑꯁꯤꯗ ꯋꯥꯀꯠꯂꯤꯕ ꯊꯧꯋꯣꯡꯁꯤꯡ ꯑꯁꯤ ꯔꯤꯂꯥꯌꯦꯟꯁꯇ ꯃꯔꯥꯜ ꯇꯥꯗꯦ ꯆꯦꯛꯁꯤꯟꯗ꯭ꯔꯕ ꯁꯤꯖꯟꯅꯕꯗ ꯄꯤꯕ ꯑꯣꯏꯕꯅꯤꯅ, ꯋꯥꯌꯦꯜꯂꯣꯟ ꯶","ꯀꯤ    ꯋꯥꯍ ꯟ    ꯁꯟꯗꯣꯛꯅ    ꯂꯧ ꯔꯕ    ꯃꯇꯨꯡꯗ,    ꯍꯩ ꯊꯣꯏ ꯔꯕ    ꯋꯥꯌꯦꯜ ꯂꯣꯟꯒꯤ    ꯄꯥꯎ ꯇꯥꯛ ꯂꯣꯏꯅ    ꯍꯥꯏꯔꯤꯕ    ꯋꯥꯌꯦꯜ ꯂꯣꯟ    ꯑꯁꯤ    ꯌꯥꯝꯅ    ꯆꯥꯎꯕ    ꯆꯩꯔꯥꯛ    ꯄꯨ ꯏ    ꯍꯥꯏꯅ    ꯄꯤ ꯁꯟ ꯂꯛ ꯈꯤ;    ꯃꯗꯨꯗꯤ    ꯍꯥꯏꯔꯤꯕ    ꯋꯥꯌꯦꯜ ꯂꯣꯟ    ꯑꯁꯤ    ꯊꯥ ꯕꯛ    ꯇꯧꯔꯤꯕ    ꯑꯗꯨꯒꯤ    ꯑꯁꯣꯏꯕ    ꯈꯔꯅ    ꯃꯔꯝ    ꯑꯣꯏꯔꯒ    ꯑꯇꯣꯞꯄ    ꯃꯔꯝ    ꯅꯠꯇ ꯕꯗ    ꯀꯣꯜ    ꯁꯦꯝ ꯗꯣꯛ    ꯁꯦꯝꯖꯤꯟ    ꯇꯧꯕ    ꯑꯃꯁꯨꯡ    ꯀꯣꯜ    ꯁꯦ ꯔꯥꯟ ꯅꯅ    ꯆꯠ ꯈꯤꯕ    ꯑꯁꯤ ꯒꯨꯝ ꯕꯗ    ꯇꯥ ꯒ ꯜꯂꯤ    ꯑꯃꯗꯤ    ꯃꯁꯤ    ꯅꯠꯇ ꯕ ꯗꯗꯤ    ꯇꯥ ꯗꯦ ;    ꯑꯃꯁꯨꯡ    ꯍꯧꯖꯤꯛꯀꯤ    ꯍꯥꯏꯔꯤꯕ    ꯀꯦꯁ    ꯑꯁꯤꯗ    ꯋꯥꯀꯠ ꯂꯤꯕ    ꯊꯧ ꯋ ꯣꯡ ꯁꯤꯡ    ꯑꯁꯤ    ꯔꯤ ꯂꯥ ꯌꯦꯟ ꯁꯇ    ꯃꯔꯥꯜ    ꯇꯥ ꯗꯦ    ꯆꯦꯛꯁꯤꯟ ꯗ꯭ꯔꯕ    ꯁꯤꯖꯟ ꯅꯕꯗ    ꯄꯤꯕ    ꯑꯣꯏꯕ ꯅꯤ ꯅ,    ꯋꯥꯌꯦꯜ ꯂꯣꯟ    ꯶ ",328,102
483,꯴,꯴ ,1,1
484,꯶,꯶ ,1,1
485,ꯑꯁꯤ ꯂꯧꯗꯣꯛꯄ ꯌꯥꯗꯦ꯫,ꯑꯁꯤ    ꯂꯧ ꯗꯣꯛꯄ    ꯌꯥ ꯗꯦ꯫ ,14,5
486,ꯔꯦꯟꯁꯝꯋꯦꯔ ꯈꯔꯗꯤ ꯁ꯭ꯄꯥꯝ ꯃꯦꯜꯁꯤꯡꯗ ꯏꯃꯦꯜ ꯑꯇꯦꯆꯃꯦꯟ꯭ꯇꯁꯤꯡ ꯑꯣꯏꯅ ꯊꯥꯏ꯫,ꯔꯦꯟ ꯁꯝ ꯋꯦ ꯔ    ꯈꯔꯗꯤ    ꯁ꯭ ꯄꯥ ꯝ    ꯃꯦ ꯜꯁꯤꯡꯗ    ꯏ ꯃꯦꯜ    ꯑ ꯇꯦ ꯆ ꯃꯦꯟ ꯭ꯇ ꯁꯤꯡ    ꯑꯣꯏꯅ    ꯊꯥꯏ꯫ ,48,20
487,ꯃꯁꯤꯒꯤ ꯃꯔꯝꯗꯤ ꯀꯟꯇ꯭ꯔꯦꯛ ꯑꯦꯛ ꯑꯗꯨꯅ ꯀꯟꯇ꯭ꯔꯦꯛꯇꯤꯡ ꯄꯥꯔꯇꯤ ꯑꯃ (ꯕꯤ,ꯃꯁꯤꯒꯤ    ꯃꯔꯝꯗꯤ    ꯀꯟ ꯇ꯭ꯔꯦꯛ    ꯑꯦ ꯛ    ꯑꯗꯨꯅ    ꯀꯟ ꯇ꯭ꯔꯦ ꯛ ꯇꯤꯡ    ꯄꯥꯔꯇꯤ    ꯑꯃ    ( ꯕꯤ ,44,15
488,ꯑꯦꯁ,ꯑꯦꯁ,3,1
489,ꯑꯦꯟ,ꯑꯦꯟ ,3,1
490,ꯑꯦꯜ,ꯑꯦꯜ ,3,1
491,)ꯅ ꯑꯇꯣꯞꯄ ꯀꯟꯇ꯭ꯔꯦꯛꯇꯤꯡ ꯄꯥꯔꯇꯤ ꯑꯃ (ꯔꯤꯂꯥꯏꯑꯦꯟꯁ)ꯗꯒꯤ ꯐꯪꯕ ꯑꯇꯣꯞꯄ ꯁꯦꯜꯒꯤ ꯃꯁꯤꯡ ꯑꯃꯠꯇ ꯀꯨꯞꯅ ꯌꯦꯡꯁꯤꯟꯗꯦ꯫,)ꯅ    ꯑꯇꯣꯞꯄ    ꯀꯟ ꯇ꯭ꯔꯦ ꯛ ꯇꯤꯡ    ꯄꯥꯔꯇꯤ    ꯑꯃ    ( ꯔꯤ ꯂꯥꯏ ꯑꯦꯟ ꯁ ) ꯗꯒꯤ    ꯐꯪꯕ    ꯑꯇꯣꯞꯄ    ꯁꯦꯜꯒꯤ    ꯃꯁꯤꯡ    ꯑꯃꯠꯇ    ꯀꯨꯞꯅ    ꯌꯦꯡꯁꯤꯟ ꯗꯦ꯫ ,72,23
492,ꯋꯥꯀꯠ ꯊꯥꯒꯠꯂꯛꯂꯤꯕ ꯅꯨꯄꯤ ꯑꯗꯨꯅ ꯃꯨꯝꯕꯥꯏ ꯄꯨꯂꯤꯁꯅ ꯃꯈꯣꯏꯒꯤ ꯋꯥꯍꯪ ꯆꯠꯊꯕ ꯃꯇꯝꯗ ꯃꯍꯥꯛꯅ ꯐꯖꯅ ꯃꯇꯦꯡ ꯄꯤꯈꯤ ꯍꯥꯏꯅ ꯎꯠꯂꯤ ꯑꯗꯨꯕꯨ ꯀꯔꯤꯒꯨꯝꯕ ꯊꯤꯒꯠꯄ ꯑꯁꯤ ꯁꯤꯕꯤꯑꯥꯏꯅ ꯇꯧꯔꯕꯁꯨ ꯑꯊꯤꯡꯕ ꯑꯃꯇ ꯂꯩꯔꯣꯏ ꯍꯥꯏꯅ ꯍꯥꯏ꯫,ꯋꯥꯀꯠ    ꯊꯥꯒꯠ ꯂꯛ ꯂꯤꯕ    ꯅꯨꯄꯤ    ꯑꯗꯨꯅ    ꯃꯨꯝꯕꯥꯏ    ꯄꯨꯂꯤꯁꯅ    ꯃꯈꯣꯏꯒꯤ    ꯋꯥꯍꯪ    ꯆꯠꯊꯕ    ꯃꯇꯝꯗ    ꯃꯍꯥꯛꯅ    ꯐꯖꯅ    ꯃꯇꯦꯡ    ꯄꯤꯈꯤ    ꯍꯥꯏꯅ    ꯎꯠꯂꯤ    ꯑꯗꯨꯕꯨ    ꯀꯔꯤꯒꯨꯝꯕ    ꯊꯤ ꯒꯠ ꯄ    ꯑꯁꯤ    ꯁꯤ ꯕꯤ ꯑꯥꯏ ꯅ    ꯇꯧ ꯔꯕꯁꯨ    ꯑꯊꯤꯡꯕ    ꯑꯃ ꯇ    ꯂꯩ ꯔꯣꯏ    ꯍꯥꯏꯅ    ꯍꯥꯏ꯫ ,130,37
493,ꯖꯤ,ꯖꯤ ,2,1
494,ꯑꯦꯟ,ꯑꯦꯟ ,3,1
495,ꯌꯨ,ꯌꯨ ,2,1
496,ꯖꯦꯅꯔꯦꯜ ꯄꯕ꯭ꯂꯤꯛ ꯂꯥꯏꯁꯦꯟꯁ (ꯖꯤ,ꯖꯦꯅꯔꯦꯜ    ꯄꯕ꯭ꯂꯤꯛ    ꯂꯥꯏ ꯁꯦꯟ ꯁ    ( ꯖꯤ ,22,7
497,ꯄꯤ,ꯄꯤ ,2,1
498,ꯑꯦꯜ,ꯑꯦꯜ ,3,1
499,) ꯑꯃꯗꯤ ꯀ꯭ꯔꯤꯑꯦꯇꯤꯕ ꯀꯃꯟꯁ (ꯁꯤ,)    ꯑꯃꯗꯤ    ꯀ꯭ꯔꯤ ꯑꯦ ꯇꯤꯕ    ꯀ ꯃꯟ ꯁ    ( ꯁꯤ ,21,10
500,ꯁꯤ,ꯁꯤ ,2,1
501,) ꯑꯁꯤ ꯄꯕ꯭ꯂꯤꯜ ꯂꯥꯏꯁꯦꯟꯁꯁꯤꯡꯒꯤ ꯃꯤꯌꯥꯝꯅ ꯄꯥꯝꯅꯕ ꯀꯥꯡꯂꯨꯞ ꯑꯅꯤꯅꯤ꯫,)    ꯑꯁꯤ    ꯄꯕ꯭ꯂꯤ ꯜ    ꯂꯥꯏ ꯁꯦꯟꯁ ꯁꯤꯡꯒꯤ    ꯃꯤꯌꯥꯝꯅ    ꯄꯥꯝꯅꯕ    ꯀꯥꯡꯂꯨꯞ    ꯑꯅꯤ ꯅꯤ꯫ ,45,12
502,ꯍꯧꯖꯤꯛꯀꯤ ꯀꯦꯁ ꯑꯁꯤꯗ ꯑꯦꯟꯒꯤꯇꯤꯅ ꯃꯈꯣꯏꯒꯤ ꯋꯥꯌꯦꯜꯒꯤ ꯁꯛꯇꯤꯗꯨ ꯄꯤꯊꯣꯛꯈꯤ ꯑꯃꯁꯨꯡ ꯋꯥꯌꯦꯜꯒꯤ ꯑꯣꯏꯕ ꯊꯕꯛꯁꯤꯡ ꯑꯗꯨ ꯂꯩꯉꯥꯛꯀꯤ ꯑꯈꯪ ꯑꯍꯩꯒꯤ ꯀꯥꯡꯂꯨꯞ ꯑꯃꯗ ꯁꯤꯟꯅꯊꯣꯛꯈꯤ꯫,ꯍꯧꯖꯤꯛꯀꯤ    ꯀꯦꯁ    ꯑꯁꯤꯗ    ꯑꯦꯟ ꯒꯤ ꯇꯤꯅ    ꯃꯈꯣꯏꯒꯤ    ꯋꯥꯌꯦ ꯜꯒꯤ    ꯁꯛ ꯇꯤ ꯗꯨ    ꯄꯤ ꯊꯣꯛꯈꯤ    ꯑꯃꯁꯨꯡ    ꯋꯥꯌꯦ ꯜꯒꯤ    ꯑꯣꯏꯕ    ꯊꯕꯛꯁꯤꯡ    ꯑꯗꯨ    ꯂꯩꯉꯥꯛꯀꯤ    ꯑꯈ ꯪ    ꯑꯍ ꯩꯒꯤ    ꯀꯥꯡꯂꯨꯞ    ꯑꯃꯗ    ꯁꯤꯟ ꯅ ꯊꯣꯛꯈꯤ꯫ ,107,30
503,ꯃꯍꯥꯛꯅ ꯁꯕꯖꯦꯛ ꯑꯗꯨꯒꯤ ꯀꯥ ꯑꯗꯨ ꯑꯦꯛ ꯱꯹꯷꯱ꯒꯤ ꯃꯈꯥꯗ ꯃꯤ ꯌꯥꯝꯅ ꯀꯨꯡꯕ ꯆꯃꯣꯠꯅꯕ ꯃꯐꯝꯅꯤ ꯍꯥꯏꯅ ꯂꯥꯎꯊꯣꯛꯈꯔꯕ ꯃꯐꯝ ꯑꯃꯗ ꯂꯩꯈꯤꯕꯅꯤ ꯑꯃꯁꯨꯡ ꯑꯦꯛ ꯑꯗꯨꯒꯤ ꯁꯦꯛꯁꯟ ꯲꯲ (꯱) (ꯑꯦ)ꯗ ꯌꯥꯎꯕꯒꯤ ꯃꯇꯨꯡ ꯏꯟꯅ ꯀꯣꯝꯄꯤꯇꯦꯟ꯭ꯇ ꯑꯣꯊꯣꯔꯤꯇꯤ ꯑꯃꯒꯤ ꯑꯏꯕ ꯑꯌꯥꯕ ꯌꯥꯎꯗꯅ ꯑꯍꯥꯟꯕ ꯔꯦꯁꯄꯣꯟꯗꯦꯟ꯭ꯇ ꯑꯗꯨꯅ ꯊꯥꯔꯛꯈꯤꯕ ꯋꯥꯌꯦꯜꯁꯪꯗ ꯄꯨꯈꯠꯈꯤꯕ ꯋꯥꯀꯠ ꯑꯗꯨ ꯊꯝꯕ ꯌꯥꯗꯦ ꯍꯥꯏꯅ ꯋꯥꯀꯠ ꯑꯃ ꯁꯦꯝꯃꯛꯈꯤ꯫,ꯃꯍꯥꯛꯅ    ꯁꯕ ꯖꯦ ꯛ    ꯑꯗꯨꯒꯤ    ꯀꯥ    ꯑꯗꯨ    ꯑꯦ ꯛ    ꯱꯹꯷ ꯱ꯒꯤ    ꯃꯈꯥꯗ    ꯃꯤ    ꯌꯥꯝꯅ    ꯀ ꯨꯡ ꯕ    ꯆ ꯃꯣ ꯠ ꯅꯕ    ꯃꯐꯝ ꯅꯤ    ꯍꯥꯏꯅ    ꯂꯥꯎꯊꯣꯛ ꯈ ꯔꯕ    ꯃꯐꯝ    ꯑꯃꯗ    ꯂꯩ ꯈꯤꯕꯅꯤ    ꯑꯃꯁꯨꯡ    ꯑꯦ ꯛ    ꯑꯗꯨꯒꯤ    ꯁꯦ ꯛꯁꯟ    ꯲ ꯲    ( ꯱ )    ( ꯑꯦ )ꯗ    ꯌꯥꯎ ꯕꯒꯤ    ꯃꯇꯨꯡ    ꯏꯟꯅ    ꯀꯣ ꯝꯄꯤ ꯇꯦꯟ ꯭ꯇ    ꯑꯣ ꯊꯣ ꯔꯤꯇꯤ    ꯑꯃꯒꯤ    ꯑꯏꯕ    ꯑꯌꯥꯕ    ꯌꯥꯎꯗꯅ    ꯑꯍꯥꯟꯕ    ꯔꯦꯁ ꯄꯣ ꯟꯗ ꯦꯟ ꯭ꯇ    ꯑꯗꯨꯅ    ꯊꯥꯔꯛ ꯈꯤꯕ    ꯋꯥꯌꯦꯜꯁꯪꯗ    ꯄꯨꯈꯠ ꯈꯤꯕ    ꯋꯥꯀꯠ    ꯑꯗꯨ    ꯊꯝꯕ    ꯌꯥ ꯗꯦ    ꯍꯥꯏꯅ    ꯋꯥꯀꯠ    ꯑꯃ    ꯁꯦꯝ ꯃꯛ ꯈꯤ꯫ ,229,83
504,ꯑꯣꯜ ꯏꯟꯗꯤꯌꯥ ꯏꯟꯁꯇꯤꯇ꯭ꯌꯨꯠ ꯑꯣꯐ ꯃꯦꯗꯤꯀꯦꯜ ꯁꯥꯏꯟꯁꯦꯁ ꯀꯦꯁꯀꯤ ꯃꯈꯥꯗ ꯊꯝꯈꯤꯕ ꯑꯃꯁꯨꯡ ꯒꯪꯒꯙꯔꯒꯤ ꯀꯦꯁꯀꯤ ꯃꯈꯥꯗ ꯑꯃꯨꯛ ꯍꯟꯅ ꯍꯥꯏꯈꯤꯅ ꯑꯁꯤ ꯁꯦꯝꯗꯣꯛꯅꯕꯒꯤ ꯑꯐꯪꯕ ꯊꯧꯋꯣꯡꯗꯤ ꯃꯦꯖꯤꯁꯇꯔꯦꯠ ꯑꯃꯒꯤ ꯃꯃꯥꯡꯗ ꯋꯥꯀꯠ ꯑꯃ ꯃꯦꯟꯖꯜꯂꯒ ꯊꯥꯒꯠꯄ ꯑꯁꯤꯗꯒꯤ ꯍꯧꯕ ꯑꯁꯤꯅꯤ꯫,ꯑꯣ ꯜ    ꯏꯟꯗꯤꯌꯥ    ꯏꯟꯁꯇꯤꯇ꯭ꯌꯨ ꯠ    ꯑꯣꯐ    ꯃꯦꯗꯤ ꯀꯦꯜ    ꯁꯥꯏꯟ ꯁ ꯦꯁ    ꯀꯦꯁ ꯀꯤ    ꯃꯈꯥꯗ    ꯊꯝ ꯈꯤꯕ    ꯑꯃꯁꯨꯡ    ꯒꯪ ꯒ ꯙ ꯔꯒꯤ    ꯀꯦꯁ ꯀꯤ    ꯃꯈꯥꯗ    ꯑꯃꯨꯛ    ꯍꯟꯅ    ꯍꯥꯏ ꯈꯤ ꯅ    ꯑꯁꯤ    ꯁꯦꯝꯗꯣꯛ ꯅꯕꯒꯤ    ꯑ ꯐꯪꯕ    ꯊꯧ ꯋ ꯣꯡ ꯗꯤ    ꯃꯦ ꯖꯤ ꯁꯇ ꯔꯦꯠ    ꯑꯃꯒꯤ    ꯃꯃꯥꯡꯗ    ꯋꯥꯀꯠ    ꯑꯃ    ꯃꯦꯟ ꯖ ꯜꯂꯒ    ꯊꯥꯒꯠꯄ    ꯑꯁꯤꯗꯒꯤ    ꯍꯧꯕ    ꯑꯁꯤꯅꯤ꯫ ,159,53
505,"ꯑꯣꯂ ꯏꯟꯗꯤꯌꯥ ꯏꯟꯁꯇꯤꯇꯌꯨꯠ ꯑꯣꯐ ꯃꯦꯗꯤꯀꯦꯜ ꯁꯥꯏꯟꯁꯟꯁ ꯀꯤ ꯀꯦꯁ, ꯒꯪꯒꯥꯙꯔꯒꯤ ꯀꯦꯁ, ꯍꯥꯔꯤ ꯁꯤꯡꯍꯒꯤ ꯀꯦꯁ, ꯃꯤꯅꯨ ꯀꯨꯃꯥꯔꯤꯒꯤ ꯀꯦꯁ ꯑꯃꯁꯨꯡ ꯔꯥꯃꯦꯁ ꯀꯨꯃꯥꯔꯤꯒꯤ ꯀꯦꯁꯀꯤ ꯃꯤꯠꯌꯦꯡꯗ ꯆꯌꯦꯠꯅꯕ ꯑꯃ ꯂꯩꯌꯦ ꯍꯥꯏꯅ ꯍꯥꯏꯐꯦꯠ ꯏꯡꯒꯤꯠ ꯄꯤꯔꯕꯁꯨ, ꯑꯩꯈꯣꯏꯅꯗꯤ ꯔꯥꯃꯦꯁ ꯀꯨꯃꯥꯔꯒꯤ ꯀꯦꯁꯇ ꯃꯔꯥꯟ ꯁꯤꯕ ꯌꯥꯔꯕ ꯑꯔꯥꯟꯕ ꯑꯃꯗ ꯄꯨꯂꯤꯁꯅ ꯂꯧꯈꯠꯀꯗꯧꯕ ꯊꯕꯛ ꯑꯗꯨꯒ ꯃꯔꯤ ꯂꯩꯅꯅ ꯐꯣꯡꯗꯣꯛꯈꯤꯕ ꯋꯥꯈꯜꯂꯣꯟ ꯑꯗꯨ ꯃꯌꯥꯝꯗ ꯈꯪꯍꯟꯅꯕ ꯄꯨꯈꯠꯂꯛꯏ ꯍꯥꯏꯕ ꯋꯥꯐꯝ ꯐꯪꯉꯤ꯫","ꯑꯣ ꯂ    ꯏꯟꯗꯤꯌꯥ    ꯏꯟ ꯁꯇꯤ ꯇ ꯌꯨ ꯠ    ꯑꯣꯐ    ꯃꯦꯗꯤ ꯀꯦꯜ    ꯁꯥꯏꯟ ꯁꯟ ꯁ    ꯀꯤ    ꯀꯦꯁ ,    ꯒꯪ ꯒꯥ ꯙ ꯔꯒꯤ    ꯀꯦꯁ ,    ꯍꯥꯔ ꯤ    ꯁꯤꯡꯍ ꯒꯤ    ꯀꯦꯁ ,    ꯃꯤ ꯅꯨ    ꯀꯨꯃꯥꯔ ꯤ ꯒꯤ    ꯀꯦꯁ    ꯑꯃꯁꯨꯡ    ꯔꯥ ꯃ ꯦꯁ    ꯀꯨꯃꯥꯔ ꯤ ꯒꯤ    ꯀꯦꯁ ꯀꯤ    ꯃꯤꯠ ꯌꯦꯡ ꯗ    ꯆ ꯌꯦꯠꯅꯕ    ꯑꯃ    ꯂꯩ ꯌꯦ   ꯍꯥꯏꯅ    ꯍꯥꯏ ꯐꯦ ꯠ    ꯏ ꯡ ꯒꯤ ꯠ    ꯄꯤ ꯔꯕꯁꯨ,    ꯑꯩꯈ ꯣꯏ ꯅꯗꯤ    ꯔꯥ ꯃ ꯦꯁ    ꯀꯨꯃꯥꯔꯒꯤ    ꯀꯦꯁ ꯇ    ꯃꯔ ꯥꯟ    ꯁꯤꯕ    ꯌꯥ ꯔꯕ    ꯑꯔꯥꯟꯕ    ꯑꯃꯗ    ꯄꯨꯂꯤꯁꯅ    ꯂꯧꯈꯠ ꯀꯗ ꯧꯕ    ꯊꯕꯛ    ꯑꯗꯨꯒ    ꯃꯔꯤ    ꯂꯩ ꯅꯅ    ꯐꯣꯡꯗꯣꯛ ꯈꯤꯕ    ꯋꯥꯈꯜꯂꯣꯟ    ꯑꯗꯨ    ꯃꯌꯥꯝ ꯗ    ꯈꯪ ꯍꯟꯅꯕ    ꯄꯨ ꯈꯠꯂꯛ ꯏ    ꯍꯥꯏꯕ    ꯋꯥꯐꯝ    ꯐꯪ ꯉꯤ꯫ ",267,102
506,"ꯄꯨꯂꯤꯁꯅ ꯁꯦꯛꯁꯟ ꯱꯵꯴ꯒꯤ ꯃꯈꯥꯗ ꯑꯏꯕ ꯋꯥꯌꯦꯜꯂꯣꯟꯒ ꯃꯔꯤ ꯂꯩꯅꯕ ꯅꯠꯇ꯭ꯔꯒ ꯁꯦꯝꯂꯕ ꯃꯊꯧ ꯄꯥꯡꯊꯣꯛꯇꯕ ꯑꯣꯏꯔꯕꯗꯤ ꯇꯧꯕ ꯌꯥꯕꯁꯤꯡ ꯑꯗꯨ ꯑꯣꯜ ꯏꯟꯗꯤꯌꯥ ꯏꯟꯁ꯭ꯇꯤꯇ꯭ꯌꯨꯠ ꯑꯣꯐ ꯃꯦꯗꯤꯀꯦꯜ ꯁꯥꯏꯟꯁꯀꯤ ꯀꯦꯁ, ꯒꯪꯒꯥꯙꯔꯁꯤꯡꯒꯤ ꯀꯦꯁ, ꯍꯔꯤ ꯁꯤꯡꯒꯤ ꯀꯦꯁ ꯑꯃꯁꯨꯡ ꯃꯤꯅꯨ ꯀꯨꯃꯥꯔꯤꯁꯤꯡꯒꯤ ꯀꯦꯁ ꯑꯗꯨꯒꯤ ꯋꯥꯊꯣꯛꯀ ꯆꯞ ꯃꯥꯟꯅꯩ꯫","ꯄꯨꯂꯤꯁꯅ    ꯁꯦ ꯛꯁꯟ    ꯱꯵ ꯴ꯒꯤ    ꯃꯈꯥꯗ    ꯑꯏꯕ    ꯋꯥꯌꯦꯜ ꯂꯣꯟ ꯒ    ꯃꯔꯤ    ꯂꯩꯅꯕ    ꯅꯠꯇ꯭ꯔꯒ    ꯁꯦꯝ ꯂꯕ    ꯃꯊꯧ    ꯄꯥꯡꯊꯣꯛ ꯇꯕ    ꯑꯣꯏꯔꯕꯗꯤ    ꯇꯧꯕ    ꯌꯥ ꯕꯁꯤꯡ    ꯑꯗꯨ    ꯑꯣ ꯜ    ꯏꯟꯗꯤꯌꯥ    ꯏꯟ ꯁ꯭ꯇꯤ ꯇ꯭ꯌꯨ ꯠ    ꯑꯣꯐ    ꯃꯦꯗꯤ ꯀꯦꯜ    ꯁꯥꯏꯟ ꯁꯀꯤ    ꯀꯦꯁ ,    ꯒꯪ ꯒꯥ ꯙꯔ ꯁꯤꯡꯒꯤ    ꯀꯦꯁ ,    ꯍ ꯔꯤ    ꯁꯤꯡꯒꯤ    ꯀꯦꯁ    ꯑꯃꯁꯨꯡ    ꯃꯤ ꯅꯨ    ꯀꯨꯃꯥꯔ ꯤ ꯁꯤꯡꯒꯤ    ꯀꯦꯁ    ꯑꯗꯨꯒꯤ    ꯋꯥ ꯊꯣꯛ ꯀ    ꯆꯞ    ꯃꯥꯟꯅꯩ꯫ ",189,60
507,ꯃꯔꯝ ꯑꯗꯨꯅ ꯋꯥꯔꯦꯞ ꯑꯗꯨ ꯌꯨꯅꯤꯌꯟ ꯑꯣꯐ ꯏꯟꯗꯤꯌꯥꯒꯤ ꯈꯪ-ꯍꯩꯔꯕ ꯑꯦꯖꯦꯟꯁꯤꯁꯤꯡꯗ ꯁꯤꯟꯅꯈꯤ꯫,ꯃꯔꯝ    ꯑꯗꯨꯅ    ꯋꯥꯔꯦꯞ    ꯑꯗꯨ    ꯌꯨꯅꯤꯌꯟ    ꯑꯣꯐ    ꯏꯟꯗꯤꯌꯥꯒꯤ    ꯈꯪ - ꯍꯩ ꯔꯕ    ꯑꯦꯖꯦꯟ ꯁꯤ ꯁꯤꯡꯗ    ꯁꯤꯟ ꯅꯈꯤ꯫ ,57,16
508,"ꯑꯍꯥꯟꯕ ꯋꯥꯀꯠꯄꯒ ꯃꯔꯤ ꯂꯩꯅꯕ ꯋꯥꯌꯦꯜꯁꯪ ꯑꯗꯨꯅ ꯋꯥꯌꯦꯜꯁꯪ ꯑꯗꯨꯗ ꯏꯁꯨ ꯃꯁꯤꯡ ꯱ ꯑꯃꯁꯨꯡ ꯴ꯒꯤ ꯆꯠꯊꯈꯤꯕ ꯋꯥꯌꯦꯜ ꯑꯗꯨꯗ ꯐꯪꯈꯤꯕꯁꯤꯡ ꯑꯗꯨ ꯍꯟꯗꯣꯛꯔꯛꯈꯤ ꯑꯃꯁꯨꯡ ꯑꯍꯥꯟꯕ ꯄꯥꯎꯈꯨꯝ ꯄꯤꯒꯗꯧꯕ ꯃꯤ ꯑꯗꯨꯅ ꯊꯥꯒꯠꯂꯛꯈꯤꯕ ꯋꯥꯀꯠ ꯃꯔꯤ ꯑꯗꯨ ꯃꯍꯥꯛꯅ ꯃꯤꯒꯤ ꯂꯝꯗ ꯑꯌꯥꯕ ꯌꯥꯎꯗꯅ ꯂꯥꯟꯁꯤꯟꯈꯤꯕ ꯑꯣꯏꯕꯒ ꯑꯃꯁꯨꯡ ꯀꯦꯁ ꯑꯗꯨ ꯑꯦꯛ ꯱꯹꯷꯱ꯒꯤ ꯃꯈꯥꯗ ꯂꯩꯕ ꯃꯤ ꯌꯥꯝꯅ ꯀꯨꯡꯕ ꯆꯃꯣꯠꯅꯕ ꯃꯐꯝꯗ ꯑꯌꯥꯕ ꯌꯥꯎꯗꯅ ꯆꯪꯕ ꯑꯣꯏꯕꯅ, ꯀꯝꯄꯤꯇꯦꯟ꯭ꯇ ꯑꯣꯊꯣꯔꯤꯇꯤꯒꯤ ꯑꯌꯥꯕ ꯃꯊꯧ ꯇꯥꯗꯦ ꯍꯥꯏꯕꯒꯤ ꯀꯣꯝꯄꯤꯇꯦꯟ꯭ꯇ ꯑꯣꯊꯣꯔꯤꯇꯤꯒꯤ ꯑꯌꯥꯕ ꯌꯥꯎꯗꯅ ꯆꯪꯕ ꯌꯥꯏ ꯍꯥꯏꯅ ꯂꯧꯈꯤ꯫","ꯑꯍꯥꯟꯕ    ꯋꯥꯀꯠ ꯄꯒ    ꯃꯔꯤ    ꯂꯩꯅꯕ    ꯋꯥꯌꯦꯜ ꯁꯪ    ꯑꯗꯨꯅ    ꯋꯥꯌꯦꯜ ꯁꯪ    ꯑꯗꯨꯗ    ꯏ ꯁꯨ    ꯃꯁꯤꯡ    ꯱    ꯑꯃꯁꯨꯡ    ꯴ꯒꯤ    ꯆꯠꯊ ꯈꯤꯕ    ꯋꯥꯌꯦꯜ    ꯑꯗꯨꯗ    ꯐꯪ ꯈꯤꯕꯁꯤꯡ    ꯑꯗꯨ    ꯍꯟꯗꯣꯛ ꯔꯛꯈꯤ    ꯑꯃꯁꯨꯡ    ꯑꯍꯥꯟꯕ    ꯄꯥꯎꯈꯨꯝ    ꯄꯤ ꯒꯗ ꯧꯕ    ꯃꯤ    ꯑꯗꯨꯅ    ꯊꯥꯒꯠ ꯂꯛ ꯈꯤꯕ    ꯋꯥꯀꯠ    ꯃꯔꯤ    ꯑꯗꯨ    ꯃꯍꯥꯛꯅ    ꯃꯤꯒꯤ    ꯂꯝꯗ    ꯑꯌꯥꯕ    ꯌꯥꯎꯗꯅ    ꯂꯥꯟ ꯁꯤꯟ ꯈꯤꯕ    ꯑꯣꯏ ꯕꯒ    ꯑꯃꯁꯨꯡ    ꯀꯦꯁ    ꯑꯗꯨ    ꯑꯦ ꯛ    ꯱꯹꯷ ꯱ꯒꯤ    ꯃꯈꯥꯗ    ꯂꯩꯕ    ꯃꯤ    ꯌꯥꯝꯅ    ꯀ ꯨꯡ ꯕ    ꯆ ꯃꯣ ꯠ ꯅꯕ    ꯃꯐꯝꯗ    ꯑꯌꯥꯕ    ꯌꯥꯎꯗꯅ    ꯆꯪꯕ    ꯑꯣꯏꯕ ꯅ,    ꯀꯝꯄꯤ ꯇꯦꯟ ꯭ꯇ    ꯑꯣ ꯊꯣ ꯔꯤ ꯇꯤꯒꯤ    ꯑꯌꯥꯕ    ꯃꯊꯧ    ꯇꯥ ꯗꯦ    ꯍꯥꯏꯕꯒꯤ    ꯀꯣ ꯝꯄꯤ ꯇꯦꯟ ꯭ꯇ    ꯑꯣ ꯊꯣ ꯔꯤ ꯇꯤꯒꯤ    ꯑꯌꯥꯕ    ꯌꯥꯎꯗꯅ    ꯆꯪꯕ    ꯌꯥꯏ    ꯍꯥꯏꯅ    ꯂꯧꯈꯤ꯫ ",318,100
509,ꯋꯥꯀꯠ ꯊꯥꯒꯠꯂꯛꯂꯤꯕ ꯃꯤ ꯑꯗꯨꯒ ꯂꯩꯈꯤꯗꯔꯕ ꯃꯤ ꯑꯗꯨꯒ ꯂꯨꯍꯣꯡꯗꯅ ꯌꯨꯝ ꯑꯃꯗ ꯄꯨꯟꯅ ꯂꯩꯃꯤꯟꯅꯔꯝꯕꯅꯤ ꯑꯗꯨꯕꯨ ꯃꯃꯤꯔꯣꯏ ꯑꯗꯨꯅ ꯂꯩꯔꯣꯏꯗꯧꯕ ꯅꯨꯃꯤꯠ ꯈꯔꯅꯤꯒꯤ ꯃꯃꯥꯡꯗ ꯸,ꯋꯥꯀꯠ    ꯊꯥꯒꯠ ꯂꯛ ꯂꯤꯕ    ꯃꯤ    ꯑꯗꯨꯒ    ꯂꯩꯈꯤ ꯗ ꯔꯕ    ꯃꯤ    ꯑꯗꯨꯒ    ꯂꯨꯍꯣꯡ ꯗꯅ    ꯌꯨꯝ    ꯑꯃꯗ    ꯄꯨꯟꯅ    ꯂꯩꯃꯤꯟ ꯅ ꯔꯝ ꯕꯅꯤ    ꯑꯗꯨꯕꯨ    ꯃꯃꯤꯔꯣꯏ    ꯑꯗꯨꯅ    ꯂꯩ ꯔꯣꯏ ꯗ ꯧꯕ    ꯅꯨꯃꯤꯠ    ꯈꯔ ꯅꯤꯒꯤ    ꯃꯃꯥꯡꯗ    ꯸ ,100,32
510,꯶,꯶ ,1,1
511,꯲꯰꯲꯰ꯗ ꯃꯍꯥꯛ ꯃꯨꯝꯕꯥꯏꯗ ꯃꯁꯥꯒꯤ ꯃꯌꯨꯝꯗ ꯍꯣꯡꯈꯤ꯫,꯲꯰ ꯲꯰ꯗ    ꯃꯍꯥꯛ    ꯃꯨꯝꯕꯥꯏꯗ    ꯃꯁꯥꯒꯤ    ꯃ ꯌꯨꯝꯗ    ꯍꯣꯡ ꯈꯤ꯫ ,32,9
512,"ꯆꯠꯊꯒꯗꯧꯔꯤꯕ ꯊꯧꯋꯣꯡꯁꯤꯡ ꯑꯁꯤꯒꯤ ꯄꯥꯝꯗꯝꯗꯤ ꯃꯤ ꯑꯃꯕꯨ ꯆꯤꯡꯅꯅꯤꯡꯉꯥꯏ ꯑꯣꯏꯕ ꯃꯑꯣꯡꯗ ꯁꯤꯈꯤꯕꯔꯥ ꯅꯠꯇ꯭ꯔꯒ ꯃꯍꯧꯁꯥꯒꯤ ꯅꯠꯇꯕ ꯃꯑꯣꯡꯗ ꯁꯤꯈꯤꯕꯔꯥ ꯍꯥꯏꯕꯗꯨ ꯈꯪꯗꯣꯛꯄꯗꯨꯅꯤ, ꯑꯗꯨꯒ ꯀꯔꯤꯒꯨꯝꯕ ꯑꯣꯏꯔꯝꯃꯕꯗꯤ, ꯁꯤꯕꯒꯤ ꯃꯔꯝ ꯑꯗꯨ ꯀꯔꯤ ꯑꯣꯏꯕꯒꯦ ꯍꯥꯏꯕꯗꯨꯅꯤ꯫","ꯆꯠꯊ ꯒꯗꯧ ꯔꯤꯕ    ꯊꯧ ꯋ ꯣꯡ ꯁꯤꯡ    ꯑꯁꯤꯒꯤ    ꯄꯥꯝ ꯗꯝ ꯗꯤ    ꯃꯤ    ꯑꯃꯕꯨ    ꯆꯤꯡ ꯅ ꯅꯤꯡꯉꯥꯏ    ꯑꯣꯏꯕ    ꯃꯑꯣꯡꯗ    ꯁꯤ ꯈꯤꯕ ꯔꯥ    ꯅꯠꯇ꯭ꯔꯒ    ꯃꯍꯧꯁꯥꯒꯤ    ꯅꯠꯇꯕ    ꯃꯑꯣꯡꯗ    ꯁꯤ ꯈꯤꯕ ꯔꯥ    ꯍꯥꯏꯕꯗꯨ    ꯈꯪꯗꯣꯛ ꯄ ꯗꯨ ꯅꯤ,    ꯑꯗꯨꯒ    ꯀꯔꯤꯒꯨꯝꯕ    ꯑꯣꯏꯔꯝ ꯃ ꯕꯗꯤ,    ꯁꯤꯕꯒꯤ    ꯃꯔꯝ    ꯑꯗꯨ    ꯀꯔꯤ    ꯑꯣꯏ ꯕꯒꯦ    ꯍꯥꯏꯕ ꯗꯨ ꯅꯤ꯫ ",157,47
513,"ꯂꯩꯈꯤꯗ꯭ꯔꯕ ꯃꯤ ꯑꯗꯨꯕꯨ ꯀꯔꯝ ꯍꯥꯏꯅ ꯐꯨꯈꯤꯕꯒꯦ ꯍꯥꯏꯕꯒꯤ ꯑꯀꯨꯞꯄ ꯃꯔꯣꯜ, ꯀꯅꯥꯅ ꯐꯨꯈꯤꯕ ꯅꯠꯇ꯭ꯔꯒ ꯀꯔꯝꯕ ꯐꯤꯚꯝꯗ ꯐꯨꯈꯤ ꯍꯥꯏꯕꯁꯤ ꯁꯦꯛꯁꯟ ꯱꯷꯴ꯒꯤ ꯆꯠꯅ ꯄꯊꯥꯞ ꯑꯗꯨꯒꯤ ꯃꯈꯥꯗ ꯇꯧꯕ ꯉꯝꯕꯒꯤ ꯉꯝꯈꯩ ꯑꯃꯁꯨꯡ ꯊꯕꯛ ꯆꯠꯊꯒꯗꯧꯔꯤꯕ ꯑꯗꯨꯒꯤ ꯉꯝꯈꯩ ꯑꯗꯨꯗ ꯌꯥꯎꯗꯦ꯫","ꯂꯩꯈꯤꯗ꯭ꯔꯕ    ꯃꯤ    ꯑꯗꯨꯕꯨ    ꯀꯔ ꯝ    ꯍꯥꯏꯅ    ꯐꯨ ꯈꯤꯕꯒꯦ    ꯍꯥꯏꯕꯒꯤ    ꯑꯀꯨꯞꯄ    ꯃꯔꯣ ꯜ,    ꯀꯅꯥ ꯅ    ꯐꯨ ꯈꯤꯕ    ꯅꯠꯇ꯭ꯔꯒ    ꯀꯔꯝꯕ    ꯐꯤꯚ ꯝꯗ    ꯐꯨ ꯈꯤ    ꯍꯥꯏꯕꯁꯤ    ꯁꯦ ꯛꯁꯟ    ꯱꯷ ꯴ꯒꯤ    ꯆꯠꯅ    ꯄꯊꯥꯞ    ꯑꯗꯨꯒꯤ    ꯃꯈꯥꯗ    ꯇꯧꯕ    ꯉꯝꯕꯒꯤ    ꯉꯝꯈꯩ    ꯑꯃꯁꯨꯡ    ꯊꯕꯛ    ꯆꯠꯊ ꯒꯗꯧ ꯔꯤꯕ    ꯑꯗꯨꯒꯤ    ꯉꯝꯈꯩ    ꯑꯗꯨꯗ    ꯌꯥꯎ ꯗꯦ꯫ ",153,44
514,"ꯁꯕ-ꯁꯦꯛꯁꯟ (꯳)ꯒꯤ ꯃꯇꯨꯡ ꯏꯟꯅ, ꯑꯁꯤꯒꯨꯝꯕ ꯍꯥꯏꯖ ꯆꯦꯔꯣꯜ ꯑꯃ ꯐꯪꯕꯒ, ꯀꯥꯡꯕꯨꯁꯤꯡ ꯑꯗꯨꯗ ꯃꯈꯣꯏꯒꯤ ꯋꯥ ꯇꯥꯅꯅꯕꯒꯤ ꯇꯟꯖꯥ ꯑꯃ ꯄꯤꯔꯕ ꯃꯇꯨꯡꯗ ꯑꯃꯁꯨꯡ ꯃꯈꯣꯏꯅ ꯀꯦꯁ ꯑꯗꯨꯒꯤ ꯑꯣꯏꯔꯤꯕ ꯐꯤꯚꯝ ꯑꯁꯤꯗ ꯃꯇꯤꯛ ꯆꯥꯏ ꯍꯥꯏꯅ ꯂꯧꯕ ꯑꯁꯤꯒꯨꯝꯕ ꯋꯥ-ꯃꯆꯪ ꯑꯣꯏꯕ ꯋꯥꯍꯪꯁꯤꯡ ꯁꯦꯝꯃꯕ ꯃꯇꯨꯡꯗ ꯑꯌꯥꯕ ꯑꯗꯨ ꯄꯤꯔꯦ ꯅꯠꯇ꯭ꯔꯒ ꯑꯌꯥꯕ ꯑꯗꯨ ꯄꯤꯕ ꯌꯥꯗꯦ ꯍꯥꯏꯅ ꯀꯣꯝꯄꯤꯇꯦꯟ꯭ꯇ ꯑꯣꯊꯣꯔꯤꯇꯤ ꯑꯗꯨꯅ ꯌꯥꯊꯪꯒꯤ ꯃꯇꯨꯡ ꯏꯟꯅ ꯑꯏꯕ ꯋꯥꯔꯣꯜ ꯑꯣꯏꯅ ꯄꯤꯕ ꯌꯥꯏ꯫","ꯁꯕ- ꯁꯦ ꯛꯁꯟ    ( ꯳ )ꯒꯤ    ꯃꯇꯨꯡ    ꯏꯟꯅ,    ꯑꯁꯤꯒꯨꯝꯕ    ꯍꯥꯏ ꯖ    ꯆꯦ ꯔꯣꯜ    ꯑꯃ    ꯐꯪ ꯕ ꯒ,    ꯀꯥꯡ ꯕꯨ ꯁꯤꯡ    ꯑꯗꯨꯗ    ꯃꯈꯣꯏꯒꯤ    ꯋꯥ    ꯇꯥ ꯅ ꯅꯕꯒꯤ    ꯇꯟ ꯖꯥ    ꯑꯃ    ꯄꯤꯔꯕ    ꯃꯇꯨꯡꯗ    ꯑꯃꯁꯨꯡ    ꯃꯈꯣꯏꯅ    ꯀꯦꯁ    ꯑꯗꯨꯒꯤ    ꯑꯣꯏꯔꯤꯕ    ꯐꯤꯚꯝ    ꯑꯁꯤꯗ    ꯃꯇꯤꯛ    ꯆ ꯥꯏ    ꯍꯥꯏꯅ    ꯂꯧꯕ    ꯑꯁꯤꯒꯨꯝꯕ    ꯋꯥ - ꯃꯆ ꯪ    ꯑꯣꯏꯕ    ꯋꯥꯍꯪ ꯁꯤꯡ    ꯁꯦꯝ ꯃ ꯕ    ꯃꯇꯨꯡꯗ    ꯑꯌꯥꯕ    ꯑꯗꯨ    ꯄꯤ ꯔꯦ    ꯅꯠꯇ꯭ꯔꯒ    ꯑꯌꯥꯕ    ꯑꯗꯨ    ꯄꯤꯕ    ꯌꯥ ꯗꯦ    ꯍꯥꯏꯅ    ꯀꯣ ꯝꯄꯤ ꯇꯦꯟ ꯭ꯇ    ꯑꯣ ꯊꯣ ꯔꯤꯇꯤ    ꯑꯗꯨꯅ    ꯌꯥ ꯊꯪ ꯒꯤ    ꯃꯇꯨꯡ    ꯏꯟꯅ    ꯑꯏꯕ    ꯋꯥꯔꯣꯜ    ꯑꯣꯏꯅ    ꯄꯤꯕ    ꯌꯥꯏ꯫ ",255,84
515,ꯁꯦꯛꯁꯟ ꯲꯲ꯒꯤ ꯁꯕ-ꯁꯦꯛꯁꯟ (꯲)ꯅ ꯑꯌꯥꯕ ꯂꯧꯕ ꯄꯥꯝꯂꯤꯕ ꯃꯤꯑꯣꯏ ꯑꯗꯨꯅ ꯃꯇꯤꯛꯆꯥꯕ ꯑꯣꯊꯣꯔꯤꯇꯤ ꯑꯗꯨꯗ ꯑꯏꯕ ꯑꯣꯏꯅ ꯍꯥꯏꯖ ꯋꯥꯔꯣꯜ ꯑꯃ ꯊꯥꯕ ꯃꯊꯧ ꯇꯥꯏ꯫,ꯁꯦ ꯛꯁꯟ    ꯲ ꯲ꯒꯤ    ꯁꯕ- ꯁꯦ ꯛꯁꯟ    ( ꯲ )ꯅ    ꯑꯌꯥꯕ    ꯂꯧꯕ    ꯄꯥꯝꯂꯤꯕ    ꯃꯤꯑꯣꯏ    ꯑꯗꯨꯅ    ꯃꯇꯤ ꯛ ꯆꯥꯕ    ꯑꯣ ꯊꯣ ꯔꯤꯇꯤ    ꯑꯗꯨꯗ    ꯑꯏꯕ    ꯑꯣꯏꯅ    ꯍꯥꯏ ꯖ    ꯋꯥꯔꯣꯜ    ꯑꯃ    ꯊꯥꯕ    ꯃꯊꯧ    ꯇꯥꯏ꯫ ,90,31
516,"ꯇ꯭ꯔꯦꯗꯃꯥꯔꯛ ꯑꯃꯗ ꯕ꯭ꯔꯥꯟ ꯅꯠꯇ꯭ꯔꯒ ꯀꯃꯔꯁꯤꯑꯦꯜ ꯑꯦꯟꯇꯔꯄ꯭ꯔꯥꯏꯁ ꯑꯗꯨ ꯑꯇꯣꯞꯄ ꯕ꯭ꯔꯥꯟꯁꯤꯡ ꯅꯠꯇ꯭ꯔꯒ ꯀꯃꯔꯁꯤꯑꯦꯜ ꯑꯦꯟꯇꯔꯄ꯭ꯔꯥꯏꯁꯁꯤꯡꯗꯒꯤ ꯇꯣꯞ-ꯇꯣꯞꯅ ꯎꯍꯟꯕ ꯚꯤꯖꯨꯑꯜ ꯁꯤꯝꯕꯣꯜ, ꯋꯥꯍꯩ, ꯃꯤꯡ, ꯗꯤꯖꯥꯏꯟ, ꯁ꯭ꯂꯣꯒꯥꯟ, ꯂꯦꯕꯦꯜ, ꯑꯁꯤꯅꯆꯤꯡꯕꯁꯤ ꯌꯥꯎꯋꯤ꯫","ꯇ꯭ꯔꯦ ꯗ ꯃꯥꯔ ꯛ    ꯑꯃꯗ    ꯕ꯭ꯔ ꯥꯟ    ꯅꯠꯇ꯭ꯔꯒ    ꯀ ꯃꯔ ꯁꯤꯑꯦꯜ    ꯑꯦꯟ ꯇꯔ ꯄ꯭ꯔꯥꯏ ꯁ    ꯑꯗꯨ    ꯑꯇꯣꯞꯄ    ꯕ꯭ꯔ ꯥꯟ ꯁꯤꯡ    ꯅꯠꯇ꯭ꯔꯒ    ꯀ ꯃꯔ ꯁꯤꯑꯦꯜ    ꯑꯦꯟ ꯇꯔ ꯄ꯭ꯔꯥꯏ ꯁ ꯁꯤꯡꯗꯒꯤ    ꯇꯣꯞ- ꯇꯣ ꯞꯅ    ꯎ ꯍꯟꯕ    ꯚꯤ ꯖꯨ ꯑ ꯜ    ꯁꯤꯝ ꯕꯣ ꯜ,    ꯋꯥꯍꯩ ,    ꯃꯤꯡ ,    ꯗꯤꯖꯥꯏ ꯟ,    ꯁ꯭ ꯂꯣ ꯒꯥꯟ ,    ꯂꯦ ꯕꯦ ꯜ,    ꯑꯁꯤꯅꯆꯤꯡ ꯕ ꯁꯤ    ꯌꯥꯎꯋꯤ꯫ ",160,58
517,"ꯃꯔꯥꯜ ꯁꯤꯕ ꯌꯥꯔꯕ ꯑꯔꯥꯟꯕ ꯊꯧꯑꯣꯡ ꯑꯃ ꯑꯣꯏꯔꯤꯕ ꯁꯤꯟꯊꯥꯡꯂꯣꯏꯗ ꯁꯦꯟ ꯄꯤꯔꯦ ꯍꯥꯏꯕꯒꯤ ꯄꯥꯎ ꯑꯃꯍꯦꯛꯇ ꯄꯨꯂꯤꯁꯅ ꯇꯥꯔꯕꯗꯤ, ꯃꯗꯨꯗ ꯑꯦꯐꯑꯥꯏꯑꯥꯔ ꯄꯥꯟꯕ ꯍꯥꯏꯕꯁꯤ ꯃꯊꯧꯅꯤ꯫","ꯃꯔꯥꯜ    ꯁꯤꯕ    ꯌꯥ ꯔꯕ    ꯑꯔꯥꯟꯕ    ꯊꯧꯑꯣꯡ    ꯑꯃ    ꯑꯣꯏꯔꯤꯕ    ꯁꯤꯟ ꯊꯥꯡ ꯂꯣꯏ ꯗ    ꯁꯦꯟ    ꯄꯤ ꯔꯦ    ꯍꯥꯏꯕꯒꯤ    ꯄꯥꯎ    ꯑꯃꯍꯦꯛꯇ    ꯄꯨꯂꯤꯁꯅ    ꯇꯥꯔꯕꯗꯤ,    ꯃꯗꯨꯗ    ꯑꯦꯐ ꯑꯥꯏ ꯑꯥꯔ   ꯄꯥꯟꯕ    ꯍꯥꯏꯕꯁꯤ    ꯃ ꯊꯧ ꯅꯤ꯫ ",103,29
518,ꯁꯃꯨꯗ꯭ꯔ ꯃꯄꯥꯜꯗ ꯌꯨꯝ-ꯀꯩ ꯁꯥꯕ ꯊꯤꯡꯅꯕ ꯍꯣꯠꯅꯕ ꯂꯝ ꯁꯤꯖꯤꯟꯅꯕꯒꯤ ꯄꯣꯂꯤꯁꯤꯁꯤꯡꯅ ꯐꯨꯔꯨꯞꯁꯤꯡꯕꯨ ꯁꯃꯨꯗ꯭ꯔꯒꯤ ꯊꯥꯛ ꯍꯦꯟꯒꯠꯂꯛꯄꯕꯨ ꯃꯥꯏ ꯄꯥꯛꯅ ꯃꯥꯌꯣꯛꯅꯅꯕ ꯍꯦꯟꯅ ꯁꯤꯟꯗꯣꯛꯁꯤꯟꯖꯤꯟ ꯇꯧꯕ ꯌꯥꯍꯟꯒꯅꯤ꯫,ꯁꯃꯨꯗ꯭ꯔ    ꯃꯄꯥ ꯜꯗ    ꯌꯨꯝ - ꯀꯩ    ꯁꯥꯕ    ꯊꯤꯡ ꯅꯕ    ꯍꯣꯠꯅꯕ    ꯂꯝ    ꯁꯤꯖꯤꯟꯅꯕꯒꯤ    ꯄꯣꯂꯤ ꯁꯤ ꯁꯤꯡꯅ    ꯐꯨꯔꯨ ꯞ ꯁꯤꯡꯕꯨ    ꯁꯃꯨꯗ꯭ꯔꯒꯤ    ꯊꯥꯛ    ꯍꯦꯟꯒꯠꯂꯛ ꯄ ꯕꯨ    ꯃꯥꯏ    ꯄꯥꯛꯅ    ꯃꯥꯌꯣꯛ ꯅꯅꯕ    ꯍꯦꯟꯅ    ꯁꯤꯟ ꯗꯣꯛ ꯁꯤꯟ ꯖꯤꯟ    ꯇꯧꯕ    ꯌꯥ ꯍꯟ ꯒꯅꯤ꯫ ,124,36
519,ꯁꯃꯨꯗ꯭ꯔꯗ ꯅꯠꯇ꯭ꯔꯒ ꯎꯄꯁꯥꯒꯔꯗ ꯃꯥꯏ ꯑꯣꯟꯁꯤꯟꯕ ꯌꯨꯝꯁꯤꯡ ꯂꯩꯕꯒꯤꯗꯤ ꯃꯄꯨꯁꯤꯡꯅ ꯃꯈꯣꯏꯒꯤ ꯏꯪꯈꯣꯜ ꯑꯗꯨ ꯈꯨꯗꯝ ꯑꯣꯏꯅ ꯇꯣꯔꯕꯥꯟꯗꯨ ꯆꯦꯠꯁꯤꯜꯍꯜꯂꯒ ꯉꯥꯛꯅꯕ ꯇꯧꯒꯅꯤ꯫,ꯁꯃꯨꯗ꯭ꯔ ꯗ    ꯅꯠꯇ꯭ꯔꯒ    ꯎ ꯄ ꯁꯥꯒ ꯔꯗ    ꯃꯥꯏ    ꯑꯣꯟ ꯁꯤꯟꯕ    ꯌꯨꯝ ꯁꯤꯡ    ꯂꯩꯕ ꯒꯤ ꯗꯤ    ꯃꯄꯨ ꯁꯤꯡꯅ    ꯃꯈꯣꯏꯒꯤ    ꯏꯪ ꯈꯣ ꯜ    ꯑꯗꯨ    ꯈꯨꯗꯝ    ꯑꯣꯏꯅ    ꯇꯣꯔꯕ ꯥꯟ ꯗꯨ    ꯆꯦ ꯠ ꯁꯤꯜ ꯍꯜꯂ ꯒ    ꯉꯥꯛ ꯅꯕ    ꯇꯧ ꯒꯅꯤ꯫ ,101,36
520,"ꯈꯨꯡꯒꯪ ꯑꯁꯤꯗ ꯂꯥꯏꯆꯠ ꯑꯃ ꯊꯣꯛꯂꯛꯈꯤ, ꯑꯃꯁꯨꯡ ꯑꯩꯅ ꯑꯥꯁ꯭ꯔꯝꯒꯤ ꯑꯉꯥꯡꯁꯤꯡ ꯑꯗꯨꯒꯤ ꯇꯦꯛꯇ ꯀꯥꯏꯗꯕ ꯑꯗꯨꯗ ꯈꯨꯗꯣꯡꯊꯤꯕ ꯑꯗꯨ ꯌꯥꯥꯝꯅ ꯁꯣꯏꯗꯅ ꯎꯈꯤ꯫","ꯈꯨꯡꯒꯪ    ꯑꯁꯤꯗ    ꯂꯥꯏ ꯆꯠ    ꯑꯃ    ꯊꯣꯛꯂꯛ ꯈꯤ,    ꯑꯃꯁꯨꯡ    ꯑꯩ ꯅ    ꯑꯥ ꯁ꯭ꯔ ꯝꯒꯤ    ꯑꯉꯥꯡ ꯁꯤꯡ    ꯑꯗꯨꯒꯤ    ꯇꯦ ꯛꯇ    ꯀꯥꯏ ꯗꯕ    ꯑꯗꯨꯗ    ꯈꯨꯗꯣꯡꯊꯤꯕ    ꯑꯗꯨ    ꯌꯥ ꯥ ꯝꯅ    ꯁꯣꯏꯗꯅ    ꯎ ꯈꯤ꯫ ",90,29
521,"ꯀꯨꯝ ꯑꯁꯤꯗ, ꯁꯥꯕ/ꯌꯥꯝꯅ ꯀꯥ ꯍꯦꯟꯅ ꯁꯥꯕꯒꯤ ꯐꯤꯚꯝ ꯑꯁꯤ ꯃꯥꯔꯆ ꯑꯃꯁꯨꯡ ꯑꯦꯄ꯭ꯔꯤꯜꯗ ꯊꯦꯡꯅꯩ꯫","ꯀꯨ ꯝ    ꯑꯁꯤꯗ,    ꯁꯥ ꯕ / ꯌꯥꯝꯅ    ꯀꯥ    ꯍꯦꯟꯅ    ꯁꯥꯕꯒꯤ    ꯐꯤꯚꯝ    ꯑꯁꯤ    ꯃꯥꯔꯆ    ꯑꯃꯁꯨꯡ    ꯑꯦꯄ꯭ꯔꯤ ꯜꯗ    ꯊꯦꯡ ꯅꯩ꯫ ",57,18
522,"ꯃꯦ ꯊꯥꯗ, ꯌꯥꯝꯅ ꯃꯁꯛ ꯊꯣꯛꯅ ꯁꯥꯕꯒꯤ ꯐꯤꯚꯝ ꯊꯦꯡꯅꯈꯤꯗꯦ꯫","ꯃꯦ    ꯊꯥ ꯗ,    ꯌꯥꯝꯅ    ꯃꯁꯛ    ꯊꯣꯛꯅ    ꯁꯥꯕꯒꯤ    ꯐꯤꯚꯝ    ꯊꯦꯡꯅ ꯈꯤꯗꯦ꯫ ",35,10
523,"ꯑꯩꯅ ꯍꯩꯖꯤꯛ ꯐꯥꯎꯕꯗ ꯆꯥꯔꯛꯄꯗ ꯍꯥꯏꯗ꯭ꯔꯕꯥꯗꯀꯤ ꯈ꯭ꯋꯥꯏꯗꯒꯤ ꯍꯥꯎꯕ ꯀꯕꯥꯕꯁꯤꯡ ꯑꯃꯁꯨꯡ ꯀꯨꯕꯥꯅꯤ ꯀꯥ ꯃꯤꯊꯥ ꯆꯥꯔꯕ ꯃꯇꯨꯡꯗ, ꯑꯩꯈꯣꯏ ꯃꯍꯥꯛꯀꯤ ꯄꯨꯟꯁꯤ ꯑꯃꯁꯨꯡ ꯃꯃꯤ ꯀꯨꯝꯍꯩꯁꯤꯡꯒꯤ ꯃꯔꯝꯗ ꯋꯥꯔꯤ ꯁꯥꯅꯅꯕ ꯌꯥꯝꯅ ꯆꯥꯎꯕ, ꯀꯨꯁꯟ ꯌꯥꯝꯅ ꯊꯥꯅ ꯊꯥꯕ ꯁꯣꯐꯥ ꯆꯧꯀ꯭ꯔꯤꯁꯤꯡꯗ ꯐꯝꯊꯔꯒ ꯆꯥ ꯊꯛꯏ꯫","ꯑꯩ ꯅ    ꯍꯩ ꯖꯤ ꯛ    ꯐꯥꯎꯕꯗ    ꯆꯥꯔ ꯛꯄꯗ    ꯍꯥꯏꯗ꯭ꯔ ꯕꯥꯗꯀꯤ    ꯈ꯭ꯋꯥꯏꯗꯒꯤ    ꯍꯥꯎ ꯕ    ꯀꯕꯥ ꯕꯁꯤꯡ    ꯑꯃꯁꯨꯡ    ꯀꯨ ꯕꯥ ꯅꯤ    ꯀꯥ    ꯃꯤ ꯊꯥ    ꯆꯥꯔ ꯕ    ꯃꯇꯨꯡꯗ,    ꯑꯩꯈ ꯣꯏ    ꯃꯍꯥꯛꯀꯤ    ꯄꯨꯟꯁꯤ    ꯑꯃꯁꯨꯡ    ꯃꯃꯤ    ꯀꯨꯝꯍꯩꯁꯤꯡꯒꯤ    ꯃꯔꯝꯗ    ꯋꯥꯔꯤ    ꯁꯥ ꯅꯅꯕ    ꯌꯥꯝꯅ    ꯆꯥꯎ ꯕ,    ꯀꯨ ꯁꯟ    ꯌꯥꯝꯅ    ꯊꯥ ꯅ    ꯊꯥꯕ    ꯁꯣꯐ ꯥ    ꯆꯧ ꯀ꯭ꯔꯤ ꯁꯤꯡꯗ    ꯐꯝ ꯊ ꯔꯒ    ꯆꯥ    ꯊꯛ ꯏ꯫ ",171,56
524,"ꯐꯥꯇꯃꯥ ꯕꯦꯒꯝ ꯑꯁꯤ ꯍꯧꯖꯤꯛ ꯐꯥꯎꯕꯗ ꯃꯌꯥꯝꯒꯤ ꯃꯃꯥꯡꯗꯒꯤ ꯆꯍꯤ ꯀꯌꯥ ꯂꯥꯞꯅ ꯂꯩꯔꯨꯔꯦ, ꯃꯔꯝ ꯑꯁꯤꯅ ꯃꯤꯗꯤꯌꯥꯗ ꯑꯃꯨꯛ ꯐꯥꯎꯕ ꯋꯥꯍꯪ ꯄꯥꯎꯈꯨꯝꯒꯤ ꯊꯧꯔꯝꯗ ꯁꯔꯨꯛ ꯌꯥꯗ꯭ꯔꯤꯕ ꯚꯥꯔꯠꯀꯤ ꯃꯃꯤ ꯀꯨꯝꯍꯩꯒꯤ ꯑꯍꯥꯟꯕ ꯅꯨꯄꯤ ꯑꯁꯤꯅ ꯏꯪ ꯲꯰꯱꯳ꯒꯤ ꯃꯦ ꯳ꯗ ꯋꯥꯔꯤ ꯁꯥꯅꯁꯦ ꯌꯥꯔꯛꯄꯗ, ꯑꯩꯍꯥꯛꯅ ꯃꯥꯒꯤ ꯃꯆꯥ ꯅꯨꯄꯤ ꯖꯨꯕꯩꯗꯥꯒ ꯂꯩꯃꯤꯟꯅꯔꯤꯕ ꯃꯇꯝ ꯑꯃꯗ ꯌꯥꯝꯅ ꯐꯖꯔꯝꯕ ꯑꯗꯨꯕꯨ ꯍꯧꯖꯤꯛꯇꯤ ꯅꯤꯡꯈꯥꯏꯔꯛꯀꯗꯣꯔꯕ ꯃꯌꯨꯝ ꯗꯟꯔꯥꯖ ꯃꯍꯥꯜꯗ ꯐꯠ ꯂꯥꯎꯅ ꯆꯠꯈꯤ꯫","ꯐꯥ ꯇ ꯃꯥ    ꯕꯦ ꯒꯝ    ꯑꯁꯤ    ꯍꯧꯖꯤꯛ    ꯐꯥꯎꯕꯗ    ꯃꯌꯥꯝ ꯒꯤ    ꯃꯃꯥꯡ ꯗꯒꯤ    ꯆꯍꯤ    ꯀꯌꯥ    ꯂꯥꯞꯅ    ꯂꯩ ꯔꯨ ꯔꯦ ,    ꯃꯔꯝ    ꯑꯁꯤꯅ    ꯃꯤꯗꯤ ꯌꯥꯗ    ꯑꯃꯨꯛ    ꯐꯥꯎꯕ    ꯋꯥꯍꯪ    ꯄꯥꯎ ꯈꯨꯝ ꯒꯤ    ꯊꯧ ꯔ ꯝꯗ    ꯁꯔꯨꯛ    ꯌꯥ ꯗ꯭ꯔꯤꯕ    ꯚꯥꯔꯠꯀꯤ    ꯃꯃꯤ    ꯀꯨꯝꯍꯩꯒꯤ    ꯑꯍꯥꯟꯕ    ꯅꯨꯄꯤ    ꯑꯁꯤꯅ    ꯏꯪ    ꯲꯰꯱꯳ꯒꯤ    ꯃꯦ    ꯳ꯗ    ꯋꯥꯔꯤ    ꯁꯥꯅ ꯁꯦ    ꯌꯥ ꯔꯛꯄ ꯗ,    ꯑꯩꯍꯥꯛ ꯅ    ꯃꯥꯒꯤ    ꯃꯆꯥ    ꯅꯨꯄꯤ    ꯖꯨ ꯕꯩ ꯗꯥ ꯒ    ꯂꯩꯃꯤꯟ ꯅꯔꯤꯕ    ꯃꯇꯝ    ꯑꯃꯗ    ꯌꯥꯝꯅ    ꯐꯖ ꯔꯝꯕ    ꯑꯗꯨꯕꯨ    ꯍꯧꯖꯤꯛꯇꯤ    ꯅꯤꯡ ꯈꯥꯏ ꯔꯛ ꯀ ꯗꯣ ꯔꯕ    ꯃꯌꯨꯝ    ꯗ ꯟ ꯔꯥꯖ    ꯃꯍꯥ ꯜꯗ    ꯐꯠ    ꯂꯥꯎ ꯅ    ꯆꯠꯈꯤ꯫ ",257,85
525,ꯃꯍꯤꯛ ꯑꯁꯤꯒꯤ ꯍꯦꯟꯅ ꯇꯝꯊꯤꯕ ꯃꯈꯜ ꯑꯗꯨ ꯂꯥꯛꯀꯗꯧꯔꯤꯕ ꯃꯇꯝ ꯑꯁꯤꯗ ꯊꯣꯛꯂꯛꯄ ꯌꯥꯏ꯫,ꯃꯍꯤ ꯛ    ꯑꯁꯤꯒꯤ    ꯍꯦꯟꯅ    ꯇꯝ ꯊꯤꯕ    ꯃꯈꯜ    ꯑꯗꯨ    ꯂꯥꯛ ꯀꯗꯧꯔꯤꯕ    ꯃꯇꯝ    ꯑꯁꯤꯗ    ꯊꯣꯛꯂꯛꯄ    ꯌꯥꯏ꯫ ,50,14
526,"ꯈ꯭ꯋꯥꯏꯗꯒꯤ ꯌꯥꯝꯅ ꯁꯣꯛꯄ ꯑꯁꯤ ꯑꯦꯁꯤꯌꯥ ꯑꯃꯁꯨꯡ ꯑꯐ꯭ꯔꯤꯀꯥꯗ ꯑꯣꯏꯕ ꯌꯥꯏ, ꯃꯁꯤꯅ ꯃꯊꯪ ꯃꯅꯥꯎ ꯅꯥꯏꯅ ꯃꯤ ꯃꯤꯂꯤꯌꯟ ꯴","ꯈ꯭ꯋꯥꯏꯗꯒꯤ    ꯌꯥꯝꯅ    ꯁꯣꯛ ꯄ    ꯑꯁꯤ    ꯑꯦꯁꯤ ꯌꯥ    ꯑꯃꯁꯨꯡ    ꯑꯐ꯭ꯔꯤ ꯀꯥꯗ    ꯑꯣꯏꯕ    ꯌꯥꯏ,    ꯃꯁꯤꯅ    ꯃꯊꯪ    ꯃꯅꯥꯎ    ꯅꯥꯏꯅ    ꯃꯤ    ꯃꯤꯂꯤꯌꯟ    ꯴ ",70,19
527,꯷ ꯑꯃꯁꯨꯡ ꯃꯤꯂꯤꯌꯟ ꯴,꯷    ꯑꯃꯁꯨꯡ    ꯃꯤꯂꯤꯌꯟ    ꯴ ,13,4
528,꯲ ꯃꯨꯛ ꯁꯤꯕꯒꯤ ꯄꯥꯅꯔꯤ꯫,꯲    ꯃꯨꯛ    ꯁꯤꯕꯒꯤ    ꯄꯥ ꯅꯔꯤ꯫ ,15,5
529,"ꯁꯤꯗ ꯑꯕꯗꯨꯜ ꯒꯥꯅꯤ ꯁꯦꯊꯅ ꯑꯩꯍꯥꯛꯄꯨ ꯉꯥꯏꯗꯨꯅ ꯂꯩꯕ ꯑꯩꯅ ꯊꯦꯡꯅꯔꯝꯃꯤ, ꯑꯗꯨꯒ ꯃꯍꯥꯛꯅ ꯑꯩꯍꯥꯛꯄꯨ ꯇꯔꯥꯝꯅ ꯋꯣꯛꯑꯝꯃꯤ ꯫","ꯁꯤꯗ    ꯑ ꯕ ꯗꯨ ꯜ    ꯒꯥ ꯅꯤ    ꯁꯦ ꯊꯅ    ꯑꯩꯍꯥꯛ ꯄꯨ    ꯉꯥꯏ ꯗꯨꯅ    ꯂꯩꯕ    ꯑꯩ ꯅ    ꯊꯦꯡꯅ ꯔꯝꯃꯤ,    ꯑꯗꯨꯒ    ꯃꯍꯥꯛꯅ    ꯑꯩꯍꯥꯛ ꯄꯨ    ꯇꯔꯥ ꯝꯅ    ꯋ ꯣꯛ ꯑꯝ ꯃꯤ    ꯫ ",73,29
530,ꯃꯔꯝ ꯑꯁꯤꯅ ꯑꯩꯍꯥꯛꯅ ꯒꯥꯔꯤ ꯊꯧꯕ ꯅꯨꯄꯥ ꯑꯗꯨꯗ ꯃꯨꯍꯝꯃꯗ ꯀꯁꯝ ꯀꯥꯝꯔꯨꯗꯗꯤꯟꯒꯤ ꯗꯨꯀꯥꯟꯗ ꯊꯧꯅꯅꯕ ꯍꯥꯏꯈꯤ꯫,ꯃꯔꯝ    ꯑꯁꯤꯅ    ꯑꯩꯍꯥꯛ ꯅ    ꯒꯥꯔꯤ    ꯊꯧꯕ    ꯅꯨꯄꯥ    ꯑꯗꯨꯗ    ꯃꯨꯍꯝꯃꯗ    ꯀ ꯁꯝ    ꯀꯥ ꯝ ꯔꯨ ꯗ ꯗꯤ ꯟꯒꯤ    ꯗꯨꯀꯥꯟ ꯗ    ꯊꯧ ꯅꯅꯕ    ꯍꯥꯏꯈꯤ꯫ ,65,22
531,"ꯑꯩꯍꯥꯛꯅ ꯚꯥꯔꯠ ꯃꯆꯥꯁꯤꯡ, ꯆꯥꯏꯅ ꯃꯆꯥꯁꯤꯡ ꯑꯃꯁꯨꯡ ꯑꯇꯣꯞꯄꯁꯤꯡꯕꯨ ꯉꯥꯛꯊꯣꯛꯄꯤꯕꯗꯒꯤ ꯌꯥꯝꯅ ꯈꯦꯠꯅꯕꯗ, ꯃꯁꯤꯒꯤ ꯐꯝꯅꯥꯏꯕꯁꯤꯡꯅ ꯃꯈꯣꯏꯕꯨ ꯑꯣꯠ ꯅꯩꯕꯤ ꯍꯥꯏꯕꯁꯤ ꯎꯔꯝꯃꯤ꯫","ꯑꯩꯍꯥꯛ ꯅ    ꯚꯥꯔꯠ    ꯃꯆꯥ ꯁꯤꯡ,    ꯆꯥꯏ ꯅ    ꯃꯆꯥ ꯁꯤꯡ    ꯑꯃꯁꯨꯡ    ꯑꯇꯣꯞꯄ ꯁꯤꯡꯕꯨ    ꯉꯥꯛꯊꯣꯛ ꯄꯤ ꯕꯗꯒꯤ    ꯌꯥꯝꯅ    ꯈꯦꯠ ꯅꯕ ꯗ,    ꯃꯁꯤꯒꯤ    ꯐꯝ ꯅꯥꯏ ꯕꯁꯤꯡꯅ    ꯃꯈꯣꯏꯕꯨ    ꯑꯣ ꯠ    ꯅꯩ ꯕꯤ    ꯍꯥꯏꯕꯁꯤ    ꯎ ꯔꯝꯃꯤ꯫ ",105,31
532,"ꯋꯥꯍꯪ ꯄꯥꯎꯍꯪꯕ ꯃꯇꯝꯗ, ꯃꯍꯛꯄꯨ ꯃꯥꯒ ꯂꯣꯏꯅꯅ ꯁꯔꯧ ꯁꯤꯟꯃꯤꯟꯅꯈꯤꯕ ꯃꯤꯑꯣꯏꯁꯤꯡꯗꯨꯒꯤ ꯃꯃꯤꯡ ꯍꯥꯏꯗꯣꯛꯅꯕ ꯅꯝꯐꯨ ꯇꯧꯈꯤ꯫","ꯋꯥꯍꯪ    ꯄꯥꯎ ꯍꯪ ꯕ    ꯃꯇꯝꯗ,    ꯃꯍ ꯛ ꯄꯨ    ꯃꯥ ꯒ    ꯂꯣꯏꯅꯅ    ꯁꯔ ꯧ    ꯁꯤꯟ ꯃꯤꯟ ꯅꯈꯤꯕ    ꯃꯤꯑꯣꯏ ꯁꯤꯡ ꯗꯨꯒꯤ    ꯃꯃꯤꯡ    ꯍꯥꯏ ꯗꯣꯛ ꯅꯕ    ꯅꯝ ꯐꯨ    ꯇꯧꯈꯤ꯫ ",74,26
533,ꯃꯤꯗꯤꯌꯥ ꯑꯁꯤꯅ ꯄꯥꯔꯂꯤꯌꯥꯃꯦꯟ꯭ꯇ ꯑꯁꯤꯕꯨ ꯃꯤꯌꯥꯝꯒ ꯁꯝꯅꯍꯟꯕꯒꯤ ꯈ꯭ꯋꯥꯏꯗꯒꯤ ꯑꯀꯟꯕ ꯈꯨꯠꯂꯥꯏꯅꯤ꯫,ꯃꯤꯗꯤ ꯌꯥ    ꯑꯁꯤꯅ    ꯄꯥꯔꯂꯤꯌꯥ ꯃꯦꯟ ꯭ꯇ    ꯑꯁꯤꯕꯨ    ꯃꯤꯌꯥꯝ ꯒ    ꯁꯝꯅ ꯍꯟꯕꯒꯤ    ꯈ꯭ꯋꯥꯏꯗꯒꯤ    ꯑꯀꯟꯕ    ꯈꯨꯠꯂꯥꯏ ꯅꯤ꯫ ,62,15
534,"ꯔꯥꯖꯀꯣꯠ ꯌꯧꯕꯒ, ꯑꯩꯍꯥꯛꯅ ꯃꯊꯪꯒꯤ ꯑꯌꯨꯛꯇ ꯃꯦꯗꯤꯀꯦꯜ ꯐꯝꯅꯥꯏꯕ ꯑꯗꯨꯗ ꯄꯥꯎ ꯇꯥꯛꯈꯤ꯫","ꯔꯥꯖ ꯀꯣ ꯠ    ꯌꯧ ꯕ ꯒ,    ꯑꯩꯍꯥꯛ ꯅ    ꯃꯊꯪꯒꯤ    ꯑꯌꯨ ꯛꯇ    ꯃꯦꯗꯤ ꯀꯦꯜ    ꯐꯝ ꯅꯥꯏꯕ    ꯑꯗꯨꯗ    ꯄꯥꯎ    ꯇꯥꯛ ꯈꯤ꯫ ",53,19
535,ꯑꯩꯈꯣꯏꯒꯤ ꯂꯝ ꯑꯁꯤꯅ ꯑꯩꯈꯣꯏꯒꯤ ꯊꯧꯅꯥ ꯐꯕ ꯍꯥꯟꯅ ꯂꯥꯟꯃꯤ ꯑꯣꯏꯔꯝꯕꯁꯤꯡꯒꯤ ꯃꯐꯝꯗ ꯂꯃꯟ ꯌꯥꯝꯅ ꯆꯥꯎꯅ ꯇꯣꯜꯂꯤ꯫,ꯑꯩꯈ ꯣꯏꯒꯤ    ꯂꯝ    ꯑꯁꯤꯅ    ꯑꯩꯈ ꯣꯏꯒꯤ    ꯊꯧꯅꯥ    ꯐꯕ    ꯍꯥꯟꯅ    ꯂꯥꯟꯃꯤ    ꯑꯣꯏꯔꯝ ꯕꯁꯤꯡꯒꯤ    ꯃꯐꯝꯗ    ꯂ ꯃꯟ    ꯌꯥꯝꯅ    ꯆꯥꯎꯅ    ꯇꯣ ꯜꯂꯤ꯫ ,67,19
536,ꯑꯍꯥꯟꯕꯒꯤ ꯊꯧꯑꯣꯡꯒꯤ ꯐꯜ ꯑꯗꯨ ꯌꯥꯝꯅ ꯐꯩ꯫,ꯑꯍꯥꯟꯕꯒꯤ    ꯊꯧꯑꯣ ꯡꯒꯤ    ꯐ ꯜ    ꯑꯗꯨ    ꯌꯥꯝꯅ    ꯐ ꯩ꯫ ,26,9
537,ꯅꯨꯄꯤꯒꯤ ꯍꯛꯁꯤꯡ ꯑꯁꯤ ꯃꯤꯑꯣꯏꯕꯒꯤ ꯍꯛꯁꯤꯡ ꯑꯁꯤꯃꯛꯅꯤ꯫,ꯅꯨꯄꯤꯒꯤ    ꯍꯛ ꯁꯤꯡ    ꯑꯁꯤ    ꯃꯤꯑꯣꯏꯕꯒꯤ    ꯍꯛ ꯁꯤꯡ    ꯑꯁꯤ ꯃꯛ ꯅꯤ꯫ ,35,10
538,"ꯚꯥꯔꯠꯀꯤ ꯃꯃꯤ ꯀꯨꯝꯍꯩꯒꯤ ꯆꯍꯤ ꯆꯥꯃ ꯑꯁꯤ ꯎꯁꯟꯅꯗꯕ ꯌꯥꯗ꯭ꯔꯕ ꯃꯁꯛꯅꯥꯏꯕ ꯑꯃ ꯑꯣꯏꯕꯅ, ꯅꯝꯒꯗꯧꯔꯤꯕ ꯑꯗꯨꯒꯤ ꯑꯩꯈꯣꯏꯅ ꯈꯟꯕ ꯍꯤꯔꯝ ꯑꯗꯨ ꯊꯩꯗꯣꯛꯄ ꯌꯥꯗꯕ ꯑꯃ ꯑꯣꯏꯈꯤ꯫","ꯚꯥꯔꯠꯀꯤ    ꯃꯃꯤ    ꯀꯨꯝꯍꯩꯒꯤ    ꯆꯍꯤ    ꯆꯥ ꯃ    ꯑꯁꯤ    ꯎ ꯁꯟ ꯅꯗꯕ    ꯌꯥ ꯗ꯭ꯔꯕ    ꯃꯁ ꯛ ꯅꯥꯏꯕ    ꯑꯃ    ꯑꯣꯏꯕ ꯅ,    ꯅꯝ ꯒꯗꯧ ꯔꯤꯕ    ꯑꯗꯨꯒꯤ    ꯑꯩꯈꯣꯏꯅ    ꯈꯟꯕ    ꯍꯤꯔꯝ    ꯑꯗꯨ    ꯊꯩ ꯗꯣꯛꯄ    ꯌꯥꯗꯕ    ꯑꯃ    ꯑꯣꯏꯈꯤ꯫ ",99,31
539,"ꯇꯥꯡꯀꯛ ꯑꯁꯤꯗ, ꯀꯥꯟꯅꯕ ꯊꯧꯁꯤꯜꯒꯤ ꯍꯧꯗꯣꯛꯄꯁꯤꯡ ꯑꯗꯨꯅ ꯃꯍꯩ ꯌꯥꯜꯂꯕ ꯐꯣꯜꯁꯤꯡ ꯄꯤꯕ ꯍꯧꯔꯛꯂꯦ꯫","ꯇꯥꯡꯀꯛ    ꯑꯁꯤꯗ,    ꯀꯥꯟꯅꯕ    ꯊꯧ ꯁꯤ ꯜꯒꯤ    ꯍꯧꯗꯣꯛ ꯄꯁꯤꯡ    ꯑꯗꯨꯅ    ꯃꯍꯩ    ꯌꯥ ꯜꯂꯕ    ꯐꯣ ꯜꯁꯤꯡ    ꯄꯤꯕ    ꯍꯧꯔꯛ ꯂꯦ꯫ ",59,17
540,"ꯁꯔꯀꯥꯔꯅ ꯍꯧꯗꯣꯛꯄ ꯊꯕꯛ ꯈꯔꯗ ꯁꯋꯥꯆ ꯚꯥꯔꯠ ꯑꯚꯤꯌꯥꯟ (ꯇꯥꯔꯨ ꯇꯅꯥꯟꯕ ꯑꯃꯁꯨꯡ ꯑꯀꯣꯏꯕ ꯃꯣꯠꯁꯟꯕꯒꯤ ꯃꯇꯥꯡꯗ ꯃꯌꯥꯝꯗ ꯈꯪꯍꯟꯕ, ꯃꯄꯥꯟꯗ ꯈꯣꯡ ꯍꯝꯖꯟꯕ ꯃꯨꯊꯠꯄ ꯑꯃꯁꯨꯡ ꯑꯃꯣꯠꯄ ꯄꯣꯠꯆꯩꯁꯤꯡꯒꯤ ꯁꯤꯟꯗꯣꯛ ꯁꯤꯟꯖꯤꯟ) ꯑꯃꯁꯨꯡ ꯅꯃꯥꯃꯤ ꯒꯪꯒꯦ (ꯃꯣꯠꯁꯟꯕꯁꯤꯡ ꯃꯁꯛ ꯊꯣꯛꯅ ꯍꯟꯊꯍꯟꯕ, ꯒꯪꯒ ꯇꯨꯔꯦꯟꯕꯨ ꯀꯟꯗꯨꯅ ꯊꯝꯕ ꯑꯃꯁꯨꯡ ꯍꯤꯡꯒꯠꯍꯟꯕ) ꯑꯁꯤꯒꯨꯝꯕ ꯑꯁꯤ ꯃꯐꯝꯁꯤꯗ ꯃꯤꯡ ꯄꯟꯕꯗ ꯃꯇꯤꯛ ꯆꯥꯏ꯫","ꯁꯔꯀꯥꯔꯅ    ꯍꯧ ꯗꯣꯛꯄ    ꯊꯕꯛ    ꯈꯔꯗ    ꯁ ꯋꯥ ꯆ    ꯚꯥꯔꯠ    ꯑ ꯚꯤ ꯌꯥꯟ    ( ꯇꯥꯔ ꯨ    ꯇ ꯅ ꯥꯟꯕ    ꯑꯃꯁꯨꯡ    ꯑꯀꯣꯏ ꯕ    ꯃꯣ ꯠ ꯁꯟ ꯕꯒꯤ    ꯃꯇꯥꯡꯗ    ꯃꯌꯥꯝ ꯗ    ꯈꯪꯍꯟ ꯕ,    ꯃꯄꯥꯟꯗ    ꯈꯣꯡ    ꯍ ꯝ ꯖ ꯟꯕ    ꯃꯨ ꯊ ꯠꯄ    ꯑꯃꯁꯨꯡ    ꯑꯃ ꯣ ꯠꯄ    ꯄꯣꯠ ꯆꯩ ꯁꯤꯡꯒꯤ    ꯁꯤꯟ ꯗꯣꯛ    ꯁꯤꯟ ꯖꯤꯟ )    ꯑꯃꯁꯨꯡ    ꯅ ꯃꯥ ꯃꯤ    ꯒꯪ ꯒꯦ    ( ꯃꯣ ꯠ ꯁꯟ ꯕꯁꯤꯡ    ꯃꯁꯛ    ꯊꯣꯛꯅ    ꯍꯟꯊ ꯍꯟ ꯕ,    ꯒꯪ ꯒ    ꯇꯨꯔꯦꯟ ꯕꯨ    ꯀꯟ ꯗꯨꯅ    ꯊꯝꯕ    ꯑꯃꯁꯨꯡ    ꯍꯤꯡꯒꯠ ꯍꯟ ꯕ)    ꯑꯁꯤꯒꯨꯝꯕ    ꯑꯁꯤ    ꯃꯐꯝ ꯁꯤꯗ    ꯃꯤꯡ    ꯄꯟ ꯕꯗ    ꯃꯇꯤꯛ    ꯆꯥꯏ ꯫ ",228,88
541,"ꯏꯪ ꯲꯰꯱꯴ ꯃꯃꯥꯡꯗ, ꯄꯥꯁꯄꯣꯔꯠ ꯁꯦꯕꯥ ꯀꯦꯟꯗ꯭ꯔ (ꯄꯤꯑꯦꯁꯀꯦ) ꯷꯷ꯅ ꯂꯝ ꯑꯁꯤꯗ ꯃꯊꯧꯄꯥꯡꯊꯣꯛꯏ꯫","ꯏꯪ    ꯲꯰꯱꯴    ꯃꯃꯥꯡꯗ,    ꯄꯥ ꯁ ꯄꯣꯔꯠ    ꯁꯦ ꯕꯥ    ꯀꯦꯟ ꯗ꯭ꯔ    ( ꯄꯤ ꯑꯦꯁ ꯀꯦ )    ꯷ ꯷ ꯅ    ꯂꯝ    ꯑꯁꯤꯗ    ꯃ ꯊꯧ ꯄꯥꯡꯊꯣꯛꯏ꯫ ",58,23
542,ꯑꯣꯟꯂꯥꯏꯟꯗ ꯆꯦ ꯊꯥꯖꯟꯕꯒꯤ ꯑꯔꯣꯏꯕ ꯇꯥꯡ ꯑꯗꯨ ꯳꯱,ꯑꯣꯟꯂꯥꯏꯟꯗ    ꯆꯦ    ꯊꯥꯖ ꯟ ꯕꯒꯤ    ꯑꯔꯣꯏꯕ    ꯇꯥꯡ    ꯑꯗꯨ    ꯳ ꯱ ,30,10
543,꯰꯱,꯰ ꯱ ,2,2
544,꯲꯰꯲꯰ ꯅꯤ꯫,꯲꯰ ꯲꯰    ꯅꯤ꯫ ,7,3
545,"ꯊꯧꯔꯝ ꯑꯁꯤꯗ, ꯏꯪ ꯲꯰꯲꯲ꯒꯤ ꯑꯥꯒꯁꯠ ꯱꯲ꯗ ꯁꯣꯁꯥꯏꯇꯤ ꯑꯁꯤꯅ ꯏ ꯄꯤꯕꯒꯤ ꯀꯦꯝ꯭ꯄ ꯑꯃꯥ ꯁꯤꯟꯈꯤ ꯫","ꯊꯧꯔꯝ    ꯑꯁꯤꯗ,    ꯏꯪ    ꯲꯰꯲ ꯲ꯒꯤ    ꯑꯥ ꯒ ꯁꯠ    ꯱ ꯲ꯗ    ꯁꯣ ꯁꯥꯏ ꯇꯤ    ꯑꯁꯤꯅ    ꯏ    ꯄꯤꯕꯒꯤ    ꯀꯦꯝ ꯭ ꯄ    ꯑꯃꯥ    ꯁꯤꯟꯈꯤ    ꯫ ",56,22
546,ꯊꯧꯔꯝ ꯑꯗꯨ ꯁꯣꯁꯥꯏꯇꯤ ꯑꯗꯨꯒꯤ ꯊꯕꯛ ꯇꯧꯕꯁꯤꯡꯅ ꯁꯤꯟꯕ 'ꯄꯥꯔꯇꯤꯁꯟ ꯑꯦꯟ ꯑꯟꯗꯤꯄꯦꯟꯗꯦꯟꯁ: ꯔꯤꯐ꯭ꯂꯦꯛꯁꯟꯁ ꯏꯟ ꯂꯤꯇꯔꯦꯆꯔ ꯑꯦꯟ ꯁꯤꯅꯦꯃꯥ' ꯍꯥꯏꯅ ꯃꯤꯡꯊꯣꯟꯕ ꯅꯥꯠꯀꯤ ꯑꯣꯏꯕ ꯊꯧꯔꯝ ꯑꯃꯅ ꯂꯣꯏꯁꯤꯟꯈꯤ꯫,ꯊꯧꯔꯝ    ꯑꯗꯨ    ꯁꯣ ꯁꯥꯏ ꯇꯤ    ꯑꯗꯨꯒꯤ    ꯊꯕꯛ    ꯇꯧ ꯕꯁꯤꯡꯅ    ꯁꯤꯟꯕ    ' ꯄꯥꯔꯇꯤ ꯁꯟ    ꯑꯦꯟ    ꯑꯟ ꯗꯤ ꯄꯦꯟ ꯗꯦꯟ ꯁ :    ꯔꯤ ꯐ꯭ ꯂꯦꯛ ꯁꯟ ꯁ    ꯏꯟ    ꯂꯤ ꯇꯔꯦ ꯆꯔ    ꯑꯦꯟ    ꯁꯤꯅꯦ ꯃꯥ '    ꯍꯥꯏꯅ    ꯃꯤꯡꯊꯣ ꯟꯕ    ꯅꯥꯠꯀꯤ    ꯑꯣꯏꯕ    ꯊꯧꯔꯝ    ꯑꯃꯅ    ꯂꯣꯏꯁꯤꯟꯈꯤ꯫ ,121,41
547,"ꯁꯣꯁꯥꯏꯇꯤ ꯑꯁꯤꯒꯤ ꯊꯕꯛ ꯇꯧꯕꯁꯤꯡ, ꯀꯥꯎꯟꯁꯤꯜꯒꯤ ꯃꯤꯍꯨꯠꯁꯤꯡ ꯑꯃꯁꯨꯡ ꯑꯇꯣꯞꯄ ꯃꯤꯍꯨꯠꯁꯤꯡꯒ ꯂꯣꯏꯅꯅ ꯑꯐꯕ ꯑꯣꯏꯍꯟꯅꯤꯡꯕꯁꯤꯡꯅ ꯊꯧꯔꯝ ꯑꯗꯨ ꯁꯤꯟ-ꯂꯥꯡꯕꯗ ꯌꯥꯝꯅ ꯊꯋꯥꯏ ꯌꯥꯎꯅ ꯁꯔꯨꯛ ꯌꯥꯈꯤ ꯑꯃꯁꯨꯡ ꯅꯨꯃꯤꯠ ꯆꯨꯞꯄꯁꯨ ꯂꯩꯈꯤ꯫","ꯁꯣ ꯁꯥꯏ ꯇꯤ    ꯑꯁꯤꯒꯤ    ꯊꯕꯛ    ꯇꯧꯕ ꯁꯤꯡ,    ꯀꯥꯎꯟꯁꯤ ꯜꯒꯤ    ꯃꯤꯍꯨ ꯠꯁꯤꯡ    ꯑꯃꯁꯨꯡ    ꯑꯇꯣꯞꯄ    ꯃꯤꯍꯨ ꯠ ꯁꯤꯡꯒ    ꯂꯣꯏꯅꯅ    ꯑꯐꯕ    ꯑꯣꯏ ꯍꯟ ꯅꯤꯡ ꯕꯁꯤꯡꯅ    ꯊꯧꯔꯝ    ꯑꯗꯨ    ꯁꯤꯟ -ꯂꯥꯡ ꯕꯗ    ꯌꯥꯝꯅ    ꯊꯋꯥꯏ    ꯌꯥꯎꯅ    ꯁꯔꯨꯛ    ꯌꯥ ꯈꯤ    ꯑꯃꯁꯨꯡ    ꯅꯨꯃꯤꯠ    ꯆꯨ ꯞꯄ ꯁꯨ    ꯂꯩꯈꯤ꯫ ",136,39
548,ꯄꯨꯂꯞꯅ ꯚꯥꯔꯠ ꯄꯨꯝꯕꯗꯒꯤ ꯃꯤ ꯴꯱ ꯌꯥꯎꯗꯨꯅ ꯍꯤꯔꯝ ꯑꯃꯒꯤ ꯄꯥꯔꯥꯁꯤꯡ ꯇꯝꯕꯗ ꯁꯔꯨꯛ ꯌꯥꯈꯤ꯫,ꯄꯨ ꯂ ꯞꯅ    ꯚꯥꯔꯠ    ꯄꯨ ꯝꯕ ꯗꯒꯤ    ꯃꯤ    ꯴ ꯱    ꯌꯥꯎ ꯗꯨꯅ    ꯍꯤꯔꯝ    ꯑꯃꯒꯤ    ꯄꯥꯔ ꯥ ꯁꯤꯡ    ꯇꯝ ꯕꯗ    ꯁꯔꯨꯛ    ꯌꯥꯈꯤ꯫ ,54,21
549,ꯂꯩꯄꯥꯛ ꯑꯗꯨꯅ ꯀꯣꯚꯤꯠ-꯱꯹ ꯑꯃꯁꯨꯡ ꯌꯨꯀ꯭ꯔꯦꯟꯗ ꯊꯣꯛꯄ ꯏꯔꯥꯡ ꯑꯗꯨꯒꯤ ꯑꯀꯤꯕꯁꯤꯡ ꯑꯗꯨ ꯃꯥꯏꯌꯣꯛꯅꯗꯨꯅ ꯊꯦꯡꯅꯔꯕꯅꯤ꯫,ꯂꯩ ꯄꯥꯛ    ꯑꯗꯨꯅ    ꯀꯣ ꯚꯤ ꯠ- ꯱꯹    ꯑꯃꯁꯨꯡ    ꯌꯨ ꯀ꯭ꯔ ꯦꯟ ꯗ    ꯊꯣꯛꯄ    ꯏ ꯔꯥꯡ    ꯑꯗꯨꯒꯤ    ꯑꯀꯤ ꯕꯁꯤꯡ    ꯑꯗꯨ    ꯃꯥꯏꯌꯣꯛ ꯅꯗꯨꯅ    ꯊꯦꯡꯅ ꯔꯕ ꯅꯤ꯫ ,72,24
550,ꯃꯍꯥꯠꯃ ꯒꯥꯟꯙꯤꯒꯤ ꯁꯥꯇ꯭ꯌꯥꯒ꯭ꯔꯍꯒꯤ ꯋꯥꯈꯜꯂꯣꯟ ꯑꯁꯤꯅ ꯚꯥꯔꯠ ꯃꯆꯥ ꯈꯨꯗꯤꯡꯃꯛꯇ ꯅꯝꯊꯕ ꯉꯝꯗꯕ ꯃꯥꯑꯣꯡꯗ ꯃꯁꯥꯅ ꯃꯁꯥ ꯊꯥꯖꯖꯕ ꯑꯃꯁꯨꯡ ꯑꯐꯕ ꯊꯕꯛꯀꯤꯗꯃꯛ ꯀꯠꯊꯣꯛꯄꯒꯤ ꯋꯥꯈꯜ ꯑꯗꯨ ꯇꯞꯅ ꯇꯞꯅ ꯆꯨꯍꯟꯈꯤ꯫,ꯃ ꯍꯥꯠ ꯃ    ꯒꯥꯟꯙꯤꯒꯤ    ꯁꯥ ꯇ ꯭ꯌꯥ ꯒ꯭ꯔ ꯍ ꯒꯤ    ꯋꯥꯈꯜꯂꯣꯟ    ꯑꯁꯤꯅ    ꯚꯥꯔꯠ    ꯃꯆꯥ    ꯈꯨꯗꯤꯡꯃꯛꯇ    ꯅꯝ ꯊꯕ    ꯉꯝꯗꯕ    ꯃꯥ ꯑꯣ ꯡꯗ    ꯃꯁꯥꯅ    ꯃꯁꯥ    ꯊꯥꯖ ꯖꯕ    ꯑꯃꯁꯨꯡ    ꯑꯐꯕ    ꯊꯕꯛ ꯀꯤꯗꯃꯛ    ꯀꯠ ꯊꯣꯛꯄꯒꯤ    ꯋꯥꯈꯜ    ꯑꯗꯨ    ꯇꯞꯅ    ꯇꯞꯅ    ꯆꯨ ꯍꯟꯈꯤ꯫ ,120,37
551,ꯇꯨꯔꯤꯖꯝ ꯲꯰꯲꯰ ꯑꯁꯤ ꯋꯥꯔꯜꯗ ꯇꯨꯔꯤꯖꯝ ꯑꯣꯔꯒꯅꯥꯏꯖꯦꯁꯟꯒꯤ ꯃꯇꯝ ꯁꯥꯡꯅ ꯃꯥꯡꯂꯧꯅꯅ ꯎꯍꯟꯕ ꯑꯃꯁꯨꯡ ꯑꯅꯧꯕ ꯆꯥꯍꯤ ꯂꯤꯁꯤꯡꯒꯤ ꯃꯇꯝꯒꯤ ꯑꯍꯥꯟꯕ ꯆꯍꯤ ꯲꯰ ꯐꯥꯎꯕꯗ ꯂꯝꯀꯣꯏꯕꯁꯤꯡꯗ ꯇꯦꯡꯕꯥꯡꯕ ꯄꯤꯕꯒꯤ ꯊꯕꯛ ꯆꯥꯎꯈꯠꯂꯛꯄꯒꯤ ꯑꯐ ꯐꯠꯇ ꯂꯦꯞꯄ ꯑꯗꯨꯅꯤ꯫,ꯇꯨꯔꯤꯖ ꯝ    ꯲꯰ ꯲꯰    ꯑꯁꯤ    ꯋꯥꯔꯜꯗ    ꯇꯨꯔꯤꯖ ꯝ    ꯑꯣꯔꯒꯅꯥꯏꯖ ꯦꯁꯟꯒꯤ    ꯃꯇꯝ    ꯁꯥꯡꯅ    ꯃꯥꯡ ꯂꯧ ꯅꯅ    ꯎ ꯍꯟꯕ    ꯑꯃꯁꯨꯡ    ꯑꯅꯧꯕ    ꯆꯥ ꯍꯤ    ꯂꯤ ꯁꯤꯡꯒꯤ    ꯃꯇꯝꯒꯤ    ꯑꯍꯥꯟꯕ    ꯆꯍꯤ    ꯲꯰    ꯐꯥꯎꯕꯗ    ꯂꯝꯀꯣꯏ ꯕꯁꯤꯡꯗ    ꯇꯦꯡ ꯕ ꯥꯡꯕ    ꯄꯤꯕꯒꯤ    ꯊꯕꯛ    ꯆꯥꯎꯈꯠꯂꯛ ꯄꯒꯤ    ꯑ ꯐ    ꯐꯠꯇ    ꯂꯦꯞꯄ    ꯑꯗꯨꯅꯤ꯫ ,145,42
552,ꯂꯝꯍꯥꯡꯁꯤꯡꯒꯤ ꯃꯈꯥꯗ ꯂꯩꯕ ꯂꯩꯉꯥꯛꯀꯤ ꯁꯤꯡꯊꯥꯡꯂꯣꯏ ꯀꯌꯥꯅ ꯄꯥꯎ ꯇꯥꯛꯈꯤꯕ ꯃꯐꯝ ꯑꯗꯨ ꯳꯸ꯑꯦꯝꯑꯩꯍꯑꯦ ꯗꯒꯤ ꯱꯷꯵ꯑꯦꯝꯑꯩꯍꯑꯦ ꯐꯥꯎꯕ ꯈꯦꯠꯅꯩ꯫,ꯂꯝ ꯍꯥꯡ ꯁꯤꯡꯒꯤ    ꯃꯈꯥꯗ    ꯂꯩꯕ    ꯂꯩꯉꯥꯛꯀꯤ    ꯁꯤꯡ ꯊꯥꯡ ꯂꯣꯏ    ꯀꯌꯥꯅ    ꯄꯥꯎ    ꯇꯥꯛ ꯈꯤꯕ    ꯃꯐꯝ    ꯑꯗꯨ    ꯳ ꯸ ꯑꯦꯝ ꯑꯩ ꯍ ꯑꯦ    ꯗꯒꯤ    ꯱꯷ ꯵ ꯑꯦꯝ ꯑꯩ ꯍ ꯑꯦ    ꯐꯥꯎꯕ    ꯈꯦꯠ ꯅꯩ꯫ ,86,31
553,"ꯑꯩꯈꯣꯏꯅ ""ꯑꯖꯥꯗꯤ ꯀꯥ ꯑꯝꯔꯤꯠ ꯃꯣꯍꯥꯁꯕ"" ꯄꯥꯡꯊꯣꯛꯄ ꯊꯧꯔꯝ ꯌꯥꯎꯅ ꯍꯤꯔꯝ ꯑꯃꯒꯤ ꯃꯔꯝꯗ ꯄꯤꯕ ꯑꯔꯨꯕ ꯋꯥꯉꯥꯡ ꯈꯔꯁꯨ ꯁꯤꯟꯒꯅꯤ꯫","ꯑꯩꯈꯣꯏꯅ    "" ꯑ ꯖꯥ ꯗꯤ    ꯀꯥ    ꯑꯝ ꯔꯤ ꯠ    ꯃꯣ ꯍꯥ ꯁꯕ ""    ꯄꯥꯡꯊꯣꯛꯄ    ꯊꯧꯔꯝ    ꯌꯥꯎꯅ    ꯍꯤꯔꯝ    ꯑꯃꯒꯤ    ꯃꯔꯝꯗ    ꯄꯤꯕ    ꯑꯔꯨꯕ    ꯋꯥ ꯉ ꯥꯡ    ꯈꯔ ꯁꯨ    ꯁꯤꯟ ꯒꯅꯤ꯫ ",76,28
554,ꯄ꯭ꯔꯣꯐꯦꯁꯔ ꯁꯨꯗꯤꯞꯇꯥ ꯁꯦꯟꯅ ꯲꯰꯲꯱ꯒꯤ ꯁꯔ ꯋꯤꯂꯤꯌꯝ ꯖꯣꯟ꯭ꯁ ꯃꯦꯃꯣꯔꯤꯌꯦꯜ ꯃꯦꯗꯦꯜ ꯐꯪꯈꯤ ꯑꯃꯁꯨꯡ ꯲꯲,ꯄ꯭ꯔꯣꯐꯦꯁ ꯔ    ꯁꯨ ꯗꯤ ꯞ ꯇꯥ    ꯁꯦꯟꯅ    ꯲꯰꯲ ꯱ꯒꯤ    ꯁꯔ    ꯋꯤ ꯂꯤ ꯌꯝ    ꯖꯣꯟ ꯭ꯁ    ꯃꯦ ꯃꯣꯔꯤ ꯌꯦꯜ    ꯃꯦ ꯗꯦ ꯜ    ꯐꯪꯈꯤ    ꯑꯃꯁꯨꯡ    ꯲ ꯲ ,63,25
555,꯰꯷,꯰ ꯷ ,2,2
556,꯲꯰꯲꯲ꯗ ꯋꯤꯂꯤꯌꯝ ꯖꯣꯟ꯭ꯁ ꯑꯃꯁꯨꯡ ꯔꯨꯜ ꯑꯣꯐ ꯂꯣ ꯏꯟ ꯂꯦꯠ ꯑꯥꯏꯇꯤꯟ ꯆꯦꯟꯇꯨꯔꯤ ꯀꯜꯀꯇꯥꯗ ꯁꯨꯞꯆꯜꯂꯕ ꯋꯥꯔꯣꯜ ꯑꯃꯗ ꯋꯥ ꯉꯥꯡꯈꯤ꯫,꯲꯰꯲ ꯲ꯗ    ꯋꯤ ꯂꯤ ꯌꯝ    ꯖꯣꯟ ꯭ꯁ    ꯑꯃꯁꯨꯡ    ꯔꯨ ꯜ    ꯑꯣꯐ    ꯂꯣ    ꯏꯟ    ꯂꯦꯠ    ꯑꯥꯏ ꯇꯤꯟ    ꯆꯦꯟ ꯇꯨ ꯔꯤ    ꯀꯜ ꯀ ꯇꯥꯗ    ꯁꯨꯞ ꯆ ꯜꯂꯕ    ꯋꯥꯔꯣꯜ    ꯑꯃꯗ    ꯋꯥ    ꯉꯥꯡ ꯈꯤ꯫ ,76,30
557,ꯅꯨꯡꯇꯤꯒꯤ ꯑꯩꯉꯣꯟꯗ ꯁꯤꯒꯨꯝꯕ ꯋꯥꯀꯠꯁꯤꯡ ꯂꯥꯛꯈꯤ: 'ꯃꯇꯤꯛ ꯆꯥꯕ ꯃꯤꯑꯣꯏꯁꯤꯡꯅ ꯆꯪꯍꯟꯗꯦ ꯑꯗꯨꯒ ꯍꯛ ꯑꯃꯠꯇ ꯂꯩꯇꯕꯁꯤꯡꯅ ꯱꯰꯰ ꯊꯤꯔꯒ ꯂꯣꯟꯅ ꯆꯪꯍꯜꯂꯤ'꯫,ꯅꯨꯡ ꯇꯤꯒꯤ    ꯑꯩ ꯉꯣꯟꯗ    ꯁꯤ ꯒꯨꯝꯕ    ꯋꯥ ꯀ ꯠꯁꯤꯡ    ꯂꯥꯛ ꯈꯤ :    ' ꯃꯇꯤꯛ    ꯆꯥꯕ    ꯃꯤꯑꯣꯏꯁꯤꯡꯅ    ꯆꯪ ꯍꯟ ꯗꯦ    ꯑꯗꯨꯒ    ꯍꯛ    ꯑꯃꯠꯇ    ꯂꯩꯇ ꯕꯁꯤꯡꯅ    ꯱꯰꯰    ꯊꯤ ꯔꯒ    ꯂꯣꯟꯅ    ꯆꯪ ꯍ ꯜꯂꯤ ' ꯫ ,92,33
558,ꯀꯣꯅꯥꯔꯛꯇ ꯂꯩꯕ ꯅꯨꯃꯤꯠꯀꯤ ꯂꯥꯏꯁꯪ ꯑꯗꯨꯗ ꯂꯩꯔꯤꯕ ꯌꯣꯠꯀꯤ ꯕꯤꯝꯁꯤꯡ ꯑꯗꯨ ꯍꯧꯖꯤꯛꯁꯨ ꯆꯥꯎꯋꯤ꯫,ꯀꯣ ꯅꯥꯔ ꯛꯇ    ꯂꯩꯕ    ꯅꯨꯃꯤꯠꯀꯤ    ꯂꯥꯏꯁꯪ    ꯑꯗꯨꯗ    ꯂꯩꯔꯤꯕ    ꯌꯣ ꯠꯀꯤ    ꯕꯤ ꯝꯁꯤꯡ    ꯑꯗꯨ    ꯍꯧꯖꯤꯛꯁꯨ    ꯆꯥꯎ ꯋꯤ꯫ ,58,16
559,ꯖꯦꯟꯒꯤ ꯂꯧꯁꯟꯗꯕꯒꯤ ꯇꯥꯛꯄꯤ ꯇꯝꯕꯤꯕꯒꯤ ꯄꯥꯎꯇꯥꯛ ꯑꯁꯤꯅ ꯈꯨꯅꯥꯏ ꯑꯁꯤꯗ ꯂꯟ ꯑꯃꯁꯨꯡ ꯄꯣꯠꯆꯩ ꯆꯥꯡ ꯃꯥꯟꯅꯅ ꯌꯦꯟꯕꯗ ꯇꯥꯔꯛꯄ ꯌꯥꯏ꯫,ꯖꯦꯟꯒꯤ    ꯂꯧ ꯁꯟ ꯗꯕꯒꯤ    ꯇꯥꯛ ꯄꯤ    ꯇꯝꯕꯤ ꯕꯒꯤ    ꯄꯥꯎꯇꯥꯛ    ꯑꯁꯤꯅ    ꯈꯨ ꯅꯥꯏ    ꯑꯁꯤꯗ    ꯂꯟ    ꯑꯃꯁꯨꯡ    ꯄꯣꯠ ꯆꯩ    ꯆꯥꯡ    ꯃꯥꯟꯅꯅ    ꯌꯦꯟ ꯕꯗ    ꯇꯥꯔꯛꯄ    ꯌꯥꯏ꯫ ,78,23
560,"ꯑꯁꯨꯝꯅ, ꯑꯈꯟꯅꯅ ꯐꯠꯇꯕ ꯃꯤꯑꯣꯏ ꯑꯅꯤ, ꯒ꯭ꯔꯦꯍꯃꯥ ꯑꯃꯗꯤ ꯕꯦꯟꯗꯕꯥ, ꯑꯁꯤ ꯆꯦꯞꯇꯔ ꯳꯲","ꯑꯁꯨ ꯝ ꯅ,    ꯑꯈꯟ ꯅꯅ    ꯐꯠꯇꯕ    ꯃꯤꯑꯣꯏ    ꯑꯅꯤ,    ꯒ꯭ꯔꯦ ꯍ ꯃꯥ    ꯑꯃꯗꯤ    ꯕꯦꯟ ꯗ ꯕꯥ ,    ꯑꯁꯤ    ꯆꯦ ꯞ ꯇꯔ    ꯳ ꯲ ",52,22
561,"꯱꯲, ꯳꯲","꯱꯲ ,    ꯳ ꯲ ",5,4
562,꯱꯳ ꯑꯃꯗꯤ ꯳꯲,꯱꯳    ꯑꯃꯗꯤ    ꯳ ꯲ ,8,4
563,꯱꯴ ꯑꯃꯁꯨꯡ ꯆꯦꯞꯇꯔ ꯴꯹,꯱꯴    ꯑꯃꯁꯨꯡ    ꯆꯦ ꯞ ꯇꯔ    ꯴ ꯹ ,14,7
564,꯱ ꯑꯃꯗꯤ ꯴꯹,꯱    ꯑꯃꯗꯤ    ꯴ ꯹ ,7,4
565,꯲ ꯃꯊꯪꯁꯤꯠꯅꯗ ꯄꯜꯂꯤ꯫,꯲    ꯃꯊꯪ ꯁꯤ ꯠ ꯅꯗ    ꯄꯜꯂꯤ꯫ ,14,6
566,ꯃꯔꯨ ꯐꯨꯛꯅ ꯃꯥꯡꯍꯟ ꯇꯥꯛꯍꯟꯅꯕ ꯍꯣꯡꯗꯕ ꯍꯥꯏꯕꯁꯤ ꯂꯩꯇꯕꯅ ꯃꯁꯤꯒꯤ ꯄꯥꯟꯗꯝꯗꯤ ꯃꯥꯡꯍꯟ ꯇꯥꯛꯍꯟꯕ ꯅꯠꯇꯦ ꯑꯃꯗꯤ ꯃꯇꯝ ꯆꯨꯞꯄꯒꯤ ꯂꯩꯍꯟꯅꯕ ꯂꯦꯡꯗꯕ ꯊꯋꯥꯏꯁꯨ ꯂꯩꯇꯕꯅꯤꯅ ꯃꯇꯝꯆꯨꯞꯄꯗ ꯂꯩꯕ ꯍꯥꯏꯕꯗꯨꯁꯨ ꯅꯠꯇꯦ꯫,ꯃꯔꯨ    ꯐꯨ ꯛꯅ    ꯃꯥꯡ ꯍꯟ    ꯇꯥꯛ ꯍꯟꯅꯕ    ꯍꯣꯡ ꯗꯕ    ꯍꯥꯏꯕꯁꯤ    ꯂꯩꯇ ꯕꯅ    ꯃꯁꯤꯒꯤ    ꯄꯥꯟꯗꯝ ꯗꯤ    ꯃꯥꯡ ꯍꯟ    ꯇꯥꯛ ꯍꯟꯕ    ꯅꯠꯇꯦ    ꯑꯃꯗꯤ    ꯃꯇꯝ    ꯆꯨꯞꯄꯒꯤ    ꯂꯩ ꯍꯟꯅꯕ    ꯂꯦꯡ ꯗꯕ    ꯊ ꯋꯥꯏ ꯁꯨ    ꯂꯩꯇ ꯕ ꯅꯤꯅ    ꯃꯇꯝ ꯆꯨꯞ ꯄꯗ    ꯂꯩꯕ    ꯍꯥꯏꯕ ꯗꯨ ꯁꯨ    ꯅꯠꯇꯦ꯫ ,123,41
567,ꯀꯥꯏꯅꯔꯝꯗꯥꯏ ꯃꯤꯀꯨꯞ ꯑꯗꯨꯗ ꯅꯨꯡꯁꯤꯔꯕ ꯃꯈꯣꯏ ꯑꯅꯤꯒꯤꯗꯃꯛ ꯃꯍꯥꯛꯒꯤ ꯃꯤꯅꯨꯡꯁꯤ ꯑꯗꯨ ꯌꯥꯝꯅ ꯑꯊꯣꯏꯕ ꯑꯣꯏꯈꯤ꯫,ꯀꯥꯏ ꯅ ꯔꯝ ꯗ ꯥꯏ    ꯃꯤ ꯀꯨ ꯞ    ꯑꯗꯨꯗ    ꯅꯨꯡꯁꯤ ꯔꯕ    ꯃꯈꯣꯏ    ꯑꯅꯤ ꯒꯤꯗꯃꯛ    ꯃꯍꯥꯛ ꯒꯤ    ꯃꯤ ꯅꯨꯡꯁꯤ    ꯑꯗꯨ    ꯌꯥꯝꯅ    ꯑꯊꯣꯏꯕ    ꯑꯣꯏꯈꯤ꯫ ,68,22
568,ꯃꯈꯣꯏꯗ ꯄꯣꯠ ꯄꯨꯝꯅꯃꯛ ꯃꯔꯥꯡ ꯀꯥꯏꯅ ꯂꯩꯕꯅ ꯑꯃꯁꯨꯡ ꯐꯖꯅ ꯉꯥꯛꯁꯦꯜꯂꯕꯅ ꯃꯔꯝ ꯑꯣꯏꯗꯨꯅ ꯃꯍꯥꯛꯅ ꯃꯃꯥ ꯑꯃꯁꯨꯡ ꯃꯆꯥ ꯑꯗꯨꯒꯤ ꯇꯨꯡꯒꯤ ꯑꯣꯏꯅ ꯃꯥꯂꯦꯝꯒꯤ ꯍꯔꯥꯎ ꯇꯌꯥꯝꯕ ꯑꯃꯁꯨꯡ ꯅꯨꯉꯥꯏꯕ ꯑꯗꯨꯒꯤꯗꯃꯛ ꯋꯥꯔꯝꯗꯦ꯫,ꯃꯈꯣꯏꯗ    ꯄꯣꯠ    ꯄꯨꯝꯅꯃꯛ    ꯃꯔꯥꯡ    ꯀꯥꯏꯅ    ꯂꯩꯕꯅ    ꯑꯃꯁꯨꯡ    ꯐꯖꯅ    ꯉꯥꯛ ꯁꯦ ꯜꯂ ꯕꯅ    ꯃꯔꯝ    ꯑꯣꯏꯗꯨꯅ    ꯃꯍꯥꯛꯅ    ꯃꯃꯥ    ꯑꯃꯁꯨꯡ    ꯃꯆꯥ    ꯑꯗꯨꯒꯤ    ꯇꯨꯡꯒꯤ    ꯑꯣꯏꯅ    ꯃꯥꯂꯦꯝꯒꯤ    ꯍꯔ ꯥꯎ    ꯇ ꯌꯥꯝꯕ    ꯑꯃꯁꯨꯡ    ꯅꯨ ꯉꯥꯏ ꯕ    ꯑꯗꯨꯒꯤꯗꯃꯛ    ꯋꯥꯔ ꯝ ꯗꯦ꯫ ,124,34
569,"ꯃꯇꯝ ꯑꯗꯨꯃꯛꯇꯗ, ꯌꯥꯝꯅ ꯃꯃꯤꯡ ꯆꯠꯄ ꯍꯤꯟꯗꯨ ꯑꯃ ꯈ꯭ꯔꯤꯁꯇꯥꯟꯗ ꯑꯣꯟꯊꯣꯛꯈꯔꯦ ꯍꯥꯏꯕ ꯑꯩꯍꯥꯛꯅ ꯇꯥꯈꯤ꯫","ꯃꯇꯝ    ꯑꯗꯨ ꯃꯛꯇ ꯗ,    ꯌꯥꯝꯅ    ꯃꯃꯤꯡ    ꯆꯠꯄ    ꯍꯤꯟꯗꯨ    ꯑꯃ    ꯈ꯭ꯔꯤꯁꯇ ꯥꯟꯗ    ꯑꯣꯟ ꯊꯣꯛ ꯈ ꯔꯦ    ꯍꯥꯏꯕ    ꯑꯩꯍꯥꯛ ꯅ    ꯇꯥꯈꯤ꯫ ",62,19
570,"ꯃꯈꯥ ꯇꯥꯔꯛꯄ ꯄꯥꯔꯦꯡꯁꯤꯡꯗ, ꯑꯩꯈꯣꯏꯗ ꯃꯥꯂꯦꯝ ꯃꯄꯨꯅ ꯖꯥꯔꯥꯊꯨꯁꯇ꯭ꯔꯕꯨ ꯑꯆꯨꯝꯕꯒꯤ ꯂꯝꯕꯤ ꯇꯝꯕꯤꯅꯕ ꯑꯃꯁꯨꯡ ꯑꯆꯨꯝꯕꯒꯤ ꯃꯇꯨꯡ ꯏꯟꯅ ꯀꯔꯝꯅ ꯍꯤꯡꯒꯗꯧꯕꯒꯦ ꯍꯥꯏꯕꯗꯨ ꯇꯥꯛꯅꯅꯕ ꯃꯤꯑꯣꯏꯕꯒꯤ ꯑꯣꯖꯥ ꯑꯣꯏꯅ ꯈꯟꯈꯤ ꯍꯥꯏꯅ ꯇꯝꯃꯤ꯫","ꯃꯈꯥ    ꯇꯥꯔꯛꯄ    ꯄꯥꯔ ꯦ ꯡ ꯁꯤꯡꯗ,    ꯑꯩꯈ ꯣꯏ ꯗ    ꯃꯥꯂꯦꯝ    ꯃꯄꯨ ꯅ    ꯖ ꯥꯔꯥ ꯊꯨ ꯁꯇ꯭ꯔ ꯕꯨ    ꯑꯆ ꯨꯝ ꯕꯒꯤ    ꯂꯝꯕꯤ    ꯇꯝꯕꯤ ꯅꯕ    ꯑꯃꯁꯨꯡ    ꯑꯆ ꯨꯝ ꯕꯒꯤ    ꯃꯇꯨꯡ    ꯏꯟꯅ    ꯀꯔꯝꯅ    ꯍꯤꯡ ꯒꯗꯧ ꯕꯒꯦ    ꯍꯥꯏꯕꯗꯨ    ꯇꯥꯛ ꯅꯅꯕ    ꯃꯤꯑꯣꯏꯕꯒꯤ    ꯑꯣ ꯖꯥ    ꯑꯣꯏꯅ    ꯈꯟꯈꯤ    ꯍꯥꯏꯅ    ꯇꯝ ꯃꯤ꯫ ",135,44
571,ꯇꯥꯏꯕꯪꯄꯥꯜ ꯑꯍꯨꯝ ꯑꯁꯤꯗ ꯂꯥꯂꯣꯡ ꯅꯠꯇ꯭ꯔꯒ ꯄꯨꯛꯅꯤꯡ ꯋꯥꯈꯜꯒꯤ ꯍꯩꯁꯤꯡꯕꯗ ꯃꯍꯥꯛꯀꯤ ꯂꯝꯕꯥ ꯂꯩꯁꯨ ꯂꯩꯇꯦ ꯑꯃꯁꯨꯡ ꯁꯨꯡꯂꯩꯁꯨ ꯂꯩꯔꯣꯏ꯫,ꯇꯥꯏ ꯕꯪ ꯄꯥꯜ    ꯑꯍꯨꯝ    ꯑꯁꯤꯗ    ꯂꯥ ꯂꯣꯡ    ꯅꯠꯇ꯭ꯔꯒ    ꯄꯨꯛꯅꯤꯡ    ꯋꯥꯈ ꯜꯒꯤ    ꯍꯩꯁꯤꯡ ꯕꯗ    ꯃꯍꯥꯛꯀꯤ    ꯂꯝꯕꯥ    ꯂꯩ ꯁꯨ    ꯂꯩꯇꯦ    ꯑꯃꯁꯨꯡ    ꯁꯨꯡ ꯂꯩ ꯁꯨ    ꯂꯩ ꯔꯣꯏ ꯫ ,82,25
572,"ꯃꯈꯣꯏꯒꯤ ꯃꯤꯍꯨꯟꯒꯤ ꯃꯇꯨꯡ ꯏꯟꯅ ꯂꯥꯏ ꯅꯤꯡꯗꯨꯅ ꯃꯊꯟꯇ ꯍꯤꯡꯕ ꯄꯥꯝꯕ ꯏꯁꯣꯔ ꯍꯦꯟꯅ ꯅꯤꯡꯕ ꯃꯤꯁꯤꯡꯒꯤꯗꯃꯛ ꯄꯣꯠ ꯆꯩ ꯄꯨꯝꯅꯃꯛ ꯄꯤꯈꯤ, ꯑꯃꯁꯨꯡ ꯑꯅꯝꯕ ꯑꯣꯖꯥꯁꯤꯡ ꯑꯁꯤꯒꯤ ꯃꯇꯨꯡ ꯏꯟꯕ ꯃꯤ ꯌꯥꯝꯅ ꯂꯩꯈꯤ꯫","ꯃꯈꯣꯏꯒꯤ    ꯃꯤꯍꯨ ꯟꯒꯤ    ꯃꯇꯨꯡ    ꯏꯟꯅ    ꯂꯥꯏ    ꯅꯤꯡ ꯗꯨꯅ    ꯃꯊꯟꯇ    ꯍꯤꯡ ꯕ    ꯄꯥꯝꯕ    ꯏ ꯁꯣꯔ    ꯍꯦꯟꯅ    ꯅꯤꯡꯕ    ꯃꯤ ꯁꯤꯡꯒꯤꯗꯃꯛ    ꯄꯣꯠ    ꯆꯩ    ꯄꯨꯝꯅꯃꯛ    ꯄꯤꯈꯤ,    ꯑꯃꯁꯨꯡ    ꯑ ꯅꯝꯕ    ꯑꯣ ꯖꯥ ꯁꯤꯡ    ꯑꯁꯤꯒꯤ    ꯃꯇꯨꯡ    ꯏꯟ ꯕ    ꯃꯤ    ꯌꯥꯝꯅ    ꯂꯩꯈꯤ꯫ ",118,35
573,ꯑꯗꯨꯅ ꯍꯥꯟꯅꯒꯤꯗꯨꯗꯒꯤ ꯍꯦꯟꯅ ꯃꯇꯤꯛ ꯆꯥꯕ ꯂꯥꯏꯅꯤꯡ ꯆꯦꯠꯄ ꯑꯣꯖꯥ ꯑꯇꯣꯞꯄ ꯑꯃ ꯊꯤꯕ ꯑꯁꯤ ꯂꯝꯕꯣꯏꯕ ꯒꯣꯇꯥꯃꯥꯒꯤꯗꯃꯛꯇꯗꯤ ꯑꯋꯥꯕ ꯑꯣꯏꯈꯤꯗꯦ꯫,ꯑꯗꯨꯅ    ꯍꯥꯟ ꯅ ꯒꯤ ꯗꯨꯗꯒꯤ    ꯍꯦꯟꯅ    ꯃꯇꯤꯛ    ꯆꯥꯕ    ꯂꯥꯏꯅꯤꯡ    ꯆꯦ ꯠꯄ    ꯑꯣ ꯖꯥ    ꯑꯇꯣꯞꯄ    ꯑꯃ    ꯊꯤꯕ    ꯑꯁꯤ    ꯂꯝ ꯕꯣꯏ ꯕ    ꯒꯣ ꯇꯥ ꯃꯥ ꯒꯤꯗꯃꯛꯇ ꯗꯤ    ꯑꯋꯥꯕ    ꯑꯣꯏ ꯈꯤꯗꯦ꯫ ,85,28
574,ꯊꯧꯒꯜ ꯇꯪꯈꯥꯏ ꯇꯧꯕ ꯑꯗꯨ ꯋꯥꯁꯛ ꯇꯔꯦꯠ ꯍꯦꯟꯕ ꯌꯨꯝꯕꯨꯁꯤꯡ ꯑꯗꯨꯒꯤꯗꯃꯛ ꯄꯤꯈꯤꯕꯅꯤ꯫,ꯊꯧ ꯒꯜ    ꯇꯪ ꯈꯥꯏ    ꯇꯧꯕ    ꯑꯗꯨ    ꯋꯥ ꯁꯛ    ꯇꯔꯦꯠ    ꯍꯦꯟꯕ    ꯌꯨꯝ ꯕꯨ ꯁꯤꯡ    ꯑꯗꯨꯒꯤꯗꯃꯛ    ꯄꯤ ꯈꯤꯕꯅꯤ꯫ ,51,16
575,"ꯃꯗꯨꯒ ꯃꯥꯟꯅꯅ, ꯑꯅꯤꯁꯨꯕ ꯇꯥꯡꯀꯛꯇ ꯂꯩꯕ ꯑꯦꯔꯤꯌꯝꯅ ꯅꯠꯇ꯭ꯔꯒ ꯃꯔꯨꯞ ꯑꯗꯨ ꯃꯍꯥꯛꯄꯨ ꯐꯠꯇꯅ ꯁꯟꯗꯣꯛꯂꯤꯕꯗꯨꯅ ꯂꯥꯟꯗꯕꯤ; ꯑꯁꯤꯒꯨꯝꯕ ꯃꯤꯑꯣꯏꯁꯤꯡ ꯑꯁꯤ ꯃꯍꯥꯛꯇꯒꯤ ꯂꯥꯞꯅ ꯊꯝꯒꯗꯕꯅꯤ꯫","ꯃꯗꯨ ꯒ    ꯃꯥꯟꯅ ꯅ,    ꯑꯅꯤꯁꯨꯕ    ꯇꯥꯡꯀ ꯛꯇ    ꯂꯩꯕ    ꯑꯦꯔꯤ ꯌ ꯝꯅ    ꯅꯠꯇ꯭ꯔꯒ    ꯃꯔꯨꯞ    ꯑꯗꯨ    ꯃꯍꯥꯛꯄꯨ    ꯐꯠꯇ ꯅ    ꯁꯟꯗꯣꯛ ꯂꯤꯕ ꯗꯨꯅ    ꯂꯥꯟꯗ ꯕꯤ ;    ꯑꯁꯤꯒꯨꯝꯕ    ꯃꯤꯑꯣꯏꯁꯤꯡ    ꯑꯁꯤ    ꯃꯍꯥꯛ ꯇꯒꯤ    ꯂꯥꯞꯅ    ꯊꯝ ꯒꯗꯕꯅꯤ꯫ ",110,31
576,ꯂꯥꯜꯂꯦ ꯍꯥꯏꯅ ꯐꯥꯎꯔꯤꯕ ꯄꯥꯞꯇꯧꯔꯨꯔꯕ ꯑꯃꯅ ꯂꯥꯏꯒꯤ ꯑꯣꯏꯕ ꯋꯥꯍꯩꯁꯤꯡꯒꯤ ꯈꯨꯠꯊꯥꯡꯗ ꯏꯁꯣꯔꯒꯤ ꯑꯊꯣꯏꯕꯁꯤꯡ ꯁꯛꯄꯗꯨꯅ ꯍꯟꯗꯣꯛꯄ ꯌꯥꯏ ꯑꯃꯁꯨꯡ ꯑꯁꯨꯝꯅ ꯀꯥꯔꯃꯥꯒꯤ ꯇꯥꯛꯄꯤ ꯇꯝꯕꯤꯅꯕ ꯄꯥꯎꯇꯥꯛ ꯁꯤꯡꯕꯨꯜ ꯑꯗꯨ ꯃꯊꯧ ꯇꯧꯕ ꯂꯦꯞꯄꯦ꯫,ꯂꯥꯜ ꯂꯦ    ꯍꯥꯏꯅ    ꯐꯥꯎ ꯔꯤꯕ    ꯄꯥ ꯞ ꯇꯧ ꯔꯨ ꯔꯕ    ꯑꯃꯅ    ꯂꯥꯏꯒꯤ    ꯑꯣꯏꯕ    ꯋꯥꯍꯩ ꯁꯤꯡꯒꯤ    ꯈꯨꯠꯊꯥꯡꯗ    ꯏ ꯁꯣ ꯔꯒꯤ    ꯑꯊꯣꯏ ꯕꯁꯤꯡ    ꯁꯛ ꯄ ꯗꯨꯅ    ꯍꯟ ꯗꯣꯛꯄ    ꯌꯥꯏ    ꯑꯃꯁꯨꯡ    ꯑꯁꯨꯝꯅ    ꯀꯥꯔ ꯃꯥꯒꯤ    ꯇꯥꯛ ꯄꯤ    ꯇꯝꯕꯤ ꯅꯕ    ꯄꯥꯎꯇꯥꯛ    ꯁꯤꯡ ꯕꯨ ꯜ    ꯑꯗꯨ    ꯃꯊꯧ    ꯇꯧꯕ    ꯂꯦꯞ ꯄꯦ ꯫ ,136,45
577,ꯈ꯭ꯋꯥꯏꯗꯒꯤ ꯋꯥꯡꯕ ꯑꯁꯤ ꯃꯔꯣꯝꯗꯣꯟ ꯂꯦꯞꯆꯕ ꯉꯝꯂꯕ ꯑꯃꯁꯨꯡ ꯂꯥꯏꯅꯤꯡ ꯂꯥꯏꯁꯣꯟꯒꯤ ꯑꯣꯏꯕ ꯇꯧꯒꯗꯧꯕ ꯇꯥꯛꯄ ꯃꯊꯧ ꯇꯥꯗ꯭ꯔꯕ ꯚꯥꯏꯇꯨ ꯅꯤ; ꯃꯥꯈꯣꯏꯕꯨ ꯑꯔꯥꯟꯕ ꯂꯝꯕꯤꯗꯒꯤ ꯂꯥꯞꯊꯣꯛꯇꯨꯅ ꯊꯝꯅꯕ ꯃꯤ ꯇꯤꯅꯁꯟꯕ ꯑꯥꯏꯔꯌꯥꯝꯅ ꯅꯠꯇ꯭ꯔꯒ ꯃꯔꯨꯞ; ꯑꯗꯨꯒ ꯂꯩꯃꯥꯏꯗ ꯄꯨꯛꯅꯤꯡ ꯆꯪꯅ ꯊꯕꯛ ꯇꯧꯕ ꯑꯃꯁꯨꯡ ꯊꯥꯖꯕ ꯁꯟꯗꯣꯛꯀꯗꯧꯕ ꯕꯦꯔꯦꯖꯥꯅꯥꯍ ꯅꯠꯇ꯭ꯔꯒ ꯊꯕꯛ ꯁꯨꯕ ꯃꯤ꯫,ꯈ꯭ꯋꯥꯏꯗꯒꯤ    ꯋꯥꯡꯕ    ꯑꯁꯤ    ꯃꯔꯣ ꯝ ꯗꯣ ꯟ    ꯂꯦꯞ ꯆꯕ    ꯉꯝ ꯂꯕ    ꯑꯃꯁꯨꯡ    ꯂꯥꯏꯅꯤꯡ    ꯂꯥꯏꯁꯣ ꯟꯒꯤ    ꯑꯣꯏꯕ    ꯇꯧ ꯒꯗ ꯧꯕ    ꯇꯥꯛꯄ    ꯃꯊꯧ    ꯇꯥ ꯗ꯭ꯔꯕ    ꯚꯥꯏ ꯇꯨ    ꯅꯤ ;    ꯃꯥ ꯈꯣꯏ ꯕꯨ    ꯑꯔꯥꯟꯕ    ꯂꯝꯕꯤ ꯗꯒꯤ    ꯂꯥꯞ ꯊꯣꯛꯇꯨꯅ    ꯊꯝꯅꯕ    ꯃꯤ    ꯇꯤ ꯅ ꯁꯟ ꯕ    ꯑꯥꯏ ꯔ ꯌꯥꯝꯅ    ꯅꯠꯇ꯭ꯔꯒ    ꯃꯔꯨꯞ ;    ꯑꯗꯨꯒ    ꯂꯩ ꯃꯥꯏꯗ    ꯄꯨꯛꯅꯤꯡ    ꯆꯪ ꯅ    ꯊꯕꯛ    ꯇꯧꯕ    ꯑꯃꯁꯨꯡ    ꯊꯥꯖꯕ    ꯁꯟꯗꯣꯛ ꯀꯗ ꯧꯕ    ꯕꯦ ꯔꯦ ꯖꯥ ꯅꯥ ꯍ    ꯅꯠꯇ꯭ꯔꯒ    ꯊꯕꯛ    ꯁꯨꯕ    ꯃꯤ꯫ ,207,69
578,ꯕꯨꯗꯙꯅ ꯃꯁꯤꯒꯤ ꯃꯩ ꯌꯦꯛꯄꯒꯤ ꯁꯛꯇꯝ ꯑꯗꯨ ꯄꯜꯂꯤ ꯑꯃꯁꯨꯡ ꯋꯥꯍꯪ ꯑꯗꯨ ꯂꯥꯟꯅ ꯊꯝꯃꯦ ꯍꯥꯏꯅ ꯍꯥꯏ ꯫,ꯕꯨꯗ ꯙ ꯅ    ꯃꯁꯤꯒꯤ    ꯃꯩ    ꯌꯦꯛ ꯄꯒꯤ    ꯁꯛꯇꯝ    ꯑꯗꯨ    ꯄ ꯜꯂꯤ    ꯑꯃꯁꯨꯡ    ꯋꯥꯍꯪ    ꯑꯗꯨ    ꯂꯥꯟꯅ    ꯊꯝ ꯃꯦ    ꯍꯥꯏꯅ    ꯍꯥꯏ    ꯫ ,57,20
579,ꯁꯤꯔꯕꯒꯤ ꯃꯇꯨꯡꯗ ꯑꯔꯍꯟ꯭ꯇ ꯑꯃꯥ ꯂꯩ ꯅꯠꯇ꯭ꯔꯒ ꯂꯩꯇꯦ ꯍꯥꯏꯅ ꯐꯣꯡꯗꯣꯛꯄ ꯑꯁꯤ ꯆꯨꯝꯗꯦ ꯍꯥꯏꯅ ꯕꯨꯗꯙꯅ ꯍꯥꯏ꯫,ꯁꯤ ꯔ ꯕꯒꯤ    ꯃꯇꯨꯡꯗ    ꯑꯔ ꯍꯟ ꯭ꯇ    ꯑꯃꯥ    ꯂꯩ    ꯅꯠꯇ꯭ꯔꯒ    ꯂꯩꯇꯦ    ꯍꯥꯏꯅ    ꯐꯣꯡ ꯗꯣꯛꯄ    ꯑꯁꯤ    ꯆꯨꯝ ꯗꯦ    ꯍꯥꯏꯅ    ꯕꯨꯗ ꯙ ꯅ    ꯍꯥꯏ꯫ ,64,22
580,"ꯃꯍꯥꯛꯀꯤ ꯑꯔꯣꯏꯕ ꯃꯤꯀꯨꯞ ꯐꯥꯎꯕ, ꯃꯍꯥꯛꯅ ꯃꯤꯑꯣꯏꯕꯕꯨ ꯈꯨꯗꯝꯒꯤ ꯈꯨꯠꯊꯥꯡ ꯑꯃꯁꯨꯡ ꯂꯝꯖꯤꯡ ꯂꯝꯇꯥꯛꯄꯒꯤ ꯈꯨꯠꯊꯥꯡꯗ ꯁꯦꯕ ꯇꯧꯈꯤ꯫","ꯃꯍꯥꯛꯀꯤ    ꯑꯔꯣꯏꯕ    ꯃꯤ ꯀꯨ ꯞ    ꯐꯥꯎ ꯕ,    ꯃꯍꯥꯛꯅ    ꯃꯤꯑꯣꯏ ꯕꯕꯨ    ꯈꯨꯗ ꯝꯒꯤ    ꯈꯨꯠ ꯊꯥꯡ    ꯑꯃꯁꯨꯡ    ꯂꯝꯖꯤꯡ    ꯂꯝꯇꯥꯛ ꯄꯒꯤ    ꯈꯨꯠꯊꯥꯡꯗ    ꯁꯦ ꯕ    ꯇꯧꯈꯤ꯫ ",79,22
581,"ꯋꯥꯁꯛ ꯑꯁꯤ ꯃꯇꯨꯡ ꯏꯟꯟ, ꯌꯨꯝꯄꯥꯜꯂꯤꯕ ꯑꯗꯨ ꯃꯍꯥꯛꯀꯤ ꯂꯨꯍꯣꯡꯂꯕ ꯂꯣꯏꯅꯕꯤ/ꯂꯣꯏꯅꯕ ꯅꯠꯇꯅ ꯀꯅꯥꯝꯃꯇꯒ ꯍꯛꯇꯤꯟꯅ ꯌꯥꯗꯦ ꯫","ꯋꯥ ꯁꯛ    ꯑꯁꯤ    ꯃꯇꯨꯡ    ꯏꯟ ꯟ,    ꯌꯨꯝ ꯄꯥ ꯜꯂꯤꯕ    ꯑꯗꯨ    ꯃꯍꯥꯛꯀꯤ    ꯂꯨꯍꯣꯡ ꯂꯕ    ꯂꯣꯏꯅ ꯕꯤ / ꯂꯣꯏꯅꯕ    ꯅꯠꯇꯅ    ꯀꯅꯥ ꯝ ꯃꯇ ꯒ    ꯍꯛ ꯇꯤ ꯟꯅ    ꯌꯥ ꯗꯦ    ꯫ ",74,28
582,"ꯃꯈꯣꯏ ꯇꯔꯨꯛ ꯑꯗꯨ ꯁꯔꯒꯥꯒꯤꯗꯃꯛ ꯆꯠꯃꯤꯟꯅꯈꯤ, ꯑꯗꯨꯕꯨ ꯙꯔꯃꯅ ꯑꯣꯟꯕ ꯑꯣꯏꯔꯝꯕ ꯍꯨꯏ ꯃꯆꯥ ꯑꯃꯈꯛꯀ ꯂꯣꯏꯅꯗꯨꯅ ꯁꯔꯒꯥꯒꯤ ꯊꯣꯡꯒꯥꯟ ꯌꯧꯈꯤꯕ ꯌꯨꯙꯤꯁꯊꯤꯔꯥ ꯅꯠꯇꯅ ꯂꯣꯏꯅꯝꯛ ꯂꯝꯕꯤꯗ ꯁꯤꯈꯤ꯫","ꯃꯈꯣꯏ    ꯇꯔꯨꯛ    ꯑꯗꯨ    ꯁꯔ ꯒꯥ ꯒꯤꯗꯃꯛ    ꯆꯠ ꯃꯤꯟ ꯅꯈꯤ,    ꯑꯗꯨꯕꯨ    ꯙꯔꯃ ꯅ    ꯑꯣ ꯟꯕ    ꯑꯣꯏꯔꯝꯕ    ꯍꯨ ꯏ    ꯃꯆꯥ    ꯑꯃ ꯈ ꯛ ꯀ    ꯂꯣꯏꯅ ꯗꯨꯅ    ꯁꯔ ꯒꯥꯒꯤ    ꯊꯣꯡ ꯒ ꯥꯟ    ꯌꯧ ꯈꯤꯕ    ꯌꯨ ꯙꯤ ꯁ ꯊꯤ ꯔꯥ    ꯅꯠꯇꯅ    ꯂꯣꯏ ꯅꯝ ꯛ    ꯂꯝꯕꯤꯗ    ꯁꯤꯈꯤ꯫ ",112,42
583,"ꯁꯤꯈꯀꯤ ꯑꯣꯏꯕ ꯋꯥꯈꯜꯂꯣꯟꯒꯤ ꯃꯥꯑꯣꯡꯗꯤ, ꯏꯅꯥꯛꯈꯨꯟꯕ ꯅꯠꯇ꯭ꯔꯒ ꯂꯥꯏꯔꯕ, ꯑꯋꯥꯡꯕ ꯅꯠꯇ꯭ꯔꯒ ꯑꯅꯦꯝꯕ, ꯀꯥꯁꯠ ꯂꯧꯗꯕ, ꯂꯥꯏꯅꯤꯡ, ꯀꯨꯆꯨ, ꯀꯥꯡꯂꯨꯞ, ꯅꯨꯄꯥ-ꯅꯨꯄꯤ, ꯙꯔꯃ ꯅꯠꯇ꯭ꯔꯒ ꯂꯩꯕꯥꯛ ꯈꯥꯏꯗꯅ ꯃꯤꯑꯣꯏꯕ ꯄꯨꯝꯅꯃꯛꯇ ꯆꯞ ꯃꯥꯟꯅꯅ ꯂꯥꯏꯒꯤ ꯃꯉꯥꯜ ꯂꯩ ꯍꯥꯏꯕꯗꯨ ꯈꯪꯕ ꯑꯁꯤꯅꯤ꯫","ꯁꯤꯈ ꯀꯤ    ꯑꯣꯏꯕ    ꯋꯥꯈꯜ ꯂꯣꯟꯒꯤ    ꯃꯥ ꯑꯣ ꯡ ꯗꯤ,    ꯏꯅ ꯥꯛ ꯈꯨ ꯟꯕ    ꯅꯠꯇ꯭ꯔꯒ    ꯂꯥꯏ ꯔꯕ ,    ꯑꯋꯥꯡꯕ    ꯅꯠꯇ꯭ꯔꯒ    ꯑ ꯅꯦ ꯝꯕ ,    ꯀꯥ ꯁꯠ    ꯂꯧ ꯗꯕ ,    ꯂꯥꯏꯅꯤꯡ ,    ꯀꯨ ꯆꯨ ,    ꯀꯥꯡꯂꯨꯞ ,    ꯅꯨꯄꯥ - ꯅꯨꯄꯤ ,    ꯙꯔꯃ    ꯅꯠꯇ꯭ꯔꯒ    ꯂꯩꯕꯥꯛ    ꯈꯥꯏ ꯗꯅ    ꯃꯤ ꯑꯣꯏꯕ    ꯄꯨꯝꯅꯃꯛꯇ    ꯆꯞ    ꯃꯥꯟꯅꯅ    ꯂꯥꯏꯒꯤ    ꯃꯉꯥ ꯜ    ꯂꯩ    ꯍꯥꯏꯕꯗꯨ    ꯈꯪꯕ    ꯑꯁꯤꯅꯤ꯫ ",166,56
584,"ꯃꯔꯝ ꯑꯁꯤꯅ, ꯋꯥꯔꯦꯞ ꯍꯥꯟꯅ ꯊꯝꯗꯅ ꯑꯃꯁꯨꯡ ꯈꯨꯅꯥꯏꯒꯤ ꯑꯅꯦꯝ ꯑꯋꯥꯡ ꯈꯥꯏꯗꯣꯛꯄ ꯌꯥꯎꯗꯅ ꯃꯥꯂꯦꯝ ꯄꯨꯝꯕꯗ ꯒꯨꯔꯨꯗꯡꯋꯥꯔꯥ (ꯒꯨꯔꯨꯒꯤ ꯌꯨꯝ) ꯀꯧꯕ ꯁꯤꯈ ꯂꯥꯏꯁꯪꯒꯤ ꯊꯣꯡꯁꯤꯡ ꯑꯁꯤ ꯍꯥꯡꯉꯤ꯫","ꯃꯔꯝ    ꯑꯁꯤ ꯅ,    ꯋꯥꯔꯦꯞ    ꯍꯥꯟꯅ    ꯊꯝ ꯗꯅ    ꯑꯃꯁꯨꯡ    ꯈꯨ ꯅꯥꯏꯒꯤ    ꯑ ꯅꯦ ꯝ    ꯑꯋꯥꯡ    ꯈꯥꯏꯗꯣꯛꯄ    ꯌꯥꯎꯗꯅ    ꯃꯥꯂꯦꯝ    ꯄꯨꯝꯕꯗ    ꯒꯨ ꯔꯨ ꯗ ꯡ ꯋꯥꯔ ꯥ    ( ꯒꯨ ꯔꯨ ꯒꯤ    ꯌꯨꯝ )    ꯀꯧꯕ    ꯁꯤꯈ    ꯂꯥꯏꯁꯪꯒꯤ    ꯊꯣꯡ ꯁꯤꯡ    ꯑꯁꯤ    ꯍꯥꯡ ꯉꯤ꯫ ",112,38
585,ꯃꯁꯤꯅ ꯇꯨꯡꯒꯤ ꯀꯟꯕꯤꯕ ꯑꯃꯁꯨ ꯑꯣꯏ꯫,ꯃꯁꯤꯅ    ꯇꯨꯡꯒꯤ    ꯀꯟ ꯕꯤꯕ    ꯑꯃꯁꯨ    ꯑꯣꯏ꯫ ,22,6
586,"ꯒꯥꯊꯥꯁꯀꯤ ꯈꯨꯋꯥꯏꯗꯒꯤ ꯃꯔꯨ ꯑꯣꯏꯕ ꯑꯣꯏꯔꯝꯕ ꯌꯥꯕ ꯁꯩꯔꯦꯡꯗ, ꯄꯔꯥ ꯴꯵, ꯁꯩꯔꯦꯡ ꯸ꯇ ꯄ꯭ꯔꯣꯐꯦꯠ ꯖꯥꯔꯥꯊꯨꯁꯇ꯭ꯔꯅ ꯑꯔꯣꯏꯕꯗ ꯃꯍꯥꯛꯀꯤ ꯋꯥꯈꯜꯒꯤ ꯃꯤꯠꯇꯒꯤ ꯃꯥꯂꯦꯝꯒꯤ ꯃꯄꯨ ꯏꯁꯣꯔꯕꯨ ꯂꯧꯁꯤꯟꯕ ꯉꯝꯈꯤ, ꯑꯐꯕ ꯋꯥꯈꯜꯒꯤ ꯍꯣꯂꯤ ꯇ꯭ꯔꯤꯅꯤꯇꯤꯗ ꯇꯛꯁꯟꯖꯕ ꯑꯣꯏꯕ, ꯑꯐꯥꯕ ꯋꯥꯍꯩ, ꯑꯃꯥꯁꯨꯡ ꯑꯐꯥꯕ ꯊꯕꯛ ꯑꯁꯤ ꯃꯤꯑꯣꯏꯕꯅ ꯏꯟꯒꯗꯧꯕ ꯑꯆꯨꯝꯕꯒꯤ ꯂꯝꯕꯤꯅꯤ ꯍꯥꯏꯅ ꯊꯝꯈꯤ꯫","ꯒꯥ ꯊꯥ ꯁꯀꯤ    ꯈꯨ ꯋ ꯥꯏꯗꯒꯤ    ꯃꯔꯨ    ꯑꯣꯏꯕ    ꯑꯣꯏꯔꯝꯕ    ꯌꯥꯕ    ꯁꯩꯔꯦ ꯡ ꯗ,    ꯄꯔ ꯥ    ꯴ ꯵ ,    ꯁꯩꯔꯦ ꯡ    ꯸ ꯇ    ꯄ꯭ꯔꯣ ꯐꯦ ꯠ    ꯖ ꯥꯔꯥ ꯊꯨ ꯁꯇ꯭ꯔ ꯅ    ꯑꯔꯣꯏꯕꯗ    ꯃꯍꯥꯛꯀꯤ    ꯋꯥꯈ ꯜꯒꯤ    ꯃꯤ ꯠꯇꯒꯤ    ꯃꯥꯂꯦꯝꯒꯤ    ꯃꯄꯨ    ꯏ ꯁꯣꯔ ꯕꯨ    ꯂꯧ ꯁꯤꯟꯕ    ꯉꯝ ꯈꯤ,    ꯑꯐꯕ    ꯋꯥꯈ ꯜꯒꯤ    ꯍꯣ ꯂꯤ    ꯇ꯭ꯔꯤ ꯅꯤ ꯇꯤꯗ    ꯇꯛ ꯁꯟ ꯖꯕ    ꯑꯣꯏꯕ,    ꯑ ꯐꯥꯕ    ꯋꯥꯍꯩ ,    ꯑꯃꯥ ꯁꯨꯡ    ꯑ ꯐꯥꯕ    ꯊꯕꯛ    ꯑꯁꯤ    ꯃꯤꯑꯣꯏ ꯕꯅ    ꯏꯟ ꯒꯗ ꯧꯕ    ꯑꯆ ꯨꯝ ꯕꯒꯤ    ꯂꯝꯕꯤ ꯅꯤ    ꯍꯥꯏꯅ    ꯊꯝꯈꯤ꯫ ",213,79
587,ꯃꯁꯤ ꯄꯥꯔꯦꯡ ꯈꯔ ꯑꯁꯤꯗ ꯖꯥꯔꯥꯊꯨꯁꯇ꯭ꯔꯥꯗ ꯁꯦꯡꯂꯕ ꯋꯥꯈꯜ ꯆꯪꯉꯒ ꯃꯉꯣꯟꯗ ꯃꯤꯑꯣꯏꯕꯗ ꯃꯍꯥꯛꯅ ꯀꯔꯤ ꯍꯥꯏꯒꯗꯧꯕꯅꯣ ꯍꯥꯏꯕ ꯑꯗꯨ ꯐꯣꯡꯗꯣꯛꯄꯒꯤ ꯃꯥꯑꯣꯡ ꯑꯗꯨ ꯎꯠꯂꯤ꯫,ꯃꯁꯤ    ꯄꯥꯔ ꯦ ꯡ    ꯈꯔ    ꯑꯁꯤꯗ    ꯖ ꯥꯔꯥ ꯊꯨ ꯁꯇ꯭ꯔ ꯥꯗ    ꯁꯦꯡꯂꯕ    ꯋꯥꯈꯜ    ꯆꯪ ꯉ ꯒ    ꯃꯉꯣꯟꯗ    ꯃꯤꯑꯣꯏ ꯕꯗ    ꯃꯍꯥꯛꯅ    ꯀꯔꯤ    ꯍꯥꯏ ꯒꯗꯧ ꯕ ꯅꯣ    ꯍꯥꯏꯕ    ꯑꯗꯨ    ꯐꯣꯡꯗꯣꯛ ꯄꯒꯤ    ꯃꯥ ꯑꯣ ꯡ    ꯑꯗꯨ    ꯎꯠꯂꯤ꯫ ,97,34
588,"ꯃꯤꯡ ꯑꯣꯏꯅ ꯄꯟꯕ ꯑꯍꯨꯝꯁꯨꯕ ꯃꯤꯑꯣꯏ ꯑꯗꯨꯗꯤ ꯑꯣꯏꯗꯕ ꯉꯥꯡꯕ ꯑꯃꯁꯨꯡ ꯃꯤꯅꯝꯕꯒꯤ ꯂꯤꯆꯠ ꯆꯠꯄ, ꯃꯔꯝ ꯑꯁꯤꯅ ꯖꯥꯔꯥꯊꯨꯁꯇ꯭ꯔꯥꯅ ꯃꯥꯒꯤ ꯀꯥꯡꯂꯨꯞꯄꯨ ꯑꯁꯤꯒꯨꯝꯕ ꯃꯤꯒ ꯂꯣꯏꯅꯕꯗꯒꯤ ꯊꯤꯡꯈꯤꯕ, ꯕꯦꯟꯗꯕꯥ ꯅꯤ꯫","ꯃꯤꯡ    ꯑꯣꯏꯅ    ꯄ ꯟꯕ    ꯑꯍꯨꯝꯁꯨꯕ    ꯃꯤꯑꯣꯏ    ꯑꯗꯨꯗꯤ    ꯑꯣꯏꯗꯕ    ꯉꯥꯡ ꯕ    ꯑꯃꯁꯨꯡ    ꯃꯤ ꯅꯝ ꯕꯒꯤ    ꯂꯤ ꯆꯠ    ꯆꯠ ꯄ,    ꯃꯔꯝ    ꯑꯁꯤꯅ    ꯖ ꯥꯔꯥ ꯊꯨ ꯁꯇ꯭ꯔ ꯥ ꯅ    ꯃꯥꯒꯤ    ꯀꯥꯡꯂꯨꯞ ꯄꯨ    ꯑꯁꯤꯒꯨꯝꯕ    ꯃꯤ ꯒ    ꯂꯣꯏ ꯅꯕ ꯗꯒꯤ    ꯊꯤꯡ ꯈꯤꯕ,    ꯕꯦꯟ ꯗꯕ ꯥ    ꯅꯤ꯫ ",121,41
589,"ꯃꯁꯥꯕꯨ ꯐꯊꯖꯕ ꯑꯃꯁꯨꯡ ꯊꯖꯕ, ꯑꯋꯕꯗ ꯄꯨꯛꯅꯤꯡ ꯐꯊꯕ ꯑꯃꯗꯤ ꯄꯨꯛꯆꯦꯜ ꯄꯤꯛꯇꯕꯒꯤ ꯃꯔꯨꯑꯣꯏꯕ, ꯃꯗꯨ ꯄꯨꯝꯅꯃꯛꯀꯤ ꯃꯊꯛꯇ ꯚꯛꯇꯤ ꯅꯠꯇ꯭ꯔꯒ ꯂꯨꯞꯆꯕꯒꯤ ꯃꯁꯥꯅ ꯈꯪꯂꯛꯄ ꯐꯥꯎꯔꯛꯄꯒꯤ ꯋꯥꯈꯜꯂꯣꯟꯕꯨ ꯒꯤꯇꯥꯒꯤ ꯂꯦꯝꯍꯧꯔꯤꯕ ꯁꯔꯨꯛꯅ ꯍꯦꯟꯅ ꯂꯨꯞꯍꯜꯂꯤ ꯑꯃꯁꯨꯡ ꯃꯒꯨꯟ ꯍꯦꯟꯒꯠꯍꯜꯂꯤ꯫","ꯃꯁꯥꯕꯨ    ꯐ ꯊ ꯖꯕ    ꯑꯃꯁꯨꯡ    ꯊ ꯖ ꯕ,    ꯑꯋ ꯕꯗ    ꯄꯨꯛꯅꯤꯡ    ꯐ ꯊꯕ    ꯑꯃꯗꯤ    ꯄꯨꯛ ꯆꯦꯜ    ꯄꯤ ꯛꯇ ꯕꯒꯤ    ꯃꯔꯨ ꯑꯣꯏꯕ,    ꯃꯗꯨ    ꯄꯨꯝꯅꯃꯛꯀꯤ    ꯃꯊꯛꯇ    ꯚ ꯛꯇꯤ    ꯅꯠꯇ꯭ꯔꯒ    ꯂꯨꯞ ꯆ ꯕꯒꯤ    ꯃꯁꯥꯅ    ꯈꯪ ꯂꯛꯄ    ꯐꯥꯎ ꯔꯛ ꯄꯒꯤ    ꯋꯥꯈꯜ ꯂꯣꯟ ꯕꯨ    ꯒꯤ ꯇꯥꯒꯤ    ꯂꯦꯝꯍꯧꯔꯤꯕ    ꯁꯔꯨ ꯛꯅ    ꯍꯦꯟꯅ    ꯂꯨꯞ ꯍꯜꯂꯤ    ꯑꯃꯁꯨꯡ    ꯃꯒꯨꯟ    ꯍꯦꯟꯒꯠ ꯍꯜꯂꯤ꯫ ",163,51
590,"ꯃꯁꯤꯒꯤ ꯄꯔꯦꯡꯁꯤꯡ ꯑꯁꯤꯗ, ꯖꯥꯔꯥꯊꯨꯁꯇ꯭ꯔꯥꯅ ꯃꯤꯑꯣꯏꯕ ꯑꯃꯒꯤ ꯋꯥꯈꯟꯅ ꯌꯧꯕ ꯉꯝꯕ ꯈ꯭ꯋꯥꯏꯗꯒꯤ ꯋꯥꯡꯕ ꯊꯥꯛꯀ ꯃꯥꯟꯅꯕ ꯁꯄꯦꯟꯇ ꯃꯥꯏꯟꯌꯨꯒ ꯃꯥꯟꯅꯒꯦ ꯍꯥꯏꯅ ꯂꯦꯞꯂꯤ꯫","ꯃꯁꯤꯒꯤ    ꯄꯔꯦ ꯡꯁꯤꯡ    ꯑꯁꯤꯗ,    ꯖ ꯥꯔꯥ ꯊꯨ ꯁꯇ꯭ꯔ ꯥ ꯅ    ꯃꯤ ꯑꯣꯏꯕ    ꯑꯃꯒꯤ    ꯋꯥꯈ ꯟꯅ    ꯌ ꯧꯕ    ꯉꯝꯕ    ꯈ꯭ꯋꯥꯏꯗꯒꯤ    ꯋꯥꯡꯕ    ꯊꯥꯛ ꯀ    ꯃꯥꯟꯅꯕ    ꯁ ꯄꯦꯟ ꯇ    ꯃꯥꯏ ꯟ ꯌꯨ ꯒ    ꯃꯥꯟꯅ ꯒꯦ    ꯍꯥꯏꯅ    ꯂꯦꯞ ꯂꯤ꯫ ",99,35
591,ꯃꯗꯨꯒꯤ ꯃꯇꯨꯡꯗ ꯃꯍꯥꯛꯅ ꯑꯔꯖꯨꯅꯕꯨ ꯋꯥꯉꯨꯔꯣꯜꯒꯤ ꯋꯥꯈꯟꯁꯤꯡ ꯑꯃꯁꯨꯡ ꯐꯠꯇꯕ ꯇꯧꯔꯨꯕꯗꯒꯤ ꯇꯥꯏꯕꯪ ꯃꯄꯨꯗ ꯆꯪꯖꯕꯒꯤ ꯂꯝꯕꯤꯁꯤꯡ ꯑꯁꯤꯗ ꯄꯨꯈꯤ꯫,ꯃꯗꯨꯒꯤ    ꯃꯇꯨꯡꯗ    ꯃꯍꯥꯛꯅ    ꯑꯔ ꯖꯨ ꯅ ꯕꯨ    ꯋꯥ ꯉ ꯨ ꯔꯣ ꯜꯒꯤ    ꯋꯥ ꯈꯟ ꯁꯤꯡ    ꯑꯃꯁꯨꯡ    ꯐꯠꯇꯕ    ꯇꯧ ꯔꯨ ꯕꯗꯒꯤ    ꯇꯥꯏ ꯕ ꯪ    ꯃꯄꯨ ꯗ    ꯆꯪꯖ ꯕꯒꯤ    ꯂꯝꯕꯤꯁꯤꯡ    ꯑꯁꯤꯗ    ꯄꯨ ꯈꯤ꯫ ,86,31
592,"ꯒꯤꯇꯥꯒꯤ ꯃꯁꯤꯒꯤ ꯇꯥꯡꯀꯛ ꯑꯁꯤ ꯌꯥꯝꯅ ꯄꯨꯛꯅꯤꯡ ꯏꯍꯨꯜꯅ ꯍꯨꯝꯗꯨꯅ ꯄꯨꯕꯒꯤ ꯃꯉꯝ ꯑꯃꯗ ꯃꯇꯣꯜ ꯂꯣꯝꯃꯛꯏ: ꯑꯥꯔꯖꯨꯅꯥꯒꯤ ꯊꯃꯣꯏꯗ ꯑꯀꯤꯕ ꯐꯥꯎꯍꯟꯈꯤꯕ ꯃꯍꯥꯛꯀꯤ ꯂꯥꯏ ꯑꯣꯏꯕꯒꯤ ꯁꯛꯇꯝ, ꯕꯤꯁꯋꯥꯔꯨꯄꯥ ꯑꯗꯨ, ꯀ꯭ꯔꯤꯁꯅꯅ ꯑꯥꯔꯖꯨꯅꯥꯗ ꯎꯕ ꯐꯪꯍꯟꯈꯤ꯫","ꯒꯤ ꯇꯥꯒꯤ    ꯃꯁꯤꯒꯤ    ꯇꯥꯡꯀꯛ    ꯑꯁꯤ    ꯌꯥꯝꯅ    ꯄꯨꯛꯅꯤꯡ    ꯏ ꯍꯨ ꯜꯅ    ꯍꯨꯝ ꯗꯨꯅ    ꯄꯨ ꯕꯒꯤ    ꯃꯉ ꯝ    ꯑꯃꯗ    ꯃꯇ ꯣꯜ    ꯂꯣ ꯝ ꯃꯛ ꯏ :    ꯑꯥꯔ ꯖꯨ ꯅꯥꯒꯤ    ꯊꯃ ꯣꯏ ꯗ    ꯑꯀꯤꯕ    ꯐꯥꯎ ꯍꯟꯈꯤꯕ    ꯃꯍꯥꯛꯀꯤ    ꯂꯥꯏ    ꯑꯣꯏꯕꯒꯤ    ꯁꯛꯇ ꯝ,    ꯕꯤꯁ ꯋꯥꯔ ꯨ ꯄꯥ    ꯑꯗꯨ ,    ꯀ꯭ꯔꯤꯁ ꯅꯅ    ꯑꯥꯔ ꯖꯨ ꯅꯥꯗ    ꯎꯕ    ꯐꯪ ꯍꯟꯈꯤ꯫ ",145,52
593,"ꯃꯗꯨꯒꯤ ꯃꯇꯨꯡꯗ, ꯃꯃꯥ ꯃꯄꯥꯅ ꯂꯨꯍꯣꯡꯗꯅ ꯄꯣꯛꯈꯤꯕ ꯅꯤꯡꯊꯧ ꯑꯃ, ꯗꯥꯔꯤꯌꯨꯁ ꯅꯣꯊꯣꯁ, ꯂꯩꯔꯝꯃꯤ: ꯋꯤꯂꯤꯌꯝ ꯗ ꯀꯣꯟꯀꯔꯔꯒꯨꯝꯅ, ꯅꯣꯊꯣꯁꯀꯤ ꯋꯥꯍꯟꯊꯧꯇꯤ ꯂꯝꯖꯥ ꯑꯣꯏꯕ ꯀꯅꯥꯅꯣꯃꯒꯤ ꯃꯆꯥ ꯍꯥꯏꯕꯅꯤ꯫","ꯃꯗꯨꯒꯤ    ꯃꯇꯨꯡꯗ,    ꯃꯃꯥ    ꯃꯄꯥꯅ    ꯂꯨꯍꯣꯡ ꯗꯅ    ꯄꯣꯛ ꯈꯤꯕ    ꯅꯤꯡꯊꯧ    ꯑꯃ,    ꯗ ꯥꯔꯤ ꯌꯨ ꯁ    ꯅꯣ ꯊꯣ ꯁ,    ꯂꯩꯔꯝ ꯃꯤ :    ꯋꯤ ꯂꯤ ꯌꯝ    ꯗ    ꯀꯣꯟ ꯀꯔ ꯔ ꯒꯨꯝ ꯅ,    ꯅꯣ ꯊꯣ ꯁꯀꯤ    ꯋꯥꯍꯟ ꯊꯧ ꯇꯤ    ꯂꯝ ꯖꯥ    ꯑꯣꯏꯕ    ꯀꯅꯥ ꯅꯣ ꯃꯒꯤ    ꯃꯆꯥ    ꯍꯥꯏꯕꯅꯤ꯫ ",118,43
594,ꯑꯗꯨꯒ ꯋꯥꯈꯜ ꯌꯥꯝꯅ ꯂꯩꯕ ꯑꯅꯤꯁꯨꯕ ꯑꯔꯇꯥꯁꯦꯔꯁꯦꯁ ꯂꯩ꯫,ꯑꯗꯨꯒ    ꯋꯥꯈꯜ    ꯌꯥꯝꯅ    ꯂꯩꯕ    ꯑꯅꯤꯁꯨꯕ    ꯑꯔ ꯇꯥ ꯁꯦ ꯔ ꯁ ꯦꯁ    ꯂꯩ꯫ ,34,12
595,ꯃꯍꯥꯛ ꯑꯁꯤ ꯄꯨꯛꯅꯤꯡ ꯋꯥꯈꯜꯒꯤ ꯃꯍꯨꯠꯇ ꯃꯥꯂꯦꯝ ꯑꯁꯤꯒꯤ ꯄꯣꯠ ꯆꯩꯒꯤ ꯑꯣꯏꯕ ꯅꯥꯀꯟ ꯑꯗꯨꯕꯨ ꯃꯉꯥꯜ ꯄꯤ ꯍꯥꯏꯅ ꯍꯥꯏꯔꯤ ꯑꯃꯁꯨꯡ ꯃꯔꯝ ꯑꯁꯤꯅ ꯖꯥꯔꯥꯁꯊꯨꯁꯇ꯭ꯔꯥꯅ ꯌꯥꯅꯤꯡꯗꯦ꯫,ꯃꯍꯥꯛ    ꯑꯁꯤ    ꯄꯨꯛꯅꯤꯡ    ꯋꯥꯈ ꯜꯒꯤ    ꯃꯍꯨꯠꯇ    ꯃꯥꯂꯦꯝ    ꯑꯁꯤꯒꯤ    ꯄꯣꯠ    ꯆ ꯩꯒꯤ    ꯑꯣꯏꯕ    ꯅꯥ ꯀꯟ    ꯑꯗꯨꯕꯨ    ꯃꯉꯥ ꯜ    ꯄꯤ    ꯍꯥꯏꯅ    ꯍꯥꯏꯔꯤ    ꯑꯃꯁꯨꯡ    ꯃꯔꯝ    ꯑꯁꯤꯅ    ꯖ ꯥꯔꯥ ꯁ ꯊꯨ ꯁꯇ꯭ꯔ ꯥ ꯅ    ꯌꯥꯅꯤꯡ ꯗꯦ꯫ ,102,32
596,"ꯑꯍꯥꯟꯕꯅ ꯌꯤꯃꯥꯅꯤ , ꯃꯍꯥꯛ ꯑꯁꯤ ꯆꯥꯍꯤ ꯈꯨꯗꯤꯡꯒꯤ ꯃꯥꯔꯆ ꯲꯱ꯗ ꯄꯥꯡꯊꯣꯛꯄ ꯅꯥꯕꯔꯣꯖ ꯀꯨꯝꯍꯩꯒꯤ ꯃꯤꯡꯊꯣꯜꯒꯤ ꯂꯧꯐꯝ ꯑꯣꯏꯔꯤꯕ ꯃꯃꯤꯡ ꯆꯠꯂꯕ ꯅꯤꯡꯊꯧ ꯖꯝꯁꯦꯗ ꯑꯗꯨꯅꯤ꯫","ꯑꯍꯥꯟ ꯕꯅ    ꯌꯤ ꯃꯥ ꯅꯤ    ,    ꯃꯍꯥꯛ    ꯑꯁꯤ    ꯆꯥ ꯍꯤ    ꯈꯨꯗꯤꯡꯒꯤ    ꯃꯥꯔꯆ    ꯲ ꯱ꯗ    ꯄꯥꯡꯊꯣꯛꯄ    ꯅꯥ ꯕ ꯔꯣ ꯖ    ꯀꯨꯝꯍꯩꯒꯤ    ꯃꯤꯡꯊꯣ ꯜꯒꯤ    ꯂꯧ ꯐꯝ    ꯑꯣꯏꯔꯤꯕ    ꯃꯃꯤꯡ    ꯆꯠꯂꯕ    ꯅꯤꯡꯊꯧ    ꯖꯝ ꯁꯦ ꯗ    ꯑꯗꯨꯅꯤ꯫ ",100,32
597,"ꯃꯁꯤꯒꯤ ꯂꯥꯟꯅ ꯊꯥꯖꯕ ꯑꯁꯤ ꯂꯧꯊꯣꯛꯅꯕ, ꯃꯤ ꯑꯃꯅ ꯄꯣꯠ ꯆꯩ ꯑꯃꯇꯒꯤ ꯃꯄꯨ ꯑꯣꯏꯗꯕ ꯍꯥꯏꯅ ꯋꯥꯁꯛ ꯏ ꯑꯃꯁꯨꯡ ꯊꯋꯥꯏ ꯒꯤ ꯃꯄꯨꯡ ꯑꯣꯏꯕ ꯑꯗꯨ ꯈꯪꯉꯛ ꯏ꯫","ꯃꯁꯤꯒꯤ    ꯂꯥꯟꯅ    ꯊꯥꯖꯕ    ꯑꯁꯤ    ꯂꯧꯊꯣꯛ ꯅꯕ,    ꯃꯤ    ꯑꯃꯅ    ꯄꯣꯠ    ꯆꯩ    ꯑꯃ ꯇꯒꯤ    ꯃꯄꯨ    ꯑꯣꯏꯗꯕ    ꯍꯥꯏꯅ    ꯋꯥ ꯁꯛ    ꯏ    ꯑꯃꯁꯨꯡ    ꯊꯋꯥꯏ    ꯒꯤ    ꯃꯄꯨꯡ    ꯑꯣꯏꯕ    ꯑꯗꯨ    ꯈꯪ ꯉ ꯛ    ꯏ꯫ ",84,28
598,"ꯅꯥꯒꯔꯥ ꯂꯥꯏꯁꯪꯒ ꯃꯥꯟꯅꯗꯅ, ꯗ꯭ꯔꯕꯤꯗꯥ ꯂꯥꯏꯁꯪꯗꯤ ꯑꯀꯣꯏꯕ ꯑꯗꯨ ꯁꯝꯕꯟꯅ ꯀꯣꯏꯁꯤꯜꯂꯤ꯫","ꯅꯥꯒ ꯔꯥ    ꯂꯥꯏꯁꯪ ꯒ    ꯃꯥꯟꯅ ꯗꯅ,    ꯗ꯭ꯔ ꯕꯤ ꯗꯥ    ꯂꯥꯏꯁꯪ ꯗꯤ    ꯑꯀꯣꯏ ꯕ    ꯑꯗꯨ    ꯁ ꯝꯕ ꯟꯅ    ꯀꯣꯏ ꯁꯤꯜꯂꯤ꯫ ",54,19
599,"ꯑꯗꯨꯝ ꯑꯣꯏꯅꯃꯛ, ꯃꯍꯥꯛ ꯑꯁꯤ ꯐꯠꯇꯕꯗꯒꯤ ꯃꯤꯑꯣꯏ ꯀꯥꯡꯂꯨꯞꯄꯨ ꯀꯟꯅꯅꯕ ꯇꯥꯏꯕꯪ ꯃꯄꯨꯗꯒꯤ ꯄꯥꯎꯖꯦꯜ ꯑꯃꯒ ꯂꯣꯏꯅꯅ ꯂꯥꯛꯄ ꯁꯣꯁ꯭ꯌꯟ꯭ꯇ ꯑꯃꯅꯤ꯫","ꯑꯗꯨꯝ    ꯑꯣꯏꯅꯃꯛ,    ꯃꯍꯥꯛ    ꯑꯁꯤ    ꯐꯠꯇ ꯕꯗꯒꯤ    ꯃꯤꯑꯣꯏ    ꯀꯥꯡꯂꯨꯞ ꯄꯨ    ꯀꯟ ꯅꯅꯕ    ꯇꯥꯏ ꯕ ꯪ    ꯃꯄꯨ ꯗꯒꯤ    ꯄꯥꯎ ꯖꯦꯜ    ꯑꯃꯒ    ꯂꯣꯏꯅꯅ    ꯂꯥꯛꯄ    ꯁꯣ ꯁ꯭ ꯌꯟ ꯭ꯇ    ꯑꯃꯅꯤ꯫ ",85,26
600,ꯑꯩꯈꯣꯏꯅ ꯃꯥꯂꯦꯝ ꯏꯃꯥꯅ ꯀꯔꯝꯅ ꯉꯥꯛꯄꯤ-ꯁꯦꯟꯕꯤꯅꯕ ꯑꯃ ꯐꯝ ꯍꯥꯞꯄ ꯄꯥꯝꯈꯤ ꯑꯃꯁꯨꯡ ꯖꯥꯔꯥꯊꯨꯁꯇ꯭ꯔꯥ ꯑꯁꯤ ꯀꯔꯝꯅ ꯊꯕꯛ ꯍꯥꯞꯈꯤ ꯍꯥꯏꯕꯗꯨ ꯍꯥꯟꯅꯅ ꯎꯔꯦ ꯫,ꯑꯩꯈꯣꯏꯅ    ꯃꯥꯂꯦꯝ    ꯏ ꯃꯥꯅ    ꯀꯔꯝꯅ    ꯉꯥꯛ ꯄꯤ - ꯁꯦꯟ ꯕꯤ ꯅꯕ    ꯑꯃ    ꯐꯝ    ꯍꯥ ꯞꯄ    ꯄꯥꯝ ꯈꯤ    ꯑꯃꯁꯨꯡ    ꯖ ꯥꯔꯥ ꯊꯨ ꯁꯇ꯭ꯔ ꯥ    ꯑꯁꯤ    ꯀꯔꯝꯅ    ꯊꯕꯛ    ꯍꯥꯞ ꯈꯤ    ꯍꯥꯏꯕꯗꯨ    ꯍꯥꯟꯅꯅ    ꯎ ꯔꯦ    ꯫ ,91,33
601,"ꯑꯔꯖꯨꯟꯅ ꯂꯥꯡꯊꯦꯡꯅꯕ ꯑꯗꯨ ꯌꯥꯈꯤꯗꯕ ꯃꯇꯝꯗ, ꯀ꯭ꯔꯤꯁꯅꯅ ꯃꯍꯥꯛꯄꯨ ꯈꯥꯡꯕ ꯉꯝꯈꯤꯗꯦ꯫","ꯑꯔ ꯖꯨ ꯟꯅ    ꯂꯥꯡ ꯊꯦꯡꯅꯕ    ꯑꯗꯨ    ꯌꯥ ꯈꯤ ꯗꯕ    ꯃꯇꯝꯗ,    ꯀ꯭ꯔꯤꯁ ꯅꯅ    ꯃꯍꯥꯛꯄꯨ    ꯈ ꯥꯡꯕ    ꯉꯝꯈꯤꯗꯦ꯫ ",52,16
602,"ꯃꯇꯧ ꯑꯁꯨꯝꯅ, ꯌꯥꯝꯅ ꯃꯔꯨꯑꯣꯏꯕ ꯁꯩꯔꯦꯡ ꯑꯃꯗ, ꯃꯔꯣꯝꯗꯣꯝ ꯂꯦꯞꯆꯕ ꯉꯝꯕ ꯃꯘꯥ ꯃꯆꯤꯟ ꯃꯅꯥꯎꯒꯤ ꯃꯔꯤꯗ ꯑꯍꯥꯟꯕ ꯄꯔꯤꯡꯗ ꯂꯩꯔꯤꯕꯁꯤꯡꯅ ꯐꯠꯇꯕ ꯋꯥꯈꯜꯗꯒꯤ ꯆꯦꯛꯁꯤꯟꯒꯗꯕꯅꯤ, ꯃꯁꯤꯒꯤ ꯋꯥꯈꯜꯂꯣꯟꯗꯤ ꯈ꯭ꯋꯥꯏꯗꯒꯤ ꯋꯥꯡꯕ ꯊꯥꯛꯇ ꯌꯧꯔꯕ ꯃꯤꯑꯣꯏꯁꯤꯡꯗꯨꯅ ꯆꯥꯎꯊꯣꯛꯄ ꯅꯠꯇꯕ ꯅꯣꯜꯂꯨꯛꯄ ꯑꯣꯏꯅ ꯎꯠꯀꯗꯕꯅꯤ꯫","ꯃꯇꯧ    ꯑꯁꯨ ꯝ ꯅ,    ꯌꯥꯝꯅ    ꯃꯔꯨꯑꯣꯏꯕ    ꯁꯩꯔꯦ ꯡ    ꯑꯃꯗ,    ꯃꯔꯣ ꯝ ꯗꯣ ꯝ    ꯂꯦꯞ ꯆꯕ    ꯉꯝꯕ    ꯃ ꯘ ꯥ    ꯃ ꯆꯤꯟ    ꯃꯅꯥꯎ ꯒꯤ    ꯃꯔꯤ ꯗ    ꯑꯍꯥꯟꯕ    ꯄꯔꯤꯡꯗ    ꯂꯩꯔꯤ ꯕꯁꯤꯡꯅ    ꯐꯠꯇꯕ    ꯋꯥꯈꯜ ꯗꯒꯤ    ꯆꯦꯛꯁꯤꯟ ꯒꯗꯕ ꯅꯤ,    ꯃꯁꯤꯒꯤ    ꯋꯥꯈꯜ ꯂꯣꯟ ꯗꯤ    ꯈ꯭ꯋꯥꯏꯗꯒꯤ    ꯋꯥꯡꯕ    ꯊꯥꯛꯇ    ꯌꯧ ꯔꯕ    ꯃꯤꯑꯣꯏ ꯁꯤꯡ ꯗꯨꯅ    ꯆꯥꯎ ꯊꯣꯛꯄ    ꯅꯠꯇꯕ    ꯅꯣ ꯜꯂꯨ ꯛꯄ    ꯑꯣꯏꯅ    ꯎꯠ ꯀ ꯗꯕꯅꯤ꯫ ",178,57
603,"ꯇꯣꯀꯤꯌꯣ ꯑꯣꯂꯤꯝꯄꯤꯛ ꯁꯥꯏꯀꯜꯒꯤ ꯃꯅꯨꯡꯗ, ꯑꯩꯍꯛ ꯁꯥꯏꯀꯣꯂꯣꯒꯤꯁꯠ ꯑꯃꯒꯤ ꯃꯅꯥꯛꯇ ꯆꯠꯂꯨꯏ, ꯑꯗꯨꯕꯨ ꯃꯗꯨ ꯑꯩꯅ ꯀꯩꯗꯧꯅꯨꯡꯗ ꯃꯔꯨꯑꯣꯏꯅ ꯂꯧꯈꯤꯗꯦ ꯑꯃꯁꯨꯡ ꯏꯁꯥꯒꯤ ꯍꯛꯆꯥꯡꯕꯨ ꯌꯦꯡꯁꯟꯈꯤꯗꯦ꯫","ꯇꯣ ꯀꯤ ꯌꯣ    ꯑꯣꯂꯤꯝꯄꯤꯛ    ꯁꯥꯏ ꯀ ꯜꯒꯤ    ꯃꯅꯨꯡꯗ,    ꯑꯩ ꯍꯛ    ꯁꯥꯏ ꯀꯣꯂꯣ ꯒꯤ ꯁꯠ    ꯑꯃꯒꯤ    ꯃꯅꯥꯛꯇ    ꯆꯠ ꯂꯨ ꯏ,    ꯑꯗꯨꯕꯨ    ꯃꯗꯨ    ꯑꯩ ꯅ    ꯀꯩꯗꯧ ꯅꯨꯡꯗ    ꯃꯔꯨꯑꯣꯏꯅ    ꯂꯧ ꯈꯤꯗꯦ    ꯑꯃꯁꯨꯡ    ꯏ ꯁꯥꯒꯤ    ꯍꯛꯆꯥꯡ ꯕꯨ    ꯌꯦꯡ ꯁꯟ ꯈꯤꯗꯦ꯫ ",116,36
604,ꯑꯩ ꯍꯧꯖꯤꯛꯁꯨ ꯀꯟꯅ ꯁꯥꯟꯅꯕꯒꯤ ꯃꯊꯧ ꯇꯥꯔꯤ꯫,ꯑ ꯩ    ꯍꯧꯖꯤꯛꯁꯨ    ꯀꯟꯅ    ꯁꯥꯟꯅꯕꯒꯤ    ꯃꯊꯧ    ꯇꯥꯔ ꯤ꯫ ,27,8
605,ꯑꯣꯂꯤꯝꯄꯤꯌꯟ ꯑꯃ ꯑꯣꯏꯕ ꯑꯁꯤ ꯌꯥꯝꯅ ꯐꯩ ꯑꯗꯨꯕꯨ ꯇꯨꯡꯗ ꯋꯥꯈꯜ ꯋꯥꯕ ꯑꯃꯗꯤ ꯄꯨꯛꯅꯤꯡ ꯆꯔꯥꯡꯅꯕ ꯂꯩ꯫,ꯑꯣꯂꯤꯝꯄꯤ ꯌꯟ    ꯑꯃ    ꯑꯣꯏꯕ    ꯑꯁꯤ    ꯌꯥꯝꯅ    ꯐ ꯩ    ꯑꯗꯨꯕꯨ    ꯇꯨꯡꯗ    ꯋꯥꯈꯜ    ꯋꯥꯕ    ꯑꯃꯗꯤ    ꯄꯨꯛꯅꯤꯡ    ꯆ ꯔꯥꯡ ꯅꯕ    ꯂꯩ꯫ ,59,18
606,"ꯑꯗꯨꯒ ꯍꯣꯏ, ꯅꯍꯥꯛ ꯑꯣꯂꯤꯝꯄꯤꯌꯟ ꯑꯃꯅꯤ, ꯑꯗꯨꯕꯨ ꯃꯁꯤꯒꯤꯗꯃꯛ ꯅꯍꯥꯛꯅ ꯀꯔꯤ ꯐꯪꯕꯒꯦ","ꯑꯗꯨꯒ    ꯍ ꯣꯏ ,    ꯅꯍꯥꯛ    ꯑꯣꯂꯤꯝꯄꯤ ꯌꯟ    ꯑꯃꯅꯤ,    ꯑꯗꯨꯕꯨ    ꯃꯁꯤ ꯒꯤꯗꯃꯛ    ꯅꯍꯥꯛꯅ    ꯀꯔꯤ    ꯐꯪ ꯕꯒꯦ ",52,15
607,ꯃꯍꯥꯛꯅ ꯏꯪ ꯲꯰꯱꯴ꯗ ꯂꯩꯈꯤꯗ꯭ꯔꯤ ꯉꯥꯏꯒꯤ ꯃꯃꯥꯡꯗ ꯑꯩꯍꯥꯀ ꯃꯗꯨ ꯐꯪꯂꯝꯗꯦ꯫,ꯃꯍꯥꯛꯅ    ꯏꯪ    ꯲꯰꯱ ꯴ꯗ    ꯂꯩꯈꯤ ꯗ꯭ꯔꯤ    ꯉꯥꯏ ꯒꯤ    ꯃꯃꯥꯡꯗ    ꯑꯩ ꯍꯥ ꯀ    ꯃꯗꯨ    ꯐꯪ ꯂꯝ ꯗꯦ꯫ ,45,16
608,ꯉꯁꯤꯅꯨꯡꯗꯥꯡ ꯑꯁꯤ ꯃꯍꯥꯛꯅ ꯑꯩꯒꯤ ꯃꯅꯥꯛꯇ ꯑꯩꯕꯨ ꯌꯦꯡꯕꯤꯗꯨꯅ ꯂꯩꯌꯦ ꯍꯥꯏꯅ ꯑꯩꯅ ꯐꯥꯎꯈꯤ꯫,ꯉꯁꯤ ꯅꯨꯡ ꯗꯥꯡ    ꯑꯁꯤ    ꯃꯍꯥꯛꯅ    ꯑ ꯩꯒꯤ    ꯃꯅꯥꯛꯇ    ꯑꯩ ꯕꯨ    ꯌꯦꯡ ꯕꯤ ꯗꯨꯅ    ꯂꯩ ꯌꯦ   ꯍꯥꯏꯅ    ꯑꯩ ꯅ    ꯐꯥꯎ ꯈꯤ꯫ ,55,20
609,ꯀꯥꯡꯂꯨꯞ ꯑꯗꯨꯗꯒꯤ ꯈꯟꯒꯠꯂꯕ ꯃꯤꯍꯨꯠ ꯑꯃꯅ ꯄꯦꯅꯥꯜꯇꯤꯒꯤ ꯃꯐꯝ ꯑꯗꯨꯗꯒꯤ ꯒꯣꯜꯀꯤꯄꯔ ꯑꯗꯨꯈꯛꯇꯅ ꯉꯛꯊꯣꯛ ꯑꯗꯨꯅ ꯒꯣꯜ ꯇꯝꯅ ꯀꯥꯎꯔꯛꯅꯕꯒꯤ ꯑꯌꯥꯕ ꯄꯤ꯫,ꯀꯥꯡꯂꯨꯞ    ꯑꯗꯨꯗꯒꯤ    ꯈꯟꯒꯠ ꯂꯕ    ꯃꯤꯍꯨꯠ    ꯑꯃꯅ    ꯄꯦꯅꯥꯜ ꯇꯤꯒꯤ    ꯃꯐꯝ    ꯑꯗꯨꯗꯒꯤ    ꯒꯣꯜ ꯀꯤ ꯄꯔ    ꯑꯗꯨ ꯈꯛꯇꯅ    ꯉꯛ ꯊꯣꯛ    ꯑꯗꯨꯅ    ꯒꯣꯜ    ꯇꯝ ꯅ    ꯀꯥꯎ ꯔꯛ ꯅꯕꯒꯤ    ꯑꯌꯥꯕ    ꯄꯤ꯫ ,89,26
610,ꯕꯣꯜ ꯑꯗꯨ ꯀꯥꯎꯗ꯭ꯔꯤ ꯐꯥꯎꯕ ꯒꯣꯜꯀꯤꯄꯔ ꯑꯗꯨ ꯃꯍꯥꯛꯀꯤ ꯂꯥꯏꯟꯗ ꯂꯩꯒꯗꯧꯕꯅꯤ ꯑꯃꯁꯨꯡ ꯄꯦꯅꯥꯜꯇꯤꯒꯤ ꯃꯐꯝ ꯑꯗꯨꯒꯤ ꯃꯅꯤꯡꯗ ꯑꯇꯣꯞꯄ ꯁꯥꯟꯅꯔꯣꯏꯁꯤꯡ ꯑꯗꯨ ꯄꯦꯅꯥꯜꯇꯤꯒꯤ ꯃꯐꯝꯗꯨꯒꯤ ꯃꯄꯥꯟꯗ ꯂꯩꯒꯗꯧꯕꯅꯤ ꯫,ꯕꯣꯜ    ꯑꯗꯨ    ꯀꯥꯎ ꯗ꯭ꯔꯤ    ꯐꯥꯎꯕ    ꯒꯣꯜ ꯀꯤ ꯄꯔ    ꯑꯗꯨ    ꯃꯍꯥꯛꯀꯤ    ꯂꯥꯏ ꯟꯗ    ꯂꯩ ꯒꯗꯧ ꯕꯅꯤ    ꯑꯃꯁꯨꯡ    ꯄꯦꯅꯥꯜ ꯇꯤꯒꯤ    ꯃꯐꯝ    ꯑꯗꯨꯒꯤ    ꯃ ꯅꯤꯡꯗ    ꯑꯇꯣꯞꯄ    ꯁꯥꯟꯅꯔꯣꯏ ꯁꯤꯡ    ꯑꯗꯨ    ꯄꯦꯅꯥꯜ ꯇꯤꯒꯤ    ꯃꯐꯝ ꯗꯨꯒꯤ    ꯃꯄꯥꯟꯗ    ꯂꯩ ꯒꯗꯧ ꯕꯅꯤ    ꯫ ,121,35
611,ꯀꯥꯡꯂꯨꯞ ꯅꯥꯏꯅ ꯁꯥꯅꯕ ꯑꯁꯤꯅ ꯇꯥꯛꯄꯗꯤ ꯃꯥꯟꯅꯕ ꯄꯥꯅꯗꯝ ꯑꯃꯗ ꯆꯪꯁꯤꯟꯕ ꯑꯣꯏꯅ ꯁꯥꯅꯔꯣꯏꯁꯤꯡꯒ ꯍꯛꯆꯥꯡ ꯁꯥꯖꯦꯟ ꯇꯧꯃꯤꯟꯅꯕꯅꯤ꯫,ꯀꯥꯡꯂꯨꯞ    ꯅꯥꯏꯅ    ꯁꯥꯅꯕ    ꯑꯁꯤꯅ    ꯇꯥꯛꯄꯗꯤ    ꯃꯥꯟꯅꯕ    ꯄꯥ ꯅ ꯗꯝ    ꯑꯃꯗ    ꯆꯪ ꯁꯤꯟꯕ    ꯑꯣꯏꯅ    ꯁꯥꯅ ꯔꯣꯏ ꯁꯤꯡꯒ    ꯍꯛꯆꯥꯡ    ꯁꯥ ꯖꯦꯟ    ꯇꯧꯃꯤꯟ ꯅꯕ ꯅꯤ꯫ ,77,22
612,"ꯀꯥꯡꯂꯨꯞꯀꯤ ꯑꯣꯏꯕ ꯃꯁꯥꯟꯅꯗ, ꯀꯥꯡꯂꯨꯞ ꯑꯃꯇꯗ ꯌꯥꯎꯔꯤꯕ ꯃꯤꯑꯣꯏꯁꯤꯡꯒꯤ ꯀꯥꯡꯕꯨ ꯑꯃꯅ ꯃꯁꯥꯟꯅ ꯑꯗꯨꯒꯤ ꯃꯀꯣꯛ ꯊꯣꯡꯕꯁꯤꯡ ꯑꯣꯏꯅꯕꯒꯤ ꯄꯥꯟꯗꯝꯗ ꯄꯨꯟꯅ ꯊꯕꯛ ꯇꯧꯃꯤꯟꯅꯩ꯫","ꯀꯥꯡꯂꯨꯞꯀꯤ    ꯑꯣꯏꯕ    ꯃꯁꯥꯟꯅ ꯗ,    ꯀꯥꯡꯂꯨꯞ    ꯑꯃ ꯇ ꯗ    ꯌꯥꯎꯔꯤꯕ    ꯃꯤꯑꯣꯏꯁꯤꯡꯒꯤ    ꯀꯥꯡꯕꯨ    ꯑꯃꯅ    ꯃꯁꯥꯟꯅ    ꯑꯗꯨꯒꯤ    ꯃꯀꯣꯛ    ꯊꯣꯡ ꯕꯁꯤꯡ    ꯑꯣꯏ ꯅꯕꯒꯤ    ꯄꯥꯟꯗ ꯝꯗ    ꯄꯨꯟꯅ    ꯊꯕꯛ    ꯇꯧꯃꯤꯟ ꯅꯩ꯫ ",102,25
613,"ꯀꯥꯡꯂꯨꯞ ꯑꯗꯨꯒꯤ ꯃꯤꯍꯨꯠꯁꯤꯡ ꯑꯗꯨꯅ ꯃꯁꯤꯡꯁꯤꯡ ꯑꯃꯁꯨꯡ ꯄꯥꯟꯖꯟꯁꯤꯡ ꯁꯦꯝꯃꯤ, ꯋꯥꯔꯦꯞꯁꯤꯡ ꯂꯧꯋꯤ, ꯃꯈꯣꯏ ꯃꯁꯦꯟ ꯄꯥꯎ ꯐꯥꯎꯗꯣꯛꯅꯩ, ꯆꯌꯦꯠꯅꯕ ꯇꯥꯡꯀꯛꯁꯤꯡꯗ ꯁꯤꯟꯗꯣꯛꯅꯩ, ꯑꯃꯁꯨꯡ ꯄꯥꯟꯗꯝꯁꯤꯡ ꯑꯗꯨ ꯐꯪꯅꯕꯒꯤꯗꯃꯛ ꯋꯥꯈꯜ ꯁꯧꯒꯠꯄ, ꯊꯥꯖꯅꯤꯡꯉꯥꯏ ꯑꯣꯏꯕ ꯃꯥꯑꯣꯡꯗ ꯈꯨꯗꯣꯡꯊꯤꯕꯁꯤꯡꯒꯤ ꯑꯌꯦꯠ ꯑꯄꯟꯁꯤꯡ ꯑꯗꯨ ꯀꯣꯛꯍꯜꯂꯤ꯫","ꯀꯥꯡꯂꯨꯞ    ꯑꯗꯨꯒꯤ    ꯃꯤꯍꯨ ꯠꯁꯤꯡ    ꯑꯗꯨꯅ    ꯃ ꯁꯤꯡ ꯁꯤꯡ    ꯑꯃꯁꯨꯡ    ꯄꯥꯟ ꯖ ꯟꯁꯤꯡ    ꯁꯦꯝ ꯃꯤ,    ꯋꯥꯔꯦ ꯞꯁꯤꯡ    ꯂꯧ ꯋꯤ,    ꯃꯈꯣꯏ    ꯃ ꯁꯦꯟ    ꯄꯥꯎ    ꯐꯥꯎ ꯗꯣꯛ ꯅꯩ,    ꯆ ꯌꯦꯠꯅꯕ    ꯇꯥꯡ ꯀꯛ ꯁꯤꯡꯗ    ꯁꯤꯟ ꯗꯣꯛ ꯅꯩ,    ꯑꯃꯁꯨꯡ    ꯄꯥꯟꯗ ꯝꯁꯤꯡ    ꯑꯗꯨ    ꯐꯪ ꯅꯕꯒꯤꯗꯃꯛ    ꯋꯥꯈꯜ    ꯁꯧꯒꯠ ꯄ,    ꯊꯥꯖ ꯅꯤꯡꯉꯥꯏ    ꯑꯣꯏꯕ    ꯃꯥ ꯑꯣ ꯡꯗ    ꯈꯨꯗꯣꯡꯊꯤ ꯕꯁꯤꯡꯒꯤ    ꯑ ꯌꯦꯠ    ꯑ ꯄꯟ ꯁꯤꯡ    ꯑꯗꯨ    ꯀꯣꯛ ꯍꯜꯂꯤ꯫ ",194,58
614,"ꯃꯍꯥꯛꯅ ꯅꯨꯄꯤ ꯃꯆꯥ ꯑꯃ ꯑꯣꯏꯔꯤꯉꯥꯏꯗ ꯃꯡꯂꯥꯟꯈꯤꯕ ꯄꯣꯠ ꯑꯌꯥꯝꯕ ꯂꯣꯏꯅꯃꯛ ꯐꯪꯂꯕꯁꯨ, ꯇꯣꯀꯤꯌꯣ ꯃꯇꯨꯡꯗ ꯋꯥꯏꯠꯕꯨꯏꯗ ꯄꯦꯟꯗꯕꯒꯤ ꯋꯥꯈꯜ ꯑꯃ ꯂꯩꯈꯤ꯫","ꯃꯍꯥꯛꯅ    ꯅꯨꯄꯤ    ꯃꯆꯥ    ꯑꯃ    ꯑꯣꯏꯔꯤ ꯉꯥꯏ ꯗ    ꯃ ꯡ ꯂꯥꯟ ꯈꯤꯕ    ꯄꯣꯠ    ꯑꯌꯥꯝꯕ    ꯂꯣꯏꯅ ꯃꯛ    ꯐꯪ ꯂꯕꯁꯨ,    ꯇꯣ ꯀꯤ ꯌꯣ    ꯃꯇꯨꯡꯗ    ꯋꯥꯏ ꯠ ꯕꯨ ꯏ ꯗ    ꯄꯦꯟ ꯗꯕꯒꯤ    ꯋꯥꯈꯜ    ꯑꯃ    ꯂꯩꯈꯤ꯫ ",89,31
615,ꯃꯥꯂꯦꯝꯒꯤ ꯂꯥꯆꯠ ꯑꯁꯤꯅ ꯑꯣꯂꯦꯝꯄꯤꯛꯁꯇ ꯄꯥꯡꯊꯣꯛꯄꯒꯤ ꯃꯉꯥꯜ ꯈꯔ ꯂꯧꯊꯣꯛꯈꯔꯦ ꯫,ꯃꯥꯂꯦꯝꯒꯤ    ꯂꯥ ꯆꯠ    ꯑꯁꯤꯅ    ꯑꯣ ꯂꯦ ꯝꯄꯤ ꯛꯁꯇ    ꯄꯥꯡꯊꯣꯛ ꯄꯒꯤ    ꯃꯉꯥ ꯜ    ꯈꯔ    ꯂꯧꯊꯣꯛ ꯈ ꯔꯦ    ꯫ ,49,17
616,"ꯃꯥꯑꯣꯡ ꯎꯠꯄꯒꯤ ꯃꯁꯥꯟꯅ ꯑꯃꯒꯤ ꯃꯅꯨꯡꯗ, ꯁꯥꯅꯥꯔꯣꯏꯁꯤꯡ ꯑꯁꯤ ꯕꯣꯜ ꯑꯗꯨ ꯅꯦꯠ ꯃꯊꯛꯇ ꯃꯅꯤꯡ ꯃꯃꯥꯡ ꯊꯣꯝꯗꯨꯅ ꯂꯩꯕ ꯃꯥꯜꯂꯦ ꯑꯗꯨꯒ ꯕꯣꯜꯂꯤꯕꯥꯜ ꯑꯁꯤꯅ ꯃꯁꯥꯟꯅ ꯑꯁꯤꯒꯤ ꯍꯦꯟꯅ ꯁꯟꯗꯣꯛꯅ ꯇꯥꯛꯄ ꯃꯤꯡ ꯑꯣꯏꯅ ꯑꯣꯏꯒꯅꯤ ꯍꯥꯏꯅ ꯀꯅꯥꯅꯣꯃꯅ ꯍꯥꯏꯔꯛꯈꯤ꯫","ꯃꯥ ꯑꯣ ꯡ    ꯎꯠ ꯄꯒꯤ    ꯃꯁꯥꯟꯅ    ꯑꯃꯒꯤ    ꯃꯅꯨꯡꯗ,    ꯁꯥ ꯅꯥꯔ ꯣꯏ ꯁꯤꯡ    ꯑꯁꯤ    ꯕꯣꯜ    ꯑꯗꯨ    ꯅꯦꯠ    ꯃꯊꯛꯇ    ꯃ ꯅꯤꯡ    ꯃꯃꯥꯡ    ꯊꯣ ꯝ ꯗꯨꯅ    ꯂꯩꯕ    ꯃꯥꯜ ꯂꯦ    ꯑꯗꯨꯒ    ꯕꯣ ꯜꯂꯤ ꯕꯥ ꯜ    ꯑꯁꯤꯅ    ꯃꯁꯥꯟꯅ    ꯑꯁꯤꯒꯤ    ꯍꯦꯟꯅ    ꯁꯟꯗꯣꯛꯅ    ꯇꯥꯛꯄ    ꯃꯤꯡ    ꯑꯣꯏꯅ    ꯑꯣꯏꯒꯅꯤ    ꯍꯥꯏꯅ    ꯀꯅꯥ ꯅꯣ ꯃꯅ    ꯍꯥꯏ ꯔꯛꯈꯤ꯫ ",145,46
617,ꯚꯣꯜꯂꯤꯕꯣꯜꯒꯤ ꯃꯁꯥꯟꯅ ꯑꯁꯤ ꯋꯤꯂꯤꯌꯝ ꯖꯤ,ꯚꯣ ꯜꯂꯤ ꯕꯣꯜꯒꯤ    ꯃꯁꯥꯟꯅ    ꯑꯁꯤ    ꯋꯤ ꯂꯤ ꯌꯝ    ꯖꯤ ,26,9
618,ꯃꯣꯔꯒꯥꯟꯅ ꯏꯪ ꯱꯸꯹꯵ꯗ ꯋꯥꯏ,ꯃꯣꯔ ꯒꯥꯟ ꯅ    ꯏꯪ    ꯱꯸꯹ ꯵ꯗ    ꯋꯥꯏ ,17,7
619,ꯑꯦꯝ,ꯑꯦ ꯝ ,3,2
620,ꯁꯤ,ꯁꯤ ,2,1
621,ꯑꯦ,ꯑꯦ ,2,1
622,(ꯌꯨ,( ꯌꯨ ,3,2
623,ꯑꯦꯁ,ꯑꯦꯁ,3,1
624,ꯑꯦ,ꯑꯦ ,2,1
625,")ꯅ ꯍꯣꯜꯌꯣꯛ, ꯃꯁꯥꯆꯨꯁꯦꯠꯁꯇ ꯄꯨꯊꯣꯛꯈꯤ꯫",")ꯅ    ꯍꯣꯜ ꯌꯣꯛ ,    ꯃꯁꯥ ꯆꯨ ꯁꯦꯠ ꯁꯇ    ꯄꯨꯊꯣꯛꯈꯤ꯫ ",27,9
626,"ꯐꯤꯜꯗ ꯍꯣꯀꯤ ꯑꯁꯤ ꯀꯥꯡꯂꯨꯞ ꯑꯃꯒꯤ ꯁꯥꯟꯅꯔꯣꯏꯅ ꯑꯀꯣꯟꯕ ꯆꯩꯁꯤꯡ ꯁꯤꯖꯟꯅꯗꯨꯅ ꯃꯥꯏꯌꯣꯛꯅꯔꯤꯕ ꯀꯥꯡꯂꯨꯞ ꯑꯗꯨꯒꯤ ꯒꯣꯜꯗ ꯕꯣꯜ ꯑꯃ ꯀꯟꯕ, ꯀꯣꯠꯄ, ꯏꯟꯕ ꯅꯠꯇ꯭ꯔꯒ ꯀꯥꯥꯞꯇꯨꯅ ꯒꯣꯜꯁꯤꯡ ꯆꯪꯅꯕ ꯍꯣꯠꯅꯕ ꯀꯥꯡꯂꯨꯞ ꯅꯥꯏꯕ ꯃꯁꯥꯟꯅ ꯑꯃꯅꯤ ꯫","ꯐꯤꯜꯗ    ꯍꯣꯀꯤ    ꯑꯁꯤ    ꯀꯥꯡꯂꯨꯞ    ꯑꯃꯒꯤ    ꯁꯥꯟꯅꯔꯣꯏ ꯅ    ꯑ ꯀꯣ ꯟꯕ    ꯆꯩ ꯁꯤꯡ    ꯁꯤꯖꯟ ꯅꯗꯨꯅ    ꯃꯥꯏꯌꯣꯛ ꯅꯔꯤꯕ    ꯀꯥꯡꯂꯨꯞ    ꯑꯗꯨꯒꯤ    ꯒꯣ ꯜꯗ    ꯕꯣꯜ    ꯑꯃ    ꯀꯟ ꯕ,    ꯀꯣ ꯠ ꯄ,    ꯏꯟ ꯕ    ꯅꯠꯇ꯭ꯔꯒ    ꯀꯥ ꯥ ꯞ ꯇꯨꯅ    ꯒꯣ ꯜꯁꯤꯡ    ꯆꯪ ꯅꯕ    ꯍꯣꯠꯅꯕ    ꯀꯥꯡꯂꯨꯞ    ꯅꯥꯏꯕ    ꯃꯁꯥꯟꯅ    ꯑꯃꯅꯤ    ꯫ ",137,44
627,"ꯑꯗꯨꯝ ꯑꯣꯏꯅꯃꯛ, ""ꯐꯤꯜꯗ ꯍꯣꯀꯤ"" ꯍꯥꯏꯕ ꯃꯃꯤꯡ ꯑꯁꯤ ""ꯍꯣꯀꯤ"" ꯍꯥꯏꯕ ꯋꯥꯍꯩ ꯑꯁꯤꯅ ꯑꯩꯏꯁ ꯍꯣꯀꯤ ꯅꯠꯇ꯭ꯔꯒ ꯏꯁꯇ꯭ꯔꯤꯠ ꯍꯣꯀꯤꯒꯨꯝꯕ ꯍꯣꯀꯤꯒꯤ ꯑꯇꯣꯞꯄ ꯃꯥꯑꯣꯡ ꯑꯃ ꯂꯧꯕ ꯂꯝꯁꯤꯡꯗ ꯁꯤꯖꯤꯟꯅꯩ꯫","ꯑꯗꯨꯝ    ꯑꯣꯏꯅꯃꯛ,    "" ꯐꯤꯜꯗ    ꯍꯣ ꯀꯤ ""    ꯍꯥꯏꯕ    ꯃꯃꯤꯡ    ꯑꯁꯤ    "" ꯍꯣ ꯀꯤ ""    ꯍꯥꯏꯕ    ꯋꯥꯍꯩ    ꯑꯁꯤꯅ    ꯑꯩ ꯏ ꯁ    ꯍꯣꯀꯤ    ꯅꯠꯇ꯭ꯔꯒ    ꯏꯁ ꯇ꯭ꯔꯤ ꯠ    ꯍꯣ ꯀꯤ ꯒꯨꯝꯕ    ꯍꯣ ꯀꯤꯒꯤ    ꯑꯇꯣꯞꯄ    ꯃꯥ ꯑꯣ ꯡ    ꯑꯃ    ꯂꯧꯕ    ꯂꯝꯁꯤꯡꯗ    ꯁꯤꯖꯤꯟꯅꯩ꯫ ",114,38
628,"ꯁꯥꯟꯅꯔꯣꯏꯁꯤꯡ ꯑꯗꯨꯅ ꯗ꯭ꯔꯤꯕ ꯇꯧꯕ, ꯄꯥꯁ ꯇꯧꯕ, ꯇꯦꯞ ꯇꯧꯕ ꯑꯃꯗꯤ ꯌꯩꯕꯒꯤ ꯃꯆꯪ ꯑꯣꯏꯕ ꯍꯩꯁꯤꯡꯕꯁꯤꯡ ꯑꯗꯨ ꯇꯝꯒꯗꯕꯅꯤ ꯑꯃꯗꯤ ꯄ꯭ꯔꯦꯛꯇꯤꯁ ꯇꯧꯒꯗꯕꯅꯤ꯫","ꯁꯥꯟꯅꯔꯣꯏ ꯁꯤꯡ    ꯑꯗꯨꯅ    ꯗ꯭ꯔꯤꯕ    ꯇꯧ ꯕ,    ꯄꯥꯁ    ꯇꯧ ꯕ,    ꯇꯦ ꯞ    ꯇꯧꯕ    ꯑꯃꯗꯤ    ꯌꯩ ꯕꯒꯤ    ꯃꯆ ꯪ    ꯑꯣꯏꯕ    ꯍꯩꯁꯤꯡ ꯕꯁꯤꯡ    ꯑꯗꯨ    ꯇꯝ ꯒꯗꯕꯅꯤ    ꯑꯃꯗꯤ    ꯄ꯭ꯔꯦ ꯛ ꯇꯤꯁ    ꯇꯧ ꯒꯗꯕꯅꯤ꯫ ",91,29
629,ꯅꯨꯄꯥꯁꯤꯡꯒꯤ ꯇꯤꯝꯁꯤꯡꯒꯤ ꯃꯔꯛꯀꯤ ꯑꯍꯥꯟꯕ ꯇꯤ-꯲꯰ ꯏꯟꯇꯔꯅꯦꯁꯅꯦꯜ ꯃꯦꯠꯆ ꯑꯗꯨ ꯑꯣꯁꯇ꯭ꯔꯦꯂꯤꯌꯥ ꯑꯃꯁꯨꯡ ꯅ꯭ꯌꯨ ꯖꯤꯂꯦꯟꯒꯤ ꯃꯔꯛꯇ ꯏꯪ ꯲꯰꯰꯵ꯒꯤ ꯐꯦꯕ꯭ꯔꯨꯋꯥꯔꯤ ꯱꯷ꯇ ꯁꯥꯟꯅꯈꯤ꯫,ꯅꯨꯄꯥ ꯁꯤꯡꯒꯤ    ꯇꯤ ꯝꯁꯤꯡꯒꯤ    ꯃꯔ ꯛꯀꯤ    ꯑꯍꯥꯟꯕ    ꯇꯤ- ꯲꯰    ꯏꯟꯇꯔꯅꯦꯁꯅꯦꯜ    ꯃꯦ ꯠ ꯆ    ꯑꯗꯨ    ꯑꯣꯁꯇ꯭ꯔꯦꯂꯤ ꯌꯥ    ꯑꯃꯁꯨꯡ    ꯅ꯭ꯌꯨ    ꯖꯤ ꯂꯦꯟꯒꯤ    ꯃꯔꯛꯇ    ꯏꯪ    ꯲꯰꯰ ꯵ꯒꯤ    ꯐꯦꯕ꯭ꯔꯨꯋꯥꯔꯤ    ꯱꯷ ꯇ    ꯁꯥꯟꯅꯈꯤ꯫ ,108,28
630,ꯑꯍꯥꯟꯕ ꯇꯤ-꯲꯰ ꯏꯟꯇꯔꯅꯦꯁꯅꯦꯜ ꯃꯦꯠꯆ ꯑꯗꯨ ꯏꯪ ꯲꯰꯰꯴ꯒꯤ ꯑꯣꯒꯁꯠ ꯵ꯗ ꯏꯪꯂꯦꯟ ꯑꯃꯗꯤ ꯅ꯭ꯌꯨ ꯖꯤꯂꯦꯟꯒꯤ ꯅꯨꯄꯤꯁꯤꯡꯒꯤ ꯇꯤꯝꯒꯤ ꯃꯔꯛꯇ ꯁꯥꯟꯅꯈꯤ꯫,ꯑꯍꯥꯟꯕ    ꯇꯤ- ꯲꯰    ꯏꯟꯇꯔꯅꯦꯁꯅꯦꯜ    ꯃꯦ ꯠ ꯆ    ꯑꯗꯨ    ꯏꯪ    ꯲꯰꯰ ꯴ꯒꯤ    ꯑꯣꯒꯁꯠ    ꯵ꯗ    ꯏꯪ ꯂꯦꯟ    ꯑꯃꯗꯤ    ꯅ꯭ꯌꯨ    ꯖꯤ ꯂꯦꯟꯒꯤ    ꯅꯨꯄꯤꯁꯤꯡꯒꯤ    ꯇꯤꯝꯒꯤ    ꯃꯔꯛꯇ    ꯁꯥꯟꯅꯈꯤ꯫ ,87,23
631,"ꯀꯃꯟꯋꯦꯜꯊꯀꯤ ꯃꯄꯥꯟꯗ ꯂꯩꯕ ꯂꯩꯕꯥꯛꯁꯤꯡ ꯑꯗꯨ ꯃꯁꯤꯒꯤ ꯃꯤꯍꯨꯠꯁꯤꯡ ꯑꯣꯏꯔꯛꯄ ꯌꯥꯅꯕ ꯏꯝꯄꯔꯤꯑꯦꯜ ꯀ꯭ꯔꯤꯀꯦꯠ ꯀꯟꯐꯦꯔꯦꯟꯁꯀꯤ ꯃꯃꯤꯡ ꯑꯁꯤ ꯏꯟꯇꯔꯅꯦꯁꯅꯦꯜ ꯀ꯭ꯔꯤꯀꯦꯠ ꯀꯟꯐꯦꯔꯦꯟꯁ (ꯃꯇꯨꯡꯗ, ꯀꯥꯎꯟꯁꯤꯜ)ꯇ ꯍꯣꯡꯈꯤ꯫","ꯀ ꯃꯟ ꯋꯦꯜ ꯊ ꯀꯤ    ꯃꯄꯥꯟꯗ    ꯂꯩꯕ    ꯂꯩꯕꯥꯛꯁꯤꯡ    ꯑꯗꯨ    ꯃꯁꯤꯒꯤ    ꯃꯤꯍꯨ ꯠꯁꯤꯡ    ꯑꯣꯏ ꯔꯛꯄ    ꯌꯥꯅꯕ    ꯏꯝ ꯄꯔꯤ ꯑꯦꯜ    ꯀ꯭ꯔꯤꯀꯦꯠ    ꯀꯟ ꯐꯦ ꯔꯦꯟ ꯁꯀꯤ    ꯃꯃꯤꯡ    ꯑꯁꯤ    ꯏꯟꯇꯔꯅꯦꯁꯅꯦꯜ    ꯀ꯭ꯔꯤꯀꯦꯠ    ꯀꯟ ꯐꯦ ꯔꯦꯟ ꯁ    ( ꯃꯇꯨꯡꯗ,    ꯀꯥꯎꯟꯁꯤ ꯜ ) ꯇ    ꯍꯣꯡ ꯈꯤ꯫ ",130,39
632,"ꯃꯤꯟꯇꯣꯅꯦꯠ ꯍꯥꯏꯅ ꯃꯤꯡꯊꯣꯟꯕ, ꯃꯁꯤ ꯑꯍꯜ ꯑꯣꯏꯔꯕ ꯁꯥꯟꯅꯔꯣꯏꯁꯤꯡꯅ ꯕꯣꯜ ꯑꯗꯨ ꯃꯥꯂꯪꯗ ꯊꯝꯗꯨꯅ ꯁꯥꯟꯅ-ꯈꯣꯇꯅꯕꯒꯤ ꯍꯣꯠꯅꯕ ꯑꯗꯨ ꯈꯤꯇꯪ ꯍꯦꯟꯅ ꯍꯣꯠꯅꯅꯕꯒꯤ ꯀꯥꯃꯅꯨꯡꯗ ꯁꯥꯟꯅꯕ ꯑꯇꯞꯄ ꯃꯁꯥꯟꯅ ꯑꯃ ꯑꯣꯏꯅ ꯁꯦꯝꯈꯤꯕꯅꯤ꯫","ꯃꯤꯟ ꯇꯣ ꯅꯦꯠ    ꯍꯥꯏꯅ    ꯃꯤꯡꯊꯣꯟ ꯕ,    ꯃꯁꯤ    ꯑꯍꯜ    ꯑꯣꯏꯔꯕ    ꯁꯥꯟꯅꯔꯣꯏꯁꯤꯡꯅ    ꯕꯣꯜ    ꯑꯗꯨ    ꯃꯥ ꯂꯪ ꯗ    ꯊꯝ ꯗꯨꯅ    ꯁꯥꯟꯅ - ꯈꯣ ꯇ ꯅꯕꯒꯤ    ꯍꯣꯠꯅꯕ    ꯑꯗꯨ    ꯈꯤ ꯇ ꯪ    ꯍꯦꯟꯅ    ꯍꯣꯠꯅ ꯅꯕꯒꯤ    ꯀꯥ ꯃꯅꯨꯡꯗ    ꯁꯥꯟꯅꯕ    ꯑꯇ ꯞꯄ    ꯃꯁꯥꯟꯅ    ꯑꯃ    ꯑꯣꯏꯅ    ꯁꯦꯝꯈꯤꯕꯅꯤ꯫ ",130,39
633,ꯂꯥꯡ ꯈꯟꯕꯒꯤ ꯋꯥꯈꯜ ꯑꯁꯤ ꯇꯦꯅꯤꯁꯇꯒꯤ ꯄꯨꯈꯤꯕꯅꯤ꯫,ꯂꯥꯡ    ꯈꯟ ꯕꯒꯤ    ꯋꯥꯈꯜ    ꯑꯁꯤ    ꯇꯦ ꯅꯤ ꯁꯇꯒꯤ    ꯄꯨ ꯈꯤꯕꯅꯤ꯫ ,31,10
634,"ꯂꯥꯟꯗ꯭ꯔꯤꯉꯩ ꯃꯃꯥꯡꯗ, ꯄꯥꯟꯗꯝ ꯑꯗꯨ ꯌꯦꯡꯉꯨ, ꯕꯣꯜ ꯑꯗꯨꯒꯤ ꯃꯅꯥꯛꯇ ꯆꯪꯁꯤꯜꯂꯨ ꯑꯃꯁꯨꯡ ꯋꯥꯈꯟ ꯇꯥꯅ ꯂꯩꯗꯨꯅ ꯕꯣꯜ ꯑꯗꯨꯗ ꯌꯦꯡꯉꯨ꯫","ꯂꯥꯟ ꯗ꯭ꯔꯤꯉꯩ    ꯃꯃꯥꯡꯗ,    ꯄꯥꯟꯗꯝ    ꯑꯗꯨ    ꯌꯦꯡ ꯉ ꯨ ,    ꯕꯣꯜ    ꯑꯗꯨꯒꯤ    ꯃꯅꯥꯛꯇ    ꯆꯪ ꯁꯤꯜꯂ ꯨ    ꯑꯃꯁꯨꯡ    ꯋꯥꯈ ꯟ    ꯇꯥꯅ    ꯂꯩ ꯗꯨꯅ    ꯕꯣꯜ    ꯑꯗꯨꯗ    ꯌꯦꯡ ꯉ ꯨ꯫ ",79,26
635,ꯊꯥꯒꯥꯏ ꯇꯥꯔꯨꯛ ꯂꯥꯞꯅ ꯂꯩꯕ ꯔꯦꯐꯔꯤ ꯑꯗꯨꯅ ꯉꯥꯛꯊꯣꯛꯏꯕꯁꯤꯡꯗꯨꯅ ꯄꯨꯁꯜꯂꯛꯏꯕꯗꯨ ꯂꯧꯊꯣꯛꯅꯕ ꯃꯍꯥꯛꯀꯤ ꯈꯨꯕꯥꯛ ꯑꯅꯤ ꯑꯗꯨ ꯃꯈꯥꯔꯣꯝꯗ ꯊꯤꯟꯈꯤ ꯫,ꯊꯥ ꯒ ꯥꯏ    ꯇꯥꯔ ꯨꯛ    ꯂꯥꯞꯅ    ꯂꯩꯕ    ꯔꯦ ꯐ ꯔꯤ    ꯑꯗꯨꯅ    ꯉꯥꯛꯊꯣꯛ ꯏ ꯕ ꯁꯤꯡ ꯗꯨꯅ    ꯄꯨ ꯁ ꯜꯂꯛ ꯏ ꯕꯗꯨ    ꯂꯧꯊꯣꯛ ꯅꯕ    ꯃꯍꯥꯛꯀꯤ    ꯈꯨ ꯕ ꯥꯛ    ꯑꯅꯤ    ꯑꯗꯨ    ꯃꯈ ꯥꯔ ꯣ ꯝꯗ    ꯊꯤꯟ ꯈꯤ    ꯫ ,87,36
636,ꯇꯔꯥꯇꯔꯦꯠ ꯁꯨꯕ ꯆꯍꯤꯆꯥꯒꯤ ꯑꯅꯤꯁꯨꯕ ꯇꯪꯈꯥꯏꯗ ꯀ꯭ꯔꯤꯀꯦꯠ ꯑꯁꯤ ꯄꯥꯛ-ꯁꯟꯅ ꯃꯤꯌꯥꯝꯅ ꯄꯥꯝꯅꯕ ꯃꯁꯥꯟꯅ ꯑꯃ ꯑꯣꯏꯔꯛꯈꯤ꯫,ꯇꯔꯥ ꯇꯔꯦꯠ    ꯁꯨꯕ    ꯆꯍꯤꯆꯥꯒꯤ    ꯑꯅꯤꯁꯨꯕ    ꯇꯪ ꯈꯥꯏ ꯗ    ꯀ꯭ꯔꯤꯀꯦꯠ    ꯑꯁꯤ    ꯄꯥꯛ- ꯁꯟꯅ    ꯃꯤꯌꯥꯝꯅ    ꯄꯥꯝꯅꯕ    ꯃꯁꯥꯟꯅ    ꯑꯃ    ꯑꯣꯏꯔꯛꯈꯤ꯫ ,72,17
637,ꯏꯪ ꯱꯷꯵꯰ꯒꯤ ꯆꯍꯤ ꯇꯥꯒꯤ ꯄꯥꯔꯤꯡꯗ ꯍꯧꯗꯣꯛꯈꯤꯕ ꯗ ꯍꯥꯝꯕꯜꯗꯟ ꯀ꯭ꯂꯕ ꯑꯁꯤꯅ ꯃꯁꯥꯟꯅ ꯑꯁꯤꯒꯤ ꯍꯧꯒꯠꯂꯛꯄꯗ ꯌꯥꯝꯅ ꯃꯔꯨ ꯑꯣꯏꯕ ꯊꯧꯗꯥꯡ ꯂꯧꯈꯤ꯫,ꯏꯪ    ꯱꯷ ꯵ ꯰ꯒꯤ    ꯆꯍꯤ    ꯇꯥꯒꯤ    ꯄꯥꯔꯤ ꯡꯗ    ꯍꯧꯗꯣꯛ ꯈꯤꯕ    ꯗ    ꯍꯥ ꯝꯕ ꯜꯗ ꯟ    ꯀ꯭ꯂꯕ    ꯑꯁꯤꯅ    ꯃꯁꯥꯟꯅ    ꯑꯁꯤꯒꯤ    ꯍꯧ ꯒꯠ ꯂꯛ ꯄꯗ    ꯌꯥꯝꯅ    ꯃꯔꯨ    ꯑꯣꯏꯕ    ꯊꯧꯗꯥꯡ    ꯂꯧꯈꯤ꯫ ,84,28
638,ꯍꯧꯖꯤꯛꯁꯨ ꯁꯥꯟꯅꯔꯤꯕ ꯀ꯭ꯔꯤꯀꯦꯠꯀꯤ ꯃꯁꯥꯟꯅ ꯑꯁꯤꯒꯤ ꯍꯧꯔꯛꯐꯝꯁꯤ ꯏꯪꯂꯦꯟꯒꯤ ꯈꯥ-ꯅꯣꯡꯄꯣꯛ ꯊꯪꯕ ꯃꯐꯝꯗꯒꯤꯅꯤ꯫,ꯍꯧꯖꯤꯛꯁꯨ    ꯁꯥꯟꯅꯔꯤꯕ    ꯀ꯭ꯔꯤꯀꯦ ꯠꯀꯤ    ꯃꯁꯥꯟꯅ    ꯑꯁꯤꯒꯤ    ꯍꯧꯔꯛ ꯐꯝ ꯁꯤ    ꯏꯪ ꯂꯦꯟꯒꯤ    ꯈꯥ-ꯅꯣꯡꯄꯣꯛ    ꯊꯪꯕ    ꯃꯐꯝ ꯗꯒꯤ ꯅꯤ꯫ ,69,16
639,"ꯕꯣꯜ ꯍꯜꯂꯛꯄꯒꯤ ꯃꯈꯜ ꯑꯅꯤ ꯂꯩ: ꯑꯣꯐꯦꯟꯁꯤꯕ ꯍꯜꯂꯛꯄ, ꯃꯁꯤꯗ ꯕꯣꯜ ꯑꯁꯤ ꯑꯣꯐꯦꯟꯁꯤꯕ ꯀꯥꯡꯕꯨꯅ ꯐꯪꯈꯤꯕ ꯑꯗꯨꯒ ꯕꯣꯜ ꯄꯥꯏꯁꯟꯕꯗꯨ ꯍꯣꯡꯗꯕ ꯑꯃꯁꯨꯡ ꯗꯦꯐꯦꯟꯁꯤꯕ ꯍꯜꯂꯛꯄ, ꯃꯁꯤꯗ ꯉꯥꯛꯊꯣꯛꯏꯕ ꯀꯥꯡꯕꯨ ꯑꯗꯨꯅ ꯅꯥꯟꯊꯣꯔꯛꯄ ꯕꯣꯜ ꯑꯗꯨ ꯄꯥꯏꯕ ꯐꯪꯕ꯫","ꯕꯣꯜ    ꯍꯜꯂꯛ ꯄꯒꯤ    ꯃꯈꯜ    ꯑꯅꯤ    ꯂꯩ :    ꯑꯣ ꯐꯦꯟ ꯁꯤꯕ    ꯍꯜꯂ ꯛꯄ ,    ꯃꯁꯤꯗ    ꯕꯣꯜ    ꯑꯁꯤ    ꯑꯣ ꯐꯦꯟ ꯁꯤꯕ    ꯀꯥꯡ ꯕꯨ ꯅ    ꯐꯪꯈꯤꯕ    ꯑꯗꯨꯒ    ꯕꯣꯜ    ꯄꯥꯏ ꯁꯟ ꯕꯗꯨ    ꯍꯣꯡ ꯗꯕ    ꯑꯃꯁꯨꯡ    ꯗꯦ ꯐꯦꯟ ꯁꯤꯕ    ꯍꯜꯂ ꯛꯄ ,    ꯃꯁꯤꯗ    ꯉꯥꯛꯊꯣꯛ ꯏꯕ    ꯀꯥꯡꯕꯨ    ꯑꯗꯨꯅ    ꯅꯥꯟ ꯊꯣ ꯔꯛꯄ    ꯕꯣꯜ    ꯑꯗꯨ    ꯄꯥꯏꯕ    ꯐꯪ ꯕ ꯫ ",144,51
640,"ꯇꯤꯝ ꯑꯃꯅ ꯁꯣꯠ ꯑꯃ ꯃꯥꯡꯖꯕ ꯃꯇꯝꯗ ꯑꯌꯥꯝꯕ ꯄꯣꯁꯦꯁꯟꯁꯤꯡ ꯂꯣꯏꯕ ꯃꯔꯝꯅ, ꯃꯁꯥꯟꯅ ꯑꯁꯤꯗ ꯃꯁꯤꯅ ꯑꯆꯧꯕ ꯊꯧꯗꯥꯡ ꯑꯃ ꯂꯧꯋꯤ꯫","ꯇꯤꯝ    ꯑꯃꯅ    ꯁꯣ ꯠ    ꯑꯃ    ꯃꯥꯡ ꯖꯕ    ꯃꯇꯝꯗ    ꯑꯌꯥꯝꯕ    ꯄꯣ ꯁꯦꯁ ꯟꯁꯤꯡ    ꯂꯣꯏ ꯕ    ꯃꯔꯝ ꯅ,    ꯃꯁꯥꯟꯅ    ꯑꯁꯤꯗ    ꯃꯁꯤꯅ    ꯑꯆꯧꯕ    ꯊꯧꯗꯥꯡ    ꯑꯃ    ꯂꯧ ꯋꯤ꯫ ",72,24
641,ꯕꯣꯜ ꯑꯗꯨ ꯃꯥꯏꯌꯣꯛꯅꯔꯤꯕꯁꯤꯡꯒꯤ ꯀꯣꯔ꯭ꯠꯇ ꯀꯥꯡꯂꯨꯞ ꯑꯃꯅ ꯇꯥꯍꯟꯕ ꯑꯃꯁꯨꯡ ꯁꯥꯟꯅꯕ ꯑꯗꯨ ꯊꯣꯏꯕ ꯅꯠꯇ꯭ꯔꯒ ꯀꯥꯡꯂꯨꯞ ꯑꯃꯅ ꯑꯁꯣꯏꯕ ꯑꯃ ꯇꯧꯗꯨꯅ ꯁꯥꯟꯅꯕ ꯑꯗꯨ ꯄꯣꯗ꯭ꯔꯤꯕ ꯐꯥꯎ ꯀꯥꯡꯂꯨꯞ ꯈꯨꯗꯤꯡꯃꯛ ꯑꯗꯨ ꯊꯪꯅꯅ ꯑꯍꯨꯝꯂꯛ ꯊꯦꯡꯕ ꯌꯥꯗꯨꯅ ꯁꯥꯟꯅꯕ ꯑꯗꯨ ꯆꯠꯊꯩ ꯫,ꯕꯣꯜ    ꯑꯗꯨ    ꯃꯥꯏꯌꯣꯛ ꯅ ꯔꯤ ꯕꯁꯤꯡꯒꯤ    ꯀꯣꯔ꯭ ꯠꯇ    ꯀꯥꯡꯂꯨꯞ    ꯑꯃꯅ    ꯇꯥ ꯍꯟꯕ    ꯑꯃꯁꯨꯡ    ꯁꯥꯟꯅꯕ    ꯑꯗꯨ    ꯊꯣꯏ ꯕ    ꯅꯠꯇ꯭ꯔꯒ    ꯀꯥꯡꯂꯨꯞ    ꯑꯃꯅ    ꯑꯁꯣꯏꯕ    ꯑꯃ    ꯇꯧꯗꯨꯅ    ꯁꯥꯟꯅꯕ    ꯑꯗꯨ    ꯄꯣ ꯗ꯭ꯔꯤꯕ    ꯐꯥꯎ   ꯀꯥꯡꯂꯨꯞ    ꯈꯨꯗꯤꯡꯃꯛ    ꯑꯗꯨ    ꯊꯪ ꯅꯅ    ꯑꯍꯨꯝ ꯂꯛ    ꯊꯦꯡ ꯕ    ꯌꯥ ꯗꯨꯅ    ꯁꯥꯟꯅꯕ    ꯑꯗꯨ    ꯆꯠꯊ ꯩ    ꯫ ,151,44
642,ꯔꯤꯁꯤꯕ ꯇꯧꯔꯤꯕ ꯇꯤꯝ ꯑꯗꯨꯅ ꯕꯣꯜ ꯑꯗꯨ ꯃꯈꯣꯏꯒꯤ ꯀꯣꯔꯠꯀꯤ ꯃꯅꯨꯡꯗ ꯄꯟꯗꯨꯅ ꯂꯩꯕ ꯌꯥꯍꯜꯂꯣꯏꯗꯕꯅꯤ꯫,ꯔꯤ ꯁꯤꯕ    ꯇꯧꯔꯤꯕ    ꯇꯤꯝ    ꯑꯗꯨꯅ    ꯕꯣꯜ    ꯑꯗꯨ    ꯃꯈꯣꯏꯒꯤ    ꯀꯣꯔ ꯠꯀꯤ    ꯃꯅꯨꯡꯗ    ꯄꯟ ꯗꯨꯅ    ꯂꯩꯕ    ꯌꯥ ꯍꯜꯂ ꯣꯏ ꯗꯕꯅꯤ꯫ ,60,18
643,"ꯃꯈꯣꯏꯅ ꯈꯨꯃꯥꯡ ꯆꯥꯎꯈꯠꯄꯒꯤ ꯃꯇꯨꯡ ꯏꯟꯅ, ꯁꯥꯟꯅ ꯈꯣꯠꯅꯕꯒꯤ ꯍꯩꯁꯤꯡꯕ ꯑꯗꯨ ꯍꯦꯟꯅ ꯆꯥꯡ ꯅꯥꯏꯕ ꯑꯃꯁꯨꯡ ꯃꯇꯤꯛ ꯆꯥꯔꯛꯄ ꯑꯣꯏꯔꯛꯀꯗꯧꯕꯅꯤ, ꯑꯗꯨꯒ ꯁꯥꯅꯔꯣꯏꯁꯤꯡ ꯑꯗꯨ ꯁꯥꯟꯅꯕꯒꯤ ꯐꯤꯚꯝꯁꯤꯡ ꯈꯪꯍꯟꯒꯗꯧꯕꯅꯤ꯫","ꯃꯈꯣꯏꯅ    ꯈꯨ ꯃꯥꯡ    ꯆꯥꯎꯈꯠ ꯄꯒꯤ    ꯃꯇꯨꯡ    ꯏꯟꯅ,    ꯁꯥꯟꯅ    ꯈꯣꯠ ꯅꯕꯒꯤ    ꯍꯩꯁꯤꯡ ꯕ    ꯑꯗꯨ    ꯍꯦꯟꯅ    ꯆꯥꯡ    ꯅꯥꯏꯕ    ꯑꯃꯁꯨꯡ    ꯃꯇꯤꯛ    ꯆꯥꯔ ꯛꯄ    ꯑꯣꯏꯔꯛ ꯀꯗꯧ ꯕ ꯅꯤ,    ꯑꯗꯨꯒ    ꯁꯥꯅ ꯔꯣꯏ ꯁꯤꯡ    ꯑꯗꯨ    ꯁꯥꯟꯅꯕꯒꯤ    ꯐꯤꯚ ꯝꯁꯤꯡ    ꯈꯪꯍꯟ ꯒꯗꯧ ꯕꯅꯤ꯫ ",124,35
644,"ꯃꯁꯤ ꯇꯧꯅꯕ, ꯕꯣꯜ ꯃꯇꯤꯛ ꯆꯥꯅ ꯈꯠꯂꯒ ꯀꯔꯝꯅ ꯄꯥꯏꯗꯨꯅ ꯊꯝꯒꯅꯤ ꯑꯃꯁꯨꯡ ꯕꯣꯜ ꯑꯗꯨ ꯆꯨꯝꯅ ꯑꯃꯁꯨꯡ ꯊꯨꯅ ꯁꯥꯟꯅꯔꯣꯏꯁꯤꯡꯒꯤ ꯃꯔꯛꯇ ꯄꯨꯒꯅꯤ ꯍꯥꯏꯕꯗꯨ ꯃꯈꯣꯏꯅ ꯇꯝꯕ ꯃꯊꯧ ꯇꯥꯏ꯫","ꯃꯁꯤ    ꯇꯧ ꯅꯕ,    ꯕꯣꯜ    ꯃꯇꯤꯛ    ꯆꯥꯅ    ꯈꯠ ꯂꯒ    ꯀꯔꯝꯅ    ꯄꯥꯏ ꯗꯨꯅ    ꯊꯝ ꯒꯅꯤ    ꯑꯃꯁꯨꯡ    ꯕꯣꯜ    ꯑꯗꯨ    ꯆꯨꯝꯅ    ꯑꯃꯁꯨꯡ    ꯊꯨꯅ    ꯁꯥꯟꯅꯔꯣꯏ ꯁꯤꯡꯒꯤ    ꯃꯔꯛꯇ    ꯄꯨ ꯒꯅꯤ    ꯍꯥꯏꯕꯗꯨ    ꯃꯈꯣꯏꯅ    ꯇꯝꯕ    ꯃꯊꯧ    ꯇꯥꯏ꯫ ",102,29
645,ꯑꯃꯗꯤ ꯆꯍꯤ ꯴꯱ ꯁꯨꯔꯕ ꯖꯂꯥꯇꯥꯟ ꯏꯕ꯭ꯔꯥꯍꯤꯃꯣꯕꯤꯆꯇ ꯑꯆꯧꯕ ꯄꯥꯝꯗꯝ ꯑꯃ ꯍꯧꯖꯤꯛꯁꯨ ꯂꯩꯔꯤꯕ꯭ꯔꯥ,ꯑꯃꯗꯤ    ꯆꯍꯤ    ꯴ ꯱    ꯁꯨꯔꯕ    ꯖ ꯂꯥ ꯇꯥꯟ    ꯏ ꯕ꯭ꯔꯥ ꯍꯤ ꯃꯣ ꯕꯤ ꯆꯇ    ꯑꯆꯧꯕ    ꯄꯥꯝ ꯗꯝ    ꯑꯃ    ꯍꯧꯖꯤꯛꯁꯨ    ꯂꯩꯔꯤ ꯕ꯭ꯔꯥ ,58,21
646,ꯃꯁꯤꯃꯗꯤ ꯃꯃꯥꯡꯗ ꯆꯪꯁꯟꯕꯒꯤ ꯂꯥꯟ ꯑꯃꯗ ꯇꯥꯔꯛꯄ ꯌꯥꯏ꯫,ꯃꯁꯤ ꯃ ꯗꯤ    ꯃꯃꯥꯡꯗ    ꯆꯪ ꯁꯟ ꯕꯒꯤ    ꯂꯥꯟ    ꯑꯃꯗ    ꯇꯥꯔꯛꯄ    ꯌꯥꯏ꯫ ,33,11
647,"ꯍꯦꯔꯤ ꯀꯦꯟ ꯑꯃꯁꯨꯡ ꯁꯣꯟ ꯍꯌꯨꯡ-ꯃꯤꯟꯅ ꯃꯈꯣꯏꯒꯤ ꯃꯒꯨꯟ ꯑꯗꯨꯅ ꯃꯤꯂꯥꯟꯕꯨ ꯉꯛꯍꯟꯕ ꯉꯝꯒꯗ꯭ꯔ, ꯅꯠꯇ꯭ꯔꯒ ꯍꯥꯟꯅꯒꯤ ꯆꯦꯜꯁꯤꯌ ꯑꯃꯁꯨꯡ ꯑꯔꯁꯦꯅꯦꯜꯒꯤ ꯇꯥꯟꯁꯟꯕ ꯑꯣꯂꯤꯚꯔ ꯒꯤꯔꯧꯗ ꯑꯗꯨ ꯁꯄꯔꯁꯤꯡ ꯑꯝꯨꯛ ꯍꯟꯅ ꯀꯤꯍꯟꯅꯕ ꯍꯜꯂꯛꯀꯗ꯭ꯔ","ꯍꯦ ꯔꯤ    ꯀꯦꯟ    ꯑꯃꯁꯨꯡ    ꯁꯣ ꯟ    ꯍ ꯌ ꯨꯡ - ꯃꯤ ꯟꯅ    ꯃꯈꯣꯏꯒꯤ    ꯃꯒꯨꯟ    ꯑꯗꯨꯅ    ꯃꯤ ꯂꯥꯟ ꯕꯨ    ꯉꯛ ꯍꯟꯕ    ꯉꯝ ꯒ ꯗ꯭ꯔ ,    ꯅꯠꯇ꯭ꯔꯒ    ꯍꯥꯟꯅꯒꯤ    ꯆꯦ ꯜ ꯁꯤ ꯌ    ꯑꯃꯁꯨꯡ    ꯑꯔ ꯁꯦ ꯅꯦ ꯜꯒꯤ    ꯇꯥꯟ ꯁꯟ ꯕ    ꯑꯣꯂꯤ ꯚꯔ    ꯒꯤ ꯔ ꯧ ꯗ    ꯑꯗꯨ    ꯁ ꯄꯔ ꯁꯤꯡ    ꯑꯝ ꯨꯛ    ꯍꯟꯅ    ꯀꯤ ꯍꯟꯅꯕ    ꯍꯜꯂꯛ ꯀ ꯗ꯭ꯔ ",136,56
648,ꯃꯁꯤ ꯃꯅꯨꯡꯗ ꯅꯠꯇ꯭ꯔꯒ ꯃꯄꯥꯟꯗ ꯁꯥꯟꯅꯕ ꯌꯥꯏ꯫,ꯃꯁꯤ    ꯃꯅꯨꯡꯗ    ꯅꯠꯇ꯭ꯔꯒ    ꯃꯄꯥꯟꯗ    ꯁꯥꯟꯅꯕ    ꯌꯥꯏ꯫ ,28,6
649,ꯚꯣꯜꯂꯤꯕꯣꯜ ꯑꯁꯤ ꯑꯃꯃꯝꯗ ꯁꯥꯟꯅꯔꯣꯏ ꯇꯔꯨꯛ ꯌꯥꯎꯕ ꯇꯤꯝ ꯑꯅꯤꯅ ꯁꯥꯟꯅꯕ ꯑꯊꯨꯕ ꯃꯁꯥꯟꯅ ꯑꯃꯅꯤ꯫,ꯚꯣ ꯜꯂꯤ ꯕꯣꯜ    ꯑꯁꯤ    ꯑꯃꯃꯝꯗ    ꯁꯥꯟꯅꯔꯣꯏ    ꯇꯔꯨꯛ    ꯌꯥꯎꯕ    ꯇꯤꯝ    ꯑꯅꯤꯅ    ꯁꯥꯟꯅꯕ    ꯑꯊꯨꯕ    ꯃꯁꯥꯟꯅ    ꯑꯃꯅꯤ꯫ ,57,14
650,ꯃꯁꯤ ꯃꯦꯔꯤꯂꯤꯟ ꯀ꯭ꯔꯤꯀꯦꯠ ꯀ꯭ꯂꯕ (ꯑꯦꯝ꯬ ꯁꯤ꯬ ꯁꯤ꯬)ꯅ ꯂꯟꯗꯟꯒꯤ ꯂꯣꯔ꯭ꯗꯁꯇ ꯃꯌꯥꯏꯂꯣꯏꯁꯣ ꯑꯣꯏꯔꯒ ꯃꯍꯨꯠ ꯁꯤꯟꯈꯤ꯫,ꯃꯁꯤ    ꯃꯦꯔꯤ ꯂꯤꯟ    ꯀ꯭ꯔꯤꯀꯦꯠ    ꯀ꯭ꯂꯕ    ( ꯑꯦꯝ ꯬   ꯁꯤ ꯬   ꯁꯤ ꯬ )ꯅ    ꯂꯟꯗ ꯟꯒꯤ    ꯂꯣ ꯔ ꯭ꯗ ꯁꯇ    ꯃꯌꯥꯏ ꯂꯣꯏ ꯁꯣ    ꯑꯣꯏꯔꯒ    ꯃꯍꯨꯠ    ꯁꯤꯟꯈꯤ꯫ ,71,25
651,ꯕꯤꯖꯥ ꯑꯁꯤ ꯃꯤꯑꯣꯏ ꯑꯗꯨꯒꯤ ꯁꯛꯇꯥꯛꯆꯦꯁꯤꯡ ꯆꯨꯝꯕꯔ ꯍꯥꯏꯅ ꯌꯦꯡꯂꯕ ꯃꯇꯨꯡꯗ ꯄꯥꯁꯄꯣꯔꯠ ꯑꯃꯗ ꯈꯨꯗꯝ ꯇꯥꯔꯕ ꯁ꯭ꯇꯦꯝꯞ ꯑꯃꯒ ꯂꯣꯏꯅꯕ ꯃꯄꯥꯟ ꯂꯩꯕꯥꯛ ꯑꯃꯗꯤ ꯏꯝꯃꯤꯒ꯭ꯔꯦꯁꯟ ꯑꯣꯐꯤꯁꯤꯑꯦꯜꯁꯤꯡ ꯑꯗꯨꯅ ꯁꯦꯝ-ꯁꯥꯕ ꯁꯔꯇꯤꯐꯤꯀꯦꯠ ꯑꯃꯅꯤ꯫,ꯕꯤ ꯖꯥ    ꯑꯁꯤ    ꯃꯤꯑꯣꯏ    ꯑꯗꯨꯒꯤ    ꯁꯛꯇ ꯥꯛ ꯆꯦ ꯁꯤꯡ    ꯆꯨꯝ ꯕꯔ    ꯍꯥꯏꯅ    ꯌꯦꯡ ꯂꯕ    ꯃꯇꯨꯡꯗ    ꯄꯥ ꯁ ꯄꯣꯔꯠ    ꯑꯃꯗ    ꯈꯨꯗꯝ    ꯇꯥꯔ ꯕ    ꯁ꯭ꯇꯦ ꯝ ꯞ    ꯑꯃꯒ    ꯂꯣꯏꯅꯕ    ꯃꯄꯥꯟ    ꯂꯩꯕꯥꯛ    ꯑꯃꯗꯤ    ꯏꯝ ꯃꯤ ꯒ꯭ꯔ ꯦꯁꯟ    ꯑꯣꯐꯤ ꯁꯤ ꯑꯦ ꯜꯁꯤꯡ    ꯑꯗꯨꯅ    ꯁꯦꯝ - ꯁꯥꯕ    ꯁꯔ ꯇꯤꯐꯤ ꯀꯦꯠ    ꯑꯃꯅꯤ꯫ ,138,46
652,ꯃꯁꯤꯅ ꯃꯤꯑꯣꯏ ꯑꯗꯨꯗ ꯂꯩꯕꯥꯛ ꯑꯃꯗ ꯆꯪꯕ ꯑꯃꯗꯤ ꯃꯇꯝ ꯀꯨꯏꯗꯅ ꯂꯩꯕꯒꯤ ꯍꯛ ꯑꯗꯨ ꯄꯤ꯫,ꯃꯁꯤꯅ    ꯃꯤꯑꯣꯏ    ꯑꯗꯨꯗ    ꯂꯩꯕꯥꯛ    ꯑꯃꯗ    ꯆꯪꯕ    ꯑꯃꯗꯤ    ꯃꯇꯝ    ꯀꯨꯏ ꯗꯅ    ꯂꯩꯕꯒꯤ    ꯍꯛ    ꯑꯗꯨ    ꯄꯤ꯫ ,49,14
653,ꯁꯥꯔꯖꯦꯟ꯭ꯇ ꯀꯃꯤꯇꯤ ꯑꯗꯨꯒꯤ ꯋꯥꯔꯣꯜꯒꯤ ꯃꯇꯨꯡ ꯏꯟꯅ ꯇꯨꯔꯤꯁꯠ ꯇ꯭ꯔꯥꯐꯤꯛ ꯀꯃꯤꯇꯤ ꯑꯁꯤ ꯏꯪ ꯱꯹꯴꯸ꯗ ꯁꯦꯝꯈꯤ꯫,ꯁꯥꯔ ꯖꯦꯟ ꯭ꯇ    ꯀ ꯃꯤ ꯇꯤ    ꯑꯗꯨꯒꯤ    ꯋꯥꯔꯣ ꯜꯒꯤ    ꯃꯇꯨꯡ    ꯏꯟꯅ    ꯇꯨ ꯔꯤ ꯁꯠ    ꯇ꯭ꯔꯥ ꯐꯤ ꯛ    ꯀ ꯃꯤ ꯇꯤ    ꯑꯁꯤ    ꯏꯪ    ꯱꯹꯴ ꯸ꯗ    ꯁꯦꯝꯈꯤ꯫ ,66,25
654,"ꯂꯝꯀꯣꯏ-ꯃꯤ ꯆꯤꯡꯁꯤꯟꯕ ꯃꯐꯝꯁꯤꯡ, ꯂꯩꯐꯝꯁꯤꯡ, ꯁꯄꯣꯔꯇꯤꯡ ꯐꯦꯁꯤꯂꯤꯇꯤꯁꯤꯡ ꯑꯃꯗꯤ ꯏꯟꯐ꯭ꯔꯥꯁ꯭ꯇ꯭ꯔꯛꯆꯔꯁꯤꯡ ꯑꯁꯤ ꯇꯨꯔꯤꯖꯝꯒꯤ ꯃꯆꯪ ꯑꯣꯏꯕ ꯃꯆꯥꯛꯁꯤꯡꯅꯤ꯫","ꯂꯝꯀꯣꯏ - ꯃꯤ    ꯆꯤꯡ ꯁꯤꯟꯕ    ꯃꯐꯝ ꯁꯤꯡ,    ꯂꯩ ꯐꯝ ꯁꯤꯡ,    ꯁ ꯄꯣꯔ ꯇꯤꯡ    ꯐꯦ ꯁꯤ ꯂꯤ ꯇꯤꯁꯤꯡ    ꯑꯃꯗꯤ    ꯏꯟ ꯐ꯭ꯔ ꯥ ꯁ꯭ꯇ꯭ꯔ ꯛ ꯆꯔ ꯁꯤꯡ    ꯑꯁꯤ    ꯇꯨꯔꯤꯖ ꯝꯒꯤ    ꯃꯆ ꯪ    ꯑꯣꯏꯕ    ꯃꯆꯥꯛ ꯁꯤꯡꯅꯤ꯫ ",97,33
655,ꯇꯨꯔꯤꯖꯝ ꯑꯁꯤ ꯍꯦꯟꯅ ꯐꯖꯅ ꯆꯥꯎꯈꯠꯄꯒꯤꯗꯃꯛ ꯃꯁꯤꯒꯤ ꯐꯦꯁꯤꯂꯤꯇꯤꯁꯤꯡ ꯑꯁꯤ ꯃꯁꯥ-ꯃꯁꯥꯒꯤ ꯃꯐꯝꯁꯤꯡꯗ ꯁꯦꯝꯒꯠ-ꯁꯥꯒꯠꯀꯗꯕꯅꯤ ꯑꯃꯗꯤ ꯃꯁꯤꯒꯤꯗꯃꯛ ꯄꯕ꯭ꯂꯤꯛꯀ ꯄ꯭ꯔꯥꯏꯕꯦꯠ ꯁꯦꯛꯇꯔꯒ ꯂꯣꯏꯅꯔꯒ ꯃꯥꯡꯖꯤꯜ ꯊꯥꯒꯗꯕꯅꯤ꯫,ꯇꯨꯔꯤꯖ ꯝ    ꯑꯁꯤ    ꯍꯦꯟꯅ    ꯐꯖꯅ    ꯆꯥꯎꯈꯠ ꯄ ꯒꯤꯗꯃꯛ    ꯃꯁꯤꯒꯤ    ꯐꯦ ꯁꯤ ꯂꯤ ꯇꯤꯁꯤꯡ    ꯑꯁꯤ    ꯃꯁꯥ - ꯃꯁꯥꯒꯤ    ꯃꯐꯝꯁꯤꯡꯗ    ꯁꯦꯝꯒꯠ - ꯁꯥꯒꯠ ꯀ ꯗꯕꯅꯤ    ꯑꯃꯗꯤ    ꯃꯁꯤ ꯒꯤꯗꯃꯛ    ꯄꯕ꯭ꯂꯤ ꯛ ꯀ    ꯄ꯭ꯔꯥꯏ ꯕꯦꯠ    ꯁꯦ ꯛꯇ ꯔꯒ    ꯂꯣꯏꯅ ꯔꯒ    ꯃꯥꯡꯖꯤꯜ    ꯊꯥ ꯒꯗꯕꯅꯤ꯫ ,130,39
656,"ꯀꯦꯔꯂꯥꯒꯤ ꯏꯆꯦꯜ ꯑꯃꯗꯒꯤ ꯍꯥꯏꯗꯣꯔꯛꯄ ꯑꯇꯨꯡꯕ ꯏꯁꯤꯡꯁꯤꯡ ꯑꯁꯤ 'ꯀꯦꯠꯇꯨꯋꯥꯜꯂꯝ' ꯍꯥꯏꯅ ꯈꯪꯅꯕ ꯆꯠꯅꯕꯤꯒꯤ ꯅꯥꯠꯀꯤ ꯑꯣꯏꯕ ꯏꯅ ꯀꯨꯞꯄ ꯆꯦꯡꯒꯤ ꯍꯥꯎꯁꯕꯣꯠ ꯑꯃꯒꯤ ꯃꯊꯛꯇ ꯈ꯭ꯋꯥꯏꯗꯒꯤ ꯍꯦꯟꯅ ꯐꯖꯅ ꯑꯦꯛꯁꯄꯔꯤꯑꯦꯟꯁ ꯇꯧꯕ ꯁꯃꯨꯗ꯭ꯔꯗꯒꯤ ꯂꯩꯉꯣꯏꯄꯟꯅ ꯈꯥꯏꯗꯣꯛꯄ ꯊꯨꯝꯍꯤꯒꯤ ꯄꯥꯠꯁꯤꯡ, ꯄꯥꯠꯁꯤꯡ ꯑꯃꯗꯤ ꯂꯧꯈꯣꯡꯁꯤꯡꯒꯤ ꯂꯨꯔꯕ ꯁꯝꯅꯕ ꯄꯔꯤꯡ ꯑꯃꯅ ꯀꯣꯏꯁꯤꯜꯂꯤ꯫","ꯀꯦꯔꯂꯥꯒꯤ    ꯏ ꯆꯦꯜ    ꯑꯃꯗꯒꯤ    ꯍꯥꯏ ꯗꯣ ꯔꯛꯄ    ꯑ ꯇꯨꯡ ꯕ    ꯏꯁꯤꯡ ꯁꯤꯡ    ꯑꯁꯤ    ' ꯀꯦ ꯠꯇꯨ ꯋꯥ ꯜꯂ ꯝ '    ꯍꯥꯏꯅ    ꯈꯪꯅꯕ    ꯆꯠꯅꯕꯤꯒꯤ    ꯅꯥꯠꯀꯤ    ꯑꯣꯏꯕ    ꯏ ꯅ    ꯀꯨꯞꯄ    ꯆꯦ ꯡꯒꯤ    ꯍꯥꯎ ꯁ ꯕꯣ ꯠ    ꯑꯃꯒꯤ    ꯃꯊꯛꯇ    ꯈ꯭ꯋꯥꯏꯗꯒꯤ    ꯍꯦꯟꯅ    ꯐꯖꯅ    ꯑꯦꯛꯁ ꯄꯔꯤ ꯑꯦꯟ ꯁ    ꯇꯧꯕ    ꯁꯃꯨꯗ꯭ꯔ ꯗꯒꯤ    ꯂꯩꯉ ꯣꯏ ꯄ ꯟꯅ    ꯈꯥꯏꯗꯣꯛꯄ    ꯊꯨꯝ ꯍꯤ ꯒꯤ    ꯄꯥ ꯠꯁꯤꯡ,    ꯄꯥ ꯠꯁꯤꯡ    ꯑꯃꯗꯤ    ꯂꯧ ꯈꯣꯡ ꯁꯤꯡꯒꯤ    ꯂꯨ ꯔꯕ    ꯁꯝꯅꯕ    ꯄꯔꯤꯡ    ꯑꯃꯅ    ꯀꯣꯏ ꯁꯤꯜꯂꯤ꯫ ",212,69
657,"ꯎꯠꯂꯤꯕꯁꯤꯡ ꯑꯗꯨꯒꯤ ꯃꯅꯨꯡꯗ ꯇꯣꯔꯕꯥꯟꯗ ꯂꯩꯕ ꯄꯨꯟꯁꯤ, ꯑꯁꯪꯕ ꯐꯧꯒꯤ ꯂꯧꯕꯨꯛ, ꯑꯃꯁꯨꯡ ꯏꯔꯩ ꯂꯩꯇꯕ ꯏꯁꯤꯡꯗ ꯆꯠꯄꯗ ꯂꯥꯏꯁꯪ ꯑꯃꯁꯨꯡ ꯆꯔ꯭ꯁ ꯃꯔꯛ ꯃꯔꯛꯇ ꯂꯩꯕ ꯌꯨꯕꯤ ꯄꯥꯝꯕꯤ ꯎꯔꯛ ꯑꯗꯨꯅꯤ꯫","ꯎꯠ ꯂꯤ ꯕꯁꯤꯡ    ꯑꯗꯨꯒꯤ    ꯃꯅꯨꯡꯗ    ꯇꯣꯔꯕꯥꯟꯗ    ꯂꯩꯕ    ꯄꯨꯟꯁꯤ ,    ꯑ ꯁꯪꯕ    ꯐ ꯧ ꯒꯤ    ꯂꯧ ꯕꯨ ꯛ,    ꯑꯃꯁꯨꯡ    ꯏꯔ ꯩ    ꯂꯩꯇꯕ    ꯏꯁꯤꯡꯗ    ꯆꯠ ꯄꯗ    ꯂꯥꯏꯁꯪ    ꯑꯃꯁꯨꯡ    ꯆꯔ ꯭ꯁ    ꯃꯔꯛ    ꯃꯔꯛꯇ    ꯂꯩꯕ    ꯌꯨ ꯕꯤ    ꯄꯥꯝꯕꯤ    ꯎ ꯔꯛ    ꯑꯗꯨꯅꯤ꯫ ",111,37
658,ꯕꯣꯙꯒꯥꯌꯥ (ꯕꯤꯍꯥꯔ) ꯑꯁꯤ ꯅꯤꯡꯊꯧꯃꯆꯥ ꯁꯤꯗꯙꯥꯔꯊꯥꯅ ꯒ꯭ꯌꯥꯟꯒꯤ ꯃꯉꯥꯜ ꯐꯪꯈꯤꯕ ꯑꯃꯗꯤ ꯇꯥꯏꯕꯪ ꯃꯄꯨ ꯕꯨꯗꯙ ꯑꯣꯏꯔꯛꯈꯤꯕ ꯃꯐꯝ ꯑꯗꯨꯅꯤ꯫,ꯕꯣ ꯙ ꯒꯥ ꯌꯥ    ( ꯕꯤꯍꯥꯔ )    ꯑꯁꯤ    ꯅꯤꯡꯊꯧ ꯃꯆꯥ    ꯁꯤꯗ ꯙ ꯥꯔ ꯊꯥ ꯅ    ꯒ꯭ꯌꯥ ꯟꯒꯤ    ꯃꯉꯥ ꯜ    ꯐꯪꯈꯤꯕ    ꯑꯃꯗꯤ    ꯇꯥꯏ ꯕ ꯪ    ꯃꯄꯨ    ꯕꯨꯗ ꯙ    ꯑꯣꯏꯔꯛ ꯈꯤꯕ    ꯃꯐꯝ    ꯑꯗꯨꯅꯤ꯫ ,83,31
659,ꯃꯈꯣꯏꯅ ꯗꯥꯛ ꯂꯝꯀꯣꯏꯕꯁꯤꯡꯒꯤ ꯈꯨꯗꯣꯡꯆꯥꯅꯕꯒꯤꯗꯃꯛ ꯂꯝꯕꯤꯒꯤ ꯅꯥꯀꯟꯗ ꯗꯥꯛ ꯕꯪꯒꯂꯦꯁꯤꯡ ꯁꯥꯈꯤ꯫,ꯃꯈꯣꯏꯅ    ꯗ ꯥꯛ    ꯂꯝꯀꯣꯏꯕꯁꯤꯡꯒꯤ    ꯈꯨꯗꯣꯡꯆꯥ ꯅꯕꯒꯤꯗꯃꯛ    ꯂꯝꯕꯤꯒꯤ    ꯅꯥꯀ ꯟꯗ    ꯗ ꯥꯛ    ꯕ ꯪꯒ ꯂꯦ ꯁꯤꯡ    ꯁꯥꯈꯤ꯫ ,60,16
660,"ꯅꯍꯥꯛꯄꯨ ꯁꯨꯝꯍꯠꯅꯤꯡꯉꯥꯏ ꯑꯃꯁꯨꯡ ꯄꯨꯛꯅꯤꯡ ꯍꯨꯅꯤꯡꯉꯥꯏ ꯑꯣꯏꯕ ꯀꯔꯅꯥꯇꯀꯥꯒꯤ ꯃꯅꯨꯡꯗ ꯄꯨꯗꯨꯅ, ꯒꯣꯜꯗꯟ ꯆꯦꯔꯤꯌꯠꯅ ꯀꯔꯅꯥꯇꯀꯥ ꯂꯩꯕꯥꯛ ꯑꯗꯨꯒꯤ ꯆꯥꯎꯈꯠꯂꯕ ꯆꯠꯅꯕꯤ ꯑꯗꯨꯅ ꯃꯄꯨꯡ ꯐꯥꯍꯜꯂꯤ ꯑꯃꯁꯨꯡ ꯃꯁꯤꯃꯛ ꯑꯉꯛꯄ ꯑꯃꯅꯤ꯫","ꯅꯍꯥꯛꯄꯨ    ꯁꯨꯝ ꯍ ꯠ ꯅꯤꯡꯉꯥꯏ    ꯑꯃꯁꯨꯡ    ꯄꯨꯛꯅꯤꯡ    ꯍꯨ ꯅꯤꯡꯉꯥꯏ    ꯑꯣꯏꯕ    ꯀꯔꯅꯥꯇꯀꯥꯒꯤ    ꯃꯅꯨꯡꯗ    ꯄꯨ ꯗꯨꯅ,    ꯒꯣꯜ ꯗ ꯟ    ꯆꯦ ꯔꯤ ꯌ ꯠꯅ    ꯀꯔꯅꯥꯇ ꯀꯥ    ꯂꯩꯕꯥꯛ    ꯑꯗꯨꯒꯤ    ꯆꯥꯎꯈꯠ ꯂꯕ    ꯆꯠꯅꯕꯤ    ꯑꯗꯨꯅ    ꯃꯄꯨꯡ    ꯐꯥ ꯍꯜꯂꯤ    ꯑꯃꯁꯨꯡ    ꯃꯁꯤ ꯃꯛ    ꯑꯉ ꯛꯄ    ꯑꯃꯅꯤ꯫ ",134,38
661,ꯇ꯭ꯔꯦꯟ ꯑꯗꯨꯒꯤ ꯀꯣꯆ ꯆꯦꯝꯕꯔꯁꯤꯡ ꯑꯗꯨ ꯃꯇꯝꯅꯥꯏꯗꯕ ꯋꯥꯔꯤ ꯀꯌꯥ ꯂꯤꯔꯤꯕ ꯌꯥꯝꯅ ꯀꯨꯞꯊꯕ ꯀ꯭ꯔꯥꯐꯁꯃꯦꯟꯁꯤꯞꯀꯤ ꯑꯇꯤꯌꯥꯒꯤ ꯃꯈꯥꯗ ꯄꯨꯋꯥꯔꯤꯒ ꯁꯥꯒꯣꯟꯅꯩ꯫,ꯇ꯭ꯔ ꯦꯟ    ꯑꯗꯨꯒꯤ    ꯀꯣ ꯆ    ꯆꯦ ꯝꯕ ꯔ ꯁꯤꯡ    ꯑꯗꯨ    ꯃꯇꯝ ꯅꯥꯏ ꯗꯕ    ꯋꯥꯔꯤ    ꯀꯌꯥ    ꯂꯤ ꯔꯤꯕ    ꯌꯥꯝꯅ    ꯀꯨꯞ ꯊꯕ    ꯀ꯭ꯔꯥ ꯐ ꯁ ꯃꯦꯟ ꯁꯤ ꯞꯀꯤ    ꯑ ꯇꯤ ꯌꯥꯒꯤ    ꯃꯈꯥꯗ    ꯄꯨꯋꯥꯔꯤ ꯒ    ꯁꯥ ꯒꯣ ꯟ ꯅꯩ꯫ ,93,36
662,ꯔꯥꯖꯁꯊꯥꯟꯒꯤ ꯃꯌꯣꯜꯗ ꯂꯝ ꯑꯁꯤꯒꯤ ꯑꯁꯦꯡꯕ ꯃꯆꯪ ꯑꯗꯨ ꯇꯥꯛꯄ ꯁꯍꯔ ꯃꯆꯥ ꯀꯌꯥ ꯑꯃꯗꯤ ꯈꯨꯡꯒꯪ ꯀꯌꯥ ꯑꯃ ꯂꯩ꯫,ꯔꯥꯖꯁꯊꯥꯟꯒꯤ    ꯃꯌꯣ ꯜꯗ    ꯂꯝ    ꯑꯁꯤꯒꯤ    ꯑꯁꯦꯡꯕ    ꯃꯆ ꯪ    ꯑꯗꯨ    ꯇꯥꯛꯄ    ꯁꯍꯔ    ꯃꯆꯥ    ꯀꯌꯥ    ꯑꯃꯗꯤ    ꯈꯨꯡꯒꯪ    ꯀꯌꯥ    ꯑꯃ    ꯂꯩ꯫ ,62,18
663,ꯚꯔꯠ ꯑꯁꯤ ꯌꯥꯝꯂꯕ ꯃꯈꯜ-ꯃꯈꯥ ꯑꯃꯗꯤ ꯃꯥꯟꯅꯗꯕ ꯀꯌꯥꯒꯤ ꯂꯝ ꯑꯃꯅꯤ꯫,ꯚꯔ ꯠ    ꯑꯁꯤ    ꯌꯥꯝꯂꯕ    ꯃꯈ ꯜ- ꯃꯈꯥ    ꯑꯃꯗꯤ    ꯃꯥꯟꯅ ꯗꯕ    ꯀꯌꯥꯒꯤ    ꯂꯝ    ꯑꯃꯅꯤ꯫ ,40,13
664,ꯇꯨꯔꯤꯖꯝ ꯑꯁꯤ ꯚꯥꯔꯠꯀꯤ ꯃꯔꯨꯑꯣꯏꯕ ꯏꯟꯗꯁꯇ꯭ꯔꯤꯁꯤꯡꯒꯤ ꯃꯅꯨꯡꯗ ꯑꯃ ꯑꯣꯏꯅ ꯊꯣꯛꯂꯛꯂꯦ꯫,ꯇꯨꯔꯤꯖ ꯝ    ꯑꯁꯤ    ꯚꯥꯔꯠꯀꯤ    ꯃꯔꯨꯑꯣꯏꯕ    ꯏꯟꯗꯁꯇ꯭ꯔꯤ ꯁꯤꯡꯒꯤ    ꯃꯅꯨꯡꯗ    ꯑꯃ    ꯑꯣꯏꯅ    ꯊꯣꯛꯂꯛ ꯂꯦ꯫ ,54,12
665,"ꯃꯍꯧꯁꯥꯒꯤ ꯑꯀꯣꯏꯕꯁꯤꯡ, ꯑꯥꯔꯀꯤꯇꯦꯛꯆꯔꯦꯜ ꯃꯁꯇꯔꯄꯤꯁꯁꯤꯡ, ꯏꯁꯩ-ꯅꯣꯡꯃꯥꯏ, ꯖꯒꯣꯏ, ꯂꯥꯏꯌꯦꯛꯁꯤꯡ, ꯅꯥꯠꯁꯤꯡ ꯑꯃꯗꯤ ꯂꯣꯟꯁꯤꯡ ꯑꯁꯤ ꯂꯣꯏꯅꯃꯛꯅ ꯚꯥꯔꯠ ꯑꯁꯤ ꯂꯝꯀꯣꯏꯕꯒꯤ ꯂꯥꯏꯔꯝꯂꯦꯟ ꯑꯃꯥ ꯑꯣꯏꯍꯟꯕꯗ ꯆꯪꯏ꯫","ꯃꯍꯧꯁꯥꯒꯤ    ꯑꯀꯣꯏ ꯕꯁꯤꯡ,    ꯑꯥꯔꯀꯤ ꯇꯦꯛ ꯆꯔꯦꯜ    ꯃꯁ ꯇꯔ ꯄꯤ ꯁ ꯁꯤꯡ,    ꯏꯁꯩ-ꯅꯣꯡ ꯃꯥꯏ ,    ꯖꯒꯣꯏ ,    ꯂꯥꯏ ꯌꯦꯛ ꯁꯤꯡ,    ꯅꯥ ꯠꯁꯤꯡ    ꯑꯃꯗꯤ    ꯂꯣꯟꯁꯤꯡ    ꯑꯁꯤ    ꯂꯣꯏꯅ ꯃꯛꯅ    ꯚꯥꯔꯠ    ꯑꯁꯤ    ꯂꯝꯀꯣꯏ ꯕꯒꯤ    ꯂꯥꯏ ꯔꯝ ꯂꯦꯟ    ꯑꯃꯥ    ꯑꯣꯏ ꯍꯟꯕꯗ    ꯆꯪ ꯏ꯫ ",128,38
666,ꯂꯝꯀꯣꯏꯕꯁꯤꯡꯒ ꯋꯥꯔꯤ-ꯋꯥꯇꯥꯏ ꯁꯥꯅꯕꯅ ꯂꯝꯗꯝꯗꯨꯒꯤ ꯃꯐꯝꯁꯤꯡꯗ ꯇꯨꯔꯤꯖꯝ ꯏꯟꯗꯁꯇ꯭ꯔꯤꯒ ꯃꯔꯤ ꯂꯩꯅꯕ ꯁꯤꯟꯃꯤꯁꯤꯡꯒꯤ ꯃꯔꯛꯇ ꯍꯔꯥꯎ-ꯇꯌꯥꯝꯅ ꯇꯧꯕꯒꯤ ꯂꯝꯆꯠ-ꯁꯥꯖꯠ ꯁꯦꯝꯒꯠꯄꯗ ꯃꯇꯦꯡ ꯄꯥꯡꯉꯤ꯫,ꯂꯝꯀꯣꯏ ꯕ ꯁꯤꯡꯒ    ꯋꯥꯔꯤ - ꯋꯥ ꯇꯥꯏ    ꯁꯥ ꯅꯕ ꯅ    ꯂꯝꯗ ꯝ ꯗꯨꯒꯤ    ꯃꯐꯝꯁꯤꯡꯗ    ꯇꯨꯔꯤꯖ ꯝ    ꯏꯟꯗꯁꯇ꯭ꯔꯤ ꯒ    ꯃꯔꯤ    ꯂꯩꯅꯕ    ꯁꯤꯟ ꯃꯤꯁꯤꯡꯒꯤ    ꯃꯔꯛꯇ    ꯍꯔꯥꯎ - ꯇ ꯌꯥꯝꯅ    ꯇꯧꯕꯒꯤ    ꯂꯝ ꯆꯠ -ꯁꯥ ꯖ ꯠ    ꯁꯦꯝꯒꯠ ꯄꯗ    ꯃꯇꯦꯡ    ꯄꯥꯡ ꯉꯤ꯫ ,117,38
667,"ꯗꯆ ꯌꯨꯝꯖꯥꯎꯁꯤꯡ, ꯄꯣꯔꯇꯨꯒꯤꯁ ꯆꯔ꯭ꯁꯁꯤꯡ, ꯖ꯭ꯌꯨꯒꯤ ꯁꯤꯅꯥꯒꯣꯛꯁꯤꯡ, ꯕ꯭ꯔꯤꯇꯤꯁꯀꯤ ꯄꯣꯠꯊꯝꯐꯝꯁꯤꯡ ꯑꯃꯁꯨꯡ ꯱꯴ ꯁꯨꯕ ꯆꯍꯤ ꯆꯥꯒꯤ ꯆꯥꯏꯅꯒꯤ ꯉꯥ ꯐꯥꯅꯕ ꯂꯥꯡꯁꯤꯡ ꯑꯁꯤꯗ ꯎꯕ ꯐꯪꯕ ꯇꯣꯞ ꯇꯧꯞꯄ ꯌꯨꯝꯁꯥ ꯀꯩꯁꯥꯒꯤ ꯃꯥꯑꯣꯡ ꯑꯁꯤꯗ ꯀꯣꯆꯤꯒꯤ ꯁꯥꯃꯨꯗ꯭ꯔ ꯃꯄꯥꯟ ꯑꯃꯁꯨꯡ ꯂꯂꯣꯟ ꯏꯇꯤꯛ ꯇꯧꯕꯒꯤ ꯃꯐꯝ ꯑꯣꯏꯅ ꯀꯨꯏꯔꯕ ꯄꯨꯋꯥꯔꯤ ꯑꯗꯨ ꯎꯠꯂꯤ꯫","ꯗ ꯆ    ꯌꯨꯝ ꯖꯥꯎ ꯁꯤꯡ,    ꯄꯣꯔꯇꯨꯒꯤ ꯁ    ꯆꯔ ꯭ꯁ ꯁꯤꯡ,    ꯖ ꯭ꯌꯨ ꯒꯤ    ꯁꯤ ꯅꯥꯒ ꯣꯛ ꯁꯤꯡ,    ꯕ꯭ꯔꯤꯇꯤꯁꯀꯤ    ꯄꯣꯠ ꯊꯝ ꯐꯝꯁꯤꯡ    ꯑꯃꯁꯨꯡ    ꯱꯴    ꯁꯨꯕ    ꯆꯍꯤ    ꯆꯥ ꯒꯤ    ꯆꯥꯏ ꯅꯒꯤ    ꯉꯥ    ꯐꯥ ꯅꯕ    ꯂꯥꯡ ꯁꯤꯡ    ꯑꯁꯤꯗ    ꯎꯕ    ꯐꯪꯕ    ꯇꯣꯞ    ꯇꯧ ꯞꯄ    ꯌꯨꯝ ꯁꯥ    ꯀꯩ ꯁꯥꯒꯤ    ꯃꯥ ꯑꯣ ꯡ    ꯑꯁꯤꯗ    ꯀꯣ ꯆꯤ ꯒꯤ    ꯁꯥꯃꯨ ꯗ꯭ꯔ    ꯃꯄꯥꯟ    ꯑꯃꯁꯨꯡ    ꯂꯂꯣꯟ    ꯏꯇꯤꯛ    ꯇꯧꯕꯒꯤ    ꯃꯐꯝ    ꯑꯣꯏꯅ    ꯀꯨꯏ ꯔꯕ    ꯄꯨꯋꯥꯔꯤ    ꯑꯗꯨ    ꯎꯠꯂꯤ꯫ ",196,65
668,ꯀꯦꯔꯂꯥ ꯑꯁꯤ ꯅꯦꯁꯅꯦꯜ ꯖꯤꯑꯣꯒ꯭ꯔꯥꯐꯤꯛ ꯆꯦꯟꯅꯦꯜꯅ ꯄꯨꯟꯁꯤꯗ ꯑꯃꯨꯛꯔꯛꯇ ꯑꯣꯏꯔꯁꯨ ꯆꯠꯄꯒꯤ ꯂꯝꯀꯣꯏꯕꯒꯤ ꯊꯨꯡꯐꯝꯁꯤꯡꯒꯤ ꯃꯀꯣꯛ ꯊꯣꯡꯕ ꯵꯰ꯒꯤ ꯃꯅꯨꯡ ꯆꯜꯍꯟꯈ꯭ꯔꯦ꯫,ꯀꯦꯔꯂꯥ    ꯑꯁꯤ    ꯅꯦꯁꯅꯦꯜ    ꯖꯤꯑꯣ ꯒ꯭ꯔꯥꯐꯤ ꯛ    ꯆꯦꯟ ꯅꯦ ꯜꯅ    ꯄꯨꯟꯁꯤꯗ    ꯑꯃꯨ ꯛ ꯔꯛ ꯇ    ꯑꯣꯏꯔ ꯁꯨ    ꯆꯠꯄꯒꯤ    ꯂꯝꯀꯣꯏ ꯕꯒꯤ    ꯊꯨꯡ ꯐꯝꯁꯤꯡꯒꯤ    ꯃꯀꯣꯛ    ꯊꯣꯡꯕ    ꯵ ꯰ꯒꯤ    ꯃꯅꯨꯡ    ꯆ ꯜ ꯍꯟ ꯈ꯭ꯔꯦ꯫ ,99,30
669,"ꯀꯦꯔꯂꯥꯒꯤ ꯐꯖꯕ ꯑꯁꯤ ꯃꯁꯤꯒꯤ ꯏꯪꯇꯞꯄ ꯃꯍꯧꯁꯥꯗ ꯂꯩ, ꯃꯁꯤꯗ ꯆꯜꯂꯤꯕꯁꯤ ꯏꯇꯨꯝꯐꯝꯁꯤꯡ, ꯁꯃꯨꯗ꯭ꯔ ꯃꯄꯥꯟꯁꯤꯡ, ꯆꯤꯡꯒꯤ ꯂꯝꯀꯣꯏꯐꯝꯁꯤꯡ, ꯃꯔꯨ-ꯃꯔꯡ ꯊꯥꯐꯝꯁꯤꯡ, ꯄꯥꯝꯕꯤ-ꯁꯤꯡꯕꯤ ꯑꯃꯗꯤ ꯁꯥ-ꯉꯥ, ꯑꯥꯌꯨꯔꯋꯦꯗꯥ, ꯍꯤꯒꯤ ꯂꯝꯖꯦꯜꯁꯤꯡ, ꯃꯍꯧꯁꯥꯒꯤ ꯑꯣꯏꯕ ꯍꯤꯊꯥꯐꯝꯁꯤꯡ ꯑꯃꯗꯤ ꯃꯁꯤꯗꯒꯤ ꯑꯍꯦꯟꯕꯁꯤꯡ꯫","ꯀꯦꯔꯂꯥꯒꯤ    ꯐꯖꯕ    ꯑꯁꯤ    ꯃꯁꯤꯒꯤ    ꯏꯪ ꯇ ꯞꯄ    ꯃꯍꯧꯁꯥ ꯗ    ꯂꯩ,    ꯃꯁꯤꯗ    ꯆ ꯜꯂꯤ ꯕ ꯁꯤ    ꯏ ꯇꯨꯝ ꯐꯝ ꯁꯤꯡ,    ꯁꯃꯨꯗ꯭ꯔ    ꯃꯄꯥꯟ ꯁꯤꯡ,    ꯆꯤꯡꯒꯤ    ꯂꯝꯀꯣꯏ ꯐꯝ ꯁꯤꯡ,    ꯃꯔꯨ -ꯃꯔ ꯡ    ꯊꯥ ꯐꯝ ꯁꯤꯡ,    ꯄꯥꯝꯕꯤ -ꯁꯤꯡ ꯕꯤ    ꯑꯃꯗꯤ    ꯁꯥ- ꯉꯥ ,    ꯑꯥ ꯌꯨ ꯔ ꯋꯦ ꯗꯥ,    ꯍꯤ ꯒꯤ    ꯂꯝꯖꯦ ꯜ ꯁꯤꯡ,    ꯃꯍꯧꯁꯥꯒꯤ    ꯑꯣꯏꯕ    ꯍꯤ ꯊꯥ ꯐꯝꯁꯤꯡ    ꯑꯃꯗꯤ    ꯃꯁꯤꯗꯒꯤ    ꯑꯍ ꯦꯟ ꯕ ꯁꯤꯡ ꯫ ",181,61
670,ꯃꯨꯟꯅꯥꯔ ꯑꯁꯤ ꯁꯨꯡꯂꯕ ꯎꯃꯪꯁꯤꯡ ꯑꯃꯗꯤ ꯆꯥꯒꯤ ꯑꯦꯁꯇꯦꯠꯁꯤꯡꯅ ꯀꯨꯞꯁꯤꯜꯂꯤ꯫,ꯃꯨꯟ ꯅ ꯥꯔ    ꯑꯁꯤ    ꯁꯨꯡ ꯂꯕ    ꯎꯃꯪꯁꯤꯡ    ꯑꯃꯗꯤ    ꯆꯥ ꯒꯤ    ꯑꯦꯁ ꯇꯦ ꯠꯁꯤꯡꯅ    ꯀꯨꯞ ꯁꯤꯜꯂꯤ꯫ ,47,15
671,ꯃꯈꯣꯏꯁꯤꯡ ꯑꯁꯤꯒꯤ ꯃꯔꯛꯇ ꯅꯤꯡꯁꯤꯡ ꯈꯨꯕꯝ ꯈꯔꯁꯨ ꯌꯨꯅꯦꯁꯀꯣꯅ ꯁꯛꯈꯪꯂꯕ ꯋꯔꯜꯗ ꯍꯦꯔꯤꯇꯦꯖ ꯁꯥꯏꯠꯁꯤꯡꯒꯤ ꯄꯔꯤꯡ ꯑꯗꯨꯗ ꯃꯁꯛ ꯅꯥꯏꯅ ꯌꯥꯎꯋꯤ꯫,ꯃꯈꯣꯏꯁꯤꯡ    ꯑꯁꯤꯒꯤ    ꯃꯔꯛꯇ    ꯅꯤꯡꯁꯤꯡ    ꯈꯨ ꯕꯝ    ꯈꯔ ꯁꯨ    ꯌꯨ ꯅꯦꯁ ꯀꯣ ꯅ    ꯁꯛꯈꯪ ꯂꯕ    ꯋꯔꯜꯗ    ꯍꯦꯔꯤꯇꯦꯖ    ꯁꯥꯏ ꯠꯁꯤꯡꯒꯤ    ꯄꯔꯤꯡ    ꯑꯗꯨꯗ    ꯃꯁꯛ    ꯅꯥꯏꯅ    ꯌꯥꯎꯋꯤ꯫ ,85,23
672,ꯃꯍꯥꯔꯥꯁꯇ꯭ꯔꯅ ꯇꯨꯔꯤꯖꯝ ꯑꯁꯤ ꯔꯥꯖꯌ ꯑꯁꯤꯒꯤ ꯁꯦꯟꯃꯤꯠꯂꯣꯟ ꯇꯥꯎꯈꯠꯄꯒꯤ ꯑꯆꯧꯕ ꯃꯔꯨꯑꯣꯏꯕ ꯃꯐꯝ ꯑꯃꯥ ꯑꯣꯏꯅ ꯁꯛꯈꯪꯈꯔꯦ ꯃꯔꯝꯗꯤ ꯁꯥꯍꯌꯥꯗ꯭ꯔꯤ ꯃꯥꯎꯟꯇꯣꯟ ꯑꯁꯤ ꯃꯍꯥꯔꯥꯁꯇ꯭ꯔꯒꯤ ꯌꯥꯡꯂꯦꯟ ꯁꯔꯨꯅꯤ꯫,ꯃꯍꯥꯔꯥꯁꯇ꯭ꯔ ꯅ    ꯇꯨꯔꯤꯖ ꯝ    ꯑꯁꯤ    ꯔꯥꯖ ꯌ    ꯑꯁꯤꯒꯤ    ꯁꯦꯟꯃꯤꯠꯂꯣꯟ    ꯇꯥꯎ ꯈꯠ ꯄꯒꯤ    ꯑꯆꯧꯕ    ꯃꯔꯨꯑꯣꯏꯕ    ꯃꯐꯝ    ꯑꯃꯥ    ꯑꯣꯏꯅ    ꯁꯛꯈꯪ ꯈ ꯔꯦ    ꯃꯔꯝꯗꯤ    ꯁꯥꯍ ꯌꯥ ꯗ꯭ꯔꯤ    ꯃꯥꯎ ꯟ ꯇꯣ ꯟ    ꯑꯁꯤ    ꯃꯍꯥꯔꯥꯁꯇ꯭ꯔꯒꯤ    ꯌꯥꯡ ꯂꯦꯟ    ꯁꯔꯨ ꯅꯤ꯫ ,120,34
673,"ꯃꯥꯂꯪ ꯍꯤꯊꯥꯡꯐꯝꯗ ꯂꯩꯕ ꯃꯤꯠ ꯑꯦꯟ ꯒ꯭ꯔꯤꯠ ꯁꯔꯕꯤꯁ ꯑꯁꯤ ꯂꯝꯀꯣꯏꯕꯁꯤꯡꯒꯤ ꯑꯃꯗꯤ ꯀꯝꯄꯅꯤꯒꯤ ꯃꯔꯨꯑꯣꯏꯕ ꯁꯦꯕꯄꯤꯕ ꯑꯃꯅꯤ ꯃꯔꯝꯗꯤ ꯃꯁꯤꯅ ꯂꯥꯛꯄꯗ ꯑꯃꯗꯤ ꯊꯣꯛꯄꯗ ꯊꯨꯅ ꯌꯥꯍꯟꯗꯨꯅ ꯂꯝꯀꯣꯏꯕꯁꯤꯡꯕꯨ ꯃꯇꯦꯡ ꯄꯥꯡꯉꯤ, ꯍꯣꯡꯗꯣꯛ ꯍꯣꯡꯖꯤꯟ, ꯄꯨꯠꯄꯨꯕ ꯑꯃꯗꯤ ꯏꯃꯨꯡ ꯃꯅꯨꯡ ꯆꯠꯊꯣꯛ ꯆꯠꯁꯤꯟꯗ ꯃꯇꯦꯡ ꯄꯥꯡꯉꯤ ꯑꯃꯁꯨꯡ ꯃꯥꯂꯪ ꯍꯤꯊꯥꯡꯐꯝꯗ ꯊꯨꯅ, ꯂꯥꯏꯅ ꯑꯃꯁꯨꯡ ꯆꯦꯛꯁꯤꯟꯅ ꯆꯠꯍꯜꯂꯤ꯫","ꯃꯥ ꯂ ꯪ    ꯍꯤꯊꯥꯡ ꯐꯝꯗ    ꯂꯩꯕ    ꯃꯤꯠ    ꯑꯦꯟ    ꯒ꯭ꯔꯤ ꯠ    ꯁꯔꯕꯤꯁ    ꯑꯁꯤ    ꯂꯝꯀꯣꯏꯕꯁꯤꯡꯒꯤ    ꯑꯃꯗꯤ    ꯀꯝꯄꯅꯤꯒꯤ    ꯃꯔꯨꯑꯣꯏꯕ    ꯁꯦ ꯕ ꯄꯤꯕ    ꯑꯃꯅꯤ    ꯃꯔꯝꯗꯤ    ꯃꯁꯤꯅ    ꯂꯥꯛ ꯄꯗ    ꯑꯃꯗꯤ    ꯊꯣꯛ ꯄꯗ    ꯊꯨꯅ    ꯌꯥ ꯍꯟꯗꯨꯅ    ꯂꯝꯀꯣꯏ ꯕꯁꯤꯡꯕꯨ    ꯃꯇꯦꯡ    ꯄꯥꯡ ꯉꯤ ,    ꯍꯣꯡ ꯗꯣꯛ    ꯍꯣꯡ ꯖꯤꯟ ,    ꯄꯨ ꯠ ꯄꯨꯕ    ꯑꯃꯗꯤ    ꯏꯃꯨꯡ    ꯃꯅꯨꯡ    ꯆꯠ ꯊꯣꯛ    ꯆꯠ ꯁꯤꯟ ꯗ    ꯃꯇꯦꯡ    ꯄꯥꯡ ꯉꯤ    ꯑꯃꯁꯨꯡ    ꯃꯥ ꯂ ꯪ    ꯍꯤꯊꯥꯡ ꯐꯝꯗ    ꯊꯨ ꯅ,    ꯂꯥꯏꯅ    ꯑꯃꯁꯨꯡ    ꯆꯦꯛꯁꯤꯟ ꯅ    ꯆꯠ ꯍꯜꯂꯤ꯫ ",222,69
674,ꯋꯦꯁꯇꯔꯟ ꯘꯥꯠꯁ ꯑꯃꯗꯤ ꯑꯔꯥꯕꯤꯌꯟ ꯁꯤꯒꯤ ꯃꯔꯛꯀꯤ ꯀꯤꯂꯣꯃꯤꯇꯔ ꯷꯲꯰ ꯁꯥꯡꯕ ꯄꯔꯤꯡ ꯑꯃꯗ ꯑꯔꯣꯠꯄ ꯁꯃꯨꯗ꯭ꯔ ꯃꯄꯥꯟꯁꯤꯡ ꯑꯃꯗꯤ ꯁꯃꯨꯗ꯭ꯔ ꯃꯄꯥꯟꯒꯤ ꯏꯇꯨꯡꯐꯝꯁꯤꯡ ꯃꯌꯥꯝ ꯑꯃ ꯂꯩ꯫,ꯋꯦꯁꯇꯔꯟ    ꯘꯥ ꯠꯁ    ꯑꯃꯗꯤ    ꯑꯔꯥ ꯕꯤ ꯌꯟ    ꯁꯤꯒꯤ    ꯃꯔ ꯛꯀꯤ    ꯀꯤꯂꯣꯃꯤꯇꯔ    ꯷ ꯲꯰    ꯁꯥꯡꯕ    ꯄꯔꯤꯡ    ꯑꯃꯗ    ꯑꯔꯣ ꯠꯄ    ꯁꯃꯨꯗ꯭ꯔ    ꯃꯄꯥꯟ ꯁꯤꯡ    ꯑꯃꯗꯤ    ꯁꯃꯨꯗ꯭ꯔ    ꯃꯄꯥꯟꯒꯤ    ꯏ ꯇꯨꯡ ꯐꯝꯁꯤꯡ    ꯃꯌꯥꯝ    ꯑꯃ    ꯂꯩ꯫ ,104,30
675,ꯃꯤ-ꯄꯣꯡ ꯇꯥꯗꯕ ꯑꯃꯗꯤ ꯄꯨꯡꯁꯪ ꯁꯪꯂꯕ ꯎꯅꯥꯅ ꯊꯜꯂꯕ ꯋꯦꯁꯇꯔꯟ ꯘꯥꯠꯁꯀꯤ ꯅꯥꯀꯟꯗ ꯂꯩꯕ ꯃꯁꯤꯒꯤ ꯅꯥꯏꯇꯣꯝ ꯇꯥꯕ ꯁꯃꯨꯗ꯭ꯔ ꯃꯄꯥꯟꯁꯤꯡ ꯑꯁꯤ ꯃꯈꯣꯏꯒꯤ ꯂꯥꯡꯂꯕ ꯒꯣꯋꯥꯒꯤ ꯑꯣꯟꯅ ꯇꯩꯅꯕ ꯑꯣꯏꯕ ꯏꯪ-ꯆꯤꯛꯄ ꯑꯇꯣꯞꯄ ꯃꯐꯝꯅꯤ꯫,ꯃꯤ - ꯄꯣ ꯡ    ꯇꯥꯗꯕ    ꯑꯃꯗꯤ    ꯄꯨ ꯡ ꯁꯪ    ꯁꯪ ꯂꯕ    ꯎ ꯅꯥꯅ    ꯊ ꯜꯂꯕ    ꯋꯦꯁꯇꯔꯟ    ꯘꯥ ꯠꯁꯀꯤ    ꯅꯥꯀ ꯟꯗ    ꯂꯩꯕ    ꯃꯁꯤꯒꯤ    ꯅꯥꯏ ꯇꯣ ꯝ    ꯇꯥꯕ    ꯁꯃꯨꯗ꯭ꯔ    ꯃꯄꯥꯟ ꯁꯤꯡ    ꯑꯁꯤ    ꯃꯈꯣꯏꯒꯤ    ꯂꯥꯡ ꯂꯕ    ꯒꯣ ꯋꯥꯒꯤ    ꯑꯣ ꯟꯅ    ꯇꯩ ꯅꯕ    ꯑꯣꯏꯕ    ꯏꯪ - ꯆꯤ ꯛꯄ    ꯑꯇꯣꯞꯄ    ꯃꯐꯝ ꯅꯤ꯫ ,128,47
676,"ꯃꯔꯨ-ꯃꯔꯥꯡ ꯊꯥꯕ ꯂꯝꯁꯤꯡꯒꯤ ꯃꯌꯣꯜ ꯑꯣꯏꯔꯤꯕ ꯄꯦꯔꯤꯌꯥꯔ, ꯂꯝꯂꯛꯀꯤ ꯁꯥꯒꯤ ꯂꯩꯐꯝ ꯑꯣꯏꯕꯒꯤꯁꯨ ꯃꯃꯤꯡ ꯆꯠꯂꯕ ꯑꯁꯤ ꯂꯦꯛ ꯄꯦꯔꯤꯌꯥꯔꯗ ꯍꯤꯒꯤ ꯀ꯭ꯔꯖꯀꯤ ꯃꯊꯛꯇ ꯈ꯭ꯋꯥꯏꯗꯒꯤ ꯍꯦꯟꯅ ꯌꯦꯡꯕ ꯅꯨꯡꯉꯥꯏ꯫","ꯃꯔꯨ - ꯃꯔꯥꯡ    ꯊꯥꯕ    ꯂꯝ ꯁꯤꯡꯒꯤ    ꯃꯌꯣ ꯜ    ꯑꯣꯏꯔꯤꯕ    ꯄꯦꯔꯤꯌꯥ ꯔ,    ꯂꯝꯂ ꯛꯀꯤ    ꯁꯥꯒꯤ    ꯂꯩꯐꯝ    ꯑꯣꯏꯕ ꯒꯤꯁꯨ    ꯃꯃꯤꯡ    ꯆꯠꯂꯕ    ꯑꯁꯤ    ꯂꯦꯛ    ꯄꯦꯔꯤꯌꯥ ꯔꯗ    ꯍꯤ ꯒꯤ    ꯀ꯭ꯔ ꯖꯀꯤ    ꯃꯊꯛꯇ    ꯈ꯭ꯋꯥꯏꯗꯒꯤ    ꯍꯦꯟꯅ    ꯌꯦꯡꯕ    ꯅꯨꯡꯉꯥꯏ ꯫ ",117,33
677,"ꯃꯁꯤꯒꯤ ꯃꯊꯛꯇ, ꯃꯄꯥꯟꯂꯝꯒꯤ ꯂꯝꯀꯣꯏꯕ ꯃꯤꯑꯣꯏꯅ ꯌꯥꯝꯅ ꯄꯥꯝꯅ ꯂꯥꯛꯄ ꯃꯐꯝꯗ ꯑꯇꯣꯞꯄ ꯂꯣꯏꯁꯪ ꯀꯌꯥ ꯑꯃ ꯂꯩ꯫","ꯃꯁꯤꯒꯤ    ꯃꯊꯛꯇ,    ꯃꯄꯥꯟ ꯂꯝꯒꯤ    ꯂꯝꯀꯣꯏ ꯕ    ꯃꯤ ꯑꯣꯏꯅ    ꯌꯥꯝꯅ    ꯄꯥꯝ ꯅ    ꯂꯥꯛꯄ    ꯃꯐꯝꯗ    ꯑꯇꯣꯞꯄ    ꯂꯣꯏꯁꯪ    ꯀꯌꯥ    ꯑꯃ    ꯂꯩ꯫ ",64,18
678,ꯁꯤꯀꯥꯔꯥꯁꯤꯡꯗ ꯏꯪ-ꯆꯤꯛꯄ ꯄꯥꯠꯁꯤꯡꯗ ꯇꯥꯎꯊꯕ ꯑꯃꯗꯤ ꯎꯒꯤ ꯍꯤꯒꯤ ꯌꯨꯝꯁꯤꯡꯗ ꯂꯩꯕ ꯑꯁꯤ ꯁ꯭ꯔꯤꯅꯥꯒꯔꯅ ꯄꯤꯕ ꯇꯣꯞ-ꯇꯣꯞꯄ ꯑꯦꯛꯁꯄꯔꯤꯑꯦꯟꯁꯁꯤꯡꯅꯤ꯫,ꯁꯤ ꯀꯥꯔꯥ ꯁꯤꯡꯗ    ꯏꯪ - ꯆꯤ ꯛꯄ    ꯄꯥ ꯠꯁꯤꯡꯗ    ꯇꯥꯎ ꯊꯕ    ꯑꯃꯗꯤ    ꯎꯒꯤ    ꯍꯤ ꯒꯤ    ꯌꯨꯝ ꯁꯤꯡꯗ    ꯂꯩꯕ    ꯑꯁꯤ    ꯁ꯭ꯔꯤ ꯅꯥꯒ ꯔꯅ    ꯄꯤꯕ    ꯇꯣꯞ-ꯇꯣꯞꯄ    ꯑꯦꯛꯁ ꯄꯔꯤ ꯑꯦꯟ ꯁ ꯁꯤꯡꯅꯤ꯫ ,90,29
679,"ꯇꯝꯐꯥ ꯊꯤꯜꯂꯕ ꯂꯨꯍꯨꯞ ꯇꯧꯅ ꯚꯥꯔꯠꯀꯤ ꯃꯦꯞꯇ ꯊꯝꯃꯤꯕ ꯀꯥꯁꯃꯤꯔ ꯑꯁꯤ ꯀꯨꯝꯁꯤꯡꯒꯤ ꯃꯇꯨꯡ ꯏꯟꯅ ꯃꯥꯒꯤ ꯃꯆꯨ ꯍꯣꯡꯉꯤ- ꯏꯡꯊꯝ ꯊꯥꯗ ꯆꯤꯡꯖꯥꯎꯁꯤꯡ ꯑꯗꯨ ꯎꯟꯅ ꯛꯨꯞꯄꯕ ꯃꯇꯝꯗ, ꯅꯥꯜꯂꯕ ꯉꯝꯊꯕ ꯃꯐꯝꯁꯤꯡꯗ ꯁ꯭ꯀꯤꯏꯡ ꯑꯃꯁꯨꯡ ꯁ꯭ꯂꯦꯗꯖ ꯊꯧꯋꯤ, ꯌꯦꯅꯤꯡ ꯑꯃꯁꯨꯡ ꯀꯥꯂꯦꯟ ꯊꯥꯗ, ꯈꯣꯏꯍꯤ ꯆꯦꯜꯂꯕ ꯍꯩꯀꯣꯜꯁꯤꯡ, ꯄꯥꯠꯀꯤ ꯏꯄꯣꯝꯅ ꯇꯝꯄꯥꯛ ꯑꯁꯤꯕꯨ ꯄꯨꯛꯅꯤꯡ ꯍꯨꯅꯤꯡꯉꯥꯏ ꯑꯣꯏꯅ ꯐꯖꯍꯥꯜꯂꯤ꯫","ꯇꯝ ꯐ ꯥ    ꯊꯤ ꯜꯂꯕ    ꯂꯨ ꯍꯨ ꯞ    ꯇꯧ ꯅ    ꯚꯥꯔꯠꯀꯤ    ꯃꯦ ꯞꯇ    ꯊꯝ ꯃꯤ ꯕ    ꯀꯥ ꯁꯃꯤ ꯔ    ꯑꯁꯤ    ꯀꯨꯝ ꯁꯤꯡꯒꯤ    ꯃꯇꯨꯡ    ꯏꯟꯅ    ꯃꯥꯒꯤ    ꯃꯆꯨ    ꯍꯣꯡ ꯉꯤ -    ꯏ ꯡ ꯊꯝ    ꯊꯥꯗ    ꯆꯤꯡ ꯖꯥꯎ ꯁꯤꯡ    ꯑꯗꯨ    ꯎ ꯟꯅ    ꯛ ꯨ ꯞꯄ ꯕ    ꯃꯇꯝꯗ,    ꯅꯥ ꯜꯂꯕ    ꯉꯝ ꯊꯕ    ꯃꯐꯝꯁꯤꯡꯗ    ꯁ꯭ꯀꯤ ꯏ ꯡ    ꯑꯃꯁꯨꯡ    ꯁ꯭ ꯂꯦ ꯗ ꯖ    ꯊꯧ ꯋꯤ,    ꯌꯦ ꯅꯤꯡ    ꯑꯃꯁꯨꯡ    ꯀꯥ ꯂꯦꯟ    ꯊꯥ ꯗ,    ꯈꯣꯏ ꯍꯤ    ꯆꯦ ꯜꯂꯕ    ꯍꯩ ꯀꯣꯜ ꯁꯤꯡ,    ꯄꯥ ꯠꯀꯤ    ꯏ ꯄꯣ ꯝꯅ    ꯇꯝꯄꯥꯛ    ꯑꯁꯤꯕꯨ    ꯄꯨꯛꯅꯤꯡ    ꯍꯨ ꯅꯤꯡꯉꯥꯏ    ꯑꯣꯏꯅ    ꯐꯖ ꯍꯥ ꯜꯂꯤ꯫ ",223,87
680,ꯏꯪ ꯲꯰꯱꯵ꯗ ꯏꯟꯗꯁꯇ꯭ꯔꯤꯗꯒꯤ ꯚꯥꯔꯠꯀꯤ ꯐꯣꯔꯦꯟ ꯑꯦꯛꯁꯆꯦꯟꯖ ꯑꯔꯅꯤꯡꯁ ꯑꯗꯨ ꯗꯣꯂꯔ ꯕꯤꯂꯤꯌꯟ ꯱꯶,ꯏꯪ    ꯲꯰꯱ ꯵ꯗ    ꯏꯟꯗꯁꯇ꯭ꯔꯤ ꯗꯒꯤ    ꯚꯥꯔꯠꯀꯤ    ꯐꯣꯔ ꯦꯟ    ꯑꯦꯛꯁ ꯆꯦꯟ ꯖ    ꯑꯔ ꯅꯤꯡ ꯁ    ꯑꯗꯨ    ꯗꯣꯂꯔ    ꯕꯤꯂꯤꯌꯟ    ꯱꯶ ,58,18
681,꯹꯴ ꯑꯣꯏꯈꯤ꯫,꯹ ꯴    ꯑꯣꯏꯈꯤ꯫ ,8,3
682,ꯑꯖꯥꯟꯇꯥꯗ ꯂꯩꯕꯁꯤꯡ ꯑꯗꯨꯒꯨꯝꯅ ꯕꯥꯘ ꯁꯨꯔꯨꯡꯁꯤꯡ ꯑꯁꯤ ꯕꯥꯘꯥꯅꯤꯒꯤ ꯀꯨꯝ ꯅꯥꯏꯕ ꯇꯨꯔꯦꯜ ꯃꯆꯥ ꯑꯗꯨ ꯂꯥꯜꯂꯒ ꯂꯩꯕ ꯆꯤꯡ ꯑꯃꯒꯤ ꯄꯔꯄꯦꯟꯗꯤꯀꯨꯂꯔ ꯑꯣꯏꯕ ꯁꯦꯟꯁ꯭ꯇꯣꯟꯒꯤ ꯅꯨꯡꯖꯥꯎꯒꯤ ꯃꯃꯥꯏ ꯑꯃꯗ ꯇꯧꯊꯣꯛꯈꯤꯕꯅꯤ꯫,ꯑꯖ ꯥꯟ ꯇꯥꯗ    ꯂꯩꯕ ꯁꯤꯡ    ꯑꯗꯨ ꯒꯨꯝꯅ    ꯕꯥ ꯘ   ꯁꯨꯔꯨꯡꯁꯤꯡ    ꯑꯁꯤ    ꯕꯥ ꯘꯥ ꯅꯤꯒꯤ    ꯀꯨ ꯝ    ꯅꯥꯏꯕ    ꯇꯨꯔꯦꯜ    ꯃꯆꯥ    ꯑꯗꯨ    ꯂꯥ ꯜꯂꯒ    ꯂꯩꯕ    ꯆꯤꯡ    ꯑꯃꯒꯤ    ꯄꯔ ꯄꯦꯟ ꯗꯤ ꯀꯨ ꯂꯔ    ꯑꯣꯏꯕ    ꯁꯦꯟ ꯁ꯭ꯇꯣ ꯟꯒꯤ    ꯅꯨꯡ ꯖꯥꯎ ꯒꯤ    ꯃꯃ ꯥꯏ    ꯑꯃꯗ    ꯇꯧ ꯊꯣꯛ ꯈꯤꯕꯅꯤ꯫ ,126,43
683,ꯔꯥꯖ꯭ꯌ ꯑꯁꯤꯗ ꯏꯪ ꯱꯹꯶꯹ꯗ ꯂꯤꯡꯈꯠꯈꯤꯕ ꯇꯨꯔꯤꯖꯝꯒꯤ ꯇꯣꯉꯥꯟꯕ ꯗꯤꯄꯥꯔꯠꯃꯦꯟ꯭ꯇ ꯑꯃ ꯂꯩ ꯑꯗꯨꯕꯨ ꯇꯨꯔꯤꯖꯝ ꯌꯣꯛꯈꯠꯅꯕ ꯁꯔꯀꯥꯔꯒꯤ ꯂꯨꯞ ꯑꯃ ꯑꯣꯏꯔꯤꯕ ꯃꯍꯥꯔꯥꯁꯇ꯭ꯔ ꯁ꯭ꯇꯦꯠ ꯇꯨꯔꯤꯖꯝ ꯗꯤꯚꯦꯂꯞꯃꯦꯟ꯭ꯇ ꯀꯣꯔꯄꯣꯔꯦꯁꯟ (ꯑꯦꯝ,ꯔꯥꯖ꯭ꯌ    ꯑꯁꯤꯗ    ꯏꯪ    ꯱꯹꯶ ꯹ꯗ    ꯂꯤꯡꯈꯠꯈꯤꯕ    ꯇꯨꯔꯤꯖ ꯝꯒꯤ    ꯇꯣꯉꯥꯟꯕ    ꯗꯤꯄꯥꯔꯠ ꯃꯦꯟ ꯭ꯇ    ꯑꯃ    ꯂꯩ    ꯑꯗꯨꯕꯨ    ꯇꯨꯔꯤꯖ ꯝ    ꯌꯣꯛꯈꯠ ꯅꯕ    ꯁꯔꯀꯥꯔꯒꯤ    ꯂꯨꯞ    ꯑꯃ    ꯑꯣꯏꯔꯤꯕ    ꯃꯍꯥꯔꯥꯁꯇ꯭ꯔ   ꯁ꯭ꯇꯦꯠ    ꯇꯨꯔꯤꯖ ꯝ    ꯗꯤ ꯚꯦ ꯂ ꯞ ꯃꯦꯟ ꯭ꯇ    ꯀꯣꯔꯄꯣꯔꯦꯁꯟ    ( ꯑꯦ ꯝ ,133,37
684,ꯇꯤ,ꯇꯤ ,2,1
685,ꯗꯤ,ꯗꯤ ,2,1
686,ꯁꯤ,ꯁꯤ ,2,1
687,) ꯑꯁꯤ ꯏꯪ ꯱꯹꯷꯵ꯗ ꯂꯤꯡꯈꯠꯈꯤ꯫,)    ꯑꯁꯤ    ꯏꯪ    ꯱꯹꯷ ꯵ꯗ    ꯂꯤꯡꯈꯠꯈꯤ꯫ ,19,6
688,"ꯃꯈꯜ ꯀꯌꯥꯒꯤ ꯆꯠꯅꯕꯤ ꯑꯃꯁꯨꯡ ꯊꯥꯏꯅꯗꯒꯤ ꯂꯥꯛꯄ ꯂꯥꯏꯅꯤꯡ ꯂꯥꯏꯁꯣꯜ ꯑꯃꯁꯨꯡ ꯃꯈꯜ ꯀꯌꯥꯒꯤ ꯃꯍꯧꯁꯥꯒꯤ ꯄꯨꯛꯅꯤꯡ ꯍꯨꯅꯤꯡꯉꯥꯏ ꯑꯣꯏꯕꯁꯤꯡ ꯑꯁꯤꯅ ꯂꯝꯀꯣꯏꯕ ꯂꯥꯛꯄ ꯃꯤꯗ ꯇꯨꯔꯤꯖꯝꯒꯤ ꯊꯕꯛꯀꯤ ꯀꯥꯡꯂꯨꯞ ꯑꯁꯤ ꯚꯥꯔꯠꯇ ꯌꯥꯝꯅ ꯆꯥꯎꯈꯠꯄꯒꯤ ꯑꯣꯏꯊꯣꯛꯄ ꯌꯥꯕꯁꯤꯡ ꯂꯩ, ꯑꯗꯨꯕꯨ ꯃꯥꯂꯦꯝꯒꯤ ꯑꯣꯏꯕ ꯇꯨꯔꯤꯖꯝꯒꯤ ꯐꯤꯕꯝ ꯑꯁꯤꯒ ꯆꯥꯡꯗꯝꯅꯔꯒꯗꯤ ꯊꯧꯗꯥꯡ ꯑꯗꯨ ꯄꯤꯛꯂꯤ꯫","ꯃꯈꯜ    ꯀꯌꯥꯒꯤ    ꯆꯠꯅꯕꯤ    ꯑꯃꯁꯨꯡ    ꯊꯥꯏ ꯅꯗꯒꯤ    ꯂꯥꯛꯄ    ꯂꯥꯏꯅꯤꯡ    ꯂꯥꯏꯁꯣ ꯜ    ꯑꯃꯁꯨꯡ    ꯃꯈꯜ    ꯀꯌꯥꯒꯤ    ꯃꯍꯧꯁꯥꯒꯤ    ꯄꯨꯛꯅꯤꯡ    ꯍꯨ ꯅꯤꯡꯉꯥꯏ    ꯑꯣꯏ ꯕꯁꯤꯡ    ꯑꯁꯤꯅ    ꯂꯝꯀꯣꯏ ꯕ    ꯂꯥꯛꯄ    ꯃꯤꯗ    ꯇꯨꯔꯤꯖ ꯝꯒꯤ    ꯊꯕ ꯛꯀꯤ    ꯀꯥꯡꯂꯨꯞ    ꯑꯁꯤ    ꯚꯥꯔꯠꯇ    ꯌꯥꯝꯅ    ꯆꯥꯎꯈꯠ ꯄꯒꯤ    ꯑꯣꯏꯊꯣꯛꯄ    ꯌꯥ ꯕꯁꯤꯡ    ꯂꯩ,    ꯑꯗꯨꯕꯨ    ꯃꯥꯂꯦꯝꯒꯤ    ꯑꯣꯏꯕ    ꯇꯨꯔꯤꯖ ꯝꯒꯤ    ꯐꯤꯕꯝ    ꯑꯁꯤꯒ    ꯆꯥꯡꯗꯝꯅ ꯔꯒ ꯗꯤ    ꯊꯧꯗꯥꯡ    ꯑꯗꯨ    ꯄꯤꯛ ꯂꯤ꯫ ",210,52
689,ꯇꯨꯔꯤꯖꯝ ꯑꯁꯤ ꯲꯰ ꯁꯨꯕ ꯆꯍꯤꯆꯥꯒꯤ ꯈ꯭ꯋꯥꯏꯗꯒꯤ ꯆꯥꯎꯕ ꯒ꯭ꯂꯣꯕꯜ ꯏꯟꯗꯁꯇ꯭ꯔꯤ ꯑꯣꯏꯅ ꯊꯣꯛꯂꯛꯂꯈꯤ ꯑꯃꯗꯤ ꯲꯱ ꯁꯨꯕ ꯆꯍꯤꯆꯥꯗ ꯑꯃꯨꯛꯀ ꯍꯦꯟꯅ ꯌꯥꯡꯅ ꯆꯥꯎꯈꯠꯂꯛꯀꯅꯤ ꯍꯥꯏꯅ ꯄꯥꯅꯩ꯫,ꯇꯨꯔꯤꯖ ꯝ    ꯑꯁꯤ    ꯲꯰    ꯁꯨꯕ    ꯆꯍꯤꯆꯥꯒꯤ    ꯈ꯭ꯋꯥꯏꯗꯒꯤ    ꯆꯥꯎꯕ    ꯒ꯭ꯂꯣ ꯕꯜ    ꯏꯟꯗꯁꯇ꯭ꯔꯤ    ꯑꯣꯏꯅ    ꯊꯣꯛꯂꯛ ꯂ ꯈꯤ    ꯑꯃꯗꯤ    ꯲ ꯱    ꯁꯨꯕ    ꯆꯍꯤꯆꯥꯗ    ꯑꯃꯨ ꯛ ꯀ    ꯍꯦꯟꯅ    ꯌꯥꯡ ꯅ    ꯆꯥꯎꯈꯠꯂꯛ ꯀꯅꯤ    ꯍꯥꯏꯅ    ꯄꯥ ꯅꯩ꯫ ,106,31
690,ꯇꯨꯔꯤꯖꯝ ꯑꯁꯤ ꯑꯩꯈꯣꯏꯒꯤ ꯁꯤꯟꯅꯤ ꯑꯗꯨꯕꯨ ꯇꯨꯔ ꯈꯨꯗꯤꯡ ꯑꯁꯤ ꯂꯝ ꯀꯣꯏꯕ ꯃꯤꯑꯣꯏꯒꯤ ꯅꯤꯡꯁꯤꯡꯐꯝꯅꯤ꯫,ꯇꯨꯔꯤꯖ ꯝ    ꯑꯁꯤ    ꯑꯩꯈ ꯣꯏꯒꯤ    ꯁꯤꯟ ꯅꯤ    ꯑꯗꯨꯕꯨ    ꯇꯨ ꯔ    ꯈꯨ ꯗꯤꯡ    ꯑꯁꯤ    ꯂꯝ    ꯀꯣꯏ ꯕ    ꯃꯤꯑꯣꯏ ꯒꯤ    ꯅꯤꯡꯁꯤꯡ ꯐꯝ ꯅꯤ꯫ ,61,21
691,"ꯂꯝ ꯀꯣꯏꯕꯒꯤ ꯆꯦ-ꯆꯥꯡꯁꯤꯡꯒꯤ ꯃꯅꯨꯡꯗ ꯄꯥꯁꯄꯣꯔꯠ, ꯚꯤꯖꯥ, ꯀꯔꯦꯟꯁꯤ ꯁꯔꯇꯤꯐꯤꯀꯦꯠ ꯅꯠꯇ꯭ꯔꯒ ꯄꯥꯁꯄꯣꯔꯠ ꯑꯗꯨꯗ ꯀꯔꯦꯟꯁꯤꯒꯤ ꯑꯦꯟꯗꯣꯔꯁꯃꯦꯟ꯭ꯇ, ꯂꯝꯀꯣꯏꯕꯒꯤ ꯏꯟꯁꯨꯔꯦꯟꯁ, ꯑꯔꯥꯛꯄ ꯁꯦꯜꯒꯤ ꯈꯥꯖꯅꯥꯒꯤ ꯆꯦꯔꯣꯜꯁꯤꯡ, ꯍꯛꯁꯦꯜꯒꯤ ꯁꯔꯇꯤꯐꯤꯀꯦꯠ, ꯑꯁꯤꯅꯆꯤꯡꯕ ꯌꯥꯎꯋꯤ꯫","ꯂꯝ    ꯀꯣꯏ ꯕꯒꯤ    ꯆꯦ - ꯆꯥꯡ ꯁꯤꯡꯒꯤ    ꯃꯅꯨꯡꯗ    ꯄꯥ ꯁ ꯄꯣꯔ ꯠ,    ꯚꯤ ꯖꯥ ,    ꯀꯔ ꯦꯟ ꯁꯤ    ꯁꯔ ꯇꯤꯐꯤ ꯀꯦꯠ    ꯅꯠꯇ꯭ꯔꯒ    ꯄꯥ ꯁ ꯄꯣꯔꯠ    ꯑꯗꯨꯗ    ꯀꯔ ꯦꯟ ꯁꯤꯒꯤ    ꯑꯦꯟ ꯗꯣ ꯔ ꯁ ꯃꯦꯟ ꯭ ꯇ,    ꯂꯝꯀꯣꯏ ꯕꯒꯤ    ꯏꯟꯁꯨꯔꯦꯟ ꯁ,    ꯑ ꯔꯥꯛ ꯄ    ꯁꯦꯜꯒꯤ    ꯈꯥ ꯖ ꯅꯥꯒꯤ    ꯆꯦ ꯔꯣ ꯜ ꯁꯤꯡ,    ꯍꯛ ꯁꯦꯜꯒꯤ    ꯁꯔ ꯇꯤꯐꯤ ꯀꯦ ꯠ,    ꯑꯁꯤꯅꯆꯤꯡꯕ    ꯌꯥꯎꯋꯤ꯫ ",164,59
692,"ꯍꯥꯏꯔꯤꯕ ꯀꯨꯝꯍꯩꯁꯤꯡ ꯑꯁꯤꯒꯤ ꯃꯅꯨꯡꯗ ꯈꯔꯗꯤ ꯑꯦꯂꯣꯔꯥ ꯀꯨꯝꯍꯩ, ꯄꯨꯅꯦ ꯒꯅꯦꯁ ꯀꯨꯝꯍꯩ, ꯘꯥꯔꯥꯄꯨꯔꯤ ꯀꯨꯝꯍꯩ, ꯃꯨꯔꯨꯗ (ꯔꯥꯏꯒꯔ)ꯀꯤ ꯄꯔꯌꯥꯇꯟ ꯃꯍꯣꯠꯁꯕ ꯑꯃꯗꯤ ꯑꯇꯩꯁꯤꯡꯅꯤ꯫","ꯍꯥꯏꯔꯤꯕ    ꯀꯨꯝꯍꯩꯁꯤꯡ    ꯑꯁꯤꯒꯤ    ꯃꯅꯨꯡꯗ    ꯈꯔꯗꯤ    ꯑꯦ ꯂꯣ ꯔꯥ    ꯀꯨꯝꯍꯩ ,    ꯄꯨ ꯅꯦ    ꯒ ꯅꯦꯁ    ꯀꯨꯝꯍꯩ ,    ꯘ ꯥꯔꯥ ꯄꯨꯔꯤ    ꯀꯨꯝꯍꯩ ,    ꯃꯨ ꯔꯨ ꯗ    ( ꯔꯥꯏ ꯒꯔ ) ꯀꯤ    ꯄꯔ ꯌꯥ ꯇꯟ    ꯃ ꯍꯣꯠ ꯁ ꯕ    ꯑꯃꯗꯤ    ꯑꯇ ꯩ ꯁꯤꯡꯅꯤ꯫ ",107,40
693,"ꯀꯣꯔꯄꯣꯔꯦꯁꯟ ꯑꯁꯤꯒꯤ ꯂꯝꯖꯤꯡ ꯃꯈꯥꯗ, ꯇꯨꯔꯤꯁꯠ ꯍꯣꯝꯁꯤꯡ, ꯔꯤꯖꯣꯔꯠꯁꯤꯡ, ꯑꯃꯗꯤ ꯍꯣꯇꯦꯜꯁꯤꯡ ꯑꯁꯤ ꯂꯥꯛꯂꯤꯕꯁꯤꯡ ꯂꯩꯍꯟꯅꯕ ꯑꯃꯗꯤ ꯑꯀꯨꯞꯄ ꯃꯔꯣꯜꯁꯤꯡ ꯄꯤꯅꯕ ꯑꯃꯗꯤ ꯒꯥꯏꯗꯦꯗ ꯇꯨꯔꯁꯤꯡ ꯁꯤꯜ-ꯂꯥꯡꯅꯕ ꯂꯝꯀꯣꯏꯐꯝ ꯀꯌꯥ ꯑꯃꯗꯒꯤ ꯆꯂꯥꯏꯔꯤ꯫","ꯀꯣꯔꯄꯣꯔꯦꯁꯟ    ꯑꯁꯤꯒꯤ    ꯂꯝꯖꯤꯡ    ꯃꯈꯥ ꯗ,    ꯇꯨ ꯔꯤ ꯁꯠ    ꯍꯣ ꯝ ꯁꯤꯡ,    ꯔꯤ ꯖꯣꯔ ꯠꯁꯤꯡ,    ꯑꯃꯗꯤ    ꯍꯣ ꯇꯦ ꯜꯁꯤꯡ    ꯑꯁꯤ    ꯂꯥꯛ ꯂꯤ ꯕꯁꯤꯡ    ꯂꯩ ꯍꯟꯅꯕ    ꯑꯃꯗꯤ    ꯑꯀꯨꯞꯄ    ꯃꯔꯣ ꯜꯁꯤꯡ    ꯄꯤꯅꯕ    ꯑꯃꯗꯤ    ꯒꯥꯏ ꯗꯦ ꯗ    ꯇꯨꯔ ꯁꯤꯡ    ꯁꯤꯜ- ꯂꯥꯡ ꯅꯕ    ꯂꯝꯀꯣꯏ ꯐꯝ    ꯀꯌꯥ    ꯑꯃꯗꯒꯤ    ꯆꯂꯥꯏ ꯔꯤ꯫ ",144,44
694,ꯃꯁꯤ ꯑꯐꯕꯒ ꯂꯣꯏꯅꯅ ꯐꯠꯇꯕꯁꯨ ꯑꯣꯏꯕ ꯌꯥꯏ꯫,ꯃꯁꯤ    ꯑꯐ ꯕꯒ    ꯂꯣꯏꯅꯅ    ꯐꯠꯇ ꯕꯁꯨ    ꯑꯣꯏꯕ    ꯌꯥꯏ꯫ ,26,8
695,"ꯄ꯭ꯂꯥꯟꯅꯤꯡ ꯑꯃꯗꯤ ꯀꯟꯇ꯭ꯔꯣꯜꯂꯤꯡ ꯃꯦꯀꯥꯅꯤꯖꯝꯁꯤꯡ ꯌꯥꯎꯗ꯭ꯔꯗꯤ, ꯇꯨꯔꯤꯖꯝ ꯆꯥꯎꯈꯠꯂꯛꯄꯗꯨ ꯈꯨꯅꯥꯏꯒꯤ, ꯅꯥꯠꯀꯤ ꯑꯃꯗꯤ ꯁꯦꯟꯃꯤꯠꯂꯣꯟꯒꯤ ꯃꯍꯧꯁꯥꯗ ꯑꯀꯥꯏꯕ ꯂꯥꯛꯄꯅ ꯊꯨꯞꯆꯤꯟꯈꯤꯕ ꯌꯥꯏ, ꯃꯗꯨꯅ ꯂꯝꯀꯣꯏꯕꯁꯤꯡ ꯑꯃꯗꯤ ꯈꯨꯟꯗꯥꯔꯤꯕꯁꯤꯡꯒꯤ ꯃꯔꯤꯗ ꯃꯃꯤ ꯇꯥꯔꯛꯀꯅꯤ꯫","ꯄ꯭ꯂꯥꯟ ꯅꯤꯡ    ꯑꯃꯗꯤ    ꯀꯟꯇ꯭ꯔꯣ ꯜꯂꯤ ꯡ    ꯃꯦ ꯀꯥ ꯅꯤ ꯖ ꯝꯁꯤꯡ    ꯌꯥꯎ ꯗ꯭ꯔ ꯗꯤ,    ꯇꯨꯔꯤꯖ ꯝ    ꯆꯥꯎꯈꯠꯂꯛ ꯄ ꯗꯨ    ꯈꯨ ꯅꯥꯏ ꯒꯤ,    ꯅꯥꯠꯀꯤ    ꯑꯃꯗꯤ    ꯁꯦꯟꯃꯤꯠꯂꯣꯟꯒꯤ    ꯃꯍꯧꯁꯥ ꯗ    ꯑꯀꯥꯏꯕ    ꯂꯥꯛ ꯄꯅ    ꯊꯨ ꯞ ꯆꯤꯟ ꯈꯤꯕ    ꯌꯥꯏ,    ꯃꯗꯨꯅ    ꯂꯝꯀꯣꯏ ꯕꯁꯤꯡ    ꯑꯃꯗꯤ    ꯈꯨ ꯟꯗ ꯥꯔꯤ ꯕꯁꯤꯡꯒꯤ    ꯃꯔꯤ ꯗ    ꯃꯃꯤ    ꯇꯥꯔꯛ ꯀꯅꯤ꯫ ",160,48
696,ꯐꯤꯊꯨꯞꯁꯤꯡ ꯅꯠꯇ꯭ꯔꯒ ꯀꯥꯂꯤꯁ ꯑꯗꯨꯅ ꯄꯟꯆ ꯕꯨꯗꯙ ꯅꯠꯇ꯭ꯔꯒ ꯄꯟꯆ ꯔꯠꯅꯥ ꯑꯗꯨ ꯈꯨꯗꯝ ꯑꯣꯏꯅ ꯇꯥꯛꯏ꯫,ꯐꯤ ꯊꯨ ꯞꯁꯤꯡ    ꯅꯠꯇ꯭ꯔꯒ    ꯀꯥ ꯂꯤꯁ    ꯑꯗꯨꯅ    ꯄꯟ ꯆ    ꯕꯨꯗ ꯙ    ꯅꯠꯇ꯭ꯔꯒ    ꯄꯟ ꯆ    ꯔ ꯠ ꯅꯥ    ꯑꯗꯨ    ꯈꯨꯗꯝ    ꯑꯣꯏꯅ    ꯇꯥꯛꯏ꯫ ,59,21
697,"ꯅꯣꯡꯄꯣꯛꯇ, ꯑꯇꯣꯞꯄꯁꯤꯡꯒꯤ ꯃꯔꯛꯇ ꯄꯥꯗꯝ, ꯄꯥꯁꯤ, ꯃꯤꯟꯌꯣꯡ ꯑꯃꯁꯨꯡ ꯕꯣꯀꯥꯔ ꯌꯥꯎꯅ ꯑꯥꯗꯤ ꯑꯁꯤ ꯐꯨꯔꯨꯞ ꯃꯈꯜ ꯀꯌꯥꯒ ꯂꯩꯕ ꯐꯪꯉꯤ꯫","ꯅꯣꯡꯄꯣꯛ ꯇ,    ꯑꯇꯣꯞꯄ ꯁꯤꯡꯒꯤ    ꯃꯔꯛꯇ    ꯄꯥ ꯗꯝ ,    ꯄꯥ ꯁꯤ ,    ꯃꯤꯟ ꯌꯣ ꯡ    ꯑꯃꯁꯨꯡ    ꯕꯣ ꯀꯥꯔ    ꯌꯥꯎꯅ    ꯑꯥ ꯗꯤ    ꯑꯁꯤ    ꯐꯨꯔꯨ ꯞ    ꯃꯈꯜ    ꯀꯌꯥꯒ    ꯂꯩꯕ    ꯐꯪ ꯉꯤ꯫ ",79,28
698,"ꯌꯨꯔꯣꯞꯀꯤ ꯂꯣꯏꯆꯟꯕꯁꯤꯡ ꯑꯗꯨꯅ ꯃꯈꯣꯏꯒꯤ ꯈꯨꯗꯨꯝ ꯆꯟꯕꯒꯤ ꯄꯥꯟꯗꯝꯒꯤ ꯈꯨꯗꯝ ꯇꯥꯛꯄ, ꯂꯩꯉꯥꯛ ꯅꯠꯇ꯭ꯔꯒ ꯂꯥꯏꯅꯤꯡꯗ ꯀꯠꯊꯣꯛꯄ ꯌꯨꯝꯁꯥ-ꯀꯩꯁꯥꯒꯤ ꯃꯑꯣꯡ ꯑꯃ ꯁꯦꯝꯈꯤ꯫","ꯌꯨꯔꯣꯞꯀꯤ    ꯂꯣꯏ ꯆꯟ ꯕꯁꯤꯡ    ꯑꯗꯨꯅ    ꯃꯈꯣꯏꯒꯤ    ꯈꯨꯗꯨꯝ    ꯆꯟ ꯕꯒꯤ    ꯄꯥꯟꯗ ꯝꯒꯤ    ꯈꯨꯗꯝ    ꯇꯥꯛ ꯄ,    ꯂꯩꯉꯥꯛ    ꯅꯠꯇ꯭ꯔꯒ    ꯂꯥꯏꯅꯤꯡ ꯗ    ꯀꯠ ꯊꯣꯛꯄ    ꯌꯨꯝꯁꯥ-ꯀꯩ ꯁꯥꯒꯤ    ꯃꯑꯣꯡ    ꯑꯃ    ꯁꯦꯝꯈꯤ꯫ ",100,25
699,"ꯔꯥꯒꯥꯁꯤꯡ, ꯔꯪꯒꯤꯂꯥ ꯆꯧꯄꯥꯗꯤ, ꯑꯁꯤꯅꯆꯤꯡꯕꯗ ꯁꯩꯊꯥꯔꯤꯕ ꯚꯖꯟ, ꯖꯅꯟ ꯑꯃꯁꯨꯡ ꯑꯣꯔꯤꯌꯥꯒꯤ ꯏꯁꯩꯁꯤꯡ ꯑꯁꯤ ꯇꯌꯥꯡ ꯇꯌꯥꯡꯕ ꯀ꯭ꯂꯥꯁꯤꯀꯦꯜ ꯏꯁꯩ ꯅꯣꯡꯃꯥꯏꯒꯤ ꯃꯈꯥꯗ ꯆꯜꯂꯤ, ꯃꯁꯤꯅ ꯑꯣꯔꯤꯌꯥ ꯏꯁꯩ ꯅꯣꯡꯃꯥꯏꯒꯤ ꯃꯔꯨꯑꯣꯏꯕ ꯁꯔꯨꯛ ꯑꯣꯏ꯫","ꯔꯥ ꯒꯥ ꯁꯤꯡ,    ꯔ ꯪ ꯒꯤ ꯂꯥ    ꯆꯧ ꯄꯥ ꯗꯤ,    ꯑꯁꯤꯅꯆꯤꯡ ꯕꯗ    ꯁꯩ ꯊ ꯥꯔꯤꯕ    ꯚ ꯖ ꯟ,    ꯖꯅ ꯟ    ꯑꯃꯁꯨꯡ    ꯑꯣꯔꯤ ꯌꯥꯒꯤ    ꯏꯁꯩꯁꯤꯡ    ꯑꯁꯤ    ꯇ ꯌꯥ ꯡ    ꯇ ꯌꯥꯡ ꯕ    ꯀ꯭ꯂꯥꯁꯤꯀꯦꯜ    ꯏꯁꯩ    ꯅꯣꯡ ꯃꯥꯏꯒꯤ    ꯃꯈꯥꯗ    ꯆ ꯜꯂꯤ,    ꯃꯁꯤꯅ    ꯑꯣꯔꯤ ꯌꯥ    ꯏꯁꯩ    ꯅꯣꯡ ꯃꯥꯏꯒꯤ    ꯃꯔꯨꯑꯣꯏꯕ    ꯁꯔꯨꯛ    ꯑꯣꯏ꯫ ",140,47
700,ꯃꯍꯥꯛꯀꯤ ꯍꯣꯠꯅꯕꯗꯒꯤ ꯃꯥꯏꯄꯥꯛꯇꯨꯅ ꯐꯪꯈꯤꯕ ꯑꯊꯣꯏꯕꯁꯤꯡꯒ ꯂꯣꯏꯅꯅ ꯃꯍꯥꯛꯀꯤ ꯋꯥꯍꯩꯅ ꯁꯤꯡꯊꯥꯕ ꯉꯝꯗ꯭ꯔꯕ ꯃꯔꯥꯏꯕꯛ ꯑꯃꯁꯨꯡ ꯃꯍꯥꯛꯀꯤ ꯃꯁꯣꯡ ꯃꯃꯥꯟꯅꯕꯁꯤꯡꯒꯤ ꯊꯥꯒꯠꯄ ꯑꯁꯤ ꯄꯨꯟꯁꯤꯟꯕꯁꯤꯅ ꯃꯁꯤꯒꯤ ꯃꯍꯩ ꯑꯁꯤ ꯄꯨꯊꯣꯛꯄ ꯑꯣꯏꯔꯝꯕ ꯌꯥꯏ꯫,ꯃꯍꯥꯛꯀꯤ    ꯍꯣꯠ ꯅꯕ ꯗꯒꯤ    ꯃꯥꯏꯄꯥꯛ ꯇꯨꯅ    ꯐꯪꯈꯤꯕ    ꯑꯊꯣꯏ ꯕ ꯁꯤꯡꯒ    ꯂꯣꯏꯅꯅ    ꯃꯍꯥꯛꯀꯤ    ꯋꯥꯍꯩ ꯅ    ꯁꯤꯡ ꯊꯥꯕ    ꯉꯝ ꯗ꯭ꯔꯕ    ꯃꯔ ꯥꯏ ꯕꯛ    ꯑꯃꯁꯨꯡ    ꯃꯍꯥꯛꯀꯤ    ꯃ ꯁꯣ ꯡ    ꯃꯃ ꯥꯟ ꯅꯕ ꯁꯤꯡꯒꯤ    ꯊꯥꯒꯠꯄ    ꯑꯁꯤ    ꯄꯨꯟꯁꯤꯟ ꯕ ꯁꯤꯅ    ꯃꯁꯤꯒꯤ    ꯃꯍꯩ    ꯑꯁꯤ    ꯄꯨꯊꯣꯛꯄ    ꯑꯣꯏꯔꯝꯕ    ꯌꯥꯏ꯫ ,142,41
701,ꯈꯃꯦꯔ ꯅꯤꯡꯊꯧ ꯂꯩꯕꯥꯛꯀꯤ ꯃꯇꯝꯗꯒꯤ ꯍꯧꯅ ꯒꯪꯒꯥ ꯑꯁꯤ ꯀꯦꯝꯕꯣꯗꯤꯌꯥꯗ ꯏꯀꯥꯏꯈꯨꯝꯅꯗꯨꯅ ꯂꯥꯛꯂꯤ꯫,ꯈ ꯃꯦ ꯔ    ꯅꯤꯡꯊꯧ    ꯂꯩꯕꯥꯛꯀꯤ    ꯃꯇꯝꯗꯒꯤ    ꯍꯧꯅ    ꯒꯪꯒꯥ    ꯑꯁꯤ    ꯀꯦꯝ ꯕꯣ ꯗꯤ ꯌꯥꯗ    ꯏꯀꯥꯏ ꯈꯨꯝ ꯅꯗꯨꯅ    ꯂꯥꯛꯂꯤ꯫ ,59,17
702,"ꯒꯣꯋꯥꯒꯤ ꯁꯦꯝ ꯁꯥꯗꯨꯅ ꯎꯠꯄ ꯃꯍꯧꯁꯥꯒꯤ ꯁꯛꯇꯝꯅ ꯂꯥꯏꯅꯤꯡꯗ ꯆꯥꯟꯅꯅ ꯂꯩꯕ ꯑꯗꯨ ꯗꯣꯂꯥꯏ ꯑꯃꯅ ꯃꯈꯥꯇꯥꯔꯛꯇꯨꯅ ꯗꯤꯄꯥꯁ꯭ꯇꯥꯝꯚꯥ, ꯀꯔꯣꯁ ꯑꯗꯨ ꯑꯃꯁꯨꯡ ꯒꯣꯔꯦ ꯃꯣꯗꯅꯤꯗ ꯄꯨꯛꯅꯤꯡ ꯆꯪꯗꯨꯅ ꯎꯠꯂꯤ ꯫","ꯒꯣ ꯋꯥꯒꯤ    ꯁꯦꯝ    ꯁꯥ ꯗꯨꯅ    ꯎꯠꯄ    ꯃꯍꯧꯁꯥꯒꯤ    ꯁꯛꯇ ꯝꯅ    ꯂꯥꯏꯅꯤꯡ ꯗ    ꯆꯥꯟ ꯅꯅ    ꯂꯩꯕ    ꯑꯗꯨ    ꯗꯣ ꯂꯥꯏ    ꯑꯃꯅ    ꯃꯈꯥ ꯇꯥꯔ ꯛꯇꯨꯅ    ꯗꯤ ꯄꯥ ꯁ꯭ꯇꯥ ꯝ ꯚꯥ ,    ꯀꯔꯣ ꯁ    ꯑꯗꯨ    ꯑꯃꯁꯨꯡ    ꯒꯣ ꯔꯦ    ꯃꯣ ꯗ ꯅꯤꯗ    ꯄꯨꯛꯅꯤꯡ    ꯆꯪ ꯗꯨꯅ    ꯎꯠꯂꯤ    ꯫ ",115,41
703,ꯃꯍꯥꯛꯅ ꯏꯁꯨ ꯑꯁꯤ ꯀꯨꯞꯅ ꯊꯤꯖꯤꯟꯕ ꯂꯥꯏꯔꯤꯛ ꯃꯤꯖꯣ ꯉꯦ ꯏꯖꯔꯦꯜ,ꯃꯍꯥꯛꯅ    ꯏ ꯁꯨ    ꯑꯁꯤ    ꯀꯨꯞꯅ    ꯊꯤ ꯖꯤꯟꯕ    ꯂꯥꯏꯔꯤꯛ    ꯃꯤꯖꯣ   ꯉ ꯦ    ꯏ ꯖ ꯔꯦꯜ ,38,14
704,"(""ꯃꯤꯖꯣ ꯅꯠꯇ꯭ꯔꯒ ꯏꯖꯔꯦꯂꯤ","( "" ꯃꯤꯖꯣ   ꯅꯠꯇ꯭ꯔꯒ    ꯏ ꯖ ꯔꯦ ꯂꯤ ",18,8
705,""") (ꯏꯪ ꯲꯰꯰꯴) ꯑꯗꯨ ꯏꯈꯤ꯫",""" )    ( ꯏꯪ    ꯲꯰꯰ ꯴ )    ꯑꯗꯨ    ꯏꯈꯤ꯫ ",17,9
706,"ꯃꯥꯟꯅꯕ ꯄ꯭ꯔꯣꯇꯣ-ꯏꯟꯗꯣ-ꯏꯔꯥꯟꯅꯤꯌꯥꯟ ꯂꯣꯟꯗꯒꯤ ꯃꯊꯪ ꯃꯊꯪ ꯂꯥꯛꯄ ꯑꯣꯏꯗꯨꯅ ꯕꯦꯗꯤꯛ ꯁꯟꯁꯀ꯭ꯔꯤꯠ ꯑꯃꯁꯨꯡ ꯒꯥꯊꯤꯛ ꯑꯕꯦꯁꯇꯥꯟ, ꯃꯁꯤꯒꯤ ꯂꯣꯟꯁꯤꯡ ꯑꯁꯤꯒꯤ ꯈ꯭ꯋꯥꯏꯗꯒꯤ ꯑꯍꯥꯟꯕ ꯆꯦꯆꯟ ꯑꯣꯏꯕ ꯃꯥꯑꯣꯡꯁꯤꯡ ꯑꯁꯤ ꯌꯥꯝꯅ ꯅꯤꯡꯁꯤꯡꯅꯤꯡꯉꯥꯏ ꯑꯣꯏꯕ ꯃꯥꯑꯣꯡꯗ ꯃꯥꯟꯅꯩ꯫","ꯃꯥꯟꯅꯕ    ꯄ꯭ꯔꯣ ꯇꯣ - ꯏꯟꯗꯣ -ꯏ ꯔꯥꯟ ꯅꯤ ꯌꯥꯟ    ꯂꯣꯟ ꯗꯒꯤ    ꯃꯊꯪ    ꯃꯊꯪ    ꯂꯥꯛꯄ    ꯑꯣꯏꯗꯨꯅ    ꯕꯦꯗꯤ ꯛ    ꯁꯟ ꯁ ꯀ꯭ꯔꯤ ꯠ    ꯑꯃꯁꯨꯡ    ꯒꯥ ꯊꯤ ꯛ    ꯑ ꯕ ꯦꯁ ꯇꯥꯟ ,    ꯃꯁꯤꯒꯤ    ꯂꯣꯟꯁꯤꯡ    ꯑꯁꯤꯒꯤ    ꯈ꯭ꯋꯥꯏꯗꯒꯤ    ꯑꯍꯥꯟꯕ    ꯆꯦ ꯆ ꯟ    ꯑꯣꯏꯕ    ꯃꯥ ꯑꯣ ꯡꯁꯤꯡ    ꯑꯁꯤ    ꯌꯥꯝꯅ    ꯅꯤꯡꯁꯤꯡ ꯅꯤꯡꯉꯥꯏ    ꯑꯣꯏꯕ    ꯃꯥ ꯑꯣ ꯡꯗ    ꯃꯥꯟꯅꯩ꯫ ",159,51
707,"ꯈꯥꯊꯪꯕ ꯚꯥꯔꯠꯇ, ꯁꯤꯝꯍꯥꯕꯤꯁꯅꯨꯗꯒꯤ ꯍꯧꯕ ꯄꯥꯜꯂꯕꯥ ꯃꯇꯝ ꯑꯁꯤ (꯵꯷꯵ ꯁꯤꯏꯤ -꯹꯰꯰ ꯁꯤꯏꯤ) ꯅꯤꯡꯁꯤꯡ ꯈꯨꯗꯝ ꯑꯣꯏꯕ ꯐꯨꯔꯥ, ꯑꯜꯕꯥꯔꯁꯤꯡ ꯑꯃꯁꯨꯡ ꯅꯥꯌꯥꯅꯥꯔꯁꯤꯡꯒꯤ (ꯚꯛꯇꯤ) ꯀꯥꯡꯂꯨꯞ ꯂꯤꯡꯈꯠꯄ, ꯂꯣꯌꯥꯂꯝꯒꯤ ꯁꯟꯁꯀ꯭ꯔꯤꯠ ꯇꯝꯕꯒꯤ ꯚ꯭ꯔꯥꯍꯃꯥꯟꯒꯤ ꯑꯣꯏꯅ ꯂꯤꯡꯈꯠꯄ ꯂꯨꯞꯇ ꯂꯩ ꯊꯥꯕ, ꯑꯃꯁꯨꯡ ꯂꯝꯅ ꯈꯥꯏꯗꯣꯛꯄ ꯑꯔꯤꯕ ꯐꯨꯔꯨꯞ ꯑꯃꯒꯤ ꯂꯨꯆꯤꯡꯕ ꯑꯃꯒꯤ ꯃꯈꯥꯗ ꯃꯁꯥꯒꯤ ꯆꯠꯅꯕꯤ ꯂꯩꯕ ꯄꯥꯜꯂꯕꯥ ꯃꯇꯝꯒꯤ ꯃꯃꯥꯡ ꯑꯗꯨ ꯂꯣꯏꯁꯤꯟꯈꯤꯕ ꯈꯨꯅꯥꯏ ꯃꯈꯜ ꯀꯌꯥꯒꯤ ꯃꯤꯑꯣꯏꯒꯤ ꯂꯝꯗ ꯆꯥꯀ꯭ꯔꯥꯕꯥꯔꯇꯤꯟ ꯃꯥꯑꯣꯡꯒꯤ ꯅꯤꯡꯊꯧ ꯄꯥꯟꯕ ꯂꯤꯡꯈꯠꯈꯤꯕ ꯑꯁꯤ ꯈꯥꯊꯪꯕ ꯚꯥꯔꯠꯀꯤ ꯈꯨꯅꯥꯏꯒꯤ ꯍꯣꯡꯉꯛꯄꯒꯤ ꯇꯥꯡꯀꯛ ꯑꯃꯅꯤ","ꯈꯥ ꯊꯪꯕ    ꯚꯥꯔ ꯠꯇ,    ꯁꯤꯝ ꯍꯥ ꯕꯤꯁ ꯅꯨ ꯗꯒꯤ    ꯍꯧꯕ    ꯄꯥ ꯜꯂ ꯕꯥ    ꯃꯇꯝ    ꯑꯁꯤ    ( ꯵ ꯷ ꯵    ꯁꯤ ꯏ ꯤ    - ꯹ ꯰꯰    ꯁꯤ ꯏ ꯤ )    ꯅꯤꯡꯁꯤꯡ    ꯈꯨꯗꯝ    ꯑꯣꯏꯕ    ꯐꯨ ꯔꯥ ,    ꯑꯜ ꯕꯥꯔ ꯁꯤꯡ    ꯑꯃꯁꯨꯡ    ꯅꯥ ꯌꯥꯅ ꯥꯔ ꯁꯤꯡꯒꯤ    ( ꯚ ꯛ ꯇꯤ )    ꯀꯥꯡꯂꯨꯞ    ꯂꯤꯡꯈꯠ ꯄ,    ꯂꯣ ꯌꯥ ꯂꯝꯒꯤ    ꯁꯟ ꯁ ꯀ꯭ꯔꯤ ꯠ    ꯇꯝꯕꯒꯤ    ꯚ ꯭ꯔ ꯥ ꯍ ꯃꯥꯟ ꯒꯤ    ꯑꯣꯏꯅ    ꯂꯤꯡꯈꯠ ꯄ    ꯂꯨ ꯞꯇ    ꯂꯩ    ꯊꯥ ꯕ,    ꯑꯃꯁꯨꯡ    ꯂꯝ ꯅ    ꯈꯥꯏꯗꯣꯛꯄ    ꯑꯔꯤꯕ    ꯐꯨꯔꯨ ꯞ    ꯑꯃꯒꯤ    ꯂꯨꯆꯤꯡꯕ    ꯑꯃꯒꯤ    ꯃꯈꯥꯗ    ꯃꯁꯥꯒꯤ    ꯆꯠꯅꯕꯤ    ꯂꯩꯕ    ꯄꯥ ꯜꯂ ꯕꯥ    ꯃꯇꯝꯒꯤ    ꯃꯃꯥꯡ    ꯑꯗꯨ    ꯂꯣꯏꯁꯤꯟ ꯈꯤꯕ    ꯈꯨ ꯅꯥꯏ    ꯃꯈꯜ    ꯀꯌꯥꯒꯤ    ꯃꯤꯑꯣꯏ ꯒꯤ    ꯂꯝꯗ    ꯆꯥ ꯀ꯭ꯔꯥ ꯕꯥꯔ ꯇꯤꯟ    ꯃꯥ ꯑꯣ ꯡꯒꯤ    ꯅꯤꯡꯊꯧ    ꯄꯥꯟꯕ    ꯂꯤꯡꯈꯠꯈꯤꯕ    ꯑꯁꯤ    ꯈꯥ ꯊꯪꯕ    ꯚꯥꯔꯠꯀꯤ    ꯈꯨ ꯅꯥꯏꯒꯤ    ꯍꯣꯡ ꯉꯛ ꯄꯒꯤ    ꯇꯥꯡꯀꯛ    ꯑꯃꯅꯤ ",349,123
708,"꯲꯰ ꯁꯨꯕ ꯆꯥꯍꯤ ꯆꯥꯗ ꯒꯣꯗꯥꯕꯥꯔꯤꯁ ꯃꯣꯍꯥꯄꯥꯇ꯭ꯔꯥ, ꯀꯥꯂꯤꯟꯗꯤ ꯆꯥꯔꯥꯅ ꯄꯥꯅꯤꯒ꯭ꯔꯥꯍꯤ, ꯀꯟꯍꯨ ꯆꯔꯟ ꯃꯣꯍꯟꯇꯤ (꯱꯹꯰꯶-꯱꯹꯹꯴), ꯒꯣꯗꯥꯕꯥꯔꯤꯁ ꯃꯤꯁꯔꯥ, ꯒꯣꯄꯤꯅꯥꯊ ꯃꯣꯍꯟꯇꯤ (꯱꯹꯱꯴-꯱꯹꯹꯱), ꯁꯥꯆꯤꯗꯥꯅꯟꯗ ꯔꯧꯇ꯭ꯔꯦ (꯱꯹꯱꯶-꯲꯰꯰꯴), ꯁꯤꯇꯥꯀꯥꯟꯇ ꯃꯍꯥꯄꯥꯇ꯭ꯔꯥ (꯱꯹꯳꯷ꯒꯤ ꯁꯦꯞꯇꯦꯝꯕꯔ ꯱꯷ꯇ ꯄꯣꯛꯄ), ꯁꯨꯔꯦꯟꯗ꯭ꯔ ꯃꯣꯍꯟꯇꯤ, ꯃꯅꯣꯖ ꯗꯥꯁ, ꯀꯤꯁꯣꯔꯤ ꯆꯔꯟ ꯗꯥꯁ, ꯔꯥꯃꯀꯥꯟꯇ ꯔꯥꯊ (꯱꯹꯳꯴ꯒꯤ ꯗꯤꯁꯦꯝꯕꯔ ꯱꯳ꯗ ꯄꯣꯛꯄ), ꯕꯤꯅꯥꯄꯥꯅꯤ ꯃꯣꯍꯟꯇꯤ, ꯖꯒꯥꯗꯤꯁ ꯃꯣꯍꯟꯇꯤ, ꯁꯥꯔꯣꯖꯤꯅꯤ ꯁꯥꯍꯨ, ꯔꯥꯖꯦꯟꯗ꯭ꯔ ꯀꯤꯁꯣꯔ ꯄꯥꯟꯗꯥ, ꯄꯗꯃꯥꯖ ꯄꯥꯜ, ꯔꯥꯝꯆꯟꯗ꯭ꯔꯥ ꯕꯦꯍꯦꯔꯥ, ꯄ꯭ꯔꯥꯇꯤꯚꯥ ꯁꯥꯠꯄꯥꯊꯤ, ꯅꯟꯗꯤꯅꯤ ꯁꯥꯍꯨ, ꯗꯦꯕꯔꯥꯖ ꯁꯥꯃꯥꯟꯇ꯭ꯔꯦ ꯑꯁꯤ ꯑꯣꯔꯤꯌꯥ ꯈꯣꯏꯔꯤꯔꯣꯜ ꯁꯦꯝꯈꯤꯕ ꯃꯤꯡ ꯈꯔꯅꯤ꯫","꯲꯰    ꯁꯨꯕ    ꯆꯥ ꯍꯤ    ꯆꯥꯗ    ꯒꯣ ꯗꯥ ꯕ ꯥꯔꯤ ꯁ    ꯃꯣ ꯍꯥ ꯄꯥ ꯇ꯭ꯔꯥ ,    ꯀꯥ ꯂꯤ ꯟ ꯗꯤ    ꯆ ꯥꯔꯥ ꯅ    ꯄꯥ ꯅꯤ ꯒ꯭ꯔꯥ ꯍꯤ ,    ꯀꯟ ꯍꯨ    ꯆꯔ ꯟ    ꯃꯣ ꯍꯟ ꯇꯤ    ( ꯱꯹꯰ ꯶ - ꯱꯹꯹ ꯴ ),    ꯒꯣ ꯗꯥ ꯕ ꯥꯔꯤ ꯁ    ꯃꯤ ꯁ ꯔꯥ ,    ꯒꯣ ꯄꯤ ꯅꯥꯊ    ꯃꯣ ꯍꯟ ꯇꯤ    ( ꯱꯹ ꯱꯴ - ꯱꯹꯹ ꯱ ),    ꯁꯥ ꯆꯤ ꯗꯥ ꯅꯟꯗ    ꯔ ꯧ ꯇ꯭ꯔꯦ   ( ꯱꯹ ꯱꯶ - ꯲꯰꯰ ꯴ ),    ꯁꯤ ꯇꯥ ꯀꯥꯟ ꯇ    ꯃꯍꯥ ꯄꯥ ꯇ꯭ꯔ ꯥ    ( ꯱꯹꯳ ꯷ꯒꯤ    ꯁꯦꯞꯇꯦꯝꯕꯔ    ꯱꯷ ꯇ    ꯄꯣꯛ ꯄ ),    ꯁꯨꯔ ꯦꯟ ꯗ꯭ꯔ    ꯃꯣ ꯍꯟ ꯇꯤ,    ꯃꯅ ꯣ ꯖ    ꯗꯥ ꯁ,    ꯀꯤ ꯁꯣ ꯔꯤ    ꯆꯔ ꯟ    ꯗꯥ ꯁ,    ꯔꯥ ꯃ ꯀꯥꯟ ꯇ    ꯔꯥ ꯊ    ( ꯱꯹꯳ ꯴ꯒꯤ    ꯗꯤꯁꯦꯝꯕꯔ    ꯱ ꯳ꯗ    ꯄꯣꯛ ꯄ ),    ꯕꯤ ꯅꯥ ꯄꯥ ꯅꯤ    ꯃꯣ ꯍꯟ ꯇꯤ,    ꯖ ꯒꯥ ꯗꯤ ꯁ    ꯃꯣ ꯍꯟ ꯇꯤ,    ꯁꯥꯔ ꯣ ꯖꯤ ꯅꯤ    ꯁꯥ ꯍꯨ ,    ꯔꯥꯖꯦꯟ ꯗ꯭ꯔ    ꯀꯤ ꯁꯣꯔ    ꯄꯥꯟ ꯗꯥ,    ꯄꯗ ꯃꯥ ꯖ    ꯄꯥ ꯜ,    ꯔꯥꯝ ꯆꯟꯗ꯭ꯔ ꯥ    ꯕꯦ ꯍꯦ ꯔꯥ ,    ꯄ꯭ꯔꯥ ꯇꯤ ꯚ ꯥ    ꯁꯥ ꯠ ꯄꯥ ꯊꯤ ,    ꯅꯟ ꯗꯤ ꯅꯤ    ꯁꯥ ꯍꯨ ,    ꯗꯦꯕ ꯔꯥꯖ    ꯁꯥ ꯃꯥꯟ ꯇ꯭ꯔꯦ   ꯑꯁꯤ    ꯑꯣꯔꯤ ꯌꯥ    ꯈꯣꯏ ꯔꯤ ꯔꯣꯜ    ꯁꯦꯝꯈꯤꯕ    ꯃꯤꯡ    ꯈꯔ ꯅꯤ꯫ ",415,196
709,"ꯏ꯭ꯁꯂꯥꯝꯃꯤꯛ ꯕꯦꯡꯒꯥꯂꯤ ꯑꯁꯤ ꯃꯨꯒꯜ ꯋꯥꯌꯦꯜꯁꯪꯗꯒꯤ ꯄꯣꯠ ꯑꯗꯨ ꯌꯥꯔꯦ ꯍꯩꯏꯕ ꯋꯥꯐꯝꯁꯤꯡ ꯐꯪꯈꯤꯕ ꯃꯈꯣꯏꯒꯤ ꯈ꯭ꯋꯥꯏꯗꯒꯤ ꯐꯕ ꯂꯪꯖꯝ ꯐꯤ ꯑꯃꯁꯨꯡ ꯁꯥꯔꯤ, ꯃꯌꯥꯝꯅ ꯈꯪꯅꯕꯗ ꯖꯥꯝꯗꯅꯤ, ꯄꯨꯊꯣꯛꯄꯒꯤꯗꯃꯛ ꯈꯪꯅꯈꯤ꯫","ꯏ ꯭ꯁ ꯂꯥ ꯝ ꯃꯤꯛ    ꯕꯦꯡ ꯒꯥ ꯂꯤ    ꯑꯁꯤ    ꯃꯨꯒꯜ    ꯋꯥꯌꯦꯜꯁꯪ ꯗꯒꯤ    ꯄꯣꯠ    ꯑꯗꯨ    ꯌꯥ ꯔꯦ    ꯍꯩ ꯏꯕ    ꯋꯥꯐꯝꯁꯤꯡ    ꯐꯪꯈꯤꯕ    ꯃꯈꯣꯏꯒꯤ    ꯈ꯭ꯋꯥꯏꯗꯒꯤ    ꯐꯕ    ꯂꯪ ꯖꯝ    ꯐꯤ    ꯑꯃꯁꯨꯡ    ꯁ ꯥꯔꯤ ,    ꯃꯌꯥꯝꯅ    ꯈꯪꯅ ꯕꯗ    ꯖꯥ ꯝ ꯗ ꯅꯤ,    ꯄꯨꯊꯣꯛ ꯄ ꯒꯤꯗꯃꯛ    ꯈꯪ ꯅꯈꯤ꯫ ",125,42
710,"꯷꯹꯷ ꯑꯦꯗꯤ ꯗ(ꯅꯠꯇ꯭ꯔꯒ ꯑꯣꯏꯊꯣꯛꯄ ꯌꯥꯕꯗ ꯸꯰꯱ ꯑꯦꯗꯤ), ꯕꯥꯒꯗꯥꯗꯀꯤ ꯑ꯭ꯕꯕꯥꯁꯤꯙ ꯈꯥꯂꯤꯐ, ꯍꯥꯔꯨꯟ ꯑꯜ-ꯔꯥꯁꯤꯗꯅ ꯆꯥꯔꯂꯦꯃꯥꯒꯅꯦꯕꯨ ꯑꯕꯨꯜ-ꯑ꯭ꯕꯕꯥꯁ ꯀꯧꯕ ꯑꯦꯁꯤꯌꯥꯒꯤ ꯁꯥꯃꯨ ꯑꯃꯒ ꯏꯁꯤꯡꯒꯤ ꯘꯥꯔꯤꯒꯤ ""ꯌꯥꯝꯅ ꯁꯥꯟꯗꯣꯛꯅ ꯇꯥꯛꯄ ꯈꯨꯗꯝ"" ꯑꯃꯒ ꯂꯣꯏꯅꯅ ꯈꯨꯗꯣꯜ ꯇꯝꯈꯤ꯫","꯷ ꯹ ꯷    ꯑꯦ ꯗꯤ    ꯗ ( ꯅꯠꯇ꯭ꯔꯒ    ꯑꯣꯏꯊꯣꯛꯄ    ꯌꯥ ꯕꯗ    ꯸ ꯰ ꯱    ꯑꯦꯗꯤ ),    ꯕꯥ ꯒ ꯗꯥ ꯗꯀꯤ    ꯑ ꯭ ꯕ ꯕꯥ ꯁꯤ ꯙ    ꯈꯥ ꯂꯤ ꯐ ,    ꯍꯥꯔ ꯨ ꯟ    ꯑ ꯜ- ꯔꯥ ꯁꯤ ꯗꯅ    ꯆꯥꯔ ꯂꯦ ꯃꯥ ꯒ ꯅꯦ ꯕꯨ    ꯑ ꯕꯨ ꯜ -ꯑ ꯭ ꯕ ꯕꯥ ꯁ    ꯀꯧꯕ    ꯑꯦꯁꯤꯌꯥꯒꯤ    ꯁꯥ ꯃꯨ    ꯑꯃꯒ    ꯏꯁꯤꯡꯒꯤ    ꯘ ꯥꯔꯤ ꯒꯤ    "" ꯌꯥꯝꯅ    ꯁꯥꯟ ꯗꯣꯛ ꯅ    ꯇꯥꯛꯄ    ꯈꯨꯗ ꯝ ""    ꯑꯃꯒ    ꯂꯣꯏꯅꯅ    ꯈꯨꯗꯣꯜ    ꯇꯝ ꯈꯤ꯫ ",163,75
711,"ꯈꯨꯅꯥꯏꯒꯤ ꯑꯐꯕ ꯊꯥꯛꯇ ꯂꯩꯕ ꯕ꯭ꯔꯤꯇꯦꯟꯒꯤ ꯅꯨꯄꯤꯁꯤꯡ ꯇꯥꯡꯉꯤ: ꯏꯪ ꯱꯷꯸꯵ꯗ ꯁꯔꯖꯟ ꯖꯣꯟ ꯁ꯭ꯇꯤꯋꯥꯔꯠꯅ ꯆꯥꯎꯟꯄꯣꯔꯗꯒꯤ ꯃꯍꯥꯛꯀꯤ ꯃꯅꯥꯎꯅꯨꯄꯥꯗ ""ꯃꯐꯝ ꯑꯁꯤꯒꯤ ꯅꯨꯄꯤ ꯑꯅꯝꯕ ꯑꯁꯤ ꯂꯗꯒꯦꯠ ꯍꯤꯜꯗ ꯂꯩꯕ ꯃꯤꯂꯤꯅꯔꯁ ꯗꯨꯀꯥꯟꯁꯤꯡ ꯑꯃꯁꯨꯡ ꯀꯣꯟꯚꯦꯟꯇ ꯒꯥꯔꯗꯦꯟ ꯑꯃꯁꯨꯡ ꯑꯣꯜ ꯗ꯭ꯔꯨꯔꯤ (꯱꯸ꯁꯨꯕ ꯆꯍꯤ ꯆꯥꯒꯤ ꯑꯊꯦꯡꯕ ꯇꯥꯡꯀꯛꯀꯤ ꯂꯟꯗꯟꯗ ꯑꯣꯛꯇꯕ ꯊꯕꯛ ꯇꯧꯕꯒꯤ ꯃꯌꯥꯝꯅ ꯈꯪꯅꯕ ꯃꯐꯝ)ꯗꯒꯤ ꯏꯔꯥꯡ ꯇꯧꯕ ꯂꯥꯛꯄꯁꯤꯡꯅꯤ"" ꯍꯥꯏꯅ ꯏꯈꯤ꯫","ꯈꯨ ꯅꯥꯏꯒꯤ    ꯑꯐꯕ    ꯊꯥꯛꯇ    ꯂꯩꯕ    ꯕ꯭ꯔꯤꯇꯦꯟ ꯒꯤ    ꯅꯨꯄꯤ ꯁꯤꯡ    ꯇꯥꯡ ꯉꯤ :    ꯏꯪ    ꯱꯷ ꯸ ꯵ꯗ    ꯁꯔ ꯖꯟ    ꯖꯣꯟ    ꯁ꯭ꯇꯤ ꯋꯥꯔ ꯠꯅ    ꯆꯥꯎ ꯟ ꯄꯣꯔ ꯗꯒꯤ    ꯃꯍꯥꯛꯀꯤ    ꯃꯅꯥꯎ ꯅꯨꯄꯥ ꯗ    "" ꯃꯐꯝ    ꯑꯁꯤꯒꯤ    ꯅꯨꯄꯤ    ꯑ ꯅꯝꯕ    ꯑꯁꯤ    ꯂ ꯗ ꯒꯦ ꯠ    ꯍꯤ ꯜꯗ    ꯂꯩꯕ    ꯃꯤꯂꯤ ꯅꯔ ꯁ    ꯗꯨꯀꯥꯟ ꯁꯤꯡ    ꯑꯃꯁꯨꯡ    ꯀꯣꯟ ꯚꯦꯟ ꯇ    ꯒꯥꯔ ꯗꯦꯟ    ꯑꯃꯁꯨꯡ    ꯑꯣ ꯜ    ꯗ꯭ꯔ ꯨ ꯔꯤ    ( ꯱꯸ ꯁꯨꯕ    ꯆꯍꯤ    ꯆꯥ ꯒꯤ    ꯑ ꯊꯦꯡ ꯕ    ꯇꯥꯡꯀ ꯛꯀꯤ    ꯂꯟꯗ ꯟꯗ    ꯑꯣ ꯛꯇ ꯕ    ꯊꯕꯛ    ꯇꯧꯕꯒꯤ    ꯃꯌꯥꯝꯅ    ꯈꯪꯅꯕ    ꯃꯐꯝ ) ꯗꯒꯤ    ꯏ ꯔꯥꯡ    ꯇꯧꯕ    ꯂꯥꯛ ꯄ ꯁꯤꯡ ꯅꯤ ""    ꯍꯥꯏꯅ    ꯏꯈꯤ꯫ ",250,94
712,ꯀꯔꯤꯒꯨꯝꯕ ꯑꯇꯣꯞꯄ ꯃꯐꯝꯗ ꯁꯤꯕ ꯊꯣꯛꯈ꯭ꯔꯕꯗꯤ ꯎꯠꯁꯤꯡ ꯑꯗꯨ ꯒꯪꯒꯥꯗ ꯂꯨꯞꯇꯨꯅ ꯑꯔꯥꯟ-ꯈꯨꯕꯝ ꯐꯪꯕ ꯌꯥꯏ꯫,ꯀꯔꯤꯒꯨꯝꯕ    ꯑꯇꯣꯞꯄ    ꯃꯐꯝꯗ    ꯁꯤꯕ    ꯊꯣꯛ ꯈ꯭ꯔ ꯕꯗꯤ    ꯎꯠ ꯁꯤꯡ    ꯑꯗꯨ    ꯒꯪ ꯒ ꯥꯗ    ꯂꯨꯞ ꯇꯨꯅ    ꯑꯔ ꯥꯟ - ꯈꯨ ꯕꯝ    ꯐꯪꯕ    ꯌꯥꯏ꯫ ,63,22
713,"ꯋꯥꯔꯦꯡ ꯑꯁꯤꯅ ꯏꯪ ꯱꯹꯸꯹ꯒꯤ ꯇꯤꯌꯥꯅꯟꯃꯦꯟ ꯏꯁꯀ꯭ꯋꯥꯔꯒꯤ ꯃꯤꯍꯥꯠ, ꯆꯤꯌꯔꯃꯦꯟ ꯃꯥꯎ ꯖꯦꯗꯣꯡꯒꯤ ꯀꯜꯆꯔꯦꯜ ꯔꯤꯚꯣꯂꯨꯁꯟ, ꯍꯣꯡ ꯀꯣꯡꯒꯤ ꯅꯤꯡꯇꯝꯕꯒꯤ ꯂꯥꯟꯖꯪ ꯑꯃꯁꯨꯡ ꯖꯤꯟꯖꯤꯌꯥꯡ ꯑꯃꯁꯨꯡ ꯇꯤꯕꯦꯠꯀꯤ ꯆꯠꯅꯕꯤ ꯅꯥꯠ ꯑꯃꯇ ꯑꯣꯏꯅ ꯂꯩꯔꯤꯕ ꯐꯨꯔꯨꯞꯀꯤ ꯂꯩꯇꯥꯗꯕꯁꯤꯡ ꯌꯥꯎꯅ ꯆꯥꯏꯅꯥꯗ ꯇꯧꯍꯩꯗꯕꯁꯤꯡꯅꯦ ꯍꯥꯏꯅ ꯂꯧꯕ ꯍꯤꯔꯝꯁꯤꯡꯗ ꯄꯨꯛꯅꯤꯡ ꯆꯪꯈꯤ꯫","ꯋꯥꯔꯦ ꯡ    ꯑꯁꯤꯅ    ꯏꯪ    ꯱꯹꯸ ꯹ꯒꯤ    ꯇꯤ ꯌꯥꯅ ꯟ ꯃꯦꯟ    ꯏꯁ ꯀ꯭ ꯋꯥꯔꯒꯤ    ꯃꯤ ꯍꯥꯠ ,    ꯆꯤ ꯌ ꯔꯃ ꯦꯟ    ꯃ ꯥꯎ    ꯖꯦ ꯗ ꯣꯡ ꯒꯤ    ꯀꯜ ꯆꯔꯦꯜ    ꯔꯤ ꯚꯣ ꯂꯨ ꯁꯟ ,    ꯍꯣ ꯡ    ꯀꯣꯡ ꯒꯤ    ꯅꯤꯡ ꯇꯝꯕꯒꯤ    ꯂꯥꯟ ꯖ ꯪ    ꯑꯃꯁꯨꯡ    ꯖꯤꯟ ꯖꯤ ꯌꯥ ꯡ    ꯑꯃꯁꯨꯡ    ꯇꯤꯕꯦ ꯠꯀꯤ    ꯆꯠꯅꯕꯤ    ꯅꯥꯠ    ꯑꯃ ꯇ    ꯑꯣꯏꯅ    ꯂꯩꯔꯤꯕ    ꯐꯨꯔꯨ ꯞꯀꯤ    ꯂꯩ ꯇꯥ ꯗꯕꯁꯤꯡ    ꯌꯥꯎꯅ    ꯆꯥꯏ ꯅꯥꯗ    ꯇꯧ ꯍꯩ ꯗꯕ ꯁꯤꯡ ꯅꯦ    ꯍꯥꯏꯅ    ꯂꯧꯕ    ꯍꯤꯔꯝ ꯁꯤꯡꯗ    ꯄꯨꯛꯅꯤꯡ    ꯆꯪ ꯈꯤ꯫ ",202,76
714,ꯕ꯭ꯔꯤꯇꯤꯁ ꯅꯤꯡꯊꯧꯒꯤ ꯂꯥꯏꯌꯦꯛ ꯑꯗꯨ ꯑꯁꯣꯀꯥꯒꯤ ꯂꯥꯏꯑꯣꯟ ꯀꯦꯄꯤꯇꯦꯜ ꯑꯗꯨꯅ ꯃꯍꯨꯠ ꯁꯤꯟꯈꯤ꯫,ꯕ꯭ꯔꯤꯇꯤꯁ    ꯅꯤꯡꯊꯧꯒꯤ    ꯂꯥꯏ ꯌꯦꯛ    ꯑꯗꯨ    ꯑꯁꯣꯀꯥꯒꯤ    ꯂꯥꯏꯑꯣ ꯟ    ꯀꯦꯄꯤ ꯇꯦꯜ    ꯑꯗꯨꯅ    ꯃꯍꯨꯠ    ꯁꯤꯟꯈꯤ꯫ ,57,13
715,ꯄ꯭ꯂꯤꯅꯤ ꯗ ꯑꯦꯜꯗꯔꯅ ꯈꯟꯅꯔꯝꯕ ꯑꯔꯥꯞꯄ ꯑꯗꯨ ꯀꯤꯂꯣꯃꯤꯇꯔ ꯱꯲ (ꯃꯥꯏꯜ ꯷,ꯄ꯭ꯂꯤ ꯅꯤ    ꯗ    ꯑꯦꯜ ꯗꯔ ꯅ    ꯈꯟꯅ ꯔꯝꯕ    ꯑꯔꯥ ꯞꯄ    ꯑꯗꯨ    ꯀꯤꯂꯣꯃꯤꯇꯔ    ꯱꯲    (ꯃꯥꯏꯜ    ꯷ ,43,15
716,꯵)ꯅꯤ ꯑꯃꯁꯨꯡ ꯃꯗꯨꯒꯤ ꯄꯥꯟꯗꯝꯗꯤ ꯀꯦꯁꯇ꯭ꯔꯦꯟ ꯑꯃꯁꯨꯡ ꯍꯔꯃꯤꯌꯦꯟ ꯀꯪꯐꯥꯜꯅ ꯃꯥꯏꯀꯩ ꯑꯍꯨꯝꯗꯒꯤ ꯀꯣꯏꯁꯤꯟꯕꯁꯤꯡ ꯑꯗꯨ ꯁꯝꯖꯤꯟꯅꯕ ꯏ꯭ꯁꯊꯃꯁꯀꯤ ꯃꯔꯛꯇ ꯏꯔꯝ ꯑꯃ ꯐꯥꯠꯄꯅꯤ꯫,꯵ ) ꯅꯤ    ꯑꯃꯁꯨꯡ    ꯃꯗꯨꯒꯤ    ꯄꯥꯟꯗꯝ ꯗꯤ    ꯀꯦꯁ ꯇ꯭ꯔ ꯦꯟ    ꯑꯃꯁꯨꯡ    ꯍꯔ ꯃꯤꯌ ꯦꯟ    ꯀꯪ ꯐꯥ ꯜꯅ    ꯃꯥꯏꯀꯩ    ꯑꯍꯨꯝ ꯗꯒꯤ    ꯀꯣꯏ ꯁꯤꯟ ꯕꯁꯤꯡ    ꯑꯗꯨ    ꯁꯝ ꯖꯤꯟ ꯅꯕ    ꯏ ꯭ꯁ ꯊꯃ ꯁꯀꯤ    ꯃꯔꯛꯇ    ꯏ ꯔꯝ    ꯑꯃ    ꯐꯥ ꯠ ꯄꯅꯤ꯫ ,103,38
717,ꯑꯥꯔꯊꯁꯥꯁꯇ꯭ꯔꯒꯤ ꯃꯇꯨꯡ ꯏꯟꯅ (ꯃꯥꯁꯥ ꯱ = ꯔꯠꯇꯤ ꯵ꯒꯤ ꯁ꯭ꯇꯦꯟꯗꯔꯗꯇ ꯌꯨꯝꯐꯝ ꯑꯣꯏꯗꯨꯅ) ꯁ꯭ꯋꯔꯅꯥ ꯅꯠꯇ꯭ꯔꯒ ꯀꯔꯁꯥ ꯑꯃꯅ ꯔꯠꯇꯤ ꯸꯰ꯒ ꯃꯥꯟꯅꯔꯝꯃꯤ꯫,ꯑꯥꯔ ꯊ ꯁꯥ ꯁꯇ꯭ꯔ ꯒꯤ    ꯃꯇꯨꯡ    ꯏꯟꯅ    ( ꯃꯥ ꯁꯥ    ꯱    =   ꯔ ꯠ ꯇꯤ    ꯵ꯒꯤ    ꯁ꯭ꯇꯦꯟ ꯗꯔ ꯗꯇ    ꯌꯨꯝꯐꯝ    ꯑꯣꯏ ꯗꯨ ꯅ )    ꯁ꯭ ꯋꯔ ꯅꯥ    ꯅꯠꯇ꯭ꯔꯒ    ꯀꯔ ꯁꯥ    ꯑꯃꯅ    ꯔ ꯠ ꯇꯤ    ꯸ ꯰ ꯒ    ꯃꯥꯟꯅ ꯔꯝꯃꯤ꯫ ,89,39
718,ꯀꯨꯏꯗ꯭ꯔꯤꯕ ꯁꯤ꯱꯴ ꯃꯇꯝ ꯇꯥꯛꯄ ꯑꯃꯁꯨꯡ ꯃꯥꯋꯣꯡꯒꯤ ꯑꯣꯏꯕ ꯑꯥꯝꯔꯤ ꯲-ꯕꯤ ꯃꯇꯝꯒꯤ ꯆꯥꯐꯨ ꯆꯥꯡꯗꯝꯅꯕꯁꯤꯡ ꯑꯗꯨꯅ ꯑꯍꯥꯟꯕ ꯇꯥꯡꯀꯛ ꯑꯅꯤ ꯑꯗꯨ ꯄ꯭ꯔꯤ-ꯍꯥꯔꯥꯞꯄꯥꯟ ꯙꯣꯂꯥꯈꯤꯔꯥꯟ ꯀꯜꯆꯔ ꯍꯥꯏꯅ ꯃꯤꯡꯊꯣꯟꯒꯗꯧꯕꯅꯤ ꯑꯃꯁꯨꯡ ꯃꯇꯨꯡꯗ ꯏꯔꯤꯕ ꯑꯁꯨꯝꯅ ꯑꯃꯨꯛ ꯍꯟꯅ ꯇꯥꯡ ꯄꯤꯒꯗꯧꯕꯅꯤ: ꯏ꯭ꯁꯇꯦꯖ ꯱ (ꯈ꯭ꯔꯤꯁꯇꯒꯤ ꯃꯃꯥꯡ ꯳꯵꯰꯰-꯳꯲꯰꯰) ꯑꯃꯁꯨꯡ ꯏ꯭ꯁꯇꯦꯖ ꯲ (ꯈ꯭ꯔꯤꯁꯇ ꯃꯃꯥꯡ ꯳꯲꯰꯰-꯲꯶꯰꯰) ꯎꯠꯂꯤ꯫,ꯀꯨꯏ ꯗ꯭ꯔꯤꯕ    ꯁꯤ ꯱꯴    ꯃꯇꯝ    ꯇꯥꯛꯄ    ꯑꯃꯁꯨꯡ    ꯃꯥ ꯋ ꯣꯡ ꯒꯤ    ꯑꯣꯏꯕ    ꯑꯥ ꯝ ꯔꯤ    ꯲ - ꯕꯤ    ꯃꯇꯝꯒꯤ    ꯆꯥ ꯐꯨ    ꯆꯥꯡꯗꯝ ꯅꯕꯁꯤꯡ    ꯑꯗꯨꯅ    ꯑꯍꯥꯟꯕ    ꯇꯥꯡꯀꯛ    ꯑꯅꯤ    ꯑꯗꯨ    ꯄ꯭ꯔꯤ - ꯍ ꯥꯔꯥ ꯞꯄ ꯥꯟ    ꯙꯣ ꯂꯥ ꯈꯤ ꯔ ꯥꯟ    ꯀꯜ ꯆꯔ    ꯍꯥꯏꯅ    ꯃꯤꯡꯊꯣꯟ ꯒꯗꯧ ꯕꯅꯤ    ꯑꯃꯁꯨꯡ    ꯃꯇꯨꯡꯗ    ꯏ ꯔꯤꯕ    ꯑꯁꯨꯝꯅ    ꯑꯃꯨꯛ    ꯍꯟꯅ    ꯇꯥꯡ    ꯄꯤ ꯒꯗꯧ ꯕ ꯅꯤ :    ꯏ ꯭ ꯁꯇꯦ ꯖ    ꯱    ( ꯈ꯭ꯔꯤ ꯁꯇꯒꯤ    ꯃꯃꯥꯡ    ꯳ ꯵ ꯰꯰ - ꯳ ꯲꯰꯰ )    ꯑꯃꯁꯨꯡ    ꯏ ꯭ ꯁꯇꯦ ꯖ    ꯲    ( ꯈ꯭ꯔꯤꯁꯇ    ꯃꯃꯥꯡ    ꯳ ꯲꯰꯰ - ꯲꯶ ꯰꯰ )    ꯎꯠꯂꯤ꯫ ,231,90
719,"ꯔꯁꯤꯌꯥꯒꯤ ꯄꯨꯋꯥꯔꯤꯗ ꯍꯩꯊꯣꯏꯔꯕ ꯂꯦꯕ ꯒꯨꯃꯤꯂꯦꯕꯅ ꯑꯋꯥꯡꯗ ꯆꯥꯏꯅꯅ ꯀꯟꯅ ꯇꯛꯁꯟꯕ ꯑꯗꯨ ꯂꯦꯞꯐꯟꯕꯗ ꯖꯤꯑꯣꯡꯅꯨ, ꯃꯣꯡꯒꯣꯜꯁꯤꯡ (ꯃꯣꯡꯒꯣꯜ ꯅꯤꯡꯊꯧ ꯂꯩꯕꯥꯛ, ꯖꯨꯡꯍꯥꯔ ꯈꯥꯅꯦꯠ) ꯑꯃꯁꯨꯡ ꯇꯔꯀꯤꯛ ꯃꯤꯁꯤꯡ (ꯑꯍꯥꯟꯕ ꯇꯔꯀꯤꯛ ꯈꯥꯒꯥꯅꯦꯠ, ꯎꯤꯘꯨꯔ ꯈꯥꯒꯥꯅꯦꯠ)ꯅ ꯊꯧꯗꯥꯡ ꯂꯧꯈꯤ ꯍꯥꯏꯅ ꯏꯈꯤ꯫","ꯔꯁꯤ ꯌꯥꯒꯤ    ꯄꯨꯋꯥꯔꯤꯗ    ꯍꯩ ꯊꯣꯏ ꯔꯕ    ꯂꯦ ꯕ    ꯒꯨ ꯃꯤ ꯂꯦ ꯕꯅ    ꯑꯋ ꯥꯡꯗ    ꯆꯥꯏ ꯅꯅ    ꯀꯟꯅ    ꯇꯛ ꯁꯟ ꯕ    ꯑꯗꯨ    ꯂꯦꯞ ꯐ ꯟ ꯕꯗ    ꯖꯤꯑꯣ ꯡ ꯅꯨ ,    ꯃꯣꯡ ꯒꯣ ꯜꯁꯤꯡ    ( ꯃꯣꯡ ꯒꯣꯜ    ꯅꯤꯡꯊꯧ    ꯂꯩꯕꯥꯛ ,    ꯖ ꯨꯡ ꯍꯥꯔ    ꯈꯥ ꯅꯦꯠ )    ꯑꯃꯁꯨꯡ    ꯇꯔ ꯀꯤ ꯛ    ꯃꯤꯁꯤꯡ    ( ꯑꯍꯥꯟꯕ    ꯇꯔ ꯀꯤ ꯛ    ꯈꯥ ꯒꯥ ꯅꯦ ꯠ,    ꯎ ꯤ ꯘ ꯨ ꯔ    ꯈꯥ ꯒꯥ ꯅꯦꯠ )ꯅ    ꯊꯧꯗꯥꯡ    ꯂꯧꯈꯤ    ꯍꯥꯏꯅ    ꯏꯈꯤ꯫ ",172,71
720,ꯁꯟꯗꯥꯟꯁꯥ/ ꯁꯟꯗꯥꯝꯁꯥ (ꯐꯠꯇꯕ ꯇꯧꯕꯁꯤꯡꯒꯤ ꯅꯣꯔꯣꯛ): ꯚꯒꯕꯥꯇ ꯄꯨꯔꯥꯟꯅ ꯑꯃꯁꯨꯡ ꯗꯦꯕꯤ ꯚꯒꯕꯥꯇ ꯄꯨꯔꯥꯟꯅꯅ ꯆꯤꯔꯕ ꯇꯥꯟꯖ ꯅꯠꯇꯕ ꯃꯇꯝꯗ ꯚꯥꯃꯣꯟ ꯑꯃꯗꯒꯤ ꯍꯨꯕ ꯅꯠꯇ꯭ꯔꯒ ꯃꯤꯑꯣꯏ ꯑꯃꯗꯒꯤ ꯇꯝꯐꯥ ꯅꯠꯇ꯭ꯔꯒ ꯁꯅꯥ ꯍꯨꯔꯥꯟꯕ ꯃꯤꯑꯣꯏ ꯑꯗꯨ ꯅꯣꯔꯣꯛꯇ ꯐꯥꯖꯤꯟꯗꯨꯅ ꯂꯩ ꯍꯥꯏꯅ ꯇꯥꯛꯏ꯫,ꯁꯟ ꯗꯥꯟ ꯁꯥ /   ꯁꯟ ꯗꯥ ꯝ ꯁꯥ    ( ꯐꯠꯇꯕ    ꯇꯧ ꯕꯁꯤꯡꯒꯤ    ꯅꯣꯔ ꯣꯛ ) :    ꯚꯒ ꯕꯥ ꯇ    ꯄꯨꯔ ꯥꯟꯅ    ꯑꯃꯁꯨꯡ    ꯗꯦꯕꯤ    ꯚꯒ ꯕꯥ ꯇ    ꯄꯨꯔ ꯥꯟ ꯅꯅ    ꯆꯤ ꯔꯕ    ꯇꯥꯟ ꯖ    ꯅꯠꯇꯕ    ꯃꯇꯝꯗ    ꯚꯥ ꯃꯣ ꯟ    ꯑꯃꯗꯒꯤ    ꯍꯨ ꯕ    ꯅꯠꯇ꯭ꯔꯒ    ꯃꯤꯑꯣꯏ    ꯑꯃꯗꯒꯤ    ꯇꯝ ꯐ ꯥ    ꯅꯠꯇ꯭ꯔꯒ    ꯁꯅꯥ    ꯍꯨ ꯔ ꯥꯟꯕ    ꯃꯤꯑꯣꯏ    ꯑꯗꯨ    ꯅꯣꯔ ꯣꯛ ꯇ    ꯐꯥ ꯖꯤꯟꯗꯨꯅ    ꯂꯩ    ꯍꯥꯏꯅ    ꯇꯥꯛꯏ꯫ ,164,62
721,ꯏꯕꯒꯤ ꯃꯥꯑꯣꯡ ꯑꯗꯨꯒꯤ ꯈꯦꯠꯅꯕꯁꯤꯡ ꯑꯃꯁꯨꯡ ꯃꯐꯝ ꯈꯔꯗ ꯍꯤꯔꯝ ꯃꯥꯟꯅꯗꯕ ꯑꯁꯤꯅ ꯃꯔꯝ ꯑꯣꯏꯗꯨꯅ ꯁꯥꯔꯚꯥ-ꯗꯥꯔꯁꯅꯥ-ꯁꯤꯠꯙꯥꯟꯇ ꯁꯥꯟꯒ꯭ꯔꯍꯥꯒꯤ ꯄꯨꯟꯅꯃꯛ ꯁꯨꯔꯕ ꯑꯇꯦꯟꯕ ꯋꯥꯔꯣꯜ ꯑꯁꯤ ꯁꯡꯀꯔꯥꯅ ꯄꯨꯂꯞ ꯏꯕꯅꯤ ꯍꯥꯏꯕꯗꯨ ꯆꯤꯡꯅꯕ ꯈꯔ ꯂꯩ ꯍꯥꯏꯅ ꯄꯣꯜ ꯍꯦꯛꯀꯔ ꯐꯣꯡꯗꯣꯛꯈꯤ꯫,ꯏ ꯕꯒꯤ    ꯃꯥ ꯑꯣ ꯡ    ꯑꯗꯨꯒꯤ    ꯈꯦꯠ ꯅꯕꯁꯤꯡ    ꯑꯃꯁꯨꯡ    ꯃꯐꯝ    ꯈꯔꯗ    ꯍꯤꯔꯝ    ꯃꯥꯟꯅ ꯗꯕ    ꯑꯁꯤꯅ    ꯃꯔꯝ    ꯑꯣꯏꯗꯨꯅ    ꯁꯥꯔ ꯚꯥ - ꯗꯥꯔ ꯁ ꯅꯥ - ꯁꯤ ꯠ ꯙ ꯥꯟ ꯇ    ꯁꯥꯟ ꯒ꯭ꯔ ꯍꯥ ꯒꯤ    ꯄꯨꯟ ꯅ ꯃꯛ    ꯁꯨꯔꯕ    ꯑꯇꯦꯟꯕ    ꯋꯥꯔꯣꯜ    ꯑꯁꯤ    ꯁꯡ ꯀ ꯔꯥꯅ    ꯄꯨ ꯂ ꯞ    ꯏ ꯕꯅꯤ    ꯍꯥꯏꯕꯗꯨ    ꯆꯤꯡꯅꯕ    ꯈꯔ    ꯂꯩ    ꯍꯥꯏꯅ    ꯄꯣ ꯜ    ꯍꯦ ꯛ ꯀꯔ    ꯐꯣꯡꯗꯣꯛꯈꯤ꯫ ,159,59
722,"ꯋꯤꯂꯦꯝ ꯕꯥꯟ ꯁꯦꯟꯗꯦꯜ ꯑꯃꯁꯨꯡ ꯍꯦꯡꯀ ꯁꯨꯜꯇꯦ ꯅꯣꯔꯗꯍꯣꯜꯠꯀꯤ ꯃꯇꯨꯡ ꯏꯟꯅ, ꯀꯨꯝꯍꯩ ꯑꯗꯨ ꯕꯥꯡꯒꯂꯥꯗꯦꯁꯤꯁꯤꯡꯅ ꯏꯪ ꯱꯹꯵꯰ꯒꯤ ꯆꯍꯤ ꯇꯔꯥꯒꯤ ꯈꯨꯖꯤꯡ ꯑꯃꯁꯨꯡ ꯱꯹꯶꯰ꯒꯤ ꯆꯍꯤ ꯇꯔꯥꯒꯤ ꯈꯨꯖꯤꯡꯗ ꯄꯥꯀꯤꯁꯇꯥꯟꯒꯤ ꯂꯩꯉꯥꯛ ꯃꯨꯛꯅꯈꯤꯕ ꯑꯗꯨꯅ ꯃꯔꯝ ꯑꯣꯏꯗꯨꯅ ꯃꯈꯣꯏꯒꯤ ꯅꯥꯠꯀꯤ ꯑꯣꯏꯅ ꯆꯥꯎꯊꯣꯛꯆꯕ ꯑꯃꯁꯨꯡ ꯊꯥꯏꯅꯉꯥꯏꯗꯒꯤ ꯂꯩꯔꯛꯄ ꯑꯗꯨ ꯎꯠꯊꯣꯛꯄꯒꯤ ꯌꯥꯝꯅ ꯃꯃꯤꯡ ꯆꯠꯄ ꯃꯥꯑꯣꯡ ꯑꯃ ꯑꯣꯏꯈꯤ꯫","ꯋꯤ ꯂꯦ ꯝ    ꯕ ꯥꯟ    ꯁꯦꯟ ꯗꯦ ꯜ    ꯑꯃꯁꯨꯡ    ꯍꯦ ꯡ ꯀ    ꯁꯨꯜ ꯇꯦ    ꯅꯣꯔ ꯗ ꯍꯣꯜ ꯠꯀꯤ    ꯃꯇꯨꯡ    ꯏꯟꯅ,    ꯀꯨꯝꯍꯩ    ꯑꯗꯨ    ꯕꯥꯡ ꯒ ꯂꯥ ꯗꯦ ꯁꯤ ꯁꯤꯡꯅ    ꯏꯪ    ꯱꯹꯵ ꯰ꯒꯤ    ꯆꯍꯤ    ꯇꯔꯥꯒꯤ    ꯈꯨꯖꯤꯡ    ꯑꯃꯁꯨꯡ    ꯱꯹꯶ ꯰ꯒꯤ    ꯆꯍꯤ    ꯇꯔꯥꯒꯤ    ꯈꯨꯖꯤꯡꯗ    ꯄꯥꯀꯤꯁꯇꯥꯟꯒꯤ    ꯂꯩꯉꯥꯛ    ꯃꯨꯛ ꯅꯈꯤꯕ    ꯑꯗꯨꯅ    ꯃꯔꯝ    ꯑꯣꯏꯗꯨꯅ    ꯃꯈꯣꯏꯒꯤ    ꯅꯥꯠꯀꯤ    ꯑꯣꯏꯅ    ꯆꯥꯎ ꯊꯣꯛ ꯆꯕ    ꯑꯃꯁꯨꯡ    ꯊꯥꯏ ꯅ ꯉ ꯥꯏꯗꯒꯤ    ꯂꯩ ꯔꯛꯄ    ꯑꯗꯨ    ꯎꯠ ꯊꯣꯛꯄꯒꯤ    ꯌꯥꯝꯅ    ꯃꯃꯤꯡ    ꯆꯠꯄ    ꯃꯥ ꯑꯣ ꯡ    ꯑꯃ    ꯑꯣꯏꯈꯤ꯫ ",227,71
723,"ꯃꯍꯥꯛꯄꯨ ꯁꯦꯜꯖꯨꯛꯁꯤꯡꯅ ꯃꯥꯏꯊꯤꯕ ꯄꯤꯈꯤꯗꯨꯅ ꯌꯥꯝ ꯌꯥꯡꯅ ꯘꯨꯔꯤꯗ ꯁꯟꯗꯣꯛꯄ ꯑꯗꯨ ꯃꯇꯝ ꯈꯔꯒꯤ ꯂꯦꯞꯐꯜꯂꯨꯔꯕꯁꯨ, ꯑꯂꯥ ꯑꯜ-ꯗꯤꯟ ꯍꯨꯁꯥꯌꯟꯅ ꯘꯥꯖꯅꯥꯚꯤꯗꯒꯤ ꯉꯝꯈꯩꯗ ꯃꯥꯡ ꯇꯥꯛꯍꯟꯈꯤꯕ ꯊꯤꯕ ꯍꯨꯝꯕꯒꯤ ꯊꯕꯛ ꯑꯃ ꯍꯧꯗꯣꯛꯈꯤ ꯑꯃꯁꯨꯡ ꯃꯈꯣꯏꯒꯤ ꯀꯣꯅꯨꯡ ꯑꯗꯨ ꯂꯧꯊꯣꯛꯈꯤ ꯫","ꯃꯍꯥꯛꯄꯨ    ꯁꯦꯜ ꯖꯨ ꯛ ꯁꯤꯡꯅ    ꯃꯥꯏꯊꯤꯕ    ꯄꯤ ꯈꯤ ꯗꯨꯅ    ꯌꯥꯝ    ꯌꯥꯡ ꯅ    ꯘ ꯨ ꯔꯤꯗ    ꯁꯟꯗꯣꯛꯄ    ꯑꯗꯨ    ꯃꯇꯝ    ꯈꯔꯒꯤ    ꯂꯦꯞ ꯐ ꯜꯂꯨ ꯔꯕꯁꯨ,    ꯑ ꯂꯥ    ꯑ ꯜ- ꯗꯤꯟ    ꯍꯨ ꯁꯥ ꯌꯟꯅ    ꯘꯥ ꯖ ꯅꯥ ꯚꯤ ꯗꯒꯤ    ꯉꯝꯈꯩ ꯗ    ꯃꯥꯡ    ꯇꯥꯛ ꯍꯟꯈꯤꯕ    ꯊꯤꯕ    ꯍꯨꯝ ꯕꯒꯤ    ꯊꯕꯛ    ꯑꯃ    ꯍꯧꯗꯣꯛ ꯈꯤ    ꯑꯃꯁꯨꯡ    ꯃꯈꯣꯏꯒꯤ    ꯀꯣꯅꯨꯡ    ꯑꯗꯨ    ꯂꯧꯊꯣꯛ ꯈꯤ    ꯫ ",159,55
724,ꯄꯥꯜꯂꯕꯥ ꯁꯥꯕꯁꯤꯡꯒꯤ ꯈ꯭ꯋꯥꯏꯗꯒꯤ ꯑꯍꯥꯟꯕ ꯈꯨꯗꯝꯁꯤꯡ ꯑꯁꯤ ꯈꯔꯤꯁꯠꯇ ꯀꯨꯝꯖꯥ ꯶꯱꯰ ꯗꯒꯤ ꯈꯔꯤꯁꯠꯇ ꯀꯨꯝꯖꯥ ꯶꯹꯰ ꯐꯥꯎꯕ ꯃꯇꯝ ꯇꯥꯛꯄ ꯅꯨꯡ ꯀꯛꯄꯂꯥꯏꯁꯪꯁꯤꯡꯅꯤ ꯑꯃꯁꯨꯡ ꯈꯔꯤꯁꯠꯇ ꯀꯨꯝꯖꯥ ꯶꯹꯰ ꯑꯃꯁꯨꯡ ꯈꯔꯤꯁꯠꯇ ꯀꯨꯝꯖꯥ ꯹꯰꯰ꯒꯤ ꯃꯑꯣꯡ ꯃꯔꯤꯟꯒꯤ ꯑꯣꯏꯕ ꯂꯥꯏꯁꯪꯁꯤꯡꯅꯤ꯫,ꯄꯥ ꯜꯂ ꯕꯥ    ꯁꯥ ꯕꯁꯤꯡꯒꯤ    ꯈ꯭ꯋꯥꯏꯗꯒꯤ    ꯑꯍꯥꯟꯕ    ꯈꯨꯗ ꯝꯁꯤꯡ    ꯑꯁꯤ    ꯈ ꯔꯤ ꯁ ꯠꯇ    ꯀꯨꯝꯖꯥ    ꯶ ꯱꯰    ꯗꯒꯤ    ꯈ ꯔꯤ ꯁ ꯠꯇ    ꯀꯨꯝꯖꯥ    ꯶ ꯹ ꯰    ꯐꯥꯎꯕ    ꯃꯇꯝ    ꯇꯥꯛꯄ    ꯅꯨꯡ    ꯀ ꯛꯄ ꯂꯥꯏꯁꯪ ꯁꯤꯡꯅꯤ    ꯑꯃꯁꯨꯡ    ꯈ ꯔꯤ ꯁ ꯠꯇ    ꯀꯨꯝꯖꯥ    ꯶ ꯹ ꯰    ꯑꯃꯁꯨꯡ    ꯈ ꯔꯤ ꯁ ꯠꯇ    ꯀꯨꯝꯖꯥ    ꯹ ꯰꯰ꯒꯤ    ꯃꯑꯣꯡ    ꯃꯔꯤ ꯟꯒꯤ    ꯑꯣꯏꯕ    ꯂꯥꯏꯁꯪ ꯁꯤꯡꯅꯤ꯫ ,160,57
725,ꯁꯥꯂꯥꯟꯀꯌꯥꯅꯥꯁ ꯑꯁꯤ ꯒꯣꯗꯥꯕꯥꯔꯤ ꯑꯃꯁꯨꯡ ꯀ꯭ꯔꯤꯁꯅꯒꯤ ꯃꯔꯛꯀꯤ ꯚꯦꯡꯒꯤ (ꯍꯧꯖꯤꯛꯅ ꯄꯦꯗꯥꯕꯦꯒꯤ)ꯅ ꯀꯣꯅꯨꯡ ꯑꯣꯏꯕ ꯑꯟꯙꯔꯒꯤ ꯂꯝꯂꯝꯗ ꯈ꯭ꯔꯤꯁꯇꯒꯤ ꯃꯃꯥꯡꯒꯤ ꯳꯰꯰ꯇꯒꯤ ꯴꯴꯰ ꯐꯥꯎꯕꯗ ꯄꯥꯂꯝꯕ ꯑꯔꯤꯕ ꯅꯤꯡꯊꯧ ꯁꯥꯒꯩ ꯅꯤ ꯫,ꯁꯥ ꯂꯥꯟ ꯀꯌꯥ ꯅꯥ ꯁ    ꯑꯁꯤ    ꯒꯣ ꯗꯥ ꯕꯥꯔ ꯤ    ꯑꯃꯁꯨꯡ    ꯀ꯭ꯔꯤꯁ ꯅꯒꯤ    ꯃꯔ ꯛꯀꯤ    ꯚꯦ ꯡꯒꯤ    ( ꯍꯧꯖꯤ ꯛꯅ    ꯄꯦ ꯗꯥ ꯕꯦ ꯒꯤ )ꯅ    ꯀꯣꯅꯨꯡ    ꯑꯣꯏꯕ    ꯑꯟ ꯙ ꯔꯒꯤ    ꯂꯝ ꯂꯝꯗ    ꯈ꯭ꯔꯤ ꯁꯇꯒꯤ    ꯃꯃꯥꯡꯒꯤ    ꯳ ꯰꯰ ꯇꯒꯤ    ꯴ ꯴꯰    ꯐꯥꯎꯕꯗ    ꯄꯥ ꯂꯝꯕ    ꯑꯔꯤꯕ    ꯅꯤꯡꯊꯧ    ꯁꯥꯒꯩ    ꯅꯤ    ꯫ ,131,48
726,"ꯅꯨꯄꯥ ꯑꯃꯅ ꯂꯧꯅ ꯂꯩꯅꯗꯅ ꯌꯨꯝꯕꯥꯟꯕꯒꯤ ꯃꯔꯤ ꯊꯝꯕꯒꯤ ꯊꯧꯗꯣꯛ ꯊꯣꯛꯄꯁꯤ ""ꯄꯨꯝꯅꯃꯛꯀꯤ"" ꯍꯥꯏꯅ ꯆꯠꯅꯕꯤ ꯶ꯇ, ""ꯃꯌꯥꯏ ꯑꯣꯏꯔꯞ"" ꯍꯥꯏꯅ ꯆꯠꯅꯕꯤ ꯲꯹ꯗ, ""ꯃꯔꯛ ꯃꯔꯛꯇ"" ꯍꯥꯏꯅ ꯆꯠꯅꯕꯤ ꯶ꯇ ꯑꯃꯁꯨꯡ ""ꯃꯍꯧꯁꯥꯒ ꯃꯥꯟꯅꯗꯦ"" ꯍꯥꯏꯅ ꯆꯠꯅꯕꯤ ꯱꯰ꯗ ꯇꯥꯛꯏ꯫","ꯅꯨꯄꯥ    ꯑꯃꯅ    ꯂꯧ ꯅ    ꯂꯩꯅ ꯗꯅ    ꯌꯨꯝ ꯕꯥꯟ ꯕꯒꯤ    ꯃꯔꯤ    ꯊꯝ ꯕꯒꯤ    ꯊꯧꯗꯣꯛ    ꯊꯣꯛ ꯄ ꯁꯤ    "" ꯄꯨꯝꯅ ꯃꯛ ꯀꯤ ""    ꯍꯥꯏꯅ    ꯆꯠꯅꯕꯤ    ꯶ ꯇ,    "" ꯃꯌꯥꯏ    ꯑꯣꯏꯔ ꯞ ""    ꯍꯥꯏꯅ    ꯆꯠꯅꯕꯤ    ꯲ ꯹ ꯗ,    "" ꯃꯔꯛ    ꯃꯔ ꯛꯇ ""    ꯍꯥꯏꯅ    ꯆꯠꯅꯕꯤ    ꯶ꯇ    ꯑꯃꯁꯨꯡ    "" ꯃꯍꯧꯁꯥ ꯒ    ꯃꯥꯟꯅ ꯗꯦ ""    ꯍꯥꯏꯅ    ꯆꯠꯅꯕꯤ    ꯱꯰ ꯗ    ꯇꯥꯛꯏ꯫ ",145,55
727,"ꯆꯞ ꯃꯥꯟꯅꯅ ꯌꯥꯝꯅ ꯃꯃꯜ ꯂꯩꯕꯗꯤ ꯆꯥꯏꯅꯥ, ꯚꯥꯔꯠ ꯑꯃꯗꯤ ꯖꯄꯥꯟꯒꯤ ꯂꯂꯣꯟ-ꯏꯇꯤꯛ ꯇꯧꯕꯒꯤ ꯂꯝꯕꯤꯁꯤꯡꯒꯤ ꯃꯔꯨꯑꯣꯏꯕ ꯑꯀꯨꯞꯄ ꯃꯔꯣꯜꯁꯤꯡ ꯌꯥꯎꯕ ꯖꯍꯥꯖ ꯑꯗꯨꯒꯤ ꯔꯨꯠꯇꯔ (ꯖꯍꯥꯖ ꯊꯧꯕ ꯃꯤꯒꯤ ꯍꯦꯟꯕꯨꯛ)ꯅꯤ꯫","ꯆꯞ    ꯃꯥꯟꯅꯅ    ꯌꯥꯝꯅ    ꯃꯃꯜ    ꯂꯩꯕ ꯗꯤ    ꯆꯥꯏ ꯅꯥ,    ꯚꯥꯔꯠ    ꯑꯃꯗꯤ    ꯖꯄꯥꯟ ꯒꯤ    ꯂꯂꯣꯟ-ꯏꯇꯤꯛ    ꯇꯧꯕꯒꯤ    ꯂꯝꯕꯤ ꯁꯤꯡꯒꯤ    ꯃꯔꯨꯑꯣꯏꯕ    ꯑꯀꯨꯞꯄ    ꯃꯔꯣ ꯜꯁꯤꯡ    ꯌꯥꯎꯕ    ꯖꯍꯥꯖ    ꯑꯗꯨꯒꯤ    ꯔꯨ ꯠ ꯇꯔ    ( ꯖꯍꯥꯖ    ꯊꯧꯕ    ꯃꯤꯒꯤ    ꯍꯦꯟ ꯕꯨ ꯛ ) ꯅꯤ꯫ ",121,35
728,ꯑꯥꯔꯠ ꯏꯟꯁꯇꯤꯇ꯭ꯌꯨꯠ ꯙꯥꯀꯥ ꯑꯁꯤ ꯃꯐꯝ ꯑꯗꯨꯗ ꯚꯤꯖꯨꯑꯜ ꯑꯥꯔꯠꯀꯤ ꯃꯔꯨꯑꯣꯏꯕ ꯃꯐꯝ ꯑꯃ ꯑꯣꯏꯗꯨꯅ ꯂꯥꯛꯂꯤ꯫,ꯑꯥꯔꯠ    ꯏꯟꯁꯇꯤꯇ꯭ꯌꯨ ꯠ    ꯙꯥ ꯀꯥ    ꯑꯁꯤ    ꯃꯐꯝ    ꯑꯗꯨꯗ    ꯚꯤ ꯖꯨ ꯑ ꯜ    ꯑꯥꯔ ꯠꯀꯤ    ꯃꯔꯨꯑꯣꯏꯕ    ꯃꯐꯝ    ꯑꯃ    ꯑꯣꯏꯗꯨꯅ    ꯂꯥꯛꯂꯤ꯫ ,64,19
729,"ꯕ꯭ꯔꯥꯃꯁꯨꯇ꯭ꯔꯥ (ꯕꯦꯗꯥꯟꯇꯥ ꯁꯨꯇ꯭ꯔꯥ ꯍꯥꯏꯅꯁꯨ ꯀꯧꯕ, ꯈ꯭ꯔꯤꯁꯇꯥꯒꯤ ꯃꯃꯥꯡꯒꯤ ꯑꯍꯥꯟꯕ ꯆꯥꯍꯤ ꯆꯥꯗ ꯁꯦꯝꯈꯤꯕ) ꯑꯗꯨꯅ ꯄꯔꯦꯡ ꯱","ꯕ꯭ꯔꯥ ꯃ ꯁꯨ ꯇ꯭ꯔ ꯥ    ( ꯕꯦ ꯗꯥꯟ ꯇꯥ    ꯁꯨ ꯇ꯭ꯔ ꯥ    ꯍꯥꯏꯅꯁꯨ    ꯀꯧ ꯕ,    ꯈ꯭ꯔꯤ ꯁꯇꯥ ꯒꯤ    ꯃꯃꯥꯡꯒꯤ    ꯑꯍꯥꯟꯕ    ꯆꯥ ꯍꯤ    ꯆꯥꯗ    ꯁꯦꯝ ꯈꯤꯕ )    ꯑꯗꯨꯅ    ꯄꯔꯦꯡ    ꯱ ",78,29
730,꯱,꯱ ,1,1
731,"꯴ꯗ ꯃꯁꯤ ꯌꯥꯈꯤ ꯑꯃꯁꯨꯡ ꯎꯄꯥꯅꯤꯁꯗꯤꯛꯀꯤ ꯇꯥꯛꯄꯤ ꯇꯝꯕꯤꯕꯁꯤꯡ ꯑꯁꯤ ꯃꯆꯦꯠꯇ, ꯃꯆꯪ ꯈꯟꯒꯠꯄꯒꯤ ꯃꯥꯑꯣꯡꯗ ꯈꯪꯕ ꯅꯠꯇꯕꯗ, ꯕꯦꯗꯤꯛ ꯂꯥꯏꯔꯤꯛꯁꯤꯡ ꯑꯗꯨ ꯋꯥꯈꯜ ꯂꯧꯁꯟꯕ, ꯍꯟꯗꯣꯛꯄ ꯑꯃꯁꯨꯡ ꯂꯦꯝꯍꯧꯔꯤꯕ ꯄ꯭ꯔꯥꯃꯥꯅꯥꯁꯀꯨꯝꯕ ꯑꯇꯣꯞꯄ ꯃꯍꯩꯒ ꯄꯨꯟꯁꯟꯕ ꯃꯥꯑꯣꯡ ꯑꯣꯏꯅ ꯈꯪꯒꯗꯧꯕꯅꯤ ꯍꯥꯏꯅ ꯀꯟꯅ ꯍꯥꯏꯈꯤ꯫","꯴ꯗ    ꯃꯁꯤ    ꯌꯥ ꯈꯤ    ꯑꯃꯁꯨꯡ    ꯎ ꯄꯥ ꯅꯤ ꯁ ꯗꯤ ꯛꯀꯤ    ꯇꯥꯛ ꯄꯤ    ꯇꯝꯕꯤ ꯕꯁꯤꯡ    ꯑꯁꯤ    ꯃꯆꯦ ꯠꯇ,    ꯃꯆ ꯪ    ꯈꯟꯒꯠ ꯄꯒꯤ    ꯃꯥ ꯑꯣ ꯡꯗ    ꯈꯪꯕ    ꯅꯠꯇ ꯕꯗ,    ꯕꯦꯗꯤ ꯛ    ꯂꯥꯏꯔꯤ ꯛꯁꯤꯡ    ꯑꯗꯨ    ꯋꯥꯈꯜ    ꯂꯧ ꯁꯟ ꯕ,    ꯍꯟ ꯗꯣꯛꯄ    ꯑꯃꯁꯨꯡ    ꯂꯦꯝꯍꯧꯔꯤꯕ    ꯄ꯭ꯔꯥ ꯃꯥ ꯅꯥ ꯁ ꯀꯨꯝꯕ    ꯑꯇꯣꯞꯄ    ꯃꯍꯩ ꯒ    ꯄꯨꯟ ꯁꯟ ꯕ    ꯃꯥ ꯑꯣ ꯡ    ꯑꯣꯏꯅ    ꯈꯪ ꯒꯗꯧ ꯕꯅꯤ    ꯍꯥꯏꯅ    ꯀꯟꯅ    ꯍꯥꯏꯈꯤ꯫ ",176,62
732,ꯃꯁꯤꯅ ꯍꯥꯏꯔꯤꯕ ꯁꯤꯟꯐꯝꯁꯤꯡ ꯑꯁꯤꯗꯒꯤ ꯃꯤꯍꯨꯠꯁꯤꯡ ꯑꯁꯤ ꯁꯤꯀ꯭ꯔꯦꯠ ꯁꯔꯕꯤꯁꯇ ꯊꯕꯛ ꯇꯧꯅꯕ ꯍꯥꯏꯖꯒꯗꯕꯅꯤ ꯍꯥꯏꯅ ꯍꯧꯗꯣꯛꯏ꯫,ꯃꯁꯤꯅ    ꯍꯥꯏꯔꯤꯕ    ꯁꯤꯟ ꯐꯝꯁꯤꯡ    ꯑꯁꯤꯗꯒꯤ    ꯃꯤꯍꯨ ꯠꯁꯤꯡ    ꯑꯁꯤ    ꯁꯤ ꯀ꯭ꯔꯦ ꯠ    ꯁꯔꯕꯤ ꯁꯇ    ꯊꯕꯛ    ꯇꯧꯅꯕ    ꯍꯥꯏꯖ ꯒꯗꯕꯅꯤ    ꯍꯥꯏꯅ    ꯍꯧꯗꯣꯛ ꯏ꯫ ,75,20
733,ꯂꯣꯏꯁꯤꯜꯂꯛꯄꯒꯤ ꯑꯇꯦꯟꯕ ꯋꯥꯍꯩ ꯄꯥꯔꯦꯡ ꯑꯃꯗ ꯂꯥꯟꯊꯦꯡꯒꯤ ꯑꯆꯧꯕ ꯃꯥꯑꯣꯡꯗ ꯃꯔꯤ ꯂꯩꯅꯕꯁꯤꯡ ꯑꯗꯨ ꯄꯜꯂꯤ ꯑꯃꯁꯨꯡ ꯂꯥꯟꯒꯤ ꯁꯥꯃꯨꯒ ꯃꯤꯒꯒꯤ ꯃꯈꯜ ꯀꯌꯥꯗ ꯁꯤꯖꯤꯟꯅꯕ ꯑꯗꯨ ꯁꯟꯗꯣꯛꯅ ꯇꯥꯛꯏ꯫,ꯂꯣꯏ ꯁꯤꯜꯂꯛ ꯄꯒꯤ    ꯑꯇꯦꯟꯕ    ꯋꯥꯍꯩ    ꯄꯥꯔ ꯦ ꯡ    ꯑꯃꯗ    ꯂꯥꯟ ꯊꯦꯡ ꯒꯤ    ꯑꯆꯧꯕ    ꯃꯥ ꯑꯣ ꯡꯗ    ꯃꯔꯤ    ꯂꯩ ꯅꯕꯁꯤꯡ    ꯑꯗꯨ    ꯄ ꯜꯂꯤ    ꯑꯃꯁꯨꯡ    ꯂꯥꯟꯒꯤ    ꯁꯥꯃꯨ ꯒ    ꯃꯤ ꯒꯒꯤ    ꯃꯈꯜ    ꯀꯌꯥꯗ    ꯁꯤꯖꯤꯟꯅꯕ    ꯑꯗꯨ    ꯁꯟꯗꯣꯛꯅ    ꯇꯥꯛꯏ꯫ ,111,34
734,ꯂꯥꯏꯅꯤꯡꯒꯤ ꯑꯁꯦꯡꯕ ꯂꯥꯏꯔꯤꯛ ꯃꯄꯨꯡ ꯑꯁꯤ ꯒꯔꯟꯊ ꯔꯥꯒꯥ ꯑꯃꯃꯝ ꯑꯁꯤ ꯑꯁꯥꯡꯕ ꯑꯃꯁꯨꯡ ꯑꯏꯕꯒꯤ ꯃꯇꯨꯡ ꯏꯟꯅ ꯃꯈꯥ ꯇꯥꯅ ꯑꯃꯨꯛ ꯈꯥꯏꯗꯣꯛꯇꯨꯅ ꯃꯔꯨ ꯑꯣꯏꯕ ꯔꯥꯒ ꯳꯱ ꯗ ꯈꯥꯏꯗꯣꯛꯏ꯫,ꯂꯥꯏꯅꯤꯡꯒꯤ    ꯑꯁꯦꯡꯕ    ꯂꯥꯏꯔꯤꯛ    ꯃꯄꯨꯡ    ꯑꯁꯤ    ꯒꯔ ꯟ ꯊ    ꯔꯥ ꯒꯥ    ꯑꯃꯃꯝ    ꯑꯁꯤ    ꯑꯁꯥꯡꯕ    ꯑꯃꯁꯨꯡ    ꯑꯏ ꯕꯒꯤ    ꯃꯇꯨꯡ    ꯏꯟꯅ    ꯃꯈꯥ    ꯇꯥꯅ    ꯑꯃꯨꯛ    ꯈꯥꯏꯗꯣꯛ ꯇꯨꯅ    ꯃꯔꯨ    ꯑꯣꯏꯕ    ꯔꯥ ꯒ    ꯳ ꯱    ꯗ    ꯈꯥꯏꯗꯣꯛꯏ꯫ ,103,31
735,ꯂꯥꯏꯔꯤꯛ ꯑꯁꯤ ꯆꯥꯎꯕ ꯈꯦꯠꯅꯕ ꯄꯦꯔꯥꯒ꯭ꯔꯥꯐꯁꯤꯡꯒꯤ ꯃꯥꯟꯅꯗꯕꯁꯤꯡ ꯈꯣꯝꯖꯤꯟꯕ ꯑꯃ ꯌꯥꯎꯕ ꯋꯥꯔꯦꯡꯒꯤ ꯃꯑꯣꯡꯒꯤ ꯎꯄꯅꯤꯁꯗ ꯑꯃꯅꯤ꯫,ꯂꯥꯏꯔꯤꯛ    ꯑꯁꯤ    ꯆꯥꯎꯕ    ꯈꯦꯠꯅꯕ    ꯄꯦꯔꯥ ꯒ꯭ꯔꯥ ꯐ ꯁꯤꯡꯒꯤ    ꯃꯥꯟꯅ ꯗꯕꯁꯤꯡ    ꯈꯣꯝ ꯖꯤꯟꯕ    ꯑꯃ    ꯌꯥꯎꯕ    ꯋꯥꯔꯦ ꯡꯒꯤ    ꯃꯑꯣꯡꯒꯤ    ꯎ ꯄ ꯅꯤ ꯁ ꯗ    ꯑꯃꯅꯤ꯫ ,78,23
736,"ꯅꯥꯁꯇꯤꯀ ꯚꯥꯔꯠꯀꯤ ꯐꯤꯂꯣꯁꯣꯐꯤꯁꯤꯡꯗ ꯕꯨꯗꯙꯤꯖꯝ, ꯖꯦꯅꯤꯖꯝ, ꯆꯥꯔꯋꯥꯀ, ꯑꯖꯤꯋꯤꯀ ꯑꯃꯗꯤ ꯑꯇꯩꯁꯤꯡ ꯌꯥꯎꯋꯤ꯫","ꯅꯥ ꯁꯇꯤ ꯀ    ꯚꯥꯔꯠꯀꯤ    ꯐꯤ ꯂꯣ ꯁꯣ ꯐꯤ ꯁꯤꯡꯗ    ꯕꯨꯗꯙꯤ ꯖ ꯝ,    ꯖꯦ ꯅꯤ ꯖ ꯝ,    ꯆꯥꯔ ꯋꯥ ꯀ ,    ꯑ ꯖꯤ ꯋꯤ ꯀ    ꯑꯃꯗꯤ    ꯑꯇ ꯩ ꯁꯤꯡ    ꯌꯥꯎꯋꯤ꯫ ",68,29
737,"ꯈꯨꯗꯝ ꯑꯣꯏꯅ ""ꯗ ꯇ꯭ꯔꯤꯛꯁꯇꯔ ꯑꯃꯁꯨꯡ ꯗ ꯇꯣꯀꯤꯡ ꯕꯜ꯭ꯕ"" ꯑꯁꯤꯅ ꯕꯜ꯭ꯕ ꯑꯃꯒꯤ ꯆꯦꯛꯁꯟꯅꯕ ꯂꯥꯎꯊꯣꯛꯄꯁꯤꯡ ꯃꯋꯥ ꯂꯧꯔꯨꯗꯕ ꯑꯗꯨꯒ ꯃꯍꯥꯛꯅ ꯐꯣꯡꯅ ꯁꯤꯡꯅꯕꯒꯤꯗꯃꯛ ꯆꯩꯔꯥꯛ ꯐꯪꯈꯤꯕ ""ꯗ ꯑꯣꯜꯗ ꯃꯦꯟ""ꯒꯤ ꯋꯥꯔꯤ ꯂꯤꯔꯝꯃꯤ꯫","ꯈꯨꯗꯝ    ꯑꯣꯏꯅ    "" ꯗ    ꯇ꯭ꯔꯤ ꯛ ꯁꯇꯔ    ꯑꯃꯁꯨꯡ    ꯗ    ꯇꯣ ꯀꯤꯡ    ꯕꯜ ꯭ ꯕ""    ꯑꯁꯤꯅ    ꯕꯜ ꯭ ꯕ    ꯑꯃꯒꯤ    ꯆꯦꯛ ꯁꯟ ꯅꯕ    ꯂꯥꯎꯊꯣꯛ ꯄꯁꯤꯡ    ꯃ ꯋꯥ    ꯂꯧ ꯔꯨ ꯗꯕ    ꯑꯗꯨꯒ    ꯃꯍꯥꯛꯅ    ꯐꯣꯡ ꯅ    ꯁꯤꯡ ꯅꯕꯒꯤꯗꯃꯛ    ꯆꯩꯔꯥꯛ    ꯐꯪꯈꯤꯕ    "" ꯗ    ꯑꯣ ꯜꯗ    ꯃꯦꯟ "" ꯒꯤ    ꯋꯥꯔꯤ    ꯂꯤ ꯔꯝꯃꯤ꯫ ",128,47
738,"ꯃꯁꯤꯒꯤ ꯁꯦꯟꯌꯦꯛꯁꯤꯡ ꯑꯁꯤ ꯑꯅꯝꯕꯅ ꯀꯣꯔꯤꯗ ꯑꯣꯏ ꯑꯗꯨꯒ ꯂꯨꯄꯥꯗ ꯄꯥꯛ ꯑꯣꯏꯗꯦ, ꯌꯣꯠ ꯃꯆꯨ ꯑꯗꯨ ꯃꯊꯧ ꯇꯥꯔꯤꯕ ꯃꯥꯑꯣꯡ ꯃꯇꯧꯁꯤꯡ ꯑꯗꯨ ꯌꯦꯡꯉꯒ ꯆꯦꯛꯁꯤꯟꯅ ꯍꯩ꯫","ꯃꯁꯤꯒꯤ    ꯁꯦꯟ ꯌꯦꯛꯁꯤꯡ    ꯑꯁꯤ    ꯑꯅ ꯝꯕꯅ    ꯀꯣ ꯔꯤꯗ    ꯑꯣꯏ    ꯑꯗꯨꯒ    ꯂꯨ ꯄꯥ ꯗ    ꯄꯥꯛ    ꯑꯣꯏ ꯗꯦ,    ꯌꯣ ꯠ    ꯃꯆꯨ    ꯑꯗꯨ    ꯃꯊꯧ    ꯇꯥꯔꯤ ꯕ    ꯃꯥ ꯑꯣ ꯡ    ꯃꯇꯧ ꯁꯤꯡ    ꯑꯗꯨ    ꯌꯦꯡ ꯉ ꯒ    ꯆꯦꯛꯁꯤꯟ ꯅ    ꯍꯩ ꯫ ",94,36
739,ꯀꯊꯥ ꯎꯄꯅꯤꯁꯗꯅ ꯍꯥꯏꯔꯤ ꯃꯗꯨꯗꯤ ꯃꯁꯤꯒꯤ ꯃꯨꯠꯄ ꯅꯥꯏꯗ꯭ꯔꯕ ꯑꯃꯁꯨꯡ ꯐꯠꯇꯕ ꯅꯠꯇꯕ ꯋꯥꯈꯜꯂꯣꯟ ꯆꯦꯜꯂꯤꯕ ꯃꯤꯑꯣꯏꯁꯤꯅ ꯅꯤꯡꯈꯥ ꯇꯝꯃꯤ ꯑꯃꯗꯤ ꯀꯩꯗꯧꯅꯨꯡꯗ ꯑꯋꯥꯕ ꯐꯥꯎꯗꯦ꯫,ꯀ ꯊꯥ    ꯎ ꯄ ꯅꯤ ꯁ ꯗꯅ    ꯍꯥꯏꯔꯤ    ꯃꯗꯨꯗꯤ    ꯃꯁꯤꯒꯤ    ꯃꯨ ꯠꯄ    ꯅꯥꯏ ꯗ꯭ꯔꯕ    ꯑꯃꯁꯨꯡ    ꯐꯠꯇꯕ    ꯅꯠꯇꯕ    ꯋꯥꯈꯜꯂꯣꯟ    ꯆꯦꯜꯂꯤꯕ    ꯃꯤꯑꯣꯏ ꯁꯤꯅ    ꯅꯤꯡ ꯈꯥ    ꯇꯝ ꯃꯤ    ꯑꯃꯗꯤ    ꯀꯩꯗꯧ ꯅꯨꯡꯗ    ꯑꯋꯥꯕ    ꯐꯥꯎ ꯗꯦ꯫ ,101,31
740,"ꯇꯥꯡꯀꯛ ꯑꯗꯨ ꯊꯥꯡꯁꯥꯡ ꯑꯃꯁꯨꯡ ꯆꯨꯡꯒꯣꯏ(ꯈꯥꯒꯀꯥꯔꯃꯥꯕꯤꯙꯥꯎ)ꯒꯅ ꯇꯧꯕ ꯌꯥꯕ ꯃꯥꯑꯣꯡ ꯳꯲; ꯐꯨꯅꯕꯗ ꯊꯧꯔꯤ ꯁꯤꯖꯤꯟꯅꯕꯒꯤ ꯄꯥꯝꯕꯩ ꯱꯱, ꯊꯧꯔꯤ ꯁꯤꯖꯤꯟꯅꯕꯒꯤ ꯊꯧꯋꯣꯡ ꯵, ꯆꯥꯛꯔꯝ(ꯂꯥꯟ- ꯊꯧꯔꯤꯒꯤ ꯈꯨꯖꯤ)ꯒ ꯃꯔꯤ ꯂꯩꯅꯕ ꯊꯧꯋꯣꯡꯁꯤꯡꯒꯤ ꯄꯥꯔꯤꯡꯁꯤꯡ, ꯇꯥ, ꯇꯣꯃꯥꯔꯥ (ꯌꯣꯠꯀꯤ ꯂꯤꯆꯩ), ꯒꯗꯥ (ꯒꯗꯥ), ꯁꯤꯡꯖꯪ, ꯅꯨꯡꯙꯪ, ꯚꯤꯟꯗꯤꯞꯂꯥ ꯅꯠꯇ꯭ꯔꯒ ꯂꯥꯒꯨꯗꯥ, ꯕꯖ꯭ꯔꯥ, ꯊꯥꯡ, ꯅꯥꯎꯔꯤ ꯑꯃꯁꯨꯡ ꯎꯇꯨꯞ ꯅꯠꯇ꯭ꯔꯒ ꯆꯩꯇꯨꯞ ꯌꯥꯎꯅ ꯃꯈꯜ ꯃꯈꯜꯒꯤ ꯈꯨꯂꯥꯏ ꯁꯤꯖꯤꯟꯅꯗꯨꯅ ꯇꯧꯕ ꯌꯥꯕ ꯊꯕꯛ ꯑꯃꯁꯨꯡ ꯊꯧꯋꯣꯡꯁꯤꯡ ꯑꯗꯨꯅ ꯄꯥꯔꯤꯡ ꯁꯦꯝꯗꯨꯅ ꯂꯣꯏꯁꯤꯜꯂꯤ ꯫","ꯇꯥꯡꯀꯛ    ꯑꯗꯨ    ꯊꯥꯡ ꯁꯥꯡ    ꯑꯃꯁꯨꯡ    ꯆ ꯨꯡꯒ ꯣꯏ ( ꯈꯥ ꯒ ꯀꯥꯔ ꯃꯥ ꯕꯤ ꯙ ꯥꯎ ) ꯒꯅ    ꯇꯧꯕ    ꯌꯥꯕ    ꯃꯥ ꯑꯣ ꯡ    ꯳ ꯲ ;    ꯐꯨ ꯅꯕꯗ    ꯊꯧꯔꯤ    ꯁꯤꯖꯤꯟꯅꯕꯒꯤ    ꯄꯥꯝꯕꯩ    ꯱꯱ ,    ꯊꯧꯔꯤ    ꯁꯤꯖꯤꯟꯅꯕꯒꯤ    ꯊꯧ ꯋꯣꯡ    ꯵ ,    ꯆꯥꯛ ꯔꯝ ( ꯂꯥꯟ -    ꯊꯧ ꯔꯤꯒꯤ    ꯈꯨ ꯖꯤ ) ꯒ    ꯃꯔꯤ    ꯂꯩꯅꯕ    ꯊꯧ ꯋ ꯣꯡ ꯁꯤꯡꯒꯤ    ꯄꯥꯔꯤ ꯡ ꯁꯤꯡ,    ꯇꯥ,    ꯇꯣ ꯃꯥꯔ ꯥ    ( ꯌꯣ ꯠꯀꯤ    ꯂꯤ ꯆꯩ ),    ꯒ ꯗꯥ    ( ꯒ ꯗꯥ ),    ꯁꯤꯡ ꯖꯪ ,    ꯅꯨꯡ ꯙ ꯪ ,    ꯚꯤ ꯟ ꯗꯤ ꯞ ꯂꯥ    ꯅꯠꯇ꯭ꯔꯒ    ꯂꯥ ꯒꯨ ꯗꯥ,    ꯕ ꯖ ꯭ꯔ ꯥ ,    ꯊꯥꯡ ,    ꯅꯥꯎ ꯔꯤ    ꯑꯃꯁꯨꯡ    ꯎ ꯇꯨ ꯞ    ꯅꯠꯇ꯭ꯔꯒ    ꯆꯩ ꯇꯨ ꯞ    ꯌꯥꯎꯅ    ꯃꯈꯜ    ꯃꯈꯜꯒꯤ    ꯈꯨ ꯂꯥꯏ    ꯁꯤꯖꯤꯟꯅꯗꯨꯅ    ꯇꯧꯕ    ꯌꯥꯕ    ꯊꯕꯛ    ꯑꯃꯁꯨꯡ    ꯊꯧ ꯋ ꯣꯡ ꯁꯤꯡ    ꯑꯗꯨꯅ    ꯄꯥꯔꯤ ꯡ    ꯁꯦꯝ ꯗꯨꯅ    ꯂꯣꯏ ꯁꯤꯜꯂꯤ    ꯫ ",320,130
741,"ꯌꯨꯒꯣꯁ꯭ꯂꯦꯚꯤꯌꯥꯒꯤ ꯆꯨꯝꯅꯒꯤ ꯀꯩꯊꯦꯜꯗ ꯅꯣꯡꯆꯨꯞ ꯄꯣꯠ ꯆꯩ ꯂꯩꯕꯗ ꯑꯊꯤꯡꯕ ꯊꯝꯕꯗꯒꯤ ꯍꯧꯔꯒ, ꯑꯋꯥꯡ ꯃꯥꯁꯤꯗꯣꯅꯤꯌꯥꯒꯤ ꯒ꯭ꯔꯤꯛ ꯄꯣꯠ ꯆꯩ ꯂꯩꯕꯗ ꯑꯊꯤꯡꯕ ꯊꯝꯕꯗ ꯂꯣꯏꯁꯤꯟꯗꯨꯅ, ꯂꯝ ꯑꯗꯨꯒꯤ ꯍꯥꯟꯅꯒꯤ ꯃꯃꯤꯡ, ꯔꯤꯄꯕ꯭ꯂꯤꯛ ꯑꯣꯐ ꯃꯥꯁꯤꯗꯣꯅꯤꯌꯥ꯫","ꯌꯨ ꯒꯣ ꯁ꯭ ꯂꯦ ꯚꯤ ꯌꯥꯒꯤ    ꯆꯨꯝ ꯅꯒꯤ    ꯀꯩꯊꯦ ꯜꯗ    ꯅꯣꯡꯆꯨꯞ    ꯄꯣꯠ    ꯆꯩ    ꯂꯩꯕꯗ    ꯑꯊꯤꯡꯕ    ꯊ ꯝꯕ ꯗꯒꯤ    ꯍꯧ ꯔꯒ ,    ꯑꯋꯥꯡ    ꯃꯥ ꯁꯤ ꯗꯣ ꯅꯤꯌꯥꯒꯤ    ꯒ꯭ꯔꯤꯛ    ꯄꯣꯠ    ꯆꯩ    ꯂꯩꯕꯗ    ꯑꯊꯤꯡꯕ    ꯊꯝ ꯕꯗ    ꯂꯣꯏꯁꯤꯟ ꯗꯨꯅ,    ꯂꯝ    ꯑꯗꯨꯒꯤ    ꯍꯥꯟꯅꯒꯤ    ꯃꯃꯤ ꯡ,    ꯔꯤ ꯄꯕ꯭ꯂꯤꯛ    ꯑꯣꯐ    ꯃꯥ ꯁꯤ ꯗꯣ ꯅꯤ ꯌꯥ ꯫ ",146,49
742,ꯏꯪ ꯱꯹꯹꯱ꯗ ꯁꯥꯊꯤꯅ ꯃꯃꯜ ꯍꯟꯊꯕ ꯑꯃꯗꯤ ꯏꯪ ꯱꯹꯹꯴ꯗ ꯀꯔꯦꯟꯇ ꯑꯦꯀꯥꯎꯟꯇ ꯀꯟꯚꯔꯇꯦꯕꯤꯂꯤꯇꯤꯗ ꯍꯣꯡꯗꯣꯛꯄ ꯑꯗꯨꯒꯤ ꯃꯇꯨꯡꯗ ꯂꯨꯄꯥꯒꯤ ꯃꯃꯜ ꯑꯁꯤ ꯃꯥꯔꯀꯦꯠ ꯐꯣꯔꯁꯁꯤꯡꯅ ꯑꯌꯥꯝꯕꯅ ꯂꯦꯞꯇꯨꯅ ꯂꯥꯛꯏ꯫,ꯏꯪ    ꯱꯹꯹ ꯱ꯗ    ꯁꯥꯊꯤꯅ    ꯃꯃꯜ    ꯍꯟꯊꯕ    ꯑꯃꯗꯤ    ꯏꯪ    ꯱꯹꯹ ꯴ꯗ    ꯀꯔ ꯦꯟ ꯇ    ꯑꯦꯀꯥꯎꯟ ꯇ    ꯀꯟ ꯚꯔ ꯇꯦ ꯕꯤ ꯂꯤ ꯇꯤꯗ    ꯍꯣꯡꯗꯣꯛꯄ    ꯑꯗꯨꯒꯤ    ꯃꯇꯨꯡꯗ    ꯂꯨ ꯄꯥꯒꯤ    ꯃꯃꯜ    ꯑꯁꯤ    ꯃꯥꯔ ꯀꯦꯠ    ꯐꯣꯔ ꯁꯁꯤꯡꯅ    ꯑꯌꯥꯝꯕꯅ    ꯂꯦꯞ ꯇꯨꯅ    ꯂꯥꯛꯏ꯫ ,115,36
743,"ꯃꯍꯥꯛꯀꯤ ꯏꯃꯨꯡꯒꯤ ꯀꯝꯄꯅꯤ, ꯁꯤꯅꯣ-ꯊꯥꯏ ꯏꯟꯖꯤꯅꯤꯌꯥꯔꯤꯡ ꯑꯦꯟ ꯀꯟꯁꯇ꯭ꯔꯛꯁꯟ ꯄꯤ","ꯃꯍꯥꯛꯀꯤ    ꯏꯃꯨꯡꯒꯤ    ꯀꯝꯄ ꯅꯤ,    ꯁꯤ ꯅꯣ - ꯊꯥꯏ    ꯏꯟꯖꯤ ꯅꯤ ꯌꯥ ꯔꯤꯡ    ꯑꯦꯟ    ꯀꯟ ꯁꯇ꯭ꯔ ꯛꯁꯟ    ꯄꯤ ",51,17
744,ꯁꯤ,ꯁꯤ ,2,1
745,ꯑꯦꯜ,ꯑꯦꯜ ,3,1
746,"ꯅ, ꯕꯦꯡꯀꯣꯛꯀꯤ ꯁꯨꯕꯔꯅꯚꯨꯃꯤ ꯑꯦꯌꯔꯄꯣꯔꯠꯀꯨꯝꯕ ꯁꯔꯀꯥꯔꯒꯤ ꯃꯦꯒꯥ- ꯄ꯭ꯔꯣꯖꯦꯛꯠ ꯀꯌꯥꯃꯔꯨꯝ ꯁꯥꯈꯤ꯫","ꯅ,    ꯕꯦꯡ ꯀꯣꯛ ꯀꯤ    ꯁꯨ ꯕꯔ ꯅ ꯚꯨ ꯃꯤ    ꯑꯦꯌꯔ ꯄꯣꯔ ꯠ ꯀꯨꯝꯕ    ꯁꯔꯀꯥꯔꯒꯤ    ꯃꯦꯒꯥ -    ꯄ꯭ꯔꯣꯖꯦ ꯛꯠ    ꯀꯌꯥ ꯃꯔꯨ ꯝ    ꯁꯥꯈꯤ꯫ ",63,22
747,"ꯑꯦꯄꯜ ꯁ꯭ꯇꯣꯔ ꯍꯥꯡꯗꯣꯛꯄꯁꯤꯡ ꯑꯃꯗꯤ ꯑꯅꯧꯕ ꯄꯣꯠꯊꯣꯛ ꯊꯥꯗꯣꯛꯄꯁꯤꯡꯅ ꯆꯥꯃ-ꯆꯥꯃꯒꯤ ꯃꯤꯌꯥꯝ ꯆꯤꯡꯁꯤꯟꯕ ꯉꯝꯃꯤ, ꯈꯔꯅ ꯍꯥꯡꯗꯣꯛꯀꯗꯕ ꯑꯗꯨꯒꯤ ꯅꯨꯃꯤꯠ ꯑꯃꯒꯤ ꯃꯃꯥꯡꯗꯒꯤ ꯄꯔꯦꯡꯗ ꯉꯥꯏꯕ ꯌꯥꯎꯋꯤ꯫","ꯑꯦ ꯄꯜ    ꯁ꯭ꯇꯣꯔ    ꯍꯥꯡꯗꯣꯛ ꯄꯁꯤꯡ    ꯑꯃꯗꯤ    ꯑꯅꯧꯕ    ꯄꯣꯠꯊꯣꯛ    ꯊꯥꯗꯣꯛ ꯄꯁꯤꯡꯅ    ꯆꯥ ꯃ - ꯆꯥ ꯃꯒꯤ    ꯃꯤꯌꯥꯝ    ꯆꯤꯡ ꯁꯤꯟꯕ    ꯉꯝ ꯃꯤ,    ꯈꯔꯅ    ꯍꯥꯡꯗꯣꯛ ꯀꯗꯕ    ꯑꯗꯨꯒꯤ    ꯅꯨꯃꯤꯠ    ꯑꯃꯒꯤ    ꯃꯃꯥꯡ ꯗꯒꯤ    ꯄꯔꯦ ꯡꯗ    ꯉꯥꯏ ꯕ    ꯌꯥꯎꯋꯤ꯫ ",117,33
748,"ꯑꯦꯄꯜꯒꯤ ꯄꯣꯠ ꯁꯧꯒꯠꯇꯨꯅ ꯃꯤꯌꯥꯥꯝꯗ ꯎꯍꯟꯕ ꯒꯥꯏ ꯀꯋꯥꯁꯥꯈꯤꯅ ꯕꯔꯦꯟꯙ ꯑꯃꯗ ꯄꯨꯡꯂꯨꯞ ꯂꯨꯞꯄ ꯑꯁꯤ ""ꯀꯩꯅꯣꯃꯗ ꯊꯦꯡꯅꯔꯨꯕꯅꯤ"" ꯍꯥꯏꯅ ꯍꯥꯏꯔꯝꯃꯤ, ꯑꯗꯨꯕꯨ ꯑꯩꯍꯥꯛꯅꯗꯤ ꯑꯦꯄꯜꯒꯤ ꯄꯣꯠꯁꯤꯡꯒ ""ꯃꯤꯌꯥꯝ ꯑꯁꯤꯒ ꯌꯥꯝꯅ ꯅꯛꯅꯕ ꯃꯔꯤ ꯂꯩ"" ꯍꯥꯏꯅ ꯏꯪ ꯲꯰꯱꯴ꯗ ꯁꯟꯗꯣꯛꯅ ꯇꯥꯛꯈꯤ꯫","ꯑꯦ ꯄ ꯜꯒꯤ    ꯄꯣꯠ    ꯁꯧꯒꯠ ꯇꯨꯅ    ꯃꯤ ꯌꯥ ꯥ ꯝꯗ    ꯎ ꯍꯟꯕ    ꯒ ꯥꯏ    ꯀ ꯋꯥ ꯁꯥ ꯈꯤ ꯅ    ꯕꯔ ꯦꯟ ꯙ    ꯑꯃꯗ    ꯄꯨ ꯡ ꯂꯨꯞ    ꯂꯨ ꯞꯄ    ꯑꯁꯤ    "" ꯀꯩ ꯅꯣ ꯃꯗ    ꯊꯦꯡꯅ ꯔꯨ ꯕ ꯅꯤ ""    ꯍꯥꯏꯅ    ꯍꯥꯏ ꯔꯝꯃꯤ,    ꯑꯗꯨꯕꯨ    ꯑꯩꯍꯥꯛ ꯅꯗꯤ    ꯑꯦ ꯄ ꯜꯒꯤ    ꯄꯣꯠ ꯁꯤꯡꯒ    "" ꯃꯤꯌꯥꯝ    ꯑꯁꯤꯒ    ꯌꯥꯝꯅ    ꯅꯛꯅꯕ    ꯃꯔꯤ    ꯂꯩ ""    ꯍꯥꯏꯅ    ꯏꯪ    ꯲꯰꯱ ꯴ꯗ    ꯁꯟꯗꯣꯛꯅ    ꯇꯥꯛ ꯈꯤ꯫ ",161,64
749,"ꯃꯁꯤ ꯏꯪ ꯱꯹꯹꯴ꯗ ꯁꯦꯇꯤꯂꯥꯏꯠ ꯇꯦꯂꯤꯚꯤꯖꯟ ꯄꯤꯕ ꯗꯤꯔꯦꯛ ꯇꯤꯚꯤꯅ ꯅꯣꯡꯃꯗ ꯄꯨꯡ ꯱꯳, ꯆꯌꯣꯜ ꯑꯃꯗ ꯅꯨꯃꯤꯠ ꯇꯔꯦꯠꯅꯤ ꯇ꯭ꯔꯥꯟꯁꯃꯤꯠ ꯇꯧꯕ ꯁꯕꯁꯀ꯭ꯔꯤꯞꯁꯟ ꯁꯔꯕꯤꯁ ꯑꯃ ꯑꯣꯏꯅ ꯍꯧꯗꯣꯛꯈꯤ꯫","ꯃꯁꯤ    ꯏꯪ    ꯱꯹꯹ ꯴ꯗ    ꯁꯦ ꯇꯤ ꯂꯥꯏꯠ    ꯇꯦꯂꯤꯚꯤꯖꯟ    ꯄꯤꯕ    ꯗꯤ ꯔꯦ ꯛ    ꯇꯤ ꯚꯤ ꯅ    ꯅꯣꯡ ꯃꯗ    ꯄꯨꯡ    ꯱꯳ ,    ꯆꯌꯣꯜ    ꯑꯃꯗ    ꯅꯨꯃꯤꯠ    ꯇꯔꯦ ꯠ ꯅꯤ    ꯇ꯭ꯔꯥꯟ ꯁꯃꯤ ꯠ    ꯇꯧꯕ    ꯁꯕ ꯁ ꯀ꯭ꯔꯤ ꯞ ꯁꯟ    ꯁꯔꯕꯤꯁ    ꯑꯃ    ꯑꯣꯏꯅ    ꯍꯧꯗꯣꯛꯈꯤ꯫ ",109,39
750,"ꯏꯪ ꯲꯰꯱꯹ ꯐꯥꯎꯕꯗ, ꯖꯤ ꯑꯦꯟꯇꯔꯇꯦꯟꯃꯦꯟꯇ ꯑꯦꯟꯇꯔꯄ꯭ꯔꯥꯏꯖꯦꯁ ꯂꯤꯃꯤꯇꯦꯠ (ꯖꯤꯏꯤꯏꯤꯑꯦꯜ) ꯑꯁꯤ ꯑꯦꯁꯦꯜ ꯒ꯭ꯔꯨꯞꯀꯤ ꯅꯥꯏꯇꯣꯝ ꯑꯣꯏꯕ ꯁꯦꯟꯗꯣꯡ ꯇꯥꯟꯕ ꯀꯝꯄꯅꯤ ꯑꯣꯏꯔꯝꯃꯤ: ꯒ꯭ꯔꯨꯞ ꯑꯁꯤꯅ ꯄꯨꯂꯞꯅ ꯀꯔꯣꯔ ꯲꯰,꯰꯰꯰ ꯃꯨꯛꯀꯤ ꯁꯦꯟ ꯇꯣꯟꯁꯜꯂꯝꯃꯤ (ꯏꯪ ꯲꯰꯲꯰ꯗ ꯕꯤꯂꯤꯌꯟ ꯲꯱꯰ ꯅꯠꯇ꯭ꯔꯒ ꯌꯨꯑꯦꯁ ꯗꯣꯂꯔꯗ ꯕꯤꯂꯤꯌꯟ ꯲","ꯏꯪ    ꯲꯰꯱꯹   ꯐꯥꯎꯕꯗ,    ꯖꯤ    ꯑꯦꯟ ꯇꯔ ꯇꯦꯟ ꯃꯦꯟ ꯇ    ꯑꯦꯟ ꯇꯔ ꯄ꯭ꯔꯥꯏ ꯖ ꯦꯁ    ꯂꯤꯃꯤ ꯇꯦꯠ    ( ꯖꯤ ꯏ ꯤ ꯏ ꯤ ꯑꯦꯜ )    ꯑꯁꯤ    ꯑꯦꯁꯦ ꯜ    ꯒ꯭ꯔꯨ ꯞꯀꯤ    ꯅꯥꯏ ꯇꯣ ꯝ    ꯑꯣꯏꯕ    ꯁꯦꯟꯗꯣ ꯡ    ꯇꯥꯟꯕ    ꯀꯝꯄꯅꯤ    ꯑꯣꯏꯔꯝ ꯃꯤ :    ꯒ꯭ꯔꯨ ꯞ    ꯑꯁꯤꯅ    ꯄꯨ ꯂ ꯞꯅ    ꯀꯔꯣꯔ    ꯲꯰ ,꯰꯰꯰    ꯃꯨ ꯛꯀꯤ    ꯁꯦꯟ    ꯇꯣ ꯟ ꯁ ꯜꯂ ꯝꯃꯤ    ( ꯏꯪ    ꯲꯰ ꯲꯰ꯗ    ꯕꯤꯂꯤꯌꯟ    ꯲ ꯱꯰    ꯅꯠꯇ꯭ꯔꯒ    ꯌꯨ ꯑꯦꯁ   ꯗꯣ ꯂ ꯔꯗ    ꯕꯤꯂꯤꯌꯟ    ꯲ ",186,72
751,꯶ꯒ ꯃꯥꯟꯅꯕ)꯫,꯶ ꯒ    ꯃꯥꯟ ꯅꯕ ) ꯫ ,9,6
752,ꯏꯤꯗꯤꯑꯦꯁꯅ ꯃꯇꯝ ꯃꯇꯨꯡ ꯏꯟꯅ ꯑꯦ,ꯏ ꯤ ꯗꯤ ꯑꯦꯁ ꯅ    ꯃꯇꯝ    ꯃꯇꯨꯡ    ꯏꯟꯅ    ꯑꯦ ,20,9
753,ꯇꯤ,ꯇꯤ ,2,1
754,"ꯀꯦꯌꯔꯅꯦ ꯗ ꯊꯕꯛ ꯆꯥꯝꯃꯃꯨꯛ ꯍꯦꯟꯅ ꯂꯧꯊꯣꯛꯈꯤ, ꯁꯦꯟꯒꯤ ꯇꯦꯡꯕꯥꯡ ꯀꯛꯊꯠꯈꯤ, ꯂꯣꯏꯁꯪꯒꯤ ꯊꯕꯛ ꯄꯨꯟꯁꯤꯟꯈꯤ ꯑꯃꯁꯨꯡ ꯂꯣꯏꯁꯤꯜꯂꯛꯄꯗ ꯑꯦ","ꯀꯦ ꯌꯔ ꯅꯦ    ꯗ    ꯊꯕꯛ    ꯆꯥ ꯝ ꯃꯃ ꯨꯛ    ꯍꯦꯟꯅ    ꯂꯧꯊꯣꯛ ꯈꯤ,    ꯁꯦꯟꯒꯤ    ꯇꯦꯡ ꯕꯥ ꯡ    ꯀꯛꯊꯠ ꯈꯤ,    ꯂꯣꯏꯁꯪꯒꯤ    ꯊꯕꯛ    ꯄꯨꯟꯁꯤꯟ ꯈꯤ    ꯑꯃꯁꯨꯡ    ꯂꯣꯏ ꯁꯤꯜꯂ ꯛꯄꯗ    ꯑꯦ ",82,27
755,ꯇꯤ,ꯇꯤ ,2,1
756,ꯀꯦꯌꯔꯅꯦꯒꯤ ꯃꯌꯥꯏ ꯂꯣꯏꯁꯪ ꯆꯤꯀꯥꯒꯣꯗꯒꯤ ꯇꯦꯛꯁꯥꯁ ꯄ꯭ꯂꯥꯅꯣꯗ ꯍꯣꯡꯈꯤ꯫,ꯀꯦ ꯌꯔ ꯅꯦ ꯒꯤ    ꯃꯌꯥꯏ    ꯂꯣꯏꯁꯪ    ꯆꯤ ꯀꯥ ꯒꯣ ꯗꯒꯤ    ꯇꯦꯛ ꯁꯥ ꯁ    ꯄ꯭ꯂꯥ ꯅꯣ ꯗ    ꯍꯣꯡ ꯈꯤ꯫ ,45,18
757,"ꯏꯪ ꯱꯹꯸꯰ꯒꯤ ꯃꯇꯨꯡꯒꯤ ꯔꯥꯠꯁꯤꯔꯥꯀꯥ ꯑꯃꯁꯨꯡ ꯖꯥꯐꯤ ꯂꯩꯉꯥꯛꯀꯤ ꯊꯧꯋꯣꯡꯅ ꯄꯔꯥꯁꯇꯥꯇꯥꯜꯁꯤꯡꯅ ꯅꯔꯅꯥꯏ ꯑꯣꯏꯔꯛꯄ ꯌꯦꯡꯉꯝꯃꯤ, ꯂꯧꯎ-ꯁꯤꯡꯎꯕꯒꯤ ꯀꯩꯊꯦꯟꯒꯤ ꯀꯥꯡꯕꯨ ꯀꯥꯏꯊꯔꯛꯄ, ꯃꯄꯥꯟ ꯂꯝꯗ ꯁꯦꯟ ꯊꯥꯗꯕꯒꯤ ꯍꯦꯟꯅ ꯌꯥꯝꯅ ꯆꯦꯛꯁꯟꯕ ꯅꯠꯇꯕ ꯑꯔꯣꯟꯕ ꯋꯥꯍꯩ, ꯕꯦꯡꯀꯀꯤ ꯏꯟꯗꯁꯇ꯭ꯔꯤ ꯑꯗꯨ ꯅꯔꯅꯥꯏꯒꯤ ꯑꯣꯟꯊꯣꯛꯄ, ꯆꯠꯅꯕꯤꯒꯤ ꯈꯦꯠꯅꯔꯛꯄ, ꯃꯔꯨ ꯑꯣꯏꯕ ꯄꯣꯠ ꯃꯄꯥꯟꯗ ꯊꯥꯗꯣꯛꯄ, ꯑꯃꯁꯨꯡ ꯆꯥꯅ ꯊꯛꯅꯕ ꯄꯨꯊꯣꯛꯄꯗ ꯁꯦꯟ ꯆꯥꯎꯅ ꯊꯥꯗꯕ ꯎꯈ꯭ꯔꯦ/ꯌꯦꯡꯁꯤꯟꯈ꯭꯭ꯔꯦ꯫","ꯏꯪ    ꯱꯹꯸꯰ꯒꯤ    ꯃꯇꯨꯡ ꯒꯤ    ꯔꯥ ꯠ ꯁꯤ ꯔꯥ ꯀꯥ    ꯑꯃꯁꯨꯡ    ꯖꯥ ꯐꯤ    ꯂꯩꯉꯥꯛꯀꯤ    ꯊꯧ ꯋ ꯣꯡ ꯅ    ꯄ ꯔꯥ ꯁꯇꯥ ꯇꯥ ꯜꯁꯤꯡꯅ    ꯅꯔ ꯅꯥꯏ    ꯑꯣꯏ ꯔꯛꯄ    ꯌꯦꯡ ꯉꯝ ꯃꯤ,    ꯂꯧꯎ-ꯁꯤꯡꯎ ꯕꯒꯤ    ꯀꯩ ꯊ ꯦꯟ ꯒꯤ    ꯀꯥꯡꯕꯨ    ꯀꯥꯏ ꯊ ꯔꯛꯄ ,    ꯃꯄꯥꯟ    ꯂꯝꯗ    ꯁꯦꯟ    ꯊꯥꯗ ꯕꯒꯤ    ꯍꯦꯟꯅ    ꯌꯥꯝꯅ    ꯆꯦꯛ ꯁꯟ ꯕ    ꯅꯠꯇꯕ    ꯑꯔꯣ ꯟꯕ    ꯋꯥꯍꯩ ,    ꯕꯦꯡ ꯀ ꯀꯤ    ꯏꯟꯗꯁꯇ꯭ꯔꯤ    ꯑꯗꯨ    ꯅꯔ ꯅꯥꯏꯒꯤ    ꯑꯣꯟ ꯊꯣꯛ ꯄ,    ꯆꯠꯅꯕꯤꯒꯤ    ꯈꯦꯠ ꯅ ꯔꯛꯄ ,    ꯃꯔꯨ    ꯑꯣꯏꯕ    ꯄꯣꯠ    ꯃꯄꯥꯟꯗ    ꯊꯥꯗꯣꯛ ꯄ,    ꯑꯃꯁꯨꯡ    ꯆꯥꯅ    ꯊꯛꯅꯕ    ꯄꯨꯊꯣꯛ ꯄꯗ    ꯁꯦꯟ    ꯆꯥꯎꯅ    ꯊꯥꯗꯕ    ꯎ ꯈ꯭ꯔꯦ / ꯌꯦꯡꯁꯤꯟ ꯈ꯭ ꯭ꯔꯦ ꯫ ",269,91
758,"ꯏꯤꯁꯤꯕꯤꯁꯤꯡꯗ ꯁꯦꯟꯗꯣꯡꯒꯤ ꯑꯣꯏꯕ ꯕꯦꯡꯀꯀꯤ ꯁꯦꯟ ꯄꯨꯍꯟꯕ, ꯂꯩꯒꯗꯧꯕꯁꯤꯡꯒꯤ ꯁꯦꯟ-ꯊꯨꯝ, ꯄꯣꯠ ꯄꯤꯔꯤꯕꯁꯤꯡꯒꯤ ꯁꯦꯟ-ꯊꯨꯝ, ꯂꯣꯏꯁꯪꯒꯤ ꯑꯣꯏꯕ ꯁꯦꯟ-ꯊꯨꯝ ꯃꯃꯜ ꯂꯦꯞꯇ꯭ꯔꯤꯕ ꯔꯦꯠ ꯅꯣꯠꯁꯤꯡ ꯑꯃꯁꯨꯡ ꯃꯃꯜ ꯂꯦꯞꯂꯕ ꯔꯦꯠ ꯕꯣꯟꯁꯤꯡ ꯑꯁꯤꯅ ꯆꯤꯡꯕ ꯃꯄꯥꯟꯒꯤ ꯁꯦꯟ-ꯊꯨꯝꯒꯤ ꯁꯤꯟꯊꯥꯡꯊꯧꯁꯤꯡꯗꯒꯤ ꯁꯦꯟ-ꯊꯨꯝꯒꯤ ꯆꯦꯛꯁꯟ ꯊꯧꯔꯥꯡ ꯄꯤꯔꯕ ꯈꯨꯠꯂꯥꯏꯁꯤꯡ ꯑꯃꯁꯨꯡ ꯏꯟꯇꯔꯅꯦꯁꯟꯅꯦꯜ ꯐꯥꯏꯅꯦꯟꯁ ꯀꯣꯔꯄꯣꯔꯦꯁꯟ (ꯋꯥꯁꯤꯡꯇꯟ), ꯑꯦꯗꯤꯕꯤ, ꯑꯦꯑꯦꯐꯑꯥꯏꯁꯤ, ꯁꯤꯗꯤꯁꯤ ꯑꯁꯤꯅ ꯆꯤꯡꯕ ꯅꯔꯅꯥꯏꯒꯤ ꯁꯦꯟꯊꯨꯝꯒꯤ ꯏꯟꯁꯇꯤꯇ꯭ꯌꯨꯁꯟꯁꯤꯡꯗꯒꯤ ꯁꯦꯟꯊꯨꯝ ꯄꯨꯕ ꯑꯁꯤ ꯌꯥꯎꯋꯤ꯫","ꯏ ꯤ ꯁꯤ ꯕꯤ ꯁꯤꯡꯗ    ꯁꯦꯟꯗ ꯣꯡ ꯒꯤ    ꯑꯣꯏꯕ    ꯕꯦꯡ ꯀ ꯀꯤ    ꯁꯦꯟ    ꯄꯨ ꯍꯟ ꯕ,    ꯂꯩ ꯒꯗꯧ ꯕꯁꯤꯡꯒꯤ    ꯁꯦꯟ- ꯊꯨꯝ ,    ꯄꯣꯠ    ꯄꯤ ꯔꯤ ꯕꯁꯤꯡꯒꯤ    ꯁꯦꯟ- ꯊꯨꯝ ,    ꯂꯣꯏꯁꯪꯒꯤ    ꯑꯣꯏꯕ    ꯁꯦꯟ- ꯊꯨꯝ    ꯃꯃꯜ    ꯂꯦꯞ ꯇ꯭ꯔꯤ ꯕ    ꯔꯦꯠ    ꯅꯣ ꯠꯁꯤꯡ    ꯑꯃꯁꯨꯡ    ꯃꯃꯜ    ꯂꯦꯞ ꯂꯕ    ꯔꯦꯠ    ꯕꯣ ꯟꯁꯤꯡ    ꯑꯁꯤꯅ    ꯆꯤꯡ ꯕ    ꯃꯄꯥꯟꯒꯤ    ꯁꯦꯟ-ꯊꯨꯝꯒꯤ    ꯁꯤꯟ ꯊꯥꯡ ꯊꯧ ꯁꯤꯡꯗꯒꯤ    ꯁꯦꯟ-ꯊꯨꯝꯒꯤ    ꯆꯦꯛ ꯁꯟ    ꯊꯧꯔꯥꯡ    ꯄꯤꯔꯕ    ꯈꯨꯠꯂꯥꯏꯁꯤꯡ    ꯑꯃꯁꯨꯡ    ꯏꯟꯇꯔ ꯅꯦꯁ ꯟ ꯅꯦꯜ    ꯐꯥꯏ ꯅꯦꯟ ꯁ    ꯀꯣꯔꯄꯣꯔꯦꯁꯟ    ( ꯋꯥ ꯁꯤꯡ ꯇꯟ ),    ꯑꯦ ꯗꯤꯕꯤ ,    ꯑꯦ ꯑꯦꯐ ꯑꯥꯏ ꯁꯤ ,    ꯁꯤ ꯗꯤ ꯁꯤ    ꯑꯁꯤꯅ    ꯆꯤꯡ ꯕ    ꯅꯔ ꯅꯥꯏꯒꯤ    ꯁꯦꯟ ꯊꯨꯝꯒꯤ    ꯏꯟꯁꯇꯤꯇ꯭ꯌꯨ ꯁꯟ ꯁꯤꯡꯗꯒꯤ    ꯁꯦꯟ ꯊꯨꯝ    ꯄꯨꯕ    ꯑꯁꯤ    ꯌꯥꯎꯋꯤ꯫ ",330,102
759,ꯑꯦꯁꯕꯤꯑꯥꯏ ꯕꯣꯔꯗꯅ ꯃꯈꯣꯏꯒ ꯂꯣꯏꯅꯕ ꯕꯦꯡꯀ ꯃꯉꯥꯒ ꯚꯥꯔꯇꯤꯌꯥ ꯃꯥꯍꯤꯂꯥ ꯕꯦꯡꯀ ꯃꯈꯣꯏꯗ ꯄꯨꯟꯁꯤꯟꯕꯒꯤ ꯋꯥꯍꯧꯗꯣꯛ ꯑꯗꯨ ꯏꯪ ꯲꯰꯱꯶ꯒꯤ ꯃꯦ ꯱꯷ꯇ ꯑꯌꯥꯕ ꯄꯤꯈ꯭ꯔꯕ ꯊꯥ ꯑꯃꯒꯤ ꯃꯇꯨꯡꯗ ꯂꯥꯛꯈꯤ꯫,ꯑꯦꯁ ꯕꯤ ꯑ ꯥꯏ    ꯕꯣꯔ ꯗꯅ    ꯃꯈꯣꯏ ꯒ    ꯂꯣꯏꯅꯕ    ꯕꯦꯡ ꯀ    ꯃꯉꯥ ꯒ    ꯚꯥꯔ ꯇꯤꯌꯥ    ꯃꯥ ꯍꯤ ꯂꯥ    ꯕꯦꯡ ꯀ    ꯃꯈꯣꯏꯗ    ꯄꯨꯟꯁꯤꯟ ꯕꯒꯤ    ꯋꯥ ꯍꯧ ꯗꯣꯛ    ꯑꯗꯨ    ꯏꯪ    ꯲꯰꯱ ꯶ ꯒꯤ    ꯃꯦ    ꯱꯷ ꯇ    ꯑꯌꯥꯕ    ꯄꯤ ꯈ꯭ꯔꯕ    ꯊꯥ    ꯑꯃꯒꯤ    ꯃꯇꯨꯡꯗ    ꯂꯥꯛꯈꯤ꯫ ,112,41
760,ꯑꯃꯦꯔꯤꯀꯥꯟ ꯑꯦꯛꯁꯄ꯭ꯔꯦꯁ ꯑꯁꯤ ꯑꯄꯨꯟꯕ ꯔꯦꯚꯦꯅ꯭ꯌꯨꯗ ꯌꯨꯅꯥꯏꯇꯦꯗ ꯁ꯭ꯇꯦꯠꯁꯀꯤ ꯈ꯭ꯋꯥꯏꯗꯒꯤ ꯆꯥꯎꯕ ꯀꯣꯔꯄꯣꯔꯦꯁꯟꯁꯤꯡꯒꯤ ꯏꯪ ꯲꯰꯱꯸ ꯐꯣꯔꯆꯨꯟ ꯵꯰꯰ꯒꯤ ꯂꯤꯁꯠꯇ ꯸꯶ꯁꯨꯕꯗ ꯂꯩꯈꯤ꯫,ꯑꯃꯦꯔꯤ ꯀꯥꯟ    ꯑꯦꯛꯁ ꯄ꯭ꯔ ꯦꯁ    ꯑꯁꯤ    ꯑꯄꯨꯟꯕ    ꯔꯦ ꯚꯦ ꯅ꯭ꯌꯨ ꯗ    ꯌꯨꯅꯥꯏꯇꯦꯗ    ꯁ꯭ꯇꯦꯠꯁꯀꯤ    ꯈ꯭ꯋꯥꯏꯗꯒꯤ    ꯆꯥꯎꯕ    ꯀꯣꯔꯄꯣꯔ ꯦꯁꯟ ꯁꯤꯡꯒꯤ    ꯏꯪ    ꯲꯰꯱ ꯸    ꯐꯣꯔ ꯆꯨ ꯟ    ꯵ ꯰꯰ꯒꯤ    ꯂꯤꯁ ꯠꯇ    ꯸ ꯶ ꯁꯨꯕꯗ    ꯂꯩꯈꯤ꯫ ,109,32
761,"ꯈꯣꯡ ꯇꯧꯕ ꯑꯃꯗꯤ ꯅꯦꯆꯔꯦꯜ ꯒ꯭ꯌꯥꯁ ꯂꯧꯊꯣꯛꯄꯗ ꯁꯦꯜ ꯊꯥꯗꯕ ꯍꯦꯟꯒꯠꯈꯤ, ꯕꯦꯡꯀꯤꯡ ꯁꯦꯛꯇꯔꯗꯁꯨ ꯁꯦꯜ ꯊꯥꯗꯕꯁꯨ ꯍꯦꯟꯒꯠꯈꯤ꯫","ꯈꯣꯡ    ꯇꯧꯕ    ꯑꯃꯗꯤ    ꯅꯦ ꯆꯔꯦꯜ    ꯒ꯭ꯌꯥ ꯁ    ꯂꯧꯊꯣꯛ ꯄꯗ    ꯁꯦꯜ    ꯊꯥꯗꯕ    ꯍꯦꯟꯒꯠ ꯈꯤ,    ꯕꯦꯡ ꯀꯤꯡ    ꯁꯦ ꯛꯇꯔ ꯗꯁꯨ    ꯁꯦꯜ    ꯊꯥ ꯗꯕ ꯁꯨ    ꯍꯦꯟꯒꯠ ꯈꯤ꯫ ",74,24
762,ꯏꯪ ꯱꯹꯱꯳ ꯑꯃꯗꯤ ꯱꯹꯲꯹ꯒꯤ ꯃꯔꯛꯇ ꯃꯁꯤꯒꯤ ꯂꯧꯎ-ꯁꯤꯡꯉꯨꯒꯤ ꯃꯤꯔꯝꯗ ꯊꯥꯗꯣꯛꯄꯁꯤꯡ ꯑꯗꯨ ꯗꯣꯂꯔ ꯃꯤꯂꯤꯌꯟ ꯳ (ꯂꯐꯣꯏꯁꯤꯡꯗꯒꯤ ꯗꯣꯂꯔ ꯃꯤꯂꯤꯌꯟ ꯲) ꯗꯒꯤ ꯗꯣꯂꯔ ꯃꯤꯂꯤꯌꯟ ꯲꯵ (ꯂꯐꯣꯏꯁꯤꯡꯗꯒꯤ ꯗꯣꯂꯔ ꯃꯤꯂꯤꯌꯟ ꯲꯱)ꯗ ꯍꯦꯟꯒꯠꯈꯤ꯫,ꯏꯪ    ꯱꯹ ꯱꯳    ꯑꯃꯗꯤ    ꯱꯹꯲ ꯹ꯒꯤ    ꯃꯔꯛꯇ    ꯃꯁꯤꯒꯤ    ꯂꯧꯎ-ꯁꯤꯡ ꯉ ꯨ ꯒꯤ    ꯃꯤꯔ ꯝꯗ    ꯊꯥꯗꯣꯛ ꯄꯁꯤꯡ    ꯑꯗꯨ    ꯗꯣꯂꯔ    ꯃꯤꯂꯤꯌꯟ    ꯳    ( ꯂ ꯐ ꯣꯏ ꯁꯤꯡꯗꯒꯤ    ꯗꯣꯂꯔ    ꯃꯤꯂꯤꯌꯟ    ꯲ )    ꯗꯒꯤ    ꯗꯣꯂꯔ    ꯃꯤꯂꯤꯌꯟ    ꯲꯵    ( ꯂ ꯐ ꯣꯏ ꯁꯤꯡꯗꯒꯤ    ꯗꯣꯂꯔ    ꯃꯤꯂꯤꯌꯟ    ꯲ ꯱ )ꯗ    ꯍꯦꯟꯒꯠ ꯈꯤ꯫ ,135,45
763,"ꯑꯗꯨꯝ ꯑꯣꯏꯅꯃꯛ, ꯕꯤꯖꯤꯅꯦꯁ ꯁꯥꯏꯀꯜ ꯑꯗꯨꯒꯤ ꯁꯦꯟꯃꯤꯠꯂꯣꯟꯒꯤ ꯑꯀꯥ-ꯑꯀꯨꯝ ꯇꯧꯕꯁꯤꯡ ꯑꯗꯨꯅ ꯄꯣꯂꯦꯟꯒꯤ ꯊꯕꯛ ꯐꯪꯗꯕꯒꯤ ꯆꯥꯡ ꯑꯗꯨꯗ ꯑꯍꯣꯡꯕ ꯄꯨꯔꯛꯈꯤ, ꯃꯗꯨ ꯏꯪ ꯲꯰꯱꯳ꯒꯤ ꯑꯉꯟꯕ ꯐꯥꯎꯕꯗ ꯆꯥꯗ ꯱꯱ꯔꯣꯝ ꯌꯧꯈꯔꯦ꯫","ꯑꯗꯨꯝ    ꯑꯣꯏꯅꯃꯛ,    ꯕꯤꯖꯤꯅꯦꯁ    ꯁꯥꯏꯀꯜ    ꯑꯗꯨꯒꯤ    ꯁꯦꯟꯃꯤꯠꯂꯣꯟꯒꯤ    ꯑ ꯀꯥ -ꯑ ꯀꯨ ꯝ    ꯇꯧ ꯕꯁꯤꯡ    ꯑꯗꯨꯅ    ꯄꯣ ꯂꯦꯟꯒꯤ    ꯊꯕꯛ    ꯐꯪ ꯗꯕꯒꯤ    ꯆꯥꯡ    ꯑꯗꯨꯗ    ꯑꯍꯣꯡꯕ    ꯄꯨꯔꯛ ꯈꯤ,    ꯃꯗꯨ    ꯏꯪ    ꯲꯰꯱꯳ꯒꯤ    ꯑꯉꯟꯕ    ꯐꯥꯎꯕꯗ    ꯆꯥꯗ    ꯱꯱ ꯔꯣꯝ    ꯌꯧ ꯈ ꯔꯦ꯫ ",126,35
764,ꯏꯪ ꯲꯰꯰꯰ꯗ ꯕꯤ,ꯏꯪ    ꯲꯰ ꯰꯰ꯗ    ꯕꯤ ,9,4
765,ꯑꯦꯁ,ꯑꯦꯁ,3,1
766,ꯏ,ꯏ ,1,1
767,"ꯅ ꯃꯁꯤꯒꯤ ꯗꯤꯔꯥꯏꯕꯦꯇꯤꯕꯁ ꯃꯥꯔꯀꯦꯠ ꯍꯥꯡꯗꯣꯛꯅꯕ, ꯑꯦꯁ ꯑꯦꯟ ꯄꯤ ꯕꯤ","ꯅ    ꯃꯁꯤꯒꯤ    ꯗꯤ ꯔꯥꯏ ꯕꯦ ꯇꯤ ꯕꯁ    ꯃꯥꯔ ꯀꯦꯠ    ꯍꯥꯡꯗꯣꯛ ꯅꯕ,    ꯑꯦꯁ   ꯑꯦꯟ    ꯄꯤ    ꯕꯤ ",42,15
768,ꯑꯦꯁ,ꯑꯦꯁ,3,1
769,ꯏ,ꯏ ,1,1
770,ꯁꯦꯟꯁꯦꯛꯁꯀꯤ ꯇꯨꯡꯒꯤ ꯀꯟꯇ꯭ꯔꯦꯛꯁꯤꯡ ꯂꯩꯕ-ꯌꯣꯟꯕ ꯇꯧꯕꯗ ꯏꯟꯗꯦꯛꯁ ꯑꯁꯤ ꯁꯤꯖꯤꯟꯅꯈꯤ꯫,ꯁꯦꯟ ꯁꯦꯛ ꯁꯀꯤ    ꯇꯨꯡꯒꯤ    ꯀꯟ ꯇ꯭ꯔꯦ ꯛꯁꯤꯡ    ꯂꯩꯕ - ꯌꯣꯟꯕ    ꯇꯧꯕꯗ    ꯏꯟ ꯗꯦ ꯛꯁ    ꯑꯁꯤ    ꯁꯤꯖꯤꯟꯅꯈꯤ꯫ ,54,16
771,ꯏꯀ꯭ꯋꯤꯇꯤ ꯗꯤꯔꯥꯏꯚꯦꯇꯤꯕꯁꯤꯡꯒ ꯂꯣꯏꯅꯅ ꯑꯦꯁ ꯑꯦꯟ ꯄꯤ ꯕꯤ,ꯏꯀ ꯭ꯋꯤ ꯇꯤ    ꯗꯤ ꯔꯥꯏ ꯚꯦ ꯇꯤ ꯕ ꯁꯤꯡꯒ    ꯂꯣꯏꯅꯅ    ꯑꯦꯁ   ꯑꯦꯟ    ꯄꯤ    ꯕꯤ ,36,14
772,ꯑꯦꯁ,ꯑꯦꯁ,3,1
773,ꯏ,ꯏ ,1,1
774,"ꯁꯦꯟꯁꯦꯛꯁ ꯑꯣꯞꯁꯟꯁꯤꯡꯒꯤ ꯁꯦꯝꯒꯠꯄ ꯑꯗꯨ ꯏꯪ ꯲꯰꯰꯱ ꯑꯃꯗꯤ ꯲꯰꯰꯲ꯗ ꯃꯇꯨꯡ ꯇꯥꯔꯛꯈꯤ, ꯃꯁꯤꯅ ꯕꯤ","ꯁꯦꯟ ꯁꯦ ꯛꯁ    ꯑꯣꯞ ꯁꯟ ꯁꯤꯡꯒꯤ    ꯁꯦꯝꯒꯠꯄ    ꯑꯗꯨ    ꯏꯪ    ꯲꯰꯰ ꯱    ꯑꯃꯗꯤ    ꯲꯰꯰ ꯲ꯗ    ꯃꯇꯨꯡ    ꯇꯥꯔꯛ ꯈꯤ,    ꯃꯁꯤꯅ    ꯕꯤ ",58,19
775,ꯑꯦꯁ,ꯑꯦꯁ,3,1
776,ꯏꯒꯤ ꯇ꯭ꯔꯦꯗꯤꯡ ꯄ꯭ꯂꯦꯠꯐꯣꯔꯝ ꯑꯗꯨ ꯄꯥꯛꯊꯣꯛ-ꯆꯥꯎꯈꯣꯛꯍꯟꯈꯤ꯫,ꯏ ꯒꯤ    ꯇ꯭ꯔꯦ ꯗꯤꯡ    ꯄ꯭ꯂꯦ ꯠ ꯐꯣꯔꯝ    ꯑꯗꯨ    ꯄꯥꯛ ꯊꯣꯛ- ꯆꯥꯎ ꯈ ꯣꯛ ꯍꯟꯈꯤ꯫ ,40,14
777,"ꯏꯪ ꯱꯹꯹꯷ꯗ, ꯑꯦꯐꯑꯦꯑꯣꯅ ꯀꯣꯟꯁꯔꯠꯁꯤꯡꯒꯤ ꯈꯣꯡꯖꯪ ꯑꯃ, ꯁꯥꯟꯅ-ꯈꯣꯠꯅꯕꯒꯤ ꯊꯧꯔꯝꯁꯤꯡ ꯑꯃꯁꯨꯡ ꯃꯤꯗꯤꯌꯥꯒꯤ ꯊꯧꯅ, ꯃꯃꯤꯡ ꯆꯠꯂꯕ ꯃꯤꯑꯣꯏꯁꯤ ꯑꯃꯁꯨꯡ ꯃꯊꯧ ꯇꯥꯕ ꯂꯩꯕꯥꯛ ꯑꯗꯨꯒꯤ ꯃꯤꯑꯣꯏꯁꯤꯡ ꯁꯤꯖꯤꯟꯅꯅꯕ ꯑꯇꯣꯞꯄ ꯊꯧꯔꯝꯁꯤꯡ ꯇꯧꯕ ꯇꯦꯂꯦꯐꯨꯠ ꯍꯧꯗꯣꯛꯈꯤ꯫","ꯏꯪ    ꯱꯹꯹ ꯷ ꯗ,    ꯑꯦꯐ ꯑꯦ ꯑꯣ ꯅ    ꯀꯣꯟ ꯁꯔ ꯠꯁꯤꯡꯒꯤ    ꯈꯣꯡꯖꯪ    ꯑꯃ,    ꯁꯥꯟꯅ-ꯈꯣꯠ ꯅꯕꯒꯤ    ꯊꯧꯔꯝꯁꯤꯡ    ꯑꯃꯁꯨꯡ    ꯃꯤꯗꯤ ꯌꯥꯒꯤ    ꯊꯧ ꯅ,    ꯃꯃꯤꯡ    ꯆꯠꯂꯕ    ꯃꯤꯑꯣꯏ ꯁꯤ    ꯑꯃꯁꯨꯡ    ꯃꯊꯧ    ꯇꯥꯕ    ꯂꯩꯕꯥꯛ    ꯑꯗꯨꯒꯤ    ꯃꯤꯑꯣꯏꯁꯤꯡ    ꯁꯤꯖꯤꯟꯅꯅꯕ    ꯑꯇꯣꯞꯄ    ꯊꯧꯔꯝꯁꯤꯡ    ꯇꯧꯕ    ꯇꯦ ꯂꯦ ꯐꯨꯠ    ꯍꯧꯗꯣꯛꯈꯤ꯫ ",153,39
778,"ꯕꯤꯖꯤꯅꯦꯁ ꯁꯔꯚꯤꯁꯁꯤꯡ: ꯔꯦꯖꯤꯁꯇꯔ ꯇꯧꯔꯕ ꯀꯝꯄꯅꯤ ꯶,꯳꯰,꯰꯰꯰, ꯑꯣꯟꯇꯄ꯭ꯔꯤꯅ꯭ꯌꯨꯑꯦꯜ ꯐꯦꯕ꯭ꯔꯤꯛ ꯑꯗꯨꯒꯤ ꯆꯥꯗ ꯱꯰","ꯕꯤꯖꯤꯅꯦꯁ    ꯁꯔꯚꯤ ꯁ ꯁꯤꯡ :    ꯔꯦꯖꯤ ꯁꯇꯔ    ꯇꯧꯔꯕ    ꯀꯝꯄꯅꯤ    ꯶ , ꯳꯰ ,꯰꯰꯰ ,    ꯑꯣꯟ ꯇ ꯄ꯭ꯔꯤ ꯅ꯭ꯌꯨ ꯑꯦꯜ    ꯐꯦ ꯕ꯭ꯔꯤ ꯛ    ꯑꯗꯨꯒꯤ    ꯆꯥꯗ    ꯱꯰ ",73,25
779,"꯳ꯒ ꯃꯥꯟꯅꯩ, ꯋꯔꯛ ꯌꯨꯅꯤꯠꯁꯤꯡ ꯲꯸,꯰꯰,꯰꯰꯰ ꯍꯦꯟꯅ ꯂꯩ꯫","꯳ ꯒ    ꯃꯥꯟ ꯅꯩ,    ꯋꯔ ꯛ    ꯌꯨꯅꯤ ꯠꯁꯤꯡ    ꯲ ꯸ ,꯰꯰ ,꯰꯰꯰    ꯍꯦꯟꯅ    ꯂꯩ꯫ ",35,14
780,ꯏꯪ ꯲꯰꯱꯷ꯇ ꯑꯦ,ꯏꯪ    ꯲꯰꯱ ꯷ꯇ    ꯑꯦ ,9,4
781,ꯑꯦꯟ,ꯑꯦꯟ ,3,1
782,ꯖꯦꯠ,ꯖꯦ ꯠ ,3,2
783,ꯅ ꯔꯤꯑꯦꯜꯑꯦꯁ ꯂꯟ-ꯊꯨꯝꯒꯤ ꯃꯃꯜ ꯀꯔꯤ ꯑꯣꯏꯕ ꯌꯥꯏ ꯇꯥꯛꯄꯒꯤ ꯁ꯭ꯇꯥꯔꯠ-ꯑꯞ ꯂꯧꯁꯤꯟꯈꯤ꯫,ꯅ    ꯔꯤ ꯑꯦꯜ ꯑꯦꯁ   ꯂꯟ- ꯊꯨꯝꯒꯤ    ꯃꯃꯜ    ꯀꯔꯤ    ꯑꯣꯏꯕ    ꯌꯥꯏ    ꯇꯥꯛ ꯄꯒꯤ    ꯁ꯭ꯇꯥꯔ ꯠ -ꯑ ꯞ    ꯂꯧꯁꯤꯟꯈꯤ꯫ ,53,17
784,"ꯃꯁꯤꯅ ꯑꯔꯕꯥꯟ ꯱,꯴꯸꯲ ꯑꯃꯗꯤ ꯃꯜꯇꯤ-ꯁ꯭ꯇꯦꯠ ꯀꯣꯑꯣꯄꯔꯦꯇꯤꯕ ꯕꯦꯡꯀ ꯵꯸ ꯑꯥꯔ","ꯃꯁꯤꯅ    ꯑꯔꯕ ꯥꯟ    ꯱, ꯴ ꯸ ꯲    ꯑꯃꯗꯤ    ꯃꯜ ꯇꯤ- ꯁ꯭ꯇꯦꯠ    ꯀꯣ ꯑꯣꯄꯔꯦ ꯇꯤꯕ    ꯕꯦꯡ ꯀ    ꯵ ꯸    ꯑꯥꯔ",47,19
785,ꯕꯤ,ꯕꯤ ,2,1
786,ꯑꯥꯏ,ꯑ ꯥꯏ ,3,2
787,ꯒꯤ ꯃꯤꯠꯌꯦꯡ ꯃꯈꯥꯗ ꯄꯨꯔꯛꯈꯤ꯫,ꯒꯤ    ꯃꯤꯠꯌꯦꯡ    ꯃꯈꯥꯗ    ꯄꯨꯔꯛꯈꯤ꯫ ,19,4
788,ꯑꯁꯨꯝꯅ ꯋꯨꯜꯋꯤꯆꯅ ꯕꯥꯔꯀ꯭ꯂꯦꯁ ꯀꯝꯄꯅꯤꯁꯤꯡꯒꯤ ꯀꯥꯡꯂꯨꯞꯇ ꯌꯥꯎꯈꯤ ꯑꯃꯗꯤ ꯂꯧꯁꯤꯟꯕ ꯑꯗꯨꯒꯤ ꯃꯇꯨꯡꯗ ꯋꯨꯜꯋꯤꯆ ꯃꯃꯤꯡ ꯑꯗꯨ ꯑꯗꯨꯃꯛ ꯊꯝꯈꯤ꯫,ꯑꯁꯨꯝꯅ    ꯋꯨ ꯜ ꯋꯤ ꯆ ꯅ    ꯕꯥꯔ ꯀ꯭ꯂ ꯦꯁ    ꯀꯝꯄꯅꯤ ꯁꯤꯡꯒꯤ    ꯀꯥꯡꯂꯨ ꯞꯇ    ꯌꯥꯎꯈꯤ    ꯑꯃꯗꯤ    ꯂꯧ ꯁꯤꯟꯕ    ꯑꯗꯨꯒꯤ    ꯃꯇꯨꯡꯗ    ꯋꯨ ꯜ ꯋꯤ ꯆ    ꯃꯃꯤꯡ    ꯑꯗꯨ    ꯑꯗꯨ ꯃꯛ    ꯊꯝꯈꯤ꯫ ,85,28
789,ꯏꯪ ꯲꯰꯱꯲ꯒꯤ ꯑꯣꯛꯇꯣꯕꯔꯗ ꯃꯁꯤꯅ ꯍꯟꯊꯔꯛꯂꯤꯕ ꯌꯣꯟꯕꯒꯤ ꯔꯦꯚꯦꯅ꯭ꯌꯨ ꯃꯥꯏꯌꯣꯛꯅꯕꯅ ꯆꯥꯗꯤꯡꯁꯤꯡ ꯍꯟꯊꯅꯕ ꯃꯁꯤꯒꯤ ꯁꯤꯟꯃꯤꯒꯤ ꯑꯍꯦꯟꯕ ꯆꯥꯗ ꯱꯵ ꯑꯃ ꯊꯕꯛꯇꯒꯤ ꯂꯧꯊꯣꯛꯅꯕꯒꯤ ꯊꯧꯔꯥꯡꯁꯤꯡ ꯂꯥꯎꯊꯣꯛꯈꯤ꯫,ꯏꯪ    ꯲꯰꯱꯲ꯒꯤ    ꯑꯣꯛꯇꯣ ꯕꯔꯗ    ꯃꯁꯤꯅ    ꯍꯟꯊꯔꯛ ꯂꯤꯕ    ꯌꯣꯟ ꯕꯒꯤ    ꯔꯦ ꯚꯦ ꯅ꯭ꯌꯨ    ꯃꯥꯏꯌꯣꯛ ꯅꯕ ꯅ    ꯆꯥꯗꯤꯡꯁꯤꯡ    ꯍꯟꯊ ꯅꯕ    ꯃꯁꯤꯒꯤ    ꯁꯤꯟ ꯃꯤꯒꯤ    ꯑꯍꯦꯟꯕ    ꯆꯥꯗ    ꯱꯵    ꯑꯃ    ꯊꯕꯛꯇꯒꯤ    ꯂꯧꯊꯣꯛ ꯅꯕꯒꯤ    ꯊꯧꯔꯥꯡ ꯁꯤꯡ    ꯂꯥꯎꯊꯣꯛꯈꯤ꯫ ,120,31
790,"ꯁꯤꯃꯦꯟꯁꯀꯤ ꯋꯥꯍꯟꯊꯣꯛ ꯑꯗꯨ ""ꯏꯟꯇꯔꯅꯦꯁꯅꯦꯜ"" ꯋꯥꯠ ꯑꯣꯏꯅ ꯂꯧꯈꯤ꯫","ꯁꯤ ꯃꯦꯟ ꯁꯀꯤ    ꯋꯥꯍꯟꯊꯣꯛ    ꯑꯗꯨ    "" ꯏꯟꯇꯔ ꯅꯦꯁꯅꯦ ꯜ ""    ꯋꯥ ꯠ    ꯑꯣꯏꯅ    ꯂꯧꯈꯤ꯫ ",42,14
791,ꯃꯁꯤꯒꯤ ꯃꯊꯛꯇ ꯕꯖꯥꯖ ꯒ꯭ꯔꯨꯞ ꯑꯁꯤꯅ ꯃꯍꯩ-ꯃꯁꯤꯡꯒꯤ ꯊꯕꯛ ꯀꯌꯥ ꯑꯃ ꯂꯧꯈꯠꯈ꯭ꯔꯦ꯫,ꯃꯁꯤꯒꯤ    ꯃꯊꯛꯇ    ꯕ ꯖꯥ ꯖ    ꯒ꯭ꯔꯨ ꯞ    ꯑꯁꯤꯅ    ꯃꯍꯩ -ꯃ ꯁꯤꯡꯒꯤ    ꯊꯕꯛ    ꯀꯌꯥ    ꯑꯃ    ꯂꯧꯈꯠ ꯈ꯭ꯔꯦ꯫ ,49,16
792,ꯏꯪ ꯲꯰꯱꯵ꯒꯤ ꯖꯦꯅꯨꯋꯥꯔꯤ-ꯃꯥꯔꯆꯀꯤ ꯇꯥꯡꯀꯛꯀꯤ ꯃꯅꯨꯡꯒꯤ ꯚꯥꯔꯠꯀꯤ ꯖꯤ,ꯏꯪ    ꯲꯰꯱꯵ꯒꯤ    ꯖꯦ ꯅꯨ ꯋꯥꯔꯤ - ꯃꯥꯔ ꯆꯀꯤ    ꯇꯥꯡꯀ ꯛꯀꯤ    ꯃꯅꯨꯡꯒꯤ    ꯚꯥꯔꯠꯀꯤ    ꯖꯤ ,44,13
793,ꯗꯤ,ꯗꯤ ,2,1
794,ꯄꯤ,ꯄꯤ ,2,1
795,ꯆꯥꯎꯈꯠꯂꯛꯄ ꯑꯗꯨ ꯆꯥꯏꯅꯥꯒꯤ ꯆꯥꯗ ꯷ꯀ ꯆꯥꯡꯗꯝꯅꯕꯗ ꯆꯥꯗ ꯷,ꯆꯥꯎꯈꯠ ꯂꯛꯄ    ꯑꯗꯨ    ꯆꯥꯏꯅꯥꯒꯤ    ꯆꯥꯗ    ꯷ ꯀ    ꯆꯥꯡꯗꯝꯅꯕꯗ    ꯆꯥꯗ    ꯷ ,35,10
796,"꯵ꯗ ꯂꯩꯈꯤ, ꯃꯁꯤꯅ ꯈ꯭ꯋꯥꯏꯗꯒꯤ ꯌꯥꯡꯅ ꯆꯥꯎꯈꯠꯂꯛꯂꯤꯕ ꯑꯆꯧꯕ ꯏꯀꯣꯅꯣꯃꯤ ꯑꯗꯨ ꯑꯣꯏꯍꯟꯈꯤ꯫","꯵ꯗ    ꯂꯩꯈꯤ,    ꯃꯁꯤꯅ    ꯈ꯭ꯋꯥꯏꯗꯒꯤ    ꯌꯥꯡ ꯅ    ꯆꯥꯎꯈꯠꯂꯛ ꯂꯤꯕ    ꯑꯆꯧꯕ    ꯏꯀꯣ ꯅꯣ ꯃꯤ    ꯑꯗꯨ    ꯑꯣꯏꯍꯟꯈꯤ꯫ ",55,14
797,ꯑꯁꯥꯡꯕ ꯃꯇꯝꯒꯤ ꯁꯦꯜ ꯊꯥꯗꯕꯁꯤꯡ ꯑꯁꯤ ꯆꯍꯤ ꯀꯌꯥ ꯑꯃ ꯊꯝꯒꯗꯧꯕꯅꯤ ꯑꯃꯗꯤ ꯑꯊꯨꯕ ꯃꯇꯝꯗ ꯌꯣꯟꯊꯣꯛꯅꯕꯒꯤ ꯄꯥꯟꯗꯝ ꯑꯣꯏꯗꯦ꯫,ꯑꯁꯥꯡꯕ    ꯃꯇꯝꯒꯤ    ꯁꯦꯜ    ꯊꯥ ꯗꯕꯁꯤꯡ    ꯑꯁꯤ    ꯆꯍꯤ    ꯀꯌꯥ    ꯑꯃ    ꯊꯝ ꯒꯗꯧ ꯕꯅꯤ    ꯑꯃꯗꯤ    ꯑꯊꯨꯕ    ꯃꯇꯝꯗ    ꯌꯣꯟ ꯊꯣꯛ ꯅꯕꯒꯤ    ꯄꯥꯟꯗꯝ    ꯑꯣꯏ ꯗꯦ꯫ ,72,21
798,"ꯏꯪ ꯲꯰꯱꯰ꯒꯤ ꯗꯤꯁꯦꯝꯕꯔ ꯲꯸ꯗ, ꯁꯔꯀꯥꯔꯒꯤ ꯅꯠꯇꯕ ꯂꯨꯞ ꯀꯣꯂꯤꯁꯟ ꯇꯨ ꯑꯞꯔꯨꯠ ꯔꯦꯒꯤꯡ ꯐꯔꯣꯝ ꯑꯦꯗꯨꯀꯦꯁꯟ (ꯁꯤ ꯌꯨ ꯑꯥꯔ ꯏ) ꯍꯧꯗꯣꯛꯄ ꯃꯤꯑꯣꯏ ꯑꯃ ꯑꯣꯏꯔꯤꯕ ꯍꯔꯁ ꯑꯒꯔꯋꯥꯜꯅ ꯍꯥꯟꯅꯒꯤ ꯑꯩꯆꯑꯥꯔꯗꯤꯒꯤ ꯃꯟꯇ꯭ꯔꯤ ꯑꯣꯏꯔꯝꯕ ꯑꯥꯔ","ꯏꯪ    ꯲꯰꯱꯰ꯒꯤ    ꯗꯤꯁꯦꯝꯕꯔ    ꯲ ꯸ ꯗ,    ꯁꯔꯀꯥꯔꯒꯤ    ꯅꯠꯇꯕ    ꯂꯨꯞ    ꯀꯣ ꯂꯤ ꯁꯟ    ꯇꯨ    ꯑꯞ ꯔꯨ ꯠ    ꯔꯦ ꯒꯤ ꯡ    ꯐ ꯔꯣꯝ    ꯑꯦ ꯗꯨ ꯀꯦꯁꯟ    ( ꯁꯤ    ꯌꯨ    ꯑꯥꯔ   ꯏ )    ꯍꯧ ꯗꯣꯛꯄ    ꯃꯤꯑꯣꯏ    ꯑꯃ    ꯑꯣꯏꯔꯤꯕ    ꯍꯔ ꯁ    ꯑ ꯒꯔ ꯋꯥ ꯜꯅ    ꯍꯥꯟꯅꯒꯤ    ꯑꯩꯆ ꯑꯥꯔ ꯗꯤꯒꯤ    ꯃꯟꯇ꯭ꯔꯤ    ꯑꯣꯏꯔꯝꯕ    ꯑꯥꯔ",133,48
799,ꯀꯦ ꯔꯥꯘꯥꯕꯟꯅ ꯂꯨꯆꯤꯡꯕ ꯈꯟꯅ ꯅꯩꯅꯅꯕꯒꯤ ꯃꯤꯍꯨꯠꯁꯤꯡ ꯔꯥꯘꯥꯕꯟ ꯀꯃꯤꯇꯤꯗ ꯃꯔꯨ ꯑꯣꯏꯕ ꯃꯃꯤꯔꯣꯏꯁꯤꯡ ꯑꯗꯨ ꯑꯍꯟꯈꯩꯅ ꯀꯔꯦꯝꯅꯅ ꯂꯛꯅꯕ ꯇꯧꯕꯒꯤ ꯊꯧꯗꯣꯛ ꯊꯣꯛꯐꯝ ꯃꯐꯝ ꯑꯃꯗ ꯅꯨꯡꯅꯥꯡꯕ ꯐꯣꯡꯗꯣꯛꯄ ꯑꯗꯨ ꯁꯟꯗꯣꯛꯅ ꯇꯥꯛ ꯑꯗꯨꯅ ꯆꯤꯊꯤ ꯑꯃ ꯏꯈꯤ ꯫,ꯀꯦ    ꯔꯥ ꯘꯥ ꯕ ꯟꯅ    ꯂꯨꯆꯤꯡꯕ    ꯈ ꯟꯅ    ꯅꯩ ꯅ ꯅꯕꯒꯤ    ꯃꯤꯍꯨ ꯠꯁꯤꯡ    ꯔꯥ ꯘꯥ ꯕ ꯟ    ꯀ ꯃꯤ ꯇꯤꯗ    ꯃꯔꯨ    ꯑꯣꯏꯕ    ꯃꯃꯤꯔꯣꯏ ꯁꯤꯡ    ꯑꯗꯨ    ꯑ ꯍꯟ ꯈ ꯩ ꯅ    ꯀ ꯔꯦ ꯝ ꯅꯅ    ꯂꯛ ꯅꯕ    ꯇꯧꯕꯒꯤ    ꯊꯧꯗꯣꯛ    ꯊꯣꯛ ꯐꯝ    ꯃꯐꯝ    ꯑꯃꯗ    ꯅꯨꯡ ꯅ ꯥꯡꯕ    ꯐꯣꯡ ꯗꯣꯛꯄ    ꯑꯗꯨ    ꯁꯟꯗꯣꯛꯅ    ꯇꯥꯛ    ꯑꯗꯨꯅ    ꯆꯤꯊꯤ    ꯑꯃ    ꯏ ꯈꯤ    ꯫ ,141,56
800,ꯍꯤꯡꯒꯠꯂꯛꯅꯕ ꯍꯣꯠꯅꯕꯁꯤꯡꯗ ꯑꯥꯔꯇꯤꯁꯇꯤꯛ ꯗꯤꯔꯦꯛꯇꯣꯔ ꯑꯣꯏꯅ ꯖꯣ-ꯆꯥꯔ꯭ꯜꯁ ꯗ ꯆꯦꯁꯇꯦꯜꯕꯖꯥꯛ ꯊꯕꯛ ꯍꯥꯞꯄꯁꯨ ꯑꯃꯁꯨꯡ ꯐꯣꯇꯣꯒꯥꯐꯔ ꯑꯣꯂꯤꯚꯤꯌꯦꯔꯣ ꯇꯣꯁꯀꯦꯅꯤꯕꯨ ꯑꯃꯨꯛ ꯍꯟꯅ ꯊꯕꯛ ꯍꯥꯞꯄꯁꯨ ꯌꯥꯎꯈꯤ꯫,ꯍꯤꯡꯒꯠ ꯂꯛ ꯅꯕ    ꯍꯣꯠ ꯅꯕ ꯁꯤꯡꯗ    ꯑꯥꯔꯇꯤ ꯁ ꯇꯤꯛ    ꯗꯤ ꯔꯦ ꯛ ꯇꯣꯔ    ꯑꯣꯏꯅ    ꯖꯣ - ꯆꯥꯔ ꯭ ꯜꯁ    ꯗ    ꯆ ꯦꯁ ꯇꯦ ꯜ ꯕ ꯖ ꯥꯛ    ꯊꯕꯛ    ꯍꯥꯞ ꯄ ꯁꯨ    ꯑꯃꯁꯨꯡ    ꯐꯣꯇꯣ ꯒꯥ ꯐꯔ    ꯑꯣꯂꯤ ꯚꯤ ꯌꯦ ꯔꯣ    ꯇꯣ ꯁ ꯀꯦ ꯅꯤꯕꯨ    ꯑꯃꯨꯛ    ꯍꯟꯅ    ꯊꯕꯛ    ꯍꯥꯞ ꯄ ꯁꯨ    ꯌꯥꯎꯈꯤ꯫ ,122,50
801,"ꯃꯦꯛꯁꯤꯀꯣꯗ ꯂꯩꯕ ꯄꯨꯟꯅ ꯊꯕꯛ ꯇꯧꯃꯤꯟꯅꯕ ꯂꯣꯏꯁꯪ ꯑꯣꯏꯅ ꯁꯦꯝꯒꯠꯄ ꯃꯁꯛꯅꯥꯏꯕ ꯃꯄꯥꯟ ꯂꯝꯒꯤ ꯀꯝꯄꯦꯅꯤꯁꯤꯡꯗ ꯁꯥꯃꯦꯛꯁ ꯁꯦꯝꯈꯤꯕ ꯁꯦꯝꯁꯪ ꯌꯥꯎꯋꯤ, ꯃꯐꯝ ꯑꯗꯨꯒꯤ ꯁꯥꯕ ꯂꯣꯏꯔꯕ ꯇꯦꯂꯤꯚꯤꯖꯟꯁꯤꯡ, ꯑꯉꯧꯕ ꯌꯨꯝꯗ ꯁꯤꯖꯤꯟꯅꯕ ꯏꯂꯦꯛꯇ꯭ꯔꯤꯛꯀꯤ ꯄꯣꯠꯂꯝꯁꯤꯡ, ꯑꯃꯁꯨꯡ ꯅꯝꯊꯣꯛꯂꯕ ꯆꯔꯀ꯭ꯋꯤꯠ ꯃꯄꯥꯛꯁꯤꯡ, ꯑꯦꯜꯁꯤꯗꯤ ꯄꯦꯅꯦꯜꯁꯤꯡ ꯑꯃꯁꯨꯡ ꯁꯦꯃꯤꯀꯟꯗꯛꯇꯔꯁꯤꯡꯒꯨꯝꯕ ꯏꯂꯦꯛꯇ꯭ꯔꯤꯛꯀꯤ ꯄꯣꯠꯁꯤꯡ ꯁꯦꯝꯁꯥꯔꯤꯕ ꯑꯃꯁꯨꯡ ꯄꯨꯊꯣꯛꯏꯕ; ꯑꯃꯁꯨꯡ ꯇꯣꯁꯤꯕꯥ, ꯑꯦꯂꯦꯛꯇ꯭ꯔꯤꯛꯀꯤ ꯃꯆꯥꯛꯁꯤꯡ, ꯇꯦꯂꯦꯚꯤꯖꯟꯁꯤꯡ ꯑꯃꯁꯨꯡ ꯏꯟꯗꯁꯇ꯭ꯔꯤꯗ ꯁꯤꯖꯤꯟꯅꯕ ꯄꯣꯠ ꯑꯆꯧꯕꯁꯤꯡ ꯄꯨꯊꯣꯛꯄ ꯃꯊꯟꯗ ꯆꯂꯥꯏꯕ ꯀꯝꯄꯦꯅꯤ ꯃꯆꯥ ꯑꯣꯏꯔꯤꯕ ꯑꯦꯁ","ꯃꯦꯛ ꯁꯤ ꯀꯣꯗ    ꯂꯩꯕ    ꯄꯨꯟꯅ    ꯊꯕꯛ    ꯇꯧꯃꯤꯟ ꯅꯕ    ꯂꯣꯏꯁꯪ    ꯑꯣꯏꯅ    ꯁꯦꯝꯒꯠꯄ    ꯃꯁ ꯛ ꯅꯥꯏꯕ    ꯃꯄꯥꯟ    ꯂꯝꯒꯤ    ꯀꯝꯄꯦ ꯅꯤ ꯁꯤꯡꯗ    ꯁꯥ ꯃꯦ ꯛꯁ    ꯁꯦꯝꯈꯤꯕ    ꯁꯦꯝ ꯁꯪ    ꯌꯥꯎ ꯋꯤ,    ꯃꯐꯝ    ꯑꯗꯨꯒꯤ    ꯁꯥꯕ    ꯂꯣꯏꯔꯕ    ꯇꯦꯂꯤꯚꯤ ꯖꯟ ꯁꯤꯡ,    ꯑꯉꯧꯕ    ꯌꯨꯝꯗ    ꯁꯤꯖꯤꯟꯅꯕ    ꯏꯂꯦꯛ ꯇ꯭ꯔꯤ ꯛꯀꯤ    ꯄꯣꯠꯂꯝ ꯁꯤꯡ,    ꯑꯃꯁꯨꯡ    ꯅꯝ ꯊꯣꯛꯂꯕ    ꯆꯔ ꯀ꯭ꯋꯤ ꯠ    ꯃ ꯄꯥꯛ ꯁꯤꯡ,    ꯑꯦꯜ ꯁꯤ ꯗꯤ    ꯄꯦ ꯅꯦ ꯜꯁꯤꯡ    ꯑꯃꯁꯨꯡ    ꯁꯦꯃꯤ ꯀꯟ ꯗ ꯛꯇꯔ ꯁꯤꯡꯒꯨꯝꯕ    ꯏꯂꯦꯛ ꯇ꯭ꯔꯤ ꯛꯀꯤ    ꯄꯣꯠꯁꯤꯡ    ꯁꯦꯝ ꯁ ꯥꯔꯤꯕ    ꯑꯃꯁꯨꯡ    ꯄꯨꯊꯣꯛ ꯏ ꯕ ;    ꯑꯃꯁꯨꯡ    ꯇꯣ ꯁꯤꯕꯥ ,    ꯑꯦ ꯂꯦꯛ ꯇ꯭ꯔꯤ ꯛꯀꯤ    ꯃꯆꯥꯛ ꯁꯤꯡ,    ꯇꯦ ꯂꯦ ꯚꯤ ꯖ ꯟꯁꯤꯡ    ꯑꯃꯁꯨꯡ    ꯏꯟꯗꯁꯇ꯭ꯔꯤ ꯗ    ꯁꯤꯖꯤꯟꯅꯕ    ꯄꯣꯠ    ꯑꯆꯧ ꯕꯁꯤꯡ    ꯄꯨꯊꯣꯛꯄ    ꯃꯊ ꯟꯗ    ꯆꯂꯥꯏꯕ    ꯀꯝꯄꯦꯅꯤ    ꯃꯆꯥ    ꯑꯣꯏꯔꯤꯕ    ꯑꯦꯁ",360,105
802,ꯑꯦ,ꯑꯦ ,2,1
803,ꯗꯤ ꯁꯤ,ꯗꯤ    ꯁꯤ ,4,2
804,ꯕꯤ ꯇꯣꯁꯤꯕ ꯗꯤ ꯃꯦꯛꯁꯤꯀꯣ ꯁꯦꯝꯕ ꯑꯁꯤ ꯌꯥꯎꯋꯤ ꯫,ꯕꯤ    ꯇꯣ ꯁꯤꯕ    ꯗꯤ    ꯃꯦꯛ ꯁꯤ ꯀꯣ    ꯁꯦꯝꯕ    ꯑꯁꯤ    ꯌꯥꯎꯋꯤ    ꯫ ,29,11
805,ꯏꯪ ꯲꯰꯱꯴ꯗ ꯁꯔꯀꯥꯔꯅ ꯏꯟꯁ꯭ꯌꯨꯔꯦꯟꯁ ꯁꯦꯛꯇꯔꯗ ꯐꯣꯔꯦꯟ ꯏꯟꯚꯦꯁꯠꯃꯦꯟꯇꯀꯤ ꯑꯞꯄꯔ ꯂꯤꯃꯤꯠ ꯑꯗꯨ ꯆꯥꯗ ꯲꯶ꯇꯒꯤ ꯆꯥꯗ ꯴꯹ ꯐꯥꯎꯕ ꯍꯦꯟꯒꯠꯍꯟꯈꯤ꯫,ꯏꯪ    ꯲꯰꯱ ꯴ꯗ    ꯁꯔꯀꯥꯔꯅ    ꯏꯟ ꯁ꯭ ꯌꯨ ꯔꯦꯟ ꯁ    ꯁꯦ ꯛꯇ ꯔꯗ    ꯐꯣꯔ ꯦꯟ    ꯏꯟ ꯚ ꯦꯁꯠ ꯃꯦꯟ ꯇ ꯀꯤ    ꯑ ꯞꯄꯔ    ꯂꯤ ꯃꯤꯠ    ꯑꯗꯨ    ꯆꯥꯗ    ꯲꯶ ꯇꯒꯤ    ꯆꯥꯗ    ꯴ ꯹    ꯐꯥꯎꯕ    ꯍꯦꯟꯒꯠ ꯍꯟꯈꯤ꯫ ,85,34
806,"ꯁꯦꯗꯨꯜꯗ ꯕꯦꯡꯀꯁꯤꯡ ꯑꯁꯤ ꯔꯤꯖꯔꯕ ꯕꯦꯡꯀ ꯑꯣꯐ ꯏꯟꯗꯤꯌꯥ ꯑꯦꯛ, ꯱꯹꯳꯴ꯒꯤ ꯲ꯁꯨꯕ ꯁꯦꯗꯨꯜꯒꯤ ꯃꯈꯥꯗ ꯌꯥꯎꯕꯁꯤꯡ ꯑꯗꯨꯕꯨꯅꯤ꯫","ꯁꯦ ꯗꯨ ꯜꯗ    ꯕꯦꯡ ꯀ ꯁꯤꯡ    ꯑꯁꯤ    ꯔꯤꯖ ꯔꯕ    ꯕꯦꯡ ꯀ    ꯑꯣꯐ    ꯏꯟꯗꯤꯌꯥ    ꯑꯦꯛ ,    ꯱꯹꯳ ꯴ꯒꯤ    ꯲ ꯁꯨꯕ    ꯁꯦ ꯗꯨ ꯜꯒꯤ    ꯃꯈꯥꯗ    ꯌꯥꯎ ꯕꯁꯤꯡ    ꯑꯗꯨꯕꯨ ꯅꯤ꯫ ",74,27
807,ꯃꯁꯤꯗ ꯅꯨꯉꯥꯏꯅ ꯄꯣꯊꯅꯕ ꯃꯐꯝ ꯑꯁꯤꯗ ꯏꯟꯆꯤ ꯶꯰,ꯃꯁꯤꯗ    ꯅꯨ ꯉꯥꯏ ꯅ    ꯄꯣ ꯊ ꯅꯕ    ꯃꯐꯝ    ꯑꯁꯤꯗ    ꯏꯟꯆꯤ    ꯶꯰ ,28,11
808,"꯶ (ꯁꯦꯟꯇꯤꯃꯤꯇꯔ ꯱꯵꯴)- ꯄꯥꯛꯄ ꯍꯤꯞꯊꯍꯟꯕ ꯌꯥꯕ ꯁꯣꯐꯥ ꯑꯅꯤ ꯑꯃꯁꯨꯡ ꯏꯟꯆꯤ ꯳꯲ (ꯁꯦꯟꯇꯤꯃꯤꯇꯔ ꯸꯱)ꯒꯤ ꯇꯤꯚꯤ ꯃꯣꯅꯤꯇꯔ ꯌꯥꯎꯋꯤ: ꯀꯥ ꯑꯗꯨꯒ ꯁꯝꯅꯕ ꯁꯥꯋꯔ ꯌꯥꯎꯕ ꯏꯔꯨꯖꯐꯝ; ꯐꯥꯃꯨꯡ ꯀꯥꯗ ꯏꯟꯆꯤ ꯸꯲ (ꯁꯦꯟꯇꯤꯃꯤꯇꯔ ꯲꯱꯰)-ꯁꯥꯡꯕ, ꯏꯟꯆꯤ ꯴꯷","꯶    ( ꯁꯦꯟ ꯇꯤ ꯃꯤꯇꯔ    ꯱꯵ ꯴ ) -    ꯄꯥꯛꯄ    ꯍꯤ ꯞ ꯊ ꯍꯟꯕ    ꯌꯥꯕ    ꯁꯣꯐ ꯥ    ꯑꯅꯤ    ꯑꯃꯁꯨꯡ    ꯏꯟꯆꯤ    ꯳ ꯲    ( ꯁꯦꯟ ꯇꯤ ꯃꯤꯇꯔ    ꯸ ꯱ )ꯒꯤ    ꯇꯤ ꯚꯤ    ꯃꯣ ꯅꯤ ꯇꯔ    ꯌꯥꯎ ꯋꯤ :    ꯀꯥ    ꯑꯗꯨꯒ    ꯁꯝꯅꯕ    ꯁꯥ ꯋꯔ    ꯌꯥꯎꯕ    ꯏ ꯔꯨ ꯖ ꯐꯝ ;    ꯐꯥ ꯃꯨꯡ    ꯀꯥꯗ    ꯏꯟꯆꯤ    ꯸ ꯲    ( ꯁꯦꯟ ꯇꯤ ꯃꯤꯇꯔ    ꯲ ꯱꯰ ) - ꯁꯥꯡ ꯕ,    ꯏꯟꯆꯤ    ꯴ ꯷ ",144,67
809,"꯵ (ꯁꯦꯟꯇꯤꯃꯤꯇꯔ-꯱꯲꯱)-ꯄꯥꯛꯄ ꯐꯃꯨꯡ, ꯏꯟꯆꯤ ꯲꯷ ( ꯁꯦꯟꯇꯤꯃꯤꯇꯔ-꯶꯹)ꯒꯤ ꯇꯤꯚꯤ ꯃꯣꯅꯤꯇꯣꯔ ꯁꯨ ꯌꯥꯎꯋꯤ ꯑꯃꯁꯨꯡ ꯅꯔꯅꯥꯏꯒꯤ ꯌꯨꯝꯒꯤ ꯃꯀꯨꯞ ꯃꯇꯥ ꯊꯕꯛ ꯇꯧꯕꯒꯤ ꯃꯀꯣꯛ ꯑꯃꯒ ꯌꯥꯎꯋꯤ꯫","꯵    ( ꯁꯦꯟ ꯇꯤ ꯃꯤ ꯇꯔ - ꯱꯲ ꯱ ) - ꯄꯥꯛꯄ    ꯐ ꯃ ꯨꯡ ,    ꯏꯟꯆꯤ    ꯲ ꯷    (   ꯁꯦꯟ ꯇꯤ ꯃꯤ ꯇꯔ - ꯶ ꯹ )ꯒꯤ    ꯇꯤ ꯚꯤ    ꯃꯣ ꯅꯤ ꯇꯣꯔ    ꯁꯨ    ꯌꯥꯎꯋꯤ    ꯑꯃꯁꯨꯡ    ꯅꯔ ꯅꯥꯏꯒꯤ    ꯌꯨꯝꯒꯤ    ꯃ ꯀꯨ ꯞ    ꯃꯇ ꯥ    ꯊꯕꯛ    ꯇꯧꯕꯒꯤ    ꯃꯀꯣꯛ    ꯑꯃꯒ    ꯌꯥꯎꯋꯤ꯫ ",111,49
810,ꯑꯍꯥꯟꯕꯒꯤ ꯑꯗꯨꯅ ꯄꯣꯠꯊꯣꯛ ꯄꯨꯊꯣꯛꯄ ꯂꯩꯍꯟꯅꯕ ꯗꯤꯖꯥꯏꯟ ꯇꯧꯕ ꯀꯟꯖ꯭ꯌꯨꯃꯔ ꯏꯀꯣꯅꯣꯃꯤ ꯑꯃꯅꯤ ꯑꯗꯨꯒ ꯑꯀꯣꯟꯕꯒꯤ ꯑꯗꯨꯅ ꯇꯣꯇꯦꯂꯤꯇꯔꯤꯑꯟ ꯑꯣꯏꯅ ꯈꯨꯟꯅꯥꯏ ꯂꯥꯛꯁꯤꯟꯕꯒꯤ ꯄꯥꯝꯕꯩ ꯑꯃ ꯑꯣꯏꯅ ꯗꯤꯖꯥꯏꯟ ꯇꯧꯕ ꯁꯣꯔꯇꯦꯖ ꯏꯀꯣꯅꯣꯃꯤ ꯑꯃꯅꯤ꯫,ꯑꯍꯥꯟꯕꯒꯤ    ꯑꯗꯨꯅ    ꯄꯣꯠꯊꯣꯛ    ꯄꯨꯊꯣꯛꯄ    ꯂꯩ ꯍꯟꯅꯕ    ꯗꯤꯖꯥꯏ ꯟ    ꯇꯧꯕ    ꯀꯟ ꯖ ꯭ꯌꯨ ꯃꯔ    ꯏꯀꯣ ꯅꯣ ꯃꯤ    ꯑꯃꯅꯤ    ꯑꯗꯨꯒ    ꯑ ꯀꯣꯟ ꯕꯒꯤ    ꯑꯗꯨꯅ    ꯇꯣ ꯇꯦꯂꯤ ꯇ ꯔꯤ ꯑ ꯟ    ꯑꯣꯏꯅ    ꯈꯨꯟ ꯅꯥꯏ    ꯂꯥꯛ ꯁꯤꯟꯕꯒꯤ    ꯄꯥꯝꯕꯩ    ꯑꯃ    ꯑꯣꯏꯅ    ꯗꯤꯖꯥꯏ ꯟ    ꯇꯧꯕ    ꯁꯣꯔ ꯇꯦ ꯖ    ꯏꯀꯣ ꯅꯣ ꯃꯤ    ꯑꯃꯅꯤ꯫ ,140,46
811,"ꯏꯪ ꯲꯰꯱꯳ ꯃꯃꯥꯡꯗ, ꯚꯥꯔꯠꯀꯤ ꯀꯝꯄꯦꯅꯤꯁꯤꯡ ꯃꯈꯣꯏꯒꯤ ꯆꯦꯛꯁꯟ ꯊꯧꯔꯥꯡ ꯑꯗꯨ ꯚꯥꯔꯠꯇ ꯑꯥꯏꯄꯤꯑꯣ ꯑꯃ ꯍꯥꯟꯅ ꯂꯣꯏꯁꯟꯗ꯭ꯔꯤꯈꯩ ꯃꯥꯂꯦꯝꯒꯤ ꯊꯥꯛꯇ ꯍꯥꯞꯆꯟꯕ ꯌꯥꯔꯝꯗꯦ꯫","ꯏꯪ    ꯲꯰꯱ ꯳    ꯃꯃꯥꯡꯗ,    ꯚꯥꯔꯠꯀꯤ    ꯀꯝꯄꯦ ꯅꯤ ꯁꯤꯡ    ꯃꯈꯣꯏꯒꯤ    ꯆꯦꯛ ꯁꯟ    ꯊꯧꯔꯥꯡ    ꯑꯗꯨ    ꯚꯥꯔꯠꯇ    ꯑꯥꯏ ꯄꯤ ꯑꯣ    ꯑꯃ    ꯍꯥꯟꯅ    ꯂꯣꯏ ꯁꯟ ꯗ꯭ꯔꯤ ꯈꯩ    ꯃꯥꯂꯦꯝꯒꯤ    ꯊꯥꯛꯇ    ꯍꯥꯞ ꯆꯟꯕ    ꯌꯥ ꯔꯝ ꯗꯦ꯫ ",99,30
812,"ꯃꯇꯤꯛ ꯃꯌꯥꯏ ꯐꯣꯡꯗꯣꯛꯄ ""ꯑꯦꯄꯜ ꯉꯥꯎꯕ"" ꯋꯥꯍꯩ ꯁꯤꯖꯟꯅꯗꯨꯅ ꯑꯃꯁꯨꯡ ꯄꯣꯠ ꯑꯗꯨ ꯐꯣꯡꯗ꯭ꯔꯤꯉꯥꯏꯒꯤ ꯑꯁꯥꯡꯕ ꯋꯥꯍꯩ ꯄꯥꯔꯦꯡꯁꯤꯡ ꯑꯗꯨ ꯀꯔꯦꯝꯅꯗꯨꯅ ꯕꯔꯦꯟ ꯊꯖꯕꯒꯤ ꯆꯥꯡ ꯌꯥꯝꯅ ꯋꯥꯡꯕ ꯑꯁꯤ ꯐꯖꯅ ꯉꯥꯡꯅꯔꯦꯝꯗꯦ ꯑꯃꯁꯨꯡ ꯅꯣꯛꯅꯔꯝꯃꯤ ꯫","ꯃꯇꯤꯛ    ꯃꯌꯥꯏ    ꯐꯣꯡ ꯗꯣꯛꯄ    "" ꯑꯦ ꯄꯜ    ꯉ ꯥꯎ ꯕ""    ꯋꯥꯍꯩ    ꯁꯤꯖꯟ ꯅꯗꯨꯅ    ꯑꯃꯁꯨꯡ    ꯄꯣꯠ    ꯑꯗꯨ    ꯐꯣꯡ ꯗ꯭ꯔꯤ ꯉꯥꯏ ꯒꯤ    ꯑꯁꯥꯡꯕ    ꯋꯥꯍꯩ    ꯄꯥꯔ ꯦ ꯡꯁꯤꯡ    ꯑꯗꯨ    ꯀ ꯔꯦ ꯝꯅ ꯗꯨꯅ    ꯕꯔ ꯦꯟ    ꯊ ꯖ ꯕꯒꯤ    ꯆꯥꯡ    ꯌꯥꯝꯅ    ꯋꯥꯡꯕ    ꯑꯁꯤ    ꯐꯖꯅ    ꯉꯥꯡ ꯅ ꯔꯦ ꯝ ꯗꯦ    ꯑꯃꯁꯨꯡ    ꯅꯣꯛ ꯅ ꯔꯝꯃꯤ    ꯫ ",137,50
813,ꯏꯪ ꯲꯰꯰꯶ꯇ ꯅ꯭ꯌꯨ ꯌꯣꯔꯛ ꯁꯍꯔꯒꯤ ꯑꯦꯄꯜ ꯐꯤꯐꯠ ꯑꯦꯚꯦꯅ꯭ꯌꯨ ꯗꯨꯀꯥꯟ ꯍꯥꯡꯗꯣꯛꯄ ꯑꯗꯨ ꯃꯤ ꯌꯥꯝꯅ ꯇꯤꯟꯈꯤ ꯑꯃꯁꯨꯡ ꯊꯧꯗꯣꯛ ꯑꯗꯨꯒꯤꯗꯃꯛ ꯌꯨꯔꯣꯞꯇꯒꯤ ꯂꯝ ꯀꯣꯏꯕ ꯂꯥꯛꯄꯁꯤꯡ ꯄ꯭ꯂꯦꯟ ꯇꯣꯡꯗꯨꯅ ꯂꯥꯛꯈꯤ꯫,ꯏꯪ    ꯲꯰꯰ ꯶ꯇ    ꯅ꯭ꯌꯨ    ꯌꯣ ꯔꯛ    ꯁꯍꯔꯒꯤ    ꯑꯦ ꯄꯜ    ꯐꯤ ꯐꯠ    ꯑꯦ ꯚꯦ ꯅ꯭ꯌꯨ    ꯗꯨꯀꯥꯟ    ꯍꯥꯡ ꯗꯣꯛꯄ    ꯑꯗꯨ    ꯃꯤ    ꯌꯥꯝꯅ    ꯇꯤꯟ ꯈꯤ    ꯑꯃꯁꯨꯡ    ꯊꯧꯗꯣꯛ    ꯑꯗꯨꯒꯤꯗꯃꯛ    ꯌꯨꯔꯣ ꯞ ꯇꯒꯤ    ꯂꯝ    ꯀꯣꯏ ꯕ    ꯂꯥꯛ ꯄꯁꯤꯡ    ꯄ꯭ ꯂꯦꯟ    ꯇꯣꯡ ꯗꯨꯅ    ꯂꯥꯛꯈꯤ꯫ ,118,38
814,ꯃꯔꯩꯕꯥꯛꯀꯤ ꯄꯣꯠꯀꯤ ꯑꯄꯨꯟꯕꯗꯒꯤ ꯇꯨꯡꯁꯤꯟꯕꯒꯤ ꯆꯥꯡ ꯑꯗꯨ ꯲꯱,ꯃꯔ ꯩꯕ ꯥꯛ ꯀꯤ    ꯄꯣ ꯠꯀꯤ    ꯑ ꯄꯨꯟ ꯕꯗꯒꯤ    ꯇꯨꯡ ꯁꯤꯟꯕꯒꯤ    ꯆꯥꯡ    ꯑꯗꯨ    ꯲ ꯱ ,38,15
815,꯶%ꯗ ꯑꯃꯁꯨꯡ ꯃꯔꯩꯕꯥꯛꯀꯤ ꯄꯣꯠꯀꯤ ꯑꯄꯨꯟꯕꯒꯤ ꯱,꯶ % ꯗ    ꯑꯃꯁꯨꯡ    ꯃꯔ ꯩꯕ ꯥꯛ ꯀꯤ    ꯄꯣ ꯠꯀꯤ    ꯑ ꯄꯨꯟ ꯕꯒꯤ    ꯱ ,29,14
816,"꯶%ꯗ ꯃꯄꯥꯟ ꯂꯝꯒꯤ ꯇꯨꯡꯁꯤꯟꯕ ꯑꯗꯨꯒ ꯂꯣꯏꯅꯅ, ꯁꯦꯟꯊꯥꯗꯔꯤꯕ ꯑꯗꯨꯒꯤ ꯁꯦꯟ ꯇꯨꯡꯁꯤꯟꯕ ꯑꯗꯨ ꯃꯔꯩꯕꯥꯛꯀꯤ ꯑꯃꯁꯨꯡ ꯃꯥꯂꯦꯝꯒꯤ ꯃꯐꯝ ꯑꯇꯣꯞꯎꯗꯒꯤ ꯂꯥꯛꯀꯗꯧꯕꯅꯤ꯫","꯶ % ꯗ    ꯃꯄꯥꯟ    ꯂꯝꯒꯤ    ꯇꯨꯡꯁꯤꯟꯕ    ꯑꯗꯨꯒ    ꯂꯣꯏꯅꯅ,    ꯁꯦꯟ ꯊꯥꯗ ꯔꯤꯕ    ꯑꯗꯨꯒꯤ    ꯁꯦꯟ    ꯇꯨꯡꯁꯤꯟꯕ    ꯑꯗꯨ    ꯃꯔ ꯩꯕ ꯥꯛ ꯀꯤ    ꯑꯃꯁꯨꯡ    ꯃꯥꯂꯦꯝꯒꯤ    ꯃꯐꯝ    ꯑꯇꯣ ꯞ ꯎ ꯗꯒꯤ    ꯂꯥꯛ ꯀꯗꯧ ꯕꯅꯤ꯫ ",96,29
817,"ꯃꯀꯣꯛꯊꯣꯡꯕ ꯏꯟꯐꯣꯔꯃꯦꯁꯟ ꯑꯣꯐꯤꯁꯥꯔ ꯁꯤꯟꯗꯥ ꯍꯣꯜꯃꯦꯟꯒꯤ ꯌꯨ ꯑꯦꯁ ꯗꯣꯂꯔ ꯕꯤꯂ꯭ꯌꯟ ꯴ꯒꯤ ꯀꯝꯄ꯭ꯌꯨꯇꯔ ꯁꯥꯏꯟꯁ ꯀꯣꯔꯄꯣꯔꯦꯁꯟ ꯑꯦꯟ ꯑꯦꯆꯦꯟꯇ꯭ꯌꯣꯔꯒ ꯂꯩꯕ ꯆꯍꯤ ꯱꯰ꯒꯤ ꯃꯄꯥꯟꯗ ꯁꯤꯟꯊ ꯊꯥꯗꯣꯛꯄꯒꯤ ꯌꯥꯅꯆꯦ ꯑꯗꯨꯒꯤ ꯑꯀꯨꯞꯄ ꯋꯥꯔꯣꯜꯁꯤꯡ ꯃꯄꯥꯟꯗ ꯊꯕꯛ ꯑꯣꯏꯅ ꯄꯥꯡꯊꯣꯛꯅꯕ ꯊꯥꯗꯣꯛꯈꯤ, ꯃꯇꯧ ꯑꯁꯨꯝꯅ "" ꯀꯔꯤꯒꯨꯝꯕ ꯑꯩꯈꯣꯏꯅ ꯃꯅꯨꯡꯗ ꯇꯧꯔꯝꯂꯗꯤ ꯊꯧꯋꯣꯡ ꯄꯔꯤꯡ ꯑꯃꯥ ꯄꯨꯊꯣꯛꯀꯗꯕꯗꯨ"" ꯉꯥꯛꯊꯣꯛꯈꯤ꯫","ꯃꯀꯣꯛ ꯊꯣꯡꯕ    ꯏꯟ ꯐꯣꯔ ꯃꯦꯁꯟ    ꯑꯣꯐꯤ ꯁ ꯥꯔ    ꯁꯤꯟ ꯗꯥ    ꯍꯣꯜ ꯃꯦꯟ ꯒꯤ    ꯌꯨ    ꯑꯦꯁ   ꯗꯣꯂꯔ    ꯕꯤ ꯂ ꯭ꯌꯟ    ꯴ꯒꯤ    ꯀꯝꯄ꯭ꯌꯨꯇꯔ    ꯁꯥꯏ ꯟꯁ    ꯀꯣꯔꯄꯣꯔꯦꯁꯟ    ꯑꯦꯟ    ꯑꯦ ꯆꯦꯟ ꯇ꯭ꯌ ꯣ ꯔꯒ    ꯂꯩꯕ    ꯆꯍꯤ    ꯱꯰ꯒꯤ    ꯃꯄꯥꯟꯗ    ꯁꯤꯟ ꯊ    ꯊꯥꯗꯣꯛ ꯄꯒꯤ    ꯌꯥꯅ ꯆꯦ    ꯑꯗꯨꯒꯤ    ꯑꯀꯨꯞꯄ    ꯋꯥꯔꯣ ꯜꯁꯤꯡ    ꯃꯄꯥꯟꯗ    ꯊꯕꯛ    ꯑꯣꯏꯅ    ꯄꯥꯡꯊꯣꯛꯅꯕ    ꯊꯥꯗꯣꯛ ꯈꯤ,    ꯃꯇꯧ    ꯑꯁꯨꯝꯅ    ""    ꯀꯔꯤꯒꯨꯝꯕ    ꯑꯩꯈꯣꯏꯅ    ꯃꯅꯨꯡꯗ    ꯇꯧ ꯔꯝ ꯂ ꯗꯤ    ꯊꯧ ꯋꯣꯡ    ꯄꯔꯤꯡ    ꯑꯃꯥ    ꯄꯨꯊꯣꯛ ꯀ ꯗꯕ ꯗꯨ ""    ꯉꯥꯛ ꯊꯣꯛꯈꯤ꯫ ",235,71
818,ꯑꯂꯥꯁꯀꯥꯒꯤ ꯑꯦꯟꯀꯣꯔꯦꯖꯗ ꯂꯩꯕ ꯔꯣꯕꯔꯠ ꯕꯤ꯬ ꯑꯦꯠꯋꯨꯗ ꯕꯤꯜꯗꯤꯡ ꯑꯁꯤ ꯃꯇꯝ ꯑꯃꯗ ꯗꯤ ꯕꯦꯡꯀ ꯑꯣꯐ ꯑꯃꯦꯔꯤꯀꯥ ꯁꯦꯟꯇꯔ ꯍꯥꯏꯅ ꯀꯧꯔꯝꯕ ꯑꯁꯤ ꯕꯦꯡꯀ ꯑꯁꯤꯅ ꯕꯤꯜꯗꯤꯡ ꯑꯗꯨꯗ ꯚꯥꯔ ꯂꯧꯔꯒ ꯂꯩꯕ ꯁꯦꯀ꯭ꯌꯨꯔꯤꯇꯤ ꯄꯦꯁꯤꯐꯤꯛ ꯕꯦꯡꯀ ꯂꯧꯁꯤꯟꯕꯒ ꯂꯣꯢꯅꯅ ꯃꯃꯤꯡ ꯑꯁꯤꯗ ꯍꯣꯡꯈꯤ꯫,ꯑꯂꯥ ꯁ ꯀꯥꯒꯤ    ꯑꯦꯟ ꯀꯣ ꯔꯦ ꯖꯗ    ꯂꯩꯕ    ꯔꯣ ꯕꯔ ꯠ    ꯕꯤ ꯬   ꯑꯦ ꯠ ꯋꯨ ꯗ    ꯕꯤꯜ ꯗꯤꯡ    ꯑꯁꯤ    ꯃꯇꯝ    ꯑꯃꯗ    ꯗꯤ    ꯕꯦꯡ ꯀ    ꯑꯣꯐ    ꯑꯃꯦꯔꯤ ꯀꯥ    ꯁꯦꯟꯇꯔ    ꯍꯥꯏꯅ    ꯀꯧ ꯔꯝꯕ    ꯑꯁꯤ    ꯕꯦꯡ ꯀ    ꯑꯁꯤꯅ    ꯕꯤꯜ ꯗꯤꯡ    ꯑꯗꯨꯗ    ꯚꯥꯔ   ꯂꯧ ꯔꯒ    ꯂꯩꯕ    ꯁꯦꯀ꯭ꯌꯨ ꯔꯤꯇꯤ    ꯄꯦ ꯁꯤ ꯐꯤ ꯛ    ꯕꯦꯡ ꯀ    ꯂꯧꯁꯤꯟ ꯕꯒ    ꯂꯣ ꯢ ꯅꯅ    ꯃꯃꯤꯡ    ꯑꯁꯤꯗ    ꯍꯣꯡ ꯈꯤ꯫ ,157,60
819,ꯕꯤ,ꯕꯤ ,2,1
820,ꯁꯤ,ꯁꯤ ,2,1
821,ꯑꯥꯏ,ꯑ ꯥꯏ ,3,2
822,ꯑꯁꯤ ꯅ꯭ꯌꯨꯔꯣꯃꯣꯗꯨꯂꯦꯁꯟꯗꯒꯤ ꯈꯦꯠꯅꯩ ꯃꯔꯝꯗꯤ ꯃꯁꯤꯅ ꯕꯥꯏꯗꯤꯔꯦꯛꯁꯅꯦꯜ ꯏꯟꯐꯣꯔꯃꯦꯁꯟ ꯐ꯭ꯂꯣ ꯑꯗꯨ ꯌꯥꯍꯜꯂꯤ꯫,ꯑꯁꯤ    ꯅ꯭ꯌꯨ ꯔꯣ ꯃꯣ ꯗꯨ ꯂ ꯦꯁꯟ ꯗꯒꯤ    ꯈꯦꯠ ꯅꯩ    ꯃꯔꯝꯗꯤ    ꯃꯁꯤꯅ    ꯕꯥꯏ ꯗꯤ ꯔꯦ ꯛꯁ ꯅꯦꯜ    ꯏꯟ ꯐꯣꯔ ꯃꯦꯁꯟ    ꯐ꯭ ꯂꯣ    ꯑꯗꯨ    ꯌꯥꯍꯜꯂꯤ꯫ ,69,24
823,"ꯑꯗꯨꯕꯨ, ꯑꯁꯤꯒꯨꯝꯕ ꯃꯊꯪ ꯃꯊꯪ ꯆꯠꯊꯔꯛꯄꯒꯤ ꯄꯔꯤꯡ ꯁꯦꯝꯕꯁꯤꯡ ꯑꯁꯤ ꯄꯨꯛꯅꯤꯡ ꯆꯤꯡꯁꯤꯟꯕꯒꯤ ꯃꯍꯨꯠꯇ ꯏꯟꯊꯣꯛꯏ, ꯃꯁꯤꯅ ꯇꯥꯛꯄꯗꯤ ꯀꯥꯔꯤꯒꯨꯝꯕ ꯆꯥꯎꯈꯠꯂꯛꯏꯕ ꯍꯣꯡꯕ ꯅꯥꯏꯕ ꯄꯣꯠ ꯑꯁꯤ ꯄꯔꯤꯡ ꯑꯁꯤꯒꯤ ꯃꯄꯥꯟꯗ ꯂꯩꯔꯕꯗꯤ, ꯐꯅ ꯅꯛꯂꯕꯁ, ꯃꯁꯤ ꯄꯔꯤꯡ ꯑꯗꯨꯗ ꯆꯪꯉꯣꯏ ꯑꯃꯁꯨꯡ ꯇꯁꯦꯡꯅ ꯃꯗꯨꯗꯒꯤ ꯊꯩꯗꯣꯛꯔꯛꯀꯅꯤ꯫","ꯑꯗꯨꯕꯨ ,    ꯑꯁꯤꯒꯨꯝꯕ    ꯃꯊꯪ    ꯃꯊꯪ    ꯆꯠꯊ ꯔꯛ ꯄꯒꯤ    ꯄꯔꯤꯡ    ꯁꯦꯝ ꯕꯁꯤꯡ    ꯑꯁꯤ    ꯄꯨꯛꯅꯤꯡ    ꯆꯤꯡꯁꯤꯟ ꯕꯒꯤ    ꯃꯍꯨꯠꯇ    ꯏꯟ ꯊꯣꯛ ꯏ,    ꯃꯁꯤꯅ    ꯇꯥꯛꯄꯗꯤ    ꯀꯥꯔ ꯤ ꯒꯨꯝꯕ    ꯆꯥꯎꯈꯠꯂꯛ ꯏꯕ    ꯍꯣꯡꯕ    ꯅꯥꯏꯕ    ꯄꯣꯠ    ꯑꯁꯤ    ꯄꯔꯤꯡ    ꯑꯁꯤꯒꯤ    ꯃꯄꯥꯟꯗ    ꯂꯩꯔꯕꯗꯤ,    ꯐꯅ    ꯅꯛ ꯂꯕ ꯁ,    ꯃꯁꯤ    ꯄꯔꯤꯡ    ꯑꯗꯨꯗ    ꯆꯪ ꯉ ꯣꯏ    ꯑꯃꯁꯨꯡ    ꯇꯁꯦꯡꯅ    ꯃꯗꯨꯗꯒꯤ    ꯊꯩ ꯗꯣꯛ ꯔꯛ ꯀꯅꯤ꯫ ",181,51
824,"ꯂꯤꯞ ꯁꯦꯀꯦꯟ ꯑꯁꯤ ꯆꯞ ꯆꯥꯕ ꯃꯇꯝ ꯑꯗꯨꯒꯤ ꯈꯦꯠꯅꯕ ꯑꯗꯨ (ꯏꯟꯇꯔꯅꯦꯁꯅꯦꯜ ꯑꯦꯇꯣꯃꯤꯛ ꯇꯥꯏꯝ (ꯇꯤ ꯑꯦ ꯑꯥꯏ) ꯑꯦꯇꯣꯃꯤꯛ ꯘꯔꯤꯁꯤꯡꯅ ꯆꯥꯡ ꯑꯣꯟꯈꯤꯕꯗꯧꯅ), ꯑꯃꯁꯨꯡ ꯆꯥꯡꯅꯥꯏꯗꯕꯅ ꯊꯣꯛꯍꯟꯕ ꯈꯦꯠꯅꯕ ꯑꯃꯁꯨꯡ ꯃꯥꯂꯦꯝꯒꯤ ꯎꯡꯕꯗ ꯌꯥꯝꯅ ꯁꯥꯡꯕ ꯃꯇꯝꯒꯤ ꯇꯞꯊꯍꯟꯕ ꯑꯃ ꯑꯣꯏꯔꯤꯕ ꯆꯞꯆꯥꯗꯕ ꯅꯨꯃꯤꯠꯀꯤ ꯃꯇꯝ (ꯌꯨꯇꯤ꯱) ꯂꯩꯍꯟꯕ ꯌꯥꯅꯅꯕ ꯀꯣꯑꯣꯔꯗꯤꯅꯦꯇꯦꯠ ꯌꯨꯅꯤꯚꯔꯁꯦꯜ ꯇꯥꯏꯝ (ꯌꯨꯇꯤꯁꯤ)ꯗ ꯃꯔꯛ ꯃꯔꯛꯇ ꯄꯥꯟꯁꯟꯕ ꯁꯦꯀꯦꯟ ꯑꯃ ꯁꯦꯝꯗꯣꯛ ꯁꯦꯝꯖꯤꯟ ꯇꯧꯕꯅꯤ ꯫","ꯂꯤ ꯞ    ꯁꯦ ꯀꯦꯟ    ꯑꯁꯤ    ꯆꯞ    ꯆꯥꯕ    ꯃꯇꯝ    ꯑꯗꯨꯒꯤ    ꯈꯦꯠꯅꯕ    ꯑꯗꯨ    ( ꯏꯟꯇꯔꯅꯦꯁꯅꯦꯜ    ꯑꯦ ꯇꯣ ꯃꯤꯛ    ꯇꯥꯏꯝ    ( ꯇꯤ    ꯑꯦ    ꯑꯥꯏ )    ꯑꯦ ꯇꯣ ꯃꯤꯛ    ꯘ ꯔꯤ ꯁꯤꯡꯅ    ꯆꯥꯡ    ꯑꯣꯟ ꯈꯤꯕ ꯗꯧ ꯅ ),    ꯑꯃꯁꯨꯡ    ꯆꯥꯡ ꯅꯥꯏ ꯗꯕꯅ    ꯊꯣꯛꯍꯟꯕ    ꯈꯦꯠꯅꯕ    ꯑꯃꯁꯨꯡ    ꯃꯥꯂꯦꯝꯒꯤ    ꯎ ꯡ ꯕꯗ    ꯌꯥꯝꯅ    ꯁꯥꯡꯕ    ꯃꯇꯝꯒꯤ    ꯇꯞ ꯊ ꯍꯟꯕ    ꯑꯃ    ꯑꯣꯏꯔꯤꯕ    ꯆ ꯞ ꯆꯥ ꯗꯕ    ꯅꯨꯃꯤꯠꯀꯤ    ꯃꯇꯝ    ( ꯌꯨ ꯇꯤ ꯱ )    ꯂꯩ ꯍꯟꯕ    ꯌꯥ ꯅꯅꯕ    ꯀꯣ ꯑꯣꯔ ꯗꯤ ꯅꯦ ꯇꯦꯠ    ꯌꯨꯅꯤꯚ ꯔ ꯁꯦꯜ    ꯇꯥꯏꯝ    ( ꯌꯨ ꯇꯤ ꯁꯤ )ꯗ    ꯃꯔꯛ    ꯃꯔꯛꯇ    ꯄꯥꯟ ꯁꯟ ꯕ    ꯁꯦ ꯀꯦꯟ    ꯑꯃ    ꯁꯦꯝ ꯗꯣꯛ    ꯁꯦꯝꯖꯤꯟ    ꯇꯧꯕ ꯅꯤ    ꯫ ",264,96
825,ꯀ꯭ꯔꯦꯃꯔ ꯏꯠ ꯑꯦꯜ,ꯀ꯭ꯔꯦ ꯃꯔ    ꯏ ꯠ    ꯑꯦꯜ ,11,5
826,ꯅ ꯑꯣꯖꯥꯁꯤꯡꯒꯤ ꯃꯇꯥꯡꯗ ꯊꯤꯖꯤꯟꯕ ꯑꯃꯗ ꯁꯔꯚꯦ ꯑꯗꯨꯒꯤ ꯃꯅꯨꯡꯗ ꯄ꯭ꯔꯥꯏꯕꯦꯠ-ꯁꯦꯛꯇꯔꯒꯤ ꯑꯣꯖꯥꯁꯤꯡꯒꯤ ꯆꯥꯗ ꯲꯵ ꯑꯃꯗꯤ ꯄꯕ꯭ꯂꯤꯛ-ꯁꯦꯛꯇꯔꯒꯤ ꯃꯦꯗꯤꯀꯦꯜꯒꯤ ꯁꯤꯟꯃꯤꯁꯤꯡꯒꯤ ꯆꯥꯗ ꯴꯰ ꯌꯥꯎꯈꯤꯗꯦ ꯍꯥꯏꯕꯗꯨ ꯐꯪꯈꯤ꯫,ꯅ    ꯑꯣ ꯖꯥ ꯁꯤꯡꯒꯤ    ꯃꯇꯥꯡꯗ    ꯊꯤ ꯖꯤꯟꯕ    ꯑꯃꯗ    ꯁꯔ ꯚꯦ   ꯑꯗꯨꯒꯤ    ꯃꯅꯨꯡꯗ    ꯄ꯭ꯔꯥꯏ ꯕꯦ ꯠ- ꯁꯦ ꯛꯇ ꯔꯒꯤ    ꯑꯣ ꯖꯥ ꯁꯤꯡꯒꯤ    ꯆꯥꯗ    ꯲꯵    ꯑꯃꯗꯤ    ꯄꯕ꯭ꯂꯤ ꯛ- ꯁꯦ ꯛꯇ ꯔꯒꯤ    ꯃꯦꯗꯤ ꯀꯦꯜꯒꯤ    ꯁꯤꯟ ꯃꯤꯁꯤꯡꯒꯤ    ꯆꯥꯗ    ꯴꯰    ꯌꯥꯎ ꯈꯤꯗꯦ    ꯍꯥꯏꯕꯗꯨ    ꯐꯪꯈꯤ꯫ ,128,39
827,ꯏꯪ ꯱꯹꯲꯳ꯒꯤ ꯀꯣꯝꯄꯇꯟ ꯏꯐꯦꯛ ꯑꯗꯨꯅ ꯃꯁꯤꯒꯤ ꯀꯦꯁ ꯑꯁꯤꯗ ꯐꯣꯇꯣꯟ-ꯏꯂꯦꯛꯇ꯭ꯔꯣꯟ ꯁ꯭ꯀꯦꯇꯔꯤꯡꯒꯤ ꯄꯥꯔꯇꯤꯀꯜ ꯗꯦꯁꯀ꯭ꯔꯤꯞꯁꯟ ꯑꯃꯗ ꯁ꯭ꯄꯦꯁꯤꯑꯦꯜ ꯔꯤꯂꯦꯇꯤꯕꯤꯇꯤ ꯁꯤꯖꯤꯟꯅꯩ ꯍꯥꯏꯕꯒꯤ ꯑꯍꯦꯟꯕ ꯄ꯭ꯔꯃꯥꯟ ꯄꯤꯈꯤ꯫,ꯏꯪ    ꯱꯹꯲ ꯳ꯒꯤ    ꯀꯣꯝ ꯄ ꯇꯟ    ꯏ ꯐꯦ ꯛ    ꯑꯗꯨꯅ    ꯃꯁꯤꯒꯤ    ꯀꯦꯁ    ꯑꯁꯤꯗ    ꯐꯣꯇꯣ ꯟ -ꯏ ꯂꯦꯛ ꯇ꯭ꯔꯣ ꯟ    ꯁ꯭ ꯀꯦꯇ ꯔꯤ ꯡꯒꯤ    ꯄꯥꯔꯇꯤ ꯀꯜ    ꯗꯦꯁ ꯀ꯭ꯔꯤ ꯞ ꯁꯟ    ꯑꯃꯗ    ꯁ꯭ꯄꯦ ꯁꯤꯑꯦꯜ    ꯔꯤ ꯂꯦ ꯇꯤ ꯕꯤ ꯇꯤ    ꯁꯤꯖꯤꯟꯅꯩ    ꯍꯥꯏꯕꯒꯤ    ꯑꯍꯦꯟꯕ    ꯄ꯭ꯔ ꯃꯥꯟ    ꯄꯤꯈꯤ꯫ ,127,43
828,"ꯀꯔꯦꯟꯇ꯭ꯁ ꯑꯃꯁꯨꯡ ꯆꯥꯔꯖꯦꯁ (ꯍꯧꯔꯛꯐꯝꯁꯤꯡ)ꯗꯒꯤ ꯌꯥꯝꯅ ꯂꯥꯞꯄ ꯑꯦꯂꯦꯛꯇ꯭ꯔꯣꯃꯦꯒꯅꯦꯇꯤꯛ ꯂꯝ ꯑꯃ ꯑꯁꯤ ꯑꯦꯂꯦꯛꯇ꯭ꯔꯣꯃꯦꯒꯅꯦꯇꯤꯛ ꯔꯦꯗꯤꯌꯦꯁꯟ (ꯏꯑꯦꯝꯑꯥꯔ) ꯍꯥꯏꯅ ꯀꯧꯋꯤ, ꯃꯔꯝꯗꯤ ꯃꯁꯤ ꯍꯧꯔꯛꯐꯝꯒꯤ ꯆꯥꯔꯖꯦꯁꯁꯤꯡ ꯑꯃꯁꯨꯡ ꯀꯔꯦꯟꯇꯁꯤꯡꯗꯒꯤ ꯀꯥꯞꯊꯣꯛꯔꯛꯏ, ꯃꯈꯣꯏꯗ ""ꯍꯟꯅꯂꯥꯛꯄ ꯄꯥꯎ""ꯒꯤ ꯏꯊꯤꯜ ꯑꯃꯇ ꯂꯩꯇꯦ, ꯑꯃꯁꯨꯡ ꯃꯇꯝ ꯑꯗꯨꯗ ꯃꯈꯣꯏꯅ ꯍꯛꯊꯦꯡꯅꯅꯁꯨ ꯁꯣꯛꯍꯟꯗꯦ (ꯑꯗꯨꯒꯤ ꯃꯍꯨꯠꯇ, ꯃꯁꯤ ꯃꯈꯣꯏꯗꯒꯤ ꯃꯃꯥꯡꯗꯒꯤ ꯊꯣꯛꯈꯤꯕ ꯀꯥꯞꯊꯣꯛꯄꯒꯤ ꯂꯝꯗ ꯑꯍꯣꯡꯕ ꯄꯥꯔꯤꯡ ꯑꯃꯅ ꯅꯥꯀꯣꯏꯅꯅ ꯄꯨꯊꯣꯛꯏ)꯫","ꯀꯔ ꯦꯟ ꯇ ꯭ꯁ    ꯑꯃꯁꯨꯡ    ꯆꯥꯔ ꯖ ꯦꯁ    ( ꯍꯧꯔꯛ ꯐꯝ ꯁꯤꯡ ) ꯗꯒꯤ    ꯌꯥꯝꯅ    ꯂꯥ ꯞꯄ    ꯑꯦ ꯂꯦꯛ ꯇ꯭ꯔꯣ ꯃꯦ ꯒ ꯅꯦ ꯇꯤꯛ    ꯂꯝ    ꯑꯃ    ꯑꯁꯤ    ꯑꯦ ꯂꯦꯛ ꯇ꯭ꯔꯣ ꯃꯦ ꯒ ꯅꯦ ꯇꯤꯛ    ꯔꯦ ꯗꯤ ꯌ ꯦꯁꯟ    ( ꯏ ꯑꯦꯝ ꯑꯥꯔ )    ꯍꯥꯏꯅ    ꯀꯧ ꯋꯤ,    ꯃꯔꯝꯗꯤ    ꯃꯁꯤ    ꯍꯧꯔꯛ ꯐꯝꯒꯤ    ꯆꯥꯔ ꯖ ꯦꯁ ꯁꯤꯡ    ꯑꯃꯁꯨꯡ    ꯀꯔ ꯦꯟ ꯇ ꯁꯤꯡꯗꯒꯤ    ꯀꯥꯞ ꯊꯣꯛ ꯔꯛ ꯏ,    ꯃꯈꯣꯏꯗ    "" ꯍꯟ ꯅ ꯂꯥꯛꯄ    ꯄꯥꯎ "" ꯒꯤ    ꯏꯊꯤꯜ    ꯑꯃ ꯇ    ꯂꯩꯇꯦ ,    ꯑꯃꯁꯨꯡ    ꯃꯇꯝ    ꯑꯗꯨꯗ    ꯃꯈꯣꯏꯅ    ꯍꯛ ꯊꯦꯡꯅ ꯅꯁꯨ    ꯁꯣꯛ ꯍꯟ ꯗꯦ    ( ꯑꯗꯨꯒꯤ    ꯃꯍꯨ ꯠꯇ,    ꯃꯁꯤ    ꯃꯈꯣꯏ ꯗꯒꯤ    ꯃꯃꯥꯡ ꯗꯒꯤ    ꯊꯣꯛꯈꯤꯕ    ꯀꯥꯞ ꯊꯣꯛꯄꯒꯤ    ꯂꯝꯗ    ꯑꯍꯣꯡꯕ    ꯄꯥꯔꯤ ꯡ    ꯑꯃꯅ    ꯅꯥ ꯀꯣꯏ ꯅꯅ    ꯄꯨꯊꯣꯛ ꯏ ) ꯫ ",297,110
829,"ꯃꯊꯛꯇ ꯄꯥꯟꯈꯤꯕꯗꯧꯅ, ꯑꯅꯝꯕ ꯗꯤꯑꯦꯟꯑꯦ ꯃꯣꯂꯤꯀꯨꯜꯁꯤꯡ ꯑꯁꯤ ꯍꯦꯂꯤꯀꯦꯜ ꯃꯥꯑꯣꯡꯗ ꯅꯣꯟꯆꯣꯕꯦꯂꯦꯟꯇ ꯃꯔꯤꯁꯤꯡꯅ ꯐꯥꯖꯤꯟꯕ ꯄꯣꯂꯤꯃꯔ ꯃꯔꯤ ꯑꯅꯤ ꯅꯤ; ꯃꯁꯤꯒꯤ ꯃꯔꯤ ꯑꯅꯤ ꯆꯠꯄ ꯃꯥꯑꯣꯡ ꯑꯁꯤ ꯒꯤ ꯑꯃꯁꯨꯡ ꯁꯤ ꯏꯁꯇꯦꯛꯁꯤꯡꯒꯤ ꯈ꯭ꯋꯥꯏꯗꯒꯤ ꯃꯄꯥꯡꯒꯜ ꯀꯟꯕ ꯏꯟꯇ꯭ꯔꯁꯇꯦꯟ ꯕꯦꯁ ꯃꯊꯪ ꯃꯅꯥꯎ ꯂꯣꯟꯈꯠꯂꯒ ꯂꯩꯕ ꯃꯔꯤꯁꯤꯡ ꯑꯁꯤꯅ ꯑꯌꯥꯝꯕ ꯌꯦꯡꯁꯤꯜꯂꯤ꯫","ꯃꯊꯛꯇ    ꯄꯥꯟ ꯈꯤꯕ ꯗꯧ ꯅ,    ꯑ ꯅꯝꯕ    ꯗꯤ ꯑꯦꯟ ꯑꯦ    ꯃꯣ ꯂꯤ ꯀꯨ ꯜꯁꯤꯡ    ꯑꯁꯤ    ꯍꯦ ꯂꯤ ꯀꯦꯜ    ꯃꯥ ꯑꯣ ꯡꯗ    ꯅꯣ ꯟ ꯆꯣ ꯕꯦ ꯂꯦꯟ ꯇ    ꯃꯔꯤ ꯁꯤꯡꯅ    ꯐꯥ ꯖꯤꯟꯕ    ꯄꯣꯂꯤ ꯃꯔ    ꯃꯔꯤ    ꯑꯅꯤ    ꯅꯤ ;    ꯃꯁꯤꯒꯤ    ꯃꯔꯤ    ꯑꯅꯤ    ꯆꯠꯄ    ꯃꯥ ꯑꯣ ꯡ    ꯑꯁꯤ    ꯒꯤ    ꯑꯃꯁꯨꯡ    ꯁꯤ    ꯏꯁ ꯇꯦꯛ ꯁꯤꯡꯒꯤ    ꯈ꯭ꯋꯥꯏꯗꯒꯤ    ꯃꯄꯥꯡꯒꯜ    ꯀꯟꯕ    ꯏꯟ ꯇ꯭ꯔ ꯁꯇ ꯦꯟ    ꯕ ꯦꯁ    ꯃꯊꯪ    ꯃꯅꯥꯎ    ꯂꯣꯟ ꯈꯠ ꯂꯒ    ꯂꯩꯕ    ꯃꯔꯤ ꯁꯤꯡ    ꯑꯁꯤꯅ    ꯑꯌꯥꯝꯕ    ꯌꯦꯡ ꯁꯤꯜꯂꯤ꯫ ",201,72
830,"ꯑꯀꯟꯕ ꯅꯣꯡꯂꯩ ꯅꯨꯡꯁꯤꯠꯀꯤ ꯍꯧꯔꯛꯐꯝ, ꯑꯋꯥꯡꯕ ꯃꯐꯝꯒꯤ ꯑꯀꯣꯏꯕꯗ ꯑꯌꯦꯠ-ꯑꯄꯟ ꯊꯣꯛꯍꯟꯕꯒꯤ ꯍꯦꯟꯅ ꯂꯨꯕ ꯅꯤꯌꯣꯝ ꯈꯪꯕ ꯉꯝꯅꯕꯒꯤ ꯑꯉꯟꯕ ꯏꯡꯒꯤꯠꯀꯤ ꯃꯇꯥꯡꯗ ꯃꯍꯥꯛꯀꯤ ꯋꯥꯍꯪꯁꯤꯡ ꯑꯁꯤꯅ ꯄꯨꯗꯨꯅ ꯃꯍꯥꯛꯅ ꯑꯍꯥꯟꯕꯗ ꯃꯌꯥꯏ ꯑꯣꯏꯕ ꯃꯩꯁꯥ ꯑꯗꯨ ꯍꯟꯊꯕꯒꯤ ꯆꯥꯡꯒ ꯁꯥꯃꯨꯗ꯭ꯔꯒꯤ ꯂꯩꯃꯥꯏꯒꯤ ꯆꯥꯡꯗ ꯋꯥꯡꯈꯠꯄ ꯑꯗꯨ ꯍꯦꯟꯒꯠꯄ ꯑꯗꯨꯒꯤ ꯆꯥꯡꯒ ꯊꯤꯒꯠꯈꯤ ꯫","ꯑꯀꯟꯕ    ꯅꯣꯡ ꯂꯩ    ꯅꯨꯡꯁꯤꯠꯀꯤ    ꯍꯧꯔꯛ ꯐꯝ ,    ꯑꯋꯥꯡꯕ    ꯃꯐꯝꯒꯤ    ꯑꯀꯣꯏꯕꯗ    ꯑ ꯌꯦꯠ -ꯑ ꯄꯟ    ꯊꯣꯛꯍꯟ ꯕꯒꯤ    ꯍꯦꯟꯅ    ꯂꯨꯕ    ꯅꯤꯌꯣ ꯝ    ꯈꯪꯕ    ꯉꯝ ꯅꯕꯒꯤ    ꯑꯉꯟꯕ    ꯏ ꯡ ꯒꯤ ꯠꯀꯤ    ꯃꯇꯥꯡꯗ    ꯃꯍꯥꯛꯀꯤ    ꯋꯥꯍꯪ ꯁꯤꯡ    ꯑꯁꯤꯅ    ꯄꯨ ꯗꯨꯅ    ꯃꯍꯥꯛꯅ    ꯑꯍꯥꯟꯕꯗ    ꯃꯌꯥꯏ    ꯑꯣꯏꯕ    ꯃꯩ ꯁꯥ    ꯑꯗꯨ    ꯍꯟꯊ ꯕꯒꯤ    ꯆꯥꯡ ꯒ    ꯁꯥꯃꯨ ꯗ꯭ꯔ ꯒꯤ    ꯂꯩ ꯃꯥꯏꯒꯤ    ꯆꯥꯡꯗ    ꯋꯥꯡ ꯈꯠ ꯄ    ꯑꯗꯨ    ꯍꯦꯟꯒꯠ ꯄ    ꯑꯗꯨꯒꯤ    ꯆꯥꯡ ꯒ    ꯊꯤ ꯒꯠ ꯈꯤ    ꯫ ",202,65
831,"ꯀꯥꯔꯕꯣꯟ ꯁꯪꯒꯨꯁꯤꯡ ꯑꯁꯤ ꯑꯍꯥꯟꯕ ꯑꯣꯏꯅ ꯑꯦꯔꯤꯛ ꯑꯦ꯬ ꯔꯣꯍꯜꯐꯤꯡ, ꯗꯣꯅꯥꯜꯗ ꯑꯦꯝ ꯀꯣꯛꯁ ꯑꯃꯁꯨꯡ ꯑꯦꯟꯗ꯭ꯔꯤꯌꯨ ꯀꯥꯜꯗꯣꯔꯅ ꯏꯪ ꯱꯹꯸꯴ꯗ ꯒ꯭ꯔꯥꯐꯥꯏꯠꯄꯨ ꯂꯦꯖꯔ ꯑꯃꯅ ꯃꯅꯤꯟ ꯑꯣꯟꯊꯣꯛꯂꯒ ꯃꯅꯤꯟ ꯑꯗꯨ ꯑꯀꯣꯏꯕꯗ ꯍꯤꯂꯤꯌꯝꯒꯤ ꯅꯨꯡꯁꯤꯠꯅ ꯏꯡꯊꯍꯟꯈꯤꯕ ꯆꯥꯡꯌꯦꯡ ꯑꯃꯗ ꯊꯦꯡꯅꯈꯤꯕꯅꯤ꯫","ꯀꯥꯔ ꯕꯣ ꯟ    ꯁꯪ ꯒꯨ ꯁꯤꯡ    ꯑꯁꯤ    ꯑꯍꯥꯟꯕ    ꯑꯣꯏꯅ    ꯑꯦꯔꯤ ꯛ    ꯑꯦ ꯬   ꯔꯣ ꯍꯜ ꯐꯤ ꯡ,    ꯗꯣ ꯅꯥ ꯜꯗ    ꯑꯦ ꯝ    ꯀꯣꯛ ꯁ    ꯑꯃꯁꯨꯡ    ꯑꯦꯟ ꯗ꯭ꯔꯤ ꯌꯨ    ꯀꯥ ꯜ ꯗꯣ ꯔꯅ    ꯏꯪ    ꯱꯹꯸ ꯴ꯗ    ꯒ꯭ꯔꯥ ꯐꯥꯏ ꯠ ꯄꯨ    ꯂꯦ ꯖꯔ    ꯑꯃꯅ    ꯃꯅꯤ ꯟ    ꯑꯣꯟ ꯊꯣꯛ ꯂꯒ    ꯃꯅꯤ ꯟ    ꯑꯗꯨ    ꯑꯀꯣꯏꯕꯗ    ꯍꯤ ꯂꯤ ꯌ ꯝꯒꯤ    ꯅꯨꯡꯁꯤ ꯠꯅ    ꯏ ꯡ ꯊ ꯍꯟꯈꯤꯕ    ꯆꯥꯡꯌꯦꯡ    ꯑꯃꯗ    ꯊꯦꯡꯅ ꯈꯤꯕꯅꯤ꯫ ",166,65
832,"ꯑꯜꯒꯣꯔꯤꯊꯝ ꯑꯃꯒꯤ ꯑꯔꯨꯕ ꯈꯪꯗꯣꯛꯄ ꯍꯥꯏꯕꯒꯤ ꯋꯥꯍꯟꯊꯣꯛ ꯑꯁꯤ ꯑꯜꯒꯣꯔꯤꯊꯝ ꯈꯔ ꯄꯥꯡꯊꯣꯛꯅꯕ ꯄꯊꯥꯞ ꯑꯃꯒꯤ ꯇꯤꯟꯁꯟꯅꯕꯁꯤꯡ ꯑꯃꯁꯨꯡ ꯄꯨꯔꯤꯕꯁꯤꯡꯒꯨꯝ, ꯑꯋꯥꯡꯕ ꯄꯟꯈꯩ ꯅꯠꯇ꯭ꯔꯒ ꯍꯤꯔꯝ ꯑꯗꯨꯒꯤ ꯈ꯭ꯋꯥꯏꯗꯒꯤ ꯆꯝꯕ ꯊꯧꯋꯣꯡ ꯀꯌꯥ ꯃꯊꯧ ꯇꯥꯕꯒꯦ, ꯈꯨꯗꯝ ꯑꯣꯏꯅ ꯃꯦꯇ꯭ꯔꯤꯁꯀꯤ ꯄꯨꯔꯤꯕ, ꯑꯗꯨ ꯈꯪꯗꯣꯛꯄꯅꯤ꯫","ꯑꯜ ꯒꯣꯔꯤ ꯊꯝ    ꯑꯃꯒꯤ    ꯑꯔꯨꯕ    ꯈꯪ ꯗꯣꯛꯄ    ꯍꯥꯏꯕꯒꯤ    ꯋꯥꯍꯟꯊꯣꯛ    ꯑꯁꯤ    ꯑꯜ ꯒꯣꯔꯤ ꯊꯝ    ꯈꯔ    ꯄꯥꯡꯊꯣꯛꯅꯕ    ꯄꯊꯥꯞ    ꯑꯃꯒꯤ    ꯇꯤꯟ ꯁꯟ ꯅꯕꯁꯤꯡ    ꯑꯃꯁꯨꯡ    ꯄꯨ ꯔꯤꯕ ꯁꯤꯡ ꯒꯨꯝ ,    ꯑꯋꯥꯡꯕ    ꯄꯟ ꯈꯩ    ꯅꯠꯇ꯭ꯔꯒ    ꯍꯤꯔꯝ    ꯑꯗꯨꯒꯤ    ꯈ꯭ꯋꯥꯏꯗꯒꯤ    ꯆꯝꯕ    ꯊꯧ ꯋꯣꯡ    ꯀꯌꯥ    ꯃꯊꯧ    ꯇꯥ ꯕ ꯒꯦ ,    ꯈꯨꯗꯝ    ꯑꯣꯏꯅ    ꯃꯦ ꯇ꯭ꯔꯤ ꯁꯀꯤ    ꯄꯨ ꯔꯤ ꯕ,    ꯑꯗꯨ    ꯈꯪꯗꯣꯛ ꯄꯅꯤ꯫ ",178,53
833,"ꯃꯇꯝ ꯑꯁꯤꯒꯤ ꯃꯅꯨꯡꯗ, ꯕ꯭ꯔꯤꯇꯤꯁꯅ ꯕꯦꯡꯒꯣꯜꯒꯤ ꯃꯨꯒꯜ ꯒꯕꯔꯅꯔꯁꯤꯡꯒ ꯂꯥꯟꯊꯦꯡꯅꯔꯛꯈꯤ꯫","ꯃꯇꯝ    ꯑꯁꯤꯒꯤ    ꯃꯅꯨꯡꯗ,    ꯕ꯭ꯔꯤꯇꯤꯁꯅ    ꯕꯦꯡꯒꯣꯜꯒꯤ    ꯃꯨꯒꯜ    ꯒꯕꯔ ꯅꯔ ꯁꯤꯡꯒ    ꯂꯥꯟꯊꯦꯡꯅ ꯔꯛꯈꯤ꯫ ",55,11
834,ꯏꯪ ꯱꯹꯰꯶ꯇ ꯔꯦꯒꯤꯅꯥꯜꯗ ꯐꯦꯁꯁꯦꯟꯗꯦꯟꯅ ꯑꯍꯥꯟꯕ ꯂꯝ ꯂꯥꯞꯅ ꯃꯈꯣꯟ ꯁꯟꯗꯣꯛꯄꯗ ꯑꯦꯂꯦꯁꯖꯥꯟꯗꯔꯁꯟ ꯑꯣꯜꯇꯔꯅꯦꯇꯔ ꯑꯃꯗꯒꯤ ꯏꯁꯤꯡꯅ ꯏꯡꯊꯍꯜꯂꯕ ꯀꯥꯔꯕꯣꯟ ꯃꯥꯏꯀꯔꯣꯐꯣꯟ ꯑꯃꯒꯤ ꯈꯨꯠꯊꯥꯡꯗ ꯁꯟꯗꯣꯛꯂꯤꯕ ꯑꯦꯟꯇꯦꯅꯥ ꯑꯗꯨꯗ ꯂꯦꯞꯇꯕ ꯏꯊꯠ ꯑꯃꯥ ꯍꯛꯊꯦꯡꯅꯅ ꯊꯥꯖꯜꯂꯤ꯫,ꯏꯪ    ꯱꯹꯰ ꯶ꯇ    ꯔꯦ ꯒꯤ ꯅꯥ ꯜꯗ    ꯐꯦꯁ ꯁꯦꯟ ꯗꯦꯟ ꯅ    ꯑꯍꯥꯟꯕ    ꯂꯝ    ꯂꯥꯞꯅ    ꯃꯈꯣ ꯟ    ꯁꯟꯗꯣꯛ ꯄꯗ    ꯑꯦ ꯂꯦꯁ ꯖ ꯥꯟ ꯗꯔ ꯁꯟ    ꯑꯣ ꯜ ꯇꯔ ꯅꯦ ꯇꯔ    ꯑꯃꯗꯒꯤ    ꯏ ꯁꯤꯡꯅ    ꯏ ꯡ ꯊ ꯍꯜꯂꯕ    ꯀꯥꯔ ꯕꯣ ꯟ    ꯃꯥꯏ ꯀꯔꯣ ꯐꯣꯟ    ꯑꯃꯒꯤ    ꯈꯨꯠꯊꯥꯡꯗ    ꯁꯟꯗꯣꯛ ꯂꯤꯕ    ꯑꯦꯟ ꯇꯦ ꯅꯥ    ꯑꯗꯨꯗ    ꯂꯦꯞ ꯇꯕ    ꯏꯊꯠ    ꯑꯃꯥ    ꯍꯛꯊꯦꯡꯅꯅ    ꯊꯥꯖ ꯜꯂꯤ꯫ ,155,57
835,ꯇꯦꯛꯅꯣꯂꯣꯖꯤꯅ ꯑꯣꯖꯥꯁꯤꯡꯕꯨ ꯄꯥꯅꯕ ꯃꯆꯥꯛ ꯑꯗꯨꯒꯤ ꯃꯇꯥꯡꯗ ꯑꯋꯥꯕ ꯃꯥꯌꯣꯛꯅꯔꯤꯕ ꯃꯍꯩꯔꯣꯏꯁꯤꯡ ꯑꯗꯨ ꯀꯔꯥꯏꯗ ꯆꯌꯦꯠꯅꯕꯁꯤꯡ ꯂꯩꯕꯒꯦ ꯍꯥꯏꯕꯗꯨ ꯈꯪꯕꯗ ꯃꯇꯦꯡ ꯄꯥꯡꯅꯅꯕ ꯍꯦꯟꯅ ꯐꯕ ꯌꯦꯡꯁꯤꯟꯅꯕ ꯄꯊꯥꯞ ꯁꯦꯝꯕꯗ ꯃꯇꯦꯡ ꯄꯥꯡꯈ꯭ꯔꯦ꯫,ꯇꯦꯛꯅꯣ ꯂꯣꯖꯤ ꯅ    ꯑꯣ ꯖꯥ ꯁꯤꯡꯕꯨ    ꯄꯥ ꯅꯕ    ꯃꯆ ꯥꯛ    ꯑꯗꯨꯒꯤ    ꯃꯇꯥꯡꯗ    ꯑꯋꯥꯕ    ꯃꯥꯌꯣꯛ ꯅꯔꯤꯕ    ꯃꯍꯩꯔꯣꯏ ꯁꯤꯡ    ꯑꯗꯨ    ꯀꯔ ꯥꯏ ꯗ    ꯆ ꯌꯦꯠ ꯅꯕꯁꯤꯡ    ꯂꯩꯕ ꯒꯦ    ꯍꯥꯏꯕꯗꯨ    ꯈꯪ ꯕꯗ    ꯃꯇꯦꯡ    ꯄꯥꯡ ꯅꯅꯕ    ꯍꯦꯟꯅ    ꯐꯕ    ꯌꯦꯡꯁꯤꯟꯅꯕ    ꯄꯊꯥꯞ    ꯁꯦꯝ ꯕꯗ    ꯃꯇꯦꯡ    ꯄꯥꯡ ꯈ꯭ꯔꯦ꯫ ,136,41
836,ꯑꯣꯇꯣꯀ꯭ꯔꯥꯏꯟ ꯑꯁꯤ ꯃꯁꯥꯒꯤ ꯃꯃꯥꯏꯗ ꯔꯤꯁꯦꯞꯇꯔ ꯑꯃꯗ ꯅꯞꯄ ꯃꯣꯂꯤꯀ꯭ꯌꯨꯜ ꯑꯃ ꯊꯥꯗꯣꯛꯇꯨꯅ ꯃꯁꯥ ꯃꯇꯣꯝꯇꯗ ꯁꯤꯒꯅꯦꯜ ꯑꯃ ꯊꯥꯕ ꯁꯦꯜ ꯑꯃꯅꯤ꯫,ꯑꯣꯇꯣ ꯀ꯭ꯔꯥꯏ ꯟ    ꯑꯁꯤ    ꯃꯁꯥꯒꯤ    ꯃꯃ ꯥꯏ ꯗ    ꯔꯤ ꯁꯦꯞ ꯇꯔ    ꯑꯃꯗ    ꯅ ꯞꯄ    ꯃꯣ ꯂꯤ ꯀ꯭ꯌꯨ ꯜ    ꯑꯃ    ꯊꯥꯗꯣꯛ ꯇꯨꯅ    ꯃꯁꯥ    ꯃꯇꯣ ꯝ ꯇ ꯗ    ꯁꯤ ꯒ ꯅꯦꯜ    ꯑꯃ    ꯊꯥꯕ    ꯁꯦꯜ    ꯑꯃꯅꯤ꯫ ,83,33
837,"ꯄꯨꯟꯆ ꯑꯃꯁꯨꯡ ꯃꯤꯔꯄꯨꯔꯒꯤ ꯃꯐꯝꯗ ꯊꯣꯛꯈꯤꯕ ꯂꯥꯟꯍꯧꯕꯒꯤ ꯊꯧꯑꯣꯡꯁꯤꯡ ꯑꯃꯁꯨꯡ ꯈꯥꯏꯕꯔ ꯄꯥꯛꯍꯇꯨꯟꯈꯋꯥꯔꯣꯝꯗꯒꯤ ꯄꯥꯀꯤꯁꯇꯥꯟꯅ ꯁꯧꯒꯠꯄ ꯄꯥꯁꯇꯨꯟ ꯐꯨꯔꯨꯞꯀꯤ ꯈꯨꯠꯊꯤꯡꯖꯤꯟꯕ ꯑꯗꯨꯒꯤ ꯃꯇꯨꯡꯗ, ꯅꯤꯡꯊꯧ ꯑꯗꯨꯅ ꯚꯥꯔꯠ ꯂꯥꯟꯃꯤꯗꯒꯤ ꯃꯇꯦꯡ ꯍꯪꯉꯛꯈꯤ꯫","ꯄꯨꯟ ꯆ    ꯑꯃꯁꯨꯡ    ꯃꯤꯔ ꯄꯨꯔꯒꯤ    ꯃꯐꯝꯗ    ꯊꯣꯛꯈꯤꯕ    ꯂꯥꯟ ꯍꯧ ꯕꯒꯤ    ꯊꯧꯑꯣ ꯡꯁꯤꯡ    ꯑꯃꯁꯨꯡ    ꯈꯥꯏ ꯕꯔ    ꯄꯥꯛ ꯍ ꯇꯨ ꯟ ꯈ ꯋꯥꯔꯣ ꯝꯗꯒꯤ    ꯄꯥꯀꯤꯁꯇ ꯥꯟꯅ    ꯁꯧꯒꯠꯄ    ꯄꯥ ꯁ ꯇꯨ ꯟ    ꯐꯨꯔꯨ ꯞꯀꯤ    ꯈꯨꯠ ꯊꯤꯡ ꯖꯤꯟꯕ    ꯑꯗꯨꯒꯤ    ꯃꯇꯨꯡꯗ,    ꯅꯤꯡꯊꯧ    ꯑꯗꯨꯅ    ꯚꯥꯔꯠ    ꯂꯥꯟꯃꯤ ꯗꯒꯤ    ꯃꯇꯦꯡ    ꯍꯪ ꯉꯛ ꯈꯤ꯫ ",149,45
838,"ꯅꯠꯇ꯭ꯔꯒ ꯅꯍꯥꯛꯅ ꯇꯦꯝꯄ꯭ꯂꯦꯠ ꯑꯗꯨ ꯁꯤꯖꯤꯟꯅꯕ ꯌꯥꯗꯦ, ꯅꯠꯇ꯭ꯔꯒ ꯃꯈꯥ ꯇꯥꯅ ꯌꯥꯔꯔꯣꯏ, ꯍꯥꯏꯕꯒꯤ ꯃꯨꯟꯅ ꯈꯟꯊꯔꯕ ꯋꯥꯔꯦꯞ ꯑꯃ ꯂꯧꯔꯕ꯭ꯔꯥ","ꯅꯠꯇ꯭ꯔꯒ    ꯅꯍꯥꯛꯅ    ꯇꯦꯝ ꯄ꯭ꯂꯦ ꯠ    ꯑꯗꯨ    ꯁꯤꯖꯤꯟꯅꯕ    ꯌꯥ ꯗꯦ,    ꯅꯠꯇ꯭ꯔꯒ    ꯃꯈꯥ    ꯇꯥꯅ    ꯌꯥꯔ ꯔꯣꯏ ,    ꯍꯥꯏꯕꯒꯤ    ꯃꯨ ꯟꯅ    ꯈꯟ ꯊ ꯔꯕ    ꯋꯥꯔꯦꯞ    ꯑꯃ    ꯂꯧ ꯔꯕ ꯭ꯔꯥ ",82,26
839,"ꯀꯔꯤꯒꯨꯝꯕ ꯒꯦꯍꯨꯒꯤ ꯃꯍꯩ-ꯃꯔꯣꯡ ꯑꯃ ꯇꯤꯟꯅ ꯃꯥꯡ-ꯇꯥꯛꯍꯜꯂꯕꯗꯤ, ꯏꯟꯇ꯭ꯔꯥꯁ꯭ꯄꯦꯁꯤꯐꯤꯛ ꯗꯥꯏꯚꯔꯁꯤꯇꯤꯗ ꯃꯈꯥ ꯄꯣꯟꯗꯨꯅ ꯑꯩꯈꯣꯏꯅ ꯍꯦꯟꯅ ꯑꯈꯥꯡ ꯀꯟꯕ ꯒꯦꯍꯨꯒꯤ ꯃꯈꯜ ꯑꯃ ꯃꯊꯪ ꯆꯍꯤꯗ ꯊꯥꯕ ꯌꯥꯏ꯫","ꯀꯔꯤꯒꯨꯝꯕ    ꯒꯦ ꯍꯨ ꯒꯤ    ꯃꯍꯩ-ꯃꯔ ꯣꯡ    ꯑꯃ    ꯇꯤ ꯟꯅ    ꯃꯥꯡ -ꯇꯥꯛ ꯍꯜꯂ ꯕꯗꯤ,    ꯏꯟ ꯇ꯭ꯔꯥ ꯁ꯭ꯄꯦ ꯁꯤ ꯐꯤ ꯛ    ꯗꯥꯏ ꯚ ꯔꯁꯤ ꯇꯤꯗ    ꯃꯈꯥ    ꯄꯣꯟ ꯗꯨꯅ    ꯑꯩꯈꯣꯏꯅ    ꯍꯦꯟꯅ    ꯑ ꯈꯥ ꯡ    ꯀꯟꯕ    ꯒꯦ ꯍꯨ ꯒꯤ    ꯃꯈꯜ    ꯑꯃ    ꯃꯊꯪ    ꯆꯍꯤꯗ    ꯊꯥꯕ    ꯌꯥꯏ꯫ ",117,41
840,ꯂꯝ ꯑꯁꯤ ꯏꯪ ꯱꯹꯷꯱ꯗ ꯁ꯭ꯇꯦꯐꯦꯜ ꯀꯨꯛ ꯑꯃꯗꯤ ꯂꯤꯑꯣꯅꯤꯗ ꯂꯦꯚꯤꯟꯅ ꯑꯦꯟ,ꯂꯝ    ꯑꯁꯤ    ꯏꯪ    ꯱꯹꯷ ꯱ꯗ    ꯁ꯭ꯇꯦ ꯐꯦ ꯜ    ꯀꯨ ꯛ    ꯑꯃꯗꯤ    ꯂꯤ ꯑꯣ ꯅꯤꯗ    ꯂꯦ ꯚꯤ ꯟꯅ    ꯑꯦꯟ ,42,18
841,ꯄꯤ,ꯄꯤ ,2,1
842,-ꯀꯝꯄ꯭ꯂꯤꯠ ꯑꯣꯏꯕ ꯄ꯭ꯔꯦꯛꯇꯤꯀꯦꯜ ꯑꯣꯏꯅ ꯃꯔꯤ ꯂꯩꯅꯕ ꯄ꯭ꯔꯣꯕ꯭ꯂꯦꯝꯁꯤꯡ ꯂꯩ ꯍꯥꯏꯕ ꯄ꯭ꯔꯃꯥꯟ ꯇꯧꯕꯗꯒꯤ ꯆꯥꯎꯈꯠꯄ ꯍꯧꯔꯛꯈꯤ꯫,- ꯀꯝ ꯄ꯭ꯂꯤ ꯠ    ꯑꯣꯏꯕ    ꯄ꯭ꯔꯦ ꯛ ꯇꯤ ꯀꯦꯜ    ꯑꯣꯏꯅ    ꯃꯔꯤ    ꯂꯩꯅꯕ    ꯄ꯭ꯔꯣ ꯕ꯭ꯂꯦ ꯝꯁꯤꯡ    ꯂꯩ    ꯍꯥꯏꯕ    ꯄ꯭ꯔ ꯃꯥꯟ    ꯇꯧ ꯕꯗꯒꯤ    ꯆꯥꯎꯈꯠꯄ    ꯍꯧꯔꯛꯈꯤ꯫ ,76,23
843,"ꯃꯌꯥꯏ ꯑꯣꯏꯕ ꯃꯇꯝꯒꯤ ꯑꯉꯟꯕ ꯑꯥꯜꯄꯥꯏꯟꯒꯤ ꯂꯝꯗꯣꯡꯗ, ꯃꯩꯁꯥ ꯑꯗꯨꯅ ꯂꯩꯔꯪꯒꯤ ꯀꯥ ꯑꯗꯨꯗꯒꯤ ꯌꯨꯝ ꯃꯈꯥꯒꯤ ꯂꯝꯕꯤ ꯑꯃꯗ ꯆꯠꯄ ꯄꯨꯂꯞꯇ ꯃꯩꯁꯥ ꯄꯤꯕꯒꯤ ꯑꯆꯝꯕ ꯊꯧꯑꯣꯡ ꯑꯗꯨꯅ ꯔꯣꯃꯥꯟ ꯍꯥꯏꯄꯣꯀꯣꯁꯠ ꯑꯗꯨꯕꯨ ꯃꯐꯝ ꯈꯔꯗ ꯃꯍꯨꯠ ꯁꯤꯟꯈꯤ ꯫","ꯃꯌꯥꯏ    ꯑꯣꯏꯕ    ꯃꯇꯝꯒꯤ    ꯑꯉꯟꯕ    ꯑꯥ ꯜ ꯄꯥꯏ ꯟꯒꯤ    ꯂꯝꯗ ꯣꯡ ꯗ,    ꯃꯩ ꯁꯥ    ꯑꯗꯨꯅ    ꯂꯩ ꯔ ꯪꯒꯤ    ꯀꯥ    ꯑꯗꯨꯗꯒꯤ    ꯌꯨꯝ    ꯃꯈ ꯥꯒꯤ    ꯂꯝꯕꯤ    ꯑꯃꯗ    ꯆꯠꯄ    ꯄꯨ ꯂ ꯞꯇ    ꯃꯩ ꯁꯥ    ꯄꯤꯕꯒꯤ    ꯑꯆꯝꯕ    ꯊꯧꯑꯣꯡ    ꯑꯗꯨꯅ    ꯔꯣ ꯃꯥꯟ    ꯍꯥꯏ ꯄꯣ ꯀꯣ ꯁꯠ    ꯑꯗꯨꯕꯨ    ꯃꯐꯝ    ꯈꯔꯗ    ꯃꯍꯨꯠ    ꯁꯤꯟꯈꯤ    ꯫ ",135,46
844,"ꯃꯈꯣꯏ ꯑꯁꯤ ꯈ꯭ꯋꯥꯏꯗꯒꯤ ꯃꯃꯜ ꯌꯥꯝꯕ ꯑꯣꯗꯤꯑꯣ ꯄꯥꯋꯔ ꯑꯦꯝꯄ꯭ꯂꯤꯐꯥꯏꯌꯔꯁꯤꯡ ꯑꯃꯗꯤ ꯲ꯖꯤ, ꯳ꯖꯤ ꯑꯃꯗꯤ ꯴ꯖꯤꯒꯨꯝꯕ ꯋꯥꯏꯌꯔꯂꯦꯁ ꯁꯦꯂꯨꯂꯔ ꯅꯦꯠꯋꯔꯛꯁꯤꯡꯗ ꯑꯥꯔ","ꯃꯈꯣꯏ    ꯑꯁꯤ    ꯈ꯭ꯋꯥꯏꯗꯒꯤ    ꯃꯃꯜ    ꯌꯥꯝꯕ    ꯑꯣꯗꯤ ꯑꯣ    ꯄꯥꯋꯔ    ꯑꯦꯝ ꯄ꯭ꯂꯤ ꯐꯥꯏ ꯌꯔ ꯁꯤꯡ    ꯑꯃꯗꯤ    ꯲ ꯖꯤ ,    ꯳ ꯖꯤ    ꯑꯃꯗꯤ    ꯴ ꯖꯤ ꯒꯨꯝꯕ    ꯋꯥꯏ ꯌꯔ ꯂꯦꯁ    ꯁꯦ ꯂꯨ ꯂꯔ    ꯅꯦꯠ ꯋ ꯔꯛ ꯁꯤꯡꯗ    ꯑꯥꯔ",96,34
845,ꯑꯦꯐ,ꯑꯦ ꯐ ,3,2
846,ꯄꯥꯋꯔ ꯑꯦꯝꯄ꯭ꯂꯤꯐꯥꯏꯌꯔꯁꯤꯡꯗ ꯃꯔꯨ ꯑꯣꯏꯅ ꯁꯤꯖꯤꯟꯅꯩ꯫,ꯄꯥꯋꯔ    ꯑꯦꯝ ꯄ꯭ꯂꯤ ꯐꯥꯏ ꯌꯔ ꯁꯤꯡꯗ    ꯃꯔꯨ    ꯑꯣꯏꯅ    ꯁꯤꯖꯤꯟꯅꯩ꯫ ,35,9
847,ꯃꯦꯟ꯭ꯁ ꯆꯨꯝꯊꯣꯛꯄ ꯀꯦꯄꯥꯁꯤꯇꯔꯁꯤꯡ ꯁꯤ ꯃꯍꯧꯁꯥꯅ ꯌꯣꯝꯁꯜꯂꯕ ꯄ꯭ꯂꯥꯁꯇꯤꯛ ꯐꯤꯂꯝꯒꯤ ꯃꯥꯑꯣꯡꯁꯤꯡꯗ ꯌꯥꯎꯋꯤ ꯃꯔꯝꯗꯤ ꯃꯁꯤꯅ ꯑꯅꯦꯝꯕ ꯃꯃꯜꯗ ꯑꯋꯥꯡꯕ ꯚꯣꯜꯇꯦꯖ ꯆꯥꯡꯁꯤꯡ ꯄꯤ ꯑꯃꯁꯨꯡ ꯃꯁꯥꯅ ꯐꯍꯟꯖꯕ ꯑꯃꯁꯨꯡ ꯁꯟꯗꯣꯛꯍꯟꯕ ꯌꯥꯕ ꯑꯣꯏꯔꯝꯕ ꯌꯥꯏ꯫,ꯃꯦꯟ ꯭ꯁ    ꯆꯨꯝ ꯊꯣꯛꯄ    ꯀꯦ ꯄꯥ ꯁꯤ ꯇꯔꯁꯤꯡ    ꯁꯤ    ꯃꯍꯧꯁꯥꯅ    ꯌꯣ ꯝ ꯁ ꯜꯂꯕ    ꯄ꯭ꯂꯥ ꯁ ꯇꯤꯛ    ꯐꯤ ꯂꯝꯒꯤ    ꯃꯥ ꯑꯣ ꯡ ꯁꯤꯡꯗ    ꯌꯥꯎꯋꯤ    ꯃꯔꯝꯗꯤ    ꯃꯁꯤꯅ    ꯑ ꯅꯦꯝꯕ    ꯃꯃ ꯜꯗ    ꯑꯋꯥꯡꯕ    ꯚꯣ ꯜ ꯇꯦ ꯖ    ꯆꯥꯡ ꯁꯤꯡ    ꯄꯤ    ꯑꯃꯁꯨꯡ    ꯃꯁꯥꯅ    ꯐ ꯍꯟ ꯖꯕ    ꯑꯃꯁꯨꯡ    ꯁꯟꯗꯣꯛ ꯍꯟꯕ    ꯌꯥꯕ    ꯑꯣꯏꯔꯝꯕ    ꯌꯥꯏ꯫ ,143,49
848,ꯃꯈꯜ ꯀꯌꯥꯒꯤ ꯁꯤꯡꯊꯥꯡꯂꯣꯏ ꯉꯥꯛꯂꯧ ꯄꯤꯕ ꯇꯝꯕꯁꯤꯡꯅ ꯁꯦꯝꯒꯠꯂꯤꯕ ꯃꯥꯑꯣꯡ ꯑꯗꯨꯗ ꯊꯣꯛꯂꯛꯄ ꯈꯨꯗꯣꯡꯊꯤꯕꯁꯤꯡ ꯑꯗꯨ ꯑꯣꯔꯥꯏ꯫,ꯃꯈꯜ    ꯀꯌꯥꯒꯤ    ꯁꯤꯡ ꯊꯥꯡ ꯂꯣꯏ    ꯉꯥꯛ ꯂꯧ   ꯄꯤꯕ    ꯇ ꯝꯕ ꯁꯤꯡꯅ    ꯁꯦꯝꯒꯠ ꯂꯤꯕ    ꯃꯥ ꯑꯣ ꯡ    ꯑꯗꯨꯗ    ꯊꯣꯛꯂꯛꯄ    ꯈꯨꯗꯣꯡꯊꯤ ꯕꯁꯤꯡ    ꯑꯗꯨ    ꯑꯣꯔ ꯥꯏ ꯫ ,75,24
849,ꯃꯁꯤꯅ ꯗꯤ,ꯃꯁꯤꯅ    ꯗꯤ ,6,2
850,ꯏ,ꯏ ,1,1
851,ꯄꯤ,ꯄꯤ ,2,1
852,ꯑꯦꯝ,ꯑꯦ ꯝ ,3,2
853,", ꯕꯤ",",    ꯕꯤ ",3,2
854,ꯇꯦꯛ,ꯇꯦꯛ ,3,1
855,"(ꯏꯂꯦꯛꯇ꯭ꯔꯣꯅꯤꯛꯁ ꯏꯟꯖꯤꯅꯤꯌꯥꯔꯤꯡ), ꯑꯦꯝ","( ꯏꯂꯦꯛꯇ꯭ꯔꯣ ꯅꯤ ꯛꯁ    ꯏꯟꯖꯤ ꯅꯤ ꯌꯥ ꯔꯤꯡ ),    ꯑꯦ ꯝ ",29,11
856,ꯇꯦꯛ,ꯇꯦꯛ ,3,1
857,"(ꯏꯂꯦꯛꯇ꯭ꯔꯣꯅꯤꯛꯁ ꯗꯤꯖꯥꯏꯟ ꯇꯦꯛꯅꯣꯂꯣꯖꯤ), ꯄꯤ","( ꯏꯂꯦꯛꯇ꯭ꯔꯣ ꯅꯤ ꯛꯁ    ꯗꯤꯖꯥꯏ ꯟ    ꯇꯦꯛꯅꯣ ꯂꯣꯖꯤ ),    ꯄꯤ ",32,10
858,ꯑꯩꯆ,ꯑꯩ ꯆ ,3,2
859,ꯗꯤ,ꯗꯤ ,2,1
860,ꯑꯃꯗꯤ ꯁꯣꯔꯠ-ꯇꯔꯝ ꯀꯣꯔꯁꯁꯤꯡ ꯑꯣꯐꯔ ꯇꯧꯋꯤ꯫,ꯑꯃꯗꯤ    ꯁꯣꯔ ꯠ- ꯇꯔ ꯝ    ꯀꯣꯔ ꯁꯁꯤꯡ    ꯑꯣ ꯐꯔ    ꯇꯧꯋꯤ꯫ ,28,10
861,"ꯈꯨꯗꯝ ꯑꯣꯏꯅ, ꯖꯣꯟ ꯄꯣꯜꯀꯤꯡꯍꯣꯔꯟꯅ 'ꯋꯥꯈꯟꯂꯣꯟ"" ꯅꯠꯇ꯭ꯔꯒ ""ꯂꯧꯁꯤꯡꯒꯤ ꯋꯥꯉꯨꯔꯣꯜ"" ꯔꯤꯗꯛꯁꯟꯅꯤꯖꯝ ꯑꯁꯤ ꯁꯥꯏꯃꯟ ꯕ꯭ꯂꯦꯛꯕꯔꯟ ꯑꯃꯁꯨꯡ ꯖꯤꯒꯋꯟ ꯀꯤꯝꯅ ꯄꯤꯕꯅꯤ: ꯑꯇꯣꯞꯄ ꯃꯈꯜꯒꯤ ꯑꯋꯣꯏꯕ ꯋꯥꯁꯤꯡ ꯅꯠꯇ꯭ꯔꯒ ꯄꯣꯠꯁꯤꯡ ꯑꯗꯨ ꯋꯥꯔꯤ-ꯋꯥꯇꯥꯏ ꯑꯃꯗ ꯌꯥꯎꯕ ꯑꯋꯣꯏꯕ ꯋꯥꯁꯤꯡ ꯅꯠꯇ꯭ꯔꯒ ꯄꯣꯠꯁꯤꯡꯅ ꯍꯣꯡꯗꯣꯛꯄꯒꯤ ꯊꯧꯔꯝ ꯑꯃꯗ ꯃꯥꯏꯑꯣꯟꯁꯟꯕ ꯔꯤꯗꯛꯁꯟꯅꯤꯖꯝ ꯃꯈꯜ ꯑꯗꯨꯅ ꯃꯈꯣꯏꯒꯤ ꯃꯔꯛꯇ ꯃꯔꯤ ꯑꯃ ꯁꯦꯝꯃꯤ ꯫","ꯈꯨꯗꯝ    ꯑꯣꯏꯅ,    ꯖꯣꯟ    ꯄꯣ ꯜ ꯀꯤꯡ ꯍꯣꯔ ꯟꯅ    ' ꯋꯥ ꯈꯟ ꯂꯣꯟ ""    ꯅꯠꯇ꯭ꯔꯒ    "" ꯂꯧ ꯁꯤꯡꯒꯤ    ꯋꯥ ꯉ ꯨ ꯔꯣ ꯜ ""    ꯔꯤ ꯗ ꯛ ꯁꯟ ꯅꯤ ꯖꯝ    ꯑꯁꯤ    ꯁꯥꯏ ꯃꯟ    ꯕ꯭ ꯂꯦꯛ ꯕꯔ ꯟ    ꯑꯃꯁꯨꯡ    ꯖꯤ ꯒ ꯋ ꯟ    ꯀꯤ ꯝꯅ    ꯄꯤ ꯕ ꯅꯤ :    ꯑꯇꯣꯞꯄ    ꯃꯈꯜꯒꯤ    ꯑꯋ ꯣꯏ ꯕ    ꯋꯥ ꯁꯤꯡ    ꯅꯠꯇ꯭ꯔꯒ    ꯄꯣꯠꯁꯤꯡ    ꯑꯗꯨ    ꯋꯥꯔꯤ - ꯋꯥ ꯇꯥꯏ    ꯑꯃꯗ    ꯌꯥꯎꯕ    ꯑꯋ ꯣꯏ ꯕ    ꯋꯥ ꯁꯤꯡ    ꯅꯠꯇ꯭ꯔꯒ    ꯄꯣꯠ ꯁꯤꯡꯅ    ꯍꯣꯡꯗꯣꯛ ꯄꯒꯤ    ꯊꯧꯔꯝ    ꯑꯃꯗ    ꯃꯥꯏ ꯑꯣꯟ ꯁꯟ ꯕ    ꯔꯤ ꯗ ꯛ ꯁꯟ ꯅꯤ ꯖꯝ    ꯃꯈꯜ    ꯑꯗꯨꯅ    ꯃꯈꯣꯏꯒꯤ    ꯃꯔꯛꯇ    ꯃꯔꯤ    ꯑꯃ    ꯁꯦꯝ ꯃꯤ    ꯫ ",238,94
862,ꯕꯪꯒ꯭ꯂꯥꯗꯦꯁ ꯑꯁꯤ ꯏꯪ ꯲꯰꯱꯹ꯒꯤ ꯑꯣꯏꯅ ꯏꯕ-ꯄꯥꯕ ꯉꯝꯕꯒꯤ ꯆꯥꯡ ꯆꯥꯗ ꯷꯴,ꯕꯪꯒ꯭ꯂꯥ ꯗꯦꯁ    ꯑꯁꯤ    ꯏꯪ    ꯲꯰꯱꯹ꯒꯤ    ꯑꯣꯏꯅ    ꯏ ꯕ- ꯄꯥꯕ    ꯉꯝꯕꯒꯤ    ꯆꯥꯡ    ꯆꯥꯗ    ꯷ ꯴ ,43,14
863,꯷ ꯂꯩ: ꯅꯨꯄꯥꯁꯤꯡꯒꯤꯅ ꯆꯥꯗ ꯷꯷,꯷    ꯂꯩ :    ꯅꯨꯄꯥ ꯁꯤꯡ ꯒꯤ ꯅ    ꯆꯥꯗ    ꯷ ꯷ ,19,10
864,꯴ ꯑꯃꯗꯤ ꯅꯨꯄꯤꯁꯤꯡꯒꯤꯅ ꯆꯥꯗ ꯷꯱,꯴    ꯑꯃꯗꯤ    ꯅꯨꯄꯤ ꯁꯤꯡ ꯒꯤ ꯅ    ꯆꯥꯗ    ꯷ ꯱ ,20,9
865,꯹꯫,꯹ ꯫ ,2,2
866,"ꯚꯥꯔꯠꯀꯤ ꯃꯁꯤꯡꯒꯤ ꯄꯊꯥꯞ ꯑꯁꯤ ꯅꯣꯡꯆꯨꯞꯀꯤ ꯄꯊꯥꯞ ꯑꯗꯨꯒ ꯇꯔꯥꯒꯤ ꯐꯨꯟꯁꯨꯕꯗꯒꯤ ꯃꯔꯤꯁꯨꯕ ꯃꯉꯝꯁꯤꯡ ꯐꯥꯎꯕ: ꯑꯃ, ꯇꯔꯥ, ꯆꯥꯝꯃ, ꯂꯤꯁꯤꯡ ꯑꯃ ꯑꯃꯁꯨꯡ ꯂꯤꯁꯤꯡ ꯇꯔꯥ, ꯃꯥꯟꯅꯩ ꯫","ꯚꯥꯔꯠꯀꯤ    ꯃ ꯁꯤꯡꯒꯤ    ꯄꯊꯥꯞ    ꯑꯁꯤ    ꯅꯣꯡꯆꯨ ꯞꯀꯤ    ꯄꯊꯥꯞ    ꯑꯗꯨꯒ    ꯇꯔꯥꯒꯤ    ꯐꯨ ꯟ ꯁꯨ ꯕꯗꯒꯤ    ꯃꯔꯤꯁꯨꯕ    ꯃ ꯉꯝ ꯁꯤꯡ    ꯐꯥꯎ ꯕ :    ꯑꯃ,    ꯇꯔꯥ ,    ꯆꯥ ꯝꯃ ,    ꯂꯤꯁꯤꯡ    ꯑꯃ    ꯑꯃꯁꯨꯡ    ꯂꯤꯁꯤꯡ    ꯇꯔꯥ ,    ꯃꯥꯟ ꯅꯩ    ꯫ ",105,36
867,ꯀꯦꯇꯂꯤꯁꯠ ꯑꯃꯒꯤ ꯀꯦꯇꯂꯥꯏꯇꯤꯛ ꯑꯦꯛꯇꯤꯚꯤꯇꯤ ꯑꯗꯨ ꯑꯣꯟꯅꯕ ꯑꯦꯁ,ꯀꯦꯇ ꯂꯤꯁꯠ    ꯑꯃꯒꯤ    ꯀꯦꯇ ꯂꯥꯏ ꯇꯤꯛ    ꯑꯦꯛ ꯇꯤ ꯚꯤ ꯇꯤ    ꯑꯗꯨ    ꯑꯣꯟ ꯅꯕ    ꯑꯦꯁ,40,14
868,ꯑꯥꯏ,ꯑ ꯥꯏ ,3,2
869,-ꯗꯤꯔꯥꯏꯚ ꯌꯨꯅꯤꯠ ꯑꯁꯤ ꯃꯣꯜꯁ ꯄꯔ ꯁꯦꯀꯦꯟꯗ ꯀ꯭ꯋꯥꯟꯇꯤꯐꯥꯏ ꯇꯧꯕ ꯀꯥꯇꯥꯜꯅꯤ꯫,- ꯗꯤ ꯔꯥꯏ ꯚ    ꯌꯨꯅꯤ ꯠ    ꯑꯁꯤ    ꯃꯣ ꯜꯁ    ꯄꯔ    ꯁꯦꯀꯦꯟ ꯗ    ꯀ꯭ꯋ ꯥꯟ ꯇꯤ ꯐꯥꯏ    ꯇꯧꯕ    ꯀꯥ ꯇꯥ ꯜ ꯅꯤ꯫ ,48,21
870,"ꯂꯝ ꯃꯃꯤꯡ(ꯔꯨꯃꯥꯟꯅ, ""ꯔꯣꯃꯥꯟꯁꯤꯡꯒꯤ ꯂꯝ"" ꯍꯥꯏꯕꯗꯤ ꯅꯣꯡꯄꯣꯛ ꯔꯣꯃꯥꯟꯒꯤ ꯅꯤꯡꯊꯧ ꯂꯩꯕꯥꯛ) ꯑꯁꯤ ꯏꯪ ꯱꯰꯷꯷ꯗ ꯁꯨꯜꯇꯥꯅꯦꯠ ꯑꯣꯐ ꯔꯨꯝꯅ ꯍꯧꯗꯣꯛꯈꯤꯕ ꯂꯥꯟꯗꯔꯛꯄ ꯁꯦꯜꯖꯨꯛ ꯇꯔ꯭ꯛꯁꯀꯤ ꯂꯝ ꯑꯗꯨꯒꯤ ꯑꯇꯣꯞꯄ ꯃꯃꯤꯡꯅꯤ ꯍꯥꯏꯅ ꯈꯪꯅꯔꯝꯃꯤ꯫","ꯂꯝ    ꯃꯃꯤꯡ ( ꯔꯨ ꯃꯥꯟ ꯅ,    "" ꯔꯣ ꯃꯥꯟ ꯁꯤꯡꯒꯤ    ꯂꯝ ""    ꯍꯥꯏꯕꯗꯤ    ꯅꯣꯡꯄꯣꯛ    ꯔꯣ ꯃꯥꯟ ꯒꯤ    ꯅꯤꯡꯊꯧ    ꯂꯩꯕꯥꯛ )    ꯑꯁꯤ    ꯏꯪ    ꯱꯰ ꯷ ꯷ ꯗ    ꯁꯨꯜꯇꯥ ꯅꯦꯠ    ꯑꯣꯐ    ꯔ ꯨꯝ ꯅ    ꯍꯧꯗꯣꯛ ꯈꯤꯕ    ꯂꯥꯟꯗ ꯔꯛꯄ    ꯁꯦꯜ ꯖ ꯨꯛ    ꯇꯔ ꯭ ꯛ ꯁꯀꯤ    ꯂꯝ    ꯑꯗꯨꯒꯤ    ꯑꯇꯣꯞꯄ    ꯃꯃꯤꯡ ꯅꯤ    ꯍꯥꯏꯅ    ꯈꯪꯅ ꯔꯝꯃꯤ꯫ ",141,51
871,"ꯑꯗꯨꯝ ꯑꯣꯏꯅꯃꯛ, ꯏꯇꯥꯂꯤꯗ ꯂꯩꯕ ꯚꯔꯒꯣ ꯏꯟꯇꯔꯐꯦꯔꯣꯃꯤꯇꯔ ꯑꯗꯨ ꯃꯇꯝ ꯑꯗꯨꯗ ꯃꯊꯧ ꯄꯥꯡꯊꯣꯛꯑꯝꯗꯦ, ꯑꯃꯁꯨꯡ ꯒꯤꯏꯤꯑꯣ꯶꯰꯰ ꯑꯗꯨ ꯏꯟꯖꯤꯅꯤꯌꯔꯔꯤꯡ ꯃꯣꯗꯇ ꯂꯩꯔꯝꯃꯤ ꯑꯃꯁꯨꯡ ꯌꯥꯝꯅ ꯈꯪꯒꯟꯕ ꯑꯣꯏꯗꯦ ꯃꯔꯝ ꯑꯁꯤꯅ ꯃꯁꯤ ꯁꯤꯒꯅꯦꯜ ꯑꯗꯨ ꯆꯞ ꯆꯥꯅ ꯂꯦꯞꯄ ꯉꯝꯗꯦ꯫","ꯑꯗꯨꯝ    ꯑꯣꯏꯅꯃꯛ,    ꯏ ꯇꯥ ꯂꯤꯗ    ꯂꯩꯕ    ꯚꯔ ꯒꯣ    ꯏꯟꯇꯔ ꯐꯦ ꯔꯣ ꯃꯤꯇꯔ    ꯑꯗꯨ    ꯃꯇꯝ    ꯑꯗꯨꯗ    ꯃꯊꯧ    ꯄꯥꯡꯊꯣꯛ ꯑꯝ ꯗꯦ,    ꯑꯃꯁꯨꯡ    ꯒꯤ ꯏ ꯤ ꯑꯣ ꯶ ꯰꯰    ꯑꯗꯨ    ꯏꯟꯖꯤ ꯅꯤ ꯌꯔ ꯔꯤꯡ    ꯃꯣ ꯗꯇ    ꯂꯩꯔꯝꯃꯤ    ꯑꯃꯁꯨꯡ    ꯌꯥꯝꯅ    ꯈꯪ ꯒ ꯟꯕ    ꯑꯣꯏ ꯗꯦ    ꯃꯔꯝ    ꯑꯁꯤꯅ    ꯃꯁꯤ    ꯁꯤ ꯒ ꯅꯦꯜ    ꯑꯗꯨ    ꯆꯞ    ꯆꯥꯅ    ꯂꯦꯞꯄ    ꯉꯝ ꯗꯦ꯫ ",150,53
872,ꯑꯄꯣꯛꯄ ꯂꯩꯕꯥꯛꯇꯒꯤ ꯂꯥꯟ ꯆꯦꯜꯂꯛꯄ ꯃꯤꯑꯣꯏꯁꯤꯡ ꯑꯗꯨ ꯇꯥꯡꯀꯛ ꯅꯥꯏꯅ ꯂꯥꯛꯈꯤ ꯑꯃꯁꯨꯡ ꯂꯝ ꯈꯥꯏꯗꯣꯛꯄ ꯃꯇꯝ ꯈꯛꯇ ꯃꯛꯇꯗ ꯂꯥꯛꯇꯦ꯫,ꯑ ꯄꯣꯛꯄ    ꯂꯩꯕꯥꯛ ꯇꯒꯤ    ꯂꯥꯟ    ꯆꯦ ꯜꯂꯛꯄ    ꯃꯤꯑꯣꯏꯁꯤꯡ    ꯑꯗꯨ    ꯇꯥꯡꯀꯛ    ꯅꯥꯏꯅ    ꯂꯥꯛꯈꯤ    ꯑꯃꯁꯨꯡ    ꯂꯝ    ꯈꯥꯏꯗꯣꯛꯄ    ꯃꯇꯝ    ꯈꯛꯇ    ꯃꯛꯇꯗ    ꯂꯥꯛ ꯇꯦ ꯫ ,77,21
873,"ꯃꯁꯤꯒꯤ ꯂꯥꯏꯕ꯭ꯔꯦꯔꯤ ꯑꯁꯤ ꯄꯥꯝꯂꯤꯕ ꯇꯥꯔꯒꯦꯠ ꯁꯤꯀ꯭ꯋꯦꯟꯁ ꯑꯗꯨꯒꯤ ꯃꯥꯌꯣꯛꯇ ꯈꯟꯕ ꯌꯥꯏ, ꯃꯁꯤ ꯔꯤꯄꯣꯔꯇꯔ ꯖꯤꯟ ꯀꯟꯁꯇ꯭ꯔꯛꯇ ꯑꯗꯨꯒꯤ ꯄ꯭ꯔꯃꯣꯇꯔ ꯔꯤꯖꯟ ꯑꯗꯨꯗ ꯍꯥꯞꯆꯤꯜꯂꯤ꯫","ꯃꯁꯤꯒꯤ    ꯂꯥꯏ ꯕ꯭ꯔꯦ ꯔꯤ    ꯑꯁꯤ    ꯄꯥꯝꯂꯤꯕ    ꯇꯥꯔ ꯒꯦ ꯠ    ꯁꯤ ꯀ꯭ꯋ ꯦꯟ ꯁ    ꯑꯗꯨꯒꯤ    ꯃꯥꯌꯣꯛꯇ    ꯈꯟꯕ    ꯌꯥꯏ,    ꯃꯁꯤ    ꯔꯤ ꯄꯣꯔ ꯇꯔ    ꯖꯤꯟ    ꯀꯟ ꯁꯇ꯭ꯔ ꯛꯇ    ꯑꯗꯨꯒꯤ    ꯄ꯭ꯔ ꯃꯣ ꯇꯔ    ꯔꯤ ꯖꯟ    ꯑꯗꯨꯗ    ꯍꯥꯞ ꯆꯤ ꯜꯂꯤ꯫ ",105,35
874,ꯔꯨꯝ ꯇꯦꯝꯄꯔꯦꯆꯔꯗ ꯂꯩꯕ ꯁꯣꯂꯨꯁꯟꯁꯤꯡꯗ ꯁꯥꯏꯀ꯭ꯂꯤꯛ ꯑꯥꯏꯁꯣꯃꯔ ꯃꯔꯤ ꯑꯗꯨ ꯃ꯭ꯌꯨꯇꯦꯔꯣꯇꯦꯁꯟ ꯀꯧꯕ ꯊꯧꯑꯣꯡ ꯑꯃꯗ ꯄꯨꯡꯁꯤꯡꯒꯤ ꯃꯇꯝꯒꯤ ꯁ꯭ꯀꯦꯜ ꯑꯃꯗ ꯑꯃꯒ-ꯑꯃꯒ ꯑꯣꯟꯊꯣꯛꯅꯩ꯫,ꯔꯨ ꯝ    ꯇꯦꯝ ꯄꯔꯦ ꯆ ꯔꯗ    ꯂꯩꯕ    ꯁꯣ ꯂꯨ ꯁꯟ ꯁꯤꯡꯗ    ꯁꯥꯏ ꯀ꯭ ꯂꯤꯛ    ꯑꯥꯏ ꯁꯣ ꯃꯔ    ꯃꯔꯤ    ꯑꯗꯨ    ꯃ꯭ꯌꯨ ꯇꯦ ꯔꯣ ꯇꯦꯁꯟ    ꯀꯧꯕ    ꯊꯧꯑꯣꯡ    ꯑꯃꯗ    ꯄꯨ ꯡ ꯁꯤꯡꯒꯤ    ꯃꯇꯝꯒꯤ    ꯁ꯭ ꯀꯦꯜ    ꯑꯃꯗ    ꯑꯃ ꯒ - ꯑꯃꯒ    ꯑꯣꯟ ꯊꯣꯛ ꯅꯩ꯫ ,106,40
875,ꯁꯦꯟꯁ ꯀꯣꯏꯜ ꯑꯁꯤ ꯂꯥꯏꯕ ꯑꯃꯗꯤ ꯅ꯭ꯌꯨꯇ꯭ꯔꯦꯜ ꯀꯟꯗꯛꯇꯔꯁꯤꯡ ꯑꯗꯨ ꯀꯣꯏꯁꯤꯟꯕ (ꯑꯗꯨꯕꯨ ꯏꯂꯦꯛꯇ꯭ꯔꯤꯀꯦꯜ ꯑꯣꯏꯅꯗꯤ ꯁꯝꯗꯕ) ꯗꯤꯐꯔꯦꯟꯁꯤꯑꯦꯜ ꯀꯔꯦꯟꯇ ꯇ꯭ꯔꯥꯟꯁꯐꯣꯔꯃꯔ ꯑꯃꯅꯤ꯫,ꯁꯦꯟ ꯁ    ꯀꯣꯏ ꯜ    ꯑꯁꯤ    ꯂꯥꯏ ꯕ    ꯑꯃꯗꯤ    ꯅ꯭ꯌꯨ ꯇ꯭ꯔꯦꯜ    ꯀꯟ ꯗ ꯛꯇꯔ ꯁꯤꯡ    ꯑꯗꯨ    ꯀꯣꯏ ꯁꯤꯟꯕ    ( ꯑꯗꯨꯕꯨ    ꯏꯂꯦꯛ ꯇ꯭ꯔꯤ ꯀꯦꯜ    ꯑꯣꯏꯅ ꯗꯤ    ꯁꯝ ꯗꯕ )    ꯗꯤ ꯐꯔꯦꯟ ꯁꯤꯑꯦꯜ    ꯀꯔ ꯦꯟ ꯇ    ꯇ꯭ꯔꯥꯟꯁ ꯐꯣꯔ ꯃꯔ    ꯑꯃꯅꯤ꯫ ,107,37
876,"ꯎꯅꯥ ꯑꯃꯒꯤ ꯁ꯭ꯄꯣꯟꯖꯤ ꯃꯦꯁꯣꯐꯤꯜꯗ, ꯄꯥꯔꯦꯟꯆꯤꯃꯥ ꯁꯦꯜꯁꯤꯡꯗꯨ ꯀꯣꯏꯗꯅꯕꯒꯨꯝꯕ ꯃꯥꯑꯣꯡꯗ ꯏꯟꯇꯔꯁꯦꯂꯨꯂꯔ ꯃꯐꯝꯗꯒꯤ ꯃꯁꯥꯊꯣꯛꯄ ꯅꯠꯇ꯭ꯔꯒ ꯊꯋꯥꯟꯃꯤꯆꯥꯛꯀꯤ ꯃꯥꯑꯣꯡꯗ ꯆꯥꯎꯔꯥꯛꯅ ꯁꯦꯝꯕꯒꯤ ꯃꯥꯑꯣꯡꯗ ꯂꯩ, ꯔꯥꯖꯃꯥ ꯐꯥꯁꯦꯣꯂꯨꯁ ꯚꯨꯜꯒꯥꯔꯤꯁ ꯑꯃꯁꯨꯡ ꯑꯇꯣꯞꯄ ꯃꯦꯁꯣꯐꯥꯏꯠꯁꯒꯨꯝꯅ ꯊ꯭ꯔꯤ-ꯗꯥꯏꯃꯦꯟꯁꯟꯒꯤ ꯅꯦꯠꯋꯥꯔ꯭ꯛ ꯁꯦꯝꯅꯕ ꯃꯈꯣꯏꯒꯤ ꯃꯈꯨꯠꯀꯤ ꯑꯔꯣꯏꯕꯗꯨ ꯃꯈꯣꯏꯒꯤ ꯊꯪꯅꯕꯒ ꯑꯃꯒ ꯑꯃꯒ ꯁꯝꯅꯩ ꯫","ꯎ ꯅꯥ    ꯑꯃꯒꯤ    ꯁ꯭ ꯄꯣꯟ ꯖꯤ    ꯃꯦꯁ ꯣ ꯐꯤꯜ ꯗ,    ꯄꯥꯔ ꯦꯟ ꯆꯤ ꯃꯥ    ꯁꯦꯜ ꯁꯤꯡꯗꯨ    ꯀꯣꯏ ꯗ ꯅꯕ ꯒꯨꯝꯕ    ꯃꯥ ꯑꯣ ꯡꯗ    ꯏꯟꯇꯔ ꯁꯦ ꯂꯨ ꯂꯔ    ꯃꯐꯝ ꯗꯒꯤ    ꯃꯁꯥ ꯊꯣꯛꯄ    ꯅꯠꯇ꯭ꯔꯒ    ꯊ ꯋꯥꯟ ꯃꯤ ꯆꯥꯛ ꯀꯤ    ꯃꯥ ꯑꯣ ꯡꯗ    ꯆꯥꯎꯔꯥꯛꯅ    ꯁꯦꯝꯕꯒꯤ    ꯃꯥ ꯑꯣ ꯡꯗ    ꯂꯩ,    ꯔꯥꯖ ꯃꯥ    ꯐꯥ ꯁꯦ ꯣ ꯂꯨ ꯁ    ꯚꯨ ꯜ ꯒꯥꯔꯤ ꯁ    ꯑꯃꯁꯨꯡ    ꯑꯇꯣꯞꯄ    ꯃꯦꯁ ꯣ ꯐꯥꯏ ꯠ ꯁ ꯒꯨꯝꯅ    ꯊ꯭ꯔꯤ - ꯗꯥꯏ ꯃꯦꯟ ꯁꯟꯒꯤ    ꯅꯦꯠꯋꯥꯔ ꯭ꯛ    ꯁꯦꯝꯅꯕ    ꯃꯈꯣꯏꯒꯤ    ꯃꯈꯨ ꯠꯀꯤ    ꯑꯔꯣꯏ ꯕꯗꯨ    ꯃꯈꯣꯏꯒꯤ    ꯊꯪ ꯅꯕ ꯒ    ꯑꯃꯒ    ꯑꯃꯒ    ꯁꯝꯅ ꯩ    ꯫ ",237,87
877,"ꯊꯣꯃꯥꯁ ꯄ꯭ꯔꯤꯁꯤꯁꯟ (ꯄꯣꯠ ꯑꯃ ꯄꯥꯏꯈꯤꯕ ꯑꯃꯅ ꯍꯥꯟꯅꯒꯤ ꯌꯥꯡꯕꯒꯤ ꯆꯥꯡꯗ ꯍꯜꯂꯛꯂꯕ ꯃꯇꯨꯡꯗ ꯄꯨꯂꯞꯅ ꯎꯡꯈꯤꯕ) ꯑꯁꯤ ꯄꯣꯠ ꯂꯦꯡꯕꯒꯤ ꯈꯛꯇꯒꯤ ꯃꯍꯩ ꯑꯣꯏꯔꯕꯁꯨ, ꯃꯁꯤ ꯑꯈꯣꯏꯕ ꯃꯥꯑꯣꯡꯗꯗꯪ ꯊꯣꯛꯏ ꯑꯃꯁꯨꯡ ꯃꯔꯝ ꯑꯁꯤꯅ ꯈꯣꯏꯅ ꯆꯠꯂꯤꯕ ꯑꯁꯤ ꯑꯦꯂꯦꯛꯇ꯭ꯔꯣꯃꯦꯒꯅꯦꯇꯤꯛ ꯂꯝ ꯑꯃ, ꯒ꯭ꯔꯦꯚꯤꯇꯦꯁꯟꯅꯦꯜ ꯂꯝ ꯅꯠꯇ꯭ꯔꯒ ꯃꯦꯀꯥꯅꯤꯀꯦꯜ ꯁꯥꯐꯨ ꯑꯃꯅ ꯊꯣꯛꯍꯟꯕꯒꯨꯝꯕ ꯃꯄꯥꯟꯒꯤ ꯁꯥꯐꯨꯗꯨ ꯌꯥꯎꯗꯅ ꯃꯊꯟꯇ ꯌꯦꯡꯁꯤꯟꯕ ꯌꯥꯗꯦ, ꯑꯗꯨꯅ ꯊꯣꯃꯥꯁ ꯄ꯭ꯔꯤꯁꯤꯁꯟ ꯑꯁꯤ ꯃꯍꯧꯁꯥꯅ ꯗꯥꯏꯅꯥꯃꯤꯀꯦꯜ ꯏꯐꯦꯛꯁꯁꯤꯡꯒ ꯂꯣꯏꯅꯩ꯫","ꯊꯣ ꯃꯥ ꯁ    ꯄ꯭ꯔꯤ ꯁꯤ ꯁꯟ    ( ꯄꯣꯠ    ꯑꯃ    ꯄꯥꯏ ꯈꯤꯕ    ꯑꯃꯅ    ꯍꯥꯟꯅꯒꯤ    ꯌꯥꯡ ꯕꯒꯤ    ꯆꯥꯡꯗ    ꯍꯜꯂꯛ ꯂꯕ    ꯃꯇꯨꯡꯗ    ꯄꯨ ꯂ ꯞꯅ    ꯎ ꯡ ꯈꯤꯕ )    ꯑꯁꯤ    ꯄꯣꯠ    ꯂꯦꯡ ꯕꯒꯤ    ꯈꯛꯇ ꯒꯤ    ꯃꯍꯩ    ꯑꯣꯏꯔꯕꯁꯨ,    ꯃꯁꯤ    ꯑ ꯈꯣꯏ ꯕ    ꯃꯥ ꯑꯣ ꯡ ꯗ ꯗ ꯪ    ꯊꯣꯛꯏ    ꯑꯃꯁꯨꯡ    ꯃꯔꯝ    ꯑꯁꯤꯅ    ꯈ ꯣꯏꯅ    ꯆꯠ ꯂꯤꯕ    ꯑꯁꯤ    ꯑꯦ ꯂꯦꯛ ꯇ꯭ꯔꯣ ꯃꯦ ꯒ ꯅꯦ ꯇꯤꯛ    ꯂꯝ    ꯑꯃ,    ꯒ꯭ꯔꯦ ꯚꯤ ꯇ ꯦꯁꯟ ꯅꯦꯜ    ꯂꯝ    ꯅꯠꯇ꯭ꯔꯒ    ꯃꯦ ꯀꯥ ꯅꯤ ꯀꯦꯜ    ꯁꯥꯐꯨ    ꯑꯃꯅ    ꯊꯣꯛꯍꯟ ꯕ ꯒꯨꯝꯕ    ꯃꯄꯥꯟꯒꯤ    ꯁꯥ ꯐꯨ ꯗꯨ    ꯌꯥꯎꯗꯅ    ꯃꯊꯟꯇ    ꯌꯦꯡꯁꯤꯟꯕ    ꯌꯥ ꯗꯦ,    ꯑꯗꯨꯅ    ꯊꯣ ꯃꯥ ꯁ    ꯄ꯭ꯔꯤ ꯁꯤ ꯁꯟ    ꯑꯁꯤ    ꯃꯍꯧꯁꯥꯅ    ꯗꯥꯏ ꯅꯥ ꯃꯤ ꯀꯦꯜ    ꯏ ꯐꯦ ꯛꯁ ꯁꯤꯡꯒ    ꯂꯣꯏ ꯅꯩ꯫ ",291,106
878,"ꯆꯨꯝꯅꯒꯤ ꯆꯠꯅꯔꯤꯕ ꯏꯟꯀꯥꯟꯗꯦꯁꯟꯇ ꯂꯦꯝꯄ ꯑꯃꯒ ꯃꯥꯟꯅꯗꯅ, ꯑꯦꯜ","ꯆꯨꯝ ꯅꯒꯤ    ꯆꯠꯅꯔꯤꯕ    ꯏꯟ ꯀꯥꯟ ꯗꯦꯁ ꯟꯇ    ꯂꯦꯝ ꯄ    ꯑꯃꯒ    ꯃꯥꯟꯅ ꯗꯅ,    ꯑꯦꯜ ",39,13
879,ꯏ,ꯏ ,1,1
880,ꯗꯤ,ꯗꯤ ,2,1
881,ꯑꯃꯅ ꯗꯥꯏꯑꯣꯗ ꯑꯗꯨꯒꯤ ꯃꯃꯥꯡꯂꯣꯝꯒꯤ ꯃꯥꯏꯀꯩꯗ ꯚꯣꯜꯇꯦꯖ ꯍꯥꯞꯄ ꯃꯇꯝꯗꯇ ꯉꯥꯟꯒꯅꯤ꯫,ꯑꯃꯅ    ꯗꯥꯏ ꯑꯣ ꯗ    ꯑꯗꯨꯒꯤ    ꯃꯃꯥꯡ ꯂꯣꯝꯒꯤ    ꯃꯥꯏꯀꯩꯗ    ꯚꯣ ꯜ ꯇꯦ ꯖ    ꯍꯥ ꯞꯄ    ꯃꯇꯝ ꯗꯇ    ꯉ ꯥꯟ ꯒꯅꯤ꯫ ,51,19
882,"ꯄ꯭ꯔꯤꯟꯇ ꯑꯅꯤ, ꯑꯃꯃꯝꯅ ꯌꯦꯠ ꯅꯠꯇ꯭ꯔꯒ ꯑꯣꯏꯒꯤ ꯃꯤꯠꯒꯤ ꯃꯤꯠꯌꯦꯡ ꯑꯗꯨ ꯄꯨꯕ, ꯑꯦꯛꯁꯇꯔꯅꯦꯜ ꯁꯦꯜꯁꯤꯟ ꯃꯣꯇꯣꯔ ꯑꯃ ꯁꯤꯖꯤꯟꯅꯗꯨꯅ ꯄ꯭ꯔꯣꯖꯦꯛꯁꯟꯗ ꯃꯈꯣꯏꯅ ꯃꯥꯟꯅꯅ ꯆꯠꯄꯗ ꯇꯥꯈꯤ꯫","ꯄ꯭ꯔꯤ ꯟꯇ    ꯑꯅꯤ,    ꯑꯃꯃ ꯝꯅ    ꯌꯦꯠ    ꯅꯠꯇ꯭ꯔꯒ    ꯑꯣꯏ ꯒꯤ    ꯃꯤꯠ ꯒꯤ    ꯃꯤꯠꯌꯦꯡ    ꯑꯗꯨ    ꯄꯨ ꯕ,    ꯑꯦꯛꯁ ꯇꯔ ꯅꯦꯜ    ꯁꯦꯜ ꯁꯤꯟ    ꯃꯣ ꯇꯣꯔ    ꯑꯃ    ꯁꯤꯖꯤꯟꯅꯗꯨꯅ    ꯄ꯭ꯔꯣꯖꯦ ꯛ ꯁꯟꯗ    ꯃꯈꯣꯏꯅ    ꯃꯥꯟꯅꯅ    ꯆꯠ ꯄꯗ    ꯇꯥꯈꯤ꯫ ",107,32
883,"ꯃꯆꯤꯟ ꯂꯔꯅꯤꯡ ꯇꯦꯛꯅꯤꯛꯁꯤꯡ ꯑꯁꯤ ꯑꯅꯧꯕ ꯑꯦꯄ꯭ꯂꯤꯀꯦꯁꯟꯁꯤꯡ ꯅꯠꯇ꯭ꯔꯒ ꯏꯟꯗꯁꯇ꯭ꯔꯤꯁꯤꯡꯗ ꯑꯍꯥꯟꯕ ꯑꯣꯏꯅ ꯁꯤꯖꯤꯟꯅꯕ ꯃꯇꯝꯗ, ꯆꯠꯅꯔꯤꯕ ꯊꯧꯑꯣꯡꯁꯤꯡ ꯑꯗꯨ ꯁꯤꯖꯤꯟꯅꯅꯕ ꯇ꯭ꯔꯦꯅꯤꯡ ꯗꯦꯇꯥ ꯆꯞꯆꯥꯅ ꯗꯔꯀꯥꯔ ꯑꯣꯏꯕ ꯑꯌꯥꯝꯕ ꯃꯇꯝꯗ ꯐꯪꯗꯦ꯫","ꯃ ꯆꯤꯟ    ꯂꯔ ꯅꯤꯡ    ꯇꯦꯛꯅꯤ ꯛꯁꯤꯡ    ꯑꯁꯤ    ꯑꯅꯧꯕ    ꯑꯦ ꯄ꯭ꯂꯤ ꯀꯦꯁ ꯟꯁꯤꯡ    ꯅꯠꯇ꯭ꯔꯒ    ꯏꯟꯗꯁꯇ꯭ꯔꯤ ꯁꯤꯡꯗ    ꯑꯍꯥꯟꯕ    ꯑꯣꯏꯅ    ꯁꯤꯖꯤꯟꯅꯕ    ꯃꯇꯝꯗ,    ꯆꯠꯅꯔꯤꯕ    ꯊꯧꯑꯣ ꯡꯁꯤꯡ    ꯑꯗꯨ    ꯁꯤꯖꯤꯟꯅꯅꯕ    ꯇ꯭ꯔꯦꯅꯤꯡ    ꯗꯦꯇꯥ    ꯆ ꯞ ꯆꯥꯅ    ꯗꯔ ꯀꯥꯔ    ꯑꯣꯏꯕ    ꯑꯌꯥꯝꯕ    ꯃꯇꯝꯗ    ꯐꯪ ꯗꯦ꯫ ",141,36
884,ꯇ꯭ꯔꯦꯟ ꯇꯧꯔꯕ ꯃꯇꯨꯡꯗ ꯑꯁꯤꯒꯨꯝꯕ ꯃꯣꯗꯦꯜ ꯑꯃꯅ ꯋꯥꯍꯟꯊꯣꯛ ꯃꯥꯟꯅꯕ ꯋꯥꯍꯩꯁꯤꯡ ꯈꯪꯗꯣꯛꯄ ꯅꯠꯇ꯭ꯔꯒ ꯃꯄꯨꯡꯐꯥꯗꯕ ꯋꯥꯍꯩꯄꯔꯦꯡ ꯑꯃꯒꯤꯗꯃꯛ ꯑꯍꯦꯟꯕ ꯋꯥꯍꯩꯁꯤꯡ ꯁꯖꯦꯁꯠ ꯇꯧꯕ ꯉꯝꯃꯤ꯫,ꯇ꯭ꯔ ꯦꯟ    ꯇꯧꯔꯕ    ꯃꯇꯨꯡꯗ    ꯑꯁꯤꯒꯨꯝꯕ    ꯃꯣꯗꯦꯜ    ꯑꯃꯅ    ꯋꯥꯍꯟꯊꯣꯛ    ꯃꯥꯟꯅꯕ    ꯋꯥꯍꯩꯁꯤꯡ    ꯈꯪ ꯗꯣꯛꯄ    ꯅꯠꯇ꯭ꯔꯒ    ꯃꯄꯨꯡ ꯐꯥ ꯗꯕ    ꯋꯥꯍꯩ ꯄꯔꯦꯡ    ꯑꯃꯒꯤꯗꯃꯛ    ꯑꯍꯦꯟꯕ    ꯋꯥꯍꯩꯁꯤꯡ    ꯁ ꯖ ꯦꯁꯠ    ꯇꯧꯕ    ꯉꯝꯃꯤ꯫ ,108,26
885,"ꯃꯁꯤ ꯑꯦꯟꯁꯥꯏꯀ꯭ꯂꯣꯄꯦꯗꯤꯌꯥ ꯕ꯭ꯔꯤꯇꯥꯅꯤꯀꯥ, ꯏꯡꯀ꯬ꯅ ꯐꯣꯡꯉꯤ, ꯀꯝꯄꯅꯤ ꯑꯁꯤ ꯆꯍꯤꯆꯥ ꯱꯸ꯗꯒꯤ ꯂꯩꯔꯛꯂꯤ, ꯇꯧꯕꯇꯕꯨ ꯃꯁꯤꯒꯤ ꯃꯄꯨꯗꯤ ꯆꯍꯤꯆꯥ ꯀꯌꯥꯁꯤꯗ ꯀꯌꯥꯔꯛ ꯍꯣꯡꯈ꯭ꯔꯦ꯫","ꯃꯁꯤ    ꯑꯦꯟ ꯁꯥꯏ ꯀ꯭ꯂꯣ ꯄꯦ ꯗꯤꯌꯥ    ꯕ꯭ꯔꯤ ꯇꯥ ꯅꯤ ꯀꯥ,    ꯏ ꯡ ꯀ ꯬ ꯅ    ꯐꯣꯡ ꯉꯤ ,    ꯀꯝꯄꯅꯤ    ꯑꯁꯤ    ꯆꯍꯤꯆꯥ    ꯱꯸ ꯗꯒꯤ    ꯂꯩ ꯔꯛ ꯂꯤ,    ꯇꯧꯕ ꯇ ꯕꯨ    ꯃꯁꯤꯒꯤ    ꯃꯄꯨ ꯗꯤ    ꯆꯍꯤꯆꯥ    ꯀꯌꯥ ꯁꯤꯗ    ꯀꯌꯥ ꯔꯛ    ꯍꯣꯡ ꯈ꯭ꯔꯦ꯫ ",106,39
886,"ꯃꯃꯤ ꯀꯨꯝꯍꯩ ꯑꯗꯨ ꯐꯣꯡꯕ ꯆꯥꯍꯤ ꯇꯔꯥꯒꯤ ꯃꯇꯨꯡꯗ, ꯑꯥꯔꯕꯥꯖ ꯈꯥꯟꯅ ꯋꯥꯍꯪ ꯄꯥꯎꯈꯨꯝ ꯑꯃꯒꯤ ꯊꯧꯔꯝ ꯑꯃꯗ ꯃꯃꯤ ꯀꯨꯝꯍꯩ ꯑꯗꯨꯒꯤ ꯁꯦꯟꯐꯝ ꯑꯗꯨ ꯀꯔꯣꯔ ꯳꯰ (꯲꯰꯲꯰ꯗ ꯀꯔꯣꯔ ꯵꯷ ꯅꯠꯇ꯭ꯔꯒ ꯌꯨꯑꯦꯁ ꯗꯣꯂꯔ ꯃꯤꯂꯤꯌꯟ ꯷","ꯃꯃꯤ    ꯀꯨꯝꯍꯩ    ꯑꯗꯨ    ꯐꯣꯡꯕ    ꯆꯥ ꯍꯤ    ꯇꯔꯥꯒꯤ    ꯃꯇꯨꯡꯗ,    ꯑꯥꯔ ꯕꯥ ꯖ    ꯈꯥꯟꯅ    ꯋꯥꯍꯪ    ꯄꯥꯎꯈꯨꯝ    ꯑꯃꯒꯤ    ꯊꯧꯔꯝ    ꯑꯃꯗ    ꯃꯃꯤ    ꯀꯨꯝꯍꯩ    ꯑꯗꯨꯒꯤ    ꯁꯦꯟꯐꯝ    ꯑꯗꯨ    ꯀꯔꯣꯔ    ꯳꯰    ( ꯲꯰ ꯲꯰ꯗ    ꯀꯔꯣꯔ    ꯵ ꯷    ꯅꯠꯇ꯭ꯔꯒ    ꯌꯨ ꯑꯦꯁ   ꯗꯣꯂꯔ    ꯃꯤꯂꯤꯌꯟ    ꯷ ",122,36
887,"꯲ꯒ ꯃꯥꯟꯅꯕ) ꯑꯗꯨꯗꯒꯤ ꯀꯔꯣꯔ ꯴꯹ (꯲꯰꯲꯰ꯗ ꯀꯔꯣꯔ ꯹꯳ ꯅꯠꯇ꯭ꯔꯒ ꯌꯨꯑꯦꯁ ꯗꯣꯂꯔ ꯃꯤꯂꯤꯌꯟ ꯱꯲ꯒ ꯃꯥꯟꯅꯕ) ꯍꯦꯟꯒꯠꯇꯨꯅ ꯃꯍꯥꯛꯀꯤ ꯁꯦꯟꯐꯝ ꯈꯔ ꯃꯥꯡꯕ ꯇꯥꯈꯤ ꯑꯗꯨꯕꯨ ꯌꯥꯝꯅ ꯃꯁꯛ ꯊꯣꯛꯅ ꯃꯥꯏ ꯄꯥꯛꯄꯗꯒꯤ, ꯃꯍꯥꯛꯅ ꯁꯜꯃꯥꯟ ꯈꯥꯟꯒꯤ ꯁꯦꯟꯖꯪ ꯄꯤꯈꯤ ꯍꯥꯏꯅ ꯍꯥꯏꯈꯤ ꯫","꯲ ꯒ    ꯃꯥꯟ ꯅꯕ )    ꯑꯗꯨꯗꯒꯤ    ꯀꯔꯣꯔ    ꯴ ꯹    ( ꯲꯰ ꯲꯰ꯗ    ꯀꯔꯣꯔ    ꯹ ꯳    ꯅꯠꯇ꯭ꯔꯒ    ꯌꯨ ꯑꯦꯁ   ꯗꯣꯂꯔ    ꯃꯤꯂꯤꯌꯟ    ꯱꯲ ꯒ    ꯃꯥꯟ ꯅꯕ )    ꯍꯦꯟꯒꯠ ꯇꯨꯅ    ꯃꯍꯥꯛꯀꯤ    ꯁꯦꯟꯐꯝ    ꯈꯔ    ꯃꯥꯡ ꯕ    ꯇꯥꯈꯤ    ꯑꯗꯨꯕꯨ    ꯌꯥꯝꯅ    ꯃꯁꯛ    ꯊꯣꯛꯅ    ꯃꯥꯏ    ꯄꯥꯛ ꯄꯗ ꯒꯤ,    ꯃꯍꯥꯛꯅ    ꯁꯜ ꯃꯥꯟ    ꯈꯥꯟꯒꯤ    ꯁꯦꯟ ꯖ ꯪ    ꯄꯤꯈꯤ    ꯍꯥꯏꯅ    ꯍꯥꯏꯈꯤ    ꯫ ",152,52
888,ꯂꯥꯟ ꯀꯌꯥ ꯊꯦꯡꯅꯔꯛꯂꯕ ꯑꯃꯁꯨꯡ ꯅꯤꯌꯣꯝ ꯏꯟꯒꯟꯗꯕ ꯚꯥꯔꯠ ꯂꯥꯟꯃꯤꯒꯤ ꯐꯝꯅꯥꯏꯕ ꯑꯃ ꯌꯥꯝꯅ ꯑꯉꯛꯄ ꯃꯥꯑꯣꯡꯗ ꯃꯤꯅ ꯐꯥꯈꯤꯕ ꯃꯍꯥꯛꯀ ꯍꯥꯟꯅ ꯅꯨꯡꯁꯤꯅꯔꯝꯕ ꯅꯨꯄꯤꯒꯤ ꯃꯆꯥ ꯊꯤꯕ ꯆꯠꯂꯤ꯫,ꯂꯥꯟ    ꯀꯌꯥ    ꯊꯦꯡꯅ ꯔꯛꯂꯕ    ꯑꯃꯁꯨꯡ    ꯅꯤꯌꯣ ꯝ    ꯏꯟ ꯒꯟ ꯗꯕ    ꯚꯥꯔꯠ    ꯂꯥꯟꯃꯤꯒꯤ    ꯐꯝ ꯅꯥꯏꯕ    ꯑꯃ    ꯌꯥꯝꯅ    ꯑꯉ ꯛꯄ    ꯃꯥ ꯑꯣ ꯡꯗ    ꯃꯤꯅ    ꯐꯥ ꯈꯤꯕ    ꯃꯍꯥꯛꯀ    ꯍꯥꯟꯅ    ꯅꯨꯡꯁꯤ ꯅ ꯔꯝꯕ    ꯅꯨꯄꯤꯒꯤ    ꯃꯆꯥ    ꯊꯤꯕ    ꯆꯠꯂꯤ꯫ ,106,33
889,ꯏꯪ ꯱꯹꯳꯲ ꯑꯃꯗꯤ ꯲꯰꯱꯱ꯒꯤ ꯃꯔꯛꯇ ꯒꯨꯖꯔꯥꯇꯤ ꯃꯃꯤ ꯀꯨꯝꯍꯩ ꯂꯤꯁꯤꯡ ꯑꯃꯒ ꯀꯨꯟꯊ꯭ꯔꯥꯔꯣꯝ ꯅꯝꯈꯤ ꯑꯗꯨꯕꯨ ꯈꯔꯈꯛꯇꯃꯛ ꯂꯤꯔꯒ ꯊꯝꯃꯤ꯫,ꯏꯪ    ꯱꯹꯳ ꯲    ꯑꯃꯗꯤ    ꯲꯰꯱꯱ꯒꯤ    ꯃꯔꯛꯇ    ꯒꯨꯖꯔꯥ ꯇꯤ    ꯃꯃꯤ    ꯀꯨꯝꯍꯩ    ꯂꯤꯁꯤꯡ    ꯑꯃꯒ    ꯀꯨꯟ ꯊ꯭ꯔ ꯥꯔ ꯣ ꯝ    ꯅꯝ ꯈꯤ    ꯑꯗꯨꯕꯨ    ꯈꯔ ꯈꯛꯇꯃꯛ    ꯂꯤ ꯔꯒ    ꯊꯝꯃꯤ꯫ ,78,25
890,"ꯑꯥꯃꯤꯌꯥ ꯆꯀ꯭ꯔꯕꯔꯇꯤ (ꯅꯕꯦꯝꯕꯔ ꯳꯰, ꯱꯹꯱꯲ - ꯃꯥꯔꯆ ꯶, ꯱꯹꯵꯷) ꯑꯁꯤ ꯚꯥꯔꯠꯀꯤ ꯃꯃꯤ-ꯀꯨꯝꯍꯩ ꯂꯝꯖꯤꯡ-ꯂꯝꯇꯥꯛꯄ, ꯁ꯭ꯀ꯭ꯔꯤꯟꯔꯥꯏꯇꯔ, ꯑꯃꯗꯤ ꯄꯨꯊꯣꯛꯄ ꯃꯤꯑꯣꯏ ꯑꯃꯅꯤ, ꯑꯃꯁꯨꯡ ꯱꯹꯴꯰ ꯑꯃꯗꯤ ꯱꯹꯵꯰ꯒꯤ ꯆꯍꯤ ꯇꯔꯥꯒꯤ ꯈꯨꯖꯤꯡ ꯑꯗꯨꯒꯤ ꯍꯤꯟꯗꯤ ꯁꯤꯅꯦꯃꯥꯗ ꯃꯀꯣꯛ ꯊꯣꯡꯕ ꯃꯃꯤ-ꯀꯨꯝꯍꯩ ꯂꯝꯖꯤꯡ-ꯂꯝꯇꯥꯛꯄ ꯃꯤꯑꯣꯏ ꯑꯣꯏꯔꯝꯃꯤ꯫","ꯑꯥ ꯃꯤ ꯌꯥ    ꯆ ꯀ꯭ꯔ ꯕꯔ ꯇꯤ    ( ꯅꯕꯦꯝꯕꯔ    ꯳꯰ ,    ꯱꯹ ꯱꯲    -    ꯃꯥꯔꯆ    ꯶ ,    ꯱꯹꯵ ꯷ )    ꯑꯁꯤ    ꯚꯥꯔꯠꯀꯤ    ꯃꯃꯤ-ꯀꯨꯝꯍꯩ    ꯂꯝꯖꯤꯡ-ꯂꯝꯇꯥꯛ ꯄ,    ꯁ꯭ꯀ꯭ꯔꯤ ꯟ ꯔꯥꯏ ꯇꯔ ,    ꯑꯃꯗꯤ    ꯄꯨꯊꯣꯛꯄ    ꯃꯤꯑꯣꯏ    ꯑꯃꯅꯤ,    ꯑꯃꯁꯨꯡ    ꯱꯹꯴ ꯰    ꯑꯃꯗꯤ    ꯱꯹꯵ ꯰ꯒꯤ    ꯆꯍꯤ    ꯇꯔꯥꯒꯤ    ꯈꯨꯖꯤꯡ    ꯑꯗꯨꯒꯤ    ꯍꯤꯟꯗꯤ    ꯁꯤꯅꯦ ꯃꯥꯗ    ꯃꯀꯣꯛ    ꯊꯣꯡꯕ    ꯃꯃꯤ-ꯀꯨꯝꯍꯩ    ꯂꯝꯖꯤꯡ-ꯂꯝꯇꯥꯛ ꯄ    ꯃꯤꯑꯣꯏ    ꯑꯣꯏꯔꯝꯃꯤ꯫ ",195,54
891,"ꯃꯍꯥꯛꯀ ꯇꯣꯏꯅ ꯀꯣꯂꯥꯕꯣꯔꯦꯠ ꯇꯧꯈ꯭ꯔꯕ ꯃꯃꯤꯔꯣꯏꯁꯤꯡꯒꯤ ꯃꯅꯨꯡꯗ ꯔꯦꯈꯥ, ꯃꯥꯙꯨꯔꯤ ꯗꯤꯛꯁꯤꯠ, ꯑꯅꯤꯜ ꯀꯥꯄꯨꯔ, ꯁꯥꯍ ꯔꯨꯈ ꯈꯥꯟ ꯑꯃꯗꯤ ꯑꯝꯔꯤꯁ ꯄꯨꯔꯤ ꯌꯥꯎꯋꯤ꯫","ꯃꯍꯥꯛꯀ    ꯇꯣꯏꯅ    ꯀꯣ ꯂꯥ ꯕꯣ ꯔꯦꯠ    ꯇꯧ ꯈ꯭ꯔꯕ    ꯃꯃꯤꯔꯣꯏ ꯁꯤꯡꯒꯤ    ꯃꯅꯨꯡꯗ    ꯔꯦ ꯈꯥ ,    ꯃꯥ ꯙꯨ ꯔꯤ    ꯗꯤ ꯛ ꯁꯤ ꯠ,    ꯑꯅꯤ ꯜ    ꯀꯥ ꯄꯨꯔ,    ꯁꯥꯍ    ꯔꯨ ꯈ    ꯈꯥꯟ    ꯑꯃꯗꯤ    ꯑꯝ ꯔꯤ ꯁ    ꯄꯨꯔꯤ    ꯌꯥꯎꯋꯤ꯫ ",96,35
892,"ꯑꯉꯝꯕ ꯅꯨꯡꯒꯤ ꯆꯤꯡꯃꯥꯏꯁꯤꯡꯒꯤ ꯃꯊꯛꯇ ꯂꯩꯕ ꯏꯁꯤꯆꯥꯏꯕꯤ, ꯑꯉꯛꯄꯅ ꯊꯜꯂꯕ ꯎꯃꯪꯁꯤꯡ ꯑꯃꯗꯤ ꯏꯁꯤꯡ ꯇꯨꯡꯐꯝꯁꯤꯡ ꯑꯃꯁꯨꯡ ꯆꯤꯡꯖꯥꯎꯗꯒꯤ ꯀꯤꯟꯊꯔꯛꯄ ꯎꯟ ꯃꯄꯥꯛ ꯑꯃ ꯅꯥꯟꯊꯣꯛꯇꯨꯅ ꯆꯦꯜꯂꯤꯕ ꯃꯀꯣꯛꯊꯣꯡꯕ ꯖꯨꯔꯥ, ꯄꯨꯝꯅꯃꯛ ꯑꯁꯤꯅ ꯄꯨꯛꯅꯤꯡ ꯊꯨꯝꯍꯠꯄ ꯃꯤꯠꯐꯝ ꯑꯗꯨ ꯍꯦꯟꯅ ꯐꯖꯍꯜꯂꯤ꯫","ꯑ ꯉꯝꯕ    ꯅꯨꯡꯒꯤ    ꯆꯤꯡ ꯃꯥꯏ ꯁꯤꯡꯒꯤ    ꯃꯊꯛꯇ    ꯂꯩꯕ    ꯏ ꯁꯤ ꯆꯥꯏ ꯕꯤ,    ꯑꯉ ꯛꯄ ꯅ    ꯊ ꯜꯂꯕ    ꯎꯃꯪꯁꯤꯡ    ꯑꯃꯗꯤ    ꯏꯁꯤꯡ    ꯇꯨꯡ ꯐꯝꯁꯤꯡ    ꯑꯃꯁꯨꯡ    ꯆꯤꯡ ꯖꯥꯎ ꯗꯒꯤ    ꯀꯤ ꯟ ꯊ ꯔꯛꯄ    ꯎꯟ    ꯃ ꯄꯥꯛ    ꯑꯃ    ꯅꯥꯟ ꯊꯣꯛꯇꯨꯅ    ꯆꯦꯜꯂꯤꯕ    ꯃꯀꯣꯛ ꯊꯣꯡꯕ    ꯖꯨ ꯔꯥ ,    ꯄꯨꯝꯅꯃꯛ    ꯑꯁꯤꯅ    ꯄꯨꯛꯅꯤꯡ    ꯊꯨꯝ ꯍ ꯠꯄ    ꯃꯤꯠ ꯐꯝ    ꯑꯗꯨ    ꯍꯦꯟꯅ    ꯐꯖ ꯍꯜꯂꯤ꯫ ",165,54
893,"ꯄꯥꯟꯗꯨꯔꯥꯡ, ꯃꯃꯥꯡꯗ ꯕꯥꯕꯂꯤꯅ ꯊꯥꯔꯛꯈꯤꯕ ꯃꯅꯥꯏ ꯑꯣꯏꯅ ꯃꯤꯔꯣꯠ ꯑꯣꯏꯕ ꯃꯤꯍꯥꯠꯄ, ꯁꯥꯃꯤꯔꯒꯤ ꯑꯁꯦꯡꯕꯗꯨ ꯇꯥꯔꯕꯗꯒꯤ ꯃꯍꯥꯛ ꯀꯣꯟꯅ ꯒꯣꯄꯥꯜꯒꯤ ꯀꯥꯡꯂꯨꯞꯇ ꯌꯥꯎꯔꯛꯈꯤ ꯑꯃꯁꯨꯡ ꯒꯨꯟꯗꯥꯁꯤꯡꯕꯨ ꯐꯨꯨꯅꯗꯨꯅ ꯇꯥꯟꯊꯣꯛꯈꯤ ꯑꯗꯨꯒ ꯐꯨꯅꯕ ꯑꯗꯨꯗ ꯕꯥꯕꯂꯤꯅ ꯒꯣꯄꯥꯜꯒꯤ ꯅꯤꯡꯗ ꯊꯥꯡꯅ ꯁꯣꯏꯗꯅ ꯊꯤꯟꯈꯤꯕꯗꯒꯤ ꯃꯥꯙꯥꯕ, ꯂꯛꯀꯤ ꯑꯃꯁꯎꯡ ꯂꯥꯛꯁꯃꯟꯕꯨ ꯊꯥꯡ ꯁꯣꯛꯀꯅꯣ ꯍꯥꯏꯅ ꯈꯪꯍꯜꯂꯝꯂꯒ, ꯃꯃꯥꯟꯅꯕ ꯑꯍꯨꯝ ꯑꯗꯨꯅ ꯅꯣꯛꯇꯨꯅ ꯂꯩꯍꯧꯔꯕ ꯃꯇꯨꯡꯗ ꯒꯤꯌꯥꯟ ꯃꯥꯡꯈꯤꯕꯗꯨꯅ ꯐꯨꯅꯕ ꯑꯗꯨ ꯂꯣꯏꯁꯤꯟꯈꯤ꯫","ꯄꯥꯟ ꯗꯨ ꯔꯥꯡ ,    ꯃꯃꯥꯡꯗ    ꯕꯥ ꯕ ꯂꯤꯅ    ꯊꯥꯔꯛ ꯈꯤꯕ    ꯃꯅ ꯥꯏ    ꯑꯣꯏꯅ    ꯃꯤ ꯔꯣ ꯠ    ꯑꯣꯏꯕ    ꯃꯤ ꯍꯥꯠ ꯄ,    ꯁꯥ ꯃꯤ ꯔꯒꯤ    ꯑ ꯁꯦꯡ ꯕꯗꯨ    ꯇꯥꯔ ꯕꯗꯒꯤ    ꯃꯍꯥꯛ    ꯀꯣꯟꯅ    ꯒꯣ ꯄꯥ ꯜꯒꯤ    ꯀꯥꯡꯂꯨ ꯞꯇ    ꯌꯥꯎ ꯔꯛꯈꯤ    ꯑꯃꯁꯨꯡ    ꯒꯨ ꯟ ꯗꯥ ꯁꯤꯡꯕꯨ    ꯐꯨ ꯨ ꯅꯗꯨꯅ    ꯇꯥꯟ ꯊꯣꯛꯈꯤ    ꯑꯗꯨꯒ    ꯐꯨ ꯅꯕ    ꯑꯗꯨꯗ    ꯕꯥ ꯕ ꯂꯤꯅ    ꯒꯣ ꯄꯥ ꯜꯒꯤ    ꯅꯤꯡꯗ    ꯊꯥꯡ ꯅ    ꯁꯣꯏꯗꯅ    ꯊꯤꯟ ꯈꯤꯕ ꯗꯒꯤ    ꯃꯥ ꯙꯥ ꯕ,    ꯂ ꯛꯀꯤ    ꯑꯃ ꯁ ꯎ ꯡ    ꯂꯥꯛ ꯁ ꯃꯟ ꯕꯨ    ꯊꯥꯡ    ꯁꯣꯛ ꯀ ꯅꯣ    ꯍꯥꯏꯅ    ꯈꯪ ꯍꯜꯂ ꯝ ꯂ ꯒ,    ꯃꯃ ꯥꯟ ꯅꯕ    ꯑꯍꯨꯝ    ꯑꯗꯨꯅ    ꯅꯣꯛ ꯇꯨꯅ    ꯂꯩ ꯍꯧ ꯔꯕ    ꯃꯇꯨꯡꯗ    ꯒꯤ ꯌꯥꯟ    ꯃꯥꯡ ꯈꯤꯕ ꯗꯨꯅ    ꯐꯨ ꯅꯕ    ꯑꯗꯨ    ꯂꯣꯏꯁꯤꯟꯈꯤ꯫ ",284,107
894,ꯑꯗꯨꯝꯑꯣꯏꯅꯃꯛ ꯃꯈꯣꯏꯒꯤ ꯂꯨꯍꯣꯡꯕ ꯅꯨꯃꯤꯠꯇ ꯋꯩꯗꯦꯍꯤ ꯂꯥꯛꯈꯤꯗꯦ ꯑꯃꯗꯤ ꯃꯨꯝꯕꯥꯏꯗ ꯆꯦꯟꯈ꯭ꯔꯦ ꯍꯥꯏꯅ ꯎꯠꯂꯤ꯫,ꯑꯗꯨ ꯝ ꯑꯣꯏꯅꯃꯛ    ꯃꯈꯣꯏꯒꯤ    ꯂꯨꯍꯣꯡꯕ    ꯅꯨꯃꯤꯠꯇ    ꯋ ꯩ ꯗꯦ ꯍꯤ    ꯂꯥꯛ ꯈꯤꯗꯦ    ꯑꯃꯗꯤ    ꯃꯨꯝꯕꯥꯏꯗ    ꯆꯦꯟ ꯈ꯭ꯔꯦ    ꯍꯥꯏꯅ    ꯎꯠꯂꯤ꯫ ,68,18
895,"ꯕꯥꯟꯇꯨꯅ ꯔꯥꯝꯆꯟꯗ꯭ꯔꯒ ꯌꯥꯁꯨꯒꯒꯤ ꯇꯠꯂꯕ ꯃꯔꯤ (ꯔꯥꯝꯆꯟꯗ꯭ꯔꯅ ꯅꯨꯄꯤ ꯑꯃꯒ ꯆꯥꯍꯤ ꯷ ꯃꯃꯥꯡꯗ ꯑꯔꯣꯟꯕ ꯃꯔꯤ ꯂꯩꯕꯗꯒꯤ ꯁꯣꯜꯂꯕ ꯃꯔꯤ) ꯑꯗꯨ ꯁꯝꯖꯤꯟꯗꯨꯅ, ꯄꯥꯏꯗꯊꯥꯜꯂꯤꯒ ꯌꯥꯟꯅꯗꯕ ꯑꯗꯨ ꯁꯪꯗꯥꯏꯅꯗꯨꯅ ꯑꯃꯁꯨꯡ ꯄꯨꯛꯆꯦꯜ ꯁꯦꯡꯗꯕ ꯏꯃꯨꯡ ꯃꯅꯨꯡꯒꯤ ꯃꯤꯁꯤꯡ ꯀꯥꯁꯤꯔꯥꯝ ꯑꯃꯁꯨꯡ ꯁꯤꯇꯥꯔꯥꯝꯕꯨ ꯁꯦꯝꯗꯣꯛꯇꯨꯅ ꯌꯨꯝ ꯑꯗꯨꯕꯨ ꯁꯣꯛꯍꯜꯂꯤꯕ ꯈꯨꯗꯣꯡꯊꯤꯕ ꯑꯗꯨ ꯊꯦꯡꯅꯕ ꯍꯧꯋꯤ꯫","ꯕꯥꯟ ꯇꯨꯅ    ꯔꯥꯝ ꯆꯟꯗ꯭ꯔ ꯒ    ꯌꯥ ꯁꯨ ꯒꯒꯤ    ꯇ ꯠ ꯂꯕ    ꯃꯔꯤ    ( ꯔꯥꯝ ꯆꯟꯗ꯭ꯔ ꯅ    ꯅꯨꯄꯤ    ꯑꯃꯒ    ꯆꯥ ꯍꯤ    ꯷    ꯃꯃꯥꯡꯗ    ꯑꯔꯣ ꯟꯕ    ꯃꯔꯤ    ꯂꯩꯕ ꯗꯒꯤ    ꯁꯣ ꯜꯂꯕ    ꯃꯔꯤ )    ꯑꯗꯨ    ꯁꯝ ꯖꯤꯟ ꯗꯨꯅ,    ꯄꯥꯏ ꯗ ꯊꯥ ꯜꯂꯤ ꯒ    ꯌꯥꯟ ꯅꯗꯕ    ꯑꯗꯨ    ꯁꯪ ꯗꯥꯏ ꯅꯗꯨꯅ    ꯑꯃꯁꯨꯡ    ꯄꯨꯛ ꯆꯦꯜ    ꯁꯦꯡ ꯗꯕ    ꯏꯃꯨꯡ    ꯃꯅꯨꯡꯒꯤ    ꯃꯤꯁꯤꯡ    ꯀꯥ ꯁꯤ ꯔꯥꯝ    ꯑꯃꯁꯨꯡ    ꯁꯤ ꯇꯥꯔ ꯥ ꯝꯕꯨ    ꯁꯦꯝꯗꯣꯛ ꯇꯨꯅ    ꯌꯨꯝ    ꯑꯗꯨꯕꯨ    ꯁꯣꯛ ꯍꯜꯂꯤꯕ    ꯈꯨꯗꯣꯡꯊꯤꯕ    ꯑꯗꯨ    ꯊꯦꯡꯅꯕ    ꯍꯧ ꯋꯤ꯫ ",217,73
896,ꯆꯦꯅꯦꯜ ꯑꯃꯈꯛꯇꯅ ꯃꯇꯝꯄꯨꯝꯕꯗ ꯍꯦꯟꯒꯠꯂꯛꯂꯤꯕ ꯌꯦꯡꯂꯤꯕ ꯃꯤꯑꯣꯏꯁꯤꯡꯗ ꯊꯧꯔꯥꯡꯂꯝꯕꯅ ꯃꯔꯝ ꯑꯣꯏꯗꯨꯅ ꯇꯦꯂꯤꯕꯤꯖꯟ ꯄ꯭ꯔꯣꯒ꯭ꯔꯥꯃꯤꯡ ꯌꯥꯝꯅ ꯊꯨꯅ ꯑꯇꯣꯞꯄ ꯍꯥꯞꯐꯝ ꯌꯥꯎꯗꯕꯒꯤ ꯆꯥꯡꯗ ꯌꯧꯈꯤ꯫,ꯆꯦ ꯅꯦꯜ    ꯑꯃ ꯈꯛꯇꯅ    ꯃꯇꯝ ꯄꯨꯝꯕꯗ    ꯍꯦꯟꯒꯠꯂꯛ ꯂꯤꯕ    ꯌꯦꯡ ꯂꯤꯕ    ꯃꯤꯑꯣꯏꯁꯤꯡꯗ    ꯊꯧꯔꯥꯡ ꯂꯝ ꯕꯅ    ꯃꯔꯝ    ꯑꯣꯏꯗꯨꯅ    ꯇꯦꯂꯤ ꯕꯤ ꯖꯟ    ꯄ꯭ꯔꯣꯒ꯭ꯔꯥ ꯃꯤꯡ    ꯌꯥꯝꯅ    ꯊꯨꯅ    ꯑꯇꯣꯞꯄ    ꯍꯥꯞ ꯐꯝ    ꯌꯥꯎ ꯗꯕꯒꯤ    ꯆꯥꯡꯗ    ꯌꯧ ꯈꯤ꯫ ,114,31
897,ꯕꯦꯇꯥ (ꯋꯥꯍꯟꯊꯣꯛ: ꯏꯆꯥꯅꯨꯄꯥ) ꯑꯁꯤ ꯏꯟꯗ꯭ꯔ ꯀꯨꯃꯔꯅ ꯂꯝꯖꯤꯡ-ꯂꯝꯇꯥꯛꯄ ꯑꯃꯗꯤ ꯅꯥꯎꯁꯤꯔ ꯈꯥꯇꯥꯎ ꯑꯃꯁꯨꯡ ꯀꯝꯂꯦꯁ ꯄꯥꯟꯗꯦꯅ ꯏꯕ ꯏꯪ ꯱꯹꯹꯲ꯒꯤ ꯚꯥꯔꯠꯀꯤ ꯍꯤꯟꯗꯤ ꯗ꯭ꯔꯃꯥ ꯐꯤꯂꯝ ꯑꯃꯅꯤ꯫,ꯕꯦ ꯇꯥ    ( ꯋꯥꯍꯟ ꯊꯣꯛ :    ꯏ ꯆꯥ ꯅꯨꯄꯥ )    ꯑꯁꯤ    ꯏꯟ ꯗ꯭ꯔ    ꯀꯨ ꯃꯔ ꯅ    ꯂꯝꯖꯤꯡ-ꯂꯝꯇꯥꯛ ꯄ    ꯑꯃꯗꯤ    ꯅꯥꯎ ꯁꯤ ꯔ    ꯈꯥ ꯇ ꯥꯎ    ꯑꯃꯁꯨꯡ    ꯀꯝ ꯂꯦꯁ    ꯄꯥꯟ ꯗꯦꯅ    ꯏꯕ    ꯏꯪ    ꯱꯹꯹ ꯲ꯒꯤ    ꯚꯥꯔꯠꯀꯤ    ꯍꯤꯟꯗꯤ    ꯗ꯭ꯔ ꯃꯥ    ꯐꯤ ꯂꯝ    ꯑꯃꯅꯤ꯫ ,112,41
898,ꯃꯁꯤꯅ ꯂꯩꯕꯥꯛ ꯑꯃꯠꯇꯒꯤ ꯑꯣꯏꯕ ꯊꯧꯔꯝ ꯁꯟꯗꯣꯛꯄꯗꯒꯤ ꯍꯦꯟꯅ ꯃꯍꯩꯑꯣꯏ ꯃꯔꯝꯗꯤ ꯂꯝꯗꯝꯗꯨꯒꯤ ꯄꯥꯎ ꯈꯣꯝꯕ ꯁꯤꯟꯃꯤꯁꯤꯡꯅ ꯈꯣꯝꯖꯤꯟꯈꯤꯕ ꯂꯝꯗꯝꯗꯨꯒꯤ ꯏꯟꯇꯔꯇꯦꯟꯃꯦꯟꯇ ꯊꯧꯔꯝꯁꯤꯡ ꯑꯃꯗꯤ ꯄꯥꯎꯁꯤꯡ ꯃꯃꯜ ꯍꯣꯡꯅ ꯂꯩꯕꯥꯛꯇꯨꯒꯤ ꯅꯠꯇꯕ ꯚꯥꯕꯣꯛꯁꯤꯡꯒꯤꯗꯃꯛ ꯑꯃꯧꯛ ꯍꯟꯅ ꯁꯥꯒꯠꯄꯥ ꯌꯥꯏ꯫,ꯃꯁꯤꯅ    ꯂꯩꯕꯥꯛ    ꯑꯃ ꯠꯇꯒꯤ    ꯑꯣꯏꯕ    ꯊꯧꯔꯝ    ꯁꯟꯗꯣꯛ ꯄꯗꯒꯤ    ꯍꯦꯟꯅ    ꯃꯍꯩ ꯑꯣꯏ    ꯃꯔꯝꯗꯤ    ꯂꯝꯗ ꯝ ꯗꯨꯒꯤ    ꯄꯥꯎ    ꯈꯣ ꯝꯕ    ꯁꯤꯟ ꯃꯤꯁꯤꯡꯅ    ꯈꯣꯝ ꯖꯤꯟ ꯈꯤꯕ    ꯂꯝꯗ ꯝ ꯗꯨꯒꯤ    ꯏꯟꯇꯔ ꯇꯦꯟ ꯃꯦꯟ ꯇ    ꯊꯧꯔꯝꯁꯤꯡ    ꯑꯃꯗꯤ    ꯄꯥꯎ ꯁꯤꯡ    ꯃꯃꯜ    ꯍꯣꯡ ꯅ    ꯂꯩꯕꯥꯛ ꯇꯨ ꯒꯤ    ꯅꯠꯇꯕ    ꯚꯥ ꯕꯣꯛ ꯁꯤꯡꯒꯤꯗꯃꯛ    ꯑꯃ ꯧ ꯛ    ꯍꯟꯅ    ꯁꯥꯒꯠ ꯄꯥ    ꯌꯥꯏ꯫ ,166,51
899,ꯆꯤꯠꯇꯤꯒꯤ ꯃꯥꯏꯄꯥꯛꯄ ꯑꯗꯨꯅ ꯁꯥꯎꯒꯠꯍꯜꯂꯕ ꯙꯤꯅꯦꯟꯗ꯭ꯔꯅ ꯄꯛꯁꯤꯒꯤ ꯊꯋꯥꯏ ꯑꯗꯨ ꯁꯤꯟꯊꯦꯁꯥꯏꯖꯔ ꯑꯗꯨꯗꯒꯤ ꯊꯥꯗꯣꯛꯏ꯫,ꯆꯤ ꯠ ꯇꯤꯒꯤ    ꯃꯥꯏꯄꯥꯛꯄ    ꯑꯗꯨꯅ    ꯁꯥꯎ ꯒꯠ ꯍꯜꯂꯕ    ꯙꯤ ꯅꯦꯟ ꯗ꯭ꯔ ꯅ    ꯄ ꯛ ꯁꯤꯒꯤ    ꯊꯋꯥꯏ    ꯑꯗꯨ    ꯁꯤꯟ ꯊ ꯦꯁ ꯥꯏ ꯖꯔ    ꯑꯗꯨꯗꯒꯤ    ꯊꯥꯗꯣꯛ ꯏ꯫ ,72,25
900,"ꯃꯃꯤꯠ ꯅꯥꯝꯃꯅ ꯃꯤꯑꯣꯏꯕꯒꯤ ꯑꯣꯏꯕ ꯑꯃꯁꯨꯡ ꯑꯃꯅ ꯗꯥꯛ ꯂꯩꯔꯕ ꯌꯣꯠꯀꯤ ꯃꯃꯤꯠ ꯑꯣꯏꯕ ꯁꯨꯄꯔꯁ꯭ꯇꯥꯔ ꯑꯗꯨ ꯑꯩꯈꯣꯏꯅ ꯌꯦꯡꯕꯗ ꯃꯤꯠꯌꯦꯡꯒꯤꯗ ꯅꯠꯇꯅ ꯐꯠꯇꯕ ꯔꯣꯕꯣꯠ ꯑꯗꯨꯅꯃꯍꯥꯛꯅ ""ꯇꯔꯃꯤꯅꯦꯇꯔꯁ"" ꯁꯦꯝꯃꯦ ꯍꯥꯏꯕ ꯂꯥꯎꯊꯣꯛꯄꯗ ꯊꯥꯋꯣꯏꯅꯁꯨ ꯍꯥꯏꯈꯤ꯫","ꯃꯃꯤ ꯠ    ꯅꯥ ꯝꯃ ꯅ    ꯃꯤꯑꯣꯏꯕꯒꯤ    ꯑꯣꯏꯕ    ꯑꯃꯁꯨꯡ    ꯑꯃꯅ    ꯗ ꯥꯛ    ꯂꯩꯔꯕ    ꯌꯣ ꯠꯀꯤ    ꯃꯃꯤ ꯠ    ꯑꯣꯏꯕ    ꯁꯨꯄꯔ ꯁ꯭ꯇꯥꯔ    ꯑꯗꯨ    ꯑꯩꯈꯣꯏꯅ    ꯌꯦꯡ ꯕꯗ    ꯃꯤꯠ ꯌꯦꯡ ꯒꯤ ꯗ    ꯅꯠꯇꯅ    ꯐꯠꯇꯕ    ꯔꯣ ꯕꯣ ꯠ    ꯑꯗꯨ ꯅ ꯃꯍꯥꯛꯅ    "" ꯇꯔ ꯃꯤ ꯅꯦ ꯇꯔ ꯁ""    ꯁꯦꯝ ꯃꯦ    ꯍꯥꯏꯕ    ꯂꯥꯎꯊꯣꯛ ꯄꯗ    ꯊꯥ ꯋ ꯣꯏ ꯅꯁꯨ    ꯍꯥꯏꯈꯤ꯫ ",145,51
901,"ꯃꯥꯏ ꯄꯥꯛꯂꯕ ꯃꯇꯨꯡꯗ, ꯃꯃꯤ ꯀꯨꯝꯍꯩ ꯑꯗꯨ ꯏꯁ꯭ꯠ ꯑꯦꯁꯤꯌꯥ ꯀꯩꯊꯦꯟꯁꯤꯡꯗ ꯀꯥꯞꯈꯤ, ꯃꯁꯤ ꯏꯪ ꯲꯰꯱꯰ ꯗꯤꯁꯦꯝꯕꯔ ꯱꯷ꯇ ꯇꯥꯏꯋꯥꯟꯗ, ꯃꯗꯨꯒꯤ ꯃꯇꯨꯡꯗ ꯏꯪ ꯲꯰꯱꯱ ꯁꯦꯞꯇꯦꯝꯕꯔ ꯱ꯗ ꯍꯣꯡ ꯀꯣꯡꯗ ꯐꯣꯡꯈꯤꯕꯅꯤ꯫","ꯃꯥꯏ    ꯄꯥꯛ ꯂꯕ    ꯃꯇꯨꯡꯗ,    ꯃꯃꯤ    ꯀꯨꯝꯍꯩ    ꯑꯗꯨ    ꯏꯁ꯭ꯠ    ꯑꯦꯁꯤ ꯌꯥ    ꯀꯩ ꯊ ꯦꯟ ꯁꯤꯡꯗ    ꯀꯥꯞ ꯈꯤ,    ꯃꯁꯤ    ꯏꯪ    ꯲꯰꯱ ꯰    ꯗꯤꯁꯦꯝꯕꯔ    ꯱꯷ ꯇ    ꯇꯥꯏ ꯋꯥꯟ ꯗ,    ꯃꯗꯨꯒꯤ    ꯃꯇꯨꯡꯗ    ꯏꯪ    ꯲꯰꯱ ꯱    ꯁꯦꯞꯇꯦꯝꯕꯔ    ꯱ꯗ    ꯍꯣ ꯡ    ꯀꯣꯡ ꯗ    ꯐꯣꯡ ꯈꯤꯕꯅꯤ꯫ ",119,39
902,"ꯏꯁꯩ ꯑꯗꯨ ꯕꯦꯜꯖꯤꯌꯝ, ꯕꯜꯒꯦꯔꯤꯌꯥ, ꯍꯪꯒꯦꯔꯤ, ꯗ ꯌꯨꯅꯥꯏꯇꯦꯗ ꯀꯤꯡꯗꯝ, ꯇꯔꯀꯤ, ꯑꯥꯜꯕꯦꯅꯤꯌꯥ, ꯁꯥꯏꯄ꯭ꯔꯁ, ꯁꯔꯕꯤꯌꯥ ꯑꯃꯁꯨꯡ ꯃꯣꯟꯇꯦꯅꯦꯒ꯭ꯔꯣ, ꯁ꯭ꯋꯤꯗꯦꯟ ꯑꯃꯁꯨꯡ ꯒꯔꯃꯅꯤꯗꯒꯤ ꯄꯣꯏꯟꯇ ꯱꯲ꯒꯤ ꯀꯥꯡꯂꯨꯞ ꯱꯰ ꯂꯥꯛꯇꯨꯅ ꯄꯣꯏꯟꯇ ꯲꯳꯰ ꯐꯪꯈꯤ ꯑꯃꯁꯨꯡ ꯑꯇꯣꯞꯄ ꯂꯝꯁꯤꯡꯗ ꯃꯔꯨ ꯑꯣꯏꯅ ꯒ꯭ꯔꯤꯁꯇ ꯌꯥꯝꯅ ꯃꯥꯏ ꯄꯥꯛꯈꯤ꯫","ꯏꯁꯩ    ꯑꯗꯨ    ꯕꯦꯜ ꯖꯤ ꯌ ꯝ,    ꯕꯜ ꯒꯦ ꯔꯤꯌꯥ ,    ꯍꯪ ꯒꯦ ꯔꯤ,    ꯗ    ꯌꯨꯅꯥꯏꯇꯦꯗ    ꯀꯤꯡ ꯗꯝ ,    ꯇꯔ ꯀꯤ,    ꯑꯥ ꯜ ꯕꯦ ꯅꯤ ꯌꯥ,    ꯁꯥꯏ ꯄ꯭ꯔ ꯁ,    ꯁꯔꯕꯤ ꯌꯥ    ꯑꯃꯁꯨꯡ    ꯃꯣꯟ ꯇꯦ ꯅꯦ ꯒ꯭ꯔꯣ ,    ꯁ꯭ꯋꯤ ꯗꯦꯟ    ꯑꯃꯁꯨꯡ    ꯒ ꯔꯃ ꯅꯤ ꯗꯒꯤ    ꯄꯣꯏ ꯟꯇ    ꯱ ꯲ꯒꯤ    ꯀꯥꯡꯂꯨꯞ    ꯱꯰    ꯂꯥꯛ ꯇꯨꯅ    ꯄꯣꯏ ꯟꯇ    ꯲ ꯳꯰    ꯐꯪꯈꯤ    ꯑꯃꯁꯨꯡ    ꯑꯇꯣꯞꯄ    ꯂꯝꯁꯤꯡꯗ    ꯃꯔꯨ    ꯑꯣꯏꯅ    ꯒ꯭ꯔꯤ ꯁꯇ    ꯌꯥꯝꯅ    ꯃꯥꯏ    ꯄꯥꯛ ꯈꯤ꯫ ",188,67
903,"ꯃꯍꯥꯛ ꯑꯁꯤ ꯅꯩꯅꯕꯁꯤꯡꯅ ꯊꯥꯒꯠꯂꯕ ꯃꯃꯤ-ꯀꯨꯝꯍꯩꯁꯤꯡ, ꯑꯃꯣꯜ ꯄꯥꯂꯦꯀꯔ ꯑꯃꯁꯨꯡ ꯖꯔꯤꯅꯥ ꯋꯥꯍꯕꯅ ꯀꯨꯝꯕ ꯘꯥꯔꯥꯎꯟꯗꯥ (꯱꯸꯷꯷), ꯑꯃꯗꯤ ꯁꯔꯃꯤꯂꯥ ꯇꯦꯒꯣꯔ ꯑꯃꯁꯨꯡ ꯎꯠꯇꯝ ꯀꯨꯃꯥꯔꯅ ꯀꯨꯝꯕ ꯗꯨꯔꯤꯌꯥꯟ (꯱꯹꯷꯹) ꯑꯁꯤ ꯂꯝꯖꯤꯡ-ꯂꯝꯇꯥꯛꯄꯒꯤꯗꯃꯛ ꯈ꯭ꯋꯥꯏꯗꯒꯤ ꯃꯃꯤꯉ ꯆꯠꯂꯤ꯫","ꯃꯍꯥꯛ    ꯑꯁꯤ    ꯅꯩꯅꯕ ꯁꯤꯡꯅ    ꯊꯥꯒꯠ ꯂꯕ    ꯃꯃꯤ- ꯀꯨꯝꯍꯩ ꯁꯤꯡ,    ꯑꯃ ꯣꯜ    ꯄꯥ ꯂꯦ ꯀꯔ    ꯑꯃꯁꯨꯡ    ꯖ ꯔꯤ ꯅꯥ    ꯋꯥꯍ ꯕꯅ    ꯀꯨꯝꯕ    ꯘ ꯥꯔ ꯥꯎ ꯟ ꯗꯥ    ( ꯱꯸ ꯷ ꯷ ),    ꯑꯃꯗꯤ    ꯁꯔ ꯃꯤ ꯂꯥ    ꯇꯦ ꯒꯣ ꯔ    ꯑꯃꯁꯨꯡ    ꯎꯠ ꯇꯝ    ꯀꯨꯃꯥꯔꯅ    ꯀꯨꯝꯕ    ꯗꯨ ꯔꯤꯌꯥ ꯟ    ( ꯱꯹꯷ ꯹ )    ꯑꯁꯤ    ꯂꯝꯖꯤꯡ-ꯂꯝꯇꯥꯛ ꯄ ꯒꯤꯗꯃꯛ    ꯈ꯭ꯋꯥꯏꯗꯒꯤ    ꯃꯃꯤ ꯉ   ꯆꯠꯂꯤ꯫ ",162,58
904,"ꯏꯪ ꯱꯹꯵꯱ꯗ, ꯑꯥꯅꯥ ꯅꯤꯌꯦꯒꯜꯅ ""ꯗ ꯂꯦꯗꯤ ꯋꯤꯠ ꯑꯦ ꯂꯦꯝꯄ"" ꯀꯨꯝꯈꯤ꯫","ꯏꯪ    ꯱꯹꯵ ꯱ ꯗ,    ꯑꯥ ꯅꯥ    ꯅꯤ ꯌꯦ ꯒ ꯜꯅ    "" ꯗ    ꯂꯦ ꯗꯤ    ꯋꯤ ꯠ    ꯑꯦ    ꯂꯦꯝ ꯄ ""    ꯀꯨꯝꯈꯤ꯫ ",41,21
905,"ꯃꯈꯣꯟ ꯊꯣꯛꯇꯕ ꯃꯄꯨꯡ ꯐꯥꯅ ꯁꯥꯡꯕ ꯃꯃꯤ ꯀꯨꯝꯍꯩ ꯑꯃ ꯁꯦꯝꯅꯕ, ꯏꯃꯨꯡ ꯑꯗꯨꯒꯤ ꯂꯝꯒꯤ ꯂꯩꯀꯣꯟꯗ ꯃꯇꯝ ꯈꯔꯒꯤ ꯑꯣꯏꯕ ꯁ꯭ꯇꯨꯗꯤꯌꯣ ꯑꯃ ꯁꯥꯈꯤ, ꯑꯃꯁꯨꯡ ꯃꯈꯣꯏꯅ ꯃꯈꯣꯟ ꯊꯣꯛꯇꯕ ꯃꯄꯨꯡ ꯐꯥꯅ ꯁꯥꯡꯕ ꯗ ꯂꯥꯁ꯭ꯠ ꯀꯤꯁ ꯀꯧꯕ ꯃꯃꯤ ꯀꯨꯝꯍꯩ ꯑꯃ ꯏꯪ ꯱꯹꯳꯱ꯗ ꯐꯣꯡꯈꯤ꯫","ꯃꯈꯣ ꯟ    ꯊꯣꯛ ꯇꯕ    ꯃꯄꯨꯡ    ꯐꯥꯅ    ꯁꯥꯡꯕ    ꯃꯃꯤ    ꯀꯨꯝꯍꯩ    ꯑꯃ    ꯁꯦꯝ ꯅꯕ,    ꯏꯃꯨꯡ    ꯑꯗꯨꯒꯤ    ꯂꯝꯒꯤ    ꯂꯩ ꯀꯣ ꯟꯗ    ꯃꯇꯝ    ꯈꯔꯒꯤ    ꯑꯣꯏꯕ    ꯁ꯭ꯇꯨ ꯗꯤ ꯌꯣ    ꯑꯃ    ꯁꯥ ꯈꯤ,    ꯑꯃꯁꯨꯡ    ꯃꯈꯣꯏꯅ    ꯃꯈꯣ ꯟ    ꯊꯣꯛ ꯇꯕ    ꯃꯄꯨꯡ    ꯐꯥꯅ    ꯁꯥꯡꯕ    ꯗ    ꯂꯥ ꯁ꯭ꯠ    ꯀꯤ ꯁ    ꯀꯧꯕ    ꯃꯃꯤ    ꯀꯨꯝꯍꯩ    ꯑꯃ    ꯏꯪ    ꯱꯹꯳ ꯱ꯗ    ꯐꯣꯡꯈꯤ꯫ ",146,49
906,ꯀꯦꯅꯦꯊ ꯋꯦꯜꯁ ꯑꯃꯁꯨꯡ ꯀꯦꯊꯤ ꯕꯦꯠꯁꯅ ꯀꯨꯝꯈꯤꯕ ꯃꯍꯥꯛꯀꯤ ꯕ꯭ꯔꯣꯗꯋꯦꯗ ꯅꯠꯇꯕ ꯐꯝꯕꯥꯛ ꯀꯨꯝꯍꯩ ꯐ꯭ꯔꯦꯟꯀꯤ ꯑꯦꯟ ꯖꯣꯅꯤ ꯏꯟ ꯗ ꯀ꯭ꯂꯦꯔ ꯗꯤ ꯂꯨꯅꯦ (꯱꯹꯸꯷)ꯗꯒꯤ ꯇꯦꯔꯦꯟꯁ ꯃꯛꯅꯦꯂꯤꯅ ꯂꯧꯊꯣꯛꯈꯤꯕꯅꯤ꯫,ꯀꯦ ꯅꯦ ꯊ    ꯋꯦ ꯜꯁ    ꯑꯃꯁꯨꯡ    ꯀꯦ ꯊꯤ    ꯕꯦꯠ ꯁꯅ    ꯀꯨꯝ ꯈꯤꯕ    ꯃꯍꯥꯛꯀꯤ    ꯕ꯭ꯔꯣ ꯗ ꯋꯦ ꯗ    ꯅꯠꯇꯕ    ꯐꯝꯕ ꯥꯛ    ꯀꯨꯝꯍꯩ    ꯐ꯭ꯔꯦꯟ ꯀꯤ    ꯑꯦꯟ    ꯖꯣ ꯅꯤ    ꯏꯟ    ꯗ    ꯀ꯭ꯂꯦ ꯔ    ꯗꯤ    ꯂꯨ ꯅꯦ    ( ꯱꯹꯸ ꯷ ) ꯗꯒꯤ    ꯇꯦ ꯔꯦꯟ ꯁ    ꯃꯛ ꯅꯦ ꯂꯤꯅ    ꯂꯧꯊꯣꯛ ꯈꯤꯕꯅꯤ꯫ ,118,46
907,"ꯏꯪ ꯲꯰꯱꯱ꯗ ꯀꯁ꯭ꯌꯞꯅ ꯃꯍꯥꯛꯀ ꯃꯃꯤ ꯀꯨꯝꯍꯩ ꯑꯁꯤꯁꯨ ꯏꯃꯤꯟꯅꯈꯤꯕ ꯀꯥꯜꯀꯤ ꯀꯣꯆꯂꯤꯟꯅ ꯁꯛꯇꯝ ꯂꯥꯡꯕ ꯊ꯭ꯔꯤꯂꯔ, ꯗꯦꯠ ꯒꯔꯜ ꯏꯟ ꯌꯦꯜꯂꯣ ꯕꯨꯠꯁꯄꯨ ꯂꯝꯖꯤꯡ-ꯂꯝꯇꯥꯛꯈꯤ꯫","ꯏꯪ    ꯲꯰꯱ ꯱ꯗ    ꯀ ꯁ꯭ ꯌ ꯞꯅ    ꯃꯍꯥꯛꯀ    ꯃꯃꯤ    ꯀꯨꯝꯍꯩ    ꯑꯁꯤꯁꯨ    ꯏ ꯃꯤꯟ ꯅꯈꯤꯕ    ꯀꯥ ꯜ ꯀꯤ    ꯀꯣ ꯆ ꯂꯤ ꯟꯅ    ꯁꯛꯇꯝ    ꯂꯥꯡꯕ    ꯊ꯭ꯔꯤ ꯂ ꯔ,    ꯗꯦ ꯠ    ꯒꯔ ꯜ    ꯏꯟ    ꯌꯦ ꯜ ꯂꯣ    ꯕꯨ ꯠ ꯁꯄꯨ    ꯂꯝꯖꯤꯡ-ꯂꯝꯇꯥꯛ ꯈꯤ꯫ ",99,39
908,ꯃꯃꯤ ꯀꯨꯝꯍꯩ ꯑꯗꯨꯒꯤꯗꯃꯛꯇ ꯃꯍꯥꯛꯅ ꯒ꯭ꯔꯤꯛ ꯇꯝꯕ ꯇꯥꯈꯤ ꯑꯃꯗꯤ ꯃꯁꯥ ꯃꯇꯣꯝꯇ ꯗꯕ ꯇꯧꯖꯈꯤ꯫,ꯃꯃꯤ    ꯀꯨꯝꯍꯩ    ꯑꯗꯨ ꯒꯤꯗꯃꯛꯇ    ꯃꯍꯥꯛꯅ    ꯒ꯭ꯔꯤꯛ    ꯇꯝꯕ    ꯇꯥꯈꯤ    ꯑꯃꯗꯤ    ꯃꯁꯥ    ꯃꯇꯣ ꯝ ꯇ    ꯗꯕ    ꯇꯧ ꯖ ꯈꯤ꯫ ,54,17
909,"ꯃꯃꯤ-ꯀꯨꯝꯍꯩ ꯑꯁꯤ ꯏꯪ ꯲꯰꯱꯶ ꯁꯤꯗꯅꯤ ꯐꯤꯂꯝ ꯐꯦꯁꯇꯤꯚꯦꯜ ꯑꯃꯗꯤ ꯏꯪ ꯲꯰꯱꯶ ꯀꯦꯟ ꯐꯤꯂꯝ ꯐꯦꯁꯇꯤꯚꯦꯜꯗ, ꯗꯤꯔꯦꯇꯔ’ꯁ ꯐꯣꯔꯠꯅꯥꯏꯠ ꯁꯦꯛꯁꯟꯗ ꯄꯣꯖꯤꯇꯤꯕ ꯑꯣꯏꯕ ꯔꯦꯁꯄꯣꯟꯁꯇ ꯄ꯭ꯔꯤꯃꯤꯌꯔ ꯇꯧꯈꯤ꯫","ꯃꯃꯤ-ꯀꯨꯝꯍꯩ    ꯑꯁꯤ    ꯏꯪ    ꯲꯰꯱ ꯶    ꯁꯤꯗ ꯅꯤ    ꯐꯤ ꯂꯝ    ꯐꯦꯁ ꯇꯤ ꯚꯦ ꯜ    ꯑꯃꯗꯤ    ꯏꯪ    ꯲꯰꯱ ꯶    ꯀꯦꯟ    ꯐꯤ ꯂꯝ    ꯐꯦꯁ ꯇꯤ ꯚꯦ ꯜ ꯗ,    ꯗꯤ ꯔꯦ ꯇꯔ ’ ꯁ    ꯐꯣꯔ ꯠ ꯅꯥꯏ ꯠ    ꯁꯦꯛ ꯁꯟꯗ    ꯄꯣꯖꯤ ꯇꯤꯕ    ꯑꯣꯏꯕ    ꯔꯦꯁ ꯄꯣꯟ ꯁꯇ    ꯄ꯭ꯔꯤ ꯃꯤ ꯌꯔ    ꯇꯧꯈꯤ꯫ ",116,46
910,"ꯃꯁꯤꯒꯤ ꯃꯊꯛꯇ, ꯊꯔꯤ ꯏꯗꯤꯌꯠꯁꯅ ꯖꯥꯄꯥꯟꯒꯤ ꯌꯨꯝꯒꯤ ꯕꯤꯗꯤꯌꯣ ꯌꯣꯟꯕ ꯀꯥꯡꯂꯨꯞ ꯑꯃꯅ ꯏꯪ ꯲꯰꯱꯴ꯗ ꯁꯤꯟꯈꯤꯕ ꯴ꯁꯨꯕ ꯕꯤꯗꯤꯌꯣꯌꯥꯁꯟ ꯑꯦꯋꯥꯔꯗ꯭ꯁꯇ ꯒ꯭ꯔꯥꯟ ꯄ꯭ꯔꯥꯏꯖ ꯊꯣꯏꯈꯤ; ꯃꯃꯤ ꯀꯨꯝꯍꯩ ꯂꯤꯁꯤꯡ ꯀꯌꯥ, ꯑꯦꯅꯤꯃꯦ ꯑꯃꯁꯨꯡ ꯂꯝ ꯑꯗꯨꯗ ꯄꯨꯊꯣꯛꯄ ꯑꯃꯁꯨꯡ ꯃꯄꯥꯟ ꯂꯝꯒꯤ ꯍꯣꯂꯤꯋꯨꯗꯇ ꯄꯨꯊꯣꯛꯄ ꯇꯦꯂꯦꯕꯤꯖꯟ ꯁꯣꯁꯤꯡ ꯌꯩꯊꯔꯝꯗꯨꯅ ꯊꯔꯤ ꯏꯗꯤꯌꯠꯁ ꯑꯗꯨ ꯏꯪ ꯲꯰꯱꯳ꯒꯤ ꯈ꯭ꯋꯥꯏꯗꯒꯤ ꯐꯖꯕ ꯕꯤꯗꯤꯌꯣꯗ ꯐꯣꯡꯕ ꯑꯣꯏꯅ ꯈꯟꯈꯤ꯫","ꯃꯁꯤꯒꯤ    ꯃꯊꯛꯇ,    ꯊ ꯔꯤ    ꯏ ꯗꯤ ꯌ ꯠ ꯁꯅ    ꯖꯥ ꯄꯥꯟ ꯒꯤ    ꯌꯨꯝꯒꯤ    ꯕꯤꯗꯤ ꯌꯣ    ꯌꯣꯟꯕ    ꯀꯥꯡꯂꯨꯞ    ꯑꯃꯅ    ꯏꯪ    ꯲꯰꯱ ꯴ꯗ    ꯁꯤꯟ ꯈꯤꯕ    ꯴ ꯁꯨꯕ    ꯕꯤꯗꯤ ꯌꯣ ꯌꯥ ꯁꯟ    ꯑꯦꯋꯥꯔ ꯗ꯭ ꯁꯇ    ꯒ꯭ꯔ ꯥꯟ    ꯄ꯭ꯔꯥꯏ ꯖ    ꯊꯣꯏ ꯈꯤ;    ꯃꯃꯤ    ꯀꯨꯝꯍꯩ    ꯂꯤꯁꯤꯡ    ꯀꯌꯥ ,    ꯑꯦꯅꯤ ꯃꯦ    ꯑꯃꯁꯨꯡ    ꯂꯝ    ꯑꯗꯨꯗ    ꯄꯨꯊꯣꯛꯄ    ꯑꯃꯁꯨꯡ    ꯃꯄꯥꯟ    ꯂꯝꯒꯤ    ꯍꯣ ꯂꯤꯋꯨ ꯗꯇ    ꯄꯨꯊꯣꯛꯄ    ꯇꯦ ꯂꯦ ꯕꯤ ꯖꯟ    ꯁꯣ ꯁꯤꯡ    ꯌꯩ ꯊ ꯔꯝ ꯗꯨꯅ    ꯊ ꯔꯤ    ꯏ ꯗꯤ ꯌ ꯠꯁ    ꯑꯗꯨ    ꯏꯪ    ꯲꯰꯱꯳ꯒꯤ    ꯈ꯭ꯋꯥꯏꯗꯒꯤ    ꯐꯖꯕ    ꯕꯤꯗꯤ ꯌꯣ ꯗ    ꯐꯣꯡꯕ    ꯑꯣꯏꯅ    ꯈꯟꯈꯤ꯫ ",243,83
911,"ꯃꯁꯤ ꯐꯤꯂꯝꯐꯦꯌꯔ ꯑꯋꯥꯔꯗ ꯑꯃ ꯑꯣꯏꯅ ꯋꯥꯔꯣꯏꯁꯤꯜꯂꯕꯁꯨ, ꯃꯍꯥꯛꯅ ꯏꯟꯇꯔꯚ꯭ꯌꯨ ꯑꯃꯗ “ꯑꯩꯅ ꯐꯤꯂꯝꯐꯦꯌꯔ ꯑꯋꯥꯔꯗ ꯑꯃ ꯏꯈꯤꯗꯦ” ꯍꯥꯏꯅ ꯍꯥꯏꯈꯤ꯫","ꯃꯁꯤ    ꯐꯤ ꯂꯝ ꯐꯦꯌꯔ    ꯑ ꯋꯥꯔꯗ    ꯑꯃ    ꯑꯣꯏꯅ    ꯋꯥꯔ ꯣꯏ ꯁꯤꯜꯂ ꯕꯁꯨ,    ꯃꯍꯥꯛꯅ    ꯏꯟꯇꯔ ꯚ ꯭ꯌꯨ    ꯑꯃꯗ    “ ꯑꯩ ꯅ    ꯐꯤ ꯂꯝ ꯐꯦꯌꯔ    ꯑ ꯋꯥꯔꯗ    ꯑꯃ    ꯏ ꯈꯤ ꯗꯦ ”    ꯍꯥꯏꯅ    ꯍꯥꯏꯈꯤ꯫ ",86,32
912,"ꯖꯣꯔꯗꯥꯟ ꯄꯤꯂꯦꯒꯤ ꯃꯃꯤ ꯀꯨꯝꯍꯩ ꯑꯁꯇ, ꯱꯹꯸꯶ꯗ ꯑꯦꯗꯤ ꯀꯧꯕ ꯅꯨꯄꯤ ꯃꯆꯥ ꯑꯃ ꯃꯀꯣꯛꯇ ꯀꯣꯛꯀꯤ ꯂꯩꯇꯦꯡ ꯎꯞꯄ ꯑꯃꯁꯨꯡ ꯃꯍꯥꯛꯀꯤ ꯃꯈꯨꯠ ꯌꯦꯠꯅ ꯊꯤꯕ ꯂꯥꯛꯄ ꯌꯥꯕꯁꯤꯡꯗ ꯊꯤꯟꯗꯨꯅ ꯂꯩꯕ ꯅꯦꯇꯤꯕ ꯑꯃꯦꯔꯤꯀꯥꯟ ꯅꯨꯄꯥ ꯑꯃꯅ ꯆꯪꯐꯝꯒꯤ ꯃꯀꯣꯛꯇ ꯇꯣꯡꯕ ꯃꯥꯏꯕꯤꯒꯤ ꯚꯤꯁꯟ ꯀꯨꯋꯦꯁꯠ ꯆꯤꯡꯁꯤꯟꯕꯗ ꯆꯪꯁꯤꯟꯗꯨꯅ ꯃꯅꯨꯡꯗ ꯆꯪꯈꯤ꯫","ꯖꯣꯔ ꯗ ꯥꯟ    ꯄꯤ ꯂꯦ ꯒꯤ    ꯃꯃꯤ    ꯀꯨꯝꯍꯩ    ꯑ ꯁꯇ ,    ꯱꯹꯸ ꯶ ꯗ    ꯑꯦ ꯗꯤ    ꯀꯧꯕ    ꯅꯨꯄꯤ    ꯃꯆꯥ    ꯑꯃ    ꯃꯀꯣꯛ ꯇ    ꯀꯣꯛ ꯀꯤ    ꯂꯩꯇꯦ ꯡ    ꯎ ꯞꯄ    ꯑꯃꯁꯨꯡ    ꯃꯍꯥꯛꯀꯤ    ꯃꯈꯨ ꯠ    ꯌꯦ ꯠꯅ    ꯊꯤꯕ    ꯂꯥꯛꯄ    ꯌꯥ ꯕꯁꯤꯡꯗ    ꯊꯤꯟ ꯗꯨꯅ    ꯂꯩꯕ    ꯅꯦ ꯇꯤꯕ    ꯑꯃꯦꯔꯤ ꯀꯥꯟ    ꯅꯨꯄꯥ    ꯑꯃꯅ    ꯆꯪ ꯐꯝꯒꯤ    ꯃꯀꯣꯛ ꯇ    ꯇ ꯣꯡꯕ    ꯃꯥꯏ ꯕꯤꯒꯤ    ꯚꯤ ꯁꯟ    ꯀꯨ ꯋꯦꯁꯠ    ꯆꯤꯡꯁꯤꯟ ꯕꯗ    ꯆꯪ ꯁꯤꯟꯗꯨꯅ    ꯃꯅꯨꯡꯗ    ꯆꯪ ꯈꯤ꯫ ",183,66
913,"ꯍꯧꯖꯤꯛ ꯃꯇꯝꯒꯤ ꯃꯃꯤ ꯀꯨꯝꯍꯩ ꯔꯤꯂꯤꯖꯁꯤꯡ ꯑꯁꯤ ꯂꯣꯟ ꯃꯌꯥꯝꯗ ꯗꯕ ꯇꯧꯋꯤ, ꯃꯁꯤꯅ ꯚꯥꯔꯠ ꯄꯨꯝꯕꯒꯤ ꯑꯣꯏꯕ ꯃꯃꯤ ꯀꯨꯝꯍꯩꯒꯤ ꯏꯍꯧ ꯑꯃ ꯁꯥꯒꯠꯂꯤ꯫","ꯍꯧꯖꯤꯛ    ꯃꯇꯝꯒꯤ    ꯃꯃꯤ    ꯀꯨꯝꯍꯩ    ꯔꯤ ꯂꯤ ꯖꯁꯤꯡ    ꯑꯁꯤ    ꯂꯣꯟ    ꯃꯌꯥꯝ ꯗ    ꯗꯕ    ꯇꯧ ꯋꯤ,    ꯃꯁꯤꯅ    ꯚꯥꯔꯠ    ꯄꯨꯝꯕꯒꯤ    ꯑꯣꯏꯕ    ꯃꯃꯤ    ꯀꯨꯝꯍꯩꯒꯤ    ꯏ ꯍꯧ    ꯑꯃ    ꯁꯥꯒꯠ ꯂꯤ꯫ ",84,25
914,"ꯃꯍꯥꯛꯀꯤ ꯁꯤꯟꯊꯥ ꯄꯨꯟꯁꯤꯗ ꯑꯃꯨꯛꯇ ꯃꯃꯤ ꯀꯨꯝꯍꯩ ꯍꯟꯅ ꯁꯦꯝꯗꯣꯛꯄꯗ ꯊꯕꯛ ꯇꯧꯈꯤꯗ꯭ꯔꯤꯕ ꯑꯥꯃꯤꯔ ꯈꯥꯟꯅ ꯑꯍꯥꯟꯕꯗ ꯃꯃꯤ ꯀꯨꯝꯍꯩ ꯑꯗꯨ ꯀꯨꯝꯕꯗ ꯈꯧꯇꯛ ꯆꯥꯔꯝꯃꯤ ꯑꯗꯨꯕꯨ ꯃꯍꯥꯛ ꯈꯛꯇꯅ ""ꯁꯛꯇꯝ ꯑꯗꯨ ꯃꯇꯤꯛ ꯆꯥꯟꯅ ꯂꯥꯡꯕ ꯉꯝꯒꯅꯤ ꯍꯥꯏꯅ"" ꯇꯥꯃꯤꯜ ꯒꯥꯖꯤꯅꯤꯒꯤ ꯑꯁꯦꯡꯕ ꯃꯃꯤꯔꯣꯏ ꯁꯨꯔꯤꯌꯥꯅ ꯍꯥꯏꯕꯗꯒꯤ ꯃꯍꯥꯛꯀꯤ ꯄꯨꯛꯅꯤꯡ ꯍꯣꯡꯈꯤ꯫","ꯃꯍꯥꯛꯀꯤ    ꯁꯤꯟ ꯊꯥ    ꯄꯨꯟꯁꯤꯗ    ꯑꯃꯨ ꯛꯇ    ꯃꯃꯤ    ꯀꯨꯝꯍꯩ    ꯍꯟꯅ    ꯁꯦꯝꯗꯣꯛ ꯄꯗ    ꯊꯕꯛ    ꯇꯧ ꯈꯤ ꯗ꯭ꯔꯤꯕ    ꯑꯥ ꯃꯤꯔ    ꯈꯥꯟꯅ    ꯑꯍꯥꯟꯕꯗ    ꯃꯃꯤ    ꯀꯨꯝꯍꯩ    ꯑꯗꯨ    ꯀꯨꯝ ꯕꯗ    ꯈ ꯧ ꯇ ꯛ    ꯆꯥꯔ ꯝꯃꯤ    ꯑꯗꯨꯕꯨ    ꯃꯍꯥꯛ    ꯈꯛꯇꯅ    "" ꯁꯛꯇꯝ    ꯑꯗꯨ    ꯃꯇꯤꯛ    ꯆꯥꯟ ꯅ    ꯂꯥꯡꯕ    ꯉꯝ ꯒꯅꯤ    ꯍꯥꯏ ꯅ ""    ꯇꯥꯃꯤꯜ    ꯒꯥ ꯖꯤ ꯅꯤꯒꯤ    ꯑꯁꯦꯡꯕ    ꯃꯃꯤꯔꯣꯏ    ꯁꯨ ꯔꯤ ꯌꯥꯅ    ꯍꯥꯏꯕ ꯗꯒꯤ    ꯃꯍꯥꯛꯀꯤ    ꯄꯨꯛꯅꯤꯡ    ꯍꯣꯡ ꯈꯤ꯫ ",193,60
915,"ꯏꯪ ꯲꯰꯰꯰ꯗ, ꯃꯍꯥꯛꯅ ꯗꯔꯝ ꯊꯤꯟꯕ ꯗꯦꯅꯤꯁ ꯆꯦꯝꯕꯔꯁ (ꯀꯥꯔꯂꯣꯁ ꯁꯥꯟꯇꯅꯥ, ꯖꯣꯟ ꯃꯛꯂꯥꯎꯛꯂꯤꯟ, ꯑꯁꯤꯅ ꯆꯤꯡꯕ)ꯒ ꯂꯣꯏꯅꯅ ꯔꯦꯁꯀ꯭ꯌꯨ ꯔꯦꯀꯣꯔ꯭ꯗ ꯇꯧꯈꯤ ꯑꯃꯁꯨꯡ ꯏꯪ ꯲꯰꯰꯶ꯗ, ꯃꯍꯥꯛꯅ ꯃꯤꯊꯨꯡ ꯑꯣꯏꯔꯤꯕ ꯗꯤꯖꯦ ꯂꯣꯖꯤꯛ ꯑꯃꯁꯨꯡ ꯀꯦꯂꯔ ꯋꯤꯂꯤꯌꯝꯁ (ꯒꯤꯇꯥꯔ ꯑꯃꯁꯨꯡ ꯕꯦꯁ)ꯀ ꯂꯣꯏꯅꯅ ꯆꯥꯇꯩꯎ ꯕꯦꯅꯥꯔꯦꯁ ꯐꯣꯡꯈꯤ꯫","ꯏꯪ    ꯲꯰ ꯰꯰ ꯗ,    ꯃꯍꯥꯛꯅ    ꯗꯔ ꯝ    ꯊꯤ ꯟꯕ    ꯗꯦ ꯅꯤꯁ    ꯆꯦ ꯝꯕ ꯔꯁ    ( ꯀꯥꯔ ꯂꯣ ꯁ    ꯁꯥꯟ ꯇ ꯅꯥ,    ꯖꯣꯟ    ꯃꯛ ꯂꯥꯎ ꯛ ꯂꯤ ꯟ,    ꯑꯁꯤꯅ    ꯆꯤꯡ ꯕ ) ꯒ    ꯂꯣꯏꯅꯅ    ꯔꯦꯁ ꯀ ꯭ꯌꯨ    ꯔꯦꯀꯣꯔ ꯭ꯗ    ꯇꯧꯈꯤ    ꯑꯃꯁꯨꯡ    ꯏꯪ    ꯲꯰꯰ ꯶ ꯗ,    ꯃꯍꯥꯛꯅ    ꯃꯤ ꯊ ꯨꯡ    ꯑꯣꯏꯔꯤꯕ    ꯗꯤ ꯖꯦ    ꯂꯣꯖꯤ ꯛ    ꯑꯃꯁꯨꯡ    ꯀꯦ ꯂꯔ    ꯋꯤ ꯂꯤ ꯌ ꯝ ꯁ    ( ꯒꯤ ꯇꯥꯔ   ꯑꯃꯁꯨꯡ    ꯕ ꯦꯁ ) ꯀ    ꯂꯣꯏꯅꯅ    ꯆꯥ ꯇꯩ ꯎ    ꯕꯦ ꯅꯥꯔ ꯦꯁ    ꯐꯣꯡꯈꯤ꯫ ",184,77
916,ꯔꯦꯗꯤꯑꯣ ꯴ ꯑꯥꯔꯀꯥꯏꯕꯁꯤꯡ ꯑꯗꯨꯗꯒꯤ ꯀꯣꯃꯦꯗꯤ ꯑꯃꯗꯤ ꯗ꯭ꯔꯥꯃꯥ ꯄ꯭ꯔꯣꯒ꯭ꯔꯥꯝ ꯀꯌꯥ ꯕꯤ,ꯔꯦ ꯗꯤꯑꯣ    ꯴    ꯑꯥꯔ ꯀꯥꯏ ꯕꯁꯤꯡ    ꯑꯗꯨꯗꯒꯤ    ꯀꯣ ꯃꯦ ꯗꯤ    ꯑꯃꯗꯤ    ꯗ꯭ꯔꯥ ꯃꯥ    ꯄ꯭ꯔꯣꯒ꯭ꯔꯥꯝ    ꯀꯌꯥ    ꯕꯤ ,53,16
917,ꯕꯤ,ꯕꯤ ,2,1
918,ꯁꯤ,ꯁꯤ ,2,1
919,ꯔꯦꯗꯤꯑꯣ ꯴ ꯑꯦꯛꯁꯇ꯭ꯔꯥꯗ ꯁꯟꯗꯣꯛꯏ꯫,ꯔꯦ ꯗꯤꯑꯣ    ꯴    ꯑꯦꯛ ꯁꯇ꯭ꯔ ꯥꯗ    ꯁꯟꯗꯣꯛ ꯏ꯫ ,23,8
920,ꯅꯦꯁꯅꯦꯜ ꯐꯤꯂꯝ ꯑꯦꯋꯥꯔꯗꯁꯤꯡ ꯑꯁꯤ ꯚꯥꯔꯠꯀꯤ ꯂꯝ-ꯂꯝꯒꯤ ꯑꯣꯏꯕ ꯂꯣꯟꯁꯤꯡꯗ ꯑꯣꯏꯕ ꯈ꯭ꯋꯥꯏꯗꯒꯤ ꯐꯖꯕ ꯃꯃꯤ ꯀꯨꯝꯍꯩꯁꯤꯡꯗꯁꯨ ꯄꯤ꯫,ꯅꯦꯁꯅꯦꯜ    ꯐꯤ ꯂꯝ    ꯑꯦꯋꯥꯔ ꯗꯁꯤꯡ    ꯑꯁꯤ    ꯚꯥꯔꯠꯀꯤ    ꯂꯝ - ꯂꯝꯒꯤ    ꯑꯣꯏꯕ    ꯂꯣꯟ ꯁꯤꯡꯗ    ꯑꯣꯏꯕ    ꯈ꯭ꯋꯥꯏꯗꯒꯤ    ꯐꯖꯕ    ꯃꯃꯤ    ꯀꯨꯝꯍꯩ ꯁꯤꯡꯗꯁꯨ    ꯄꯤ꯫ ,78,20
921,"ꯅꯦꯍꯥꯒꯤ ꯃꯄꯨꯔꯣꯏꯕꯒꯤ ꯏꯃꯨꯡꯒꯤ ꯃꯤꯑꯣꯏꯁꯤꯡꯅ ꯅꯤꯀꯤꯇꯥꯕꯨ ꯁꯤꯈ꯭ꯔꯦ ꯍꯥꯏꯅ ꯈꯜꯂꯤ, ꯑꯃꯗꯤ ꯅꯤꯀꯤꯇꯥꯅ ꯃꯍꯥꯛꯀꯤ ꯑꯋꯥꯕꯁꯤꯡꯗꯒꯤ ꯅꯥꯟꯊꯣꯛꯅꯕꯒꯤ ꯄꯥꯝꯕꯩ ꯑꯃ ꯑꯗꯨꯗꯤ ꯅꯦꯍꯥ ꯁꯥꯖꯤꯟꯅꯕꯅꯤ ꯍꯥꯏꯕꯗꯨ ꯈꯪꯂꯛꯏ꯫","ꯅꯦ ꯍꯥ ꯒꯤ    ꯃꯄꯨꯔꯣꯏ ꯕꯒꯤ    ꯏꯃꯨꯡꯒꯤ    ꯃꯤꯑꯣꯏꯁꯤꯡꯅ    ꯅꯤ ꯀꯤ ꯇꯥ ꯕꯨ    ꯁꯤ ꯈ꯭ꯔꯦ    ꯍꯥꯏꯅ    ꯈ ꯜꯂꯤ,    ꯑꯃꯗꯤ    ꯅꯤ ꯀꯤ ꯇꯥꯅ    ꯃꯍꯥꯛꯀꯤ    ꯑꯋꯥ ꯕ ꯁꯤꯡꯗꯒꯤ    ꯅꯥꯟ ꯊꯣꯛ ꯅꯕꯒꯤ    ꯄꯥꯝꯕꯩ    ꯑꯃ    ꯑꯗꯨꯗꯤ    ꯅꯦ ꯍꯥ    ꯁꯥ ꯖꯤꯟ ꯅꯕ ꯅꯤ    ꯍꯥꯏꯕꯗꯨ    ꯈꯪꯂꯛ ꯏ꯫ ",127,39
922,"ꯏꯁꯩ ꯑꯅꯤ ꯑꯗꯨꯒꯤ ꯃꯌꯦꯛꯁꯤꯡ ꯑꯗꯨ ꯁꯥꯍꯤꯊꯤꯅ ꯏꯈꯤ ꯑꯃꯗꯤ ꯂꯦꯝꯍꯧꯔꯤꯕ ꯏꯁꯩꯁꯤꯡ ꯑꯗꯨꯅ ꯔꯥꯃꯥꯖꯣꯒꯥꯏꯌꯥ ꯁꯥꯁꯇ꯭ꯔꯤ, ꯆꯟꯗ꯭ꯔꯕꯣꯁ, ꯗꯦꯕꯤ ꯁ꯭ꯔꯤ ꯄ꯭ꯔꯁꯥꯗ ꯑꯃꯁꯨꯡ ꯚꯥꯁꯀꯔꯚꯠꯂꯥꯅ ꯏꯈꯤ꯫","ꯏꯁꯩ    ꯑꯅꯤ    ꯑꯗꯨꯒꯤ    ꯃꯌꯦꯛꯁꯤꯡ    ꯑꯗꯨ    ꯁꯥꯍꯤ ꯊꯤꯅ    ꯏ ꯈꯤ    ꯑꯃꯗꯤ    ꯂꯦꯝꯍꯧꯔꯤꯕ    ꯏꯁꯩꯁꯤꯡ    ꯑꯗꯨꯅ    ꯔꯥ ꯃꯥ ꯖꯣ ꯒꯥꯏ ꯌꯥ    ꯁꯥ ꯁꯇ꯭ꯔꯤ ,    ꯆꯟꯗ꯭ꯔ ꯕꯣ ꯁ,    ꯗꯦꯕꯤ    ꯁ꯭ꯔꯤ    ꯄ꯭ꯔ ꯁꯥꯗ    ꯑꯃꯁꯨꯡ    ꯚꯥ ꯁ ꯀꯔ ꯚ ꯠ ꯂꯥꯅ    ꯏꯈꯤ꯫ ",114,36
923,"ꯗ ꯏꯟꯗꯤꯌꯥꯟ ꯏꯛꯁꯄ꯭ꯔꯦꯁꯀꯤ ꯁꯨꯚ꯭ꯔꯥ ꯒꯨꯞꯇꯥꯅ ""ꯐꯖꯅ ꯊꯧ ꯄꯨꯟꯅ ꯄꯥꯡꯊꯣꯛꯈꯤꯕ"" ꯑꯗꯨꯕꯨ ꯅꯝꯐꯨꯗ ""ꯃꯇꯤꯛ ꯂꯩꯇꯕ ꯋꯥꯔꯤ ꯑꯃꯕꯨ ꯊꯧꯒꯠꯅꯕ"" ꯇꯧꯈꯤꯕ ꯃꯔꯨ ꯑꯣꯏꯅ ꯊꯧ ꯄꯥꯡꯊꯣꯛꯂꯤꯕꯁꯤꯡ ꯑꯗꯨꯕꯨ ꯊꯥꯒꯠꯂꯗꯨꯅ ꯃꯃꯤ ꯀꯨꯝꯍꯩ ꯑꯗꯨ ꯵ꯒꯤ ꯃꯅꯨꯡꯗ ꯲","ꯗ    ꯏꯟꯗꯤ ꯌꯥꯟ    ꯏ ꯛꯁ ꯄ꯭ꯔ ꯦꯁꯀꯤ    ꯁꯨ ꯚ ꯭ꯔꯥ    ꯒꯨꯞ ꯇꯥꯅ    "" ꯐꯖꯅ    ꯊꯧ    ꯄꯨꯟꯅ    ꯄꯥꯡꯊꯣꯛ ꯈꯤꯕ ""    ꯑꯗꯨꯕꯨ    ꯅꯝꯐꯨꯗ    "" ꯃꯇꯤꯛ    ꯂꯩꯇꯕ    ꯋꯥꯔꯤ    ꯑꯃꯕꯨ    ꯊꯧꯒꯠ ꯅꯕ ""    ꯇꯧꯈꯤꯕ    ꯃꯔꯨ    ꯑꯣꯏꯅ    ꯊꯧ    ꯄꯥꯡꯊꯣꯛ ꯂꯤ ꯕꯁꯤꯡ    ꯑꯗꯨꯕꯨ    ꯊꯥꯒꯠ ꯂꯗꯨꯅ    ꯃꯃꯤ    ꯀꯨꯝꯍꯩ    ꯑꯗꯨ    ꯵ꯒꯤ    ꯃꯅꯨꯡꯗ    ꯲ ",143,45
924,꯵ ꯄꯤꯈꯤ꯫,꯵    ꯄꯤꯈꯤ꯫ ,6,2
925,"꯵꯱ꯁꯨꯕ ꯏꯗꯤꯁꯟ ꯑꯗꯨꯒꯨꯝꯅ, ꯃꯁꯤꯒꯤ ꯏꯗꯤꯁꯟ ꯑꯁꯤꯁꯨ ꯑꯣꯟꯂꯥꯏꯟ ꯑꯃꯗꯤ ꯃꯥꯏ-ꯃꯥꯏ ꯑꯣꯟꯁꯤꯟꯅꯗꯨꯅ ꯌꯥꯎꯕꯕꯨ ꯄꯨꯟꯁꯤꯟꯕ ꯍꯥꯏꯕ꯭ꯔꯤꯗ ꯐꯣꯔꯃꯦꯠ ꯑꯃꯗ ꯄꯥꯡꯊꯣꯛꯈꯤ꯫","꯵ ꯱ ꯁꯨꯕ    ꯏ ꯗꯤ ꯁꯟ    ꯑꯗꯨ ꯒꯨꯝ ꯅ,    ꯃꯁꯤꯒꯤ    ꯏ ꯗꯤ ꯁꯟ    ꯑꯁꯤꯁꯨ    ꯑꯣꯟꯂꯥꯏꯟ    ꯑꯃꯗꯤ    ꯃꯥꯏ - ꯃꯥꯏ    ꯑꯣꯟ ꯁꯤꯟ ꯅꯗꯨꯅ    ꯌꯥꯎ ꯕꯕꯨ    ꯄꯨꯟ ꯁꯤꯟꯕ    ꯍꯥꯏꯕ ꯭ꯔꯤ ꯗ    ꯐꯣꯔ ꯃꯦꯠ    ꯑꯃꯗ    ꯄꯥꯡꯊꯣꯛꯈꯤ꯫ ",100,33
926,"ꯁꯣꯃꯥ ꯀꯦꯔꯥꯂꯥ ꯄꯦꯂꯦꯁ, ꯀꯣꯆꯤ ꯑꯗꯨ ꯀꯔꯃꯥ ꯏꯟꯁꯇꯤꯇ꯭ꯌꯨꯠ (ꯒꯨꯔꯨꯁ꯭ꯋꯥꯃꯤꯒꯤ ꯃꯍꯩꯂꯣꯏꯁꯪ) ꯑꯣꯏꯅ ꯃꯃꯤ ꯀꯨꯝꯍꯩ ꯑꯗꯨꯗ ꯎꯠꯈꯤ꯫","ꯁꯣ ꯃꯥ    ꯀꯦ ꯔꯥ ꯂꯥ    ꯄꯦ ꯂꯦꯁ ,    ꯀꯣ ꯆꯤ    ꯑꯗꯨ    ꯀꯔ ꯃꯥ    ꯏꯟꯁꯇꯤꯇ꯭ꯌꯨ ꯠ    ( ꯒꯨ ꯔꯨ ꯁ꯭ꯋꯥ ꯃꯤꯒꯤ    ꯃꯍꯩ ꯂꯣꯏꯁꯪ )    ꯑꯣꯏꯅ    ꯃꯃꯤ    ꯀꯨꯝꯍꯩ    ꯑꯗꯨꯗ    ꯎꯠꯈꯤ꯫ ",80,28
927,"ꯈꯣꯟꯖꯦꯜꯁꯤꯡ ꯑꯗꯨ: ꯅꯤꯈꯤꯜ ꯗꯤ'ꯁꯨꯖꯥ, ꯃꯣꯅꯥꯂꯤ ꯊꯥꯀꯨꯔ, ꯂꯛꯀꯤ ꯑꯥꯂꯤ, ꯔꯥꯍꯠ ꯐꯥꯇꯦ ꯑꯥꯂꯤ ꯈꯥꯟ, ꯁꯦꯈꯔ ꯔꯥꯕꯖꯤꯌꯥꯅꯤ, ꯀꯥꯔꯥꯜꯂꯤꯁꯥ ꯃꯣꯟꯇꯦꯔꯤꯌꯣ, ꯃꯣꯍꯤꯠ ꯆꯧꯍꯥꯟ, ꯁ꯭ꯔꯨꯇꯤ ꯄꯥꯊꯛ, ꯕꯤꯁꯥꯜ ꯗꯗꯂꯥꯅꯤ, ꯁꯤꯜꯄꯥ ꯔꯥꯎ ꯑꯃꯁꯨꯡ ꯑꯥꯚꯤꯖꯤꯠ ꯕꯥꯘꯥꯅꯤꯅ ꯏꯁꯩ ꯁꯛꯈꯤ꯫","ꯈꯣꯟ ꯖꯦ ꯜꯁꯤꯡ    ꯑꯗꯨ :    ꯅꯤ ꯈꯤ ꯜ    ꯗꯤ ' ꯁꯨ ꯖꯥ ,    ꯃꯣꯅꯥ ꯂꯤ    ꯊꯥ ꯀꯨ ꯔ,    ꯂ ꯛꯀꯤ    ꯑꯥ ꯂꯤ,    ꯔꯥ ꯍ ꯠ    ꯐꯥ ꯇꯦ    ꯑꯥ ꯂꯤ    ꯈꯥꯟ ,    ꯁꯦ ꯈꯔ    ꯔꯥ ꯕ ꯖꯤ ꯌꯥ ꯅꯤ,    ꯀꯥꯔꯥ ꯜꯂꯤ ꯁꯥ    ꯃꯣꯟ ꯇꯦꯔꯤ ꯌꯣ ,    ꯃꯣ ꯍꯤ ꯠ    ꯆꯧ ꯍꯥꯟ ,    ꯁ꯭ꯔ ꯨ ꯇꯤ    ꯄꯥ ꯊ ꯛ,    ꯕꯤ ꯁꯥ ꯜ    ꯗ ꯗ ꯂꯥ ꯅꯤ,    ꯁꯤꯜ ꯄꯥ    ꯔꯥꯎ    ꯑꯃꯁꯨꯡ    ꯑꯥ ꯚꯤ ꯖꯤꯠ    ꯕꯥ ꯘꯥ ꯅꯤꯅ    ꯏꯁꯩ    ꯁꯛ ꯈꯤ꯫ ",165,77
928,ꯑꯗꯨꯒꯤ ꯃꯇꯨꯡꯗ ꯌꯥꯁꯨꯅ ꯕꯥꯜꯃꯤꯀꯤꯗ ꯔꯥꯖꯄꯨ ꯕꯟꯇꯨꯒꯨꯝꯅ ꯃꯇꯤꯛ ꯆꯥꯅꯕ ꯑꯃꯗꯤ ꯁꯤ,ꯑꯗꯨꯒꯤ    ꯃꯇꯨꯡꯗ    ꯌꯥ ꯁꯨ ꯅ    ꯕꯥꯜ ꯃꯤ ꯀꯤ ꯗ    ꯔꯥꯖ ꯄꯨ    ꯕꯟ ꯇꯨ ꯒꯨꯝꯅ    ꯃꯇꯤꯛ    ꯆꯥꯅꯕ    ꯑꯃꯗꯤ    ꯁꯤ ,50,18
929,ꯏ,ꯏ ,1,1
930,ꯑꯣ,ꯑꯣ ,2,1
931,ꯑꯣꯏꯔꯛꯅꯕ ꯆꯍꯤ ꯃꯉꯥ ꯇꯥꯛꯄꯤ-ꯇꯝꯕꯤꯅꯕ ꯍꯥꯏꯖꯈꯤ꯫,ꯑꯣꯏꯔꯛ ꯅꯕ    ꯆꯍꯤ    ꯃꯉꯥ    ꯇꯥꯛ ꯄꯤ - ꯇꯝꯕꯤ ꯅꯕ    ꯍꯥꯏꯖ ꯈꯤ꯫ ,32,11
932,"ꯃꯈꯣꯏꯅ ꯃꯈꯣꯏꯒꯤ ꯀꯥꯔꯁꯤꯡꯗ ꯑꯃꯅ ꯑꯃꯒꯤ ꯃꯇꯨꯡ ꯏꯟꯕ ꯃꯇꯝꯗ, ꯔꯥꯖꯅ ꯃꯤꯔꯥꯕꯨ ꯁꯤꯕꯗꯒꯤ ꯀꯜꯂꯤ ꯑꯃꯗꯤ ꯃꯍꯥꯛꯄꯨ ꯀꯩꯗꯧꯅꯨꯡꯗ ꯑꯃꯨꯛ ꯍꯟꯅ ꯎꯅꯗꯅꯕ ꯃꯈꯣꯏꯗ ꯍꯥꯏ꯫","ꯃꯈꯣꯏꯅ    ꯃꯈꯣꯏꯒꯤ    ꯀꯥꯔ ꯁꯤꯡꯗ    ꯑꯃꯅ    ꯑꯃꯒꯤ    ꯃꯇꯨꯡ    ꯏꯟ ꯕ    ꯃꯇꯝꯗ,    ꯔꯥꯖ ꯅ    ꯃꯤ ꯔꯥ ꯕꯨ    ꯁꯤ ꯕꯗꯒꯤ    ꯀ ꯜꯂꯤ    ꯑꯃꯗꯤ    ꯃꯍꯥꯛꯄꯨ    ꯀꯩꯗꯧ ꯅꯨꯡꯗ    ꯑꯃꯨꯛ    ꯍꯟꯅ    ꯎ ꯅ ꯗꯅꯕ    ꯃꯈꯣꯏꯗ    ꯍꯥꯏ꯫ ",96,30
933,ꯍꯤꯟꯗꯨꯁꯇꯥꯟ ꯇꯥꯏꯝꯁꯀꯤ ꯑꯅꯨꯄꯃꯥ ꯆꯣꯄ꯭ꯔꯥꯅ ꯵ꯗ ꯴,ꯍꯤꯟꯗꯨ ꯁꯇꯥꯟ    ꯇꯥꯏꯝ ꯁꯀꯤ    ꯑꯅꯨ ꯄ ꯃꯥ    ꯆꯣ ꯄ꯭ꯔꯥ ꯅ    ꯵ꯗ    ꯴ ,32,12
934,"꯵ ꯄꯤꯈꯤ, ꯃꯁꯤꯕꯨ "" ꯋꯥꯡꯅ ꯄꯥꯏꯈꯠꯂꯛꯂꯤꯕ, ꯃꯉꯥꯛ ꯊꯣꯛꯅ ꯂꯪꯉꯕ ꯑꯃꯗꯤ ꯃꯤꯠꯅ ꯌꯦꯡꯕꯗ ꯊꯀꯠꯂꯕ"" ꯍꯥꯏꯅ ꯍꯥꯏꯈꯤ ꯑꯃꯁꯨꯡ ""ꯕꯖꯤꯔꯥꯎ ꯃꯁꯇꯥꯅꯤꯅ ꯑꯣꯄꯦꯔꯥꯒꯨꯝꯅ ꯇꯩꯕ, ꯄꯨꯛꯅꯤꯡ ꯊꯨꯝꯍꯠꯍꯟꯕ, ꯐꯖꯔꯕ ꯅꯨꯡꯁꯤ ꯅꯨꯡꯑꯣꯜꯒꯤ ꯁꯔꯦꯡ ꯑꯃꯥ ꯑꯣꯏꯅ ꯂꯤꯂꯥ ꯎꯠꯈꯤ"" ꯍꯥꯏꯅ ꯏꯈꯤ꯫","꯵    ꯄꯤꯈꯤ,    ꯃꯁꯤꯕꯨ    ""    ꯋꯥꯡꯅ    ꯄꯥꯏꯈꯠ ꯂꯛ ꯂꯤ ꯕ,    ꯃꯉ ꯥꯛ    ꯊꯣꯛꯅ    ꯂꯪ ꯉ ꯕ    ꯑꯃꯗꯤ    ꯃꯤ ꯠꯅ    ꯌꯦꯡ ꯕꯗ    ꯊ ꯀꯠ ꯂꯕ ""    ꯍꯥꯏꯅ    ꯍꯥꯏꯈꯤ    ꯑꯃꯁꯨꯡ    "" ꯕ ꯖꯤ ꯔꯥꯎ    ꯃꯁ ꯇꯥ ꯅꯤꯅ    ꯑꯣ ꯄꯦꯔꯥ ꯒꯨꯝꯅ    ꯇꯩ ꯕ,    ꯄꯨꯛꯅꯤꯡ    ꯊꯨꯝ ꯍ ꯠ ꯍꯟ ꯕ,    ꯐꯖꯔꯕ    ꯅꯨꯡꯁꯤ    ꯅꯨꯡ ꯑꯣ ꯜꯒꯤ    ꯁ ꯔꯦ ꯡ    ꯑꯃꯥ    ꯑꯣꯏꯅ    ꯂꯤ ꯂꯥ    ꯎꯠ ꯈꯤ ""    ꯍꯥꯏꯅ    ꯏꯈꯤ꯫ ",160,62
935,ꯃꯦꯇ꯭ꯔꯤꯛ ꯇꯟ ꯃꯤꯂꯤꯌꯟ ꯴꯴ꯔꯣꯝꯒꯤ ꯀꯥꯔꯒꯣꯕꯨ ꯆꯍꯤ ꯈꯨꯗꯤꯡꯒꯤ ꯑꯣꯏꯅ ꯂꯩꯕꯥꯛ ꯑꯁꯤꯒꯤ ꯃꯔꯨꯑꯣꯏꯕ ꯇꯨꯔꯦꯜꯁꯤꯡ ꯑꯃꯗꯤ ꯏꯁꯤꯡꯒꯤ ꯂꯝꯕꯤꯁꯤꯡꯗ ꯄꯨꯊꯣꯛ-ꯄꯨꯁꯤꯟ ꯇꯧꯋꯤ꯫,ꯃꯦ ꯇ꯭ꯔꯤꯛ    ꯇꯟ    ꯃꯤꯂꯤꯌꯟ    ꯴ ꯴ ꯔꯣ ꯝꯒꯤ    ꯀꯥꯔ ꯒꯣ ꯕꯨ    ꯆꯍꯤ    ꯈꯨꯗꯤꯡꯒꯤ    ꯑꯣꯏꯅ    ꯂꯩꯕꯥꯛ    ꯑꯁꯤꯒꯤ    ꯃꯔꯨꯑꯣꯏꯕ    ꯇꯨꯔꯦꯜꯁꯤꯡ    ꯑꯃꯗꯤ    ꯏꯁꯤꯡꯒꯤ    ꯂꯝꯕꯤ ꯁꯤꯡꯗ    ꯄꯨꯊꯣꯛ -ꯄꯨ ꯁꯤꯟ    ꯇꯧꯋꯤ꯫ ,102,26
936,"ꯏꯪ ꯲꯰꯱꯰ꯒꯤ ꯄꯥꯎꯗꯝ ꯑꯃꯒꯤ ꯃꯇꯨꯡ ꯏꯟꯅ, ꯑꯐꯘꯥꯅꯤꯁꯇꯥꯟꯒꯤ ꯆꯥꯎꯔꯥꯛꯅ ꯆꯥꯗ ꯲","ꯏꯪ    ꯲꯰꯱꯰ꯒꯤ    ꯄꯥꯎ ꯗꯝ    ꯑꯃꯒꯤ    ꯃꯇꯨꯡ    ꯏꯟꯅ,    ꯑꯐ ꯘꯥ ꯅꯤ ꯁꯇ ꯥꯟꯒꯤ    ꯆꯥꯎꯔꯥꯛꯅ    ꯆꯥꯗ    ꯲ ",48,15
937,"꯱ (ꯅꯠꯇ꯭ꯔꯒ ꯍꯦꯛꯇꯔ ꯱,꯳꯵꯰,꯰꯰꯰) ꯈꯛꯇꯃꯛ ꯎꯃꯪꯅ ꯀꯨꯞꯄꯤ꯫","꯱    ( ꯅꯠꯇ꯭ꯔꯒ    ꯍꯦ ꯛꯇꯔ    ꯱, ꯳ ꯵꯰ ,꯰꯰꯰ )    ꯈꯛꯇꯃꯛ    ꯎꯃꯪ ꯅ    ꯀꯨ ꯞꯄ ꯤ꯫ ",38,16
938,ꯀꯟꯇꯤꯅꯦꯟꯇꯦꯜ ꯀ꯭ꯔꯁꯠ ꯂꯣꯏꯅꯃꯛ ꯑꯔꯣꯏꯕꯗ ꯕꯁꯣꯜꯇꯤꯛ ꯃꯦꯜꯠꯀꯤ ꯐ꯭ꯔꯦꯛꯁꯅꯦꯜ ꯗꯤꯐꯔꯦꯟꯁꯤꯑꯦꯁꯟ ꯑꯃꯗꯤ ꯍꯥꯟꯅꯗꯒꯤ ꯂꯩꯔꯛꯂꯕ ꯀꯟꯇꯤꯅꯦꯟꯇꯦꯜ ꯀ꯭ꯔꯁꯠꯀꯤ ꯑꯦꯁꯤꯃꯤꯂꯦꯁꯟ (ꯔꯦꯃꯦꯜꯇꯤꯡ)ꯒꯤ ꯈꯨꯠꯊꯥꯡꯗ ꯃꯦꯟꯇꯜꯗꯒꯤ ꯐꯪꯕ ꯃꯦꯜꯠꯁꯤꯡ (ꯃꯔꯨꯑꯣꯏꯅ ꯕꯁꯣꯜꯠ)ꯇꯒꯤ ꯂꯧꯋꯤ꯫,ꯀꯟꯇꯤꯅꯦꯟ ꯇꯦꯜ    ꯀ꯭ꯔ ꯁꯠ    ꯂꯣꯏꯅ ꯃꯛ    ꯑꯔꯣꯏꯕꯗ    ꯕ ꯁꯣ ꯜ ꯇꯤꯛ    ꯃꯦ ꯜ ꯠꯀꯤ    ꯐ꯭ꯔꯦ ꯛꯁ ꯅꯦꯜ    ꯗꯤ ꯐꯔꯦꯟ ꯁꯤ ꯑꯦꯁ ꯟ    ꯑꯃꯗꯤ    ꯍꯥꯟꯅꯗꯒꯤ    ꯂꯩ ꯔꯛꯂꯕ    ꯀꯟꯇꯤꯅꯦꯟ ꯇꯦꯜ    ꯀ꯭ꯔ ꯁꯠꯀꯤ    ꯑꯦꯁꯤ ꯃꯤ ꯂ ꯦꯁꯟ    ( ꯔꯦ ꯃꯦ ꯜ ꯇꯤꯡ )ꯒꯤ    ꯈꯨꯠꯊꯥꯡꯗ    ꯃꯦꯟ ꯇ ꯜꯗꯒꯤ    ꯐꯪꯕ    ꯃꯦ ꯜ ꯠꯁꯤꯡ    ( ꯃꯔꯨꯑꯣꯏꯅ    ꯕ ꯁꯣ ꯜ ꯠ ) ꯇꯒꯤ    ꯂꯧ ꯋꯤ꯫ ,164,58
939,"ꯖꯄꯥꯟ ꯑꯁꯤ ꯃꯍꯧꯁꯥꯅ ꯆꯦꯡ (ꯔꯥꯏꯁ ꯀ꯭ꯔꯦꯀꯔꯁꯤꯡ ꯑꯃꯗꯤ ꯄ꯭ꯔꯣꯁꯦꯁ ꯇꯧꯔꯕ ꯆꯤꯟꯖꯥꯛꯁꯤꯡ ꯁꯥꯕꯗ ꯃꯁꯤꯒꯤ ꯁꯤꯖꯤꯟꯅꯕ ꯅꯠꯇꯅ) ꯑꯃꯗꯤ ꯒꯦꯍꯨꯗ ꯃꯔꯅꯥꯏꯅ ꯀꯣꯟꯅꯖꯔꯁꯨ, ꯂꯩꯕꯥꯛ ꯑꯁꯤꯅ ꯃꯁꯤꯒꯤ ꯑꯇꯣꯞꯄ ꯆꯦꯡ-ꯍꯋꯥꯏ ꯑꯃꯗꯤ ꯁꯖꯤꯛꯀꯤ ꯃꯍꯩ-ꯃꯔꯣꯡꯁꯤꯡꯒꯤ ꯇꯉꯥꯏꯐꯗꯅ ꯆꯪꯕꯁꯤꯡ ꯑꯗꯨꯒꯤ ꯆꯥꯎꯔꯥꯛꯅ ꯆꯥꯗ ꯵꯰ ꯃꯤꯔꯝꯗꯒꯤ ꯄꯨꯁꯤꯜꯂꯛꯄ ꯃꯊꯧ ꯇꯥꯏ ꯑꯃꯗꯤ ꯃꯁꯤꯒꯤ ꯁꯥꯗꯨꯝꯒꯤ ꯁꯄ꯭ꯂꯥꯏꯒꯤ ꯇꯪꯈꯥꯏ ꯑꯃꯗꯤ ꯃꯤꯔꯝꯗꯒꯤ ꯄꯨꯁꯤꯜꯂꯛꯄꯗ ꯃꯈꯥ ꯄꯣꯜꯂꯤ꯫","ꯖ ꯄꯥꯟ    ꯑꯁꯤ    ꯃꯍꯧꯁꯥꯅ    ꯆꯦ ꯡ    ( ꯔꯥꯏ ꯁ    ꯀ꯭ꯔꯦ ꯀꯔ ꯁꯤꯡ    ꯑꯃꯗꯤ    ꯄ꯭ꯔꯣ ꯁ ꯦꯁ    ꯇꯧꯔꯕ    ꯆꯤꯟꯖꯥꯛ ꯁꯤꯡ    ꯁꯥ ꯕꯗ    ꯃꯁꯤꯒꯤ    ꯁꯤꯖꯤꯟꯅꯕ    ꯅꯠꯇ ꯅ )    ꯑꯃꯗꯤ    ꯒꯦ ꯍꯨ ꯗ    ꯃꯔ ꯅꯥꯏꯅ    ꯀꯣꯟ ꯅ ꯖꯔ ꯁꯨ,    ꯂꯩꯕꯥꯛ    ꯑꯁꯤꯅ    ꯃꯁꯤꯒꯤ    ꯑꯇꯣꯞꯄ    ꯆꯦ ꯡ - ꯍ ꯋꯥꯏ    ꯑꯃꯗꯤ    ꯁ ꯖꯤ ꯛꯀꯤ    ꯃꯍꯩ-ꯃꯔꯣꯡ ꯁꯤꯡꯒꯤ    ꯇꯉꯥꯏꯐ ꯗꯅ    ꯆꯪ ꯕꯁꯤꯡ    ꯑꯗꯨꯒꯤ    ꯆꯥꯎꯔꯥꯛꯅ    ꯆꯥꯗ    ꯵꯰    ꯃꯤ ꯔꯝ ꯗꯒꯤ    ꯄꯨ ꯁꯤꯜꯂꯛꯄ    ꯃꯊꯧ    ꯇꯥꯏ    ꯑꯃꯗꯤ    ꯃꯁꯤꯒꯤ    ꯁꯥ ꯗꯨ ꯝꯒꯤ    ꯁ ꯄ꯭ ꯂꯥꯏꯒꯤ    ꯇꯪ ꯈꯥꯏ    ꯑꯃꯗꯤ    ꯃꯤ ꯔꯝ ꯗꯒꯤ    ꯄꯨ ꯁꯤꯜꯂ ꯛꯄꯗ    ꯃꯈꯥ    ꯄꯣꯜꯂꯤ꯫ ",258,85
940,ꯑꯃꯦꯔꯤꯀꯥꯒꯤ ꯖꯤꯑꯣꯂꯣꯖꯤꯁꯠ ꯒ꯭ꯔꯣꯕ ꯀꯥꯔꯜ ꯖꯤꯜꯕꯔꯠꯅ ꯕꯦꯔꯤꯌꯔ ꯁꯦꯗꯤꯃꯦꯟꯇꯁꯤꯡ ꯑꯁꯤ ꯂꯣꯡꯁꯣꯔ ꯁꯣꯔꯁꯁꯤꯡꯗꯒꯤ ꯂꯥꯛꯈꯤ ꯍꯥꯏꯅ ꯑꯍꯥꯟꯕ ꯑꯣꯏꯅ ꯏꯪ ꯱꯸꯸꯵ꯗ ꯍꯥꯏꯈꯤ꯫,ꯑꯃꯦꯔꯤꯀꯥꯒꯤ    ꯖꯤꯑꯣ ꯂꯣꯖꯤ ꯁꯠ    ꯒ꯭ꯔꯣ ꯕ    ꯀꯥꯔ ꯜ    ꯖꯤ ꯜ ꯕꯔ ꯠꯅ    ꯕꯦ ꯔꯤ ꯌꯔ    ꯁꯦ ꯗꯤ ꯃꯦꯟ ꯇ ꯁꯤꯡ    ꯑꯁꯤ    ꯂ ꯣꯡ ꯁꯣꯔ    ꯁꯣꯔ ꯁ ꯁꯤꯡꯗꯒꯤ    ꯂꯥꯛꯈꯤ    ꯍꯥꯏꯅ    ꯑꯍꯥꯟꯕ    ꯑꯣꯏꯅ    ꯏꯪ    ꯱꯸ ꯸ ꯵ꯗ    ꯍꯥꯏꯈꯤ꯫ ,102,36
941,ꯑꯁꯥꯟꯁꯣꯜꯒꯤ ꯀꯥꯂꯦꯟ ꯑꯁꯤ ꯁꯥꯏ ꯑꯃꯁꯨꯡ ꯀꯪꯉꯤ ꯑꯗꯨꯒ ꯏꯡꯊꯝꯊꯥꯁꯤꯡꯗꯅ ꯌꯥꯝꯅ ꯃꯦꯡꯉꯤ꯫,ꯑ ꯁꯥꯟ ꯁꯣ ꯜꯒꯤ    ꯀꯥ ꯂꯦꯟ    ꯑꯁꯤ    ꯁ ꯥꯏ    ꯑꯃꯁꯨꯡ    ꯀꯪ ꯉꯤ    ꯑꯗꯨꯒ    ꯏ ꯡ ꯊꯝ ꯊꯥ ꯁꯤꯡ ꯗꯅ    ꯌꯥꯝꯅ    ꯃꯦ ꯡ ꯉꯤ꯫ ,54,23
942,ꯑꯄꯤꯛꯄ ꯏꯔꯝ ꯑꯅꯤ ꯅꯨꯅꯤꯌꯥ ꯑꯃꯁꯨꯡ ꯒꯧꯔꯤ ꯑꯥꯁꯥꯟꯁꯣꯜ ꯐꯥꯎꯗꯨꯅ ꯆꯦꯜꯂꯤ꯫,ꯑꯄꯤꯛꯄ    ꯏ ꯔꯝ    ꯑꯅꯤ    ꯅꯨ ꯅꯤꯌꯥ    ꯑꯃꯁꯨꯡ    ꯒꯧ ꯔꯤ    ꯑꯥ ꯁꯥꯟ ꯁꯣ ꯜ    ꯐꯥꯎꯗꯨꯅ    ꯆꯦꯜꯂꯤ꯫ ,46,15
943,"ꯑꯆꯧꯕ ꯌꯨꯍꯥꯔ ꯍꯥꯕ ꯑꯃꯒꯤ ꯏꯄꯤꯁꯦꯟꯇꯔ ꯑꯗꯨ ꯇꯣꯔꯕꯥꯟꯗꯒꯤ ꯂꯥꯞꯊꯣꯛꯂꯕ ꯁꯃꯨꯗ꯭ꯔꯗ ꯂꯩꯕ ꯃꯇꯝꯗ, ꯁꯃꯨꯗ꯭ꯔꯗꯒꯤ ꯂꯩꯃꯥꯏ ꯑꯗꯨ ꯁꯨꯅꯥꯃꯤ ꯑꯃ ꯊꯣꯛꯍꯟꯕꯒꯤ ꯆꯞ ꯆꯥꯅ ꯂꯦꯡꯍꯟꯈꯤꯕ ꯌꯥꯏ꯫","ꯑꯆꯧꯕ    ꯌꯨ ꯍꯥꯔ    ꯍꯥ ꯕ    ꯑꯃꯒꯤ    ꯏ ꯄꯤ ꯁꯦꯟꯇꯔ    ꯑꯗꯨ    ꯇꯣꯔꯕ ꯥꯟ ꯗꯒꯤ    ꯂꯥꯞ ꯊꯣꯛꯂꯕ    ꯁꯃꯨꯗ꯭ꯔ ꯗ    ꯂꯩꯕ    ꯃꯇꯝꯗ,    ꯁꯃꯨꯗ꯭ꯔ ꯗꯒꯤ    ꯂꯩ ꯃꯥꯏ    ꯑꯗꯨ    ꯁꯨ ꯅꯥ ꯃꯤ    ꯑꯃ    ꯊꯣꯛꯍꯟ ꯕꯒꯤ    ꯆꯞ    ꯆꯥꯅ    ꯂꯦꯡ ꯍꯟꯈꯤꯕ    ꯌꯥꯏ꯫ ",109,35
944,"ꯎꯟ ꯑꯃꯗꯤ ꯎꯟ ꯌꯥꯎꯕ ꯅꯣꯡ ꯑꯁꯤ ꯃꯊꯛꯂꯣꯝꯒꯤ ꯙꯔꯝꯁꯥꯂꯥꯗ (ꯃꯦꯛꯂꯤꯑꯣꯗꯒꯟꯖ, ꯚꯥꯒꯁꯨ ꯅꯥꯒ ꯑꯃꯗꯤ ꯅꯗꯗꯤ ꯌꯥꯎꯅ) ꯅꯤꯡꯊꯝꯊꯥꯒꯤ ꯃꯇꯝꯗ ꯇꯣꯏꯅ ꯊꯣꯛꯏ꯫","ꯎꯟ    ꯑꯃꯗꯤ    ꯎꯟ    ꯌꯥꯎꯕ    ꯅꯣꯡ    ꯑꯁꯤ    ꯃꯊ ꯛ ꯂꯣꯝꯒꯤ    ꯙ ꯔꯝ ꯁꯥ ꯂꯥꯗ    ( ꯃꯦꯛ ꯂꯤ ꯑꯣ ꯗ ꯒꯟ ꯖ,    ꯚꯥ ꯒ ꯁꯨ    ꯅꯥ ꯒ    ꯑꯃꯗꯤ    ꯅ ꯗꯗꯤ    ꯌꯥꯎ ꯅ )    ꯅꯤꯡꯊꯝ ꯊꯥꯒꯤ    ꯃꯇꯝꯗ    ꯇꯣꯏꯅ    ꯊꯣꯛꯏ꯫ ",90,36
945,"ꯁꯤꯇ꯭ꯔꯁ ꯎꯍꯩꯁꯤꯡ ꯑꯁꯤ ꯃꯔꯨꯑꯣꯏꯅ ꯖꯃꯩꯀꯥꯒꯤ ꯃꯌꯥꯏꯊꯪꯕ ꯁꯔꯨꯛꯁꯤꯡꯗ, ꯃꯔꯨꯑꯣꯏꯅ ꯐꯨꯠ ꯱꯰꯰꯰-꯲꯵꯰꯰ꯒꯤ ꯃꯔꯛꯀꯤ ꯑꯋꯥꯡꯕ ꯃꯐꯝꯁꯤꯡꯗ ꯊꯥꯏ꯫","ꯁꯤ ꯇ꯭ꯔ ꯁ    ꯎ ꯍꯩ ꯁꯤꯡ    ꯑꯁꯤ    ꯃꯔꯨꯑꯣꯏꯅ    ꯖ ꯃꯩ ꯀꯥꯒꯤ    ꯃꯌꯥꯏ ꯊꯪꯕ    ꯁꯔꯨꯛ ꯁꯤꯡꯗ,    ꯃꯔꯨꯑꯣꯏꯅ    ꯐꯨꯠ    ꯱꯰꯰ ꯰ - ꯲꯵ ꯰꯰ꯒꯤ    ꯃꯔ ꯛꯀꯤ    ꯑꯋꯥꯡꯕ    ꯃꯐꯝꯁꯤꯡꯗ    ꯊꯥꯏ꯫ ",87,27
946,"ꯗꯦꯍꯔꯥꯗꯨꯟ ꯁꯍꯔ ꯑꯁꯤꯅ ꯊꯛꯄ ꯌꯥꯕ ꯏꯁꯤꯡ ꯃꯔꯨꯑꯣꯏꯕ ꯁꯣꯔꯁ ꯑꯅꯤꯗꯒꯤ ꯐꯪꯉꯤ: ꯂꯩꯃꯥꯏꯒꯤ ꯏꯁꯤꯡ ꯑꯃꯗꯤ ꯂꯩꯅꯨꯡꯒꯤ ꯏꯁꯤꯡ, ꯃꯁꯤꯒꯤ ꯌꯦꯟꯕꯗ ꯃꯊꯧꯇꯥꯕꯁꯤꯡ ꯑꯗꯨ ꯐꯪꯍꯟꯅꯕ꯫","ꯗꯦ ꯍ ꯔꯥ ꯗꯨ ꯟ    ꯁꯍꯔ    ꯑꯁꯤꯅ    ꯊ ꯛꯄ    ꯌꯥꯕ    ꯏꯁꯤꯡ    ꯃꯔꯨꯑꯣꯏꯕ    ꯁꯣꯔ ꯁ    ꯑꯅꯤ ꯗꯒꯤ    ꯐꯪ ꯉꯤ :    ꯂꯩ ꯃꯥꯏꯒꯤ    ꯏꯁꯤꯡ    ꯑꯃꯗꯤ    ꯂꯩ ꯅꯨꯡꯒꯤ    ꯏ ꯁꯤꯡ,    ꯃꯁꯤꯒꯤ    ꯌꯦꯟ ꯕꯗ    ꯃ ꯊꯧ ꯇꯥ ꯕꯁꯤꯡ    ꯑꯗꯨ    ꯐꯪ ꯍꯟ ꯅꯕ ꯫ ",103,39
947,"ꯃꯈꯜ-ꯃꯈꯥꯒꯤ ꯎꯍꯩꯁꯤꯡ ꯍꯥꯏꯕꯗꯤ ꯍꯩꯅꯧ, ꯁꯄꯣꯇꯥ, ꯀꯣꯝꯂꯥ, ꯂꯐꯣꯏ, ꯑꯋꯥꯊꯕꯤ, ꯀꯤꯍꯣꯝ ꯑꯃꯗꯤ ꯂꯩꯅꯨꯡꯒꯤ ꯃꯍꯩ-ꯃꯔꯣꯡꯁꯤꯡ ꯑꯁꯤ ꯂꯧꯎꯕꯁꯤꯡꯅ ꯃꯄꯨ ꯑꯣꯏꯕ ꯆꯤꯡꯒꯤ ꯂꯝꯁꯤꯡꯗ ꯊꯥꯏ꯫","ꯃꯈ ꯜ- ꯃꯈ ꯥꯒꯤ    ꯎ ꯍꯩ ꯁꯤꯡ    ꯍꯥꯏꯕꯗꯤ    ꯍꯩ ꯅꯧ ,    ꯁ ꯄꯣ ꯇꯥ,    ꯀꯣꯝ ꯂꯥ,    ꯂ ꯐ ꯣꯏ ,    ꯑꯋꯥ ꯊ ꯕꯤ,    ꯀꯤ ꯍꯣꯝ    ꯑꯃꯗꯤ    ꯂꯩ ꯅꯨꯡꯒꯤ    ꯃꯍꯩ-ꯃꯔꯣꯡ ꯁꯤꯡ    ꯑꯁꯤ    ꯂꯧꯎ ꯕꯁꯤꯡꯅ    ꯃꯄꯨ    ꯑꯣꯏꯕ    ꯆꯤꯡꯒꯤ    ꯂꯝꯁꯤꯡꯗ    ꯊꯥꯏ꯫ ",110,38
948,ꯑꯇꯦꯛꯄ ꯉꯥꯅ ꯐ꯭ꯔꯥꯟꯁꯇ ꯑꯃꯗꯤ ꯀꯪꯍꯜꯂꯕ ꯑꯃꯗꯤ ꯂꯤꯗꯨꯅ ꯊꯝꯕ ꯉꯥꯅ ꯁ꯭ꯄꯦꯟ ꯑꯃꯗꯤ ꯏꯇꯥꯂꯤꯗ ꯊꯥꯗꯣꯛꯏ꯫,ꯑ ꯇꯦ ꯛꯄ    ꯉꯥ ꯅ    ꯐ꯭ꯔꯥꯟ ꯁꯇ    ꯑꯃꯗꯤ    ꯀꯪ ꯍꯜꯂꯕ    ꯑꯃꯗꯤ    ꯂꯤ ꯗꯨꯅ    ꯊꯝꯕ    ꯉꯥ ꯅ    ꯁ꯭ ꯄ ꯦꯟ    ꯑꯃꯗꯤ    ꯏ ꯇꯥ ꯂꯤꯗ    ꯊꯥꯗꯣꯛ ꯏ꯫ ,62,25
949,"ꯃꯁꯤꯒꯤ ꯔꯤꯐꯁꯤꯡ ꯑꯁꯤ ꯃꯍꯧꯁꯥꯅ ꯑꯄꯤꯛꯄ ꯃꯔꯥꯛꯀꯤ ꯑꯣꯏ, ꯃꯥꯜꯗꯤꯚꯤꯌꯟ ꯁ꯭ꯇꯦꯟꯗꯔꯗꯀꯤ ꯃꯇꯨꯡ ꯏꯟꯅ ꯌꯥꯝꯅ ꯆꯥꯎꯕ ꯏꯊꯠꯁꯤꯡꯅ ꯀꯨꯞꯁꯤꯟꯕ ꯅꯣꯡꯄꯣꯛꯊꯪꯕ ꯃꯄꯥꯟꯁꯤꯡ ꯅꯠꯇꯅ ꯚꯤꯂꯨꯒꯤ ꯈꯨꯗꯝ ꯑꯃꯠꯇ ꯂꯩꯇꯦ꯫","ꯃꯁꯤꯒꯤ    ꯔꯤ ꯐ ꯁꯤꯡ    ꯑꯁꯤ    ꯃꯍꯧꯁꯥꯅ    ꯑꯄꯤꯛꯄ    ꯃꯔ ꯥꯛ ꯀꯤ    ꯑꯣꯏ,    ꯃꯥꯜ ꯗꯤ ꯚꯤ ꯌꯟ    ꯁ꯭ꯇꯦꯟ ꯗꯔ ꯗꯀꯤ    ꯃꯇꯨꯡ    ꯏꯟꯅ    ꯌꯥꯝꯅ    ꯆꯥꯎꯕ    ꯏꯊ ꯠꯁꯤꯡꯅ    ꯀꯨꯞ ꯁꯤꯟꯕ    ꯅꯣꯡꯄꯣꯛ ꯊꯪꯕ    ꯃꯄꯥꯟ ꯁꯤꯡ    ꯅꯠꯇꯅ    ꯚꯤ ꯂꯨ ꯒꯤ    ꯈꯨꯗꯝ    ꯑꯃꯠꯇ    ꯂꯩꯇꯦ꯫ ",122,37
950,"ꯁꯦꯜꯂꯨꯂꯣꯁ ꯐꯥꯏꯕꯔ ꯑꯜꯇꯔꯅꯦꯇꯤꯕꯁꯤꯡꯗ ꯃꯥꯟꯅꯕ ꯃꯒꯨꯟꯁꯤꯡ ꯂꯩ ꯑꯗꯨꯕꯨ ꯂꯪꯖꯝꯒꯤ ꯐꯤꯁꯤꯡꯒꯤ ꯃꯄꯨꯡꯐꯥꯕ ꯃꯍꯨꯠ ꯑꯣꯏꯗꯦ, ꯇꯦꯟꯁꯥꯏꯜ ꯁ꯭ꯇ꯭ꯔꯦꯟꯊ ꯑꯃꯗꯤ ꯊꯔꯃꯜ ꯔꯤꯒꯨꯂꯦꯁꯟꯒꯨꯝꯕ ꯃꯇꯤꯛ-ꯃꯌꯥꯏꯁꯤꯡꯗ ꯈꯦꯠꯅꯕ ꯂꯩ꯫","ꯁꯦ ꯜꯂꯨ ꯂꯣ ꯁ    ꯐꯥꯏ ꯕꯔ    ꯑꯜ ꯇꯔ ꯅꯦ ꯇꯤ ꯕꯁꯤꯡꯗ    ꯃꯥꯟꯅꯕ    ꯃ ꯒꯨ ꯟꯁꯤꯡ    ꯂꯩ    ꯑꯗꯨꯕꯨ    ꯂꯪ ꯖ ꯝꯒꯤ    ꯐꯤ ꯁꯤꯡꯒꯤ    ꯃꯄꯨꯡ ꯐꯥꯕ    ꯃꯍꯨꯠ    ꯑꯣꯏ ꯗꯦ,    ꯇꯦꯟ ꯁꯥꯏ ꯜ    ꯁ꯭ꯇ꯭ꯔ ꯦꯟ ꯊ    ꯑꯃꯗꯤ    ꯊ ꯔꯃ ꯜ    ꯔꯤ ꯒꯨ ꯂ ꯦꯁꯟ ꯒꯨꯝꯕ    ꯃꯇꯤ ꯛ -ꯃ ꯌꯥꯏ ꯁꯤꯡꯗ    ꯈꯦꯠꯅꯕ    ꯂꯩ꯫ ",131,49
951,ꯂꯁꯤꯡ ꯊꯥꯕꯗ ꯏꯁꯤꯡ ꯑꯃꯗꯤ ꯇꯤꯜꯍꯥꯠꯍꯤꯗꯥꯛ ꯌꯥꯝꯅ ꯁꯤꯖꯤꯟꯅꯕꯅ ꯁꯁꯇꯦꯅꯦꯕꯤꯂꯤꯇꯤꯒꯤ ꯂꯥꯡꯇꯛꯅꯕꯁꯤꯡ ꯊꯣꯛꯍꯜꯂꯦ ꯑꯃꯗꯤ ꯃꯍꯧꯁꯥꯒꯤ ꯑꯣꯏꯕ ꯐꯥꯏꯕꯔ ꯑꯜꯇꯔꯅꯦꯇꯤꯕꯁꯤꯡꯒꯤꯗꯃꯛ ꯀꯩꯊꯦꯜ ꯑꯃ ꯁꯦꯝꯒꯠꯂꯦ꯫,ꯂ ꯁꯤꯡ    ꯊꯥ ꯕꯗ    ꯏꯁꯤꯡ    ꯑꯃꯗꯤ    ꯇꯤ ꯜ ꯍꯥꯠ ꯍꯤꯗ ꯥꯛ    ꯌꯥꯝꯅ    ꯁꯤꯖꯤꯟꯅꯕ ꯅ    ꯁ ꯁꯇꯦ ꯅꯦ ꯕꯤ ꯂꯤ ꯇꯤꯒꯤ    ꯂꯥꯡ ꯇꯛ ꯅꯕꯁꯤꯡ    ꯊꯣꯛ ꯍꯜ ꯂꯦ    ꯑꯃꯗꯤ    ꯃꯍꯧꯁꯥꯒꯤ    ꯑꯣꯏꯕ    ꯐꯥꯏ ꯕꯔ    ꯑꯜ ꯇꯔ ꯅꯦ ꯇꯤ ꯕ ꯁꯤꯡꯒꯤꯗꯃꯛ    ꯀꯩꯊꯦ ꯜ    ꯑꯃ    ꯁꯦꯝꯒꯠ ꯂꯦ꯫ ,122,42
952,"ꯀꯣꯔꯦꯜꯁꯤꯡ ꯑꯁꯤ ꯏꯁꯤꯡꯁꯤꯡ ꯑꯗꯨ ꯏꯪꯕ ꯄꯣꯜꯁꯤꯡꯒꯤꯂꯣꯝꯗꯒꯤ, ꯂꯨꯝꯕꯨ-ꯂꯨꯝꯕꯨ ꯁꯥꯕ, ꯑꯔꯨꯕ ꯇ꯭ꯔꯣꯄꯤꯀꯦꯜ ꯏꯁꯤꯡꯁꯤꯡꯗ ꯍꯦꯟꯅ ꯃꯔꯥꯡ ꯀꯥꯏ꯫","ꯀꯣ ꯔꯦ ꯜꯁꯤꯡ    ꯑꯁꯤ    ꯏꯁꯤꯡ ꯁꯤꯡ    ꯑꯗꯨ    ꯏꯪ ꯕ    ꯄꯣ ꯜ ꯁꯤꯡ ꯒꯤ ꯂꯣ ꯝ ꯗꯒꯤ,    ꯂ ꯨꯝ ꯕꯨ - ꯂ ꯨꯝ ꯕꯨ    ꯁꯥ ꯕ,    ꯑꯔꯨꯕ    ꯇ꯭ꯔꯣꯄꯤꯀꯦꯜ    ꯏꯁꯤꯡ ꯁꯤꯡꯗ    ꯍꯦꯟꯅ    ꯃꯔꯥꯡ    ꯀꯥꯏ ꯫ ",87,33
953,"ꯚꯥꯔꯠꯇ ꯀꯤꯂꯣꯃꯤꯇꯔ ꯷,꯵꯱꯶ (ꯃꯥꯏꯜ ꯴,꯶꯷꯰)ꯀꯤ ꯁꯃꯨꯗ꯭ꯔꯒꯤ ꯃꯄꯥꯟ, ꯉꯥ ꯐꯥꯕ ꯈꯨꯡꯒꯪ ꯳,꯸꯲꯷ ꯑꯃꯗꯤ ꯊꯥꯏꯅꯗꯒꯤ ꯆꯠꯅꯔꯛꯂꯕ ꯉꯥꯒꯤ ꯂꯦꯟꯗꯤꯡ ꯁꯦꯟꯇꯔ ꯱,꯹꯱꯴ ꯂꯩ꯫","ꯚꯥꯔꯠꯇ    ꯀꯤꯂꯣꯃꯤꯇꯔ    ꯷ , ꯵ ꯱꯶    (ꯃꯥꯏꯜ    ꯴, ꯶ ꯷ ꯰ ) ꯀꯤ    ꯁꯃꯨꯗ꯭ꯔꯒꯤ    ꯃꯄꯥꯟ ,    ꯉꯥ    ꯐꯥꯕ    ꯈꯨꯡꯒꯪ    ꯳, ꯸ ꯲ ꯷    ꯑꯃꯗꯤ    ꯊꯥꯏ ꯅꯗꯒꯤ    ꯆꯠꯅ ꯔꯛꯂꯕ    ꯉ ꯥꯒꯤ    ꯂꯦꯟ ꯗꯤꯡ    ꯁꯦꯟꯇꯔ    ꯱, ꯹ ꯱꯴    ꯂꯩ꯫ ",100,37
954,"ꯃꯅꯤꯄꯨꯔꯒ ꯆꯨꯅꯕ ꯌꯣꯟꯅꯕ ꯃꯍꯩ-ꯃꯔꯣꯡꯁꯤꯡꯒꯤ ꯃꯅꯨꯡꯗ ꯂꯤꯆꯤ, ꯀꯥꯖꯨ, ꯍꯩꯖꯨꯒꯥ, ꯀꯣꯝꯂꯥ, ꯆꯝꯄ꯭ꯔꯥ, ꯀꯤꯍꯣꯝ, ꯑꯋꯥꯊꯕꯤ, ꯁꯤꯇꯥꯐꯜ, ꯆꯨꯝꯕ꯭ꯔꯩ, ꯅꯥꯁꯄꯥꯇꯤ ꯑꯃꯗꯤ ꯍꯩꯈꯥ ꯌꯥꯎꯋꯤ꯫","ꯃꯅꯤ ꯄꯨ ꯔꯒ    ꯆꯨ ꯅꯕ    ꯌꯣꯟ ꯅꯕ    ꯃꯍꯩ-ꯃꯔꯣꯡ ꯁꯤꯡꯒꯤ    ꯃꯅꯨꯡꯗ    ꯂꯤ ꯆꯤ ,    ꯀꯥ ꯖꯨ ,    ꯍꯩ ꯖꯨ ꯒꯥ ,    ꯀꯣꯝ ꯂꯥ,    ꯆ ꯝ ꯄ꯭ꯔꯥ ,    ꯀꯤ ꯍꯣ ꯝ,    ꯑꯋꯥ ꯊ ꯕꯤ,    ꯁꯤ ꯇꯥ ꯐ ꯜ,    ꯆꯨꯝ ꯕ꯭ꯔ ꯩ ,    ꯅꯥ ꯁ ꯄꯥ ꯇꯤ    ꯑꯃꯗꯤ    ꯍꯩ ꯈꯥ    ꯌꯥꯎꯋꯤ꯫ ",113,48
955,"ꯂꯦꯟꯁ꯭ꯀꯦꯞ ꯁꯦꯟꯅꯕ, ꯄꯥꯝꯕꯤ ꯌꯦꯡꯁꯤꯟꯕꯤꯕ, ꯑꯏꯪ-ꯑꯁꯥ ꯂꯥꯛꯁꯤꯟꯕ ꯌꯥꯎꯅ ꯑꯍꯤꯡꯕꯒꯤ ꯑꯣꯏꯕ ꯑꯀꯣꯏꯕꯒꯤ ꯐꯤꯕꯝ ꯌꯦꯡꯁꯤꯟꯕꯒꯤ ꯗꯔꯀꯥꯔ ꯂꯩꯕ ꯊꯕꯛ ꯇꯧꯕꯗꯒꯤ ꯐꯪꯂꯛꯄ ꯂꯧꯁꯤꯡ, ꯑꯃꯁꯨꯡ ꯁꯥꯑꯣꯡ ꯅꯠꯇ꯭ꯔꯒ ꯍꯧꯔꯛꯐꯝ ꯃꯥꯟꯅꯕ ꯖꯤꯕꯒꯤ ꯃꯈꯜ ꯈꯥꯏꯕꯒꯤ ꯑꯣꯏꯕ ꯀꯥꯡꯂꯨꯞꯁꯤꯡ ꯁꯤꯟꯕ ꯊꯨꯡꯅ ꯑꯍꯦꯟꯕ ꯖꯤꯕ ꯃꯈꯜꯁꯤꯡꯒꯤꯗꯃꯛꯇ ꯁꯥ-ꯁꯟ ꯌꯣꯛꯄꯒꯤ ꯑꯍꯦꯟꯕ ꯂꯧꯁꯤꯡꯒ ꯂꯣꯏꯅꯅ, ꯃꯈꯣꯏꯅ ꯃꯍꯧꯁꯥꯒꯤ ꯑꯣꯏꯕ ꯂꯩꯐꯝ ꯁꯦꯟꯅꯕ ꯑꯣꯏꯔꯛꯄ ꯃꯔꯝꯅ ꯎꯠꯊꯣꯛꯄꯒꯤ ꯑꯣꯏꯕ ꯁꯤꯜ-ꯂꯥꯡꯕꯁꯤꯡꯗ ꯍꯣꯡꯂꯛꯄ ꯑꯁꯤꯅ ꯁꯥ-ꯁꯟ ꯌꯣꯛꯄꯒꯤ ꯊꯕꯛꯀꯤ ꯂꯝꯈꯩ ꯑꯗꯨꯕꯨ ꯍꯣꯡꯍꯜꯂꯛꯂꯤ꯫","ꯂꯦꯟ ꯁ꯭ꯀꯦ ꯞ    ꯁꯦꯟ ꯅꯕ,    ꯄꯥꯝꯕꯤ    ꯌꯦꯡꯁꯤꯟ ꯕꯤ ꯕ,    ꯑꯏꯪ -ꯑ ꯁꯥ    ꯂꯥꯛ ꯁꯤꯟꯕ    ꯌꯥꯎꯅ    ꯑ ꯍꯤꯡ ꯕꯒꯤ    ꯑꯣꯏꯕ    ꯑꯀꯣꯏꯕꯒꯤ    ꯐꯤꯕꯝ    ꯌꯦꯡꯁꯤꯟ ꯕꯒꯤ    ꯗꯔ ꯀꯥꯔ    ꯂꯩꯕ    ꯊꯕꯛ    ꯇꯧ ꯕꯗꯒꯤ    ꯐꯪ ꯂꯛꯄ    ꯂꯧ ꯁꯤꯡ,    ꯑꯃꯁꯨꯡ    ꯁꯥ ꯑꯣ ꯡ    ꯅꯠꯇ꯭ꯔꯒ    ꯍꯧꯔꯛꯐꯝ    ꯃꯥꯟꯅꯕ    ꯖꯤ ꯕꯒꯤ    ꯃꯈꯜ    ꯈꯥꯏ ꯕꯒꯤ    ꯑꯣꯏꯕ    ꯀꯥꯡꯂꯨꯞꯁꯤꯡ    ꯁꯤꯟꯕ    ꯊꯨꯡꯅ    ꯑꯍꯦꯟꯕ    ꯖꯤꯕ    ꯃꯈ ꯜ ꯁꯤꯡꯒꯤꯗꯃꯛꯇ    ꯁꯥ- ꯁꯟ    ꯌꯣꯛ ꯄꯒꯤ    ꯑꯍꯦꯟꯕ    ꯂꯧ ꯁꯤꯡꯒ    ꯂꯣꯏꯅꯅ,    ꯃꯈꯣꯏꯅ    ꯃꯍꯧꯁꯥꯒꯤ    ꯑꯣꯏꯕ    ꯂꯩꯐꯝ    ꯁꯦꯟ ꯅꯕ    ꯑꯣꯏ ꯔꯛꯄ    ꯃꯔꯝꯅ    ꯎꯠ ꯊꯣꯛꯄꯒꯤ    ꯑꯣꯏꯕ    ꯁꯤꯜ- ꯂꯥꯡ ꯕꯁꯤꯡꯗ    ꯍꯣꯡ ꯂꯛꯄ    ꯑꯁꯤꯅ    ꯁꯥ- ꯁꯟ    ꯌꯣꯛ ꯄꯒꯤ    ꯊꯕ ꯛꯀꯤ    ꯂꯝ ꯈꯩ    ꯑꯗꯨꯕꯨ    ꯍꯣꯡ ꯍꯜꯂꯛ ꯂꯤ꯫ ",320,92
956,"ꯂꯩꯕꯥꯛ ꯑꯁꯤꯒꯤ ꯃꯅꯨꯡꯃꯛꯇꯗ ꯃꯨꯠꯈ꯭ꯔꯕ ꯅꯠꯇ꯭ꯔꯒ ꯃꯨꯠꯈ꯭ꯔꯦ ꯍꯥꯏꯅ ꯂꯧꯅꯕ ꯁꯤꯡꯊꯥꯅꯤꯉꯥꯏ ꯑꯣꯏꯕ ꯈꯣꯝꯊꯣꯛꯄ ꯖꯤꯕꯁꯤꯡꯒꯤ ꯃꯅꯨꯡꯗ ꯏꯟꯗꯤꯌꯟ ꯅꯠꯇ꯭ꯔꯒ ꯑꯦꯁꯤꯌꯥꯇꯤꯛ ꯆꯤꯇꯥ, ꯖꯥꯕꯥꯟ ꯔꯥꯏꯅꯣꯁꯔꯁ ꯑꯃꯗꯤ ꯁꯨꯃꯥꯇ꯭ꯔꯥꯟ ꯔꯥꯏꯅꯣꯁꯔꯁ ꯌꯥꯎꯋꯤ꯫","ꯂꯩꯕꯥꯛ    ꯑꯁꯤꯒꯤ    ꯃꯅꯨꯡ ꯃꯛꯇꯗ    ꯃꯨꯠ ꯈ꯭ꯔꯕ    ꯅꯠꯇ꯭ꯔꯒ    ꯃꯨꯠ ꯈ꯭ꯔꯦ    ꯍꯥꯏꯅ    ꯂꯧꯅꯕ    ꯁꯤꯡꯊꯥ ꯅꯤꯉꯥꯏ    ꯑꯣꯏꯕ    ꯈꯣꯝ ꯊꯣꯛꯄ    ꯖꯤ ꯕꯁꯤꯡꯒꯤ    ꯃꯅꯨꯡꯗ    ꯏꯟꯗꯤꯌꯟ    ꯅꯠꯇ꯭ꯔꯒ    ꯑꯦꯁꯤ ꯌꯥ ꯇꯤꯛ    ꯆꯤ ꯇꯥ,    ꯖꯥ ꯕ ꯥꯟ    ꯔꯥꯏ ꯅꯣ ꯁꯔ ꯁ    ꯑꯃꯗꯤ    ꯁꯨ ꯃꯥ ꯇ꯭ꯔ ꯥꯟ    ꯔꯥꯏ ꯅꯣ ꯁꯔ ꯁ    ꯌꯥꯎꯋꯤ꯫ ",146,43
957,"ꯒꯣꯋꯥꯒꯤ ꯔꯥꯖ꯭ꯌꯒꯤ ꯁꯥ ꯑꯁꯤ ꯒꯥꯎꯔꯅꯤ, ꯔꯥꯖ꯭ꯌꯒꯤ ꯎꯆꯦꯛꯅ ꯐ꯭ꯂꯦꯝ-ꯊ꯭ꯔꯣꯇꯦꯗ ꯕꯨꯜꯕꯨꯜꯅꯤ ꯑꯃꯗꯤ ꯔꯥꯖ꯭ꯌꯒꯤ ꯎꯄꯥꯝꯕꯤꯅ ꯏꯟꯗꯤꯌꯟ ꯂꯥꯎꯔꯦꯜꯅꯤ꯫","ꯒꯣ ꯋꯥꯒꯤ    ꯔꯥꯖ꯭ꯌꯒꯤ    ꯁꯥ    ꯑꯁꯤ    ꯒ ꯥꯎ ꯔ ꯅꯤ,    ꯔꯥꯖ꯭ꯌꯒꯤ    ꯎ ꯆꯦ ꯛꯅ    ꯐ꯭ ꯂꯦꯝ - ꯊ꯭ꯔꯣ ꯇꯦꯗ    ꯕꯨ ꯜ ꯕꯨ ꯜ ꯅꯤ    ꯑꯃꯗꯤ    ꯔꯥꯖ꯭ꯌꯒꯤ    ꯎ ꯄꯥꯝꯕꯤ ꯅ    ꯏꯟꯗꯤꯌꯟ    ꯂꯥꯎ ꯔꯦꯜ ꯅꯤ꯫ ",91,32
958,"ꯆꯦꯡ ꯑꯁꯤ ꯃꯔꯨ ꯑꯣꯏꯕ ꯆꯥꯅꯕ ꯃꯍꯩ-ꯃꯔꯣꯡꯅꯤ ꯑꯃꯗꯤ ꯍꯋꯥꯏ-ꯆꯦꯡꯋꯥꯏꯁꯤꯡ (ꯂꯦꯒ꯭ꯌꯨꯝꯁꯤꯡ), ꯔꯥꯒꯤ (ꯐꯤꯡꯒꯔ ꯃꯤꯂꯦꯠ), ꯑꯃꯗꯤ ꯑꯇꯩ ꯆꯥꯅꯕ ꯃꯍꯩ-ꯃꯔꯣꯡꯁꯤꯡꯁꯨ ꯊꯥꯏ꯫","ꯆꯦ ꯡ    ꯑꯁꯤ    ꯃꯔꯨ    ꯑꯣꯏꯕ    ꯆꯥꯅꯕ    ꯃꯍꯩ-ꯃꯔꯣꯡ ꯅꯤ    ꯑꯃꯗꯤ    ꯍꯋꯥꯏ -ꯆꯦ ꯡ ꯋꯥꯏ ꯁꯤꯡ    ( ꯂꯦ ꯒ ꯭ꯌ ꯨꯝ ꯁꯤꯡ ),    ꯔꯥꯒꯤ    ( ꯐꯤ ꯡ ꯒꯔ    ꯃꯤ ꯂꯦ ꯠ ),    ꯑꯃꯗꯤ    ꯑꯇꯩ    ꯆꯥꯅꯕ    ꯃꯍꯩ-ꯃꯔꯣꯡ ꯁꯤꯡꯁꯨ    ꯊꯥꯏ꯫ ",103,36
959,"ꯀꯥꯂꯦꯟꯊꯥ ꯑꯁꯤ ꯀꯥ ꯍꯦꯟꯅ ꯁꯥꯏ; ꯃꯦꯒꯤ ꯃꯅꯨꯡꯗ ꯅꯦꯝꯅ ꯂꯩꯕ ꯃꯐꯝꯁꯤꯡꯗ ꯑꯏꯪ-ꯑꯁꯥꯒꯤ ꯆꯥꯡ ꯑꯗꯨ ꯁꯦꯜꯁꯤꯑꯁ ꯗꯤꯒ꯭ꯔꯤ ꯵꯰ (ꯐꯥꯔꯦꯟꯍꯥꯏꯠ ꯗꯤꯒ꯭ꯔꯤ ꯱꯲꯲) ꯍꯦꯟꯕ ꯌꯥꯏ, ꯚꯥꯔꯠ ꯃꯆꯥ ꯆꯥꯃ-ꯆꯥꯃ ꯍꯥꯠꯄ ꯉꯝꯕ ꯍꯤꯠ ꯋꯦꯕꯁꯤꯡꯗ ꯇꯥꯔꯛꯏ꯫","ꯀꯥꯂꯦꯟ ꯊꯥ    ꯑꯁꯤ    ꯀꯥ    ꯍꯦꯟꯅ    ꯁꯥꯏ ;    ꯃꯦ ꯒꯤ    ꯃꯅꯨꯡꯗ    ꯅꯦ ꯝꯅ    ꯂꯩꯕ    ꯃꯐꯝꯁꯤꯡꯗ    ꯑꯏꯪ-ꯑꯁꯥꯒꯤ    ꯆꯥꯡ    ꯑꯗꯨ    ꯁꯦꯜ ꯁꯤ ꯑ ꯁ    ꯗꯤꯒ꯭ꯔꯤ    ꯵꯰    ( ꯐꯥꯔ ꯦꯟ ꯍꯥꯏ ꯠ    ꯗꯤꯒ꯭ꯔꯤ    ꯱꯲ ꯲ )    ꯍꯦꯟꯕ    ꯌꯥꯏ,    ꯚꯥꯔꯠ    ꯃꯆꯥ    ꯆꯥ ꯃ - ꯆꯥ ꯃ    ꯍꯥꯠ ꯄ    ꯉꯝꯕ    ꯍꯤ ꯠ    ꯋꯦꯕ ꯁꯤꯡꯗ    ꯇꯥꯔꯛ ꯏ꯫ ",138,50
960,"ꯇꯦꯝꯄꯔꯦꯠ ꯗꯦꯁꯤꯗ꯭ꯌꯨꯑꯁ ꯎꯃꯪꯒꯤ ꯕꯥꯏꯑꯣꯝꯁꯤꯡ ꯑꯁꯤ ꯑꯋꯥꯡ ꯑꯃꯗꯤ ꯈꯥ ꯑꯃꯦꯔꯤꯀꯥ, ꯑꯦꯁꯤꯌꯥ, ꯍꯤꯃꯥꯂꯌꯒꯤ ꯈꯥꯊꯪꯕ ꯆꯤꯡꯃꯥꯏꯁꯤꯡ, ꯌꯨꯔꯣꯞ, ꯑꯃꯗꯤ ꯑꯣꯁꯤꯅꯤꯌꯥꯗ ꯂꯧꯎꯕꯒꯤ ꯄꯥꯟꯗꯝꯁꯤꯡꯒꯤꯗꯃꯛꯇ ꯁꯟꯗꯣꯛꯄ ꯄꯥꯝꯕꯤꯒꯤ ꯀꯥꯡꯂꯨꯞꯁꯤꯡꯅꯤ꯫","ꯇꯦꯝ ꯄꯔꯦ ꯠ    ꯗꯦ ꯁꯤ ꯗ꯭ꯌꯨ ꯑ ꯁ    ꯎꯃꯪꯒꯤ    ꯕꯥꯏꯑꯣ ꯝꯁꯤꯡ    ꯑꯁꯤ    ꯑꯋꯥꯡ    ꯑꯃꯗꯤ    ꯈꯥ    ꯑꯃꯦꯔꯤ ꯀꯥ,    ꯑꯦꯁꯤ ꯌꯥ,    ꯍꯤꯃꯥꯂ ꯌꯒꯤ    ꯈꯥ ꯊꯪꯕ    ꯆꯤꯡ ꯃꯥꯏ ꯁꯤꯡ,    ꯌꯨꯔꯣ ꯞ,    ꯑꯃꯗꯤ    ꯑꯣ ꯁꯤ ꯅꯤ ꯌꯥꯗ    ꯂꯧꯎ ꯕꯒꯤ    ꯄꯥꯟꯗꯝ ꯁꯤꯡꯒꯤꯗꯃꯛꯇ    ꯁꯟꯗꯣꯛꯄ    ꯄꯥꯝꯕꯤ ꯒꯤ    ꯀꯥꯡꯂꯨꯞ ꯁꯤꯡꯅꯤ꯫ ",146,42
961,"ꯃꯁꯤꯒꯤ ꯄꯥꯟꯊꯥꯒꯤ ꯑꯣꯏꯅ ꯇꯣꯞ-ꯇꯣꯞꯄ ꯀꯃ꯭ꯌꯨꯅꯤꯇꯤꯁꯤꯡ ꯑꯁꯤꯗ ꯃꯈꯣꯏꯒꯤ ꯑꯏꯪ-ꯑꯁꯥꯒꯤ ꯐꯤꯕꯝꯒꯤ, ꯃꯔꯨꯑꯣꯏꯅ ꯑꯏꯪ-ꯑꯁꯥꯒꯤ ꯆꯥꯡ ꯑꯃꯗꯤ ꯃꯍꯤ ꯑꯣꯟꯕꯒꯤ ꯆꯥꯡꯁꯤꯡꯒꯤ, ꯄꯥꯟꯊꯥ ꯅꯥꯏꯕ ꯑꯗꯨꯅ ꯆꯥꯎꯅ ꯏꯊꯤꯜ ꯄꯤꯕ ꯃꯈꯜ-ꯃꯈꯥ ꯀꯌꯥꯒꯤ ꯑꯍꯤꯡꯕ ꯖꯤꯕꯁꯤꯡ ꯂꯩ꯫","ꯃꯁꯤꯒꯤ    ꯄꯥꯟ ꯊꯥꯒꯤ    ꯑꯣꯏꯅ    ꯇꯣꯞ-ꯇꯣꯞꯄ    ꯀ ꯃ꯭ꯌꯨꯅꯤ ꯇꯤꯁꯤꯡ    ꯑꯁꯤꯗ    ꯃꯈꯣꯏꯒꯤ    ꯑꯏꯪ-ꯑꯁꯥꯒꯤ    ꯐꯤꯕ ꯝ ꯒꯤ,    ꯃꯔꯨꯑꯣꯏꯅ    ꯑꯏꯪ-ꯑꯁꯥꯒꯤ    ꯆꯥꯡ    ꯑꯃꯗꯤ    ꯃ ꯍꯤ    ꯑꯣꯟ ꯕꯒꯤ    ꯆꯥꯡ ꯁꯤꯡ ꯒꯤ,    ꯄꯥꯟ ꯊꯥ    ꯅꯥꯏꯕ    ꯑꯗꯨꯅ    ꯆꯥꯎꯅ    ꯏꯊꯤꯜ    ꯄꯤꯕ    ꯃꯈ ꯜ- ꯃꯈꯥ    ꯀꯌꯥꯒꯤ    ꯑ ꯍꯤꯡ ꯕ    ꯖꯤ ꯕꯁꯤꯡ    ꯂꯩ꯫ ",153,42
962,"ꯃꯔꯨ ꯑꯣꯏꯕ ꯁꯃꯨꯗ꯭ꯔ ꯍꯤꯊꯥꯡꯐꯝꯁꯤꯡꯒꯤ ꯃꯅꯨꯡꯗ ꯚꯥꯔꯠꯇ ꯀꯟꯗꯂꯥ ꯄꯣꯔꯠ, ꯃꯨꯟꯗ꯭ꯔꯥ ꯄꯣꯔꯠ, ꯄꯤꯄꯥꯋꯥꯋ ꯄꯣꯔꯠ, ꯗꯍꯦꯖ ꯄꯣꯔꯠ, ꯍꯖꯤꯔꯥ ꯄꯣꯔꯠ, ꯃꯨꯝꯕꯥꯏ ꯄꯣꯔꯠ, ꯅꯍꯥꯋꯥ ꯁꯦꯋꯥ ꯄꯣꯔꯠ (ꯅꯋꯤ ꯃꯨꯝꯕꯥꯏ), ꯃꯣꯔꯃꯨꯒꯣ ꯄꯣꯔꯠ (ꯒꯣꯋꯥ), ꯅ꯭ꯌꯨ ꯃꯦꯡꯒꯂꯣꯔ ꯄꯣꯔꯠ ꯑꯃꯗꯤ ꯀꯣꯆꯤ ꯄꯣꯔꯠ; ꯄꯥꯀꯤꯁꯇꯥꯟꯗ ꯄꯣꯔꯠ ꯑꯣꯐ ꯀꯥꯔꯥꯆꯤ, ꯄꯣꯔꯠ ꯀꯁꯤꯝ ꯑꯃꯗꯤ ꯒ꯭ꯋꯥꯗꯔ ꯄꯣꯔꯠ; ꯏꯔꯥꯟꯗ ꯆꯥꯕꯍꯥꯔ ꯄꯣꯔꯠ; ꯑꯃꯗꯤ ꯑꯣꯃꯥꯟꯒꯤ ꯁꯥꯂꯥꯂꯥꯍꯗ ꯄꯣꯔꯠ ꯑꯣꯐ ꯁꯥꯂꯥꯂꯥꯍ ꯑꯗꯨ ꯌꯥꯎꯋꯤ꯫","ꯃꯔꯨ    ꯑꯣꯏꯕ    ꯁꯃꯨꯗ꯭ꯔ    ꯍꯤꯊꯥꯡ ꯐꯝꯁꯤꯡꯒꯤ    ꯃꯅꯨꯡꯗ    ꯚꯥꯔꯠꯇ    ꯀꯟ ꯗ ꯂꯥ    ꯄꯣꯔ ꯠ,    ꯃꯨꯟ ꯗ꯭ꯔꯥ    ꯄꯣꯔ ꯠ,    ꯄꯤ ꯄꯥ ꯋꯥ ꯋ   ꯄꯣꯔ ꯠ,    ꯗ ꯍꯦ ꯖ    ꯄꯣꯔ ꯠ,    ꯍ ꯖꯤ ꯔꯥ    ꯄꯣꯔ ꯠ,    ꯃꯨꯝꯕꯥꯏ    ꯄꯣꯔ ꯠ,    ꯅ ꯍꯥ ꯋꯥ    ꯁꯦ ꯋꯥ    ꯄꯣꯔꯠ    ( ꯅ ꯋꯤ    ꯃꯨꯝꯕꯥꯏ ),    ꯃꯣꯔ ꯃꯨ ꯒꯣ    ꯄꯣꯔꯠ    ( ꯒꯣ ꯋꯥ ),    ꯅ꯭ꯌꯨ    ꯃꯦ ꯡꯒ ꯂꯣ ꯔ    ꯄꯣꯔꯠ    ꯑꯃꯗꯤ    ꯀꯣ ꯆꯤ    ꯄꯣꯔ ꯠ ;    ꯄꯥꯀꯤꯁꯇ ꯥꯟꯗ    ꯄꯣꯔꯠ    ꯑꯣꯐ    ꯀꯥꯔꯥ ꯆꯤ ,    ꯄꯣꯔꯠ    ꯀ ꯁꯤ ꯝ    ꯑꯃꯗꯤ    ꯒ꯭ ꯋꯥ ꯗꯔ    ꯄꯣꯔ ꯠ ;    ꯏꯔ ꯥꯟꯗ    ꯆꯥ ꯕ ꯍꯥꯔ    ꯄꯣꯔ ꯠ ;    ꯑꯃꯗꯤ    ꯑꯣ ꯃꯥꯟ ꯒꯤ    ꯁꯥ ꯂꯥ ꯂꯥ ꯍ ꯗ    ꯄꯣꯔꯠ    ꯑꯣꯐ    ꯁꯥ ꯂꯥ ꯂꯥ ꯍ    ꯑꯗꯨ    ꯌꯥꯎꯋꯤ꯫ ",274,109
963,"ꯒꯣꯟꯗꯋꯥꯅꯥ ꯑꯃꯗꯤ ꯕꯤꯟꯙ꯭ꯌꯥꯟꯅ ꯃꯈꯣꯏꯒꯤ ꯂꯩꯔꯣꯜ ꯊꯨꯞꯀꯠꯄꯁꯤꯡꯒꯤ ꯃꯅꯨꯡꯗ ꯃꯙ꯭ꯌ ꯄ꯭ꯔꯗꯦꯁ, ꯁꯠꯇꯤꯁꯒꯔ, ꯑꯣꯔꯤꯁꯥ, ꯕꯤꯍꯥꯔ, ꯓꯔꯈꯟ, ꯋꯦꯁꯠ ꯕꯦꯡꯒꯣꯜ, ꯑꯟꯙ꯭ꯔ ꯄ꯭ꯔꯗꯦꯁ, ꯃꯍꯥꯔꯥꯁꯇ꯭ꯔ, ꯖꯝꯃꯨ ꯑꯃꯗꯤ ꯀꯁꯃꯤꯔ, ꯄꯟꯖꯥꯕ, ꯍꯤꯃꯥꯆꯜ ꯄ꯭ꯔꯗꯦꯁ, ꯔꯥꯖꯁꯊꯥꯟ ꯑꯃꯗꯤ ꯎꯠꯇꯔꯥꯈꯟꯒꯤ ꯁꯔꯨꯛꯁꯤꯡ ꯌꯥꯎꯋꯤ꯫","ꯒꯣ ꯟꯗ ꯋꯥ ꯅꯥ    ꯑꯃꯗꯤ    ꯕꯤꯟ ꯙ ꯭ꯌꯥ ꯟꯅ    ꯃꯈꯣꯏꯒꯤ    ꯂꯩ ꯔꯣꯜ    ꯊꯨ ꯞ ꯀꯠ ꯄꯁꯤꯡꯒꯤ    ꯃꯅꯨꯡꯗ    ꯃꯙ꯭ꯌ    ꯄ꯭ꯔꯗꯦꯁ ,    ꯁꯠꯇꯤꯁ ꯒ ꯔ,    ꯑꯣꯔꯤ ꯁꯥ ,    ꯕꯤꯍꯥꯔ ,    ꯓ ꯔ ꯈꯟ ,    ꯋꯦꯁꯠ    ꯕꯦꯡꯒꯣ ꯜ,    ꯑꯟꯙ꯭ꯔ    ꯄ꯭ꯔꯗꯦꯁ ,    ꯃꯍꯥꯔꯥꯁꯇ꯭ꯔ ,    ꯖꯝꯃꯨ    ꯑꯃꯗꯤ    ꯀꯁꯃꯤ ꯔ,    ꯄꯟꯖꯥ ꯕ,    ꯍꯤꯃꯥ ꯆꯜ    ꯄ꯭ꯔꯗꯦꯁ ,    ꯔꯥꯖꯁꯊ ꯥꯟ    ꯑꯃꯗꯤ    ꯎꯠꯇꯔꯥꯈ ꯟꯒꯤ    ꯁꯔꯨꯛꯁꯤꯡ    ꯌꯥꯎꯋꯤ꯫ ",184,57
964,ꯇꯣꯃꯣꯒ꯭ꯔꯥꯐꯤꯅ ꯅꯣꯔꯊ ꯑꯃꯦꯔꯤꯀꯥꯒꯤ ꯃꯈꯥꯗ ꯂꯩꯕ ꯀ꯭ꯔꯦꯇꯟ ꯔꯨꯠꯁꯇ ꯂꯩꯔꯣꯜ ꯑꯅꯤ ꯎꯠꯂꯤ꯫,ꯇꯣ ꯃꯣ ꯒ꯭ꯔꯥꯐꯤ ꯅ    ꯅꯣꯔꯊ    ꯑꯃꯦꯔꯤꯀꯥꯒꯤ    ꯃꯈꯥꯗ    ꯂꯩꯕ    ꯀ꯭ꯔꯦ ꯇꯟ    ꯔꯨ ꯠ ꯁꯇ    ꯂꯩ ꯔꯣꯜ    ꯑꯅꯤ    ꯎꯠꯂꯤ꯫ ,55,17
965,ꯊꯥ ꯑꯃꯗ ꯆꯥꯡꯆꯠꯇ ꯅꯣꯡ ꯇꯥꯕ ꯑꯁꯤ ꯐꯦꯕ꯭ꯔꯨꯋꯥꯔꯤ ꯑꯃꯗꯤ ꯑꯦꯄ꯭ꯔꯤꯜꯒꯤ ꯃꯤꯂꯤꯃꯤꯇꯔ ꯵꯴ (ꯏꯟꯆꯤ ꯲,ꯊꯥ    ꯑꯃꯗ    ꯆꯥꯡꯆꯠꯇ    ꯅꯣꯡ    ꯇꯥꯕ    ꯑꯁꯤ    ꯐꯦꯕ꯭ꯔꯨꯋꯥꯔꯤ    ꯑꯃꯗꯤ    ꯑꯦꯄ꯭ꯔꯤ ꯜꯒꯤ    ꯃꯤꯂꯤ ꯃꯤꯇꯔ    ꯵ ꯴    ( ꯏꯟꯆꯤ    ꯲ ,59,17
966,꯱) ꯑꯃꯁꯨꯡ ꯖꯨꯂꯥꯏꯒꯤ ꯃꯤꯂꯤꯃꯤꯇꯔ ꯷꯸ (ꯏꯟꯆꯤ ꯳,꯱ )    ꯑꯃꯁꯨꯡ    ꯖꯨ ꯂꯥꯏꯒꯤ    ꯃꯤꯂꯤ ꯃꯤꯇꯔ    ꯷ ꯸    ( ꯏꯟꯆꯤ    ꯳ ,30,12
967,꯱)ꯒꯤ ꯃꯔꯛꯇ ꯂꯩ꯫,꯱ )ꯒꯤ    ꯃꯔꯛꯇ    ꯂꯩ꯫ ,11,4
968,"ꯂꯝ ꯑꯃꯗꯤ ꯏꯁꯤꯡꯒꯤ ꯑꯋꯥꯠꯄ, ꯐꯖꯅ ꯆꯥꯎꯈꯠꯇ꯭ꯔꯤꯕ ꯂꯧ ꯎꯕꯒꯤ ꯊꯧꯑꯣꯡꯁꯤꯡ ꯑꯃꯗꯤ ꯑꯇꯣꯜꯁꯤꯡꯗ ꯁꯄꯣꯔꯠ ꯁꯔꯕꯤꯁꯁꯤꯡ ꯂꯩꯇꯕ ꯑꯁꯤꯅ ꯄꯣꯠꯊꯣꯛ ꯅꯦꯝꯕ ꯑꯃꯗꯤ ꯃꯔꯝ ꯑꯁꯤꯅ ꯂꯝꯗꯝꯁꯤꯡ ꯑꯁꯤꯗ ꯁꯦꯟꯊꯣꯛ ꯅꯦꯝꯃꯤ꯫","ꯂꯝ    ꯑꯃꯗꯤ    ꯏꯁꯤꯡꯒꯤ    ꯑꯋꯥ ꯠ ꯄ,    ꯐꯖꯅ    ꯆꯥꯎꯈꯠ ꯇ꯭ꯔꯤ ꯕ    ꯂꯧ   ꯎ ꯕꯒꯤ    ꯊꯧꯑꯣ ꯡꯁꯤꯡ    ꯑꯃꯗꯤ    ꯑꯇꯣ ꯜꯁꯤꯡꯗ    ꯁ ꯄꯣꯔꯠ    ꯁꯔꯕꯤ ꯁꯁꯤꯡ    ꯂꯩꯇꯕ    ꯑꯁꯤꯅ    ꯄꯣꯠꯊꯣꯛ    ꯅꯦꯝꯕ    ꯑꯃꯗꯤ    ꯃꯔꯝ    ꯑꯁꯤꯅ    ꯂꯝꯗ ꯝꯁꯤꯡ    ꯑꯁꯤꯗ    ꯁꯦꯟꯊꯣꯛ    ꯅꯦ ꯝꯃꯤ꯫ ",122,35
969,"ꯃꯔꯨ ꯑꯣꯏꯕ ꯎꯃꯪꯒꯤ ꯄꯣꯠꯊꯣꯛꯁꯤꯡꯗꯤ ꯋꯥꯒꯤ ꯂꯤꯆꯩꯁꯤꯡ, ꯃꯔꯥꯊꯥ ꯕꯥꯔꯛꯁꯤꯡ, ꯆꯤꯜꯂꯔ ꯕꯥꯔꯛꯁꯤꯡ ꯑꯃꯗꯤ ꯚꯤꯔꯟꯅꯤ꯫","ꯃꯔꯨ    ꯑꯣꯏꯕ    ꯎꯃꯪꯒꯤ    ꯄꯣꯠꯊꯣꯛ ꯁꯤꯡꯗꯤ    ꯋꯥꯒꯤ    ꯂꯤ ꯆꯩ ꯁꯤꯡ,    ꯃꯔꯥꯊꯥ    ꯕꯥꯔ ꯛ ꯁꯤꯡ,    ꯆꯤ ꯜꯂ ꯔ    ꯕꯥꯔ ꯛꯁꯤꯡ    ꯑꯃꯗꯤ    ꯚꯤ ꯔꯟ ꯅꯤ꯫ ",71,22
970,"ꯑꯇꯩ ꯑꯇꯣꯞꯄ ꯃꯔꯨ ꯑꯣꯏꯕ ꯃꯍꯩ-ꯃꯔꯣꯡꯁꯤꯡꯗꯤ ꯆꯦꯡ, ꯂꯁꯤꯡ, ꯆꯨ, ꯄꯔꯜ ꯃꯤꯂꯦꯠ, ꯐꯤꯡꯒꯔ ꯃꯤꯂꯦꯠ, ꯁꯣꯔꯘꯝ, ꯆꯨꯖꯥꯛ, ꯕꯥꯔꯂꯤ ꯑꯃꯗꯤ ꯎꯍꯩꯁꯤꯡꯅꯤ꯫","ꯑꯇꯩ    ꯑꯇꯣꯞꯄ    ꯃꯔꯨ    ꯑꯣꯏꯕ    ꯃꯍꯩ-ꯃꯔꯣꯡ ꯁꯤꯡꯗꯤ    ꯆꯦ ꯡ,    ꯂ ꯁꯤꯡ,    ꯆꯨ ,    ꯄꯔ ꯜ    ꯃꯤ ꯂꯦ ꯠ,    ꯐꯤ ꯡ ꯒꯔ    ꯃꯤ ꯂꯦ ꯠ,    ꯁꯣꯔ ꯘ ꯝ,    ꯆꯨ ꯖ ꯥꯛ ,    ꯕꯥꯔ ꯂꯤ    ꯑꯃꯗꯤ    ꯎ ꯍꯩ ꯁꯤꯡꯅꯤ꯫ ",90,36
971,ꯔꯦꯞꯇꯥꯏꯜꯁꯤꯡ ꯑꯃꯗꯤ ꯏꯁꯤꯡ-ꯀꯪꯐꯥꯜ ꯑꯅꯤꯗ ꯂꯩꯕ ꯁꯥꯁꯤꯡꯒꯤ ꯃꯈꯜ ꯳꯷ꯁꯨ ꯔꯤꯄꯣꯔꯠ ꯇꯧꯔꯦ꯫,ꯔꯦ ꯞ ꯇꯥꯏ ꯜꯁꯤꯡ    ꯑꯃꯗꯤ    ꯏꯁꯤꯡ - ꯀꯪ ꯐꯥ ꯜ    ꯑꯅꯤꯗ    ꯂꯩꯕ    ꯁꯥ ꯁꯤꯡꯒꯤ    ꯃꯈꯜ    ꯳ ꯷ ꯁꯨ    ꯔꯤ ꯄꯣꯔꯠ    ꯇꯧ ꯔꯦ꯫ ,56,22
972,ꯁ꯭ꯋꯤꯖ ꯀꯦꯅꯦꯜ ꯆꯂꯥꯏꯕ ꯗꯤ ꯂꯦꯁꯁꯦꯞꯁ ꯀꯝꯄꯅꯤ ꯑꯗꯨꯅ ꯏꯪ ꯱꯸꯸꯰ꯒꯤ ꯆꯍꯤ ꯇꯔꯥꯒꯤ ꯈꯨꯖꯤꯡꯗ ꯄꯅꯥꯃꯥ ꯀꯦꯅꯦꯜ ꯑꯃ ꯁꯥꯅꯕ ꯏꯍꯥꯟ-ꯍꯥꯟꯅ ꯍꯣꯠꯅꯈꯤ꯫,ꯁ꯭ꯋꯤ ꯖ    ꯀꯦ ꯅꯦꯜ    ꯆꯂꯥꯏꯕ    ꯗꯤ    ꯂꯦꯁ ꯁꯦꯞ ꯁ    ꯀꯝꯄꯅꯤ    ꯑꯗꯨꯅ    ꯏꯪ    ꯱꯸ ꯸ ꯰ꯒꯤ    ꯆꯍꯤ    ꯇꯔꯥꯒꯤ    ꯈꯨꯖꯤꯡꯗ    ꯄ ꯅꯥ ꯃꯥ    ꯀꯦ ꯅꯦꯜ    ꯑꯃ    ꯁꯥꯅꯕ    ꯏ ꯍꯥꯟ - ꯍꯥꯟꯅ    ꯍꯣꯠꯅꯈꯤ꯫ ,87,30
973,"ꯏꯁꯤꯡ ꯂꯝꯕꯤ ꯑꯍꯨꯝꯅ ꯃꯨꯅꯤꯁꯤꯄꯥꯂꯤꯇꯤ ꯑꯗꯨ ꯂꯥꯜꯂꯤ: ꯅꯣꯡꯆꯨꯞꯇꯒꯤ ꯈꯥꯗ ꯋꯤꯁꯄꯔꯇ꯭ꯔꯦꯛꯋꯥꯔꯠ, ꯑꯋꯥꯡꯗꯒꯤ ꯅꯣꯡꯄꯣꯛꯇ ꯑꯦꯝꯁꯇꯔꯗꯥꯝ-ꯔꯥꯏꯟ ꯀꯦꯅꯦꯜ ꯑꯃꯗꯤ ꯃꯈꯥꯗꯒꯤ ꯑꯋꯥꯡꯗ ꯗꯤꯑꯦꯝ ꯇꯨꯔꯦꯜ꯫","ꯏꯁꯤꯡ    ꯂꯝꯕꯤ    ꯑꯍꯨꯝ ꯅ    ꯃꯨ ꯅꯤ ꯁꯤ ꯄꯥ ꯂꯤꯇꯤ    ꯑꯗꯨ    ꯂꯥ ꯜꯂꯤ :    ꯅꯣꯡꯆꯨꯞ ꯇꯒꯤ    ꯈ ꯥꯗ    ꯋꯤ ꯁ ꯄꯔ ꯇ꯭ꯔꯦ ꯛ ꯋꯥꯔ ꯠ,    ꯑꯋꯥꯡ ꯗꯒꯤ    ꯅꯣꯡꯄꯣꯛ ꯇ    ꯑꯦꯝ ꯁꯇꯔ ꯗꯥ ꯝ- ꯔꯥꯏ ꯟ    ꯀꯦ ꯅꯦꯜ    ꯑꯃꯗꯤ    ꯃꯈꯥ ꯗꯒꯤ    ꯑꯋ ꯥꯡꯗ    ꯗꯤ ꯑꯦ ꯝ    ꯇꯨꯔꯦꯜ ꯫ ",120,46
974,ꯂꯧꯎ-ꯁꯤꯡꯉꯨꯕꯒꯤ ꯑꯣꯏꯕ ꯁꯦꯟꯅꯕꯒꯤ ꯊꯧꯑꯣꯡꯁꯤꯡꯒꯤ ꯃꯈꯜ ꯑꯅꯤꯗ ꯑꯣꯔꯒꯥꯅꯤꯛ ꯑꯦꯒ꯭ꯔꯤꯀꯜꯆꯔ ꯑꯃꯗꯤ ꯀꯟꯚꯦꯟꯁꯅꯦꯜ ꯑꯦꯒ꯭ꯔꯤꯀꯜꯆꯔ ꯌꯥꯎꯋꯤ꯫,ꯂꯧꯎ-ꯁꯤꯡ ꯉ ꯨ ꯕꯒꯤ    ꯑꯣꯏꯕ    ꯁꯦꯟ ꯅꯕꯒꯤ    ꯊꯧꯑꯣ ꯡ ꯁꯤꯡꯒꯤ    ꯃꯈꯜ    ꯑꯅꯤꯗ    ꯑꯣꯔ ꯒꯥ ꯅꯤꯛ    ꯑꯦ ꯒ꯭ꯔꯤ ꯀꯜ ꯆꯔ    ꯑꯃꯗꯤ    ꯀꯟ ꯚꯦꯟ ꯁ ꯅꯦꯜ    ꯑꯦ ꯒ꯭ꯔꯤ ꯀꯜ ꯆꯔ    ꯌꯥꯎꯋꯤ꯫ ,87,29
975,ꯏꯁꯇ꯭ꯔꯦꯇꯣꯁꯐ꯭ꯌꯔ ꯑꯗꯨꯗ ꯁꯜꯐꯦꯠ ꯑꯦꯔꯣꯁꯣꯜꯁꯤꯡꯒꯤ ꯀꯦꯃꯤꯀꯦꯜ ꯔꯤꯑꯦꯛꯁꯟꯁꯤꯡꯅ ꯑꯣꯖꯣꯟ ꯂꯦꯌꯔ ꯑꯗꯨꯁꯨ ꯑꯃꯥꯡ-ꯑꯇꯥ ꯊꯣꯛꯍꯟꯕ ꯌꯥꯏ ꯑꯃꯗꯤ ꯍꯥꯏꯗ꯭ꯔꯣꯖꯦꯟ ꯀ꯭ꯂꯣꯔꯥꯏꯗ (ꯑꯩꯆ,ꯏꯁ ꯇ꯭ꯔꯦ ꯇꯣ ꯁ ꯐ ꯭ꯌ ꯔ    ꯑꯗꯨꯗ    ꯁꯜ ꯐꯦ ꯠ    ꯑꯦ ꯔꯣ ꯁꯣ ꯜꯁꯤꯡꯒꯤ    ꯀꯦꯃꯤ ꯀꯦꯜ    ꯔꯤ ꯑꯦꯛ ꯁꯟ ꯁꯤꯡꯅ    ꯑꯣ ꯖꯣꯟ    ꯂꯦ ꯌꯔ    ꯑꯗꯨꯁꯨ    ꯑꯃꯥꯡ-ꯑꯇꯥ    ꯊꯣꯛꯍꯟꯕ    ꯌꯥꯏ    ꯑꯃꯗꯤ    ꯍꯥꯏ ꯗ꯭ꯔꯣ ꯖꯦꯟ    ꯀ꯭ꯂꯣ ꯔꯥꯏ ꯗ    ( ꯑꯩ ꯆ ,109,39
976,ꯁꯤ,ꯁꯤ ,2,1
977,ꯑꯦꯜ,ꯑꯦꯜ ,3,1
978,) ꯑꯃꯗꯤ ꯍꯥꯏꯗ꯭ꯔꯣꯖꯦꯟ ꯐ꯭ꯂꯨꯑꯣꯔꯥꯏꯗ (ꯑꯩꯆ,)    ꯑꯃꯗꯤ    ꯍꯥꯏ ꯗ꯭ꯔꯣ ꯖꯦꯟ    ꯐ꯭ ꯂꯨ ꯑꯣꯔ ꯥꯏ ꯗ    ( ꯑꯩ ꯆ ,29,13
979,ꯑꯦꯐ,ꯑꯦ ꯐ ,3,2
980,)ꯀꯨꯝꯕ ꯑꯦꯁꯤꯗꯁꯤꯡꯅ ꯑꯦꯁꯤꯗꯀꯤ ꯅꯣꯡ ꯑꯣꯏꯅ ꯂꯩꯃꯥꯏꯗ ꯇꯥꯔꯛꯄ ꯌꯥꯏ꯫,) ꯀꯨꯝꯕ    ꯑꯦꯁꯤ ꯗ ꯁꯤꯡꯅ    ꯑꯦꯁꯤ ꯗꯀꯤ    ꯅꯣꯡ    ꯑꯣꯏꯅ    ꯂꯩ ꯃꯥꯏꯗ    ꯇꯥꯔꯛꯄ    ꯌꯥꯏ꯫ ,43,13
981,"ꯑꯀꯟꯕ ꯅꯣꯡꯖꯨꯊꯥꯒꯤ ꯑꯌꯤꯡ ꯑꯁꯥ ꯑꯗꯨꯒ, ꯑꯁꯥꯝ ꯑꯁꯤ ꯇꯦꯝꯄꯔꯦꯠ (ꯀꯥꯂꯦꯟꯗ ꯌꯥꯝꯃꯕꯗ ꯹꯵° -꯱꯰꯰° ꯐꯦꯔꯦꯟꯍꯥꯏꯠ ꯅꯠꯇ꯭ꯔꯒ ꯳꯵° -꯳꯸° ꯁꯦꯜꯁꯤꯌꯁ ꯑꯃꯁꯨꯡ ꯏꯡꯊꯝꯊꯥꯗ ꯑꯅꯦꯝꯕꯗ ꯴꯳° - ꯴꯶° ꯐꯦꯔꯦꯟꯍꯥꯏꯠ ꯅꯠꯇ꯭ꯔꯒ ꯶°-꯸° ꯁꯦꯜꯁꯤꯌꯁ) ꯑꯣꯏ ꯑꯃꯁꯨꯡ ꯅꯣꯡ ꯀꯟꯅ ꯆꯨꯕ ꯊꯦꯡꯅꯩ ꯑꯃꯁꯨꯡ ꯌꯥꯝꯅ ꯑꯣꯝꯆꯥꯛꯅꯩ꯫","ꯑꯀꯟꯕ    ꯅꯣꯡꯖꯨ ꯊꯥꯒꯤ    ꯑꯌꯤ ꯡ    ꯑ ꯁꯥ    ꯑꯗꯨ ꯒ,    ꯑꯁꯥ ꯝ    ꯑꯁꯤ    ꯇꯦꯝ ꯄꯔꯦ ꯠ    ( ꯀꯥ ꯂꯦꯟꯗ    ꯌꯥꯝ ꯃ ꯕꯗ    ꯹ ꯵ °    - ꯱꯰꯰ °    ꯐꯦ ꯔꯦꯟ ꯍꯥꯏ ꯠ    ꯅꯠꯇ꯭ꯔꯒ    ꯳ ꯵ °    - ꯳ ꯸ °    ꯁꯦꯜꯁꯤꯌꯁ    ꯑꯃꯁꯨꯡ    ꯏ ꯡ ꯊꯝ ꯊꯥꯗ    ꯑ ꯅꯦꯝ ꯕꯗ    ꯴ ꯳ °    -    ꯴ ꯶ °    ꯐꯦ ꯔꯦꯟ ꯍꯥꯏ ꯠ    ꯅꯠꯇ꯭ꯔꯒ    ꯶ ° - ꯸ °    ꯁꯦꯜ ꯁꯤꯌ ꯁ )    ꯑꯣꯏ    ꯑꯃꯁꯨꯡ    ꯅꯣꯡ    ꯀꯟꯅ    ꯆꯨ ꯕ    ꯊꯦꯡꯅ ꯩ    ꯑꯃꯁꯨꯡ    ꯌꯥꯝꯅ    ꯑꯣ ꯝ ꯆꯥꯛ ꯅꯩ꯫ ",182,83
982,"ꯂꯝ ꯑꯗꯨꯒꯤ ꯑꯋꯥꯡꯕ ꯅꯣꯡꯖꯨꯒꯤ ꯆꯥꯡ, ꯆꯥꯡꯆꯠꯇ ꯃꯤꯜꯂꯤꯃꯤꯇꯔ ꯱꯰,꯰꯰꯰ (꯳꯹꯰ ꯏꯟꯆꯤ) ꯑꯃꯗꯤ ꯃꯗꯨꯒꯤ ꯃꯊꯛ,ꯅ ꯑꯀꯣꯏꯕꯒꯤ ꯈꯜꯗ ꯖ꯭ꯋꯥꯔ ꯀꯟꯅ ꯍꯥꯕꯒꯤ ꯊꯧꯗꯣꯛ ꯑꯃꯁꯨꯡ ꯏꯁꯤꯡ ꯏꯆꯥꯎ ꯌꯥꯎꯅ ꯑꯌꯦꯠꯄꯥ ꯄꯤ꯫","ꯂꯝ    ꯑꯗꯨꯒꯤ    ꯑꯋꯥꯡꯕ    ꯅꯣꯡꯖꯨ ꯒꯤ    ꯆꯥꯡ ,    ꯆꯥꯡꯆꯠꯇ    ꯃꯤ ꯜꯂꯤ ꯃꯤꯇꯔ    ꯱꯰ ,꯰꯰꯰    ( ꯳ ꯹ ꯰    ꯏꯟ ꯆꯤ )    ꯑꯃꯗꯤ    ꯃꯗꯨꯒꯤ    ꯃꯊ ꯛ , ꯅ    ꯑꯀꯣꯏꯕꯒꯤ    ꯈ ꯜꯗ    ꯖ ꯭ ꯋꯥꯔ    ꯀꯟꯅ    ꯍꯥ ꯕꯒꯤ    ꯊꯧꯗꯣꯛ    ꯑꯃꯁꯨꯡ    ꯏꯁꯤꯡ    ꯏꯆꯥꯎ   ꯌꯥꯎꯅ    ꯑ ꯌꯦꯠ ꯄꯥ    ꯄꯤ꯫ ",121,44
983,"ꯏꯪ ꯲꯰꯲꯱ ꯐꯥꯎꯕꯒꯤ ꯑꯣꯏꯅ, (ꯎꯅꯤꯌꯟ ꯅꯠꯇ꯭ꯔꯒ ꯐꯦꯗꯔꯜ ꯂꯩꯉꯥꯛꯁꯨ ꯀꯧꯕ) ꯖꯥꯇꯤꯒꯤ ꯂꯩꯉꯥꯛꯇꯒꯤ ꯇꯣꯡꯉꯥꯟꯅ ꯈꯟꯖꯕ ꯃꯁꯤꯒꯤ ꯃꯁꯥꯒꯤ ꯑꯣꯏꯕ ꯂꯩꯉꯥꯛ ꯑꯃꯃꯝ ꯂꯩꯕ, ꯚꯥꯔꯠꯀꯤ ꯔꯥꯖ꯭ꯌ ꯲꯸, ꯑꯃꯁꯨꯡ ꯎꯅꯤꯌꯟ ꯂꯩꯉꯥꯛꯅ ꯂꯩꯉꯥꯛꯄ, ꯎꯅꯤꯌꯟ ꯇꯦꯔꯤꯇꯔꯤ ꯸ ꯂꯩ꯫","ꯏꯪ    ꯲꯰꯲ ꯱    ꯐꯥꯎꯕꯒꯤ    ꯑꯣꯏꯅ,    ( ꯎ ꯅꯤ ꯌꯟ    ꯅꯠꯇ꯭ꯔꯒ    ꯐꯦꯗꯔ ꯜ    ꯂꯩꯉꯥꯛ ꯁꯨ    ꯀꯧ ꯕ)    ꯖꯥꯇꯤꯒꯤ    ꯂꯩꯉꯥꯛ ꯇꯒꯤ    ꯇꯣꯡ ꯉ ꯥꯟꯅ    ꯈꯟ ꯖꯕ    ꯃꯁꯤꯒꯤ    ꯃꯁꯥꯒꯤ    ꯑꯣꯏꯕ    ꯂꯩꯉꯥꯛ    ꯑꯃꯃꯝ    ꯂꯩꯕ,    ꯚꯥꯔꯠꯀꯤ    ꯔꯥꯖ꯭ꯌ    ꯲ ꯸ ,    ꯑꯃꯁꯨꯡ    ꯎ ꯅꯤ ꯌꯟ    ꯂꯩꯉꯥꯛꯅ    ꯂꯩꯉꯥꯛ ꯄ,    ꯎ ꯅꯤ ꯌꯟ    ꯇꯦꯔꯤ ꯇꯔꯤ    ꯸    ꯂꯩ꯫ ",150,49
984,"ꯊꯧꯗꯣꯛ ꯑꯁꯤꯗ, ꯏꯟꯗꯤꯌꯥꯃꯥꯟꯅ ꯅꯣꯡꯃꯩ ꯃꯔꯨ ꯑꯃꯠꯇ ꯀꯥꯞꯇꯅ ꯃꯈꯣꯏꯒꯤ ꯈꯨꯗꯣꯡꯊꯤꯅꯤꯡꯉꯥꯏ ꯂꯩꯇ꯭ꯔꯕ ꯃꯐꯝ ꯑꯗꯨꯗ ꯌꯧꯁꯤꯟꯅꯗꯨꯅ ꯂꯥꯛꯈꯤ꯫","ꯊꯧꯗꯣꯛ    ꯑꯁꯤꯗ,    ꯏꯟꯗꯤ ꯌꯥ ꯃꯥꯟ ꯅ    ꯅꯣꯡꯃꯩ    ꯃꯔꯨ    ꯑꯃꯠꯇ    ꯀꯥꯞ ꯇꯅ    ꯃꯈꯣꯏꯒꯤ    ꯈꯨꯗꯣꯡꯊꯤ ꯅꯤꯡꯉꯥꯏ    ꯂꯩꯇ꯭ꯔ ꯕ    ꯃꯐꯝ    ꯑꯗꯨꯗ    ꯌꯧ ꯁꯤꯟ ꯅꯗꯨꯅ    ꯂꯥꯛꯈꯤ꯫ ",84,22
985,ꯑꯥꯏ,ꯑ ꯥꯏ ,3,2
986,ꯑꯥꯔ,ꯑꯥꯔ,3,1
987,ꯑꯁꯤ ꯑꯃꯃꯝꯒꯤ ꯗꯤꯕꯤꯖꯅꯦꯜ ꯍꯦꯗꯀ꯭ꯋꯥꯇꯔ ꯑꯃ ꯂꯩꯕ ꯗꯤꯕꯤꯖꯟ ꯍꯨꯝꯐꯨꯇꯔꯦꯠꯇ ꯃꯈꯥ ꯇꯥꯅ ꯈꯥꯏꯗꯣꯛꯏ꯫,ꯑꯁꯤ    ꯑꯃꯃꯝꯒꯤ    ꯗꯤꯕꯤꯖ ꯅꯦꯜ    ꯍꯦꯗ ꯀ꯭ꯋꯥ ꯇꯔ    ꯑꯃ    ꯂꯩꯕ    ꯗꯤꯕꯤꯖꯟ    ꯍꯨꯝ ꯐꯨ ꯇꯔꯦ ꯠꯇ    ꯃꯈꯥ    ꯇꯥꯅ    ꯈꯥꯏꯗꯣꯛꯏ꯫ ,61,17
988,"ꯆꯪꯁꯤꯜꯂꯛꯏꯕ ꯔꯦꯗ ꯑꯥꯔꯃꯤ ꯑꯗꯨꯒꯤ ꯃꯃꯥꯡꯗ ꯅꯥꯟꯊꯣꯛꯇꯨꯅ ꯆꯦꯟꯈꯤꯕ ꯖꯔꯃꯟ ꯂꯩꯕꯥꯛꯀꯤ ꯅꯣꯡꯄꯣꯛ ꯄ꯭ꯔꯨꯁꯤꯌꯥ, ꯁꯤꯂꯦꯁꯤꯌꯥ ꯑꯃꯁꯨꯡ ꯄꯣꯃꯦꯔꯥꯟꯅꯤꯌꯥꯒꯤ ꯃꯤꯁꯤꯡ ꯌꯥꯝꯅ ꯂꯧꯊꯣꯛꯄ ꯃꯇꯝꯗ ꯁꯤꯈꯤ, ꯈꯔꯅ ꯂꯣꯛ ꯑꯃꯁꯨꯡ ꯆꯥꯕ ꯐꯪꯗꯕꯗꯒꯤ, ꯈꯔꯅ ꯂꯥꯟ ꯊꯦꯡꯅꯕ ꯃꯇꯝꯗ ꯫","ꯆꯪ ꯁꯤꯜꯂꯛ ꯏꯕ    ꯔꯦꯗ    ꯑꯥꯔ ꯃꯤ    ꯑꯗꯨꯒꯤ    ꯃꯃꯥꯡꯗ    ꯅꯥꯟ ꯊꯣꯛꯇꯨꯅ    ꯆꯦꯟ ꯈꯤꯕ    ꯖꯔꯃ ꯟ    ꯂꯩꯕꯥꯛꯀꯤ    ꯅꯣꯡꯄꯣꯛ    ꯄ꯭ꯔ ꯨ ꯁꯤ ꯌꯥ,    ꯁꯤ ꯂꯦ ꯁꯤ ꯌꯥ    ꯑꯃꯁꯨꯡ    ꯄꯣ ꯃꯦ ꯔꯥꯟ ꯅꯤꯌꯥꯒꯤ    ꯃꯤꯁꯤꯡ    ꯌꯥꯝꯅ    ꯂꯧꯊꯣꯛꯄ    ꯃꯇꯝꯗ    ꯁꯤ ꯈꯤ,    ꯈꯔꯅ    ꯂꯣꯛ    ꯑꯃꯁꯨꯡ    ꯆꯥꯕ    ꯐꯪ ꯗꯕ ꯗꯒꯤ,    ꯈꯔꯅ    ꯂꯥꯟ    ꯊꯦꯡꯅꯕ    ꯃꯇꯝꯗ    ꯫ ",156,47
989,"ꯃꯥꯏ ꯄꯥꯛꯂꯕ ꯃꯤꯍꯨꯠ ꯑꯃꯗꯒꯤ ꯂꯧꯊꯣꯛꯈ꯭ꯔꯕ ꯃꯤꯍꯨꯠ ꯑꯃꯗ ꯚꯣꯠ ꯊꯥꯗꯣꯛꯗꯣꯛꯄꯁꯤꯡ ꯑꯁꯤ ꯑꯣꯏꯊꯣꯛꯇꯕꯅꯤ, ꯑꯃꯁꯨꯡ ꯃꯊꯪꯒꯤ ꯃꯥꯔꯛ ꯇꯧꯔꯕ ꯑꯄꯥꯝꯕ ꯑꯃꯍꯦꯛꯇ ꯀꯔꯤꯒꯨꯝꯕ ꯂꯩꯔꯕꯗꯤ ꯃꯗꯨꯗ ꯔꯦꯐꯔꯦꯟꯁ ꯁꯦꯝꯒꯗꯕꯅꯤ꯫","ꯃꯥꯏ    ꯄꯥꯛ ꯂꯕ    ꯃꯤꯍꯨꯠ    ꯑꯃꯗꯒꯤ    ꯂꯧꯊꯣꯛ ꯈ꯭ꯔꯕ    ꯃꯤꯍꯨꯠ    ꯑꯃꯗ    ꯚꯣ ꯠ    ꯊꯥꯗꯣꯛ ꯗꯣꯛ ꯄꯁꯤꯡ    ꯑꯁꯤ    ꯑꯣꯏ ꯊꯣꯛ ꯇ ꯕ ꯅꯤ,    ꯑꯃꯁꯨꯡ    ꯃꯊꯪꯒꯤ    ꯃꯥꯔ ꯛ    ꯇꯧꯔꯕ    ꯑꯄꯥꯝꯕ    ꯑꯃꯍꯦꯛꯇ    ꯀꯔꯤꯒꯨꯝꯕ    ꯂꯩꯔꯕꯗꯤ    ꯃꯗꯨꯗ    ꯔꯦ ꯐꯔꯦꯟ ꯁ    ꯁꯦꯝ ꯒꯗꯕꯅꯤ꯫ ",126,35
990,ꯑꯥꯏ,ꯑ ꯥꯏ ,3,2
991,ꯁꯤ,ꯁꯤ ,2,1
992,ꯁꯤ,ꯁꯤ ,2,1
993,ꯗ ꯃꯗ꯭ꯔꯥꯁꯀꯤ ꯎꯀꯤꯜ ꯇꯤ,ꯗ    ꯃꯗ꯭ꯔꯥ ꯁꯀꯤ    ꯎꯀꯤꯜ    ꯇꯤ ,15,5
994,ꯔꯪꯒꯆꯥꯔꯤꯅ ꯂꯨꯆꯤꯡꯕ ꯕ꯭ꯔꯤꯇꯤꯁ ꯑꯍꯨꯝ ꯑꯃꯗꯤ ꯚꯥꯔꯠ ꯃꯆꯥ ꯑꯍꯨꯝ ꯌꯥꯎꯈꯤ꯫,ꯔ ꯪꯒ ꯆ ꯥꯔꯤ ꯅ    ꯂꯨꯆꯤꯡꯕ    ꯕ꯭ꯔꯤꯇꯤꯁ    ꯑꯍꯨꯝ    ꯑꯃꯗꯤ    ꯚꯥꯔꯠ    ꯃꯆꯥ    ꯑꯍꯨꯝ    ꯌꯥꯎꯈꯤ꯫ ,46,13
995,ꯏꯪ ꯲꯰꯲꯰ꯗ ꯁꯦꯜ-ꯊꯨꯝꯒꯤ ꯃꯟꯇ꯭ꯔꯤ ꯅꯤꯔꯃꯂꯥ ꯁꯤꯇꯥꯔꯥꯃꯟꯅ ꯑꯦꯛ ꯑꯗꯨ ꯁꯦꯝꯗꯣꯛꯅꯕ ꯕꯤꯜ ꯑꯃ ꯄꯨꯊꯣꯛꯈꯤ꯫,ꯏꯪ    ꯲꯰ ꯲꯰ꯗ    ꯁꯦꯜ-ꯊꯨꯝꯒꯤ    ꯃꯟꯇ꯭ꯔꯤ    ꯅꯤ ꯔꯃ ꯂꯥ    ꯁꯤ ꯇꯥꯔ ꯥ ꯃ ꯟꯅ    ꯑꯦ ꯛ    ꯑꯗꯨ    ꯁꯦꯝꯗꯣꯛ ꯅꯕ    ꯕꯤꯜ    ꯑꯃ    ꯄꯨꯊꯣꯛꯈꯤ꯫ ,64,21
996,"ꯏꯪ ꯲꯰꯱꯲ꯒꯤ ꯗꯤꯁꯦꯝꯕꯔꯗ, ꯀꯦꯔꯥꯂꯥ ꯐꯣꯔꯦꯁꯠ ꯗꯤꯄꯥꯔꯠꯃꯦꯟꯇꯅ ꯋꯥꯌꯅꯥꯗꯀꯤ ꯋꯥꯏꯜꯂꯥꯏꯐ ꯁꯦꯡꯆꯨꯔꯤꯒꯤ ꯃꯇꯥꯏꯁꯤꯡꯗ ꯂꯩꯕ ꯀꯣꯐꯤ ꯊꯥꯐꯝ ꯑꯃꯗ ꯀꯩ ꯑꯃ ꯅꯣꯡꯃꯩꯅ ꯀꯥꯞꯈꯤ꯫","ꯏꯪ    ꯲꯰꯱꯲ꯒꯤ    ꯗꯤꯁꯦꯝ ꯕꯔ ꯗ,    ꯀꯦ ꯔꯥ ꯂꯥ    ꯐꯣꯔ ꯦꯁꯠ    ꯗꯤꯄꯥꯔꯠ ꯃꯦꯟ ꯇꯅ    ꯋꯥ ꯌ ꯅꯥ ꯗꯀꯤ    ꯋꯥꯏ ꯜ ꯂꯥꯏꯐ    ꯁꯦꯡ ꯆꯨ ꯔꯤꯒꯤ    ꯃꯇ ꯥꯏ ꯁꯤꯡꯗ    ꯂꯩꯕ    ꯀꯣ ꯐꯤ    ꯊꯥ ꯐꯝ    ꯑꯃꯗ    ꯀꯩ    ꯑꯃ    ꯅꯣꯡ ꯃꯩ ꯅ    ꯀꯥꯞ ꯈꯤ꯫ ",103,39
997,ꯀꯩ ꯑꯗꯨꯅ ꯑꯌꯣꯛꯄ ꯁꯥꯁꯤꯡ ꯄꯨꯈꯤꯕꯗꯒꯤ ꯃꯤꯌꯥꯝꯒꯤ ꯏꯍꯧꯁꯤꯡ ꯈꯪꯍꯧꯗꯅ ꯊꯣꯛꯈ꯭ꯔꯕ ꯃꯇꯨꯡꯗ ꯀꯦꯔꯂꯥꯒꯤ ꯆꯤꯐ ꯋꯥꯏꯜꯗꯂꯥꯏꯐ ꯋꯥꯔꯗꯦꯟꯅ ꯁꯥ ꯑꯗꯨ ꯊꯤꯅꯕ ꯌꯥꯊꯪ ꯄꯤꯈꯤ꯫,ꯀꯩ    ꯑꯗꯨꯅ    ꯑ ꯌꯣꯛ ꯄ    ꯁꯥ ꯁꯤꯡ    ꯄꯨ ꯈꯤꯕ ꯗꯒꯤ    ꯃꯤꯌꯥꯝꯒꯤ    ꯏ ꯍꯧ ꯁꯤꯡ    ꯈꯪꯍꯧꯗꯅ    ꯊꯣꯛ ꯈ꯭ꯔꯕ    ꯃꯇꯨꯡꯗ    ꯀꯦꯔꯂꯥꯒꯤ    ꯆꯤꯐ    ꯋꯥꯏ ꯜꯗ ꯂꯥꯏꯐ    ꯋꯥꯔ ꯗꯦꯟ ꯅ    ꯁꯥ    ꯑꯗꯨ    ꯊꯤꯅꯕ    ꯌꯥꯊꯪ    ꯄꯤꯈꯤ꯫ ,99,31
998,ꯁꯥꯍꯅ ꯃꯁꯤꯅ ꯃꯈꯣꯏꯒꯤ ꯂꯩꯔꯤꯕ ꯁꯤꯇꯤꯖꯦꯟ ꯑꯣꯏꯕꯒꯤ ꯂꯝꯕꯤꯗꯨ ꯍꯣꯡꯍꯟꯗꯕꯅ ꯃꯔꯝ ꯑꯣꯏꯗꯨꯅ ꯕꯤꯜ ꯑꯗꯨ ꯑꯦꯟꯇꯤ-ꯃꯨꯁꯂꯤꯝ ꯅꯠꯇꯦ ꯍꯥꯏꯅ ꯑꯀꯟꯕ ꯋꯥꯐꯝ ꯊꯝꯈꯤ꯫,ꯁꯥꯍꯅ    ꯃꯁꯤꯅ    ꯃꯈꯣꯏꯒꯤ    ꯂꯩꯔꯤꯕ    ꯁꯤꯇꯤ ꯖꯦꯟ    ꯑꯣꯏꯕꯒꯤ    ꯂꯝꯕꯤ ꯗꯨ    ꯍꯣꯡ ꯍꯟ ꯗꯕꯅ    ꯃꯔꯝ    ꯑꯣꯏꯗꯨꯅ    ꯕꯤꯜ    ꯑꯗꯨ    ꯑꯦꯟ ꯇꯤ- ꯃꯨꯁꯂꯤꯝ    ꯅꯠꯇꯦ    ꯍꯥꯏꯅ    ꯑꯀꯟꯕ    ꯋꯥꯐꯝ    ꯊꯝꯈꯤ꯫ ,94,24
999,"ꯖꯅꯨꯋꯥꯔꯤ ꯱꯹꯹꯲ꯗ, ꯎꯅꯤꯌꯟ ꯂꯩꯉꯥꯛꯅ ꯂꯥꯟꯃꯤꯒꯤ ꯂꯥꯟꯊꯦꯡꯅꯕꯒꯤ ꯅꯠꯇꯕ ꯃꯁꯥꯁꯤꯡꯗ ꯑꯇꯦꯟꯕ- ꯁꯔꯕꯤꯁ ꯀꯃꯤꯁꯟꯁꯤꯡ ꯄꯥꯏꯔꯤꯉꯩꯗ ꯅꯨꯄꯤꯁꯤꯡ ꯍꯥꯞꯆꯤꯟꯕ ꯑꯗꯨ ꯑꯌꯥꯕ ꯄꯤꯈꯤ꯫","ꯖꯅꯨꯋꯥꯔꯤ    ꯱꯹꯹ ꯲ ꯗ,    ꯎ ꯅꯤ ꯌꯟ    ꯂꯩꯉꯥꯛꯅ    ꯂꯥꯟꯃꯤꯒꯤ    ꯂꯥꯟ ꯊꯦꯡ ꯅꯕꯒꯤ    ꯅꯠꯇꯕ    ꯃꯁꯥ ꯁꯤꯡꯗ    ꯑ ꯇꯦꯟ ꯕ -    ꯁꯔꯕꯤꯁ    ꯀ ꯃꯤ ꯁꯟꯁꯤꯡ    ꯄꯥꯏ ꯔꯤ ꯉꯩꯗ    ꯅꯨꯄꯤ ꯁꯤꯡ    ꯍꯥꯞ ꯆꯤꯟꯕ    ꯑꯗꯨ    ꯑꯌꯥꯕ    ꯄꯤꯈꯤ꯫ ",105,33
1000,ꯏꯪ ꯲꯰꯱꯲ ꯖꯦꯅꯨꯋꯥꯔꯤꯗ ꯑꯣꯕꯥꯃꯥꯅ ꯍ꯭ꯋꯥꯏꯠ ꯍꯥꯎꯁ “ꯏꯟꯁꯣꯔꯁꯤꯡ ꯑꯃꯦꯔꯤꯀꯟ ꯖꯣꯕꯁ” ꯐꯣꯔꯝꯗ ꯀꯣꯜ ꯇꯨ ꯑꯦꯛꯁꯟ ꯇꯨ ꯏꯟꯕꯦꯁꯠ ꯏꯟ ꯑꯃꯦꯔꯤꯀꯥ ꯑꯃ ꯐꯣꯡꯈꯤ꯫,ꯏꯪ    ꯲꯰꯱ ꯲    ꯖꯦ ꯅꯨ ꯋꯥꯔꯤꯗ    ꯑꯣ ꯕꯥ ꯃꯥꯅ    ꯍ ꯭ꯋ ꯥꯏ ꯠ    ꯍꯥꯎꯁ    “ ꯏꯟ ꯁꯣꯔ ꯁꯤꯡ    ꯑꯃꯦꯔꯤ ꯀꯟ    ꯖꯣ ꯕꯁ ”    ꯐꯣꯔ ꯝꯗ    ꯀꯣꯜ    ꯇꯨ    ꯑꯦꯛ ꯁꯟ    ꯇꯨ    ꯏꯟꯕ ꯦꯁꯠ    ꯏꯟ    ꯑꯃꯦꯔꯤ ꯀꯥ    ꯑꯃ    ꯐꯣꯡꯈꯤ꯫ ,93,37
1001,"ꯃꯐꯝꯁꯤꯗ ꯍꯔ ꯃꯦꯖꯤꯁꯇꯤꯒꯤ ꯲꯴ꯁꯨꯕ ꯔꯦꯖꯤꯃꯦꯟꯇ ꯑꯣꯐ ꯐꯨꯠ (ꯁꯥꯎꯊ ꯋꯦꯜꯁ ꯕꯣꯔꯗꯔꯔꯁ)ꯒꯤ ꯕ꯭ꯔꯤꯇꯤꯁ ꯂꯥꯟꯃꯤ ꯳꯵ꯕꯨ ꯂꯥꯜꯍꯧꯕꯁꯤꯡꯅ ꯖꯨꯂꯥꯏ ꯷, ꯱꯸꯵꯷ꯗ ꯍꯥꯠꯈꯤ꯫","ꯃꯐꯝ ꯁꯤꯗ    ꯍꯔ    ꯃꯦ ꯖꯤ ꯁ ꯇꯤꯒꯤ    ꯲꯴ ꯁꯨꯕ    ꯔꯦꯖꯤ ꯃꯦꯟ ꯇ    ꯑꯣꯐ    ꯐꯨꯠ    ( ꯁꯥꯎꯊ    ꯋꯦ ꯜꯁ    ꯕꯣꯔ ꯗꯔ ꯔ ꯁ )ꯒꯤ    ꯕ꯭ꯔꯤꯇꯤꯁ    ꯂꯥꯟꯃꯤ    ꯳ ꯵ ꯕꯨ    ꯂꯥꯜꯍꯧ ꯕꯁꯤꯡꯅ    ꯖꯨꯂꯥꯏ    ꯷ ,    ꯱꯸꯵ ꯷ ꯗ    ꯍꯥꯠꯈꯤ꯫ ",99,37
1002,ꯑꯟꯙ꯭ꯔ ꯄ꯭ꯔꯗꯦꯁꯀꯤ ꯁꯔꯀꯥꯔꯅ ꯀꯨꯃꯥꯔꯕꯨ ꯏꯪ ꯱꯹꯹꯷ꯇ ꯑꯦꯟ,ꯑꯟꯙ꯭ꯔ    ꯄ꯭ꯔꯗꯦꯁꯀꯤ    ꯁꯔꯀꯥꯔꯅ    ꯀꯨꯃꯥꯔ ꯕꯨ    ꯏꯪ    ꯱꯹꯹ ꯷ꯇ    ꯑꯦꯟ ,36,9
1003,ꯇꯤ,ꯇꯤ ,2,1
1004,ꯑꯥꯔ,ꯑꯥꯔ,3,1
1005,ꯅꯦꯁꯅꯦꯜ ꯑꯦꯋꯥꯔꯗ ꯑꯗꯨ ꯄꯤꯗꯨꯅ ꯏꯀꯥꯏꯈꯨꯝꯅꯈꯤ꯫,ꯅꯦꯁꯅꯦꯜ    ꯑꯦꯋꯥꯔꯗ    ꯑꯗꯨ    ꯄꯤꯗꯨꯅ    ꯏꯀꯥꯏ ꯈꯨꯝ ꯅꯈꯤ꯫ ,31,7
1006,ꯁꯔꯀꯥꯔꯅ ꯀꯣꯏꯂꯥꯁꯤꯡ ꯑꯃꯗꯤ ꯃꯔꯤ ꯂꯩꯅꯕ ꯏꯟꯗꯁꯇ꯭ꯔꯤ ꯄꯨꯝꯅꯃꯛꯀꯤ ꯆꯥꯗ ꯹꯰ꯒꯤ ꯃꯄꯨ ꯑꯣꯏ ꯑꯃꯗꯤ ꯐꯣꯔꯦꯟ ꯏꯟꯚꯦꯁꯠꯃꯦꯟꯇ ꯐꯪꯅꯕ ꯍꯣꯠꯅꯔꯤ꯫,ꯁꯔꯀꯥꯔꯅ    ꯀꯣꯏ ꯂꯥ ꯁꯤꯡ    ꯑꯃꯗꯤ    ꯃꯔꯤ    ꯂꯩꯅꯕ    ꯏꯟꯗꯁꯇ꯭ꯔꯤ    ꯄꯨꯝꯅꯃꯛꯀꯤ    ꯆꯥꯗ    ꯹ ꯰ꯒꯤ    ꯃꯄꯨ    ꯑꯣꯏ    ꯑꯃꯗꯤ    ꯐꯣꯔ ꯦꯟ    ꯏꯟ ꯚ ꯦꯁꯠ ꯃꯦꯟ ꯇ    ꯐꯪꯅꯕ    ꯍꯣꯠꯅ ꯔꯤ꯫ ,84,25
1007,"ꯅꯥꯁꯥꯅ ꯁꯦꯟꯄꯨꯊꯣꯛꯄ ꯆꯦꯂꯤꯐꯣꯔꯅꯤꯌꯥ ꯏꯟꯁꯇꯤꯇ꯭ꯌꯨꯠ ꯑꯣꯐ ꯇꯦꯛꯅꯣꯂꯣꯒꯤ (ꯀꯦꯜꯇꯦꯛ)ꯅ ꯌꯡꯁꯤꯟꯕ ꯖꯦꯠ ꯄ꯭ꯔꯣꯄꯨꯜꯁꯟ ꯂꯦꯕꯣꯔꯦꯇꯣꯔꯤ (ꯖꯦꯄꯤꯑꯦꯜ)ꯒꯨꯝꯅ, ꯏꯁꯔꯣ ꯑꯃꯁꯨꯡ ꯏꯟꯗꯤꯌꯥꯟ ꯏꯟꯁꯇꯤꯇ꯭ꯌꯨꯠ ꯑꯣꯐ ꯏ꯭ꯁꯄꯦꯁ ꯁꯥꯏꯟꯁ ꯑꯦꯟ ꯇꯦꯛꯅꯣꯂꯣꯒꯤ (ꯑꯥꯏꯑꯥꯏꯑꯦꯁꯇꯤ)ꯅ ꯕꯦꯡꯒꯂꯨꯔꯨꯗ ꯂꯩꯕ ꯏꯁꯔꯣꯒꯤ ꯀꯦꯄꯥꯁꯤꯇꯤ ꯕꯤꯜꯗꯤꯡ ꯄ꯭ꯔꯣꯒꯔꯥꯝ ꯑꯣꯐꯤꯁ (ꯁꯤꯕꯤꯄꯤꯑꯣ) ꯃꯈꯥꯗ ꯏꯝꯄꯥꯋꯔꯗ ꯑꯣꯚꯔꯁꯤꯏꯡ ꯀꯝꯃꯤꯇꯤ (ꯏꯑꯣꯁꯤ)ꯅ ꯑꯇꯦꯟꯕ, ꯃꯌꯥꯏ ꯑꯣꯏꯔꯞ ꯇꯧꯕ ꯑꯃꯁꯨꯡ ꯑꯁꯥꯡꯕ ꯃꯇꯝꯒꯤ ꯃꯥꯟꯅꯕ ꯍꯤꯔꯝꯒꯤ ꯏ꯭ꯁꯄꯦꯁꯀꯤ ꯊꯤꯖꯟ ꯍꯨꯝꯖꯟꯕꯒꯤ ꯊꯕꯛꯁꯤꯡꯒꯤ ꯑꯌꯥꯕ ꯄꯤꯒꯗꯧꯕ ꯏꯪ ꯲꯰꯲꯱ꯗ ꯄꯨꯟꯅ ꯊꯕꯛ ꯇꯧꯃꯤꯟꯅꯕ ꯃꯥꯑꯣꯡꯗ ꯌꯨꯝꯐꯝ ꯑꯣꯏꯕ ꯊꯕꯛ ꯑꯃ ꯍꯧꯈꯤ꯫","ꯅꯥ ꯁꯥꯅ    ꯁꯦꯟ ꯄꯨꯊꯣꯛꯄ    ꯆꯦ ꯂꯤ ꯐꯣꯔ ꯅꯤꯌꯥ    ꯏꯟꯁꯇꯤꯇ꯭ꯌꯨ ꯠ    ꯑꯣꯐ    ꯇꯦꯛꯅꯣ ꯂꯣ ꯒꯤ    ( ꯀꯦ ꯜ ꯇꯦꯛ )ꯅ    ꯌ ꯡ ꯁꯤꯟꯕ    ꯖꯦ ꯠ    ꯄ꯭ꯔꯣ ꯄꯨ ꯜ ꯁꯟ    ꯂꯦ ꯕꯣ ꯔꯦ ꯇꯣ ꯔꯤ    ( ꯖꯦ ꯄꯤ ꯑꯦꯜ ) ꯒꯨꯝ ꯅ,    ꯏ ꯁꯔ ꯣ   ꯑꯃꯁꯨꯡ    ꯏꯟꯗꯤ ꯌꯥꯟ    ꯏꯟꯁꯇꯤꯇ꯭ꯌꯨ ꯠ    ꯑꯣꯐ    ꯏ ꯭ꯁ ꯄ ꯦꯁ    ꯁꯥꯏ ꯟꯁ    ꯑꯦꯟ    ꯇꯦꯛꯅꯣ ꯂꯣ ꯒꯤ    ( ꯑꯥꯏ ꯑꯥꯏ ꯑꯦꯁ ꯇꯤ )ꯅ    ꯕꯦꯡꯒ ꯂꯨ ꯔꯨ ꯗ    ꯂꯩꯕ    ꯏ ꯁꯔ ꯣ ꯒꯤ    ꯀꯦ ꯄꯥ ꯁꯤꯇꯤ    ꯕꯤꯜ ꯗꯤꯡ    ꯄ꯭ꯔꯣ ꯒ ꯔꯥꯝ    ꯑꯣꯐꯤ ꯁ    ( ꯁꯤ ꯕꯤ ꯄꯤ ꯑꯣ )    ꯃꯈꯥꯗ    ꯏꯝ ꯄꯥ ꯋꯔꯗ    ꯑꯣ ꯚ ꯔꯁꯤ ꯏ ꯡ    ꯀꯝꯃꯤ ꯇꯤ    ( ꯏ ꯑꯣ ꯁꯤ )ꯅ    ꯑ ꯇꯦꯟ ꯕ,    ꯃꯌꯥꯏ    ꯑꯣꯏꯔ ꯞ    ꯇꯧꯕ    ꯑꯃꯁꯨꯡ    ꯑꯁꯥꯡꯕ    ꯃꯇꯝꯒꯤ    ꯃꯥꯟꯅꯕ    ꯍꯤꯔꯝ ꯒꯤ    ꯏ ꯭ꯁ ꯄꯦꯁ ꯀꯤ    ꯊꯤ ꯖꯟ    ꯍꯨꯝ ꯖꯟ ꯕꯒꯤ    ꯊꯕꯛ ꯁꯤꯡꯒꯤ    ꯑꯌꯥꯕ    ꯄꯤ ꯒꯗ ꯧꯕ    ꯏꯪ    ꯲꯰꯲ ꯱ꯗ    ꯄꯨꯟꯅ    ꯊꯕꯛ    ꯇꯧꯃꯤꯟ ꯅꯕ    ꯃꯥ ꯑꯣ ꯡꯗ    ꯌꯨꯝꯐꯝ    ꯑꯣꯏꯕ    ꯊꯕꯛ    ꯑꯃ    ꯍꯧꯈꯤ꯫ ",380,149
1008,ꯚꯥꯔꯠꯀꯤ ꯔꯥꯖ꯭ꯌ ꯑꯌꯥꯝꯕꯅ ꯃꯈꯣꯏꯒꯤ ꯉꯝꯈꯩꯁꯤꯡꯒꯤ ꯃꯅꯨꯡꯗ ꯋꯥꯌꯦꯜ ꯀꯥꯏꯕ ꯊꯕꯛꯁꯤꯡ ꯊꯤꯖꯤꯟ-ꯍꯨꯝꯖꯤꯟꯅꯕ ꯁꯤ,ꯚꯥꯔꯠꯀꯤ    ꯔꯥꯖ꯭ꯌ    ꯑꯌꯥꯝꯕꯅ    ꯃꯈꯣꯏꯒꯤ    ꯉꯝꯈꯩ ꯁꯤꯡꯒꯤ    ꯃꯅꯨꯡꯗ    ꯋꯥꯌꯦꯜ    ꯀꯥꯏ ꯕ    ꯊꯕꯛꯁꯤꯡ    ꯊꯤꯖꯤꯟ -ꯍꯨꯝ ꯖꯤꯟ ꯅꯕ    ꯁꯤ ,68,16
1009,ꯕꯤ,ꯕꯤ ,2,1
1010,ꯑꯥꯏ,ꯑ ꯥꯏ ,3,2
1011,ꯗ ꯖꯦꯅꯔꯦꯜ ꯀꯟꯁꯦꯟꯇ ꯄꯤꯈ꯭ꯔꯦ꯫,ꯗ    ꯖꯦꯅꯔꯦꯜ    ꯀꯟ ꯁꯦꯟ ꯇ    ꯄꯤ ꯈ꯭ꯔꯦ꯫ ,20,7
1012,"ꯃꯥꯟꯅꯅ, ꯂꯤꯀ꯭ꯋꯤꯗꯤꯇꯤ ꯆꯦꯠꯄ ꯃꯇꯝꯗ, ꯑꯥꯔ","ꯃꯥꯟꯅ ꯅ,    ꯂꯤ ꯀ꯭ꯋꯤ ꯗꯤ ꯇꯤ    ꯆꯦ ꯠꯄ    ꯃꯇꯝꯗ,    ꯑꯥꯔ",28,10
1013,ꯕꯤ,ꯕꯤ ,2,1
1014,ꯑꯥꯏ,ꯑ ꯥꯏ ,3,2
1015,ꯅ ꯂꯩꯉꯥꯛꯀꯤ ꯁꯦꯀ꯭ꯌꯨꯔꯤꯇꯤꯁꯤꯡ ꯂꯩꯒꯅꯤ ꯑꯃꯁꯨꯡ ꯑꯁꯨꯝꯅ ꯁꯦꯟꯃꯤꯠꯂꯣꯟꯗ ꯁꯦꯜ ꯃꯦꯟꯈꯠꯅꯕ ꯍꯥꯞꯆꯤꯟꯒꯅꯤ꯫,ꯅ    ꯂꯩꯉꯥꯛꯀꯤ    ꯁꯦꯀ꯭ꯌꯨ ꯔꯤ ꯇꯤꯁꯤꯡ    ꯂꯩ ꯒꯅꯤ    ꯑꯃꯁꯨꯡ    ꯑꯁꯨꯝꯅ    ꯁꯦꯟꯃꯤꯠ ꯂꯣꯟꯗ    ꯁꯦꯜ    ꯃꯦꯟ ꯈꯠ ꯅꯕ    ꯍꯥꯞꯆꯤꯟ ꯒꯅꯤ꯫ ,66,17
1016,ꯍꯥꯟꯅ ꯕꯤꯖꯦꯄꯤꯒꯤ ꯂꯩꯉꯥꯛꯂꯣꯏ ꯑꯃꯁꯨꯡ ꯃꯤꯌꯥꯝꯒꯤ ꯊꯕꯛ ꯇꯧꯕ ꯑꯣꯏꯔꯝꯕ ꯔꯥꯇꯟ ꯇꯤꯔꯀꯤꯅ ꯃꯨꯔꯃꯨꯅ ꯐꯨꯔꯨꯞꯀꯤ ꯀꯥꯡꯂꯨꯞꯁꯤꯡ ꯑꯁꯤꯗ ꯃꯁꯥꯅ ꯂꯩꯉꯥꯛꯆꯅꯕ ꯄꯤꯈꯤꯕ ꯍꯛꯁꯤꯡ ꯑꯗꯨ ꯐꯖꯅ ꯃꯃꯨꯠ ꯇꯥꯟꯅ ꯄꯥꯡꯊꯣꯛꯅꯕ ꯊꯕꯛ ꯇꯧꯔꯝꯗꯦ ꯍꯥꯏꯅ ꯍꯥꯏꯈꯤ꯫,ꯍꯥꯟꯅ    ꯕꯤ ꯖꯦ ꯄꯤ ꯒꯤ    ꯂꯩꯉꯥꯛ ꯂꯣꯏ    ꯑꯃꯁꯨꯡ    ꯃꯤꯌꯥꯝꯒꯤ    ꯊꯕꯛ    ꯇꯧꯕ    ꯑꯣꯏꯔꯝꯕ    ꯔꯥ ꯇꯟ    ꯇꯤꯔ ꯀꯤ ꯅ    ꯃꯨꯔ ꯃꯨ ꯅ    ꯐꯨꯔꯨ ꯞꯀꯤ    ꯀꯥꯡꯂꯨꯞꯁꯤꯡ    ꯑꯁꯤꯗ    ꯃꯁꯥꯅ    ꯂꯩꯉꯥꯛ ꯆ ꯅꯕ    ꯄꯤꯈꯤꯕ    ꯍꯛ ꯁꯤꯡ    ꯑꯗꯨ    ꯐꯖꯅ    ꯃꯃ ꯨ ꯠ    ꯇꯥꯟ ꯅ    ꯄꯥꯡꯊꯣꯛꯅꯕ    ꯊꯕꯛ    ꯇꯧ ꯔꯝ ꯗꯦ    ꯍꯥꯏꯅ    ꯍꯥꯏꯈꯤ꯫ ,143,45
1017,ꯏꯪ ꯲꯰꯲꯱ꯗ ꯕꯪꯒ꯭ꯂꯥꯗꯦꯁꯅ ꯌꯨ,ꯏꯪ    ꯲꯰꯲ ꯱ꯗ    ꯕꯪꯒ꯭ꯂꯥꯗꯦꯁ ꯅ    ꯌꯨ ,19,6
1018,ꯑꯦꯁ,ꯑꯦꯁ,3,1
1019,ꯗꯣꯂꯔ ꯃꯤꯂꯤꯌꯟ ꯲꯰꯰ꯒꯤ ꯂꯣꯟ ꯑꯃ ꯁ꯭ꯔꯤ ꯂꯪꯀꯥꯗ ꯑꯃꯗꯤ ꯁꯦꯟꯃꯤꯠꯂꯣꯟꯒꯤ ꯇꯦꯡꯕꯥꯡ ꯑꯣꯏꯅ ꯌꯨ,ꯗꯣꯂꯔ    ꯃꯤꯂꯤꯌꯟ    ꯲꯰꯰ ꯒꯤ    ꯂꯣꯟ    ꯑꯃ    ꯁ꯭ꯔꯤ    ꯂꯪ ꯀꯥꯗ    ꯑꯃꯗꯤ    ꯁꯦꯟꯃꯤꯠꯂꯣꯟꯒꯤ    ꯇꯦꯡ ꯕꯥ ꯡ    ꯑꯣꯏꯅ    ꯌꯨ ,56,16
1020,ꯑꯦꯁ,ꯑꯦꯁ,3,1
1021,ꯗꯣꯂꯔ ꯃꯤꯂꯤꯌꯟ ꯷,ꯗꯣꯂꯔ    ꯃꯤꯂꯤꯌꯟ    ꯷ ,11,3
1022,꯷ꯒꯤ ꯗꯣꯅꯦꯁꯟ ꯑꯃ ꯁꯨꯗꯥꯟꯗ ꯄꯤꯈꯤ꯫,꯷ꯒꯤ    ꯗꯣ ꯅꯦꯁꯟ    ꯑꯃ    ꯁꯨ ꯗ ꯥꯟꯗ    ꯄꯤꯈꯤ꯫ ,22,8
1023,ꯂꯥꯟꯁꯤꯡ ꯅꯠꯇ꯭ꯔꯒ ꯃꯍꯧꯁꯥꯒꯤ ꯈꯨꯗꯣꯡꯊꯤꯕꯒꯨꯝꯕ ꯇꯥꯟꯖꯥꯁꯤꯡꯗ ꯑꯅꯥ-ꯂꯥꯌꯦꯡꯒꯤ ꯃꯇꯦꯡ ꯄꯤꯅꯕ ꯏꯁꯤꯡ ꯂꯥꯟꯃꯤ ꯈꯔꯅ ꯑꯆꯧꯕ ꯁꯃꯨꯗ꯭ꯔꯗ-ꯆꯠꯄ ꯑꯅꯥ-ꯂꯥꯌꯦꯡꯁꯪ ꯑꯣꯏꯕ ꯖꯍꯥꯖꯁꯤꯡ ꯁꯦꯟꯅꯩ꯫,ꯂꯥꯟ ꯁꯤꯡ    ꯅꯠꯇ꯭ꯔꯒ    ꯃꯍꯧꯁꯥꯒꯤ    ꯈꯨꯗꯣꯡꯊꯤ ꯕ ꯒꯨꯝꯕ    ꯇꯥꯟ ꯖꯥ ꯁꯤꯡꯗ    ꯑꯅꯥ - ꯂꯥꯌꯦꯡ ꯒꯤ    ꯃꯇꯦꯡ    ꯄꯤꯅꯕ    ꯏꯁꯤꯡ    ꯂꯥꯟꯃꯤ    ꯈꯔꯅ    ꯑꯆꯧꯕ    ꯁꯃꯨꯗ꯭ꯔ ꯗ- ꯆꯠꯄ    ꯑꯅꯥ - ꯂꯥꯌꯦꯡ ꯁꯪ    ꯑꯣꯏꯕ    ꯖꯍꯥ ꯖꯁꯤꯡ    ꯁꯦꯟ ꯅꯩ꯫ ,114,32
1024,"ꯌꯥꯅꯋꯥꯔꯣꯜ ꯑꯗꯨꯒꯤ ꯃꯈꯥꯗ, ꯇꯧꯒꯅꯤ ꯍꯥꯏꯕꯒꯤ ꯍꯦꯟꯒꯠꯂꯛꯂꯤꯕ ꯍꯦꯟꯅ ꯋꯥꯡꯕ ꯊꯥꯛꯁꯤꯡ ꯄꯤꯁꯤꯟꯕꯒꯤ ꯄꯥꯟꯗꯝꯒ ꯂꯣꯏꯅꯅ ꯁꯔꯕꯤꯁꯁꯤꯡꯗ ꯂꯂꯣꯟ-ꯏꯇꯤꯛꯄꯨ ꯀꯣꯝꯊꯣꯛꯍꯟꯅꯕ ꯌꯥꯅꯕ ꯄꯨꯔꯛꯅꯕ ꯈꯟꯅꯕꯁꯤꯡꯒꯤ ꯃꯈꯥ ꯆꯠꯊꯔꯛꯄ ꯔꯥꯎꯟꯗꯁꯤꯡꯗ ꯃꯤꯍꯨꯠ ꯑꯣꯏꯔꯤꯕ ꯂꯩꯕꯥꯛꯁꯤꯡꯅ ꯆꯪꯈꯤ꯫","ꯌꯥꯅ ꯋꯥꯔꯣꯜ    ꯑꯗꯨꯒꯤ    ꯃꯈꯥ ꯗ,    ꯇꯧ ꯒꯅꯤ    ꯍꯥꯏꯕꯒꯤ    ꯍꯦꯟꯒꯠꯂꯛ ꯂꯤꯕ    ꯍꯦꯟꯅ    ꯋꯥꯡꯕ    ꯊꯥꯛ ꯁꯤꯡ    ꯄꯤ ꯁꯤꯟꯕꯒꯤ    ꯄꯥꯟꯗ ꯝꯒ    ꯂꯣꯏꯅꯅ    ꯁꯔꯕꯤ ꯁ ꯁꯤꯡꯗ    ꯂꯂꯣꯟ-ꯏ ꯇꯤꯛ ꯄꯨ    ꯀꯣꯝ ꯊꯣꯛ ꯍꯟꯅꯕ    ꯌꯥꯅꯕ    ꯄꯨꯔꯛꯅꯕ    ꯈꯟ ꯅꯕ ꯁꯤꯡꯒꯤ    ꯃꯈꯥ    ꯆꯠꯊ ꯔꯛꯄ    ꯔꯥꯎ ꯟꯗ ꯁꯤꯡꯗ    ꯃꯤꯍꯨꯠ    ꯑꯣꯏꯔꯤꯕ    ꯂꯩꯕꯥꯛ ꯁꯤꯡꯅ    ꯆꯪ ꯈꯤ꯫ ",164,45
1025,"ꯃꯁꯤꯅ ""ꯑꯦꯁꯤꯌꯥꯟ ꯀꯥꯡꯂꯨꯞ ꯑꯁꯤ ꯃꯤꯌꯥꯝꯒꯤ ꯑꯣꯏꯅ ꯑꯣꯏꯕ ꯑꯃꯁꯨꯡ ꯃꯌꯥꯝ ꯑꯁꯤ ꯑꯝꯠꯇ ꯑꯣꯏꯅ ꯄꯨꯟꯕ ꯑꯃꯁꯨꯡ ꯃꯤ ꯄꯨꯝꯅꯃꯛꯀꯤ ꯑꯐꯕ, ꯍꯤꯡꯕꯒꯤ ꯂꯝꯕꯤ ꯑꯃꯁꯨꯡ ꯌꯥꯏꯐꯕ ꯑꯁꯤ ꯍꯦꯟꯒꯠꯍꯟꯗꯨꯅ ꯃꯤ ꯄꯨꯝꯅꯃꯛ ꯌꯥꯎꯍꯟꯕ ꯑꯃꯁꯨꯡ ꯋꯥꯈꯜ ꯃꯟꯅꯅ ꯂꯩꯕ ꯑꯣꯏꯕ ꯃꯤꯒꯤ ꯋꯥꯈꯜ ꯌꯥꯝꯅ ꯈꯟꯅꯕ ꯑꯃꯁꯨꯡ ꯄꯣꯠ ꯌꯦꯡꯊꯣꯛ ꯌꯦꯡꯁꯤꯟ ꯇꯧꯅꯗꯨꯅ ꯑꯦꯁꯤꯌꯥꯒꯤ ꯂꯝꯁꯤꯡ ꯑꯃꯁꯨꯡ ꯃꯤꯌꯥꯝ ꯑꯁꯤ ꯑꯃꯠꯇ ꯑꯣꯏꯕ ꯁꯛꯇꯥꯛ ꯁꯦꯝꯗꯨꯅ ꯈꯨꯅꯥꯏꯒꯤ ꯊꯧꯗꯥꯡ ꯂꯧꯕ ꯀꯥꯡꯂꯨꯞ"" ꯑꯣꯏꯅ ꯎꯏ꯫","ꯃꯁꯤꯅ    "" ꯑꯦꯁꯤꯌꯥꯟ    ꯀꯥꯡꯂꯨꯞ    ꯑꯁꯤ    ꯃꯤꯌꯥꯝꯒꯤ    ꯑꯣꯏꯅ    ꯑꯣꯏꯕ    ꯑꯃꯁꯨꯡ    ꯃꯌꯥꯝ    ꯑꯁꯤ    ꯑꯝ ꯠꯇ    ꯑꯣꯏꯅ    ꯄꯨ ꯟꯕ    ꯑꯃꯁꯨꯡ    ꯃꯤ    ꯄꯨꯝꯅꯃꯛꯀꯤ    ꯑꯐ ꯕ,    ꯍꯤꯡ ꯕꯒꯤ    ꯂꯝꯕꯤ    ꯑꯃꯁꯨꯡ    ꯌꯥꯏ ꯐꯕ    ꯑꯁꯤ    ꯍꯦꯟꯒꯠ ꯍꯟꯗꯨꯅ    ꯃꯤ    ꯄꯨꯝꯅꯃꯛ    ꯌꯥꯎ ꯍꯟꯕ    ꯑꯃꯁꯨꯡ    ꯋꯥꯈꯜ    ꯃꯟ ꯅꯅ    ꯂꯩꯕ    ꯑꯣꯏꯕ    ꯃꯤꯒꯤ    ꯋꯥꯈꯜ    ꯌꯥꯝꯅ    ꯈꯟ ꯅꯕ    ꯑꯃꯁꯨꯡ    ꯄꯣꯠ    ꯌꯦꯡ ꯊꯣꯛ    ꯌꯦꯡ ꯁꯤꯟ    ꯇꯧ ꯅꯗꯨꯅ    ꯑꯦꯁꯤꯌꯥꯒꯤ    ꯂꯝꯁꯤꯡ    ꯑꯃꯁꯨꯡ    ꯃꯤꯌꯥꯝ    ꯑꯁꯤ    ꯑꯃꯠꯇ    ꯑꯣꯏꯕ    ꯁꯛꯇ ꯥꯛ    ꯁꯦꯝ ꯗꯨꯅ    ꯈꯨ ꯅꯥꯏꯒꯤ    ꯊꯧꯗꯥꯡ    ꯂꯧꯕ    ꯀꯥꯡꯂꯨꯞ ""    ꯑꯣꯏꯅ    ꯎ ꯏ꯫ ",262,73
1026,ꯕꯥꯏꯌꯣꯇꯦꯛꯅꯣꯂꯣꯒꯤ ꯔꯦꯒꯨꯂꯦꯇꯣꯔꯤ ꯑꯣꯊꯣꯔꯤꯇꯤ ꯑꯣꯐ ꯏꯟꯗꯤꯌꯥ ꯑꯁꯤ ꯚꯥꯔꯠꯇ ꯖꯦꯅꯦꯇꯤꯀꯦꯜꯂꯤ ꯃꯣꯗꯤꯐꯥꯏꯗ ꯑꯣꯔꯒꯥꯅꯤꯖꯝꯁꯤꯡ (ꯖꯤꯑꯦꯝꯑꯣꯁꯤꯡ) ꯌꯥꯎꯅ ꯕꯥꯏꯌꯣꯇꯦꯛꯅꯣꯂꯣꯒꯤꯒꯤ ꯄꯣꯠꯊꯣꯛꯁꯤꯡ ꯁꯤꯖꯤꯟꯅꯕꯗ ꯀꯥꯡꯂꯣꯟ ꯁꯦꯝꯅꯕꯒꯤ ꯑꯣꯏꯕ ꯂꯨꯞ ꯑꯃꯅꯤ ꯫,ꯕꯥꯏ ꯌꯣ ꯇꯦꯛꯅꯣ ꯂꯣ ꯒꯤ    ꯔꯦ ꯒꯨ ꯂꯦ ꯇꯣ ꯔꯤ    ꯑꯣ ꯊꯣ ꯔꯤꯇꯤ    ꯑꯣꯐ    ꯏꯟꯗꯤꯌꯥ    ꯑꯁꯤ    ꯚꯥꯔꯠꯇ    ꯖꯦꯅꯦ ꯇꯤ ꯀꯦ ꯜꯂꯤ    ꯃꯣ ꯗꯤ ꯐꯥꯏ ꯗ    ꯑꯣꯔ ꯒꯥꯅꯤ ꯖ ꯝꯁꯤꯡ    ( ꯖꯤ ꯑꯦꯝ ꯑꯣ ꯁꯤꯡ )    ꯌꯥꯎꯅ    ꯕꯥꯏ ꯌꯣ ꯇꯦꯛꯅꯣ ꯂꯣ ꯒꯤ ꯒꯤ    ꯄꯣꯠꯊꯣꯛ ꯁꯤꯡ    ꯁꯤꯖꯤꯟꯅ ꯕꯗ    ꯀꯥꯡꯂꯣꯟ    ꯁꯦꯝ ꯅꯕꯒꯤ    ꯑꯣꯏꯕ    ꯂꯨꯞ    ꯑꯃꯅꯤ    ꯫ ,154,53
1027,ꯏꯪ ꯱꯹꯶꯷ꯀꯤ ꯔꯥꯖ꯭ꯌ ꯁꯚꯥꯒꯤ ꯃꯤꯈꯜꯁꯤꯡꯗ ꯁꯣꯁꯤꯑꯦꯂꯤꯁꯠ ꯄꯥꯔꯇꯤ ꯂꯣꯏꯅꯃꯛ ꯂꯧꯊꯣꯛꯈꯤ ꯑꯃꯗꯤ ꯁꯤ,ꯏꯪ    ꯱꯹꯶ ꯷ꯀꯤ    ꯔꯥꯖ꯭ꯌ    ꯁꯚꯥ ꯒꯤ    ꯃꯤꯈ ꯜꯁꯤꯡꯗ    ꯁꯣ ꯁꯤ ꯑꯦ ꯂꯤꯁꯠ    ꯄꯥꯔꯇꯤ    ꯂꯣꯏꯅ ꯃꯛ    ꯂꯧꯊꯣꯛ ꯈꯤ    ꯑꯃꯗꯤ    ꯁꯤ ,60,19
1028,ꯄꯤ,ꯄꯤ ,2,1
1029,ꯑꯥꯏ,ꯑ ꯥꯏ ,3,2
1030,ꯑꯗꯨꯅ ꯑꯣꯄꯣꯖꯤꯁꯟ ꯄꯥꯔꯇꯤꯒꯤ ꯊꯥꯛ ꯑꯗꯨ ꯃꯥꯡꯈꯤ꯫,ꯑꯗꯨꯅ    ꯑꯣ ꯄꯣꯖꯤ ꯁꯟ    ꯄꯥꯔꯇꯤꯒꯤ    ꯊꯥꯛ    ꯑꯗꯨ    ꯃꯥꯡ ꯈꯤ꯫ ,31,9
1031,"ꯁꯛꯇꯤꯒꯤ ꯄꯨꯟꯁꯤꯟꯕ ꯊꯣꯛꯍꯟꯕ, ꯃꯑꯣꯡ-ꯃꯇꯧꯗ ꯐꯦꯗꯔꯦꯜꯒꯤ-ꯃꯥꯌꯣꯛꯇ ꯑꯣꯏꯕ, ꯑꯃꯁꯨꯡ ꯂꯣꯀꯦꯜ-ꯊꯥꯛꯀꯤ ꯆꯥꯎꯈꯠ-ꯊꯧꯔꯥꯡꯗ ꯁꯣꯛꯄ ꯑꯃꯁꯨꯡ ꯈꯨꯟꯅꯥꯏꯒꯤ ꯑꯄꯤꯛꯄ ꯊꯥꯛꯁꯤꯡꯗ ꯑꯋꯥ ꯑꯅꯥ ꯊꯦꯡꯅꯕꯗ ꯑꯦꯝ","ꯁꯛ ꯇꯤꯒꯤ    ꯄꯨꯟ ꯁꯤꯟꯕ    ꯊꯣꯛꯍꯟ ꯕ,    ꯃꯑꯣꯡ- ꯃꯇꯧ ꯗ    ꯐꯦ ꯗ ꯔꯦꯜ ꯒꯤ - ꯃꯥꯌꯣꯛꯇ    ꯑꯣꯏꯕ,    ꯑꯃꯁꯨꯡ    ꯂꯣ ꯀꯦ ꯜ- ꯊꯥꯛꯀꯤ    ꯆꯥꯎꯈꯠ - ꯊꯧ ꯔ ꯥꯡꯗ    ꯁꯣꯛ ꯄ    ꯑꯃꯁꯨꯡ    ꯈꯨꯟꯅꯥꯏꯒꯤ    ꯑꯄꯤꯛꯄ    ꯊꯥꯛ ꯁꯤꯡꯗ    ꯑ ꯋꯥ    ꯑ ꯅꯥ    ꯊꯦꯡꯅ ꯕꯗ    ꯑꯦ ꯝ ",121,41
1032,ꯄꯤ,ꯄꯤ ,2,1
1033,"ꯒꯤ ꯏꯊꯤꯜꯅ ꯆꯩꯊꯦꯡ ꯄꯤꯕ ꯌꯥꯎꯅ, ꯃꯑꯣꯡ ꯀꯌꯥꯗ ꯃꯁꯤꯒꯤ ꯊꯧꯑꯣꯡ ꯑꯁꯤꯕꯨ ꯈꯨꯗꯣꯡꯆꯥꯗꯕ ꯑꯣꯏꯅ ꯀꯧꯔꯦ꯫","ꯒꯤ    ꯏꯊꯤ ꯜꯅ    ꯆꯩ ꯊꯦ ꯡ    ꯄꯤꯕ    ꯌꯥꯎ ꯅ,    ꯃꯑꯣꯡ    ꯀꯌꯥꯗ    ꯃꯁꯤꯒꯤ    ꯊꯧꯑꯣꯡ    ꯑꯁꯤꯕꯨ    ꯈꯨꯗꯣꯡꯆꯥ ꯗꯕ    ꯑꯣꯏꯅ    ꯀꯧ ꯔꯦ꯫ ",61,19
1034,"ꯃꯍꯥꯛꯀꯤ ꯃꯄꯥ, ꯑꯗꯋꯩꯠ ꯄ꯭ꯔꯁꯥꯗ ꯁꯤꯡꯍꯅ, ꯏꯪ ꯲꯰꯰꯰ꯗ ꯕꯤ","ꯃꯍꯥꯛꯀꯤ    ꯃꯄꯥ ,    ꯑ ꯗ ꯋ ꯩ ꯠ    ꯄ꯭ꯔ ꯁꯥꯗ    ꯁꯤꯡꯍ ꯅ,    ꯏꯪ    ꯲꯰ ꯰꯰ꯗ    ꯕꯤ ",36,16
1035,ꯖꯦ,ꯖꯦ ,2,1
1036,ꯗꯤ,ꯗꯤ ,2,1
1037,"ꯒꯤ ꯃꯤꯔꯦꯞ ꯑꯃ ꯑꯣꯏꯅ, ꯏꯪ ꯱꯹꯹꯰ꯗ ꯖꯦ","ꯒꯤ    ꯃꯤ ꯔꯦ ꯞ    ꯑꯃ    ꯑꯣꯏꯅ,    ꯏꯪ    ꯱꯹꯹ ꯰ꯗ    ꯖꯦ ",23,10
1038,ꯗꯤ,ꯗꯤ ,2,1
1039,"ꯒꯤ ꯃꯤꯔꯦꯞ ꯑꯃ ꯑꯣꯏꯅ, ꯑꯃꯁꯨꯡ ꯏꯪ ꯱꯹꯷꯷ꯇ ꯖꯦ","ꯒꯤ    ꯃꯤ ꯔꯦ ꯞ    ꯑꯃ    ꯑꯣꯏꯅ,    ꯑꯃꯁꯨꯡ    ꯏꯪ    ꯱꯹꯷ ꯷ꯇ    ꯖꯦ ",28,11
1040,ꯑꯦꯟ,ꯑꯦꯟ ,3,1
1041,ꯄꯤ,ꯄꯤ ,2,1
1042,ꯒꯤ ꯃꯤꯔꯦꯞ ꯑꯃ ꯑꯣꯏꯅ ꯁꯤꯠ ꯑꯁꯤꯗ ꯃꯥꯏ ꯄꯥꯛꯈ꯭ꯔꯦ꯫,ꯒꯤ    ꯃꯤ ꯔꯦ ꯞ    ꯑꯃ    ꯑꯣꯏꯅ    ꯁꯤꯠ    ꯑꯁꯤꯗ    ꯃꯥꯏ    ꯄꯥꯛ ꯈ꯭ꯔꯦ꯫ ,31,11
1043,ꯑꯪꯒꯨꯜ (ꯑꯣꯗꯤꯁꯥ ꯕꯤꯙꯥꯟ ꯁꯚꯥ ꯀꯟꯁꯇꯤꯇ꯭ꯋꯦꯟꯁꯤ)ꯗꯒꯤ ꯍꯧꯖꯤꯛ ꯑꯣꯏꯔꯤꯕ ꯑꯦꯝ,ꯑ ꯪ ꯒꯨ ꯜ    ( ꯑꯣꯗꯤ ꯁꯥ    ꯕꯤ ꯙꯥꯟ    ꯁꯚ ꯥ    ꯀꯟ ꯁꯇꯤ ꯇ ꯭ꯋ ꯦꯟ ꯁꯤ ) ꯗꯒꯤ    ꯍꯧꯖꯤꯛ    ꯑꯣꯏꯔꯤꯕ    ꯑꯦ ꯝ ,50,23
1044,ꯑꯦꯜ,ꯑꯦꯜ ,3,1
1045,ꯑꯦ,ꯑꯦ ,2,1
1046,"ꯑꯁꯤ, ꯏꯪ ꯲꯰꯱꯹ꯒꯤ ꯑꯣꯗꯤꯁꯥ ꯂꯦꯖꯤꯁꯂꯦꯇꯤꯕ ꯑꯦꯁꯦꯝꯕ꯭ꯂꯤ ꯃꯤꯈꯜꯗ ꯈꯟꯈꯤꯕ ꯑꯃꯁꯨꯡ ꯃꯇꯨꯡ ꯇꯥꯔꯛꯄꯗ ꯑꯦꯁꯦꯝꯕ꯭ꯂꯤ ꯑꯗꯨꯒꯤ ꯗꯤꯄꯨꯇꯤ ꯁ꯭ꯄꯤꯀꯔ ꯑꯣꯏꯅ ꯌꯦꯠꯅꯕ ꯂꯩꯇꯅ ꯈꯟꯈꯤꯕ, ꯕꯤ","ꯑꯁꯤ,    ꯏꯪ    ꯲꯰꯱꯹ꯒꯤ    ꯑꯣꯗꯤ ꯁꯥ    ꯂꯦꯖꯤꯁꯂꯦꯇꯤꯕ    ꯑꯦꯁꯦꯝꯕ꯭ ꯂꯤ    ꯃꯤꯈꯜꯗ    ꯈꯟ ꯈꯤꯕ    ꯑꯃꯁꯨꯡ    ꯃꯇꯨꯡ    ꯇꯥꯔꯛꯄꯗ    ꯑꯦꯁꯦꯝꯕ꯭ ꯂꯤ    ꯑꯗꯨꯒꯤ    ꯗꯤ ꯄꯨ ꯇꯤ    ꯁ꯭ꯄꯤ ꯀꯔ    ꯑꯣꯏꯅ    ꯌꯦꯠꯅꯕ    ꯂꯩꯇꯅ    ꯈꯟ ꯈꯤꯕ,    ꯕꯤ ",109,28
1047,ꯖꯦ,ꯖꯦ ,2,1
1048,ꯗꯤ,ꯗꯤ ,2,1
1049,ꯒꯤ ꯔꯥꯖꯥꯅꯤꯀꯥꯟꯇ ꯁꯤꯡꯍꯅꯤ꯫,ꯒꯤ    ꯔꯥꯖꯥ ꯅꯤ ꯀꯥꯟ ꯇ    ꯁꯤꯡꯍ ꯅꯤ꯫ ,19,7
1050,"ꯏꯀꯥꯏꯈꯨꯝꯅꯔꯕ ꯑꯦꯟꯑꯦꯁꯗꯤꯑꯦꯜ ꯏ-ꯒꯕꯔ꯭ꯟꯅꯦꯟꯁ ꯏꯟꯐꯔꯥꯁ꯭ꯇꯔꯛꯆꯔ ꯂꯤꯃꯤꯇꯦꯗ (ꯍꯥꯟꯅ ꯅꯦꯁꯟꯅꯦꯜ ꯁꯤꯀ꯭ꯌꯨꯔꯤꯇꯤ ꯗꯤꯄꯣꯁꯤꯇꯣꯔꯤ ꯂꯤꯃꯤꯇꯦꯗ ꯑꯣꯏꯔꯝꯕ) ꯑꯃꯁꯨꯡ ꯌꯨꯇꯤꯑꯥꯏ ꯏꯟꯐꯔꯥꯁ꯭ꯇꯔꯛꯆꯔ ꯇꯦꯛꯅꯣꯂꯣꯒꯤ ꯁꯔꯕꯤꯁꯦꯁ ꯂꯤꯃꯤꯇꯦꯗ (ꯌꯨꯇꯤꯑꯥꯏꯑꯥꯏꯇꯤꯑꯦꯁꯑꯦꯜ)ꯒꯨꯝꯕ ꯂꯣꯏꯁꯪꯗ ꯏꯟꯀꯝ ꯇꯦꯛꯁ ꯗꯤꯄꯥꯔꯠꯃꯦꯟꯅꯅ ꯍꯥꯏꯖ ꯆꯦꯔꯣꯜꯁꯤꯡꯗ ꯊꯕꯛ ꯄꯥꯡꯊꯣꯛꯅꯕ, ꯂꯧꯁꯤꯟꯕ, ꯁꯦꯟꯅꯕ ꯑꯃꯁꯨꯡ ꯅꯔꯅꯥꯏꯒꯤ ꯑꯣꯏꯕ ꯆꯦ-ꯆꯥꯡꯗ ꯑꯥꯏꯗꯤꯒꯤ ꯄ꯭ꯔꯃꯥꯟ, ꯆꯥꯍꯤ ꯑꯃꯁꯨꯡ ꯂꯩꯐꯝꯒꯨꯝꯕ ꯆꯨꯝꯃꯤ ꯂꯥꯜꯂꯤ ꯌꯦꯡꯅꯕ, ꯍꯥꯏꯖ ꯆꯦ ꯊꯥꯖꯜꯂꯛꯏꯕꯁꯤꯡꯒ ꯁꯦꯡꯗꯣꯛ ꯁꯦꯡꯖꯤꯟ ꯇꯧꯅꯕ, ꯀꯥꯔꯗ ꯑꯃꯁꯨꯡ ꯆꯤꯊꯤ ꯅꯝꯃꯒ ꯃꯗꯨ ꯊꯥꯅꯕꯒꯤ ꯊꯕꯛꯁꯤꯡ ꯄꯥꯡꯊꯣꯛꯅꯕ ꯊꯧꯁꯤꯟꯅꯈ꯭ꯔꯦ꯫","ꯏꯀꯥꯏ ꯈꯨꯝ ꯅꯔꯕ    ꯑꯦꯟ ꯑꯦꯁ ꯗꯤ ꯑꯦꯜ    ꯏ- ꯒꯕꯔ ꯭ ꯟ ꯅꯦꯟ ꯁ    ꯏꯟ ꯐ ꯔꯥ ꯁ꯭ꯇ ꯔꯛ ꯆꯔ    ꯂꯤꯃꯤ ꯇꯦꯗ    ( ꯍꯥꯟꯅ    ꯅꯦꯁ ꯟ ꯅꯦꯜ    ꯁꯤ ꯀ꯭ꯌꯨ ꯔꯤꯇꯤ    ꯗꯤ ꯄꯣ ꯁꯤ ꯇꯣ ꯔꯤ    ꯂꯤꯃꯤ ꯇꯦꯗ    ꯑꯣꯏꯔꯝ ꯕ)    ꯑꯃꯁꯨꯡ    ꯌꯨ ꯇꯤ ꯑ ꯥꯏ    ꯏꯟ ꯐ ꯔꯥ ꯁ꯭ꯇ ꯔꯛ ꯆꯔ    ꯇꯦꯛꯅꯣ ꯂꯣ ꯒꯤ    ꯁꯔꯕꯤ ꯁ ꯦꯁ    ꯂꯤꯃꯤ ꯇꯦꯗ    ( ꯌꯨ ꯇꯤ ꯑꯥꯏ ꯑꯥꯏ ꯇꯤ ꯑꯦꯁ ꯑꯦꯜ ) ꯒꯨꯝꯕ    ꯂꯣꯏꯁꯪ ꯗ    ꯏꯟ ꯀ ꯝ    ꯇꯦꯛꯁ    ꯗꯤꯄꯥꯔꯠ ꯃꯦꯟ ꯅꯅ    ꯍꯥꯏ ꯖ    ꯆꯦ ꯔꯣ ꯜꯁꯤꯡꯗ    ꯊꯕꯛ    ꯄꯥꯡꯊꯣꯛ ꯅꯕ,    ꯂꯧꯁꯤꯟ ꯕ,    ꯁꯦꯟ ꯅꯕ    ꯑꯃꯁꯨꯡ    ꯅꯔ ꯅꯥꯏꯒꯤ    ꯑꯣꯏꯕ    ꯆꯦ - ꯆꯥꯡꯗ    ꯑꯥꯏ ꯗꯤꯒꯤ    ꯄ꯭ꯔ ꯃꯥꯟ ,    ꯆꯥ ꯍꯤ    ꯑꯃꯁꯨꯡ    ꯂꯩ ꯐꯝ ꯒꯨꯝꯕ    ꯆꯨꯝ ꯃꯤ    ꯂꯥ ꯜꯂꯤ    ꯌꯦꯡ ꯅꯕ,    ꯍꯥꯏ ꯖ    ꯆꯦ    ꯊꯥꯖ ꯜꯂꯛ ꯏ ꯕ ꯁꯤꯡꯒ    ꯁꯦꯡ ꯗꯣꯛ    ꯁꯦꯡ ꯖꯤꯟ    ꯇꯧ ꯅꯕ,    ꯀꯥꯔꯗ    ꯑꯃꯁꯨꯡ    ꯆꯤꯊꯤ    ꯅꯝ ꯃ ꯒ    ꯃꯗꯨ    ꯊꯥ ꯅꯕꯒꯤ    ꯊꯕꯛꯁꯤꯡ    ꯄꯥꯡꯊꯣꯛꯅꯕ    ꯊꯧ ꯁꯤꯟ ꯅ ꯈ꯭ꯔꯦ꯫ ",386,141
1051,"ꯁꯪ ꯑꯗꯨꯒꯤ ꯃꯌꯥꯏꯗ ꯀꯣꯏꯗꯅꯕ ꯁꯦꯟꯇ꯭ꯔꯦꯜ ꯆꯦꯝꯕꯔ ꯑꯗꯨ ꯂꯩ, ꯑꯃꯁꯨꯡ ꯆꯦꯝꯕꯔ ꯑꯁꯤꯕꯨ ꯀꯣꯏꯁꯤꯜꯂꯤꯕꯁꯤ ꯆꯦꯝꯕꯔ ꯑꯣꯐ ꯄ꯭ꯔꯤꯟꯁ (ꯍꯧꯖꯤꯛꯅ ꯂꯥꯏꯕ꯭ꯔꯦꯔꯤ ꯍꯣꯜ ꯑꯣꯏꯅ ꯁꯤꯖꯤꯟꯅꯕ), ꯗ ꯁ꯭ꯇꯦꯠ ꯀꯥꯎꯟꯁꯤꯜ (ꯍꯧꯖꯤꯛꯅ ꯔꯥꯖ꯭ꯌꯥ ꯁꯚꯥ ꯑꯣꯏꯅ ꯁꯤꯖꯤꯟꯅꯕ) ꯑꯃꯁꯨꯡ ꯁꯦꯟꯇ꯭ꯔꯦꯜ ꯂꯦꯒꯤꯁꯂꯦꯇꯤꯕ ꯑꯦꯁꯦꯝꯕꯂꯤ (ꯍꯧꯖꯤꯛꯅ ꯂꯣꯛ ꯁꯚꯥ ꯑꯣꯏꯅ ꯁꯤꯖꯤꯟꯅꯕ)ꯒꯤ ꯃꯇꯝꯁꯤꯡ ꯑꯣꯏꯅ ꯁꯥꯈꯤꯕ ꯀꯣꯏꯀꯣꯟꯒꯤ ꯊꯪꯈꯥꯏ ꯑꯣꯏꯕ ꯀꯥ ꯑꯆꯧꯕ ꯑꯍꯨꯝꯅꯤ ꯫","ꯁꯪ    ꯑꯗꯨꯒꯤ    ꯃꯌꯥꯏ ꯗ    ꯀꯣꯏ ꯗꯅꯕ    ꯁꯦꯟꯇ꯭ꯔꯦꯜ    ꯆꯦ ꯝꯕꯔ    ꯑꯗꯨ    ꯂꯩ,    ꯑꯃꯁꯨꯡ    ꯆꯦ ꯝꯕꯔ    ꯑꯁꯤꯕꯨ    ꯀꯣꯏ ꯁꯤ ꯜꯂꯤ ꯕ ꯁꯤ    ꯆꯦ ꯝꯕꯔ    ꯑꯣꯐ    ꯄ꯭ꯔꯤ ꯟꯁ    ( ꯍꯧꯖꯤ ꯛꯅ    ꯂꯥꯏ ꯕ꯭ꯔꯦ ꯔꯤ    ꯍꯣ ꯜ    ꯑꯣꯏꯅ    ꯁꯤꯖꯤꯟꯅꯕ ),    ꯗ    ꯁ꯭ꯇꯦꯠ    ꯀꯥꯎꯟꯁꯤꯜ    ( ꯍꯧꯖꯤ ꯛꯅ    ꯔꯥꯖ꯭ꯌ ꯥ    ꯁꯚ ꯥ    ꯑꯣꯏꯅ    ꯁꯤꯖꯤꯟꯅꯕ )    ꯑꯃꯁꯨꯡ    ꯁꯦꯟꯇ꯭ꯔꯦꯜ    ꯂꯦ ꯒꯤ ꯁꯂꯦ ꯇꯤꯕ    ꯑꯦꯁꯦ ꯝꯕ ꯂꯤ    ( ꯍꯧꯖꯤ ꯛꯅ    ꯂꯣꯛ    ꯁꯚ ꯥ    ꯑꯣꯏꯅ    ꯁꯤꯖꯤꯟꯅꯕ )ꯒꯤ    ꯃꯇꯝ ꯁꯤꯡ    ꯑꯣꯏꯅ    ꯁꯥꯈꯤꯕ    ꯀꯣꯏ ꯀꯣ ꯟꯒꯤ    ꯊꯪ ꯈꯥꯏ    ꯑꯣꯏꯕ    ꯀꯥ    ꯑꯆꯧꯕ    ꯑꯍꯨꯝ ꯅꯤ    ꯫ ",253,82
1052,"ꯕꯘꯥ ꯖꯇꯤꯟ, ꯈꯨꯗꯤꯔꯥꯝ ꯕꯣꯁ, ꯚꯒꯠ ꯁꯤꯡꯍ, ꯆꯟꯗ꯭ꯔꯁꯦꯈꯔ ꯑꯖꯥꯗ, ꯁꯨꯔꯌ ꯁꯦꯟ, ꯑꯃꯁꯨꯡ ꯁꯨꯚꯥꯁ ꯆꯟꯗ꯭ꯔ ꯕꯣꯁꯒꯨꯝꯕ ꯂꯥꯜꯍꯧꯕꯁꯤꯡꯅ ꯕ꯭ꯔꯤꯇꯤꯁ ꯁꯥꯁꯟꯒꯤ ꯃꯥꯌꯣꯛꯇ ꯆꯠꯊꯕ ꯃꯈꯣꯏꯒꯤ ꯏꯍꯧꯁꯤꯡꯒꯤ ꯃꯅꯨꯡꯗ ꯃꯈꯣꯏꯒꯤ ꯍꯤꯡꯁꯥ ꯁꯤꯖꯤꯟꯅꯕ ꯑꯗꯨꯗ ꯒꯥꯟꯙꯤꯗꯒꯤ ꯇꯣꯉꯥꯟꯈꯤ꯫","ꯕ ꯘ ꯥ    ꯖ ꯇꯤ ꯟ,    ꯈꯨ ꯗꯤ ꯔꯥꯝ    ꯕꯣ ꯁ,    ꯚꯒ ꯠ    ꯁꯤꯡꯍ ,    ꯆꯟꯗ꯭ꯔ ꯁꯦ ꯈꯔ    ꯑ ꯖꯥ ꯗ,    ꯁꯨꯔ ꯌ    ꯁꯦꯟ ,    ꯑꯃꯁꯨꯡ    ꯁꯨ ꯚꯥ ꯁ    ꯆꯟ ꯗ꯭ꯔ    ꯕꯣ ꯁ ꯒꯨꯝꯕ    ꯂꯥꯜꯍꯧ ꯕꯁꯤꯡꯅ    ꯕ꯭ꯔꯤꯇꯤꯁ    ꯁꯥ ꯁꯟꯒꯤ    ꯃꯥꯌꯣꯛꯇ    ꯆꯠꯊꯕ    ꯃꯈꯣꯏꯒꯤ    ꯏ ꯍꯧ ꯁꯤꯡꯒꯤ    ꯃꯅꯨꯡꯗ    ꯃꯈꯣꯏꯒꯤ    ꯍꯤꯡ ꯁꯥ    ꯁꯤꯖꯤꯟꯅꯕ    ꯑꯗꯨꯗ    ꯒꯥꯟꯙꯤ ꯗꯒꯤ    ꯇꯣꯉꯥꯟ ꯈꯤ꯫ ",161,55
1053,ꯁꯤꯠ ꯇꯔꯦꯠ ꯂꯩꯕ ꯌꯨꯅꯤꯀꯦꯃꯔꯜ ꯑꯣꯏꯕ ꯀꯣꯀꯣꯁ (ꯀꯤꯂꯤꯡ) ꯑꯥꯏꯂꯦꯟꯁ ꯁꯥꯏꯌꯔ ꯀꯥꯎꯟꯁꯤꯜ ꯑꯃꯁꯨ ꯂꯩ꯫,ꯁꯤꯠ    ꯇꯔꯦꯠ    ꯂꯩꯕ    ꯌꯨꯅꯤ ꯀꯦ ꯃꯔ ꯜ    ꯑꯣꯏꯕ    ꯀꯣ ꯀꯣ ꯁ    ( ꯀꯤ ꯂꯤꯡ )    ꯑꯥꯏ ꯂꯦꯟ ꯁ    ꯁꯥꯏ ꯌꯔ    ꯀꯥꯎꯟꯁꯤꯜ    ꯑꯃꯁꯨ    ꯂꯩ꯫ ,61,23
1054,"ꯃꯦ ꯵ ꯐꯥꯎꯕꯗ ꯚꯥꯔꯠꯅ ꯇꯦꯡꯕꯥꯡ ꯑꯣꯏꯅ ꯄꯣꯠ-ꯆꯩ ꯵꯷,꯶꯹,꯴꯴꯲ ꯐꯪꯈ꯭ꯔꯦ꯫","ꯃꯦ    ꯵    ꯐꯥꯎꯕꯗ    ꯚꯥꯔꯠꯅ    ꯇꯦꯡ ꯕꯥ ꯡ    ꯑꯣꯏꯅ    ꯄꯣꯠ-ꯆꯩ    ꯵ ꯷ , ꯶ ꯹ , ꯴ ꯴ ꯲    ꯐꯪ ꯈ꯭ꯔꯦ꯫ ",45,20
1055,"ꯗꯦꯕꯁ ꯗꯤꯜ ꯑꯗꯨ ꯃꯥꯡꯖꯧꯅꯅ ꯈꯨꯠꯌꯦꯛ ꯇꯧꯈ꯭ꯔꯕ ꯃꯇꯝꯗꯨꯗ, ꯁꯔꯕꯤꯁ ꯄꯤꯕ ꯀꯌꯥꯅ ꯁꯦꯇꯂꯥꯏꯠꯀꯤ ꯃꯄꯥꯡꯒꯜ ꯁꯤꯖꯤꯟꯅꯕꯗ ꯄꯥꯝꯈꯤ ꯍꯥꯏꯅ ꯏꯪ ꯲꯰꯰꯵ꯒꯤ ꯅꯕꯦꯝꯕꯔꯗ ꯃꯟꯇ꯭ꯔꯤ-ꯃꯟꯗꯜ ꯑꯗꯨꯗ ꯂꯥꯟꯅ ꯄꯥꯎ ꯄꯤꯈꯤ꯫","ꯗꯦꯕ ꯁ    ꯗꯤꯜ    ꯑꯗꯨ    ꯃꯥꯡꯖꯧꯅꯅ    ꯈꯨꯠꯌꯦꯛ    ꯇꯧ ꯈ꯭ꯔꯕ    ꯃꯇꯝ ꯗꯨ ꯗ,    ꯁꯔꯕꯤꯁ    ꯄꯤꯕ    ꯀꯌꯥꯅ    ꯁꯦ ꯇ ꯂꯥꯏ ꯠꯀꯤ    ꯃꯄꯥꯡꯒꯜ    ꯁꯤꯖꯤꯟꯅ ꯕꯗ    ꯄꯥꯝ ꯈꯤ    ꯍꯥꯏꯅ    ꯏꯪ    ꯲꯰꯰ ꯵ꯒꯤ    ꯅꯕꯦꯝꯕ ꯔꯗ    ꯃꯟꯇ꯭ꯔꯤ -ꯃ ꯟꯗ ꯜ    ꯑꯗꯨꯗ    ꯂꯥꯟꯅ    ꯄꯥꯎ    ꯄꯤꯈꯤ꯫ ",122,37
1056,"ꯏꯪ ꯲꯰꯱꯷ꯇ, ꯔꯁꯤꯌꯥꯒꯤ ꯔꯥꯁꯇ꯭ꯔꯄꯇꯤ ꯕ꯭ꯂꯥꯗꯤꯃꯤꯔ ꯄꯨꯇꯤꯟꯅ “ꯁ꯭ꯇꯦꯂꯤꯅꯤꯖꯝꯒꯤ ꯑꯀꯤ-ꯇꯨꯖꯨꯡꯕꯁꯤꯡ” ꯑꯗꯨꯕꯨ ꯌꯥꯖꯈꯤ, ꯑꯗꯨꯕꯨ ꯃꯍꯥꯛꯅ “ꯔꯁꯤꯌꯥꯒꯤ ꯌꯦꯛꯅꯕꯁꯤꯡꯅ” “ꯁ꯭ꯇꯦꯂꯤꯟꯕꯨ ꯀꯥ-ꯍꯦꯟꯅ ꯇꯝꯊꯤꯕ ꯑꯣꯏꯅ ꯎꯍꯟꯕ” ꯑꯗꯨꯕꯨꯁꯨ ꯌꯥꯅꯤꯡꯗꯕ ꯐꯣꯡꯗꯣꯛꯈꯤ꯫","ꯏꯪ    ꯲꯰꯱ ꯷ ꯇ,    ꯔꯁꯤ ꯌꯥꯒꯤ    ꯔꯥꯁꯇ꯭ꯔ ꯄꯇꯤ    ꯕ꯭ ꯂꯥ ꯗꯤ ꯃꯤꯔ    ꯄꯨ ꯇꯤ ꯟꯅ    “ ꯁ꯭ꯇꯦ ꯂꯤ ꯅꯤ ꯖ ꯝꯒꯤ    ꯑꯀꯤ - ꯇꯨ ꯖ ꯨꯡ ꯕ ꯁꯤꯡ ”    ꯑꯗꯨꯕꯨ    ꯌꯥ ꯖ ꯈꯤ,    ꯑꯗꯨꯕꯨ    ꯃꯍꯥꯛꯅ    “ ꯔꯁꯤ ꯌꯥꯒꯤ    ꯌꯦꯛ ꯅꯕ ꯁꯤꯡ ꯅ ”    “ ꯁ꯭ꯇꯦ ꯂꯤ ꯟꯕꯨ    ꯀꯥ - ꯍꯦꯟꯅ    ꯇꯝ ꯊꯤꯕ    ꯑꯣꯏꯅ    ꯎ ꯍꯟ ꯕ ”    ꯑꯗꯨ ꯕꯨꯁꯨ    ꯌꯥꯅꯤꯡꯗꯕ    ꯐꯣꯡꯗꯣꯛꯈꯤ꯫ ",159,61
1057,ꯀꯟꯐꯤꯗꯔꯦꯁꯤꯅ ꯕ꯭ꯔꯤꯇꯦꯟꯗ ꯂꯩꯕ ꯂꯂꯣꯟ-ꯏꯇꯤꯛꯀꯤ ꯖꯍꯥꯖ ꯁꯥꯕꯁꯤꯡ (ꯁꯤ,ꯀꯟ ꯐꯤ ꯗ ꯔꯦ ꯁꯤꯅ    ꯕ꯭ꯔꯤꯇꯦꯟ ꯗ    ꯂꯩꯕ    ꯂꯂꯣꯟ-ꯏꯇꯤꯛꯀꯤ    ꯖꯍꯥꯖ    ꯁꯥ ꯕꯁꯤꯡ    ( ꯁꯤ ,45,14
1058,ꯑꯦꯁ,ꯑꯦꯁ,3,1
1059,ꯑꯦꯁ,ꯑꯦꯁ,3,1
1060,"ꯑꯂꯕꯥꯃꯥ, ꯁꯤ","ꯑ ꯂ ꯕꯥ ꯃꯥ ,    ꯁꯤ ",9,6
1061,ꯑꯦꯁ,ꯑꯦꯁ,3,1
1062,ꯑꯦꯁ,ꯑꯦꯁ,3,1
1063,"ꯁꯦꯅꯟꯗꯣꯑ, ꯁꯤ","ꯁꯦ ꯅꯟ ꯗꯣ ꯑ ,    ꯁꯤ ",10,6
1064,ꯑꯦꯁ,ꯑꯦꯁ,3,1
1065,ꯑꯦꯁ,ꯑꯦꯁ,3,1
1066,"ꯇꯦꯅꯦꯁꯤ, ꯁꯤ","ꯇꯦ ꯅꯦ ꯁꯤ ,    ꯁꯤ ",9,5
1067,ꯑꯦꯁ,ꯑꯦꯁ,3,1
1068,ꯑꯦꯁ,ꯑꯦꯁ,3,1
1069,"ꯇꯥꯂꯍꯥꯁꯤ, ꯁꯤ","ꯇꯥ ꯂ ꯍꯥ ꯁꯤ ,    ꯁꯤ ",10,6
1070,ꯑꯦꯁ,ꯑꯦꯁ,3,1
1071,ꯑꯦꯁ,ꯑꯦꯁ,3,1
1072,"ꯐ꯭ꯂꯣꯔꯤꯗꯥ, ꯑꯃꯁꯨꯡ ꯑꯇꯣꯞꯄ ꯈꯔ)ꯗꯒꯤ ꯂꯥꯟꯒꯤ-ꯖꯍꯥꯖ ꯀꯌꯥ ꯂꯩꯈꯤ꯫","ꯐ꯭ꯂꯣ ꯔꯤ ꯗꯥ,    ꯑꯃꯁꯨꯡ    ꯑꯇꯣꯞꯄ    ꯈꯔ ) ꯗꯒꯤ    ꯂꯥꯟ ꯒꯤ - ꯖꯍꯥꯖ    ꯀꯌꯥ    ꯂꯩꯈꯤ꯫ ",43,14
1073,"ꯑꯅꯧꯕ ꯊꯧꯑꯣꯡ ꯑꯁꯤꯗ, ꯀꯥꯡꯂꯨꯞꯁꯤꯡꯒ ꯄꯥꯎꯇꯛ ꯂꯧꯅꯩ ꯑꯃꯁꯨꯡ ꯇꯥꯛꯄꯤ ꯇꯝꯕꯤ, ꯑꯃꯁꯨꯡ ꯁꯤꯖꯤꯟꯅꯒꯗꯧꯕꯁꯤꯡꯅ ꯊꯕꯛ ꯄꯥꯡꯊꯣꯛꯄ ꯑꯃꯁꯨꯡ ꯌꯦꯡꯁꯤꯟꯕꯒꯤ ꯃꯃꯜ ꯌꯥꯎꯔꯕ ꯃꯔꯥꯡ ꯀꯥꯏꯅ ꯑꯋꯥꯡꯕ ꯊꯥꯥꯛꯇ ꯁꯦꯝꯗꯨꯅ ꯊꯝꯂꯕ ꯁꯦꯟꯐꯝ ꯑꯃ ꯃꯥꯡꯖꯧꯅꯅ ꯄꯤꯕ ꯌꯥꯏ꯫","ꯑꯅꯧꯕ    ꯊꯧꯑꯣꯡ    ꯑꯁꯤꯗ,    ꯀꯥꯡꯂꯨꯞ ꯁꯤꯡꯒ    ꯄꯥꯎ ꯇ ꯛ    ꯂꯧꯅꯩ    ꯑꯃꯁꯨꯡ    ꯇꯥꯛ ꯄꯤ    ꯇꯝꯕꯤ ,    ꯑꯃꯁꯨꯡ    ꯁꯤꯖꯤꯟꯅ ꯒꯗꯧ ꯕꯁꯤꯡꯅ    ꯊꯕꯛ    ꯄꯥꯡꯊꯣꯛꯄ    ꯑꯃꯁꯨꯡ    ꯌꯦꯡꯁꯤꯟ ꯕꯒꯤ    ꯃꯃꯜ    ꯌꯥꯎ ꯔꯕ    ꯃꯔꯥꯡ    ꯀꯥꯏꯅ    ꯑꯋꯥꯡꯕ    ꯊꯥ ꯥꯛꯇ    ꯁꯦꯝ ꯗꯨꯅ    ꯊꯝ ꯂꯕ    ꯁꯦꯟꯐꯝ    ꯑꯃ    ꯃꯥꯡꯖꯧꯅꯅ    ꯄꯤꯕ    ꯌꯥꯏ꯫ ",148,40
1074,"ꯕꯤꯔꯦ ꯕꯔ꯭ꯗꯅ, ꯱꯹꯷꯱-꯱꯹꯷꯶ꯀꯤ ꯃꯇꯝꯗ ꯄ꯭ꯔꯣꯒ꯭ꯔꯦꯁꯤꯐ ꯂꯦꯕꯔ ꯃꯨꯐꯃꯦꯟꯇ (ꯄꯤꯑꯦꯜꯑꯦꯝ)ꯅ ꯃꯍꯥꯛꯀꯤ ꯄꯥꯔꯇꯤ ꯃꯥꯏꯊꯤꯕ ꯄꯤꯈꯤꯕ ꯅꯠꯇꯅ, ꯏꯪ ꯱꯹꯸꯱ ꯗꯒꯤ ꯱꯹꯹꯴ ꯐꯥꯎꯕ ꯄ꯭ꯔꯙꯥꯟ ꯃꯟꯇ꯭ꯔꯤ ꯑꯃꯁꯨꯡ ꯱꯹꯶꯰ ꯗꯒꯤ ꯱꯹꯸꯱ ꯐꯥꯎꯕ ꯑꯦꯟꯇꯤꯒꯨꯋꯥꯒꯤ ꯃꯨꯈ꯭ꯌꯥ ꯃꯥꯟꯇ꯭ꯔꯤ ꯑꯣꯏꯈꯤ꯫","ꯕꯤ ꯔꯦ    ꯕꯔ ꯭ ꯗꯅ,    ꯱꯹꯷ ꯱ - ꯱꯹꯷ ꯶ꯀꯤ    ꯃꯇꯝꯗ    ꯄ꯭ꯔꯣ ꯒ꯭ꯔꯦ ꯁꯤ ꯐ    ꯂꯦ ꯕꯔ    ꯃꯨ ꯐ ꯃꯦꯟ ꯇ    ( ꯄꯤ ꯑꯦꯜ ꯑꯦꯝ )ꯅ    ꯃꯍꯥꯛꯀꯤ    ꯄꯥꯔꯇꯤ    ꯃꯥꯏꯊꯤꯕ    ꯄꯤꯈꯤꯕ    ꯅꯠꯇꯅ,    ꯏꯪ    ꯱꯹꯸ ꯱    ꯗꯒꯤ    ꯱꯹꯹ ꯴    ꯐꯥꯎꯕ    ꯄ꯭ꯔꯙꯥꯟ    ꯃꯟꯇ꯭ꯔꯤ    ꯑꯃꯁꯨꯡ    ꯱꯹꯶ ꯰    ꯗꯒꯤ    ꯱꯹꯸ ꯱    ꯐꯥꯎꯕ    ꯑꯦꯟꯇꯤ ꯒꯨ ꯋꯥꯒꯤ    ꯃꯨꯈ ꯭ꯌꯥ    ꯃꯥꯟ ꯇ꯭ꯔꯤ    ꯑꯣꯏꯈꯤ꯫ ",164,55
1075,"ꯑꯗꯨꯕꯨ ꯑꯅꯧꯕ ꯁꯔꯀꯥꯔ ꯑꯗꯨꯅ ꯃꯈꯣꯏꯒꯤ ꯀꯥꯡꯂꯣꯟ ꯅꯥꯏꯕ ꯑꯗꯨ ꯂꯤꯡꯈꯠꯄ ꯉꯝꯈꯤꯗꯦ, ꯑꯃꯁꯨꯡ ꯃꯈꯣꯏꯒꯤ ꯁꯦꯟꯊꯨꯝꯒꯤ ꯁꯧꯒꯠꯄ ꯑꯌꯥꯝꯕ ꯃꯥꯡꯍꯟꯈꯤ, ꯃꯐꯝ ꯑꯗꯨꯒꯤ ꯑꯃꯁꯨꯡ ꯃꯌꯥꯏ ꯑꯣꯏꯔꯞ ꯇꯧꯕ ꯂꯨꯆꯤꯡꯕ ꯑꯃꯁꯨꯡ ꯃꯈꯣꯏꯒꯤ ꯂꯥꯟꯃꯤꯁꯤꯡ ꯃꯈꯣꯏ ꯃꯁꯦꯟ ꯐꯨꯅꯕꯗ ꯅꯠꯇꯅ ꯁꯛꯇꯤ ꯑꯃꯁꯨꯡ ꯁꯦꯟꯗꯣꯡꯒꯤꯗꯃꯛꯇ ꯃꯈꯣꯏꯒꯤ ꯁꯥꯡꯂꯕ ꯆꯌꯦꯠꯅꯕ ꯑꯗꯨꯗ ꯃꯊꯣꯡ ꯆꯥꯗꯕ ꯊꯕꯛ ꯃꯌꯥꯝ ꯑꯃ ꯇꯧꯕꯗ ꯇꯥꯔꯛꯈꯤ꯫","ꯑꯗꯨꯕꯨ    ꯑꯅꯧꯕ    ꯁꯔꯀꯥꯔ   ꯑꯗꯨꯅ    ꯃꯈꯣꯏꯒꯤ    ꯀꯥꯡꯂꯣꯟ    ꯅꯥꯏꯕ    ꯑꯗꯨ    ꯂꯤꯡꯈꯠ ꯄ    ꯉꯝ ꯈꯤꯗꯦ,    ꯑꯃꯁꯨꯡ    ꯃꯈꯣꯏꯒꯤ    ꯁꯦꯟ ꯊꯨꯝꯒꯤ    ꯁꯧꯒꯠꯄ    ꯑꯌꯥꯝꯕ    ꯃꯥꯡ ꯍꯟꯈꯤ,    ꯃꯐꯝ    ꯑꯗꯨꯒꯤ    ꯑꯃꯁꯨꯡ    ꯃꯌꯥꯏ    ꯑꯣꯏꯔ ꯞ    ꯇꯧꯕ    ꯂꯨꯆꯤꯡꯕ    ꯑꯃꯁꯨꯡ    ꯃꯈꯣꯏꯒꯤ    ꯂꯥꯟꯃꯤꯁꯤꯡ    ꯃꯈꯣꯏ    ꯃ ꯁꯦꯟ    ꯐꯨ ꯅꯕꯗ    ꯅꯠꯇꯅ    ꯁꯛꯇꯤ    ꯑꯃꯁꯨꯡ    ꯁꯦꯟꯗ ꯣꯡ ꯒꯤꯗꯃꯛꯇ    ꯃꯈꯣꯏꯒꯤ    ꯁꯥꯡꯂꯕ    ꯆ ꯌꯦꯠꯅꯕ    ꯑꯗꯨꯗ    ꯃ ꯊꯣꯡ    ꯆꯥ ꯗꯕ    ꯊꯕꯛ    ꯃꯌꯥꯝ    ꯑꯃ    ꯇꯧꯕꯗ    ꯇꯥꯔꯛ ꯈꯤ꯫ ",224,57
1076,"ꯚꯥꯔꯠꯇ ꯑꯣꯜ ꯁ꯭ꯇꯦꯠ ꯑꯦꯗꯃꯤꯅꯤꯁꯇ꯭ꯔꯦꯇꯤꯕ ꯁꯔꯕꯤꯁꯦꯁ ꯐꯝꯅꯥꯏꯕꯁꯤꯡ ꯑꯁꯤ ꯑꯦꯁꯤꯁꯇꯦꯟꯇ ꯀꯂꯦꯛꯇꯣꯔꯁ ꯅꯠꯇ꯭ꯔꯒ ꯚꯥꯔꯠꯀꯤ ꯖꯤꯂꯥ ꯃꯆꯥ ꯃꯆꯥꯁꯤꯡꯗ ꯁꯕꯗꯤꯁꯇ꯭ꯔꯤꯛ ꯃꯦꯒꯤꯁꯇ꯭ꯔꯦꯠ ꯑꯣꯏꯅ, ꯃ꯭ꯌꯨꯅꯤꯁꯤꯄꯥꯜ ꯀꯣꯔꯄꯣꯔꯦꯁꯟ ꯀꯌꯥꯗ, ꯅꯣꯇꯤꯐꯥꯏꯗ ꯑꯦꯔꯤꯌꯥ ꯀꯥꯎꯟꯁꯤꯜꯁꯤꯡꯗ, ꯃ꯭ꯌꯨꯅꯤꯁꯤꯄꯥꯜ ꯀꯥꯎꯟꯁꯤꯜꯁꯤꯡꯗ, ꯖꯤꯂꯥ ꯄꯥꯔꯤꯁꯗꯁꯤꯡꯒꯤꯗ, ꯕ꯭ꯂꯣꯛ ꯄꯥꯔꯤꯁꯗꯁꯤꯡꯗ ꯑꯃꯁꯨꯡ ꯈꯨꯡꯒꯪ ꯄꯟꯆꯥꯌꯠꯁꯤꯡꯗ ꯋꯥꯔꯗ ꯑꯣꯐꯤꯁꯔ ꯑꯣꯏꯅ ꯑꯃꯁꯨꯡ ꯏ꯭ꯇꯦꯠ ꯁꯦꯀ꯭ꯔꯦꯇꯔꯤꯌꯦꯠ ꯀꯌꯥꯗ ꯑꯟꯗꯔ ꯁꯦꯀ꯭ꯔꯦꯇꯥꯔꯤ ꯑꯣꯏꯅ ꯊꯕꯛ ꯇꯥꯕ ꯂꯝ ꯑꯗꯨꯒꯤ ꯁꯔꯀꯥꯔꯒꯤ ꯊꯕꯛ ꯇꯧꯕꯁꯤꯡꯅꯤ꯫","ꯚꯥꯔꯠꯇ    ꯑꯣ ꯜ    ꯁ꯭ꯇꯦꯠ    ꯑꯦꯗ ꯃꯤꯅꯤ ꯁꯇ꯭ꯔꯦ ꯇꯤꯕ    ꯁꯔꯕꯤ ꯁ ꯦꯁ    ꯐꯝ ꯅꯥꯏ ꯕꯁꯤꯡ    ꯑꯁꯤ    ꯑꯦꯁꯤ ꯁꯇ ꯦꯟ ꯇ    ꯀ ꯂꯦꯛ ꯇꯣꯔ ꯁ    ꯅꯠꯇ꯭ꯔꯒ    ꯚꯥꯔꯠꯀꯤ    ꯖꯤꯂꯥ    ꯃꯆꯥ    ꯃꯆꯥ ꯁꯤꯡꯗ    ꯁꯕ ꯗꯤꯁꯇ꯭ꯔꯤ ꯛ    ꯃꯦ ꯒꯤ ꯁꯇ꯭ꯔꯦ ꯠ    ꯑꯣꯏꯅ,    ꯃ꯭ꯌꯨꯅꯤꯁꯤ ꯄꯥꯜ    ꯀꯣꯔꯄꯣꯔꯦꯁꯟ    ꯀꯌꯥ ꯗ,    ꯅꯣ ꯇꯤ ꯐꯥꯏ ꯗ    ꯑꯦ ꯔꯤꯌꯥ    ꯀꯥꯎꯟꯁꯤ ꯜ ꯁꯤꯡꯗ,    ꯃ꯭ꯌꯨꯅꯤꯁꯤ ꯄꯥꯜ    ꯀꯥꯎꯟꯁꯤ ꯜ ꯁꯤꯡꯗ,    ꯖꯤꯂꯥ    ꯄꯥꯔꯤ ꯁ ꯗ ꯁꯤꯡ ꯒꯤꯗ ,    ꯕ꯭ ꯂꯣꯛ    ꯄꯥꯔꯤ ꯁ ꯗ ꯁꯤꯡꯗ    ꯑꯃꯁꯨꯡ    ꯈꯨꯡꯒꯪ    ꯄꯟꯆꯥꯌ ꯠꯁꯤꯡꯗ    ꯋꯥꯔꯗ    ꯑꯣꯐꯤꯁꯔ    ꯑꯣꯏꯅ    ꯑꯃꯁꯨꯡ    ꯏ ꯭ ꯇꯦꯠ    ꯁꯦꯀ꯭ꯔꯦ ꯇ ꯔꯤ ꯌꯦꯠ    ꯀꯌꯥꯗ    ꯑꯟꯗ ꯔ    ꯁꯦꯀ꯭ꯔꯦ ꯇꯥꯔ ꯤ    ꯑꯣꯏꯅ    ꯊꯕꯛ    ꯇꯥꯕ    ꯂꯝ    ꯑꯗꯨꯒꯤ    ꯁꯔꯀꯥꯔꯒꯤ    ꯊꯕꯛ    ꯇꯧꯕ ꯁꯤꯡꯅꯤ꯫ ",331,99
1077,"ꯏꯪ ꯲꯰꯱꯸ꯒꯤ ꯔꯤꯚ꯭ꯌꯨ ꯑꯃꯅ ꯃꯦꯗꯤꯇꯔꯦꯅꯤꯌꯟꯒꯨꯝꯂꯕ ꯆꯤꯟꯖꯥꯛ ꯑꯃꯅ ꯑꯄꯨꯟꯕ ꯍꯛꯁꯦꯜꯒꯤ ꯐꯤꯚꯝ ꯐꯒꯠꯍꯟꯕ ꯌꯥꯏ, ꯍꯥꯏꯕꯗꯤ ꯂꯧꯅꯒꯟꯗꯕ ꯂꯥꯏꯅꯥꯁꯤꯡꯒꯤ ꯅꯥꯕꯒꯤ ꯆꯥꯡ ꯍꯟꯊꯕꯒꯨꯝꯕ, ꯍꯥꯏꯕ ꯎꯠꯈꯤ꯫","ꯏꯪ    ꯲꯰꯱꯸ꯒꯤ    ꯔꯤꯚ ꯭ꯌꯨ    ꯑꯃꯅ    ꯃꯦꯗꯤ ꯇꯔꯦ ꯅꯤ ꯌꯟ ꯒꯨꯝ ꯂꯕ    ꯆꯤꯟꯖꯥꯛ    ꯑꯃꯅ    ꯑꯄꯨꯟꯕ    ꯍꯛ ꯁꯦꯜꯒꯤ    ꯐꯤꯚꯝ    ꯐꯒꯠ ꯍꯟꯕ    ꯌꯥꯏ,    ꯍꯥꯏꯕꯗꯤ    ꯂꯧ ꯅ ꯒꯟ ꯗꯕ    ꯂꯥꯏ ꯅꯥ ꯁꯤꯡꯒꯤ    ꯅꯥ ꯕꯒꯤ    ꯆꯥꯡ    ꯍꯟ ꯊꯕ ꯒꯨꯝ ꯕ,    ꯍꯥꯏꯕ    ꯎꯠꯈꯤ꯫ ",117,37
1078,ꯕ꯭ꯂꯗ ꯇꯦꯁꯠ ꯑꯁꯤ ꯃꯍꯧꯁꯥꯅ ꯀꯥꯔꯗꯤꯑꯦꯛ ꯇ꯭ꯔꯣꯄꯣꯅꯤꯟꯁꯤꯡꯒꯤꯗꯃꯛꯇ ꯑꯅꯥꯕ ꯑꯗꯨ ꯍꯧꯔꯛꯄ ꯄꯨꯡ ꯇꯔꯥꯅꯤꯊꯣꯏꯒꯤ ꯃꯇꯨꯡꯗ ꯄꯥꯡꯊꯣꯛꯏ꯫,ꯕ꯭ ꯂ ꯗ    ꯇꯦꯁꯠ    ꯑꯁꯤ    ꯃꯍꯧꯁꯥꯅ    ꯀꯥꯔ ꯗꯤ ꯑꯦ ꯛ    ꯇ꯭ꯔꯣ ꯄꯣ ꯅꯤꯟ ꯁꯤꯡꯒꯤꯗꯃꯛꯇ    ꯑꯅꯥꯕ    ꯑꯗꯨ    ꯍꯧꯔꯛꯄ    ꯄꯨꯡ    ꯇꯔꯥ ꯅꯤ ꯊꯣꯏ ꯒꯤ    ꯃꯇꯨꯡꯗ    ꯄꯥꯡꯊꯣꯛꯏ꯫ ,81,24
1079,"ꯃꯁꯤ ꯑꯍꯤꯡꯕ ꯄꯥꯝꯕꯤ ꯅꯠꯇ꯭ꯔꯒ ꯁꯥ-ꯉꯥ ꯑꯃꯒꯤ ꯃꯅꯨꯡꯗ ꯍꯧꯔꯛꯄ (ꯍꯥꯏꯕꯗꯤ, ꯑꯦꯟꯗꯣꯖꯤꯅꯁ) ꯑꯃꯗꯤ ꯑꯀꯣꯏꯕꯒꯤ ꯐꯤꯚꯝꯗ ꯔꯦꯁꯄꯣꯟ ꯇꯧꯕ (ꯑꯀꯣꯏꯕꯒꯤ ꯐꯤꯚꯝꯅ ꯌꯣꯛꯈꯠꯄ) ꯊꯧꯑꯣꯡ ꯑꯃꯍꯦꯛꯇꯕꯨ ꯈꯪꯅꯕ ꯌꯥꯏ꯫","ꯃꯁꯤ    ꯑ ꯍꯤꯡ ꯕ    ꯄꯥꯝꯕꯤ    ꯅꯠꯇ꯭ꯔꯒ    ꯁꯥ- ꯉꯥ    ꯑꯃꯒꯤ    ꯃꯅꯨꯡꯗ    ꯍꯧꯔꯛꯄ    ( ꯍꯥꯏꯕ ꯗꯤ,    ꯑꯦꯟ ꯗꯣ ꯖꯤ ꯅ ꯁ )    ꯑꯃꯗꯤ    ꯑꯀꯣꯏꯕꯒꯤ    ꯐꯤꯚ ꯝꯗ    ꯔꯦꯁ ꯄꯣ ꯟ    ꯇꯧꯕ    ( ꯑꯀꯣꯏꯕꯒꯤ    ꯐꯤꯚ ꯝꯅ    ꯌꯣꯛꯈꯠ ꯄ )    ꯊꯧꯑꯣꯡ    ꯑꯃꯍꯦꯛꯇ ꯕꯨ    ꯈꯪꯅꯕ    ꯌꯥꯏ꯫ ",122,40
1080,ꯗꯦꯕꯤꯗ ꯏꯤ,ꯗꯦꯕꯤ ꯗ    ꯏ ꯤ ,7,4
1081,"ꯅꯤꯀꯣꯜ꯭ꯁꯀꯤ ꯃꯇꯨꯡ ꯏꯟꯅ, ""ꯐꯥꯔꯃꯥꯁꯨꯇꯤꯀꯦꯜ ꯏꯟꯗꯁꯇꯔꯤꯗ ꯊꯕꯛ ꯇꯧꯃꯤꯟꯅꯕ ꯃꯤ ꯀꯌꯥꯒ ꯈꯟꯅ ꯅꯩꯅꯕꯁꯤꯡꯅ ꯑꯩꯍꯥꯛꯄꯨ ꯀꯥꯔꯤꯒꯨꯝꯕ ꯑꯅꯧꯕ ꯍꯤꯗꯥꯛ ꯑꯃ ꯆꯥꯡꯌꯦꯡ ꯇꯧꯕꯗ ꯁꯦꯔꯣꯇꯣꯅꯤꯟ ꯵-ꯑꯊꯇꯤ꯲ꯑꯦ ꯑꯦꯒꯣꯅꯤꯁꯠ ꯊꯧꯋꯣꯡ ꯊꯣꯛꯄ ꯊꯦꯡꯅꯔꯕꯗꯤ, ꯃꯗꯨꯒꯤ ꯃꯣꯂꯤꯀꯌꯨꯜ ꯑꯗꯨ ꯃꯈꯥ ꯇꯥꯟꯅ ꯁꯦꯝꯒꯠꯄ ꯑꯗꯨ ꯂꯦꯞꯅꯅꯕ ꯏꯡꯒꯤꯠ ꯇꯧꯕꯅꯤ ꯍꯥꯏꯅ ꯇꯝꯈꯤ""꯫","ꯅꯤ ꯀꯣꯜ ꯭ꯁꯀꯤ    ꯃꯇꯨꯡ    ꯏꯟꯅ,    "" ꯐꯥꯔ ꯃꯥ ꯁꯨ ꯇꯤ ꯀꯦꯜ    ꯏꯟꯗ ꯁꯇ ꯔꯤꯗ    ꯊꯕꯛ    ꯇꯧꯃꯤꯟ ꯅꯕ    ꯃꯤ    ꯀꯌꯥꯒ    ꯈ ꯟꯅ    ꯅꯩꯅꯕ ꯁꯤꯡꯅ    ꯑꯩꯍꯥꯛ ꯄꯨ    ꯀꯥꯔ ꯤ ꯒꯨꯝꯕ    ꯑꯅꯧꯕ    ꯍꯤꯗ ꯥꯛ    ꯑꯃ    ꯆꯥꯡꯌꯦꯡ    ꯇꯧꯕꯗ    ꯁꯦ ꯔꯣ ꯇꯣ ꯅꯤ ꯟ    ꯵ -ꯑ ꯊ ꯇꯤ ꯲ ꯑꯦ    ꯑꯦ ꯒꯣ ꯅꯤ ꯁꯠ    ꯊꯧ ꯋꯣꯡ    ꯊꯣꯛꯄ    ꯊꯦꯡꯅ ꯔꯕꯗꯤ,    ꯃꯗꯨꯒꯤ    ꯃꯣ ꯂꯤ ꯀ ꯌꯨ ꯜ    ꯑꯗꯨ    ꯃꯈꯥ    ꯇꯥꯟ ꯅ    ꯁꯦꯝꯒꯠꯄ    ꯑꯗꯨ    ꯂꯦꯞ ꯅꯅꯕ    ꯏ ꯡ ꯒꯤ ꯠ    ꯇꯧꯕ ꯅꯤ    ꯍꯥꯏꯅ    ꯇꯝ ꯈꯤ "" ꯫ ",203,79
1082,ꯑꯈꯟꯅꯕ ꯑꯥꯏ,ꯑꯈꯟꯅꯕ    ꯑ ꯥꯏ ,8,3
1083,ꯖꯤ,ꯖꯤ ,2,1
1084,ꯏ,ꯏ ,1,1
1085,"ꯒꯤꯗꯃꯛ ꯕ꯭ꯂꯗ ꯇꯦꯁꯠ ꯇꯧꯕ ꯑꯁꯤꯅ ꯁꯪꯒꯣꯝ, ꯌꯦꯔꯨꯝ, ꯂꯩꯕꯥꯛ ꯍꯋꯥꯏ, ꯇ꯭ꯔꯤ ꯅꯠ ꯑꯃꯗꯤ ꯉꯥꯒꯤ ꯑꯦꯂꯔꯖꯤꯁꯤꯡ ꯂꯩꯕ꯭ꯔ ꯆꯥꯡꯌꯦꯡ ꯇꯧꯕꯗ ꯀꯥꯟꯅꯕ ꯌꯥꯏ꯫","ꯒꯤꯗꯃꯛ    ꯕ꯭ ꯂ ꯗ    ꯇꯦꯁꯠ    ꯇꯧꯕ    ꯑꯁꯤꯅ    ꯁꯪ ꯒꯣ ꯝ,    ꯌꯦ ꯔ ꯨꯝ ,    ꯂꯩꯕꯥꯛ    ꯍꯋꯥꯏ ,    ꯇ꯭ꯔꯤ    ꯅ ꯠ    ꯑꯃꯗꯤ    ꯉ ꯥꯒꯤ    ꯑꯦ ꯂꯔ ꯖꯤ ꯁꯤꯡ    ꯂꯩꯕ ꯭ꯔ   ꯆꯥꯡꯌꯦꯡ    ꯇꯧꯕꯗ    ꯀꯥꯟꯅꯕ    ꯌꯥꯏ꯫ ",89,33
1086,"ꯕꯦꯡꯒꯂꯣꯔꯒꯤ ꯐꯤꯖꯤꯀꯦꯜ, ꯕꯥꯏꯑꯣꯂꯣꯖꯤꯀꯦꯜ ꯑꯃꯗꯤ ꯈꯨꯟꯅꯥꯏ ꯑꯃꯗꯤ ꯁꯦꯟꯃꯤꯠꯂꯣꯟꯒꯤ ꯄꯦꯔꯥꯃꯤꯇꯔꯁꯤꯡꯒꯤ ꯏꯪ ꯲꯰꯰꯳ꯗ ꯕꯇꯦꯜ ꯑꯦꯟꯚꯥꯏꯔꯟꯃꯦꯟꯇꯦꯜ ꯏꯚꯥꯂꯨꯑꯦꯁꯟ ꯁꯤꯁꯇꯦꯝ (ꯕꯤ","ꯕꯦꯡꯒ ꯂꯣ ꯔꯒꯤ    ꯐꯤꯖꯤ ꯀꯦ ꯜ,    ꯕꯥꯏꯑꯣ ꯂꯣꯖꯤꯀꯦꯜ    ꯑꯃꯗꯤ    ꯈꯨꯟ ꯅꯥꯏ    ꯑꯃꯗꯤ    ꯁꯦꯟꯃꯤꯠꯂꯣꯟꯒꯤ    ꯄꯦꯔꯥ ꯃꯤ ꯇꯔ ꯁꯤꯡꯒꯤ    ꯏꯪ    ꯲꯰꯰ ꯳ꯗ    ꯕ ꯇꯦꯜ    ꯑꯦꯟ ꯚꯥꯏ ꯔꯟ ꯃꯦꯟ ꯇꯦꯜ    ꯏ ꯚꯥ ꯂꯨ ꯑꯦꯁ ꯟ    ꯁꯤꯁꯇꯦꯝ    ( ꯕꯤ ",110,35
1087,ꯏ,ꯏ ,1,1
1088,ꯏ,ꯏ ,1,1
1089,ꯑꯦꯁ,ꯑꯦꯁ,3,1
1090,")ꯅ ꯃꯇꯤꯛ-ꯃꯌꯥꯏ ꯆꯥꯡ ꯂꯦꯞꯄ ꯑꯃꯅ ꯕꯦꯡꯒꯂꯣꯔꯒꯤ ꯏꯁꯤꯡ ꯐꯕꯒꯤ ꯆꯥꯡ ꯑꯃꯗꯤ ꯀꯪꯐꯥꯜꯒꯤ ꯑꯃꯗꯤ ꯏꯁꯤꯡꯒꯤ ꯈꯜꯁꯤꯡ ꯑꯗꯨ ꯈ꯭ꯋꯥꯏꯗꯒꯤ ꯐꯕ ꯆꯥꯡꯒ ꯅꯛꯅ ꯂꯩ, ꯑꯗꯨꯒ ꯁꯍꯔ ꯑꯁꯤꯒꯤ ꯈꯨꯟꯅꯥꯏ ꯑꯃꯗꯤ ꯁꯦꯟꯃꯤꯠꯂꯣꯟꯒꯤ ꯄꯦꯔꯥꯃꯤꯇꯔꯁꯤꯡ (ꯇ꯭ꯔꯥꯐꯤꯛ, ꯄꯨꯟꯁꯤꯒꯤ ꯃꯒꯨꯟ) ꯅꯨꯡꯁꯤꯠ ꯐꯕꯒꯤ ꯆꯥꯡ ꯑꯃꯗꯤ ꯅꯣꯏꯁ ꯄꯣꯂꯨꯁꯟ ꯑꯗꯨ ꯐꯠꯂꯝꯗꯦ꯫",")ꯅ    ꯃꯇꯤ ꯛ- ꯃꯌꯥꯏ    ꯆꯥꯡ    ꯂꯦꯞꯄ    ꯑꯃꯅ    ꯕꯦꯡꯒ ꯂꯣ ꯔꯒꯤ    ꯏꯁꯤꯡ    ꯐ ꯕꯒꯤ    ꯆꯥꯡ    ꯑꯃꯗꯤ    ꯀꯪ ꯐꯥ ꯜꯒꯤ    ꯑꯃꯗꯤ    ꯏꯁꯤꯡꯒꯤ    ꯈ ꯜꯁꯤꯡ    ꯑꯗꯨ    ꯈ꯭ꯋꯥꯏꯗꯒꯤ    ꯐꯕ    ꯆꯥꯡ ꯒ    ꯅ ꯛꯅ    ꯂꯩ,    ꯑꯗꯨꯒ    ꯁꯍꯔ    ꯑꯁꯤꯒꯤ    ꯈꯨꯟ ꯅꯥꯏ    ꯑꯃꯗꯤ    ꯁꯦꯟꯃꯤꯠꯂꯣꯟꯒꯤ    ꯄꯦꯔꯥ ꯃꯤ ꯇꯔꯁꯤꯡ    ( ꯇ꯭ꯔꯥ ꯐꯤ ꯛ,    ꯄꯨꯟꯁꯤꯒꯤ    ꯃ ꯒꯨ ꯟ )    ꯅꯨꯡꯁꯤꯠ    ꯐ ꯕꯒꯤ    ꯆꯥꯡ    ꯑꯃꯗꯤ    ꯅ ꯣꯏ ꯁ    ꯄꯣ ꯂꯨ ꯁꯟ    ꯑꯗꯨ    ꯐ ꯠ ꯂꯝ ꯗꯦ꯫ ",192,65
1091,ꯄ꯭ꯌꯨꯗꯦꯟꯗꯜ ꯅꯔꯕ ꯑꯁꯤꯅ ꯄꯦꯜꯕꯤꯛ ꯃꯁꯜꯁꯤꯡ ꯏꯟꯅꯔꯕꯦꯠ ꯇꯧꯕ ꯃꯣꯇꯣꯔ ꯑꯃꯗꯤ ꯁꯦꯟꯁꯔꯤ ꯐꯥꯏꯕꯔꯁꯤꯡ ꯄꯨꯕꯅ ꯃꯔꯝ ꯑꯣꯏꯗꯨꯅ ꯄ꯭ꯌꯨꯗꯦꯟꯗꯜ ꯅꯔꯕ ꯕ꯭ꯂꯣꯛ ꯑꯃꯅ ꯑꯉꯥꯡ ꯄꯣꯛꯄꯒꯤ ꯑꯅꯥꯕ ꯑꯗꯨ ꯀꯣꯛꯍꯜꯂꯤ꯫,ꯄ ꯭ꯌꯨ ꯗꯦꯟ ꯗꯜ    ꯅꯔꯕ    ꯑꯁꯤꯅ    ꯄꯦ ꯜ ꯕꯤ ꯛ    ꯃꯁ ꯜꯁꯤꯡ    ꯏꯟ ꯅꯔ ꯕꯦꯠ    ꯇꯧꯕ    ꯃꯣ ꯇꯣꯔ    ꯑꯃꯗꯤ    ꯁꯦꯟ ꯁꯔ ꯤ    ꯐꯥꯏ ꯕꯔ ꯁꯤꯡ    ꯄꯨ ꯕꯅ    ꯃꯔꯝ    ꯑꯣꯏꯗꯨꯅ    ꯄ ꯭ꯌꯨ ꯗꯦꯟ ꯗꯜ    ꯅꯔꯕ    ꯕ꯭ ꯂꯣꯛ    ꯑꯃꯅ    ꯑꯉꯥꯡ    ꯄꯣꯛ ꯄꯒꯤ    ꯑꯅꯥꯕ    ꯑꯗꯨ    ꯀꯣꯛ ꯍꯜꯂꯤ꯫ ,119,44
1092,"ꯃꯁꯤ ꯎꯟꯁꯥꯒꯤ ꯏꯄꯤꯗꯔꯃꯤꯁꯇ ꯆꯨꯞꯁꯤꯜꯂꯤ, ꯃꯗꯨꯗ ꯃꯁꯤꯅ ꯑꯁꯥꯕ ꯑꯃꯗꯤ ꯑꯏꯪꯕꯗ ꯁꯦꯟꯁꯤꯇꯤꯕ ꯑꯣꯏꯕ ꯅꯔꯕ ꯑꯦꯟꯗꯤꯡꯁꯤꯡ ꯊꯣꯛꯍꯜꯂꯤ, ꯀꯟꯊꯤ-ꯊꯣꯛꯅ ꯇꯩꯕ ꯃꯇꯝꯗ ꯂꯨꯝꯕꯨ-ꯂꯨꯝꯕꯨ ꯁꯥꯕ ꯐꯥꯎꯕ ꯑꯃ ꯅꯠꯇ꯭ꯔꯒ ꯇꯞꯅ ꯇꯩꯕ ꯃꯇꯝꯗ ꯏꯪꯕ ꯐꯥꯎꯕ ꯑꯃ ꯄꯨꯊꯣꯛꯏ, ꯃꯁꯤꯅ ꯃꯁꯤꯒꯤ ꯀꯥꯎꯟꯇꯔꯏꯔꯤꯇꯦꯟꯇ ꯑꯃ ꯑꯣꯏꯕꯒꯤ ꯃꯒꯨꯟꯁꯤꯡꯗꯨ ꯇꯥꯛꯏ꯫","ꯃꯁꯤ    ꯎꯟ ꯁꯥꯒꯤ    ꯏ ꯄꯤ ꯗꯔ ꯃꯤ ꯁꯇ    ꯆꯨꯞ ꯁꯤ ꯜꯂꯤ,    ꯃꯗꯨꯗ    ꯃꯁꯤꯅ    ꯑ ꯁꯥꯕ    ꯑꯃꯗꯤ    ꯑꯏꯪ ꯕꯗ    ꯁꯦꯟ ꯁꯤ ꯇꯤꯕ    ꯑꯣꯏꯕ    ꯅꯔꯕ    ꯑꯦꯟ ꯗꯤꯡ ꯁꯤꯡ    ꯊꯣꯛ ꯍꯜꯂꯤ,    ꯀꯟ ꯊꯤ - ꯊꯣꯛꯅ    ꯇꯩ ꯕ    ꯃꯇꯝꯗ    ꯂ ꯨꯝ ꯕꯨ - ꯂ ꯨꯝ ꯕꯨ    ꯁꯥꯕ    ꯐꯥꯎꯕ    ꯑꯃ    ꯅꯠꯇ꯭ꯔꯒ    ꯇꯞꯅ    ꯇꯩ ꯕ    ꯃꯇꯝꯗ    ꯏꯪ ꯕ    ꯐꯥꯎꯕ    ꯑꯃ    ꯄꯨꯊꯣꯛ ꯏ,    ꯃꯁꯤꯅ    ꯃꯁꯤꯒꯤ    ꯀꯥꯎꯟ ꯇꯔ ꯏ ꯔꯤ ꯇꯦꯟ ꯇ    ꯑꯃ    ꯑꯣꯏꯕꯒꯤ    ꯃ ꯒꯨ ꯟ ꯁꯤꯡꯗꯨ    ꯇꯥꯛꯏ꯫ ",192,71
1093,ꯎꯔꯥꯜ ꯆꯤꯡꯁꯥꯡꯒꯤ ꯈꯥ ꯊꯪꯕ ꯃꯇꯣꯟꯗ ꯀꯣꯂꯦꯔꯥ ꯏꯪ ꯱꯸꯲꯹ꯗ ꯌꯧꯈꯤ꯫,ꯎ ꯔꯥ ꯜ    ꯆꯤꯡ ꯁꯥꯡ ꯒꯤ    ꯈꯥ    ꯊꯪꯕ    ꯃꯇ ꯣꯟꯗ    ꯀꯣꯂꯦ ꯔꯥ    ꯏꯪ    ꯱꯸ ꯲ ꯹ꯗ    ꯌꯧ ꯈꯤ꯫ ,40,18
1094,ꯀꯣꯂꯥꯖꯦꯟ ꯑꯁꯤ ꯍꯦꯃꯣꯁ꯭ꯇꯦꯠ ꯑꯣꯏꯅ: ꯀꯣꯂꯥꯖꯦꯟꯅ ꯄ꯭ꯂꯦꯠꯂꯦꯠꯁꯤꯡꯒ ꯂꯣꯏꯅꯕ ꯃꯇꯝꯗ ꯃꯁꯤꯅ ꯏ ꯌꯥꯝꯅ ꯊꯨꯅ ꯈꯛꯍꯜꯂꯤ꯫,ꯀꯣ ꯂꯥ ꯖꯦꯟ    ꯑꯁꯤ    ꯍꯦ ꯃꯣ ꯁ꯭ꯇꯦꯠ    ꯑꯣꯏꯅ :    ꯀꯣ ꯂꯥ ꯖꯦꯟ ꯅ    ꯄ꯭ꯂꯦ ꯠ ꯂꯦ ꯠ ꯁꯤꯡꯒ    ꯂꯣꯏꯅꯕ    ꯃꯇꯝꯗ    ꯃꯁꯤꯅ    ꯏ    ꯌꯥꯝꯅ    ꯊꯨꯅ    ꯈ ꯛ ꯍꯜꯂꯤ꯫ ,72,27
1095,"ꯍꯧꯖꯤꯛ ꯁꯤꯖꯤꯟꯅꯔꯤꯕ ꯑꯦꯟꯊ꯭ꯔꯥꯛꯁ ꯚꯦꯛꯁꯤꯟ ꯂꯣꯏꯅꯃꯛꯅ ꯈꯟꯅꯅꯤꯡꯉꯥꯏ ꯑꯣꯏꯕ ꯂꯣꯀꯦꯜ ꯑꯃꯗꯤ ꯖꯦꯅꯔꯦꯜ ꯔꯤꯑꯦꯛꯇꯣꯖꯦꯅꯤꯁꯤꯇꯤ (ꯏꯔꯤꯊꯤꯃꯥ, ꯏꯟꯗ꯭ꯌꯨꯔꯦꯁꯟ, ꯅꯥꯕ ꯑꯃꯗꯤ ꯂꯥꯏꯍꯧ) ꯑꯃꯗꯤ ꯀꯥꯞꯈꯤꯕꯁꯤꯡꯗ ꯆꯥꯎꯔꯥꯛꯅ ꯆꯥꯗ ꯱ꯗ ꯁꯥꯊꯤꯕ ꯈꯨꯗꯣꯡꯊꯤꯕ ꯔꯤꯑꯦꯛꯁꯟꯁꯤꯡ ꯊꯣꯛꯏ꯫","ꯍꯧꯖꯤꯛ    ꯁꯤꯖꯤꯟꯅꯔꯤꯕ    ꯑꯦꯟ ꯊ꯭ꯔ ꯥꯛ ꯁ    ꯚꯦ ꯛ ꯁꯤꯟ    ꯂꯣꯏꯅ ꯃꯛꯅ    ꯈꯟꯅ ꯅꯤꯡꯉꯥꯏ    ꯑꯣꯏꯕ    ꯂꯣ ꯀꯦꯜ    ꯑꯃꯗꯤ    ꯖꯦꯅꯔꯦꯜ    ꯔꯤ ꯑꯦꯛ ꯇꯣ ꯖꯦ ꯅꯤ ꯁꯤꯇꯤ    ( ꯏ ꯔꯤ ꯊꯤ ꯃꯥ ,    ꯏꯟꯗ ꯭ꯌꯨ ꯔꯦꯁ ꯟ,    ꯅꯥꯕ    ꯑꯃꯗꯤ    ꯂꯥꯏ ꯍꯧ )    ꯑꯃꯗꯤ    ꯀꯥꯞ ꯈꯤꯕ ꯁꯤꯡꯗ    ꯆꯥꯎꯔꯥꯛꯅ    ꯆꯥꯗ    ꯱ꯗ    ꯁꯥꯊꯤꯕ    ꯈꯨꯗꯣꯡꯊꯤꯕ    ꯔꯤ ꯑꯦꯛ ꯁꯟꯁꯤꯡ    ꯊꯣꯛꯏ꯫ ",166,52
1096,"ꯂꯥꯏꯑꯣꯡ ꯂꯦꯞꯄ, ꯁꯥꯊꯤꯕꯒꯤ ꯆꯥꯡ ꯑꯃꯗꯤ ꯃꯤꯑꯣꯏ ꯑꯃꯒꯤ, ꯑꯃꯁꯨꯡ ꯊꯕꯛ ꯑꯗꯨꯃꯛꯀꯤ ꯃꯇꯨꯡ ꯏꯟꯅ, ꯄꯔꯁꯅꯦꯂꯤꯇꯤ ꯗꯤꯁꯑꯣꯔꯗꯔꯁꯤꯡ ꯑꯁꯤ ꯊꯕꯛ ꯅꯠꯇ꯭ꯔꯒ ꯊꯕꯛ ꯃꯐꯝꯁꯤꯡꯒ ꯃꯥꯌꯣꯛꯅꯕ ꯋꯥꯕꯒ ꯃꯔꯤ ꯂꯩꯅꯕ ꯌꯥꯏ, ꯃꯁꯤꯅ ꯃꯤꯑꯣꯏꯕꯒꯤ ꯃꯔꯛꯀꯤ ꯑꯣꯏꯕ ꯃꯔꯤꯁꯤꯡꯗ ꯑꯄꯟꯕ ꯄꯤꯗꯨꯅ ꯑꯇꯣꯞꯄ ꯃꯤꯑꯣꯏꯁꯤꯡꯒ ꯅꯨꯡꯉꯥꯏꯅꯗꯕꯗ ꯇꯥꯔꯛꯄ ꯌꯥꯏ꯫","ꯂꯥꯏꯑꯣ ꯡ    ꯂꯦꯞ ꯄ,    ꯁꯥ ꯊꯤꯕꯒꯤ    ꯆꯥꯡ    ꯑꯃꯗꯤ    ꯃꯤꯑꯣꯏ    ꯑꯃ ꯒꯤ,    ꯑꯃꯁꯨꯡ    ꯊꯕꯛ    ꯑꯗꯨ ꯃꯛꯀꯤ    ꯃꯇꯨꯡ    ꯏꯟꯅ,    ꯄꯔ ꯁ ꯅꯦ ꯂꯤꯇꯤ    ꯗꯤꯁ ꯑꯣꯔ ꯗꯔ ꯁꯤꯡ    ꯑꯁꯤ    ꯊꯕꯛ    ꯅꯠꯇ꯭ꯔꯒ    ꯊꯕꯛ    ꯃꯐꯝ ꯁꯤꯡꯒ    ꯃꯥꯌꯣꯛ ꯅꯕ    ꯋꯥ ꯕꯒ    ꯃꯔꯤ    ꯂꯩꯅꯕ    ꯌꯥꯏ,    ꯃꯁꯤꯅ    ꯃꯤꯑꯣꯏꯕꯒꯤ    ꯃꯔ ꯛꯀꯤ    ꯑꯣꯏꯕ    ꯃꯔꯤ ꯁꯤꯡꯗ    ꯑ ꯄ ꯟꯕ    ꯄꯤꯗꯨꯅ    ꯑꯇꯣꯞꯄ    ꯃꯤꯑꯣꯏ ꯁꯤꯡꯒ    ꯅꯨꯡꯉꯥꯏ ꯅ ꯗ ꯕꯗ    ꯇꯥꯔꯛꯄ    ꯌꯥꯏ꯫ ",192,58
1097,ꯍꯣꯟꯗꯣꯛꯂꯕ ꯔꯦꯁꯄꯤꯔꯦꯇꯔꯤ ꯄꯥꯔꯇꯤꯀꯜꯁꯤꯡ ꯃꯇꯤꯛ ꯆꯥꯗꯕ ꯚꯦꯟꯇꯤꯂꯦꯁꯟ ꯂꯩꯕ ꯈꯥꯖꯤꯟꯕ ꯃꯐꯝꯁꯤꯡꯒꯤ ꯃꯅꯨꯡꯗ ꯄꯩꯁꯜꯂꯛꯄ ꯌꯥꯏ꯫,ꯍꯣꯟ ꯗꯣꯛ ꯂꯕ    ꯔꯦꯁ ꯄꯤ ꯔꯦ ꯇꯔꯤ    ꯄꯥꯔꯇꯤ ꯀ ꯜꯁꯤꯡ    ꯃꯇꯤꯛ    ꯆꯥ ꯗꯕ    ꯚꯦꯟ ꯇꯤ ꯂ ꯦꯁꯟ    ꯂꯩꯕ    ꯈꯥ ꯖꯤꯟꯕ    ꯃꯐꯝꯁꯤꯡꯒꯤ    ꯃꯅꯨꯡꯗ    ꯄꯩ ꯁ ꯜꯂꯛꯄ    ꯌꯥꯏ꯫ ,78,26
1098,ꯇꯥꯃꯤꯐ꯭ꯂꯨ (ꯑꯣꯁꯦꯜꯇꯥꯃꯤꯚꯤꯔ)ꯒꯤ ꯖꯤꯅꯔꯤꯛ ꯚꯔꯖꯟ ꯑꯃ ꯁ꯭ꯋꯥꯏꯟ ꯐ꯭ꯂꯨ ꯑꯦꯇꯦꯛꯁꯤꯡꯒꯤ ꯊꯥ ꯀꯌꯥꯒꯤ ꯃꯇꯨꯡꯗ ꯚꯥꯔꯠꯀꯤ ꯀꯩꯊꯦꯜꯗ ꯐꯪꯍꯟꯈꯤ꯫,ꯇꯥꯃꯤ ꯐ꯭ ꯂꯨ    ( ꯑꯣ ꯁꯦꯜ ꯇꯥꯃꯤ ꯚꯤ ꯔ )ꯒꯤ    ꯖꯤ ꯅ ꯔꯤ ꯛ    ꯚꯔ ꯖꯟ    ꯑꯃ    ꯁ꯭ ꯋꯥꯏ ꯟ    ꯐ꯭ ꯂꯨ    ꯑꯦ ꯇꯦꯛ ꯁꯤꯡꯒꯤ    ꯊꯥ    ꯀꯌꯥꯒꯤ    ꯃꯇꯨꯡꯗ    ꯚꯥꯔꯠꯀꯤ    ꯀꯩꯊꯦ ꯜꯗ    ꯐꯪ ꯍꯟꯈꯤ꯫ ,87,33
1099,ꯀꯥꯟꯅꯅꯤꯉꯥꯏ ꯑꯣꯏꯕ ꯕꯦꯛꯇꯔꯤꯌꯥ ꯆꯥꯗ ꯸꯰-꯸꯵ꯗꯒꯤ ꯁꯣꯛꯍꯟꯕ ꯌꯥꯕ ꯕꯦꯛꯇꯔꯤꯌꯥ ꯆꯥꯗ ꯱꯵-꯲꯰ꯒꯤ ꯔꯦꯁꯤꯑꯣ ꯑꯁꯤ ꯃꯍꯧꯁꯥꯅ ꯊꯤꯕꯣꯡ-ꯊꯤꯔꯤꯟꯁꯤꯡꯒꯤ ꯃꯅꯨꯡꯗ ꯅꯣꯔꯃꯦꯜ ꯑꯣꯏꯅ ꯂꯧꯅꯩ ꯑꯃꯗꯤ ꯍꯣꯃꯤꯑꯣꯁ꯭ꯇꯦꯁꯤꯁ ꯃꯦꯟꯇꯦꯟ ꯇꯧꯋꯤ꯫,ꯀꯥꯟ ꯅ ꯅꯤꯉꯥꯏ    ꯑꯣꯏꯕ    ꯕꯦ ꯛꯇ ꯔꯤꯌꯥ    ꯆꯥꯗ    ꯸ ꯰ - ꯸ ꯵ ꯗꯒꯤ    ꯁꯣꯛ ꯍꯟꯕ    ꯌꯥꯕ    ꯕꯦ ꯛꯇ ꯔꯤꯌꯥ    ꯆꯥꯗ    ꯱꯵ - ꯲꯰ꯒꯤ    ꯔꯦ ꯁꯤ ꯑꯣ    ꯑꯁꯤ    ꯃꯍꯧꯁꯥꯅ    ꯊꯤ ꯕ ꯣꯡ - ꯊꯤ ꯔꯤ ꯟꯁꯤꯡꯒꯤ    ꯃꯅꯨꯡꯗ    ꯅꯣꯔ ꯃꯦꯜ    ꯑꯣꯏꯅ    ꯂꯧꯅꯩ    ꯑꯃꯗꯤ    ꯍꯣ ꯃꯤ ꯑꯣ ꯁ꯭ꯇꯦ ꯁꯤꯁ    ꯃꯦꯟ ꯇꯦꯟ    ꯇꯧꯋꯤ꯫ ,137,50
1100,ꯏꯪ ꯱꯸꯲꯹ꯒꯤ ꯖꯨꯂꯥꯏ ꯱꯳ꯗ ꯕ꯭ꯔꯤꯇꯤꯁꯅ ꯑꯔꯣꯏꯕꯗ ꯃꯐꯝ ꯑꯗꯨ ꯂꯧꯁꯤꯟꯈꯤꯕ ꯃꯇꯝꯗ ꯃꯗꯨ ꯑꯌꯥꯝꯕꯅ ꯃꯤ ꯂꯩꯈꯤꯗꯦ; ꯂꯝꯁꯤꯡ ꯑꯗꯨ ꯆꯥꯎꯈꯠꯍꯟꯅꯕ ꯂꯨꯄꯥ ꯱꯲꯶꯰ꯒꯤ ꯑꯣꯏꯕ ꯄꯨꯛꯅꯤꯡ ꯊꯧꯒꯠꯅꯕ ꯁꯦꯟꯐꯝ ꯑꯃꯒ ꯂꯣꯏꯅꯅ ꯂꯧꯎꯕꯁꯤꯡ ꯄꯨꯁꯤꯜꯂꯛꯇꯨꯅ ꯃꯐꯝ ꯑꯗꯨꯗ ꯃꯤ ꯇꯥꯅꯕ ꯃꯇꯝ ꯑꯗꯨꯗ ꯍꯣꯠꯅꯕꯁꯤꯡ ꯑꯗꯨꯁꯨ ꯃꯥꯏ ꯄꯥꯛꯈꯤꯗꯦ꯫,ꯏꯪ    ꯱꯸ ꯲ ꯹ꯒꯤ    ꯖꯨꯂꯥꯏ    ꯱ ꯳ꯗ    ꯕ꯭ꯔꯤꯇꯤꯁꯅ    ꯑꯔꯣꯏꯕꯗ    ꯃꯐꯝ    ꯑꯗꯨ    ꯂꯧꯁꯤꯟ ꯈꯤꯕ    ꯃꯇꯝꯗ    ꯃꯗꯨ    ꯑꯌꯥꯝꯕꯅ    ꯃꯤ    ꯂꯩꯈꯤ ꯗꯦ ;    ꯂꯝꯁꯤꯡ    ꯑꯗꯨ    ꯆꯥꯎꯈꯠ ꯍꯟꯅꯕ    ꯂꯨꯄꯥ    ꯱꯲ ꯶ ꯰ꯒꯤ    ꯑꯣꯏꯕ    ꯄꯨꯛꯅꯤꯡ    ꯊꯧꯒꯠ ꯅꯕ    ꯁꯦꯟꯐꯝ    ꯑꯃꯒ    ꯂꯣꯏꯅꯅ    ꯂꯧꯎ ꯕꯁꯤꯡ    ꯄꯨ ꯁꯤꯜꯂ ꯛꯇꯨꯅ    ꯃꯐꯝ    ꯑꯗꯨꯗ    ꯃꯤ    ꯇꯥ ꯅꯕ    ꯃꯇꯝ    ꯑꯗꯨꯗ    ꯍꯣꯠ ꯅꯕꯁꯤꯡ    ꯑꯗꯨꯁꯨ    ꯃꯥꯏ    ꯄꯥꯛ ꯈꯤꯗꯦ꯫ ,183,53
1101,ꯁꯥꯏꯀꯥꯏꯑꯇ꯭ꯔꯤꯁꯠꯁꯤꯡꯒꯨꯝꯕ ꯃꯦꯟꯇꯦꯜ ꯍꯦꯜꯊ ꯄ꯭ꯔꯣꯐꯦꯁꯅꯦꯜꯁꯤꯡꯅ ꯃꯦꯗꯤꯀꯦꯜ ꯀꯥꯎꯟꯁꯤꯜ ꯑꯣꯐ ꯏꯟꯗꯤꯌꯥ ꯁꯦꯟꯇꯔ ꯑꯃꯗꯒꯤ ꯑꯦꯝ,ꯁꯥꯏ ꯀꯥꯏ ꯑ ꯇ꯭ꯔꯤ ꯁꯠ ꯁꯤꯡꯒꯨꯝꯕ    ꯃꯦꯟ ꯇꯦꯜ    ꯍꯦꯜ ꯊ    ꯄ꯭ꯔꯣꯐꯦꯁ ꯅꯦ ꯜꯁꯤꯡꯅ    ꯃꯦꯗꯤ ꯀꯦꯜ    ꯀꯥꯎꯟꯁꯤꯜ    ꯑꯣꯐ    ꯏꯟꯗꯤꯌꯥ    ꯁꯦꯟꯇꯔ    ꯑꯃꯗꯒꯤ    ꯑꯦ ꯝ ,80,22
1102,ꯕꯤ,ꯕꯤ ,2,1
1103,ꯕꯤ,ꯕꯤ ,2,1
1104,ꯑꯦꯁ,ꯑꯦꯁ,3,1
1105,ꯑꯃꯒꯤ ꯃꯇꯨꯡꯗ ꯑꯦꯝ,ꯑꯃꯒꯤ    ꯃꯇꯨꯡꯗ    ꯑꯦ ꯝ ,12,4
1106,ꯗꯤ,ꯗꯤ ,2,1
1107,"ꯏꯟ ꯁꯥꯏꯀꯥꯏꯑꯇ꯭ꯔꯤ ꯑꯃ, ꯗꯤꯄ꯭ꯂꯣꯃꯥ ꯏꯟ ꯁꯥꯏꯀꯥꯏꯑꯇ꯭ꯔꯤꯛ ꯃꯦꯗꯤꯁꯤꯟ (ꯗꯤ","ꯏꯟ    ꯁꯥꯏ ꯀꯥꯏ ꯑ ꯇ꯭ꯔꯤ    ꯑꯃ,    ꯗꯤ ꯄ꯭ ꯂꯣ ꯃꯥ    ꯏꯟ    ꯁꯥꯏ ꯀꯥꯏ ꯑ ꯇ꯭ꯔꯤꯛ    ꯃꯦꯗꯤ ꯁꯤꯟ    ( ꯗꯤ ",48,19
1108,ꯄꯤ,ꯄꯤ ,2,1
1109,ꯑꯦꯝ,ꯑꯦ ꯝ ,3,2
1110,") ꯑꯃ, ꯅꯠꯇ꯭ꯔꯒ ꯁꯥꯏꯀꯥꯏꯑꯇ꯭ꯔꯤꯗ ꯗꯤꯄ꯭ꯂꯣꯃꯦꯠ ꯑꯣꯐ ꯅꯦꯁꯅꯦꯜ ꯕꯣꯔꯗ (ꯗꯤ",")    ꯑꯃ,    ꯅꯠꯇ꯭ꯔꯒ    ꯁꯥꯏ ꯀꯥꯏ ꯑ ꯇ꯭ꯔꯤ ꯗ    ꯗꯤ ꯄ꯭ ꯂꯣ ꯃꯦꯠ    ꯑꯣꯐ    ꯅꯦꯁꯅꯦꯜ    ꯕꯣꯔꯗ    ( ꯗꯤ ",47,17
1111,ꯑꯦꯟ,ꯑꯦꯟ ,3,1
1112,ꯕꯤ,ꯕꯤ ,2,1
1113,) ꯂꯣꯏꯁꯤꯟꯗꯨꯅ ꯃꯈꯣꯏꯒꯤ ꯀ꯭ꯋꯥꯂꯤꯐꯤꯀꯦꯁꯟꯁꯤꯡ ꯐꯪꯉꯤ꯫,)    ꯂꯣꯏꯁꯤꯟ ꯗꯨꯅ    ꯃꯈꯣꯏꯒꯤ    ꯀ꯭ꯋꯥ ꯂꯤ ꯐꯤ ꯀꯦꯁ ꯟꯁꯤꯡ    ꯐꯪ ꯉꯤ꯫ ,36,11
1114,"ꯀꯦꯅꯗꯥꯗ ꯑꯣꯛꯇꯣꯕꯔ ꯲꯱ ꯑꯃꯗꯤ ꯅꯕꯦꯝꯕꯔ ꯷ꯀꯤ ꯃꯅꯨꯡꯗ ꯚꯦꯛꯁꯤꯟꯒꯤ ꯗꯣꯖ ꯃꯤꯂꯤꯌꯟ ꯶꯬꯶ ꯌꯦꯟꯊꯣꯛꯈ꯭ꯔꯕ ꯃꯇꯨꯡꯗ ꯑꯣꯅꯤꯡꯕ, ꯀꯣꯛ ꯉꯥꯎꯕ, ꯀꯣꯛ ꯆꯤꯛꯄ, ꯂꯥꯏꯍꯧ, ꯑꯣꯕ ꯑꯃꯗꯤ ꯍꯤꯗꯥꯛ ꯀꯥꯞꯈꯤꯕ ꯃꯐꯝ ꯑꯗꯨꯗ ꯄꯣꯝꯕ ꯅꯠꯇ꯭ꯔꯒ ꯅꯥꯕ ꯌꯥꯎꯅ ꯁꯥꯊꯤꯕ ꯑꯣꯏꯗꯕ ꯈꯨꯗꯣꯡꯆꯥꯗꯕ ꯊꯧꯗꯣꯛꯁꯤꯡ ꯃꯤꯑꯣꯏ ꯵꯹꯸ꯗ ꯊꯣꯛꯄꯒꯤ ꯄꯥꯎꯗꯝꯁꯤꯡ ꯂꯩꯈꯤ꯫","ꯀꯦꯅ ꯗꯥꯗ    ꯑꯣꯛꯇꯣꯕꯔ    ꯲ ꯱    ꯑꯃꯗꯤ    ꯅꯕꯦꯝꯕꯔ    ꯷ꯀꯤ    ꯃꯅꯨꯡꯗ    ꯚꯦ ꯛ ꯁꯤꯟꯒꯤ    ꯗꯣ ꯖ    ꯃꯤꯂꯤꯌꯟ    ꯶ ꯬ ꯶    ꯌꯦꯟ ꯊꯣꯛ ꯈ꯭ꯔꯕ    ꯃꯇꯨꯡꯗ    ꯑꯣ ꯅꯤꯡ ꯕ,    ꯀꯣꯛ    ꯉ ꯥꯎ ꯕ,    ꯀꯣꯛ    ꯆꯤ ꯛꯄ ,    ꯂꯥꯏ ꯍꯧ ,    ꯑꯣ ꯕ    ꯑꯃꯗꯤ    ꯍꯤꯗ ꯥꯛ    ꯀꯥꯞ ꯈꯤꯕ    ꯃꯐꯝ    ꯑꯗꯨꯗ    ꯄꯣ ꯝꯕ    ꯅꯠꯇ꯭ꯔꯒ    ꯅꯥꯕ    ꯌꯥꯎꯅ    ꯁꯥꯊꯤꯕ    ꯑꯣꯏꯗꯕ    ꯈꯨꯗꯣꯡꯆꯥ ꯗꯕ    ꯊꯧꯗꯣꯛꯁꯤꯡ    ꯃꯤꯑꯣꯏ    ꯵ ꯹ ꯸ꯗ    ꯊꯣꯛꯄꯒꯤ    ꯄꯥꯎ ꯗ ꯝꯁꯤꯡ    ꯂꯩꯈꯤ꯫ ",194,64
1115,"ꯄꯦꯊꯣꯖꯦꯟꯁꯤꯡ ꯑꯁꯤ ꯃꯄꯥꯡꯒꯜ ꯍꯟꯊꯍꯜꯂꯕ ꯑꯣꯏꯕꯅ, ꯃꯈꯣꯏꯅ ꯃꯈꯣꯏꯒꯤ ꯄꯦꯊꯣꯖꯦꯅꯤꯛ ꯑꯣꯏꯕ ꯃꯑꯣꯡꯗ ꯍꯟꯖꯤꯟꯕ ꯑꯃꯗꯤ ꯃꯇꯨꯡꯗ ꯂꯥꯏꯅꯥ ꯊꯣꯛꯍꯟꯕ ꯑꯁꯤ ꯀꯥꯍꯦꯟꯅ ꯇꯥꯡꯅ ꯊꯣꯛꯏ꯫","ꯄꯦ ꯊꯣ ꯖꯦꯟ ꯁꯤꯡ    ꯑꯁꯤ    ꯃꯄꯥꯡꯒꯜ    ꯍꯟꯊ ꯍꯜꯂꯕ    ꯑꯣꯏꯕ ꯅ,    ꯃꯈꯣꯏꯅ    ꯃꯈꯣꯏꯒꯤ    ꯄꯦ ꯊꯣ ꯖꯦ ꯅꯤꯛ    ꯑꯣꯏꯕ    ꯃꯑꯣꯡꯗ    ꯍꯟ ꯖꯤꯟꯕ    ꯑꯃꯗꯤ    ꯃꯇꯨꯡꯗ    ꯂꯥꯏꯅꯥ    ꯊꯣꯛꯍꯟꯕ    ꯑꯁꯤ    ꯀꯥ ꯍꯦꯟꯅ    ꯇꯥꯡꯅ    ꯊꯣꯛꯏ꯫ ",105,29
1116,ꯂꯥꯏꯕ-ꯑꯦꯠꯇꯤꯅꯨꯑꯦꯠ ꯇꯧꯔꯕ ꯚꯦꯛꯁꯤꯟꯁꯤꯡ ꯑꯁꯤ ꯈꯨꯗꯣꯡꯊꯤꯅꯤꯉꯥꯏ ꯑꯣꯏꯗꯦ ꯑꯃꯗꯤ ꯀꯨꯏꯅ ꯆꯠꯄ ꯑꯀꯟꯕ ꯑꯃꯗꯤ ꯏꯐꯦꯛꯇꯤꯕ ꯑꯣꯏꯕ ꯏꯃ꯭ꯌꯨꯟ ꯔꯦꯁꯄꯣꯟꯁ ꯑꯃ ꯊꯧꯒꯠꯂꯤ꯫,ꯂꯥꯏ ꯕ- ꯑꯦ ꯠ ꯇꯤ ꯅꯨ ꯑꯦ ꯠ    ꯇꯧꯔꯕ    ꯚꯦ ꯛ ꯁꯤꯟ ꯁꯤꯡ    ꯑꯁꯤ    ꯈꯨꯗꯣꯡꯊꯤ ꯅꯤꯉꯥꯏ    ꯑꯣꯏ ꯗꯦ    ꯑꯃꯗꯤ    ꯀꯨꯏꯅ    ꯆꯠꯄ    ꯑꯀꯟꯕ    ꯑꯃꯗꯤ    ꯏ ꯐꯦꯛ ꯇꯤꯕ    ꯑꯣꯏꯕ    ꯏ ꯃ꯭ꯌꯨ ꯟ    ꯔꯦꯁ ꯄꯣ ꯟꯁ    ꯑꯃ    ꯊꯧꯒꯠ ꯂꯤ꯫ ,100,36
1117,"ꯑꯃꯅ ꯃꯆꯤ ꯋꯥꯠꯄꯅꯤ, ꯃꯁꯤꯗ ꯁ꯭ꯇꯟꯇꯤꯡ (ꯆꯍꯤꯒꯤ ꯑꯣꯏꯅ ꯋꯥꯡꯕꯒꯤ ꯆꯥꯡ ꯅꯦꯝꯕ), ꯋꯦꯁꯇꯤꯡ (ꯋꯥꯡꯕꯒ ꯃꯥꯟꯅꯗꯅ ꯂꯨꯝꯕ ꯋꯥꯠꯄ), ꯑꯟꯗꯔꯋꯦꯠ (ꯆꯍꯤꯒꯤ ꯑꯣꯏꯅ ꯑꯔꯨꯝꯕ ꯅꯦꯝꯕ) ꯑꯃꯗꯤ ꯃꯥꯏꯀ꯭ꯔꯣꯅ꯭ꯌꯨꯇ꯭ꯔꯤꯌꯦꯟꯇ ꯋꯥꯠꯄꯁꯤꯡ ꯅꯠꯇ꯭ꯔꯒ ꯆꯞꯋꯥꯅ ꯂꯩꯇꯕꯁꯤꯡ (ꯃꯔꯨꯑꯣꯏꯕ ꯚꯤꯇꯥꯃꯤꯟ ꯑꯃꯗꯤ ꯃꯤꯅꯔꯦꯜꯁꯤꯡꯒꯤ ꯑꯋꯥꯠꯄ) ꯑꯁꯤ ꯌꯥꯎꯋꯤ꯫","ꯑꯃꯅ    ꯃꯆ ꯤ    ꯋꯥꯠ ꯄ ꯅꯤ,    ꯃꯁꯤꯗ    ꯁ꯭ꯇ ꯟ ꯇꯤꯡ    ( ꯆꯍꯤꯒꯤ    ꯑꯣꯏꯅ    ꯋꯥꯡ ꯕꯒꯤ    ꯆꯥꯡ    ꯅꯦ ꯝꯕ ),    ꯋꯦꯁ ꯇꯤꯡ    ( ꯋꯥꯡ ꯕꯒ    ꯃꯥꯟꯅ ꯗꯅ    ꯂ ꯨꯝꯕ    ꯋꯥꯠ ꯄ ),    ꯑꯟꯗ ꯔ ꯋꯦ ꯠ    ( ꯆꯍꯤꯒꯤ    ꯑꯣꯏꯅ    ꯑꯔ ꯨꯝꯕ    ꯅꯦ ꯝꯕ )    ꯑꯃꯗꯤ    ꯃꯥꯏꯀ꯭ꯔꯣ ꯅ꯭ꯌꯨ ꯇ꯭ꯔꯤ ꯌꯦꯟ ꯇ    ꯋꯥꯠ ꯄꯁꯤꯡ    ꯅꯠꯇ꯭ꯔꯒ    ꯆ ꯞ ꯋꯥꯅ    ꯂꯩꯇ ꯕꯁꯤꯡ    ( ꯃꯔꯨꯑꯣꯏꯕ    ꯚꯤ ꯇꯥꯃꯤ ꯟ    ꯑꯃꯗꯤ    ꯃꯤ ꯅ ꯔꯦ ꯜꯁꯤꯡꯒꯤ    ꯑꯋꯥ ꯠ ꯄ )    ꯑꯁꯤ    ꯌꯥꯎꯋꯤ꯫ ",197,73
1118,ꯑꯗꯨꯝ ꯑꯣꯏꯅꯃꯛ ꯆꯍꯤ ꯑꯅꯤ ꯅꯠꯇ꯭ꯔꯒ ꯑꯍꯨꯝ ꯙ꯭ꯌꯥꯟ ꯇꯧꯔꯕꯁꯤꯡꯗꯤ ꯍꯥꯟꯅꯗꯒꯤ ꯑꯅꯦꯝꯕ ꯕ꯭ꯂꯗ ꯄ꯭ꯔꯦꯁꯔ ꯂꯩꯕ ꯊꯦꯡꯅꯈꯤ꯫,ꯑꯗꯨꯝ    ꯑꯣꯏꯅꯃꯛ    ꯆꯍꯤ    ꯑꯅꯤ    ꯅꯠꯇ꯭ꯔꯒ    ꯑꯍꯨꯝ    ꯙ ꯭ꯌꯥꯟ    ꯇꯧ ꯔꯕ ꯁꯤꯡꯗꯤ    ꯍꯥꯟꯅꯗꯒꯤ    ꯑ ꯅꯦꯝꯕ    ꯕ꯭ ꯂ ꯗ    ꯄ꯭ꯔꯦꯁ ꯔ    ꯂꯩꯕ    ꯊꯦꯡꯅꯈꯤ꯫ ,72,21
1119,ꯑꯦꯟ,ꯑꯦꯟ ,3,1
1120,ꯁꯤ,ꯁꯤ ,2,1
1121,ꯗꯤ,ꯗꯤ ,2,1
1122,"ꯁꯤꯡꯗ ꯅꯨꯃꯤꯠꯀꯤ ꯃꯉꯥꯜ, ꯆꯤꯟꯖꯥꯛ, ꯄꯣꯂꯨꯁꯟ ꯑꯃꯗꯤ ꯄꯨꯟꯁꯤ ꯃꯍꯤꯡꯁꯤꯡꯒꯨꯝꯕ ꯃꯄꯥꯟꯊꯣꯡꯒꯤ ꯑꯣꯏꯕ ꯃꯔꯝꯁꯤꯡꯅ ꯊꯣꯛꯍꯟꯕ ꯅꯥꯊꯩꯕ ꯌꯥꯕ ꯑꯃꯗꯤ ꯅꯥꯊꯩꯕ ꯌꯥꯗꯕ ꯃꯤꯑꯣꯏꯕꯒꯤ ꯍꯛꯁꯦꯜꯒꯤ ꯐꯤꯕꯝꯁꯤꯡꯒꯤ ꯄꯥꯛ-ꯆꯥꯎꯕ ꯀꯥꯡꯂꯨꯞ ꯑꯃ ꯀꯣꯟꯁꯤꯟꯕ ꯑꯀꯣꯏꯕꯒꯤ ꯐꯤꯕꯝꯒꯤ ꯑꯣꯏꯕ ꯂꯥꯏꯅꯥ ꯀꯌꯥ ꯑꯃ ꯌꯥꯎꯋꯤ꯫","ꯁꯤꯡꯗ    ꯅꯨꯃꯤꯠꯀꯤ    ꯃꯉꯥ ꯜ,    ꯆꯤꯟꯖꯥꯛ ,    ꯄꯣ ꯂꯨ ꯁꯟ    ꯑꯃꯗꯤ    ꯄꯨꯟꯁꯤ    ꯃ ꯍꯤꯡ ꯁꯤꯡꯒꯨꯝꯕ    ꯃꯄꯥꯟ ꯊꯣꯡ ꯒꯤ    ꯑꯣꯏꯕ    ꯃꯔꯝ ꯁꯤꯡꯅ    ꯊꯣꯛꯍꯟꯕ    ꯅꯥꯊ ꯩ ꯕ    ꯌꯥꯕ    ꯑꯃꯗꯤ    ꯅꯥꯊ ꯩ ꯕ    ꯌꯥꯗꯕ    ꯃꯤꯑꯣꯏꯕꯒꯤ    ꯍꯛ ꯁꯦꯜꯒꯤ    ꯐꯤꯕ ꯝꯁꯤꯡꯒꯤ    ꯄꯥꯛ- ꯆꯥꯎꯕ    ꯀꯥꯡꯂꯨꯞ    ꯑꯃ    ꯀꯣꯟ ꯁꯤꯟꯕ    ꯑꯀꯣꯏꯕꯒꯤ    ꯐꯤꯕ ꯝꯒꯤ    ꯑꯣꯏꯕ    ꯂꯥꯏꯅꯥ    ꯀꯌꯥ    ꯑꯃ    ꯌꯥꯎꯋꯤ꯫ ",176,49
1123,ꯁꯜꯐꯥꯏꯠꯁꯤꯡꯅ ꯏꯃ꯭ꯌꯨꯅꯣꯂꯣꯖꯤꯛ ꯑꯃꯗꯤ ꯅꯟ-ꯏꯃ꯭ꯌꯨꯅꯣꯂꯣꯖꯤꯛ ꯃꯦꯀꯥꯅꯤꯖꯝ ꯑꯅꯤꯃꯛꯅ ꯔꯤꯑꯦꯛꯁꯟꯁꯤꯡ ꯊꯣꯛꯍꯟꯕ ꯌꯥꯏ꯫,ꯁꯜ ꯐꯥꯏ ꯠꯁꯤꯡꯅ    ꯏ ꯃ꯭ꯌꯨ ꯅꯣ ꯂꯣꯖꯤ ꯛ    ꯑꯃꯗꯤ    ꯅꯟ -ꯏ ꯃ꯭ꯌꯨ ꯅꯣ ꯂꯣꯖꯤ ꯛ    ꯃꯦ ꯀꯥ ꯅꯤ ꯖꯝ    ꯑꯅꯤꯃꯛꯅ    ꯔꯤ ꯑꯦꯛ ꯁꯟꯁꯤꯡ    ꯊꯣꯛꯍꯟꯕ    ꯌꯥꯏ꯫ ,75,25
1124,ꯏꯪ ꯲꯰꯲꯰ꯒꯤ ꯑꯦꯄ꯭ꯔꯤꯜ ꯲ꯗ ꯗꯥꯒꯦꯟꯁ ꯑꯦꯀꯣꯅ ꯀꯣꯕꯤꯗ-꯱꯹ ꯑꯁꯤ ꯌꯥꯝꯗ꯭ꯔꯕꯗ ꯃꯨꯅꯤꯁꯤꯄꯥꯂꯤꯇꯤ ꯹꯰ꯗ ꯔꯤꯇꯥꯏꯔꯃꯦꯟꯇ ꯍꯣꯝꯁꯤꯡꯗ ꯃꯔꯨꯑꯣꯏꯅ ꯁꯟꯗꯣꯛꯈ꯭ꯔꯦ ꯍꯥꯏꯅ ꯄꯥꯥꯎꯗꯝꯈꯤ꯫,ꯏꯪ    ꯲꯰꯲꯰ꯒꯤ    ꯑꯦꯄ꯭ꯔꯤꯜ    ꯲ꯗ    ꯗꯥ ꯒ ꯦꯟ ꯁ    ꯑꯦ ꯀꯣ ꯅ    ꯀꯣ ꯕꯤ ꯗ- ꯱꯹    ꯑꯁꯤ    ꯌꯥꯝꯗ꯭ꯔꯕꯗ    ꯃꯨ ꯅꯤ ꯁꯤ ꯄꯥ ꯂꯤꯇꯤ    ꯹ ꯰ꯗ    ꯔꯤ ꯇꯥꯏ ꯔ ꯃꯦꯟ ꯇ    ꯍꯣ ꯝꯁꯤꯡꯗ    ꯃꯔꯨꯑꯣꯏꯅ    ꯁꯟꯗꯣꯛ ꯈ꯭ꯔꯦ    ꯍꯥꯏꯅ    ꯄꯥ ꯥꯎ ꯗꯝ ꯈꯤ꯫ ,108,39
1125,"ꯚꯥꯏꯔꯁ ꯖꯤꯅꯣꯝ ꯑꯃꯅ ꯍꯣꯁꯠ ꯁꯦꯜ ꯑꯃꯗ ꯊꯕꯛ ꯍꯧꯕ ꯌꯥꯔꯛꯂꯕ ꯃꯇꯝꯗ, ꯃꯗꯨꯒꯤ ꯃꯇꯨꯡꯗ ꯃꯗꯨꯅ ꯚꯥꯏꯔꯦꯜ ꯄ꯭ꯔꯣꯇꯤꯟꯁꯤꯡꯒꯤ ꯁꯤꯟꯊꯦꯁꯤꯁ ꯑꯗꯨ ꯁꯦꯟꯅꯕ ꯃꯦꯁꯦꯟꯖꯔ ꯑꯥꯔ","ꯚꯥꯏ ꯔꯁ    ꯖꯤ ꯅꯣ ꯝ    ꯑꯃꯅ    ꯍꯣ ꯁꯠ    ꯁꯦꯜ    ꯑꯃꯗ    ꯊꯕꯛ    ꯍꯧꯕ    ꯌꯥ ꯔꯛꯂꯕ    ꯃꯇꯝꯗ,    ꯃꯗꯨꯒꯤ    ꯃꯇꯨꯡꯗ    ꯃꯗꯨꯅ    ꯚꯥꯏ ꯔꯦꯜ    ꯄ꯭ꯔꯣ ꯇꯤꯟ ꯁꯤꯡꯒꯤ    ꯁꯤꯟ ꯊꯦ ꯁꯤꯁ    ꯑꯗꯨ    ꯁꯦꯟ ꯅꯕ    ꯃꯦꯁ ꯦꯟ ꯖꯔ    ꯑꯥꯔ",98,33
1126,ꯑꯦꯟ,ꯑꯦꯟ ,3,1
1127,ꯑꯦ,ꯑꯦ ,2,1
1128,(ꯑꯦꯝ,( ꯑꯦ ꯝ ,4,3
1129,ꯑꯥꯔ,ꯑꯥꯔ,3,1
1130,ꯑꯦꯟ,ꯑꯦꯟ ,3,1
1131,ꯑꯦ,ꯑꯦ ,2,1
1132,) ꯃꯣꯂꯤꯀ꯭ꯌꯨꯜꯁꯤꯡ ꯄꯨꯊꯣꯛꯏ꯫,)    ꯃꯣ ꯂꯤ ꯀ꯭ꯌꯨ ꯜꯁꯤꯡ    ꯄꯨꯊꯣꯛ ꯏ꯫ ,20,7
1133,ꯃꯔꯝꯁꯤꯡ ꯑꯁꯤꯅ ꯑꯃꯨꯛꯐꯥꯎꯕ ꯍꯛꯇꯦꯡꯅꯗ꯭ꯔꯤ ꯍꯥꯏꯕꯁꯤ ꯍꯥꯏꯃꯦꯟꯕꯨ ꯀꯨꯞꯅ ꯌꯦꯡꯁꯤꯟꯂꯕ ꯃꯇꯨꯡ ꯆꯨꯝꯃꯦꯅ ꯂꯧꯕ ꯌꯥꯗꯦ꯫,ꯃꯔ ꯝꯁꯤꯡ    ꯑꯁꯤꯅ    ꯑꯃꯨ ꯛ ꯐꯥꯎꯕ    ꯍꯛ ꯇꯦꯡ ꯅ ꯗ꯭ꯔꯤ    ꯍꯥꯏꯕꯁꯤ    ꯍꯥꯏ ꯃꯦꯟ ꯕꯨ    ꯀꯨꯞꯅ    ꯌꯦꯡꯁꯤꯟ ꯂꯕ    ꯃꯇꯨꯡ    ꯆꯨꯝ ꯃꯦ ꯅ    ꯂꯧꯕ    ꯌꯥ ꯗꯦ꯫ ,72,24
1134,ꯄꯔꯁꯅꯦꯂꯤꯇꯤ ꯗꯤꯁꯑꯣꯔꯗꯔꯁꯤꯡꯒꯤ ꯊꯤꯑꯔꯤ ꯑꯃꯗꯤ ꯂꯥꯏꯑꯣꯡ ꯂꯦꯞꯄ ꯑꯁꯤ ꯈꯨꯟꯅꯥꯏꯒꯤ ꯅꯠꯇ꯭ꯔꯒ ꯈꯨꯅꯥꯏ ꯑꯃꯗꯤ ꯂꯩꯉꯥꯛꯂꯣꯟꯒꯤ ꯐꯥꯎꯕ ꯑꯃꯗꯤ ꯁꯦꯟꯃꯤꯠꯂꯣꯟꯒꯤ ꯑꯣꯏꯕ ꯐꯤꯕꯝꯁꯤꯡ ꯈꯛꯇꯗ ꯌꯨꯝꯐꯝ ꯑꯣꯏ ꯍꯥꯏꯅ ꯃꯈꯣꯏꯅ ꯍꯥꯏ꯫,ꯄꯔ ꯁ ꯅꯦ ꯂꯤꯇꯤ    ꯗꯤꯁ ꯑꯣꯔ ꯗꯔ ꯁꯤꯡꯒꯤ    ꯊꯤ ꯑ ꯔꯤ    ꯑꯃꯗꯤ    ꯂꯥꯏꯑꯣ ꯡ    ꯂꯦꯞꯄ    ꯑꯁꯤ    ꯈꯨꯟꯅꯥꯏꯒꯤ    ꯅꯠꯇ꯭ꯔꯒ    ꯈꯨ ꯅꯥꯏ    ꯑꯃꯗꯤ    ꯂꯩꯉꯥꯛꯂꯣꯟꯒꯤ    ꯐꯥꯎꯕ    ꯑꯃꯗꯤ    ꯁꯦꯟꯃꯤꯠꯂꯣꯟꯒꯤ    ꯑꯣꯏꯕ    ꯐꯤꯕ ꯝꯁꯤꯡ    ꯈꯛꯇꯗ    ꯌꯨꯝꯐꯝ    ꯑꯣꯏ    ꯍꯥꯏꯅ    ꯃꯈꯣꯏꯅ    ꯍꯥꯏ꯫ ,132,34
1135,ꯊꯤꯖꯤꯟ-ꯍꯨꯝꯖꯤꯟꯕ ꯈꯔꯅ ꯍꯛꯆꯥꯡꯒꯤ ꯄꯦꯟꯗꯕ ꯍꯦꯟꯒꯠꯂꯛꯄ ꯑꯃꯗꯤ ꯑꯦꯁ,ꯊꯤꯖꯤꯟ -ꯍꯨꯝ ꯖꯤꯟꯕ    ꯈꯔꯅ    ꯍꯛꯆꯥꯡꯒꯤ    ꯄꯦꯟ ꯗꯕ    ꯍꯦꯟꯒꯠꯂꯛꯄ    ꯑꯃꯗꯤ    ꯑꯦꯁ,43,10
1136,ꯏ,ꯏ ,1,1
1137,ꯑꯦꯁ,ꯑꯦꯁ,3,1
1138,ꯍꯦꯟꯒꯠꯂꯛꯄꯒꯤ ꯃꯔꯛꯇ ꯃꯔꯤ ꯑꯃꯁꯨ ꯎꯠꯈ꯭ꯔꯦ꯫,ꯍꯦꯟꯒꯠꯂꯛ ꯄꯒꯤ    ꯃꯔꯛꯇ    ꯃꯔꯤ    ꯑꯃꯁꯨ    ꯎꯠ ꯈ꯭ꯔꯦ꯫ ,28,7
1139,ꯃꯁꯤꯒꯤ ꯍꯤꯗꯥꯛꯁꯤꯡ ꯑꯁꯤꯗ ꯃꯄꯥꯡꯒꯜ ꯂꯩꯇ꯭ꯔꯕ (ꯍꯥꯠꯇꯣꯛꯑꯕ) ꯏꯟꯐ꯭ꯂꯨꯑꯦꯟꯖꯥ ꯚꯥꯏꯔꯁ ꯅꯠꯇ꯭ꯔꯒ ꯏꯟꯐ꯭ꯂꯨꯑꯦꯟꯖꯥ ꯊꯣꯛꯍꯜꯂꯣꯏꯗꯕ ꯃꯄꯥꯡꯒꯜ ꯁꯣꯟꯊꯍꯜꯂꯕ ꯑꯍꯤꯡꯕ ꯚꯥꯏꯔꯁ ꯑꯅꯤꯁꯤꯒꯤ ꯃꯔꯛꯇ ꯌꯥꯎꯋꯤ꯫,ꯃꯁꯤꯒꯤ    ꯍꯤꯗꯥꯛ ꯁꯤꯡ    ꯑꯁꯤꯗ    ꯃꯄꯥꯡꯒꯜ    ꯂꯩꯇ꯭ꯔ ꯕ    ( ꯍꯥ ꯠꯇ ꯣꯛ ꯑ ꯕ)    ꯏꯟ ꯐ꯭ ꯂꯨ ꯑꯦꯟ ꯖꯥ    ꯚꯥꯏ ꯔꯁ    ꯅꯠꯇ꯭ꯔꯒ    ꯏꯟ ꯐ꯭ ꯂꯨ ꯑꯦꯟ ꯖꯥ    ꯊꯣꯛ ꯍꯜꯂ ꯣꯏ ꯗꯕ    ꯃꯄꯥꯡꯒꯜ    ꯁꯣꯟ ꯊ ꯍꯜꯂꯕ    ꯑ ꯍꯤꯡ ꯕ    ꯚꯥꯏ ꯔꯁ    ꯑꯅꯤ ꯁꯤꯒꯤ    ꯃꯔꯛꯇ    ꯌꯥꯎꯋꯤ꯫ ,123,43
1140,"ꯏꯪ ꯲꯰꯲꯰ꯒꯤ ꯑꯦꯄ꯭ꯔꯤꯜꯒꯤ ꯑꯉꯟꯕꯗ ꯗꯤꯔꯦꯛꯇꯔ ꯗꯣꯛꯇꯔ ꯖꯣꯟ ꯅꯀꯦꯟꯒꯥꯁꯣꯡꯅ ꯐ꯭ꯔꯥꯟꯁꯀꯤ ꯁꯥꯏꯟꯇꯤꯁꯠ ꯑꯅꯤ, ꯄ꯭ꯔꯣꯐꯦꯁꯔ ꯖꯣ-ꯄꯣꯜ ꯃꯤꯔꯥ ꯑꯃꯗꯤ ꯀꯃꯤꯜ ꯂꯣꯆꯠꯅ ꯀꯣꯔꯣꯅꯥꯚꯥꯏꯔꯁꯀꯤꯗꯃꯛ ꯑꯣꯏꯊꯣꯛꯄ ꯌꯥꯕ ꯇ꯭ꯌꯨꯕꯔꯀꯨꯂꯣꯁꯤꯁꯀꯤ ꯚꯦꯛꯁꯤꯟ ꯑꯃ ꯑꯐ꯭ꯔꯤꯀꯥꯗ ꯆꯥꯡꯌꯦꯡ ꯇꯧꯅꯕ ꯍꯥꯏꯅ ꯍꯧꯗꯣꯛꯄ ꯋꯥꯐꯝꯁꯤꯡ ꯊꯝꯈꯤꯕ ꯑꯗꯨ “ꯇꯨꯀꯠꯆꯕ ꯑꯃꯗꯤ ꯑꯇꯣꯞꯄ ꯐꯨꯔꯨꯞꯄꯨ ꯍꯟꯊꯅ ꯈꯟꯕꯅꯤ” ꯍꯥꯏꯅ ꯀꯟꯅ ꯌꯥꯅꯤꯡꯗꯕ ꯐꯣꯡꯗꯣꯛꯈꯤ꯫","ꯏꯪ    ꯲꯰꯲꯰ꯒꯤ    ꯑꯦꯄ꯭ꯔꯤ ꯜꯒꯤ    ꯑꯉꯟ ꯕꯗ    ꯗꯤꯔꯦꯛꯇꯔ    ꯗꯣꯛꯇꯔ    ꯖꯣꯟ    ꯅ ꯀꯦꯟ ꯒꯥ ꯁ ꯣꯡ ꯅ    ꯐ꯭ꯔꯥꯟꯁꯀꯤ    ꯁꯥꯏꯟ ꯇꯤ ꯁꯠ    ꯑꯅꯤ,    ꯄ꯭ꯔꯣꯐꯦꯁ ꯔ    ꯖꯣ - ꯄꯣ ꯜ    ꯃꯤ ꯔꯥ    ꯑꯃꯗꯤ    ꯀ ꯃꯤꯜ    ꯂꯣ ꯆꯠꯅ    ꯀꯣ ꯔꯣ ꯅꯥ ꯚꯥꯏ ꯔ ꯁ ꯀꯤꯗꯃꯛ    ꯑꯣꯏꯊꯣꯛꯄ    ꯌꯥꯕ    ꯇ꯭ꯌꯨ ꯕꯔ ꯀꯨ ꯂꯣ ꯁꯤ ꯁꯀꯤ    ꯚꯦ ꯛ ꯁꯤꯟ    ꯑꯃ    ꯑꯐ꯭ꯔꯤ ꯀꯥꯗ    ꯆꯥꯡꯌꯦꯡ    ꯇꯧꯅꯕ    ꯍꯥꯏꯅ    ꯍꯧ ꯗꯣꯛꯄ    ꯋꯥꯐꯝꯁꯤꯡ    ꯊꯝ ꯈꯤꯕ    ꯑꯗꯨ    “ ꯇꯨ ꯀꯠ ꯆꯕ    ꯑꯃꯗꯤ    ꯑꯇꯣꯞꯄ    ꯐꯨꯔꯨ ꯞ ꯄꯨ    ꯍꯟꯊ ꯅ    ꯈꯟ ꯕ ꯅꯤ ”    ꯍꯥꯏꯅ    ꯀꯟꯅ    ꯌꯥꯅꯤꯡꯗꯕ    ꯐꯣꯡꯗꯣꯛꯈꯤ꯫ ",246,82
1141,"ꯃꯁꯤꯒꯤ ꯑꯦꯛꯖꯤꯀ꯭ꯌꯨꯇꯤꯕ ꯑꯣꯐꯤꯁ ꯑꯃꯗꯤ ꯁꯥꯏꯟꯁ ꯑꯃꯁꯨꯡ ꯄ꯭ꯔꯣꯒ꯭ꯔꯥꯝ ꯑꯣꯐꯤꯁ ꯑꯃꯒꯤ ꯃꯊꯛꯇ, ꯑꯖꯦꯟꯁꯤ ꯑꯁꯤꯗ “ꯄꯣꯂꯤꯁꯤ, ꯍꯦꯜꯊ ꯗꯤꯄ꯭ꯂꯣꯃꯦꯁꯤ ꯑꯃꯗꯤ ꯀꯃ꯭ꯌꯨꯅꯤꯀꯦꯁꯟ,” “ꯃꯦꯅꯦꯖꯃꯦꯟꯇ ꯑꯃꯗꯤ ꯑꯦꯗꯃꯤꯅꯤꯁꯇ꯭ꯔꯦꯁꯟ,” “ꯁꯔꯚꯦꯂꯦꯟꯁ ꯑꯃꯗꯤ ꯗꯤꯖꯤꯁ ꯏꯟꯇꯦꯜꯂꯤꯖꯦꯟꯁ,” “ꯂꯦꯕꯣꯔꯦꯇꯔꯤ ꯁꯤꯁꯇꯦꯝꯁꯤꯡ ꯑꯃꯗꯤ ꯅꯦꯠꯋꯔꯛꯁꯤꯡ,” “ꯏꯃꯔꯖꯦꯟꯁꯤ ꯄ꯭ꯔꯤꯄꯦꯌꯔꯗꯅꯦꯁ ꯑꯃꯗꯤ ꯔꯦꯁꯄꯣꯟꯁ,” ꯑꯃꯗꯤ “ꯄꯕ꯭ꯂꯤꯛ ꯍꯦꯜꯊ ꯏꯟꯁꯇꯤꯇ꯭ꯌꯨꯠꯁꯤꯡ ꯑꯃꯗꯤ ꯔꯤꯁꯔꯆ”ꯀ ꯃꯔꯤ ꯂꯩꯅꯕ ꯗꯤꯚꯤꯖꯟ ꯀꯌꯥ ꯑꯃꯁꯨ ꯂꯩ꯫","ꯃꯁꯤꯒꯤ    ꯑꯦꯛ ꯖꯤ ꯀ꯭ꯌꯨ ꯇꯤꯕ    ꯑꯣꯐꯤ ꯁ    ꯑꯃꯗꯤ    ꯁꯥꯏ ꯟꯁ    ꯑꯃꯁꯨꯡ    ꯄ꯭ꯔꯣꯒ꯭ꯔꯥꯝ    ꯑꯣꯐꯤ ꯁ    ꯑꯃꯒꯤ    ꯃꯊꯛꯇ,    ꯑ ꯖꯦꯟ ꯁꯤ    ꯑꯁꯤꯗ    “ ꯄꯣꯂꯤ ꯁꯤ ,    ꯍꯦꯜ ꯊ    ꯗꯤ ꯄ꯭ ꯂꯣ ꯃꯦ ꯁꯤ    ꯑꯃꯗꯤ    ꯀ ꯃ꯭ꯌꯨꯅꯤ ꯀꯦꯁ ꯟ , ”    “ ꯃꯦꯅꯦ ꯖ ꯃꯦꯟ ꯇ    ꯑꯃꯗꯤ    ꯑꯦꯗ ꯃꯤꯅꯤ ꯁꯇ꯭ꯔ ꯦꯁꯟ , ”    “ ꯁꯔ ꯚꯦ ꯂꯦꯟ ꯁ    ꯑꯃꯗꯤ    ꯗꯤꯖꯤ ꯁ    ꯏꯟ ꯇꯦ ꯜꯂꯤ ꯖꯦꯟ ꯁ , ”    “ ꯂꯦ ꯕꯣ ꯔꯦ ꯇꯔꯤ    ꯁꯤꯁꯇꯦ ꯝꯁꯤꯡ    ꯑꯃꯗꯤ    ꯅꯦꯠ ꯋ ꯔꯛ ꯁꯤꯡ , ”    “ ꯏ ꯃꯔ ꯖꯦꯟ ꯁꯤ    ꯄ꯭ꯔꯤ ꯄꯦ ꯌꯔ ꯗ ꯅꯦꯁ    ꯑꯃꯗꯤ    ꯔꯦꯁ ꯄꯣꯟ ꯁ , ”    ꯑꯃꯗꯤ    “ ꯄꯕ꯭ꯂꯤꯛ    ꯍꯦꯜ ꯊ    ꯏꯟꯁꯇꯤꯇ꯭ꯌꯨ ꯠꯁꯤꯡ    ꯑꯃꯗꯤ    ꯔꯤ ꯁꯔ ꯆ ” ꯀ    ꯃꯔꯤ    ꯂꯩꯅꯕ    ꯗꯤ ꯚꯤ ꯖꯟ    ꯀꯌꯥ    ꯑꯃꯁꯨ    ꯂꯩ꯫ ",299,116
1142,ꯑꯐ꯭ꯔꯤꯀꯥ ꯁꯤ,ꯑꯐ꯭ꯔꯤ ꯀꯥ    ꯁꯤ ,9,3
1143,ꯗꯤ,ꯗꯤ ,2,1
1144,ꯁꯤ,ꯁꯤ ,2,1
1145,ꯑꯁꯤ ꯑꯦꯖꯦꯟꯁꯤ ꯑꯁꯤꯒꯤ ꯏꯃꯔꯖꯦꯟꯁꯤ ꯑꯣꯄꯔꯦꯁꯟꯁ ꯁꯦꯟꯇꯔ ꯑꯗꯨꯁꯨ ꯌꯥꯎꯕ ꯏꯊ꯭ꯌꯣꯄꯤꯌꯥꯒꯤ ꯑꯗꯗꯤꯁ ꯑꯕꯕꯗ ꯂꯩꯕ ꯑꯐ꯭ꯔꯤꯀꯥ ꯁꯤ,ꯑꯁꯤ    ꯑꯦꯖꯦꯟ ꯁꯤ    ꯑꯁꯤꯒꯤ    ꯏ ꯃꯔ ꯖꯦꯟ ꯁꯤ    ꯑꯣꯄꯔ ꯦꯁ ꯟꯁ    ꯁꯦꯟꯇꯔ    ꯑꯗꯨꯁꯨ    ꯌꯥꯎꯕ    ꯏꯊ ꯭ꯌꯣ ꯄꯤ ꯌꯥꯒꯤ    ꯑ ꯗ ꯗꯤ ꯁ    ꯑ ꯕ ꯕꯗ    ꯂꯩꯕ    ꯑꯐ꯭ꯔꯤ ꯀꯥ    ꯁꯤ ,77,29
1146,ꯗꯤ,ꯗꯤ ,2,1
1147,ꯁꯤ,ꯁꯤ ,2,1
1148,ꯀꯣꯑꯣꯔꯗꯤꯅꯦꯇꯤꯡ ꯁꯦꯟꯇꯔꯗ ꯂꯩ꯫,ꯀꯣ ꯑꯣꯔ ꯗꯤ ꯅꯦ ꯇꯤꯡ    ꯁꯦꯟ ꯇꯔꯗ    ꯂꯩ꯫ ,21,8
1149,ꯑꯦꯟ,ꯑꯦꯟ ,3,1
1150,ꯁꯤ,ꯁꯤ ,2,1
1151,ꯗꯤ,ꯗꯤ ,2,1
1152,ꯑꯦꯂꯥꯏꯟꯁꯅ ꯂꯧꯅꯒꯟꯗꯕ ꯂꯥꯏꯅꯥꯁꯤꯡ ꯊꯦꯡꯅꯅꯕ ꯅꯦꯁꯅꯦꯜ ꯃꯦꯝꯕꯔ ꯑꯦꯁꯣꯁꯤꯑꯦꯁꯟ ꯆꯥꯎꯔꯥꯛꯅ ꯹꯰꯰ ꯄꯨꯟꯁꯤꯜꯂꯤ꯫,ꯑꯦ ꯂꯥꯏꯟ ꯁꯅ    ꯂꯧ ꯅ ꯒꯟ ꯗꯕ    ꯂꯥꯏ ꯅꯥ ꯁꯤꯡ    ꯊꯦꯡꯅ ꯅꯕ    ꯅꯦꯁꯅꯦꯜ    ꯃꯦꯝꯕꯔ    ꯑꯦꯁꯣꯁꯤꯑꯦꯁꯟ    ꯆꯥꯎꯔꯥꯛꯅ    ꯹ ꯰꯰    ꯄꯨꯟꯁꯤ ꯜꯂꯤ꯫ ,69,20
1153,ꯖꯤ,ꯖꯤ ,2,1
1154,ꯑꯥꯏ,ꯑ ꯥꯏ ,3,2
1155,"ꯇ꯭ꯔꯦꯛ ꯑꯁꯤꯗ ꯃꯤꯑꯣꯏꯕ ꯑꯃꯗꯤ ꯑꯇꯩ ꯁꯥꯁꯤꯡꯗ ꯏꯁꯣꯐꯦꯒꯁ, ꯆꯥꯛꯈꯥꯎ ꯑꯃꯗꯤ ꯊꯤꯕꯣꯡ-ꯊꯤꯔꯤꯜ ꯌꯥꯎꯅ ꯗꯥꯏꯖꯦꯁꯇꯤꯕ ꯁꯤꯁꯇꯦꯝ ꯑꯁꯤꯒꯤ ꯃꯔꯨꯑꯣꯏꯕ ꯍꯛꯆꯥꯡ ꯀꯌꯥꯠ ꯂꯣꯏꯅꯃꯛ ꯌꯥꯎꯋꯤ꯫","ꯇ꯭ꯔꯦꯛ    ꯑꯁꯤꯗ    ꯃꯤ ꯑꯣꯏꯕ    ꯑꯃꯗꯤ    ꯑꯇꯩ    ꯁꯥ ꯁꯤꯡꯗ    ꯏ ꯁꯣ ꯐꯦ ꯒ ꯁ,    ꯆꯥꯛ ꯈ ꯥꯎ    ꯑꯃꯗꯤ    ꯊꯤ ꯕ ꯣꯡ - ꯊꯤ ꯔꯤ ꯜ    ꯌꯥꯎꯅ    ꯗꯥꯏ ꯖ ꯦꯁ ꯇꯤꯕ    ꯁꯤꯁꯇꯦꯝ    ꯑꯁꯤꯒꯤ    ꯃꯔꯨꯑꯣꯏꯕ    ꯍꯛꯆꯥꯡ    ꯀꯌꯥ ꯠ    ꯂꯣꯏꯅ ꯃꯛ    ꯌꯥꯎꯋꯤ꯫ ",109,38
1156,ꯒꯦꯁꯇ꯭ꯔꯣꯏꯟꯇꯦꯁꯇꯤꯅꯦꯜ ꯇ꯭ꯔꯦꯛ (ꯖꯤ,ꯒ ꯦꯁ ꯇ꯭ꯔ ꯣꯏ ꯟ ꯇꯦꯁ ꯇꯤ ꯅꯦꯜ    ꯇ꯭ꯔꯦꯛ    ( ꯖꯤ ,25,11
1157,ꯑꯥꯏ,ꯑ ꯥꯏ ,3,2
1158,"ꯇ꯭ꯔꯦꯛ, ꯗꯥꯏꯖꯦꯁꯇꯤꯕ ꯇ꯭ꯔꯦꯛ, ꯑꯦꯂꯤꯃꯦꯟꯇꯔꯤ ꯀꯦꯅꯦꯜ) ꯑꯁꯤ ꯆꯤꯟꯗꯒꯤ ꯑꯃꯥꯡꯊꯣꯡꯐꯥꯎ ꯇꯥꯕ ꯗꯥꯏꯖꯦꯁꯇꯤꯕ ꯁꯤꯁꯇꯦꯝꯒꯤ ꯇ꯭ꯔꯦꯛ ꯅꯠꯇ꯭ꯔꯒ ꯂꯝꯕꯤ ꯑꯗꯨꯅꯤ꯫","ꯇ꯭ꯔꯦ ꯛ,    ꯗꯥꯏ ꯖ ꯦꯁ ꯇꯤꯕ    ꯇ꯭ꯔꯦ ꯛ,    ꯑꯦꯂꯤ ꯃꯦꯟ ꯇꯔꯤ    ꯀꯦ ꯅꯦ ꯜ )    ꯑꯁꯤ    ꯆꯤꯟ ꯗꯒꯤ    ꯑꯃꯥꯡ ꯊꯣꯡ ꯐꯥꯎ   ꯇꯥꯕ    ꯗꯥꯏ ꯖ ꯦꯁ ꯇꯤꯕ    ꯁꯤꯁꯇꯦ ꯝꯒꯤ    ꯇ꯭ꯔꯦꯛ    ꯅꯠꯇ꯭ꯔꯒ    ꯂꯝꯕꯤ    ꯑꯗꯨꯅꯤ꯫ ",97,32
1159,"ꯈꯨꯗꯝ ꯑꯣꯏꯅ, ꯆꯥꯛꯈꯥꯎꯒꯤ ꯑꯅꯦꯝꯕ ꯄꯤ","ꯈꯨꯗꯝ    ꯑꯣꯏꯅ,    ꯆꯥꯛ ꯈ ꯥꯎ ꯒꯤ    ꯑ ꯅꯦꯝꯕ    ꯄꯤ ",24,9
1160,ꯑꯩꯆ,ꯑꯩ ꯆ ,3,2
1161,(꯱ꯗꯒꯤ ꯴ ꯐꯥꯎꯒꯤ ꯃꯅꯨꯡꯗ ꯂꯩꯕ) ꯑꯁꯤ ꯃꯁꯤꯗ ꯆꯪꯕ ꯃꯍꯤꯛ ꯀꯌꯥꯒꯤꯗꯃꯛ ꯁꯤꯅꯤꯉꯥꯏ ꯑꯣꯏ꯫,( ꯱ꯗꯒꯤ    ꯴    ꯐꯥꯎ ꯒꯤ    ꯃꯅꯨꯡꯗ    ꯂꯩꯕ )    ꯑꯁꯤ    ꯃꯁꯤꯗ    ꯆꯪꯕ    ꯃꯍꯤ ꯛ    ꯀꯌꯥ ꯒꯤꯗꯃꯛ    ꯁꯤ ꯅꯤꯉꯥꯏ    ꯑꯣꯏ꯫ ,53,18
1162,"ꯄꯔꯁꯅꯦꯂꯤꯇꯤ ꯗꯤꯁꯑꯣꯔꯗꯔꯁꯤꯡꯒꯤꯗꯃꯛ, ꯃꯔꯨꯑꯣꯏꯅ ꯕꯣꯔꯗꯔꯂꯥꯏꯟ ꯄꯔꯁꯅꯦꯂꯤꯇꯤ ꯗꯤꯁꯑꯣꯔꯗꯔꯒꯤꯗꯃꯛ, ꯈꯨꯗꯝ-ꯆꯥꯡꯗꯝꯗ ꯌꯨꯝꯐꯝ ꯑꯣꯏꯕ ꯁꯥꯏꯀꯣꯊꯦꯔꯥꯄꯤꯁꯤꯡꯒꯤ ꯃꯅꯨꯡꯗ ꯀꯣꯒꯅꯤꯇꯤꯕ ꯕꯤꯍꯦꯕꯤꯌꯔꯦꯜ ꯊꯦꯔꯥꯄꯤ ꯑꯃꯗꯤ ꯗꯥꯏꯂꯦꯛꯇꯦꯜ ꯕꯤꯍꯦꯕꯤꯌꯔ ꯊꯦꯔꯥꯄꯤ ꯌꯥꯎꯋꯤ꯫","ꯄꯔ ꯁ ꯅꯦ ꯂꯤꯇꯤ    ꯗꯤꯁ ꯑꯣꯔ ꯗꯔ ꯁꯤꯡ ꯒꯤꯗꯃꯛ,    ꯃꯔꯨꯑꯣꯏꯅ    ꯕꯣꯔ ꯗꯔ ꯂꯥꯏꯟ    ꯄꯔ ꯁ ꯅꯦ ꯂꯤꯇꯤ    ꯗꯤꯁ ꯑꯣꯔ ꯗꯔ ꯒꯤꯗꯃꯛ,    ꯈꯨꯗ ꯝ- ꯆꯥꯡꯗ ꯝꯗ    ꯌꯨꯝꯐꯝ    ꯑꯣꯏꯕ    ꯁꯥꯏ ꯀꯣ ꯊꯦ ꯔꯥ ꯄꯤ ꯁꯤꯡꯒꯤ    ꯃꯅꯨꯡꯗ    ꯀꯣ ꯒꯅꯤ ꯇꯤꯕ    ꯕꯤ ꯍꯦ ꯕꯤ ꯌ ꯔꯦꯜ    ꯊꯦ ꯔꯥ ꯄꯤ    ꯑꯃꯗꯤ    ꯗꯥꯏ ꯂꯦꯛ ꯇꯦꯜ    ꯕꯤ ꯍꯦ ꯕꯤ ꯌꯔ    ꯊꯦ ꯔꯥ ꯄꯤ    ꯌꯥꯎꯋꯤ꯫ ",163,57
1163,ꯏ,ꯏ ,1,1
1164,ꯁꯤ,ꯁꯤ ,2,1
1165,ꯗꯤ,ꯗꯤ ,2,1
1166,ꯁꯤ,ꯁꯤ ,2,1
1167,ꯑꯃꯗꯤ ꯗꯕꯜꯌꯨ,ꯑꯃꯗꯤ    ꯗꯕꯜ ꯌꯨ ,9,3
1168,ꯑꯩꯆ,ꯑꯩ ꯆ ,3,2
1169,ꯑꯣ,ꯑꯣ ,2,1
1170,"ꯒꯤ ꯌꯨꯔꯣꯞꯀꯤ ꯔꯤꯖꯅꯦꯜ ꯑꯣꯐꯤꯁꯅ ꯍꯣꯁꯄꯤꯇꯥꯜꯁꯤꯡ ꯑꯃꯗꯤ ꯄ꯭ꯔꯥꯏꯃꯔꯤ ꯍꯦꯜꯊꯀꯦꯌꯔ ꯁꯔꯚꯤꯁꯁꯤꯡꯒꯤꯗꯃꯛ ꯃꯁꯤꯡ ꯌꯥꯝꯂꯕ ꯊꯥꯛꯁꯤꯡꯗ ꯔꯤꯁꯣꯔꯁꯁꯤꯡ ꯍꯣꯡꯕꯒꯤꯗꯃꯛꯇ ꯆꯠꯅꯄꯊꯥꯞꯁꯤꯡ ꯐꯣꯡꯈꯤ, ꯃꯁꯤꯗ ꯂꯦꯕꯣꯔꯦꯇꯔꯤ ꯁꯔꯚꯤꯁꯁꯤꯡꯗ ꯆꯥꯡꯌꯦꯡ ꯇꯧꯕꯔꯣꯝꯗ ꯃꯥꯏ ꯑꯣꯟꯁꯤꯟꯕ, ꯏꯂꯦꯛꯇꯤꯕ ꯑꯣꯏꯕ ꯄ꯭ꯔꯣꯁꯤꯖ꯭ꯌꯨꯔꯁꯤꯡ ꯇꯣꯛꯊꯣꯛꯄ, ꯑꯅꯥꯕ ꯃꯤꯑꯣꯏꯁꯤꯡ ꯇꯣꯈꯥꯏꯍꯟꯕ ꯑꯃꯗꯤ ꯃꯤꯒ ꯇꯤꯟꯅꯍꯟꯗꯅ ꯊꯝꯕ, ꯑꯃꯗꯤ ꯊꯕꯛꯀꯤ ꯃꯤꯑꯣꯏꯁꯤꯡ ꯇꯥꯛꯄꯤ-ꯇꯝꯕꯤꯗꯨꯅ ꯏꯟꯇꯦꯟꯁꯤꯕ ꯀꯦꯌꯔꯒꯤ ꯃꯇꯤꯛ ꯍꯦꯟꯒꯠꯍꯟꯕ ꯑꯃꯗꯤ ꯚꯦꯟꯇꯤꯂꯦꯇꯔꯁꯤꯡ ꯑꯃꯁꯨꯡ ꯐꯃꯨꯡꯁꯤꯡ ꯍꯦꯟꯒꯠꯍꯟꯕ ꯌꯥꯎꯋꯤ꯫","ꯒꯤ    ꯌꯨꯔꯣꯞꯀꯤ    ꯔꯤꯖ ꯅꯦꯜ    ꯑꯣꯐꯤ ꯁꯅ    ꯍꯣ ꯁ ꯄꯤ ꯇꯥ ꯜꯁꯤꯡ    ꯑꯃꯗꯤ    ꯄ꯭ꯔꯥꯏ ꯃꯔꯤ    ꯍꯦꯜ ꯊ ꯀꯦ ꯌꯔ    ꯁꯔꯚꯤ ꯁ ꯁꯤꯡꯒꯤꯗꯃꯛ    ꯃꯁꯤꯡ    ꯌꯥꯝꯂꯕ    ꯊꯥꯛ ꯁꯤꯡꯗ    ꯔꯤ ꯁꯣꯔ ꯁꯁꯤꯡ    ꯍꯣꯡ ꯕ ꯒꯤꯗꯃꯛꯇ    ꯆꯠꯅ ꯄꯊꯥ ꯞꯁꯤꯡ    ꯐꯣꯡ ꯈꯤ,    ꯃꯁꯤꯗ    ꯂꯦ ꯕꯣ ꯔꯦ ꯇꯔꯤ    ꯁꯔꯚꯤ ꯁ ꯁꯤꯡꯗ    ꯆꯥꯡꯌꯦꯡ    ꯇꯧꯕ ꯔꯣꯝꯗ    ꯃꯥꯏ    ꯑꯣꯟ ꯁꯤꯟ ꯕ,    ꯏꯂꯦꯛ ꯇꯤꯕ    ꯑꯣꯏꯕ    ꯄ꯭ꯔꯣ ꯁꯤꯖ ꯭ꯌꯨ ꯔ ꯁꯤꯡ    ꯇꯣꯛ ꯊꯣꯛ ꯄ,    ꯑꯅꯥꯕ    ꯃꯤꯑꯣꯏꯁꯤꯡ    ꯇꯣꯈꯥꯏ ꯍꯟꯕ    ꯑꯃꯗꯤ    ꯃꯤ ꯒ    ꯇꯤꯟ ꯅ ꯍꯟ ꯗꯅ    ꯊ ꯝꯕ ,    ꯑꯃꯗꯤ    ꯊꯕ ꯛꯀꯤ    ꯃꯤꯑꯣꯏꯁꯤꯡ    ꯇꯥꯛ ꯄꯤ - ꯇꯝꯕꯤ ꯗꯨꯅ    ꯏꯟ ꯇꯦꯟ ꯁꯤꯕ    ꯀꯦ ꯌꯔꯒꯤ    ꯃꯇꯤꯛ    ꯍꯦꯟꯒꯠ ꯍꯟꯕ    ꯑꯃꯗꯤ    ꯚꯦꯟ ꯇꯤ ꯂꯦ ꯇꯔꯁꯤꯡ    ꯑꯃꯁꯨꯡ    ꯐ ꯃ ꯨꯡ ꯁꯤꯡ    ꯍꯦꯟꯒꯠ ꯍꯟꯕ    ꯌꯥꯎꯋꯤ꯫ ",332,106
1171,"ꯍꯛꯆꯥꯡꯒꯤ ꯐꯤꯕꯝꯒꯤ ꯐꯜꯁꯤꯡꯒꯤ ꯃꯅꯨꯡꯗ ꯑꯁꯣꯛ-ꯑꯄꯟ (ꯂꯦꯁꯔꯦꯁꯟꯁꯤꯡꯗꯒꯤ ꯁꯔꯨ ꯇꯦꯛꯄꯁꯤꯡ ꯑꯃꯗꯤ ꯃꯅꯨꯡꯒꯤ ꯍꯛꯆꯥꯡ ꯀꯌꯥꯠꯁꯤꯡꯒꯤ ꯑꯁꯣꯛ-ꯑꯄꯟ ꯐꯥꯎꯕ), ꯄꯥꯝꯗꯕ ꯃꯤꯔꯣꯟꯕ, ꯒꯥꯏꯅꯦꯀꯣꯂꯣꯖꯤꯀꯦꯜ ꯑꯣꯏꯕ ꯈꯨꯗꯣꯡꯊꯤꯕꯁꯤꯡ, ꯑꯩꯆ","ꯍꯛꯆꯥꯡꯒꯤ    ꯐꯤꯕ ꯝꯒꯤ    ꯐ ꯜꯁꯤꯡꯒꯤ    ꯃꯅꯨꯡꯗ    ꯑꯁꯣꯛ-ꯑꯄꯟ    ( ꯂꯦꯁ ꯔꯦꯁ ꯟ ꯁꯤꯡꯗꯒꯤ    ꯁꯔ ꯨ    ꯇꯦꯛ ꯄꯁꯤꯡ    ꯑꯃꯗꯤ    ꯃꯅꯨꯡꯒꯤ    ꯍꯛꯆꯥꯡ    ꯀꯌꯥ ꯠꯁꯤꯡꯒꯤ    ꯑꯁꯣꯛ-ꯑꯄꯟ    ꯐꯥꯎ ꯕ ),    ꯄꯥꯝ ꯗꯕ    ꯃꯤ ꯔꯣꯟ ꯕ,    ꯒꯥꯏ ꯅꯦ ꯀꯣ ꯂꯣꯖꯤꯀꯦꯜ    ꯑꯣꯏꯕ    ꯈꯨꯗꯣꯡꯊꯤ ꯕꯁꯤꯡ,    ꯑꯩ ꯆ ",140,39
1172,ꯑꯥꯏ,ꯑ ꯥꯏ ,3,2
1173,ꯚꯤ,ꯚꯤ ,2,1
1174,ꯌꯥꯎꯅ ꯑꯦꯁ,ꯌꯥꯎꯅ    ꯑꯦꯁ,7,2
1175,ꯇꯤ,ꯇꯤ ,2,1
1176,ꯗꯤ,ꯗꯤ ,2,1
1177,"ꯁꯤꯡ, ꯊꯥ ꯁꯨꯗ꯭ꯔꯤꯉꯩꯗ ꯑꯉꯥꯡ ꯁꯤꯅ ꯄꯣꯛꯄ, ꯄꯦꯜꯕꯤꯛ ꯏꯟꯐ꯭ꯂꯦꯃꯦꯇꯔꯤ ꯗꯤꯖꯤꯖꯁꯤꯡ, ꯀ꯭ꯔꯣꯅꯤꯛ ꯑꯣꯏꯅ ꯄꯤꯔꯥꯏ ꯅꯥꯕ, ꯀꯣꯛ ꯆꯤꯛꯄꯁꯤꯡ, ꯃꯇꯝ ꯄꯨꯝꯕꯒꯤ ꯑꯣꯏꯕ ꯍꯛꯆꯥꯡ ꯁꯣꯏꯅꯥꯏꯕꯁꯤꯡ, ꯑꯁꯃꯥ, ꯏꯔꯤꯇꯦꯕꯜ ꯕꯋꯦꯜ ꯁꯤꯟꯗ꯭ꯔꯣꯝ, ꯃꯁꯥꯗ ꯁꯣꯛꯍꯟꯕ ꯂꯝꯆꯠ-ꯁꯥꯖꯠꯁꯤꯡ (ꯃꯩꯈꯨ ꯊꯛꯄ, ꯉꯥꯛꯊꯣꯛꯇꯕ ꯍꯛꯇꯤꯟꯅꯕ) ꯌꯥꯎꯋꯤ꯫ ꯃꯦꯟꯇꯦꯜ ꯍꯦꯜꯊꯀꯤ ꯏꯐꯦꯛꯁꯤꯡꯒꯤ ꯃꯅꯨꯡꯗ ꯋꯥꯈꯜ ꯋꯥꯕ, ꯀꯤꯕ, ꯋꯥꯈꯜ ꯆꯔꯥꯡꯅꯕ, ꯃꯁꯥꯕꯨ ꯍꯟꯊꯅ ꯈꯟꯖꯕ, ꯁꯦꯛꯆꯨꯑꯦꯜ ꯗꯤꯁꯐꯪꯁꯟ, ꯆꯥꯕꯒꯤ ꯗꯤꯁꯑꯣꯔꯗꯔꯁꯤꯡ, ꯑꯣꯕꯁꯦꯁꯁꯤꯕ-ꯀꯝꯄꯜꯁꯤꯕ ꯗꯤꯁꯑꯣꯔꯗꯔ ꯅꯠꯇ꯭ꯔꯒ ꯄꯣꯁꯠ-ꯇ꯭ꯔꯣꯃꯦꯇꯤꯛ ꯁ꯭ꯇ꯭ꯔꯦꯁ ꯗꯤꯁꯑꯣꯔꯗꯔ ꯌꯥꯎꯕ ꯌꯥꯏ꯫","ꯁꯤꯡ,    ꯊꯥ    ꯁꯨ ꯗ꯭ꯔꯤꯉꯩꯗ    ꯑꯉꯥꯡ    ꯁꯤꯅ    ꯄꯣꯛ ꯄ,    ꯄꯦ ꯜ ꯕꯤ ꯛ    ꯏꯟ ꯐ꯭ ꯂꯦ ꯃꯦ ꯇꯔꯤ    ꯗꯤꯖꯤ ꯖ ꯁꯤꯡ,    ꯀ꯭ꯔꯣ ꯅꯤꯛ    ꯑꯣꯏꯅ    ꯄꯤ ꯔꯥꯏ    ꯅꯥ ꯕ,    ꯀꯣꯛ    ꯆꯤ ꯛꯄ ꯁꯤꯡ,    ꯃꯇꯝ    ꯄꯨꯝꯕꯒꯤ    ꯑꯣꯏꯕ    ꯍꯛꯆꯥꯡ    ꯁꯣꯏ ꯅꯥꯏ ꯕꯁꯤꯡ,    ꯑ ꯁꯃꯥ ,    ꯏ ꯔꯤꯇꯦ ꯕꯜ    ꯕ ꯋꯦ ꯜ    ꯁꯤꯟ ꯗ꯭ꯔꯣ ꯝ,    ꯃꯁꯥ ꯗ    ꯁꯣꯛ ꯍꯟꯕ    ꯂꯝ ꯆꯠ -ꯁꯥ ꯖ ꯠꯁꯤꯡ    ( ꯃꯩ ꯈ ꯨ    ꯊ ꯛꯄ ,    ꯉꯥꯛꯊꯣꯛ ꯇꯕ    ꯍꯛ ꯇꯤꯟ ꯅꯕ )    ꯌꯥꯎꯋꯤ꯫    ꯃꯦꯟ ꯇꯦꯜ    ꯍꯦꯜ ꯊ ꯀꯤ    ꯏ ꯐꯦꯛ ꯁꯤꯡꯒꯤ    ꯃꯅꯨꯡꯗ    ꯋꯥꯈꯜ    ꯋꯥ ꯕ,    ꯀꯤ ꯕ,    ꯋꯥꯈꯜ    ꯆ ꯔꯥꯡ ꯅꯕ,    ꯃꯁꯥꯕꯨ    ꯍꯟꯊ ꯅ    ꯈꯟ ꯖ ꯕ,    ꯁꯦꯛ ꯆꯨ ꯑꯦꯜ    ꯗꯤꯁ ꯐꯪ ꯁꯟ ,    ꯆꯥ ꯕꯒꯤ    ꯗꯤꯁ ꯑꯣꯔ ꯗꯔ ꯁꯤꯡ,    ꯑꯣ ꯕꯁ ꯦꯁ ꯁꯤ ꯕ- ꯀꯝꯄ ꯜ ꯁꯤꯕ    ꯗꯤꯁ ꯑꯣꯔꯗꯔ    ꯅꯠꯇ꯭ꯔꯒ    ꯄꯣ ꯁꯠ - ꯇ꯭ꯔꯣ ꯃꯦ ꯇꯤꯛ    ꯁ꯭ꯇ꯭ꯔ ꯦꯁ    ꯗꯤꯁ ꯑꯣꯔꯗꯔ    ꯌꯥꯎꯕ    ꯌꯥꯏ꯫ ",355,133
1178,"ꯃꯇꯨꯡ ꯇꯥꯔꯛꯄ ꯆꯍꯤꯁꯤꯡꯗ ꯂꯨꯞ ꯗꯥꯏꯌꯨꯔꯦꯇꯤꯛꯁꯤꯡ (ꯂꯦꯁꯤꯛꯁ/ꯐ꯭ꯌꯨꯔꯣꯁꯦꯃꯥꯏꯗ, ꯍꯣꯛꯁꯠ ꯐꯥꯔꯃꯥꯁꯨꯇꯤꯀꯦꯜꯁ, ꯱꯹꯶꯳), ꯕꯦꯇꯥ ꯕ꯭ꯂꯣꯀꯔꯁꯤꯡ (ꯑꯥꯏ","ꯃꯇꯨꯡ    ꯇꯥꯔꯛꯄ    ꯆꯍꯤ ꯁꯤꯡꯗ    ꯂꯨꯞ    ꯗꯥꯏ ꯌꯨ ꯔꯦ ꯇꯤ ꯛꯁꯤꯡ    ( ꯂꯦ ꯁꯤ ꯛꯁ / ꯐ ꯭ꯌꯨ ꯔꯣ ꯁꯦ ꯃꯥꯏ ꯗ,    ꯍ ꯣꯛ ꯁꯠ    ꯐꯥꯔ ꯃꯥ ꯁꯨ ꯇꯤ ꯀꯦ ꯜ ꯁ,    ꯱꯹꯶ ꯳ ),    ꯕꯦ ꯇꯥ    ꯕ꯭ ꯂꯣ ꯀꯔ ꯁꯤꯡ    ( ꯑ ꯥꯏ ",95,43
1179,ꯁꯤ,ꯁꯤ ,2,1
1180,ꯑꯥꯏ,ꯑ ꯥꯏ ,3,2
1181,"ꯐꯥꯔꯃꯥꯁꯨꯇꯤꯀꯦꯜꯁ, ꯱꯹꯶꯴), ꯑꯦ","ꯐꯥꯔ ꯃꯥ ꯁꯨ ꯇꯤ ꯀꯦ ꯜ ꯁ,    ꯱꯹꯶ ꯴ ),    ꯑꯦ ",22,11
1182,ꯁꯤ,ꯁꯤ ,2,1
1183,ꯏ,ꯏ ,1,1
1184,ꯏꯟꯍꯤꯕꯤꯇꯔꯁꯤꯡ ꯑꯃꯗꯤ ꯑꯦꯟꯖꯤꯑꯣꯇꯦꯟꯁꯤꯟ ꯔꯤꯁꯦꯞꯇꯔ ꯕ꯭ꯂꯣꯀꯔꯁꯤꯡ ꯌꯥꯎꯅ ꯑꯦꯟꯇꯤꯍꯥꯏꯄꯔꯇꯦꯟꯁꯤꯕ ꯗ꯭ꯔꯒ ꯑꯗꯨꯒꯤ ꯑꯇꯣꯞꯄ ꯀꯥꯡꯂꯨꯞꯁꯤꯡ ꯄꯨꯊꯣꯛꯈꯤ ꯑꯃꯗꯤ ꯀꯝꯕꯤꯅꯦꯁꯟ ꯊꯦꯔꯥꯄꯤꯗ ꯄꯥꯛ ꯁꯟꯅ ꯌꯥꯅꯈꯤ꯫,ꯏꯟ ꯍꯤ ꯕꯤ ꯇꯔꯁꯤꯡ    ꯑꯃꯗꯤ    ꯑꯦꯟ ꯖꯤꯑꯣ ꯇꯦꯟ ꯁꯤꯟ    ꯔꯤ ꯁꯦꯞ ꯇꯔ    ꯕ꯭ ꯂꯣ ꯀꯔ ꯁꯤꯡ    ꯌꯥꯎꯅ    ꯑꯦꯟꯇꯤ ꯍꯥꯏ ꯄꯔ ꯇꯦꯟ ꯁꯤꯕ    ꯗ꯭ꯔ ꯒ    ꯑꯗꯨꯒꯤ    ꯑꯇꯣꯞꯄ    ꯀꯥꯡꯂꯨꯞꯁꯤꯡ    ꯄꯨꯊꯣꯛ ꯈꯤ    ꯑꯃꯗꯤ    ꯀꯝ ꯕꯤ ꯅꯦꯁꯟ    ꯊꯦ ꯔꯥ ꯄꯤ ꯗ    ꯄꯥꯛ    ꯁꯟꯅ    ꯌꯥ ꯅꯈꯤ꯫ ,125,41
1185,"ꯃꯄꯨꯡꯑꯣꯏꯕ ꯆꯤꯡꯖꯥꯛꯀꯤ ꯃꯍꯩ-ꯃꯔꯣꯡ ꯑꯣꯏꯔꯤꯕ ꯐꯧ ꯑꯁꯤ ꯑꯌꯥꯝꯕꯅ ꯑꯟꯗꯃꯥꯟꯒꯤ ꯏꯊꯠꯁꯤꯡꯒꯤ ꯀꯥꯡꯂꯨꯞꯇ ꯊꯥꯏ, ꯑꯗꯨꯒ ꯌꯨꯕꯤ ꯑꯃꯗꯤ ꯀ꯭ꯋꯥ ꯃꯔꯨꯁꯤꯡꯅ ꯅꯤꯀꯣꯕꯥꯔꯒꯤ ꯏꯊꯠꯁꯤꯡꯒꯤ ꯀꯥꯡꯂꯨꯞꯀꯤ ꯁꯦꯟꯗꯣꯡꯒꯤ ꯑꯣꯏꯕ ꯃꯍꯩ-ꯃꯔꯣꯡꯁꯤꯡꯅꯤ꯫","ꯃꯄꯨꯡ ꯑꯣꯏꯕ    ꯆꯤꯡ ꯖ ꯥꯛ ꯀꯤ    ꯃꯍꯩ-ꯃꯔ ꯣꯡ    ꯑꯣꯏꯔꯤꯕ    ꯐ ꯧ    ꯑꯁꯤ    ꯑꯌꯥꯝꯕꯅ    ꯑꯟꯗ ꯃꯥꯟ ꯒꯤ    ꯏꯊ ꯠꯁꯤꯡꯒꯤ    ꯀꯥꯡꯂꯨ ꯞꯇ    ꯊꯥꯏ ,    ꯑꯗꯨꯒ    ꯌꯨ ꯕꯤ    ꯑꯃꯗꯤ    ꯀ꯭ꯋ ꯥ    ꯃꯔꯨ ꯁꯤꯡꯅ    ꯅꯤꯀꯣ ꯕꯥꯔ ꯒꯤ    ꯏꯊ ꯠꯁꯤꯡꯒꯤ    ꯀꯥꯡꯂꯨꯞꯀꯤ    ꯁꯦꯟꯗ ꯣꯡ ꯒꯤ    ꯑꯣꯏꯕ    ꯃꯍꯩ-ꯃꯔꯣꯡ ꯁꯤꯡꯅꯤ꯫ ",142,42
1186,ꯑꯦ,ꯑꯦ ,2,1
1187,ꯇꯤ,ꯇꯤ ,2,1
1188,ꯑꯥꯏ,ꯑ ꯥꯏ ,3,2
1189,ꯅ ꯏꯪ ꯱꯹꯹꯶ꯇ ꯂꯦꯞꯇꯣꯞꯁꯤꯡꯗ ꯳ꯗꯤ-ꯒ꯭ꯔꯥꯐꯤꯛꯁ ꯑꯦꯛꯁꯆꯦꯂꯔꯦꯁꯟ ꯍꯧꯗꯣꯛꯇꯨꯅ ꯃꯣꯕꯥꯏꯜ ꯀꯝꯄ꯭ꯌꯨꯇꯤꯡ ꯁꯦꯛꯇꯔ ꯑꯗꯨꯗ ꯆꯪꯈꯤ꯫,ꯅ    ꯏꯪ    ꯱꯹꯹ ꯶ꯇ    ꯂꯦꯞ ꯇꯣ ꯞ ꯁꯤꯡꯗ    ꯳ ꯗꯤ - ꯒ꯭ꯔꯥꯐꯤ ꯛꯁ    ꯑꯦꯛꯁ ꯆꯦ ꯂꯔ ꯦꯁꯟ    ꯍꯧꯗꯣꯛ ꯇꯨꯅ    ꯃꯣ ꯕꯥꯏ ꯜ    ꯀꯝꯄ꯭ꯌꯨ ꯇꯤꯡ    ꯁꯦ ꯛꯇꯔ    ꯑꯗꯨꯗ    ꯆꯪ ꯈꯤ꯫ ,78,29
1190,"ꯀꯣꯏꯂꯥ ꯇꯥꯟꯕ ꯍꯧꯗ꯭ꯔꯤꯉꯥꯏꯗ, ꯓꯥꯔꯤꯌꯥꯒꯤ ꯐꯨꯔꯨꯞꯀꯤ ꯃꯤꯑꯣꯏꯁꯤꯡ ꯇꯥꯔꯝꯕ ꯎꯃꯪ ꯂꯩꯔꯝꯈꯤ꯫","ꯀꯣꯏ ꯂꯥ    ꯇꯥꯟꯕ    ꯍꯧ ꯗ꯭ꯔꯤ ꯉꯥꯏ ꯗ,    ꯓ ꯥꯔꯤ ꯌꯥꯒꯤ    ꯐꯨꯔꯨ ꯞꯀꯤ    ꯃꯤꯑꯣꯏꯁꯤꯡ    ꯇꯥꯔ ꯝꯕ    ꯎꯃꯪ    ꯂꯩꯔꯝ ꯈꯤ꯫ ",58,18
1191,"ꯏꯟꯇꯔꯅꯦꯁꯅꯦꯜ ꯀꯥꯔꯒꯣ ꯍꯕ ꯄ꯭ꯔꯣꯖꯦꯛ ꯑꯃ ꯑꯣꯏꯔꯤꯕ, ꯃꯜꯇꯤ-ꯃꯣꯗꯜ ꯏꯟꯇꯔꯅꯦꯁꯅꯦꯜ ꯀꯥꯔꯒꯣ ꯍꯕ ꯑꯦꯟ ꯑꯦꯌꯔꯄꯣꯔꯠ ꯑꯦꯠ ꯅꯥꯒꯄꯨꯔ (ꯃꯤꯍꯥꯟ) ꯑꯗꯨ ꯁꯦꯝꯒꯠꯂꯦ꯫","ꯏꯟꯇꯔꯅꯦꯁꯅꯦꯜ    ꯀꯥꯔ ꯒꯣ    ꯍ ꯕ    ꯄ꯭ꯔꯣꯖꯦꯛ    ꯑꯃ    ꯑꯣꯏꯔꯤꯕ,    ꯃꯜ ꯇꯤ- ꯃꯣ ꯗꯜ    ꯏꯟꯇꯔꯅꯦꯁꯅꯦꯜ    ꯀꯥꯔ ꯒꯣ    ꯍ ꯕ    ꯑꯦꯟ    ꯑꯦꯌꯔ ꯄꯣꯔꯠ    ꯑꯦ ꯠ    ꯅꯥꯒ ꯄꯨꯔ    ( ꯃꯤ ꯍꯥꯟ )    ꯑꯗꯨ    ꯁꯦꯝꯒꯠ ꯂꯦ꯫ ",97,31
1192,ꯑꯁꯣꯛ ꯂꯦꯂꯦꯟ ꯗꯤꯐꯦꯟꯁ ꯁꯤꯁꯇꯦꯝ ꯂꯤꯃꯤꯇꯦꯗ (ꯑꯦ,ꯑꯁꯣꯛ    ꯂꯦ ꯂꯦꯟ    ꯗꯤꯐꯦꯟ ꯁ    ꯁꯤꯁꯇꯦꯝ    ꯂꯤꯃꯤ ꯇꯦꯗ    ( ꯑꯦ ,31,10
1193,ꯑꯦꯜ,ꯑꯦꯜ ,3,1
1194,ꯗꯤ,ꯗꯤ ,2,1
1195,ꯑꯦꯁ,ꯑꯦꯁ,3,1
1196,")ꯅ ꯑꯁꯣꯛ ꯂꯦꯂꯦꯟꯒꯤ ꯏꯟ-ꯍꯥꯎꯁ ꯑꯥꯔ ꯑꯦꯟ ꯗꯤ ꯕꯦꯁ, ꯃꯁꯤꯒꯤ ꯃꯂꯦꯝꯒꯤ ꯇꯦꯛꯅꯣꯂꯣꯖꯤꯒꯤ ꯃꯀꯣꯛꯊꯣꯡꯕꯁꯤꯡꯒ ꯈꯨꯠꯁꯝꯅꯕ ꯑꯃꯗꯤ ꯚꯥꯔꯠꯇ ꯂꯩꯕ ꯑꯁꯣꯛ ꯂꯦꯂꯦꯟꯒꯤ ꯁ꯭ꯇꯦꯠ-ꯑꯣꯐ-ꯗꯤ-ꯑꯥꯔꯠ ꯄ꯭ꯂꯥꯟꯇꯁꯤꯡꯁꯨ ꯂꯦꯕꯔꯦꯖ ꯇꯧꯋꯤ꯫",")ꯅ    ꯑꯁꯣꯛ    ꯂꯦ ꯂꯦꯟꯒꯤ    ꯏꯟ - ꯍꯥꯎꯁ    ꯑꯥꯔ   ꯑꯦꯟ    ꯗꯤ    ꯕ ꯦꯁ ,    ꯃꯁꯤꯒꯤ    ꯃꯂꯦ ꯝꯒꯤ    ꯇꯦꯛꯅꯣ ꯂꯣꯖꯤ ꯒꯤ    ꯃꯀꯣꯛ ꯊꯣꯡ ꯕ ꯁꯤꯡꯒ    ꯈꯨꯠ ꯁꯝꯅꯕ    ꯑꯃꯗꯤ    ꯚꯥꯔꯠꯇ    ꯂꯩꯕ    ꯑꯁꯣꯛ    ꯂꯦ ꯂꯦꯟꯒꯤ    ꯁ꯭ꯇꯦꯠ - ꯑꯣ ꯐ - ꯗꯤ - ꯑꯥꯔꯠ    ꯄ꯭ꯂꯥꯟ ꯇ ꯁꯤꯡꯁꯨ    ꯂꯦ ꯕ ꯔꯦ ꯖ    ꯇꯧꯋꯤ꯫ ",135,47
1197,ꯄ꯭ꯂꯦꯁꯤ ꯁꯦꯃꯤꯀꯟꯗꯛꯇꯔꯁ ꯂꯤꯃꯤꯇꯦꯗꯅ ꯃꯤꯇꯔ ꯸ꯒꯤ ꯄꯤꯛꯁꯦꯜ ꯄꯤꯠꯆ ꯑꯃ ꯂꯥꯕ ꯖꯦꯁꯄꯔ ꯗꯤꯁꯄ꯭ꯂꯦ ꯁꯤ,ꯄ꯭ꯂꯦ ꯁꯤ    ꯁꯦꯃꯤ ꯀꯟ ꯗ ꯛꯇ ꯔꯁ    ꯂꯤꯃꯤ ꯇꯦ ꯗꯅ    ꯃꯤꯇꯔ    ꯸ꯒꯤ    ꯄꯤꯛ ꯁꯦꯜ    ꯄꯤ ꯠ ꯆ    ꯑꯃ    ꯂꯥ ꯕ    ꯖ ꯦꯁ ꯄꯔ    ꯗꯤꯁ ꯄ꯭ ꯂꯦ    ꯁꯤ ,61,27
1198,ꯑꯦꯝ,ꯑꯦ ꯝ ,3,2
1199,ꯑꯣ,ꯑꯣ ,2,1
1200,ꯑꯦꯁ,ꯑꯦꯁ,3,1
1201,ꯕꯦꯛꯄ꯭ꯂꯦꯟ ꯰,ꯕꯦꯛ ꯄ꯭ ꯂꯦꯟ    ꯰ ,9,4
1202,꯷-ꯏꯟꯆꯤ (ꯃꯤꯂꯤꯃꯤꯇꯔ ꯱꯸) ꯑꯦꯟꯇꯤꯕ ꯃꯦꯇ꯭ꯔꯤꯛꯁ ꯃꯥꯏꯀ꯭ꯔꯣꯂꯦꯗ ꯗꯤꯁꯄ꯭ꯂꯦ ꯑꯃꯗ ꯕꯣꯟꯗ ꯇꯧꯕ ꯃꯣꯅꯣꯂꯤꯊꯤꯛ ꯃꯣꯅꯣꯀ꯭ꯔꯣꯝ ꯕ꯭ꯂꯨ ꯒꯦꯟ-ꯑꯣꯟ-ꯁꯤꯂꯤꯀꯣꯟ ꯋꯦꯐꯔ ꯑꯃ ꯆꯥꯡꯌꯦꯡ ꯇꯧꯗꯨꯅ ꯎꯠꯈꯤ꯫,꯷ - ꯏꯟꯆꯤ    ( ꯃꯤꯂꯤ ꯃꯤꯇꯔ    ꯱꯸ )    ꯑꯦꯟ ꯇꯤꯕ    ꯃꯦ ꯇ꯭ꯔꯤ ꯛꯁ    ꯃꯥꯏꯀ꯭ꯔꯣ ꯂꯦ ꯗ    ꯗꯤꯁ ꯄ꯭ ꯂꯦ    ꯑꯃꯗ    ꯕꯣ ꯟꯗ    ꯇꯧꯕ    ꯃꯣ ꯅꯣ ꯂꯤ ꯊꯤ ꯛ    ꯃꯣ ꯅꯣ ꯀ꯭ꯔꯣ ꯝ    ꯕ꯭ ꯂꯨ    ꯒ ꯦꯟ - ꯑꯣꯟ - ꯁꯤ ꯂꯤ ꯀꯣ ꯟ    ꯋꯦ ꯐꯔ    ꯑꯃ    ꯆꯥꯡꯌꯦꯡ    ꯇꯧꯗꯨꯅ    ꯎꯠꯈꯤ꯫ ,118,49
1203,ꯁꯍꯔ ꯑꯁꯤꯗ ꯆꯥꯎꯈꯠꯄꯒꯤ ꯄꯣꯔꯝ ꯌꯥꯠꯇꯕ ꯃꯑꯣꯡ ꯑꯁꯤꯅ ꯑꯆꯧꯕ ꯇ꯭ꯔꯥꯐꯤꯛ ꯒ꯭ꯔꯤꯗꯂꯣꯛꯁꯤꯡ ꯊꯣꯛꯍꯟꯈꯤ; ꯃꯌꯥꯏ ꯈꯛꯇ ꯑꯣꯏꯅ ꯃꯥꯏ ꯄꯥꯛꯈꯤꯕ ꯐ꯭ꯂꯥꯏꯑꯣꯕꯔ ꯁꯤꯁꯇꯦꯝ ꯑꯃ ꯑꯃꯗꯤ ꯋꯥꯟ-ꯋꯦ ꯇ꯭ꯔꯥꯐꯤꯛ ꯁꯤꯁꯇꯦꯝꯁꯤꯡ ꯍꯧꯗꯣꯛꯈꯤ꯫,ꯁꯍꯔ    ꯑꯁꯤꯗ    ꯆꯥꯎꯈꯠ ꯄꯒꯤ    ꯄꯣꯔ ꯝ    ꯌꯥ ꯠꯇ ꯕ    ꯃꯑꯣꯡ    ꯑꯁꯤꯅ    ꯑꯆꯧꯕ    ꯇ꯭ꯔꯥ ꯐꯤ ꯛ    ꯒ꯭ꯔꯤ ꯗ ꯂꯣꯛ ꯁꯤꯡ    ꯊꯣꯛꯍꯟ ꯈꯤ;    ꯃꯌꯥꯏ    ꯈꯛꯇ    ꯑꯣꯏꯅ    ꯃꯥꯏ    ꯄꯥꯛ ꯈꯤꯕ    ꯐ꯭ ꯂꯥꯏꯑꯣ ꯕꯔ    ꯁꯤꯁꯇꯦꯝ    ꯑꯃ    ꯑꯃꯗꯤ    ꯋꯥꯟ - ꯋꯦ    ꯇ꯭ꯔꯥ ꯐꯤ ꯛ    ꯁꯤꯁꯇꯦ ꯝꯁꯤꯡ    ꯍꯧꯗꯣꯛꯈꯤ꯫ ,133,42
1204,ꯏꯪꯂꯤꯁ ꯂꯣꯟꯒꯤ ꯍꯩꯁꯤꯡꯕ ꯑꯁꯤ ꯅꯤꯌꯔꯁꯣꯔ ꯑꯃꯗꯤ ꯑꯥꯏ,ꯏꯪꯂꯤꯁ    ꯂꯣꯟꯒꯤ    ꯍꯩꯁꯤꯡ ꯕ    ꯑꯁꯤ    ꯅꯤ ꯌꯔ ꯁꯣꯔ    ꯑꯃꯗꯤ    ꯑ ꯥꯏ ,33,11
1205,ꯇꯤ,ꯇꯤ ,2,1
1206,ꯁꯔꯕꯤꯁꯁꯤꯡꯒꯤ ꯃꯔꯨ ꯑꯣꯏꯕ ꯁꯔꯨꯛꯅꯤ꯫,ꯁꯔꯕꯤ ꯁꯁꯤꯡꯒꯤ    ꯃꯔꯨ    ꯑꯣꯏꯕ    ꯁꯔꯨꯛ ꯅꯤ꯫ ,24,6
1207,ꯁꯤ,ꯁꯤ ,2,1
1208,ꯑꯦꯝ,ꯑꯦ ꯝ ,3,2
1209,ꯗꯤ,ꯗꯤ ,2,1
1210,ꯑꯦꯁ,ꯑꯦꯁ,3,1
1211,ꯑꯁꯤ ꯔꯦꯗꯥꯔ-ꯒꯥꯏꯗꯦꯗ ꯑꯦꯟ ꯑꯥꯏ,ꯑꯁꯤ    ꯔꯦ ꯗꯥꯔ - ꯒꯥꯏ ꯗꯦ ꯗ    ꯑꯦꯟ    ꯑ ꯥꯏ ,21,10
1212,ꯑꯥꯔ,ꯑꯥꯔ,3,1
1213,"ꯁꯤꯀꯤꯡ, ꯑꯦꯌꯔ ꯑꯦꯟ ꯒ꯭ꯔꯥꯎꯟ-ꯂꯣꯟꯆꯗ ꯃꯤꯁꯥꯏꯜꯁꯤꯡꯒꯤ ꯃꯥꯌꯣꯛꯇ ꯑꯦꯔꯀ꯭ꯔꯥꯐꯠ ꯑꯗꯨꯗ ꯄꯦꯁꯤꯕ ꯏ","ꯁꯤ ꯀꯤꯡ ,    ꯑꯦ ꯌꯔ    ꯑꯦꯟ    ꯒ꯭ꯔ ꯥꯎ ꯟ- ꯂꯣꯟ ꯆ ꯗ    ꯃꯤ ꯁꯥꯏ ꯜꯁꯤꯡꯒꯤ    ꯃꯥꯌꯣꯛꯇ    ꯑꯦꯔ ꯀ꯭ꯔꯥ ꯐꯠ    ꯑꯗꯨꯗ    ꯄꯦ ꯁꯤꯕ    ꯏ ",61,23
1214,ꯁꯤ,ꯁꯤ ,2,1
1215,ꯑꯦꯝ,ꯑꯦ ꯝ ,3,2
1216,"ꯅ ꯃꯔꯣꯝꯗꯣꯝ ꯉꯥꯛꯊꯣꯛꯆꯕ ꯄꯤꯕ, ꯃꯊꯛꯇ ꯄꯨꯕ ꯗꯤꯐꯦꯟꯁꯤꯕ ꯁꯤꯁꯇꯦꯝ ꯑꯃꯅꯤ꯫","ꯅ    ꯃꯔꯣ ꯝ ꯗꯣ ꯝ    ꯉꯥꯛꯊꯣꯛ ꯆꯕ    ꯄꯤ ꯕ,    ꯃꯊꯛꯇ    ꯄꯨꯕ    ꯗꯤꯐꯦꯟ ꯁꯤꯕ    ꯁꯤꯁꯇꯦꯝ    ꯑꯃꯅꯤ꯫ ",46,15
1217,ꯏꯪ ꯲꯰꯱꯳ꯗ ꯏꯖꯤꯞ ꯑꯁꯤ ꯑꯐ꯭ꯔꯤꯀꯥꯗ ꯑꯄꯨꯟꯕ ꯊꯥꯎ ꯁꯤꯖꯤꯟꯅꯕꯒꯤ ꯆꯥꯗ ꯲꯰ ꯍꯦꯟꯗꯨꯅ ꯑꯃꯗꯤ ꯑꯄꯨꯟꯕ ꯗ꯭ꯔꯥꯏ ꯅꯦꯆꯔꯦꯜ ꯒ꯭ꯌꯥꯁ ꯁꯤꯖꯤꯟꯅꯕꯒꯤ ꯆꯥꯗ ꯴꯰ ꯍꯦꯟꯗꯨꯅ ꯑꯐ꯭ꯔꯤꯀꯥꯗ ꯊꯥꯎ ꯑꯃꯗꯤ ꯅꯦꯆꯔꯦꯜ ꯒ꯭ꯌꯥꯁꯀꯤ ꯈ꯭ꯋꯥꯏꯗꯒꯤ ꯆꯥꯎꯕ ꯀꯟꯖ꯭ꯌꯨꯃꯔ ꯑꯣꯏꯈꯤ꯫,ꯏꯪ    ꯲꯰꯱ ꯳ꯗ    ꯏ ꯖꯤ ꯞ    ꯑꯁꯤ    ꯑꯐ꯭ꯔꯤ ꯀꯥꯗ    ꯑꯄꯨꯟꯕ    ꯊ ꯥꯎ    ꯁꯤꯖꯤꯟꯅꯕꯒꯤ    ꯆꯥꯗ    ꯲꯰    ꯍꯦꯟ ꯗꯨꯅ    ꯑꯃꯗꯤ    ꯑꯄꯨꯟꯕ    ꯗ꯭ꯔ ꯥꯏ    ꯅꯦ ꯆꯔꯦꯜ    ꯒ꯭ꯌꯥ ꯁ    ꯁꯤꯖꯤꯟꯅꯕꯒꯤ    ꯆꯥꯗ    ꯴꯰    ꯍꯦꯟ ꯗꯨꯅ    ꯑꯐ꯭ꯔꯤ ꯀꯥꯗ    ꯊ ꯥꯎ    ꯑꯃꯗꯤ    ꯅꯦ ꯆꯔꯦꯜ    ꯒ꯭ꯌꯥ ꯁꯀꯤ    ꯈ꯭ꯋꯥꯏꯗꯒꯤ    ꯆꯥꯎꯕ    ꯀꯟ ꯖ ꯭ꯌꯨ ꯃꯔ    ꯑꯣꯏꯈꯤ꯫ ,149,46
1218,ꯄꯨꯟꯁꯤꯟꯕꯒꯤ ꯊꯧꯑꯣꯡ ꯑꯃꯒꯤ ꯃꯇꯨꯡꯗ ꯑꯦꯁ,ꯄꯨꯟꯁꯤꯟ ꯕꯒꯤ    ꯊꯧꯑꯣꯡ    ꯑꯃꯒꯤ    ꯃꯇꯨꯡꯗ    ꯑꯦꯁ,26,6
1219,ꯕꯤ,ꯕꯤ ,2,1
1220,ꯑꯥꯏ,ꯑ ꯥꯏ ,3,2
1221,"ꯒ ꯂꯦꯝꯍꯧꯔꯤꯕ ꯑꯦꯁꯣꯁꯤꯑꯦꯠ ꯕꯦꯡꯛ ꯵ (ꯃꯤꯡ ꯑꯣꯏꯅ ꯄꯜꯂꯕꯗ, ꯁ꯭ꯇꯦꯠ ꯕꯦꯡꯀ ꯑꯣꯐ ꯕꯤꯀꯥꯅꯦꯔ ꯑꯦꯟ ꯖꯦꯄꯨꯔ, ꯁ꯭ꯇꯦꯠ ꯕꯦꯡꯀ ꯑꯣꯐ ꯍꯥꯏꯗꯔꯕꯥꯗ, ꯁ꯭ꯇꯦꯠ ꯕꯦꯡꯀ ꯑꯣꯐ ꯃꯩꯁꯨꯔ, ꯁ꯭ꯇꯦꯠ ꯕꯦꯡꯀ ꯑꯣꯐ ꯄꯇꯤꯌꯥꯂꯥ ꯑꯃꯗꯤ ꯁ꯭ꯇꯦꯠ ꯕꯦꯡꯀ ꯑꯣꯐ ꯇ꯭ꯔꯋꯟꯀꯣꯔ) ꯑꯃꯗꯤ ꯚꯥꯔꯇꯤꯌꯥ ꯃꯍꯤꯂꯥ ꯕꯦꯡꯀꯒꯤ ꯄꯨꯟꯁꯤꯟꯕ ꯑꯗꯨ ꯏꯪ ꯲꯰꯱꯶ꯀꯤ ꯖꯨꯟ ꯱꯵ꯗ ꯌꯨꯅꯤꯌꯟ ꯀꯦꯕꯤꯅꯦꯠꯅ ꯏꯟ-ꯄ꯭ꯔꯤꯟꯁꯤꯄꯜꯗ ꯑꯌꯥꯕ ꯄꯤꯈꯤ꯫","ꯒ    ꯂꯦꯝꯍꯧꯔꯤꯕ    ꯑꯦꯁꯣꯁꯤ ꯑꯦ ꯠ    ꯕꯦꯡꯛ    ꯵    ( ꯃꯤꯡ    ꯑꯣꯏꯅ    ꯄꯜꯂ ꯕꯗ,    ꯁ꯭ꯇꯦꯠ    ꯕꯦꯡ ꯀ    ꯑꯣꯐ    ꯕꯤ ꯀꯥ ꯅꯦ ꯔ    ꯑꯦꯟ    ꯖꯦ ꯄꯨꯔ,    ꯁ꯭ꯇꯦꯠ    ꯕꯦꯡ ꯀ    ꯑꯣꯐ    ꯍꯥꯏ ꯗꯔ ꯕꯥ ꯗ,    ꯁ꯭ꯇꯦꯠ    ꯕꯦꯡ ꯀ    ꯑꯣꯐ    ꯃꯩ ꯁꯨꯔ ,    ꯁ꯭ꯇꯦꯠ    ꯕꯦꯡ ꯀ    ꯑꯣꯐ    ꯄ ꯇꯤꯌꯥ ꯂꯥ    ꯑꯃꯗꯤ    ꯁ꯭ꯇꯦꯠ    ꯕꯦꯡ ꯀ    ꯑꯣꯐ    ꯇ꯭ꯔ ꯋ ꯟ ꯀꯣꯔ )    ꯑꯃꯗꯤ    ꯚꯥꯔ ꯇꯤꯌꯥ    ꯃꯍꯤ ꯂꯥ    ꯕꯦꯡ ꯀ ꯒꯤ    ꯄꯨꯟ ꯁꯤꯟꯕ    ꯑꯗꯨ    ꯏꯪ    ꯲꯰꯱ ꯶ꯀꯤ    ꯖꯨꯟ    ꯱꯵ ꯗ    ꯌꯨꯅꯤꯌꯟ    ꯀꯦ ꯕꯤ ꯅꯦ ꯠꯅ    ꯏꯟ - ꯄ꯭ꯔꯤ ꯟꯁꯤ ꯄ ꯜꯗ    ꯑꯌꯥꯕ    ꯄꯤꯈꯤ꯫ ",230,85
1222,"ꯒꯦꯜ ꯑꯁꯤ ꯏꯖꯤꯞꯇ ꯂꯩꯕ ꯔꯤꯇꯦꯜ ꯒ꯭ꯌꯥꯁ ꯀꯝꯄꯅꯤ, ꯃꯤꯡ ꯑꯣꯏꯅ ꯄꯜꯂꯕꯗ ꯐꯥꯌꯨꯝ ꯒ꯭ꯌꯥꯁ ꯀꯝꯄꯅꯤ (ꯑꯦꯐ","ꯒꯦ ꯜ    ꯑꯁꯤ    ꯏ ꯖꯤ ꯞꯇ    ꯂꯩꯕ    ꯔꯤ ꯇꯦꯜ    ꯒ꯭ꯌꯥ ꯁ    ꯀꯝꯄ ꯅꯤ,    ꯃꯤꯡ    ꯑꯣꯏꯅ    ꯄꯜꯂ ꯕꯗ    ꯐꯥ ꯌꯨꯝ    ꯒ꯭ꯌꯥ ꯁ    ꯀꯝꯄꯅꯤ    ( ꯑꯦ ꯐ ",61,25
1223,ꯖꯤ,ꯖꯤ ,2,1
1224,ꯁꯤ,ꯁꯤ ,2,1
1225,") ꯑꯃꯗꯤ ꯅꯦꯁꯅꯦꯜ ꯒ꯭ꯌꯥꯁ ꯀꯝꯄꯅꯤ (ꯅꯦꯠꯒ꯭ꯌꯥꯁ), ꯑꯅꯤ ꯑꯁꯤꯗ ꯏꯀ꯭ꯋꯤꯇꯤ ꯄꯥꯔꯠꯅꯔ ꯑꯃꯁꯨ ꯑꯣꯏꯔꯤ꯫",")    ꯑꯃꯗꯤ    ꯅꯦꯁꯅꯦꯜ    ꯒ꯭ꯌꯥ ꯁ    ꯀꯝꯄꯅꯤ    ( ꯅꯦꯠ ꯒ꯭ꯌꯥ ꯁ ),    ꯑꯅꯤ    ꯑꯁꯤꯗ    ꯏꯀ ꯭ꯋꯤ ꯇꯤ    ꯄꯥꯔꯠ ꯅꯔ    ꯑꯃꯁꯨ    ꯑꯣꯏꯔꯤ꯫ ",62,20
1226,"ꯏꯪ ꯱꯸꯲꯴ꯗ ꯍꯦꯃꯤꯜꯇꯟꯕꯨ ꯑꯦꯗꯖꯋꯔꯊꯁꯇꯥꯎꯟꯗ ꯎꯄꯟꯅ꯭ꯌꯥꯁ ꯏꯕꯤ ꯃꯥꯔꯤꯌꯥ ꯑꯦꯗꯖꯋꯔꯊꯇ ꯃꯍꯥꯛꯀꯤ ꯃꯈꯨꯔꯥ ꯖꯦꯝꯁ ꯍꯦꯃꯤꯜꯇꯟꯅ ꯀ꯭ꯌꯨꯔꯦꯠ ꯑꯣꯏꯔꯝꯕ ꯀꯥꯎꯟꯇꯤ ꯃꯤꯊꯀꯤ ꯇ꯭ꯔꯤꯝꯒꯤ ꯚꯤꯀꯥꯔ, ꯔꯦꯚ","ꯏꯪ    ꯱꯸ ꯲ ꯴ꯗ    ꯍꯦ ꯃꯤ ꯜ ꯇꯟ ꯕꯨ    ꯑꯦꯗ ꯖ ꯋꯔ ꯊ ꯁꯇ ꯥꯎ ꯟꯗ    ꯎ ꯄꯟ ꯅ ꯭ꯌꯥ ꯁ    ꯏ ꯕꯤ    ꯃꯥꯔ ꯤ ꯌꯥ    ꯑꯦꯗ ꯖ ꯋꯔ ꯊ ꯇ    ꯃꯍꯥꯛꯀꯤ    ꯃꯈꯨ ꯔꯥ    ꯖꯦ ꯝ ꯁ    ꯍꯦ ꯃꯤ ꯜ ꯇ ꯟꯅ    ꯀ꯭ꯌꯨ ꯔꯦꯠ    ꯑꯣꯏꯔꯝꯕ    ꯀꯥꯎꯟꯇꯤ    ꯃꯤ ꯊ ꯀꯤ    ꯇ꯭ꯔꯤ ꯝꯒꯤ    ꯚꯤ ꯀꯥꯔ ,    ꯔꯦ ꯚ ",117,56
1227,ꯔꯤꯆꯥꯔꯗ ꯕꯠꯂꯔꯅ ꯁꯛꯈꯪ-ꯃꯥꯏꯈꯪꯍꯟꯈꯤ꯫,ꯔꯤ ꯆꯥꯔ ꯗ    ꯕ ꯠ ꯂ ꯔꯅ    ꯁꯛꯈꯪ - ꯃꯥꯏ ꯈꯪ ꯍꯟꯈꯤ꯫ ,26,12
1228,ꯕꯦꯡꯒꯣꯜ ꯀꯦꯃꯤꯀꯦꯜꯁ ꯑꯦꯟ ꯐꯥꯔꯃꯥꯁꯨꯇꯤꯀꯦꯜꯁ ꯑꯁꯤ ꯀꯦꯜꯀꯇ ꯌꯨꯅꯤꯚꯔꯁꯤꯇꯤꯗ ꯀꯦꯃꯤꯁꯇ꯭ꯔꯤꯒꯤ ꯄ꯭ꯔꯣꯐꯦꯁꯔ ꯑꯃ ꯑꯣꯏꯕ ꯄꯤ,ꯕꯦꯡꯒꯣꯜ    ꯀꯦꯃꯤ ꯀꯦ ꯜꯁ    ꯑꯦꯟ    ꯐꯥꯔ ꯃꯥ ꯁꯨ ꯇꯤ ꯀꯦ ꯜꯁ    ꯑꯁꯤ    ꯀꯦ ꯜ ꯀ ꯇ    ꯌꯨꯅꯤꯚꯔꯁꯤ ꯇꯤꯗ    ꯀꯦꯃꯤ ꯁꯇ꯭ꯔꯤ ꯒꯤ    ꯄ꯭ꯔꯣꯐꯦꯁ ꯔ    ꯑꯃ    ꯑꯣꯏꯕ    ꯄꯤ ,76,26
1229,ꯁꯤ,ꯁꯤ ,2,1
1230,ꯔꯦꯅ ꯂꯤꯡꯈꯠꯈꯤ꯫,ꯔꯦꯅ    ꯂꯤꯡꯈꯠꯈꯤ꯫ ,11,2
1231,ꯏ꯭ꯟꯗꯤꯌꯥꯟ ꯑꯦꯌꯔꯂꯥꯏꯟꯁꯅ ꯂꯝ ꯑꯁꯤꯒꯤ ꯂꯝꯕꯦꯜꯁꯤꯡꯗ ꯑꯃꯁꯨꯡ ꯑꯦꯌꯔ ꯏ꯭ꯟꯗꯤꯌꯥ ꯏ꯭ꯟꯇꯔꯅꯦꯁꯅꯦꯜꯅ ꯃꯥꯂꯦꯝꯒꯤ ꯑꯣꯏꯕ ꯁꯦꯕꯥꯒꯤ ꯊꯕꯛꯁꯤꯡꯗ ꯄꯨꯛꯅꯤꯡ ꯆꯪꯉꯝꯃꯤ ꯫,ꯏ ꯭ ꯟ ꯗꯤ ꯌꯥꯟ    ꯑꯦꯌꯔ ꯂꯥꯏꯟ ꯁꯅ    ꯂꯝ    ꯑꯁꯤꯒꯤ    ꯂꯝ ꯕꯦ ꯜꯁꯤꯡꯗ    ꯑꯃꯁꯨꯡ    ꯑꯦ ꯌꯔ    ꯏ ꯭ ꯟ ꯗꯤꯌꯥ    ꯏ ꯭ ꯟ ꯇꯔ ꯅꯦꯁꯅꯦ ꯜꯅ    ꯃꯥꯂꯦꯝꯒꯤ    ꯑꯣꯏꯕ    ꯁꯦ ꯕꯥ ꯒꯤ    ꯊꯕꯛ ꯁꯤꯡꯗ    ꯄꯨꯛꯅꯤꯡ    ꯆꯪ ꯉꯝ ꯃꯤ    ꯫ ,99,38
1232,ꯑꯇꯣꯞꯄ ꯀꯦꯁꯁꯤꯡꯗ ꯍꯦꯂꯤꯀꯣꯞꯇꯔ ꯑꯗꯨ ꯁꯦꯟꯁꯤꯡꯈꯛꯇꯒꯤꯗꯃꯛ ꯁꯤꯖꯤꯟꯅꯈ꯭ꯔꯦ ꯑꯃꯗꯤ ꯔꯣꯀꯦꯠꯅ ꯗꯦꯂꯤꯚꯔ ꯇꯧꯕ ꯇꯣꯔꯄꯤꯗꯣꯁꯤꯡ ꯈꯨꯠꯂꯥꯏ ꯑꯣꯏꯅ ꯁꯤꯖꯤꯟꯅꯈ꯭ꯔꯦ꯫,ꯑꯇꯣꯞꯄ    ꯀꯦꯁ ꯁꯤꯡꯗ    ꯍꯦ ꯂꯤ ꯀꯣ ꯞ ꯇꯔ    ꯑꯗꯨ    ꯁꯦꯟ ꯁꯤꯡ ꯈꯛꯇ ꯒꯤꯗꯃꯛ    ꯁꯤꯖꯤꯟꯅ ꯈ꯭ꯔꯦ    ꯑꯃꯗꯤ    ꯔꯣ ꯀꯦ ꯠꯅ    ꯗꯦ ꯂꯤ ꯚꯔ    ꯇꯧꯕ    ꯇꯣꯔ ꯄꯤ ꯗꯣ ꯁꯤꯡ    ꯈꯨꯠꯂꯥꯏ    ꯑꯣꯏꯅ    ꯁꯤꯖꯤꯟꯅ ꯈ꯭ꯔꯦ꯫ ,98,31
1233,ꯏꯪ ꯱꯹꯸꯰ꯒꯤ ꯆꯍꯤ ꯇꯔꯥꯒꯤ ꯈꯨꯖꯤꯡꯗ ꯁ꯭ꯄꯦꯅꯤꯁ ꯐꯔꯝ ꯑꯦꯁꯄꯦꯔꯥꯟꯖꯥ ꯏ ꯁꯤꯑꯥꯅ ꯑꯦꯟꯇꯤ-ꯑꯥꯔꯃꯔ ꯁꯕꯃ꯭ꯌꯨꯅꯤꯁꯟ ꯲꯱ ꯌꯥꯎꯕ ꯃꯤꯂꯤꯃꯤꯇꯔ ꯱꯲꯰ꯒꯤ ꯃꯣꯔꯇꯥꯔ ꯕꯣꯝ ꯑꯃ ꯄꯨꯊꯣꯛꯈꯤ꯫,ꯏꯪ    ꯱꯹꯸꯰ꯒꯤ    ꯆꯍꯤ    ꯇꯔꯥꯒꯤ    ꯈꯨꯖꯤꯡꯗ    ꯁ꯭ꯄꯦ ꯅꯤꯁ    ꯐ ꯔꯝ    ꯑꯦꯁ ꯄꯦ ꯔꯥꯟ ꯖꯥ    ꯏ    ꯁꯤ ꯑꯥ ꯅ    ꯑꯦꯟ ꯇꯤ- ꯑꯥꯔ ꯃꯔ    ꯁꯕ ꯃ꯭ꯌꯨꯅꯤ ꯁꯟ    ꯲ ꯱    ꯌꯥꯎꯕ    ꯃꯤꯂꯤ ꯃꯤꯇꯔ    ꯱ ꯲꯰ꯒꯤ    ꯃꯣꯔ ꯇꯥꯔ   ꯕꯣꯝ    ꯑꯃ    ꯄꯨꯊꯣꯛꯈꯤ꯫ ,107,36
1234,"ꯆꯥꯎꯔꯥꯛꯅ ꯄꯥꯕ ꯈꯔꯒꯤ ꯃꯇꯨꯡ ꯏꯟꯅ ꯚꯥꯔꯠꯇ ꯖꯤꯑꯣꯊꯔꯃꯦꯜ ꯏꯅꯔꯖꯤ ꯃꯦꯒꯥꯋꯥꯠ ꯱꯰,꯶꯰꯰ ꯂꯩ꯫","ꯆꯥꯎꯔꯥꯛꯅ    ꯄꯥꯕ    ꯈꯔꯒꯤ    ꯃꯇꯨꯡ    ꯏꯟꯅ    ꯚꯥꯔꯠꯇ    ꯖꯤꯑꯣ ꯊ ꯔ ꯃꯦꯜ    ꯏ ꯅꯔ ꯖꯤ    ꯃꯦꯒꯥ ꯋꯥ ꯠ    ꯱꯰ , ꯶ ꯰꯰    ꯂꯩ꯫ ",56,21
1235,"ꯚꯥꯔꯠꯀꯤ ꯃꯄꯥꯟꯗꯒꯤ ꯁꯦꯜ ꯆꯪꯂꯛꯄꯁꯤꯡ, ꯚꯥꯔꯠꯇ ꯂꯩꯕ ꯂꯦꯖꯤꯇꯤꯃꯦꯠ ꯗ꯭ꯌꯨꯁꯤꯡ ꯑꯃꯗꯤ ꯑꯇꯣꯞꯄ ꯑꯦꯟ","ꯚꯥꯔꯠꯀꯤ    ꯃꯄꯥꯟ ꯗꯒꯤ    ꯁꯦꯜ    ꯆꯪ ꯂꯛ ꯄ ꯁꯤꯡ,    ꯚꯥꯔꯠꯇ    ꯂꯩꯕ    ꯂꯦꯖꯤ ꯇꯤ ꯃꯦꯠ    ꯗ꯭ꯌꯨ ꯁꯤꯡ    ꯑꯃꯗꯤ    ꯑꯇꯣꯞꯄ    ꯑꯦꯟ ",61,18
1236,ꯑꯥꯔ,ꯑꯥꯔ,3,1
1237,ꯑꯣ,ꯑꯣ ,2,1
1238,ꯑꯦꯀꯥꯎꯟꯇꯁꯤꯡꯗꯒꯤ ꯊꯥꯔꯛꯄꯁꯤꯡ ꯑꯁꯤ ꯑꯦꯟ,ꯑꯦꯀꯥꯎꯟ ꯇ ꯁꯤꯡꯗꯒꯤ    ꯊꯥꯔ ꯛꯄ ꯁꯤꯡ    ꯑꯁꯤ    ꯑꯦꯟ ,27,8
1239,ꯑꯥꯔ,ꯑꯥꯔ,3,1
1240,ꯑꯣ,ꯑꯣ ,2,1
1241,ꯑꯦꯀꯥꯎꯟꯇ ꯑꯗꯨꯗ ꯑꯌꯥꯕ ꯄꯤꯕ ꯌꯥꯕ ꯀ꯭ꯔꯦꯗꯤꯠꯁꯤꯡꯅꯤ꯫,ꯑꯦꯀꯥꯎꯟ ꯇ    ꯑꯗꯨꯗ    ꯑꯌꯥꯕ    ꯄꯤꯕ    ꯌꯥꯕ    ꯀ꯭ꯔꯦ ꯗꯤ ꯠ ꯁꯤꯡꯅꯤ꯫ ,34,10
1242,ꯃꯤꯔꯝꯗ ꯄꯣꯠ-ꯆꯩ ꯌꯣꯟꯕꯁꯤꯡ ꯑꯗꯨ ꯂꯥꯏꯊꯣꯛꯍꯟꯅꯕ ꯀꯦꯟꯗ꯭ꯔ ꯁꯔꯀꯥꯔꯅ ꯑꯦꯝ,ꯃꯤꯔ ꯝꯗ    ꯄꯣꯠ-ꯆꯩ    ꯌꯣꯟ ꯕꯁꯤꯡ    ꯑꯗꯨ    ꯂꯥꯏ ꯊꯣꯛ ꯍꯟꯅꯕ    ꯀꯦꯟ ꯗ꯭ꯔ    ꯁꯔꯀꯥꯔꯅ    ꯑꯦ ꯝ ,46,14
1243,ꯑꯥꯏ,ꯑ ꯥꯏ ,3,2
1244,ꯗꯤ,ꯗꯤ ,2,1
1245,ꯁꯤ,ꯁꯤ ,2,1
1246,ꯑꯝꯕꯥꯗꯇ ꯀꯟꯇꯦꯅꯔ ꯐ꯭ꯔꯩꯠ ꯁ꯭ꯇꯦꯁꯟ ꯑꯃ ꯍꯧꯗꯣꯛꯈꯤ꯫,ꯑ ꯝꯕꯥ ꯗꯇ    ꯀꯟꯇꯦ ꯅꯔ    ꯐ꯭ꯔ ꯩ ꯠ    ꯁ꯭ꯇꯦꯁꯟ    ꯑꯃ    ꯍꯧꯗꯣꯛꯈꯤ꯫ ,33,11
1247,ꯌꯨ,ꯌꯨ ,2,1
1248,ꯚꯤ,ꯚꯤ ,2,1
1249,ꯄꯤ,ꯄꯤ ,2,1
1250,", ꯏꯪꯛ",",    ꯏꯪ ꯛ ",4,3
1251,"ꯇ ꯁꯤꯟꯅꯈꯤꯕ ꯑꯃꯗꯤ ꯇꯨꯡꯗ ꯳ꯗꯤ ꯁꯤꯁꯇꯦꯝꯁ ꯀꯣꯔꯄꯣꯔꯦꯁꯟꯒꯤ ꯆꯛ ꯍꯜꯗ ꯁꯤꯟꯅꯈꯤꯕ ꯄꯦꯇꯦꯟꯇ ꯑꯃ, ꯌꯨ ꯑꯦꯁ ꯴꯵꯷꯵꯳꯳꯰, ꯑꯁꯤ ꯂꯦꯃꯤꯅꯦ ꯑꯃꯃꯝ ꯅꯠꯇ꯭ꯔꯒ ꯂꯦꯌꯔꯁꯤꯡꯕꯨ ꯏꯝꯄꯤꯟꯖ ꯇꯧꯔꯤꯕ ꯔꯦꯗꯤꯑꯦꯁꯟ, ꯄꯥꯔꯇꯤꯀꯜ ꯕꯣꯝꯕꯥꯔꯗꯃꯦꯟꯇ, ꯀꯦꯃꯤꯀꯦꯜ ꯔꯤꯑꯦꯛꯁꯟ, ꯅꯠꯇ꯭ꯔꯒ ꯑꯜꯇ꯭ꯔꯥꯚꯥꯏꯑꯂꯦꯠ ꯂꯥꯏꯠ ꯂꯦꯖꯔꯁꯤꯡ ꯈꯛꯇꯒꯅ ꯐꯣꯇꯣꯄꯣꯂꯤꯃꯔꯁꯤꯡ ꯀ꯭ꯌꯣꯔ ꯇꯧꯗꯨꯅ ꯍꯥꯞꯄ ꯁ꯭ꯇꯦꯔꯤꯑꯣꯂꯤꯊꯣꯒ꯭ꯔꯥꯐꯤ ꯐꯦꯕ꯭ꯔꯤꯀꯦꯁꯟ ꯁꯤꯁꯇꯦꯝ ꯑꯃꯒꯤꯗꯃꯛ ꯏꯪ ꯱꯹꯸꯴ꯒꯤ ꯑꯣꯒꯁꯠ ꯸ꯗ ꯐꯥꯏꯜ ꯇꯧꯈꯤ꯫","ꯇ    ꯁꯤꯟ ꯅꯈꯤꯕ    ꯑꯃꯗꯤ    ꯇꯨꯡꯗ    ꯳ ꯗꯤ    ꯁꯤꯁꯇꯦ ꯝ ꯁ    ꯀꯣꯔꯄꯣꯔ ꯦꯁꯟꯒꯤ    ꯆ ꯛ    ꯍ ꯜꯗ    ꯁꯤꯟ ꯅꯈꯤꯕ    ꯄꯦ ꯇꯦꯟ ꯇ    ꯑꯃ,    ꯌꯨ    ꯑꯦꯁ   ꯴ ꯵ ꯷ ꯵ ꯳ ꯳꯰ ,    ꯑꯁꯤ    ꯂꯦ ꯃꯤ ꯅꯦ    ꯑꯃꯃꯝ    ꯅꯠꯇ꯭ꯔꯒ    ꯂꯦ ꯌꯔ ꯁꯤꯡꯕꯨ    ꯏ ꯝꯄꯤ ꯟ ꯖ    ꯇꯧꯔꯤꯕ    ꯔꯦ ꯗꯤ ꯑꯦꯁ ꯟ,    ꯄꯥꯔꯇꯤ ꯀꯜ    ꯕꯣ ꯝꯕ ꯥꯔ ꯗ ꯃꯦꯟ ꯇ,    ꯀꯦꯃꯤ ꯀꯦꯜ    ꯔꯤ ꯑꯦꯛ ꯁꯟ ,    ꯅꯠꯇ꯭ꯔꯒ    ꯑꯜ ꯇ꯭ꯔꯥ ꯚꯥꯏ ꯑ ꯂꯦꯠ    ꯂꯥꯏꯠ    ꯂꯦ ꯖꯔ ꯁꯤꯡ    ꯈꯛꯇ ꯒꯅ    ꯐꯣꯇꯣ ꯄꯣꯂꯤ ꯃꯔ ꯁꯤꯡ    ꯀ꯭ꯌ ꯣ ꯔ    ꯇꯧꯗꯨꯅ    ꯍꯥ ꯞꯄ    ꯁ꯭ꯇꯦ ꯔꯤ ꯑꯣꯂꯤ ꯊꯣ ꯒ꯭ꯔꯥ ꯐꯤ    ꯐꯦ ꯕ꯭ꯔꯤ ꯀꯦꯁꯟ    ꯁꯤꯁꯇꯦꯝ    ꯑꯃꯒꯤꯗꯃꯛ    ꯏꯪ    ꯱꯹꯸ ꯴ꯒꯤ    ꯑꯣꯒꯁꯠ    ꯸ꯗ    ꯐꯥꯏꯜ    ꯇꯧꯈꯤ꯫ ",280,103
1252,"ꯑꯇꯩ ꯃꯔꯨ ꯑꯣꯏꯕ ꯏꯟꯗꯁꯇ꯭ꯔꯤꯁꯤꯡꯒꯤ ꯃꯅꯨꯡꯗ ꯕꯤꯒ꯭ꯌꯥꯟꯒꯤ ꯑꯣꯏꯕ ꯈꯨꯠꯁꯨ-ꯈꯨꯠꯂꯥꯏꯁꯤꯡ, ꯂꯧꯎ-ꯁꯤꯡꯉꯨꯒꯤ ꯄꯣꯠꯂꯝꯁꯤꯡ, ꯏꯂꯦꯛꯇ꯭ꯔꯤꯀꯦꯜ ꯑꯣꯏꯕ ꯄꯣꯠꯂꯝꯁꯤꯡ, ꯃꯦꯆꯤꯟꯒꯤ ꯈꯨꯠꯂꯥꯏꯁꯤꯡ, ꯐꯤꯁꯤꯡ, ꯐꯤ ꯇꯨꯅꯕ ꯃꯦꯆꯤꯟꯁꯤꯡ, ꯁꯥꯟꯅ-ꯈꯣꯠꯅꯕꯒꯤ ꯄꯣꯠꯂꯝꯁꯤꯡ, ꯁ꯭ꯇꯥꯔꯆ, ꯍꯥꯔꯁꯤꯡ, ꯁꯥꯏꯀꯜꯁꯤꯡ, ꯐꯤꯔꯣꯜꯁꯤꯡ ꯁꯥꯕ ꯑꯃꯗꯤ ꯎꯆꯥꯟ ꯊꯥꯎ ꯑꯃꯁꯨꯡ ꯆꯤꯅꯤ ꯁꯨꯡꯕ ꯑꯁꯤ ꯌꯥꯎꯋꯤ꯫","ꯑꯇꯩ    ꯃꯔꯨ    ꯑꯣꯏꯕ    ꯏꯟꯗꯁꯇ꯭ꯔꯤ ꯁꯤꯡꯒꯤ    ꯃꯅꯨꯡꯗ    ꯕꯤ ꯒ꯭ꯌꯥ ꯟꯒꯤ    ꯑꯣꯏꯕ    ꯈꯨꯠ ꯁꯨ - ꯈꯨꯠꯂꯥꯏ ꯁꯤꯡ,    ꯂꯧꯎ-ꯁꯤꯡ ꯉ ꯨ ꯒꯤ    ꯄꯣꯠꯂꯝ ꯁꯤꯡ,    ꯏꯂꯦꯛ ꯇ꯭ꯔꯤ ꯀꯦꯜ    ꯑꯣꯏꯕ    ꯄꯣꯠꯂꯝ ꯁꯤꯡ,    ꯃꯦ ꯆꯤ ꯟꯒꯤ    ꯈꯨꯠꯂꯥꯏ ꯁꯤꯡ,    ꯐꯤ ꯁꯤꯡ,    ꯐꯤ    ꯇꯨ ꯅꯕ    ꯃꯦ ꯆꯤꯟ ꯁꯤꯡ,    ꯁꯥꯟꯅ-ꯈꯣꯠ ꯅꯕꯒꯤ    ꯄꯣꯠꯂꯝ ꯁꯤꯡ,    ꯁ꯭ꯇꯥꯔ ꯆ ,    ꯍꯥꯔ ꯁꯤꯡ,    ꯁꯥꯏ ꯀꯜ ꯁꯤꯡ,    ꯐꯤꯔꯣ ꯜꯁꯤꯡ    ꯁꯥꯕ    ꯑꯃꯗꯤ    ꯎ ꯆ ꯥꯟ    ꯊ ꯥꯎ    ꯑꯃꯁꯨꯡ    ꯆꯤ ꯅꯤ    ꯁꯨꯡ ꯕ    ꯑꯁꯤ    ꯌꯥꯎꯋꯤ꯫ ",227,68
1253,ꯀꯝꯄ꯭ꯌꯨꯇꯔ ꯑꯔꯀꯤꯇꯦꯛꯆꯔꯗ ꯃꯩ ꯆꯥꯕꯗ ꯔꯤꯐꯔ ꯇꯧꯕ ꯃꯇꯝꯗ ꯍꯧꯅꯕ ꯈꯟ-ꯑꯣꯟ ꯑꯁꯤ ꯑꯦꯝ,ꯀꯝꯄ꯭ꯌꯨꯇꯔ    ꯑꯔ ꯀꯤ ꯇꯦꯛ ꯆ ꯔꯗ    ꯃꯩ    ꯆꯥ ꯕꯗ    ꯔꯤ ꯐꯔ    ꯇꯧꯕ    ꯃꯇꯝꯗ    ꯍꯧ ꯅꯕ    ꯈꯟ - ꯑꯣ ꯟ    ꯑꯁꯤ    ꯑꯦ ꯝ ,51,22
1254,ꯑꯥꯏ,ꯑ ꯥꯏ ,3,2
1255,ꯄꯤ,ꯄꯤ ,2,1
1256,ꯑꯦꯁ,ꯑꯦꯁ,3,1
1257,/ꯗꯕꯜꯌꯨ (ꯃꯤꯂꯤꯌꯟꯁ ꯑꯣꯐ ꯏꯟꯁꯇ꯭ꯔꯛꯁꯟꯁ ꯄꯔ ꯁꯦꯀꯦꯟ ꯄꯔ ꯋꯥꯠ)ꯅꯤ꯫,/ ꯗꯕꯜ ꯌꯨ    ( ꯃꯤꯂꯤ ꯌ ꯟꯁ    ꯑꯣꯐ    ꯏꯟ ꯁꯇ꯭ꯔ ꯛ ꯁꯟ ꯁ    ꯄꯔ    ꯁꯦ ꯀꯦꯟ    ꯄꯔ    ꯋꯥꯠ ) ꯅꯤ꯫ ,43,20
1258,"ꯑꯦꯝꯄ꯭ꯂꯣꯌꯤꯁ' ꯁ꯭ꯇꯦꯠ ꯏꯟꯁꯨꯔꯦꯟꯁ ꯀꯣꯔꯄꯣꯔꯦꯁꯟ ꯃꯦꯗꯤꯀꯦꯜ ꯀꯣꯂꯦꯖ, ꯍꯥꯏꯗ꯭ꯔꯕꯥꯗꯅ ꯑꯥꯔ","ꯑꯦꯝ ꯄ꯭ ꯂꯣ ꯌꯤ ꯁ '    ꯁ꯭ꯇꯦꯠ    ꯏꯟꯁꯨꯔꯦꯟꯁ    ꯀꯣꯔꯄꯣꯔꯦꯁꯟ    ꯃꯦꯗꯤ ꯀꯦꯜ    ꯀꯣꯂꯦꯖ ,    ꯍꯥꯏꯗ꯭ꯔ ꯕꯥ ꯗꯅ    ꯑꯥꯔ",59,17
1259,ꯁꯤ,ꯁꯤ ,2,1
1260,ꯑꯥꯏ,ꯑ ꯥꯏ ,3,2
1261,"ꯕꯨ ꯄ꯭ꯔꯣꯇꯣꯇꯥꯏꯞ ꯁꯦꯝꯒꯠꯄꯗ ꯃꯇꯦꯡ ꯄꯥꯡꯈꯤ, ꯑꯗꯨꯒ ꯄꯣꯁꯠꯒ꯭ꯔꯦꯖꯨꯑꯦꯠ ꯏꯟꯁꯇꯤꯇ꯭ꯌꯨꯠ ꯑꯣꯐ ꯃꯦꯗꯤꯀꯦꯜ ꯑꯦꯖꯨꯀꯦꯁꯟ ꯑꯦꯟ ꯔꯤꯁꯔꯆꯅ ꯑꯅꯥ-ꯂꯥꯌꯦꯡꯒꯤ ꯑꯣꯏꯅ ꯁꯤꯖꯤꯟꯅꯅꯕꯒꯤꯗꯃꯛꯇ ꯄꯣꯠꯊꯣꯛꯁꯤꯡ ꯆꯥꯡꯌꯦꯡ ꯇꯧꯕ, ꯆꯠꯅꯕ ꯌꯥꯍꯟꯕ ꯑꯃꯗꯤ ꯌꯥꯔꯦ ꯍꯥꯏꯅ ꯂꯧꯕꯗ ꯃꯇꯦꯡ ꯄꯥꯡꯈꯤ꯫","ꯕꯨ    ꯄ꯭ꯔꯣ ꯇꯣ ꯇꯥꯏ ꯞ    ꯁꯦꯝꯒꯠ ꯄꯗ    ꯃꯇꯦꯡ    ꯄꯥꯡ ꯈꯤ,    ꯑꯗꯨꯒ    ꯄꯣ ꯁꯠ ꯒ꯭ꯔꯦ ꯖꯨ ꯑꯦ ꯠ    ꯏꯟꯁꯇꯤꯇ꯭ꯌꯨ ꯠ    ꯑꯣꯐ    ꯃꯦꯗꯤ ꯀꯦꯜ    ꯑꯦꯖꯨ ꯀꯦꯁꯟ    ꯑꯦꯟ    ꯔꯤ ꯁꯔ ꯆ ꯅ    ꯑꯅꯥ - ꯂꯥꯌꯦꯡ ꯒꯤ    ꯑꯣꯏꯅ    ꯁꯤꯖꯤꯟꯅ ꯅꯕꯒꯤꯗꯃꯛꯇ    ꯄꯣꯠꯊꯣꯛ ꯁꯤꯡ    ꯆꯥꯡꯌꯦꯡ    ꯇꯧ ꯕ,    ꯆꯠꯅꯕ    ꯌꯥ ꯍꯟꯕ    ꯑꯃꯗꯤ    ꯌꯥ ꯔꯦ    ꯍꯥꯏꯅ    ꯂꯧ ꯕꯗ    ꯃꯇꯦꯡ    ꯄꯥꯡꯈꯤ꯫ ",166,52
1262,ꯀꯦꯁ ꯈꯔꯗ ꯁꯥꯏꯟꯁ ꯐꯤꯛꯁꯟꯗ ꯑꯍꯥꯟꯕ ꯑꯣꯏꯅ ꯍꯧꯗꯣꯛꯈꯤꯕ ꯈꯨꯠꯂꯥꯏꯁꯤꯡ ꯑꯗꯨ ꯍꯧꯖꯤꯛꯇꯤ ꯑꯁꯦꯡꯕ ꯑꯣꯏꯔꯦ꯫,ꯀꯦꯁ    ꯈꯔꯗ    ꯁꯥꯏ ꯟꯁ    ꯐꯤ ꯛ ꯁꯟꯗ    ꯑꯍꯥꯟꯕ    ꯑꯣꯏꯅ    ꯍꯧꯗꯣꯛ ꯈꯤꯕ    ꯈꯨꯠꯂꯥꯏꯁꯤꯡ    ꯑꯗꯨ    ꯍꯧꯖꯤꯛꯇꯤ    ꯑꯁꯦꯡꯕ    ꯑꯣꯏꯔꯦ꯫ ,64,16
1263,"ꯚꯥꯔꯠꯀꯤ ꯃꯀꯣꯛ ꯊꯣꯡꯕ ꯁ꯭ꯇꯤꯜ ꯄꯨꯊꯣꯛꯄ, ꯁꯦꯜꯒꯤ ꯁ꯭ꯇꯤꯜ ꯄ꯭ꯂꯥꯟꯇ ꯑꯃ ꯇꯥꯃꯤꯜ ꯅꯥꯗꯨꯒꯤ ꯁꯥꯂꯦꯝꯗ ꯂꯩ꯫","ꯚꯥꯔꯠꯀꯤ    ꯃꯀꯣꯛ    ꯊꯣꯡꯕ    ꯁ꯭ꯇꯤ ꯜ    ꯄꯨꯊꯣꯛ ꯄ,    ꯁꯦꯜꯒꯤ    ꯁ꯭ꯇꯤ ꯜ    ꯄ꯭ꯂꯥꯟ ꯇ    ꯑꯃ    ꯇꯥꯃꯤꯜ    ꯅꯥꯗꯨꯒꯤ    ꯁꯥ ꯂꯦ ꯝꯗ    ꯂꯩ꯫ ",64,19
1264,"ꯏꯪ ꯱꯹꯹꯷ꯗ, ꯁꯥꯟꯌꯣꯅ ""ꯄꯣꯁꯀꯦꯞ"" ꯄꯣꯂꯤꯃꯔ ꯇꯥꯟꯇꯥꯂꯝ ꯆꯤꯞꯁꯤꯡꯒ ꯂꯣꯏꯅꯗꯨꯅ ꯏꯟꯅꯔꯝꯃꯤ꯫","ꯏꯪ    ꯱꯹꯹ ꯷ ꯗ,    ꯁꯥꯟ ꯌꯣ ꯅ    "" ꯄꯣ ꯁ ꯀꯦꯞ ""    ꯄꯣꯂꯤ ꯃꯔ    ꯇꯥꯟ ꯇꯥ ꯂꯝ    ꯆꯤ ꯞ ꯁꯤꯡꯒ    ꯂꯣꯏꯅ ꯗꯨꯅ    ꯏꯟ ꯅꯔꯝꯃꯤ꯫ ",57,24
1265,"ꯃꯥꯂꯪꯍꯤ ꯑꯃꯒꯤ ꯀꯣꯛꯄꯤꯠ ꯑꯁꯤ ꯂꯥꯛꯁꯤꯟꯕ, ꯌꯦꯡꯁꯤꯟꯕ, ꯄꯥꯎ ꯐꯥꯎꯅꯕ, ꯅꯦꯚꯤꯒꯦꯁꯟ, ꯑꯏꯪ-ꯑꯁꯥ, ꯑꯃꯗꯤ ꯌꯩꯈꯥꯏꯍꯟꯗꯅꯕ ꯁꯤꯁꯇꯦꯝꯁꯤꯡ ꯌꯥꯎꯅ ꯑꯦꯚꯤꯑꯣꯅꯤꯛ ꯏꯀ꯭ꯋꯤꯞꯃꯦꯟꯇꯀꯤ ꯃꯐꯝ ꯑꯃꯅꯤ꯫","ꯃꯥ ꯂꯪ ꯍꯤ    ꯑꯃꯒꯤ    ꯀꯣꯛ ꯄꯤ ꯠ    ꯑꯁꯤ    ꯂꯥꯛ ꯁꯤꯟ ꯕ,    ꯌꯦꯡꯁꯤꯟ ꯕ,    ꯄꯥꯎ    ꯐꯥꯎ ꯅꯕ,    ꯅꯦ ꯚꯤ ꯒ ꯦꯁ ꯟ,    ꯑꯏꯪ -ꯑ ꯁꯥ ,    ꯑꯃꯗꯤ    ꯌꯩ ꯈꯥꯏ ꯍꯟ ꯗꯅꯕ    ꯁꯤꯁꯇꯦ ꯝꯁꯤꯡ    ꯌꯥꯎꯅ    ꯑꯦ ꯚꯤ ꯑꯣ ꯅꯤꯛ    ꯏꯀ ꯭ꯋꯤ ꯞ ꯃꯦꯟ ꯇ ꯀꯤ    ꯃꯐꯝ    ꯑꯃꯅꯤ꯫ ",117,45
1266,ꯃꯔꯨ ꯑꯣꯏꯕ ꯄ꯭ꯔꯄꯣꯖꯦꯜ ꯃꯔꯤ ꯂꯩꯔꯝꯃꯤ ꯑꯃꯗꯤ ꯁꯦꯝꯒꯠ-ꯁꯥꯒꯠꯄ ꯑꯗꯨ ꯆꯪꯁꯤꯜꯂꯤꯉꯩꯗ ꯁꯤꯖꯤꯟꯅꯕꯒꯤ ꯏꯔꯣꯏ-ꯂꯣꯏꯕ ꯃꯤꯛꯁ ꯑꯗꯨ ꯑꯔꯣꯏꯕ ꯑꯣꯏꯅ ꯂꯦꯞꯂꯒꯅꯤ꯫,ꯃꯔꯨ    ꯑꯣꯏꯕ    ꯄ꯭ꯔ ꯄꯣ ꯖꯦꯜ    ꯃꯔꯤ    ꯂꯩꯔꯝꯃꯤ    ꯑꯃꯗꯤ    ꯁꯦꯝꯒꯠ - ꯁꯥꯒꯠ ꯄ    ꯑꯗꯨ    ꯆꯪ ꯁꯤ ꯜꯂꯤ ꯉꯩꯗ    ꯁꯤꯖꯤꯟꯅꯕꯒꯤ    ꯏ ꯔꯣꯏ - ꯂꯣꯏ ꯕ    ꯃꯤ ꯛꯁ    ꯑꯗꯨ    ꯑꯔꯣꯏꯕ    ꯑꯣꯏꯅ    ꯂꯦꯞ ꯂ ꯒꯅꯤ꯫ ,94,31
1267,"ꯚꯥꯔꯠꯀꯤ ꯃꯅꯤ ꯃꯥꯔꯀꯦꯠ ꯑꯁꯤ ꯂꯅꯥꯏꯒꯤ, ꯂꯩꯉꯥꯛꯀꯤ ꯑꯃꯗꯤ ꯃꯤꯔꯝꯅ ꯃꯄꯨ ꯑꯣꯏꯕ ꯀꯃꯔꯁꯤꯑꯦꯜ ꯕꯦꯡꯀꯁꯤꯡ ꯑꯃꯗꯤ ꯀꯣꯑꯣꯄꯔꯦꯇꯤꯕ ꯕꯦꯡꯀꯁꯤꯡ, ꯄꯨꯟꯅ “ꯁꯦꯗꯨꯜ ꯇꯧꯔꯕ ꯕꯦꯡꯀꯁꯤꯡ” ꯍꯥꯏꯅ ꯈꯪꯅꯕ ꯑꯁꯤꯅ ꯁꯥꯕ ꯑꯣꯔꯒꯥꯅꯥꯏꯁ ꯁꯦꯛꯇꯔ, ꯑꯃꯁꯨꯡ ꯃꯤꯑꯣꯏ ꯑꯃ ꯅꯠꯇ꯭ꯔꯒ ꯏꯃꯨꯡꯅ ꯃꯄꯨ ꯑꯣꯏꯕ ꯏꯟꯗꯤꯖꯤꯅꯁ ꯕꯦꯡꯀꯔꯁꯤꯡ ꯅꯠꯇ꯭ꯔꯒ ꯁꯦꯜ ꯁꯥꯟꯕꯁꯤꯡ ꯑꯃꯗꯤ ꯅꯟ-ꯕꯦꯡꯀꯤꯡ ꯐꯥꯏꯅꯥꯟꯁꯤꯑꯦꯜ ꯀꯝꯄꯅꯤꯁꯤꯡ ꯌꯥꯎꯕ ꯑꯟꯑꯣꯔꯒꯥꯅꯥꯏꯁ ꯁꯦꯛꯇꯔꯗ ꯈꯥꯏꯗꯣꯛꯏ꯫","ꯚꯥꯔꯠꯀꯤ    ꯃ ꯅꯤ    ꯃꯥꯔ ꯀꯦꯠ    ꯑꯁꯤ    ꯂ ꯅꯥꯏ ꯒꯤ,    ꯂꯩꯉꯥꯛꯀꯤ    ꯑꯃꯗꯤ    ꯃꯤ ꯔꯝ ꯅ    ꯃꯄꯨ    ꯑꯣꯏꯕ    ꯀ ꯃꯔ ꯁꯤꯑꯦꯜ    ꯕꯦꯡ ꯀ ꯁꯤꯡ    ꯑꯃꯗꯤ    ꯀꯣ ꯑꯣꯄꯔꯦ ꯇꯤꯕ    ꯕꯦꯡ ꯀ ꯁꯤꯡ,    ꯄꯨꯟꯅ    “ ꯁꯦ ꯗꯨ ꯜ    ꯇꯧꯔꯕ    ꯕꯦꯡ ꯀ ꯁꯤꯡ ”    ꯍꯥꯏꯅ    ꯈꯪꯅꯕ    ꯑꯁꯤꯅ    ꯁꯥꯕ    ꯑꯣꯔ ꯒꯥ ꯅꯥꯏ ꯁ    ꯁꯦ ꯛꯇ ꯔ,    ꯑꯃꯁꯨꯡ    ꯃꯤꯑꯣꯏ    ꯑꯃ    ꯅꯠꯇ꯭ꯔꯒ    ꯏꯃꯨꯡ ꯅ    ꯃꯄꯨ    ꯑꯣꯏꯕ    ꯏꯟꯗꯤ ꯖꯤ ꯅꯁ    ꯕꯦꯡ ꯀꯔ ꯁꯤꯡ    ꯅꯠꯇ꯭ꯔꯒ    ꯁꯦꯜ    ꯁꯥꯟ ꯕꯁꯤꯡ    ꯑꯃꯗꯤ    ꯅ ꯟ- ꯕꯦꯡ ꯀꯤꯡ    ꯐꯥꯏ ꯅꯥꯟ ꯁꯤꯑꯦꯜ    ꯀꯝꯄꯅꯤ ꯁꯤꯡ    ꯌꯥꯎꯕ    ꯑꯟ ꯑꯣꯔ ꯒꯥ ꯅꯥꯏ ꯁ    ꯁꯦ ꯛꯇ ꯔꯗ    ꯈꯥꯏꯗꯣꯛꯏ꯫ ",260,88
1268,"ꯅꯣꯔꯗꯔꯟ ꯒ꯭ꯔꯤꯗ ꯑꯗꯨ ꯏꯪ ꯲꯰꯰꯶ꯀꯤ ꯑꯣꯒꯁꯠꯇ ꯁꯝꯖꯤꯟꯅꯈꯤ, ꯃꯗꯨꯅ ꯃꯇꯝ ꯑꯃꯇꯗ ꯁꯝꯅꯕ ꯑꯃꯗꯤ ꯐ꯭ꯔꯤꯀ꯭ꯋꯦꯟꯁꯤ ꯑꯃꯗ ꯆꯂꯥꯏꯕ ꯁꯦꯟꯇ꯭ꯔꯦꯜ ꯒ꯭ꯔꯤꯗ ꯑꯃ ꯁꯦꯝꯈꯤ꯫","ꯅꯣꯔ ꯗꯔꯟ    ꯒ꯭ꯔꯤ ꯗ    ꯑꯗꯨ    ꯏꯪ    ꯲꯰꯰ ꯶ꯀꯤ    ꯑꯣꯒ ꯁ ꯠꯇ    ꯁꯝ ꯖꯤꯟ ꯅꯈꯤ,    ꯃꯗꯨꯅ    ꯃꯇꯝ    ꯑꯃ ꯇ ꯗ    ꯁꯝꯅꯕ    ꯑꯃꯗꯤ    ꯐ꯭ꯔꯤ ꯀ꯭ꯋ ꯦꯟ ꯁꯤ    ꯑꯃꯗ    ꯆꯂꯥꯏꯕ    ꯁꯦꯟꯇ꯭ꯔꯦꯜ    ꯒ꯭ꯔꯤ ꯗ    ꯑꯃ    ꯁꯦꯝꯈꯤ꯫ ",96,32
1269,"ꯔꯤꯖꯅꯦꯜ ꯒ꯭ꯔꯤꯗꯁꯤꯡꯒꯤ ꯑꯍꯥꯟꯕ ꯑꯃꯒ-ꯑꯃꯒ ꯁꯝꯅꯕꯗꯨ ꯏꯪ ꯱꯹꯹꯱ꯒꯤ ꯑꯣꯛꯇꯣꯕꯔꯗ, ꯅꯣꯔꯊ ꯏꯁꯇꯔꯟ ꯑꯃꯗꯤ ꯏꯁꯇꯔꯟ ꯒ꯭ꯔꯤꯗꯁꯤꯡ ꯑꯃꯒ-ꯑꯃꯒ ꯁꯝꯅꯔꯕꯗ, ꯂꯤꯡꯈꯠꯈꯤ꯫","ꯔꯤꯖ ꯅꯦꯜ    ꯒ꯭ꯔꯤ ꯗ ꯁꯤꯡꯒꯤ    ꯑꯍꯥꯟꯕ    ꯑꯃ ꯒ - ꯑꯃꯒ    ꯁꯝ ꯅꯕ ꯗꯨ    ꯏꯪ    ꯱꯹꯹ ꯱ꯒꯤ    ꯑꯣꯛꯇꯣ ꯕꯔ ꯗ,    ꯅꯣꯔꯊ    ꯏꯁ ꯇꯔꯟ    ꯑꯃꯗꯤ    ꯏꯁ ꯇꯔꯟ    ꯒ꯭ꯔꯤ ꯗꯁꯤꯡ    ꯑꯃ ꯒ - ꯑꯃꯒ    ꯁꯝꯅ ꯔꯕ ꯗ,    ꯂꯤꯡꯈꯠꯈꯤ꯫ ",99,35
1270,"ꯗꯤꯖꯜꯒꯤ ꯃꯍꯨꯠ ꯁꯤꯟꯅꯕ ꯃꯃꯜ ꯍꯣꯡꯕ ꯔꯤꯇꯦꯜ ꯏꯂꯦꯛꯇ꯭ꯔꯤꯁꯤꯇꯤꯒꯤ ꯃꯃꯜ ꯑꯗꯨ ꯀꯤꯂꯣꯋꯥꯠ-ꯑꯥꯋꯔ ꯑꯃꯗ ꯂꯨꯄꯥ ꯱꯹ ꯐꯥꯎꯕ ꯑꯣꯏꯒꯅꯤ (ꯏꯟꯄꯨꯠ ꯏꯂꯦꯛꯇ꯭ꯔꯤꯁꯤꯇꯤꯗꯒꯤ ꯁꯥꯐꯠ ꯄꯥꯋꯔ ꯏꯐꯤꯁꯤꯑꯦꯟꯁꯤ ꯆꯥꯗ ꯷꯵ꯗ ꯸꯶꯰ ꯀꯤꯂꯣꯀꯦꯂꯣꯔꯤ/ꯀꯤꯂꯣꯋꯥꯠ-ꯑꯥꯋꯔ ꯚꯔꯁꯁ ꯐ꯭ꯌꯨꯑꯜ ꯏꯅꯔꯖꯤꯗꯒꯤ ꯀ꯭ꯔꯦꯡꯛꯁꯥꯐꯠ ꯄꯥꯋꯔ ꯏꯐꯤꯁꯤꯑꯦꯟꯁꯤ ꯆꯥꯗ ꯴꯰ꯗ ꯗꯤꯖꯜꯒꯤ ꯅꯦꯠ ꯀꯦꯂꯣꯔꯤꯐꯤꯛ ꯚꯦꯂ꯭ꯌꯨ ꯸꯵꯷꯲ ꯀꯤꯂꯣꯀꯦꯂꯣꯔꯤ/ꯂꯤꯇꯔ), ꯑꯃꯗꯤ ꯄꯦꯇ꯭ꯔꯣꯜꯒꯤ ꯃꯍꯨꯠ ꯁꯤꯟꯅꯕ ꯆꯥꯡꯗꯝꯅꯕ ꯌꯥꯕ ꯃꯁꯤꯡ ꯑꯗꯨ ꯀꯤꯂꯣꯋꯥꯠ-ꯑꯥꯋꯔ ꯑꯃꯗ ꯂꯨꯄꯥ ꯲꯸ ꯐꯥꯎꯕ ꯑꯣꯏꯒꯅꯤ (ꯏꯟꯄꯨꯠ ꯏꯂꯦꯛꯇ꯭ꯔꯤꯁꯤꯇꯤꯗꯒꯤ ꯁꯥꯐꯠ ꯄꯥꯋꯔ ꯏꯐꯤꯁꯤꯑꯦꯟꯁꯤ ꯆꯥꯗ ꯷꯵ꯗ ꯸꯶꯰ ꯀꯤꯂꯣꯀꯦꯂꯣꯔꯤ/ꯀꯤꯂꯣꯋꯥꯠ-ꯑꯥꯋꯔ ꯚꯔꯁꯁ ꯐ꯭ꯌꯨꯑꯜ ꯏꯅꯔꯖꯤꯗꯒꯤ ꯀ꯭ꯔꯦꯡꯛꯁꯥꯐꯠ ꯄꯥꯋꯔ ꯏꯐꯤꯁꯤꯑꯦꯟꯁꯤ ꯆꯥꯗ ꯳꯳ꯗ ꯄꯦꯇ꯭ꯔꯣꯜꯒꯤ ꯅꯦꯠ ꯀꯦꯂꯣꯔꯤꯐꯤꯛ ꯚꯦꯂ꯭ꯌꯨ ꯷꯶꯹꯳ ꯀꯤꯂꯣꯀꯦꯂꯣꯔꯤ/ꯂꯤꯇꯔ)꯫","ꯗꯤ ꯖ ꯜꯒꯤ    ꯃꯍꯨꯠ    ꯁꯤꯟꯅꯕ    ꯃꯃꯜ    ꯍꯣꯡꯕ    ꯔꯤ ꯇꯦꯜ    ꯏꯂꯦꯛ ꯇ꯭ꯔꯤ ꯁꯤ ꯇꯤꯒꯤ    ꯃꯃꯜ    ꯑꯗꯨ    ꯀꯤꯂꯣ ꯋꯥ ꯠ- ꯑꯥ ꯋꯔ    ꯑꯃꯗ    ꯂꯨꯄꯥ    ꯱꯹    ꯐꯥꯎꯕ    ꯑꯣꯏꯒꯅꯤ    ( ꯏꯟ ꯄꯨ ꯠ    ꯏꯂꯦꯛ ꯇ꯭ꯔꯤ ꯁꯤꯇꯤ ꯗꯒꯤ    ꯁꯥ ꯐꯠ    ꯄꯥꯋꯔ    ꯏ ꯐꯤ ꯁꯤ ꯑꯦꯟ ꯁꯤ    ꯆꯥꯗ    ꯷ ꯵ꯗ    ꯸ ꯶꯰    ꯀꯤꯂꯣ ꯀꯦ ꯂꯣ ꯔꯤ / ꯀꯤꯂꯣ ꯋꯥ ꯠ- ꯑꯥ ꯋꯔ    ꯚꯔ ꯁ ꯁ    ꯐ ꯭ꯌꯨ ꯑ ꯜ    ꯏ ꯅꯔ ꯖꯤ ꯗꯒꯤ    ꯀ꯭ꯔꯦ ꯡ ꯛ ꯁꯥ ꯐꯠ    ꯄꯥꯋꯔ    ꯏ ꯐꯤ ꯁꯤ ꯑꯦꯟ ꯁꯤ    ꯆꯥꯗ    ꯴ ꯰ꯗ    ꯗꯤ ꯖ ꯜꯒꯤ    ꯅꯦꯠ    ꯀꯦ ꯂꯣ ꯔꯤ ꯐꯤ ꯛ    ꯚꯦ ꯂ ꯭ꯌꯨ    ꯸ ꯵ ꯷ ꯲    ꯀꯤꯂꯣ ꯀꯦ ꯂꯣ ꯔꯤ / ꯂꯤ ꯇꯔ ),    ꯑꯃꯗꯤ    ꯄꯦ ꯇ꯭ꯔꯣ ꯜꯒꯤ    ꯃꯍꯨꯠ    ꯁꯤꯟꯅꯕ    ꯆꯥꯡꯗꯝ ꯅꯕ    ꯌꯥꯕ    ꯃꯁꯤꯡ    ꯑꯗꯨ    ꯀꯤꯂꯣ ꯋꯥ ꯠ- ꯑꯥ ꯋꯔ    ꯑꯃꯗ    ꯂꯨꯄꯥ    ꯲ ꯸    ꯐꯥꯎꯕ    ꯑꯣꯏꯒꯅꯤ    ( ꯏꯟ ꯄꯨ ꯠ    ꯏꯂꯦꯛ ꯇ꯭ꯔꯤ ꯁꯤꯇꯤ ꯗꯒꯤ    ꯁꯥ ꯐꯠ    ꯄꯥꯋꯔ    ꯏ ꯐꯤ ꯁꯤ ꯑꯦꯟ ꯁꯤ    ꯆꯥꯗ    ꯷ ꯵ꯗ    ꯸ ꯶꯰    ꯀꯤꯂꯣ ꯀꯦ ꯂꯣ ꯔꯤ / ꯀꯤꯂꯣ ꯋꯥ ꯠ- ꯑꯥ ꯋꯔ    ꯚꯔ ꯁ ꯁ    ꯐ ꯭ꯌꯨ ꯑ ꯜ    ꯏ ꯅꯔ ꯖꯤ ꯗꯒꯤ    ꯀ꯭ꯔꯦ ꯡ ꯛ ꯁꯥ ꯐꯠ    ꯄꯥꯋꯔ    ꯏ ꯐꯤ ꯁꯤ ꯑꯦꯟ ꯁꯤ    ꯆꯥꯗ    ꯳ ꯳ꯗ    ꯄꯦ ꯇ꯭ꯔꯣ ꯜꯒꯤ    ꯅꯦꯠ    ꯀꯦ ꯂꯣ ꯔꯤ ꯐꯤ ꯛ    ꯚꯦ ꯂ ꯭ꯌꯨ    ꯷ ꯶ ꯹ ꯳    ꯀꯤꯂꯣ ꯀꯦ ꯂꯣ ꯔꯤ / ꯂꯤ ꯇꯔ ) ꯫ ",479,208
1271,"ꯀꯩꯊꯣꯜꯗ ꯍꯦꯟꯁꯦꯠ ꯆꯥꯃ-ꯆꯥꯃ ꯂꯩ ꯑꯃꯗꯤ ꯃꯈꯣꯏ ꯑꯁꯤ ꯏꯁꯀ꯭ꯔꯤꯟꯒꯤ ꯃꯆꯥꯎ-ꯃꯔꯥꯛ ꯑꯃꯗꯤ ꯇꯦꯡꯕꯥꯡꯕ ꯇꯦꯛꯅꯣꯂꯣꯖꯤꯁꯤꯡ (ꯈꯨꯗꯝ ꯑꯣꯏꯅ, ꯑꯦꯝ","ꯀꯩ ꯊꯣ ꯜꯗ    ꯍꯦꯟ ꯁꯦꯠ    ꯆꯥ ꯃ - ꯆꯥ ꯃ    ꯂꯩ    ꯑꯃꯗꯤ    ꯃꯈꯣꯏ    ꯑꯁꯤ    ꯏꯁ ꯀ꯭ꯔꯤ ꯟꯒꯤ    ꯃ ꯆꯥꯎ -ꯃꯔ ꯥꯛ    ꯑꯃꯗꯤ    ꯇꯦꯡ ꯕ ꯥꯡꯕ    ꯇꯦꯛꯅꯣ ꯂꯣꯖꯤ ꯁꯤꯡ    ( ꯈꯨꯗꯝ    ꯑꯣꯏꯅ,    ꯑꯦ ꯝ ",86,33
1272,ꯑꯦꯝ,ꯑꯦ ꯝ ,3,2
1273,ꯑꯦꯁ,ꯑꯦꯁ,3,1
1274,", ꯗꯕꯜꯌꯨ",",    ꯗꯕꯜ ꯌꯨ ",6,3
1275,ꯑꯦ,ꯑꯦ ,2,1
1276,ꯄꯤ,ꯄꯤ ,2,1
1277,꯲,꯲ ,1,1
1278,꯰)ꯗ ꯈꯦꯠꯅꯩ꯫,꯰ )ꯗ    ꯈꯦꯠ ꯅꯩ꯫ ,9,4
1279,ꯄꯕ꯭ꯂꯤꯛ-ꯄ꯭ꯔꯥꯏꯕꯦꯠ ꯄꯥꯔꯠꯅꯔꯁꯤꯞ (ꯄꯤ,ꯄꯕ꯭ꯂꯤ ꯛ- ꯄ꯭ꯔꯥꯏ ꯕꯦꯠ    ꯄꯥꯔꯠ ꯅ ꯔꯁꯤꯞ    ( ꯄꯤ ,27,9
1280,ꯄꯤ,ꯄꯤ ,2,1
1281,ꯄꯤ,ꯄꯤ ,2,1
1282,) ꯑꯄ꯭ꯔꯣꯆ ꯑꯁꯤ ꯔꯤꯁꯣꯔꯁꯁꯤꯡ ꯑꯗꯨ ꯊꯤꯕꯒꯤꯗꯃꯛ ꯈ꯭ꯋꯥꯏꯗꯒꯤ ꯍꯦꯟꯅ ꯆꯨꯅꯩ꯫,)    ꯑ ꯄ꯭ꯔꯣ ꯆ    ꯑꯁꯤ    ꯔꯤ ꯁꯣꯔ ꯁꯁꯤꯡ    ꯑꯗꯨ    ꯊꯤ ꯕꯒꯤꯗꯃꯛ    ꯈ꯭ꯋꯥꯏꯗꯒꯤ    ꯍꯦꯟꯅ    ꯆꯨ ꯅꯩ꯫ ,47,15
1283,"“ꯃꯤꯠꯀꯨꯞ ꯑꯗꯨꯗꯒꯤ,” ꯏꯪ ꯱꯹꯴꯵ꯒꯤ ꯄꯥꯎꯗꯝ ꯑꯗꯨꯅ ꯍꯥꯏꯈꯤ, “ꯀꯜꯀꯇꯥꯕꯨ ꯊꯥꯛꯅꯕ ꯑꯆꯝꯕ ꯂꯂꯣꯟ-ꯏꯇꯤꯛꯀꯤ ꯊꯧꯑꯣꯡ ꯑꯗꯨꯗ ꯃꯈꯥ ꯄꯣꯟꯕ ꯉꯝꯈꯤꯗꯦ꯫”","“ ꯃꯤꯠ ꯀꯨ ꯞ    ꯑꯗꯨ ꯗꯒꯤ , ”    ꯏꯪ    ꯱꯹꯴ ꯵ꯒꯤ    ꯄꯥꯎ ꯗꯝ    ꯑꯗꯨꯅ    ꯍꯥꯏ ꯈꯤ,    “ ꯀꯜ ꯀ ꯇꯥ ꯕꯨ    ꯊꯥꯛ ꯅꯕ    ꯑꯆꯝꯕ    ꯂꯂꯣꯟ-ꯏꯇꯤꯛꯀꯤ    ꯊꯧꯑꯣꯡ    ꯑꯗꯨꯗ    ꯃꯈꯥ    ꯄꯣ ꯟꯕ    ꯉꯝ ꯈꯤ ꯗꯦ ꯫ ” ",90,35
1284,ꯏꯪ ꯱꯵꯹꯱ꯗ ꯏꯍꯥꯟ-ꯍꯥꯟꯕ ꯀꯦꯝꯕ꯭ꯔꯤꯖ ꯕꯥꯏꯕꯜ ꯑꯗꯨ ꯖꯣꯟ ꯂꯦꯒꯦꯠꯅ ꯅꯝꯈꯤ ꯑꯃꯗꯤ ꯏꯪ ꯱꯶꯲꯹ꯗ ꯀꯤꯡ ꯖꯦꯝꯁ ꯕꯥꯏꯕꯜ ꯑꯗꯨꯒꯤ ꯀꯦꯝꯕ꯭ꯔꯤꯖ ꯐꯣꯂꯤꯑꯣ ꯏꯗꯤꯁꯟ ꯑꯗꯨ ꯊꯣꯃꯥꯁ ꯑꯃꯗꯤ ꯖꯣꯟ ꯕꯛꯅ ꯅꯝꯈꯤ꯫,ꯏꯪ    ꯱꯵ ꯹ ꯱ꯗ    ꯏ ꯍꯥꯟ - ꯍ ꯥꯟꯕ    ꯀꯦ ꯝꯕ ꯭ꯔꯤ ꯖ    ꯕꯥꯏ ꯕꯜ    ꯑꯗꯨ    ꯖꯣꯟ    ꯂꯦ ꯒꯦ ꯠꯅ    ꯅꯝ ꯈꯤ    ꯑꯃꯗꯤ    ꯏꯪ    ꯱꯶ ꯲ ꯹ꯗ    ꯀꯤꯡ    ꯖꯦ ꯝ ꯁ    ꯕꯥꯏ ꯕꯜ    ꯑꯗꯨꯒꯤ    ꯀꯦ ꯝꯕ ꯭ꯔꯤ ꯖ    ꯐꯣ ꯂꯤ ꯑꯣ    ꯏ ꯗꯤ ꯁꯟ    ꯑꯗꯨ    ꯊꯣ ꯃꯥ ꯁ    ꯑꯃꯗꯤ    ꯖꯣꯟ    ꯕ ꯛꯅ    ꯅꯝꯈꯤ꯫ ,115,53
1285,ꯋꯤꯟ ꯄꯥꯋꯔꯒꯤ ꯂꯦꯚꯦꯂꯥꯏꯖ ꯇꯥꯔꯤꯐ ꯑꯗꯨ ꯏꯪ ꯲꯰꯱꯷ꯀꯤ ꯗꯤꯁꯦꯝꯕꯔꯗ ꯋꯤꯟ ꯄ꯭ꯔꯣꯖꯦꯛꯁꯤꯡꯒꯤ ꯅꯤꯂꯥꯝ ꯂꯥꯎꯕ ꯃꯅꯨꯡꯗ ꯀꯤꯂꯣꯋꯥꯠ-ꯑꯥꯋꯔ ꯑꯃꯗ ꯂꯨꯄꯥ ꯲,ꯋꯤ ꯟ    ꯄꯥ ꯋ ꯔꯒꯤ    ꯂꯦ ꯚꯦ ꯂꯥꯏ ꯖ    ꯇꯥꯔꯤ ꯐ    ꯑꯗꯨ    ꯏꯪ    ꯲꯰꯱꯷ꯀꯤ    ꯗꯤꯁꯦꯝ ꯕꯔꯗ    ꯋꯤ ꯟ    ꯄ꯭ꯔꯣꯖꯦ ꯛꯁꯤꯡꯒꯤ    ꯅꯤ ꯂꯥ ꯝ    ꯂꯥꯎ ꯕ    ꯃꯅꯨꯡꯗ    ꯀꯤꯂꯣ ꯋꯥ ꯠ- ꯑꯥ ꯋꯔ    ꯑꯃꯗ    ꯂꯨꯄꯥ    ꯲ ,90,34
1286,꯴꯳ (ꯌꯨ,꯴ ꯳    ( ꯌꯨ ,5,4
1287,ꯑꯦꯁ,ꯑꯦꯁ,3,1
1288,ꯗꯣꯂꯔ ꯰,ꯗꯣꯂꯔ    ꯰ ,5,2
1289,꯰꯳)ꯒꯤ ꯔꯦꯀꯣꯔꯗ ꯑꯣꯏꯅ ꯈ꯭ꯋꯥꯏꯗꯒꯤ ꯅꯦꯝꯕꯗ (ꯗꯥꯏꯔꯦꯛ ꯅꯠꯇ꯭ꯔꯒ ꯏꯟꯗꯥꯏꯔꯦꯛ ꯁꯕꯁꯤꯗꯤꯁꯤꯡ ꯑꯃꯠꯇ ꯌꯥꯎꯗꯅ) ꯌꯧꯈꯤ꯫,꯰ ꯳ )ꯒꯤ    ꯔꯦꯀꯣꯔꯗ    ꯑꯣꯏꯅ    ꯈ꯭ꯋꯥꯏꯗꯒꯤ    ꯅꯦꯝ ꯕꯗ    ( ꯗꯥꯏꯔꯦ ꯛ    ꯅꯠꯇ꯭ꯔꯒ    ꯏꯟ ꯗꯥꯏꯔꯦ ꯛ    ꯁꯕ ꯁꯤ ꯗꯤ ꯁꯤꯡ    ꯑꯃꯠꯇ    ꯌꯥꯎ ꯗ ꯅ )    ꯌꯧ ꯈꯤ꯫ ,73,26
1290,"ꯏꯪ ꯱꯹꯷꯲ ꯑꯃꯁꯨꯡ ꯱꯹꯷꯵ꯒꯤ ꯃꯅꯨꯡꯗ, ꯀꯨꯄ꯭ꯔꯣ-ꯅꯤꯀꯦꯜꯅ ꯄꯩꯁꯥ ꯲꯵, ꯄꯩꯁꯥ ꯵꯰ ꯑꯃꯗꯤ ꯂꯨꯄꯥ ꯱ꯒꯤ ꯆꯥꯟꯗꯤ ꯆꯞꯄꯤꯁꯤꯡꯒꯤ ꯅꯤꯀꯦꯜꯕꯨ ꯃꯍꯨꯠ ꯁꯤꯟꯈꯤ; ꯏꯪ ꯱꯹꯸꯲ꯗ ꯀꯨꯄ꯭ꯔꯣ-ꯅꯤꯀꯦꯜꯒꯤ ꯂꯨꯄꯥ ꯑꯅꯤꯒꯤ ꯆꯥꯟꯗꯤ ꯆꯞꯄꯤꯁꯤꯡ ꯍꯧꯗꯣꯔꯛꯈꯤ꯫","ꯏꯪ    ꯱꯹꯷ ꯲    ꯑꯃꯁꯨꯡ    ꯱꯹꯷ ꯵ꯒꯤ    ꯃꯅꯨꯡꯗ,    ꯀꯨ ꯄ꯭ꯔꯣ - ꯅꯤ ꯀꯦ ꯜꯅ    ꯄꯩ ꯁꯥ    ꯲꯵ ,    ꯄꯩ ꯁꯥ    ꯵꯰    ꯑꯃꯗꯤ    ꯂꯨꯄꯥ    ꯱ꯒꯤ    ꯆꯥꯟ ꯗꯤ    ꯆ ꯞ ꯄꯤ ꯁꯤꯡꯒꯤ    ꯅꯤ ꯀꯦ ꯜꯕꯨ    ꯃꯍꯨꯠ    ꯁꯤꯟ ꯈꯤ;    ꯏꯪ    ꯱꯹꯸ ꯲ꯗ    ꯀꯨ ꯄ꯭ꯔꯣ - ꯅꯤ ꯀꯦꯜꯒꯤ    ꯂꯨꯄꯥ    ꯑꯅꯤꯒꯤ    ꯆꯥꯟ ꯗꯤ    ꯆ ꯞ ꯄꯤ ꯁꯤꯡ    ꯍꯧ ꯗꯣ ꯔꯛꯈꯤ꯫ ",142,54
1291,"ꯑꯣꯛꯁꯐꯣꯔꯗ ꯎꯅꯤꯕꯔꯁꯤꯇꯤ ꯄ꯭ꯔꯦꯁꯅ ꯏꯪ ꯲꯰꯰꯱ꯗ ꯑꯍꯥꯟꯕ ꯑꯣꯏꯅ ꯐꯣꯡꯈꯤꯕ, ꯃꯍꯥꯛꯀꯤ ꯂꯥꯏꯔꯤꯛ, ""ꯇꯦꯀꯤꯡ ꯗ ꯁ꯭ꯇꯦꯠ ꯇꯨ ꯗ ꯁꯨꯄ꯭ꯔꯤꯝ ꯀꯣꯔꯠ: ꯄꯕ꯭ꯂꯤꯛ ꯏꯟꯇꯔꯦꯁꯠ ꯂꯤꯇꯤꯒꯦꯁꯟ ꯑꯟ ꯗ ꯄꯕ꯭ꯂꯤꯛ ꯁ꯭ꯐꯤꯑ ꯏꯟ ꯃꯦꯇ꯭ꯔꯣꯄꯣꯂꯤꯇꯥꯟ ꯏꯟꯗꯤꯌꯥ"" ꯗ ꯗꯦꯝꯕꯣꯁꯀꯤꯅ ꯃꯁꯤꯒꯤ ꯃꯇꯥꯡꯗ ꯏꯈꯤ꯫","ꯑꯣꯛ ꯁ ꯐꯣ ꯔꯗ    ꯎ ꯅꯤ ꯕꯔ ꯁꯤꯇꯤ    ꯄ꯭ꯔꯦꯁ ꯅ    ꯏꯪ    ꯲꯰꯰ ꯱ꯗ    ꯑꯍꯥꯟꯕ    ꯑꯣꯏꯅ    ꯐꯣꯡ ꯈꯤꯕ,    ꯃꯍꯥꯛꯀꯤ    ꯂꯥꯏꯔꯤ ꯛ,    "" ꯇꯦ ꯀꯤꯡ    ꯗ    ꯁ꯭ꯇꯦꯠ    ꯇꯨ    ꯗ    ꯁꯨ ꯄ꯭ꯔꯤ ꯝ    ꯀꯣꯔ ꯠ :    ꯄꯕ꯭ꯂꯤꯛ    ꯏꯟꯇꯔ ꯦꯁꯠ    ꯂꯤ ꯇꯤ ꯒ ꯦꯁꯟ    ꯑ ꯟ    ꯗ    ꯄꯕ꯭ꯂꯤꯛ    ꯁ꯭ ꯐꯤ ꯑ   ꯏꯟ    ꯃꯦꯇ꯭ꯔꯣ ꯄꯣꯂꯤ ꯇꯥꯟ    ꯏꯟꯗꯤ ꯌꯥ ""    ꯗ    ꯗꯦ ꯝ ꯕꯣ ꯁ ꯀꯤ ꯅ    ꯃꯁꯤꯒꯤ    ꯃꯇꯥꯡꯗ    ꯏꯈꯤ꯫ ",167,64
1292,"ꯉꯥꯛ ꯁꯦꯜꯂꯕ ꯃꯤ ꯑꯃꯅ ""ꯂꯤꯆꯠ ꯑꯗꯨꯒꯨꯝꯕ ꯑꯗꯨꯅ ꯍꯛꯆꯥꯡꯒꯤ ꯑꯣꯏꯕ ꯁꯣꯛꯍꯟꯕ ꯅꯠꯇ꯭ꯔꯒ ꯍꯥꯠꯄ ꯊꯣꯛꯍꯟꯕ""ꯗ ꯀꯥꯔꯤꯃꯇ ꯇꯧꯔꯝꯗꯕ ꯌꯥꯏ꯫","ꯉ ꯥꯛ    ꯁꯦ ꯜꯂꯕ    ꯃꯤ    ꯑꯃꯅ    "" ꯂꯤ ꯆꯠ    ꯑꯗꯨ ꯒꯨꯝꯕ    ꯑꯗꯨꯅ    ꯍꯛꯆꯥꯡꯒꯤ    ꯑꯣꯏꯕ    ꯁꯣꯛ ꯍꯟꯕ    ꯅꯠꯇ꯭ꯔꯒ    ꯍꯥꯠ ꯄ    ꯊꯣꯛꯍꯟ ꯕ "" ꯗ    ꯀꯥꯔ ꯤ ꯃꯇ   ꯇꯧ ꯔꯝ ꯗꯕ    ꯌꯥꯏ꯫ ",80,30
1293,ꯑꯥꯔꯇꯤꯀꯜ ꯲꯸ꯅ ꯈꯨꯡꯒꯪ ꯑꯃ ꯂꯥꯟꯒꯤ ꯈꯨꯠꯊꯥꯡꯗ ꯐꯥꯖꯤꯟꯈꯤꯕ ꯃꯇꯝꯗ ꯀꯥꯡꯂꯨꯞ ꯑꯃꯠꯇꯅ ꯈꯨꯠ ꯊꯥꯗꯨꯟ ꯍꯨꯔꯥꯟꯕ ꯇꯧꯕ ꯌꯥꯗꯦ ꯍꯥꯏꯅ ꯍꯥꯏ꯫,ꯑꯥꯔꯇꯤꯀꯜ    ꯲ ꯸ ꯅ    ꯈꯨꯡꯒꯪ    ꯑꯃ    ꯂꯥꯟꯒꯤ    ꯈꯨꯠꯊꯥꯡꯗ    ꯐꯥ ꯖꯤꯟ ꯈꯤꯕ    ꯃꯇꯝꯗ    ꯀꯥꯡꯂꯨꯞ    ꯑꯃꯠꯇ ꯅ    ꯈꯨꯠ    ꯊꯥ ꯗꯨ ꯟ    ꯍꯨ ꯔ ꯥꯟꯕ    ꯇꯧꯕ    ꯌꯥ ꯗꯦ    ꯍꯥꯏꯅ    ꯍꯥꯏ꯫ ,81,27
1294,ꯀꯟꯚꯦꯟꯁꯟ ꯑꯗꯨꯒꯤ ꯑꯥꯔꯇꯤꯀꯜ ꯸ ꯅꯅꯥꯝꯃ ꯁꯣꯏꯕꯗ ꯃꯆꯪ ꯃꯤꯈꯥꯏ ꯅꯥꯏꯕ ꯑꯗꯨ ꯊꯦꯡꯅꯅꯕ ꯍꯛꯁꯤꯡ ꯑꯃꯁꯨꯡ ꯏꯪꯀꯥꯏꯈꯨꯝꯅꯕꯒꯤ ꯁꯥꯖꯠ ꯌꯣꯛꯈꯠꯄ ꯑꯗꯨꯒꯤ ꯃꯇꯥꯡꯗ ꯈꯪꯍꯟꯕ ꯍꯦꯟꯒꯠꯍꯟꯕ ꯑꯗꯨꯗ ꯀꯥꯡꯂꯨꯞꯁꯤꯡꯒꯤ ꯄꯨꯛꯅꯤꯡ ꯋꯥꯈꯜ ꯆꯪꯕ ꯑꯗꯨꯗ ꯁꯥꯐꯨ ꯄꯤ꯫,ꯀꯟ ꯚꯦꯟ ꯁꯟ    ꯑꯗꯨꯒꯤ    ꯑꯥꯔꯇꯤꯀꯜ    ꯸    ꯅ ꯅꯥ ꯝꯃ   ꯁꯣꯏ ꯕꯗ    ꯃꯆ ꯪ    ꯃꯤꯈ ꯥꯏ    ꯅꯥꯏꯕ    ꯑꯗꯨ    ꯊꯦꯡꯅ ꯅꯕ    ꯍꯛ ꯁꯤꯡ    ꯑꯃꯁꯨꯡ    ꯏꯪ ꯀꯥꯏ ꯈꯨꯝ ꯅꯕꯒꯤ    ꯁꯥ ꯖ ꯠ    ꯌꯣꯛꯈꯠ ꯄ    ꯑꯗꯨꯒꯤ    ꯃꯇꯥꯡꯗ    ꯈꯪ ꯍꯟꯕ    ꯍꯦꯟꯒꯠ ꯍꯟꯕ    ꯑꯗꯨꯗ    ꯀꯥꯡꯂꯨꯞ ꯁꯤꯡꯒꯤ    ꯄꯨꯛꯅꯤꯡ    ꯋꯥꯈꯜ    ꯆꯪꯕ    ꯑꯗꯨꯗ    ꯁꯥꯐꯨ    ꯄꯤ꯫ ,145,46
1295,"ꯐꯦꯗꯦꯔꯦꯜ ꯂꯤꯁ꯭ꯠꯀꯤ ꯃꯈꯥꯗ ꯆꯟꯕ (ꯂꯝ ꯑꯃꯒꯤ ꯃꯆꯥ ꯑꯣꯏꯕꯒꯤ, ꯉꯥꯛ-ꯁꯦꯟꯕꯒꯤ, ꯃꯥꯅꯨꯡꯒꯤ ꯆꯦꯛꯁꯟ ꯊꯧꯔꯥꯡ, ꯁꯤꯕꯤꯜ ꯑꯃꯁꯨꯡ ꯀ꯭ꯔꯤꯃꯤꯅꯦꯜꯒꯤ ꯋꯥꯌꯦꯟ, ꯁꯦꯟꯊꯨꯝ, ꯂꯥꯂꯣꯟ ꯏꯇꯤꯛ, ꯀꯃꯔꯁ ꯑꯃꯁꯨꯡ ꯏꯟꯗꯁꯇꯔꯤ, ꯂꯥꯏꯔꯤꯛ ꯂꯥꯏꯁꯨ, ꯂꯦꯕꯔ ꯑꯃꯁꯨꯡ ꯇꯨꯔꯤꯖꯝꯒꯨꯝꯕ) ꯍꯤꯔꯝ ꯑꯁꯤꯒꯤ ꯋꯥꯌꯦꯜ ꯁꯦꯝꯕꯒꯤ ꯑꯃꯇ ꯑꯣꯏꯕ ꯃꯇꯤꯛ ꯑꯁꯤ ꯄꯥꯔꯂꯤꯌꯥꯃꯦꯟꯇ ꯂꯩ ꯑꯗꯨꯕꯨ ꯂꯦꯒꯤꯁ꯭ꯠꯂꯦꯇꯤꯕ ꯑꯦꯁꯦꯝꯕ꯭ꯂꯤꯒꯤ ꯈꯨꯊꯥꯡꯗ ꯁ꯭ꯇꯦꯠ ꯈꯨꯗꯤꯡꯃꯛꯇ ꯁ꯭ꯇꯦꯠ ꯂꯤꯁ꯭ꯠ (ꯂꯝ, ꯃꯐꯝ ꯑꯗꯨꯒꯤ ꯁꯔꯀꯥꯔ, ꯁꯥꯏꯌꯥꯔꯤꯌꯥ ꯋꯥꯌꯦꯜ ꯑꯃꯁꯨꯡ ꯁꯥꯏꯌꯥꯔꯤꯌꯥ ꯋꯥꯌꯦꯜ ꯁꯪꯁꯤꯡ, ꯂꯝ ꯑꯗꯨꯒꯤ ꯁꯨꯇꯤꯁꯤꯡ ꯑꯃꯁꯨꯡ ꯁ꯭ꯇꯦꯠꯀꯤ ꯃꯤꯌꯥꯝꯒꯤ ꯊꯕꯛꯁꯤꯡꯒꯨꯝꯕ) ꯋꯥꯌꯦꯜꯂꯣꯟ ꯁꯦꯝꯕꯒꯤ ꯃꯇꯤꯛ ꯂꯩ꯫","ꯐꯦ ꯗꯦ ꯔꯦꯜ    ꯂꯤ ꯁ꯭ ꯠꯀꯤ    ꯃꯈꯥꯗ    ꯆꯟꯕ    ( ꯂꯝ    ꯑꯃꯒꯤ    ꯃꯆꯥ    ꯑꯣꯏꯕ ꯒꯤ,    ꯉꯥꯛ-ꯁꯦꯟ ꯕ ꯒꯤ,    ꯃꯥ ꯅꯨꯡꯒꯤ    ꯆꯦꯛ ꯁꯟ    ꯊꯧꯔꯥꯡ ,    ꯁꯤ ꯕꯤꯜ    ꯑꯃꯁꯨꯡ    ꯀ꯭ꯔꯤ ꯃꯤ ꯅꯦ ꯜꯒꯤ    ꯋꯥ ꯌꯦꯟ ,    ꯁꯦꯟ ꯊꯨꯝ ,    ꯂꯥ ꯂꯣꯟ    ꯏꯇꯤ ꯛ,    ꯀ ꯃꯔ ꯁ    ꯑꯃꯁꯨꯡ    ꯏꯟꯗ ꯁꯇ ꯔꯤ,    ꯂꯥꯏꯔꯤꯛ    ꯂꯥꯏ ꯁꯨ,    ꯂꯦ ꯕꯔ    ꯑꯃꯁꯨꯡ    ꯇꯨꯔꯤꯖ ꯝ ꯒꯨꯝ ꯕ)    ꯍꯤꯔꯝ    ꯑꯁꯤꯒꯤ    ꯋꯥꯌꯦꯜ    ꯁꯦꯝꯕꯒꯤ    ꯑꯃ ꯇ    ꯑꯣꯏꯕ    ꯃꯇꯤꯛ    ꯑꯁꯤ    ꯄꯥꯔꯂꯤꯌꯥ ꯃꯦꯟ ꯇ    ꯂꯩ    ꯑꯗꯨꯕꯨ    ꯂꯦ ꯒꯤ ꯁ꯭ꯠ ꯂꯦ ꯇꯤꯕ    ꯑꯦꯁꯦꯝꯕ꯭ ꯂꯤꯒꯤ    ꯈꯨ ꯊꯥꯡꯗ    ꯁ꯭ꯇꯦꯠ    ꯈꯨꯗꯤꯡꯃꯛꯇ    ꯁ꯭ꯇꯦꯠ    ꯂꯤ ꯁ꯭ꯠ    ( ꯂꯝ ,    ꯃꯐꯝ    ꯑꯗꯨꯒꯤ    ꯁꯔꯀꯥꯔ ,    ꯁꯥꯏ ꯌꯥ ꯔꯤꯌꯥ    ꯋꯥꯌꯦꯜ    ꯑꯃꯁꯨꯡ    ꯁꯥꯏ ꯌꯥ ꯔꯤꯌꯥ    ꯋꯥꯌꯦꯜ    ꯁꯪ ꯁꯤꯡ,    ꯂꯝ    ꯑꯗꯨꯒꯤ    ꯁꯨ ꯇꯤꯁꯤꯡ    ꯑꯃꯁꯨꯡ    ꯁ꯭ꯇꯦ ꯠꯀꯤ    ꯃꯤꯌꯥꯝꯒꯤ    ꯊꯕꯛ ꯁꯤꯡ ꯒꯨꯝ ꯕ)    ꯋꯥꯌꯦꯜ ꯂꯣꯟ    ꯁꯦꯝꯕꯒꯤ    ꯃꯇꯤꯛ    ꯂꯩ꯫ ",386,120
1296,"ꯕꯤꯛ ꯑꯃꯁꯨꯡ ꯑꯦꯛꯀ-ꯁꯁꯇꯔꯟꯒꯤ ꯐꯦꯕ꯭ꯔꯨꯋꯥꯔꯤꯒꯤ ꯱꯰ ꯐꯥꯎꯕ ꯈꯨꯗꯛꯀꯤ ꯑꯣꯏꯕ ꯋꯥꯌꯦꯜ ꯌꯥꯊꯪ ꯑꯃ ꯂꯩꯒꯅꯤ, ꯃꯁꯤꯅ ꯄꯨꯂꯤꯁꯇ ꯃꯔꯝ ꯂꯩꯇꯅ ꯂꯦꯞꯍꯟꯕ-ꯑꯃꯁꯨꯡ-ꯊꯤꯕ ꯍꯨꯝꯕ ꯌꯥꯍꯟꯒꯅꯤ꯫","ꯕꯤ ꯛ    ꯑꯃꯁꯨꯡ    ꯑꯦꯛ ꯀ - ꯁ ꯁꯇꯔ ꯟꯒꯤ    ꯐꯦꯕ꯭ꯔꯨ ꯋꯥꯔꯤꯒꯤ    ꯱꯰    ꯐꯥꯎꯕ    ꯈꯨꯗ ꯛꯀꯤ    ꯑꯣꯏꯕ    ꯋꯥꯌꯦꯜ    ꯌꯥꯊꯪ    ꯑꯃ    ꯂꯩ ꯒꯅꯤ,    ꯃꯁꯤꯅ    ꯄꯨꯂꯤ ꯁꯇ    ꯃꯔꯝ    ꯂꯩꯇꯅ    ꯂꯦꯞ ꯍꯟ ꯕ- ꯑꯃꯁꯨ ꯡ - ꯊꯤꯕ    ꯍ ꯨꯝꯕ    ꯌꯥ ꯍꯟ ꯒꯅꯤ꯫ ",110,38
1297,"ꯑꯗꯨꯝ ꯑꯣꯏꯅꯃꯛ, ꯁ꯭ꯇꯦꯠ ꯕꯥꯔ ꯀꯥꯎꯟꯁꯤꯜ ꯑꯃꯍꯦꯛꯇꯗ ꯃꯤꯡ ꯆꯟꯕꯅ ꯕꯦꯔꯤꯁꯇꯔ ꯑꯗꯨꯕꯨ ꯚꯥꯔꯠꯇ ꯂꯩꯕ ꯋꯥꯌꯦꯜꯁꯪ ꯑꯃꯍꯦꯛꯇꯗ ꯂꯦꯞꯄꯗ ꯊꯤꯡꯗꯦ, ꯃꯁꯤ ꯃꯈꯣꯏꯅ ꯃꯤꯡ ꯆꯜꯂꯤꯕ ꯁ꯭ꯇꯦꯠ ꯕꯥꯔ ꯀꯥꯎꯟꯁꯤꯜ ꯑꯗꯨꯒꯤ ꯋꯥꯌꯦꯜꯂꯣꯟꯅ ꯀꯣꯜꯂꯤꯕ ꯃꯐꯝꯒꯤ ꯃꯄꯥꯟꯗ ꯑꯣꯏꯔꯕꯁꯨ ꯊꯤꯡꯗꯦ꯫","ꯑꯗꯨꯝ    ꯑꯣꯏꯅꯃꯛ,    ꯁ꯭ꯇꯦꯠ    ꯕꯥꯔ    ꯀꯥꯎꯟꯁꯤꯜ    ꯑꯃꯍꯦꯛꯇꯗ    ꯃꯤꯡ    ꯆꯟ ꯕꯅ    ꯕꯦ ꯔꯤ ꯁꯇꯔ    ꯑꯗꯨꯕꯨ    ꯚꯥꯔꯠꯇ    ꯂꯩꯕ    ꯋꯥꯌꯦꯜ ꯁꯪ    ꯑꯃꯍꯦꯛꯇꯗ    ꯂꯦꯞ ꯄꯗ    ꯊꯤꯡ ꯗꯦ,    ꯃꯁꯤ    ꯃꯈꯣꯏꯅ    ꯃꯤꯡ    ꯆ ꯜꯂꯤꯕ    ꯁ꯭ꯇꯦꯠ    ꯕꯥꯔ    ꯀꯥꯎꯟꯁꯤꯜ    ꯑꯗꯨꯒꯤ    ꯋꯥꯌꯦꯜ ꯂꯣꯟꯅ    ꯀꯣ ꯜꯂꯤꯕ    ꯃꯐꯝꯒꯤ    ꯃꯄꯥꯟꯗ    ꯑꯣꯏꯔꯕꯁꯨ    ꯊꯤꯡ ꯗꯦ꯫ ",159,40
1298,"ꯃꯁꯤꯒꯤ ꯋꯥꯌꯦꯜꯂꯣꯟꯁꯤꯡ ꯑꯁꯤꯅ ꯂꯩꯉꯥꯛꯄꯥꯏꯕꯒꯤ ꯅꯠꯇꯕ ꯂꯩꯉꯥꯛꯂꯣꯟꯒꯤ ꯊꯕꯛ ꯑꯝꯍꯦꯛꯇ ꯌꯥꯝꯅ ꯊꯧꯅ ꯀꯛꯏ: ꯂꯝꯕꯦꯜꯗ ꯂꯥꯎ ꯈꯣꯡꯕꯁꯤꯡ, ꯑꯌꯥꯕ ꯂꯩꯇꯕ ꯂꯩꯉꯥꯛꯀꯤ ꯀꯥꯡꯂꯨꯞꯁꯤꯡ, ꯑꯃꯁꯨꯡ ꯃꯤꯡꯆꯟꯗꯕ ꯁꯦꯟ ꯈꯥꯏꯕꯁꯤꯡ ꯑꯁꯤ ꯅꯤꯌꯣꯝ ꯅꯥꯏꯅ ꯊꯤꯡꯈꯤ꯫","ꯃꯁꯤꯒꯤ    ꯋꯥꯌꯦꯜ ꯂꯣꯟꯁꯤꯡ    ꯑꯁꯤꯅ    ꯂꯩꯉꯥꯛ ꯄꯥꯏ ꯕꯒꯤ    ꯅꯠꯇꯕ    ꯂꯩꯉꯥꯛꯂꯣꯟꯒꯤ    ꯊꯕꯛ    ꯑꯝ ꯍꯦ ꯛꯇ    ꯌꯥꯝꯅ    ꯊꯧ ꯅ    ꯀꯛ ꯏ :    ꯂꯝ ꯕꯦ ꯜꯗ    ꯂ ꯥꯎ    ꯈꯣꯡ ꯕꯁꯤꯡ,    ꯑꯌꯥꯕ    ꯂꯩꯇꯕ    ꯂꯩꯉꯥꯛꯀꯤ    ꯀꯥꯡꯂꯨꯞ ꯁꯤꯡ,    ꯑꯃꯁꯨꯡ    ꯃꯤꯡ ꯆꯟ ꯗꯕ    ꯁꯦꯟ    ꯈꯥꯏ ꯕꯁꯤꯡ    ꯑꯁꯤ    ꯅꯤꯌꯣ ꯝ    ꯅꯥꯏꯅ    ꯊꯤꯡ ꯈꯤ꯫ ",147,44
1299,ꯃꯇꯩ ꯃꯅꯥꯎ ꯅꯠꯇꯕꯒ ꯍꯛꯇꯤꯟꯅꯕ ꯑꯁꯤ ꯊꯥꯖꯕ ꯑꯃꯁꯨꯡ ꯂꯨꯍꯣꯡꯕ ꯃꯇꯝꯗ ꯃꯁꯥꯅ ꯌꯥꯖꯗꯨꯅ ꯋꯥꯈꯜ ꯂꯦꯞꯈꯤꯕ ꯑꯗꯨꯒꯤ ꯃꯔꯛꯇ ꯑꯍꯣꯕ ꯑꯃꯅꯤ ꯍꯥꯏꯅ ꯇꯣꯏꯅ ꯎꯅꯩ꯫,ꯃꯇ ꯩ    ꯃꯅꯥꯎ    ꯅꯠꯇ ꯕꯒ    ꯍꯛ ꯇꯤꯟ ꯅꯕ    ꯑꯁꯤ    ꯊꯥꯖꯕ    ꯑꯃꯁꯨꯡ    ꯂꯨꯍꯣꯡꯕ    ꯃꯇꯝꯗ    ꯃꯁꯥꯅ    ꯌꯥ ꯖ ꯗꯨꯅ    ꯋꯥꯈꯜ    ꯂꯦꯞ ꯈꯤꯕ    ꯑꯗꯨꯒꯤ    ꯃꯔꯛꯇ    ꯑꯍ ꯣ ꯕ    ꯑꯃꯅꯤ    ꯍꯥꯏꯅ    ꯇꯣꯏꯅ    ꯎ ꯅꯩ꯫ ,90,30
1300,ꯅꯍꯥꯛꯅ ꯇꯦꯡꯕꯥꯡ ꯆꯦꯅꯥꯁꯤꯡ ꯑꯗꯨ ꯆꯦꯛꯁꯤꯟꯅ ꯄꯥꯔꯕ꯭ꯔꯥ ꯑꯃꯗꯤ ꯁꯃꯁ꯭ꯌꯥ ꯑꯗꯨ ꯃꯄꯨꯡꯐꯥꯅ ꯀꯣꯛꯍꯜꯂꯕ꯭ꯔꯥ,ꯅꯍꯥꯛꯅ    ꯇꯦꯡ ꯕꯥ ꯡ    ꯆꯦ ꯅꯥ ꯁꯤꯡ    ꯑꯗꯨ    ꯆꯦꯛꯁꯤꯟ ꯅ    ꯄꯥꯔ ꯕ꯭ꯔꯥ    ꯑꯃꯗꯤ    ꯁ ꯃ ꯁ꯭ ꯌꯥ    ꯑꯗꯨ    ꯃꯄꯨꯡꯐꯥꯅ    ꯀꯣꯛ ꯍꯜꯂ ꯕ꯭ꯔꯥ ,65,22
1301,ꯏꯪ ꯲꯰꯰꯶ꯀꯤ ꯖꯨꯂꯥꯏ ꯑꯃꯁꯨꯡ ꯑꯥꯒꯁꯠꯇ ꯂꯦꯕꯥꯅꯟ ꯑꯃꯁꯨꯡ ꯏꯖꯔꯦꯜꯒꯤ ꯃꯔꯛꯇ ꯊꯣꯛꯄ ꯂꯥꯟꯗ ꯂꯥꯟꯒꯤ ꯈꯨꯖꯨ ꯈꯨꯂꯥꯏ ꯁꯤꯖꯤꯟꯅꯕ ꯑꯃꯁꯨꯡ ꯏꯊꯤꯜ ꯄꯤꯕꯒꯤ ꯃꯇꯥꯡꯗ ꯃꯥꯂꯦꯝꯒꯤ ꯋꯥꯊꯣꯛ ꯑꯗꯨꯅ ꯊꯤꯡꯕꯒꯤ ꯌꯥꯟꯅꯕꯒꯤ ꯃꯥꯂꯦꯝꯒꯤ ꯈꯣꯡꯖꯪꯗꯨ ꯍꯦꯟꯅ ꯂꯨꯝꯍꯟꯈꯤ꯫,ꯏꯪ    ꯲꯰꯰ ꯶ꯀꯤ    ꯖꯨꯂꯥꯏ    ꯑꯃꯁꯨꯡ    ꯑꯥ ꯒ ꯁ ꯠꯇ    ꯂꯦ ꯕꯥ ꯅ ꯟ    ꯑꯃꯁꯨꯡ    ꯏ ꯖ ꯔꯦꯜꯒꯤ    ꯃꯔꯛꯇ    ꯊꯣꯛꯄ    ꯂꯥꯟꯗ    ꯂꯥꯟꯒꯤ    ꯈꯨ ꯖꯨ    ꯈꯨ ꯂꯥꯏ    ꯁꯤꯖꯤꯟꯅꯕ    ꯑꯃꯁꯨꯡ    ꯏꯊꯤꯜ    ꯄꯤꯕꯒꯤ    ꯃꯇꯥꯡꯗ    ꯃꯥꯂꯦꯝꯒꯤ    ꯋꯥꯊꯣꯛ    ꯑꯗꯨꯅ    ꯊꯤꯡ ꯕꯒꯤ    ꯌꯥꯟ ꯅꯕꯒꯤ    ꯃꯥꯂꯦꯝꯒꯤ    ꯈꯣꯡꯖꯪ ꯗꯨ    ꯍꯦꯟꯅ    ꯂ ꯨꯝ ꯍꯟꯈꯤ꯫ ,149,44
1302,ꯇꯥꯏꯋꯥꯟꯗ ꯚꯣꯠꯁꯤꯡ ꯑꯃꯗꯤ ꯊꯤꯖꯤꯟ-ꯍꯨꯝꯖꯤꯟꯕꯅ ꯁꯤꯕꯒꯤ ꯆꯩꯔꯥꯛ ꯑꯗꯨꯒꯤꯗꯃꯛ ꯆꯥꯗ ꯸꯰ꯗ ꯆꯥꯡ ꯅꯥꯏꯅ ꯑꯀꯟꯕ ꯁꯧꯒꯠꯄ ꯎꯠꯂꯦ꯫,ꯇꯥꯏ ꯋ ꯥꯟꯗ    ꯚꯣ ꯠꯁꯤꯡ    ꯑꯃꯗꯤ    ꯊꯤꯖꯤꯟ -ꯍꯨꯝ ꯖꯤꯟ ꯕꯅ    ꯁꯤꯕꯒꯤ    ꯆꯩꯔꯥꯛ    ꯑꯗꯨꯒꯤꯗꯃꯛ    ꯆꯥꯗ    ꯸ ꯰ꯗ    ꯆꯥꯡ    ꯅꯥꯏꯅ    ꯑꯀꯟꯕ    ꯁꯧꯒꯠꯄ    ꯎꯠ ꯂꯦ꯫ ,76,22
1303,"ꯃꯁꯤꯒꯤ ꯃꯊꯛꯇ, ꯅꯨꯔꯦꯝꯕꯔꯒ ꯇ꯭ꯔꯥꯏꯑꯜꯁꯀꯤ ꯍꯥꯟꯅꯒꯤ ꯃꯀꯣꯛꯊꯣꯡꯕ ꯋꯥꯌꯦꯜꯂꯣꯟꯒꯤ ꯊꯧꯃꯤ ꯕꯦꯟꯖꯥꯝꯤꯟ ꯐꯦꯔꯦꯟꯁꯅ ꯏꯔꯥꯛꯇ ꯂꯥꯟꯗꯥꯕ ꯑꯗꯨꯕꯨ ""ꯁꯦꯡꯂꯕ ꯆꯠꯅ-ꯄꯊꯥꯞꯇ ꯑꯀꯥꯏꯕ ꯄꯤꯕ"" ꯑꯃꯅꯤ ꯑꯃꯁꯨꯨꯡ ꯑꯁꯤꯒꯨꯝꯅ ꯃꯁꯤꯅ ꯇꯪꯗꯨ-ꯂꯩꯇꯥꯕꯒꯤ ꯃꯥꯌꯣꯛꯇ ꯋꯥꯌꯦꯜ ꯀꯥꯏꯕ ꯊꯕꯛ ꯑꯃ ꯑꯣꯏ ꯍꯥꯏꯅ ꯂꯧꯔꯦ꯫","ꯃꯁꯤꯒꯤ    ꯃꯊꯛꯇ,    ꯅꯨ ꯔꯦ ꯝꯕ ꯔꯒ    ꯇ꯭ꯔꯥꯏ ꯑꯜ ꯁꯀꯤ    ꯍꯥꯟꯅꯒꯤ    ꯃꯀꯣꯛ ꯊꯣꯡꯕ    ꯋꯥꯌꯦꯜ ꯂꯣꯟꯒꯤ    ꯊꯧ ꯃꯤ    ꯕꯦꯟ ꯖꯥ ꯝ ꯤ ꯟ    ꯐꯦ ꯔꯦꯟ ꯁꯅ    ꯏ ꯔꯥꯛ ꯇ    ꯂꯥꯟꯗꯥꯕ    ꯑꯗꯨꯕꯨ    "" ꯁꯦꯡꯂꯕ    ꯆꯠꯅ- ꯄꯊꯥ ꯞꯇ    ꯑꯀꯥꯏꯕ    ꯄꯤ ꯕ""    ꯑꯃꯅꯤ    ꯑꯃꯁꯨ ꯨꯡ    ꯑꯁꯤ ꯒꯨꯝꯅ    ꯃꯁꯤꯅ    ꯇꯪ ꯗꯨ - ꯂꯩ ꯇꯥ ꯕꯒꯤ    ꯃꯥꯌꯣꯛꯇ    ꯋꯥꯌꯦꯜ    ꯀꯥꯏ ꯕ    ꯊꯕꯛ    ꯑꯃ    ꯑꯣꯏ    ꯍꯥꯏꯅ    ꯂꯧ ꯔꯦ꯫ ",176,59
1304,ꯏꯪ ꯲꯰꯱꯲ꯒꯤ ꯁꯦꯞꯇꯦꯝꯕꯔꯗ ꯃꯈꯣꯏꯕꯨ ꯀꯣꯔꯠꯀꯤ ꯌꯥꯊꯪ ꯊꯧꯑꯣꯏꯗꯕꯒꯤ ꯋꯥꯌꯦꯜꯂꯣꯟꯅ ꯃꯔꯥꯜ ꯂꯩꯔꯦ ꯍꯥꯏꯅ ꯂꯥꯎꯊꯣꯛꯈꯤ꯫,ꯏꯪ    ꯲꯰꯱꯲ꯒꯤ    ꯁꯦꯞꯇꯦꯝꯕ ꯔꯗ    ꯃꯈꯣꯏꯕꯨ    ꯀꯣꯔ ꯠꯀꯤ    ꯌꯥꯊꯪ    ꯊꯧ ꯑꯣꯏ ꯗꯕꯒꯤ    ꯋꯥꯌꯦꯜ ꯂꯣꯟꯅ    ꯃꯔꯥꯜ    ꯂꯩ ꯔꯦ    ꯍꯥꯏꯅ    ꯂꯥꯎꯊꯣꯛꯈꯤ꯫ ,72,18
1305,"ꯏꯪ ꯲꯰꯰꯸ꯗ, ꯗꯦꯜꯂꯤꯒꯤ ꯋꯥꯌꯦꯜ ꯁꯪ ꯑꯃꯅ ꯂꯝꯕꯤꯗ ꯆꯠꯂꯤꯕ ꯅꯨꯄꯤꯁꯤꯡꯗ ꯂꯝꯆꯠ ꯀꯥꯝꯕ ꯋꯥꯍꯩꯁꯤꯡ ꯉꯥꯡꯉꯤꯉꯥꯏꯗ ꯐꯥꯈꯤꯕ ꯆꯍꯤ ꯱꯹ ꯁꯨꯕ ꯑꯃꯕꯨ ꯏꯁꯀꯨꯜꯁꯤꯡ ꯑꯃꯁꯨꯡ ꯀꯣꯜꯂꯦꯖꯁꯤꯡꯒꯤ ꯃꯄꯥꯟꯗ ꯂꯝꯆꯠ ꯅꯥꯏꯗꯕꯒꯤ ꯆꯩꯔꯥꯛꯁꯤꯡ ꯑꯗꯨ ꯁꯟꯗꯣꯛꯅ ꯇꯥꯛꯄ ꯆꯦꯅꯥ ꯵꯰꯰ ꯌꯦꯟꯊꯣꯛꯍꯟꯈꯤ꯫","ꯏꯪ    ꯲꯰꯰ ꯸ ꯗ,    ꯗꯦ ꯜꯂꯤ ꯒꯤ    ꯋꯥꯌꯦꯜ    ꯁꯪ    ꯑꯃꯅ    ꯂꯝꯕꯤꯗ    ꯆꯠ ꯂꯤꯕ    ꯅꯨꯄꯤ ꯁꯤꯡꯗ    ꯂꯝ ꯆꯠ    ꯀꯥ ꯝꯕ    ꯋꯥꯍꯩꯁꯤꯡ    ꯉꯥꯡ ꯉꯤ ꯉꯥꯏ ꯗ    ꯐꯥ ꯈꯤꯕ    ꯆꯍꯤ    ꯱꯹    ꯁꯨꯕ    ꯑꯃꯕꯨ    ꯏꯁ ꯀꯨ ꯜꯁꯤꯡ    ꯑꯃꯁꯨꯡ    ꯀꯣꯜ ꯂꯦ ꯖ ꯁꯤꯡꯒꯤ    ꯃꯄꯥꯟꯗ    ꯂꯝ ꯆꯠ    ꯅꯥꯏ ꯗꯕꯒꯤ    ꯆꯩ ꯔꯥꯛ ꯁꯤꯡ    ꯑꯗꯨ    ꯁꯟꯗꯣꯛꯅ    ꯇꯥꯛꯄ    ꯆꯦ ꯅꯥ    ꯵꯰꯰    ꯌꯦꯟ ꯊꯣꯛꯍꯟꯈꯤ꯫ ",163,54
1306,"ꯏꯪ ꯲꯰꯱꯵ꯒꯤ ꯃꯥꯔꯆ ꯱꯱ꯗ, ꯏ꯭ꯁꯄꯦꯁꯦꯜ ꯁꯤꯕꯤꯑꯥꯏ ꯖꯠꯖ ꯑꯃꯅ ꯁꯦꯛꯁꯟ ꯱꯲꯰-ꯕꯤ ꯑꯃꯁꯨꯡ ꯏꯟꯗꯤꯌꯥꯟ ꯄꯤꯅꯦꯜ ꯀꯣꯗ, ꯱꯸꯶꯰ ꯒꯤ ꯴꯰꯹ ꯑꯃꯁꯨꯡ ꯄ꯭ꯔꯤꯕꯦꯟꯁꯟ ꯑꯣꯐ ꯀꯔꯞꯁꯟ ꯑꯦꯛ, ꯱꯹꯸꯸ ꯀꯤ ꯁꯦꯛꯁꯟ ꯱꯳(꯱)(ꯁꯤ), ꯱꯳(꯱)(ꯗꯤ)(꯳) ꯒꯤ ꯃꯈꯥꯗ ꯗꯥꯛꯇꯔ ꯃꯟꯃꯣꯍꯟ ꯁꯤꯡ ꯑꯃꯁꯨꯡ ꯃꯔꯥꯟ ꯂꯩꯔꯦ ꯍꯥꯏꯔꯤꯕ ꯃꯉꯥ ꯃꯤꯡ ꯑꯣꯏꯅ ꯄꯜꯂꯕꯗ ꯑꯦꯝ/ꯑꯦꯁ","ꯏꯪ    ꯲꯰꯱꯵ꯒꯤ    ꯃꯥꯔꯆ    ꯱꯱ ꯗ,    ꯏ ꯭ꯁ ꯄꯦꯁ ꯦ ꯜ    ꯁꯤ ꯕꯤ ꯑ ꯥꯏ    ꯖ ꯠ ꯖ    ꯑꯃꯅ    ꯁꯦ ꯛꯁꯟ    ꯱ ꯲꯰ - ꯕꯤ    ꯑꯃꯁꯨꯡ    ꯏꯟꯗꯤ ꯌꯥꯟ    ꯄꯤ ꯅꯦꯜ    ꯀꯣ ꯗ,    ꯱꯸ ꯶꯰    ꯒꯤ    ꯴꯰ ꯹    ꯑꯃꯁꯨꯡ    ꯄ꯭ꯔꯤ ꯕꯦꯟ ꯁꯟ    ꯑꯣꯐ    ꯀꯔ ꯞ ꯁꯟ    ꯑꯦꯛ ,    ꯱꯹꯸ ꯸    ꯀꯤ    ꯁꯦ ꯛꯁꯟ    ꯱꯳ ( ꯱ ) ( ꯁꯤ ),    ꯱꯳ ( ꯱ ) ( ꯗꯤ ) ( ꯳ )    ꯒꯤ    ꯃꯈꯥꯗ    ꯗ ꯥꯛ ꯇꯔ    ꯃꯟ ꯃꯣ ꯍꯟ    ꯁꯤꯡ    ꯑꯃꯁꯨꯡ    ꯃꯔ ꯥꯟ    ꯂꯩ ꯔꯦ    ꯍꯥꯏꯔꯤꯕ    ꯃꯉꯥ    ꯃꯤꯡ    ꯑꯣꯏꯅ    ꯄꯜꯂ ꯕꯗ    ꯑꯦꯝ / ꯑꯦꯁ",198,91
1307,"ꯍꯤꯟꯗꯥꯜꯀꯣ, ꯁꯨꯕꯦꯟꯙ ꯑꯥꯃꯤꯇꯥꯚ, ꯗꯤ","ꯍꯤꯟ ꯗꯥ ꯜ ꯀꯣ ,    ꯁꯨ ꯕꯦꯟ ꯙ    ꯑꯥ ꯃꯤ ꯇꯥ ꯚ ,    ꯗꯤ ",25,14
1308,"ꯚꯥꯠꯇꯥꯆꯥꯔꯌꯥ, ꯀꯨꯃꯥꯔ ꯃꯥꯡꯒꯂꯝ ꯕꯤꯔꯂꯥ ꯑꯃꯁꯨꯡ ꯄꯤ","ꯚꯥ ꯠꯇꯥ ꯆꯥꯔ ꯌꯥ,    ꯀꯨꯃꯥꯔ    ꯃꯥꯡ ꯒ ꯂꯝ    ꯕꯤꯔ ꯂꯥ    ꯑꯃꯁꯨꯡ    ꯄꯤ ",34,12
1309,ꯁꯤ,ꯁꯤ ,2,1
1310,ꯄꯔꯥꯈꯀꯤ ꯃꯥꯏꯌꯣꯛꯀꯤ ꯃꯔꯥꯜ ꯑꯗꯨ ꯈꯪꯖꯤꯟꯈꯤ꯫,ꯄ ꯔꯥ ꯈ ꯀꯤ    ꯃꯥꯏꯌꯣꯛ ꯀꯤ    ꯃꯔꯥꯜ    ꯑꯗꯨ    ꯈꯪ ꯖꯤꯟ ꯈꯤ꯫ ,29,11
1311,ꯃꯍꯥꯛ ꯑꯁꯤ ꯂꯥꯟꯒꯤ ꯀ꯭ꯔꯥꯏꯝꯁꯤꯡ ꯌꯥꯊꯪ ꯄꯤꯕꯒꯤ ꯑꯃꯗꯤ ꯄꯨꯟꯅ ꯂꯧꯇꯨꯅꯕꯒꯤꯗꯃꯛ ꯃꯃꯥꯡꯗ ꯃꯔꯥꯜ ꯂꯩꯇꯦ ꯍꯥꯏꯅ ꯂꯥꯎꯊꯣꯛꯈꯤ꯫,ꯃꯍꯥꯛ    ꯑꯁꯤ    ꯂꯥꯟꯒꯤ    ꯀ꯭ꯔꯥꯏ ꯝꯁꯤꯡ    ꯌꯥꯊꯪ    ꯄꯤꯕꯒꯤ    ꯑꯃꯗꯤ    ꯄꯨꯟꯅ    ꯂꯧ ꯇꯨ ꯅꯕꯒꯤꯗꯃꯛ    ꯃꯃꯥꯡꯗ    ꯃꯔꯥꯜ    ꯂꯩꯇꯦ    ꯍꯥꯏꯅ    ꯂꯥꯎꯊꯣꯛꯈꯤ꯫ ,75,17
1312,ꯋꯥꯌꯦꯜꯂꯣꯟ ꯑꯁꯤ ꯑꯥꯏꯇꯤ ꯀꯥꯡꯂꯨꯞꯁꯤꯡꯅ ꯄꯥꯛꯇꯛꯅꯅ ꯍꯨꯟꯈꯤ ꯃꯔꯝꯗꯤ ꯃꯁꯤꯅ ꯂꯩꯕꯥꯛꯀꯤ ꯃꯤꯁꯤꯡꯕꯨ ꯗꯤꯒꯤꯇꯦꯜꯒꯤ ꯈꯨꯠꯊꯥꯡꯗ ꯌꯦꯡꯁꯤꯟꯕ ꯊꯝꯗꯨꯟ ꯑꯃꯁꯨꯡ ꯋꯥ ꯉꯥꯡꯕꯒꯤ ꯅꯤꯡꯇꯝꯕꯗ ꯀꯥ ꯍꯦꯟꯕ ꯑꯊꯤꯡꯕ ꯊꯝꯗꯨꯅ ꯃꯤꯑꯣꯏꯕꯒꯤ ꯍꯛꯁꯤꯡ ꯊꯨꯒꯥꯏ ꯫,ꯋꯥꯌꯦꯜ ꯂꯣꯟ    ꯑꯁꯤ    ꯑꯥꯏ ꯇꯤ    ꯀꯥꯡꯂꯨꯞ ꯁꯤꯡꯅ    ꯄꯥꯛ ꯇꯛ ꯅꯅ    ꯍꯨꯟ ꯈꯤ    ꯃꯔꯝꯗꯤ    ꯃꯁꯤꯅ    ꯂꯩꯕꯥꯛꯀꯤ    ꯃꯤ ꯁꯤꯡꯕꯨ    ꯗꯤ ꯒꯤ ꯇꯦ ꯜꯒꯤ    ꯈꯨꯠꯊꯥꯡꯗ    ꯌꯦꯡꯁꯤꯟꯕ    ꯊꯝ ꯗꯨ ꯟ    ꯑꯃꯁꯨꯡ    ꯋꯥ    ꯉꯥꯡ ꯕꯒꯤ    ꯅꯤꯡ ꯇꯝ ꯕꯗ    ꯀꯥ    ꯍꯦꯟꯕ    ꯑꯊꯤꯡꯕ    ꯊꯝ ꯗꯨꯅ    ꯃꯤꯑꯣꯏꯕꯒꯤ    ꯍꯛ ꯁꯤꯡ    ꯊꯨ ꯒ ꯥꯏ    ꯫ ,144,45
1313,"ꯁꯪꯕꯤꯙꯥꯟꯒꯤ ꯄ꯭ꯔꯤꯑꯦꯝꯕꯜꯗꯁꯨ ꯍꯞꯇꯨꯅ ꯊꯝꯕꯒꯨꯝꯅ, ꯂꯨꯞꯂꯝ ꯑꯗꯨꯒꯤ ꯈ꯭ꯋꯥꯏꯗꯒꯤ ꯃꯔꯨ ꯑꯣꯏꯕ ꯄꯥꯟꯗꯝꯗꯤ ꯊꯨꯅ ꯑꯆꯨꯝꯕ ꯋꯥꯌꯦꯜ ꯄꯤꯕꯅꯤ꯫","ꯁꯪ ꯕꯤ ꯙ ꯥꯟꯒꯤ    ꯄ꯭ꯔꯤ ꯑꯦ ꯝꯕ ꯜ ꯗꯁꯨ    ꯍ ꯞ ꯇꯨꯅ    ꯊ ꯝꯕ ꯒꯨꯝ ꯅ,    ꯂꯨꯞ ꯂꯝ    ꯑꯗꯨꯒꯤ    ꯈ꯭ꯋꯥꯏꯗꯒꯤ    ꯃꯔꯨ    ꯑꯣꯏꯕ    ꯄꯥꯟꯗꯝ ꯗꯤ    ꯊꯨꯅ    ꯑꯆꯨꯝꯕ    ꯋꯥꯌꯦꯜ    ꯄꯤ ꯕꯅꯤ꯫ ",85,29
1314,ꯑꯥꯔꯇꯤꯀꯜ ꯱꯴꯵ ꯑꯗꯨ ꯁꯦꯝꯗꯣꯛꯈꯤ ꯑꯃꯗꯤ ꯏꯪ ꯲꯰꯱꯳ꯒꯤ ꯁꯨꯄ꯭ꯔꯤꯝ ꯀꯣꯔꯠ ꯔꯨꯜꯁ ꯑꯗꯨꯅ ꯌꯦꯡꯁꯤꯜꯂꯤ꯫,ꯑꯥꯔꯇꯤꯀꯜ    ꯱꯴ ꯵    ꯑꯗꯨ    ꯁꯦꯝꯗꯣꯛ ꯈꯤ    ꯑꯃꯗꯤ    ꯏꯪ    ꯲꯰꯱꯳ꯒꯤ    ꯁꯨ ꯄ꯭ꯔꯤ ꯝ    ꯀꯣꯔꯠ    ꯔꯨ ꯜꯁ    ꯑꯗꯨꯅ    ꯌꯦꯡ ꯁꯤꯜꯂꯤ꯫ ,61,18
1315,"ꯌꯨꯅꯥꯏꯇꯦꯠ ꯀꯤꯡꯗꯝꯗ, ꯑꯦꯛꯁ ꯑꯣꯐ ꯄꯥꯔꯂꯤꯌꯥꯃꯦꯟꯇꯅ ꯄꯥꯔꯂꯤꯌꯥꯃꯦꯟꯇꯀꯤ ꯂꯩꯉꯥꯛꯀꯤ ꯋꯥꯡꯃ ꯃꯈꯥꯗ ꯁꯦꯝꯕ ꯌꯥꯗꯦ, ꯑꯗꯨꯕꯨ ꯀꯥꯎꯟꯁꯤꯜ ꯑꯗꯨꯒꯤ ꯃꯅꯨꯡ ꯋꯥꯌꯦꯜꯁꯤꯡ, ꯄꯥꯔꯂꯤꯌꯥꯃꯦꯟꯇꯅ ꯌꯥꯈꯤꯗꯕ ꯃꯔꯨ ꯑꯣꯏꯕ ꯋꯥꯔꯣꯜ ꯁꯦꯝꯕꯒꯤ ꯑꯇꯣꯞꯄ ꯃꯈꯜꯗꯤ ꯌꯥꯏ (ꯀꯥꯎ꯭ꯟꯁꯤꯜ ꯑꯣꯐ ꯁꯤꯕꯤꯜ ꯁꯔꯕꯤꯁ ꯌꯨꯅꯤꯌꯟꯁꯀ ꯃꯤꯅꯤꯁꯇꯔ ꯐꯣꯔ ꯗ ꯁꯤꯕꯤꯜ ꯁꯔꯕꯤꯁꯀ ꯃꯥꯏꯌꯣꯛꯅꯕ (꯱꯹꯸꯵) ꯑꯃꯁꯨꯡ ꯃꯤꯜꯂꯔ/ ꯆꯦꯔꯤ (꯲꯰꯱꯹) ꯌꯦꯡꯉꯨ) ꯫","ꯌꯨꯅꯥꯏꯇꯦꯠ    ꯀꯤꯡ ꯗꯝ ꯗ,    ꯑꯦꯛ ꯁ    ꯑꯣꯐ    ꯄꯥꯔꯂꯤꯌꯥ ꯃꯦꯟ ꯇꯅ    ꯄꯥꯔꯂꯤꯌꯥ ꯃꯦꯟ ꯇ ꯀꯤ    ꯂꯩꯉꯥꯛꯀꯤ    ꯋꯥꯡ ꯃ    ꯃꯈꯥꯗ    ꯁꯦꯝꯕ    ꯌꯥ ꯗꯦ,    ꯑꯗꯨꯕꯨ    ꯀꯥꯎꯟꯁꯤꯜ    ꯑꯗꯨꯒꯤ    ꯃꯅꯨꯡ    ꯋꯥꯌꯦꯜ ꯁꯤꯡ,    ꯄꯥꯔꯂꯤꯌꯥ ꯃꯦꯟ ꯇꯅ    ꯌꯥ ꯈꯤ ꯗꯕ    ꯃꯔꯨ    ꯑꯣꯏꯕ    ꯋꯥꯔꯣꯜ    ꯁꯦꯝꯕꯒꯤ    ꯑꯇꯣꯞꯄ    ꯃꯈ ꯜ ꯗꯤ    ꯌꯥꯏ    ( ꯀꯥꯎ ꯭ ꯟꯁꯤ ꯜ    ꯑꯣꯐ    ꯁꯤ ꯕꯤꯜ    ꯁꯔꯕꯤꯁ    ꯌꯨꯅꯤ ꯌꯟ ꯁꯀ    ꯃꯤꯅꯤ ꯁꯇꯔ    ꯐꯣꯔ    ꯗ    ꯁꯤ ꯕꯤꯜ    ꯁꯔꯕꯤ ꯁꯀ    ꯃꯥꯏꯌꯣꯛ ꯅꯕ    ( ꯱꯹꯸ ꯵ )    ꯑꯃꯁꯨꯡ    ꯃꯤ ꯜꯂ ꯔ /   ꯆꯦ ꯔꯤ    ( ꯲꯰꯱꯹ )    ꯌꯦꯡ ꯉ ꯨ )    ꯫ ",244,83
1316,"ꯈꯨꯗꯝ ꯑꯣꯏꯅ, ""ꯃꯤ ꯑꯃꯁꯤ ꯂꯝ ꯑꯝꯇꯒꯤ ꯑꯣꯗꯕ ꯑꯣꯏꯕꯒꯤ ꯈꯨꯗꯣꯡꯊꯤꯕꯗ ꯂꯩꯕ ꯌꯥꯏ ꯀꯔꯤꯒꯨꯝꯕ ꯃꯍꯥꯛ ꯑꯗꯨ ꯖꯁ ꯁꯥꯡꯒꯨꯏꯅꯤꯁ ꯄꯥꯟꯕ ꯂꯝꯗ ꯑꯗꯨꯒ ꯃꯍꯥꯛꯀꯤ ꯃꯃꯥ ꯃꯄꯥꯅ ꯖꯁ ꯁꯣꯂꯤ ꯄꯥꯟꯕ ꯂꯝꯗ ꯄꯣꯛꯂꯕꯗꯤ, ꯂꯝ ꯑꯅꯤ ꯑꯁꯤꯒꯤ ꯑꯥꯏꯟꯁꯤꯡꯗ ꯌꯥꯟꯅꯗꯕꯅ ꯃꯔꯝ ꯑꯣꯏꯗꯨꯅ ꯃꯤꯑꯣꯏ ꯑꯗꯨ ꯂꯩꯕꯥꯛ ꯑꯅꯤꯃꯛꯀꯤ ꯃꯤ ꯑꯃ ꯑꯣꯏꯕꯒꯤ ꯍꯛ ꯂꯧꯕ ꯌꯥꯗꯅ ꯊꯝꯃꯤ""꯫","ꯈꯨꯗꯝ    ꯑꯣꯏꯅ,    "" ꯃꯤ    ꯑꯃ ꯁꯤ    ꯂꯝ    ꯑꯝ ꯇꯒꯤ    ꯑꯣ ꯗꯕ    ꯑꯣꯏꯕꯒꯤ    ꯈꯨꯗꯣꯡꯊꯤ ꯕꯗ    ꯂꯩꯕ    ꯌꯥꯏ    ꯀꯔꯤꯒꯨꯝꯕ    ꯃꯍꯥꯛ    ꯑꯗꯨ    ꯖ ꯁ    ꯁꯥꯡ ꯒꯨ ꯏ ꯅꯤꯁ    ꯄꯥꯟꯕ    ꯂꯝꯗ    ꯑꯗꯨꯒ    ꯃꯍꯥꯛꯀꯤ    ꯃꯃꯥ    ꯃꯄꯥꯅ    ꯖ ꯁ    ꯁꯣ ꯂꯤ    ꯄꯥꯟꯕ    ꯂꯝꯗ    ꯄꯣꯛ ꯂꯕꯗꯤ,    ꯂꯝ    ꯑꯅꯤ    ꯑꯁꯤꯒꯤ    ꯑꯥꯏ ꯟ ꯁꯤꯡꯗ    ꯌꯥꯟ ꯅ ꯗꯕꯅ    ꯃꯔꯝ    ꯑꯣꯏꯗꯨꯅ    ꯃꯤꯑꯣꯏ    ꯑꯗꯨ    ꯂꯩꯕꯥꯛ    ꯑꯅꯤꯃꯛꯀꯤ    ꯃꯤ    ꯑꯃ    ꯑꯣꯏꯕꯒꯤ    ꯍꯛ    ꯂꯧꯕ    ꯌꯥ ꯗꯅ    ꯊꯝ ꯃꯤ "" ꯫ ",197,65
1317,"ꯁꯤꯗꯤꯑꯩꯆꯑꯥꯔꯑꯥꯏꯅ ꯃꯤꯑꯣꯏ ꯄꯨꯝꯅꯃꯛꯄꯨ ""ꯃꯍꯥꯛꯀꯤ ꯂꯝꯒꯤ ꯑꯣꯏꯕ ꯃꯤꯌꯥꯝꯒꯤ ꯊꯕꯛꯇ ꯍꯛꯊꯦꯡꯅꯅ ꯅꯠꯇ꯭ꯔꯒ ꯍꯛꯊꯦꯡꯅꯗꯅ ꯊꯕꯛ ꯇꯧꯕꯗ ꯌꯥꯎꯕꯒꯤ ꯍꯛ"" ꯄꯤꯕꯒꯤꯁꯨ ꯋꯥꯁꯛ ꯏ ꯫","ꯁꯤ ꯗꯤ ꯑꯩꯆ ꯑꯥꯔ ꯑꯥꯏ ꯅ    ꯃꯤꯑꯣꯏ    ꯄꯨꯝꯅ ꯃꯛꯄꯨ    "" ꯃꯍꯥꯛꯀꯤ    ꯂꯝꯒꯤ    ꯑꯣꯏꯕ    ꯃꯤꯌꯥꯝꯒꯤ    ꯊꯕ ꯛꯇ    ꯍꯛꯊꯦꯡꯅꯅ    ꯅꯠꯇ꯭ꯔꯒ    ꯍꯛ ꯊꯦꯡꯅ ꯗꯅ    ꯊꯕꯛ    ꯇꯧꯕꯗ    ꯌꯥꯎ ꯕꯒꯤ    ꯍꯛ ""    ꯄꯤ ꯕ ꯒꯤꯁꯨ    ꯋꯥ ꯁꯛ    ꯏ    ꯫ ",103,34
1318,ꯀꯣꯔꯠ ꯑꯗꯨꯒꯤ ꯁꯤꯠ ꯑꯗꯨ ꯗꯤꯜꯂꯤꯗ ꯂꯩꯕ ꯄꯔꯂꯤꯌꯥꯃꯦꯟꯇ ꯕꯤꯜꯗꯤꯡ ꯑꯗꯨꯗ ꯂꯩꯕ ꯆꯦꯝꯕꯔ ꯑꯣꯐ ꯄ꯭ꯔꯤꯟꯁꯦꯁ ꯑꯗꯨꯅꯤ꯫,ꯀꯣꯔꯠ    ꯑꯗꯨꯒꯤ    ꯁꯤꯠ    ꯑꯗꯨ    ꯗꯤꯜꯂꯤꯗ    ꯂꯩꯕ    ꯄꯔ ꯂꯤꯌꯥ ꯃꯦꯟ ꯇ    ꯕꯤꯜ ꯗꯤꯡ    ꯑꯗꯨꯗ    ꯂꯩꯕ    ꯆꯦ ꯝꯕꯔ    ꯑꯣꯐ    ꯄ꯭ꯔꯤꯟ ꯁ ꯦꯁ    ꯑꯗꯨꯅꯤ꯫ ,69,21
1319,ꯖꯤꯅꯦꯚꯥ ꯀꯣꯟꯚꯦꯟꯁꯟꯁ (ꯒꯤꯁꯤ) ꯑꯃꯁꯨꯡ ꯃꯈꯣꯏꯒꯤ ꯑꯦꯗꯤꯁꯟꯅꯦꯜ ꯄ꯭ꯔꯣꯇꯣꯆꯣꯜꯁ (ꯑꯦꯄꯤꯁ) ꯑꯗꯨꯅ ꯋꯥꯌꯦꯜꯒꯤ ꯊꯧꯑꯣꯡ ꯊꯦꯡꯅꯔꯤꯕ ꯂꯥꯟꯒꯤ ꯐꯥꯗꯣꯛꯁꯤꯡ ꯑꯃꯍꯦꯛꯇ ꯃꯤꯆꯪ ꯃꯤꯈꯥꯏ ꯅꯥꯏꯗꯕ ꯋꯥꯌꯦꯜ ꯐꯪꯕ ꯃꯊꯧ ꯇꯥꯏ꯫,ꯖꯤ ꯅꯦ ꯚ ꯥ    ꯀꯣꯟ ꯚꯦꯟ ꯁꯟ ꯁ    ( ꯒꯤ ꯁꯤ )    ꯑꯃꯁꯨꯡ    ꯃꯈꯣꯏꯒꯤ    ꯑꯦꯗꯤ ꯁꯟ ꯅꯦꯜ    ꯄ꯭ꯔꯣ ꯇꯣ ꯆꯣ ꯜꯁ    ( ꯑꯦ ꯄꯤ ꯁ )    ꯑꯗꯨꯅ    ꯋꯥꯌꯦ ꯜꯒꯤ    ꯊꯧꯑꯣꯡ    ꯊꯦꯡꯅ ꯔꯤꯕ    ꯂꯥꯟꯒꯤ    ꯐꯥ ꯗꯣꯛ ꯁꯤꯡ    ꯑꯃꯍꯦꯛꯇ    ꯃꯤꯆ ꯪ    ꯃꯤꯈ ꯥꯏ    ꯅꯥꯏ ꯗꯕ    ꯋꯥꯌꯦꯜ    ꯐꯪꯕ    ꯃꯊꯧ    ꯇꯥꯏ꯫ ,129,47
1320,ꯏꯟꯗꯣꯅꯦꯁꯤꯌꯥꯟ ꯁꯨꯄ꯭ꯔꯤꯝ ꯀꯣꯔꯠ (ꯏꯟꯗꯣꯅꯦꯁꯤꯌꯥꯟ: ꯃꯥꯍꯀꯥꯃꯥꯍ ꯑꯒꯨꯡ) ꯑꯁꯤ ꯖꯨꯗꯤꯁꯤꯌꯦꯜ ꯕ꯭ꯔꯥꯟꯆꯀꯤ ꯈ꯭ꯋꯥꯏꯗꯒꯤ ꯋꯥꯡꯕ ꯊꯥꯛꯅꯤ꯫,ꯏꯟꯗꯣ ꯅꯦ ꯁꯤ ꯌꯥꯟ    ꯁꯨ ꯄ꯭ꯔꯤ ꯝ    ꯀꯣꯔꯠ    ( ꯏꯟꯗꯣ ꯅꯦ ꯁꯤ ꯌꯥꯟ :    ꯃꯥ ꯍ ꯀꯥ ꯃꯥ ꯍ    ꯑ ꯒ ꯨꯡ )    ꯑꯁꯤ    ꯖꯨ ꯗꯤ ꯁꯤꯌꯦꯜ    ꯕ꯭ꯔ ꯥꯟ ꯆꯀꯤ    ꯈ꯭ꯋꯥꯏꯗꯒꯤ    ꯋꯥꯡꯕ    ꯊꯥꯛ ꯅꯤ꯫ ,86,34
1321,"ꯑꯦꯝꯇꯤꯄꯤ ꯑꯦꯛꯅ ꯆꯥꯌꯣꯜ ꯱꯲ ꯐꯥꯎꯕꯒꯤ ꯅꯥꯎꯔꯣꯟ ꯀꯥꯏꯍꯟꯕꯗ ꯔꯦꯖꯤꯁꯇꯔ꯭ꯗ ꯃꯦꯗꯤꯀꯦꯜ ꯄ꯭ꯔꯦꯛꯇꯤꯁꯅꯔ (ꯑꯥꯔꯑꯦꯝꯄꯤ) ꯑꯃꯒꯤ ꯃꯣꯠ ꯃꯊꯧ ꯇꯥꯏ ꯑꯗꯨꯒ ꯆꯥꯌꯣꯜ ꯱꯲ ꯑꯃꯁꯨꯡ ꯲꯰ꯒꯤ ꯃꯔꯛꯇꯅ, ꯑꯥꯔꯑꯦꯝꯄꯤ ꯑꯅꯤꯒꯤ ꯃꯣꯠ ꯃꯊꯧ ꯇꯥꯏ꯫","ꯑꯦꯝ ꯇꯤ ꯄꯤ    ꯑꯦꯛ ꯅ    ꯆꯥ ꯌꯣ ꯜ    ꯱꯲    ꯐꯥꯎꯕꯒꯤ    ꯅꯥꯎ ꯔꯣ ꯟ    ꯀꯥꯏ ꯍꯟꯕꯗ    ꯔꯦꯖꯤ ꯁꯇꯔ ꯭ꯗ    ꯃꯦꯗꯤ ꯀꯦꯜ    ꯄ꯭ꯔꯦ ꯛ ꯇꯤꯁ ꯅꯔ    ( ꯑꯥꯔ ꯑꯦ ꯝꯄꯤ )    ꯑꯃꯒꯤ    ꯃꯣ ꯠ    ꯃꯊꯧ    ꯇꯥꯏ    ꯑꯗꯨꯒ    ꯆꯥ ꯌꯣ ꯜ    ꯱꯲    ꯑꯃꯁꯨꯡ    ꯲꯰ꯒꯤ    ꯃꯔ ꯛꯇ ꯅ,    ꯑꯥꯔ ꯑꯦꯝ ꯄꯤ    ꯑꯅꯤꯒꯤ    ꯃꯣ ꯠ    ꯃꯊꯧ    ꯇꯥꯏ꯫ ",135,52
1322,"ꯈꯨꯗꯝ ꯑꯣꯏꯅ, ꯁꯪꯒꯨꯗ ꯂꯩꯕ ꯕꯣꯝꯁꯤꯡ ꯑꯁꯤꯅ ꯃꯥꯏꯟꯁꯤꯡꯒꯤ ꯈꯨꯗꯣꯡ ꯆꯥꯗꯕ ꯑꯗꯨꯒ ꯆꯞ ꯃꯥꯟꯅꯅ ꯄꯨꯊꯣꯛꯔꯛꯏ: ꯄꯣꯈꯥꯏꯗ꯭ꯔꯤꯕ ꯕꯣꯝꯁꯤꯡ ꯑꯁꯤ ꯂꯥꯟ ꯑꯃ ꯂꯣꯏꯈ꯭ꯔꯕ ꯀꯨꯏꯔꯕ ꯃꯇꯨꯡꯗ ꯐꯥꯎꯕ ꯃꯤꯆꯝꯁꯤꯡꯗ ꯈꯨꯗꯣꯡꯊꯤꯕ ꯑꯣꯏ꯫","ꯈꯨꯗꯝ    ꯑꯣꯏꯅ,    ꯁꯪ ꯒꯨ ꯗ    ꯂꯩꯕ    ꯕꯣ ꯝꯁꯤꯡ    ꯑꯁꯤꯅ    ꯃꯥꯏ ꯟꯁꯤꯡꯒꯤ    ꯈꯨꯗꯣ ꯡ    ꯆꯥ ꯗꯕ    ꯑꯗꯨꯒ    ꯆꯞ    ꯃꯥꯟꯅꯅ    ꯄꯨꯊꯣꯛ ꯔꯛ ꯏ :    ꯄꯣꯈꯥꯏ ꯗ꯭ꯔꯤꯕ    ꯕꯣ ꯝꯁꯤꯡ    ꯑꯁꯤ    ꯂꯥꯟ    ꯑꯃ    ꯂꯣꯏ ꯈ꯭ꯔꯕ    ꯀꯨꯏ ꯔꯕ    ꯃꯇꯨꯡꯗ    ꯐꯥꯎꯕ    ꯃꯤꯆ ꯝꯁꯤꯡꯗ    ꯈꯨꯗꯣꯡꯊꯤꯕ    ꯑꯣꯏ꯫ ",130,39
1323,"ꯁ꯭ꯇꯦꯋꯥꯔꯗ ꯑꯃꯁꯨꯡ ꯕꯥꯔꯅꯦꯠꯅ ꯃꯤꯍꯧ-ꯈꯨꯅꯥꯏꯔꯣꯟ ꯑꯁꯤ ꯃꯍꯩ ꯃꯁꯤꯡꯒꯤ ꯊꯕꯛꯁꯤꯡꯗꯗꯝꯛ ꯄꯟꯈꯩ ꯊꯝꯒꯗꯧꯕꯅꯤ ꯍꯥꯏꯅ ꯄꯥꯨꯇꯥꯛ ꯄꯤꯕ ꯇꯥꯔꯕꯁꯨ, ꯃꯍꯩ ꯃꯁꯤꯡꯒꯤ ꯂꯝꯒꯤ ꯃꯅꯨꯡꯗ ꯑꯃꯁꯨꯡ ꯃꯄꯥꯟꯗ ꯂꯩꯕ ꯃꯤꯁꯤꯡꯅꯗꯤ ꯃꯤꯍꯧ-ꯈꯨꯅꯥꯏꯔꯣꯟ ꯇꯝꯗꯕꯁꯤꯡꯅ ꯃꯁꯤꯒꯤ ꯐꯤꯗꯝ ꯑꯁꯤ ꯑꯄꯤꯛꯄ ꯈꯨꯉꯥꯏ ꯅꯠꯇ꯭ꯔꯒ ꯃꯥꯂꯦꯝꯒꯤ ꯃꯔꯤꯁꯤꯡꯒꯤ ꯃꯇꯥꯡꯗ ꯃꯤꯌꯥꯝꯒꯤ ꯊꯧꯁꯤꯜꯗ ꯁꯤꯖꯟꯅꯕꯒꯤ ꯃꯥꯑꯣꯡꯁꯤꯡ ꯈꯟꯅ-ꯅꯩꯅꯕ ꯍꯧꯖꯤꯛꯁꯨ ꯆꯠꯊꯔꯤ꯫","ꯁ꯭ꯇꯦ ꯋꯥꯔꯗ    ꯑꯃꯁꯨꯡ    ꯕꯥꯔ ꯅꯦ ꯠꯅ    ꯃꯤ ꯍꯧ - ꯈꯨ ꯅꯥꯏ ꯔꯣ ꯟ    ꯑꯁꯤ    ꯃꯍꯩ    ꯃ ꯁꯤꯡꯒꯤ    ꯊꯕꯛ ꯁꯤꯡ ꯗ ꯗꯝ ꯛ    ꯄꯟ ꯈꯩ    ꯊꯝ ꯒꯗꯧ ꯕꯅꯤ    ꯍꯥꯏꯅ    ꯄꯥ ꯨ ꯇꯥꯛ    ꯄꯤꯕ    ꯇꯥꯔ ꯕꯁꯨ,    ꯃꯍꯩ    ꯃ ꯁꯤꯡꯒꯤ    ꯂꯝꯒꯤ    ꯃꯅꯨꯡꯗ    ꯑꯃꯁꯨꯡ    ꯃꯄꯥꯟꯗ    ꯂꯩꯕ    ꯃꯤ ꯁꯤꯡ ꯅꯗꯤ    ꯃꯤ ꯍꯧ - ꯈꯨ ꯅꯥꯏ ꯔꯣ ꯟ    ꯇꯝ ꯗꯕ ꯁꯤꯡꯅ    ꯃꯁꯤꯒꯤ    ꯐꯤ ꯗꯝ    ꯑꯁꯤ    ꯑꯄꯤꯛꯄ    ꯈꯨ ꯉꯥꯏ    ꯅꯠꯇ꯭ꯔꯒ    ꯃꯥꯂꯦꯝꯒꯤ    ꯃꯔꯤ ꯁꯤꯡꯒꯤ    ꯃꯇꯥꯡꯗ    ꯃꯤꯌꯥꯝꯒꯤ    ꯊꯧ ꯁꯤ ꯜꯗ    ꯁꯤꯖꯟ ꯅꯕꯒꯤ    ꯃꯥ ꯑꯣ ꯡꯁꯤꯡ    ꯈꯟꯅ- ꯅꯩꯅꯕ    ꯍꯧꯖꯤꯛꯁꯨ    ꯆꯠꯊ ꯔꯤ꯫ ",245,81
1324,ꯖꯣꯟ-ꯄꯣꯜ ꯑꯀꯥꯌꯦꯁꯨꯒꯤ ꯃꯥꯌꯣꯛꯀꯤ ꯋꯥꯌꯦꯜ ꯑꯗꯨꯅ ꯏꯀꯥꯏꯈꯨꯝꯅꯕ ꯃꯥꯡꯍꯟꯕ ꯑꯁꯤ ꯂꯥꯟꯒꯤ ꯀ꯭ꯔꯥꯏꯝ ꯑꯃ ꯑꯣꯏꯅ ꯂꯤꯡꯈꯠꯈꯤ꯫,ꯖꯣ ꯟ- ꯄꯣ ꯜ    ꯑ ꯀꯥ ꯌꯦ ꯁꯨ ꯒꯤ    ꯃꯥꯌꯣꯛ ꯀꯤ    ꯋꯥꯌꯦꯜ    ꯑꯗꯨꯅ    ꯏꯀꯥꯏꯈꯨꯝꯅꯕ    ꯃꯥꯡ ꯍꯟꯕ    ꯑꯁꯤ    ꯂꯥꯟꯒꯤ    ꯀ꯭ꯔꯥꯏ ꯝ    ꯑꯃ    ꯑꯣꯏꯅ    ꯂꯤꯡꯈꯠꯈꯤ꯫ ,75,23
1325,ꯈ꯭ꯋꯥꯏꯗꯒꯤ ꯑꯉꯟꯕ ꯈꯨꯗꯝꯁꯤꯡꯗꯤ ꯃꯦꯁꯣꯄꯣꯇꯥꯃꯤꯌꯥꯒꯤ ꯁꯍꯔ- ꯂꯥꯒꯥꯁ ꯑꯃꯁꯨꯡ ꯎꯝꯃꯥꯒꯤ (ꯆꯧꯔꯛꯅ ꯈꯔꯤꯁꯠꯇꯒꯤ ꯃꯃꯥꯡ ꯲꯱꯰꯰ꯗ) ꯃꯔꯛꯇ ꯁꯥꯟꯇꯤꯒꯤ ꯌꯥꯟꯅꯕꯁꯤꯡ ꯑꯃꯁꯨꯡ ꯏꯖꯤꯞꯀꯤ ꯅꯤꯡꯊꯧ ꯔꯥꯝꯁꯦꯁ ꯲ ꯑꯃꯁꯨꯡ ꯍꯤꯠꯇꯤꯠ ꯅꯤꯡꯊꯧ ꯍꯥꯠꯇꯨꯁꯤꯂꯤꯁ ꯳ ꯒꯤ ꯃꯔꯛꯇ ꯈꯔꯤꯁꯠꯇꯒꯤ ꯃꯃꯥꯡ ꯱꯲꯵꯸ꯗ ꯂꯣꯏꯁꯤꯟꯈꯤꯕ ꯌꯥꯟꯅꯕꯅꯤ꯫,ꯈ꯭ꯋꯥꯏꯗꯒꯤ    ꯑꯉꯟꯕ    ꯈꯨꯗ ꯝ ꯁꯤꯡꯗꯤ    ꯃꯦꯁ ꯣ ꯄꯣ ꯇꯥꯃꯤ ꯌꯥꯒꯤ    ꯁꯍꯔ -    ꯂꯥ ꯒꯥ ꯁ    ꯑꯃꯁꯨꯡ    ꯎ ꯝ ꯃꯥꯒꯤ    ( ꯆꯧ ꯔꯛ ꯅ    ꯈ ꯔꯤ ꯁ ꯠꯇꯒꯤ    ꯃꯃꯥꯡ    ꯲ ꯱꯰꯰ ꯗ )    ꯃꯔꯛꯇ    ꯁꯥꯟ ꯇꯤꯒꯤ    ꯌꯥꯟ ꯅꯕꯁꯤꯡ    ꯑꯃꯁꯨꯡ    ꯏ ꯖꯤ ꯞꯀꯤ    ꯅꯤꯡꯊꯧ    ꯔꯥꯝ ꯁ ꯦꯁ    ꯲    ꯑꯃꯁꯨꯡ    ꯍꯤ ꯠ ꯇꯤ ꯠ    ꯅꯤꯡꯊꯧ    ꯍꯥꯠ ꯇꯨ ꯁꯤ ꯂꯤꯁ    ꯳    ꯒꯤ    ꯃꯔꯛꯇ    ꯈ ꯔꯤ ꯁ ꯠꯇꯒꯤ    ꯃꯃꯥꯡ    ꯱꯲ ꯵ ꯸ꯗ    ꯂꯣꯏꯁꯤꯟ ꯈꯤꯕ    ꯌꯥꯟ ꯅꯕ ꯅꯤ꯫ ,188,72
1326,ꯁꯤꯕꯒꯤ ꯆꯩꯔꯥꯛ ꯄꯤꯕ ꯑꯁꯤ ꯂꯝ ꯑꯃꯁꯨꯡ ꯋꯥꯌꯦꯜꯒꯤ ꯆꯩꯔꯥꯛ ꯐꯪꯕ ꯌꯥꯕ ꯊꯧꯑꯣꯡ ꯑꯗꯨꯒꯤ ꯃꯇꯨꯡ ꯏꯟꯅ ꯃꯤꯌꯥꯝꯒꯤ ꯋꯥꯈꯜ ꯌꯥꯝꯅ ꯈꯦꯠꯅꯩ꯫,ꯁꯤꯕꯒꯤ    ꯆꯩꯔꯥꯛ    ꯄꯤꯕ    ꯑꯁꯤ    ꯂꯝ    ꯑꯃꯁꯨꯡ    ꯋꯥꯌꯦ ꯜꯒꯤ    ꯆꯩꯔꯥꯛ    ꯐꯪꯕ    ꯌꯥꯕ    ꯊꯧꯑꯣꯡ    ꯑꯗꯨꯒꯤ    ꯃꯇꯨꯡ    ꯏꯟꯅ    ꯃꯤꯌꯥꯝꯒꯤ    ꯋꯥꯈꯜ    ꯌꯥꯝꯅ    ꯈꯦꯠ ꯅꯩ꯫ ,79,20
1327,"ꯆꯥꯎꯅ ꯌꯦꯡꯉꯕꯗ, ꯑꯜꯇ꯭ꯔ ꯕꯤꯔꯦꯁ ꯊꯧꯋꯣꯡꯁꯤꯡꯒꯤ ꯃꯇꯥꯡꯗꯗꯤ, ꯌꯦꯡꯁꯜꯂꯤꯕ ꯋꯥꯌꯦꯜꯁꯪ ꯑꯃꯅ ꯀꯔꯤꯒꯨꯝꯕ ꯃꯔꯝ ꯆꯥꯗ꯭ꯔꯕꯗꯤ (ꯀꯦꯅꯗꯥꯒꯤ ꯋꯥꯌꯦꯜꯂꯣꯟꯒꯤ ꯃꯈꯥꯗ, ꯗꯨꯟ꯭ꯁꯃꯨꯤꯔ ꯕꯤ","ꯆꯥꯎꯅ    ꯌꯦꯡ ꯉ ꯕꯗ,    ꯑꯜ ꯇ꯭ꯔ    ꯕꯤꯔ ꯦꯁ    ꯊꯧ ꯋ ꯣꯡ ꯁꯤꯡꯒꯤ    ꯃꯇꯥꯡ ꯗꯗꯤ,    ꯌꯦꯡ ꯁ ꯜꯂꯤꯕ    ꯋꯥꯌꯦꯜ ꯁꯪ    ꯑꯃꯅ    ꯀꯔꯤꯒꯨꯝꯕ    ꯃꯔꯝ    ꯆꯥ ꯗ꯭ꯔꯕꯗꯤ    ( ꯀꯦꯅ ꯗꯥꯒꯤ    ꯋꯥꯌꯦꯜ ꯂꯣꯟꯒꯤ    ꯃꯈꯥ ꯗ,    ꯗꯨ ꯟ ꯭ ꯁꯃꯨ ꯤ ꯔ    ꯕꯤ ",109,38
1328,"ꯅꯤꯌꯨ ꯕ꯭ꯔꯟꯁꯋꯤꯛꯇ ꯁꯨꯄ꯭ꯔꯤꯝ ꯀꯣꯔꯠꯀꯤ ꯊꯥꯛꯇ ""ꯄꯦꯇꯦꯟꯂꯤ ꯑꯟꯔꯤꯖꯅꯦꯕꯜ"" ꯀꯛꯊꯠꯈꯤꯕꯒꯤ ꯃꯇꯨꯡ ꯏꯟꯅ), ꯋꯦꯗꯅꯦꯁꯕꯨꯔꯤ ꯃꯔꯝ ꯆꯥꯗꯕ (ꯕ꯭ꯔꯤꯇꯤꯁ ꯋꯥꯌꯦꯜꯂꯣꯟꯒꯤ ꯃꯈꯥꯗ) ꯅꯠꯇ꯭ꯔꯒ ꯄꯔꯤꯡ ꯅꯥꯏꯗꯕ ꯑꯃꯁꯨꯡ ꯃꯑꯣꯡ ꯆꯨꯝꯗꯕꯗꯤ (ꯌꯨ","ꯅꯤ ꯌꯨ    ꯕ꯭ꯔ ꯟ ꯁ ꯋꯤ ꯛꯇ    ꯁꯨ ꯄ꯭ꯔꯤ ꯝ    ꯀꯣꯔ ꯠꯀꯤ    ꯊꯥꯛꯇ    "" ꯄꯦ ꯇꯦꯟ ꯂꯤ    ꯑꯟ ꯔꯤꯖ ꯅꯦ ꯕꯜ ""    ꯀꯛꯊꯠ ꯈꯤꯕꯒꯤ    ꯃꯇꯨꯡ    ꯏꯟ ꯅ ),    ꯋꯦ ꯗ ꯅꯦꯁ ꯕꯨ ꯔꯤ    ꯃꯔꯝ    ꯆꯥ ꯗꯕ    ( ꯕ꯭ꯔꯤꯇꯤꯁ    ꯋꯥꯌꯦꯜ ꯂꯣꯟꯒꯤ    ꯃꯈꯥ ꯗ )    ꯅꯠꯇ꯭ꯔꯒ    ꯄꯔꯤꯡ    ꯅꯥꯏ ꯗꯕ    ꯑꯃꯁꯨꯡ    ꯃꯑꯣꯡ    ꯆꯨꯝ ꯗꯕ ꯗꯤ    ( ꯌꯨ ",140,54
1329,ꯑꯦꯁ ꯑꯦꯗꯃꯤꯅꯤꯁꯇ꯭ꯔꯦꯇꯤꯕ ꯄ꯭ꯔꯣꯆꯦꯖꯔ ꯑꯦꯛ ꯑꯃꯁꯨꯡ ꯅꯤꯌꯨ ꯌꯣꯔꯛ ꯁ꯭ꯇꯦꯠ ꯋꯥꯌꯦꯜꯂꯣꯟꯒꯤ ꯃꯈꯥꯗ) ꯂꯩꯉꯥꯛꯀꯤ ꯑꯣꯏꯕ ꯐꯤꯔꯦꯞ ꯑꯃ ꯅꯥꯊꯩꯗꯨꯅ ꯊꯝꯕ ꯌꯥꯏ ꯫,ꯑꯦꯁ   ꯑꯦꯗ ꯃꯤꯅꯤ ꯁꯇ꯭ꯔꯦ ꯇꯤꯕ    ꯄ꯭ꯔꯣ ꯆꯦ ꯖꯔ    ꯑꯦ ꯛ    ꯑꯃꯁꯨꯡ    ꯅꯤ ꯌꯨ    ꯌꯣ ꯔꯛ    ꯁ꯭ꯇꯦꯠ    ꯋꯥꯌꯦꯜ ꯂꯣꯟꯒꯤ    ꯃꯈꯥ ꯗ )    ꯂꯩꯉꯥꯛꯀꯤ    ꯑꯣꯏꯕ    ꯐꯤ ꯔꯦ ꯞ    ꯑꯃ    ꯅꯥꯊ ꯩ ꯗꯨꯅ    ꯊꯝꯕ    ꯌꯥꯏ    ꯫ ,94,33
1330,"ꯃꯄꯨ ꯑꯣꯏꯔꯤꯕ ꯑꯃꯁꯨꯡ ꯃꯤꯡ ꯄꯥꯜꯂꯤꯕ ꯑꯗꯨꯅ, ꯄꯥꯜꯂꯤꯕ ꯃꯤꯡ ꯑꯗꯨ ꯍꯣꯡꯗꯣꯛꯅꯕꯒꯤ ꯑꯄꯨꯟꯕ ꯊꯧꯋꯣꯡ ꯑꯗꯨꯗ ꯑꯥꯏꯑꯦꯟꯁꯤ-꯳ ꯑꯃꯁꯨꯡ ꯑꯥꯏꯑꯦꯟꯁꯤ-꯴, ꯐꯣꯔ꯭ꯝ ꯑꯅꯤ ꯑꯁꯤ ꯊꯕꯛ ꯑꯣꯏꯅ ꯄꯥꯡꯊꯣꯛꯄꯒꯤ ꯃꯊꯧ ꯇꯥꯏ꯫","ꯃꯄꯨ    ꯑꯣꯏꯔꯤꯕ    ꯑꯃꯁꯨꯡ    ꯃꯤꯡ    ꯄꯥ ꯜꯂꯤꯕ    ꯑꯗꯨ ꯅ,    ꯄꯥ ꯜꯂꯤꯕ    ꯃꯤꯡ    ꯑꯗꯨ    ꯍꯣꯡꯗꯣꯛ ꯅꯕꯒꯤ    ꯑꯄꯨꯟꯕ    ꯊꯧ ꯋꯣꯡ    ꯑꯗꯨꯗ    ꯑꯥꯏ ꯑꯦꯟ ꯁꯤ - ꯳    ꯑꯃꯁꯨꯡ    ꯑꯥꯏ ꯑꯦꯟ ꯁꯤ - ꯴ ,    ꯐꯣꯔ ꯭ ꯝ    ꯑꯅꯤ    ꯑꯁꯤ    ꯊꯕꯛ    ꯑꯣꯏꯅ    ꯄꯥꯡꯊꯣꯛ ꯄꯒꯤ    ꯃꯊꯧ    ꯇꯥꯏ꯫ ",124,41
1331,"ꯗꯥꯔꯐꯨꯔ, ꯁꯨꯗꯥꯟꯒꯤ ꯃꯇꯥꯡꯗ ꯕꯥꯟꯗꯥ ꯋꯥꯌꯦꯜ ꯑꯗꯨ ꯏꯪ ꯲꯰꯱꯴ꯗ ꯍꯧꯅꯅꯕ ꯂꯦꯞꯈꯤ ꯑꯗꯨꯕꯨ ꯍꯧꯒꯗꯧꯕ ꯇꯥꯡ ꯑꯗꯨ ꯍꯥꯡꯍꯟꯈꯤ꯫","ꯗꯥꯔ ꯐꯨ ꯔ,    ꯁꯨ ꯗ ꯥꯟꯒꯤ    ꯃꯇꯥꯡꯗ    ꯕꯥꯟ ꯗꯥ    ꯋꯥꯌꯦꯜ    ꯑꯗꯨ    ꯏꯪ    ꯲꯰꯱ ꯴ꯗ    ꯍꯧ ꯅꯅꯕ    ꯂꯦꯞ ꯈꯤ    ꯑꯗꯨꯕꯨ    ꯍꯧ ꯒꯗ ꯧꯕ    ꯇꯥꯡ    ꯑꯗꯨ    ꯍꯥꯡ ꯍꯟꯈꯤ꯫ ",74,26
1332,"ꯅꯨꯄꯤ, ꯁꯥꯟꯇꯤ ꯑꯃꯁꯨꯡ ꯉꯥꯛꯁꯦꯟꯕꯗ ꯌꯨꯝꯐꯝ ꯑꯣꯢꯕ ꯌꯨꯅꯥꯏꯇꯦꯠ ꯅꯦꯁꯟꯁ ꯁꯤꯀ꯭ꯌꯨꯔꯤꯇꯤ ꯀꯥꯎꯟꯁꯤꯜ ꯔꯤꯖꯣꯂꯨꯁꯟ ꯱꯳꯲꯵ ꯑꯁꯤ ꯏꯪ ꯲꯰꯰꯰ ꯒꯤ ꯑꯣꯛꯇꯣꯕꯔ ꯳꯱ꯗ ꯱꯲꯶꯱ (꯱꯹꯹꯹), ꯱꯲꯶꯵ (꯱꯹꯹꯹), ꯱꯲꯹꯶ (꯲꯰꯰꯰) ꯑꯃꯁꯨꯡ ꯱꯳꯱꯴ (꯲꯰꯰꯰)ꯒꯤ ꯋꯥꯔꯦꯞꯁꯤꯡ ꯅꯤꯡꯁꯤꯡꯂꯕ ꯃꯇꯨꯡꯗ ꯌꯨꯑꯦꯟ ꯁꯤꯀ꯭ꯌꯨꯔꯤꯇꯤ ꯀꯥꯎꯟꯁꯤꯜꯅ ꯃꯌꯥꯝꯒ ꯌꯥꯟꯅꯅ ꯂꯧꯈꯠꯈꯤꯕꯅꯤ꯫","ꯅꯨꯄꯤ ,    ꯁꯥꯟ ꯇꯤ    ꯑꯃꯁꯨꯡ    ꯉꯥꯛꯁꯦꯟ ꯕꯗ    ꯌꯨꯝꯐꯝ    ꯑꯣꯢ ꯕ    ꯌꯨꯅꯥꯏꯇꯦꯠ    ꯅꯦꯁ ꯟꯁ    ꯁꯤ ꯀ꯭ꯌꯨ ꯔꯤꯇꯤ    ꯀꯥꯎꯟꯁꯤꯜ    ꯔꯤ ꯖꯣ ꯂꯨ ꯁꯟ    ꯱꯳ ꯲꯵    ꯑꯁꯤ    ꯏꯪ    ꯲꯰ ꯰꯰    ꯒꯤ    ꯑꯣꯛꯇꯣꯕꯔ    ꯳ ꯱ꯗ    ꯱꯲ ꯶ ꯱    ( ꯱꯹꯹ ꯹ ),    ꯱꯲ ꯶ ꯵    ( ꯱꯹꯹ ꯹ ),    ꯱꯲ ꯹ ꯶    ( ꯲꯰ ꯰꯰ )    ꯑꯃꯁꯨꯡ    ꯱꯳ ꯱꯴    ( ꯲꯰ ꯰꯰ )ꯒꯤ    ꯋꯥꯔꯦ ꯞꯁꯤꯡ    ꯅꯤꯡꯁꯤꯡ ꯂꯕ    ꯃꯇꯨꯡꯗ    ꯌꯨ ꯑꯦꯟ    ꯁꯤ ꯀ꯭ꯌꯨ ꯔꯤꯇꯤ    ꯀꯥꯎꯟꯁꯤ ꯜꯅ    ꯃꯌꯥꯝ ꯒ    ꯌꯥꯟ ꯅꯅ    ꯂꯧꯈꯠ ꯈꯤꯕꯅꯤ꯫ ",208,77
1333,"ꯐ꯭ꯔꯟꯇꯤꯌꯔ ꯗꯤꯁꯄ꯭ꯌꯨꯠ ꯀꯦꯁꯇ, ꯕꯨꯔꯀꯤꯅꯥ ꯐꯥꯁꯣ ꯑꯃꯁꯨꯡ ꯃꯥꯂꯤ, ꯌꯥꯟꯅꯗ꯭ꯔꯤꯕ ꯀꯥꯡꯂꯨꯞ ꯑꯅꯤꯅ ꯋꯥꯌꯦꯜꯁꯪꯗ ꯃꯇꯝ ꯈꯔꯒꯤ ꯑꯣꯏꯕ ꯄꯥꯝꯕꯩꯁꯤꯡ ꯎꯠꯅꯅꯕ ꯍꯥꯏꯖ ꯆꯦꯔꯣꯜꯁꯤꯡ ꯄꯤꯁꯤꯟꯈꯤ꯫","ꯐ꯭ꯔ ꯟ ꯇꯤ ꯌꯔ    ꯗꯤꯁ ꯄ ꯭ꯌꯨ ꯠ    ꯀꯦꯁ ꯇ,    ꯕꯨ ꯔ ꯀꯤ ꯅꯥ    ꯐꯥ ꯁꯣ    ꯑꯃꯁꯨꯡ    ꯃꯥ ꯂꯤ,    ꯌꯥꯟ ꯅ ꯗ꯭ꯔꯤꯕ    ꯀꯥꯡꯂꯨꯞ    ꯑꯅꯤꯅ    ꯋꯥꯌꯦꯜꯁꯪꯗ    ꯃꯇꯝ    ꯈꯔꯒꯤ    ꯑꯣꯏꯕ    ꯄꯥꯝꯕꯩ ꯁꯤꯡ    ꯎꯠ ꯅꯅꯕ    ꯍꯥꯏ ꯖ    ꯆꯦ ꯔꯣ ꯜꯁꯤꯡ    ꯄꯤ ꯁꯤꯟꯈꯤ꯫ ",113,39
1334,"ꯏꯪ ꯲꯰꯰꯹ꯒꯤ ꯖꯨꯂꯥꯏ ꯲ꯗ ꯗꯦꯜꯍꯤ ꯍꯥꯏ ꯀꯣꯔꯠꯅ ꯃꯁꯥꯅ ꯌꯥꯖꯕ ꯃꯄꯨꯡ ꯐꯥꯔꯕ ꯃꯤꯑꯣꯏ ꯑꯅꯤꯒꯤ ꯃꯔꯛꯇ ꯌꯥꯟꯅꯅ ꯅꯅꯥꯏꯒꯤ ꯑꯣꯏꯕ ꯌꯨꯝꯕꯥꯟꯕꯒꯤ ꯃꯔꯤ ꯂꯩꯕꯗꯨ ꯑꯥꯏꯟꯒꯤ ꯋꯥꯡꯃꯗ ꯊꯝꯗ꯭ꯔꯤ ꯐꯥꯎꯕ, ꯅꯨꯄꯤ ꯃꯁꯦꯟ ꯅꯠꯇ꯭ꯔꯒ ꯅꯨꯄꯥ ꯃꯁꯦꯟ ꯍꯛꯇꯤꯟꯅꯕ ꯑꯗꯨ ꯕ꯭ꯔꯤꯇꯤꯁꯀꯤ ꯀꯣꯂꯣꯅꯤꯌꯦꯜ ꯁꯔꯀꯥꯔꯅ ꯊꯅꯝꯕ ꯋꯥꯌꯦꯜ ꯑꯃ ꯑꯣꯏꯕ ꯆꯍꯤ ꯱꯵꯰ ꯁꯨꯔꯕ ꯏꯟꯗꯤꯌꯥꯟ ꯄꯤꯅꯦꯜ ꯀꯣꯠ (ꯑꯥꯏꯄꯤꯁꯤ)ꯀꯤ ꯁꯦꯛꯁꯟ ꯳꯷꯷ꯒꯤ ꯆꯃꯝꯅꯕ ꯋꯥꯍꯟꯊꯣꯛꯁꯤꯡꯒꯤ ꯃꯇꯨꯡ ꯏꯟꯅ ꯋꯥꯌꯦꯜ ꯀꯥꯏꯕ ꯊꯕꯛꯅꯤ ꯍꯥꯏꯅ ꯂꯧꯅꯔꯃꯃꯤ꯫","ꯏꯪ    ꯲꯰꯰ ꯹ꯒꯤ    ꯖꯨꯂꯥꯏ    ꯲ꯗ    ꯗꯦꯜ ꯍꯤ    ꯍꯥꯏ    ꯀꯣꯔ ꯠꯅ    ꯃꯁꯥꯅ    ꯌꯥ ꯖꯕ    ꯃꯄꯨꯡ    ꯐꯥꯔ ꯕ    ꯃꯤꯑꯣꯏ    ꯑꯅꯤꯒꯤ    ꯃꯔꯛꯇ    ꯌꯥꯟ ꯅꯅ    ꯅ ꯅꯥꯏꯒꯤ    ꯑꯣꯏꯕ    ꯌꯨꯝ ꯕꯥꯟ ꯕꯒꯤ    ꯃꯔꯤ    ꯂꯩꯕ ꯗꯨ    ꯑꯥꯏꯟꯒꯤ    ꯋꯥꯡ ꯃꯗ    ꯊꯝ ꯗ꯭ꯔꯤ    ꯐꯥꯎ ꯕ,    ꯅꯨꯄꯤ    ꯃ ꯁꯦꯟ    ꯅꯠꯇ꯭ꯔꯒ    ꯅꯨꯄꯥ    ꯃ ꯁꯦꯟ    ꯍꯛ ꯇꯤꯟ ꯅꯕ    ꯑꯗꯨ    ꯕ꯭ꯔꯤꯇꯤꯁꯀꯤ    ꯀꯣꯂꯣ ꯅꯤ ꯌꯦꯜ    ꯁꯔꯀꯥꯔꯅ    ꯊ ꯅꯝꯕ    ꯋꯥꯌꯦꯜ    ꯑꯃ    ꯑꯣꯏꯕ    ꯆꯍꯤ    ꯱꯵ ꯰    ꯁꯨꯔꯕ    ꯏꯟꯗꯤ ꯌꯥꯟ    ꯄꯤ ꯅꯦꯜ    ꯀꯣ ꯠ    ( ꯑꯥꯏ ꯄꯤ ꯁꯤ ) ꯀꯤ    ꯁꯦ ꯛꯁꯟ    ꯳ ꯷ ꯷ꯒꯤ    ꯆ ꯃꯝ ꯅꯕ    ꯋꯥꯍꯟ ꯊꯣꯛ ꯁꯤꯡꯒꯤ    ꯃꯇꯨꯡ    ꯏꯟꯅ    ꯋꯥꯌꯦꯜ    ꯀꯥꯏ ꯕ    ꯊꯕꯛ ꯅꯤ    ꯍꯥꯏꯅ    ꯂꯧ ꯅꯔ ꯃꯃ ꯤ꯫ ",279,97
1335,ꯂꯣꯛ ꯑꯗꯥꯂꯠ (ꯃꯤꯌꯥꯝꯒꯤ ꯋꯥꯌꯦꯜꯁꯪ) ꯅꯠꯇ꯭ꯔꯒ ꯅ꯭ꯌꯥꯏꯌꯥ ꯄꯟꯆꯥꯌꯠ (ꯈꯨꯡꯒꯪꯁꯤꯡꯒꯤ ꯑꯆꯨꯝꯕ ꯋꯥꯌꯦꯜ) ꯑꯁꯤꯒꯨꯝꯕ ꯈꯨꯡꯒꯪꯒꯤ ꯋꯥꯌꯦꯜꯁꯪꯁꯤꯡ ꯑꯁꯤꯅ ꯌꯦꯠꯅꯕꯁꯤꯡꯒꯤ ꯌꯥꯟꯅꯕ ꯄꯨꯔꯛꯅꯕꯒꯤ ꯑꯇꯣꯞꯄ ꯄꯥꯝꯕꯩ ꯄꯤ꯫,ꯂꯣꯛ    ꯑ ꯗꯥ ꯂ ꯠ    ( ꯃꯤꯌꯥꯝꯒꯤ    ꯋꯥꯌꯦꯜꯁꯪ )    ꯅꯠꯇ꯭ꯔꯒ    ꯅ ꯭ꯌ ꯥꯏ ꯌꯥ    ꯄꯟꯆꯥꯌ ꯠ    ( ꯈꯨꯡꯒꯪ ꯁꯤꯡꯒꯤ    ꯑꯆꯨꯝꯕ    ꯋꯥꯌꯦꯜ )    ꯑꯁꯤꯒꯨꯝꯕ    ꯈꯨꯡꯒꯪꯒꯤ    ꯋꯥꯌꯦꯜꯁꯪ ꯁꯤꯡ    ꯑꯁꯤꯅ    ꯌꯦꯠ ꯅꯕ ꯁꯤꯡꯒꯤ    ꯌꯥꯟ ꯅꯕ    ꯄꯨꯔꯛ ꯅꯕꯒꯤ    ꯑꯇꯣꯞꯄ    ꯄꯥꯝꯕꯩ    ꯄꯤ꯫ ,129,37
1336,ꯄꯥꯔꯠ ꯲ (ꯑꯥꯔꯇꯤꯀꯜ ꯱꯷-꯲꯴)ꯅ ꯀꯟꯚꯦꯟꯁꯟ ꯑꯗꯨꯒꯤ ꯄꯥꯎꯗꯝ ꯄꯤꯕ ꯑꯃꯗꯤ ꯃꯊꯧ ꯌꯦꯡꯁꯤꯟꯕ ꯑꯃꯗꯤ ꯄꯥꯔꯇꯤꯁꯤꯡꯅ ꯃꯗꯨ ꯆꯠꯅꯅꯕ ꯂꯧꯈꯠꯄ ꯊꯧꯗꯥꯡꯁꯤꯡ ꯑꯗꯨ ꯂꯩꯉꯥꯛꯏ꯫,ꯄꯥꯔ ꯠ    ꯲    ( ꯑꯥꯔꯇꯤꯀꯜ    ꯱꯷ - ꯲꯴ )ꯅ    ꯀꯟ ꯚꯦꯟ ꯁꯟ    ꯑꯗꯨꯒꯤ    ꯄꯥꯎ ꯗꯝ    ꯄꯤꯕ    ꯑꯃꯗꯤ    ꯃꯊꯧ    ꯌꯦꯡꯁꯤꯟꯕ    ꯑꯃꯗꯤ    ꯄꯥꯔꯇꯤ ꯁꯤꯡꯅ    ꯃꯗꯨ    ꯆꯠꯅ ꯅꯕ    ꯂꯧꯈꯠ ꯄ    ꯊꯧꯗꯥꯡ ꯁꯤꯡ    ꯑꯗꯨ    ꯂꯩꯉꯥꯛ ꯏ꯫ ,98,32
1337,"ꯍꯥꯏꯗ꯭ꯔꯕꯥꯗꯀꯤ ꯃꯐꯝ ꯑꯃꯁꯨꯡ ꯃꯨꯁꯂꯤꯝꯁꯤꯡꯒꯤ ꯃꯔꯛꯇ ꯌꯨꯅꯥꯅꯤ ꯑꯁꯤ ꯌꯥꯝꯅ ꯄꯥꯝꯅꯈꯤ, ꯑꯗꯨꯒ ꯍꯣꯃꯤꯑꯣꯄꯦꯊꯤ ꯑꯁꯤꯅ ꯕꯦꯡꯒꯣꯜ ꯑꯃꯁꯨꯡ ꯑꯣꯗꯤꯁꯥꯗ ꯃꯤꯌꯥꯝꯅ ꯌꯥꯝꯅ ꯄꯥꯝꯅꯕ ꯑꯣꯏꯈꯤ꯫","ꯍꯥꯏꯗ꯭ꯔ ꯕꯥꯗꯀꯤ    ꯃꯐꯝ    ꯑꯃꯁꯨꯡ    ꯃꯨꯁꯂꯤ ꯝꯁꯤꯡꯒꯤ    ꯃꯔꯛꯇ    ꯌꯨ ꯅꯥ ꯅꯤ    ꯑꯁꯤ    ꯌꯥꯝꯅ    ꯄꯥꯝ ꯅꯈꯤ,    ꯑꯗꯨꯒ    ꯍꯣ ꯃꯤ ꯑꯣ ꯄꯦ ꯊꯤ    ꯑꯁꯤꯅ    ꯕꯦꯡꯒꯣꯜ    ꯑꯃꯁꯨꯡ    ꯑꯣꯗꯤ ꯁꯥꯗ    ꯃꯤꯌꯥꯝꯅ    ꯌꯥꯝꯅ    ꯄꯥꯝꯅꯕ    ꯑꯣꯏꯈꯤ꯫ ",111,29
1338,"ꯑꯂꯥꯁꯀꯥꯒꯤ ꯑꯟꯆꯣꯔꯦꯖ, ꯐꯦꯌꯔꯕꯦꯡꯀ꯭ꯁ, ꯑꯃꯁꯨꯡ ꯍꯥꯏꯅꯦꯁꯗ ꯈꯣꯡꯖꯪ ꯇꯧꯕ ꯎꯈꯤ꯫","ꯑꯂꯥ ꯁ ꯀꯥꯒꯤ    ꯑꯟ ꯆꯣ ꯔꯦ ꯖ,    ꯐꯦ ꯌꯔ ꯕꯦꯡ ꯀ꯭ ꯁ,    ꯑꯃꯁꯨꯡ    ꯍꯥꯏ ꯅꯦꯁ ꯗ    ꯈꯣꯡꯖꯪ    ꯇꯧꯕ    ꯎ ꯈꯤ꯫ ",51,20
1339,ꯂꯦꯝꯍꯣꯔꯤꯕ ꯕꯦꯡꯀꯁꯤꯡ ꯑꯗꯨꯅ ꯔꯤꯇꯦꯜꯒꯤ ꯍꯥꯡꯕꯒꯤ ꯄꯨꯡꯁꯤꯡ ꯍꯟꯊꯍꯜꯂꯦ ꯑꯃꯁꯨꯡ ꯑꯣꯟꯂꯥꯏꯟ ꯕꯦꯡꯀꯤꯡꯗ ꯁꯥꯐꯨ ꯄꯤꯈꯤ꯫,ꯂꯦꯝ ꯍꯣ ꯔꯤꯕ    ꯕꯦꯡ ꯀ ꯁꯤꯡ    ꯑꯗꯨꯅ    ꯔꯤꯇꯦ ꯜꯒꯤ    ꯍꯥꯡ ꯕꯒꯤ    ꯄꯨ ꯡꯁꯤꯡ    ꯍꯟꯊ ꯍꯜ ꯂꯦ    ꯑꯃꯁꯨꯡ    ꯑꯣꯟꯂꯥꯏꯟ    ꯕꯦꯡ ꯀꯤ ꯡꯗ    ꯁꯥꯐꯨ    ꯄꯤꯈꯤ꯫ ,73,23
1340,"ꯏꯔꯥꯟꯗ ꯏꯟꯇꯔꯅꯦꯠꯀꯤ ꯑꯁꯣꯏ-ꯑꯉꯥꯝ ꯊꯤꯖꯟꯕꯒꯤ ꯃꯔꯝꯅ, ꯏꯔꯥꯟꯒꯤ ꯂꯩꯉꯥꯛ ꯑꯃꯁꯨꯡ ꯗꯤ ꯏꯁꯂꯥꯃꯤꯛ ꯒꯥꯔꯗꯁ ꯁꯦꯄꯍꯅ ꯃꯇꯝ ꯄꯨꯝꯕꯗ ꯏꯔꯥꯟ ꯃꯆꯥꯁꯤꯡꯅ ꯃꯤꯌꯥꯝꯅ ꯄꯥꯝꯅꯕ ꯐꯦꯁꯕꯨꯛ, ꯇ꯭ꯋꯤꯇꯔ, ꯑꯃꯁꯨꯡ ꯑꯇꯩ-ꯑꯇꯣꯞꯄꯒꯨꯝꯕ ꯁꯣꯁꯤꯌꯦꯜ ꯅꯦꯠꯋꯔꯛꯁꯤꯡ ꯌꯥꯎꯕꯗ ꯑꯄꯟꯕ ꯄꯤ꯫","ꯏꯔ ꯥꯟꯗ    ꯏꯟꯇꯔ ꯅꯦ ꯠꯀꯤ    ꯑꯁꯣꯏ - ꯑꯉ ꯥ ꯝ    ꯊꯤ ꯖꯟ ꯕꯒꯤ    ꯃꯔꯝ ꯅ,    ꯏꯔ ꯥꯟꯒꯤ    ꯂꯩꯉꯥꯛ    ꯑꯃꯁꯨꯡ    ꯗꯤ    ꯏꯁꯂꯥ ꯃꯤꯛ    ꯒꯥꯔ ꯗ ꯁ    ꯁꯦ ꯄ ꯍ ꯅ    ꯃꯇꯝ    ꯄꯨꯝꯕꯗ    ꯏꯔ ꯥꯟ    ꯃꯆꯥ ꯁꯤꯡꯅ    ꯃꯤꯌꯥꯝꯅ    ꯄꯥꯝꯅꯕ    ꯐꯦꯁ ꯕꯨ ꯛ,    ꯇ ꯭ꯋꯤ ꯇꯔ ,    ꯑꯃꯁꯨꯡ    ꯑꯇ ꯩ- ꯑꯇꯣꯞꯄ ꯒꯨꯝꯕ    ꯁꯣ ꯁꯤꯌꯦꯜ    ꯅꯦꯠ ꯋ ꯔꯛ ꯁꯤꯡ    ꯌꯥꯎ ꯕꯗ    ꯑ ꯄ ꯟꯕ    ꯄꯤ꯫ ",160,61
1341,"ꯃꯔꯝ ꯑꯁꯤꯅ, ꯃꯤꯌꯥꯝꯅ ꯄꯥꯝꯅꯕ ꯁꯣꯁꯤꯌꯦꯜ ꯅꯦꯠꯋꯔꯛꯁꯤꯡ ꯑꯗꯨꯕꯨ ꯏꯔꯥꯟꯗ ꯂꯩꯔꯤꯕꯁꯤꯡ ꯑꯗꯨꯅ ꯊꯤꯡꯖꯤꯜꯂꯤ ꯑꯃꯁꯨꯡ ꯏꯔꯥꯟꯒꯤ ꯈꯣꯡꯖꯪꯁꯤꯡꯅ ꯃꯔꯝ ꯑꯣꯏꯗꯨꯅ, ꯏꯔꯥꯟꯗ ꯏꯟꯇꯔꯅꯦꯠꯀꯤ ꯑꯁꯣꯏ-ꯑꯉꯥꯝ ꯌꯦꯡꯕ ꯑꯁꯤ ꯍꯦꯟꯒꯠꯂꯦ꯫","ꯃꯔꯝ    ꯑꯁꯤ ꯅ,    ꯃꯤꯌꯥꯝꯅ    ꯄꯥꯝꯅꯕ    ꯁꯣ ꯁꯤꯌꯦꯜ    ꯅꯦꯠ ꯋ ꯔꯛ ꯁꯤꯡ    ꯑꯗꯨꯕꯨ    ꯏꯔ ꯥꯟꯗ    ꯂꯩ ꯔꯤꯕꯁꯤꯡ    ꯑꯗꯨꯅ    ꯊꯤꯡ ꯖꯤ ꯜꯂꯤ    ꯑꯃꯁꯨꯡ    ꯏꯔ ꯥꯟꯒꯤ    ꯈꯣꯡꯖꯪ ꯁꯤꯡꯅ    ꯃꯔꯝ    ꯑꯣꯏꯗꯨꯅ,    ꯏꯔ ꯥꯟꯗ    ꯏꯟꯇꯔ ꯅꯦ ꯠꯀꯤ    ꯑꯁꯣꯏ - ꯑꯉ ꯥ ꯝ    ꯌꯦꯡꯕ    ꯑꯁꯤ    ꯍꯦꯟꯒꯠ ꯂꯦ꯫ ",133,41
1342,ꯏꯕ-ꯄꯥꯕ ꯉꯝꯕꯒꯤ ꯆꯥꯡ ꯑꯁꯤ ꯏꯪ ꯱꯹꯹꯱ꯗ ꯆꯥꯗ ꯳꯹ꯗꯒꯤ ꯏꯪ ꯲꯰꯰꯱ꯗ ꯆꯥꯗ ꯴꯷ꯗ ꯏꯪ ꯲꯰꯱꯱ꯗ ꯆꯥꯗ ꯶꯳,ꯏ ꯕ- ꯄꯥꯕ    ꯉꯝꯕꯒꯤ    ꯆꯥꯡ    ꯑꯁꯤ    ꯏꯪ    ꯱꯹꯹ ꯱ꯗ    ꯆꯥꯗ    ꯳ ꯹ ꯗꯒꯤ    ꯏꯪ    ꯲꯰꯰ ꯱ꯗ    ꯆꯥꯗ    ꯴ ꯷ ꯗ    ꯏꯪ    ꯲꯰꯱ ꯱ꯗ    ꯆꯥꯗ    ꯶ ꯳ ,57,26
1343,꯸ꯇ ꯍꯦꯟꯒꯠꯂꯦ꯫,꯸ ꯇ    ꯍꯦꯟꯒꯠ ꯂꯦ꯫ ,10,4
1344,ꯁꯤ,ꯁꯤ ,2,1
1345,ꯄꯤ,ꯄꯤ ,2,1
1346,ꯑꯦꯟ (ꯌꯨ,ꯑꯦꯟ    ( ꯌꯨ ,6,3
1347,ꯑꯦꯝ,ꯑꯦ ꯝ ,3,2
1348,ꯑꯦꯜ,ꯑꯦꯜ ,3,1
1349,")ꯅꯁꯨ ꯔꯥꯁꯇ꯭ꯔꯤꯌ ꯄ꯭ꯔꯖꯥꯇꯟꯇ꯭ꯔ ꯄꯥꯔꯇꯤꯒꯤ ꯃꯤꯔꯦꯞꯁꯤꯡ ꯓꯄꯥ ꯵, ꯔꯨꯄꯥꯟꯗꯦꯍꯤ ꯱, ꯑꯃꯁꯨꯡ ꯕꯥꯡꯀꯦ ꯲ꯗ ꯁꯧꯒꯠꯅꯕ ꯋꯥꯔꯦꯞ ꯂꯧꯈꯤ, ꯑꯃꯁꯨꯡ ꯔꯥꯁꯇ꯭ꯔꯤꯌ ꯄ꯭ꯔꯖꯥꯇꯟꯇ꯭ꯔ ꯄꯥꯔꯇꯤ ꯅꯦꯄꯥꯜꯒꯤ ꯊꯧꯕꯨꯔꯦꯜ ꯀꯃꯜ ꯊꯥꯄꯥꯕꯨ ꯃꯀ꯭ꯋꯥꯟꯄꯨꯔ ꯱ꯗ ꯃꯈꯣꯏꯒꯤ ꯃꯤꯈꯜꯒꯤ ꯃꯔꯀꯥꯒꯤ ꯃꯈꯥꯗ ꯄꯨꯊꯣꯛꯅꯕ ꯋꯥꯔꯦꯞ ꯂꯧꯈꯤ꯫",") ꯅꯁꯨ    ꯔꯥ ꯁꯇ꯭ꯔꯤ ꯌ    ꯄ꯭ꯔ ꯖꯥ ꯇꯟ ꯇ꯭ꯔ    ꯄꯥꯔꯇꯤꯒꯤ    ꯃꯤ ꯔꯦ ꯞꯁꯤꯡ    ꯓ ꯄꯥ    ꯵ ,    ꯔꯨ ꯄꯥꯟ ꯗꯦ ꯍꯤ    ꯱ ,    ꯑꯃꯁꯨꯡ    ꯕꯥꯡ ꯀꯦ    ꯲ꯗ    ꯁꯧꯒꯠ ꯅꯕ    ꯋꯥꯔꯦꯞ    ꯂꯧꯈꯤ,    ꯑꯃꯁꯨꯡ    ꯔꯥ ꯁꯇ꯭ꯔꯤ ꯌ    ꯄ꯭ꯔ ꯖꯥ ꯇꯟ ꯇ꯭ꯔ    ꯄꯥꯔꯇꯤ    ꯅꯦꯄꯥ ꯜꯒꯤ    ꯊꯧ ꯕꯨ ꯔꯦꯜ    ꯀ ꯃꯜ    ꯊꯥ ꯄꯥ ꯕꯨ    ꯃ ꯀ꯭ꯋ ꯥꯟ ꯄꯨꯔ    ꯱ꯗ    ꯃꯈꯣꯏꯒꯤ    ꯃꯤꯈ ꯜꯒꯤ    ꯃꯔ ꯀꯥꯒꯤ    ꯃꯈꯥꯗ    ꯄꯨꯊꯣꯛ ꯅꯕ    ꯋꯥꯔꯦꯞ    ꯂꯧꯈꯤ꯫ ",182,65
1350,ꯅꯣꯡꯄꯣꯛ ꯑꯃꯗꯤ ꯑꯋꯥꯡ ꯊꯪꯕ ꯈꯥꯔꯇꯨꯝꯒꯤ ꯋꯥꯀꯠꯄ ꯃꯤꯑꯣꯏꯁꯤꯡꯅ ꯏꯔꯥꯏꯒꯤ ꯅꯃꯥꯖꯁꯤꯡꯒꯤ ꯃꯇꯨꯡꯗ ꯍꯧꯈꯤꯕ ꯏꯔꯥꯡꯁꯤꯡ ꯑꯗꯨꯗ ꯌꯥꯎꯈꯤ꯫,ꯅꯣꯡꯄꯣꯛ    ꯑꯃꯗꯤ    ꯑꯋꯥꯡ    ꯊꯪꯕ    ꯈ ꯥꯔ ꯇꯨꯝ ꯒꯤ    ꯋꯥꯀꯠ ꯄ    ꯃꯤꯑꯣꯏꯁꯤꯡꯅ    ꯏ ꯔꯥꯏ ꯒꯤ    ꯅ ꯃꯥ ꯖ ꯁꯤꯡꯒꯤ    ꯃꯇꯨꯡꯗ    ꯍꯧꯈꯤꯕ    ꯏ ꯔꯥꯡ ꯁꯤꯡ    ꯑꯗꯨꯗ    ꯌꯥꯎꯈꯤ꯫ ,81,25
1351,"ꯖꯔꯃꯟꯒꯤ ꯂꯩꯕꯥꯛꯀꯤ ꯔꯦꯜꯋꯦ ꯀꯝꯄꯅꯤ ꯑꯣꯏꯔꯤꯕ, ꯗꯣꯏꯆ ꯕꯥꯟꯅ, ꯌꯨꯀ꯭ꯔꯦꯟꯒꯤ ꯄꯥꯁꯄꯣꯔꯠ ꯅꯠꯇ꯭ꯔꯒ ꯁꯛꯇꯥꯛꯆꯦ ꯑꯃꯒ ꯂꯣꯏꯅꯕ ꯁꯩꯗꯥꯡꯕꯁꯤꯡꯕꯨ ꯄꯣꯂꯦꯟꯗꯒꯤ ꯖꯔꯃꯑꯅꯤꯗ ꯑꯁꯥꯡꯕ-ꯑꯔꯥꯞꯄ ꯆꯠꯄ ꯇ꯭ꯔꯦꯟꯁꯤꯡꯗ ꯂꯦꯝꯅ ꯆꯠꯄ ꯌꯥꯍꯟꯈꯤ꯫","ꯖꯔꯃ ꯟꯒꯤ    ꯂꯩꯕꯥꯛꯀꯤ    ꯔꯦꯜꯋꯦ    ꯀꯝꯄꯅꯤ    ꯑꯣꯏꯔꯤꯕ,    ꯗ ꯣꯏ ꯆ    ꯕꯥꯟ ꯅ,    ꯌꯨ ꯀ꯭ꯔ ꯦꯟ ꯒꯤ    ꯄꯥ ꯁ ꯄꯣꯔꯠ    ꯅꯠꯇ꯭ꯔꯒ    ꯁꯛꯇ ꯥꯛ ꯆꯦ    ꯑꯃꯒ    ꯂꯣꯏꯅꯕ    ꯁꯩ ꯗꯥꯡ ꯕꯁꯤꯡꯕꯨ    ꯄꯣ ꯂꯦꯟꯗꯒꯤ    ꯖꯔꯃ ꯑꯅꯤꯗ    ꯑ ꯁꯥꯡ ꯕ -ꯑ ꯔꯥ ꯞꯄ    ꯆꯠꯄ    ꯇ꯭ꯔ ꯦꯟ ꯁꯤꯡꯗ    ꯂꯦ ꯝꯅ    ꯆꯠꯄ    ꯌꯥ ꯍꯟꯈꯤ꯫ ",139,46
1352,"ꯑꯅꯤꯇꯥ ꯋꯣꯜꯐꯄꯨ ꯏꯪ ꯲꯰꯰꯷ꯇ ꯗꯦꯄ꯭ꯌꯨꯇꯤ ꯑꯦꯗꯤꯇꯔ ꯑꯣꯏꯅ ꯄꯔꯤꯡꯗ ꯍꯥꯞꯈꯤ, ꯑꯃꯁꯨꯡ ꯊꯤꯑꯣꯗꯣꯔ ꯄꯥꯞꯄꯥꯁꯄꯨ ꯑꯦꯛꯖꯤꯀ꯭ꯌꯨꯇꯤꯕ ꯑꯦꯗꯤꯇꯔ ꯑꯣꯏꯅ ꯄꯔꯤꯡꯗ ꯍꯥꯞꯈꯤ꯫","ꯑꯅꯤ ꯇꯥ    ꯋ ꯣ ꯜ ꯐ ꯄꯨ    ꯏꯪ    ꯲꯰꯰ ꯷ꯇ    ꯗꯦ ꯄ ꯭ꯌꯨ ꯇꯤ    ꯑꯦꯗꯤ ꯇꯔ    ꯑꯣꯏꯅ    ꯄꯔꯤꯡꯗ    ꯍꯥꯞ ꯈꯤ,    ꯑꯃꯁꯨꯡ    ꯊꯤ ꯑꯣ ꯗꯣ ꯔ    ꯄꯥ ꯞ ꯄꯥ ꯁꯄꯨ    ꯑꯦꯛ ꯖꯤ ꯀ꯭ꯌꯨ ꯇꯤꯕ    ꯑꯦꯗꯤ ꯇꯔ    ꯑꯣꯏꯅ    ꯄꯔꯤꯡꯗ    ꯍꯥꯞꯈꯤ꯫ ",100,38
1353,"“ꯃꯁꯤꯅ ꯲꯱ꯁꯨꯕ ꯆꯍꯤꯆꯥꯗ ꯆꯪꯁꯤꯜꯂꯛꯄꯗ ꯑꯥꯔꯃꯤꯒꯤ ꯑꯁꯣꯏꯕ ꯄꯨꯝꯅꯃꯛ ꯆꯥꯎꯊꯣꯛꯆꯔꯤꯕ ꯍꯦꯂꯤꯀꯣꯞꯇꯔꯁꯤꯡ ꯑꯗꯨꯅ ꯎꯠꯂꯛꯈꯤ: ꯃꯁꯤꯒꯤ ꯌꯥꯡꯅ ꯆꯠꯄ ꯉꯝꯗꯕ, ꯃꯁꯤꯒꯤ ꯑꯍꯣꯡꯕꯗ ꯑꯊꯤꯡꯕ ꯂꯩꯕ, ꯃꯁꯤꯒꯤ ꯑꯁꯤ-ꯑꯅꯥ ꯅꯪꯒꯟꯕ, ꯃꯁꯤꯒꯤ ꯀꯣꯜꯗ ꯋꯥꯔ ꯃꯇꯨꯡꯒꯤ ꯁꯛꯇꯥꯛꯄꯒꯤ ꯂꯨꯔꯕ ꯐꯤꯕꯝ”ꯕꯨ ꯄꯜꯂꯗꯨꯅ, ꯗꯤ ꯋꯥꯁꯤꯡꯇꯟ ꯄꯣꯁꯠꯅ ꯃꯃꯥꯡꯊꯪꯕ-ꯂꯃꯥꯏꯒꯤ ꯑꯥꯔꯇꯤꯀꯜ ꯑꯃ ꯃꯥꯏꯊꯤꯕꯁꯤꯡꯒꯤ ꯃꯇꯥꯡꯗ ꯅꯝꯊꯣꯛꯈꯤ꯫","“ ꯃꯁꯤꯅ    ꯲ ꯱ ꯁꯨꯕ    ꯆꯍꯤꯆꯥꯗ    ꯆꯪ ꯁꯤꯜꯂ ꯛꯄꯗ    ꯑꯥꯔ ꯃꯤꯒꯤ    ꯑꯁꯣꯏꯕ    ꯄꯨꯝꯅꯃꯛ    ꯆꯥꯎ ꯊꯣꯛ ꯆ ꯔꯤꯕ    ꯍꯦ ꯂꯤ ꯀꯣ ꯞ ꯇꯔꯁꯤꯡ    ꯑꯗꯨꯅ    ꯎꯠ ꯂꯛ ꯈꯤ :    ꯃꯁꯤꯒꯤ    ꯌꯥꯡ ꯅ    ꯆꯠꯄ    ꯉꯝ ꯗꯕ ,    ꯃꯁꯤꯒꯤ    ꯑꯍ ꯣꯡ ꯕꯗ    ꯑꯊꯤꯡꯕ    ꯂꯩꯕ,    ꯃꯁꯤꯒꯤ    ꯑꯁꯤ -ꯑ ꯅꯥ    ꯅ ꯪꯒ ꯟ ꯕ,    ꯃꯁꯤꯒꯤ    ꯀꯣ ꯜꯗ    ꯋꯥꯔ    ꯃꯇꯨꯡ ꯒꯤ    ꯁꯛꯇ ꯥꯛ ꯄꯒꯤ    ꯂꯨ ꯔꯕ    ꯐꯤꯕ ꯝ ” ꯕꯨ    ꯄꯜꯂ ꯗꯨꯅ,    ꯗꯤ    ꯋꯥ ꯁꯤꯡ ꯇꯟ    ꯄꯣ ꯁ ꯠꯅ    ꯃꯃꯥꯡ ꯊꯪ ꯕ- ꯂ ꯃꯥꯏꯒꯤ    ꯑꯥꯔꯇꯤꯀꯜ    ꯑꯃ    ꯃꯥꯏꯊꯤ ꯕꯁꯤꯡꯒꯤ    ꯃꯇꯥꯡꯗ    ꯅꯝ ꯊꯣꯛꯈꯤ꯫ ",236,84
1354,"ꯏꯪ ꯲꯰꯰꯷ꯇ, ꯅ꯭ꯌꯨ ꯏꯪꯂꯟ ꯖꯔꯅꯦꯜ ꯑꯣꯐ ꯃꯦꯗꯤꯁꯤꯟꯒꯤ ꯍꯥꯟꯅꯒꯤ ꯃꯀꯣꯛ-ꯊꯣꯡꯕ ꯑꯦꯗꯤꯇꯔ ꯑꯃꯁꯨꯨꯡ ꯍꯥꯔꯕꯔꯗ ꯃꯦꯗꯤꯀꯦꯜ ꯏꯁꯀꯨꯜꯗ ꯁꯣꯁꯦꯜ ꯃꯦꯗꯤꯁꯤꯟꯗ ꯂꯦꯛꯆꯔꯔ ꯑꯃ ꯑꯣꯏꯔꯤꯕ, ꯃꯥꯔꯁꯤꯌꯥ ꯑꯦꯟꯖꯦꯜꯅ, “ [ꯍꯤꯗꯥꯛ ꯈꯨꯗꯤꯡꯒꯤ] ꯑꯣꯏꯕ ꯌꯥꯏ ꯍꯥꯏꯅ ꯂꯧꯗꯨꯅ ꯆꯥꯡꯗꯝꯅꯕ ꯌꯥꯕ ꯍꯤꯗꯥꯛꯀꯤ ꯆꯥꯡꯁꯤꯡ ꯁꯤꯖꯤꯟꯅꯕꯒꯤ ꯃꯍꯨꯠꯇ, ꯀꯝꯄꯅꯤ ꯑꯗꯨꯒꯤ ꯕꯤꯒ꯭ꯌꯥꯅꯤꯛꯁꯤꯡꯅ ꯅꯦꯛꯁ꯭ꯌꯝꯕꯨ ꯍꯦꯟꯅ ꯋꯥꯡꯕ ꯍꯤꯗꯥꯛꯀꯤ ꯆꯥꯡꯁꯤꯡꯗ ꯁꯤꯖꯤꯟꯅꯈꯤ”, ꯍꯥꯏꯔꯗꯨꯅ, ꯖꯔꯃꯟ-ꯂꯣꯟꯒꯤ ꯆꯌꯣꯜꯒꯤ ꯑꯣꯏꯕ ꯄꯥꯎꯒꯤ ꯃꯦꯒꯖꯤꯟ ꯑꯃ ꯑꯣꯏꯔꯤꯕ, ꯏꯁꯇꯔꯟꯗ ꯑꯦꯁꯇ꯭ꯔꯥꯖꯦꯅꯦꯀꯥꯒꯤ ꯕꯤꯒ꯭ꯌꯥꯅꯤꯛꯁꯤꯡꯅ ꯍꯤꯗꯥꯛ ꯑꯗꯨꯒꯤ ꯇꯧꯕ ꯉꯝꯕꯒꯤ ꯃꯇꯥꯡꯗ ꯃꯈꯣꯏꯒꯤ ꯊꯤꯖꯤꯟ-ꯍꯨꯝꯖꯤꯟꯕ ꯑꯗꯨꯕꯨ ꯂꯥꯟꯟ ꯍꯟꯗꯣꯛꯈꯤ ꯍꯥꯏꯅ ꯍꯥꯏꯈꯤ꯫","ꯏꯪ    ꯲꯰꯰ ꯷ ꯇ,    ꯅ꯭ꯌꯨ    ꯏꯪ ꯂꯟ    ꯖꯔ ꯅꯦꯜ    ꯑꯣꯐ    ꯃꯦꯗꯤ ꯁꯤꯟꯒꯤ    ꯍꯥꯟꯅꯒꯤ    ꯃꯀꯣꯛ - ꯊꯣꯡꯕ    ꯑꯦꯗꯤ ꯇꯔ    ꯑꯃꯁꯨ ꯨꯡ    ꯍꯥꯔ ꯕꯔꯗ    ꯃꯦꯗꯤ ꯀꯦꯜ    ꯏꯁ ꯀꯨ ꯜꯗ    ꯁꯣ ꯁꯦꯜ    ꯃꯦꯗꯤ ꯁꯤꯟ ꯗ    ꯂꯦꯛ ꯆꯔ ꯔ    ꯑꯃ    ꯑꯣꯏꯔꯤꯕ,    ꯃꯥꯔ ꯁꯤ ꯌꯥ    ꯑꯦꯟ ꯖꯦ ꯜ ꯅ,    “   [ ꯍꯤꯗ ꯥꯛ    ꯈꯨꯗꯤꯡ ꯒꯤ ]   ꯑꯣꯏꯕ    ꯌꯥꯏ    ꯍꯥꯏꯅ    ꯂꯧꯗꯨꯅ    ꯆꯥꯡꯗꯝ ꯅꯕ    ꯌꯥꯕ    ꯍꯤꯗꯥꯛ ꯀꯤ    ꯆꯥꯡ ꯁꯤꯡ    ꯁꯤꯖꯤꯟꯅꯕꯒꯤ    ꯃꯍꯨ ꯠꯇ,    ꯀꯝꯄꯅꯤ    ꯑꯗꯨꯒꯤ    ꯕꯤ ꯒ꯭ꯌꯥ ꯅꯤ ꯛ ꯁꯤꯡꯅ    ꯅꯦ ꯛ ꯁ꯭ ꯌ ꯝꯕꯨ    ꯍꯦꯟꯅ    ꯋꯥꯡꯕ    ꯍꯤꯗꯥꯛ ꯀꯤ    ꯆꯥꯡ ꯁꯤꯡꯗ    ꯁꯤꯖꯤꯟꯅ ꯈꯤ ” ,    ꯍꯥꯏ ꯔ ꯗꯨꯅ,    ꯖꯔ ꯃꯟ - ꯂꯣꯟꯒꯤ    ꯆꯌꯣꯜꯒꯤ    ꯑꯣꯏꯕ    ꯄꯥꯎꯒꯤ    ꯃꯦ ꯒ ꯖꯤꯟ    ꯑꯃ    ꯑꯣꯏꯔꯤꯕ,    ꯏꯁ ꯇꯔ ꯟꯗ    ꯑꯦꯁ ꯇ꯭ꯔꯥ ꯖꯦꯅꯦ ꯀꯥꯒꯤ    ꯕꯤ ꯒ꯭ꯌꯥ ꯅꯤ ꯛ ꯁꯤꯡꯅ    ꯍꯤꯗ ꯥꯛ    ꯑꯗꯨꯒꯤ    ꯇꯧꯕ    ꯉꯝꯕꯒꯤ    ꯃꯇꯥꯡꯗ    ꯃꯈꯣꯏꯒꯤ    ꯊꯤꯖꯤꯟ -ꯍꯨꯝ ꯖꯤꯟꯕ    ꯑꯗꯨꯕꯨ    ꯂꯥꯟ ꯟ    ꯍꯟꯗꯣꯛ ꯈꯤ    ꯍꯥꯏꯅ    ꯍꯥꯏꯈꯤ꯫ ",405,131
1355,"ꯃꯂꯦꯖꯥꯗ, ꯑꯅꯤꯁꯨꯕ ꯊꯥꯛꯀꯤ ꯃꯂꯦꯖꯥ ꯄ꯭ꯔꯤꯃꯤꯌꯔ ꯂꯤꯒꯀꯤ ꯀ꯭ꯂꯕ ꯁꯦꯂꯦꯡꯒꯣ ꯑꯦꯐ","ꯃꯂꯦ ꯖꯥ ꯗ,    ꯑꯅꯤꯁꯨꯕ    ꯊꯥꯛꯀꯤ    ꯃꯂꯦ ꯖꯥ    ꯄ꯭ꯔꯤ ꯃꯤ ꯌꯔ    ꯂꯤ ꯒꯀꯤ    ꯀ꯭ꯂꯕ    ꯁꯦ ꯂꯦꯡ ꯒꯣ    ꯑꯦ ꯐ ",50,18
1356,"ꯁꯤ II ꯒꯤꯗꯃꯛ ꯁꯥꯟꯅꯔꯤꯕ, ꯍꯦꯟ ꯇꯦꯠ ꯑꯣꯡꯅ, ꯃꯥꯔꯆꯀꯤ ꯑꯉꯟꯕꯗ ꯄꯤ","ꯁꯤ    II   ꯒꯤꯗꯃꯛ    ꯁꯥꯟꯅ ꯔꯤ ꯕ,    ꯍꯦꯟ   ꯇꯦꯠ    ꯑꯣ ꯡ ꯅ,    ꯃꯥꯔ ꯆꯀꯤ    ꯑꯉꯟ ꯕꯗ    ꯄꯤ ",41,16
1357,ꯗꯤ,ꯗꯤ ,2,1
1358,ꯑꯥꯔ,ꯑꯥꯔ,3,1
1359,ꯑꯦꯝ,ꯑꯦ ꯝ ,3,2
1360,ꯑꯦꯐ,ꯑꯦ ꯐ ,3,2
1361,ꯁꯤ,ꯁꯤ ,2,1
1362,ꯒꯤ ꯃꯥꯌꯣꯛꯇ ꯃꯁꯥꯟꯅ ꯑꯃꯗ ꯈꯨꯠꯁꯥ-ꯑꯍꯨꯝꯒꯤ ꯏꯀꯥꯏꯈꯨꯝꯅꯕ ꯎꯠꯄ ꯑꯗꯨ ꯈꯪꯊꯣꯛ-ꯊꯣꯛꯍꯟꯈꯤ꯫,ꯒꯤ    ꯃꯥꯌꯣꯛꯇ    ꯃꯁꯥꯟꯅ    ꯑꯃꯗ    ꯈꯨꯠ ꯁꯥ- ꯑꯍꯨꯝꯒꯤ    ꯏꯀꯥꯏꯈꯨꯝꯅꯕ    ꯎꯠꯄ    ꯑꯗꯨ    ꯈꯪ ꯊꯣꯛ- ꯊꯣꯛꯍꯟꯈꯤ꯫ ,57,13
1363,ꯀꯥꯁꯇꯤꯂꯣ ꯁꯔꯀꯥꯔꯒꯤ ꯃꯥꯏꯌꯣꯛꯇ ꯃꯤꯌꯥꯝꯒꯤ ꯈꯣꯡꯖꯪ ꯏꯪ ꯲꯰꯲꯲ ꯒꯤ ꯃꯥꯔꯆ ꯲꯸ꯗ ꯍꯧꯈꯤ꯫,ꯀꯥ ꯁꯇꯤ ꯂꯣ    ꯁꯔꯀꯥꯔꯒꯤ    ꯃꯥꯏꯌꯣꯛ ꯇ    ꯃꯤꯌꯥꯝꯒꯤ    ꯈꯣꯡꯖꯪ    ꯏꯪ    ꯲꯰꯲ ꯲    ꯒꯤ    ꯃꯥꯔꯆ    ꯲ ꯸ꯗ    ꯍꯧꯈꯤ꯫ ,53,16
1364,"ꯏꯪ ꯲꯰꯱꯷ꯒꯤ ꯅꯥꯕꯦꯝꯕꯔ ꯱꯲ꯗ, ꯗꯦꯜꯍꯤꯅ ꯃꯈꯣꯏꯒꯤ ꯇꯔꯥꯁꯨꯕ ꯀꯨꯋꯦꯔ ꯄ꯭ꯔꯥꯏꯗ ꯄꯦꯔꯦꯗꯀꯤ ꯊꯧꯔꯝ ꯕꯥꯔꯥꯈꯝꯕ ꯔꯣꯗꯗꯒꯤ ꯖꯟꯇꯔ ꯃꯟꯇꯔ ꯐꯥꯎꯕꯗ ꯆꯠꯇꯨꯅ ꯄꯥꯡꯊꯣꯛꯈꯤ꯫","ꯏꯪ    ꯲꯰꯱ ꯷ꯒꯤ    ꯅꯥ ꯕꯦ ꯝꯕꯔ    ꯱꯲ ꯗ,    ꯗꯦꯜ ꯍꯤ ꯅ    ꯃꯈꯣꯏꯒꯤ    ꯇꯔꯥ ꯁꯨꯕ    ꯀꯨ ꯋꯦ ꯔ    ꯄ꯭ꯔꯥꯏ ꯗ    ꯄꯦ ꯔꯦ ꯗꯀꯤ    ꯊꯧꯔꯝ    ꯕ ꯥꯔꯥ ꯈ ꯝꯕ    ꯔꯣ ꯗ ꯗꯒꯤ    ꯖꯟ ꯇꯔ    ꯃꯟ ꯇꯔ    ꯐꯥꯎꯕꯗ    ꯆꯠꯇꯨꯅ    ꯄꯥꯡꯊꯣꯛꯈꯤ꯫ ",99,37
1365,"""ꯂꯥꯟꯃꯤ ꯍꯦꯟꯅ ꯁꯤꯖꯤꯟꯅꯔꯛꯄ ꯑꯃꯁꯨꯡ ꯄꯥꯎꯗꯝꯂꯤꯕ ꯑꯍꯦꯟꯕ ꯅꯣꯡꯃꯩ ꯆꯪꯗꯕ ꯂꯥꯟꯒꯤ ꯒꯥꯔꯤꯁꯤꯡ ꯑꯆꯧꯕ ꯁꯍꯔꯁꯤꯡꯗ ꯊꯥꯖꯤꯜꯂꯛꯄ ꯑꯗꯨꯕꯨ"" ꯇꯥꯛꯂꯗꯨꯅ, ꯐꯦꯕ꯭ꯔꯨꯋꯥꯔꯤ ꯱꯴ꯗ, ꯌꯨ",""" ꯂꯥꯟꯃꯤ    ꯍꯦꯟꯅ    ꯁꯤꯖꯤꯟꯅ ꯔꯛꯄ    ꯑꯃꯁꯨꯡ    ꯄꯥꯎꯗꯝ ꯂꯤꯕ    ꯑꯍꯦꯟꯕ    ꯅꯣꯡꯃꯩ    ꯆꯪ ꯗꯕ    ꯂꯥꯟꯒꯤ    ꯒꯥꯔꯤ ꯁꯤꯡ    ꯑꯆꯧꯕ    ꯁꯍꯔ ꯁꯤꯡꯗ    ꯊꯥ ꯖꯤ ꯜꯂꯛꯄ    ꯑꯗꯨꯕꯨ ""    ꯇꯥꯛ ꯂ ꯗꯨꯅ,    ꯐꯦꯕ꯭ꯔꯨꯋꯥꯔꯤ    ꯱꯴ ꯗ,    ꯌꯨ ",107,30
1366,ꯑꯦꯟ,ꯑꯦꯟ ,3,1
1367,ꯁꯦꯀ꯭ꯔꯦꯇꯔꯤ-ꯖꯦꯅꯔꯦꯜ ꯑꯦꯟꯇꯣꯅꯤꯌꯣ ꯒꯨꯇꯦꯔꯦꯁꯅ ꯃ꯭ꯌꯥꯟꯃꯥꯔꯗ ꯑꯣꯏꯔꯤꯕ ꯐꯤꯕꯝ ꯑꯗꯨꯒꯤ ꯃꯇꯥꯡꯗ ꯂꯨꯝꯅ ꯂꯧꯔꯗꯨꯅ ꯆꯦꯔꯣꯜ ꯑꯃ ꯊꯥꯗꯣꯔꯛꯈꯤ꯫,ꯁꯦꯀ꯭ꯔꯦ ꯇ ꯔꯤ - ꯖꯦꯅꯔꯦꯜ    ꯑꯦꯟ ꯇꯣ ꯅꯤꯌꯣ   ꯒꯨ ꯇꯦ ꯔꯦꯁ ꯅ    ꯃ ꯭ꯌꯥ ꯟ ꯃꯥꯔ ꯗ    ꯑꯣꯏꯔꯤꯕ    ꯐꯤꯕꯝ    ꯑꯗꯨꯒꯤ    ꯃꯇꯥꯡꯗ    ꯂ ꯨꯝ ꯅ    ꯂꯧ ꯔꯗꯨꯅ    ꯆꯦ ꯔꯣꯜ    ꯑꯃ    ꯊꯥ ꯗꯣ ꯔꯛꯈꯤ꯫ ,88,32
1368,"ꯃꯈꯣꯏꯅ ꯄꯣꯂꯤꯁꯀꯤ ꯉꯝꯈꯩ ꯉꯥꯛꯄꯁꯤꯡꯗ ꯅꯨꯡꯁꯤꯡ, ꯕꯣꯇꯜꯁꯤꯡ, ꯑꯃꯁꯨꯡ ꯎꯒꯤ ꯎꯆꯦꯠꯁꯤꯡ ꯂꯪꯕ ꯍꯧꯔꯛꯈꯤ ꯑꯃꯁꯨꯡ ꯃꯇꯝ ꯈꯔꯒꯤ ꯑꯣꯏꯅ ꯊꯤꯡꯖꯤꯟꯈ꯭ꯔꯕ ꯕ꯭ꯔꯨꯖꯒꯤ-ꯀꯨꯅꯤꯀꯥꯒꯤ ꯆꯦꯛꯄꯣꯏꯟ꯭ꯇꯇ ꯉꯝꯈꯩ ꯂꯥꯟꯊꯣꯛꯅꯕ ꯍꯣꯠꯅꯔꯛꯄ ꯑꯃꯗ ꯉꯝꯈꯩꯒꯤ ꯐꯛꯂꯥꯡ ꯑꯗꯨ ꯊꯨꯒꯥꯏꯅꯕ ꯍꯣꯠꯅꯈꯤ꯫","ꯃꯈꯣꯏꯅ    ꯄꯣꯂꯤ ꯁꯀꯤ    ꯉꯝꯈꯩ    ꯉꯥꯛ ꯄ ꯁꯤꯡꯗ    ꯅꯨꯡ ꯁꯤꯡ,    ꯕꯣ ꯇ ꯜ ꯁꯤꯡ,    ꯑꯃꯁꯨꯡ    ꯎꯒꯤ    ꯎ ꯆꯦ ꯠꯁꯤꯡ    ꯂꯪ ꯕ    ꯍꯧꯔꯛ ꯈꯤ    ꯑꯃꯁꯨꯡ    ꯃꯇꯝ    ꯈꯔꯒꯤ    ꯑꯣꯏꯅ    ꯊꯤꯡꯖꯤꯟ ꯈ꯭ꯔꯕ    ꯕ꯭ꯔꯨ ꯖ ꯒꯤ - ꯀꯨ ꯅꯤ ꯀꯥꯒꯤ    ꯆꯦ ꯛꯄ ꯣꯏ ꯟ ꯭ꯇ ꯇ    ꯉꯝꯈꯩ    ꯂꯥꯟ ꯊꯣꯛꯅꯕ    ꯍꯣꯠꯅ ꯔꯛꯄ    ꯑꯃꯗ    ꯉꯝꯈ ꯩꯒꯤ    ꯐꯛ ꯂꯥꯡ    ꯑꯗꯨ    ꯊꯨꯒꯥꯏ ꯅꯕ    ꯍꯣꯠꯅꯈꯤ꯫ ",165,55
1369,ꯔꯥꯁꯇ꯭ꯔꯄꯇꯤ ꯑꯃꯁꯨꯡ ꯄꯥꯔꯂꯃꯟꯇꯀꯤ ꯑꯦꯝ,ꯔꯥꯁꯇ꯭ꯔ ꯄꯇꯤ    ꯑꯃꯁꯨꯡ    ꯄꯥꯔ ꯂ ꯃꯟ ꯇ ꯀꯤ    ꯑꯦ ꯝ ,26,10
1370,ꯄꯤ,ꯄꯤ ,2,1
1371,"꯲꯲꯵ ꯂꯣꯏꯅꯃꯛ ꯌꯥꯎꯅ, ꯑꯄꯨꯟꯕ ꯂꯩꯉꯥꯛ ꯑꯗꯨꯕꯨ ꯐꯝ ꯊꯥꯗꯣꯛꯅꯕ ꯇꯛꯁꯤꯟꯕ ꯋꯥꯀꯠꯁꯤꯡ ꯂꯩꯔꯕꯁꯨ, ꯑꯦꯄ꯭ꯔꯤꯜ ꯱꯸, ꯲꯰꯲꯲ꯗ, ꯒꯣꯇꯥꯕꯌꯥꯅ ꯑꯅꯧꯕ ꯃꯤꯍꯨꯠ-꯱꯷ꯀꯤ ꯃꯟꯇ꯭ꯔꯤ-ꯃꯟꯗꯜꯒꯤ ꯀꯥꯡꯕꯨ ꯑꯃ ꯈꯟꯈꯤ꯫","꯲ ꯲꯵    ꯂꯣꯏꯅ ꯃꯛ    ꯌꯥꯎ ꯅ,    ꯑꯄꯨꯟꯕ    ꯂꯩꯉꯥꯛ    ꯑꯗꯨꯕꯨ    ꯐꯝ    ꯊꯥꯗꯣꯛ ꯅꯕ    ꯇꯛ ꯁꯤꯟꯕ    ꯋꯥ ꯀ ꯠꯁꯤꯡ    ꯂꯩ ꯔꯕꯁꯨ,    ꯑꯦꯄ꯭ꯔꯤꯜ    ꯱꯸ ,    ꯲꯰꯲ ꯲ ꯗ,    ꯒꯣ ꯇꯥ ꯕ ꯌꯥꯅ    ꯑꯅꯧꯕ    ꯃꯤꯍꯨ ꯠ- ꯱꯷ ꯀꯤ    ꯃꯟꯇ꯭ꯔꯤ -ꯃ ꯟꯗ ꯜꯒꯤ    ꯀꯥꯡꯕꯨ    ꯑꯃ    ꯈꯟꯈꯤ꯫ ",121,41
1372,"ꯌꯥꯔꯤꯕ ꯚꯣꯠꯁꯤꯡ ꯑꯗꯨ ꯄꯣꯄ꯭ꯌꯨꯂꯔ ꯐꯣꯔꯁ, ꯑꯦ","ꯌꯥ ꯔꯤꯕ    ꯚꯣ ꯠꯁꯤꯡ    ꯑꯗꯨ    ꯄꯣ ꯄ ꯭ꯌꯨ ꯂꯔ    ꯐꯣꯔ ꯁ,    ꯑꯦ ",29,12
1373,ꯄꯤ,ꯄꯤ ,2,1
1374,ꯑꯥꯔ,ꯑꯥꯔ,3,1
1375,ꯑꯦ,ꯑꯦ ,2,1
1376,", ꯕ꯭ꯔꯣꯗ ꯐ꯭ꯔꯟꯇ ꯑꯃꯗꯤ ꯄꯣꯄ꯭ꯌꯨꯂꯔ ꯑꯦꯛꯁꯟꯒꯤ ꯕꯦꯟꯆꯁꯤꯡꯗꯒꯤ ꯑꯣꯏꯈꯤ꯫",",    ꯕ꯭ꯔꯣ ꯗ    ꯐ꯭ꯔ ꯟꯇ    ꯑꯃꯗꯤ    ꯄꯣ ꯄ ꯭ꯌꯨ ꯂꯔ    ꯑꯦꯛ ꯁꯟꯒꯤ    ꯕꯦꯟ ꯆ ꯁꯤꯡꯗꯒꯤ    ꯑꯣꯏꯈꯤ꯫ ",46,16
1377,"ꯐꯦꯕ꯭ꯔꯨꯋꯥꯔꯤ ꯲꯵, ꯱꯹꯸꯶ꯇ, ꯃꯈꯣꯏꯒꯤ ꯊꯕꯛ ꯇꯧꯕꯒꯤ ꯃꯇꯝ ꯑꯗꯨ ꯆꯍꯤ ꯳ꯗꯒꯤ ꯴ꯗ ꯁꯥꯡꯗꯣꯛꯍꯜꯂꯅꯤ ꯍꯥꯏꯕ ꯄꯥꯎꯗꯝꯁꯤꯡꯒꯤ ꯃꯥꯌꯣꯛꯇ ꯋꯥꯀꯠꯂꯗꯨꯅ, ꯁꯦꯀ꯭ꯌꯨꯔꯤꯇꯤ ꯄꯨꯂꯤꯁꯅ ꯌꯩꯈꯥꯏ-ꯊꯤꯟꯒꯥꯏꯗꯨꯅ ꯏꯔꯥꯡ ꯍꯧꯕ ꯍꯧꯔꯛꯈꯤ꯫","ꯐꯦꯕ꯭ꯔꯨꯋꯥꯔꯤ    ꯲꯵ ,    ꯱꯹꯸ ꯶ ꯇ,    ꯃꯈꯣꯏꯒꯤ    ꯊꯕꯛ    ꯇꯧꯕꯒꯤ    ꯃꯇꯝ    ꯑꯗꯨ    ꯆꯍꯤ    ꯳ ꯗꯒꯤ    ꯴ꯗ    ꯁꯥꯡ ꯗꯣꯛ ꯍꯜꯂ ꯅꯤ    ꯍꯥꯏꯕ    ꯄꯥꯎꯗꯝ ꯁꯤꯡꯒꯤ    ꯃꯥꯌꯣꯛꯇ    ꯋꯥꯀꯠ ꯂ ꯗꯨꯅ,    ꯁꯦꯀ꯭ꯌꯨ ꯔꯤꯇꯤ    ꯄꯨꯂꯤꯁꯅ    ꯌꯩ ꯈꯥꯏ - ꯊꯤꯟ ꯒꯥꯏ ꯗꯨꯅ    ꯏ ꯔꯥꯡ    ꯍꯧꯕ    ꯍꯧꯔꯛꯈꯤ꯫ ",133,39
1378,"ꯅꯨꯃꯤꯠ ꯑꯅꯤꯒꯤ ꯃꯇꯨꯡꯗ, ꯆꯥꯎꯈꯠ-ꯊꯧꯔꯥꯡꯒꯤ ꯃꯟꯇ꯭ꯔꯤ ꯃꯔꯌꯝ ꯀꯤꯇꯤꯔꯅ ꯌꯨꯀ꯭ꯔꯦꯟꯗ ꯑꯍꯦꯟꯕ ꯃꯤꯑꯣꯏꯕꯒꯤ ꯌꯥꯏꯐ-ꯊꯧꯔꯥꯡꯒꯤ ꯑꯣꯏꯕ ꯇꯦꯡꯕꯥꯡꯒꯤꯗꯃꯛ ꯌꯨꯔꯣ ꯃꯤꯂꯤꯌꯟ ꯑꯍꯨꯝ ꯁꯔꯨꯛ ꯈꯥꯏꯗꯣꯛꯀꯅꯤ ꯍꯥꯏꯅ ꯂꯥꯎꯊꯣꯛꯈꯤ꯫","ꯅꯨꯃꯤꯠ    ꯑꯅꯤꯒꯤ    ꯃꯇꯨꯡꯗ,    ꯆꯥꯎꯈꯠ - ꯊꯧꯔꯥꯡ ꯒꯤ    ꯃꯟꯇ꯭ꯔꯤ    ꯃꯔ ꯌꯝ    ꯀꯤ ꯇꯤ ꯔꯅ    ꯌꯨ ꯀ꯭ꯔ ꯦꯟ ꯗ    ꯑꯍꯦꯟꯕ    ꯃꯤꯑꯣꯏꯕꯒꯤ    ꯌꯥꯏ ꯐ - ꯊꯧꯔꯥꯡ ꯒꯤ    ꯑꯣꯏꯕ    ꯇꯦꯡ ꯕꯥꯡ ꯒꯤꯗꯃꯛ    ꯌꯨꯔꯣ   ꯃꯤꯂꯤꯌꯟ    ꯑꯍꯨꯝ    ꯁꯔꯨꯛ    ꯈꯥꯏꯗꯣꯛ ꯀꯅꯤ    ꯍꯥꯏꯅ    ꯂꯥꯎꯊꯣꯛꯈꯤ꯫ ",133,36
1379,"ꯃꯥꯔꯆ ꯷ꯇ, ꯂꯩꯕꯥꯛꯅ-ꯆꯂꯥꯏꯕ ꯃꯤꯗꯤꯌꯥ ꯑꯃꯁꯨꯡ ꯃꯤꯑꯣꯏꯕꯒꯤ ꯍꯛ ꯇꯥꯟꯕ ꯂꯨꯞꯁꯤꯡꯅ ꯉꯥꯛ-ꯁꯦꯜꯂꯤꯕ ꯂꯥꯟꯃꯤꯁꯤꯡꯅ ꯃꯤꯌꯥꯝꯒꯤ ꯑꯅꯥ ꯂꯥꯌꯦꯡꯁꯪꯁꯤꯡ, ꯌꯨꯅꯤꯕꯔꯁꯤꯇꯤꯁꯤꯡ ꯑꯃꯁꯨꯡ ꯂꯥꯏꯁꯪꯒꯤ ꯀꯣꯏꯁꯤꯜꯂꯤꯕ ꯂꯝꯁꯤꯡ ꯂꯧꯁꯤꯜꯂꯦ ꯍꯥꯏꯕꯗꯨ ꯑꯆꯨꯝꯕꯅꯤ ꯍꯥꯏꯈꯤ꯫","ꯃꯥꯔꯆ    ꯷ ꯇ,    ꯂꯩꯕꯥꯛ ꯅ- ꯆꯂꯥꯏꯕ    ꯃꯤꯗꯤ ꯌꯥ    ꯑꯃꯁꯨꯡ    ꯃꯤꯑꯣꯏꯕꯒꯤ    ꯍꯛ    ꯇꯥꯟꯕ    ꯂꯨꯞ ꯁꯤꯡꯅ    ꯉꯥꯛ- ꯁꯦ ꯜꯂꯤꯕ    ꯂꯥꯟꯃꯤꯁꯤꯡꯅ    ꯃꯤꯌꯥꯝꯒꯤ    ꯑ ꯅꯥ    ꯂꯥꯌꯦꯡ ꯁꯪ ꯁꯤꯡ,    ꯌꯨꯅꯤꯕꯔ ꯁꯤ ꯇꯤꯁꯤꯡ    ꯑꯃꯁꯨꯡ    ꯂꯥꯏꯁꯪꯒꯤ    ꯀꯣꯏ ꯁꯤꯜꯂꯤꯕ    ꯂꯝꯁꯤꯡ    ꯂꯧ ꯁꯤꯜ ꯂꯦ    ꯍꯥꯏꯕꯗꯨ    ꯑꯆ ꯨꯝ ꯕꯅꯤ    ꯍꯥꯏꯈꯤ꯫ ",156,40
1380,"ꯑꯦꯄ꯭ꯔꯤꯜ ꯲꯶ꯇ, ꯐ꯭ꯔꯦꯟꯁ ꯃꯆꯥ ꯑꯃ ꯃꯤꯅꯤꯠ ꯑꯅꯤ ꯁꯥꯡꯕ ꯕꯤꯗꯤꯑꯣ ꯑꯃꯗ ꯃꯊꯟꯇ ꯁꯤꯖꯕꯗ ꯃꯇꯦꯡꯒꯤꯗꯃꯛ ꯀ꯭ꯋꯥꯔꯦꯟꯇꯤꯟ ꯊꯧꯃꯤꯁꯤꯡꯗ ꯂꯣꯟ ꯑꯍꯨꯝꯗ ꯍꯥꯏꯕ ꯎꯏ꯫","ꯑꯦꯄ꯭ꯔꯤꯜ    ꯲꯶ ꯇ,    ꯐ꯭ꯔꯦꯟ ꯁ    ꯃꯆꯥ    ꯑꯃ    ꯃꯤꯅꯤꯠ    ꯑꯅꯤ    ꯁꯥꯡꯕ    ꯕꯤ ꯗꯤꯑꯣ    ꯑꯃꯗ    ꯃꯊꯟꯇ    ꯁꯤꯖ ꯕꯗ    ꯃꯇꯦ ꯡ ꯒꯤꯗꯃꯛ    ꯀ꯭ ꯋꯥꯔ ꯦꯟ ꯇꯤꯟ    ꯊꯧ ꯃꯤ ꯁꯤꯡꯗ    ꯂꯣꯟ    ꯑꯍꯨꯝꯗ    ꯍꯥꯏꯕ    ꯎ ꯏ꯫ ",94,31
1381,ꯃꯦ ꯲꯹ꯗ ꯉꯥꯛ-ꯁꯦꯜꯂꯤꯕ ꯂꯥꯟꯃꯤꯁꯤꯡꯅ ꯈꯔꯇꯨꯝꯒꯤ ꯑꯜ-ꯀꯂꯥꯀ꯭ꯂꯥꯒꯤ ꯌꯨꯝꯂꯣꯟꯅꯕꯗ ꯈꯣꯡꯖꯪ ꯑꯃꯕꯨ ꯇꯤꯌꯔ ꯒꯦꯁ ꯑꯃꯁꯨꯡ ꯕꯨꯂꯦꯠꯀ ꯂꯣꯏꯅꯅ ꯈꯨꯠ ꯊꯥꯈꯤ꯫,ꯃꯦ    ꯲ ꯹ꯗ    ꯉꯥꯛ- ꯁꯦ ꯜꯂꯤꯕ    ꯂꯥꯟꯃꯤꯁꯤꯡꯅ    ꯈꯔ ꯇꯨꯝ ꯒꯤ    ꯑ ꯜ- ꯀꯂꯥ ꯀ꯭ ꯂꯥꯒꯤ    ꯌꯨꯝꯂꯣꯟ ꯅꯕꯗ    ꯈꯣꯡꯖꯪ    ꯑꯃꯕꯨ    ꯇꯤ ꯌꯔ    ꯒ ꯦꯁ    ꯑꯃꯁꯨꯡ    ꯕꯨ ꯂꯦ ꯠꯀ    ꯂꯣꯏꯅꯅ    ꯈꯨꯠ    ꯊꯥꯈꯤ꯫ ,92,30
1382,"ꯃꯦ ꯱꯴ꯗ, ꯆꯥꯎꯔꯥꯛꯅ ꯈꯣꯡꯖꯪꯂꯣꯏ ꯂꯤꯁꯤꯡ ꯑꯃꯅ ꯄꯤꯠꯁꯕꯔꯒ ꯁꯤꯇꯤ-ꯀꯥꯎꯟꯇꯤ ꯕꯤꯜꯗꯤꯡꯒꯤ ꯑꯀꯣꯏꯕꯗ ꯈꯣꯡꯖꯪ ꯆꯪꯁꯤꯟꯈꯤ ꯑꯃꯁꯨꯡ ꯕꯦꯟꯁ ꯑꯣꯐ ꯑꯥꯋꯔ ꯕꯣꯗꯤꯁ ꯊꯧꯔꯝꯒꯤꯗꯃꯛ ꯆꯥꯎꯔꯥꯛꯅ ꯱꯵꯰ꯅ ꯕꯦꯊꯦꯂꯦꯝꯗ ꯈꯣꯡꯖꯪ ꯆꯪꯁꯤꯟꯈꯤ꯫","ꯃꯦ    ꯱꯴ ꯗ,    ꯆꯥꯎꯔꯥꯛꯅ    ꯈꯣꯡꯖꯪ ꯂꯣꯏ    ꯂꯤꯁꯤꯡ    ꯑꯃꯅ    ꯄꯤ ꯠ ꯁ ꯕꯔ ꯒ    ꯁꯤ ꯇꯤ- ꯀꯥꯎꯟꯇꯤ    ꯕꯤꯜ ꯗꯤꯡ ꯒꯤ    ꯑꯀꯣꯏꯕꯗ    ꯈꯣꯡꯖꯪ    ꯆꯪ ꯁꯤꯟꯈꯤ    ꯑꯃꯁꯨꯡ    ꯕꯦꯟ ꯁ    ꯑꯣꯐ    ꯑꯥ ꯋꯔ    ꯕꯣ ꯗꯤ ꯁ    ꯊꯧꯔꯝ ꯒꯤꯗꯃꯛ    ꯆꯥꯎꯔꯥꯛꯅ    ꯱꯵ ꯰ ꯅ    ꯕꯦ ꯊꯦ ꯂꯦ ꯝꯗ    ꯈꯣꯡꯖꯪ    ꯆꯪ ꯁꯤꯟꯈꯤ꯫ ",135,45
1383,"ꯌꯥꯟꯒꯣꯟꯒꯤ ꯂꯦꯡ ꯊꯥꯔ ꯌꯥꯔ ꯇꯥꯎꯟꯁꯤꯞꯇ ꯈꯨꯗꯣꯡꯊꯤꯕ ꯊꯧꯗꯣꯛ ꯑꯣꯏꯅ ꯕꯣꯝ ꯀꯌꯥ ꯄꯣꯛꯈꯥꯏꯈ꯭ꯔꯕ ꯃꯇꯨꯡꯗ, ꯇꯠꯃꯥꯗꯣ ꯂꯥꯟꯃꯤꯁꯤꯡꯅ, ꯁꯣꯛꯂꯕ ꯂꯥꯜꯍꯧꯕ ꯳ ꯌꯥꯏꯅ, ꯆꯤꯡꯅꯅꯤꯡꯉꯥꯏ ꯑꯣꯏꯕ ꯑꯊꯤꯡꯕ ꯄꯤꯔꯤꯕ ꯂꯥꯜꯍꯧꯕ ꯱꯲ ꯐꯥꯖꯤꯟꯈꯤ꯫","ꯌꯥꯟ ꯒꯣ ꯟꯒꯤ    ꯂꯦ ꯡ    ꯊ ꯥꯔ    ꯌꯥꯔ    ꯇꯥꯎ ꯟꯁꯤ ꯞꯇ    ꯈꯨꯗꯣꯡꯊꯤꯕ    ꯊꯧꯗꯣꯛ    ꯑꯣꯏꯅ    ꯕꯣꯝ    ꯀꯌꯥ    ꯄꯣꯛ ꯈꯥꯏ ꯈ꯭ꯔꯕ    ꯃꯇꯨꯡꯗ,    ꯇ ꯠ ꯃꯥ ꯗꯣ    ꯂꯥꯟꯃꯤ ꯁꯤꯡ ꯅ,    ꯁꯣꯛ ꯂꯕ    ꯂꯥꯜ ꯍꯧꯕ    ꯳    ꯌꯥꯏ ꯅ,    ꯆꯤꯡ ꯅ ꯅꯤꯡꯉꯥꯏ    ꯑꯣꯏꯕ    ꯑꯊꯤꯡꯕ    ꯄꯤꯔꯤꯕ    ꯂꯥꯜ ꯍꯧꯕ    ꯱꯲    ꯐꯥ ꯖꯤꯟ ꯈꯤ꯫ ",137,46
1384,"ꯅꯨꯄꯤꯒꯤ ꯔꯒꯕꯤ ꯋꯥꯔꯜꯗ ꯀꯞꯀꯤ ꯃꯥꯄꯟꯁꯨꯕ ꯏꯗꯤꯁꯟ ꯑꯣꯏꯔꯤꯕ, ꯏꯪ ꯲꯰꯲꯱ ꯔꯒꯕꯤ ꯋꯥꯔꯜꯗ ꯀꯞ ꯑꯗꯨ, ꯑꯍꯥꯟꯕꯒꯤ ꯑꯣꯏꯅ ꯂꯦꯞꯅꯈꯤꯕ ꯃꯇꯝ ꯁꯦꯞꯇꯦꯝꯕꯔ ꯱꯸ꯗꯒꯤ ꯑꯣꯛꯇꯣꯕꯔ ꯱꯸ ꯏꯪ ꯲꯰꯲꯱ ꯐꯥꯎꯕ ꯑꯗꯨꯗꯒꯤ ꯌꯩꯊꯣꯛꯇꯨꯅ, ꯑꯣꯛꯇꯣꯕꯔ ꯸ ꯑꯃꯁꯨꯡ ꯅꯕꯦꯝꯕꯔ ꯱꯲ ꯏꯪ ꯲꯰꯲꯱ꯒꯤ ꯃꯔꯛꯇ ꯅ꯭ꯌꯨ ꯖꯤꯂꯦꯟꯗ ꯄꯥꯡꯊꯣꯛꯈꯤ꯫","ꯅꯨꯄꯤꯒꯤ    ꯔꯒ ꯕꯤ    ꯋꯥꯔꯜꯗ    ꯀ ꯞꯀꯤ    ꯃꯥ ꯄꯟ ꯁꯨꯕ    ꯏ ꯗꯤ ꯁꯟ    ꯑꯣꯏꯔꯤꯕ,    ꯏꯪ    ꯲꯰꯲ ꯱    ꯔꯒ ꯕꯤ    ꯋꯥꯔꯜꯗ    ꯀꯞ    ꯑꯗꯨ ,    ꯑꯍꯥꯟꯕꯒꯤ    ꯑꯣꯏꯅ    ꯂꯦꯞ ꯅꯈꯤꯕ    ꯃꯇꯝ    ꯁꯦꯞꯇꯦꯝꯕꯔ    ꯱꯸ ꯗꯒꯤ    ꯑꯣꯛꯇꯣꯕꯔ    ꯱꯸    ꯏꯪ    ꯲꯰꯲ ꯱    ꯐꯥꯎꯕ    ꯑꯗꯨꯗꯒꯤ    ꯌꯩ ꯊꯣꯛ ꯇꯨ ꯅ,    ꯑꯣꯛꯇꯣꯕꯔ    ꯸    ꯑꯃꯁꯨꯡ    ꯅꯕꯦꯝꯕꯔ    ꯱꯲    ꯏꯪ    ꯲꯰꯲ ꯱ꯒꯤ    ꯃꯔꯛꯇ    ꯅ꯭ꯌꯨ    ꯖꯤ ꯂꯦꯟꯗ    ꯄꯥꯡꯊꯣꯛꯈꯤ꯫ ",179,54
1385,"ꯑꯇꯣꯞꯄꯁꯤꯡꯒꯤ ꯃꯅꯨꯡꯗ ꯇꯁꯦꯡꯅ ꯐꯦꯕ꯭ꯔꯨꯋꯥꯔꯤ ꯲꯰꯱꯶ꯇ ꯄꯔꯤꯡꯒꯤ ꯑꯣꯏꯕ ꯇꯦꯂꯤꯕꯤꯖꯟ ꯆꯦꯅꯜ ꯑꯃ ꯑꯣꯏꯅ ꯁꯟꯗꯣꯛꯄ ꯂꯦꯞꯈ꯭ꯔꯕ ꯑꯃꯁꯨꯡ ꯐꯦꯕ꯭ꯔꯨꯋꯥꯔꯤ ꯲꯰꯲꯲ꯗ ꯇꯦꯂꯤꯕꯤꯖꯟꯗ ꯍꯜꯂꯛꯈꯤꯕ, ꯏꯟꯈꯠꯂꯛꯂꯤꯕꯁꯤꯡꯒꯤ ꯆꯦꯅꯜ ꯕꯤ","ꯑꯇꯣꯞꯄ ꯁꯤꯡꯒꯤ    ꯃꯅꯨꯡꯗ    ꯇꯁꯦꯡꯅ    ꯐꯦꯕ꯭ꯔꯨꯋꯥꯔꯤ    ꯲꯰꯱ ꯶ꯇ    ꯄꯔꯤ ꯡꯒꯤ    ꯑꯣꯏꯕ    ꯇꯦꯂꯤ ꯕꯤ ꯖꯟ    ꯆꯦ ꯅ ꯜ    ꯑꯃ    ꯑꯣꯏꯅ    ꯁꯟꯗꯣꯛꯄ    ꯂꯦꯞ ꯈ꯭ꯔꯕ    ꯑꯃꯁꯨꯡ    ꯐꯦꯕ꯭ꯔꯨꯋꯥꯔꯤ    ꯲꯰꯲ ꯲ꯗ    ꯇꯦꯂꯤ ꯕꯤꯖ ꯟꯗ    ꯍꯜꯂꯛ ꯈꯤꯕ,    ꯏꯟ ꯈꯠꯂꯛ ꯂꯤ ꯕꯁꯤꯡꯒꯤ    ꯆꯦ ꯅ ꯜ    ꯕꯤ ",133,38
1386,ꯕꯤ,ꯕꯤ ,2,1
1387,ꯁꯤ,ꯁꯤ ,2,1
1388,"ꯊ꯭ꯔꯤ, ꯆꯠꯅꯕꯤꯒꯤ ꯑꯃꯁꯨꯡ ꯗꯣꯀ꯭ꯌꯨꯃꯦꯟꯇꯔꯤ ꯆꯦꯅꯜ ꯕꯤ","ꯊ꯭ꯔꯤ ,    ꯆꯠꯅꯕꯤꯒꯤ    ꯑꯃꯁꯨꯡ    ꯗꯣ ꯀ꯭ꯌꯨ ꯃꯦꯟ ꯇꯔꯤ    ꯆꯦ ꯅ ꯜ    ꯕꯤ ",35,12
1389,ꯕꯤ,ꯕꯤ ,2,1
1390,ꯁꯤ,ꯁꯤ ,2,1
1391,"ꯐꯣꯔ, ꯄꯥꯎꯒꯤ ꯆꯦꯅꯜꯁꯤꯡ ꯕꯤ","ꯐꯣꯔ ,    ꯄꯥꯎꯒꯤ    ꯆꯦ ꯅ ꯜꯁꯤꯡ    ꯕꯤ ",18,7
1392,ꯕꯤ,ꯕꯤ ,2,1
1393,ꯁꯤ,ꯁꯤ ,2,1
1394,ꯅ꯭ꯌꯨꯖ ꯑꯃꯁꯨꯡ ꯕꯤ,ꯅ꯭ꯌꯨ ꯖ    ꯑꯃꯁꯨꯡ    ꯕꯤ ,12,4
1395,ꯕꯤ,ꯕꯤ ,2,1
1396,ꯁꯤ,ꯁꯤ ,2,1
1397,"ꯋꯥꯔꯜꯗ ꯅ꯭ꯌꯨꯖ, ꯄꯥꯔꯂꯤꯌꯥꯃꯟꯇꯀꯤ ꯑꯣꯏꯕ ꯆꯦꯅꯜ ꯕꯤ","ꯋꯥꯔꯜꯗ    ꯅ꯭ꯌꯨ ꯖ,    ꯄꯥꯔꯂꯤꯌꯥ ꯃꯟ ꯇ ꯀꯤ    ꯑꯣꯏꯕ    ꯆꯦ ꯅ ꯜ    ꯕꯤ ",33,12
1398,ꯕꯤ,ꯕꯤ ,2,1
1399,ꯁꯤ,ꯁꯤ ,2,1
1400,"ꯄꯥꯔꯂꯤꯌꯥꯃꯟꯇ, ꯑꯃꯁꯨꯡ ꯑꯉꯥꯡꯁꯤꯡꯒꯤ ꯆꯦꯅꯜ, ꯁꯤ","ꯄꯥꯔꯂꯤꯌꯥ ꯃꯟ ꯇ,    ꯑꯃꯁꯨꯡ    ꯑꯉꯥꯡꯁꯤꯡꯒꯤ    ꯆꯦ ꯅ ꯜ,    ꯁꯤ ",32,9
1401,ꯕꯤ,ꯕꯤ ,2,1
1402,ꯕꯤ,ꯕꯤ ,2,1
1403,ꯁꯤ ꯑꯃꯁꯨꯡ ꯁꯤꯕꯤꯕꯤꯁ ꯌꯥꯎꯔꯤ꯫,ꯁꯤ    ꯑꯃꯁꯨꯡ    ꯁꯤ ꯕꯤ ꯕꯤ ꯁ    ꯌꯥꯎꯔꯤ꯫ ,20,7
1404,"ꯔꯁꯤꯌꯥꯒꯤ ꯄꯣꯠꯂꯝꯁꯤꯡꯒꯤ ꯑꯊꯤꯡꯕ ꯊꯝꯕ ꯑꯃꯒꯤꯗꯃꯛ ꯍꯥꯏꯔꯛꯄꯁꯤꯡ ꯑꯗꯨ ꯁꯣꯁꯤꯌꯦꯜ ꯃꯤꯗꯤꯌꯥꯒꯤ ꯄ꯭ꯂꯦꯠꯐꯣꯔꯝꯁꯤꯡꯗ ꯁꯟꯗꯣꯛꯏ, ꯑꯗꯨꯒ ꯍꯦꯀꯔꯁꯤꯡꯅ,ꯑꯀꯛꯅꯅ ꯔꯁꯤꯌꯥꯒꯤ ꯂꯩꯉꯥꯛꯅ ꯆꯂꯥꯏꯕ, ꯔꯁꯤꯌꯥꯒꯤ ꯋꯦꯕꯁꯥꯏꯠꯁꯤꯡꯕꯨ ꯂꯥꯟꯗꯥꯈꯤ꯫","ꯔꯁꯤ ꯌꯥꯒꯤ    ꯄꯣꯠꯂꯝ ꯁꯤꯡꯒꯤ    ꯑꯊꯤꯡꯕ    ꯊꯝꯕ    ꯑꯃꯒꯤꯗꯃꯛ    ꯍꯥꯏ ꯔꯛꯄ ꯁꯤꯡ    ꯑꯗꯨ    ꯁꯣ ꯁꯤꯌꯦꯜ    ꯃꯤꯗꯤ ꯌꯥꯒꯤ    ꯄ꯭ꯂꯦ ꯠ ꯐꯣ ꯔꯝ ꯁꯤꯡꯗ    ꯁꯟꯗꯣꯛ ꯏ,    ꯑꯗꯨꯒ    ꯍꯦ ꯀꯔ ꯁꯤꯡ ꯅ , ꯑꯀ ꯛ ꯅꯅ    ꯔꯁꯤ ꯌꯥꯒꯤ    ꯂꯩꯉꯥꯛꯅ    ꯆꯂꯥꯏ ꯕ,    ꯔꯁꯤ ꯌꯥꯒꯤ    ꯋꯦꯕꯁꯥꯏ ꯠ ꯁꯤꯡꯕꯨ    ꯂꯥꯟꯗꯥ ꯈꯤ꯫ ",143,43
1405,ꯃꯍꯥꯛꯅ ꯃꯨꯝꯕꯥꯏꯗ ꯂꯩꯕ ꯗꯥꯗꯔ ꯔꯦꯜꯋꯦ ꯁ꯭ꯇꯦꯁꯟꯗ ꯂꯩꯁꯤꯡ ꯌꯣꯟꯕ ꯍꯧꯈꯤ ꯑꯃꯁꯨꯡ ꯃꯈꯥ ꯇꯥꯅ ꯁꯍꯔ ꯑꯗꯨꯗ ꯂꯩ ꯗꯨꯀꯥꯟ ꯑꯅꯤꯒꯤ ꯃꯄꯨ ꯑꯣꯏꯕ ꯉꯝꯈꯤ꯫,ꯃꯍꯥꯛꯅ    ꯃꯨꯝꯕꯥꯏꯗ    ꯂꯩꯕ    ꯗꯥ ꯗꯔ    ꯔꯦꯜꯋꯦ    ꯁ꯭ꯇ ꯦꯁ ꯟꯗ    ꯂꯩ ꯁꯤꯡ    ꯌꯣꯟꯕ    ꯍꯧꯈꯤ    ꯑꯃꯁꯨꯡ    ꯃꯈꯥ    ꯇꯥꯅ    ꯁꯍꯔ    ꯑꯗꯨꯗ    ꯂꯩ    ꯗꯨꯀꯥꯟ    ꯑꯅꯤꯒꯤ    ꯃꯄꯨ    ꯑꯣꯏꯕ    ꯉꯝꯈꯤ꯫ ,86,24
1406,"ꯖꯤꯍꯥꯗꯤ, ꯃꯨꯖꯥꯍꯤꯗꯤꯟ ꯑꯃꯗꯤ ꯐꯦꯗꯥꯌꯤꯟ ꯑꯁꯤ ꯏꯪꯂꯤꯁ ꯂꯦꯛꯁꯤꯀꯣꯟꯗ ꯆꯪꯂꯛꯈ꯭ꯔꯕ ꯃꯥꯟꯅꯕ ꯑꯔꯥꯕꯤꯛ ꯋꯥꯍꯩꯁꯤꯡꯅꯤ꯫","ꯖꯤ ꯍꯥ ꯗꯤ,    ꯃꯨ ꯖꯥ ꯍꯤ ꯗꯤꯟ    ꯑꯃꯗꯤ    ꯐꯦ ꯗꯥ ꯌꯤ ꯟ    ꯑꯁꯤ    ꯏꯪꯂꯤꯁ    ꯂꯦꯛ ꯁꯤ ꯀꯣ ꯟꯗ    ꯆꯪ ꯂꯛ ꯈ꯭ꯔꯕ    ꯃꯥꯟꯅꯕ    ꯑꯔꯥ ꯕꯤ ꯛ    ꯋꯥꯍꯩ ꯁꯤꯡꯅꯤ꯫ ",73,27
1407,"ꯃꯤꯌꯥꯝꯒꯤ-ꯂꯩꯉꯥꯛ ꯄꯥꯝꯖꯕ ꯑꯃꯁꯨꯡ ꯁꯨꯄ꯭ꯔꯤꯝ ꯂꯤꯗꯔ, ꯑꯂꯤ ꯈꯥꯃꯦꯅꯩꯒꯤ ꯂꯩꯉꯥꯛꯇ ꯃꯨꯛꯅꯕ ꯏꯔꯥꯟ ꯃꯆꯥꯁꯤꯡꯗ ꯑꯁꯥꯡꯕ-ꯃꯇꯝꯒꯤ ꯀꯩꯁꯨꯝꯁꯪꯒꯤ ꯆꯩꯔꯥꯛꯁꯤꯡ ꯑꯃꯁꯨꯡ ꯁꯤꯕꯒꯤ ꯆꯩꯔꯥꯛꯁꯤꯡ ꯄꯤꯕꯒꯤ ꯑꯁꯥꯡꯕ ꯔꯦꯀꯣꯔꯗꯁꯤꯡ ꯋꯥꯌꯦꯜꯂꯣꯏ ꯑꯅꯤ ꯑꯗꯨꯒꯤ ꯂꯩ꯫","ꯃꯤꯌꯥꯝ ꯒꯤ - ꯂꯩꯉꯥꯛ    ꯄꯥꯝꯖꯕ    ꯑꯃꯁꯨꯡ    ꯁꯨ ꯄ꯭ꯔꯤ ꯝ    ꯂꯤ ꯗꯔ ,    ꯑꯂꯤ    ꯈꯥ ꯃꯦ ꯅꯩ ꯒꯤ    ꯂꯩꯉꯥꯛ ꯇ    ꯃꯨ ꯛꯅꯕ    ꯏꯔ ꯥꯟ    ꯃꯆꯥ ꯁꯤꯡꯗ    ꯑ ꯁꯥꯡ ꯕ- ꯃꯇꯝꯒꯤ    ꯀꯩꯁꯨꯝ ꯁꯪ ꯒꯤ    ꯆꯩ ꯔꯥꯛ ꯁꯤꯡ    ꯑꯃꯁꯨꯡ    ꯁꯤꯕꯒꯤ    ꯆꯩ ꯔꯥꯛ ꯁꯤꯡ    ꯄꯤꯕꯒꯤ    ꯑꯁꯥꯡꯕ    ꯔꯦꯀꯣꯔ ꯗꯁꯤꯡ    ꯋꯥꯌꯦ ꯜꯂ ꯣꯏ    ꯑꯅꯤ    ꯑꯗꯨꯒꯤ    ꯂꯩ꯫ ",152,50
1408,"ꯑꯍꯥꯟꯕꯒꯤ ꯑꯗꯨꯒꯤ ꯃꯃꯥꯡꯗ ꯑꯃꯁꯨꯡ ꯃꯟꯋꯟꯇꯔ ꯈꯨꯗꯤꯡꯃꯛꯀꯤ ꯃꯇꯨꯡ ꯇꯥꯔꯛꯄ ꯑꯁꯤ, ꯑꯃꯃꯝꯗ ꯀ꯭ꯔꯤꯇ-ꯌꯨꯒ (ꯁꯇ꯭ꯌ-ꯌꯨꯒ)ꯀꯤ ꯑꯁꯥꯡꯕ ꯑꯃ ꯑꯣꯏꯕ, ꯃꯟꯋꯟꯇꯔ-ꯁꯟꯙ꯭ꯌꯥ (ꯁꯝꯅꯍꯟꯕ ꯇꯥꯡꯀꯛ) ꯑꯃꯅꯤ꯫","ꯑꯍꯥꯟꯕꯒꯤ    ꯑꯗꯨꯒꯤ    ꯃꯃꯥꯡꯗ    ꯑꯃꯁꯨꯡ    ꯃꯟ ꯋ ꯟ ꯇꯔ    ꯈꯨꯗꯤꯡꯃꯛꯀꯤ    ꯃꯇꯨꯡ    ꯇꯥꯔꯛꯄ    ꯑꯁꯤ,    ꯑꯃꯃꯝꯗ    ꯀ꯭ꯔꯤ ꯇ - ꯌꯨ ꯒ    ( ꯁꯇ ꯭ꯌ - ꯌꯨ ꯒ ) ꯀꯤ    ꯑꯁꯥꯡꯕ    ꯑꯃ    ꯑꯣꯏꯕ,    ꯃꯟ ꯋ ꯟ ꯇꯔ - ꯁꯟ ꯙ ꯭ꯌꯥ    ( ꯁꯝꯅ ꯍꯟꯕ    ꯇꯥꯡ ꯀꯛ )    ꯑꯃꯅꯤ꯫ ",119,44
1409,"ꯀ꯭ꯔꯣꯅꯁꯅ ꯃꯍꯥꯛꯀꯤ ꯃꯄꯥꯗ ꯅꯝꯊꯥꯛ ꯇꯧꯈꯤꯕ ꯃꯔꯝꯅ,ꯃꯍꯥꯛꯀꯤ ꯃꯆꯥ-ꯃꯁꯨꯅ ꯃꯥꯟꯅꯅ ꯇꯧꯔꯛꯀꯅꯤ ꯍꯥꯏꯅ ꯃꯍꯥꯛꯅ ꯀꯤꯈꯤ, ꯑꯃꯁꯨꯡ ꯃꯔꯝ ꯑꯁꯤꯅ ꯔꯤꯌꯥꯅ ꯃꯆꯥ ꯄꯣꯛꯂꯛꯄ ꯃꯇꯝ ꯈꯨꯗꯤꯡꯃꯛꯇ, ꯃꯍꯥꯛꯅ ꯑꯉꯥꯡ ꯑꯗꯨꯕꯨ ꯃꯨꯟꯈꯤ ꯑꯃꯁꯨꯡ ꯆꯥꯊꯣꯛꯈꯤ꯫","ꯀ꯭ꯔꯣ ꯅ ꯁꯅ    ꯃꯍꯥꯛꯀꯤ    ꯃꯄꯥ ꯗ    ꯅꯝ ꯊꯥꯛ    ꯇꯧꯈꯤꯕ    ꯃꯔ ꯝꯅ , ꯃꯍꯥꯛꯀꯤ    ꯃꯆꯥ -ꯃ ꯁꯨ ꯅ    ꯃꯥꯟꯅꯅ    ꯇꯧ ꯔꯛ ꯀꯅꯤ    ꯍꯥꯏꯅ    ꯃꯍꯥꯛꯅ    ꯀꯤ ꯈꯤ,    ꯑꯃꯁꯨꯡ    ꯃꯔꯝ    ꯑꯁꯤꯅ    ꯔꯤ ꯌꯥꯅ    ꯃꯆꯥ    ꯄꯣꯛ ꯂꯛꯄ    ꯃꯇꯝ    ꯈꯨꯗꯤꯡ ꯃꯛꯇ ,    ꯃꯍꯥꯛꯅ    ꯑꯉꯥꯡ    ꯑꯗꯨꯕꯨ    ꯃꯨꯟ ꯈꯤ    ꯑꯃꯁꯨꯡ    ꯆꯥ ꯊꯣꯛꯈꯤ꯫ ",142,45
1410,"ꯐ꯭ꯔꯤꯗꯍꯦꯜꯃ ꯍꯥꯔꯗꯤꯒꯤ ꯃꯇꯨꯡ ꯏꯟꯅ, ꯀ꯭ꯔꯤꯁꯅꯒꯤ ꯆꯠꯅꯕꯤꯁꯤꯡ ꯑꯁꯤ ꯑꯋꯥꯡꯊꯪꯕ ꯆꯠꯅꯕꯤꯁꯤꯡꯗ ꯄꯤꯁꯤꯟꯅꯕ ꯇꯧꯅꯤꯡꯕꯒꯤ ꯑꯄꯥꯝꯕ ꯂꯩꯔꯕꯁꯨ, ꯑꯉꯟꯕ ""ꯈꯥꯊꯪꯕꯒꯤ ꯑꯣꯏꯕ ꯀ꯭ꯔꯤꯁꯅꯥꯒꯤ ꯂꯥꯏꯅꯤꯡ""ꯒꯤ ꯄ꯭ꯔꯃꯥꯟ ꯂꯩ꯫","ꯐ꯭ꯔꯤ ꯗ ꯍꯦꯜ ꯃ    ꯍꯥꯔ ꯗꯤꯒꯤ    ꯃꯇꯨꯡ    ꯏꯟꯅ,    ꯀ꯭ꯔꯤꯁ ꯅꯒꯤ    ꯆꯠꯅꯕꯤ ꯁꯤꯡ    ꯑꯁꯤ    ꯑꯋꯥꯡ ꯊꯪꯕ    ꯆꯠꯅꯕꯤ ꯁꯤꯡꯗ    ꯄꯤ ꯁꯤꯟꯅꯕ    ꯇꯧ ꯅꯤꯡ ꯕꯒꯤ    ꯑꯄꯥꯝꯕ    ꯂꯩ ꯔꯕꯁꯨ,    ꯑꯉꯟꯕ    "" ꯈꯥ ꯊꯪ ꯕꯒꯤ    ꯑꯣꯏꯕ    ꯀ꯭ꯔꯤ ꯁꯅꯥꯒꯤ    ꯂꯥꯏꯅꯤꯡ "" ꯒꯤ    ꯄ꯭ꯔ ꯃꯥꯟ    ꯂꯩ꯫ ",129,39
1411,ꯕꯨꯗꯙꯒꯤ ꯄꯨꯟꯁꯤꯒꯤ ꯊꯥꯏꯅꯗꯒꯤ ꯂꯤꯅꯔꯛꯄ ꯋꯥꯔꯤꯒꯤ ꯑꯃꯨꯛ ꯍꯟꯅ ꯁꯦꯝꯒꯠꯂꯛꯄꯁꯤꯡ ꯌꯥꯎꯕ ꯑꯇꯣꯞꯄ ꯕꯨꯗꯤꯁꯠꯀꯤ ꯏꯔꯥꯠ-ꯊꯧꯅꯤ ꯑꯗꯨ ꯕꯨꯗꯙꯒꯤ ꯃꯤꯇꯝ ꯑꯃꯒꯤ ꯂꯥꯏꯗ ꯀꯠꯊꯣꯛꯄꯒꯤ ꯏꯔꯥꯠ-ꯊꯧꯅꯤ ꯑꯗꯨꯅ ꯑꯣꯏ꯫,ꯕꯨꯗ ꯙꯒꯤ    ꯄꯨꯟꯁꯤꯒꯤ    ꯊꯥꯏ ꯅꯗꯒꯤ    ꯂꯤ ꯅ ꯔꯛꯄ    ꯋꯥꯔꯤꯒꯤ    ꯑꯃꯨꯛ    ꯍꯟꯅ    ꯁꯦꯝꯒꯠ ꯂꯛ ꯄꯁꯤꯡ    ꯌꯥꯎꯕ    ꯑꯇꯣꯞꯄ    ꯕꯨ ꯗꯤꯁ ꯠꯀꯤ    ꯏ ꯔꯥ ꯠ- ꯊꯧ ꯅꯤ    ꯑꯗꯨ    ꯕꯨꯗ ꯙꯒꯤ    ꯃꯤꯇꯝ    ꯑꯃꯒꯤ    ꯂꯥꯏ ꯗ    ꯀꯠ ꯊꯣꯛꯄꯒꯤ    ꯏ ꯔꯥ ꯠ- ꯊꯧ ꯅꯤ    ꯑꯗꯨꯅ    ꯑꯣꯏ꯫ ,122,40
1412,ꯕ꯭ꯔꯥꯍꯝ ꯑꯁꯤ ꯃꯥꯡꯖꯤꯜ ꯊꯥꯕ ꯃꯄꯨ (ꯏꯁꯣꯔ) ꯑꯃꯅꯤ ꯑꯃꯁꯨꯡ ꯕꯨꯙꯤꯖꯝꯗ ꯂꯥꯏ ꯑꯣꯏꯔꯕ ꯅꯤꯡꯊꯧ ꯑꯃꯅꯤ꯫,ꯕ꯭ꯔꯥꯍ ꯝ    ꯑꯁꯤ    ꯃꯥꯡꯖꯤꯜ    ꯊꯥꯕ    ꯃꯄꯨ    ( ꯏ ꯁꯣꯔ )    ꯑꯃꯅꯤ    ꯑꯃꯁꯨꯡ    ꯕꯨꯙꯤ ꯖ ꯝꯗ    ꯂꯥꯏ    ꯑꯣꯏꯔꯕ    ꯅꯤꯡꯊꯧ    ꯑꯃꯅꯤ꯫ ,61,19
1413,"ꯀꯔꯅꯥꯇꯀꯥꯗ, ꯑꯥꯏꯍꯣꯜꯗ ꯇꯧꯕꯒꯨꯝꯅ, ꯷ꯁꯨꯕ ꯑꯃꯁꯨꯡ ꯸ꯁꯨꯕ-ꯆꯍꯤꯆꯥꯒꯤ ꯂꯥꯏꯁꯪꯁꯤꯡꯒꯤ ꯀꯥꯡꯂꯨꯞ ꯑꯗꯨꯅ ꯄꯠꯇꯥꯗꯀꯜꯗ ꯃꯇꯨꯡ ꯇꯥꯔꯛꯄꯗ ꯑꯋꯥꯡ ꯑꯃꯁꯨꯡ ꯈꯥ ꯑꯅꯤꯃꯛꯀ ꯃꯔꯤ ꯂꯩꯅꯈꯤꯕ ꯃꯑꯣꯡꯁꯤꯡꯕꯨ ꯃꯃꯤꯡ ꯂꯩꯅ ꯄꯨꯟꯁꯤꯟꯅꯩ, ꯃꯁꯤꯗ ꯍꯧꯖꯤꯛꯁꯨ ꯑꯞꯁ ꯃꯥꯟꯕ ꯆꯩꯇ꯭ꯌ ꯍꯣꯜ-ꯃꯑꯣꯡꯒꯤ ꯄꯣꯔꯝꯁꯤꯡ ꯌꯥꯎꯋꯤ꯫","ꯀꯔꯅꯥꯇ ꯀꯥ ꯗ,    ꯑꯥꯏ ꯍꯣ ꯜꯗ    ꯇꯧꯕ ꯒꯨꯝ ꯅ,    ꯷ ꯁꯨꯕ    ꯑꯃꯁꯨꯡ    ꯸ ꯁꯨ ꯕ- ꯆꯍꯤꯆꯥꯒꯤ    ꯂꯥꯏꯁꯪ ꯁꯤꯡꯒꯤ    ꯀꯥꯡꯂꯨꯞ    ꯑꯗꯨꯅ    ꯄꯠ ꯇꯥ ꯗ ꯀ ꯜꯗ    ꯃꯇꯨꯡ    ꯇꯥꯔꯛꯄꯗ    ꯑꯋꯥꯡ    ꯑꯃꯁꯨꯡ    ꯈꯥ    ꯑꯅꯤ ꯃꯛ ꯀ    ꯃꯔꯤ    ꯂꯩ ꯅꯈꯤꯕ    ꯃꯑꯣꯡ ꯁꯤꯡꯕꯨ    ꯃꯃꯤꯡ    ꯂꯩ ꯅ    ꯄꯨꯟꯁꯤꯟ ꯅꯩ,    ꯃꯁꯤꯗ    ꯍꯧꯖꯤꯛꯁꯨ    ꯑꯞ ꯁ    ꯃ ꯥꯟꯕ    ꯆꯩ ꯇ꯭ꯌ    ꯍꯣ ꯜ- ꯃꯑꯣꯡꯒꯤ    ꯄꯣ ꯔꯝ ꯁꯤꯡ    ꯌꯥꯎꯋꯤ꯫ ",180,58
1414,"ꯑꯗꯨꯕꯨ, ꯑꯣꯜꯂꯛꯄ ꯑꯔꯕ ꯃꯨꯁꯂꯤꯝ ꯅꯠꯇꯕꯁꯤꯡꯒꯤ ꯃꯊꯛꯇ ꯑꯔꯕꯁꯤꯡꯒꯤ ꯑꯋꯥꯡꯕ ꯊꯥꯛ ꯑꯃꯁꯨꯡ ꯃꯈꯣꯏꯒꯤ ꯈꯖꯅꯥ ꯋꯥꯡꯅ ꯊꯤꯕꯒꯤ ꯃꯊꯧ ꯇꯥꯕ ꯑꯗꯨꯅ ꯅꯨꯡꯁꯤꯅꯗꯕ ꯊꯣꯛꯍꯜꯂꯤ꯫","ꯑꯗꯨꯕꯨ ,    ꯑꯣ ꯜꯂꯛꯄ    ꯑ ꯔꯕ    ꯃꯨꯁꯂꯤꯝ    ꯅꯠꯇ ꯕꯁꯤꯡꯒꯤ    ꯃꯊꯛꯇ    ꯑꯔꯕ ꯁꯤꯡꯒꯤ    ꯑꯋꯥꯡꯕ    ꯊꯥꯛ    ꯑꯃꯁꯨꯡ    ꯃꯈꯣꯏꯒꯤ    ꯈ ꯖ ꯅꯥ    ꯋꯥꯡꯅ    ꯊꯤꯕꯒꯤ    ꯃꯊꯧ    ꯇꯥꯕ    ꯑꯗꯨꯅ    ꯅꯨꯡꯁꯤ ꯅꯗꯕ    ꯊꯣꯛꯍꯜꯂꯤ꯫ ",100,27
1415,"ꯃꯥꯏꯆꯧ ꯔꯤꯆꯥꯔ꯭ꯗ ꯀꯣꯍꯦꯟꯅ ꯋꯥꯍꯧ ꯑꯗꯨ ꯕꯨꯙꯤꯖꯝ ꯆꯠꯄꯁꯤꯡꯕꯨ ꯃꯄꯥꯟꯒꯤ ꯃꯤꯁꯤꯡꯅ ꯁꯛꯇꯥꯛꯅꯕ ꯁꯤꯖꯤꯟꯅꯕꯅꯤ ꯍꯥꯏꯅ ꯀꯟꯅ ꯍꯥꯏꯔꯕꯁꯨ, ꯂꯣꯄꯦꯖꯅꯗꯤ ꯕꯥꯎꯙꯥ ꯍꯥꯏꯕ ꯋꯥꯍꯩ ꯑꯁꯤꯁꯨ ꯃꯈꯣꯏꯅ ꯁꯤꯖꯤꯟꯅꯩ ꯍꯥꯏꯅ ꯍꯥꯏ꯫","ꯃꯥꯏ ꯆ ꯧ    ꯔꯤ ꯆꯥꯔ ꯭ꯗ    ꯀꯣ ꯍꯦꯟꯅ    ꯋꯥ ꯍꯧ    ꯑꯗꯨ    ꯕꯨꯙꯤ ꯖꯝ    ꯆꯠ ꯄ ꯁꯤꯡꯕꯨ    ꯃꯄꯥꯟꯒꯤ    ꯃꯤꯁꯤꯡꯅ    ꯁꯛꯇ ꯥꯛ ꯅꯕ    ꯁꯤꯖꯤꯟꯅꯕ ꯅꯤ    ꯍꯥꯏꯅ    ꯀꯟꯅ    ꯍꯥꯏ ꯔꯕꯁꯨ,    ꯂꯣ ꯄꯦ ꯖ ꯅꯗꯤ    ꯕꯥꯎ ꯙ ꯥ    ꯍꯥꯏꯕ    ꯋꯥꯍꯩ    ꯑꯁꯤꯁꯨ    ꯃꯈꯣꯏꯅ    ꯁꯤꯖꯤꯟꯅꯩ    ꯍꯥꯏꯅ    ꯍꯥꯏ꯫ ",128,41
1416,"ꯃꯍꯥꯛꯀꯤ ꯏꯟꯗꯤꯌꯥ, ꯄꯥꯀꯤꯁꯇꯥꯟ, ꯑꯃꯁꯨꯡ ꯌꯨ","ꯃꯍꯥꯛꯀꯤ    ꯏꯟꯗꯤ ꯌꯥ,    ꯄꯥꯀꯤꯁꯇ ꯥꯟ ,    ꯑꯃꯁꯨꯡ    ꯌꯨ ",29,8
1417,ꯑꯦꯁ,ꯑꯦꯁ,3,1
1418,ꯑꯦ,ꯑꯦ ,2,1
1419,"ꯁꯤꯟꯕ ꯊꯨꯡꯅ ꯇꯨꯡꯏꯟꯕ ꯂꯤꯁꯤꯡ ꯀꯌꯥ ꯂꯩꯈꯤ, ꯑꯃꯁꯨꯡ ꯏꯟꯗꯤꯌꯥ ꯁꯤꯟꯕ ꯊꯨꯡꯅ ꯈꯂꯤꯐꯥ ꯀꯌꯥꯁꯨ ꯂꯩꯈꯤ꯫","ꯁꯤꯟꯕ    ꯊꯨꯡꯅ    ꯇꯨꯡ ꯏꯟ ꯕ    ꯂꯤꯁꯤꯡ    ꯀꯌꯥ    ꯂꯩꯈꯤ,    ꯑꯃꯁꯨꯡ    ꯏꯟꯗꯤꯌꯥ    ꯁꯤꯟꯕ    ꯊꯨꯡꯅ    ꯈ ꯂꯤ ꯐ ꯥ    ꯀꯌꯥ ꯁꯨ    ꯂꯩꯈꯤ꯫ ",61,19
1420,"ꯃꯍꯥꯛꯅ ꯏꯁꯣꯔꯒꯤ ꯄ꯭ꯔꯥꯃꯥꯟ ꯄꯤꯒꯗꯧꯕ ꯆꯪꯁꯤꯟꯈ꯭ꯔꯕ ꯃꯔꯨ ꯑꯣꯏꯕ ꯋꯥꯌꯦꯠꯁꯤꯡ ꯃꯍꯧꯁꯥꯒꯤ ꯑꯉꯥꯛꯄꯗꯒꯤ ꯅꯠꯇ꯭ꯔꯒ ꯂꯦꯡꯂꯤ ꯄꯥꯜꯂꯤꯕ ꯄꯨꯝꯅꯃꯛꯇ ꯆꯥꯡ ꯅꯥꯏꯔꯤꯕ ꯑꯁꯤ ꯂꯣꯏꯅ ꯌꯦꯠꯄ ꯌꯥꯏ ꯍꯥꯏꯅ ꯎꯠꯂꯤ꯫( ꯃꯔꯨ ꯑꯣꯏꯅ ꯍꯩꯅꯗꯕ ꯇꯤꯟ-ꯀꯥꯡꯁꯤꯡ ꯂꯩꯕꯗ ꯀꯔꯤ ꯉꯛꯅꯤꯡꯉꯥꯏ ꯌꯥꯎꯕꯒꯦ, ꯒ꯭ꯔꯍꯁꯤꯡ ꯑꯁꯤ ꯆꯩꯔꯥꯛꯅ ꯃꯥꯟꯅꯕ ꯂꯩꯃꯥꯏ ꯑꯃꯗ ꯎꯡꯕꯗ ꯀꯔꯤ ꯆꯥꯡꯅꯥꯏꯕ ꯂꯩꯕꯒꯦ, ꯆꯞ ꯃꯥꯟꯅꯕ ꯂꯩꯃꯥꯏꯅꯦ ꯍꯥꯏꯔꯗꯤ ꯈꯔ ꯊꯥꯖꯕ ꯌꯥꯏ ꯑꯗꯨꯕꯨ ""ꯅꯛꯅ ꯃꯥꯟꯅꯕ ꯇꯝꯄꯥꯛꯅꯦ"" ꯍꯥꯏꯕꯁꯤꯗꯤ ꯊꯥꯖꯕ ꯈꯔ ꯋꯥꯠꯂꯦ) ꯫","ꯃꯍꯥꯛꯅ    ꯏ ꯁꯣ ꯔꯒꯤ    ꯄ꯭ꯔꯥ ꯃꯥꯟ    ꯄꯤ ꯒꯗ ꯧꯕ    ꯆꯪ ꯁꯤꯟ ꯈ꯭ꯔꯕ    ꯃꯔꯨ    ꯑꯣꯏꯕ    ꯋꯥꯌꯦ ꯠꯁꯤꯡ    ꯃꯍꯧꯁꯥꯒꯤ    ꯑ ꯉꯥꯛ ꯄꯗꯒꯤ    ꯅꯠꯇ꯭ꯔꯒ    ꯂꯦꯡ ꯂꯤ    ꯄꯥ ꯜꯂꯤꯕ    ꯄꯨꯝꯅꯃꯛꯇ    ꯆꯥꯡ    ꯅꯥꯏ ꯔꯤꯕ    ꯑꯁꯤ    ꯂꯣꯏꯅ    ꯌꯦ ꯠꯄ    ꯌꯥꯏ    ꯍꯥꯏꯅ    ꯎꯠ ꯂꯤ ꯫ (   ꯃꯔꯨ    ꯑꯣꯏꯅ    ꯍꯩ ꯅꯗꯕ    ꯇꯤ ꯟ- ꯀꯥꯡ ꯁꯤꯡ    ꯂꯩꯕꯗ    ꯀꯔꯤ    ꯉꯛ ꯅꯤꯡꯉꯥꯏ    ꯌꯥꯎ ꯕ ꯒꯦ ,    ꯒ꯭ꯔ ꯍ ꯁꯤꯡ    ꯑꯁꯤ    ꯆꯩ ꯔꯥꯛ ꯅ    ꯃꯥꯟꯅꯕ    ꯂꯩ ꯃꯥꯏ    ꯑꯃꯗ    ꯎ ꯡ ꯕꯗ    ꯀꯔꯤ    ꯆꯥꯡ ꯅꯥꯏꯕ    ꯂꯩꯕ ꯒꯦ ,    ꯆꯞ    ꯃꯥꯟꯅꯕ    ꯂꯩ ꯃꯥꯏ ꯅꯦ    ꯍꯥꯏ ꯔ ꯗꯤ    ꯈꯔ    ꯊꯥꯖꯕ    ꯌꯥꯏ    ꯑꯗꯨꯕꯨ    "" ꯅ ꯛꯅ    ꯃꯥꯟꯅꯕ    ꯇꯝꯄꯥꯛ ꯅꯦ ""    ꯍꯥꯏꯕ ꯁꯤ ꯗꯤ    ꯊꯥꯖꯕ    ꯈꯔ    ꯋꯥꯠ ꯂꯦ )    ꯫ ",285,103
1421,"(ꯈꯥꯊꯪꯕ ꯂꯝꯗꯝꯁꯤꯡꯗ ꯂꯩꯔꯤꯕ ꯑꯁꯤꯕꯒꯤ ꯂꯥꯏ) ꯌꯝꯕꯨ ꯍꯦꯟꯗꯣꯛꯅꯕ ꯂꯥꯝꯕꯥ ꯇꯧꯈꯤꯗꯨꯅ, ꯑꯋꯥꯡꯊꯪꯕ ꯂꯝꯗꯝꯅ ꯃꯉꯣꯟꯗ, ꯃꯁꯤꯅ ꯑꯣꯏꯈꯤꯕꯒꯨꯝꯅ, ꯑꯁꯤꯕꯒꯤ ꯑꯇꯣꯞꯄ ꯂꯥꯏ ꯑꯃ ꯄꯨꯔꯛꯈꯤ꯫","( ꯈꯥ ꯊꯪꯕ    ꯂꯝꯗ ꯝꯁꯤꯡꯗ    ꯂꯩꯔꯤꯕ    ꯑꯁꯤ ꯕꯒꯤ    ꯂꯥꯏ )    ꯌ ꯝꯕꯨ    ꯍꯦꯟꯗꯣꯛ ꯅꯕ    ꯂꯥ ꯝꯕ ꯥ    ꯇꯧ ꯈꯤ ꯗꯨꯅ,    ꯑꯋꯥꯡ ꯊꯪꯕ    ꯂꯝꯗ ꯝꯅ    ꯃꯉ ꯣ ꯟ ꯗ,    ꯃꯁꯤꯅ    ꯑꯣꯏ ꯈꯤꯕ ꯒꯨꯝ ꯅ,    ꯑꯁꯤ ꯕꯒꯤ    ꯑꯇꯣꯞꯄ    ꯂꯥꯏ    ꯑꯃ    ꯄꯨꯔꯛꯈꯤ꯫ ",110,39
1422,"ꯃꯃꯤꯡ ꯂꯩꯔꯕ ꯸ ꯁꯨꯕ ꯆꯥꯍꯤ ꯆꯥꯒꯤ ꯕꯦꯗꯤꯛ ꯑꯈꯪ ꯑꯍꯩ ꯑꯃꯁꯨꯡ ꯑꯣꯖꯥ (ꯑꯥꯆꯔꯌꯥ) ꯑꯗꯤ ꯁꯡꯀꯔꯥꯅ ꯕ꯭ꯔꯥꯃꯥꯟ ꯑꯁꯤ ꯑꯗꯨꯝ ꯂꯩꯕꯅꯤꯅ, ꯕ꯭ꯔꯥꯃꯥꯟꯒꯤ-ꯂꯩꯁꯤꯡ ꯑꯁꯤ ꯈꯨꯗꯛꯀꯤ ꯑꯣꯏ ꯑꯃꯁꯨꯡ ""ꯊꯧ"" ꯍꯥꯏꯕꯗꯤ ꯀꯟꯅ ꯇꯧꯕ ꯑꯃꯁꯨꯡ ꯍꯣꯠꯅꯕ ꯃꯊꯧ ꯇꯥꯗꯦ ꯍꯥꯏꯅ ꯍꯥꯏꯔꯕꯁꯨ, ꯑꯗꯕꯥꯏꯇ ꯆꯠꯅꯕꯤꯅꯁꯨ ꯌꯥꯝꯅ ꯆꯥꯎ-ꯁꯥꯡꯕ ꯃꯍꯥꯕꯥꯀ꯭ꯌꯥꯁꯀꯤ ꯋꯥꯈꯜ ꯈꯟꯕ ꯑꯃꯁꯨꯡ ꯂꯧꯁꯤꯡꯒꯤ ꯃꯥꯑꯣꯡ ꯑꯃ ꯑꯣꯏꯅ ꯌꯣꯒꯤꯛ ꯁꯃꯥꯙꯤ ꯌꯥꯕ, ꯑꯇꯣꯞꯞ ꯂꯥꯏꯁꯣꯜꯒꯤ ꯀꯥꯡꯂꯨꯞ ꯑꯃꯁꯨꯡ ꯆꯠꯅꯕꯤꯁꯤꯡꯗꯁꯨ ꯁꯛꯈꯪꯂꯕ ꯆꯨꯅꯗ꯭ꯔꯕ ꯋꯥꯔꯣꯜꯁꯤꯡ ꯍꯪꯕ ꯌꯥꯎꯅ ꯁꯦꯝꯗꯣꯛ ꯁꯦꯝꯖꯤꯟꯒꯤ ꯊꯧꯋꯣꯡ ꯇꯥꯛꯄꯤ꯫","ꯃꯃꯤꯡ    ꯂꯩꯔꯕ    ꯸    ꯁꯨꯕ    ꯆꯥ ꯍꯤ    ꯆꯥ ꯒꯤ    ꯕꯦꯗꯤ ꯛ    ꯑꯈ ꯪ    ꯑꯍ ꯩ    ꯑꯃꯁꯨꯡ    ꯑꯣ ꯖꯥ    ( ꯑꯥ ꯆꯔ ꯌꯥ )    ꯑ ꯗꯤ    ꯁꯡ ꯀ ꯔꯥꯅ    ꯕ꯭ꯔꯥ ꯃꯥꯟ    ꯑꯁꯤ    ꯑꯗꯨꯝ    ꯂꯩꯕ ꯅꯤ ꯅ,    ꯕ꯭ꯔꯥ ꯃꯥꯟ ꯒꯤ - ꯂꯩ ꯁꯤꯡ    ꯑꯁꯤ    ꯈꯨꯗ ꯛꯀꯤ    ꯑꯣꯏ    ꯑꯃꯁꯨꯡ    "" ꯊꯧ ""    ꯍꯥꯏꯕꯗꯤ    ꯀꯟꯅ    ꯇꯧꯕ    ꯑꯃꯁꯨꯡ    ꯍꯣꯠꯅꯕ    ꯃꯊꯧ    ꯇꯥ ꯗꯦ    ꯍꯥꯏꯅ    ꯍꯥꯏ ꯔꯕꯁꯨ,    ꯑ ꯗꯕ ꯥꯏ ꯇ    ꯆꯠꯅꯕꯤ ꯅꯁꯨ    ꯌꯥꯝꯅ    ꯆꯥꯎ - ꯁꯥꯡꯕ    ꯃꯍꯥ ꯕꯥ ꯀ꯭ ꯌꯥ ꯁꯀꯤ    ꯋꯥꯈꯜ    ꯈꯟꯕ    ꯑꯃꯁꯨꯡ    ꯂꯧ ꯁꯤꯡꯒꯤ    ꯃꯥ ꯑꯣ ꯡ    ꯑꯃ    ꯑꯣꯏꯅ    ꯌꯣ ꯒꯤ ꯛ    ꯁꯃꯥ ꯙꯤ    ꯌꯥ ꯕ,    ꯑꯇꯣ ꯞ ꯞ    ꯂꯥꯏꯁꯣ ꯜꯒꯤ    ꯀꯥꯡꯂꯨꯞ    ꯑꯃꯁꯨꯡ    ꯆꯠꯅꯕꯤ ꯁꯤꯡꯗꯁꯨ    ꯁꯛꯈꯪ ꯂꯕ    ꯆꯨ ꯅ ꯗ꯭ꯔꯕ    ꯋꯥꯔꯣ ꯜꯁꯤꯡ    ꯍꯪ ꯕ    ꯌꯥꯎꯅ    ꯁꯦꯝ ꯗꯣꯛ    ꯁꯦꯝꯖꯤꯟ ꯒꯤ    ꯊꯧ ꯋꯣꯡ    ꯇꯥꯛ ꯄꯤ꯫ ",325,118
1423,"ꯏꯁꯂꯥꯝ ꯌꯧꯔꯛꯈꯤꯕ ꯑꯗꯨꯅ ꯕꯨꯗꯙꯤꯖꯝꯒꯤ ꯂꯥꯏꯅꯤꯡꯕꯁꯤꯡꯒꯤ ꯑꯣꯏꯕ ꯆꯠꯅꯕꯤꯗ ꯅꯤꯡꯊꯧꯀꯣꯜꯒꯤ ꯁꯧꯒꯠꯄꯤꯕ ꯑꯗꯨ ꯂꯧꯊꯣꯛꯈꯤ, ꯑꯃꯁꯨꯡ ꯃꯨꯁꯂꯤꯝꯁꯤꯡꯅ ꯑꯁꯥꯡꯕ-ꯑꯔꯥꯞꯄꯒꯤ ꯂꯂꯣꯟ-ꯏꯇꯤꯛꯇ ꯕꯨꯗꯤꯁꯠꯁꯤꯡꯒꯤ ꯃꯍꯨꯠ ꯁꯤꯟꯈꯤꯕ ꯑꯗꯨꯅ ꯁꯣꯒꯠꯄꯤꯕꯒꯤ ꯑꯣꯏꯕ ꯍꯧꯔꯛꯐꯝꯁꯤꯡ ꯑꯗꯨ ꯇꯞꯅ-ꯇꯞꯅ ꯃꯥꯡꯍꯟꯈꯤ꯫","ꯏꯁꯂꯥ ꯝ    ꯌꯧ ꯔꯛ ꯈꯤꯕ    ꯑꯗꯨꯅ    ꯕꯨꯗꯙꯤ ꯖ ꯝꯒꯤ    ꯂꯥꯏꯅꯤꯡ ꯕꯁꯤꯡꯒꯤ    ꯑꯣꯏꯕ    ꯆꯠꯅꯕꯤ ꯗ    ꯅꯤꯡꯊꯧ ꯀꯣ ꯜꯒꯤ    ꯁꯧꯒꯠ ꯄꯤꯕ    ꯑꯗꯨ    ꯂꯧꯊꯣꯛ ꯈꯤ,    ꯑꯃꯁꯨꯡ    ꯃꯨꯁꯂꯤ ꯝꯁꯤꯡꯅ    ꯑ ꯁꯥꯡ ꯕ -ꯑ ꯔꯥ ꯞ ꯄꯒꯤ    ꯂꯂꯣꯟ-ꯏ ꯇꯤ ꯛꯇ    ꯕꯨ ꯗꯤ ꯁꯠ ꯁꯤꯡꯒꯤ    ꯃꯍꯨꯠ    ꯁꯤꯟ ꯈꯤꯕ    ꯑꯗꯨꯅ    ꯁꯣ ꯒꯠ ꯄꯤꯕꯒꯤ    ꯑꯣꯏꯕ    ꯍꯧꯔꯛ ꯐꯝꯁꯤꯡ    ꯑꯗꯨ    ꯇꯞꯅ-ꯇꯞꯅ    ꯃꯥꯡ ꯍꯟꯈꯤ꯫ ",178,53
1424,"ꯑꯍꯨꯝꯁꯨꯕ ꯇꯥꯡꯀꯛꯇ, ꯑꯍꯦꯟꯕ ꯋꯥꯈꯜꯂꯣꯟꯁꯤꯡ ꯍꯧꯗꯣꯛꯈꯤ; ꯈꯨꯗꯝ ꯑꯣꯏꯅ, ꯏꯔꯥꯠ-ꯊꯧꯅꯤꯁꯤꯡ, ꯅꯤꯡꯉꯝꯂꯛꯇꯕ, ꯑꯃꯁꯨꯡ ꯇꯥꯎꯒꯤ ꯑꯣꯏꯕ ꯂꯥꯏꯁꯪꯁꯤꯡꯗ ꯀꯠꯊꯣꯛꯄꯁꯤꯡ ꯑꯗꯨꯕꯨ ꯄꯨꯛꯅꯤꯡ ꯊꯧꯒꯠꯈꯤ ꯃꯔꯝꯗꯤ ꯃꯈꯣꯏꯅ ꯀꯔꯃꯒꯤ ꯑꯣꯏꯕ ꯄꯣꯠꯂꯨꯝ ꯑꯗꯨ ꯍꯟꯊꯍꯟꯕ ꯉꯝꯕꯒꯤꯅꯤ꯫","ꯑꯍꯨꯝꯁꯨꯕ    ꯇꯥꯡꯀ ꯛꯇ,    ꯑꯍꯦꯟꯕ    ꯋꯥꯈꯜ ꯂꯣꯟꯁꯤꯡ    ꯍꯧꯗꯣꯛ ꯈꯤ;    ꯈꯨꯗꯝ    ꯑꯣꯏꯅ,    ꯏ ꯔꯥ ꯠ- ꯊꯧ ꯅꯤ ꯁꯤꯡ,    ꯅꯤꯡ ꯉꯝ ꯂ ꯛꯇ ꯕ,    ꯑꯃꯁꯨꯡ    ꯇꯥꯎ ꯒꯤ    ꯑꯣꯏꯕ    ꯂꯥꯏꯁꯪ ꯁꯤꯡꯗ    ꯀꯠ ꯊꯣꯛ ꯄꯁꯤꯡ    ꯑꯗꯨꯕꯨ    ꯄꯨꯛꯅꯤꯡ    ꯊꯧꯒꯠ ꯈꯤ    ꯃꯔꯝꯗꯤ    ꯃꯈꯣꯏꯅ    ꯀꯔ ꯃꯒꯤ    ꯑꯣꯏꯕ    ꯄꯣꯠ ꯂꯨ ꯝ    ꯑꯗꯨ    ꯍꯟꯊ ꯍꯟꯕ    ꯉ ꯝꯕ ꯒꯤ ꯅꯤ꯫ ",160,49
1425,"ꯃꯍꯥꯛꯅ ꯆꯍꯤ-꯱꯴ꯒꯤ ꯋꯥꯁꯛ ꯑꯗꯨ ꯇꯧꯔꯕꯗꯤ, ꯃꯍꯥꯛꯅ ꯃꯍꯥꯛꯀꯤ ꯂꯪꯖꯈꯤꯕ ꯃꯔꯥꯜ ꯄꯨꯝꯅꯃꯛꯇꯒꯤ ꯀꯣꯛꯂꯒꯅꯤ ꯑꯃꯁꯨꯡ ꯂꯟ-ꯊꯨꯝ, ꯑꯉꯥꯡ, ꯑꯃꯁꯨꯡ ꯅꯨꯡꯉꯥꯏꯕ ꯐꯪꯒꯅꯤ ꯍꯥꯏꯅ ꯑꯅꯟꯇꯅ ꯀꯥꯎꯟꯗꯤꯟꯌꯥꯗ ꯋꯥꯁꯛꯈꯤ꯫","ꯃꯍꯥꯛꯅ    ꯆꯍꯤ - ꯱ ꯴ꯒꯤ    ꯋꯥ ꯁꯛ    ꯑꯗꯨ    ꯇꯧ ꯔꯕꯗꯤ,    ꯃꯍꯥꯛꯅ    ꯃꯍꯥꯛꯀꯤ    ꯂꯪ ꯖ ꯈꯤꯕ    ꯃꯔꯥꯜ    ꯄꯨꯝꯅ ꯃꯛꯇꯒꯤ    ꯀꯣꯛ ꯂ ꯒꯅꯤ    ꯑꯃꯁꯨꯡ    ꯂꯟ- ꯊꯨꯝ ,    ꯑꯉꯥꯡ ,    ꯑꯃꯁꯨꯡ    ꯅꯨꯡꯉꯥꯏꯕ    ꯐꯪꯒꯅꯤ    ꯍꯥꯏꯅ    ꯑꯅ ꯟ ꯇꯅ    ꯀꯥꯎꯟ ꯗꯤ ꯟ ꯌꯥꯗ    ꯋꯥꯁꯛ ꯈꯤ꯫ ",124,40
1426,"ꯇꯞꯅ-ꯇꯞꯅ ꯆꯥꯎꯈꯠꯂꯛꯇꯨꯅ ꯷ꯁꯨꯕ-ꯆꯍꯤꯆꯥꯒꯤ ꯚꯥꯔꯠꯇ ꯁꯣꯟꯖ꯭ꯋꯥꯡꯅ ꯊꯦꯡꯅꯈꯤꯕ ꯂꯥꯏꯅꯤꯡꯕ ꯄꯨꯝꯅꯃꯛꯀꯤ ꯆꯥꯎꯔꯥꯛꯅ ꯇꯪꯈꯥꯏꯗꯤ ꯃꯍꯥꯌꯅꯤꯁꯠꯁꯤꯡ ꯑꯣꯏꯈꯤꯗ꯭ꯔꯤꯉꯩ ꯐꯥꯎꯕ ꯑꯗꯨꯗ, ꯃꯍꯥꯌꯅꯥꯅ ꯚꯥꯔꯠꯀꯤ ꯕꯨꯗꯤꯁꯠꯁꯤꯡꯒꯤ ꯃꯔꯛꯇ ꯃꯤꯁꯤꯡ ꯌꯥꯝꯗꯕ ꯑꯃ ꯑꯣꯏꯅ ꯃꯇꯝ ꯈꯔ ꯂꯩꯈꯤ꯫","ꯇꯞꯅ-ꯇꯞꯅ    ꯆꯥꯎꯈꯠ ꯂ ꯛꯇꯨꯅ    ꯷ ꯁꯨ ꯕ- ꯆꯍꯤꯆꯥꯒꯤ    ꯚꯥꯔꯠꯇ    ꯁꯣꯟ ꯖ ꯭ꯋ ꯥꯡ ꯅ    ꯊꯦꯡꯅ ꯈꯤꯕ    ꯂꯥꯏꯅꯤꯡ ꯕ    ꯄꯨꯝꯅꯃꯛꯀꯤ    ꯆꯥꯎꯔꯥꯛꯅ    ꯇꯪ ꯈꯥꯏ ꯗꯤ    ꯃꯍꯥ ꯌ ꯅꯤ ꯁ ꯠꯁꯤꯡ    ꯑꯣꯏ ꯈꯤ ꯗ꯭ꯔꯤꯉꯩ    ꯐꯥꯎꯕ    ꯑꯗꯨꯗ,    ꯃꯍꯥ ꯌ ꯅꯥꯅ    ꯚꯥꯔꯠꯀꯤ    ꯕꯨ ꯗꯤ ꯁꯠ ꯁꯤꯡꯒꯤ    ꯃꯔꯛꯇ    ꯃꯤꯁꯤꯡ    ꯌꯥꯝ ꯗꯕ    ꯑꯃ    ꯑꯣꯏꯅ    ꯃꯇꯝ    ꯈꯔ    ꯂꯩꯈꯤ꯫ ",164,50
1427,"ꯗꯠꯆꯀꯤ ꯀꯦꯞꯇꯦꯟ ꯖꯣꯔꯤꯁ ꯕꯦꯟ ꯁ꯭ꯄꯤꯜꯕꯔꯒꯦꯟꯅ ꯊꯨꯡꯈꯤꯕ ꯃꯇꯝꯗ, ꯀꯦꯟꯗꯤꯒꯤ ꯅꯤꯡꯊꯧꯅ ꯃꯉꯣꯟꯗ ꯃꯇꯦꯡꯒꯤꯗꯃꯛ ꯍꯥꯏꯖꯈꯤ꯫","ꯗ ꯠ ꯆꯀꯤ    ꯀꯦꯞꯇꯦꯟ    ꯖꯣ ꯔꯤ ꯁ    ꯕ ꯦꯟ    ꯁ꯭ꯄꯤ ꯜ ꯕꯔ ꯒ ꯦꯟ ꯅ    ꯊꯨꯡ ꯈꯤꯕ    ꯃꯇꯝꯗ,    ꯀꯦꯟ ꯗꯤꯒꯤ    ꯅꯤꯡꯊꯧ ꯅ    ꯃꯉꯣꯟꯗ    ꯃꯇꯦ ꯡ ꯒꯤꯗꯃꯛ    ꯍꯥꯏꯖ ꯈꯤ꯫ ",75,28
1428,"ꯃꯍꯥꯛꯀꯤ ꯃꯁꯥꯒꯤ ꯑꯣꯏꯕ ꯃꯣꯠ ꯑꯗꯨ ꯑꯆꯨꯝꯕꯅꯤ ꯇꯥꯛꯅꯕ, ꯌꯣꯒ꯭ꯌꯀꯔꯇꯥ ꯄ꯭ꯔꯤꯟꯁꯤꯄꯜꯁ ꯍꯥꯏꯅ ꯀꯧꯅꯕ ꯑꯗꯨ ꯌꯥꯎꯅ, ꯌꯥꯅꯋꯥꯔꯣꯜꯒꯤ ꯂꯨꯞꯁꯤꯡ ꯑꯃꯁꯨꯡ ꯁꯟꯗꯣꯛꯈꯤꯕ ꯆꯌꯦꯠꯅꯅꯤꯡꯉꯥꯏ ꯑꯣꯏꯕ ꯑꯃꯁꯨꯡ ꯁꯛꯈꯪꯗꯕ ꯐꯤꯗꯝꯁꯤꯡꯅ ꯁꯦꯝꯈꯤꯕ ꯃꯌꯥꯝꯒꯤ ꯐꯣꯡꯗꯣꯛꯅꯔꯛꯄꯁꯤꯡ ꯑꯃꯁꯨꯡ ꯑꯀꯛꯅꯕ-ꯂꯩꯕꯥꯛꯀꯤ ꯑꯣꯏꯕ ꯄꯥꯎꯇꯥꯛꯁꯤꯡ ꯑꯗꯨ ꯄꯥꯎꯗꯝ ꯑꯗꯨꯅꯁꯨ ꯑꯈꯟꯅꯅ ꯄꯟꯈꯤ꯫","ꯃꯍꯥꯛꯀꯤ    ꯃꯁꯥꯒꯤ    ꯑꯣꯏꯕ    ꯃꯣ ꯠ    ꯑꯗꯨ    ꯑꯆ ꯨꯝ ꯕꯅꯤ    ꯇꯥꯛ ꯅꯕ,    ꯌꯣ ꯒ ꯭ꯌ ꯀꯔ ꯇꯥ    ꯄ꯭ꯔꯤ ꯟꯁꯤ ꯄ ꯜꯁ    ꯍꯥꯏꯅ    ꯀꯧ ꯅꯕ    ꯑꯗꯨ    ꯌꯥꯎ ꯅ,    ꯌꯥꯅ ꯋꯥꯔꯣ ꯜꯒꯤ    ꯂꯨ ꯞꯁꯤꯡ    ꯑꯃꯁꯨꯡ    ꯁꯟꯗꯣꯛ ꯈꯤꯕ    ꯆ ꯌꯦꯠ ꯅ ꯅꯤꯡꯉꯥꯏ    ꯑꯣꯏꯕ    ꯑꯃꯁꯨꯡ    ꯁꯛꯈꯪ ꯗꯕ    ꯐꯤ ꯗꯝ ꯁꯤꯡꯅ    ꯁꯦꯝꯈꯤꯕ    ꯃꯌꯥꯝ ꯒꯤ    ꯐꯣꯡꯗꯣꯛ ꯅ ꯔꯛꯄ ꯁꯤꯡ    ꯑꯃꯁꯨꯡ    ꯑꯀ ꯛ ꯅꯕ - ꯂꯩꯕꯥꯛꯀꯤ    ꯑꯣꯏꯕ    ꯄꯥꯎ ꯇꯥꯛ ꯁꯤꯡ    ꯑꯗꯨ    ꯄꯥꯎ ꯗꯝ    ꯑꯗꯨ ꯅꯁꯨ    ꯑꯈꯟ ꯅꯅ    ꯄꯟꯈꯤ꯫ ",212,70
1429,ꯀꯟꯐꯨꯁꯤꯌꯥꯟ ꯆꯠꯅꯔꯣꯜꯁꯤꯡ ꯑꯃꯗꯤ ꯃꯗꯨꯕꯨ ꯄꯨꯔꯤꯕ ꯂꯣꯏꯁꯪꯁꯤꯡꯒ ꯍꯦꯟꯅ ꯄꯥꯛ-ꯆꯥꯎꯕ ꯋꯥꯈꯜ ꯆꯥꯎꯊꯣꯛꯄ ꯒꯅꯇꯟꯇ꯭ꯔꯒꯤ ꯃꯑꯣꯡ ꯑꯃꯒ ꯌꯥꯟꯁꯤꯟꯅꯕ ꯃꯁꯤꯒꯤ ꯁꯤꯟꯊꯦꯁꯤꯁ ꯑꯁꯤ ꯁꯦꯡꯒꯤ ꯑꯣꯏꯅꯗꯤ ꯀꯥ-ꯍꯦꯟꯕ ꯃꯤꯑꯣꯏ ꯑꯃꯥꯒꯤ ꯑꯄꯥꯝꯕꯗ ꯆꯠꯄ ꯃꯑꯣꯡ ꯑꯃꯗꯤ ꯑꯆꯨꯝ-ꯑꯔꯥꯜꯒꯤ ꯃꯤꯠꯌꯦꯡ ꯋꯥꯠꯄꯗꯒꯤ ꯁꯣꯛꯂꯕ ꯋꯦꯁꯇꯔꯟ ꯃꯑꯣꯡꯒꯤ ꯂꯤꯕꯔꯦꯂꯤꯖꯝ ꯑꯃꯁꯨꯡ ꯁꯦꯡꯒꯤ ꯑꯣꯏꯅꯗꯤ ꯍꯣꯡꯕ ꯌꯥꯗꯕ ꯑꯅꯦꯝ-ꯑꯋꯥꯡꯒꯤ ꯊꯥꯛꯁꯤꯡ ꯑꯃꯗꯤ ꯑꯍꯣꯡꯕ ꯂꯩꯇꯕ ꯊꯥꯛ ꯋꯥꯡꯕ ꯀꯥꯡꯂꯨꯞꯁꯤꯡꯗꯒꯤ ꯑꯣꯏꯕ ꯄꯨꯋꯥꯔꯤꯒꯤ ꯑꯣꯏꯅ ꯁꯣꯛꯂꯕ ꯆꯠꯅꯕꯤ ꯑꯣꯏꯕ ꯀꯟꯐꯨꯁꯤꯌꯥꯅꯤꯖꯝ ꯑꯅꯤꯃꯛꯇꯒꯤ ꯇꯣꯉꯥꯜꯂꯤ꯫,ꯀꯟ ꯐꯨ ꯁꯤ ꯌꯥꯟ    ꯆꯠꯅ ꯔꯣ ꯜꯁꯤꯡ    ꯑꯃꯗꯤ    ꯃꯗꯨ ꯕꯨ    ꯄꯨ ꯔꯤꯕ    ꯂꯣꯏꯁꯪ ꯁꯤꯡꯒ    ꯍꯦꯟꯅ    ꯄꯥꯛ- ꯆꯥꯎꯕ    ꯋꯥꯈꯜ    ꯆꯥꯎ ꯊꯣꯛꯄ    ꯒ ꯅ ꯇꯟ ꯇ꯭ꯔ ꯒꯤ    ꯃꯑꯣꯡ    ꯑꯃꯒ    ꯌꯥꯟ ꯁꯤꯟꯅꯕ    ꯃꯁꯤꯒꯤ    ꯁꯤꯟ ꯊꯦ ꯁꯤꯁ    ꯑꯁꯤ    ꯁꯦꯡ ꯒꯤ    ꯑꯣꯏꯅ ꯗꯤ    ꯀꯥ - ꯍꯦꯟꯕ    ꯃꯤꯑꯣꯏ    ꯑꯃ ꯥꯒꯤ    ꯑ ꯄꯥꯝ ꯕꯗ    ꯆꯠꯄ    ꯃꯑꯣꯡ    ꯑꯃꯗꯤ    ꯑꯆ ꯨꯝ -ꯑ ꯔꯥ ꯜꯒꯤ    ꯃꯤꯠꯌꯦꯡ    ꯋꯥꯠ ꯄꯗꯒꯤ    ꯁꯣꯛ ꯂꯕ    ꯋꯦꯁꯇꯔꯟ    ꯃꯑꯣꯡꯒꯤ    ꯂꯤꯕ ꯔꯦ ꯂꯤ ꯖꯝ    ꯑꯃꯁꯨꯡ    ꯁꯦꯡ ꯒꯤ    ꯑꯣꯏꯅ ꯗꯤ    ꯍꯣꯡꯕ    ꯌꯥꯗꯕ    ꯑ ꯅꯦꯝ -ꯑ ꯋꯥꯡ ꯒꯤ    ꯊꯥꯛ ꯁꯤꯡ    ꯑꯃꯗꯤ    ꯑꯍꯣꯡꯕ    ꯂꯩꯇꯕ    ꯊꯥꯛ    ꯋꯥꯡꯕ    ꯀꯥꯡꯂꯨꯞ ꯁꯤꯡꯗꯒꯤ    ꯑꯣꯏꯕ    ꯄꯨꯋꯥꯔꯤꯒꯤ    ꯑꯣꯏꯅ    ꯁꯣꯛ ꯂꯕ    ꯆꯠꯅꯕꯤ    ꯑꯣꯏꯕ    ꯀꯟ ꯐꯨ ꯁꯤꯌꯥ ꯅꯤ ꯖꯝ    ꯑꯅꯤ ꯃꯛꯇꯒꯤ    ꯇꯣꯉ ꯥ ꯜꯂꯤ꯫ ,330,104
1430,"ꯁꯤꯈꯀꯤꯖꯝꯅ ꯆꯤꯟꯖꯥꯛꯇ ꯀꯥ ꯍꯦꯟꯖꯤꯟꯗꯕ ꯑꯃꯁꯨꯡ ꯆꯥꯡ ꯑꯃꯗ ꯂꯩꯕ ꯊꯧꯒꯠꯂꯤ, ꯃꯗꯨꯗꯤ ꯆꯔꯥꯁꯨ ꯍꯦꯟꯗꯕ ꯑꯃꯁꯨꯡ ꯍꯦꯟꯖꯤꯟꯅꯁꯨ ꯆꯥꯗꯕ꯫","ꯁꯤꯈ ꯀꯤ ꯖ ꯝꯅ    ꯆꯤꯟꯖ ꯥꯛꯇ    ꯀꯥ    ꯍꯦꯟ ꯖꯤꯟ ꯗꯕ    ꯑꯃꯁꯨꯡ    ꯆꯥꯡ    ꯑꯃꯗ    ꯂꯩꯕ    ꯊꯧꯒꯠ ꯂꯤ,    ꯃꯗꯨꯗꯤ    ꯆ ꯔꯥ ꯁꯨ    ꯍꯦꯟ ꯗꯕ    ꯑꯃꯁꯨꯡ    ꯍꯦꯟ ꯖꯤꯟ ꯅꯁꯨ    ꯆꯥ ꯗꯕ ꯫ ",80,29
1431,"ꯚꯖꯟ ꯈꯔꯗꯤ ꯆꯍꯤꯆꯥ ꯀꯌꯥ ꯁꯨꯔꯦ, ꯂꯝꯗꯝꯁꯤꯡꯗ ꯁꯟꯗꯣꯛꯄꯒꯤ ꯃꯇꯥꯡꯗ ꯃꯤꯌꯥꯝꯅ ꯄꯥꯝꯅꯩ, ꯑꯃꯁꯨꯡ ꯀꯥꯡꯂꯨꯞꯀꯤ ꯆꯠꯅꯕꯤ ꯑꯣꯏꯅ ꯊꯪꯊꯔꯛꯈꯤ, ꯑꯗꯨꯒ ꯑꯇꯣꯞꯄꯁꯤꯡꯅ ꯅꯧꯅ ꯁꯦꯝꯕꯅꯤ꯫","ꯚ ꯖꯟ    ꯈꯔꯗꯤ    ꯆꯍꯤꯆꯥ    ꯀꯌꯥ    ꯁꯨ ꯔꯦ ,    ꯂꯝꯗ ꯝꯁꯤꯡꯗ    ꯁꯟꯗꯣꯛ ꯄꯒꯤ    ꯃꯇꯥꯡꯗ    ꯃꯤꯌꯥꯝꯅ    ꯄꯥꯝ ꯅꯩ,    ꯑꯃꯁꯨꯡ    ꯀꯥꯡꯂꯨꯞꯀꯤ    ꯆꯠꯅꯕꯤ    ꯑꯣꯏꯅ    ꯊꯪ ꯊꯔꯛ ꯈꯤ,    ꯑꯗꯨꯒ    ꯑꯇꯣꯞꯄ ꯁꯤꯡꯅ    ꯅꯧꯅ    ꯁꯦꯝ ꯕꯅꯤ꯫ ",106,29
1432,"ꯑꯗꯨꯒ ꯀꯔꯤꯒꯨꯝꯕ ꯃꯈꯣꯏ ꯈꯔ ꯑꯁꯤ ꯃꯁꯥ ꯂꯥꯛꯁꯟꯖꯗ꯭ꯔꯕꯗꯤ, ꯃꯈꯣꯏꯅ ꯃꯈꯣꯏꯒꯤ ꯑꯉꯝꯕ ꯃꯇꯤꯡꯒꯤ ꯃꯇꯨꯡ ꯏꯟꯅ ꯃꯈꯣꯏꯒꯤ ꯂꯥꯛꯁꯟꯖꯗꯕ ꯑꯗꯨ ꯇꯣꯛ ꯏ; ꯑꯃꯁꯨꯡ ꯃꯃꯥꯡꯉꯩꯒ ꯑꯃꯁꯨꯡ ꯇꯨꯡꯒ ꯈꯦꯠꯅꯅ ꯃꯈꯣꯏꯒꯤ ꯃꯃꯥ ꯑꯃꯁꯨꯡ ꯃꯄꯥ ꯑꯃꯁꯨꯡ ꯑꯍꯟ ꯂꯃꯟꯁꯤꯡꯒꯤ ꯊꯧꯗꯣꯛ ꯈꯨꯗꯤꯡꯗ ꯍꯥꯏꯕ ꯏꯟꯗꯨꯅ, ꯃꯈꯣꯏ ꯍꯦꯟꯅ ꯅꯨꯉꯥꯏꯅ ꯑꯃꯁꯨꯡ ꯍꯦꯟꯅ ꯍꯔꯥꯎꯅ ꯍꯤꯡꯒꯅꯤ꯫","ꯑꯗꯨꯒ    ꯀꯔꯤꯒꯨꯝꯕ    ꯃꯈꯣꯏ    ꯈꯔ    ꯑꯁꯤ    ꯃꯁꯥ    ꯂꯥꯛ ꯁꯟ ꯖ ꯗ꯭ꯔꯕꯗꯤ,    ꯃꯈꯣꯏꯅ    ꯃꯈꯣꯏꯒꯤ    ꯑ ꯉꯝꯕ    ꯃꯇꯤ ꯡꯒꯤ    ꯃꯇꯨꯡ    ꯏꯟꯅ    ꯃꯈꯣꯏꯒꯤ    ꯂꯥꯛ ꯁꯟ ꯖ ꯗꯕ    ꯑꯗꯨ    ꯇꯣ ꯛ    ꯏ ;    ꯑꯃꯁꯨꯡ    ꯃꯃꯥꯡ ꯉꯩ ꯒ    ꯑꯃꯁꯨꯡ    ꯇꯨꯡ ꯒ    ꯈꯦꯠ ꯅꯅ    ꯃꯈꯣꯏꯒꯤ    ꯃꯃꯥ    ꯑꯃꯁꯨꯡ    ꯃꯄꯥ    ꯑꯃꯁꯨꯡ    ꯑꯍ ꯟ    ꯂ ꯃꯟ ꯁꯤꯡꯒꯤ    ꯊꯧꯗꯣꯛ    ꯈꯨꯗꯤꯡ ꯗ    ꯍꯥꯏꯕ    ꯏꯟ ꯗꯨꯅ,    ꯃꯈꯣꯏ    ꯍꯦꯟꯅ    ꯅꯨ ꯉꯥꯏ ꯅ    ꯑꯃꯁꯨꯡ    ꯍꯦꯟꯅ    ꯍꯔꯥꯎ ꯅ    ꯍꯤꯡ ꯒꯅꯤ꯫ ",201,64
1433,"ꯒꯨꯔꯨ ꯒ꯭ꯔꯟꯊ ꯁꯥꯍꯤꯕ ꯑꯁꯤ ꯖꯞꯖꯤ ꯁꯥꯍꯤꯕꯀ ꯂꯣꯏꯅꯅ ꯍꯧꯋꯤ, ꯑꯗꯨꯒ ꯗꯥꯁꯝ ꯒ꯭ꯔꯟꯊ ꯑꯁꯤꯅ ꯖꯥꯄꯨ ꯁꯥꯍꯤꯕꯁꯨ ꯀꯧꯕ, ꯖꯥꯞ ꯁꯥꯍꯤꯕꯀ ꯂꯣꯏꯅꯅ ꯍꯧꯋꯤ꯫","ꯒꯨꯔꯨ    ꯒ꯭ꯔ ꯟ ꯊ    ꯁꯥꯍꯤ ꯕ    ꯑꯁꯤ    ꯖ ꯞ ꯖꯤ    ꯁꯥꯍꯤ ꯕ ꯀ    ꯂꯣꯏꯅꯅ    ꯍꯧ ꯋꯤ,    ꯑꯗꯨꯒ    ꯗꯥ ꯁꯝ    ꯒ꯭ꯔ ꯟ ꯊ    ꯑꯁꯤꯅ    ꯖꯥ ꯄꯨ    ꯁꯥꯍꯤ ꯕꯁꯨ    ꯀꯧ ꯕ,    ꯖꯥ ꯞ    ꯁꯥꯍꯤ ꯕ ꯀ    ꯂꯣꯏꯅꯅ    ꯍꯧ ꯋꯤ꯫ ",88,37
1434,"ꯀꯥꯡꯂꯨꯄ ꯑꯗꯨꯒꯤ ꯃꯄꯨꯡ ꯑꯣꯏꯕ ꯃꯤꯍꯨꯠ, ꯀꯣꯟ꯭ꯁꯇꯥꯅꯥ ꯃꯨꯐꯇꯤ ꯑꯗꯨ, ꯏꯃꯥꯝꯁꯤꯡꯒꯤ ꯃꯔꯛꯇ ꯑꯔꯣꯟꯕ ꯕꯦꯂꯣꯠ ꯑꯃꯒꯤ ꯈꯨꯠꯊꯥꯡꯗ ꯈꯟꯕꯅꯤ꯫","ꯀꯥꯡꯂꯨ ꯄ    ꯑꯗꯨꯒꯤ    ꯃꯄꯨꯡ    ꯑꯣꯏꯕ    ꯃꯤꯍꯨ ꯠ,    ꯀꯣꯟ ꯭ ꯁꯇꯥ ꯅꯥ    ꯃꯨ ꯐ ꯇꯤ    ꯑꯗꯨ ,    ꯏ ꯃꯥ ꯝꯁꯤꯡꯒꯤ    ꯃꯔꯛꯇ    ꯑꯔꯣ ꯟꯕ    ꯕꯦ ꯂꯣ ꯠ    ꯑꯃꯒꯤ    ꯈꯨꯠꯊꯥꯡꯗ    ꯈꯟ ꯕꯅꯤ꯫ ",83,29
1435,"ꯍꯤꯡꯁꯥ ꯇꯧꯗꯕ ꯁꯥꯖꯠ ꯑꯁꯤꯅ ꯂꯥꯏꯅꯤꯡꯕꯒꯤ ꯈ꯭ꯋꯥꯏꯗꯒꯤ ꯑꯋꯥꯡꯕ ꯃꯊꯧꯅꯤ ꯍꯥꯏꯕ ꯂꯥꯏꯅꯤꯡꯒꯤ ꯌꯨꯝꯐꯝ ꯑꯣꯏꯕ ꯋꯥꯈꯜꯂꯣꯟ ꯑꯁꯤ ꯖꯦꯟ ꯑꯈꯪ ꯑꯍꯩ ꯈꯔꯅ ""ꯑꯇꯣꯞꯄ ꯖꯤꯕꯗ ꯊꯧꯖꯥꯜ ꯄꯤꯕꯥ ꯅꯠꯇ꯭ꯔꯒ ꯃꯤꯅꯨꯡꯁꯤ ꯄꯤꯕꯒꯤ ꯃꯍꯩꯅ ꯏꯟꯕ ꯅꯠꯇꯕ ꯑꯃꯁꯨꯡ ꯖꯤꯕꯥ ꯄꯨꯝꯕ ꯀꯟꯅꯅꯕꯒꯤ ꯃꯊꯧ ꯑꯣꯏꯅ ꯅꯠꯇꯕ"", ꯑꯗꯨꯕꯨ ꯃꯁꯤꯅ ꯃꯃꯩꯗ ꯃꯤ ꯑꯃꯕꯨ ꯑꯃꯥꯡ ꯑꯇꯥꯗꯒꯤ ꯀꯟꯅꯅꯕ ꯑꯃꯁꯨꯡ ꯑꯃꯨꯛ ꯍꯟꯅ ꯄꯣꯛꯄꯗꯒꯤ ꯊꯥꯗꯣꯛꯔꯛꯅꯕ, ꯃꯤ ꯑꯃꯒꯤ ꯄꯨꯛꯅꯤꯡ ꯏꯍꯨꯜ ꯆꯥꯎꯈꯠꯅꯕ ꯊꯋꯥꯏ ꯁꯦꯡꯗꯣꯛꯇꯨꯅ ""ꯂꯦꯞꯇꯅ ꯃꯊꯟꯗ-ꯉꯥꯛꯆꯕ ꯂꯝꯆꯠ ꯁꯥꯖꯠ""ꯇꯒꯤ ꯂꯥꯛꯄ ꯐꯣꯜ ꯇꯥꯔꯛꯅꯕꯅꯤ ꯍꯥꯏꯅ ꯍꯟꯗꯣꯛꯈꯤ ꯫","ꯍꯤꯡ ꯁꯥ    ꯇꯧ ꯗꯕ    ꯁꯥ ꯖ ꯠ    ꯑꯁꯤꯅ    ꯂꯥꯏꯅꯤꯡ ꯕꯒꯤ    ꯈ꯭ꯋꯥꯏꯗꯒꯤ    ꯑꯋꯥꯡꯕ    ꯃ ꯊꯧ ꯅꯤ    ꯍꯥꯏꯕ    ꯂꯥꯏꯅꯤꯡꯒꯤ    ꯌꯨꯝꯐꯝ    ꯑꯣꯏꯕ    ꯋꯥꯈꯜꯂꯣꯟ    ꯑꯁꯤ    ꯖꯦꯟ    ꯑꯈ ꯪ    ꯑꯍ ꯩ    ꯈꯔꯅ    "" ꯑꯇꯣꯞꯄ    ꯖꯤ ꯕꯗ    ꯊꯧ ꯖꯥ ꯜ    ꯄꯤ ꯕꯥ    ꯅꯠꯇ꯭ꯔꯒ    ꯃꯤ ꯅꯨꯡꯁꯤ    ꯄꯤꯕꯒꯤ    ꯃꯍꯩ ꯅ    ꯏꯟ ꯕ    ꯅꯠꯇꯕ    ꯑꯃꯁꯨꯡ    ꯖꯤ ꯕꯥ    ꯄꯨ ꯝꯕ    ꯀꯟ ꯅ ꯅꯕꯒꯤ    ꯃꯊꯧ    ꯑꯣꯏꯅ    ꯅꯠꯇ ꯕ "" ,    ꯑꯗꯨꯕꯨ    ꯃꯁꯤꯅ    ꯃꯃ ꯩ ꯗ    ꯃꯤ    ꯑꯃꯕꯨ    ꯑꯃ ꯥꯡ    ꯑ ꯇꯥ ꯗꯒꯤ    ꯀꯟ ꯅꯅꯕ    ꯑꯃꯁꯨꯡ    ꯑꯃꯨꯛ    ꯍꯟꯅ    ꯄꯣꯛ ꯄꯗꯒꯤ    ꯊꯥꯗꯣꯛ ꯔꯛ ꯅꯕ,    ꯃꯤ    ꯑꯃꯒꯤ    ꯄꯨꯛꯅꯤꯡ    ꯏ ꯍꯨ ꯜ    ꯆꯥꯎꯈꯠ ꯅꯕ    ꯊꯋꯥꯏ    ꯁꯦꯡ ꯗꯣꯛ ꯇꯨꯅ    "" ꯂꯦꯞꯇꯅ    ꯃꯊ ꯟꯗ - ꯉꯥꯛ ꯆꯕ    ꯂꯝ ꯆꯠ    ꯁꯥ ꯖ ꯠ "" ꯇꯒꯤ    ꯂꯥꯛꯄ    ꯐꯣ ꯜ    ꯇꯥꯔꯛ ꯅꯕ ꯅꯤ    ꯍꯥꯏꯅ    ꯍꯟꯗꯣꯛ ꯈꯤ    ꯫ ",322,117
1436,ꯃꯨꯒꯜ ꯅꯤꯡꯊꯧ ꯂꯩꯕꯥꯛ ꯃꯇꯝꯗ ꯁꯤꯈꯀꯤ ꯀꯥꯡꯂꯨꯞ ꯃꯆꯦꯠ ꯃꯆꯦꯠ ꯀꯌꯥ ꯑꯃꯗ ꯁꯦꯝꯈꯤ꯫,ꯃꯨꯒꯜ    ꯅꯤꯡꯊꯧ    ꯂꯩꯕꯥꯛ    ꯃꯇꯝꯗ    ꯁꯤꯈ ꯀꯤ    ꯀꯥꯡꯂꯨꯞ    ꯃꯆꯦ ꯠ    ꯃꯆꯦ ꯠ    ꯀꯌꯥ    ꯑꯃꯗ    ꯁꯦꯝꯈꯤ꯫ ,49,14
1437,ꯑꯂꯥꯏ ꯖꯨꯒ ꯑꯗꯨꯗ ꯑꯉꯟꯕ ꯃꯥꯝꯂꯨꯛ ꯂꯩꯉꯥꯛꯀꯤ ꯑꯔꯤꯕꯤ ꯐꯝꯅꯥꯏꯕ ꯇꯥꯟꯊꯣꯛꯈꯤꯕ ꯎꯈꯤ꯫,ꯑ ꯂꯥꯏ    ꯖꯨ ꯒ    ꯑꯗꯨꯗ    ꯑꯉꯟꯕ    ꯃꯥ ꯝ ꯂꯨ ꯛ    ꯂꯩꯉꯥꯛꯀꯤ    ꯑ ꯔꯤ ꯕꯤ    ꯐꯝ ꯅꯥꯏꯕ    ꯇꯥꯟ ꯊꯣꯛꯈꯤꯕ    ꯎ ꯈꯤ꯫ ,52,20
1438,ꯑꯝꯔꯤꯠꯁꯔꯒꯤ ꯒꯣꯜꯗꯟ ꯇꯦꯝꯄꯜ ꯑꯃꯁꯨꯡ ꯍꯥꯖꯨꯔ ꯁꯥꯍꯤꯕ ꯈꯨꯗꯝ ꯈꯔꯅꯤ꯫,ꯑꯝ ꯔꯤ ꯠ ꯁꯔ ꯒꯤ    ꯒꯣꯜ ꯗ ꯟ    ꯇꯦꯝ ꯄꯜ    ꯑꯃꯁꯨꯡ    ꯍꯥ ꯖꯨ ꯔ    ꯁꯥꯍꯤ ꯕ    ꯈꯨꯗꯝ    ꯈꯔ ꯅꯤ꯫ ,43,19
1439,"ꯐꯦꯅꯦꯛꯅ ꯍꯥꯏ, ""ꯏꯟꯗꯤꯛꯀꯤ ꯊꯥꯏꯅꯗꯒꯤ ꯂꯤꯅꯔꯛꯄ ꯋꯥꯔꯤꯁꯤꯡꯅ ꯁꯤꯈꯀꯤ ꯁꯦꯡꯂꯕ ꯂꯥꯏꯅꯤꯡꯒꯤ ꯋꯥꯔꯣꯜ, ꯒꯨꯔꯨ ꯒ꯭ꯔꯟꯊ ꯁꯥꯍꯤꯕ ꯑꯃꯁꯨꯡ ꯃꯄꯨꯡ ꯑꯣꯏꯕꯒꯤ ꯉꯝꯊꯪ ꯑꯣꯏꯕ ꯂꯥꯏꯅꯤꯡꯒꯤ ꯋꯥꯔꯣꯜ, ꯗꯁꯝ ꯒ꯭ꯔꯟꯊꯕꯨ ꯁꯤꯟꯊꯨꯡꯅ ꯁꯟꯗꯣꯛꯏ ꯑꯃꯁꯨꯡ ꯍꯧꯖꯤꯛꯀꯤ ꯁꯤꯈꯁꯤꯡꯒꯤ ꯑꯃꯁꯨꯡ ꯃꯈꯣꯏꯒꯤ ꯍꯧꯈ꯭ꯔꯕ ꯃꯄꯥ-ꯃꯄꯨꯁꯤꯡꯒꯤ ꯁꯦꯡꯂꯕ ꯈꯨꯗꯝꯒꯤ ꯇꯥꯏꯕꯪꯄꯥꯜ ꯑꯗꯨꯗ ꯑꯊꯣꯠꯄ ꯋꯥꯍꯟꯊꯣꯛ ꯑꯃꯁꯨꯡ ꯏꯍꯨꯜꯁꯤꯡꯗ ꯈꯖꯤꯛꯇꯪ ꯈꯦꯟꯅꯕ ꯑꯃꯁꯨꯡ ꯋꯥꯃꯆꯪ ꯍꯥꯞꯆꯜꯂꯤ""꯫","ꯐꯦ ꯅꯦ ꯛꯅ    ꯍꯥꯏ ,    "" ꯏꯟꯗꯤ ꯛꯀꯤ    ꯊꯥꯏ ꯅꯗꯒꯤ    ꯂꯤ ꯅ ꯔꯛꯄ    ꯋꯥꯔꯤ ꯁꯤꯡꯅ    ꯁꯤꯈ ꯀꯤ    ꯁꯦꯡꯂꯕ    ꯂꯥꯏꯅꯤꯡꯒꯤ    ꯋꯥꯔꯣ ꯜ,    ꯒꯨꯔꯨ    ꯒ꯭ꯔ ꯟ ꯊ    ꯁꯥꯍꯤ ꯕ    ꯑꯃꯁꯨꯡ    ꯃꯄꯨꯡ    ꯑꯣꯏꯕꯒꯤ    ꯉꯝ ꯊꯪ    ꯑꯣꯏꯕ    ꯂꯥꯏꯅꯤꯡꯒꯤ    ꯋꯥꯔꯣ ꯜ,    ꯗ ꯁꯝ    ꯒ꯭ꯔ ꯟ ꯊ ꯕꯨ    ꯁꯤꯟ ꯊꯨꯡꯅ    ꯁꯟꯗꯣꯛ ꯏ    ꯑꯃꯁꯨꯡ    ꯍꯧꯖꯤꯛꯀꯤ    ꯁꯤꯈ ꯁꯤꯡꯒꯤ    ꯑꯃꯁꯨꯡ    ꯃꯈꯣꯏꯒꯤ    ꯍꯧ ꯈ꯭ꯔꯕ    ꯃꯄꯥ - ꯃꯄꯨ ꯁꯤꯡꯒꯤ    ꯁꯦꯡꯂꯕ    ꯈꯨꯗ ꯝꯒꯤ    ꯇꯥꯏ ꯕꯪ ꯄꯥꯜ    ꯑꯗꯨꯗ    ꯑ ꯊꯣ ꯠꯄ    ꯋꯥꯍꯟꯊꯣꯛ    ꯑꯃꯁꯨꯡ    ꯏ ꯍꯨ ꯜꯁꯤꯡꯗ    ꯈ ꯖꯤ ꯛꯇ ꯪ    ꯈꯦꯟ ꯅꯕ    ꯑꯃꯁꯨꯡ    ꯋꯥ ꯃꯆ ꯪ    ꯍꯥꯞ ꯆ ꯜꯂꯤ "" ꯫ ",264,88
1440,"ꯋꯥꯈꯜ ꯇꯤꯟꯅꯕꯁꯤꯡꯒꯤ ꯀꯥꯡꯂꯨꯞ ꯑꯗꯨ ꯀꯔꯝꯅ ꯂꯥꯛꯈꯤ ꯑꯃꯁꯨꯡ ꯃꯁꯤꯅ ꯕꯨꯗꯙꯒꯤ ꯇꯥꯛꯄꯤꯔꯝꯕ ꯑꯗꯨ ꯈꯪꯍꯟꯕꯗ ꯑꯈꯟꯅꯕ ꯃꯇꯤꯛ ꯑꯃ ꯀꯔꯤꯒꯤꯗꯃꯛ ꯂꯧꯔꯤꯕꯅꯣ ꯍꯥꯏꯕ ꯑꯗꯨ ꯁꯟꯗꯣꯛꯅ ꯇꯥꯛꯂꯗꯨꯅ, ꯃꯁꯤꯒꯤ ꯋꯥꯔꯤ ꯁꯤꯡꯕꯨꯟꯁꯤꯡ ꯑꯁꯤꯅ ꯃꯥꯂꯦꯝ ꯂꯩꯁꯦꯝꯂꯣꯟꯒꯤ ꯑꯔꯤꯕ ꯋꯥꯔꯤꯁꯤꯡꯒꯨꯝꯅ ꯃꯊꯧ ꯇꯧꯋꯤ꯫","ꯋꯥꯈꯜ    ꯇꯤꯟ ꯅꯕ ꯁꯤꯡꯒꯤ    ꯀꯥꯡꯂꯨꯞ    ꯑꯗꯨ    ꯀꯔꯝꯅ    ꯂꯥꯛꯈꯤ    ꯑꯃꯁꯨꯡ    ꯃꯁꯤꯅ    ꯕꯨꯗ ꯙꯒꯤ    ꯇꯥꯛ ꯄꯤ ꯔꯝꯕ    ꯑꯗꯨ    ꯈꯪ ꯍꯟꯕꯗ    ꯑꯈꯟꯅꯕ    ꯃꯇꯤꯛ    ꯑꯃ    ꯀꯔꯤ ꯒꯤꯗꯃꯛ    ꯂꯧ ꯔꯤꯕ ꯅꯣ    ꯍꯥꯏꯕ    ꯑꯗꯨ    ꯁꯟꯗꯣꯛꯅ    ꯇꯥꯛ ꯂ ꯗꯨꯅ,    ꯃꯁꯤꯒꯤ    ꯋꯥꯔꯤ    ꯁꯤꯡ ꯕꯨ ꯟꯁꯤꯡ    ꯑꯁꯤꯅ    ꯃꯥꯂꯦꯝ    ꯂꯩ ꯁꯦꯝ ꯂꯣꯟꯒꯤ    ꯑꯔꯤꯕ    ꯋꯥꯔꯤ ꯁꯤꯡ ꯒꯨꯝꯅ    ꯃꯊꯧ    ꯇꯧꯋꯤ꯫ ",171,48
1441,"ꯂꯥꯏꯔꯤꯛꯀꯤ ꯑꯣꯏꯕ ꯈꯥꯏꯗꯣꯛꯄꯁꯤꯡ ꯑꯁꯤꯒ ꯈꯦꯠꯅꯅ, ꯍꯤꯟꯗꯨꯒꯤ ꯂꯨꯅ ꯂꯧꯕ ꯂꯥꯏꯔꯤꯛꯁꯤꯡ ꯑꯃꯁꯨꯡ ꯇꯥꯛꯄꯤ ꯇꯝꯕꯤꯕ ꯄꯥꯎꯇꯥꯛꯁꯤꯡꯅ ꯃꯁꯤꯒꯤ ꯈꯨꯅꯥꯏꯒꯤ ꯑꯣꯏꯕ ꯈꯥꯏꯗꯣꯛꯄ ꯑꯁꯤꯕꯨ ꯋꯥꯍꯪ ꯇꯧꯋꯤ ꯑꯃꯁꯨꯡ ꯌꯥꯅꯤꯡꯗꯦ꯫","ꯂꯥꯏꯔꯤ ꯛꯀꯤ    ꯑꯣꯏꯕ    ꯈꯥꯏꯗꯣꯛ ꯄꯁꯤꯡ    ꯑꯁꯤꯒ    ꯈꯦꯠ ꯅ ꯅ,    ꯍꯤꯟꯗꯨꯒꯤ    ꯂꯨꯅ    ꯂꯧꯕ    ꯂꯥꯏꯔꯤ ꯛꯁꯤꯡ    ꯑꯃꯁꯨꯡ    ꯇꯥꯛ ꯄꯤ    ꯇꯝꯕꯤ ꯕ    ꯄꯥꯎ ꯇꯥꯛ ꯁꯤꯡꯅ    ꯃꯁꯤꯒꯤ    ꯈꯨ ꯅꯥꯏꯒꯤ    ꯑꯣꯏꯕ    ꯈꯥꯏꯗꯣꯛꯄ    ꯑꯁꯤꯕꯨ    ꯋꯥꯍꯪ    ꯇꯧꯋꯤ    ꯑꯃꯁꯨꯡ    ꯌꯥꯅꯤꯡ ꯗꯦ꯫ ",128,33
1442,ꯏꯪ ꯱꯹꯲꯵ꯗ ꯂꯤꯡꯈꯠꯈꯤꯕ ꯐꯤꯅꯤꯁ ꯏ꯭ꯁꯂꯥꯝꯃꯤꯛ ꯑꯦꯁꯣꯁꯤꯌꯦꯁꯟ ꯑꯁꯤꯅ ꯈ꯭ꯋꯥꯏꯗꯒꯤ ꯑꯔꯤꯕꯅꯤ꯫,ꯏꯪ    ꯱꯹꯲ ꯵ꯗ    ꯂꯤꯡꯈꯠꯈꯤꯕ    ꯐꯤ ꯅꯤꯁ    ꯏ ꯭ꯁ ꯂꯥ ꯝ ꯃꯤꯛ    ꯑꯦꯁꯣ ꯁꯤꯌ ꯦꯁꯟ    ꯑꯁꯤꯅ    ꯈ꯭ꯋꯥꯏꯗꯒꯤ    ꯑ ꯔꯤ ꯕꯅꯤ꯫ ,58,19
1443,"ꯃꯧꯔꯤꯗꯁꯤꯡꯒꯤ ꯃꯍꯥꯛꯀꯤ ꯃꯄꯥꯒꯤ ꯐꯝ ꯍꯟꯖꯤꯟꯈꯤꯕ ꯂꯥꯏꯅꯤꯡꯕꯤ ꯅꯨꯄꯤ ꯑꯃ, ꯁꯣꯈꯅ ꯃꯥꯒꯠ ꯗꯤꯌꯣꯞ, ꯂꯩꯔꯝꯃꯤ꯫","ꯃ ꯧ ꯔꯤ ꯗ ꯁꯤꯡꯒꯤ    ꯃꯍꯥꯛꯀꯤ    ꯃꯄꯥ ꯒꯤ    ꯐꯝ    ꯍꯟꯖꯤꯟ ꯈꯤꯕ    ꯂꯥꯏꯅꯤꯡ ꯕꯤ    ꯅꯨꯄꯤ    ꯑꯃ,    ꯁꯣ ꯈ ꯅ    ꯃꯥ ꯒꯠ    ꯗꯤ ꯌꯣ ꯞ,    ꯂꯩꯔꯝꯃꯤ꯫ ",67,24
1444,"ꯇꯣꯞ-ꯇꯣꯞ ꯑꯣꯏꯅ, ꯑꯅꯧꯕ ꯏꯁꯄꯦꯟꯒꯤ ꯑꯉꯟꯕ ꯃꯇꯝꯗ, ꯂꯥꯏꯅꯤꯡꯕꯤ ꯀꯌꯥ ꯆꯍꯤꯒꯤ ꯑꯣꯏꯕ ꯑꯆꯪꯃꯜꯁꯤꯡ, ꯂꯥꯏꯅꯤꯡꯕꯤ ꯀꯥꯡꯂꯨꯞꯀꯤ ꯑꯣꯏꯕ ꯑꯎꯟꯄꯣꯠ ꯑꯃꯁꯨꯡ “ꯁꯦꯟꯅꯕꯒꯤ ꯁꯦꯜꯍꯨꯟꯁꯤꯡ” ꯄꯤꯅꯕ ꯄꯥꯝꯕꯩꯁꯤꯡ ꯂꯩꯈꯤꯕ ꯊꯥꯛ-ꯋꯥꯡꯕ ꯏꯃꯨꯡꯁꯤꯡꯗꯒꯤ ꯑꯣꯏꯈꯤ꯫","ꯇꯣꯞ- ꯇꯣꯞ    ꯑꯣꯏꯅ,    ꯑꯅꯧꯕ    ꯏꯁ ꯄꯦꯟ ꯒꯤ    ꯑꯉꯟꯕ    ꯃꯇꯝꯗ,    ꯂꯥꯏꯅꯤꯡ ꯕꯤ    ꯀꯌꯥ    ꯆꯍꯤꯒꯤ    ꯑꯣꯏꯕ    ꯑꯆ ꯪ ꯃꯜ ꯁꯤꯡ,    ꯂꯥꯏꯅꯤꯡ ꯕꯤ    ꯀꯥꯡꯂꯨꯞꯀꯤ    ꯑꯣꯏꯕ    ꯑ ꯎꯟ ꯄꯣꯠ    ꯑꯃꯁꯨꯡ    “ ꯁꯦꯟ ꯅꯕꯒꯤ    ꯁꯦꯜ ꯍꯨꯟ ꯁꯤꯡ ”    ꯄꯤꯅꯕ    ꯄꯥꯝꯕꯩ ꯁꯤꯡ    ꯂꯩ ꯈꯤꯕ    ꯊꯥꯛ - ꯋꯥꯡꯕ    ꯏꯃꯨꯡ ꯁꯤꯡꯗꯒꯤ    ꯑꯣꯏꯈꯤ꯫ ",151,44
1445,"ꯏꯅ꯭ꯌꯨꯑꯠꯀꯤ ꯅꯥꯠꯀꯤ ꯋꯥꯔꯤꯁꯤꯡ, ꯏꯔꯥꯠ-ꯊꯧꯅꯤꯁꯤꯡ, ꯑꯃꯁꯨꯡ ꯇꯧꯍꯩꯗꯕꯁꯤꯡ ꯑꯗꯨ ꯑꯌꯥꯝꯕ ꯃꯇꯝꯗ ꯁꯥꯊꯤꯕ ꯑꯥꯔꯛꯇꯤꯛꯀꯤ ꯇꯝꯊꯤꯕ ꯑꯀꯣꯏꯕꯒꯤ ꯐꯤꯕꯝꯅ ꯄꯤꯕ ꯈꯨꯗꯣꯡꯊꯤꯕꯁꯤꯡꯒꯤ ꯃꯥꯌꯣꯛꯇ ꯆꯦꯛꯁꯤꯟ-ꯊꯧꯔꯥꯡꯁꯤꯡ ꯑꯣꯏ꯫","ꯏ ꯅ꯭ꯌꯨ ꯑ ꯠꯀꯤ    ꯅꯥꯠꯀꯤ    ꯋꯥꯔꯤ ꯁꯤꯡ,    ꯏ ꯔꯥ ꯠ- ꯊꯧ ꯅꯤ ꯁꯤꯡ,    ꯑꯃꯁꯨꯡ    ꯇꯧ ꯍꯩ ꯗꯕꯁꯤꯡ    ꯑꯗꯨ    ꯑꯌꯥꯝꯕ    ꯃꯇꯝꯗ    ꯁꯥꯊꯤꯕ    ꯑꯥꯔ ꯛ ꯇꯤꯛꯀꯤ    ꯇꯝ ꯊꯤꯕ    ꯑꯀꯣꯏꯕꯒꯤ    ꯐꯤꯕ ꯝꯅ    ꯄꯤꯕ    ꯈꯨꯗꯣꯡꯊꯤ ꯕꯁꯤꯡꯒꯤ    ꯃꯥꯌꯣꯛꯇ    ꯆꯦꯛꯁꯤꯟ - ꯊꯧꯔꯥꯡ ꯁꯤꯡ    ꯑꯣꯏ꯫ ",133,38
1446,"ꯂꯩꯏꯅꯤꯡ ꯂꯩꯁꯣꯟ ꯇꯧꯕ ꯑꯃꯁꯨꯡ ꯂꯥꯏ ꯈꯣꯏꯔꯨꯝꯕꯒꯤ ꯃꯐꯝꯁꯤꯡꯒꯤ ꯃꯇꯥꯡꯗꯗꯤ, ꯋꯥꯂꯤꯁꯣꯉꯣꯅꯁꯨ ꯀꯥꯄꯤꯇꯥꯌꯥꯟꯗ ꯌꯥꯎꯕ ꯍꯤꯟꯗꯨ ꯂꯥꯏꯅꯤꯡ ꯅꯠꯇ꯭ꯔꯒ ꯕꯨꯙꯥ ꯂꯥꯏꯅꯤꯡꯒꯤ ꯑꯣꯏꯕ ꯑꯥꯔꯀꯥ ꯅꯠꯇ꯭ꯔꯒ ꯃꯤꯇꯝꯁꯤꯡ ꯅꯠꯇꯕ ꯀꯥꯄꯤꯇꯥꯌꯥꯟꯒꯤ ꯁꯥꯡ ꯍꯤꯌꯥꯡ ꯇꯥꯌꯥꯒꯤ ꯈꯨꯗꯝ ꯑꯣꯏꯅ ꯐꯛꯂꯥꯡꯗ ꯑꯍꯥꯡꯕ ꯃꯈꯨꯟ ꯑꯃ ꯌꯥꯎꯕ ꯃꯥꯏꯀꯩ ꯃꯔꯤ ꯁꯥꯡꯕ ꯃꯥꯟꯅꯕ ꯐꯛꯂꯥꯡ ꯃꯔꯤꯒꯤ ꯌꯨꯝ ꯁꯛꯇꯥꯛꯂꯤꯕ ꯁꯥꯡꯒꯔ ꯋꯥꯍꯩ ꯑꯗꯨ ꯁꯤꯖꯤꯟꯅꯩ ꯫","ꯂꯩ ꯏ ꯅꯤꯡ    ꯂꯩ ꯁꯣ ꯟ    ꯇꯧꯕ    ꯑꯃꯁꯨꯡ    ꯂꯥꯏ    ꯈꯣꯏ ꯔ ꯨꯝ ꯕꯒꯤ    ꯃꯐꯝꯁꯤꯡꯒꯤ    ꯃꯇꯥꯡ ꯗꯗꯤ,    ꯋꯥꯂꯤ ꯁꯣ ꯉ ꯣ ꯅꯁꯨ    ꯀꯥ ꯄꯤ ꯇꯥ ꯌꯥ ꯟꯗ    ꯌꯥꯎꯕ    ꯍꯤꯟꯗꯨ    ꯂꯥꯏꯅꯤꯡ    ꯅꯠꯇ꯭ꯔꯒ    ꯕꯨ ꯙ ꯥ    ꯂꯥꯏꯅꯤꯡꯒꯤ    ꯑꯣꯏꯕ    ꯑꯥꯔ ꯀꯥ    ꯅꯠꯇ꯭ꯔꯒ    ꯃꯤ ꯇꯝ ꯁꯤꯡ    ꯅꯠꯇꯕ    ꯀꯥ ꯄꯤ ꯇꯥ ꯌꯥ ꯟꯒꯤ    ꯁꯥꯡ    ꯍꯤ ꯌꯥ ꯡ    ꯇꯥ ꯌꯥꯒꯤ    ꯈꯨꯗꯝ    ꯑꯣꯏꯅ    ꯐꯛ ꯂ ꯥꯡꯗ    ꯑꯍꯥꯡꯕ    ꯃꯈꯨ ꯟ    ꯑꯃ    ꯌꯥꯎꯕ    ꯃꯥꯏꯀꯩ    ꯃꯔꯤ    ꯁꯥꯡꯕ    ꯃꯥꯟꯅꯕ    ꯐꯛ ꯂꯥꯡ    ꯃꯔꯤꯒꯤ    ꯌꯨꯝ    ꯁꯛꯇ ꯥꯛ ꯂꯤꯕ    ꯁꯥꯡ ꯒꯔ    ꯋꯥꯍꯩ    ꯑꯗꯨ    ꯁꯤꯖꯤꯟꯅꯩ    ꯫ ",239,80
1447,ꯑꯦꯛꯖꯣꯗꯁ ꯲꯰:꯱꯴ ꯑꯃꯁꯨꯡ ꯀꯣꯔꯤꯟꯊ꯭ꯌꯥꯟꯁ ꯶:꯹꯱꯰ꯒꯨꯝꯕ ꯋꯥꯍꯩꯄꯔꯦꯡꯁꯤꯡꯗ ꯃꯄꯨꯡꯑꯣꯏꯅ ꯌꯨꯝꯐꯝ ꯑꯣꯏꯔꯒ ꯅꯠꯇꯕ ꯂꯤꯆꯠ ꯆꯠꯄ ꯑꯁꯤ ꯈ꯭ꯔꯤꯁꯇ꯭ꯌꯥꯟꯁꯤꯡꯅ ꯐꯠꯇꯕ ꯂꯝꯆꯠ ꯑꯃꯗꯤ ꯄꯥꯞꯅꯤ ꯍꯥꯏꯅ ꯂꯧꯋꯤ꯫,ꯑꯦꯛ ꯖꯣ ꯗ ꯁ    ꯲꯰ : ꯱꯴    ꯑꯃꯁꯨꯡ    ꯀꯣꯔꯤ ꯟ ꯊ ꯭ꯌꯥ ꯟꯁ    ꯶ : ꯹ ꯱꯰ ꯒꯨꯝꯕ    ꯋꯥꯍꯩ ꯄꯔꯦ ꯡ ꯁꯤꯡꯗ    ꯃꯄꯨꯡ ꯑꯣꯏꯅ    ꯌꯨꯝꯐꯝ    ꯑꯣꯏꯔꯒ    ꯅꯠꯇꯕ    ꯂꯤ ꯆꯠ    ꯆꯠꯄ    ꯑꯁꯤ    ꯈ꯭ꯔꯤꯁꯇ ꯭ꯌꯥ ꯟ ꯁꯤꯡꯅ    ꯐꯠꯇꯕ    ꯂꯝ ꯆꯠ    ꯑꯃꯗꯤ    ꯄꯥ ꯞ ꯅꯤ    ꯍꯥꯏꯅ    ꯂꯧ ꯋꯤ꯫ ,121,45
1448,"ꯃꯍꯥꯛꯅ ꯃꯍꯥꯛꯀꯤ ꯃꯃꯥ ꯑꯗꯨ ꯂꯥꯏ ꯅꯤꯡꯗꯕ ꯃꯃꯥ ꯃꯄꯥꯅ ꯌꯣꯛꯂꯛꯄ, ꯃꯍꯥꯛꯅ ꯃꯍꯥꯛ ꯃꯃꯥ ꯑꯗꯨ ""ꯂꯥꯅꯤꯡꯗꯒꯤ ꯁꯝꯅꯗꯕ"" ꯑꯗꯨꯕꯨ ꯃꯍꯥꯛꯅ ꯈꯪꯉꯕ ꯃꯤ ꯃꯌꯥꯝꯗꯒꯤ ꯃꯥꯑꯣꯡ ꯀꯌꯥꯗꯗꯤ ꯈ꯭ꯋꯥꯏꯗꯒꯤ ""ꯊꯋꯥꯏ ꯃꯤꯔꯦꯜꯒꯤ ꯃꯃꯤꯠ ꯁꯦꯡꯕꯤ"" ꯑꯃꯁꯨꯡ ""ꯂꯥꯏꯅꯤꯡꯒꯤ ꯑꯣꯏꯗꯕ ꯃꯤꯑꯣꯏꯕꯒꯤ ꯅꯥꯏꯇꯣꯝ ꯑꯣꯏꯔꯕ ꯍꯛꯊꯦꯡꯅꯅ ꯎꯍꯧꯕ"" ꯑꯃ ꯑꯣꯏꯅ ꯁꯛꯇꯥꯛꯈꯤ꯫","ꯃꯍꯥꯛꯅ    ꯃꯍꯥꯛꯀꯤ    ꯃꯃꯥ    ꯑꯗꯨ    ꯂꯥꯏ    ꯅꯤꯡ ꯗꯕ    ꯃꯃꯥ    ꯃꯄꯥꯅ    ꯌꯣꯛ ꯂꯛ ꯄ,    ꯃꯍꯥꯛꯅ    ꯃꯍꯥꯛ    ꯃꯃꯥ    ꯑꯗꯨ    "" ꯂꯥ ꯅꯤꯡ ꯗꯒꯤ    ꯁꯝꯅ ꯗꯕ ""    ꯑꯗꯨꯕꯨ    ꯃꯍꯥꯛꯅ    ꯈꯪ ꯉ ꯕ    ꯃꯤ    ꯃꯌꯥꯝ ꯗꯒꯤ    ꯃꯥ ꯑꯣ ꯡ    ꯀꯌꯥ ꯗꯗꯤ    ꯈ꯭ꯋꯥꯏꯗꯒꯤ    "" ꯊꯋꯥꯏ    ꯃꯤ ꯔꯦꯜꯒꯤ    ꯃꯃꯤ ꯠ    ꯁꯦꯡ ꯕꯤ ""    ꯑꯃꯁꯨꯡ    "" ꯂꯥꯏꯅꯤꯡꯒꯤ    ꯑꯣꯏꯗꯕ    ꯃꯤꯑꯣꯏꯕꯒꯤ    ꯅꯥꯏ ꯇꯣ ꯝ    ꯑꯣꯏꯔꯕ    ꯍꯛꯊꯦꯡꯅꯅ    ꯎ ꯍꯧ ꯕ""    ꯑꯃ    ꯑꯣꯏꯅ    ꯁꯛꯇ ꯥꯛ ꯈꯤ꯫ ",197,64
1449,"""ꯃꯥꯂꯦꯝꯒꯤ ꯂꯧꯁꯤꯡꯕꯨ ꯄꯥꯝꯃꯨ ꯑꯃꯁꯨꯡ ꯏꯀꯥꯏꯈꯨꯝꯅꯧ"", ꯎꯄꯅꯤꯁꯗꯀꯤ ꯁꯔꯨꯛ ꯷",""" ꯃꯥꯂꯦꯝꯒꯤ    ꯂꯧ ꯁꯤꯡꯕꯨ    ꯄꯥꯝ ꯃꯨ    ꯑꯃꯁꯨꯡ    ꯏꯀꯥꯏ ꯈꯨꯝ ꯅꯧ "" ,    ꯎ ꯄ ꯅꯤ ꯁ ꯗꯀꯤ    ꯁꯔꯨꯛ    ꯷ ",49,19
1450,"꯱ꯗ ꯁꯅꯠꯀꯨꯃꯥꯔꯥꯅ ꯍꯥꯏꯔꯤ, ""ꯇꯧꯕꯇꯕꯨ ꯂꯧꯁꯤꯡ ꯈꯨꯗꯤꯡꯃꯛꯇꯨ ꯕ꯭ꯔꯃꯥꯟꯒꯤ ꯃꯤꯡꯗ ꯃꯨꯟꯅ ꯈꯜꯂꯨ""꯫","꯱ꯗ    ꯁ ꯅꯠ ꯀꯨꯃꯥꯔ ꯥ ꯅ    ꯍꯥꯏ ꯔꯤ,    "" ꯇꯧꯕ ꯇ ꯕꯨ    ꯂꯧꯁꯤꯡ    ꯈꯨꯗꯤꯡ ꯃꯛꯇ ꯨ    ꯕ꯭ꯔ ꯃꯥꯟ ꯒꯤ    ꯃꯤꯡ ꯗ    ꯃꯨ ꯟꯅ    ꯈ ꯜꯂꯨ "" ꯫ ",61,27
1451,ꯃꯟꯇ꯭ꯔꯁꯤꯡ ꯑꯁꯤ ꯇꯩꯠꯇ꯭ꯔꯤꯌ ꯎꯄꯅꯤꯁꯗꯀꯤ ꯁꯤꯛꯁꯥꯚꯜꯂꯤ ꯱,ꯃꯟ ꯇ꯭ꯔ ꯁꯤꯡ    ꯑꯁꯤ    ꯇꯩ ꯠ ꯇ꯭ꯔꯤ ꯌ    ꯎ ꯄ ꯅꯤ ꯁ ꯗꯀꯤ    ꯁꯤ ꯛ ꯁꯥ ꯚ ꯜꯂꯤ    ꯱ ,37,19
1452,꯱꯱,꯱꯱ ,2,1
1453,"꯲ꯗꯒꯤꯅꯤ, ꯃꯁꯤꯅ ꯍꯥꯏ: ꯃꯇ꯭ꯔꯨꯗꯦꯕꯣ ꯚꯕ, ꯃꯤꯠꯇ꯭ꯔꯗꯦꯕꯣ ꯚꯕ, ꯄꯤꯇ꯭ꯔꯨꯗꯦꯕꯣ ꯚꯕ, ꯄꯨꯇ꯭ꯔꯗꯦꯕꯣ ꯚꯕ, ꯑꯆꯥꯔꯌꯗꯦꯕꯣ ꯚꯕ, ꯑꯇꯤꯊꯤꯗꯦꯕꯣ ꯚꯕ꯫","꯲ ꯗꯒꯤ ꯅꯤ,    ꯃꯁꯤꯅ    ꯍꯥꯏ :    ꯃꯇ ꯭ꯔ ꯨ ꯗꯦ ꯕꯣ   ꯚ ꯕ,    ꯃꯤꯠ ꯇ꯭ꯔ ꯗꯦ ꯕꯣ   ꯚ ꯕ,    ꯄꯤ ꯇ꯭ꯔ ꯨ ꯗꯦ ꯕꯣ   ꯚ ꯕ,    ꯄꯨ ꯇ꯭ꯔ ꯗꯦ ꯕꯣ   ꯚ ꯕ,    ꯑꯆ ꯥꯔ ꯌ ꯗꯦ ꯕꯣ   ꯚ ꯕ,    ꯑ ꯇꯤ ꯊꯤ ꯗꯦ ꯕꯣ   ꯚ ꯕ ꯫ ",89,47
1454,ꯚꯥꯔꯠꯅ ꯃꯍꯥꯛꯀꯤ ꯑꯍꯥꯟꯕ ꯂꯩꯕꯥꯛꯒꯤ ꯀꯥꯡꯂꯨꯞ ꯱꯹꯲꯰ꯀꯤ ꯑꯣꯂꯦꯝꯄꯤꯛꯁꯇ ꯊꯥꯈꯤ ꯑꯃꯁꯨꯡ ꯃꯗꯨꯗꯒꯤ ꯚꯥꯔꯠ ꯁꯃꯔ ꯑꯣꯂꯦꯝꯄꯤꯛꯁ ꯒꯦꯝꯁ ꯈꯨꯗꯤꯡꯃꯛꯇ ꯁꯥꯔꯨꯛ ꯌꯥꯗꯨꯅ ꯂꯥꯛꯈꯤ꯫,ꯚꯥꯔꯠꯅ    ꯃꯍꯥꯛꯀꯤ    ꯑꯍꯥꯟꯕ    ꯂꯩꯕꯥꯛ ꯒꯤ    ꯀꯥꯡꯂꯨꯞ    ꯱꯹ ꯲꯰ ꯀꯤ    ꯑꯣ ꯂꯦ ꯝꯄꯤ ꯛꯁꯇ    ꯊꯥ ꯈꯤ    ꯑꯃꯁꯨꯡ    ꯃꯗꯨꯗꯒꯤ    ꯚꯥꯔꯠ    ꯁ ꯃꯔ    ꯑꯣ ꯂꯦ ꯝꯄꯤ ꯛꯁ    ꯒꯦꯝ ꯁ    ꯈꯨꯗꯤꯡꯃꯛꯇ    ꯁꯥꯔ ꯨꯛ    ꯌꯥ ꯗꯨꯅ    ꯂꯥꯛꯈꯤ꯫ ,104,32
1455,ꯑꯦꯌꯔ ꯒꯟꯁꯤꯡ ꯑꯁꯤ ꯑꯁꯥꯡꯕ ꯅꯣꯡꯃꯩ (ꯑꯦꯌꯔ ꯔꯥꯏꯐꯜ) ꯑꯃꯁꯨꯡ ꯍꯦꯟꯒꯟ (ꯑꯦꯌꯔ ꯄꯤꯁꯇꯣꯜ) ꯃꯈꯜ ꯑꯅꯤ ꯑꯁꯤꯗ ꯂꯥꯛꯏ꯫,ꯑꯦ ꯌꯔ    ꯒ ꯟꯁꯤꯡ    ꯑꯁꯤ    ꯑꯁꯥꯡꯕ    ꯅꯣꯡꯃꯩ    ( ꯑꯦ ꯌꯔ    ꯔꯥꯏ ꯐ ꯜ )    ꯑꯃꯁꯨꯡ    ꯍꯦꯟ ꯒ ꯟ    ( ꯑꯦ ꯌꯔ    ꯄꯤ ꯁ ꯇꯣ ꯜ )    ꯃꯈꯜ    ꯑꯅꯤ    ꯑꯁꯤꯗ    ꯂꯥꯛꯏ꯫ ,70,30
1456,"ꯃꯤꯜꯈꯥ ꯁꯤꯡꯍ ꯑꯁꯤ ꯀꯃꯟꯋꯦꯜꯊ ꯒꯦꯝ꯭ꯁꯇ ꯁꯅꯥꯒꯤ ꯃꯅꯥ ꯊꯣꯏꯕ ꯑꯃꯇ ꯉꯥꯏꯔꯕ ꯁꯥꯟꯅꯔꯣꯏ ꯑꯣꯏꯔꯝꯃꯤ ꯑꯗꯨꯕꯨ ꯏꯪ ꯲꯰꯱꯰ꯒꯤ ꯀꯃꯟꯋꯦꯜꯊ ꯒꯦꯝ꯭ꯁꯇ, ꯀ꯭ꯔꯤꯁꯅ ꯄꯨꯅꯤꯌꯥꯅ ꯆꯍꯤ ꯵꯲ꯒꯤ ꯃꯇꯨꯡꯗ ꯅꯨꯄꯤꯒꯤ ꯗꯤꯁꯀꯁ ꯂꯪꯕꯗ ꯁꯅꯥꯒꯤ ꯃꯅꯥ ꯊꯣꯏꯗꯨꯅ ꯑꯃꯁꯨꯡ ꯀꯃꯟꯋꯦꯜꯊ ꯒꯦꯝ꯭ꯁꯀꯤ ꯁꯥꯟꯅꯔꯣꯏꯁꯤꯡꯗ ꯁꯅꯥꯒꯤ ꯃꯅꯥ ꯊꯣꯏꯕ ꯑꯍꯥꯟꯕ ꯅꯨꯄꯤ ꯑꯣꯏꯗꯨꯅ ꯄꯨꯋꯥꯔꯤ ꯁꯦꯝꯈꯤ ꯫","ꯃꯤ ꯜ ꯈꯥ    ꯁꯤꯡꯍ    ꯑꯁꯤ    ꯀ ꯃꯟ ꯋꯦꯜ ꯊ    ꯒꯦꯝ ꯭ꯁꯇ    ꯁꯅꯥꯒꯤ    ꯃꯅꯥ    ꯊꯣꯏ ꯕ    ꯑꯃ ꯇ    ꯉꯥꯏꯔꯕ    ꯁꯥꯟꯅꯔꯣꯏ    ꯑꯣꯏꯔꯝꯃꯤ    ꯑꯗꯨꯕꯨ    ꯏꯪ    ꯲꯰꯱꯰ꯒꯤ    ꯀ ꯃꯟ ꯋꯦꯜ ꯊ    ꯒꯦꯝ ꯭ ꯁꯇ ,    ꯀ꯭ꯔꯤ ꯁꯅ    ꯄꯨ ꯅꯤ ꯌꯥꯅ    ꯆꯍꯤ    ꯵ ꯲ꯒꯤ    ꯃꯇꯨꯡꯗ    ꯅꯨꯄꯤꯒꯤ    ꯗꯤꯁ ꯀ ꯁ    ꯂꯪ ꯕꯗ    ꯁꯅꯥꯒꯤ    ꯃꯅꯥ    ꯊꯣꯏ ꯗꯨꯅ    ꯑꯃꯁꯨꯡ    ꯀ ꯃꯟ ꯋꯦꯜ ꯊ    ꯒꯦꯝ ꯭ꯁꯀꯤ    ꯁꯥꯟꯅꯔꯣꯏ ꯁꯤꯡꯗ    ꯁꯅꯥꯒꯤ    ꯃꯅꯥ    ꯊꯣꯏ ꯕ    ꯑꯍꯥꯟꯕ    ꯅꯨꯄꯤ    ꯑꯣꯏꯗꯨꯅ    ꯄꯨꯋꯥꯔꯤ    ꯁꯦꯝꯈꯤ    ꯫ ",209,69
1457,ꯇ꯭ꯔꯤꯄꯜ ꯖꯝꯎꯇ ꯍꯥꯟꯅꯒꯤ ꯂꯩꯕꯥꯛꯀꯤ ꯃꯀꯣꯛ ꯊꯣꯡꯕ ꯑꯣꯏꯔꯝꯕ ꯑꯃꯁꯨꯡ ꯃꯍꯥꯛꯀꯤ ꯇꯥꯛꯄꯤ ꯇꯝꯕꯤꯕꯁꯨ ꯑꯣꯏꯔꯤꯕ ꯔꯣꯕꯔ꯭ꯠ ꯕꯣꯕꯤ ꯖꯣꯔꯖꯇ ꯑꯟꯖꯨ ꯂꯨꯍꯣꯡꯉꯤ꯫,ꯇ꯭ꯔꯤ ꯄꯜ    ꯖꯝ ꯎ ꯇ    ꯍꯥꯟꯅꯒꯤ    ꯂꯩꯕꯥꯛꯀꯤ    ꯃꯀꯣꯛ    ꯊꯣꯡꯕ    ꯑꯣꯏꯔꯝꯕ    ꯑꯃꯁꯨꯡ    ꯃꯍꯥꯛꯀꯤ    ꯇꯥꯛ ꯄꯤ    ꯇꯝꯕꯤ ꯕꯁꯨ    ꯑꯣꯏꯔꯤꯕ    ꯔꯣ ꯕꯔ ꯭ꯠ    ꯕꯣ ꯕꯤ    ꯖꯣꯔ ꯖꯇ    ꯑꯟ ꯖꯨ    ꯂꯨꯍꯣꯡ ꯉꯤ꯫ ,93,28
1458,ꯄꯥꯡꯊꯣꯛꯂꯤꯕ ꯊꯧꯔꯝ ꯑꯃꯍꯦꯛꯇ ꯑꯗꯨꯒꯤ ꯃꯇꯨꯡꯗ ꯂꯥꯛ ꯅꯨꯡꯁꯤꯠ ꯑꯗꯨ ꯁꯦꯀꯦꯟ ꯑꯃꯗ ꯃꯤꯇꯔ ꯲,ꯄꯥꯡꯊꯣꯛ ꯂꯤꯕ    ꯊꯧꯔꯝ    ꯑꯃꯍꯦꯛꯇ    ꯑꯗꯨꯒꯤ    ꯃꯇꯨꯡꯗ    ꯂ ꯥꯛ    ꯅꯨꯡꯁꯤꯠ    ꯑꯗꯨ    ꯁꯦ ꯀꯦꯟ    ꯑꯃꯗ    ꯃꯤꯇꯔ    ꯲ ,54,15
1459,꯰ ꯍꯦꯜꯂꯕꯗꯤ ꯃꯗꯨ ꯆꯦꯆꯟꯒꯤꯗꯃꯛꯇ ꯃꯁꯤꯡ ꯊꯤꯗꯦ꯫,꯰    ꯍꯦ ꯜꯂ ꯕꯗꯤ    ꯃꯗꯨ    ꯆꯦ ꯆꯟ ꯒꯤꯗꯃꯛꯇ    ꯃꯁꯤꯡ    ꯊꯤ ꯗꯦ꯫ ,30,11
1460,"ꯏꯪ ꯲꯰꯱꯰ꯒꯤ ꯖꯦꯟꯅꯨꯋꯥꯔꯤ ꯱ ꯗꯒꯤ, ꯅꯨꯄꯥꯁꯤꯡ ꯑꯁꯤ ꯈ꯭ꯋꯥꯡꯗꯒꯤ ꯈꯨ ꯐꯥꯎꯕ ꯁꯥꯡꯕ ꯁꯨꯠ ꯈꯛꯇꯪ ꯁꯦꯠꯄ ꯌꯥꯏ꯫","ꯏꯪ    ꯲꯰꯱꯰ꯒꯤ    ꯖꯦꯟ ꯅꯨ ꯋꯥꯔꯤ    ꯱    ꯗꯒꯤ,    ꯅꯨꯄꯥ ꯁꯤꯡ    ꯑꯁꯤ    ꯈ꯭ꯋ ꯥꯡ ꯗꯒꯤ    ꯈ ꯨ    ꯐꯥꯎꯕ    ꯁꯥꯡꯕ    ꯁꯨ ꯠ    ꯈꯛꯇ ꯪ    ꯁꯦ ꯠꯄ    ꯌꯥꯏ꯫ ",65,24
1461,ꯕ꯭ꯔꯤꯁꯇꯣꯜ ꯕꯤꯌꯔ꯭ꯁ (ꯔꯒꯕꯤꯒꯤ ꯀꯥꯡꯂꯨꯞ) ꯑꯃꯁꯨꯡ ꯒ꯭ꯂꯧꯆꯦꯁꯇꯔꯁꯥꯏꯌꯔ ꯀꯥꯎꯟꯇꯤ ꯀ꯭ꯔꯤꯀꯦꯠ ꯀ꯭ꯂꯕ ꯑꯁꯤꯁꯨ ꯁꯍꯔ ꯑꯁꯤꯗ ꯂꯩ꯫,ꯕ꯭ꯔꯤ ꯁ ꯇꯣ ꯜ    ꯕꯤ ꯌꯔ ꯭ꯁ    ( ꯔꯒ ꯕꯤꯒꯤ    ꯀꯥꯡꯂꯨꯞ )    ꯑꯃꯁꯨꯡ    ꯒ꯭ ꯂꯧ ꯆ ꯦꯁ ꯇꯔ ꯁꯥꯏ ꯌꯔ    ꯀꯥꯎꯟꯇꯤ    ꯀ꯭ꯔꯤꯀꯦꯠ    ꯀ꯭ꯂꯕ    ꯑꯁꯤꯁꯨ    ꯁꯍꯔ    ꯑꯁꯤꯗ    ꯂꯩ꯫ ,79,27
1462,"ꯏꯪ ꯲꯰꯱꯴ꯗ, ꯁꯤꯡꯒꯥꯄꯣꯔ ꯇꯦꯕꯜ ꯇꯦꯅꯤꯁ ꯑꯦꯁꯣꯁꯤꯌꯦꯁꯟꯒꯤ ꯄ꯭ꯔꯦꯁꯤꯗꯦꯟꯇ ꯂꯤ ꯕꯤ ꯋꯥꯅ ꯋꯥꯊꯣꯛ ꯑꯗꯨꯒꯤ ꯃꯇꯥꯡꯗ ꯊꯕꯛ ꯊꯥꯗꯣꯛꯈꯤ; ꯃꯒꯤ ꯃꯇꯨꯡꯗ ꯂꯥꯛꯄ, ꯑꯦꯂꯦꯟ ꯂꯤꯅ, ꯀꯣꯟꯅ ꯆꯥꯏꯅꯗ ꯄꯣꯛꯄ ꯄꯦꯗꯂꯔ ꯖꯤꯡ ꯖꯤꯌꯥꯟꯒꯤ ꯂꯝ ꯑꯗꯨꯒꯤ ꯃꯤꯑꯣꯏ ꯑꯣꯏꯖꯒꯦ ꯍꯥꯏꯕꯒꯤ ꯍꯥꯏꯖ ꯆꯦꯔꯣꯜ ꯑꯗꯨ ꯌꯥꯈꯤ꯫","ꯏꯪ    ꯲꯰꯱ ꯴ ꯗ,    ꯁꯤꯡ ꯒꯥ ꯄꯣ ꯔ    ꯇꯦꯕꯜ    ꯇꯦ ꯅꯤꯁ    ꯑꯦꯁꯣ ꯁꯤꯌ ꯦꯁꯟꯒꯤ    ꯄ꯭ꯔꯦꯁꯤꯗꯦꯟ ꯇ    ꯂꯤ    ꯕꯤ    ꯋꯥꯅ    ꯋꯥꯊꯣꯛ    ꯑꯗꯨꯒꯤ    ꯃꯇꯥꯡꯗ    ꯊꯕꯛ    ꯊꯥꯗꯣꯛ ꯈꯤ;    ꯃꯒꯤ    ꯃꯇꯨꯡꯗ    ꯂꯥꯛ ꯄ,    ꯑꯦ ꯂꯦꯟ    ꯂꯤ ꯅ,    ꯀꯣꯟꯅ    ꯆꯥꯏ ꯅꯗ    ꯄꯣꯛꯄ    ꯄꯦ ꯗ ꯂꯔ    ꯖꯤꯡ    ꯖꯤ ꯌꯥ ꯟꯒꯤ    ꯂꯝ    ꯑꯗꯨꯒꯤ    ꯃꯤꯑꯣꯏ    ꯑꯣꯏ ꯖ ꯒꯦ    ꯍꯥꯏꯕꯒꯤ    ꯍꯥꯏ ꯖ    ꯆꯦ ꯔꯣꯜ    ꯑꯗꯨ    ꯌꯥꯈꯤ꯫ ",171,57
1463,"ꯏꯪ ꯱꯹꯲꯰ꯒꯤ ꯆꯍꯤ ꯇꯔꯥꯒꯤ ꯈꯨꯖꯤꯡꯗꯒꯤ, ꯃꯃꯥꯡ ꯉꯩꯗ ꯊꯥꯏꯅꯒꯤ ꯑꯍꯩꯕ ꯈꯨꯠꯅꯥꯏꯕꯁꯤꯡ ꯈꯛꯇꯒꯤ ꯂꯝ ꯑꯣꯏꯔꯝꯕꯗꯨ ꯄ꯭ꯔꯣꯐꯦꯁꯅꯦꯜ ꯏꯟꯖꯤꯌꯔꯁꯤꯡꯅ ꯇꯦꯟ ꯀꯥꯞꯄꯒꯤ ꯃꯁꯥꯟꯅꯗ ꯊꯋꯥꯏ ꯌꯥꯝꯅ ꯂꯧꯔꯝꯃꯤ꯫","ꯏꯪ    ꯱꯹ ꯲꯰ꯒꯤ    ꯆꯍꯤ    ꯇꯔꯥꯒꯤ    ꯈꯨꯖꯤꯡ ꯗꯒꯤ,    ꯃꯃꯥꯡ    ꯉꯩꯗ    ꯊꯥꯏ ꯅꯒꯤ    ꯑꯍ ꯩ ꯕ    ꯈꯨꯠ ꯅꯥꯏ ꯕꯁꯤꯡ    ꯈꯛꯇ ꯒꯤ    ꯂꯝ    ꯑꯣꯏꯔꯝ ꯕꯗꯨ    ꯄ꯭ꯔꯣꯐꯦꯁꯅꯦꯜ    ꯏꯟꯖꯤ ꯌꯔ ꯁꯤꯡꯅ    ꯇꯦꯟ    ꯀꯥꯞ ꯄꯒꯤ    ꯃꯁꯥꯟꯅ ꯗ    ꯊꯋꯥꯏ    ꯌꯥꯝꯅ    ꯂꯧ ꯔꯝꯃꯤ꯫ ",117,35
1464,"ꯌꯨꯋꯥꯟ ꯃꯦꯅꯨꯑꯦꯜ ꯐꯥꯟꯖꯤꯌꯣ ꯑꯁꯤ ꯈꯦꯠꯅꯕ ꯀꯥꯡꯂꯨꯞ ꯃꯔꯤꯒꯤ ꯃꯈꯥꯗ, ꯃꯍꯥꯛꯀꯤ ꯃꯥꯂꯦꯝꯒꯤ ꯂꯝꯖꯦꯟ ꯱꯸꯴ꯒꯤ ꯃꯅꯨꯡꯗ ꯱꯰꯲ ꯊꯣꯏꯔꯗꯨꯅ ꯐꯣꯔꯃꯨꯂꯥ ꯋꯥꯟꯒꯤ ꯃꯥꯂꯦꯝꯒꯤ ꯃꯀꯣꯛ ꯊꯣꯡꯕ ꯃꯉꯥꯔꯛ ꯑꯣꯏꯔꯕꯅꯤ ꯑꯃꯁꯨꯡ ꯃꯇꯝ ꯄꯨꯝꯕꯗ ꯈ꯭ꯋꯥꯏꯗꯒꯤ ꯑꯐꯕ ꯒꯥꯔꯤ ꯊꯧꯕꯅꯤ ꯍꯥꯏꯅ ꯄꯥꯛ ꯁꯟꯅ ꯊꯥꯛ ꯑꯃꯗ ꯊꯝꯃꯤ꯫","ꯌꯨ ꯋꯥꯟ    ꯃꯦ ꯅꯨ ꯑꯦꯜ    ꯐ ꯥꯟ ꯖꯤ ꯌꯣ    ꯑꯁꯤ    ꯈꯦꯠꯅꯕ    ꯀꯥꯡꯂꯨꯞ    ꯃꯔꯤꯒꯤ    ꯃꯈꯥ ꯗ,    ꯃꯍꯥꯛꯀꯤ    ꯃꯥꯂꯦꯝꯒꯤ    ꯂꯝ ꯖꯦꯟ    ꯱꯸ ꯴ꯒꯤ    ꯃꯅꯨꯡꯗ    ꯱꯰ ꯲    ꯊꯣꯏ ꯔꯗꯨꯅ    ꯐꯣꯔ ꯃꯨ ꯂꯥ    ꯋ ꯥꯟꯒꯤ    ꯃꯥꯂꯦꯝꯒꯤ    ꯃꯀꯣꯛ    ꯊꯣꯡꯕ    ꯃꯉ ꯥꯔ ꯛ    ꯑꯣꯏ ꯔꯕ ꯅꯤ    ꯑꯃꯁꯨꯡ    ꯃꯇꯝ    ꯄꯨꯝꯕꯗ    ꯈ꯭ꯋꯥꯏꯗꯒꯤ    ꯑꯐꯕ    ꯒꯥꯔꯤ    ꯊꯧ ꯕꯅꯤ    ꯍꯥꯏꯅ    ꯄꯥꯛ    ꯁꯟꯅ    ꯊꯥꯛ    ꯑꯃꯗ    ꯊꯝꯃꯤ꯫ ",174,54
1465,ꯚꯥꯔꯠꯇ ꯕꯩꯇꯟ ꯀꯞ ꯑꯃꯗꯤ ꯑꯒꯥ ꯈꯥꯟ ꯇꯨꯔꯅꯥꯃꯦꯟꯇꯁꯤꯡ ꯑꯁꯤ ꯆꯍꯤ ꯇꯔꯥꯒꯤ ꯃꯅꯨꯡꯗ ꯍꯧꯈꯤ꯫,ꯚꯥꯔꯠꯇ    ꯕꯩ ꯇꯟ    ꯀꯞ    ꯑꯃꯗꯤ    ꯑ ꯒꯥ    ꯈꯥꯟ    ꯇꯨꯔ ꯅꯥꯃꯦꯟ ꯇ ꯁꯤꯡ    ꯑꯁꯤ    ꯆꯍꯤ    ꯇꯔꯥꯒꯤ    ꯃꯅꯨꯡꯗ    ꯍꯧꯈꯤ꯫ ,54,17
1466,"ꯏꯪ ꯲꯰꯱꯲ꯀꯤ ꯃꯦꯗ, ꯗꯤꯄꯤꯀꯥ ꯀꯨꯃꯥꯔꯤꯅ ꯃꯍꯥꯛꯀꯤ ꯃꯊꯟꯇꯒꯤ ꯇꯥꯡꯀꯛꯀꯤ ꯑꯣꯏꯕ ꯑꯍꯥꯟꯕ ꯋꯔꯜꯗ ꯀꯞ ꯑꯗꯨ ꯑꯥꯟꯇꯥꯜꯌꯥ ꯇꯔꯀꯤꯗ ꯊꯣꯏꯈꯤ꯫","ꯏꯪ    ꯲꯰꯱ ꯲ ꯀꯤ    ꯃꯦ ꯗ,    ꯗꯤ ꯄꯤ ꯀꯥ    ꯀꯨꯃꯥꯔ ꯤ ꯅ    ꯃꯍꯥꯛꯀꯤ    ꯃꯊ ꯟ ꯇꯒꯤ    ꯇꯥꯡꯀ ꯛꯀꯤ    ꯑꯣꯏꯕ    ꯑꯍꯥꯟꯕ    ꯋꯔꯜꯗ    ꯀꯞ    ꯑꯗꯨ    ꯑ ꯥꯟ ꯇꯥ ꯜ ꯌꯥ    ꯇꯔ ꯀꯤ ꯗ    ꯊꯣꯏ ꯈꯤ꯫ ",81,33
1467,ꯃꯍꯥꯛꯅ ꯃꯍꯥꯛꯀꯤ ꯁꯦꯟꯖꯪ ꯑꯗꯨ ꯆꯥꯍꯤ ꯑꯅꯤꯒꯤ ꯃꯃꯥꯡꯗꯒꯤ ꯄꯤꯗ꯭ꯔꯦ ꯑꯃꯁꯨꯡ ꯊꯧꯗꯥꯡꯂꯣꯏꯁꯤꯡꯅ ꯃꯍꯥꯛꯀꯤ ꯃꯈꯥ ꯇꯥꯔꯛꯄ ꯁꯥꯟꯅꯕꯁꯤꯡꯒꯤ ꯑꯌꯥꯕ ꯂꯧꯕ ꯁꯨꯇꯤ ꯑꯗꯨꯁꯨ ꯄꯤꯗꯦ ꯍꯥꯏꯅ ꯍꯥꯏꯈꯤ꯫,ꯃꯍꯥꯛꯅ    ꯃꯍꯥꯛꯀꯤ    ꯁꯦꯟ ꯖ ꯪ    ꯑꯗꯨ    ꯆꯥ ꯍꯤ    ꯑꯅꯤꯒꯤ    ꯃꯃꯥꯡ ꯗꯒꯤ    ꯄꯤ ꯗ꯭ꯔꯦ    ꯑꯃꯁꯨꯡ    ꯊꯧꯗꯥꯡ ꯂꯣꯏ ꯁꯤꯡꯅ    ꯃꯍꯥꯛꯀꯤ    ꯃꯈꯥ    ꯇꯥꯔꯛꯄ    ꯁꯥꯟꯅꯕ ꯁꯤꯡꯒꯤ    ꯑꯌꯥꯕ    ꯂꯧꯕ    ꯁꯨꯇꯤ    ꯑꯗꯨꯁꯨ    ꯄꯤ ꯗꯦ    ꯍꯥꯏꯅ    ꯍꯥꯏꯈꯤ꯫ ,112,30
1468,"ꯁꯥꯔꯨꯛ ꯌꯥꯔꯤꯕꯁꯤꯡ ꯑꯗꯨ ꯃꯈꯣꯏꯒꯤ ꯍꯛꯆꯥꯡ ꯁꯦꯝꯒꯠ-ꯁꯥꯒꯠꯄ, ꯁꯛ-ꯆꯨ ꯑꯃꯁꯨꯡ ꯃꯇꯤꯛ-ꯃꯌꯥꯏꯗ ꯌꯨꯝꯐꯝ ꯑꯣꯏꯗꯨꯅ ꯋꯥꯌꯦꯜ ꯇꯧꯈꯤ꯫","ꯁꯥꯔ ꯨꯛ    ꯌꯥ ꯔꯤꯕꯁꯤꯡ    ꯑꯗꯨ    ꯃꯈꯣꯏꯒꯤ    ꯍꯛꯆꯥꯡ    ꯁꯦꯝꯒꯠ - ꯁꯥꯒꯠ ꯄ,    ꯁꯛ - ꯆ ꯨ    ꯑꯃꯁꯨꯡ    ꯃꯇꯤ ꯛ -ꯃ ꯌꯥꯏ ꯗ    ꯌꯨꯝꯐꯝ    ꯑꯣꯏꯗꯨꯅ    ꯋꯥꯌꯦꯜ    ꯇꯧꯈꯤ꯫ ",80,25
1469,ꯚꯥꯔꯠꯀꯤ ꯑꯃꯠꯇ ꯑꯣꯏꯔꯕ ꯃꯥꯏ ꯄꯥꯛꯄ ꯑꯗꯨ ꯐꯪꯅꯕ ꯑꯁꯣꯛ ꯀꯨꯃꯥꯔꯅ ꯃꯔꯨ ꯑꯣꯏꯕ ꯊꯣꯏꯅꯕ ꯄꯥꯟꯖꯜ ꯄꯨꯝꯅꯃꯛ ꯆꯟꯈꯤ꯫,ꯚꯥꯔꯠꯀꯤ    ꯑꯃꯠꯇ    ꯑꯣꯏꯔꯕ    ꯃꯥꯏ    ꯄꯥꯛꯄ    ꯑꯗꯨ    ꯐꯪꯅꯕ    ꯑꯁꯣꯛ    ꯀꯨꯃꯥꯔꯅ    ꯃꯔꯨ    ꯑꯣꯏꯕ    ꯊꯣꯏ ꯅꯕ    ꯄꯥꯟ ꯖꯜ    ꯄꯨꯝꯅꯃꯛ    ꯆꯟꯈꯤ꯫ ,67,17
1470,"ꯅꯨꯄꯤꯒꯤ ꯀꯦꯖꯤ ꯵꯵ꯒꯤ ꯐꯔꯤ ꯏ꯭ꯁꯇꯥꯜ ꯀꯥꯡꯂꯨꯞꯀꯤ ꯲꯰꯱꯴ꯒꯤ ꯀꯃꯟꯋꯦꯜꯊ ꯒꯦꯝꯁꯗ, ꯀꯋꯥꯇꯔ- ꯐꯥꯏꯅꯦꯜ꯭ꯁꯗ ꯕꯥꯕꯤꯇꯥꯒꯤ ꯑꯍꯥꯟꯕ ꯃꯥꯏꯌꯣꯛꯅꯕ ꯑꯗꯨ ꯃꯍꯥꯛꯅ ꯹꯲, ꯴꯰ (ꯈꯥꯏꯗꯣꯛꯄꯒꯤ ꯄꯣꯑꯣꯟꯇꯁ ꯴:꯱)ꯗ ꯃꯥꯏꯊꯤꯕ ꯄꯤꯈꯤꯕ ꯏꯁꯀꯣꯠꯂꯦꯟꯒꯤ ꯀꯥꯊꯔꯤꯟ ꯃꯥꯔꯁꯅꯤ꯫","ꯅꯨꯄꯤꯒꯤ    ꯀꯦ ꯖꯤ    ꯵ ꯵ꯒꯤ    ꯐ ꯔꯤ    ꯏ ꯭ ꯁꯇꯥ ꯜ    ꯀꯥꯡꯂꯨꯞꯀꯤ    ꯲꯰꯱꯴ꯒꯤ    ꯀ ꯃꯟ ꯋꯦꯜ ꯊ    ꯒꯦꯝ ꯁ ꯗ,    ꯀ ꯋꯥꯇꯔ -    ꯐꯥꯏꯅꯦ ꯜ ꯭ꯁ ꯗ    ꯕꯥ ꯕꯤ ꯇꯥꯒꯤ    ꯑꯍꯥꯟꯕ    ꯃꯥꯏꯌꯣꯛ ꯅꯕ    ꯑꯗꯨ    ꯃꯍꯥꯛꯅ    ꯹ ꯲ ,    ꯴꯰    ( ꯈꯥꯏꯗꯣꯛ ꯄꯒꯤ    ꯄꯣ ꯑꯣꯟ ꯇ ꯁ    ꯴ : ꯱ )ꯗ    ꯃꯥꯏꯊꯤꯕ    ꯄꯤꯈꯤꯕ    ꯏꯁ ꯀꯣ ꯠ ꯂꯦꯟꯒꯤ    ꯀꯥ ꯊ ꯔꯤ ꯟ    ꯃꯥꯔ ꯁ ꯅꯤ꯫ ",155,63
1471,ꯏꯪ ꯲꯰꯱꯵ꯗ ꯀꯃꯟꯋꯦꯜꯊ ꯀꯔꯥꯇꯦ ꯒꯦꯝꯁ ꯑꯁꯤ ꯚꯥꯔꯠꯀꯤ ꯗꯦꯜꯂꯤꯗ ꯄꯥꯡꯊꯣꯛꯈꯤ꯫,ꯏꯪ    ꯲꯰꯱ ꯵ꯗ    ꯀ ꯃꯟ ꯋꯦꯜ ꯊ    ꯀ ꯔꯥ ꯇꯦ    ꯒꯦꯝ ꯁ    ꯑꯁꯤ    ꯚꯥꯔꯠꯀꯤ    ꯗꯦ ꯜꯂꯤ ꯗ    ꯄꯥꯡꯊꯣꯛꯈꯤ꯫ ,47,18
1472,"ꯅꯨꯄꯥ ꯑꯃꯁꯨꯡ ꯅꯨꯄꯤꯒꯤ ꯑꯔꯨꯝꯕ ꯑꯗꯨ ꯃꯈꯣꯏꯒꯤ ꯂꯪꯕꯒꯤ ꯊꯧꯋꯣꯡꯁꯤꯡꯒꯤꯗꯃꯛ ꯈꯦꯠꯅꯩ: ꯅꯨꯄꯥꯒꯤ ꯖꯥꯕꯦꯂꯤꯟ ꯑꯁꯤ ꯅꯨꯄꯤꯒꯤ ꯶꯰꯰ ꯑꯗꯨꯒ ꯆꯥꯡꯗꯝꯅꯕꯗ ꯸꯰꯰ ꯅꯤ, ꯅꯨꯄꯥꯒꯤ ꯂꯪꯕꯒꯤ ꯑꯔꯨꯝꯕ ꯑꯁꯤ ꯅꯨꯨꯄꯤꯒꯤ ꯄꯥꯎꯟ꯲꯰ ꯑꯗꯨꯒ ꯆꯥꯡꯗꯝꯅꯕꯗ ꯄꯥꯎꯟ ꯳꯵ꯅꯤ, ꯅꯨꯄꯥꯒꯤ ꯗꯤꯁꯀꯁ ꯑꯁꯤ ꯅꯨꯄꯤꯒꯤ ꯀꯦꯖꯤ ꯱ꯗꯨꯒ ꯆꯥꯡꯗꯝꯅꯕꯗ ꯀꯦꯖꯤ ꯲ꯅꯤ, ꯅꯨꯄꯥꯒꯤ ꯁꯣꯠꯄꯨꯠ ꯑꯁꯤ ꯅꯨꯄꯤꯒꯤ ꯄꯥꯎꯟ ꯸ꯒ ꯆꯥꯡꯗꯝꯅꯕꯗ ꯄꯥꯎꯟ ꯱꯶ꯅꯤ ꯑꯃꯁꯨꯡ ꯅꯨꯄꯥꯒꯤ ꯍꯦꯃꯔ ꯊ꯭ꯔꯣꯁꯨ ꯅꯨꯄꯤꯒꯤ ꯄꯥꯎꯟ ꯸ ꯑꯗꯨꯒ ꯆꯥꯡꯗꯝꯅꯕꯗ ꯄꯥꯎꯟ ꯱꯶ ꯅꯤ꯫","ꯅꯨꯄꯥ    ꯑꯃꯁꯨꯡ    ꯅꯨꯄꯤꯒꯤ    ꯑꯔ ꯨꯝꯕ    ꯑꯗꯨ    ꯃꯈꯣꯏꯒꯤ    ꯂꯪ ꯕꯒꯤ    ꯊꯧ ꯋ ꯣꯡ ꯁꯤꯡꯒꯤꯗꯃꯛ    ꯈꯦꯠ ꯅꯩ :    ꯅꯨꯄꯥꯒꯤ    ꯖꯥ ꯕꯦ ꯂꯤꯟ    ꯑꯁꯤ    ꯅꯨꯄꯤꯒꯤ    ꯶ ꯰꯰    ꯑꯗꯨꯒ    ꯆꯥꯡꯗꯝꯅꯕꯗ    ꯸ ꯰꯰    ꯅꯤ,    ꯅꯨꯄꯥꯒꯤ    ꯂꯪ ꯕꯒꯤ    ꯑꯔ ꯨꯝꯕ    ꯑꯁꯤ    ꯅꯨ ꯨ ꯄꯤ ꯒꯤ    ꯄꯥꯎ ꯟ ꯲꯰    ꯑꯗꯨꯒ    ꯆꯥꯡꯗꯝꯅꯕꯗ    ꯄꯥꯎꯟ    ꯳ ꯵ ꯅꯤ,    ꯅꯨꯄꯥꯒꯤ    ꯗꯤꯁ ꯀ ꯁ    ꯑꯁꯤ    ꯅꯨꯄꯤꯒꯤ    ꯀꯦ ꯖꯤ    ꯱ ꯗꯨ ꯒ    ꯆꯥꯡꯗꯝꯅꯕꯗ    ꯀꯦ ꯖꯤ    ꯲ ꯅꯤ,    ꯅꯨꯄꯥꯒꯤ    ꯁꯣ ꯠ ꯄꯨ ꯠ    ꯑꯁꯤ    ꯅꯨꯄꯤꯒꯤ    ꯄꯥꯎꯟ    ꯸ ꯒ    ꯆꯥꯡꯗꯝꯅꯕꯗ    ꯄꯥꯎꯟ    ꯱꯶ ꯅꯤ    ꯑꯃꯁꯨꯡ    ꯅꯨꯄꯥꯒꯤ    ꯍꯦ ꯃꯔ    ꯊ꯭ꯔꯣ ꯁꯨ    ꯅꯨꯄꯤꯒꯤ    ꯄꯥꯎꯟ    ꯸    ꯑꯗꯨꯒ    ꯆꯥꯡꯗꯝꯅꯕꯗ    ꯄꯥꯎꯟ    ꯱꯶    ꯅꯤ꯫ ",289,92
1473,"ꯏꯪ ꯲꯰꯰꯹ꯗ, ꯃꯍꯥꯛ ꯁꯦꯟꯗꯣꯡ ꯂꯩꯕ ꯒꯨꯖꯔꯥꯠ ꯀ꯭ꯔꯤꯀꯦꯠ ꯑꯦꯁꯣꯁꯤꯌꯦꯁꯟ (ꯒꯤꯁꯤꯑꯦ)ꯒꯤ ꯚꯥꯏ ꯄ꯭ꯔꯦꯁꯤꯗꯦꯟꯇ ꯑꯣꯏꯈꯤ ꯑꯗꯨꯒ ꯃꯣꯗꯤꯅ ꯄ꯭ꯔꯦꯁꯤꯗꯦꯟꯇꯀꯤ ꯊꯧ ꯄꯨꯈꯤ꯫","ꯏꯪ    ꯲꯰꯰ ꯹ ꯗ,    ꯃꯍꯥꯛ    ꯁꯦꯟꯗꯣ ꯡ    ꯂꯩꯕ    ꯒꯨꯖꯔꯥꯠ    ꯀ꯭ꯔꯤꯀꯦꯠ    ꯑꯦꯁꯣ ꯁꯤꯌ ꯦꯁꯟ    ( ꯒꯤ ꯁꯤ ꯑꯦ )ꯒꯤ    ꯚ ꯥꯏ    ꯄ꯭ꯔꯦꯁꯤꯗꯦꯟ ꯇ    ꯑꯣꯏꯈꯤ    ꯑꯗꯨꯒ    ꯃꯣ ꯗꯤꯅ    ꯄ꯭ꯔꯦꯁꯤꯗꯦꯟ ꯇ ꯀꯤ    ꯊꯧ    ꯄꯨ ꯈꯤ꯫ ",100,32
1474,"ꯑꯇꯣꯞꯄ ꯃꯥꯑꯣꯡ ꯑꯃꯗꯤ ꯂꯝꯖꯦꯟ ꯑꯃꯗꯍꯦꯟꯗꯥꯟꯅꯔꯤꯕꯁꯤꯡꯒꯤ ꯀꯥꯡꯂꯨꯞ ꯑꯃꯅ ꯃꯊꯪ ꯃꯅꯥꯎ ꯅꯥꯏꯅꯔꯒ ꯂꯝꯕ ꯇꯧꯅꯕ; ꯍꯦꯟꯗꯥꯟꯅꯔꯤꯕ ꯈꯨꯗꯤꯡꯃꯛꯅ ꯏꯔꯣꯏꯕ, ꯁꯥꯏꯀꯜ ꯊꯧꯕ ꯑꯃꯁꯨꯡ ꯂꯝꯖꯦꯜ ꯆꯦꯟꯕꯒꯤ ꯇꯥꯡꯀꯛ ꯑꯃꯝꯃꯝ ꯂꯣꯏꯁꯤꯟꯒꯗꯧꯕ ꯔꯤꯂꯦ ꯇ꯭ꯔꯤꯌꯥꯊꯂꯣꯟ꯭ꯁꯅꯤ ꯫","ꯑꯇꯣꯞꯄ    ꯃꯥ ꯑꯣ ꯡ    ꯑꯃꯗꯤ    ꯂꯝ ꯖꯦꯟ    ꯑꯃ ꯗ ꯍꯦꯟꯗꯥꯟ ꯅ ꯔꯤ ꯕꯁꯤꯡꯒꯤ    ꯀꯥꯡꯂꯨꯞ    ꯑꯃꯅ    ꯃꯊꯪ    ꯃꯅꯥꯎ    ꯅꯥꯏ ꯅ ꯔꯒ    ꯂꯝꯕ    ꯇꯧ ꯅꯕ ;    ꯍꯦꯟꯗꯥꯟ ꯅꯔꯤꯕ    ꯈꯨꯗꯤꯡꯃꯛꯅ    ꯏ ꯔꯣꯏ ꯕ,    ꯁꯥꯏꯀꯜ    ꯊꯧꯕ    ꯑꯃꯁꯨꯡ    ꯂꯝꯖꯦꯜ    ꯆꯦꯟ ꯕꯒꯤ    ꯇꯥꯡꯀꯛ    ꯑꯃ ꯝꯃ ꯝ    ꯂꯣꯏꯁꯤꯟ ꯒꯗ ꯧꯕ    ꯔꯤ ꯂꯦ    ꯇ꯭ꯔꯤ ꯌꯥ ꯊ ꯂꯣꯟ ꯭ꯁ ꯅꯤ    ꯫ ",154,52
1475,"ꯑꯥꯏꯁꯤꯁꯤ ꯀꯥꯡꯂꯣꯟꯁꯤꯡꯒꯤ ꯃꯇꯨꯡ ꯏꯟꯅ, ꯑꯣꯗꯤꯑꯥꯏ ꯃꯁꯥꯟꯅ ꯑꯃ ꯁꯤ ꯀꯣꯟꯅ ꯕꯦꯠꯇꯤꯡ ꯇꯧꯕ ꯀꯥꯡꯕꯨ ꯑꯗꯨꯗ ꯑꯣꯚꯔ ꯲꯵ ꯂꯪꯉꯕ ꯃꯇꯨꯡꯗꯗ ꯆꯠꯅꯕ ꯌꯥꯏ꯫","ꯑꯥꯏ ꯁꯤ ꯁꯤ    ꯀꯥꯡꯂꯣꯟ ꯁꯤꯡꯒꯤ    ꯃꯇꯨꯡ    ꯏꯟꯅ,    ꯑꯣꯗꯤ ꯑ ꯥꯏ    ꯃꯁꯥꯟꯅ    ꯑꯃ    ꯁꯤ    ꯀꯣꯟꯅ    ꯕꯦꯠ ꯇꯤꯡ    ꯇꯧꯕ    ꯀꯥꯡꯕꯨ    ꯑꯗꯨꯗ    ꯑꯣ ꯚꯔ    ꯲꯵    ꯂꯪ ꯉ ꯕ    ꯃꯇꯨꯡ ꯗ ꯗ    ꯆꯠꯅꯕ    ꯌꯥꯏ꯫ ",88,30
1476,"ꯑꯍꯦꯟꯕ ꯅꯨꯃꯤꯠ ꯑꯗꯨꯗ, ꯁ꯭ꯔꯤ ꯂꯡꯀꯥꯒꯤ ꯃꯆꯥꯁꯤꯡꯗꯨꯅ ꯑꯃꯨꯛ ꯍꯟꯅ ꯍꯥꯟꯅ ꯕꯦꯠꯇꯤꯡ ꯇꯧꯗꯨꯅ ꯃꯥꯍꯦꯂꯥ ꯖꯌꯥꯋꯥꯔꯗꯦꯅ ꯑꯃꯁꯨꯡ ꯔꯁꯜ ꯑꯔꯅꯣꯜꯅ ꯃꯁꯥ ꯃꯁꯥꯒꯤ ꯔꯟ ꯷꯷ ꯑꯃꯁꯨꯡ ꯵꯶ ꯂꯧꯗꯨꯅ ꯔꯟ ꯲꯲꯲ ꯂꯧꯈꯤ, ꯑꯃꯁꯨꯡ ꯚꯥꯔꯠꯀꯤ ꯖꯍꯤꯔ ꯈꯥꯟꯅ ꯔꯟ ꯴꯴ꯗ ꯋꯤꯀꯦꯠ ꯑꯍꯨꯝ ꯂꯧꯈꯤ꯫","ꯑꯍꯦꯟꯕ    ꯅꯨꯃꯤꯠ    ꯑꯗꯨꯗ,    ꯁ꯭ꯔꯤ    ꯂ ꯡ ꯀꯥꯒꯤ    ꯃꯆꯥ ꯁꯤꯡ ꯗꯨꯅ    ꯑꯃꯨꯛ    ꯍꯟꯅ    ꯍꯥꯟꯅ    ꯕꯦꯠ ꯇꯤꯡ    ꯇꯧꯗꯨꯅ    ꯃꯥ ꯍꯦ ꯂꯥ    ꯖ ꯌꯥ ꯋꯥꯔ ꯗꯦꯅ    ꯑꯃꯁꯨꯡ    ꯔ ꯁ ꯜ    ꯑꯔ ꯅꯣ ꯜꯅ    ꯃꯁꯥ    ꯃꯁꯥꯒꯤ    ꯔꯟ    ꯷ ꯷    ꯑꯃꯁꯨꯡ    ꯵ ꯶    ꯂꯧꯗꯨꯅ    ꯔꯟ    ꯲꯲ ꯲    ꯂꯧꯈꯤ,    ꯑꯃꯁꯨꯡ    ꯚꯥꯔꯠꯀꯤ    ꯖ ꯍꯤ ꯔ    ꯈꯥꯟꯅ    ꯔꯟ    ꯴ ꯴ꯗ    ꯋꯤ ꯀꯦꯠ    ꯑꯍꯨꯝ    ꯂꯧꯈꯤ꯫ ",157,56
1477,"ꯁꯤꯅꯤꯌꯔ ꯁꯔꯀꯤꯠꯇ, ꯃꯤꯔꯖꯥꯅ ꯃꯥꯏꯄꯥꯛꯄ ꯑꯗꯨ ꯉꯟꯅ ꯎꯠꯂꯛꯈꯤ ꯃꯔꯝꯗꯤ ꯏꯪ ꯲꯰꯰꯱ꯒꯤ ꯑꯦꯄ꯭ꯔꯤꯜꯒꯤ ꯑꯩꯏꯇꯤꯑꯦꯐ ꯁꯔꯀꯤꯠꯇ ꯆꯥꯍꯤ ꯱꯵ ꯁꯨꯕ ꯑꯃ ꯑꯣꯏꯅ ꯃꯍꯥꯛ ꯏꯍꯥꯟ ꯍꯟꯅ ꯊꯣꯛꯈꯤ꯫","ꯁꯤ ꯅꯤꯌꯔ    ꯁꯔ ꯀꯤ ꯠꯇ,    ꯃꯤꯔ ꯖꯥ ꯅ    ꯃꯥꯏꯄꯥꯛꯄ    ꯑꯗꯨ    ꯉ ꯟꯅ    ꯎꯠ ꯂꯛ ꯈꯤ    ꯃꯔꯝꯗꯤ    ꯏꯪ    ꯲꯰꯰ ꯱ꯒꯤ    ꯑꯦꯄ꯭ꯔꯤ ꯜꯒꯤ    ꯑꯩ ꯏꯇꯤ ꯑꯦ ꯐ    ꯁꯔ ꯀꯤ ꯠꯇ    ꯆꯥ ꯍꯤ    ꯱꯵    ꯁꯨꯕ    ꯑꯃ    ꯑꯣꯏꯅ    ꯃꯍꯥꯛ    ꯏ ꯍꯥꯟ    ꯍꯟꯅ    ꯊꯣꯛꯈꯤ꯫ ",106,39
1478,"ꯑꯁꯦꯡꯕꯗ, ꯀꯔꯤꯒꯨꯝꯕ ꯂꯤꯒ ꯲ꯒꯤ ꯀꯥꯡꯂꯨꯞꯅ ꯏꯪ ꯲꯰꯲꯳ꯒꯤ ꯀ꯭ꯔꯤꯀꯦꯠ ꯋꯥꯔꯜꯗ ꯀꯞ ꯀꯋꯥꯂꯤꯐꯥꯏꯌꯔꯗ ꯀꯥꯡꯂꯨꯞ ꯑꯅꯤ ꯑꯗꯨꯒꯤ ꯃꯔꯛꯇ ꯍꯦꯟꯅ ꯋꯥꯡꯅ ꯂꯣꯏꯁꯜꯂꯕꯗꯤ ꯁꯤ ꯗꯕꯜꯌꯨ ꯁꯤ ꯂꯤꯒ ꯲ꯒꯤ ꯃꯀꯣꯛ ꯊꯪꯕ ꯊꯥꯛꯇ ꯂꯩꯕ ꯀꯥꯡꯂꯨꯞ ꯑꯗꯨꯕꯨ ꯃꯊꯪꯒꯤ ꯲꯰꯲꯰-꯲꯰꯲꯳ꯗ ꯱꯳ꯁꯨꯕ ꯀꯥꯡꯂꯨꯞꯄꯨ ꯃꯥꯡꯍꯟꯗꯨꯅ ꯑꯥꯏ ꯁꯤ ꯁꯤ ꯀ꯭ꯔꯤꯀꯦꯠ ꯋꯥꯔꯜꯗ ꯀꯞ ꯁꯨꯄꯔ ꯂꯤꯒꯇ ꯊꯥꯡꯒꯠꯀꯅꯤ ꯍꯥꯏꯅ ꯈꯟꯅꯔꯝꯃꯤ꯫","ꯑ ꯁꯦꯡ ꯕꯗ,    ꯀꯔꯤꯒꯨꯝꯕ    ꯂꯤꯒ    ꯲ꯒꯤ    ꯀꯥꯡꯂꯨ ꯞꯅ    ꯏꯪ    ꯲꯰꯲ ꯳ꯒꯤ    ꯀ꯭ꯔꯤꯀꯦꯠ    ꯋꯥꯔꯜꯗ    ꯀꯞ    ꯀ ꯋꯥꯂꯤ ꯐꯥꯏ ꯌ ꯔꯗ    ꯀꯥꯡꯂꯨꯞ    ꯑꯅꯤ    ꯑꯗꯨꯒꯤ    ꯃꯔꯛꯇ    ꯍꯦꯟꯅ    ꯋꯥꯡꯅ    ꯂꯣꯏ ꯁ ꯜꯂ ꯕꯗꯤ    ꯁꯤ    ꯗꯕꯜ ꯌꯨ    ꯁꯤ    ꯂꯤꯒ    ꯲ꯒꯤ    ꯃꯀꯣꯛ    ꯊꯪꯕ    ꯊꯥꯛꯇ    ꯂꯩꯕ    ꯀꯥꯡꯂꯨꯞ    ꯑꯗꯨꯕꯨ    ꯃꯊꯪꯒꯤ    ꯲꯰ ꯲꯰ - ꯲꯰꯲ ꯳ꯗ    ꯱꯳ ꯁꯨꯕ    ꯀꯥꯡꯂꯨꯞ ꯄꯨ    ꯃꯥꯡ ꯍꯟꯗꯨꯅ    ꯑ ꯥꯏ    ꯁꯤ    ꯁꯤ    ꯀ꯭ꯔꯤꯀꯦꯠ    ꯋꯥꯔꯜꯗ    ꯀꯞ    ꯁꯨ ꯄꯔ    ꯂꯤ ꯒꯇ    ꯊꯥꯡꯒꯠ ꯀꯅꯤ    ꯍꯥꯏꯅ    ꯈꯟ ꯅꯔꯝꯃꯤ꯫ ",220,69
1479,ꯃꯍꯥꯛꯅ ꯆꯥꯏꯅꯒꯤ ꯁꯤꯟ ꯌꯤꯟ ꯄꯦꯡ ꯑꯃꯁꯨꯡ ꯆꯥꯟ ꯍꯥꯎ-ꯆꯤꯡꯕꯨ ꯃꯥꯏꯊꯤꯕ ꯄꯤꯅꯕ ꯁꯥꯀꯦꯊ ꯃꯤꯅꯦꯅꯤꯒ ꯂꯝꯕꯥ ꯄꯥꯈꯤ ꯑꯃꯁꯨꯡ ꯃꯤꯛ꯭ꯁ ꯗꯕꯜꯁ ꯇꯣꯔꯅꯥꯃꯦꯟ꯭ꯇꯇ ꯁꯥꯅꯥꯒꯤ ꯃꯅꯥ ꯂꯧꯈꯤ꯫,ꯃꯍꯥꯛꯅ    ꯆꯥꯏ ꯅꯒꯤ    ꯁꯤꯟ    ꯌꯤ ꯟ    ꯄꯦ ꯡ    ꯑꯃꯁꯨꯡ    ꯆ ꯥꯟ    ꯍꯥꯎ - ꯆꯤꯡ ꯕꯨ    ꯃꯥꯏꯊꯤꯕ    ꯄꯤꯅꯕ    ꯁꯥ ꯀꯦ ꯊ    ꯃꯤ ꯅꯦ ꯅꯤ ꯒ    ꯂꯝꯕꯥ    ꯄꯥ ꯈꯤ    ꯑꯃꯁꯨꯡ    ꯃꯤ ꯛ ꯭ꯁ    ꯗꯕ ꯜꯁ    ꯇꯣꯔ ꯅꯥꯃꯦꯟ ꯭ꯇ ꯇ    ꯁꯥ ꯅꯥꯒꯤ    ꯃꯅꯥ    ꯂꯧꯈꯤ꯫ ,106,41
1480,"ꯁꯦꯃꯦꯟꯌꯥꯒꯤ ꯂꯩꯕꯥꯛꯅ ꯃꯍꯥꯛꯀꯤ ꯆꯤꯡꯂꯦꯝꯕ, ꯃꯍꯥꯛꯀꯤ ꯍꯛ ꯑꯃꯁꯨꯡ ꯃꯥꯂꯦꯝꯒꯤ ꯁꯥꯟꯅꯕꯁꯤꯡꯗ ꯃꯍꯥꯛꯀꯤ ꯃꯐꯝ ꯉꯥꯛꯁꯦꯟꯅꯕ ꯃꯍꯥꯛꯀꯤ ꯑꯀꯣꯏꯕꯗ ꯆꯠꯈꯤ꯫","ꯁꯦ ꯃꯦꯟ ꯌꯥꯒꯤ    ꯂꯩꯕꯥꯛ ꯅ    ꯃꯍꯥꯛꯀꯤ    ꯆꯤꯡ ꯂꯦ ꯝꯕ ,    ꯃꯍꯥꯛꯀꯤ    ꯍꯛ    ꯑꯃꯁꯨꯡ    ꯃꯥꯂꯦꯝꯒꯤ    ꯁꯥꯟꯅꯕ ꯁꯤꯡꯗ    ꯃꯍꯥꯛꯀꯤ    ꯃꯐꯝ    ꯉꯥꯛꯁꯦꯟ ꯅꯕ    ꯃꯍꯥꯛꯀꯤ    ꯑꯀꯣꯏꯕꯗ    ꯆꯠꯈꯤ꯫ ",92,23
1481,"ꯃꯍꯥꯛ ꯑꯗꯨ ꯏꯁꯇ꯭ꯔꯦꯠ ꯑꯣꯐ ꯒꯤꯕ꯭ꯔꯥꯜꯇꯥꯔ ꯑꯗꯨ, ꯇꯤꯔꯔꯦꯅꯤꯌꯥꯟ ꯁꯤ, ꯀꯨꯛ ꯏꯁꯇ꯭ꯔꯦꯠ, ꯒ꯭ꯔꯤꯁꯇ ꯇꯣꯔꯣꯅꯦꯌꯣꯁ ꯒꯜꯐ (ꯒꯜꯐ ꯑꯣꯐ ꯀꯁꯁꯥꯟꯗ꯭ꯔꯥ), ꯀꯦꯂꯤꯐꯣꯔꯅꯤꯌꯥ ꯇꯣꯔꯕꯥꯟꯒꯤ ꯆꯥꯇꯥꯂꯤꯅꯥ ꯆꯦꯅꯦꯜꯗ ꯑꯃꯁꯨꯡ ꯁꯥꯎꯊ ꯑꯐꯤꯀꯥꯒꯤ ꯀꯦꯞ ꯇꯥꯎꯟ ꯃꯅꯥꯛꯇ ꯊꯔꯤ ꯑꯦꯟꯀꯔ ꯕꯦꯗꯒꯤ ꯔꯣꯕꯕꯦꯟ ꯑꯥꯏꯂꯦꯟ ꯐꯥꯎꯕ ꯌꯥꯎꯅ ꯏꯪ ꯲꯰꯰꯵ꯇ ꯃꯍꯥꯗꯦꯁ ꯃꯉꯥꯒꯤ ꯁꯥꯃꯨꯗ꯭ꯔꯒꯤ ꯏꯔꯦꯟꯄꯨꯡ ꯑꯅꯤ ꯁꯝꯅꯔꯤꯕ ꯏꯄꯥꯛꯁꯤꯡꯗ ꯏꯔꯣꯏꯈꯤꯕ ꯑꯍꯥꯟꯕ ꯅꯨꯄꯤ ꯑꯣꯏꯈꯤ ꯫","ꯃꯍꯥꯛ    ꯑꯗꯨ    ꯏꯁ ꯇ꯭ꯔꯦ ꯠ    ꯑꯣꯐ    ꯒꯤ ꯕ꯭ꯔꯥ ꯜ ꯇꯥꯔ   ꯑꯗꯨ ,    ꯇꯤꯔ ꯔꯦ ꯅꯤ ꯌꯥꯟ    ꯁꯤ ,    ꯀꯨ ꯛ    ꯏꯁ ꯇ꯭ꯔꯦ ꯠ,    ꯒ꯭ꯔꯤ ꯁꯇ    ꯇꯣ ꯔꯣ ꯅꯦ ꯌꯣ ꯁ    ꯒꯜ ꯐ    ( ꯒꯜ ꯐ    ꯑꯣꯐ    ꯀ ꯁ ꯁꯥꯟ ꯗ꯭ꯔꯥ ),    ꯀꯦꯂꯤꯐꯣꯔ ꯅꯤꯌꯥ    ꯇꯣꯔꯕ ꯥꯟꯒꯤ    ꯆꯥ ꯇꯥ ꯂꯤ ꯅꯥ    ꯆꯦ ꯅꯦ ꯜꯗ    ꯑꯃꯁꯨꯡ    ꯁꯥꯎꯊ    ꯑ ꯐꯤ ꯀꯥꯒꯤ    ꯀꯦ ꯞ    ꯇ ꯥꯎꯟ    ꯃꯅꯥꯛꯇ    ꯊ ꯔꯤ    ꯑꯦꯟ ꯀꯔ    ꯕꯦ ꯗꯒꯤ    ꯔꯣ ꯕ ꯕ ꯦꯟ    ꯑꯥꯏ ꯂꯦꯟ    ꯐꯥꯎꯕ    ꯌꯥꯎꯅ    ꯏꯪ    ꯲꯰꯰ ꯵ ꯇ    ꯃꯍꯥ ꯗꯦꯁ    ꯃꯉꯥꯒꯤ    ꯁꯥꯃꯨ ꯗ꯭ꯔ ꯒꯤ    ꯏ ꯔꯦꯟ ꯄꯨꯡ    ꯑꯅꯤ    ꯁꯝꯅ ꯔꯤꯕ    ꯏ ꯄꯥꯛ ꯁꯤꯡꯗ    ꯏ ꯔꯣꯏ ꯈꯤꯕ    ꯑꯍꯥꯟꯕ    ꯅꯨꯄꯤ    ꯑꯣꯏꯈꯤ    ꯫ ",258,102
1482,ꯃꯍꯥꯛ ꯂꯝ ꯑꯃꯒꯤ ꯀꯥꯡꯂꯨꯞꯀꯤ ꯅꯦꯁꯅꯦꯜ ꯆꯦꯝꯄꯤꯌꯟꯁꯤꯞꯁꯤꯡꯗ ꯑꯍꯜꯒꯤ ꯀꯥꯡꯂꯨꯞꯇ ꯃꯅꯥꯁꯤꯡ ꯈ꯭ꯋꯥꯏꯗꯒꯤ ꯂꯩꯕꯒꯤ ꯂꯩꯕꯥꯛꯀꯤ ꯆꯦꯆꯟ ꯄꯥꯏ꯫,ꯃꯍꯥꯛ    ꯂꯝ    ꯑꯃꯒꯤ    ꯀꯥꯡꯂꯨꯞꯀꯤ    ꯅꯦꯁꯅꯦꯜ    ꯆꯦꯝꯄꯤꯌꯟꯁꯤꯞ ꯁꯤꯡꯗ    ꯑꯍ ꯜꯒꯤ    ꯀꯥꯡꯂꯨ ꯞꯇ    ꯃꯅꯥ ꯁꯤꯡ    ꯈ꯭ꯋꯥꯏꯗꯒꯤ    ꯂꯩꯕꯒꯤ    ꯂꯩꯕꯥꯛꯀꯤ    ꯆꯦ ꯆ ꯟ    ꯄꯥꯏ ꯫ ,84,21
1483,"ꯃꯍꯥꯛ ꯑꯁꯤ ꯏꯪ ꯲꯰꯰꯶ꯀꯤ ꯀꯣꯃꯟꯋꯦꯜꯊ ꯒꯦꯝꯁ ꯑꯃꯗ ꯑꯃꯁꯨꯡ ꯑꯦꯁꯤꯌꯥꯟ ꯒꯦꯝꯁ ꯑꯅꯤ ꯲꯰꯱꯰, ꯲꯰꯱꯴ ꯃꯊꯪ ꯃꯊꯪ ꯑꯣꯏꯅ ꯅꯦꯁꯟꯅꯦꯜ ꯀꯥꯡꯂꯨꯞꯀꯤ ꯃꯤꯍꯨꯠ ꯑꯣꯏꯈꯤꯕ ꯚꯥꯔꯠꯀꯤ ꯑꯍꯥꯟꯕ ꯕꯥꯁꯀꯦꯠꯕꯣꯜ ꯄ꯭ꯂꯦꯌꯔ ꯅꯤ꯫","ꯃꯍꯥꯛ    ꯑꯁꯤ    ꯏꯪ    ꯲꯰꯰ ꯶ꯀꯤ    ꯀꯣ ꯃꯟ ꯋꯦꯜ ꯊ    ꯒꯦꯝ ꯁ    ꯑꯃꯗ    ꯑꯃꯁꯨꯡ    ꯑꯦꯁꯤꯌꯥꯟ    ꯒꯦꯝ ꯁ    ꯑꯅꯤ    ꯲꯰꯱ ꯰ ,    ꯲꯰꯱꯴    ꯃꯊꯪ    ꯃꯊꯪ    ꯑꯣꯏꯅ    ꯅꯦꯁ ꯟ ꯅꯦꯜ    ꯀꯥꯡꯂꯨꯞꯀꯤ    ꯃꯤꯍꯨꯠ    ꯑꯣꯏ ꯈꯤꯕ    ꯚꯥꯔꯠꯀꯤ    ꯑꯍꯥꯟꯕ    ꯕꯥꯁ ꯀꯦ ꯠꯕꯣꯜ    ꯄ꯭ꯂꯦ ꯌꯔ    ꯅꯤ꯫ ",123,39
1484,"ꯃꯔꯛ ꯑꯁꯤꯗ, ꯂꯥꯍꯤꯔꯤꯒꯤ ꯌꯨꯔꯣꯄꯤꯌꯟ ꯇꯣꯔꯒꯤ ꯊꯣꯏꯈꯤꯕ ꯑꯅꯤ ꯂꯩ ꯑꯃꯁꯨꯡ ꯑꯦꯁꯤꯌꯥꯟ ꯇꯣꯔꯒꯤ ꯊꯣꯏꯈꯤꯕ ꯇꯥꯔꯦꯠ ꯂꯩ꯫","ꯃꯔꯛ    ꯑꯁꯤꯗ,    ꯂꯥ ꯍꯤ ꯔꯤꯒꯤ    ꯌꯨꯔꯣꯄꯤꯌꯟ    ꯇꯣ ꯔꯒꯤ    ꯊꯣꯏ ꯈꯤꯕ    ꯑꯅꯤ    ꯂꯩ    ꯑꯃꯁꯨꯡ    ꯑꯦꯁꯤꯌꯥꯟ    ꯇꯣ ꯔꯒꯤ    ꯊꯣꯏ ꯈꯤꯕ    ꯇꯥꯔ ꯦ ꯠ    ꯂꯩ꯫ ",71,22
1485,"ꯃꯍꯥꯛꯅ ꯕꯨꯁꯥꯟ, ꯁꯥꯎꯊ ꯀꯣꯔꯤꯌꯥꯒꯤ ꯲꯰꯰꯲ ꯑꯦꯁꯤꯌꯥꯟ ꯒꯦꯝꯁꯇ ꯂꯨꯄꯥꯒꯤ ꯃꯅꯥ ꯊꯣꯏꯔꯛꯄ ꯃꯇꯝꯗ ꯃꯍꯥꯛ ꯃꯤꯌꯥꯝꯅ ꯈꯪꯅꯕ ꯑꯣꯏꯈꯤ꯫","ꯃꯍꯥꯛꯅ    ꯕꯨ ꯁꯥꯟ ,    ꯁꯥꯎꯊ    ꯀꯣꯔꯤ ꯌꯥꯒꯤ    ꯲꯰꯰ ꯲    ꯑꯦꯁꯤꯌꯥꯟ    ꯒꯦꯝꯁꯇ    ꯂꯨ ꯄꯥꯒꯤ    ꯃꯅꯥ    ꯊꯣꯏ ꯔꯛꯄ    ꯃꯇꯝꯗ    ꯃꯍꯥꯛ    ꯃꯤꯌꯥꯝꯅ    ꯈꯪꯅꯕ    ꯑꯣꯏꯈꯤ꯫ ",78,21
1486,"ꯄꯨꯟꯅ, ꯃꯁꯤꯒꯤ ꯊꯧꯔꯝ ꯃꯔꯤ ꯑꯁꯤ ꯃꯦꯖꯔꯁ ꯅꯠꯇ꯭ꯔꯒ ꯏ꯭ꯂꯦꯝꯁ (ꯕꯦꯖꯕꯣꯜꯒꯤ ꯃꯍꯨꯠꯇ ꯕ꯭ꯔꯤꯗꯖꯇꯒꯤ ꯄꯨꯕ ꯋꯥꯍꯩ) ꯀꯧꯋꯤ꯫","ꯄꯨꯟ ꯅ,    ꯃꯁꯤꯒꯤ    ꯊꯧꯔꯝ    ꯃꯔꯤ    ꯑꯁꯤ    ꯃꯦ ꯖꯔ ꯁ    ꯅꯠꯇ꯭ꯔꯒ    ꯏ ꯭ ꯂꯦꯝ ꯁ    ( ꯕꯦ ꯖ ꯕꯣꯜꯒꯤ    ꯃꯍꯨꯠꯇ    ꯕ꯭ꯔꯤ ꯗ ꯖ ꯇꯒꯤ    ꯄꯨꯕ    ꯋꯥꯍꯩ )    ꯀꯧ ꯋꯤ꯫ ",73,28
1487,"ꯑꯣꯂꯦꯝꯄꯤꯛꯀꯤ ꯐꯤꯔꯥꯟ ꯑꯗꯨ ꯂꯝꯄꯥꯛꯀꯤ ꯑꯀꯣꯏꯕ ꯑꯗꯨꯗ ꯍꯥꯟꯅꯒꯤ ꯑꯣꯁꯇ꯭ꯔꯦꯂꯤꯌꯥꯒꯤ ꯑꯣꯂꯦꯝꯄꯤꯛꯀꯤ ꯑꯊꯣꯏꯕ ꯃꯤ ꯅꯤꯄꯥꯟ: ꯕꯤꯜ ꯔꯣꯏꯀ꯭ꯔꯣꯐ, ꯃꯨꯔꯔꯦ ꯔꯣꯖ, ꯂꯤꯌꯥꯟ ꯇꯨꯊ, ꯒꯤꯂꯤꯌꯥꯟ ꯔꯣꯜꯇꯣꯟ, ꯃꯥꯔꯖꯔꯤ ꯖꯦꯛꯁꯟ, ꯂꯣꯔꯦꯟ ꯀ꯭ꯔꯥꯞ, ꯃꯥꯏꯀꯦꯜ ꯋꯦꯟꯗꯦꯟ ꯑꯃꯁꯨꯡ ꯅꯤꯛ ꯒ꯭ꯔꯤꯟꯅ ꯄꯨꯈꯤ꯫","ꯑꯣ ꯂꯦ ꯝꯄꯤ ꯛꯀꯤ    ꯐꯤ ꯔ ꯥꯟ    ꯑꯗꯨ    ꯂꯝ ꯄꯥꯛ ꯀꯤ    ꯑꯀꯣꯏ ꯕ    ꯑꯗꯨꯗ    ꯍꯥꯟꯅꯒꯤ    ꯑꯣꯁꯇ꯭ꯔꯦꯂꯤ ꯌꯥꯒꯤ    ꯑꯣ ꯂꯦ ꯝꯄꯤ ꯛꯀꯤ    ꯑꯊꯣꯏꯕ    ꯃꯤ    ꯅꯤꯄꯥꯟ :    ꯕꯤꯜ    ꯔꯣꯏ ꯀ꯭ꯔꯣ ꯐ ,    ꯃꯨꯔ ꯔꯦ    ꯔꯣ ꯖ,    ꯂꯤ ꯌꯥꯟ    ꯇꯨ ꯊ ,    ꯒꯤ ꯂꯤ ꯌꯥꯟ    ꯔꯣ ꯜ ꯇꯣ ꯟ,    ꯃꯥꯔ ꯖ ꯔꯤ    ꯖꯦ ꯛ ꯁꯟ ,    ꯂꯣ ꯔ ꯦꯟ    ꯀ꯭ꯔꯥ ꯞ,    ꯃꯥꯏ ꯀꯦꯜ    ꯋ ꯦꯟ ꯗꯦꯟ    ꯑꯃꯁꯨꯡ    ꯅꯤꯛ    ꯒ꯭ꯔꯤ ꯟꯅ    ꯄꯨ ꯈꯤ꯫ ",174,69
1488,"ꯁꯤꯗꯅꯤ ꯑꯣꯄꯦꯔꯥ ꯍꯥꯎꯁꯀꯤ ꯑꯈꯣꯏꯕꯗ ꯁꯦꯝꯕ ꯕ꯭ꯔꯤꯖꯤꯠ ꯃꯦꯛꯃꯦꯍꯟꯅ ꯁ꯭ꯋꯤꯠꯖꯔꯂꯦꯟꯒꯤ ꯃꯤꯍꯨꯠ ꯑꯣꯏꯅ ꯏꯔꯣꯏꯈꯤ, ꯁꯥꯏꯀꯜ ꯊꯧꯈꯤ ꯑꯃꯁꯨꯡ ꯃꯌꯥꯝꯅ ꯄꯥꯝꯅꯕ ꯂꯝꯗꯨꯒꯤ ꯁꯥꯟꯅꯔꯣꯏ ꯑꯣꯏꯕ ꯂꯨꯄꯥꯒꯤ ꯃꯅꯥ ꯐꯪꯈꯤꯕ ꯃꯤꯆꯦꯜꯂꯤ ꯖꯣꯟꯁꯒꯨꯝꯕ ꯁꯥꯟꯅꯔꯣꯏꯕꯨ ꯃꯥꯏꯊꯤꯕ ꯄꯤꯗꯨꯅ ꯁꯥꯟꯅꯕ ꯑꯗꯨꯒꯤ ꯑꯍꯥꯟꯕ ꯁꯅꯥꯒꯤ ꯃꯅꯥ ꯂꯣꯝꯗ ꯆꯦꯟꯈꯤ ꯫","ꯁꯤꯗ ꯅꯤ    ꯑꯣ ꯄꯦ ꯔꯥ    ꯍꯥꯎ ꯁꯀꯤ    ꯑ ꯈꯣꯏ ꯕꯗ    ꯁꯦꯝꯕ    ꯕ꯭ꯔꯤ ꯖꯤꯠ    ꯃꯦꯛ ꯃꯦ ꯍꯟꯅ    ꯁ꯭ꯋꯤ ꯠ ꯖꯔ ꯂꯦꯟꯒꯤ    ꯃꯤꯍꯨꯠ    ꯑꯣꯏꯅ    ꯏ ꯔꯣꯏ ꯈꯤ,    ꯁꯥꯏꯀꯜ    ꯊꯧ ꯈꯤ    ꯑꯃꯁꯨꯡ    ꯃꯌꯥꯝꯅ    ꯄꯥꯝꯅꯕ    ꯂꯝ ꯗꯨꯒꯤ    ꯁꯥꯟꯅꯔꯣꯏ    ꯑꯣꯏꯕ    ꯂꯨ ꯄꯥꯒꯤ    ꯃꯅꯥ    ꯐꯪꯈꯤꯕ    ꯃꯤ ꯆꯦꯜꯂꯤ    ꯖꯣꯟ ꯁ ꯒꯨꯝꯕ    ꯁꯥꯟꯅꯔꯣꯏ ꯕꯨ    ꯃꯥꯏꯊꯤꯕ    ꯄꯤꯗꯨꯅ    ꯁꯥꯟꯅꯕ    ꯑꯗꯨꯒꯤ    ꯑꯍꯥꯟꯕ    ꯁꯅꯥꯒꯤ    ꯃꯅꯥ    ꯂꯣꯝꯗ    ꯆꯦꯟ ꯈꯤ    ꯫ ",193,57
1489,ꯇ꯭ꯔꯤꯌꯥꯊꯂꯣꯟꯅ ꯑꯍꯥꯟꯕ ꯑꯣꯂꯦꯝꯄꯤꯆ ꯌꯥꯎꯕꯗꯨ ꯅꯨꯄꯤꯒꯤ ꯂꯝꯖꯦꯜꯅ ꯍꯧꯈꯤ꯫,ꯇ꯭ꯔꯤ ꯌꯥ ꯊ ꯂꯣꯟꯅ    ꯑꯍꯥꯟꯕ    ꯑꯣ ꯂꯦ ꯝꯄꯤ ꯆ    ꯌꯥꯎ ꯕꯗꯨ    ꯅꯨꯄꯤꯒꯤ    ꯂꯝꯖꯦ ꯜꯅ    ꯍꯧꯈꯤ꯫ ,47,15
1490,"ꯑꯁꯦꯡꯕ ꯄꯨꯟꯁꯤꯗ ""ꯀꯨꯠꯇꯤꯅꯥꯔꯥꯌꯥꯅꯟ"" ꯍꯥꯏꯅ ꯈꯪꯅꯕ, ꯃꯁꯤꯒꯤ ꯁꯥꯃꯨ ꯑꯁꯤꯅ ꯆꯥꯍꯤ ꯇꯥꯔꯦꯠ ꯁꯨꯕ ꯃꯇꯝꯗ ꯃꯍꯥꯛꯅ ꯁꯦꯞꯇꯤꯛ ꯇꯦꯡꯀ ꯑꯃꯗ ꯅꯦꯠꯂꯨꯕꯗ ꯈꯨꯗꯣꯡ ꯊꯤꯕ ꯊꯧꯗꯣꯛ ꯑꯃ ꯊꯣꯛꯄꯗꯒꯤ ꯃꯒꯤ ꯃꯈꯣꯡ ꯇꯦꯛꯈꯤ꯫","ꯑꯁꯦꯡꯕ    ꯄꯨꯟꯁꯤꯗ    "" ꯀꯨ ꯠ ꯇꯤ ꯅꯥꯔꯥ ꯌꯥꯅ ꯟ ""    ꯍꯥꯏꯅ    ꯈꯪ ꯅꯕ,    ꯃꯁꯤꯒꯤ    ꯁꯥ ꯃꯨ    ꯑꯁꯤꯅ    ꯆꯥ ꯍꯤ    ꯇꯥꯔ ꯦ ꯠ    ꯁꯨꯕ    ꯃꯇꯝꯗ    ꯃꯍꯥꯛꯅ    ꯁꯦꯞ ꯇꯤꯛ    ꯇꯦꯡ ꯀ    ꯑꯃꯗ    ꯅꯦꯠ ꯂꯨ ꯕꯗ    ꯈꯨꯗꯣ ꯡ    ꯊꯤꯕ    ꯊꯧꯗꯣꯛ    ꯑꯃ    ꯊꯣꯛ ꯄꯗꯒꯤ    ꯃꯒꯤ    ꯃꯈ ꯣꯡ    ꯇꯦꯛ ꯈꯤ꯫ ",124,45
1491,ꯁꯤꯖꯤꯟꯅꯕ ꯃꯥꯑꯣꯡ ꯑꯁꯤ ꯏꯪ ꯱꯸꯷꯵ꯇ ꯋꯤꯡꯐꯤꯜꯒꯤ ꯃꯥꯑꯣꯡꯒꯤ ꯃꯥꯔꯀꯥꯁꯤꯡ ꯑꯗꯨꯒ ꯃꯥꯟꯅꯅ ꯌꯥꯎꯕ ꯍꯧꯖꯤꯛ ꯂꯩꯔꯤꯕ ꯀꯣꯔꯠ ꯃꯥꯑꯣꯡ ꯃꯇꯧ ꯑꯗꯨꯗ ꯁꯦꯝꯗꯣꯛꯈꯤ ꯑꯗꯨꯕꯨ ꯃꯍꯥꯛꯀꯤ ꯀꯣꯔꯠꯇ ꯄꯨꯡ ꯇꯥꯛꯄ ꯂꯤꯛꯂꯤꯒꯤ ꯃꯥꯑꯣꯡ ꯑꯗꯨꯗꯒꯤ ꯃꯥꯏꯌꯣꯛꯅꯕ ꯃꯥꯏꯀꯩ ꯑꯅꯤ ꯁꯥꯡꯕ ꯃꯥꯟꯅꯕ ꯔꯥꯏꯠ ꯑꯦꯡꯒꯜ ꯃꯔꯤ ꯂꯩꯕ ꯑꯆꯨꯝꯕ ꯂꯥꯏ ꯃꯔꯤꯅ ꯁꯦꯝꯕ ꯂꯥꯏꯌꯦꯛꯇ ꯍꯣꯡꯗꯣꯛꯈꯤ ꯫,ꯁꯤꯖꯤꯟꯅꯕ    ꯃꯥ ꯑꯣ ꯡ    ꯑꯁꯤ    ꯏꯪ    ꯱꯸ ꯷ ꯵ ꯇ    ꯋꯤ ꯡ ꯐꯤ ꯜꯒꯤ    ꯃꯥ ꯑꯣ ꯡꯒꯤ    ꯃꯥꯔ ꯀꯥ ꯁꯤꯡ    ꯑꯗꯨꯒ    ꯃꯥꯟꯅꯅ    ꯌꯥꯎꯕ    ꯍꯧꯖꯤꯛ    ꯂꯩꯔꯤꯕ    ꯀꯣꯔꯠ    ꯃꯥ ꯑꯣ ꯡ    ꯃꯇꯧ    ꯑꯗꯨꯗ    ꯁꯦꯝꯗꯣꯛ ꯈꯤ    ꯑꯗꯨꯕꯨ    ꯃꯍꯥꯛꯀꯤ    ꯀꯣꯔ ꯠꯇ    ꯄꯨꯡ    ꯇꯥꯛꯄ    ꯂꯤ ꯛ ꯂꯤꯒꯤ    ꯃꯥ ꯑꯣ ꯡ    ꯑꯗꯨꯗꯒꯤ    ꯃꯥꯏꯌꯣꯛ ꯅꯕ    ꯃꯥꯏꯀꯩ    ꯑꯅꯤ    ꯁꯥꯡꯕ    ꯃꯥꯟꯅꯕ    ꯔꯥꯏ ꯠ    ꯑꯦꯡ ꯒꯜ    ꯃꯔꯤ    ꯂꯩꯕ    ꯑꯆꯨꯝꯕ    ꯂꯥꯏ    ꯃꯔꯤ ꯅ    ꯁꯦꯝꯕ    ꯂꯥꯏ ꯌꯦ ꯛꯇ    ꯍꯣꯡꯗꯣꯛ ꯈꯤ    ꯫ ,205,69
1492,ꯏꯁꯄ꯭ꯔꯤꯟꯇꯤꯡꯗ ꯌꯨꯅꯥꯏꯇꯦꯠ ꯏ꯭ꯁꯇꯦꯠꯁꯅ ꯃꯀꯣꯛ ꯊꯣꯡꯅ ꯂꯩꯕ ꯑꯗꯨ ꯑꯁꯥꯡꯕ ꯂꯝꯕꯤꯒꯤ ꯂꯝꯖꯦꯟꯗꯗꯤ ꯌꯨꯅꯥꯏꯇꯦꯠ ꯀꯤꯡꯗꯝꯅ ꯂꯝꯕꯥ ꯑꯣꯏꯔꯛꯈꯤ꯫,ꯏꯁ ꯄ꯭ꯔꯤꯟ ꯇꯤ ꯡꯗ    ꯌꯨꯅꯥꯏꯇꯦꯠ    ꯏ ꯭ ꯁꯇꯦ ꯠ ꯁꯅ    ꯃꯀꯣꯛ    ꯊꯣꯡ ꯅ    ꯂꯩꯕ    ꯑꯗꯨ    ꯑꯁꯥꯡꯕ    ꯂꯝꯕꯤꯒꯤ    ꯂꯝ ꯖꯦꯟ ꯗꯗꯤ    ꯌꯨꯅꯥꯏꯇꯦꯠ    ꯀꯤꯡ ꯗ ꯝꯅ    ꯂꯝꯕꯥ    ꯑꯣꯏꯔꯛꯈꯤ꯫ ,86,26
1493,"ꯑꯅꯤꯁꯨꯕ ꯇꯥꯡꯀꯛꯇ, ꯃꯍꯥꯛꯅ ꯀ꯭ꯋꯥꯇꯔ ꯐꯥꯏꯅꯦꯜꯁꯇ ꯆꯪꯅꯕ ꯑꯦꯅꯤ ꯀ꯭ꯌꯣꯊꯥꯚꯣꯡꯕꯨ ꯃꯥꯏꯊꯤꯕ ꯄꯤꯈꯤ, ꯃꯗꯨꯗ ꯃꯍꯥꯛ ꯁꯤꯌꯦ ꯁꯨ-ꯋꯩꯒꯤ ꯃꯈꯨꯠꯇ ꯃꯥꯏꯊꯤꯈꯤ꯫","ꯑꯅꯤꯁꯨꯕ    ꯇꯥꯡꯀ ꯛꯇ,    ꯃꯍꯥꯛꯅ    ꯀ꯭ꯋꯥ ꯇꯔ    ꯐꯥꯏꯅꯦ ꯜ ꯁꯇ    ꯆꯪ ꯅꯕ    ꯑꯦ ꯅꯤ    ꯀ꯭ꯌ ꯣ ꯊꯥ ꯚ ꯣꯡ ꯕꯨ    ꯃꯥꯏꯊꯤꯕ    ꯄꯤꯈꯤ,    ꯃꯗꯨꯗ    ꯃꯍꯥꯛ    ꯁꯤ ꯌꯦ   ꯁꯨ - ꯋ ꯩꯒꯤ    ꯃꯈꯨ ꯠꯇ    ꯃꯥꯏꯊꯤ ꯈꯤ꯫ ",94,33
1494,"ꯃꯁꯥꯟꯅ ꯑꯗꯨꯕꯨ ꯃꯥꯈꯣꯏꯒꯤ ꯂꯥꯏꯌꯦꯛꯄꯗ ꯎꯠꯈꯤꯕ ꯐꯔꯥꯟ꯭ꯁꯀꯤ ꯑꯇꯣꯞꯄ ꯀꯂꯥꯀꯥꯔꯁꯤꯡꯗ ꯑꯜꯕꯔꯠ ꯒ꯭ꯂꯦꯖꯤꯁꯀꯤ ꯂꯦꯁ ꯖꯨꯑꯌꯥ ꯗꯤ ꯐꯨꯇꯕꯣꯜ (꯱꯹꯱꯲), ꯔꯣꯕꯔꯠ ꯗꯦꯂꯣꯅꯦꯒꯤ ꯐꯨꯠꯕꯣꯜ꯬ ꯂꯦꯀꯤꯞ ꯗꯤ ꯀꯥꯔꯗꯤꯐ (꯱꯹꯱꯶) ꯑꯃꯁꯨꯡ ꯑꯦꯟꯗ꯭ꯔꯦ ꯂꯣꯠꯀꯤ ꯄꯥꯔꯇꯤ ꯗꯤ ꯔꯒꯕꯤ (꯱꯹꯱꯷) ꯌꯥꯎꯋꯤ꯫","ꯃꯁꯥꯟꯅ    ꯑꯗꯨꯕꯨ    ꯃꯥ ꯈ ꯣꯏꯒꯤ    ꯂꯥꯏ ꯌꯦ ꯛꯄꯗ    ꯎꯠ ꯈꯤꯕ    ꯐꯔ ꯥꯟ ꯭ꯁꯀꯤ    ꯑꯇꯣꯞꯄ    ꯀꯂꯥ ꯀꯥꯔ ꯁꯤꯡꯗ    ꯑꯜ ꯕꯔ ꯠ    ꯒ꯭ ꯂꯦꯖꯤ ꯁꯀꯤ    ꯂꯦꯁ    ꯖꯨ ꯑ ꯌꯥ    ꯗꯤ    ꯐꯨ ꯇ ꯕꯣꯜ    ( ꯱꯹ ꯱꯲ ),    ꯔꯣ ꯕꯔ ꯠ    ꯗꯦ ꯂꯣ ꯅꯦ ꯒꯤ    ꯐꯨꯠ ꯕꯣꯜ ꯬   ꯂꯦ ꯀꯤ ꯞ    ꯗꯤ    ꯀꯥꯔ ꯗꯤ ꯐ    ( ꯱꯹ ꯱꯶ )    ꯑꯃꯁꯨꯡ    ꯑꯦꯟ ꯗ꯭ꯔꯦ    ꯂꯣ ꯠꯀꯤ    ꯄꯥꯔꯇꯤ    ꯗꯤ    ꯔꯒ ꯕꯤ    ( ꯱꯹ ꯱꯷ )    ꯌꯥꯎꯋꯤ꯫ ",169,70
1495,ꯂꯝꯕꯤ ꯑꯁꯤꯅ ꯑꯋꯥꯡ ꯚꯥꯔꯠꯀꯤ ꯆꯥꯟꯅ ꯊꯛꯅꯕꯗ ꯍꯦꯟꯅ ꯍꯩꯕ ꯇꯥꯔꯕꯁꯨ ꯚꯥꯔꯠꯀꯤ ꯑꯇꯣꯞꯄ ꯆꯥꯟꯅ ꯊꯛꯅꯕꯁꯤꯡꯁꯨ ꯃꯐꯝ ꯑꯁꯤꯗ ꯐꯪꯉꯤ ꯫,ꯂꯝꯕꯤ    ꯑꯁꯤꯅ    ꯑꯋꯥꯡ    ꯚꯥꯔꯠꯀꯤ    ꯆꯥꯟ ꯅ    ꯊꯛ ꯅꯕꯗ    ꯍꯦꯟꯅ    ꯍꯩꯕ    ꯇꯥꯔ ꯕꯁꯨ    ꯚꯥꯔꯠꯀꯤ    ꯑꯇꯣꯞꯄ    ꯆꯥꯟ ꯅ    ꯊꯛ ꯅꯕ ꯁꯤꯡꯁꯨ    ꯃꯐꯝ    ꯑꯁꯤꯗ    ꯐꯪ ꯉꯤ    ꯫ ,76,24
1496,"ꯕꯥꯀꯨꯒꯤ ꯅꯥꯠꯀꯤ ꯑꯣꯏꯕ ꯃꯐꯝꯁꯤꯡꯒꯤ ꯃꯅꯨꯡꯗ ꯑꯖꯦꯔꯕꯥꯏꯖꯥꯟ ꯏ꯭ꯁꯇꯦꯠ ꯐꯤꯜꯍꯥꯔꯃꯣꯅꯤꯛ ꯍꯣꯜ, ꯑꯖꯦꯔꯕꯥꯏꯖꯥꯟ ꯏ꯭ꯁꯇꯦꯠ ꯑꯦꯀꯥꯗꯦꯃꯤꯛ ꯑꯣꯄꯦꯔꯥ ꯑꯃꯁꯨꯡ ꯕꯦꯂꯦꯠ ꯊꯤꯌꯦꯇꯔ ꯌꯥꯎꯋꯤ꯫","ꯕꯥ ꯀꯨ ꯒꯤ    ꯅꯥꯠꯀꯤ    ꯑꯣꯏꯕ    ꯃꯐꯝꯁꯤꯡꯒꯤ    ꯃꯅꯨꯡꯗ    ꯑ ꯖꯦ ꯔꯕ ꯥꯏ ꯖ ꯥꯟ    ꯏ ꯭ ꯁꯇꯦ ꯠ    ꯐꯤꯜ ꯍꯥꯔ ꯃꯣ ꯅꯤꯛ    ꯍꯣ ꯜ,    ꯑ ꯖꯦ ꯔꯕ ꯥꯏ ꯖ ꯥꯟ    ꯏ ꯭ ꯁꯇꯦ ꯠ    ꯑꯦꯀꯥꯗꯦ ꯃꯤꯛ    ꯑꯣ ꯄꯦ ꯔꯥ    ꯑꯃꯁꯨꯡ    ꯕꯦ ꯂꯦꯠ    ꯊꯤꯌꯦ ꯇꯔ    ꯌꯥꯎꯋꯤ꯫ ",112,44
1497,"ꯕꯥꯅꯨꯑꯇꯨ ꯑꯃꯨꯡ ꯁꯣꯂꯣꯃꯣꯟ ꯏꯊꯠꯁꯤꯡ ꯑꯁꯤꯁꯨ ꯃꯍꯧꯁꯥꯒꯤ ꯐꯥꯖꯕꯗ ꯑꯋꯥꯠꯄ ꯑꯃꯠꯇ ꯂꯩꯇꯦ; ꯑꯗꯨꯕꯨ ꯂꯝ ꯑꯅꯤ ꯑꯁꯤꯗ ꯂꯝ ꯀꯣꯏꯕ ꯂꯥꯛꯄ ꯃꯤꯑꯣꯏꯁꯤꯡ ꯌꯥꯝꯅ ꯌꯥꯝꯗꯅ ꯂꯥꯛꯏ, ꯃꯐꯝ ꯑꯁꯤꯒꯤ ꯃꯁꯛ ꯈꯪꯍꯟꯕ ꯃꯐꯝ ꯑꯁꯤ ꯇꯣꯏꯅ ꯃꯒꯨꯟ ꯍꯟꯊꯅ ꯎꯠꯂꯤ꯫","ꯕꯥ ꯅꯨ ꯑꯇ ꯨ    ꯑꯃ ꯨꯡ    ꯁꯣ ꯂꯣ ꯃꯣ ꯟ    ꯏꯊꯠꯁꯤꯡ    ꯑꯁꯤꯁꯨ    ꯃꯍꯧꯁꯥꯒꯤ    ꯐꯥ ꯖ ꯕꯗ    ꯑꯋꯥ ꯠꯄ    ꯑꯃꯠꯇ    ꯂꯩꯇꯦ ;    ꯑꯗꯨꯕꯨ    ꯂꯝ    ꯑꯅꯤ    ꯑꯁꯤꯗ    ꯂꯝ    ꯀꯣꯏ ꯕ    ꯂꯥꯛꯄ    ꯃꯤꯑꯣꯏꯁꯤꯡ    ꯌꯥꯝꯅ    ꯌꯥꯝ ꯗꯅ    ꯂꯥꯛ ꯏ,    ꯃꯐꯝ    ꯑꯁꯤꯒꯤ    ꯃꯁꯛ    ꯈꯪ ꯍꯟꯕ    ꯃꯐꯝ    ꯑꯁꯤ    ꯇꯣꯏꯅ    ꯃꯒꯨꯟ    ꯍꯟꯊ ꯅ    ꯎꯠꯂꯤ꯫ ",140,47
1498,"ꯏꯪ ꯲꯰꯱꯶ꯒꯤ ꯁꯦꯞꯇꯦꯝꯕꯔ ꯐꯥꯎꯕꯗ, ꯁꯦꯟꯖꯦꯟ ꯑꯃꯁꯨꯡ ꯍꯣꯡ ꯀꯣꯡꯒꯤ ꯃꯔꯛꯀꯤ ꯉꯝꯈꯩꯗ ꯂꯥꯟꯊꯣꯛꯐꯝ ꯃꯥꯄꯟ ꯂꯩꯔꯦ, ꯃꯔꯛ ꯑꯁꯤꯗ ꯇꯥꯔꯨꯛꯇꯤ ꯂꯩꯕꯥꯛꯀꯤ ꯁꯝꯅꯐꯝꯅꯤ꯫","ꯏꯪ    ꯲꯰꯱ ꯶ ꯒꯤ    ꯁꯦꯞꯇꯦꯝꯕꯔ    ꯐꯥꯎꯕꯗ,    ꯁꯦꯟ ꯖꯦꯟ    ꯑꯃꯁꯨꯡ    ꯍꯣ ꯡ    ꯀꯣꯡ ꯒꯤ    ꯃꯔ ꯛꯀꯤ    ꯉꯝꯈꯩ ꯗ    ꯂꯥꯟ ꯊꯣꯛ ꯐꯝ    ꯃꯥ ꯄꯟ    ꯂꯩ ꯔꯦ ,    ꯃꯔꯛ    ꯑꯁꯤꯗ    ꯇꯥꯔ ꯨ ꯛꯇꯤ    ꯂꯩꯕꯥꯛꯀꯤ    ꯁꯝꯅ ꯐꯝ ꯅꯤ꯫ ",97,34
1499,"ꯕꯥꯡꯂꯥꯗꯦꯁꯀꯤ ꯈꯨꯡꯒꯪꯁꯤꯡꯁꯤ ꯂꯩꯕꯥꯛ, ꯆꯥꯔꯨ, ꯎ ꯑꯃꯁꯨꯡ ꯋꯥꯅ ꯆꯤꯡꯕ ꯃꯍꯩꯁꯥꯒꯤ ꯑꯣꯏꯕ ꯄꯣꯠꯁꯤꯡꯅ ꯁꯥꯕ ꯏꯅꯥ ꯀꯨꯞꯄ ꯌꯨꯝꯁꯤꯡ ꯌꯥꯎꯋꯤ꯫","ꯕꯥꯡ ꯂꯥ ꯗꯦꯁ ꯀꯤ    ꯈꯨꯡꯒꯪ ꯁꯤꯡ ꯁꯤ    ꯂꯩꯕꯥꯛ ,    ꯆꯥꯔ ꯨ ,    ꯎ    ꯑꯃꯁꯨꯡ    ꯋꯥꯅ    ꯆꯤꯡ ꯕ    ꯃꯍꯩ ꯁꯥꯒꯤ    ꯑꯣꯏꯕ    ꯄꯣꯠ ꯁꯤꯡꯅ    ꯁꯥꯕ    ꯏ ꯅꯥ    ꯀꯨꯞꯄ    ꯌꯨꯝ ꯁꯤꯡ    ꯌꯥꯎꯋꯤ꯫ ",84,29
1500,"ꯑꯥꯐ꯭ꯔꯤꯀꯥꯒꯤ ꯃꯁꯤ ꯃꯐꯝ ꯑꯁꯤꯗ ꯅꯣꯡꯁꯥꯁꯤꯡ, ꯆꯤꯇꯥꯁꯤꯡ ꯑꯃꯁꯨꯡ ꯁꯥꯃꯨꯁꯤꯡ ꯌꯦꯡꯅꯅꯕ ꯂꯦꯟ ꯔꯣꯕꯔ ꯑꯃꯗ ꯃꯄꯥꯟꯗ ꯀꯣꯏꯔꯗꯨꯅ ꯁꯥꯕꯥꯟꯅ ꯁꯥꯐꯥꯔꯤ ꯀꯣꯏꯕꯒꯤ ꯇꯥꯁꯦꯡ ꯇꯥꯁꯦꯡꯕ ꯅꯨꯡꯥꯏꯕ ꯑꯗꯨ ꯐꯪꯒꯅꯤ ꯫","ꯑꯥ ꯐ꯭ꯔꯤ ꯀꯥꯒꯤ    ꯃꯁꯤ    ꯃꯐꯝ    ꯑꯁꯤꯗ    ꯅꯣꯡ ꯁꯥ ꯁꯤꯡ,    ꯆꯤ ꯇꯥ ꯁꯤꯡ    ꯑꯃꯁꯨꯡ    ꯁꯥꯃꯨ ꯁꯤꯡ    ꯌꯦꯡ ꯅꯅꯕ    ꯂꯦꯟ    ꯔꯣ ꯕꯔ    ꯑꯃꯗ    ꯃꯄꯥꯟꯗ    ꯀꯣꯏ ꯔꯗꯨꯅ    ꯁꯥ ꯕ ꯥꯟꯅ    ꯁꯥ ꯐꯥꯔ ꯤ    ꯀꯣꯏ ꯕꯒꯤ    ꯇꯥ ꯁꯦ ꯡ    ꯇꯥ ꯁꯦꯡꯕ    ꯅꯨꯡ ꯥꯏ ꯕ    ꯑꯗꯨ    ꯐꯪꯒꯅꯤ    ꯫ ",120,43
1501,ꯃꯁꯤ ꯏꯪ ꯱꯹꯲꯹ꯗ ꯔꯦꯒꯤꯅꯥꯜꯗ ꯏꯟꯅꯦꯁ ꯄꯣꯀꯣꯛꯅ ꯄꯥꯟꯊꯦꯔꯥ ꯀꯥꯡꯂꯨꯞꯇ ꯏꯟꯊꯥꯈꯤ꯫,ꯃꯁꯤ    ꯏꯪ    ꯱꯹꯲ ꯹ꯗ    ꯔꯦ ꯒꯤ ꯅꯥ ꯜꯗ    ꯏꯟ ꯅꯦꯁ    ꯄꯣ ꯀꯣꯛ ꯅ    ꯄꯥꯟ ꯊꯦ ꯔꯥ    ꯀꯥꯡꯂꯨ ꯞꯇ    ꯏꯟ ꯊꯥꯈꯤ꯫ ,50,20
1502,"ꯕꯥꯂꯤꯄꯥꯔꯗꯒꯤ, ꯀꯤꯂꯣꯃꯤꯇꯔ ꯱꯵ ꯑꯃꯒ ꯂꯩꯔꯤ- ꯅꯍꯥꯛꯅ ꯆꯧꯔꯥꯛꯅ ꯑꯌꯨꯛꯀꯤ ꯄꯨꯡ ꯱꯱ꯗ ꯅꯍꯥꯛꯄꯨ ꯅꯥꯃꯦꯔꯤ ꯕꯁ ꯏꯁꯇꯣꯞꯇ (ꯅꯍꯥꯛꯅ ""ꯚꯥꯂꯨꯛꯄꯣꯡ ꯀꯤꯂꯣꯃꯤꯇꯔ ꯲꯲"" ꯒꯤ ꯃꯥꯏꯁꯇꯣꯟ ꯇꯥꯛꯄ ꯅꯨꯡꯕꯤ ꯑꯃ ꯎꯒꯅꯤ) ꯊꯥꯗꯔꯝꯅꯕ ꯕꯥꯂꯤꯄꯥꯔ ꯐꯥꯎꯕ ꯏꯇꯥꯅꯥꯒꯔ-ꯕꯣꯝꯗꯤꯂꯥꯒꯤ ꯕꯁ ꯑꯗꯨ ꯅꯠꯇ꯭ꯔꯒ ꯑꯇꯣꯞꯄꯒ ꯁꯦꯟ ꯈꯥꯏꯅꯔꯒ ꯇꯣꯡꯕ ꯇꯦꯛꯁꯤ ꯃꯌꯥꯝꯁꯤꯡ ꯑꯗꯨꯒꯤ ꯃꯔꯛꯇ ꯑꯃꯗ ꯅꯥꯃꯦꯔꯤ ꯕꯁ ꯏꯁꯇꯣꯞꯇ ꯊꯥꯗꯔꯝꯅꯕ ꯉꯥꯡꯅꯧ꯫","ꯕꯥ ꯂꯤ ꯄꯥꯔ ꯗꯒꯤ,    ꯀꯤꯂꯣꯃꯤꯇꯔ    ꯱꯵    ꯑꯃꯒ    ꯂꯩꯔꯤ -    ꯅꯍꯥꯛꯅ    ꯆꯧ ꯔꯥꯛ ꯅ    ꯑꯌꯨ ꯛꯀꯤ    ꯄꯨꯡ    ꯱ ꯱ꯗ    ꯅꯍꯥꯛꯄꯨ    ꯅꯥ ꯃꯦ ꯔꯤ    ꯕꯁ    ꯏꯁ ꯇꯣ ꯞꯇ    ( ꯅꯍꯥꯛꯅ    "" ꯚꯥ ꯂꯨ ꯛ ꯄꯣ ꯡ    ꯀꯤꯂꯣꯃꯤꯇꯔ    ꯲꯲ ""    ꯒꯤ    ꯃꯥꯏ ꯁ ꯇꯣ ꯟ    ꯇꯥꯛꯄ    ꯅꯨꯡ ꯕꯤ    ꯑꯃ    ꯎ ꯒꯅꯤ )    ꯊꯥꯗ ꯔꯝ ꯅꯕ    ꯕꯥ ꯂꯤ ꯄꯥꯔ   ꯐꯥꯎꯕ    ꯏ ꯇꯥ ꯅꯥ ꯒꯔ - ꯕꯣꯝ ꯗꯤ ꯂꯥꯒꯤ    ꯕꯁ    ꯑꯗꯨ    ꯅꯠꯇ꯭ꯔꯒ    ꯑꯇꯣꯞꯄ ꯒ    ꯁꯦꯟ    ꯈꯥꯏ ꯅ ꯔꯒ    ꯇ ꯣꯡꯕ    ꯇꯦꯛ ꯁꯤ    ꯃꯌꯥꯝ ꯁꯤꯡ    ꯑꯗꯨꯒꯤ    ꯃꯔꯛꯇ    ꯑꯃꯗ    ꯅꯥ ꯃꯦ ꯔꯤ    ꯕꯁ    ꯏꯁ ꯇꯣ ꯞꯇ    ꯊꯥꯗ ꯔꯝ ꯅꯕ    ꯉꯥꯡ ꯅꯧ ꯫ ",239,95
1503,ꯒꯣꯋꯥꯗ ꯋꯥꯔꯜꯗ ꯍꯦꯔꯤꯇꯦꯖ ꯁꯥꯏꯠꯁ ꯑꯅꯤ ꯂꯩ: ꯕꯣꯝ ꯒꯤꯖꯁ ꯕꯥꯁꯤꯂꯤꯀꯥ ꯑꯃꯁꯨꯡ ꯆꯔꯁꯁꯤꯡ ꯑꯃꯁꯨꯡ ꯑꯣꯜꯗ ꯒꯣꯋꯥꯒꯤ ꯈ꯭ꯔꯤꯁꯠꯇꯥꯟ ꯂꯥꯏꯅꯤꯡꯕꯤ ꯂꯝꯕꯣꯏꯕꯤꯁꯤꯡꯒꯤ ꯂꯩꯐꯝꯁꯤꯡ꯫,ꯒꯣ ꯋꯥꯗ    ꯋꯥꯔꯜꯗ    ꯍꯦꯔꯤꯇꯦꯖ    ꯁꯥꯏ ꯠꯁ    ꯑꯅꯤ    ꯂꯩ :    ꯕꯣꯝ    ꯒꯤ ꯖ ꯁ    ꯕꯥ ꯁꯤ ꯂꯤ ꯀꯥ    ꯑꯃꯁꯨꯡ    ꯆꯔ ꯁꯁꯤꯡ    ꯑꯃꯁꯨꯡ    ꯑꯣ ꯜꯗ    ꯒꯣ ꯋꯥꯒꯤ    ꯈ꯭ꯔꯤ ꯁ ꯠꯇ ꯥꯟ    ꯂꯥꯏꯅꯤꯡ ꯕꯤ    ꯂꯝ ꯕꯣꯏ ꯕꯤ ꯁꯤꯡꯒꯤ    ꯂꯩ ꯐꯝ ꯁꯤꯡ ꯫ ,106,39
1504,"ꯗ ꯒꯔꯥꯟꯗ ꯏꯤꯒꯤꯞꯁꯤꯌꯥꯟ ꯃ꯭ꯌꯨꯖꯤꯌꯝ ꯑꯁꯤ ꯃꯤꯗꯥꯟ ꯇꯥꯍꯔꯤꯔꯗ ꯂꯩꯕ, ꯌꯥꯝꯅ ꯏꯀꯥꯏ ꯈꯨꯝꯅꯕ ꯑꯃꯁꯨꯡ ꯃꯃꯤꯡ ꯆꯠꯄ ꯏꯤꯒꯤꯞꯁꯤꯌꯥꯟ ꯃ꯭ꯌꯨꯖꯤꯌꯝꯒꯤ ꯀꯨꯏꯅ ꯉꯥꯏꯔꯛꯂꯕ ꯀꯥ ꯍꯦꯟꯅ ꯆꯥꯎꯕ ꯑꯎꯠ ꯀꯨꯝꯍꯩ ꯇꯧꯐꯝ, ꯄꯣꯠ ꯊꯝꯐꯝ ꯑꯃꯁꯨꯡ ꯊꯕꯛ ꯇꯧꯅꯕ ꯃꯐꯝꯁꯤꯡ ꯌꯥꯎꯕ ꯃꯔꯨ ꯑꯣꯏꯕ ꯃꯍꯨꯠꯁꯤꯟꯕꯅꯤ꯫","ꯗ    ꯒꯔ ꯥꯟꯗ    ꯏ ꯤ ꯒꯤ ꯞ ꯁꯤ ꯌꯥꯟ    ꯃ꯭ꯌꯨꯖꯤ ꯌꯝ    ꯑꯁꯤ    ꯃꯤ ꯗ ꯥꯟ    ꯇꯥ ꯍꯔꯤ ꯔꯗ    ꯂꯩꯕ,    ꯌꯥꯝꯅ    ꯏꯀꯥꯏ    ꯈꯨꯝꯅꯕ    ꯑꯃꯁꯨꯡ    ꯃꯃꯤꯡ    ꯆꯠꯄ    ꯏ ꯤ ꯒꯤ ꯞ ꯁꯤ ꯌꯥꯟ    ꯃ꯭ꯌꯨꯖꯤ ꯌ ꯝꯒꯤ    ꯀꯨꯏꯅ    ꯉꯥꯏ ꯔꯛꯂꯕ    ꯀꯥ    ꯍꯦꯟꯅ    ꯆꯥꯎꯕ    ꯑ ꯎ ꯠ    ꯀꯨꯝꯍꯩ    ꯇꯧ ꯐꯝ ,    ꯄꯣꯠ    ꯊꯝ ꯐꯝ    ꯑꯃꯁꯨꯡ    ꯊꯕꯛ    ꯇꯧꯅꯕ    ꯃꯐꯝꯁꯤꯡ    ꯌꯥꯎꯕ    ꯃꯔꯨ    ꯑꯣꯏꯕ    ꯃꯍꯨ ꯠ ꯁꯤꯟ ꯕꯅꯤ꯫ ",169,61
1505,"ꯒ꯭ꯋꯥꯂꯤꯌꯣꯔ ꯑꯁꯤ ꯂꯩꯕꯥꯛ ꯑꯁꯤꯒꯤ ꯌꯥꯝꯅ ꯃꯔꯨ ꯑꯣꯏꯕ ꯄꯨꯋꯥꯔꯤꯒꯤ ꯑꯃꯁꯨꯡ ꯂꯝ ꯀꯣꯏꯕꯒꯤ ꯃꯐꯝ ꯑꯃꯅꯤ; ꯃꯔꯝ ꯑꯁꯤꯅ, ꯂꯝ ꯀꯣꯏꯕ ꯂꯥꯛꯄꯒꯤ ꯁꯔꯨꯛ ꯑꯁꯤꯅ ꯁꯍꯔ ꯑꯁꯤꯒꯤ ꯁꯦꯟ ꯊꯨꯝꯒꯤ ꯐꯤꯚꯝꯗ ꯃꯍꯩ ꯄꯤ꯫","ꯒ꯭ ꯋꯥꯂꯤ ꯌꯣ ꯔ    ꯑꯁꯤ    ꯂꯩꯕꯥꯛ    ꯑꯁꯤꯒꯤ    ꯌꯥꯝꯅ    ꯃꯔꯨ    ꯑꯣꯏꯕ    ꯄꯨꯋꯥꯔꯤꯒꯤ    ꯑꯃꯁꯨꯡ    ꯂꯝ    ꯀꯣꯏ ꯕꯒꯤ    ꯃꯐꯝ    ꯑꯃ ꯅꯤ ;    ꯃꯔꯝ    ꯑꯁꯤ ꯅ,    ꯂꯝ    ꯀꯣꯏ ꯕ    ꯂꯥꯛ ꯄꯒꯤ    ꯁꯔꯨꯛ    ꯑꯁꯤꯅ    ꯁꯍꯔ    ꯑꯁꯤꯒꯤ    ꯁꯦꯟ    ꯊꯨꯝꯒꯤ    ꯐꯤꯚ ꯝꯗ    ꯃꯍꯩ    ꯄꯤ꯫ ",117,37
1506,ꯏꯔꯦꯟꯄꯨꯡꯗ ꯊꯤꯟꯗꯣꯛꯂꯤꯕ ꯂꯝꯗꯣꯡ ꯑꯁꯤꯃꯐꯝ ꯑꯗꯨꯗ ꯇꯥꯕ ꯂꯥꯟꯃꯤꯁꯤꯡ ꯑꯗꯨ ꯂꯩꯕꯗꯨ ꯏꯀꯥꯏ ꯈꯨꯝꯅꯕ ꯎꯠꯄ ꯑꯣꯏꯅ ꯀꯣꯟꯅꯗꯤ ꯀꯦꯞ ꯑꯣꯐ ꯒꯨꯗ ꯍꯣꯞ ꯍꯥꯏꯅ ꯃꯤꯡꯊꯣꯟꯈꯤ꯫,ꯏ ꯔꯦꯟ ꯄꯨ ꯡꯗ    ꯊꯤꯟ ꯗꯣꯛ ꯂꯤꯕ    ꯂꯝ ꯗꯣ ꯡ    ꯑꯁꯤ ꯃꯐꯝ    ꯑꯗꯨꯗ    ꯇꯥꯕ    ꯂꯥꯟꯃꯤꯁꯤꯡ    ꯑꯗꯨ    ꯂꯩꯕ ꯗꯨ    ꯏꯀꯥꯏ    ꯈꯨꯝꯅꯕ    ꯎꯠꯄ    ꯑꯣꯏꯅ    ꯀꯣꯟ ꯅꯗꯤ    ꯀꯦ ꯞ    ꯑꯣꯐ    ꯒꯨ ꯗ    ꯍꯣ ꯞ    ꯍꯥꯏꯅ    ꯃꯤꯡꯊꯣꯟ ꯈꯤ꯫ ,98,34
1507,ꯀ꯭ꯌꯨꯕꯥꯒꯤ ꯂꯣꯏꯁꯪꯒꯤ ꯐꯝꯅꯥꯏꯕꯁꯤꯡꯅ ꯄꯨꯂꯞꯅ ꯁꯦꯟ ꯕꯤꯂꯤꯌꯟ ꯱,ꯀ꯭ꯌꯨ ꯕꯥ ꯒꯤ    ꯂꯣꯏꯁꯪꯒꯤ    ꯐꯝ ꯅꯥꯏ ꯕꯁꯤꯡꯅ    ꯄꯨ ꯂ ꯞꯅ    ꯁꯦꯟ    ꯕꯤꯂꯤꯌꯟ    ꯱ ,40,13
1508,꯹ ꯐꯪꯈꯤꯕ ꯏꯪ ꯱꯹꯹꯹ꯗ ꯆꯧꯔꯥꯛꯅ ꯂꯥꯝꯈꯣꯏꯕ ꯃꯤꯂꯤꯌꯟ ꯱,꯹    ꯐꯪꯈꯤꯕ    ꯏꯪ    ꯱꯹꯹ ꯹ꯗ    ꯆꯧ ꯔꯥꯛ ꯅ    ꯂꯥ ꯝ ꯈꯣꯏ ꯕ    ꯃꯤꯂꯤꯌꯟ    ꯱ ,33,14
1509,꯶ ꯃꯨꯛ ꯀ꯭ꯌꯨꯕꯥꯗ ꯂꯥꯛꯈꯤ ꯍꯥꯏꯅ ꯄꯥꯏ꯫,꯶    ꯃꯨꯛ    ꯀ꯭ꯌꯨ ꯕꯥꯗ    ꯂꯥꯛꯈꯤ    ꯍꯥꯏꯅ    ꯄꯥꯏ ꯫ ,24,8
1510,"ꯃꯐꯝ ꯑꯁꯤꯒꯤ ꯆꯥꯅ ꯊꯛꯅꯕꯗ ꯃꯔꯨꯑꯣꯏꯕ ꯑꯥꯔꯕ, ꯁꯤꯔꯤꯌꯥꯟ, ꯄꯣꯔꯇꯨꯒꯤꯁ, ꯗꯠꯆ, ꯖꯤꯋꯤꯁ ꯑꯃꯁꯨꯡ ꯃꯤꯗꯜ ꯏꯁꯇꯔꯟꯒꯤ ꯏꯊꯤꯜꯁꯤꯡ ꯌꯥꯎꯋꯤ꯫","ꯃꯐꯝ    ꯑꯁꯤꯒꯤ    ꯆꯥꯅ    ꯊꯛ ꯅꯕꯗ    ꯃꯔꯨꯑꯣꯏꯕ    ꯑꯥꯔ ꯕ,    ꯁꯤ ꯔꯤꯌꯥ ꯟ,    ꯄꯣꯔꯇꯨꯒꯤ ꯁ,    ꯗ ꯠ ꯆ ,    ꯖꯤ ꯋꯤ ꯁ    ꯑꯃꯁꯨꯡ    ꯃꯤ ꯗꯜ    ꯏꯁ ꯇꯔ ꯟꯒꯤ    ꯏꯊꯤ ꯜꯁꯤꯡ    ꯌꯥꯎꯋꯤ꯫ ",83,29
1511,"ꯂꯣꯅꯥꯕꯂꯥ ꯑꯁꯤ ꯃꯥꯍꯥꯔꯥꯁꯇ꯭ꯔꯗ ꯂꯩꯕ ꯆꯤꯡꯒꯤ ꯂꯝ ꯑꯃꯅꯤ, ꯑꯃꯁꯨꯡ ꯃꯁꯤꯗ ꯅꯍꯥꯛꯅ ꯑꯁꯥꯕ ꯃꯁꯥꯂꯥ ꯆꯥ ꯊꯛꯍꯧꯗꯕ ꯅꯠꯇ꯭ꯔꯒ ꯕꯔꯥꯄꯥꯎ (ꯑꯂꯨ ꯐꯨꯠꯂꯒ ꯅꯝꯈꯥꯏꯔꯒ ꯕꯦꯁꯣꯟꯗ ꯕꯣꯔꯥꯗꯧꯅ ꯇꯥꯎꯕ ꯃꯦꯔꯥꯃꯦꯁꯀꯤ ꯚꯥꯔꯠꯀꯤ ꯕꯔꯒꯔ) ꯑꯗꯨ ꯆꯥꯍꯧꯗꯕ ꯌꯥꯗꯦ꯫","ꯂꯣ ꯅꯥ ꯕ ꯂꯥ    ꯑꯁꯤ    ꯃꯥ ꯍ ꯥꯔꯥ ꯁꯇ꯭ꯔ ꯗ    ꯂꯩꯕ    ꯆꯤꯡꯒꯤ    ꯂꯝ    ꯑꯃꯅꯤ,    ꯑꯃꯁꯨꯡ    ꯃꯁꯤꯗ    ꯅꯍꯥꯛꯅ    ꯑ ꯁꯥꯕ    ꯃꯁꯥ ꯂꯥ    ꯆꯥ    ꯊꯛ ꯍꯧ ꯗꯕ    ꯅꯠꯇ꯭ꯔꯒ    ꯕꯔꯥ ꯄꯥꯎ    ( ꯑ ꯂꯨ    ꯐꯨꯠ ꯂꯒ    ꯅꯝ ꯈꯥꯏ ꯔꯒ    ꯕ ꯦꯁ ꯣꯟꯗ    ꯕꯣ ꯔꯥ ꯗꯧ ꯅ    ꯇꯥꯎ ꯕ    ꯃꯦ ꯔꯥ ꯃꯦꯁ ꯀꯤ    ꯚꯥꯔꯠꯀꯤ    ꯕꯔ ꯒꯔ )    ꯑꯗꯨ    ꯆꯥ ꯍꯧ ꯗꯕ    ꯌꯥ ꯗꯦ꯫ ",146,59
1512,ꯃꯗꯥꯡ ꯑꯁꯤ ꯊꯥꯛ ꯄꯨꯝꯅꯃꯛꯀꯤ ꯑꯣꯏꯅ ꯏꯁꯀꯨꯕ ꯗꯥꯏꯚꯤꯡꯒꯤꯗꯃꯛ ꯐꯩ ꯑꯃꯁꯨꯡ ꯀꯣꯔꯦꯜ ꯔꯤꯐꯁꯤꯡ ꯑꯁꯤ ꯃꯆꯨ ꯃꯆꯨꯒꯤ ꯉꯥ ꯃꯈꯜ ꯀꯌꯥꯒꯤ ꯃꯌꯨꯝ ꯑꯣꯏꯔꯤ꯫,ꯃ ꯗꯥꯡ    ꯑꯁꯤ    ꯊꯥꯛ    ꯄꯨꯝꯅꯃꯛꯀꯤ    ꯑꯣꯏꯅ    ꯏꯁ ꯀꯨ ꯕ    ꯗꯥꯏ ꯚꯤ ꯡ ꯒꯤꯗꯃꯛ    ꯐ ꯩ    ꯑꯃꯁꯨꯡ    ꯀꯣ ꯔꯦꯜ    ꯔꯤ ꯐ ꯁꯤꯡ    ꯑꯁꯤ    ꯃꯆꯨ    ꯃꯆꯨꯒꯤ    ꯉꯥ    ꯃꯈꯜ    ꯀꯌꯥꯒꯤ    ꯃꯌꯨꯝ    ꯑꯣꯏꯔꯤ꯫ ,87,29
1513,"ꯑꯔꯣꯏꯕꯗ, ꯂꯧꯎ-ꯁꯤꯡꯉꯨꯕ ꯇꯧꯗꯕ ꯅꯠꯇ꯭ꯔꯒ ꯆꯥꯎꯈꯠꯇ꯭ꯔꯤꯕ ꯅꯣꯡꯄꯣꯛ ꯑꯦꯁꯤꯌꯥꯒꯤ ꯁꯥꯔꯨꯛ ꯑꯃ ꯑꯃꯁꯨꯡ ꯈꯥ ꯑꯃꯁꯨꯡ ꯈꯥꯅꯣꯡꯄꯣꯛ ꯑꯦꯁꯤꯌꯥꯒꯤ ꯑꯅꯝꯕ ꯁꯥꯔꯨꯛ ꯑꯣꯏꯕ ꯇꯔꯣꯄꯤꯛꯀꯤ ꯃꯥꯑꯣꯡ ꯇꯧꯕ ꯑꯦꯁꯤꯌꯥ ꯑꯁꯤ ꯇꯔꯣꯄꯤꯛꯀꯤ ꯃꯥꯑꯣꯡ ꯑꯣꯏꯕ ꯎꯃꯪꯁꯤꯡ ꯑꯃꯁꯨꯡ ꯃꯥꯜꯗꯤꯕ꯭ꯁꯗꯒꯤ ꯊꯥꯏꯂꯦꯟꯐꯥꯎꯗ ꯂꯩꯕ ꯃꯥꯂꯦꯝ ꯄꯨꯝꯅꯃꯛꯇ ꯃꯃꯤꯡ ꯂꯩꯔꯕ ꯁꯥꯃꯨꯗ꯭ꯔ ꯃꯄꯥꯟꯒꯤ ꯃꯤꯅ ꯇꯣꯏꯅ ꯀꯣꯏꯕ ꯆꯠꯄ ꯃꯐꯝꯁꯤꯡꯒꯨꯝꯕ ꯀꯥꯆꯤꯟꯗ ꯂꯩꯕ ꯂꯥꯏꯔꯩꯕꯥꯛꯀꯨꯝꯂꯕ ꯏꯊꯠꯁꯤꯡꯗꯒꯤ ꯆꯤꯡꯅ ꯁꯥꯃꯨꯗ꯭ꯔ ꯃꯄꯥꯟ ꯂꯤꯁꯤꯡ ꯀꯌꯥꯅ ꯉꯝꯅ ꯂꯩ꯫","ꯑꯔꯣꯏ ꯕꯗ,    ꯂꯧꯎ-ꯁꯤꯡ ꯉ ꯨ ꯕ    ꯇꯧ ꯗꯕ    ꯅꯠꯇ꯭ꯔꯒ    ꯆꯥꯎꯈꯠ ꯇ꯭ꯔꯤ ꯕ    ꯅꯣꯡꯄꯣꯛ    ꯑꯦꯁꯤꯌꯥꯒꯤ    ꯁꯥꯔ ꯨꯛ    ꯑꯃ    ꯑꯃꯁꯨꯡ    ꯈꯥ    ꯑꯃꯁꯨꯡ    ꯈꯥ ꯅꯣꯡꯄꯣꯛ    ꯑꯦꯁꯤꯌꯥꯒꯤ    ꯑ ꯅꯝꯕ    ꯁꯥꯔ ꯨꯛ    ꯑꯣꯏꯕ    ꯇ ꯔꯣ ꯄꯤ ꯛꯀꯤ    ꯃꯥ ꯑꯣ ꯡ    ꯇꯧꯕ    ꯑꯦꯁꯤ ꯌꯥ    ꯑꯁꯤ    ꯇ ꯔꯣ ꯄꯤ ꯛꯀꯤ    ꯃꯥ ꯑꯣ ꯡ    ꯑꯣꯏꯕ    ꯎꯃꯪꯁꯤꯡ    ꯑꯃꯁꯨꯡ    ꯃꯥꯜ ꯗꯤ ꯕ꯭ ꯁ ꯗꯒꯤ    ꯊꯥꯏ ꯂꯦꯟ ꯐꯥꯎ ꯗ    ꯂꯩꯕ    ꯃꯥꯂꯦꯝ    ꯄꯨꯝꯅꯃꯛꯇ    ꯃꯃꯤꯡ    ꯂꯩꯔꯕ    ꯁꯥꯃꯨ ꯗ꯭ꯔ    ꯃꯄꯥꯟꯒꯤ    ꯃꯤꯅ    ꯇꯣꯏꯅ    ꯀꯣꯏ ꯕ    ꯆꯠꯄ    ꯃꯐꯝ ꯁꯤꯡꯒꯨꯝꯕ    ꯀꯥ ꯆꯤ ꯟꯗ    ꯂꯩꯕ    ꯂꯥꯏ ꯔ ꯩꯕ ꯥꯛ ꯀꯨꯝ ꯂꯕ    ꯏꯊ ꯠ ꯁꯤꯡꯗꯒꯤ    ꯆꯤꯡ ꯅ    ꯁꯥꯃꯨ ꯗ꯭ꯔ    ꯃꯄꯥꯟ    ꯂꯤꯁꯤꯡ    ꯀꯌꯥꯅ    ꯉꯝ ꯅ    ꯂꯩ꯫ ",294,96
1514,ꯃꯍꯥꯗꯦꯁ ꯑꯗꯨꯒꯤ ꯈ꯭ꯋꯥꯏꯗꯒꯤ ꯅꯣꯡꯄꯣꯛ ꯊꯪꯕ ꯁꯔꯨꯛꯁꯤꯡꯒꯤ ꯆꯤꯡ ꯀꯌꯥ ꯑꯃꯗꯤ ꯃꯩꯒꯤ ꯆꯤꯡ ꯑꯣꯏꯔꯤ ꯑꯃꯁꯨꯡ ꯏꯟꯗꯣꯅꯦꯁꯤꯌꯥꯒ ꯀꯥꯝꯆꯠꯀꯥꯒꯗꯤ ꯃꯩꯒꯤ ꯆꯤꯡꯗ ꯀꯣꯏꯕ ꯂꯥꯛꯄꯁꯤꯡꯒꯤꯗꯃꯛ ꯌꯥꯝꯅ ꯐꯥꯎꯕ ꯃꯐꯝꯅꯤ꯫,ꯃꯍꯥ ꯗꯦꯁ    ꯑꯗꯨꯒꯤ    ꯈ꯭ꯋꯥꯏꯗꯒꯤ    ꯅꯣꯡꯄꯣꯛ    ꯊꯪꯕ    ꯁꯔꯨꯛ ꯁꯤꯡꯒꯤ    ꯆꯤꯡ    ꯀꯌꯥ    ꯑꯃꯗꯤ    ꯃ ꯩꯒꯤ    ꯆꯤꯡ    ꯑꯣꯏꯔꯤ    ꯑꯃꯁꯨꯡ    ꯏꯟꯗꯣ ꯅꯦ ꯁꯤꯌꯥ ꯒ    ꯀꯥ ꯝ ꯆꯠ ꯀꯥ ꯒ ꯗꯤ    ꯃ ꯩꯒꯤ    ꯆꯤꯡ ꯗ    ꯀꯣꯏ ꯕ    ꯂꯥꯛ ꯄ ꯁꯤꯡꯒꯤꯗꯃꯛ    ꯌꯥꯝꯅ    ꯐꯥꯎꯕ    ꯃꯐꯝ ꯅꯤ꯫ ,123,39
1515,ꯃꯦꯘꯥꯂꯌꯥꯒꯤ ꯆꯥꯅ ꯊꯛꯅꯕ ꯑꯁꯤꯅ ꯑꯇꯣꯞꯄ ꯑꯋꯥꯡꯅꯣꯛꯄꯣꯛ ꯚꯥꯔꯠꯀꯤ ꯔꯥꯖ꯭ꯌꯁꯤꯡꯗꯒꯤ ꯇꯣꯞ ꯇꯣꯞꯄꯤ ꯑꯃꯁꯨꯡ ꯈꯦꯠꯅꯩ꯫,ꯃꯦꯘꯥꯂ ꯌꯥꯒꯤ    ꯆꯥꯅ    ꯊꯛꯅꯕ    ꯑꯁꯤꯅ    ꯑꯇꯣꯞꯄ    ꯑꯋꯥꯡ ꯅꯣꯛ ꯄꯣꯛ    ꯚꯥꯔꯠꯀꯤ    ꯔꯥꯖ꯭ꯌ ꯁꯤꯡꯗꯒꯤ    ꯇꯣꯞ    ꯇꯣ ꯞ ꯄꯤ    ꯑꯃꯁꯨꯡ    ꯈꯦꯠ ꯅꯩ꯫ ,71,19
1516,ꯁꯍꯔ ꯑꯁꯤꯒꯤ ꯈꯣꯏꯔꯤꯂꯣꯟꯒꯤ ꯃꯁꯤꯡ ꯌꯥꯝꯂꯕ ꯆꯠꯅꯕꯤꯁꯤꯡ ꯑꯁꯤ ꯃꯥꯂꯦꯝꯒꯤ ꯑꯣꯏꯅ ꯕꯨꯀꯔ ꯄꯔꯥꯏꯖ ꯊꯣꯏꯔꯕ ꯁꯜꯃꯥꯟ ꯔꯁꯗꯤ ꯑꯃꯁꯨꯡ ꯑꯔꯥꯕꯤꯟ ꯑꯗꯤꯒꯥꯅ ꯃꯁꯛ ꯊꯣꯛꯍꯟꯈꯤ꯫,ꯁꯍꯔ    ꯑꯁꯤꯒꯤ    ꯈꯣꯏ ꯔꯤ ꯂꯣꯟꯒꯤ    ꯃꯁꯤꯡ    ꯌꯥꯝꯂꯕ    ꯆꯠꯅꯕꯤ ꯁꯤꯡ    ꯑꯁꯤ    ꯃꯥꯂꯦꯝꯒꯤ    ꯑꯣꯏꯅ    ꯕꯨ ꯀꯔ    ꯄꯔ ꯥꯏ ꯖ    ꯊꯣꯏ ꯔꯕ    ꯁꯜ ꯃꯥꯟ    ꯔ ꯁ ꯗꯤ    ꯑꯃꯁꯨꯡ    ꯑꯔꯥ ꯕꯤꯟ    ꯑ ꯗꯤ ꯒꯥ ꯅ    ꯃꯁꯛ    ꯊꯣꯛꯍꯟꯈꯤ꯫ ,100,33
1517,ꯀꯝꯕꯣꯗꯤꯌꯥ ꯃꯆꯥ ꯅꯠꯇꯕ ꯂꯝ ꯀꯣꯏꯕ ꯂꯥꯛꯄꯁꯤꯡꯗꯤ ꯑꯥꯡꯀꯣꯔ ꯑꯥꯔꯀꯤꯌꯣꯂꯣꯒꯤꯀꯦꯜ ꯄꯥꯔꯛꯇ ꯆꯪꯅꯕꯒꯤꯗꯃꯛ ꯑꯥꯡꯀꯣꯔ ꯄꯥꯁ ꯑꯃ ꯂꯩꯒꯗꯧꯕꯅꯤ꯫,ꯀꯝ ꯕꯣ ꯗꯤꯌꯥ    ꯃꯆꯥ    ꯅꯠꯇꯕ    ꯂꯝ    ꯀꯣꯏ ꯕ    ꯂꯥꯛ ꯄ ꯁꯤꯡꯗꯤ    ꯑ ꯥꯡ ꯀꯣ ꯔ    ꯑꯥꯔꯀꯤ ꯌꯣ ꯂꯣ ꯒꯤ ꯀꯦꯜ    ꯄꯥꯔ ꯛꯇ    ꯆꯪ ꯅꯕꯒꯤꯗꯃꯛ    ꯑ ꯥꯡ ꯀꯣ ꯔ    ꯄꯥꯁ    ꯑꯃ    ꯂꯩ ꯒꯗꯧ ꯕꯅꯤ꯫ ,84,33
1518,"ꯑꯣꯔꯂꯦꯟꯗꯣ, ꯐ꯭ꯂꯣꯔꯤꯗꯥꯗ ꯑꯃꯁꯨꯡ ꯃꯥꯒꯤ ꯃꯅꯥꯛ ꯑꯀꯣꯏꯕꯗ ꯑꯇꯣꯞꯄ ꯄꯨꯛꯅꯤꯡ ꯍꯨꯅꯤꯡꯉꯥꯏ ꯑꯣꯏꯕ ꯌꯥꯝꯅ ꯂꯩꯔꯕꯁꯨ, ꯃꯐꯝ ꯑꯗꯨꯗ ꯆꯥꯍꯤ ꯑꯃꯗ ꯂꯥꯝꯀꯣꯏꯕ ꯃꯤꯂꯤꯌꯟ ꯀꯌꯥ ꯆꯤꯡꯁꯤꯜꯂꯤꯕ ꯉꯥꯜꯂꯕ ꯃꯉꯥꯜ ꯑꯣꯏꯔꯤꯕ ꯃꯥꯎꯁ ꯍꯥꯎꯁ ꯑꯗꯨꯅ ꯋꯥꯡꯅ ꯂꯦꯞꯄꯤ꯫","ꯑꯣꯔ ꯂꯦꯟ ꯗꯣ ,    ꯐ꯭ꯂꯣ ꯔꯤ ꯗꯥꯗ    ꯑꯃꯁꯨꯡ    ꯃꯥꯒꯤ    ꯃꯅꯥꯛ    ꯑꯀꯣꯏꯕꯗ    ꯑꯇꯣꯞꯄ    ꯄꯨꯛꯅꯤꯡ    ꯍꯨ ꯅꯤꯡꯉꯥꯏ    ꯑꯣꯏꯕ    ꯌꯥꯝꯅ    ꯂꯩ ꯔꯕꯁꯨ,    ꯃꯐꯝ    ꯑꯗꯨꯗ    ꯆꯥ ꯍꯤ    ꯑꯃꯗ    ꯂꯥ ꯝ ꯀꯣꯏ ꯕ    ꯃꯤꯂꯤꯌꯟ    ꯀꯌꯥ    ꯆꯤꯡ ꯁꯤꯜꯂꯤꯕ    ꯉꯥ ꯜꯂꯕ    ꯃꯉꯥ ꯜ    ꯑꯣꯏꯔꯤꯕ    ꯃꯥꯎ ꯁ    ꯍꯥꯎꯁ    ꯑꯗꯨꯅ    ꯋꯥꯡꯅ    ꯂꯦꯞ ꯄꯤ꯫ ",147,44
1519,"ꯁꯦꯟ ꯐꯔꯥꯟꯁꯤꯁꯀꯣ ꯕꯦ ꯐꯦꯔꯤ ꯑꯁꯤꯐꯦꯔꯤ ꯕꯤꯜꯗꯤꯡ ꯑꯃꯁꯨꯡ ꯄꯥꯏꯌꯔ ꯳꯹ꯗꯒꯤ ꯑꯣꯛꯂꯦꯟ, ꯑꯂꯃꯦꯗꯥ, ꯕꯦ ꯐꯥꯔꯝ ꯑꯥꯏꯂꯦꯟ, ꯁꯥꯎꯊ ꯁꯦꯟ ꯐꯔꯥꯟꯁꯤꯁꯀꯣ ꯃꯐꯝꯁꯤꯡꯗ ꯑꯃꯁꯨꯡ ꯁꯣꯂꯥꯅꯣ ꯀꯥꯎꯟꯇꯤꯗ ꯕꯥꯂꯦꯖꯣꯒꯤ ꯑꯋꯥꯡꯗ ꯆꯠꯂꯤ꯫","ꯁꯦꯟ    ꯐꯔ ꯥꯟ ꯁꯤ ꯁ ꯀꯣ    ꯕꯦ    ꯐꯦ ꯔꯤ    ꯑꯁꯤ ꯐꯦ ꯔꯤ    ꯕꯤꯜ ꯗꯤꯡ    ꯑꯃꯁꯨꯡ    ꯄꯥꯏ ꯌꯔ    ꯳ ꯹ ꯗꯒꯤ    ꯑꯣꯛ ꯂꯦꯟ ,    ꯑ ꯂ ꯃꯦ ꯗꯥ,    ꯕꯦ    ꯐꯥꯔ ꯝ    ꯑꯥꯏ ꯂꯦꯟ ,    ꯁꯥꯎꯊ    ꯁꯦꯟ    ꯐꯔ ꯥꯟ ꯁꯤ ꯁ ꯀꯣ    ꯃꯐꯝꯁꯤꯡꯗ    ꯑꯃꯁꯨꯡ    ꯁꯣ ꯂꯥ ꯅꯣ    ꯀꯥꯎꯟ ꯇꯤꯗ    ꯕꯥ ꯂꯦ ꯖꯣ ꯒꯤ    ꯑꯋ ꯥꯡꯗ    ꯆꯠꯂꯤ꯫ ",132,54
1520,ꯈ꯭ꯋꯥꯏꯗꯒꯤ ꯅꯛꯄ ꯃꯦꯇ꯭ꯔꯣ ꯏꯁꯇꯦꯁꯟꯗꯤ ꯌꯦꯂꯣ ꯂꯥꯏꯟꯗ ꯂꯩꯕ ꯑꯔꯖꯥꯟ ꯒꯔꯅꯤ꯫,ꯈ꯭ꯋꯥꯏꯗꯒꯤ    ꯅꯛꯄ    ꯃꯦꯇ꯭ꯔꯣ   ꯏꯁ ꯇ ꯦꯁꯟ ꯗꯤ    ꯌꯦ ꯂꯣ    ꯂꯥꯏ ꯟꯗ    ꯂꯩꯕ    ꯑꯔ ꯖ ꯥꯟ    ꯒꯔ ꯅꯤ꯫ ,47,17
1521,"ꯃꯐꯝ ꯑꯗꯨꯒꯤ ꯇꯦꯛꯁꯤꯁꯤꯡꯁꯨ ꯆꯦꯔꯥꯄꯨꯟꯖꯤꯗ ꯆꯠꯂꯤ ꯑꯃꯁꯨꯡ ꯃꯈꯣꯏꯅ ꯌꯦꯡꯕ ꯌꯥꯕ ꯃꯐꯝ ꯈꯔ ꯑꯃꯁꯨꯡ ꯁꯤꯂꯣꯡꯗꯒꯤ ꯆꯦꯔꯥꯄꯨꯟꯖꯤ ꯐꯥꯎꯕꯗ ꯂꯩꯕ ꯖꯒꯥ (ꯏꯤꯂꯤꯐꯦꯟꯇ ꯐꯣꯜꯁ, ꯃꯥꯎꯗꯣꯛ ꯗꯤꯝꯄꯦꯞ ꯕꯦꯜꯂꯤ ꯚꯤꯌꯨ ꯑꯃꯁꯨꯡ ꯑꯇꯣꯞꯄ ꯃꯐꯝꯁꯤꯡ), ꯂꯣꯏꯅꯅ ꯆꯦꯔꯥꯄꯨꯟꯖꯤꯗ ꯂꯩꯕ ꯃꯌꯥꯝꯒꯤ ꯀꯣꯏꯐꯝꯁꯤꯡ (ꯃꯥꯎꯁꯃꯥꯏ ꯀꯦꯕ, ꯆꯦꯔꯥꯄꯨꯟꯖꯤ ꯏꯀꯣ ꯄꯥꯔ꯭ꯛ, ꯅꯣꯁꯉꯤꯊꯤꯌꯥꯡ ꯐꯣꯜꯁ ꯅꯠꯇ꯭ꯔꯒ ꯁꯦꯕꯦꯟ ꯁꯤꯁꯇꯔ ꯐꯣꯜꯁ) ꯒꯨꯝꯕ ꯃꯐꯝꯗ ꯈꯥꯝꯕ ꯌꯥꯕꯒꯤ ꯇꯥꯟꯖꯥꯁꯨ ꯄꯤ꯫","ꯃꯐꯝ    ꯑꯗꯨꯒꯤ    ꯇꯦꯛ ꯁꯤ ꯁꯤꯡꯁꯨ    ꯆꯦ ꯔꯥ ꯄꯨꯟ ꯖꯤꯗ    ꯆꯠꯂꯤ    ꯑꯃꯁꯨꯡ    ꯃꯈꯣꯏꯅ    ꯌꯦꯡꯕ    ꯌꯥꯕ    ꯃꯐꯝ    ꯈꯔ    ꯑꯃꯁꯨꯡ    ꯁꯤ ꯂ ꯣꯡ ꯗꯒꯤ    ꯆꯦ ꯔꯥ ꯄꯨꯟ ꯖꯤ    ꯐꯥꯎꯕꯗ    ꯂꯩꯕ    ꯖ ꯒꯥ    ( ꯏ ꯤ ꯂꯤ ꯐꯦꯟ ꯇ    ꯐꯣꯜ ꯁ,    ꯃꯥꯎ ꯗꯣꯛ    ꯗꯤ ꯝ ꯄꯦ ꯞ    ꯕꯦ ꯜꯂꯤ    ꯚꯤ ꯌꯨ    ꯑꯃꯁꯨꯡ    ꯑꯇꯣꯞꯄ    ꯃꯐꯝ ꯁꯤꯡ ),    ꯂꯣꯏꯅꯅ    ꯆꯦ ꯔꯥ ꯄꯨꯟ ꯖꯤꯗ    ꯂꯩꯕ    ꯃꯌꯥꯝ ꯒꯤ    ꯀꯣꯏ ꯐꯝꯁꯤꯡ    ( ꯃꯥꯎ ꯁ ꯃꯥꯏ    ꯀꯦ ꯕ,    ꯆꯦ ꯔꯥ ꯄꯨꯟ ꯖꯤ    ꯏꯀꯣ   ꯄꯥꯔ ꯭ ꯛ,    ꯅꯣ ꯁ ꯉꯤ ꯊꯤ ꯌꯥ ꯡ    ꯐꯣ ꯜꯁ    ꯅꯠꯇ꯭ꯔꯒ    ꯁꯦ ꯕ ꯦꯟ    ꯁꯤ ꯁꯇꯔ    ꯐꯣꯜ ꯁ )    ꯒꯨꯝꯕ    ꯃꯐꯝꯗ    ꯈꯥ ꯝꯕ    ꯌꯥꯕꯒꯤ    ꯇꯥꯟ ꯖꯥ ꯁꯨ    ꯄꯤ꯫ ",264,102
1522,ꯅꯦꯁꯅꯦꯜ ꯄꯥꯔ꯭ꯛ ꯑꯗꯨꯗ ꯀꯣꯏꯕ ꯂꯥꯛꯄꯁꯤꯡ ꯑꯗꯨꯗ ꯌꯥꯝꯅ ꯆꯪꯁꯤꯟꯕ ꯅꯣꯔꯊ ꯔꯤꯝ ꯌꯥꯎꯅ; ꯆꯠꯄꯗ ꯍꯦꯟꯅ ꯂꯥꯏꯕ (ꯑꯃꯁꯨꯡ ꯃꯁꯤꯅ ꯃꯔꯝ ꯑꯣꯏꯗꯨꯅ ꯃꯤ ꯍꯦꯟꯅ ꯆꯤꯟꯕ) ꯁꯥꯎꯊ ꯔꯤꯝ; ꯐꯦꯟꯇꯣꯝ ꯔꯦꯟꯆ ꯅꯠꯇ꯭ꯔꯒ ꯍꯤ ꯇꯣꯡꯗꯨꯅ ꯈꯣꯡꯆꯠꯁꯤꯡ ꯆꯠꯄ ꯌꯥꯕ ꯀꯣꯂꯣꯔꯥꯗꯣ ꯔꯤꯕꯔ ꯑꯁꯤꯒꯨꯝꯕ ꯃꯈꯜ ꯀꯌꯥ ꯑꯃ ꯂꯩ ꯫,ꯅꯦꯁꯅꯦꯜ    ꯄꯥꯔ ꯭ꯛ    ꯑꯗꯨꯗ    ꯀꯣꯏ ꯕ    ꯂꯥꯛ ꯄꯁꯤꯡ    ꯑꯗꯨꯗ    ꯌꯥꯝꯅ    ꯆꯪ ꯁꯤꯟꯕ    ꯅꯣꯔꯊ    ꯔꯤ ꯝ    ꯌꯥꯎ ꯅ ;    ꯆꯠ ꯄꯗ    ꯍꯦꯟꯅ    ꯂꯥꯏ ꯕ    ( ꯑꯃꯁꯨꯡ    ꯃꯁꯤꯅ    ꯃꯔꯝ    ꯑꯣꯏꯗꯨꯅ    ꯃꯤ    ꯍꯦꯟꯅ    ꯆꯤꯟ ꯕ)    ꯁꯥꯎꯊ    ꯔꯤ ꯝ ;    ꯐꯦꯟ ꯇꯣ ꯝ    ꯔꯦꯟ ꯆ    ꯅꯠꯇ꯭ꯔꯒ    ꯍꯤ    ꯇꯣꯡ ꯗꯨꯅ    ꯈꯣꯡꯆꯠ ꯁꯤꯡ    ꯆꯠꯄ    ꯌꯥꯕ    ꯀꯣꯂꯣ ꯔꯥ ꯗꯣ    ꯔꯤ ꯕꯔ    ꯑꯁꯤꯒꯨꯝꯕ    ꯃꯈꯜ    ꯀꯌꯥ    ꯑꯃ    ꯂꯩ    ꯫ ,170,60
1523,"ꯗ ꯒ꯭ꯔꯥꯟ ꯀꯦꯟꯌꯣꯟ ꯑꯗꯨ ꯑꯋꯥꯡꯊꯪꯕ ꯑꯦꯔꯥꯏꯖꯣꯅꯥꯗ ꯂꯩ, ꯑꯃꯁꯨꯡ ꯃꯁꯤ ꯌꯨꯅꯥꯏꯇꯦꯠ ꯏ꯭ꯁꯇꯦꯠꯀꯤ ꯃꯃꯤꯡ ꯂꯩꯔꯕ ꯂꯝꯀꯣꯏꯕꯁꯤꯡꯕꯨ ꯄꯨꯛꯅꯤꯡ ꯆꯤꯡꯁꯤꯜꯂꯤꯕꯁꯤꯡꯒꯤ ꯃꯅꯨꯡꯗ ꯑꯃꯅꯤ ꯃꯁꯤꯒ ꯂꯣꯏꯅꯅ ꯃꯥꯂꯦꯝꯗ ꯃꯍꯧꯁꯥꯒꯤ ꯑꯣꯏꯕ ꯑꯊꯣꯏꯕ ꯇꯥꯔꯦꯠꯀꯤ ꯃꯥꯅꯨꯡꯗ ꯑꯃ ꯑꯣꯏ꯫","ꯗ    ꯒ꯭ꯔ ꯥꯟ    ꯀꯦꯟ ꯌꯣ ꯟ    ꯑꯗꯨ    ꯑꯋꯥꯡ ꯊꯪꯕ    ꯑꯦ ꯔꯥꯏ ꯖꯣ ꯅꯥꯗ    ꯂꯩ,    ꯑꯃꯁꯨꯡ    ꯃꯁꯤ    ꯌꯨꯅꯥꯏꯇꯦꯠ    ꯏ ꯭ ꯁꯇꯦ ꯠꯀꯤ    ꯃꯃꯤꯡ    ꯂꯩꯔꯕ    ꯂꯝꯀꯣꯏ ꯕꯁꯤꯡꯕꯨ    ꯄꯨꯛꯅꯤꯡ    ꯆꯤꯡ ꯁꯤ ꯜꯂꯤ ꯕꯁꯤꯡꯒꯤ    ꯃꯅꯨꯡꯗ    ꯑꯃꯅꯤ    ꯃꯁꯤꯒ    ꯂꯣꯏꯅꯅ    ꯃꯥꯂꯦꯝꯗ    ꯃꯍꯧꯁꯥꯒꯤ    ꯑꯣꯏꯕ    ꯑꯊꯣꯏꯕ    ꯇꯥꯔ ꯦ ꯠꯀꯤ    ꯃꯥ ꯅꯨꯡꯗ    ꯑꯃ    ꯑꯣꯏ꯫ ",157,45
1524,ꯗ ꯍꯣꯔꯟꯕꯤꯜ ꯐꯦꯁꯇꯤꯕꯦꯜ ꯑꯁꯤ ꯖꯥꯇꯤ ꯑꯃꯗꯤ ꯀꯥꯡꯂꯨꯞꯁꯤꯡꯒꯤ ꯃꯔꯛꯇ ꯂꯣꯏꯅꯕꯕꯨ ꯄꯨꯛꯅꯤꯡ ꯊꯧꯒꯠꯅꯕ ꯑꯃꯁꯨꯡ ꯔꯥꯖ꯭ꯌꯒꯤ ꯅꯥꯠꯀꯤ ꯑꯣꯏꯕ ꯃꯤꯍꯧꯔꯣꯜꯒꯤ ꯆꯠꯅꯕꯤꯕꯨ ꯁꯧꯒꯠꯅꯕ ꯏꯪ ꯲꯰꯰꯰ꯒꯤ ꯗꯤꯁꯦꯝꯕꯔꯗ ꯅꯒꯥꯂꯦꯟꯒꯤ ꯁꯔꯀꯥꯔꯅ ꯍꯧꯗꯣꯛꯈꯤ꯫,ꯗ    ꯍꯣ ꯔꯟ ꯕꯤꯜ    ꯐꯦꯁꯇꯤꯕꯦ ꯜ    ꯑꯁꯤ    ꯖꯥ ꯇꯤ    ꯑꯃꯗꯤ    ꯀꯥꯡꯂꯨꯞ ꯁꯤꯡꯒꯤ    ꯃꯔꯛꯇ    ꯂꯣꯏ ꯅꯕ ꯕꯨ    ꯄꯨꯛꯅꯤꯡ    ꯊꯧꯒꯠ ꯅꯕ    ꯑꯃꯁꯨꯡ    ꯔꯥꯖ꯭ꯌꯒꯤ    ꯅꯥꯠꯀꯤ    ꯑꯣꯏꯕ    ꯃꯤ ꯍꯧ ꯔꯣ ꯜꯒꯤ    ꯆꯠꯅꯕꯤ ꯕꯨ    ꯁꯧꯒꯠ ꯅꯕ    ꯏꯪ    ꯲꯰ ꯰꯰ꯒꯤ    ꯗꯤꯁꯦꯝ ꯕꯔꯗ    ꯅ ꯒꯥ ꯂꯦꯟꯒꯤ    ꯁꯔꯀꯥꯔꯅ    ꯍꯧꯗꯣꯛꯈꯤ꯫ ,142,41
1525,"ꯃꯐꯝ ꯑꯗꯨꯒꯤ ꯃꯤꯁꯤꯡꯅ ""ꯖꯨꯁ ꯀꯥꯗꯥꯏ"" ꯍꯥꯏꯅꯁꯨ ꯀꯧꯕ ꯆꯔꯁ ꯏꯁꯇ꯭ꯔꯤꯠꯀꯤ ꯗ ꯁꯦꯕꯦꯟ ꯏꯂꯕꯦꯟ ꯖꯨꯁ ꯗꯨꯀꯥꯟ ꯑꯗꯨ ꯃꯤ ꯄꯨꯟꯕ ꯅꯨꯉꯥꯏꯕ ꯃꯐꯝ ꯑꯃꯅꯤ꯫","ꯃꯐꯝ    ꯑꯗꯨꯒꯤ    ꯃꯤꯁꯤꯡꯅ    "" ꯖꯨ ꯁ    ꯀꯥ ꯗꯥꯏ ""    ꯍꯥꯏꯅꯁꯨ    ꯀꯧꯕ    ꯆꯔ ꯁ    ꯏꯁ ꯇ꯭ꯔꯤ ꯠꯀꯤ    ꯗ    ꯁꯦ ꯕ ꯦꯟ    ꯏ ꯂꯕ ꯦꯟ    ꯖꯨ ꯁ    ꯗꯨꯀꯥꯟ    ꯑꯗꯨ    ꯃꯤ    ꯄꯨ ꯟꯕ    ꯅꯨ ꯉꯥꯏ ꯕ    ꯃꯐꯝ    ꯑꯃꯅꯤ꯫ ",87,35
1526,ꯑꯟꯗꯃꯥꯟꯁꯇ ꯈ꯭ꯋꯥꯏꯗꯒꯤ ꯅꯨꯉꯥꯏꯕ ꯗꯥꯏꯕ ꯇꯧꯐꯝ ꯃꯐꯝꯁꯤꯡꯗꯤ ꯌꯥꯝꯅ ꯃꯅꯨꯡ ꯆꯪꯁꯤꯟꯕ ꯃꯐꯝꯁꯤꯡꯗ ꯂꯩ ꯑꯃꯁꯨꯡ ꯅꯔꯅꯥꯏꯒꯤ ꯌꯥꯠ ꯆꯥꯔꯇꯔ ꯌꯥꯎꯗꯅ ꯌꯧꯕ ꯑꯣꯏꯊꯣꯛꯇꯦ꯫,ꯑꯟꯗ ꯃꯥꯟ ꯁꯇ    ꯈ꯭ꯋꯥꯏꯗꯒꯤ    ꯅꯨ ꯉꯥꯏ ꯕ    ꯗꯥꯏ ꯕ    ꯇꯧ ꯐꯝ    ꯃꯐꯝ ꯁꯤꯡꯗꯤ    ꯌꯥꯝꯅ    ꯃꯅꯨꯡ    ꯆꯪ ꯁꯤꯟꯕ    ꯃꯐꯝꯁꯤꯡꯗ    ꯂꯩ    ꯑꯃꯁꯨꯡ    ꯅꯔ ꯅꯥꯏꯒꯤ    ꯌꯥ ꯠ    ꯆꯥꯔ ꯇꯔ    ꯌꯥꯎꯗꯅ    ꯌ ꯧꯕ    ꯑꯣꯏ ꯊꯣꯛ ꯇꯦ ꯫ ,98,33
1527,"ꯋꯥꯜꯇ ꯗꯤꯁꯅꯤ ꯋꯥꯔꯜꯗꯒꯤ ꯁꯦꯟꯇꯔꯄꯤꯁꯦꯁ ꯁꯤꯡ ꯑꯗꯨ ꯊꯤꯝ ꯄꯥꯔꯛ ꯃꯔꯤ ꯑꯗꯨꯅꯤ: ꯗ ꯃꯦꯖꯤꯛ ꯀꯤꯡꯗꯝ, ꯏꯄꯤꯀꯣꯠ, ꯗꯤꯁꯅꯤꯁ ꯍꯣꯂꯤꯋꯨꯗ ꯏꯁꯇꯨꯗꯤꯌꯣꯁ ꯑꯃꯁꯨꯡ ꯗꯤꯁꯅꯤꯁ ꯑꯦꯅꯤꯃꯦꯜ ꯀꯤꯡꯗꯝ ꯫","ꯋꯥ ꯜ ꯇ    ꯗꯤꯁ ꯅꯤ    ꯋꯥꯔ ꯜꯗꯒꯤ    ꯁꯦꯟ ꯇꯔ ꯄꯤ ꯁ ꯦꯁ    ꯁꯤꯡ    ꯑꯗꯨ    ꯊꯤ ꯝ    ꯄꯥꯔꯛ    ꯃꯔꯤ    ꯑꯗꯨ ꯅꯤ :    ꯗ    ꯃꯦ ꯖꯤ ꯛ    ꯀꯤꯡ ꯗꯝ ,    ꯏ ꯄꯤ ꯀꯣ ꯠ,    ꯗꯤꯁ ꯅꯤꯁ    ꯍꯣ ꯂꯤꯋꯨ ꯗ    ꯏꯁ ꯇꯨ ꯗꯤ ꯌꯣ ꯁ    ꯑꯃꯁꯨꯡ    ꯗꯤꯁ ꯅꯤꯁ    ꯑꯦꯅꯤ ꯃꯦꯜ    ꯀꯤꯡ ꯗꯝ    ꯫ ",113,50
1528,"ꯆꯥꯅ ꯊꯛꯅꯕꯁꯤꯡ ꯑꯗꯨꯗ ꯃꯆꯪ ꯑꯣꯏꯕ ꯄꯣꯠꯁꯛ ꯃꯥꯟꯅꯔꯒꯁꯨ ꯑꯅꯝꯕꯅ ꯈꯦꯠꯅꯕ ꯃꯐꯝ ꯑꯅꯤꯒꯤ, ꯒꯥꯔꯋꯥꯜ ꯑꯃꯁꯨꯡ ꯀꯨꯃꯥꯎꯟꯒꯤ, ꯆꯥꯟꯅ ꯊꯛꯅꯕ ꯌꯥꯎꯋꯤ꯫","ꯆꯥꯅ    ꯊꯛ ꯅꯕꯁꯤꯡ    ꯑꯗꯨꯗ    ꯃꯆ ꯪ    ꯑꯣꯏꯕ    ꯄꯣꯠꯁꯛ    ꯃꯥꯟ ꯅꯔ ꯒ ꯁꯨ    ꯑꯅ ꯝꯕꯅ    ꯈꯦꯠꯅꯕ    ꯃꯐꯝ    ꯑꯅꯤ ꯒꯤ,    ꯒꯥꯔ ꯋꯥꯜ    ꯑꯃꯁꯨꯡ    ꯀꯨ ꯃꯥꯎ ꯟ ꯒꯤ,    ꯆꯥꯟ ꯅ    ꯊꯛꯅꯕ    ꯌꯥꯎꯋꯤ꯫ ",87,29
1529,"ꯀꯤꯂꯣꯃꯤꯇꯔ ꯳꯲ ꯁꯥꯡꯕ, ꯆꯞꯕ ꯃꯄꯥꯟꯒꯤ ꯏꯔꯝ ꯑꯃꯅ ꯏꯔꯦꯟꯄꯨꯡꯒꯤ ꯂꯩꯉꯣꯏ ꯇꯣꯔꯕꯥꯟꯅ ꯁꯦꯝꯕ ꯊꯨꯝꯍꯤ ꯆꯦꯟꯕ ꯏꯁꯤꯡꯒꯤ ꯄꯥꯠ ꯑꯗꯨ ꯃꯣꯠꯇꯣ ꯈꯨꯡꯒꯪꯒꯤ ꯃꯅꯥꯛꯇ ꯕꯦ ꯑꯣꯐ ꯕꯦꯡꯒꯜꯒ ꯁꯝꯅꯩ꯫","ꯀꯤꯂꯣꯃꯤꯇꯔ    ꯳ ꯲    ꯁꯥꯡ ꯕ,    ꯆ ꯞ ꯕ    ꯃꯄꯥꯟꯒꯤ    ꯏ ꯔꯝ    ꯑꯃꯅ    ꯏ ꯔꯦꯟ ꯄꯨ ꯡꯒꯤ    ꯂꯩꯉ ꯣꯏ    ꯇꯣꯔꯕ ꯥꯟꯅ    ꯁꯦꯝꯕ    ꯊꯨꯝ ꯍꯤ    ꯆꯦꯟꯕ    ꯏꯁꯤꯡꯒꯤ    ꯄꯥꯠ    ꯑꯗꯨ    ꯃꯣ ꯠ ꯇꯣ    ꯈꯨꯡꯒꯪꯒꯤ    ꯃꯅꯥꯛꯇ    ꯕꯦ    ꯑꯣꯐ    ꯕꯦꯡꯒ ꯜꯒ    ꯁꯝ ꯅꯩ꯫ ",109,38
1530,"ꯚꯨꯇꯥꯟꯒꯤ ꯂꯥꯏꯔꯤꯛ ꯇꯝꯕꯒꯤ ꯄꯊꯥꯞꯇ, ꯏꯡꯂꯤꯁꯅ ꯂꯥꯏꯔꯤꯛ ꯇꯥꯛꯄꯒꯤ ꯂꯣꯟ ꯑꯣꯏ ꯑꯗꯨꯒ ꯗꯉꯣꯡꯈꯥꯅ ꯂꯩꯕꯥꯛ ꯑꯗꯨꯒꯤ ꯂꯣꯟ ꯑꯣꯏꯅ ꯇꯥꯛꯏ꯫","ꯚꯨ ꯇꯥꯟ ꯒꯤ    ꯂꯥꯏꯔꯤꯛ    ꯇꯝꯕꯒꯤ    ꯄꯊꯥ ꯞ ꯇ,    ꯏ ꯡ ꯂꯤ ꯁꯅ    ꯂꯥꯏꯔꯤꯛ    ꯇꯥꯛ ꯄꯒꯤ    ꯂꯣꯟ    ꯑꯣꯏ    ꯑꯗꯨꯒ    ꯗ ꯉ ꯣꯡ ꯈꯥ ꯅ    ꯂꯩꯕꯥꯛ    ꯑꯗꯨꯒꯤ    ꯂꯣꯟ    ꯑꯣꯏꯅ    ꯇꯥꯛꯏ꯫ ",81,28
1531,"ꯄꯣꯠꯂꯤꯁꯪ ꯑꯗꯨꯗ ꯑꯦꯁꯤꯌꯥꯟ ꯀꯂꯥꯗ ꯀꯠꯊꯣꯛꯄ ꯄ꯭ꯔꯤꯟꯁꯤꯄꯜ ꯒꯦꯂꯦꯔꯤ ꯑꯁꯤ ꯃꯈꯜ ꯄꯨꯝꯅꯃꯛ ꯌꯥꯎꯔꯕ ꯆꯥꯏꯅꯤꯁꯀꯤ, ꯏ꯭ꯟꯗꯤꯌꯥꯟ ꯁꯕꯀꯟꯇꯤꯅꯦꯟꯇ ꯑꯃꯁꯨꯡ ꯁꯥꯎꯊꯏꯁꯠ ꯑꯦꯁꯤꯌꯥꯟ ꯑꯣꯕꯖꯦꯛꯁꯤꯡꯒꯤ ꯎꯠꯊꯣꯛꯄ ꯑꯗꯨ ꯌꯥꯎꯕ ꯒꯦꯂꯦꯔꯤ ꯳꯳ ꯅꯤ ꯫","ꯄꯣꯠ ꯂꯤ ꯁꯪ    ꯑꯗꯨꯗ    ꯑꯦꯁꯤꯌꯥꯟ    ꯀ ꯂꯥꯗ    ꯀꯠ ꯊꯣꯛꯄ    ꯄ꯭ꯔꯤ ꯟꯁꯤ ꯄꯜ    ꯒꯦ ꯂꯦ ꯔꯤ    ꯑꯁꯤ    ꯃꯈꯜ    ꯄꯨꯝꯅꯃꯛ    ꯌꯥꯎ ꯔꯕ    ꯆꯥꯏ ꯅꯤ ꯁ ꯀꯤ,    ꯏ ꯭ ꯟ ꯗꯤ ꯌꯥꯟ    ꯁꯕꯀꯟꯇꯤꯅꯦꯟ ꯇ    ꯑꯃꯁꯨꯡ    ꯁꯥꯎ ꯊ ꯏꯁꯠ    ꯑꯦꯁꯤꯌꯥꯟ    ꯑꯣ ꯕꯖꯦ ꯛꯁꯤꯡꯒꯤ    ꯎꯠ ꯊꯣꯛꯄ    ꯑꯗꯨ    ꯌꯥꯎꯕ    ꯒꯦ ꯂꯦ ꯔꯤ    ꯳ ꯳    ꯅꯤ    ꯫ ",141,50
1532,"ꯑꯇꯥꯡꯕ ꯑꯃꯁꯨꯡ ꯃꯨꯠꯈꯤꯕ ꯌꯥꯏ ꯍꯥꯏꯅ ꯈꯟꯗꯣꯛꯂꯕ ꯁꯥꯒꯤ ꯃꯈꯜꯁꯤꯡꯗꯤ ꯑꯁꯪꯕ ꯁꯥꯃꯨꯗ꯭ꯔꯒꯤ ꯊꯦꯡꯒꯨ, ꯗꯨꯒꯣꯡ, ꯏꯔꯥꯋꯥꯗꯤ ꯗꯣꯜꯐꯤꯟ, ꯕ꯭ꯂꯦꯛꯕꯛ, ꯏ꯭ꯁꯄꯨꯟ-ꯕꯤꯜꯗ ꯁꯦꯟꯄꯥꯏꯄꯔ, ꯆꯤꯂꯤꯀꯥ ꯂꯤꯝꯕ꯭ꯂꯦꯁ ꯏ꯭ꯁꯀꯤꯟꯀ ꯑꯃꯁꯨꯡ ꯐꯤꯁꯤꯡ ꯀꯦꯠꯅꯤ꯫","ꯑ ꯇꯥꯡꯕ    ꯑꯃꯁꯨꯡ    ꯃꯨꯠ ꯈꯤꯕ    ꯌꯥꯏ    ꯍꯥꯏꯅ    ꯈꯟ ꯗꯣꯛ ꯂꯕ    ꯁꯥꯒꯤ    ꯃꯈ ꯜ ꯁꯤꯡꯗꯤ    ꯑ ꯁꯪꯕ    ꯁꯥꯃꯨ ꯗ꯭ꯔ ꯒꯤ    ꯊꯦꯡ ꯒꯨ ,    ꯗꯨ ꯒ ꯣꯡ ,    ꯏ ꯔꯥ ꯋꯥ ꯗꯤ    ꯗꯣ ꯜ ꯐꯤ ꯟ,    ꯕ꯭ ꯂꯦꯛ ꯕ ꯛ,    ꯏ ꯭ꯁ ꯄꯨꯟ - ꯕꯤ ꯜꯗ    ꯁꯦꯟ ꯄꯥꯏ ꯄꯔ ,    ꯆꯤ ꯂꯤ ꯀꯥ    ꯂꯤ ꯝꯕ꯭ ꯂꯦꯁ    ꯏ ꯭ꯁ ꯀꯤ ꯟ ꯀ    ꯑꯃꯁꯨꯡ    ꯐꯤ ꯁꯤꯡ    ꯀꯦꯠ ꯅꯤ꯫ ",146,64
1533,"ꯔꯥꯖ꯭ꯌ ꯑꯗꯨꯒꯤ ꯂꯩꯔꯥꯏ ꯑꯣꯏꯕ ꯖꯤꯂꯥꯁꯤꯡꯗ ꯔꯨꯁꯤꯀꯣꯟꯗꯥ, ꯃꯥꯏꯄꯥꯗꯨ, ꯁꯨꯔꯌꯥꯂꯡꯀꯥꯒꯨꯝꯕ ꯁꯥꯃꯨꯗ꯭ꯔ ꯃꯄꯥꯟ ꯀꯌꯥ ꯑꯃꯥ ꯂꯩ; ꯕꯣꯔꯔꯥ ꯀꯦꯕꯁꯒꯨꯝꯕ ꯁꯨꯔꯨꯡ, ꯎꯟꯗꯥꯕꯥꯜꯂꯤ ꯀꯦꯕꯁꯀꯤ ꯁꯛꯇꯝ ꯎꯠꯄ ꯚꯥꯔꯠꯀꯤ ꯅꯨꯡ-ꯀꯛꯄ ꯌꯨꯝꯁꯥꯔꯣꯜ, ꯑꯃꯁꯨꯡ ꯂꯩꯕꯥꯛ ꯑꯁꯤꯒꯤ ꯑꯅꯤꯁꯨꯕ ꯈ꯭ꯋꯥꯏꯗꯒꯤ ꯁꯥꯡꯕ ꯁꯨꯔꯨꯡ, ꯕꯦꯂꯨꯝ ꯀꯦꯕꯁ ꯑꯗꯨ ꯂꯩ꯫","ꯔꯥꯖ꯭ꯌ    ꯑꯗꯨꯒꯤ    ꯂꯩ ꯔꯥꯏ    ꯑꯣꯏꯕ    ꯖꯤꯂꯥ ꯁꯤꯡꯗ    ꯔꯨ ꯁꯤ ꯀꯣꯟ ꯗꯥ,    ꯃꯥꯏ ꯄꯥ ꯗꯨ ,    ꯁꯨꯔ ꯌꯥ ꯂ ꯡ ꯀꯥ ꯒꯨꯝꯕ    ꯁꯥꯃꯨ ꯗ꯭ꯔ    ꯃꯄꯥꯟ    ꯀꯌꯥ    ꯑꯃꯥ    ꯂꯩ ;    ꯕꯣꯔ ꯔꯥ    ꯀꯦ ꯕꯁ ꯒꯨꯝꯕ    ꯁꯨꯔꯨꯡ ,    ꯎꯟ ꯗꯥ ꯕꯥ ꯜꯂꯤ    ꯀꯦ ꯕ ꯁꯀꯤ    ꯁꯛꯇꯝ    ꯎꯠꯄ    ꯚꯥꯔꯠꯀꯤ    ꯅꯨꯡ - ꯀ ꯛꯄ    ꯌꯨꯝ ꯁꯥꯔ ꯣ ꯜ,    ꯑꯃꯁꯨꯡ    ꯂꯩꯕꯥꯛ    ꯑꯁꯤꯒꯤ    ꯑꯅꯤꯁꯨꯕ    ꯈ꯭ꯋꯥꯏꯗꯒꯤ    ꯁꯥꯡꯕ    ꯁꯨꯔꯨꯡ ,    ꯕꯦ ꯂꯨ ꯝ    ꯀꯦ ꯕꯁ    ꯑꯗꯨ    ꯂꯩ꯫ ",195,68
1534,ꯒꯥꯔꯨꯗꯥ ꯏꯟꯗꯣꯅꯦꯁꯤꯌꯥꯅ ꯆꯩꯌꯣꯜꯒꯤ ꯑꯣꯏꯅ ꯖꯀꯥꯇꯗꯒꯤ ꯍꯪꯒꯠ ꯍꯟꯗꯥ ꯄꯥꯏꯕ ꯈꯔꯤꯁꯠꯃꯥꯁ ꯑꯥꯏꯂꯦꯟ ꯇ꯭ꯔꯦꯕꯦꯜ ꯏꯛꯆꯦꯟꯖꯇꯒꯤ ꯁꯤꯡꯗꯨꯅ ꯊꯝꯕ ꯌꯥꯕ ꯑꯣꯄꯟ-ꯆꯥꯔꯇꯔ ꯄ꯭ꯂꯦꯟꯁꯤꯡꯒꯤ ꯊꯕꯛ ꯄꯥꯡꯊꯣꯛꯏ꯫,ꯒꯥꯔ ꯨ ꯗꯥ    ꯏꯟꯗꯣ ꯅꯦ ꯁꯤ ꯌꯥꯅ    ꯆꯩ ꯌꯣ ꯜꯒꯤ    ꯑꯣꯏꯅ    ꯖ ꯀꯥ ꯇ ꯗꯒꯤ    ꯍꯪ ꯒꯠ    ꯍꯟ ꯗꯥ    ꯄꯥꯏꯕ    ꯈ ꯔꯤ ꯁꯠ ꯃꯥ ꯁ    ꯑꯥꯏ ꯂꯦꯟ    ꯇ꯭ꯔꯦ ꯕꯦꯜ    ꯏ ꯛ ꯆꯦꯟ ꯖ ꯇꯒꯤ    ꯁꯤꯡ ꯗꯨꯅ    ꯊꯝꯕ    ꯌꯥꯕ    ꯑꯣ ꯄꯟ - ꯆꯥꯔ ꯇꯔ    ꯄ꯭ ꯂꯦꯟ ꯁꯤꯡꯒꯤ    ꯊꯕꯛ    ꯄꯥꯡꯊꯣꯛꯏ꯫ ,120,48
1535,"ꯏꯪ ꯲꯰꯲꯰ꯒꯤ ꯗꯤꯁꯦꯝꯕꯔ ꯐꯥꯎꯕꯗ, ꯚꯥꯔꯠꯇ ꯏ꯭ꯁꯀꯨꯋꯥꯔꯦ ꯀꯤꯂꯣꯃꯤꯇꯔ ꯱꯱꯹,꯷꯷꯶ (ꯏ꯭ꯁꯀꯨꯋꯥꯔꯦ ꯃꯥꯏꯜ ꯴꯶, ꯲꯴꯶) ꯀꯣꯟꯕ ꯎꯃꯪ ꯋꯥꯃꯪꯗ ꯂꯩꯕ ꯁꯥ ꯁꯟꯒꯤ ꯂꯩꯐꯝ ꯵꯵꯳ ꯂꯤꯡꯈꯠꯈꯤ ꯫","ꯏꯪ    ꯲꯰꯲꯰ꯒꯤ    ꯗꯤꯁꯦꯝꯕꯔ    ꯐꯥꯎꯕꯗ,    ꯚꯥꯔꯠꯇ    ꯏ ꯭ꯁ ꯀꯨ ꯋꯥꯔꯦ   ꯀꯤꯂꯣꯃꯤꯇꯔ    ꯱ ꯱꯹ , ꯷ ꯷ ꯶    ( ꯏ ꯭ꯁ ꯀꯨ ꯋꯥꯔꯦ   ꯃꯥꯏꯜ    ꯴ ꯶ ,    ꯲꯴ ꯶ )    ꯀꯣ ꯟꯕ    ꯎꯃꯪ    ꯋꯥ ꯃꯪ ꯗ    ꯂꯩꯕ    ꯁꯥ    ꯁꯟꯒꯤ    ꯂꯩꯐꯝ    ꯵ ꯵ ꯳    ꯂꯤꯡꯈꯠ ꯈꯤ    ꯫ ",107,44
1536,"ꯀꯔꯥꯏꯀꯜꯗ ꯌꯨ ꯑꯁꯤ ꯌꯨꯝꯊꯪꯅꯕ ꯇꯥꯃꯤꯜ ꯅꯥꯗꯨꯗꯒꯤ ꯍꯦꯟꯅ ꯍꯣꯡꯉꯤ, ꯀꯔꯥꯏꯀꯜꯗ ꯃꯤ ꯆꯪꯕꯗ ꯆꯤꯡ ꯂꯦꯝꯕ ꯑꯣꯏꯕ ꯕꯥꯔ ꯀꯌꯥ ꯑꯃ ꯂꯩ -- ꯅꯟꯗ ꯍꯣꯇꯦꯜꯗ ꯗ ꯅꯥꯏꯒ꯭ꯔꯥ ꯕꯥꯔ- ꯄꯦꯔꯤꯁ ꯏꯟꯇꯔꯅꯦꯁꯅꯦꯜꯗ ꯗ ꯊꯟꯗꯔ ꯕꯥꯔ- ꯁꯣꯍꯔ ꯃꯆꯥ ꯑꯗꯨꯗ ꯌꯥꯝꯅ ꯃꯃꯤꯡ ꯆꯠꯄ ꯁꯤꯇꯤ ꯕꯥꯔ-ꯄꯣꯟꯗꯤꯆꯦꯔꯤꯒꯤ ꯁꯔꯀꯥꯔꯅ ꯃꯄꯨ ꯑꯣꯏꯕ ꯗ ꯁꯤ ꯒꯜꯁ ꯔꯦꯁꯇꯨꯔꯦꯟꯇ ꯑꯁꯤ ꯁꯥꯃꯨꯗ꯭ꯔ ꯃꯄꯥꯟꯗ ꯂꯩ ꯑꯃꯁꯨꯡ ꯃꯁꯤ ꯅꯨꯃꯤꯗꯥꯡ ꯋꯥꯏꯔꯝꯒꯤ ꯃꯇꯝꯗ ꯌꯥꯝꯅ ꯅꯨꯉꯥꯏꯕ ꯃꯤ ꯄꯨꯟꯐꯝꯅꯤ꯫","ꯀꯔ ꯥꯏ ꯀ ꯜꯗ    ꯌꯨ    ꯑꯁꯤ    ꯌꯨꯝ ꯊꯪ ꯅꯕ    ꯇꯥꯃꯤꯜ    ꯅꯥ ꯗꯨꯗꯒꯤ    ꯍꯦꯟꯅ    ꯍꯣꯡ ꯉꯤ ,    ꯀꯔ ꯥꯏ ꯀ ꯜꯗ    ꯃꯤ    ꯆꯪ ꯕꯗ    ꯆꯤꯡ    ꯂꯦ ꯝꯕ    ꯑꯣꯏꯕ    ꯕꯥꯔ    ꯀꯌꯥ    ꯑꯃ    ꯂꯩ    - -    ꯅꯟꯗ    ꯍꯣ ꯇꯦ ꯜꯗ    ꯗ    ꯅꯥꯏ ꯒ꯭ꯔ ꯥ    ꯕꯥꯔ -    ꯄꯦꯔꯤ ꯁ    ꯏꯟꯇꯔ ꯅꯦꯁꯅꯦ ꯜꯗ    ꯗ    ꯊ ꯟꯗ ꯔ    ꯕꯥꯔ -    ꯁꯣ ꯍꯔ    ꯃꯆꯥ    ꯑꯗꯨꯗ    ꯌꯥꯝꯅ    ꯃꯃꯤꯡ    ꯆꯠꯄ    ꯁꯤꯇꯤ    ꯕꯥꯔ - ꯄꯣꯟ ꯗꯤ ꯆꯦ ꯔꯤꯒꯤ    ꯁꯔꯀꯥꯔꯅ    ꯃꯄꯨ    ꯑꯣꯏꯕ    ꯗ    ꯁꯤ    ꯒ ꯜꯁ    ꯔꯦꯁ ꯇꯨꯔꯦꯟ ꯇ    ꯑꯁꯤ    ꯁꯥꯃꯨ ꯗ꯭ꯔ    ꯃꯄꯥꯟꯗ    ꯂꯩ    ꯑꯃꯁꯨꯡ    ꯃꯁꯤ    ꯅꯨꯃꯤ ꯗꯥꯡ    ꯋꯥꯏ ꯔꯝ ꯒꯤ    ꯃꯇꯝꯗ    ꯌꯥꯝꯅ    ꯅꯨ ꯉꯥꯏ ꯕ    ꯃꯤ    ꯄꯨꯟ ꯐꯝ ꯅꯤ꯫ ",255,99
1537,"ꯏꯃꯥ, ꯍꯌꯦꯡ ꯁꯤꯅꯦꯃꯥ ꯑꯃ ꯌꯦꯡꯕ ꯆꯠꯂꯨꯁꯦ꯫","ꯏ ꯃꯥ ,    ꯍ ꯌꯦꯡ    ꯁꯤꯅꯦ ꯃꯥ    ꯑꯃ    ꯌꯦꯡꯕ    ꯆꯠ ꯂꯨ ꯁꯦ ꯫ ",27,13
1538,ꯑꯩ ꯁ꯭ꯀꯨꯜ ꯆꯠꯇꯧꯕ ꯂꯩꯇꯤꯌꯦ꯫,ꯑ ꯩ    ꯁ꯭ꯀꯨꯜ    ꯆꯠ ꯇꯧꯕ    ꯂꯩ ꯇꯤ ꯌꯦ ꯫ ,19,9
1539,ꯁꯨꯇꯤꯅꯦ꯫,ꯁꯨ ꯇꯤ ꯅꯦ ꯫ ,7,4
1540,"ꯑꯣ, ꯍꯌꯦꯡꯁꯦ ꯑꯦꯄ꯭ꯔꯤꯜꯒꯤ ꯱꯴ ꯅꯠꯇ꯭ꯔꯣ","ꯑꯣ ,    ꯍ ꯌꯦꯡ ꯁꯦ    ꯑꯦꯄ꯭ꯔꯤ ꯜꯒꯤ    ꯱꯴    ꯅꯠꯇ꯭ꯔ ꯣ",26,10
1541,ꯅꯪꯒꯤ ꯕꯥꯕꯥꯁꯨ ꯊꯕꯛꯇꯒꯤ ꯁꯨꯇꯤ ꯂꯩꯅꯤ꯫,ꯅꯪ ꯒꯤ    ꯕꯥ ꯕꯥ ꯁꯨ    ꯊꯕꯛꯇꯒꯤ    ꯁꯨꯇꯤ    ꯂꯩ ꯅꯤ꯫ ,25,9
1542,ꯑꯩꯈꯣꯏ ꯁꯤꯅꯦꯃꯥꯒꯤ ꯄ꯭ꯂꯥꯟ ꯑꯃ ꯁꯤꯟꯕ ꯌꯥꯅꯤ,ꯑꯩꯈ ꯣꯏ    ꯁꯤꯅꯦ ꯃꯥꯒꯤ    ꯄ꯭ ꯂꯥꯟ    ꯑꯃ    ꯁꯤꯟꯕ    ꯌꯥ ꯅꯤ ,28,10
1543,ꯑꯗꯨꯗꯤ ꯅꯨꯉꯥꯏꯕ ꯄꯥꯎꯅꯤ,ꯑꯗꯨꯗꯤ    ꯅꯨ ꯉꯥꯏ ꯕ    ꯄꯥꯎ ꯅꯤ ,16,6
1544,ꯑꯗꯣ ꯁꯨꯇꯤ ꯑꯣꯏꯔꯤꯁꯦ ꯀꯩꯒꯤꯅꯣ,ꯑꯗꯣ   ꯁꯨꯇꯤ    ꯑꯣꯏꯔꯤ ꯁꯦ    ꯀꯩ ꯒꯤ ꯅꯣ ,20,7
1545,"ꯍꯌꯦꯡ ꯁ꯭ꯀꯨꯜ, ꯀꯣꯂꯦꯖ ꯑꯗꯩ ꯑꯣꯐꯤꯁꯁꯤꯡ ꯂꯣꯏꯅꯃꯛ ꯂꯣꯟꯗꯣꯏꯔꯣ","ꯍ ꯌꯦꯡ    ꯁ꯭ꯀꯨ ꯜ,    ꯀꯣꯂꯦꯖ    ꯑ ꯗ ꯩ    ꯑꯣꯐꯤ ꯁꯁꯤꯡ    ꯂꯣꯏꯅ ꯃꯛ    ꯂꯣꯟ ꯗ ꯣꯏ ꯔꯣ ",40,16
1546,ꯍꯌꯦꯡ ꯑꯝꯕꯦꯗꯀꯔ ꯖꯌꯦꯟꯇꯤꯅꯦ,ꯍ ꯌꯦꯡ    ꯑꯝ ꯕꯦꯗ ꯀꯔ    ꯖ ꯌꯦꯟ ꯇꯤ ꯅꯦ ,19,9
1547,ꯃꯁꯤꯒꯤ ꯅꯨꯃꯤꯠꯁꯦ ꯗꯣꯛꯇꯔ ꯕꯤ,ꯃꯁꯤꯒꯤ    ꯅꯨꯃꯤ ꯠ ꯁꯦ    ꯗꯣꯛꯇꯔ    ꯕꯤ ,19,6
1548,ꯑꯥꯔ,ꯑꯥꯔ,3,1
1549,ꯑꯝꯕꯦꯗꯀꯔꯒꯤ ꯄꯣꯛꯄ ꯑꯗꯨ ꯍꯔꯥꯎ ꯐꯣꯡꯗꯣꯛꯄ ꯑꯣꯏꯅ ꯆꯍꯤ ꯈꯨꯗꯤꯡꯒꯤ ꯄꯥꯡꯇꯣꯛꯏ꯫,ꯑꯝ ꯕꯦꯗ ꯀꯔꯒꯤ    ꯄꯣꯛꯄ    ꯑꯗꯨ    ꯍꯔ ꯥꯎ    ꯐꯣꯡ ꯗꯣꯛꯄ    ꯑꯣꯏꯅ    ꯆꯍꯤ    ꯈꯨꯗꯤꯡꯒꯤ    ꯄꯥꯡ ꯇꯣꯛ ꯏ꯫ ,49,15
1550,ꯅꯪ ꯃꯍꯥꯛꯀꯤ ꯃꯔꯝꯗ ꯇꯥꯈ꯭ꯔꯕ,ꯅ ꯪ    ꯃꯍꯥꯛꯀꯤ    ꯃꯔꯝꯗ    ꯇꯥ ꯈ꯭ꯔꯕ ,18,6
1551,ꯑꯩꯒꯤ ꯍꯤꯁꯇꯣꯔꯤꯒ ꯁꯤꯕꯤꯛꯁꯀꯒꯤ ꯂꯥꯏꯔꯤꯛꯇ ꯃꯍꯥꯛ ꯎꯈ꯭ꯔꯦ ꯍꯥꯏꯅ ꯈꯜꯂꯤ꯫,ꯑ ꯩꯒꯤ    ꯍꯤ ꯁ ꯇꯣ ꯔꯤ ꯒ    ꯁꯤ ꯕꯤ ꯛꯁ ꯀ ꯒꯤ    ꯂꯥꯏꯔꯤ ꯛꯇ    ꯃꯍꯥꯛ    ꯎ ꯈ꯭ꯔꯦ    ꯍꯥꯏꯅ    ꯈ ꯜꯂꯤ꯫ ,46,20
1552,ꯃꯍꯥꯛ ꯑꯁꯤ ꯑꯩꯈꯣꯏꯒꯤ ꯀꯟꯁꯇꯤꯇ꯭ꯌꯨꯁꯟꯒ ꯃꯔꯤ ꯂꯩꯅꯕ꯭ꯔ,ꯃꯍꯥꯛ    ꯑꯁꯤ    ꯑꯩꯈ ꯣꯏꯒꯤ    ꯀꯟ ꯁꯇꯤꯇ꯭ꯌꯨ ꯁꯟ ꯒ    ꯃꯔꯤ    ꯂꯩ ꯅꯕ ꯭ꯔ,35,12
1553,ꯍꯣꯏ,ꯍ ꯣꯏ ,3,2
1554,ꯃꯍꯥꯛ ꯑꯁꯤ ꯏꯟꯗꯤꯌꯟ ꯀꯟꯁꯇꯤꯇ꯭ꯌꯨꯁꯟꯒꯤ ꯑꯄꯣꯛꯄ ꯑꯣꯏꯅ ꯈꯪꯅꯩ꯫,ꯃꯍꯥꯛ    ꯑꯁꯤ    ꯏꯟꯗꯤꯌꯟ    ꯀꯟ ꯁꯇꯤꯇ꯭ꯌꯨ ꯁꯟꯒꯤ    ꯑ ꯄꯣꯛꯄ    ꯑꯣꯏꯅ    ꯈꯪꯅꯩ꯫ ,40,10
1555,ꯃꯍꯥꯛ ꯑꯁꯤ ꯀꯟꯁꯇꯤꯇ꯭ꯌꯨꯁꯟ ꯁꯦꯝꯕꯗ ꯑꯆꯧꯕ ꯊꯧꯗꯥꯡ ꯂꯧꯈꯤꯕ ꯁꯤꯕꯤꯜ ꯔꯥꯏꯠꯁ ꯑꯦꯛꯇꯤꯚꯤꯁꯠ ꯑꯃ ꯑꯣꯏꯔꯝꯃꯤ꯫,ꯃꯍꯥꯛ    ꯑꯁꯤ    ꯀꯟ ꯁꯇꯤꯇ꯭ꯌꯨ ꯁꯟ    ꯁꯦꯝ ꯕꯗ    ꯑꯆꯧꯕ    ꯊꯧꯗꯥꯡ    ꯂꯧꯈꯤꯕ    ꯁꯤ ꯕꯤꯜ    ꯔꯥꯏ ꯠꯁ    ꯑꯦꯛ ꯇꯤ ꯚꯤ ꯁꯠ    ꯑꯃ    ꯑꯣꯏꯔꯝꯃꯤ꯫ ,66,20
1556,ꯚꯥꯔꯠꯅ ꯆꯥꯎꯊꯣꯛꯆꯕ ꯃꯈꯜ ꯈꯨꯗꯤꯡ ꯌꯥꯎꯕ ꯗꯦꯃꯣꯀ꯭ꯔꯦꯇꯤꯛ ꯏꯁꯇ꯭ꯔꯛꯆꯔ ꯑꯁꯤ ꯁꯦꯝꯕꯗ ꯃꯍꯥꯛꯅ ꯃꯔꯨ ꯑꯣꯏꯕ ꯊꯧꯗꯥꯡ ꯂꯧꯈꯤ꯫,ꯚꯥꯔꯠꯅ    ꯆꯥꯎ ꯊꯣꯛ ꯆꯕ    ꯃꯈꯜ    ꯈꯨ ꯗꯤꯡ    ꯌꯥꯎꯕ    ꯗꯦ ꯃꯣ ꯀ꯭ꯔꯦ ꯇꯤꯛ    ꯏꯁ ꯇ꯭ꯔ ꯛ ꯆꯔ    ꯑꯁꯤ    ꯁꯦꯝ ꯕꯗ    ꯃꯍꯥꯛꯅ    ꯃꯔꯨ    ꯑꯣꯏꯕ    ꯊꯧꯗꯥꯡ    ꯂꯧꯈꯤ꯫ ,74,24
1557,ꯑꯩ ꯍꯧꯖꯤꯛ ꯅꯤꯡꯁꯤꯡꯉꯦ,ꯑ ꯩ    ꯍꯧꯖꯤꯛ    ꯅꯤꯡꯁꯤꯡ ꯉ ꯦ ,15,6
1558,ꯑꯩꯈꯣꯏꯅ ꯃꯃꯥꯡꯒꯤ ꯅꯨꯃꯤꯠꯇ ꯑꯩꯈꯣꯏꯒꯤ ꯁꯤꯕꯤꯛꯁ ꯀ꯭ꯂꯥꯁꯇ ꯃꯍꯥꯛꯀꯤ ꯃꯔꯝꯗ ꯅꯩꯅꯩ꯫,ꯑꯩꯈꯣꯏꯅ    ꯃꯃꯥꯡꯒꯤ    ꯅꯨꯃꯤꯠꯇ    ꯑꯩꯈ ꯣꯏꯒꯤ    ꯁꯤ ꯕꯤ ꯛꯁ    ꯀ꯭ꯂꯥ ꯁꯇ    ꯃꯍꯥꯛꯀꯤ    ꯃꯔꯝꯗ    ꯅꯩ ꯅꯩ꯫ ,52,14
1559,ꯑꯣꯖꯥꯅ ꯑꯩꯈꯣꯏꯅ ꯏꯟꯗꯤꯌꯟ ꯀꯟꯁꯇꯤꯇ꯭ꯌꯨꯁꯟꯒꯤ ꯄꯔꯥ ꯑꯗꯨ ꯇꯧꯕꯀꯥꯟꯗ ꯃꯍꯥꯛꯀꯤ ꯃꯔꯝꯗ ꯍꯦꯟꯅ ꯑꯩꯈꯣꯏꯗ ꯍꯥꯏꯅꯤ ꯍꯥꯏꯈꯤ꯫,ꯑꯣ ꯖꯥ ꯅ    ꯑꯩꯈꯣꯏꯅ    ꯏꯟꯗꯤꯌꯟ    ꯀꯟ ꯁꯇꯤꯇ꯭ꯌꯨ ꯁꯟꯒꯤ    ꯄꯔ ꯥ    ꯑꯗꯨ    ꯇꯧꯕ ꯀꯥꯟ ꯗ    ꯃꯍꯥꯛꯀꯤ    ꯃꯔꯝꯗ    ꯍꯦꯟꯅ    ꯑꯩꯈ ꯣꯏ ꯗ    ꯍꯥꯏ ꯅꯤ    ꯍꯥꯏꯈꯤ꯫ ,74,23
1560,ꯃꯍꯥꯛꯅ ꯈꯨꯟꯅꯥꯏ ꯑꯁꯤꯗ ꯆꯠꯅꯔꯝꯕ ꯊꯥꯛ ꯈꯦꯠꯅꯕ ꯑꯗꯨ ꯂꯧꯊꯣꯛꯅꯕ ꯀꯟꯅ ꯍꯣꯠꯅꯈꯤꯀꯣ,ꯃꯍꯥꯛꯅ    ꯈꯨꯟ ꯅꯥꯏ    ꯑꯁꯤꯗ    ꯆꯠꯅ ꯔꯝꯕ    ꯊꯥꯛ    ꯈꯦꯠꯅꯕ    ꯑꯗꯨ    ꯂꯧꯊꯣꯛ ꯅꯕ    ꯀꯟꯅ    ꯍꯣꯠꯅ ꯈꯤ ꯀꯣ ,50,15
1561,ꯍꯣꯏ꯫ ꯃꯁꯥꯃꯛ ꯗꯂꯤꯠ ꯑꯃ ꯑꯣꯏꯕꯅꯤꯅ ꯁꯣꯛꯅ-ꯁꯝꯅꯕ ꯌꯥꯗꯕꯒꯤ ꯐꯠꯇꯕ ꯑꯗꯨꯒ ꯊꯦꯡꯅꯕ ꯑꯁꯤ ꯌꯥꯝꯅ ꯋꯥꯏ ꯍꯥꯏꯕ ꯈꯪꯈꯤ꯫,ꯍ ꯣꯏ ꯫    ꯃꯁꯥꯃꯛ    ꯗ ꯂꯤ ꯠ    ꯑꯃ    ꯑꯣꯏꯕ ꯅꯤꯅ    ꯁꯣꯛ ꯅ- ꯁꯝꯅꯕ    ꯌꯥ ꯗꯕꯒꯤ    ꯐꯠꯇꯕ    ꯑꯗꯨꯒ    ꯊꯦꯡꯅꯕ    ꯑꯁꯤ    ꯌꯥꯝꯅ    ꯋꯥꯏ    ꯍꯥꯏꯕ    ꯈꯪ ꯈꯤ꯫ ,69,24
1562,ꯑꯗꯨꯅ ꯃꯍꯥꯛꯅ ꯑꯅꯦꯝꯕ ꯊꯥꯛꯀꯤ ꯃꯤꯑꯣꯏꯁꯤꯡꯒꯤ ꯍꯛꯁꯤꯡꯒꯤꯗꯃꯛ ꯀꯟꯅ ꯍꯣꯠꯅꯈꯤ꯫,ꯑꯗꯨꯅ    ꯃꯍꯥꯛꯅ    ꯑ ꯅꯦꯝꯕ    ꯊꯥꯛꯀꯤ    ꯃꯤꯑꯣꯏꯁꯤꯡꯒꯤ    ꯍꯛ ꯁꯤꯡꯒꯤꯗꯃꯛ    ꯀꯟꯅ    ꯍꯣꯠꯅꯈꯤ꯫ ,49,10
1563,ꯃꯍꯥꯛꯅ ꯈꯦꯠꯅꯕ ꯊꯝꯕꯒꯤ ꯃꯥꯌꯣꯛꯇ ꯄꯥꯛ-ꯁꯟꯅ ꯀꯦꯝꯄꯦꯟ ꯇꯧꯀꯤ ꯑꯗꯨꯒ ꯃꯥꯏ ꯄꯥꯛꯈꯤ꯫,ꯃꯍꯥꯛꯅ    ꯈꯦꯠꯅꯕ    ꯊꯝ ꯕꯒꯤ    ꯃꯥꯌꯣꯛꯇ    ꯄꯥꯛ- ꯁꯟꯅ    ꯀꯦꯝ ꯄ ꯦꯟ    ꯇꯧ ꯀꯤ    ꯑꯗꯨꯒ    ꯃꯥꯏ    ꯄꯥꯛ ꯈꯤ꯫ ,51,16
1564,"ꯋꯥꯎ, ꯀꯌꯥꯗ ꯀꯜꯂꯕ ꯃꯤꯑꯣꯏꯅꯣ","ꯋ ꯥꯎ ,    ꯀꯌꯥꯗ    ꯀ ꯜꯂꯕ    ꯃꯤꯑꯣꯏ ꯅꯣ ",19,8
1565,ꯃꯔꯝ ꯑꯁꯤꯅꯅꯤ ꯅꯨꯃꯤꯠ ꯑꯁꯤ ꯁꯕꯀꯟꯇꯤꯅꯦꯟꯇ ꯁꯤꯟꯕ ꯊꯨꯡꯅ ꯏꯀ꯭ꯋꯦꯂꯤꯇꯤ ꯗꯦ ꯑꯣꯏꯅꯁꯨ ꯄꯥꯡꯊꯣꯛꯂꯤꯕꯁꯤ꯫,ꯃꯔꯝ    ꯑꯁꯤ ꯅ ꯅꯤ    ꯅꯨꯃꯤꯠ    ꯑꯁꯤ    ꯁꯕꯀꯟꯇꯤꯅꯦꯟ ꯇ    ꯁꯤꯟꯕ    ꯊꯨꯡꯅ    ꯏꯀ ꯭ꯋꯦ ꯂꯤꯇꯤ    ꯗꯦ    ꯑꯣꯏꯅ ꯁꯨ    ꯄꯥꯡꯊꯣꯛ ꯂꯤꯕ ꯁꯤ ꯫ ,64,20
1566,ꯁ꯭ꯀꯨꯜꯗ ꯄꯔꯥ ꯑꯁꯤ ꯇꯝꯕ ꯃꯇꯝꯗ ꯅꯨꯄꯥ ꯑꯁꯤꯒꯤ ꯃꯔꯝꯗ ꯄꯥꯕ ꯅꯍꯥꯛꯅ ꯄꯥꯝꯅꯤ ꯍꯥꯏꯕ ꯑꯩꯅ ꯊꯥꯖꯩ꯫,ꯁ꯭ꯀꯨ ꯜꯗ    ꯄꯔ ꯥ    ꯑꯁꯤ    ꯇꯝꯕ    ꯃꯇꯝꯗ    ꯅꯨꯄꯥ    ꯑꯁꯤꯒꯤ    ꯃꯔꯝꯗ    ꯄꯥꯕ    ꯅꯍꯥꯛꯅ    ꯄꯥꯝ ꯅꯤ    ꯍꯥꯏꯕ    ꯑꯩ ꯅ    ꯊꯥꯖ ꯩ꯫ ,57,19
1567,"ꯍꯣꯏ ꯏꯃꯥ, ꯑꯩ ꯑꯗꯨꯗꯣ ꯉꯥꯏꯕ ꯉꯝꯗ꯭ꯔꯦ꯫","ꯍ ꯣꯏ    ꯏ ꯃꯥ ,    ꯑ ꯩ    ꯑꯗꯨ ꯗꯣ    ꯉꯥꯏ ꯕ    ꯉꯝ ꯗ꯭ꯔꯦ꯫ ",25,13
1568,ꯑꯩ ꯌꯥꯝ ꯈꯪꯅꯤꯡꯕ ꯑꯣꯏꯔꯦ꯫,ꯑ ꯩ    ꯌꯥꯝ    ꯈꯪ ꯅꯤꯡꯕ    ꯑꯣꯏꯔꯦ꯫ ,17,6
1569,"ꯑꯣꯀꯦ, ꯀꯩ ꯁꯤꯅꯦꯃꯥ ꯌꯦꯡꯅꯕꯒꯤꯗꯃꯛ ꯅꯪꯅ ꯆꯠꯄ ꯄꯥꯝꯃꯤꯗꯣ ꯑꯩꯉꯣꯟꯗ ꯍꯥꯏꯔꯣ꯫","ꯑꯣ ꯀꯦ ,    ꯀꯩ    ꯁꯤꯅꯦ ꯃꯥ    ꯌꯦꯡ ꯅꯕꯒꯤꯗꯃꯛ    ꯅꯪ ꯅ    ꯆꯠꯄ    ꯄꯥꯝ ꯃꯤ ꯗꯣ    ꯑꯩ ꯉꯣꯟꯗ    ꯍꯥꯏ ꯔꯣ ꯫ ",48,19
1570,ꯑꯅꯧꯕ ꯃꯥꯔꯕꯦꯜ ꯁꯤꯅꯦꯃꯥꯗꯣ ꯌꯦꯡꯅꯤꯡꯕ꯭ꯔ,ꯑꯅꯧꯕ    ꯃꯥꯔ ꯕꯦꯜ    ꯁꯤꯅꯦ ꯃꯥ ꯗꯣ    ꯌꯦꯡ ꯅꯤꯡ ꯕ꯭ꯔ,27,9
1571,ꯗꯣꯛꯇꯔ ꯏꯁꯇ꯭ꯔꯦꯟꯖ ꯑꯦꯟ ꯗ ꯃꯜꯇꯤꯚꯔꯁ ꯑꯣꯐ ꯃꯦꯗꯅꯦꯁꯇꯨꯔꯣ ꯍꯥꯏꯁꯦ,ꯗꯣꯛꯇꯔ    ꯏꯁ ꯇ꯭ꯔ ꯦꯟ ꯖ    ꯑꯦꯟ    ꯗ    ꯃꯜ ꯇꯤ ꯚꯔ ꯁ    ꯑꯣꯐ    ꯃꯦ ꯗ ꯅꯦꯁ ꯇꯨ ꯔꯣ    ꯍꯥꯏ ꯁꯦ ,42,19
1572,ꯑꯩ ꯌꯦꯡꯅꯤꯡꯕꯅ ꯁꯤꯔꯦ꯫,ꯑ ꯩ    ꯌꯦꯡ ꯅꯤꯡ ꯕꯅ    ꯁꯤ ꯔꯦ꯫ ,15,7
1573,ꯇꯤꯀꯦꯠꯁꯤꯡꯗꯣ ꯕꯨꯛ ꯇꯧꯕꯤꯒꯦꯔꯥ,ꯇꯤ ꯀꯦꯠ ꯁꯤꯡ ꯗꯣ    ꯕ ꯨꯛ    ꯇꯧ ꯕꯤ ꯒꯦ ꯔꯥ ,21,10
1574,ꯕꯥꯕꯥꯗ ꯋꯥꯔꯤ ꯁꯥꯟꯅꯒꯦ꯫,ꯕꯥ ꯕꯥꯗ    ꯋꯥꯔꯤ    ꯁꯥꯟꯅ ꯒꯦ ꯫ ,16,6
1575,"ꯍꯥꯏ, ꯅꯍꯥꯛ ꯋꯦꯕ ꯗꯤꯖꯥꯏꯅꯤꯡꯗ ꯀꯣꯔꯁ ꯑꯃ ꯇꯧꯔꯤꯕ ꯅꯠꯇ꯭ꯔꯣ","ꯍꯥꯏ ,    ꯅꯍꯥꯛ    ꯋꯦ ꯕ    ꯗꯤꯖꯥꯏ ꯅꯤꯡꯗ    ꯀꯣꯔ ꯁ    ꯑꯃ    ꯇꯧꯔꯤꯕ    ꯅꯠꯇ꯭ꯔ ꯣ",37,13
1576,ꯑꯩꯒꯤ ꯃꯔꯨꯞ ꯑꯃ ꯆꯞ ꯃꯥꯟꯅꯕ ꯇꯧꯒꯦꯅ ꯈꯜꯂꯤ ꯑꯗꯨꯅ ꯅꯉꯣꯟꯗꯩ ꯏꯟꯐꯣꯔꯃꯦꯁꯟ ꯈꯔ ꯂꯧꯔꯛꯀꯦꯅ ꯍꯥꯏꯈꯤ꯫,ꯑ ꯩꯒꯤ    ꯃꯔꯨꯞ    ꯑꯃ    ꯆꯞ    ꯃꯥꯟꯅꯕ    ꯇꯧ ꯒꯦ ꯅ    ꯈ ꯜꯂꯤ    ꯑꯗꯨꯅ    ꯅ ꯉ ꯣ ꯟꯗ ꯩ    ꯏꯟ ꯐꯣꯔ ꯃꯦꯁꯟ    ꯈꯔ    ꯂꯧ ꯔꯛ ꯀꯦ ꯅ    ꯍꯥꯏꯈꯤ꯫ ,60,26
1577,"ꯃꯥꯅꯦ, ꯑꯩ ꯁꯦꯀꯦꯟ ꯏꯌꯥꯔꯗ ꯇꯝꯂꯤ꯫","ꯃꯥ ꯅꯦ ,    ꯑ ꯩ    ꯁꯦ ꯀꯦꯟ    ꯏ ꯌꯥ ꯔꯗ    ꯇꯝ ꯂꯤ꯫ ",22,12
1578,"ꯌꯥꯝ ꯐꯩꯌꯦ, ꯑꯗꯨꯅ ꯃꯍꯥꯛꯅ ꯈꯪꯕ ꯄꯥꯝꯂꯤꯁꯦ ꯀꯔꯤꯅꯣ","ꯌꯥꯝ    ꯐ ꯩ ꯌꯦ ,    ꯑꯗꯨꯅ    ꯃꯍꯥꯛꯅ    ꯈꯪꯕ    ꯄꯥꯝ ꯂꯤ ꯁꯦ    ꯀꯔꯤ ꯅꯣ ",32,13
1579,ꯋꯦꯕ ꯗꯤꯖꯥꯏꯅꯤꯡꯗ ꯗꯤꯄ꯭ꯂꯣꯃꯥ ꯀꯣꯔꯁ ꯑꯣꯐꯔ ꯇꯧꯕ ꯀꯣꯂꯦꯖꯁꯤꯡꯁꯦ ꯀꯔꯝ-ꯀꯔꯝꯕꯅꯣ,ꯋꯦ ꯕ    ꯗꯤꯖꯥꯏ ꯅꯤꯡꯗ    ꯗꯤ ꯄ꯭ ꯂꯣ ꯃꯥ    ꯀꯣꯔ ꯁ    ꯑꯣ ꯐꯔ    ꯇꯧꯕ    ꯀꯣꯂꯦꯖ ꯁꯤꯡ ꯁꯦ    ꯀꯔꯝ - ꯀꯔꯝ ꯕ ꯅꯣ ,51,21
1580,"ꯃꯥꯗꯣ ꯃꯥꯅ ꯈꯜꯂꯤꯁꯤꯗ ꯀꯌꯥ ꯊꯖꯥꯕ ꯑꯣꯏꯗꯦ, ꯑꯗꯨꯅ ꯍꯧꯖꯤꯛꯀꯤꯗꯤ ꯆꯨꯝꯅ ꯇ꯭ꯔꯥꯏ ꯇꯧꯕ ꯄꯥꯝꯃꯦ꯫","ꯃꯥ ꯗꯣ    ꯃꯥꯅ    ꯈ ꯜꯂꯤ ꯁꯤꯗ    ꯀꯌꯥ    ꯊ ꯖꯥ ꯕ    ꯑꯣꯏ ꯗꯦ,    ꯑꯗꯨꯅ    ꯍꯧꯖꯤ ꯛꯀꯤ ꯗꯤ    ꯆꯨꯝꯅ    ꯇ꯭ꯔ ꯥꯏ    ꯇꯧꯕ    ꯄꯥꯝ ꯃꯦ ꯫ ",58,23
1581,"ꯑꯣꯀꯦ, ꯑꯩ ꯃꯗꯨ ꯚꯥꯞ ꯇꯥꯏ꯫","ꯑꯣ ꯀꯦ ,    ꯑ ꯩ    ꯃꯗꯨ    ꯚꯥ ꯞ    ꯇꯥꯏ꯫ ",17,9
1582,"ꯃꯁꯤ ꯑꯇꯣꯞꯄ ꯃꯁꯤꯡ ꯌꯥꯝꯂꯕ ꯀꯌꯥꯒꯤ ꯃꯔꯛꯇ ꯁ꯭ꯀꯨꯜ ꯑꯣꯐ ꯐꯦꯁꯟ ꯇꯦꯛꯅꯣꯂꯣꯖꯤ, ꯄꯨꯅꯦ; ꯁ꯭ꯇꯦꯜꯂꯥ ꯃꯦꯔꯤꯁ ꯀꯣꯂꯦꯖ, ꯆꯦꯟꯅꯥꯏ ꯑꯃꯗꯤ ꯂꯣꯌꯣꯂꯥ ꯀꯣꯂꯦꯖ, ꯆꯦꯟꯅꯥꯏꯒꯨꯝꯕ ꯀꯣꯂꯦꯖ ꯀꯌꯥꯑꯃꯗ ꯐꯪꯉꯤ꯫","ꯃꯁꯤ    ꯑꯇꯣꯞꯄ    ꯃꯁꯤꯡ    ꯌꯥꯝꯂꯕ    ꯀꯌꯥꯒꯤ    ꯃꯔꯛꯇ    ꯁ꯭ꯀꯨꯜ    ꯑꯣꯐ    ꯐ ꯦꯁꯟ    ꯇꯦꯛꯅꯣ ꯂꯣꯖꯤ ,    ꯄꯨ ꯅꯦ ;    ꯁ꯭ꯇꯦ ꯜꯂ ꯥ    ꯃꯦꯔꯤ ꯁ    ꯀꯣꯂꯦꯖ ,    ꯆꯦꯟ ꯅꯥꯏ    ꯑꯃꯗꯤ    ꯂꯣ ꯌꯣ ꯂꯥ    ꯀꯣꯂꯦꯖ ,    ꯆꯦꯟ ꯅꯥꯏ ꯒꯨꯝꯕ    ꯀꯣꯂꯦꯖ    ꯀꯌꯥ ꯑꯃꯗ    ꯐꯪ ꯉꯤ꯫ ",119,39
1583,ꯅꯍꯥꯛ ꯂꯣꯌꯣꯂꯥ ꯀꯣꯂꯦꯖꯇ ꯇꯝꯂꯝꯃꯤꯀꯣ,ꯅꯍꯥꯛ    ꯂꯣ ꯌꯣ ꯂꯥ    ꯀꯣꯂꯦꯖ ꯇ    ꯇꯝ ꯂꯝ ꯃꯤ ꯀꯣ ,24,10
1584,"ꯍꯣꯏ, ꯑꯗꯨꯗ ꯇꯝꯃꯛꯑꯦ꯫","ꯍ ꯣꯏ ,    ꯑꯗꯨꯗ    ꯇꯝ ꯃꯛ ꯑꯦ ꯫ ",15,8
1585,ꯅꯍꯥꯛꯅ ꯄꯟꯈꯤꯕ ꯀꯣꯂꯦꯖꯁꯤꯡꯁꯦ ꯑꯗꯨꯝ ꯃꯃꯤꯡ ꯆꯠꯂꯦ꯫,ꯅꯍꯥꯛꯅ    ꯄꯟ ꯈꯤꯕ    ꯀꯣꯂꯦꯖ ꯁꯤꯡ ꯁꯦ    ꯑꯗꯨꯝ    ꯃꯃꯤꯡ    ꯆꯠ ꯂꯦ꯫ ,33,10
1586,ꯑꯦꯟꯇ꯭ꯔꯥꯟꯁ ꯄ꯭ꯔꯣꯁꯦꯁꯇꯤ ꯀꯔꯤꯅꯣ,ꯑꯦꯟ ꯇ꯭ꯔꯥꯟ ꯁ    ꯄ꯭ꯔꯣ ꯁꯦꯁ ꯇꯤ    ꯀꯔꯤ ꯅꯣ ,23,8
1587,"ꯍꯣꯏ, ꯀꯣꯂꯦꯖ ꯈꯔꯅ ꯃꯣꯏ ꯃꯁꯥꯒꯤ ꯑꯦꯟꯇ꯭ꯔꯥꯟꯁ ꯑꯦꯛꯖꯥꯝ ꯄꯥꯡꯊꯣꯛꯑꯦ꯫","ꯍ ꯣꯏ ,    ꯀꯣꯂꯦꯖ    ꯈꯔꯅ    ꯃ ꯣꯏ    ꯃꯁꯥꯒꯤ    ꯑꯦꯟ ꯇ꯭ꯔꯥꯟ ꯁ    ꯑꯦꯛ ꯖꯥ ꯝ    ꯄꯥꯡꯊꯣꯛ ꯑꯦ ꯫ ",44,17
1588,ꯃꯣꯏꯅ ꯀ꯭ꯂꯥꯁ ꯱꯰ꯒ ꯱꯲ꯀꯒꯤ ꯒ꯭ꯔꯦꯗꯁꯤꯡꯗꯁꯨ ꯌꯦꯡꯉꯦ꯫,ꯃ ꯣꯏꯅ    ꯀ꯭ꯂꯥ ꯁ    ꯱꯰ ꯒ    ꯱꯲ ꯀ ꯒꯤ    ꯒ꯭ꯔꯦ ꯗ ꯁꯤꯡꯗꯁꯨ    ꯌꯦꯡ ꯉ ꯦ ꯫ ,34,16
1589,ꯑꯦꯟ,ꯑꯦꯟ ,3,1
1590,ꯑꯥꯏ,ꯑ ꯥꯏ ,3,2
1591,ꯗꯤ,ꯗꯤ ,2,1
1592,ꯑꯦꯟꯇ꯭ꯔꯥꯟꯁ ꯑꯦꯛꯖꯥꯝꯒꯨꯝꯕ ꯅꯦꯁꯅꯦꯜ ꯇꯦꯁꯠꯁꯤꯡꯁꯨ ꯂꯩ꯫,ꯑꯦꯟ ꯇ꯭ꯔꯥꯟ ꯁ    ꯑꯦꯛ ꯖꯥ ꯝ ꯒꯨꯝꯕ    ꯅꯦꯁꯅꯦꯜ    ꯇꯦꯁ ꯠ ꯁꯤꯡꯁꯨ    ꯂꯩ꯫ ,37,12
1593,ꯑꯩꯒꯤ ꯃꯔꯨꯞꯇꯣ ꯃꯍꯥꯛꯀꯤ ꯕꯣꯔꯗ ꯄꯔꯤꯈꯥꯁꯤꯡꯗ ꯌꯥꯝꯅ ꯐꯖꯅ ꯇꯧꯈꯤ ꯑꯗꯨꯅ ꯃꯦꯔꯤꯠꯇ ꯌꯨꯝꯐꯝ ꯑꯣꯏꯕ ꯑꯦꯟꯇ꯭ꯔꯥꯟꯁ ꯑꯃꯍꯦꯛꯇ ꯃꯍꯥꯛꯅ ꯐꯖꯅ ꯇꯧꯕ ꯉꯝꯅꯤ꯫,ꯑ ꯩꯒꯤ    ꯃꯔꯨꯞ ꯇꯣ    ꯃꯍꯥꯛꯀꯤ    ꯕꯣꯔꯗ    ꯄꯔꯤ ꯈꯥ ꯁꯤꯡꯗ    ꯌꯥꯝꯅ    ꯐꯖꯅ    ꯇꯧꯈꯤ    ꯑꯗꯨꯅ    ꯃꯦꯔꯤ ꯠꯇ    ꯌꯨꯝꯐꯝ    ꯑꯣꯏꯕ    ꯑꯦꯟ ꯇ꯭ꯔꯥꯟ ꯁ    ꯑꯃꯍꯦꯛꯇ    ꯃꯍꯥꯛꯅ    ꯐꯖꯅ    ꯇꯧꯕ    ꯉꯝ ꯅꯤ꯫ ,90,26
1594,ꯃꯍꯥꯛ ꯃꯥꯒꯤ ꯀ꯭ꯔꯤꯑꯦꯇꯤꯕ ꯁ꯭ꯀꯤꯜꯗ ꯀꯌꯥ ꯊꯥꯖꯕ ꯑꯣꯏꯗꯦ꯫,ꯃꯍꯥꯛ    ꯃꯥꯒꯤ    ꯀ꯭ꯔꯤ ꯑꯦ ꯇꯤꯕ    ꯁ꯭ꯀꯤ ꯜꯗ    ꯀꯌꯥ    ꯊꯥꯖꯕ    ꯑꯣꯏ ꯗꯦ꯫ ,36,11
1595,ꯁꯤꯒꯤ ꯌꯨꯅꯤꯚꯔꯁꯤꯇꯤꯁꯤꯡꯁꯤꯗ ꯗꯤꯄ꯭ꯂꯣꯃꯥ ꯀꯣꯔꯁꯇꯣ ꯀꯌꯥꯝ ꯁꯥꯡꯒꯦ,ꯁꯤꯒꯤ    ꯌꯨꯅꯤꯚꯔꯁꯤ ꯇꯤ ꯁꯤꯡ ꯁꯤꯗ    ꯗꯤ ꯄ꯭ ꯂꯣ ꯃꯥ    ꯀꯣꯔ ꯁ ꯇꯣ    ꯀꯌꯥꯝ    ꯁꯥꯡ ꯒꯦ ,43,15
1596,ꯃꯁꯤ ꯆꯍꯤ ꯑꯃ ꯅꯠꯇ꯭ꯔꯒ ꯑꯅꯤ ꯁꯥꯡꯉꯦ꯫,ꯃꯁꯤ    ꯆꯍꯤ    ꯑꯃ    ꯅꯠꯇ꯭ꯔꯒ    ꯑꯅꯤ    ꯁꯥꯡ ꯉ ꯦ ꯫ ,23,9
1597,ꯑꯁꯦꯡꯕꯗꯤ ꯅꯍꯥꯛꯅ ꯑꯦꯗꯃꯤꯁꯟ ꯇꯧꯕ ꯀꯣꯂꯦꯖꯇꯨꯒꯤ ꯃꯇꯨꯡ ꯏꯜꯂꯦ꯫,ꯑ ꯁꯦꯡ ꯕꯗꯤ    ꯅꯍꯥꯛꯅ    ꯑꯦꯗ ꯃꯤ ꯁꯟ    ꯇꯧꯕ    ꯀꯣꯂꯦꯖ ꯇꯨ ꯒꯤ    ꯃꯇꯨꯡ    ꯏ ꯜ ꯂꯦ꯫ ,40,15
1598,ꯀꯦꯔꯤꯌꯔ ꯑꯣꯞꯁꯟꯁꯤꯡꯗꯣ ꯐꯕ꯭ꯔꯣ,ꯀꯦꯔꯤ ꯌꯔ    ꯑꯣꯞ ꯁꯟ ꯁꯤꯡ ꯗꯣ    ꯐ ꯕ꯭ꯔꯣ,21,8
1599,"ꯍꯣꯏ, ꯁꯤꯒꯤ ꯂꯝꯁꯤꯗ ꯊꯕꯛ ꯑꯐꯕ ꯐꯪꯕꯒꯤꯆꯥꯡ ꯋꯥꯡꯕ ꯑꯣꯏ꯫","ꯍ ꯣꯏ ,    ꯁꯤꯒꯤ    ꯂꯝ ꯁꯤꯗ    ꯊꯕꯛ    ꯑꯐꯕ    ꯐꯪ ꯕ ꯒꯤ ꯆꯥꯡ    ꯋꯥꯡꯕ    ꯑꯣꯏ꯫ ",35,14
1600,ꯃꯁꯤ ꯃꯔꯨ ꯑꯣꯏꯅ ꯃꯥꯂꯦꯝꯁꯦ ꯍꯦꯟꯅ ꯗꯤꯖꯤꯇꯦꯜ ꯑꯣꯏꯔꯛꯄ ꯑꯁꯤꯅꯅꯤ꯫,ꯃꯁꯤ    ꯃꯔꯨ    ꯑꯣꯏꯅ    ꯃꯥꯂꯦ ꯝ ꯁꯦ    ꯍꯦꯟꯅ    ꯗꯤꯖꯤꯇꯦꯜ    ꯑꯣꯏ ꯔꯛꯄ    ꯑꯁꯤ ꯅ ꯅꯤ꯫ ,41,13
1601,ꯎꯝ,ꯎ ꯝ ,2,2
1602,ꯅꯍꯥꯛꯅ ꯍꯥꯏꯗꯣ ꯒ꯭ꯌꯥꯟ ꯇꯥꯔꯦ꯫,ꯅꯍꯥꯛꯅ    ꯍꯥꯏ ꯗꯣ    ꯒ꯭ ꯌꯥꯟ    ꯇꯥꯔ ꯦ ꯫ ,20,8
1603,ꯅꯍꯥꯛ ꯁꯤꯒꯤ ꯀꯣꯔꯁꯁꯦ ꯍꯥꯟꯅ ꯂꯧꯕ ꯃꯤ ꯈꯪꯕ ꯂꯩꯕ꯭ꯔ,ꯅꯍꯥꯛ    ꯁꯤꯒꯤ    ꯀꯣꯔ ꯁ ꯁꯦ    ꯍꯥꯟꯅ    ꯂꯧꯕ    ꯃꯤ    ꯈꯪꯕ    ꯂꯩꯕ ꯭ꯔ,31,11
1604,"ꯍꯣꯏ, ꯑꯩꯒꯤ ꯃꯔꯨꯞ ꯑꯃ ꯋꯦꯕ ꯗꯤꯖꯥꯏꯅꯤꯡꯗ ꯗꯤꯄ꯭ꯂꯣꯃꯥ ꯑꯃ ꯆꯍꯤ ꯃꯉꯥꯒꯨꯝꯕꯒꯤ ꯃꯃꯥꯡꯗ ꯇꯧꯈ꯭ꯔꯦ꯫","ꯍ ꯣꯏ ,    ꯑ ꯩꯒꯤ    ꯃꯔꯨꯞ    ꯑꯃ    ꯋꯦ ꯕ    ꯗꯤꯖꯥꯏ ꯅꯤꯡꯗ    ꯗꯤ ꯄ꯭ ꯂꯣ ꯃꯥ    ꯑꯃ    ꯆꯍꯤ    ꯃꯉꯥ ꯒꯨꯝ ꯕꯒꯤ    ꯃꯃꯥꯡꯗ    ꯇꯧ ꯈ꯭ꯔꯦ꯫ ",60,23
1605,ꯉꯁꯤꯗꯤ ꯃꯍꯥꯛ ꯃꯥꯏ ꯄꯥꯛꯂꯕ ꯋꯦꯕ ꯗꯤꯖꯥꯏꯅꯔ ꯑꯃ ꯑꯣꯏꯔꯦ꯫,ꯉꯁꯤꯗꯤ    ꯃꯍꯥꯛ    ꯃꯥꯏ    ꯄꯥꯛ ꯂꯕ    ꯋꯦ ꯕ    ꯗꯤꯖꯥꯏ ꯅꯔ    ꯑꯃ    ꯑꯣꯏꯔꯦ꯫ ,35,11
1606,ꯅꯍꯥꯛꯅ ꯀꯥꯏꯗ꯭ꯔꯒꯗꯤ ꯃꯍꯥꯛꯀꯤ ꯀꯟꯇꯦꯛ ꯏꯟꯐꯣꯔꯃꯦꯁꯟ ꯂꯧꯕ ꯌꯥꯒꯗ꯭ꯔꯥ,ꯅꯍꯥꯛꯅ    ꯀꯥꯏ ꯗ꯭ꯔ ꯒ ꯗꯤ    ꯃꯍꯥꯛꯀꯤ    ꯀꯟ ꯇꯦꯛ    ꯏꯟ ꯐꯣꯔ ꯃꯦꯁꯟ    ꯂꯧꯕ    ꯌꯥ ꯒ ꯗ꯭ꯔꯥ ,44,15
1607,ꯑꯩꯒꯤ ꯃꯔꯨꯞꯇ ꯄꯤꯔꯒ ꯃꯍꯥꯛꯅ ꯀꯅꯥꯅꯣꯝꯗ ꯀꯣꯔꯁꯁꯤꯒꯤ ꯃꯇꯥꯡꯗ ꯀꯨꯞꯅ ꯋꯥꯔꯤ ꯁꯥꯟꯅꯖꯅꯕꯅꯤ꯫,ꯑ ꯩꯒꯤ    ꯃꯔꯨ ꯞꯇ    ꯄꯤ ꯔꯒ    ꯃꯍꯥꯛꯅ    ꯀꯅꯥ ꯅꯣ ꯝꯗ    ꯀꯣꯔ ꯁ ꯁꯤꯒꯤ    ꯃꯇꯥꯡꯗ    ꯀꯨꯞꯅ    ꯋꯥꯔꯤ    ꯁꯥꯟꯅ ꯖ ꯅꯕ ꯅꯤ꯫ ,56,20
1608,"ꯍꯣꯏ ꯍꯣꯏ, ꯀꯟꯇꯦꯛꯇꯣ ꯅꯉꯣꯟꯗ ꯋꯥꯠꯁꯑꯦꯞꯇ ꯑꯩ ꯊꯥꯔꯛꯑꯒꯦ꯫","ꯍ ꯣꯏ    ꯍ ꯣꯏ ,    ꯀꯟ ꯇꯦꯛ ꯇꯣ    ꯅꯉꯣꯟꯗ    ꯋꯥꯠ ꯁ ꯑꯦ ꯞꯇ    ꯑ ꯩ    ꯊꯥꯔꯛ ꯑ ꯒꯦ ꯫ ",37,19
1609,ꯑꯩ ꯌꯥꯝꯅ ꯊꯦꯡꯉꯕꯣ,ꯑ ꯩ    ꯌꯥꯝꯅ    ꯊꯦꯡ ꯉ ꯕꯣ,12,6
1610,ꯄꯦꯔꯦꯗꯇꯣ ꯍꯧꯈ꯭ꯔꯕꯣ,ꯄꯦ ꯔꯦ ꯗ ꯇꯣ    ꯍꯧ ꯈ꯭ꯔ ꯕꯣ,14,7
1611,ꯑꯩ ꯍꯦꯟꯖꯤꯟꯅ ꯇꯨꯝꯃꯨꯏꯗꯣ ꯀꯩꯒꯤꯅꯣ ꯈꯪꯗꯦ꯫,ꯑ ꯩ    ꯍꯦꯟ ꯖꯤꯟ ꯅ    ꯇꯨꯝ ꯃꯨ ꯏ ꯗꯣ    ꯀꯩ ꯒꯤ ꯅꯣ    ꯈꯪ ꯗꯦ꯫ ,28,14
1612,"ꯀꯔꯤꯝ ꯈꯜꯂꯨꯅꯨ, ꯅꯪ ꯃꯇꯝ ꯆꯞ ꯆꯥꯏ꯫","ꯀꯔꯤ ꯝ    ꯈ ꯜꯂꯨ ꯅꯨ ,    ꯅ ꯪ    ꯃꯇꯝ    ꯆꯞ    ꯆꯥꯏ ꯫ ",22,12
1613,ꯃꯤꯅꯤꯠ ꯃꯉꯥ ꯐꯥꯗ ꯉꯥꯏꯔꯤ꯫,ꯃꯤꯅꯤꯠ    ꯃꯉꯥ    ꯐꯥ ꯗ    ꯉꯥꯏ ꯔꯤ꯫ ,17,6
1614,ꯂꯥꯛꯑꯣ ꯑꯗꯨꯒ ꯐꯝꯃꯨꯂꯥꯎ꯫,ꯂꯥꯛ ꯑꯣ    ꯑꯗꯨꯒ    ꯐꯝ ꯃꯨ ꯂꯥꯎ ꯫ ,17,7
1615,ꯑꯩ ꯀꯩ ꯃꯤꯁ ꯇꯧꯈ꯭ꯔꯒꯦ,ꯑ ꯩ    ꯀꯩ    ꯃꯤꯁ    ꯇꯧ ꯈ꯭ꯔ ꯒꯦ ,14,7
1616,ꯀꯩꯝꯇ ꯇꯧꯗ꯭ꯔꯤ,ꯀꯩ ꯝ ꯇ    ꯇꯧ ꯗ꯭ꯔꯤ ,10,5
1617,ꯄ꯭ꯔꯁꯤꯗꯦꯟꯇꯅ ꯖꯥꯇꯤꯒꯤ ꯐꯤꯔꯥꯜ ꯄꯥꯏꯍꯟꯕꯗꯨ ꯈꯛꯇꯅꯤ꯫,ꯄ꯭ꯔ ꯁꯤꯗꯦꯟ ꯇꯅ    ꯖꯥꯇꯤꯒꯤ    ꯐꯤ ꯔꯥ ꯜ    ꯄꯥꯏ ꯍꯟ ꯕꯗꯨ    ꯈꯛꯇ ꯅꯤ꯫ ,35,12
1618,ꯑꯗꯨꯒ ꯄ꯭ꯔꯁꯤꯗꯦꯟ꯭ꯇꯇ ꯃꯈꯣꯜ ꯍꯧꯕ ꯅꯣꯡꯃꯩ ꯲꯱ꯒꯤ ꯁꯥꯂꯥꯃꯤ ꯀꯠꯄꯒ꯫,ꯑꯗꯨꯒ    ꯄ꯭ꯔ ꯁꯤꯗꯦꯟ ꯭ꯇ ꯇ    ꯃꯈ ꯣꯜ    ꯍꯧꯕ    ꯅꯣꯡꯃꯩ    ꯲ ꯱ꯒꯤ    ꯁꯥ ꯂꯥ ꯃꯤ    ꯀꯠ ꯄ ꯒ ꯫ ,42,18
1619,"ꯍꯧꯖꯤꯛꯅ ꯑꯥꯔꯃꯤ, ꯅꯦꯚꯤ ꯑꯃꯗꯤ ꯑꯦꯌꯔ ꯐꯣꯔꯁꯒꯤ ꯔꯦꯖꯤꯃꯦꯟꯇ ꯃꯈꯜꯁꯤꯡꯅ ꯃꯈꯣꯏꯒꯤ ꯕꯦꯟꯗꯁꯤꯡꯒ ꯔꯥꯖꯄꯥꯊꯇ ꯔꯥꯁꯇ꯭ꯔꯄꯇꯤ ꯚꯋꯟꯗꯒꯤ ꯃꯥꯔꯆ ꯇꯧꯔꯤ꯫","ꯍꯧꯖꯤ ꯛꯅ    ꯑꯥꯔ ꯃꯤ,    ꯅꯦ ꯚꯤ    ꯑꯃꯗꯤ    ꯑꯦ ꯌꯔ    ꯐꯣꯔ ꯁ ꯒꯤ    ꯔꯦꯖꯤ ꯃꯦꯟ ꯇ    ꯃꯈ ꯜꯁꯤꯡꯅ    ꯃꯈꯣꯏꯒꯤ    ꯕꯦꯟ ꯗ ꯁꯤꯡꯒ    ꯔꯥꯖ ꯄꯥ ꯊ ꯇ    ꯔꯥꯁꯇ꯭ꯔ ꯄꯇꯤ    ꯚ ꯋ ꯟꯗꯒꯤ    ꯃꯥꯔꯆ    ꯇꯧꯔꯤ꯫ ",90,32
1620,ꯃꯈꯣꯏꯁꯦ ꯀꯥꯏꯗ ꯆꯠꯂꯤꯅꯣ,ꯃꯈꯣꯏ ꯁꯦ    ꯀꯥꯏ ꯗ    ꯆꯠ ꯂꯤ ꯅꯣ ,16,7
1621,ꯏꯟꯗꯤꯌꯥ ꯒꯦꯠꯇ ꯑꯗꯩ ꯑꯔꯣꯏꯕꯗ ꯔꯦꯗ ꯐꯣꯔꯠꯇ꯫,ꯏꯟꯗꯤꯌꯥ    ꯒꯦ ꯠꯇ    ꯑ ꯗ ꯩ    ꯑꯔꯣꯏꯕꯗ    ꯔꯦꯗ    ꯐꯣꯔ ꯠꯇ ꯫ ,28,11
1622,ꯃꯈꯣꯏ ꯑꯃꯃꯝꯅ ꯂꯥꯟꯗꯨꯅ ꯆꯠꯄꯗ ꯃꯈꯣꯏꯅ ꯄ꯭ꯔꯁꯤꯗꯦꯟ꯭ꯇꯇ ꯏꯀꯥꯏ ꯈꯨꯝꯅꯕ ꯎꯠꯂꯤ꯫,ꯃꯈꯣꯏ    ꯑꯃꯃ ꯝꯅ    ꯂꯥꯟ ꯗꯨꯅ    ꯆꯠ ꯄꯗ    ꯃꯈꯣꯏꯅ    ꯄ꯭ꯔ ꯁꯤꯗꯦꯟ ꯭ꯇ ꯇ    ꯏꯀꯥꯏ    ꯈꯨꯝꯅꯕ    ꯎꯠꯂꯤ꯫ ,49,15
1623,ꯑꯗꯨꯒ ꯌꯦꯡꯉꯨ ꯀꯔꯝꯅ ꯃꯍꯥꯛꯅ ꯑꯃꯨꯛ ꯂꯦꯞꯈꯠꯂꯒ ꯃꯈꯣꯏꯅ ꯃꯥꯡꯂꯣꯝꯗ ꯃꯥꯔꯆ ꯇꯧꯕ ꯃꯇꯝꯗ ꯃꯈꯣꯏꯒꯤ ꯄꯨꯛꯅꯤꯡ ꯊꯧꯒꯠꯂꯤꯕ ꯑꯁꯤ꯫,ꯑꯗꯨꯒ    ꯌꯦꯡ ꯉ ꯨ    ꯀꯔꯝꯅ    ꯃꯍꯥꯛꯅ    ꯑꯃꯨꯛ    ꯂꯦꯞ ꯈꯠ ꯂꯒ    ꯃꯈꯣꯏꯅ    ꯃꯥꯡ ꯂꯣꯝꯗ    ꯃꯥꯔꯆ    ꯇꯧꯕ    ꯃꯇꯝꯗ    ꯃꯈꯣꯏꯒꯤ    ꯄꯨꯛꯅꯤꯡ    ꯊꯧꯒꯠ ꯂꯤꯕ    ꯑꯁꯤ ꯫ ,75,22
1624,ꯁꯤ ꯂꯣꯏꯅꯃꯛ ꯏꯁꯥꯃꯛꯅ ꯅꯣꯡꯃ ꯌꯦꯡꯅꯤꯡꯉꯦ꯫,ꯁꯤ    ꯂꯣꯏꯅ ꯃꯛ    ꯏ ꯁꯥ ꯃꯛꯅ    ꯅꯣꯡ ꯃ    ꯌꯦꯡ ꯅꯤꯡ ꯉ ꯦ ꯫ ,27,13
1625,ꯇꯣꯉꯥꯟ-ꯇꯣꯉꯥꯟꯕ ꯁ꯭ꯇꯦꯠꯁꯤꯡꯒꯤ ꯔꯤꯄ꯭ꯔꯖꯦꯟꯇꯦꯁꯟꯒꯤꯗꯤ,ꯇꯣꯉꯥꯟ- ꯇꯣꯉꯥꯟꯕ    ꯁ꯭ꯇꯦꯠ ꯁꯤꯡꯒꯤ    ꯔꯤ ꯄ꯭ꯔ ꯖꯦꯟ ꯇ ꯦꯁꯟ ꯒꯤ ꯗꯤ ,38,11
1626,ꯑꯥꯔꯃꯤꯅ ꯃꯥꯔꯆ ꯄꯥꯁꯠ ꯇꯧꯕ ꯃꯇꯨꯡꯗꯔꯣ,ꯑꯥꯔ ꯃꯤꯅ    ꯃꯥꯔꯆ    ꯄꯥ ꯁꯠ    ꯇꯧꯕ    ꯃꯇꯨꯡ ꯗ ꯔꯣ ,24,9
1627,"ꯃꯥꯅꯦ, ꯔꯦꯖꯤꯃꯦꯟꯇꯁꯤꯡ ꯂꯣꯏꯅꯃꯛ ꯃꯥꯔꯆ ꯇꯧꯈ꯭ꯔꯀꯥꯟꯗ ꯃꯣꯏ ꯂꯥꯛꯀꯅꯤ꯫","ꯃꯥ ꯅꯦ ,    ꯔꯦꯖꯤ ꯃꯦꯟ ꯇ ꯁꯤꯡ    ꯂꯣꯏꯅ ꯃꯛ    ꯃꯥꯔꯆ    ꯇꯧ ꯈ꯭ꯔ ꯀꯥꯟ ꯗ    ꯃ ꯣꯏ    ꯂꯥꯛ ꯀꯅꯤ꯫ ",45,18
1628,ꯇꯦꯕ꯭ꯂꯨ ꯑꯃꯅ ꯁ꯭ꯇꯦꯠ ꯑꯃꯃꯝ ꯔꯤꯄ꯭ꯔꯖꯦꯟꯇ ꯇꯧꯋꯤ꯫,ꯇꯦ ꯕ꯭ ꯂꯨ    ꯑꯃꯅ    ꯁ꯭ꯇꯦꯠ    ꯑꯃꯃꯝ    ꯔꯤ ꯄ꯭ꯔ ꯖꯦꯟ ꯇ    ꯇꯧꯋꯤ꯫ ,32,11
1629,"ꯃꯈꯣꯏꯅ ꯃꯈꯣꯏꯒꯤ ꯃꯁꯥꯒꯤ ꯁ꯭ꯇꯦꯠꯁꯤꯡꯒꯤ ꯄꯨꯋꯥꯔꯤ, ꯅꯥꯠ, ꯍꯦꯔꯤꯇꯦꯖ, ꯆꯥꯎꯈꯠꯄꯒꯤ ꯄ꯭ꯔꯣꯒ꯭ꯔꯥꯝꯁꯤꯡ ꯑꯃꯗꯤ ꯑꯀꯣꯏꯕꯒꯤ ꯐꯤꯕꯝ ꯎꯠꯂꯤ꯫","ꯃꯈꯣꯏꯅ    ꯃꯈꯣꯏꯒꯤ    ꯃꯁꯥꯒꯤ    ꯁ꯭ꯇꯦꯠ ꯁꯤꯡꯒꯤ    ꯄꯨꯋꯥꯔꯤ ,    ꯅꯥ ꯠ,    ꯍꯦꯔꯤꯇꯦ ꯖ,    ꯆꯥꯎꯈꯠ ꯄꯒꯤ    ꯄ꯭ꯔꯣꯒ꯭ꯔꯥ ꯝꯁꯤꯡ    ꯑꯃꯗꯤ    ꯑꯀꯣꯏꯕꯒꯤ    ꯐꯤꯕꯝ    ꯎꯠꯂꯤ꯫ ",85,19
1630,ꯃꯈꯣꯏꯅ ꯃꯈꯣꯏꯒ ꯂꯣꯏꯅꯅ ꯑꯅꯤꯃꯦꯁꯟ ꯑꯃꯗꯤ ꯁꯥꯎꯟꯗ ꯈꯔ ꯄꯨꯏ꯫,ꯃꯈꯣꯏꯅ    ꯃꯈꯣꯏ ꯒ    ꯂꯣꯏꯅꯅ    ꯑꯅꯤ ꯃꯦꯁꯟ    ꯑꯃꯗꯤ    ꯁꯥꯎ ꯟꯗ    ꯈꯔ    ꯄꯨ ꯏ꯫ ,37,12
1631,ꯌꯥꯝꯅ ꯀꯂꯔꯐꯨꯜ ꯑꯣꯏꯕ ꯗꯤꯁꯄ꯭ꯂꯦꯅꯤ ꯃꯁꯤ꯫,ꯌꯥꯝꯅ    ꯀ ꯂꯔ ꯐꯨ ꯜ    ꯑꯣꯏꯕ    ꯗꯤꯁ ꯄ꯭ꯂꯦ ꯅꯤ    ꯃꯁꯤ ꯫ ,27,11
1632,ꯍꯣꯏ ꯑꯗꯨꯒ ꯄꯦꯔꯦꯗ ꯄꯨꯝꯕꯗ ꯑꯩꯒꯤ ꯈ꯭ꯋꯥꯏꯗꯒꯤ ꯄꯥꯝꯕ ꯇꯥꯡꯀꯛꯁꯨꯅꯦ꯫,ꯍ ꯣꯏ    ꯑꯗꯨꯒ    ꯄꯦ ꯔꯦꯗ    ꯄꯨꯝꯕꯗ    ꯑ ꯩꯒꯤ    ꯈ꯭ꯋꯥꯏꯗꯒꯤ    ꯄꯥꯝꯕ    ꯇꯥꯡ ꯀꯛ ꯁꯨ ꯅꯦ ꯫ ,43,15
1633,ꯋꯦꯁꯠ ꯕꯦꯡꯒꯣꯜꯒꯤ ꯇꯦꯕ꯭ꯂꯨꯗꯣ ꯃꯃꯥꯡꯗ ꯀꯃꯥꯏꯅ ꯗꯦꯀꯣꯔꯦꯠ ꯇꯧꯈꯤꯒꯦꯗꯣ ꯍꯧꯖꯤꯛꯐꯥꯎ ꯅꯤꯡꯖꯪꯉꯤ꯫,ꯋꯦꯁꯠ    ꯕꯦꯡꯒꯣꯜꯒꯤ    ꯇꯦ ꯕ꯭ ꯂꯨ ꯗꯣ    ꯃꯃꯥꯡꯗ    ꯀ ꯃꯥꯏ ꯅ    ꯗꯦ ꯀꯣ ꯔꯦꯠ    ꯇꯧ ꯈꯤ ꯒꯦ ꯗꯣ    ꯍꯧꯖꯤꯛ ꯐꯥꯎ   ꯅꯤꯡ ꯖꯪ ꯉꯤ꯫ ,61,22
1634,ꯑꯗꯒꯤ ꯑꯗꯨꯗ ꯔꯨꯔꯦꯜ ꯕꯦꯡꯒꯣꯜꯒꯤ ꯈꯨꯡꯒꯪ ꯖꯒꯣꯏ ꯃꯋꯣꯡ ꯎꯠꯄ ꯖꯒꯣꯏ ꯁꯥꯕꯁꯤꯡꯗꯨꯁꯨ꯫,ꯑ ꯗꯒꯤ    ꯑꯗꯨꯗ    ꯔꯨ ꯔꯦꯜ    ꯕꯦꯡꯒꯣꯜꯒꯤ    ꯈꯨꯡꯒꯪ    ꯖꯒꯣꯏ    ꯃꯋꯣꯡ    ꯎꯠꯄ    ꯖꯒꯣꯏ    ꯁꯥ ꯕ ꯁꯤꯡ ꯗꯨ ꯁꯨ ꯫ ,52,17
1635,ꯍꯟꯗꯛ ꯆꯍꯤꯗꯤ ꯃꯈꯣꯏ ꯀꯩ ꯎꯠꯇꯣꯏꯖꯥꯠꯅꯣ꯫,ꯍꯟꯗ ꯛ    ꯆꯍꯤ ꯗꯤ    ꯃꯈꯣꯏ    ꯀꯩ    ꯎꯠ ꯇꯣꯏ ꯖꯥ ꯠ ꯅꯣ ꯫ ,26,12
1636,ꯑꯩꯈꯣꯏ ꯉꯥꯏꯔꯒ ꯌꯦꯡꯁꯤ꯫,ꯑꯩꯈ ꯣꯏ    ꯉꯥꯏ ꯔꯒ    ꯌꯦꯡ ꯁꯤ ꯫ ,16,7
1637,ꯑꯗꯣ ꯅꯪ ꯄꯨꯡ ꯕꯥꯔꯣ ꯑꯗꯨꯋꯥꯏꯗ ꯅꯪꯒꯤ ꯐꯝꯃꯒ ꯂꯥꯏ ꯌꯦꯛꯄꯒꯤ ꯀꯝꯄꯤꯇꯤꯁꯟ ꯂꯩꯌꯦꯗꯣ ꯀꯥꯎꯅꯨꯀꯣ꯫,ꯑꯗꯣ   ꯅ ꯪ    ꯄꯨꯡ    ꯕꯥꯔ ꯣ   ꯑꯗꯨ ꯋꯥꯏ ꯗ    ꯅꯪ ꯒꯤ    ꯐꯝ ꯃ ꯒ    ꯂꯥꯏ    ꯌꯦꯛ ꯄꯒꯤ    ꯀꯝꯄꯤꯇꯤ ꯁꯟ    ꯂꯩ ꯌꯦ ꯗꯣ    ꯀꯥꯎ ꯅꯨ ꯀꯣ ꯫ ,58,26
1638,ꯑꯗꯨꯒꯤ ꯁꯦꯝꯁꯥꯕ ꯇꯧꯔꯕꯣ ꯅꯪ,ꯑꯗꯨꯒꯤ    ꯁꯦꯝ ꯁꯥꯕ    ꯇꯧ ꯔ ꯕꯣ   ꯅ ꯪ ,18,8
1639,ꯑꯩꯒꯤ ꯁ꯭ꯀꯦꯠꯆꯁꯤꯡ ꯍꯥꯟꯅꯗꯩ ꯄ꯭ꯔꯦꯛꯇꯤꯁ ꯇꯧꯔꯦ ꯑꯩ꯫,ꯑ ꯩꯒꯤ    ꯁ꯭ ꯀꯦꯠ ꯆ ꯁꯤꯡ    ꯍꯥꯟ ꯅ ꯗ ꯩ    ꯄ꯭ꯔꯦ ꯛ ꯇꯤꯁ    ꯇꯧ ꯔꯦ    ꯑꯩ ꯫ ,34,17
1640,ꯔꯤꯄꯕ꯭ꯂꯤꯛ ꯗꯦ ꯄꯦꯔꯦꯗꯀꯤ ꯃꯤꯠꯌꯦꯡ ꯑꯃ ꯑꯁꯤꯃꯛ ꯌꯦꯛꯇꯣꯏꯅꯦ꯫,ꯔꯤ ꯄꯕ꯭ꯂꯤꯛ    ꯗꯦ    ꯄꯦ ꯔꯦ ꯗꯀꯤ    ꯃꯤꯠꯌꯦꯡ    ꯑꯃ    ꯑꯁꯤ ꯃꯛ    ꯌꯦ ꯛꯇ ꯣꯏ ꯅꯦ ꯫ ,39,15
1641,ꯃꯅꯥ ꯑꯃ ꯐꯪꯉꯕꯒꯤ ꯑꯁꯥ ꯇꯧꯏ꯫,ꯃꯅꯥ    ꯑꯃ    ꯐꯪ ꯉ ꯕꯒꯤ    ꯑ ꯁꯥ    ꯇꯧꯏ꯫ ,18,8
1642,ꯃꯅꯥꯁꯤꯡꯗꯨꯒꯤ ꯀꯩꯝ ꯈꯜꯂꯨꯅꯨ꯫,ꯃꯅꯥ ꯁꯤꯡ ꯗꯨꯒꯤ    ꯀꯩ ꯝ    ꯈ ꯜꯂꯨ ꯅꯨ ꯫ ,20,9
1643,ꯑꯥꯗ ꯅꯁꯥ ꯅꯨꯡꯉꯥꯏꯅ ꯌꯛꯎ꯫,ꯑ ꯥꯗ    ꯅ ꯁꯥ    ꯅꯨꯡꯉꯥꯏ ꯅ    ꯌ ꯛ ꯎ꯫ ,17,9
1644,ꯐꯖꯅ ꯇꯧꯔꯝꯃꯨꯀꯣ꯫,ꯐꯖꯅ    ꯇꯧ ꯔꯝ ꯃꯨ ꯀꯣ ꯫ ,12,6
1645,ꯌꯥꯝꯅ ꯊꯥꯒꯠꯆꯔꯤ ꯕꯥꯕꯥ꯫,ꯌꯥꯝꯅ    ꯊꯥꯒꯠ ꯆ ꯔꯤ    ꯕꯥ ꯕꯥ ꯫ ,16,7
1646,ꯑꯗꯣ ꯀꯝꯄꯤꯇꯤꯁꯟꯅ ꯃꯔꯝ ꯑꯣꯏꯗꯨꯅ ꯑꯩꯅ ꯃꯤꯁ ꯇꯧꯗꯣꯏꯕ ꯄꯦꯔꯦꯗꯀꯤ ꯇꯥꯡꯀꯛꯇꯣ ꯁꯣꯏꯗꯅ ꯌꯦꯡꯉꯨꯀꯣ꯫,ꯑꯗꯣ   ꯀꯝꯄꯤꯇꯤ ꯁꯟꯅ    ꯃꯔꯝ    ꯑꯣꯏꯗꯨꯅ    ꯑꯩ ꯅ    ꯃꯤꯁ    ꯇꯧ ꯗ ꯣꯏ ꯕ    ꯄꯦ ꯔꯦ ꯗꯀꯤ    ꯇꯥꯡ ꯀꯛ ꯇꯣ    ꯁꯣꯏꯗꯅ    ꯌꯦꯡ ꯉ ꯨ ꯀꯣ ꯫ ,60,24
1647,ꯇꯨꯝꯕꯒꯤ ꯃꯇꯝꯗ ꯑꯗꯨꯒꯤ ꯃꯔꯝꯗ ꯇꯥꯒꯦ꯫,ꯇꯨꯝ ꯕꯒꯤ    ꯃꯇꯝꯗ    ꯑꯗꯨꯒꯤ    ꯃꯔꯝꯗ    ꯇꯥ ꯒꯦ ꯫ ,24,8
1648,"ꯍꯦꯂꯣ, ꯃꯁꯤ ꯁꯃꯥꯙꯥꯟ ꯍꯦꯜꯄꯂꯥꯏꯟ ꯑꯣꯏꯕꯤꯔꯕ꯭ꯔ","ꯍꯦ ꯂꯣ ,    ꯃꯁꯤ    ꯁꯃꯥ ꯙꯥꯟ    ꯍꯦꯜ ꯄ ꯂꯥꯏꯟ    ꯑꯣꯏ ꯕꯤ ꯔꯕ ꯭ꯔ",31,13
1649,"ꯃꯥꯅꯦ, ꯑꯗꯣꯝꯒꯤ ꯀꯔꯤ ꯃꯇꯦꯡ ꯇꯧꯁꯤꯒꯦ","ꯃꯥ ꯅꯦ ,    ꯑꯗꯣꯝꯒꯤ    ꯀꯔꯤ    ꯃꯇꯦꯡ    ꯇꯧ ꯁꯤ ꯒꯦ ",24,9
1650,"ꯑꯩꯍꯥꯛ ꯍꯔꯤꯁꯅꯤ, ꯑꯗꯨꯒ ꯑꯩꯍꯥꯛ ꯁ꯭ꯋꯥꯃꯤ ꯕꯤꯕꯦꯀꯥꯅꯟꯗ ꯑꯦꯖꯨꯀꯦꯁꯅꯦꯜ ꯏꯟꯁꯇꯤꯇ꯭ꯌꯨꯠꯀꯤ ꯃꯍꯨꯠ ꯑꯣꯏꯅ ꯀꯣꯜ ꯇꯧꯖꯔꯛꯄꯅꯤ꯫","ꯑꯩꯍꯥꯛ   ꯍꯔꯤ ꯁ ꯅꯤ,    ꯑꯗꯨꯒ    ꯑꯩꯍꯥꯛ   ꯁ꯭ꯋꯥ ꯃꯤ    ꯕꯤ ꯕꯦ ꯀꯥ ꯅꯟꯗ    ꯑꯦꯖꯨ ꯀꯦꯁ ꯅꯦꯜ    ꯏꯟꯁꯇꯤꯇ꯭ꯌꯨ ꯠꯀꯤ    ꯃꯍꯨꯠ    ꯑꯣꯏꯅ    ꯀꯣꯜ    ꯇꯧ ꯖ ꯔꯛꯄ ꯅꯤ꯫ ",78,24
1651,ꯑꯩꯍꯥꯛ ꯃꯦꯔꯤꯠ-ꯀꯝ-ꯃꯤꯟꯁ ꯁ꯭ꯀꯣꯂꯔꯁꯤꯞ ꯄ꯭ꯔꯣꯒ꯭ꯔꯥꯝꯒꯤ ꯃꯇꯥꯡꯗ ꯍꯦꯟꯅ ꯈꯪꯕ ꯄꯥꯝꯖꯩ꯫,ꯑꯩꯍꯥꯛ   ꯃꯦꯔꯤ ꯠ- ꯀꯝ - ꯃꯤꯟ ꯁ    ꯁ꯭ꯀꯣ ꯂ ꯔꯁꯤꯞ    ꯄ꯭ꯔꯣꯒ꯭ꯔꯥ ꯝꯒꯤ    ꯃꯇꯥꯡꯗ    ꯍꯦꯟꯅ    ꯈꯪꯕ    ꯄꯥꯝ ꯖꯩ ꯫ ,56,18
1652,ꯑꯩꯍꯥꯛꯅ ꯄ꯭ꯔꯣꯒ꯭ꯔꯥꯝ ꯑꯁꯤꯒꯤ ꯃꯔꯝꯗ ꯑꯩꯈꯣꯏꯒꯤ ꯃꯍꯩꯔꯣꯏꯁꯤꯡꯗ ꯈꯪꯍꯟꯖꯅꯕꯅꯤ꯫,ꯑꯩꯍꯥꯛ ꯅ    ꯄ꯭ꯔꯣꯒ꯭ꯔꯥꯝ    ꯑꯁꯤꯒꯤ    ꯃꯔꯝꯗ    ꯑꯩꯈ ꯣꯏꯒꯤ    ꯃꯍꯩꯔꯣꯏ ꯁꯤꯡꯗ    ꯈꯪꯍꯟ ꯖ ꯅꯕ ꯅꯤ꯫ ,51,13
1653,ꯐꯅꯤ,ꯐ ꯅꯤ ,3,2
1654,ꯁ꯭ꯀꯤꯝ ꯑꯁꯤꯒꯤ ꯃꯔꯨꯑꯣꯏꯕ ꯄꯥꯟꯗꯝ ꯑꯁꯤ ꯃꯥꯏꯅꯣꯔꯤꯇꯤ ꯄꯣꯄꯨꯂꯦꯁꯟꯗꯒꯤ ꯂꯥꯏꯔꯕ ꯑꯃꯗꯤ ꯃꯇꯤꯛ ꯆꯥꯕ ꯃꯍꯩꯔꯣꯏꯁꯤꯡꯗ ꯁꯦꯜꯒꯤ ꯃꯇꯦꯡ ꯄꯤꯕꯅꯤ꯫,ꯁ꯭ꯀꯤ ꯝ    ꯑꯁꯤꯒꯤ    ꯃꯔꯨꯑꯣꯏꯕ    ꯄꯥꯟꯗꯝ    ꯑꯁꯤ    ꯃꯥꯏ ꯅꯣ ꯔꯤꯇꯤ    ꯄꯣ ꯄꯨ ꯂ ꯦꯁꯟ ꯗꯒꯤ    ꯂꯥꯏ ꯔꯕ    ꯑꯃꯗꯤ    ꯃꯇꯤꯛ    ꯆꯥꯕ    ꯃꯍꯩꯔꯣꯏ ꯁꯤꯡꯗ    ꯁꯦꯜꯒꯤ    ꯃꯇꯦꯡ    ꯄꯤ ꯕꯅꯤ꯫ ,86,25
1655,ꯑꯗꯨꯒ ꯃꯁꯤꯒꯤ ꯁ꯭ꯀꯣꯂꯔꯁꯤꯞ ꯑꯁꯤꯗꯒꯤ ꯃꯈꯣꯏꯅ ꯄ꯭ꯔꯣꯐꯦꯁꯅꯦꯜ ꯑꯃꯗꯤ ꯇꯣꯛꯂꯤꯀꯦꯜ ꯑꯦꯖꯨꯀꯦꯁꯟ ꯇꯝꯕ ꯉꯝꯂꯒꯅꯤ꯫,ꯑꯗꯨꯒ    ꯃꯁꯤꯒꯤ    ꯁ꯭ꯀꯣ ꯂ ꯔꯁꯤꯞ    ꯑꯁꯤꯗꯒꯤ    ꯃꯈꯣꯏꯅ    ꯄ꯭ꯔꯣꯐꯦꯁꯅꯦꯜ    ꯑꯃꯗꯤ    ꯇꯣꯛ ꯂꯤ ꯀꯦꯜ    ꯑꯦꯖꯨ ꯀꯦꯁꯟ    ꯇꯝꯕ    ꯉꯝ ꯂ ꯒꯅꯤ꯫ ,69,18
1656,ꯃꯁꯤꯒꯤ ꯁ꯭ꯀꯤꯝ ꯑꯁꯤ ꯃꯤꯅꯤꯁꯇ꯭ꯔꯤ ꯑꯣꯐ ꯃꯥꯏꯅꯣꯔꯤꯇꯤ ꯑꯦꯐ꯭ꯌꯔꯁꯅ ꯍꯧꯗꯣꯛꯄꯅꯤ꯫,ꯃꯁꯤꯒꯤ    ꯁ꯭ꯀꯤ ꯝ    ꯑꯁꯤ    ꯃꯤꯅꯤ ꯁꯇ꯭ꯔꯤ    ꯑꯣꯐ    ꯃꯥꯏ ꯅꯣ ꯔꯤꯇꯤ    ꯑꯦꯐ ꯭ꯌ ꯔ ꯁꯅ    ꯍꯧꯗꯣꯛ ꯄꯅꯤ꯫ ,51,16
1657,"ꯍꯣꯏ, ꯁꯔ꯫","ꯍ ꯣꯏ ,    ꯁꯔ ꯫ ",7,5
1658,"ꯁ꯭ꯀꯣꯂꯔꯁꯤꯞ ꯑꯁꯤ ꯚꯥꯔꯠꯇ ꯃꯍꯩ ꯇꯝꯕꯒꯤꯅꯤ ꯍꯥꯏꯕꯁꯤ ꯆꯨꯝꯕꯤꯕ꯭ꯔ, ꯁꯔ","ꯁ꯭ꯀꯣ ꯂ ꯔꯁꯤꯞ    ꯑꯁꯤ    ꯚꯥꯔꯠꯇ    ꯃꯍꯩ    ꯇ ꯝꯕ ꯒꯤꯅꯤ    ꯍꯥꯏꯕꯁꯤ    ꯆꯨꯝ ꯕꯤ ꯕ꯭ꯔ ,    ꯁꯔ ",44,15
1659,ꯍꯣꯏ꯫ ꯁ꯭ꯀꯣꯂꯔꯁꯤꯞ ꯑꯁꯤ ꯚꯥꯔꯠꯇ ꯁꯔꯀꯥꯔꯒꯤ ꯅꯠꯇ꯭ꯔꯒ ꯂꯅꯥꯏꯒꯤ ꯌꯨꯅꯤꯚꯔꯁꯤꯇꯤ ꯑꯃꯗ ꯇꯝꯕ ꯃꯍꯩꯔꯣꯏꯁꯤꯡꯈꯛꯇꯗ ꯄꯤꯒꯅꯤ꯫,ꯍ ꯣꯏ ꯫    ꯁ꯭ꯀꯣ ꯂ ꯔꯁꯤꯞ    ꯑꯁꯤ    ꯚꯥꯔꯠꯇ    ꯁꯔꯀꯥꯔꯒꯤ    ꯅꯠꯇ꯭ꯔꯒ    ꯂꯅꯥꯏꯒꯤ    ꯌꯨꯅꯤꯚꯔꯁꯤꯇꯤ    ꯑꯃꯗ    ꯇꯝꯕ    ꯃꯍꯩꯔꯣꯏ ꯁꯤꯡ ꯈꯛꯇꯗ    ꯄꯤ ꯒꯅꯤ꯫ ,75,19
1660,ꯁ꯭ꯀꯣꯂꯔꯁꯤꯞ ꯑꯁꯤ ꯑꯟꯗꯔꯒ꯭ꯔꯦꯖꯨꯑꯦꯠ ꯁꯥꯇ꯭ꯔꯁꯤꯡꯈꯛꯇꯒꯤ ꯑꯣꯏꯕꯤꯔꯕ꯭ꯔ,ꯁ꯭ꯀꯣ ꯂ ꯔꯁꯤꯞ    ꯑꯁꯤ    ꯑꯟꯗ ꯔ ꯒ꯭ꯔꯦ ꯖꯨ ꯑꯦ ꯠ    ꯁꯥ ꯇ꯭ꯔ ꯁꯤꯡ ꯈꯛꯇ ꯒꯤ    ꯑꯣꯏ ꯕꯤ ꯔꯕ ꯭ꯔ,47,19
1661,"ꯅꯠꯆꯗꯦ, ꯃꯁꯤꯅ ꯑꯟꯗꯔꯒ꯭ꯔꯦꯖꯨꯑꯦꯠ ꯑꯃꯗꯤ ꯄꯣꯁꯠ ꯒ꯭ꯔꯦꯖꯨꯑꯦꯠꯀꯤ ꯊꯥꯛꯇ ꯂꯩꯕ ꯇꯣꯛꯂꯤꯀꯦꯜ ꯑꯃꯗꯤ ꯄ꯭ꯔꯣꯐꯦꯁꯅꯦꯜ ꯀꯣꯔꯁꯁꯤꯡ ꯀꯣꯕꯔ ꯇꯧꯖꯒꯅꯤ꯫","ꯅꯠ ꯆ ꯗꯦ,    ꯃꯁꯤꯅ    ꯑꯟꯗ ꯔ ꯒ꯭ꯔꯦ ꯖꯨ ꯑꯦ ꯠ    ꯑꯃꯗꯤ    ꯄꯣ ꯁꯠ    ꯒ꯭ꯔꯦ ꯖꯨ ꯑꯦ ꯠꯀꯤ    ꯊꯥꯛꯇ    ꯂꯩꯕ    ꯇꯣꯛ ꯂꯤ ꯀꯦꯜ    ꯑꯃꯗꯤ    ꯄ꯭ꯔꯣꯐꯦꯁꯅꯦꯜ    ꯀꯣꯔ ꯁꯁꯤꯡ    ꯀꯣ ꯕꯔ    ꯇꯧ ꯖ ꯒꯅꯤ꯫ ",89,31
1662,ꯁ꯭ꯀꯣꯂꯔꯁꯤꯞ ꯑꯁꯤꯒꯤꯗꯃꯛ ꯊꯥꯖꯤꯟꯕꯒꯤ ꯀ꯭ꯔꯥꯏꯇꯦꯔꯤꯌꯥ ꯑꯗꯨ ꯀꯔꯤ-ꯀꯔꯤ ꯑꯣꯏꯕꯤꯕꯒꯦ,ꯁ꯭ꯀꯣ ꯂ ꯔꯁꯤꯞ    ꯑꯁꯤꯒꯤꯗꯃꯛ    ꯊꯥ ꯖꯤꯟ ꯕꯒꯤ    ꯀ꯭ꯔꯥꯏ ꯇꯦꯔꯤ ꯌꯥ    ꯑꯗꯨ    ꯀꯔꯤ - ꯀꯔꯤ    ꯑꯣꯏ ꯕꯤ ꯕꯒꯦ ,54,17
1663,ꯃꯈꯣꯏꯒꯤ ꯃꯃꯥꯡꯒꯤ ꯐꯥꯏꯅꯦꯜ ꯑꯦꯛꯖꯥꯝꯗ ꯌꯥꯝꯗ꯭ꯔꯕꯗ ꯆꯥꯗ ꯵꯰ ꯅꯠꯇ꯭ꯔꯒ ꯃꯥꯟꯅꯕ ꯒ꯭ꯔꯦꯗ ꯑꯃ ꯐꯪꯕ ꯃꯍꯩꯔꯣꯏꯁꯤꯡꯅ ꯁ꯭ꯀꯣꯂꯔꯁꯤꯞ ꯑꯃꯒꯤꯗꯃꯛ ꯏꯂꯤꯖꯤꯕꯜ ꯑꯣꯏꯒꯅꯤ꯫,ꯃꯈꯣꯏꯒꯤ    ꯃꯃꯥꯡꯒꯤ    ꯐꯥꯏ ꯅꯦꯜ    ꯑꯦꯛ ꯖꯥ ꯝꯗ    ꯌꯥꯝꯗ꯭ꯔꯕꯗ    ꯆꯥꯗ    ꯵꯰    ꯅꯠꯇ꯭ꯔꯒ    ꯃꯥꯟꯅꯕ    ꯒ꯭ꯔꯦ ꯗ    ꯑꯃ    ꯐꯪꯕ    ꯃꯍꯩꯔꯣꯏ ꯁꯤꯡꯅ    ꯁ꯭ꯀꯣ ꯂ ꯔꯁꯤꯞ    ꯑꯃꯒꯤꯗꯃꯛ    ꯏꯂꯤ ꯖꯤ ꯕꯜ    ꯑꯣꯏꯒꯅꯤ꯫ ,99,26
1664,"ꯑꯗꯨꯒ, ꯃꯈꯣꯏꯒꯤ ꯃꯃꯥ-ꯃꯄꯥꯒꯤ ꯅꯠꯇ꯭ꯔꯒ ꯌꯣꯛꯂꯤꯕꯁꯤꯡꯒꯤ ꯁꯣꯔꯁ ꯄꯨꯝꯅꯃꯛꯇꯒꯤ ꯑꯣꯏꯕ ꯆꯍꯤꯒꯤ ꯏꯟꯀꯝ ꯑꯗꯨ ꯂꯨꯄꯥ ꯂꯥꯛ ꯲","ꯑꯗꯨ ꯒ,    ꯃꯈꯣꯏꯒꯤ    ꯃꯃꯥ - ꯃꯄꯥ ꯒꯤ    ꯅꯠꯇ꯭ꯔꯒ    ꯌꯣꯛ ꯂꯤ ꯕꯁꯤꯡꯒꯤ    ꯁꯣꯔ ꯁ    ꯄꯨꯝꯅ ꯃꯛꯇꯒꯤ    ꯑꯣꯏꯕ    ꯆꯍꯤꯒꯤ    ꯏꯟ ꯀ ꯝ    ꯑꯗꯨ    ꯂꯨꯄꯥ    ꯂ ꯥꯛ    ꯲ ",74,25
1665,꯵꯰ꯗꯒꯤ ꯍꯦꯟꯗ꯭ꯔꯕꯗꯤ꯫,꯵꯰ ꯗꯒꯤ    ꯍꯦꯟ ꯗ꯭ꯔ ꯕ ꯗ ꯤ꯫ ,15,7
1666,"ꯁꯔ, ꯃꯍꯩꯔꯣꯏ ꯀꯌꯥꯗ ꯑꯦꯝ","ꯁꯔ ,    ꯃꯍꯩꯔꯣꯏ    ꯀꯌꯥꯗ    ꯑꯦ ꯝ ",16,6
1667,ꯁꯤ,ꯁꯤ ,2,1
1668,ꯑꯦꯝ,ꯑꯦ ꯝ ,3,2
1669,ꯄꯤꯕꯤꯗꯣꯏꯅꯣ,ꯄꯤ ꯕꯤꯗ ꯣꯏ ꯅꯣ ,9,4
1670,"ꯔꯤꯅ꯭ꯌꯨꯋꯦꯜ ꯁ꯭ꯀꯣꯂꯔꯁꯤꯞꯁꯤꯡꯒꯤ ꯃꯊꯛꯇ ꯑꯄꯨꯟꯕ ꯁ꯭ꯀꯣꯂꯔꯁꯤꯞ ꯶꯰,꯰꯰꯰ ꯐ꯭ꯔꯦꯁ ꯁ꯭ꯀꯣꯂꯔꯁꯤꯞꯁꯤꯡ ꯑꯣꯏꯅ ꯌꯦꯟꯊꯣꯛꯄꯒꯤ ꯄꯥꯟꯗꯝ ꯂꯩꯖꯩ꯫","ꯔꯤ ꯅ꯭ꯌꯨ ꯋꯦ ꯜ    ꯁ꯭ꯀꯣ ꯂ ꯔꯁꯤ ꯞ ꯁꯤꯡꯒꯤ    ꯃꯊꯛꯇ    ꯑꯄꯨꯟꯕ    ꯁ꯭ꯀꯣ ꯂ ꯔꯁꯤꯞ    ꯶꯰ ,꯰꯰꯰    ꯐ꯭ꯔ ꯦꯁ    ꯁ꯭ꯀꯣ ꯂ ꯔꯁꯤ ꯞꯁꯤꯡ    ꯑꯣꯏꯅ    ꯌꯦꯟ ꯊꯣꯛꯄꯒꯤ    ꯄꯥꯟꯗꯝ    ꯂꯩ ꯖꯩ ꯫ ",87,29
1671,"ꯑꯗꯨꯗꯤ ꯑꯆꯧꯕ ꯃꯁꯤꯡꯅꯤ, ꯑꯗꯨꯒ ꯃꯊꯧ ꯇꯥꯖꯕ ꯃꯍꯩꯔꯣꯏꯁꯤꯡꯗ ꯀꯥꯟꯅꯒꯅꯤ꯫","ꯑꯗꯨꯗꯤ    ꯑꯆꯧꯕ    ꯃ ꯁꯤꯡ ꯅꯤ,    ꯑꯗꯨꯒ    ꯃꯊꯧ    ꯇꯥ ꯖꯕ    ꯃꯍꯩꯔꯣꯏ ꯁꯤꯡꯗ    ꯀꯥꯟ ꯅ ꯒꯅꯤ꯫ ",45,14
1672,ꯃꯁꯤꯒꯤ ꯁ꯭ꯀꯣꯂꯔꯁꯤꯞꯁꯤꯡ ꯑꯁꯤ ꯑꯇꯩ ꯃꯍꯩꯔꯣꯏꯁꯤꯡꯒꯤ ꯄꯨꯛꯅꯤꯡ ꯊꯧꯒꯠꯄꯒꯤ ꯃꯆꯥꯛ ꯑꯃꯁꯨ ꯑꯣꯏꯔꯤ꯫,ꯃꯁꯤꯒꯤ    ꯁ꯭ꯀꯣ ꯂ ꯔꯁꯤ ꯞꯁꯤꯡ    ꯑꯁꯤ    ꯑꯇꯩ    ꯃꯍꯩꯔꯣꯏ ꯁꯤꯡꯒꯤ    ꯄꯨꯛꯅꯤꯡ    ꯊꯧꯒꯠ ꯄꯒꯤ    ꯃꯆ ꯥꯛ    ꯑꯃꯁꯨ    ꯑꯣꯏꯔꯤ꯫ ,61,16
1673,"ꯃꯥꯅꯦ, ꯆꯨꯝꯃꯦ꯫","ꯃꯥ ꯅꯦ ,    ꯆꯨꯝ ꯃꯦ ꯫ ",11,6
1674,"ꯔꯤꯖꯔꯕꯦꯁꯟ ꯄꯣꯂꯤꯁꯤ ꯑꯃ ꯂꯩ, ꯍꯥꯏꯕꯗꯤ ꯁ꯭ꯇꯦꯠ/ꯌꯨ","ꯔꯤꯖꯔꯕ ꯦꯁꯟ    ꯄꯣꯂꯤ ꯁꯤ    ꯑꯃ    ꯂꯩ,    ꯍꯥꯏꯕꯗꯤ    ꯁ꯭ꯇꯦꯠ / ꯌꯨ ",33,10
1675,ꯇꯤ,ꯇꯤ ,2,1
1676,ꯑꯃꯗ ꯃꯥꯏꯅꯣꯔꯤꯇꯤ ꯀꯃ꯭ꯌꯨꯅꯤꯇꯤ ꯑꯃꯃꯝꯒꯤ ꯅꯨꯄꯤꯃꯆꯥ ꯃꯍꯩꯔꯣꯏꯁꯤꯡꯒꯤꯗꯃꯛꯇ ꯁ꯭ꯀꯣꯂꯔꯁꯤꯞ ꯆꯥꯗ ꯳꯰ ꯈꯥꯛꯇꯨꯅ ꯊꯝꯃꯤ꯫,ꯑꯃꯗ    ꯃꯥꯏ ꯅꯣ ꯔꯤꯇꯤ    ꯀ ꯃ꯭ꯌꯨꯅꯤ ꯇꯤ    ꯑꯃꯃꯝꯒꯤ    ꯅꯨꯄꯤꯃꯆꯥ    ꯃꯍꯩꯔꯣꯏ ꯁꯤꯡꯒꯤꯗꯃꯛꯇ    ꯁ꯭ꯀꯣ ꯂ ꯔꯁꯤꯞ    ꯆꯥꯗ    ꯳꯰    ꯈ ꯥꯛ ꯇꯨꯅ    ꯊꯝꯃꯤ꯫ ,74,20
1677,"ꯑꯣ, ꯃꯗꯨ ꯌꯥꯝ ꯐꯩ꯫","ꯑꯣ ,    ꯃꯗꯨ    ꯌꯥꯝ    ꯐ ꯩ꯫ ",12,6
1678,ꯃꯁꯤꯒꯤ ꯁ꯭ꯀꯣꯂꯔꯁꯤꯞ ꯑꯁꯤ ꯀꯌꯥꯝ ꯀꯨꯏꯅ ꯆꯠꯅꯒꯗꯒꯦ,ꯃꯁꯤꯒꯤ    ꯁ꯭ꯀꯣ ꯂ ꯔꯁꯤꯞ    ꯑꯁꯤ    ꯀꯌꯥꯝ    ꯀꯨꯏꯅ    ꯆꯠꯅ ꯒꯗꯒꯦ ,32,9
1679,ꯁ꯭ꯀꯣꯂꯔꯁꯤꯞ ꯑꯁꯤ ꯑꯦꯀꯥꯗꯦꯃꯤꯛ ꯌꯤꯑꯔ/ꯀꯣꯔꯁ ꯄꯨꯝꯕꯒꯤ ꯄꯤꯒꯅꯤ꯫,ꯁ꯭ꯀꯣ ꯂ ꯔꯁꯤꯞ    ꯑꯁꯤ    ꯑꯦꯀꯥꯗꯦ ꯃꯤꯛ    ꯌꯤ ꯑꯔ / ꯀꯣꯔ ꯁ    ꯄꯨꯝꯕꯒꯤ    ꯄꯤ ꯒꯅꯤ꯫ ,42,14
1680,"ꯑꯃꯗꯤ ꯃꯦꯟꯇꯦꯅꯦꯟꯁ ꯑꯦꯜꯂꯣꯋꯦꯟꯁ ꯑꯗꯨ ꯑꯦꯀꯥꯗꯦꯃꯤꯛ ꯌꯤꯌꯥꯔ ꯑꯃꯒꯤꯗꯃꯛ ꯐꯤꯛꯁ ꯑꯣꯏꯅ ꯆꯥꯎꯔꯥꯛꯅ ꯁꯦꯜ ꯑꯣꯏꯅ ꯍꯣꯁꯇꯦꯜꯗ ꯂꯩꯕꯁꯤꯡꯒꯤ ꯂꯨꯄꯥ ꯱꯰,꯰꯰꯰/- ꯑꯗꯨꯒ ꯗꯦ ꯁ꯭ꯀꯣꯂꯔꯁꯤꯡꯒꯤꯅ ꯂꯨꯄꯥ ꯵,꯰꯰꯰/- ꯄꯤꯒꯅꯤ꯫","ꯑꯃꯗꯤ    ꯃꯦꯟ ꯇꯦ ꯅꯦꯟ ꯁ    ꯑꯦꯜ ꯂꯣ ꯋ ꯦꯟ ꯁ    ꯑꯗꯨ    ꯑꯦꯀꯥꯗꯦ ꯃꯤꯛ    ꯌꯤ ꯌꯥꯔ    ꯑꯃꯒꯤꯗꯃꯛ    ꯐꯤ ꯛꯁ    ꯑꯣꯏꯅ    ꯆꯥꯎꯔꯥꯛꯅ    ꯁꯦꯜ    ꯑꯣꯏꯅ    ꯍꯣ ꯁꯇꯦ ꯜꯗ    ꯂꯩꯕ ꯁꯤꯡꯒꯤ    ꯂꯨꯄꯥ    ꯱꯰ ,꯰꯰꯰ / -    ꯑꯗꯨꯒ    ꯗꯦ    ꯁ꯭ꯀꯣ ꯂꯔ ꯁꯤꯡ ꯒꯤ ꯅ    ꯂꯨꯄꯥ    ꯵ ,꯰꯰꯰ / -    ꯄꯤ ꯒꯅꯤ꯫ ",130,46
1681,ꯌꯥꯝ ꯐꯔꯦ,ꯌꯥꯝ    ꯐ ꯔꯦ ,6,3
1682,ꯁ꯭ꯀꯣꯂꯔꯁꯤꯞ ꯑꯁꯤꯒꯤꯗꯃꯛ ꯀꯔꯝꯅ ꯊꯥꯖꯤꯟꯒꯅꯤ,ꯁ꯭ꯀꯣ ꯂ ꯔꯁꯤꯞ    ꯑꯁꯤꯒꯤꯗꯃꯛ    ꯀꯔꯝꯅ    ꯊꯥ ꯖꯤꯟ ꯒꯅꯤ ,29,8
1683,ꯁ꯭ꯀꯤꯝ ꯑꯁꯤ ꯅꯦꯁꯅꯦꯜ ꯁ꯭ꯀꯣꯂꯔꯁꯤꯞ ꯄꯣꯔꯇꯦꯜ (ꯑꯦꯟ,ꯁ꯭ꯀꯤ ꯝ    ꯑꯁꯤ    ꯅꯦꯁꯅꯦꯜ    ꯁ꯭ꯀꯣ ꯂ ꯔꯁꯤꯞ    ꯄꯣꯔ ꯇꯦꯜ    ( ꯑꯦꯟ ,33,11
1684,ꯑꯦꯁ,ꯑꯦꯁ,3,1
1685,ꯄꯤ,ꯄꯤ ,2,1
1686,)ꯒꯤ ꯈꯨꯠꯊꯥꯡꯗ ꯆꯠꯊꯕꯅꯤ꯫,)ꯒꯤ    ꯈꯨꯠꯊꯥꯡꯗ    ꯆꯠ ꯊꯕ ꯅꯤ꯫ ,17,5
1687,"ꯃꯍꯩꯔꯣꯏ ꯄꯨꯝꯅꯃꯛꯅ ꯑꯣꯟꯂꯥꯏꯟꯗ ꯋꯦꯕꯁꯥꯏꯠꯇ, ꯍꯥꯏꯕꯗꯤ www","ꯃꯍꯩꯔꯣꯏ    ꯄꯨꯝꯅꯃꯛꯅ    ꯑꯣꯟꯂꯥꯏꯟꯗ    ꯋꯦꯕꯁꯥꯏ ꯠꯇ,    ꯍꯥꯏꯕꯗꯤ    w w w",39,9
1688,scholarships,s c h o l a r s h i p s,12,12
1689,gov,g o v,3,3
1690,in ꯗ ꯊꯥꯖꯤꯟꯕ ꯇꯉꯥꯏꯐꯗꯦ꯫,i n   ꯗ    ꯊꯥ ꯖꯤꯟꯕ    ꯇꯉꯥꯏꯐ ꯗꯦ꯫ ,17,7
1691,ꯃꯁꯤ ꯃꯈꯣꯏꯒꯤꯗꯃꯛ ꯀꯥꯟꯅꯒꯅꯤ꯫,ꯃꯁꯤ    ꯃꯈꯣꯏ ꯒꯤꯗꯃꯛ    ꯀꯥꯟ ꯅ ꯒꯅꯤ꯫ ,20,6
1692,ꯑꯗꯣꯝꯅ ꯅꯦꯁꯅꯦꯜ ꯁ꯭ꯀꯣꯂꯔꯁꯤꯞ ꯄꯣꯔꯇꯦꯜꯗꯒꯤ ꯍꯦꯟꯅ ꯀꯨꯞꯄ ꯃꯔꯣꯜꯁꯤꯡ ꯗꯥꯎꯟꯂꯣꯗ ꯇꯧꯕꯤꯕ ꯌꯥꯒꯅꯤ꯫,ꯑꯗꯣꯝꯅ    ꯅꯦꯁꯅꯦꯜ    ꯁ꯭ꯀꯣ ꯂ ꯔꯁꯤꯞ    ꯄꯣꯔ ꯇꯦ ꯜꯗꯒꯤ    ꯍꯦꯟꯅ    ꯀꯨꯞꯄ    ꯃꯔꯣ ꯜꯁꯤꯡ    ꯗꯥꯎ ꯟ ꯂꯣꯗ    ꯇꯧ ꯕꯤꯕ    ꯌꯥꯒꯅꯤ꯫ ,62,18
1693,"ꯐꯅꯤ, ꯁꯔ","ꯐ ꯅꯤ,    ꯁꯔ ",6,3
1694,ꯑꯗꯣꯝꯕꯨ ꯊꯥꯒꯠꯆꯔꯤ,ꯑꯗꯣ ꯝꯕꯨ    ꯊꯥꯒꯠ ꯆ ꯔꯤ ,13,5
1695,ꯑꯗꯣꯝꯒꯤ ꯊꯥꯒꯠ ꯋꯥꯍꯩꯕꯨ ꯇꯔꯥꯝꯅ ꯑꯣꯛꯆꯔꯤ꯫,ꯑꯗꯣꯝꯒꯤ    ꯊꯥ ꯒꯠ    ꯋꯥꯍꯩ ꯕꯨ    ꯇꯔꯥ ꯝꯅ    ꯑꯣꯛ ꯆ ꯔꯤ꯫ ,28,10
1696,"ꯍꯦꯂꯣ, ꯑꯩ ꯂꯥꯛꯂꯤꯕ ꯊꯥ ꯑꯁꯤꯗ ꯂꯨꯍꯣꯡꯒꯗꯣꯏꯅꯦ ꯫","ꯍꯦ ꯂꯣ ,    ꯑ ꯩ    ꯂꯥꯛ ꯂꯤꯕ    ꯊꯥ    ꯑꯁꯤꯗ    ꯂꯨꯍꯣꯡ ꯒꯗ ꯣꯏ ꯅꯦ    ꯫ ",31,14
1697,ꯑꯥꯏꯟꯒꯤ ꯊꯧꯋꯣꯡ ꯑꯗꯨꯒꯤ ꯃꯇꯥꯡꯗ ꯅꯍꯥꯛꯅ ꯑꯩꯕꯨ ꯑꯃꯨꯛꯇ ꯇꯥꯛꯄꯤꯕ ꯌꯥꯒꯗꯔꯥ,ꯑꯥꯏꯟꯒꯤ    ꯊꯧ ꯋꯣꯡ    ꯑꯗꯨꯒꯤ    ꯃꯇꯥꯡꯗ    ꯅꯍꯥꯛꯅ    ꯑꯩ ꯕꯨ    ꯑꯃꯨ ꯛꯇ    ꯇꯥꯛ ꯄꯤꯕ    ꯌꯥ ꯒ ꯗꯔ ꯥ ,47,16
1698,ꯑꯩꯒꯤ ꯂꯨꯍꯣꯡꯕ ꯑꯁꯤ ꯃꯇꯧ ꯀꯔꯝꯅ ꯑꯥꯏꯟꯒꯤ ꯃꯤꯠꯌꯦꯡꯗ ꯆꯠꯅꯕ ꯌꯥꯕ ꯊꯧꯋꯣꯡ ꯑꯃ ꯑꯣꯏꯍꯟꯗꯣꯏ ꯅꯣ,ꯑ ꯩꯒꯤ    ꯂꯨꯍꯣꯡꯕ    ꯑꯁꯤ    ꯃꯇꯧ    ꯀꯔꯝꯅ    ꯑꯥꯏꯟꯒꯤ    ꯃꯤꯠ ꯌꯦꯡ ꯗ    ꯆꯠꯅꯕ    ꯌꯥꯕ    ꯊꯧ ꯋꯣꯡ    ꯑꯃ    ꯑꯣꯏ ꯍꯟꯗ ꯣꯏ    ꯅꯣ ,57,19
1699,ꯂꯨꯍꯣꯡꯕ ꯑꯃ ꯑꯁꯤ ꯑꯥꯏꯟꯒꯤ ꯑꯣꯏꯅ ꯁꯛꯈꯪꯅꯕ ꯃꯤꯡ ꯆꯟꯁꯤꯟꯕ ꯃꯊꯧ ꯇꯥꯏ꯫,ꯂꯨꯍꯣꯡꯕ    ꯑꯃ    ꯑꯁꯤ    ꯑꯥꯏꯟꯒꯤ    ꯑꯣꯏꯅ    ꯁꯛ ꯈꯪꯅꯕ    ꯃꯤꯡ    ꯆꯟ ꯁꯤꯟꯕ    ꯃꯊꯧ    ꯇꯥꯏ꯫ ,43,12
1700,ꯂꯨꯍꯣꯡꯕ ꯑꯃꯒꯤ ꯃꯤꯡ ꯆꯟꯁꯤꯟꯕꯒꯤ ꯊꯧꯋꯣꯡ ꯑꯁꯤ ꯀꯩꯅꯥ ꯑꯃꯁꯨꯡ ꯕꯣꯔ ꯑꯗꯨꯅ ꯂꯨꯍꯣꯡꯕꯒꯤ ꯁꯛꯇꯥꯛꯆꯦ ꯑꯃ ꯐꯪꯕꯒ ꯂꯣꯏ ꯫,ꯂꯨꯍꯣꯡꯕ    ꯑꯃꯒꯤ    ꯃꯤꯡ    ꯆꯟ ꯁꯤꯟꯕꯒꯤ    ꯊꯧ ꯋꯣꯡ    ꯑꯁꯤ    ꯀꯩ ꯅꯥ    ꯑꯃꯁꯨꯡ    ꯕꯣ ꯔ    ꯑꯗꯨꯅ    ꯂꯨꯍꯣꯡꯕꯒꯤ    ꯁꯛꯇ ꯥꯛ ꯆꯦ    ꯑꯃ    ꯐꯪ ꯕꯒ    ꯂꯣꯏ    ꯫ ,70,23
1701,ꯃꯇꯧ ꯀꯔꯝꯅ ꯑꯩꯅ ꯂꯨꯍꯣꯡꯕꯒꯤ ꯁꯛꯇꯥꯛ ꯆꯦ ꯑꯁꯤ ꯐꯪꯕ ꯌꯥꯕꯒꯦ,ꯃꯇꯧ    ꯀꯔꯝꯅ    ꯑꯩ ꯅ    ꯂꯨꯍꯣꯡꯕꯒꯤ    ꯁꯛꯇ ꯥꯛ    ꯆꯦ    ꯑꯁꯤ    ꯐꯪꯕ    ꯌꯥ ꯕꯒꯦ ,36,12
1702,ꯅꯍꯥꯛ ꯅꯍꯥꯛꯀꯤ ꯂꯨꯍꯣꯡꯕ ꯑꯗꯨ ꯃꯤꯡ ꯆꯟꯅꯅꯕꯒꯤ ꯍꯥꯏꯖꯕ ꯑꯣꯏꯅ ꯋꯥꯁꯛ-ꯆꯦ ꯑꯃ ꯄꯤꯁꯤꯟꯕ ꯃꯊꯧ ꯇꯥꯏ꯫,ꯅꯍꯥꯛ    ꯅꯍꯥꯛꯀꯤ    ꯂꯨꯍꯣꯡꯕ    ꯑꯗꯨ    ꯃꯤꯡ    ꯆꯟ ꯅ ꯅꯕꯒꯤ    ꯍꯥꯏ ꯖꯕ    ꯑꯣꯏꯅ    ꯋꯥꯁꯛ - ꯆꯦ    ꯑꯃ    ꯄꯤ ꯁꯤꯟꯕ    ꯃꯊꯧ    ꯇꯥꯏ꯫ ,60,19
1703,"ꯃꯇꯩ- ꯃꯅꯥꯎ ꯑꯃꯅ ꯃꯈꯣꯏꯒꯤ ꯂꯨꯍꯣꯡꯕꯒꯤ ꯑꯄꯨꯟꯕ ꯋꯥꯁꯛ-ꯆꯦ ꯑꯃ ꯄꯤꯁꯤꯟꯕ ꯌꯥꯏ, ꯅꯠꯇ꯭ꯔꯒ ꯃꯈꯣꯏꯅ ꯃꯤ ꯑꯃ ꯈꯛꯇꯒꯤ ꯋꯥꯁꯛ-ꯆꯦ ꯑꯃ ꯄꯤꯁꯤꯟꯒꯦ ꯍꯥꯏꯅ ꯈꯟꯕ ꯌꯥꯏ ꯫","ꯃꯇ ꯩ -    ꯃꯅꯥꯎ    ꯑꯃꯅ    ꯃꯈꯣꯏꯒꯤ    ꯂꯨꯍꯣꯡꯕꯒꯤ    ꯑꯄꯨꯟꯕ    ꯋꯥꯁꯛ - ꯆꯦ    ꯑꯃ    ꯄꯤ ꯁꯤꯟꯕ    ꯌꯥꯏ,    ꯅꯠꯇ꯭ꯔꯒ    ꯃꯈꯣꯏꯅ    ꯃꯤ    ꯑꯃ    ꯈꯛꯇ ꯒꯤ    ꯋꯥꯁꯛ - ꯆꯦ    ꯑꯃ    ꯄꯤ ꯁꯤꯟ ꯒꯦ    ꯍꯥꯏꯅ    ꯈꯟꯕ    ꯌꯥꯏ    ꯫ ",96,32
1704,ꯃꯈꯜ ꯑꯅꯤ ꯑꯁꯤꯗ ꯈꯦꯠꯅꯕ ꯂꯩꯕꯔꯣ,ꯃꯈꯜ    ꯑꯅꯤ    ꯑꯁꯤꯗ    ꯈꯦꯠꯅꯕ    ꯂꯩꯕ ꯔꯣ ,20,6
1705,"ꯃꯁꯛꯊꯣꯛꯅ ꯌꯥꯝꯅ ꯍꯦꯟꯅ ꯈꯦꯠꯅꯕꯗꯤ ꯂꯩꯇꯦ, ꯑꯗꯨꯕꯨ ꯂꯝ ꯈꯔꯗꯗꯤ ꯑꯄꯨꯟꯕ ꯋꯥꯁꯛ-ꯆꯦ ꯑꯃ ꯄꯤꯁꯤꯟꯕ ꯑꯁꯤ ꯂꯣꯏꯁꯪꯒꯤ ꯑꯣꯏꯕ ꯌꯥꯊꯪ ꯑꯣꯏ ꯫","ꯃꯁ ꯛ ꯊꯣꯛꯅ    ꯌꯥꯝꯅ    ꯍꯦꯟꯅ    ꯈꯦꯠ ꯅꯕ ꯗꯤ    ꯂꯩꯇꯦ ,    ꯑꯗꯨꯕꯨ    ꯂꯝ    ꯈꯔ ꯗꯗꯤ    ꯑꯄꯨꯟꯕ    ꯋꯥꯁꯛ - ꯆꯦ    ꯑꯃ    ꯄꯤ ꯁꯤꯟꯕ    ꯑꯁꯤ    ꯂꯣꯏꯁꯪꯒꯤ    ꯑꯣꯏꯕ    ꯌꯥꯊꯪ    ꯑꯣꯏ    ꯫ ",81,27
1706,"ꯐꯔꯦ, ꯂꯨꯍꯣꯡꯕ ꯑꯃ ꯃꯤꯡ ꯆꯟꯅꯅꯕꯒꯤ ꯑꯄꯨꯟꯕ ꯋꯥꯁꯛ-ꯆꯦ ꯑꯃ ꯊꯥꯖꯤꯟꯕꯒꯤ ꯄꯥꯏꯈꯠꯀꯗꯧꯕ ꯈꯣꯡꯊꯥꯡꯁꯤꯡ ꯑꯁꯤ ꯀꯔꯤ ꯀꯔꯤꯅꯣ","ꯐ ꯔꯦ ,    ꯂꯨꯍꯣꯡꯕ    ꯑꯃ    ꯃꯤꯡ    ꯆꯟ ꯅ ꯅꯕꯒꯤ    ꯑꯄꯨꯟꯕ    ꯋꯥꯁꯛ - ꯆꯦ    ꯑꯃ    ꯊꯥ ꯖꯤꯟ ꯕꯒꯤ    ꯄꯥꯏꯈꯠ ꯀꯗ ꯧꯕ    ꯈꯣꯡ ꯊꯥꯡ ꯁꯤꯡ    ꯑꯁꯤ    ꯀꯔꯤ    ꯀꯔꯤ ꯅꯣ ",73,27
1707,"ꯚꯥꯔꯠꯇ ꯂꯨꯍꯣꯡꯕꯁꯤꯡ ꯑꯁꯤ ꯑꯦꯛ ꯑꯅꯤꯒꯤ ꯃꯈꯥꯗ ꯃꯤꯡ ꯆꯟꯕ ꯌꯥꯏ, ꯗ ꯏꯁꯄꯦꯁꯦꯜ ꯃꯦꯔꯤꯌꯦꯖ ꯑꯦꯛ ꯑꯣꯐ ꯱꯹꯵꯴ ꯑꯃꯁꯨꯡ ꯗ ꯍꯤꯟꯗꯨ ꯃꯦꯔꯤꯌꯦꯖ ꯑꯦꯛ ꯑꯣꯐ ꯱꯹꯵꯵ ꯫","ꯚꯥꯔꯠꯇ    ꯂꯨꯍꯣꯡ ꯕꯁꯤꯡ    ꯑꯁꯤ    ꯑꯦ ꯛ    ꯑꯅꯤꯒꯤ    ꯃꯈꯥꯗ    ꯃꯤꯡ    ꯆꯟꯕ    ꯌꯥꯏ,    ꯗ    ꯏꯁ ꯄꯦꯁ ꯦ ꯜ    ꯃꯦꯔꯤ ꯌꯦ ꯖ    ꯑꯦ ꯛ    ꯑꯣꯐ    ꯱꯹꯵ ꯴    ꯑꯃꯁꯨꯡ    ꯗ    ꯍꯤꯟꯗꯨ    ꯃꯦꯔꯤ ꯌꯦ ꯖ    ꯑꯦ ꯛ    ꯑꯣꯐ    ꯱꯹꯵ ꯵    ꯫ ",93,36
1708,ꯑꯍꯥꯟꯕꯒꯤ ꯑꯁꯤꯅ ꯃꯈꯣꯏꯒꯤ ꯂꯥꯏꯅꯤꯡ ꯊꯥꯖꯕ ꯅꯠꯇ꯭ꯔꯒ ꯂꯥꯏꯅꯤꯡ ꯂꯥꯏꯁꯣꯟꯒ ꯃꯔꯤ ꯑꯃꯠꯇꯒ ꯃꯔꯤ ꯂꯩꯅꯗꯅ ꯃꯤꯌꯥꯝ ꯄꯨꯝꯅꯃꯛꯇ ꯆꯠꯅꯩ ꯑꯃꯁꯨꯡ ꯃꯁꯤꯗ ꯃꯄꯥꯟ ꯂꯝꯗ ꯂꯩꯕ ꯚꯥꯔꯠꯀꯤ ꯃꯆꯥꯁꯤꯡꯁꯨ ꯌꯥꯎꯋꯤ꯫,ꯑꯍꯥꯟꯕꯒꯤ    ꯑꯁꯤꯅ    ꯃꯈꯣꯏꯒꯤ    ꯂꯥꯏꯅꯤꯡ    ꯊꯥꯖꯕ    ꯅꯠꯇ꯭ꯔꯒ    ꯂꯥꯏꯅꯤꯡ    ꯂꯥꯏ ꯁꯣꯟ ꯒ    ꯃꯔꯤ    ꯑꯃꯠꯇ ꯒ    ꯃꯔꯤ    ꯂꯩꯅ ꯗꯅ    ꯃꯤꯌꯥꯝ    ꯄꯨꯝꯅꯃꯛꯇ    ꯆꯠꯅ ꯩ    ꯑꯃꯁꯨꯡ    ꯃꯁꯤꯗ    ꯃꯄꯥꯟ    ꯂꯝꯗ    ꯂꯩꯕ    ꯚꯥꯔꯠꯀꯤ    ꯃꯆꯥ ꯁꯤꯡꯁꯨ    ꯌꯥꯎꯋꯤ꯫ ,117,29
1709,ꯂꯥꯏꯅꯤꯡ ꯇꯣꯉꯥꯟꯕ ꯃꯤꯑꯣꯏ ꯑꯅꯤ ꯂꯨꯍꯣꯡꯕꯁꯨ ꯃꯁꯤꯒꯤ ꯑꯦꯛ ꯑꯁꯤꯒꯤ ꯃꯈꯥꯗ ꯃꯤꯡ ꯆꯟꯒꯗꯧꯕꯅꯤ꯫,ꯂꯥꯏꯅꯤꯡ    ꯇꯣꯉꯥꯟꯕ    ꯃꯤꯑꯣꯏ    ꯑꯅꯤ    ꯂꯨꯍꯣꯡ ꯕꯁꯨ    ꯃꯁꯤꯒꯤ    ꯑꯦ ꯛ    ꯑꯁꯤꯒꯤ    ꯃꯈꯥꯗ    ꯃꯤꯡ    ꯆꯟ ꯒꯗꯧ ꯕꯅꯤ꯫ ,57,15
1710,"ꯃꯇꯨꯡꯒꯤ ꯑꯁꯤꯅ ꯍꯤꯟꯗꯨ ꯑꯅꯤꯒꯤꯗꯃꯛ, ꯖꯦꯟꯁꯤꯡꯗꯁꯨ ꯁꯟꯗꯣꯛꯇꯨꯅ, ꯕꯨꯙꯤꯁꯠꯁꯤꯡ ꯑꯃꯁꯨꯡ ꯁꯤꯈꯁꯤꯡꯒꯤ ꯑꯦꯛꯅꯤ꯫","ꯃꯇꯨꯡ ꯒꯤ    ꯑꯁꯤꯅ    ꯍꯤꯟꯗꯨ    ꯑꯅꯤ ꯒꯤꯗꯃꯛ,    ꯖꯦꯟ ꯁꯤꯡꯗꯁꯨ    ꯁꯟꯗꯣꯛ ꯇꯨ ꯅ,    ꯕꯨꯙꯤ ꯁ ꯠꯁꯤꯡ    ꯑꯃꯁꯨꯡ    ꯁꯤꯈ ꯁꯤꯡꯒꯤ    ꯑꯦꯛ ꯅꯤ꯫ ",70,19
1711,ꯏꯁꯄꯦꯁꯦꯜ ꯃꯦꯔꯤꯌꯦꯖ ꯑꯦꯛꯀꯤ ꯃꯈꯥꯗ ꯑꯄꯨꯟꯕ ꯋꯥꯁꯛ-ꯆꯦ ꯑꯃ ꯄꯤꯁꯤꯟꯕꯗ ꯏꯟꯒꯗꯧꯕ ꯈꯣꯡꯊꯥꯡꯁꯤꯡ ꯑꯗꯨ ꯀꯔꯤꯅꯣ,ꯏꯁ ꯄꯦꯁ ꯦ ꯜ    ꯃꯦꯔꯤ ꯌꯦ ꯖ    ꯑꯦ ꯛꯀꯤ    ꯃꯈꯥꯗ    ꯑꯄꯨꯟꯕ    ꯋꯥꯁꯛ - ꯆꯦ    ꯑꯃ    ꯄꯤ ꯁꯤꯟ ꯕꯗ    ꯏꯟ ꯒꯗ ꯧꯕ    ꯈꯣꯡ ꯊꯥꯡ ꯁꯤꯡ    ꯑꯗꯨ    ꯀꯔꯤ ꯅꯣ ,67,27
1712,"ꯑꯍꯥꯟꯕꯗ, ꯅꯍꯥꯛꯀꯤ ꯖꯤꯂꯥꯒꯤ ꯃꯦꯔꯤꯌꯦꯖ ꯔꯦꯖꯤꯁꯇ꯭ꯔꯔ ꯑꯗꯨꯗ ꯂꯨꯍꯣꯡꯒꯗꯧꯔꯤꯕ ꯑꯗꯨꯒꯤ ꯈꯪꯍꯟ ꯆꯦ ꯑꯃ ꯊꯥꯖꯤꯟꯒꯗꯧꯕꯅꯤ ꯫","ꯑꯍꯥꯟ ꯕꯗ,    ꯅꯍꯥꯛꯀꯤ    ꯖꯤꯂꯥꯒꯤ    ꯃꯦꯔꯤ ꯌꯦ ꯖ    ꯔꯦꯖꯤ ꯁꯇ꯭ꯔ ꯔ    ꯑꯗꯨꯗ    ꯂꯨꯍꯣꯡ ꯒꯗꯧ ꯔꯤꯕ    ꯑꯗꯨꯒꯤ    ꯈꯪ ꯍꯟ    ꯆꯦ    ꯑꯃ    ꯊꯥ ꯖꯤꯟ ꯒꯗꯧ ꯕꯅꯤ    ꯫ ",75,24
1713,ꯃꯁꯤ ꯂꯨꯍꯣꯡꯒꯗꯧꯔꯤꯕ ꯃꯤ ꯑꯅꯤ ꯑꯗꯨꯅ ꯌꯥꯝꯗ꯭ꯔꯕꯗ ꯅꯨꯃꯤꯠ ꯀꯨꯟꯊ꯭ꯔꯥꯅꯤ ꯂꯩꯕ ꯃꯐꯝ ꯑꯗꯨꯗꯗꯪꯒꯤ ꯊꯥꯖꯤꯟꯒꯗꯧꯕꯅꯤ ꯫,ꯃꯁꯤ    ꯂꯨꯍꯣꯡ ꯒꯗꯧ ꯔꯤꯕ    ꯃꯤ    ꯑꯅꯤ    ꯑꯗꯨꯅ    ꯌꯥꯝꯗ꯭ꯔꯕꯗ    ꯅꯨꯃꯤꯠ    ꯀꯨꯟ ꯊ꯭ꯔ ꯥ ꯅꯤ    ꯂꯩꯕ    ꯃꯐꯝ    ꯑꯗꯨ ꯗ ꯗ ꯪꯒꯤ    ꯊꯥ ꯖꯤꯟ ꯒꯗꯧ ꯕꯅꯤ    ꯫ ,71,24
1714,ꯃꯗꯨꯒꯤ ꯃꯇꯨꯡꯗ ꯃꯤꯑꯣꯏ ꯑꯅꯤ ꯑꯁꯤꯅ ꯄꯨꯟꯕꯗ ꯌꯥꯅꯤꯡꯗꯕ ꯃꯤ ꯑꯃꯍꯦꯛꯇꯕꯨ ꯃꯃꯥꯡꯗ ꯂꯥꯛꯄ ꯌꯥꯅꯅꯕ ꯃꯁꯤꯒꯤ ꯈꯪꯍꯟ ꯆꯦ ꯑꯁꯤ ꯔꯦꯒꯤꯁꯇ꯭ꯔꯒꯤ ꯂꯣꯏꯁꯪꯒꯤ ꯅꯣꯇꯤꯁ ꯕꯣꯔꯗꯗ ꯊꯦꯠꯀꯅꯤ꯫,ꯃꯗꯨꯒꯤ    ꯃꯇꯨꯡꯗ    ꯃꯤꯑꯣꯏ    ꯑꯅꯤ    ꯑꯁꯤꯅ    ꯄꯨꯟ ꯕꯗ    ꯌꯥꯅꯤꯡꯗꯕ    ꯃꯤ    ꯑꯃꯍꯦꯛꯇ ꯕꯨ    ꯃꯃꯥꯡꯗ    ꯂꯥꯛꯄ    ꯌꯥ ꯅꯅꯕ    ꯃꯁꯤꯒꯤ    ꯈꯪ ꯍꯟ    ꯆꯦ    ꯑꯁꯤ    ꯔꯦ ꯒꯤ ꯁꯇ꯭ꯔ ꯒꯤ    ꯂꯣꯏꯁꯪꯒꯤ    ꯅꯣ ꯇꯤꯁ    ꯕꯣꯔ ꯗ ꯗ    ꯊꯦ ꯠ ꯀꯅꯤ꯫ ,106,33
1715,"ꯀꯔꯤꯒꯨꯝꯕ ꯃꯁꯤꯒꯤ ꯄꯨꯟꯕꯁꯤ ꯅꯨꯃꯤꯠ ꯳꯰ ꯅꯤꯒꯤ ꯃꯅꯨꯡꯗ ꯀꯅꯥ ꯑꯃꯇꯅ ꯌꯦꯠꯂꯛꯇ꯭ꯔꯕꯗꯤ, ꯂꯨꯍꯣꯡꯕ ꯑꯗꯨ ꯄꯥꯡꯊꯣꯛꯄꯔꯥ","ꯀꯔꯤꯒꯨꯝꯕ    ꯃꯁꯤꯒꯤ    ꯄꯨꯟ ꯕ ꯁꯤ    ꯅꯨꯃꯤꯠ    ꯳꯰    ꯅꯤꯒꯤ    ꯃꯅꯨꯡꯗ    ꯀ ꯅꯥ    ꯑꯃ ꯇꯅ    ꯌꯦꯠ ꯂꯛ ꯇ꯭ꯔ ꯕꯗꯤ,    ꯂꯨꯍꯣꯡꯕ    ꯑꯗꯨ    ꯄꯥꯡꯊꯣꯛ ꯄꯔ ꯥ ",71,22
1716,"ꯍꯣꯏ, ꯀꯥꯡꯂꯨꯞ ꯑꯅꯤꯃꯛꯇꯒꯤ ꯁꯥꯈꯤ ꯑꯍꯨꯝ ꯑꯍꯨꯝꯒꯤ ꯃꯃꯥꯡꯗ ꯃꯈꯣꯏꯒꯤ ꯂꯨꯍꯣꯡꯕ ꯑꯗꯨ ꯄꯥꯡꯊꯣꯛꯅꯕ ꯀꯩꯅꯥ ꯑꯗꯨꯒ ꯕꯣꯔ ꯑꯗꯨꯒ ꯂꯣꯏꯁꯪ ꯑꯗꯨꯗ ꯀꯧꯋꯤ ꯫","ꯍ ꯣꯏ ,    ꯀꯥꯡꯂꯨꯞ    ꯑꯅꯤ ꯃꯛꯇꯒꯤ    ꯁꯥꯈꯤ    ꯑꯍꯨꯝ    ꯑꯍꯨꯝꯒꯤ    ꯃꯃꯥꯡꯗ    ꯃꯈꯣꯏꯒꯤ    ꯂꯨꯍꯣꯡꯕ    ꯑꯗꯨ    ꯄꯥꯡꯊꯣꯛꯅꯕ    ꯀꯩ ꯅꯥ    ꯑꯗꯨꯒ    ꯕꯣ ꯔ    ꯑꯗꯨꯒ    ꯂꯣꯏꯁꯪ    ꯑꯗꯨꯗ    ꯀꯧ ꯋꯤ    ꯫ ",89,25
1717,ꯃꯁꯤꯒꯤ ꯁꯥꯈꯤ ꯇꯔꯨꯛꯃꯛ ꯔꯦꯒꯤꯁꯇꯔ ꯑꯁꯤꯗ ꯃꯈꯣꯏꯒꯤ ꯈꯨꯠꯌꯦꯛ ꯄꯤꯒꯗꯧꯕꯅꯤ꯫,ꯃꯁꯤꯒꯤ    ꯁꯥꯈꯤ    ꯇꯔꯨ ꯛ ꯃꯛ    ꯔꯦ ꯒꯤ ꯁꯇꯔ    ꯑꯁꯤꯗ    ꯃꯈꯣꯏꯒꯤ    ꯈꯨꯠꯌꯦꯛ    ꯄꯤ ꯒꯗꯧ ꯕꯅꯤ꯫ ,47,14
1718,ꯍꯤꯟꯗꯨ ꯃꯦꯔꯤꯌꯦꯖ ꯑꯦꯛꯀꯤꯗꯤ ꯊꯧꯋꯣꯡ ꯑꯁꯤ ꯀꯔꯝꯅ ꯈꯦꯠꯅꯕꯒꯦ,ꯍꯤꯟꯗꯨ    ꯃꯦꯔꯤ ꯌꯦ ꯖ    ꯑꯦꯛ ꯀꯤ ꯗꯤ    ꯊꯧ ꯋꯣꯡ    ꯑꯁꯤ    ꯀꯔꯝꯅ    ꯈꯦꯠ ꯅꯕ ꯒꯦ ,38,14
1719,ꯃꯇꯩ-ꯃꯅꯥꯎ ꯑꯗꯨꯅ ꯍꯥꯏꯖꯆꯦ ꯑꯃ ꯃꯦꯟꯒꯗꯧꯕꯅꯤ ꯑꯃꯁꯨꯡ ꯃꯈꯣꯏꯒꯤ ꯂꯨꯍꯣꯡꯕꯒꯤ ꯊꯧꯔꯝ ꯑꯗꯨꯒꯤ ꯐꯣꯇꯣ ꯑꯅꯤꯒ ꯂꯣꯏꯅꯅ ꯕꯥꯇꯣꯟ ꯑꯃꯒ ꯌꯥꯎꯅ ꯄꯤꯁꯟꯒꯗꯧꯕꯅꯤ ꯫,ꯃꯇ ꯩ- ꯃꯅꯥꯎ    ꯑꯗꯨꯅ    ꯍꯥꯏꯖ ꯆꯦ    ꯑꯃ    ꯃꯦꯟ ꯒꯗꯧ ꯕꯅꯤ    ꯑꯃꯁꯨꯡ    ꯃꯈꯣꯏꯒꯤ    ꯂꯨꯍꯣꯡꯕꯒꯤ    ꯊꯧꯔꯝ    ꯑꯗꯨꯒꯤ    ꯐꯣꯇꯣ    ꯑꯅꯤ ꯒ    ꯂꯣꯏꯅꯅ    ꯕꯥ ꯇꯣ ꯟ    ꯑꯃꯒ    ꯌꯥꯎꯅ    ꯄꯤ ꯁꯟ ꯒꯗꯧ ꯕꯅꯤ    ꯫ ,93,29
1720,"ꯃꯤ ꯑꯅꯤꯃꯛꯅ ꯃꯈꯣꯏꯒꯤ ꯁꯛꯇꯥꯛ ꯆꯦ, ꯆꯥꯍꯤ ꯑꯃꯁꯨꯡ ꯂꯩꯐꯝꯒꯤ ꯄ꯭ꯔꯃꯥꯟ ꯄꯤꯁꯤꯟꯒꯗꯧꯕꯅꯤ꯫","ꯃꯤ    ꯑꯅꯤꯃꯛꯅ    ꯃꯈꯣꯏꯒꯤ    ꯁꯛꯇ ꯥꯛ    ꯆꯦ ,    ꯆꯥ ꯍꯤ    ꯑꯃꯁꯨꯡ    ꯂꯩ ꯐꯝꯒꯤ    ꯄ꯭ꯔ ꯃꯥꯟ    ꯄꯤ ꯁꯤꯟ ꯒꯗꯧ ꯕꯅꯤ꯫ ",55,18
1721,ꯂꯨꯍꯣꯡꯕ ꯃꯇꯝ ꯑꯗꯨꯗ ꯃꯈꯣꯏꯒꯤ ꯍꯤꯡꯂꯤꯕ ꯂꯣꯏꯅꯕ ꯂꯣꯏꯅꯕꯤ ꯑꯃꯇ ꯂꯩꯇꯦ ꯍꯥꯏꯅ ꯇꯥꯛꯄ ꯇꯣꯉꯥꯟ ꯇꯣꯉꯥꯟꯕ ꯋꯥꯁꯛ-ꯆꯦ ꯑꯗꯨ ꯑꯆꯨꯝꯕꯅꯤ ꯍꯥꯏꯅ ꯂꯣꯏꯁꯪꯒꯤ ꯃꯤꯅ ꯁꯛꯇꯥꯛꯂꯒ ꯄꯤꯁꯟꯒꯗꯧꯕꯅꯤ ꯫,ꯂꯨꯍꯣꯡꯕ    ꯃꯇꯝ    ꯑꯗꯨꯗ    ꯃꯈꯣꯏꯒꯤ    ꯍꯤꯡ ꯂꯤꯕ    ꯂꯣꯏꯅꯕ    ꯂꯣꯏꯅꯕꯤ    ꯑꯃ ꯇ    ꯂꯩꯇꯦ    ꯍꯥꯏꯅ    ꯇꯥꯛꯄ    ꯇꯣꯉꯥꯟ    ꯇꯣꯉꯥꯟꯕ    ꯋꯥꯁꯛ - ꯆꯦ    ꯑꯗꯨ    ꯑꯆ ꯨꯝ ꯕꯅꯤ    ꯍꯥꯏꯅ    ꯂꯣꯏꯁꯪꯒꯤ    ꯃꯤꯅ    ꯁꯛꯇ ꯥꯛ ꯂꯒ    ꯄꯤ ꯁꯟ ꯒꯗꯧ ꯕꯅꯤ    ꯫ ,111,33
1722,ꯃꯤ ꯑꯃꯅ ꯃꯍꯥꯛꯀꯤ ꯂꯨꯍꯣꯡꯕ ꯑꯗꯨ ꯃꯤꯡ ꯆꯟꯕ ꯑꯁꯤ ꯑꯀꯛꯅꯕ ꯃꯇꯝ ꯂꯩꯕꯔꯥ,ꯃꯤ    ꯑꯃꯅ    ꯃꯍꯥꯛꯀꯤ    ꯂꯨꯍꯣꯡꯕ    ꯑꯗꯨ    ꯃꯤꯡ    ꯆꯟꯕ    ꯑꯁꯤ    ꯑꯀꯛꯅꯕ    ꯃꯇꯝ    ꯂꯩꯕ ꯔꯥ ,42,12
1723,ꯂꯨꯍꯣꯡꯕ ꯑꯗꯨ ꯃꯤꯡ ꯆꯟꯕ ꯑꯗꯨ ꯀꯅꯥ ꯀꯅꯥꯅ ꯁꯥꯈꯤ ꯑꯣꯏꯕ ꯌꯥꯕꯒꯦ,ꯂꯨꯍꯣꯡꯕ    ꯑꯗꯨ    ꯃꯤꯡ    ꯆꯟꯕ    ꯑꯗꯨ    ꯀ ꯅꯥ    ꯀꯅꯥ ꯅ    ꯁꯥꯈꯤ    ꯑꯣꯏꯕ    ꯌꯥ ꯕꯒꯦ ,38,13
1724,"ꯍꯤꯟꯗꯨ ꯃꯦꯔꯤꯌꯦꯖ ꯑꯦꯛ ꯑꯗꯨꯒꯤ ꯃꯈꯥꯗ, ꯅꯍꯥꯛꯅ ꯅꯍꯥꯛꯀꯤ ꯂꯨꯍꯣꯡꯕ ꯃꯤꯡ ꯆꯟꯕ ꯑꯗꯨ ꯂꯨꯍꯣꯡꯕꯒꯤ ꯊꯧꯔꯝ ꯄꯥꯡꯊꯣꯛꯈꯤꯕ ꯊꯥ ꯑꯃꯒꯤ ꯃꯅꯨꯡꯗ ꯆꯟꯒꯗꯧꯕꯅꯤ꯫","ꯍꯤꯟꯗꯨ    ꯃꯦꯔꯤ ꯌꯦ ꯖ    ꯑꯦ ꯛ    ꯑꯗꯨꯒꯤ    ꯃꯈꯥ ꯗ,    ꯅꯍꯥꯛꯅ    ꯅꯍꯥꯛꯀꯤ    ꯂꯨꯍꯣꯡꯕ    ꯃꯤꯡ    ꯆꯟꯕ    ꯑꯗꯨ    ꯂꯨꯍꯣꯡꯕꯒꯤ    ꯊꯧꯔꯝ    ꯄꯥꯡꯊꯣꯛꯈꯤꯕ    ꯊꯥ    ꯑꯃꯒꯤ    ꯃꯅꯨꯡꯗ    ꯆꯟ ꯒꯗꯧ ꯕꯅꯤ꯫ ",92,24
1725,ꯀꯩꯅꯥ ꯑꯃꯁꯨꯡ ꯕꯣꯔ ꯑꯅꯤꯃꯛꯅ ꯁꯥꯈꯤ ꯑꯍꯨꯝꯒꯤ ꯃꯃꯥꯡꯗ ꯔꯦꯖꯤꯁꯇꯔ ꯑꯗꯨꯗ ꯈꯨꯠꯌꯦꯛ ꯄꯤꯒꯗꯧꯕꯅꯤ꯫,ꯀꯩ ꯅꯥ    ꯑꯃꯁꯨꯡ    ꯕꯣ ꯔ    ꯑꯅꯤꯃꯛꯅ    ꯁꯥꯈꯤ    ꯑꯍꯨꯝꯒꯤ    ꯃꯃꯥꯡꯗ    ꯔꯦꯖꯤ ꯁꯇꯔ    ꯑꯗꯨꯗ    ꯈꯨꯠꯌꯦꯛ    ꯄꯤ ꯒꯗꯧ ꯕꯅꯤ꯫ ,59,16
1726,ꯀꯥꯡꯂꯨꯞ ꯑꯅꯤꯃꯛꯀꯤ ꯃꯃꯥ- ꯃꯄꯥ ꯅꯠꯇ꯭ꯔꯒ ꯑꯍꯟ-ꯂꯃꯟ ꯑꯗꯨ ꯂꯨꯍꯣꯡꯕ ꯃꯤꯡ ꯆꯟꯕ ꯃꯇꯝꯗ ꯂꯩꯒꯗꯧꯕꯅꯤ꯫,ꯀꯥꯡꯂꯨꯞ    ꯑꯅꯤꯃꯛꯀꯤ    ꯃꯃꯥ -    ꯃꯄꯥ    ꯅꯠꯇ꯭ꯔꯒ    ꯑ ꯍꯟ - ꯂ ꯃꯟ    ꯑꯗꯨ    ꯂꯨꯍꯣꯡꯕ    ꯃꯤꯡ    ꯆꯟꯕ    ꯃꯇꯝꯗ    ꯂꯩ ꯒꯗꯧ ꯕꯅꯤ꯫ ,61,19
1727,ꯋꯥꯁꯛ-ꯆꯦ ꯑꯗꯨꯒꯤꯗꯃꯛꯇꯗꯤ ꯀꯔꯝ ꯀꯔꯝꯕ ꯆꯦ-ꯆꯥꯡ ꯆꯪꯒꯅꯤ,ꯋꯥꯁꯛ - ꯆꯦ    ꯑꯗꯨ ꯒꯤꯗꯃꯛꯇ ꯗꯤ    ꯀꯔ ꯝ    ꯀꯔꯝꯕ    ꯆꯦ - ꯆꯥꯡ    ꯆꯪ ꯒꯅꯤ ,36,14
1728,"ꯍꯥꯏꯖ ꯆꯦ ꯑꯗꯨ, ꯁꯛꯇꯥꯛ ꯆꯦꯒꯤ ꯄ꯭ꯔꯃꯥꯟ, ꯂꯩꯐꯝꯒꯤ ꯄ꯭ꯔꯃꯥꯟ, ꯄꯣꯛꯄꯒꯤ ꯇꯥꯡꯒꯤ ꯄ꯭ꯔꯃꯥꯟ, ꯀꯩꯅꯥ ꯑꯁꯨꯡ ꯕꯣꯔ ꯑꯗꯨꯒꯤ ꯄꯥꯁꯄꯣꯔ꯭ꯠ ꯐꯣꯇꯣ ꯑꯅꯤ ꯑꯁꯤ ꯁꯨꯡꯁꯣꯏ ꯁꯣꯏꯗꯅ ꯃꯊꯧ ꯇꯥꯏ꯫","ꯍꯥꯏ ꯖ    ꯆꯦ    ꯑꯗꯨ ,    ꯁꯛꯇ ꯥꯛ    ꯆꯦ ꯒꯤ    ꯄ꯭ꯔ ꯃꯥꯟ ,    ꯂꯩ ꯐꯝꯒꯤ    ꯄ꯭ꯔ ꯃꯥꯟ ,    ꯄꯣꯛ ꯄꯒꯤ    ꯇꯥꯡ ꯒꯤ    ꯄ꯭ꯔ ꯃꯥꯟ ,    ꯀꯩ ꯅꯥ    ꯑ ꯁꯨꯡ    ꯕꯣ ꯔ    ꯑꯗꯨꯒꯤ    ꯄꯥ ꯁ ꯄꯣꯔ ꯭ꯠ    ꯐꯣꯇꯣ    ꯑꯅꯤ    ꯑꯁꯤ    ꯁꯨꯡ ꯁ ꯣꯏ    ꯁꯣꯏꯗꯅ    ꯃꯊꯧ    ꯇꯥꯏ꯫ ",109,44
1729,"ꯈꯥꯏꯅꯔꯕ ꯅꯠꯇ꯭ꯔꯒ ꯂꯨꯈ꯭ꯔꯥꯕꯤ/ ꯄꯈ꯭ꯔꯥꯒꯤ ꯑꯣꯏꯅꯗꯤ, ꯈꯥꯏꯅꯕꯒꯤ ꯆꯦ ꯅꯠꯇ꯭ꯔꯒ ꯍꯥꯟꯅꯒꯤ ꯂꯣꯏꯅꯕ/ꯂꯣꯏꯅꯕꯤꯒꯤ ꯁꯤꯈ꯭ꯔꯦ ꯍꯥꯏꯕꯒꯤ ꯁꯛꯇꯥꯛ ꯆꯦ ꯑꯗꯨ ꯃꯊꯧ ꯇꯥꯏ ꯫","ꯈꯥꯏ ꯅꯔꯕ    ꯅꯠꯇ꯭ꯔꯒ    ꯂꯨ ꯈ꯭ꯔ ꯥ ꯕꯤ /   ꯄ ꯈ꯭ꯔ ꯥꯒꯤ    ꯑꯣꯏꯅ ꯗꯤ,    ꯈꯥꯏ ꯅꯕꯒꯤ    ꯆꯦ    ꯅꯠꯇ꯭ꯔꯒ    ꯍꯥꯟꯅꯒꯤ    ꯂꯣꯏ ꯅꯕ / ꯂꯣꯏꯅ ꯕꯤꯒꯤ    ꯁꯤ ꯈ꯭ꯔꯦ    ꯍꯥꯏꯕꯒꯤ    ꯁꯛꯇ ꯥꯛ    ꯆꯦ    ꯑꯗꯨ    ꯃꯊꯧ    ꯇꯥꯏ    ꯫ ",99,33
1730,"ꯍꯦꯂꯣ, ꯍꯟꯗꯛꯀꯤ ꯑꯁꯤꯅ ꯏ-ꯕꯤꯖꯥ ꯇꯥꯟꯅꯕ ꯑꯩꯒꯤ ꯑꯍꯥꯟꯕꯅꯤ꯫","ꯍꯦ ꯂꯣ ,    ꯍꯟꯗ ꯛꯀꯤ    ꯑꯁꯤꯅ    ꯏ- ꯕꯤ ꯖꯥ    ꯇꯥꯟ ꯅꯕ    ꯑ ꯩꯒꯤ    ꯑꯍꯥꯟ ꯕꯅꯤ꯫ ",38,15
1731,ꯀꯔꯝꯕ ꯆꯦ-ꯆꯥꯡꯁꯤꯡ ꯑꯩꯅ ꯊꯥꯖꯤꯟꯕ ꯃꯊꯧ ꯇꯥꯒꯅꯤ ꯍꯥꯏꯕꯗꯨ ꯑꯗꯣꯝꯅ ꯑꯩꯉꯣꯟꯗ ꯍꯥꯏꯕ ꯉꯝꯒꯅꯤ ꯍꯥꯏꯅ ꯑꯩꯅ ꯊꯥꯖꯩ꯫,ꯀꯔꯝꯕ    ꯆꯦ - ꯆꯥꯡ ꯁꯤꯡ    ꯑꯩ ꯅ    ꯊꯥ ꯖꯤꯟꯕ    ꯃꯊꯧ    ꯇꯥ ꯒꯅꯤ    ꯍꯥꯏꯕꯗꯨ    ꯑꯗꯣꯝꯅ    ꯑꯩ ꯉꯣꯟꯗ    ꯍꯥꯏꯕ    ꯉꯝ ꯒꯅꯤ    ꯍꯥꯏꯅ    ꯑꯩ ꯅ    ꯊꯥꯖ ꯩ꯫ ,68,24
1732,"ꯌꯥꯅꯤ, ꯑꯗꯣꯝꯅ ꯑꯩꯉꯣꯟꯗ ꯐꯣꯟ ꯇꯧꯔꯛꯄꯁꯤ ꯑꯩ ꯅꯨꯡꯉꯥꯏꯔꯦ꯫","ꯌꯥ ꯅꯤ,    ꯑꯗꯣꯝꯅ    ꯑꯩ ꯉꯣꯟꯗ    ꯐꯣꯟ    ꯇꯧ ꯔꯛꯄ ꯁꯤ    ꯑ ꯩ    ꯅꯨꯡꯉꯥꯏ ꯔꯦ꯫ ",37,13
1733,ꯀꯔꯝꯕ ꯂꯩꯕꯥꯛꯀꯤ ꯕꯤꯖꯥꯅꯣ ꯑꯗꯣꯝꯅ ꯗꯔꯀꯥꯔ ꯂꯩꯔꯤꯕꯁꯦ,ꯀꯔꯝꯕ    ꯂꯩꯕꯥꯛꯀꯤ    ꯕꯤ ꯖꯥ ꯅꯣ    ꯑꯗꯣꯝꯅ    ꯗꯔ ꯀꯥꯔ    ꯂꯩ ꯔꯤꯕ ꯁꯦ ,34,11
1734,ꯚꯥꯔꯠꯀꯤ ꯂꯝꯀꯣꯏꯕꯒꯤ ꯕꯤꯖꯥ ꯑꯃ ꯑꯩ ꯗꯔꯀꯥꯔ ꯂꯩ꯫,ꯚꯥꯔꯠꯀꯤ    ꯂꯝꯀꯣꯏ ꯕꯒꯤ    ꯕꯤ ꯖꯥ    ꯑꯃ    ꯑ ꯩ    ꯗꯔ ꯀꯥꯔ    ꯂꯩ꯫ ,30,11
1735,ꯑꯩ ꯆꯌꯣꯜ ꯑꯃꯒꯤ ꯀꯣꯏꯕ ꯆꯠꯀꯗꯕꯅꯤ꯫,ꯑ ꯩ    ꯆꯌꯣꯜ    ꯑꯃꯒꯤ    ꯀꯣꯏ ꯕ    ꯆꯠ ꯀ ꯗꯕꯅꯤ꯫ ,22,9
1736,"ꯌꯥꯔꯦ-ꯌꯥꯔꯦ, ꯑꯗꯣꯝꯅ ꯗꯔꯀꯥꯔ ꯂꯩꯕ ꯈ꯭ꯋꯥꯏꯗꯒꯤ ꯃꯔꯨꯑꯣꯏꯕ ꯆꯦ ꯑꯗꯨ ꯄꯥꯁꯄꯣꯔꯠꯅꯤ꯫","ꯌꯥ ꯔꯦ - ꯌꯥ ꯔꯦ ,    ꯑꯗꯣꯝꯅ    ꯗꯔ ꯀꯥꯔ    ꯂꯩꯕ    ꯈ꯭ꯋꯥꯏꯗꯒꯤ    ꯃꯔꯨꯑꯣꯏꯕ    ꯆꯦ    ꯑꯗꯨ    ꯄꯥ ꯁ ꯄꯣꯔ ꯠ ꯅꯤ꯫ ",53,19
1737,ꯑꯗꯣꯝꯅ ꯄꯥꯁꯄꯣꯔꯠ ꯑꯗꯨ ꯚꯥꯔꯠꯇ ꯊꯨꯡꯂꯒꯅꯤ ꯍꯥꯏꯅ ꯄꯥꯔꯤꯕ ꯇꯥꯡ ꯑꯗꯨꯗꯒꯤ ꯌꯥꯝꯗ꯭ꯔꯕꯗ ꯊꯥ ꯇꯔꯨꯛ ꯆꯠꯅꯕ ꯌꯥꯕ ꯑꯣꯏꯍꯟꯕ ꯃꯊꯧ ꯇꯥꯏ꯫,ꯑꯗꯣꯝꯅ    ꯄꯥ ꯁ ꯄꯣꯔꯠ    ꯑꯗꯨ    ꯚꯥꯔꯠꯇ    ꯊꯨꯡ ꯂ ꯒꯅꯤ    ꯍꯥꯏꯅ    ꯄꯥꯔꯤ ꯕ    ꯇꯥꯡ    ꯑꯗꯨꯗꯒꯤ    ꯌꯥꯝꯗ꯭ꯔꯕꯗ    ꯊꯥ    ꯇꯔꯨꯛ    ꯆꯠꯅꯕ    ꯌꯥꯕ    ꯑꯣꯏ ꯍꯟꯕ    ꯃꯊꯧ    ꯇꯥꯏ꯫ ,79,23
1738,ꯃꯁꯤꯒꯤ ꯃꯔꯝ ꯑꯁꯤꯈꯛꯀꯤꯗꯃꯛꯇ ꯌꯥꯝꯂꯕ ꯀꯦꯁꯁꯤꯡ ꯀꯛꯊꯠꯂꯛꯄ ꯑꯩꯈꯣꯏꯅ ꯐꯪꯉꯤ꯫,ꯃꯁꯤꯒꯤ    ꯃꯔꯝ    ꯑꯁꯤ ꯈ ꯛ ꯀꯤꯗꯃꯛꯇ    ꯌꯥꯝꯂꯕ    ꯀꯦꯁ ꯁꯤꯡ    ꯀꯛꯊꯠ ꯂꯛꯄ    ꯑꯩꯈꯣꯏꯅ    ꯐꯪ ꯉꯤ꯫ ,48,14
1739,"ꯍꯣꯏ, ꯑꯩꯅ ꯑꯩꯒꯤ ꯄꯥꯁꯄꯣꯔꯠꯀꯤ ꯆꯠꯅꯕ ꯌꯥꯕꯒꯤ ꯃꯇꯝ ꯑꯗꯨ ꯃꯥꯡꯖꯧꯅꯅ ꯌꯦꯡꯈ꯭ꯔꯦ, ꯑꯃꯁꯨꯡ ꯃꯁꯤ ꯑꯗꯣꯝꯅ ꯍꯧꯖꯤꯛ ꯍꯥꯏꯈꯤꯕ ꯑꯗꯨꯒ ꯆꯥꯅꯔꯤ꯫","ꯍ ꯣꯏ ,    ꯑꯩ ꯅ    ꯑ ꯩꯒꯤ    ꯄꯥ ꯁ ꯄꯣꯔ ꯠꯀꯤ    ꯆꯠꯅꯕ    ꯌꯥꯕꯒꯤ    ꯃꯇꯝ    ꯑꯗꯨ    ꯃꯥꯡꯖꯧꯅꯅ    ꯌꯦꯡ ꯈ꯭ꯔꯦ,    ꯑꯃꯁꯨꯡ    ꯃꯁꯤ    ꯑꯗꯣꯝꯅ    ꯍꯧꯖꯤꯛ    ꯍꯥꯏ ꯈꯤꯕ    ꯑꯗꯨꯒ    ꯆꯥ ꯅꯔꯤ꯫ ",84,27
1740,ꯑꯩꯅ ꯗꯔꯀꯥꯔ ꯂꯩꯕ ꯑꯇꯣꯞꯄ ꯂꯩꯔꯤꯕ꯭ꯔ,ꯑꯩ ꯅ    ꯗꯔ ꯀꯥꯔ    ꯂꯩꯕ    ꯑꯇꯣꯞꯄ    ꯂꯩꯔꯤ ꯕ꯭ꯔ,23,8
1741,"ꯌꯥꯔꯦ, ꯑꯗꯨꯕꯨ ꯑꯣꯏꯔꯗꯤ ꯐꯔꯦ꯫","ꯌꯥ ꯔꯦ ,    ꯑꯗꯨꯕꯨ    ꯑꯣꯏꯔ ꯗꯤ    ꯐ ꯔꯦ꯫ ",20,8
1742,ꯃꯊꯪꯗ ꯑꯗꯣꯝꯅ ꯗꯔꯀꯥꯔ ꯂꯩꯕ ꯄꯣꯠꯂꯝ ꯑꯗꯨꯗꯤ ꯆꯠꯅꯕ ꯌꯥꯕ ꯏꯃꯦꯜ ꯑꯥꯏ,ꯃꯊꯪꯗ    ꯑꯗꯣꯝꯅ    ꯗꯔ ꯀꯥꯔ    ꯂꯩꯕ    ꯄꯣꯠꯂꯝ    ꯑꯗꯨꯗꯤ    ꯆꯠꯅꯕ    ꯌꯥꯕ    ꯏ ꯃꯦꯜ    ꯑ ꯥꯏ ,41,13
1743,ꯗꯤ,ꯗꯤ ,2,1
1744,ꯑꯃꯅꯤ꯫,ꯑꯃꯅꯤ꯫ ,5,1
1745,"ꯃꯁꯤꯒꯤ ꯃꯇꯥꯡꯗꯁꯨ ꯆꯦꯛꯁꯤꯟꯕꯤꯌꯨ, ꯚꯥꯔꯠꯀꯤ ꯕꯤꯖꯥ ꯑꯃ ꯊꯧꯑꯣꯡ ꯆꯠꯊꯕ ꯑꯃꯁꯨꯡ ꯌꯥꯔꯛꯄ ꯃꯇꯝꯗ, ꯃꯁꯤꯕꯨ ꯍꯥꯏꯖ ꯆꯦꯔꯣꯜꯗ ꯄꯤꯈꯤꯕ ꯏꯃꯦꯜ ꯑꯗ꯭ꯔꯦꯁ ꯑꯗꯨꯗ ꯍꯛꯊꯦꯡꯅꯅ ꯊꯥꯔꯛꯀꯅꯤ꯫","ꯃꯁꯤꯒꯤ    ꯃꯇꯥꯡ ꯗꯁꯨ    ꯆꯦꯛꯁꯤꯟ ꯕꯤꯌꯨ,    ꯚꯥꯔꯠꯀꯤ    ꯕꯤ ꯖꯥ    ꯑꯃ    ꯊꯧꯑꯣꯡ    ꯆꯠꯊꯕ    ꯑꯃꯁꯨꯡ    ꯌꯥ ꯔꯛꯄ    ꯃꯇꯝꯗ,    ꯃꯁꯤꯕꯨ    ꯍꯥꯏ ꯖ    ꯆꯦ ꯔꯣ ꯜꯗ    ꯄꯤꯈꯤꯕ    ꯏ ꯃꯦꯜ    ꯑ ꯗ꯭ꯔ ꯦꯁ    ꯑꯗꯨꯗ    ꯍꯛꯊꯦꯡꯅꯅ    ꯊꯥꯔꯛ ꯀꯅꯤ꯫ ",108,31
1746,ꯑꯩꯅ ꯏꯁꯥꯒꯤ ꯅꯠꯇꯕ ꯂꯣꯏꯁꯪꯒꯤ ꯑꯣꯏꯕ ꯑꯩꯏ,ꯑꯩ ꯅ    ꯏ ꯁꯥꯒꯤ    ꯅꯠꯇꯕ    ꯂꯣꯏꯁꯪꯒꯤ    ꯑꯣꯏꯕ    ꯑꯩ ꯏ ,26,9
1747,ꯗꯤ,ꯗꯤ ,2,1
1748,ꯑꯃ ꯁꯤꯖꯤꯟꯅꯕ ꯌꯥꯕ꯭ꯔ,ꯑꯃ    ꯁꯤꯖꯤꯟꯅꯕ    ꯌꯥ ꯕ꯭ꯔ,14,4
1749,ꯑꯗꯤ ꯑꯩꯒꯤ ꯏꯁꯥꯒꯤ ꯑꯣꯏꯕ ꯑꯩꯏ,ꯑ ꯗꯤ    ꯑ ꯩꯒꯤ    ꯏ ꯁꯥꯒꯤ    ꯑꯣꯏꯕ    ꯑꯩ ꯏ ,19,9
1750,ꯗꯤ,ꯗꯤ ,2,1
1751,ꯑꯗꯨꯗ ꯃꯦꯜꯁꯤꯡ ꯌꯥꯝ ꯇꯣꯏꯅ ꯌꯦꯡꯗꯦ꯫,ꯑꯗꯨꯗ    ꯃꯦ ꯜꯁꯤꯡ    ꯌꯥꯝ    ꯇꯣꯏꯅ    ꯌꯦꯡ ꯗꯦ꯫ ,23,7
1752,ꯃꯗꯨ ꯀꯩꯁꯨ ꯀꯥꯏꯗꯦ꯫,ꯃꯗꯨ    ꯀꯩ ꯁꯨ    ꯀꯥꯏ ꯗꯦ꯫ ,13,5
1753,"ꯏꯃꯦꯜ ꯑꯗ꯭ꯔꯦꯁ ꯑꯗꯨ ꯁꯤꯖꯤꯟꯅꯔꯤꯕ ꯑꯣꯏꯒꯗꯕꯅꯤ, ꯃꯗꯨꯈꯛꯇꯅꯤ꯫","ꯏ ꯃꯦꯜ    ꯑ ꯗ꯭ꯔ ꯦꯁ    ꯑꯗꯨ    ꯁꯤꯖꯤꯟꯅꯔꯤꯕ    ꯑꯣꯏ ꯒꯗꯕ ꯅꯤ,    ꯃꯗꯨ ꯈꯛꯇ ꯅꯤ꯫ ",40,13
1754,ꯑꯩꯅ ꯗꯔꯀꯥꯔ ꯂꯩꯔꯤꯕꯁꯤ ꯃꯁꯤꯒꯤꯁꯤꯡ ꯑꯁꯤꯈꯛꯇꯔꯥ,ꯑꯩ ꯅ    ꯗꯔ ꯀꯥꯔ    ꯂꯩ ꯔꯤꯕ ꯁꯤ    ꯃꯁꯤ ꯒꯤ ꯁꯤꯡ    ꯑꯁꯤ ꯈꯛꯇ ꯔꯥ ,31,13
1755,ꯚꯥꯔꯠꯇ ꯆꯠꯄꯗ ꯑꯌꯥꯕ ꯐꯪꯅꯕ ꯗꯔꯀꯥꯔ ꯂꯩꯕ ꯏ-ꯕꯤꯖꯥ ꯏꯟꯗꯤꯌꯥꯒꯤ ꯄ꯭ꯔꯃꯥꯟꯒꯤ ꯃꯊꯧ ꯇꯥꯕꯁꯤꯡꯁꯨ ꯂꯩꯔꯤ꯫,ꯚꯥꯔꯠꯇ    ꯆꯠ ꯄꯗ    ꯑꯌꯥꯕ    ꯐꯪꯅꯕ    ꯗꯔ ꯀꯥꯔ    ꯂꯩꯕ    ꯏ- ꯕꯤ ꯖꯥ    ꯏꯟꯗꯤꯌꯥꯒꯤ    ꯄ꯭ꯔ ꯃꯥꯟ ꯒꯤ    ꯃꯊꯧ    ꯇꯥ ꯕ ꯁꯤꯡꯁꯨ    ꯂꯩꯔꯤ꯫ ,63,20
1756,ꯍꯏꯖ ꯆꯦꯔꯣꯜ ꯊꯥꯔꯤꯕꯁꯤꯡꯅ ꯃꯈꯣꯏꯒꯤ ꯆꯠꯅꯕ ꯌꯥꯔꯤꯕ ꯄꯥꯁꯄꯣꯔꯠꯀꯤ ꯑꯍꯥꯟꯕ ꯂꯃꯥꯏ ꯅꯠꯇ꯭ꯔꯒ ꯁꯛꯇꯥꯛꯄꯒꯤ ꯑꯣꯏꯕ ꯂꯝꯥꯏ ꯑꯗꯨꯒꯤ ꯏꯁꯀꯦꯟ ꯇꯧꯔꯕ ꯀꯣꯄꯤ ꯑꯃ ꯄꯤꯁꯤꯟꯕ ꯃꯊꯧ ꯇꯥꯏ꯫,ꯍ ꯏ ꯖ    ꯆꯦ ꯔꯣꯜ    ꯊ ꯥꯔꯤ ꯕꯁꯤꯡꯅ    ꯃꯈꯣꯏꯒꯤ    ꯆꯠꯅꯕ    ꯌꯥ ꯔꯤꯕ    ꯄꯥ ꯁ ꯄꯣꯔ ꯠꯀꯤ    ꯑꯍꯥꯟꯕ    ꯂ ꯃꯥꯏ    ꯅꯠꯇ꯭ꯔꯒ    ꯁꯛꯇ ꯥꯛ ꯄꯒꯤ    ꯑꯣꯏꯕ    ꯂꯝ ꯥꯏ    ꯑꯗꯨꯒꯤ    ꯏꯁ ꯀꯦꯟ    ꯇꯧꯔꯕ    ꯀꯣ ꯄꯤ    ꯑꯃ    ꯄꯤ ꯁꯤꯟꯕ    ꯃꯊꯧ    ꯇꯥꯏ꯫ ,105,37
1757,"ꯍꯏꯖ ꯆꯦꯔꯣꯜ ꯊꯥꯔꯤꯕ ꯈꯨꯗꯤꯡꯃꯛꯅ ꯀꯨꯏꯗ꯭ꯔꯤꯕ ꯄꯥꯁꯄꯣꯔꯠ-ꯃꯑꯣꯡꯒꯤ, ꯀꯂꯔ ꯐꯣꯇꯣ ꯑꯃ ꯄꯤꯁꯤꯟꯒꯗꯕꯅꯤ꯫","ꯍ ꯏ ꯖ    ꯆꯦ ꯔꯣꯜ    ꯊ ꯥꯔꯤꯕ    ꯈꯨꯗꯤꯡꯃꯛꯅ    ꯀꯨꯏ ꯗ꯭ꯔꯤꯕ    ꯄꯥ ꯁ ꯄꯣꯔ ꯠ- ꯃꯑꯣꯡ ꯒꯤ,    ꯀ ꯂꯔ    ꯐꯣꯇꯣ    ꯑꯃ    ꯄꯤ ꯁꯤꯟ ꯒꯗꯕꯅꯤ꯫ ",64,23
1758,ꯃꯗꯨꯗꯤ ꯆꯪꯒꯗꯕꯁꯤ ꯃꯌꯥꯝ ꯑꯃꯅꯤ꯫,ꯃꯗꯨꯗꯤ    ꯆꯪ ꯒꯗꯕ ꯁꯤ    ꯃꯌꯥꯝ    ꯑꯃꯅꯤ꯫ ,21,6
1759,ꯑꯩꯅ ꯀꯥꯎꯗꯅꯕ ꯃꯁꯤꯕꯨ ꯑꯩ ꯏꯁꯤꯜꯂꯒꯅꯤ꯫,ꯑꯩ ꯅ    ꯀꯥꯎ ꯗꯅꯕ    ꯃꯁꯤꯕꯨ    ꯑ ꯩ    ꯏ ꯁꯤꯜꯂ ꯒꯅꯤ꯫ ,25,10
1760,ꯃꯗꯨ ꯑꯐꯕ ꯋꯥꯈꯜꯂꯣꯟ ꯑꯃꯅꯤ꯫,ꯃꯗꯨ    ꯑꯐꯕ    ꯋꯥꯈꯜꯂꯣꯟ    ꯑꯃꯅꯤ꯫ ,18,4
1761,ꯑꯗꯣꯝꯅ ꯗꯦꯕꯤꯠ ꯅꯠꯇ꯭ꯔꯒ ꯀ꯭ꯔꯦꯗꯤꯠ ꯀꯥꯔꯗ ꯑꯃꯁꯨ ꯃꯊꯧ ꯇꯥꯒꯅꯤ꯫,ꯑꯗꯣꯝꯅ    ꯗꯦꯕꯤ ꯠ    ꯅꯠꯇ꯭ꯔꯒ    ꯀ꯭ꯔꯦꯗꯤꯠ    ꯀꯥꯔꯗ    ꯑꯃꯁꯨ    ꯃꯊꯧ    ꯇꯥ ꯒꯅꯤ꯫ ,40,10
1762,"ꯌꯥꯔꯦ, ꯑꯩꯒꯤꯗ ꯑꯩꯅ ꯄꯥꯏꯕ ꯑꯃ ꯂꯩ꯫","ꯌꯥ ꯔꯦ ,    ꯑꯩ ꯒꯤ ꯗ    ꯑꯩ ꯅ    ꯄꯥꯏꯕ    ꯑꯃ    ꯂꯩ꯫ ",22,11
1763,ꯑꯩꯉꯣꯟꯗ ꯑꯇꯣꯞꯄ ꯆꯃꯝꯅꯕ ꯂꯩꯔꯛꯄ ꯇꯥꯔꯕꯗꯤ ꯑꯩ ꯐꯣꯟ ꯇꯧꯔꯛꯄ ꯌꯥꯒꯗ꯭ꯔ,ꯑꯩ ꯉꯣꯟꯗ    ꯑꯇꯣꯞꯄ    ꯆ ꯃꯝ ꯅꯕ    ꯂꯩ ꯔꯛꯄ    ꯇꯥꯔ ꯕꯗꯤ    ꯑ ꯩ    ꯐꯣꯟ    ꯇꯧ ꯔꯛꯄ    ꯌꯥ ꯒ ꯗ꯭ꯔ ,43,18
1764,"ꯌꯥꯅꯤ, ꯍꯪꯅꯤꯡꯕ ꯑꯃꯍꯦꯛꯇ ꯂꯩꯔꯛꯄ ꯇꯥꯔꯕꯗꯤ ꯑꯩꯈꯣꯏꯗ ꯄꯥꯎ ꯐꯥꯎꯔꯛꯄꯗ ꯀꯔꯤꯁꯨ ꯀꯣꯏꯕꯤꯒꯅꯨ꯫","ꯌꯥ ꯅꯤ,    ꯍꯪ ꯅꯤꯡꯕ    ꯑꯃꯍꯦꯛꯇ    ꯂꯩ ꯔꯛꯄ    ꯇꯥꯔ ꯕꯗꯤ    ꯑꯩꯈ ꯣꯏ ꯗ    ꯄꯥꯎ    ꯐꯥꯎ ꯔꯛꯄꯗ    ꯀꯔꯤ ꯁꯨ    ꯀꯣꯏ ꯕꯤ ꯒꯅꯨ꯫ ",58,20
1765,ꯑꯩ ꯆꯍꯤ ꯑꯁꯤꯗꯒꯤ ꯃꯤꯔꯩꯕꯥꯛꯀꯤ ꯂꯣꯟ ꯑꯃ ꯂꯧꯕ ꯇꯥꯔꯦ꯫,ꯑ ꯩ    ꯆꯍꯤ    ꯑꯁꯤꯗꯒꯤ    ꯃꯤꯔ ꯩꯕ ꯥꯛ ꯀꯤ    ꯂꯣꯟ    ꯑꯃ    ꯂꯧꯕ    ꯇꯥꯔ ꯦ ꯫ ,33,14
1766,ꯀꯔꯝꯕ ꯂꯧꯗꯣꯏꯅꯣ ꯑꯩ ꯈꯪꯗꯦ꯫,ꯀꯔꯝꯕ    ꯂꯧ ꯗ ꯣꯏ ꯅꯣ    ꯑ ꯩ    ꯈꯪ ꯗꯦ꯫ ,18,9
1767,ꯈꯟꯕ ꯌꯥꯕ ꯌꯥꯝꯅ ꯂꯩ꯫,ꯈꯟꯕ    ꯌꯥꯕ    ꯌꯥꯝꯅ    ꯂꯩ꯫ ,13,4
1768,"ꯇꯁꯦꯡꯅ, ꯑꯩ ꯆꯃꯝꯅꯔꯦ꯫","ꯇ ꯁꯦꯡ ꯅ,    ꯑ ꯩ    ꯆ ꯃ ꯝꯅ ꯔꯦ꯫ ",15,9
1769,ꯅꯪꯅ ꯈꯟꯕꯗ ꯑꯩ ꯀꯔꯝꯕ ꯂꯣꯟ ꯂꯧꯁꯤꯒꯦ,ꯅꯪ ꯅ    ꯈꯟ ꯕꯗ    ꯑ ꯩ    ꯀꯔꯝꯕ    ꯂꯣꯟ    ꯂꯧ ꯁꯤ ꯒꯦ ,22,11
1770,ꯑꯩꯗꯤ ꯅꯪꯅ ꯄꯥꯝꯕꯗꯣ ꯂꯧꯍꯟꯅꯤꯡꯉꯤ꯫,ꯑꯩ ꯗꯤ    ꯅꯪ ꯅ    ꯄꯥꯝꯕ ꯗꯣ    ꯂꯧ ꯍꯟ ꯅꯤꯡ ꯉꯤ꯫ ,23,10
1771,"ꯑꯗꯨ ꯑꯣꯏꯔꯕꯗꯤ, ꯃꯗꯨꯕꯨ ꯇꯝꯕꯗ ꯅꯉꯣꯟꯗ ꯅꯨꯡꯉꯥꯏꯖꯕ ꯑꯃ ꯂꯩꯔꯅꯤ꯫","ꯑꯗꯨ    ꯑꯣꯏꯔꯕꯗꯤ,    ꯃꯗꯨ ꯕꯨ    ꯇꯝ ꯕꯗ    ꯅꯉꯣꯟꯗ    ꯅꯨꯡꯉꯥꯏ ꯖꯕ    ꯑꯃ    ꯂꯩ ꯔ ꯅꯤ꯫ ",41,13
1772,"ꯑꯗꯨꯒꯤꯁꯨ ꯃꯊꯛꯇ, ꯅꯉꯣꯟꯗ ꯃꯁꯤꯕꯨ ꯅꯝꯐꯨꯗ ꯇꯝꯕꯒꯤ ꯃꯑꯣꯡꯗ ꯐꯥꯎꯔꯣꯏ꯫","ꯑꯗꯨ ꯒꯤꯁꯨ    ꯃꯊꯛꯇ,    ꯅꯉꯣꯟꯗ    ꯃꯁꯤꯕꯨ    ꯅꯝꯐꯨꯗ    ꯇꯝꯕꯒꯤ    ꯃꯑꯣꯡꯗ    ꯐꯥꯎ ꯔꯣꯏ ꯫ ",44,11
1773,ꯃꯗꯨꯅꯤ ꯑꯔꯨꯕ ꯑꯣꯏꯔꯤꯁꯦ꯫,ꯃꯗꯨ ꯅꯤ    ꯑꯔꯨꯕ    ꯑꯣꯏꯔꯤ ꯁꯦ ꯫ ,17,6
1774,ꯑꯩꯅ ꯈꯟꯕꯗ ꯂꯣꯟ ꯈꯨꯗꯤꯡꯃꯛ ꯑꯩꯅ ꯄꯥꯝꯃꯤ꯫,ꯑꯩ ꯅ    ꯈꯟ ꯕꯗ    ꯂꯣꯟ    ꯈꯨꯗꯤꯡꯃꯛ    ꯑꯩ ꯅ    ꯄꯥꯝ ꯃꯤ꯫ ,26,10
1775,"ꯀꯔꯤꯒꯨꯝꯕ ꯑꯩꯉꯣꯟꯗ ꯄꯥꯝꯕꯩ ꯑꯃ ꯂꯩꯔꯝꯂꯕꯗꯤ, ꯃꯈꯣꯏ ꯂꯣꯏꯅꯃꯛ ꯑꯩꯅ ꯂꯧꯒꯗꯕꯅꯤ꯫","ꯀꯔꯤꯒꯨꯝꯕ    ꯑꯩ ꯉꯣꯟꯗ    ꯄꯥꯝꯕꯩ    ꯑꯃ    ꯂꯩꯔꯝ ꯂꯕꯗꯤ,    ꯃꯈꯣꯏ    ꯂꯣꯏꯅ ꯃꯛ    ꯑꯩ ꯅ    ꯂꯧ ꯒꯗꯕꯅꯤ꯫ ",50,14
1776,"ꯃꯊꯪ ꯆꯍꯤꯗꯗꯤ, ꯑꯩꯅ ꯑꯃꯈꯛ ꯂꯧꯕ ꯌꯥꯏ꯫","ꯃꯊꯪ    ꯆꯍꯤ ꯗꯗꯤ,    ꯑꯩ ꯅ    ꯑꯃ ꯈꯛ    ꯂꯧꯕ    ꯌꯥꯏ꯫ ",24,9
1777,ꯑꯗꯨ ꯑꯣꯏꯔꯕꯗꯤ ꯅꯪꯒꯤꯗꯃꯛ ꯈ꯭ꯋꯥꯏꯗꯒꯤ ꯀꯥꯟꯅꯒꯗꯕ ꯂꯣꯟ ꯑꯃ ꯑꯩꯗꯤ ꯂꯧꯍꯟꯅꯤꯡꯉꯤ꯫,ꯑꯗꯨ    ꯑꯣꯏꯔꯕꯗꯤ    ꯅꯪ ꯒꯤꯗꯃꯛ    ꯈ꯭ꯋꯥꯏꯗꯒꯤ    ꯀꯥꯟ ꯅ ꯒꯗꯕ    ꯂꯣꯟ    ꯑꯃ    ꯑꯩ ꯗꯤ    ꯂꯧ ꯍꯟ ꯅꯤꯡ ꯉꯤ꯫ ,51,16
1778,ꯇꯨꯡꯗ ꯃꯇꯦꯡ ꯑꯣꯏꯔꯛꯀꯗꯕ ꯑꯃ꯫,ꯇꯨꯡꯗ    ꯃꯇꯦꯡ    ꯑꯣꯏꯔꯛ ꯀꯗꯕ    ꯑꯃ ꯫ ,19,6
1779,ꯇꯨꯡꯗ ꯅꯪ ꯀꯔꯤ ꯑꯣꯏꯕ ꯄꯥꯝꯒꯦ ꯍꯥꯏꯕꯗꯨ ꯅꯁꯥꯅ ꯋꯥꯔꯦꯞ ꯂꯧꯈ꯭ꯔꯕ꯭ꯔ,ꯇꯨꯡꯗ    ꯅ ꯪ    ꯀꯔꯤ    ꯑꯣꯏꯕ    ꯄꯥꯝ ꯒꯦ    ꯍꯥꯏꯕꯗꯨ    ꯅ ꯁꯥꯅ    ꯋꯥꯔꯦꯞ    ꯂꯧ ꯈ꯭ꯔ ꯕ꯭ꯔ,41,14
1780,ꯑꯩ ꯑꯗꯨꯒꯨꯝꯕ ꯑꯃꯠꯇ ꯂꯦꯞꯇ꯭ꯔꯤ꯫,ꯑ ꯩ    ꯑꯗꯨ ꯒꯨꯝꯕ    ꯑꯃꯠꯇ    ꯂꯦꯞ ꯇ꯭ꯔ ꯤ꯫ ,21,8
1781,ꯀꯔꯝꯕ ꯍꯤꯔꯝꯁꯤꯡꯒꯤꯗꯃꯛ ꯀꯔꯤ ꯂꯣꯟ ꯀꯥꯟꯅꯩ ꯍꯥꯏꯕꯗꯨ ꯅꯪ ꯑꯩꯉꯣꯟꯗ ꯍꯥꯏꯒꯦꯔꯥ,ꯀꯔꯝꯕ    ꯍꯤꯔꯝ ꯁꯤꯡꯒꯤꯗꯃꯛ    ꯀꯔꯤ    ꯂꯣꯟ    ꯀꯥꯟ ꯅꯩ    ꯍꯥꯏꯕꯗꯨ    ꯅ ꯪ    ꯑꯩ ꯉꯣꯟꯗ    ꯍꯥꯏ ꯒꯦ ꯔꯥ ,48,15
1782,ꯑꯩꯒꯤꯗꯃꯛꯇ ꯀꯣꯟꯅ ꯈꯟꯕꯅ ꯇꯁꯦꯡꯅ ꯃꯇꯦꯡ ꯑꯣꯏꯒꯅꯤ꯫,ꯑꯩ ꯒꯤꯗꯃꯛꯇ    ꯀꯣꯟꯅ    ꯈꯟ ꯕꯅ    ꯇꯁꯦꯡꯅ    ꯃꯇꯦꯡ    ꯑꯣꯏꯒꯅꯤ꯫ ,32,8
1783,"ꯀꯔꯤꯒꯨꯝꯕ ꯅꯪꯅ ꯁꯍꯤꯇ꯭ꯌ ꯂꯧꯕ ꯄꯥꯝꯂꯕꯗꯤ, ꯃꯗꯨꯒꯤꯗꯃꯛꯇ ꯐ꯭ꯔꯦꯟꯁꯅ ꯈ꯭ꯋꯥꯏꯗꯒꯤ ꯐꯒꯅꯤ꯫","ꯀꯔꯤꯒꯨꯝꯕ    ꯅꯪ ꯅ    ꯁ ꯍꯤ ꯇ꯭ꯌ    ꯂꯧꯕ    ꯄꯥꯝꯂꯕꯗꯤ,    ꯃꯗꯨ ꯒꯤꯗꯃꯛꯇ    ꯐ꯭ꯔꯦꯟ ꯁꯅ    ꯈ꯭ꯋꯥꯏꯗꯒꯤ    ꯐ ꯒꯅꯤ꯫ ",56,15
1784,ꯅꯪꯅ ꯄꯥꯕ ꯌꯥꯕ ꯁꯍꯤꯇ꯭ꯌꯒꯤ ꯋꯥꯔꯣꯜ ꯌꯥꯝꯅ ꯂꯩ꯫,ꯅꯪ ꯅ    ꯄꯥꯕ    ꯌꯥꯕ    ꯁ ꯍꯤ ꯇ꯭ꯌ ꯒꯤ    ꯋꯥꯔꯣꯜ    ꯌꯥꯝꯅ    ꯂꯩ꯫ ,29,11
1785,"ꯀꯔꯤꯒꯨꯝꯕ ꯅꯪꯅ ꯍꯔꯥꯎ-ꯀꯨꯝꯍꯩꯗ ꯈꯣꯡ ꯊꯥꯡꯖꯤꯟꯕ ꯄꯥꯝꯂꯕꯗꯤ, ꯀꯣꯔꯤꯌꯟꯅ ꯃꯇꯦꯡ ꯑꯣꯏꯒꯅꯤ꯫","ꯀꯔꯤꯒꯨꯝꯕ    ꯅꯪ ꯅ    ꯍꯔꯥꯎ - ꯀꯨꯝꯍꯩꯗ    ꯈꯣꯡ    ꯊꯥꯡ ꯖꯤꯟꯕ    ꯄꯥꯝꯂꯕꯗꯤ,    ꯀꯣꯔꯤ ꯌꯟꯅ    ꯃꯇꯦꯡ    ꯑꯣꯏꯒꯅꯤ꯫ ",57,14
1786,ꯀꯦ-ꯄꯣꯞ ꯑꯃꯁꯨꯡ ꯀꯦ-ꯗ꯭ꯔꯥꯃꯥꯁꯤꯡꯅ ꯍꯧꯖꯤꯛꯀꯤ ꯃꯇꯝꯁꯤꯗ ꯃꯤꯡꯆꯠ ꯌꯥꯝꯅ ꯐꯪꯂꯛꯂꯤ꯫,ꯀꯦ - ꯄꯣ ꯞ    ꯑꯃꯁꯨꯡ    ꯀꯦ - ꯗ꯭ꯔꯥ ꯃꯥ ꯁꯤꯡꯅ    ꯍꯧꯖꯤꯛꯀꯤ    ꯃꯇꯝ ꯁꯤꯗ    ꯃꯤꯡꯆꯠ    ꯌꯥꯝꯅ    ꯐꯪ ꯂꯛ ꯂꯤ꯫ ,53,18
1787,ꯏꯁꯄꯦꯅꯤꯁꯅ ꯇꯨꯔꯤꯖꯝꯒꯤꯗꯃꯛ ꯇꯁꯦꯡꯅ ꯀꯥꯟꯅꯕ ꯑꯣꯏꯒꯅꯤ꯫,ꯏꯁ ꯄꯦ ꯅꯤ ꯁꯅ    ꯇꯨꯔꯤꯖ ꯝ ꯒꯤꯗꯃꯛ    ꯇꯁꯦꯡꯅ    ꯀꯥꯟꯅꯕ    ꯑꯣꯏꯒꯅꯤ꯫ ,36,10
1788,ꯍꯥꯏꯔꯤꯕ ꯄꯨꯝꯅꯃꯛ ꯑꯁꯤ ꯌꯥꯝ ꯐꯕ ꯃꯥꯜꯂꯤ,ꯍꯥꯏꯔꯤꯕ    ꯄꯨꯝꯅꯃꯛ    ꯑꯁꯤ    ꯌꯥꯝ    ꯐꯕ    ꯃꯥ ꯜꯂꯤ ,25,7
1789,ꯑꯩꯒꯤ ꯃꯈꯥꯇꯥꯕ ꯃꯍꯩ ꯇꯝꯕꯒꯤꯗꯃꯛ ꯑꯩ ꯁꯥꯏꯟꯁ ꯂꯧꯒꯦꯅ ꯍꯥꯏꯅ ꯈꯜꯂꯤ꯫,ꯑ ꯩꯒꯤ    ꯃꯈꯥ ꯇꯥꯕ    ꯃꯍꯩ    ꯇ ꯝꯕ ꯒꯤꯗꯃꯛ    ꯑ ꯩ    ꯁꯥꯏ ꯟꯁ    ꯂꯧ ꯒꯦ ꯅ    ꯍꯥꯏꯅ    ꯈ ꯜꯂꯤ꯫ ,42,18
1790,ꯕꯤꯒ꯭ꯌꯥꯅꯤꯛ ꯑꯣꯏꯕ ꯃꯍꯩ ꯇꯝꯕꯁꯤꯡꯒꯤꯗꯃꯛ ꯀꯔꯝꯕ ꯂꯣꯟꯁꯤꯡꯅ ꯈ꯭ꯋꯥꯏꯗꯒꯤ ꯐꯒꯅꯤ꯫,ꯕꯤ ꯒ꯭ꯌꯥ ꯅꯤꯛ    ꯑꯣꯏꯕ    ꯃꯍꯩ    ꯇ ꯝꯕ ꯁꯤꯡꯒꯤꯗꯃꯛ    ꯀꯔꯝꯕ    ꯂꯣꯟ ꯁꯤꯡꯅ    ꯈ꯭ꯋꯥꯏꯗꯒꯤ    ꯐ ꯒꯅꯤ꯫ ,51,14
1791,ꯅꯪꯒꯤꯗꯃꯛꯇ ꯖꯔꯃꯟꯅ ꯈ꯭ꯋꯥꯏꯗꯒꯤ ꯐꯕ ꯂꯣꯟ ꯑꯣꯏꯒꯅꯤ꯫,ꯅꯪ ꯒꯤꯗꯃꯛꯇ    ꯖꯔꯃ ꯟꯅ    ꯈ꯭ꯋꯥꯏꯗꯒꯤ    ꯐꯕ    ꯂꯣꯟ    ꯑꯣꯏꯒꯅꯤ꯫ ,33,8
1792,"ꯑꯉꯟꯕ ꯕꯤꯒ꯭ꯌꯥꯅꯤꯛꯀꯤ ꯆꯦ-ꯆꯥꯡ ꯑꯌꯥꯝꯕꯅ ꯖꯔꯃꯟꯗ ꯏꯈꯤꯕ ꯃꯔꯝꯅ, ꯃꯁꯤ ꯇꯁꯦꯡꯅ ꯀꯥꯟꯅꯕ ꯑꯣꯏꯒꯅꯤ꯫","ꯑꯉꯟꯕ    ꯕꯤ ꯒ꯭ꯌꯥ ꯅꯤ ꯛꯀꯤ    ꯆꯦ - ꯆꯥꯡ    ꯑꯌꯥꯝꯕꯅ    ꯖꯔꯃ ꯟꯗ    ꯏ ꯈꯤꯕ    ꯃꯔꯝ ꯅ,    ꯃꯁꯤ    ꯇꯁꯦꯡꯅ    ꯀꯥꯟꯅꯕ    ꯑꯣꯏꯒꯅꯤ꯫ ",61,19
1793,"ꯃꯁꯤꯒꯤꯁꯨ ꯃꯊꯛꯇ, ꯖꯔꯃꯅꯤꯗ ꯃꯈꯥ ꯇꯥꯅ ꯃꯍꯩ ꯇꯝꯊꯕꯒꯤ ꯈꯨꯗꯣꯡꯆꯥꯕ ꯃꯌꯥꯝ ꯑꯃ ꯂꯩ꯫","ꯃꯁꯤ ꯒꯤꯁꯨ    ꯃꯊꯛꯇ,    ꯖꯔꯃ ꯅꯤꯗ    ꯃꯈꯥ    ꯇꯥꯅ    ꯃꯍꯩ    ꯇꯝ ꯊ ꯕꯒꯤ    ꯈꯨꯗꯣꯡꯆꯥꯕ    ꯃꯌꯥꯝ    ꯑꯃ    ꯂꯩ꯫ ",50,15
1794,"ꯑꯗꯨꯕꯨ, ꯀꯔꯤꯒꯨꯝꯕ ꯅꯪꯅ ꯇꯦꯛꯅꯣꯂꯣꯖꯤꯗ ꯆꯠꯄ ꯄꯥꯝꯂꯕꯗꯤ, ꯑꯩꯅ ꯈꯟꯕꯗ ꯆꯥꯏꯅꯤꯖ ꯂꯧꯕꯅ ꯍꯦꯟꯅ ꯐꯒꯅꯤ꯫","ꯑꯗꯨꯕꯨ ,    ꯀꯔꯤꯒꯨꯝꯕ    ꯅꯪ ꯅ    ꯇꯦꯛꯅꯣ ꯂꯣꯖꯤ ꯗ    ꯆꯠꯄ    ꯄꯥꯝꯂꯕꯗꯤ,    ꯑꯩ ꯅ    ꯈꯟ ꯕꯗ    ꯆꯥꯏ ꯅꯤ ꯖ    ꯂꯧ ꯕꯅ    ꯍꯦꯟꯅ    ꯐ ꯒꯅꯤ꯫ ",63,22
1795,ꯃꯈꯣꯏꯅ ꯇꯦꯛꯅꯣꯂꯣꯖꯤꯁꯤꯡ ꯅꯧꯅ ꯄꯨꯊꯣꯛꯂꯤꯕ ꯈꯣꯡꯖꯦꯜ ꯑꯗꯨ ꯇꯥꯟꯈꯠꯅꯕ ꯅꯪꯅ ꯃꯁꯤ ꯗꯔꯀꯥꯔ ꯂꯩꯒꯅꯤ꯫,ꯃꯈꯣꯏꯅ    ꯇꯦꯛꯅꯣ ꯂꯣꯖꯤ ꯁꯤꯡ    ꯅꯧꯅ    ꯄꯨꯊꯣꯛ ꯂꯤꯕ    ꯈꯣꯡ ꯖꯦꯜ    ꯑꯗꯨ    ꯇꯥꯟ ꯈꯠ ꯅꯕ    ꯅꯪ ꯅ    ꯃꯁꯤ    ꯗꯔ ꯀꯥꯔ    ꯂꯩ ꯒꯅꯤ꯫ ,61,20
1796,ꯇꯨꯡꯗ ꯈꯟꯕꯗ ꯑꯩꯒꯤꯗꯃꯛꯇ ꯃꯁꯤ ꯀꯥꯟꯅꯕ ꯑꯣꯏꯒꯅꯤ ꯍꯥꯏꯅ ꯑꯩꯅ ꯊꯥꯖꯩ꯫,ꯇꯨꯡꯗ    ꯈꯟ ꯕꯗ    ꯑꯩ ꯒꯤꯗꯃꯛꯇ    ꯃꯁꯤ    ꯀꯥꯟꯅꯕ    ꯑꯣꯏꯒꯅꯤ    ꯍꯥꯏꯅ    ꯑꯩ ꯅ    ꯊꯥꯖ ꯩ꯫ ,42,13
1797,ꯒꯨꯗ ꯃꯣꯔꯅꯤꯡ ꯑꯩꯒꯤ ꯅꯨꯡꯁꯤꯔꯕ ꯃꯍꯩꯔꯣꯏ ꯄꯨꯝꯅꯃꯛ꯫,ꯒꯨ ꯗ    ꯃꯣꯔ ꯅꯤꯡ    ꯑ ꯩꯒꯤ    ꯅꯨꯡꯁꯤ ꯔꯕ    ꯃꯍꯩꯔꯣꯏ    ꯄꯨꯝꯅ ꯃꯛ ꯫ ,33,12
1798,ꯅꯈꯣꯏ ꯄꯨꯅꯃꯛ ꯅꯨꯉꯥꯏꯔꯝꯒꯅꯤ ꯈꯜꯂꯤ꯫,ꯅꯈ ꯣꯏ    ꯄꯨ ꯅ ꯃꯛ    ꯅꯨ ꯉꯥꯏ ꯔꯝ ꯒꯅꯤ    ꯈ ꯜꯂꯤ꯫ ,24,11
1799,ꯅꯥꯈꯣꯏ ꯃꯃꯥꯡꯒꯤ ꯀ꯭ꯂꯥꯁꯇ ꯑꯩꯈꯣꯏ ꯀꯔꯝꯅ ꯇꯨꯔꯦꯟꯁꯤꯡꯒꯤ ꯃꯔꯝꯗ ꯋꯥꯔꯤ ꯁꯥꯕ ꯍꯧꯈꯤ ꯍꯥꯏꯕꯗꯨ ꯅꯤꯡꯁꯤꯡꯉꯤꯕ꯭ꯔꯥ,ꯅꯥ ꯈ ꯣꯏ    ꯃꯃꯥꯡꯒꯤ    ꯀ꯭ꯂꯥ ꯁꯇ    ꯑꯩꯈ ꯣꯏ    ꯀꯔꯝꯅ    ꯇꯨꯔꯦꯟ ꯁꯤꯡꯒꯤ    ꯃꯔꯝꯗ    ꯋꯥꯔꯤ    ꯁꯥꯕ    ꯍꯧꯈꯤ    ꯍꯥꯏꯕꯗꯨ    ꯅꯤꯡꯁꯤꯡ ꯉꯤ ꯕ꯭ꯔꯥ ,69,19
1800,ꯅꯥꯈꯣꯏ ꯑꯩꯈꯣꯏꯒꯤ ꯂꯝꯒꯤ ꯃꯃꯤꯡ ꯌꯥꯝꯅ ꯆꯠꯄ ꯇꯨꯔꯦꯟ ꯈꯔꯒꯤ ꯇꯣꯞ ꯇꯣꯞꯄ ꯃꯒꯨꯟ ꯈꯔꯒ ꯑꯩꯉꯣꯟꯗ ꯍꯥꯏꯒꯦꯔꯥ,ꯅꯥ ꯈ ꯣꯏ    ꯑꯩꯈ ꯣꯏꯒꯤ    ꯂꯝꯒꯤ    ꯃꯃꯤꯡ    ꯌꯥꯝꯅ    ꯆꯠꯄ    ꯇꯨꯔꯦꯟ    ꯈꯔꯒꯤ    ꯇꯣꯞ    ꯇꯣꯞꯄ    ꯃꯒꯨꯟ    ꯈꯔ ꯒ    ꯑꯩ ꯉꯣꯟꯗ    ꯍꯥꯏ ꯒꯦ ꯔꯥ ,63,21
1801,"ꯒꯨꯗ ꯃꯣꯔꯅꯤꯡ, ꯑꯣꯖꯥ ꯂꯤꯌꯥ","ꯒꯨ ꯗ    ꯃꯣꯔ ꯅꯤꯡ ,    ꯑꯣ ꯖꯥ    ꯂꯤ ꯌꯥ ",18,9
1802,ꯑꯩ ꯃꯃꯥꯡꯒꯤ ꯀ꯭ꯂꯥꯁꯇꯒꯤ ꯇꯨꯔꯦꯟ ꯈꯔꯒꯤ ꯃꯃꯤꯡ ꯅꯤꯡꯁꯤꯡꯉꯤ ꯫,ꯑ ꯩ    ꯃꯃꯥꯡꯒꯤ    ꯀ꯭ꯂꯥ ꯁꯇꯒꯤ    ꯇꯨꯔꯦꯟ    ꯈꯔꯒꯤ    ꯃꯃꯤꯡ    ꯅꯤꯡꯁꯤꯡ ꯉꯤ    ꯫ ,38,11
1803,"ꯑꯩꯈꯣꯏ ꯚꯥꯔꯠꯀꯤ ꯈ꯭ꯋꯥꯏꯗꯒꯤ ꯁꯥꯡꯕ ꯇꯨꯔꯦꯟ, ꯒꯪꯒꯥ ꯇꯨꯔꯦꯟ, ꯒꯪꯒꯦꯁ ꯍꯥꯏꯅꯁꯨ ꯀꯧꯕ ꯑꯗꯨꯗꯒꯤ ꯍꯧꯔꯛꯈꯤ, ꯃꯁꯤ ꯙꯔꯃꯥꯒꯤ ꯑꯣꯏꯅ ꯌꯥꯝꯅ ꯃꯔꯨ ꯑꯣꯏ, ꯑꯗꯨꯕꯨ ꯃꯇꯥꯡ ꯑꯁꯤ ꯃꯛꯇꯗ ꯃꯁꯤ ꯈ꯭ꯋꯥꯏꯗꯒꯤ ꯃꯣꯠꯄ ꯇꯨꯔꯦꯟꯁꯤꯡꯒꯤ ꯃꯥꯅꯨꯡꯗ ꯑꯃꯅꯤ꯫","ꯑꯩꯈ ꯣꯏ    ꯚꯥꯔꯠꯀꯤ    ꯈ꯭ꯋꯥꯏꯗꯒꯤ    ꯁꯥꯡꯕ    ꯇꯨꯔꯦꯟ ,    ꯒꯪꯒꯥ    ꯇꯨꯔꯦꯟ ,    ꯒꯪ ꯒ ꯦꯁ    ꯍꯥꯏꯅꯁꯨ    ꯀꯧꯕ    ꯑꯗꯨꯗꯒꯤ    ꯍꯧꯔꯛ ꯈꯤ,    ꯃꯁꯤ    ꯙꯔ ꯃꯥꯒꯤ    ꯑꯣꯏꯅ    ꯌꯥꯝꯅ    ꯃꯔꯨ    ꯑꯣꯏ,    ꯑꯗꯨꯕꯨ    ꯃꯇꯥꯡ    ꯑꯁꯤ    ꯃꯛꯇꯗ    ꯃꯁꯤ    ꯈ꯭ꯋꯥꯏꯗꯒꯤ    ꯃꯣ ꯠꯄ    ꯇꯨꯔꯦꯟ ꯁꯤꯡꯒꯤ    ꯃꯥ ꯅꯨꯡꯗ    ꯑꯃꯅꯤ꯫ ",142,38
1804,ꯃꯁꯤ ꯍꯤꯃꯥꯆꯜ ꯄ꯭ꯔꯗꯦꯁꯀꯤ ꯒꯪꯒꯣꯇ꯭ꯔꯤꯗꯒꯤ ꯍꯧꯔꯛꯏ ꯑꯃꯁꯨꯡ ꯚꯥꯔꯠꯀꯤ ꯃꯔꯨ ꯑꯣꯏꯕ ꯁꯣꯍꯔ ꯱꯵ ꯐꯥꯎꯔꯒ ꯆꯦꯟꯗꯨꯅ ꯀꯤꯂꯣꯃꯤꯇꯔ ꯲꯵꯲꯵ ꯃꯨꯛ ꯁꯥꯡꯉꯤ ꯫,ꯃꯁꯤ    ꯍꯤꯃꯥ ꯆꯜ    ꯄ꯭ꯔꯗꯦꯁꯀꯤ    ꯒꯪ ꯒꯣ ꯇ꯭ꯔꯤ ꯗꯒꯤ    ꯍꯧꯔꯛ ꯏ    ꯑꯃꯁꯨꯡ    ꯚꯥꯔꯠꯀꯤ    ꯃꯔꯨ    ꯑꯣꯏꯕ    ꯁꯣ ꯍꯔ    ꯱꯵    ꯐꯥꯎ ꯔꯒ    ꯆꯦꯟ ꯗꯨꯅ    ꯀꯤꯂꯣꯃꯤꯇꯔ    ꯲꯵ ꯲꯵    ꯃꯨꯛ    ꯁꯥꯡ ꯉꯤ    ꯫ ,89,28
1805,"ꯑꯗꯨꯒ, ꯃꯁꯤꯅ ꯃꯥꯂꯦꯝꯒꯤ ꯈ꯭ꯋꯥꯏꯗꯒꯤ ꯆꯥꯎꯕ ꯏꯄꯥꯠ ꯑꯗꯨꯁꯨ ꯁꯦꯝꯈꯤ: ꯋꯦꯁ ꯕꯦꯡꯒꯣꯜꯗ ꯂꯩꯕ ꯁꯨꯟꯗꯔꯕꯟꯁ ꯫","ꯑꯗꯨ ꯒ,    ꯃꯁꯤꯅ    ꯃꯥꯂꯦꯝꯒꯤ    ꯈ꯭ꯋꯥꯏꯗꯒꯤ    ꯆꯥꯎꯕ    ꯏ ꯄꯥꯠ    ꯑꯗꯨꯁꯨ    ꯁꯦꯝ ꯈꯤ :    ꯋ ꯦꯁ    ꯕꯦꯡꯒꯣꯜꯗ    ꯂꯩꯕ    ꯁꯨꯟꯗ ꯔꯕ ꯟꯁ    ꯫ ",65,20
1806,ꯅꯍꯥꯛ ꯏꯟꯗꯁꯀꯤ ꯃꯇꯥꯡꯗ ꯅꯤꯡꯁꯤꯡꯕ꯭ꯔꯥ,ꯅꯍꯥꯛ    ꯏꯟꯗ ꯁꯀꯤ    ꯃꯇꯥꯡꯗ    ꯅꯤꯡꯁꯤꯡ ꯕ꯭ꯔꯥ ,25,6
1807,"ꯃꯗꯨꯒꯤ ꯇꯨꯔꯦꯟ ꯑꯗꯨꯅ ꯃꯤꯑꯣꯏꯕꯒꯤ ꯈ꯭ꯋꯥꯏꯗꯒꯤ ꯆꯥꯎꯕ, ꯏꯟꯗꯁ ꯕꯦꯂꯤ ꯁꯤꯕꯤꯂꯥꯏꯖꯦꯖꯟ ꯑꯗꯨ ꯄꯨꯊꯣꯛꯔꯛꯈꯤ, ꯑꯃꯁꯨꯡ ꯄꯨꯋꯥꯔꯤꯒꯤ ꯑꯣꯏꯅ ꯃꯃꯜ ꯌꯥꯝꯅ ꯋꯥꯡꯉꯤ꯫","ꯃꯗꯨꯒꯤ    ꯇꯨꯔꯦꯟ    ꯑꯗꯨꯅ    ꯃꯤꯑꯣꯏꯕꯒꯤ    ꯈ꯭ꯋꯥꯏꯗꯒꯤ    ꯆꯥꯎ ꯕ,    ꯏꯟꯗꯁ    ꯕꯦ ꯂꯤ    ꯁꯤ ꯕꯤ ꯂꯥꯏ ꯖꯦ ꯖꯟ    ꯑꯗꯨ    ꯄꯨꯊꯣꯛ ꯔꯛ ꯈꯤ,    ꯑꯃꯁꯨꯡ    ꯄꯨꯋꯥꯔꯤꯒꯤ    ꯑꯣꯏꯅ    ꯃꯃꯜ    ꯌꯥꯝꯅ    ꯋꯥꯡ ꯉꯤ꯫ ",97,26
1808,"ꯑꯍꯣꯏ, ꯅꯍꯥꯛꯅ ꯃꯗꯨ ꯁꯤꯟꯙꯨ ꯍꯥꯏꯅ ꯀꯧꯋꯦꯁꯨ ꯍꯥꯏꯈꯤ꯫","ꯑꯍ ꯣꯏ ,    ꯅꯍꯥꯛꯅ    ꯃꯗꯨ    ꯁꯤꯟ ꯙ ꯨ    ꯍꯥꯏꯅ    ꯀꯧ ꯋꯦ ꯁꯨ    ꯍꯥꯏꯈꯤ꯫ ",34,13
1809,"ꯃꯗꯨ ꯆꯥꯏꯅꯒ, ꯄꯥꯀꯤꯁꯇꯥꯟꯒ ꯂꯣꯏꯅꯅ ꯚꯥꯔꯠꯇ ꯐꯥꯎꯗꯨꯅ ꯆꯦꯜꯂꯤ ꯫","ꯃꯗꯨ    ꯆꯥꯏ ꯅ ꯒ,    ꯄꯥꯀꯤꯁꯇ ꯥꯟ ꯒ    ꯂꯣꯏꯅꯅ    ꯚꯥꯔꯠꯇ    ꯐꯥꯎꯗꯨꯅ    ꯆꯦꯜꯂꯤ    ꯫ ",40,12
1810,"ꯃꯗꯨꯒꯤ ꯁꯔꯨꯛ ꯚꯥꯔꯠꯇ ꯆꯥꯗ ꯃꯉꯥ ꯈꯛ ꯂꯩ, ꯑꯗꯨ ꯑꯣꯏꯔꯁꯨ ꯃꯁꯤ ꯆꯥꯎꯈꯠꯄ ꯑꯃꯁꯨꯡ ꯁꯦꯟꯃꯤꯠꯂꯣꯟꯒꯤ ꯑꯣꯏꯅ ꯈ꯭ꯋꯥꯏꯗꯒꯤ ꯃꯔꯨ ꯑꯣꯏꯕ ꯇꯨꯔꯦꯟ ꯑꯃꯅꯤ꯫","ꯃꯗꯨꯒꯤ    ꯁꯔꯨꯛ    ꯚꯥꯔꯠꯇ    ꯆꯥꯗ    ꯃꯉꯥ    ꯈꯛ    ꯂꯩ,    ꯑꯗꯨ    ꯑꯣꯏꯔ ꯁꯨ    ꯃꯁꯤ    ꯆꯥꯎꯈꯠꯄ    ꯑꯃꯁꯨꯡ    ꯁꯦꯟꯃꯤꯠꯂꯣꯟꯒꯤ    ꯑꯣꯏꯅ    ꯈ꯭ꯋꯥꯏꯗꯒꯤ    ꯃꯔꯨ    ꯑꯣꯏꯕ    ꯇꯨꯔꯦꯟ    ꯑꯃꯅꯤ꯫ ",88,20
1811,"ꯑꯣꯖꯥ, ꯅꯍꯥꯛꯅ ꯚꯥꯔꯠ ꯑꯃꯁꯨꯡ ꯏꯟꯗꯁꯀ ꯃꯔꯤ ꯂꯩꯕꯒꯤ ꯃꯇꯥꯡꯗ ꯀꯔꯤꯅꯣ ꯑꯃ ꯄꯟꯈꯤ; ꯃꯗꯨꯒꯤ ꯃꯇꯥꯡ ꯑꯗꯨ ꯑꯃꯨꯛꯇ ꯍꯟꯅ ꯍꯥꯏꯕꯤꯕ ꯌꯥꯒꯗ꯭ꯔꯥ","ꯑꯣ ꯖꯥ ,    ꯅꯍꯥꯛꯅ    ꯚꯥꯔꯠ    ꯑꯃꯁꯨꯡ    ꯏꯟꯗ ꯁꯀ    ꯃꯔꯤ    ꯂꯩꯕꯒꯤ    ꯃꯇꯥꯡꯗ    ꯀꯔꯤ ꯅꯣ    ꯑꯃ    ꯄꯟ ꯈꯤ;    ꯃꯗꯨꯒꯤ    ꯃꯇꯥꯡ    ꯑꯗꯨ    ꯑꯃꯨ ꯛꯇ    ꯍꯟꯅ    ꯍꯥꯏ ꯕꯤꯕ    ꯌꯥ ꯒ ꯗ꯭ꯔꯥ ",82,27
1812,ꯚꯥꯔꯠꯀꯤ ꯑꯋꯥꯡꯅꯣꯡꯄꯣꯛ ꯐꯥꯎꯗꯨꯅ ꯄꯥꯀꯤꯁꯇꯥꯟꯗ ꯆꯦꯜꯂꯤꯕ ꯏꯟꯗꯁ ꯏꯁꯤꯡꯂꯝꯕꯤ ꯑꯁꯤꯒꯤ ꯃꯃꯤꯡ ꯑꯁꯤ ꯁꯟꯁꯀ꯭ꯔꯤꯠꯀꯤ ꯋꯥꯍꯩ ꯁꯤꯟꯙꯨ ꯍꯥꯏꯕꯗꯨꯗꯒꯤ ꯐꯪꯈꯤꯕꯅꯤ꯫,ꯚꯥꯔꯠꯀꯤ    ꯑꯋꯥꯡ ꯅꯣꯡꯄꯣꯛ    ꯐꯥꯎꯗꯨꯅ    ꯄꯥꯀꯤꯁꯇ ꯥꯟꯗ    ꯆꯦꯜꯂꯤꯕ    ꯏꯟꯗꯁ    ꯏꯁꯤꯡ ꯂꯝꯕꯤ    ꯑꯁꯤꯒꯤ    ꯃꯃꯤꯡ    ꯑꯁꯤ    ꯁꯟ ꯁ ꯀ꯭ꯔꯤ ꯠꯀꯤ    ꯋꯥꯍꯩ    ꯁꯤꯟ ꯙ ꯨ    ꯍꯥꯏꯕ ꯗꯨꯗꯒꯤ    ꯐꯪ ꯈꯤꯕꯅꯤ꯫ ,97,25
1813,"ꯄꯔꯁꯤꯌꯥꯟꯁꯤꯡꯅ ꯏꯟꯗꯁ ꯏꯁꯤꯡꯂꯝꯕꯤꯒꯤ ꯑꯀꯣꯏꯕꯗ ꯂꯩꯕ ꯂꯝ ꯑꯗꯨ ꯍꯤꯟꯗꯨ ꯍꯥꯏꯅ ꯄꯤ, ꯁꯟꯁꯀ꯭ꯔꯤꯠ ꯁꯤꯟꯙꯨꯒꯤ ꯑꯁꯣꯏꯕ ꯑꯃꯅꯤ ꯑꯃꯁꯨꯡ ꯃꯔꯝ ꯑꯁꯤꯅ ꯏꯟꯗꯤꯌꯥ ꯍꯥꯏꯕ ꯃꯤꯡ ꯑꯗꯨ ꯏꯟꯗꯁꯇꯒꯤ ꯂꯧꯕꯅꯤ꯫","ꯄꯔ ꯁꯤ ꯌꯥꯟ ꯁꯤꯡꯅ    ꯏꯟꯗꯁ    ꯏꯁꯤꯡ ꯂꯝꯕꯤꯒꯤ    ꯑꯀꯣꯏꯕꯗ    ꯂꯩꯕ    ꯂꯝ    ꯑꯗꯨ    ꯍꯤꯟꯗꯨ    ꯍꯥꯏꯅ    ꯄꯤ ,    ꯁꯟ ꯁ ꯀ꯭ꯔꯤ ꯠ    ꯁꯤꯟ ꯙꯨ ꯒꯤ    ꯑꯁꯣꯏꯕ    ꯑꯃꯅꯤ    ꯑꯃꯁꯨꯡ    ꯃꯔꯝ    ꯑꯁꯤꯅ    ꯏꯟꯗꯤꯌꯥ    ꯍꯥꯏꯕ    ꯃꯤꯡ    ꯑꯗꯨ    ꯏꯟꯗ ꯁꯇꯒꯤ    ꯂꯧ ꯕꯅꯤ꯫ ",116,35
1814,"ꯑꯣꯍ, ꯆꯨꯝꯃꯦ, ꯅꯍꯥꯛꯅ ꯑꯩꯈꯣꯏ ꯄꯨꯅꯃꯛꯇ ꯃꯁꯤ ꯇꯥꯛꯈꯤꯕꯅꯤ, ꯊꯥꯒꯠꯆꯔꯤ꯫","ꯑꯣ ꯍ ,    ꯆꯨꯝ ꯃꯦ ,    ꯅꯍꯥꯛꯅ    ꯑꯩꯈ ꯣꯏ    ꯄꯨ ꯅ ꯃꯛꯇ    ꯃꯁꯤ    ꯇꯥꯛ ꯈꯤꯕꯅꯤ,    ꯊꯥꯒꯠ ꯆ ꯔꯤ꯫ ",46,18
1815,"ꯚꯥꯔꯠꯀꯤ ꯈ꯭ꯋꯥꯏꯗꯒꯤ ꯄꯥꯛ ꯆꯥꯎꯕ ꯇꯨꯔꯦꯟ, ꯕ꯭ꯔꯥꯍꯃꯥꯄꯨꯇ꯭ꯔꯒꯤ ꯃꯇꯥꯡꯗ ꯑꯩꯈꯣꯏꯅ ꯅꯩꯅꯈꯤꯕ ꯑꯗꯨ ꯅꯈꯣꯏ ꯅꯤꯡꯁꯤꯡꯉꯤꯕ꯭ꯔꯥ","ꯚꯥꯔꯠꯀꯤ    ꯈ꯭ꯋꯥꯏꯗꯒꯤ    ꯄꯥꯛ    ꯆꯥꯎꯕ    ꯇꯨꯔꯦꯟ ,    ꯕ꯭ꯔꯥꯍ ꯃꯥ ꯄꯨ ꯇ꯭ꯔ ꯒꯤ    ꯃꯇꯥꯡꯗ    ꯑꯩꯈꯣꯏꯅ    ꯅꯩ ꯅꯈꯤꯕ    ꯑꯗꯨ    ꯅꯈ ꯣꯏ    ꯅꯤꯡꯁꯤꯡ ꯉꯤ ꯕ꯭ꯔꯥ ",77,21
1816,ꯃꯁꯤ ꯀꯗꯥꯏꯗꯒꯤ ꯍꯧꯔꯛꯏ ꯑꯃꯁꯨꯡ ꯃꯁꯤ ꯃꯇꯧ ꯀꯔꯝꯅ ꯃꯐꯝ ꯑꯗꯨꯗ ꯑꯇꯣꯞꯄ ꯃꯃꯤꯡ ꯂꯩꯕꯒꯦ,ꯃꯁꯤ    ꯀꯗ ꯥꯏꯗꯒꯤ    ꯍꯧꯔꯛ ꯏ    ꯑꯃꯁꯨꯡ    ꯃꯁꯤ    ꯃꯇꯧ    ꯀꯔꯝꯅ    ꯃꯐꯝ    ꯑꯗꯨꯗ    ꯑꯇꯣꯞꯄ    ꯃꯃꯤꯡ    ꯂꯩꯕ ꯒꯦ ,51,15
1817,ꯃꯁꯤ ꯃꯥꯎꯟꯇ ꯀꯩꯂꯥꯁ ꯃꯅꯥꯛꯇ ꯂꯩꯕ ꯑꯡꯁꯤ ꯒ꯭ꯂꯦꯁꯤꯌꯔꯗꯒꯤ ꯍꯧꯔꯛꯏ ꯑꯃꯁꯨꯡ ꯃꯁꯤ ꯌꯥꯔꯂꯨꯡ ꯁꯥꯡꯄꯣ ꯍꯥꯏꯅꯁꯨ ꯀꯧꯋꯤ꯫,ꯃꯁꯤ    ꯃꯥꯎ ꯟꯇ    ꯀꯩ ꯂꯥ ꯁ    ꯃꯅꯥꯛꯇ    ꯂꯩꯕ    ꯑ ꯡ ꯁꯤ    ꯒ꯭ ꯂꯦ ꯁꯤ ꯌꯔ ꯗꯒꯤ    ꯍꯧꯔꯛ ꯏ    ꯑꯃꯁꯨꯡ    ꯃꯁꯤ    ꯌꯥꯔ ꯂꯨ ꯡ    ꯁꯥꯡ ꯄꯣ   ꯍꯥꯏꯅꯁꯨ    ꯀꯧ ꯋꯤ꯫ ,71,28
1818,"ꯃꯁꯤꯒꯤ ꯏꯄꯥꯠ ꯑꯁꯤ ꯃꯤ ꯃꯤꯌꯤꯌꯟ ꯱꯳꯰ꯒꯤ ꯑꯃꯁꯨꯡ ꯇꯨꯔꯦꯟꯒꯤ ꯏꯊꯠꯁꯤꯡꯗ ꯂꯩꯕ ꯃꯤ ꯶,꯰꯰,꯰꯰꯰ꯒꯤ ꯃꯌꯨꯝ ꯑꯣꯏ ꯫","ꯃꯁꯤꯒꯤ    ꯏ ꯄꯥꯠ    ꯑꯁꯤ    ꯃꯤ    ꯃꯤ ꯌꯤ ꯌꯟ    ꯱꯳ ꯰ꯒꯤ    ꯑꯃꯁꯨꯡ    ꯇꯨꯔꯦꯟ ꯒꯤ    ꯏꯊ ꯠꯁꯤꯡꯗ    ꯂꯩꯕ    ꯃꯤ    ꯶ ,꯰꯰ ,꯰꯰ ꯰ꯒꯤ    ꯃꯌꯨꯝ    ꯑꯣꯏ    ꯫ ",67,24
1819,"ꯑꯗꯨꯕꯨ ꯑꯣꯖꯥ, ꯒꯪꯒꯥ ꯑꯃꯁꯨꯡ ꯕ꯭ꯔꯥꯍꯃꯄꯨꯇ꯭ꯔ ꯑꯅꯤꯃꯛ ꯑꯁꯤ ꯈ꯭ꯋꯥꯏꯗꯒꯤ ꯆꯥꯎꯕ ꯚꯥꯔꯠꯀꯤ ꯇꯨꯔꯦꯟꯁꯤꯡ ꯀꯃꯥꯏꯅ ꯑꯣꯏꯒꯗꯣꯏꯅꯣ","ꯑꯗꯨꯕꯨ    ꯑꯣ ꯖꯥ ,    ꯒꯪꯒꯥ    ꯑꯃꯁꯨꯡ    ꯕ꯭ꯔꯥꯍ ꯃꯄꯨ ꯇ꯭ꯔ    ꯑꯅꯤꯃꯛ    ꯑꯁꯤ    ꯈ꯭ꯋꯥꯏꯗꯒꯤ    ꯆꯥꯎꯕ    ꯚꯥꯔꯠꯀꯤ    ꯇꯨꯔꯦꯟ ꯁꯤꯡ    ꯀ ꯃꯥꯏ ꯅ    ꯑꯣꯏ ꯒꯗ ꯣꯏ ꯅꯣ ",78,23
1820,ꯕ꯭ꯔꯥꯍꯃꯄꯨꯇ꯭ꯔ ꯑꯁꯤꯅ ꯒꯪꯒꯥꯗꯒꯤ ꯌꯥꯝ ꯍꯦꯟꯅ ꯁꯥꯡꯕ ꯍꯦꯜꯂꯤ꯫,ꯕ꯭ꯔꯥꯍ ꯃꯄꯨ ꯇ꯭ꯔ    ꯑꯁꯤꯅ    ꯒꯪ ꯒꯥ ꯗꯒꯤ    ꯌꯥꯝ    ꯍꯦꯟꯅ    ꯁꯥꯡꯕ    ꯍꯦ ꯜꯂꯤ꯫ ,39,12
1821,ꯃꯈꯣꯏꯒꯤ ꯏꯁꯤꯡꯒꯤ ꯏꯆꯦꯜꯒꯤ ꯃꯇꯥꯡꯗ ꯒꯪꯒꯥ ꯑꯁꯤꯅ ꯈ꯭ꯋꯥꯏꯗꯒꯤ ꯁꯥꯡꯕ ꯑꯗꯨꯒ ꯕ꯭ꯔꯥꯍꯃꯄꯨꯇ꯭ꯔꯅ ꯈ꯭ꯋꯥꯏꯗꯒꯤ ꯆꯥꯎꯕꯅꯤ꯫,ꯃꯈꯣꯏꯒꯤ    ꯏꯁꯤꯡꯒꯤ    ꯏ ꯆꯦ ꯜꯒꯤ    ꯃꯇꯥꯡꯗ    ꯒꯪꯒꯥ    ꯑꯁꯤꯅ    ꯈ꯭ꯋꯥꯏꯗꯒꯤ    ꯁꯥꯡꯕ    ꯑꯗꯨꯒ    ꯕ꯭ꯔꯥꯍ ꯃꯄꯨ ꯇ꯭ꯔ ꯅ    ꯈ꯭ꯋꯥꯏꯗꯒꯤ    ꯆꯥꯎ ꯕꯅꯤ꯫ ,74,18
1822,"ꯒꯪꯒꯥꯒꯤ ꯃꯇꯨꯡꯗ ꯒꯣꯗꯥꯕꯔꯤ ꯑꯁꯤꯅ ꯈ꯭ꯋꯥꯏꯗꯒꯤ ꯁꯥꯡꯕꯗ ꯑꯅꯤꯁꯨꯕꯅꯤ ꯑꯃꯁꯨꯡ ꯈꯥ ꯚꯥꯔꯠꯇ ꯈ꯭ꯋꯥꯏꯗꯒꯤ ꯁꯥꯡꯕ ꯇꯨꯔꯦꯟ ꯑꯁꯤꯅ ""ꯗꯥꯛꯁꯤꯅ ꯒꯪꯒꯥ"" ꯅꯤ꯫","ꯒꯪ ꯒꯥꯒꯤ    ꯃꯇꯨꯡꯗ    ꯒꯣ ꯗꯥ ꯕ ꯔꯤ    ꯑꯁꯤꯅ    ꯈ꯭ꯋꯥꯏꯗꯒꯤ    ꯁꯥꯡ ꯕꯗ    ꯑꯅꯤꯁꯨ ꯕꯅꯤ    ꯑꯃꯁꯨꯡ    ꯈꯥ    ꯚꯥꯔꯠꯇ    ꯈ꯭ꯋꯥꯏꯗꯒꯤ    ꯁꯥꯡꯕ    ꯇꯨꯔꯦꯟ    ꯑꯁꯤꯅ    "" ꯗ ꯥꯛ ꯁꯤꯅ    ꯒꯪ ꯒꯥ ""    ꯅꯤ꯫ ",91,28
1823,ꯆꯥꯍꯤ ꯂꯤꯁꯤꯡ ꯀꯌꯥꯗꯒꯤ ꯍꯤꯟꯗꯨ ꯂꯥꯏꯅꯤꯡ ꯂꯥꯏꯁꯣꯟꯒꯤ ꯏꯕꯁꯤꯡꯗ ꯇꯨꯔꯦꯟ ꯑꯁꯤ ꯌꯥꯝꯅ ꯑꯋꯥꯡꯕ ꯊꯥꯛꯇ ꯊꯝꯈꯤ ꯑꯃꯁꯨꯡ ꯅꯥꯠꯀꯤ ꯑꯣꯏꯕ ꯏꯄꯥ ꯏꯄꯨꯗꯒꯤ ꯂꯥꯛꯄ ꯌꯥꯝꯅ ꯊꯣꯏꯔꯕ ꯅꯥꯠꯁꯤꯡꯕꯨ ꯂꯦꯞꯇꯅ ꯏꯊꯤꯜ ꯄꯤꯔꯤ꯫,ꯆꯥ ꯍꯤ    ꯂꯤꯁꯤꯡ    ꯀꯌꯥꯗꯒꯤ    ꯍꯤꯟꯗꯨ    ꯂꯥꯏꯅꯤꯡ    ꯂꯥꯏꯁꯣ ꯟꯒꯤ    ꯏ ꯕꯁꯤꯡꯗ    ꯇꯨꯔꯦꯟ    ꯑꯁꯤ    ꯌꯥꯝꯅ    ꯑꯋꯥꯡꯕ    ꯊꯥꯛꯇ    ꯊꯝꯈꯤ    ꯑꯃꯁꯨꯡ    ꯅꯥꯠꯀꯤ    ꯑꯣꯏꯕ    ꯏ ꯄꯥ    ꯏ ꯄꯨ ꯗꯒꯤ    ꯂꯥꯛꯄ    ꯌꯥꯝꯅ    ꯊꯣꯏ ꯔꯕ    ꯅꯥ ꯠ ꯁꯤꯡꯕꯨ    ꯂꯦꯞꯇꯅ    ꯏꯊꯤꯜ    ꯄꯤꯔꯤ꯫ ,123,34
1824,ꯑꯃꯁꯨꯡ ꯀ꯭ꯔꯤꯁꯅ-ꯒꯣꯗꯥꯕꯥꯔꯤ ꯕꯦꯁꯤꯟ ꯑꯗꯨ ꯃꯨꯠꯄ ꯌꯥꯅ ꯂꯩꯔꯕ ꯑꯣꯂꯤꯕ ꯔꯤꯗꯂꯦ ꯇꯔꯇ꯭ꯜꯁꯀꯤ ꯃꯔꯨ ꯑꯣꯏꯕ ꯂꯩꯐꯝꯁꯤꯡꯒꯤ ꯃꯅꯨꯡꯗ ꯑꯃꯅꯤ ꯫,ꯑꯃꯁꯨꯡ    ꯀ꯭ꯔꯤꯁ ꯅ- ꯒꯣ ꯗꯥ ꯕꯥꯔ ꯤ    ꯕꯦ ꯁꯤꯟ    ꯑꯗꯨ    ꯃꯨ ꯠꯄ    ꯌꯥꯅ    ꯂꯩꯔꯕ    ꯑꯣ ꯂꯤꯕ    ꯔꯤ ꯗ ꯂꯦ    ꯇꯔ ꯇ ꯭ ꯜ ꯁꯀꯤ    ꯃꯔꯨ    ꯑꯣꯏꯕ    ꯂꯩ ꯐꯝꯁꯤꯡꯒꯤ    ꯃꯅꯨꯡꯗ    ꯑꯃꯅꯤ    ꯫ ,83,31
1825,ꯍꯣꯏ ꯃꯗꯨꯃꯛꯅꯤ꯫,ꯍ ꯣꯏ    ꯃꯗꯨ ꯃꯛ ꯅꯤ꯫ ,11,5
1826,ꯅꯍꯥꯛꯅ ꯇꯨꯔꯦꯟꯁꯤꯡꯒꯤ ꯃꯇꯥꯡꯗ ꯌꯥꯝꯅ ꯑꯀꯨꯞꯄ ꯃꯔꯣꯜ ꯈꯪꯕ ꯑꯁꯤꯅ ꯑꯩꯒꯤ ꯄꯨꯛꯅꯤꯡ ꯌꯥꯝꯅ ꯄꯦꯜꯍꯜꯂꯦ꯫,ꯅꯍꯥꯛꯅ    ꯇꯨꯔꯦꯟ ꯁꯤꯡꯒꯤ    ꯃꯇꯥꯡꯗ    ꯌꯥꯝꯅ    ꯑꯀꯨꯞꯄ    ꯃꯔꯣꯜ    ꯈꯪꯕ    ꯑꯁꯤꯅ    ꯑ ꯩꯒꯤ    ꯄꯨꯛꯅꯤꯡ    ꯌꯥꯝꯅ    ꯄꯦ ꯜ ꯍꯜ ꯂꯦ꯫ ,62,17
1827,"ꯊꯥꯒꯠꯆꯔꯤ, ꯑꯣꯖꯥ, ꯅꯍꯥꯛꯅ ꯃꯃꯥꯡꯒꯤ ꯀ꯭ꯂꯥꯁꯇ ꯑꯩꯈꯣꯏꯗ ꯃꯁꯤ ꯃꯅꯝꯕꯅ ꯇꯥꯛꯄꯤꯔꯦ꯫","ꯊꯥꯒꯠ ꯆ ꯔꯤ,    ꯑꯣ ꯖꯥ ,    ꯅꯍꯥꯛꯅ    ꯃꯃꯥꯡꯒꯤ    ꯀ꯭ꯂꯥ ꯁꯇ    ꯑꯩꯈ ꯣꯏ ꯗ    ꯃꯁꯤ    ꯃꯅ ꯝꯕꯅ    ꯇꯥꯛ ꯄꯤ ꯔꯦ꯫ ",52,19
1828,ꯑꯗꯨꯗꯤ ꯑꯩꯈꯣꯏ ꯃꯊꯪꯒꯤ ꯀ꯭ꯂꯥꯁꯇ ꯑꯃꯨꯛꯀ ꯍꯦꯟꯅ ꯇꯝꯒꯅꯤ꯫,ꯑꯗꯨꯗꯤ    ꯑꯩꯈ ꯣꯏ    ꯃꯊꯪꯒꯤ    ꯀ꯭ꯂꯥ ꯁꯇ    ꯑꯃꯨ ꯛ ꯀ    ꯍꯦꯟꯅ    ꯇꯝ ꯒꯅꯤ꯫ ,36,12
1829,ꯃꯇꯝ ꯑꯣꯏꯔꯦ,ꯃꯇꯝ    ꯑꯣꯏ ꯔꯦ ,8,3
1830,ꯑꯉꯥꯡꯁꯥ ꯍꯌꯦꯡ ꯑꯃꯨꯛ ꯎꯅꯔꯁꯦ ꯫,ꯑꯉꯥꯡ ꯁꯥ    ꯍ ꯌꯦꯡ    ꯑꯃꯨꯛ    ꯎ ꯅꯔ ꯁꯦ    ꯫ ,20,9
1831,"ꯍꯦꯂꯣ, ꯅꯍꯥꯛ ꯊꯋꯥꯏ ꯋꯥꯕ ꯃꯥꯜꯂꯦ, ꯀꯔꯤ ꯇꯧꯔꯒꯦ","ꯍꯦ ꯂꯣ ,    ꯅꯍꯥꯛ    ꯊꯋꯥꯏ    ꯋꯥꯕ    ꯃꯥꯜ ꯂꯦ ,    ꯀꯔꯤ    ꯇꯧ ꯔ ꯒꯦ ",30,13
1832,"ꯑꯍꯣꯏ, ꯑꯩ ꯑꯣꯔꯤꯁꯥꯒꯤ ꯅꯣꯡꯂꯩ ꯅꯨꯡꯁꯤꯠꯀꯤ ꯃꯇꯥꯡꯒꯤ ꯄꯥꯎꯁꯤꯡ ꯄꯨꯡ ꯀꯌꯥꯅꯣꯃꯗꯒꯤ ꯌꯦꯡꯉꯤꯅꯦ꯫","ꯑꯍ ꯣꯏ ,    ꯑ ꯩ    ꯑꯣꯔꯤ ꯁꯥꯒꯤ    ꯅꯣꯡ ꯂꯩ    ꯅꯨꯡꯁꯤꯠꯀꯤ    ꯃꯇꯥꯡ ꯒꯤ    ꯄꯥꯎ ꯁꯤꯡ    ꯄꯨꯡ    ꯀꯌꯥ ꯅꯣ ꯃ ꯗꯒꯤ    ꯌꯦꯡ ꯉꯤ ꯅꯦ ꯫ ",60,23
1833,"ꯉꯥꯁꯤꯁꯦ ꯅꯣꯡꯂꯩ ꯅꯨꯡꯁꯤꯠ ꯑꯗꯨꯒꯤ ꯑꯅꯤꯁꯨꯕ ꯅꯨꯃꯤꯠꯅꯤ, ꯑꯃꯁꯨꯡ ꯁꯍꯔ ꯄꯨꯝꯕ ꯑꯁꯤ ꯄꯨꯡꯆꯥꯏ ꯆꯥꯏꯔꯦ ꯫","ꯉꯥ ꯁꯤ ꯁꯦ    ꯅꯣꯡ ꯂꯩ    ꯅꯨꯡꯁꯤꯠ    ꯑꯗꯨꯒꯤ    ꯑꯅꯤꯁꯨꯕ    ꯅꯨꯃꯤ ꯠ ꯅꯤ,    ꯑꯃꯁꯨꯡ    ꯁꯍꯔ    ꯄꯨ ꯝꯕ    ꯑꯁꯤ    ꯄꯨ ꯡ ꯆ ꯥꯏ    ꯆꯥꯏ ꯔꯦ    ꯫ ",63,23
1834,ꯆꯪꯗ꯭ꯔꯕ ꯌꯥꯗ꯭ꯔꯕ ꯃꯔꯨ ꯑꯣꯏꯕ ꯄꯣꯠ ꯆꯩꯁꯤꯡꯒꯤꯗꯃꯛꯇꯁꯨ ꯃꯄꯥꯟꯗ ꯊꯣꯛꯄ ꯌꯥꯗ꯭ꯔꯦ꯫,ꯆꯪ ꯗ꯭ꯔꯕ    ꯌꯥ ꯗ꯭ꯔꯕ    ꯃꯔꯨ    ꯑꯣꯏꯕ    ꯄꯣꯠ    ꯆꯩ ꯁꯤꯡ ꯒꯤꯗꯃꯛꯇꯁꯨ    ꯃꯄꯥꯟꯗ    ꯊꯣꯛꯄ    ꯌꯥ ꯗ꯭ꯔꯦ꯫ ,51,14
1835,"ꯂꯥꯏꯕꯛ ꯐꯕꯗꯒꯤ ꯑꯩꯈꯣꯏꯒꯤ ꯂꯩꯀꯥꯏꯗꯤ ꯍꯧꯖꯤꯛꯁꯨ ꯃꯩ ꯐꯪꯉꯤ, ꯑꯅꯝꯕ ꯃꯐꯝꯗꯗꯤ ꯃꯩ ꯂꯥꯛꯇ꯭ꯔꯦ꯫","ꯂꯥꯏ ꯕꯛ    ꯐ ꯕꯗꯒꯤ    ꯑꯩꯈ ꯣꯏꯒꯤ    ꯂꯩ ꯀꯥꯏ ꯗꯤ    ꯍꯧꯖꯤꯛꯁꯨ    ꯃꯩ    ꯐꯪ ꯉꯤ ,    ꯑ ꯅꯝꯕ    ꯃꯐꯝ ꯗꯗꯤ    ꯃꯩ    ꯂꯥꯛ ꯇ꯭ꯔꯦ ꯫ ",58,22
1836,"ꯃꯗꯨ ꯇꯥꯕꯗ ꯑꯩ ꯌꯥꯝꯅ ꯅꯨꯡꯉꯥꯏꯇꯦ, ꯅꯪ ꯑꯃꯁꯨꯡ ꯅꯍꯥꯛꯀꯤ ꯏꯃꯨꯡ ꯃꯅꯨꯡ ꯇꯦꯛꯇ ꯀꯥꯏꯗꯅ ꯂꯩꯔꯝꯒꯅꯤ ꯈꯜꯂꯦ ꯫","ꯃꯗꯨ    ꯇꯥ ꯕꯗ    ꯑ ꯩ    ꯌꯥꯝꯅ    ꯅꯨꯡꯉꯥꯏ ꯇꯦ ,    ꯅ ꯪ    ꯑꯃꯁꯨꯡ    ꯅꯍꯥꯛꯀꯤ    ꯏꯃꯨꯡ    ꯃꯅꯨꯡ    ꯇꯦ ꯛꯇ    ꯀꯥꯏ ꯗꯅ    ꯂꯩꯔꯝ ꯒꯅꯤ    ꯈ ꯜ ꯂꯦ    ꯫ ",64,25
1837,ꯃꯁꯤ ꯀꯌꯥꯝ ꯀꯨꯏꯅ ꯇꯧꯈꯤꯒꯅꯤ ꯍꯥꯏꯕ ꯅꯍꯥꯛ ꯈꯪꯕ ꯉꯝꯕ꯭ꯔꯥ,ꯃꯁꯤ    ꯀꯌꯥꯝ    ꯀꯨꯏꯅ    ꯇꯧ ꯈꯤ ꯒꯅꯤ    ꯍꯥꯏꯕ    ꯅꯍꯥꯛ    ꯈꯪꯕ    ꯉ ꯝꯕ ꯭ꯔꯥ ,35,12
1838,"ꯑꯌꯤꯡ ꯑꯁꯥꯒꯤ ꯄꯥꯎꯅ ꯍꯥꯏꯕ ꯑꯃꯁꯨꯡ ꯍꯧꯒꯤꯛꯀꯤ ꯈ꯭ꯋꯥꯏꯗꯒꯤ ꯑꯅꯧꯕ ꯄꯥꯎꯒꯤ ꯃꯇꯨꯡ ꯏꯟꯅ, ꯃꯁꯤ ꯆꯧꯔꯥꯛꯅ ꯅꯨꯃꯤꯠ ꯍꯨꯝꯅꯤꯃꯨꯛ ꯇꯧꯈꯤꯒꯅꯤ ꯫","ꯑꯌꯤ ꯡ    ꯑ ꯁꯥꯒꯤ    ꯄꯥꯎ ꯅ    ꯍꯥꯏꯕ    ꯑꯃꯁꯨꯡ    ꯍꯧ ꯒꯤ ꯛꯀꯤ    ꯈ꯭ꯋꯥꯏꯗꯒꯤ    ꯑꯅꯧꯕ    ꯄꯥꯎꯒꯤ    ꯃꯇꯨꯡ    ꯏꯟꯅ,    ꯃꯁꯤ    ꯆꯧ ꯔꯥꯛ ꯅ    ꯅꯨꯃꯤꯠ    ꯍꯨꯝ ꯅꯤ ꯃꯨꯛ    ꯇꯧ ꯈꯤ ꯒꯅꯤ    ꯫ ",84,28
1839,ꯑꯗꯣ ꯑꯩꯗꯤ ꯃꯁꯤꯗꯒꯤ ꯑꯣꯏꯔꯛꯀꯗꯧꯕꯁꯤꯡ ꯑꯗꯨꯒꯤ ꯑꯣꯏꯅ ꯍꯦꯟꯅ ꯊꯋꯥꯏ ꯋꯥꯏ꯫,ꯑꯗꯣ   ꯑꯩ ꯗꯤ    ꯃꯁꯤꯗꯒꯤ    ꯑꯣꯏꯔꯛ ꯀꯗꯧ ꯕꯁꯤꯡ    ꯑꯗꯨꯒꯤ    ꯑꯣꯏꯅ    ꯍꯦꯟꯅ    ꯊꯋꯥꯏ    ꯋꯥꯏ ꯫ ,46,13
1840,ꯃꯃꯥꯡꯒꯤ ꯅꯣꯡꯂꯩ ꯅꯨꯡꯁꯤꯠ ꯑꯗꯨ ꯅꯨꯃꯤꯠ ꯅꯤꯅꯤ ꯁꯤꯠꯇꯨꯅ ꯏꯪ ꯲꯰꯲꯰ ꯗ ꯊꯣꯛꯈꯤ ꯑꯃꯁꯨꯡ ꯃꯐꯝ ꯈꯔꯗꯗꯤ ꯃꯩ ꯑꯃꯨꯛ ꯍꯟꯅ ꯂꯥꯛꯄꯗ ꯅꯨꯃꯤꯠ ꯱꯵ꯅꯤ ꯆꯪꯈꯤ ꯫,ꯃꯃꯥꯡꯒꯤ    ꯅꯣꯡ ꯂꯩ    ꯅꯨꯡꯁꯤꯠ    ꯑꯗꯨ    ꯅꯨꯃꯤꯠ    ꯅꯤ ꯅꯤ    ꯁꯤ ꯠ ꯇꯨꯅ    ꯏꯪ    ꯲꯰ ꯲꯰    ꯗ    ꯊꯣꯛꯈꯤ    ꯑꯃꯁꯨꯡ    ꯃꯐꯝ    ꯈꯔ ꯗꯗꯤ    ꯃꯩ    ꯑꯃꯨꯛ    ꯍꯟꯅ    ꯂꯥꯛ ꯄꯗ    ꯅꯨꯃꯤꯠ    ꯱꯵ ꯅꯤ    ꯆꯪ ꯈꯤ    ꯫ ,88,31
1841,ꯑꯣꯔꯤꯁꯥ ꯑꯁꯤ ꯃꯍꯧꯁꯥꯒꯤ ꯑꯣꯏꯕ ꯑꯃꯥꯡ ꯑꯇꯥ ꯑꯃ ꯅꯠꯇ꯭ꯔꯒ ꯑꯃ ꯊꯣꯛꯄ ꯃꯇꯝꯗ ꯃꯁꯤꯒꯨꯝꯕ ꯑꯀꯥꯏ ꯑꯇꯣꯏ ꯌꯥꯝꯅ ꯊꯣꯛꯀꯜꯂꯤ꯫,ꯑꯣꯔꯤ ꯁꯥ    ꯑꯁꯤ    ꯃꯍꯧꯁꯥꯒꯤ    ꯑꯣꯏꯕ    ꯑꯃ ꯥꯡ    ꯑ ꯇꯥ    ꯑꯃ    ꯅꯠꯇ꯭ꯔꯒ    ꯑꯃ    ꯊꯣꯛꯄ    ꯃꯇꯝꯗ    ꯃꯁꯤ ꯒꯨꯝꯕ    ꯑꯀ ꯥꯏ    ꯑꯇ ꯣꯏ    ꯌꯥꯝꯅ    ꯊꯣꯛ ꯀ ꯜꯂꯤ꯫ ,72,24
1842,"ꯅꯍꯥꯛ ꯏꯪ ꯲꯰꯲꯰ꯗ ꯑꯣꯔꯤꯁꯥꯗ ꯂꯥꯛ ꯑꯝꯕꯅꯤ, ꯅꯍꯥꯛ ꯅꯣꯡꯂꯩ ꯅꯨꯡꯁꯤꯠ ꯇꯧꯕ ꯃꯇꯝ ꯑꯗꯨꯗ ꯁꯤꯗ ꯂꯩꯕ꯭ꯔꯥ","ꯅꯍꯥꯛ    ꯏꯪ    ꯲꯰ ꯲꯰ꯗ    ꯑꯣꯔꯤ ꯁꯥꯗ    ꯂ ꯥꯛ    ꯑ ꯝꯕ ꯅꯤ,    ꯅꯍꯥꯛ    ꯅꯣꯡ ꯂꯩ    ꯅꯨꯡꯁꯤꯠ    ꯇꯧꯕ    ꯃꯇꯝ    ꯑꯗꯨꯗ    ꯁꯤꯗ    ꯂꯩꯕ ꯭ꯔꯥ ",61,21
1843,"ꯂꯩꯇꯦ, ꯂꯥꯏꯕꯛ ꯐꯗꯅ ꯑꯩꯍꯥꯛ ꯅꯣꯡꯂꯩ ꯅꯨꯡꯁꯤꯠ ꯑꯗꯨꯒꯤ ꯆꯩꯌꯣꯜ ꯑꯃꯒꯤ ꯍꯦꯛ ꯃꯃꯥꯡꯗ ꯍꯜꯂꯦ꯫","ꯂꯩꯇꯦ ,    ꯂꯥꯏ ꯕꯛ    ꯐ ꯗꯅ    ꯑꯩꯍꯥꯛ   ꯅꯣꯡ ꯂꯩ    ꯅꯨꯡꯁꯤꯠ    ꯑꯗꯨꯒꯤ    ꯆꯩ ꯌꯣ ꯜ    ꯑꯃꯒꯤ    ꯍꯦꯛ    ꯃꯃꯥꯡꯗ    ꯍꯜ ꯂꯦ꯫ ",56,19
1844,"ꯑꯗꯨꯗ ꯂꯩꯕ ꯃꯤꯁꯤꯡꯗꯨ ꯀꯔꯝꯍꯥꯏꯅ ꯇꯧꯔꯝꯒꯅꯤ ꯍꯥꯏꯅ ꯑꯩꯗꯤ ꯈꯜꯂꯤꯅꯦ, ꯃꯁꯤ ꯌꯥꯝꯅ ꯑꯁꯣꯛ ꯑꯄꯟ ꯊꯣꯛꯀꯟꯕ ꯑꯃꯅꯤ꯫","ꯑꯗꯨꯗ    ꯂꯩꯕ    ꯃꯤ ꯁꯤꯡꯗꯨ    ꯀꯔꯝ ꯍꯥꯏꯅ    ꯇꯧ ꯔꯝ ꯒꯅꯤ    ꯍꯥꯏꯅ    ꯑꯩ ꯗꯤ    ꯈ ꯜꯂꯤ ꯅꯦ ,    ꯃꯁꯤ    ꯌꯥꯝꯅ    ꯑꯁꯣꯛ    ꯑ ꯄꯟ    ꯊꯣꯛ ꯀꯟꯕ    ꯑꯃꯅꯤ꯫ ",68,24
1845,ꯃꯔꯨ ꯑꯣꯏꯅ ꯁꯥꯃꯨꯗ꯭ꯔ ꯃꯄꯥꯟꯗ ꯂꯩꯕ ꯃꯤꯁꯤꯡ ꯑꯗꯨ꯫,ꯃꯔꯨ    ꯑꯣꯏꯅ    ꯁꯥꯃꯨ ꯗ꯭ꯔ    ꯃꯄꯥꯟꯗ    ꯂꯩꯕ    ꯃꯤꯁꯤꯡ    ꯑꯗꯨ ꯫ ,31,9
1846,ꯁꯔꯀꯥꯔꯅ ꯃꯤꯌꯥꯝ ꯑꯗꯨꯕꯨ ꯃꯈꯣꯏꯒꯤ ꯃꯌꯨꯝ ꯑꯃꯁꯨꯡ ꯃꯄꯨꯟꯁꯤ ꯑꯃꯨꯛ ꯍꯟꯅ ꯁꯥꯒꯠꯄꯗ ꯃꯇꯦꯡ ꯄꯥꯡꯄꯤꯕ꯭ꯔꯥ,ꯁꯔꯀꯥꯔꯅ    ꯃꯤꯌꯥꯝ    ꯑꯗꯨꯕꯨ    ꯃꯈꯣꯏꯒꯤ    ꯃꯌꯨꯝ    ꯑꯃꯁꯨꯡ    ꯃꯄꯨ ꯟ ꯁꯤ    ꯑꯃꯨꯛ    ꯍꯟꯅ    ꯁꯥꯒꯠ ꯄꯗ    ꯃꯇꯦꯡ    ꯄꯥꯡ ꯄꯤ ꯕ꯭ꯔꯥ ,63,17
1847,ꯆꯍꯤ ꯀꯌꯥꯒꯤ ꯍꯣꯠꯅꯕꯁꯤꯡ ꯑꯗꯨ ꯅꯨꯃꯤꯠ ꯑꯃ ꯅꯠꯇ꯭ꯔꯒ ꯑꯅꯤꯗ ꯃꯥꯡꯕ ꯍꯥꯏꯕꯁꯤ ꯌꯥꯝꯅ ꯅꯨꯡꯉꯥꯏꯇꯕ ꯊꯕꯛꯅꯤ꯫,ꯆꯍꯤ    ꯀꯌꯥꯒꯤ    ꯍꯣꯠ ꯅꯕꯁꯤꯡ    ꯑꯗꯨ    ꯅꯨꯃꯤꯠ    ꯑꯃ    ꯅꯠꯇ꯭ꯔꯒ    ꯑꯅꯤꯗ    ꯃꯥꯡ ꯕ    ꯍꯥꯏꯕꯁꯤ    ꯌꯥꯝꯅ    ꯅꯨꯡꯉꯥꯏꯇꯕ    ꯊꯕꯛ ꯅꯤ꯫ ,64,16
1848,"ꯁꯔꯀꯥꯔꯅ ꯇꯧꯕ ꯉꯝꯕꯈꯩ ꯇꯧꯋꯤ, ꯃꯔꯨ ꯑꯣꯏꯅ ꯃꯤꯌꯥꯝꯕꯨ ꯃꯊꯟꯗ ꯍꯨꯟꯗꯣꯛꯇꯨꯟ ꯊꯝꯕ ꯈꯨꯡꯒꯪꯒꯤ ꯃꯐꯝꯁꯤꯡꯗ ꯫","ꯁꯔꯀꯥꯔꯅ    ꯇꯧꯕ    ꯉ ꯝꯕ ꯈꯩ    ꯇꯧ ꯋꯤ,    ꯃꯔꯨ    ꯑꯣꯏꯅ    ꯃꯤꯌꯥꯝ ꯕꯨ    ꯃꯊ ꯟꯗ    ꯍꯨꯟ ꯗꯣꯛ ꯇꯨ ꯟ    ꯊꯝꯕ    ꯈꯨꯡꯒꯪꯒꯤ    ꯃꯐꯝꯁꯤꯡꯗ    ꯫ ",64,21
1849,ꯃꯃꯥꯡꯗ ꯊꯕꯛꯁꯤꯡ ꯑꯗꯨ ꯌꯥꯡꯖꯤꯟꯅꯕ ꯑꯇꯣꯞꯄ ꯂꯝꯗꯒꯤ ꯊꯕꯛꯁꯨꯕ ꯃꯤꯁꯤꯡꯁꯨ ꯄꯨꯔꯛꯈꯤ꯫,ꯃꯃꯥꯡꯗ    ꯊꯕꯛꯁꯤꯡ    ꯑꯗꯨ    ꯌꯥꯡ ꯖꯤꯟ ꯅꯕ    ꯑꯇꯣꯞꯄ    ꯂꯝ ꯗꯒꯤ    ꯊꯕꯛ ꯁꯨꯕ    ꯃꯤ ꯁꯤꯡꯁꯨ    ꯄꯨꯔꯛꯈꯤ꯫ ,52,14
1850,ꯑꯉꯥꯡꯁꯤꯡ ꯑꯃꯁꯨꯡ ꯑꯍꯟ ꯑꯣꯏꯔꯕꯁꯤꯡ ꯑꯋꯥꯕ ꯌꯥꯝꯅ ꯃꯥꯏꯌꯣꯛꯅꯗꯨꯅ ꯂꯩꯕꯅ ꯃꯇꯝ ꯆꯥꯟꯅ ꯃꯩ ꯑꯗꯨ ꯂꯥꯛꯍꯟꯅꯕ ꯃ꯭ꯌꯨꯅꯤꯁꯤꯄꯥꯜ ꯀꯣꯔꯄꯣꯔꯦꯁꯟꯒꯤ ꯃꯤꯁꯤꯡꯁꯨ ꯃꯇꯝ ꯄꯨꯝꯅꯃꯛꯇ ꯊꯕꯛ ꯁꯨꯈꯤ ꯫,ꯑꯉꯥꯡ ꯁꯤꯡ    ꯑꯃꯁꯨꯡ    ꯑꯍ ꯟ    ꯑꯣꯏ ꯔꯕ ꯁꯤꯡ    ꯑꯋꯥꯕ    ꯌꯥꯝꯅ    ꯃꯥꯏꯌꯣꯛ ꯅꯗꯨꯅ    ꯂꯩꯕꯅ    ꯃꯇꯝ    ꯆꯥꯟ ꯅ    ꯃꯩ    ꯑꯗꯨ    ꯂꯥꯛ ꯍꯟꯅꯕ    ꯃ꯭ꯌꯨꯅꯤꯁꯤ ꯄꯥꯜ    ꯀꯣꯔꯄꯣꯔ ꯦꯁꯟꯒꯤ    ꯃꯤ ꯁꯤꯡꯁꯨ    ꯃꯇꯝ    ꯄꯨꯝꯅꯃꯛꯇ    ꯊꯕꯛ    ꯁꯨ ꯈꯤ    ꯫ ,111,32
1851,ꯑꯣꯔꯤꯁꯥ ꯑꯁꯤ ꯃꯇꯝ ꯑꯁꯤꯗ ꯈꯝꯊꯦꯡꯕ ꯃꯋꯣꯡꯒꯤ ꯑꯌꯤꯡ ꯑꯁꯥꯒꯤ ꯐꯤꯚꯝꯁꯤꯡ ꯊꯦꯡꯅꯕ ꯃꯐꯝꯁꯤꯡꯒꯤ ꯃꯅꯨꯡꯗ ꯑꯃꯅꯤ ꯫,ꯑꯣꯔꯤ ꯁꯥ    ꯑꯁꯤ    ꯃꯇꯝ    ꯑꯁꯤꯗ    ꯈ ꯝ ꯊꯦꯡ ꯕ    ꯃꯋꯣꯡ ꯒꯤ    ꯑꯌꯤ ꯡ    ꯑ ꯁꯥꯒꯤ    ꯐꯤꯚ ꯝꯁꯤꯡ    ꯊꯦꯡꯅꯕ    ꯃꯐꯝꯁꯤꯡꯒꯤ    ꯃꯅꯨꯡꯗ    ꯑꯃꯅꯤ    ꯫ ,67,22
1852,ꯂꯩꯕꯥꯛ ꯑꯗꯨꯒꯤ ꯃꯤꯌꯥꯝꯁꯤꯡ ꯑꯗꯨ ꯃꯇꯝ ꯆꯥꯅ ꯃꯇꯦꯡ ꯐꯪꯉꯤ ꯍꯥꯏꯕꯁꯤ ꯈꯪꯕꯗ ꯅꯨꯉꯥꯏ꯫,ꯂꯩꯕꯥꯛ    ꯑꯗꯨꯒꯤ    ꯃꯤꯌꯥꯝ ꯁꯤꯡ    ꯑꯗꯨ    ꯃꯇꯝ    ꯆꯥꯅ    ꯃꯇꯦꯡ    ꯐꯪ ꯉꯤ    ꯍꯥꯏꯕꯁꯤ    ꯈꯪ ꯕꯗ    ꯅꯨ ꯉꯥꯏ ꯫ ,51,16
1853,ꯑꯁꯤꯒꯨꯝꯕ ꯑꯌꯤꯡ ꯑꯁꯥꯒꯤ ꯐꯤꯚꯝꯁꯤꯡ ꯑꯁꯤꯅ ꯃꯔꯝ ꯑꯣꯏꯔꯒ ꯊꯧꯗꯣꯛꯁꯤꯡ ꯑꯗꯨ ꯀꯌꯥꯝꯅ ꯇꯝꯊꯤꯕꯒꯦ ꯍꯥꯏꯅ ꯎꯕꯁꯤ ꯌꯥꯝ ꯂꯥꯏꯕꯛ ꯊꯤꯕꯅꯤ꯫,ꯑꯁꯤꯒꯨꯝꯕ    ꯑꯌꯤ ꯡ    ꯑ ꯁꯥꯒꯤ    ꯐꯤꯚ ꯝꯁꯤꯡ    ꯑꯁꯤꯅ    ꯃꯔꯝ    ꯑꯣꯏꯔꯒ    ꯊꯧꯗꯣꯛꯁꯤꯡ    ꯑꯗꯨ    ꯀ ꯌꯥꯝꯅ    ꯇꯝ ꯊꯤ ꯕꯒꯦ    ꯍꯥꯏꯅ    ꯎ ꯕ ꯁꯤ    ꯌꯥꯝ    ꯂꯥꯏ ꯕꯛ    ꯊꯤ ꯕꯅꯤ꯫ ,80,26
1854,ꯅꯍꯥꯛ ꯃꯐꯝ ꯑꯗꯨꯗ ꯂꯩꯕ ꯀꯌꯥꯝ ꯀꯨꯏꯔꯒꯦ,ꯅꯍꯥꯛ    ꯃꯐꯝ    ꯑꯗꯨꯗ    ꯂꯩꯕ    ꯀꯌꯥꯝ    ꯀꯨꯏ ꯔ ꯒꯦ ,24,8
1855,ꯂꯝꯗꯝ ꯑꯗꯨꯒꯤ ꯑꯌꯤꯡ ꯑꯁꯥꯒꯤ ꯐꯤꯚꯝꯒꯤ ꯃꯥꯑꯣꯡ ꯑꯗꯨꯅ ꯅꯍꯥꯛꯄꯨ ꯂꯝ ꯑꯗꯨ ꯊꯥꯗꯣꯛ ꯑꯒ ꯆꯠꯄ ꯄꯥꯝꯕꯒꯤ ꯏꯊꯤꯜ ꯄꯤꯕ ꯌꯥꯎꯕ꯭ꯔ,ꯂꯝꯗꯝ    ꯑꯗꯨꯒꯤ    ꯑꯌꯤ ꯡ    ꯑ ꯁꯥꯒꯤ    ꯐꯤꯚ ꯝꯒꯤ    ꯃꯥ ꯑꯣ ꯡ    ꯑꯗꯨꯅ    ꯅꯍꯥꯛꯄꯨ    ꯂꯝ    ꯑꯗꯨ    ꯊꯥ ꯗꯣꯛ    ꯑ ꯒ    ꯆꯠꯄ    ꯄꯥꯝ ꯕꯒꯤ    ꯏꯊꯤꯜ    ꯄꯤꯕ    ꯌꯥꯎ ꯕ꯭ꯔ,73,26
1856,ꯑꯩꯅ ꯁꯤꯗ ꯂꯩꯔꯛꯄ ꯑꯁꯤ ꯍꯧꯖꯤꯛ ꯆꯥꯍꯤ ꯃꯉꯥ ꯁꯨꯔꯦ꯫,ꯑꯩ ꯅ    ꯁꯤꯗ    ꯂꯩ ꯔꯛꯄ    ꯑꯁꯤ    ꯍꯧꯖꯤꯛ    ꯆꯥ ꯍꯤ    ꯃꯉꯥ    ꯁꯨ ꯔꯦ꯫ ,31,12
1857,ꯀꯥꯂꯦꯟ ꯑꯁꯤ ꯌꯥꯝꯅ ꯁꯥꯕ ꯑꯃꯁꯨꯡ ꯑꯣꯝꯆꯥꯛꯅꯔꯕꯁꯨ ꯑꯌꯤꯡ ꯑꯁꯥꯗꯤ ꯐꯩ ꯑꯗꯨꯒ ꯑꯇꯣꯞꯄ ꯃꯔꯝꯁꯤꯡꯁꯨ ꯐꯩ ꯑꯗꯨꯅ ꯃꯐꯝ ꯑꯁꯤ ꯊꯥꯗꯣꯛꯇꯨꯅ ꯆꯠꯀꯦ ꯍꯥꯏꯕꯒꯤ ꯋꯥꯈꯜ ꯑꯁꯤ ꯑꯩꯉꯣꯟꯗ ꯀꯩꯗꯧꯅꯨꯡꯗ ꯂꯥꯛꯇꯦ꯫,ꯀꯥ ꯂꯦꯟ    ꯑꯁꯤ    ꯌꯥꯝꯅ    ꯁꯥꯕ    ꯑꯃꯁꯨꯡ    ꯑꯣ ꯝ ꯆꯥꯛ ꯅ ꯔꯕꯁꯨ    ꯑꯌꯤ ꯡ    ꯑꯁꯥ ꯗꯤ    ꯐ ꯩ    ꯑꯗꯨꯒ    ꯑꯇꯣꯞꯄ    ꯃꯔꯝ ꯁꯤꯡꯁꯨ    ꯐ ꯩ    ꯑꯗꯨꯅ    ꯃꯐꯝ    ꯑꯁꯤ    ꯊꯥꯗꯣꯛ ꯇꯨꯅ    ꯆꯠ ꯀꯦ    ꯍꯥꯏꯕꯒꯤ    ꯋꯥꯈꯜ    ꯑꯁꯤ    ꯑꯩ ꯉꯣꯟꯗ    ꯀꯩꯗꯧ ꯅꯨꯡꯗ    ꯂꯥꯛ ꯇꯦ ꯫ ,116,40
1858,ꯅꯣꯡꯖꯨ ꯊꯥ ꯑꯁꯤ ꯈꯔ ꯋꯥꯏ ꯑꯗꯨꯕꯨ ꯍꯧꯖꯤꯛꯇꯤ ꯆꯍꯤ ꯈꯔ ꯑꯁꯤꯗ ꯌꯥꯟꯅꯅꯕ ꯁꯤꯟꯗꯣꯛ ꯁꯤꯟꯖꯤꯟ ꯇꯧꯕ ꯌꯥꯔꯦ ꯫,ꯅꯣꯡ ꯖꯨ    ꯊꯥ    ꯑꯁꯤ    ꯈꯔ    ꯋꯥꯏ    ꯑꯗꯨꯕꯨ    ꯍꯧꯖꯤꯛꯇꯤ    ꯆꯍꯤ    ꯈꯔ    ꯑꯁꯤꯗ    ꯌꯥꯟ ꯅꯅꯕ    ꯁꯤꯟ ꯗꯣꯛ    ꯁꯤꯟ ꯖꯤꯟ    ꯇꯧꯕ    ꯌꯥ ꯔꯦ    ꯫ ,62,21
1859,"ꯑꯣ, ꯃꯗꯨꯗꯤ ꯌꯥꯟꯅꯅꯕ ꯁꯤꯡꯗꯣꯛꯄ ꯌꯥꯔꯕ ꯃꯥꯜꯂꯦ; ꯐꯤꯚꯝ ꯑꯁꯤ ꯊꯨꯅ ꯐꯒꯠꯂꯛꯄ ꯑꯣꯏꯁꯅꯨ ꯍꯥꯏꯅ ꯑꯩꯅ ꯈꯜꯂꯤꯅꯦ ꯫","ꯑꯣ ,    ꯃꯗꯨꯗꯤ    ꯌꯥꯟ ꯅꯅꯕ    ꯁꯤꯡ ꯗꯣꯛꯄ    ꯌꯥ ꯔꯕ    ꯃꯥꯜ ꯂꯦ ;    ꯐꯤꯚꯝ    ꯑꯁꯤ    ꯊꯨꯅ    ꯐꯒꯠ ꯂꯛꯄ    ꯑꯣꯏ ꯁꯅ ꯨ    ꯍꯥꯏꯅ    ꯑꯩ ꯅ    ꯈ ꯜꯂꯤ ꯅꯦ    ꯫ ",67,27
1860,"ꯋꯥꯥꯔꯧꯕ ꯌꯥꯗꯦ, ꯑꯩꯍꯥꯛ ꯆꯠꯄ ꯇꯥꯔꯦ, ꯅꯪ ꯅꯣꯡꯂꯩ ꯅꯨꯡꯁꯤꯠ ꯑꯁꯤꯒꯤ ꯃꯇꯥꯡꯗ ꯈꯤꯇꯪ ꯊꯨꯅ ꯍꯥꯏꯕꯤꯕ ꯌꯥꯒꯗ꯭ꯔ","ꯋꯥ ꯥꯔ ꯧꯕ    ꯌꯥ ꯗꯦ,    ꯑꯩꯍꯥꯛ   ꯆꯠꯄ    ꯇꯥꯔ ꯦ ,    ꯅ ꯪ    ꯅꯣꯡ ꯂꯩ    ꯅꯨꯡꯁꯤꯠ    ꯑꯁꯤꯒꯤ    ꯃꯇꯥꯡꯗ    ꯈꯤ ꯇ ꯪ    ꯊꯨꯅ    ꯍꯥꯏ ꯕꯤꯕ    ꯌꯥ ꯒ ꯗ꯭ꯔ ",66,26
1861,ꯍꯧꯖꯤꯛ ꯍꯧꯖꯤꯛꯀꯤ ꯐꯤꯚꯝꯁꯤꯡ ꯑꯗꯨ ꯀꯔꯝ ꯍꯥꯏꯅ ꯇꯧꯔꯤ ꯑꯃꯁꯨꯡ ꯃꯤꯌꯥꯝ ꯑꯗꯨ ꯍꯧꯖꯤꯛ ꯀꯔꯝ ꯍꯥꯏꯅ ꯐꯤꯚꯝ ꯑꯗꯨ ꯃꯥꯏꯌꯣꯛꯅꯔꯤ,ꯍꯧꯖꯤꯛ    ꯍꯧꯖꯤꯛꯀꯤ    ꯐꯤꯚ ꯝꯁꯤꯡ    ꯑꯗꯨ    ꯀꯔ ꯝ    ꯍꯥꯏꯅ    ꯇꯧ ꯔꯤ    ꯑꯃꯁꯨꯡ    ꯃꯤꯌꯥꯝ    ꯑꯗꯨ    ꯍꯧꯖꯤꯛ    ꯀꯔ ꯝ    ꯍꯥꯏꯅ    ꯐꯤꯚꯝ    ꯑꯗꯨ    ꯃꯥꯏꯌꯣꯛ ꯅꯔꯤ ,74,21
1862,"ꯆꯥꯟꯅ ꯊꯛꯅꯕ, ꯑꯅꯥ ꯂꯥꯏꯌꯦꯡꯕꯒꯤ ꯈꯨꯗꯣꯡ ꯆꯥꯕ ꯑꯃꯁꯨꯡ ꯍꯤꯗꯥꯛ ꯂꯥꯡꯊꯛꯁꯤꯡ ꯑꯃꯁꯨꯡ ꯃꯊꯧ ꯇꯥꯔꯛꯄ ꯄꯣꯠꯁꯤꯡ ꯑꯃꯁꯨꯡ ꯃꯇꯝ ꯆꯥꯅ ꯄꯤꯅꯕ ꯃꯊꯧ ꯇꯥꯕ ꯄꯣꯠ ꯄꯨꯝꯅꯃꯛꯀꯤ ꯃꯇꯥꯡꯗ ꯃꯤꯌꯥꯝꯗ ꯃꯇꯦꯡ ꯄꯤꯔꯤꯕ ꯀꯥꯡꯂꯨꯞ ꯀꯌꯥ ꯑꯃ ꯂꯩ ꯫","ꯆꯥꯟ ꯅ    ꯊꯛ ꯅꯕ,    ꯑ ꯅꯥ    ꯂꯥꯏ ꯌꯦꯡ ꯕꯒꯤ    ꯈꯨꯗꯣ ꯡ    ꯆꯥꯕ    ꯑꯃꯁꯨꯡ    ꯍꯤꯗ ꯥꯛ    ꯂꯥꯡ ꯊ ꯛꯁꯤꯡ    ꯑꯃꯁꯨꯡ    ꯃꯊꯧ    ꯇꯥꯔꯛꯄ    ꯄꯣꯠꯁꯤꯡ    ꯑꯃꯁꯨꯡ    ꯃꯇꯝ    ꯆꯥꯅ    ꯄꯤꯅꯕ    ꯃꯊꯧ    ꯇꯥꯕ    ꯄꯣꯠ    ꯄꯨꯝꯅꯃꯛꯀꯤ    ꯃꯇꯥꯡꯗ    ꯃꯤꯌꯥꯝꯗ    ꯃꯇꯦꯡ    ꯄꯤꯔꯤꯕ    ꯀꯥꯡꯂꯨꯞ    ꯀꯌꯥ    ꯑꯃ    ꯂꯩ    ꯫ ",132,39
1863,ꯃꯐꯝ ꯑꯌꯥꯝꯕꯗꯗꯤ ꯃꯊꯧ ꯇꯥꯔꯛꯄ ꯃꯇꯝꯗ ꯃꯈꯜ ꯑꯃꯍꯦꯛꯇꯗꯒꯤ ꯃꯇꯦꯡ ꯄꯤꯕꯗ ꯊꯕꯛ ꯇꯧꯅꯕ ꯀꯥꯡꯂꯨꯞꯁꯤꯡꯁꯨ ꯁꯦꯝꯃꯤ ꯫,ꯃꯐꯝ    ꯑꯌꯥꯝ ꯕ ꯗꯗꯤ    ꯃꯊꯧ    ꯇꯥꯔꯛꯄ    ꯃꯇꯝꯗ    ꯃꯈꯜ    ꯑꯃꯍꯦꯛꯇ ꯗꯒꯤ    ꯃꯇꯦꯡ    ꯄꯤ ꯕꯗ    ꯊꯕꯛ    ꯇꯧꯅꯕ    ꯀꯥꯡꯂꯨꯞ ꯁꯤꯡꯁꯨ    ꯁꯦꯝ ꯃꯤ    ꯫ ,67,20
1864,"ꯇꯁꯦꯡꯅ, ꯑꯩꯈꯣꯏꯅ ꯇꯧꯕ ꯌꯥꯕꯁꯤ ꯌꯥꯝꯅ ꯂꯩꯇꯦ, ꯈꯥꯡꯕ ꯀꯟꯕ ꯑꯃꯁꯨꯡ ꯑꯃꯅ ꯑꯃꯒꯤ ꯃꯇꯦꯡ ꯄꯥꯡꯕ ꯅꯠꯇꯅ ꯫","ꯇ ꯁꯦꯡ ꯅ,    ꯑꯩꯈꯣꯏꯅ    ꯇꯧꯕ    ꯌꯥ ꯕ ꯁꯤ    ꯌꯥꯝꯅ    ꯂꯩꯇꯦ ,    ꯈ ꯥꯡꯕ    ꯀꯟꯕ    ꯑꯃꯁꯨꯡ    ꯑꯃꯅ    ꯑꯃꯒꯤ    ꯃꯇꯦꯡ    ꯄꯥꯡꯕ    ꯅꯠꯇꯅ    ꯫ ",61,21
1865,"ꯍꯣꯏ, ꯃꯗꯨ ꯆꯨꯝꯃꯤ ꯫","ꯍ ꯣꯏ ,    ꯃꯗꯨ    ꯆꯨꯝ ꯃꯤ    ꯫ ",13,7
1866,ꯅꯣꯏ ꯂꯣꯏꯅ ꯅꯁꯥꯃꯛꯀꯤ ꯑꯃꯁꯨꯡ ꯅꯈꯣꯏ ꯃꯁꯦꯟꯒꯤ ꯆꯦꯛꯁꯟꯕꯤꯌꯨ꯫,ꯅ ꯣꯏ    ꯂꯣꯏꯅ    ꯅꯁꯥ ꯃꯛꯀꯤ    ꯑꯃꯁꯨꯡ    ꯅꯈ ꯣꯏ    ꯃ ꯁꯦꯟꯒꯤ    ꯆꯦꯛ ꯁꯟ ꯕꯤꯌꯨ꯫ ,39,13
1867,ꯃꯁꯤ ꯊꯨꯅ ꯐꯕ ꯑꯣꯏꯁꯅꯨ; ꯑꯩꯈꯣꯏꯅ ꯃꯐꯝꯁꯤꯗꯒꯤ ꯇꯧꯕ ꯌꯥꯕ ꯑꯃꯍꯦꯛꯇ ꯂꯩꯔꯕꯗꯤ ꯑꯩꯉꯣꯟꯗ ꯁꯣꯏꯗꯅ ꯍꯥꯏꯕꯤꯔꯛ ꯎ꯫,ꯃꯁꯤ    ꯊꯨꯅ    ꯐꯕ    ꯑꯣꯏ ꯁ ꯅꯨ ;    ꯑꯩꯈꯣꯏꯅ    ꯃꯐꯝ ꯁꯤ ꯗꯒꯤ    ꯇꯧꯕ    ꯌꯥꯕ    ꯑꯃꯍꯦꯛꯇ    ꯂꯩꯔꯕꯗꯤ    ꯑꯩ ꯉꯣꯟꯗ    ꯁꯣꯏꯗꯅ    ꯍꯥꯏ ꯕꯤ ꯔꯛ    ꯎ꯫ ,67,22
1868,ꯑꯩ ꯅꯉꯣꯟꯗ ꯁꯣꯏꯗꯅ ꯍꯥꯏꯔꯛꯀꯦ꯫,ꯑ ꯩ    ꯅꯉꯣꯟꯗ    ꯁꯣꯏꯗꯅ    ꯍꯥꯏ ꯔꯛ ꯀꯦ ꯫ ,20,8
1869,"ꯉꯥꯏꯕ ꯀꯨꯏꯔꯕ ꯃꯇꯨꯡ, ꯍꯥꯡꯗꯣꯛꯄ ꯑꯁꯤ ꯍꯧꯔꯛꯂꯦ꯫","ꯉꯥꯏ ꯕ    ꯀꯨꯏ ꯔꯕ    ꯃꯇꯨꯡ ,    ꯍꯥꯡ ꯗꯣꯛꯄ    ꯑꯁꯤ    ꯍꯧꯔꯛ ꯂꯦ꯫ ",31,11
1870,ꯑꯆꯧꯕ ꯑꯊꯤꯡꯕꯁꯤꯡ ꯃꯈꯥ ꯇꯥꯗ꯭ꯔꯦ꯫,ꯑꯆꯧꯕ    ꯑ ꯊꯤꯡ ꯕꯁꯤꯡ    ꯃꯈꯥ    ꯇꯥ ꯗ꯭ꯔꯦ꯫ ,22,7
1871,"ꯀꯔꯤꯒꯨꯝꯕ ꯑꯍꯦꯟꯕ ꯆꯌꯣꯜ ꯑꯃ ꯑꯩ ꯌꯨꯝ ꯃꯅꯨꯡꯗ ꯑꯃꯨꯛ ꯂꯩꯔꯝꯂꯕꯗꯤ, ꯑꯩ ꯑꯉꯥꯎꯕ ꯑꯃ ꯑꯣꯜꯂꯝꯂꯒꯅꯤ꯫","ꯀꯔꯤꯒꯨꯝꯕ    ꯑꯍꯦꯟꯕ    ꯆꯌꯣꯜ    ꯑꯃ    ꯑ ꯩ    ꯌꯨꯝ    ꯃꯅꯨꯡꯗ    ꯑꯃꯨꯛ    ꯂꯩꯔꯝ ꯂꯕꯗꯤ,    ꯑ ꯩ    ꯑꯉ ꯥꯎ ꯕ    ꯑꯃ    ꯑꯣ ꯜꯂ ꯝ ꯂ ꯒꯅꯤ꯫ ",60,22
1872,ꯅꯪ ꯉꯥꯎꯗꯦ ꯀꯅꯥꯅ ꯍꯥꯏꯈꯤꯒꯦ,ꯅ ꯪ    ꯉ ꯥꯎ ꯗꯦ    ꯀꯅꯥ ꯅ    ꯍꯥꯏ ꯈꯤ ꯒꯦ ,18,10
1873,"ꯐꯥꯒꯤ ꯊꯝꯈ꯭ꯔꯒ, ꯍꯥꯡꯗꯣꯛꯄ ꯍꯧꯕ ꯑꯁꯤꯅ ꯅꯪꯅ ꯄꯥꯝꯕꯃꯈꯩ ꯇꯧꯕ ꯌꯥꯔꯦ ꯍꯥꯏꯕꯗꯤ ꯅꯠꯇꯦ꯫","ꯐꯥ ꯒꯤ    ꯊꯝ ꯈ꯭ꯔ ꯒ,    ꯍꯥꯡ ꯗꯣꯛꯄ    ꯍꯧꯕ    ꯑꯁꯤꯅ    ꯅꯪ ꯅ    ꯄꯥꯝꯕ ꯃꯈꯩ    ꯇꯧꯕ    ꯌꯥ ꯔꯦ    ꯍꯥꯏꯕꯗꯤ    ꯅꯠꯇꯦ꯫ ",53,18
1874,ꯑꯍꯤꯡꯒꯤ ꯆꯠ-ꯊꯣꯛꯄꯒꯤ ꯑꯊꯤꯡꯕꯁꯤꯡ ꯑꯗꯨꯨꯗꯤ ꯍꯧꯖꯤꯛꯁꯨ ꯃꯈꯥ ꯆꯠꯊꯈꯤꯒꯅꯤ꯫,ꯑ ꯍꯤꯡ ꯒꯤ    ꯆꯠ - ꯊꯣꯛꯄꯒꯤ    ꯑ ꯊꯤꯡ ꯕꯁꯤꯡ    ꯑꯗꯨ ꯨ ꯗꯤ    ꯍꯧꯖꯤꯛꯁꯨ    ꯃꯈꯥ    ꯆꯠꯊ ꯈꯤ ꯒꯅꯤ꯫ ,48,17
1875,ꯃꯥꯁꯛ ꯎꯞꯄꯒꯤ ꯌꯥꯊꯪ ꯑꯃꯁꯨꯡ ꯑꯃꯒ ꯑꯃꯒ ꯂꯥꯞꯅ ꯂꯩꯅꯕꯒꯤ ꯅꯤꯌꯝꯁꯤꯡ ꯑꯁꯤ ꯍꯧꯖꯤꯛꯁꯨ ꯆꯠꯅꯈꯤꯒꯅꯤ꯫,ꯃꯥ ꯁꯛ    ꯎ ꯞ ꯄꯒꯤ    ꯌꯥꯊꯪ    ꯑꯃꯁꯨꯡ    ꯑꯃꯒ    ꯑꯃꯒ    ꯂꯥꯞꯅ    ꯂꯩ ꯅꯕꯒꯤ    ꯅꯤꯌ ꯝꯁꯤꯡ    ꯑꯁꯤ    ꯍꯧꯖꯤꯛꯁꯨ    ꯆꯠꯅ ꯈꯤ ꯒꯅꯤ꯫ ,60,19
1876,"ꯑꯃꯁꯨꯡ ꯈ꯭ꯋꯥꯏꯗꯒꯤ ꯃꯔꯨ ꯑꯣꯏꯅ, ꯇꯤꯀꯥ ꯊꯥꯗꯣꯛꯄ ꯑꯁꯤꯅ ꯑꯩꯈꯣꯏꯒꯤ ꯈꯨꯗꯛꯀꯤ ꯑꯣꯏꯕ ꯏꯊꯧ ꯑꯣꯏꯒꯗꯕꯅꯤ꯫","ꯑꯃꯁꯨꯡ    ꯈ꯭ꯋꯥꯏꯗꯒꯤ    ꯃꯔꯨ    ꯑꯣꯏꯅ,    ꯇꯤ ꯀꯥ    ꯊꯥꯗꯣꯛꯄ    ꯑꯁꯤꯅ    ꯑꯩꯈ ꯣꯏꯒꯤ    ꯈꯨꯗ ꯛꯀꯤ    ꯑꯣꯏꯕ    ꯏ ꯊꯧ    ꯑꯣꯏ ꯒꯗꯕꯅꯤ꯫ ",64,17
1877,"ꯑꯣ, ꯇꯤꯀꯥ ꯊꯥꯗꯣꯛꯄ ꯑꯁꯤ ꯇꯧꯗꯕ ꯌꯥꯗꯕ ꯑꯣꯏꯕ꯭ꯔꯣ","ꯑꯣ ,    ꯇꯤ ꯀꯥ    ꯊꯥꯗꯣꯛꯄ    ꯑꯁꯤ    ꯇꯧ ꯗꯕ    ꯌꯥꯗꯕ    ꯑꯣꯏ ꯕ꯭ꯔꯣ",31,11
1878,ꯀꯅꯥꯒꯨꯝꯕ ꯅꯠꯇ꯭ꯔꯒ ꯀꯅꯥꯒꯨꯝꯕꯤ ꯑꯃ ꯃꯃꯥꯡꯗ ꯑꯃꯨꯛꯇꯪ ꯀꯣꯕꯤꯗꯅ ꯅꯥꯈ꯭ꯔꯕꯗꯤ ꯃꯤꯁꯛ ꯑꯗꯨ ꯂꯥꯏꯅꯥ ꯆꯪꯕ ꯉꯝꯗꯕ ꯑꯣꯏꯔꯣꯏꯗ꯭ꯔ,ꯀꯅꯥꯒꯨꯝꯕ    ꯅꯠꯇ꯭ꯔꯒ    ꯀꯅꯥ ꯒꯨꯝ ꯕꯤ    ꯑꯃ    ꯃꯃꯥꯡꯗ    ꯑꯃꯨ ꯛꯇ ꯪ    ꯀꯣ ꯕꯤ ꯗꯅ    ꯅꯥ ꯈ꯭ꯔ ꯕꯗꯤ    ꯃꯤꯁꯛ    ꯑꯗꯨ    ꯂꯥꯏꯅꯥ    ꯆꯪꯕ    ꯉꯝꯗꯕ    ꯑꯣꯏ ꯔꯣꯏ ꯗ꯭ꯔ ,76,24
1879,ꯍꯦ ꯏꯁꯣꯔ,ꯍꯦ    ꯏ ꯁꯣꯔ ,6,3
1880,ꯃꯁꯤꯒꯤ ꯑꯔꯥꯟꯕ ꯋꯥꯈꯜꯂꯣꯟ ꯄꯨꯝꯅꯃꯛ ꯑꯁꯤ ꯅꯪꯅ ꯀꯗꯥꯏꯗꯒꯤ ꯐꯪꯂꯤꯕꯅꯣ,ꯃꯁꯤꯒꯤ    ꯑꯔꯥꯟꯕ    ꯋꯥꯈꯜꯂꯣꯟ    ꯄꯨꯝꯅꯃꯛ    ꯑꯁꯤ    ꯅꯪ ꯅ    ꯀꯗ ꯥꯏꯗꯒꯤ    ꯐꯪ ꯂꯤꯕ ꯅꯣ ,43,12
1881,"ꯅꯠꯇꯦ, ꯍꯧꯈꯤꯕ ꯃꯇꯝꯗ ꯃꯈꯣꯏꯅ ꯑꯃꯨꯛꯇꯪ ꯅꯥꯈꯤꯕ ꯑꯗꯨꯅ ꯀꯅꯥꯒꯨꯝꯕ ꯑꯃꯕꯨ ꯀꯣꯕꯤꯗ ꯆꯪꯕ ꯉꯝꯗꯕ ꯑꯣꯏꯍꯟꯗꯦ꯫","ꯅꯠꯇꯦ ,    ꯍꯧꯈꯤꯕ    ꯃꯇꯝꯗ    ꯃꯈꯣꯏꯅ    ꯑꯃꯨ ꯛꯇ ꯪ    ꯅꯥ ꯈꯤꯕ    ꯑꯗꯨꯅ    ꯀꯅꯥꯒꯨꯝꯕ    ꯑꯃꯕꯨ    ꯀꯣ ꯕꯤꯗ    ꯆꯪꯕ    ꯉꯝꯗꯕ    ꯑꯣꯏ ꯍꯟ ꯗꯦ꯫ ",65,20
1882,ꯑꯁꯦꯡꯕꯗꯤ ꯑꯅꯤꯁꯤꯒꯤ ꯃꯔꯛꯇ ꯃꯔꯤ ꯑꯃꯠꯇ ꯂꯩꯇꯦ꯫,ꯑ ꯁꯦꯡ ꯕꯗꯤ    ꯑꯅꯤ ꯁꯤꯒꯤ    ꯃꯔꯛꯇ    ꯃꯔꯤ    ꯑꯃꯠꯇ    ꯂꯩꯇꯦ꯫ ,30,9
1883,"ꯑꯃꯁꯨꯡ ꯈ꯭ꯋꯥꯏꯗꯒꯤ ꯃꯔꯨ ꯑꯣꯏꯅ, ꯇꯤꯀꯥ ꯊꯥꯗꯣꯛꯄ ꯑꯁꯤ ꯆꯞ-ꯆꯥꯅ ꯇꯧꯗꯕ ꯌꯥꯗ꯭ꯔꯕ ꯑꯣꯏ꯫","ꯑꯃꯁꯨꯡ    ꯈ꯭ꯋꯥꯏꯗꯒꯤ    ꯃꯔꯨ    ꯑꯣꯏꯅ,    ꯇꯤ ꯀꯥ    ꯊꯥꯗꯣꯛꯄ    ꯑꯁꯤ    ꯆ ꯞ- ꯆꯥꯅ    ꯇꯧ ꯗꯕ    ꯌꯥ ꯗ꯭ꯔꯕ    ꯑꯣꯏ꯫ ",54,16
1884,ꯃꯤꯑꯣꯏ ꯄꯨꯝꯅꯃꯛꯅ ꯑꯆꯨꯝꯕꯅꯤ ꯍꯥꯏꯅ ꯇꯥꯛꯂꯕ ꯇꯤꯀꯥ ꯑꯅꯤ ꯃꯃꯤꯡ ꯑꯣꯏꯅ ꯀꯣꯕꯤꯁꯤꯜ ꯑꯃꯁꯨꯡ ꯀꯣꯕꯦꯛꯁꯤꯟ ꯑꯅꯤꯁꯤꯒꯤ ꯃꯔꯛꯇ ꯑꯃ ꯀꯥꯞꯀꯗꯕꯅꯤ꯫,ꯃꯤꯑꯣꯏ    ꯄꯨꯝꯅꯃꯛꯅ    ꯑꯆ ꯨꯝ ꯕꯅꯤ    ꯍꯥꯏꯅ    ꯇꯥꯛ ꯂꯕ    ꯇꯤ ꯀꯥ    ꯑꯅꯤ    ꯃꯃꯤꯡ    ꯑꯣꯏꯅ    ꯀꯣ ꯕꯤ ꯁꯤꯜ    ꯑꯃꯁꯨꯡ    ꯀꯣ ꯕꯦꯛ ꯁꯤꯟ    ꯑꯅꯤ ꯁꯤꯒꯤ    ꯃꯔꯛꯇ    ꯑꯃ    ꯀꯥꯞ ꯀ ꯗꯕꯅꯤ꯫ ,85,27
1885,ꯑꯗꯨ ꯑꯣꯏꯔꯕꯗꯤ ꯅꯪꯅ ꯍꯥꯏꯅꯤꯡꯂꯤꯕꯁꯤ ꯑꯩꯅ ꯑꯍꯥꯟꯕꯗ ꯆꯠꯂꯒ ꯇꯤꯀꯥ ꯊꯥꯗꯣꯛꯄ ꯑꯃꯁꯨꯡ ꯃꯇꯨꯡꯗ ꯍꯥꯡꯗꯣꯛꯂꯛꯄ ꯑꯗꯨꯒꯤ ꯃꯅꯨꯡꯗ ꯑꯩꯅ ꯇꯧꯕ ꯄꯥꯝꯕ ꯄꯣꯠꯂꯝꯁꯤꯡ ꯑꯗꯨ ꯈꯜꯂꯨ ꯍꯥꯏꯕꯅꯤꯅꯦ꯫,ꯑꯗꯨ    ꯑꯣꯏꯔꯕꯗꯤ    ꯅꯪ ꯅ    ꯍꯥꯏ ꯅꯤꯡ ꯂꯤꯕ ꯁꯤ    ꯑꯩ ꯅ    ꯑꯍꯥꯟꯕꯗ    ꯆꯠ ꯂꯒ    ꯇꯤ ꯀꯥ    ꯊꯥꯗꯣꯛꯄ    ꯑꯃꯁꯨꯡ    ꯃꯇꯨꯡꯗ    ꯍꯥꯡꯗꯣꯛ ꯂꯛꯄ    ꯑꯗꯨꯒꯤ    ꯃꯅꯨꯡꯗ    ꯑꯩ ꯅ    ꯇꯧꯕ    ꯄꯥꯝꯕ    ꯄꯣꯠꯂꯝꯁꯤꯡ    ꯑꯗꯨ    ꯈꯜꯂ ꯨ    ꯍꯥꯏꯕ ꯅꯤ ꯅꯦ ꯫ ,110,34
1886,"ꯑꯃ ꯅꯠꯇꯦ, ꯆꯞ ꯃꯥꯟꯅꯕ ꯇꯤꯀꯥꯒꯤ ꯗꯣꯖ ꯑꯅꯤ꯫","ꯑꯃ    ꯅꯠꯇꯦ ,    ꯆꯞ    ꯃꯥꯟꯅꯕ    ꯇꯤ ꯀꯥꯒꯤ    ꯗꯣ ꯖ    ꯑ ꯅꯤ꯫ ",27,11
1887,ꯃꯣꯜꯗ ꯆꯪꯕ ꯅꯠꯇ꯭ꯔꯒ ꯇ꯭ꯔꯦꯟꯁꯤꯡ ꯅꯠꯇ꯭ꯔꯒ ꯐ꯭ꯂꯥꯏꯠꯁꯤꯡꯗ ꯆꯠꯄꯒꯤ ꯃꯃꯥꯡꯗ ꯅꯪꯉꯣꯟꯗ ꯅꯪꯒꯤ ꯇꯤꯀꯥꯒꯤ ꯁꯛꯈꯪꯆꯦ ꯎꯠꯂꯨ ꯍꯥꯏꯔꯛꯀꯅꯤ꯫,ꯃꯣ ꯜꯗ    ꯆꯪꯕ    ꯅꯠꯇ꯭ꯔꯒ    ꯇ꯭ꯔ ꯦꯟ ꯁꯤꯡ    ꯅꯠꯇ꯭ꯔꯒ    ꯐ꯭ ꯂꯥꯏ ꯠꯁꯤꯡꯗ    ꯆꯠꯄꯒꯤ    ꯃꯃꯥꯡꯗ    ꯅꯪ ꯉꯣꯟꯗ    ꯅꯪ ꯒꯤ    ꯇꯤ ꯀꯥꯒꯤ    ꯁꯛꯈꯪ ꯆꯦ    ꯎꯠ ꯂꯨ    ꯍꯥꯏ ꯔꯛ ꯀꯅꯤ꯫ ,82,26
1888,ꯑꯁꯦꯡꯕꯒꯤꯔꯣ,ꯑ ꯁꯦꯡ ꯕ ꯒꯤ ꯔꯣ ,9,5
1889,ꯃꯈꯣꯏ ꯇꯧꯕ꯭ꯔꯣ,ꯃꯈꯣꯏ    ꯇꯧ ꯕ꯭ꯔꯣ,10,3
1890,ꯑꯩꯅ ꯃꯁꯤ ꯑꯁꯨꯛ ꯌꯥꯝꯅ ꯈꯪꯗ꯭ꯔꯤꯁꯤꯅ ꯀꯃꯥꯏ ꯇꯧꯔꯤꯅꯣ꯫,ꯑꯩ ꯅ    ꯃꯁꯤ    ꯑꯁꯨ ꯛ    ꯌꯥꯝꯅ    ꯈꯪ ꯗ꯭ꯔꯤ ꯁꯤꯅ    ꯀ ꯃꯥꯏ    ꯇꯧ ꯔꯤ ꯅꯣ ꯫ ,34,15
1891,ꯇꯁꯦꯡꯅ ꯑꯩ ꯍꯟꯗꯛꯀꯤ ꯀꯥꯂꯦꯟ ꯊꯥ ꯑꯁꯤꯗ ꯑꯩꯒꯤ ꯏꯃꯨꯡꯃꯅꯨꯡꯒ ꯂꯣꯏꯅꯅ ꯑꯁꯥꯡꯕ ꯁꯨꯇꯤ ꯑꯃ ꯆꯠꯀꯦ ꯈꯜꯂꯝꯕꯅꯤ꯫,ꯇꯁꯦꯡꯅ    ꯑ ꯩ    ꯍꯟꯗ ꯛꯀꯤ    ꯀꯥ ꯂꯦꯟ    ꯊꯥ    ꯑꯁꯤꯗ    ꯑ ꯩꯒꯤ    ꯏꯃꯨꯡ ꯃꯅꯨꯡ ꯒ    ꯂꯣꯏꯅꯅ    ꯑꯁꯥꯡꯕ    ꯁꯨꯇꯤ    ꯑꯃ    ꯆꯠ ꯀꯦ    ꯈꯜꯂ ꯝꯕ ꯅꯤ꯫ ,65,23
1892,"ꯃꯗꯨꯒꯤꯗꯃꯛꯇ, ꯅꯈꯣꯏ ꯂꯣꯏꯅꯃꯛ ꯌꯥꯝꯗ꯭ꯔꯕꯗ ꯀꯣꯕꯤꯗ-꯱꯹ ꯇꯤꯀꯥꯒꯤ ꯑꯍꯥꯟꯕ ꯗꯣꯖ ꯇꯤꯀꯥ ꯊꯥꯗꯣꯛꯀꯗꯕꯅꯤ꯫","ꯃꯗꯨ ꯒꯤꯗꯃꯛꯇ ,    ꯅꯈ ꯣꯏ    ꯂꯣꯏꯅ ꯃꯛ    ꯌꯥꯝꯗ꯭ꯔꯕꯗ    ꯀꯣ ꯕꯤ ꯗ- ꯱꯹    ꯇꯤ ꯀꯥꯒꯤ    ꯑꯍꯥꯟꯕ    ꯗꯣ ꯖ    ꯇꯤ ꯀꯥ    ꯊꯥꯗꯣꯛ ꯀ ꯗꯕꯅꯤ꯫ ",65,22
1893,"ꯆꯪꯐꯝꯁꯤꯡꯗ, ꯃꯈꯣꯏꯅ ꯅꯪꯒꯤ ꯇꯤꯀꯥꯒꯤ ꯁꯛꯈꯪꯆꯦꯁꯤꯡꯒꯤꯗꯃꯛ ꯅꯪꯉꯣꯟꯗ ꯍꯪꯂꯛꯀꯅꯤ꯫","ꯆꯪ ꯐꯝ ꯁꯤꯡꯗ,    ꯃꯈꯣꯏꯅ    ꯅꯪ ꯒꯤ    ꯇꯤ ꯀꯥꯒꯤ    ꯁꯛꯈꯪ ꯆꯦ ꯁꯤꯡꯒꯤꯗꯃꯛ    ꯅꯪ ꯉꯣꯟꯗ    ꯍꯪ ꯂꯛ ꯀꯅꯤ꯫ ",52,16
1894,ꯑꯅꯧꯕ ꯏ-ꯄꯥꯎꯁꯤꯡꯒꯤ ꯃꯇꯥꯡꯗ ꯆꯦꯛꯁꯤꯟꯕꯤꯌꯨ꯫,ꯑꯅꯧꯕ    ꯏ- ꯄꯥꯎ ꯁꯤꯡꯒꯤ    ꯃꯇꯥꯡꯗ    ꯆꯦꯛꯁꯤꯟ ꯕꯤꯌꯨ꯫ ,30,7
1895,"ꯍꯣꯏ ꯊꯥꯒꯠꯆꯔꯤ, ꯃꯇꯝ ꯑꯁꯨꯛ ꯀꯨꯏꯕꯁꯤ ꯑꯩꯗꯤ ꯅꯥꯀꯜ ꯑꯃꯔꯣꯝꯗ ꯈꯜꯂꯨꯔꯦ꯫","ꯍ ꯣꯏ    ꯊꯥꯒꯠ ꯆ ꯔꯤ,    ꯃꯇꯝ    ꯑꯁꯨ ꯛ    ꯀꯨꯏ ꯕ ꯁꯤ    ꯑꯩ ꯗꯤ    ꯅꯥ ꯀꯜ    ꯑꯃ ꯔꯣꯝꯗ    ꯈ ꯜꯂꯨ ꯔꯦ꯫ ",45,20
1896,ꯑꯩꯒꯤ ꯇꯤꯀꯥ ꯑꯗꯨ ꯑꯩ ꯌꯥꯝ ꯊꯨꯅ ꯊꯥꯍꯜꯂꯒꯅꯤ꯫,ꯑ ꯩꯒꯤ    ꯇꯤ ꯀꯥ    ꯑꯗꯨ    ꯑ ꯩ    ꯌꯥꯝ    ꯊꯨꯅ    ꯊꯥ ꯍꯜꯂ ꯒꯅꯤ꯫ ,28,12
1897,"ꯍꯣꯏ ꯇꯧꯕꯤꯌꯨ, ꯂꯥꯏꯆꯠ ꯑꯁꯤ ꯍꯧꯖꯤꯛꯐꯥꯎꯕꯗꯤ ꯂꯣꯏꯗ꯭ꯔꯤ ꯍꯥꯏꯕꯁꯤ ꯑꯩꯈꯣꯏꯅ ꯀꯥꯎꯔꯣꯏꯗꯕꯅꯤ꯫","ꯍ ꯣꯏ    ꯇꯧ ꯕꯤꯌꯨ,    ꯂꯥꯏ ꯆꯠ    ꯑꯁꯤ    ꯍꯧꯖꯤꯛ ꯐꯥꯎ ꯕꯗꯤ    ꯂꯣꯏ ꯗ꯭ꯔꯤ    ꯍꯥꯏꯕꯁꯤ    ꯑꯩꯈꯣꯏꯅ    ꯀꯥꯎ ꯔꯣꯏ ꯗꯕꯅꯤ꯫ ",59,17
1898,ꯅꯪꯅ ꯀꯣꯋꯤꯟ ꯋꯦꯕꯁꯥꯏꯠꯇ ꯅꯁꯥꯕꯨ ꯃꯤꯡ ꯆꯟꯁꯤꯜꯂꯝꯂꯅꯤ ꯍꯥꯏꯅ ꯑꯩꯅ ꯈꯜꯂꯤ꯫,ꯅꯪ ꯅ    ꯀꯣ ꯋꯤ ꯟ    ꯋꯦꯕꯁꯥꯏ ꯠꯇ    ꯅꯁꯥ ꯕꯨ    ꯃꯤꯡ    ꯆ ꯟꯁꯤ ꯜꯂ ꯝ ꯂ ꯅꯤ    ꯍꯥꯏꯅ    ꯑꯩ ꯅ    ꯈ ꯜꯂꯤ꯫ ,46,21
1899,ꯍꯣꯏ ꯑꯩ ꯃꯤꯡ ꯆꯟꯁꯤꯜꯂꯦ꯫,ꯍ ꯣꯏ    ꯑ ꯩ    ꯃꯤꯡ    ꯆ ꯟꯁꯤ ꯜ ꯂꯦ꯫ ,16,9
1900,"ꯑꯗꯨ ꯑꯣꯏꯔꯕꯗꯤ, ꯇꯤꯀꯥꯒꯤꯗꯃꯛ ꯆꯥꯅꯕ ꯇꯥꯡ ꯑꯃ ꯌꯦꯡꯉꯣ ꯑꯃꯁꯨꯡ ꯃꯇꯝ ꯂꯦꯞꯊꯣꯛꯑꯣ꯫","ꯑꯗꯨ    ꯑꯣꯏꯔꯕꯗꯤ,    ꯇꯤ ꯀꯥ ꯒꯤꯗꯃꯛ    ꯆꯥꯅꯕ    ꯇꯥꯡ    ꯑꯃ    ꯌꯦꯡ ꯉ ꯣ   ꯑꯃꯁꯨꯡ    ꯃꯇꯝ    ꯂꯦꯞ ꯊꯣꯛ ꯑꯣ ꯫ ",51,17
1901,ꯃꯁꯤ ꯅꯪꯅ ꯅꯪꯒꯤ ꯇꯤꯀꯥ ꯊꯥꯍꯧꯅꯕ ꯆꯞꯆꯥꯕ ꯃꯇꯝꯅꯤ꯫,ꯃꯁꯤ    ꯅꯪ ꯅ    ꯅꯪ ꯒꯤ    ꯇꯤ ꯀꯥ    ꯊꯥ ꯍꯧ ꯅꯕ    ꯆ ꯞ ꯆꯥꯕ    ꯃꯇꯝ ꯅꯤ꯫ ,31,15
1902,ꯑꯩ ꯃꯁꯤ ꯉꯁꯤꯃꯛ ꯇꯧꯔꯅꯤ꯫,ꯑ ꯩ    ꯃꯁꯤ    ꯉꯁꯤ ꯃꯛ    ꯇꯧ ꯔ ꯅꯤ꯫ ,16,8
1903,ꯑꯩꯒꯤ ꯑꯔꯥꯟꯕ ꯋꯥꯈꯜꯂꯣꯟꯁꯤꯡ ꯆꯨꯝꯊꯣꯛꯄꯤꯕꯒꯤꯗꯃꯛ ꯊꯥꯒꯠꯆꯔꯤ꯫,ꯑ ꯩꯒꯤ    ꯑꯔꯥꯟꯕ    ꯋꯥꯈꯜ ꯂꯣꯟꯁꯤꯡ    ꯆꯨꯝ ꯊꯣꯛ ꯄꯤ ꯕꯒꯤꯗꯃꯛ    ꯊꯥꯒꯠ ꯆ ꯔꯤ꯫ ,41,12
1904,"ꯍꯦꯜꯂꯣ, ꯁꯔ, ꯑꯩꯍꯥꯛꯅ ꯋꯥꯀꯠ ꯑꯃ ꯀꯔꯥꯏꯗ ꯔꯦꯖꯤꯁꯇꯔ ꯇꯧꯕ ꯌꯥꯒꯅꯤ","ꯍꯦꯜ ꯂꯣ ,    ꯁꯔ ,    ꯑꯩꯍꯥꯛ ꯅ    ꯋꯥꯀꯠ    ꯑꯃ    ꯀꯔ ꯥꯏ ꯗ    ꯔꯦꯖꯤ ꯁꯇꯔ    ꯇꯧꯕ    ꯌꯥ ꯒꯅꯤ ",41,17
1905,ꯑꯗꯣꯝꯒꯤ ꯀꯔꯝꯕ ꯃꯈꯜꯒꯤ ꯋꯥꯀꯠ ꯂꯩꯕꯤꯕꯒꯦ,ꯑꯗꯣꯝꯒꯤ    ꯀꯔꯝꯕ    ꯃꯈꯜꯒꯤ    ꯋꯥꯀꯠ    ꯂꯩ ꯕꯤ ꯕꯒꯦ ,26,7
1906,"ꯁꯔ, ꯑꯩꯈꯣꯏꯒꯤ ꯈꯨꯡꯒꯪꯁꯦ ꯑꯐꯕ ꯊꯛꯅꯕ ꯏꯁꯤꯡ ꯐꯪꯗꯦ꯫","ꯁꯔ ,    ꯑꯩꯈ ꯣꯏꯒꯤ    ꯈꯨꯡꯒꯪ ꯁꯦ    ꯑꯐꯕ    ꯊꯛꯅꯕ    ꯏꯁꯤꯡ    ꯐꯪ ꯗꯦ꯫ ",33,11
1907,ꯁꯔꯀꯥꯔ ꯑꯁꯤꯅ ꯑꯐꯕ ꯊꯛꯅꯕ ꯏꯁꯤꯡ ꯄꯤꯒꯅꯤ ꯋꯥꯁꯛꯈꯤ ꯑꯗꯨꯕꯨ ꯃꯁꯤ ꯑꯩꯈꯣꯏꯒꯤ ꯈꯨꯡꯒꯪꯗ ꯐꯪꯗꯦ꯫,ꯁꯔꯀꯥꯔ   ꯑꯁꯤꯅ    ꯑꯐꯕ    ꯊꯛꯅꯕ    ꯏꯁꯤꯡ    ꯄꯤ ꯒꯅꯤ    ꯋꯥꯁꯛ ꯈꯤ    ꯑꯗꯨꯕꯨ    ꯃꯁꯤ    ꯑꯩꯈ ꯣꯏꯒꯤ    ꯈꯨꯡꯒꯪꯗ    ꯐꯪ ꯗꯦ꯫ ,57,16
1908,ꯑꯗꯣꯝꯒꯤ ꯈꯨꯡꯒꯪꯗ ꯍꯧꯖꯤꯛ ꯐꯥꯎꯕ ꯏꯟꯁꯄꯦꯛꯁꯟ ꯑꯃꯠꯇ ꯇꯧꯗ꯭ꯔꯤꯕꯣ,ꯑꯗꯣꯝꯒꯤ    ꯈꯨꯡꯒꯪꯗ    ꯍꯧꯖꯤꯛ    ꯐꯥꯎꯕ    ꯏꯟ ꯁ ꯄꯦ ꯛꯁꯟ    ꯑꯃꯠꯇ    ꯇꯧ ꯗ꯭ꯔꯤ ꯕꯣ,41,12
1909,"ꯇꯧꯕꯤꯗ꯭ꯔꯤ ꯁꯔ, ꯃꯍꯥꯛ ꯊꯥ ꯀꯌꯥ ꯑꯃ ꯑꯩꯈꯣꯏꯒꯤ ꯈꯨꯡꯒꯪꯗ ꯂꯥꯈꯈꯤꯗ꯭ꯔꯦ꯫","ꯇꯧ ꯕꯤ ꯗ꯭ꯔꯤ    ꯁꯔ ,    ꯃꯍꯥꯛ    ꯊꯥ    ꯀꯌꯥ    ꯑꯃ    ꯑꯩꯈ ꯣꯏꯒꯤ    ꯈꯨꯡꯒꯪꯗ    ꯂꯥ ꯈ ꯈꯤ ꯗ꯭ꯔꯦ꯫ ",45,16
1910,ꯑꯗꯣꯝ ꯀꯩ ꯈꯨꯡꯒꯪꯗꯩ ꯑꯣꯏꯕꯤꯔꯕꯅꯣ,ꯑꯗꯣ ꯝ    ꯀꯩ    ꯈꯨꯡꯒꯪ ꯗ ꯩ    ꯑꯣꯏ ꯕꯤ ꯔꯕ ꯅꯣ ,22,10
1911,"ꯁꯔ, ꯑꯩꯍꯥꯛ ꯃꯥꯍꯨꯚꯥꯔꯤꯌꯥ ꯈꯨꯡꯒꯪꯗꯒꯤꯅꯤ꯫","ꯁꯔ ,    ꯑꯩꯍꯥꯛ   ꯃꯥ ꯍꯨ ꯚꯥꯔ ꯤ ꯌꯥ    ꯈꯨꯡꯒꯪ ꯗꯒꯤ ꯅꯤ꯫ ",29,11
1912,ꯑꯗꯨꯒ ꯑꯗꯨꯗ ꯑꯗꯣꯝꯒꯤ ꯈꯨꯜꯂꯥꯛꯄꯅ ꯀꯅꯥ ꯑꯣꯏꯕꯤꯔꯕꯅꯣ,ꯑꯗꯨꯒ    ꯑꯗꯨꯗ    ꯑꯗꯣꯝꯒꯤ    ꯈꯨ ꯜꯂ ꯥꯛ ꯄꯅ    ꯀ ꯅꯥ    ꯑꯣꯏ ꯕꯤ ꯔꯕ ꯅꯣ ,34,13
1913,"ꯁꯔ, ꯃꯗꯨꯗ ꯑꯩꯍꯥꯛ ꯈꯨꯜꯂꯥꯛꯄꯅꯤ꯫","ꯁꯔ ,    ꯃꯗꯨꯗ    ꯑꯩꯍꯥꯛ   ꯈꯨ ꯜꯂ ꯥꯛ ꯄꯅꯤ꯫ ",22,8
1914,"ꯐꯔꯦ, ꯁꯔ, ꯑꯗꯣꯝꯒꯤ ꯋꯥꯀꯠꯀꯤ ꯃꯇꯥꯡꯗ ꯀꯨꯞꯅ ꯍꯥꯏꯕꯤꯔꯛꯑꯣ꯫","ꯐ ꯔꯦ ,    ꯁꯔ ,    ꯑꯗꯣꯝꯒꯤ    ꯋꯥ ꯀ ꯠꯀꯤ    ꯃꯇꯥꯡꯗ    ꯀꯨꯞꯅ    ꯍꯥꯏ ꯕꯤ ꯔꯛ ꯑꯣ ꯫ ",38,16
1915,ꯑꯩꯍꯥꯛꯅ ꯋꯥꯇꯔ ꯁꯄ꯭ꯂꯥꯏ ꯗꯤꯄꯥꯔꯠꯃꯦꯟꯇꯀꯤ ꯁꯨꯄꯔꯕꯥꯏꯖꯔꯗ ꯐꯣꯔꯋꯥꯔꯗ ꯇꯧꯈꯤꯒꯦ꯫,ꯑꯩꯍꯥꯛ ꯅ    ꯋꯥ ꯇꯔ    ꯁ ꯄ꯭ ꯂꯥꯏ    ꯗꯤꯄꯥꯔꯠ ꯃꯦꯟ ꯇ ꯀꯤ    ꯁꯨ ꯄ ꯔꯕ ꯥꯏ ꯖ ꯔꯗ    ꯐꯣꯔ ꯋꯥꯔꯗ    ꯇꯧ ꯈꯤ ꯒꯦ ꯫ ,52,23
1916,"ꯁꯔ, ꯏꯍꯥꯟ-ꯍꯥꯟꯕꯗ, ꯆꯌꯦꯠꯅꯕ ꯃꯌꯥꯝꯒꯤ ꯃꯇꯨꯡꯗ ꯑꯩꯈꯣꯏ ꯏꯁꯤꯡꯒꯤ ꯁꯄ꯭ꯂꯥꯏ ꯐꯪꯉꯦ꯫","ꯁꯔ ,    ꯏ ꯍꯥꯟ - ꯍꯥꯟ ꯕꯗ,    ꯆ ꯌꯦꯠꯅꯕ    ꯃꯌꯥꯝ ꯒꯤ    ꯃꯇꯨꯡꯗ    ꯑꯩꯈ ꯣꯏ    ꯏꯁꯤꯡꯒꯤ    ꯁ ꯄ꯭ ꯂꯥꯏ    ꯐꯪ ꯉ ꯦ ꯫ ",53,22
1917,ꯃꯗꯨꯒꯤꯗꯃꯛ ꯑꯣꯐꯤꯁ ꯑꯁꯤꯗ ꯑꯩꯈꯣꯏ ꯇꯣꯏꯅ ꯂꯥꯛꯈꯤ꯫,ꯃꯗꯨ ꯒꯤꯗꯃꯛ    ꯑꯣꯐꯤ ꯁ    ꯑꯁꯤꯗ    ꯑꯩꯈ ꯣꯏ    ꯇꯣꯏꯅ    ꯂꯥꯛꯈꯤ꯫ ,32,9
1918,ꯑꯩꯈꯣꯏꯒꯤ ꯅꯦꯠꯋꯔꯛꯇ ꯃꯄꯨꯡꯐꯥꯕ ꯏꯁꯤꯡꯒꯤ ꯁꯄ꯭ꯂꯥꯏ ꯑꯃ ꯗꯥꯕꯤ ꯇꯧꯗꯨꯅ ꯃꯁꯤꯒꯤ ꯑꯣꯐꯤꯁ ꯑꯁꯤꯒꯤ ꯃꯃꯥꯡꯗ ꯙꯔꯅꯥ ꯑꯃꯁꯨ ꯇꯧꯕ ꯇꯥꯈꯤ꯫,ꯑꯩꯈ ꯣꯏꯒꯤ    ꯅꯦꯠ ꯋ ꯔꯛ ꯇ    ꯃꯄꯨꯡ ꯐꯥꯕ    ꯏꯁꯤꯡꯒꯤ    ꯁ ꯄ꯭ ꯂꯥꯏ    ꯑꯃ    ꯗꯥ ꯕꯤ    ꯇꯧꯗꯨꯅ    ꯃꯁꯤꯒꯤ    ꯑꯣꯐꯤ ꯁ    ꯑꯁꯤꯒꯤ    ꯃꯃꯥꯡꯗ    ꯙꯔ ꯅꯥ    ꯑꯃꯁꯨ    ꯇꯧꯕ    ꯇꯥꯈꯤ꯫ ,80,26
1919,ꯑꯋꯥꯕ ꯀꯌꯥꯒꯤ ꯃꯇꯨꯡꯗ ꯑꯩꯈꯣꯏꯅ ꯃꯗꯨ ꯐꯪꯂꯦ ꯑꯗꯨꯕꯨ ꯍꯧꯖꯤꯛꯅ ꯄꯥꯏꯞꯁꯤꯡꯗꯒꯤ ꯂꯥꯛꯂꯤꯕ ꯏꯁꯤꯡ ꯑꯁꯤ ꯌꯥꯝꯅ ꯃꯣꯠꯂꯤ꯫,ꯑꯋꯥꯕ    ꯀꯌꯥꯒꯤ    ꯃꯇꯨꯡꯗ    ꯑꯩꯈꯣꯏꯅ    ꯃꯗꯨ    ꯐꯪ ꯂꯦ    ꯑꯗꯨꯕꯨ    ꯍꯧꯖꯤ ꯛꯅ    ꯄꯥꯏ ꯞ ꯁꯤꯡꯗꯒꯤ    ꯂꯥꯛ ꯂꯤꯕ    ꯏꯁꯤꯡ    ꯑꯁꯤ    ꯌꯥꯝꯅ    ꯃꯣ ꯠ ꯂꯤ꯫ ,71,21
1920,"ꯀꯌꯥꯝ ꯃꯣꯠꯄꯒꯦ, ꯑꯗꯣꯝꯅ ꯀꯨꯞꯅ ꯇꯥꯛꯄꯤꯒꯦꯔꯥ","ꯀꯌꯥꯝ    ꯃꯣ ꯠ ꯄ ꯒꯦ ,    ꯑꯗꯣꯝꯅ    ꯀꯨꯞꯅ    ꯇꯥꯛ ꯄꯤ ꯒꯦ ꯔꯥ ",29,12
1921,ꯃꯗꯨ ꯅꯩꯕ꯭ꯔ ꯅꯠꯇ꯭ꯔꯒ ꯃꯍꯤꯛ-ꯃꯅꯥꯏꯒꯤ ꯃꯈꯜ ꯈꯔ ꯌꯥꯎꯕ꯭ꯔ,ꯃꯗꯨ    ꯅꯩ ꯕ꯭ꯔ   ꯅꯠꯇ꯭ꯔꯒ    ꯃꯍꯤ ꯛ- ꯃꯅ ꯥꯏ ꯒꯤ    ꯃꯈꯜ    ꯈꯔ    ꯌꯥꯎ ꯕ꯭ꯔ,36,13
1922,"ꯃꯁꯤ ꯑꯅꯩꯕ ꯏꯁꯤꯡꯅꯤ, ꯁꯔ꯫","ꯃꯁꯤ    ꯑ ꯅꯩ ꯕ    ꯏꯁꯤꯡ ꯅꯤ,    ꯁꯔ ꯫ ",17,8
1923,ꯃꯁꯤꯗ ꯃꯍꯤꯛ-ꯃꯅꯥꯏꯁꯤꯡꯁꯨ ꯌꯥꯎꯋꯤ꯫,ꯃꯁꯤꯗ    ꯃꯍꯤ ꯛ- ꯃꯅ ꯥꯏ ꯁꯤꯡꯁꯨ    ꯌꯥꯎꯋꯤ꯫ ,24,7
1924,ꯈꯨꯡꯒꯪꯒꯤ ꯃꯤꯑꯣꯏ ꯀꯌꯥ ꯑꯃꯁꯨ ꯃꯁꯤ ꯁꯤꯖꯤꯟꯅꯔꯕ ꯃꯇꯨꯡꯗ ꯎꯟꯁꯥꯒꯤ ꯑꯦꯂꯔꯖꯤꯁꯤꯡꯗꯒꯤ ꯈꯨꯗꯣꯡꯊꯤꯕ ꯅꯪꯈꯤ꯫,ꯈꯨꯡꯒꯪꯒꯤ    ꯃꯤꯑꯣꯏ    ꯀꯌꯥ    ꯑꯃꯁꯨ    ꯃꯁꯤ    ꯁꯤꯖꯤꯟꯅ ꯔꯕ    ꯃꯇꯨꯡꯗ    ꯎꯟ ꯁꯥꯒꯤ    ꯑꯦ ꯂꯔ ꯖꯤ ꯁꯤꯡꯗꯒꯤ    ꯈꯨꯗꯣꯡꯊꯤꯕ    ꯅꯪ ꯈꯤ꯫ ,66,17
1925,"ꯑꯣ, ꯃꯗꯨꯗꯤ ꯌꯥꯝꯅ ꯁꯥꯊꯤꯔꯦ꯫","ꯑꯣ ,    ꯃꯗꯨꯗꯤ    ꯌꯥꯝꯅ    ꯁꯥ ꯊꯤ ꯔꯦ꯫ ",19,7
1926,"ꯍꯣꯏ ꯁꯔ, ꯃꯁꯤ ꯌꯥꯝꯅ ꯁꯥꯊꯤꯔꯦ꯫","ꯍ ꯣꯏ    ꯁꯔ ,    ꯃꯁꯤ    ꯌꯥꯝꯅ    ꯁꯥ ꯊꯤ ꯔꯦ꯫ ",20,9
1927,ꯑꯩꯈꯣꯏꯒꯤ ꯄꯨꯈ꯭ꯔꯤꯁꯤꯡ ꯑꯃꯗꯤ ꯒꯨꯍꯥꯁꯤꯡꯗ ꯑꯐꯕ ꯏꯁꯤꯡ ꯂꯩꯇꯦ꯫,ꯑꯩꯈ ꯣꯏꯒꯤ    ꯄꯨ ꯈ꯭ꯔꯤ ꯁꯤꯡ    ꯑꯃꯗꯤ    ꯒꯨ ꯍꯥ ꯁꯤꯡꯗ    ꯑꯐꯕ    ꯏꯁꯤꯡ    ꯂꯩꯇꯦ꯫ ,40,12
1928,ꯃꯗꯨꯒꯤ ꯏꯁꯤꯡꯗ ꯑꯥꯏꯔꯟꯒꯤ ꯀꯥ ꯍꯦꯟꯕ ꯆꯥꯡ ꯌꯥꯎꯋꯤ꯫,ꯃꯗꯨꯒꯤ    ꯏꯁꯤꯡꯗ    ꯑꯥꯏ ꯔ ꯟꯒꯤ    ꯀꯥ    ꯍꯦꯟꯕ    ꯆꯥꯡ    ꯌꯥꯎꯋꯤ꯫ ,32,9
1929,ꯑꯗꯨꯕꯨ ꯍꯧꯖꯤꯛꯀꯤ ꯑꯣꯏꯅ ꯄꯨꯈ꯭ꯔꯤ ꯑꯃꯗꯤ ꯒꯨꯍꯥꯁꯤꯡ ꯁꯤꯖꯤꯟꯅꯕ ꯅꯠꯇꯅ ꯑꯩꯈꯣꯏꯒꯤ ꯑꯇꯣꯞꯄ ꯂꯝꯕꯤ ꯂꯩꯇꯦ꯫,ꯑꯗꯨꯕꯨ    ꯍꯧꯖꯤꯛꯀꯤ    ꯑꯣꯏꯅ    ꯄꯨ ꯈ꯭ꯔ ꯤ    ꯑꯃꯗꯤ    ꯒꯨ ꯍꯥ ꯁꯤꯡ    ꯁꯤꯖꯤꯟꯅꯕ    ꯅꯠꯇꯅ    ꯑꯩꯈ ꯣꯏꯒꯤ    ꯑꯇꯣꯞꯄ    ꯂꯝꯕꯤ    ꯂꯩꯇꯦ꯫ ,65,17
1930,ꯃꯁꯤꯅ ꯁꯥꯊꯤꯅ ꯍꯛꯁꯦꯜꯒꯤ ꯐꯤꯕꯝꯗ ꯑꯋꯥꯕ ꯇꯥꯔꯛꯂꯤ꯫,ꯃꯁꯤꯅ    ꯁꯥꯊꯤꯅ    ꯍꯛ ꯁꯦꯜꯒꯤ    ꯐꯤꯕꯝꯗ    ꯑꯋꯥꯕ    ꯇꯥꯔꯛ ꯂꯤ꯫ ,32,8
1931,ꯊꯥꯔꯛꯄ ꯏꯁꯤꯡ ꯑꯗꯨ ꯊꯛꯂꯕ ꯃꯇꯨꯡꯗ ꯅꯥꯈꯤꯕ ꯌꯥꯎꯕ꯭ꯔ,ꯊꯥꯔ ꯛꯄ    ꯏꯁꯤꯡ    ꯑꯗꯨ    ꯊꯛ ꯂꯕ    ꯃꯇꯨꯡꯗ    ꯅꯥ ꯈꯤꯕ    ꯌꯥꯎ ꯕ꯭ꯔ,32,11
1932,"ꯌꯥꯎꯗꯦ ꯁꯔ, ꯍꯧꯖꯤꯛꯐꯥꯎꯒꯤ ꯑꯣꯏꯅꯗꯤ; ꯃꯔꯝꯗꯤ ꯑꯩꯈꯣꯏꯅ ꯈꯨꯗꯛꯇ ꯁꯤꯖꯤꯟꯅꯕ ꯂꯦꯞꯈꯤ꯫","ꯌꯥꯎ ꯗꯦ    ꯁꯔ ,    ꯍꯧꯖꯤꯛ ꯐꯥꯎ ꯒꯤ    ꯑꯣꯏꯅ ꯗꯤ ;    ꯃꯔꯝꯗꯤ    ꯑꯩꯈꯣꯏꯅ    ꯈꯨꯗꯛꯇ    ꯁꯤꯖꯤꯟꯅꯕ    ꯂꯦꯞꯈꯤ꯫ ",54,15
1933,ꯑꯩꯈꯣꯏꯅ ꯈꯨꯟꯖꯥ ꯀꯌꯥ ꯑꯃꯗ ꯎꯟꯁꯥꯒꯤ ꯑꯦꯂꯔꯖꯤꯁꯤꯡ ꯊꯣꯛꯄ ꯎꯕꯗꯒꯤ ꯑꯩꯈꯣꯏꯅ ꯃꯗꯨ ꯁꯤꯖꯤꯟꯅꯕ ꯂꯦꯞꯈꯤ꯫,ꯑꯩꯈꯣꯏꯅ    ꯈꯨꯟ ꯖꯥ    ꯀꯌꯥ    ꯑꯃꯗ    ꯎꯟ ꯁꯥꯒꯤ    ꯑꯦ ꯂꯔ ꯖꯤ ꯁꯤꯡ    ꯊꯣꯛꯄ    ꯎ ꯕꯗꯒꯤ    ꯑꯩꯈꯣꯏꯅ    ꯃꯗꯨ    ꯁꯤꯖꯤꯟꯅꯕ    ꯂꯦꯞꯈꯤ꯫ ,63,18
1934,ꯅꯠꯇ꯭ꯔꯕꯗꯤ ꯃꯗꯨꯅ ꯏꯔꯥꯏ-ꯂꯥꯏꯅ ꯑꯩꯈꯣꯏꯗ ꯄꯨꯛ ꯊꯤꯟꯕ ꯑꯃꯗꯤ ꯈꯣꯡ ꯍꯥꯝꯗꯕꯒꯨꯝꯕ ꯂꯥꯏꯅꯥꯁꯤꯡ ꯊꯣꯛꯍꯜꯂꯝꯕ ꯌꯥꯏ꯫,ꯅꯠꯇ꯭ꯔ ꯕꯗꯤ    ꯃꯗꯨꯅ    ꯏ ꯔꯥꯏ - ꯂꯥꯏꯅ    ꯑꯩꯈ ꯣꯏ ꯗ    ꯄꯨ ꯛ    ꯊꯤ ꯟꯕ    ꯑꯃꯗꯤ    ꯈꯣꯡ    ꯍꯥ ꯝ ꯗꯕ ꯒꯨꯝꯕ    ꯂꯥꯏ ꯅꯥ ꯁꯤꯡ    ꯊꯣꯛ ꯍꯜꯂ ꯝꯕ    ꯌꯥꯏ꯫ ,70,27
1935,ꯑꯩꯍꯥꯛ ꯑꯗꯣꯝꯒꯤ ꯋꯥꯀꯠ ꯑꯁꯤ ꯈꯨꯗꯛꯇ ꯁꯨꯄꯔꯕꯥꯏꯖꯔꯗ ꯐꯣꯔꯋꯥꯔꯗ ꯇꯧꯈꯤꯒꯦ꯫,ꯑꯩꯍꯥꯛ   ꯑꯗꯣꯝꯒꯤ    ꯋꯥꯀꯠ    ꯑꯁꯤ    ꯈꯨꯗꯛꯇ    ꯁꯨ ꯄ ꯔꯕ ꯥꯏ ꯖ ꯔꯗ    ꯐꯣꯔ ꯋꯥꯔꯗ    ꯇꯧ ꯈꯤ ꯒꯦ ꯫ ,47,17
1936,ꯃꯗꯨꯒꯤ ꯍꯦꯛ ꯃꯇꯨꯡꯗ ꯃꯍꯥꯛꯅ ꯊꯧꯗꯣꯛ ꯑꯁꯤ ꯌꯦꯡꯁꯤꯟꯅꯕ ꯀꯅꯥꯅꯣꯝ ꯑꯃ ꯊꯥꯔꯛꯀꯅꯤ꯫,ꯃꯗꯨꯒꯤ    ꯍꯦꯛ    ꯃꯇꯨꯡꯗ    ꯃꯍꯥꯛꯅ    ꯊꯧꯗꯣꯛ    ꯑꯁꯤ    ꯌꯦꯡꯁꯤꯟꯅꯕ    ꯀꯅꯥ ꯅꯣ ꯝ    ꯑꯃ    ꯊꯥꯔꯛ ꯀꯅꯤ꯫ ,50,13
1937,ꯑꯗꯣꯝ ꯌꯨꯝ ꯍꯟꯕꯤꯕ ꯌꯥꯔꯒꯅꯤ꯫,ꯑꯗꯣ ꯝ    ꯌꯨꯝ    ꯍꯟ ꯕꯤꯕ    ꯌꯥꯔ ꯒꯅꯤ꯫ ,19,7
1938,ꯑꯋꯥꯠꯄꯗꯨ ꯑꯩꯍꯥꯛ ꯇꯧꯔꯒꯦ꯫,ꯑꯋꯥ ꯠ ꯄ ꯗꯨ    ꯑꯩꯍꯥꯛ   ꯇꯧ ꯔ ꯒꯦ ꯫ ,18,9
1939,"ꯍꯦ, ꯍꯥꯟꯅꯒꯤ ꯃꯐꯝꯗꯨꯗ ꯑꯩꯅ ꯅꯪ ꯎꯔꯝꯗꯦ꯫","ꯍꯦ ,    ꯍꯥꯟꯅꯒꯤ    ꯃꯐꯝ ꯗꯨꯗ    ꯑꯩ ꯅ    ꯅ ꯪ    ꯎ ꯔꯝ ꯗꯦ꯫ ",26,12
1940,ꯅꯪ ꯉꯁꯤ ꯀꯗꯥꯏꯗ ꯂꯩꯔꯨꯒꯦ,ꯅ ꯪ    ꯉꯁꯤ    ꯀ ꯗꯥꯏꯗ    ꯂꯩ ꯔꯨ ꯒꯦ ,16,8
1941,ꯅꯪꯁꯦ ꯑꯇꯣꯞꯄ ꯃꯐꯝꯗꯒꯤ ꯍꯜꯂꯛꯄ ꯃꯥꯜꯂꯤ꯫,ꯅꯪ ꯁꯦ    ꯑꯇꯣꯞꯄ    ꯃꯐꯝ ꯗꯒꯤ    ꯍꯜꯂꯛꯄ    ꯃꯥ ꯜꯂꯤ꯫ ,26,8
1942,ꯅꯪ ꯀꯗꯥꯏꯗ ꯆꯠꯂꯨꯒꯦ,ꯅ ꯪ    ꯀ ꯗꯥꯏꯗ    ꯆꯠ ꯂꯨ ꯒꯦ ,13,7
1943,"ꯑꯁꯥꯡꯕ ꯋꯥꯔꯤꯅꯤ, ꯑꯩꯉꯣꯟꯗ ꯃꯇꯝ ꯈꯔ ꯄꯤꯌꯨ꯫","ꯑꯁꯥꯡꯕ    ꯋꯥꯔꯤ ꯅꯤ,    ꯑꯩ ꯉꯣꯟꯗ    ꯃꯇꯝ    ꯈꯔ    ꯄꯤꯌꯨ꯫ ",28,8
1944,ꯑꯩ ꯃꯁꯤꯒꯤꯁꯤꯡ ꯑꯁꯤꯗ ꯍꯣꯡꯗꯣꯛꯔꯛꯈꯤꯒꯦ꯫,ꯑ ꯩ    ꯃꯁꯤ ꯒꯤ ꯁꯤꯡ    ꯑꯁꯤꯗ    ꯍꯣꯡꯗꯣꯛ ꯔꯛ ꯈꯤ ꯒꯦ ꯫ ,27,11
1945,"ꯐꯤꯔꯣꯜꯒꯤ ꯍꯥꯏꯔꯣ, ꯅꯪꯒꯤꯗꯣ ꯁꯦꯒꯥꯏꯕ ꯑꯃꯁꯨꯡ ꯃꯣꯠꯄ ꯃꯥꯜꯂꯦ꯫","ꯐꯤꯔꯣ ꯜꯒꯤ    ꯍꯥꯏ ꯔꯣ ,    ꯅꯪ ꯒꯤ ꯗꯣ    ꯁꯦ ꯒꯥꯏ ꯕ    ꯑꯃꯁꯨꯡ    ꯃꯣ ꯠꯄ    ꯃꯥꯜ ꯂꯦ꯫ ",40,16
1946,ꯆꯞꯆꯥꯅ ꯃꯁꯤꯒꯤ ꯃꯔꯝꯗꯒꯤꯅꯤ ꯈꯨꯡꯒꯪ ꯑꯁꯤꯗ ꯂꯥꯛꯇ꯭ꯔꯤꯉꯩꯗ ꯑꯩꯅ ꯃꯁꯤ ꯍꯣꯡꯂꯤꯕꯁꯤ꯫,ꯆ ꯞ ꯆꯥꯅ    ꯃꯁꯤꯒꯤ    ꯃꯔꯝ ꯗꯒꯤ ꯅꯤ    ꯈꯨꯡꯒꯪ    ꯑꯁꯤꯗ    ꯂꯥꯛ ꯇ꯭ꯔꯤ ꯉꯩꯗ    ꯑꯩ ꯅ    ꯃꯁꯤ    ꯍꯣꯡ ꯂꯤꯕ ꯁꯤ ꯫ ,52,19
1947,ꯑꯃꯁꯨꯡ ꯑꯩ ꯍꯥꯟꯅꯒꯤ ꯃꯐꯝꯗꯨꯗ ꯃꯈꯥꯇꯥꯅ ꯂꯥꯛꯄ ꯉꯝꯂꯔꯣꯏ꯫,ꯑꯃꯁꯨꯡ    ꯑ ꯩ    ꯍꯥꯟꯅꯒꯤ    ꯃꯐꯝ ꯗꯨꯗ    ꯃꯈꯥ ꯇꯥꯅ    ꯂꯥꯛꯄ    ꯉꯝ ꯂ ꯔꯣꯏ ꯫ ,36,13
1948,ꯆꯌꯣꯜ ꯈꯨꯗꯤꯡꯒꯤ ꯆꯨꯔꯨꯞ ꯂꯩꯕ ꯉꯝꯗ꯭ꯔꯦ꯫,ꯆꯌꯣꯜ    ꯈꯨꯗꯤꯡꯒꯤ    ꯆꯨ ꯔꯨ ꯞ    ꯂꯩꯕ    ꯉꯝ ꯗ꯭ꯔꯦ꯫ ,26,8
1949,ꯑꯩ ꯆꯨꯔꯨꯞ ꯊꯛꯄ ꯇꯣꯛꯅꯕ ꯍꯣꯠꯅꯔꯤ꯫,ꯑ ꯩ    ꯆꯨ ꯔꯨ ꯞ    ꯊ ꯛꯄ    ꯇꯣꯛ ꯅꯕ    ꯍꯣꯠꯅ ꯔꯤ꯫ ,22,11
1950,"ꯋꯥꯎ, ꯃꯗꯨꯗꯤ ꯈꯜꯂꯨꯗꯦꯍꯦ꯫","ꯋ ꯥꯎ ,    ꯃꯗꯨꯗꯤ    ꯈ ꯜꯂꯨ ꯗꯦ ꯍꯦ ꯫ ",18,9
1951,ꯑꯃꯁꯨꯡ ꯅꯪꯒꯤ ꯃꯃꯥꯡꯒꯤ ꯋꯥꯍꯪ ꯑꯗꯨꯒꯤ ꯄꯥꯎꯈꯨꯝ ꯄꯤꯅꯕ,ꯑꯃꯁꯨꯡ    ꯅꯪ ꯒꯤ    ꯃꯃꯥꯡꯒꯤ    ꯋꯥꯍꯪ    ꯑꯗꯨꯒꯤ    ꯄꯥꯎꯈꯨꯝ    ꯄꯤꯅꯕ ,34,8
1952,ꯑꯩ ꯑꯅꯛꯄ ꯈꯪꯒꯪ ꯑꯗꯨꯗꯒꯤ ꯍꯜꯂꯛꯄꯗ ꯉꯥꯏꯔꯤ꯫,ꯑ ꯩ    ꯑꯅ ꯛꯄ    ꯈꯪ ꯒ ꯪ    ꯑꯗꯨꯗꯒꯤ    ꯍꯜꯂꯛ ꯄꯗ    ꯉꯥꯏ ꯔꯤ꯫ ,28,12
1953,ꯍꯟꯗꯛꯀꯤ ꯅꯣꯡ ꯑꯗꯨꯅ ꯁꯤꯖꯤꯟꯅꯕ ꯌꯥꯕ ꯂꯝꯕꯤ ꯑꯗꯨ ꯆꯦꯟꯊꯈ꯭ꯔꯦ ꯃꯔꯝ ꯑꯗꯨꯅ ꯃꯤꯒꯤꯗ ꯇꯣꯡꯕ ꯇꯥꯈꯤ꯫,ꯍꯟꯗ ꯛꯀꯤ    ꯅꯣꯡ    ꯑꯗꯨꯅ    ꯁꯤꯖꯤꯟꯅꯕ    ꯌꯥꯕ    ꯂꯝꯕꯤ    ꯑꯗꯨ    ꯆꯦꯟꯊ ꯈ꯭ꯔꯦ    ꯃꯔꯝ    ꯑꯗꯨꯅ    ꯃꯤ ꯒꯤ ꯗ    ꯇ ꯣꯡꯕ    ꯇꯥꯈꯤ꯫ ,59,18
1954,ꯑꯗꯨ ꯑꯣꯏꯔꯕꯁꯨ ꯅꯪ ꯃꯐꯝ ꯑꯗꯨꯗ ꯀꯔꯤꯒꯤ ꯆꯠꯂꯨꯕꯅꯣ,ꯑꯗꯨ    ꯑꯣꯏꯔꯕꯁꯨ    ꯅ ꯪ    ꯃꯐꯝ    ꯑꯗꯨꯗ    ꯀꯔꯤ ꯒꯤ    ꯆꯠ ꯂꯨ ꯕ ꯅꯣ ,31,12
1955,ꯅꯪꯅ ꯀꯔꯤꯒꯨꯝꯕ ꯈꯔꯒꯤ ꯃꯇꯦꯡ ꯄꯥꯡꯂꯕꯗꯤ ꯅꯪ ꯑꯩꯉꯣꯟꯗ ꯑꯗꯨꯝ ꯍꯥꯏꯔꯝꯕ ꯌꯥꯕꯅꯤ꯫,ꯅꯪ ꯅ    ꯀꯔꯤꯒꯨꯝꯕ    ꯈꯔꯒꯤ    ꯃꯇꯦꯡ    ꯄꯥꯡ ꯂꯕꯗꯤ    ꯅ ꯪ    ꯑꯩ ꯉꯣꯟꯗ    ꯑꯗꯨꯝ    ꯍꯥꯏ ꯔꯝꯕ    ꯌꯥ ꯕꯅꯤ꯫ ,49,16
1956,ꯃꯁꯤꯗ ꯅꯪꯅ ꯑꯩꯕꯨ ꯃꯇꯦꯡ ꯇꯧꯕꯒꯤ ꯈꯜꯂꯨꯕ ꯌꯥꯔꯣꯏꯗ꯫,ꯃꯁꯤꯗ    ꯅꯪ ꯅ    ꯑꯩ ꯕꯨ    ꯃꯇꯦꯡ    ꯇꯧꯕꯒꯤ    ꯈ ꯜꯂꯨ ꯕ    ꯌꯥ ꯔꯣꯏ ꯗ ꯫ ,32,14
1957,ꯑꯩ ꯃꯐꯝꯗꯨꯗ ꯅꯣꯡꯃ-ꯅꯣꯡꯃ ꯀꯥꯜꯂꯒ ꯑꯌꯨꯛ ꯈꯨꯗꯤꯡꯒꯤ ꯐꯨꯠꯕꯣꯜ ꯁꯥꯟꯅꯕ ꯆꯠꯂꯤ꯫,ꯑ ꯩ    ꯃꯐꯝ ꯗꯨꯗ    ꯅꯣꯡ ꯃ -ꯅꯣꯡ ꯃ    ꯀꯥ ꯜꯂꯒ    ꯑꯌꯨ ꯛ    ꯈꯨꯗꯤꯡꯒꯤ    ꯐꯨꯠꯕꯣꯜ    ꯁꯥꯟꯅꯕ    ꯆꯠꯂꯤ꯫ ,49,16
1958,ꯈꯨꯡꯒꯪ ꯑꯗꯨꯒꯤ ꯑꯇꯣꯞꯄ ꯅꯥꯀꯟꯗ ꯄꯥꯟꯖꯜ ꯆꯟꯐꯝ ꯑꯃꯁꯨꯡ ꯅꯦꯠ ꯌꯥꯎꯕ ꯂꯝꯄꯥꯛ ꯑꯃ ꯂꯩ꯫,ꯈꯨꯡꯒꯪ    ꯑꯗꯨꯒꯤ    ꯑꯇꯣꯞꯄ    ꯅꯥꯀ ꯟꯗ    ꯄꯥꯟ ꯖꯜ    ꯆꯟ ꯐꯝ    ꯑꯃꯁꯨꯡ    ꯅꯦꯠ    ꯌꯥꯎꯕ    ꯂꯝ ꯄꯥꯛ    ꯑꯃ    ꯂꯩ꯫ ,51,16
1959,"ꯃꯐꯝ ꯑꯗꯨ ꯃꯤꯌꯥꯝꯒꯤ ꯂꯟ ꯑꯣꯏꯕ ꯃꯔꯝꯅ, ꯀꯅꯥꯒꯨꯝꯕ ꯑꯃꯍꯦꯛꯇ ꯂꯥꯛꯄ ꯑꯃꯁꯨꯡ ꯁꯥꯟꯅꯕ ꯌꯥꯏ꯫","ꯃꯐꯝ    ꯑꯗꯨ    ꯃꯤꯌꯥꯝꯒꯤ    ꯂꯟ    ꯑꯣꯏꯕ    ꯃꯔꯝ ꯅ,    ꯀꯅꯥꯒꯨꯝꯕ    ꯑꯃꯍꯦꯛꯇ    ꯂꯥꯛꯄ    ꯑꯃꯁꯨꯡ    ꯁꯥꯟꯅꯕ    ꯌꯥꯏ꯫ ",55,13
1960,"ꯑꯗꯨꯗꯤ ꯃꯐꯝ ꯑꯃꯁꯨꯡ ꯃꯇꯝ ꯐꯪꯅꯕ ꯅꯪ ꯉꯟꯅ ꯆꯠꯂꯦ, ꯆꯨꯝꯃꯤꯀꯣ","ꯑꯗꯨꯗꯤ    ꯃꯐꯝ    ꯑꯃꯁꯨꯡ    ꯃꯇꯝ    ꯐꯪꯅꯕ    ꯅ ꯪ    ꯉ ꯟꯅ    ꯆꯠ ꯂꯦ ,    ꯆꯨꯝ ꯃꯤ ꯀꯣ ",37,15
1961,"ꯑꯗꯨꯃꯛꯅꯤ, ꯃꯐꯝꯗꯨꯗ ꯑꯩ ꯊꯦꯡꯂꯕꯗ ꯷:꯳꯰ ꯐꯥꯎꯕꯗꯗꯤ ꯌꯧꯕ ꯇꯥꯏ","ꯑꯗꯨ ꯃꯛ ꯅꯤ,    ꯃꯐꯝ ꯗꯨꯗ    ꯑ ꯩ    ꯊꯦꯡ ꯂ ꯕꯗ    ꯷ : ꯳꯰    ꯐꯥꯎ ꯕ ꯗꯗꯤ    ꯌ ꯧꯕ    ꯇꯥꯏ ",39,19
1962,ꯃꯁꯤꯒꯤ ꯑꯩꯔꯊꯗꯤ ꯑꯩ ꯵ ꯗ ꯌꯨꯝ ꯊꯥꯗꯣꯛꯄ ꯇꯥꯏ꯫,ꯃꯁꯤꯒꯤ    ꯑꯩ ꯔ ꯊ ꯗꯤ    ꯑ ꯩ    ꯵    ꯗ    ꯌꯨꯝ    ꯊꯥꯗꯣꯛꯄ    ꯇꯥꯏ꯫ ,28,12
1963,"ꯃꯁꯤ ꯌꯥꯝꯅ ꯆꯤꯜꯂꯦ ꯑꯗꯨꯕꯨ ꯑꯩꯈꯣꯏꯅ ꯀꯔꯤ ꯇꯧꯕ ꯉꯝꯅꯤ, ꯍꯥ","ꯃꯁꯤ    ꯌꯥꯝꯅ    ꯆꯤ ꯜ ꯂꯦ    ꯑꯗꯨꯕꯨ    ꯑꯩꯈꯣꯏꯅ    ꯀꯔꯤ    ꯇꯧꯕ    ꯉꯝ ꯅꯤ,    ꯍꯥ ",36,12
1964,ꯇꯁꯦꯡꯅ ꯃꯁꯤꯒꯤ ꯈꯨꯡꯒꯪ ꯑꯁꯤꯗ ꯁꯤꯖꯤꯟꯅꯗꯕ ꯑꯍꯥꯡꯕ ꯃꯐꯝ ꯑꯃꯐꯥꯎꯕ ꯂꯩꯇꯦ꯫,ꯇꯁꯦꯡꯅ    ꯃꯁꯤꯒꯤ    ꯈꯨꯡꯒꯪ    ꯑꯁꯤꯗ    ꯁꯤꯖꯤꯟꯅ ꯗꯕ    ꯑꯍꯥꯡꯕ    ꯃꯐꯝ    ꯑꯃ ꯐꯥꯎꯕ    ꯂꯩꯇꯦ꯫ ,46,11
1965,ꯍꯣꯏ ꯃꯗꯨ ꯆꯨꯝꯃꯤ ꯍꯥꯏꯅ ꯑꯩ ꯂꯧꯋꯤ꯫,ꯍ ꯣꯏ    ꯃꯗꯨ    ꯆꯨꯝ ꯃꯤ    ꯍꯥꯏꯅ    ꯑ ꯩ    ꯂꯧ ꯋꯤ꯫ ,22,10
1966,ꯅꯪ ꯑꯍꯟꯁꯤꯡꯗ ꯃꯈꯣꯏꯅ ꯃꯐꯝ ꯑꯃ ꯍꯥꯡꯍꯟꯕ ꯉꯝꯒꯗ꯭ꯔ ꯍꯥꯏꯅ ꯍꯪꯈ꯭ꯔꯕ꯭ꯔ,ꯅ ꯪ    ꯑ ꯍꯟ ꯁꯤꯡꯗ    ꯃꯈꯣꯏꯅ    ꯃꯐꯝ    ꯑꯃ    ꯍꯥꯡ ꯍꯟꯕ    ꯉꯝ ꯒ ꯗ꯭ꯔ    ꯍꯥꯏꯅ    ꯍꯪ ꯈ꯭ꯔ ꯕ꯭ꯔ,43,17
1967,"ꯍꯪꯗꯦ, ꯃꯈꯣꯏꯅ ꯀꯔꯤꯒꯤ ꯂꯨꯝꯅ ꯂꯧꯗꯣꯏꯅꯣ","ꯍꯪ ꯗꯦ,    ꯃꯈꯣꯏꯅ    ꯀꯔꯤ ꯒꯤ    ꯂ ꯨꯝ ꯅ    ꯂꯧ ꯗ ꯣꯏ ꯅꯣ ",26,12
1968,ꯃꯈꯣꯏꯗꯤ ꯃꯈꯣꯏꯒꯤ ꯂꯩꯉꯥꯛꯂꯣꯟꯒꯤ ꯑꯃꯁꯨꯡ ꯂꯥꯏꯅꯤꯡꯒꯤ ꯋꯥꯈꯜꯂꯣꯟꯁꯤꯡꯗ ꯐꯥꯖꯤꯟꯗꯨꯅ ꯂꯩꯔꯕꯅꯤ꯫,ꯃꯈꯣꯏ ꯗꯤ    ꯃꯈꯣꯏꯒꯤ    ꯂꯩꯉꯥꯛꯂꯣꯟꯒꯤ    ꯑꯃꯁꯨꯡ    ꯂꯥꯏꯅꯤꯡꯒꯤ    ꯋꯥꯈꯜ ꯂꯣꯟ ꯁꯤꯡꯗ    ꯐꯥ ꯖꯤꯟꯗꯨꯅ    ꯂꯩ ꯔꯕ ꯅꯤ꯫ ,61,14
1969,ꯑꯩꯒꯤ ꯏꯁꯥꯒꯤ ꯏꯃꯨꯡ ꯃꯅꯨꯡ ꯐꯥꯎꯕꯅ ꯑꯩꯕꯨ ꯏꯁꯀꯨꯜ ꯇꯣꯛꯄ ꯑꯃꯁꯨꯡ ꯁꯦꯜ ꯇꯥꯟꯅꯕ ꯊꯕꯛ ꯍꯧꯕ ꯄꯥꯝꯂꯤꯕꯅꯤ꯫,ꯑ ꯩꯒꯤ    ꯏ ꯁꯥꯒꯤ    ꯏꯃꯨꯡ    ꯃꯅꯨꯡ    ꯐꯥꯎ ꯕꯅ    ꯑꯩ ꯕꯨ    ꯏꯁ ꯀꯨ ꯜ    ꯇꯣꯛ ꯄ    ꯑꯃꯁꯨꯡ    ꯁꯦꯜ    ꯇꯥꯟ ꯅꯕ    ꯊꯕꯛ    ꯍꯧꯕ    ꯄꯥꯝ ꯂꯤ ꯕꯅꯤ꯫ ,63,24
1970,ꯃꯈꯣꯏꯅ ꯑꯩꯕꯨ ꯐꯨꯠꯕꯣꯜꯗ ꯏꯟꯅꯕ ꯄꯨꯛꯅꯤꯡ ꯊꯧꯒꯠꯂꯛꯀꯅꯤ ꯅꯪ ꯈꯟꯕ꯭ꯔ,ꯃꯈꯣꯏꯅ    ꯑꯩ ꯕꯨ    ꯐꯨꯠ ꯕꯣ ꯜꯗ    ꯏꯟ ꯅꯕ    ꯄꯨꯛꯅꯤꯡ    ꯊꯧꯒꯠ ꯂꯛ ꯀꯅꯤ    ꯅ ꯪ    ꯈꯟ ꯕ꯭ꯔ,42,16
1971,"ꯑꯩ ꯃꯗꯨ ꯈꯪꯉꯤ, ꯃꯁꯤ ꯌꯥꯝ ꯅꯨꯡꯉꯥꯏꯇꯦ꯫","ꯑ ꯩ    ꯃꯗꯨ    ꯈꯪ ꯉꯤ ,    ꯃꯁꯤ    ꯌꯥꯝ    ꯅꯨꯡꯉꯥꯏ ꯇꯦ ꯫ ",25,11
1972,ꯇꯁꯦꯡꯅ ꯃꯐꯝꯁꯤꯗ ꯀꯔꯤꯒꯨꯝꯕ ꯑꯃꯍꯦꯛꯇ ꯐꯖꯅ ꯁꯥꯟꯅꯅꯕ ꯄꯣꯠꯂꯝꯁꯤꯡ ꯐꯥꯎꯕ ꯑꯩꯈꯣꯏꯒꯤ ꯂꯩꯇꯦ꯫,ꯇꯁꯦꯡꯅ    ꯃꯐꯝ ꯁꯤꯗ    ꯀꯔꯤꯒꯨꯝꯕ    ꯑꯃꯍꯦꯛꯇ    ꯐꯖꯅ    ꯁꯥꯟꯅ ꯅꯕ    ꯄꯣꯠꯂꯝꯁꯤꯡ    ꯐꯥꯎꯕ    ꯑꯩꯈ ꯣꯏꯒꯤ    ꯂꯩꯇꯦ꯫ ,57,13
1973,ꯕꯨꯠ ꯈꯔ ꯂꯩꯅꯕ ꯑꯩꯅ ꯑꯩꯒꯤ ꯅꯥꯃꯩꯁꯦꯜ ꯇꯨꯡꯁꯤꯜꯂꯤ꯫,ꯕꯨ ꯠ    ꯈꯔ    ꯂꯩꯅꯕ    ꯑꯩ ꯅ    ꯑ ꯩꯒꯤ    ꯅꯥ ꯃꯩ ꯁꯦꯜ    ꯇꯨꯡ ꯁꯤꯜꯂꯤ꯫ ,32,13
1974,ꯑꯗꯨꯗꯒꯤ ꯑꯩ ꯆꯥꯡꯌꯦꯡꯁꯤꯡꯒꯤꯗꯃꯛ ꯄꯥꯟꯗꯝ ꯊꯝꯂꯒꯅꯤ꯫,ꯑꯗꯨꯗꯒꯤ    ꯑ ꯩ    ꯆꯥꯡ ꯌꯦꯡ ꯁꯤꯡꯒꯤꯗꯃꯛ    ꯄꯥꯟꯗꯝ    ꯊꯝ ꯂ ꯒꯅꯤ꯫ ,34,10
1975,ꯀꯔꯤ ꯊꯣꯛꯂꯕꯒꯦ ꯌꯦꯡꯂꯁꯤ꯫,ꯀꯔꯤ    ꯊꯣꯛ ꯂꯕ ꯒꯦ    ꯌꯦꯡ ꯂ ꯁꯤ ꯫ ,17,8
1976,ꯅꯪ ꯆꯍꯤ ꯑꯁꯤꯒꯤ ꯔꯦꯁꯜꯃꯦꯅꯤꯌꯥ ꯌꯦꯡꯈꯤꯕ꯭ꯔ,ꯅ ꯪ    ꯆꯍꯤ    ꯑꯁꯤꯒꯤ    ꯔꯦꯁ ꯜ ꯃꯦ ꯅꯤꯌꯥ    ꯌꯦꯡ ꯈꯤꯕ ꯭ꯔ,28,11
1977,"ꯃꯁꯤ ꯈꯔꯃꯈꯩꯗꯤ ꯇꯣꯉꯥꯟꯕ ꯑꯣꯏꯅ ꯐꯥꯎꯈꯤ, ꯇꯧꯕꯇꯕꯨ ꯔꯣꯗꯁ ꯍꯜꯂꯛꯄꯒ ꯂꯣꯏꯅꯅ, ꯃꯁꯤ ꯆꯞꯆꯥꯅ ꯅꯨꯡꯉꯥꯏꯕ ꯑꯃ ꯑꯣꯏꯈꯤ꯫","ꯃꯁꯤ    ꯈꯔ ꯃꯈ ꯩ ꯗꯤ    ꯇꯣꯉꯥꯟꯕ    ꯑꯣꯏꯅ    ꯐꯥꯎ ꯈꯤ,    ꯇꯧꯕ ꯇ ꯕꯨ    ꯔꯣ ꯗ ꯁ    ꯍꯜꯂ ꯛꯄ ꯒ    ꯂꯣꯏꯅꯅ,    ꯃꯁꯤ    ꯆ ꯞ ꯆꯥꯅ    ꯅꯨꯡꯉꯥꯏꯕ    ꯑꯃ    ꯑꯣꯏꯈꯤ꯫ ",71,26
1978,ꯑꯩ ꯃꯍꯧꯁꯥꯅ ꯃꯨꯛꯅ ꯌꯥꯝꯅ ꯌꯦꯡꯗꯦ ꯑꯗꯨꯕꯨ ꯆꯍꯤ ꯑꯁꯤꯒꯤ ꯔꯦꯁꯜꯃꯦꯅꯤꯌꯥꯗꯤ ꯈꯧꯔꯥꯡꯅ ꯉꯥꯏꯈꯤꯕꯅꯤ꯫,ꯑ ꯩ    ꯃꯍꯧꯁꯥꯅ    ꯃꯨ ꯛꯅ    ꯌꯥꯝꯅ    ꯌꯦꯡ ꯗꯦ    ꯑꯗꯨꯕꯨ    ꯆꯍꯤ    ꯑꯁꯤꯒꯤ    ꯔꯦꯁ ꯜ ꯃꯦ ꯅꯤ ꯌꯥ ꯗꯤ    ꯈ ꯧ ꯔꯥꯡ ꯅ    ꯉꯥꯏ ꯈꯤꯕꯅꯤ꯫ ,61,23
1979,ꯑꯗꯨꯝ ꯑꯣꯏꯅꯃꯛ ꯑꯩ ꯃꯁꯤꯕꯨ ꯌꯦꯡꯕ ꯉꯝꯈꯤꯗꯦ ꯑꯃꯁꯨꯡ ꯀꯣꯟꯅ ꯍꯥꯏꯂꯥꯏꯠꯁꯤꯡ ꯑꯗꯨꯈꯛꯇꯃꯛ ꯌꯦꯡꯈꯤ꯫,ꯑꯗꯨꯝ    ꯑꯣꯏꯅꯃꯛ    ꯑ ꯩ    ꯃꯁꯤꯕꯨ    ꯌꯦꯡꯕ    ꯉꯝ ꯈꯤꯗꯦ    ꯑꯃꯁꯨꯡ    ꯀꯣꯟꯅ    ꯍꯥꯏ ꯂꯥꯏ ꯠꯁꯤꯡ    ꯑꯗꯨ ꯈꯛꯇꯃꯛ    ꯌꯦꯡ ꯈꯤ꯫ ,60,17
1980,ꯃꯁꯤ ꯀꯗꯥꯏꯗ ꯐꯪꯈꯤꯕꯒꯦ ꯍꯥꯏꯕ ꯑꯩ ꯈꯪꯈꯤꯗꯦ꯫,ꯃꯁꯤ    ꯀ ꯗꯥꯏꯗ    ꯐꯪ ꯈꯤꯕꯒꯦ    ꯍꯥꯏꯕ    ꯑ ꯩ    ꯈꯪ ꯈꯤꯗꯦ꯫ ,28,10
1981,ꯑꯩꯗꯤ ꯌꯨꯇ꯭ꯌꯨꯕꯇ ꯈꯨꯗꯛꯀꯤ ꯁꯟꯗꯣꯛꯄ ꯑꯃ ꯂꯩꯈꯤ ꯍꯥꯏꯅ ꯈꯟꯈꯤ꯫,ꯑꯩ ꯗꯤ    ꯌꯨ ꯇ꯭ꯌꯨ ꯕꯇ    ꯈꯨꯗ ꯛꯀꯤ    ꯁꯟꯗꯣꯛꯄ    ꯑꯃ    ꯂꯩꯈꯤ    ꯍꯥꯏꯅ    ꯈꯟꯈꯤ꯫ ,39,12
1982,ꯑꯗꯨꯕꯨ ꯑꯩꯅ ꯃꯁꯤ ꯁꯣꯅꯤ ꯇꯦꯟ ꯱ ꯗ ꯌꯦꯡꯈꯤ꯫,ꯑꯗꯨꯕꯨ    ꯑꯩ ꯅ    ꯃꯁꯤ    ꯁꯣ ꯅꯤ    ꯇꯦꯟ    ꯱    ꯗ    ꯌꯦꯡ ꯈꯤ꯫ ,26,11
1983,ꯃꯁꯤ ꯗꯕꯂꯤꯎ,ꯃꯁꯤ    ꯗꯕ ꯂꯤ ꯎ ,8,4
1984,ꯗꯕꯂꯤꯎ,ꯗꯕ ꯂꯤ ꯎ ,5,3
1985,ꯏ,ꯏ ,1,1
1986,ꯅꯦꯠꯋꯥꯔꯛꯇꯁꯨ ꯈꯨꯗꯛ-ꯈꯨꯗꯛꯀꯤ ꯑꯣꯏꯅ ꯁꯟꯗꯣꯛꯈꯤ꯫,ꯅꯦꯠꯋꯥꯔ ꯛꯇ ꯁꯨ    ꯈꯨꯗ ꯛ- ꯈꯨꯗ ꯛꯀꯤ    ꯑꯣꯏꯅ    ꯁꯟꯗꯣꯛꯈꯤ꯫ ,33,9
1987,ꯑꯣ,ꯑꯣ ,2,1
1988,ꯃꯁꯤ ꯁꯣꯅꯤ ꯆꯦꯅꯦꯜꯗ ꯐꯪꯈꯤ ꯍꯥꯏꯕꯗꯤ ꯑꯩ ꯈꯪꯈꯤꯗꯦ꯫,ꯃꯁꯤ    ꯁꯣ ꯅꯤ    ꯆꯦ ꯅꯦ ꯜꯗ    ꯐꯪꯈꯤ    ꯍꯥꯏꯕꯗꯤ    ꯑ ꯩ    ꯈꯪ ꯈꯤꯗꯦ꯫ ,32,12
1989,ꯃꯁꯤ ꯇꯁꯦꯡꯅ ꯅꯨꯃꯤꯠ ꯑꯅꯤꯒꯤ ꯍꯥꯏꯂꯥꯏꯠ ꯑꯣꯏꯈꯤ ꯑꯃꯁꯨꯡ ꯅꯨꯃꯤꯠ ꯆꯨꯞꯄ ꯁꯥꯟꯅꯈꯤ꯫,ꯃꯁꯤ    ꯇꯁꯦꯡꯅ    ꯅꯨꯃꯤꯠ    ꯑꯅꯤꯒꯤ    ꯍꯥꯏ ꯂꯥꯏꯠ    ꯑꯣꯏꯈꯤ    ꯑꯃꯁꯨꯡ    ꯅꯨꯃꯤꯠ    ꯆꯨꯞꯄ    ꯁꯥꯟꯅꯈꯤ꯫ ,51,11
1990,ꯅꯪꯅ ꯃꯁꯤꯕꯨ ꯍꯤꯟꯗꯤꯗ ꯁꯣꯅꯤ ꯇꯦꯟ ꯳ꯗ ꯌꯦꯡꯕꯁꯨ ꯌꯥꯏ꯫,ꯅꯪ ꯅ    ꯃꯁꯤꯕꯨ    ꯍꯤꯟ ꯗꯤꯗ    ꯁꯣ ꯅꯤ    ꯇꯦꯟ    ꯳ꯗ    ꯌꯦꯡ ꯕꯁꯨ    ꯌꯥꯏ꯫ ,33,12
1991,ꯑꯗꯨꯗꯤ ꯃꯁꯤ ꯑꯩꯅ ꯐꯪꯍꯧꯗ꯭ꯔꯦ꯫,ꯑꯗꯨꯗꯤ    ꯃꯁꯤ    ꯑꯩ ꯅ    ꯐꯪ ꯍꯧ ꯗ꯭ꯔꯦ꯫ ,20,7
1992,ꯑꯩ ꯃꯊꯪꯒꯤ ꯑꯗꯨ ꯂꯥꯛꯄ ꯃꯇꯝꯗ ꯐꯪꯅꯕ ꯇꯧꯔꯅꯤ꯫,ꯑ ꯩ    ꯃꯊꯪꯒꯤ    ꯑꯗꯨ    ꯂꯥꯛꯄ    ꯃꯇꯝꯗ    ꯐꯪꯅꯕ    ꯇꯧ ꯔ ꯅꯤ꯫ ,28,10
1993,ꯑꯩꯅ ꯃꯇꯝ ꯆꯨꯞꯄꯗ ꯈꯨꯗꯛꯀꯤ ꯑꯣꯏꯕ ꯊꯧꯔꯝ ꯂꯣꯏꯅꯃꯛ ꯌꯦꯡꯕ ꯄꯥꯝꯈꯤ ꯑꯗꯨꯕꯨ ꯃꯐꯝꯁꯤꯗ ꯑꯌꯥꯝꯕ ꯆꯦꯅꯦꯜꯁꯤꯡꯅ ꯃꯁꯤꯕꯨ ꯎꯠꯇꯦ꯫,ꯑꯩ ꯅ    ꯃꯇꯝ    ꯆꯨꯞ ꯄꯗ    ꯈꯨꯗ ꯛꯀꯤ    ꯑꯣꯏꯕ    ꯊꯧꯔꯝ    ꯂꯣꯏꯅ ꯃꯛ    ꯌꯦꯡꯕ    ꯄꯥꯝ ꯈꯤ    ꯑꯗꯨꯕꯨ    ꯃꯐꯝ ꯁꯤꯗ    ꯑꯌꯥꯝꯕ    ꯆꯦ ꯅꯦ ꯜꯁꯤꯡꯅ    ꯃꯁꯤꯕꯨ    ꯎꯠ ꯇꯦ ꯫ ,75,25
1994,"ꯍꯣꯏ, ꯑꯗꯨꯕꯨ ꯅꯪꯅ ꯑꯇꯣꯞꯄ ꯈꯨꯗꯛꯀꯤ ꯑꯣꯏꯕ ꯊꯧꯔꯝ ꯑꯃ ꯌꯦꯡꯅꯕ ꯃꯊꯪꯒꯤ ꯔꯦꯁꯜꯃꯦꯅꯤꯌꯥꯒꯤꯗꯃꯛ ꯉꯥꯏꯕꯒꯤ ꯃꯊꯧ ꯇꯥꯗꯦ꯫","ꯍ ꯣꯏ ,    ꯑꯗꯨꯕꯨ    ꯅꯪ ꯅ    ꯑꯇꯣꯞꯄ    ꯈꯨꯗ ꯛꯀꯤ    ꯑꯣꯏꯕ    ꯊꯧꯔꯝ    ꯑꯃ    ꯌꯦꯡꯅꯕ    ꯃꯊꯪꯒꯤ    ꯔꯦꯁ ꯜ ꯃꯦ ꯅꯤ ꯌꯥ ꯒꯤꯗꯃꯛ    ꯉꯥꯏ ꯕꯒꯤ    ꯃꯊꯧ    ꯇꯥ ꯗꯦ꯫ ",72,25
1995,ꯔꯦꯁꯜꯃꯦꯅꯤꯌꯥ ꯕꯦꯛꯂꯥꯁ ꯲꯰꯲꯲ ꯑꯁꯤ ꯌꯨ,ꯔꯦꯁ ꯜ ꯃꯦ ꯅꯤꯌꯥ    ꯕꯦꯛ ꯂꯥ ꯁ    ꯲꯰꯲ ꯲    ꯑꯁꯤ    ꯌꯨ ,25,11
1996,ꯑꯦꯁ,ꯑꯦꯁ,3,1
1997,ꯑꯦ,ꯑꯦ ,2,1
1998,ꯗ ꯃꯦ ꯸ꯒꯤ ꯸ꯄꯤ,ꯗ    ꯃꯦ    ꯸ꯒꯤ    ꯸ ꯄꯤ ,9,5
1999,ꯑꯦꯝ ꯗ ꯄꯥꯡꯊꯣꯛꯀꯅꯤ꯫,ꯑꯦ ꯝ    ꯗ    ꯄꯥꯡꯊꯣꯛ ꯀꯅꯤ꯫ ,14,5
2000,ꯃꯔꯝ ꯑꯗꯨꯅ ꯃꯗꯨ ꯚꯥꯔꯠꯇ ꯃꯦꯒꯤ ꯇꯥꯡ ꯹ ꯑꯣꯏꯒꯅꯤ ꯑꯃꯁꯨꯡ ꯊꯧꯔꯝ ꯑꯗꯨ ꯑꯌꯨꯛꯀꯤ ꯄꯨꯡ ꯵:꯳꯰ ꯗ ꯍꯧꯒꯅꯤ꯫,ꯃꯔꯝ    ꯑꯗꯨꯅ    ꯃꯗꯨ    ꯚꯥꯔꯠꯇ    ꯃꯦ ꯒꯤ    ꯇꯥꯡ    ꯹    ꯑꯣꯏꯒꯅꯤ    ꯑꯃꯁꯨꯡ    ꯊꯧꯔꯝ    ꯑꯗꯨ    ꯑꯌꯨ ꯛꯀꯤ    ꯄꯨꯡ    ꯵ : ꯳꯰    ꯗ    ꯍꯧ ꯒꯅꯤ꯫ ,61,21
2001,ꯑꯩꯅ ꯃꯁꯤꯕꯨ ꯌꯦꯡꯕ ꯐꯪꯒꯅꯤ ꯍꯥꯏꯅ ꯑꯁꯥ ꯇꯧꯋꯤ꯫,ꯑꯩ ꯅ    ꯃꯁꯤꯕꯨ    ꯌꯦꯡꯕ    ꯐꯪꯒꯅꯤ    ꯍꯥꯏꯅ    ꯑ ꯁꯥ    ꯇꯧꯋꯤ꯫ ,29,9
2002,"ꯇꯧꯕꯇꯕꯨ ꯃꯁꯤ ꯂꯨꯒꯅꯤ, ꯃꯦꯒꯤ ꯇꯥꯡ ꯹ ꯑꯁꯤ ꯅꯤꯡꯊꯧꯀꯥꯕꯅꯤ꯫","ꯇꯧꯕ ꯇ ꯕꯨ    ꯃꯁꯤ    ꯂꯨ ꯒꯅꯤ,    ꯃꯦ ꯒꯤ    ꯇꯥꯡ    ꯹    ꯑꯁꯤ    ꯅꯤꯡꯊꯧ ꯀꯥ ꯕꯅꯤ꯫ ",37,14
2003,ꯑꯗꯨꯕꯨ ꯃꯁꯤ ꯈꯔ ꯁꯥꯡꯒꯅꯤ ꯃꯔꯝ ꯑꯗꯨꯅ ꯅꯪꯅ ꯁꯣ ꯑꯗꯨꯒꯤ ꯄꯨꯡ ꯈꯔꯗꯤ ꯑꯗꯨꯃꯛ ꯌꯦꯡꯕ ꯌꯥꯒꯅꯤ꯫,ꯑꯗꯨꯕꯨ    ꯃꯁꯤ    ꯈꯔ    ꯁꯥꯡ ꯒꯅꯤ    ꯃꯔꯝ    ꯑꯗꯨꯅ    ꯅꯪ ꯅ    ꯁꯣ    ꯑꯗꯨꯒꯤ    ꯄꯨꯡ    ꯈꯔꯗꯤ    ꯑꯗꯨ ꯃꯛ    ꯌꯦꯡꯕ    ꯌꯥꯒꯅꯤ꯫ ,55,17
2004,ꯕꯦꯛꯂꯥꯁꯇ ꯃꯄꯨꯡ ꯑꯣꯏꯕ ꯊꯧꯔꯝꯁꯤꯡ ꯀꯔꯤ ꯑꯣꯏꯒꯦ,ꯕꯦꯛ ꯂꯥ ꯁꯇ    ꯃꯄꯨꯡ    ꯑꯣꯏꯕ    ꯊꯧꯔꯝꯁꯤꯡ    ꯀꯔꯤ    ꯑꯣꯏ ꯒꯦ ,30,9
2005,ꯊꯧꯔꯝ ꯑꯁꯤꯗ ꯑꯦ,ꯊꯧꯔꯝ    ꯑꯁꯤꯗ    ꯑꯦ ,10,3
2006,ꯖꯦ,ꯖꯦ ,2,1
2007,ꯏꯁꯇꯥꯏꯜꯁꯅ ꯑꯦꯗꯖꯀꯤ ꯃꯥꯌꯣꯛꯇ ꯑꯃꯁꯨꯡ ꯁꯦꯠ ꯔꯣꯂꯤꯟꯁꯅ ꯀꯣꯗꯤ ꯔꯣꯗꯁꯀ ꯊꯦꯡꯅꯕ ꯎꯠꯀꯅꯤ꯫,ꯏꯁ ꯇꯥꯏ ꯜ ꯁꯅ    ꯑꯦꯗ ꯖꯀꯤ    ꯃꯥꯌꯣꯛꯇ    ꯑꯃꯁꯨꯡ    ꯁꯦꯠ    ꯔꯣ ꯂꯤ ꯟ ꯁꯅ    ꯀꯣ ꯗꯤ    ꯔꯣ ꯗ ꯁꯀ    ꯊꯦꯡꯅꯕ    ꯎꯠ ꯀꯅꯤ꯫ ,55,21
2008,"ꯃꯁꯤ ꯆꯍꯤ ꯑꯁꯤꯗ ꯔꯣꯗꯁꯅ ꯍꯜꯂꯛꯂꯕ ꯃꯇꯨꯡꯗ ꯑꯆꯧꯕ ꯊꯧꯔꯝ ꯑꯃ ꯑꯣꯏꯒꯅꯤ, ꯄꯥꯝꯖꯕꯁꯤꯡꯗꯤ ꯄꯨꯛꯅꯤꯡ ꯏꯔꯥꯡ ꯍꯧꯔꯤ꯫","ꯃꯁꯤ    ꯆꯍꯤ    ꯑꯁꯤꯗ    ꯔꯣ ꯗ ꯁꯅ    ꯍꯜꯂꯛ ꯂꯕ    ꯃꯇꯨꯡꯗ    ꯑꯆꯧꯕ    ꯊꯧꯔꯝ    ꯑꯃ    ꯑꯣꯏ ꯒꯅꯤ,    ꯄꯥꯝ ꯖ ꯕ ꯁꯤꯡꯗꯤ    ꯄꯨꯛꯅꯤꯡ    ꯏ ꯔꯥꯡ    ꯍꯧ ꯔꯤ꯫ ",68,23
2009,ꯄꯨꯛꯅꯤꯡ ꯏꯔꯥꯡ ꯍꯧꯍꯟꯕ ꯇꯦꯒ ꯃꯦꯆ ꯂꯩꯔꯤꯕ꯭ꯔ,ꯄꯨꯛꯅꯤꯡ    ꯏ ꯔꯥꯡ    ꯍꯧ ꯍꯟꯕ    ꯇꯦ ꯒ    ꯃꯦꯆ    ꯂꯩꯔꯤ ꯕ꯭ꯔ,28,10
2010,"ꯍꯣꯏ ꯇꯁꯦꯡꯅ, ꯃꯤ-ꯇꯔꯨꯛꯀꯤ ꯇꯦꯒ ꯇꯤꯝꯒꯤ ꯁꯥꯟꯅꯕ ꯑꯃ ꯊꯧꯔꯝ ꯑꯗꯨꯗ ꯆꯠꯊꯗꯨꯅ ꯂꯩꯒꯅꯤ꯫","ꯍ ꯣꯏ    ꯇ ꯁꯦꯡ ꯅ,    ꯃꯤ - ꯇꯔꯨ ꯛꯀꯤ    ꯇꯦ ꯒ    ꯇꯤꯝꯒꯤ    ꯁꯥꯟꯅꯕ    ꯑꯃ    ꯊꯧꯔꯝ    ꯑꯗꯨꯗ    ꯆꯠꯊ ꯗꯨꯅ    ꯂꯩ ꯒꯅꯤ꯫ ",53,20
2011,ꯔꯣꯃꯥꯟ ꯔꯦꯟꯁ ꯑꯃꯁꯨꯡ ꯎꯁꯣꯁꯅ ꯗ꯭ꯔꯨ ꯃꯦꯀꯟꯇꯥꯏꯑ ꯑꯃꯁꯨꯡ ꯑꯥꯔ,ꯔꯣ ꯃꯥꯟ    ꯔꯦꯟ ꯁ    ꯑꯃꯁꯨꯡ    ꯎ ꯁꯣ ꯁꯅ    ꯗ꯭ꯔ ꯨ    ꯃꯦ ꯀꯟ ꯇꯥꯏ ꯑ   ꯑꯃꯁꯨꯡ    ꯑꯥꯔ,39,16
2012,ꯀꯦ,ꯀꯦ ,2,1
2013,-ꯕ꯭ꯔꯣꯒ ꯃꯥꯌꯣꯛꯅꯒꯅꯤ꯫,- ꯕ꯭ꯔꯣ ꯒ    ꯃꯥꯌꯣꯛ ꯅ ꯒꯅꯤ꯫ ,16,6
2014,ꯍꯥꯏꯔꯤꯕ ꯃꯤꯑꯣꯏꯁꯤꯡ ꯑꯗꯨ ꯃꯤꯡꯊꯣꯜ ꯀꯌꯥ ꯑꯃ ꯐꯪꯂꯕꯅꯤ꯫,ꯍꯥꯏꯔꯤꯕ    ꯃꯤꯑꯣꯏꯁꯤꯡ    ꯑꯗꯨ    ꯃꯤꯡꯊꯣꯜ    ꯀꯌꯥ    ꯑꯃ    ꯐꯪ ꯂꯕ ꯅꯤ꯫ ,35,9
2015,ꯔꯣꯃꯥꯟ ꯔꯦꯟꯁꯁꯤ ꯗꯕꯂꯤꯎ,ꯔꯣ ꯃꯥꯟ    ꯔꯦꯟ ꯁ ꯁꯤ    ꯗꯕ ꯂꯤ ꯎ ,16,8
2016,ꯗꯕꯂꯤꯎ,ꯗꯕ ꯂꯤ ꯎ ,5,3
2017,ꯏ,ꯏ ,1,1
2018,ꯌꯨꯅꯤꯕꯔꯁꯦꯜ ꯆꯦꯝꯄꯤꯌꯟ ꯅꯠꯇꯕ꯭ꯔ,ꯌꯨꯅꯤꯕꯔ ꯁꯦꯜ    ꯆꯦꯝꯄꯤ ꯌꯟ    ꯅꯠꯇ ꯕ꯭ꯔ,22,6
2019,"ꯃꯥꯟꯅꯤ, ꯑꯃꯁꯨꯡ ꯎꯁꯣꯁꯁꯤꯡ ꯑꯗꯨꯅ ꯏꯁꯃꯦꯛꯗꯥꯎꯟ ꯇꯦꯒ-ꯇꯤꯝ ꯆꯦꯝꯄꯤꯌꯟꯁꯅꯤ ꯑꯃꯁꯨꯡ ꯑꯥꯔ","ꯃꯥꯟ ꯅꯤ,    ꯑꯃꯁꯨꯡ    ꯎ ꯁꯣ ꯁꯁꯤꯡ    ꯑꯗꯨꯅ    ꯏꯁ ꯃꯦꯛ ꯗ ꯥꯎꯟ    ꯇꯦ ꯒ - ꯇꯤꯝ    ꯆꯦꯝꯄꯤꯌ ꯟ ꯁ ꯅꯤ    ꯑꯃꯁꯨꯡ    ꯑꯥꯔ",56,21
2020,ꯀꯦ,ꯀꯦ ,2,1
2021,-ꯕ꯭ꯔꯣꯅ ꯔꯣ ꯇꯦꯒ ꯇꯤꯝ ꯆꯦꯝꯄꯤꯌꯟꯁꯅꯤ꯫,- ꯕ꯭ꯔꯣ ꯅ    ꯔꯣ    ꯇꯦ ꯒ    ꯇꯤꯝ    ꯆꯦꯝꯄꯤꯌ ꯟ ꯁ ꯅꯤ꯫ ,25,11
2022,"ꯑꯗꯨꯝ ꯑꯣꯏꯅꯃꯛ, ꯃꯁꯤꯃꯗꯤ ꯃꯤꯡꯊꯣꯜꯒꯤ ꯁꯥꯟꯅꯕ ꯑꯃ ꯅꯠꯇꯦ, ꯑꯗꯨꯕꯨ ꯄꯥꯝꯖꯕꯁꯤꯡꯗꯤ ꯄꯨꯛꯅꯤꯡ ꯏꯔꯥꯡ ꯍꯧꯔꯤ꯫","ꯑꯗꯨꯝ    ꯑꯣꯏꯅꯃꯛ,    ꯃꯁꯤ ꯃ ꯗꯤ    ꯃꯤꯡꯊꯣ ꯜꯒꯤ    ꯁꯥꯟꯅꯕ    ꯑꯃ    ꯅꯠꯇꯦ ,    ꯑꯗꯨꯕꯨ    ꯄꯥꯝ ꯖ ꯕ ꯁꯤꯡꯗꯤ    ꯄꯨꯛꯅꯤꯡ    ꯏ ꯔꯥꯡ    ꯍꯧ ꯔꯤ꯫ ",67,21
2023,ꯅꯥꯀꯜ ꯑꯅꯤꯃꯛ ꯄꯥꯝꯖꯕꯁꯤꯡꯒꯤ ꯈ꯭ꯋꯥꯏꯗꯒꯤ ꯄꯥꯝꯕꯁꯤꯡꯅꯤ ꯑꯃꯁꯨꯡ ꯔꯦꯟꯗꯤ ꯑꯣꯔꯇꯟꯁꯒ ꯔꯦꯟꯁꯀ ꯃꯥꯌꯣꯛꯅꯕ ꯑꯁꯤ ꯄꯥꯝꯖꯕꯁꯤꯡꯅ ꯉꯥꯏꯅꯕ ꯑꯃꯅꯤ꯫,ꯅꯥ ꯀꯜ    ꯑꯅꯤꯃꯛ    ꯄꯥꯝ ꯖ ꯕꯁꯤꯡꯒꯤ    ꯈ꯭ꯋꯥꯏꯗꯒꯤ    ꯄꯥꯝꯕ ꯁꯤꯡꯅꯤ    ꯑꯃꯁꯨꯡ    ꯔꯦꯟ ꯗꯤ    ꯑꯣꯔ ꯇꯟ ꯁ ꯒ    ꯔꯦꯟ ꯁꯀ    ꯃꯥꯌꯣꯛ ꯅꯕ    ꯑꯁꯤ    ꯄꯥꯝ ꯖ ꯕꯁꯤꯡꯅ    ꯉꯥꯏ ꯅꯕ    ꯑꯃꯅꯤ꯫ ,87,27
2024,"ꯆꯨꯝꯃꯤ, ꯑꯗꯨꯅ ꯃꯁꯤ ꯌꯦꯡꯅꯕ ꯍꯣꯠꯅꯧ ꯑꯃꯁꯨꯡ ꯌꯥꯔꯗꯤ ꯌꯦꯡꯉꯨ, ꯑꯗꯨꯕꯨ ꯃꯁꯤ ꯃꯇꯝꯒꯤ ꯃꯔꯝꯅ ꯈꯔꯗꯤ ꯂꯨꯒꯅꯤ꯫","ꯆꯨꯝ ꯃꯤ,    ꯑꯗꯨꯅ    ꯃꯁꯤ    ꯌꯦꯡꯅꯕ    ꯍꯣꯠꯅ ꯧ    ꯑꯃꯁꯨꯡ    ꯌꯥꯔ ꯗꯤ    ꯌꯦꯡ ꯉ ꯨ ,    ꯑꯗꯨꯕꯨ    ꯃꯁꯤ    ꯃꯇꯝꯒꯤ    ꯃꯔꯝꯅ    ꯈꯔꯗꯤ    ꯂꯨ ꯒꯅꯤ꯫ ",66,21
2025,ꯍꯥꯏ ꯗꯤꯝꯄꯤ,ꯍꯥꯏ    ꯗꯤ ꯝ ꯄꯤ ,8,4
2026,ꯅꯪ ꯀꯃꯥꯏ ꯇꯧꯔꯤꯒꯦ,ꯅ ꯪ    ꯀ ꯃꯥꯏ    ꯇꯧ ꯔꯤ ꯒꯦ ,12,7
2027,ꯏꯕꯥꯅꯤ ꯋꯥꯔꯤ ꯁꯥꯟꯅꯗꯕ ꯀꯨꯏꯔꯦ꯫,ꯏ ꯕꯥ ꯅꯤ    ꯋꯥꯔꯤ    ꯁꯥꯟꯅ ꯗꯕ    ꯀꯨꯏ ꯔꯦ꯫ ,21,8
2028,ꯅꯣꯏꯔꯣꯝꯗ ꯀꯔꯤꯝꯇ ꯇꯦꯛꯇ ꯀꯥꯏꯗꯅ ꯂꯩꯔꯤꯕ꯭ꯔꯣ,ꯅ ꯣꯏ ꯔꯣꯝꯗ    ꯀꯔꯤ ꯝ ꯇ    ꯇꯦ ꯛꯇ    ꯀꯥꯏ ꯗꯅ    ꯂꯩꯔꯤ ꯕ꯭ꯔꯣ,29,12
2029,ꯍꯥꯏ ꯗꯦꯋꯪꯒ,ꯍꯥꯏ    ꯗꯦ ꯋ ꯪ ꯒ ,8,5
2030,ꯑꯩ ꯅꯨꯉꯥꯏꯔꯤꯌꯦ꯫,ꯑ ꯩ    ꯅꯨ ꯉꯥꯏ ꯔꯤ ꯌꯦ ꯫ ,12,7
2031,"ꯍꯣꯏ, ꯈꯔ ꯑꯗꯨꯝ ꯀꯨꯏꯔꯦ꯫","ꯍ ꯣꯏ ,    ꯈꯔ    ꯑꯗꯨꯝ    ꯀꯨꯏ ꯔꯦ꯫ ",16,7
2032,ꯑꯩꯒꯤ ꯏꯅꯥꯎꯄꯥ ꯀꯖꯤꯟ ꯑꯃ ꯅꯠꯇꯅ ꯂꯣꯏꯅꯃꯛ ꯐꯔꯤ꯫,ꯑ ꯩꯒꯤ    ꯏ ꯅꯥꯎ ꯄꯥ    ꯀ ꯖꯤꯟ    ꯑꯃ    ꯅꯠꯇꯅ    ꯂꯣꯏꯅ ꯃꯛ    ꯐ ꯔꯤ꯫ ,30,13
2033,ꯑꯣ,ꯑꯣ ,2,1
2034,ꯀꯩ ꯇꯧꯔꯒꯦ ꯃꯥ,ꯀꯩ    ꯇꯧ ꯔ ꯒꯦ    ꯃꯥ ,9,5
2035,ꯑꯩꯗꯤ ꯀꯅꯥꯝꯇꯗꯒꯤ ꯀꯩꯝ ꯇꯥꯗ꯭ꯔꯤ꯫,ꯑꯩ ꯗꯤ    ꯀꯅꯥ ꯝ ꯇ ꯗꯒꯤ    ꯀꯩ ꯝ    ꯇꯥ ꯗ꯭ꯔꯤ꯫ ,22,10
2036,ꯃꯥ ꯐꯔꯕꯣ ꯍꯧꯖꯤꯛꯇꯤ,ꯃꯥ    ꯐꯔ ꯕꯣ   ꯍꯧꯖꯤꯛꯇꯤ ,13,4
2037,ꯆꯌꯣꯜ ꯑꯅꯤ ꯃꯃꯥꯡꯗ ꯃꯥ ꯑꯦꯛꯁꯤꯗꯦꯟꯇ ꯑꯃ ꯊꯣꯛꯈꯤꯕ꯫,ꯆꯌꯣꯜ    ꯑꯅꯤ    ꯃꯃꯥꯡꯗ    ꯃꯥ    ꯑꯦꯛ ꯁꯤꯗꯦꯟ ꯇ    ꯑꯃ    ꯊꯣꯛ ꯈꯤꯕ ꯫ ,32,11
2038,ꯏꯁꯣꯔꯅ ꯆꯥꯟꯕꯤꯗꯨꯅ ꯍꯧꯖꯤꯛꯇꯤ ꯐꯖꯅ ꯐꯒꯠꯂꯛꯂꯤ꯫,ꯏ ꯁꯣ ꯔꯅ    ꯆꯥꯟ ꯕꯤ ꯗꯨꯅ    ꯍꯧꯖꯤꯛꯇꯤ    ꯐꯖꯅ    ꯐꯒꯠ ꯂꯛ ꯂꯤ꯫ ,31,11
2039,ꯏꯁꯣꯔꯒꯤ ꯊꯧꯖꯥꯜꯅ ꯆꯪꯈꯤꯕ ꯁꯦꯜꯁꯤꯡꯗꯣ ꯍꯦꯜꯊ ꯏꯟꯁꯨꯔꯦꯟꯁꯅ ꯀꯣꯕꯔ ꯇꯧꯈ꯭ꯔꯦ꯫,ꯏ ꯁꯣ ꯔꯒꯤ    ꯊꯧ ꯖꯥ ꯜꯅ    ꯆꯪ ꯈꯤꯕ    ꯁꯦꯜ ꯁꯤꯡ ꯗꯣ    ꯍꯦꯜ ꯊ    ꯏꯟꯁꯨꯔꯦꯟ ꯁꯅ    ꯀꯣ ꯕꯔ    ꯇꯧ ꯈ꯭ꯔꯦ꯫ ,49,19
2040,ꯃꯥ ꯐꯒꯠꯂꯤ ꯍꯥꯏꯕ ꯇꯥꯕꯗ ꯅꯨꯉꯥꯏꯌꯦ꯫,ꯃꯥ    ꯐꯒꯠ ꯂꯤ    ꯍꯥꯏꯕ    ꯇꯥ ꯕꯗ    ꯅꯨ ꯉꯥꯏ ꯌꯦ ꯫ ,23,10
2041,ꯍꯦꯜꯊ ꯏꯟꯁꯨꯔꯦꯟꯁ ꯑꯗꯨ ꯀꯩ ꯑꯣꯏꯈꯤꯒꯦ,ꯍꯦꯜ ꯊ    ꯏꯟꯁꯨꯔꯦꯟꯁ    ꯑꯗꯨ    ꯀꯩ    ꯑꯣꯏ ꯈꯤ ꯒꯦ ,24,8
2042,ꯑꯩꯁꯨ ꯍꯦꯜꯊ ꯏꯟꯁꯨꯔꯦꯟꯁ ꯑꯃ ꯂꯩꯕꯒꯤ ꯈꯜꯂꯤ꯫,ꯑꯩ ꯁꯨ    ꯍꯦꯜ ꯊ    ꯏꯟꯁꯨꯔꯦꯟꯁ    ꯑꯃ    ꯂꯩꯕꯒꯤ    ꯈ ꯜꯂꯤ꯫ ,28,9
2043,ꯃꯥꯒꯤ ꯍꯦꯜꯊ ꯏꯟꯁꯨꯔꯦꯟꯁꯇꯣ ꯁ꯭ꯇꯥꯔ ꯍꯦꯜꯊ ꯏꯟꯁꯨꯔꯦꯟꯁꯅꯦ꯫,ꯃꯥꯒꯤ    ꯍꯦꯜ ꯊ    ꯏꯟꯁꯨꯔꯦꯟ ꯁ ꯇꯣ    ꯁ꯭ꯇꯥꯔ    ꯍꯦꯜ ꯊ    ꯏꯟꯁꯨꯔꯦꯟ ꯁ ꯅꯦ ꯫ ,38,13
2044,ꯃꯥꯅ ꯐꯦꯃꯤꯂꯤ ꯐ꯭ꯂꯣꯇꯔ ꯏꯟꯁꯨꯔꯦꯟꯁ ꯑꯃ ꯂꯩꯈꯤ꯫,ꯃꯥꯅ    ꯐꯦ ꯃꯤ ꯂꯤ    ꯐ꯭ꯂꯣ ꯇꯔ    ꯏꯟꯁꯨꯔꯦꯟꯁ    ꯑꯃ    ꯂꯩꯈꯤ꯫ ,30,9
2045,ꯃꯁꯤꯅ ꯏꯃꯨꯡꯒꯤ ꯃꯤꯑꯣꯏ ꯵ ꯐꯥꯎꯕ ꯀꯣꯜꯂꯤ꯫,ꯃꯁꯤꯅ    ꯏꯃꯨꯡꯒꯤ    ꯃꯤꯑꯣꯏ    ꯵    ꯐꯥꯎꯕ    ꯀꯣ ꯜꯂꯤ꯫ ,26,7
2046,ꯄ꯭ꯔꯤꯃꯤꯌꯝꯒꯤ ꯁꯦꯟꯐꯝꯗꯣ ꯀꯌꯥꯅꯣ,ꯄ꯭ꯔꯤ ꯃꯤꯌ ꯝꯒꯤ    ꯁꯦꯟ ꯐꯝ ꯗꯣ    ꯀꯌꯥ ꯅꯣ ,22,8
2047,ꯃꯁꯤ ꯑꯩꯈꯣꯏꯅ ꯊꯥ-ꯊꯥꯒꯤ ꯔꯤꯅ꯭ꯌꯨ ꯇꯧꯕ ꯇꯥꯕ꯭ꯔ,ꯃꯁꯤ    ꯑꯩꯈꯣꯏꯅ    ꯊꯥ - ꯊꯥꯒꯤ    ꯔꯤ ꯅ꯭ꯌꯨ    ꯇꯧꯕ    ꯇꯥ ꯕ꯭ꯔ,30,10
2048,ꯃꯗꯨ ꯑꯩꯈꯣꯏꯅ ꯀꯃꯥꯏꯅ ꯂꯩꯕ ꯌꯥꯒꯦ,ꯃꯗꯨ    ꯑꯩꯈꯣꯏꯅ    ꯀ ꯃꯥꯏ ꯅ    ꯂꯩꯕ    ꯌꯥ ꯒꯦ ,21,8
2049,ꯃꯁꯤꯅ ꯀꯦꯁꯂꯦꯁ ꯍꯣꯁꯄꯤꯇꯥꯂꯥꯏꯖꯦꯁꯟ ꯐꯦꯁꯤꯂꯤꯇꯤ ꯄꯤꯕ꯭ꯔ,ꯃꯁꯤꯅ    ꯀꯦꯁ ꯂꯦꯁ    ꯍꯣ ꯁ ꯄꯤ ꯇꯥ ꯂꯥꯏꯖ ꯦꯁꯟ    ꯐꯦ ꯁꯤ ꯂꯤꯇꯤ    ꯄꯤ ꯕ꯭ꯔ,37,14
2050,ꯄ꯭ꯔꯤꯃꯤꯌꯝꯁꯦ ꯅꯪꯅ ꯈꯟꯕ ꯄ꯭ꯂꯥꯟꯗꯨꯒꯤ ꯃꯇꯨꯡ ꯏꯟꯅ ꯈꯦꯠꯅꯩ꯫,ꯄ꯭ꯔꯤ ꯃꯤꯌ ꯝ ꯁꯦ    ꯅꯪ ꯅ    ꯈꯟꯕ    ꯄ꯭ꯂꯥꯟ ꯗꯨꯒꯤ    ꯃꯇꯨꯡ    ꯏꯟꯅ    ꯈꯦꯠ ꯅꯩ꯫ ,38,13
2051,ꯄ꯭ꯂꯥꯟ ꯀꯌꯥꯑꯃꯗꯒꯤ ꯅꯪꯅ ꯈꯟꯕ ꯌꯥꯏ꯫,ꯄ꯭ ꯂꯥꯟ    ꯀꯌꯥ ꯑꯃꯗꯒꯤ    ꯅꯪ ꯅ    ꯈꯟꯕ    ꯌꯥꯏ꯫ ,23,8
2052,ꯑꯀꯨꯞꯄ ꯃꯔꯣꯜꯁꯤꯡ ꯑꯣꯟꯂꯥꯏꯟꯗ ꯐꯪꯅꯤ꯫,ꯑꯀꯨꯞꯄ    ꯃꯔꯣ ꯜꯁꯤꯡ    ꯑꯣꯟꯂꯥꯏꯟꯗ    ꯐꯪ ꯅꯤ꯫ ,25,6
2053,"ꯅꯪꯅ ꯄ꯭ꯔꯤꯃꯤꯌꯝꯗꯣ ꯊꯥ ꯈꯨꯗꯤꯡꯒꯤ, ꯊꯥ ꯑꯍꯨꯝ ꯈꯨꯗꯤꯡꯒꯤ, ꯊꯥ ꯇꯔꯨꯛ ꯈꯨꯗꯤꯡꯒꯤ ꯅꯠꯇ꯭ꯔꯒ ꯆꯍꯤ ꯈꯨꯗꯤꯡꯒꯤ ꯑꯣꯏꯅ ꯊꯤꯕ ꯌꯥꯏ꯫","ꯅꯪ ꯅ    ꯄ꯭ꯔꯤ ꯃꯤꯌ ꯝ ꯗꯣ    ꯊꯥ    ꯈꯨꯗꯤꯡ ꯒꯤ,    ꯊꯥ    ꯑꯍꯨꯝ    ꯈꯨꯗꯤꯡ ꯒꯤ,    ꯊꯥ    ꯇꯔꯨꯛ    ꯈꯨꯗꯤꯡꯒꯤ    ꯅꯠꯇ꯭ꯔꯒ    ꯆꯍꯤ    ꯈꯨꯗꯤꯡꯒꯤ    ꯑꯣꯏꯅ    ꯊꯤꯕ    ꯌꯥꯏ꯫ ",77,22
2054,"ꯍꯣꯏ, ꯃꯁꯤꯒꯤ ꯏꯟꯁꯨꯔꯦꯟꯁ ꯑꯁꯤꯅ ꯃꯈꯣꯏꯒꯤ ꯅꯦꯠꯋꯔꯛ ꯍꯣꯁꯄꯤꯇꯥꯜꯁꯤꯡꯒꯤ ꯈꯨꯊꯥꯡꯗ ꯀꯦꯁꯂꯦꯁ ꯍꯣꯁꯄꯤꯇꯥꯂꯥꯏꯖꯦꯁꯟ ꯐꯦꯁꯤꯂꯤꯇꯤ ꯄꯤ꯫","ꯍ ꯣꯏ ,    ꯃꯁꯤꯒꯤ    ꯏꯟꯁꯨꯔꯦꯟꯁ    ꯑꯁꯤꯅ    ꯃꯈꯣꯏꯒꯤ    ꯅꯦꯠ ꯋꯔ ꯛ    ꯍꯣ ꯁ ꯄꯤ ꯇꯥ ꯜꯁꯤꯡꯒꯤ    ꯈꯨ ꯊꯥꯡꯗ    ꯀꯦꯁ ꯂꯦꯁ    ꯍꯣ ꯁ ꯄꯤ ꯇꯥ ꯂꯥꯏꯖ ꯦꯁꯟ    ꯐꯦ ꯁꯤ ꯂꯤꯇꯤ    ꯄꯤ꯫ ",83,29
2055,ꯃꯈꯣꯏ ꯚꯥꯔꯠ ꯄꯨꯝꯕꯗ ꯃꯈꯣꯏꯒꯤ ꯅꯦꯠꯋꯔꯛꯀꯤ ꯃꯈꯥꯗ ꯍꯣꯁꯄꯤꯇꯥꯜ ꯵꯰꯰ ꯍꯦꯟꯅ ꯂꯩ꯫,ꯃꯈꯣꯏ    ꯚꯥꯔꯠ    ꯄꯨꯝꯕꯗ    ꯃꯈꯣꯏꯒꯤ    ꯅꯦꯠ ꯋ ꯔꯛ ꯀꯤ    ꯃꯈꯥꯗ    ꯍꯣ ꯁ ꯄꯤ ꯇꯥ ꯜ    ꯵꯰꯰    ꯍꯦꯟꯅ    ꯂꯩ꯫ ,49,17
2056,ꯃꯗꯨ ꯌꯥꯝꯅ ꯐꯕ ꯃꯥꯜꯂꯤ,ꯃꯗꯨ    ꯌꯥꯝꯅ    ꯐꯕ    ꯃꯥ ꯜꯂꯤ ,14,5
2057,ꯀꯦꯁꯂꯦꯁ ꯍꯣꯁꯄꯤꯇꯥꯂꯥꯏꯖꯦꯁꯟ ꯐꯦꯁꯤꯂꯤꯇꯤꯅ ꯍꯣꯁꯄꯤꯇꯥꯜ ꯑꯃꯗ ꯑꯦꯗꯃꯤꯠ ꯇꯧꯕ ꯃꯇꯝꯗ ꯃꯊꯥ ꯁꯥꯕ ꯍꯟꯊꯍꯜꯂꯤ꯫,ꯀꯦꯁ ꯂꯦꯁ    ꯍꯣ ꯁ ꯄꯤ ꯇꯥ ꯂꯥꯏꯖ ꯦꯁꯟ    ꯐꯦ ꯁꯤ ꯂꯤ ꯇꯤꯅ    ꯍꯣ ꯁ ꯄꯤ ꯇꯥ ꯜ    ꯑꯃꯗ    ꯑꯦꯗ ꯃꯤꯠ    ꯇꯧꯕ    ꯃꯇꯝꯗ    ꯃꯊ ꯥ    ꯁꯥꯕ    ꯍꯟꯊ ꯍꯜꯂꯤ꯫ ,67,27
2058,ꯑꯩꯈꯣꯏ ꯃꯇꯝ ꯄꯨꯞꯕꯗ ꯁꯦꯜ ꯂꯩꯗꯨꯅ ꯂꯩꯗꯦ꯫,ꯑꯩꯈ ꯣꯏ    ꯃꯇꯝ    ꯄꯨ ꯞ ꯕꯗ    ꯁꯦꯜ    ꯂꯩ ꯗꯨꯅ    ꯂꯩ ꯗꯦ꯫ ,26,11
2059,"ꯈ꯭ꯋꯥꯏ ꯃꯔꯨꯑꯣꯏꯅ, ꯑꯩꯈꯣꯏ ꯀꯔꯝꯀꯥꯟꯗ ꯑꯃꯗꯤ ꯀꯔꯝꯅ ꯑꯋꯥ-ꯑꯅꯥꯅ ꯑꯩꯈꯣꯏꯒꯤ ꯊꯣꯡꯗ ꯊꯨꯡꯒꯅꯤ ꯍꯥꯏꯕ ꯈꯪꯗꯦ꯫","ꯈ꯭ꯋ ꯥꯏ    ꯃꯔꯨ ꯑꯣꯏꯅ,    ꯑꯩꯈ ꯣꯏ    ꯀꯔꯝ ꯀꯥꯟ ꯗ    ꯑꯃꯗꯤ    ꯀꯔꯝꯅ    ꯑꯋꯥ -ꯑ ꯅꯥꯅ    ꯑꯩꯈ ꯣꯏꯒꯤ    ꯊꯣꯡ ꯗ    ꯊꯨꯡ ꯒꯅꯤ    ꯍꯥꯏꯕ    ꯈꯪ ꯗꯦ꯫ ",67,23
2060,ꯃꯤꯡ ꯆꯟꯕ ꯃꯇꯝꯗ ꯑꯩꯈꯣꯏꯅ ꯃꯦꯗꯤꯀꯦꯜ ꯁꯔꯇꯤꯐꯤꯀꯦꯠ ꯑꯃ ꯄꯨꯊꯣꯛꯄ ꯃꯊꯧ ꯇꯥꯕ꯭ꯔ,ꯃꯤꯡ    ꯆꯟꯕ    ꯃꯇꯝꯗ    ꯑꯩꯈꯣꯏꯅ    ꯃꯦꯗꯤ ꯀꯦꯜ    ꯁꯔ ꯇꯤꯐꯤ ꯀꯦꯠ    ꯑꯃ    ꯄꯨꯊꯣꯛꯄ    ꯃꯊꯧ    ꯇꯥ ꯕ꯭ꯔ,48,14
2061,ꯆꯍꯤ ꯴꯰ꯒꯤ ꯃꯊꯛꯀꯤ ꯑꯣꯏꯗꯕ ꯑꯦꯄ꯭ꯂꯤꯀꯦꯟꯇꯁꯤꯡꯒꯤꯗꯃꯛꯇꯗꯤ ꯃꯦꯗꯤꯀꯦꯜ ꯁꯔꯇꯤꯐꯤꯀꯦꯠ ꯃꯊꯧ ꯇꯥꯗꯦ꯫,ꯆꯍꯤ    ꯴ ꯰ꯒꯤ    ꯃꯊ ꯛꯀꯤ    ꯑꯣꯏꯗꯕ    ꯑꯦ ꯄ꯭ꯂꯤ ꯀꯦꯟ ꯇ ꯁꯤꯡ ꯒꯤꯗꯃꯛꯇ ꯗꯤ    ꯃꯦꯗꯤ ꯀꯦꯜ    ꯁꯔ ꯇꯤꯐꯤ ꯀꯦꯠ    ꯃꯊꯧ    ꯇꯥ ꯗꯦ꯫ ,62,21
2062,"ꯐꯣꯔꯝ ꯑꯗꯨꯗ ꯅꯪꯅ ꯅꯪꯒꯤ ꯍꯥꯟꯅꯗꯒꯤ ꯂꯩꯔꯛꯂꯕ ꯑꯅꯥꯕꯁꯤꯡꯒꯤ ꯃꯇꯥꯡꯗ, ꯀꯔꯤꯒꯨꯝꯕ ꯂꯩꯔꯕꯗꯤ, ꯈꯪꯍꯟꯒꯗꯕꯅꯤ꯫","ꯐꯣꯔꯝ    ꯑꯗꯨꯗ    ꯅꯪ ꯅ    ꯅꯪ ꯒꯤ    ꯍꯥꯟꯅꯗꯒꯤ    ꯂꯩ ꯔꯛꯂꯕ    ꯑꯅꯥ ꯕꯁꯤꯡꯒꯤ    ꯃꯇꯥꯡ ꯗ,    ꯀꯔꯤꯒꯨꯝꯕ    ꯂꯩꯔꯕꯗꯤ,    ꯈꯪꯍꯟ ꯒꯗꯕꯅꯤ꯫ ",67,17
2063,ꯃꯤꯡ ꯆꯟꯕꯒꯤ ꯊꯧꯑꯣꯡꯁꯦ ꯑꯔꯥꯏꯕ ꯑꯃꯅꯤ꯫,ꯃꯤꯡ    ꯆꯟ ꯕꯒꯤ    ꯊꯧꯑꯣ ꯡ ꯁꯦ    ꯑꯔ ꯥꯏ ꯕ    ꯑꯃꯅꯤ꯫ ,25,10
2064,ꯃꯁꯤꯒꯤ ꯏꯟꯁꯨꯔꯦꯟꯁ ꯑꯁꯤ ꯑꯩ ꯑꯣꯟꯂꯥꯏꯟꯗ ꯂꯩꯕ ꯌꯥꯕ꯭ꯔ,ꯃꯁꯤꯒꯤ    ꯏꯟꯁꯨꯔꯦꯟꯁ    ꯑꯁꯤ    ꯑ ꯩ    ꯑꯣꯟꯂꯥꯏꯟꯗ    ꯂꯩꯕ    ꯌꯥ ꯕ꯭ꯔ,34,9
2065,ꯄꯣꯂꯤꯁꯤ ꯀꯣꯄꯤ ꯑꯗꯨ ꯈꯨꯠꯇ ꯀꯔꯝ ꯀꯥꯟꯗ ꯐꯪꯕ ꯌꯥꯏ,ꯄꯣꯂꯤ ꯁꯤ    ꯀꯣ ꯄꯤ    ꯑꯗꯨ    ꯈꯨ ꯠꯇ    ꯀꯔ ꯝ    ꯀꯥꯟ ꯗ    ꯐꯪꯕ    ꯌꯥꯏ ,30,13
2066,ꯃꯈꯣꯏꯅ ꯄꯣꯁꯠꯇ ꯊꯥꯔꯛꯄ꯭ꯔ,ꯃꯈꯣꯏꯅ    ꯄꯣ ꯁ ꯠꯇ    ꯊꯥꯔꯛ ꯄ꯭ꯔ,17,6
2067,"ꯍꯣꯏ, ꯅꯪ ꯃꯁꯤ ꯑꯣꯟꯂꯥꯏꯟꯗ ꯂꯩꯕ ꯌꯥꯏ꯫","ꯍ ꯣꯏ ,    ꯅ ꯪ    ꯃꯁꯤ    ꯑꯣꯟꯂꯥꯏꯟꯗ    ꯂꯩꯕ    ꯌꯥꯏ꯫ ",24,9
2068,ꯑꯣꯟꯂꯥꯏꯟꯗ ꯄꯩꯁꯥ ꯊꯤꯔꯕ ꯃꯇꯨꯡꯗ ꯃꯈꯣꯏꯅ ꯅꯉꯣꯟꯗ ꯄꯣꯂꯤꯁꯤ ꯑꯗꯨꯒꯤ ꯁꯣꯐꯠ ꯀꯣꯄꯤ ꯑꯗꯨ ꯅꯪꯒꯤ ꯃꯦꯜꯗ ꯊꯥꯔꯛꯀꯅꯤ꯫,ꯑꯣꯟꯂꯥꯏꯟꯗ    ꯄꯩ ꯁꯥ    ꯊꯤ ꯔꯕ    ꯃꯇꯨꯡꯗ    ꯃꯈꯣꯏꯅ    ꯅꯉꯣꯟꯗ    ꯄꯣꯂꯤ ꯁꯤ    ꯑꯗꯨꯒꯤ    ꯁꯣꯐ ꯠ    ꯀꯣ ꯄꯤ    ꯑꯗꯨ    ꯅꯪ ꯒꯤ    ꯃꯦ ꯜꯗ    ꯊꯥꯔꯛ ꯀꯅꯤ꯫ ,69,22
2069,ꯃꯗꯨꯒꯤ ꯍꯥꯔꯗ ꯀꯣꯄꯤ ꯑꯃꯅ ꯄꯣꯁꯠꯀꯤ ꯈꯨꯊꯥꯡꯗ ꯅꯉꯣꯟꯗ ꯌꯧꯔꯛꯀꯅꯤ꯫,ꯃꯗꯨꯒꯤ    ꯍꯥꯔ ꯗ    ꯀꯣ ꯄꯤ    ꯑꯃꯅ    ꯄꯣ ꯁꯠꯀꯤ    ꯈꯨ ꯊꯥꯡꯗ    ꯅꯉꯣꯟꯗ    ꯌꯧ ꯔꯛ ꯀꯅꯤ꯫ ,41,14
2070,ꯑꯀꯨꯞꯄ ꯃꯔꯣꯜꯁꯤꯡꯒꯤꯗꯃꯛ ꯃꯈꯣꯏꯒꯤ ꯋꯦꯕꯁꯥꯏꯠꯇ ꯆꯪꯕꯤꯌꯨ꯫,ꯑꯀꯨꯞꯄ    ꯃꯔꯣ ꯜ ꯁꯤꯡꯒꯤꯗꯃꯛ    ꯃꯈꯣꯏꯒꯤ    ꯋꯦꯕꯁꯥꯏ ꯠꯇ    ꯆꯪ ꯕꯤꯌꯨ꯫ ,38,9
2071,ꯑꯩ ꯅꯉꯣꯟꯗ ꯂꯤꯡꯀ ꯊꯥꯔꯛꯀꯦ꯫,ꯑ ꯩ    ꯅꯉꯣꯟꯗ    ꯂꯤꯡ ꯀ    ꯊꯥꯔꯛ ꯀꯦ ꯫ ,18,8
2072,"ꯒꯣꯋꯥꯅꯦ, ꯕꯦꯕꯤ","ꯒꯣ ꯋꯥ ꯅꯦ ,    ꯕꯦ ꯕꯤ ",11,6
2073,ꯑꯩꯈꯣꯏ ꯁꯣꯏꯗꯕꯤꯗ ꯆꯠꯂꯦ ꯍꯥꯏꯕꯁꯤ ꯑꯩ ꯊꯥꯖꯗꯦ꯫,ꯑꯩꯈ ꯣꯏ    ꯁꯣꯏ ꯗ ꯕꯤꯗ    ꯆꯠ ꯂꯦ    ꯍꯥꯏꯕꯁꯤ    ꯑ ꯩ    ꯊꯥꯖ ꯗꯦ꯫ ,30,12
2074,ꯃꯁꯤꯒꯤꯁꯤꯅ ꯑꯩꯈꯣꯏꯅ ꯆꯠꯁꯦꯅ ꯈꯟꯅꯈꯤꯕꯗ ꯇꯔꯦꯠꯁꯨꯕꯅꯤ꯫,ꯃꯁꯤ ꯒꯤ ꯁꯤꯅ    ꯑꯩꯈꯣꯏꯅ    ꯆꯠ ꯁꯦ ꯅ    ꯈꯟꯅ ꯈꯤ ꯕꯗ    ꯇꯔꯦ ꯠ ꯁꯨ ꯕꯅꯤ꯫ ,36,14
2075,ꯃꯁꯤ ꯆꯞ-ꯆꯥꯅ ꯗꯤꯜ ꯆꯥꯍꯇꯥ ꯍꯦꯒꯤ ꯐꯤꯕꯝ ꯗꯨꯅꯤ꯫,ꯃꯁꯤ    ꯆ ꯞ- ꯆꯥꯅ    ꯗꯤꯜ    ꯆꯥ ꯍ ꯇꯥ    ꯍꯦ ꯒꯤ    ꯐꯤꯕꯝ    ꯗꯨ ꯅꯤ꯫ ,30,13
2076,ꯑꯃꯁꯨꯡ ꯑꯔꯣꯏꯕꯗ ꯃꯁꯤ ꯑꯣꯏꯊꯣꯛꯂꯦ꯫,ꯑꯃꯁꯨꯡ    ꯑꯔꯣꯏꯕꯗ    ꯃꯁꯤ    ꯑꯣꯏ ꯊꯣꯛ ꯂꯦ꯫ ,23,6
2077,ꯀꯔꯤꯒꯨꯝꯕ ꯃꯁꯤ ꯀꯟꯚꯔꯇꯤꯕꯜ ꯑꯃꯁꯨꯡ ꯑꯉꯥꯡꯕ ꯃꯆꯨ ꯑꯣꯏꯔꯝꯂꯕꯗꯤ,ꯀꯔꯤꯒꯨꯝꯕ    ꯃꯁꯤ    ꯀꯟ ꯚꯔ ꯇꯤ ꯕꯜ    ꯑꯃꯁꯨꯡ    ꯑꯉꯥꯡ ꯕ    ꯃꯆꯨ    ꯑꯣꯏꯔꯝ ꯂꯕꯗꯤ ,40,12
2078,"ꯑꯩ ꯈꯪꯉꯤ, ꯆꯨꯝꯗ꯭ꯔꯅꯦ","ꯑ ꯩ    ꯈꯪ ꯉꯤ ,    ꯆꯨꯝ ꯗ꯭ꯔ ꯅꯦ ",15,8
2079,ꯃꯁꯤꯗ ꯌꯥꯝ ꯍꯦꯟꯅ ꯅꯨꯡꯉꯥꯏꯕ ꯐꯥꯎꯋꯤ꯫,ꯃꯁꯤꯗ    ꯌꯥꯝ    ꯍꯦꯟꯅ    ꯅꯨꯡꯉꯥꯏꯕ    ꯐꯥꯎ ꯋꯤ꯫ ,24,6
2080,"ꯑꯗꯨꯅ, ꯈꯣꯡꯆꯠ ꯑꯗꯨꯒꯤꯗꯃꯛ ꯑꯩꯈꯣꯏꯒꯤ ꯊꯧꯔꯥꯡ ꯑꯃ ꯂꯩꯕ꯭ꯔ","ꯑꯗꯨ ꯅ,    ꯈꯣꯡꯆꯠ    ꯑꯗꯨꯒꯤꯗꯃꯛ    ꯑꯩꯈ ꯣꯏꯒꯤ    ꯊꯧꯔꯥꯡ    ꯑꯃ    ꯂꯩꯕ ꯭ꯔ",37,10
2081,"ꯑꯩꯕꯨ ꯀꯔꯤꯅꯣꯅꯦ ꯈꯟꯒꯅꯨ, ꯑꯗꯨꯕꯨ ꯃꯁꯤ ꯑꯩꯒꯤ ꯍꯧꯖꯤꯛꯐꯥꯎꯕꯗ ꯑꯍꯥꯟꯕ ꯂꯝꯕꯤꯗ ꯆꯠꯄꯒꯤ ꯈꯣꯡꯆꯠꯅꯤ꯫","ꯑꯩ ꯕꯨ    ꯀꯔꯤ ꯅꯣ ꯅꯦ    ꯈꯟ ꯒꯅꯨ ,    ꯑꯗꯨꯕꯨ    ꯃꯁꯤ    ꯑ ꯩꯒꯤ    ꯍꯧꯖꯤꯛ ꯐꯥꯎꯕꯗ    ꯑꯍꯥꯟꯕ    ꯂꯝꯕꯤꯗ    ꯆꯠꯄꯒꯤ    ꯈꯣꯡꯆꯠ ꯅꯤ꯫ ",62,19
2082,ꯑꯩꯅ ꯉꯔꯥꯡ ꯑꯍꯤꯡ ꯁꯦꯝꯈꯤꯕ ꯈ꯭ꯋꯥꯏꯒꯤ ꯐꯖꯕ ꯄ꯭ꯂꯦꯂꯤꯁꯠ ꯑꯗꯨ ꯑꯩꯈꯣꯏꯅ ꯇꯥꯒꯅꯤ꯫,ꯑꯩ ꯅ    ꯉ ꯔꯥꯡ    ꯑ ꯍꯤ ꯡ    ꯁꯦꯝꯈꯤꯕ    ꯈ꯭ꯋ ꯥꯏ ꯒꯤ    ꯐꯖꯕ    ꯄ꯭ꯂꯦ ꯂꯤꯁꯠ    ꯑꯗꯨ    ꯑꯩꯈꯣꯏꯅ    ꯇꯥ ꯒꯅꯤ꯫ ,50,18
2083,ꯊꯧꯕꯗ ꯁꯤꯟꯅꯒꯅꯤ꯫,ꯊꯧ ꯕꯗ    ꯁꯤꯟ ꯅ ꯒꯅꯤ꯫ ,12,5
2084,ꯑꯃꯁꯨꯡ ꯈ꯭ꯋꯥꯏꯗꯒꯤ ꯐꯖꯕ ꯄꯤꯛꯆꯔꯁꯤꯡꯒꯤꯗꯝꯀ ꯂꯦꯞꯀꯅꯤ꯫,ꯑꯃꯁꯨꯡ    ꯈ꯭ꯋꯥꯏꯗꯒꯤ    ꯐꯖꯕ    ꯄꯤꯛ ꯆꯔ ꯁꯤꯡ ꯒꯤꯗ ꯝ ꯀ    ꯂꯦꯞ ꯀꯅꯤ꯫ ,36,11
2085,ꯃꯔꯝꯗꯤ ꯂꯝꯕꯤꯗꯒꯤ ꯎꯔꯤꯕ ꯃꯤꯠꯐꯝꯁꯤꯡ ꯑꯗꯨ ꯌꯥꯝꯅ ꯐꯖꯕꯅꯤ꯫,ꯃꯔꯝꯗꯤ    ꯂꯝꯕꯤ ꯗꯒꯤ    ꯎ ꯔꯤꯕ    ꯃꯤꯠ ꯐꯝꯁꯤꯡ    ꯑꯗꯨ    ꯌꯥꯝꯅ    ꯐꯖ ꯕꯅꯤ꯫ ,37,11
2086,ꯅꯉꯣꯟꯗ ꯕꯣꯂꯤꯋꯨꯗꯀꯤ ꯂꯝꯕꯤ ꯆꯠꯄꯒꯤ ꯏꯁꯩ ꯄꯨꯝꯅꯃꯛ ꯌꯥꯎꯔꯝꯂꯅꯤ ꯈꯜꯂꯤ꯫,ꯅꯉꯣꯟꯗ    ꯕꯣꯂꯤꯋꯨꯗꯀꯤ    ꯂꯝꯕꯤ    ꯆꯠꯄꯒꯤ    ꯏꯁꯩ    ꯄꯨꯝꯅꯃꯛ    ꯌꯥꯎ ꯔꯝ ꯂ ꯅꯤ    ꯈ ꯜꯂꯤ꯫ ,45,12
2087,ꯖꯤꯟꯗꯒꯤ ꯅꯥ ꯃꯤꯂꯦꯒꯤ ꯗꯨꯕꯥꯔꯥ ꯑꯃꯁꯨꯡ ꯗꯤꯜ ꯆꯥꯍꯇꯥ ꯍꯦ ꯌꯥꯎꯗꯅ ꯂꯝꯕꯤꯒꯤ ꯈꯣꯡꯆꯠ ꯑꯃꯠꯇ ꯑꯩ ꯆꯠꯇꯦ꯫,ꯖꯤꯟ ꯗꯒꯤ    ꯅꯥ    ꯃꯤ ꯂꯦ ꯒꯤ    ꯗꯨ ꯕꯥꯔ ꯥ    ꯑꯃꯁꯨꯡ    ꯗꯤꯜ    ꯆꯥ ꯍ ꯇꯥ    ꯍꯦ    ꯌꯥꯎꯗꯅ    ꯂꯝꯕꯤꯒꯤ    ꯈꯣꯡꯆꯠ    ꯑꯃꯠꯇ    ꯑ ꯩ    ꯆꯠ ꯇꯦ ꯫ ,62,24
2088,ꯑꯁꯦꯡꯕꯅꯤ,ꯑ ꯁꯦꯡ ꯕꯅꯤ ,7,3
2089,ꯕꯣꯂꯤꯋꯨꯗꯅ ꯑꯩꯈꯣꯏꯕꯨ ꯃꯥꯡꯍꯜꯂꯕꯅꯤ ꯈꯜꯂꯤꯕꯅꯤ ꯑꯩꯗꯤ꯫,ꯕꯣꯂꯤꯋꯨ ꯗꯅ    ꯑꯩꯈ ꯣꯏ ꯕꯨ    ꯃꯥꯡ ꯍꯜꯂ ꯕꯅꯤ    ꯈ ꯜꯂꯤ ꯕꯅꯤ    ꯑꯩ ꯗ ꯤ꯫ ,36,14
2090,ꯊꯦꯡꯅꯔꯛꯄ ꯈꯨꯗꯤꯡꯃꯛ ꯑꯩꯈꯣꯏꯅ ꯃꯁꯤꯒ ꯆꯥꯡꯗꯝꯅꯅꯕ ꯍꯣꯠꯅꯩ꯫,ꯊꯦꯡꯅ ꯔꯛꯄ    ꯈꯨꯗꯤꯡꯃꯛ    ꯑꯩꯈꯣꯏꯅ    ꯃꯁꯤꯒ    ꯆꯥꯡꯗꯝꯅ ꯅꯕ    ꯍꯣꯠ ꯅꯩ꯫ ,38,9
2091,ꯑꯗꯨꯕꯨ ꯃꯁꯤꯅ ꯁꯦꯝꯕ ꯑꯐꯕ ꯊꯥꯛꯁꯤꯡ ꯈꯔꯗꯤ ꯑꯗꯨꯃꯛ ꯂꯩ꯫,ꯑꯗꯨꯕꯨ    ꯃꯁꯤꯅ    ꯁꯦꯝꯕ    ꯑꯐꯕ    ꯊꯥꯛ ꯁꯤꯡ    ꯈꯔꯗꯤ    ꯑꯗꯨ ꯃꯛ    ꯂꯩ꯫ ,34,10
2092,"ꯁꯤꯗ ꯂꯩꯔꯦ, ꯃꯁꯤꯒ ꯁꯝꯖꯤꯜꯂꯁꯤ꯫","ꯁꯤꯗ    ꯂꯩ ꯔꯦ ,    ꯃꯁꯤꯒ    ꯁꯝ ꯖꯤ ꯜꯂ ꯁꯤ ꯫ ",21,10
2093,ꯑꯩ ꯏꯁꯥꯅ ꯌꯥꯖꯩ,ꯑ ꯩ    ꯏ ꯁꯥꯅ    ꯌꯥ ꯖꯩ ,10,6
2094,ꯑꯩꯒꯤ ꯄꯨꯟꯁꯤ ꯆꯨꯞꯄꯁꯤ ꯕꯣꯂꯤꯋꯨꯗꯀꯤ ꯑꯀꯣꯏꯕꯗ ꯎꯪꯂꯕꯅꯤ꯫,ꯑ ꯩꯒꯤ    ꯄꯨꯟꯁꯤ    ꯆꯨ ꯞꯄ ꯁꯤ    ꯕꯣꯂꯤꯋꯨꯗꯀꯤ    ꯑꯀꯣꯏꯕꯗ    ꯎ ꯪ ꯂꯕ ꯅꯤ꯫ ,37,12
2095,"ꯑꯗꯨꯗꯤ, ꯊꯧꯒꯗꯧꯔꯤꯕ ꯑꯗꯨ ꯀꯌꯥꯝ ꯁꯥꯡꯒꯦ","ꯑꯗꯨ ꯗꯤ,    ꯊꯧ ꯒꯗꯧ ꯔꯤꯕ    ꯑꯗꯨ    ꯀꯌꯥꯝ    ꯁꯥꯡ ꯒꯦ ",26,9
2096,ꯄꯤꯛꯆꯔ ꯅꯝꯕꯗꯒꯤ ꯇꯣꯡꯉꯥꯟꯕ ꯂꯝꯕꯤꯗ ꯑꯩꯈꯣꯏꯅ ꯇꯧꯕ ꯌꯥꯕ ꯑꯇꯣꯞꯄ ꯂꯩꯕ꯭ꯔꯥ,ꯄꯤꯛ ꯆꯔ    ꯅꯝꯕ ꯗꯒꯤ    ꯇꯣꯡ ꯉ ꯥꯟꯕ    ꯂꯝꯕꯤꯗ    ꯑꯩꯈꯣꯏꯅ    ꯇꯧꯕ    ꯌꯥꯕ    ꯑꯇꯣꯞꯄ    ꯂꯩꯕ ꯭ꯔꯥ ,46,14
2097,ꯉꯥꯏꯈꯣ,ꯉꯥꯏ ꯈꯣ ,5,2
2098,ꯃꯁꯤ ꯅꯪꯒꯤ ꯑꯍꯥꯟꯕ ꯂꯝꯕꯤꯒꯤ ꯈꯣꯡꯆꯠꯅꯤ ꯍꯥꯏꯈꯤꯕꯗꯨ ꯑꯩ ꯍꯧꯖꯤꯛꯇ ꯒ꯭ꯌꯥꯟ ꯇꯥꯔꯛꯂꯤ꯫,ꯃꯁꯤ    ꯅꯪ ꯒꯤ    ꯑꯍꯥꯟꯕ    ꯂꯝꯕꯤꯒꯤ    ꯈꯣꯡꯆꯠ ꯅꯤ    ꯍꯥꯏ ꯈꯤꯕ ꯗꯨ    ꯑ ꯩ    ꯍꯧꯖꯤ ꯛꯇ    ꯒ꯭ ꯌꯥꯟ    ꯇꯥꯔꯛ ꯂꯤ꯫ ,53,18
2099,ꯑꯁꯦꯡꯕꯒꯤꯔꯥꯣ,ꯑ ꯁꯦꯡ ꯕ ꯒꯤ ꯔꯥ ꯣ,10,6
2100,"ꯑꯗꯨ ꯑꯣꯏꯔꯕꯗꯤ, ꯑꯩꯈꯣꯏꯅ ꯃꯁꯤꯕꯨ ꯅꯤꯡꯁꯤꯡꯅꯤꯉꯥꯏ ꯑꯣꯏꯕ ꯑꯃ ꯑꯣꯏꯍꯟꯕ ꯇꯥꯔꯦ꯫","ꯑꯗꯨ    ꯑꯣꯏꯔꯕꯗꯤ,    ꯑꯩꯈꯣꯏꯅ    ꯃꯁꯤꯕꯨ    ꯅꯤꯡꯁꯤꯡ ꯅꯤꯉꯥꯏ    ꯑꯣꯏꯕ    ꯑꯃ    ꯑꯣꯏ ꯍꯟꯕ    ꯇꯥꯔ ꯦ ꯫ ",50,13
2101,ꯅꯪꯅ ꯇꯧꯕ ꯇꯥꯕꯅꯤ,ꯅꯪ ꯅ    ꯇꯧꯕ    ꯇꯥ ꯕꯅꯤ ,11,5
2102,ꯑꯩꯅ ꯃꯁꯤꯒꯤ ꯈꯣꯡꯆꯠꯇ ꯊꯦꯡꯅꯔꯤꯕ ꯑꯁꯤꯕꯨ ꯑꯃꯠꯇ ꯑꯣꯏꯕ ꯃꯈꯜ ꯑꯃ ꯑꯣꯏꯍꯟꯕ ꯄꯥꯝꯃꯤ꯫,ꯑꯩ ꯅ    ꯃꯁꯤꯒꯤ    ꯈꯣꯡꯆꯠ ꯇ    ꯊꯦꯡꯅ ꯔꯤꯕ    ꯑꯁꯤꯕꯨ    ꯑꯃꯠꯇ    ꯑꯣꯏꯕ    ꯃꯈꯜ    ꯑꯃ    ꯑꯣꯏ ꯍꯟꯕ    ꯄꯥꯝ ꯃꯤ꯫ ,51,16
2103,ꯃꯁꯤꯕꯨ ꯑꯃꯨꯛ ꯍꯟꯅ ꯑꯩꯅ ꯀꯔꯝꯕ ꯃꯇꯝꯗ ꯇꯧꯕ ꯐꯪꯒꯅꯤ ꯍꯥꯏꯕ ꯑꯩ ꯈꯪꯗꯦ꯫,ꯃꯁꯤꯕꯨ    ꯑꯃꯨꯛ    ꯍꯟꯅ    ꯑꯩ ꯅ    ꯀꯔꯝꯕ    ꯃꯇꯝꯗ    ꯇꯧꯕ    ꯐꯪꯒꯅꯤ    ꯍꯥꯏꯕ    ꯑ ꯩ    ꯈꯪ ꯗꯦ꯫ ,42,14
2104,ꯑꯩ ꯇ꯭ꯔꯦꯟ ꯑꯃꯁꯨꯡ ꯐ꯭ꯂꯥꯏꯠꯁꯤꯡꯗ ꯌꯥꯝꯅ ꯍꯩꯅꯩ꯫,ꯑ ꯩ    ꯇ꯭ꯔ ꯦꯟ    ꯑꯃꯁꯨꯡ    ꯐ꯭ ꯂꯥꯏ ꯠꯁꯤꯡꯗ    ꯌꯥꯝꯅ    ꯍꯩ ꯅꯩ꯫ ,31,11
2105,ꯃꯈꯣꯏꯅ ꯈꯨꯗꯣꯡꯆꯥꯕ ꯍꯦꯟꯗ꯭ꯔꯅꯦ,ꯃꯈꯣꯏꯅ    ꯈꯨꯗꯣꯡꯆꯥꯕ    ꯍꯦꯟ ꯗ꯭ꯔ ꯅꯦ ,21,5
2106,ꯃꯔꯨꯑꯣꯏꯅ ꯈꯣꯡꯆꯠ ꯑꯗꯨ ꯇꯦꯟꯕ ꯃꯇꯝꯗ꯫,ꯃꯔꯨꯑꯣꯏꯅ    ꯈꯣꯡꯆꯠ    ꯑꯗꯨ    ꯇꯦꯟꯕ    ꯃꯇꯝ ꯗ ꯫ ,24,7
2107,ꯑꯩꯉꯣꯟꯗꯗꯤ ꯂꯝꯕꯤꯒꯤ ꯈꯣꯡꯆꯠꯁꯤꯡ ꯑꯁꯤꯅ ꯍꯦꯟꯅ ꯈꯨꯗꯣꯡꯆꯥꯕ ꯑꯣꯏ꯫,ꯑꯩ ꯉ ꯣ ꯟꯗ ꯗꯤ    ꯂꯝꯕꯤꯒꯤ    ꯈꯣꯡꯆꯠ ꯁꯤꯡ    ꯑꯁꯤꯅ    ꯍꯦꯟꯅ    ꯈꯨꯗꯣꯡꯆꯥꯕ    ꯑꯣꯏ꯫ ,42,12
2108,ꯑꯃꯁꯨꯡ ꯇꯁꯦꯡꯅ ꯃꯈꯣꯏꯅ ꯅꯪꯕꯨ ꯁꯨꯇꯤꯗ ꯑꯣꯟꯊꯣꯛꯏ꯫,ꯑꯃꯁꯨꯡ    ꯇꯁꯦꯡꯅ    ꯃꯈꯣꯏꯅ    ꯅꯪ ꯕꯨ    ꯁꯨ ꯇꯤꯗ    ꯑꯣꯟ ꯊꯣꯛꯏ꯫ ,32,9
2109,ꯑꯁꯨꯝꯅ ꯅꯪꯅ ꯍꯦꯟꯅ ꯀꯣꯝꯕ ꯐꯥꯎꯕ ꯌꯥꯏ꯫,ꯑꯁꯨꯝꯅ    ꯅꯪ ꯅ    ꯍꯦꯟꯅ    ꯀꯣ ꯝꯕ    ꯐꯥꯎꯕ    ꯌꯥꯏ꯫ ,24,8
2110,ꯐ꯭ꯂꯥꯏꯠꯇꯗꯤ,ꯐ꯭ ꯂꯥꯏ ꯠꯇ ꯗꯤ ,9,4
2111,ꯇꯣꯞ,ꯇꯣꯞ ,3,1
2112,ꯃꯐꯝꯗꯨꯗ ꯌꯧꯔꯦ,ꯃꯐꯝ ꯗꯨꯗ    ꯌꯧ ꯔꯦ ,10,4
2113,ꯇ꯭ꯔꯦꯟꯁꯨ ꯑꯗꯨꯝ ꯐꯩ꯫,ꯇ꯭ꯔ ꯦꯟ ꯁꯨ    ꯑꯗꯨꯝ    ꯐ ꯩ꯫ ,14,6
2114,"ꯃꯗꯨꯕꯨꯗꯤ ꯂꯩꯕ, ꯑꯗꯨꯕꯨ ꯂꯝꯕꯤꯒꯤ ꯈꯣꯡꯆꯠꯁꯤꯡꯗꯗꯤ, ꯚꯦꯀꯦꯁꯟ ꯇꯪꯈꯥꯏ ꯑꯃꯗꯤ ꯂꯝꯕꯤꯗ ꯆꯠꯂꯅꯤ꯫","ꯃꯗꯨ ꯕꯨ ꯗꯤ    ꯂꯩꯕ,    ꯑꯗꯨꯕꯨ    ꯂꯝꯕꯤꯒꯤ    ꯈꯣꯡꯆꯠ ꯁꯤꯡ ꯗꯗꯤ,    ꯚꯦ ꯀꯦꯁꯟ    ꯇꯪ ꯈꯥꯏ    ꯑꯃꯗꯤ    ꯂꯝꯕꯤꯗ    ꯆꯠ ꯂ ꯅꯤ꯫ ",60,18
2115,ꯑꯗꯨꯕꯨ ꯑꯅꯤꯃꯛꯀꯤ ꯃꯈꯣꯏ ꯃꯁꯥꯒꯤ ꯑꯣꯏꯕ ꯀꯥꯟꯅꯕ ꯂꯩ ꯈꯜꯂꯤ ꯑꯩꯗꯤ꯫,ꯑꯗꯨꯕꯨ    ꯑꯅꯤꯃꯛꯀꯤ    ꯃꯈꯣꯏ    ꯃꯁꯥꯒꯤ    ꯑꯣꯏꯕ    ꯀꯥꯟꯅꯕ    ꯂꯩ    ꯈ ꯜꯂꯤ    ꯑꯩ ꯗ ꯤ꯫ ,41,12
2116,ꯂꯝꯕꯤꯒꯤ ꯈꯣꯡꯆꯠꯁꯤꯡꯒꯤ ꯃꯇꯥꯡꯗ ꯑꯩꯒꯤ ꯋꯥꯈꯜꯂꯣꯟ ꯑꯗꯨ ꯒꯣꯋꯥꯅ ꯍꯣꯡꯍꯟꯕ꯭ꯔ ꯌꯦꯡꯂꯁꯤ꯫,ꯂꯝꯕꯤꯒꯤ    ꯈꯣꯡꯆꯠ ꯁꯤꯡꯒꯤ    ꯃꯇꯥꯡꯗ    ꯑ ꯩꯒꯤ    ꯋꯥꯈꯜꯂꯣꯟ    ꯑꯗꯨ    ꯒꯣ ꯋꯥꯅ    ꯍꯣꯡ ꯍꯟ ꯕ꯭ꯔ   ꯌꯦꯡ ꯂ ꯁꯤ ꯫ ,55,17
2117,ꯃꯁꯤꯅ ꯅꯪꯕꯨ ꯑꯣꯟꯊꯣꯛꯂꯅꯤ꯫,ꯃꯁꯤꯅ    ꯅꯪ ꯕꯨ    ꯑꯣꯟ ꯊꯣꯛ ꯂ ꯅꯤ꯫ ,18,7
2118,"ꯑꯗꯨꯕꯨ ꯑꯍꯥꯟꯕꯕꯗ, ꯑꯩꯈꯣꯏꯅ ꯊꯥꯎ ꯍꯥꯟꯅꯕ ꯉꯥꯏꯍꯥꯛ ꯈꯥꯝꯕ ꯇꯥꯏ꯫","ꯑꯗꯨꯕꯨ    ꯑꯍꯥꯟ ꯕ ꯕꯗ,    ꯑꯩꯈꯣꯏꯅ    ꯊ ꯥꯎ    ꯍꯥꯟ ꯅꯕ    ꯉꯥꯏ ꯍꯥꯛ   ꯈꯥ ꯝꯕ    ꯇꯥꯏ꯫ ",41,14
2119,ꯃꯁꯤ ꯅꯨꯡꯉꯥꯏꯕ ꯑꯣꯏꯔꯒꯅꯤ꯫,ꯃꯁꯤ    ꯅꯨꯡꯉꯥꯏꯕ    ꯑꯣꯏꯔ ꯒꯅꯤ꯫ ,18,4
2120,ꯅꯪꯅ ꯊꯥꯎ ꯍꯥꯜꯂꯤꯉꯩꯗ ꯑꯩ ꯃꯄꯥꯟꯗ ꯄꯤꯀꯆꯔ ꯈꯔ ꯅꯝꯈꯤꯒꯦ꯫,ꯅꯪ ꯅ    ꯊ ꯥꯎ    ꯍꯥ ꯜꯂꯤ ꯉꯩꯗ    ꯑ ꯩ    ꯃꯄꯥꯟꯗ    ꯄꯤ ꯀ ꯆꯔ    ꯈꯔ    ꯅꯝ ꯈꯤ ꯒꯦ ꯫ ,35,18
2121,"ꯍꯦ, ꯅꯣꯏ ꯇꯥꯃꯣꯗꯣ ꯑꯦ","ꯍꯦ ,    ꯅ ꯣꯏ    ꯇꯥ ꯃꯣ ꯗꯣ    ꯑꯦ ",14,8
2122,ꯄꯤ,ꯄꯤ ,2,1
2123,ꯙꯤꯂꯣꯟꯒꯤ ꯀꯟꯁꯔꯠ ꯁꯤꯜ-ꯂꯥꯡꯂꯤꯕꯁꯤꯡ ꯈꯪꯅꯩ ꯍꯥꯏꯅ ꯇꯥꯏ꯫,ꯙꯤ ꯂꯣꯟꯒꯤ    ꯀꯟ ꯁꯔ ꯠ    ꯁꯤꯜ- ꯂꯥꯡ ꯂꯤ ꯕꯁꯤꯡ    ꯈꯪꯅꯩ    ꯍꯥꯏꯅ    ꯇꯥꯏ꯫ ,37,12
2124,"ꯑꯩ ꯃꯇꯝ ꯁꯥꯡꯅꯗꯒꯤ ꯄꯥꯁ ꯈꯔ ꯐꯪꯅꯕ ꯍꯣꯠꯅꯔꯤ, ꯃꯗꯨ ꯍꯧꯖꯤꯛ ꯐꯥꯎꯕ ꯐꯪꯗ꯭ꯔꯤ꯫","ꯑ ꯩ    ꯃꯇꯝ    ꯁꯥꯡ ꯅꯗꯒꯤ    ꯄꯥꯁ    ꯈꯔ    ꯐꯪꯅꯕ    ꯍꯣꯠꯅ ꯔꯤ,    ꯃꯗꯨ    ꯍꯧꯖꯤꯛ    ꯐꯥꯎꯕ    ꯐꯪ ꯗ꯭ꯔꯤ꯫ ",47,15
2125,"ꯑꯩꯒꯤ ꯃꯇꯦꯡ ꯄꯥꯡꯕꯤꯕ ꯌꯥꯒꯗ꯭ꯔ, ꯄ꯭ꯂꯤꯁ","ꯑ ꯩꯒꯤ    ꯃꯇꯦꯡ    ꯄꯥꯡ ꯕꯤꯕ    ꯌꯥ ꯒ ꯗ꯭ꯔ ,    ꯄ꯭ ꯂꯤꯁ ",26,11
2126,"ꯍꯣꯏ, ꯃꯍꯥꯛ ꯁꯤꯜ-ꯂꯥꯡꯂꯤꯕꯁꯤꯡꯒꯤ ꯇꯤꯝꯗꯁꯨ ꯌꯥꯎꯋꯦ꯫","ꯍ ꯣꯏ ,    ꯃꯍꯥꯛ    ꯁꯤꯜ- ꯂꯥꯡ ꯂꯤ ꯕꯁꯤꯡꯒꯤ    ꯇꯤ ꯝ ꯗꯁꯨ    ꯌꯥꯎ ꯋꯦ ꯫ ",35,14
2127,ꯑꯩ ꯇꯤꯀꯦꯠ ꯑꯍꯦꯟꯕ ꯂꯩꯔꯤꯕ꯭ꯔ ꯅꯠꯇ꯭ꯔꯒ ꯂꯩꯇ꯭ꯔꯕ꯭ꯔ ꯍꯪꯒꯦ ꯃꯉꯣꯟꯗ꯫,ꯑ ꯩ    ꯇꯤ ꯀꯦꯠ    ꯑꯍꯦꯟꯕ    ꯂꯩꯔꯤ ꯕ꯭ꯔ   ꯅꯠꯇ꯭ꯔꯒ    ꯂꯩꯇ꯭ꯔ ꯕ꯭ꯔ   ꯍꯪ ꯒꯦ    ꯃꯉ ꯣ ꯟꯗ ꯫ ,43,16
2128,ꯇꯤꯀꯦꯠ ꯀꯌꯥꯝ ꯄꯥꯝꯒꯦ ꯅꯪ,ꯇꯤ ꯀꯦꯠ    ꯀꯌꯥꯝ    ꯄꯥꯝ ꯒꯦ    ꯅ ꯪ ,16,7
2129,"ꯑꯩ ꯇꯤꯀꯦꯠ ꯃꯉꯥ ꯄꯥꯝꯃꯦ, ꯑꯩꯒꯤꯒ ꯑꯩꯒꯤ ꯃꯔꯨꯞꯁꯤꯡꯒꯤꯒ꯫","ꯑ ꯩ    ꯇꯤ ꯀꯦꯠ    ꯃꯉꯥ    ꯄꯥꯝ ꯃꯦ ,    ꯑꯩ ꯒꯤ ꯒ    ꯑ ꯩꯒꯤ    ꯃꯔꯨꯞ ꯁꯤꯡ ꯒꯤ ꯒ ꯫ ",36,18
2130,ꯑꯩꯈꯣꯏꯅ ꯈꯟꯅꯕ ꯃꯇꯝꯗ ꯇꯤꯀꯦꯠ ꯑꯃꯗ ꯂꯤꯁꯤꯡ ꯱꯰ꯃꯨꯛ ꯑꯣꯏꯔꯝꯃꯤ꯫,ꯑꯩꯈꯣꯏꯅ    ꯈꯟ ꯅꯕ    ꯃꯇꯝꯗ    ꯇꯤ ꯀꯦꯠ    ꯑꯃꯗ    ꯂꯤꯁꯤꯡ    ꯱꯰ ꯃꯨꯛ    ꯑꯣꯏꯔꯝꯃꯤ꯫ ,40,11
2131,ꯑꯗꯨꯒ ꯍꯧꯖꯤꯛꯅ ꯃꯣꯏꯅ ꯂꯤꯁꯤꯡ ꯳꯵ꯗꯒꯤ ꯴꯰ꯐꯥꯎꯗ ꯌꯣꯜꯂꯤ ꯍꯥꯏꯅ ꯇꯥꯏ ꯑꯩꯅ꯫,ꯑꯗꯨꯒ    ꯍꯧꯖꯤ ꯛꯅ    ꯃ ꯣꯏꯅ    ꯂꯤꯁꯤꯡ    ꯳ ꯵ ꯗꯒꯤ    ꯴꯰ ꯐꯥꯎ ꯗ    ꯌꯣ ꯜꯂꯤ    ꯍꯥꯏꯅ    ꯇꯥꯏ    ꯑꯩ ꯅ ꯫ ,46,19
2132,ꯃꯃꯜꯗꯨꯁꯨ ꯀꯟꯐꯔꯝ ꯇꯧꯕ ꯌꯥꯒꯗ꯭ꯔ ꯅꯪꯅ,ꯃꯃ ꯜ ꯗꯨ ꯁꯨ    ꯀꯟ ꯐ ꯔꯝ    ꯇꯧꯕ    ꯌꯥ ꯒ ꯗ꯭ꯔ    ꯅꯪ ꯅ ,24,13
2133,ꯑꯁꯦꯡꯕꯩꯗꯤ ꯁꯤꯜ-ꯂꯥꯡꯂꯤꯕꯁꯤꯡꯅ ꯁꯦꯝꯕ ꯆꯥꯎꯔꯥꯛꯄ ꯆꯪꯒꯗꯕ ꯁꯦꯜ ꯈꯔ ꯃꯈꯩꯗꯤ ꯍꯦꯟꯒꯠꯂꯦ꯫,ꯑ ꯁꯦꯡ ꯕꯩ ꯗꯤ    ꯁꯤꯜ- ꯂꯥꯡ ꯂꯤ ꯕꯁꯤꯡꯅ    ꯁꯦꯝꯕ    ꯆꯥꯎꯔꯥꯛ ꯄ    ꯆꯪ ꯒꯗꯕ    ꯁꯦꯜ    ꯈꯔ    ꯃꯈ ꯩ ꯗꯤ    ꯍꯦꯟꯒꯠ ꯂꯦ꯫ ,56,20
2134,ꯑꯗꯣ ꯅꯪꯅ ꯍꯥꯏꯕꯗꯧꯅꯗꯤ ꯃꯃꯜ ꯑꯁꯨꯛ ꯇꯥꯡꯕ ꯑꯣꯏꯗꯦ꯫,ꯑꯗꯣ   ꯅꯪ ꯅ    ꯍꯥꯏꯕ ꯗꯧ ꯅꯗꯤ    ꯃꯃꯜ    ꯑꯁꯨ ꯛ    ꯇꯥꯡꯕ    ꯑꯣꯏ ꯗꯦ꯫ ,32,12
2135,"ꯇꯤꯀꯦꯠꯁꯤꯡꯗꯣ ꯕ꯭ꯂꯦꯛꯇ ꯌꯣꯟꯕ ꯑꯦꯖꯦꯟꯇ ꯈꯔ ꯂꯩ, ꯑꯗꯨꯅ ꯅꯪ ꯃꯣꯏꯗꯩ ꯇꯥꯕ ꯑꯣꯏꯔꯝꯕ ꯌꯥꯏ꯫","ꯇꯤ ꯀꯦꯠ ꯁꯤꯡ ꯗꯣ    ꯕ꯭ꯂꯦ ꯛꯇ    ꯌꯣꯟꯕ    ꯑꯦꯖꯦꯟ ꯇ    ꯈꯔ    ꯂꯩ,    ꯑꯗꯨꯅ    ꯅ ꯪ    ꯃ ꯣꯏ ꯗ ꯩ    ꯇꯥꯕ    ꯑꯣꯏꯔꯝꯕ    ꯌꯥꯏ꯫ ",55,21
2136,ꯇꯤꯀꯦꯠ ꯃꯃꯜꯗꯣ ꯃꯤ ꯑꯃꯗ ꯂꯤꯁꯤꯡ ꯸ꯅꯦ꯫,ꯇꯤ ꯀꯦꯠ    ꯃꯃ ꯜ ꯗꯣ    ꯃꯤ    ꯑꯃꯗ    ꯂꯤꯁꯤꯡ    ꯸ ꯅꯦ ꯫ ,24,11
2137,ꯑꯗꯣ ꯍꯧꯖꯤꯛꯀꯤ ꯑꯣꯏꯅꯗꯤ ꯇꯤꯀꯦꯠ ꯃꯉꯥ ꯂꯥꯡꯕ ꯑꯩ ꯉꯝꯅꯤ ꯊꯥꯖꯗꯦ꯫,ꯑꯗꯣ   ꯍꯧꯖꯤꯛꯀꯤ    ꯑꯣꯏꯅ ꯗꯤ    ꯇꯤ ꯀꯦꯠ    ꯃꯉꯥ    ꯂꯥꯡꯕ    ꯑ ꯩ    ꯉꯝ ꯅꯤ    ꯊꯥꯖ ꯗꯦ꯫ ,40,14
2138,ꯃꯃꯜꯁꯤꯡ ꯍꯦꯟꯒꯠꯍꯜꯂꯤꯕ ꯃꯤꯑꯣꯏꯁꯤꯡꯁꯦ ꯃꯤꯗꯜꯃꯦꯟꯁꯤꯡꯅꯅꯤꯅ ꯅꯪꯅ ꯍꯥꯏꯗꯣ ꯌꯥꯝꯅ ꯆꯨꯝꯃꯦ꯫,ꯃꯃ ꯜꯁꯤꯡ    ꯍꯦꯟꯒꯠ ꯍꯜꯂꯤꯕ    ꯃꯤꯑꯣꯏ ꯁꯤꯡ ꯁꯦ    ꯃꯤ ꯗ ꯜ ꯃꯦꯟ ꯁꯤꯡ ꯅ ꯅꯤꯅ    ꯅꯪ ꯅ    ꯍꯥꯏ ꯗꯣ    ꯌꯥꯝꯅ    ꯆꯨꯝ ꯃꯦ ꯫ ,58,22
2139,ꯃꯗꯨ ꯁꯤꯜ-ꯂꯥꯡꯂꯤꯕꯁꯤꯡꯗ ꯆꯠꯂꯣꯏ ꯑꯗꯨꯕꯨ ꯃꯃꯜꯁꯤꯡꯗꯤ ꯌꯥꯝꯅ ꯁꯣꯛꯏ꯫,ꯃꯗꯨ    ꯁꯤꯜ- ꯂꯥꯡ ꯂꯤꯕ ꯁꯤꯡꯗ    ꯆꯠ ꯂꯣꯏ    ꯑꯗꯨꯕꯨ    ꯃꯃ ꯜ ꯁꯤꯡꯗꯤ    ꯌꯥꯝꯅ    ꯁꯣꯛ ꯏ꯫ ,44,14
2140,ꯐꯦꯟꯁꯤꯡꯁꯦ ꯀꯌꯥꯝ ꯉꯥꯎꯒꯦꯗ ꯃꯈꯣꯏꯗꯒꯤ ꯑꯗꯨꯝ ꯂꯩ ꯃꯣꯏ꯫,ꯐꯦꯟ ꯁꯤꯡ ꯁꯦ    ꯀꯌꯥꯝ    ꯉ ꯥꯎ ꯒꯦ ꯗ    ꯃꯈꯣꯏ ꯗꯒꯤ    ꯑꯗꯨꯝ    ꯂꯩ    ꯃ ꯣꯏ ꯫ ,35,15
2141,"ꯃꯔꯝ ꯑꯗꯨꯅ ꯄ꯭ꯂꯥꯟꯗꯨꯃꯛ ꯇꯣꯛꯀꯦ ꯇꯧꯔꯝꯃꯕꯅꯦ, ꯑꯗꯨꯕꯨ ꯅꯪ ꯅꯤꯡꯁꯤꯡꯂꯛꯑꯕ꯫","ꯃꯔꯝ    ꯑꯗꯨꯅ    ꯄ꯭ꯂꯥꯟ ꯗꯨ ꯃꯛ    ꯇꯣꯛ ꯀꯦ    ꯇꯧ ꯔꯝ ꯃ ꯕ ꯅꯦ ,    ꯑꯗꯨꯕꯨ    ꯅ ꯪ    ꯅꯤꯡꯁꯤꯡ ꯂꯛ ꯑ ꯕ ꯫ ",48,21
2142,꯵ ꯐꯪꯕ ꯋꯥꯔꯗꯤ ꯌꯥꯝꯗ꯭ꯔꯕꯗ ꯲ꯒꯤ ꯌꯦꯡꯕ ꯌꯥꯒꯗ꯭ꯔ,꯵    ꯐꯪꯕ    ꯋꯥꯔ ꯗꯤ    ꯌꯥꯝꯗ꯭ꯔꯕꯗ    ꯲ꯒꯤ    ꯌꯦꯡꯕ    ꯌꯥ ꯒ ꯗ꯭ꯔ ,30,10
2143,ꯇꯤꯀꯦꯠ ꯑꯅꯤ ꯁꯤꯟꯕ ꯌꯥꯅꯤ꯫,ꯇꯤ ꯀꯦꯠ    ꯑꯅꯤ    ꯁꯤꯟꯕ    ꯌꯥ ꯅꯤ꯫ ,17,6
2144,ꯑꯩꯈꯣꯏ ꯇꯥꯃꯣꯗ ꯍꯪꯒꯦ ꯑꯗꯨꯒ ꯅꯪꯒꯤ ꯇꯤꯀꯦꯠꯁꯤꯡꯗꯣ ꯂꯧꯔꯛꯀꯦ꯫,ꯑꯩꯈ ꯣꯏ    ꯇꯥ ꯃꯣ ꯗ    ꯍꯪ ꯒꯦ    ꯑꯗꯨꯒ    ꯅꯪ ꯒꯤ    ꯇꯤ ꯀꯦꯠ ꯁꯤꯡ ꯗꯣ    ꯂꯧ ꯔꯛ ꯀꯦ ꯫ ,39,18
2145,"ꯄꯩꯁꯥ ꯊꯤꯕꯗꯣ ꯅꯪ ꯃꯉꯣꯟꯗ ꯗꯥꯏꯔꯦꯛ ꯊꯥꯕ ꯌꯥꯅꯤ, ꯑꯗꯨꯅ ꯂꯥꯏꯅꯤ꯫","ꯄꯩ ꯁꯥ    ꯊꯤ ꯕ ꯗꯣ    ꯅ ꯪ    ꯃꯉꯣꯟꯗ    ꯗꯥꯏꯔꯦ ꯛ    ꯊꯥꯕ    ꯌꯥ ꯅꯤ,    ꯑꯗꯨꯅ    ꯂꯥꯏ ꯅꯤ꯫ ",40,16
2146,"ꯊꯦꯡꯀ ꯌꯨ ꯚꯥꯏ, ꯑꯩꯅ ꯑꯩꯒꯤ ꯒꯔꯜꯐ꯭ꯔꯦꯟꯗ ꯋꯥꯁꯛꯈ꯭ꯔꯦ꯫","ꯊꯦꯡ ꯀ    ꯌꯨ    ꯚꯥꯏ ,    ꯑꯩ ꯅ    ꯑ ꯩꯒꯤ    ꯒꯔ ꯜ ꯐ꯭ꯔꯦꯟ ꯗ    ꯋꯥꯁꯛ ꯈ꯭ꯔꯦ꯫ ",35,15
2147,ꯃꯥꯅ ꯃꯊꯪꯒꯤ ꯀꯟꯁꯔꯠ ꯐꯥꯎꯕ ꯑꯩꯉꯣꯟꯗ ꯒ꯭ꯔꯤ-ꯒ꯭ꯔꯤ ꯇꯛꯑꯝꯅꯤ꯫,ꯃꯥꯅ    ꯃꯊꯪꯒꯤ    ꯀꯟ ꯁꯔ ꯠ    ꯐꯥꯎꯕ    ꯑꯩ ꯉꯣꯟꯗ    ꯒ꯭ꯔꯤ - ꯒ꯭ꯔꯤ    ꯇꯛ ꯑꯝ ꯅꯤ꯫ ,39,14
2148,"ꯑꯗꯣ, ꯁꯤꯒꯨꯝꯕ ꯀꯟꯁꯔꯠꯁꯤꯡꯁꯤꯗ ꯏꯁꯩꯒꯤꯗꯃꯛꯇ ꯀꯅꯥ ꯆꯠꯅꯒꯦ ꯚꯥꯏ, ꯑꯩꯒꯤꯗꯤ ꯃꯁꯤ ꯕꯤꯠ ꯑꯃꯈꯛꯇꯅꯤ꯫","ꯑꯗꯣ ,    ꯁꯤ ꯒꯨꯝꯕ    ꯀꯟ ꯁꯔ ꯠ ꯁꯤꯡ ꯁꯤꯗ    ꯏꯁꯩ ꯒꯤꯗꯃꯛꯇ    ꯀ ꯅꯥ    ꯆꯠꯅ ꯒꯦ    ꯚꯥꯏ ,    ꯑꯩ ꯒꯤ ꯗꯤ    ꯃꯁꯤ    ꯕꯤ ꯠ    ꯑꯃ ꯈꯛꯇ ꯅꯤ꯫ ",62,26
2149,"ꯑꯗꯣ ꯅꯉꯣꯟꯕ ꯍꯥꯏꯕꯗꯧꯅ ꯃꯁꯤ ꯃꯉꯣꯟꯗꯗꯤ ꯍꯥꯏꯕ ꯌꯥꯗꯦ, ꯑꯩꯒꯤ ꯃꯔꯨꯞ꯫","ꯑꯗꯣ   ꯅ ꯉ ꯣ ꯟꯕ    ꯍꯥꯏꯕ ꯗꯧ ꯅ    ꯃꯁꯤ    ꯃꯉ ꯣ ꯟꯗ ꯗꯤ    ꯍꯥꯏꯕ    ꯌꯥ ꯗꯦ,    ꯑ ꯩꯒꯤ    ꯃꯔꯨꯞ ꯫ ",43,20
2150,ꯐꯤꯕꯝꯗꯣ ꯑꯩ ꯒ꯭ꯌꯥꯟ ꯇꯥꯏ꯫,ꯐꯤꯕ ꯝ ꯗꯣ    ꯑ ꯩ    ꯒ꯭ ꯌꯥꯟ    ꯇꯥꯏ꯫ ,17,8
2151,ꯀꯩꯝ ꯋꯥꯔꯨꯅꯨ ꯇꯤꯀꯦꯠ ꯲ ꯐꯖꯅ ꯁꯤꯟꯕ ꯌꯥꯅꯤ꯫,ꯀꯩ ꯝ    ꯋꯥꯔ ꯨ ꯅꯨ    ꯇꯤ ꯀꯦꯠ    ꯲    ꯐꯖꯅ    ꯁꯤꯟꯕ    ꯌꯥ ꯅꯤ꯫ ,27,12
2152,ꯑꯩꯅ ꯑꯩꯈꯣꯏ ꯇꯥꯃꯣꯗ ꯍꯥꯏꯈ꯭ꯔꯦ ꯑꯗꯨꯒ ꯃꯥꯅ ꯇꯤꯀꯦꯠꯁꯤꯡꯗꯣ ꯕꯨꯛ ꯇꯧꯈ꯭ꯔꯦ꯫,ꯑꯩ ꯅ    ꯑꯩꯈ ꯣꯏ    ꯇꯥ ꯃꯣ ꯗ    ꯍꯥꯏ ꯈ꯭ꯔꯦ    ꯑꯗꯨꯒ    ꯃꯥꯅ    ꯇꯤ ꯀꯦꯠ ꯁꯤꯡ ꯗꯣ    ꯕ ꯨꯛ    ꯇꯧ ꯈ꯭ꯔꯦ꯫ ,47,19
2153,ꯑꯗꯨꯅ ꯅꯪ ꯍꯧꯖꯤꯛ ꯒ꯭ꯌꯥꯟ ꯇꯥꯅ ꯂꯩꯕ ꯌꯥꯔꯅꯤ ꯑꯗꯨꯒ ꯍꯌꯦꯡ ꯑꯩꯈꯣꯏ ꯎꯟꯅꯕꯗ ꯑꯩꯉꯣꯟꯗꯩ ꯂꯧꯔꯣ꯫,ꯑꯗꯨꯅ    ꯅ ꯪ    ꯍꯧꯖꯤꯛ    ꯒ꯭ ꯌꯥꯟ    ꯇꯥꯅ    ꯂꯩꯕ    ꯌꯥꯔ ꯅꯤ    ꯑꯗꯨꯒ    ꯍ ꯌꯦꯡ    ꯑꯩꯈ ꯣꯏ    ꯎꯟ ꯅꯕꯗ    ꯑꯩ ꯉ ꯣ ꯟꯗ ꯩ    ꯂꯧ ꯔꯣ ꯫ ,57,25
2154,"ꯍꯣꯏ ꯚꯥꯏ, ꯊꯦꯡꯀ ꯌꯨ꯫","ꯍ ꯣꯏ    ꯚꯥꯏ ,    ꯊꯦꯡ ꯀ    ꯌꯨ ꯫ ",14,8
2155,"ꯃꯣꯁꯠ ꯋꯦꯜꯀꯝ, ꯊꯨꯅ ꯎꯅꯁꯦ꯫","ꯃꯣ ꯁꯠ    ꯋꯦꯜ ꯀꯝ ,    ꯊꯨꯅ    ꯎ ꯅ ꯁꯦ ꯫ ",18,10
2156,"ꯍꯦꯂꯣ, ꯃꯁꯤ ꯇ꯭ꯔꯤꯅꯤꯇꯤ ꯏꯂꯤꯃꯦꯟꯇꯔꯤ ꯁ꯭ꯀꯨꯜꯗ ꯑꯥꯔꯠꯁ ꯑꯣꯖꯥ ꯑꯣꯏꯕꯤꯕ ꯃꯤꯁꯁꯤꯁ ꯔꯥꯙꯤꯀꯥ ꯑꯣꯏꯕꯤꯔꯕ꯭ꯔ","ꯍꯦ ꯂꯣ ,    ꯃꯁꯤ    ꯇ꯭ꯔꯤ ꯅꯤꯇꯤ    ꯏꯂꯤ ꯃꯦꯟ ꯇꯔꯤ    ꯁ꯭ꯀꯨ ꯜꯗ    ꯑꯥꯔ ꯠꯁ    ꯑꯣ ꯖꯥ    ꯑꯣꯏ ꯕꯤꯕ    ꯃꯤ ꯁ ꯁꯤꯁ    ꯔꯥ ꯙꯤ ꯀꯥ    ꯑꯣꯏ ꯕꯤ ꯔꯕ ꯭ꯔ",67,27
2157,ꯃꯥꯅꯦ꯫ ꯀꯅꯥ ꯑꯣꯏꯕꯤꯔꯕꯅꯣ,ꯃꯥ ꯅꯦ ꯫    ꯀ ꯅꯥ    ꯑꯣꯏ ꯕꯤ ꯔꯕ ꯅꯣ ,17,9
2158,ꯑꯩꯍꯥꯛꯀꯤ ꯃꯤꯡ ꯖꯣꯟ ꯕꯔꯅꯥꯗꯅꯤ ꯑꯗꯨꯒ ꯑꯩꯍꯥꯛ ꯃꯤꯆꯦꯜꯂꯤ ꯑꯄꯣꯛꯄꯅꯤ꯫,ꯑꯩꯍꯥꯛ ꯀꯤ    ꯃꯤꯡ    ꯖꯣꯟ    ꯕꯔ ꯅꯥ ꯗ ꯅꯤ    ꯑꯗꯨꯒ    ꯑꯩꯍꯥꯛ   ꯃꯤ ꯆꯦꯜꯂꯤ    ꯑ ꯄꯣꯛ ꯄꯅꯤ꯫ ,44,15
2159,"ꯑꯣꯀꯦ ꯁꯔ, ꯃꯇꯧ ꯀꯔꯝꯅ ꯑꯗꯣꯝꯒꯤ ꯃꯇꯦꯡ ꯄꯥꯡꯖꯧꯒꯦ","ꯑꯣ ꯀꯦ    ꯁꯔ ,    ꯃꯇꯧ    ꯀꯔꯝꯅ    ꯑꯗꯣꯝꯒꯤ    ꯃꯇꯦꯡ    ꯄꯥꯡ ꯖꯧ ꯒꯦ ",31,11
2160,ꯃꯤꯆꯦꯜꯅ ꯏꯁꯩ-ꯅꯣꯡꯃꯥꯏ ꯇꯝꯕꯗ ꯑꯄꯥꯝꯕ ꯑꯃ ꯐꯣꯡꯗꯣꯛꯂꯤ꯫,ꯃꯤ ꯆꯦ ꯜꯅ    ꯏꯁꯩ-ꯅꯣꯡꯃꯥꯏ    ꯇꯝ ꯕꯗ    ꯑꯄꯥꯝꯕ    ꯑꯃ    ꯐꯣꯡꯗꯣꯛ ꯂꯤ꯫ ,36,10
2161,ꯖꯥꯟꯔ ꯑꯃ ꯈꯟꯕꯗ ꯑꯩꯍꯥꯛ ꯆꯃꯝꯅꯔꯦ꯫,ꯖ ꯥꯟ ꯔ    ꯑꯃ    ꯈꯟ ꯕꯗ    ꯑꯩꯍꯥꯛ   ꯆ ꯃ ꯝꯅ ꯔꯦ꯫ ,22,11
2162,ꯑꯗꯣꯝꯅ ꯑꯩꯒꯤ ꯃꯇꯦꯡ ꯄꯥꯡꯕꯤꯕ ꯌꯥꯒꯗ꯭ꯔ,ꯑꯗꯣꯝꯅ    ꯑ ꯩꯒꯤ    ꯃꯇꯦꯡ    ꯄꯥꯡ ꯕꯤꯕ    ꯌꯥ ꯒ ꯗ꯭ꯔ ,25,9
2163,ꯇꯝꯕꯗ ꯈ꯭ꯋꯥꯏꯗꯒꯤ ꯂꯥꯏꯕ ꯏꯁꯩ-ꯅꯣꯡꯃꯥꯏꯒꯤ ꯖꯥꯟꯔꯁꯤ ꯀꯩ ꯑꯣꯏꯕꯒꯦ,ꯇꯝ ꯕꯗ    ꯈ꯭ꯋꯥꯏꯗꯒꯤ    ꯂꯥꯏ ꯕ    ꯏꯁꯩ-ꯅꯣꯡ ꯃꯥꯏꯒꯤ    ꯖ ꯥꯟ ꯔ ꯁꯤ    ꯀꯩ    ꯑꯣꯏ ꯕꯒꯦ ,42,14
2164,ꯐꯅꯤ꯫,ꯐ ꯅꯤ꯫ ,4,2
2165,ꯑꯩꯒꯤ ꯃꯣꯠꯇꯗꯤ ꯑꯉꯥꯡꯁꯤꯡꯗꯤ ꯀ꯭ꯂꯥꯁꯤꯀꯦꯜ ꯃ꯭ꯌꯨꯖꯤꯛ ꯇꯝꯒꯗꯕꯅꯤ꯫,ꯑ ꯩꯒꯤ    ꯃꯣ ꯠꯇ ꯗꯤ    ꯑꯉꯥꯡ ꯁꯤꯡꯗꯤ    ꯀ꯭ꯂꯥꯁꯤꯀꯦꯜ    ꯃ꯭ꯌꯨꯖꯤꯛ    ꯇꯝ ꯒꯗꯕꯅꯤ꯫ ,43,11
2166,ꯀ꯭ꯂꯥꯁꯤꯀꯦꯜ ꯃ꯭ꯌꯨꯖꯤꯛ ꯇꯝꯕꯅ ꯑꯉꯥꯡꯁꯤꯡꯗ ꯀꯥꯟꯅꯕ ꯄꯤꯕ꯭ꯔ,ꯀ꯭ꯂꯥꯁꯤꯀꯦꯜ    ꯃ꯭ꯌꯨꯖꯤꯛ    ꯇ ꯝꯕꯅ    ꯑꯉꯥꯡ ꯁꯤꯡꯗ    ꯀꯥꯟꯅꯕ    ꯄꯤ ꯕ꯭ꯔ,38,9
2167,ꯍꯣꯏ꯫ ꯃꯁꯤ ꯌꯥꯝꯅ ꯂꯨꯏ ꯑꯗꯨꯕꯨ ꯀ꯭ꯂꯥꯁꯤꯀꯦꯜ ꯃ꯭ꯌꯨꯖꯤꯛ ꯑꯁꯤ ꯑꯉꯥꯡꯁꯤꯡꯗ ꯄꯨꯛꯅꯤꯡꯗ ꯑꯆꯧꯕ ꯀꯥꯟꯅꯕ ꯄꯤ꯫,ꯍ ꯣꯏ ꯫    ꯃꯁꯤ    ꯌꯥꯝꯅ    ꯂꯨ ꯏ    ꯑꯗꯨꯕꯨ    ꯀ꯭ꯂꯥꯁꯤꯀꯦꯜ    ꯃ꯭ꯌꯨꯖꯤꯛ    ꯑꯁꯤ    ꯑꯉꯥꯡ ꯁꯤꯡꯗ    ꯄꯨꯛ ꯅꯤꯡꯗ    ꯑꯆꯧꯕ    ꯀꯥꯟꯅꯕ    ꯄꯤ꯫ ,65,18
2168,"ꯊꯤꯖꯤꯟ-ꯍꯨꯝꯖꯤꯟꯕꯒꯤ ꯃꯇꯨꯡ ꯏꯟꯅ, ꯂꯥꯏꯕ ꯀ꯭ꯂꯥꯁꯤꯀꯦꯜ ꯃ꯭ꯌꯨꯖꯤꯛ ꯇꯥꯕꯅ ꯑꯉꯥꯡꯁꯤꯡꯗ ꯄꯣꯖꯤꯇꯤꯕ ꯑꯣꯏꯕ ꯏꯍꯨꯜꯁꯤꯡ ꯐꯥꯎꯍꯜꯂꯤ꯫","ꯊꯤꯖꯤꯟ -ꯍꯨꯝ ꯖꯤꯟ ꯕꯒꯤ    ꯃꯇꯨꯡ    ꯏꯟꯅ,    ꯂꯥꯏ ꯕ    ꯀ꯭ꯂꯥꯁꯤꯀꯦꯜ    ꯃ꯭ꯌꯨꯖꯤꯛ    ꯇꯥ ꯕꯅ    ꯑꯉꯥꯡ ꯁꯤꯡꯗ    ꯄꯣꯖꯤ ꯇꯤꯕ    ꯑꯣꯏꯕ    ꯏ ꯍꯨ ꯜꯁꯤꯡ    ꯐꯥꯎ ꯍꯜꯂꯤ꯫ ",81,22
2169,ꯃꯁꯤꯅ ꯃꯈꯣꯏꯒꯤ ꯇꯥꯗꯨꯅ ꯂꯩꯕ ꯑꯃꯗꯤ ꯄꯨꯛꯅꯤꯡ ꯆꯪꯗꯨꯅ ꯂꯩꯕ ꯉꯝꯕꯗꯁꯨ ꯀꯥꯟꯅꯩ꯫,ꯃꯁꯤꯅ    ꯃꯈꯣꯏꯒꯤ    ꯇꯥ ꯗꯨꯅ    ꯂꯩꯕ    ꯑꯃꯗꯤ    ꯄꯨꯛꯅꯤꯡ    ꯆꯪ ꯗꯨꯅ    ꯂꯩꯕ    ꯉ ꯝꯕ ꯗꯁꯨ    ꯀꯥꯟ ꯅꯩ꯫ ,48,15
2170,"ꯀ꯭ꯂꯥꯁꯤꯀꯦꯜ ꯃ꯭ꯌꯨꯖꯤꯛ ꯑꯁꯤ ꯑꯉꯥꯡꯁꯤꯡꯒꯤ ꯆꯥꯎꯈꯠꯄꯗ ꯀꯥꯟꯅꯩ, ꯃꯗꯨ ꯐꯩ꯫","ꯀ꯭ꯂꯥꯁꯤꯀꯦꯜ    ꯃ꯭ꯌꯨꯖꯤꯛ    ꯑꯁꯤ    ꯑꯉꯥꯡꯁꯤꯡꯒꯤ    ꯆꯥꯎꯈꯠ ꯄꯗ    ꯀꯥꯟ ꯅꯩ,    ꯃꯗꯨ    ꯐ ꯩ꯫ ",47,11
2171,ꯀ꯭ꯂꯥꯁꯤꯀꯦꯜ ꯃ꯭ꯌꯨꯖꯤꯛ ꯑꯁꯤꯒꯤ ꯑꯇꯣꯞꯄ ꯀꯔꯤ ꯀꯥꯟꯅꯕꯁꯤꯡ ꯂꯩꯕꯒꯦ,ꯀ꯭ꯂꯥꯁꯤꯀꯦꯜ    ꯃ꯭ꯌꯨꯖꯤꯛ    ꯑꯁꯤꯒꯤ    ꯑꯇꯣꯞꯄ    ꯀꯔꯤ    ꯀꯥꯟ ꯅꯕꯁꯤꯡ    ꯂꯩꯕ ꯒꯦ ,42,9
2172,ꯀ꯭ꯂꯥꯁꯤꯀꯦꯜ ꯃ꯭ꯌꯨꯖꯤꯛꯅ ꯄ꯭ꯔꯦꯛꯇꯤꯁ ꯑꯃꯗꯤ ꯈꯥꯡꯕ ꯀꯟꯕ ꯃꯊꯧ ꯇꯥꯍꯜꯂꯤ꯫,ꯀ꯭ꯂꯥꯁꯤꯀꯦꯜ    ꯃ꯭ꯌꯨꯖꯤ ꯛꯅ    ꯄ꯭ꯔꯦ ꯛ ꯇꯤꯁ    ꯑꯃꯗꯤ    ꯈ ꯥꯡꯕ    ꯀꯟꯕ    ꯃꯊꯧ    ꯇꯥ ꯍꯜꯂꯤ꯫ ,46,13
2173,ꯃꯁꯤꯒꯤ ꯇ꯭ꯔꯦꯅꯤꯡ ꯑꯁꯤꯅ ꯑꯉꯥꯡ ꯑꯗꯨꯒꯤ ꯄꯨꯟꯁꯤꯕꯨ ꯗꯤꯁꯤꯄ꯭ꯂꯤꯟ ꯇꯧꯒꯅꯤ꯫,ꯃꯁꯤꯒꯤ    ꯇ꯭ꯔꯦꯅꯤꯡ    ꯑꯁꯤꯅ    ꯑꯉꯥꯡ    ꯑꯗꯨꯒꯤ    ꯄꯨꯟꯁꯤ ꯕꯨ    ꯗꯤ ꯁꯤ ꯄ꯭ꯂꯤ ꯟ    ꯇꯧ ꯒꯅꯤ꯫ ,47,13
2174,ꯃꯁꯤꯅ ꯄꯨꯛꯅꯤꯡ ꯁꯣꯟꯊꯗꯅꯕ ꯑꯃ ꯑꯣꯏꯅ ꯃꯊꯧ ꯊꯧꯋꯤ꯫,ꯃꯁꯤꯅ    ꯄꯨꯛꯅꯤꯡ    ꯁꯣꯟ ꯊ ꯗꯅꯕ    ꯑꯃ    ꯑꯣꯏꯅ    ꯃꯊꯧ    ꯊꯧ ꯋꯤ꯫ ,31,10
2175,ꯃꯁꯤꯅ ꯑꯉꯥꯡꯁꯤꯡꯒꯤ ꯋꯥꯈꯜꯕꯨ ꯄꯣꯊꯥꯍꯜꯂꯤ꯫,ꯃꯁꯤꯅ    ꯑꯉꯥꯡꯁꯤꯡꯒꯤ    ꯋꯥꯈꯜ ꯕꯨ    ꯄꯣ ꯊꯥ ꯍꯜꯂꯤ꯫ ,28,7
2176,"ꯍꯣꯏ, ꯏꯪ-ꯇꯞꯄ ꯑꯉꯥꯡ ꯑꯃꯅ ꯍꯦꯟꯅ ꯅꯨꯡꯉꯥꯏ꯫","ꯍ ꯣꯏ ,    ꯏꯪ - ꯇ ꯞꯄ    ꯑꯉꯥꯡ    ꯑꯃꯅ    ꯍꯦꯟꯅ    ꯅꯨꯡꯉꯥꯏ ꯫ ",28,12
2177,"ꯑꯉꯥꯡꯁꯤꯡꯅ ꯁꯨꯞꯅꯒꯤ ꯇꯥꯕ ꯈꯛꯇ ꯅꯠꯇꯅ ꯆꯦꯛꯁꯤꯟꯅ ꯇꯥꯕ ꯇꯝꯕꯅ,","ꯑꯉꯥꯡ ꯁꯤꯡꯅ    ꯁꯨꯞ ꯅꯒꯤ    ꯇꯥꯕ    ꯈꯛꯇ    ꯅꯠꯇꯅ    ꯆꯦꯛꯁꯤꯟ ꯅ    ꯇꯥꯕ    ꯇ ꯝꯕ ꯅ, ",39,13
2178,"ꯃꯈꯣꯏꯒꯤ ꯃꯦꯃꯣꯔꯤ ꯁꯦꯜꯁꯤꯡꯅ ꯁꯨꯔꯁꯤꯡ, ꯈꯣꯜꯍꯦꯛꯁꯤꯡ, ꯈꯣꯟꯊꯣꯛ ꯄꯔꯦꯡꯁꯤꯡ, ꯃꯑꯣꯡꯁꯤꯡ, ꯑꯄ꯭ꯔꯣꯆꯁꯤꯡ ꯑꯃꯗꯤ ꯑꯁꯤꯅꯆꯤꯡꯕ ꯊꯝꯖꯤꯟꯅꯕ ꯍꯦꯟꯅ ꯀꯟꯅ ꯊꯕꯛ ꯇꯧꯕ ꯍꯧꯋꯤ꯫","ꯃꯈꯣꯏꯒꯤ    ꯃꯦ ꯃꯣ ꯔꯤ    ꯁꯦꯜ ꯁꯤꯡꯅ    ꯁꯨꯔ ꯁꯤꯡ,    ꯈꯣ ꯜ ꯍꯦ ꯛ ꯁꯤꯡ,    ꯈꯣꯟ ꯊꯣꯛ    ꯄꯔꯦ ꯡ ꯁꯤꯡ,    ꯃꯑꯣꯡ ꯁꯤꯡ,    ꯑ ꯄ꯭ꯔꯣ ꯆ ꯁꯤꯡ    ꯑꯃꯗꯤ    ꯑꯁꯤꯅꯆꯤꯡꯕ    ꯊꯝ ꯖꯤꯟ ꯅꯕ    ꯍꯦꯟꯅ    ꯀꯟꯅ    ꯊꯕꯛ    ꯇꯧꯕ    ꯍꯧ ꯋꯤ꯫ ",104,35
2179,"ꯑꯣꯀꯦ, ꯑꯩꯍꯥꯛ ꯃꯤꯆꯦꯜꯒꯤꯗꯃꯛ ꯃꯐꯝ ꯑꯗꯨꯗ ꯀ꯭ꯂꯥꯁꯤꯀꯦꯜ ꯃ꯭ꯌꯨꯖꯤꯛꯀꯤ ꯑꯣꯖꯥ ꯑꯃ ꯊꯤꯔꯒꯦ꯫","ꯑꯣ ꯀꯦ ,    ꯑꯩꯍꯥꯛ   ꯃꯤ ꯆꯦ ꯜ ꯒꯤꯗꯃꯛ    ꯃꯐꯝ    ꯑꯗꯨꯗ    ꯀ꯭ꯂꯥꯁꯤꯀꯦꯜ    ꯃ꯭ꯌꯨꯖꯤ ꯛꯀꯤ    ꯑꯣ ꯖꯥ    ꯑꯃ    ꯊꯤ ꯔ ꯒꯦ ꯫ ",57,20
2180,ꯀ꯭ꯂꯥꯁꯤꯀꯦꯜ ꯃ꯭ꯌꯨꯖꯤꯛ ꯑꯁꯤ ꯚꯥꯔꯠꯀꯤ ꯊꯋꯥꯏꯅꯤ ꯍꯥꯏꯕ ꯑꯩꯍꯥꯛ ꯈꯪꯖꯩ꯫,ꯀ꯭ꯂꯥꯁꯤꯀꯦꯜ    ꯃ꯭ꯌꯨꯖꯤꯛ    ꯑꯁꯤ    ꯚꯥꯔꯠꯀꯤ    ꯊ ꯋꯥꯏ ꯅꯤ    ꯍꯥꯏꯕ    ꯑꯩꯍꯥꯛ   ꯈꯪ ꯖꯩ ꯫ ,45,12
2181,ꯃꯗꯨ ꯌꯥꯝ ꯐꯩ꯫,ꯃꯗꯨ    ꯌꯥꯝ    ꯐ ꯩ꯫ ,9,4
2182,ꯀꯔꯤꯒꯨꯝꯕ ꯃꯍꯥꯛ ꯀ꯭ꯂꯥꯁꯤꯀꯦꯜ ꯃ꯭ꯌꯨꯖꯤꯛꯇ ꯄꯥꯝꯕ ꯑꯣꯏꯗ꯭ꯔꯕꯗꯤ ꯃꯗꯨ ꯇꯝꯅꯕ ꯑꯗꯣꯝꯅ ꯃꯉꯥꯛꯄꯨ ꯅꯃꯗꯨꯅ ꯇꯧꯕꯤꯔꯣꯏꯗꯕꯅꯤ ꯍꯥꯏꯕꯗꯨ ꯅꯤꯡꯁꯤꯡꯕꯤꯌꯨ꯫,ꯀꯔꯤꯒꯨꯝꯕ    ꯃꯍꯥꯛ    ꯀ꯭ꯂꯥꯁꯤꯀꯦꯜ    ꯃ꯭ꯌꯨꯖꯤ ꯛꯇ    ꯄꯥꯝꯕ    ꯑꯣꯏ ꯗ꯭ꯔꯕꯗꯤ    ꯃꯗꯨ    ꯇꯝ ꯅꯕ    ꯑꯗꯣꯝꯅ    ꯃ ꯉꯥꯛ ꯄꯨ    ꯅ ꯃꯗꯨꯅ    ꯇꯧ ꯕꯤ ꯔꯣꯏ ꯗꯕꯅꯤ    ꯍꯥꯏꯕꯗꯨ    ꯅꯤꯡꯁꯤꯡ ꯕꯤꯌꯨ꯫ ,92,24
2183,ꯑꯩꯈꯣꯏꯅ ꯃꯈꯣꯏꯒꯤ ꯑꯉꯝꯕꯁꯤꯡꯗ ꯌꯨꯝꯐꯝ ꯑꯣꯏꯔꯒ ꯃꯈꯣꯏꯕꯨ ꯄꯨꯛꯅꯤꯡ ꯊꯧꯒꯠꯄꯤꯒꯗꯕꯅꯤ꯫,ꯑꯩꯈꯣꯏꯅ    ꯃꯈꯣꯏꯒꯤ    ꯑꯉ ꯝꯕ ꯁꯤꯡꯗ    ꯌꯨꯝꯐꯝ    ꯑꯣꯏꯔꯒ    ꯃꯈꯣꯏꯕꯨ    ꯄꯨꯛꯅꯤꯡ    ꯊꯧꯒꯠ ꯄꯤ ꯒꯗꯕꯅꯤ꯫ ,54,12
2184,ꯐꯅꯤ ꯃꯦꯝ꯫,ꯐ ꯅꯤ    ꯃꯦ ꯝ ꯫ ,7,5
2185,ꯑꯗꯣꯝꯒꯤ ꯂꯝꯖꯤꯡ-ꯂꯝꯇꯥꯛꯀꯤꯗꯃꯛ ꯑꯗꯣꯝꯕꯨ ꯍꯟꯅ ꯊꯥꯒꯠꯆꯔꯤ꯫,ꯑꯗꯣꯝꯒꯤ    ꯂꯝꯖꯤꯡ-ꯂꯝꯇꯥꯛ ꯀꯤꯗꯃꯛ    ꯑꯗꯣ ꯝꯕꯨ    ꯍꯟꯅ    ꯊꯥꯒꯠ ꯆ ꯔꯤ꯫ ,39,9
2186,"ꯑꯗꯣꯝꯒꯤ ꯊꯥꯒꯠ ꯋꯥꯍꯩꯕꯨ ꯇꯔꯥꯝꯅ ꯑꯣꯛꯆꯔꯤ, ꯑꯃꯗꯤ ꯆꯥꯟꯕꯤꯗꯨꯅ ꯃꯤꯆꯦꯜꯗ ꯑꯩꯅ ꯅꯨꯉꯥꯏꯔꯤꯕ꯭ꯔ ꯍꯥꯏꯔꯛꯏ ꯍꯥꯏꯕꯤꯌꯨ꯫","ꯑꯗꯣꯝꯒꯤ    ꯊꯥ ꯒꯠ    ꯋꯥꯍꯩ ꯕꯨ    ꯇꯔꯥ ꯝꯅ    ꯑꯣꯛ ꯆ ꯔꯤ,    ꯑꯃꯗꯤ    ꯆꯥꯟ ꯕꯤ ꯗꯨꯅ    ꯃꯤ ꯆꯦ ꯜꯗ    ꯑꯩ ꯅ    ꯅꯨ ꯉꯥꯏ ꯔꯤ ꯕ꯭ꯔ   ꯍꯥꯏ ꯔꯛ ꯏ    ꯍꯥꯏ ꯕꯤꯌꯨ꯫ ",73,28
2187,"ꯐꯅꯤ, ꯕꯥꯏ","ꯐ ꯅꯤ,    ꯕꯥꯏ ",7,3
2188,ꯍꯌꯦꯡ ꯁꯨꯇꯤ ꯂꯩꯕ꯭ꯔꯣ ꯅꯪ,ꯍ ꯌꯦꯡ    ꯁꯨꯇꯤ    ꯂꯩꯕ ꯭ꯔ ꯣ   ꯅ ꯪ ,16,8
2189,ꯊꯕꯛ ꯀꯥꯕ ꯆꯌꯣꯜꯒꯤ ꯃꯇꯝꯗ ꯑꯩ ꯀꯩꯒꯤ ꯁꯨꯇꯤ ꯂꯩꯗꯣꯏꯅꯣ,ꯊꯕꯛ    ꯀꯥꯕ    ꯆꯌꯣꯜꯒꯤ    ꯃꯇꯝꯗ    ꯑ ꯩ    ꯀ ꯩꯒꯤ    ꯁꯨꯇꯤ    ꯂꯩ ꯗ ꯣꯏ ꯅꯣ ,33,13
2190,"ꯑꯗꯨꯔꯣ, ꯍꯌꯦꯡ ꯔꯦꯂꯤ ꯑꯃ ꯂꯩꯅꯤ꯫","ꯑꯗꯨ ꯔꯣ ,    ꯍ ꯌꯦꯡ    ꯔꯦ ꯂꯤ    ꯑꯃ    ꯂꯩ ꯅꯤ꯫ ",21,10
2191,ꯑꯩꯈꯣꯏꯒꯤ ꯂꯩꯀꯥꯏꯒꯤ ꯑꯉꯥꯡꯁꯤꯡ ꯁꯨꯇꯤ ꯐꯪꯉꯦ꯫,ꯑꯩꯈ ꯣꯏꯒꯤ    ꯂꯩ ꯀꯥꯏ ꯒꯤ    ꯑꯉꯥꯡ ꯁꯤꯡ    ꯁꯨꯇꯤ    ꯐꯪ ꯉ ꯦ ꯫ ,30,12
2192,ꯅꯪꯁꯨ ꯑꯃ ꯐꯪꯅꯤ ꯈꯜꯂꯨꯔꯦ꯫,ꯅꯪ ꯁꯨ    ꯑꯃ    ꯐꯪ ꯅꯤ    ꯈ ꯜꯂꯨ ꯔꯦ꯫ ,17,8
2193,ꯑꯩ ꯁꯨꯇꯤ ꯑꯃꯠꯇ ꯂꯩꯇꯦ꯫,ꯑ ꯩ    ꯁꯨꯇꯤ    ꯑꯃꯠꯇ    ꯂꯩꯇꯦ꯫ ,15,5
2194,ꯑꯗꯨꯗꯤ ꯅꯪ ꯍꯌꯦꯡꯒꯤ ꯁꯨꯇꯤ ꯂꯧꯕꯅ ꯍꯦꯟꯅ ꯐꯅꯤ ꯈꯜꯂꯤ ꯑꯩꯅ꯫,ꯑꯗꯨꯗꯤ    ꯅ ꯪ    ꯍ ꯌꯦꯡ ꯒꯤ    ꯁꯨꯇꯤ    ꯂꯧ ꯕꯅ    ꯍꯦꯟꯅ    ꯐ ꯅꯤ    ꯈ ꯜꯂꯤ    ꯑꯩ ꯅ ꯫ ,36,17
2195,ꯁꯤꯒꯤ ꯔꯦꯂꯤꯁꯤꯗ ꯀꯩ ꯑꯆꯧꯕ ꯋꯥꯐꯝ ꯂꯩꯒꯦ,ꯁꯤꯒꯤ    ꯔꯦ ꯂꯤ ꯁꯤꯗ    ꯀꯩ    ꯑꯆꯧꯕ    ꯋꯥꯐꯝ    ꯂꯩ ꯒꯦ ,25,9
2196,ꯔꯦꯂꯤ ꯃꯌꯥꯝ ꯑꯃ ꯃꯇꯝ ꯄꯨꯞꯄ ꯇꯧꯋꯤ꯫,ꯔꯦ ꯂꯤ    ꯃꯌꯥꯝ    ꯑꯃ    ꯃꯇꯝ    ꯄꯨ ꯞꯄ    ꯇꯧꯋꯤ꯫ ,22,8
2197,ꯁꯤꯃꯗꯤ ꯌꯥꯝꯅ ꯆꯥꯎꯅꯤ꯫,ꯁꯤ ꯃ ꯗꯤ    ꯌꯥꯝꯅ    ꯆꯥꯎ ꯅꯤ꯫ ,15,6
2198,"ꯃꯔꯝꯗꯤ ꯃꯔꯨꯑꯣꯏꯕ ꯄꯥꯔꯇꯤꯁꯤꯡ, ꯚꯥꯔꯇꯤꯌꯥ ꯖꯅꯇ ꯄꯥꯔꯇꯤ, ꯇ꯭ꯔꯤꯅꯥꯃꯨꯜ ꯀꯪꯒ꯭ꯔꯦꯁ ꯑꯃꯗꯤ ꯀꯃ꯭ꯌꯨꯅꯤꯁꯠ ꯄꯥꯔꯇꯤ, ꯂꯣꯏꯅꯃꯛ ꯁꯔꯨꯛ ꯌꯥꯅꯤ꯫","ꯃꯔꯝꯗꯤ    ꯃꯔꯨꯑꯣꯏꯕ    ꯄꯥꯔꯇꯤ ꯁꯤꯡ,    ꯚꯥꯔ ꯇꯤꯌꯥ    ꯖꯅ ꯇ    ꯄꯥꯔ ꯇꯤ,    ꯇ꯭ꯔꯤ ꯅꯥ ꯃꯨ ꯜ    ꯀꯪꯒ꯭ꯔꯦꯁ    ꯑꯃꯗꯤ    ꯀ ꯃ꯭ꯌꯨꯅꯤ ꯁꯠ    ꯄꯥꯔ ꯇꯤ,    ꯂꯣꯏꯅ ꯃꯛ    ꯁꯔꯨꯛ    ꯌꯥ ꯅꯤ꯫ ",87,26
2199,ꯃꯣꯏ ꯂꯣꯏꯅꯃꯛ,ꯃ ꯣꯏ    ꯂꯣꯏꯅ ꯃꯛ ,9,4
2200,"ꯍꯣꯏ, ꯑꯗꯨꯒ ꯅꯪ ꯃꯇꯝ ꯆꯥꯅ ꯌꯨꯝ ꯌꯧꯔꯛꯄ ꯉꯝꯅꯤ ꯍꯥꯏꯕ ꯊꯥꯖꯗꯦ꯫","ꯍ ꯣꯏ ,    ꯑꯗꯨꯒ    ꯅ ꯪ    ꯃꯇꯝ    ꯆꯥꯅ    ꯌꯨꯝ    ꯌꯧ ꯔꯛꯄ    ꯉꯝ ꯅꯤ    ꯍꯥꯏꯕ    ꯊꯥꯖ ꯗꯦ꯫ ",38,16
2201,ꯀꯔꯤꯒꯨꯝꯕ ꯅꯪ ꯍꯌꯦꯡ ꯑꯣꯐꯤꯁꯇ ꯆꯠꯂꯗꯤ꯫,ꯀꯔꯤꯒꯨꯝꯕ    ꯅ ꯪ    ꯍ ꯌꯦꯡ    ꯑꯣꯐꯤꯁꯇ    ꯆꯠ ꯂ ꯗ ꯤ꯫ ,25,10
2202,ꯑꯩꯁꯨ ꯊꯥꯖꯗꯦ꯫,ꯑꯩ ꯁꯨ    ꯊꯥꯖ ꯗꯦ꯫ ,10,4
2203,ꯑꯗꯣ ꯁꯤꯒꯤ ꯃꯇꯥꯡꯗ ꯀꯩꯝ ꯈꯪꯗꯦ ꯑꯩꯗꯤ꯫,ꯑꯗꯣ   ꯁꯤꯒꯤ    ꯃꯇꯥꯡꯗ    ꯀꯩ ꯝ    ꯈꯪ ꯗꯦ    ꯑꯩ ꯗ ꯤ꯫ ,24,10
2204,ꯃꯈꯣꯏꯅ ꯃꯁꯤ ꯇꯧꯔꯤꯁꯦ ꯀꯩꯒꯤꯅꯣ,ꯃꯈꯣꯏꯅ    ꯃꯁꯤ    ꯇꯧ ꯔꯤ ꯁꯦ    ꯀꯩ ꯒꯤ ꯅꯣ ,20,8
2205,ꯃꯈꯣꯏꯅ ꯁꯤ ꯇꯧꯔꯤꯁꯦ ꯁꯔꯀꯥꯔꯅ ꯃꯦꯅꯤꯐꯦꯁꯇꯣꯗ ꯋꯥꯁꯛꯈꯤꯕꯗꯣ ꯂꯣꯏꯅꯃꯛ ꯇꯧꯈꯤꯗꯕꯒꯤꯅꯤ꯫,ꯃꯈꯣꯏꯅ    ꯁꯤ    ꯇꯧ ꯔꯤ ꯁꯦ    ꯁꯔꯀꯥꯔꯅ    ꯃꯦ ꯅꯤ ꯐꯦꯁ ꯇꯣ ꯗ    ꯋꯥꯁꯛ ꯈꯤꯕ ꯗꯣ    ꯂꯣꯏꯅ ꯃꯛ    ꯇꯧ ꯈꯤ ꯗꯕ ꯒꯤ ꯅꯤ꯫ ,55,21
2206,ꯑꯗꯨꯃꯥꯏ ꯇꯧꯕ꯭ꯔ,ꯑꯗꯨ ꯃꯥꯏ    ꯇꯧ ꯕ꯭ꯔ,11,4
2207,ꯑꯗꯨꯗꯤ ꯚꯥꯔꯇꯤꯌꯥ ꯖꯅꯇ ꯄꯥꯔꯇꯤꯅ ꯄꯥꯜꯂꯤꯉꯩ ꯃꯇꯝꯗꯨꯒꯤꯗꯤ,ꯑꯗꯨꯗꯤ    ꯚꯥꯔ ꯇꯤꯌꯥ    ꯖꯅ ꯇ    ꯄꯥꯔ ꯇꯤꯅ    ꯄꯥ ꯜꯂꯤ ꯉꯩ    ꯃꯇꯝ ꯗꯨ ꯒꯤ ꯗꯤ ,37,14
2208,ꯃꯈꯣꯏꯁꯨ ꯋꯥꯁꯛꯈꯤꯕꯗꯣ ꯇꯧꯈꯤꯗꯦ꯫,ꯃꯈꯣꯏ ꯁꯨ    ꯋꯥꯁꯛ ꯈꯤꯕ ꯗꯣ    ꯇꯧ ꯈꯤꯗꯦ꯫ ,22,7
2209,"ꯆꯨꯝꯃꯤ, ꯑꯗꯣ ꯀꯅꯥꯅ ꯃꯋꯥ ꯂꯧꯒꯦ","ꯆꯨꯝ ꯃꯤ,    ꯑꯗꯣ   ꯀꯅꯥ ꯅ    ꯃ ꯋꯥ    ꯂꯧ ꯒꯦ ",20,9
2210,"ꯔꯥꯖꯅꯤꯇꯤꯁꯦ ꯁꯨꯃꯥꯏꯅ ꯑꯗꯨꯝ ꯇꯧꯋꯤ, ꯅꯠꯇ꯭ꯔ","ꯔꯥꯖꯅꯤ ꯇꯤ ꯁꯦ    ꯁꯨ ꯃꯥꯏ ꯅ    ꯑꯗꯨꯝ    ꯇꯧ ꯋꯤ,    ꯅꯠꯇ꯭ꯔ",29,10
2211,"ꯍꯣꯏ, ꯃꯈꯣꯏ ꯑꯃꯅ ꯑꯃꯒꯤ ꯃꯥꯌꯣꯛꯇ ꯄꯕ꯭ꯂꯤꯁꯤꯇꯤ ꯑꯃꯗꯤ ꯑꯇꯩꯒꯤꯗꯃꯛꯇ ꯄ꯭ꯔꯣꯇꯦꯁꯠ ꯇꯧꯋꯤ꯫","ꯍ ꯣꯏ ,    ꯃꯈꯣꯏ    ꯑꯃꯅ    ꯑꯃꯒꯤ    ꯃꯥꯌꯣꯛꯇ    ꯄꯕ꯭ꯂꯤ ꯁꯤꯇꯤ    ꯑꯃꯗꯤ    ꯑꯇ ꯩ ꯒꯤꯗꯃꯛꯇ    ꯄ꯭ꯔꯣ ꯇꯦꯁꯠ    ꯇꯧꯋꯤ꯫ ",56,16
2212,ꯑꯗꯨꯕꯨ ꯇꯁꯦꯡꯅꯗꯤ ꯍꯥꯏꯔꯤꯕꯁꯤꯡꯁꯦ ꯀꯩꯝꯇ ꯑꯣꯏꯔꯛꯇꯦ꯫,ꯑꯗꯨꯕꯨ    ꯇ ꯁꯦꯡ ꯅꯗꯤ    ꯍꯥꯏ ꯔꯤꯕ ꯁꯤꯡ ꯁꯦ    ꯀꯩ ꯝ ꯇ    ꯑꯣꯏꯔꯛ ꯇꯦ ꯫ ,35,14
2213,ꯇ꯭ꯔꯥꯐꯤꯛ ꯑꯃꯗꯤ ꯑꯇꯩꯂꯣꯏꯅꯃꯛꯅ ꯃꯔꯝ ꯑꯣꯏꯗꯨꯅ ꯑꯩꯈꯣꯏ ꯋꯥꯕ ꯅꯠꯇꯅ꯫,ꯇ꯭ꯔꯥ ꯐꯤ ꯛ    ꯑꯃꯗꯤ    ꯑꯇ ꯩ ꯂꯣꯏꯅ ꯃꯛꯅ    ꯃꯔꯝ    ꯑꯣꯏꯗꯨꯅ    ꯑꯩꯈ ꯣꯏ    ꯋꯥꯕ    ꯅꯠꯇ ꯅ ꯫ ,43,16
2214,"ꯑꯗꯨꯅꯦ, ꯁꯤꯁꯦ ꯍꯌꯦꯡ ꯅꯨꯃꯤꯗꯥꯡꯋꯥꯏꯔꯝ ꯐꯥꯎꯕ ꯆꯠꯊꯗ꯭ꯔꯗꯤ ꯐꯅꯤ꯫","ꯑꯗꯨ ꯅꯦ ,    ꯁꯤ ꯁꯦ    ꯍ ꯌꯦꯡ    ꯅꯨꯃꯤ ꯗꯥꯡ ꯋꯥꯏ ꯔꯝ    ꯐꯥꯎꯕ    ꯆꯠꯊ ꯗ꯭ꯔ ꯗꯤ    ꯐ ꯅꯤ꯫ ",42,17
2215,ꯍꯌꯦꯡ ꯆꯠꯇꯣꯏꯔꯣ,ꯍ ꯌꯦꯡ    ꯆꯠ ꯇꯣꯏ ꯔꯣ ,11,5
2216,"ꯑꯩ ꯆꯠꯇ ꯌꯥꯗꯦ, ꯑꯣꯐꯤꯁꯇ ꯊꯕꯛ ꯌꯥꯝ ꯂꯩ꯫","ꯑ ꯩ    ꯆꯠ ꯇ    ꯌꯥ ꯗꯦ,    ꯑꯣꯐꯤꯁꯇ    ꯊꯕꯛ    ꯌꯥꯝ    ꯂꯩ꯫ ",25,10
2217,ꯃꯁꯤꯒꯤ ꯃꯔꯝꯅ ꯑꯩ ꯁꯨꯇꯤ ꯂꯧꯕ ꯌꯥꯗꯦ꯫,ꯃꯁꯤꯒꯤ    ꯃꯔꯝꯅ    ꯑ ꯩ    ꯁꯨꯇꯤ    ꯂꯧꯕ    ꯌꯥ ꯗꯦ꯫ ,23,8
2218,ꯑꯗꯨꯗꯤ ꯍꯌꯦꯡ ꯄꯕ꯭ꯂꯤꯛ ꯇ꯭ꯔꯥꯟꯁꯄꯣꯔꯠꯇ ꯆꯠꯂꯣ꯫,ꯑꯗꯨꯗꯤ    ꯍ ꯌꯦꯡ    ꯄꯕ꯭ꯂꯤꯛ    ꯇ꯭ꯔꯥꯟꯁ ꯄꯣꯔ ꯠꯇ    ꯆꯠ ꯂꯣ ꯫ ,31,10
2219,ꯀꯩ ꯊꯣꯛꯅꯤ ꯍꯥꯏꯕ ꯑꯩꯈꯣꯏ ꯇꯝ ꯉꯝꯗꯦ꯫,ꯀꯩ    ꯊꯣꯛ ꯅꯤ    ꯍꯥꯏꯕ    ꯑꯩꯈ ꯣꯏ    ꯇꯝ    ꯉꯝ ꯗꯦ꯫ ,23,9
2220,ꯐꯨꯅꯕ ꯊꯣꯛꯑꯗꯤ ꯀꯃꯥꯏ ꯇꯧꯅꯤ,ꯐꯨ ꯅꯕ    ꯊꯣꯛ ꯑ ꯗꯤ    ꯀ ꯃꯥꯏ    ꯇꯧ ꯅꯤ ,18,9
2221,ꯆꯍꯤ ꯑꯃ ꯃꯃꯥꯡꯗ ꯅꯪꯒꯤ ꯊꯕꯛ ꯇꯧꯃꯤꯟꯅꯕꯒꯤ ꯕꯥꯏꯛ ꯃꯩ ꯊꯥꯈꯤꯕꯗꯣ ꯅꯤꯡꯁꯤꯡꯕ꯭ꯔ,ꯆꯍꯤ    ꯑꯃ    ꯃꯃꯥꯡꯗ    ꯅꯪ ꯒꯤ    ꯊꯕꯛ    ꯇꯧꯃꯤꯟ ꯅꯕꯒꯤ    ꯕꯥꯏ ꯛ    ꯃꯩ    ꯊꯥ ꯈꯤꯕ ꯗꯣ    ꯅꯤꯡꯁꯤꯡ ꯕ꯭ꯔ,48,16
2222,ꯅꯪ ꯀꯥ ꯍꯦꯟꯅ ꯄꯥꯈꯠꯂꯦ꯫,ꯅ ꯪ    ꯀꯥ    ꯍꯦꯟꯅ    ꯄꯥ ꯈꯠ ꯂꯦ꯫ ,15,7
2223,ꯑꯗꯨꯒꯨꯝꯕ ꯑꯃꯠꯇ ꯊꯣꯛꯑꯣꯏ꯫,ꯑꯗꯨ ꯒꯨꯝꯕ    ꯑꯃꯠꯇ    ꯊꯣꯛ ꯑꯣꯏ꯫ ,18,5
2224,"ꯍꯦ, ꯅꯍꯥꯛꯅ ꯖꯤꯌꯣꯒ꯭ꯔꯥꯐꯤꯗ ꯈ꯭ꯋꯥꯏꯗꯒꯤ ꯋꯥꯡꯕ ꯃꯥꯔꯛ ꯁꯦ ꯀꯔꯝ ꯍꯥꯏꯅ ꯑꯗꯨꯝ ꯐꯪꯉꯤꯅꯣ","ꯍꯦ ,    ꯅꯍꯥꯛꯅ    ꯖꯤ ꯌꯣ ꯒ꯭ꯔꯥꯐꯤ ꯗ    ꯈ꯭ꯋꯥꯏꯗꯒꯤ    ꯋꯥꯡꯕ    ꯃꯥꯔ ꯛ    ꯁꯦ    ꯀꯔ ꯝ    ꯍꯥꯏꯅ    ꯑꯗꯨꯝ    ꯐꯪ ꯉꯤ ꯅꯣ ",54,19
2225,ꯅꯍꯥꯛ ꯂꯥꯏꯔꯤꯛꯁꯨ ꯏꯄꯥ ꯄꯥꯥꯗꯦ꯫,ꯅꯍꯥꯛ    ꯂꯥꯏꯔꯤꯛ ꯁꯨ    ꯏ ꯄꯥ    ꯄꯥ ꯥ ꯗꯦ꯫ ,21,8
2226,ꯑꯥꯗꯨꯒ ꯁꯣꯝꯗꯅ ꯑꯩ꯫,ꯑꯥ ꯗꯨ ꯒ    ꯁꯣ ꯝ ꯗꯅ    ꯑꯩ ꯫ ,13,8
2227,"ꯍꯥꯏ, ꯑꯩꯍꯥꯛꯅ ꯏꯟꯖꯕ ꯑꯔꯣꯟꯕ ꯃꯆꯥ ꯑꯃ ꯂꯩ꯫","ꯍꯥꯏ ,    ꯑꯩꯍꯥꯛ ꯅ    ꯏꯟ ꯖꯕ    ꯑꯔꯣ ꯟꯕ    ꯃꯆꯥ    ꯑꯃ    ꯂꯩ꯫ ",27,11
2228,ꯀꯅꯥꯝꯃꯇꯗ ꯍꯥꯏꯗꯣꯛ ꯑꯣꯏꯗꯧꯕ,ꯀꯅꯥ ꯝ ꯃꯇ ꯗ    ꯍꯥꯏ ꯗꯣꯛ    ꯑꯣꯏ ꯗ ꯧꯕ ,19,9
2229,"ꯐꯥꯒꯤ-ꯖꯣꯒꯥꯏꯒꯤ ꯃꯔꯛꯇ, ꯃꯔꯨ ꯑꯣꯏꯅ ꯑꯩꯍꯥꯛ ꯍꯧꯔꯛꯄꯗꯒꯤ ꯖꯤꯌꯣꯒ꯭ꯔꯐꯤꯗ ꯌꯥꯝꯅ ꯄꯨꯛꯅꯤꯡ ꯈꯣꯏꯗꯖꯔꯛꯏ꯫","ꯐꯥꯒꯤ - ꯖꯣ ꯒꯥꯏ ꯒꯤ    ꯃꯔ ꯛꯇ,    ꯃꯔꯨ    ꯑꯣꯏꯅ    ꯑꯩꯍꯥꯛ   ꯍꯧꯔꯛ ꯄꯗꯒꯤ    ꯖꯤ ꯌꯣ ꯒ꯭ꯔ ꯐꯤ ꯗ    ꯌꯥꯝꯅ    ꯄꯨꯛꯅꯤꯡ    ꯈꯣꯏ ꯗ ꯖ ꯔꯛ ꯏ꯫ ",66,24
2230,ꯇꯥꯁꯦꯡꯅ ꯑꯩꯍꯛ ꯍꯤꯔꯝ ꯑꯁꯤ ꯃꯇꯝ ꯄꯨꯝꯅꯃꯛꯇ ꯑꯗꯨꯝ ꯑꯣꯔꯥꯏꯗꯦ꯫,ꯇꯥ ꯁꯦꯡꯅ    ꯑꯩ ꯍꯛ    ꯍꯤꯔꯝ    ꯑꯁꯤ    ꯃꯇꯝ    ꯄꯨꯝꯅꯃꯛꯇ    ꯑꯗꯨꯝ    ꯑꯣꯔ ꯥꯏ ꯗꯦ꯫ ,39,12
2231,ꯀ꯭ꯂꯥꯁ ꯇꯧꯔꯤꯉꯩ ꯃꯅꯨꯡꯗ ꯑꯣꯖꯥꯅ ꯄꯔꯥꯁꯤꯡ ꯑꯗꯨ ꯑꯩꯈꯣꯏꯗ ꯇꯥꯛꯄꯤꯔꯤꯉꯥꯏꯗ ꯑꯍꯥꯛꯅ ꯃꯗꯨ ꯑꯁꯦꯡꯕ ꯊꯧꯋꯣꯡ ꯑꯃꯒ ꯁꯝꯖꯟꯅꯕ ꯍꯣꯠꯅꯩ ꯑꯃꯁꯨꯡ ꯋꯥꯈꯜꯗ ꯂꯥꯏ ꯑꯃ ꯌꯦꯛꯍꯧꯋꯤ ꯫,ꯀ꯭ꯂꯥ ꯁ    ꯇꯧ ꯔꯤꯉꯩ    ꯃꯅꯨꯡꯗ    ꯑꯣ ꯖꯥ ꯅ    ꯄ ꯔꯥ ꯁꯤꯡ    ꯑꯗꯨ    ꯑꯩꯈ ꯣꯏ ꯗ    ꯇꯥꯛ ꯄꯤ ꯔꯤ ꯉꯥꯏ ꯗ    ꯑ ꯍꯥꯛ ꯅ    ꯃꯗꯨ    ꯑꯁꯦꯡꯕ    ꯊꯧ ꯋꯣꯡ    ꯑꯃꯒ    ꯁꯝ ꯖꯟ ꯅꯕ    ꯍꯣꯠꯅ ꯩ    ꯑꯃꯁꯨꯡ    ꯋꯥꯈ ꯜꯗ    ꯂꯥꯏ    ꯑꯃ    ꯌꯦꯛ ꯍꯧ ꯋꯤ    ꯫ ,102,42
2232,ꯑꯁꯨꯝꯅ ꯑꯩꯍꯥꯛꯅ ꯋꯥꯈꯜꯂꯣꯟꯁꯤꯡ ꯑꯗꯨꯕꯨꯁꯨ ꯁꯦꯡꯅ ꯂꯧꯁꯟꯕ ꯐꯪꯉꯤ꯫,ꯑꯁꯨꯝꯅ    ꯑꯩꯍꯥꯛ ꯅ    ꯋꯥꯈꯜ ꯂꯣꯟꯁꯤꯡ    ꯑꯗꯨ ꯕꯨꯁꯨ    ꯁꯦꯡꯅ    ꯂꯧ ꯁꯟ ꯕ    ꯐꯪ ꯉꯤ꯫ ,42,13
2233,ꯅꯍꯥꯛꯅ ꯑꯁꯦꯡꯕ ꯊꯧꯋꯣꯡꯁꯤꯡꯒ ꯁꯝꯖꯟꯅꯕ ꯍꯥꯏꯕꯁꯤ ꯀꯥꯔꯤ ꯍꯥꯏꯔꯤꯅꯣ,ꯅꯍꯥꯛꯅ    ꯑꯁꯦꯡꯕ    ꯊꯧ ꯋ ꯣꯡ ꯁꯤꯡꯒ    ꯁꯝ ꯖꯟ ꯅꯕ    ꯍꯥꯏꯕꯁꯤ    ꯀꯥꯔ ꯤ    ꯍꯥꯏ ꯔꯤ ꯅꯣ ,42,15
2234,ꯃꯁꯤ ꯖꯤꯌꯣꯒ꯭ꯔꯥꯐꯤꯅꯤ,ꯃꯁꯤ    ꯖꯤ ꯌꯣ ꯒ꯭ꯔꯥꯐꯤ ꯅꯤ ,15,5
2235,"ꯃꯁꯤꯗ ꯌꯥꯎꯕꯁꯤꯡꯗꯤ ꯆꯤꯡꯁꯥꯡꯁꯤꯡ, ꯇꯨꯔꯦꯜꯁꯤꯡ, ꯃꯍꯥꯁꯥꯒꯔꯁꯤꯡ, ꯑꯌꯤꯡ ꯑꯁꯥ ꯑꯃꯁꯨꯡ ꯃꯊꯧ ꯇꯥꯗꯕ ꯃꯁꯤꯡꯁꯤꯡꯅꯤ꯫","ꯃꯁꯤꯗ    ꯌꯥꯎ ꯕ ꯁꯤꯡꯗꯤ    ꯆꯤꯡ ꯁꯥꯡ ꯁꯤꯡ,    ꯇꯨꯔꯦꯜ ꯁꯤꯡ,    ꯃꯍꯥ ꯁꯥꯒ ꯔ ꯁꯤꯡ,    ꯑꯌꯤ ꯡ    ꯑ ꯁꯥ    ꯑꯃꯁꯨꯡ    ꯃꯊꯧ    ꯇꯥꯗꯕ    ꯃ ꯁꯤꯡ ꯁꯤꯡꯅꯤ꯫ ",72,23
2236,ꯅꯍꯥꯛ ꯃꯁꯤꯗꯕꯨ ꯀꯔꯤ ꯄꯥꯝꯕꯒꯦ,ꯅꯍꯥꯛ    ꯃꯁꯤ ꯗ ꯕꯨ    ꯀꯔꯤ    ꯄꯥꯝꯕ ꯒꯦ ,19,7
2237,ꯃꯁꯤ ꯌꯥꯝꯅ ꯇꯟꯕ ꯁꯕꯖꯦꯛꯁꯤꯡꯗꯒꯤ ꯈ꯭ꯋꯥꯏꯗꯒꯤ ꯇꯟꯕ ꯁꯕꯖꯦꯛꯅꯤ꯫,ꯃꯁꯤ    ꯌꯥꯝꯅ    ꯇ ꯟꯕ    ꯁꯕ ꯖꯦ ꯛ ꯁꯤꯡꯗꯒꯤ    ꯈ꯭ꯋꯥꯏꯗꯒꯤ    ꯇ ꯟꯕ    ꯁꯕ ꯖꯦ ꯛ ꯅꯤ꯫ ,40,15
2238,ꯀꯥꯔꯤꯒꯨꯝꯕ ꯅꯍꯥꯛꯅ ꯑꯗꯨꯝꯅ ꯈꯜꯂꯕꯗꯤ꯫,ꯀꯥꯔ ꯤ ꯒꯨꯝꯕ    ꯅꯍꯥꯛꯅ    ꯑꯗꯨ ꯝꯅ    ꯈꯜꯂ ꯕ ꯗ ꯤ꯫ ,25,10
2239,ꯑꯩꯍꯥꯛ ꯂꯝ ꯀꯣꯏꯕ ꯌꯥꯝꯅ ꯆꯠꯂꯤ ꯑꯃꯁꯨꯡ ꯃꯃꯤ ꯀꯨꯝꯍꯩ ꯌꯥꯝꯅ ꯌꯦꯡꯉꯤ ꯍꯥꯏꯕ ꯅꯍꯥꯛꯅ ꯈꯪꯉꯤꯗꯨꯅꯤ ꯫,ꯑꯩꯍꯥꯛ   ꯂꯝ    ꯀꯣꯏ ꯕ    ꯌꯥꯝꯅ    ꯆꯠꯂꯤ    ꯑꯃꯁꯨꯡ    ꯃꯃꯤ    ꯀꯨꯝꯍꯩ    ꯌꯥꯝꯅ    ꯌꯦꯡ ꯉꯤ    ꯍꯥꯏꯕ    ꯅꯍꯥꯛꯅ    ꯈꯪ ꯉꯤ ꯗꯨ ꯅꯤ    ꯫ ,59,19
2240,"ꯑꯩꯈꯣꯏꯅ ꯑꯣꯔꯥꯏꯕ ꯈꯨꯗꯤꯡꯃꯛ, ꯃꯗꯨ ꯄꯨꯝꯅꯃꯛ ꯑꯩꯈꯣꯏꯒꯤ ꯑꯀꯣꯏꯕꯗ ꯂꯣꯏꯅ ꯂꯩ, ꯑꯩꯈꯣꯏꯅ ꯌꯦꯡꯈꯠꯄꯒꯤ ꯃꯊꯧ ꯇꯥꯏ꯫","ꯑꯩꯈꯣꯏꯅ    ꯑꯣꯔ ꯥꯏ ꯕ    ꯈꯨꯗꯤꯡ ꯃꯛ,    ꯃꯗꯨ    ꯄꯨꯝꯅꯃꯛ    ꯑꯩꯈ ꯣꯏꯒꯤ    ꯑꯀꯣꯏꯕꯗ    ꯂꯣꯏꯅ    ꯂꯩ,    ꯑꯩꯈꯣꯏꯅ    ꯌꯦꯡ ꯈꯠ ꯄꯒꯤ    ꯃꯊꯧ    ꯇꯥꯏ꯫ ",70,19
2241,"ꯃꯔꯝ ꯑꯁꯤꯅ ꯑꯩꯈꯣꯏꯅ ꯑꯣꯔꯥꯏꯕ ꯈꯨꯗꯤꯡꯗ ꯑꯩꯍꯥꯛꯅ ꯃꯗꯨꯒꯤ ꯃꯃꯤꯁꯤ ꯑꯃꯁꯨꯡ ꯑꯩꯍꯥꯛꯅ ꯆꯠꯂꯨꯔꯕ ꯈꯔ, ꯅꯠꯇꯡꯔꯒ ꯃꯃꯤ ꯀꯨꯝꯍꯩꯗ ꯌꯦꯡꯈꯤꯕꯁꯤꯡ ꯑꯗꯨ ꯅꯤꯡꯖꯪꯅꯕ ꯍꯣꯠꯅꯗꯨꯅ ꯃꯗꯨꯒ ꯁꯝꯖꯟꯅꯕ ꯍꯣꯠꯅꯩ꯫","ꯃꯔꯝ    ꯑꯁꯤꯅ    ꯑꯩꯈꯣꯏꯅ    ꯑꯣꯔ ꯥꯏ ꯕ    ꯈꯨꯗꯤꯡ ꯗ    ꯑꯩꯍꯥꯛ ꯅ    ꯃꯗꯨꯒꯤ    ꯃꯃꯤ ꯁꯤ    ꯑꯃꯁꯨꯡ    ꯑꯩꯍꯥꯛ ꯅ    ꯆꯠ ꯂꯨ ꯔꯕ    ꯈꯔ ,    ꯅꯠꯇ ꯡ ꯔꯒ    ꯃꯃꯤ    ꯀꯨꯝꯍꯩꯗ    ꯌꯦꯡ ꯈꯤꯕꯁꯤꯡ    ꯑꯗꯨ    ꯅꯤꯡ ꯖꯪ ꯅꯕ    ꯍꯣꯠꯅ ꯗꯨꯅ    ꯃꯗꯨ ꯒ    ꯁꯝ ꯖꯟ ꯅꯕ    ꯍꯣꯠ ꯅꯩ꯫ ",118,41
2242,"ꯃꯇꯧ ꯑꯁꯨꯝꯅ ꯑꯩꯒꯤꯗꯃꯛꯇꯗꯤ ꯃꯁꯤ ꯃꯤꯠꯇ ꯎꯕ ꯉꯝꯕ ꯑꯣꯏꯅ ꯍꯦꯜꯂꯤ, ꯑꯃꯁꯨꯡ ꯅꯍꯥꯛꯅ ꯃꯗꯨ ꯍꯦꯟꯅ ꯃꯇꯝ ꯁꯥꯡꯅ ꯅꯤꯡꯁꯤꯡꯒꯅꯤ꯫","ꯃꯇꯧ    ꯑꯁꯨꯝꯅ    ꯑꯩ ꯒꯤꯗꯃꯛꯇ ꯗꯤ    ꯃꯁꯤ    ꯃꯤ ꯠꯇ    ꯎꯕ    ꯉꯝꯕ    ꯑꯣꯏꯅ    ꯍꯦ ꯜꯂꯤ,    ꯑꯃꯁꯨꯡ    ꯅꯍꯥꯛꯅ    ꯃꯗꯨ    ꯍꯦꯟꯅ    ꯃꯇꯝ    ꯁꯥꯡꯅ    ꯅꯤꯡꯁꯤꯡ ꯒꯅꯤ꯫ ",74,21
2243,ꯅꯍꯥꯛ ꯃꯇꯧ ꯑꯁꯨꯝꯅ ꯂꯥꯏꯔꯤꯛ ꯑꯣꯔꯥꯏꯅꯕ ꯈꯟꯕ ꯌꯥꯎꯈꯕ꯭ꯔꯥ,ꯅꯍꯥꯛ    ꯃꯇꯧ    ꯑꯁꯨꯝꯅ    ꯂꯥꯏꯔꯤꯛ    ꯑꯣꯔ ꯥꯏ ꯅꯕ    ꯈꯟꯕ    ꯌꯥꯎ ꯈ ꯕ꯭ꯔꯥ ,36,11
2244,"ꯅꯍꯥꯛ ꯆꯨꯝꯃꯝꯕ ꯌꯥꯏ, ꯃꯁꯤꯒꯤ ꯃꯥꯑꯣꯡ ꯑꯁꯤ ꯃꯇꯝ ꯈꯔꯗ ꯃꯇꯦꯡ ꯄꯥꯡꯉꯤ꯫","ꯅꯍꯥꯛ    ꯆꯨꯝ ꯃ ꯝꯕ    ꯌꯥꯏ,    ꯃꯁꯤꯒꯤ    ꯃꯥ ꯑꯣ ꯡ    ꯑꯁꯤ    ꯃꯇꯝ    ꯈꯔꯗ    ꯃꯇꯦꯡ    ꯄꯥꯡ ꯉꯤ꯫ ",43,15
2245,"ꯑꯗꯨꯕꯨ ꯅꯍꯥꯛ ꯈꯪꯕ꯭ꯔꯥ, ꯑꯩꯒꯤꯗꯃꯛꯇꯗꯤ ꯖꯤꯌꯣꯒ꯭ꯔꯥꯐꯤꯒꯨꯝꯕ ꯁꯕꯖꯦꯛꯀ ꯑꯁꯤꯒ ꯁꯝꯅꯕ ꯌꯥꯝꯅ ꯋꯥꯏ꯫","ꯑꯗꯨꯕꯨ    ꯅꯍꯥꯛ    ꯈꯪ ꯕ꯭ꯔꯥ ,    ꯑꯩ ꯒꯤꯗꯃꯛꯇ ꯗꯤ    ꯖꯤ ꯌꯣ ꯒ꯭ꯔꯥꯐꯤ ꯒꯨꯝꯕ    ꯁꯕ ꯖꯦ ꯛ ꯀ    ꯑꯁꯤꯒ    ꯁꯝꯅꯕ    ꯌꯥꯝꯅ    ꯋꯥꯏ ꯫ ",62,21
2246,"ꯅꯍꯥꯛꯅ ꯂꯝ ꯀꯣꯏꯕ ꯌꯥꯝꯅ ꯆꯠꯄꯅꯤꯅ ꯃꯁꯤꯅ ꯅꯍꯥꯛꯄꯨ ꯁꯨꯝꯍꯠꯂꯝꯕ ꯌꯥꯏ, ꯑꯗꯨꯕꯨ ꯑꯩꯒꯤ ꯑꯣꯏꯅꯗꯤ ꯃꯁꯤ ꯄꯨꯝꯅꯃꯛ ꯁꯥꯒꯠꯄ ꯏ-ꯄꯥꯎ ꯉꯥꯛꯇꯅꯤ꯫","ꯅꯍꯥꯛꯅ    ꯂꯝ    ꯀꯣꯏ ꯕ    ꯌꯥꯝꯅ    ꯆꯠ ꯄ ꯅꯤꯅ    ꯃꯁꯤꯅ    ꯅꯍꯥꯛꯄꯨ    ꯁꯨꯝ ꯍ ꯠ ꯂꯝꯕ    ꯌꯥꯏ,    ꯑꯗꯨꯕꯨ    ꯑ ꯩꯒꯤ    ꯑꯣꯏꯅ ꯗꯤ    ꯃꯁꯤ    ꯄꯨꯝꯅꯃꯛ    ꯁꯥꯒꯠ ꯄ    ꯏ-ꯄꯥꯎ    ꯉꯥꯛ ꯇ ꯅꯤ꯫ ",84,28
2247,"ꯑꯗꯨꯒ, ꯑꯩꯈꯣꯏꯒꯤ ꯁꯤꯟꯀꯛꯂꯣꯟꯗꯗꯤ ꯚꯥꯔꯠꯀꯤ ꯖꯤꯌꯣꯒ꯭ꯔꯥꯐꯤ ꯌꯥꯎꯋꯤ, ꯑꯗꯨꯒ ꯅꯈꯣꯏꯒꯤ ꯑꯣꯏꯅꯗꯤ ꯃꯥꯂꯦꯝꯒꯤ ꯈ꯭ꯋꯥꯏꯗꯒꯤ ꯑꯐꯕ ꯃꯐꯝꯁꯤꯡ ꯑꯣꯔꯥꯏꯔꯝꯕ ꯌꯥꯏ꯫","ꯑꯗꯨ ꯒ,    ꯑꯩꯈ ꯣꯏꯒꯤ    ꯁꯤꯟ ꯀꯛ ꯂꯣꯟ ꯗꯗꯤ    ꯚꯥꯔꯠꯀꯤ    ꯖꯤ ꯌꯣ ꯒ꯭ꯔꯥ ꯐꯤ    ꯌꯥꯎ ꯋꯤ,    ꯑꯗꯨꯒ    ꯅꯈ ꯣꯏꯒꯤ    ꯑꯣꯏꯅ ꯗꯤ    ꯃꯥꯂꯦꯝꯒꯤ    ꯈ꯭ꯋꯥꯏꯗꯒꯤ    ꯑꯐꯕ    ꯃꯐꯝꯁꯤꯡ    ꯑꯣꯔ ꯥꯏ ꯔꯝꯕ    ꯌꯥꯏ꯫ ",97,28
2248,ꯃꯁꯤ ꯑꯩꯈꯣꯏꯒꯤꯗꯤ ꯈꯦꯠꯅꯩ꯫,ꯃꯁꯤ    ꯑꯩꯈ ꯣꯏ ꯒꯤ ꯗꯤ    ꯈꯦꯠ ꯅꯩ꯫ ,18,7
2249,"ꯃꯁꯤ ꯈꯔ ꯈꯦꯠꯅꯩ ꯍꯥꯏꯕꯁꯤ ꯑꯩꯁꯨ ꯋꯥꯈꯜ ꯇꯥꯏ, ꯑꯗꯨꯕꯨ ꯅꯍꯥꯛꯅ ꯈꯟꯒꯠꯂꯕ ꯍꯤꯔꯝ ꯈꯔꯒꯤ ꯕꯤꯗꯤꯌꯣ ꯈꯔ ꯌꯦꯡꯗꯨꯅ ꯍꯣꯠꯅꯕ ꯌꯥꯏ, ꯃꯁꯤꯅꯁꯨ ꯋꯥꯈꯜ ꯑꯃ ꯄꯤꯒꯅꯤ꯫","ꯃꯁꯤ    ꯈꯔ    ꯈꯦꯠ ꯅꯩ    ꯍꯥꯏꯕꯁꯤ    ꯑꯩ ꯁꯨ    ꯋꯥꯈꯜ    ꯇꯥꯏ ,    ꯑꯗꯨꯕꯨ    ꯅꯍꯥꯛꯅ    ꯈꯟꯒꯠ ꯂꯕ    ꯍꯤꯔꯝ    ꯈꯔꯒꯤ    ꯕꯤꯗꯤ ꯌꯣ    ꯈꯔ    ꯌꯦꯡ ꯗꯨꯅ    ꯍꯣꯠꯅꯕ    ꯌꯥꯏ,    ꯃꯁꯤ ꯅꯁꯨ    ꯋꯥꯈꯜ    ꯑꯃ    ꯄꯤ ꯒꯅꯤ꯫ ",93,29
2250,ꯑꯍꯥꯟꯕꯗ ꯑꯩꯍꯥꯛ ꯃꯗꯨꯒꯤ ꯂꯝꯕꯤ ꯑꯗꯨꯗ ꯍꯧꯔꯛꯈꯤ ꯑꯗꯨꯒ ꯃꯇꯨꯡꯗ ꯑꯇꯣꯞꯄ ꯃꯥꯋꯣꯡ ꯑꯃ ꯐꯪꯈꯤ꯫,ꯑꯍꯥꯟꯕꯗ    ꯑꯩꯍꯥꯛ   ꯃꯗꯨꯒꯤ    ꯂꯝꯕꯤ    ꯑꯗꯨꯗ    ꯍꯧꯔꯛ ꯈꯤ    ꯑꯗꯨꯒ    ꯃꯇꯨꯡꯗ    ꯑꯇꯣꯞꯄ    ꯃꯥ ꯋꯣꯡ    ꯑꯃ    ꯐꯪꯈꯤ꯫ ,56,14
2251,ꯃꯗꯨ ꯃꯈꯣꯟ-ꯃꯃꯤꯒꯤ ꯄꯣꯠ ꯑꯃꯒꯨꯝꯕꯅꯤ ꯫,ꯃꯗꯨ    ꯃꯈꯣ ꯟ- ꯃꯃꯤ ꯒꯤ    ꯄꯣꯠ    ꯑꯃ ꯒꯨꯝ ꯕꯅꯤ    ꯫ ,25,10
2252,ꯀꯥꯔꯤꯒꯨꯝꯕ ꯅꯍꯥꯛꯅ ꯄꯥꯝꯃꯕꯗꯤ ꯃꯁꯤꯗ ꯑꯩꯅ ꯅꯪꯒꯤ ꯃꯇꯦꯡ ꯄꯥꯡꯕ ꯌꯥꯏ꯫,ꯀꯥꯔ ꯤ ꯒꯨꯝꯕ    ꯅꯍꯥꯛꯅ    ꯄꯥꯝ ꯃ ꯕꯗꯤ    ꯃꯁꯤꯗ    ꯑꯩ ꯅ    ꯅꯪ ꯒꯤ    ꯃꯇꯦꯡ    ꯄꯥꯡꯕ    ꯌꯥꯏ꯫ ,43,15
2253,"ꯑꯍꯣꯏ, ꯑꯩ ꯃꯗꯨ ꯄꯥꯝꯒꯗꯧꯕ ꯃꯥꯜꯂꯤ꯫","ꯑꯍ ꯣꯏ ,    ꯑ ꯩ    ꯃꯗꯨ    ꯄꯥꯝ ꯒꯗ ꯧꯕ    ꯃꯥ ꯜꯂꯤ꯫ ",23,11
2254,ꯅꯍꯥꯛꯅ ꯂꯝ ꯀꯣꯏꯕ ꯌꯥꯝꯅ ꯆꯠꯄꯗꯨꯅ ꯅꯍꯥꯛꯅ ꯁꯕꯖꯦꯛ ꯑꯁꯤ ꯄꯥꯝꯕꯗ ꯑꯣꯏꯔꯛꯄ꯭ꯔ ꯅꯠꯇ꯭ꯔꯒ ꯃꯁꯤꯒꯤ ꯑꯣꯟꯅ ꯇꯩꯅꯕ ꯃꯥꯑꯣꯡ ꯑꯗꯨꯅꯤ ꯍꯥꯏꯅ ꯈꯟꯕꯒꯦ,ꯅꯍꯥꯛꯅ    ꯂꯝ    ꯀꯣꯏ ꯕ    ꯌꯥꯝꯅ    ꯆꯠ ꯄ ꯗꯨꯅ    ꯅꯍꯥꯛꯅ    ꯁꯕ ꯖꯦ ꯛ    ꯑꯁꯤ    ꯄꯥꯝ ꯕꯗ    ꯑꯣꯏꯔꯛ ꯄ꯭ꯔ   ꯅꯠꯇ꯭ꯔꯒ    ꯃꯁꯤꯒꯤ    ꯑꯣ ꯟꯅ    ꯇꯩ ꯅꯕ    ꯃꯥ ꯑꯣ ꯡ    ꯑꯗꯨ ꯅꯤ    ꯍꯥꯏꯅ    ꯈꯟ ꯕꯒꯦ ,85,31
2255,"ꯑꯩꯅ ꯍꯥꯏꯕꯗꯤ, ꯑꯌꯤꯡ ꯑꯁꯥꯒꯤ ꯐꯤꯕꯝꯁꯤꯡ, ꯃꯐꯝꯁꯤꯡ, ꯃꯥꯑꯣꯡꯁꯤꯡꯒꯤ ꯏ-ꯄꯥꯎ ꯑꯃꯁꯨꯡ ꯑꯁꯤꯅꯆꯤꯡꯕꯁꯤꯡ ꯑꯁꯤ ꯅꯍꯥꯛꯅ ꯑꯅꯧꯕ ꯃꯐꯝꯁꯤꯡ ꯌꯦꯡꯕ ꯆꯠꯄꯗ ꯀꯥꯟꯅꯔꯛꯄꯔꯥ","ꯑꯩ ꯅ    ꯍꯥꯏꯕ ꯗꯤ,    ꯑꯌꯤ ꯡ    ꯑ ꯁꯥꯒꯤ    ꯐꯤꯕ ꯝ ꯁꯤꯡ,    ꯃꯐꯝ ꯁꯤꯡ,    ꯃꯥ ꯑꯣ ꯡ ꯁꯤꯡꯒꯤ    ꯏ-ꯄꯥꯎ    ꯑꯃꯁꯨꯡ    ꯑꯁꯤꯅꯆꯤꯡ ꯕꯁꯤꯡ    ꯑꯁꯤ    ꯅꯍꯥꯛꯅ    ꯑꯅꯧꯕ    ꯃꯐꯝꯁꯤꯡ    ꯌꯦꯡꯕ    ꯆꯠ ꯄꯗ    ꯀꯥꯟ ꯅ ꯔꯛ ꯄꯔ ꯥ ",100,33
2256,ꯃꯔꯨ ꯑꯣꯏꯅ ꯌꯦꯡꯅꯤꯡꯉꯥꯏꯒꯤ ꯑꯈꯟꯅꯕ ꯃꯐꯝ ꯂꯩꯇꯕ ꯚꯥꯔꯠꯇ,ꯃꯔꯨ    ꯑꯣꯏꯅ    ꯌꯦꯡ ꯅꯤꯡ ꯉꯥꯏ ꯒꯤ    ꯑꯈꯟꯅꯕ    ꯃꯐꯝ    ꯂꯩꯇꯕ    ꯚꯥꯔꯠꯇ ,35,10
2257,ꯃꯗꯨꯒꯤ ꯋꯥꯐꯝ ꯑꯗꯨ ꯇꯥꯁꯦꯡꯅ ꯅꯠꯇꯦ ꯫,ꯃꯗꯨꯒꯤ    ꯋꯥꯐꯝ    ꯑꯗꯨ    ꯇꯥ ꯁꯦꯡꯅ    ꯅꯠꯇꯦ    ꯫ ,23,7
2258,"ꯚꯥꯔꯠꯇ ꯌꯦꯡꯅꯤꯡꯉꯥꯏ ꯌꯥꯝꯅ ꯂꯩ, ꯃꯥꯔꯨ ꯑꯣꯏꯕ ꯏꯁꯤꯡꯒꯤ ꯏꯄꯥꯛ ꯑꯅꯝꯕ, ꯆꯤꯡ ꯑꯃꯁꯨꯡ ꯇꯝꯁꯤꯡ ꯅꯍꯥꯛꯅ ꯚꯥꯔꯠꯇ ꯐꯪꯒꯅꯤ꯫","ꯚꯥꯔꯠꯇ    ꯌꯦꯡ ꯅꯤꯡꯉꯥꯏ    ꯌꯥꯝꯅ    ꯂꯩ,    ꯃꯥꯔ ꯨ    ꯑꯣꯏꯕ    ꯏꯁꯤꯡꯒꯤ    ꯏ ꯄꯥꯛ    ꯑꯅ ꯝꯕ ,    ꯆꯤꯡ    ꯑꯃꯁꯨꯡ    ꯇꯝ ꯁꯤꯡ    ꯅꯍꯥꯛꯅ    ꯚꯥꯔꯠꯇ    ꯐꯪꯒꯅꯤ꯫ ",73,21
2259,ꯈꯨꯗꯝ ꯑꯣꯏꯅ ꯂꯧꯔꯕꯗ ꯀꯥꯟꯆꯦꯟꯖꯪꯒꯥꯒꯨꯝꯕ ꯇꯣꯉꯥꯟ ꯇꯣꯉꯥꯟꯕ ꯂꯝꯁꯤꯡꯗꯒꯤ ꯌꯦꯡꯕ ꯌꯥꯕ ꯍꯤꯃꯥꯂꯌꯥꯒꯤ ꯇꯣꯉꯥꯟ ꯇꯣꯉꯥꯟꯕ ꯆꯤꯡꯁꯥꯡꯁꯤꯡ ꯑꯃꯁꯨꯡ ꯃꯁꯤꯗꯒꯤ ꯌꯥꯝꯅ ꯍꯦꯟꯕꯁꯤꯡ ꯑꯁꯤ ꯑꯃꯇ ꯑꯣꯏꯕ ꯃꯈꯜꯒ ꯂꯣꯏꯅꯅ ꯆꯤꯡꯁꯥꯡ ꯈꯨꯗꯤꯡ ꯃꯛ ꯎꯠꯊꯣꯛꯅꯕ ꯃꯁꯥꯒꯤ ꯃꯒꯨꯟ ꯑꯃꯃꯝ ꯂꯩ꯫,ꯈꯨꯗꯝ    ꯑꯣꯏꯅ    ꯂꯧ ꯔ ꯕꯗ    ꯀꯥꯟ ꯆꯦꯟ ꯖꯪ ꯒꯥ ꯒꯨꯝꯕ    ꯇꯣꯉꯥꯟ    ꯇꯣꯉꯥꯟꯕ    ꯂꯝ ꯁꯤꯡꯗꯒꯤ    ꯌꯦꯡꯕ    ꯌꯥꯕ    ꯍꯤꯃꯥꯂ ꯌꯥꯒꯤ    ꯇꯣꯉꯥꯟ    ꯇꯣꯉꯥꯟꯕ    ꯆꯤꯡ ꯁꯥꯡ ꯁꯤꯡ    ꯑꯃꯁꯨꯡ    ꯃꯁꯤꯗꯒꯤ    ꯌꯥꯝꯅ    ꯍꯦꯟ ꯕꯁꯤꯡ    ꯑꯁꯤ    ꯑꯃ ꯇ    ꯑꯣꯏꯕ    ꯃꯈ ꯜꯒ    ꯂꯣꯏꯅꯅ    ꯆꯤꯡ ꯁꯥꯡ    ꯈꯨ ꯗꯤꯡ    ꯃꯛ    ꯎꯠ ꯊꯣꯛꯅꯕ    ꯃꯁꯥꯒꯤ    ꯃꯒꯨꯟ    ꯑꯃꯃꯝ    ꯂꯩ꯫ ,159,46
2260,ꯏꯁꯤꯡ ꯏꯄꯥꯛꯁꯤꯡꯁꯨ ꯃꯐꯝ ꯀꯌꯥꯗ ꯈꯥꯏꯗꯣꯛꯇꯨꯅ ꯇꯨꯔꯦꯜ ꯇꯥꯐꯝꯗ ꯂꯩꯕ ꯆꯤꯍꯨꯝ ꯅꯥꯏꯕ ꯂꯝꯁꯤꯡ ꯑꯃꯁꯨꯡ ꯏꯊꯠꯁꯤꯡ ꯑꯣꯏꯒꯜꯂꯤ ꯫,ꯏꯁꯤꯡ    ꯏ ꯄꯥꯛ ꯁꯤꯡꯁꯨ    ꯃꯐꯝ    ꯀꯌꯥꯗ    ꯈꯥꯏꯗꯣꯛ ꯇꯨꯅ    ꯇꯨꯔꯦꯜ    ꯇꯥ ꯐꯝꯗ    ꯂꯩꯕ    ꯆꯤ ꯍꯨ ꯝ    ꯅꯥꯏꯕ    ꯂꯝꯁꯤꯡ    ꯑꯃꯁꯨꯡ    ꯏꯊꯠꯁꯤꯡ    ꯑꯣꯏ ꯒ ꯜꯂꯤ    ꯫ ,75,23
2261,ꯃꯥꯗꯨꯒꯨꯝꯕ ꯂꯝꯁꯤꯡꯒꯤ ꯀꯥꯡꯂꯨꯞꯁꯤꯡꯁꯨ ꯃꯈꯣꯏꯒꯤ ꯇꯣꯞ ꯇꯣꯞꯞ ꯃꯒꯨꯟꯁꯤꯡ ꯂꯩ꯫,ꯃꯥ ꯗꯨ ꯒꯨꯝꯕ    ꯂꯝ ꯁꯤꯡꯒꯤ    ꯀꯥꯡꯂꯨꯞ ꯁꯤꯡꯁꯨ    ꯃꯈꯣꯏꯒꯤ    ꯇꯣꯞ    ꯇꯣ ꯞ ꯞ    ꯃ ꯒꯨ ꯟꯁꯤꯡ    ꯂꯩ꯫ ,49,16
2262,ꯅꯍꯥꯛ ꯆꯨꯝꯃꯝꯕ ꯌꯥꯏ,ꯅꯍꯥꯛ    ꯆꯨꯝ ꯃ ꯝꯕ    ꯌꯥꯏ ,13,5
2263,ꯑꯩ ꯑꯣꯖꯥ ꯂꯤꯌꯥꯒꯤ ꯚꯥꯔꯠꯀꯤ ꯖꯤꯌꯣꯒ꯭ꯔꯥꯐꯤꯒꯤ ꯀ꯭ꯂꯥꯁ ꯑꯗꯨ ꯅꯤꯡꯁꯤꯡꯉꯛꯏ ꯑꯃꯁꯨꯡ ꯃꯍꯥꯛꯅ ꯑꯩꯈꯣꯏꯒꯤꯗꯃꯛꯇ ꯀꯔꯝꯅ ꯌꯥꯝꯅ ꯄꯨꯛꯅꯤꯡ ꯍꯨꯅꯤꯡꯉꯥꯏ ꯑꯣꯏꯕ ꯃꯃꯤ ꯑꯃ ꯁꯦꯝꯈꯤ ꯍꯥꯏꯕꯗꯣ꯫,ꯑ ꯩ    ꯑꯣ ꯖꯥ    ꯂꯤ ꯌꯥꯒꯤ    ꯚꯥꯔꯠꯀꯤ    ꯖꯤ ꯌꯣ ꯒ꯭ꯔꯥꯐꯤ ꯒꯤ    ꯀ꯭ꯂꯥ ꯁ    ꯑꯗꯨ    ꯅꯤꯡꯁꯤꯡ ꯉꯛ ꯏ    ꯑꯃꯁꯨꯡ    ꯃꯍꯥꯛꯅ    ꯑꯩꯈ ꯣꯏ ꯒꯤꯗꯃꯛꯇ    ꯀꯔꯝꯅ    ꯌꯥꯝꯅ    ꯄꯨꯛꯅꯤꯡ    ꯍꯨ ꯅꯤꯡꯉꯥꯏ    ꯑꯣꯏꯕ    ꯃꯃꯤ    ꯑꯃ    ꯁꯦꯝꯈꯤ    ꯍꯥꯏꯕ ꯗꯣ ꯫ ,111,34
2264,ꯃꯁꯤ ꯅꯍꯥꯛ ꯅꯁꯥꯅ ꯇꯣꯉꯥꯟꯕ ꯄꯥꯝꯕꯩꯁꯤꯡ ꯀꯔꯝꯅ ꯁꯤꯖꯤꯟꯅꯗꯨꯅ ꯁꯕꯖꯦꯛ ꯑꯗꯨꯕꯨ ꯍꯦꯟꯅ ꯄꯨꯛꯅꯤꯡ ꯍꯨꯅꯤꯡꯉꯥꯏ ꯑꯣꯏꯅꯕ ꯁꯦꯝꯒꯅꯤ ꯍꯥꯏꯕꯗꯨꯅꯤ꯫,ꯃꯁꯤ    ꯅꯍꯥꯛ    ꯅ ꯁꯥꯅ    ꯇꯣꯉꯥꯟꯕ    ꯄꯥꯝꯕꯩ ꯁꯤꯡ    ꯀꯔꯝꯅ    ꯁꯤꯖꯤꯟꯅꯗꯨꯅ    ꯁꯕ ꯖꯦ ꯛ    ꯑꯗꯨꯕꯨ    ꯍꯦꯟꯅ    ꯄꯨꯛꯅꯤꯡ    ꯍꯨ ꯅꯤꯡꯉꯥꯏ    ꯑꯣꯏꯅꯕ    ꯁꯦꯝ ꯒꯅꯤ    ꯍꯥꯏꯕ ꯗꯨ ꯅꯤ꯫ ,86,23
2265,ꯑꯩꯁꯨ ꯅꯨꯃꯤꯠ ꯁꯥꯡꯅ ꯌꯨꯝ ꯊꯥꯗꯣꯛꯄ ꯄꯥꯝꯗꯦ ꯑꯗꯨꯕꯨ ꯑꯩꯍꯥꯛ ꯋꯥꯈꯜꯁꯤ ꯈꯔ ꯆꯥꯎꯊꯣꯛꯅ ꯊꯝꯅꯕ ꯍꯣꯠꯅꯕ ꯌꯥꯏ ꯑꯃꯁꯨꯡ ꯄꯣꯠꯁꯤꯡꯕꯨ ꯅꯍꯥꯛꯅ ꯌꯦꯡꯕꯒꯨꯝ ꯌꯦꯡꯅꯕ ꯍꯣꯠꯅꯒꯦ꯫,ꯑꯩ ꯁꯨ    ꯅꯨꯃꯤꯠ    ꯁꯥꯡꯅ    ꯌꯨꯝ    ꯊꯥꯗꯣꯛꯄ    ꯄꯥꯝ ꯗꯦ    ꯑꯗꯨꯕꯨ    ꯑꯩꯍꯥꯛ   ꯋꯥꯈꯜ ꯁꯤ    ꯈꯔ    ꯆꯥꯎ ꯊꯣꯛꯅ    ꯊꯝꯅꯕ    ꯍꯣꯠꯅꯕ    ꯌꯥꯏ    ꯑꯃꯁꯨꯡ    ꯄꯣꯠ ꯁꯤꯡꯕꯨ    ꯅꯍꯥꯛꯅ    ꯌꯦꯡ ꯕ ꯒꯨꯝ    ꯌꯦꯡꯅꯕ    ꯍꯣꯠꯅ ꯒꯦ ꯫ ,101,29
2266,ꯃꯁꯤꯒꯤ ꯊꯧꯔꯝꯁꯤꯡ ꯑꯃꯁꯨꯡ ꯃꯃꯤ ꯀꯨꯝꯍꯩꯁꯤꯡ ꯑꯁꯤ ꯀꯥꯟꯅꯔꯛꯄ ꯌꯥꯏ꯫,ꯃꯁꯤꯒꯤ    ꯊꯧꯔꯝꯁꯤꯡ    ꯑꯃꯁꯨꯡ    ꯃꯃꯤ    ꯀꯨꯝꯍꯩꯁꯤꯡ    ꯑꯁꯤ    ꯀꯥꯟ ꯅ ꯔꯛꯄ    ꯌꯥꯏ꯫ ,42,10
2267,"ꯋꯥꯔꯤ ꯌꯥꯝꯅ ꯅꯨꯡꯉꯥꯏ, ꯂꯥꯕ","ꯋꯥꯔꯤ    ꯌꯥꯝꯅ    ꯅꯨꯡꯉꯥꯏ ,    ꯂꯥ ꯕ ",18,6
2268,ꯌꯥꯝꯅ ꯊꯥꯒꯠꯆꯔꯤ,ꯌꯥꯝꯅ    ꯊꯥꯒꯠ ꯆ ꯔꯤ ,11,4
2269,ꯐꯥꯒꯅꯤ ꯫,ꯐꯥ ꯒꯅꯤ    ꯫ ,6,3
2270,"ꯍꯦꯜꯂꯣ, ꯑꯩꯍꯥꯛ ꯌꯨꯅꯤꯕꯔꯁꯤꯇꯤ ꯍꯣꯁꯇꯦꯜꯗꯒꯤ ꯖꯦꯠ ꯏꯁꯀ꯭ꯋꯥꯔ ꯃꯣꯜ ꯐꯥꯎ ꯄꯨꯅꯕ ꯀꯦꯕ ꯑꯃ ꯕꯨꯛ ꯇꯧꯕꯒꯤ ꯀꯣꯜ ꯇꯧꯖꯔꯛꯄꯅꯤ꯫","ꯍꯦꯜ ꯂꯣ ,    ꯑꯩꯍꯥꯛ   ꯌꯨꯅꯤꯕꯔ ꯁꯤꯇꯤ    ꯍꯣ ꯁꯇꯦ ꯜꯗꯒꯤ    ꯖꯦ ꯠ    ꯏꯁ ꯀ꯭ ꯋꯥꯔ    ꯃꯣ ꯜ    ꯐꯥꯎ   ꯄꯨ ꯅꯕ    ꯀꯦ ꯕ    ꯑꯃ    ꯕ ꯨꯛ    ꯇꯧꯕꯒꯤ    ꯀꯣꯜ    ꯇꯧ ꯖ ꯔꯛꯄ ꯅꯤ꯫ ",75,30
2271,ꯀꯌꯥꯝ ꯊꯨꯅ ꯑꯃ ꯐꯪꯕ ꯌꯥꯒꯅꯤ,ꯀꯌꯥꯝ    ꯊꯨꯅ    ꯑꯃ    ꯐꯪꯕ    ꯌꯥ ꯒꯅꯤ ,17,6
2272,ꯑꯩꯈꯣꯏꯒꯤ ꯗ꯭ꯔꯥꯏꯕꯔ ꯑꯃ ꯑꯗꯣꯝꯒꯤ ꯑꯦꯗ꯭ꯔꯦꯁꯇ ꯈꯨꯗꯛꯇ ꯊꯥꯔꯛꯄ ꯌꯥꯅꯤ꯫,ꯑꯩꯈ ꯣꯏꯒꯤ    ꯗ꯭ꯔꯥꯏ ꯕꯔ    ꯑꯃ    ꯑꯗꯣꯝꯒꯤ    ꯑꯦ ꯗ꯭ꯔ ꯦꯁ ꯇ    ꯈꯨꯗꯛꯇ    ꯊꯥꯔ ꯛꯄ    ꯌꯥ ꯅꯤ꯫ ,45,15
2273,ꯑꯗꯣꯝ ꯀꯔꯥꯏꯗꯒꯤ ꯄꯤꯛ ꯑꯞ ꯇꯧꯕ ꯄꯥꯝꯕꯤꯕꯒꯦ,ꯑꯗꯣ ꯝ    ꯀꯔ ꯥꯏꯗꯒꯤ    ꯄꯤ ꯛ    ꯑ ꯞ    ꯇꯧꯕ    ꯄꯥꯝꯕꯤ ꯕꯒꯦ ,27,11
2274,ꯑꯩꯍꯥꯛ ꯆꯪꯕꯝꯒ ꯌꯥꯝꯅ ꯅꯛꯅꯕ ꯃꯦꯟ ꯀꯦꯝꯄꯁꯇ ꯉꯥꯏꯖꯔꯝꯒꯦ꯫,ꯑꯩꯍꯥꯛ   ꯆꯪ ꯕ ꯝꯒ    ꯌꯥꯝꯅ    ꯅꯛꯅꯕ    ꯃꯦꯟ    ꯀꯦꯝ ꯄ ꯁꯇ    ꯉꯥꯏ ꯖ ꯔꯝ ꯒꯦ ꯫ ,36,15
2275,ꯁꯦꯀ꯭ꯌꯨꯔꯤꯇꯤ ꯒꯥꯔꯗ ꯑꯗꯨꯅ ꯑꯗꯣꯝꯕꯨ ꯏꯁꯨ ꯂꯩꯇꯅ ꯆꯪꯍꯜꯂꯛꯀꯅꯤ꯫,ꯁꯦꯀ꯭ꯌꯨ ꯔꯤꯇꯤ    ꯒꯥꯔ ꯗ    ꯑꯗꯨꯅ    ꯑꯗꯣ ꯝꯕꯨ    ꯏ ꯁꯨ    ꯂꯩꯇꯅ    ꯆꯪ ꯍꯜꯂꯛ ꯀꯅꯤ꯫ ,41,13
2276,"ꯑꯣꯀꯦ, ꯀꯦꯕ ꯑꯁꯤ ꯀꯦꯝꯄꯁꯀꯤ ꯃꯅꯨꯡꯗ ꯆꯪꯕ ꯌꯥꯕꯤꯕ꯭ꯔ","ꯑꯣ ꯀꯦ ,    ꯀꯦ ꯕ    ꯑꯁꯤ    ꯀꯦꯝ ꯄ ꯁꯀꯤ    ꯃꯅꯨꯡꯗ    ꯆꯪꯕ    ꯌꯥ ꯕꯤ ꯕ꯭ꯔ",33,14
2277,ꯃꯗꯨ ꯑꯌꯥꯕ ꯄꯤꯕꯤꯕ꯭ꯔ,ꯃꯗꯨ    ꯑꯌꯥꯕ    ꯄꯤ ꯕꯤ ꯕ꯭ꯔ,14,5
2278,ꯑꯇꯣꯞꯄ ꯌꯨꯅꯤꯕꯔꯁꯤꯇꯤꯗ ꯑꯩꯈꯣꯏꯗ ꯈꯨꯗꯣꯡꯆꯥꯗꯕ ꯑꯃꯨꯔꯛ ꯊꯣꯛꯈꯤ; ꯁꯣꯏꯗꯅꯕ ꯑꯩꯍꯥꯛ ꯍꯪꯖꯕꯅꯤ꯫,ꯑꯇꯣꯞꯄ    ꯌꯨꯅꯤꯕꯔ ꯁꯤ ꯇꯤꯗ    ꯑꯩꯈ ꯣꯏ ꯗ    ꯈꯨꯗꯣꯡꯆꯥ ꯗꯕ    ꯑꯃꯨ ꯔꯛ    ꯊꯣꯛ ꯈꯤ;    ꯁꯣꯏ ꯗꯅꯕ    ꯑꯩꯍꯥꯛ   ꯍꯪ ꯖ ꯕꯅꯤ꯫ ,60,19
2279,ꯃꯃꯥꯡꯗ ꯃꯈꯣꯏꯗ ꯈꯪꯍꯜꯂꯤꯈꯩ ꯀꯩꯁꯨ ꯀꯥꯏꯔꯣꯏ꯫,ꯃꯃꯥꯡꯗ    ꯃꯈꯣꯏꯗ    ꯈꯪ ꯍ ꯜꯂꯤ ꯈꯩ    ꯀꯩ ꯁꯨ    ꯀꯥꯏ ꯔꯣꯏ ꯫ ,29,11
2280,ꯑꯩꯍꯥꯛꯅ ꯃꯈꯣꯏꯗ ꯈꯪꯍꯟꯖꯈ꯭ꯔꯦ ꯍꯧꯖꯤꯛ ꯑꯗꯨꯅ ꯑꯗꯣꯝ ꯆꯪꯕꯗ ꯈꯨꯗꯣꯡꯊꯤꯕ ꯃꯥꯌꯣꯛꯅꯔꯔꯣꯏ꯫,ꯑꯩꯍꯥꯛ ꯅ    ꯃꯈꯣꯏꯗ    ꯈꯪꯍꯟ ꯖ ꯈ꯭ꯔꯦ    ꯍꯧꯖꯤꯛ    ꯑꯗꯨꯅ    ꯑꯗꯣ ꯝ    ꯆꯪ ꯕꯗ    ꯈꯨꯗꯣꯡꯊꯤꯕ    ꯃꯥꯌꯣꯛ ꯅꯔ ꯔꯣꯏ ꯫ ,56,17
2281,"ꯑꯣꯀꯦ, ꯃꯁꯤ ꯆꯨꯝꯃꯦꯅ ꯍꯥꯏꯅꯕ ꯑꯗꯣꯝꯅ ꯀꯔꯤꯒꯨꯝꯕ ꯃꯈꯜꯒꯤ ꯆꯦ ꯆꯥꯡ ꯅꯠꯇ꯭ꯔꯒ ꯏꯁꯀ꯭ꯔꯤꯟꯁꯣꯠ ꯑꯩꯉꯣꯟꯗ ꯊꯥꯕꯤꯔꯛꯄ ꯌꯥꯒꯗ꯭ꯔ","ꯑꯣ ꯀꯦ ,    ꯃꯁꯤ    ꯆꯨꯝ ꯃꯦ ꯅ    ꯍꯥꯏ ꯅꯕ    ꯑꯗꯣꯝꯅ    ꯀꯔꯤꯒꯨꯝꯕ    ꯃꯈꯜꯒꯤ    ꯆꯦ    ꯆꯥꯡ    ꯅꯠꯇ꯭ꯔꯒ    ꯏꯁ ꯀ꯭ꯔꯤ ꯟ ꯁꯣ ꯠ    ꯑꯩ ꯉꯣꯟꯗ    ꯊꯥ ꯕꯤ ꯔꯛꯄ    ꯌꯥ ꯒ ꯗ꯭ꯔ ",76,28
2282,"ꯃꯁꯤꯒꯤ ꯈꯨꯗꯣꯡꯆꯥꯗꯕ ꯑꯁꯤꯒꯤꯗꯃꯛ ꯋꯥꯔꯧꯕꯤꯕ ꯌꯥꯗꯦ, ꯑꯗꯨꯕꯨ ꯃꯁꯤ ꯀꯝꯄꯅꯤꯒꯤ ꯄꯣꯂꯤꯁꯤꯅꯤ꯫","ꯃꯁꯤꯒꯤ    ꯈꯨꯗꯣꯡꯆꯥ ꯗꯕ    ꯑꯁꯤꯒꯤꯗꯃꯛ    ꯋꯥꯔ ꯧ ꯕꯤꯕ    ꯌꯥ ꯗꯦ,    ꯑꯗꯨꯕꯨ    ꯃꯁꯤ    ꯀꯝꯄꯅꯤꯒꯤ    ꯄꯣꯂꯤ ꯁꯤ ꯅꯤ꯫ ",58,15
2283,ꯃꯁꯤ ꯍꯥꯏꯕ ꯀꯦꯝꯄꯁ ꯒꯥꯏꯗꯂꯥꯏꯟꯁꯤꯡꯒꯤ ꯀꯣꯄꯤ ꯑꯃ ꯑꯩꯉꯣꯟꯗ ꯂꯩꯖꯩ꯫,ꯃꯁꯤ    ꯍꯥꯏꯕ    ꯀꯦꯝ ꯄ ꯁ    ꯒꯥꯏ ꯗ ꯂꯥꯏꯟ ꯁꯤꯡꯒꯤ    ꯀꯣ ꯄꯤ    ꯑꯃ    ꯑꯩ ꯉꯣꯟꯗ    ꯂꯩ ꯖꯩ ꯫ ,42,17
2284,ꯃꯗꯨ ꯑꯗꯣꯝꯗ ꯋꯥꯠꯁꯑꯦꯞꯇ ꯍꯧꯖꯤꯛꯇ ꯊꯥꯖꯈ꯭ꯔꯕꯅꯤ꯫,ꯃꯗꯨ    ꯑꯗꯣ ꯝꯗ    ꯋꯥꯠ ꯁ ꯑꯦ ꯞꯇ    ꯍꯧꯖꯤ ꯛꯇ    ꯊꯥꯖ ꯈ꯭ꯔ ꯕꯅꯤ꯫ ,32,12
2285,"ꯑꯣꯀꯦ, ꯃꯗꯨꯅ ꯌꯥꯐꯝ ꯊꯣꯛꯏ꯫","ꯑꯣ ꯀꯦ ,    ꯃꯗꯨꯅ    ꯌꯥ ꯐꯝ    ꯊꯣꯛꯏ꯫ ",18,7
2286,"ꯇꯨꯡꯗ ꯀꯣꯝꯅꯕꯒꯤꯗꯃꯛ, ꯑꯗꯣꯝꯅ ꯀꯦꯝꯄꯁꯇ ꯑꯩꯈꯣꯏꯒꯤ ꯁꯔꯕꯤꯁꯁꯤꯡ ꯐꯪꯕꯤꯅꯕ ꯑꯦꯞ ꯑꯃ ꯁꯤꯖꯤꯟꯅꯕ ꯌꯥꯒꯅꯤ꯫","ꯇꯨꯡꯗ    ꯀꯣꯝ ꯅꯕ ꯒꯤꯗꯃꯛ,    ꯑꯗꯣꯝꯅ    ꯀꯦꯝ ꯄ ꯁꯇ    ꯑꯩꯈ ꯣꯏꯒꯤ    ꯁꯔꯕꯤ ꯁꯁꯤꯡ    ꯐꯪ ꯕꯤ ꯅꯕ    ꯑꯦ ꯞ    ꯑꯃ    ꯁꯤꯖꯤꯟꯅꯕ    ꯌꯥꯒꯅꯤ꯫ ",65,20
2287,ꯃꯁꯤ ꯇ꯭ꯔꯥꯕꯥ-ꯒꯣ ꯀꯧꯋꯤ ꯑꯗꯨꯒ ꯒꯨꯒꯜ ꯄ꯭ꯂꯦ ꯁ꯭ꯇꯣꯔꯗ ꯐꯪꯒꯅꯤ꯫,ꯃꯁꯤ    ꯇ꯭ꯔꯥ ꯕꯥ - ꯒꯣ    ꯀꯧ ꯋꯤ    ꯑꯗꯨꯒ    ꯒꯨ ꯒꯜ    ꯄ꯭ ꯂꯦ    ꯁ꯭ꯇꯣ ꯔꯗ    ꯐꯪꯒꯅꯤ꯫ ,40,15
2288,ꯃꯗꯨꯅ ꯃꯇꯦꯡ ꯌꯥꯝꯅ ꯑꯣꯏꯅꯤ꯫,ꯃꯗꯨꯅ    ꯃꯇꯦꯡ    ꯌꯥꯝꯅ    ꯑꯣꯏ ꯅꯤ꯫ ,18,5
2289,ꯑꯗꯣꯝ ꯍꯣꯁꯇꯦꯜꯒꯤ ꯂꯩꯐꯝ ꯈꯪꯕꯤꯕ꯭ꯔ,ꯑꯗꯣ ꯝ    ꯍꯣ ꯁꯇꯦ ꯜꯒꯤ    ꯂꯩꯐꯝ    ꯈꯪ ꯕꯤ ꯕ꯭ꯔ,23,9
2290,ꯑꯩꯍꯥꯛ ꯃꯐꯝꯗꯨꯗ ꯑꯅꯧꯕ ꯑꯣꯏꯖꯩ ꯑꯗꯨꯅ ꯑꯩꯍꯥꯛ ꯀꯌꯥ ꯈꯪꯕ ꯑꯣꯏꯗꯣꯏ ꯃꯥꯟꯗꯦ꯫,ꯑꯩꯍꯥꯛ   ꯃꯐꯝ ꯗꯨꯗ    ꯑꯅꯧꯕ    ꯑꯣꯏ ꯖꯩ    ꯑꯗꯨꯅ    ꯑꯩꯍꯥꯛ   ꯀꯌꯥ    ꯈꯪꯕ    ꯑꯣꯏ ꯗ ꯣꯏ    ꯃꯥꯟ ꯗꯦ꯫ ,47,15
2291,ꯑꯗꯨꯕꯨ ꯑꯗꯣꯝꯗ ꯁꯤꯟꯅꯕ ꯗ꯭ꯔꯥꯏꯕꯔ ꯑꯗꯨ ꯂꯝꯕꯤ ꯈꯪꯂꯝꯒꯅꯤ ꯊꯥꯖꯩ꯫,ꯑꯗꯨꯕꯨ    ꯑꯗꯣ ꯝꯗ    ꯁꯤꯟꯅꯕ    ꯗ꯭ꯔꯥꯏ ꯕꯔ    ꯑꯗꯨ    ꯂꯝꯕꯤ    ꯈꯪ ꯂꯝ ꯒꯅꯤ    ꯊꯥꯖ ꯩ꯫ ,41,13
2292,ꯑꯩꯍꯥꯛ ꯑꯗꯣꯝꯗ ꯂꯣꯀꯦꯁꯟ ꯊꯥꯖꯔꯛꯀꯦ ꯀꯩꯒꯨꯝꯕ ꯃꯍꯥꯛ ꯈꯪꯂꯝꯗ꯭ꯔꯗꯤ꯫,ꯑꯩꯍꯥꯛ   ꯑꯗꯣ ꯝꯗ    ꯂꯣ ꯀꯦꯁꯟ    ꯊꯥꯖ ꯔꯛ ꯀꯦ    ꯀꯩ ꯒꯨꯝꯕ    ꯃꯍꯥꯛ    ꯈꯪ ꯂꯝ ꯗ꯭ꯔ ꯗ ꯤ꯫ ,43,16
2293,ꯑꯩꯍꯥꯛꯅ ꯚꯔꯥ ꯑꯗꯨ ꯃꯃꯥꯡꯗ ꯅꯠꯇ꯭ꯔꯒ ꯌꯧꯐꯝꯗꯨ ꯌꯧꯕꯗ ꯊꯤꯒꯗꯕꯔ,ꯑꯩꯍꯥꯛ ꯅ    ꯚ ꯔꯥ    ꯑꯗꯨ    ꯃꯃꯥꯡꯗ    ꯅꯠꯇ꯭ꯔꯒ    ꯌꯧ ꯐꯝ ꯗꯨ    ꯌꯧ ꯕꯗ    ꯊꯤ ꯒꯗꯕ ꯔ ,39,15
2294,ꯃꯗꯨ ꯑꯗꯣꯝꯒꯤ ꯑꯄꯥꯝꯕꯅꯤ꯫,ꯃꯗꯨ    ꯑꯗꯣꯝꯒꯤ    ꯑ ꯄꯥꯝꯕ ꯅꯤ꯫ ,17,5
2295,ꯑꯗꯣꯝꯅ ꯚꯔꯥ ꯑꯗꯨ ꯍꯥꯟꯅ ꯅꯠꯇ꯭ꯔꯒ ꯇꯣꯡꯂꯕ ꯃꯇꯨꯡꯗ ꯊꯤꯕꯤꯕ ꯌꯥꯒꯅꯤ꯫,ꯑꯗꯣꯝꯅ    ꯚ ꯔꯥ    ꯑꯗꯨ    ꯍꯥꯟꯅ    ꯅꯠꯇ꯭ꯔꯒ    ꯇꯣꯡ ꯂꯕ    ꯃꯇꯨꯡꯗ    ꯊꯤ ꯕꯤꯕ    ꯌꯥꯒꯅꯤ꯫ ,42,12
2296,ꯑꯗꯣꯝꯅ ꯀꯔꯤꯒꯨꯝꯕ ꯀꯦꯕ ꯑꯗꯨꯅ ꯑꯗꯣꯝꯕꯨ ꯉꯥꯏꯕ ꯃꯊꯧ ꯇꯥꯔꯕꯗꯤ ꯑꯍꯦꯟꯕ ꯆꯩꯔꯖꯦꯁ ꯂꯩꯖꯒꯅꯤ꯫,ꯑꯗꯣꯝꯅ    ꯀꯔꯤꯒꯨꯝꯕ    ꯀꯦ ꯕ    ꯑꯗꯨꯅ    ꯑꯗꯣ ꯝꯕꯨ    ꯉꯥꯏ ꯕ    ꯃꯊꯧ    ꯇꯥꯔ ꯕꯗꯤ    ꯑꯍꯦꯟꯕ    ꯆꯩ ꯔ ꯖ ꯦꯁ    ꯂꯩ ꯖ ꯒꯅꯤ꯫ ,56,20
2297,ꯃꯗꯨꯒꯤꯗꯃꯛ ꯃꯊꯧ ꯇꯥꯖꯔꯣꯏ꯫,ꯃꯗꯨ ꯒꯤꯗꯃꯛ    ꯃꯊꯧ    ꯇꯥ ꯖ ꯔꯣꯏ ꯫ ,18,7
2298,ꯑꯩꯍꯥꯛ ꯃꯤꯅꯤꯠ ꯇꯔꯥꯗ ꯂꯣꯏꯔꯒꯅꯤ ꯑꯗꯨꯅ ꯀꯦꯕ ꯑꯗꯨ ꯃꯗꯨꯐꯥꯎꯗ ꯌꯧꯔꯕꯗꯤ ꯅꯨꯉꯥꯏꯖꯒꯅꯤ꯫,ꯑꯩꯍꯥꯛ   ꯃꯤꯅꯤꯠ    ꯇꯔꯥ ꯗ    ꯂꯣꯏ ꯔ ꯒꯅꯤ    ꯑꯗꯨꯅ    ꯀꯦ ꯕ    ꯑꯗꯨ    ꯃꯗꯨ ꯐꯥꯎ ꯗ    ꯌꯧ ꯔꯕꯗꯤ    ꯅꯨ ꯉꯥꯏ ꯖ ꯒꯅꯤ꯫ ,54,20
2299,"ꯑꯣꯀꯦ, ꯑꯗꯣꯝꯒꯤ ꯀꯦꯕ ꯑꯁꯤ ꯃꯤꯅꯤꯠ ꯱꯵ꯗ ꯑꯗꯣꯝꯒꯤ ꯂꯣꯀꯦꯁꯟꯗ ꯌꯧꯔꯛꯂꯒꯅꯤ ꯈꯜꯂꯤ꯫","ꯑꯣ ꯀꯦ ,    ꯑꯗꯣꯝꯒꯤ    ꯀꯦ ꯕ    ꯑꯁꯤ    ꯃꯤꯅꯤꯠ    ꯱꯵ ꯗ    ꯑꯗꯣꯝꯒꯤ    ꯂꯣ ꯀꯦꯁ ꯟꯗ    ꯌꯧ ꯔꯛ ꯂ ꯒꯅꯤ    ꯈ ꯜꯂꯤ꯫ ",51,20
2300,ꯑꯩꯈꯣꯏꯒꯤ ꯀꯦꯕ ꯁꯔꯕꯤꯁ ꯁꯤꯖꯤꯟꯅꯕꯤꯕꯒꯤꯗꯃꯛ ꯑꯗꯣꯝꯕꯨ ꯊꯥꯒꯠꯆꯔꯤ꯫,ꯑꯩꯈ ꯣꯏꯒꯤ    ꯀꯦ ꯕ    ꯁꯔꯕꯤꯁ    ꯁꯤꯖꯤꯟꯅ ꯕꯤ ꯕꯒꯤꯗꯃꯛ    ꯑꯗꯣ ꯝꯕꯨ    ꯊꯥꯒꯠ ꯆ ꯔꯤ꯫ ,43,13
2301,"ꯅꯣꯡꯂꯨꯛꯆꯔꯤ ꯑꯣꯖꯥ, ꯑꯩ ꯑꯥꯗꯔꯁꯀꯤ ꯃꯃꯥꯅꯤ ꯫","ꯅꯣꯡ ꯂꯨ ꯛ ꯆ ꯔꯤ    ꯑꯣ ꯖꯥ ,    ꯑ ꯩ    ꯑꯥ ꯗꯔ ꯁꯀꯤ    ꯃꯃꯥ ꯅꯤ    ꯫ ",29,16
2302,ꯑꯩꯍꯥꯛ ꯑꯩꯒꯤ ꯏꯆꯥ ꯅꯨꯄꯥꯒꯤ ꯃꯇꯥꯡꯗ ꯀꯥꯔꯤꯒꯨꯝꯕ ꯈꯔ ꯇꯥꯟꯅꯖꯒꯦ ꯍꯥꯏꯅ ꯂꯥꯛꯄꯅꯤ ꯫,ꯑꯩꯍꯥꯛ   ꯑ ꯩꯒꯤ    ꯏ ꯆꯥ    ꯅꯨꯄꯥꯒꯤ    ꯃꯇꯥꯡꯗ    ꯀꯥꯔ ꯤ ꯒꯨꯝꯕ    ꯈꯔ    ꯇꯥꯟ ꯅ ꯖ ꯒꯦ    ꯍꯥꯏꯅ    ꯂꯥꯛ ꯄꯅꯤ    ꯫ ,51,19
2303,"ꯁꯣꯝꯅ ꯃꯍꯥꯛꯀꯤ ꯀꯂꯥꯁꯀꯤ ꯑꯣꯖꯥ ꯑꯣꯏꯕꯅꯤꯅ, ꯑꯩꯍꯥꯛꯅ ꯑꯩꯒꯤ ꯋꯥꯈꯜ ꯋꯥꯕꯁꯤꯡꯁꯤ ꯁꯣꯝꯒ ꯇꯥꯟꯅꯕꯅ ꯐꯒꯅꯤ ꯍꯥꯏꯅ ꯈꯟꯖꯩ ꯫","ꯁꯣ ꯝꯅ    ꯃꯍꯥꯛꯀꯤ    ꯀꯂꯥ ꯁꯀꯤ    ꯑꯣ ꯖꯥ    ꯑꯣꯏꯕ ꯅꯤ ꯅ,    ꯑꯩꯍꯥꯛ ꯅ    ꯑ ꯩꯒꯤ    ꯋꯥꯈꯜ    ꯋꯥ ꯕ ꯁꯤꯡ ꯁꯤ    ꯁꯣ ꯝꯒ    ꯇꯥꯟ ꯅꯕ ꯅ    ꯐ ꯒꯅꯤ    ꯍꯥꯏꯅ    ꯈꯟ ꯖꯩ    ꯫ ",73,30
2304,ꯆꯥꯟꯕꯤꯗꯨꯅ ꯂꯦꯡꯁꯤꯟꯕꯤꯌꯨ,ꯆꯥꯟ ꯕꯤ ꯗꯨꯅ    ꯂꯦꯡ ꯁꯤꯟ ꯕꯤꯌꯨ ,18,6
2305,ꯀꯔꯤ ꯇꯥꯟꯅꯕ ꯄꯥꯝꯕꯤꯒꯦ,ꯀꯔꯤ    ꯇꯥꯟ ꯅꯕ    ꯄꯥꯝꯕꯤ ꯒꯦ ,15,5
2306,ꯑꯩꯍꯥꯛ ꯑꯩꯒꯤ ꯏꯆꯥꯅꯨꯄꯥꯒꯤ ꯃꯣꯕꯥꯏꯜ ꯐꯣꯟ ꯑꯃꯁꯨꯡ ꯚꯤꯗꯤꯌꯣ ꯒꯦꯝꯁꯤꯡꯗ ꯂꯥꯏꯆꯨꯕ ꯍꯦꯟꯒꯠꯂꯛꯄꯁꯤ ꯑꯩ ꯋꯥꯈꯜ ꯌꯥꯝꯅ ꯋꯥꯏ꯫,ꯑꯩꯍꯥꯛ   ꯑ ꯩꯒꯤ    ꯏ ꯆꯥ ꯅꯨꯄꯥꯒꯤ    ꯃꯣ ꯕꯥꯏ ꯜ    ꯐꯣꯟ    ꯑꯃꯁꯨꯡ    ꯚꯤ ꯗꯤ ꯌꯣ    ꯒꯦꯝ ꯁꯤꯡꯗ    ꯂꯥꯏ ꯆꯨ ꯕ    ꯍꯦꯟꯒꯠꯂꯛ ꯄ ꯁꯤ    ꯑ ꯩ    ꯋꯥꯈꯜ    ꯌꯥꯝꯅ    ꯋꯥꯏ ꯫ ,75,28
2307,ꯃꯍꯥꯛ ꯑꯁꯤ ꯐꯣꯟꯗ ꯒꯦꯝꯁꯤꯡ ꯑꯗꯨꯝ ꯁꯥꯟꯅꯗꯅꯗ ꯂꯩ꯫,ꯃꯍꯥꯛ    ꯑꯁꯤ    ꯐꯣ ꯟꯗ    ꯒꯦ ꯝꯁꯤꯡ    ꯑꯗꯨꯝ    ꯁꯥꯟꯅ ꯗ ꯅꯗ    ꯂꯩ꯫ ,31,11
2308,ꯑꯩꯍꯥꯛ ꯃꯥꯒꯤ ꯍꯛꯁꯦꯜꯒꯤ ꯑꯃꯁꯨꯡ ꯂꯥꯏꯔꯤꯛ ꯂꯥꯏꯁꯨꯒꯤꯁꯨ ꯈꯜꯂꯒ ꯌꯥꯝꯅ ꯋꯥꯏ ꯫,ꯑꯩꯍꯥꯛ   ꯃꯥꯒꯤ    ꯍꯛ ꯁꯦꯜꯒꯤ    ꯑꯃꯁꯨꯡ    ꯂꯥꯏꯔꯤꯛ    ꯂꯥꯏ ꯁꯨ ꯒꯤꯁꯨ    ꯈ ꯜꯂꯒ    ꯌꯥꯝꯅ    ꯋꯥꯏ    ꯫ ,48,14
2309,"ꯑꯦꯍ, ꯃꯥꯗꯨꯗꯤ ꯋꯥꯈꯜ ꯋꯥꯅꯤꯡꯉꯥꯏꯅꯤ꯫","ꯑꯦ ꯍ ,    ꯃꯥ ꯗꯨ ꯗꯤ    ꯋꯥꯈꯜ    ꯋꯥ ꯅꯤꯡ ꯉꯥꯏ ꯅꯤ꯫ ",25,11
2310,ꯃꯁꯤꯒꯤ ꯂꯥꯏꯆꯨꯕꯁꯤ ꯍꯧꯖꯤꯛꯀꯤ ꯅꯍꯥ ꯑꯣꯏꯔꯤꯕ ꯑꯉꯥꯡꯁꯤꯡꯁꯤꯗ ꯌꯥꯝꯅ ꯍꯦꯟꯒꯠꯂꯛꯂꯤ꯫,ꯃꯁꯤꯒꯤ    ꯂꯥꯏ ꯆꯨ ꯕ ꯁꯤ    ꯍꯧꯖꯤꯛꯀꯤ    ꯅꯍꯥ    ꯑꯣꯏꯔꯤꯕ    ꯑꯉꯥꯡ ꯁꯤꯡ ꯁꯤꯗ    ꯌꯥꯝꯅ    ꯍꯦꯟꯒꯠꯂꯛ ꯂꯤ꯫ ,53,14
2311,ꯃꯁꯤꯒꯤ ꯈꯨꯗꯣꯡ ꯆꯥꯗꯕ ꯑꯁꯤ ꯊꯦꯡꯅꯅꯕ ꯅꯍꯥꯛꯅ ꯃꯉꯣꯟꯗ ꯅꯨꯉꯥꯏꯒꯗꯧꯕ ꯃꯥꯒꯤ ꯃꯇꯝ ꯂꯦꯟꯕꯒꯤ ꯄꯥꯝꯖꯕ ꯊꯕꯛ ꯈꯔ ꯌꯥꯎꯍꯟꯅꯕ ꯇꯧꯒꯗꯧꯕꯅꯤ ꯫,ꯃꯁꯤꯒꯤ    ꯈꯨꯗꯣ ꯡ    ꯆꯥ ꯗꯕ    ꯑꯁꯤ    ꯊꯦꯡꯅ ꯅꯕ    ꯅꯍꯥꯛꯅ    ꯃꯉꯣꯟꯗ    ꯅꯨ ꯉꯥꯏ ꯒꯗ ꯧꯕ    ꯃꯥꯒꯤ    ꯃꯇꯝ    ꯂꯦꯟ ꯕꯒꯤ    ꯄꯥꯝꯖꯕ    ꯊꯕꯛ    ꯈꯔ    ꯌꯥꯎ ꯍꯟꯅꯕ    ꯇꯧ ꯒꯗꯧ ꯕꯅꯤ    ꯫ ,81,27
2312,ꯃꯥꯒꯤ ꯃꯇꯝ ꯂꯦꯟꯕꯒꯤ ꯄꯥꯝꯖꯕ ꯑꯐꯕ ꯊꯕꯛ ꯍꯥꯏꯕꯗ,ꯃꯥꯒꯤ    ꯃꯇꯝ    ꯂꯦꯟ ꯕꯒꯤ    ꯄꯥꯝꯖꯕ    ꯑꯐꯕ    ꯊꯕꯛ    ꯍꯥꯏ ꯕꯗ ,29,9
2313,ꯁꯣꯝꯅ ꯑꯩꯉꯣꯟꯗ ꯄꯥꯎꯇꯥꯛ ꯈꯔ ꯄꯤꯕꯤꯕ ꯌꯥꯒꯗ꯭ꯔꯥ,ꯁꯣ ꯝꯅ    ꯑꯩ ꯉꯣꯟꯗ    ꯄꯥꯎꯇꯥꯛ    ꯈꯔ    ꯄꯤ ꯕꯤꯕ    ꯌꯥ ꯒ ꯗ꯭ꯔꯥ ,30,11
2314,ꯅꯍꯥꯛꯅ ꯃꯥꯒꯤ ꯁꯪꯕ ꯃꯇꯝꯗ ꯃꯥꯕꯨ ꯋꯥꯔꯤꯒꯤ ꯂꯥꯏꯔꯤꯛꯁꯤꯡ ꯄꯥꯅꯅꯕ ꯄꯨꯛꯅꯤꯡ ꯊꯧꯒꯠꯀꯗꯧꯕꯅꯤ꯫,ꯅꯍꯥꯛꯅ    ꯃꯥꯒꯤ    ꯁꯪꯕ    ꯃꯇꯝꯗ    ꯃꯥ ꯕꯨ    ꯋꯥꯔꯤꯒꯤ    ꯂꯥꯏꯔꯤ ꯛꯁꯤꯡ    ꯄꯥ ꯅꯅꯕ    ꯄꯨꯛꯅꯤꯡ    ꯊꯧꯒꯠ ꯀꯗꯧ ꯕꯅꯤ꯫ ,57,15
2315,ꯑꯩꯍꯥꯛꯀꯤ ꯃꯣꯠꯇ ꯃꯁꯤ ꯃꯍꯩꯔꯣꯏ ꯑꯃꯒꯤ ꯑꯣꯏꯅ ꯈ꯭ꯋꯥꯏꯗꯒꯤ ꯐꯕ ꯃꯈꯣꯏꯅ ꯃꯇꯝ ꯂꯦꯟꯕꯗ ꯇꯧꯕ ꯌꯥꯕ ꯊꯕꯛꯅꯤ꯫,ꯑꯩꯍꯥꯛ ꯀꯤ    ꯃꯣ ꯠꯇ    ꯃꯁꯤ    ꯃꯍꯩꯔꯣꯏ    ꯑꯃꯒꯤ    ꯑꯣꯏꯅ    ꯈ꯭ꯋꯥꯏꯗꯒꯤ    ꯐꯕ    ꯃꯈꯣꯏꯅ    ꯃꯇꯝ    ꯂꯦꯟ ꯕꯗ    ꯇꯧꯕ    ꯌꯥꯕ    ꯊꯕꯛ ꯅꯤ꯫ ,63,18
2316,"ꯑꯗꯨꯒꯤꯁꯨ ꯃꯊꯛꯇ, ꯃꯍꯥꯛꯄꯨ ꯃꯣꯕꯥꯏꯜꯗ ꯒꯦꯝꯁꯤꯡ ꯁꯥꯟꯅꯕꯗꯒꯤ ꯂꯥꯞꯊꯣꯛꯍꯟꯅꯕ, ꯅꯍꯥꯛꯅ ꯃꯥꯕꯨ ꯁꯥꯟꯅ ꯈꯣꯠꯅꯕꯒꯤ ꯃꯍꯩꯁꯪ ꯑꯃꯗ ꯃꯃꯤꯡ ꯆꯪꯁꯤꯟꯕꯁꯨ ꯌꯥꯏ꯫","ꯑꯗꯨ ꯒꯤꯁꯨ    ꯃꯊꯛꯇ,    ꯃꯍꯥꯛꯄꯨ    ꯃꯣ ꯕꯥꯏ ꯜꯗ    ꯒꯦ ꯝꯁꯤꯡ    ꯁꯥꯟꯅꯕ ꯗꯒꯤ    ꯂꯥꯞ ꯊꯣꯛꯍꯟ ꯅꯕ,    ꯅꯍꯥꯛꯅ    ꯃꯥ ꯕꯨ    ꯁꯥꯟꯅ    ꯈꯣꯠ ꯅꯕꯒꯤ    ꯃꯍꯩ ꯁꯪ    ꯑꯃꯗ    ꯃꯃꯤꯡ    ꯆꯪ ꯁꯤꯟ ꯕꯁꯨ    ꯌꯥꯏ꯫ ",94,28
2317,"ꯊꯥꯡ-ꯇꯥ, ꯏꯔꯣꯏꯕ, ꯀ꯭ꯔꯤꯀꯦꯠ ꯑꯁꯤꯅ ꯆꯤꯡꯕ ꯁꯥꯟꯅꯕ ꯑꯁꯤ ꯃꯍꯥꯛꯅ ꯆꯥꯡꯌꯦꯡ ꯇꯧꯕ ꯌꯥꯕ ꯑꯐꯕ ꯃꯁꯥꯟꯅ ꯈꯔꯅꯤ꯫","ꯊꯥꯡ - ꯇꯥ,    ꯏ ꯔꯣꯏ ꯕ,    ꯀ꯭ꯔꯤꯀꯦꯠ    ꯑꯁꯤꯅ    ꯆꯤꯡ ꯕ    ꯁꯥꯟꯅꯕ    ꯑꯁꯤ    ꯃꯍꯥꯛꯅ    ꯆꯥꯡꯌꯦꯡ    ꯇꯧꯕ    ꯌꯥꯕ    ꯑꯐꯕ    ꯃꯁꯥꯟꯅ    ꯈꯔ ꯅꯤ꯫ ",66,20
2318,"ꯑꯁꯨꯝꯅ, ꯃꯍꯥꯛ ꯍꯛꯆꯥꯡ ꯐꯅꯁꯨ ꯂꯩꯒꯅꯤ꯫","ꯑꯁꯨ ꯝ ꯅ,    ꯃꯍꯥꯛ    ꯍꯛꯆꯥꯡ    ꯐ ꯅꯁꯨ    ꯂꯩ ꯒꯅꯤ꯫ ",25,9
2319,"ꯃꯍꯥꯛꯅ ꯒꯦꯝꯁꯤꯡ ꯁꯥꯟꯅꯗꯕ ꯃꯇꯝꯗ, ꯃꯍꯥꯛ ꯑꯅꯝꯕ ꯃꯇꯝꯗ ꯏꯁꯩ ꯁꯛꯄꯒꯤ ꯔꯤꯌꯦꯜꯂꯤꯇꯤ ꯁꯣ ꯈꯔꯒꯤ ꯚꯤꯗꯤꯌꯣ ꯁꯤꯡ ꯌꯦꯡꯉꯤ꯫","ꯃꯍꯥꯛꯅ    ꯒꯦ ꯝꯁꯤꯡ    ꯁꯥꯟꯅ ꯗꯕ    ꯃꯇꯝꯗ,    ꯃꯍꯥꯛ    ꯑ ꯅꯝꯕ    ꯃꯇꯝꯗ    ꯏꯁꯩ    ꯁꯛ ꯄꯒꯤ    ꯔꯤ ꯌꯦ ꯜꯂꯤ ꯇꯤ    ꯁꯣ    ꯈꯔꯒꯤ    ꯚꯤ ꯗꯤ ꯌꯣ    ꯁꯤꯡ    ꯌꯦꯡ ꯉꯤ꯫ ",72,25
2320,"ꯃꯁꯤꯅ, ꯃꯍꯥꯛ ꯑꯁꯤ ꯏꯁꯩ ꯅꯣꯡꯃꯥꯏ ꯄꯥꯝꯃꯝꯒꯗꯧꯕ ꯃꯥꯜꯂꯤ ꯍꯥꯏꯅ ꯑꯩꯅ ꯈꯜꯂꯤ꯫","ꯃꯁꯤ ꯅ,    ꯃꯍꯥꯛ    ꯑꯁꯤ    ꯏꯁꯩ    ꯅꯣꯡ ꯃꯥꯏ    ꯄꯥꯝ ꯃꯝ ꯒꯗ ꯧꯕ    ꯃꯥ ꯜꯂꯤ    ꯍꯥꯏꯅ    ꯑꯩ ꯅ    ꯈ ꯜꯂꯤ꯫ ",47,18
2321,ꯑꯩꯕꯨ ꯃꯍꯥꯛ ꯑꯁꯤ ꯏꯁꯩ ꯅꯣꯡꯃꯥꯏꯒꯤ ꯃꯍꯩꯁꯪ ꯑꯃꯗ ꯃꯃꯤꯡ ꯆꯟꯁꯤꯟꯂꯨꯔꯥ,ꯑꯩ ꯕꯨ    ꯃꯍꯥꯛ    ꯑꯁꯤ    ꯏꯁꯩ    ꯅꯣꯡ ꯃꯥꯏꯒꯤ    ꯃꯍꯩ ꯁꯪ    ꯑꯃꯗ    ꯃꯃꯤꯡ    ꯆꯟ ꯁꯤꯟ ꯂꯨ ꯔꯥ ,43,15
2322,ꯃꯁꯤꯕꯨ ꯃꯍꯥꯛꯀꯤꯗꯃꯛ ꯑꯐꯕ ꯃꯥꯒꯤ ꯃꯇꯝ ꯂꯦꯟꯕꯒꯤ ꯄꯥꯝꯖꯕ ꯊꯕꯛ ꯑꯃ ꯑꯣꯏꯒꯗ꯭ꯔ,ꯃꯁꯤꯕꯨ    ꯃꯍꯥꯛ ꯀꯤꯗꯃꯛ    ꯑꯐꯕ    ꯃꯥꯒꯤ    ꯃꯇꯝ    ꯂꯦꯟ ꯕꯒꯤ    ꯄꯥꯝꯖꯕ    ꯊꯕꯛ    ꯑꯃ    ꯑꯣꯏ ꯒ ꯗ꯭ꯔ ,47,14
2323,"ꯃꯗꯨ ꯌꯥꯝꯅ ꯐꯕ ꯃꯥꯒꯤ ꯃꯇꯝ ꯂꯦꯟꯕꯒꯤ ꯄꯥꯝꯖꯕ ꯊꯕꯛ ꯑꯝ ꯑꯣꯏꯒꯅꯤ, ꯆꯤꯡꯅꯅꯤꯡꯅꯥꯏ ꯂꯩꯇꯅ꯫","ꯃꯗꯨ    ꯌꯥꯝꯅ    ꯐꯕ    ꯃꯥꯒꯤ    ꯃꯇꯝ    ꯂꯦꯟ ꯕꯒꯤ    ꯄꯥꯝꯖꯕ    ꯊꯕꯛ    ꯑ ꯝ    ꯑꯣꯏ ꯒꯅꯤ,    ꯆꯤꯡ ꯅ ꯅꯤꯡ ꯅꯥꯏ    ꯂꯩꯇ ꯅ ꯫ ",54,20
2324,ꯑꯗꯣꯝ ꯃꯗꯨ ꯇꯧꯕ ꯌꯥꯏ꯫,ꯑꯗꯣ ꯝ    ꯃꯗꯨ    ꯇꯧꯕ    ꯌꯥꯏ꯫ ,14,5
2325,ꯑꯗꯨꯕꯨ ꯁꯣꯝꯅ ꯃꯍꯥꯛꯄꯨ ꯃꯄꯥꯟꯗ ꯊꯣꯛꯇꯨꯅ ꯑꯇꯣꯞꯄ ꯑꯉꯥꯡꯁꯤꯡꯒ ꯁꯥꯟꯅꯃꯤꯟꯅꯕꯗꯨ ꯁꯣꯏꯗꯅ ꯇꯧꯍꯟꯒꯗꯧꯕꯅꯤ꯫,ꯑꯗꯨꯕꯨ    ꯁꯣ ꯝꯅ    ꯃꯍꯥꯛꯄꯨ    ꯃꯄꯥꯟꯗ    ꯊꯣꯛꯇꯨꯅ    ꯑꯇꯣꯞꯄ    ꯑꯉꯥꯡ ꯁꯤꯡꯒ    ꯁꯥꯟꯅ ꯃꯤꯟ ꯅꯕ ꯗꯨ    ꯁꯣꯏꯗꯅ    ꯇꯧ ꯍꯟ ꯒꯗꯧ ꯕꯅꯤ꯫ ,66,18
2326,ꯃꯍꯥꯛ ꯑꯗꯨ ꯃꯄꯥꯟꯒꯤ ꯄꯨꯟꯁꯤ ꯑꯃꯁꯨꯡ ꯃꯗꯨꯒꯤ ꯅꯨꯡꯉꯥꯏꯕ ꯑꯗꯨ ꯌꯦꯡꯕ ꯃꯊꯧ ꯇꯥꯏ ꯫,ꯃꯍꯥꯛ    ꯑꯗꯨ    ꯃꯄꯥꯟꯒꯤ    ꯄꯨꯟꯁꯤ    ꯑꯃꯁꯨꯡ    ꯃꯗꯨꯒꯤ    ꯅꯨꯡꯉꯥꯏꯕ    ꯑꯗꯨ    ꯌꯦꯡꯕ    ꯃꯊꯧ    ꯇꯥꯏ    ꯫ ,49,12
2327,"ꯑꯍꯣꯏ, ꯑꯩꯍꯥꯛꯅ ꯃꯍꯥꯛꯄꯨ ꯑꯩꯈꯣꯏꯒꯤ ꯈ꯭ꯋꯥꯏꯗꯒꯤ ꯅꯛꯄꯗ ꯂꯩꯕ ꯁꯥꯟꯅꯅꯕ ꯂꯝꯄꯥꯛ ꯑꯗꯨꯗ ꯅꯨꯃꯤꯗꯥꯡ ꯋꯥꯏꯔꯝ ꯈꯨꯗꯤꯡꯒꯤ ꯄꯨꯒꯦ ꯈꯜꯂꯤꯕꯅꯤ꯫","ꯑꯍ ꯣꯏ ,    ꯑꯩꯍꯥꯛ ꯅ    ꯃꯍꯥꯛꯄꯨ    ꯑꯩꯈ ꯣꯏꯒꯤ    ꯈ꯭ꯋꯥꯏꯗꯒꯤ    ꯅ ꯛꯄꯗ    ꯂꯩꯕ    ꯁꯥꯟꯅ ꯅꯕ    ꯂꯝ ꯄꯥꯛ    ꯑꯗꯨꯗ    ꯅꯨꯃꯤ ꯗꯥꯡ    ꯋꯥꯏ ꯔꯝ    ꯈꯨꯗꯤꯡꯒꯤ    ꯄꯨ ꯒꯦ    ꯈ ꯜꯂꯤ ꯕꯅꯤ꯫ ",85,27
2328,ꯑꯃꯁꯨꯡ ꯑꯩꯍꯛꯅ ꯃꯍꯥꯛꯄꯨ ꯏꯁꯩ ꯅꯣꯡꯃꯥꯏꯒꯤ ꯃꯍꯩꯁꯪ ꯑꯃꯗ ꯃꯃꯤꯡꯁꯨ ꯆꯟꯁꯤꯜꯂꯅꯤ꯫,ꯑꯃꯁꯨꯡ    ꯑꯩ ꯍꯛ ꯅ    ꯃꯍꯥꯛꯄꯨ    ꯏꯁꯩ    ꯅꯣꯡ ꯃꯥꯏꯒꯤ    ꯃꯍꯩ ꯁꯪ    ꯑꯃꯗ    ꯃꯃꯤꯡ ꯁꯨ    ꯆ ꯟꯁꯤ ꯜꯂ ꯅꯤ꯫ ,50,17
2329,ꯃꯁꯤꯅ ꯑꯍꯣꯡꯕ ꯑꯃ ꯄꯨꯔꯛꯀꯅꯤ ꯍꯥꯏꯕꯒꯤ ꯑꯁꯥ ꯇꯧꯖꯔꯤ꯫,ꯃꯁꯤꯅ    ꯑꯍꯣꯡꯕ    ꯑꯃ    ꯄꯨꯔꯛ ꯀꯅꯤ    ꯍꯥꯏꯕꯒꯤ    ꯑ ꯁꯥ    ꯇꯧ ꯖ ꯔꯤ꯫ ,33,11
2330,ꯂꯥꯏꯔꯤꯛ ꯄꯥꯕꯗ ꯃꯍꯥꯛ ꯊꯋꯥꯏ ꯌꯥꯎꯔꯛꯅꯕ ꯑꯩꯍꯥꯛꯅ ꯃꯍꯥꯛꯀꯤꯗꯃꯛꯇ ꯑꯐꯕ ꯀꯣꯃꯤꯛ ꯂꯥꯏꯔꯤꯛꯁꯤꯡꯁꯨ ꯂꯩꯒꯅꯤ ꯫,ꯂꯥꯏꯔꯤꯛ    ꯄꯥ ꯕꯗ    ꯃꯍꯥꯛ    ꯊꯋꯥꯏ    ꯌꯥꯎ ꯔꯛ ꯅꯕ    ꯑꯩꯍꯥꯛ ꯅ    ꯃꯍꯥꯛ ꯀꯤꯗꯃꯛꯇ    ꯑꯐꯕ    ꯀꯣ ꯃꯤꯛ    ꯂꯥꯏꯔꯤꯛ ꯁꯤꯡꯁꯨ    ꯂꯩ ꯒꯅꯤ    ꯫ ,66,20
2331,"ꯑꯍꯣꯏ, ꯃꯁꯤꯅ ꯅꯍꯥꯛꯀꯤ ꯑꯍꯥꯟꯕ ꯈꯣꯡꯊꯥꯡ ꯑꯣꯏꯒꯗꯕꯅꯤ꯫","ꯑꯍ ꯣꯏ ,    ꯃꯁꯤꯅ    ꯅꯍꯥꯛꯀꯤ    ꯑꯍꯥꯟꯕ    ꯈꯣꯡꯊꯥꯡ    ꯑꯣꯏ ꯒꯗꯕꯅꯤ꯫ ",35,9
2332,ꯃꯗꯨ ꯇꯧꯔꯕ ꯃꯇꯨꯡꯗ ꯃꯍꯥꯛ ꯃꯁꯤꯒꯨꯝꯕ ꯊꯕꯛꯇ ꯄꯨꯛꯅꯤꯡ ꯆꯪꯉꯛꯀꯅꯤ ꯍꯥꯏꯕ ꯑꯩꯍꯥꯛꯅ ꯈꯜꯂꯤ꯫,ꯃꯗꯨ    ꯇꯧꯔꯕ    ꯃꯇꯨꯡꯗ    ꯃꯍꯥꯛ    ꯃꯁꯤ ꯒꯨꯝꯕ    ꯊꯕ ꯛꯇ    ꯄꯨꯛꯅꯤꯡ    ꯆꯪ ꯉꯛ ꯀꯅꯤ    ꯍꯥꯏꯕ    ꯑꯩꯍꯥꯛ ꯅ    ꯈ ꯜꯂꯤ꯫ ,55,17
2333,ꯑꯁꯣꯝ ꯑꯇꯣꯞꯄ ꯋꯥꯍꯪ ꯑꯃꯍꯦꯛꯇ ꯂꯩꯕꯤꯔꯤꯕ꯭ꯔꯥ,ꯑꯁꯣ ꯝ    ꯑꯇꯣꯞꯄ    ꯋꯥꯍꯪ    ꯑꯃꯍꯦꯛꯇ    ꯂꯩ ꯕꯤ ꯔꯤ ꯕ꯭ꯔꯥ ,29,9
2334,"ꯂꯩꯖꯗ꯭ꯔꯦ, ꯑꯣꯖꯥ, ꯃꯁꯤ ꯈꯛꯇꯅꯤ ꯑꯩꯍꯥꯛꯅ ꯈꯟꯅꯕ ꯄꯥꯝꯖꯕ ꯫","ꯂꯩ ꯖ ꯗ꯭ꯔꯦ ,    ꯑꯣ ꯖꯥ ,    ꯃꯁꯤ    ꯈꯛꯇ ꯅꯤ    ꯑꯩꯍꯥꯛ ꯅ    ꯈꯟ ꯅꯕ    ꯄꯥꯝꯖꯕ    ꯫ ",37,16
2335,ꯁꯣꯝꯒꯤ ꯄꯥꯎꯇꯥꯛꯁꯤꯡꯒꯤꯗꯃꯛꯇ ꯌꯥꯝꯅ ꯊꯥꯒꯠꯆꯔꯤ꯫,ꯁꯣ ꯝꯒꯤ    ꯄꯥꯎ ꯇꯥꯛ ꯁꯤꯡꯒꯤꯗꯃꯛꯇ    ꯌꯥꯝꯅ    ꯊꯥꯒꯠ ꯆ ꯔꯤ꯫ ,32,9
2336,ꯐꯅꯤ ꯐꯅꯤ꯫,ꯐ ꯅꯤ    ꯐ ꯅꯤ꯫ ,7,4
2337,ꯀꯥꯔꯤꯒꯨꯝꯕ ꯈꯨꯗꯣꯡꯆꯥꯗꯕ ꯑꯗꯨ ꯑꯗꯨꯝ ꯂꯩꯔꯕꯗꯤ ꯑꯃꯨꯛꯀ ꯁꯣꯏꯗꯅ ꯂꯥꯛꯄꯤꯌꯨ꯫,ꯀꯥꯔ ꯤ ꯒꯨꯝꯕ    ꯈꯨꯗꯣꯡꯆꯥ ꯗꯕ    ꯑꯗꯨ    ꯑꯗꯨꯝ    ꯂꯩꯔꯕꯗꯤ    ꯑꯃꯨ ꯛ ꯀ    ꯁꯣꯏꯗꯅ    ꯂꯥꯛ ꯄꯤꯌꯨ꯫ ,48,14
2338,"ꯑꯍꯣꯏ, ꯁꯣꯏꯗꯅ ꯂꯥꯛꯆꯒꯦ꯫","ꯑꯍ ꯣꯏ ,    ꯁꯣꯏꯗꯅ    ꯂꯥꯛ ꯆ ꯒꯦ ꯫ ",17,8
2339,"ꯍꯥꯏ, ꯅꯍꯥꯛ ꯌꯨꯅꯤꯕꯔꯁꯤꯇꯤ ꯑꯁꯤꯗ ꯑꯅꯧꯕꯔꯥ","ꯍꯥꯏ ,    ꯅꯍꯥꯛ    ꯌꯨꯅꯤꯕꯔ ꯁꯤꯇꯤ    ꯑꯁꯤꯗ    ꯑꯅ ꯧ ꯕꯔ ꯥ ",28,10
2340,"ꯑꯍꯣꯏ, ꯑꯩ ꯍꯟꯗꯛ ꯆꯥꯍꯤꯗ ꯃꯤꯡ ꯆꯟꯕꯅꯤ꯫","ꯑꯍ ꯣꯏ ,    ꯑ ꯩ    ꯍꯟꯗ ꯛ    ꯆꯥ ꯍꯤ ꯗ    ꯃꯤꯡ    ꯆꯟ ꯕꯅꯤ꯫ ",25,13
2341,ꯁꯣꯝꯗꯤ,ꯁꯣ ꯝ ꯗꯤ ,5,3
2342,ꯑꯩꯁꯨ ꯅꯦ꯫,ꯑꯩ ꯁꯨ    ꯅꯦ ꯫ ,7,4
2343,ꯑꯩꯁꯨ ꯍꯟꯗꯛ ꯆꯥꯍꯤ ꯃꯤꯡ ꯆꯟꯕꯅꯦ꯫,ꯑꯩ ꯁꯨ    ꯍꯟꯗ ꯛ    ꯆꯥ ꯍꯤ    ꯃꯤꯡ    ꯆꯟ ꯕ ꯅꯦ ꯫ ,21,11
2344,ꯅꯍꯥꯛꯀꯤ ꯃꯤꯡ ꯀꯥꯔꯤꯅꯣ,ꯅꯍꯥꯛꯀꯤ    ꯃꯤꯡ    ꯀꯥꯔ ꯤ ꯅꯣ ,15,5
2345,ꯑꯃꯁꯨꯡ ꯅꯍꯥꯛ ꯀꯔꯝꯕ ꯀꯥꯡꯂꯨꯞ ꯌꯥꯎꯗꯣꯏꯅꯣ,ꯑꯃꯁꯨꯡ    ꯅꯍꯥꯛ    ꯀꯔꯝꯕ    ꯀꯥꯡꯂꯨꯞ    ꯌꯥꯎ ꯗ ꯣꯏ ꯅꯣ ,27,8
2346,"ꯑꯩ ꯗꯦꯕꯦꯟꯗ꯭ꯔꯥ ꯅꯦ, ꯑꯃꯁꯨꯡ ꯑꯩ ꯁꯥꯟꯅꯕꯒꯤ ꯀꯥꯡꯂꯨꯞ ꯑꯗꯨ ꯌꯥꯎꯔꯦ꯫","ꯑ ꯩ    ꯗꯦ ꯕꯦꯟ ꯗ꯭ꯔꯥ    ꯅꯦ ,    ꯑꯃꯁꯨꯡ    ꯑ ꯩ    ꯁꯥꯟꯅꯕꯒꯤ    ꯀꯥꯡꯂꯨꯞ    ꯑꯗꯨ    ꯌꯥꯎ ꯔꯦ꯫ ",43,15
2347,ꯁꯣꯝꯗꯤ,ꯁꯣ ꯝ ꯗꯤ ,5,3
2348,ꯑꯩ ꯏꯁꯩ ꯅꯣꯡꯃꯥꯏꯒꯤ ꯀꯥꯡꯂꯨꯞ ꯌꯥꯎꯔꯦ꯫,ꯑ ꯩ    ꯏꯁꯩ    ꯅꯣꯡ ꯃꯥꯏꯒꯤ    ꯀꯥꯡꯂꯨꯞ    ꯌꯥꯎ ꯔꯦ꯫ ,25,8
2349,ꯅꯍꯥꯛ ꯁꯥꯟꯅꯕ ꯃꯈꯜ ꯄꯨꯝꯅꯃꯛꯇ ꯊꯥꯋꯥꯏ ꯌꯥꯎꯕꯔꯥ,ꯅꯍꯥꯛ    ꯁꯥꯟꯅꯕ    ꯃꯈꯜ    ꯄꯨꯝꯅꯃꯛꯇ    ꯊꯥ ꯋꯥꯏ    ꯌꯥꯎ ꯕꯔ ꯥ ,30,9
2350,"ꯌꯥꯎꯗꯦ, ꯇꯥꯁꯦꯡꯅ ꯑꯩ ꯁꯥꯟꯅꯕꯁꯤꯡꯗꯒꯤꯗꯤ ꯕꯥꯏꯛ ꯊꯧꯕꯅ ꯍꯦꯟꯅ ꯊꯋꯥꯏ ꯌꯥꯎꯋꯤ꯫","ꯌꯥꯎ ꯗꯦ,    ꯇꯥ ꯁꯦꯡꯅ    ꯑ ꯩ    ꯁꯥꯟꯅꯕ ꯁꯤꯡ ꯗꯒꯤ ꯗꯤ    ꯕꯥꯏ ꯛ    ꯊꯧ ꯕꯅ    ꯍꯦꯟꯅ    ꯊꯋꯥꯏ    ꯌꯥꯎꯋꯤ꯫ ",49,17
2351,"ꯑꯩ ꯂꯝ ꯌꯥꯝꯅ ꯁꯥꯡꯅ ꯕꯥꯏꯛ ꯊꯧꯕ ꯄꯥꯝꯃꯤ, ꯃꯁꯤ ꯑꯩꯒꯤ ꯃꯇꯝ ꯂꯦꯟꯕꯗ ꯇꯧꯕ ꯄꯥꯝꯖꯕ ꯊꯕꯛꯅꯤ꯫","ꯑ ꯩ    ꯂꯝ    ꯌꯥꯝꯅ    ꯁꯥꯡꯅ    ꯕꯥꯏ ꯛ    ꯊꯧꯕ    ꯄꯥꯝ ꯃꯤ,    ꯃꯁꯤ    ꯑ ꯩꯒꯤ    ꯃꯇꯝ    ꯂꯦꯟ ꯕꯗ    ꯇꯧꯕ    ꯄꯥꯝꯖꯕ    ꯊꯕꯛ ꯅꯤ꯫ ",54,20
2352,"ꯑꯗꯨꯕꯨ ꯁꯤꯗ ꯁꯥꯟꯅꯕ ꯅꯠꯇꯅ ꯑꯇꯩ ꯑꯇꯣꯞꯄ ꯑꯃꯇ ꯑꯩꯒꯤ ꯄꯨꯛꯅꯤꯡ ꯍꯨꯅꯤꯡꯉꯥꯏ ꯑꯣꯏꯕ ꯂꯩꯇꯦ, ꯑꯗꯨꯅ ꯑꯩꯍꯥꯛ ꯃꯁꯤ ꯌꯥꯎꯔꯕꯅꯤ꯫","ꯑꯗꯨꯕꯨ    ꯁꯤꯗ    ꯁꯥꯟꯅꯕ    ꯅꯠꯇꯅ    ꯑꯇꯩ    ꯑꯇꯣꯞꯄ    ꯑꯃ ꯇ    ꯑ ꯩꯒꯤ    ꯄꯨꯛꯅꯤꯡ    ꯍꯨ ꯅꯤꯡꯉꯥꯏ    ꯑꯣꯏꯕ    ꯂꯩꯇꯦ ,    ꯑꯗꯨꯅ    ꯑꯩꯍꯥꯛ   ꯃꯁꯤ    ꯌꯥꯎ ꯔꯕ ꯅꯤ꯫ ",75,22
2353,ꯑꯩ ꯃꯔꯛꯇ ꯐꯨꯠꯕꯣꯜ ꯁꯥꯟꯅꯩ꯫,ꯑ ꯩ    ꯃꯔꯛꯇ    ꯐꯨꯠꯕꯣꯜ    ꯁꯥꯟꯅꯩ꯫ ,18,5
2354,"ꯑꯣ, ꯑꯁꯦꯡꯕꯒꯤꯔꯣ","ꯑꯣ ,    ꯑ ꯁꯦꯡ ꯕ ꯒꯤ ꯔꯣ ",12,7
2355,ꯑꯗꯨꯗꯤ ꯅꯪꯁꯤ ꯌꯥꯝꯅ ꯊꯧꯅ ꯌꯥꯝꯟ ꯐꯔꯝꯗꯣꯏ ꯃꯥꯜꯂꯦ,ꯑꯗꯨꯗꯤ    ꯅꯪ ꯁꯤ    ꯌꯥꯝꯅ    ꯊꯧ ꯅ    ꯌꯥꯝ ꯟ    ꯐ ꯔꯝ ꯗ ꯣꯏ    ꯃꯥꯜ ꯂꯦ ,31,14
2356,"ꯑꯍꯣꯏ, ꯅꯍꯥꯛ ꯃꯗꯨ ꯍꯥꯏꯕ ꯌꯥꯏ꯫","ꯑꯍ ꯣꯏ ,    ꯅꯍꯥꯛ    ꯃꯗꯨ    ꯍꯥꯏꯕ    ꯌꯥꯏ꯫ ",20,7
2357,ꯑꯩ ꯃꯁꯤꯒꯨꯝꯕ ꯊꯧꯅ ꯆꯪꯕ ꯁꯥꯟꯅꯕꯁꯤꯡ ꯑꯁꯤ ꯌꯥꯝꯟ ꯄꯥꯝꯕ ꯑꯣꯏꯗꯦ꯫,ꯑ ꯩ    ꯃꯁꯤ ꯒꯨꯝꯕ    ꯊꯧ ꯅ    ꯆꯪꯕ    ꯁꯥꯟ ꯅꯕꯁꯤꯡ    ꯑꯁꯤ    ꯌꯥꯝ ꯟ    ꯄꯥꯝꯕ    ꯑꯣꯏ ꯗꯦ꯫ ,40,15
2358,ꯅꯥꯈꯣꯏ ꯃꯁꯤ ꯀꯔꯝꯅ ꯇꯧꯕꯒꯦ,ꯅꯥ ꯈ ꯣꯏ    ꯃꯁꯤ    ꯀꯔꯝꯅ    ꯇꯧꯕ ꯒꯦ ,17,7
2359,ꯅꯥꯈꯣꯏ ꯀꯤꯕ ꯐꯥꯎꯗꯕꯔꯥ,ꯅꯥ ꯈ ꯣꯏ    ꯀꯤ ꯕ    ꯐꯥꯎ ꯗꯕ ꯔꯥ ,15,8
2360,"ꯐꯥꯎꯗꯦ, ꯕꯥꯏꯛ ꯊꯧꯕꯁꯤ ꯌꯥꯝꯅ ꯀꯤꯅꯤꯡꯉꯥꯏ ꯑꯣꯏꯗꯦ ꯑꯃꯁꯨꯡ ꯑꯩ ꯌꯥꯝꯅ ꯁꯥꯊꯤꯕ ꯕꯥꯏꯛ ꯊꯧꯕꯁꯨ ꯅꯠꯇꯦ ꯫","ꯐꯥꯎ ꯗꯦ,    ꯕꯥꯏ ꯛ    ꯊꯧ ꯕ ꯁꯤ    ꯌꯥꯝꯅ    ꯀꯤ ꯅꯤꯡꯉꯥꯏ    ꯑꯣꯏ ꯗꯦ    ꯑꯃꯁꯨꯡ    ꯑ ꯩ    ꯌꯥꯝꯅ    ꯁꯥꯊꯤꯕ    ꯕꯥꯏ ꯛ    ꯊꯧ ꯕꯁꯨ    ꯅꯠꯇꯦ    ꯫ ",62,23
2361,ꯅꯍꯥꯛ ꯃꯗꯨ ꯇꯧꯅꯕ ꯍꯣꯠꯅꯋꯣ: ꯃꯗꯨ ꯂꯝꯕꯦꯟ ꯍꯥꯡꯕ ꯃꯇꯝꯗ ꯌꯥꯝꯅ ꯄꯨꯛꯅꯤꯡ ꯃꯀꯥ ꯂꯥꯝꯕꯅꯤ ꯑꯃꯁꯨꯡ ꯐꯖꯕꯅꯤ꯫,ꯅꯍꯥꯛ    ꯃꯗꯨ    ꯇꯧꯅꯕ    ꯍꯣꯠꯅ ꯋ ꯣ :    ꯃꯗꯨ    ꯂꯝ ꯕ ꯦꯟ    ꯍꯥꯡ ꯕ    ꯃꯇꯝꯗ    ꯌꯥꯝꯅ    ꯄꯨꯛꯅꯤꯡ    ꯃ ꯀꯥ    ꯂꯥ ꯝꯕ ꯅꯤ    ꯑꯃꯁꯨꯡ    ꯐꯖ ꯕꯅꯤ꯫ ,64,24
2362,"ꯑꯗꯣ, ꯏꯁꯩ ꯁꯛꯄꯁꯤ ꯅꯍꯥꯛꯀꯤ ꯃꯇꯝ ꯂꯦꯟꯕꯗ ꯇꯧꯕ ꯄꯥꯝꯕ ꯊꯕꯛꯂꯥ","ꯑꯗꯣ ,    ꯏꯁꯩ    ꯁꯛ ꯄ ꯁꯤ    ꯅꯍꯥꯛꯀꯤ    ꯃꯇꯝ    ꯂꯦꯟ ꯕꯗ    ꯇꯧꯕ    ꯄꯥꯝꯕ    ꯊꯕꯛ ꯂꯥ ",38,14
2363,"ꯑꯍꯣꯏ, ꯑꯩ ꯏꯁꯩ ꯁꯛꯄ ꯄꯥꯝꯃꯦ꯫","ꯑꯍ ꯣꯏ ,    ꯑ ꯩ    ꯏꯁꯩ    ꯁꯛꯄ    ꯄꯥꯝ ꯃꯦ ꯫ ",19,10
2364,"ꯑꯗꯣ, ꯅꯪꯅ ꯃꯇꯧ ꯀꯔꯝꯅ ꯈꯪꯉꯤꯅꯣ ꯫","ꯑꯗꯣ ,    ꯅꯪ ꯅ    ꯃꯇꯧ    ꯀꯔꯝꯅ    ꯈꯪ ꯉꯤ ꯅꯣ    ꯫ ",21,10
2365,"ꯅꯠꯇꯦ, ꯅꯍꯥꯛꯅ ꯏꯁꯩꯒꯤ ꯀꯥꯡꯂꯨꯞ ꯌꯥꯎꯔꯦ ꯍꯥꯏꯅ ꯍꯥꯏꯈꯤꯕꯗꯨꯗ ꯑꯩꯗꯤ ꯆꯨꯝꯅ ꯍꯪꯕꯅꯦ ꯫","ꯅꯠꯇꯦ ,    ꯅꯍꯥꯛꯅ    ꯏꯁꯩꯒꯤ    ꯀꯥꯡꯂꯨꯞ    ꯌꯥꯎ ꯔꯦ    ꯍꯥꯏꯅ    ꯍꯥꯏ ꯈꯤꯕ ꯗꯨꯗ    ꯑꯩ ꯗꯤ    ꯆꯨꯝꯅ    ꯍꯪ ꯕ ꯅꯦ    ꯫ ",53,18
2366,ꯅꯍꯥꯛ ꯀꯔꯝꯕ ꯏꯁꯩ ꯁꯛꯄꯒꯦ,ꯅꯍꯥꯛ    ꯀꯔꯝꯕ    ꯏꯁꯩ    ꯁꯛ ꯄ ꯒꯦ ,16,6
2367,ꯑꯩ ꯑꯁꯥꯝꯃꯤꯖꯀꯤ ꯏꯁꯩꯁꯤꯡ ꯁꯛꯄ ꯄꯥꯝꯃꯦ꯫,ꯑ ꯩ    ꯑꯁꯥ ꯝ ꯃꯤ ꯖꯀꯤ    ꯏꯁꯩꯁꯤꯡ    ꯁꯛꯄ    ꯄꯥꯝ ꯃꯦ ꯫ ,26,11
2368,ꯑꯗꯨꯕꯨ ꯑꯩ ꯑꯇꯣꯞꯄ ꯂꯣꯟꯁꯤꯡꯒꯤ ꯏꯁꯩꯁꯤꯡꯁꯨ ꯁꯛ ꯏ꯫,ꯑꯗꯨꯕꯨ    ꯑ ꯩ    ꯑꯇꯣꯞꯄ    ꯂꯣꯟ ꯁꯤꯡꯒꯤ    ꯏꯁꯩ ꯁꯤꯡꯁꯨ    ꯁꯛ    ꯏ꯫ ,32,10
2369,ꯏꯁꯩ ꯁꯛꯄ ꯑꯁꯤꯅ ꯑꯩꯒꯤ ꯋꯥꯈꯜ ꯏꯡꯊꯍꯜꯂꯦ꯫,ꯏꯁꯩ    ꯁꯛꯄ    ꯑꯁꯤꯅ    ꯑ ꯩꯒꯤ    ꯋꯥꯈꯜ    ꯏ ꯡ ꯊ ꯍꯜ ꯂꯦ꯫ ,26,11
2370,ꯑꯩ ꯏꯁꯩꯁꯤꯡ ꯇꯥꯕ ꯄꯥꯝꯃꯤ ꯑꯃꯁꯨꯡ ꯑꯁꯨꯝꯅ ꯏꯁꯩ ꯁꯛꯄ ꯑꯁꯤ ꯑꯩꯒꯤ ꯃꯇꯝ ꯂꯦꯟꯕꯗ ꯄꯥꯝꯕ ꯊꯕꯛ ꯑꯣꯏꯔꯛꯈꯤꯕꯁꯦ ꯫,ꯑ ꯩ    ꯏꯁꯩꯁꯤꯡ    ꯇꯥꯕ    ꯄꯥꯝ ꯃꯤ    ꯑꯃꯁꯨꯡ    ꯑꯁꯨꯝꯅ    ꯏꯁꯩ    ꯁꯛꯄ    ꯑꯁꯤ    ꯑ ꯩꯒꯤ    ꯃꯇꯝ    ꯂꯦꯟ ꯕꯗ    ꯄꯥꯝꯕ    ꯊꯕꯛ    ꯑꯣꯏꯔꯛ ꯈꯤꯕ ꯁꯦ    ꯫ ,65,22
2371,ꯅꯍꯥꯛꯀꯤ ꯃꯇꯝ ꯂꯦꯟꯕꯗ ꯇꯧꯕ ꯄꯥꯝꯕ ꯊꯕꯛ ꯑꯗꯨꯒꯤ ꯃꯇꯥꯡꯗ ꯍꯦꯟꯅ ꯍꯥꯏꯌꯣ꯫,ꯅꯍꯥꯛꯀꯤ    ꯃꯇꯝ    ꯂꯦꯟ ꯕꯗ    ꯇꯧꯕ    ꯄꯥꯝꯕ    ꯊꯕꯛ    ꯑꯗꯨꯒꯤ    ꯃꯇꯥꯡꯗ    ꯍꯦꯟꯅ    ꯍꯥꯏ ꯌꯣ ꯫ ,44,13
2372,"ꯋꯥꯍ, ꯃꯁꯤꯗꯤ ꯌꯥꯝꯅ ꯐꯩꯌꯦ꯫","ꯋꯥꯍ ,    ꯃꯁꯤ ꯗꯤ    ꯌꯥꯝꯅ    ꯐ ꯩ ꯌꯦ ꯫ ",18,9
2373,"ꯑꯩꯅ ꯅꯉꯣꯟꯗ ꯍꯥꯏꯈꯤꯕꯗꯨꯅꯦ, ꯑꯩ ꯑꯩꯒꯤ ꯃꯣꯇꯣꯔꯁꯥꯏꯀꯜꯗ ꯂꯝ ꯌꯥꯝꯅ ꯁꯥꯡꯅ ꯊꯧꯕ ꯄꯥꯝꯃꯦ꯫","ꯑꯩ ꯅ    ꯅꯉꯣꯟꯗ    ꯍꯥꯏ ꯈꯤꯕ ꯗꯨ ꯅꯦ ,    ꯑ ꯩ    ꯑ ꯩꯒꯤ    ꯃꯣ ꯇꯣꯔ ꯁꯥꯏ ꯀ ꯜꯗ    ꯂꯝ    ꯌꯥꯝꯅ    ꯁꯥꯡꯅ    ꯊꯧꯕ    ꯄꯥꯝ ꯃꯦ ꯫ ",55,24
2374,ꯑꯩ ꯑꯅꯝꯕꯅ ꯑꯩꯒꯤ ꯀꯥꯡꯂꯨꯞꯀ ꯆꯥꯌꯣꯜ ꯂꯣꯏꯁꯜꯂꯛꯄꯗ ꯃꯄꯥꯟꯗ ꯆꯠꯂꯤ꯫,ꯑ ꯩ    ꯑꯅ ꯝꯕꯅ    ꯑ ꯩꯒꯤ    ꯀꯥꯡꯂꯨꯞ ꯀ    ꯆꯥ ꯌꯣ ꯜ    ꯂꯣꯏ ꯁ ꯜꯂ ꯛꯄꯗ    ꯃꯄꯥꯟꯗ    ꯆꯠꯂꯤ꯫ ,42,17
2375,ꯅꯍꯥꯛ ꯃꯔꯛꯇ ꯑꯩꯈꯣꯏꯒ ꯂꯥꯛꯄ ꯄꯥꯝꯒꯗ꯭ꯔꯥ,ꯅꯍꯥꯛ    ꯃꯔꯛꯇ    ꯑꯩꯈ ꯣꯏ ꯒ    ꯂꯥꯛꯄ    ꯄꯥꯝ ꯒ ꯗ꯭ꯔꯥ ,26,9
2376,"ꯑꯍꯣꯏ, ꯁꯣꯏꯗꯅ, ꯀꯩꯗꯧꯕꯒꯤ ꯄꯥꯝꯃꯣꯏ","ꯑꯍ ꯣꯏ ,    ꯁꯣꯏ ꯗꯅ,    ꯀꯩꯗꯧ ꯕꯒꯤ    ꯄꯥꯝ ꯃ ꯣꯏ ",24,10
2377,ꯑꯩ ꯃꯗꯨ ꯅꯣꯡꯃ ꯆꯥꯡꯌꯦꯡ ꯇꯧꯕ ꯄꯥꯝꯃꯦ꯫,ꯑ ꯩ    ꯃꯗꯨ    ꯅꯣꯡ ꯃ    ꯆꯥꯡꯌꯦꯡ    ꯇꯧꯕ    ꯄꯥꯝ ꯃꯦ ꯫ ,24,10
2378,"ꯐꯥꯔꯦ, ꯃꯊꯪꯒꯤ ꯑꯩꯈꯣꯏꯅ ꯕꯥꯏꯛ ꯊꯧꯕ ꯆꯠꯄꯗ ꯑꯩ ꯅꯉꯣꯟꯗ ꯍꯥꯏꯔꯛ ꯀꯦ꯫","ꯐꯥꯔ ꯦ ,    ꯃꯊꯪꯒꯤ    ꯑꯩꯈꯣꯏꯅ    ꯕꯥꯏ ꯛ    ꯊꯧꯕ    ꯆꯠ ꯄꯗ    ꯑ ꯩ    ꯅꯉꯣꯟꯗ    ꯍꯥꯏ ꯔꯛ    ꯀꯦ ꯫ ",42,17
2379,"ꯑꯗꯣ, ꯁꯣꯝꯒꯤ ꯂꯝ ꯆꯠꯄꯗ ꯈ꯭ꯋꯥꯏꯗꯒꯤ ꯄꯥꯝꯕ ꯃꯐꯝ ꯑꯁꯤ ꯀꯔꯤꯅꯣ","ꯑꯗꯣ ,    ꯁꯣ ꯝꯒꯤ    ꯂꯝ    ꯆꯠ ꯄꯗ    ꯈ꯭ꯋꯥꯏꯗꯒꯤ    ꯄꯥꯝꯕ    ꯃꯐꯝ    ꯑꯁꯤ    ꯀꯔꯤ ꯅꯣ ",38,13
2380,ꯑꯩꯈꯣꯏ ꯂꯝꯕꯦꯟꯁꯤꯡ ꯑꯃꯁꯨꯡ ꯃꯐꯝꯁꯤꯡ ꯑꯅꯤꯃꯛ ꯐꯖꯕꯅ ꯃꯔꯝ ꯑꯣꯏꯗꯨꯅ ꯃꯦꯘꯥꯂꯌꯥꯗ ꯌꯥꯝꯅ ꯇꯣꯏꯅ ꯆꯠꯂꯦ꯫,ꯑꯩꯈ ꯣꯏ    ꯂꯝ ꯕꯦꯟ ꯁꯤꯡ    ꯑꯃꯁꯨꯡ    ꯃꯐꯝꯁꯤꯡ    ꯑꯅꯤꯃꯛ    ꯐꯖ ꯕꯅ    ꯃꯔꯝ    ꯑꯣꯏꯗꯨꯅ    ꯃꯦꯘꯥꯂ ꯌꯥꯗ    ꯌꯥꯝꯅ    ꯇꯣꯏꯅ    ꯆꯠ ꯂꯦ꯫ ,63,18
2381,"ꯋꯥꯍ, ꯃꯗꯨꯗꯤ ꯌꯥꯝꯅ ꯐꯩꯌꯦ꯫","ꯋꯥꯍ ,    ꯃꯗꯨꯗꯤ    ꯌꯥꯝꯅ    ꯐ ꯩ ꯌꯦ ꯫ ",18,8
2382,"ꯑꯗꯨꯗꯤ, ꯑꯩ ꯃꯊꯪꯗ ꯁꯣꯏꯗꯅ ꯂꯥꯛꯀꯦ ꯫","ꯑꯗꯨ ꯗꯤ,    ꯑ ꯩ    ꯃꯊꯪꯗ    ꯁꯣꯏꯗꯅ    ꯂꯥꯛ ꯀꯦ    ꯫ ",23,9
2383,ꯁꯣꯏꯗꯅ ꯂꯥꯛꯎ,ꯁꯣꯏꯗꯅ    ꯂꯥꯛ ꯎ ,9,3
2384,"ꯃꯌꯥꯝ ꯄꯨꯝꯅꯃꯛꯄꯨ, ꯒꯨꯗ ꯃꯣꯔꯅꯤꯡ꯫","ꯃꯌꯥꯝ    ꯄꯨꯝꯅ ꯃꯛ ꯄꯨ ,    ꯒꯨ ꯗ    ꯃꯣꯔ ꯅꯤꯡ ꯫ ",23,10
2385,"ꯃꯌꯥꯝ ꯄꯨꯝꯅꯃꯛꯅ ꯈꯪꯂꯤꯕꯅꯤ, ꯃꯁꯤ ꯖꯨꯟ ꯵ꯅꯤ, ꯃꯁꯤꯕꯨ ꯃꯥꯂꯦꯝꯒꯤ ꯑꯀꯣꯏꯕꯒꯤ ꯐꯤꯕꯝꯒꯤ ꯅꯨꯃꯤꯠ ꯍꯥꯏꯅ ꯄꯥꯡꯊꯣꯛꯏ꯫","ꯃꯌꯥꯝ    ꯄꯨꯝꯅꯃꯛꯅ    ꯈꯪ ꯂꯤꯕ ꯅꯤ,    ꯃꯁꯤ    ꯖꯨꯟ    ꯵ ꯅꯤ,    ꯃꯁꯤꯕꯨ    ꯃꯥꯂꯦꯝꯒꯤ    ꯑꯀꯣꯏꯕꯒꯤ    ꯐꯤꯕ ꯝꯒꯤ    ꯅꯨꯃꯤꯠ    ꯍꯥꯏꯅ    ꯄꯥꯡꯊꯣꯛꯏ꯫ ",71,17
2386,ꯃꯐꯝ ꯑꯁꯤꯗ ꯂꯩꯕꯤꯔꯤꯕ ꯃꯤꯁꯇꯔ ꯕꯥꯂꯥꯁꯨꯕ꯭ꯔꯃꯅꯤꯌꯝ ꯑꯁꯤ ꯏꯁꯇꯔ꯭ꯟ ꯖꯣꯟꯒꯤ ꯐꯣꯔꯦꯁꯠ ꯗꯤꯄꯥꯔꯠꯃꯦꯟꯇꯀꯤ ꯃꯀꯣꯛꯅꯤ꯫,ꯃꯐꯝ    ꯑꯁꯤꯗ    ꯂꯩ ꯕꯤ ꯔꯤꯕ    ꯃꯤ ꯁꯇꯔ    ꯕꯥꯂꯥ ꯁꯨ ꯕ꯭ꯔ ꯃꯅꯤ ꯌꯝ    ꯑꯁꯤ    ꯏꯁ ꯇꯔ ꯭ ꯟ    ꯖꯣ ꯟꯒꯤ    ꯐꯣꯔ ꯦꯁꯠ    ꯗꯤꯄꯥꯔꯠ ꯃꯦꯟ ꯇ ꯀꯤ    ꯃꯀꯣꯛ ꯅꯤ꯫ ,72,27
2387,ꯃꯉꯣꯟꯗ ꯁꯤꯟꯅꯖꯔꯤ꯫,ꯃꯉꯣꯟꯗ    ꯁꯤꯟ ꯅ ꯖ ꯔꯤ꯫ ,13,5
2388,ꯒꯨꯗ ꯃꯣꯔꯅꯤꯡ꯫ ꯃꯌꯥꯝ ꯄꯨꯝꯅꯃꯛ ꯅꯨꯡꯉꯥꯏꯕꯤꯔꯝꯒꯅꯤ ꯍꯥꯏꯅ ꯑꯩꯅ ꯈꯟꯖꯩ꯫,ꯒꯨ ꯗ    ꯃꯣꯔ ꯅꯤꯡ ꯫    ꯃꯌꯥꯝ    ꯄꯨꯝꯅꯃꯛ    ꯅꯨꯡꯉꯥꯏ ꯕꯤ ꯔꯝ ꯒꯅꯤ    ꯍꯥꯏꯅ    ꯑꯩ ꯅ    ꯈꯟ ꯖꯩ ꯫ ,45,17
2389,ꯑꯩꯍꯥꯛ ꯐꯣꯔꯦꯁꯠ ꯗꯤꯄꯥꯔꯠꯃꯦꯟ꯭ꯇꯇꯒꯤꯅꯤ꯫,ꯑꯩꯍꯥꯛ   ꯐꯣꯔ ꯦꯁꯠ    ꯗꯤꯄꯥꯔꯠ ꯃꯦꯟ ꯭ꯇ ꯇ ꯒꯤ ꯅꯤ꯫ ,28,9
2390,"ꯑꯩꯒꯤ ꯊꯕꯛ ꯑꯁꯤ ꯒ꯭ꯔꯍꯒꯤ ꯑꯀꯣꯏꯕꯒꯤ ꯐꯤꯕꯝꯒꯤ ꯈ꯭ꯋꯥꯏꯗꯒꯤ ꯃꯍꯨꯠ ꯁꯤꯟꯕ ꯌꯥꯗꯕ ꯅꯠꯇ꯭ꯔꯕꯁꯨ, ꯈ꯭ꯋꯥꯏꯒꯤ ꯃꯅꯨꯡꯗ ꯑꯃ ꯀꯟꯗꯨꯅ ꯊꯝꯕ ꯑꯗꯨꯅꯤ꯫","ꯑ ꯩꯒꯤ    ꯊꯕꯛ    ꯑꯁꯤ    ꯒ꯭ꯔ ꯍ ꯒꯤ    ꯑꯀꯣꯏꯕꯒꯤ    ꯐꯤꯕ ꯝꯒꯤ    ꯈ꯭ꯋꯥꯏꯗꯒꯤ    ꯃꯍꯨꯠ    ꯁꯤꯟꯕ    ꯌꯥꯗꯕ    ꯅꯠꯇ꯭ꯔ ꯕꯁꯨ,    ꯈ꯭ꯋ ꯥꯏ ꯒꯤ    ꯃꯅꯨꯡꯗ    ꯑꯃ    ꯀꯟ ꯗꯨꯅ    ꯊꯝꯕ    ꯑꯗꯨꯅꯤ꯫ ",86,25
2391,"ꯍꯦꯟꯒꯠꯂꯛꯂꯤꯕ ꯃꯣꯠꯁꯤꯜꯂꯛꯄꯒꯤ ꯈꯨꯗꯣꯡꯊꯤꯅꯤꯡꯉꯥꯏ ꯑꯣꯏꯕ ꯆꯥꯡꯁꯤꯡ ꯑꯁꯤ ꯌꯦꯡꯗꯨꯅ, ꯒ꯭ꯔꯍ ꯑꯁꯤꯒꯤꯗꯃꯛ ꯑꯣꯛꯁꯤꯖꯦꯟ ꯁꯔꯨꯛ ꯑꯍꯨꯝ ꯊꯣꯛꯄꯒꯤ-ꯑꯃ ꯄꯨꯊꯣꯛꯂꯤꯕ ꯑꯁꯤꯕꯨ ꯑꯩꯈꯣꯏꯅ ꯀꯟꯗꯨꯅ ꯊꯝꯕ ꯑꯁꯤ ꯇꯉꯥꯏ ꯐꯗꯕꯅꯤ꯫","ꯍꯦꯟꯒꯠꯂꯛ ꯂꯤꯕ    ꯃꯣ ꯠ ꯁꯤꯜꯂꯛ ꯄꯒꯤ    ꯈꯨꯗꯣꯡꯊꯤ ꯅꯤꯡꯉꯥꯏ    ꯑꯣꯏꯕ    ꯆꯥꯡ ꯁꯤꯡ    ꯑꯁꯤ    ꯌꯦꯡ ꯗꯨꯅ,    ꯒ꯭ꯔ ꯍ    ꯑꯁꯤꯒꯤꯗꯃꯛ    ꯑꯣꯛ ꯁꯤ ꯖꯦꯟ    ꯁꯔꯨꯛ    ꯑꯍꯨꯝ    ꯊꯣꯛ ꯄ ꯒꯤ - ꯑꯃ    ꯄꯨꯊꯣꯛ ꯂꯤꯕ    ꯑꯁꯤꯕꯨ    ꯑꯩꯈꯣꯏꯅ    ꯀꯟ ꯗꯨꯅ    ꯊꯝꯕ    ꯑꯁꯤ    ꯇ ꯉꯥꯏ    ꯐ ꯗꯕꯅꯤ꯫ ",131,39
2392,"ꯃꯔꯝ ꯑꯁꯤꯅ, ꯃꯥꯂꯦꯝꯒꯤ ꯑꯀꯣꯏꯕꯒꯤ ꯐꯤꯕꯝꯒꯤ ꯅꯨꯃꯤꯠ ꯑꯁꯤꯗ, ꯑꯩꯈꯣꯏꯅ ꯃꯌꯥꯝꯕꯨ ꯃꯐꯝ ꯑꯁꯤꯒꯤ ꯎꯃꯪꯒꯤ ꯁꯔꯨꯛꯇ ꯁꯔꯨꯛ ꯍꯥꯞꯄꯤꯕꯤꯕ ꯄꯥꯝꯃꯤ꯫","ꯃꯔꯝ    ꯑꯁꯤ ꯅ,    ꯃꯥꯂꯦꯝꯒꯤ    ꯑꯀꯣꯏꯕꯒꯤ    ꯐꯤꯕ ꯝꯒꯤ    ꯅꯨꯃꯤꯠ    ꯑꯁꯤꯗ,    ꯑꯩꯈꯣꯏꯅ    ꯃꯌꯥꯝ ꯕꯨ    ꯃꯐꯝ    ꯑꯁꯤꯒꯤ    ꯎꯃꯪꯒꯤ    ꯁꯔꯨꯛꯇ    ꯁꯔꯨꯛ    ꯍꯥꯞ ꯄꯤ ꯕꯤꯕ    ꯄꯥꯝ ꯃꯤ꯫ ",86,22
2393,ꯑꯩꯈꯣꯏ ꯄꯨꯟꯅ ꯎꯁꯤꯡ ꯊꯥꯃꯤꯟꯅꯒꯅꯤ꯫,ꯑꯩꯈ ꯣꯏ    ꯄꯨꯟꯅ    ꯎ ꯁꯤꯡ    ꯊꯥ ꯃꯤꯟ ꯅ ꯒꯅꯤ꯫ ,23,9
2394,ꯃꯌꯥꯝ ꯄꯨꯝꯅꯃꯛꯅ ꯇꯧꯃꯤꯟꯅꯒꯅꯤ ꯍꯥꯏꯅ ꯑꯩ ꯈꯟꯖꯩ꯫,ꯃꯌꯥꯝ    ꯄꯨꯝꯅꯃꯛꯅ    ꯇꯧꯃꯤꯟ ꯅ ꯒꯅꯤ    ꯍꯥꯏꯅ    ꯑ ꯩ    ꯈꯟ ꯖꯩ ꯫ ,31,11
2395,ꯑꯩꯈꯣꯏꯅ ꯃꯔꯨꯑꯣꯏꯅ ꯈꯣꯡꯅꯥꯡ ꯄꯥꯝꯕꯤꯁꯤꯡ ꯊꯥꯒꯅꯤ꯫,ꯑꯩꯈꯣꯏꯅ    ꯃꯔꯨꯑꯣꯏꯅ    ꯈꯣꯡ ꯅꯥ ꯡ    ꯄꯥꯝꯕꯤ ꯁꯤꯡ    ꯊꯥ ꯒꯅꯤ꯫ ,33,9
2396,ꯍꯩꯅꯧ ꯑꯃꯁꯨꯡ ꯑꯇꯣꯞꯄ ꯃꯍꯧꯁꯥꯒꯤ ꯑꯣꯏꯕ ꯃꯈꯜꯁꯤꯡꯒꯤ ꯆꯥꯡꯗꯝ ꯈꯔꯁꯨ ꯂꯩ꯫,ꯍꯩ ꯅ ꯧ    ꯑꯃꯁꯨꯡ    ꯑꯇꯣꯞꯄ    ꯃꯍꯧꯁꯥꯒꯤ    ꯑꯣꯏꯕ    ꯃꯈ ꯜꯁꯤꯡꯒꯤ    ꯆꯥꯡꯗ ꯝ    ꯈꯔ ꯁꯨ    ꯂꯩ꯫ ,45,14
2397,ꯑꯗꯣꯝꯅ ꯄꯥꯝꯂꯕꯗꯤ ꯑꯩꯈꯣꯏꯅ ꯀꯥꯡꯂꯨꯞꯁꯤꯡꯗ ꯊꯕꯛ ꯇꯧꯕ ꯌꯥꯏ꯫,ꯑꯗꯣꯝꯅ    ꯄꯥꯝ ꯂꯕꯗꯤ    ꯑꯩꯈꯣꯏꯅ    ꯀꯥꯡꯂꯨꯞ ꯁꯤꯡꯗ    ꯊꯕꯛ    ꯇꯧꯕ    ꯌꯥꯏ꯫ ,38,9
2398,ꯇꯧꯕꯇꯕꯨ ꯍꯥꯏꯔꯤꯕꯁꯤꯡ ꯑꯁꯤ ꯊꯥꯕꯗ ꯌꯥꯝꯅ ꯂꯥꯏ꯫,ꯇꯧꯕ ꯇ ꯕꯨ    ꯍꯥꯏꯔꯤꯕꯁꯤꯡ    ꯑꯁꯤ    ꯊꯥ ꯕꯗ    ꯌꯥꯝꯅ    ꯂꯥꯏ ꯫ ,30,10
2399,ꯅꯈꯧꯏ ꯈꯨꯗꯤꯡꯃꯛꯅ ꯃꯇꯦꯡ ꯑꯃꯠꯇ ꯌꯥꯎꯗꯅ ꯑꯃꯃꯝ ꯁꯦꯟꯅꯕ ꯉꯝꯒꯅꯤ꯫,ꯅꯈ ꯧ ꯏ    ꯈꯨꯗꯤꯡꯃꯛꯅ    ꯃꯇꯦꯡ    ꯑꯃꯠꯇ    ꯌꯥꯎꯗꯅ    ꯑꯃꯃꯝ    ꯁꯦꯟ ꯅꯕ    ꯉꯝꯒꯅꯤ꯫ ,40,11
2400,ꯃꯍꯩꯔꯣꯏ ꯈꯨꯗꯤꯡꯃꯛꯅ ꯌꯥꯝꯗ꯭ꯔꯕꯗ ꯎ ꯆꯥꯔꯥ ꯑꯃꯃꯝ ꯊꯥꯒꯗꯕꯅꯤ꯫,ꯃꯍꯩꯔꯣꯏ    ꯈꯨꯗꯤꯡꯃꯛꯅ    ꯌꯥꯝꯗ꯭ꯔꯕꯗ    ꯎ    ꯆꯥꯔ ꯥ    ꯑꯃꯃꯝ    ꯊꯥ ꯒꯗꯕꯅꯤ꯫ ,39,9
2401,ꯈꯪꯍꯟ-ꯋꯥꯔꯣꯜꯁꯤꯡ ꯑꯗꯨ ꯏꯜꯂꯨ꯫,ꯈꯪꯍꯟ - ꯋꯥꯔꯣ ꯜꯁꯤꯡ    ꯑꯗꯨ    ꯏ ꯜꯂꯨ ꯫ ,21,8
2402,ꯅꯨꯃꯤꯠ ꯑꯁꯤ ꯅꯈꯣꯏ ꯅꯨꯡꯉꯥꯏꯒꯅꯤ ꯍꯥꯏꯅ ꯑꯩꯅ ꯇꯁꯦꯡꯅ ꯈꯜꯂꯤ꯫,ꯅꯨꯃꯤꯠ    ꯑꯁꯤ    ꯅꯈ ꯣꯏ    ꯅꯨꯡꯉꯥꯏ ꯒꯅꯤ    ꯍꯥꯏꯅ    ꯑꯩ ꯅ    ꯇꯁꯦꯡꯅ    ꯈ ꯜꯂꯤ꯫ ,38,12
2403,ꯂꯧꯁꯤꯡ ꯂꯩꯔꯕ ꯃꯤꯁꯇꯔ ꯕꯥꯂꯥꯁꯨꯕ꯭ꯔꯃꯅꯤꯌꯝꯒꯨꯝꯕ ꯑꯃꯅ ꯃꯍꯥꯛꯅ ꯁꯔꯨꯛ ꯌꯥꯕꯤꯕꯒ ꯂꯣꯏꯅꯅ ꯑꯩꯈꯣꯏꯕꯨ ꯆꯥꯟꯕꯤꯔꯦ꯫,ꯂꯧꯁꯤꯡ    ꯂꯩꯔꯕ    ꯃꯤ ꯁꯇꯔ    ꯕꯥꯂꯥ ꯁꯨ ꯕ꯭ꯔ ꯃꯅꯤ ꯌ ꯝ ꯒꯨꯝꯕ    ꯑꯃꯅ    ꯃꯍꯥꯛꯅ    ꯁꯔꯨꯛ    ꯌꯥ ꯕꯤ ꯕꯒ    ꯂꯣꯏꯅꯅ    ꯑꯩꯈ ꯣꯏ ꯕꯨ    ꯆꯥꯟ ꯕꯤ ꯔꯦ꯫ ,70,24
2404,"ꯃꯤꯁꯇꯔ ꯗꯦꯁꯥꯏ, ꯃꯍꯩꯔꯣꯏꯁꯤꯡꯅ ꯑꯀꯣꯏꯕꯒꯤ ꯐꯤꯕꯝꯕꯨ ꯀꯟꯕ ꯇꯝꯕ ꯍꯥꯏꯕꯁꯤ ꯇꯉꯥꯏꯐꯗꯕ ꯑꯣꯏ꯫","ꯃꯤ ꯁꯇꯔ    ꯗꯦꯁ ꯥꯏ ,    ꯃꯍꯩꯔꯣꯏ ꯁꯤꯡꯅ    ꯑꯀꯣꯏꯕꯒꯤ    ꯐꯤꯕ ꯝꯕꯨ    ꯀꯟꯕ    ꯇꯝꯕ    ꯍꯥꯏꯕꯁꯤ    ꯇꯉꯥꯏꯐ ꯗꯕ    ꯑꯣꯏ꯫ ",57,16
2405,ꯃꯇꯦꯡ ꯈꯔ ꯑꯣꯏꯕꯁꯤꯗ ꯑꯩ ꯅꯨꯡꯉꯥꯏ꯫,ꯃꯇꯦꯡ    ꯈꯔ    ꯑꯣꯏꯕ ꯁꯤꯗ    ꯑ ꯩ    ꯅꯨꯡꯉꯥꯏ ꯫ ,22,8
2406,"ꯃꯍꯩꯔꯣꯏꯁꯤꯡ, ꯍꯧꯔꯁꯤ꯫","ꯃꯍꯩꯔꯣꯏ ꯁꯤꯡ,    ꯍꯧ ꯔꯁꯤ ꯫ ",16,5
2407,ꯎ ꯆꯥꯔꯥ ꯑꯃ ꯄꯥꯏꯈꯠꯂꯣ ꯑꯃꯁꯨ ꯃꯁꯤꯕꯨ ꯃꯌꯨꯝ ꯑꯃ ꯄꯤꯔꯣ꯫,ꯎ    ꯆꯥꯔ ꯥ    ꯑꯃ    ꯄꯥꯏꯈꯠ ꯂꯣ    ꯑꯃꯁꯨ    ꯃꯁꯤꯕꯨ    ꯃꯌꯨꯝ    ꯑꯃ    ꯄꯤ ꯔꯣ ꯫ ,34,13
2408,"ꯀꯔꯤꯒꯨꯝꯕ ꯋꯥꯍꯪꯁꯤꯡ ꯂꯩꯔꯕꯗꯤ, ꯑꯩꯉꯣꯟꯗ ꯍꯪꯕꯗ ꯀꯔꯤꯁꯨ ꯈꯟꯕꯤꯒꯅꯨ꯫","ꯀꯔꯤꯒꯨꯝꯕ    ꯋꯥꯍꯪ ꯁꯤꯡ    ꯂꯩꯔꯕꯗꯤ,    ꯑꯩ ꯉꯣꯟꯗ    ꯍꯪ ꯕꯗ    ꯀꯔꯤ ꯁꯨ    ꯈꯟ ꯕꯤ ꯒꯅꯨ꯫ ",44,13
2409,ꯒꯨꯗ ꯃꯣꯔꯅꯤꯡ ꯃꯦꯝ,ꯒꯨ ꯗ    ꯃꯣꯔ ꯅꯤꯡ    ꯃꯦ ꯝ ,12,6
2410,ꯂꯥꯏꯐ ꯏꯟꯁꯨꯔꯦꯟꯁ ꯄꯣꯂꯤꯁꯤꯒꯤ ꯃꯇꯥꯡꯗ ꯄꯥꯎꯗꯝ ꯈꯔ ꯂꯧꯖꯒꯦ ꯍꯥꯏꯅ ꯑꯩꯍꯥꯛ ꯃꯐꯝꯁꯤꯗ ꯂꯥꯛꯆꯕꯅꯤ꯫,ꯂꯥꯏꯐ    ꯏꯟꯁꯨꯔꯦꯟꯁ    ꯄꯣꯂꯤ ꯁꯤꯒꯤ    ꯃꯇꯥꯡꯗ    ꯄꯥꯎ ꯗꯝ    ꯈꯔ    ꯂꯧ ꯖ ꯒꯦ    ꯍꯥꯏꯅ    ꯑꯩꯍꯥꯛ   ꯃꯐꯝ ꯁꯤꯗ    ꯂꯥꯛ ꯆ ꯕꯅꯤ꯫ ,60,18
2411,ꯑꯗꯣꯝꯅ ꯑꯩꯒꯤ ꯃꯇꯦꯡ ꯄꯥꯡꯕꯤꯕ ꯌꯥꯒꯗ꯭ꯔ,ꯑꯗꯣꯝꯅ    ꯑ ꯩꯒꯤ    ꯃꯇꯦꯡ    ꯄꯥꯡ ꯕꯤꯕ    ꯌꯥ ꯒ ꯗ꯭ꯔ ,25,9
2412,"ꯒꯨꯗ ꯃꯣꯔꯅꯤꯡ, ꯑꯗꯣꯝ ꯐꯝꯐꯝꯁꯤꯗ ꯂꯦꯡꯁꯤꯟꯕꯤꯌꯨ꯫","ꯒꯨ ꯗ    ꯃꯣꯔ ꯅꯤꯡ ,    ꯑꯗꯣ ꯝ    ꯐꯝ ꯐꯝ ꯁꯤꯗ    ꯂꯦꯡ ꯁꯤꯟ ꯕꯤꯌꯨ꯫ ",32,13
2413,"ꯌꯥꯅꯤ, ꯑꯩꯈꯣꯏꯒꯤ ꯀꯁꯇꯃꯔꯁꯤꯡꯒꯤ ꯁꯦꯕꯥ ꯇꯧꯅꯕ ꯑꯩꯈꯣꯏ ꯂꯩꯖꯕꯅꯤ꯫","ꯌꯥ ꯅꯤ,    ꯑꯩꯈ ꯣꯏꯒꯤ    ꯀꯁꯇ ꯃꯔ ꯁꯤꯡꯒꯤ    ꯁꯦ ꯕꯥ    ꯇꯧꯅꯕ    ꯑꯩꯈ ꯣꯏ    ꯂꯩ ꯖ ꯕꯅꯤ꯫ ",42,15
2414,ꯑꯩꯈꯣꯏꯒꯤ ꯄꯣꯂꯤꯁꯤꯁꯤꯡꯒ ꯃꯔꯤ ꯂꯩꯕ ꯀꯔꯤꯒꯨꯝꯕ ꯑꯃꯍꯦꯛꯇ ꯈꯪꯅꯤꯡꯂꯕꯗꯤ ꯑꯩꯍꯥꯛ ꯑꯗꯣꯝꯒꯤ ꯃꯇꯦꯡ ꯄꯥꯡꯖꯒꯦ꯫,ꯑꯩꯈ ꯣꯏꯒꯤ    ꯄꯣꯂꯤ ꯁꯤ ꯁꯤꯡꯒ    ꯃꯔꯤ    ꯂꯩꯕ    ꯀꯔꯤꯒꯨꯝꯕ    ꯑꯃꯍꯦꯛꯇ    ꯈꯪ ꯅꯤꯡ ꯂꯕꯗꯤ    ꯑꯩꯍꯥꯛ   ꯑꯗꯣꯝꯒꯤ    ꯃꯇꯦꯡ    ꯄꯥꯡ ꯖ ꯒꯦ ꯫ ,67,19
2415,ꯑꯗꯣꯝꯒ ꯃꯤꯡꯒ ꯆꯍꯤꯒ ꯈꯪꯖꯕ ꯌꯥꯒꯗ꯭ꯔ,ꯑꯗꯣ ꯝꯒ    ꯃꯤꯡ ꯒ    ꯆꯍꯤ ꯒ    ꯈꯪ ꯖꯕ    ꯌꯥ ꯒ ꯗ꯭ꯔ ,23,11
2416,ꯑꯩꯍꯥꯛ ꯗꯦꯕꯪꯒ ꯁꯥꯏꯀꯤꯌꯥꯅꯤ ꯑꯗꯨꯒ ꯑꯩꯒꯤ ꯆꯍꯤꯅ ꯳꯹ꯅꯤ꯫,ꯑꯩꯍꯥꯛ   ꯗꯦꯕ ꯪ ꯒ    ꯁꯥꯏ ꯀꯤ ꯌꯥ ꯅꯤ    ꯑꯗꯨꯒ    ꯑ ꯩꯒꯤ    ꯆꯍꯤ ꯅ    ꯳ ꯹ ꯅꯤ꯫ ,36,16
2417,ꯃꯁꯤꯒꯤ ꯆꯍꯤꯁꯤꯗ ꯀꯔꯝꯕ ꯏꯟꯁꯨꯔꯦꯟꯁ ꯄꯣꯂꯤꯁꯤꯅ ꯑꯩꯍꯥꯛꯀꯤꯗꯃꯛ ꯆꯥꯅꯕꯒꯦ ꯍꯥꯏꯕꯗꯨ ꯑꯩꯍꯥꯛ ꯈꯪꯖꯅꯤꯡꯉꯤ꯫,ꯃꯁꯤꯒꯤ    ꯆꯍꯤ ꯁꯤꯗ    ꯀꯔꯝꯕ    ꯏꯟꯁꯨꯔꯦꯟꯁ    ꯄꯣꯂꯤ ꯁꯤꯅ    ꯑꯩꯍꯥꯛ ꯀꯤꯗꯃꯛ    ꯆꯥ ꯅꯕ ꯒꯦ    ꯍꯥꯏꯕꯗꯨ    ꯑꯩꯍꯥꯛ   ꯈꯪ ꯖ ꯅꯤꯡ ꯉꯤ꯫ ,66,18
2418,"ꯑꯗꯨꯒ, ꯀꯥꯟꯅꯕꯁꯤꯡ ꯑꯗꯨꯁꯨ ꯑꯩꯍꯥꯛ ꯈꯪꯖꯅꯤꯡꯉꯤ꯫","ꯑꯗꯨ ꯒ,    ꯀꯥꯟ ꯅꯕꯁꯤꯡ    ꯑꯗꯨꯁꯨ    ꯑꯩꯍꯥꯛ   ꯈꯪ ꯖ ꯅꯤꯡ ꯉꯤ꯫ ",32,10
2419,ꯑꯩꯈꯣꯏꯗ ꯑꯗꯣꯝꯒꯤ ꯃꯤꯡ ꯑꯃꯗꯤ ꯆꯍꯤ ꯈꯪꯍꯟꯕꯤꯕꯒꯤꯗꯃꯛ ꯑꯗꯣꯝꯕꯨ ꯊꯥꯒꯠꯆꯔꯤ꯫,ꯑꯩꯈ ꯣꯏ ꯗ    ꯑꯗꯣꯝꯒꯤ    ꯃꯤꯡ    ꯑꯃꯗꯤ    ꯆꯍꯤ    ꯈꯪꯍꯟ ꯕꯤ ꯕꯒꯤꯗꯃꯛ    ꯑꯗꯣ ꯝꯕꯨ    ꯊꯥꯒꯠ ꯆ ꯔꯤ꯫ ,48,15
2420,ꯖꯤꯋꯟ ꯎꯃꯪ ꯍꯥꯏꯅ ꯈꯪꯅꯕ ꯌꯥꯝꯅ ꯐꯕ ꯄꯣꯂꯤꯁꯤ ꯑꯃ ꯑꯩꯈꯣꯏꯗ ꯂꯩꯖꯩ꯫,ꯖꯤ ꯋ ꯟ    ꯎꯃꯪ    ꯍꯥꯏꯅ    ꯈꯪꯅꯕ    ꯌꯥꯝꯅ    ꯐꯕ    ꯄꯣꯂꯤ ꯁꯤ    ꯑꯃ    ꯑꯩꯈ ꯣꯏ ꯗ    ꯂꯩ ꯖꯩ ꯫ ,40,17
2421,ꯑꯗꯣꯝ ꯃꯗꯨ ꯈꯟꯕ ꯌꯥꯒꯅꯤ꯫,ꯑꯗꯣ ꯝ    ꯃꯗꯨ    ꯈꯟꯕ    ꯌꯥꯒꯅꯤ꯫ ,16,5
2422,ꯄꯣꯂꯤꯁꯤ ꯑꯁꯤꯗ ꯑꯦꯁ꯭ꯌꯣꯔ ꯇꯧꯕ ꯈ꯭ꯋꯥꯏꯗꯒꯤ ꯅꯦꯝꯕ ꯕꯦꯁꯤꯛ ꯁꯝ ꯑꯁꯤ ꯀꯔꯤ ꯑꯣꯏꯕꯒꯦ,ꯄꯣꯂꯤ ꯁꯤ    ꯑꯁꯤꯗ    ꯑꯦꯁ ꯭ꯌꯣ ꯔ    ꯇꯧꯕ    ꯈ꯭ꯋꯥꯏꯗꯒꯤ    ꯅꯦꯝꯕ    ꯕꯦ ꯁꯤ ꯛ    ꯁꯝ    ꯑꯁꯤ    ꯀꯔꯤ    ꯑꯣꯏ ꯕꯒꯦ ,51,17
2423,ꯃꯁꯤꯒꯤ ꯄꯣꯂꯤꯁꯤ ꯑꯁꯤ ꯂꯧꯕꯒꯤ ꯈ꯭ꯋꯥꯏꯗꯒꯤ ꯅꯦꯝꯕ ꯆꯍꯤ ꯑꯁꯤ ꯀꯔꯤ ꯑꯣꯏꯕꯒꯦ,ꯃꯁꯤꯒꯤ    ꯄꯣꯂꯤ ꯁꯤ    ꯑꯁꯤ    ꯂꯧ ꯕꯒꯤ    ꯈ꯭ꯋꯥꯏꯗꯒꯤ    ꯅꯦꯝꯕ    ꯆꯍꯤ    ꯑꯁꯤ    ꯀꯔꯤ    ꯑꯣꯏ ꯕꯒꯦ ,46,13
2424,ꯂꯧꯕ ꯌꯥꯕꯒꯤ ꯈ꯭ꯋꯥꯏꯗꯒꯤ ꯁꯥꯡꯕ ꯆꯍꯤꯅ ꯀꯔꯤ ꯑꯣꯏꯕꯒꯦ,ꯂꯧꯕ    ꯌꯥꯕꯒꯤ    ꯈ꯭ꯋꯥꯏꯗꯒꯤ    ꯁꯥꯡꯕ    ꯆꯍꯤ ꯅ    ꯀꯔꯤ    ꯑꯣꯏ ꯕꯒꯦ ,33,9
2425,ꯑꯦꯁ꯭ꯌꯣꯔ ꯇꯧꯕ ꯈ꯭ꯋꯥꯏꯗꯒꯤ ꯅꯦꯝꯕ ꯕꯦꯁꯤꯛ ꯁꯝ ꯑꯁꯤ ꯂꯨꯄꯥ ꯂꯥꯛ ꯑꯅꯤꯅꯤ꯫,ꯑꯦꯁ ꯭ꯌꯣ ꯔ    ꯇꯧꯕ    ꯈ꯭ꯋꯥꯏꯗꯒꯤ    ꯅꯦꯝꯕ    ꯕꯦ ꯁꯤ ꯛ    ꯁꯝ    ꯑꯁꯤ    ꯂꯨꯄꯥ    ꯂ ꯥꯛ    ꯑꯅꯤ ꯅꯤ꯫ ,45,16
2426,ꯈ꯭ꯋꯥꯏꯗꯒꯤ ꯅꯦꯝꯕ ꯂꯧꯕ ꯌꯥꯕꯒꯤ ꯅꯨꯃꯤꯠꯅ ꯹꯰ꯅꯤ꯫,ꯈ꯭ꯋꯥꯏꯗꯒꯤ    ꯅꯦꯝꯕ    ꯂꯧꯕ    ꯌꯥꯕꯒꯤ    ꯅꯨꯃꯤ ꯠꯅ    ꯹ ꯰ ꯅꯤ꯫ ,31,9
2427,ꯈ꯭ꯋꯥꯏꯗꯒꯤ ꯁꯥꯡꯅ ꯂꯧꯕꯌꯥꯕ ꯄꯣꯂꯤꯁꯤ ꯑꯁꯤꯒꯤ ꯆꯍꯤꯅ ꯵꯵ꯅꯤ꯫,ꯈ꯭ꯋꯥꯏꯗꯒꯤ    ꯁꯥꯡꯅ    ꯂꯧ ꯕ ꯌꯥꯕ    ꯄꯣꯂꯤ ꯁꯤ    ꯑꯁꯤꯒꯤ    ꯆꯍꯤ ꯅ    ꯵ ꯵ ꯅꯤ꯫ ,38,13
2428,ꯏꯟꯐꯣꯔꯃꯦꯁꯟ ꯑꯁꯤꯒꯤꯗꯃꯛ ꯑꯗꯣꯝꯕꯨ ꯌꯥꯝꯅ ꯊꯥꯒꯠꯆꯔꯤ꯫,ꯏꯟ ꯐꯣꯔ ꯃꯦꯁꯟ    ꯑꯁꯤꯒꯤꯗꯃꯛ    ꯑꯗꯣ ꯝꯕꯨ    ꯌꯥꯝꯅ    ꯊꯥꯒꯠ ꯆ ꯔꯤ꯫ ,35,10
2429,ꯄꯣꯂꯤꯁꯤ ꯑꯁꯤꯒꯤ ꯗꯦꯊ ꯕꯦꯅꯤꯐꯤꯠꯁꯤꯡ ꯑꯁꯤ ꯀꯩ ꯑꯣꯏꯕꯤꯕꯒꯦ,ꯄꯣꯂꯤ ꯁꯤ    ꯑꯁꯤꯒꯤ    ꯗꯦ ꯊ    ꯕꯦ ꯅꯤ ꯐꯤ ꯠꯁꯤꯡ    ꯑꯁꯤ    ꯀꯩ    ꯑꯣꯏ ꯕꯤ ꯕꯒꯦ ,37,14
2430,ꯄ꯭ꯔꯤꯃꯤꯌꯝꯁꯤꯡ ꯑꯗꯨ ꯆꯍꯤꯒꯤ ꯑꯣꯏꯅ ꯊꯤꯕ ꯌꯥꯒꯗ꯭ꯔ,ꯄ꯭ꯔꯤ ꯃꯤꯌ ꯝꯁꯤꯡ    ꯑꯗꯨ    ꯆꯍꯤꯒꯤ    ꯑꯣꯏꯅ    ꯊꯤꯕ    ꯌꯥ ꯒ ꯗ꯭ꯔ ,32,10
2431,"ꯑꯍꯥꯟꯕ ꯆꯍꯤ ꯃꯉꯥꯒꯤ ꯃꯅꯨꯡꯗ ꯂꯩꯇꯕꯗ, ꯂꯩꯇꯕꯗ ꯄꯤꯅꯤ ꯍꯥꯏꯕ ꯁꯦꯟꯐꯝ ꯑꯗꯨ ꯄꯤꯒꯅꯤ꯫","ꯑꯍꯥꯟꯕ    ꯆꯍꯤ    ꯃꯉꯥꯒꯤ    ꯃꯅꯨꯡꯗ    ꯂꯩꯇ ꯕꯗ,    ꯂꯩꯇ ꯕꯗ    ꯄꯤ ꯅꯤ    ꯍꯥꯏꯕ    ꯁꯦꯟꯐꯝ    ꯑꯗꯨ    ꯄꯤ ꯒꯅꯤ꯫ ",51,15
2432,"ꯄꯣꯂꯤꯁꯤꯒꯤ ꯆꯍꯤ ꯃꯉꯥ ꯂꯣꯏꯔꯕ ꯃꯇꯨꯡꯗ ꯑꯗꯨꯕꯨ ꯃꯦꯆ꯭ꯌꯣꯔꯤꯇꯤꯒꯤ ꯇꯥꯡꯒꯤ ꯃꯃꯥꯡꯗ ꯂꯩꯇꯕꯗ, ꯂꯩꯇꯕꯗ ꯑꯦꯁ꯭ꯌꯣꯔ ꯇꯧꯕ ꯁꯦꯟꯐꯝ ꯑꯃꯗꯤ ꯂꯣꯌꯦꯜꯇꯤ ꯑꯦꯗꯤꯁꯟ, ꯀꯔꯤꯒꯨꯝꯕ ꯂꯩꯔꯕꯗꯤ, ꯄꯤꯒꯅꯤ꯫","ꯄꯣꯂꯤ ꯁꯤꯒꯤ    ꯆꯍꯤ    ꯃꯉꯥ    ꯂꯣꯏꯔꯕ    ꯃꯇꯨꯡꯗ    ꯑꯗꯨꯕꯨ    ꯃꯦꯆ ꯭ꯌꯣ ꯔꯤ ꯇꯤꯒꯤ    ꯇꯥꯡ ꯒꯤ    ꯃꯃꯥꯡꯗ    ꯂꯩꯇ ꯕꯗ,    ꯂꯩꯇ ꯕꯗ    ꯑꯦꯁ ꯭ꯌꯣ ꯔ    ꯇꯧꯕ    ꯁꯦꯟꯐꯝ    ꯑꯃꯗꯤ    ꯂꯣ ꯌꯦ ꯜ ꯇꯤ    ꯑꯦꯗꯤ ꯁꯟ ,    ꯀꯔꯤꯒꯨꯝꯕ    ꯂꯩꯔꯕꯗꯤ,    ꯄꯤ ꯒꯅꯤ꯫ ",115,35
2433,ꯃꯁꯤ ꯂꯣꯏꯅꯃꯛ ꯑꯁꯤ ꯊꯤꯒꯗꯕ ꯁꯦꯟꯐꯝꯁꯤꯡ ꯑꯗꯨ ꯊꯤꯗꯣꯛꯈ꯭ꯔꯕ ꯑꯣꯏꯔꯕꯗꯤ ꯁꯤꯖꯤꯟꯅꯕ ꯑꯃꯗꯤ ꯄꯥꯟꯕ ꯌꯥꯒꯅꯤ꯫,ꯃꯁꯤ    ꯂꯣꯏꯅ ꯃꯛ    ꯑꯁꯤ    ꯊꯤ ꯒꯗꯕ    ꯁꯦꯟ ꯐꯝꯁꯤꯡ    ꯑꯗꯨ    ꯊꯤꯗꯣꯛ ꯈ꯭ꯔꯕ    ꯑꯣꯏꯔꯕꯗꯤ    ꯁꯤꯖꯤꯟꯅꯕ    ꯑꯃꯗꯤ    ꯄꯥꯟꯕ    ꯌꯥꯒꯅꯤ꯫ ,65,16
2434,"ꯄ꯭ꯔꯤꯃꯤꯌꯝꯁꯤꯡ ꯑꯁꯤ ꯆꯥꯡ ꯅꯥꯏꯅ ꯆꯍꯤꯒꯤ, ꯆꯍꯤ ꯇꯪꯈꯥꯏꯒꯤ, ꯊꯥ ꯑꯍꯨꯝꯒꯤ ꯅꯠꯇ꯭ꯔꯒ ꯊꯥꯒꯤ ꯇꯥꯡꯀꯛꯁꯤꯡꯗ ꯊꯤꯕ ꯌꯥꯏ꯫","ꯄ꯭ꯔꯤ ꯃꯤꯌ ꯝꯁꯤꯡ    ꯑꯁꯤ    ꯆꯥꯡ    ꯅꯥꯏꯅ    ꯆꯍꯤ ꯒꯤ,    ꯆꯍꯤ    ꯇꯪ ꯈꯥꯏ ꯒꯤ,    ꯊꯥ    ꯑꯍꯨꯝꯒꯤ    ꯅꯠꯇ꯭ꯔꯒ    ꯊꯥꯒꯤ    ꯇꯥꯡ ꯀꯛ ꯁꯤꯡꯗ    ꯊꯤꯕ    ꯌꯥꯏ꯫ ",72,21
2435,ꯃꯦꯆ꯭ꯌꯣꯔꯤꯇꯤꯒꯤ ꯇꯥꯡꯒꯤ ꯃꯃꯥꯡꯗ ꯑꯩꯍꯥꯛꯅ ꯄꯣꯂꯤꯁꯤ ꯑꯁꯤ ꯁꯔꯦꯟꯗꯔ ꯇꯧꯕ ꯌꯥꯒꯗ꯭ꯔ,ꯃꯦꯆ ꯭ꯌꯣ ꯔꯤ ꯇꯤꯒꯤ    ꯇꯥꯡ ꯒꯤ    ꯃꯃꯥꯡꯗ    ꯑꯩꯍꯥꯛ ꯅ    ꯄꯣꯂꯤ ꯁꯤ    ꯑꯁꯤ    ꯁꯔ ꯦꯟ ꯗꯔ    ꯇꯧꯕ    ꯌꯥ ꯒ ꯗ꯭ꯔ ,52,19
2436,ꯁꯔꯦꯟꯗꯔ ꯚꯦꯂ꯭ꯌꯨ ꯑꯁꯤ ꯀꯌꯥ ꯑꯣꯏꯒꯗꯒꯦ,ꯁꯔ ꯦꯟ ꯗꯔ    ꯚꯦ ꯂ ꯭ꯌꯨ    ꯑꯁꯤ    ꯀꯌꯥ    ꯑꯣꯏ ꯒꯗꯒꯦ ,25,10
2437,"ꯍꯣꯏ, ꯄꯣꯂꯤꯁꯤꯍꯣꯜꯗꯔ ꯑꯗꯨꯅ ꯃꯦꯆ꯭ꯌꯣꯔꯤꯇꯤꯒꯤ ꯃꯃꯥꯡꯗ ꯆꯍꯤ ꯑꯍꯨꯝ ꯂꯣꯏꯔꯕ ꯃꯇꯨꯡꯗ ꯄꯣꯂꯤꯁꯤ ꯑꯗꯨ ꯁꯔꯦꯟꯗꯔ ꯇꯧꯕ ꯌꯥꯏ꯫","ꯍ ꯣꯏ ,    ꯄꯣꯂꯤ ꯁꯤ ꯍꯣꯜ ꯗꯔ    ꯑꯗꯨꯅ    ꯃꯦꯆ ꯭ꯌꯣ ꯔꯤ ꯇꯤꯒꯤ    ꯃꯃꯥꯡꯗ    ꯆꯍꯤ    ꯑꯍꯨꯝ    ꯂꯣꯏꯔꯕ    ꯃꯇꯨꯡꯗ    ꯄꯣꯂꯤ ꯁꯤ    ꯑꯗꯨ    ꯁꯔ ꯦꯟ ꯗꯔ    ꯇꯧꯕ    ꯌꯥꯏ꯫ ",75,25
2438,ꯑꯗꯣꯝꯅ ꯌꯥꯝꯗ꯭ꯔꯕꯗ ꯆꯍꯤ ꯑꯍꯨꯝ ꯊꯪꯅꯅ ꯄ꯭ꯔꯤꯃꯤꯌꯝꯁꯤꯡ ꯑꯗꯨ ꯁꯣꯏꯗꯅ ꯊꯤꯒꯗꯕꯅꯤ꯫,ꯑꯗꯣꯝꯅ    ꯌꯥꯝꯗ꯭ꯔꯕꯗ    ꯆꯍꯤ    ꯑꯍꯨꯝ    ꯊꯪ ꯅꯅ    ꯄ꯭ꯔꯤ ꯃꯤꯌ ꯝꯁꯤꯡ    ꯑꯗꯨ    ꯁꯣꯏꯗꯅ    ꯊꯤ ꯒꯗꯕꯅꯤ꯫ ,51,13
2439,"ꯄ꯭ꯔꯣꯁꯦꯁ ꯑꯁꯤꯒꯤ ꯑꯀꯨꯞꯄ ꯃꯔꯣꯜꯁꯤꯡ ꯑꯗꯨ ꯑꯩꯈꯣꯏꯒꯤ ꯔꯦꯗꯤ ꯔꯣꯀꯣꯟꯗꯗꯒꯤ ꯆꯪꯗꯨꯅ ꯌꯦꯡꯕꯤꯕ ꯌꯥꯒꯅꯤ, ꯆꯥꯟꯕꯤꯗꯨꯅ ꯃꯗꯨ ꯌꯦꯡꯕꯤꯌꯨ꯫","ꯄ꯭ꯔꯣ ꯁ ꯦꯁ    ꯑꯁꯤꯒꯤ    ꯑꯀꯨꯞꯄ    ꯃꯔꯣ ꯜꯁꯤꯡ    ꯑꯗꯨ    ꯑꯩꯈ ꯣꯏꯒꯤ    ꯔꯦ ꯗꯤ    ꯔꯣ ꯀꯣ ꯟꯗ ꯗꯒꯤ    ꯆꯪ ꯗꯨꯅ    ꯌꯦꯡ ꯕꯤꯕ    ꯌꯥ ꯒꯅꯤ,    ꯆꯥꯟ ꯕꯤ ꯗꯨꯅ    ꯃꯗꯨ    ꯌꯦꯡꯕꯤꯌꯨ꯫ ",83,27
2440,ꯏꯟꯐꯣꯀꯃꯦꯁꯟ ꯑꯁꯤꯅ ꯑꯩꯍꯥꯀꯀꯤ ꯃꯇꯦꯡ ꯌꯥꯝꯅ ꯄꯥꯡꯂꯦ꯫,ꯏꯟ ꯐꯣ ꯀ ꯃꯦꯁꯟ    ꯑꯁꯤꯅ    ꯑꯩ ꯍꯥ ꯀ ꯀꯤ    ꯃꯇꯦꯡ    ꯌꯥꯝꯅ    ꯄꯥꯡ ꯂꯦ꯫ ,34,13
2441,ꯑꯗꯣꯝꯕꯨ ꯍꯥꯏꯅꯤꯉꯥꯏ ꯂꯩꯇꯅ ꯊꯥꯒꯠꯆꯔꯤ,ꯑꯗꯣ ꯝꯕꯨ    ꯍꯥꯏ ꯅꯤꯉꯥꯏ    ꯂꯩꯇꯅ    ꯊꯥꯒꯠ ꯆ ꯔꯤ ,25,8
2442,ꯑꯗꯣꯝꯒꯤ ꯊꯥꯒꯠ ꯋꯥꯍꯩꯕꯨ ꯇꯔꯥꯝꯅ ꯑꯣꯛꯆꯔꯤ꯫,ꯑꯗꯣꯝꯒꯤ    ꯊꯥ ꯒꯠ    ꯋꯥꯍꯩ ꯕꯨ    ꯇꯔꯥ ꯝꯅ    ꯑꯣꯛ ꯆ ꯔꯤ꯫ ,28,10
2443,ꯑꯗꯣꯝꯅ ꯄꯥꯝꯂꯒꯗꯤ ꯑꯩꯍꯥꯛꯅ ꯑꯗꯣꯝꯗ ꯀꯨꯞꯅ ꯇꯥꯛꯄꯤꯕ ꯉꯝꯕ ꯑꯩꯈꯣꯏꯒꯤ ꯑꯦꯖꯦꯟꯇ ꯑꯃ ꯑꯗꯣꯝꯒ ꯄꯥꯎ ꯐꯥꯎꯅꯕ ꯁꯤꯟꯅꯕ ꯌꯥꯒꯅꯤ꯫,ꯑꯗꯣꯝꯅ    ꯄꯥꯝ ꯂ ꯒ ꯗꯤ    ꯑꯩꯍꯥꯛ ꯅ    ꯑꯗꯣ ꯝꯗ    ꯀꯨꯞꯅ    ꯇꯥꯛ ꯄꯤꯕ    ꯉꯝꯕ    ꯑꯩꯈ ꯣꯏꯒꯤ    ꯑꯦꯖꯦꯟ ꯇ    ꯑꯃ    ꯑꯗꯣ ꯝꯒ    ꯄꯥꯎ    ꯐꯥꯎ ꯅꯕ    ꯁꯤꯟꯅꯕ    ꯌꯥꯒꯅꯤ꯫ ,75,25
2444,ꯑꯗꯣꯝꯒꯤ ꯐꯣꯟ ꯅꯝꯕꯔ ꯑꯩꯉꯣꯟꯗ ꯄꯤꯕꯤꯕ ꯌꯥꯒꯗ꯭ꯔ,ꯑꯗꯣꯝꯒꯤ    ꯐꯣꯟ    ꯅꯝꯕꯔ    ꯑꯩ ꯉꯣꯟꯗ    ꯄꯤ ꯕꯤꯕ    ꯌꯥ ꯒ ꯗ꯭ꯔ ,30,10
2445,ꯃꯗꯨ ꯌꯥꯝꯅ ꯐꯅꯤ,ꯃꯗꯨ    ꯌꯥꯝꯅ    ꯐ ꯅꯤ ,10,4
2446,ꯑꯩꯍꯥꯛꯀꯤ ꯐꯣꯟ ꯅꯝꯕꯔ ꯏꯕꯤꯍꯧ꯫,ꯑꯩꯍꯥꯛ ꯀꯤ    ꯐꯣꯟ    ꯅꯝꯕꯔ    ꯏ ꯕꯤ ꯍꯧ ꯫ ,20,8
2447,"ꯍꯂꯣ, ꯑꯋꯥꯡ-ꯅꯣꯡꯄꯣꯛꯀꯤ ꯊꯣꯡꯊꯥꯛꯄꯒꯤ ꯃꯑꯣꯡ ꯑꯗꯨ ꯊꯤꯖꯤꯟꯅꯕ ꯌꯦꯡꯂꯤꯕꯅꯤ꯫","ꯍ ꯂꯣ ,    ꯑꯋꯥꯡ -ꯅꯣꯡ ꯄꯣꯛ ꯀꯤ    ꯊꯣꯡ ꯊꯥꯛ ꯄꯒꯤ    ꯃꯑꯣꯡ    ꯑꯗꯨ    ꯊꯤꯖꯤꯟ ꯅꯕ    ꯌꯦꯡ ꯂꯤ ꯕꯅꯤ꯫ ",49,17
2448,"ꯑꯩꯒꯤ ꯃꯔꯨꯞ, ꯁꯤꯔꯤꯜꯅ ꯆꯤꯟꯖꯥꯛ ꯑꯃꯁꯨꯡ ꯔꯦꯁꯇꯣꯔꯦꯟꯇꯀꯤ ꯄꯥꯎꯇꯥꯛꯀꯤꯗꯃꯛꯇ ꯋꯥꯔꯤ ꯁꯥꯟꯅꯅꯕ ꯑꯗꯣꯝꯁꯤ ꯆꯞ-ꯆꯥꯕ ꯃꯤꯁꯛꯅꯤ ꯍꯥꯏꯅ ꯑꯩꯉꯣꯟꯗ ꯍꯥꯏꯔꯛꯈꯤ꯫","ꯑ ꯩꯒꯤ    ꯃꯔꯨ ꯞ,    ꯁꯤꯔꯤ ꯜꯅ    ꯆꯤꯟꯖꯥꯛ    ꯑꯃꯁꯨꯡ    ꯔꯦꯁ ꯇꯣ ꯔꯦꯟ ꯇ ꯀꯤ    ꯄꯥꯎ ꯇꯥꯛ ꯀꯤꯗꯃꯛꯇ    ꯋꯥꯔꯤ    ꯁꯥꯟꯅ ꯅꯕ    ꯑꯗꯣ ꯝ ꯁꯤ    ꯆ ꯞ- ꯆꯥꯕ    ꯃꯤ ꯁꯛ ꯅꯤ    ꯍꯥꯏꯅ    ꯑꯩ ꯉꯣꯟꯗ    ꯍꯥꯏ ꯔꯛꯈꯤ꯫ ",95,33
2449,"ꯍꯣꯏ, ꯑꯩ ꯃꯐꯝꯁꯤꯗ ꯃꯇꯝ ꯈꯔ ꯑꯗꯨꯝ ꯁꯥꯡꯅ ꯂꯩꯔꯛꯂꯦ, ꯃꯔꯝ ꯑꯗꯨꯅ ꯆꯤꯟꯖꯥꯛꯀꯤ ꯃꯇꯥꯡꯒꯤ ꯋꯥꯐꯝꯗ ꯑꯩꯅ ꯑꯗꯣꯝꯕꯨ ꯃꯇꯦꯡ ꯄꯥꯡꯕ ꯉꯝꯒꯅꯤ꯫","ꯍ ꯣꯏ ,    ꯑ ꯩ    ꯃꯐꯝ ꯁꯤꯗ    ꯃꯇꯝ    ꯈꯔ    ꯑꯗꯨꯝ    ꯁꯥꯡꯅ    ꯂꯩ ꯔꯛ ꯂꯦ ,    ꯃꯔꯝ    ꯑꯗꯨꯅ    ꯆꯤꯟꯖꯥꯛ ꯀꯤ    ꯃꯇꯥꯡ ꯒꯤ    ꯋꯥ ꯐꯝꯗ    ꯑꯩ ꯅ    ꯑꯗꯣ ꯝꯕꯨ    ꯃꯇꯦꯡ    ꯄꯥꯡꯕ    ꯉꯝꯒꯅꯤ꯫ ",81,30
2450,"ꯑꯁꯥꯝꯒꯤ ꯑꯍꯥꯎꯕ ꯑꯃ ꯑꯣꯏꯔꯤꯕ, ꯈꯔ, ꯑꯁꯤꯅ ꯍꯧꯕꯒꯤ ꯑꯐꯕ ꯃꯐꯝ ꯑꯃ ꯑꯣꯏ꯫","ꯑꯁꯥ ꯝꯒꯤ    ꯑꯍ ꯥꯎ ꯕ    ꯑꯃ    ꯑꯣꯏꯔꯤꯕ,    ꯈꯔ ,    ꯑꯁꯤꯅ    ꯍꯧ ꯕꯒꯤ    ꯑꯐꯕ    ꯃꯐꯝ    ꯑꯃ    ꯑꯣꯏ꯫ ",44,16
2451,"ꯑꯣ, ꯑꯩ ꯒ꯭ꯌꯥꯟ ꯇꯥꯔꯦ꯫ ꯃꯁꯤ ꯃꯅꯥ-ꯃꯁꯤꯡꯒꯤ ꯆꯤꯟꯖꯥꯛ ꯑꯣꯏꯕ꯭ꯔ","ꯑꯣ ,    ꯑ ꯩ    ꯒ꯭ ꯌꯥꯟ    ꯇꯥꯔ ꯦ ꯫    ꯃꯁꯤ    ꯃꯅꯥ -ꯃ ꯁꯤꯡꯒꯤ    ꯆꯤꯟꯖꯥꯛ    ꯑꯣꯏ ꯕ꯭ꯔ",40,16
2452,ꯃꯁꯤ ꯀꯔꯤꯅ ꯁꯦꯝꯒꯦ,ꯃꯁꯤ    ꯀꯔꯤ ꯅ    ꯁꯦꯝ ꯒꯦ ,12,5
2453,"ꯃꯁꯤ ꯑꯉꯥꯡꯕ ꯆꯦꯡ, ꯁꯨꯒꯥꯏꯔꯕ ꯍꯋꯥꯏ ꯑꯃꯁꯨꯡ ꯑꯋꯥꯊꯕꯤ ꯑꯁꯪꯕꯒꯤ ꯌꯥꯟꯁꯤꯟꯅꯕ ꯑꯃꯅ ꯁꯦꯝꯕꯅꯤ ꯃꯔꯝ ꯑꯁꯤꯅ ꯃꯁꯤ ꯃꯞꯨꯡ-ꯐꯥꯅ ꯃꯅꯥ-ꯃꯁꯤꯡꯒꯤ ꯑꯣꯏ꯫","ꯃꯁꯤ    ꯑꯉꯥꯡ ꯕ    ꯆꯦ ꯡ,    ꯁꯨ ꯒꯥꯏ ꯔꯕ    ꯍ ꯋꯥꯏ    ꯑꯃꯁꯨꯡ    ꯑꯋꯥ ꯊꯕ ꯤ    ꯑ ꯁꯪ ꯕꯒꯤ    ꯌꯥꯟ ꯁꯤꯟꯅꯕ    ꯑꯃꯅ    ꯁꯦꯝ ꯕꯅꯤ    ꯃꯔꯝ    ꯑꯁꯤꯅ    ꯃꯁꯤ    ꯃ ꯞ ꯨꯡ - ꯐꯥꯅ    ꯃꯅꯥ -ꯃ ꯁꯤꯡꯒꯤ    ꯑꯣꯏ꯫ ",89,34
2454,ꯑꯁꯥꯝꯒꯤ ꯃꯆꯜ ꯃꯌꯥꯝ ꯑꯃꯁꯨ ꯃꯁꯤ ꯁꯦꯝꯕꯗ ꯌꯥꯎꯋꯤ꯫,ꯑꯁꯥ ꯝꯒꯤ    ꯃꯆ ꯜ    ꯃꯌꯥꯝ    ꯑꯃꯁꯨ    ꯃꯁꯤ    ꯁꯦꯝ ꯕꯗ    ꯌꯥꯎꯋꯤ꯫ ,31,10
2455,"ꯌꯥꯔꯦ, ꯑꯩ ꯃꯗꯨ ꯁꯣꯏꯗꯅ ꯌꯦꯡꯊꯧꯛꯂꯅꯤ꯫","ꯌꯥ ꯔꯦ ,    ꯑ ꯩ    ꯃꯗꯨ    ꯁꯣꯏꯗꯅ    ꯌꯦꯡ ꯊꯧ ꯛ ꯂ ꯅꯤ꯫ ",25,12
2456,ꯎꯇꯣꯡ ꯆꯥꯛꯇꯤ ꯀꯃꯥꯏ ꯇꯧꯒꯦ,ꯎ ꯇꯣ ꯡ    ꯆꯥꯛ ꯇꯤ    ꯀ ꯃꯥꯏ    ꯇꯧ ꯒꯦ ,17,9
2457,ꯃꯁꯤ ꯑꯁꯥꯝꯒꯤ ꯇꯣꯞ-ꯇꯣꯞꯄ ꯑꯃꯅꯤ ꯍꯥꯏꯅ ꯑꯩꯅ ꯇꯥꯏ꯫,ꯃꯁꯤ    ꯑꯁꯥ ꯝꯒꯤ    ꯇꯣꯞ-ꯇꯣꯞꯄ    ꯑꯃꯅꯤ    ꯍꯥꯏꯅ    ꯑꯩ ꯅ    ꯇꯥꯏ꯫ ,32,9
2458,ꯑꯩ ꯃꯃꯤꯡꯗꯨꯃꯛꯇꯤ ꯅꯤꯡꯁꯤꯡꯕ ꯉꯝꯗ꯭ꯔꯦ; ꯑꯩꯅ ꯈꯟꯕꯗ; ꯃꯁꯤ ꯄꯤ ꯅ ꯍꯧꯕꯅꯤ꯫,ꯑ ꯩ    ꯃꯃꯤꯡ ꯗꯨ ꯃꯛꯇ ꯤ    ꯅꯤꯡꯁꯤꯡ ꯕ    ꯉꯝ ꯗ꯭ꯔꯦ ;    ꯑꯩ ꯅ    ꯈꯟ ꯕ ꯗ ;    ꯃꯁꯤ    ꯄꯤ    ꯅ    ꯍꯧ ꯕꯅꯤ꯫ ,46,22
2459,ꯑꯗꯣꯝꯅ ꯍꯥꯏꯔꯤꯕ ꯃꯊꯦꯜ ꯑꯗꯨ ꯄꯤꯊꯥ ꯅꯠꯇ꯭ꯔꯒ ꯈꯣꯂꯥ ꯄꯤꯊꯥ ꯀꯧꯋꯤ꯫,ꯑꯗꯣꯝꯅ    ꯍꯥꯏꯔꯤꯕ    ꯃ ꯊꯦ ꯜ    ꯑꯗꯨ    ꯄꯤ ꯊꯥ    ꯅꯠꯇ꯭ꯔꯒ    ꯈꯣ ꯂꯥ    ꯄꯤ ꯊꯥ    ꯀꯧ ꯋꯤ꯫ ,41,15
2460,ꯃꯁꯤꯕꯨ ꯁꯦꯝꯅꯕꯒꯤꯗꯃꯛꯇ ꯈꯖꯤꯛꯇꯪ ꯃꯍꯥꯎ ꯍꯥꯞꯂꯕ ꯆꯦꯡ ꯑꯗꯨ ꯑꯍꯣꯕ ꯋꯥꯒꯤ ꯎꯇꯧꯡꯗ ꯍꯥꯞꯆꯜꯂꯤ꯫,ꯃꯁꯤꯕꯨ    ꯁꯦꯝ ꯅꯕꯒꯤꯗꯃꯛꯇ    ꯈ ꯖꯤ ꯛꯇ ꯪ    ꯃꯍ ꯥꯎ    ꯍꯥꯞ ꯂꯕ    ꯆꯦ ꯡ    ꯑꯗꯨ    ꯑꯍ ꯣ ꯕ    ꯋꯥꯒꯤ    ꯎ ꯇꯧ ꯡꯗ    ꯍꯥꯞ ꯆ ꯜꯂꯤ꯫ ,58,24
2461,"ꯑꯣ, ꯑꯗꯨꯗꯤ ꯃꯁꯤꯒꯤ ꯃꯊꯦꯜ ꯑꯁꯤꯁꯨ ꯃꯅꯥ-ꯃꯁꯤꯡꯒꯤ ꯑꯣꯏꯔꯦꯅꯦ, ꯀꯣ","ꯑꯣ ,    ꯑꯗꯨꯗꯤ    ꯃꯁꯤꯒꯤ    ꯃ ꯊꯦ ꯜ    ꯑꯁꯤꯁꯨ    ꯃꯅꯥ -ꯃ ꯁꯤꯡꯒꯤ    ꯑꯣꯏ ꯔꯦ ꯅꯦ ,    ꯀꯣ ",42,16
2462,"ꯍꯣꯏ, ꯑꯃꯁꯨꯡ ꯃꯁꯤ ꯑꯄꯥꯝꯕꯒꯤ ꯃꯈꯥ ꯄꯣꯟꯅ ꯑꯊꯨꯝꯕ ꯅꯠꯇ꯭ꯔꯒ ꯑꯌꯥꯛꯄ ꯃꯍꯥꯎ ꯑꯃ ꯑꯣꯏꯍꯟꯕ ꯌꯥꯏ꯫","ꯍ ꯣꯏ ,    ꯑꯃꯁꯨꯡ    ꯃꯁꯤ    ꯑ ꯄꯥꯝ ꯕꯒꯤ    ꯃꯈꯥ    ꯄꯣ ꯟꯅ    ꯑ ꯊꯨꯝ ꯕ    ꯅꯠꯇ꯭ꯔꯒ    ꯑ ꯌ ꯥꯛ ꯄ    ꯃꯍ ꯥꯎ    ꯑꯃ    ꯑꯣꯏ ꯍꯟꯕ    ꯌꯥꯏ꯫ ",58,25
2463,"ꯃꯤ ꯑꯌꯥꯝꯕꯅ ꯑꯊꯨꯝꯕ ꯃꯈꯜ ꯑꯗꯨ ꯍꯦꯟꯅ ꯄꯥꯝꯅꯩ, ꯑꯃꯁꯨꯡ ꯃꯁꯤ ꯑꯌꯥꯝꯕꯅ ꯁꯪꯒꯣꯝ ꯑꯐꯝꯕ ꯑꯃꯁꯨꯡ ꯆꯨꯍꯤꯒ ꯂꯣꯏꯅꯅ ꯆꯥꯏ꯫","ꯃꯤ    ꯑꯌꯥꯝꯕꯅ    ꯑ ꯊꯨꯝ ꯕ    ꯃꯈꯜ    ꯑꯗꯨ    ꯍꯦꯟꯅ    ꯄꯥꯝ ꯅꯩ,    ꯑꯃꯁꯨꯡ    ꯃꯁꯤ    ꯑꯌꯥꯝꯕꯅ    ꯁꯪ ꯒꯣ ꯝ    ꯑ ꯐꯝ ꯕ    ꯑꯃꯁꯨꯡ    ꯆꯨ ꯍꯤ ꯒ    ꯂꯣꯏꯅꯅ    ꯆꯥꯏ ꯫ ",71,26
2464,"ꯐꯔꯦ, ꯑꯗꯣꯝꯅ ꯑꯩꯉꯣꯟꯗ ꯃꯅꯥ-ꯃꯁꯤꯡꯒꯤ ꯅꯠꯇꯕ ꯆꯤꯟꯖꯥꯛ ꯈꯔꯗꯪ ꯍꯥꯏꯕꯤꯒꯦꯔꯥ","ꯐ ꯔꯦ ,    ꯑꯗꯣꯝꯅ    ꯑꯩ ꯉꯣꯟꯗ    ꯃꯅꯥ -ꯃ ꯁꯤꯡꯒꯤ    ꯅꯠꯇꯕ    ꯆꯤꯟꯖꯥꯛ    ꯈꯔ ꯗ ꯪ    ꯍꯥꯏ ꯕꯤ ꯒꯦ ꯔꯥ ",48,18
2465,"ꯑꯩ ꯃꯅꯥ-ꯃꯁꯤꯡꯒꯤ ꯅꯠꯇꯕ ꯆꯤꯟꯖꯥꯛꯅ ꯍꯦꯟꯅ ꯄꯥꯝꯃꯤ, ꯑꯗꯨꯒꯤꯅꯤ꯫","ꯑ ꯩ    ꯃꯅꯥ -ꯃ ꯁꯤꯡꯒꯤ    ꯅꯠꯇꯕ    ꯆꯤꯟꯖꯥꯛ ꯅ    ꯍꯦꯟꯅ    ꯄꯥꯝ ꯃꯤ,    ꯑꯗꯨ ꯒꯤ ꯅꯤ꯫ ",41,14
2466,"ꯃꯗꯨꯒꯤ ꯑꯣꯏꯔꯗꯤ, ꯅꯥꯒꯥꯂꯦꯟꯗꯒꯤ ꯑꯣꯛꯁꯥ ꯑꯌꯥꯏꯕ ꯑꯗꯨꯅ ꯑꯗꯣꯝꯒꯤ ꯂꯩꯇꯣꯟ ꯑꯗꯨ ꯄꯦꯜꯍꯜꯂꯅꯤ꯫","ꯃꯗꯨꯒꯤ    ꯑꯣꯏꯔ ꯗꯤ,    ꯅꯥꯒꯥ ꯂꯦꯟꯗꯒꯤ    ꯑꯣꯛ ꯁꯥ    ꯑ ꯌꯥꯏ ꯕ    ꯑꯗꯨꯅ    ꯑꯗꯣꯝꯒꯤ    ꯂꯩ ꯇꯣ ꯟ    ꯑꯗꯨ    ꯄꯦ ꯜ ꯍꯜꯂ ꯅꯤ꯫ ",59,20
2467,"ꯃꯁꯤ ꯃꯄꯥꯟꯗ ꯀ꯭ꯔꯦꯝ-ꯀ꯭ꯔꯦꯝ ꯂꯥꯎꯋꯤ, ꯃꯅꯨꯡꯗꯅ ꯊꯣꯠꯂꯤ ꯑꯃꯁꯨꯡ ꯆꯣꯠꯂꯤ, ꯑꯃꯁꯨꯡ ꯃꯁꯤꯗ ꯑꯌꯥꯏꯕꯒꯤ ꯃꯍꯥꯎ ꯑꯗꯨ ꯌꯥꯝꯅ ꯋꯥꯡꯉꯤ꯫","ꯃꯁꯤ    ꯃꯄꯥꯟꯗ    ꯀ꯭ꯔꯦ ꯝ- ꯀ꯭ꯔꯦ ꯝ    ꯂꯥꯎ ꯋꯤ,    ꯃꯅꯨꯡ ꯗꯅ    ꯊꯣ ꯠ ꯂꯤ    ꯑꯃꯁꯨꯡ    ꯆꯣ ꯠ ꯂꯤ,    ꯑꯃꯁꯨꯡ    ꯃꯁꯤꯗ    ꯑ ꯌꯥꯏ ꯕꯒꯤ    ꯃꯍ ꯥꯎ    ꯑꯗꯨ    ꯌꯥꯝꯅ    ꯋꯥꯡ ꯉꯤ꯫ ",80,28
2468,"ꯑꯣ, ꯌꯥꯝ ꯍꯥꯎꯔꯝꯒꯗꯕ ꯃꯥꯜꯂꯤ, ꯑꯗꯨꯕꯨ ꯑꯩꯗꯤ ꯑꯣꯛꯁꯥ ꯆꯥꯗꯦ꯫","ꯑꯣ ,    ꯌꯥꯝ    ꯍꯥꯎ ꯔꯝ ꯒꯗꯕ    ꯃꯥ ꯜꯂꯤ,    ꯑꯗꯨꯕꯨ    ꯑꯩ ꯗꯤ    ꯑꯣꯛ ꯁꯥ    ꯆꯥ ꯗꯦ꯫ ",39,15
2469,"ꯑꯩ ꯃꯁꯤꯒꯤ ꯃꯊꯦꯜ ꯑꯁꯤꯒꯤ ꯃꯇꯥꯡꯗ ꯑꯩꯒꯤ ꯃꯔꯨꯞ ꯁꯤꯔꯤꯜꯗ, ꯍꯥꯏꯒꯅꯤ꯫","ꯑ ꯩ    ꯃꯁꯤꯒꯤ    ꯃ ꯊꯦ ꯜ    ꯑꯁꯤꯒꯤ    ꯃꯇꯥꯡꯗ    ꯑ ꯩꯒꯤ    ꯃꯔꯨꯞ    ꯁꯤꯔꯤ ꯜ ꯗ,    ꯍꯥꯏ ꯒꯅꯤ꯫ ",43,16
2470,ꯍꯣꯏ,ꯍ ꯣꯏ ,3,2
2471,ꯑꯗꯨ ꯑꯣꯏꯔꯒꯅ ꯊꯨꯛꯄꯥꯗꯤ,ꯑꯗꯨ    ꯑꯣꯏ ꯔꯒ ꯅ    ꯊꯨ ꯛ ꯄꯥ ꯗꯤ ,16,8
2472,ꯃꯁꯤ ꯑꯔꯨꯅꯥꯆꯜ ꯄ꯭ꯔꯗꯦꯁꯇꯒꯤ ꯅꯨꯗꯜꯗ ꯌꯨꯝꯐꯝ ꯑꯣꯏꯕ ꯃꯊꯦꯜ ꯑꯃꯅꯤ ꯑꯃꯁꯨꯡ ꯃꯁꯤꯗ ꯄꯣꯠꯆꯪꯁꯤꯡ ꯑꯗꯨ ꯍꯋꯥꯏ ꯃꯨꯁꯣꯔꯤ ꯄꯥꯝꯕꯤꯗꯒꯤ ꯁꯥ ꯃꯈꯜ ꯑꯃꯍꯦꯛꯇꯗ ꯈꯦꯟꯅꯩ꯫,ꯃꯁꯤ    ꯑꯔꯨ ꯅꯥ ꯆꯜ    ꯄ꯭ꯔꯗꯦꯁ ꯇꯒꯤ    ꯅꯨ ꯗ ꯜꯗ    ꯌꯨꯝꯐꯝ    ꯑꯣꯏꯕ    ꯃ ꯊꯦ ꯜ    ꯑꯃꯅꯤ    ꯑꯃꯁꯨꯡ    ꯃꯁꯤꯗ    ꯄꯣꯠ ꯆꯪ ꯁꯤꯡ    ꯑꯗꯨ    ꯍ ꯋꯥꯏ    ꯃꯨ ꯁꯣ ꯔꯤ    ꯄꯥꯝꯕꯤ ꯗꯒꯤ    ꯁꯥ    ꯃꯈꯜ    ꯑꯃꯍꯦꯛꯇꯗ    ꯈꯦꯟ ꯅꯩ꯫ ,97,33
2473,"ꯑꯗꯣꯝꯅ ꯀꯔꯤꯒꯨꯝꯕ ꯉꯥꯅ ꯍꯦꯟꯅ ꯄꯥꯝꯂꯕꯗꯤ, ꯑꯁꯥꯝꯗꯒꯤ ꯇꯦꯡꯒꯥ ꯉꯥꯒꯤ ꯃꯊꯦꯜ ꯑꯗꯨꯅ ꯅꯪꯒꯤ ꯑꯄꯥꯝꯕ ꯑꯣꯏꯒꯅꯤ꯫","ꯑꯗꯣꯝꯅ    ꯀꯔꯤꯒꯨꯝꯕ    ꯉꯥ ꯅ    ꯍꯦꯟꯅ    ꯄꯥꯝꯂꯕꯗꯤ,    ꯑꯁꯥ ꯝꯗꯒꯤ    ꯇꯦꯡ ꯒꯥ    ꯉ ꯥꯒꯤ    ꯃ ꯊꯦ ꯜ    ꯑꯗꯨꯅ    ꯅꯪ ꯒꯤ    ꯑꯄꯥꯝꯕ    ꯑꯣꯏꯒꯅꯤ꯫ ",67,20
2474,"ꯑꯩ ꯅꯨꯗꯜꯁ ꯄꯥꯝꯃꯤ, ꯃꯔꯝ ꯑꯗꯨꯅ ꯑꯋꯥꯡ-ꯅꯣꯡꯄꯣꯛꯀꯤ ꯃꯊꯦꯜꯁꯤꯡ ꯌꯦꯡꯊꯣꯛꯅꯕ ꯑꯩꯒꯤ ꯄꯔꯤꯡꯗ ꯊꯨꯛꯄꯥꯅ ꯑꯍꯥꯟꯕ ꯑꯣꯏ꯫","ꯑ ꯩ    ꯅꯨ ꯗ ꯜꯁ    ꯄꯥꯝ ꯃꯤ,    ꯃꯔꯝ    ꯑꯗꯨꯅ    ꯑꯋꯥꯡ -ꯅꯣꯡ ꯄꯣꯛ ꯀꯤ    ꯃ ꯊꯦ ꯜꯁꯤꯡ    ꯌꯦꯡ ꯊꯣꯛꯅꯕ    ꯑ ꯩꯒꯤ    ꯄꯔꯤꯡꯗ    ꯊꯨ ꯛ ꯄꯥ ꯅ    ꯑꯍꯥꯟꯕ    ꯑꯣꯏ꯫ ",72,27
2475,ꯑꯩ ꯇꯦꯡꯒꯥꯁꯨ ꯌꯦꯡꯊꯣꯛꯀꯅꯤ꯫,ꯑ ꯩ    ꯇꯦꯡ ꯒꯥ ꯁꯨ    ꯌꯦꯡ ꯊꯣꯛ ꯀꯅꯤ꯫ ,19,8
2476,ꯑꯋꯥꯡ-ꯅꯣꯡꯄꯣꯛꯀꯤ ꯃꯊꯦꯜꯁꯤꯡ ꯑꯁꯤ ꯑꯌꯥꯝꯕꯅ ꯃꯆꯜ ꯌꯥꯝ ꯊꯥꯛꯄ ꯑꯣꯏꯕ꯭ꯔ,ꯑꯋꯥꯡ -ꯅꯣꯡ ꯄꯣꯛ ꯀꯤ    ꯃ ꯊꯦ ꯜꯁꯤꯡ    ꯑꯁꯤ    ꯑꯌꯥꯝꯕꯅ    ꯃꯆ ꯜ    ꯌꯥꯝ    ꯊꯥꯛ ꯄ    ꯑꯣꯏ ꯕ꯭ꯔ,45,16
2477,"ꯅꯠꯇꯦ, ꯃꯈꯣꯏꯁꯤꯡ ꯑꯁꯤ ꯃꯆꯜ ꯌꯥꯝ ꯊꯥꯛꯄ ꯁꯨꯛꯑꯣꯏ ꯑꯣꯏꯗꯦ꯫","ꯅꯠꯇꯦ ,    ꯃꯈꯣꯏꯁꯤꯡ    ꯑꯁꯤ    ꯃꯆ ꯜ    ꯌꯥꯝ    ꯊꯥꯛ ꯄ    ꯁꯨ ꯛ ꯑꯣꯏ    ꯑꯣꯏ ꯗꯦ꯫ ",37,14
2478,"ꯇꯁꯦꯡꯅ, ꯃꯈꯣꯏ ꯑꯁꯤ ꯇꯦꯛꯈꯠꯍꯟꯕ ꯑꯃꯁꯨꯡ ꯃꯅꯝ ꯅꯨꯡꯁꯤꯕ ꯑꯣꯏ꯫","ꯇ ꯁꯦꯡ ꯅ,    ꯃꯈꯣꯏ    ꯑꯁꯤ    ꯇꯦꯛ ꯈꯠ ꯍꯟꯕ    ꯑꯃꯁꯨꯡ    ꯃꯅ ꯝ    ꯅꯨꯡꯁꯤꯕ    ꯑꯣꯏ꯫ ",39,13
2479,"ꯍꯦꯜꯂꯣ, ꯃꯁꯤ ꯇꯥꯇꯥ ꯀꯦꯄꯤꯇꯦꯜ ꯑꯣꯏꯕꯤꯔꯕ꯭ꯔ","ꯍꯦꯜ ꯂꯣ ,    ꯃꯁꯤ    ꯇꯥ ꯇꯥ    ꯀꯦꯄꯤ ꯇꯦꯜ    ꯑꯣꯏ ꯕꯤ ꯔꯕ ꯭ꯔ",29,12
2480,ꯃꯥꯅꯦ ꯃꯁꯤ ꯇꯥꯇꯥ ꯀꯦꯄꯤꯇꯦꯜꯅꯦ꯫,ꯃꯥ ꯅꯦ    ꯃꯁꯤ    ꯇꯥ ꯇꯥ    ꯀꯦꯄꯤ ꯇꯦ ꯜ ꯅꯦ ꯫ ,21,10
2481,ꯑꯗꯣꯝꯒꯤ ꯀꯔꯤ ꯃꯇꯦꯡ ꯇꯧꯖꯔꯛꯎꯒꯦ,ꯑꯗꯣꯝꯒꯤ    ꯀꯔꯤ    ꯃꯇꯦꯡ    ꯇꯧ ꯖ ꯔꯛ ꯎ ꯒꯦ ,21,8
2482,ꯑꯩꯍꯥꯛ ꯄꯔꯁꯅꯦꯜ ꯂꯣꯟ ꯑꯃ ꯂꯧꯕ ꯄꯥꯝꯖꯩ꯫,ꯑꯩꯍꯥꯛ   ꯄꯔ ꯁ ꯅꯦꯜ    ꯂꯣꯟ    ꯑꯃ    ꯂꯧꯕ    ꯄꯥꯝ ꯖꯩ ꯫ ,25,10
2483,ꯆꯥꯟꯕꯤꯗꯨꯅ ꯑꯩꯒꯤ ꯀ꯭ꯔꯦꯗꯤꯠ ꯁ꯭ꯀꯣꯔ ꯆꯦꯛ ꯇꯧꯕꯤꯔꯒ ꯀꯌꯥꯃꯨꯛ ꯂꯧꯕ ꯌꯥꯒꯅꯤ ꯍꯥꯏꯕꯗꯨ ꯑꯩꯉꯣꯟꯗ ꯈꯪꯍꯟꯕꯤꯕ ꯌꯥꯒꯗ꯭ꯔ,ꯆꯥꯟ ꯕꯤ ꯗꯨꯅ    ꯑ ꯩꯒꯤ    ꯀ꯭ꯔꯦꯗꯤꯠ    ꯁ꯭ꯀꯣꯔ    ꯆꯦꯛ    ꯇꯧ ꯕꯤ ꯔꯒ    ꯀꯌꯥ ꯃꯨꯛ    ꯂꯧꯕ    ꯌꯥ ꯒꯅꯤ    ꯍꯥꯏꯕꯗꯨ    ꯑꯩ ꯉꯣꯟꯗ    ꯈꯪꯍꯟ ꯕꯤꯕ    ꯌꯥ ꯒ ꯗ꯭ꯔ ,72,24
2484,ꯍꯣꯏ ꯌꯥꯅꯤ ꯃꯤꯅꯤꯠ ꯑꯃꯇ ꯉꯥꯏꯕꯤꯌꯨ,ꯍ ꯣꯏ    ꯌꯥ ꯅꯤ    ꯃꯤꯅꯤꯠ    ꯑꯃ ꯇ    ꯉꯥꯏ ꯕꯤꯌꯨ ,22,9
2485,ꯑꯗꯣꯝꯒꯤ ꯀ꯭ꯔꯦꯗꯤꯠ ꯁ꯭ꯀꯣꯔꯒꯤ ꯃꯇꯨꯡ ꯏꯟꯅ ꯑꯗꯣꯝꯅ ꯌꯥꯝꯂꯕꯗ ꯂꯥꯛ ꯸ꯒꯤ ꯂꯣꯟ ꯂꯧꯕꯤꯕ ꯌꯥꯒꯅꯤ꯫,ꯑꯗꯣꯝꯒꯤ    ꯀ꯭ꯔꯦꯗꯤꯠ    ꯁ꯭ꯀꯣ ꯔꯒꯤ    ꯃꯇꯨꯡ    ꯏꯟꯅ    ꯑꯗꯣꯝꯅ    ꯌꯥꯝ ꯂ ꯕꯗ    ꯂ ꯥꯛ    ꯸ꯒꯤ    ꯂꯣꯟ    ꯂꯧ ꯕꯤꯕ    ꯌꯥꯒꯅꯤ꯫ ,58,17
2486,ꯄꯔꯁꯅꯦꯜ ꯂꯣꯟꯁꯤꯡꯗ ꯍꯧꯖꯤꯛ ꯂꯩꯔꯤꯕ ꯏꯅꯇꯔꯦꯁꯠꯀꯤ ꯔꯦꯠꯁꯦ ꯀꯌꯥ ꯑꯣꯏꯕꯤꯕꯒꯦ,ꯄꯔ ꯁ ꯅꯦꯜ    ꯂꯣꯟ ꯁꯤꯡꯗ    ꯍꯧꯖꯤꯛ    ꯂꯩꯔꯤꯕ    ꯏꯅ ꯇꯔ ꯦꯁ ꯠꯀꯤ    ꯔꯦ ꯠ ꯁꯦ    ꯀꯌꯥ    ꯑꯣꯏ ꯕꯤ ꯕꯒꯦ ,48,18
2487,ꯑꯗꯨꯒ ꯂꯣꯟ ꯑꯃꯒꯤꯗꯃꯛ ꯑꯦꯄ꯭ꯂꯥꯏ ꯇꯧꯕꯒꯤ ꯄ꯭ꯔꯣꯁꯤꯖ꯭ꯌꯣꯔ ꯑꯗꯨ ꯈꯪꯖꯕ ꯌꯥꯒꯗ꯭ꯔ,ꯑꯗꯨꯒ    ꯂꯣꯟ    ꯑꯃꯒꯤꯗꯃꯛ    ꯑꯦ ꯄ꯭ ꯂꯥꯏ    ꯇꯧꯕꯒꯤ    ꯄ꯭ꯔꯣ ꯁꯤꯖ ꯭ꯌꯣ ꯔ    ꯑꯗꯨ    ꯈꯪ ꯖꯕ    ꯌꯥ ꯒ ꯗ꯭ꯔ ,50,17
2488,ꯄꯔꯁꯅꯦꯜ ꯂꯣꯟ ꯏꯅꯇꯔꯦꯁꯠ ꯔꯦꯠꯁꯤꯡ ꯑꯁꯤ ꯃꯍꯧꯁꯥꯅ ꯆꯥꯗ ꯱꯰,ꯄꯔ ꯁ ꯅꯦꯜ    ꯂꯣꯟ    ꯏꯅ ꯇꯔ ꯦꯁꯠ    ꯔꯦ ꯠꯁꯤꯡ    ꯑꯁꯤ    ꯃꯍꯧꯁꯥꯅ    ꯆꯥꯗ    ꯱꯰ ,36,13
2489,꯵꯰ ꯑꯃꯗꯤ ꯆꯥꯗ ꯲꯴ꯒꯤ ꯃꯔꯛ ꯑꯃꯍꯦꯛꯇꯗ ꯂꯩꯕ ꯌꯥꯏ꯫,꯵꯰    ꯑꯃꯗꯤ    ꯆꯥꯗ    ꯲ ꯴ꯒꯤ    ꯃꯔꯛ    ꯑꯃꯍꯦꯛꯇꯗ    ꯂꯩꯕ    ꯌꯥꯏ꯫ ,30,9
2490,ꯃꯁꯤ ꯃꯍꯧꯁꯥꯅ ꯐꯏꯅꯥꯟꯁꯤꯑꯦꯜ ꯏꯟꯁꯇꯤꯇ꯭ꯌꯨꯁꯟ ꯑꯗꯨꯒꯤ ꯄꯔꯁꯅꯦꯜ ꯂꯣꯟ ꯏꯂꯤꯖꯤꯕꯤꯂꯤꯇꯤꯒꯤ ꯃꯊꯧꯇꯥꯕꯁꯤꯡ ꯑꯗꯨ ꯑꯗꯣꯝꯅ ꯀꯔꯝꯅ ꯌꯧꯕ ꯉꯝꯕꯒꯦꯗ ꯌꯨꯝꯐꯝ ꯑꯣꯏ꯫,ꯃꯁꯤ    ꯃꯍꯧꯁꯥꯅ    ꯐ ꯏ ꯅꯥꯟ ꯁꯤꯑꯦꯜ    ꯏꯟꯁꯇꯤꯇ꯭ꯌꯨ ꯁꯟ    ꯑꯗꯨꯒꯤ    ꯄꯔ ꯁ ꯅꯦꯜ    ꯂꯣꯟ    ꯏꯂꯤ ꯖꯤ ꯕꯤ ꯂꯤ ꯇꯤꯒꯤ    ꯃ ꯊꯧ ꯇꯥ ꯕꯁꯤꯡ    ꯑꯗꯨ    ꯑꯗꯣꯝꯅ    ꯀꯔꯝꯅ    ꯌ ꯧꯕ    ꯉ ꯝꯕ ꯒꯦ ꯗ    ꯌꯨꯝꯐꯝ    ꯑꯣꯏ꯫ ,96,33
2491,ꯊꯧꯋꯣꯡ ꯑꯗꯨ ꯍꯧꯅꯕꯒꯤꯗꯃꯛ ꯑꯗꯣꯝꯅ ꯊꯥꯖꯤꯟꯒꯗꯕ ꯆꯦ-ꯆꯥꯡ ꯈꯔ ꯂꯩ꯫,ꯊꯧ ꯋꯣꯡ    ꯑꯗꯨ    ꯍꯧ ꯅꯕꯒꯤꯗꯃꯛ    ꯑꯗꯣꯝꯅ    ꯊꯥ ꯖꯤꯟ ꯒꯗꯕ    ꯆꯦ - ꯆꯥꯡ    ꯈꯔ    ꯂꯩ꯫ ,41,14
2492,"ꯚꯣꯇꯔ ꯀꯥꯔꯗ, ꯑꯥꯙꯥꯔ ꯀꯥꯔꯗ ꯑꯃꯗꯤ ꯄꯥꯟ ꯀꯥꯔꯗꯀꯨꯝꯕ ꯑꯗꯣꯝꯒꯤ ꯀ꯭ꯔꯦꯗꯦꯟꯁꯤꯑꯦꯜꯁꯤꯡ ꯂꯤꯡꯈꯠꯅꯕ ꯃꯊꯧ ꯇꯥꯕ ꯆꯦ-ꯆꯥꯡꯁꯤꯡ꯫","ꯚꯣ ꯇꯔ    ꯀꯥꯔ ꯗ,    ꯑꯥ ꯙ ꯥꯔ    ꯀꯥꯔꯗ    ꯑꯃꯗꯤ    ꯄꯥꯟ    ꯀꯥꯔ ꯗ ꯀꯨꯝꯕ    ꯑꯗꯣꯝꯒꯤ    ꯀ꯭ꯔꯦ ꯗꯦꯟ ꯁꯤ ꯑꯦ ꯜꯁꯤꯡ    ꯂꯤꯡꯈꯠ ꯅꯕ    ꯃꯊꯧ    ꯇꯥꯕ    ꯆꯦ - ꯆꯥꯡ ꯁꯤꯡ ꯫ ",77,28
2493,ꯄ꯭ꯔꯨꯐ ꯑꯣꯐ ꯑꯥꯏꯗꯦꯟꯇꯤꯇꯤ ꯑꯃꯗꯤ ꯄ꯭ꯔꯨꯐ ꯑꯣꯐ ꯔꯦꯖꯤꯗꯦꯟꯁ꯫,ꯄ꯭ꯔ ꯨ ꯐ    ꯑꯣꯐ    ꯑꯥꯏ ꯗꯦꯟ ꯇꯤ ꯇꯤ    ꯑꯃꯗꯤ    ꯄ꯭ꯔ ꯨ ꯐ    ꯑꯣꯐ    ꯔꯦꯖꯤ ꯗꯦꯟ ꯁ ꯫ ,39,17
2494,ꯃꯃꯥꯡ ꯊꯥ ꯑꯍꯨꯝꯒꯤ ꯁꯦꯂꯔꯤ ꯁ꯭ꯂꯤꯞ ꯑꯃꯗꯤ ꯑꯥꯏ,ꯃꯃꯥꯡ    ꯊꯥ    ꯑꯍꯨꯝꯒꯤ    ꯁꯦ ꯂ ꯔꯤ    ꯁ꯭ꯂꯤ ꯞ    ꯑꯃꯗꯤ    ꯑ ꯥꯏ ,29,11
2495,ꯇꯤ,ꯇꯤ ,2,1
2496,ꯔꯤꯇꯔꯟꯁ ꯁ꯭ꯇꯦꯠꯃꯦꯟꯇꯀꯨꯝꯕ ꯏꯟꯀꯝ ꯗꯣꯀ꯭ꯌꯨꯃꯦꯟꯇꯁꯤꯡ꯫,ꯔꯤ ꯇꯔ ꯟꯁ    ꯁ꯭ꯇꯦꯠ ꯃꯦꯟ ꯇ ꯀꯨꯝꯕ    ꯏꯟ ꯀ ꯝ    ꯗꯣ ꯀ꯭ꯌꯨ ꯃꯦꯟ ꯇ ꯁꯤꯡ ꯫ ,37,16
2497,ꯑꯩꯍꯥꯛ ꯏꯁꯥꯃꯛꯅ ꯕ꯭ꯔꯥꯟꯆꯇ ꯂꯥꯛꯄ ꯃꯊꯥ ꯇꯥꯕꯤꯕ꯭ꯔ,ꯑꯩꯍꯥꯛ   ꯏ ꯁꯥ ꯃꯛꯅ    ꯕ꯭ꯔ ꯥꯟ ꯆꯇ    ꯂꯥꯛꯄ    ꯃꯊ ꯥ    ꯇꯥ ꯕꯤ ꯕ꯭ꯔ,32,13
2498,ꯅꯠꯇ꯭ꯔꯒ ꯑꯣꯟꯂꯥꯏꯟꯗ ꯑꯦꯄ꯭ꯂꯥꯏ ꯇꯧꯕ ꯌꯥꯒꯗ꯭ꯔ,ꯅꯠꯇ꯭ꯔꯒ    ꯑꯣꯟꯂꯥꯏꯟꯗ    ꯑꯦ ꯄ꯭ ꯂꯥꯏ    ꯇꯧꯕ    ꯌꯥ ꯒ ꯗ꯭ꯔ ,30,9
2499,ꯑꯣꯟꯂꯥꯏꯟꯗ ꯑꯦꯄ꯭ꯂꯥꯏ ꯇꯧꯕ ꯌꯥꯒꯅꯤ꯫,ꯑꯣꯟꯂꯥꯏꯟꯗ    ꯑꯦ ꯄ꯭ ꯂꯥꯏ    ꯇꯧꯕ    ꯌꯥꯒꯅꯤ꯫ ,24,6
2500,ꯑꯗꯨꯕꯨ ꯗꯣꯀ꯭ꯌꯨꯃꯦꯟꯇ ꯊꯥꯖꯤꯟꯕ ꯑꯃꯗꯤ ꯚꯦꯔꯤꯐꯤꯀꯦꯁꯟꯒꯤꯗꯃꯛ ꯑꯗꯣꯝꯅ ꯕ꯭ꯔꯥꯟꯆꯇ ꯂꯥꯛꯄꯤꯒꯗꯕꯅꯤ꯫,ꯑꯗꯨꯕꯨ    ꯗꯣ ꯀ꯭ꯌꯨ ꯃꯦꯟ ꯇ    ꯊꯥ ꯖꯤꯟꯕ    ꯑꯃꯗꯤ    ꯚꯦ ꯔꯤ ꯐꯤ ꯀꯦꯁ ꯟ ꯒꯤꯗꯃꯛ    ꯑꯗꯣꯝꯅ    ꯕ꯭ꯔ ꯥꯟ ꯆꯇ    ꯂꯥꯛ ꯄꯤ ꯒꯗꯕꯅꯤ꯫ ,63,21
2501,"ꯑꯩꯍꯥꯛ ꯑꯗꯣꯝꯒꯤ ꯐꯔꯝꯒꯤ ꯔꯤꯒꯨꯂꯔ ꯀꯁꯇꯃꯔ ꯑꯃꯅꯤ, ꯑꯗꯣꯝꯅ ꯆꯦꯛ ꯇꯧꯕꯤꯕ ꯌꯥꯒꯅꯤ꯫","ꯑꯩꯍꯥꯛ   ꯑꯗꯣꯝꯒꯤ    ꯐ ꯔꯝ ꯒꯤ    ꯔꯤ ꯒꯨ ꯂꯔ    ꯀꯁꯇꯃꯔ    ꯑꯃꯅꯤ,    ꯑꯗꯣꯝꯅ    ꯆꯦꯛ    ꯇꯧ ꯕꯤꯕ    ꯌꯥꯒꯅꯤ꯫ ",51,15
2502,ꯑꯩꯍꯥꯛꯅ ꯑꯗꯣꯝꯒꯤ ꯑꯣꯐꯤꯁꯇ ꯑꯩꯒꯤ ꯗꯣꯀ꯭ꯌꯨꯃꯦꯟꯇꯁꯤꯡ ꯍꯦꯛꯇ ꯊꯥꯖꯔꯛꯄ ꯌꯥꯒꯗ꯭ꯔ,ꯑꯩꯍꯥꯛ ꯅ    ꯑꯗꯣꯝꯒꯤ    ꯑꯣꯐꯤꯁꯇ    ꯑ ꯩꯒꯤ    ꯗꯣ ꯀ꯭ꯌꯨ ꯃꯦꯟ ꯇ ꯁꯤꯡ    ꯍꯦ ꯛꯇ    ꯊꯥꯖ ꯔꯛꯄ    ꯌꯥ ꯒ ꯗ꯭ꯔ ,51,18
2503,"ꯁꯔ, ꯃꯇꯝ ꯌꯥꯝꯅ ꯆꯪꯖꯔꯣꯏ, ꯗꯣꯀ꯭ꯌꯨꯃꯦꯟꯇꯁꯤꯡ ꯑꯗꯨ ꯊꯥꯔꯛꯄꯅ ꯑꯇꯩ ꯑꯦꯄ꯭ꯂꯤꯀꯦꯁꯟꯁꯤꯡꯒ ꯌꯥꯟꯁꯤꯟꯅꯈꯤꯕ ꯌꯥꯏ꯫","ꯁꯔ ,    ꯃꯇꯝ    ꯌꯥꯝꯅ    ꯆꯪꯖ ꯔꯣꯏ ,    ꯗꯣ ꯀ꯭ꯌꯨ ꯃꯦꯟ ꯇ ꯁꯤꯡ    ꯑꯗꯨ    ꯊꯥꯔ ꯛꯄ ꯅ    ꯑꯇꯩ    ꯑꯦ ꯄ꯭ꯂꯤ ꯀꯦꯁ ꯟ ꯁꯤꯡꯒ    ꯌꯥꯟ ꯁꯤꯟ ꯅꯈꯤꯕ    ꯌꯥꯏ꯫ ",70,26
2504,ꯄꯔꯁꯅꯦꯜ ꯂꯣꯟꯒꯤ ꯂꯣꯋꯔ ꯑꯃꯗꯤ ꯑꯞꯄꯔ ꯂꯤꯃꯤꯠꯁꯤꯡꯁꯦ ꯃꯍꯧꯁꯥꯅ ꯀꯩ ꯑꯣꯏꯕꯒꯦ,ꯄꯔ ꯁ ꯅꯦꯜ    ꯂꯣꯟꯒꯤ    ꯂꯣ ꯋꯔ    ꯑꯃꯗꯤ    ꯑ ꯞꯄꯔ    ꯂꯤ ꯃꯤꯠ ꯁꯤꯡ ꯁꯦ    ꯃꯍꯧꯁꯥꯅ    ꯀꯩ    ꯑꯣꯏ ꯕꯒꯦ ,47,17
2505,"ꯑꯩꯈꯣꯏ ꯑꯗꯣꯝꯒꯤ ꯏꯂꯤꯖꯤꯕꯤꯂꯤꯇꯤꯒꯤ ꯃꯈꯥ ꯄꯣꯟꯅ ꯄꯔꯁꯅꯦꯜ ꯂꯣꯟꯁꯤꯡ ꯌꯥꯝꯗ꯭ꯔꯕꯗ ꯷꯵,꯰꯰꯰ꯗꯒꯤ ꯌꯥꯝꯂꯕꯗ ꯳꯵,꯰꯰,꯰꯰꯰/- ꯐꯥꯎꯕ ꯄꯤꯖꯩ꯫","ꯑꯩꯈ ꯣꯏ    ꯑꯗꯣꯝꯒꯤ    ꯏꯂꯤ ꯖꯤ ꯕꯤ ꯂꯤ ꯇꯤꯒꯤ    ꯃꯈꯥ    ꯄꯣ ꯟꯅ    ꯄꯔ ꯁ ꯅꯦꯜ    ꯂꯣꯟꯁꯤꯡ    ꯌꯥꯝꯗ꯭ꯔꯕꯗ    ꯷ ꯵ ,꯰꯰꯰ ꯗꯒꯤ    ꯌꯥꯝ ꯂ ꯕꯗ    ꯳ ꯵ ,꯰꯰ ,꯰꯰꯰ / -    ꯐꯥꯎꯕ    ꯄꯤ ꯖꯩ ꯫ ",86,33
2506,"ꯑꯣꯀꯦ ꯑꯗꯨꯗꯤ, ꯏꯟꯐꯣꯔꯃꯦꯁꯟ ꯑꯁꯤꯒꯤꯗꯃꯛ ꯑꯗꯣꯝꯕꯨ ꯊꯥꯒꯠꯆꯔꯤ꯫","ꯑꯣ ꯀꯦ    ꯑꯗꯨ ꯗꯤ,    ꯏꯟ ꯐꯣꯔ ꯃꯦꯁꯟ    ꯑꯁꯤꯒꯤꯗꯃꯛ    ꯑꯗꯣ ꯝꯕꯨ    ꯊꯥꯒꯠ ꯆ ꯔꯤ꯫ ",41,13
2507,ꯑꯩꯍꯥꯛ ꯕ꯭ꯔꯥꯟꯆꯇ ꯊꯨꯅ ꯂꯥꯛꯆꯒꯦ꯫,ꯑꯩꯍꯥꯛ   ꯕ꯭ꯔ ꯥꯟ ꯆꯇ    ꯊꯨꯅ    ꯂꯥꯛ ꯆ ꯒꯦ ꯫ ,22,9
2508,ꯑꯇꯣꯞꯄ ꯃꯇꯦꯡ ꯑꯃꯍꯦꯛꯇꯒꯤ ꯃꯇꯥꯡꯒꯤꯗꯃꯛ ꯄꯥꯎ ꯐꯥꯎꯕꯤꯔꯛꯎ꯫,ꯑꯇꯣꯞꯄ    ꯃꯇꯦꯡ    ꯑꯃꯍꯦ ꯛꯇꯒꯤ    ꯃꯇꯥꯡ ꯒꯤꯗꯃꯛ    ꯄꯥꯎ    ꯐꯥꯎ ꯕꯤ ꯔꯛ ꯎ꯫ ,38,11
2509,"ꯀꯃꯥꯂꯥ, ꯅꯍꯥꯛ ꯀꯔꯝ ꯀꯥꯟꯗ ꯊꯕꯛꯇ ꯍꯜꯂꯛꯇꯣꯏꯅꯣ","ꯀ ꯃꯥ ꯂꯥ,    ꯅꯍꯥꯛ    ꯀꯔ ꯝ    ꯀꯥꯟ ꯗ    ꯊꯕ ꯛꯇ    ꯍꯜꯂ ꯛꯇ ꯣꯏ ꯅꯣ ",30,14
2510,ꯅꯪ ꯀꯦꯂꯦꯟꯗꯔꯗꯣ ꯎꯕꯨ-ꯎꯔ꯭ꯕꯣ,ꯅ ꯪ    ꯀꯦ ꯂꯦꯟ ꯗꯔ ꯗꯣ    ꯎ ꯕꯨ - ꯎꯔ ꯭ ꯕꯣ,20,12
2511,ꯊꯥ ꯑꯃꯃꯨꯛ ꯐꯥꯔꯦ꯫,ꯊꯥ    ꯑꯃ ꯃꯨꯛ    ꯐꯥꯔ ꯦ ꯫ ,12,6
2512,ꯅꯍꯥꯛ ꯅꯨꯃꯤꯠ ꯱꯰ꯅꯤꯒꯤ ꯁꯨꯇꯤ ꯂꯧꯋꯦ ꯍꯥꯏꯅ ꯑꯩꯅ ꯈꯟꯕꯅꯤ꯫,ꯅꯍꯥꯛ    ꯅꯨꯃꯤꯠ    ꯱꯰ ꯅꯤꯒꯤ    ꯁꯨꯇꯤ    ꯂꯧ ꯋꯦ    ꯍꯥꯏꯅ    ꯑꯩ ꯅ    ꯈꯟ ꯕꯅꯤ꯫ ,36,12
2513,ꯑꯩ ꯂꯥꯟꯖꯔꯦ ꯃꯦꯝ꯫,ꯑ ꯩ    ꯂꯥꯟ ꯖ ꯔꯦ    ꯃꯦ ꯝ ꯫ ,12,8
2514,ꯑꯩ ꯑꯗꯣꯝꯗ ꯄꯥꯎ ꯐꯥꯎꯗꯣꯛꯄ ꯉꯝꯈꯤꯗ꯭ꯔꯦ꯫,ꯑ ꯩ    ꯑꯗꯣ ꯝꯗ    ꯄꯥꯎ    ꯐꯥꯎ ꯗꯣꯛꯄ    ꯉꯝ ꯈꯤ ꯗ꯭ꯔꯦ꯫ ,26,10
2515,ꯀꯔꯥꯏꯗꯕꯨ ꯂꯩꯒꯦ ꯅꯪꯕꯣ,ꯀꯔ ꯥꯏ ꯗ ꯕꯨ    ꯂꯩ ꯒꯦ    ꯅꯪ ꯕꯣ,15,8
2516,ꯅꯪꯒꯤ ꯅꯄꯥꯝꯗ ꯍꯧꯖꯤꯛꯁꯨ ꯂꯩꯔꯤꯕ꯭ꯔ,ꯅꯪ ꯒꯤ    ꯅ ꯄꯥ ꯝꯗ    ꯍꯧꯖꯤꯛꯁꯨ    ꯂꯩꯔꯤ ꯕ꯭ꯔ,23,8
2517,"ꯂꯩꯇꯦ ꯃꯦꯝ, ꯅꯨꯃꯤꯠ ꯍꯨꯝꯅꯤꯒꯤ ꯃꯃꯥꯡꯗ ꯌꯨꯝ ꯍꯜꯂꯛꯑꯦ꯫","ꯂꯩꯇꯦ    ꯃꯦ ꯝ,    ꯅꯨꯃꯤꯠ    ꯍꯨꯝ ꯅꯤꯒꯤ    ꯃꯃꯥꯡꯗ    ꯌꯨꯝ    ꯍꯜꯂꯛ ꯑꯦ ꯫ ",35,11
2518,ꯅꯨꯃꯤꯠ ꯍꯨꯝꯅꯤꯒꯤ ꯃꯃꯥꯡꯗ,ꯅꯨꯃꯤꯠ    ꯍꯨꯝ ꯅꯤꯒꯤ    ꯃꯃꯥꯡꯗ ,17,4
2519,ꯑꯗꯨꯗꯤ ꯅꯪ ꯊꯕꯛ ꯂꯥꯛꯇ꯭ꯔꯤ ꯀꯔꯤꯒꯤꯅꯣ,ꯑꯗꯨꯗꯤ    ꯅ ꯪ    ꯊꯕꯛ    ꯂꯥꯛ ꯇ꯭ꯔꯤ    ꯀꯔꯤ ꯒꯤ ꯅꯣ ,24,9
2520,ꯑꯩꯒꯤ ꯈꯨꯠꯁꯦ ꯈꯔ ꯄꯣꯝꯈꯠꯂꯦ꯫,ꯑ ꯩꯒꯤ    ꯈꯨꯠ ꯁꯦ    ꯈꯔ    ꯄꯣ ꯝ ꯈꯠ ꯂꯦ꯫ ,19,9
2521,ꯊꯕꯛ ꯇꯧꯕꯗ ꯑꯋꯥꯕ ꯑꯃ ꯑꯣꯏꯔꯦ꯫,ꯊꯕꯛ    ꯇꯧꯕꯗ    ꯑꯋꯥꯕ    ꯑꯃ    ꯑꯣꯏꯔꯦ꯫ ,19,5
2522,ꯄꯣꯝꯃꯦ ꯍꯥꯏꯕ,ꯄꯣ ꯝ ꯃꯦ    ꯍꯥꯏꯕ ,9,4
2523,ꯗꯣꯛꯇꯔ ꯑꯃ ꯌꯦꯡꯉꯨꯔꯕꯣ ꯅꯪ,ꯗꯣꯛꯇꯔ    ꯑꯃ    ꯌꯦꯡ ꯉ ꯨ ꯔ ꯕꯣ   ꯅ ꯪ ,17,9
2524,ꯗꯣꯛꯇꯔꯅ ꯅꯨꯃꯤꯠ ꯈꯔꯅꯤ ꯄꯣꯊꯥꯎ ꯍꯥꯏꯅ ꯇꯥꯛꯂꯛꯑꯦ꯫,ꯗꯣꯛ ꯇꯔ ꯅ    ꯅꯨꯃꯤꯠ    ꯈꯔ ꯅꯤ    ꯄꯣ ꯊ ꯥꯎ    ꯍꯥꯏꯅ    ꯇꯥꯛ ꯂꯛ ꯑꯦ ꯫ ,32,14
2525,ꯃꯍꯥꯛꯅ ꯊꯥ ꯑꯃꯗꯤ ꯍꯥꯏꯔꯝꯃꯣꯏꯅꯦ,ꯃꯍꯥꯛꯅ    ꯊꯥ    ꯑꯃꯗꯤ    ꯍꯥꯏ ꯔꯝ ꯃ ꯣꯏ ꯅꯦ ,21,8
2526,ꯅꯪꯒꯤ ꯅꯈꯨꯠꯇꯣ ꯇꯦꯛꯇꯕ ꯅꯠꯇ꯭ꯔꯣ,ꯅꯪ ꯒꯤ    ꯅ ꯈꯨꯠ ꯇꯣ    ꯇꯦ ꯛꯇ ꯕ    ꯅꯠꯇ꯭ꯔ ꯣ,21,10
2527,"ꯅꯠꯇꯦ ꯃꯦꯝ, ꯑꯗꯨꯒꯤ ꯀꯦꯁ ꯅꯠꯇꯦ꯫","ꯅꯠꯇꯦ    ꯃꯦ ꯝ,    ꯑꯗꯨꯒꯤ    ꯀꯦꯁ    ꯅꯠꯇꯦ꯫ ",21,6
2528,ꯀꯩ ꯀꯦꯁꯅꯣ,ꯀꯩ    ꯀꯦꯁ ꯅꯣ ,7,3
2529,ꯑꯩ ꯈꯪꯗꯦ ꯃꯦꯝ꯫,ꯑ ꯩ    ꯈꯪ ꯗꯦ    ꯃꯦ ꯝ ꯫ ,10,7
2530,"ꯑꯩꯒꯤ ꯈꯨꯠꯁꯦ ꯄꯣꯝꯃꯦ, ꯅꯥꯏꯌꯦ꯫","ꯑ ꯩꯒꯤ    ꯈꯨꯠ ꯁꯦ    ꯄꯣ ꯝ ꯃꯦ ,    ꯅꯥꯏ ꯌꯦ ꯫ ",21,11
2531,ꯅꯪꯅ ꯅꯪꯒꯤ ꯊꯕꯛ ꯐꯖꯅ ꯇꯧꯔꯝꯂꯕꯒꯤ ꯃꯗꯨ ꯇꯧꯔꯣꯏꯗꯕꯅꯤ꯫,ꯅꯪ ꯅ    ꯅꯪ ꯒꯤ    ꯊꯕꯛ    ꯐꯖꯅ    ꯇꯧ ꯔꯝ ꯂ ꯕꯒꯤ    ꯃꯗꯨ    ꯇꯧ ꯔꯣꯏ ꯗꯕꯅꯤ꯫ ,34,14
2532,ꯅꯪꯅ ꯐꯤ ꯁꯨꯡꯊꯨꯞ ꯊꯨꯞꯇꯦ꯫,ꯅꯪ ꯅ    ꯐꯤ    ꯁꯨꯡ ꯊꯨ ꯞ    ꯊꯨ ꯞ ꯇꯦ ꯫ ,17,10
2533,ꯀꯣꯜ-ꯂꯤꯛꯁꯤꯡ ꯑꯃꯨꯛꯇ ꯐꯖꯅ ꯐꯦꯡꯗꯦ꯫,ꯀꯣ ꯜ- ꯂꯤ ꯛꯁꯤꯡ    ꯑꯃꯨ ꯛꯇ    ꯐꯖꯅ    ꯐꯦ ꯡ ꯗꯦ꯫ ,24,10
2534,ꯋꯥꯁꯤꯡ ꯃꯁꯤꯟꯅ ꯃꯔꯝ ꯑꯣꯏꯗꯨꯅ ꯅꯪ ꯐꯤꯔꯣꯜꯁꯤꯡꯁꯨ ꯁꯨꯅꯤꯡꯉꯥꯏ ꯑꯣꯏꯗꯦ,ꯋꯥ ꯁꯤꯡ    ꯃꯁꯤ ꯟꯅ    ꯃꯔꯝ    ꯑꯣꯏꯗꯨꯅ    ꯅ ꯪ    ꯐꯤꯔꯣ ꯜ ꯁꯤꯡꯁꯨ    ꯁꯨ ꯅꯤꯡꯉꯥꯏ    ꯑꯣꯏ ꯗꯦ ,44,15
2535,ꯃꯁꯤ ꯁꯨꯡꯌꯥ-ꯌꯥꯔꯣꯏ꯫,ꯃꯁꯤ    ꯁꯨꯡ ꯌꯥ - ꯌꯥ ꯔꯣꯏ ꯫ ,15,7
2536,"ꯑꯩꯅ ꯉꯝꯕꯃꯈꯩ ꯇꯧꯋꯤ, ꯃꯦꯝ꯫","ꯑꯩ ꯅ    ꯉ ꯝꯕ ꯃꯈꯩ    ꯇꯧ ꯋꯤ,    ꯃꯦ ꯝ ꯫ ",18,10
2537,ꯑꯩꯉꯣꯟꯗ ꯈꯨꯝꯃꯛꯀꯅꯨ꯫,ꯑꯩ ꯉꯣꯟꯗ    ꯈꯨꯝ ꯃꯛ ꯀ ꯅꯨ ꯫ ,15,7
2538,"ꯌꯨꯝꯗ ꯑꯗꯨꯝ ꯂꯩꯌꯨ, ꯄꯣꯊꯥꯎ꯫","ꯌꯨꯝꯗ    ꯑꯗꯨꯝ    ꯂꯩ ꯌꯨ ,    ꯄꯣ ꯊ ꯥꯎ ꯫ ",19,9
2539,ꯅꯪ ꯑꯩꯒꯤꯗꯃꯛ ꯊꯕꯛ ꯇꯧꯕ ꯂꯥꯛꯄꯒꯤ ꯗꯔꯀꯥꯔ ꯇꯥꯗ꯭ꯔꯦ꯫,ꯅ ꯪ    ꯑꯩ ꯒꯤꯗꯃꯛ    ꯊꯕꯛ    ꯇꯧꯕ    ꯂꯥꯛ ꯄꯒꯤ    ꯗꯔ ꯀꯥꯔ    ꯇꯥ ꯗ꯭ꯔꯦ꯫ ,33,12
2540,ꯑꯩꯅ ꯅꯪ ꯊꯕꯛꯇꯒꯤ ꯀꯛꯊꯠꯂꯦ꯫,ꯑꯩ ꯅ    ꯅ ꯪ    ꯊꯕꯛꯇꯒꯤ    ꯀꯛꯊꯠ ꯂꯦ꯫ ,18,7
2541,ꯋꯥꯎ,ꯋ ꯥꯎ ,3,2
2542,ꯃꯁꯤꯗꯤ ꯌꯥꯟꯅ ꯇꯥꯡꯕ ꯃꯥꯜꯂꯦ꯫,ꯃꯁꯤ ꯗꯤ    ꯌꯥ ꯟꯅ    ꯇꯥꯡꯕ    ꯃꯥꯜ ꯂꯦ꯫ ,19,7
2543,ꯅꯪ ꯀꯔꯝ ꯀꯥꯟꯗ ꯂꯧꯒꯤꯒꯦ,ꯅ ꯪ    ꯀꯔ ꯝ    ꯀꯥꯟ ꯗ    ꯂꯧ ꯒꯤ ꯒꯦ ,15,9
2544,"ꯑꯩ ꯊꯧꯕ ꯌꯥꯕ꯭ꯔꯣ, ꯄ꯭ꯂꯤꯁ","ꯑ ꯩ    ꯊꯧꯕ    ꯌꯥ ꯕ꯭ꯔꯣ ,    ꯄ꯭ ꯂꯤꯁ ",17,8
2545,ꯅꯪ ꯉꯝꯅꯤ ꯈꯟꯕ꯭ꯔꯣ ꯁꯣꯏꯗꯅ,ꯅ ꯪ    ꯉꯝ ꯅꯤ    ꯈꯟ ꯕ꯭ꯔꯣ   ꯁꯣꯏꯗꯅ ,17,7
2546,ꯃꯁꯤꯒꯤ ꯅꯤꯡꯊꯤꯕꯤꯁꯤꯗ ꯁꯣꯏ-ꯂꯥꯛꯄ ꯑꯃꯇ ꯄꯥꯝꯗꯦ ꯑꯩ꯫,ꯃꯁꯤꯒꯤ    ꯅꯤꯡ ꯊꯤꯕꯤ ꯁꯤꯗ    ꯁꯣꯏ - ꯂꯥꯛꯄ    ꯑꯃ ꯇ    ꯄꯥꯝ ꯗꯦ    ꯑꯩ ꯫ ,34,13
2547,ꯀꯔꯤꯒꯤ ꯉꯝꯃꯣꯏꯗꯣꯏꯕ,ꯀꯔꯤ ꯒꯤ    ꯉꯝ ꯃ ꯣꯏ ꯗ ꯣꯏ ꯕ ,14,8
2548,ꯑꯩ ꯇ꯭ꯔꯥꯏ ꯇꯧꯕ ꯌꯥꯅꯤ꯫,ꯑ ꯩ    ꯇ꯭ꯔ ꯥꯏ    ꯇꯧꯕ    ꯌꯥ ꯅꯤ꯫ ,15,7
2549,ꯏꯟꯁꯨꯔꯦꯟꯁ ꯂꯩꯇ꯭ꯔꯣ ꯅꯪꯒꯤ,ꯏꯟꯁꯨꯔꯦꯟꯁ    ꯂꯩ ꯇ꯭ꯔꯣ   ꯅꯪ ꯒꯤ ,18,5
2550,ꯍꯥꯍꯥ,ꯍꯥ ꯍꯥ ,4,2
2551,ꯁꯣꯔꯤ ꯑꯩꯅ ꯐꯥꯒꯤ ꯇꯧꯕꯅꯦ꯫,ꯁꯣ ꯔꯤ    ꯑꯩ ꯅ    ꯐꯥ ꯒꯤ    ꯇꯧꯕ ꯅꯦ ꯫ ,17,9
2552,ꯅꯪꯒꯤ ꯍꯧꯖꯤꯛꯀꯤ ꯅꯁꯛꯇꯣ ꯎꯖꯔꯝꯒꯗꯕꯅꯦ ꯅꯪ꯫,ꯅꯪ ꯒꯤ    ꯍꯧꯖꯤꯛꯀꯤ    ꯅ ꯁꯛ ꯇꯣ    ꯎ ꯖ ꯔꯝ ꯒꯗꯕ ꯅꯦ    ꯅꯪ ꯫ ,28,13
2553,ꯀꯔꯤꯅꯣꯗꯥ,ꯀꯔꯤ ꯅꯣ ꯗꯥ ,7,3
2554,ꯑꯩꯒꯤ ꯀꯥꯔꯗ ꯐꯥꯒꯤ ꯇꯧꯕ ꯌꯥꯗꯦ,ꯑ ꯩꯒꯤ    ꯀꯥꯔꯗ    ꯐꯥ ꯒꯤ    ꯇꯧꯕ    ꯌꯥ ꯗꯦ ,19,8
2555,ꯑꯩꯒꯤ ꯄꯨꯟꯁꯤꯗ ꯅꯪꯅ ꯑꯄꯥꯝꯕꯈꯩ ꯐꯥꯒꯤ ꯇꯧꯖꯧ꯫,ꯑ ꯩꯒꯤ    ꯄꯨꯟꯁꯤꯗ    ꯅꯪ ꯅ    ꯑ ꯄꯥꯝꯕ ꯈꯩ    ꯐꯥ ꯒꯤ    ꯇꯧ ꯖꯧ ꯫ ,29,13
2556,"ꯑꯃꯥ ꯍꯦꯛꯇ ꯑꯣꯏꯔꯁꯨ, ꯁꯦ꯫","ꯑꯃꯥ    ꯍꯦ ꯛꯇ    ꯑꯣꯏꯔ ꯁꯨ,    ꯁꯦ ꯫ ",17,7
2557,ꯃꯇꯦꯛ ꯑꯃ ꯊꯧꯔꯨꯁꯦ꯫,ꯃꯇꯦ ꯛ    ꯑꯃ    ꯊꯧ ꯔꯨ ꯁꯦ ꯫ ,13,7
2558,ꯃꯥꯒꯤ ꯃꯃꯤꯡ ꯊꯣꯜꯂꯕꯣ,ꯃꯥꯒꯤ    ꯃꯃꯤꯡ    ꯊꯣ ꯜꯂ ꯕꯣ,14,5
2559,ꯅꯪꯒꯤ ꯀꯥꯔꯒꯤ ꯃꯃꯤꯡ ꯊꯣꯟꯒꯗꯕꯅꯤꯅꯦ꯫,ꯅꯪ ꯒꯤ    ꯀꯥꯔ ꯒꯤ    ꯃꯃꯤꯡ    ꯊꯣꯟ ꯒꯗꯕ ꯅꯤ ꯅꯦ ꯫ ,24,10
2560,ꯍꯥꯍꯥ ꯍꯣꯏ,ꯍꯥ ꯍꯥ    ꯍ ꯣꯏ ,7,4
2561,ꯃꯥ ꯑꯦꯊꯤꯅ ꯀꯧꯗꯣꯏꯅꯦ ꯑꯩꯅ꯫,ꯃꯥ    ꯑꯦ ꯊꯤꯅ    ꯀꯧ ꯗ ꯣꯏ ꯅꯦ    ꯑꯩ ꯅ ꯫ ,18,10
2562,"ꯅꯪꯒ ꯑꯃꯁꯨꯡ ꯅꯪꯒꯤ ꯒ꯭ꯔꯤꯛ ꯃꯃꯤꯡꯁꯤꯡꯁꯦꯀꯣ, ꯅꯨꯄꯥ","ꯅꯪ ꯒ    ꯑꯃꯁꯨꯡ    ꯅꯪ ꯒꯤ    ꯒ꯭ꯔꯤꯛ    ꯃꯃꯤꯡ ꯁꯤꯡ ꯁꯦ ꯀꯣ ,    ꯅꯨꯄꯥ ",33,12
2563,ꯑꯣ,ꯑꯣ ,2,1
2564,ꯏꯟꯖꯤꯟꯒꯤ ꯃꯈꯣꯜꯁꯦ꯫,ꯏꯟ ꯖꯤꯟ ꯒꯤ    ꯃꯈꯣ ꯜ ꯁꯦ ꯫ ,14,7
2565,ꯌꯥꯝ ꯅꯩꯔꯦ,ꯌꯥꯝ    ꯅꯩ ꯔꯦ ,7,3
2566,ꯑꯗꯨꯒ ꯁ꯭ꯃꯨꯊꯁꯨ ꯑꯣꯏ꯫,ꯑꯗꯨꯒ    ꯁ꯭ ꯃꯨ ꯊ ꯁꯨ    ꯑꯣꯏ꯫ ,15,6
2567,ꯃꯁꯤ ꯌꯥꯝ ꯁꯥꯊꯤꯅ ꯇꯥꯡꯉꯝꯒꯅꯤ꯫,ꯃꯁꯤ    ꯌꯥꯝ    ꯁꯥꯊꯤꯅ    ꯇꯥꯡ ꯉꯝꯒꯅꯤ꯫ ,20,5
2568,ꯑꯈꯣꯏ ꯕꯥ ꯄꯩꯁꯥ ꯄꯥꯏꯔꯝꯗ꯭ꯔꯗꯤ ꯇꯥꯡꯉꯝꯒꯅꯤ꯫,ꯑꯈ ꯣꯏ    ꯕꯥ    ꯄꯩ ꯁꯥ    ꯄꯥꯏ ꯔꯝ ꯗ꯭ꯔ ꯗꯤ    ꯇꯥꯡ ꯉꯝꯒꯅꯤ꯫ ,29,11
2569,"ꯈꯨꯗꯣꯜꯅꯦ, ꯅꯨꯄꯥ","ꯈꯨꯗꯣ ꯜ ꯅꯦ ,    ꯅꯨꯄꯥ ",12,5
2570,ꯑꯩꯒꯤ ꯇꯣꯂꯣꯕꯁꯤꯗꯗꯤ ꯑꯥꯏꯐꯣꯟ ꯑꯃ ꯐꯥꯎꯕ ꯂꯩꯕ ꯉꯝꯗꯦ ꯑꯩ; ꯐꯦꯔꯥꯔꯤꯒ ꯂꯥꯏꯔꯤ꯫,ꯑ ꯩꯒꯤ    ꯇꯣꯂꯣ ꯕ ꯁꯤ ꯗꯗꯤ    ꯑꯥꯏ ꯐꯣꯟ    ꯑꯃ    ꯐꯥꯎꯕ    ꯂꯩꯕ    ꯉꯝ ꯗꯦ    ꯑꯩ ;    ꯐꯦ ꯔ ꯥꯔꯤ ꯒ    ꯂꯥꯏ ꯔꯤ꯫ ,49,21
2571,ꯑꯗꯨꯅ ꯃꯁꯤ ꯀꯃꯥꯏ ꯇꯧꯋꯤ,ꯑꯗꯨꯅ    ꯃꯁꯤ    ꯀ ꯃꯥꯏ    ꯇꯧꯋꯤ ,15,5
2572,ꯔꯥꯍꯨꯜꯒꯤꯗꯒꯤ ꯍꯦꯟꯅ ꯐꯠꯇ꯭ꯔꯣ ꯁꯤꯅ,ꯔꯥ ꯍꯨ ꯜ ꯒꯤ ꯗꯒꯤ    ꯍꯦꯟꯅ    ꯐ ꯠ ꯇ꯭ꯔꯣ   ꯁꯤꯅ ,23,10
2573,ꯃꯁꯥꯅꯥ ꯇꯥꯕꯅꯤ꯫,ꯃꯁꯥ ꯅꯥ    ꯇꯥ ꯕꯅꯤ꯫ ,11,4
2574,ꯐꯦꯔꯥꯔꯤꯅꯤ ꯀꯩꯅꯣ ꯁꯦ꯫,ꯐꯦ ꯔ ꯥꯔꯤ ꯅꯤ    ꯀꯩ ꯅꯣ    ꯁꯦ ꯫ ,15,8
2575,"""ꯕꯥꯕꯥꯒꯤ ꯒꯤꯐꯠ"" ꯇꯣ ꯃꯅꯤꯡꯗ ꯏꯗꯧꯅꯦ ꯅꯪ꯫",""" ꯕꯥ ꯕꯥ ꯒꯤ    ꯒꯤ ꯐ ꯠ ""    ꯇꯣ    ꯃ ꯅꯤꯡꯗ    ꯏ ꯗꯧ ꯅꯦ    ꯅꯪ ꯫ ",27,16
2576,ꯍꯥꯍꯥ,ꯍꯥ ꯍꯥ ,4,2
2577,ꯁꯤ ꯒꯨꯔꯒꯥꯎꯟ ꯅꯠꯇꯦꯀꯣ꯫,ꯁꯤ    ꯒꯨ ꯔꯒ ꯥꯎꯟ    ꯅꯠꯇꯦ ꯀꯣ ꯫ ,16,7
2578,ꯑꯩꯅ ꯃꯥ ꯄꯨꯊꯣꯛꯄ ꯃꯇꯝ ꯈꯨꯗꯤꯡ ꯏꯀꯥꯏꯕꯅ ꯁꯤꯔꯅꯤ꯫,ꯑꯩ ꯅ    ꯃꯥ    ꯄꯨꯊꯣꯛꯄ    ꯃꯇꯝ    ꯈꯨ ꯗꯤꯡ    ꯏꯀꯥꯏ ꯕꯅ    ꯁꯤ ꯔ ꯅꯤ꯫ ,31,12
2579,ꯃꯤꯁꯤꯡꯁꯦ ꯁꯤꯒꯨꯝꯕ ꯄꯣꯠꯁꯤꯡꯗ ꯌꯥꯝ ꯏꯀꯥꯏꯗ꯭ꯔꯤꯁꯦ ꯀꯃꯥꯏꯅꯅꯣ,ꯃꯤ ꯁꯤꯡ ꯁꯦ    ꯁꯤ ꯒꯨꯝꯕ    ꯄꯣꯠ ꯁꯤꯡꯗ    ꯌꯥꯝ    ꯏꯀꯥꯏ ꯗ꯭ꯔꯤ ꯁꯦ    ꯀ ꯃꯥꯏ ꯅ ꯅꯣ ,40,15
2580,ꯃꯔꯝꯗꯤ ꯃꯣꯏꯒꯤ ꯄꯩꯁꯥ ꯄꯥꯏꯕ ꯃꯄꯥꯁꯤꯡ ꯂꯩꯕꯒꯤ꯫,ꯃꯔꯝꯗꯤ    ꯃ ꯣꯏꯒꯤ    ꯄꯩ ꯁꯥ    ꯄꯥꯏꯕ    ꯃꯄꯥ ꯁꯤꯡ    ꯂꯩꯕ ꯒ ꯤ꯫ ,30,11
2581,ꯍꯥꯍꯥ,ꯍꯥ ꯍꯥ ,4,2
2582,ꯃꯣꯏꯗ ꯑꯍꯦꯟꯕ ꯏꯅꯣꯠ ꯑꯃꯥ ꯄꯤꯕꯥ ꯁꯤꯅ꯫,ꯃ ꯣꯏ ꯗ    ꯑꯍꯦꯟꯕ    ꯏ ꯅꯣ ꯠ    ꯑꯃꯥ    ꯄꯤ ꯕꯥ    ꯁꯤ ꯅ ꯫ ,24,13
2583,"ꯌꯦ, ꯑꯗꯨꯃꯥꯏ ꯑꯣꯏꯔꯝꯕ ꯌꯥꯏ꯫","ꯌꯦ ,    ꯑꯗꯨ ꯃꯥꯏ    ꯑꯣꯏꯔꯝꯕ    ꯌꯥꯏ꯫ ",19,6
2584,"ꯀꯩꯅꯣꯝ ꯆꯥꯅꯕ ꯈꯥꯝꯁꯦ, ꯌꯥꯏꯀꯣ","ꯀꯩ ꯅꯣ ꯝ    ꯆꯥꯅꯕ    ꯈꯥ ꯝ ꯁꯦ ,    ꯌꯥꯏ ꯀꯣ ",20,10
2585,ꯍꯣꯏ,ꯍ ꯣꯏ ,3,2
2586,ꯃꯤꯅ ꯃꯨꯟꯅ ꯌꯦꯡꯉꯤꯁꯦ ꯌꯦꯡꯉꯨ꯫,ꯃꯤꯅ    ꯃꯨ ꯟꯅ    ꯌꯦꯡ ꯉꯤ ꯁꯦ    ꯌꯦꯡ ꯉ ꯨ꯫ ,20,9
2587,ꯌꯥꯝ ꯅꯩꯔꯦ,ꯌꯥꯝ    ꯅꯩ ꯔꯦ ,7,3
2588,"ꯍꯦ ꯔꯥꯍꯨꯜ, ꯑꯩ ꯍꯟꯗꯛꯇ ꯗ ꯀꯥꯁꯃꯤꯔ ꯐꯥꯏꯜ꯭ꯁ ꯑꯗꯨ ꯌꯦꯡꯉꯨꯏ꯫","ꯍꯦ    ꯔꯥ ꯍꯨ ꯜ,    ꯑ ꯩ    ꯍꯟꯗ ꯛꯇ    ꯗ    ꯀꯥ ꯁꯃꯤ ꯔ    ꯐꯥꯏ ꯜ ꯭ꯁ    ꯑꯗꯨ    ꯌꯦꯡ ꯉ ꯨ ꯏ꯫ ",38,20
2589,ꯃꯗꯨꯗ ꯀꯨꯝꯃꯤꯕ ꯃꯤꯑꯣꯏ ꯈꯨꯗꯤꯡꯃꯛ ꯑꯗꯨ ꯀꯌꯥꯗ ꯐꯖꯅ ꯀꯂꯥ ꯄꯥꯡꯊꯣꯛꯈꯔꯕꯅꯣ,ꯃꯗꯨꯗ    ꯀꯨꯝ ꯃꯤ ꯕ    ꯃꯤꯑꯣꯏ    ꯈꯨꯗꯤꯡꯃꯛ    ꯑꯗꯨ    ꯀꯌꯥꯗ    ꯐꯖꯅ    ꯀꯂꯥ    ꯄꯥꯡꯊꯣꯛ ꯈ ꯔꯕ ꯅꯣ ,46,14
2590,ꯑꯩꯗꯤ ꯑꯈꯟꯅꯅ ꯚꯥꯁꯥ ꯁꯨꯝꯕꯂꯤꯒꯤ ꯀꯂꯥ ꯈꯨꯄꯥꯡꯊꯣꯛ ꯑꯗꯨꯗ ꯌꯥꯝꯅ ꯁꯨꯝꯍꯠꯈ꯭ꯔꯕꯅꯦ ꯫,ꯑꯩ ꯗꯤ    ꯑꯈꯟ ꯅꯅ    ꯚꯥ ꯁꯥ    ꯁꯨ ꯝꯕ ꯂꯤꯒꯤ    ꯀꯂꯥ    ꯈꯨ ꯄꯥꯡ ꯊꯣꯛ    ꯑꯗꯨꯗ    ꯌꯥꯝꯅ    ꯁꯨꯝ ꯍ ꯠ ꯈ꯭ꯔ ꯕ ꯅꯦ    ꯫ ,52,22
2591,ꯍꯣꯏ; ꯃꯥꯅ ꯁꯥꯔꯤꯕ ꯁꯛꯇꯝ ꯑꯗꯨ ꯁꯥꯕꯗ ꯌꯥꯝꯅ ꯁꯤꯡꯅꯅꯤꯡꯉꯥꯏ ꯑꯣꯏ ꯫,ꯍ ꯣꯏ ;    ꯃꯥꯅ    ꯁ ꯥꯔꯤꯕ    ꯁꯛꯇꯝ    ꯑꯗꯨ    ꯁꯥ ꯕꯗ    ꯌꯥꯝꯅ    ꯁꯤꯡ ꯅ ꯅꯤꯡꯉꯥꯏ    ꯑꯣꯏ    ꯫ ,41,16
2592,ꯁꯨꯝꯕꯂꯤꯅ ꯁꯥꯔꯗꯥ ꯄꯟꯗꯤꯠꯀꯤ ꯁꯛꯇꯝ ꯁꯥꯕꯗꯨ ꯌꯥꯝꯅ ꯃꯇꯤꯛ ꯆꯥꯅ ꯐꯖꯅ ꯄꯥꯡꯊꯣꯛꯈꯤ꯫,ꯁꯨ ꯝꯕ ꯂꯤꯅ    ꯁꯥꯔ ꯗꯥ    ꯄꯟ ꯗꯤ ꯠꯀꯤ    ꯁꯛꯇꯝ    ꯁꯥ ꯕꯗꯨ    ꯌꯥꯝꯅ    ꯃꯇꯤꯛ    ꯆꯥꯅ    ꯐꯖꯅ    ꯄꯥꯡꯊꯣꯛꯈꯤ꯫ ,51,16
2593,ꯅꯍꯥꯛ ꯁꯨꯝꯕꯂꯤ ꯃꯁꯥ ꯑꯁꯤ ꯀꯥꯁꯃꯤꯔꯤ ꯄꯟꯗꯤꯠꯀꯤ ꯀꯥꯡꯂꯨꯞꯇ ꯆꯟꯕꯅꯤ ꯍꯥꯏꯕꯗꯨ ꯈꯪꯕ꯭ꯔ,ꯅꯍꯥꯛ    ꯁꯨ ꯝꯕ ꯂꯤ    ꯃꯁꯥ    ꯑꯁꯤ    ꯀꯥ ꯁꯃꯤ ꯔꯤ    ꯄꯟ ꯗꯤ ꯠꯀꯤ    ꯀꯥꯡꯂꯨ ꯞꯇ    ꯆꯟ ꯕꯅꯤ    ꯍꯥꯏꯕꯗꯨ    ꯈꯪ ꯕ꯭ꯔ,53,19
2594,"ꯍꯣꯏ, ꯑꯩ ꯃꯗꯨ ꯍꯟꯗꯛꯇ ꯈꯪꯗ ꯉꯥꯏꯔꯤ ꯫","ꯍ ꯣꯏ ,    ꯑ ꯩ    ꯃꯗꯨ    ꯍꯟꯗ ꯛꯇ    ꯈꯪ ꯗ    ꯉꯥꯏ ꯔꯤ    ꯫ ",23,13
2595,ꯑꯩꯗꯤ ꯃꯍꯥꯛꯅ ꯃꯍꯥꯛꯀꯤ ꯑꯍꯥꯟꯕ ꯑꯣꯏꯅ ꯁꯛꯇꯝ ꯂꯥꯡꯕ ꯑꯗꯨꯗ ꯑꯗꯨꯛꯀꯤ ꯃꯇꯤꯛ ꯐꯖꯅ ꯇꯧꯕꯗꯨꯗ ꯉꯛꯏ ꯅꯦ꯫,ꯑꯩ ꯗꯤ    ꯃꯍꯥꯛꯅ    ꯃꯍꯥꯛꯀꯤ    ꯑꯍꯥꯟꯕ    ꯑꯣꯏꯅ    ꯁꯛꯇꯝ    ꯂꯥꯡꯕ    ꯑꯗꯨꯗ    ꯑꯗꯨ ꯛꯀꯤ    ꯃꯇꯤꯛ    ꯐꯖꯅ    ꯇꯧꯕ ꯗꯨꯗ    ꯉꯛ ꯏ    ꯅꯦ ꯫ ,61,19
2596,"ꯍꯩꯃꯥ ꯅꯠꯇꯤꯌꯦ, ꯗ ꯀꯥꯁꯃꯤꯔ ꯐꯥꯏꯜ꯭ꯁ ꯑꯗꯨ ꯁꯨꯝꯕꯂꯤꯒꯤ ꯑꯍꯥꯟꯕ ꯁꯛꯇꯝ ꯂꯥꯡꯕ ꯅꯠꯇꯤꯌꯦ ꯫","ꯍꯩ ꯃꯥ    ꯅꯠ ꯇꯤ ꯌꯦ ,    ꯗ    ꯀꯥ ꯁꯃꯤ ꯔ    ꯐꯥꯏ ꯜ ꯭ꯁ    ꯑꯗꯨ    ꯁꯨ ꯝꯕ ꯂꯤꯒꯤ    ꯑꯍꯥꯟꯕ    ꯁꯛꯇꯝ    ꯂꯥꯡꯕ    ꯅꯠ ꯇꯤ ꯌꯦ   ꯫ ",55,24
2597,ꯃꯍꯥꯛ ꯍꯥꯟꯅ ꯏꯪ ꯲꯰꯲꯰ꯒꯤ ꯃꯃꯤ ꯀꯨꯝꯍꯩ ꯆꯥꯄꯛꯇ ꯑꯄꯤꯛꯄ ꯁꯛꯇꯝ ꯑꯃ ꯂꯥꯡꯈꯤꯕꯅꯦ꯫,ꯃꯍꯥꯛ    ꯍꯥꯟꯅ    ꯏꯪ    ꯲꯰꯲꯰ꯒꯤ    ꯃꯃꯤ    ꯀꯨꯝꯍꯩ    ꯆꯥ ꯄ ꯛꯇ    ꯑꯄꯤꯛꯄ    ꯁꯛꯇꯝ    ꯑꯃ    ꯂꯥꯡ ꯈꯤꯕ ꯅꯦ ꯫ ,49,16
2598,"ꯑꯋꯣꯏꯕꯔꯣ, ꯃꯍꯥꯛꯅ ꯃꯗꯨꯗ ꯁꯛꯇꯝ ꯂꯥꯡꯈꯤꯕ ꯑꯗꯨ ꯀꯥꯔꯤꯅꯣ","ꯑꯋ ꯣꯏ ꯕ ꯔꯣ ,    ꯃꯍꯥꯛꯅ    ꯃꯗꯨꯗ    ꯁꯛꯇꯝ    ꯂꯥꯡ ꯈꯤꯕ    ꯑꯗꯨ    ꯀꯥꯔ ꯤ ꯅꯣ ",36,14
2599,ꯃꯍꯥꯛ ꯃꯥꯜꯇꯤꯒꯤ ꯃꯃꯥꯏꯗ ꯑꯦꯁꯤꯠ ꯂꯪꯈꯤꯕ ꯅꯨꯄꯥ ꯕꯥꯁꯤꯔ ꯈꯥꯟꯒꯤ ꯃꯆꯦꯒꯤ ꯁꯛꯇꯝ ꯂꯥꯡꯈꯤꯕꯅꯦ꯫,ꯃꯍꯥꯛ    ꯃꯥꯜ ꯇꯤꯒꯤ    ꯃꯃ ꯥꯏ ꯗ    ꯑꯦꯁꯤ ꯠ    ꯂꯪ ꯈꯤꯕ    ꯅꯨꯄꯥ    ꯕꯥ ꯁꯤ ꯔ    ꯈꯥꯟꯒꯤ    ꯃꯆꯦ ꯒꯤ    ꯁꯛꯇꯝ    ꯂꯥꯡ ꯈꯤꯕ ꯅꯦ ꯫ ,58,22
2600,"ꯑꯣ ꯑꯗꯨ ꯑꯣꯏꯔꯦ, ꯑꯩꯗꯤ ꯃꯁꯤꯅ ꯃꯍꯥꯛꯀꯤ ꯑꯍꯥꯟꯕ ꯁꯛꯇꯝ ꯂꯥꯡꯕꯅꯦ ꯍꯥꯏꯅ ꯈꯜꯂꯨꯕꯅꯦ ꯫","ꯑꯣ    ꯑꯗꯨ    ꯑꯣꯏ ꯔꯦ ,    ꯑꯩ ꯗꯤ    ꯃꯁꯤꯅ    ꯃꯍꯥꯛꯀꯤ    ꯑꯍꯥꯟꯕ    ꯁꯛꯇꯝ    ꯂꯥꯡ ꯕ ꯅꯦ    ꯍꯥꯏꯅ    ꯈ ꯜꯂꯨ ꯕ ꯅꯦ    ꯫ ",52,20
2601,ꯁꯨꯝꯕꯂꯤꯁꯨ ꯃꯃꯤ ꯀꯨꯝꯍꯩ ꯑꯁꯤꯒꯤ ꯈ꯭ꯋꯥꯏꯗꯒꯤ ꯑꯌꯧꯕ ꯃꯇꯣꯟ ꯑꯗꯨ ꯅꯝꯕ ꯃꯇꯝꯗ ꯀꯞꯈꯤ ꯍꯥꯏꯅ ꯄꯥꯈꯤ꯫,ꯁꯨ ꯝꯕ ꯂꯤ ꯁꯨ    ꯃꯃꯤ    ꯀꯨꯝꯍꯩ    ꯑꯁꯤꯒꯤ    ꯈ꯭ꯋꯥꯏꯗꯒꯤ    ꯑ ꯌ ꯧꯕ    ꯃꯇꯣ ꯟ    ꯑꯗꯨ    ꯅꯝꯕ    ꯃꯇꯝꯗ    ꯀ ꯞ ꯈꯤ    ꯍꯥꯏꯅ    ꯄꯥ ꯈꯤ꯫ ,60,22
2602,"ꯍꯣꯏ, ꯃꯃꯤ ꯀꯨꯝꯍꯩ ꯑꯗꯨꯗ ꯃꯗꯨꯒꯤ ꯃꯇꯥꯡ ꯑꯗꯨ ꯌꯥꯝꯅ ꯀꯥꯍꯦꯟꯅ ꯇꯝꯊꯤꯕ ꯑꯣꯏꯈꯤ ꯑꯃꯁꯨꯡ ꯃꯗꯨ ꯑꯁꯦꯡꯕ ꯑꯣꯏꯅ ꯊꯣꯛꯈꯤꯕ ꯊꯧꯗꯣꯛ ꯑꯃꯗ ꯁꯩꯊꯥꯕꯅꯦ ꯍꯥꯏꯕꯗꯨꯅ ꯁꯛꯇꯝ ꯂꯥꯡꯕꯅ ꯄꯥꯡꯊꯣꯛꯄꯗꯤ ꯂꯥꯏꯔꯗꯅ ꯌꯦꯡꯕꯐꯥꯎꯕ ꯋꯥꯈꯤ ꯫","ꯍ ꯣꯏ ,    ꯃꯃꯤ    ꯀꯨꯝꯍꯩ    ꯑꯗꯨꯗ    ꯃꯗꯨꯒꯤ    ꯃꯇꯥꯡ    ꯑꯗꯨ    ꯌꯥꯝꯅ    ꯀꯥ ꯍꯦꯟꯅ    ꯇꯝ ꯊꯤꯕ    ꯑꯣꯏꯈꯤ    ꯑꯃꯁꯨꯡ    ꯃꯗꯨ    ꯑꯁꯦꯡꯕ    ꯑꯣꯏꯅ    ꯊꯣꯛꯈꯤꯕ    ꯊꯧꯗꯣꯛ    ꯑꯃꯗ    ꯁꯩ ꯊꯥ ꯕ ꯅꯦ    ꯍꯥꯏꯕ ꯗꯨꯅ    ꯁꯛꯇꯝ    ꯂꯥꯡ ꯕꯅ    ꯄꯥꯡꯊꯣꯛ ꯄ ꯗꯤ    ꯂꯥꯏ ꯔ ꯗꯅ    ꯌꯦꯡ ꯕ ꯐꯥꯎꯕ    ꯋꯥ ꯈꯤ    ꯫ ",130,43
2603,ꯅꯍꯥꯛ ꯑꯅꯨꯄꯝ ꯈꯦꯔꯁꯨ ꯀꯥꯁꯃꯤꯔꯤ ꯄꯟꯗꯤꯠꯀꯤ ꯁꯥꯒꯩꯗꯒꯤꯅꯦ ꯍꯥꯏꯕꯗꯨ ꯈꯪꯕ꯭ꯔ,ꯅꯍꯥꯛ    ꯑꯅꯨ ꯄ ꯝ    ꯈꯦ ꯔ ꯁꯨ    ꯀꯥ ꯁꯃꯤ ꯔꯤ    ꯄꯟ ꯗꯤ ꯠꯀꯤ    ꯁꯥꯒꯩ ꯗꯒꯤ ꯅꯦ    ꯍꯥꯏꯕꯗꯨ    ꯈꯪ ꯕ꯭ꯔ,48,19
2604,"ꯍꯣꯏ, ꯃꯥꯒꯤ ꯃꯃꯥꯔꯣꯝꯒꯤ ꯀꯥꯡꯕꯨꯗꯒꯤꯅꯦ ꯫","ꯍ ꯣꯏ ,    ꯃꯥꯒꯤ    ꯃꯃ ꯥꯔ ꯣ ꯝꯒꯤ    ꯀꯥꯡ ꯕꯨꯗ ꯒꯤ ꯅꯦ    ꯫ ",27,13
2605,"ꯑꯗꯨꯒ ꯃꯥꯅ ꯁꯛꯇꯝ ꯂꯥꯡꯉꯤꯕ, ꯄꯨꯁꯀꯥꯔ ꯅꯥꯊ ꯄꯟꯗꯤꯠ, ꯑꯗꯨꯅ ꯃꯥꯒꯤ ꯃꯄꯥꯒꯤ ꯃꯃꯤꯡ ꯂꯧꯗꯨꯅ ꯊꯣꯟꯕꯅꯤ꯫","ꯑꯗꯨꯒ    ꯃꯥꯅ    ꯁꯛꯇꯝ    ꯂꯥꯡ ꯉꯤ ꯕ,    ꯄꯨ ꯁ ꯀꯥꯔ    ꯅꯥꯊ    ꯄꯟ ꯗꯤ ꯠ,    ꯑꯗꯨꯅ    ꯃꯥꯒꯤ    ꯃꯄꯥ ꯒꯤ    ꯃꯃꯤꯡ    ꯂꯧꯗꯨꯅ    ꯊꯣꯟ ꯕꯅꯤ꯫ ",62,21
2606,"ꯃꯍꯥꯛ ꯑꯁꯤ ꯑꯁꯦꯡꯕ ꯃꯃꯤꯔꯣꯏ ꯑꯃꯅꯦ, ꯃꯍꯥꯛꯅ ꯁꯛꯇꯝ ꯂꯥꯡꯕꯒꯤ ꯊꯧꯗꯥꯡ ꯂꯧꯕꯁꯤꯡ ꯑꯁꯤ ꯌꯥꯝꯅ ꯂꯥꯏꯕꯗꯧꯅ ꯎꯌꯦ꯫","ꯃꯍꯥꯛ    ꯑꯁꯤ    ꯑꯁꯦꯡꯕ    ꯃꯃꯤꯔꯣꯏ    ꯑꯃ ꯅꯦ ,    ꯃꯍꯥꯛꯅ    ꯁꯛꯇꯝ    ꯂꯥꯡ ꯕꯒꯤ    ꯊꯧꯗꯥꯡ    ꯂꯧ ꯕꯁꯤꯡ    ꯑꯁꯤ    ꯌꯥꯝꯅ    ꯂꯥꯏ ꯕ ꯗꯧ ꯅ    ꯎ ꯌꯦ ꯫ ",67,23
2607,"ꯍꯣꯏ, ꯅꯍꯥꯛ ꯃꯍꯥꯛꯄꯨ ꯙꯣꯈꯥ, ꯑꯦ ꯋꯦꯗꯅꯦꯁꯗꯦ ꯑꯃꯁꯨꯡ ꯀꯔꯃꯥꯗꯁꯨ ꯌꯦꯡꯒꯗꯧꯕꯅꯦ ꯫","ꯍ ꯣꯏ ,    ꯅꯍꯥꯛ    ꯃꯍꯥꯛꯄꯨ    ꯙꯣ ꯈꯥ ,    ꯑꯦ    ꯋꯦ ꯗ ꯅꯦꯁ ꯗꯦ    ꯑꯃꯁꯨꯡ    ꯀꯔ ꯃꯥ ꯗꯁꯨ    ꯌꯦꯡ ꯒꯗꯧ ꯕ ꯅꯦ    ꯫ ",51,22
2608,ꯁꯤꯟꯐꯝ ꯑꯁꯤꯗ ꯀꯨꯏꯅ ꯊꯕꯛ ꯇꯧꯔꯛꯂꯕ ꯃꯌꯥꯝꯅ ꯄꯨꯟꯁꯤꯟꯕꯅ ꯁꯛꯇꯝ ꯂꯥꯡꯈꯤꯕ ꯑꯁꯤꯅ ꯃꯊꯧ ꯄꯥꯡꯊꯣꯛꯑꯒ ꯄꯤꯔꯛꯄ ꯀꯂꯥꯁꯤꯡ ꯑꯁꯤꯗꯤ ꯌꯥꯝꯅ ꯊꯥꯖꯅꯤꯡꯉꯥꯏ ꯑꯣꯏꯌꯦ ꯫,ꯁꯤꯟꯐꯝ    ꯑꯁꯤꯗ    ꯀꯨꯏꯅ    ꯊꯕꯛ    ꯇꯧ ꯔꯛꯂꯕ    ꯃꯌꯥꯝꯅ    ꯄꯨꯟꯁꯤꯟ ꯕꯅ    ꯁꯛꯇꯝ    ꯂꯥꯡ ꯈꯤꯕ    ꯑꯁꯤꯅ    ꯃꯊꯧ    ꯄꯥꯡꯊꯣꯛ ꯑ ꯒ    ꯄꯤ ꯔꯛꯄ    ꯀꯂꯥ ꯁꯤꯡ    ꯑꯁꯤ ꯗꯤ    ꯌꯥꯝꯅ    ꯊꯥꯖ ꯅꯤꯡꯉꯥꯏ    ꯑꯣꯏ ꯌꯦ   ꯫ ,95,29
2609,ꯄꯨꯅꯤꯠ ꯏ꯭ꯁꯁꯥꯔꯕꯨ ꯗꯤꯒꯤꯄꯤ ꯍꯥꯔꯤ ꯅꯥꯔꯥꯌꯟ ꯑꯣꯏꯅ ꯎꯕꯗꯨ ꯌꯥꯝꯅ ꯅꯨꯉꯥꯏꯌꯦ ꯫,ꯄꯨ ꯅꯤ ꯠ    ꯏ ꯭ꯁ ꯁꯥꯔ ꯕꯨ    ꯗꯤ ꯒꯤ ꯄꯤ    ꯍꯥꯔ ꯤ    ꯅꯥꯔꯥ ꯌꯟ    ꯑꯣꯏꯅ    ꯎ ꯕꯗꯨ    ꯌꯥꯝꯅ    ꯅꯨ ꯉꯥꯏ ꯌꯦ   ꯫ ,49,22
2610,ꯃꯍꯥꯛ ꯕꯤ,ꯃꯍꯥꯛ    ꯕꯤ ,6,2
2611,ꯑꯥꯔ ꯆꯣꯄ꯭ꯔꯥꯒꯤ ꯃꯍꯥꯚꯥꯔꯠꯇ ꯗꯨꯔꯌꯣꯙꯟ ꯁꯥꯈꯤꯕ ꯅꯠꯇ꯭ꯔꯥ,ꯑꯥꯔ   ꯆꯣ ꯄ꯭ꯔ ꯥꯒꯤ    ꯃꯍꯥ ꯚꯥꯔꯠꯇ    ꯗꯨꯔ ꯌꯣ ꯙ ꯟ    ꯁꯥꯈꯤꯕ    ꯅꯠꯇ꯭ꯔ ꯥ ,37,13
2612,"ꯍꯣꯏ ꯃꯍꯥꯛ ꯁꯥꯈꯤꯌꯦ, ꯑꯗꯨꯒ ꯃꯤꯊꯨꯟ ꯆꯥꯀ꯭ꯔꯥꯕꯣꯔꯇꯤꯅ ꯑꯥꯏꯑꯦꯑꯦꯁ ꯐꯝꯅꯥꯏꯕ ꯕ꯭ꯔꯥꯍꯃꯥ ꯗꯠ ꯑꯣꯏꯅ ꯁꯥꯕꯁꯨ ꯂꯩꯔꯤ ꯫","ꯍ ꯣꯏ    ꯃꯍꯥꯛ    ꯁꯥ ꯈꯤ ꯌꯦ ,    ꯑꯗꯨꯒ    ꯃꯤ ꯊꯨ ꯟ    ꯆꯥ ꯀ꯭ꯔꯥ ꯕꯣꯔ ꯇꯤꯅ    ꯑꯥꯏ ꯑꯦ ꯑꯦꯁ   ꯐꯝ ꯅꯥꯏꯕ    ꯕ꯭ꯔꯥꯍ ꯃꯥ    ꯗ ꯠ    ꯑꯣꯏꯅ    ꯁꯥ ꯕꯁꯨ    ꯂꯩꯔꯤ    ꯫ ",72,29
2613,ꯅꯧꯅ ꯀꯨꯝꯃꯛꯄꯁꯤꯡ ꯑꯥꯃꯟ ꯏꯛꯕꯥꯜ ꯑꯃꯁꯨꯡ ꯗꯔꯁꯟ ꯀꯨꯃꯥꯔ ꯃꯈꯣꯏꯁꯨ ꯌꯥꯝꯅ ꯐꯥꯎꯔꯛꯀꯅꯤ꯫,ꯅꯧꯅ    ꯀꯨꯝ ꯃꯛ ꯄꯁꯤꯡ    ꯑꯥ ꯃꯟ    ꯏ ꯛ ꯕꯥ ꯜ    ꯑꯃꯁꯨꯡ    ꯗꯔ ꯁꯟ    ꯀꯨꯃꯥꯔ    ꯃꯈꯣꯏ ꯁꯨ    ꯌꯥꯝꯅ    ꯐꯥꯎ ꯔꯛ ꯀꯅꯤ꯫ ,54,20
2614,ꯂꯝ ꯑꯁꯤꯗ ꯀꯨꯏꯅ ꯊꯧꯗꯥꯡ ꯂꯧꯔꯛꯂꯕ ꯃꯃꯤꯔꯣꯏꯁꯤꯡꯅ ꯑꯩꯍꯥꯛꯄꯨ ꯃꯔꯤꯅꯥꯜ ꯀꯨꯜꯀꯔꯅꯤꯅ ꯂꯛ꯭ꯁꯃꯤ ꯗꯠ ꯑꯣꯏꯕꯗꯨ ꯅꯤꯡꯖꯪꯍꯜꯂꯦ꯫,ꯂꯝ    ꯑꯁꯤꯗ    ꯀꯨꯏꯅ    ꯊꯧꯗꯥꯡ    ꯂꯧ ꯔꯛꯂꯕ    ꯃꯃꯤꯔꯣꯏ ꯁꯤꯡꯅ    ꯑꯩꯍꯥꯛ ꯄꯨ    ꯃꯔꯤ ꯅꯥ ꯜ    ꯀꯨ ꯜ ꯀꯔ ꯅꯤꯅ    ꯂꯛ ꯭ꯁ ꯃꯤ    ꯗ ꯠ    ꯑꯣꯏ ꯕꯗꯨ    ꯅꯤꯡ ꯖꯪ ꯍꯜ ꯂꯦ꯫ ,76,28
2615,ꯑꯩꯅ ꯃꯍꯥꯛꯄꯨ ꯁꯣꯟ ꯄꯥꯔꯤꯗ ꯌꯥꯝꯅ ꯄꯥꯝꯃꯝꯃꯦ꯫,ꯑꯩ ꯅ    ꯃꯍꯥꯛꯄꯨ    ꯁꯣ ꯟ    ꯄꯥꯔꯤ ꯗ    ꯌꯥꯝꯅ    ꯄꯥꯝ ꯃꯝ ꯃꯦ ꯫ ,29,12
2616,ꯄꯜꯂꯥꯕꯤ ꯖꯣꯁꯤꯒꯤ ꯁꯛꯇꯝ ꯂꯥꯡꯕ ꯄꯥꯡꯊꯣꯛꯄ ꯑꯗꯨꯁꯨ ꯌꯥꯝꯅ ꯅꯥꯜꯂꯦ ꯫,ꯄ ꯜꯂꯥ ꯕꯤ    ꯖꯣ ꯁꯤꯒꯤ    ꯁꯛꯇꯝ    ꯂꯥꯡꯕ    ꯄꯥꯡꯊꯣꯛꯄ    ꯑꯗꯨꯁꯨ    ꯌꯥꯝꯅ    ꯅꯥꯜ ꯂꯦ    ꯫ ,42,13
2617,"ꯃꯃꯤ ꯀꯨꯝꯍꯩ ꯑꯗꯨꯕꯨ ꯌꯦꯡꯉꯨꯕ ꯃꯤꯑꯣꯏ ꯄꯨꯝꯅꯃꯛꯅ ꯄ꯭ꯔꯣꯐꯦꯁꯔ ꯔꯥꯙꯤꯀꯥ ꯃꯦꯅꯟꯕꯨ ꯅꯨꯡꯁꯤꯗꯦ, ꯃꯗꯨ ꯃꯍꯥꯛꯀꯤ ꯌꯥꯝꯅ ꯍꯦꯟꯊꯣꯏꯔꯕ ꯁꯛꯇꯝ ꯂꯥꯡꯕꯒꯤ ꯊꯧꯗꯥꯡ ꯑꯗꯨꯅꯅꯤ꯫","ꯃꯃꯤ    ꯀꯨꯝꯍꯩ    ꯑꯗꯨꯕꯨ    ꯌꯦꯡ ꯉ ꯨ ꯕ    ꯃꯤꯑꯣꯏ    ꯄꯨꯝꯅꯃꯛꯅ    ꯄ꯭ꯔꯣꯐꯦꯁ ꯔ    ꯔꯥ ꯙꯤ ꯀꯥ    ꯃꯦ ꯅꯟ ꯕꯨ    ꯅꯨꯡꯁꯤ ꯗꯦ,    ꯃꯗꯨ    ꯃꯍꯥꯛꯀꯤ    ꯌꯥꯝꯅ    ꯍꯦꯟ ꯊꯣꯏ ꯔꯕ    ꯁꯛꯇꯝ    ꯂꯥꯡ ꯕꯒꯤ    ꯊꯧꯗꯥꯡ    ꯑꯗꯨ ꯅ ꯅꯤ꯫ ",102,32
2618,ꯑꯋꯣꯏꯕ,ꯑꯋ ꯣꯏ ꯕ ,5,3
2619,ꯃꯃꯤ ꯀꯨꯝꯍꯩꯗ ꯐꯠꯇꯕ ꯁꯛꯇꯝ ꯂꯥꯡꯕ ꯁꯥꯕꯁꯤ ꯑꯔꯥꯏꯕ ꯅꯠꯇꯦ ꯑꯗꯨꯕꯨ ꯖꯣꯁꯤꯗꯤ ꯐꯥꯖꯅ ꯁꯥꯏ꯫,ꯃꯃꯤ    ꯀꯨꯝꯍꯩꯗ    ꯐꯠꯇꯕ    ꯁꯛꯇꯝ    ꯂꯥꯡꯕ    ꯁꯥ ꯕ ꯁꯤ    ꯑꯔ ꯥꯏ ꯕ    ꯅꯠꯇꯦ    ꯑꯗꯨꯕꯨ    ꯖꯣ ꯁꯤ ꯗꯤ    ꯐꯥ ꯖꯅ    ꯁꯥꯏ ꯫ ,54,20
2620,ꯃꯍꯥꯛꯀꯤ ꯃꯃꯤ ꯀꯨꯝꯍꯩ ꯑꯗꯨꯗ ꯊꯣꯛꯂꯛꯄ ꯑꯗꯨ ꯌꯥꯝꯅ ꯑꯀꯛꯅꯩ ꯑꯗꯨꯕꯨ ꯃꯍꯥꯛꯅ ꯂꯥꯡꯉꯤꯕ ꯁꯛꯇꯝ ꯑꯗꯨꯅ ꯌꯥꯝꯅ ꯀꯟꯕ ꯏꯊꯤꯜꯗꯤ ꯄꯤ꯫,ꯃꯍꯥꯛꯀꯤ    ꯃꯃꯤ    ꯀꯨꯝꯍꯩ    ꯑꯗꯨꯗ    ꯊꯣꯛꯂꯛꯄ    ꯑꯗꯨ    ꯌꯥꯝꯅ    ꯑꯀ ꯛ ꯅꯩ    ꯑꯗꯨꯕꯨ    ꯃꯍꯥꯛꯅ    ꯂꯥꯡ ꯉꯤ ꯕ    ꯁꯛꯇꯝ    ꯑꯗꯨꯅ    ꯌꯥꯝꯅ    ꯀꯟꯕ    ꯏꯊꯤ ꯜ ꯗꯤ    ꯄꯤ꯫ ,76,23
2621,ꯃꯃꯤꯔꯣꯏ ꯈꯨꯗꯤꯡꯃꯛ ꯃꯈꯣꯏꯒꯤ ꯇꯥꯡꯀꯛ ꯑꯗꯨ ꯌꯥꯝꯅ ꯍꯩꯊꯣꯏ-ꯁꯤꯡꯊꯣꯏꯅ ꯄꯥꯡꯊꯣꯛꯈꯔꯦ꯫,ꯃꯃꯤꯔꯣꯏ    ꯈꯨꯗꯤꯡꯃꯛ    ꯃꯈꯣꯏꯒꯤ    ꯇꯥꯡꯀꯛ    ꯑꯗꯨ    ꯌꯥꯝꯅ    ꯍꯩ ꯊꯣꯏ -ꯁꯤꯡ ꯊꯣꯏ ꯅ    ꯄꯥꯡꯊꯣꯛ ꯈ ꯔꯦ꯫ ,54,14
2622,"ꯌꯥꯏꯐꯔꯕ ꯅꯨꯃꯤꯠ ꯑꯣꯏꯕꯤꯌꯨ ꯑꯣꯖꯥ, ꯑꯃꯁꯨꯡ ꯑꯥꯔꯇꯤꯁꯠꯀꯤ ꯒꯦꯜꯂꯦꯔꯤꯌꯥꯗ ꯇꯔꯥꯝꯅ ꯑꯣꯛꯆꯔꯤ꯫","ꯌꯥꯏ ꯐ ꯔꯕ    ꯅꯨꯃꯤꯠ    ꯑꯣꯏ ꯕꯤꯌꯨ    ꯑꯣ ꯖꯥ ,    ꯑꯃꯁꯨꯡ    ꯑꯥꯔꯇꯤ ꯁꯠꯀꯤ    ꯒꯦ ꯜ ꯂꯦ ꯔꯤ ꯌꯥꯗ    ꯇꯔꯥ ꯝꯅ    ꯑꯣꯛ ꯆ ꯔꯤ꯫ ",59,22
2623,"ꯊꯥꯒꯠꯆꯔꯤ, ꯁꯣꯝ ꯎꯅꯕ ꯅꯨꯉꯥꯏꯔꯦ","ꯊꯥꯒꯠ ꯆ ꯔꯤ,    ꯁꯣ ꯝ    ꯎ ꯅꯕ    ꯅꯨ ꯉꯥꯏ ꯔꯦ ",21,10
2624,ꯁꯣꯝ ꯃꯇꯦꯡ ꯈꯔ ꯄꯥꯝꯕꯤꯒꯗꯔꯥ,ꯁꯣ ꯝ    ꯃꯇꯦꯡ    ꯈꯔ    ꯄꯥꯝꯕꯤ ꯒ ꯗꯔ ꯥ ,18,8
2625,"ꯑꯍꯣꯏ, ꯄꯥꯃꯖꯒꯅꯤ ꯫","ꯑꯍ ꯣꯏ ,    ꯄꯥ ꯃ ꯖ ꯒꯅꯤ    ꯫ ",13,8
2626,"ꯑꯣꯖꯥ, ꯑꯩꯈꯣꯏꯅ ꯃꯈꯜ ꯀꯌꯥꯒꯤ ꯀꯂꯥ ꯂꯩ ꯍꯥꯏꯅ ꯍꯥꯏꯕ ꯌꯥꯏ꯫","ꯑꯣ ꯖꯥ ,    ꯑꯩꯈꯣꯏꯅ    ꯃꯈꯜ    ꯀꯌꯥꯒꯤ    ꯀꯂꯥ    ꯂꯩ    ꯍꯥꯏꯅ    ꯍꯥꯏꯕ    ꯌꯥꯏ꯫ ",36,11
2627,ꯀꯂꯥꯒꯤ ꯈꯦꯠꯅꯕ ꯃꯈꯜꯁꯤꯡ ꯑꯗꯨ ꯀꯥꯔꯤ ꯀꯥꯔꯤꯅꯣ,ꯀ ꯂꯥꯒꯤ    ꯈꯦꯠꯅꯕ    ꯃꯈꯜꯁꯤꯡ    ꯑꯗꯨ    ꯀꯥꯔ ꯤ    ꯀꯥꯔ ꯤ ꯅꯣ ,29,10
2628,ꯀꯂꯥꯒꯤ ꯈꯦꯠꯅꯕ ꯃꯈꯜ ꯇꯥꯔꯦꯠ ꯂꯩ ꯫,ꯀ ꯂꯥꯒꯤ    ꯈꯦꯠꯅꯕ    ꯃꯈꯜ    ꯇꯥꯔ ꯦ ꯠ    ꯂꯩ    ꯫ ,21,9
2629,"ꯂꯥꯏ ꯌꯦꯛꯄ, ꯂꯥꯏ ꯍꯛꯄ, ꯈꯣꯏꯔꯤꯔꯣꯜ, ꯌꯨꯝꯁꯥ-ꯀꯩꯁꯥꯒꯤ ꯃꯥꯑꯣꯡ, ꯃꯃꯤ ꯀꯨꯝꯍꯩ, ꯏꯁꯩ-ꯅꯣꯡꯃꯥꯏ ꯑꯃꯁꯨꯡ ꯐꯝꯕꯥꯛ ꯀꯨꯝꯍꯩ ꯑꯁꯤ ꯃꯈꯣꯏꯒꯤ ꯃꯔꯛꯇ ꯌꯥꯎꯋꯤ ꯫","ꯂꯥꯏ    ꯌꯦ ꯛꯄ ,    ꯂꯥꯏ    ꯍꯛ ꯄ,    ꯈꯣꯏ ꯔꯤ ꯔꯣ ꯜ,    ꯌꯨꯝꯁꯥ-ꯀꯩ ꯁꯥꯒꯤ    ꯃꯥ ꯑꯣ ꯡ,    ꯃꯃꯤ    ꯀꯨꯝꯍꯩ ,    ꯏꯁꯩ-ꯅꯣꯡꯃꯥꯏ    ꯑꯃꯁꯨꯡ    ꯐꯝꯕ ꯥꯛ    ꯀꯨꯝꯍꯩ    ꯑꯁꯤ    ꯃꯈꯣꯏꯒꯤ    ꯃꯔꯛꯇ    ꯌꯥꯎꯋꯤ    ꯫ ",95,29
2630,ꯑꯣ ꯑꯗꯨꯗꯤ ꯌꯥꯝꯅ ꯐꯩ,ꯑꯣ    ꯑꯗꯨꯗꯤ    ꯌꯥꯝꯅ    ꯐ ꯩ ,13,5
2631,"ꯑꯩꯈꯣꯏꯅ ꯀꯂꯥ ꯍꯥꯏꯅ ꯈꯟꯕ ꯃꯇꯝꯗ, ꯑꯩꯈꯣꯏꯒꯤ ꯋꯥꯈꯜꯗ ꯏꯍꯥꯅ ꯍꯥꯟꯅ ꯊꯣꯛꯂꯛꯄ ꯑꯁꯤ ꯂꯥꯏ ꯌꯦꯛꯄꯅꯤ ꯫","ꯑꯩꯈꯣꯏꯅ    ꯀꯂꯥ    ꯍꯥꯏꯅ    ꯈꯟꯕ    ꯃꯇꯝꯗ,    ꯑꯩꯈ ꯣꯏꯒꯤ    ꯋꯥꯈ ꯜꯗ    ꯏ ꯍꯥ ꯅ    ꯍꯥꯟꯅ    ꯊꯣꯛꯂꯛꯄ    ꯑꯁꯤ    ꯂꯥꯏ    ꯌꯦ ꯛꯄ ꯅꯤ    ꯫ ",60,20
2632,ꯂꯥꯏ ꯌꯦꯛꯄꯒꯤ ꯈ꯭ꯋꯥꯏꯗꯒꯤ ꯃꯔꯨ ꯑꯣꯏꯕ ꯃꯥꯒꯨꯟꯁꯤꯡ ꯑꯁꯤ ꯀꯔꯤ ꯀꯔꯤꯅꯣ,ꯂꯥꯏ    ꯌꯦꯛ ꯄꯒꯤ    ꯈ꯭ꯋꯥꯏꯗꯒꯤ    ꯃꯔꯨ    ꯑꯣꯏꯕ    ꯃꯥ ꯒꯨ ꯟꯁꯤꯡ    ꯑꯁꯤ    ꯀꯔꯤ    ꯀꯔꯤ ꯅꯣ ,43,13
2633,ꯂꯥꯏ ꯌꯦꯛꯄ ꯍꯥꯏꯕꯁꯤ ꯃꯔꯨ ꯑꯣꯏꯅ ꯔꯪꯒꯤ ꯈꯨꯠꯊꯥꯡꯗ ꯅꯍꯥꯛꯀꯤ ꯍꯩꯁꯤꯡꯕ ꯈꯨꯠꯅꯥꯏꯕꯒꯤ ꯀꯂꯥ ꯑꯗꯨ ꯋꯥꯈꯜꯅ ꯂꯥꯛꯄ ꯁꯛꯇꯝꯗ ꯐꯣꯡꯗꯣꯛꯄꯅꯤ ꯫,ꯂꯥꯏ    ꯌꯦꯛꯄ    ꯍꯥꯏꯕꯁꯤ    ꯃꯔꯨ    ꯑꯣꯏꯅ    ꯔ ꯪꯒꯤ    ꯈꯨꯠꯊꯥꯡꯗ    ꯅꯍꯥꯛꯀꯤ    ꯍꯩꯁꯤꯡ ꯕ    ꯈꯨꯠ ꯅꯥꯏ ꯕꯒꯤ    ꯀꯂꯥ    ꯑꯗꯨ    ꯋꯥꯈ ꯜꯅ    ꯂꯥꯛꯄ    ꯁꯛꯇ ꯝꯗ    ꯐꯣꯡꯗꯣꯛ ꯄꯅꯤ    ꯫ ,82,24
2634,"ꯔꯪ ꯑꯁꯤ ꯕ꯭ꯔꯁꯅ ꯇꯩꯕ, ꯇꯩꯁꯟꯕ, ꯇꯞꯅ ꯇꯞꯅ ꯅꯝꯗꯨꯅ ꯑꯃꯁꯨꯡ ꯆꯥꯏꯗꯨꯅ ꯃꯈꯜ ꯃꯈꯜꯒꯤ ꯃꯥꯑꯣꯡꯗ ꯇꯩꯕ ꯌꯥꯏ ꯫","ꯔ ꯪ    ꯑꯁꯤ    ꯕ꯭ꯔ ꯁꯅ    ꯇꯩ ꯕ,    ꯇꯩ ꯁꯟ ꯕ,    ꯇꯞꯅ    ꯇꯞꯅ    ꯅꯝ ꯗꯨꯅ    ꯑꯃꯁꯨꯡ    ꯆꯥꯏ ꯗꯨꯅ    ꯃꯈꯜ    ꯃꯈꯜꯒꯤ    ꯃꯥ ꯑꯣ ꯡꯗ    ꯇꯩ ꯕ    ꯌꯥꯏ    ꯫ ",63,26
2635,ꯂꯥꯏ ꯌꯦꯛꯄꯒꯤ ꯇꯣꯉꯥꯟ ꯇꯣꯉꯥꯟꯕ ꯃꯈꯜꯁꯤꯡ ꯑꯗꯨ ꯀꯔꯤꯅꯣ,ꯂꯥꯏ    ꯌꯦꯛ ꯄꯒꯤ    ꯇꯣꯉꯥꯟ    ꯇꯣꯉꯥꯟꯕ    ꯃꯈꯜꯁꯤꯡ    ꯑꯗꯨ    ꯀꯔꯤ ꯅꯣ ,34,9
2636,"ꯃꯣꯗꯔꯅꯤꯁꯠ, ꯏꯛꯄ꯭ꯔꯦꯁꯁꯟꯅꯤꯁ, ꯀꯂꯥꯁꯤꯀꯦꯜ, ꯁꯔꯤꯌꯦꯜ, ꯀ꯭ꯌꯨꯕꯤꯁꯠ, ꯆꯥꯏꯅꯤꯁ ꯃꯥꯑꯣꯡ, ꯑꯦꯕꯁ꯭ꯇꯔꯦꯛ, ꯏꯝꯄ꯭ꯔꯦꯁꯟꯅꯤꯁꯠ ꯑꯃꯁꯨꯡ ꯃꯈꯜ ꯀꯌꯥ ꯑꯃ ꯍꯦꯟꯅ ꯌꯥꯎꯗꯨꯅ ꯂꯥꯏ ꯌꯦꯛꯄꯒꯤ ꯃꯈꯜ ꯀꯌꯥ ꯑꯃ ꯂꯩ ꯫","ꯃꯣ ꯗꯔ ꯅꯤ ꯁ ꯠ,    ꯏ ꯛ ꯄ꯭ꯔꯦꯁ ꯁꯟ ꯅꯤ ꯁ,    ꯀꯂꯥ ꯁꯤ ꯀꯦ ꯜ,    ꯁ ꯔꯤ ꯌꯦ ꯜ,    ꯀ꯭ꯌꯨ ꯕꯤꯁ ꯠ,    ꯆꯥꯏ ꯅꯤꯁ    ꯃꯥ ꯑꯣ ꯡ,    ꯑꯦ ꯕ ꯁ꯭ꯇ ꯔꯦ ꯛ,    ꯏꯝ ꯄ꯭ꯔ ꯦꯁꯟ ꯅꯤ ꯁꯠ    ꯑꯃꯁꯨꯡ    ꯃꯈꯜ    ꯀꯌꯥ    ꯑꯃ    ꯍꯦꯟꯅ    ꯌꯥꯎ ꯗꯨꯅ    ꯂꯥꯏ    ꯌꯦꯛ ꯄꯒꯤ    ꯃꯈꯜ    ꯀꯌꯥ    ꯑꯃ    ꯂꯩ    ꯫ ",124,52
2637,ꯐꯥꯔꯦ ꯫ ꯑꯅꯤꯁꯨꯕ - ꯂꯥꯏ ꯍꯛꯄ ꯑꯁꯤꯒꯤꯗꯤ ꯀꯃꯥꯏꯅ ꯇꯧꯕ,ꯐꯥꯔ ꯦ    ꯫    ꯑꯅꯤꯁꯨꯕ    -    ꯂꯥꯏ    ꯍ ꯛꯄ    ꯑꯁꯤ ꯒꯤ ꯗꯤ    ꯀ ꯃꯥꯏ ꯅ    ꯇꯧꯕ ,33,15
2638,ꯂꯥꯏ ꯍꯛꯄ ꯑꯁꯤ ꯄꯨꯋꯥꯔꯤꯒꯤ ꯇꯥꯡꯀꯛꯀꯤ ꯃꯃꯥꯡꯒꯤ ꯃꯇꯝ ꯑꯣꯏꯕ ꯑꯔꯤꯕ ꯃꯈꯜꯒꯤ ꯃꯤꯠꯅ ꯌꯦꯡꯕꯒꯤ ꯀꯂꯥꯅꯤ ꯫,ꯂꯥꯏ    ꯍ ꯛꯄ    ꯑꯁꯤ    ꯄꯨꯋꯥꯔꯤꯒꯤ    ꯇꯥꯡꯀ ꯛꯀꯤ    ꯃꯃꯥꯡꯒꯤ    ꯃꯇꯝ    ꯑꯣꯏꯕ    ꯑꯔꯤꯕ    ꯃꯈꯜꯒꯤ    ꯃꯤ ꯠꯅ    ꯌꯦꯡ ꯕꯒꯤ    ꯀꯂꯥ ꯅꯤ    ꯫ ,62,19
2639,"ꯂꯥꯏ ꯍꯛꯄ ꯑꯁꯤ ꯂꯩꯈꯣꯝ, ꯅꯨꯡ, ꯁꯦꯔꯥꯃꯤꯛꯁꯤꯡ, ꯌꯣꯠꯁꯤꯡ ꯅꯠꯇ꯭ꯔꯒ ꯎꯒꯨꯝꯕ ꯊꯥꯏꯅꯒꯤ ꯄꯣꯠꯁꯤꯡꯅ ꯁꯥꯕ ꯃꯥꯏꯀꯩ ꯑꯥꯍꯨꯝꯒꯤ ꯃꯆꯥꯎ-ꯃꯔꯥꯛ ꯌꯥꯎꯕ ꯃꯤꯠꯌꯦꯡꯗ ꯎꯕ ꯃꯥꯃꯤ ꯅꯤ ꯫","ꯂꯥꯏ    ꯍ ꯛꯄ    ꯑꯁꯤ    ꯂꯩ ꯈꯣꯝ ,    ꯅꯨꯡ ,    ꯁꯦ ꯔꯥ ꯃꯤ ꯛ ꯁꯤꯡ,    ꯌꯣ ꯠꯁꯤꯡ    ꯅꯠꯇ꯭ꯔꯒ    ꯎ ꯒꯨꯝꯕ    ꯊꯥꯏ ꯅꯒꯤ    ꯄꯣꯠ ꯁꯤꯡꯅ    ꯁꯥꯕ    ꯃꯥꯏꯀꯩ    ꯑꯥ ꯍꯨꯝ ꯒꯤ    ꯃ ꯆꯥꯎ -ꯃꯔ ꯥꯛ    ꯌꯥꯎꯕ    ꯃꯤꯠ ꯌꯦꯡ ꯗ    ꯎꯕ    ꯃꯥ ꯃꯤ    ꯅꯤ    ꯫ ",104,41
2640,ꯊꯥꯏꯅꯉꯥꯏꯒꯤ ꯑꯍꯛꯄꯁꯤꯡꯗ ꯈ꯭ꯋꯥꯏꯗꯒꯤ ꯃꯃꯤꯡ ꯆꯠꯄ ꯈꯔ ꯑꯁꯤ ꯀꯅꯥ ꯀꯅꯥꯅꯣ,ꯊꯥꯏ ꯅ ꯉꯥꯏ ꯒꯤ    ꯑꯍ ꯛꯄ ꯁꯤꯡꯗ    ꯈ꯭ꯋꯥꯏꯗꯒꯤ    ꯃꯃꯤꯡ    ꯆꯠꯄ    ꯈꯔ    ꯑꯁꯤ    ꯀ ꯅꯥ    ꯀꯅꯥ ꯅꯣ ,45,16
2641,ꯃꯥꯏꯀꯦꯜꯑꯦꯟꯖꯦꯂꯣ ꯑꯃꯁꯨꯡ ꯃꯥꯏꯔꯣꯟ ꯑꯁꯤ ꯃꯤꯌꯥꯝꯅ ꯃꯁꯛ ꯈꯪꯅꯕ ꯀꯂꯥꯁꯁꯤꯀꯦꯜ ꯂꯥꯏ ꯍꯛꯄ ꯑꯅꯤꯅꯤ ꯫,ꯃꯥꯏ ꯀꯦ ꯜ ꯑꯦꯟ ꯖꯦ ꯂꯣ    ꯑꯃꯁꯨꯡ    ꯃꯥꯏ ꯔꯣ ꯟ    ꯑꯁꯤ    ꯃꯤꯌꯥꯝꯅ    ꯃꯁꯛ    ꯈꯪꯅꯕ    ꯀꯂꯥ ꯁ ꯁꯤ ꯀꯦꯜ    ꯂꯥꯏ    ꯍ ꯛꯄ    ꯑꯅꯤ ꯅꯤ    ꯫ ,61,24
2642,"ꯈꯣꯏꯔꯤꯔꯣꯟꯅ ꯑꯍꯨꯝ ꯁꯨꯕꯅꯤ, ꯅꯠꯇ꯭ꯔꯥ","ꯈꯣꯏ ꯔꯤ ꯔꯣ ꯟꯅ    ꯑꯍꯨꯝ    ꯁꯨ ꯕ ꯅꯤ,    ꯅꯠꯇ꯭ꯔ ꯥ ",25,10
2643,ꯑꯣꯖꯥ ꯑꯍꯣꯏ ꯫ ꯋꯥꯈꯜꯅ ꯁꯥꯒꯠꯄ ꯃꯥꯑꯣꯡ ꯈꯨꯗꯤꯡꯃꯛꯀꯤ ꯋꯥꯔꯤ ꯑꯃ ꯂꯩ꯫,ꯑꯣ ꯖꯥ    ꯑꯍ ꯣꯏ    ꯫    ꯋꯥꯈ ꯜꯅ    ꯁꯥꯒꯠ ꯄ    ꯃꯥ ꯑꯣ ꯡ    ꯈꯨꯗꯤꯡꯃꯛꯀꯤ    ꯋꯥꯔꯤ    ꯑꯃ    ꯂꯩ꯫ ,42,16
2644,ꯑꯃꯔꯣꯝꯗꯅ ꯈꯣꯏꯔꯤꯔꯣꯜ ꯑꯁꯤꯅ ꯄꯥꯕ ꯌꯥꯕ ꯅꯠꯇ꯭ꯔꯒ ꯉꯥꯡꯕ ꯌꯥꯕ ꯂꯣꯟꯒꯤ ꯀꯂꯥ ꯅꯤ ꯫,ꯑꯃ ꯔꯣ ꯝ ꯗꯅ    ꯈꯣꯏ ꯔꯤ ꯔꯣꯜ    ꯑꯁꯤꯅ    ꯄꯥꯕ    ꯌꯥꯕ    ꯅꯠꯇ꯭ꯔꯒ    ꯉꯥꯡ ꯕ    ꯌꯥꯕ    ꯂꯣꯟꯒꯤ    ꯀꯂꯥ    ꯅꯤ    ꯫ ,49,18
2645,ꯃꯗꯨꯃꯛꯅꯤ ꯫ ꯌꯨꯝꯁꯥ-ꯀꯩꯁꯥꯔꯣꯟ ꯑꯁꯤꯅ ꯇꯣꯉꯥꯟꯕ ꯃꯈꯜꯒꯤ ꯀꯂꯥ ꯑꯃꯅꯤ; ꯃꯁꯤ ꯌꯨꯝꯒꯤ ꯃꯥꯑꯣꯡ ꯁꯥꯕꯒꯤ ꯀꯂꯥꯅꯤ ꯫ ꯑꯩꯁꯦ ꯆꯨꯝꯕ꯭ꯔꯥ,ꯃꯗꯨ ꯃꯛ ꯅꯤ    ꯫    ꯌꯨꯝꯁꯥ-ꯀꯩ ꯁꯥꯔ ꯣ ꯟ    ꯑꯁꯤꯅ    ꯇꯣꯉꯥꯟꯕ    ꯃꯈꯜꯒꯤ    ꯀꯂꯥ    ꯑꯃ ꯅꯤ ;    ꯃꯁꯤ    ꯌꯨꯝꯒꯤ    ꯃꯥ ꯑꯣ ꯡ    ꯁꯥꯕꯒꯤ    ꯀꯂꯥ ꯅꯤ    ꯫    ꯑꯩ ꯁꯦ    ꯆꯨꯝ ꯕ꯭ꯔꯥ ,79,28
2646,ꯆꯨꯝꯃꯤ ꯑꯣꯖꯥ,ꯆꯨꯝ ꯃꯤ    ꯑꯣ ꯖꯥ ,9,4
2647,"ꯗ ꯒ꯭ꯔꯦꯠ ꯄꯤꯔꯥꯃꯤꯗ꯭ꯁ, ꯔꯣꯝꯒꯤ ꯀꯣꯂꯤꯁꯦꯌꯝ, ꯇꯥꯖ ꯃꯍꯜ , ꯍꯥꯒꯤꯌꯥ ꯁꯣꯐꯤꯌꯥ ꯑꯃꯁꯨꯡ ꯏꯁꯇꯣꯟꯍꯦꯉꯦ ꯑꯁꯤ ꯑꯔꯤꯕ ꯌꯨꯝꯁꯥ-ꯀꯩꯁꯥꯔꯣꯜꯒꯤ ꯑꯉꯛꯄꯁꯤꯡꯒꯤ ꯈꯨꯗꯝ ꯅꯤ ꯫","ꯗ    ꯒ꯭ꯔꯦꯠ    ꯄꯤ ꯔꯥ ꯃꯤ ꯗ꯭ ꯁ,    ꯔꯣ ꯝꯒꯤ    ꯀꯣ ꯂꯤ ꯁꯦ ꯌ ꯝ,    ꯇꯥ ꯖ    ꯃꯍ ꯜ    ,    ꯍꯥ ꯒꯤ ꯌꯥ    ꯁꯣ ꯐꯤ ꯌꯥ    ꯑꯃꯁꯨꯡ    ꯏꯁ ꯇꯣ ꯟ ꯍꯦ ꯉ ꯦ    ꯑꯁꯤ    ꯑꯔꯤꯕ    ꯌꯨꯝꯁꯥ-ꯀꯩ ꯁꯥꯔ ꯣ ꯜꯒꯤ    ꯑꯉ ꯛꯄ ꯁꯤꯡꯒꯤ    ꯈꯨꯗꯝ    ꯅꯤ    ꯫ ",101,44
2648,ꯑꯇꯣꯞꯄ ꯑꯅꯤ ꯑꯗꯨꯅ ꯃꯃꯤ ꯀꯨꯝꯍꯩ ꯑꯃꯁꯨꯡ ꯏꯁꯩ ꯅꯣꯡꯃꯥꯏꯅꯤ ꯫,ꯑꯇꯣꯞꯄ    ꯑꯅꯤ    ꯑꯗꯨꯅ    ꯃꯃꯤ    ꯀꯨꯝꯍꯩ    ꯑꯃꯁꯨꯡ    ꯏꯁꯩ    ꯅꯣꯡ ꯃꯥꯏ ꯅꯤ    ꯫ ,37,11
2649,ꯃꯃꯤ ꯀꯨꯝꯍꯩ ꯑꯁꯤꯅ ꯆꯍꯤ ꯆꯥ ꯑꯃ ꯈꯔꯈꯛꯇ ꯍꯦꯟꯕꯒꯤ ꯃꯃꯥꯡꯗ ꯁꯦꯝꯗꯨꯅ ꯀꯂꯥ ꯃꯈꯜ ꯇꯥꯔꯦꯠ ꯑꯁꯤꯒꯤ ꯃꯥꯅꯨꯡꯗ ꯈ꯭ꯋꯥꯏꯗꯒꯤ ꯑꯅꯧꯕ ꯀꯂꯥ ꯃꯈꯜ ꯅꯤ ꯫,ꯃꯃꯤ    ꯀꯨꯝꯍꯩ    ꯑꯁꯤꯅ    ꯆꯍꯤ    ꯆꯥ    ꯑꯃ    ꯈꯔ ꯈꯛꯇ    ꯍꯦꯟ ꯕꯒꯤ    ꯃꯃꯥꯡꯗ    ꯁꯦꯝ ꯗꯨꯅ    ꯀꯂꯥ    ꯃꯈꯜ    ꯇꯥꯔ ꯦ ꯠ    ꯑꯁꯤꯒꯤ    ꯃꯥ ꯅꯨꯡꯗ    ꯈ꯭ꯋꯥꯏꯗꯒꯤ    ꯑꯅꯧꯕ    ꯀꯂꯥ    ꯃꯈꯜ    ꯅꯤ    ꯫ ,84,27
2650,"ꯃꯃꯤ ꯀꯨꯝꯍꯩ ꯑꯁꯤꯅ ꯃꯥꯏꯀꯩ ꯑꯍꯨꯝꯒꯤ ꯃꯆꯥꯎ-ꯃꯔꯥꯛ ꯌꯥꯎꯕ ꯃꯥꯂꯦꯝ ꯑꯃꯒꯤ ꯃꯥꯏꯀꯩ ꯑꯅꯤꯒꯤ ꯃꯆꯥꯎ-ꯃꯔꯥꯛꯇ ꯀꯥꯞꯊꯣꯛꯄꯅꯤ, ꯑꯩꯈꯣꯏꯅ ꯇꯥꯕ ꯑꯃꯁꯨꯡ ꯎꯕ ꯉꯝꯕ ꯌꯥꯎꯕ ꯀꯂꯥ ꯃꯥꯑꯣꯡ ꯑꯃꯅꯤ ꯫","ꯃꯃꯤ    ꯀꯨꯝꯍꯩ    ꯑꯁꯤꯅ    ꯃꯥꯏꯀꯩ    ꯑꯍꯨꯝꯒꯤ    ꯃ ꯆꯥꯎ -ꯃꯔ ꯥꯛ    ꯌꯥꯎꯕ    ꯃꯥꯂꯦꯝ    ꯑꯃꯒꯤ    ꯃꯥꯏꯀꯩ    ꯑꯅꯤꯒꯤ    ꯃ ꯆꯥꯎ -ꯃꯔ ꯥꯛꯇ    ꯀꯥꯞ ꯊꯣꯛ ꯄ ꯅꯤ,    ꯑꯩꯈꯣꯏꯅ    ꯇꯥꯕ    ꯑꯃꯁꯨꯡ    ꯎꯕ    ꯉꯝꯕ    ꯌꯥꯎꯕ    ꯀꯂꯥ    ꯃꯥ ꯑꯣ ꯡ    ꯑꯃꯅꯤ    ꯫ ",111,34
2651,"ꯑꯥꯗꯨꯒ ꯑꯩꯈꯣꯏꯅ ꯏꯁꯩ ꯅꯣꯡꯃꯥꯏ ꯑꯁꯤ ꯈꯣꯏꯊꯨꯝꯅꯕ ꯃꯈꯣꯜ, ꯏꯁꯩꯒꯤ ꯈꯣꯟꯊꯣꯛ ꯆꯨꯁꯤꯟꯅꯕ, ꯇꯥꯟꯊꯥ ꯑꯃꯁꯨꯡ ꯁꯩꯍꯦꯛ ꯅꯠꯇ꯭ꯔꯒ ꯈꯣꯟꯖꯦꯜꯗꯒꯤ ꯇꯣꯞ ꯇꯣꯞꯂꯕ ꯈꯣꯟꯊꯣꯛ ꯑꯁꯤꯅ ꯆꯤꯡꯕꯕꯨ ꯁꯤꯖꯤꯟꯅꯗꯨꯅ ꯏꯁꯩ-ꯅꯣꯡꯃꯥꯏ ꯁꯦꯝꯅꯕ ꯌꯥꯝꯅ ꯍꯩꯁꯤꯡꯅ ꯇꯥꯕ ꯉꯝꯕ ꯃꯈꯣꯟꯁꯤꯡ ꯑꯃꯁꯨꯡ ꯅꯤꯟꯕꯁꯤꯡꯕꯨ ꯁꯦꯝꯗꯣꯛ ꯁꯦꯝꯖꯤꯟ ꯇꯧꯕ ꯑꯗꯨꯅꯤ ꯍꯥꯏꯅ ꯍꯥꯏꯕ ꯌꯥꯏ ꯫","ꯑꯥ ꯗꯨ ꯒ    ꯑꯩꯈꯣꯏꯅ    ꯏꯁꯩ    ꯅꯣꯡ ꯃꯥꯏ    ꯑꯁꯤ    ꯈꯣꯏ ꯊꯨꯝ ꯅꯕ    ꯃꯈꯣ ꯜ,    ꯏꯁꯩꯒꯤ    ꯈꯣꯟ ꯊꯣꯛ    ꯆꯨ ꯁꯤꯟ ꯅꯕ,    ꯇꯥꯟ ꯊꯥ    ꯑꯃꯁꯨꯡ    ꯁꯩ ꯍꯦꯛ    ꯅꯠꯇ꯭ꯔꯒ    ꯈꯣꯟ ꯖꯦ ꯜꯗꯒꯤ    ꯇꯣꯞ    ꯇꯣ ꯞ ꯂꯕ    ꯈꯣꯟ ꯊꯣꯛ    ꯑꯁꯤꯅ    ꯆꯤꯡ ꯕꯕꯨ    ꯁꯤꯖꯤꯟꯅꯗꯨꯅ    ꯏꯁꯩ-ꯅꯣꯡꯃꯥꯏ    ꯁꯦꯝꯅꯕ    ꯌꯥꯝꯅ    ꯍꯩ ꯁꯤꯡꯅ    ꯇꯥꯕ    ꯉꯝꯕ    ꯃꯈꯣ ꯟꯁꯤꯡ    ꯑꯃꯁꯨꯡ    ꯅꯤꯟ ꯕꯁꯤꯡꯕꯨ    ꯁꯦꯝ ꯗꯣꯛ    ꯁꯦꯝꯖꯤꯟ    ꯇꯧꯕ    ꯑꯗꯨ ꯅꯤ    ꯍꯥꯏꯅ    ꯍꯥꯏꯕ    ꯌꯥꯏ    ꯫ ",202,60
2652,ꯐꯥꯔꯦ ꯫ ꯑꯗꯨꯒꯤ ꯑꯔꯣꯏꯕꯒꯤ ꯑꯗꯨꯅ ꯀꯃꯥꯏꯅ ꯇꯧꯕ,ꯐꯥꯔ ꯦ    ꯫    ꯑꯗꯨꯒꯤ    ꯑꯔꯣꯏ ꯕꯒꯤ    ꯑꯗꯨꯅ    ꯀ ꯃꯥꯏ ꯅ    ꯇꯧꯕ ,29,11
2653,ꯐꯝꯕꯥꯛ ꯀꯨꯝꯍꯩ ꯑꯁꯤꯅ ꯀꯂꯥ ꯇꯧꯕꯁꯤꯡꯅ ꯃꯤꯌꯦꯡꯒꯤ ꯑꯃꯁꯨꯡ ꯐꯝꯕꯥꯛ ꯀꯨꯝꯍꯩꯒꯤ ꯄꯣꯠ ꯑꯅꯤꯃꯛ ꯄꯨꯟꯁꯤꯟꯕ ꯀꯂꯥ ꯃꯈꯜ ꯑꯃꯅꯤ꯫,ꯐꯝꯕ ꯥꯛ    ꯀꯨꯝꯍꯩ    ꯑꯁꯤꯅ    ꯀꯂꯥ    ꯇꯧ ꯕꯁꯤꯡꯅ    ꯃꯤ ꯌꯦꯡ ꯒꯤ    ꯑꯃꯁꯨꯡ    ꯐꯝꯕ ꯥꯛ    ꯀꯨꯝꯍꯩꯒꯤ    ꯄꯣꯠ    ꯑꯅꯤꯃꯛ    ꯄꯨꯟ ꯁꯤꯟꯕ    ꯀꯂꯥ    ꯃꯈꯜ    ꯑꯃꯅꯤ꯫ ,74,21
2654,"ꯈꯔꯤꯁꯠꯇꯒꯤ ꯃꯃꯥꯡꯒꯤ ꯶ ꯁꯨꯕ ꯆꯥꯍꯤ ꯆꯥꯗꯒꯤ, ꯑꯔꯤꯕ ꯒ꯭ꯔꯤꯛꯁꯤꯡꯅ ꯐꯝꯕꯥꯛ ꯀꯨꯝꯍꯩ ꯑꯁꯤ ꯍꯧꯗꯣꯛꯄ ꯃꯇꯝꯗ, ꯃꯁꯤ ꯆꯥꯎꯈꯠꯄꯒꯤ ꯁꯔꯨꯛ ꯑꯃ ꯑꯣꯏꯅ ꯌꯥꯎꯔꯕꯅꯤ꯫","ꯈ ꯔꯤ ꯁ ꯠꯇꯒꯤ    ꯃꯃꯥꯡꯒꯤ    ꯶    ꯁꯨꯕ    ꯆꯥ ꯍꯤ    ꯆꯥ ꯗꯒꯤ,    ꯑꯔꯤꯕ    ꯒ꯭ꯔꯤ ꯛ ꯁꯤꯡꯅ    ꯐꯝꯕ ꯥꯛ    ꯀꯨꯝꯍꯩ    ꯑꯁꯤ    ꯍꯧ ꯗꯣꯛꯄ    ꯃꯇꯝꯗ,    ꯃꯁꯤ    ꯆꯥꯎꯈꯠ ꯄꯒꯤ    ꯁꯔꯨꯛ    ꯑꯃ    ꯑꯣꯏꯅ    ꯌꯥꯎ ꯔꯕ ꯅꯤ꯫ ",94,31
2655,ꯌꯥꯝꯅ ꯐꯥꯔꯦ ꯫,ꯌꯥꯝꯅ    ꯐꯥꯔ ꯦ    ꯫ ,9,4
2656,"ꯑꯣꯖꯥ, ꯆꯥꯟꯕꯤꯗꯨꯟ ꯑꯩꯈꯣꯏꯒꯤ ꯈꯨꯠ ꯁꯥ ꯍꯩꯕꯒꯤ ꯄꯣꯠꯊꯣꯛ ꯎꯠꯐꯝ ꯁꯪ ꯑꯁꯤ ꯌꯦꯡꯕꯤꯌꯨ ꯑꯃꯁꯨꯡ ꯅꯍꯥꯛꯀꯤ ꯃꯔꯨ ꯑꯣꯏꯕ ꯋꯥꯍꯩꯁꯤꯡ ꯑꯗꯨ ꯑꯄꯥꯝ-ꯄꯥꯝꯗꯒꯤ ꯋꯥꯍꯩꯒꯤ ꯎꯄꯨ ꯑꯁꯤꯗ ꯄꯤꯕꯤꯌꯨ ꯫","ꯑꯣ ꯖꯥ ,    ꯆꯥꯟ ꯕꯤ ꯗꯨ ꯟ    ꯑꯩꯈ ꯣꯏꯒꯤ    ꯈꯨꯠ    ꯁꯥ    ꯍꯩ ꯕꯒꯤ    ꯄꯣꯠꯊꯣꯛ    ꯎꯠ ꯐꯝ    ꯁꯪ    ꯑꯁꯤ    ꯌꯦꯡꯕꯤꯌꯨ    ꯑꯃꯁꯨꯡ    ꯅꯍꯥꯛꯀꯤ    ꯃꯔꯨ    ꯑꯣꯏꯕ    ꯋꯥꯍꯩꯁꯤꯡ    ꯑꯗꯨ    ꯑ ꯄꯥꯝ - ꯄꯥꯝ ꯗꯒꯤ    ꯋꯥꯍꯩ ꯒꯤ    ꯎ ꯄꯨ    ꯑꯁꯤꯗ    ꯄꯤ ꯕꯤꯌꯨ    ꯫ ",111,38
2657,"ꯁꯣꯏꯗꯅ ꯇꯧꯒꯦ, ꯊꯥꯒꯠꯆꯔꯤ","ꯁꯣꯏꯗꯅ    ꯇꯧ ꯒꯦ ,    ꯊꯥꯒꯠ ꯆ ꯔꯤ ",17,7
2658,"ꯍꯥꯏ, ꯅꯥꯃꯟ","ꯍꯥꯏ ,    ꯅꯥ ꯃꯟ ",8,4
2659,ꯑꯩ ꯔꯥꯍꯨꯜ ꯅꯦ ꯫,ꯑ ꯩ    ꯔꯥ ꯍꯨ ꯜ    ꯅꯦ    ꯫ ,10,7
2660,ꯅꯪ ꯀꯔꯝ ꯇꯧꯔꯤꯒꯦ,ꯅ ꯪ    ꯀꯔ ꯝ    ꯇꯧ ꯔꯤ ꯒꯦ ,11,7
2661,"ꯍꯥꯏ, ꯔꯥꯍꯨꯜ","ꯍꯥꯏ ,    ꯔꯥ ꯍꯨ ꯜ ",9,5
2662,ꯅꯪꯅ ꯐꯣꯟ ꯇꯧꯔꯛꯄꯁꯤ ꯑꯩ ꯌꯥꯝꯅ ꯅꯨꯉꯥꯏꯔꯦ ꯫,ꯅꯪ ꯅ    ꯐꯣꯟ    ꯇꯧ ꯔꯛꯄ ꯁꯤ    ꯑ ꯩ    ꯌꯥꯝꯅ    ꯅꯨ ꯉꯥꯏ ꯔꯦ    ꯫ ,27,13
2663,ꯍꯟꯗꯛꯃꯔꯛ ꯑꯁꯤ ꯑꯩ ꯌꯥꯝꯅ ꯆꯤꯜꯂꯦ ꯫,ꯍꯟꯗ ꯛ ꯃꯔꯛ    ꯑꯁꯤ    ꯑ ꯩ    ꯌꯥꯝꯅ    ꯆꯤ ꯜ ꯂꯦ    ꯫ ,22,11
2664,ꯑꯩ ꯑꯩꯒꯤ ꯊꯕꯛꯀꯤꯗꯃꯛ ꯚꯥꯔꯠꯇ ꯂꯩꯕ ꯃꯃꯤꯡ ꯂꯩꯔꯕ ꯄꯣꯠꯂꯤꯁꯪꯁꯤꯡꯒꯤ ꯃꯇꯥꯡꯗ ꯊꯤꯒꯠꯂꯤ꯫,ꯑ ꯩ    ꯑ ꯩꯒꯤ    ꯊꯕꯛ ꯀꯤꯗꯃꯛ    ꯚꯥꯔꯠꯇ    ꯂꯩꯕ    ꯃꯃꯤꯡ    ꯂꯩꯔꯕ    ꯄꯣꯠ ꯂꯤ ꯁꯪ ꯁꯤꯡꯒꯤ    ꯃꯇꯥꯡꯗ    ꯊꯤ ꯒꯠ ꯂꯤ꯫ ,54,18
2665,ꯋꯥ,ꯋꯥ ,2,1
2666,ꯃꯗꯨꯗꯤ ꯌꯥꯝꯅ ꯐꯩꯌꯦ꯫,ꯃꯗꯨꯗꯤ    ꯌꯥꯝꯅ    ꯐ ꯩ ꯌꯦ ꯫ ,14,6
2667,ꯊꯕꯛ ꯑꯗꯨ ꯀꯃꯥꯏꯅ ꯇꯧꯔꯤꯒꯦ,ꯊꯕꯛ    ꯑꯗꯨ    ꯀ ꯃꯥꯏ ꯅ    ꯇꯧ ꯔꯤ ꯒꯦ ,17,8
2668,"ꯎꯝ, ꯚꯥꯔꯠꯇ ꯄꯣꯠꯂꯤꯁꯪ ꯃꯌꯥꯝ ꯂꯩꯌꯦ ꯍꯥꯏꯕꯗꯤ ꯈꯪꯉꯦ ꯫","ꯎ ꯝ,    ꯚꯥꯔꯠꯇ    ꯄꯣꯠ ꯂꯤ ꯁꯪ    ꯃꯌꯥꯝ    ꯂꯩ ꯌꯦ   ꯍꯥꯏꯕꯗꯤ    ꯈꯪ ꯉ ꯦ    ꯫ ",34,14
2669,"ꯑꯗꯨꯕꯨ, ꯑꯩꯅ ꯃꯃꯤꯡ ꯂꯩꯔꯕꯁꯤꯡ ꯑꯗꯨ ꯈꯛꯇ ꯌꯥꯎꯍꯟꯅꯤꯡꯕꯅꯤ ꯫","ꯑꯗꯨꯕꯨ ,    ꯑꯩ ꯅ    ꯃꯃꯤꯡ    ꯂꯩ ꯔꯕ ꯁꯤꯡ    ꯑꯗꯨ    ꯈꯛꯇ    ꯌꯥꯎꯍꯟ ꯅꯤꯡ ꯕꯅꯤ    ꯫ ",38,14
2670,ꯅꯍꯥꯛ ꯂꯝꯀꯣꯏꯕꯗ ꯃꯇꯦꯡ ꯄꯥꯡꯕꯒꯤ ꯀꯝꯄꯦꯅꯤꯗ ꯊꯕꯛ ꯇꯧꯔꯤꯕ꯭ꯔꯥ,ꯅꯍꯥꯛ    ꯂꯝꯀꯣꯏ ꯕꯗ    ꯃꯇꯦꯡ    ꯄꯥꯡ ꯕꯒꯤ    ꯀꯝꯄꯦ ꯅꯤꯗ    ꯊꯕꯛ    ꯇꯧ ꯔꯤ ꯕ꯭ꯔꯥ ,39,12
2671,"ꯑꯍꯣꯏ, ꯑꯩ ꯌꯥꯇ꯭ꯔ ꯇ꯭ꯔꯦꯕꯦꯜ ꯑꯃꯁꯨꯡ ꯇꯨꯔꯤꯁꯀꯤꯗ ꯍꯧꯖꯤꯛꯁꯨ ꯊꯕꯛ ꯇꯧꯔꯤ꯫","ꯑꯍ ꯣꯏ ,    ꯑ ꯩ    ꯌꯥ ꯇ꯭ꯔ    ꯇ꯭ꯔꯦ ꯕꯦꯜ    ꯑꯃꯁꯨꯡ    ꯇꯨ ꯔꯤ ꯁ ꯀꯤ ꯗ    ꯍꯧꯖꯤꯛꯁꯨ    ꯊꯕꯛ    ꯇꯧꯔꯤ꯫ ",47,18
2672,ꯌꯥꯝꯅ ꯐꯩꯌꯦ,ꯌꯥꯝꯅ    ꯐ ꯩ ꯌꯦ,8,4
2673,ꯅꯍꯥꯛ ꯑꯩꯒꯤ ꯃꯇꯦꯡ ꯑꯝꯨꯛꯇ ꯄꯥꯡꯕ ꯌꯥꯒꯗ꯭ꯔꯥ,ꯅꯍꯥꯛ    ꯑ ꯩꯒꯤ    ꯃꯇꯦꯡ    ꯑꯝ ꯨ ꯛꯇ    ꯄꯥꯡꯕ    ꯌꯥ ꯒ ꯗ꯭ꯔꯥ ,28,11
2674,ꯍꯣꯏ,ꯍ ꯣꯏ ,3,2
2675,ꯑꯩꯅ ꯈꯟꯕꯗ ꯚꯥꯔꯠꯇ ꯂꯩꯕ ꯈ꯭ꯋꯥꯏꯗꯒꯤ ꯐꯥꯎꯕ ꯄꯣꯠꯂꯤꯁꯪ ꯑꯍꯨꯝ ꯑꯗꯨ ꯅꯍꯥꯛꯅ ꯍꯥꯞꯄ ꯌꯥꯏ ꯫,ꯑꯩ ꯅ    ꯈꯟ ꯕꯗ    ꯚꯥꯔꯠꯇ    ꯂꯩꯕ    ꯈ꯭ꯋꯥꯏꯗꯒꯤ    ꯐꯥꯎꯕ    ꯄꯣꯠ ꯂꯤ ꯁꯪ    ꯑꯍꯨꯝ    ꯑꯗꯨ    ꯅꯍꯥꯛꯅ    ꯍꯥ ꯞꯄ    ꯌꯥꯏ    ꯫ ,54,18
2676,"ꯃꯗꯨꯗꯤ ꯅꯦꯁꯅꯦꯜ ꯃꯤꯌꯨꯖ꯭ꯌꯝ ꯗꯦꯜꯍꯤ, ꯏꯟꯗꯤꯌꯥꯟ ꯃꯤꯌꯨꯖ꯭ꯌꯝ ꯀꯣꯜꯀꯇꯥ ꯑꯃꯁꯨꯡ ꯒꯣꯕꯔꯟꯃꯦꯟꯇ ꯃꯤꯌꯨꯖ꯭ꯌꯝ ꯆꯦꯅꯥꯏ ꯫","ꯃꯗꯨꯗꯤ    ꯅꯦꯁꯅꯦꯜ    ꯃꯤ ꯌꯨ ꯖ ꯭ꯌ ꯝ    ꯗꯦꯜ ꯍꯤ ,    ꯏꯟꯗꯤ ꯌꯥꯟ    ꯃꯤ ꯌꯨ ꯖ ꯭ꯌ ꯝ    ꯀꯣꯜ ꯀ ꯇꯥ    ꯑꯃꯁꯨꯡ    ꯒꯣ ꯕꯔ ꯟ ꯃꯦꯟ ꯇ    ꯃꯤ ꯌꯨ ꯖ ꯭ꯌ ꯝ    ꯆꯦ ꯅꯥꯏ    ꯫ ",74,34
2677,ꯌꯥꯝꯅ ꯐꯔꯦ,ꯌꯥꯝꯅ    ꯐ ꯔꯦ ,7,3
2678,ꯃꯁꯤ ꯈꯪꯕꯗ ꯌꯥꯝꯅ ꯅꯨꯉꯥꯏꯔꯦ ꯫,ꯃꯁꯤ    ꯈꯪ ꯕꯗ    ꯌꯥꯝꯅ    ꯅꯨ ꯉꯥꯏ ꯔꯦ    ꯫ ,19,8
2679,ꯃꯁꯤ ꯀꯔꯤ ꯇꯧꯕꯒꯤ ꯌꯥꯝꯅ ꯃꯔꯨ ꯑꯣꯏꯔꯤꯅꯣ,ꯃꯁꯤ    ꯀꯔꯤ    ꯇꯧꯕꯒꯤ    ꯌꯥꯝꯅ    ꯃꯔꯨ    ꯑꯣꯏꯔꯤ ꯅꯣ ,25,7
2680,ꯅꯦꯁꯅꯦꯜ ꯃꯤꯌꯨꯖ꯭ꯌꯝꯗ ꯊꯥꯏꯅꯒꯤ ꯑꯊꯣꯏꯕ ꯃꯇꯝꯒꯤ ꯃꯈꯜ ꯃꯈꯜꯒꯤ ꯄꯣꯠꯁꯤꯡ ꯌꯥꯝꯅ ꯂꯩ ꯫,ꯅꯦꯁꯅꯦꯜ    ꯃꯤ ꯌꯨ ꯖ ꯭ꯌ ꯝꯗ    ꯊꯥꯏ ꯅꯒꯤ    ꯑꯊꯣꯏꯕ    ꯃꯇꯝꯒꯤ    ꯃꯈꯜ    ꯃꯈꯜꯒꯤ    ꯄꯣꯠꯁꯤꯡ    ꯌꯥꯝꯅ    ꯂꯩ    ꯫ ,52,16
2681,ꯃꯁꯤ ꯏꯪ ꯱꯹꯴꯹ꯗ ꯌꯥꯝꯅ ꯍꯔꯥꯎ ꯇꯌꯥꯝꯂꯕ ꯁꯣꯍꯔ ꯗꯦꯜꯍꯤꯒꯤ ꯖꯟꯄꯠꯀꯤ ꯀꯥꯆꯤꯟ ꯑꯃꯗ ꯁꯥꯈꯤ꯫,ꯃꯁꯤ    ꯏꯪ    ꯱꯹꯴ ꯹ꯗ    ꯌꯥꯝꯅ    ꯍꯔ ꯥꯎ    ꯇ ꯌꯥꯝꯂꯕ    ꯁꯣ ꯍꯔ    ꯗꯦꯜ ꯍꯤ ꯒꯤ    ꯖꯟ ꯄ ꯠꯀꯤ    ꯀꯥ ꯆꯤꯟ    ꯑꯃꯗ    ꯁꯥꯈꯤ꯫ ,54,21
2682,ꯃꯈꯣꯏꯅ ꯀꯔꯤ ꯀꯔꯤ ꯎꯠꯀꯦ,ꯃꯈꯣꯏꯅ    ꯀꯔꯤ    ꯀꯔꯤ    ꯎꯠ ꯀꯦ ,15,5
2683,"ꯃꯈꯣꯏꯅ ꯁꯅꯥ-ꯂꯨꯄꯥ, ꯑꯌꯦꯛꯄ ꯂꯥꯏꯁꯤꯡ, ꯂꯥꯟꯒꯤ ꯍꯥꯛꯀꯟ ꯐꯨꯔꯤꯠꯁꯤꯡ, ꯑꯀꯦ ꯑꯃꯧꯒꯤ ꯀꯂꯥꯁꯤꯡ ꯑꯃꯁꯨꯡ ꯈꯨꯠꯏꯁꯤꯡ ꯌꯥꯎꯅ ꯃꯈꯜ ꯃꯈꯜꯒꯤ ꯄꯣꯠꯁꯤꯡ ꯊꯝꯃꯤ꯫","ꯃꯈꯣꯏꯅ    ꯁ ꯅꯥ - ꯂꯨ ꯄꯥ ,    ꯑ ꯌꯦꯛꯄ    ꯂꯥꯏ ꯁꯤꯡ,    ꯂꯥꯟꯒꯤ    ꯍꯥꯛ ꯀꯟ    ꯐꯨ ꯔꯤ ꯠꯁꯤꯡ,    ꯑ ꯀꯦ    ꯑꯃ ꯧ ꯒꯤ    ꯀꯂꯥ ꯁꯤꯡ    ꯑꯃꯁꯨꯡ    ꯈꯨꯠ ꯏꯁꯤꯡ    ꯌꯥꯎꯅ    ꯃꯈꯜ    ꯃꯈꯜꯒꯤ    ꯄꯣꯠꯁꯤꯡ    ꯊꯝꯃꯤ꯫ ",94,32
2684,ꯋꯥ,ꯋꯥ ,2,1
2685,ꯏꯟꯗꯤꯌꯥꯟ ꯃꯤꯌꯨꯖ꯭ꯌꯝꯒꯤꯗꯤ,ꯏꯟꯗꯤ ꯌꯥꯟ    ꯃꯤ ꯌꯨ ꯖ ꯭ꯌ ꯝ ꯒꯤ ꯗꯤ ,19,9
2686,"ꯃꯁꯤꯗ ꯃꯃꯥꯡꯉꯩꯒꯤ ꯆꯠꯅꯕꯤ ꯅꯥꯠꯀꯤ ꯅꯩꯅꯔꯣꯜ, ꯂꯩꯁꯦꯝꯂꯣꯟ, ꯁꯦꯟꯃꯤꯠꯂꯣꯟꯒꯤ ꯐꯖꯕ ꯑꯃꯁꯨꯡ ꯀꯂꯥ ꯑꯣꯏꯕ ꯁꯦꯝꯒꯠ-ꯁꯥꯒꯠꯄ ꯑꯃꯁꯨꯡ ꯂꯧꯁꯤꯡꯂꯣꯟꯒꯤ ꯀꯂꯥ ꯌꯥꯎꯕ ꯈꯨꯠ-ꯁꯥ ꯍꯩꯕꯒꯤ ꯄꯣꯠꯊꯣꯛꯁꯤꯡ ꯎꯠꯐꯝ ꯀꯥ ꯃꯪꯉꯥ ꯌꯥꯎꯕ ꯇꯥꯡꯀꯛ ꯇꯥꯔꯨꯛ ꯂꯩ ꯫","ꯃꯁꯤꯗ    ꯃꯃꯥꯡ ꯉꯩꯒꯤ    ꯆꯠꯅꯕꯤ    ꯅꯥꯠꯀꯤ    ꯅꯩ ꯅ ꯔꯣ ꯜ,    ꯂꯩ ꯁꯦꯝ ꯂꯣꯟ ,    ꯁꯦꯟꯃꯤꯠꯂꯣꯟꯒꯤ    ꯐꯖꯕ    ꯑꯃꯁꯨꯡ    ꯀꯂꯥ    ꯑꯣꯏꯕ    ꯁꯦꯝꯒꯠ - ꯁꯥꯒꯠ ꯄ    ꯑꯃꯁꯨꯡ    ꯂꯧ ꯁꯤꯡ ꯂꯣꯟꯒꯤ    ꯀꯂꯥ    ꯌꯥꯎꯕ    ꯈꯨꯠ - ꯁꯥ    ꯍꯩ ꯕꯒꯤ    ꯄꯣꯠꯊꯣꯛ ꯁꯤꯡ    ꯎꯠ ꯐꯝ    ꯀꯥ    ꯃꯪ ꯉꯥ    ꯌꯥꯎꯕ    ꯇꯥꯡꯀꯛ    ꯇꯥꯔ ꯨꯛ    ꯂꯩ    ꯫ ",144,46
2687,ꯌꯥꯝꯅ ꯐꯥꯔꯦ,ꯌꯥꯝꯅ    ꯐꯥꯔ ꯦ ,8,3
2688,ꯃꯁꯤ ꯃꯥꯂꯦꯝꯒꯤ ꯈ꯭ꯋꯥꯏꯗꯒꯤ ꯑꯔꯤꯕ ꯄꯣꯠꯂꯤꯁꯪꯔꯣ,ꯃꯁꯤ    ꯃꯥꯂꯦꯝꯒꯤ    ꯈ꯭ꯋꯥꯏꯗꯒꯤ    ꯑꯔꯤꯕ    ꯄꯣꯠ ꯂꯤ ꯁꯪ ꯔꯣ ,31,8
2689,"ꯍꯣꯏ, ꯃꯁꯤ ꯀꯣꯜꯀꯇꯥꯗ ꯑꯦꯁꯤꯌꯥꯇꯤꯛ ꯁꯣꯆꯥꯏꯇꯤ ꯑꯣꯐ ꯕꯦꯡꯒꯣꯜꯅ ꯏꯪ ꯱꯸꯱꯴ꯗ ꯂꯤꯡꯈꯠꯈꯤꯕꯅꯤ ꯫","ꯍ ꯣꯏ ,    ꯃꯁꯤ    ꯀꯣꯜ ꯀ ꯇꯥꯗ    ꯑꯦꯁꯤ ꯌꯥ ꯇꯤꯛ    ꯁꯣ ꯆꯥꯏ ꯇꯤ    ꯑꯣꯐ    ꯕꯦꯡꯒꯣ ꯜꯅ    ꯏꯪ    ꯱꯸ ꯱ ꯴ꯗ    ꯂꯤꯡꯈꯠ ꯈꯤꯕꯅꯤ    ꯫ ",58,23
2690,ꯃꯗꯨ ꯌꯥꯝꯅ ꯄꯨꯛꯅꯤꯡ ꯍꯨꯏꯅꯦ ꯫ ꯒꯣꯕꯔꯟꯃꯦꯟꯇ ꯄꯣꯠꯂꯤꯁꯪ ꯑꯁꯤ ꯀꯔꯤ ꯃꯔꯝꯒꯤ ꯌꯥꯝꯅ ꯃꯃꯤꯡꯆꯠꯂꯤꯅꯣ,ꯃꯗꯨ    ꯌꯥꯝꯅ    ꯄꯨꯛꯅꯤꯡ    ꯍꯨ ꯏ ꯅꯦ    ꯫    ꯒꯣ ꯕꯔ ꯟ ꯃꯦꯟ ꯇ    ꯄꯣꯠ ꯂꯤ ꯁꯪ    ꯑꯁꯤ    ꯀꯔꯤ    ꯃꯔ ꯝꯒꯤ    ꯌꯥꯝꯅ    ꯃꯃꯤꯡ ꯆꯠ ꯂꯤ ꯅꯣ ,60,24
2691,"ꯒꯣꯕꯔꯟꯃꯦꯟꯇ ꯃꯤꯌꯨꯖ꯭ꯌꯝ ꯑꯗꯨꯅ ꯂꯩꯁꯦꯝꯂꯣꯟ, ꯁꯥ-ꯉꯥꯔꯣꯜꯒꯤ ꯅꯩꯅꯕ, ꯃꯤꯍꯧ-ꯈꯨꯅꯥꯏꯔꯣꯜ ꯑꯃꯁꯨꯡ ꯄꯥꯝꯕꯤꯅꯩꯅꯔꯣꯜꯒꯤ ꯇꯣꯉꯥꯟ ꯇꯣꯉꯥꯟꯕ ꯃꯈꯜ ꯀꯌꯥ ꯎꯠꯂꯤ ꯫","ꯒꯣ ꯕꯔ ꯟ ꯃꯦꯟ ꯇ    ꯃꯤ ꯌꯨ ꯖ ꯭ꯌ ꯝ    ꯑꯗꯨꯅ    ꯂꯩ ꯁꯦꯝ ꯂꯣꯟ ,    ꯁꯥ- ꯉ ꯥꯔ ꯣ ꯜꯒꯤ    ꯅꯩ ꯅꯕ,    ꯃꯤ ꯍꯧ - ꯈꯨ ꯅꯥꯏ ꯔꯣꯜ    ꯑꯃꯁꯨꯡ    ꯄꯥꯝꯕꯤ ꯅꯩ ꯅ ꯔꯣ ꯜꯒꯤ    ꯇꯣꯉꯥꯟ    ꯇꯣꯉꯥꯟꯕ    ꯃꯈꯜ    ꯀꯌꯥ    ꯎꯠꯂꯤ    ꯫ ",98,40
2692,"ꯏꯪ ꯱꯸꯵꯱ꯗ ꯕ꯭ꯔꯤꯇꯤꯁ ꯏꯄꯣꯛ ꯃꯇꯝꯗ ꯂꯤꯡꯈꯠꯈꯤꯕ, ꯄꯣꯠꯂꯤꯁꯪ ꯑꯁꯤ ꯄꯨꯋꯥꯔꯤ ꯑꯃꯁꯨꯡ ꯀꯂꯥꯔꯣꯝꯗ ꯆꯪꯕ ꯃꯤꯁꯤꯡ ꯑꯗꯨꯒꯤꯗꯃꯛꯇꯗꯤ ꯌꯥꯝꯅ ꯐꯤꯗꯝꯅꯤꯡꯉꯥꯏ ꯑꯣꯏꯕ ꯃꯐꯝꯅꯤ ꯫","ꯏꯪ    ꯱꯸꯵ ꯱ꯗ    ꯕ꯭ꯔꯤꯇꯤꯁ    ꯏ ꯄꯣꯛ    ꯃꯇꯝꯗ    ꯂꯤꯡꯈꯠ ꯈꯤꯕ,    ꯄꯣꯠ ꯂꯤ ꯁꯪ    ꯑꯁꯤ    ꯄꯨꯋꯥꯔꯤ    ꯑꯃꯁꯨꯡ    ꯀ ꯂꯥꯔ ꯣ ꯝꯗ    ꯆꯪꯕ    ꯃꯤꯁꯤꯡ    ꯑꯗꯨ ꯒꯤꯗꯃꯛꯇ ꯗꯤ    ꯌꯥꯝꯅ    ꯐꯤ ꯗꯝ ꯅꯤꯡꯉꯥꯏ    ꯑꯣꯏꯕ    ꯃꯐꯝ ꯅꯤ    ꯫ ",102,32
2693,ꯅꯍꯥꯛꯀꯤ ꯋꯥꯍꯪꯁꯤꯡ ꯂꯩꯕꯔꯥ,ꯅꯍꯥꯛꯀꯤ    ꯋꯥꯍꯪ ꯁꯤꯡ    ꯂꯩꯕ ꯔꯥ ,18,5
2694,"ꯂꯩꯇꯦ, ꯃꯁꯤ ꯑꯩꯉꯣꯟꯗ ꯍꯥꯏꯕꯤꯕꯗꯤꯗꯃꯛꯇ ꯌꯥꯝꯅ ꯊꯥꯒꯠꯆꯔꯤ ꯫","ꯂꯩꯇꯦ ,    ꯃꯁꯤ    ꯑꯩ ꯉꯣꯟꯗ    ꯍꯥꯏ ꯕꯤ ꯕ ꯗꯤ ꯗ ꯃꯛꯇ    ꯌꯥꯝꯅ    ꯊꯥꯒꯠ ꯆ ꯔꯤ    ꯫ ",38,16
2695,ꯑꯩꯍꯥꯛꯅ ꯃꯁꯤꯒꯤ ꯅꯣꯠ ꯑꯃ ꯁꯦꯝꯒꯦ ꯫,ꯑꯩꯍꯥꯛ ꯅ    ꯃꯁꯤꯒꯤ    ꯅꯣ ꯠ    ꯑꯃ    ꯁꯦꯝ ꯒꯦ    ꯫ ,22,9
2696,ꯅꯪꯒꯤ ꯊꯥꯒꯠ ꯋꯥꯍꯩꯕꯨ ꯇꯔꯥꯝꯅ ꯑꯣꯛꯂꯤ꯫,ꯅꯪ ꯒꯤ    ꯊꯥ ꯒꯠ    ꯋꯥꯍꯩ ꯕꯨ    ꯇꯔꯥ ꯝꯅ    ꯑꯣꯛ ꯂꯤ꯫ ,25,10
2697,ꯂꯤꯇꯔꯦꯔꯤ ꯑꯦꯗ ꯑꯦꯁꯣꯆꯤꯌꯦꯁꯟꯗ ꯂꯥꯛꯄꯤꯕꯒꯤ ꯊꯥꯒꯠꯆꯔꯤ꯫,ꯂꯤ ꯇꯔꯦ ꯔꯤ    ꯑꯦ ꯗ    ꯑꯦꯁꯣ ꯆꯤ ꯌ ꯦꯁ ꯟꯗ    ꯂꯥꯛ ꯄꯤꯕꯒꯤ    ꯊꯥꯒꯠ ꯆ ꯔꯤ꯫ ,37,15
2698,ꯑꯩꯍꯥꯛꯅ ꯁꯣꯝꯒꯤ ꯃꯇꯦꯡ ꯄꯥꯡꯅꯕ ꯀꯔꯤ ꯇꯧꯕ ꯌꯥꯒꯦ,ꯑꯩꯍꯥꯛ ꯅ    ꯁꯣ ꯝꯒꯤ    ꯃꯇꯦꯡ    ꯄꯥꯡꯅꯕ    ꯀꯔꯤ    ꯇꯧꯕ    ꯌꯥ ꯒꯦ ,30,10
2699,ꯌꯥꯝꯟ ꯊꯥꯒꯠꯆꯔꯤ,ꯌꯥꯝ ꯟ    ꯊꯥꯒꯠ ꯆ ꯔꯤ ,11,5
2700,ꯑꯩꯍꯥꯛ ꯚꯥꯔꯠꯇ ꯂꯩꯕ ꯈꯣꯏꯔꯤꯔꯣꯟꯒꯤ ꯀꯂꯥꯒꯤ ꯃꯇꯥꯡꯗ ꯋꯥꯍꯪ ꯈꯔ ꯍꯪꯕ ꯄꯥꯝꯖꯩ ꯫,ꯑꯩꯍꯥꯛ   ꯚꯥꯔꯠꯇ    ꯂꯩꯕ    ꯈꯣꯏ ꯔꯤ ꯔꯣ ꯟꯒꯤ    ꯀ ꯂꯥꯒꯤ    ꯃꯇꯥꯡꯗ    ꯋꯥꯍꯪ    ꯈꯔ    ꯍꯪ ꯕ    ꯄꯥꯝ ꯖꯩ    ꯫ ,48,17
2701,"ꯑꯍꯣꯏ, ꯀꯩꯁꯨ ꯀꯥꯏꯗꯦ ꯫ ꯑꯩꯍꯥꯛꯀꯤ ꯂꯩꯁꯤꯡ ꯑꯃꯁꯨꯡ ꯑꯈꯪꯕꯗꯒꯤ ꯁꯣꯝꯒꯤ ꯃꯇꯦꯡ ꯄꯥꯡꯅꯕ ꯍꯣꯠꯅꯒꯦ ꯫","ꯑꯍ ꯣꯏ ,    ꯀꯩ ꯁꯨ    ꯀꯥꯏ ꯗꯦ    ꯫    ꯑꯩꯍꯥꯛ ꯀꯤ    ꯂꯩ ꯁꯤꯡ    ꯑꯃꯁꯨꯡ    ꯑ ꯈꯪ ꯕꯗꯒꯤ    ꯁꯣ ꯝꯒꯤ    ꯃꯇꯦꯡ    ꯄꯥꯡꯅꯕ    ꯍꯣꯠꯅ ꯒꯦ    ꯫ ",60,23
2702,ꯈꯣꯏꯔꯤꯔꯣꯜꯒꯤ ꯀꯂꯥ ꯍꯥꯏꯕꯁꯤꯒꯤ ꯋꯥꯍꯟꯊꯣꯛ ꯑꯁꯤ ꯀꯥꯔꯤꯅꯣ,ꯈꯣꯏ ꯔꯤ ꯔꯣ ꯜꯒꯤ    ꯀꯂꯥ    ꯍꯥꯏꯕ ꯁꯤꯒꯤ    ꯋꯥꯍꯟꯊꯣꯛ    ꯑꯁꯤ    ꯀꯥꯔ ꯤ ꯅꯣ ,37,12
2703,"ꯈꯣꯏꯔꯤꯂꯣꯟꯒꯤ ꯀꯂꯥꯁꯤꯡ ꯑꯁꯤ ꯃꯥꯑꯣꯡ, ꯍꯤꯔꯝ, ꯁꯛꯇꯝꯁꯤꯡ ꯅꯠꯇ꯭ꯔ ꯋꯥꯔꯤꯗ ꯐꯖꯔꯕ ꯈꯣꯏꯔꯤꯂꯣꯟꯒꯤ ꯃꯁꯛꯁꯤꯡꯅꯤ ꯫ ꯏꯁꯩꯒꯨꯝꯕ ꯁꯩꯔꯦꯡ, ꯐꯝꯕꯥꯛ ꯀꯨꯝꯍꯩ, ꯑꯇꯦꯟꯕ ꯋꯥꯔꯤꯁꯤꯡ ꯑꯃꯁꯨꯡ ꯎꯄꯟꯅꯤꯌꯥꯁꯁꯤꯡ ꯑꯁꯤ ꯈꯨꯗꯝꯁꯤꯡ ꯈꯔꯅꯤ ꯫","ꯈꯣꯏ ꯔꯤ ꯂꯣꯟꯒꯤ    ꯀꯂꯥ ꯁꯤꯡ    ꯑꯁꯤ    ꯃꯥ ꯑꯣ ꯡ,    ꯍꯤꯔꯝ ,    ꯁꯛꯇ ꯝꯁꯤꯡ    ꯅꯠꯇ꯭ꯔ   ꯋꯥꯔꯤꯗ    ꯐꯖꯔꯕ    ꯈꯣꯏ ꯔꯤ ꯂꯣꯟꯒꯤ    ꯃꯁ ꯛ ꯁꯤꯡꯅꯤ    ꯫    ꯏꯁꯩ ꯒꯨꯝꯕ    ꯁꯩꯔꯦ ꯡ,    ꯐꯝꯕ ꯥꯛ    ꯀꯨꯝꯍꯩ ,    ꯑꯇꯦꯟꯕ    ꯋꯥꯔꯤꯁꯤꯡ    ꯑꯃꯁꯨꯡ    ꯎ ꯄꯟ ꯅꯤ ꯌꯥ ꯁꯁꯤꯡ    ꯑꯁꯤ    ꯈꯨꯗ ꯝꯁꯤꯡ    ꯈꯔ ꯅꯤ    ꯫ ",137,45
2704,ꯈꯣꯏꯔꯤꯔꯣꯟꯒꯤ ꯀꯂꯥꯁꯤꯡꯒꯤ ꯀꯥꯟꯅꯕ ꯑꯁꯤ ꯀꯥꯔꯤꯅꯣ,ꯈꯣꯏ ꯔꯤ ꯔꯣ ꯟꯒꯤ    ꯀꯂꯥ ꯁꯤꯡꯒꯤ    ꯀꯥꯟꯅꯕ    ꯑꯁꯤ    ꯀꯥꯔ ꯤ ꯅꯣ ,32,11
2705,ꯃꯁꯤꯅ ꯑꯩꯈꯣꯏꯕꯨ ꯉꯥꯡꯊꯣꯛꯄ ꯋꯥꯍꯩꯁꯤꯡꯅ ꯐꯣꯡꯗꯣꯛꯄ ꯌꯥꯗꯕ ꯃꯥꯑꯣꯡꯁꯤꯡꯗ ꯄꯣꯠ ꯑꯃꯍꯦꯛꯇꯒꯤ ꯃꯇꯥꯡꯗ ꯂꯧꯁꯤꯡ ꯂꯥꯟꯅꯕ ꯌꯥꯍꯜꯂꯤ꯫,ꯃꯁꯤꯅ    ꯑꯩꯈ ꯣꯏ ꯕꯨ    ꯉꯥꯡ ꯊꯣꯛꯄ    ꯋꯥꯍꯩ ꯁꯤꯡꯅ    ꯐꯣꯡ ꯗꯣꯛꯄ    ꯌꯥꯗꯕ    ꯃꯥ ꯑꯣ ꯡ ꯁꯤꯡꯗ    ꯄꯣꯠ    ꯑꯃꯍꯦ ꯛꯇꯒꯤ    ꯃꯇꯥꯡꯗ    ꯂꯧꯁꯤꯡ    ꯂꯥꯟ ꯅꯕ    ꯌꯥꯍꯜꯂꯤ꯫ ,79,23
2706,"ꯑꯩꯈꯣꯏꯅ ꯑꯩꯈꯣꯏꯒꯤ ꯄꯨꯛꯅꯤꯡꯗ ꯐꯥꯎꯕꯁꯤꯡ, ꯋꯥꯈꯜꯁꯤꯡ, ꯈꯪꯍꯩꯕ ꯂꯧꯁꯤꯡꯁꯤꯡ ꯑꯃꯁꯨꯡ ꯏꯕꯗꯒꯤ ꯋꯥꯈꯜꯗ ꯂꯥꯛꯄ ꯑꯃꯍꯦꯛꯇꯁꯨ ꯐꯣꯡꯗꯣꯛꯄꯒꯤ ꯊꯧꯋꯣꯡ ꯐꯪꯉꯤ ꯫","ꯑꯩꯈꯣꯏꯅ    ꯑꯩꯈ ꯣꯏꯒꯤ    ꯄꯨꯛ ꯅꯤꯡꯗ    ꯐꯥꯎ ꯕꯁꯤꯡ,    ꯋꯥꯈꯜ ꯁꯤꯡ,    ꯈꯪ ꯍꯩꯕ    ꯂꯧ ꯁꯤꯡ ꯁꯤꯡ    ꯑꯃꯁꯨꯡ    ꯏ ꯕꯗꯒꯤ    ꯋꯥꯈ ꯜꯗ    ꯂꯥꯛꯄ    ꯑꯃꯍꯦꯛꯇ ꯁꯨ    ꯐꯣꯡꯗꯣꯛ ꯄꯒꯤ    ꯊꯧ ꯋꯣꯡ    ꯐꯪ ꯉꯤ    ꯫ ",95,29
2707,ꯐꯥꯔꯦ ꯫ ꯚꯥꯔꯠꯀꯤ ꯈ꯭ꯋꯥꯏꯗꯒꯤ ꯑꯔꯤꯕ ꯈꯣꯏꯔꯤꯔꯣꯟ ꯑꯁꯤ ꯀꯔꯝꯕꯅꯣ,ꯐꯥꯔ ꯦ    ꯫    ꯚꯥꯔꯠꯀꯤ    ꯈ꯭ꯋꯥꯏꯗꯒꯤ    ꯑꯔꯤꯕ    ꯈꯣꯏ ꯔꯤ ꯔꯣ ꯟ    ꯑꯁꯤ    ꯀꯔꯝ ꯕ ꯅꯣ ,40,14
2708,ꯚꯥꯔꯠꯀꯤ ꯈꯪꯅꯕ ꯈ꯭ꯋꯥꯏꯗꯒꯤ ꯑꯔꯤꯕ ꯈꯣꯏꯔꯤꯔꯣꯟ ꯑꯁꯤ ꯕꯦꯗꯥꯁꯤꯡ ꯑꯗꯨꯅꯤ ꯫,ꯚꯥꯔꯠꯀꯤ    ꯈꯪꯅꯕ    ꯈ꯭ꯋꯥꯏꯗꯒꯤ    ꯑꯔꯤꯕ    ꯈꯣꯏ ꯔꯤ ꯔꯣ ꯟ    ꯑꯁꯤ    ꯕꯦ ꯗꯥ ꯁꯤꯡ    ꯑꯗꯨ ꯅꯤ    ꯫ ,46,15
2709,ꯃꯥꯈꯣꯏ ꯑꯁꯤ ꯁꯟꯁ꯭ꯀꯔꯤꯠꯇ ꯏꯕꯅꯤ ꯑꯃꯁꯨꯡ ꯄꯨꯔꯣꯟ ꯑꯃꯗꯒꯤ ꯑꯃꯗ ꯄꯤꯊꯕꯅꯤ ꯫,ꯃꯥ ꯈ ꯣꯏ    ꯑꯁꯤ    ꯁꯟ ꯁ꯭ ꯀꯔꯤ ꯠꯇ    ꯏ ꯕꯅꯤ    ꯑꯃꯁꯨꯡ    ꯄꯨ ꯔꯣ ꯟ    ꯑꯃꯗꯒꯤ    ꯑꯃꯗ    ꯄꯤ ꯊꯕ ꯅꯤ    ꯫ ,46,20
2710,ꯚꯥꯔꯠꯇ ꯈꯣꯏꯔꯤꯔꯣꯟꯒꯤ ꯀꯂꯥꯒꯤ ꯃꯈꯜꯁꯤꯡ ꯑꯁꯤ ꯀꯔꯝꯕꯅꯣ,ꯚꯥꯔꯠꯇ    ꯈꯣꯏ ꯔꯤ ꯔꯣ ꯟꯒꯤ    ꯀ ꯂꯥꯒꯤ    ꯃꯈꯜꯁꯤꯡ    ꯑꯁꯤ    ꯀꯔꯝ ꯕ ꯅꯣ ,35,12
2711,"ꯋꯥꯔꯦꯡ, ꯐꯝꯕꯥꯛ ꯀꯨꯝꯍꯩ ꯑꯃꯁꯨꯡ ꯁꯩꯔꯦꯡ ꯑꯁꯤꯅ ꯃꯔꯨ ꯑꯣꯏꯕ ꯃꯈꯜ ꯑꯍꯨꯝꯅꯤ꯫","ꯋꯥꯔꯦ ꯡ,    ꯐꯝꯕ ꯥꯛ    ꯀꯨꯝꯍꯩ    ꯑꯃꯁꯨꯡ    ꯁꯩꯔꯦ ꯡ    ꯑꯁꯤꯅ    ꯃꯔꯨ    ꯑꯣꯏꯕ    ꯃꯈꯜ    ꯑꯍꯨꯝ ꯅꯤ꯫ ",47,14
2712,ꯋꯥꯔꯦꯡ ꯑꯁꯤꯅ ꯋꯥꯔꯤ ꯁꯥꯟꯅꯕ ꯑꯃꯁꯨꯡ ꯋꯥꯍꯩ ꯄꯥꯔꯦꯡ ꯑꯗꯨ ꯈꯪꯕ ꯉꯝꯕ ꯃꯥꯑꯣꯡ ꯑꯃ ꯏꯟꯕ ꯈꯣꯏꯔꯤꯔꯣꯟꯒꯤ ꯃꯈꯜ ꯑꯃꯅꯤ꯫,ꯋꯥꯔꯦ ꯡ    ꯑꯁꯤꯅ    ꯋꯥꯔꯤ    ꯁꯥꯟꯅꯕ    ꯑꯃꯁꯨꯡ    ꯋꯥꯍꯩ    ꯄꯥꯔ ꯦ ꯡ    ꯑꯗꯨ    ꯈꯪꯕ    ꯉꯝꯕ    ꯃꯥ ꯑꯣ ꯡ    ꯑꯃ    ꯏꯟ ꯕ    ꯈꯣꯏ ꯔꯤ ꯔꯣ ꯟꯒꯤ    ꯃꯈꯜ    ꯑꯃꯅꯤ꯫ ,69,25
2713,"ꯇꯥꯟꯊꯥ ꯅꯥꯏꯕ ꯋꯥꯔꯤ ꯑꯃꯁꯤ ꯁꯥꯒꯠꯄ ꯅꯠꯇ꯭ꯔꯒ ꯑꯆꯨꯝꯕ ꯑꯣꯏꯔꯝꯕ ꯌꯥꯏ, ꯑꯃꯁꯨꯡ ꯃꯁꯤꯅ ꯌꯥꯝꯅ ꯄꯥꯛ-ꯁꯟꯕ ꯍꯤꯔꯝ ꯀꯌꯥ ꯑꯃ ꯀꯣꯟꯁꯟꯕ ꯌꯥꯏ ꯫","ꯇꯥꯟ ꯊꯥ    ꯅꯥꯏꯕ    ꯋꯥꯔꯤ    ꯑꯃ ꯁꯤ    ꯁꯥꯒꯠ ꯄ    ꯅꯠꯇ꯭ꯔꯒ    ꯑꯆꯨꯝꯕ    ꯑꯣꯏꯔꯝꯕ    ꯌꯥꯏ,    ꯑꯃꯁꯨꯡ    ꯃꯁꯤꯅ    ꯌꯥꯝꯅ    ꯄꯥꯛ- ꯁꯟ ꯕ    ꯍꯤꯔꯝ    ꯀꯌꯥ    ꯑꯃ    ꯀꯣꯟ ꯁꯟ ꯕ    ꯌꯥꯏ    ꯫ ",82,26
2714,"ꯑꯃꯔꯣꯝꯗ, ꯁꯩꯔꯦꯡ ꯑꯁꯤꯅ ꯁꯩꯗꯥ, ꯇꯥꯟꯊꯥ ꯑꯃꯁꯨꯡ ꯌꯥꯝꯅ ꯑꯀꯟꯕ ꯏꯍꯨꯜ ꯅꯠꯇ꯭ꯔꯒ ꯋꯥꯈꯟ ꯑꯃ ꯍꯥꯏꯗꯣꯛꯅꯕꯒꯤ ꯑꯇꯣꯞꯄ ꯊꯧꯋꯣꯡꯁꯤꯡ ꯁꯤꯖꯤꯟꯅꯕ ꯈꯣꯏꯔꯤꯔꯣꯟꯒꯤ ꯃꯁꯛꯅꯤ ꯫","ꯑꯃ ꯔꯣ ꯝ ꯗ,    ꯁꯩꯔꯦ ꯡ    ꯑꯁꯤꯅ    ꯁꯩ ꯗꯥ,    ꯇꯥꯟ ꯊꯥ    ꯑꯃꯁꯨꯡ    ꯌꯥꯝꯅ    ꯑꯀꯟꯕ    ꯏ ꯍꯨ ꯜ    ꯅꯠꯇ꯭ꯔꯒ    ꯋꯥꯈ ꯟ    ꯑꯃ    ꯍꯥꯏ ꯗꯣꯛ ꯅꯕꯒꯤ    ꯑꯇꯣꯞꯄ    ꯊꯧ ꯋ ꯣꯡ ꯁꯤꯡ    ꯁꯤꯖꯤꯟꯅꯕ    ꯈꯣꯏ ꯔꯤ ꯔꯣ ꯟꯒꯤ    ꯃꯁ ꯛ ꯅꯤ    ꯫ ",101,38
2715,ꯚꯥꯔꯠꯀꯤ ꯑꯍꯥꯟꯕ ꯈꯣꯏꯔꯤꯔꯣꯟꯒꯤ ꯂꯣꯟ ꯑꯁꯤ ꯀꯥꯔꯤꯅꯣ,ꯚꯥꯔꯠꯀꯤ    ꯑꯍꯥꯟꯕ    ꯈꯣꯏ ꯔꯤ ꯔꯣ ꯟꯒꯤ    ꯂꯣꯟ    ꯑꯁꯤ    ꯀꯥꯔ ꯤ ꯅꯣ ,33,11
2716,ꯁꯟꯁ꯭ꯀꯔꯤꯠ ꯑꯁꯤꯅ ꯃꯥꯂꯦꯝꯒꯤ ꯈ꯭ꯋꯥꯏꯗꯒꯤ ꯑꯔꯤꯕ ꯂꯣꯟꯅꯤ꯫,ꯁꯟ ꯁ꯭ ꯀꯔꯤ ꯠ    ꯑꯁꯤꯅ    ꯃꯥꯂꯦꯝꯒꯤ    ꯈ꯭ꯋꯥꯏꯗꯒꯤ    ꯑꯔꯤꯕ    ꯂꯣꯟ ꯅꯤ꯫ ,37,10
2717,ꯃꯁꯤꯗ ꯅꯍꯥꯛꯅ ꯈꯤꯇꯪ ꯁꯟꯗꯣꯛꯄꯤꯕ ꯌꯥꯒꯗ꯭ꯔꯥ,ꯃꯁꯤꯗ    ꯅꯍꯥꯛꯅ    ꯈꯤ ꯇ ꯪ    ꯁꯟꯗꯣꯛ ꯄꯤꯕ    ꯌꯥ ꯒ ꯗ꯭ꯔꯥ ,28,10
2718,ꯌꯥꯅꯤ,ꯌꯥ ꯅꯤ ,4,2
2719,"ꯁ꯭ꯔꯨꯇꯤ ꯄꯥꯔꯝꯄꯔꯥꯒꯤ ꯃꯇꯝꯗꯒꯤ, ꯁꯟꯁ꯭ꯀꯔꯤꯠꯀꯤ ꯈꯣꯏꯔꯤꯔꯣꯟ ꯑꯁꯤ ꯑꯩꯈꯣꯏꯗ ꯆꯤꯟꯅ ꯍꯥꯏꯕꯒꯤ ꯆꯠꯅꯕꯤꯗ ꯄꯤꯊꯥꯔꯛꯄꯅꯤ ꯫","ꯁ꯭ꯔ ꯨ ꯇꯤ    ꯄꯥꯔ ꯝꯄ ꯔꯥꯒꯤ    ꯃꯇꯝ ꯗꯒꯤ,    ꯁꯟ ꯁ꯭ ꯀꯔꯤ ꯠꯀꯤ    ꯈꯣꯏ ꯔꯤ ꯔꯣ ꯟ    ꯑꯁꯤ    ꯑꯩꯈ ꯣꯏ ꯗ    ꯆꯤ ꯟꯅ    ꯍꯥꯏꯕꯒꯤ    ꯆꯠꯅꯕꯤ ꯗ    ꯄꯤ ꯊꯥꯔ ꯛꯄ ꯅꯤ    ꯫ ",75,30
2720,ꯈꯣꯏꯔꯤꯂꯣꯟꯁꯤꯒꯤ ꯃꯁꯤꯡ ꯈ꯭ꯋꯥꯏꯗꯒꯤ ꯌꯥꯝꯕ ꯑꯁꯤ ꯁꯩꯔꯦꯡꯒꯤ ꯄꯟꯈꯩ ꯃꯅꯨꯡꯗ ꯂꯩ ꯫,ꯈꯣꯏ ꯔꯤ ꯂꯣꯟ ꯁꯤꯒꯤ    ꯃꯁꯤꯡ    ꯈ꯭ꯋꯥꯏꯗꯒꯤ    ꯌꯥꯝꯕ    ꯑꯁꯤ    ꯁꯩꯔꯦ ꯡꯒꯤ    ꯄꯟ ꯈꯩ    ꯃꯅꯨꯡꯗ    ꯂꯩ    ꯫ ,50,15
2721,ꯁꯩꯔꯦꯡꯗ ꯁꯟꯁ꯭ꯀꯔꯤꯠꯀꯤ ꯄꯔꯦꯡ ꯂꯦꯞꯇꯅ ꯆꯠꯊꯕ ꯑꯁꯤ ꯃꯥꯂꯦꯝꯒꯤ ꯈꯣꯏꯔꯤꯔꯣꯟꯒꯤ ꯈ꯭ꯋꯥꯏꯗꯒꯤ ꯑꯔꯤꯕ ꯆꯦ ꯔꯤꯒꯕꯦꯗꯥ ꯐꯥꯎꯕꯗ ꯁꯝꯕ ꯌꯥꯏ꯫,ꯁꯩꯔꯦ ꯡꯗ    ꯁꯟ ꯁ꯭ ꯀꯔꯤ ꯠꯀꯤ    ꯄꯔꯦꯡ    ꯂꯦꯞꯇꯅ    ꯆꯠꯊꯕ    ꯑꯁꯤ    ꯃꯥꯂꯦꯝꯒꯤ    ꯈꯣꯏ ꯔꯤ ꯔꯣ ꯟꯒꯤ    ꯈ꯭ꯋꯥꯏꯗꯒꯤ    ꯑꯔꯤꯕ    ꯆꯦ    ꯔꯤ ꯒ ꯕꯦ ꯗꯥ    ꯐꯥꯎꯕꯗ    ꯁ ꯝꯕ    ꯌꯥꯏ꯫ ,82,26
2722,ꯃꯑꯗꯨꯗꯤ ꯌꯥꯝꯅ ꯐꯩꯌꯦ,ꯃ ꯑꯗꯨꯗꯤ    ꯌꯥꯝꯅ    ꯐ ꯩ ꯌꯦ,14,6
2723,"ꯑꯣꯖꯥ, ꯁꯣꯝꯒꯤ ꯌꯥꯝꯅ ꯊꯣꯏꯔꯕ ꯃꯥꯑꯣꯡꯗ ꯁꯟꯗꯣꯛꯄꯅ ꯇꯥꯛꯄꯤꯕꯁꯤꯡꯒꯤꯗꯃꯛ ꯌꯥꯝꯅ ꯊꯥꯒꯠꯆꯔꯤ꯫","ꯑꯣ ꯖꯥ ,    ꯁꯣ ꯝꯒꯤ    ꯌꯥꯝꯅ    ꯊꯣꯏ ꯔꯕ    ꯃꯥ ꯑꯣ ꯡꯗ    ꯁꯟꯗꯣꯛ ꯄꯅ    ꯇꯥꯛ ꯄꯤ ꯕ ꯁꯤꯡꯒꯤꯗꯃꯛ    ꯌꯥꯝꯅ    ꯊꯥꯒꯠ ꯆ ꯔꯤ꯫ ",58,21
2724,ꯃꯇꯝ ꯑꯃꯍꯦꯛꯇꯗ ꯁꯣꯝꯕꯨ ꯇꯔꯥꯝꯅ ꯑꯣꯀꯆꯔꯤ,ꯃꯇꯝ    ꯑꯃꯍꯦꯛꯇꯗ    ꯁꯣ ꯝꯕꯨ    ꯇꯔꯥ ꯝꯅ    ꯑꯣ ꯀ ꯆ ꯔꯤ ,26,10
2725,ꯌꯥꯏꯐꯕ ꯅꯨꯃꯤꯠ ꯑꯃ ꯑꯣꯏꯕꯤꯌꯨ,ꯌꯥꯏ ꯐꯕ    ꯅꯨꯃꯤꯠ    ꯑꯃ    ꯑꯣꯏ ꯕꯤꯌꯨ ,19,6
2726,ꯂꯩꯖꯍꯧꯔꯦ,ꯂꯩ ꯖ ꯍꯧ ꯔꯦ ,7,4
2727,"ꯍꯦꯂꯣ, ꯑꯩꯍꯥꯛ ꯀꯨꯇꯨꯕ ꯃꯤꯅꯥꯔꯒꯤ ꯆꯪꯕ ꯌꯥꯕꯒꯤ ꯃꯇꯝꯒꯤ ꯃꯇꯥꯡꯗ ꯍꯪꯅꯕ ꯀꯣꯜ ꯇꯧꯖꯔꯛꯄꯅꯤ꯫","ꯍꯦ ꯂꯣ ,    ꯑꯩꯍꯥꯛ   ꯀꯨ ꯇꯨ ꯕ    ꯃꯤ ꯅꯥꯔ ꯒꯤ    ꯆꯪꯕ    ꯌꯥꯕꯒꯤ    ꯃꯇꯝꯒꯤ    ꯃꯇꯥꯡꯗ    ꯍꯪ ꯅꯕ    ꯀꯣꯜ    ꯇꯧ ꯖ ꯔꯛꯄ ꯅꯤ꯫ ",56,21
2728,"ꯍꯣꯏ, ꯅꯤꯡꯁꯤꯡ ꯈꯨꯕꯝ ꯑꯁꯤ ꯅꯨꯃꯤꯠ ꯂꯣꯏꯅꯃꯛꯇ ꯍꯥꯡꯖꯩ ꯑꯗꯨꯒ ꯑꯗꯣꯝꯅ ꯑꯌꯨꯛꯀꯤ ꯄꯨꯡ ꯷ꯇꯒꯤ ꯅꯨꯡꯊꯤꯜꯒꯤ ꯄꯨꯡ ꯵ ꯐꯥꯎꯕꯒꯤ ꯃꯅꯨꯡꯗ ꯂꯥꯛꯄꯤꯕ ꯌꯥꯒꯅꯤ꯫","ꯍ ꯣꯏ ,    ꯅꯤꯡꯁꯤꯡ    ꯈꯨ ꯕꯝ    ꯑꯁꯤ    ꯅꯨꯃꯤꯠ    ꯂꯣꯏꯅ ꯃꯛꯇ    ꯍꯥꯡ ꯖꯩ    ꯑꯗꯨꯒ    ꯑꯗꯣꯝꯅ    ꯑꯌꯨ ꯛꯀꯤ    ꯄꯨꯡ    ꯷ ꯇꯒꯤ    ꯅꯨꯡ ꯊꯤ ꯜꯒꯤ    ꯄꯨꯡ    ꯵    ꯐꯥꯎꯕꯒꯤ    ꯃꯅꯨꯡꯗ    ꯂꯥꯛ ꯄꯤꯕ    ꯌꯥꯒꯅꯤ꯫ ",91,29
2729,ꯑꯍꯜꯁꯤꯡꯒꯤ ꯑꯦꯟꯇ꯭ꯔꯤ ꯐꯤꯁꯦ ꯀꯌꯥ ꯑꯣꯏꯕꯤꯕꯒꯦ,ꯑꯍ ꯜꯁꯤꯡꯒꯤ    ꯑꯦꯟ ꯇ꯭ꯔꯤ    ꯐꯤ ꯁꯦ    ꯀꯌꯥ    ꯑꯣꯏ ꯕꯤ ꯕꯒꯦ ,30,10
2730,ꯑꯍꯜꯁꯤꯡꯒꯤ ꯇꯣꯉꯥꯟꯕ ꯑꯦꯟꯇ꯭ꯔꯤ ꯐꯤ ꯂꯩꯇꯦ꯫,ꯑꯍ ꯜꯁꯤꯡꯒꯤ    ꯇꯣꯉꯥꯟꯕ    ꯑꯦꯟ ꯇ꯭ꯔꯤ    ꯐꯤ    ꯂꯩꯇꯦ꯫ ,28,7
2731,ꯃꯁꯤ ꯑꯗꯣꯝ ꯚꯥꯔꯠ ꯃꯆꯥꯔꯥ ꯅꯠꯇ꯭ꯔꯒ ꯃꯄꯥꯟ ꯂꯩꯕꯥꯛꯀꯤ ꯃꯆꯥꯔꯥꯗ ꯃꯈꯥ ꯄꯣꯜꯂꯤ꯫,ꯃꯁꯤ    ꯑꯗꯣ ꯝ    ꯚꯥꯔꯠ    ꯃꯆ ꯥꯔ ꯥ    ꯅꯠꯇ꯭ꯔꯒ    ꯃꯄꯥꯟ    ꯂꯩꯕꯥꯛꯀꯤ    ꯃꯆ ꯥꯔ ꯥꯗ    ꯃꯈꯥ    ꯄꯣꯜꯂꯤ꯫ ,48,15
2732,ꯚꯥꯔꯠ ꯃꯆꯥꯁꯤꯡꯒꯤꯅ ꯃꯁꯤ ꯂꯨꯄꯥ ꯳꯵ꯅꯤ ꯑꯗꯨꯒ ꯃꯄꯥꯟ ꯂꯩꯕꯥꯛꯀꯤ ꯃꯆꯥꯒꯤꯅ ꯂꯨꯄꯥ ꯵꯵꯰ꯅꯤ꯫,ꯚꯥꯔꯠ    ꯃꯆꯥ ꯁꯤꯡ ꯒꯤ ꯅ    ꯃꯁꯤ    ꯂꯨꯄꯥ    ꯳ ꯵ ꯅꯤ    ꯑꯗꯨꯒ    ꯃꯄꯥꯟ    ꯂꯩꯕꯥꯛꯀꯤ    ꯃꯆꯥ ꯒꯤ ꯅ    ꯂꯨꯄꯥ    ꯵ ꯵꯰ ꯅꯤ꯫ ,55,20
2733,ꯑꯣ ꯑꯗꯨ ꯑꯣꯏꯔꯦ꯫ ꯑꯩꯍꯥꯛ ꯖꯥꯗꯕꯄꯨꯔ ꯌꯨꯅꯤꯚꯔꯁꯤꯇꯤꯒꯤ ꯃꯍꯩꯔꯣꯏ ꯑꯃꯅꯤ꯫,ꯑꯣ    ꯑꯗꯨ    ꯑꯣꯏꯔꯦ꯫    ꯑꯩꯍꯥꯛ   ꯖꯥ ꯗꯕ ꯄꯨꯔ    ꯌꯨꯅꯤꯚꯔꯁꯤ ꯇꯤꯒꯤ    ꯃꯍꯩꯔꯣꯏ    ꯑꯃꯅꯤ꯫ ,46,11
2734,ꯑꯩꯍꯥꯛꯅ ꯐꯪꯕ ꯌꯥꯕ ꯃꯍꯩꯔꯣꯏꯒꯤ ꯗꯤꯁꯀꯥꯎꯟꯇ ꯂꯩꯕꯤꯕ꯭ꯔ,ꯑꯩꯍꯥꯛ ꯅ    ꯐꯪꯕ    ꯌꯥꯕ    ꯃꯍꯩꯔꯣꯏ ꯒꯤ    ꯗꯤꯁ ꯀꯥꯎꯟ ꯇ    ꯂꯩ ꯕꯤ ꯕ꯭ꯔ,35,12
2735,ꯑꯩꯒꯤ ꯃꯔꯨꯞ ꯃꯔꯤ ꯑꯃꯁꯨ ꯄꯨꯔꯛꯀꯦꯅ ꯄ꯭ꯂꯥꯟ ꯇꯧꯔꯤ꯫,ꯑ ꯩꯒꯤ    ꯃꯔꯨꯞ    ꯃꯔꯤ    ꯑꯃꯁꯨ    ꯄꯨꯔꯛ ꯀꯦ ꯅ    ꯄ꯭ ꯂꯥꯟ    ꯇꯧꯔꯤ꯫ ,32,11
2736,ꯑꯁꯤꯒꯨꯝꯕꯒꯤ ꯃꯍꯩꯔꯣꯏꯒꯤ ꯗꯤꯁꯀꯥꯎꯟꯇ ꯂꯩꯖꯗꯦ꯫,ꯑꯁꯤ ꯒꯨꯝ ꯕꯒꯤ    ꯃꯍꯩꯔꯣꯏ ꯒꯤ    ꯗꯤꯁ ꯀꯥꯎꯟ ꯇ    ꯂꯩ ꯖ ꯗꯦ꯫ ,31,11
2737,ꯑꯗꯨꯕꯨ ꯀꯔꯤꯒꯨꯝꯕ ꯑꯗꯣꯝꯅ ꯇꯤꯀꯦꯠꯁꯤꯡ ꯑꯗꯨ ꯑꯣꯟꯂꯥꯏꯟꯗ ꯂꯩꯔꯕꯗꯤ ꯅꯠꯇ꯭ꯔꯒ ꯄꯩꯁꯥ ꯊꯤꯅꯕ ꯀ꯭ꯌꯨ,ꯑꯗꯨꯕꯨ    ꯀꯔꯤꯒꯨꯝꯕ    ꯑꯗꯣꯝꯅ    ꯇꯤ ꯀꯦ ꯠꯁꯤꯡ    ꯑꯗꯨ    ꯑꯣꯟꯂꯥꯏꯟꯗ    ꯂꯩꯔꯕꯗꯤ    ꯅꯠꯇ꯭ꯔꯒ    ꯄꯩ ꯁꯥ    ꯊꯤꯅꯕ    ꯀ ꯭ꯌꯨ ,60,15
2738,ꯑꯥꯔ,ꯑꯥꯔ,3,1
2739,ꯀꯣꯗ ꯑꯃ ꯁ꯭ꯀꯦꯟ ꯇꯧꯔꯕꯗꯤ ꯑꯗꯣꯝ ꯗꯤꯁꯀꯥꯎꯟꯇ ꯐꯪꯒꯅꯤ꯫,ꯀꯣꯗ    ꯑꯃ    ꯁ꯭ ꯀꯦꯟ    ꯇꯧ ꯔꯕꯗꯤ    ꯑꯗꯣ ꯝ    ꯗꯤꯁ ꯀꯥꯎꯟ ꯇ    ꯐꯪꯒꯅꯤ꯫ ,34,12
2740,"ꯑꯣꯀꯦ, ꯑꯩꯍꯥꯛꯀꯤ ꯅꯝꯕꯔ ꯁꯤꯗ ꯂꯩꯖꯔꯦ꯫","ꯑꯣ ꯀꯦ ,    ꯑꯩꯍꯥꯛ ꯀꯤ    ꯅꯝꯕꯔ    ꯁꯤꯗ    ꯂꯩ ꯖ ꯔꯦ꯫ ",25,10
2741,ꯑꯗꯣꯝꯅ ꯋꯥꯠꯁꯑꯦꯞꯇ ꯋꯦꯕꯁꯥꯏꯠꯇꯨꯒꯤ ꯂꯤꯡꯀ ꯑꯗꯨ ꯑꯩꯉꯣꯟꯗ ꯊꯥꯕꯤꯔꯛꯄ ꯌꯥꯒꯗ꯭ꯔ,ꯑꯗꯣꯝꯅ    ꯋꯥꯠ ꯁ ꯑꯦ ꯞꯇ    ꯋꯦꯕꯁꯥꯏ ꯠꯇꯨ ꯒꯤ    ꯂꯤꯡ ꯀ    ꯑꯗꯨ    ꯑꯩ ꯉꯣꯟꯗ    ꯊꯥ ꯕꯤ ꯔꯛꯄ    ꯌꯥ ꯒ ꯗ꯭ꯔ ,50,19
2742,"ꯍꯣꯏ, ꯇꯧꯕ ꯌꯥꯅꯤ꯫","ꯍ ꯣꯏ ,    ꯇꯧꯕ    ꯌꯥ ꯅꯤ꯫ ",12,6
2743,ꯑꯗꯣꯝꯅ ꯃꯁꯤꯒꯤ ꯈꯨꯊꯥꯡꯗ ꯇꯤꯀꯦꯠꯁꯤꯡ ꯑꯗꯨ ꯃꯥꯡꯖꯧꯅꯅ ꯕꯨꯛ ꯇꯧꯕ ꯌꯥꯒꯅꯤ꯫,ꯑꯗꯣꯝꯅ    ꯃꯁꯤꯒꯤ    ꯈꯨ ꯊꯥꯡꯗ    ꯇꯤ ꯀꯦ ꯠꯁꯤꯡ    ꯑꯗꯨ    ꯃꯥꯡꯖꯧꯅꯅ    ꯕ ꯨꯛ    ꯇꯧꯕ    ꯌꯥꯒꯅꯤ꯫ ,46,13
2744,"ꯑꯣꯀꯦ, ꯀꯔꯝꯕ ꯄꯨꯡꯁꯤꯡꯗ ꯈ꯭ꯋꯥꯏꯗꯒꯤ ꯀꯣꯝꯕꯒꯦ","ꯑꯣ ꯀꯦ ,    ꯀꯔꯝꯕ    ꯄꯨ ꯡ ꯁꯤꯡꯗ    ꯈ꯭ꯋꯥꯏꯗꯒꯤ    ꯀꯣ ꯝꯕ ꯒꯦ ",30,11
2745,ꯑꯩꯒꯤ ꯃꯔꯨꯞꯁꯤꯡ ꯑꯃꯗꯤ ꯑꯩꯒ ꯗꯣꯀꯨꯃꯦꯟꯇꯔꯤ ꯑꯃ ꯅꯝꯅꯕ ꯀꯨꯇꯨꯕ ꯃꯤꯅꯥꯔ ꯆꯠꯄ ꯃꯊꯧ ꯇꯥꯏ꯫,ꯑ ꯩꯒꯤ    ꯃꯔꯨ ꯞꯁꯤꯡ    ꯑꯃꯗꯤ    ꯑꯩ ꯒ    ꯗꯣ ꯀꯨ ꯃꯦꯟ ꯇꯔꯤ    ꯑꯃ    ꯅꯝ ꯅꯕ    ꯀꯨ ꯇꯨ ꯕ    ꯃꯤ ꯅ ꯥꯔ    ꯆꯠꯄ    ꯃꯊꯧ    ꯇꯥꯏ꯫ ,54,23
2746,ꯑꯗꯨꯅ ꯑꯩꯈꯣꯏꯅ ꯃꯤꯌꯥꯝ ꯄꯨꯟꯗꯕ ꯉꯝꯂꯕꯗꯤ ꯆꯞꯆꯥꯕ ꯑꯣꯏꯒꯅꯤ꯫,ꯑꯗꯨꯅ    ꯑꯩꯈꯣꯏꯅ    ꯃꯤꯌꯥꯝ    ꯄꯨꯟ ꯗꯕ    ꯉꯝ ꯂꯕꯗꯤ    ꯆ ꯞ ꯆꯥꯕ    ꯑꯣꯏꯒꯅꯤ꯫ ,38,11
2747,"ꯅꯤꯡꯁꯤꯡ ꯈꯨꯕꯝ ꯑꯁꯤ ꯑꯌꯥꯝꯕ ꯃꯇꯝꯗ ꯃꯤ ꯆꯤꯜꯂꯤ ꯑꯗꯨꯕꯨ ꯃꯔꯨꯑꯣꯏꯅ ꯅꯕꯦꯝꯕꯔꯗꯒꯤ ꯃꯥꯔꯆ ꯐꯥꯎꯕ, ꯃꯔꯝꯗꯤ ꯃꯁꯤꯗ ꯂꯥꯛꯄꯒꯤ ꯈ꯭ꯋꯥꯏꯗꯒꯤ ꯐꯕ ꯃꯇꯝ ꯑꯁꯤ ꯃꯗꯨꯅꯤ꯫","ꯅꯤꯡꯁꯤꯡ    ꯈꯨ ꯕꯝ    ꯑꯁꯤ    ꯑꯌꯥꯝꯕ    ꯃꯇꯝꯗ    ꯃꯤ    ꯆꯤ ꯜꯂꯤ    ꯑꯗꯨꯕꯨ    ꯃꯔꯨꯑꯣꯏꯅ    ꯅꯕꯦꯝꯕ ꯔ ꯗꯒꯤ    ꯃꯥꯔꯆ    ꯐꯥꯎ ꯕ,    ꯃꯔꯝꯗꯤ    ꯃꯁꯤꯗ    ꯂꯥꯛ ꯄꯒꯤ    ꯈ꯭ꯋꯥꯏꯗꯒꯤ    ꯐꯕ    ꯃꯇꯝ    ꯑꯁꯤ    ꯃꯗꯨ ꯅꯤ꯫ ",96,27
2748,ꯀꯣꯕꯤꯗꯅ ꯃꯔꯝ ꯑꯣꯏꯗꯨꯅ ꯃꯤ ꯇꯤꯟꯕꯁꯤꯡ ꯑꯗꯨ ꯈꯤꯇꯪ ꯍꯟꯊꯔꯦ ꯑꯗꯨꯅ ꯀꯔꯤꯒꯨꯝꯕ ꯑꯗꯣꯝꯅ ꯑꯌꯨꯛ ꯑꯉꯟꯕꯗ ꯂꯥꯛꯂꯕꯗꯤ ꯑꯗꯣꯝ ꯁꯥꯟꯇꯤꯗ ꯅꯝꯕ ꯉꯝꯐꯝ ꯊꯣꯛꯏ꯫,ꯀꯣ ꯕꯤ ꯗꯅ    ꯃꯔꯝ    ꯑꯣꯏꯗꯨꯅ    ꯃꯤ    ꯇꯤꯟ ꯕꯁꯤꯡ    ꯑꯗꯨ    ꯈꯤ ꯇ ꯪ    ꯍꯟꯊ ꯔꯦ    ꯑꯗꯨꯅ    ꯀꯔꯤꯒꯨꯝꯕ    ꯑꯗꯣꯝꯅ    ꯑꯌꯨ ꯛ    ꯑꯉꯟ ꯕꯗ    ꯂꯥꯛ ꯂꯕꯗꯤ    ꯑꯗꯣ ꯝ    ꯁꯥꯟ ꯇꯤꯗ    ꯅꯝꯕ    ꯉꯝ ꯐꯝ    ꯊꯣꯛꯏ꯫ ,90,31
2749,"ꯑꯣꯀꯦ, ꯑꯌꯨꯛ ꯑꯉꯟꯕ, ꯃꯗꯨ ꯑꯩꯍꯥꯛ ꯅꯤꯡꯁꯤꯡꯖꯒꯦ꯫","ꯑꯣ ꯀꯦ ,    ꯑꯌꯨ ꯛ    ꯑꯉꯟ ꯕ,    ꯃꯗꯨ    ꯑꯩꯍꯥꯛ   ꯅꯤꯡꯁꯤꯡ ꯖ ꯒꯦ ꯫ ",32,13
2750,ꯇꯋꯔ ꯑꯗꯨꯒꯤ ꯃꯇꯣꯟꯗ ꯑꯩꯈꯣꯏ ꯆꯠꯄ ꯌꯥꯒꯗ꯭ꯔ,ꯇ ꯋꯔ    ꯑꯗꯨꯒꯤ    ꯃꯇ ꯣꯟꯗ    ꯑꯩꯈ ꯣꯏ    ꯆꯠꯄ    ꯌꯥ ꯒ ꯗ꯭ꯔ ,27,11
2751,ꯑꯩꯈꯣꯏꯒꯤ ꯗꯣꯀꯨꯃꯦꯟꯇꯔꯤꯗ ꯃꯤꯅꯥꯔ ꯑꯗꯨꯒꯤ ꯃꯇꯣꯟꯗꯒꯤ ꯁꯛꯇꯝ ꯑꯗꯨ ꯌꯥꯎꯍꯟꯕ ꯉꯝꯂꯕꯗꯤ ꯌꯥꯝꯅ ꯐꯅꯤ꯫,ꯑꯩꯈ ꯣꯏꯒꯤ    ꯗꯣ ꯀꯨ ꯃꯦꯟ ꯇ ꯔꯤꯗ    ꯃꯤ ꯅ ꯥꯔ    ꯑꯗꯨꯒꯤ    ꯃꯇꯣ ꯟꯗꯒꯤ    ꯁꯛꯇꯝ    ꯑꯗꯨ    ꯌꯥꯎ ꯍꯟꯕ    ꯉꯝ ꯂꯕꯗꯤ    ꯌꯥꯝꯅ    ꯐ ꯅꯤ꯫ ,62,22
2752,ꯍꯥꯟꯅ ꯌꯥꯔꯝꯃꯤ ꯑꯗꯨꯕꯨ ꯃꯇꯝ ꯈꯔꯒꯤ ꯃꯃꯥꯡꯗ ꯊꯣꯛꯈꯤꯕ ꯑꯦꯛꯁꯤꯗꯦꯟꯇ ꯑꯃꯒꯤ ꯃꯔꯝꯅ ꯍꯧꯖꯤꯛꯇꯤ ꯊꯤꯡꯉꯦ꯫,ꯍꯥꯟꯅ    ꯌꯥ ꯔꯝꯃꯤ    ꯑꯗꯨꯕꯨ    ꯃꯇꯝ    ꯈꯔꯒꯤ    ꯃꯃꯥꯡꯗ    ꯊꯣꯛꯈꯤꯕ    ꯑꯦꯛ ꯁꯤꯗꯦꯟ ꯇ    ꯑꯃꯒꯤ    ꯃꯔꯝꯅ    ꯍꯧꯖꯤꯛꯇꯤ    ꯊꯤꯡ ꯉ ꯦ ꯫ ,63,18
2753,ꯃꯄꯥꯟꯗꯒꯤ ꯅꯤꯡꯁꯤꯡ ꯈꯨꯕꯝ ꯑꯁꯤꯒꯤ ꯐꯖꯔꯕ ꯁꯣꯠꯁꯤꯡ ꯑꯗꯣꯝꯅ ꯐꯪꯅꯤ ꯍꯥꯏꯕ ꯑꯩꯍꯥꯛ ꯊꯥꯖꯩ꯫,ꯃꯄꯥꯟ ꯗꯒꯤ    ꯅꯤꯡꯁꯤꯡ    ꯈꯨ ꯕꯝ    ꯑꯁꯤꯒꯤ    ꯐꯖꯔꯕ    ꯁꯣ ꯠꯁꯤꯡ    ꯑꯗꯣꯝꯅ    ꯐꯪ ꯅꯤ    ꯍꯥꯏꯕ    ꯑꯩꯍꯥꯛ   ꯊꯥꯖ ꯩ꯫ ,55,16
2754,"ꯑꯣ, ꯅꯤꯡꯕ ꯀꯥꯏ ꯃꯗꯨꯗꯤ꯫","ꯑꯣ ,    ꯅꯤꯡꯕ    ꯀꯥꯏ    ꯃꯗꯨ ꯗ ꯤ꯫ ",16,7
2755,ꯑꯗꯨꯕꯨ ꯑꯩꯈꯣꯏꯅ ꯐꯪꯕ ꯑꯗꯨꯅ ꯑꯩꯈꯣꯏ ꯌꯥꯅꯕ ꯇꯧ ꯇꯥꯔꯃꯥꯜꯂꯦ꯫,ꯑꯗꯨꯕꯨ    ꯑꯩꯈꯣꯏꯅ    ꯐꯪꯕ    ꯑꯗꯨꯅ    ꯑꯩꯈ ꯣꯏ    ꯌꯥꯅꯕ    ꯇꯧ   ꯇꯥꯔ ꯃꯥꯜ ꯂꯦ꯫ ,38,11
2756,ꯃꯗꯨꯗ ꯀꯦꯃꯦꯔꯥ ꯁꯤꯖꯤꯟꯅꯕ ꯌꯥꯕꯤꯕ ꯅꯠꯇ꯭ꯔ,ꯃꯗꯨꯗ    ꯀꯦꯃꯦ ꯔꯥ    ꯁꯤꯖꯤꯟꯅꯕ    ꯌꯥ ꯕꯤꯕ    ꯅꯠꯇ꯭ꯔ,27,7
2757,"ꯍꯣꯏ, ꯑꯣꯐ ꯀꯣꯔꯁ, ꯀꯦꯃꯦꯔꯥꯁꯤꯡ ꯑꯌꯥꯕ ꯄꯤ꯫","ꯍ ꯣꯏ ,    ꯑꯣꯐ    ꯀꯣꯔ ꯁ,    ꯀꯦꯃꯦ ꯔꯥ ꯁꯤꯡ    ꯑꯌꯥꯕ    ꯄꯤ꯫ ",28,11
2758,"ꯒꯨꯗ ꯃꯣꯔꯅꯤꯡ, ꯅꯪꯒꯤ ꯃꯍꯥꯔꯥꯁꯇ꯭ꯔ ꯆꯠꯂꯨꯕꯒꯤ ꯈꯣꯡꯆꯠ ꯑꯗꯨ ꯀꯝꯗꯧꯔꯛꯀꯦ","ꯒꯨ ꯗ    ꯃꯣꯔ ꯅꯤꯡ ,    ꯅꯪ ꯒꯤ    ꯃꯍꯥꯔꯥꯁꯇ꯭ꯔ   ꯆꯠ ꯂꯨ ꯕꯒꯤ    ꯈꯣꯡꯆꯠ    ꯑꯗꯨ    ꯀꯝ ꯗꯧ ꯔꯛ ꯀꯦ ",46,17
2759,"ꯍꯦꯂꯣ, ꯃꯗꯨ ꯌꯥꯝꯅ ꯅꯨꯉꯥꯏꯔꯛ ꯑꯦ ꯫","ꯍꯦ ꯂꯣ ,    ꯃꯗꯨ    ꯌꯥꯝꯅ    ꯅꯨ ꯉꯥꯏ ꯔꯛ    ꯑꯦ    ꯫ ",22,10
2760,ꯑꯩ ꯃꯐꯝ ꯀꯌꯥ ꯑꯃꯗ ꯀꯣꯏꯕ ꯆꯠꯂꯛꯑꯦ ꯑꯃꯁꯨꯡ ꯃꯐꯝ ꯑꯗꯨꯒꯤ ꯑꯆꯥ ꯑꯊꯛ ꯀꯌꯥ ꯑꯃ ꯃꯍꯥꯎ ꯇꯪꯂꯛꯄꯗꯒꯤ ꯌꯥꯝꯅ ꯃꯥꯃꯤꯡ ꯂꯩꯔꯕ ꯃꯐꯝꯁꯤꯡ ꯀꯌꯥ ꯑꯃꯁꯨ ꯌꯦꯡꯉꯛꯑꯦ꯫,ꯑ ꯩ    ꯃꯐꯝ    ꯀꯌꯥ    ꯑꯃꯗ    ꯀꯣꯏ ꯕ    ꯆꯠ ꯂꯛ ꯑꯦ    ꯑꯃꯁꯨꯡ    ꯃꯐꯝ    ꯑꯗꯨꯒꯤ    ꯑꯆ ꯥ    ꯑ ꯊ ꯛ    ꯀꯌꯥ    ꯑꯃ    ꯃꯍ ꯥꯎ    ꯇꯪ ꯂꯛ ꯄꯗꯒꯤ    ꯌꯥꯝꯅ    ꯃꯥ ꯃꯤꯡ    ꯂꯩꯔꯕ    ꯃꯐꯝꯁꯤꯡ    ꯀꯌꯥ    ꯑꯃꯁꯨ    ꯌꯦꯡ ꯉꯛ ꯑꯦ ꯫ ,91,36
2761,"ꯅꯍꯥꯛ ꯑꯩꯉꯣꯟꯗ ꯄꯨꯅꯃꯛ ꯇꯝꯒꯗꯧꯕꯅꯦ, ꯐꯔꯕꯁꯨ ꯐꯠꯇ꯭ꯔꯕꯁꯨ, ꯅꯪꯅ ꯑꯩ ꯏꯊꯟꯇ ꯍꯨꯟꯗꯣꯛ ꯑꯝꯃꯒ ꯅꯊꯟꯇ ꯍꯞꯇꯥ ꯑꯃ ꯀꯣꯏꯕ ꯆꯠꯂꯨꯔꯤꯅꯦ ꯫","ꯅꯍꯥꯛ    ꯑꯩ ꯉꯣꯟꯗ    ꯄꯨ ꯅ ꯃꯛ    ꯇꯝ ꯒꯗꯧ ꯕ ꯅꯦ ,    ꯐ ꯔꯕꯁꯨ    ꯐ ꯠ ꯇ꯭ꯔ ꯕꯁꯨ,    ꯅꯪ ꯅ    ꯑ ꯩ    ꯏꯊ ꯟꯇ    ꯍꯨꯟ ꯗꯣꯛ    ꯑ ꯝꯃ ꯒ    ꯅ ꯊ ꯟꯇ    ꯍ ꯞ ꯇꯥ    ꯑꯃ    ꯀꯣꯏ ꯕ    ꯆꯠ ꯂꯨ ꯔꯤ ꯅꯦ    ꯫ ",80,42
2762,ꯅꯪꯁꯨ ꯃꯍꯥꯔꯥꯁꯇ꯭ꯔꯗ ꯁꯨꯡꯁꯣꯏ ꯁꯣꯏꯗꯅ ꯀꯣꯏꯕ ꯆꯠꯂꯣ ꯫,ꯅꯪ ꯁꯨ    ꯃꯍꯥꯔꯥꯁꯇ꯭ꯔ ꯗ    ꯁꯨꯡ ꯁ ꯣꯏ    ꯁꯣꯏꯗꯅ    ꯀꯣꯏ ꯕ    ꯆꯠ ꯂꯣ    ꯫ ,34,13
2763,"ꯅꯪꯅ ꯀꯣꯏꯕ ꯆꯠꯄ ꯌꯥꯕ ꯃꯐꯝ ꯀꯌꯥ ꯑꯃ ꯂꯩ, ꯑꯃꯁꯨꯡ ꯃꯔꯨ ꯑꯣꯏꯅ ꯅꯍꯥꯛꯅ ꯄꯨꯋꯥꯔꯤꯒꯤ ꯑꯣꯏꯕ ꯃꯐꯝꯁꯤꯡ ꯄꯥꯝꯂꯕꯗꯤ ꯫","ꯅꯪ ꯅ    ꯀꯣꯏ ꯕ    ꯆꯠꯄ    ꯌꯥꯕ    ꯃꯐꯝ    ꯀꯌꯥ    ꯑꯃ    ꯂꯩ,    ꯑꯃꯁꯨꯡ    ꯃꯔꯨ    ꯑꯣꯏꯅ    ꯅꯍꯥꯛꯅ    ꯄꯨꯋꯥꯔꯤꯒꯤ    ꯑꯣꯏꯕ    ꯃꯐꯝꯁꯤꯡ    ꯄꯥꯝ ꯂꯕꯗꯤ    ꯫ ",67,20
2764,"ꯍꯣꯏ, ꯑꯩꯁꯨ ꯃꯍꯥꯔꯥꯁꯇ꯭ꯔꯒꯤ ꯃꯄꯥ ꯃꯄꯨꯒꯤ ꯃꯇꯝꯒꯤ ꯑꯣꯏꯕ ꯄꯨꯋꯥꯔꯤꯒꯤ ꯄꯣꯠꯁꯤꯡꯒꯤ ꯃꯇꯥꯡꯗ ꯌꯥꯝꯅ ꯇꯥꯔꯦ ꯫","ꯍ ꯣꯏ ,    ꯑꯩ ꯁꯨ    ꯃꯍꯥꯔꯥꯁꯇ꯭ꯔꯒꯤ    ꯃꯄꯥ    ꯃꯄꯨ ꯒꯤ    ꯃꯇꯝꯒꯤ    ꯑꯣꯏꯕ    ꯄꯨꯋꯥꯔꯤꯒꯤ    ꯄꯣꯠ ꯁꯤꯡꯒꯤ    ꯃꯇꯥꯡꯗ    ꯌꯥꯝꯅ    ꯇꯥꯔ ꯦ    ꯫ ",66,19
2765,ꯅꯪ ꯑꯣꯔꯪꯒꯕꯥꯗ ꯆꯠꯂꯛꯄꯔꯥ,ꯅ ꯪ    ꯑꯣꯔ ꯪꯒ ꯕꯥꯗ    ꯆꯠ ꯂꯛ ꯄꯔ ꯥ ,17,9
2766,"ꯁꯨꯡꯁꯣꯏ ꯁꯣꯏꯗꯅ, ꯑꯩ ꯃꯗꯨꯒꯤ ꯇꯟꯖꯥ ꯃꯥꯡꯍꯟꯕ ꯑꯗꯨ ꯍꯟꯗꯛꯀꯤ ꯃꯇꯥꯡ ꯑꯁꯤꯗ ꯇꯧꯈꯤꯗꯦ꯫","ꯁꯨꯡ ꯁ ꯣꯏ    ꯁꯣꯏ ꯗꯅ,    ꯑ ꯩ    ꯃꯗꯨꯒꯤ    ꯇꯟ ꯖꯥ    ꯃꯥꯡ ꯍꯟꯕ    ꯑꯗꯨ    ꯍꯟꯗ ꯛꯀꯤ    ꯃꯇꯥꯡ    ꯑꯁꯤꯗ    ꯇꯧ ꯈꯤꯗꯦ꯫ ",53,19
2767,ꯑꯩꯅ ꯃꯁꯤꯒꯤ ꯃꯐꯝꯁꯤꯡ ꯑꯁꯤꯒꯤ ꯃꯇꯥꯡꯗ ꯌꯥꯝꯅ ꯄꯥꯈ꯭ꯔꯦ ꯑꯃꯁꯨꯡ ꯃꯃꯥꯡꯗ ꯑꯩ ꯑꯣꯔꯪꯒꯥꯕꯥꯗ ꯆꯠꯅꯕ ꯃꯇꯝ ꯂꯩꯈꯤꯗꯦ꯫,ꯑꯩ ꯅ    ꯃꯁꯤꯒꯤ    ꯃꯐꯝꯁꯤꯡ    ꯑꯁꯤꯒꯤ    ꯃꯇꯥꯡꯗ    ꯌꯥꯝꯅ    ꯄꯥ ꯈ꯭ꯔꯦ    ꯑꯃꯁꯨꯡ    ꯃꯃꯥꯡꯗ    ꯑ ꯩ    ꯑꯣꯔ ꯪ ꯒꯥ ꯕꯥꯗ    ꯆꯠꯅꯕ    ꯃꯇꯝ    ꯂꯩꯈꯤꯗꯦ꯫ ,69,20
2768,ꯅꯪ ꯅꯨꯃꯤꯠ ꯀꯌꯥꯅꯤ ꯑꯗꯨꯗ ꯂꯩꯔꯛꯀꯦ ꯑꯃꯁꯨꯡ ꯀꯔꯤ ꯀꯔꯤ ꯎꯔꯛꯀꯦ,ꯅ ꯪ    ꯅꯨꯃꯤꯠ    ꯀꯌꯥ ꯅꯤ    ꯑꯗꯨꯗ    ꯂꯩ ꯔꯛ ꯀꯦ    ꯑꯃꯁꯨꯡ    ꯀꯔꯤ    ꯀꯔꯤ    ꯎ ꯔꯛ ꯀꯦ ,38,15
2769,ꯍꯟꯗꯛꯇꯤ ꯑꯩ ꯃꯐꯝ ꯑꯗꯨꯗ ꯅꯨꯃꯤꯠ ꯱꯰ꯅꯤ ꯃꯨꯛ ꯂꯩꯔꯛ ꯏ ꯑꯗꯨꯅ ꯑꯩꯉꯣꯟꯗ ꯁꯤꯖꯤꯟꯅꯅꯕ ꯃꯇꯝ ꯈꯔ ꯂꯩꯈꯤ ꯫,ꯍꯟꯗ ꯛꯇꯤ    ꯑ ꯩ    ꯃꯐꯝ    ꯑꯗꯨꯗ    ꯅꯨꯃꯤꯠ    ꯱꯰ ꯅꯤ    ꯃꯨꯛ    ꯂꯩ ꯔꯛ    ꯏ    ꯑꯗꯨꯅ    ꯑꯩ ꯉꯣꯟꯗ    ꯁꯤꯖꯤꯟꯅꯅꯕ    ꯃꯇꯝ    ꯈꯔ    ꯂꯩꯈꯤ    ꯫ ,60,21
2770,ꯑꯩ ꯃꯃꯤꯡ ꯂꯩꯔꯕ ꯑꯖꯥꯟꯇꯥ ꯑꯃꯁꯨꯡ ꯑꯦꯂꯣꯔꯥ ꯁꯨꯔꯨꯡꯁꯤꯡ ꯆꯠꯂꯛꯏ ꯫,ꯑ ꯩ    ꯃꯃꯤꯡ    ꯂꯩꯔꯕ    ꯑꯖ ꯥꯟ ꯇꯥ    ꯑꯃꯁꯨꯡ    ꯑꯦ ꯂꯣ ꯔꯥ    ꯁꯨꯔꯨꯡꯁꯤꯡ    ꯆꯠ ꯂꯛ ꯏ    ꯫ ,41,16
2771,ꯑꯣꯔꯪꯒꯥꯕꯥꯗꯗ ꯂꯩꯕ ꯈ꯭ꯋꯥꯏꯗꯒꯤ ꯂꯤꯔꯕ ꯄꯨꯋꯥꯔꯤꯒꯤ ꯃꯐꯝꯁꯤꯡꯒꯤ ꯃꯔꯛꯇ ꯑꯃ ꯑꯣꯏꯔꯤꯕ ꯑꯖꯥꯟꯇꯥ ꯀꯦꯕ꯭ꯁ ꯑꯁꯤ ꯃꯈꯣꯏꯒꯤ ꯁꯨꯔꯨꯡꯗ ꯂꯥꯏ ꯌꯦꯛꯄ ꯑꯃꯁꯨꯡ ꯕꯨꯙꯥꯒꯤ ꯑꯣꯏꯕ ꯑꯍꯛꯄꯁꯤꯡꯒꯤꯗꯃꯛ ꯌꯥꯝꯅ ꯃꯃꯤꯡ ꯆꯠꯂꯤ꯫,ꯑꯣꯔ ꯪ ꯒꯥ ꯕꯥ ꯗ ꯗ    ꯂꯩꯕ    ꯈ꯭ꯋꯥꯏꯗꯒꯤ    ꯂꯤ ꯔꯕ    ꯄꯨꯋꯥꯔꯤꯒꯤ    ꯃꯐꯝꯁꯤꯡꯒꯤ    ꯃꯔꯛꯇ    ꯑꯃ    ꯑꯣꯏꯔꯤꯕ    ꯑꯖ ꯥꯟ ꯇꯥ    ꯀꯦ ꯕ꯭ ꯁ    ꯑꯁꯤ    ꯃꯈꯣꯏꯒꯤ    ꯁꯨꯔ ꯨꯡꯗ    ꯂꯥꯏ    ꯌꯦꯛꯄ    ꯑꯃꯁꯨꯡ    ꯕꯨ ꯙ ꯥꯒꯤ    ꯑꯣꯏꯕ    ꯑꯍ ꯛꯄ ꯁꯤꯡꯒꯤꯗꯃꯛ    ꯌꯥꯝꯅ    ꯃꯃꯤꯡ    ꯆꯠꯂꯤ꯫ ,126,38
2772,"ꯃꯁꯤ ꯌꯥꯝꯅ ꯐꯖꯕ ꯑꯁꯪ ꯑꯃꯥꯟꯅ ꯊꯜꯂꯕ ꯆꯤꯡꯁꯤꯡꯅ ꯀꯣꯏꯁꯤꯜꯂꯤ, ꯃꯁꯤꯒꯤ ꯁꯨꯔꯨꯡꯁꯤꯡ ꯑꯁꯤꯅ ꯑꯊꯣꯏꯕ ꯚꯥꯔꯠꯀꯤ ꯌꯨꯝꯁꯥ ꯀꯩꯁꯥ ꯑꯗꯨꯕꯨ ꯎꯠꯂꯤ ꯫","ꯃꯁꯤ    ꯌꯥꯝꯅ    ꯐꯖꯕ    ꯑ ꯁꯪ    ꯑꯃ ꯥꯟꯅ    ꯊ ꯜꯂꯕ    ꯆꯤꯡ ꯁꯤꯡꯅ    ꯀꯣꯏ ꯁꯤ ꯜꯂꯤ,    ꯃꯁꯤꯒꯤ    ꯁꯨꯔꯨꯡꯁꯤꯡ    ꯑꯁꯤꯅ    ꯑꯊꯣꯏꯕ    ꯚꯥꯔꯠꯀꯤ    ꯌꯨꯝ ꯁꯥ    ꯀꯩ ꯁꯥ    ꯑꯗꯨꯕꯨ    ꯎꯠꯂꯤ    ꯫ ",85,26
2773,ꯑꯦꯂꯣꯔꯥ ꯀꯦꯕ꯭ꯁ ꯑꯁꯤ ꯃꯥꯂꯦꯝꯒꯤ ꯑꯣꯏꯅ ꯅꯨꯡ ꯀꯛꯄ ꯁꯨꯔꯨꯡꯁꯤꯡꯒꯤ ꯃꯅꯨꯡꯗ ꯈ꯭ꯋꯥꯏꯗꯒꯤ ꯆꯥꯎꯕꯅꯤ ꯍꯥꯏꯅ ꯂꯧꯅꯩ ꯫,ꯑꯦ ꯂꯣ ꯔꯥ    ꯀꯦ ꯕ꯭ ꯁ    ꯑꯁꯤ    ꯃꯥꯂꯦꯝꯒꯤ    ꯑꯣꯏꯅ    ꯅꯨꯡ    ꯀ ꯛꯄ    ꯁꯨꯔꯨꯡ ꯁꯤꯡꯒꯤ    ꯃꯅꯨꯡꯗ    ꯈ꯭ꯋꯥꯏꯗꯒꯤ    ꯆꯥꯎ ꯕꯅꯤ    ꯍꯥꯏꯅ    ꯂꯧꯅꯩ    ꯫ ,69,21
2774,"ꯃꯁꯤ ꯈ꯭ꯔꯤꯁꯠꯇ ꯀꯨꯝꯖꯥ ꯶꯰꯰ ꯑꯃꯁꯨꯡ ꯱꯰꯰꯰ꯒꯤ ꯃꯔꯛꯇ ꯁꯥꯈꯤꯕꯅꯤ, ꯑꯦꯂꯣꯔꯥ ꯀꯦꯕ꯭ꯁ ꯑꯗꯨꯗ ꯍꯤꯟꯗꯨꯒꯤ ꯂꯥꯏꯁꯪ ꯱꯰꯰, ꯖꯦꯟ ꯑꯃꯁꯨꯡ ꯕꯨꯙꯤꯁꯠ ꯁꯨꯔꯨꯡꯁꯤꯡ ꯌꯥꯎꯋꯤ, ꯃꯁꯤꯒꯤ ꯃꯔꯛꯇ ꯳꯴ꯗꯤ ꯀꯣꯏꯕ ꯂꯥꯛꯄ ꯃꯤꯗ ꯆꯪꯍꯜꯂꯤ꯫","ꯃꯁꯤ    ꯈ꯭ꯔꯤ ꯁ ꯠꯇ    ꯀꯨꯝꯖꯥ    ꯶ ꯰꯰    ꯑꯃꯁꯨꯡ    ꯱꯰꯰ ꯰ꯒꯤ    ꯃꯔꯛꯇ    ꯁꯥ ꯈꯤꯕꯅꯤ,    ꯑꯦ ꯂꯣ ꯔꯥ    ꯀꯦ ꯕ꯭ ꯁ    ꯑꯗꯨꯗ    ꯍꯤꯟꯗꯨꯒꯤ    ꯂꯥꯏꯁꯪ    ꯱꯰꯰ ,    ꯖꯦꯟ    ꯑꯃꯁꯨꯡ    ꯕꯨꯙꯤ ꯁꯠ    ꯁꯨꯔꯨꯡꯁꯤꯡ    ꯌꯥꯎ ꯋꯤ,    ꯃꯁꯤꯒꯤ    ꯃꯔꯛꯇ    ꯳ ꯴ ꯗꯤ    ꯀꯣꯏ ꯕ    ꯂꯥꯛꯄ    ꯃꯤꯗ    ꯆꯪ ꯍꯜꯂꯤ꯫ ",131,42
2775,ꯅꯪ ꯀꯥꯏꯂꯥꯁꯅꯥꯊ ꯇꯦꯝꯄꯜ ꯎꯔꯛꯄ꯭ꯔꯥ,ꯅ ꯪ    ꯀꯥꯏ ꯂꯥ ꯁ ꯅꯥꯊ    ꯇꯦꯝ ꯄꯜ    ꯎ ꯔꯛ ꯄ꯭ꯔ ꯥ ,23,12
2776,ꯃꯁꯤ ꯅꯨꯡꯅ ꯀꯛꯄ ꯈ꯭ꯋꯥꯏꯗꯒꯤ ꯆꯥꯎꯕ ꯅꯨꯡꯖꯥꯎ ꯑꯃꯅ ꯌꯨꯝꯕꯤ ꯑꯣꯏꯕ ꯂꯥꯏꯁꯪ ꯑꯃꯤꯅꯤ ꯍꯥꯏꯅ ꯑꯩꯅ ꯇꯥꯏ ꯫,ꯃꯁꯤ    ꯅꯨꯡ ꯅ    ꯀ ꯛꯄ    ꯈ꯭ꯋꯥꯏꯗꯒꯤ    ꯆꯥꯎꯕ    ꯅꯨꯡ ꯖꯥꯎ    ꯑꯃꯅ    ꯌꯨꯝ ꯕꯤ    ꯑꯣꯏꯕ    ꯂꯥꯏꯁꯪ    ꯑꯃꯤ ꯅꯤ    ꯍꯥꯏꯅ    ꯑꯩ ꯅ    ꯇꯥꯏ    ꯫ ,61,21
2777,ꯀꯥꯏꯂꯥꯁꯅꯥꯊ ꯑꯁꯤ ꯑꯦꯂꯣꯔꯥꯒꯤꯤ ꯑꯔꯤꯕ ꯁꯨꯔꯨꯡ ꯳꯴ꯒꯤ ꯃꯅꯨꯡꯗ ꯑꯃ ꯑꯣꯏꯕ ꯌꯥꯝꯅ ꯐꯖꯕ ꯁꯨꯔꯨꯡꯒꯤ ꯂꯥꯏꯁꯪ ꯑꯃꯅꯤ ꯫,ꯀꯥꯏ ꯂꯥ ꯁ ꯅꯥꯊ    ꯑꯁꯤ    ꯑꯦ ꯂꯣ ꯔꯥ ꯒꯤ ꯤ    ꯑꯔꯤꯕ    ꯁꯨꯔꯨꯡ    ꯳ ꯴ꯒꯤ    ꯃꯅꯨꯡꯗ    ꯑꯃ    ꯑꯣꯏꯕ    ꯌꯥꯝꯅ    ꯐꯖꯕ    ꯁꯨꯔꯨꯡ ꯒꯤ    ꯂꯥꯏꯁꯪ    ꯑꯃꯅꯤ    ꯫ ,69,24
2778,"ꯑꯦꯂꯣꯔꯥ ꯀꯦꯕ꯭ꯁꯀꯤ ꯱꯶ꯁꯨꯕ ꯁꯨꯔꯨꯡ, ꯀꯥꯏꯂꯥꯁꯅꯥꯠ ꯑꯁꯤ ꯔꯥꯁꯇ꯭ꯔꯥꯀꯨꯇꯥ ꯅꯤꯡꯊꯧ ꯁꯥꯒꯩꯒꯤ ꯃꯇꯝꯗ ꯁꯥꯈꯤꯕ ꯑꯃꯁꯨꯡ ꯃꯄꯨ ꯁꯤꯕꯥꯗ ꯀꯠꯊꯣꯛꯄ ꯅꯨꯡꯖꯥꯎ ꯑꯃꯅ ꯌꯨꯝꯕꯤ ꯑꯣꯏꯕ ꯃꯥꯑꯣꯡ ꯑꯃꯅꯤ꯫","ꯑꯦ ꯂꯣ ꯔꯥ    ꯀꯦ ꯕ꯭ ꯁꯀꯤ    ꯱꯶ ꯁꯨꯕ    ꯁꯨꯔꯨꯡ ,    ꯀꯥꯏ ꯂꯥ ꯁ ꯅꯥꯠ    ꯑꯁꯤ    ꯔꯥꯁꯇ꯭ꯔ ꯥ ꯀꯨ ꯇꯥ    ꯅꯤꯡꯊꯧ    ꯁꯥꯒꯩꯒꯤ    ꯃꯇꯝꯗ    ꯁꯥꯈꯤꯕ    ꯑꯃꯁꯨꯡ    ꯃꯄꯨ    ꯁꯤ ꯕꯥꯗ    ꯀꯠ ꯊꯣꯛꯄ    ꯅꯨꯡ ꯖꯥꯎ    ꯑꯃꯅ    ꯌꯨꯝ ꯕꯤ    ꯑꯣꯏꯕ    ꯃꯥ ꯑꯣ ꯡ    ꯑꯃꯅꯤ꯫ ",114,39
2779,ꯅꯪꯅ ꯍꯥꯏꯔꯤꯁꯤ ꯃꯁꯤ ꯗ꯭ꯔꯥꯕꯤꯗꯤꯌꯥꯟ ꯌꯨꯝꯁꯥ ꯀꯩꯁꯥꯅꯤ ꯍꯥꯏꯔꯤꯔꯣ,ꯅꯪ ꯅ    ꯍꯥꯏ ꯔꯤ ꯁꯤ    ꯃꯁꯤ    ꯗ꯭ꯔꯥ ꯕꯤꯗꯤ ꯌꯥꯟ    ꯌꯨꯝ ꯁꯥ    ꯀꯩ ꯁꯥ ꯅꯤ    ꯍꯥꯏ ꯔꯤ ꯔꯣ ,42,17
2780,ꯃꯁꯤ ꯄꯨꯔꯥ ꯗ꯭ꯔꯥꯕꯤꯗꯤꯌꯥꯟ ꯌꯨꯝꯁꯥ ꯀꯩꯁꯥꯅꯤ ꯫,ꯃꯁꯤ    ꯄꯨꯔꯥ    ꯗ꯭ꯔꯥ ꯕꯤꯗꯤ ꯌꯥꯟ    ꯌꯨꯝ ꯁꯥ    ꯀꯩ ꯁꯥ ꯅꯤ    ꯫ ,30,11
2781,"ꯃꯃꯤꯡ ꯂꯩꯔꯕ ꯑꯥꯖꯥꯟꯇꯥ ꯀꯦꯕ꯭ꯁꯀꯤ ꯁꯥꯔꯨꯛ ꯑꯃ ꯑꯣꯏꯔꯤꯕ, ꯃꯁꯤꯗ ꯈ꯭ꯔꯤꯁꯠꯇꯒꯤ ꯲ꯁꯨꯕ ꯆꯥꯍꯤꯒꯤ ꯃꯇꯝ ꯑꯣꯏꯕ ꯋꯥꯈꯜ ꯏꯪꯕ ꯑꯃꯁꯨꯡ ꯃꯀꯥ ꯂꯥꯝꯕ ꯑꯣꯏꯍꯟꯕ ꯄꯨꯟꯅ ꯅꯨꯡ ꯀꯛꯄ ꯕꯨꯙꯥꯒꯤ ꯁꯨꯔꯨꯡ ꯲꯹ ꯂꯩ ꯑꯃꯁꯨꯡ ꯃꯣꯅꯥꯁꯇꯔꯤ ꯑꯃꯁꯨꯡ ꯆꯥꯏꯇꯤꯌꯥ ꯒ꯭ꯔꯤꯍꯥꯁ ꯂꯩ ꯫","ꯃꯃꯤꯡ    ꯂꯩꯔꯕ    ꯑꯥ ꯖ ꯥꯟ ꯇꯥ    ꯀꯦ ꯕ꯭ ꯁꯀꯤ    ꯁꯥꯔ ꯨꯛ    ꯑꯃ    ꯑꯣꯏꯔꯤꯕ,    ꯃꯁꯤꯗ    ꯈ꯭ꯔꯤ ꯁ ꯠꯇꯒꯤ    ꯲ ꯁꯨꯕ    ꯆꯥ ꯍꯤ ꯒꯤ    ꯃꯇꯝ    ꯑꯣꯏꯕ    ꯋꯥꯈꯜ    ꯏꯪ ꯕ    ꯑꯃꯁꯨꯡ    ꯃ ꯀꯥ    ꯂꯥ ꯝꯕ    ꯑꯣꯏ ꯍꯟꯕ    ꯄꯨꯟꯅ    ꯅꯨꯡ    ꯀ ꯛꯄ    ꯕꯨ ꯙ ꯥꯒꯤ    ꯁꯨꯔꯨꯡ    ꯲ ꯹    ꯂꯩ    ꯑꯃꯁꯨꯡ    ꯃꯣꯅꯥ ꯁ ꯇꯔꯤ    ꯑꯃꯁꯨꯡ    ꯆꯥꯏ ꯇꯤꯌꯥ    ꯒ꯭ꯔꯤ ꯍꯥ ꯁ    ꯂꯩ    ꯫ ",151,57
2782,ꯁꯨꯔꯨꯡ ꯑꯗꯨꯒꯤ ꯐꯛꯂꯥꯡ ꯑꯗꯨ ꯒꯣꯇꯝ ꯕꯨꯙꯥꯒꯤ ꯄꯨꯟꯁꯤꯒꯤ ꯃꯇꯥꯡꯗ ꯇꯥꯛꯄ ꯐꯖꯔꯕ ꯂꯥꯏꯌꯦꯛꯁꯤꯡ ꯑꯃꯁꯨꯡ ꯄꯨꯛꯅꯤꯡ ꯁꯨꯝꯍꯠꯅꯤꯡꯉꯥꯏ ꯑꯣꯏꯕ ꯑꯍꯛꯄꯁꯤꯡꯅ ꯂꯩꯇꯦꯡꯉꯤ꯫,ꯁꯨꯔꯨꯡ    ꯑꯗꯨꯒꯤ    ꯐꯛ ꯂꯥꯡ    ꯑꯗꯨ    ꯒꯣ ꯇꯝ    ꯕꯨ ꯙ ꯥꯒꯤ    ꯄꯨꯟꯁꯤꯒꯤ    ꯃꯇꯥꯡꯗ    ꯇꯥꯛꯄ    ꯐꯖꯔꯕ    ꯂꯥꯏ ꯌꯦꯛꯁꯤꯡ    ꯑꯃꯁꯨꯡ    ꯄꯨꯛꯅꯤꯡ    ꯁꯨꯝ ꯍ ꯠ ꯅꯤꯡꯉꯥꯏ    ꯑꯣꯏꯕ    ꯑꯍ ꯛꯄ ꯁꯤꯡꯅ    ꯂꯩꯇꯦꯡ ꯉꯤ꯫ ,99,28
2783,"ꯆꯨꯝꯃꯤ, ꯕꯨꯙꯥꯒꯤ ꯌꯨꯝꯁꯥ ꯀꯩꯁꯥꯔꯣꯜ ꯑꯁꯤ ꯂꯝ ꯀꯥꯡꯂꯨꯞ ꯑꯁꯤꯒꯤ ꯈ꯭ꯋꯥꯏꯗꯒꯤ ꯂꯤꯔꯕ ꯃꯥꯏꯄꯥꯛꯄꯁꯤꯡꯒꯤ ꯃꯅꯨꯡꯗ ꯑꯃꯅꯤ꯫","ꯆꯨꯝ ꯃꯤ,    ꯕꯨ ꯙ ꯥꯒꯤ    ꯌꯨꯝ ꯁꯥ    ꯀꯩ ꯁꯥꯔ ꯣꯜ    ꯑꯁꯤ    ꯂꯝ    ꯀꯥꯡꯂꯨꯞ    ꯑꯁꯤꯒꯤ    ꯈ꯭ꯋꯥꯏꯗꯒꯤ    ꯂꯤ ꯔꯕ    ꯃꯥꯏꯄꯥꯛ ꯄꯁꯤꯡꯒꯤ    ꯃꯅꯨꯡꯗ    ꯑꯃꯅꯤ꯫ ",74,21
2784,ꯃꯐꯝ ꯑꯗꯨꯗ ꯏ꯭ꯁꯂꯥꯝꯒꯤ ꯌꯨꯝꯁꯥ-ꯀꯩꯁꯥꯔꯣꯜꯗꯤ ꯀꯝꯗꯧꯕ,ꯃꯐꯝ    ꯑꯗꯨꯗ    ꯏ ꯭ꯁ ꯂꯥ ꯝꯒꯤ    ꯌꯨꯝꯁꯥ-ꯀꯩ ꯁꯥꯔ ꯣ ꯜ ꯗꯤ    ꯀꯝ ꯗ ꯧꯕ ,35,14
2785,ꯅꯍꯥꯛ ꯑꯣꯔꯪꯒꯥꯕꯥꯗꯀꯤ ꯂꯩꯏꯅꯤꯡ ꯂꯝꯕꯤꯒꯤ ꯈ꯭ꯋꯥꯏꯗꯒꯤ ꯃꯔꯨ ꯑꯣꯏꯕ ꯅꯤꯡꯁꯤꯡ ꯈꯨꯕꯝ ꯑꯣꯏꯔꯤꯕ ꯑꯃꯁꯨꯡ ꯃꯥꯒꯤ ꯍꯦꯟꯊꯣꯏꯔꯕ ꯌꯨꯝꯁꯥ ꯀꯩꯁꯥꯒꯤꯗꯃꯛ ꯃꯌꯥꯝꯅ ꯈꯪꯅꯔꯕ ꯖꯥꯃꯥ ꯃꯁꯖꯤꯗ ꯑꯗꯨꯗ ꯁꯣꯏꯗꯅ ꯆꯠꯂꯣ ꯫,ꯅꯍꯥꯛ    ꯑꯣꯔ ꯪ ꯒꯥ ꯕꯥꯗꯀꯤ    ꯂꯩ ꯏ ꯅꯤꯡ    ꯂꯝꯕꯤꯒꯤ    ꯈ꯭ꯋꯥꯏꯗꯒꯤ    ꯃꯔꯨ    ꯑꯣꯏꯕ    ꯅꯤꯡꯁꯤꯡ    ꯈꯨ ꯕꯝ    ꯑꯣꯏꯔꯤꯕ    ꯑꯃꯁꯨꯡ    ꯃꯥꯒꯤ    ꯍꯦꯟ ꯊꯣꯏ ꯔꯕ    ꯌꯨꯝ ꯁꯥ    ꯀꯩ ꯁꯥ ꯒꯤꯗꯃꯛ    ꯃꯌꯥꯝꯅ    ꯈꯪꯅꯔꯕ    ꯖꯥ ꯃꯥ    ꯃꯁ ꯖꯤꯗ    ꯑꯗꯨꯗ    ꯁꯣꯏꯗꯅ    ꯆꯠ ꯂꯣ    ꯫ ,122,37
2786,"ꯃꯁꯤꯒꯤ ꯏꯁꯂꯥꯝꯒꯤ ꯂꯥꯏꯁꯪ ꯑꯁꯤꯗ ꯄꯨꯟ ꯆꯨꯊꯦꯛ ꯅꯥꯏꯕ ꯌꯨꯝꯕꯤ ꯵꯰, ꯂꯥꯏꯁꯪ ꯃꯅꯥꯛꯇ ꯂꯩꯕ ꯑꯋꯥꯡꯕ ꯌꯨꯝꯕꯤꯁꯪꯁꯤꯡ ꯑꯃꯁꯨꯡ ꯄꯨꯛꯅꯤꯡ ꯍꯨꯅꯤꯡꯉꯥꯏ ꯑꯣꯏꯕ ꯊꯥꯀꯣꯟ ꯁꯥꯕꯒꯤ ꯃꯥꯑꯣꯡ ꯌꯥꯎꯋꯤ꯫","ꯃꯁꯤꯒꯤ    ꯏꯁꯂꯥ ꯝꯒꯤ    ꯂꯥꯏꯁꯪ    ꯑꯁꯤꯗ    ꯄꯨ ꯟ    ꯆꯨ ꯊꯦ ꯛ    ꯅꯥꯏꯕ    ꯌꯨꯝ ꯕꯤ    ꯵꯰ ,    ꯂꯥꯏꯁꯪ    ꯃꯅꯥꯛꯇ    ꯂꯩꯕ    ꯑꯋꯥꯡꯕ    ꯌꯨꯝ ꯕꯤ ꯁꯪ ꯁꯤꯡ    ꯑꯃꯁꯨꯡ    ꯄꯨꯛꯅꯤꯡ    ꯍꯨ ꯅꯤꯡꯉꯥꯏ    ꯑꯣꯏꯕ    ꯊꯥ ꯀꯣ ꯟ    ꯁꯥꯕꯒꯤ    ꯃꯥ ꯑꯣ ꯡ    ꯌꯥꯎꯋꯤ꯫ ",113,36
2787,ꯅꯍꯥꯛ ꯑꯥꯖꯥꯟꯇꯥ ꯑꯃꯁꯨꯡ ꯑꯦꯂꯣꯔꯥꯗꯒꯤ ꯈꯖꯤꯛꯇꯪ ꯈꯦꯠꯅꯕ ꯑꯣꯔꯪꯒꯥꯕꯥꯗꯀꯤ ꯁꯨꯔꯨꯡꯁꯤꯡꯁꯨ ꯎꯔꯛꯄ꯭ꯔꯥ,ꯅꯍꯥꯛ    ꯑꯥ ꯖ ꯥꯟ ꯇꯥ    ꯑꯃꯁꯨꯡ    ꯑꯦ ꯂꯣ ꯔꯥ ꯗꯒꯤ    ꯈ ꯖꯤ ꯛꯇ ꯪ    ꯈꯦꯠꯅꯕ    ꯑꯣꯔ ꯪ ꯒꯥ ꯕꯥꯗꯀꯤ    ꯁꯨꯔꯨꯡ ꯁꯤꯡꯁꯨ    ꯎ ꯔꯛ ꯄ꯭ꯔ ꯥ ,64,25
2788,"ꯍꯣꯏ, ꯸ꯁꯨꯕ ꯆꯥꯍꯤ ꯆꯥꯗ ꯀꯣꯠꯊꯣꯛꯄ, ꯑꯔꯤꯕ ꯖꯦꯟꯒꯤ ꯁꯨꯔꯨꯡ ꯃꯉꯥꯅ ꯄꯨꯟꯁꯤꯟꯕ ꯑꯁꯤ ꯃꯃꯤꯡ ꯆꯠꯂꯕ ꯑꯦꯂꯣꯔꯥ ꯀꯦꯕ꯭ꯁꯇ ꯂꯩ ꯑꯃꯁꯨꯡ ꯃꯁꯤꯅ ꯑꯣꯔꯪꯒꯥꯕꯥꯗꯀꯤ ꯅꯤꯡꯁꯤꯡ ꯐꯨꯔꯥꯒꯤ ꯈ꯭ꯋꯥꯏꯗꯒꯤ ꯄꯨꯛꯅꯤꯡ ꯆꯤꯡꯁꯤꯟꯅꯤꯡꯉꯥꯏ ꯑꯣꯏꯕ ꯑꯃ ꯑꯣꯏ꯫","ꯍ ꯣꯏ ,    ꯸ ꯁꯨꯕ    ꯆꯥ ꯍꯤ    ꯆꯥꯗ    ꯀꯣ ꯠ ꯊꯣꯛ ꯄ,    ꯑꯔꯤꯕ    ꯖꯦꯟꯒꯤ    ꯁꯨꯔꯨꯡ    ꯃꯉꯥ ꯅ    ꯄꯨꯟ ꯁꯤꯟꯕ    ꯑꯁꯤ    ꯃꯃꯤꯡ    ꯆꯠꯂꯕ    ꯑꯦ ꯂꯣ ꯔꯥ    ꯀꯦ ꯕ꯭ ꯁꯇ    ꯂꯩ    ꯑꯃꯁꯨꯡ    ꯃꯁꯤꯅ    ꯑꯣꯔ ꯪ ꯒꯥ ꯕꯥꯗꯀꯤ    ꯅꯤꯡꯁꯤꯡ    ꯐꯨ ꯔꯥꯒꯤ    ꯈ꯭ꯋꯥꯏꯗꯒꯤ    ꯄꯨꯛꯅꯤꯡ    ꯆꯤꯡꯁꯤꯟ ꯅꯤꯡꯉꯥꯏ    ꯑꯣꯏꯕ    ꯑꯃ    ꯑꯣꯏ꯫ ",141,45
2789,"ꯌꯥꯝꯅ ꯊꯥꯃꯣꯏ ꯁꯨꯝꯍꯠꯅꯤꯡꯉꯥꯏ ꯑꯣꯏꯅ ꯍꯛꯄ ꯑꯃꯁꯨꯡ ꯂꯥꯏ ꯌꯦꯛꯄ ꯎꯠꯂꯗꯨꯅ, ꯃꯁꯤꯒꯤ ꯁꯨꯔꯨꯡꯁꯤꯡ ꯑꯁꯤꯅ ꯖꯦꯟ ꯙꯔꯃꯒꯤ ꯊꯥꯖꯕꯁꯤꯡ ꯑꯃꯁꯨꯡ ꯄꯥꯎꯇꯥꯛꯁꯤꯡꯕꯨ ꯁꯛꯇꯥꯛꯏ꯫","ꯌꯥꯝꯅ    ꯊꯥ ꯃ ꯣꯏ    ꯁꯨꯝ ꯍ ꯠ ꯅꯤꯡꯉꯥꯏ    ꯑꯣꯏꯅ    ꯍ ꯛꯄ    ꯑꯃꯁꯨꯡ    ꯂꯥꯏ    ꯌꯦꯛꯄ    ꯎꯠ ꯂ ꯗꯨꯅ,    ꯃꯁꯤꯒꯤ    ꯁꯨꯔꯨꯡꯁꯤꯡ    ꯑꯁꯤꯅ    ꯖꯦꯟ    ꯙꯔꯃꯒꯤ    ꯊꯥꯖ ꯕꯁꯤꯡ    ꯑꯃꯁꯨꯡ    ꯄꯥꯎ ꯇꯥꯛ ꯁꯤꯡꯕꯨ    ꯁꯛꯇ ꯥꯛ ꯏ꯫ ",101,31
2790,"ꯅꯍꯥꯛ ꯕꯤꯕꯤ ꯀꯥ ꯃꯛꯕꯔꯥ, ꯇꯥꯖ ꯃꯍꯥꯜꯒꯤ ꯃꯤꯇꯝꯗꯧꯅ ꯎꯕ ꯑꯗꯨ ꯆꯤꯠꯊꯥꯔꯝꯃꯣꯏ ꯍꯥꯏꯅ ꯑꯩ ꯈꯜꯂꯤ꯫","ꯅꯍꯥꯛ    ꯕꯤ ꯕꯤ    ꯀꯥ    ꯃꯛ ꯕꯔꯥ ,    ꯇꯥ ꯖ    ꯃꯍꯥ ꯜꯒꯤ    ꯃꯤ ꯇꯝ ꯗꯧ ꯅ    ꯎꯕ    ꯑꯗꯨ    ꯆꯤ ꯠ ꯊꯥꯔ ꯝꯃ ꯣꯏ    ꯍꯥꯏꯅ    ꯑ ꯩ    ꯈ ꯜꯂꯤ꯫ ",58,27
2791,ꯃꯥꯂꯦꯝ ꯑꯁꯤꯒꯤꯗꯃꯛꯇ ꯑꯣꯏꯔꯁꯨ ꯑꯩ ꯃꯗꯨꯗꯤ ꯆꯤꯠꯊꯥꯔꯣꯏ꯫,ꯃꯥꯂꯦꯝ    ꯑꯁꯤ ꯒꯤꯗꯃꯛꯇ    ꯑꯣꯏꯔ ꯁꯨ    ꯑ ꯩ    ꯃꯗꯨꯗꯤ    ꯆꯤ ꯠ ꯊꯥꯔ ꯣꯏ ꯫ ,36,13
2792,ꯕꯤꯕꯤ-ꯀꯥ-ꯃꯛꯕꯔꯥ ꯑꯁꯤ ꯃꯨꯒꯜꯒꯤ ꯑꯔꯣꯏꯕ ꯂꯩꯉꯥꯛꯄ ꯑꯣꯔꯪꯒꯥꯖꯦꯕꯅ ꯃꯍꯥꯛꯀꯤ ꯅꯨꯡꯁꯤꯖꯔꯕ ꯅꯨꯄꯤ ꯗꯤꯜꯔꯥꯁ ꯕꯥꯅꯨ ꯕꯦꯒꯝꯒꯤ ꯅꯤꯡꯁꯤꯡ ꯈꯨꯗꯝ ꯑꯣꯏꯅ ꯁꯥꯈꯤꯕꯅꯤ꯫,ꯕꯤ ꯕꯤ - ꯀꯥ - ꯃꯛ ꯕꯔ ꯥ    ꯑꯁꯤ    ꯃꯨꯒ ꯜꯒꯤ    ꯑꯔꯣꯏꯕ    ꯂꯩꯉꯥꯛꯄ    ꯑꯣꯔ ꯪ ꯒꯥ ꯖꯦꯕꯅ    ꯃꯍꯥꯛꯀꯤ    ꯅꯨꯡꯁꯤ ꯖ ꯔꯕ    ꯅꯨꯄꯤ    ꯗꯤ ꯜ ꯔꯥ ꯁ    ꯕꯥ ꯅꯨ    ꯕꯦ ꯒ ꯝꯒꯤ    ꯅꯤꯡꯁꯤꯡ    ꯈꯨꯗꯝ    ꯑꯣꯏꯅ    ꯁꯥꯈꯤꯕꯅꯤ꯫ ,99,35
2793,ꯃꯁꯤ ꯅꯨꯡꯁꯤꯕꯒꯤ ꯃꯇꯤꯛ ꯃꯌꯥꯏ ꯆꯦꯟꯕ ꯄꯣꯠ ꯑꯃꯁꯨꯡ ꯑꯣꯔꯪꯒꯥꯕꯥꯗꯀꯤ ꯄꯨꯋꯥꯔꯤꯒꯤ ꯈ꯭ꯋꯥꯏꯗꯒꯤ ꯃꯔꯨ ꯑꯣꯏꯕ ꯃꯐꯝꯁꯤꯡꯒꯤ ꯃꯅꯨꯡꯗ ꯑꯃꯅꯤ ꯍꯥꯏꯅ ꯂꯧꯋꯤ꯫,ꯃꯁꯤ    ꯅꯨꯡꯁꯤ ꯕꯒꯤ    ꯃꯇꯤꯛ    ꯃꯌꯥꯏ    ꯆꯦꯟꯕ    ꯄꯣꯠ    ꯑꯃꯁꯨꯡ    ꯑꯣꯔ ꯪ ꯒꯥ ꯕꯥꯗꯀꯤ    ꯄꯨꯋꯥꯔꯤꯒꯤ    ꯈ꯭ꯋꯥꯏꯗꯒꯤ    ꯃꯔꯨ    ꯑꯣꯏꯕ    ꯃꯐꯝꯁꯤꯡꯒꯤ    ꯃꯅꯨꯡꯗ    ꯑꯃꯅꯤ    ꯍꯥꯏꯅ    ꯂꯧ ꯋꯤ꯫ ,91,22
2794,"ꯑꯁꯦꯡꯕ ꯃꯥꯔꯕꯜ ꯑꯉꯧꯕꯅ ꯁꯥꯕ ꯑꯃꯁꯨꯡ ꯃꯌꯦꯛ ꯌꯥꯝꯅ ꯊꯣꯛꯇꯨꯅ ꯍꯛꯄꯁꯤꯡꯅ ꯊꯣꯟꯕ, ꯃꯁꯤꯒꯤ ꯃꯥꯑꯣꯡ ꯑꯁꯤ ꯑꯣꯔꯪꯒꯥꯕꯥꯗ ꯅꯤꯡꯁꯤꯡ ꯐꯨꯔꯥꯁꯤꯡꯒꯤ ꯃꯅꯨꯡꯗ ꯈ꯭ꯋꯥꯏꯗꯒꯤ ꯆꯥꯎꯕ ꯑꯃꯅꯤ꯫","ꯑꯁꯦꯡꯕ    ꯃꯥꯔ ꯕꯜ    ꯑꯉ ꯧ ꯕꯅ    ꯁꯥꯕ    ꯑꯃꯁꯨꯡ    ꯃꯌꯦꯛ    ꯌꯥꯝꯅ    ꯊꯣꯛꯇꯨꯅ    ꯍꯛ ꯄꯁꯤꯡꯅ    ꯊꯣꯟ ꯕ,    ꯃꯁꯤꯒꯤ    ꯃꯥ ꯑꯣ ꯡ    ꯑꯁꯤ    ꯑꯣꯔ ꯪ ꯒꯥ ꯕꯥꯗ    ꯅꯤꯡꯁꯤꯡ    ꯐꯨ ꯔꯥ ꯁꯤꯡꯒꯤ    ꯃꯅꯨꯡꯗ    ꯈ꯭ꯋꯥꯏꯗꯒꯤ    ꯆꯥꯎꯕ    ꯑꯃꯅꯤ꯫ ",108,32
2795,ꯋꯥꯍ,ꯋꯥꯍ,3,1
2796,ꯅꯪꯅ ꯑꯩꯕꯨ ꯌꯥꯝꯅ ꯀꯂꯛ ꯍꯜꯂꯦ꯫,ꯅꯪ ꯅ    ꯑꯩ ꯕꯨ    ꯌꯥꯝꯅ    ꯀ ꯂꯛ    ꯍꯜ ꯂꯦ꯫ ,19,9
2797,ꯃꯊꯪꯗꯗꯤ ꯑꯃ ꯑꯣꯏꯔꯁꯨ ꯑꯃ ꯑꯣꯏꯔꯁꯨ ꯅꯪꯒ ꯁꯣꯏꯗꯅ ꯆꯠꯀꯅꯤ꯫,ꯃꯊꯪ ꯗꯗꯤ    ꯑꯃ    ꯑꯣꯏꯔ ꯁꯨ    ꯑꯃ    ꯑꯣꯏꯔ ꯁꯨ    ꯅꯪ ꯒ    ꯁꯣꯏꯗꯅ    ꯆꯠ ꯀꯅꯤ꯫ ,36,13
2798,"ꯍꯦ, ꯁꯨꯐꯤ꯫","ꯍꯦ ,    ꯁꯨ ꯐ ꯤ꯫ ",8,5
2799,ꯅꯪ ꯍꯧꯖꯤꯛ ꯊꯕꯛ ꯆꯤꯟꯕ꯭ꯔꯣ,ꯅ ꯪ    ꯍꯧꯖꯤꯛ    ꯊꯕꯛ    ꯆꯤꯟ ꯕ꯭ꯔꯣ,17,6
2800,ꯍꯦ ꯀꯤꯔꯥꯠ꯫,ꯍꯦ    ꯀꯤ ꯔꯥ ꯠ ꯫ ,8,5
2801,ꯊꯣꯏꯗꯣꯛꯄ ꯂꯩꯇꯦ꯫,ꯊꯣꯏ ꯗꯣꯛꯄ    ꯂꯩꯇꯦ꯫ ,12,3
2802,ꯍꯥꯏꯌꯣ꯫,ꯍꯥꯏ ꯌꯣ ꯫ ,6,3
2803,ꯑꯩꯅ ꯑꯩꯈꯣꯏ ꯄꯨꯄꯨꯗꯣ ꯃꯥꯒꯤ ꯆꯦ-ꯆꯥꯡ ꯈꯔ ꯇꯥꯁꯤꯟ-ꯈꯣꯝꯖꯤꯟꯕꯗ ꯃꯇꯦꯡ ꯄꯥꯡꯂꯝꯕꯅꯦ꯫,ꯑꯩ ꯅ    ꯑꯩꯈ ꯣꯏ    ꯄꯨ ꯄꯨ ꯗꯣ    ꯃꯥꯒꯤ    ꯆꯦ - ꯆꯥꯡ    ꯈꯔ    ꯇꯥ ꯁꯤꯟ - ꯈꯣꯝ ꯖꯤꯟ ꯕꯗ    ꯃꯇꯦꯡ    ꯄꯥꯡ ꯂꯝ ꯕ ꯅꯦ ꯫ ,53,24
2804,ꯑꯗꯨꯒ ꯃꯍꯥꯛꯅ ꯏꯟꯚꯦꯁꯠ ꯇꯧꯈꯤꯕ ꯑꯗꯨꯕꯨ ꯃꯗꯨꯒꯤ ꯄꯥꯔꯇꯤꯀꯨꯂꯔꯁꯤꯡ ꯅꯤꯡꯁꯤꯡꯗꯕ ꯁ꯭ꯀꯤꯝ ꯑꯃ ꯑꯩꯅ ꯊꯦꯡꯅꯕ꯫,ꯑꯗꯨꯒ    ꯃꯍꯥꯛꯅ    ꯏꯟ ꯚ ꯦꯁꯠ    ꯇꯧꯈꯤꯕ    ꯑꯗꯨꯕꯨ    ꯃꯗꯨꯒꯤ    ꯄꯥꯔꯇꯤ ꯀꯨ ꯂꯔ ꯁꯤꯡ    ꯅꯤꯡꯁꯤꯡ ꯗꯕ    ꯁ꯭ꯀꯤ ꯝ    ꯑꯃ    ꯑꯩ ꯅ    ꯊꯦꯡ ꯅꯕ ꯫ ,66,22
2805,ꯃꯗꯨꯒꯤ ꯃꯇꯥꯡꯗ ꯑꯩꯒꯤ ꯃꯇꯦꯡ ꯄꯥꯡꯕꯤꯒꯦꯔ,ꯃꯗꯨꯒꯤ    ꯃꯇꯥꯡꯗ    ꯑ ꯩꯒꯤ    ꯃꯇꯦꯡ    ꯄꯥꯡ ꯕꯤ ꯒꯦ ꯔ ,26,9
2806,ꯅꯪ ꯁꯤꯒꯨꯝꯕ ꯄꯣꯠꯁꯤꯡꯗ ꯑꯍꯜ ꯑꯣꯏꯔꯕ ꯄ꯭ꯔꯖꯥꯁꯤꯡꯒꯤ ꯃꯇꯦꯡ ꯄꯥꯡꯕ ꯑꯦꯟ,ꯅ ꯪ    ꯁꯤ ꯒꯨꯝꯕ    ꯄꯣꯠ ꯁꯤꯡꯗ    ꯑꯍꯜ    ꯑꯣꯏꯔꯕ    ꯄ꯭ꯔ ꯖꯥ ꯁꯤꯡꯒꯤ    ꯃꯇꯦꯡ    ꯄꯥꯡꯕ    ꯑꯦꯟ ,44,14
2807,ꯖꯤ,ꯖꯤ ,2,1
2808,ꯑꯣ,ꯑꯣ ,2,1
2809,ꯑꯃꯒ ꯊꯕꯛ ꯇꯧꯈ꯭ꯔꯦ꯫,ꯑꯃꯒ    ꯊꯕꯛ    ꯇꯧ ꯈ꯭ꯔꯦ꯫ ,13,4
2810,"ꯍꯣꯏ, ꯍꯣꯏ꯫","ꯍ ꯣꯏ ,    ꯍ ꯣꯏ ꯫ ",8,6
2811,ꯅꯪꯅ ꯀꯩ ꯎꯔꯤꯅꯣꯗꯣ ꯍꯥꯏꯔꯛꯑꯣ ꯑꯩꯉꯣꯟꯗ꯫,ꯅꯪ ꯅ    ꯀꯩ    ꯎ ꯔꯤ ꯅꯣ ꯗꯣ    ꯍꯥꯏ ꯔꯛ ꯑꯣ    ꯑꯩ ꯉ ꯣ ꯟꯗ ꯫ ,26,15
2812,ꯆꯦꯁꯤꯅ ꯍꯥꯏꯁꯦ: ꯄꯤ,ꯆꯦ ꯁꯤꯅ    ꯍꯥꯏ ꯁꯦ :    ꯄꯤ ,13,6
2813,ꯑꯦꯝ,ꯑꯦ ꯝ ,3,2
2814,ꯕ꯭ꯌꯥꯌꯥ ꯕꯟꯗꯅꯥ ꯌꯣꯖꯅꯥ꯫,ꯕ꯭ ꯌꯥ ꯌꯥ    ꯕ ꯟꯗ ꯅꯥ    ꯌꯣ ꯖ ꯅꯥ ꯫ ,17,10
2815,ꯃꯁꯤ ꯀꯩ ꯃꯇꯥꯡꯒꯤꯅꯣ,ꯃꯁꯤ    ꯀꯩ    ꯃꯇꯥꯡ ꯒꯤ ꯅꯣ ,13,5
2816,ꯀꯥꯟꯅꯕꯁꯤꯡ ꯀꯔꯤꯅꯣ,ꯀꯥꯟ ꯅꯕꯁꯤꯡ    ꯀꯔꯤ ꯅꯣ ,13,4
2817,ꯃꯁꯤ ꯀꯃꯥꯏꯅ ꯇꯧꯒꯦ,ꯃꯁꯤ    ꯀ ꯃꯥꯏ ꯅ    ꯇꯧ ꯒꯦ ,12,6
2818,"ꯑꯣ, ꯃꯍꯥꯛ ꯑꯗꯨꯗ ꯏꯟꯚꯦꯁꯠ ꯇꯧꯈꯤꯕ꯭ꯔ","ꯑꯣ ,    ꯃꯍꯥꯛ    ꯑꯗꯨꯗ    ꯏꯟ ꯚ ꯦꯁꯠ    ꯇꯧ ꯈꯤꯕ ꯭ꯔ",24,10
2819,ꯃꯁꯤ ꯁꯔꯀꯥꯔꯒꯤ ꯑꯐꯕ ꯋꯦꯜꯐꯦꯔ ꯁ꯭ꯀꯤꯝ ꯑꯃꯅꯤ꯫,ꯃꯁꯤ    ꯁꯔꯀꯥꯔꯒꯤ    ꯑꯐꯕ    ꯋꯦꯜ ꯐꯦ ꯔ    ꯁ꯭ꯀꯤ ꯝ    ꯑꯃꯅꯤ꯫ ,29,9
2820,ꯃꯁꯤꯒꯤ ꯁ꯭ꯀꯤꯝ ꯑꯁꯤ ꯐꯥꯏꯅꯥꯟꯁ ꯃꯤꯅꯤꯁꯇ꯭ꯔꯤꯒꯤ ꯃꯈꯥꯗ ꯂꯥꯛꯏ꯫,ꯃꯁꯤꯒꯤ    ꯁ꯭ꯀꯤ ꯝ    ꯑꯁꯤ    ꯐꯥꯏ ꯅꯥꯟ ꯁ    ꯃꯤꯅꯤ ꯁꯇ꯭ꯔꯤ ꯒꯤ    ꯃꯈꯥꯗ    ꯂꯥꯛꯏ꯫ ,40,12
2821,ꯃꯁꯤ ꯑꯍꯜ ꯑꯣꯏꯔꯕ ꯄ꯭ꯔꯖꯥꯁꯤꯡꯕꯨ ꯃꯥꯔꯀꯦꯠꯀꯤ ꯐꯥꯏꯅꯥꯟꯁꯤꯑꯦꯜ ꯏꯝꯄꯦꯛꯇꯒꯤ ꯉꯥꯛꯊꯣꯛꯅꯕ ꯁꯦꯝꯕꯅꯤ꯫,ꯃꯁꯤ    ꯑꯍꯜ    ꯑꯣꯏꯔꯕ    ꯄ꯭ꯔ ꯖꯥ ꯁꯤꯡꯕꯨ    ꯃꯥꯔ ꯀꯦ ꯠꯀꯤ    ꯐꯥꯏ ꯅꯥꯟ ꯁꯤꯑꯦꯜ    ꯏꯝ ꯄꯦ ꯛꯇꯒꯤ    ꯉꯥꯛꯊꯣꯛꯅꯕ    ꯁꯦꯝ ꯕꯅꯤ꯫ ,63,18
2822,ꯑꯩ ꯃꯁꯤ ꯚꯥꯞ ꯇꯥꯗ꯭ꯔꯦ,ꯑ ꯩ    ꯃꯁꯤ    ꯚꯥ ꯞ    ꯇꯥ ꯗ꯭ꯔꯦ ,14,7
2823,ꯃꯁꯤꯅ ꯀꯔꯝꯅ ꯃꯈꯣꯏꯕꯨ ꯗꯥꯏꯅꯥꯃꯤꯛ ꯃꯥꯔꯀꯦꯠ ꯏꯟꯚꯦꯁꯠꯃꯦꯟꯇꯒꯤ ꯉꯥꯛꯊꯣꯛꯀꯗꯣꯏꯅꯣ,ꯃꯁꯤꯅ    ꯀꯔꯝꯅ    ꯃꯈꯣꯏꯕꯨ    ꯗꯥꯏ ꯅꯥ ꯃꯤꯛ    ꯃꯥꯔ ꯀꯦꯠ    ꯏꯟ ꯚ ꯦꯁꯠ ꯃꯦꯟ ꯇꯒꯤ    ꯉꯥꯛꯊꯣꯛ ꯀꯗ ꯣꯏ ꯅꯣ ,52,17
2824,ꯑꯩ ꯀꯨꯞꯅ ꯍꯥꯏꯒꯦ꯫,ꯑ ꯩ    ꯀꯨꯞꯅ    ꯍꯥꯏ ꯒꯦ ꯫ ,12,6
2825,"ꯑꯗꯨꯗꯤ, ꯀꯔꯤꯒꯨꯝꯕ ꯏꯟꯚꯦꯁꯠꯃꯦꯟꯀꯤ ꯏꯟꯇꯔꯦꯁꯠ ꯏꯟꯀꯝꯗ ꯇꯨꯡꯗ ꯍꯟꯊꯕ ꯂꯩꯔꯕꯗꯤ ꯃꯁꯤꯒꯤ ꯁ꯭ꯀꯤꯝ ꯑꯁꯤꯅ ꯑꯁꯤꯒꯨꯝꯕ ꯇꯝꯕ ꯉꯝꯗꯕ ꯏꯟꯚꯦꯁꯠꯃꯦꯟꯁꯤꯡꯗꯒꯤ ꯑꯇꯣꯞꯄ ꯄꯥꯝꯕꯩ ꯑꯃ ꯄꯤ꯫","ꯑꯗꯨ ꯗꯤ,    ꯀꯔꯤꯒꯨꯝꯕ    ꯏꯟ ꯚ ꯦꯁꯠ ꯃꯦꯟ ꯀꯤ    ꯏꯟꯇꯔ ꯦꯁꯠ    ꯏꯟ ꯀ ꯝꯗ    ꯇꯨꯡꯗ    ꯍꯟꯊꯕ    ꯂꯩꯔꯕꯗꯤ    ꯃꯁꯤꯒꯤ    ꯁ꯭ꯀꯤ ꯝ    ꯑꯁꯤꯅ    ꯑꯁꯤꯒꯨꯝꯕ    ꯇꯝꯕ    ꯉꯝꯗꯕ    ꯏꯟ ꯚ ꯦꯁꯠ ꯃꯦꯟ ꯁꯤꯡꯗꯒꯤ    ꯑꯇꯣꯞꯄ    ꯄꯥꯝꯕꯩ    ꯑꯃ    ꯄꯤ꯫ ",108,32
2826,ꯁ꯭ꯀꯤꯝ ꯑꯁꯤꯒꯤ ꯃꯈꯥꯗ ꯑꯍꯜ ꯑꯣꯏꯔꯕ ꯄ꯭ꯔꯖꯥꯁꯤꯡꯅ ꯃꯈꯣꯏꯒꯤ ꯏꯟꯚꯦꯁꯠꯃꯦꯟꯇ ꯆꯥꯗ ꯸ꯒꯤ ꯁꯣꯏꯗ꯭ꯔꯕ ꯔꯤꯇꯔꯟ ꯐꯪꯉꯤ꯫,ꯁ꯭ꯀꯤ ꯝ    ꯑꯁꯤꯒꯤ    ꯃꯈꯥꯗ    ꯑꯍꯜ    ꯑꯣꯏꯔꯕ    ꯄ꯭ꯔ ꯖꯥ ꯁꯤꯡꯅ    ꯃꯈꯣꯏꯒꯤ    ꯏꯟ ꯚ ꯦꯁꯠ ꯃꯦꯟ ꯇ    ꯆꯥꯗ    ꯸ꯒꯤ    ꯁꯣꯏ ꯗ꯭ꯔꯕ    ꯔꯤ ꯇꯔꯟ    ꯐꯪ ꯉꯤ꯫ ,70,23
2827,ꯑꯗꯨꯒ ꯀꯔꯤꯒꯨꯝꯕ ꯗꯤꯐꯔꯦꯟꯁꯤꯑꯦꯜ ꯔꯤꯇꯔꯟ ꯑꯃ ꯂꯩꯔꯕꯗꯤ ꯃꯗꯨ ꯁꯔꯀꯥꯔꯅ ꯄꯨꯒꯅꯤ꯫,ꯑꯗꯨꯒ    ꯀꯔꯤꯒꯨꯝꯕ    ꯗꯤ ꯐꯔꯦꯟ ꯁꯤꯑꯦꯜ    ꯔꯤ ꯇꯔꯟ    ꯑꯃ    ꯂꯩꯔꯕꯗꯤ    ꯃꯗꯨ    ꯁꯔꯀꯥꯔꯅ    ꯄꯨ ꯒꯅꯤ꯫ ,50,13
2828,ꯗꯤꯐꯔꯦꯟꯁꯤꯑꯦꯜ ꯔꯤꯇꯔꯟꯁꯦ ꯀꯩꯅꯣ,ꯗꯤ ꯐꯔꯦꯟ ꯁꯤꯑꯦꯜ    ꯔꯤ ꯇꯔ ꯟ ꯁꯦ    ꯀꯩ ꯅꯣ ,22,9
2829,ꯃꯁꯤꯒꯤ ꯁ꯭ꯀꯤꯝ ꯑꯁꯤ ꯑꯦꯜ,ꯃꯁꯤꯒꯤ    ꯁ꯭ꯀꯤ ꯝ    ꯑꯁꯤ    ꯑꯦꯜ ,16,5
2830,ꯑꯥꯏ,ꯑ ꯥꯏ ,3,2
2831,ꯁꯤ,ꯁꯤ ,2,1
2832,ꯒ ꯄꯨꯟꯅ ꯇꯧꯕꯅꯤ꯫,ꯒ    ꯄꯨꯟꯅ    ꯇꯧ ꯕꯅꯤ꯫ ,11,4
2833,ꯑꯗꯨꯅ ꯑꯦꯜ,ꯑꯗꯨꯅ    ꯑꯦꯜ ,7,2
2834,ꯑꯥꯏ,ꯑ ꯥꯏ ,3,2
2835,ꯁꯤ,ꯁꯤ ,2,1
2836,ꯅ ꯅꯪꯒꯤ ꯏꯟꯚꯦꯁꯠꯃꯦꯟꯇ ꯑꯦꯁ꯭ꯌꯣꯔ ꯇꯧꯔꯕ ꯆꯥꯗ ꯸ ꯄꯤꯔꯛꯀꯅꯤ꯫,ꯅ    ꯅꯪ ꯒꯤ    ꯏꯟ ꯚ ꯦꯁꯠ ꯃꯦꯟ ꯇ    ꯑꯦꯁ ꯭ꯌꯣ ꯔ    ꯇꯧꯔꯕ    ꯆꯥꯗ    ꯸    ꯄꯤꯔꯛ ꯀꯅꯤ꯫ ,38,16
2837,"ꯀꯔꯤꯒꯨꯝꯕ ꯈꯦꯠꯅꯕ ꯂꯩꯔꯕꯗꯤ, ꯍꯥꯏꯗꯤ ꯀꯔꯤꯒꯨꯝꯕ ꯑꯃꯥꯡꯕ ꯂꯩꯔꯕꯗꯤ, ꯁꯔꯀꯥꯔꯅ ꯗꯥꯏꯇ ꯄꯨꯒꯅꯤ꯫","ꯀꯔꯤꯒꯨꯝꯕ    ꯈꯦꯠꯅꯕ    ꯂꯩꯔꯕꯗꯤ,    ꯍꯥꯏ ꯗꯤ    ꯀꯔꯤꯒꯨꯝꯕ    ꯑꯃ ꯥꯡꯕ    ꯂꯩꯔꯕꯗꯤ,    ꯁꯔꯀꯥꯔꯅ    ꯗꯥꯏ ꯇ    ꯄꯨ ꯒꯅꯤ꯫ ",59,14
2838,ꯅꯪꯒꯤ ꯏꯟꯚꯦꯁꯠꯃꯦꯟꯇꯣ ꯆꯥꯗ ꯸ ꯑꯗꯨꯝ ꯑꯣꯏꯅꯤ꯫,ꯅꯪ ꯒꯤ    ꯏꯟ ꯚ ꯦꯁꯠ ꯃꯦꯟ ꯇꯣ    ꯆꯥꯗ    ꯸    ꯑꯗꯨꯝ    ꯑꯣꯏ ꯅꯤ꯫ ,29,12
2839,"ꯑꯣ, ꯐꯔꯦ꯫","ꯑꯣ ,    ꯐ ꯔꯦ꯫ ",7,4
2840,ꯑꯩ ꯍꯧꯖꯤꯛ ꯚꯥꯞ ꯇꯥꯔꯦ꯫,ꯑ ꯩ    ꯍꯧꯖꯤꯛ    ꯚꯥ ꯞ    ꯇꯥꯔ ꯦ ꯫ ,15,8
2841,ꯑꯗꯨꯒ ꯄꯦꯑꯥꯎꯠꯁꯤꯡꯗꯨꯒꯤ ꯃꯇꯥꯡꯗꯗꯤ,ꯑꯗꯨꯒ    ꯄꯦ ꯑꯥꯎꯠ ꯁꯤꯡ ꯗꯨꯒꯤ    ꯃꯇꯥꯡ ꯗꯗꯤ ,24,7
2842,ꯄꯦꯑꯥꯎꯠꯁꯤꯡꯗꯣ ꯆꯍꯤ ꯱꯰ꯒꯤ ꯊꯥ-ꯊꯥꯒꯤꯅꯦ꯫,ꯄꯦ ꯑꯥꯎꯠ ꯁꯤꯡ ꯗꯣ    ꯆꯍꯤ    ꯱꯰ꯒꯤ    ꯊꯥ - ꯊꯥ ꯒꯤ ꯅꯦ ꯫ ,28,12
2843,ꯄꯨꯄꯨꯅ ꯀꯌꯥꯝ ꯏꯟꯚꯦꯁꯠ ꯇꯧꯈꯤꯒꯦ,ꯄꯨ ꯄꯨ ꯅ    ꯀꯌꯥꯝ    ꯏꯟ ꯚ ꯦꯁꯠ    ꯇꯧ ꯈꯤ ꯒꯦ ,21,10
2844,ꯑꯍꯥꯟꯕꯗ ꯂꯥꯈ ꯷,ꯑꯍꯥꯟꯕꯗ    ꯂꯥꯈ    ꯷ ,10,3
2845,꯵ ꯎꯠꯂꯦ ꯑꯗꯨꯒ ꯀꯣꯟꯅ ꯱꯵꯫,꯵    ꯎꯠ ꯂꯦ    ꯑꯗꯨꯒ    ꯀꯣꯟꯅ    ꯱꯵ ꯫ ,16,7
2846,"ꯍꯣꯏ, ꯑꯗꯨꯗꯤ ꯃꯗꯨ ꯆꯍꯤ ꯑꯃꯈꯛꯀꯤꯗꯃꯛ ꯁꯕꯁꯀ꯭ꯔꯤꯞꯁꯟꯒꯤꯗꯃꯛ ꯍꯥꯡꯈꯤꯕꯅꯤ ꯑꯗꯨꯒ ꯏꯟꯚꯦꯁꯠꯃꯦꯟꯀꯤ ꯀꯦꯞꯄꯤꯡ ꯑꯗꯨ ꯏꯃꯨꯡ ꯑꯃꯗ ꯀꯣꯟꯅ ꯍꯦꯟꯒꯠꯈꯤꯕꯅꯤ꯫","ꯍ ꯣꯏ ,    ꯑꯗꯨꯗꯤ    ꯃꯗꯨ    ꯆꯍꯤ    ꯑꯃ ꯈ ꯛ ꯀꯤꯗꯃꯛ    ꯁꯕ ꯁ ꯀ꯭ꯔꯤ ꯞ ꯁꯟ ꯒꯤꯗꯃꯛ    ꯍꯥꯡ ꯈꯤꯕꯅꯤ    ꯑꯗꯨꯒ    ꯏꯟ ꯚ ꯦꯁꯠ ꯃꯦꯟ ꯀꯤ    ꯀꯦꯞ ꯄꯤꯡ    ꯑꯗꯨ    ꯏꯃꯨꯡ    ꯑꯃꯗ    ꯀꯣꯟꯅ    ꯍꯦꯟꯒꯠ ꯈꯤꯕꯅꯤ꯫ ",93,32
2847,ꯃꯁꯤꯅ ꯇꯁꯦꯡꯅ ꯃꯇꯦꯡ ꯑꯣꯏ꯫,ꯃꯁꯤꯅ    ꯇꯁꯦꯡꯅ    ꯃꯇꯦꯡ    ꯑꯣꯏ꯫ ,17,4
2848,ꯃꯍꯥꯛꯇ ꯃꯁꯤ ꯇꯧꯈꯤꯕꯒꯤ ꯅꯤꯡꯁꯤꯡꯕ ꯀꯩꯝ ꯂꯩꯇꯦ꯫,ꯃꯍꯥꯛ ꯇ    ꯃꯁꯤ    ꯇꯧ ꯈꯤꯕꯒꯤ    ꯅꯤꯡꯁꯤꯡ ꯕ    ꯀꯩ ꯝ    ꯂꯩꯇꯦ꯫ ,30,10
2849,ꯑꯩ ꯃꯣꯏꯒꯤ ꯑꯣꯐꯤꯁꯇ ꯆꯠꯂꯒ ꯑꯍꯦꯟꯕ ꯊꯤꯔꯨꯒꯦ꯫,ꯑ ꯩ    ꯃ ꯣꯏꯒꯤ    ꯑꯣꯐꯤꯁꯇ    ꯆꯠ ꯂꯒ    ꯑꯍꯦꯟꯕ    ꯊꯤ ꯔꯨ ꯒꯦ ꯫ ,29,12
2850,ꯃꯇꯝ ꯑꯃꯗ ꯍꯦꯛꯇ ꯌꯥꯏ ꯚꯥꯏ꯫,ꯃꯇꯝ    ꯑꯃꯗ    ꯍꯦ ꯛꯇ    ꯌꯥꯏ    ꯚꯥꯏ ꯫ ,17,7
2851,ꯑꯍꯦꯟꯕ ꯃꯔꯣꯜ ꯃꯊꯧ ꯇꯥꯔꯗꯤ ꯑꯩꯉꯣꯟꯗ ꯈꯪꯍꯜꯂꯛꯑꯣ꯫,ꯑꯍꯦꯟꯕ    ꯃꯔꯣꯜ    ꯃꯊꯧ    ꯇꯥꯔ ꯗꯤ    ꯑꯩ ꯉꯣꯟꯗ    ꯈꯪ ꯍꯜꯂꯛ ꯑꯣ ꯫ ,32,11
2852,ꯆꯦꯛꯁꯤꯟꯅ ꯂꯩꯌꯨ꯫,ꯆꯦꯛꯁꯤꯟ ꯅ    ꯂꯩ ꯌꯨ ꯫ ,12,5
2853,ꯒꯨꯗ ꯃꯣꯔꯅꯤꯡ ꯀ꯭ꯂꯥꯁ꯫,ꯒꯨ ꯗ    ꯃꯣꯔ ꯅꯤꯡ    ꯀ꯭ꯂꯥ ꯁ ꯫ ,15,7
2854,ꯃꯌꯥꯝ ꯄꯨꯝꯕ ꯅꯈꯣꯏꯒꯤ ꯐꯝꯐꯝꯗ ꯂꯦꯡꯁꯤꯟꯕꯤꯌꯨ꯫,ꯃꯌꯥꯝ    ꯄꯨ ꯝꯕ    ꯅꯈ ꯣꯏꯒꯤ    ꯐꯝ ꯐꯝꯗ    ꯂꯦꯡ ꯁꯤꯟ ꯕꯤꯌꯨ꯫ ,30,10
2855,ꯑꯩꯈꯣꯏ ꯉꯁꯤꯗꯤ ꯚꯣꯇꯔꯁꯤꯡꯒꯤ ꯃꯇꯥꯡꯗ ꯋꯥꯔꯤ ꯁꯥꯟꯅꯒꯅꯤ꯫,ꯑꯩꯈ ꯣꯏ    ꯉꯁꯤꯗꯤ    ꯚꯣ ꯇꯔ ꯁꯤꯡꯒꯤ    ꯃꯇꯥꯡꯗ    ꯋꯥꯔꯤ    ꯁꯥꯟꯅ ꯒꯅꯤ꯫ ,36,10
2856,ꯑꯩꯈꯣꯏ ꯂꯣꯏꯅꯃꯛ ꯈꯪꯉꯤ ꯃꯗꯨꯗꯤ ꯃꯤꯈꯜ ꯑꯃꯗ ꯃꯍꯥꯛꯀꯤ ꯚꯣꯠ ꯊꯥꯗꯕ ꯃꯤꯑꯣꯏ ꯑꯃꯕꯨ ꯚꯣꯇꯔ ꯀꯧꯋꯤ꯫,ꯑꯩꯈ ꯣꯏ    ꯂꯣꯏꯅ ꯃꯛ    ꯈꯪ ꯉꯤ    ꯃꯗꯨꯗꯤ    ꯃꯤꯈ ꯜ    ꯑꯃꯗ    ꯃꯍꯥꯛꯀꯤ    ꯚꯣ ꯠ    ꯊꯥꯗꯕ    ꯃꯤꯑꯣꯏ    ꯑꯃꯕꯨ    ꯚꯣ ꯇꯔ    ꯀꯧ ꯋꯤ꯫ ,58,20
2857,ꯍꯧꯖꯤꯛ ꯚꯣꯇꯔ ꯑꯃꯕꯨ ꯚꯣꯠ ꯊꯥꯗꯕ ꯌꯥꯍꯟꯕꯒꯤ ꯃꯇꯥꯡꯗ ꯀꯅꯥ ꯑꯃꯍꯦꯛꯇꯅ ꯍꯥꯏꯕ ꯉꯝꯕ꯭ꯔ,ꯍꯧꯖꯤꯛ    ꯚꯣ ꯇꯔ    ꯑꯃꯕꯨ    ꯚꯣ ꯠ    ꯊꯥꯗꯕ    ꯌꯥ ꯍꯟꯕꯒꯤ    ꯃꯇꯥꯡꯗ    ꯀ ꯅꯥ    ꯑꯃꯍꯦꯛꯇ ꯅ    ꯍꯥꯏꯕ    ꯉ ꯝꯕ ꯭ꯔ,51,18
2858,ꯃꯤꯑꯣꯏ ꯑꯗꯨ ꯆꯍꯤ ꯇꯔꯥꯅꯤꯄꯥꯜ ꯅꯠꯇ꯭ꯔꯒ ꯃꯊꯛ ꯑꯣꯏꯒꯗꯕꯅꯤ꯫,ꯃꯤꯑꯣꯏ    ꯑꯗꯨ    ꯆꯍꯤ    ꯇꯔꯥ ꯅꯤ ꯄꯥꯜ    ꯅꯠꯇ꯭ꯔꯒ    ꯃꯊꯛ    ꯑꯣꯏ ꯒꯗꯕꯅꯤ꯫ ,37,10
2859,"ꯑꯗꯨꯃꯛꯅꯤ꯫ ꯁꯤꯇꯤꯖꯟꯁꯤꯞ ꯑꯦꯛꯅ ꯀꯥꯁꯠ, ꯂꯥꯏꯅꯤꯡ, ꯖꯦꯟꯗꯔ, ꯑꯁꯤꯅꯆꯤꯡꯕꯗ ꯌꯨꯝꯐꯝ ꯑꯣꯏꯕ ꯈꯦꯠꯅꯕ ꯑꯃꯠꯇ ꯌꯦꯡꯗꯅ ꯄ꯭ꯔꯖꯥ ꯄꯨꯝꯕ ꯚꯣꯠ ꯊꯥꯗꯕ ꯌꯥꯍꯜꯂꯤ꯫","ꯑꯗꯨ ꯃꯛ ꯅꯤ꯫    ꯁꯤꯇꯤ ꯖ ꯟꯁꯤ ꯞ    ꯑꯦꯛ ꯅ    ꯀꯥ ꯁ ꯠ,    ꯂꯥꯏꯅꯤꯡ ,    ꯖꯦꯟ ꯗꯔ ,    ꯑꯁꯤꯅꯆꯤꯡ ꯕꯗ    ꯌꯨꯝꯐꯝ    ꯑꯣꯏꯕ    ꯈꯦꯠꯅꯕ    ꯑꯃꯠꯇ    ꯌꯦꯡ ꯗꯅ    ꯄ꯭ꯔ ꯖꯥ    ꯄꯨ ꯝꯕ    ꯚꯣ ꯠ    ꯊꯥꯗꯕ    ꯌꯥꯍꯜꯂꯤ꯫ ",94,33
2860,ꯑꯗꯨꯕꯨ ꯃꯈꯣꯏ ꯆꯍꯤ ꯇꯔꯥꯅꯤꯄꯥꯜ ꯅꯠꯇ꯭ꯔꯒ ꯃꯊꯛ ꯑꯣꯏꯒꯗꯕꯅꯤ꯫,ꯑꯗꯨꯕꯨ    ꯃꯈꯣꯏ    ꯆꯍꯤ    ꯇꯔꯥ ꯅꯤ ꯄꯥꯜ    ꯅꯠꯇ꯭ꯔꯒ    ꯃꯊꯛ    ꯑꯣꯏ ꯒꯗꯕꯅꯤ꯫ ,38,10
2861,ꯑꯗꯨꯒ ꯚꯣꯇꯔꯁꯤꯡ ꯑꯁꯤ ꯃꯈꯣꯏꯅ ꯚꯥꯔꯠꯀꯤ ꯄ꯭ꯔꯖꯥ ꯑꯣꯏꯔꯕꯈꯛꯇꯗ ꯏꯂꯤꯖꯤꯕꯜ ꯑꯣꯏ꯫,ꯑꯗꯨꯒ    ꯚꯣ ꯇꯔꯁꯤꯡ    ꯑꯁꯤ    ꯃꯈꯣꯏꯅ    ꯚꯥꯔꯠꯀꯤ    ꯄ꯭ꯔ ꯖꯥ    ꯑꯣꯏ ꯔꯕ ꯈꯛꯇꯗ    ꯏꯂꯤ ꯖꯤ ꯕꯜ    ꯑꯣꯏ꯫ ,50,15
2862,ꯀꯅꯥꯒꯨꯝꯕ ꯑꯃꯅ ꯚꯥꯔꯠꯀꯤ ꯃꯤꯈꯜꯗ ꯚꯣꯠ ꯊꯥꯗꯕ ꯄꯥꯝꯂꯕꯗꯤ ꯏꯟꯗꯤꯌꯥꯟ ꯁꯤꯇꯤꯖꯟꯁꯤꯞ ꯂꯩꯕ ꯗꯔꯀꯥꯔ ꯑꯣꯏ꯫,ꯀꯅꯥꯒꯨꯝꯕ    ꯑꯃꯅ    ꯚꯥꯔꯠꯀꯤ    ꯃꯤꯈꯜꯗ    ꯚꯣ ꯠ    ꯊꯥꯗꯕ    ꯄꯥꯝ ꯂꯕꯗꯤ    ꯏꯟꯗꯤ ꯌꯥꯟ    ꯁꯤꯇꯤ ꯖ ꯟꯁꯤ ꯞ    ꯂꯩꯕ    ꯗꯔ ꯀꯥꯔ    ꯑꯣꯏ꯫ ,63,19
2863,ꯅꯈꯣꯏ ꯀꯔꯤ ꯑꯇꯣꯞꯄ ꯏꯂꯤꯖꯤꯕꯤꯂꯤꯇꯤ ꯀ꯭ꯔꯥꯏꯇꯦꯔꯤꯌꯥ ꯈꯪꯕꯤꯕꯒꯦ,ꯅꯈ ꯣꯏ    ꯀꯔꯤ    ꯑꯇꯣꯞꯄ    ꯏꯂꯤ ꯖꯤ ꯕꯤ ꯂꯤꯇꯤ    ꯀ꯭ꯔꯥꯏ ꯇꯦꯔꯤ ꯌꯥ    ꯈꯪ ꯕꯤ ꯕꯒꯦ ,41,14
2864,ꯃꯈꯣꯏꯒꯤ ꯃꯤꯡ ꯑꯗꯨ ꯏꯂꯦꯛꯇꯣꯔꯦꯜ ꯔꯣꯜꯗ ꯌꯥꯎꯒꯗꯕꯅꯤ꯫,ꯃꯈꯣꯏꯒꯤ    ꯃꯤꯡ    ꯑꯗꯨ    ꯏꯂꯦꯛ ꯇꯣ ꯔꯦꯜ    ꯔꯣ ꯜꯗ    ꯌꯥꯎ ꯒꯗꯕꯅꯤ꯫ ,34,10
2865,ꯆꯨꯝꯃꯤ꯫ ꯏꯂꯤꯖꯤꯕꯜ ꯑꯣꯏꯕ ꯃꯤꯑꯣꯏ ꯄꯨꯝꯅꯃꯛꯀꯤ ꯃꯃꯤꯡꯁꯤꯡ ꯑꯗꯨ ꯏꯂꯦꯛꯇꯣꯔꯦꯜ ꯔꯣꯜꯗ ꯌꯥꯎꯒꯅꯤ꯫,ꯆꯨꯝ ꯃꯤ꯫    ꯏꯂꯤ ꯖꯤ ꯕꯜ    ꯑꯣꯏꯕ    ꯃꯤꯑꯣꯏ    ꯄꯨꯝꯅꯃꯛꯀꯤ    ꯃꯃꯤ ꯡꯁꯤꯡ    ꯑꯗꯨ    ꯏꯂꯦꯛ ꯇꯣ ꯔꯦꯜ    ꯔꯣ ꯜꯗ    ꯌꯥꯎ ꯒꯅꯤ꯫ ,60,18
2866,ꯚꯣꯠ ꯊꯥꯗꯕ ꯌꯥꯅꯕ ꯅꯍꯥꯛꯅ ꯅꯍꯥꯛꯀꯤ ꯃꯤꯡ ꯑꯗꯨ ꯔꯣꯜ ꯑꯗꯨꯗ ꯍꯥꯞꯄꯤꯒꯗꯕꯅꯤ꯫,ꯚꯣ ꯠ    ꯊꯥꯗꯕ    ꯌꯥꯅꯕ    ꯅꯍꯥꯛꯅ    ꯅꯍꯥꯛꯀꯤ    ꯃꯤꯡ    ꯑꯗꯨ    ꯔꯣꯜ    ꯑꯗꯨꯗ    ꯍꯥꯞ ꯄꯤ ꯒꯗꯕꯅꯤ꯫ ,46,13
2867,ꯅꯍꯥꯛꯅ ꯃꯤꯡ ꯆꯟꯕ ꯄꯥꯝꯕꯤꯔꯤꯕ ꯀꯟꯁꯇꯤꯇꯨꯑꯦꯟꯁꯤ ꯑꯗꯨꯒꯤ ꯄꯥꯔꯠ/ꯄꯣꯜꯂꯤꯡ ꯑꯦꯔꯤꯌꯥ ꯑꯗꯨꯒꯤ ꯑꯆꯝꯕ ꯃꯐꯝꯗꯨꯗ ꯈꯨꯟꯗꯥꯕ ꯑꯃ ꯑꯣꯏꯕꯤꯒꯗꯕꯅꯤ꯫,ꯅꯍꯥꯛꯅ    ꯃꯤꯡ    ꯆꯟꯕ    ꯄꯥꯝꯕꯤ ꯔꯤꯕ    ꯀꯟ ꯁꯇꯤ ꯇꯨ ꯑꯦꯟ ꯁꯤ    ꯑꯗꯨꯒꯤ    ꯄꯥꯔꯠ / ꯄꯣ ꯜꯂꯤ ꯡ    ꯑꯦ ꯔꯤꯌꯥ    ꯑꯗꯨꯒꯤ    ꯑꯆꯝꯕ    ꯃꯐꯝ ꯗꯨꯗ    ꯈꯨꯟꯗꯥ ꯕ    ꯑꯃ    ꯑꯣꯏ ꯕꯤ ꯒꯗꯕꯅꯤ꯫ ,87,28
2868,"ꯑꯣꯖꯥ, ꯀꯔꯤꯒꯨꯝꯕ ꯑꯗꯣꯝꯅ ꯑꯀꯛꯅꯕ ꯃꯐꯝ ꯑꯃꯗ ꯃꯤꯡ ꯆꯜꯂꯕꯗꯤ ꯑꯗꯣꯝꯅ ꯃꯐꯝ ꯑꯗꯨꯈꯛꯇꯗ ꯚꯣꯠ ꯊꯗꯕ ꯌꯥꯏ ꯍꯥꯏꯅ ꯑꯩꯍꯥꯛ ꯇꯥꯖꯈꯤ꯫","ꯑꯣ ꯖꯥ ,    ꯀꯔꯤꯒꯨꯝꯕ    ꯑꯗꯣꯝꯅ    ꯑꯀꯛꯅꯕ    ꯃꯐꯝ    ꯑꯃꯗ    ꯃꯤꯡ    ꯆꯜꯂ ꯕꯗꯤ    ꯑꯗꯣꯝꯅ    ꯃꯐꯝ    ꯑꯗꯨ ꯈꯛꯇꯗ    ꯚꯣ ꯠ    ꯊ ꯗꯕ    ꯌꯥꯏ    ꯍꯥꯏꯅ    ꯑꯩꯍꯥꯛ   ꯇꯥ ꯖ ꯈꯤ꯫ ",76,25
2869,"ꯍꯣꯏ, ꯃꯤꯡ ꯆꯟꯕ ꯑꯁꯤ ꯃꯐꯝ ꯑꯃꯈꯛꯇꯗ ꯌꯥꯏ꯫","ꯍ ꯣꯏ ,    ꯃꯤꯡ    ꯆꯟꯕ    ꯑꯁꯤ    ꯃꯐꯝ    ꯑꯃ ꯈꯛꯇꯗ    ꯌꯥꯏ꯫ ",26,10
2870,"ꯑꯗꯨꯅ ꯀꯔꯤꯒꯨꯝꯕ ꯅꯍꯥꯛꯅ ꯅꯍꯥꯛꯀꯤ ꯀꯟꯁꯇꯤꯇꯨꯑꯦꯟꯁꯤꯗ ꯃꯤꯡ ꯆꯜꯂꯕꯗꯤ, ꯃꯐꯝ ꯑꯃꯍꯦꯛꯇꯗ ꯂꯩꯔꯕꯁꯨ, ꯚꯣꯠ ꯊꯥꯗꯅꯕꯒꯤꯗꯃꯛ ꯅꯍꯥꯛꯅ ꯅꯍꯥꯛꯀꯤ ꯀꯟꯁꯇꯤꯇꯨꯑꯦꯟꯁꯤꯗ ꯂꯥꯛꯄ ꯃꯊꯧ ꯇꯥꯏ꯫","ꯑꯗꯨꯅ    ꯀꯔꯤꯒꯨꯝꯕ    ꯅꯍꯥꯛꯅ    ꯅꯍꯥꯛꯀꯤ    ꯀꯟ ꯁꯇꯤ ꯇꯨ ꯑꯦꯟ ꯁꯤꯗ    ꯃꯤꯡ    ꯆꯜꯂ ꯕꯗꯤ,    ꯃꯐꯝ    ꯑꯃꯍꯦꯛꯇꯗ    ꯂꯩ ꯔꯕꯁꯨ,    ꯚꯣ ꯠ    ꯊꯥꯗ ꯅꯕꯒꯤꯗꯃꯛ    ꯅꯍꯥꯛꯅ    ꯅꯍꯥꯛꯀꯤ    ꯀꯟ ꯁꯇꯤ ꯇꯨ ꯑꯦꯟ ꯁꯤꯗ    ꯂꯥꯛꯄ    ꯃꯊꯧ    ꯇꯥꯏ꯫ ",110,30
2871,ꯑꯇꯣꯞꯄ ꯕꯨꯊ ꯑꯃꯠꯇꯗ ꯅꯍꯥꯛ ꯏꯂꯤꯖꯤꯕꯜ ꯚꯣꯇꯔ ꯑꯃ ꯑꯣꯏꯔꯣꯏ꯫,ꯑꯇꯣꯞꯄ    ꯕꯨ ꯊ    ꯑꯃꯠꯇꯗ    ꯅꯍꯥꯛ    ꯏꯂꯤ ꯖꯤ ꯕꯜ    ꯚꯣ ꯇꯔ    ꯑꯃ    ꯑꯣꯏ ꯔꯣꯏ ꯫ ,37,14
2872,ꯁꯣꯏꯅꯥꯏꯔꯕ ꯃꯤꯑꯣꯏꯁꯤꯡꯒꯤ ꯚꯣꯠ ꯊꯥꯗꯕꯅꯕ ꯑꯈꯟꯅꯕ ꯈꯨꯗꯣꯡꯆꯥꯕ ꯂꯩꯕꯤꯕ꯭ꯔ,ꯁꯣꯏ ꯅꯥꯏ ꯔꯕ    ꯃꯤꯑꯣꯏꯁꯤꯡꯒꯤ    ꯚꯣ ꯠ    ꯊꯥ ꯗꯕ ꯅꯕ    ꯑꯈꯟꯅꯕ    ꯈꯨꯗꯣꯡꯆꯥꯕ    ꯂꯩ ꯕꯤ ꯕ꯭ꯔ,47,14
2873,ꯃꯈꯣꯏ ꯑꯁꯤ ꯁꯣꯏꯅꯥꯏꯔꯕ ꯚꯣꯇꯔꯁꯤꯡ ꯍꯥꯏꯅ ꯔꯦꯖꯤꯁꯇꯔ ꯇꯧꯋꯤ꯫,ꯃꯈꯣꯏ    ꯑꯁꯤ    ꯁꯣꯏ ꯅꯥꯏ ꯔꯕ    ꯚꯣ ꯇꯔꯁꯤꯡ    ꯍꯥꯏꯅ    ꯔꯦꯖꯤ ꯁꯇꯔ    ꯇꯧꯋꯤ꯫ ,38,11
2874,ꯈꯨꯗꯣꯡꯆꯥꯕꯒꯤ ꯑꯣꯏꯅꯗꯤ ꯄꯣꯜꯂꯤꯡ ꯕꯨꯊꯇ ꯃꯈꯣꯏ ꯀ꯭ꯌꯨꯁꯤꯡꯗ ꯂꯦꯞꯇ꯭ꯔꯕꯁꯨ ꯌꯥꯏ꯫,ꯈꯨꯗꯣꯡꯆꯥ ꯕꯒꯤ    ꯑꯣꯏꯅ ꯗꯤ    ꯄꯣ ꯜꯂꯤ ꯡ    ꯕꯨ ꯊ ꯇ    ꯃꯈꯣꯏ    ꯀ꯭ꯌꯨ ꯁꯤꯡꯗ    ꯂꯦꯞ ꯇ꯭ꯔ ꯕꯁꯨ    ꯌꯥꯏ꯫ ,51,17
2875,ꯑꯗꯨꯕꯨ ꯄꯨꯛꯅꯤꯡ ꯋꯥꯈꯜ ꯆꯣꯏꯕ ꯃꯤꯑꯣꯏꯗꯤ ꯚꯣꯠ ꯊꯥꯗꯕ ꯌꯥꯗꯦ꯫,ꯑꯗꯨꯕꯨ    ꯄꯨꯛꯅꯤꯡ    ꯋꯥꯈꯜ    ꯆ ꯣꯏ ꯕ    ꯃꯤꯑꯣꯏ ꯗꯤ    ꯚꯣ ꯠ    ꯊꯥꯗꯕ    ꯌꯥ ꯗꯦ꯫ ,38,13
2876,"ꯑꯣ, ꯚꯣꯠ ꯊꯥꯗꯕ ꯌꯥꯗꯕ ꯑꯇꯣꯞꯄ ꯃꯤꯑꯣꯏꯁꯤꯡ ꯂꯩꯔꯤꯕ꯭ꯔ","ꯑꯣ ,    ꯚꯣ ꯠ    ꯊꯥꯗꯕ    ꯌꯥꯗꯕ    ꯑꯇꯣꯞꯄ    ꯃꯤꯑꯣꯏꯁꯤꯡ    ꯂꯩꯔꯤ ꯕ꯭ꯔ",34,10
2877,"ꯍꯣꯏ꯫ ꯚꯥꯔꯠꯀꯤ ꯁꯪꯕꯤꯙꯥꯟꯒꯤ ꯔꯤꯄ꯭ꯔꯖꯦꯟꯇꯦꯁꯟ ꯑꯣꯐ ꯗ ꯄꯤꯄꯜ ꯑꯦꯛ, ꯱꯹꯵꯱ꯒꯤ ꯃꯇꯨꯡ ꯏꯟꯅ, ꯚꯥꯔꯠꯇ ꯃꯔꯥꯜ ꯂꯩ ꯍꯥꯏꯅ ꯋꯥꯌꯦꯜꯂꯕ ꯐꯥꯗꯣꯛꯁꯤꯡ ꯚꯣꯠ ꯊꯥꯗꯕꯗꯒꯤ ꯊꯤꯡꯉꯤ꯫","ꯍ ꯣꯏ ꯫    ꯚꯥꯔꯠꯀꯤ    ꯁꯪ ꯕꯤ ꯙ ꯥꯟꯒꯤ    ꯔꯤ ꯄ꯭ꯔ ꯖꯦꯟ ꯇꯦꯁꯟ    ꯑꯣꯐ    ꯗ    ꯄꯤ ꯄꯜ    ꯑꯦꯛ ,    ꯱꯹꯵ ꯱ꯒꯤ    ꯃꯇꯨꯡ    ꯏꯟꯅ,    ꯚꯥꯔꯠꯇ    ꯃꯔꯥꯜ    ꯂꯩ    ꯍꯥꯏꯅ    ꯋꯥꯌꯦ ꯜꯂꯕ    ꯐꯥ ꯗꯣꯛ ꯁꯤꯡ    ꯚꯣ ꯠ    ꯊꯥ ꯗꯕ ꯗꯒꯤ    ꯊꯤꯡ ꯉꯤ꯫ ",103,38
2878,ꯃꯗꯨꯗ ꯄꯦꯔꯣꯜꯗ ꯂꯩꯕ ꯐꯥꯗꯣꯛꯁꯤꯡ ꯑꯃꯗꯤ ꯐꯥꯖꯤꯟꯗꯨꯅ ꯊꯝꯕ ꯐꯥꯗꯣꯛꯁꯤꯡ ꯌꯥꯎꯋꯤ꯫,ꯃꯗꯨꯗ    ꯄꯦ ꯔꯣ ꯜꯗ    ꯂꯩꯕ    ꯐꯥ ꯗꯣꯛ ꯁꯤꯡ    ꯑꯃꯗꯤ    ꯐꯥ ꯖꯤꯟꯗꯨꯅ    ꯊꯝꯕ    ꯐꯥ ꯗꯣꯛ ꯁꯤꯡ    ꯌꯥꯎꯋꯤ꯫ ,50,16
2879,ꯑꯇꯣꯞꯄ ꯂꯝꯒꯤ ꯁꯤꯇꯤꯖꯟꯁꯤꯞ ꯄꯥꯏꯕ ꯃꯤꯑꯣꯏꯁꯤꯡꯒꯤꯁꯨ ꯃꯁꯤ ꯆꯞ ꯃꯥꯟꯅꯅ ꯆꯠꯂꯤ꯫,ꯑꯇꯣꯞꯄ    ꯂꯝꯒꯤ    ꯁꯤꯇꯤ ꯖ ꯟꯁꯤ ꯞ    ꯄꯥꯏꯕ    ꯃꯤꯑꯣꯏ ꯁꯤꯡ ꯒꯤꯁꯨ    ꯃꯁꯤ    ꯆꯞ    ꯃꯥꯟꯅꯅ    ꯆꯠꯂꯤ꯫ ,49,14
2880,ꯚꯥꯔꯠꯅ ꯑꯃꯗꯒꯤ ꯍꯦꯟꯕ ꯁꯤꯇꯤꯖꯟꯁꯤꯞꯁꯤꯡ ꯁꯛꯈꯪꯗꯦ꯫,ꯚꯥꯔꯠꯅ    ꯑꯃꯗꯒꯤ    ꯍꯦꯟꯕ    ꯁꯤꯇꯤ ꯖ ꯟꯁꯤ ꯞꯁꯤꯡ    ꯁꯛꯈꯪ ꯗꯦ꯫ ,33,9
2881,"ꯑꯗꯨꯅ, ꯀꯔꯤꯒꯨꯝꯕ ꯅꯍꯥꯛꯅ ꯑꯇꯣꯞꯄ ꯂꯝꯒꯤ ꯁꯤꯇꯤꯖꯟꯁꯤꯞ ꯄꯥꯏꯔꯕꯗꯤ ꯅꯍꯥꯛ ꯅꯍꯥꯛꯀꯤ ꯏꯟꯗꯤꯌꯟ ꯁꯤꯇꯤꯖꯟꯁꯤꯞ ꯑꯃꯗꯤ ꯅꯍꯥꯛꯀꯤ ꯚꯣꯠ ꯊꯥꯗꯕꯒꯤ ꯍꯛ ꯑꯗꯨ ꯃꯥꯡꯖꯩ꯫","ꯑꯗꯨ ꯅ,    ꯀꯔꯤꯒꯨꯝꯕ    ꯅꯍꯥꯛꯅ    ꯑꯇꯣꯞꯄ    ꯂꯝꯒꯤ    ꯁꯤꯇꯤ ꯖ ꯟꯁꯤ ꯞ    ꯄꯥꯏ ꯔꯕꯗꯤ    ꯅꯍꯥꯛ    ꯅꯍꯥꯛꯀꯤ    ꯏꯟꯗꯤꯌꯟ    ꯁꯤꯇꯤ ꯖ ꯟꯁꯤ ꯞ    ꯑꯃꯗꯤ    ꯅꯍꯥꯛꯀꯤ    ꯚꯣ ꯠ    ꯊꯥꯗ ꯕꯒꯤ    ꯍꯛ    ꯑꯗꯨ    ꯃꯥꯡ ꯖꯩ ꯫ ",97,30
2882,ꯃꯗꯨ ꯑꯩꯈꯣꯏ ꯈꯪꯉꯨꯗꯦ ꯑꯣꯖꯥ꯫,ꯃꯗꯨ    ꯑꯩꯈ ꯣꯏ    ꯈꯪ ꯉ ꯨ ꯗꯦ    ꯑꯣ ꯖꯥ ꯫ ,19,10
2883,ꯚꯦꯂꯤꯗ ꯑꯣꯏꯕ ꯚꯣꯇꯔ ꯑꯥꯏ,ꯚꯦ ꯂꯤꯗ    ꯑꯣꯏꯕ    ꯚꯣ ꯇꯔ    ꯑ ꯥꯏ ,16,7
2884,ꯗꯤ,ꯗꯤ ,2,1
2885,"ꯑꯃꯁꯨ ꯂꯩꯕ ꯃꯊꯧ ꯇꯥꯏ, ꯆꯨꯝꯃꯤꯀꯣ ꯑꯣꯖꯥ","ꯑꯃꯁꯨ    ꯂꯩꯕ    ꯃꯊꯧ    ꯇꯥꯏ ,    ꯆꯨꯝ ꯃꯤ ꯀꯣ    ꯑꯣ ꯖꯥ ",25,10
2886,"ꯍꯣꯏ, ꯍꯣꯏ꯫ ꯚꯦꯂꯤꯗ ꯑꯣꯏꯕ ꯚꯣꯇꯔ ꯑꯥꯏ","ꯍ ꯣꯏ ,    ꯍ ꯣꯏ ꯫    ꯚꯦ ꯂꯤꯗ    ꯑꯣꯏꯕ    ꯚꯣ ꯇꯔ    ꯑ ꯥꯏ ",24,13
2887,ꯗꯤ,ꯗꯤ ,2,1
2888,ꯑꯃ ꯃꯊꯧ ꯇꯥꯏ꯫,ꯑꯃ    ꯃꯊꯧ    ꯇꯥꯏ꯫ ,9,3
2889,ꯃꯗꯨꯒꯤ ꯃꯇꯨꯡꯗꯇ ꯏꯂꯦꯛꯇꯣꯔꯦꯜ ꯔꯣꯜꯗ ꯅꯍꯥꯛꯀꯤ ꯃꯤꯡ ꯆꯟꯒꯅꯤ꯫,ꯃꯗꯨꯒꯤ    ꯃꯇꯨꯡ ꯗꯇ    ꯏꯂꯦꯛ ꯇꯣ ꯔꯦꯜ    ꯔꯣ ꯜꯗ    ꯅꯍꯥꯛꯀꯤ    ꯃꯤꯡ    ꯆꯟ ꯒꯅꯤ꯫ ,39,12
2890,ꯅꯍꯥꯛꯅ ꯚꯣꯇꯔ ꯑꯥꯏ,ꯅꯍꯥꯛꯅ    ꯚꯣ ꯇꯔ    ꯑ ꯥꯏ ,12,5
2891,ꯗꯤ,ꯗꯤ ,2,1
2892,ꯑꯗꯨ ꯑꯣꯟꯂꯥꯏꯟꯗ ꯅꯠꯇ꯭ꯔꯒ ꯗꯔꯀꯥꯔ ꯑꯣꯏꯕ ꯆꯦ-ꯆꯥꯡꯁꯤꯡꯒ ꯂꯣꯏꯅꯅ ꯁꯔꯕꯤꯁ ꯁꯦꯟꯇꯔ ꯑꯃꯗ ꯔꯦꯖꯤꯁꯇꯔ ꯇꯧꯗꯨꯅ ꯂꯧꯕ ꯌꯥꯏ꯫,ꯑꯗꯨ    ꯑꯣꯟꯂꯥꯏꯟꯗ    ꯅꯠꯇ꯭ꯔꯒ    ꯗꯔ ꯀꯥꯔ    ꯑꯣꯏꯕ    ꯆꯦ - ꯆꯥꯡ ꯁꯤꯡꯒ    ꯂꯣꯏꯅꯅ    ꯁꯔꯕꯤꯁ    ꯁꯦꯟꯇꯔ    ꯑꯃꯗ    ꯔꯦꯖꯤ ꯁꯇꯔ    ꯇꯧꯗꯨꯅ    ꯂꯧꯕ    ꯌꯥꯏ꯫ ,73,19
2893,ꯉꯁꯤꯒꯤꯗꯤ ꯃꯁꯤꯅ ꯂꯣꯏꯔꯦ꯫,ꯉꯁꯤ ꯒꯤ ꯗꯤ    ꯃꯁꯤꯅ    ꯂꯣꯏ ꯔꯦ꯫ ,17,6
2894,ꯃꯊꯪ ꯅꯨꯃꯤꯠꯀꯤꯗꯃꯛ ꯅꯈꯣꯏꯒꯤ ꯏꯃꯨꯡꯒꯤ ꯃꯤꯑꯣꯏꯁꯤꯡꯒ ꯃꯈꯣꯏꯒꯤ ꯚꯣꯇꯔ ꯑꯣꯏꯕꯒꯤ ꯑꯦꯛꯁꯄꯤꯔꯤꯑꯦꯟꯁꯁꯤꯡꯒꯤ ꯃꯇꯥꯡꯗ ꯋꯥꯔꯤ ꯁꯥꯅꯧ꯫,ꯃꯊꯪ    ꯅꯨꯃꯤ ꯠ ꯀꯤꯗꯃꯛ    ꯅꯈ ꯣꯏꯒꯤ    ꯏꯃꯨꯡꯒꯤ    ꯃꯤꯑꯣꯏ ꯁꯤꯡꯒ    ꯃꯈꯣꯏꯒꯤ    ꯚꯣ ꯇꯔ    ꯑꯣꯏꯕꯒꯤ    ꯑꯦꯛꯁ ꯄꯤ ꯔꯤ ꯑꯦꯟ ꯁꯁꯤꯡꯒꯤ    ꯃꯇꯥꯡꯗ    ꯋꯥꯔꯤ    ꯁꯥ ꯅꯧ ꯫ ,81,23
2895,"ꯐꯅꯤ ꯑꯣꯖꯥ, ꯊꯥꯒꯠꯆꯔꯤ꯫","ꯐ ꯅꯤ    ꯑꯣ ꯖꯥ ,    ꯊꯥꯒꯠ ꯆ ꯔꯤ꯫ ",16,8
2896,"ꯍꯦꯜꯂꯣ, ꯑꯩ ꯁꯤꯗ ꯄꯥꯟ ꯀꯥꯔꯗ ꯑꯃ ꯁꯥꯒꯦ ꯂꯥꯛꯄꯅꯦ꯫","ꯍꯦꯜ ꯂꯣ ,    ꯑ ꯩ    ꯁꯤꯗ    ꯄꯥꯟ    ꯀꯥꯔꯗ    ꯑꯃ    ꯁꯥ ꯒꯦ    ꯂꯥꯛ ꯄ ꯅꯦ ꯫ ",31,15
2897,ꯃꯁꯤ ꯅꯍꯥꯛ ꯅꯁꯥꯒꯤ ꯑꯣꯏꯔꯕ꯭ꯔꯥ,ꯃꯁꯤ    ꯅꯍꯥꯛ    ꯅ ꯁꯥꯒꯤ    ꯑꯣꯏ ꯔꯕ ꯭ꯔꯥ ,20,7
2898,ꯇꯁꯦꯡꯅ ꯑꯩꯒ ꯑꯃꯁꯨꯡ ꯏꯆꯥꯅꯨꯄꯤꯒꯒꯤꯗꯝꯛꯇꯅꯤ꯫,ꯇꯁꯦꯡꯅ    ꯑꯩ ꯒ    ꯑꯃꯁꯨꯡ    ꯏ ꯆꯥ ꯅꯨꯄꯤ ꯒ ꯒꯤꯗ ꯝ ꯛꯇ ꯅꯤ꯫ ,30,12
2899,"ꯑꯗꯨꯕꯨ, ꯑꯩꯒꯤ ꯏꯆꯥꯅꯨꯄꯤ ꯑꯁꯤ ꯕ꯭ꯔꯤꯇꯦꯟ ꯂꯩꯕꯥꯛꯀꯤ ꯃꯆꯥ ꯑꯣꯏꯕꯒꯤ ꯆꯦ ꯂꯩ꯫","ꯑꯗꯨꯕꯨ ,    ꯑ ꯩꯒꯤ    ꯏ ꯆꯥ ꯅꯨꯄꯤ    ꯑꯁꯤ    ꯕ꯭ꯔꯤ ꯇꯦꯟ    ꯂꯩꯕꯥꯛꯀꯤ    ꯃꯆꯥ    ꯑꯣꯏꯕꯒꯤ    ꯆꯦ    ꯂꯩ꯫ ",48,15
2900,"ꯑꯣ, ꯃꯗꯨ ꯀꯥꯔꯤꯁꯨ ꯀꯥꯏꯗꯦ꯫","ꯑꯣ ,    ꯃꯗꯨ    ꯀꯥꯔ ꯤ ꯁꯨ    ꯀꯥꯏ ꯗꯦ꯫ ",18,8
2901,ꯅꯍꯥꯛꯅ ꯑꯩꯈꯣꯏꯅ ꯄꯨꯊꯣꯛꯀꯗꯧꯕ ꯆꯦ ꯆꯥꯡꯁꯤꯡ ꯑꯗꯨ ꯑꯃꯨꯛꯇ ꯍꯥꯏꯕꯤꯕ ꯌꯥꯒꯗꯔꯥ,ꯅꯍꯥꯛꯅ    ꯑꯩꯈꯣꯏꯅ    ꯄꯨꯊꯣꯛ ꯀꯗ ꯧꯕ    ꯆꯦ    ꯆꯥꯡ ꯁꯤꯡ    ꯑꯗꯨ    ꯑꯃꯨ ꯛꯇ    ꯍꯥꯏ ꯕꯤꯕ    ꯌꯥ ꯒ ꯗꯔ ꯥ ,48,17
2902,ꯅꯍꯥꯛꯀꯤ ꯄꯥꯟ ꯀꯥꯔ꯭ꯗꯇꯒꯤ ꯍꯧꯁꯦ꯫,ꯅꯍꯥꯛꯀꯤ    ꯄꯥꯟ    ꯀꯥꯔ ꯭ꯗ ꯇꯒꯤ    ꯍꯧ ꯁꯦ ꯫ ,22,8
2903,ꯅꯍꯥꯛ ꯁꯤ ꯚꯥꯔꯠ ꯂꯝꯒꯤ ꯃꯆꯥ ꯑꯣꯏꯔꯝꯒꯅꯤ ꯂꯧꯋꯦ,ꯅꯍꯥꯛ    ꯁꯤ    ꯚꯥꯔꯠ    ꯂꯝꯒꯤ    ꯃꯆꯥ    ꯑꯣꯏꯔꯝ ꯒꯅꯤ    ꯂꯧ ꯋꯦ ,29,9
2904,"ꯑꯍꯣꯏ, ꯃꯗꯨ ꯆꯨꯝꯃꯦ ꯫","ꯑꯍ ꯣꯏ ,    ꯃꯗꯨ    ꯆꯨꯝ ꯃꯦ    ꯫ ",14,7
2905,"ꯅꯍꯥꯛꯀꯤ ꯑꯣꯏꯅ, ꯃꯦꯗꯥꯝ, ꯑꯩꯈꯣꯏꯅ ꯆꯦ ꯆꯥꯡ ꯑꯍꯨꯝ ꯃꯊꯧ ꯇꯥꯒꯅꯤ꯫","ꯅꯍꯥꯛꯀꯤ    ꯑꯣꯏꯅ,    ꯃꯦ ꯗꯥ ꯝ,    ꯑꯩꯈꯣꯏꯅ    ꯆꯦ    ꯆꯥꯡ    ꯑꯍꯨꯝ    ꯃꯊꯧ    ꯇꯥ ꯒꯅꯤ꯫ ",41,12
2906,"ꯁꯛꯇꯥꯛꯀꯤ ꯄ꯭ꯔꯃꯥꯟ ꯑꯃ, ꯂꯩꯐꯝꯒꯤ ꯄ꯭ꯔꯃꯥꯟ ꯑꯃ ꯑꯃꯁꯨꯡ ꯄꯣꯛꯄꯒꯤ ꯅꯨꯃꯤꯠꯀꯤ ꯄ꯭ꯔꯃꯥꯟ ꯑꯃ꯫","ꯁꯛꯇ ꯥꯛ ꯀꯤ    ꯄ꯭ꯔ ꯃꯥꯟ    ꯑꯃ,    ꯂꯩ ꯐꯝꯒꯤ    ꯄ꯭ꯔ ꯃꯥꯟ    ꯑꯃ    ꯑꯃꯁꯨꯡ    ꯄꯣꯛ ꯄꯒꯤ    ꯅꯨꯃꯤꯠꯀꯤ    ꯄ꯭ꯔ ꯃꯥꯟ    ꯑꯃ ꯫ ",57,19
2907,ꯀꯔꯝꯕ ꯆꯦ ꯆꯥꯡꯕꯨ ꯃꯁꯤꯒꯤ ꯋꯥꯐꯝ ꯑꯃꯃꯝꯒꯤ ꯄ꯭ꯔꯃꯥꯟ ꯑꯣꯏꯅ ꯂꯩꯒꯅꯤ,ꯀꯔꯝꯕ    ꯆꯦ    ꯆꯥꯡ ꯕꯨ    ꯃꯁꯤꯒꯤ    ꯋꯥꯐꯝ    ꯑꯃꯃꯝꯒꯤ    ꯄ꯭ꯔ ꯃꯥꯟ    ꯑꯣꯏꯅ    ꯂꯩ ꯒꯅꯤ ,41,12
2908,"ꯁꯛꯇꯥꯛꯀꯤ ꯑꯣꯏꯅ, ꯅꯍꯥꯛꯅ ꯅꯪꯍꯥꯛꯛꯤ ꯑꯥꯙꯥꯔ ꯀꯥꯔ꯭ꯗꯀꯤ ꯅꯠꯇ꯭ꯔꯒ ꯚꯣꯇꯔ ꯑꯥꯏꯗꯤꯒꯤ ꯅꯠꯇ꯭ꯔꯒ ꯅꯪꯒꯤ ꯄꯥꯁꯄꯣꯔꯠꯀꯤ ꯀꯣꯄꯤ ꯑꯃ ꯄꯨꯊꯣꯛꯄ ꯌꯥꯏ ꯫","ꯁꯛꯇ ꯥꯛ ꯀꯤ    ꯑꯣꯏꯅ,    ꯅꯍꯥꯛꯅ    ꯅꯪ ꯍꯥꯛ ꯛ ꯤ    ꯑꯥ ꯙ ꯥꯔ    ꯀꯥꯔ ꯭ ꯗꯀꯤ    ꯅꯠꯇ꯭ꯔꯒ    ꯚꯣ ꯇꯔ    ꯑꯥꯏ ꯗꯤꯒꯤ    ꯅꯠꯇ꯭ꯔꯒ    ꯅꯪ ꯒꯤ    ꯄꯥ ꯁ ꯄꯣꯔ ꯠꯀꯤ    ꯀꯣ ꯄꯤ    ꯑꯃ    ꯄꯨꯊꯣꯛꯄ    ꯌꯥꯏ    ꯫ ",88,33
2909,"ꯅꯍꯥꯛꯅ ꯔꯥꯁꯟ ꯀꯥꯔ꯭ꯗꯀꯤ, ꯑꯃꯁꯨꯡ ꯑꯩꯅ ꯄꯤꯒꯗꯧꯕ ꯐꯣꯔꯝ ꯑꯃꯗ ꯌꯥꯎꯕ ꯆꯦ ꯆꯥꯡ ꯈꯔꯒꯤ ꯀꯣꯄꯤ ꯑꯃ ꯄꯨꯊꯣꯛꯄꯁꯨ ꯌꯥꯏ ꯫","ꯅꯍꯥꯛꯅ    ꯔꯥ ꯁꯟ    ꯀꯥꯔ ꯭ꯗ ꯀꯤ,    ꯑꯃꯁꯨꯡ    ꯑꯩ ꯅ    ꯄꯤ ꯒꯗ ꯧꯕ    ꯐꯣꯔꯝ    ꯑꯃꯗ    ꯌꯥꯎꯕ    ꯆꯦ    ꯆꯥꯡ    ꯈꯔꯒꯤ    ꯀꯣ ꯄꯤ    ꯑꯃ    ꯄꯨꯊꯣꯛ ꯄ ꯁꯨ    ꯌꯥꯏ    ꯫ ",69,26
2910,"ꯑꯃ ꯑꯣꯏꯔꯁꯨ ꯑꯃ ꯑꯣꯏꯔꯁꯨ, ꯃꯗꯨꯗ ꯅꯍꯥꯛꯛꯤ ꯐꯣꯇꯣ ꯌꯥꯎꯒꯗꯧꯕꯅꯤ ꯫","ꯑꯃ    ꯑꯣꯏꯔ ꯁꯨ    ꯑꯃ    ꯑꯣꯏꯔ ꯁꯨ,    ꯃꯗꯨꯗ    ꯅꯍꯥꯛ ꯛ ꯤ    ꯐꯣꯇꯣ    ꯌꯥꯎ ꯒꯗꯧ ꯕꯅꯤ    ꯫ ",41,15
2911,ꯑꯩꯍꯥꯛꯅ ꯍꯥꯏꯔꯤꯕꯁꯤ ꯁꯦꯡꯂꯕꯔꯥ,ꯑꯩꯍꯥꯛ ꯅ    ꯍꯥꯏ ꯔꯤꯕ ꯁꯤ    ꯁꯦꯡ ꯂ ꯕꯔ ꯥ ,21,9
2912,"ꯑꯍꯣꯏ ꯑꯣꯖꯥ, ꯁꯦꯡꯂꯦ ꯫","ꯑꯍ ꯣꯏ    ꯑꯣ ꯖꯥ ,    ꯁꯦꯡ ꯂꯦ    ꯫ ",15,8
2913,"ꯂꯩꯐꯝꯒꯤ ꯄ꯭ꯔꯃꯥꯟ ꯑꯣꯏꯅ, ꯊꯥ ꯑꯍꯨꯝꯗꯒꯤ ꯍꯦꯟꯅ ꯍꯦꯟꯗꯣꯛꯇꯕ ꯁꯦꯟ ꯊꯤꯈꯤꯕꯒꯤ ꯆꯦ ꯑꯃꯍꯦꯛꯇꯅ ꯌꯥꯒꯅꯤ ꯫","ꯂꯩ ꯐꯝꯒꯤ    ꯄ꯭ꯔ ꯃꯥꯟ    ꯑꯣꯏꯅ,    ꯊꯥ    ꯑꯍꯨꯝ ꯗꯒꯤ    ꯍꯦꯟꯅ    ꯍꯦꯟꯗꯣꯛ ꯇꯕ    ꯁꯦꯟ    ꯊꯤ ꯈꯤꯕꯒꯤ    ꯆꯦ    ꯑꯃꯍꯦꯛꯇ ꯅ    ꯌꯥ ꯒꯅꯤ    ꯫ ",63,20
2914,"ꯑꯩꯅ ꯁꯦꯟ ꯊꯤꯈꯤꯕꯒꯤ ꯆꯦ ꯍꯥꯏꯕꯗꯤ ꯂꯦꯟꯂꯥꯏꯟ ꯕꯤꯜ, ꯅꯠꯇ꯭ꯔꯒ ꯑꯦꯂꯦꯛꯇ꯭ꯔꯤꯛ ꯕꯤꯜ, ꯅꯠꯇ꯭ꯔꯒ ꯏꯁꯤꯡꯒꯤ ꯕꯤꯜ ꯍꯥꯏꯕꯅꯤ ꯫","ꯑꯩ ꯅ    ꯁꯦꯟ    ꯊꯤ ꯈꯤꯕꯒꯤ    ꯆꯦ    ꯍꯥꯏꯕꯗꯤ    ꯂꯦꯟ ꯂꯥꯏꯟ    ꯕꯤ ꯜ,    ꯅꯠꯇ꯭ꯔꯒ    ꯑꯦ ꯂꯦꯛ ꯇ꯭ꯔꯤꯛ    ꯕꯤ ꯜ,    ꯅꯠꯇ꯭ꯔꯒ    ꯏꯁꯤꯡꯒꯤ    ꯕꯤꯜ    ꯍꯥꯏꯕ ꯅꯤ    ꯫ ",74,23
2915,ꯃꯁꯤ ꯐꯣꯔ꯭ꯝ ꯑꯁꯤꯗ ꯍꯥꯞꯄꯕꯅꯤ ꯫,ꯃꯁꯤ    ꯐꯣꯔ ꯭ ꯝ    ꯑꯁꯤꯗ    ꯍꯥꯞ ꯄ ꯕꯅꯤ    ꯫ ,20,9
2916,"ꯅꯠꯇ꯭ꯔꯒ, ꯅꯍꯥꯛꯅ ꯅꯍꯥꯛꯀꯤ ꯄꯣꯁ꯭ꯠ ꯑꯣꯐꯤꯁ ꯄꯥꯁꯕꯨꯛ ꯅꯠꯇ꯭ꯔꯒ ꯄꯥꯁꯄꯣꯔꯠꯀꯤ ꯀꯣꯄꯤ ꯑꯃ ꯄꯨꯊꯣꯛꯄ ꯌꯥꯏ ꯫","ꯅꯠꯇ꯭ꯔ ꯒ,    ꯅꯍꯥꯛꯅ    ꯅꯍꯥꯛꯀꯤ    ꯄꯣ ꯁ꯭ꯠ    ꯑꯣꯐꯤ ꯁ    ꯄꯥ ꯁꯕ ꯨꯛ    ꯅꯠꯇ꯭ꯔꯒ    ꯄꯥ ꯁ ꯄꯣꯔ ꯠꯀꯤ    ꯀꯣ ꯄꯤ    ꯑꯃ    ꯄꯨꯊꯣꯛꯄ    ꯌꯥꯏ    ꯫ ",65,22
2917,"ꯑꯃꯨꯛꯀ, ꯆꯦ ꯑꯃ ꯍꯦꯛꯇ ꯑꯣꯏꯔꯕꯁꯨ, ꯃꯗꯨꯗ ꯅꯍꯥꯛꯀꯤ ꯂꯩꯐꯝ ꯌꯥꯎꯒꯗꯧꯕꯅꯤ꯫","ꯑꯃꯨ ꯛ ꯀ ,    ꯆꯦ    ꯑꯃ    ꯍꯦ ꯛꯇ    ꯑꯣꯏꯔꯕꯁꯨ,    ꯃꯗꯨꯗ    ꯅꯍꯥꯛꯀꯤ    ꯂꯩꯐꯝ    ꯌꯥꯎ ꯒꯗꯧ ꯕꯅꯤ꯫ ",46,15
2918,ꯍꯥꯏꯔꯤꯕ ꯑꯁꯤ ꯚꯥꯞ ꯇꯥꯕꯤꯔꯦ ꯀꯣ,ꯍꯥꯏꯔꯤꯕ    ꯑꯁꯤ    ꯚꯥ ꯞ    ꯇꯥ ꯕꯤ ꯔꯦ    ꯀꯣ ,20,8
2919,"ꯇꯥꯖꯔꯦ, ꯄꯣꯛꯄꯒꯤ ꯅꯨꯃꯤꯠꯀꯤ ꯆꯦꯒꯤꯗꯤ","ꯇꯥ ꯖ ꯔꯦ ,    ꯄꯣꯛ ꯄꯒꯤ    ꯅꯨꯃꯤꯠꯀꯤ    ꯆꯦ ꯒꯤ ꯗꯤ ",25,10
2920,ꯕ꯭ꯔꯗ ꯁꯔꯇꯤꯐꯤꯀꯦꯠ ꯅꯠꯇ꯭ꯔꯒ ꯄꯥꯁꯄꯣꯔ꯭ꯠ ꯑꯃꯅ ꯌꯥꯒꯅꯤ꯫,ꯕ꯭ꯔ ꯗ    ꯁꯔ ꯇꯤꯐꯤ ꯀꯦꯠ    ꯅꯠꯇ꯭ꯔꯒ    ꯄꯥ ꯁ ꯄꯣꯔ ꯭ꯠ    ꯑꯃꯅ    ꯌꯥꯒꯅꯤ꯫ ,36,12
2921,"ꯑꯗꯣ, ꯅꯍꯥꯛꯀꯤ ꯅꯆꯥꯅꯨꯄꯒꯤꯗꯤ, ꯃꯍꯥꯛ ꯆꯦ ꯑꯅꯤ ꯄꯨꯊꯣꯛꯇꯕ ꯌꯥꯗꯦ꯫","ꯑꯗꯣ ,    ꯅꯍꯥꯛꯀꯤ    ꯅ ꯆꯥ ꯅꯨ ꯄ ꯒꯤ ꯗꯤ,    ꯃꯍꯥꯛ    ꯆꯦ    ꯑꯅꯤ    ꯄꯨꯊꯣꯛ ꯇꯕ    ꯌꯥ ꯗꯦ꯫ ",42,16
2922,ꯁꯛꯇꯥꯛ ꯄ꯭ꯔꯃꯥꯟ ꯑꯃ ꯑꯃꯁꯨꯡ ꯂꯩꯐꯝꯒꯤ ꯄ꯭ꯔꯃꯥꯟ,ꯁꯛꯇ ꯥꯛ    ꯄ꯭ꯔ ꯃꯥꯟ    ꯑꯃ    ꯑꯃꯁꯨꯡ    ꯂꯩ ꯐꯝꯒꯤ    ꯄ꯭ꯔ ꯃꯥꯟ ,30,10
2923,ꯄꯥꯁꯄꯣꯔ꯭ꯠ ꯑꯃꯅ ꯑꯅꯤ ꯁꯤꯒꯤꯗꯃꯛ ꯌꯥꯒꯅꯤ ꯫,ꯄꯥ ꯁ ꯄꯣꯔ ꯭ꯠ    ꯑꯃꯅ    ꯑꯅꯤ    ꯁꯤ ꯒꯤꯗꯃꯛ    ꯌꯥ ꯒꯅꯤ    ꯫ ,27,11
2924,ꯃꯗꯨꯗꯤ ꯁꯥꯐꯔꯦ ꯫,ꯃꯗꯨꯗꯤ    ꯁꯥ ꯐ ꯔꯦ    ꯫ ,11,5
2925,ꯂꯤꯁꯠ ꯑꯗꯨ ꯁꯤꯗ ꯂꯩꯔꯦ ꯫,ꯂꯤꯁꯠ    ꯑꯗꯨ    ꯁꯤꯗ    ꯂꯩ ꯔꯦ    ꯫ ,15,6
2926,ꯅꯍꯥꯛꯅ ꯆꯦ ꯆꯥꯡ ꯁꯤꯡ ꯑꯗꯨ ꯁꯤꯗ ꯂꯣꯏꯅ ꯌꯥꯎꯕ ꯎꯒꯅꯤ ꯫,ꯅꯍꯥꯛꯅ    ꯆꯦ    ꯆꯥꯡ    ꯁꯤꯡ    ꯑꯗꯨ    ꯁꯤꯗ    ꯂꯣꯏꯅ    ꯌꯥꯎꯕ    ꯎ ꯒꯅꯤ    ꯫ ,32,11
2927,ꯀꯥꯔ꯭ꯗ ꯑꯗꯨ ꯌꯨꯝ ꯌꯧꯍꯟꯕꯤꯔꯛꯄꯗꯤ ꯀꯌꯥꯝ ꯀꯨꯏꯅ ꯆꯪꯒꯅꯤ,ꯀꯥꯔ ꯭ꯗ    ꯑꯗꯨ    ꯌꯨꯝ    ꯌꯧ ꯍꯟ ꯕꯤ ꯔꯛꯄ ꯗꯤ    ꯀꯌꯥꯝ    ꯀꯨꯏꯅ    ꯆꯪ ꯒꯅꯤ ,35,13
2928,ꯌꯥꯝꯗ꯭ꯔꯕꯗ ꯊꯕꯛ ꯁꯨꯕ ꯅꯨꯃꯤꯠ ꯱꯵ ꯅꯠꯇ꯭ꯔꯒ ꯲꯰ ꯆꯪꯒꯅꯤ꯫,ꯌꯥꯝꯗ꯭ꯔꯕꯗ    ꯊꯕꯛ    ꯁꯨꯕ    ꯅꯨꯃꯤꯠ    ꯱꯵    ꯅꯠꯇ꯭ꯔꯒ    ꯲꯰    ꯆꯪ ꯒꯅꯤ꯫ ,35,9
2929,"ꯁꯔ, ꯑꯩ ꯑꯃꯨꯛꯇ ꯆꯪꯖꯔꯛꯀꯦ","ꯁꯔ ,    ꯑ ꯩ    ꯑꯃꯨ ꯛꯇ    ꯆꯪꯖ ꯔꯛ ꯀꯦ ",17,9
2930,"ꯌꯥꯅꯤ, ꯆꯪꯕꯤꯔꯛꯑꯣ꯫","ꯌꯥ ꯅꯤ,    ꯆꯪ ꯕꯤ ꯔꯛ ꯑꯣ ꯫ ",14,7
2931,ꯐꯝꯕꯤꯌꯨ꯫,ꯐꯝ ꯕꯤꯌꯨ꯫ ,7,2
2932,"ꯍꯥꯏꯕꯤꯌꯨ, ꯑꯩꯅ ꯑꯗꯣꯝꯒꯤ ꯀꯔꯤ ꯇꯧꯁꯤꯒꯦ","ꯍꯥꯏ ꯕꯤꯌꯨ,    ꯑꯩ ꯅ    ꯑꯗꯣꯝꯒꯤ    ꯀꯔꯤ    ꯇꯧ ꯁꯤ ꯒꯦ ",26,9
2933,"ꯁꯔ, ꯑꯩ ꯍꯣꯞ ꯑꯦꯟ","ꯁꯔ ,    ꯑ ꯩ    ꯍꯣ ꯞ    ꯑꯦꯟ ",11,7
2934,ꯖꯤ,ꯖꯤ ,2,1
2935,ꯑꯣ,ꯑꯣ ,2,1
2936,ꯗꯒꯤ ꯂꯥꯛꯆꯕꯅꯤ꯫,ꯗꯒꯤ    ꯂꯥꯛ ꯆ ꯕꯅꯤ꯫ ,11,4
2937,ꯈꯨꯗꯣꯡꯆꯥꯗ꯭ꯔꯕꯁꯤꯡꯒꯤꯗꯃꯛ ꯑꯩꯈꯣꯏꯅ ꯏꯁꯀꯨꯜ ꯈꯔ ꯇꯧꯖꯔꯤ꯫,ꯈꯨꯗꯣꯡꯆꯥ ꯗ꯭ꯔ ꯕ ꯁꯤꯡꯒꯤꯗꯃꯛ    ꯑꯩꯈꯣꯏꯅ    ꯏꯁ ꯀꯨ ꯜ    ꯈꯔ    ꯇꯧ ꯖ ꯔꯤ꯫ ,38,12
2938,ꯁ꯭ꯂꯝꯒꯤ ꯃꯐꯝꯁꯤꯡꯗ ꯑꯩꯈꯣꯏꯒꯤ ꯏꯁꯀꯨꯜ ꯳ ꯂꯩ꯫,ꯁ꯭ ꯂꯝꯒꯤ    ꯃꯐꯝꯁꯤꯡꯗ    ꯑꯩꯈ ꯣꯏꯒꯤ    ꯏꯁ ꯀꯨ ꯜ    ꯳    ꯂꯩ꯫ ,29,10
2939,ꯃꯗꯨꯗꯤ ꯇꯁꯦꯡꯅ ꯌꯥꯝꯅ ꯐꯩ꯫,ꯃꯗꯨꯗꯤ    ꯇꯁꯦꯡꯅ    ꯌꯥꯝꯅ    ꯐ ꯩ꯫ ,17,5
2940,ꯃꯁꯤꯗꯤ ꯇꯁꯦꯡꯅ ꯑꯆꯧꯕ ꯈꯣꯡꯊꯥꯡ ꯑꯃꯅꯤ ꯍꯥꯏꯒꯦ ꯑꯩꯗꯤ꯫,ꯃꯁꯤ ꯗꯤ    ꯇꯁꯦꯡꯅ    ꯑꯆꯧꯕ    ꯈꯣꯡꯊꯥꯡ    ꯑꯃꯅꯤ    ꯍꯥꯏ ꯒꯦ    ꯑꯩ ꯗ ꯤ꯫ ,34,11
2941,"ꯑꯗꯨ ꯑꯣꯏꯔꯕꯗꯤ, ꯑꯩꯅ ꯀꯔꯤ ꯃꯇꯦꯡ ꯄꯥꯡꯕ ꯌꯥꯏ꯫","ꯑꯗꯨ    ꯑꯣꯏꯔꯕꯗꯤ,    ꯑꯩ ꯅ    ꯀꯔꯤ    ꯃꯇꯦꯡ    ꯄꯥꯡꯕ    ꯌꯥꯏ꯫ ",29,8
2942,"ꯁꯔ, ꯑꯩ ꯑꯗꯣꯝꯒꯤ ꯂꯣꯏꯁꯪꯒꯤ ꯃꯇꯥꯡꯗ ꯏ-ꯄꯥꯎ ꯈꯔ ꯈꯪꯕ ꯄꯥꯝꯖꯩ꯫","ꯁꯔ ,    ꯑ ꯩ    ꯑꯗꯣꯝꯒꯤ    ꯂꯣꯏꯁꯪꯒꯤ    ꯃꯇꯥꯡꯗ    ꯏ-ꯄꯥꯎ    ꯈꯔ    ꯈꯪꯕ    ꯄꯥꯝ ꯖꯩ ꯫ ",39,13
2943,ꯑꯗꯣꯝꯅ ꯈꯪꯕꯤꯔꯤꯕꯗꯨꯅꯤ ꯑꯩꯈꯣꯏꯒꯤ ꯃꯍꯩꯔꯣꯁꯤꯡ ꯑꯁꯤ ꯁꯤꯟꯃꯤꯒꯤ ꯏꯃꯨꯡ-ꯃꯅꯨꯡꯗꯒꯤꯅꯤ꯫,ꯑꯗꯣꯝꯅ    ꯈꯪ ꯕꯤ ꯔꯤꯕ ꯗꯨ ꯅꯤ    ꯑꯩꯈ ꯣꯏꯒꯤ    ꯃꯍꯩ ꯔꯣ ꯁꯤꯡ    ꯑꯁꯤ    ꯁꯤꯟ ꯃꯤꯒꯤ    ꯏꯃꯨꯡ- ꯃꯅꯨꯡ ꯗꯒꯤ ꯅꯤ꯫ ,56,18
2944,ꯑꯩꯈꯣꯏꯒꯤ ꯱꯰ꯁꯨꯕ ꯒꯔꯦꯗꯀꯤ ꯃꯍꯩꯔꯣꯁꯤꯡꯒꯤꯗꯃꯛ ꯊꯕꯛꯀꯤ ꯈꯨꯗꯣꯡꯆꯥꯕ ꯑꯃꯍꯦꯛꯇ ꯂꯩꯕ꯭ꯔ ꯍꯥꯏꯕꯗꯨ ꯑꯩ ꯈꯪꯕ ꯄꯥꯝꯖꯩ꯫,ꯑꯩꯈ ꯣꯏꯒꯤ    ꯱꯰ ꯁꯨꯕ    ꯒ ꯔꯦ ꯗꯀꯤ    ꯃꯍꯩ ꯔꯣ ꯁꯤꯡꯒꯤꯗꯃꯛ    ꯊꯕ ꯛꯀꯤ    ꯈꯨꯗꯣꯡꯆꯥꯕ    ꯑꯃꯍꯦꯛꯇ    ꯂꯩꯕ ꯭ꯔ   ꯍꯥꯏꯕꯗꯨ    ꯑ ꯩ    ꯈꯪꯕ    ꯄꯥꯝ ꯖꯩ ꯫ ,72,23
2945,"ꯌꯥꯅꯤ, ꯅꯍꯥꯛꯅ ꯈꯪꯅꯤꯡꯅꯤꯡꯕꯗꯨ ꯑꯩꯉꯣꯟꯗ ꯍꯥꯏꯕꯤꯌꯨ꯫","ꯌꯥ ꯅꯤ,    ꯅꯍꯥꯛꯅ    ꯈꯪ ꯅꯤꯡ ꯅꯤꯡ ꯕꯗꯨ    ꯑꯩ ꯉꯣꯟꯗ    ꯍꯥꯏ ꯕꯤꯌꯨ꯫ ",35,11
2946,ꯃꯗꯨ ꯇꯁꯦꯡꯅ ꯌꯥꯝꯅ ꯐꯕ ꯋꯥꯈꯜꯂꯣꯟꯅꯤ꯫,ꯃꯗꯨ    ꯇꯁꯦꯡꯅ    ꯌꯥꯝꯅ    ꯐꯕ    ꯋꯥꯈꯜ ꯂꯣꯟ ꯅꯤ꯫ ,24,7
2947,"ꯑꯗꯨꯕꯨ, ꯃꯍꯩ ꯇꯝꯂꯤꯉꯩꯗ ꯃꯈꯣꯏ ꯊꯕꯛ ꯇꯧꯒꯗ꯭ꯔ","ꯑꯗꯨꯕꯨ ,    ꯃꯍꯩ    ꯇꯝ ꯂꯤ ꯉꯩꯗ    ꯃꯈꯣꯏ    ꯊꯕꯛ    ꯇꯧ ꯒ ꯗ꯭ꯔ ",29,11
2948,"ꯅꯠꯇꯦ ꯁꯔ, ꯃꯈꯣꯏ ꯇꯧꯔꯣꯏ꯫","ꯅꯠꯇꯦ    ꯁꯔ ,    ꯃꯈꯣꯏ    ꯇꯧ ꯔꯣꯏ ꯫ ",17,7
2949,ꯃꯈꯣꯏ ꯃꯊꯪ ꯊꯥꯗ ꯃꯈꯣꯏꯒꯤ ꯱꯰ꯁꯨꯕ ꯒꯔꯦꯗꯀꯤ ꯆꯥꯡꯌꯦꯡ ꯑꯗꯨ ꯂꯣꯏꯔꯅꯤ꯫,ꯃꯈꯣꯏ    ꯃꯊꯪ    ꯊꯥꯗ    ꯃꯈꯣꯏꯒꯤ    ꯱꯰ ꯁꯨꯕ    ꯒ ꯔꯦ ꯗꯀꯤ    ꯆꯥꯡꯌꯦꯡ    ꯑꯗꯨ    ꯂꯣꯏ ꯔ ꯅꯤ꯫ ,43,14
2950,"ꯃꯔꯝ ꯑꯁꯤꯅ, ꯆꯥꯡꯌꯦꯡ ꯑꯗꯨꯒꯤ ꯃꯇꯨꯡꯗ, ꯑꯩꯈꯣꯏꯅ ꯃꯈꯣꯏꯕꯨ ꯃꯐꯝ ꯑꯃꯗ ꯃꯈꯣꯏꯅ ꯁꯦꯜ ꯇꯥꯟꯕ ꯍꯧꯕ ꯉꯝꯅꯅꯕ ꯂꯩꯍꯟꯕ ꯄꯥꯝꯖꯩ꯫","ꯃꯔꯝ    ꯑꯁꯤ ꯅ,    ꯆꯥꯡꯌꯦꯡ    ꯑꯗꯨꯒꯤ    ꯃꯇꯨꯡꯗ,    ꯑꯩꯈꯣꯏꯅ    ꯃꯈꯣꯏꯕꯨ    ꯃꯐꯝ    ꯑꯃꯗ    ꯃꯈꯣꯏꯅ    ꯁꯦꯜ    ꯇꯥꯟꯕ    ꯍꯧꯕ    ꯉꯝ ꯅꯅꯕ    ꯂꯩ ꯍꯟꯕ    ꯄꯥꯝ ꯖꯩ ꯫ ",74,21
2951,"ꯃꯈꯣꯏꯅ ꯊꯛꯁꯤ-ꯈꯥꯁꯤ, ꯄꯨꯟꯅ ꯊꯕꯛ ꯇꯧꯃꯤꯟꯅꯕ, ꯑꯁꯤꯅꯆꯤꯡꯕꯒꯤ ꯃꯇꯥꯡꯗꯁꯨ ꯇꯝꯒꯅꯤ꯫","ꯃꯈꯣꯏꯅ    ꯊꯛ ꯁꯤ - ꯈꯥ ꯁꯤ ,    ꯄꯨꯟꯅ    ꯊꯕꯛ    ꯇꯧꯃꯤꯟ ꯅꯕ,    ꯑꯁꯤꯅꯆꯤꯡ ꯕꯒꯤ    ꯃꯇꯥꯡ ꯗꯁꯨ    ꯇꯝ ꯒꯅꯤ꯫ ",53,17
2952,"ꯑꯣ, ꯌꯥꯔꯦ-ꯌꯥꯔꯦ","ꯑꯣ ,    ꯌꯥ ꯔꯦ - ꯌꯥ ꯔꯦ ",12,7
2953,ꯃꯗꯨ ꯇꯧꯕ ꯌꯥꯏ꯫,ꯃꯗꯨ    ꯇꯧꯕ    ꯌꯥꯏ꯫ ,10,3
2954,ꯃꯗꯨ ꯃꯈꯣꯏꯒꯤꯗꯃꯛꯇꯁꯨ ꯑꯐꯕ ꯑꯣꯏꯒꯅꯤ꯫,ꯃꯗꯨ    ꯃꯈꯣꯏ ꯒꯤꯗꯃꯛꯇꯁꯨ    ꯑꯐꯕ    ꯑꯣꯏꯒꯅꯤ꯫ ,25,5
2955,ꯃꯈꯣꯏꯅ ꯇꯣꯡꯉꯥꯟꯕ ꯄꯣꯠꯂꯝꯁꯤꯡ ꯇꯝꯕ ꯉꯝꯒꯅꯤ꯫,ꯃꯈꯣꯏꯅ    ꯇꯣꯡ ꯉ ꯥꯟꯕ    ꯄꯣꯠꯂꯝꯁꯤꯡ    ꯇꯝꯕ    ꯉꯝꯒꯅꯤ꯫ ,29,7
2956,"ꯁꯔ, ꯑꯩꯈꯣꯏꯅ ꯃꯈꯣꯏꯕꯨ ꯁ꯭ꯂꯝꯒꯤ ꯐꯤꯕꯝ ꯑꯗꯨꯗ ꯍꯜꯍꯟꯕ ꯄꯥꯝꯗꯦ꯫","ꯁꯔ ,    ꯑꯩꯈꯣꯏꯅ    ꯃꯈꯣꯏꯕꯨ    ꯁ꯭ ꯂꯝꯒꯤ    ꯐꯤꯕꯝ    ꯑꯗꯨꯗ    ꯍꯜ ꯍꯟꯕ    ꯄꯥꯝ ꯗꯦ꯫ ",40,12
2957,"ꯀꯔꯤꯒꯨꯝꯕ ꯃꯈꯣꯏꯅ ꯂꯣꯏꯁꯪ ꯈꯔꯗ ꯊꯕꯛ ꯇꯧꯕ ꯍꯧꯔꯕꯗꯤ, ꯃꯈꯣꯏꯕꯨ ꯊꯕꯛꯀꯤ ꯆꯠꯅꯕꯤ ꯑꯗꯨꯗ ꯈꯪꯍꯜꯂꯅꯤ꯫","ꯀꯔꯤꯒꯨꯝꯕ    ꯃꯈꯣꯏꯅ    ꯂꯣꯏꯁꯪ    ꯈꯔꯗ    ꯊꯕꯛ    ꯇꯧꯕ    ꯍꯧ ꯔꯕꯗꯤ,    ꯃꯈꯣꯏꯕꯨ    ꯊꯕ ꯛꯀꯤ    ꯆꯠꯅꯕꯤ    ꯑꯗꯨꯗ    ꯈꯪ ꯍꯜꯂ ꯅꯤ꯫ ",61,16
2958,"ꯑꯣꯏ, ꯃꯗꯨ ꯃꯈꯣꯏꯒꯤꯗꯃꯛ ꯀꯥꯟꯅꯕ ꯑꯃ ꯑꯣꯏꯒꯅꯤ꯫","ꯑꯣꯏ,    ꯃꯗꯨ    ꯃꯈꯣꯏ ꯒꯤꯗꯃꯛ    ꯀꯥꯟꯅꯕ    ꯑꯃ    ꯑꯣꯏꯒꯅꯤ꯫ ",30,7
2959,ꯃꯈꯣꯏꯁꯤꯡ ꯑꯗꯨꯗꯒꯤ ꯈꯔ ꯑꯩꯒꯤ ꯄꯦꯀꯦꯖꯤꯡ ꯌꯨꯅꯤꯠꯇ ꯌꯥꯎꯍꯟꯕ ꯉꯝꯕ꯭ꯔ ꯑꯩ ꯌꯦꯡꯒꯦ꯫,ꯃꯈꯣꯏꯁꯤꯡ    ꯑꯗꯨꯗꯒꯤ    ꯈꯔ    ꯑ ꯩꯒꯤ    ꯄꯦ ꯀꯦ ꯖꯤꯡ    ꯌꯨꯅꯤ ꯠꯇ    ꯌꯥꯎ ꯍꯟꯕ    ꯉ ꯝꯕ ꯭ꯔ   ꯑ ꯩ    ꯌꯦꯡ ꯒꯦ ꯫ ,51,20
2960,ꯑꯗꯣꯝꯒꯤ ꯊꯥꯖꯕ ꯄꯤꯕꯤꯕꯒꯤꯗꯃꯛ ꯑꯗꯣꯝꯕꯨ ꯍꯥꯏꯅꯤꯡꯉꯥꯏ ꯂꯩꯇꯅ ꯊꯥꯒꯠꯆꯔꯤ꯫,ꯑꯗꯣꯝꯒꯤ    ꯊꯥꯖꯕ    ꯄꯤ ꯕꯤ ꯕꯒꯤꯗꯃꯛ    ꯑꯗꯣ ꯝꯕꯨ    ꯍꯥꯏ ꯅꯤꯡꯉꯥꯏ    ꯂꯩꯇꯅ    ꯊꯥꯒꯠ ꯆ ꯔꯤ꯫ ,47,13
2961,ꯆꯥꯡꯌꯦꯡ ꯑꯗꯨ ꯍꯦꯛ ꯂꯣꯏꯕꯒ ꯃꯈꯣꯏꯁꯤꯡ ꯑꯗꯨꯗꯒꯤ ꯈꯔ ꯑꯩ ꯄꯨꯖꯔꯛꯀꯦ꯫,ꯆꯥꯡꯌꯦꯡ    ꯑꯗꯨ    ꯍꯦꯛ    ꯂꯣꯏ ꯕꯒ    ꯃꯈꯣꯏꯁꯤꯡ    ꯑꯗꯨꯗꯒꯤ    ꯈꯔ    ꯑ ꯩ    ꯄꯨ ꯖ ꯔꯛ ꯀꯦ ꯫ ,42,15
2962,ꯑꯗꯣꯝꯒꯤ ꯇꯦꯡꯕꯥꯡꯕꯤꯕꯒꯤ ꯋꯥꯈꯜꯂꯣꯟ ꯑꯗꯨꯒꯤꯗꯃꯛ ꯑꯗꯣꯝꯕꯨ ꯑꯃꯨꯛ ꯍꯟꯅ ꯊꯥꯒꯠꯆꯔꯤ꯫,ꯑꯗꯣꯝꯒꯤ    ꯇꯦꯡ ꯕꯥꯡ ꯕꯤ ꯕꯒꯤ    ꯋꯥꯈꯜꯂꯣꯟ    ꯑꯗꯨꯒꯤꯗꯃꯛ    ꯑꯗꯣ ꯝꯕꯨ    ꯑꯃꯨꯛ    ꯍꯟꯅ    ꯊꯥꯒꯠ ꯆ ꯔꯤ꯫ ,53,14
2963,ꯃꯁꯤꯒꯤ ꯂꯤꯠꯇꯤ ꯑꯁꯤꯅ ꯑꯩꯕꯨ ꯏꯗ꯭ꯂꯤ ꯅꯤꯡꯁꯤꯡꯍꯜꯂꯦ꯫,ꯃꯁꯤꯒꯤ    ꯂꯤ ꯠ ꯇꯤ    ꯑꯁꯤꯅ    ꯑꯩ ꯕꯨ    ꯏ ꯗ꯭ ꯂꯤ    ꯅꯤꯡꯁꯤꯡ ꯍꯜ ꯂꯦ꯫ ,34,13
2964,ꯑꯅꯤ ꯑꯁꯤ ꯌꯥꯝ ꯆꯥꯎꯅ ꯈꯦꯠꯅꯩ ꯑꯗꯨꯕꯨ ꯃꯑꯣꯡ ꯑꯁꯤꯅ ꯑꯩꯕꯨ ꯃꯁꯤ ꯅꯤꯡꯁꯤꯡꯍꯜꯂꯦ꯫,ꯑꯅꯤ    ꯑꯁꯤ    ꯌꯥꯝ    ꯆꯥꯎꯅ    ꯈꯦꯠ ꯅꯩ    ꯑꯗꯨꯕꯨ    ꯃꯑꯣꯡ    ꯑꯁꯤꯅ    ꯑꯩ ꯕꯨ    ꯃꯁꯤ    ꯅꯤꯡꯁꯤꯡ ꯍꯜ ꯂꯦ꯫ ,49,15
2965,"ꯆꯨꯝꯃꯤ, ꯃꯁꯤ ꯕꯤꯍꯥꯔꯒꯤ ꯃꯄꯨꯡ ꯑꯣꯏꯕ ꯆꯤꯟꯖꯥꯛ ꯑꯃꯅꯤ꯫","ꯆꯨꯝ ꯃꯤ,    ꯃꯁꯤ    ꯕꯤꯍꯥꯔ ꯒꯤ    ꯃꯄꯨꯡ    ꯑꯣꯏꯕ    ꯆꯤꯟꯖꯥꯛ    ꯑꯃꯅꯤ꯫ ",35,9
2966,ꯑꯍꯦꯟꯕ ꯆꯥꯅꯕ ꯑꯁꯤꯅ ꯆꯣꯈꯥ ꯀꯧꯋꯤ꯫,ꯑꯍꯦꯟꯕ    ꯆꯥꯅꯕ    ꯑꯁꯤꯅ    ꯆꯣ ꯈꯥ    ꯀꯧ ꯋꯤ꯫ ,22,7
2967,ꯂꯤꯠꯇꯤ ꯑꯁꯤ ꯃꯄꯨꯡꯑꯣꯏꯅ ꯒꯦꯍꯨꯗꯒꯤ ꯁꯦꯝꯃꯤ ꯑꯗꯨꯒ ꯆꯣꯈꯥꯅ ꯈꯥꯃꯦꯟ ꯑꯃꯁꯨꯡ ꯈꯥꯃꯦꯟ ꯑꯁꯤꯟꯕꯗꯒꯤ ꯁꯦꯝꯃꯤ꯫,ꯂꯤ ꯠ ꯇꯤ    ꯑꯁꯤ    ꯃꯄꯨꯡ ꯑꯣꯏꯅ    ꯒꯦ ꯍꯨ ꯗꯒꯤ    ꯁꯦꯝ ꯃꯤ    ꯑꯗꯨꯒ    ꯆꯣ ꯈꯥ ꯅ    ꯈꯥ ꯃꯦꯟ    ꯑꯃꯁꯨꯡ    ꯈꯥ ꯃꯦꯟ    ꯑꯁꯤ ꯟ ꯕꯗꯒꯤ    ꯁꯦꯝꯃꯤ꯫ ,66,24
2968,ꯃꯁꯤꯗ ꯃꯈꯣꯏꯅ ꯀꯔꯤ ꯊꯥꯎ ꯁꯤꯖꯤꯟꯅꯕꯒꯦ,ꯃꯁꯤꯗ    ꯃꯈꯣꯏꯅ    ꯀꯔꯤ    ꯊ ꯥꯎ    ꯁꯤꯖꯤꯟꯅꯕ ꯒꯦ ,24,7
2969,ꯃꯁꯤ ꯀꯦꯔꯂꯥꯒꯤ ꯈꯨꯊꯣꯡꯗꯒꯤ ꯇꯣꯡꯉꯥꯟꯕ ꯃꯥꯜꯂꯤ꯫,ꯃꯁꯤ    ꯀꯦꯔꯂꯥꯒꯤ    ꯈꯨ ꯊꯣꯡ ꯗꯒꯤ    ꯇꯣꯡ ꯉ ꯥꯟꯕ    ꯃꯥ ꯜꯂꯤ꯫ ,31,10
2970,ꯃꯍꯧꯁꯥꯅ ꯆꯣꯈꯥꯗ ꯍꯪꯒꯥꯝ ꯊꯥꯎ ꯁꯤꯖꯤꯟꯅꯩ꯫,ꯃꯍꯧꯁꯥꯅ    ꯆꯣ ꯈ ꯥꯗ    ꯍꯪ ꯒꯥ ꯝ    ꯊ ꯥꯎ    ꯁꯤꯖꯤꯟꯅꯩ꯫ ,27,10
2971,ꯕꯤꯍꯥꯔꯒꯤ ꯃꯊꯦꯜ ꯄꯨꯝꯅꯃꯛꯇ ꯍꯪꯒꯥꯝ ꯊꯥꯎ ꯁꯤꯖꯤꯟꯅꯩ꯫,ꯕꯤꯍꯥꯔ ꯒꯤ    ꯃ ꯊꯦ ꯜ    ꯄꯨꯝꯅꯃꯛꯇ    ꯍꯪ ꯒꯥ ꯝ    ꯊ ꯥꯎ    ꯁꯤꯖꯤꯟꯅꯩ꯫ ,34,12
2972,ꯅꯪꯒꯤ ꯃꯥꯡꯗ ꯂꯩꯔꯤꯕ ꯃꯊꯦꯜ ꯑꯗꯨꯅ ꯀꯔꯤꯅꯣ,ꯅꯪ ꯒꯤ    ꯃ ꯥꯡꯗ    ꯂꯩꯔꯤꯕ    ꯃ ꯊꯦ ꯜ    ꯑꯗꯨꯅ    ꯀꯔꯤ ꯅꯣ ,26,11
2973,ꯃꯁꯤ ꯄꯠꯇꯨ ꯀꯧꯋꯤ ꯑꯃꯁꯨꯡ ꯑꯩꯈꯣꯏꯅ ꯃꯁꯤꯕꯨ ꯑꯌꯥꯝꯕꯅ ꯑꯃꯨꯕ ꯆꯅꯥꯒ ꯂꯣꯏꯅꯅ ꯆꯥꯏ꯫,ꯃꯁꯤ    ꯄ ꯠꯇ ꯨ    ꯀꯧ ꯋꯤ    ꯑꯃꯁꯨꯡ    ꯑꯩꯈꯣꯏꯅ    ꯃꯁꯤꯕꯨ    ꯑꯌꯥꯝꯕꯅ    ꯑꯃꯨ ꯕ    ꯆ ꯅꯥ ꯒ    ꯂꯣꯏꯅꯅ    ꯆꯥꯏ ꯫ ,50,18
2974,"ꯃꯁꯤꯒꯤ ꯇꯣꯉꯥꯟ-ꯇꯣꯉꯥꯟꯕ ꯃꯈꯜꯁꯤꯡ ꯂꯩ, ꯑꯗꯨꯕꯨ ꯑꯩꯅ ꯄꯤꯔꯛꯅꯕ ꯍꯥꯏꯈ꯭ꯔꯤꯕ ꯑꯁꯤꯃꯗꯤ ꯆꯦꯡ ꯃꯀꯨꯞꯅ ꯁꯦꯝꯕꯅꯤ꯫","ꯃꯁꯤꯒꯤ    ꯇꯣꯉꯥꯟ- ꯇꯣꯉꯥꯟꯕ    ꯃꯈꯜꯁꯤꯡ    ꯂꯩ,    ꯑꯗꯨꯕꯨ    ꯑꯩ ꯅ    ꯄꯤꯔꯛ ꯅꯕ    ꯍꯥꯏ ꯈ꯭ꯔꯤ ꯕ    ꯑꯁꯤ ꯃ ꯗꯤ    ꯆꯦ ꯡ    ꯃ ꯀꯨꯞꯅ    ꯁꯦꯝ ꯕꯅꯤ꯫ ",69,22
2975,"ꯑꯣ, ꯑꯃꯨꯕ ꯆꯅꯥꯒꯤ ꯑꯍꯦꯟꯕ ꯃꯊꯦꯜ ꯑꯗꯨ ꯃꯆꯜ ꯌꯥꯝ ꯊꯥꯛꯄ ꯑꯣꯏꯕ꯭ꯔ","ꯑꯣ ,    ꯑꯃꯨ ꯕ    ꯆ ꯅꯥꯒꯤ    ꯑꯍꯦꯟꯕ    ꯃ ꯊꯦ ꯜ    ꯑꯗꯨ    ꯃꯆ ꯜ    ꯌꯥꯝ    ꯊꯥꯛ ꯄ    ꯑꯣꯏ ꯕ꯭ꯔ",40,18
2976,ꯄꯠꯇꯨꯗꯤ ꯑꯩꯅ ꯍꯥꯟꯅ ꯇꯥꯈꯤꯗ꯭ꯔꯤ꯫,ꯄ ꯠꯇꯨ ꯗꯤ    ꯑꯩ ꯅ    ꯍꯥꯟꯅ    ꯇꯥ ꯈꯤ ꯗ꯭ꯔꯤ꯫ ,22,9
2977,ꯃꯁꯤꯒꯤ ꯃꯊꯛꯇ ꯆꯥꯏꯔꯤꯕꯁꯤ ꯌꯨꯕꯤꯔꯣ,ꯃꯁꯤꯒꯤ    ꯃꯊꯛꯇ    ꯆꯥꯏ ꯔꯤꯕ ꯁꯤ    ꯌꯨ ꯕꯤ ꯔꯣ ,23,8
2978,"ꯃꯥꯟꯅꯤ, ꯌꯨꯕꯤ ꯑꯁꯤ ꯀꯦꯔꯂꯥꯒꯤ ꯃꯊꯦꯜ ꯃꯌꯥꯝ ꯑꯃꯗ ꯇꯣꯏꯅ ꯁꯤꯖꯤꯟꯅꯩ꯫","ꯃꯥꯟ ꯅꯤ,    ꯌꯨ ꯕꯤ    ꯑꯁꯤ    ꯀꯦꯔꯂꯥꯒꯤ    ꯃ ꯊꯦ ꯜ    ꯃꯌꯥꯝ    ꯑꯃꯗ    ꯇꯣꯏꯅ    ꯁꯤꯖꯤꯟꯅꯩ꯫ ",43,13
2979,ꯃꯈꯣꯏꯗ ꯃꯆꯜꯁꯨ ꯃꯔꯥꯡ ꯀꯥꯏ ꯃꯔꯝ ꯑꯗꯨꯅ ꯑꯌꯥꯝꯕ ꯃꯊꯦꯜꯁꯤꯡꯗ ꯃꯆꯜ ꯆꯥꯡ ꯋꯥꯡꯅ ꯌꯥꯎꯋꯤ꯫,ꯃꯈꯣꯏꯗ    ꯃꯆ ꯜ ꯁꯨ    ꯃꯔꯥꯡ    ꯀꯥꯏ    ꯃꯔꯝ    ꯑꯗꯨꯅ    ꯑꯌꯥꯝꯕ    ꯃ ꯊꯦ ꯜꯁꯤꯡꯗ    ꯃꯆ ꯜ    ꯆꯥꯡ    ꯋꯥꯡꯅ    ꯌꯥꯎꯋꯤ꯫ ,53,17
2980,ꯂꯤꯠꯇꯤ ꯑꯁꯤ ꯅꯪꯒꯤ ꯈ꯭ꯋꯥꯏꯗꯒꯤ ꯄꯥꯝꯕ ꯃꯊꯦꯜ ꯑꯣꯏꯕ꯭ꯔ,ꯂꯤ ꯠ ꯇꯤ    ꯑꯁꯤ    ꯅꯪ ꯒꯤ    ꯈ꯭ꯋꯥꯏꯗꯒꯤ    ꯄꯥꯝꯕ    ꯃ ꯊꯦ ꯜ    ꯑꯣꯏ ꯕ꯭ꯔ,34,13
2981,ꯂꯤꯠꯇꯤ ꯑꯁꯤ ꯑꯩꯒꯤ ꯈ꯭ꯋꯥꯏꯗꯒꯤ ꯄꯥꯝꯕꯁꯤꯡꯗꯒꯤ ꯑꯃꯅꯤ꯫,ꯂꯤ ꯠ ꯇꯤ    ꯑꯁꯤ    ꯑ ꯩꯒꯤ    ꯈ꯭ꯋꯥꯏꯗꯒꯤ    ꯄꯥꯝꯕ ꯁꯤꯡꯗꯒꯤ    ꯑꯃꯅꯤ꯫ ,35,10
2982,ꯑꯩꯒꯤ ꯈ꯭ꯋꯥꯏꯗꯒꯤ ꯄꯥꯝꯕ ꯕꯤꯍꯥꯔꯒꯤ ꯃꯊꯦꯜ ꯑꯁꯤ ꯁꯠꯇꯨ ꯀ ꯄꯔꯥꯊꯥ ꯑꯗꯨꯅꯤ꯫,ꯑ ꯩꯒꯤ    ꯈ꯭ꯋꯥꯏꯗꯒꯤ    ꯄꯥꯝꯕ    ꯕꯤꯍꯥꯔ ꯒꯤ    ꯃ ꯊꯦ ꯜ    ꯑꯁꯤ    ꯁ ꯠꯇ ꯨ    ꯀ    ꯄ ꯔꯥ ꯊꯥ    ꯑꯗꯨꯅꯤ꯫ ,46,18
2983,ꯃꯁꯤ ꯏꯟꯗꯤꯌꯟ ꯇꯥꯀꯣ ꯑꯃ ꯃꯥꯜꯂꯤ꯫,ꯃꯁꯤ    ꯏꯟꯗꯤꯌꯟ    ꯇꯥ ꯀꯣ    ꯑꯃ    ꯃꯥ ꯜꯂꯤ꯫ ,21,7
2984,"ꯑꯩꯗꯤ ꯃꯗꯨ ꯑꯃꯨꯛꯇ ꯇꯥꯗ꯭ꯔꯤ, ꯑꯗꯨꯕꯨ ꯃꯁꯤ ꯍꯛꯆꯥꯡꯗ ꯌꯥꯝ ꯀꯥꯟꯅꯕ ꯑꯣꯏꯕ꯭ꯔ","ꯑꯩ ꯗꯤ    ꯃꯗꯨ    ꯑꯃꯨ ꯛꯇ    ꯇꯥ ꯗ꯭ꯔꯤ ,    ꯑꯗꯨꯕꯨ    ꯃꯁꯤ    ꯍꯛ ꯆꯥꯡꯗ    ꯌꯥꯝ    ꯀꯥꯟꯅꯕ    ꯑꯣꯏ ꯕ꯭ꯔ",47,16
2985,ꯍꯣꯏ ꯃꯥꯟꯅꯦ,ꯍ ꯣꯏ    ꯃꯥꯟ ꯅꯦ ,8,4
2986,ꯃꯁꯤ ꯍꯛꯆꯥꯡꯗ ꯌꯥꯝ ꯀꯥꯟꯅꯕ ꯃꯊꯦꯜ ꯑꯃꯅꯤ꯫,ꯃꯁꯤ    ꯍꯛ ꯆꯥꯡꯗ    ꯌꯥꯝ    ꯀꯥꯟꯅꯕ    ꯃ ꯊꯦ ꯜ    ꯑꯃꯅꯤ꯫ ,26,9
2987,ꯃꯁꯤ ꯆꯅꯥꯒꯤ ꯌꯥꯝ ꯑꯃꯁꯨꯡ ꯑꯇꯣꯞꯄ ꯑꯄꯤꯛꯄ ꯄꯥꯝꯕꯤꯁꯤꯡꯗꯒꯤ ꯁꯦꯝꯕꯅꯤ꯫,ꯃꯁꯤ    ꯆ ꯅꯥꯒꯤ    ꯌꯥꯝ    ꯑꯃꯁꯨꯡ    ꯑꯇꯣꯞꯄ    ꯑꯄꯤꯛꯄ    ꯄꯥꯝꯕꯤ ꯁꯤꯡꯗꯒꯤ    ꯁꯦꯝ ꯕꯅꯤ꯫ ,44,11
2988,"ꯃꯁꯤꯒꯤ ꯃꯌꯥꯛ ꯌꯥꯝ ꯀꯟꯕ ꯃꯍꯥꯎ ꯑꯃ ꯂꯩ, ꯃꯁꯤꯒꯤ ꯃꯔꯝꯗꯒꯤꯅꯤ ꯃꯁꯤ ꯑꯩꯒꯤ ꯈ꯭ꯋꯥꯏꯗꯒꯤ ꯄꯥꯝꯕ ꯑꯣꯏꯔꯤꯕꯁꯤ꯫","ꯃꯁꯤꯒꯤ    ꯃ ꯌ ꯥꯛ    ꯌꯥꯝ    ꯀꯟꯕ    ꯃꯍ ꯥꯎ    ꯑꯃ    ꯂꯩ,    ꯃꯁꯤꯒꯤ    ꯃꯔꯝ ꯗꯒꯤ ꯅꯤ    ꯃꯁꯤ    ꯑ ꯩꯒꯤ    ꯈ꯭ꯋꯥꯏꯗꯒꯤ    ꯄꯥꯝꯕ    ꯑꯣꯏꯔꯤ ꯕ ꯁꯤ ꯫ ",65,23
2989,"ꯅꯪꯒꯤꯗꯤ, ꯀꯦꯔꯂꯥꯒꯤ ꯃꯊꯦꯜꯗ ꯅꯪꯒꯤ ꯈ꯭ꯋꯥꯏꯗꯒꯤ ꯄꯥꯝꯕ ꯃꯊꯦꯜ ꯑꯗꯨ ꯀꯔꯝꯕꯅꯣ","ꯅꯪ ꯒꯤ ꯗꯤ,    ꯀꯦꯔꯂꯥꯒꯤ    ꯃ ꯊꯦ ꯜꯗ    ꯅꯪ ꯒꯤ    ꯈ꯭ꯋꯥꯏꯗꯒꯤ    ꯄꯥꯝꯕ    ꯃ ꯊꯦ ꯜ    ꯑꯗꯨ    ꯀꯔꯝ ꯕ ꯅꯣ ",48,18
2990,ꯑꯞꯄꯝ ꯑꯃꯁꯨꯡ ꯐꯨꯠꯇꯨꯅ ꯊꯣꯡꯕ ꯏꯟꯖꯥꯡ ꯑꯁꯤ ꯑꯩꯒꯤ ꯈ꯭ꯋꯥꯏꯗꯒꯤ ꯄꯥꯝꯕꯅꯤ꯫,ꯑ ꯞꯄ ꯝ    ꯑꯃꯁꯨꯡ    ꯐꯨꯠ ꯇꯨꯅ    ꯊꯣꯡꯕ    ꯏꯟ ꯖꯥ ꯡ    ꯑꯁꯤ    ꯑ ꯩꯒꯤ    ꯈ꯭ꯋꯥꯏꯗꯒꯤ    ꯄꯥꯝꯕ ꯅꯤ꯫ ,46,16
2991,ꯃꯁꯤ ꯄꯠꯊꯍꯜꯂꯕ ꯆꯦꯡꯒꯤ ꯌꯥꯝꯒ ꯂꯣꯏꯅꯅ ꯁꯦꯝꯕꯅꯤ ꯑꯃꯁꯨꯡ ꯃꯁꯤ ꯇꯉꯥꯏꯐꯗꯅ ꯀ꯭ꯔꯦꯝ-ꯀ꯭ꯔꯦꯝ ꯂꯥꯎꯕ ꯃꯆꯦꯛ ꯌꯥꯎꯕ ꯄꯦꯟꯀꯦꯛ ꯑꯃꯅꯤ꯫,ꯃꯁꯤ    ꯄꯠ ꯊ ꯍꯜꯂꯕ    ꯆꯦ ꯡꯒꯤ    ꯌꯥꯝ ꯒ    ꯂꯣꯏꯅꯅ    ꯁꯦꯝ ꯕꯅꯤ    ꯑꯃꯁꯨꯡ    ꯃꯁꯤ    ꯇꯉꯥꯏꯐ ꯗꯅ    ꯀ꯭ꯔꯦ ꯝ- ꯀ꯭ꯔꯦ ꯝ    ꯂꯥꯎ ꯕ    ꯃ ꯆꯦꯛ    ꯌꯥꯎꯕ    ꯄꯦꯟ ꯀꯦ ꯛ    ꯑꯃꯅꯤ꯫ ,79,28
2992,"ꯑꯣ, ꯃꯗꯨ ꯍꯥꯎꯔꯝꯒꯗꯕ ꯃꯥꯜꯂꯤ꯫","ꯑꯣ ,    ꯃꯗꯨ    ꯍꯥꯎ ꯔꯝ ꯒꯗꯕ    ꯃꯥ ꯜꯂꯤ꯫ ",20,8
2993,ꯑꯩꯈꯣꯏꯅ ꯃꯁꯤ ꯌꯥꯝ ꯇꯣꯏꯅ ꯇꯧꯒꯗꯕꯅꯤ꯫,ꯑꯩꯈꯣꯏꯅ    ꯃꯁꯤ    ꯌꯥꯝ    ꯇꯣꯏꯅ    ꯇꯧ ꯒꯗꯕꯅꯤ꯫ ,24,6
2994,"ꯀꯔꯤꯒꯨꯝꯕ ꯑꯃꯠꯇ, ꯃꯐꯝ ꯑꯁꯤꯗ ꯒ꯭ꯂꯨꯇꯟ ꯌꯥꯎꯗꯕ ꯆꯥꯅ ꯊꯛꯅꯕ ꯂꯩꯕꯤꯕ꯭ꯔ","ꯀꯔꯤꯒꯨꯝꯕ    ꯑꯃꯠꯇ ,    ꯃꯐꯝ    ꯑꯁꯤꯗ    ꯒ꯭ ꯂꯨ ꯇꯟ    ꯌꯥꯎꯗꯕ    ꯆꯥꯅ    ꯊꯛꯅꯕ    ꯂꯩ ꯕꯤ ꯕ꯭ꯔ",44,14
2995,ꯑꯩꯍꯥꯛ ꯗꯥꯏꯕꯦꯇꯤꯏ ꯅꯥꯕ ꯃꯤꯅꯤ ꯑꯗꯨꯒ ꯑꯩꯒꯤ ꯃꯔꯨꯞ ꯑꯁꯤꯅ ꯒ꯭ꯂꯨꯇꯟꯗ ꯑꯦꯂꯔꯖꯤꯛ ꯑꯣꯏ꯫,ꯑꯩꯍꯥꯛ   ꯗꯥꯏ ꯕꯦ ꯇꯤ ꯏ    ꯅꯥꯕ    ꯃꯤ ꯅꯤ    ꯑꯗꯨꯒ    ꯑ ꯩꯒꯤ    ꯃꯔꯨꯞ    ꯑꯁꯤꯅ    ꯒ꯭ ꯂꯨ ꯇ ꯟꯗ    ꯑꯦ ꯂꯔ ꯖꯤ ꯛ    ꯑꯣꯏ꯫ ,54,22
2996,"ꯂꯩ ꯂꯩ, ꯀꯔꯤ ꯆꯥꯕ ꯄꯥꯝꯕꯤꯕꯒꯦ","ꯂꯩ    ꯂꯩ,    ꯀꯔꯤ    ꯆꯥꯕ    ꯄꯥꯝꯕꯤ ꯕꯒꯦ ",19,6
2997,ꯑꯗꯣꯝꯅ ꯑꯗꯣꯝꯒꯤ ꯆꯥꯅꯥ ꯊꯛꯅꯕꯁꯤꯡꯗꯒꯤ ꯀꯔꯤ ꯀꯔꯤ ꯆꯥꯕ ꯌꯥꯕ ꯈꯔꯥ ꯍꯥꯏꯕꯤꯔꯒꯗꯤ ꯅꯨꯉꯥꯏꯖꯒꯅꯤ꯫,ꯑꯗꯣꯝꯅ    ꯑꯗꯣꯝꯒꯤ    ꯆꯥ ꯅꯥ    ꯊꯛ ꯅꯕ ꯁꯤꯡꯗꯒꯤ    ꯀꯔꯤ    ꯀꯔꯤ    ꯆꯥꯕ    ꯌꯥꯕ    ꯈꯔꯥ    ꯍꯥꯏ ꯕꯤ ꯔꯒ ꯗꯤ    ꯅꯨ ꯉꯥꯏ ꯖ ꯒꯅꯤ꯫ ,59,20
2998,ꯃꯁꯤꯒꯤ ꯔꯦꯁꯇꯣꯔꯦꯟꯇ ꯑꯁꯤꯗ ꯍꯛꯆꯥꯡ ꯐꯕ ꯆꯤꯟꯖꯥꯛ ꯂꯩ ꯍꯥꯏꯅ ꯇꯥꯖꯈ꯭ꯔꯦ꯫,ꯃꯁꯤꯒꯤ    ꯔꯦꯁ ꯇꯣ ꯔꯦꯟ ꯇ    ꯑꯁꯤꯗ    ꯍꯛꯆꯥꯡ    ꯐꯕ    ꯆꯤꯟꯖꯥꯛ    ꯂꯩ    ꯍꯥꯏꯅ    ꯇꯥ ꯖ ꯈ꯭ꯔꯦ꯫ ,45,14
2999,"ꯒ꯭ꯂꯨꯇꯟ ꯌꯥꯎꯗꯕ ꯆꯥꯅꯥ ꯊꯛꯅꯕ ꯊꯤꯕꯤꯔꯤꯕ ꯀꯁꯇꯃꯔꯁꯤꯡꯒꯤꯗꯃꯛꯇ ꯑꯩꯈꯣꯏꯅ ꯆꯥꯛ, ꯆꯨꯖꯥꯛ, ꯐ꯭ꯂꯦꯛꯁ ꯁꯤꯗ ꯑꯃꯗꯤ ꯃꯦꯂꯦꯠ ꯑꯜꯇꯔꯅꯦꯇꯤꯕꯁꯤꯡ ꯄꯤꯖꯩ꯫","ꯒ꯭ ꯂꯨ ꯇꯟ    ꯌꯥꯎꯗꯕ    ꯆꯥ ꯅꯥ    ꯊꯛꯅꯕ    ꯊꯤꯕꯤ ꯔꯤꯕ    ꯀꯁꯇ ꯃꯔ ꯁꯤꯡꯒꯤꯗꯃꯛꯇ    ꯑꯩꯈꯣꯏꯅ    ꯆꯥꯛ ,    ꯆꯨ ꯖ ꯥꯛ ,    ꯐ꯭ ꯂꯦꯛ ꯁ    ꯁꯤꯗ    ꯑꯃꯗꯤ    ꯃꯦ ꯂꯦꯠ    ꯑꯜ ꯇꯔ ꯅꯦ ꯇꯤ ꯕꯁꯤꯡ    ꯄꯤ ꯖꯩ ꯫ ",91,34
3000,ꯑꯩꯈꯣꯏꯗ ꯁꯥꯂꯥꯗꯁꯤꯡ ꯑꯃꯗꯤ ꯁ꯭ꯃꯨꯗꯤꯁꯤꯡꯒꯤ ꯃꯈꯜꯁꯨ ꯂꯩꯖꯧ꯫,ꯑꯩꯈ ꯣꯏ ꯗ    ꯁꯥ ꯂꯥ ꯗꯁꯤꯡ    ꯑꯃꯗꯤ    ꯁ꯭ ꯃꯨ ꯗꯤ ꯁꯤꯡꯒꯤ    ꯃꯈ ꯜ ꯁꯨ    ꯂꯩ ꯖꯧ ꯫ ,39,17
3001,ꯑꯩꯈꯣꯏꯗ ꯗꯥꯏꯕꯦꯇꯤꯁ ꯂꯩꯅꯗ ꯀꯥꯟꯅꯕ ꯆꯅꯥꯊꯛꯅꯕꯁꯤꯡ ꯂꯩꯖꯩ꯫,ꯑꯩꯈ ꯣꯏ ꯗ    ꯗꯥꯏ ꯕꯦ ꯇꯤꯁ    ꯂꯩ ꯅꯗ    ꯀꯥꯟꯅꯕ    ꯆ ꯅꯥꯊ ꯛ ꯅꯕꯁꯤꯡ    ꯂꯩ ꯖꯩ ꯫ ,38,16
3002,ꯒ꯭ꯂꯨꯇꯟ ꯌꯥꯎꯗꯕ ꯃꯐꯝ ꯑꯁꯤꯒꯤ ꯆꯤꯟꯖꯥꯛꯀꯤ ꯃꯦꯅ꯭ꯌꯨ ꯑꯃ ꯊꯤꯖꯔꯝꯕꯅꯦ꯫,ꯒ꯭ ꯂꯨ ꯇꯟ    ꯌꯥꯎꯗꯕ    ꯃꯐꯝ    ꯑꯁꯤꯒꯤ    ꯆꯤꯟꯖꯥꯛ ꯀꯤ    ꯃꯦ ꯅ꯭ꯌꯨ    ꯑꯃ    ꯊꯤ ꯖ ꯔꯝ ꯕ ꯅꯦ ꯫ ,44,17
3003,ꯃꯁ꯭ꯔꯨꯝ ꯕ꯭ꯔꯥꯎꯟ ꯔꯥꯏꯁ ꯅꯠꯇ꯭ꯔꯒ ꯆꯤꯀꯟ ꯀꯤꯅꯣꯋꯥ ꯕꯤꯔꯌꯥꯅꯤꯒꯨꯝꯕ ꯑꯃ꯫,ꯃꯁ ꯭ꯔ ꯨꯝ    ꯕ꯭ꯔ ꯥꯎꯟ    ꯔꯥꯏ ꯁ    ꯅꯠꯇ꯭ꯔꯒ    ꯆꯤ ꯀꯟ    ꯀꯤ ꯅꯣ ꯋꯥ    ꯕꯤꯔ ꯌꯥ ꯅꯤ ꯒꯨꯝꯕ    ꯑꯃ ꯫ ,46,19
3004,"ꯍꯣꯏ, ꯃꯁꯤꯒꯤ ꯆꯥꯅꯥꯊꯛꯅꯕꯁꯤꯡ ꯑꯁꯤ ꯃꯁꯤꯗ ꯐꯪꯕꯤꯒꯅꯤ꯫","ꯍ ꯣꯏ ,    ꯃꯁꯤꯒꯤ    ꯆꯥ ꯅꯥꯊ ꯛ ꯅꯕꯁꯤꯡ    ꯑꯁꯤ    ꯃꯁꯤꯗ    ꯐꯪ ꯕꯤ ꯒꯅꯤ꯫ ",35,13
3005,ꯑꯩꯈꯣꯏꯗ ꯑꯗꯣꯝꯅ ꯇꯪꯉꯒ ꯌꯦꯡꯕ ꯌꯥꯕ ꯒ꯭ꯂꯨꯇꯟ ꯌꯥꯎꯗꯕ ꯁꯨꯞ ꯗꯤꯁ ꯈꯔꯁꯨ ꯂꯩꯖꯩ꯫,ꯑꯩꯈ ꯣꯏ ꯗ    ꯑꯗꯣꯝꯅ    ꯇꯪ ꯉ ꯒ    ꯌꯦꯡꯕ    ꯌꯥꯕ    ꯒ꯭ ꯂꯨ ꯇꯟ    ꯌꯥꯎꯗꯕ    ꯁꯨ ꯞ    ꯗꯤ ꯁ    ꯈꯔ ꯁꯨ    ꯂꯩ ꯖꯩ ꯫ ,48,22
3006,ꯗꯥꯏꯕꯦꯇꯤꯁ ꯂꯥꯏꯅꯗ ꯑꯐꯕ ꯑꯣꯏꯕ ꯃꯦꯅ꯭ꯌꯨꯗꯒꯤ ꯀꯔꯤ ꯆꯥꯕ ꯄꯥꯝꯕꯤꯕꯤꯒꯦ,ꯗꯥꯏ ꯕꯦ ꯇꯤꯁ    ꯂꯥꯏ ꯅꯗ    ꯑꯐꯕ    ꯑꯣꯏꯕ    ꯃꯦ ꯅ꯭ꯌꯨ ꯗꯒꯤ    ꯀꯔꯤ    ꯆꯥꯕ    ꯄꯥꯝꯕꯤ ꯕꯤ ꯒꯦ ,44,15
3007,ꯑꯩꯍꯥꯛ ꯁꯥꯕꯨꯗꯥꯅꯥꯒꯤ ꯈꯤꯆꯔꯤ ꯑꯃ ꯑꯃꯗꯤ ꯑꯩꯍꯥꯛꯅ ꯃꯃꯥꯡꯗ ꯄꯟꯖꯈꯤꯕ ꯃꯁ꯭ꯔꯨꯝ ꯕ꯭ꯔꯥꯎꯟ ꯔꯥꯏꯁ ꯑꯗꯨꯒ ꯂꯧꯖꯒꯦ꯫,ꯑꯩꯍꯥꯛ   ꯁꯥ ꯕꯨ ꯗꯥ ꯅꯥꯒꯤ    ꯈꯤ ꯆ ꯔꯤ    ꯑꯃ    ꯑꯃꯗꯤ    ꯑꯩꯍꯥꯛ ꯅ    ꯃꯃꯥꯡꯗ    ꯄꯟ ꯖ ꯈꯤꯕ    ꯃꯁ ꯭ꯔ ꯨꯝ    ꯕ꯭ꯔ ꯥꯎꯟ    ꯔꯥꯏ ꯁ    ꯑꯗꯨꯒ    ꯂꯧ ꯖ ꯒꯦ ꯫ ,69,28
3008,ꯑꯗꯣꯝꯗ ꯂꯩꯕ ꯁꯨꯞꯀꯤ ꯃꯈꯜꯁꯤꯡꯗꯨ ꯀꯩꯅꯣ,ꯑꯗꯣ ꯝꯗ    ꯂꯩꯕ    ꯁꯨ ꯞꯀꯤ    ꯃꯈ ꯜ ꯁꯤꯡꯗꯨ    ꯀꯩ ꯅꯣ ,25,10
3009,ꯑꯩꯈꯣꯏꯗ ꯒ꯭ꯂꯨꯇꯟ ꯌꯥꯎꯗꯕ ꯐ꯭ꯔꯦꯟꯆ ꯑꯣꯅꯤꯌꯟ ꯁꯨꯞ ꯂꯩꯖꯩ꯫,ꯑꯩꯈ ꯣꯏ ꯗ    ꯒ꯭ ꯂꯨ ꯇꯟ    ꯌꯥꯎꯗꯕ    ꯐ꯭ꯔꯦꯟ ꯆ    ꯑꯣ ꯅꯤ ꯌꯟ    ꯁꯨ ꯞ    ꯂꯩ ꯖꯩ ꯫ ,37,17
3010,ꯑꯩꯈꯣꯏꯅ ꯃꯍꯥꯎ ꯂꯩꯔꯕ ꯍꯋꯥꯏ ꯊꯥꯔꯥꯛ ꯇꯪꯈꯥꯏꯒꯤ ꯁꯨꯞ ꯑꯃꯁꯨ ꯁꯦꯝꯖꯩ꯫,ꯑꯩꯈꯣꯏꯅ    ꯃꯍ ꯥꯎ    ꯂꯩꯔꯕ    ꯍ ꯋꯥꯏ    ꯊꯥꯔ ꯥꯛ    ꯇꯪ ꯈꯥꯏ ꯒꯤ    ꯁꯨ ꯞ    ꯑꯃꯁꯨ    ꯁꯦꯝ ꯖꯩ ꯫ ,43,17
3011,ꯑꯗꯒꯤ ꯑꯩꯈꯣꯏꯗ ꯐꯣ ꯕꯣ ꯑꯃꯗꯤ ꯋꯦꯁꯠ ꯑꯐ꯭ꯔꯤꯀꯥꯟ ꯄꯤꯅꯠ ꯕꯠꯇꯔ ꯁꯨꯞ ꯂꯩꯖꯩ꯫,ꯑ ꯗꯒꯤ    ꯑꯩꯈ ꯣꯏ ꯗ    ꯐꯣ   ꯕꯣ   ꯑꯃꯗꯤ    ꯋꯦꯁꯠ    ꯑꯐ꯭ꯔꯤ ꯀꯥꯟ    ꯄꯤ ꯅ ꯠ    ꯕ ꯠ ꯇꯔ    ꯁꯨ ꯞ    ꯂꯩ ꯖꯩ ꯫ ,46,22
3012,ꯐ꯭ꯔꯦꯟꯆ ꯑꯣꯅꯤꯌꯟ ꯁꯨꯞ ꯑꯗꯨ ꯍꯥꯎꯗꯣꯏ ꯃꯥꯜꯂꯦ ꯑꯗꯨꯅ ꯑꯩꯈꯣꯏ ꯃꯗꯨ ꯑꯅꯤ ꯂꯧꯖꯒꯦ꯫,ꯐ꯭ꯔꯦꯟ ꯆ    ꯑꯣ ꯅꯤ ꯌꯟ    ꯁꯨ ꯞ    ꯑꯗꯨ    ꯍꯥꯎ ꯗ ꯣꯏ    ꯃꯥꯜ ꯂꯦ    ꯑꯗꯨꯅ    ꯑꯩꯈ ꯣꯏ    ꯃꯗꯨ    ꯑꯅꯤ    ꯂꯧ ꯖ ꯒꯦ ꯫ ,50,22
3013,ꯑꯩꯍꯥꯛ ꯃꯍꯧꯁꯥꯅ ꯑꯔꯣꯏꯕꯗ ꯆꯥꯕ ꯑꯊꯨꯝꯕꯁꯤꯡ ꯀꯥꯟꯖꯩ ꯃꯔꯝꯗꯤ ꯗꯥꯏꯕꯦꯇꯤꯁ ꯅꯥꯕꯅ ꯆꯥꯕ ꯌꯥꯕ ꯑꯊꯨꯝ ꯑꯍꯥꯎꯁꯤꯡ ꯐꯪꯕ ꯋꯥꯏ꯫,ꯑꯩꯍꯥꯛ   ꯃꯍꯧꯁꯥꯅ    ꯑꯔꯣꯏꯕꯗ    ꯆꯥꯕ    ꯑ ꯊꯨꯝ ꯕꯁꯤꯡ    ꯀꯥꯟ ꯖꯩ    ꯃꯔꯝꯗꯤ    ꯗꯥꯏ ꯕꯦ ꯇꯤꯁ    ꯅꯥ ꯕꯅ    ꯆꯥꯕ    ꯌꯥꯕ    ꯑ ꯊꯨꯝ    ꯑꯍ ꯥꯎ ꯁꯤꯡ    ꯐꯪꯕ    ꯋꯥꯏ ꯫ ,74,25
3014,"ꯑꯣ, ꯀꯔꯤꯝꯇ ꯋꯥꯕꯤꯒꯅꯨ, ꯑꯩꯈꯣꯏꯗ ꯗꯥꯏꯕꯦꯇꯤꯁ ꯅꯥꯕꯅ ꯆꯥꯕꯥ ꯌꯥꯕ ꯑꯊꯨꯝ ꯑꯍꯥꯎꯁꯤꯡꯒꯤ ꯃꯈꯜꯁꯤꯡꯁꯨ ꯂꯩꯖꯩ꯫","ꯑꯣ ,    ꯀꯔꯤ ꯝ ꯇ    ꯋꯥ ꯕꯤ ꯒꯅꯨ ,    ꯑꯩꯈ ꯣꯏ ꯗ    ꯗꯥꯏ ꯕꯦ ꯇꯤꯁ    ꯅꯥ ꯕꯅ    ꯆꯥ ꯕꯥ    ꯌꯥꯕ    ꯑ ꯊꯨꯝ    ꯑꯍ ꯥꯎ ꯁꯤꯡꯒꯤ    ꯃꯈ ꯜ ꯁꯤꯡꯁꯨ    ꯂꯩ ꯖꯩ ꯫ ",67,31
3015,ꯑꯗꯣꯝꯅ ꯂꯣ-ꯀꯥꯔꯕ ꯄꯤꯅꯠ ꯕꯠꯇꯔ ꯀꯨꯀꯤꯁꯤꯡ ꯅꯠꯇ꯭ꯔꯒ ꯆꯣꯀꯣꯂꯦꯠ ꯀꯤꯇꯣ ꯐꯦꯠ ꯕꯣꯝꯁꯤꯡ ꯆꯥꯗꯨꯅ ꯌꯦꯡꯕꯤꯕ ꯌꯥꯒꯅꯤ꯫,ꯑꯗꯣꯝꯅ    ꯂꯣ - ꯀꯥꯔ ꯕ    ꯄꯤ ꯅ ꯠ    ꯕ ꯠ ꯇꯔ    ꯀꯨ ꯀꯤ ꯁꯤꯡ    ꯅꯠꯇ꯭ꯔꯒ    ꯆꯣ ꯀꯣꯂꯦ ꯠ    ꯀꯤ ꯇꯣ    ꯐꯦ ꯠ    ꯕꯣ ꯝꯁꯤꯡ    ꯆꯥ ꯗꯨꯅ    ꯌꯦꯡ ꯕꯤꯕ    ꯌꯥꯒꯅꯤ꯫ ,70,29
3016,ꯑꯩꯈꯣꯏꯅ ꯑꯍꯥꯎꯕ ꯄ꯭ꯔꯣꯇꯤꯟ ꯆꯤꯁꯀꯦꯛꯁꯨ ꯁꯦꯝꯖꯩ꯫,ꯑꯩꯈꯣꯏꯅ    ꯑꯍ ꯥꯎ ꯕ    ꯄ꯭ꯔꯣ ꯇꯤꯟ    ꯆꯤ ꯁ ꯀꯦ ꯛ ꯁꯨ    ꯁꯦꯝ ꯖꯩ ꯫ ,32,14
3017,ꯑꯩꯒꯤ ꯗꯥꯏꯗꯦꯇꯤꯁꯁꯤꯅ ꯃꯔꯝ ꯑꯣꯏꯗꯨꯅ ꯑꯩꯍꯥꯛ ꯆꯤꯁꯀꯦꯛ ꯆꯥꯗꯕ ꯀꯨꯏꯔꯦ꯫,ꯑ ꯩꯒꯤ    ꯗꯥꯏ ꯗꯦ ꯇꯤꯁ ꯁꯤꯅ    ꯃꯔꯝ    ꯑꯣꯏꯗꯨꯅ    ꯑꯩꯍꯥꯛ   ꯆꯤ ꯁ ꯀꯦ ꯛ    ꯆꯥ ꯗꯕ    ꯀꯨꯏ ꯔꯦ꯫ ,45,17
3018,ꯑꯩꯍꯥꯛꯅ ꯄ꯭ꯔꯣꯇꯤꯟ ꯆꯤꯁꯀꯦꯛ ꯑꯗꯨ ꯂꯧꯖꯒꯦ ꯑꯗꯨꯒ ꯃꯍꯥꯛꯀꯤꯅ ꯂꯣ-ꯀꯥꯔꯕ ꯄꯤꯅꯠ ꯕꯠꯇꯔ ꯀꯨꯀꯤ ꯑꯃ꯫,ꯑꯩꯍꯥꯛ ꯅ    ꯄ꯭ꯔꯣ ꯇꯤꯟ    ꯆꯤ ꯁ ꯀꯦ ꯛ    ꯑꯗꯨ    ꯂꯧ ꯖ ꯒꯦ    ꯑꯗꯨꯒ    ꯃꯍꯥꯛ ꯀꯤ ꯅ    ꯂꯣ - ꯀꯥꯔ ꯕ    ꯄꯤ ꯅ ꯠ    ꯕ ꯠ ꯇꯔ    ꯀꯨ ꯀꯤ    ꯑꯃ ꯫ ,60,30
3019,ꯃꯁꯤꯒꯤ ꯔꯦꯁꯇꯣꯔꯦꯟꯇ ꯑꯁꯤ ꯌꯥꯝꯅ ꯐꯩ꯫,ꯃꯁꯤꯒꯤ    ꯔꯦꯁ ꯇꯣ ꯔꯦꯟ ꯇ    ꯑꯁꯤ    ꯌꯥꯝꯅ    ꯐ ꯩ꯫ ,24,9
3020,ꯊꯥꯒꯠ ꯋꯥꯍꯩ ꯑꯗꯨꯒꯤꯗꯃꯛ ꯏꯀꯥꯏꯈꯨꯝꯅꯖꯔꯤ ꯫,ꯊꯥ ꯒꯠ    ꯋꯥꯍꯩ    ꯑꯗꯨꯒꯤꯗꯃꯛ    ꯏꯀꯥꯏ ꯈꯨꯝ ꯅ ꯖ ꯔꯤ    ꯫ ,28,10
3021,ꯑꯗꯣꯝꯅ ꯃꯇꯝ ꯂꯧꯕꯤꯗꯨꯅ ꯒꯨꯒꯜꯗ ꯑꯩꯈꯣꯏꯗ ꯔꯤꯕ꯭ꯌꯨ ꯑꯃ ꯊꯝꯕꯤꯔꯝꯃꯒꯗꯤ ꯅꯨꯉꯥꯏꯖꯒꯅꯤ꯫,ꯑꯗꯣꯝꯅ    ꯃꯇꯝ    ꯂꯧ ꯕꯤ ꯗꯨꯅ    ꯒꯨ ꯒ ꯜꯗ    ꯑꯩꯈ ꯣꯏ ꯗ    ꯔꯤꯕ ꯭ꯌꯨ    ꯑꯃ    ꯊꯝ ꯕꯤ ꯔꯝ ꯃ ꯒ ꯗꯤ    ꯅꯨ ꯉꯥꯏ ꯖ ꯒꯅꯤ꯫ ,54,24
3022,ꯀꯔꯤꯒꯨꯝꯕ ꯑꯃꯍꯦꯛꯇ ꯗꯔꯀꯥꯔ ꯇꯥꯕꯤꯔꯒꯗꯤ ꯑꯩꯉꯣꯟꯗ ꯈꯪꯍꯟꯕꯤꯔꯛꯎ꯫,ꯀꯔꯤꯒꯨꯝꯕ    ꯑꯃꯍꯦꯛꯇ    ꯗꯔ ꯀꯥꯔ    ꯇꯥ ꯕꯤ ꯔꯒ ꯗꯤ    ꯑꯩ ꯉꯣꯟꯗ    ꯈꯪꯍꯟ ꯕꯤ ꯔꯛ ꯎ꯫ ,42,14
3023,ꯑꯩꯍꯥꯛ ꯑꯐꯕ ꯔꯤꯕ꯭ꯌꯨ ꯑꯃ ꯁꯣꯏꯗꯅ ꯊꯝꯂꯝꯒꯦ꯫,ꯑꯩꯍꯥꯛ   ꯑꯐꯕ    ꯔꯤꯕ ꯭ꯌꯨ    ꯑꯃ    ꯁꯣꯏꯗꯅ    ꯊꯝ ꯂꯝ ꯒꯦ ꯫ ,28,10
3024,"ꯆꯪꯖꯔꯛꯄ ꯌꯥꯒꯗ꯭ꯔ, ꯁꯔ","ꯆꯪꯖ ꯔꯛꯄ    ꯌꯥ ꯒ ꯗ꯭ꯔ ,    ꯁꯔ ",15,7
3025,"ꯌꯥꯅꯤ, ꯐꯝꯕꯤꯌꯨ꯫","ꯌꯥ ꯅꯤ,    ꯐꯝ ꯕꯤꯌꯨ꯫ ",12,4
3026,ꯑꯗꯣꯝꯒꯤꯗꯃꯛ ꯀꯔꯤ ꯇꯧꯖꯧꯒꯦ,ꯑꯗꯣ ꯝ ꯒꯤꯗꯃꯛ    ꯀꯔꯤ    ꯇꯧ ꯖꯧ ꯒꯦ ,18,7
3027,ꯑꯩꯍꯥꯛꯀꯤ ꯏꯃꯤꯡ ꯑꯅꯟ ꯌꯥꯗꯕꯅꯤ꯫,ꯑꯩꯍꯥꯛ ꯀꯤ    ꯏ ꯃꯤꯡ    ꯑꯅ ꯟ    ꯌꯥ ꯗꯕꯅꯤ꯫ ,21,8
3028,ꯑꯩꯒꯤ ꯁꯦꯕꯤꯡꯁ ꯑꯦꯀꯥꯎꯟ꯭ꯇꯇꯒꯤ ꯄꯩꯁꯥ ꯈꯔ ꯂꯧꯊꯣꯛꯄ ꯄꯥꯝꯖꯧ꯫,ꯑ ꯩꯒꯤ    ꯁꯦ ꯕꯤ ꯡ ꯁ    ꯑꯦꯀꯥꯎꯟ ꯭ꯇ ꯇꯒꯤ    ꯄꯩ ꯁꯥ    ꯈꯔ    ꯂꯧꯊꯣꯛꯄ    ꯄꯥꯝ ꯖꯧ ꯫ ,39,16
3029,ꯂꯧꯊꯣꯛꯄꯒꯤ ꯊꯧꯋꯣꯡꯁꯤꯡꯁꯦ ꯀꯔꯤꯅꯣ ꯍꯥꯏꯕ ꯑꯩꯍꯥꯛ ꯈꯪꯖꯗꯦ꯫,ꯂꯧꯊꯣꯛ ꯄꯒꯤ    ꯊꯧ ꯋ ꯣꯡ ꯁꯤꯡ ꯁꯦ    ꯀꯔꯤ ꯅꯣ    ꯍꯥꯏꯕ    ꯑꯩꯍꯥꯛ   ꯈꯪ ꯖ ꯗꯦ꯫ ,38,14
3030,ꯑꯗꯣꯝꯅ ꯑꯩꯒꯤ ꯃꯇꯦꯡ ꯄꯥꯡꯕꯤꯕ ꯌꯥꯒꯗ꯭ꯔ,ꯑꯗꯣꯝꯅ    ꯑ ꯩꯒꯤ    ꯃꯇꯦꯡ    ꯄꯥꯡ ꯕꯤꯕ    ꯌꯥ ꯒ ꯗ꯭ꯔ ,25,9
3031,"ꯌꯥꯅꯤ, ꯁꯔ꯫","ꯌꯥ ꯅꯤ,    ꯁꯔ ꯫ ",8,4
3032,ꯏꯍꯥꯟ ꯍꯥꯟꯕꯗ ꯑꯗꯣꯝꯅ ꯋꯤꯗ꯭ꯔꯣꯋꯦꯜ ꯐꯣꯔꯝ ꯑꯗꯨ ꯂꯣꯏꯅ ꯃꯦꯟꯕꯤꯒꯗꯕꯅꯤ꯫,ꯏ ꯍꯥꯟ    ꯍꯥꯟ ꯕꯗ    ꯑꯗꯣꯝꯅ    ꯋꯤ ꯗ꯭ꯔꯣ ꯋꯦ ꯜ    ꯐꯣꯔꯝ    ꯑꯗꯨ    ꯂꯣꯏꯅ    ꯃꯦꯟ ꯕꯤ ꯒꯗꯕꯅꯤ꯫ ,45,15
3033,"ꯑꯗꯣꯝꯒꯤ ꯑꯦꯀꯥꯎꯟ꯭ꯇ ꯅꯝꯕꯔ, ꯃꯤꯡ, ꯃꯣꯕꯥꯏꯜ ꯅꯝꯕꯔ ꯑꯃꯗꯤ ꯂꯩꯐꯝ ꯃꯈꯥꯒꯤ ꯐꯤꯜꯗꯁꯤꯡꯗ ꯃꯦꯟꯁꯤꯟꯕꯤꯌꯨ꯫","ꯑꯗꯣꯝꯒꯤ    ꯑꯦꯀꯥꯎꯟ ꯭ꯇ    ꯅꯝꯕ ꯔ,    ꯃꯤꯡ ,    ꯃꯣ ꯕꯥꯏ ꯜ    ꯅꯝꯕꯔ    ꯑꯃꯗꯤ    ꯂꯩꯐꯝ    ꯃꯈ ꯥꯒꯤ    ꯐꯤꯜ ꯗ ꯁꯤꯡꯗ    ꯃꯦꯟ ꯁꯤꯟ ꯕꯤꯌꯨ꯫ ",65,21
3034,ꯑꯣꯀꯦ꯫ ꯃꯁꯤꯗ ꯁꯣꯏ ꯇꯧꯒꯗꯕ꯭ꯔ,ꯑꯣ ꯀꯦ ꯫    ꯃꯁꯤꯗ    ꯁ ꯣꯏ    ꯇꯧ ꯒꯗꯕ ꯭ꯔ,19,9
3035,ꯍꯣꯏ꯫ ꯇꯧꯕꯤꯌꯣ꯫,ꯍ ꯣꯏ ꯫    ꯇꯧ ꯕꯤ ꯌꯣ ꯫ ,11,7
3036,ꯑꯗꯣꯝ ꯄꯩꯁꯥ ꯀꯌꯥꯝ ꯂꯧꯊꯣꯛꯄ ꯄꯥꯝꯕꯤꯕꯤꯒꯦ,ꯑꯗꯣ ꯝ    ꯄꯩ ꯁꯥ    ꯀꯌꯥꯝ    ꯂꯧꯊꯣꯛꯄ    ꯄꯥꯝꯕꯤ ꯕꯤ ꯒꯦ ,27,9
3037,"ꯑꯩꯍꯥꯛ ꯂꯨꯄꯥ ꯱,꯰꯰,꯰꯰꯰ ꯂꯧꯊꯣꯛꯄ ꯗꯔꯀꯥꯔ ꯇꯥꯏ꯫","ꯑꯩꯍꯥꯛ   ꯂꯨꯄꯥ    ꯱ ,꯰꯰ ,꯰꯰꯰    ꯂꯧꯊꯣꯛꯄ    ꯗꯔ ꯀꯥꯔ    ꯇꯥꯏ꯫ ",32,9
3038,"ꯐꯣꯔꯝ ꯑꯁꯤꯗ ꯁꯦꯟꯐꯝ ꯑꯗꯨ ꯋꯥꯍꯩ ꯑꯃꯗꯤ ꯃꯁꯤꯡꯒ ꯂꯣꯏꯅꯅ ꯃꯦꯟꯁꯤꯟꯕꯤꯌꯨ, ꯁꯔ꯫","ꯐꯣꯔꯝ    ꯑꯁꯤꯗ    ꯁꯦꯟꯐꯝ    ꯑꯗꯨ    ꯋꯥꯍꯩ    ꯑꯃꯗꯤ    ꯃ ꯁꯤꯡꯒ    ꯂꯣꯏꯅꯅ    ꯃꯦꯟ ꯁꯤꯟ ꯕꯤꯌꯨ,    ꯁꯔ ꯫ ",48,14
3039,ꯋꯤꯗ꯭ꯔꯣꯋꯦꯜ ꯐꯣꯔꯝ ꯑꯗꯨꯒꯤ ꯃꯈꯥꯗ ꯑꯗꯣꯝꯒꯤ ꯃꯤꯡ ꯁꯣꯏ ꯇꯧꯕ ꯅꯤꯡꯁꯤꯡꯕꯤꯌꯨ꯫,ꯋꯤ ꯗ꯭ꯔꯣ ꯋꯦ ꯜ    ꯐꯣꯔꯝ    ꯑꯗꯨꯒꯤ    ꯃꯈꯥꯗ    ꯑꯗꯣꯝꯒꯤ    ꯃꯤꯡ    ꯁ ꯣꯏ    ꯇꯧꯕ    ꯅꯤꯡꯁꯤꯡ ꯕꯤꯌꯨ꯫ ,48,14
3040,ꯐꯅꯤ꯫ ꯑꯩꯍꯥꯛ ꯃꯗꯨ ꯅꯤꯡꯁꯤꯡꯖꯒꯦ꯫,ꯐ ꯅꯤ꯫    ꯑꯩꯍꯥꯛ   ꯃꯗꯨ    ꯅꯤꯡꯁꯤꯡ ꯖ ꯒꯦ ꯫ ,22,8
3041,ꯋꯤꯗ꯭ꯔꯣꯋꯦꯜꯒꯤ ꯀꯥꯎꯟꯇꯔꯁꯦ ꯀꯔꯝꯕꯅꯣ,ꯋꯤ ꯗ꯭ꯔꯣ ꯋꯦ ꯜꯒꯤ    ꯀꯥꯎꯟ ꯇꯔ ꯁꯦ    ꯀꯔꯝ ꯕ ꯅꯣ ,25,10
3042,"ꯁꯔ, ꯀꯥꯎꯟꯇꯔ ꯅꯝꯕꯔ ꯲ꯗ ꯆꯪꯁꯤꯟꯕꯤꯌꯨ꯫","ꯁꯔ ,    ꯀꯥꯎꯟ ꯇꯔ    ꯅꯝꯕꯔ    ꯲ꯗ    ꯆꯪ ꯁꯤꯟ ꯕꯤꯌꯨ꯫ ",25,9
3043,ꯀꯥꯎꯟꯇꯔꯗ ꯂꯩꯔꯤꯕ ꯑꯦꯝꯄ꯭ꯂꯣꯌꯤ ꯑꯗꯨꯅ ꯀꯁꯇꯃꯔ ꯑꯗꯨꯒꯤ ꯑꯦꯀꯥꯎꯟ꯭ꯇ ꯅꯝꯕꯔ ꯑꯃꯗꯤ ꯃꯤꯡ ꯆꯨꯝꯕ꯭ꯔ ꯌꯦꯡꯒꯅꯤ꯫,ꯀꯥꯎꯟ ꯇꯔꯗ    ꯂꯩꯔꯤꯕ    ꯑꯦꯝ ꯄ꯭ ꯂꯣ ꯌ ꯤ    ꯑꯗꯨꯅ    ꯀꯁꯇꯃꯔ    ꯑꯗꯨꯒꯤ    ꯑꯦꯀꯥꯎꯟ ꯭ꯇ    ꯅꯝꯕꯔ    ꯑꯃꯗꯤ    ꯃꯤꯡ    ꯆꯨꯝ ꯕ꯭ꯔ   ꯌꯦꯡ ꯒꯅꯤ꯫ ,67,20
3044,ꯑꯗꯨꯒ ꯑꯗꯣꯝꯅ ꯁꯦꯜꯁꯤꯡ ꯑꯗꯨ ꯐꯪꯕꯤꯒꯅꯤ꯫,ꯑꯗꯨꯒ    ꯑꯗꯣꯝꯅ    ꯁꯦ ꯜꯁꯤꯡ    ꯑꯗꯨ    ꯐꯪ ꯕꯤ ꯒꯅꯤ꯫ ,26,8
3045,ꯑꯗꯣꯝꯕꯨ ꯊꯥꯒꯠꯆꯔꯤ,ꯑꯗꯣ ꯝꯕꯨ    ꯊꯥꯒꯠ ꯆ ꯔꯤ ,13,5
3046,ꯑꯗꯣꯝꯒꯤꯗꯃꯛ ꯑꯇꯣꯞꯄ ꯀꯔꯤ ꯇꯧꯖꯔꯛꯎꯒꯦ,ꯑꯗꯣ ꯝ ꯒꯤꯗꯃꯛ    ꯑꯇꯣꯞꯄ    ꯀꯔꯤ    ꯇꯧ ꯖ ꯔꯛ ꯎ ꯒꯦ ,25,10
3047,ꯑꯩꯍꯥꯛ ꯃꯇꯦꯡ ꯑꯃꯒ ꯆꯪꯉꯤ꯫,ꯑꯩꯍꯥꯛ   ꯃꯇꯦꯡ    ꯑꯃꯒ    ꯆꯪ ꯉꯤ꯫ ,17,5
3048,ꯂꯧꯊꯣꯛꯂꯕ ꯃꯇꯨꯡꯗ ꯑꯦꯀꯥꯎꯟ꯭ꯇꯀꯤ ꯕꯦꯂꯦꯟꯁ ꯑꯩꯍꯥꯛꯅ ꯀꯔꯝꯅ ꯈꯪꯕ ꯌꯥꯒꯅꯤ,ꯂꯧꯊꯣꯛ ꯂꯕ    ꯃꯇꯨꯡꯗ    ꯑꯦꯀꯥꯎꯟ ꯭ꯇ ꯀꯤ    ꯕꯦ ꯂꯦꯟ ꯁ    ꯑꯩꯍꯥꯛ ꯅ    ꯀꯔꯝꯅ    ꯈꯪꯕ    ꯌꯥ ꯒꯅꯤ ,46,15
3049,"ꯁꯔ, ꯀꯥꯎꯟꯇꯔ ꯁ꯭ꯇꯥꯐꯇ ꯕꯦꯂꯦꯟꯁ ꯑꯦꯃꯥꯎꯟꯇ ꯑꯗꯨ ꯄꯥꯁꯕꯨꯛꯇ ꯍꯥꯞꯄꯤꯅꯕ ꯍꯥꯏꯕꯤꯌꯨ꯫","ꯁꯔ ,    ꯀꯥꯎꯟ ꯇꯔ    ꯁ꯭ꯇꯥ ꯐ ꯇ    ꯕꯦ ꯂꯦꯟ ꯁ    ꯑꯦ ꯃꯥꯎ ꯟꯇ    ꯑꯗꯨ    ꯄꯥ ꯁ ꯕꯨ ꯛꯇ    ꯍꯥꯞ ꯄꯤꯅꯕ    ꯍꯥꯏ ꯕꯤꯌꯨ꯫ ",53,22
3050,ꯐꯔꯦ,ꯐ ꯔꯦ ,3,2
3051,ꯑꯗꯣꯝꯕꯨ ꯌꯥꯝꯅ ꯊꯥꯒꯠꯆꯔꯤ꯫,ꯑꯗꯣ ꯝꯕꯨ    ꯌꯥꯝꯅ    ꯊꯥꯒꯠ ꯆ ꯔꯤ꯫ ,18,6
3052,ꯅꯨꯡꯉꯥꯏꯖꯔꯦ ꯁꯔ,ꯅꯨꯡꯉꯥꯏ ꯖ ꯔꯦ    ꯁꯔ ,11,4
3053,ꯃꯃꯜ ꯌꯥꯝꯂꯕ ꯀꯁꯇꯃꯔ ꯑꯣꯏꯕꯤꯕꯒꯤꯗꯃꯛ ꯊꯥꯒꯠꯆꯔꯤ꯫,ꯃꯃꯜ    ꯌꯥꯝꯂꯕ    ꯀꯁꯇꯃꯔ    ꯑꯣꯏ ꯕꯤ ꯕꯒꯤꯗꯃꯛ    ꯊꯥꯒꯠ ꯆ ꯔꯤ꯫ ,32,9
3054,ꯑꯃꯨꯛ ꯍꯟꯅ ꯂꯥꯛꯄꯤꯌꯨ꯫,ꯑꯃꯨꯛ    ꯍꯟꯅ    ꯂꯥꯛ ꯄꯤꯌꯨ꯫ ,15,4
3055,ꯅꯪ ꯁꯥꯟꯅꯈꯣꯠꯅꯕꯒꯤ ꯃꯃꯤ ꯀꯨꯝꯍꯩꯁꯤꯡ ꯄꯥꯝꯕ꯭ꯔ,ꯅ ꯪ    ꯁꯥꯟꯅ ꯈꯣꯠ ꯅꯕꯒꯤ    ꯃꯃꯤ    ꯀꯨꯝꯍꯩꯁꯤꯡ    ꯄꯥꯝꯕ ꯭ꯔ,30,9
3056,ꯍꯥꯏꯗꯤ ꯑꯁꯦꯡꯕ ꯁꯥꯟꯅꯔꯣꯏꯁꯤꯡꯒꯤ ꯋꯥꯔꯤ ꯂꯤꯕꯁꯤꯡꯗꯣ꯫,ꯍꯥꯏ ꯗꯤ    ꯑꯁꯦꯡꯕ    ꯁꯥꯟꯅꯔꯣꯏ ꯁꯤꯡꯒꯤ    ꯋꯥꯔꯤ    ꯂꯤꯕ ꯁꯤꯡ ꯗꯣ ꯫ ,35,10
3057,ꯃꯁꯤ ꯌꯥꯝꯅ ꯄꯨꯛꯅꯤꯡ ꯊꯧꯒꯠꯂꯤ꯫,ꯃꯁꯤ    ꯌꯥꯝꯅ    ꯄꯨꯛꯅꯤꯡ    ꯊꯧꯒꯠ ꯂꯤ꯫ ,20,5
3058,ꯑꯩꯅ ꯃꯦꯔꯤ ꯀꯣꯝ ꯌꯦꯡꯕ ꯃꯇꯨꯡꯗꯒꯤ ꯃꯈꯣꯏꯁꯦ ꯄꯥꯝꯕ ꯍꯧꯔꯛꯈꯤ꯫,ꯑꯩ ꯅ    ꯃꯦ ꯔꯤ    ꯀꯣ ꯝ    ꯌꯦꯡꯕ    ꯃꯇꯨꯡ ꯗꯒꯤ    ꯃꯈꯣꯏ ꯁꯦ    ꯄꯥꯝꯕ    ꯍꯧꯔꯛꯈꯤ꯫ ,38,13
3059,ꯃꯗꯨꯗꯣ ꯌꯦꯡꯕꯗ ꯌꯥꯝ ꯅꯨꯉꯥꯏꯕ ꯐꯥꯎꯈꯤ꯫,ꯃꯗꯨ ꯗꯣ    ꯌꯦꯡ ꯕꯗ    ꯌꯥꯝ    ꯅꯨ ꯉꯥꯏ ꯕ    ꯐꯥꯎ ꯈꯤ꯫ ,25,10
3060,ꯑꯣ ꯑꯗꯨꯒꯤ ꯁꯤꯅꯦꯃꯥꯁꯤꯡꯗꯣ ꯑꯩ ꯄꯥꯝꯖꯩ꯫,ꯑꯣ    ꯑꯗꯨꯒꯤ    ꯁꯤꯅꯦ ꯃꯥ ꯁꯤꯡ ꯗꯣ    ꯑ ꯩ    ꯄꯥꯝ ꯖꯩ ꯫ ,26,11
3061,ꯑꯩꯒꯤ ꯈ꯭ꯋꯥꯏꯗꯒꯤ ꯄꯥꯝꯖꯕꯗꯤ ꯚꯥꯒ ꯃꯤꯜꯈꯥ ꯚꯥꯒꯅꯦ꯫,ꯑ ꯩꯒꯤ    ꯈ꯭ꯋꯥꯏꯗꯒꯤ    ꯄꯥꯝ ꯖ ꯕꯗꯤ    ꯚꯥ ꯒ    ꯃꯤ ꯜ ꯈꯥ    ꯚꯥ ꯒ ꯅꯦ ꯫ ,33,15
3062,ꯃꯁꯤ ꯁꯥꯟꯅꯔꯣꯏ ꯃꯤꯜꯈꯥꯒꯤ ꯃꯇꯥꯡꯒꯤ ꯏꯪ ꯲꯰꯱꯳ꯒꯤ ꯁꯤꯅꯦꯃꯥ ꯑꯃꯅꯦ꯫,ꯃꯁꯤ    ꯁꯥꯟꯅꯔꯣꯏ    ꯃꯤ ꯜ ꯈꯥ ꯒꯤ    ꯃꯇꯥꯡ ꯒꯤ    ꯏꯪ    ꯲꯰꯱꯳ꯒꯤ    ꯁꯤꯅꯦ ꯃꯥ    ꯑꯃ ꯅꯦ ꯫ ,42,15
3063,ꯑꯗꯨꯒꯤ ꯃꯤꯑꯣꯏꯗꯣ ꯀꯌꯥꯝ ꯅꯩ ꯈꯪꯕ꯭ꯔ,ꯑꯗꯨꯒꯤ    ꯃꯤꯑꯣꯏ ꯗꯣ    ꯀꯌꯥꯝ    ꯅꯩ    ꯈꯪ ꯕ꯭ꯔ,23,7
3064,ꯃꯍꯥꯛꯁꯦ ꯗ ꯐ꯭ꯂꯥꯏꯌꯤꯡ ꯁꯤꯈ ꯍꯥꯏꯅꯁꯨ ꯈꯪꯅꯩ,ꯃꯍꯥꯛ ꯁꯦ    ꯗ    ꯐ꯭ ꯂꯥꯏ ꯌꯤ ꯡ    ꯁꯤꯈ    ꯍꯥꯏꯅꯁꯨ    ꯈꯪꯅꯩ ,28,10
3065,ꯑꯣ ꯃꯗꯨ ꯅꯨꯄꯥꯗꯣ ꯄꯥꯝꯖꯩ,ꯑꯣ    ꯃꯗꯨ    ꯅꯨꯄꯥ ꯗꯣ    ꯄꯥꯝ ꯖꯩ ,16,6
3066,ꯃꯍꯥꯛꯁꯦ ꯑꯦꯁꯤꯌꯟ ꯒꯦꯝꯁ ꯑꯃꯗꯤ ꯀꯃꯟꯋꯦꯜꯊ ꯒꯦꯝꯁꯇ ꯃꯤꯇꯔ ꯴꯰꯰ꯗ ꯒꯣꯜꯗ ꯐꯪꯕ ꯑꯃꯠꯇ ꯉꯥꯏꯔꯕ ꯁꯥꯟꯅꯔꯣꯏꯅꯤ꯫,ꯃꯍꯥꯛ ꯁꯦ    ꯑꯦꯁꯤ ꯌꯟ    ꯒꯦꯝ ꯁ    ꯑꯃꯗꯤ    ꯀ ꯃꯟ ꯋꯦꯜ ꯊ    ꯒꯦꯝꯁꯇ    ꯃꯤꯇꯔ    ꯴ ꯰꯰ꯗ    ꯒꯣ ꯜꯗ    ꯐꯪꯕ    ꯑꯃꯠꯇ    ꯉꯥꯏꯔꯕ    ꯁꯥꯟꯅꯔꯣꯏ ꯅꯤ꯫ ,66,22
3067,ꯀꯌꯥꯝ ꯅꯩꯔꯤꯅꯣ,ꯀꯌꯥꯝ    ꯅꯩ ꯔꯤ ꯅꯣ ,10,4
3068,ꯃꯍꯥꯛꯅ ꯏꯪ ꯱꯹꯵꯸ꯒ ꯱꯹꯶꯲ꯒꯒꯤ ꯑꯦꯁꯤꯌꯟ ꯒꯦꯝꯁꯇꯁꯨ ꯒꯣꯜꯗ ꯃꯦꯗꯜꯁꯤꯡ ꯐꯪꯈꯤ꯫,ꯃꯍꯥꯛꯅ    ꯏꯪ    ꯱꯹꯵ ꯸ ꯒ    ꯱꯹꯶ ꯲ ꯒꯒꯤ    ꯑꯦꯁꯤ ꯌꯟ    ꯒꯦꯝ ꯁꯇ ꯁꯨ    ꯒꯣ ꯜꯗ    ꯃꯦ ꯗ ꯜꯁꯤꯡ    ꯐꯪꯈꯤ꯫ ,48,19
3069,ꯑꯩ ꯅꯣꯡꯃꯗꯤ ꯃꯥꯗꯧꯅ ꯑꯣꯏꯅꯤꯡꯉꯦ꯫,ꯑ ꯩ    ꯅꯣꯡ ꯃ ꯗꯤ    ꯃꯥ ꯗꯧ ꯅ    ꯑꯣꯏ ꯅꯤꯡ ꯉ ꯦ ꯫ ,22,13
3070,ꯃꯍꯥꯛ ꯄꯗꯃ ꯁ꯭ꯔꯤ ꯑꯃ ꯐꯪꯉꯦ꯫,ꯃꯍꯥꯛ    ꯄꯗ ꯃ    ꯁ꯭ꯔꯤ    ꯑꯃ    ꯐꯪ ꯉ ꯦ ꯫ ,18,9
3071,ꯑꯩ ꯃꯥꯒꯨꯝꯕ ꯑꯅꯩꯕ ꯁꯥꯟꯅꯔꯣꯏ ꯑꯃ ꯑꯣꯏꯔꯕ ꯃꯆꯨꯡꯗ ꯑꯩ ꯑꯃ ꯐꯪꯕ ꯄꯥꯝꯃꯦ꯫,ꯑ ꯩ    ꯃꯥ ꯒꯨꯝꯕ    ꯑ ꯅꯩ ꯕ    ꯁꯥꯟꯅꯔꯣꯏ    ꯑꯃ    ꯑꯣꯏꯔꯕ    ꯃꯆ ꯨꯡꯗ    ꯑ ꯩ    ꯑꯃ    ꯐꯪꯕ    ꯄꯥꯝ ꯃꯦ ꯫ ,44,19
3072,ꯑꯗꯩ ꯃꯍꯥꯛꯅ ꯃꯔꯤꯁꯨꯕꯗ ꯂꯣꯏꯁꯤꯟꯈꯤꯕ ꯂꯝꯖꯦꯜꯗꯣ,ꯑ ꯗ ꯩ    ꯃꯍꯥꯛꯅ    ꯃꯔꯤ ꯁꯨꯕꯗ    ꯂꯣꯏꯁꯤꯟ ꯈꯤꯕ    ꯂꯝꯖꯦ ꯜ ꯗꯣ ,31,11
3073,ꯏꯪ ꯱꯹꯶꯰ ꯑꯣꯁꯤꯝꯄꯤꯛ ꯒꯦꯝꯁꯇ ꯃꯤꯇꯔ ꯴꯰꯰ꯒꯤ ꯐꯥꯏꯅꯦꯜꯗ,ꯏꯪ    ꯱꯹꯶ ꯰    ꯑꯣ ꯁꯤ ꯝꯄꯤ ꯛ    ꯒꯦꯝꯁꯇ    ꯃꯤꯇꯔ    ꯴ ꯰꯰ꯒꯤ    ꯐꯥꯏꯅꯦ ꯜꯗ ,35,13
3074,ꯃꯍꯥꯛꯄꯨ ꯈ꯭ꯋꯥꯏꯗꯒꯤ ꯍꯦꯟꯅ ꯅꯤꯁꯤꯡꯅꯕꯁꯦ ꯃꯗꯨꯒꯤꯅꯤ ꯈꯜꯂꯤ ꯑꯩ꯫,ꯃꯍꯥꯛꯄꯨ    ꯈ꯭ꯋꯥꯏꯗꯒꯤ    ꯍꯦꯟꯅ    ꯅꯤ ꯁꯤꯡ ꯅꯕ ꯁꯦ    ꯃꯗꯨ ꯒꯤꯅꯤ    ꯈ ꯜꯂꯤ    ꯑꯩ ꯫ ,41,13
3075,ꯃꯃꯥꯡꯗ ꯃꯍꯥꯛꯀꯤ ꯃꯇꯥꯡꯗ ꯄ꯭ꯔꯣꯖꯦꯛ ꯔꯤꯄꯣꯔꯠ ꯑꯃ ꯏꯕ ꯇꯥꯈꯤ꯫,ꯃꯃꯥꯡꯗ    ꯃꯍꯥꯛꯀꯤ    ꯃꯇꯥꯡꯗ    ꯄ꯭ꯔꯣꯖꯦꯛ    ꯔꯤ ꯄꯣꯔꯠ    ꯑꯃ    ꯏꯕ    ꯇꯥꯈꯤ꯫ ,38,9
3076,ꯃꯍꯥꯛꯀꯤ ꯃꯔꯝꯗ ꯌꯥꯝ ꯄꯥꯈꯤ ꯑꯩ꯫,ꯃꯍꯥꯛꯀꯤ    ꯃꯔꯝꯗ    ꯌꯥꯝ    ꯄꯥ ꯈꯤ    ꯑꯩ ꯫ ,20,7
3077,"ꯃꯍꯥꯛꯅ ꯃꯔꯤꯁꯨꯕꯗ ꯂꯣꯏꯁꯤꯟꯈꯤꯕ ꯃꯇꯝꯗꯣ, ꯆꯍꯤ ꯴꯰ꯔꯣꯝ ꯊꯨꯒꯥꯏꯈꯤꯗꯕ ꯏꯟꯗꯤꯌꯟ ꯅꯦꯁꯅꯦꯜ ꯔꯦꯀꯣꯔꯗ ꯑꯃ ꯃꯍꯥꯛꯅ ꯊꯝꯈꯤ","ꯃꯍꯥꯛꯅ    ꯃꯔꯤ ꯁꯨꯕꯗ    ꯂꯣꯏꯁꯤꯟ ꯈꯤꯕ    ꯃꯇꯝ ꯗꯣ ,    ꯆꯍꯤ    ꯴꯰ ꯔꯣꯝ    ꯊꯨꯒꯥꯏ ꯈꯤ ꯗꯕ    ꯏꯟꯗꯤꯌꯟ    ꯅꯦꯁꯅꯦꯜ    ꯔꯦꯀꯣꯔꯗ    ꯑꯃ    ꯃꯍꯥꯛꯅ    ꯊꯝꯈꯤ ",73,20
3078,ꯑꯩꯅ ꯆꯥꯎꯔꯛꯄꯗ ꯃꯍꯥꯛꯀꯤ ꯃꯔꯝꯗ ꯌꯥꯝꯅ ꯇꯥꯈꯤ꯫,ꯑꯩ ꯅ    ꯆꯥꯎ ꯔꯛꯄꯗ    ꯃꯍꯥꯛꯀꯤ    ꯃꯔꯝꯗ    ꯌꯥꯝꯅ    ꯇꯥꯈꯤ꯫ ,29,8
3079,ꯑꯩꯈꯣꯏ ꯕꯥꯕꯥꯗꯣ ꯗꯥꯏ-ꯍꯥꯔꯗ ꯐꯦꯟ ꯑꯣꯏꯔꯝꯃꯦ꯫,ꯑꯩꯈ ꯣꯏ    ꯕꯥ ꯕꯥ ꯗꯣ    ꯗꯥꯏ - ꯍꯥꯔ ꯗ    ꯐ ꯦꯟ    ꯑꯣꯏꯔꯝ ꯃꯦ ꯫ ,30,14
3080,ꯃꯥꯒꯤ ꯑꯣꯇꯣꯕꯥꯏꯑꯣꯒ꯭ꯔꯥꯐꯤꯁꯨ ꯄꯥꯔꯦ꯫,ꯃꯥꯒꯤ    ꯑꯣꯇꯣ ꯕꯥꯏꯑꯣ ꯒ꯭ꯔꯥꯐꯤ ꯁꯨ    ꯄꯥꯔ ꯦ ꯫ ,26,8
3081,ꯃꯗꯨ ꯄꯥꯔꯕ ꯃꯇꯨꯡꯗꯅꯦ ꯑꯩꯅ ꯁꯤꯅꯦꯃꯥꯗꯣ ꯌꯦꯡꯒꯦ ꯈꯟꯈ꯭ꯔꯤꯗꯣ꯫,ꯃꯗꯨ    ꯄꯥꯔ ꯕ    ꯃꯇꯨꯡ ꯗ ꯅꯦ    ꯑꯩ ꯅ    ꯁꯤꯅꯦ ꯃꯥ ꯗꯣ    ꯌꯦꯡ ꯒꯦ    ꯈꯟ ꯈ꯭ꯔꯤ ꯗꯣ ꯫ ,39,17
3082,ꯃꯃꯜ ꯍꯟꯖꯤꯜꯂꯦ꯫,ꯃꯃꯜ    ꯍꯟ ꯖꯤ ꯜ ꯂꯦ꯫ ,11,5
3083,ꯁꯤꯅꯦꯃꯥꯗꯣ ꯃꯅꯥ ꯃꯌꯥꯝꯁꯨ ꯐꯪꯈꯤ꯫,ꯁꯤꯅꯦ ꯃꯥ ꯗꯣ    ꯃꯅꯥ    ꯃꯌꯥꯝ ꯁꯨ    ꯐꯪꯈꯤ꯫ ,22,7
3084,ꯐꯔꯍꯥꯟ ꯑꯈꯇꯔꯅ ꯌꯥꯝ ꯐꯖꯅ ꯇꯧꯈ꯭ꯔꯦ꯫,ꯐꯔ ꯍꯥꯟ    ꯑꯈ ꯇꯔ ꯅ    ꯌꯥꯝ    ꯐꯖꯅ    ꯇꯧ ꯈ꯭ꯔꯦ꯫ ,23,9
3085,ꯀꯩꯒꯨꯝꯕ ꯃꯤꯜꯈꯥ ꯁꯤꯡꯒꯨꯝꯕ ꯈ꯭ꯋꯥꯏꯗꯒꯤ ꯐꯕ ꯁꯥꯟꯅꯔꯣꯏ ꯑꯃ ꯅꯪꯅ ꯑꯣꯏꯔꯛꯂꯗꯤ ꯅꯩꯅꯤ꯫,ꯀꯩ ꯒꯨꯝꯕ    ꯃꯤ ꯜ ꯈꯥ    ꯁꯤꯡꯒꯨꯝꯕ    ꯈ꯭ꯋꯥꯏꯗꯒꯤ    ꯐꯕ    ꯁꯥꯟꯅꯔꯣꯏ    ꯑꯃ    ꯅꯪ ꯅ    ꯑꯣꯏꯔꯛ ꯂ ꯗꯤ    ꯅꯩ ꯅꯤ꯫ ,53,17
3086,"ꯍꯦꯂꯣ, ꯃꯁꯤ ꯖꯦꯄꯨꯔ ꯁꯤꯇꯤ ꯄꯦꯂꯦꯁ ꯑꯣꯏꯕꯤꯔꯕ꯭ꯔ","ꯍꯦ ꯂꯣ ,    ꯃꯁꯤ    ꯖꯦ ꯄꯨꯔ    ꯁꯤꯇꯤ    ꯄꯦ ꯂꯦꯁ    ꯑꯣꯏ ꯕꯤ ꯔꯕ ꯭ꯔ",31,13
3087,"ꯑꯍꯣꯏ, ꯑꯗꯣꯝꯒꯤ ꯀꯔꯤ ꯃꯇꯦꯡ ꯄꯥꯡꯖꯔꯛꯎꯒꯦ","ꯑꯍ ꯣꯏ ,    ꯑꯗꯣꯝꯒꯤ    ꯀꯔꯤ    ꯃꯇꯦꯡ    ꯄꯥꯡ ꯖ ꯔꯛ ꯎ ꯒꯦ ",27,11
3088,ꯑꯩꯍꯥꯛ ꯕ꯭ꯔꯥꯟ ꯕꯦꯔꯥꯗꯒꯤ ꯀꯣꯜ ꯇꯧꯖꯔꯛꯄꯅꯤ꯫,ꯑꯩꯍꯥꯛ   ꯕ꯭ꯔ ꯥꯟ    ꯕꯦ ꯔꯥ ꯗꯒꯤ    ꯀꯣꯜ    ꯇꯧ ꯖ ꯔꯛꯄ ꯅꯤ꯫ ,29,11
3089,ꯑꯩꯈꯣꯏ ꯆꯦꯟꯅꯥꯏꯗ ꯕꯦꯖ ꯇꯧꯕ ꯏꯟꯇꯔꯅꯦꯁꯅꯦꯜ ꯑꯣꯏꯕ ꯀꯦꯃꯧꯕꯒꯤ ꯕ꯭ꯔꯥꯟ ꯑꯃꯅꯤ꯫,ꯑꯩꯈ ꯣꯏ    ꯆꯦꯟ ꯅꯥꯏꯗ    ꯕꯦ ꯖ    ꯇꯧꯕ    ꯏꯟꯇꯔꯅꯦꯁꯅꯦꯜ    ꯑꯣꯏꯕ    ꯀꯦ ꯃ ꯧ ꯕꯒꯤ    ꯕ꯭ꯔ ꯥꯟ    ꯑꯃꯅꯤ꯫ ,49,16
3090,ꯐꯣꯇꯣꯁꯨꯠ ꯑꯃꯒꯤꯗꯃꯛ ꯀꯣꯅꯨꯡ ꯑꯗꯨꯗ ꯆꯪꯅꯕꯒꯤ ꯍꯥꯏꯖꯕꯒꯤꯗꯃꯛ ꯀꯣꯜ ꯇꯧꯖꯔꯛꯄꯅꯤ꯫,ꯐꯣꯇꯣ ꯁꯨ ꯠ    ꯑꯃꯒꯤꯗꯃꯛ    ꯀꯣꯅꯨꯡ    ꯑꯗꯨꯗ    ꯆꯪ ꯅꯕꯒꯤ    ꯍꯥꯏꯖ ꯕꯒꯤꯗꯃꯛ    ꯀꯣꯜ    ꯇꯧ ꯖ ꯔꯛꯄ ꯅꯤ꯫ ,51,15
3091,ꯑꯩꯈꯣꯏꯅ ꯑꯅꯧꯕ ꯄꯣꯊꯣꯛ ꯑꯃ ꯔꯤꯂꯤꯁ ꯇꯧꯖꯒꯗꯕꯅꯤ꯫,ꯑꯩꯈꯣꯏꯅ    ꯑꯅꯧꯕ    ꯄꯣ ꯊꯣꯛ    ꯑꯃ    ꯔꯤꯂꯤꯁ    ꯇꯧ ꯖ ꯒꯗꯕꯅꯤ꯫ ,31,9
3092,"ꯑꯣꯀꯦ, ꯃꯗꯨꯒꯤꯗꯃꯛ ꯁꯤꯜꯂꯥꯡꯕ ꯌꯥꯒꯅꯤ꯫","ꯑꯣ ꯀꯦ ,    ꯃꯗꯨ ꯒꯤꯗꯃꯛ    ꯁꯤꯜꯂ ꯥꯡꯕ    ꯌꯥꯒꯅꯤ꯫ ",26,8
3093,"ꯆꯥꯟꯕꯤꯗꯨꯅ, ꯑꯗꯣꯝꯒꯤ ꯃꯤꯡ ꯈꯪꯖꯕ ꯌꯥꯒꯗ꯭ꯔ","ꯆꯥꯟ ꯕꯤ ꯗꯨꯅ,    ꯑꯗꯣꯝꯒꯤ    ꯃꯤꯡ    ꯈꯪ ꯖꯕ    ꯌꯥ ꯒ ꯗ꯭ꯔ ",28,10
3094,ꯑꯅꯟꯊꯅꯤ꯫ ꯑꯗꯣꯝꯅ ꯁꯛꯇꯥꯛ ꯆꯦ ꯈꯔꯥ ꯗꯔꯀꯥꯔ ꯑꯣꯏꯕꯤꯒꯗ꯭ꯔ,ꯑꯅ ꯟ ꯊ ꯅꯤ꯫    ꯑꯗꯣꯝꯅ    ꯁꯛꯇ ꯥꯛ    ꯆꯦ    ꯈꯔꯥ    ꯗꯔ ꯀꯥꯔ    ꯑꯣꯏ ꯕꯤ ꯒ ꯗ꯭ꯔ ,36,15
3095,ꯑꯩꯈꯣꯏ ꯆꯦ-ꯆꯥꯡ ꯈꯔ ꯗꯔꯀꯥꯔ ꯑꯣꯏꯖꯒꯅꯤ꯫,ꯑꯩꯈ ꯣꯏ    ꯆꯦ - ꯆꯥꯡ    ꯈꯔ    ꯗꯔ ꯀꯥꯔ    ꯑꯣꯏ ꯖ ꯒꯅꯤ꯫ ,26,11
3096,"ꯑꯍꯥꯟꯕꯗ, ꯀꯝꯄꯅꯤ ꯑꯗꯨ ꯂꯩ ꯍꯥꯏꯅ ꯇꯥꯛꯄ ꯕꯦꯂꯤꯗ ꯄ꯭ꯔꯨꯐ ꯑꯃ꯫","ꯑꯍꯥꯟ ꯕꯗ,    ꯀꯝꯄꯅꯤ    ꯑꯗꯨ    ꯂꯩ    ꯍꯥꯏꯅ    ꯇꯥꯛꯄ    ꯕꯦ ꯂꯤꯗ    ꯄ꯭ꯔ ꯨ ꯐ    ꯑꯃ ꯫ ",38,14
3097,"ꯑꯅꯤꯁꯨꯕꯗ, ꯌꯥꯎꯒꯗꯧꯔꯤꯕ ꯃꯤꯑꯣꯏ ꯄꯨꯝꯕꯒꯤ ꯂꯤꯁꯠ ꯑꯃ, ꯃꯈꯣꯏꯒꯤ ꯁꯛꯇꯥꯛꯆꯦꯒ ꯂꯣꯏꯅꯅꯥ꯫","ꯑꯅꯤꯁꯨ ꯕꯗ,    ꯌꯥꯎ ꯒꯗꯧ ꯔꯤꯕ    ꯃꯤꯑꯣꯏ    ꯄꯨꯝꯕꯒꯤ    ꯂꯤꯁꯠ    ꯑꯃ,    ꯃꯈꯣꯏꯒꯤ    ꯁꯛꯇ ꯥꯛ ꯆꯦ ꯒ    ꯂꯣꯏꯅ ꯅꯥ ꯫ ",56,17
3098,ꯑꯃꯗꯤ ꯏꯟ ꯆꯥꯔꯖ ꯑꯣꯏꯔꯤꯕ ꯃꯤꯑꯣꯏ ꯑꯗꯨꯒꯤ ꯁꯛꯇꯥꯛꯄ ꯈꯨꯗꯝ꯫,ꯑꯃꯗꯤ    ꯏꯟ    ꯆꯥꯔ ꯖ    ꯑꯣꯏꯔꯤꯕ    ꯃꯤꯑꯣꯏ    ꯑꯗꯨꯒꯤ    ꯁꯛꯇ ꯥꯛ ꯄ    ꯈꯨꯗ ꯝ ꯫ ,37,13
3099,ꯆꯦ-ꯆꯥꯡꯁꯤꯡ ꯑꯁꯤ ꯑꯗꯣꯝꯗ ꯃꯦꯜ ꯇꯧꯖꯔꯛꯄ ꯌꯥꯒꯗ꯭ꯔ,ꯆꯦ - ꯆꯥꯡ ꯁꯤꯡ    ꯑꯁꯤ    ꯑꯗꯣ ꯝꯗ    ꯃꯦꯜ    ꯇꯧ ꯖ ꯔꯛꯄ    ꯌꯥ ꯒ ꯗ꯭ꯔ ,32,14
3100,"ꯑꯍꯣꯏ, ꯑꯗꯨꯕꯨ ꯑꯩꯈꯣꯏꯅ ꯁꯨꯠ ꯑꯗꯨꯒꯤ ꯅꯨꯃꯤꯠꯇ ꯑꯥꯏꯗꯦꯟꯇꯤꯇꯤ ꯄ꯭ꯔꯨꯐ ꯌꯦꯡꯕ ꯃꯊꯧ ꯇꯥꯒꯅꯤ꯫","ꯑꯍ ꯣꯏ ,    ꯑꯗꯨꯕꯨ    ꯑꯩꯈꯣꯏꯅ    ꯁꯨ ꯠ    ꯑꯗꯨꯒꯤ    ꯅꯨꯃꯤꯠꯇ    ꯑꯥꯏ ꯗꯦꯟ ꯇꯤ ꯇꯤ    ꯄ꯭ꯔ ꯨ ꯐ    ꯌꯦꯡꯕ    ꯃꯊꯧ    ꯇꯥ ꯒꯅꯤ꯫ ",58,20
3101,"ꯐꯅꯤ, ꯑꯩꯍꯥꯛ ꯚꯥꯞ ꯇꯥꯖꯩ꯫","ꯐ ꯅꯤ,    ꯑꯩꯍꯥꯛ   ꯚꯥ ꯞ    ꯇꯥ ꯖꯩ ꯫ ",17,8
3102,ꯆꯥꯔꯖꯁꯤꯡ ꯑꯃꯗꯤ ꯐꯤꯁꯤꯡ ꯀꯌꯥ ꯀꯌꯥ ꯑꯣꯏꯕꯤꯕꯒꯦ,ꯆꯥꯔ ꯖꯁꯤꯡ    ꯑꯃꯗꯤ    ꯐꯤ ꯁꯤꯡ    ꯀꯌꯥ    ꯀꯌꯥ    ꯑꯣꯏ ꯕꯤ ꯕꯒꯦ ,30,10
3103,ꯄꯦꯀꯦꯖꯇꯨꯒꯤ ꯃꯇꯨꯡ ꯏꯟꯅ ꯚꯥꯔꯠ ꯃꯆꯥꯁꯤꯡ ꯅꯠꯇ꯭ꯔꯒ ꯂꯝꯁꯤꯗ ꯄꯣꯛꯄ ꯃꯤꯑꯣꯏꯁꯤꯡꯒꯤ ꯐꯤꯁꯤꯡ ꯑꯁꯤ ꯂꯨꯄꯥ ꯲꯰꯰ ꯅꯠꯇ꯭ꯔꯒ ꯳꯰꯰ ꯑꯣꯏꯒꯅꯤ꯫,ꯄꯦ ꯀꯦ ꯖ ꯇꯨ ꯒꯤ    ꯃꯇꯨꯡ    ꯏꯟꯅ    ꯚꯥꯔꯠ    ꯃꯆꯥ ꯁꯤꯡ    ꯅꯠꯇ꯭ꯔꯒ    ꯂꯝ ꯁꯤꯗ    ꯄꯣꯛꯄ    ꯃꯤꯑꯣꯏꯁꯤꯡꯒꯤ    ꯐꯤ ꯁꯤꯡ    ꯑꯁꯤ    ꯂꯨꯄꯥ    ꯲꯰꯰    ꯅꯠꯇ꯭ꯔꯒ    ꯳ ꯰꯰    ꯑꯣꯏꯒꯅꯤ꯫ ,82,24
3104,ꯃ꯭ꯌꯨꯖꯤꯌꯝ ꯄꯦꯀꯦꯖꯇ ꯀꯣꯅꯨꯡ ꯑꯁꯤꯒꯤ ꯀꯣꯔꯠ ꯑꯃꯗꯤ ꯒꯦꯂꯔꯤ ꯄꯨꯝꯅꯃꯛ ꯑꯗꯨꯒ ꯇ꯭ꯔꯥꯏꯄꯣꯗ ꯌꯥꯎꯗꯕ ꯀꯦꯃꯦꯔꯥꯒ ꯌꯥꯎꯋꯤ꯫,ꯃ꯭ꯌꯨꯖꯤ ꯌꯝ    ꯄꯦ ꯀꯦ ꯖꯇ    ꯀꯣꯅꯨꯡ    ꯑꯁꯤꯒꯤ    ꯀꯣꯔꯠ    ꯑꯃꯗꯤ    ꯒꯦ ꯂ ꯔꯤ    ꯄꯨꯝꯅꯃꯛ    ꯑꯗꯨꯒ    ꯇ꯭ꯔꯥꯏ ꯄꯣ ꯗ    ꯌꯥꯎꯗꯕ    ꯀꯦꯃꯦ ꯔꯥ ꯒ    ꯌꯥꯎꯋꯤ꯫ ,73,22
3105,ꯀꯝꯄꯣꯖꯤꯠ ꯄꯦꯀꯦꯖꯇ ꯖꯦꯒꯔꯍ ꯑꯃꯗꯤ ꯔꯣꯌꯦꯜ ꯁꯦꯟꯇꯣꯇꯥꯞꯁꯤꯡꯒ ꯂꯣꯏꯅꯅ ꯃꯗꯨ ꯌꯥꯎꯋꯤ꯫,ꯀꯝ ꯄꯣꯖꯤ ꯠ    ꯄꯦ ꯀꯦ ꯖꯇ    ꯖꯦ ꯒꯔ ꯍ    ꯑꯃꯗꯤ    ꯔꯣ ꯌꯦꯜ    ꯁꯦꯟ ꯇꯣ ꯇꯥ ꯞ ꯁꯤꯡꯒ    ꯂꯣꯏꯅꯅ    ꯃꯗꯨ    ꯌꯥꯎꯋꯤ꯫ ,53,20
3106,ꯃꯄꯥꯟ ꯂꯩꯕꯥꯛꯀꯤ ꯃꯤꯑꯣꯏꯁꯤꯡꯗ ꯀꯝꯄꯣꯖꯤꯠ ꯄꯦꯀꯦꯖꯀꯤꯗꯃꯛ ꯂꯨꯄꯥ ꯷꯰꯰ ꯆꯥꯔꯖ ꯇꯧꯒꯅꯤ꯫,ꯃꯄꯥꯟ    ꯂꯩꯕꯥꯛꯀꯤ    ꯃꯤꯑꯣꯏꯁꯤꯡꯗ    ꯀꯝ ꯄꯣꯖꯤ ꯠ    ꯄꯦ ꯀꯦ ꯖ ꯀꯤꯗꯃꯛ    ꯂꯨꯄꯥ    ꯷ ꯰꯰    ꯆꯥꯔ ꯖ    ꯇꯧ ꯒꯅꯤ꯫ ,54,17
3107,ꯀꯣꯅꯨꯡ ꯑꯗꯨ ꯅꯨꯃꯤꯗꯥꯡꯗ ꯑꯩꯈꯣꯏ ꯆꯪꯕ ꯌꯥꯒꯗ꯭ꯔ,ꯀꯣꯅꯨꯡ    ꯑꯗꯨ    ꯅꯨꯃꯤ ꯗ ꯥꯡꯗ    ꯑꯩꯈ ꯣꯏ    ꯆꯪꯕ    ꯌꯥ ꯒ ꯗ꯭ꯔ ,30,11
3108,"ꯌꯥꯒꯅꯤ, ꯃꯗꯨ ꯑꯇꯣꯞꯄ ꯄꯦꯀꯦꯖꯅꯤ꯫","ꯌꯥ ꯒꯅꯤ,    ꯃꯗꯨ    ꯑꯇꯣꯞꯄ    ꯄꯦ ꯀꯦ ꯖ ꯅꯤ꯫ ",22,8
3109,ꯃꯗꯨꯅ ꯑꯗꯣꯝꯗ ꯚꯥꯔꯠ ꯃꯆꯥꯒꯤꯅ ꯂꯨꯄꯥ ꯵꯰꯰ ꯑꯗꯨꯒ ꯃꯄꯥꯟ ꯂꯩꯕꯥꯛꯀꯤ ꯃꯆꯥꯒꯤꯅ ꯂꯨꯄꯥ ꯱꯰꯰꯰ ꯇꯤꯡꯒꯅꯤ꯫,ꯃꯗꯨꯅ    ꯑꯗꯣ ꯝꯗ    ꯚꯥꯔꯠ    ꯃꯆꯥ ꯒꯤ ꯅ    ꯂꯨꯄꯥ    ꯵꯰꯰    ꯑꯗꯨꯒ    ꯃꯄꯥꯟ    ꯂꯩꯕꯥꯛꯀꯤ    ꯃꯆꯥ ꯒꯤ ꯅ    ꯂꯨꯄꯥ    ꯱꯰꯰ ꯰    ꯇꯤꯡ ꯒꯅꯤ꯫ ,62,20
3110,ꯑꯗꯣꯝꯗ ꯇꯣꯡꯉꯥꯟꯅ ꯆꯪꯐꯝꯒꯤ ꯀꯥꯟꯅꯕ ꯄꯤꯕ ꯁ꯭ꯄꯦꯁꯤꯑꯦꯜ ꯇꯤꯀꯦꯠꯁꯤꯡꯁꯨ ꯂꯩꯖꯩ꯫,ꯑꯗꯣ ꯝꯗ    ꯇꯣꯡ ꯉ ꯥꯟꯅ    ꯆꯪ ꯐꯝꯒꯤ    ꯀꯥꯟꯅꯕ    ꯄꯤꯕ    ꯁ꯭ꯄꯦ ꯁꯤꯑꯦꯜ    ꯇꯤ ꯀꯦꯠ ꯁꯤꯡꯁꯨ    ꯂꯩ ꯖꯩ ꯫ ,50,17
3111,ꯍꯦꯟꯅ ꯑꯀꯨꯞꯄ ꯃꯔꯣꯜꯁꯤꯡꯒꯤꯗꯃꯛꯇ ꯑꯗꯣꯝꯅ ꯑꯩꯈꯣꯏꯒꯤ ꯋꯦꯕꯁꯥꯏꯠ ꯆꯦꯛ ꯇꯧꯕꯤꯕ ꯌꯥꯒꯅꯤ꯫,ꯍꯦꯟꯅ    ꯑꯀꯨꯞꯄ    ꯃꯔꯣ ꯜ ꯁꯤꯡꯒꯤꯗꯃꯛꯇ    ꯑꯗꯣꯝꯅ    ꯑꯩꯈ ꯣꯏꯒꯤ    ꯋꯦꯕꯁꯥꯏꯠ    ꯆꯦꯛ    ꯇꯧ ꯕꯤꯕ    ꯌꯥꯒꯅꯤ꯫ ,55,13
3112,ꯀꯅꯥꯒꯨꯝꯕ ꯑꯃꯅ ꯃꯁꯤꯒꯤ ꯆꯌꯣꯜ ꯑꯁꯤꯗ ꯂꯥꯛꯂꯒ ꯕꯨꯀꯤꯡ ꯇꯧꯖꯕ ꯌꯥꯒꯗ꯭ꯔ,ꯀꯅꯥꯒꯨꯝꯕ    ꯑꯃꯅ    ꯃꯁꯤꯒꯤ    ꯆꯌꯣꯜ    ꯑꯁꯤꯗ    ꯂꯥꯛ ꯂꯒ    ꯕꯨ ꯀꯤꯡ    ꯇꯧ ꯖꯕ    ꯌꯥ ꯒ ꯗ꯭ꯔ ,43,14
3113,"ꯑꯍꯣꯏ, ꯌꯥꯖꯒꯅꯤ꯫","ꯑꯍ ꯣꯏ ,    ꯌꯥ ꯖ ꯒꯅꯤ꯫ ",12,6
3114,ꯀꯣꯜ ꯇꯧꯕꯤꯔꯛꯄꯒꯤꯗꯃꯛ ꯑꯗꯣꯝꯕꯨ ꯊꯥꯒꯠꯆꯔꯤ꯫,ꯀꯣꯜ    ꯇꯧ ꯕꯤ ꯔꯛꯄ ꯒꯤꯗꯃꯛ    ꯑꯗꯣ ꯝꯕꯨ    ꯊꯥꯒꯠ ꯆ ꯔꯤ꯫ ,29,10
3115,"ꯅꯣꯂꯨꯛꯆꯔꯤ ꯕꯤꯁꯅꯨ, ꯍꯧꯖꯤꯛꯀꯥꯟꯁꯦ ꯀꯔꯝ ꯇꯧꯔꯤꯒꯦ","ꯅꯣ ꯂꯨ ꯛ ꯆ ꯔꯤ    ꯕꯤꯁ ꯅꯨ ,    ꯍꯧꯖꯤꯛ ꯀꯥꯟ ꯁꯦ    ꯀꯔ ꯝ    ꯇꯧ ꯔꯤ ꯒꯦ ",33,16
3116,ꯅꯍꯥꯛ ꯏꯀꯨꯏ ꯀꯨꯏꯗ꯭ꯔꯤꯉꯥꯏꯗ ꯕꯥꯏꯛ ꯊꯧꯕ ꯑꯃ ꯆꯠꯂꯨꯔꯕꯣ,ꯅꯍꯥꯛ    ꯏ ꯀꯨ ꯏ    ꯀꯨꯏ ꯗ꯭ꯔꯤ ꯉꯥꯏ ꯗ    ꯕꯥꯏ ꯛ    ꯊꯧꯕ    ꯑꯃ    ꯆꯠ ꯂꯨ ꯔ ꯕꯣ,35,16
3117,ꯑꯩꯅ ꯅꯍꯥꯛꯀꯤ ꯐꯣꯇꯣ ꯈꯔ ꯎꯔꯝꯃꯤ꯫,ꯑꯩ ꯅ    ꯅꯍꯥꯛꯀꯤ    ꯐꯣꯇꯣ    ꯈꯔ    ꯎ ꯔꯝꯃꯤ꯫ ,21,7
3118,"ꯆꯠꯇꯦ, ꯃꯗꯨ ꯀꯨꯏꯔꯕꯒꯤ ꯃꯃꯥꯡꯒꯤ ꯑꯇꯣꯞꯄ ꯕꯥꯏꯛ ꯊꯧꯔꯨꯕ ꯑꯃꯒꯤꯅꯤ꯫","ꯆꯠ ꯇꯦ ,    ꯃꯗꯨ    ꯀꯨꯏ ꯔ ꯕꯒꯤ    ꯃꯃꯥꯡꯒꯤ    ꯑꯇꯣꯞꯄ    ꯕꯥꯏ ꯛ    ꯊꯧ ꯔꯨ ꯕ    ꯑꯃ ꯒꯤ ꯅꯤ꯫ ",42,17
3119,"ꯑꯩꯒꯤ ꯌꯥꯝꯅ ꯆꯤꯟꯕ ꯆꯩꯌꯣꯜ ꯑꯃ ꯑꯣꯏꯈ꯭ꯔꯦ, ꯑꯗꯨꯅ ꯕꯥꯏꯛ ꯊꯧꯅꯕ ꯃꯇꯝ ꯀꯥꯏꯊꯣꯛꯄ ꯉꯝꯈꯤꯗꯔꯦ꯫","ꯑ ꯩꯒꯤ    ꯌꯥꯝꯅ    ꯆꯤꯟꯕ    ꯆꯩ ꯌꯣ ꯜ    ꯑꯃ    ꯑꯣꯏ ꯈ꯭ꯔꯦ,    ꯑꯗꯨꯅ    ꯕꯥꯏ ꯛ    ꯊꯧ ꯅꯕ    ꯃꯇꯝ    ꯀꯥꯏ ꯊꯣꯛꯄ    ꯉꯝ ꯈꯤ ꯗ ꯔꯦ꯫ ",57,22
3120,ꯑꯗꯨꯕꯨ ꯑꯩꯍꯛ ꯍꯟꯗꯛꯀꯤ ꯆꯩꯌꯣꯜꯒꯤ ꯑꯔꯣꯏꯕꯗ ꯆꯠꯀꯅꯤ꯫,ꯑꯗꯨꯕꯨ    ꯑꯩ ꯍꯛ    ꯍꯟꯗ ꯛꯀꯤ    ꯆꯩ ꯌꯣ ꯜꯒꯤ    ꯑꯔꯣꯏꯕꯗ    ꯆꯠ ꯀꯅꯤ꯫ ,34,11
3121,ꯅꯪꯒꯤꯗꯤ ꯀꯝꯗꯧꯔꯤꯒꯦ; ꯅꯍꯥꯛ ꯅꯍꯥꯛꯀꯤ ꯏꯁꯩ ꯅꯣꯡꯃꯥꯏ ꯑꯣꯔꯥꯏꯕꯗꯨ ꯇꯧꯔꯤꯕ꯭ꯔꯣ,ꯅꯪ ꯒꯤ ꯗꯤ    ꯀꯝ ꯗꯧ ꯔꯤ ꯒꯦ ;    ꯅꯍꯥꯛ    ꯅꯍꯥꯛꯀꯤ    ꯏꯁꯩ    ꯅꯣꯡ ꯃꯥꯏ    ꯑꯣꯔ ꯥꯏ ꯕꯗꯨ    ꯇꯧ ꯔꯤ ꯕ꯭ꯔꯣ,50,19
3122,"ꯑꯍꯣꯏ, ꯑꯩ ꯃꯇꯝ ꯑꯍꯥꯡꯕ ꯍꯦꯛ ꯐꯪꯉꯛꯄꯗ ꯃꯗꯨ ꯇꯧꯔꯤ꯫","ꯑꯍ ꯣꯏ ,    ꯑ ꯩ    ꯃꯇꯝ    ꯑꯍꯥꯡꯕ    ꯍꯦꯛ    ꯐꯪ ꯉ ꯛꯄꯗ    ꯃꯗꯨ    ꯇꯧꯔꯤ꯫ ",32,13
3123,"ꯑꯩꯒꯤꯁꯨ ꯅꯨꯃꯤꯠꯁꯤꯡꯁꯦ ꯌꯥꯝꯅ ꯆꯤꯜꯂꯦ, ꯈꯪꯕ꯭ꯔꯥ ꯫","ꯑꯩ ꯒꯤꯁꯨ    ꯅꯨꯃꯤ ꯠ ꯁꯤꯡ ꯁꯦ    ꯌꯥꯝꯅ    ꯆꯤ ꯜ ꯂꯦ ,    ꯈꯪ ꯕ꯭ꯔꯥ    ꯫ ",33,14
3124,ꯑꯩ ꯅꯨꯃꯤꯠ ꯈꯨꯗꯤꯡꯒꯤ ꯔꯤꯌꯥꯖ ꯇꯧꯅꯕ ꯁꯤꯟꯗꯣꯛꯄ ꯉꯝꯗꯦ꯫,ꯑ ꯩ    ꯅꯨꯃꯤꯠ    ꯈꯨꯗꯤꯡꯒꯤ    ꯔꯤꯌꯥ ꯖ    ꯇꯧꯅꯕ    ꯁꯤꯟ ꯗꯣꯛꯄ    ꯉꯝ ꯗꯦ꯫ ,35,11
3125,"ꯐꯥꯔꯦꯁꯦ, ꯅꯍꯥꯛ ꯍꯟꯗꯛꯀꯤ ꯆꯩꯌꯣꯜꯒꯤ ꯑꯔꯣꯏꯕꯁꯤ ꯁꯪꯕ꯭ꯔꯣ","ꯐꯥꯔ ꯦꯁ ꯦ ,    ꯅꯍꯥꯛ    ꯍꯟꯗ ꯛꯀꯤ    ꯆꯩ ꯌꯣ ꯜꯒꯤ    ꯑꯔꯣꯏ ꯕ ꯁꯤ    ꯁꯪ ꯕ꯭ꯔꯣ",37,15
3126,ꯅꯍꯥꯛ ꯕꯥꯏꯛ ꯊꯧꯕ ꯆꯠꯅꯕ ꯃꯇꯝ ꯀꯔꯝ ꯍꯥꯏꯅ ꯁꯤꯡꯗꯣꯛꯀꯗꯣꯏꯅꯣ,ꯅꯍꯥꯛ    ꯕꯥꯏ ꯛ    ꯊꯧꯕ    ꯆꯠꯅꯕ    ꯃꯇꯝ    ꯀꯔ ꯝ    ꯍꯥꯏꯅ    ꯁꯤꯡ ꯗꯣꯛ ꯀꯗ ꯣꯏ ꯅꯣ ,37,14
3127,ꯑꯩ ꯇꯥꯁꯦꯡꯅ ꯅꯨꯃꯤꯠ ꯈꯔꯅꯤ ꯁꯦ ꯊꯕꯛ ꯍꯦꯟꯅ ꯇꯧꯋꯦ ꯑꯃꯁꯨꯡ ꯑꯩꯒꯤ ꯇꯧꯐꯝ ꯊꯣꯛꯄ ꯃꯁꯤꯡ ꯑꯗꯨ ꯂꯣꯏꯁꯤꯟꯈ꯭ꯔꯦ꯫,ꯑ ꯩ    ꯇꯥ ꯁꯦꯡꯅ    ꯅꯨꯃꯤꯠ    ꯈꯔ ꯅꯤ    ꯁꯦ    ꯊꯕꯛ    ꯍꯦꯟꯅ    ꯇꯧ ꯋꯦ    ꯑꯃꯁꯨꯡ    ꯑ ꯩꯒꯤ    ꯇꯧ ꯐꯝ    ꯊꯣꯛꯄ    ꯃꯁꯤꯡ    ꯑꯗꯨ    ꯂꯣꯏꯁꯤꯟ ꯈ꯭ꯔꯦ꯫ ,65,22
3128,ꯑꯗꯨꯅ ꯍꯟꯗꯛ ꯆꯩꯌꯣꯜ ꯂꯣꯏꯁꯤꯜꯂꯛꯄ ꯑꯁꯤ ꯑꯩ ꯃꯇꯝ ꯁꯪꯉꯦ ꯫,ꯑꯗꯨꯅ    ꯍꯟꯗ ꯛ    ꯆꯩ ꯌꯣ ꯜ    ꯂꯣꯏ ꯁꯤꯜꯂꯛꯄ    ꯑꯁꯤ    ꯑ ꯩ    ꯃꯇꯝ    ꯁꯪ ꯉ ꯦ    ꯫ ,35,16
3129,ꯑꯩꯍꯛ ꯋꯥꯈꯜ ꯍꯛꯆꯥꯡ ꯇꯦꯛꯈꯠꯅꯕ ꯃꯇꯝ ꯌꯥꯝꯅ ꯊꯤꯅ ꯃꯊꯧ ꯇꯥꯔꯦ꯫,ꯑꯩ ꯍꯛ    ꯋꯥꯈꯜ    ꯍꯛꯆꯥꯡ    ꯇꯦꯛ ꯈꯠ ꯅꯕ    ꯃꯇꯝ    ꯌꯥꯝꯅ    ꯊꯤꯅ    ꯃꯊꯧ    ꯇꯥꯔ ꯦ ꯫ ,38,14
3130,"ꯅꯍꯥꯛꯅ ꯃꯇꯝ ꯂꯦꯟꯕꯗ ꯇꯧꯕ ꯄꯥꯝꯕ ꯊꯕꯛ ꯑꯗꯨ ꯈꯛꯇ ꯇꯧꯔꯒ ꯃꯗꯨ ꯇꯧꯕ ꯌꯥꯏ, ꯅꯠꯇ꯭ꯔ","ꯅꯍꯥꯛꯅ    ꯃꯇꯝ    ꯂꯦꯟ ꯕꯗ    ꯇꯧꯕ    ꯄꯥꯝꯕ    ꯊꯕꯛ    ꯑꯗꯨ    ꯈꯛꯇ    ꯇꯧꯔꯒ    ꯃꯗꯨ    ꯇꯧꯕ    ꯌꯥꯏ,    ꯅꯠꯇ꯭ꯔ",48,14
3131,"ꯑꯍꯣꯏ, ꯅꯍꯥꯛ ꯆꯨꯝꯃꯦ꯫","ꯑꯍ ꯣꯏ ,    ꯅꯍꯥꯛ    ꯆꯨꯝ ꯃꯦ ꯫ ",15,7
3132,ꯑꯩꯁꯨ ꯏꯁꯥꯒꯤꯗꯃꯛ ꯃꯇꯝ ꯈꯔ ꯄꯥꯝꯃꯦ꯫,ꯑꯩ ꯁꯨ    ꯏ ꯁꯥ ꯒꯤꯗꯃꯛ    ꯃꯇꯝ    ꯈꯔ    ꯄꯥꯝ ꯃꯦ ꯫ ,23,10
3133,ꯑꯩꯁꯨ ꯍꯟꯗꯛꯀꯤ ꯏꯔꯥꯏ ꯑꯁꯤꯗ ꯏꯁꯩ ꯁꯛꯄꯗ ꯑꯍꯦꯟꯕ ꯇꯥꯟꯅꯕꯒꯤ ꯊꯧꯔꯝ ꯑꯃꯗ ꯁꯥꯔꯨꯛ ꯌꯥꯒꯦ ꯍꯥꯏꯅ ꯈꯜꯂꯤꯅꯤ ꯫,ꯑꯩ ꯁꯨ    ꯍꯟꯗ ꯛꯀꯤ    ꯏꯔ ꯥꯏ    ꯑꯁꯤꯗ    ꯏꯁꯩ    ꯁꯛ ꯄꯗ    ꯑꯍꯦꯟꯕ    ꯇꯥꯟ ꯅꯕꯒꯤ    ꯊꯧꯔꯝ    ꯑꯃꯗ    ꯁꯥꯔ ꯨꯛ    ꯌꯥ ꯒꯦ    ꯍꯥꯏꯅ    ꯈ ꯜꯂꯤ ꯅꯤ    ꯫ ,64,24
3134,ꯃꯁꯤꯅ ꯑꯩꯍꯥꯛꯄꯨ ꯑꯩꯒꯤ ꯈꯣꯏꯗꯕ ꯊꯕꯛ ꯑꯗꯨꯗ ꯑꯃꯨꯛ ꯍꯟꯅ ꯁꯝꯅꯕ ꯉꯝꯍꯟꯒꯅꯤ ꯍꯥꯏꯅ ꯑꯁꯥ ꯇꯧꯋꯤ꯫,ꯃꯁꯤꯅ    ꯑꯩꯍꯥꯛ ꯄꯨ    ꯑ ꯩꯒꯤ    ꯈꯣꯏ ꯗꯕ    ꯊꯕꯛ    ꯑꯗꯨꯗ    ꯑꯃꯨꯛ    ꯍꯟꯅ    ꯁꯝꯅꯕ    ꯉꯝ ꯍꯟꯒꯅꯤ    ꯍꯥꯏꯅ    ꯑ ꯁꯥ    ꯇꯧꯋꯤ꯫ ,57,18
3135,ꯑꯁꯨꯛ ꯆꯤꯟꯕ ꯃꯇꯝ ꯑꯁꯤꯗ ꯅꯍꯥꯛꯅ ꯅꯍꯥꯛꯀꯤ ꯃꯇꯝ ꯂꯦꯟꯕꯗ ꯇꯧꯕ ꯄꯥꯝꯕ ꯊꯕꯛ ꯑꯗꯨ ꯇꯧꯅꯕ ꯀꯔꯝꯅ ꯃꯇꯝ ꯀꯥꯏꯊꯣꯛꯄꯒꯦ,ꯑꯁꯨ ꯛ    ꯆꯤꯟꯕ    ꯃꯇꯝ    ꯑꯁꯤꯗ    ꯅꯍꯥꯛꯅ    ꯅꯍꯥꯛꯀꯤ    ꯃꯇꯝ    ꯂꯦꯟ ꯕꯗ    ꯇꯧꯕ    ꯄꯥꯝꯕ    ꯊꯕꯛ    ꯑꯗꯨ    ꯇꯧꯅꯕ    ꯀꯔꯝꯅ    ꯃꯇꯝ    ꯀꯥꯏ ꯊꯣꯛ ꯄ ꯒꯦ ,67,21
3136,ꯑꯩꯍꯥꯛ ꯑꯌꯨꯛ ꯈꯨꯗꯤꯡꯒꯤ ꯑꯩꯒꯤ ꯊꯕꯛ ꯍꯧꯗ꯭ꯔꯤꯉꯥꯏꯗ ꯔꯤꯌꯥꯖ ꯇꯧꯅꯅꯕ ꯍꯣꯠꯅꯩ꯫,ꯑꯩꯍꯥꯛ   ꯑꯌꯨ ꯛ    ꯈꯨꯗꯤꯡꯒꯤ    ꯑ ꯩꯒꯤ    ꯊꯕꯛ    ꯍꯧ ꯗ꯭ꯔꯤ ꯉꯥꯏ ꯗ    ꯔꯤꯌꯥ ꯖ    ꯇꯧ ꯅꯅꯕ    ꯍꯣꯠ ꯅꯩ꯫ ,49,17
3137,ꯑꯃꯁꯨꯡ ꯑꯩꯍꯥꯛ ꯑꯩꯒꯤ ꯊꯕꯛ ꯑꯃꯇ ꯅꯝꯁꯜꯂꯒ ꯊꯝꯗꯅꯕ ꯍꯣꯠꯅꯩ꯫,ꯑꯃꯁꯨꯡ    ꯑꯩꯍꯥꯛ   ꯑ ꯩꯒꯤ    ꯊꯕꯛ    ꯑꯃ ꯇ    ꯅꯝ ꯁ ꯜꯂꯒ    ꯊꯝ ꯗꯅꯕ    ꯍꯣꯠ ꯅꯩ꯫ ,37,14
3138,ꯑꯁꯨꯝꯅ ꯑꯩꯍꯥꯛ ꯑꯩꯅ ꯄꯥꯝꯖꯕ ꯊꯕꯛ ꯇꯧꯕꯒꯤ ꯃꯇꯝ ꯈꯔ ꯐꯪꯅꯕ ꯉꯝꯅꯅꯕꯅꯤ꯫,ꯑꯁꯨꯝꯅ    ꯑꯩꯍꯥꯛ   ꯑꯩ ꯅ    ꯄꯥꯝꯖꯕ    ꯊꯕꯛ    ꯇꯧꯕꯒꯤ    ꯃꯇꯝ    ꯈꯔ    ꯐꯪꯅꯕ    ꯉꯝ ꯅ ꯅꯕ ꯅꯤ꯫ ,43,14
3139,"ꯃꯇꯧ ꯑꯁꯨꯝꯅ, ꯑꯩꯍꯥꯛ ꯑꯩꯒꯤ ꯆꯥꯌꯣꯜꯒꯤ ꯑꯔꯣꯏꯕ ꯅꯨꯃꯤꯠꯁꯤꯡꯗꯨ ꯏꯁꯩ ꯇꯥꯗꯨꯅ ꯑꯃꯁꯨꯡ ꯑꯣꯔꯥꯏꯗꯨꯅ ꯂꯦꯟꯕ ꯌꯥꯏ꯫","ꯃꯇꯧ    ꯑꯁꯨ ꯝ ꯅ,    ꯑꯩꯍꯥꯛ   ꯑ ꯩꯒꯤ    ꯆꯥ ꯌꯣ ꯜꯒꯤ    ꯑꯔꯣꯏꯕ    ꯅꯨꯃꯤ ꯠ ꯁꯤꯡꯗꯨ    ꯏꯁꯩ    ꯇꯥ ꯗꯨꯅ    ꯑꯃꯁꯨꯡ    ꯑꯣꯔ ꯥꯏ ꯗꯨꯅ    ꯂꯦꯟ ꯕ    ꯌꯥꯏ꯫ ",69,24
3140,ꯑꯩꯍꯥꯛꯁꯨ ꯃꯗꯨꯃꯛ ꯇꯧꯅꯕ ꯍꯣꯠꯅꯩ꯫,ꯑꯩꯍꯥꯛ ꯁꯨ    ꯃꯗꯨ ꯃꯛ    ꯇꯧꯅꯕ    ꯍꯣꯠ ꯅꯩ꯫ ,22,7
3141,ꯑꯗꯨꯕꯨ ꯍꯧꯈꯤꯕ ꯆꯩꯌꯣꯜ ꯑꯅꯤ ꯑꯁꯤ ꯌꯥꯝꯅ ꯍꯦꯟꯅ ꯆꯤꯟꯈ꯭ꯔꯦ ꯫,ꯑꯗꯨꯕꯨ    ꯍꯧꯈꯤꯕ    ꯆꯩ ꯌꯣ ꯜ    ꯑꯅꯤ    ꯑꯁꯤ    ꯌꯥꯝꯅ    ꯍꯦꯟꯅ    ꯆꯤꯟ ꯈ꯭ꯔꯦ    ꯫ ,37,12
3142,"ꯑꯗꯨꯝ ꯑꯣꯏꯅꯃꯛ, ꯑꯩꯍꯥꯛ ꯍꯟꯗꯛꯀꯤ ꯆꯩꯌꯣꯜꯒꯤ ꯑꯔꯣꯏꯕꯗꯗꯤ ꯇꯧꯕ ꯉꯝꯈꯤ꯫","ꯑꯗꯨꯝ    ꯑꯣꯏꯅꯃꯛ,    ꯑꯩꯍꯥꯛ   ꯍꯟꯗ ꯛꯀꯤ    ꯆꯩ ꯌꯣ ꯜꯒꯤ    ꯑꯔꯣꯏ ꯕ ꯗꯗꯤ    ꯇꯧꯕ    ꯉꯝꯈꯤ꯫ ",45,13
3143,ꯀꯔꯝꯕ ꯃꯈꯜꯒꯤ ꯏꯁꯩ ꯁꯛꯄꯒꯤ ꯑꯍꯦꯟꯕ ꯇꯥꯟꯅꯕꯗꯅꯣ ꯅꯍꯥꯛꯅ ꯁꯥꯔꯨꯛ ꯌꯥꯔꯤꯕꯁꯦ,ꯀꯔꯝꯕ    ꯃꯈꯜꯒꯤ    ꯏꯁꯩ    ꯁꯛ ꯄꯒꯤ    ꯑꯍꯦꯟꯕ    ꯇꯥꯟ ꯅꯕ ꯗ ꯅꯣ    ꯅꯍꯥꯛꯅ    ꯁꯥꯔ ꯨꯛ    ꯌꯥꯔꯤꯕ ꯁꯦ ,47,15
3144,ꯃꯁꯤ ꯂꯣꯏꯁꯪꯁꯤꯡꯒꯤ ꯃꯔꯛꯀꯤ ꯏꯁꯩ ꯁꯛꯄꯒꯤ ꯑꯍꯦꯟꯕ ꯇꯥꯟꯅꯕ ꯃꯈꯜ ꯑꯃꯅꯤ꯫,ꯃꯁꯤ    ꯂꯣꯏꯁꯪ ꯁꯤꯡꯒꯤ    ꯃꯔ ꯛꯀꯤ    ꯏꯁꯩ    ꯁꯛ ꯄꯒꯤ    ꯑꯍꯦꯟꯕ    ꯇꯥꯟ ꯅꯕ    ꯃꯈꯜ    ꯑꯃꯅꯤ꯫ ,44,13
3145,ꯃꯁꯤꯒꯤ ꯑꯍꯦꯟꯕ ꯇꯥꯟꯅꯕ ꯑꯁꯤꯗ ꯑꯩꯍꯛꯅ ꯑꯩꯍꯥꯛꯀꯤ ꯂꯣꯏꯁꯪꯒꯤ ꯃꯤꯍꯨꯠ ꯑꯣꯏꯗꯣꯏꯅꯤ꯫,ꯃꯁꯤꯒꯤ    ꯑꯍꯦꯟꯕ    ꯇꯥꯟ ꯅꯕ    ꯑꯁꯤꯗ    ꯑꯩ ꯍꯛ ꯅ    ꯑꯩꯍꯥꯛ ꯀꯤ    ꯂꯣꯏꯁꯪꯒꯤ    ꯃꯤꯍꯨꯠ    ꯑꯣꯏ ꯗ ꯣꯏ ꯅꯤ꯫ ,52,16
3146,ꯑꯩꯍꯥꯛ ꯃꯁꯤꯒꯤꯗꯃꯛꯇ ꯌꯥꯝꯅ ꯍꯔꯥꯎꯋꯤ꯫,ꯑꯩꯍꯥꯛ   ꯃꯁꯤ ꯒꯤꯗꯃꯛꯇ    ꯌꯥꯝꯅ    ꯍꯔꯥꯎ ꯋꯤ꯫ ,25,6
3147,"ꯃꯗꯨꯗꯤ ꯌꯥꯝꯅ ꯐꯩ, ꯅꯍꯥꯛ ꯃꯗꯨꯗ ꯁꯔꯨꯛ ꯌꯥꯒꯗꯧꯕꯅꯤ꯫","ꯃꯗꯨꯗꯤ    ꯌꯥꯝꯅ    ꯐ ꯩ ,    ꯅꯍꯥꯛ    ꯃꯗꯨꯗ    ꯁꯔꯨꯛ    ꯌꯥ ꯒꯗꯧ ꯕꯅꯤ꯫ ",33,11
3148,ꯑꯩꯍꯥꯛꯅ ꯅꯍꯥꯛꯄꯨ ꯈ꯭ꯋꯥꯏꯗꯒꯤ ꯐꯕ ꯑꯣꯏꯌꯨ ꯍꯥꯏꯖꯔꯤ꯫,ꯑꯩꯍꯥꯛ ꯅ    ꯅꯍꯥꯛꯄꯨ    ꯈ꯭ꯋꯥꯏꯗꯒꯤ    ꯐꯕ    ꯑꯣꯏ ꯌꯨ    ꯍꯥꯏꯖ ꯔꯤ꯫ ,34,9
3149,ꯌꯥꯝꯅ ꯊꯥꯒꯠꯆꯔꯤ꯫,ꯌꯥꯝꯅ    ꯊꯥꯒꯠ ꯆ ꯔꯤ꯫ ,12,4
3150,ꯅꯍꯥꯛꯁꯨ ꯇꯦꯛꯇ ꯀꯥꯏꯗꯕ ꯈꯣꯡꯆꯠ ꯑꯣꯏꯕꯤꯌꯨ꯫,ꯅꯍꯥꯛ ꯁꯨ    ꯇꯦ ꯛꯇ    ꯀꯥꯏ ꯗꯕ    ꯈꯣꯡꯆꯠ    ꯑꯣꯏ ꯕꯤꯌꯨ꯫ ,28,9
3151,"ꯊꯥꯒꯠꯆꯔꯤ, ꯂꯦꯂꯤꯅꯥ꯫","ꯊꯥꯒꯠ ꯆ ꯔꯤ,    ꯂꯦ ꯂꯤ ꯅꯥ ꯫ ",15,7
