sentence_id,original,tokenized,char_count,token_count
1,"బాహ్య రూపం అనేది సేవ చేసే వ్యక్తి తాలూకు బూట్లు, బట్టలు, టై, ఆభరణాలు, కేశాలంకరణ, అలంకరణ, గడియారం, సౌందర్య సాధనాలు,అత్తరు మొదలైనటువంటి వాటికి సంబంధించిన లక్షణాల సమాహారం","బా హ ్య    రూప ం    అనేది    సే వ    చేసే    వ్యక్తి    తాలూకు    బూ ట్లు,    బట్ట లు,    టై ,    ఆ భ రణ ాలు,    కేశ ాల ం కరణ ,    అలం కరణ ,    గ డియ ార ం,    సౌ ంద ర్య    సాధ నాలు , అ త్త రు    మొద లైన టువంటి    వా టికి    సంబంధించిన    లక్షణ ాల    సమా హార ం ",147,53
2,"మహారాష్ట్ర లోని ఔరంగాబాద్ జిల్లాలో నెలకొని ఉన్నఅజంతా, ఇరవై తొమ్మిది చైత్యా మరియు విహారా గుహలు కలిగి ఉంది, ఇవి క్రీ పూ ఒకటవ శతాబ్దం- క్రీ శ ఐదవ శతబ్దం మధ్య కాలపు శిల్పాలు మరియు చిత్రాలతో అలంకరించబడి ఉంటాయి","మహారాష్ట్ర    లోని    ఔరంగ ా బాద్    జిల్లాలో    నెలకొని    ఉన్న అ జంత ా,    ఇర వై    తొమ్మి ది    చై త్య ా    మరియు    వి హార ా    గుహలు    కలిగి    ఉంది,    ఇవి    క్ర ీ    ప ూ    ఒకట వ    శతాబ్ద ం -    క్ర ీ    శ    ఐ దవ    శ త బ్ద ం    మధ్య    కాల పు    శిల్ప ాలు    మరియు    చిత్ర ాలతో    అలం కరించ బడి    ఉంట ాయి ",175,57
3,"శరీరపు రంగు ఆవరణరేఖతో కలిసిపోయి, ఘనపరిమాణ భావం కలిగిస్తుంది","శరీ ర పు    రంగు    ఆ వర ణ రేఖ తో    కలి సి పోయ ి,    ఘ న పరి మా ణ    భావ ం    కలిగ ి స్తుంది ",53,23
4,"అశోకుడు శిల్పాలు, గొప్ప కట్టడాల కోసం రాతిని విస్తృతంగా ఉపయోగించడం మొదలుపెట్టాడు, కాగా అంతకు మునుపటి సంప్రదాయంలో చెక్క మరియు బంకమట్టిని ఉపయోగించేవారు","అశో కుడు    శి ల్ పాల ు,    గొప్ప    కట్ట డ ాల    కోసం    రా తిని    విస్తృతంగా    ఉపయోగ ించడం    మొదలు పెట్ట ాడు,    కా గా    అంత కు    మునుపటి    సంప్రదాయ ంలో    చె క్క    మరియు    బ ంక మట్ట ిని    ఉపయోగ ించే వారు ",132,36
5,"మహారాష్ట్రకు చెందిన ఈ రుచికరమైన, ప్రసిద్ధ వంటకాన్ని తయారు చేయడానికి బంగాళాదుంపలను మసాలాలతో కలిపి, శనగపిండిలో ముంచి నూనెలో బాగా వేయిస్తారు","మహారాష్ట్ర కు    చెందిన    ఈ    రు చిక ర మైన,    ప్రసిద్ధ    వంట కాన్ని    తయారు    చేయడానికి    బంగాళా దు ంప లను    మ స ాల ాలతో    కలి ప ి,    శ నగ పిం డి లో    ము ంచి    నూ నె లో    బాగా    వే యి స్త ారు ",122,39
6,"చెట్టినాడ్ వంట శైలి తమిళనాడు రాష్ట్రంలోని చెట్టినాడ్ ప్రాంతానికి చెందిన నాట్టుకోట్టై చెట్టియార్లు, లేదా నగరత్తార్లు అని వారిని వారు పిలుచుకొనే సముదాయానికి చెందిన వంట శైలి","చె ట్ట ిన ాడ్    వంట   శైలి    తమిళనాడు    రాష్ట్ర ంలోని    చె ట్ట ిన ాడ్    ప్రాంతానికి    చెందిన    నా ట్టు కో ట్ట ై    చె ట్ట ియ ార్ లు,    లేదా    నగర త్త ార్ లు    అని    వారిని    వారు    పిలు చు కొ నే    సముదాయ ానికి    చెందిన    వంట   శైలి ",151,42
7,"దాల్చినచెక్క భారతదేశానికి స్థానికమైనది, అలాగే దాని ఉపయోగాల పరిధి సువాసనా సాధకానికి సంబంధించడం నుండి ఔషధ సాధకానికి సంబంధించే వరకు ఉంటాయి","ద ాల ్చ ిన చె క్క    భారతదేశ ానికి    స్థానిక మైన ది,    అలాగే    దాని    ఉపయోగ ాల    పరి ధి    సు వాస నా    సాధ క ానికి    సంబంధ ించడం    నుండి    ఔ ష ధ   సాధ క ానికి    సంబంధ ించే    వరకు    ఉంట ాయి ",120,37
8,దీనిని తిరగలిలో గాని లేదా రోట్లో గాని పొడిగా చేయండి,దీనిని    తిర గలి లో    గా ని    లేదా    రో ట్లో    గా ని    పొ డిగా    చేయ ండి ,44,15
9,"పంజాబులో ప్రతీ నగరం విభిన్నమైన అభిరుచులు కలిగి ఉంటుంది, ఎలాగంటే అమృత్‌సర్‌లోని ప్రజలకు అమృత్‌సరి కుల్చాలు, స్టఫ్డ్ పరాఠాలు, పాల ఉత్పత్తులంటే ఇష్టం","పంజా బు లో    ప్ర తీ    నగరం    విభి న్న మైన    అభి రు చ ులు    కలిగి    ఉంటుంది,    ఎ లా గ ంటే    అమ ృ త్‌ స ర్‌లోని    ప్రజ లకు    అమ ృ త్‌ సరి    కుల ్చ ాలు,    స్ట ఫ్ డ్    ప రా ఠ ాలు,    పాల    ఉత్పత్త ుల ంటే    ఇష్ట ం ",130,46
10,"రాముడిని మునితో పంపించండి, అలాగే లక్ష్మణుడిని కూడా పంపించండి","రా ము డిని    ముని తో    పంప ించ ండి,    అలాగే    లక్ష్ మ ణ ు డిని    కూడా    పంప ించ ండి ",54,18
11,"అయితే మంగళ్ పాండే యొక్క సాహస కృత్యం, ఉన్నతమైన, ఉదాత్తమైన సిద్ధాంతం పట్ల భక్తితో చేయబడినది","అయితే    మంగ ళ ్    పాండ ే    యొక్క    సాహ స    కృ త్య ం,    ఉన్న త మైన,    ఉదా త్త మైన    సిద్ధాంత ం    పట్ల    భ క్త ితో    చేయబడ ిన ది ",78,27
12,"ఉల్లిపాయలు మగ్గాక, నానబెట్టిన మటన్ తో బాటు పసుపు వేసి కాసేపు మసాలాలన్నీ మటన్ పీల్చుకునేదాకా ఒక 5-6 నిమిషాలబాటు వేయించుకోవాలి","ఉ ల్లి పాయ లు    మ గ్ గా క,    నా న బె ట్ట ిన    మ టన్    తో    బాటు    ప సు పు    వే సి    కా సే పు    మ స ాల ాల న్నీ    మ టన్    పీ ల్ చు కునే దా కా    ఒక    5 - 6    నిమిష ాల బాటు    వేయ ించుకోవ ాలి ",109,48
13,"హితోపదేశ అనేది పక్షులు, జంతువులు, మానవ పాత్రల ద్వారా ప్రాపంచిక జ్ఞానాన్ని అందించే గ్రంథం","హిత ో ప దేశ   అనేది    పక్ష ులు,    జంతువ ులు,    మానవ    పాత్ర ల    ద్వారా    ప్రా పంచ ిక    జ్ఞా నాన్ని    అందించే    గ్రంథ ం ",78,21
14,సంస్కృత వ్యక్తీకరణలో ప్రావీణ్యాన్ని మరియు వివేకవంతమైన ప్రవర్తనకు సంబంధించిన జ్ఞానాన్ని ప్రోత్సహించడం ఈ పుస్తకం యొక్క ఉద్దేశ్యంగా కనిపిస్తోంది,సంస్కృ త    వ్యక్ తీ కరణ లో    ప్రా వీ ణ ్యాన్ని    మరియు    వి వే క వంతమైన    ప్ర వర్ తనకు    సంబంధించిన    జ్ఞా నాన్ని    ప్రోత్సహ ించడం    ఈ    పుస్త కం    యొక్క    ఉద్దేశ ్య ంగా    కనిపి స్త ో ంది ,128,34
15,ప్రొఫెసర్ అసిత్ కుమార్ బందోపాధ్యాయ్ ఆయన సొంతఊరు హౌరా సంపూర్ణ చరిత్రను 1994 మరియు 1995 లో హౌరా సహరర్ ఇతిబ్రిత్తో పేరున (మొదటి మరియు రెండవ భాగం) సంకలనం చేయడంలో మార్గదర్శకులుగా వ్యవహరించారు,ప్రొఫె సర్    అ స ిత్    కుమార్    బ ందో పా ధ్య ాయ్    ఆయన    సొ ంత ఊ రు    హౌ రా    సం పూర్ ణ    చరిత్ర ను    199 4    మరియు    199 5    లో    హౌ రా    సహ ర ర్    ఇతి బ్రి త్త ో    పేరు న    ( మొదటి    మరియు    రెండవ    భాగ ం)    సం కల నం    చేయడంలో    మార్గ దర్శ క ులుగా    వ్యవహరించ ారు ,162,56
16,"చైత్యా చావడి ముందు భాగాన శాశించే వరుస అర్ధ వృత్తాకార చైత్యా ఆర్చీలతో తెరచి ఉన్నచెక్క ముఖద్వారం కలిగి ఉంటుంది, అలాగే, మరి కొన్నిటిలో శాశించే చైత్యా ఆర్చీల గవాక్షం ఉండదు","చై త్య ా    చా వ డి    ముందు    భా గా న    శా శ ించే    వరు స    అర్ధ   వృత్త ాకార   చై త్య ా    ఆ ర్చ ీ లతో    తె రచ ి    ఉన్న చె క్క    ముఖ ద్వార ం    కలిగి    ఉంటుంది,    అలా గ ే,    మర ి    కొన్ని టిలో    శా శ ించే    చై త్య ా    ఆ ర్చ ీ ల    గవా క్ష ం    ఉండ దు ",145,58
17,తరతరాల 'మహారాజ్'లు మరియు 'ఖాన్సామాలు' (భారతదేశంలో నిష్ణాతులైన వంటమనిషులను సంప్రదాయంగా పిలిచే పేరు) శతాబ్దాలుగా వంటకాలను ఖచ్చితమైనవిగా చేశారు మరియు ఈ వంటకాలు చేసే పద్ధతులు వేల ఏళ్ళతరబడి మౌఖిక సంప్రదాయం ద్వారా అందించబడుతూ ఉన్నాయి,తర తర ాల    ' మహారా జ్ ' లు    మరియు    ' ఖా న్ సామ ాలు '    ( భారతదేశంలో    నిష్ ణా త ులైన    వంట మ ని ష ులను    సంప్రదాయ ంగా    పిలి చే    పేరు )    శతాబ్ద ాలుగా    వంట కాలను    ఖచ్చిత మైన విగా    చేశ ారు    మరియు    ఈ    వంట కాలు    చేసే    పద్ధ తులు    వే ల    ఏ ళ్ళ తర బడి    మౌ ఖ ిక    సంప్రదాయ ం    ద్వారా    అంద ించబడు తూ    ఉన్న ాయి ,202,65
18,దీని తయారీని సాంప్రదాయకంగా వాజాలు లేదా వంటవాళ్ళ సహాయంతో వాస్తా వాజా లేదా ప్రధాన వంటవారు చేస్తారు,దీని    తయార ీని    సాంప్రదాయ కంగా    వా జ ాలు    లేదా    వంట వా ళ్ళ    సహాయ ంతో    వాస్త ా    వా జా    లేదా    ప్రధాన    వంట వారు    చేస్త ారు ,84,24
19,"పావ్ భాజీ: ఇది మహారాష్ట్రకు చెందిన చిరుతిండి వంటకం, దీనిలో సాధారణంగా వెన్నతో తయారు చేసిన చిక్కటి కూరగాయల కూరను మెత్తటి బ్రెడ్ రోల్ (పావ్)తో కలిపి వడ్డిస్తారు","పా వ్    భా జీ :    ఇది    మహారాష్ట్ర కు    చెందిన    చిరు త ిం డి    వంట క ం,    దీనిలో    సాధారణంగా    వె న్న తో    తయారు    చేసిన    చ ిక్ క టి    కూ ర గాయ ల    కూ ర ను    మె త్త టి    బ్రె డ్    రో ల్    ( పా వ్ ) తో    కలి పి    వ డ్ డి స్త ారు ",137,53
20,"లల్ దెద్ మరియ హబ్బా ఖాతూన్ వంటి కాశ్మీరీ రచనలు వాటిలోని ఆధ్యాత్మిక కమ్మదనం, తీవ్రమైన ఆవేదనా భావాల వ్యక్తీకరణకి, రాజస్థాన్లో మీరాబాయి రచనలు అద్వితీయ భక్తి గుణానికి, తమిళంలోని ఆండాళ్ భావయోగము, మరియు కన్నడంలో అక్క మహాదేవి వచనలు అలనాటి సాహిత్యరంగానికి స్త్రీల ఘనమైన తోడ్పాటుకి నిదర్శనాలు","ల ల్    దె ద్    మరియ   హ బ్బ ా    ఖా తూ న్    వంటి    కాశ్మీ రీ    రచ నలు    వా టి లోని    ఆధ ్యా త్మ ిక    క మ్మ ద నం,    తీవ్రమైన    ఆ వేద నా    భావ ాల    వ్యక్ తీ కరణ కి,    రాజస్థా న్లో    మీ రా బ ాయి    రచ నలు    అద్ వి తీయ    భ క్తి    గు ణ ానికి,    తమిళ ంలోని    ఆ ండ ా ళ ్    భావ యోగ మ ు,    మరియు    కన్న డంలో    అ క్క    మహా దేవి    వచ నలు    అల నాటి    సాహిత ్య రంగ ానికి    స్త్ర ీ ల    ఘ నమైన    తో డ్ పా టు కి    ని దర్శ నాలు ",249,92
21,బౌద్ధ కుడ్య చిత్రాలు గల బాగ్ గుహలు మధ్యప్రదేశ్‌లోని ధార్ జిల్లాకు 97 కిమీ దూరంలో ఉన్నాయి,బౌద్ధ    కుడ ్య    చిత్రాలు    గల    బా గ్    గుహలు    మధ్యప్రదేశ ్‌లోని    ధార ్    జిల్లా కు    9 7    కిమీ    దూరంలో    ఉన్న ాయి ,76,20
22,"సంస్కృత సాహిత్యంలో మూల అనే పదానికి సాధారణ అర్ధం మొక్క లేదా చెట్టు వేరు, కానీ ఉపమానంగా, అది పాదము లేదా దేనికైనా దిగువ భాగం లేదా అడుగు","సంస్కృ త    సాహిత ్యంలో    మూ ల    అనే    పద ానికి    సాధారణ    అర్ధ ం    మొ క్క    లేదా    చె ట్టు    వే రు,    కానీ    ఉప మాన ంగా,    అది    పాద ము    లేదా    దే నిక ైనా    దిగువ    భాగం    లేదా    అడు గు ",112,35
23,సింధు లోయ నాగరికత వివిధ రంగాలలో దానికున్న సాంకేతిక పరిజ్ఞానానికి ప్రసిద్ధి చెందింది,సింధు    లోయ    నాగ రిక త    వివిధ    రంగ ాలలో    దాని కున్న    సాంకే తిక    పరి జ్ఞా నానికి    ప్రసిద్ధి    చెంద ింది ,74,18
24,"కౌరవులందరూ మరణిస్తారు; ఐదుగురు పాండవ సోదరులు, కృష్ణుడు మాత్రమే సజీవంగా మిగులుతారు","కౌ ర వ ుల ంద రూ    మర ణి స్త ారు ;    ఐ దు గురు    పాండ వ    సో దర ులు,    కృష్ణ ుడు    మాత్రమే    స జీవ ంగా    మిగ ులు త ారు ",73,29
25,యుద్ధం పద్దెనిమిది రోజుల పాటు విధ్వంసకరంగా కొనసాగి కౌరవుల ఓటమితో ముగిసి పోతుంది,యుద్ధం    ప ద్ద ె నిమి ది    రోజుల    పాటు    విధ ్వం స కర ంగా    కొనసాగ ి    కౌ ర వుల    ఓ ట మ ితో    ముగి సి    పో తుంది ,70,26
26,"మహాభారతం ప్రధాన కథ ఆధునిక ఢిల్లీకి కొద్దిగా ఉత్తరాన ఉండిన రాజ్యమైన హస్తినాపురం యొక్క సింహాసనానికై పోరాటం, ఇది భరతులు అని వాడుకగా పిలువబడిన తెగకు చెందిన పూర్వీకుల రాజ్యం","మహా భారత ం    ప్రధాన    కథ    ఆధునిక    ఢిల్లీకి    కొద్ద ిగా    ఉత్తరాన    ఉండ ిన    రాజ్య మైన    హ స్త ి నా పు రం    యొక్క    సింహాస న ానిక ై    పోరాట ం,    ఇది    భర తులు    అని    వాడు క గా    పిలు వ బడిన    తెగ కు    చెందిన    పూర్ వీ కుల    రాజ్యం ",147,44
27,కర్ణాటకలో శాఖాహారుల సంఖ్య మాంసాహారుల సంఖ్యను మించి ఉంటుంది; కాబట్టి వారి వంటకాలలో ఎక్కువమటుకు శాఖాహార వంటకాలే ఉంటాయి,కర్ణాట క లో    శా ఖా హార ుల    సంఖ్య    మా ం సా హార ుల    సంఖ్య ను    మ ించి    ఉంటు ంది ;    కాబట్టి    వారి    వంట కాల లో    ఎక్కువ మ టుకు    శా ఖా హార   వంట కాల ే    ఉంట ాయి ,103,36
28,యుద్ధభూమిలో ఏం జరుగుతోందో వివరిస్తున్న సంజయుడు ఆయనకు సమాధానం చెబుతాడు,యుద్ధ భూమి లో    ఏ ం    జరుగు తో ందో    వివరి స్తున్న    సం జ యు డు    ఆయనకు    సమా ధా నం    చెబు త ాడు ,62,21
29,తమిళంలో కనబడే రెండు మహాకావ్యాలు సిలప్పదికారం మరియు మణిమేకలై,తమిళ ంలో    కన బడే    రెండు    మహా కా వ్య ాలు    సి ల ప్ప ద ికార ం    మరియు    మణి మే క లై ,53,20
30,ఈ ప్రాంతంలో కారం పొడి జాగ్రత్తగా వాడబడుతుంది,ఈ    ప్రాంతంలో    కారం    పొ డి    జా గ్ర త్తగా    వాడ బడు తుంది ,39,11
31,"యోగా అనే పదం యుజ్ అనే సంస్కృత మూలం నుండి ఉద్భవించింది, దీనర్థం దగ్గరికి చేర్చడం, కలపడం, ఏకం చేయడం","యో గా    అనే    పదం    యు జ్    అనే    సంస్కృ త    మూలం    నుండి    ఉద్భవ ించింది,    దీ న ర్థ ం    దగ్గర ికి    చేర్చ డం,    కల పడ ం,    ఏ కం    చేయడం ",83,27
32,నేటి ఒడిస్సీ అనేది ఒరిస్సాలోని ఆలయ ప్రాకారాలపై చెక్కబడిన వివిధ నేపథ్యాలకు సంబంధించిన అపరిమితమైన శిల్పాల నుండి ఉద్భవించింది,నే టి    ఒడి స్ సీ    అనేది    ఒ రి స్ సా లోని    ఆలయ    ప్రా కార ాలపై    చెక్క బడిన    వివిధ    నేపథ ్య ాలకు    సంబంధించిన    అ పరిమిత మైన    శిల్ప ాల    నుండి    ఉద్భవ ించ ింది ,109,31
33,"వశిష్టుడు అప్పుడు రాజు వైపు తిరిగి సౌమ్యంగా మాట్లాడారు, "" ఒక సారి మాట ఇచ్చిన తర్వాత, రాజా, తిరస్కరించటం మీకు తగదు""","వ శి ష్ట ుడు    అప్పుడు    రాజు    వైపు    తిరిగి    సౌ మ ్య ంగా    మాట్లాడ ారు,    ""    ఒక    సారి    మా ట    ఇచ్చిన    తర్వాత,    రా జా ,    తిరస్ కరించ టం    మీకు    త గ దు "" ",98,32
34,అర్జునునిలో నైరాశ్యం యే మేరకు ఉందో గుర్తించిన పిమ్మటే కృష్ణుడు తన వైఖరి మార్చుకుని ఈ ప్రపంచంలో ధర్మాచరణ మర్మాలను బోధించనారంభించాడు,అర్ జు ను ని లో    నై రా శ ్యం    యే    మే రకు    ఉ ందో    గుర్త ించిన    పి మ్మ ట ే    కృష్ణ ుడు    తన    వై ఖ రి    మార్చు కుని    ఈ    ప్రపంచ ంలో    ధ ర్ మా చర ణ    మ ర్మ ాలను    బోధ ించ నార ంభ ించ ాడు ,115,45
35,"మీరు పాత్రలో బియ్యం పిండిని వేస్తూ, మధ్యమధ్యలో కొద్దికొద్దిగా కొబ్బరి తురుమును కూడా కలుపవచ్చు","మీరు    పాత్రలో    బ ియ ్యం    పిం డిని    వే స్తూ,    మధ్య మధ్యలో    కొద్ద ికొ ద్ద ిగా    కొ బ్బ రి    తు రు ము ను    కూడా    కలు ప వచ్చు ",83,26
36,"స్థూపాకార పాత్రలో ఒక చెంచా కొబ్బరి కోరును వేయడంతో మొదలుపెట్టి, ఆ తర్వాత బాగా కలిపిన ఆ బియ్యం పిండిని వేయవచ్చు","స్థూ పా కార    పాత్రలో    ఒక    చె ంచ ా    కొ బ్బ రి    కోరు ను    వేయ డంతో    మొదలు పెట్ట ి,    ఆ    తర్వాత    బాగా    కలి ప ిన    ఆ    బ ియ ్యం    పిం డిని    వేయ వచ్చు ",94,32
37,"రంజిత్ సింగ్ మహారాజు విరాళం వల్ల నాందేడ్ లో కీ శే 1835 ప్రాంతంలో, సున్నితమైన చెక్కడాలతో కూడిన ఒక గంభీరమైన బంగారు గోపురం కలిగిన అందమైన మరియు విస్మయం కలిగించే గురుద్వారా నిర్మాణం జరిగింది","ర ంజ ిత్    సింగ్    మహారా జు    విరా ళం    వల్ల    నా ంద ే డ్    లో    కీ    శ ే    18 35    ప్రాంత ంలో,    సు న్ని తమైన    చెక్క డ ాలతో    కూడిన    ఒక    గ ంభ ీ రమైన    బంగ ారు    గో పు రం    కలిగిన    అంద మైన    మరియు    వి స్మ యం    కలిగ ించే    గురు ద్వారా    నిర్మాణం    జరిగ ింది ",160,52
38,ఎన్నుకోబడ్డ ఈ రుచలను వాటి ప్రతిపదిత ఛందస్సు మరియు తాళ పరిమాణాలను అలాగే ఉంచుతూ స్వరపరచబడిన సంకలనం సామవేదం,ఎన్న ు కో బడ్డ   ఈ    రు చ లను    వాటి    ప్రతి పద ిత    ఛ ంద స్ సు    మరియు    తా ళ    పరిమాణ ాలను    అలాగే    ఉంచు తూ    స్వర పరచ బడిన    సం కల నం    సామ వేద ం ,91,33
39,కోసల రాజధాని గురించి వాల్మీకి వర్ణన ద్వారా ప్రాచీన అయోధ్యా నగరం మన ఆధునిక నగరాలకు ఏ మాత్రం తీసిపోనిదని స్పష్టమవుతుంది,కో స ల    రాజధాని    గురించి    వ ాల్ మీ కి    వర్ణ న    ద్వారా    ప్రాచీన    అయో ధ్య ా    నగరం    మ న    ఆధునిక    నగర ాలకు    ఏ    మాత్ర ం    తీ సి పో ని దని    స్పష్ట మవు తుంది ,102,33
40,"ఒకసారి "" నేను చేస్తాను"" అని చెప్పిన తర్వాత, మీకు చేయటం తప్ప వేరే ఎంపిక ఉండదు","ఒకసారి    ""    నేను    చే స్తా ను ""    అని    చెప్ప ిన    తర్వాత,    మీకు    చేయ టం    తప్ప   వేరే    ఎంపిక    ఉండ దు ",64,19
41,"ఇటీవలి రోజుల్లో, రూపాయి మారకం ధర మరియు విదేశీ మారక ద్రవ్య నిలువల యుక్తత పై భిన్న అభిప్రాయాలు వినిపిస్తూ ఉన్నాయి","ఇటీవలి    రోజ ుల్ లో,    రూప ాయి    మార కం    ధర    మరియు    విదేశీ    మార క    ద్ర వ్య    నిలు వల    యుక్ త త    పై    భి న్న    అభిప్రాయ ాలు    విని పి స్తూ    ఉన్న ాయి ",96,30
42,"బ్యాంకులు ఒక క్రెడిట్ కార్డు ఖాతాను క్రెడిట్ ఇన్ఫర్మేషన్ కంపెనీలకు (సిఐసి లకు) గడువు మించినదిగా సమాచారం ఇవ్వవచ్చు లేదా, క్రెడిట్ కార్డు ఖాతా మూడు రోజులకు పైగా గడువు మించి ఉంటే మాత్రమే ఏవైనా ఆలస్య చెల్లింపు ఛార్జీలు మొ","బ్యాంక ులు    ఒక    క్రెడిట్    కార్ డు    ఖా తాను    క్రెడిట్    ఇన్ ఫర్ మే షన్    కంపెనీ లకు    ( సి ఐ సి    ల కు )    గ డు వు    మ ించిన దిగా    సమాచారం    ఇవ్వ వచ్చు    లే దా ,    క్రెడిట్    కార్ డు    ఖా తా    మూడు    రోజ ులకు    పైగా    గ డు వు    మ ించి    ఉంటే    మాత్రమే    ఏవైనా    ఆల స్య    చెల్లింపు    ఛ ార్ జీ లు    మొ",188,59
43,జరిమానా ఛార్జీలు విధించవచ్చు,జ రి మా నా    ఛ ార్ జీ లు    విధ ించ వచ్చు ,26,11
44,దేశాలు తమ ఆర్థికస్థితిని మెరుగు పరచుకునేందుకు అంతర్గతంగా ప్రత్యక్ష పెట్టుబడులను ప్రోత్సహించవచ్చు,దేశ ాలు    తమ    ఆర్థ ిక స్థిత ిని    మెరు గు    పర చు కునే ందుకు    అంతర్ గ తంగా    ప్రత్య క్ష    పెట్టుబడ ులను    ప్రోత్సహ ించ వచ్చు ,88,23
45,"అయితే, బ్యాంకు దరఖాస్తును స్వీకరించిన తేదీ నుండి 90 రోజులలోపు అమోదించబడిన ప్యాకేజీని అమలు చేస్తే, ప్యాకేజీని త్వరితంగా అమలు చేసినందుకు ప్రోత్సాహకంగా, సంపద వర్గీకరణ స్థితిని బ్యాంకు పునర్వ్యవస్థీకరణ దరఖాస్తును స్వీకరించినప్పటి స్థితికి పునరుద్ధరించవచ్చు","అయితే,    బ్యాంకు    దర ఖా స్తు ను    స్వీకరించ ిన    తే దీ    నుండి    9 0    రోజ ుల లో పు    అ మోద ించబడిన    ప్యా కే జీ ని    అమలు    చేస్త ే,    ప్యా కే జీ ని    త్వ రి తంగా    అమలు    చేసిన ందుకు    ప్రోత్ సాహ క ంగా,    సం పద    వర్గీ కరణ    స్థిత ిని    బ్యాంకు    పునర్ వ్యవస్థ ీకరణ    దర ఖా స్తు ను    స్వీకరించ ిన ప్పటి    స్థిత ికి    పునరుద్ధరించ వచ్చు ",227,62
46,"వ్యక్తిగత పెట్టుబడి సమీకరణా గమనాత్మక శక్తులు అనివార్యంగా కొందరి చేతుల్లోకే సంపదను చేకూర్చచడానికి దారి తీస్తాయా లేక వృద్ధి, పోటీ, మరియు సాంకేతిక వికాసాల సమతుల్య శక్తులు అసమానతను తగ్గిస్తాయా","వ్యక్తిగత    పెట్టుబడి    సమీ కర ణా    గమ నా త్మక    శక్ తులు    అని వార ్య ంగా    కొ ంద రి    చేత ుల్ లో కే    సం పద ను    చే కూర్చ చ డానికి    దార ి    తీ స్త ాయ ా    లే క    వృద్ధ ి,    పోటీ ,    మరియు    సాంకే తిక    విక ా స ాల    సమ తుల ్య    శక్ తులు    అ సమా న తను    తగ్ గి స్త ాయ ా ",167,61
47,అది మితిమీరిన అస్థిరతను నివారించి అంచనాలను నిలకడగా ఉంచేందుకు విపణిలో జోక్యం చేసుకుంటుంది,అది    మిత ి మీ రి న    అ స్థిర తను    నివార ించి    అంచ నాలను    నిల కడ గా    ఉ ం చే ందుకు    వి ప ణి లో    జో క ్యం    చేసుకు ంటు ంది ,79,30
48,క్యూ2కు గాను అధిక పౌనఃపౌన్య సమాచారం ఆర్థిక క్రియాశీలత స్థితిస్థాపకంగా నిలిచి ఉంటుందని సూచిస్తుంది,క్యూ 2 కు    గాను    అధిక    పౌ న ః పౌ న్య    సమాచారం    ఆర్థిక    క్ర ియా శీల త    స్థిత ి స్థాప కంగా    నిలిచ ి    ఉంటు ందని    సూచి స్తుంది ,87,26
49,"సాధారణముగా దేశము, మరియు ఆర్థికవేత్తలు సమిష్టి వైవిధ్యాలుగా పిలుచుకునే గొప్ప దృగ్విషయాన్ని రాబట్టేందుకు విపణులు పరస్పరం ఎలా వ్యవహరిస్తాయి అనేది స్థూల అర్థశాస్త్రంలోని విషయం","సాధారణ ము గా    దేశ మ ు,    మరియు    ఆర్థ ిక వేత్త లు    స మి ష్ట ి    వైవిధ్య ాలుగా    పిలు చు కునే    గొప్ప    దృ గ్ విష యాన్ని    రా బట్ట ేందుకు    వి ప ణ ులు    పర స్ పర ం    ఎలా    వ్యవహ రి స్త ాయి    అనేది    స్థూ ల    అర్థ శాస్త్ర ంలోని    విష యం ",154,49
50,ద్రవ్యత్వం అనేది ఆర్థిక సంపత్తులు తక్కువ సమయంలో పూర్తి మార్కెట్టు ధరకు దగ్గరగా ఎంతమేర అమ్ముడవుతాయో సూచిస్తుంది,ద్రవ్య త్వం    అనేది    ఆర్థిక    సం పత్త ులు    తక్కువ    సమయంలో    పూర్తి    మార్కె ట్టు    ధర కు    దగ్గర గా    ఎ ంత మే ర    అ మ్ము డ వు త ాయ ో    సూచి స్తుంది ,98,29
51,ఆదాయ గుర్తింపు విధానం నిష్పాక్షికంగా మరియు ఎటువంటి వ్యక్తిగత పరిగణనల కంటే వసూలు నమోదు ఆధారితంగా ఉండాలి,ఆదాయ   గుర్తింపు    విధా నం    నిష్ పాక్ష ికంగా    మరియు    ఎటువంటి    వ్యక్తిగత    పరిగణ నల    కంటే    వసూలు    నమోదు    ఆధార ిత ంగా    ఉండ ాలి ,90,20
52,"కనుక, వడ్డీ దాఖాలా తేదీని బట్టి అటువంటి వడ్డీ మొత్తాలు గడువు మీరి ఎన్ పిఏ లుగా మారవు","కను క,    వడ్డీ    దాఖ ాలా    తే దీని    బట్టి    అ టువంటి    వడ్డీ    మొత్త ాలు    గ డు వు    మీ రి    ఎ న్    పి ఏ    లుగా    మార వు ",71,25
53,"సాగుతున్న భారత శీఘ్ర చెల్లింపు విధానం - యుపిఐ ను - ఇతర అధికార పరిధులలో గల అటువంటి విధానాలతో జోడించే ప్రథమ యత్నంతో సహా ఇతర అధికార పరిధులతో భారత చెల్లింపు విధానాలను జోడించే సాధ్యత, డబ్బు బదిలీలతో బాటు సరిహద్దులు దాటి జరిగే చెల్లింపు ఏర్పాట్లను మెరుగు పరుస్తుంది","సాగు తున్న    భారత    శీ ఘ ్ర   చెల్లింపు    విధా నం    -    యు పి ఐ    ను    -    ఇతర    అధికార   పరి ధ ులలో    గల    అ టువంటి    విధాన ాలతో    జోడ ించే    ప్ర థ మ    య త్ న ంతో    సహా    ఇతర    అధికార   పరి ధ ులతో    భారత    చెల్లింపు    విధాన ాలను    జోడ ించే    సాధ్య త,    డబ్బు    బది లీ లతో    బాటు    సరిహద్ద ులు    దా టి    జరిగే    చెల్లింపు    ఏర్ పా ట్లను    మెరు గు    పరు స్తుంది ",223,66
54,విద్యుత్ కేంద్రాలు మరియు పారిశ్రామిక (ఎరువుల) కేంద్రాల నిర్వహణలో వినియోగం కారణంగా ద్రవీకృత సహజ వాయువు (ఎల్ఎన్ జి) విద్యుత్ రంగంలో అత్యధిక ప్రాముఖ్యత వహిస్తోంది,విద్యుత్    కేంద్ర ాలు    మరియు    పారిశ్రా మిక    ( ఎ రు వ ుల )    కేంద్ర ాల    నిర్వహ ణలో    వినియోగ ం    కారణంగా    ద్ర వీ కృ త    సహజ    వాయు వు    ( ఎల్ ఎ న్    జి )    విద్యుత్    రంగ ంలో    అత్యధిక    ప్రాముఖ్యత    వహి స్త ో ంది ,141,41
55,"అయితే, మార్కెట్లు మీ విక్రయాలు పెంచుకునే వీలు కలిపించినప్పటికీ, మీ వ్యాపారం సుస్థిరంగా ఎదిగి మీదంటూ స్వంత వాణిజ్య బ్రాండ్ను సృష్టించుకునే సామర్థ్యం కల్పించవు","అయితే,    మార్కె ట్లు    మీ    విక్రయ ాలు    పెంచు కునే    వీలు    కలి ప ించిన ప్పటికీ,    మీ    వ్యాపారం    సు స్థిర ంగా    ఎ దిగ ి    మీ ద ంట ూ    స్వంత    వాణిజ్య    బ్రా ండ్ ను    సృష్ట ించు కునే    సామర్థ ్యం    కల్ప ించ వు ",140,38
56,పేమెంట్ అగ్రిగేటర్స్ (పిఏలు) చెల్లింపుల వ్యవస్థలో ముఖ్య పాత్ర వహిస్తాయి కనుక వీటిని మార్చి 2020 లో నిబంధనల క్రిందకు తీసుకువచ్చి పేమెంట్ సిస్టమ్ ఆపరేటర్సుగా (పిఓఎస్లు) నియమించబడ్డాయి,పే మెంట్    అగ్ర ి గే టర్ స్    ( పి ఏ లు )    చెల్లింప ుల    వ్యవస్థ లో    ముఖ ్య    పాత్ర    వహి స్త ాయి    కను క    వీటిని    మార్చి    2020    లో    నిబంధ నల    క్ర ింద కు    తీసుకు వచ్చి    పే మెంట్    సి స్ట మ్    ఆప రే టర్ సు గా    ( పి ఓ ఎస్ లు )    నియమ ించబడ్డ ాయి ,161,54
57,"ప్రస్తుత క్రమబద్ధీకరణలు, ఎట్లైననూ, పేమెంట్ అగ్రిగేటర్ల ఆన్లైన్ విశ్లేషణలకు, లేదా ఈ-కామర్స్ లావాదేవీలకు వర్తిస్తాయి","ప్రస్తుత    క్రమ బద్ధ ీ కరణ లు,    ఎ ట్ లైన న ూ,    పే మెంట్    అగ్ర ి గే టర్ ల    ఆన్ లైన్    విశ్ లేష ణ ల కు,    లేదా    ఈ - కామ ర్స్    లా వా దే వీ లకు    వర్తి స్త ాయి ",104,38
58,"రికార్డో అంతర్దృష్టి ప్రకారం అటువంటి దేశం తన తులనాత్మక ప్రయోజనాలకు అనుగుణంగా వర్తకం చేసుకోవటం, సమగ్ర లాభాలు అత్యంత అధికంగా ఉన్న ఉత్పత్తులను ఎగుమతి చేసి, సమగ్ర లాభాలు సాపేక్షంగా తక్కువ ఉన్న (ఇంకా సానుకూలం గా ఉన్నప్పటికీ) ఉత్పత్తులను దిగుమతి చేసుకోవటం ద్వారా ఇంకా లభం పొందగలుగుతుంది","రికార్డ ో    అంతర్ దృష్టి    ప్రకారం    అ టువంటి    దేశం    తన    తుల నా త్మక    ప్రయోజన ాలకు    అను గుణంగా    వర్త కం    చేసుకోవ టం,    సమ గ్ర   లా భ ాలు    అత్యంత    అధ ికంగా    ఉన్న    ఉత్పత్త ులను    ఎగు మతి    చేసి,    సమ గ్ర   లా భ ాలు    సా పే క్ష ంగా    తక్కువ    ఉన్న    ( ఇంకా    సాను కూ లం    గా    ఉన్న ప్పటిక ీ )    ఉత్పత్త ులను    దిగు మతి    చేసుకోవ టం    ద్వారా    ఇంకా    లభ ం    పొంద గ లుగు తుంది ",246,69
59,"బ్యాంక్ రుణం సెప్టెంబరు 9, 2022 నాటికి గత ఏడాది 6","బ్యాం క్    రు ణం    సెప్టె ంబరు    9 ,    202 2    నాటికి    గత    ఏడా ది    6 ",41,15
60,7 శాతానికి బదులు తీవ్రగతిన 16,7    శాత ానికి    బద ులు    తీవ్ర గ త ిన    16 ,25,10
61,2 శాతం సంవత్సరానికి సంవత్సర వృద్ధి చెందింది,2    శాతం    సంవత్స రానికి    సంవత్స ర    వృద్ధ ి    చెంద ింది ,38,10
62,"పంటకోతకు ముందు, తరువాతి పనుల కొరకు ఇచ్చే ఋణాలు పిచకారీ, కలుపు తీత, పంటల కోత, వేరుచేయుట, శ్రేణికరణ మరియు తమ స్వంత సాగు పంట రవాణా లకు సరిపోతాయి","పంట కో తకు    ముందు,    తరువాతి    పన ుల    కొ రకు    ఇచ్చ ే    ఋ ణ ాలు    పి చ కార ీ,    కలు పు    తీ త,    పంట ల    కో త,    వే రు చేయ ు ట ,    శ్రేణ ిక రణ    మరియు    తమ    స్వంత    సా గు    పంట   రవాణా    లకు    సరిపో త ాయి ",120,46
63,"వ్యవసాయం మరియు తత్సంబంధిత కార్యకలాపాల కొరకు మధ్యమ మరియు దీర్ఘ కాలిక ఋణాలు వ్యవసాయ యంత్రాల కొనుగోలు ఖర్చులకు, నీటిపారుదల, ఇతర అభివృద్ధి పనులకు సరిపోతాయి","వ్యవసాయ ం    మరియు    త త్ సంబంధిత    కార్యకలా పాల    కొ రకు    మధ్య మ    మరియు    దీర్ఘ   కాలిక    ఋ ణ ాలు    వ్యవసాయ    య ంత్ర ాల    కొనుగోలు    ఖర్చ ుల కు,    నీటి పారు ద ల ,    ఇతర    అభివృద్ధి    పన ులకు    సరిపో త ాయి ",133,38
64,"బ్యాంకు నిర్వహణా పర్యవేక్షకులు సాంప్రదాయిక బ్యాంకులు ఛాయా బ్యాంకులకు బహిర్గతమవటాన్ని పరిశీలించి, మెరుగైన పెట్టుబడి మరియు ద్రవ్యత్వ నిబంధనలతో దీనిని నిరోధించే ప్రయత్నం చేస్తున్నారు, ఎందుకంటే బహిర్గతమవటం వల్ల ఛాయా బ్యాంకులకు సాంప్రదాయిక ఆర్థిక రంగాన్ని మరియు ఆర్థిక వ్యవస్థని మొత్తాన్ని దెబ్బ తీసే వీలు కల్పించాయి","బ్యాంకు    నిర్వహ ణా    పర్య వేక్ష కులు    సాంప్రదాయ ిక    బ్యాంక ులు    ఛ ాయ ా    బ్యాంక ులకు    బహి ర్ గ తమ వ ట ాన్ని    పరిశీల ించి,    మెరు గ ైన    పెట్టుబడి    మరియు    ద్రవ్య త్వ    నిబంధ న లతో    దీనిని    నిరోధ ించే    ప్రయత్నం    చేస్తున్న ారు,    ఎందుకంటే    బహి ర్ గ తమ వ టం    వల్ల    ఛ ాయ ా    బ్యాంక ులకు    సాంప్రదాయ ిక    ఆర్థిక    రంగ ాన్ని    మరియు    ఆర్థిక    వ్యవస్థ ని    మొత్తాన్ని    దెబ్బ   తీ సే    వీలు    కల్ప ించ ాయి ",278,70
65,"ప్రపంచ ఆర్థిక సంక్షోభం ఏర్పడినప్పటి నుండి, ప్రభుత్వ రంగం మరింత, మెరుగైన సమాచారం సేకరించి అదృశ్య బాలహీనతలను అన్వేషిస్తుంది","ప్రపంచ    ఆర్థిక    సం క్ష ో భ ం    ఏర్ పడి న ప్పటి    నుండి,    ప్రభుత్వ    రంగ ం    మరిం త,    మెరు గ ైన    సమాచారం    సేకరించ ి    అద ృ శ ్య    బాల హీ న తలను    అన్ వే షి స్తుంది ",108,35
66,నిర్ణీత ధరకి గిరాకీకి సమానంగా సరఫరాలు చేయాల్సిన అవసరంచే నిర్ణయించబడేది మార్కెట్టు క్లియరెన్స్ ధర,నిర్ణ ీ త    ధర కి    గి రా కీ కి    సమా నంగా    సరఫ రాలు    చేయ ాల్సిన    అవసర ంచ ే    నిర్ణయ ించబడ ే ది    మార్కె ట్టు    క్ లియ రె న్స్    ధర ,86,29
67,"సరఫరా గిరాకీల స్థాయిని ఈ నమూనా సమీకరణలు, మూల్యం మరియు ఇతర చరాంశాల సమవస్థ, (ఉదాహరణకు, రాబడి) నిర్ణయిస్తాయి","సరఫ రా    గి రా కీ ల    స్థాయ ిని    ఈ    నమూ నా    సమీ కరణ లు,    మూల ్యం    మరియు    ఇతర    చ రా ంశ ాల    సమ వ స్థ ,    ( ఉదాహరణకు,    రా బడ ి )    నిర్ణ యి స్త ాయి ",92,36
68,"కరెంటు ఖాతా నిలువ అప్పుడు వాణిజ్య నిలువను కూడుకున్న నికరాదాయ కారకం (విదేశీ పెట్టుబడులు లేదా కార్మికుల వేతన చెల్లింపులపై వడ్డీ, లాభాంశాలు వంటివి) మరియు (విదేశీ మద్దతు వంటి) బయట నుండి వచ్చే బదలాయింపులు కాగా అవి సాధారణంగా మొత్తంలో ఒక చిన్న భాగమే అవుతాయి","క రె ంట ు    ఖా తా    నిలు వ    అప్పుడు    వాణిజ్య    నిలు వ ను    కూడ ు కున్న    నిక రా దాయ   కార కం    ( విదేశీ    పెట్టుబడ ులు    లేదా    కార్ మిక ుల    వే తన    చెల్లింప ులపై    వడ్డ ీ,    లా భా ంశ ాలు    వంటి వి )    మరియు    ( విదేశీ    మద్దతు    వంటి )    బయట    నుండి    వచ్చే    బద ల ాయ ింప ులు    కా గా    అవి    సాధారణంగా    మొత్తంలో    ఒక    చిన్న    భాగ మే    అవు త ాయి ",217,68
69,వాణిజ్య సమతుల్యత అనగా వస్తు సేవల యొక్క ఎగుమతుల విలువ మరియు దిగుమతుల విలువల మధ్యగల తేడా,వాణిజ్య    సమ తుల ్య త    అన గా    వస్త ు    సేవ ల    యొక్క    ఎగు మత ుల    విలువ    మరియు    దిగు మత ుల    విలు వల    మధ్య గల    తే డా ,74,26
70,"న్యూ ఢిల్లీలో 2018, డిసెంబర్ 19-20 వరకు సి","న్యూ    ఢిల్లీలో    201 8 ,    డిసెంబర్    19 - 20    వరకు    సి ",36,11
71,ఐ,ఐ ,1,1
72,ఐ,ఐ ,1,1
73,"భాగస్వామ్యంతో ఎంఎస్ ఎంఈ మంత్రిత్వ శాఖ నిర్వహించిన 15వ ఎస్ఎంఈ ప్రపంచ శిఖరాగ్ర సదస్సు ప్రారంభోత్సవంలో సూక్ష్మ, చిన్న, మధ్య తరహా పరిశ్రమల (ఎంఎస్ ఎంఈ) మంత్రి శ్రీ గిరిరాజ్ సింగ్ ప్రధానాంశం గురించి ప్రసంగిస్తూ, నిరంతర ప్రయాసల ఫలితంగా గ్లోబల్ ఈఓడీబీ ర్యాంకింగులో పెంపుదల మరియు జివిసి లతో అనుసంధానంలో ఎంఎస్ఎంఈలు ఎదుర్కున్న సవాళ్లను ఉద్దేశించడం జరిగాయని అన్నారు","భాగస్వామ ్య ంతో    ఎం ఎస్    ఎం ఈ    మంత్ర ి త్వ    శాఖ    నిర్వహ ించిన    15 వ    ఎస్ ఎం ఈ    ప్రపంచ    శిఖ రా గ్ర   స ద స్ సు    ప్రారంభ ో త్స వ ంలో    సూ క్ ష్ మ ,    చిన్న ,    మధ్య    తర హా    పరిశ్రమ ల    ( ఎం ఎస్    ఎం ఈ )    మంత్రి    శ్రీ    గి రి రాజ్    సింగ్    ప్రధా నా ంశ ం    గురించి    ప్ర సం గి స్తూ,    నిర ంతర    ప్రయా స ల    ఫలితంగా    గ్ లో బ ల్    ఈ ఓ డీ బీ    ర్యా ంక ిం గు లో    పె ంపు దల    మరియు    జి వి సి    లతో    అనుసంధాన ంలో    ఎం ఎస్ ఎం ఈ లు    ఎదు ర్ కున్న    స వా ళ్లను    ఉద్దేశ ించడం    జరిగ ాయని    అన్న ారు ",311,110
74,"ఈ కారకాలను పరిగణలోకి తీసుకుంటూ, సమమైన సంతులిత నష్టాలతో 7","ఈ    కార కాలను    పరిగణ లోకి    తీసుకు ంట ూ,    సమ మైన    సంత ుల ిత    నష్ట ాలతో    7 ",49,16
75,1 శాతం వద్ద క్యూ2; 6,1    శాతం    వద్ద    క్యూ 2 ;    6 ,16,7
76,5 శాతం వద్ద క్యూ3; మరియు 5,5    శాతం    వద్ద    క్యూ 3 ;    మరియు    5 ,21,8
77,"8 శాతం వద్ద క్యూ4 తో, 2022-23 లో ద్రవ్యోల్బణ ప్రక్షేపణ 6","8    శాతం    వద్ద    క్యూ 4    తో,    202 2 - 2 3    లో    ద్రవ్య ో ల్ బ ణ    ప్ర క్షే ప ణ    6 ",47,22
78,7 శాతం వద్ద నిలిచింది,7    శాతం    వద్ద    నిలిచ ింది ,18,5
79,"భారత దిగుమతి వృద్ధి, మందగిస్తూ ఉన్నా, ఎగుమతి వృద్ధిని మించి ఉండింది","భారత    దిగు మతి    వృద్ధ ి,    మంద గి స్తూ    ఉన్న ా,    ఎగు మతి    వృద్ధ ిని    మ ించి    ఉండ ింది ",59,18
80,"ప్రస్తుతం, వృద్ధి గణన అనేది ప్రధానంగా ఆర్ధిక పనితీరు (వృద్ధి రేటు, జిడిపి శాతంగా ద్రవ్య లోటు, జిడిపి శాతంగా ప్రభుత్వ ఋణం, జిడిపి శాతంగా పన్ను రాబడి) మీద, అలాగే సామజిక పనితీరు (పేదరికం, అసమానత, ఉపాధి స్థాయి, జనాభా యొక్క పోషకాహార స్థాయి మొదలగునవి) మీద దృష్టి పెట్టింది","ప్రస్తు త ం,    వృద్ధ ి    గణ న    అనేది    ప్రధానంగా    ఆర్ ధ ిక    పని తీ రు    ( వృద్ధ ి    రే ట ు,    జి డి పి    శా తంగా    ద్ర వ్య    లో ట ు,    జి డి పి    శా తంగా    ప్రభుత్వ    ఋ ణ ం,    జి డి పి    శా తంగా    పన్ను    రా బడ ి )    మీ ద ,    అలాగే    సామ జ ిక    పని తీ రు    ( పే ద రిక ం,    అ సమా న త,    ఉపా ధి    స్థ ాయి,    జనాభా    యొక్క    పోష కా హార   స్థాయి    మొద ల గు న వి )    మీద    దృష్టి    పెట్ట ింది ",230,89
81,ప్రస్తుత ఆర్థికపరమైన చర్చలు సాంఘిక మరియు ఆర్థిక నిర్వహణ మధ్యలో సంతులనానికి ఎక్కువగా మొగ్గు చూపుతూ పర్యావరణ నిర్వహణ పట్ల వాటి ప్రతిస్పందనలను కొంత నిర్లక్ష్యం చేస్తున్నాయి,ప్రస్తుత    ఆర్థ ిక పరమైన    చర్చ లు    సాం ఘ ిక    మరియు    ఆర్థిక    నిర్వహణ    మధ్యలో    సంత ుల నానికి    ఎక్కువగా    మొ గ్గ ు    చూపు తూ    పర్యావరణ    నిర్వహణ    పట్ల    వాటి    ప్రతిస్పంద నలను    కొంత    నిర్ లక్ష ్యం    చేస్తున్న ాయి ,150,34
82,"పునఃవ్యవస్థీకరణ తరువాత ఋణం యొక్క సముచితమైన విలువను అసలుపై మరియు పుణ్య:వ్యవస్థీకరణకు ముందస్తు మొత్తంపై విధించబడ్డ వడ్డీ రేటుని సూచించే నగదు ప్రవహాల ప్రస్తుత విలువను, పుణ్య:వ్యవస్థీకరణ తేదీ నాటికి బ్యాంకు బి","పున ః వ్యవస్థ ీకరణ    తరువాత    ఋ ణం    యొక్క    సము చిత మైన    విలువ ను    అ స లు పై    మరియు    పుణ్య : వ్యవస్థ ీ కరణ కు    ముంద స్తు    మొత్త ంపై    విధ ించబడ్డ   వడ్డీ    రే టు ని    సూచ ించే    నగదు    ప్రవహ ాల    ప్రస్తుత    విలువ ను,    పుణ్య : వ్యవస్థ ీకరణ    తే దీ    నాటికి    బ్యాంకు    బి ",182,51
83,పి,పి ,2,1
84,ఎల్,ఎల్ ,3,1
85,ఆర్,ఆ ర్ ,3,2
86,"కు సరిసమానమైన రేటుకి తగ్గించి, పునఃవ్యవసస్ఠీకరణ ఋణగ్రహీత వర్గానికి తగిన గడువు బీమాకిస్తీ మరియు అరువు విపత్తు బీమాకిస్తీ జోడించి లెక్కించబడుతుంది","కు    సరి సమా నమైన    రే టు కి    తగ్గ ించి,    పున ః వ్యవ స స్ ఠ ీకరణ    ఋ ణ గ్రహ ీ త    వర్గ ానికి    త గిన    గ డు వు    బీ మా కి స్త ీ    మరియు    అరు వు    వి పత్త ు    బీ మా కి స్త ీ    జోడ ించి    లెక్క ించబడు తుంది ",129,49
87,"అటుపిమ్మట, ద్రవ్యత్వ భారాల్ని తగ్గించి ఆర్థిక స్థిరతను రక్షించుకునేందుకు, భారతీయ రిజర్వ్ బ్యాంకు 50,000 కోట్లు విలువ చేసే స్పెషల్ లిక్విడిటీ ఫెసిలిటీ ఫర్ ఎం ఎఫ్స్ (ఎస్ఎల్ఎఫ్-ఎంఎఫ్) తో జోక్యం చేసుకుంది, ఇది ఆర్థిక విపణుల పట్ల విశ్వాసాన్ని పునఃస్థాపించేందుకు సహాయపడింది","అ టు పి మ్మ ట ,    ద్రవ్య త్వ    భార ాల్ ని    తగ్గ ించి    ఆర్థిక    స్థిర తను    రక్ష ించు కునే ందు కు,    భారతీయ    రిజ ర్ వ్    బ్యాంకు    50 ,000    కో ట్లు    విలువ    చేసే    స్పె షల్    ల ిక్ విడి టీ    ఫె సి లి టీ    ఫర్    ఎ ం    ఎఫ్ స్    ( ఎస్ ఎల్ ఎఫ్ - ఎం ఎఫ్ )    తో    జో క ్యం    చేసుకు ంది,    ఇది    ఆర్థిక    వి ప ణ ుల    పట్ల    విశ్ వా సా న్ని    పున ః స్థాప ించేందుకు    సహాయపడ ింది ",237,78
88,"ఇటీవలి ధరల ఆకస్మిక తీవ్ర పెంపుదల మరియు తదుపరి ధరల భారీ పెంపుదల గురించి భవిష్యకాలిక నిర్దేశం ఆర్థిక పరిస్థితుల బిగింపు, తీవ్ర అస్థిరత, మరియు విపత్తు పట్ల ప్రతికూలతకు దారితీసాయి","ఇటీవలి    ధర ల    ఆ క స్ మిక    తీవ్ర   పె ంపు దల    మరియు    తదుపరి    ధర ల    భారీ    పె ంపు దల    గురించి    భవిష్య కాలిక    నిర్ దేశం    ఆర్థిక    పరిస్థిత ుల    బి గ ింప ు,    తీవ్ర   అ స్థిర త,    మరియు    వి పత్త ు    పట్ల    ప్ర తిక ూ ల తకు    దారితీ స ాయి ",153,48
89,"పూర్తి విలువ చెల్లించే నోట్లు ఆర్బిఐ జారీ కార్యాలయం ద్వారా భాండాగార చెల్లింపులుగా పరిగణించబడతాయి, అదే సమయంలో సగం విలువ చెల్లించే నోట్లు మరియు నిరాకరించబడ్డ నోట్లు న్యాయబద్ధ నిర్ణయానికి ప్రతిపాదించబడిన నోట్లగా పరిగణించబడి తదనుగుణంగా వ్యవహరించబడతాయి","పూర్తి    విలువ    చెల్ల ించే    నో ట్లు    ఆర్ బి ఐ    జారీ    కార్యాలయం    ద్వారా    భా ండ ా గార   చెల్లింప ులుగా    పరిగణించబడ తాయి,    అదే    సమయంలో    సగ ం    విలువ    చెల్ల ించే    నో ట్లు    మరియు    నిరాకరించ బడ్డ   నో ట్లు    న్యాయ బద్ధ   నిర్ణయ ానికి    ప్రతిపాద ించబడిన    నో ట్ల గా    పరిగణించబడ ి    త ద ను గుణంగా    వ్యవహరించ బడ త ాయి ",221,53
90,భారత దేశంలో ఋణ భద్రతల ఘన పరిమాణంలో బ్రహ్మాండమైన వృద్ధి కలుగుతోంది,భారత    దేశంలో    ఋ ణ    భద్ర తల    ఘ న    పరిమాణ ంలో    బ్ర హ్ మాండ మైన    వృద్ధ ి    కలు గు తో ంది ,57,20
91,కలవరపెట్టే ఈ భౌగోళిక వాతావరణం ఉన్నప్పటికీ భారత ఆర్థికవ్యవస్థ స్థితిస్థాపకత కొనసాగిస్తూ ఉంది,కల వర పెట్ట ే    ఈ    భౌగోళ ిక    వాతావరణం    ఉన్న ప్పటికీ    భారత    ఆర్థ ిక వ్యవస్థ    స్థిత ి స్థాప క త    కొన సా గి స్తూ    ఉంది ,82,24
92,వస్తు సేవల ఆర్ధిక వ్యవస్థ మరియు ఆర్థిక స్థిరత్వం గురించి సంభావ్య పరిమాణాలతో ఆర్థిక విపణిలో ఆందోళన నెలకొంది,వస్త ు    సేవ ల    ఆర్ ధ ిక    వ్యవస్థ    మరియు    ఆర్థిక    స్థిర త్వం    గురించి    సంభా వ్య    పరిమాణ ాలతో    ఆర్థిక    వి ప ణి లో    ఆందోళ న    నెల కొ ంది ,93,27
93,"ఒక వ్యక్తి సమర్పించిన నోట్లు 5 కంటే ఎక్కువ ఉండి 5,000 విలువను మించని యెడల, అటువంటి నోట్లను నివేదకుడు బీమా చేయబడ్డ టపా ద్వారా అతని/ఆమె బ్యాంకు వివరాలు (ఖాతా నంబరు, శాఖ పేరు, ఐఎఫ్ఎస్సి మొ) అందిస్తూ సమీప కోశాగార శాఖకు పంపవలసిందిగా లేదా వాటిని అక్కడే స్వయంగా మార్చుకోవలసిందిగా సూచింపబడతారు","ఒక    వ్యక్తి    సమర్ప ించిన    నో ట్లు    5    కంటే    ఎక్కువ    ఉండి    5 ,000    విలువ ను    మ ించ ని    యె డ ల ,    అ టువంటి    నో ట్లను    నివేద కుడు    బీమా    చేయబడ ్డ   ట ప ా    ద్వారా    అతని / ఆమె    బ్యాంకు    వివర ాలు    ( ఖా తా    న ంబ రు,    శాఖ    పే రు,    ఐ ఎఫ్ ఎస్ సి    మొ )    అంది స్తూ    సమీప   కో శా గార   శాఖ కు    పంప వలస ింద ిగా    లేదా    వాటిని    అక్క డే    స్వయంగా    మార్చు కోవ ల స ింద ిగా    సూచ ింప బడ త ారు ",247,83
94,"వ్యక్తిగత సమాచారం మరియు వాస్తవాల గోప్యత, గోప్యతా హక్కులో ప్రధాన అంశమని అలాగే సిబిడిసి జారీ చేసేందుకు సమాచారం సేకరించేటప్పుడు పౌరుల అత్యుత్తమ ప్రయోజనానికి ప్రాధాన్యత ఇవ్వాలని, వ్యక్తిగతంగా గుర్తించదగిన ఆవశ్యక అవసరమైన సమాచారాన్ని మాత్రమే సేకరించాలని మరియు ఈ సమాచారాన్ని సేకరించిన ప్రయోజనానికి మాత్రమే వినియోగించాలని కూడా న్యాయస్థానం వ్యాఖ్యానించింది","వ్యక్తిగత    సమాచారం    మరియు    వాస్త వ ాల    గో ప్య త,    గో ప్య తా    హ క్కు లో    ప్రధాన    అంశ మని    అలాగే    సి బి డి సి    జారీ    చేసే ందుకు    సమాచారం    సేకరించ ే టప్పుడు    పౌర ుల    అత్యుత్త మ    ప్రయోజన ానికి    ప్రాధాన్య త    ఇవ్వ ాల ని,    వ్యక్తిగ తంగా    గుర్తించ ద గిన    ఆ వ శ్య క    అవసరమైన    సమాచారాన్ని    మాత్రమే    సేకరించ ాలని    మరియు    ఈ    సమాచారాన్ని    సేకరించ ిన    ప్రయోజన ానికి    మాత్రమే    వినియోగ ించాలని    కూడా    న్యాయ స్థానం    వ్యా ఖ్యా న ించ ింది ",311,73
95,"ఒక సైబర్ నేరగాడు, సమాచారం లేదా సేవలను నిలిపివేయడానికి లేదా నష్టం కలిగించడానికి మిగతా కంప్యూటర్లను చేరేందుకు ఒక కంప్యూటర్ లేదా నెట్‌వర్క్ మీద దాడి చేస్తాడు","ఒక    సై బర్    నేర గ ాడు,    సమాచారం    లేదా    సేవలను    నిలిపి వేయ డానికి    లేదా    నష్ట ం    కలిగ ించడానికి    మిగ తా    కంప్యూ టర్ లను    చే రే ందుకు    ఒక    కంప్యూటర్    లేదా    నెట్‌ వర్ క్    మీద    దాడి    చేస్త ాడు ",135,35
96,"ప్యాక్ చేయబడిన, డబ్బాలలో ఆహారపదార్థాలలో ఉప్పును సంరక్షణకారిగా వాడటం వలన చాలా అధిక స్థాయి సోడియం ఉంటుంది","ప్యా క్    చేయబడ ిన ,    డబ్బ ాలలో    ఆహార పదార్థ ాలలో    ఉ ప్పు ను    సంరక్ష ణ కార ిగా    వాడ టం    వలన    చాలా    అధిక    స్థాయి    సో డియ ం    ఉంటుంది ",91,27
97,"వాహనం కదులుతూ ఉండగా హఠాత్తుగా బ్రేక్ వేయడం, విన్యాసాలు చేయడం లేదా ప్రమాదం వంటివి సంభవించినప్పుడు బిగించి కట్టబడని సి","వాహ నం    కద ులు తూ    ఉండ గా    హ ఠా త్త ుగా    బ్ర ే క్    వేయ డం,    వి న్యా స ాలు    చేయడం    లేదా    ప్రమాద ం    వంటివి    సంభవ ించినప్పుడు    బి గ ించి    కట్ట బడ ని    సి ",102,34
98,ఆర్,ఆ ర్ ,3,2
99,ఎస్ వాహన లోపలిభాగం గుండా దూసుకుపోగలదు,ఎస్    వాహ న    లోప లి భాగం    గుండా    దూ సుకు పో గల దు ,33,12
100,"కాని, అదే ఉదయం నరపత్ సింగ్ విడుదల చేసిన తెల్లజాతి ఖైదీలలో ఒకరు ఆంగ్లేయుల శిబిరం వద్దకు వచ్చి, నరపత్ సింగ్ తాను కోటను ఖాళీ చేస్తానని, అయితే తన పగ తీర్చుకునేంత వరకు చేయనని చెప్పడం తాను విన్నట్లు జనరల్‌కు తెలియజేసాడు","క ాని ,    అదే    ఉద యం    నర ప త్    సింగ్    విడుదల    చేసిన    తె ల్ల జాతి    ఖై దీ లలో    ఒకరు    ఆంగ్ లే య ుల    శి బి రం    వద్ద కు    వచ్చ ి,    నర ప త్    సింగ్    తాను    కోటను    ఖా ళ ీ    చే స్తా న ని,    అయితే    తన    ప గ   తీ ర్చు కునే ంత    వరకు    చేయ నని    చెప్ప డం    తాను    వి న్న ట్లు    జన ర ల్‌కు    తెలియజే స ాడు ",183,66
101,"ఈ సమయంలో, లాహోర్ ప్రధాన సైన్యాధికారిగా ఒక రాబర్ట్ మోంట్‌గోమెరీ ఉన్నాడు","ఈ    సమయంలో,    లా హో ర్    ప్రధాన    సైన్ యా ధికార ిగా    ఒక    రా బర్ ట్    మో ంట్‌ గో మె రీ    ఉన్న ాడు ",62,21
102,"మియా మీర్ శిబిరం వద్ద, ఆంగ్లేయ సైనికులు ఒకరికి సిపాయిలు నలుగురి లెక్కన అధికంగా ఉన్నప్పటికీ, మీరట్ నుండి వార్త వచ్చేంత వరకు ఆంగ్ల అధికారులకు అనుమానమే రాలేదు, ఇక వార్త అందినప్పుడు వారు మీరట్ సిపాయిలతో రహస్య సంభాషణలు చేస్తున్నారో లేదో నిర్దారించుకోడం వారికి కష్టతరం అయ్యింది","మ ియా    మీర్    శి బి రం    వద్ద ,    ఆంగ్ లే య    సైని కులు    ఒక ర ికి    సి ప ాయి లు    నలు గు రి    లెక్క న    అధ ికంగా    ఉన్న ప్పటికీ,    మీ ర ట్    నుండి    వార్ త    వ చ్చే ంత    వరకు    ఆంగ్ల    అధికార ులకు    అను మాన మే    రాల ే దు,    ఇ క    వార్ త    అంద ినప్పుడు    వారు    మీ ర ట్    సి ప ాయి లతో    రహ స్య    సంభాష ణలు    చేస్తున్న ారో    లేద ో    నిర్ దార ించుకో డం    వారికి    కష్ట తరం    అయ్య ింది ",237,79
103,"ఇవి వ్యసనాత్మకం మాత్రమే కాకుండా, మెదడు మీద కూడా ప్రతికూల ప్రభావం కలిగిస్తాయి","ఇవి    వ్య స నా త్మ కం    మాత్రమే    కాకుండా,    మె ద డు    మీద    కూడా    ప్ర తిక ూ ల    ప్రభావం    కలిగ ి స్త ాయి ",67,22
104,"రోజు వెంట రోజు, ఇరువైపులా కొత్త సైన్యాలు వచ్చి చేరుతున్నాయి","రోజు    వెంట   రోజ ు,    ఇరు వై పుల ా    కొత్త    సైన్య ాలు    వచ్చి    చేరు తున్న ాయి ",52,15
105,"ఏదైనా వ్యక్తిగత పగ ఉండింటే, మంగళ్ పాండే పేరు అమరవీరుల జాబితాలో కాకుండా హంతకుల జాబితాలో ఉండేది","ఏదైనా    వ్యక్తిగత    ప గ   ఉండ ిం ట ే,    మంగ ళ ్    పాండ ే    పేరు    అ మర వీ ర ుల    జాబితాలో    కాకుండా    హ ంత కుల    జాబితాలో    ఉండే ది ",81,27
106,"ఒక క్షణకాలం నన్ను చూసాడు, మర్యాదగా ""నన్నునిజంగా క్షమించండి, మా దగ్గర యే మాత్రం జాగా లేదు,"" అని నాకు వీడ్కోలు పలికాడు","ఒక    క్ష ణ కాలం    న న్ను    చూ స ాడు,    మ ర్యా ద గా    "" న న్న ు నిజంగా    క్ష మ ించ ండి,    మా    దగ్గర    యే    మాత్ర ం    జా గా    లేద ు , ""    అని    నాకు    వీ డ్ కో లు    ప లిక ాడు ",100,42
107,"మన ఇళ్ళు, పరిసరాల నుండి చెత్తను తొలగించకపోతే ఏం జరుగుతుంది అనేదాని గురించి ఎప్పుడైనా ఆలోచించారా","మ న    ఇ ళ్ళ ు,    పరి సర ాల    నుండి    చె త్త ను    తొలగ ించ కపో తే    ఏ ం    జరుగు తుంది    అనే దాని    గురించి    ఎ ప్పుడ ైనా    ఆలోచ ించ ారా ",84,29
108,"ఈ మధ్య కాలంలో, అంకాత్మక సాంకేతికతల వినియోగం కారణంగా మన చుట్టూ ఉన్న ప్రపంచం చాలా మార్పులను చూసింది","ఈ    మధ్య    కాలంలో,    అం కా త్మక    సాంకే తిక తల    వినియోగ ం    కారణంగా    మ న    చుట్టూ    ఉన్న    ప్రపంచ ం    చాలా    మార్ప ులను    చూ స ింది ",84,24
109,"గతంలో,ఒక ఉత్తరం చేరడానికి రోజులు పట్టేది, అందుకునే ప్రతీ ఒక్కరూ అతడి లేక ఆమె తాలూకు సొంత ప్రతి అందేది, దానికి ప్రత్యేకంగా జవాబిచ్చే వారు","గ త ంలో , ఒక    ఉత్త రం    చేర డానికి    రోజ ులు    పట్ట ే ది,    అందు కునే    ప్ర తీ    ఒక్క రూ    అతడి    లే క    ఆమె    తాలూకు    సొంత    ప్రతి    అంద ే ది,    దానికి    ప్రత్యేకంగా    జ వా బి చ్చ ే    వారు ",118,38
110,"విప్లవాలను నడిపే స్పూర్తులు, వాటి అంతర్లీన సూత్రం మేలైనదా లేదా దుష్టమైనదా అనే దాన్నిబట్టి నిష్పత్తి లో పవిత్రమైనవిగా లేక అపవిత్రమైనవిగా పరిగణిస్తారు","వి ప్ లవ ాలను    నడిప ే    స్ పూర్ త ులు,    వాటి    అంతర్ లీ న    సూత్ర ం    మే లై నద ా    లేదా    దు ష్ట మైన దా    అనే    దా న్ని బట్టి    నిష్ పత్తి    లో    పవి త్ర మైన విగా    లే క    అ పవి త్ర మైన విగా    పరిగణి స్త ారు ",132,46
111,"ప్రతి ఒక్క సారి ఆయన భార్య చనిపోయి, దూరమవడంతో, కాబా గాంధీ వరుసగా నాలుగు సార్లు పెళ్లి చేసుకున్నాడు","ప్రతి    ఒక్క    సారి    ఆయన    భార్య    చనిపోయ ి,    దూర మ వడ ంతో,    కాబ ా    గాంధీ    వరుసగా    నాలుగు    సార్లు    పె ళ్ లి    చేసుకున్న ాడు ",84,22
112,"న్యాయం గురించి, బానిసత్వం నుండి విముక్తి గురించిన ఆలోచనలను ప్రజలలో మేల్కొలిపే ఉద్దేశ్యంతో రచనలు చేయడమనేది రచయితల సామాజిక బాధ్యతగా మారింది","న్యాయ ం    గు రించ ి,    బాని స త్వం    నుండి    వి ము క్తి    గురించిన    ఆలోచ నలను    ప్రజ లలో    మే ల్ కొ లి ప ే    ఉద్దేశ ్య ంతో    రచ నలు    చేయడ మ నే ది    రచయిత ల    సామాజిక    బాధ్య తగా    మార ింది ",122,39
113,అతని సామర్థ్యాన్ని మరియు స్వభావాన్ని అంచనా వేయడానికి ఈ ఒక్క వాస్తవం చాలు,అతని    సామర్థ ్యాన్ని    మరియు    స్వ భా వాన్ని    అంచనా    వేయ డానికి    ఈ    ఒక్క    వాస్త వం    చ ాలు ,63,16
114,"వేలాది మంది సిపాయిలు సంపూర్ణ క్రమశిక్షణ తో కవాతు చేసుకుంటూ సమరోచిత గీతాలు వాయిస్తూ, రంగురంగుల ధ్వజ పాతాకాలు ఊపుతూ ఆ శిఖరం నుండి నగరంలోకి ప్రవేశించడం మాకు స్పష్టంగా కనిపించింది","వే లాది    మంది    సి ప ాయి లు    సం పూర్ ణ    క్రమ శిక్షణ    తో    క వా తు    చేసుకు ంట ూ    సమ రో చిత   గీ త ాలు    వాయి స్తూ,    రం గు రంగ ుల    ధ ్వ జ    పా తా కాలు    ఊ పు తూ    ఆ    శిఖ రం    నుండి    నగర ంలోకి    ప్రవేశ ించడం    మా కు    స్పష్టంగా    కనిప ించ ింది ",153,54
115,"వారు కలిసి రామాయణ, మహాభారతాలను చదివారు; వారు కలిసి మరాఠాల యుద్ద సంబంధ చర్యల వృత్తాంతాలను చదివారు, దాంతో హిందూ వీర గాథలు మేల్కొలిపే గొప్ప ప్రేరణతో వారి యువ హృదయాలు కలిసి పులకరించిపోయాయి","వారు    కలిసి    రామ ాయ ణ,    మహా భారత ాలను    చ ది వార ు ;    వారు    కలిసి    మరాఠ ాల    యు ద్ద    సంబంధ   చర్య ల    వృత్త ాంత ాలను    చ ది వారు,    దా ంతో    హిందూ    వీ ర    గా థ లు    మే ల్ కొ లి ప ే    గొప్ప    ప్రే రణ తో    వారి    యు వ    హ ృ దయ ాలు    కలిసి    పుల కరించ ిపోయ ాయి ",160,58
116,తగిన సంఖ్యలో క్లౌడ్ ఫ్రీ దృశ్య అనుబంధ సమాచార సముదాయాల అలభ్యత అనేది వర్షాకాలంలో వ్యవసాయిక అప్లికేషన్ల కోసం ఆప్టికల్ సుదూర గ్రాహ్యత సమాచారాన్ని వినియోగించేందుకు ఒక పెద్ద అవరోధం,త గిన    సంఖ్యలో    క్ల ౌ డ్    ఫ్ర ీ    దృ శ ్య    అనుబంధ   సమాచార   సముదాయ ాల    అల భ ్య త    అనేది    వర్షా కాలంలో    వ్యవసాయ ిక    అప్ లిక ే ష న్ల    కోసం    ఆ ప్ టిక ల్    సు దూ ర    గ్రా హ ్య త    సమాచారాన్ని    వినియోగ ించేందుకు    ఒక    పెద్ద    అ వర ో ధ ం ,153,51
117,ఇంటర్నెట్‌లో ఏదైనా హానికరమైన ప్రకటనపై క్లిక్ చేస్తే అది మన సిస్టంలోకి కూడా చేరవచ్చు,ఇంటర్ నె ట్‌లో    ఏదైనా    హ ాని కరమైన    ప్రకట న పై    క్ల ిక్    చేస్త ే    అది    మ న    సి స్ట ంలోకి    కూడా    చేర వచ్చు ,73,23
118,"తన గుహ ప్రమాదంలో ఉండడం చూసి, అది గుహ నుండి బయటికి వచ్చి, తన పంజాతో భయంకరంగా కొట్టి శత్రువును గాయపరిచి, తనకు రక్తస్రావం అయ్యేలా చేసింది","తన    గుహ    ప్రమాద ంలో    ఉండ డం    చూ సి,    అది    గుహ    నుండి    బయట ికి    వచ్చ ి,    తన    పంజా తో    భయ ం కర ంగా    కొ ట్టి    శత్ర ు వును    గాయ పరిచ ి,    తనకు    రక్త స్రా వం    అయ్య ేలా    చేస ింది ",115,38
119,"వారిని తన వెంట పెట్టుకొని, నానా బిత్తూర్‌కు కాలినడకన వెళ్లి, కాన్పూర్ మీద దాడి చేస్తామని బెదిరించాడు","వారిని    తన    వెంట   పెట్టు కొని,    నా నా    బి త్త ూ ర్‌కు    కాల ిన డ క న    వెళ్ల ి,    కాన్ పూర్    మీద    దాడి    చే స్తా మని    బె ది రించ ాడు ",88,29
120,షేత్ మరియు అతని గుమాస్తాలు నా చుట్టూ గుమిగూడారు,షే త్    మరియు    అతని    గు మా స్త ాలు    నా    చుట్టూ    గు మిగ ూడ ారు ,41,14
121,"అతడి తరువాత, కొద్దికాలం కోసం రెండవ జెర్క్సీస్ వచ్చాడు","అతడి    తరువాత,    కొద్ద ిక ాల ం    కోసం    రెండవ    జె ర్ క్ సీ స్    వచ్చ ాడు ",47,15
122,అన్నదమ్ములకు ఒకరితో ఒకరికి ప్రగాఢమైన అనుబంధం ఉంది,అన్న ద మ్మ ులకు    ఒకరి తో    ఒక ర ికి    ప్ర గా ఢ మైన    అనుబంధ ం    ఉంది ,44,16
123,"వారు ఆ ప్రతిపాదనకు అంగీకరిస్తే, మిగతావారిని అలాగే చేసేందుకు ఒప్పించవచ్చని నాకనిపించింది","వారు    ఆ    ప్రతిపాద నకు    అంగ ీకరి స్తే,    మిగ తా వారిని    అలాగే    చేసే ందుకు    ఒప్ప ించ వచ్చని    నా కనిప ించ ింది ",79,20
124,పట్టణ ప్రాంతంలో అత్యంత క్రియాశీలకమైన అంశం వివిధ రకాల రవాణా పద్ధతులు ఉండటం,పట్టణ    ప్రాంతంలో    అత్యంత    క్ర ియా శీల కమైన    అంశ ం    వివిధ    రకాల    రవాణా    పద్ధ తులు    ఉండటం ,64,15
125,"ఒకవేళ క్రాష్ సంభవిస్తే, తిరిగి పొందేందుకు ఒక విధానం, లాగ్ ను సంప్రదించి, పూర్తి చేయబడ్డ మరియు మార్పులు తలపెట్టబడిన సెల్ స్టోరేజీను క్రమబద్ధంగా వెతికి, అప్పటి స్థితికి అనుగుణంగా, అయితే ఆ నమోదులను పాత మూల్యాంకనాలతో పునర్లిఖించడం లేదా ఆ స్థానాలల్లో కొత్త మూల్యాంకనాలకు సర్దటం జరిగేలా రైట్-అహెడ్-లాగ్ ప్రోటోకాల్ చూసుకుంటుంది","ఒకవేళ    క్రా ష్    సం భ విస్త ే,    తిరిగి    పొంద ేందుకు    ఒక    విధాన ం,    లా గ్    ను    సంప్రద ించి,    పూర్తి    చేయబడ ్డ   మరియు    మార్ప ులు    తల పెట్ట బడిన    సె ల్    స్టో రే జీ ను    క్రమ బద్ధ ంగా    వె తిక ి,    అప్పటి    స్థిత ికి    అను గు ణ ంగా,    అయితే    ఆ    నమో ద ులను    పాత    మూల ్యా ంక న ాలతో    పునర్ లి ఖ ించడం    లేదా    ఆ    స్థాన ాల ల్లో    కొత్త    మూల ్యా ంక న ాలకు    సర్ ద టం    జరిగ ేలా    రై ట్ - అ హె డ్ - లా గ్    ప్రో టో కాల్    చూ సుకు ంటు ంది ",283,93
126,"అనుకూలతలు పొందడంలో రాజీ ఒప్పందాలలో మొదటివి, ఒక ప్రతిబంధకం కంటే ఎక్కువ ఉన్నచో, ఈ ప్రతిబంధకాలను స్వాధీనం చేసుకుని విడుదల చేయడంలో ఎక్కువ సమయం వెచ్చించబడడం జరుగుతుంది మరియు రెండవది, ప్రమాణత వివాదాలు మరింత జటిలమవుతాయి","అనుకూల తలు    పొంద డంలో    రాజ ీ    ఒప్పంద ాలలో    మొదటి వి,    ఒక    ప్రతి బంధ కం    కంటే    ఎక్కువ    ఉన్న చో ,    ఈ    ప్రతి బంధ కాలను    స్వాధీనం    చేసుకు ని    విడుదల    చేయడంలో    ఎక్కువ    సమయం    వె చ్చ ించబడ డం    జరుగు తుంది    మరియు    రెండ వ ది,    ప్రమాణ త    వివాద ాలు    మరింత    జ టి ల మవు త ాయి ",187,51
127,"ఈత ప్రాంగణం అందుబాటులో ఉన్నట్లయితే, మునిగిపోవడం తాలూకు ప్రాణ-రక్షణ విధాన సాధన చేయటానికి ఉత్తమం","ఈ త    ప్రా ంగ ణం    అందుబాటులో    ఉన్న ట్లయితే,    ముని గి పో వడం    తాలూకు    ప్రాణ - రక్షణ    విధా న    సాధ న    చేయ టానికి    ఉత్త మం ",84,24
128,"ఈతకు సంబంధించిన ప్రథమ చికిత్సా విధానం గురించి ఆ విద్యార్థులకు ఏవైనా సందేహాలు ఉంటే, వారిని ప్రశ్నలు అడగమని ప్రోత్సహించాలి","ఈ తకు    సంబంధించిన    ప్ర థ మ    చికిత్స ా    విధా నం    గురించి    ఆ    విద్యార్థ ులకు    ఏవైనా    సందే హ ాలు    ఉంటే,    వారిని    ప్రశ్ నలు    అడగ మని    ప్రోత్సహ ించ ాలి ",106,27
129,పంజాబ్ సిపాయిలలో జాతీయ స్వాతంత్ర్య స్పూర్తి ఎంత వరకు మేల్కోన్నదో తెలుసుకునే అవసరం ఉండింది,పంజాబ్    సి ప ాయి లలో    జాతీయ    స్వాతంత్ర ్య    స్ పూర్తి    ఎంత    వరకు    మే ల్ కో న్న ద ో    తెలుసుకు నే    అవసరం    ఉండ ింది ,79,23
130,ఇటువంటి మహోన్నత క్షమాగుణం మా నాన్నకు స్వాభావికమైనది కాదు,ఇ టువంటి    మ హో న్నత    క్ష మా గు ణం    మా    నా న్న కు    స్వా భావ ిక మైనది    కా దు ,50,19
131,"ఈ తిరుగుబాటు ఒక రకంగా సర్ హెన్రీని సంతోషపరచింది, ప్రస్తుతానికి అతడు ఆంగ్ల రెజిమెంట్, ఫిరంగి దళాలు, అనేక పరీక్షలలో ఆంగ్లేయుల పట్ల తమ విధేయతను నిరూపించుకున్న సిక్కులు మరియు హిందుస్థానీల రెండు రెజిమెంట్లతో కూడిన ఎంపిక చేసుకున్న, విశ్వాసపాత్రమైన సైన్యాన్ని తన వద్ద ఉంచుకొన్నాడు","ఈ    తిరుగుబాటు    ఒక    ర కంగా    సర్    హె న ్ర ీని    సంతోష పరచ ింది,    ప్రస్తు త ానికి    అతడు    ఆంగ్ల    రె జి మె ంట్ ,    ఫి రంగ ి    దళ ాలు,    అనేక    పరీక్ష లలో    ఆంగ్ లే య ుల    పట్ల    తమ    విధ ేయ తను    ని రూప ించు కున్న    సిక్ కులు    మరియు    హింద ు స్థా నీ ల    రెండు    రె జి మె ంట్ లతో    కూడిన    ఎంపిక    చేసుకున్న ,    విశ్ వాస పాత్ర మైన    సైన్యాన్ని    తన    వద్ద    ఉంచు కొ న్న ాడు ",241,73
132,"ఆయుధాలు చుట్టూత అమర్చబడ్డాయి, అల్పాహారం తయారయింది, ఆకలిగొన్న నోళ్ళు మొదటి ముద్దని నములుతున్నాయి; పానీయపు పాత్రలు తయారుగా నింపబడ్డాయి","ఆయుధ ాలు    చుట్ట ూ త    అమ ర్చ బడ్డ ాయి,    అల్ పా హార ం    తయార య ింది,    ఆ కలిగ ొ న్న    నో ళ్ళు    మొదటి    ము ద్ద ని    న మ ులు తున్న ాయి ;    పా నీయ పు    పాత్రలు    తయ ారు గా    న ింప బడ్డ ాయి ",119,43
133,"మీ నుదుటి చెమట చిందించి మీ అల్పాహారాన్ని మీరు సంపాదించుకున్నారు, బ్రిటిష్ సైనికులారా, మీ శరీరాల నుండి తేరగా ప్రవహించే రక్తంతో కాదు, కాబట్టి మీ సైన్యాధికారులతో, చల్లటి మామిడి తోటల నీడల్లో, మీ అల్పాహారాన్ని ఆస్వాదించండి","మీ    ను దు టి    చె మ ట    చ ింద ించి    మీ    అల్ పా హార ాన్ని    మీరు    సంపాద ించు కున్న ారు,    బ్రిటిష్    సైనిక ుల ార ా,    మీ    శరీ ర ాల    నుండి    తే ర గా    ప్రవహ ించే    రక్త ంతో    కా దు,    కాబట్టి    మీ    సైన్ యా ధికార ుల తో,    చల్ల టి    మా మి డి    తో ట ల    నీ డ ల్ లో,    మీ    అల్ పా హార ాన్ని    ఆ స్వా ద ించ ండి ",191,68
134,"విత్తనాలు మొలకలుగా, ఆపై అవి పెరిగి మొక్కలుగా ఎదగడం లేదా కుక్కపిల్లలు కుక్కలుగా, పిల్లి పిల్లలు పిల్లులుగా ఎదగడం మొదలైనవి చూసింటారు","వి త్త నాలు    మొ ల కలు గా,    ఆపై    అవి    పెరిగ ి    మొక్క లుగా    ఎ ద గ డం    లేదా    కు క్క పిల్లలు    కు క్క లు గా,    పిల్ల ి    పిల్లలు    పిల్ల ులుగా    ఎ ద గ డం    మొద లైన వి    చూ సిం ట ారు ",115,41
135,అబ్బాయిలకు కూడా లైంగిక వేధింపులకు గురయ్యే అసహాయత సమానంగా ఉంది,అ బ్బ ాయి లకు    కూడా    లై ంగ ిక    వే ధ ింప ులకు    గుర య్య ే    అ సహాయ త    సమా నంగా    ఉంది ,54,21
136,"ఆ మెరుపు దాడి ఝాన్సీలో వినాశనాన్ని సృష్టిస్తుంటే, బాంకా తన కుమారులను స్వరాజ్యానికై కత్తులు దూసేందుకు సిద్ధంగా చూసి, వారు కనుక కత్తులు దూస్తే వారి పన్నాగాల గురించి తెల్లవారికి తనంతట తానే తెలియజేసి వారిని శిరచ్ఛేదనం చేయమని సలహా ఇస్తానని బెదిరించింది","ఆ    మెరు పు    దాడి    ఝ ా న్సీ లో    వి నాశ నాన్ని    సృష్ట ి స్తు ంటే,    బా ంకా    తన    కుమార ులను    స్వ రాజ్య ానిక ై    కత్త ులు    దూ సే ందుకు    సిద్ధంగా    చూ సి,    వారు    కను క    కత్త ులు    దూ స్తే    వారి    పన్న ా గ ాల    గురించి    తె ల్ల వారికి    తన ంత ట    తా నే    తెలియజే సి    వారిని    శి ర చ్ఛ ేద నం    చేయమని    సల హా    ఇ స్తా నని    బె ది రించ ింది ",217,71
137,స్టంట్ సినిమాని వ్యాప్తిలోకి రావడానికి చాలా వరకు బాధ్యత వహించిన చిత్రదర్శకులు వాడియా మూవీటోన్ కు చెందిన జేబిహెచ్ వాడియా మరియు ఆయన సోదరుడు హోమీ వాడియా,స్ట ంట్    సినిమా ని    వ్యాప్ తి లోకి    రావ డానికి    చాలా    వరకు    బాధ్యత    వహించిన    చిత్ర దర్శ కులు    వా డియా    మూ వీ టో న్    కు    చెందిన    జే బి హె చ్    వా డియా    మరియు    ఆయన    సోదరుడు    హో మీ    వా డియా ,130,37
138,"కదులుతున్న రైలు పైకప్పుపై తీసిన ఎన్నో పోరాట సన్నివేశాలు గల రైలుమార్గ ఉత్కంఠభరిత చిత్రం తూఫాన్ మెయిల్ (1932) తో మొదలుపెట్టి, వారు ఈ శైలికి రాజులయ్యారు","కద ులు తున్న    రైలు    పై క ప్పు పై    తీ సిన    ఎన్న ో    పోరాట    సన్నివేశ ాలు    గల    రై లు మార్గ   ఉత్ కం ఠ భ రిత    చిత్రం    తూ ఫా న్    మెయి ల్    ( 193 2 )    తో    మొదలు పెట్ట ి,    వారు    ఈ    శైల ికి    రాజ ుల య్య ారు ",130,46
139,"అస్సామీ సినిమా అనేది అస్సామీ భాషలో చలన చిత్రం, భారత్లోని అస్సాంలో ప్రధానంగా వీక్షింపబడుతుంది","అస్సా మీ    సినిమా    అనేది    అస్సా మీ    భాష లో    చల న    చిత్ర ం,    భార త్ లోని    అస్సా ంలో    ప్రధానంగా    వీ క్ష ింప బడు తుంది ",82,23
140,శాస్త్రీయ రూపాంతరణలు కొంత తక్కువ పారదర్శకంగా ఉంటాయి,శాస్త్రీయ    రూపా ంత రణ లు    కొంత    తక్కువ    పార దర్శ కంగా    ఉంట ాయి ,46,12
141,"మరీ ముఖ్యంగా, చేతి యొక్క లౌకిక కపటోపాయము మరియు దీని వలన ఉద్దేశం వ్యక్తమవుతుంది","మర ీ    ముఖ్య ంగా,    చే తి    యొక్క    ల ౌ క ిక    క ప టో పాయ ము    మరియు    దీని    వలన    ఉద్దేశ ం    వ్యక్త మవు తుంది ",68,24
142,"అవి నవలని మరేదో రూపంలో సాకారపరుస్తాయి, ఫలితంగా ఒక సంక్లిష్టమైన వ్యవహారం, ఒక శైలుల మిశ్రమం అవుతుంది","అవి    న వల ని    మర ేద ో    రూపంలో    సా కార పరు స్తాయి,    ఫలితంగా    ఒక    సం క్లి ష్ట మైన    వ్యవహ ార ం,    ఒక    శైల ుల    మి శ్రమ ం    అవు తుంది ",86,29
143,"ఎఫ్టిటిఐ మొట్ట మొదటి ఆన్లైన్ ఫిల్మ్ ఆప్రీసియేషన్ కోర్సును , 15 జూన్ నుండి 11 జులై, 2020 వరకు ప్రవేశ పెట్టింది","ఎఫ్ టి టి ఐ    మొట్ట   మొదటి    ఆన్ లైన్    ఫిల్మ్    ఆ ప్రీ సియే షన్    కోర్ సును    ,    15    జూన్    నుండి    11    జ ుల ై ,    2020    వరకు    ప్రవేశ   పెట్ట ింది ",93,29
144,ఈ పాఠ్యక్రమం పూణే లోని నేషనల్ ఫిల్మ్ ఆర్కైవ్స్ ఆఫ్ ఇండియా సమన్వయంతో కూర్చబడింది,ఈ    పాఠ ్య క్రమం    పూ ణ ే    లోని    నేషనల్    ఫిల్మ్    ఆర్ కై వ్ స్    ఆఫ్    ఇండియా    సమ న్ వయ ంతో    కూర్చ బడ ింది ,69,23
145,"ఆలివ్ గ్రీన్ షిఫాన్ చీరలో, ఫాత్మా అక్షరాలా ఆమెను నేను బేగంగా ఊహించుకున్నట్టే కనిపించింది","ఆ లి వ్    గ్రీ న్    షి ఫా న్    చీ ర లో,    ఫా త్ మా    అక్ష రాల ా    ఆమెను    నేను    బే గంగా    ఊహ ించు కున్న ట్ట ే    కనిప ించ ింది ",78,29
146,"తన వ్యాసం, రాబోయే తన పుస్తకం నుండి ఒక సంగ్రహం, శోషణ సినిమాల చీకటిరాజ్యం యొక్క స్పష్టమైన స్వరూపాన్ని చూపిస్తుంది","తన    వ్యా సం,    రా బో యే    తన    పుస్త కం    నుండి    ఒక    సం గ్రహ ం,    శో ష ణ    సినిమ ాల    చీ క టి రాజ్యం    యొక్క    స్పష్ట మైన    స్వర ూ పా న్ని    చూ పి స్తుంది ",97,33
147,ప్రత్యేక ఆస్కార్ కైవసం చేసుకున్న అతని స్నో వైట్ అండ్ ద సెవెన్ డ్వార్ఫ్స్ (1937) తో పూర్తి నిడివిగల వర్ణ ధ్వనుల కార్టూన్ చిత్రాలు గుర్తింపు పొందటం ప్రారంభించాయి,ప్రత్యేక    ఆ స్కార ్    కై వ సం    చేసుకున్న    అతని    స్ నో    వై ట్    అండ్    ద    సె వె న్    డ ్వ ార్ ఫ్ స్    ( 193 7 )    తో    పూర్తి    ని డి వి గల    వర్ ణ    ధ ్వ న ుల    కార్ టూ న్    చిత్రాలు    గుర్తింపు    పొంద టం    ప్రారంభ ించ ాయి ,138,49
148,"సౌండ్ ట్రాక్ అనేది సారాంశరీత్యా, సాంప్రదాయిక మూలమూర్తుల ఆచార విధి ప్రకారమైన వేడుకగా ఉండేదని ఆయన వాదన","సౌ ండ్    ట్రాక్    అనేది    సార ా ంశ రీ త్యా ,    సాంప్రదాయ ిక    మూల మూ ర్త ుల    ఆచార   విధ ి    ప్రకార మైన    వేడుక గా    ఉండే దని    ఆయన    వాద న ",88,28
149,"1912 లో, దాదాసాహెబ్ ఫాల్కే తొలి భారతీయ ఆనిమేషన్ చిత్రాన్ని నిర్మించారు, దాని తరువాత వచ్చిన విరామం 40 ఏళ్ల పైన కొనసాగింది","19 12    లో,    దాదా సా హె బ్    ఫ ాల్ కే    తొలి    భారతీయ    ఆ ని మే షన్    చిత్రాన్ని    నిర్మ ించారు,    దాని    తరువాత    వచ్చిన    వి రామ ం    40    ఏళ్ల    పైన    కొనసాగ ింది ",104,30
150,"1956లో, చలనచిత్ర విభాగం ఒక కార్టూన్ చిత్రాల విభాగాన్ని స్థాపించింది, ఇక్కడికి అనుభవజ్ఞ్యుడైన డిస్నీ ఆనిమేటర్ క్లేర్ వీక్స్ విద్యార్థులకు శిక్షణనివ్వడానికి ఆహ్వానింపబడ్డారు","195 6 లో,    చలనచిత్ర    విభాగం    ఒక    కార్ టూ న్    చిత్ర ాల    వి భాగాన్ని    స్థాప ించింది,    ఇక్క డికి    అనుభవ జ్ఞ ్యు డైన    డి స్ నీ    ఆ ని మే టర్    క్ లే ర్    వీ క్స్    విద్యార్థ ులకు    శిక్ష ణ ని వ్వ డానికి    ఆహ్వా న ింప బడ్డ ారు ",155,45
151,"భారత చిత్ర పరిశ్రమ, అది నిర్మిస్తున్న సినిమాల భారీ సంఖ్యకు ప్రపంచవ్యాప్తంగా సుప్రసిద్ధం: ఈ సంఖ్య నిరంతరంగా పెరుగుతూనే ఉంది, అలాగే మద్రాసు, బెంగళూరు, కలకత్తా మరియు హైదరాబాదుతో సహా వివిధ నగరాల్లో మొత్తం మీద సుమారు 800 చిత్రాలు నిర్మింపబడతున్నాయని ఇటీవలి నివేదికలు అంచనా వేస్తున్నాయి","భారత    చిత్ర    పరిశ్రమ ,    అది    నిర్ మి స్తున్న    సినిమ ాల    భారీ    సంఖ్య కు    ప్రపంచ వ్యాప్తంగా    సు ప్రసిద్ధ ం :    ఈ    సంఖ్య    నిర ంతర ంగా    పెరుగు తూ నే    ఉంది,    అలాగే    మద ్రా స ు,    బెంగ ళూ రు,    కల కత్త ా    మరియు    హైదరా బా దు తో    సహా    వివిధ    నగర ాల్లో    మొత్తం    మీద    సుమారు    8 00    చిత్రాలు    నిర్మ ింప బడ తున్న ాయని    ఇటీవలి    నివేదిక లు    అంచనా    వే స్తున్న ాయి ",247,66
152,భారత ఉపఖండంలో ఈ ఇరు సహోదర భాషలు ఆరు ఉత్తరాది రాష్ట్రాలలో వాడుకలో ఉండి 50 కోట్ల మందికి పైగా అర్ధమవుతాయి అనేది 1931లో భారతీయ వెండితెరకి ధ్వని పరిచయమైనప్పుడు భారత ప్రజాదరణ పొందిన సినిమాకి పద్నాలుగు అధికారిక భారతీయ భాషలోకెల్లా హిందీ మరియు ఉర్దూను ఎంచుకోవడానికి తగినంత కారణం,భారత    ఉపఖండ ంలో    ఈ    ఇ రు    సహ ో ద ర    భాష లు    ఆరు    ఉత్తరా ది    రాష్ట్రాలలో    వాడు క లో    ఉండి    50    కోట్ల    మందికి    పైగా    అర్ధ మవు త ాయి    అనేది    193 1లో    భారతీయ    వె ండ ిత ె ర కి    ధ ్వ ని    పరిచ య మైన ప్పుడు    భారత    ప్రజాదరణ    పొందిన    సినిమా కి    పద్ నాలుగు    అధికారిక    భారతీయ    భాష లో కె ల్ల ా    హిందీ    మరియు    ఉ ర్ దూ ను    ఎంచు కోవడానికి    తగిన ంత    కారణం ,234,70
153,"భారతీయ చిత్రసీమ సమ్మిళితమైన ధ్వనిని ఎన్నడూ అర్ధం చేసుకోలేదని, చెన్నైకి చెందిన పురస్కార విజేత అయిన ఒక చిత్రదర్శకుడు మరియు అధ్యాపకుడు కె","భారతీయ    చిత్ర సీ మ    స మ్మి ళ ిత మైన    ధ ్వ ని ని    ఎన్న డ ూ    అర్ధ ం    చేసుకో లేద ని,    చెన్న ై కి    చెందిన    పురస్కార   విజే త    అయిన    ఒక    చిత్ర దర్శకుడు    మరియు    అధ ్యా ప కుడు    కె",118,38
154,హరిహరన్ అంటారు,హ రి హ ర న్    అ ంట ారు ,13,8
155,"ఆ విధంగా భారతీయ చిత్ర పరిశ్రమ వందేళ్లకు పైగా చరిత్ర కలిగి ఉంది, ఐరోపా లేదా అమెరికా చిత్ర పరిశ్రమ మాదిరిగా","ఆ    విధంగా    భారతీయ    చిత్ర    పరిశ్రమ    వంద ే ళ్ లకు    పైగా    చరిత్ర    కలిగి    ఉంది,    ఐ రోప ా    లేదా    అమెరికా    చిత్ర    పరిశ్రమ    మాదిరి గా ",90,22
156,"చలనచిత్ర శాస్త్రసిద్ధాంతం గురించి 1960 లలో ఇటువంటి పునరాలోచన సినిమా విమర్శనం ద్వారా (1950 లలో జరిగినట్లు) వచ్చింది కాదు, కానీ వ్యవస్థీకృత భాషాశాస్త్రం మరియు భావ ప్రకటనాధ్యయనం వంటి ఇతర విషయాలనుంది నుండి వచ్చిందన్న అభిప్రాయం గురించి చేసే ప్రయాస ఉపయోగ్యమైనది","చలనచిత్ర    శాస్త్ర సిద్ధాంత ం    గురించి    196 0    లలో    ఇ టువంటి    పున రా లో చ న    సినిమా    విమర్శ నం    ద్వారా    ( 195 0    లలో    జరిగ ిన ట్ లు )    వచ్చ ింది    కా దు,    కానీ    వ్యవస్థ ీకృ త    భా షా శాస్త్ర ం    మరియు    భా వ    ప్రకట నా ధ్య య నం    వంటి    ఇతర    విషయ ాలను ంది    నుండి    వచ్చ ింద న్న    అభిప్రాయ ం    గురించి    చేసే    ప్రయా స    ఉపయోగ ్య మైనది ",225,66
157,"1970 లలో మనోవిశ్లేషణ మరియు వేదాంతంతో, ఆ తరువాత 1980 లలో చరిత్రతో, ఈ క్రమం పునరావృతం అయి వివాదాన్ని పొడిగించేది","197 0    లలో    మనో విశ్ లేష ణ    మరియు    వే దా ంత ంతో,    ఆ    తరువాత    198 0    లలో    చరిత్ర తో,    ఈ    క్రమం    పున రా వృ తం    అయి    వివా దాన్ని    పొ డిగ ించే ది ",95,32
158,న్యూ ఇండియన్ సినిమా వంటి మరింత నవీన దృష్టికోణాలు సాంప్రదాయక బాలీవుడ్ కళాత్మకత నుండి వేరు పడటం ఉద్దేశ్యంగా ప్రత్యక్షమవుతాయి,న్యూ    ఇండియన్    సినిమా    వంటి    మరింత    న వీ న    దృష్ట ిక ో ణ ాలు    సాంప్రదాయ క    బాలీవుడ్    కళా త్మ క త    నుండి    వేరు    పడ టం    ఉద్దేశ ్య ంగా    ప్రత్య క్ష మవు త ాయి ,108,32
159,"ఈ ఇతివృత్తాలు పాశ్చాత్యం సమీకృతమైన సమకాలీక భారతదేశ స్వరూపాన్ని చూపిస్తాయి, కానీ ఆ సంప్రదాయం మరియు భిన్నమైన బహుభాషా దేశంగా భారతదేశ నిజమైన స్వరూపం విశదమవుతాయి","ఈ    ఇతి వృత్త ాలు    పాశ్చా త ్యం    సమీ కృ తమైన    సమ కాల ీ క    భారతదేశ    స్వర ూ పా న్ని    చూ పి స్తాయి,    కానీ    ఆ    సంప్రదాయ ం    మరియు    భిన్న మైన    బహు భాషా    దేశ ంగా    భారతదేశ    నిజమైన    స్వర ూ పం    వి శ ద మవు త ాయి ",138,44
160,"ఈరోజుల్లో సినిమాలు మాతృత్వం, ప్రతీకారం వంటి పునరావృత ఇతివృత్తాలతో సంస్కృతంలోని ప్రాచీన పురణేతిహాసాల ప్రభావం ద్వారా భారతదేశంలోని భిన్నత్వాన్ని సమీకరిస్తున్నాయి, లేదా భారత సమాజ సోపానక్రమాన్ని అనుసరిస్తున్న సాంప్రదాయక విలువలను కొనసాగించే ప్రయత్నం చేస్తున్నాయి","ఈ రోజ ుల్లో    సినిమ ాలు    మా తృ త్వ ం,    ప్రతీ కారం    వంటి    పున రా వృ త    ఇతి వృత్త ాలతో    సంస్కృ త ంలోని    ప్రాచీన    పు రణ ే తి హాస ాల    ప్రభావం    ద్వారా    భారతదేశ ంలోని    భిన్న త్వాన్ని    సమీ కరి స్తున్న ాయి,    లేదా    భారత    సమా జ    సో పా న క్ర మాన్ని    అను సరి స్తున్న    సాంప్రదాయ క    విలువ లను    కొనసాగ ించే    ప్రయత్నం    చేస్తున్న ాయి ",232,60
161,"చిత్రాల కథన కూర్పులో కూడా ఈ ప్రభావం తెలుస్తుంది, తరచుగా పక్కదారులు పట్టడంతో భారతీయ చిత్రాలు పాశ్చాత్య ప్రేక్షకులకు అతి దీర్ఘంగా అనిపిస్తాయి","చిత్ర ాల    కథ న    కూ ర్ పు లో    కూడా    ఈ    ప్రభావం    తెలు స్తుంది,    తరచుగా    పక్క దారులు    పట్ట డంతో    భారతీయ    చిత్రాలు    పాశ్చా త్య    ప్రేక్ష కులకు    అతి    దీర్ఘ ంగా    అని పి స్త ాయి ",123,31
162,ప్రత్యేకంగా పురుష దృష్టికోణపు ఈ కథా కథన ఆచారాన్ని మనం సహజంగానే అంగీకరిస్తాం,ప్రత్యేకంగా    పురుష   దృష్ట ిక ో ణ పు    ఈ    కథ ా    కథ న    ఆచార ాన్ని    మ నం    సహ జ ంగా నే    అంగ ీకరి స్తా ం ,66,24
163,"1960 లో విద్యాసంబంధ పాఠ్యక్రమాలు ప్రారంభమైనప్పటి నుండి, ఈ సంస్థ నియమంగా శిక్షణకు సంబంధించిన పాఠ్యప్రణాళిక స్థాయిని పెంచుకుంటూ, చిత్ర సంబంధిత అభ్యసనాన్ని సుసంపన్నం చేస్తూ, నిజంగా ఒక ఉత్కృష్ఠ కేంద్రంగా నిలవాలన్న ఆదేశాన్ని సాకారం చేసుకోనేందుకు మౌలిక సదుపాయాలను పెంపొందించుకుంది","196 0    లో    విద ్యా సంబంధ   పాఠ ్య క్రమ ాలు    ప్రారంభ మైన ప్పటి    నుండి,    ఈ    సంస్థ    నియమ ంగా    శిక్ష ణకు    సంబంధించిన    పాఠ ్య ప్రణాళిక    స్థాయ ిని    పెంచు కుంట ూ,    చిత్ర    సంబంధిత    అభ్య స నాన్ని    సు సం పన్న ం    చేస్త ూ,    నిజంగా    ఒక    ఉత్ కృ ష్ఠ   కేంద్రంగా    నిల వాల న్న    ఆదేశ ాన్ని    సా కారం    చేసుకో నే ందుకు    మౌ లిక    స దు పాయ ాలను    పె ం పొంద ించు కు ంది ",245,68
164,ఈ ఇన్స్టిట్యూట్ చిత్రానిర్మాణ కళా నైపుణ్యాలలో ఒక కొత్త పరివర్తనం వైపుగా ఎన్నో మైలురాళ్ళు దాటింది,ఈ    ఇన్ స్టిట్యూ ట్    చిత్ర ాని ర్ మా ణ    కళ ా    నైపుణ్య ాలలో    ఒక    కొత్త    పరి వర్త నం    వైపు గా    ఎన్న ో    మై లు రా ళ్ళు    దాట ింది ,85,28
165,"ఈ చారిత్రాత్మక పురోగతిని ఆంగ్లంలో భారతీయ కథా కథనాల వృద్ధికి కాలక్రమానుగతంగా నిష్క్రమణ బిందువుగా పరిగణిస్తే ఇతర చిత్ర పరిశ్రమలు లేదా ఇతర దేశాల చిత్ర పరిశ్రమల నడుమ భారతీయ చిత్ర నిర్మాణ రంగం గురించి, ఈ పదాలలో పరిమితి దాటకుండా, అర్ధంచేసుకునేందుకు మనకు సహాయపడుతుంది","ఈ    చారిత ్రా త్మక    పుర ోగ తిని    ఆంగ్ ల ంలో    భారతీయ    కథ ా    కథ నాల    వృద్ధ ికి    కాల క్ర మా ను గ తంగా    నిష్ క్రమ ణ    బ ింద ు వుగా    పరిగణి స్తే    ఇతర    చిత్ర    పరిశ్రమ లు    లేదా    ఇతర    దేశ ాల    చిత్ర    పరిశ్రమ ల    నడు మ    భారతీయ    చిత్ర    నిర్మాణ    రంగ ం    గు రించ ి,    ఈ    పద ాలలో    పరిమిత ి    దాట కుండా,    అర్ధ ం చేసుకు నే ందుకు    మ నకు    సహాయ పడు తుంది ",228,70
166,"ఈ సంభాషణ టైటిల్స్ కి మధ్య మధ్యలో కార్డురూపంలో కనిపించేది, ఇది తరచుగా ఆంగ్లంలో, మరియు రెండు మూడు భారతీయ భాషలలో ఉండేది","ఈ    సంభాష ణ    టైటి ల్స్    కి    మధ్య    మధ్యలో    కార్ డు రూపంలో    కనిప ించే ది,    ఇది    తరచుగా    ఆంగ్ ల ంలో,    మరియు    రెండు    మూడు    భారతీయ    భాష లలో    ఉండే ది ",100,27
167,"విస్తృత ఆర్థిక సవరణలు, సాటిలైట్ టెలివిజన్ ప్రారంభం అవటం, పాశ్చాత్య ధ్వనులు మరియు నిర్మాణ మెళకువలు అందుబాటులోకి రావటం, ప్రపంచవ్యాప్తంగా హిందీ సినిమా విస్తృత అధికారిక పంపిణి మరియు ప్రదర్శన, అన్నీ గణనీయంగా కార్యరూపం దాల్చుతాయి","విస్తృ త    ఆర్థిక    సవర ణ లు,    సా టి లై ట్    టెలివిజన్    ప్రారంభ ం    అవ టం,    పాశ్చా త్య    ధ ్వ న ులు    మరియు    నిర్మాణ    మె ళ కు వ లు    అందుబాటు లోకి    రావ టం,    ప్రపంచ వ్యాప్తంగా    హిందీ    సినిమా    విస్తృ త    అధికారిక    పంపి ణి    మరియు    ప్రదర్శ న,    అన్న ీ    గణనీయంగా    కార్య రూప ం    ద ాల ్చ ు త ాయి ",198,56
168,"వీరి చేతులలో, చలన చిత్రం దృశ్య స్వభావాన్ని చాలావరకు కోల్పోయి కేవలం సాహిత్య సంబంధమైన పదాలతో నిండిన ఉత్పత్తిగా మిగిలిపోయింది","వీ రి    చేత ుల లో,    చల న    చిత్రం    దృ శ ్య    స్వ భా వాన్ని    చాలా వరకు    కోల్పోయ ి    కేవలం    సాహిత ్య    సంబంధ మైన    పద ాలతో    నిం డ ిన    ఉత్పత్తి గా    మిగి లి పోయ ింది ",108,34
169,"కొన్నిసార్లు కేవలం పియానో సహకారం ఉండేది, కానీ ఎన్నో చిత్రాలలో వయోలిన్, హార్మోనియము, తబలాలు తదితర సంగీత వాయిద్యాలు చేర్చగలిగేట్లు ఉండేవి","కొన్ని సార్లు    కేవలం    ప ియా నో    సహ కారం    ఉండే ది,    కానీ    ఎన్న ో    చిత్రాలలో    వయ ో లి న్,    హార్ మో నియమ ు,    త బల ాలు    త దిత ర    సంగీత    వాయి ద్య ాలు    చేర్చ గలి గే ట్లు    ఉండే వి ",120,38
170,వాద్య సహకారం ప్రత్యక్షంగా ఉండి కథనానికి నాటకరూపాన్ని అందించేందుకు తోడ్పడింది,వాద ్య    సహ కారం    ప్రత్య క్ష ంగా    ఉండి    కథ నానికి    నాట క రూపా న్ని    అంద ించేందుకు    తో డ్ పడ ింది ,69,20
171,"ఈ స్టంట్ చిత్రం మరియు సాహసక్రియా చిత్రం అందరికీ ఆకర్షణీయంగా అనిపించలేదు: విద్యావంతుల శ్రేణులు వాటిని జనాకర్షకమైనదిగా , అశ్లీలమైనదిగా మరియు దుష్ట ప్రభావం గలదిగా చూశాయి","ఈ    స్ట ంట్    చిత్రం    మరియు    సాహ స క్ర ియా    చిత్రం    అంద రిక ీ    ఆకర్ష ణ ీ యంగా    అనిప ించ లేద ు :    విద ్యా వంత ుల    శ్రేణ ులు    వాటిని    జనా కర్ ష క మైనదిగా    ,    అ శ్ లీ ల మైనదిగా    మరియు    దు ష్ట    ప్రభావం    గల దిగా    చూ శ ాయి ",147,49
172,ఈ సినిమా శైలుల విభజన కారణంగానే పంపిణీదారులు మరియు నిర్మాతలు సినిమాలను రెండు వర్గాలుగా చూస్తూ ఉన్నారు: ఉన్నత శ్రేణి వారి కోసం సినిమాలు మరియు జనసామాన్యుల కోసం సినిమాలు,ఈ    సినిమా    శైల ుల    విభజన    కారణ ంగా నే    పంపిణ ీ దారులు    మరియు    నిర్మా తలు    సినిమ ాలను    రెండు    వర్గ ాలుగా    చూ స్తూ    ఉన్న ారు :    ఉన్నత    శ్రేణి    వారి    కోసం    సినిమ ాలు    మరియు    జన సామా న్య ుల    కోసం    సినిమ ాలు ,144,38
173,ఫిల్మ్ అప్రీసియేషన్ కోర్స్ యొక్క శీతాకాల తరగతులను 23 నవంబర్ 2020 లో ప్రారంభించారు,ఫిల్మ్    అ ప్రీ సియే షన్    కోర్ స్    యొక్క    శీతా కాల    తరగ త ులను    2 3    నవంబర్    2020    లో    ప్రారంభ ించారు ,71,20
174,"ఆవిధంగా, నవల ప్రస్తావించిన సామాజిక-ఆర్థిక లేదా రాజకీయ విశేషాలను తెలుసుకోవాలన్న ఆకాంక్ష నుండి నాటి కాలాన్ని (ఆహార్యం మరియు అలంకారం విశేషాలను) చూడాలన్న ఆకాంక్షవైపు మన దృష్టి మళ్ళుతుంది","ఆ విధంగా,    నవ ల    ప్రస్తావ ించిన    సామాజ ిక - ఆర్థిక    లేదా    రాజకీయ    వి శేష ాలను    తెలుసుకోవ ాల న్న    ఆ కాం క్ష    నుండి    నాటి    కాల ాన్ని    ( ఆహార ్యం    మరియు    అలం కారం    వి శేష ాలను )    చూడ ాల న్న    ఆ కాం క్ష వైపు    మ న    దృష్టి    మళ్ళ ు తుంది ",162,48
175,ఇక్కడి పూర్వ విద్యార్థులు చిత్ర నిర్మాణంలో తమ ప్రావీణ్యతతో వరుసగా గుర్తింపు సంపాదిస్తూ ఉన్నారు,ఇక్క డి    పూర్ వ    విద్యార్థ ులు    చిత్ర    నిర్మాణ ంలో    తమ    ప్రా వీ ణ్య త తో    వరుసగా    గుర్తింపు    సం పా ది స్తూ    ఉన్న ారు ,84,23
176,"అత్యంతాధునిక సౌకర్యాలతో, ఎఫ్టిఐఐ కళాత్మక వ్యక్తీకరణలో వినూత్న శైలి గల వర్ధమాన చిత్రదర్శకుల కోసం సృజనాత్మక వాతావరణాన్ని అందిస్తోంది","అత్య ంత ా ధు నిక    సౌకర్య ాల తో,    ఎఫ్ టి ఐ ఐ    కళా త్మక    వ్యక్ తీ కరణ లో    వి నూ త్ న    శైలి    గల    వర్ ధ మాన    చిత్ర దర్శ కుల    కోసం    స ృ జనా త్మక    వాతావర ణ ాన్ని    అంది స్త ో ంది ",117,42
177,"మనని, ప్రేక్షకులని, ప్రేరేపించేది నవలలోని వర్తమాన స్థితిగతులు, ఆస్టిన్ హీరోయిన్లు జీవించిన కాలం గురించిన భావోద్వేగం , లేదా పాగ్నోల్ మరియు ఫోరస్టర్ల పాత్రలు, మన ఊహల్లోని గతం తాలూకు స్మృతులే గానీ, అనవసర మార్పులను సూచించే అలనాటి వర్తమాన మూల రచనల స్మృతులు కాదు","మన ని,    ప్రేక్ష కుల ని,    ప్రే రే ప ించే ది    న వల లోని    వర్త మాన    స్థిత ి గ త ులు,    ఆ స్టి న్    హీ రో యి న్లు    జీవ ించిన    కాలం    గురించిన    భావ ో ద్ వేగ ం    ,    లేదా    పా గ్ నో ల్    మరియు    ఫో ర స్ట ర్ల    పాత్ర లు,    మ న    ఊహ ల్ లోని    గ తం    తాలూకు    స్మ ృ తుల ే    గా నీ,    అ నవ స ర    మార్ప ులను    సూచ ించే    అల నాటి    వర్త మాన    మూ ల    రచ నల    స్మ ృ తులు    కా దు ",224,84
178,చేనులోని మట్టి యొక్క స్వరూప లక్షణాన్ని విర్ణించి స్వభావచిత్రణం మరియు వర్గీకరణకై ప్రయోగ పరిశోధనలకు దాని నమూనాలు సేకరించబడుతాయి,చే ను లోని    మ ట్టి    యొక్క    స్వర ూ ప    లక్షణ ాన్ని    వి ర్ ణ ించి    స్వ భావ చిత్ర ణం    మరియు    వర్గీ కరణ క ై    ప్ర యోగ    పరిశోధ నలకు    దాని    నమూ నాలు    సేకరించ బడు త ాయి ,112,35
179,"మ్యాప్ మీద వర్ణించబడిన యూనిట్లకు ఒక నిర్దిష్ట చిహ్నం, రంగు, పేరు ఇస్తారు","మ్యా ప్    మీద    వర్ణ ించబడిన    యూని ట్లకు    ఒక    నిర్దిష్ట    చిహ్ నం,    రంగ ు,    పేరు    ఇ స్త ారు ",63,17
180,నీటి సమతుల్యతను కొలవడానికి థోర్త్‌వైట్ మరియు మాథర్ మోడల్‌ విస్తృతంగా ఉపయోగించబడుతుంది,నీటి    సమ తుల ్య తను    కొ లవ డానికి    థ ో ర్ త్‌ వై ట్    మరియు    మా థ ర్    మోడ ల్‌   విస్తృతంగా    ఉపయోగ ించబడు తుంది ,77,24
181,"భూ ఉపరితం నుండి 60 మైళ్ళ (100 కిమీ) ఎగువన, గాలి యొక్క రసాయనిక మిశ్రమం అనేది ఎత్తు మీద బలంగా ఆధారితం ఆయ్యి, వాతావరణం తేలికైన వాయువులు (పరమాణు ఆక్సిజన్, హీలియం, హైడ్రోజన్) తో సమృద్ధం అవుతుంది","భ ూ    ఉ పరి తం    నుండి    60    మై ళ్ళ    ( 100    కి మీ )    ఎగు వ న,    గాల ి    యొక్క    ర సాయ నిక    మి శ్రమ ం    అనేది    ఎత్తు    మీద    బల ంగా    ఆధార ితం    ఆయ ్య ి,    వాతావరణం    తే లిక ైన    వాయ ువ ులు    ( పర మాణ ు    ఆ క్ సి జ న్,    హీ లియ ం,    హై డ్ర ో జన్ )    తో    సమృద్ధ ం    అవు తుంది ",162,65
182,వాతావరణ మార్పు అనేది కొన్ని వ్యవసాయ ప్రాంతాలను ఉత్పత్తికి ఎక్కువ అనుకూలంగా చేస్తుంది మరియు మిగతా ప్రాంతాలను తక్కువగా,వాతావరణ    మార్ పు    అనేది    కొన్ని    వ్యవసాయ    ప్రాంతాలను    ఉత్పత్త ికి    ఎక్కువ    అనుకూల ంగా    చే స్తుంది    మరియు    మిగ తా    ప్రాంతాలను    తక్కువగా ,103,19
183,సేకరించే సమాచారపు పరిధి ఒక ప్రదేశాన్ని వివరించే సవవిరమైన వ్యాఖ్యల నుండి ఆ ప్రదేశం యొక్క ఒక ఫోటో వరకు ఉండవచ్చు,సేకరించ ే    సమాచార పు    పరి ధి    ఒక    ప్రదేశ ాన్ని    వివర ించే    సవ వి రమైన    వ్యా ఖ్య ల    నుండి    ఆ    ప్రదేశం    యొక్క    ఒక    ఫో ట ో    వరకు    ఉండ వచ్చు ,94,28
184,"మార్చిలో, చాలా ప్రాంతాలలో వడగాడ్పు పరిస్థితులు గమనించబడ్డాయి, పశ్చిమ రాజస్తాన్‌లోని వివిక్త ప్రదేశాలలో మార్చి 29-31 మధ్య తీవ్రమైన వడగాడ్పు పరిస్థితులు సంభవించాయి","మార్ చి లో,    చాలా    ప్రాంతాలలో    వడ గ ాడ్ పు    పరిస్థిత ులు    గమన ించబడ్డ ాయి,    పశ్చిమ    రాజ స్తా న్‌లోని    వి వ ిక్ త    ప్రదేశాలలో    మార్చి    29 - 3 1    మధ్య    తీవ్రమైన    వడ గ ాడ్ పు    పరిస్థిత ులు    సంభవ ించ ాయి ",145,39
185,రేడియోధార్మిక కొలతతో సరిచేసిన సన్నివేశ కూర్పులలో కూడా కొద్దిపాటి శబ్దం మిగిలి ఉంటుంది,రేడియ ో ధ ార్ మిక    కొ ల త తో    సరి చేసిన    సన్నివేశ   కూ ర్ప ులలో    కూడా    కొద్ద ి పాటి    శబ్ద ం    మిగి లి    ఉంటుంది ,76,24
186,అత్యంత ముఖ్యమైన వనరులు ఏమిటంటే పొగమంచు లేదా మామూలుగా అయితే నిర్మలంగా ఉండే ఆకాశపు దృశ్యంలో క్యుములస్ మేఘాల వంటి స్థానిక వాతావరణ ప్రభావాలు,అత్యంత    ముఖ్యమైన    వన రులు    ఏమిట ంటే    పొ గమ ంచ ు    లేదా    మా మూ లుగా    అయితే    నిర్మ ల ంగా    ఉండే    ఆ కాశ పు    దృ శ ్యంలో    క్య ు మ ుల స్    మేఘ ాల    వంటి    స్థానిక    వాతావరణ    ప్రభావ ాలు ,119,37
187,"ఈ కారణాల వలన, ఇటీవలి సంవత్సరాలలో పరిశోధన అనేది చిత్ర సమ్మేళనాల వినియోగం గురించి నొక్కి చెప్తోంది","ఈ    కారణ ాల    వల న,    ఇటీవలి    సంవత్సరాలలో    పరిశోధ న    అనేది    చిత్ర    స మ్ మే ళ నాల    వినియోగ ం    గురించి    నొ క్కి    చె ప్ తో ంది ",84,25
188,"తుఫాను వృద్ధి చెందడానికి ట్రోపో ఆవరణలోని దిగువ, మధ్య భాగాలలో సాపేక్షంగా అధిక ఆర్ద్రతలు కూడా అవసరం","తుఫాను    వృద్ధ ి    చెంద డానికి    ట్రో ప ో    ఆ వర ణ లోని    దిగు వ ,    మధ్య    భాగ ాలలో    సా పే క్ష ంగా    అధిక    ఆర్ ద్ర తలు    కూడా    అవసరం ",85,28
189,"అదేవిధంగా, ప్రస్తుతం తక్కువ-విలువైన జాతులు హెచ్చుగా ఉన్న అటవీ భూమి భవిష్యత్తులో మరింత విలువైనదిగా మారవచ్చు మరియు దీనికి విర్యయంగా జరగవచ్చు","అ దే విధంగా,    ప్రస్తుతం    తక్కు వ - విలు వైన    జా తులు    హెచ్చ ుగా    ఉన్న    అటవీ    భూమి    భవిష్య త్త ులో    మరింత    విలు వై నది గా    మార వచ్చు    మరియు    దీనికి    వి ర్య యంగా    జరగ వచ్చు ",123,33
190,"అయితే, ఈ విధానం ప్రాథమికంగా పరిమితమైనది ఎందుకంటే ఒక దృశ్యంలో ఒక ప్రాంతం పరిధి పెరిగే కొద్దీ మేఘ-రహిత దృశ్యాల సంభావ్యత తగ్గుతుంది","అయితే,    ఈ    విధా నం    ప్రాథ మ ికంగా    పరిమిత మైనది    ఎందుకంటే    ఒక    దృ శ ్యంలో    ఒక    ప్రాంతం    పరి ధి    పెరిగ ే    కొద్ద ీ    మేఘ - రహ ిత    దృ శ్య ాల    సంభా వ్య త    తగ్ గు తుంది ",112,35
191,"ఈ దిశగా, మల్టీవేరియేట్ అడాప్టివ్ రిగ్రెషన్ స్ప్లైన్స్ (ఎంఎఆర్ఎస్)తో మట్టి లక్షణాలను మట్టి ప్రతిబింబించే శక్తిని క్రమాంకనం చేసే ప్రయత్నం చేయబడింది","ఈ    దిశ గా,    మల్ టీ వే రియ ే ట్    అ డా ప్ టివ్    రిగ ్ర ె షన్    స్ ప్ లై న్స్    ( ఎం ఎ ఆర్ ఎస్ ) తో    మ ట్టి    లక్షణ ాలను    మ ట్టి    ప్రతి బ ిం బ ించే    శక్ తిని    క్ర మా ంక నం    చేసే    ప్రయత్నం    చేయబడ ింది ",130,49
192,"వివిధ భూమ్యాచ్ఛాదన వర్గాలను గుర్తించేందుకు వర్ణం, ఉపరితలం, ఆకారం, నిర్మాణక్రమం, మరియు ఇతర వస్తువులతో గల సంబంధం వంటి దృశ్య గమనికలను అవలింబించేందుకు ఇది వ్యాఖ్యాతపై ఆధారపడుతుంది","వివిధ    భూ మ్యా చ్ ఛా ద న    వర్గ ాలను    గుర్త ించేందుకు    వర్ణ ం,    ఉ పరి తల ం,    ఆ కార ం,    నిర్మాణ క్రమ ం,    మరియు    ఇతర    వస్తువ ులతో    గల    సంబంధం    వంటి    దృ శ ్య    గమ నిక లను    అవ లిం బ ించేందుకు    ఇది    వ్యా ఖ్యా త పై    ఆధార పడు తుంది ",156,48
193,ఈ ఉపవిభాగంలోని వార్షిక వర్షపాతంలో దాదాపు 45% (తీర ప్రాంతాలకు సుమారు 60%) ఈ వ్యవధిలో కురిసే వర్షపాతం ద్వారా వస్తుంది,ఈ    ఉప విభాగ ంలోని    వార్షిక    వర్ష పా తంలో    దాదాపు    4 5 %    ( తీ ర    ప్రాంతాలకు    సుమారు    6 0 % )    ఈ    వ్యవ ధిలో    కు రి సే    వర్షపాతం    ద్వారా    వస్తు ంది ,100,31
194,"లవణీకరణం అనేది తీర ప్రాంతాలకు, కొత్త ఒండ్రు మైదానాలకు సంబంధించినది కాగా, క్షారీకరణ అనేది ఎక్కువమటుకు లోతట్టు ప్రాంతాలు, పాత ఒండ్రు మైదానాలలో జరుగుతుంది","లవ ణ ీ కర ణం    అనేది    తీ ర    ప్రాంత ాల కు,    కొత్త    ఒ ండ్ర ు    మైదా న ాలకు    సంబంధ ించిన ది    కాగా,    క్ష ార ీకరణ    అనేది    ఎక్కువ మ టుకు    లోత ట్టు    ప్రాంత ాలు,    పాత    ఒ ండ్ర ు    మైదా న ాలలో    జరుగు తుంది ",134,42
195,"అనుసరణ విధానాలలో అధిక వరదముప్పు గల ప్రాంతాలపై నూతన నిర్మాణాలను నిషేధించుట, అభేద్య ఉపరితలాల నుండి ఆకస్మిక ప్రవాహాన్ని తగ్గించుట, నూతన నిర్మాణాలలో వరదనీరు నిలుపు నిర్మాణాలు, మరియు ప్రవాహాల వేగాన్ని తగ్గించే సంభావ్యత గల చిత్తడినేలలను భారీ వర్షపాతం నుండి రక్షించుట ఉన్నాయి","అను సర ణ    విధాన ాలలో    అధిక    వరద ము ప్పు    గల    ప్రాంత ాలపై    నూ తన    నిర్మాణ ాలను    నిషేధ ించు ట ,    అభ ేద ్య    ఉ పరి తల ాల    నుండి    ఆ క స్ మిక    ప్ర వా హాన్ని    తగ్గ ించు ట ,    నూ తన    నిర్మాణ ాలలో    వరద నీరు    నిలు పు    నిర్మాణ ాలు,    మరియు    ప్రవాహ ాల    వే గాన్ని    తగ్గ ించే    సంభా వ్య త    గల    చిత్త డి నేల లను    భారీ    వర్షపాతం    నుండి    రక్ష ించు ట    ఉన్న ాయి ",237,72
196,"భూ వినియోగ ప్రణాళిక అనేది హరిత ప్రాంతాల నిర్వహణ, వివిధ నిర్మాణ సామాగ్రి వినియోగం ద్వారా పట్టణ తాప ప్రభావాలను తగ్గించాలి","భ ూ    వినియోగ   ప్రణాళిక    అనేది    హ రిత    ప్రాంతాల    నిర్వహ ణ,    వివిధ    నిర్మాణ    సామా గ్ర ి    వినియోగ ం    ద్వారా    పట్టణ    తా ప    ప్రభావ ాలను    తగ్గ ించ ాలి ",104,26
197,"లోతైన లోయలు, అంచెలంచెలుగా పడే జలపాతాలు, దట్టమైన టేకు అడవులు గల పన్నా జాతీయ ఉద్యానవనం ప్రధానంగా ఒక పీఠభూమి, అందులో కొండలు, లోతైన లోయలు, కనుమల అంతరాయాలతో విశాలమైన చదును భూములు ఉంటాయి","లోత ైన    లోయ లు,    అం చె ల ంచె లుగా    పడ ే    జలపాత ాలు,    ద ట్ట మైన    టే కు    అడవులు    గల    పన్న ా    జాతీయ    ఉద్యానవ నం    ప్రధానంగా    ఒక    పీఠ భూమ ి,    అందులో    కొండ లు,    లోత ైన    లోయ లు,    కనుమ ల    అంత రాయ ాలతో    వి శాల మైన    చదు ను    భూమ ులు    ఉంట ాయి ",156,51
198,"నీటి నాణ్యతను ప్రభావితం చేసే ప్రధాన అంశాలు ఏమిటంటే, వేలాడే అవక్షేపాలు, శైవలాలు, రసాయనాలు, కరిగిన సేంద్రీయ పదార్థం (డిఓఎం), ఉష్ణ విడుదలలు, జల వాహక కణజాలం గల మొక్కలు, వ్యాధి కారకాలు మరియు నూనెలు","నీటి    నాణ్య తను    ప్రభావితం    చేసే    ప్రధాన    అంశ ాలు    ఏమిట ంటే,    వే ల ాడ ే    అవ క్షే పాల ు,    శై వల ాలు,    ర సాయ నాలు,    క రిగ ిన    సే ంద్ర ీయ    పదార్థ ం    ( డి ఓ ఎం ),    ఉ ష్ ణ    విడుద ల లు,    జ ల    వాహక    కణ జాల ం    గల    మొక్క లు,    వ్యాధి    కార కాలు    మరియు    నూ నె లు ",167,59
199,"నిలిచిపోయిన అవక్షేపాలు, నీటి పాచి, కరిగిన సేంద్రియ పదార్థము(డీఓఎం), చమురులు, నీటిమొక్కలు, థార్మిక విడుదలల వంటి కొన్ని ప్రమాణాలు విద్యుత్ విచ్ఛిన్నకిరణాలను ప్రత్యక్షంగా ప్రభావితం చేస్తాయి, అందువల్ల సుదూర గ్రహణ సాంకేతిక ప్రక్రియ ద్వారా కొలవవచ్చు","నిలి చి పోయ ిన    అవ క్షే పాల ు,    నీటి    పా చ ి,    క రిగ ిన    సే ంద్ర ియ   పదార్థ ము ( డీ ఓ ఎం ),    చ ము ర ులు,    నీటి మొక్క లు,    థ ార్ మిక    విడుద ల ల    వంటి    కొన్ని    ప్రమాణ ాలు    విద్యుత్    వి చ్ఛ ి న్న కి రణ ాలను    ప్రత్య క్ష ంగా    ప్రభావితం    చేస్త ాయి,    అందువల్ల    సు దూ ర    గ్రహ ణ    సాంకే తిక    ప్రక్రియ   ద్వారా    కొ లవ వచ్చు ",218,69
200,"విలువైన లోహాల కోసం తవ్వేటప్పుడు వ్యవసాయానికి అనువైన నేలను తొలగించబడి, చుట్టుపక్కల వ్యవసాయ పొలాలు ప్రభావితం ఆవడం అనేది భూమి క్షీణత తాలూకు మరొక కోణం","విలు వైన    లో హ ాల    కోసం    త వ్ వే టప్పుడు    వ్యవసాయ ానికి    అను వైన    నే లను    తొలగ ించబడ ి,    చుట్టు పక్క ల    వ్యవసాయ    పొ ల ాలు    ప్రభావితం    ఆ వడం    అనేది    భూమి    క్షీణ త    తాలూకు    మరొక    కో ణం ",128,37
201,మొక్కల అవశేషాలను తొలగిస్తే కూడా నేలలో ఉండే సేంద్రీయ పదార్థం తగ్గుతుంది,మొక్క ల    అవ శేష ాలను    తొల గి స్తే    కూడా    నే లలో    ఉండే    సే ంద్ర ీయ    పదార్థ ం    తగ్ గు తుంది ,62,20
202,"లవణీకరణ, క్షారీకరణ అనేవి పాక్షిక మెట్ట ప్రాంతాలు మరియు మెట్ట ప్రాంతాలలో ఉండే సమస్యలు","లవ ణ ీ కరణ ,    క్ష ార ీకరణ    అనేవి    పాక్ష ిక    మె ట్ట   ప్రాంతాలు    మరియు    మె ట్ట   ప్రాంతాలలో    ఉండే    సమస్య లు ",74,21
203,నేలల ప్రతీ వర్గం ఒక పెడాన్ లేదా వాటి అనుబంధం ద్వారా నిర్వచించబడుతుంది,నేల ల    ప్ర తీ    వర్గం    ఒక    పె డా న్    లేదా    వాటి    అనుబంధ ం    ద్వారా    నిర్ వచ ించబడు తుంది ,60,18
204,"మృత్తికా లక్షణచిత్రణంలో భౌతికశాస్త్రము, వాతావరణము మరియు ఆ ప్రాంతంలోని వృక్ష సంపద ఆధారంగా విభిన్న రకాల మట్టి గుర్తింపు, వివరణ మరియు వర్ణన, క్షేత్రస్థాయి పని మరియు ప్రయోగశాల దత్తాంశము ద్వారా నిర్ధారణ మరియు ప్రామాణిక పటంపై చిత్రీకరణ ఉంటాయి","మృ త్త ిక ా    లక్షణ చిత్ర ణంలో    భౌ తిక శాస్త్ర మ ు,    వాతావర ణ ము    మరియు    ఆ    ప్రాంతంలోని    వృ క్ష    సం పద    ఆధారంగా    విభి న్న    రకాల    మ ట్టి    గుర్త ింప ు,    వివర ణ    మరియు    వర్ణ న,    క్షేత్ర స్థాయి    పని    మరియు    ప్రయోగ శ ాల    దత్త ా ంశ ము    ద్వారా    నిర్ధార ణ    మరియు    ప్రామాణ ిక    ప ట ంపై    చిత్ర ీకరణ    ఉంట ాయి ",208,60
205,ఇది సహజ జీవావరణ వ్యవస్థల మీద ఒత్తిడి పెంచుతుంది,ఇది    సహజ    జీ వా వర ణ    వ్యవస్థ ల    మీద    ఒత్తి డి    పెంచు తుంది ,41,13
206,"కాబట్టి, భూ వనరులు మరియు వాటి సామర్థ్యం/పరిమితులు/సమర్థతల గురించిన సమగ్ర సమాచారం అనేది ఆ ప్రాంత అభివృద్ధి, పరీవాహక ప్రాంతాలలో నేల సంరక్షణ, సుస్థిర వ్యవసాయం, పరీవాహక నిర్వహణ, క్షీణించిన భూముల పునరుద్ధరణ మొదలగునటువంటి వివిధ ప్రయోజనాల నిమిత్తం అవసరమవుతుంది","కాబట్టి,    భ ూ    వన రులు    మరియు    వాటి    సామర్థ ్య ం / పరిమిత ులు / సమర్థ తల    గురించిన    సమ గ్ర   సమాచారం    అనేది    ఆ    ప్రాంత   అభివృద్ధ ి,    పరీవాహక    ప్రాంతాలలో    నే ల    సంరక్ష ణ,    సు స్థి ర    వ్యవసాయ ం,    పరీవాహక    నిర్వహ ణ,    క్షీణ ించిన    భూమ ుల    పునరుద్ధ రణ    మొద ల గు న టువంటి    వివిధ    ప్రయోజన ాల    నిమి త్త ం    అవసర మవు తుంది ",225,59
207,"ఈ సమీక్ష సమగ్రమైనది కాదు, ఇది సెల్యూలర్ మరియు ఏజెంట్-ఆధారిత నమూనాలను మిళితం చేసే నమూనాల ద్వారా ప్రస్తుత సాంకేతిక ప్రక్రియలను భర్తీ చేసే మార్గాలను ప్రముఖంగా చూపడానికి మాత్రమే ఉపయోగబడుతుంది","ఈ    సమీ క్ష    సమ గ్ర మైనది    కా దు,    ఇది    సెల ్యూ లర్    మరియు    ఏజె ంట్ - ఆధారిత    నమూ నాలను    మి ళ ితం    చేసే    నమూ నాల    ద్వారా    ప్రస్తుత    సాంకే తిక    ప్రక్రియ లను    భర్త ీ    చేసే    మార్గ ాలను    ప్రముఖ ంగా    చూప డానికి    మాత్రమే    ఉపయోగ బడు తుంది ",165,44
208,"భూమ్యాచ్ఛాదన వర్ణనలు కంప్యూటర్ స్క్రీన్ మీద చేస్తే, వర్ణన ప్రక్రియ సమయంలో భూమ్యాచ్ఛాదన పటం తయారవుతుంది","భూ మ్యా చ్ ఛా ద న    వర్ణ నలు    కంప్యూటర్    స్క్రీ న్    మీద    చేస్త ే,    వర్ణ న    ప్రక్రియ   సమయంలో    భూ మ్యా చ్ ఛా ద న    ప టం    తయార వు తుంది ",91,29
209,"విశ్లేషకులు చిత్రాన్ని కంప్యూటర్ తెరపై గాని లేదా హార్డ్-కాపీ ప్రింటౌట్ మీద గాని చూసి, ఒక నిర్దిష్ట భూ-ఆచ్ఛాదన రకంగా గుర్తించబడిన ప్రాంతాల చుట్టూ ఒక బహుభుజిని గీస్తారు","విశ్ లేష కులు    చిత్రాన్ని    కంప్యూటర్    తెర పై    గా ని    లేదా    హార్ డ్ - కా పీ    ప్ర ిం ట ౌ ట్    మీద    గా ని    చూ సి,    ఒక    నిర్దిష్ట    భూ - ఆ చ్ ఛా ద న    ర కంగా    గుర్త ించబడిన    ప్రాంతాల    చుట్టూ    ఒక    బహు భు జి ని    గీ స్త ారు ",146,48
210,పరిమిత మొత్తంలో గల మిగిలిన పరమాణు ఆక్సిజన్ తీవ్రమైన సౌర వికిరణాన్ని గ్రహించడం వలన ఉష్ణోగ్రతలో ఈ పెరుగుదల ఏర్పడుతుంది,పరిమ ిత    మొత్తంలో    గల    మిగిలిన    పర మాణ ు    ఆ క్ సి జ న్    తీవ్రమైన    సౌ ర    విక ి రణ ాన్ని    గ్రహ ించడం    వలన    ఉష్ణోగ్ర త లో    ఈ    పెరుగు దల    ఏర్ పడు తుంది ,102,32
211,"ట్రోపో ఆవరణలోని ఉష్ణోగ్రత, నీటి ఆవిరి పరిమాణం అనేవి ఎత్తుతో వేగంగా తగ్గిపోతాయి","ట్రో ప ో    ఆ వర ణ లోని    ఉష్ణోగ్ర త,    నీటి    ఆవి రి    పరి మా ణం    అనేవి    ఎత్త ు తో    వేగంగా    తగ్ గి పో త ాయి ",69,25
212,గాలి ఉష్ణోగ్రతను నియంత్రించడంలో నీటి ఆవిరి ప్రధాన భూమిక పోషిస్తుంది ఎందుకంటే అది భూ ఉపరితలం నుండి సౌర శక్తిని మరియు ఉష్ణతాప వికిరణాన్ని గ్రహిస్తుంది,గాల ి    ఉష్ణోగ్ర తను    నియంత్ర ించడంలో    నీటి    ఆవి రి    ప్రధాన    భూ మిక    పోషి స్తుంది    ఎందుకంటే    అది    భ ూ    ఉ పరి తల ం    నుండి    సౌ ర    శక్ తిని    మరియు    ఉష్ణ తా ప    విక ి రణ ాన్ని    గ్ర హి స్తుంది ,130,38
213,ఈ నీటి సమతుల్యత అనేది జలపరిణామచక్రం మీద మానవ ప్రభావాలలో కొన్నింటిని అంచనా వేయడానికి ఉపయోగపడుతుంది,ఈ    నీటి    సమ తుల ్య త    అనేది    జల పరి ణా మ చక్ర ం    మీద    మానవ    ప్రభావ ాలలో    కొ న్నిం టిని    అంచనా    వేయ డానికి    ఉపయోగ పడు తుంది ,86,26
214,అది ఆపై స్ట్రాటోపాజ్ వరకు క్రమంగా పెరుగుతుంది,అది    ఆపై    స్ట ్రా టో పా జ్    వరకు    క్రమంగా    పెరుగు తుంది ,40,11
215,"మంచు భారీగా పైకి లేచుట, మంచు పగులుట అనే రెండు ప్రక్రియల ద్వారా ఇది ఒక ప్రాంతాన్ని క్షీణింప చేస్తుంది","మంచు    భార ీగా    పైకి    లే చు ట ,    మంచు    ప గ ులు ట    అనే    రెండు    ప్రక్రియ ల    ద్వారా    ఇది    ఒక    ప్రాంతాన్ని    క్షీణ ింప   చే స్తుంది ",86,25
216,"నేల పరావర్తన సమాచారాన్ని ప్రయోగశాలలో లేదా ఆరుబయట భూమిలో పొందవచ్చు, ఇంకా గాలి/వాతావరణం నుండి పొందవచ్చు","నే ల    ప రా వర్ తన    సమాచారాన్ని    ప్రయోగ శ ాలలో    లేదా    ఆ రు బయట    భూమి లో    పొంద వచ్చు,    ఇంకా    గాల ి / వాతావరణం    నుండి    పొంద వచ్చు ",90,26
217,మానస్ ఈశాన్య రాష్ట్రమైన అస్సాంలో హిమాలయ పర్వతపాదాల వెంబడి ఉంది,మాన స్    ఈశాన్య    రాష్ట్ర మైన    అస్సా ంలో    హి మాల య    పర్వత పాద ాల    వెంబడి    ఉంది ,55,15
218,"రాజకీయ పరిస్థితుల్లో, అయితే, సంస్కృతులు, విశ్వాసాలు, సామాజిక ప్రయోజనాలు మరియు పార్టీల మధ్య పోటీ వంటి ఇతర శక్తులు కూడా నిర్ణయం తీసుకోవడాన్ని ప్రభావితం చేస్తాయి","రాజకీయ    పరిస్థిత ుల్ లో,    అయితే,    సంస్కృ త ులు,    విశ్ వాస ాలు,    సామాజిక    ప్రయోజన ాలు    మరియు    పార్టీ ల    మధ్య    పోటీ    వంటి    ఇతర    శక్ తులు    కూడా    నిర్ణ యం    తీసుకోవ డాన్ని    ప్రభావితం    చేస్త ాయి ",140,31
219,"సాధారణంగా, కాలింగ్ అటెన్షన్ అనేది ప్రశ్నోత్తరాల సమయం పూర్తయి, టేబుల్ ఆఫ్ ది హౌస్ మీద పత్రాలను ఉంచిన తరువాత, మరియు లిస్ట్ ఆఫ్ బిజినెస్ లో వేరే ఏ అంశం తీసుకోనబడక ముందు తీసుకోబడుతుంది","సాధారణ ంగా,    కాల ింగ్    అ టె న్ షన్    అనేది    ప్రశ్ నో త్త ర ాల    సమయం    పూర్ తయ ి,    టే బుల్    ఆఫ్    ది    హౌ స్    మీద    పత్ర ాలను    ఉంచ ిన    తరువాత,    మరియు    లి స్ట్    ఆఫ్    బి జ ిన ెస్    లో    వేరే    ఏ    అంశ ం    తీసుకో న బడ క    ముందు    తీసుకో బడు తుంది ",155,51
220,"కాబట్టి, ఈ మహమ్మారితో పోరాటానికి, మరియు బహుపాక్షికత ఆధారంగా మానవతావాద ప్రతిస్పందనకు వనరులను సమీకరించేందుకు, మనం సమిష్టిగా పనిచేయడానికి, పరస్పరం సహకరించుకోవడానికి సిద్ధంగా ఉండాలి","కాబట్టి,    ఈ    మహ మ్ మార ితో    పోరాట ానికి,    మరియు    బహు పాక్ష ిక త    ఆధారంగా    మా నవ తా వాద    ప్రతిస్పంద నకు    వనర ులను    సమీ కరించ ే ందు కు,    మ నం    స మి ష్ట ిగా    పని చేయడ ానికి,    పర స్ పర ం    సహ కరించ ు కోవడానికి    సిద్ధంగా    ఉండ ాలి ",160,47
221,"ఇప్పుడు (2019-2023) జంతువుల ఆరోగ్య సంరక్షణ, మొక్కల, ఆహార భద్రత మరియు పర్యావరణ విభాగాల కొరకు ఏర్పడిన సమగ్ర నేషనల్ యాంటీమైక్రోబయల్ రెసిస్టెన్స్ అండ్ రెసిడ్యూ సర్వీయలెన్స్ ప్లాన్ అనేది దానికి తోడయింది","ఇప్పుడు    ( 20 19 - 202 3 )    జంతువ ుల    ఆరోగ్య    సంరక్ష ణ,    మొక్క ల ,    ఆహార    భద్ర త    మరియు    పర్యావరణ    విభాగ ాల    కొ రకు    ఏర్పడ ిన    సమ గ్ర   నేషనల్    యా ంట ీ మై క్రో బయ ల్    రె సి స్టె న్స్    అండ్    రె సి డ ్య ూ    సర్వీ య లె న్స్    ప్లా న్    అనేది    దానికి    తో డ య ింది ",174,59
222,"గతంలో, ప్రకృతి వైపరీత్యాల వల్ల ఎదురయ్యే ఆదాయ అవసరాలను ఎదుర్కొనేందుకు సామాన్యంగా ప్రత్యక్ష పన్నులపై అదనపు సుంకాలు విధించబడేవి","గ త ంలో,    ప్ర కృతి    వై పరీ త్య ాల    వల్ల    ఎదు ర య్య ే    ఆదాయ   అవసర ాలను    ఎదుర్కొ నే ందుకు    సామా న్య ంగా    ప్రత్య క్ష    పన్న ులపై    అదనపు    సు ంక ాలు    విధ ించబడ ే వి ",111,35
223,"యునైటెడ్ నేషన్స్ కన్వెన్షన్ ఆన్ బయోలాజికల్ డైవర్సిటీ 1992 కి మే 1994 లో, మరియు నాగోయ ప్రోటోకాల్ అన్ యాక్సిస్ టు జెనెటిక్ రిసోర్సెస్ అండ్ ది ఫెయిర్ అండ్ ఈక్విటబుల్ షేరింగ్ ఆఫ్ బెనెఫిట్స్ ఆరైజింగ్ ఫ్రమ్ దేర్ యూటిలైజేషన్ 2010కి అక్టోబర్ 2014 లో భారత్ సంతకందారు అయింది","యునైటెడ్    నేష న్స్    కన్ వె న్ షన్    ఆ న్    బయ ో లా జిక ల్    డై వర్ సి టీ    199 2    కి    మే    199 4    లో,    మరియు    నా గో య    ప్రో టో కాల్    అ న్    యా క్ సి స్    టు    జె నె టిక్    రి సో ర్ సె స్    అండ్    ది    ఫె యి ర్    అండ్    ఈ క్ వి ట బుల్    షే రింగ్    ఆఫ్    బె నె ఫి ట్స్    ఆ రై జ ింగ్    ఫ్ర మ్    దే ర్    యూ టి లై జే షన్    201 0 కి    అక్టోబర్    2014    లో    భారత్    సంత క ంద ారు    అయ ింది ",227,91
224,"భారత్ ఇస్తున్న మద్దత్తుకు మార్గదర్శకాలు ఆఫ్ఘనిస్తాన్ ప్రభుత్వం మరియు ప్రజల అవసరాలు మరియు ప్రాధాన్యతలు ; ఆఫ్ఘనిస్తాన్ ప్రభుత్వ భాగస్వామ్యంతో కార్యకలాపాలు చేపట్టబడుతున్నాయి, అలాగే ఆఫ్ఘనిస్తాన్ అంతటా ఎన్నోప్రాంతాలలో ప్రాజెక్టులు వ్యాపించి ఉన్నాయి","భారత్    ఇ స్తున్న    మద్ద త్తు కు    మార్గ దర్శ కాలు    ఆఫ్ఘని స్తాన్    ప్రభుత్వం    మరియు    ప్రజల    అవసర ాలు    మరియు    ప్రాధాన్య తలు    ;    ఆఫ్ఘని స్తాన్    ప్రభుత్వ    భాగస్వామ ్య ంతో    కార్యకలా పాలు    చేపట్ట బడు తున్న ాయి,    అలాగే    ఆఫ్ఘని స్తాన్    అంతటా    ఎన్న ో ప్రాంతాలలో    ప్రాజె క్ట ులు    వ్యాప ించి    ఉన్న ాయి ",220,46
225,"వివరాలను నా సహోద్యోగి, పెట్రోలియం మరియు సహజవాయువు శాఖా మంత్రి ప్రకటిస్తారు","వివర ాలను    నా    సహ ో ద్య ోగ ి,    పె ట్రో లి యం    మరియు    సహ జ వాయు వు    శాఖ ా    మంత్రి    ప్ర క టి స్త ారు ",66,25
226,పెట్రోలియం ఉత్పత్తుల ధరలు నిర్ణయించడానికి అనుకూలమైన మరియు నిర్వహణీయ విధానంపై సలహా ఇచ్చేందుకు ప్రభుత్వం ఒక నిపుణుల బృందాన్ని ఏర్పాటు చేస్తుంది,పె ట్రో లి యం    ఉత్పత్త ుల    ధర లు    నిర్ణయ ించడానికి    అనుకూల మైన    మరియు    నిర్వహ ణ ీయ    విధాన ంపై    సల హా    ఇ చ్చే ందుకు    ప్రభుత్వం    ఒక    నిపుణ ుల    బృంద ాన్ని    ఏర్పాటు    చే స్తుంది ,126,32
227,నరేగా 2007-08 లో ఆదుకున్న 3,న రే గా    200 7 - 0 8    లో    ఆ దు కున్న    3 ,23,13
228,"39 కోట్ల కుటుంబాలకు బదులుగా, 2008-09 లో, 4","3 9    కోట్ల    కుటుంబ ాలకు    బద ులు గా,    200 8 - 0 9    లో,    4 ",36,15
229,47 కోట్లకు పైగా కుటుంబాలకు ఉపాధి అవకాశాలు కల్పించింది,4 7    కో ట్లకు    పైగా    కుటుంబ ాలకు    ఉపా ధి    అవకాశ ాలు    కల్ప ించ ింది ,47,14
230,2006 ఫిబ్రవరిలో మొదటిసారిగా అమలు చేయబడిన జాతీయ గ్రామీణ ఉపాధి హామీ చట్టం (ఎన్ఆర్ఈజీఏ) అద్భుతమైన విజయం సాధించిందని విస్తృతంగా అంగీకరించబడింది,200 6    ఫిబ్ర వరిలో    మొదటి సారిగా    అమలు    చేయబడిన    జాతీయ    గ్రామీణ    ఉపా ధి    హా మీ    చట్టం    ( ఎన్ ఆర్ ఈ జీ ఏ )    అద్భుతమైన    విజయం    సాధించ ిందని    విస్తృతంగా    అంగీకరించ బడ ింది ,124,30
231,జాతీయ గ్రామీణ ఉపాధి హామీ చట్టం (ఎన్ఆర్ఈజీఏ)క్రింద హక్కుగా రోజుకి రూ,జాతీయ    గ్రామీణ    ఉపా ధి    హా మీ    చట్టం    ( ఎన్ ఆర్ ఈ జీ ఏ ) క్రింద    హ క్కు గా    రోజు కి    రూ ,59,21
232,100 నిజ వేతనం అందించేందుకు మేము కట్టుబడి ఉన్నాం,100    నిజ   వే త నం    అంద ించేందుకు    మే ము    కట్టు బడి    ఉన్న ా ం ,41,14
233,"అప్పటి నుండి ధరలు పతనమైన ప్పటికీ, ప్రపంచ ఆర్థిక సంక్షోభం నేపథ్యంలో చేరిన అల్పాలకు అవి ఇప్పటికే సుమారు రెండింతలు అయ్యున్నాయి","అప్పటి    నుండి    ధర లు    ప తన మైన    ప్పటికీ,    ప్రపంచ    ఆర్థిక    సం క్ష ో భ ం    నేపథ ్యంలో    చే రి న    అల్ పాల కు    అవి    ఇప్పటికే    సుమారు    రెండిం తలు    అయ్య ు న్న ాయి ",108,32
234,"స్థానికంగా స్థానభ్రంశం జరిగిన వ్యక్తుల పునరావాసానికి మరియు శ్రీలంకలో ఉత్తర, తూర్పు ప్రాంతాల పునర్నిర్మాణానికై రూ","స్థానిక ంగా    స్థాన భ్ర ంశ ం    జరిగిన    వ్యక్త ుల    పున రా వాస ానికి    మరియు    శ్రీ ల ంక లో    ఉత్తర ,    తూర్పు    ప్రాంతాల    పునర్ నిర్మాణ ానిక ై    రూ ",101,27
235,500 కోట్లు కేటాయించాలని నేను ప్రతిపాదిస్తున్నాను,500    కో ట్లు    కేటాయ ించాలని    నేను    ప్రతి పా ది స్తున్న ాను ,44,11
236,"మీరు యుఎస్ లో తొలిసారిగా ప్రవేశించాక, కొత్త వినియోగదారులను సంపాదించేందుకు పూర్తి స్థాయి యు","మీరు    యు ఎస్    లో    తొలి సారిగా    ప్రవేశ ించ ా క,    కొత్త    వినియోగదార ులను    సంపాద ించేందుకు    పూర్తి    స్థాయి    య ు ",80,19
237,ఎస్,ఎస్ ,3,1
238,"వెబ్సైటు మరియు మొబైల్ వినియోగాన్ని అందించి మరింత తీవ్రతర మరియు ప్రమాదంతో కూడిన మార్కెటింగ్ ప్రణాళికని అవలంబించే ముందు, స్థానిక బ్రాండ్ ఆన్లైన్ స్టోర్ యొక్క చిన్నపాటి రూపాంతరణం ప్రారంభించి, సేవ చేయటం మరియు పరపతి పెంపొందించుకోవడంపై దృష్టి పెట్టడం అర్ధవంతంగా ఉంటుంది","వె బ్ సై టు    మరియు    మొ బై ల్    వినియోగ ాన్ని    అంద ించి    మరింత    తీవ్ర తర    మరియు    ప్రమాద ంతో    కూడిన    మార్కె టింగ్    ప్రణాళిక ని    అవ లంబ ించే    ముందు,    స్థానిక    బ్రా ండ్    ఆన్ లైన్    స్టో ర్    యొక్క    చిన్న పాటి    రూపా ంతర ణం    ప్రారంభ ించి,    సే వ    చేయ టం    మరియు    పర పతి    పె ం పొంద ించుకోవ డ ంపై    దృష్టి    పెట్ట డం    అర్ధ వంతంగా    ఉంటుంది ",233,61
239,"సాంకేతిక పురోగతి తీసుకువచ్చిన నవీకరణ మరియు పరివర్తనతో తమ పరిధులను విస్తరించుకున్న మీడియా, నేడు ప్రజాభిప్రాయాన్ని రూపుదిద్దే ప్రత్యేక లక్షణాన్ని సంతరించుకున్నది","సాంకే తిక    పుర ోగ తి    తీసుకు వచ్చిన    న వీ కరణ    మరియు    పరి వర్ తన తో    తమ    పరి ధ ులను    విస్తరించ ు కున్న    మీ డియ ా,    నే డు    ప్రజా భి ప్రాయ ాన్ని    రూ పు ది ద్ద ే    ప్రత్యేక    లక్షణ ాన్ని    సంత రించు కున్న ది ",144,43
240,"అధిక వాటా విలువ అన్వేషణలో, ప్రస్తుతమున్న10 శాతం మ్యాట్ రేటుని ఖాతా లాభాలలో 15 శాతానికి పెంచాలని నేను ప్రతిపాదిస్తున్నాను","అధిక    వా టా    విలువ    అన్ వేష ణ లో,    ప్రస్తు త ము న్న 10    శాతం    మ్యా ట్    రే టు ని    ఖా తా    లా భ ాలలో    15    శాత ానికి    పెంచ ాలని    నేను    ప్రతి పా ది స్తున్న ాను ",106,35
241,పాస్‌పోర్ట్ కేంద్రాలలో పాస్‌పోర్ట్ దరఖాస్తుల సమర్పణకు ఆన్‌లైన్ అపాయింట్మెంట్లను పొందడం సరళతరం చేయబడింది,పా స్‌ పోర్ ట్    కేంద్ర ాలలో    పా స్‌ పోర్ ట్    దర ఖా స్త ుల    సమర్ప ణకు    ఆన్‌ లైన్    అ పాయిం ట్ మె ంట్ లను    పొంద డం    సర ళ తరం    చేయబడ ింది ,94,31
242,"ఈ సిఫార్సుల ఆధారంగా, ప్రభుత్వం రక్షణ శాఖా ఆఫీసర్ ర్యాంకు క్రింది పింఛనుదారుల (పిబీఓఆర్) 1 జనవరి 2006 కు పూర్వపు పింఛనుని గణనీయంగా పెంచాలని మరియు 10 అక్టోబర్ 1997 కు పూర్వపు పింఛనుదారులను 10 అక్టోబర్ 1997 తరువాతి పింఛనుదారులకు సరిసమానం చేయాలని నిర్ణయించింది","ఈ    సి ఫార్ సుల    ఆధార ంగా,    ప్రభుత్వం    రక్షణ    శాఖ ా    ఆ ఫీ సర్    ర్యా ం కు    క్ర ింది    పిం ఛ ను దారుల    ( పి బీ ఓ ఆర్ )    1    జనవరి    200 6    కు    పూర్వ పు    పిం ఛ ను ని    గణనీయంగా    పెంచ ాలని    మరియు    10    అక్టోబర్    199 7    కు    పూర్వ పు    పిం ఛ ను దార ులను    10    అక్టోబర్    199 7    తరువాతి    పిం ఛ ను దార ులకు    సరి సమా నం    చేయాలని    నిర్ణయ ించ ింది ",223,72
243,"కాబట్టి, ఈ సందర్భంగా ఈరోజు, అందరికీ మరింత నిష్పాతపక్షమైన మరియు స్థితిస్థాపక పరిణామాలను సాధించి పెట్టేందుకు ప్రతిస్పందనలో ప్రజలను ప్రధానంగా భావించి, నిర్దిష్ట కార్యాచరణను రూపొందించడంలో క్రియాశీల పాత్ర పోషించాలని ప్రపంచవ్యాప్తంగా ఉన్న పార్లమెంటుల సభాధ్యక్షులను, అలాగే సార్ధకంగా దానిని అమలు చేయడంలో శాసనసభలు నిర్మాణాత్మక పాత్ర వహించాలని నేను పిలుపునివ్వదలిచాను","కాబట్టి,    ఈ    సందర్భ ంగా    ఈ రోజ ు,    అంద రిక ీ    మరింత    నిష్ పాత పక్ష మైన    మరియు    స్థిత ి స్థాప క    పరి ణా మ ాలను    సాధ ించి    పెట్ట ేందుకు    ప్రతిస్పంద నలో    ప్రజ లను    ప్రధానంగా    భావ ించి,    నిర్దిష్ట    కార ్యా చ రణ ను    రూపొంద ించడంలో    క్ర ియా శీ ల    పాత్ర    పోష ించాలని    ప్రపంచ వ్యాప్తంగా    ఉన్న    పార్లమెంట ుల    స భా ధ్య క్ష ుల ను,    అలాగే    సార్ ధ కంగా    దానిని    అమలు    చేయడంలో    శాసన సభ లు    నిర్మా ణా త్మక    పాత్ర    వహ ించాలని    నేను    పిలు పు ని వ్వ ద లి చా ను ",321,86
244,పద్దెనిమిది రాష్ట్రాలు మరియు యూటీ లలో బీ పీఎల్ దిగువన ఉన్న 46 లక్షలకు పైగా కుటుంబాలకు బయోమెట్రిక్ స్మార్ట్ కార్డులు జారీ చేయబడినవి,ప ద్ద ె నిమి ది    రాష్ట్ర ాలు    మరియు    యూ టీ    లలో    బీ    పీ ఎల్    దిగు వన    ఉన్న    4 6    లక్ష లకు    పైగా    కుటుంబ ాలకు    బయ ో మెట్ర ిక్    స్ మార్ ట్    కార్ డ ులు    జారీ    చేయబడ ిన వి ,113,38
245,కార్యకలాపాల ప్రత్యక్ష ప్రసారం1994లో ప్రారంభమయ్యింది,కార్యకలా పాల    ప్రత్య క్ష    ప్రసార ం 199 4లో    ప్రారంభ మయ్య ింది ,48,11
246,"2021 సెప్టెంబర్ 15 న అంతర్జాతీయ ప్రజాస్వామ్య దినోత్సవ సంస్మరణార్ధం, న్యూ ఢిల్లీలోని పార్లమెంట్ భవన అనెక్స్ లో భారత ఉపరాష్ట్రపతి శ్రీ వెంకయ్య నాయుడు, భారత ప్రధాని శ్రీ నరేంద్ర మోడి, లోక్ సభ స్పీకరు శ్రీ ఓమ్ బిర్లాల భవ్య సమక్షంలో సంసద్ టీవీ ప్రారంభించబడ్డది","202 1    సెప్టెంబర్    15    న    అంతర్జాతీయ    ప్రజా స్వామ ్య    దినోత్స వ    సంస్ మరణ ార్ ధ ం,    న్యూ    ఢిల్లీ లోని    పార్ల మెంట్    భవ న    అ నె క్స్    లో    భారత    ఉప రాష్ట్ర పతి    శ్రీ    వె ంక య ్య    నాయ ుడు,    భారత    ప్రధా ని    శ్రీ    న రే ంద్ర    మోడ ి,    లో క్    సభ    స్పీ క రు    శ్రీ    ఓ మ్    బి ర్ ల ాల    భ వ్య    సమ క్ష ంలో    సం స ద్    టీ వీ    ప్రారంభ ించబడ్డ ది ",221,73
247,"మితవ్యయానికి, సమర్థత మరియు ప్రభావశీలతను తీసుకురావడానికి గాను, పార్లమెంట్ ఉభయ సభల ప్రిసైడింగ్ అధికారులైన భారత ఉపరాష్ట్రపతి, రాజ్యసభ చైర్మన్ మరియు లోక్ సభ స్పీకర్‌లు రెండు ఛానళ్లను విలీనం చేయడానికి అంగీకరించారు","మిత వ్య య ానికి,    సమర్థ త    మరియు    ప్రభావ శీల తను    తీసుకు రావ డానికి    గా ను,    పార్ల మెంట్    ఉ భ య    సభ ల    ప్రి సై డ ింగ్    అధికార ులైన    భారత    ఉప రాష్ట్ర పత ి,    రాజ్య సభ    చై ర్మ న్    మరియు    లో క్    సభ    స్పీ క ర్‌లు    రెండు    ఛా న ళ్లను    విలీనం    చేయడానికి    అంగీకరించ ారు ",185,53
248,"సాధారణంగా,ఈ చర్చకు మూడు రోజులు కేటాయించబడతాయి","సాధారణ ంగా , ఈ    చర్చ కు    మూడు    రోజ ులు    కేటాయ ించబడ త ాయి ",41,13
249,"2014 నుండి, సగటు భారతీయుడు స్వదేశ, విదేశాలు రెండింటిలో పాస్‌పోర్ట్‌లను పొందడం మరియు పునరుద్ధరించుకోవడాన్ని సులభతరం చేయడం మోడీ ప్రభుత్వం యొక్క ప్రాధాన్యతగా ఉంది","2014    నుండి,    సగటు    భార తీ యు డు    స్వ దేశ ,    విదేశ ాలు    రెండిం టిలో    పా స్‌ పోర్ ట్‌ లను    పొంద డం    మరియు    పునరుద్ధరించ ు కోవ డాన్ని    సులభ తరం    చేయడం    మో డీ    ప్రభుత్వం    యొక్క    ప్రాధాన్య తగా    ఉంది ",142,36
250,"అయినప్పటికీ, తదుపరి కార్యక్రమంలో, తీరం నుండి కొద్ది దూరంలో పరీవాహక ప్రాంతాలు (తూర్పు, పశ్చిమ తీరాలు మరియు అండమాన్) ఈ","అయిన ప్పటికీ,    తదుపరి    కార్యక్రమ ంలో,    తీ రం    నుండి    కొ ద్ది    దూరంలో    పరీవాహక    ప్రాంతాలు    ( తూర్ పు,    పశ్చిమ    తీ రాలు    మరియు    అండ మా న్ )    ఈ ",102,25
251,ఈ,ఈ ,1,1
252,జెడ్,జె డ్ ,4,2
253,సరిహద్దుల వరకు చేపట్టబడుతున్నాయి,సరిహద్ద ుల    వరకు    చేపట్ట బడు తున్న ాయి ,30,7
254,ఎన్,ఎ న్ ,3,2
255,ఎస్,ఎస్ ,3,1
256,పి,పి ,2,1
257,క్రింద మూల్యాంకన కార్యక్రమం లోతట్టు నదీ పరీవాహక ప్రాంతాలను కూడి ఉండేలా ప్రణాళిక చేయబడ్డది,క్రింద    మూల ్యా ంక న    కార్యక్రమ ం    లోత ట్టు    నదీ    పరీవాహక    ప్రాంతాలను    కూడ ి    ఉండేలా    ప్రణాళిక    చేయబడ ్డ ది ,79,19
258,"2022 ఫిబ్రవరి వరకు, అండమాన్ తీరప్రాంతంలోని మొత్తం 22,555 ఎల్‌కెఎం 2డి బ్రాడ్‌బ్యాండ్ భూకంప సంబంధిత సమాచారం పొందబడింది","202 2    ఫిబ్రవరి    వరకు,    అండ మాన్    తీర ప్రాంతంలోని    మొత్తం    2 2, 5 5 5    ఎల్‌ కె ఎ ం    2 డి    బ్ర ాడ ్‌ బ్యా ండ్    భూ కంప   సంబంధిత    సమాచారం    పొంద బడ ింది ",104,32
259,"ఈ వనరులు మన అభివృద్ధి ప్రయత్నాలలో మిగిలిపోయే కీలక అంతరాలను భర్తీ చేయడానికి మార్గాలను అందిస్తాయి, ముఖ్యంగా మన జనాభాలో బలహీన వర్గాల సంక్షేమానికి సంబంధించినవి","ఈ    వన రులు    మ న    అభివృద్ధి    ప్రయత్న ాలలో    మిగి లి పోయ ే    కీలక    అంత ర ాలను    భర్త ీ    చేయడానికి    మార్గ ాలను    అంది స్తాయి,    ముఖ్యంగా    మ న    జనాభాలో    బల హీ న    వర్గ ాల    సం క్షే మ ానికి    సంబంధ ించిన వి ",137,39
260,దీని లక్ష్యం ఏమిటంటే మూడేళ్లలో ప్రస్తుత మహిళా నిరక్షరాస్యత స్థాయిని సగానికి తగ్గించడం,దీని    లక్ష ్యం    ఏమిట ంటే    మూడ ే ళ్ లలో    ప్రస్తుత    మహిళా    ని రక్ష రా స్య త    స్థాయ ిని    సగ ానికి    తగ్గ ించడం ,76,22
261,"కాని సివిల్ సర్వీసెస్, పోలీసులు మరియు సైన్యం ముస్లింల సన్నిహిత సంరక్షణలో ఉండినవి","కాని    సి వి ల్    సర్వీ సె స్,    పోలీసులు    మరియు    సైన్యం    ముస్లిం ల    సన్ని హ ిత    సంరక్ష ణలో    ఉండిన వి ",71,19
262,"ఆగమనం వెంటనే ఎలక్ట్రానిక్ టోకెన్‌ జారీ మరియు సేవను పూర్తి చేసాక పిఎస్‌కె వద్ద ఒక ఎలక్ట్రానిక్ ఎగ్జిట్ లెటర్‌ను జారీ చేయడం అనేది కాగిత-రహిత సేవను అందించడం, పర్యావరణాన్ని రక్షించడం మరియు డిజిటల్ ఇండియా తాలూకు హరిత కార్యక్రమాలను ప్రోత్సహించడాన్ని సాధ్యం చేసింది","ఆ గమ నం    వెంటనే    ఎ లక్ ట్ర ాని క్    టో కె న్‌    జారీ    మరియు    సేవ ను    పూర్తి    చే సా క    పి ఎస్‌ కె   వద్ద    ఒక    ఎ లక్ ట్ర ాని క్    ఎ గ్ జి ట్    లె ట ర్‌ను    జారీ    చేయడం    అనేది    కా గ ిత - రహ ిత    సేవ ను    అంద ించడ ం,    పర్యావర ణ ాన్ని    రక్ష ించడం    మరియు    డిజి టల్    ఇండియా    తాలూకు    హ రిత    కార్యక్రమ ాలను    ప్రోత్సహ ించడ ాన్ని    సాధ ్యం    చేస ింది ",227,72
263,"ఇలాంటి నిరంతరాయ ప్రక్రియ సేవా పంపిణీ వేగాన్ని పెంచడంలో సహాయపడి, ప్రజా ఫిర్యాదులను తగ్గించింది","ఇ లాంటి    నిర ంత రాయ   ప్రక్రియ   సేవ ా    పంపిణీ    వే గాన్ని    పెంచ డంలో    సహాయపడ ి,    ప్రజా    ఫిర్యా ద ులను    తగ్గ ించ ింది ",83,22
264,నియమాల ప్రకారం ఈ విషయంలో సభా నాయకుడిని లేదా తత్సంబంధిత మంత్రిని సంప్రదించాల్సిన అవసరం లేదు,నియమ ాల    ప్రకారం    ఈ    విషయంలో    సభ ా    నాయ కు డిని    లేదా    త త్ సంబంధిత    మంత్ర ిని    సంప్రద ించ ాల్సిన    అవసరం    లేద ు ,79,22
265,"ఈ చర్యలు రాయితీలు, పన్నులు, ఖర్చులు మరియు పెట్టుబడుల ఉపసంహరణ వంటి బడ్జెట్ యొక్క అంశాలన్నిటినీ కలుపుకోవాల్సి ఉంటుంది","ఈ    చర్య లు    రాయ ితీ లు,    పన్న ులు,    ఖర్చ ులు    మరియు    పెట్టుబడ ుల    ఉప సం హ రణ    వంటి    బడ్జెట్    యొక్క    అంశ ాల న్ని టినీ    కలు పు కోవ ాల్సి    ఉంటుంది ",102,29
266,"చెల్లింపుల ఖాతాను స్థిరపరచటానికి, మధ్యస్థ వడ్డీ శాతాలను మరియు కార్పొరేట్ పెట్టుబడుల కోసం బాహ్య మూలధనపు స్థిరమైన ప్రవాహాన్ని కొనసాగించడానికి ఇది చాలా అవసరం","చెల్లింప ుల    ఖా తాను    స్థిర పరచ ట ానికి,    మధ్య స్థ   వడ్డీ    శాత ాలను    మరియు    కార్పొ రే ట్    పెట్టుబడ ుల    కోసం    బా హ ్య    మూల ధ న పు    స్థిరమైన    ప్ర వా హాన్ని    కొనసాగ ించడానికి    ఇది    చాలా    అవసరం ",137,36
267,"అంతకు మించి, యుఎస్ కొనుగోలుదారులు తమ డబ్బుని విదేశాల్లో ఖర్చు చేయటానికి ఇష్టపడతారు, వారి అభిమాన గమ్యస్థానమైన యుకే లో (49%), ఆ తరువాత చైనాలో (39%), కెనడాలో (34%), హాంగ్ కాంగ్లో (20%) మరియు ఆస్ట్రేలియాలో (18%)","అంత కు    మ ించి,    యు ఎస్    కొనుగోలు దారులు    తమ    డబ్బ ుని    విదేశ ాల్లో    ఖర్చు    చేయ టానికి    ఇష్టపడ తారు,    వారి    అభి మాన    గమ ్య స్థాన మైన    యు కే    లో    ( 4 9 % ),    ఆ    తరువాత    చై నాలో    ( 3 9 % ),    కె న డా లో    ( 3 4 % ),    హా ంగ్    కా ంగ్ లో    ( 20 % )    మరియు    ఆస్ట్రేలియా లో    ( 18 % ) ",180,67
268,"సార్వజనిక ఛార్జింగ్ స్టేషన్లు మరియు బ్యాటరీను మార్పిడి చేసుకునే/ఛార్జింగ్ చేసుకునే సదుపాయాలను నెలకొల్పి, నడిపి, కొనసాగించే నిర్వహణా ఏజన్సీలను స్టేట్ నోడల్ ఏజన్సీస్ (ఎస్ ఎన్ ఏలు) తప్పనిసరిగా ఎంచుకోవాల్సి ఉంటుంది","సార్వ జ నిక    ఛ ార్ జ ింగ్    స్టేష న్లు    మరియు    బ్యా ట రీ ను    మార్పి డి    చేసుకు నే / ఛ ార్ జ ింగ్    చేసుకు నే    స దు పాయ ాలను    నెల కొ ల్ప ి,    నడిప ి,    కొనసాగ ించే    నిర్వహ ణా    ఏ జన్ సీ లను    స్టేట్    నో డ ల్    ఏ జన్ సీ స్    ( ఎస్    ఎ న్    ఏ లు )    తప్పని సరి గా    ఎంచు కోవ ాల్సి    ఉంటుంది ",188,65
269,బ్యాంకింగ్ మరియు ఆర్థిక రంగాల పట్ల మన ప్రభుత్వాల విధానం ఆర్థిక సౌలభ్యత మరియు విపణులను వృద్ధిపరిచే క్రమంలో ధృడమైన పర్యవేక్షణ మరియు వ్యవస్థీకరణలకు హామీ ఇచ్చేదిగా ఉంది,బ్యాంక ింగ్    మరియు    ఆర్థిక    రంగ ాల    పట్ల    మ న    ప్రభుత్వ ాల    విధా నం    ఆర్థిక    సౌ లభ ్య త    మరియు    వి ప ణ ులను    వృద్ధ ి పరి చే    క్రమ ంలో    ధృ డ మైన    పర్య వేక్ష ణ    మరియు    వ్యవస్థ ీ కరణ లకు    హా మీ    ఇ చ్చే దిగా    ఉంది ,144,46
270,ఇందుకు కారణం ఎదుగుదల జన్యుపర మరియు పర్యావరణ కారకాలు రెండిటిచే ప్రభావితమవడం,ఇ ందుకు    కారణం    ఎదు గు దల    జన్ యు ప ర    మరియు    పర్యావరణ    కార కాలు    రెండ ి టి చే    ప్రభావి తమ వడం ,66,21
271,"ఆహార ఉత్పత్తి, ఆర్థికవ్యవస్థ మరియు భద్రతలపై దీని ప్రభావం వలన, సూక్ష్మజీవనాశక అవరోధాన్ని ఆరోగ్యం, జాతీయ భద్రత మరియు ఆర్ధికవ్యవస్థకు అపాయంగా పరిగణించబడుతోంది","ఆహార    ఉత్పత్త ి,    ఆర్థ ిక వ్యవస్థ    మరియు    భద్ర త లపై    దీని    ప్రభావం    వల న,    సూ క్ ష్ మ జీవ నాశ క    అ వర ో ధాన్ని    ఆరోగ ్య ం,    జాతీయ    భద్ర త    మరియు    ఆర్ ధ ిక వ్యవస్థ కు    అ పాయ ంగా    పరిగణ ించబడు తో ంది ",139,44
272,"సుమారు క్రీ పూ 2500 ప్రాంతంలో అభివృద్ధి చెందిన చరక సంహిత మరియు సుశ్రుత సంహిత, ఈ రోజుకీ పూర్తిగా అందుబాటులో ఉన్న ఆయుర్వేద గ్రంథాలు","సుమారు    క్ర ీ    ప ూ    25 00    ప్రాంతంలో    అభివృద్ధి    చెందిన    చర క    సం హ ిత    మరియు    సు శ్ర ు త    సం హిత ,    ఈ    రోజు కీ    పూర్తిగా    అందుబాటులో    ఉన్న    ఆయ ు ర్ వే ద    గ్రంథ ాలు ",111,36
273,గుండె ఊపిరితిత్తుల క్షమత నిరంతరంగా శారీరక శ్రమ చేసే సమయంలో శరీరంలోని రక్తప్రసరణమండల మరియు శ్వాసమండలాల శక్తిని సరఫరా చేయగల సామర్థ్యాన్ని ప్రతిబింబిస్తుంది,గుండ ె    ఊ పి రి తి త్త ుల    క్ష మత    నిర ంతర ంగా    శారీ ర క    శ్రమ    చేసే    సమయంలో    శరీ ర ంలోని    రక్త ప్ర సర ణ మండ ల    మరియు    శ్ వా సమ ండ ల ాల    శక్ తిని    సరఫ రా    చేయ గల    సామర్థ ్యాన్ని    ప్రతి బ ిం బి స్తుంది ,137,48
274,"ఆయుష్ వైద్యుల లభ్యత ప్రకారం హోమియోపతి, ఆయుర్వేదం, సిద్ధ, యునానీ విధానాలు గల 18 జిల్లాల(రాష్ట్రాల)లో 13టికి ఔషధపత్రాలు అందుబాటులో ఉన్నాయి","ఆయ ు ష్    వైద్య ుల    లభ ్య త    ప్రకారం    హో మ ియో పత ి,    ఆయ ు ర్ వేద ం,    సిద్ధ ,    యు నా నీ    విధా నాలు    గల    18    జిల్ల ాల ( రాష్ట్ర ాల ) లో    13 టికి    ఔ ష ధ పత్ర ాలు    అందుబాటులో    ఉన్న ాయి ",121,45
275,సులేమాన్ తలిదండ్రులు చాలా పొడగరులు,సుల ే మాన్    త లి దండ్ర ులు    చాలా    పొడ గ రులు ,31,11
276,"అదనంగా, ఆయుర్వేద మరియు జీవవైద్య వైద్యుల మధ్య సమాచార అవరోధం, ఆయుర్వేద ఔషధాలు మరియు చికిత్సల భద్రత మరియు సామర్థ్యాలకు సంబంధించిన అతికొద్ది పరిశోధనా పనులు, మరియు సరిపోని విధాన ప్రయత్నాలు ఆయుర్వేద మరియు జీవవైద్యం మధ్య క్రియాశీల అనుసంధానాన్ని సాధించడానికి ముఖ్యమైన అవరోధాలు అని వారు వ్యక్తబరిచారు","అదనంగా,    ఆయ ు ర్ వే ద    మరియు    జీవ వైద్య    వైద్య ుల    మధ్య    సమాచార   అ వర ో ధ ం,    ఆయ ు ర్ వే ద    ఔ ష ధ ాలు    మరియు    చికిత్స ల    భద్ర త    మరియు    సామర్థ ్య ాలకు    సంబంధించిన    అత ికొ ద్ది    పరిశోధ నా    పన ులు,    మరియు    సరిపో ని    విధా న    ప్రయత్న ాలు    ఆయ ు ర్ వే ద    మరియు    జీవ వైద ్యం    మధ్య    క్ర ియా శీ ల    అనుసం ధా నాన్ని    సాధ ించడానికి    ముఖ్యమైన    అ వర ో ధ ాలు    అని    వారు    వ్యక్త బ రి చార ు ",257,83
277,ఆయుష్ సేవల కోసం హెచ్చుగా ఆర్ధిక కేటాయింపు చేయాల్సిన అవసరం ఉంది,ఆయ ు ష్    సేవ ల    కోసం    హెచ్చ ుగా    ఆర్ ధ ిక    కేటాయ ింపు    చేయ ాల్సిన    అవసరం    ఉంది ,54,17
278,"పూర్తి బడ్జెట్లో కేవలం 3% ఘోరమైన కొరత కలిగిస్తుంది, మరియు సంస్థలు పెద్ద సంఖ్యలో ఉండటంతో వారికి నాసిరకం సేవలు మాత్రమే అందించగలరు","పూర్తి    బడ్జె ట్లో    కేవలం    3 %    ఘో రమైన    కొర త    కలిగ ి స్తుంది,    మరియు    సంస్థలు    పెద్ద    సంఖ్యలో    ఉండ ట ంతో    వారికి    నా సి రక ం    సేవలు    మాత్రమే    అందించ గల రు ",111,30
279,"ఒక అధ్యయనంలో చెయ్యొద్దని చెప్పబడింది కాబట్టి మీరు ఏమీ చేయకుండా ఉంటే, అది తగినంత మంచి రక్షణ ఇవ్వకపోవచ్చు","ఒక    అధ్యయ నంలో    చెయ్య ొ ద్ద ని    చెప్ప బడ ింది    కాబట్టి    మీరు    ఏ మీ    చేయ కుండా    ఉంటే,    అది    తగిన ంత    మంచి    రక్షణ    ఇవ్వ కపో వచ్చు ",90,25
280,వివేకంగల వైద్యుడు లేదా వివేకంగల రోగి: ఎవరు ఎవరికి నిర్ణయిస్తారు,వి వే క ంగల    వైద్య ుడు    లేదా    వి వే క ంగల    రోగ ి :    ఎ వ రు    ఎవర ికి    నిర్ణ యి స్త ారు ,56,23
281,"అబ్బురపరిచే విధంగా, ప్రపంచ ఆరోగ్య సంస్థ (డబ్ల్యూహెచ్ ఓ) ప్రకారం, 430 మిలియన్ మంది ప్రస్తుతం వినికిడి లోపంతో జీవిస్తూ ఉండడమే కాక, 1 బిలియన్ కంటే ఎక్కువ మంది 12 నుండి 35 ఏళ్ల వయసు గలవారికి సంగీత కార్యక్రమాలలో మరియు క్లబ్బులలో లేదా తమ పరికరాల నుండి వెలువడే బిగ్గరైన శబ్దాల కారణంగా వినికిడిశక్తి లోపించే ప్రమాదం ఉంది","అ బ్బ ు ర పరి చే    విధంగా,    ప్రపంచ    ఆరోగ్య    సంస్థ    ( డబ్ల ్యూ హె చ్    ఓ )    ప్రకారం,    4 30    మిలియన్    మంది    ప్రస్తుతం    విని కి డి    లోప ంతో    జీ విస్త ూ    ఉండ డ మే    కా క,    1    బి లియన్    కంటే    ఎక్కువ    మంది    12    నుండి    35    ఏళ్ల    వయ సు    గల వారికి    సంగీత    కార్యక్రమ ాలలో    మరియు    క్ల బ్బ ులలో    లేదా    తమ    పరికర ాల    నుండి    వెలు వడ ే    బి గ్గ ర ైన    శబ్ద ాల    కారణంగా    విని కి డి శక్తి    లోప ించే    ప్రమాద ం    ఉంది ",269,81
282,మనము వ్యక్తిగత ప్రమాదభయాన్ని నిర్వచించాలి,మన ము    వ్యక్తిగత    ప్రమాద భ యాన్ని    నిర్ వచ ించ ాలి ,38,10
283,"వాస్తవానికి శిశువు ఎదుగుదలకు, చనుబాలలోని శక్తి సాంద్రత, మాంసకృతులు, కార్బోహైడ్రేట్ మరియు క్రొవ్వుపదార్థం ఎంతో ముఖ్యం","వాస్త వానికి    శి శు వు    ఎదు గు ద ల కు,    చ ను బాల లోని    శక్తి    సా ంద్ర త,    మా ం స కృ త ులు,    కార్ బో హై డ్ర ే ట్    మరియు    క్ర ొ వ్ వు పదార్థ ం    ఎంతో    ముఖ ్యం ",105,40
284,"నీట మునిగి ప్రమాదంలో ఉన్న వ్యక్తికి, అతను/ఆమె కొలుకుంటున్నట్లు కనిపించినా కూడా, వైద్యుని చేత చికిత్స చేయించాలి , ఎందుకంటే 12","నీ ట    ముని గ ి    ప్రమాద ంలో    ఉన్న    వ్యక్త ికి,    అత ను / ఆమె    కొ లు కుంటు న్న ట్లు    కనిప ించిన ా    కూడ ా,    వైద్య ుని    చేత    చికిత్స    చేయ ించ ాలి    ,    ఎందుకంటే    12 ",109,34
285,"2 బాక్సులో వివరించిన విధంగా, అతడి/ఆమెలో ఆ తరువాత దశలో రెండోస్థాయి శ్వాసకోశ క్షీణత సంభవించవచ్చు","2    బాక్ సులో    వివర ించిన    విధంగా,    అత డి / ఆమె లో    ఆ    తరువాత    దశ లో    రెండ ో స్థాయి    శ్ వాస కో శ    క్షీణ త    సంభవ ించ వచ్చు ",83,27
286,కాంప్లిమెంటరీ వైద్య రంగంలో భారతదేశానికి సాపేక్షంగా అనుకూలత ఉంది మరియు ఈ రంగంలో ప్రపంచంలో అగ్రగామి కాగలదు,కాం ప్ లి మెంట రీ    వైద్య    రంగ ంలో    భారతదేశ ానికి    సా పే క్ష ంగా    అనుకూల త    ఉంది    మరియు    ఈ    రంగ ంలో    ప్రపంచ ంలో    అగ్ర గా మి    కా గల దు ,92,29
287,ఇందుకు కారణం భారతదేశం తనదైన అత్యంత విలువగల పరిపక్వ దేశీయ వారసత్వ సంపద మరియు పాశ్చాత్య జీవవైద్య శాస్త్రాలలో గట్టి పునాదులు కలిగి ఉంది,ఇ ందుకు    కారణం    భారతదేశం    త నద ైన    అత్యంత    విలువ గల    పరి ప క్ వ    దేశీయ    వారసత్వ    సం పద    మరియు    పాశ్చా త్య    జీవ వైద్య    శాస్త్ర ాలలో    గ ట్టి    పు నా ద ులు    కలిగి    ఉంది ,115,33
288,"ఇవి ప్రభావం చూపే సూక్ష్మజీవుల సమూహానికి అనుగుణంగా వీటిని యాంటీ వైరల్స్, యాంటీ ఫంగల్స్, యాంటీ ప్రోటోజోవల్స్, మరియు యాంటీ బయోటిక్సుగా వర్గీకరించారు","ఇవి    ప్రభావం    చూప ే    సూ క్ ష్ మ జీవ ుల    సమూహ ానికి    అను గుణంగా    వీటిని    యా ంట ీ    వైర ల్ స్,    యా ంట ీ    ఫ ంగ ల్ స్,    యా ంట ీ    ప్రో టో జో వ ల్ స్,    మరియు    యా ంట ీ    బయ ో టిక ్ సు గా    వర్గీకరించ ారు ",129,49
289,"వీటిలో ఆహారం లేదా నీటిని తీసుకోవడంలో తగ్గుదల, మందగతి, కళ్ళ నుండి నీటివంటి లేదా పాలిపోయిన తెలుపు రంగు శ్లేష స్రావం, కళ్ళు వాచి ఎర్రబడటం, మరియు అసహజ మలం (రంగు మరియు రూపం) ఉండవచ్చు","వీటిలో    ఆహార ం    లేదా    నీటిని    తీసుకోవ డంలో    తగ్ గు ద ల ,    మంద గ తి,    క ళ్ళ    నుండి    నీటి వంటి    లేదా    పాల ిపోయ ిన    తెలు పు    రంగు    శ్ లేష   స్రా వ ం,    క ళ్ళు    వా చి    ఎ ర్ర బడ టం,    మరియు    అ సహజ    మల ం    ( రంగు    మరియు    రూ పం )    ఉండ వచ్చు ",152,53
290,"హెపాటోసెల్యులార్ కార్సినోమా (లివర్ క్యాన్సర్) చికిత్సకు స్థానిక ప్రదేశంలో వైద్య సంబంధిత రేడియోధార్మిక ఔషధాల ప్రయోగం చేసినట్టు నివేదించబడింది, ఇక్కడ రేడియోధార్మికత కలపబడిన నిర్దిష్ట పరిమాణంలోని సూక్ష్మగోళాలు లేదా రేడియోధార్మికత కలపబడిన లిపిడాల్ (గసాగసాల నూనె నుండి ఉత్పన్న వసామ్లము యొక్క అతిజిగటైన ద్రవరూపంలో ఎతిల్‌ ఆమ్ల సమ్మేళనం) రోగి యొక్క కాలేయధమని ద్వారా ఎక్కించడం జరుగుతుంది","హె పా టో సెల ్య ుల ార్    కార్ సి నో మా    ( లి వర్    క్యా న్ సర్ )    చికిత్స కు    స్థానిక    ప్రదేశంలో    వైద్య    సంబంధిత    రేడియ ో ధ ార్ మిక    ఔ ష ధ ాల    ప్రయోగ ం    చేసిన ట్టు    నివేద ించబడింది,    ఇక్కడ    రేడియ ో ధ ార్ మిక త    కల ప బడిన    నిర్దిష్ట    పరిమాణ ంలోని    సూ క్ ష్ మ గోళ ాలు    లేదా    రేడియ ో ధ ార్ మిక త    కల ప బడిన    లి పి డ ాల్    ( గ సాగ స ాల    నూ నె   నుండి    ఉత్ ప న్న    వ సా మ్ ల ము    యొక్క    అతి జి గ ట ైన    ద్ర వర ూ ప ంలో    ఎ తి ల్‌   ఆ మ్ ల    స మ్ మే ళ న ం)    రోగ ి    యొక్క    కాలే య ధ మని    ద్వారా    ఎక్క ించడం    జరుగు తుంది ",338,123
291,"""రేడియో సినోవెక్టమీ"" లేదా ""రేడియోసినోవయోర్తెసిస్"" అనే పేర్లు గల ఈ చికిత్సా విధానంలో ప్రభావిత కీళ్లసందుల సైనోవియల్ రంధ్రాల్లోకి రేడియోధార్మికత కలపబడిన నలుసులు లేదా రేడియోధార్మికత కలపబడిన గుజ్జును ఎక్కించడం ద్వారా పని చేస్తుంది",""" రేడియ ో    సి నో వె క్ట మీ ""    లేదా    "" రేడియ ో సి నో వయ ో ర్ తె సి స్ ""    అనే    పే ర్లు    గల    ఈ    చికిత్స ా    విధాన ంలో    ప్రభావి త    కీ ళ్ల సంద ుల    సై నో వియ ల్    ర ంధ్ర ాల్ లోకి    రేడియ ో ధ ార్ మిక త    కల ప బడిన    నలు సులు    లేదా    రేడియ ో ధ ార్ మిక త    కల ప బడిన    గు జ్ జ ును    ఎక్క ించడం    ద్వారా    పని    చే స్తుంది ",201,76
292,కాక్లీయ అమరికలు వల్ల మరింత గణనీయమైన వినికిడి లోపం గల వారికి కూడా ప్రయోజనం కలిగిస్తాయి,కా క్ లీ య    అ మర ిక లు    వల్ల    మరింత    గణనీయమైన    విని కి డి    లోప ం    గల    వారికి    కూడా    ప్రయో జనం    కలిగ ి స్త ాయి ,74,25
293,"వినికిడి లోపంగల వ్యక్తులు సాధారణంగా నోటి మాటతో సంభాషిస్తారు, మరియు వినికిడి పరికరాలు, కాక్లియర్ అమరికలు, ఇతర సాధనాలు, అలాగే శీర్షికల వల్ల లబ్ది పొందగలరు","విని కి డి    లోప ంగల    వ్యక్తులు    సాధారణంగా    నో టి    మా ట తో    సంభా షి స్తారు,    మరియు    విని కి డి    పరికర ాలు,    కా క్ లియ ర్    అ మర ిక లు,    ఇతర    సాధ నాలు,    అలాగే    శీ ర్ష ిక ల    వల్ల    ల బ్ ది    పొంద గల రు ",134,44
294,పురీషనాళం ద్వారా పరీక్ష ఒక సత్వర విధానం (ఒక అనుభవజ్ఞ వ్యక్తికి 12 నిమిషాలు పడుతుంది),పు రీ ష నా ళం    ద్వారా    పరీ క్ష    ఒక    స త్వర   విధా నం    ( ఒక    అనుభవ జ్ఞ   వ్యక్త ికి    12    నిమిష ాలు    పడు తు ంది ) ,73,26
295,"రేడియోధార్మిక ఔషధాలు అత్యంత స్వచ్చమైన రేడియోధార్మికత కలిగిన ఔషధ తయారీలు, ఇవి మానవ వినియోగానికి తగినంత సురక్షితమైనవి మరియు మనుషులలో వివిధ అనారోగ్యాలకు రోగనిర్ధారణకు లేదా చికిత్సలుగా వాడబడతాయి","రేడియ ో ధ ార్ మిక    ఔ ష ధ ాలు    అత్యంత    స్ వచ్చ మైన    రేడియ ో ధ ార్ మిక త    కలిగిన    ఔ ష ధ   తయార ీ లు,    ఇవి    మానవ    వినియోగ ానికి    తగిన ంత    సురక్షిత మైన వి    మరియు    మను ష ులలో    వివిధ    అన ార ోగ ్య ాలకు    రోగ నిర్ధార ణకు    లేదా    చికిత్స లుగా    వాడ బడ త ాయి ",170,55
296,"కానీ, సూక్ష్మజీవ నిరోధకాల దుర్వినియోగం మరియు మితిమీరిన వినియోగం ఈ ప్రక్రియను వేగవంతం చేస్తున్నాయి","కానీ,    సూ క్ ష్ మ జీ వ    నిరోధ కాల    దుర్ వినియోగ ం    మరియు    మిత ి మీ రి న    వినియోగ ం    ఈ    ప్రక్రియ ను    వేగ వంత ం    చేస్తున్న ాయి ",87,28
297,"ఈ వ్యూహాత్మక ప్రణాళిక ప్రభుత్వం మరియు ఇతర రంగాలలోని కీలక వాటాదారులను కూడుకున్న ఒక సమన్విత, సహకార వన్ హెల్త్ మార్గాన్ని ప్రారంభిస్తుంది","ఈ    వ్యూ హా త్మక    ప్రణాళిక    ప్రభుత్వం    మరియు    ఇతర    రంగ ాల లోని    కీలక    వా టా దార ులను    కూడ ు కున్న    ఒక    సమ న్ వి త,    సహ కార    వన్    హె ల్ త్    మార్ గాన్ని    ప్రారంభ ి స్తుంది ",118,35
298,ఇన్స్టిట్యూట్లోని ఓపిడి మరియు ఐపిడి లో రోగుల హాజరీ నిరంతరం పెరుగుతూ ఉంది,ఇన్ స్టిట్యూ ట్ లోని    ఓ పి డి    మరియు    ఐ పి డి    లో    రోగ ుల    హా జ రీ    నిర ంతరం    పెరుగు తూ    ఉంది ,63,22
299,ఇది ఒక వైద్య-న్యాయ శాఖలకు చెందిన అంశము,ఇది    ఒక    వైద్య - న్యాయ   శాఖ లకు    చెందిన    అంశ ము ,33,10
300,"రాష్ట్రాల వారీగా నాణ్యత భిన్నంగా ఉన్నా, దాదాపు అన్నిట్లోనూ, మౌలిక సదుపాయాల నాణ్యత, మానవ వనరుల ఉపస్థితి, ఔషధాల సరఫరా, మరియు వ్రాతపూర్వక నమోదులు అసంతృకరంగా ఉన్నట్లు కనిపించాయి","రాష్ట్రాల    వార ీగా    నాణ్య త    భిన్న ంగా    ఉన్న ా,    దాదాపు    అ న్ని ట్ లోన ూ,    మౌ లిక    స దు పాయ ాల    నాణ్య త,    మానవ    వనర ుల    ఉప స్థిత ి,    ఔ ష ధ ాల    సరఫ రా ,    మరియు    వ్రా త పూర్వ క    నమో ద ులు    అ సంతృ కర ంగా    ఉన్నట్లు    కనిప ించ ాయి ",153,52
301,ఆరోగ్య నివేదిక ఎలా తయారు చేయాలన్నదానిపై సాధారణ పథక నమూనా లేదు,ఆరోగ్య    నివేద ిక    ఎలా    తయారు    చేయ ాల న్న దానిపై    సాధారణ    పథ క    నమూ నా    లేద ు ,53,16
302,భారతదేశం వ్యాప్తంగా జీవ వైద్య సౌకర్యాలతో కూడిన ఆయుర్వేద కేంద్రాలను సహ-స్థాపనానికి జాతీయ గ్రామీణ ఆరోగ్య మిషన్ (ఎన్ఆర్హెచ్ఎం) వంటి కార్యక్రమాలు చేస్తున్న ప్రయత్నాలు జీవవైద్యం ఆయుర్వేదాల మధ్య భౌతిక సామీప్యం వరకే పరిమితమయ్యి సమిష్టి వైద్యం అందించే క్రియాశీల అనుసంధానావకాశానికి చాలా దూరంలో ఉన్నాయి,భారతదేశం    వ్యాప్తంగా    జీ వ    వైద్య    సౌకర్య ాలతో    కూడిన    ఆయ ు ర్ వే ద    కేంద్ర ాలను    సహ - స్థాప నానికి    జాతీయ    గ్రామీణ    ఆరోగ్య    మి షన్    ( ఎన్ ఆర్ హె చ్ ఎం )    వంటి    కార్యక్రమ ాలు    చే స్తున్న    ప్రయత్న ాలు    జీవ వైద ్యం    ఆయ ు ర్ వేద ాల    మధ్య    భౌ తిక    సా మీ ప ్యం    వర కే    పరిమిత మయ్య ి    స మి ష్ట ి    వైద ్యం    అందించే    క్ర ియా శీ ల    అనుసం ధా నా వ కాశ ానికి    చాలా    దూరంలో    ఉన్న ాయి ,260,79
303,"ఒక జంతువు మందలో ఇతర జంతువుల నుండి దూరంగా ఉంటుంటే, అది దానికి ఏదో అనారోగ్య సమస్య ఉన్నట్లు సూచిస్తుంది","ఒక    జంత ువు    మంద లో    ఇతర    జంతువ ుల    నుండి    దూర ంగా    ఉంటు ంటే,    అది    దానికి    ఏద ో    అన ార ోగ ్య    సమ స్య    ఉన్నట్లు    సూచి స్తుంది ",86,26
304,"ఆ వైద్యాధికారి నన్ను అతని వద్దకు తిరిగి వెళ్ళనివ్వలేదు, అందుకు బదులు నా వద్దకే ఒక తనిఖీదారుని పంపుతానని పట్టుబట్టారు","ఆ    వైద ్యా ధికార ి    న న్ను    అతని    వద్ద కు    తిరిగి    వెళ్ళ ని వ్వ లేదు,    అ ందుకు    బద ులు    నా    వద్ద కే    ఒక    తని ఖ ీ దార ుని    పం పు తా నని    పట్టు బట్ట ారు ",102,35
305,వాణిజ్యపరంగా బేక్ చేసిన వస్తువులలో మరియు దాదాపు అన్ని భోజనశాలలు మరియు ఫాస్ట్ ఫుడ్ శ్రేణులలో ఉపయోగించే శాఖ నూనెలకు హైడ్రోజన్ చేర్చబడంవల్ల ట్రాన్స్ ఫ్యాట్లు ఏర్పడతాయి,వాణిజ్య పరంగా    బే క్    చేసిన    వస్తువ ులలో    మరియు    దాదాపు    అన్ని    భో జన శాల లు    మరియు    ఫా స్ట్    ఫు డ్    శ్రేణ ులలో    ఉపయోగించే    శాఖ    నూ నె లకు    హై డ్ర ోజ న్    చేర్చ బడ ం వల్ల    ట్రా న్స్    ఫ్యా ట్లు    ఏర్పడ త ాయి ,145,41
306,అసంతృప్త క్రొవ్వుపదార్థాలు అనేవి సాధారణ ఉష్ణోగ్రతలో ద్రవరూపంలో ఉండేవి,అ సంతృ ప్ త    క్ర ొ వ్ వు పదార్థ ాలు    అనేవి    సాధారణ    ఉష్ణోగ్ర త లో    ద్ర వర ూ ప ంలో    ఉండే వి ,63,22
307,"కార్యాలయంలో లేదా పనికి సంబంధంగా, వివక్ష, అధికార దుర్వినియోగం, మరియు లైంగిక వేధింపులతో సహా (ఉమ్మడిగా దుర్వినియోగ ప్రవర్తనగా పేర్కొనబడ్డ) హింసించడాన్ని నివారించి స్పందించేందుకు డబ్ల్యూఎచ్ ఓ అన్ని తగిన చర్యలు తీసుకునే బాధ్యత కలిగి ఉంది","కార్యాలయ ంలో    లేదా    ప నికి    సంబంధ ంగా,    వి వ క్ష ,    అధికార   దుర్ వినియోగ ం,    మరియు    లై ంగ ిక    వే ధ ింప ులతో    సహా    ( ఉ మ్మ డిగా    దుర్ వినియోగ   ప్ర వర్ తన గా    పేర్కొ న బడ్డ )    హిం స ించడ ాన్ని    నివార ించి    స్పంద ించేందుకు    డబ్ల ్యూ ఎ చ్    ఓ    అన్ని    త గిన    చర్య లు    తీసుకు నే    బాధ్యత    కలిగి    ఉంది ",206,61
308,హాని ఏమున్నది,హా ని    ఏ ము న్న ది ,12,6
309,నిర్ణయాలకు మద్దతునిచ్చే విధంగా ఫలితాలను సమర్పించి సంభాషించడం మూడో స్థాయి లక్ష్యం,నిర్ణయ ాలకు    మద్దతు నిచ్చ ే    విధంగా    ఫలిత ాలను    సమర్ప ించి    సంభాష ించడం    మూడ ో    స్థాయి    లక్ష ్యం ,72,17
310,"యోగా పదానికి రెండు అర్ధాలున్నాయి; మొదడిటిది, మూలపదం యుజిర్ లేదా సంయోగం నుండి, మరియు రెండవది ఒక విభిన్నమూలపదం యుజ నుండి వచ్చింది, దాని అర్ధం సమాధి; అనగా బుద్ధి మరియు పరమజ్ఞానం యొక్క అత్యున్నత స్థితి","యో గా    పద ానికి    రెండు    అర్ధ ాలు న్న ాయి ;    మొద డి టి ది,    మూల పదం    యు జి ర్    లేదా    సం యోగ ం    నుండి,    మరియు    రెండ వ ది    ఒక    విభి న్న మూల పదం    యు జ    నుండి    వచ్చ ింది,    దాని    అర్ధ ం    సమా ధి ;    అన గా    బుద్ధ ి    మరియు    పర మ జ్ఞా నం    యొక్క    అత్యున్నత    స్థిత ి ",171,57
311,రోగ నిర్ధారణ లేదా చికిత్సా కారకాలుగా వాటి ప్రభావాన్ని చూపడానికి రేడియోన్యూక్లైడ్ తాలూకు అణు లక్షణాలను అలాగే ఔషధాల యొక్క ఔషధ లక్షణాలను కూడా రేడియో ఫార్మాస్యూటికల్ ఉపయోగించుకుంటుంది,రోగ   నిర్ధార ణ    లేదా    చికిత్స ా    కార కాల ుగా    వాటి    ప్రభా వాన్ని    చూప డానికి    రేడియ ో న్యూ క్లై డ్    తాలూకు    అణ ు    లక్షణ ాలను    అలాగే    ఔ ష ధ ాల    యొక్క    ఔ ష ధ   లక్షణ ాలను    కూడా    రేడియ ో    ఫార్ మా స్ యూ టిక ల్    ఉపయోగ ించు కుంటు ంది ,159,48
312,"హరిత ఆర్థిక వ్యవస్థ అనే పదం, ప్రముఖ పర్యావరణ ఆర్థికవేత్తల బృందం చే 1989లో యునైటెడ్ కింగ్డమ్ ప్రభుత్వం కోసం, హరిత ఆర్థిక వ్యవస్థకు నమూనాపటం అని పిలువబడే నివేదికలో మొదట ఆవిష్కరించబడింది","హ రిత    ఆర్థిక    వ్యవస్థ    అనే    పద ం,    ప్రముఖ    పర్యావరణ    ఆర్థ ిక వేత్త ల    బృందం    చే    198 9లో    యునైటెడ్    క ింగ ్డ మ్    ప్రభుత్వం    కోసం,    హ రిత    ఆర్థిక    వ్యవస్థ కు    నమూ నా ప టం    అని    పిలువబడే    నివేదిక లో    మొదట    ఆవి ష్కరించ బడ ింది ",160,42
313,"కివి పండ్ల నుండి తయారుచేయబడే నారా ఆబా అని పిలువబడే తెల్లటి వైన్ అరుణాచల్ ప్రదేశ్ నుండి వస్తుంది, దీన్ని దిగువ సుబంసిరి జిల్లాలోని హాంగ్ గ్రామంలో ఉండే లంబు-సుబు ఫుడ్ అండ్ బెవరేజెస్ ఉత్పత్తి చేస్తుంది","కి వి    పండ ్ ల    నుండి    తయ ారు చేయబడ ే    నార ా    ఆ బా    అని    పిలువబడే    తె ల్ల టి    వై న్    అరు ణా చ ల్    ప్రదేశ్    నుండి    వస్తు ంది,    దీన్ని    దిగువ    సు బం సి రి    జిల్లాలోని    హా ంగ్    గ్రామంలో    ఉండే    లంబ ు - సు బు    ఫు డ్    అండ్    బె వర ే జె స్    ఉత్పత్తి    చే స్తుంది ",172,56
314,"ఎత్తును తగ్గించడానికి, రిలీజ్ మీటను కిందికి వెళ్లేలా నొక్కండి","ఎత్త ును    తగ్గ ించడానికి,    రి లీ జ్    మీ ట ను    క ింద ికి    వెళ్ లే లా    నొక్క ండి ",55,18
315,"పశుగ్రాస పంటలు పెరుగుదల తొలి దశలలో అధిక మాంసకృతులు కలిగి ఉండి, సాధారణంగా సులభంగా జీర్ణమవుతాయి, కాని వాటి దిగుబడి (మొత్తం పరిమాణం లేదా జీవపదార్ధం) తక్కువగా ఉంటుంది","ప శు గ్రా స    పంట లు    పెరుగు దల    తొలి    దశ లలో    అధిక    మా ం స కృ తులు    కలిగి    ఉండి,    సాధారణంగా    సులభంగా    జీ ర్ ణ మవు తాయి,    కాని    వాటి    దిగు బడి    ( మొత్తం    పరి మా ణం    లేదా    జీవ పద ార్ ధ ం)    తక్కువగా    ఉంటుంది ",142,43
316,"ప్రయోగాత్మక ఆలోచనల పట్ల భావావేశమనే ఆయుధం ధరించి, ఆత్మ విశ్వాసం మరియు దృఢనిశ్చయంతో సన్నద్ధంగా ఉన్న ఉఖ్రుల్‌కు చెందిన జీనోరిన్ ఒక మామూలు వ్యాపారవేత్త కాదు","ప్రయోగ ా త్మక    ఆలోచ నల    పట్ల    భా వా వేశ మ నే    ఆయుధ ం    ధరించ ి,    ఆ త్ మ    విశ్ వా సం    మరియు    దృ ఢ ని శ్చ య ంతో    స న్న ద్ధ ంగా    ఉన్న    ఉ ఖ ్ర ుల ్‌కు    చెందిన    జీ నో రి న్    ఒక    మా మూ లు    వ్యాపార వే త్త    కా దు ",134,52
317,"ప్రాథమికంగా, ఇందులో ఉష్ణ మార్పిడి, రసాయన మార్పిడి, జీవరసాయన మార్పిడి వంటి భిన్నమైన మార్గాలలో అనుకూలమైన శక్తి-కలిగిన పదార్థాలుగా మార్చగల జీవపదార్ధాన్ని తయారు చేయడం భాగంగా కలిగి ఉంటుంది","ప్రాథ మిక ంగా,    ఇందులో    ఉ ష్ ణ    మార్పి డ ి,    ర సాయ న    మార్పి డ ి,    జీ వర సాయ న    మార్పి డి    వంటి    భిన్న మైన    మార్గ ాలలో    అనుకూల మైన    శక్తి - కలిగిన    పదార్థ ాలుగా    మార్చ గల    జీవ పద ార్ ధాన్ని    తయారు    చేయడం    భాగంగా    కలిగి    ఉంటుంది ",163,45
318,"భూగర్భ ప్రక్రియల ద్వారా తయారయే బొగ్గు, పెట్రోలియం వంటి ఇంధనాల మాదిరిగా కాకుండా ఇవి జీవ సంబంధ ప్రక్రియల ద్వారా తయారవుతాయి","భూ గర్భ   ప్రక్రియ ల    ద్వారా    తయార యే    బొ గ్గ ు,    పె ట్రో లి యం    వంటి    ఇ ంధ నాల    మాదిరి గా    కాకుండా    ఇవి    జీ వ    సంబంధ   ప్రక్రియ ల    ద్వారా    తయార వు త ాయి ",105,32
319,డిఇఇపి మోడరన్ చుల్హా సొసైటీ ఆఫ్ డెవలప్‌మెంట్ అండ్ ఎన్విరాన్‌మెంట్ ప్రొటెక్షన్ (డిఇఇపి) జీవపదార్థాన్ని ఉపయోగించే ఆధునిక డిఇఇపి పొయ్యిని తయారు చేసి కట్టెల వాడకాన్ని 50% తగ్గించింది,డి ఇ ఇ పి    మోడ ర న్    చ ుల్ హా    సొ సై టీ    ఆఫ్    డె వల ప్‌ మెంట్    అండ్    ఎన్ విరా న్‌ మెంట్    ప్రొ టె క్షన్    ( డి ఇ ఇ పి )    జీవ పదార్థ ాన్ని    ఉపయోగించే    ఆధునిక    డి ఇ ఇ పి    పొ య్య ిని    తయారు    చేసి    కట్ట ె ల    వాడ కాన్ని    50 %    తగ్గ ించ ింది ,158,56
320,2020 నాటికి 197 ప్రకటించబడ్డ స్వదేశీ జాతులపై గెజెట్‌లో అధికారిక ప్రకటన చేయబడినది,2020    నాటికి    19 7    ప్రకట ించబడ్డ   స్వ దేశ ీ    జాత ులపై    గె జె ట్‌లో    అధికారిక    ప్రకట న    చేయబడ ిన ది ,71,20
321,ఎన్‌బయోలెట్ గ్రీన్ సొల్యూషన్ ఫౌండేషన్ (జిఎస్ఎఫ్) మురుగునీటి వ్యవస్థలు లేని గ్రామాలలో మరియు నగరాలలోని మురికివాడలలో ఆరోగ్యకరమైన పారిశుధ్యం కోసం ఒక బయో-టాయిలెట్ పరిష్కారాన్ని రూపొందించింది,ఎన్‌ బయ ో లె ట్    గ్రీ న్    సొ ల ్యూ షన్    ఫౌ ండ ే షన్    ( జి ఎస్ ఎఫ్ )    ము రుగు నీటి    వ్యవస్థ లు    లేని    గ్రామ ాలలో    మరియు    నగర ాల లోని    ము రిక ి వాడ లలో    ఆరోగ ్య కరమైన    పారి శు ధ ్యం    కోసం    ఒక    బయ ో - ట ాయి లె ట్    పరి ష్ కార ాన్ని    రూపొంద ించ ింది ,167,60
322,"2024 నాటికి, దిగుమతులకు ప్రత్యామ్నాయంగా 30 మెరుగుపరచగల క్షేత్ర మరియు ఉద్యాన పంటల రకాలను అభివృద్ధి చేయాలని ఐసిఎఆర్ లక్ష్యంగా పెట్టుకుంది","202 4    నాటికి,    దిగు మత ులకు    ప్రత్యామ్నాయ ంగా    30    మెరుగు పరచ గల    క్షే త్ర    మరియు    ఉద్యా న    పంట ల    రక ాలను    అభివృద్ధి    చేయాలని    ఐ సి ఎ ఆ ర్    లక్ష్య ంగా    పెట్టు కు ంది ",120,33
323,"సమస్థానికములకు మరియు పరమాణు శాస్త్రంలో అధునాతన పరిశోధనకు పెరుగుతున్న అవసరమును ఊహించి, 1970ల నాటికే అధికతర న్యూట్రాన్ ప్రవాహం గల మరొక రీయాక్టర్‌ ఆవశ్యకత కలిగింది, తుదకు అది బార్క్, ట్రాంబే లో ఆర్-5 రీయాక్టర్‌(ఆ తరువాత ధృవ రీయాక్టరుగా పేరు మార్చబడింది) నిర్మాణం మరియు ఆరంభానికి పరిణమించింది","సమ స్థానిక మ ులకు    మరియు    పర మాణ ు    శాస్త్ర ంలో    అధ ు నా తన    పరిశోధ నకు    పెరుగు తున్న    అవసర ము ను    ఊహ ించి,    197 0ల    నాటిక ే    అధ ిక తర    న్యూ ట్రా న్    ప్రవాహ ం    గల    మరొక    రీ యా క్ట ర్‌    ఆ వ శ్య క త    కలిగ ింది,    తు ద కు    అది    బార్ క్,    ట్రా ంబ ే    లో    ఆర్ - 5    రీ యా క్ట ర్‌ ( ఆ    తరువాత    ధృ వ    రీ యా క్ట రుగా    పేరు    మార్చ బడ ింది )    నిర్మాణం    మరియు    ఆర ంభ ానికి    పరి ణ మ ించ ింది ",254,89
324,హెచ్,హె చ్ ,4,2
325,ఎల్,ఎల్ ,3,1
326,ఎల్,ఎల్ ,3,1
327,డబ్ల్యూ,డబ్ల ్య ూ ,7,3
328,"లో విచ్ఛిత్త ఉత్పాదితాలు, స్వల్ప రేడియోథార్మిక పదార్థాలు, యురేనియం మరియు ప్లూటోనియం ఆనవాళ్ళు, హరింపు ఉత్పాదితాలు, మరియు పునఃసంవిధానంలో చేర్చబడిన రసాయనాలు ఉంటాయి","లో    వి చ్ఛ ి త్త    ఉత్ పాద ిత ాలు,    స్వ ల్ప   రేడియ ో థ ార్ మిక    పదార్థ ాలు,    యు రే ని యం    మరియు    ప్ లూ టో ని యం    ఆన వా ళ్ళ ు,    హ ర ింపు    ఉత్ పాద ిత ాలు,    మరియు    పున ః సం విధాన ంలో    చేర్చ బడిన    ర సాయ నాలు    ఉంట ాయి ",144,52
329,"హెచ్ఎల్ఎల్డబ్ల్యూని ఒక జడ (గాజు వంటి) స్ఫటిక అచ్చులో స్థిరీకరించి, గాలిద్వారా చల్లబరచబడిన మాళిగలో కొన్ని దశాబ్దాలపాటు నిల్వ ఉంచి, ఆ తరువాత ఒక లోతైన గిడ్డంగిలో పారేసేందుకు ప్రణాళిక చేయబడుతుంది","హె చ్ ఎల్ ఎల్ డబ్ల ్యూ ని    ఒక    జ డ    ( గా జు    వంటి )    స్ ఫ ట ిక    అ చ్చ ులో    స్థి రీ కరించ ి,    గాల ి ద్వారా    చల్ల బ రచ బడిన    మా ళ ి గ లో    కొన్ని    దశాబ్ద ాల పాటు    నిల్ వ    ఉంచ ి,    ఆ    తరువాత    ఒక    లోత ైన    గి డ్డ ంగ ిలో    పార ే సే ందుకు    ప్రణాళిక    చేయబడ ు తుంది ",169,63
330,"జెర్సీ ఆవులు సుమారు 5% కొవ్వు పదార్థం గల పాలను ఉత్పత్తి చేయగా, హోల్‌స్టీన్-ఫ్రీసియన్‌ యొక్క పాలలో దాదాపు 3","జె ర్ సీ    ఆ వులు    సుమారు    5 %    కొ వ్వ ు    పదార్థ ం    గల    ప ాలను    ఉత్పత్తి    చేయ గా,    హో ల్‌ స్టీ న్- ఫ్ర ీ స ియ న్‌    యొక్క    పాల లో    దాదాపు    3 ",92,33
331,5 శాతం కొవ్వు ఉంటుంది,5    శాతం    కొ వ్వ ు    ఉంటుంది ,18,6
332,"మానవ భద్రత ప్రధానంగా కొనుగోలుదారులు, ఉద్యోగులు, యాజమాన్యంతో సహా ప్రజలందరి యొక్క ఆరోగ్యం, పరిశుభ్రత మరియు పర్యావరణం మీద దృష్టి పెడుతుంది","మానవ    భద్ర త    ప్రధానంగా    కొనుగోలు దార ులు,    ఉద్యోగ ులు,    యాజమా న్య ంతో    సహా    ప్రజ ల ంద రి    యొక్క    ఆరోగ ్య ం,    పరి శు భ్ర త    మరియు    పర్యావర ణం    మీద    దృష్టి    పె డు తుంది ",120,33
333,"రెండవ ఆవృత్తిలో సీసియంను తిరిగి పొందడం లక్ష్యం కాగా, హెచ్ఎల్ఎల్‌డబ్ల్యూ నుండి స్ట్రోంటియమ్-ఆక్టినైడ్-లాంథనైడ్ సంయుక్త విభజన మూడవ ఆవృత్తిలో సాధించబడుతుంది","రెండవ    ఆ వృత్తి లో    సీ స ియ ంను    తిరిగి    పొంద డం    లక్ష ్యం    కాగా,    హె చ్ ఎల్ ఎల్‌ డబ్ల ్య ూ    నుండి    స్ట్ర ో ంట ియ మ్ - ఆ క్ టి నై డ్ - లా ంథ నై డ్    సంయుక్త    విభజన    మూడవ    ఆ వృత్తి లో    సాధ ించబడు తుంది ",139,47
334,"సూక్ష్మతరంగ సుదూర గ్రాహకత సాంకేతిక ప్రక్రియలకు అన్ని రకాల వాతావరణ సామర్థ్యం కలిగి ఉంటుంది ఎందుకంటే వాతావరణం తక్కువ వ్యాప్తివద్ద సూక్ష్మతరంగాలకు అతీతంగా ఉంటాయి, అవి మేఘాలలోకి చొచ్చుకుని పోతాయి, మరియు సూర్యప్రకాశము నుండి సూక్ష్మతరంగ సెన్సార్ల వలన అవి రాత్రి పగలు జరిపే కార్యాచరణలకు అనుకూలంగా ఉంటాయి","సూ క్ ష్ మత రంగ    సు దూ ర    గ్రా హ క త    సాంకే తిక    ప్రక్రియ లకు    అన్ని    రకాల    వాతావరణ    సామర్థ ్యం    కలిగి    ఉంటుంది    ఎందుకంటే    వాతావరణం    తక్కువ    వ్యాప్ తి వద్ద    సూ క్ ష్ మత రంగ ాలకు    అత ీ తంగా    ఉంటాయి,    అవి    మేఘ ాల లోకి    చొ చ్చు కుని    పో తాయి,    మరియు    సూ ర్య ప్ర కాశ ము    నుండి    సూ క్ ష్ మత రంగ    సె న్ సార్ ల    వలన    అవి    రాత్రి    ప గ లు    జ రిప ే    కార ్యా చ రణ లకు    అనుకూల ంగా    ఉంట ాయి ",262,82
335,సాధారణంగా అణు విచ్ఛిత్తి కోసం యురేనియంను సహజ లేదా సుసంపన్న రూపంలో అణు విద్యుత్ ప్లాంట్లలో ఇంధనంగా వాడతారు,సాధారణంగా    అణ ు    వి చ్ఛ ి త్త ి    కోసం    యు రే నియ ంను    సహజ    లేదా    సు సం ప న్న    రూపంలో    అణ ు    విద్యుత్    ప్లా ంట్ లలో    ఇ ంధ నంగా    వాడ త ారు ,92,32
336,"అదీగాక, సోయాచిక్కుడులో శీఘ్ర ఫలదీకరణ ప్రేరేపించబడ్డది","అ దీ గా క,    సో యా చ ిక్ కు డు లో    శీ ఘ ్ర   ఫల దీ కరణ    ప్రే రే ప ించబడ్డ ది ",49,22
337,ఒకేసారి గోడ యొక్క పూర్తి ఎత్తును కట్టలేని సందర్భంలో ర్యాకింగ్ బ్యాక్ విధానం ఉపయోగకరంగా ఉంటుంది,ఒ కే సారి    గో డ    యొక్క    పూర్తి    ఎత్త ును    కట్ట లేని    సందర్భ ంలో    ర్యా కింగ్    బ్యా క్    విధా నం    ఉపయోగ కర ంగా    ఉంటుంది ,83,23
338,"సంబంధించిన వారందరి దృష్టిని, సేంద్రియ వ్యవసాయంతో బాటు రసాయన రహిత సేద్యం మరియు భూమి మరియు వాతావరణాలను పునరుద్ధరించి, పునరుజ్జీవము చేసి, పునస్థాపించే సాంకేతిక ప్రక్రియల వైపు ఆకర్షించింది","సంబంధించిన    వార ంద రి    దృష్ట ి ని,    సే ంద్ర ియ   వ్యవసాయ ంతో    బాటు    ర సాయ న    రహ ిత    సే ద ్యం    మరియు    భూమి    మరియు    వాతావర ణ ాలను    పునరుద్ధరించ ి,    పున రు జ్ జీవ ము    చేసి,    పున స్థాప ించే    సాంకే తిక    ప్రక్రియ ల    వైపు    ఆకర్ష ించ ింది ",164,46
339,"అవసరమైన ఉష్ణోగ్రత పగటి వేళలో 24°–27°సి, రాత్రి వేళలో 15°–17°సి కాగా, వాంఛనీయమైనది 75 శాతం సాపేక్ష ఆర్ద్రతతో 15°–27°సి","అవసరమైన    ఉష్ణోగ్ర త    ప గ టి    వే ళ లో    24 ° – 27 ° సి,    రాత్రి    వే ళ లో    15 ° – 17 ° సి    కాగా,    వా ం ఛ నీయ మైనది    7 5    శాతం    సా పే క్ష    ఆర్ ద్ర త తో    15 ° – 27 ° సి ",103,47
340,"ఇంటర్నేషనల్ ట్రేడ్ సెంటర్ ద్వారా అనేక కార్యక్రమాలు నిర్వహించబడుతున్నాయి, ఇవి చిన్న వ్యాపారాలు మరియు పారిశ్రామికవేత్తల అవసరాలను నొక్కిచెప్పి, డిజిటల్ ట్రేడ్‌‌గా ఎదిగే సమయంలో వారికి మద్దతు ఇస్తాయి: మెనా ప్రాంతంలోని యువతకు అవకాశాలు, ఎస్‌డిజిఎస్-ఫోటో ప్రదర్శన కొరకు చిరు వ్యాపారాలు, క్రీడలలో యువ వ్యవస్థాపకులు, మహిళలపై పెట్టుబడి పెట్టడం వంటివి","ఇంటర్నేషనల్    ట్ర ే డ్    సెంట ర్    ద్వారా    అనేక    కార్యక్రమ ాలు    నిర్వహ ించబడు తున్న ాయి,    ఇవి    చిన్న    వ్యాపార ాలు    మరియు    పారిశ్రా మిక వేత్త ల    అవసర ాలను    నొక్క ి చెప్ప ి,    డిజి టల్    ట్ర ే డ్‌ ‌ గా    ఎ ది గే    సమయంలో    వారికి    మద్దతు    ఇ స్త ాయి :    మె నా    ప్రాంతంలోని    యు వత కు    అవకాశ ాలు,    ఎస్‌ డిజి ఎస్ - ఫో ట ో    ప్రదర్శన    కొ రకు    చి రు    వ్యాపార ాలు,    క్రీడలలో    యు వ    వ్యవ స్థాప కులు,    మహిళ లపై    పెట్టుబడి    పెట్ట డం    వంటివి ",303,80
341,"ఈ ప్రక్రియలో, ద్రావణిని కలిగి ఉండే సేంద్రీయ ప్రవాహం, ఎంపిక చేసిన సంగ్రహకారిణి భాగాలు మరియు సజల వ్యర్థాలు బలమైన అల్లాటాన్ని ఉపయోగించి ఒకదాన్ని మరొకటి స్పృశిస్తూ ఉండేలా దగ్గరగా ఉంచబడతాయి","ఈ    ప్రక్రియ లో,    ద ్రా వ ణ ిని    కలిగి    ఉండే    సే ంద్ర ీయ    ప్రవాహ ం,    ఎంపిక    చేసిన    సం గ్రహ కార ి ణి    భాగ ాలు    మరియు    స జ ల    వ్య ర్థ ాలు    బలమైన    అ ల్లా ట ాన్ని    ఉపయోగించి    ఒక దాన్ని    మరొ క టి    స్ప ృ శి స్తూ    ఉండేలా    దగ్గర గా    ఉంచ బడ త ాయి ",162,53
342,ప్రతీ పెన్సిల్‌లో సీసియం గ్లాస్ తాలూకు ఖచ్చితమైన నియంత్రణ గల సీసియం గ్లాస్ పెన్సిల్‌లను తయారు చేయడానికి సీసియం గ్లాస్ గల అందించే పరికరాన్ని దూరం నుండి ప్రత్యేక తిరిగి కరిగించే కొలిమికి సమీకరిస్తారు,ప్ర తీ    పె న్సి ల్‌లో    సీ స ియ ం    గ్ లాస్    తాలూకు    ఖచ్చితమైన    నియంత్రణ    గల    సీ స ియ ం    గ్ లాస్    పె న్సి ల్‌ లను    తయారు    చేయడానికి    సీ స ియ ం    గ్ లాస్    గల    అందించే    పరిక రాన్ని    దూ రం    నుండి    ప్రత్యేక    తిరిగి    క రిగ ించే    కొ లి మ ికి    సమీ కరి స్త ారు ,173,53
343,"అదనంగా, నమ్మదగిన, సమయోచిత అంచనాలు, అలాగే కాలానుగుణ పంట విస్తీర్ణం మరియు దిగుబడి అంచనాలు అనేవి ఎగుమతి/దిగుమతి, ధర స్థిరీకరణ మరియు ప్రజా పంపిణీ వంటి మార్కెటింగ్ వ్యూహాలను రూపొందించుకోడానికి ముఖ్యమైనవి","అదనంగా,    నమ్మ ద గిన ,    సమయ ో చిత   అంచ నాలు,    అలాగే    కాల ా ను గు ణ    పంట   విస్తీర్ ణం    మరియు    దిగు బడి    అంచ నాలు    అనేవి    ఎగు మ తి / దిగు మత ి,    ధర    స్థి రీ కరణ    మరియు    ప్రజా    పంపిణీ    వంటి    మార్కె టింగ్    వ్య ూహ ాలను    రూపొంద ించుకో డానికి    ముఖ్య మైన వి ",176,51
344,"అదనపు భూమిని సాగుకు తెచ్చుకోవటం (సమాంతర విధానం) మరియు మెరుగైన వ్యవసాయ నిర్వహణ ( నిటారు విధానం), ఎక్కువ దిగుబడి ఇచ్చే, పెట్టుబడికి ప్రతిస్పందించే, శక్తి తీవ్రత కలిగి, మరియు వత్తిడిని తట్టుకోగల రకాలు, హెచ్చిన నీటి పారుదల మరియు సమీకృత సేద్య పోషణ మరియు రక్షణ వంటి సాంకేతికతలతో పంట దిగుబడిని గణనీయంగా పెంచటం సాధ్యం","అదనపు    భూమి ని    సాగు కు    తె చ్చు కోవ టం    ( సమా ంతర    విధాన ం)    మరియు    మెరు గ ైన    వ్యవసాయ    నిర్వహణ    (   ని ట ారు    విధాన ం ),    ఎక్కువ    దిగు బడి    ఇ చ్చే ,    పెట్టుబడ ికి    ప్రతిస్పంద ించ ే,    శక్తి    తీవ్ర త    కలిగ ి,    మరియు    వత్ తి డిని    త ట్టు కో గల    ర కాల ు,    హెచ్చ ిన    నీటి    పారుదల    మరియు    సమీ కృ త    సే ద ్య    పోష ణ    మరియు    రక్షణ    వంటి    సాంకే తిక త లతో    పంట   దిగు బడ ిని    గణనీయంగా    పెంచ టం    సాధ ్యం ",269,83
345,గేరు మార్చే లీవరు ముందు రెండు సీట్ల నడుమ కన్సోల్ నడిమధ్యన బిగించి ఉంటుంది,గే రు    మార్చ ే    లీ వ రు    ముందు    రెండు    సీ ట్ల    నడు మ    కన్ సో ల్    నడి మధ్య న    బి గ ించి    ఉంటుంది ,63,23
346,కానీ ఈ మార్పును కేవలం సాంకేతికతకు మాత్రమే ఆపాదించటం సరికాదు,కానీ    ఈ    మార్ పు ను    కేవలం    సాంకే తిక తకు    మాత్రమే    ఆ పాద ించ టం    సర ిక ా దు ,52,18
347,"ఈ అన్ని పారామితుల సూచికలను మిళితం చేస్తూ, ప్రతీ రాష్ట్రంలోని సౌకర్యాల నాణ్యత కోసం ఒక నాణ్యతా శ్రేణి రూపొందించబడింది","ఈ    అన్ని    పార ా మిత ుల    సూచ ిక లను    మి ళ ితం    చేస్త ూ,    ప్ర తీ    రాష్ట్ర ంలోని    సౌకర్య ాల    నాణ్య త    కోసం    ఒక    నాణ్య తా    శ్రేణి    రూపొంద ించబడ ింది ",101,30
348,"ఈ పరిమాణపటకారులను పొడవు, అంతర్వ్యాస బహిర్వ్యాసాలను కొలిచేందుకు ఉపయోగించవచ్చు","ఈ    పరిమాణ ప ట కార ులను    పొడ వు,    అంతర్ వ్యా స    బహి ర్ వ్యా స ాలను    కొ లి చే ందుకు    ఉపయోగించ వచ్చు ",70,22
349,ఇటుకలు తాపీపనిలో వినియోగించే ముందు వాటి గట్టిదనం మరియు మన్నికను పరీక్షించాల్సి ఉంటుంది,ఇ టు క లు    తా పీ పని లో    వినియోగ ించే    ముందు    వాటి    గ ట్ట ి ద నం    మరియు    మ న్ని క ను    పరీక్ష ించ ాల్సి    ఉంటుంది ,77,26
350,బహుశః తక్కువ ఖరీఫ్ వరి పంట కారణంగా ఆహారధాన్యాల ధరల వత్తిడి గోధుమ నుండి వరికి వ్యాపిస్తూ ఉంది,బహు శ ః   తక్కువ    ఖరీ ఫ్    వరి    పంట   కారణంగా    ఆహార ధాన్య ాల    ధర ల    వత్ తి డి    గో ధు మ    నుండి    వర ికి    వ్యా పి స్తూ    ఉంది ,79,27
351,భారత ప్రభుత్వం మరియు మిగతా వాటాదారులు చేపట్టిన చురుకైన ప్రారంభ ప్రయత్నాల కారణంగా విస్తృతమైన వినియోగదారుల ఆమోదంతో పాటు ఆయుర్వేదం యొక్క పరిధి కూడా విస్తరించింది,భారత    ప్రభుత్వం    మరియు    మిగ తా    వా టా దారులు    చేపట్ట ిన    చు రు కైన    ప్రారంభ    ప్రయత్న ాల    కారణంగా    విస్తృతమైన    వినియోగదార ుల    ఆమోద ంతో    పాటు    ఆయ ు ర్ వేద ం    యొక్క    పరి ధి    కూడా    విస్తరించ ింది ,140,34
352,"ఇంకా, చికిత్సాపరమైన ఉపయోగాలు కాకుండా, రేడియోఐసోటోప్‌ను దానిని వినియోగించే సమయంలో అనుకోకుండా రేడియోధార్మికత విడుదల కాకుండా ఉండడానికి దానిని చొచ్చుకుపోలేని రూపంలోకి మారుస్తారు","ఇం కా ,    చికిత్ సా పరమైన    ఉపయోగ ాలు    కాకుండా,    రేడియ ో ఐ సో టో ప్‌ ను    దానిని    వినియోగ ించే    సమయంలో    అను కో కుండా    రేడియ ో ధ ార్ మిక త    విడుదల    కాకుండా    ఉండ డానికి    దానిని    చొ చ్చు కు పో లేని    రూ పం లోకి    మారు స్త ారు ",157,45
353,"రేడియో ఐసోటోప్‌ వినియోగానికి, మొట్టమొదటగా దానిని రేడియో- రసాయనికంగా స్వచ్ఛమైన రూపంలో హెచ్ఎల్ఎల్‌డబ్ల్యూ నుండి వేరుపరచాలి","రేడియ ో    ఐ సో టో ప్‌   వినియోగ ానికి,    మొట్ట మొద ట గా    దానిని    రేడియ ో -    ర సాయ ని కంగా    స్వచ్ఛ మైన    రూపంలో    హె చ్ ఎల్ ఎల్‌ డబ్ల ్య ూ    నుండి    వే రు పర చాల ి ",109,36
354,"ఋణ అభ్యర్ధనలో కావలసిన ఉత్పత్తుల గురించిన సమాచారం, సాధ్యయుత విక్రేతల వివరాలు, బట్వాడా సూచనలు, గణన వివరాలు, సంప్రదింపు సమాచారం మొదలైనవి ఉంటాయి","ఋ ణ    అభ్య ర్ ధ నలో    కా వలసిన    ఉత్పత్త ుల    గురించిన    సమాచార ం,    సాధ్య యు త    విక్ర ే తల    వివర ాలు,    బ ట్ వా డా    సూచ న లు,    గణ న    వివర ాలు,    సంప్రద ింపు    సమాచారం    మొద లైన వి    ఉంట ాయి ",124,40
355,అది ఇంటర్‌నెట్ ద్వారా వస్తువుల మరియు సేవల అమ్మకం,అది    ఇంట ర్‌ నెట్    ద్వారా    వస్తువుల    మరియు    సేవ ల    అమ్మ కం ,42,11
356,"తదనుగుణంగా, దాఖలైన ఆ నివేదిక గుజరాత్ లోని అధికారులకి పంపబడింది","త ద ను గు ణ ంగా,    దాఖ లైన    ఆ    నివేద ిక    గుజరాత్    లోని    అధికార ుల కి    పంప బడ ింది ",55,19
357,"బాల్య వివాహాల నిరోధక చట్టం, 1978 చట్టప్రకారం అమ్మాయిలకి వివాహ వయసు 18 గా మరియు అబ్బాయిలకి 21 గా నిర్దేశించింది, కానీ ఇప్పటికీ సామాజిక ఆచారాలు శీఘ్రపు వివాహాన్ని ప్రోత్సాహిస్తున్నాయి","బాల ్య    వివాహ ాల    నిరోధ క    చట్ట ం,    197 8    చట్ట ప్రకారం    అమ్మ ాయి ల కి    వివాహ   వయ సు    18    గా    మరియు    అ బ్బ ాయి ల కి    2 1    గా    నిర్ దేశ ించింది,    కానీ    ఇప్పటికీ    సామాజిక    ఆచార ాలు    శీ ఘ ్ర పు    వివా హాన్ని    ప్రోత్ సా హి స్తున్న ాయి ",159,49
358,"అయితే, కఠిన పౌర జవాబుదారీతనాన్ని అమలు చేయడానికి బిఎస్ఎన్ఎల్‌కు చట్టబద్ధమైన, నియంత్రణా లేదా పోలీసు అధికారాలు లేవు","అయితే,    కఠ ిన    పౌర    జ వా బు దార ీ త నాన్ని    అమలు    చేయడానికి    బి ఎస్ ఎన్ ఎల్‌ కు    చట్ట బద్ధ మైన,    నియంత్ర ణా    లేదా    పోలీసు    అధికార ాలు    లే వు ",100,29
359,"పూర్వోక్త కారణాల వలన, శ్రీయుతులు క్వాలిటీ ఐస్ క్రీం మరియు బి","పూర్వ ో క్ త    కారణ ాల    వల న,    శ్రీ యు తులు    క్ వాల ి టీ    ఐ స్    క్రీ ం    మరియు    బి ",52,21
360,బి,బి ,2,1
361,ఎల్,ఎల్ ,3,1
362,ఐ,ఐ ,1,1
363,ఎల్,ఎల్ ,3,1
364,సంబంధితులు కారని తుది నిర్ణయానికి రావడంలో ట్రిబ్యునల్ ఎటువంటి పొరపాటు చేయలేదన్నది పరిశీలించి ఏర్పరుచుకున్న మా అభిప్రాయం,సంబంధ ితులు    కార ని    తు ది    నిర్ణయ ానికి    రా వడ ంలో    ట్రి బ ్యు నల్    ఎటువంటి    పొర పాటు    చేయ లేద న్న ది    పరిశీల ించి    ఏర్ పరు చు కున్న    మా    అభిప్రాయ ం ,107,31
365,వారి మధ్య లావాదేవీ మూలధనం నుండి మూలధనానికి అన్న స్వభావం గలది మరియు సరుకుల అమ్మకానికి ధరయే ఏకైక పరిగణనగా ఉండేది,వారి    మధ్య    లా వా దే వీ    మూల ధ నం    నుండి    మూల ధ నానికి    అ న్న    స్వ భావ ం    గల ది    మరియు    స రు కుల    అమ్మక ానికి    ధర యే    ఏకైక    పరిగణ న గా    ఉండే ది ,95,34
366,"ఆపిమ్మట రాష్ట్ర శాసన సభ ఎన్నికలు 11-04-2019 నాడు నిర్వహించబడి, శ్రీ వై","ఆ పి మ్మ ట    రాష్ట్ర    శాస న    సభ    ఎన్నిక లు    11 - 0 4 - 2019    నాడు    నిర్వహ ించబడ ి,    శ్రీ    వై ",61,22
367,జగన్మోహన్ రెడ్డి ముఖ్యమంత్రి అయ్యి 30-05-2019 నాడు ప్రమాణ స్వీకారం చేశారని నివేదించబడింది,జ గ న్ మోహ న్    రె డ్డ ి    ముఖ్య మంత్రి    అయ్య ి    30 - 0 5 - 2019    నాడు    ప్రమా ణ    స్వీ కారం    చేశ ారని    నివేద ించబడ ింది ,80,28
368,"రమేష్ కుమారి కేసులో (మీద) వ్యక్తపరచబడిన అభిప్రాయం లల్లన్ చౌదరి మరియు ఇతరులు బీహార్ రాష్ట్రానికి ప్రతిగా కేసు జరిపినప్పుడు, సుప్రీం కోర్టు సర్వ భారత నివేదిక 3376 లో పునరుద్ఘాటించబడింది","ర మే ష్    కుమార ి    కే సులో    ( మీ ద )    వ్యక్త పరచ బడిన    అభిప్రాయ ం    ల ల్ల న్    చౌ ద రి    మరియు    ఇత రులు    బీ హార్    రాష్ట్ర ానికి    ప్రతి గా    కే సు    జ రి పి న ప్పుడు,    సు ప్రీ ం    కోర్టు    సర్ వ    భారత    నివేద ిక    3 3 7 6    లో    పున రు ద్ ఘా ట ించబడ ింది ",161,59
369,"ఈ నివేదికల ఆధారంగా, బిఎస్ఎన్ఎల్ స్థానిక సి ఎల్ ఐ నంబరు, అనగా 0281-3041000 కి, ఫోన్ చేయడం ద్వారా స్వయంగా విచారణాలు జరిపింది","ఈ    నివేదిక ల    ఆధార ంగా,    బి ఎస్ ఎన్ ఎల్    స్థానిక    సి    ఎల్    ఐ    న ంబ రు,    అన గా    0 28 1 - 30 4 10 00    కి,    ఫోన్    చేయడం    ద్వారా    స్వయంగా    విచార ణ ాలు    జ రిప ింది ",105,37
370,వారు ఎఫ్ఐఆర్‌ను ఇంకా నమోదు చేయాల్సి ఉంది,వారు    ఎఫ్ ఐ ఆ ర్‌ను    ఇంకా    నమోదు    చేయ ాల్సి    ఉంది ,35,10
371,అతిక్రమణదారుడిపై యజమాని వాడుక మరియు నివాసానికై నష్ట పరిహారం కోసం నిజంగా దావా వేసినా వేయకున్నా అది అసంబద్ధం,అత ిక ్ర మ ణ దార ు డి పై    య జమా ని    వాడు క    మరియు    నివాస ానిక ై    న ష్ట    పరి హార ం    కోసం    నిజంగా    దా వా    వే సి నా    వేయ కున్న ా    అది    అ సం బద్ధ ం ,93,38
372,"1997 మార్చి 21 సమయానికి ముగిసేలా, అది బిబిఎల్ఐఎల్‌తో ఒప్పందం కుదుర్చుకుంది","199 7    మార్చి    2 1    సమయ ానికి    ముగి సే లా,    అది    బి బి ఎల్ ఐ ఎల్‌ తో    ఒప్పందం    కు దు ర్చు కు ంది ",66,23
373,"తర్వాత, మార్చి 22, 1997 నుండి అమలులోకి వచ్చేలా శ్రీయుతులు","తర్వాత,    మార్చి    22 ,    199 7    నుండి    అమ లు లోకి    వ చ్చే లా    శ్రీ యు తులు ",50,16
374,హెచ్ఎల్ఎల్‌తో ఒప్పందం కుదిరింది,హె చ్ ఎల్ ఎల్‌ తో    ఒప్పందం    కు ది ర ింది ,29,10
375,"గుజరాత్ రాష్ట్ర అధికారుల పక్షవాది విధానం చాలా స్పష్టమైనదని సవాలు చేయబడింది, ఇది దాఖలైన కౌంటర్ అఫిడవిట్ ప్రాథమిక పఠనమే స్పష్టం చేస్తోంది","గుజరాత్    రాష్ట్ర    అధికార ుల    పక్ష వా ది    విధా నం    చాలా    స్పష్ట మైన దని    సవ ాలు    చేయబడ ింది,    ఇది    దాఖ లైన    కౌంట ర్    అ ఫి డ వి ట్    ప్రాథమిక    ప ఠ న మే    స్పష్ట ం    చేస్త ో ంది ",119,37
376,జిపిఎల్‌ను ప్రధానంగా ఏదైనా సాఫ్ట్‌వేర్‌కు బహిరంగ అనుమతి ఇవ్వడానికి రూపొందించారు,జి పి ఎ ల్‌ను    ప్రధానంగా    ఏదైనా    సాఫ్ ట్‌ వే ర్‌కు    బహి రంగ    అను మతి    ఇవ్వడానికి    రూపొంద ించారు ,72,17
377,"బిబిఎల్ఐఎల్‌ పూర్తి ఉత్పాదన విక్రయానికి ఒక ఒప్పందం చేసుకుంది, అది తరువాత మార్కెటింగ్ కొరకు హెచ్ఎల్ఎల్ తో విలీనమైయింది","బి బి ఎల్ ఐ ఎల్‌   పూర్తి    ఉత్ పాద న    విక్రయ ానికి    ఒక    ఒప్పందం    చేసుకు ంది,    అది    తరువాత    మార్కె టింగ్    కొ రకు    హె చ్ ఎల్ ఎల్    తో    విలీ న మై య ింది ",104,31
378,"క్వాలిటీ ఐస్ క్రీం (ప్రతివాదీ-పన్ను చెల్లింపుదారు) సెంట్రల్ ఎక్సైజ్ టారిఫ్ యాక్ట్, 1985 షెడ్యూల్ క్రింద (లఘువుగా, ఈ చట్టం) ఐస్ క్రీం తయారీలో నిమగ్నమయ్యి ఉంది","క్ వాల ి టీ    ఐ స్    క్రీ ం    ( ప్రతి వా దీ - పన్ను    చెల్ల ింపు దార ు )    సెంట ్ర ల్    ఎక్ సై జ్    ట ార ి ఫ్    యా క్ ట్,    198 5    షెడ్యూ ల్    క్రింద    ( ల ఘ ు వు గా,    ఈ    చట్ట ం)    ఐ స్    క్రీ ం    తయార ీలో    ని మ గ్ న మయ్య ి    ఉంది ",138,59
379,ఈ స్వల్పకాలిక సమావేశంలో యోచించిన ముఖ్యమైన ప్రశ్న సమాఖ్య శాసనసభ కూర్పు గురించి,ఈ    స్వ ల్ప కాలిక    సమావేశ ంలో    యో చ ించిన    ముఖ్యమైన    ప్రశ్ న    సమా ఖ ్య    శాసన సభ    కూ ర్ పు    గురించి ,68,21
380,"పైగా, చెడగొట్టబడ్డ (దాచబడ్డ ) సిఎల్ఐ తో బిఎస్ఎన్ఎల్ కు ఒక కాల్ జాడ పట్టడం లేదా బ్లాక్ చేయడం సాంకేతికంగా అసాధ్యమని విద్వత్తుగల సీనియర్ న్యాయవాది నివేదించారు","పై గా,    చె డ గొట్ట బడ్డ   ( దా చ బడ్డ   )    సి ఎల్ ఐ    తో    బి ఎస్ ఎన్ ఎల్    కు    ఒక    కాల్    జ ాడ   పట్ట డం    లేదా    బ్లా క్    చేయడం    సాంకే త ికంగా    అ సాధ్య మని    వి ద్ వ త్తు గల    సీ నియర్    న్యాయ వా ది    నివేద ించారు ",135,48
381,"ఇంకా, యే రోజైనా, బిఎస్ఎన్ఎల్‌ కి అప్పగించిన కోట్ల నిమిషాల కాల్స్ ను ఒక్క పిఓఐ నిర్వహణ చేపడుతుంది, ఇక అటువంటి పరిస్థితిలో, యే కాల్ యథార్థమైనది, యేది సి","ఇం కా ,    యే    రోజ ై నా,    బి ఎస్ ఎన్ ఎల్‌   కి    అప్పగ ించిన    కోట్ల    నిమిషాల    కాల్ స్    ను    ఒక్క    పి ఓ ఐ    నిర్వహణ    చే పడు తుంది,    ఇ క    అ టువంటి    పరిస్థిత ి లో,    యే    కాల్    య థ ార్థ మైన ది,    యే ది    సి ",129,44
382,ఎల్,ఎల్ ,3,1
383,ఐ,ఐ ,1,1
384,రహిత కాల్ లేక చెడగొట్టబడ్డ సిఎల్ఐ దో తెలుసుకొనుట వాణిజ్యపరంగా సాధ్యం కాదు,రహ ిత    కాల్    లే క    చె డ గొట్ట బడ్డ   సి ఎల్ ఐ    ద ో    తెలు సు కొను ట    వాణిజ్య పరంగా    సాధ ్యం    కా దు ,64,24
385,ఉపనిబంధన 6,ఉప నిబంధ న    6 ,9,4
386,4,4 ,1,1
387,"6 వివరణ పిమ్మట, సదరు ఉపనిబంధన భారీ జరిమానా విధిస్తుందని; కాల్స్ లో జోక్యం చేసుకోవడం లేదా కాల్సును తప్పు దారి పట్టించడం ఆపరేటర్ వైపు తప్పిదం కారణంగానే తప్ప మరేమీ కాని సందర్భాలలో సదరు ఉపనిబంధన ఉపయుక్తిలోకి వస్తుందని; మరియు ప్రస్తుత కేసులో ఫిర్యాదు చేయబడ్డ కార్యకలాపాలకు కారణం ఒక విచక్షణారహిత చందాదారుడిదే కానీ రిలయన్స్ వారిది కాదని, ఉపనిబంధన 6","6    వివర ణ    పి మ్మ ట ,    స ద రు    ఉప నిబంధ న    భారీ    జ రి మా నా    విధ ి స్తు ంద ని ;    కాల్ స్    లో    జో క ్యం    చేసుకోవ డం    లేదా    కాల్ సును    తప్ప ు    దార ి    పట్ట ించడం    ఆప రే టర్    వైపు    తప్ప ి ద ం    కారణ ంగా నే    తప్ప   మర ే మీ    కాని    సందర్భ ాలలో    స ద రు    ఉప నిబంధ న    ఉప యుక్ తి లోకి    వస్తు ంద ని ;    మరియు    ప్రస్తుత    కే సులో    ఫిర్యా దు    చేయబడ ్డ   కార్యకలా పాల కు    కారణం    ఒక    వి చ క్ష ణ ార హ ిత    చంద ా దార ు డి దే    కానీ    రి లయ న్స్    వార ి ది    కా ద ని,    ఉప నిబంధ న    6 ",297,113
388,4,4 ,1,1
389,6 ని ఆశ్రయించలేరని విద్వత్తుగల న్యాయవాది సవినయంగా నివేదించారు,6    ని    ఆశ్ర య ించ లే ర ని    వి ద్ వ త్తు గల    న్యాయ వా ది    స వి న యంగా    నివేద ించారు ,55,22
390,కొన్ని రాన్‌సమ్‌వేర్‌లు స్పామ్ మెయిల్‌లలో ఈమెయిల్ అటాచ్‌మెంట్‌లుగా పంపబడతాయి,కొన్ని    రా న్‌ సమ ్‌ వే ర్‌లు    స్ పా మ్    మెయి ల్‌ లలో    ఈ మెయి ల్    అ టా చ్‌ మెంట్‌ లుగా    పంప బడ త ాయి ,70,25
391,ఇది ఎందుకంటే కాంట్రాక్ట్ యాక్ట్ ఒప్పందం కుదుర్చుకున్న ఒక పక్షం (బి,ఇది    ఎందుకంటే    కాంట ్రా క్ట్    యా క్ట్    ఒప్పందం    కు దు ర్చు కున్న    ఒక    పక్ష ం    ( బి ,58,17
392,ఎస్,ఎస్ ,3,1
393,ఎన్,ఎ న్ ,3,2
394,ఎల్,ఎల్ ,3,1
395,) నుండి ఒప్పందం కుదుర్చుకున్న మరొక పక్షం (రిలయన్స్) ఇతర యే మొత్తాన్ని అందుకున్నట్లు భావించదు,)    నుండి    ఒప్పందం    కు దు ర్చు కున్న    మరొక    పక్ష ం    ( రి లయ న్ స్ )    ఇతర    యే    మొత్తాన్ని    అందు కున్న ట్లు    భావ ించ దు ,81,25
396,తాను ముంబై పోలీసువారికి విచారణలో పూర్తిగా సహకరించానని మరియు సి,తాను    ముంబై    పోలీ సు వారికి    విచార ణలో    పూర్తిగా    సహ కరించ ా నని    మరియు    సి ,55,14
397,బి,బి ,2,1
398,ఐ,ఐ ,1,1
399,దర్యాప్తు చేపట్టిన యెడల తనకు ఎటువంటి అభ్యంతరం ఉండబోదని ఫిర్యాది స్పష్టం చేసింది,ద ర్యా ప్ తు    చేపట్ట ిన    యె డ ల    తనకు    ఎటువంటి    అభ్య ంతరం    ఉండ బో దని    ఫిర్యా ది    స్పష్ట ం    చేస ింది ,70,22
400,జి ఎన్ యు సాధారణ ప్రజా లైసెన్స్ (జి పి ఎల్) మరియు క్రియేటివ్ కామన్స్ (సి సి) అనేవి ప్రజా లైసెన్సులలో రెండు ప్రధాన వర్గాలు,జ ి    ఎ న్    య ు    సాధారణ    ప్రజా    లై సె న్స్    ( జ ి    పి    ఎల్ )    మరియు    క్ర ియే టివ్    కామ న్స్    ( సి    సి )    అనేవి    ప్రజా    లై సె న్స ులలో    రెండు    ప్రధాన    వర్గ ాలు ,102,37
401,"ఎన్జిటి ప్రస్తుత కేసులో, తన అధికారాన్నిత్యజించి న్యాయబద్ధ కార్యాచరణను ఒక పరిపాలనా నిపుణుల సంఘానికి అప్పగించింది","ఎన్ జి టి    ప్రస్తుత    కే సు లో,    తన    అధికార ా న్ని త్య జ ించి    న్యాయ బద్ధ   కార ్యా చ రణ ను    ఒక    పరిపాలనా    నిపుణ ుల    సంఘ ానికి    అప్పగ ించ ింది ",100,30
402,ప్రస్తావిత గది 1971 యాక్టు క్రింద ప్రకటిత మురికివాడలో ఉందని మరియు మొదటి ప్రతివాది దాఖలు చేసిన దావా ఆ యాక్టులోని సెక్షన్ 22(1)లో నిషేధం దృష్ట్యా సమర్థాధికారి లిఖితపూర్వక అనుమతి లేకుండా నిర్వహించదగినది కాదని ఒక అభ్యర్థనను సమర్పించింది,ప్రస్తా వి త    గ ది    197 1    యా క్ టు    క్రింద    ప్రకట ిత    ము రిక ి వాడ లో    ఉందని    మరియు    మొదటి    ప్రతి వా ది    దాఖ లు    చేసిన    దా వా    ఆ    యా క్ టు లోని    సె క్షన్    22 ( 1 ) లో    నిషేధ ం    దృష్ట ్య ా    సమర్థ ా ధికార ి    లి ఖ ిత పూర్వ క    అను మతి    లేకుండా    నిర్వహ ించ ద గిన ది    కా దని    ఒక    అభ్యర్థ నను    సమర్ప ించ ింది ,204,71
403,"అఖిల భారత వైద్య విజ్ఞాన సంస్థ కేసులో జరిగినట్లు, మరియు గంగాధర్ కేసులో పునరుద్ఘాటించినట్లు, పూర్వోక్త విధంగా న్యాయాధిపతి సమక్షంలో ఫిర్యాదు దాఖలు చేయడమే అందుబాటులో ఉన్న పరిహారం","అ ఖి ల    భారత    వైద్య    విజ ్ ఞ ా న    సంస్థ    కే సులో    జరిగ ిన ట్లు,    మరియు    గ ంగా ధ ర్    కే సులో    పున రు ద్ ఘా ట ించిన ట్లు,    పూర్వ ో క్ త    విధంగా    న్యాయ ా ధ ిప తి    సమ క్ష ంలో    ఫిర్యా దు    దాఖ లు    చేయడ మే    అందుబాటులో    ఉన్న    పరి హార ం ",154,54
404,"అఖిల భారత వైద్య విద్యా సంస్థ కేసు, గంగాధర్ కేసు, హరి సింగ్ కేసు, మీను కుమారి కేసు మరియు రమేష్ కుమారి కేసులలోని సమీక్షలలో విభేదం ఉన్నదని ఆస్పష్టముగా సూచించబడినప్పటికీ, రమేష్ కుమారి కేసులో వ్యక్తమైన సమీక్ష ఏదైనా విచారించతగిన అపరాధం గురించి పోలీసువారి దృష్టికి వచ్చినప్పుడు వారు తీసుకోవలసిన చర్యకు సంబంధించినది అని మనకు తెలుస్తుంది","అ ఖి ల    భారత    వైద్య    విద్య ా    సంస్థ    కే స ు,    గ ంగా ధ ర్    కే స ు,    హ రి    సింగ్    కే స ు,    మీ ను    కుమార ి    కే సు    మరియు    ర మే ష్    కుమార ి    కే సుల లోని    సమీక్ష లలో    విభ ేద ం    ఉన్న దని    ఆ స్పష్ట ము గా    సూచ ించబడ ినప్పటికీ,    ర మే ష్    కుమార ి    కే సులో    వ్యక్ తమైన    సమీ క్ష    ఏదైనా    విచార ించ త గిన    అప రాధ ం    గురించి    పోలీ సు వారి    దృష్ట ికి    వచ్చ ినప్పుడు    వారు    తీసుకోవ ల సిన    చర్య కు    సంబంధ ించిన ది    అని    మ నకు    తెలు స్తుంది ",287,94
405,"పోలీసువారు సెక్షన్ 154 క్రింద చట్టపరమైన చర్యలు తీసుకోని సందర్భంలో అందుబాటులోగల వ్యవాహార క్రమం అఖిల భారత వైద్య విజ్ఞాన సంస్థ కేసు, గంగాధర్ కేసు, హరి సింగ్ కేసు మరియు మీను కుమారి కేసులలో నేరుగా విరుద్ధంగా ఉన్నది","పోలీ సు వారు    సె క్షన్    15 4    క్రింద    చట్ట పరమైన    చర్య లు    తీసుకో ని    సందర్భ ంలో    అందుబాటు లో గల    వ్య వాహ ార   క్రమం    అ ఖి ల    భారత    వైద్య    విజ ్ ఞ ా న    సంస్థ    కే స ు,    గ ంగా ధ ర్    కే స ు,    హ రి    సింగ్    కే సు    మరియు    మీ ను    కుమార ి    కే స ులలో    నేరుగా    విరుద్ధ ంగా    ఉన్న ది ",181,62
406,అందువలన ఈ నిర్ణయాన్నియూనియన్ ఆఫ్ ఇండియా కి చెందిన నిపుణులైన సంస్థలకు వదిలివేసారు,అందు వలన    ఈ    నిర్ణ యా న్ నియ ూ నియ న్    ఆఫ్    ఇండియా    కి    చెందిన    నిపుణ ులైన    సంస్థ లకు    వది లి వే సార ు ,71,23
407,మొదటి అప్పీలు న్యాయస్థానం సం,మొదటి    అప్ప ీలు    న్యాయ స్థానం    సం ,25,6
408,"1 మరియు 4 గల వాదాంశాలపై విచారణ న్యాయస్థానం ఇచ్చిన తీర్పులను తిప్పికొడుతూ మొదటి ప్రతివాది దాఖలు చేసిన ఈ 4 అభియోగాలు సమర్థాధికారి అనుమతి లేకుండా నిర్వహించదగినదని ఎందుకంటే ఆమె అతిక్రమణాదారు అని, మరియు 1971 యాక్టు క్రింద మురికివాడను ఒక అతిక్రమణాదారు ఆక్రమిస్తే, అందుకు సమర్థాధికారి అనుమతి అవసరం లేదని స్పష్టం చేసింది","1    మరియు    4    గల    వా దా ంశ ాలపై    విచార ణ    న్యాయ స్థానం    ఇచ్చిన    తీ ర్ప ులను    తి ప్ప ికొ డు తూ    మొదటి    ప్రతి వా ది    దాఖ లు    చేసిన    ఈ    4    అభ ియ ోగ ాలు    సమర్థ ా ధికార ి    అను మతి    లేకుండా    నిర్వహ ించ ద గిన దని    ఎందుకంటే    ఆమె    అత ిక ్ర మ ణా దారు    అని,    మరియు    197 1    యా క్ టు    క్రింద    ము రిక ి వాడ ను    ఒక    అత ిక ్ర మ ణా దారు    ఆ క్ర మి స్తే,    అ ందుకు    సమర్థ ా ధికార ి    అను మతి    అవసరం    లేదని    స్పష్ట ం    చేస ింది ",273,92
409,ఫిర్యాది మరియు మృతురాలు సహజీవన సాంగత్యంలో ఉండేవారు కానీ 8,ఫిర్యా ది    మరియు    మృ తు రాలు    సహ జీవ న    సా ంగ త్య ంలో    ఉండే వారు    కానీ    8 ,50,17
410,6,6 ,1,1
411,"2020 నాడు, నటి మృతికి కొద్ది రోజుల పూర్వం, ఆమె ముంబైలోని తన స్వగృహానికి మారింది","2020    న ాడు,    నటి    మృ తికి    కొ ద్ది    రోజుల    పూర్వ ం,    ఆమె    ముంబై లోని    తన    స్వ గృహ ానికి    మార ింది ",68,20
412,"ఈ చర్యల యొక్క లక్ష్యం కేవలం ఒక వ్యక్తి చనిపోవాడం అనుమానాస్పద పరిస్థితుల్లోనా లేక అసహజంగానా, అదే అయితే మృతికిగల అగుపడే కారణం ఏంటో నిర్ధారణ చేయడమే","ఈ    చర్య ల    యొక్క    లక్ష ్యం    కేవలం    ఒక    వ్యక్తి    చని పో వా డం    అను మా నా స్ పద    పరిస్థిత ుల్ లో నా    లే క    అ సహ జ ంగా నా,    అదే    అయితే    మృ తిక ి గల    అ గు పడ ే    కారణం    ఏ ంట ో    నిర్ధార ణ    చేయడ మే ",125,47
413,"మృతుడిపై దాడి ఎలా జరిగింది, దాడి చేసింది ఎవరు లేదా ఎటువంటి పరిస్థితులలో దాడికి గురయ్యాడు వంటి వివరాలకు సంబంధించిన ప్రశ్న శిక్షాస్మృతిలోని సెక్షన్ 174 క్రింద చట్టపరమైన చర్యల పరిధి మరియు పరిమితికి అతీతం","మృ తు డి పై    దాడి    ఎలా    జరిగ ింది,    దాడి    చేస ింది    ఎ వ రు    లేదా    ఎటువంటి    పరిస్థిత ులలో    దాడ ికి    గుర య్య ాడు    వంటి    వివర ాలకు    సంబంధించిన    ప్రశ్ న    శ ిక్ షా స్మ ృ తి లోని    సె క్షన్    17 4    క్రింద    చట్ట పరమైన    చర్య ల    పరి ధి    మరియు    పరిమిత ికి    అత ీ తం ",175,53
414,"ఉప విభాగం(3) ప్రకారం, అటువంటి దరఖాస్తు స్వీకరించినప్పుడు, సమర్థాధికారి, లిఖితపూర్వక ఆదేశం ద్వారా, ఇరుపక్షాలకు వాదనలు వినిపించే అవకాశం కలిగించిన తరువాత, మరియు కేసు పరిస్థితులను బట్టి ఏది తగినదని భావిస్తే అందులో ఆ విధమైన సంక్షిప్త విచారణాలు జరిపిన తరువాత అటువంటి అనుమతి మంజూరు చేయవచ్చు లేదా తిరస్కరించనూవచ్చ","ఉప   విభాగ ం ( 3 )    ప్రకారం,    అ టువంటి    దర ఖా స్తు    స్వీకరించ ినప్పుడు,    సమర్థ ా ధికార ి,    లి ఖ ిత పూర్వ క    ఆదేశ ం    ద్వార ా,    ఇరు పక్ష ాలకు    వాద నలు    విని ప ించే    అవకాశం    కలిగ ించిన    తరువాత,    మరియు    కే సు    పరిస్థిత ులను    బట్టి    ఏ ది    తగిన దని    భా విస్త ే    అందులో    ఆ    విధ మైన    సం క్షి ప్ త    విచార ణ ాలు    జ రిప ిన    తరువాత    అ టువంటి    అను మతి    మం జూ రు    చేయ వచ్చు    లేదా    తిరస్ కరించ నూ వచ్చ",270,81
415,సెక్షన్ 22 యొక్క సబ్-సెక్షన్ (2) ప్రకారం ఒక అనుమతి పొంద కోరే వ్యక్తి సమర్థాధికారికి లిఖితపూర్వతకంగా అర్జీని సమర్పించుకోవటం అవసరపరుస్తుంది,సె క్షన్    2 2    యొక్క    స బ్ - సె క్షన్    ( 2 )    ప్రకారం    ఒక    అను మతి    పొంద   కో రే    వ్యక్తి    సమర్థ ా ధికార ికి    లి ఖ ిత పూర్ వత కంగా    అర్ జీ ని    సమర్ప ించుకోవ టం    అవసర పరు స్తుంది ,122,40
416,"ట్రేడమార్కులో దాని బ్రాండ్ లేదా వాణిజ్యసంస్థను ఇతర బ్రాండ్లు లేదా వాణిజ్యసంస్థల నుండి వేరు చేసే ఎటువంటి దృశ్యప్రతీక, పదం, పేరు, రూపురేఖ, నినాదం, వివరణ చీటి, మొ","ట్ర ే డ మార్ కు లో    దాని    బ్రా ండ్    లేదా    వాణిజ్య సంస్థ ను    ఇతర    బ్రా ండ్ లు    లేదా    వాణిజ్య సంస్థ ల    నుండి    వేరు    చేసే    ఎటువంటి    దృ శ్య ప్రతీ క,    పద ం,    పే రు,    రూ పు రేఖ ,    ని నా ద ం,    వివర ణ    చీ ట ి,    మొ",139,47
417,వి ఉంటాయి,వి    ఉంట ాయి ,8,3
418,"పోలీసువారు ఎప్పుడైనా గుర్తించదగిన అపరాధం జరిగినట్లు ఆరోపణ గురించి ఏదైనా సమాచారం అందుకుంటే, ఎఫ్","పోలీ సు వారు    ఎ ప్పుడ ైనా    గుర్తించ ద గిన    అప రాధ ం    జరిగ ినట్లు    ఆరోప ణ    గురించి    ఏదైనా    సమాచారం    అందు కుంటే,    ఎఫ్ ",84,22
419,ఐ,ఐ ,1,1
420,ఆర్,ఆ ర్ ,3,2
421,నమోదు చేయాల్సిన బాధ్యత వారికి ఉంది,నమోదు    చేయ ాల్సిన    బాధ్యత    వారికి    ఉంది ,30,6
422,తీరప్రాంతం వెంట నిర్మాణాన్ని నిరోధించే భూమి వినియోగ విధానాలు ప్రజలకు సముద్ర మట్టం పెరుగుదలను ఎదుర్కొనేందుకు ఎక్కువ వశ్యతని ఇస్తాయి,తీర ప్రాంతం    వెంట   నిర్మాణ ాన్ని    నిరోధ ించే    భూమి    వినియోగ   విధా నాలు    ప్రజ లకు    సముద్ర    మట్ట ం    పెరుగు ద లను    ఎదుర్కొ నే ందుకు    ఎక్కువ    వ శ్య త ని    ఇ స్త ాయి ,116,30
423,"సముద్రతీర లేదా అఖాతతీర ఇళ్ళు ఉన్నచోట, ఉదాహరణకు తీరప్రాంతాన్ని గట్టిపరిచడం ద్వారా, యజమానులు తమ ఆస్తిని కాపాడుకొనే ప్రయత్నం చేస్తారు","సముద్ర తీ ర    లేదా    అ ఖాత తీ ర    ఇ ళ్ళు    ఉన్న చో ట ,    ఉదాహరణ కు    తీర ప్రాంతాన్ని    గ ట్ట ి పరిచ డం    ద్వార ా,    య జ మాన ులు    తమ    ఆస్త ిని    కాపాడ ు కొ నే    ప్రయత్నం    చేస్త ారు ",116,39
424,"ఈ గ్రామంలో ప్లేగు చెలరేగింది, ఆశ్రమంలో ఉన్న పిల్లల భద్రతకు స్పష్టంగా ముప్పు ఉన్నట్లు నాకు కనబడింది","ఈ    గ్రామంలో    ప్లే గు    చె ల రే గ ింది,    ఆ శ్రమ ంలో    ఉన్న    పిల్లల    భద్ర తకు    స్పష్టంగా    ము ప్పు    ఉన్నట్లు    నాకు    కన బడ ింది ",86,24
425,"ఈ బుతువులో, మార్చి, ఏప్రిల్‌లలో వడగాలి/తీవ్రమైన వడగాలుల పరిస్థితులు కనిపించాయి","ఈ    బు తు వు లో,    మార్చ ి,    ఏప్రి ల్‌ లలో    వడ గాల ి / తీవ్రమైన    వడ గాల ుల    పరిస్థిత ులు    కనిప ించ ాయి ",71,23
426,"మే నెలలో, చెప్పుకోతగినంత వడగాలుల పరిస్థితులు కనిపించలేదు","మే    నెల లో,    చె ప్పు కో తగిన ంత    వడ గాల ుల    పరిస్థిత ులు    కనిప ించ లేద ు ",51,17
427,"అత్యుత్తమ హైదరాబాదీ కబాబ్‌లు, ఖుబానీ కా మీఠాను తిన్నాక, మేం పెద్ద కుషన్లతో ఉన్న భారీ సోఫా కుర్చీలలో కూర్చొని, ఆమె జీవితం, సినిమాల గురించి మాట్లాడుకోటానికి తేనీరు సేవిస్తూ కూర్చున్నాం","అత్యుత్త మ    హైదరా బా దీ    క బా బ్‌ లు,    ఖు బా నీ    కా    మీ ఠ ాను    తి న్నా క,    మే ం    పెద్ద    కు ష న్ లతో    ఉన్న    భారీ    సో ఫ ా    కు ర్చ ీ లలో    కూర్చ ొ ని,    ఆమె    జీవిత ం,    సినిమ ాల    గురించి    మాట్లాడు కో టానికి    తే నీరు    సే విస్త ూ    కూర్చు న్నా ం ",160,55
428,"ఫాత్మా బేగం ఇప్పటికి చాలా ఏళ్లుగా ఆర్క్ లైట్లకు దూరంగా జీవితం గడుపుతున్నారు, ఎన్నడూ మీడియా ఇంటర్వ్యూ ఇవ్వని ఈ భారతీయ సినిమాకు చెందిన మొదటి మహిళ 2013 మే 3న నాతో మాట్లాడటానికి అంగీకరించడంతో, నేను వెంటనే ధన్‌రాజ్ మహల్‌లోని ఒకప్పడు ఆకట్టుకున్న, కాని ఇప్పుడు శిథిలమౌతున్న ఆమె ఇంటికి వెళ్ళాను, అక్కడ ఆవిడ తన కూతురు జుబేదాతో కలిసి నివసిస్తోంది","ఫా త్ మా    బే గ ం    ఇ ప్ప టికి    చాలా    ఏ ళ్ లుగా    ఆర్ క్    లై ట్లకు    దూర ంగా    జీవితం    గ డు పు తున్న ారు,    ఎన్న డ ూ    మీడియా    ఇంటర్ వ్య ూ    ఇవ్వ ని    ఈ    భారతీయ    సినిమా కు    చెందిన    మొదటి    మహి ళ    2013    మే    3 న    నా తో    మాట్లాడ టానికి    అంగీకరించ డంతో,    నేను    వెంటనే    ధ న్‌ రాజ్    మహ ల్‌ లోని    ఒక ప్ప డు    ఆ కట్టు కున్న ,    కాని    ఇప్పుడు    శి థి ల మౌ తున్న    ఆమె    ఇంటికి    వెళ్ళ ా ను,    అక్కడ    ఆవి డ    తన    కూ తు రు    జు బే దా తో    కలిసి    నివసి స్త ో ంది ",292,95
429,రాబోయే రోజులలో ఈ వైరస్ తాలూకు మరిన్ని భయంకరమైన రూపాంతరాలు వస్తాయని అంచనా వేస్తున్నారు,రా బో యే    రోజ ులలో    ఈ    వైర స్    తాలూకు    మరి న్ని    భయ ం కరమైన    రూపా ంత రాలు    వస్త ాయని    అంచనా    వే స్తున్న ారు ,75,23
430,"అత్యధిక ప్రభావం ఆసియా ఇంకా ఆఫ్రికాలో ఉండే అవకాశం ఉంది, దీని కారణంగా వరుసగా 4","అత్యధిక    ప్రభావం    ఆసియా    ఇంకా    ఆ ఫ్రిక ాలో    ఉండే    అవకాశం    ఉంది,    దీని    కారణంగా    వరుసగా    4 ",65,14
431,7 మిలియన్లు మరియు 4,7    మిలియ న్లు    మరియు    4 ,16,5
432,2 మిలియన్ల మరణాలు సంభవించవచ్చు అని అంచనా,2    మిలియ న్ల    మరణ ాలు    సంభవ ించ వచ్చు    అని    అంచనా ,35,10
433,"ఇక్కడ అబ్దుల్ గనీ షేత్ నా కోసం ఎదురుచూస్తూ కనబడ్డారు, ఆయన నన్ను హృదయపూర్వకంగా పలకరించారు","ఇక్కడ    అ బ్ద ుల్    గ నీ    షే త్    నా    కోసం    ఎదు రు చూ స్తూ    కన బడ్డ ారు,    ఆయన    న న్ను    హ ృ దయ పూర్వ కంగా    ప ల కరించ ారు ",77,29
434,దాంతో నేను క్యాబ్ అతడిని ముహమ్మద్ కసమ్ కమ్రుద్దీన్ దుకాణానికి తీసుకెళ్ళమని అడిగాను,దా ంతో    నేను    క్యా బ్    అతడిని    ముహ మ్మద్    క సమ ్    కమ ్ర ు ద్దీన్    దుకాణ ానికి    తీసుకె ళ్ళ మని    అ డి గాను ,73,23
435,"భారతీయులను, చైనీయులను, మిగతా వారిని కాపాడడం మాట అటుంచి, ఈ అధికారులు వారిని అణచివేస్తున్నారని నేను గమనిస్తూ ఉండేవాడిని","భారతీయ ుల ను,    చై నీయ ుల ను,    మిగ తా    వారిని    కాపాడ డం    మా ట    అ టు ంచ ి,    ఈ    అధికారులు    వారిని    అణ చి వే స్తున్న ారని    నేను    గమ ని స్తూ    ఉండే వా డిని ",104,33
436,ఆ విచారణ సమయంలో మిగతా కుట్రదారుల పేర్లను వెల్లడి చేయమని అతడిని ఒత్తిడి చేసే ప్రయత్నాలు జరిగాయి,ఆ    విచార ణ    సమయంలో    మిగ తా    కు ట్ర దారుల    పే ర్లను    వెల్ల డి    చేయమని    అతడిని    ఒత్తి డి    చేసే    ప్రయత్న ాలు    జరిగ ాయి ,82,22
437,మీడియా అనేది పార్లమెంట్‌ను దాని ప్రజలతో కలిపే అత్యంత శక్తివంతమైన సాధనం,మీడియా    అనేది    పార్ల మెంట్‌ ను    దాని    ప్రజ లతో    కలి ప ే    అత్యంత    శక్తివంతమైన    సాధ నం ,62,15
438,రాజ్‌కోట్‌కు చేరిన తర్వాత మరుసటి రోజు ఉదయం మెడికల్ ఆఫీసర్‌కు నన్ను నేను నివేదించుకున్నాను,రాజ్‌ కో ట్‌కు    చే రి న    తర్వాత    మరుసటి    రోజు    ఉద యం    మె డ ిక ల్    ఆ ఫీ స ర్‌కు    న న్ను    నేను    నివేద ించు కున్న ాను ,79,26
439,శూరులైన మన మాజీ సైనికులకు మన దేశం చాలా రుణపడి ఉంటుంది,శ ూ ర ులైన    మ న    మాజీ    సైనిక ులకు    మ న    దేశం    చాలా    రుణ పడి    ఉంటుంది ,45,16
440,ప్రారంభ స్పందన చాలా బాగుంది,ప్రారంభ    స్పంద న    చాలా    బా గు ంది ,24,7
441,మహిళల హక్కులే నిజానికి మానవ హక్కులు,మహిళల    హక్క ుల ే    నిజ ానికి    మానవ    హక్క ులు ,31,9
442,"భారతీయ సినిమా శత జయంతి అనేది ఉపేక్షించలేని మైలురాయి కాబట్టి, ఈ అంశానికి మా నేపథ్య ఎంపిక దాదాపు అనివార్యమైంది","భారతీయ    సినిమా    శ త    జయ ంతి    అనేది    ఉ పే క్ష ించ లేని    మై లు ర ాయి    కాబట్టి,    ఈ    అంశ ానికి    మా    నేపథ ్య    ఎంపిక    దాదాపు    అని వార ్య మై ంది ",94,30
443,"ఈ దశలో, ప్రభావంతమైన విధాన కార్యక్రమాలు ఫలవంతమైన ఫలితాలను అందించడం మొదలుపెట్టాయి","ఈ    దశ లో,    ప్రభా వంతమైన    విధా న    కార్యక్రమ ాలు    ఫల వంతమైన    ఫలిత ాలను    అంద ించడం    మొదలు పెట్ట ాయి ",71,18
444,"స్వఛ్ భారత్ అభియాన్ (శుభ్రత మరియు పర్యావరణ కాలుష్యం గురించి ప్రజలలో అవగాహన కల్పించడం, బహిరంగ మలవిసర్జనను నిర్మూలించడం, ఘన వ్యర్థ పదార్థాల నిర్వహణను మెరుగుపరచడం), నమామి గంగే (కాలుష్యాన్ని గణనీయంగా తగ్గించడం, గంగానదిని పునరుద్దరించడం) వంటి కొన్ని ప్రభుత్వ కార్యక్రమాలు ఇక్కడ ప్రస్తావించతగినవి","స్వ ఛ ్    భారత్    అభ ియా న్    ( శు భ్ర త    మరియు    పర్యావరణ    కాలు ష ్యం    గురించి    ప్రజ లలో    అవగాహ న    కల్ప ించడ ం,    బహి రంగ    మల వి సర్ జన ను    నిర్ మూల ించడ ం,    ఘ న    వ్య ర్థ   పదార్థ ాల    నిర్వహ ణను    మెరుగు పరచ డ ం ),    న మా మి    గ ంగ ే    ( కాలు ష ్యాన్ని    గణనీయంగా    తగ్గ ించడ ం,    గ ంగా నది ని    పున రు ద్ద రించ డ ం)    వంటి    కొన్ని    ప్రభుత్వ    కార్యక్రమ ాలు    ఇక్కడ    ప్రస్తావ ించ తగిన వి ",259,82
445,"2014 కు ముందు, దేశంలో 77 పాస్‌పోర్ట్ సేవా కేంద్రా (పిఎస్‌కె)లు పనిచేస్తూ ఉండేవి","2014    కు    ముందు,    దేశంలో    7 7    పా స్‌ పోర్ ట్    సేవ ా    కేంద్ర ా    ( పి ఎస్‌ కె ) లు    పని చేస్తూ    ఉండే వి ",69,24
446,ఆన్‌లైన్‌లో దరఖాస్తు చేసుకోడానికి చివరి తేదీ 31,ఆన్‌లైన్‌లో    దర ఖా స్తు    చేసుకో డానికి    చివరి    తే దీ    3 1 ,42,11
447,01,0 1 ,2,2
448,2020గా ఉండింది,20 20 గా    ఉండ ింది ,13,5
449,"ఈ సందర్భంగా, ఈ సంఘం 2022 ఆగష్టు 12 న ఒక రక్తదాన శిబిరాన్ని కూడా నిర్వహించింది","ఈ    సందర్భ ంగా,    ఈ    సంఘ ం    202 2    ఆగ ష్ట ు    12    న    ఒక    రక్త దా న    శి బి రాన్ని    కూడా    నిర్వహ ించ ింది ",65,24
450,ఈ కార్యక్రమం సొసైటీ ఉద్యోగులు నిర్వహించిన 'విభజన మరియు స్వాత్రంత్యం: సాహిత్యం మరియు సినిమాలో ప్రతిబింబాలు' అనే పేరుగల సాంస్కృతిక కార్యక్రమంతో ముగిసింది,ఈ    కార్యక్రమ ం    సొ సై టీ    ఉద్యోగ ులు    నిర్వహ ించిన    ' విభజన    మరియు    స్వా త్ర ంత ్య ం :    సాహిత్యం    మరియు    సినిమా లో    ప్రతి బ ిం బ ాలు '    అనే    పేరు గల    సాంస్కృతిక    కార్యక్రమ ంతో    ముగి స ింది ,135,38
451,"సొసైటీ సిబ్బంది సభ్యులు, కౌన్సిల్ సభ్యులు మరియు మిగతా సభ్యులు, శ్రేయోభిలాషులు కార్యక్రమాన్ని నిర్వహించడంలో అలాగే రోజంతా హాజరై ఉండటంలో చురుకుగా పాల్గొన్నారు","సొ సై టీ    సిబ్బ ంది    సభ్య ులు,    కౌన్సి ల్    సభ్యులు    మరియు    మిగ తా    సభ్య ులు,    శ్రే యో భి లా ష ులు    కార్య క్ర మాన్ని    నిర్వహ ించడంలో    అలాగే    రోజ ంత ా    హా జ రై   ఉండ ట ంలో    చు రుకు గా    పాల్గొ న్న ారు ",139,42
452,భారతదేశం నలుమూలలకు చెందిన మొత్తం 41 మంది వ్యక్తులు ఈ కోర్సులో పాల్గొన్నారు,భారతదేశం    నలు మూల లకు    చెందిన    మొత్తం    4 1    మంది    వ్యక్తులు    ఈ    కోర్ సులో    పాల్గొ న్న ారు ,65,16
453,దేశం కోవిడ్-19 మరియు యుక్రెయిన్‌లో సంఘర్షణ వలన కలిగిన ఘాతాలను తట్టుకొని నిలబడింది,దేశం    కో వి డ్ - 19    మరియు    యు క్రె యి న్‌లో    సంఘ ర్ష ణ    వలన    కలిగిన    ఘా త ాలను    త ట్టు కొని    నిల బడ ింది ,72,25
454,"మహాత్మా గాంధీ సత్యాగ్రహ ఆదర్శాలు ప్రతీ భారతీయునిలో అచంచలమైన ఆత్మ విశ్వాసాన్ని, విస్తృతమైన బాగు కోసం త్యాగం చేయాలనే స్ఫూర్తిని నింపింది","మహా త్ మా    గాంధీ    స త్యా గ్రహ   ఆ దర్శ ాలు    ప్ర తీ    భార తీ యు ని లో    అ చ ంచ ల మైన    ఆ త్ మ    విశ్ వా సా న్ని,    విస్తృతమైన    బా గు    కోసం    త్యా గ ం    చేయ ాలనే    స్ ఫ ూ ర్ తిని    న ింప ింది ",119,46
455,టూరిజం 2020 విజన్ అనేది ప్రపంచ పర్యాటక సంస్థ కొత్త సహస్రాబ్దిలోని మొదటి 20 సంవత్సరాల వరకు జరగగల పర్యాటక అభివృద్ధి గురించి చేసిన దీర్ఘకాలిక సూచన మరియు అంచనా,టూ రిజ ం    2020    విజన్    అనేది    ప్రపంచ    పర్యాటక    సంస్థ    కొత్త    సహ స్రా బ్ ది లోని    మొదటి    20    సంవత్సరాల    వరకు    జరగ గల    పర్యాటక    అభివృద్ధి    గురించి    చేసిన    దీర్ఘ కాలిక    సూచ న    మరియు    అంచనా ,134,31
456,బంజరుభూమిగా వివిధ ప్రభుత్వ సంస్థలు నివేదించిన విస్తీర్ణం 38 మిలియన్ హెక్టార్లు నుండి 175 మిలియన్ హెక్టార్లు వరకు ఉంటుంది,బ ంజ రు భూమి గా    వివిధ    ప్రభుత్వ    సంస్థలు    నివేద ించిన    విస్తీర్ ణం    3 8    మిలియన్    హె క్ట ార్ లు    నుండి    17 5    మిలియన్    హె క్ట ార్ లు    వరకు    ఉంటుంది ,106,29
457,'ఆజాదీ కా అమృత్ మహోత్సవ్'ను జరుపుకునే కార్యక్రమంతో సహా కొన్ని ముఖ్యమైన ఉపన్యాసాలను కూడా ఏర్పాటు చేయబోతున్నాం,' ఆ జా దీ    కా    అమ ృ త్    మ హో త్స వ్ ' ను    జరుపు కునే    కార్యక్రమ ంతో    సహా    కొన్ని    ముఖ్యమైన    ఉప న్యా స ాలను    కూడా    ఏర్పాటు    చేయ బో తున్న ా ం ,96,32
458,2021కు గాను ప్రొఫెసర్ సుదీప్త సేన్ సర్ విలియం జోన్స్ మెమోరియల్ మెడల్ అందుకుని 22-07-2022 నాడు విలియం జోన్స్ మరియు ద రూల్ ఆఫ్ లా పై లేట్ ఐటీన్త్ సెంచరీ కలకత్తాపై సంక్షిప్త ప్రసంగం చేశారు,202 1 కు    గాను    ప్రొఫె సర్    సు దీ ప్ త    సేన్    సర్    వి లి యం    జో న్స్    మె మో రియ ల్    మె డ ల్    అందు కుని    22 - 0 7 - 202 2    నాడు    వి లి యం    జో న్స్    మరియు    ద    రూ ల్    ఆఫ్    లా    పై    లే ట్    ఐ టీ న్ త్    సె ంచ రీ    కల కత్త ా పై    సం క్షి ప్ త    ప్ర సంగ ం    చేశ ారు ,158,68
459,"ప్రతీ రోజు నాకు ఇలాంటి ఫిర్యాదులు అందేవి: 'హక్కు ఉన్న వారిని అనుమతించట్లేదు, పైగా యే హక్కు లేని వారిని 100 కడితే అక్రమంగా లోపలికి పంపిస్తున్నారు","ప్ర తీ    రోజు    నాకు    ఇ లాంటి    ఫిర్యా ద ులు    అంద ే వి :    ' హ క్కు    ఉన్న    వారిని    అనుమత ించ ట్ లేదు,    పైగా    యే    హ క్కు    లేని    వారిని    100    కడ ితే    అ క్రమంగా    లోప ల ికి    పంపి స్తున్న ారు ",125,39
460,కోణార్క్ లోని సూర్య దేవాలయంలో ఉన్న ఇనుప దూలాలు ఇంకా పెద్దవి,కో ణ ార్ క్    లోని    సూ ర్య    దేవాలయ ంలో    ఉన్న    ఇ ను ప    దూ ల ాలు    ఇంకా    పెద్ద వి ,51,19
461,అపరిగ్రహం అనే జైన సిద్ధాంతం సమాజంలో సంపదా సాధనాల మరింత నిష్పాక్షికమైన విభజనానికి దారి తీయగలదు,అ పరి గ్రహ ం    అనే    జైన    సిద్ధాంత ం    సమాజ ంలో    సం పద ా    సాధ నాల    మరింత    నిష్ పాక్ష ిక మైన    విభ జన ానికి    దార ి    తీయ గల దు ,82,28
462,"అలాగే, 32","అలా గ ే,    3 2 ",8,5
463,"12, 32","12 ,    3 2 ",5,4
464,"13, మరియు 32","13 ,    మరియు    3 2 ",10,5
465,"14 అధ్యాయాలలో, అలాగే 49","14    అధ్య ాయ ాలలో,    అలాగే    4 9 ",20,7
466,1 మరియు 49,1    మరియు    4 9 ,8,4
467,"2 అధ్యాయాలలో వరుసగా, ఇద్దరు ప్రత్యేకమైన దుష్ట మానవులు గ్రెహ్మా మరియు బెండ్వాలపేర్కొనబడ్డారు","2    అధ్య ాయ ాలలో    వరుస గా,    ఇద్దరు    ప్రత్యేకమైన    దు ష్ట    మా నవ ులు    గ్ర ె హ్ మా    మరియు    బె ండ ్వ ాల పేర్కొ న బడ్డ ారు ",82,26
468,"దీని లక్ష్యం శూన్యవాదం కాదు, ఎందుకంటే నాశనం చేయగలగటానికి ఏదీ శాశ్వతము కాదు, అలాగే శాశ్వతవాదం కూడా కాదు ఎందుకంటే శాశ్వతంగా నిలిచిపోయే శాశ్వత ఆత్మ లేదు","దీని    లక్ష ్యం    శ ూ న్య వాద ం    కా దు,    ఎందుకంటే    నాశనం    చేయ గల గ టానికి    ఏద ీ    శాశ్వ త ము    కా దు,    అలాగే    శాశ్వ త వాద ం    కూడా    కా దు    ఎందుకంటే    శాశ్వ తంగా    నిలి చి పోయ ే    శాశ్వ త    ఆ త్ మ    లేద ు ",130,45
469,విడిపోయే ఈ క్షణాన ప్రియమైన ఆ ఇరువురి పట్ల ఆయనకు కలిగిన కరుణ గొప్పది,వి డిపోయ ే    ఈ    క్ష ణా న    ప్రియ మైన    ఆ    ఇరు వు రి    పట్ల    ఆయనకు    కలిగిన    కరు ణ    గొప్ప ది ,57,20
470,"వారు ప్రతీదీ సమృద్ధిగా కలిగి ఉండి, బాగా పరిరక్షించబడి ఉన్నందున భవిష్యత్తులో ఆ తల్లీ, బిడ్డల ప్రాపంచిక ఆనందం మరియు సౌకర్యం గురించి ఆయన చింతించలేదు","వారు    ప్రతీ దీ    సమృద్ధ ిగా    కలిగి    ఉండి,    బాగా    పరి రక్ష ించబడి    ఉన్న ందున    భవిష్య త్త ులో    ఆ    తల్ల ీ,    బి డ్డ ల    ప్రా పంచ ిక    ఆనంద ం    మరియు    సౌకర్ యం    గురించి    ఆయన    చ ిం త ించ లేద ు ",127,38
471,"దాదాపు అదే సమయంలో, ఒక ప్రసిద్ధ హిందువు క్రైస్తవ మతానికి మార్చబడడం గురించి విన్నాను","దాదాపు    అదే    సమయంలో,    ఒక    ప్రసిద్ధ    హింద ువు    క్రైస్త వ    మత ానికి    మార్చ బడ డం    గురించి    వి న్న ాను ",72,18
472,"ఈ క్రింది చరణాలలో, భగవంతుడు జరతుష్ట్రను మానవజాతికి సత్య మార్గం గురించి మరియు సత్యానికి అనుగుణంగా ఎలా బ్రతకాలో తెలుపమని వారికి గురువుగా నియమించాడని మనకి తెలియజేయడం జరుగుతుంది","ఈ    క్ర ింది    చ రణ ాలలో,    భ గ వంత ుడు    జర తు ష్ట్ర ను    మా నవ జాత ికి    స త్య    మార్గం    గురించి    మరియు    స త్య ానికి    అను గుణంగా    ఎలా    బ్ర త కా లో    తెలు ప మని    వారికి    గురు వుగా    నియమ ించ ాడని    మన కి    తెలియజే య డం    జరుగు తుంది ",153,49
473,"శౌర్యములోనూ ఆధ్యాత్మిక పరాక్రమములోనూ అతనికి సరిసమానులైన వారు ఈ ముల్లోకాలలో ఎవరూ లేరు, ఇక ఎప్పటికీ ఉండబోరు","శ ౌ ర్య ము లోనూ    ఆధ ్యా త్మ ిక    ప రా క్రమ ము లోనూ    అతనికి    సరి సమా న ులైన    వారు    ఈ    మ ుల్ లో కాల లో    ఎవర ూ    లే రు,    ఇ క    ఎ ప్పటికీ    ఉండ బో రు ",93,37
474,"ఆధ్యాత్మిక ఆసక్తి గలవారికి తమ స్వభావమునకు అనుగుణంగా ఏకాంతములో తమ పవిత్ర జీవితాలను కొనసాగించేందుకు అన్ని సౌకర్యాలు అందించబడేవి, అలాగే ఈ గురువులను అనుసరించే శిష్యులు అధిక సంఖ్యలో ఉండేవారు","ఆధ ్యా త్మ ిక    ఆసక్తి    గల వారికి    తమ    స్వ భావ ము నకు    అను గుణంగా    ఏ కా ంత ము లో    తమ    పవిత్ర    జీవిత ాలను    కొనసాగ ించేందుకు    అన్ని    సౌకర్య ాలు    అంద ించబడ ే వి,    అలాగే    ఈ    గురు వ ులను    అనుసరించ ే    శి ష్య ులు    అధిక    సంఖ్యలో    ఉండే వారు ",164,46
475,"కనుక, తపస్వి గోతమాకి గత ఆధ్యాత్మిక గురువుని మించిన సమర్ధతగల మరొక గురువును వెతికి పొందడం కష్టతరం కాలేదు","కను క,    త ప స్ వి    గో త మా కి    గత    ఆధ ్యా త్మ ిక    గురు వు ని    మ ించిన    సమ ర్ ధ త గల    మరొక    గురు వును    వె తికి    పొంద డం    కష్ట తరం    కాలే దు ",89,36
476,ఆ గృహస్థులకు అదనంగా ఏడు నియమాలతో కూడిన పాక్షిక అణుష్ఠానాన్ని నిర్దేశించారు,ఆ    గృహ స్థ ులకు    అద నంగా    ఏడు    నియమ ాలతో    కూడిన    పాక్ష ిక    అణ ు ష్ ఠా నాన్ని    నిర్ దేశ ించారు ,66,20
477,"అదే విధంగా, రెండవ శ్రేణి వాడైన, అయిర్యంనుడు, లేదా మిత్రుడు, తనని దూషించేవారి చేత దాడి చేయబడతాడు; అటువంటి వ్యక్తులను అతడికి దూరం పెట్టాలి","అదే    విధంగా,    రెండవ    శ్రేణి    వా డై న,    అయ ి ర్య ం ను డు,    లేదా    మిత్ర ుడు,    తన ని    దూ ష ించే వారి    చేత    దాడి    చేయబడ త ాడు ;    అ టువంటి    వ్యక్త ులను    అత డికి    దూ రం    పెట్ట ాలి ",119,38
478,"ఈశ్వరుడిని దివ్యస్తుతితో కీర్తిగానం చేయుట పశ్చాత్తప్తుడైన పాపాత్ముడిని విడిపించగలదు, మరియు ఆవిధముగా, కర్మ సిద్ధాంతం వర్తించటం నిలిచిపోతుంది","ఈ శ్వ రు డిని    ది వ్య స్తు త ితో    కీ ర్ తి గా నం    చేయ ు ట    పశ్చ ా త్త ప్ తు డైన    పా పా త్ ము డిని    విడి ప ించ గల దు,    మరియు    ఆ విధ ము గా,    కర్ మ    సిద్ధాంత ం    వర్త ించ టం    నిలి చి పో తుంది ",127,49
479,"అత్యున్నతమమైనవాడు జ్వైతు, ఇతడు స్వయం సమృద్ధితో ఎటువంటి మతపరమైన బోధన అవసరం లేనటువంటివాడు; ఐర్యమ్న, లేదా మిత్రుడు, ప్రజలకు మిత్రుడై వారు తప్పుదారి పట్టకుండా కాపాడేవాడు; అలాగే వేరేజ్నా, లేదా శ్రామికుడు, ఇతడు భూమిపై విశ్వాసమును వ్యాప్తిచేయవలసిన క్రియాశీల క్షేత్ర కార్యకర్త","అత్యు న్న తమ మైన వా డు    జ్ వై త ు,    ఇత డు    స్వ యం    సమృద్ధ ితో    ఎటువంటి    మతపరమైన    బోధ న    అవసరం    లే నటు వంటి వాడు ;    ఐ ర్య మ్ న,    లేదా    మిత్ర ుడు,    ప్రజ లకు    మిత్ర ు డ ై    వారు    త ప్పు దార ి    పట్ట కుండా    కాపాడ ే వాడు ;    అలాగే    వే రే జ్ నా,    లేదా    శ్రా మిక ుడు,    ఇత డు    భూమి పై    విశ్ వా సము ను    వ్యాప్ తి చేయ వలసిన    క్ర ియా శీ ల    క్షే త్ర    కార్య కర్ త ",239,80
480,"బుద్ధుడు అగ్ని తాలూకు ఈ ఉదాహరణను ఉటంకిస్తూ, ప్రశ్న సరిగా వేయబడలేదని చెప్తాడు","బుద్ధ ుడు    అగ్ ని    తాలూకు    ఈ    ఉదాహరణ ను    ఉ ట ం కి స్తూ,    ప్రశ్ న    సరి గా    వేయ బడ లేదని    చె ప్ త ాడు ",67,24
481,మరణానంతరం ఒక అరహంతు ఉనికి ఉంటుందో ఉండదో అని వ్యక్తీకరించుట సరి కాదు అనేది బుద్ధుడి మాట,మర ణా న ంతరం    ఒక    అ రహ ంత ు    ఉ నికి    ఉంటు ందో    ఉండ ద ో    అని    వ్యక్ తీ కరించ ు ట    సరి    కా దు    అనేది    బుద్ధ ుడి    మా ట ,74,30
482,అయన చివరి క్షణం వరకు మానవజాతికి ఉదాహరణతో మరియు ఆచరణతో సేవనందించారు,అయ న    చివరి    క్ష ణం    వరకు    మా నవ జాత ికి    ఉదాహరణ తో    మరియు    ఆ చ రణ తో    సే వన ంద ించారు ,58,21
483,"ఈ ప్రతిజ్ఞ ప్రకారం, గృహస్థుడు తన చట్టబద్ధ సహధర్మచారిణితో తప్ప మరెవరితోనూ విషయాసక్త సంబంధము పెట్టుకొనరాదు","ఈ    ప్రతి జ్ఞ   ప్రకారం,    గృహ స్థ ుడు    తన    చట్ట బద్ధ   సహ ధర్మ చార ి ణ ితో    తప్ప   మ రె వరి తో న ూ    విష యా స క్ త    సంబంధ ము    పెట్టు కొన రా దు ",93,34
484,"అరుగురూ కలిసి స్వర్గానికి బయలుదేరుతారు కానీ మార్గము మధ్యలో యుధిష్ఠిరుడు తప్ప అందరూ గతిస్తారు, స్వర్గ ద్వారాల వద్దకు చేరిన ఆయన వెంట ఒక చిన్న శునకము ఉంటుంది, అది ధర్మదేవత యొక్క అవతారమని తెలుస్తుంది","అ రుగు రూ    కలిసి    స్ వర్గ ానికి    బయలుదే రు త ారు    కానీ    మార్గ ము    మధ్యలో    యు ధి ష్ఠ ి రుడు    తప్ప   అంద రూ    గ తి స్తారు,    స్ వర్గ   ద్వార ాల    వద్ద కు    చే రి న    ఆయన    వెంట   ఒక    చిన్న    శు న క ము    ఉంటుంది,    అది    ధర్మ దేవ త    యొక్క    అవ తార మని    తెలు స్తుంది ",170,54
485,"సిక్కు ధర్మం యొక్క ఆదర్శమార్గం ఏదంటే పేద-ధనిక, ఉచ్ఛ-నీచ, కులం, జాతి, వర్ణ, లింగ, మత, జాతీయతకు అతీతంగా ప్రతి మానవుని లోను అదే దివ్య కాంతి యొక్క ఉనికిని గుర్తించేది","సిక్కు    ధర్మ ం    యొక్క    ఆ దర్శ మార్గం    ఏద ంటే    పే ద - ధ నిక ,    ఉ చ్ఛ - నీ చ ,    కుల ం,    జాత ి,    వర్ణ ,    లింగ ,    మ త,    జాతీయ తకు    అత ీ తంగా    ప్రతి    మాన వు ని    లో ను    అదే    ది వ్య    కా ంతి    యొక్క    ఉనికి ని    గుర్త ించే ది ",140,53
486,అందువల్ల గురుద్వారాగా (గురువు నివాసం) పిలువబడే సిక్కుల ఆలయ ద్వారాలు ఎటువంటి పక్షపాతం లేదా సామాజిక అంతరానికి అతీతంగా ఈ ప్రపంచంలో అందరికీ తెరవబడి ఉంటాయి,అందువల్ల    గురు ద్వార ా గా    ( గురు వు    నివా సం )    పిలువబడే    సిక్ కుల    ఆలయ    ద్వార ాలు    ఎటువంటి    పక్ష పాతం    లేదా    సామాజిక    అంత రానికి    అత ీ తంగా    ఈ    ప్రపంచ ంలో    అంద రిక ీ    తెర వ బడి    ఉంట ాయి ,132,38
487,ఇది భవిష్యత్తులో కూడా రక్షిస్తుంది,ఇది    భవిష్య త్త ులో    కూడా    ర క్షి స్తుంది ,31,8
488,"గాథలలోని 45వ ఆధ్యాయం, 8వ వాక్యంలో బహుశః అతి ముఖ్యమైన చరణంలో, జరతుష్ట్ర ప్రవక్త తుదకు తన మనోనేత్రముతో స్వయంగా సర్వశక్తిమంతుడగు భగవంతుడిని అవగాహన చేసుకోగలుగుతాడు, దీనిని అనుసరించి, సద్భావనలు, పరిశుద్ధ వాక్కు మరియు సత్కర్మలు అనే పవిత్ర మూర్తిత్రయాన్ని సత్యమార్గముగా మానవాళి అనుసరించుటకు విధించబడినది","గా థ ల లోని    4 5 వ    ఆధ ్య ాయ ం,    8 వ    వా క్య ంలో    బహు శ ః   అతి    ముఖ్యమైన    చ రణ ంలో,    జర తు ష్ట్ర   ప్ర వ క్ త    తు ద కు    తన    మనో నే త్ర ము తో    స్వయంగా    సర్ వ శక్తి మంత ు డ గు    భ గ వంత ు డిని    అవగాహ న    చేసుకో గ లుగు తాడు,    దీనిని    అనుసరించ ి,    స ద్ భావ న లు,    పరి శు ద్ధ   వా క్కు    మరియు    సత్ కర్ మ లు    అనే    పవిత్ర    మూ ర్త ిత ్ర యాన్ని    స త్య మార్గ ము గా    మాన వా ళి    అనుసరించ ు ట కు    విధ ించబడ ిన ది ",264,100
489,"ఈ చరణాలలో కొన్నింటిలో ఈశ్వరాదేశం అందే విధానం స్పష్టంగా సూచించబడింది, అదే పవిత్రమైన బుద్ధి జరతుష్ట్రలోకి ప్రవేశించి ఆయన మానవాళికి ఏమి తెలుపాలో ఆయనకి చెబుతుంది","ఈ    చ రణ ాలలో    కొ న్నిం టిలో    ఈ శ్వ రా దేశం    అంద ే    విధా నం    స్పష్టంగా    సూచ ించబడింది,    అదే    పవి త్ర మైన    బుద్ధ ి    జర తు ష్ట్ర లోకి    ప్రవేశ ించి    ఆయన    మాన వా ళ ికి    ఏ మి    తెలు పా లో    ఆయ న కి    చెబు తుంది ",139,45
490,"మరోసారి అబద్ధాలకోరు మరియు వంచక స్వభావంగల వానిగా చెప్పబడి, పేర్కొనబడిన మూడవ వ్యక్తి బెండ్వా, ఆ విధంగా జరతుష్ట్ర తన సమూహాన్ని అటువంటి వ్యక్తులతో సహవాసం సాధరణంగానే వలదనేందుకు దారి తీసింది","మరో సారి    అ బద్ధ ాల కో రు    మరియు    వ ంచ క    స్వ భావ ంగల    వా ని గా    చెప్ప బడి,    పేర్కొ న బడిన    మూడవ    వ్యక్తి    బె ండ్ వా ,    ఆ    విధంగా    జర తు ష్ట్ర   తన    సమ ూ హాన్ని    అ టువంటి    వ్యక్త ులతో    సహ వా సం    సాధ రణ ంగా నే    వల ద నే ందుకు    దార ి    తీ స ింది ",162,57
491,"ఆత్మ నిగ్రహం మరియు విశ్వాసం, సమదృష్టి మరియు నిస్వార్థత, అన్నిటికీ మించి భక్తి లేదా ఆత్మసమర్పణ వంటి విశ్వరూప దర్శనానికి ముందు పేర్కొన్న భావాలను గీతలోని తక్కిన భాగము తీవ్రతరం మరియు అనుపూరణ పరుస్తుంది","ఆ త్ మ    ని గ్రహ ం    మరియు    విశ్ వా సం,    సమ దృష్టి    మరియు    ని స్వ ార్థ త,    అ న్ని టిక ీ    మ ించి    భ క్తి    లేదా    ఆత్మ సమర్ప ణ    వంటి    విశ్ వర ూ ప    దర్శ నానికి    ముందు    పేర్కొ న్న    భావ ాలను    గీ త లోని    త క్క ిన    భాగ ము    తీవ్ర తరం    మరియు    అను పూ రణ    పరు స్తుంది ",173,57
492,"ఈ చరణాలలో, జరతుష్ట్ర యే మానవ మేధస్సు అయినా సాధించగల అత్యున్నతమైనదానితో సరిపోలే స్పెంత మైన్యు వలె ఉండాలని కోరుకున్నాడు","ఈ    చ రణ ాలలో,    జర తు ష్ట్ర   యే    మానవ    మే ధ స్ సు    అయిన ా    సాధించ గల    అత్యు న్న త మైన దాని తో    సరిపో లే    స్పె ంత    మై న్య ు    వల ె    ఉండ ాలని    కోరు కున్న ాడు ",103,37
493,అప్పుడు ఆయన అర్జునునికి తాత్విక ఆలోచనలు మరియు మోక్షానికి మార్గాల దర్శనం చేయించాడు,అప్పుడు    ఆయన    అర్ జు ను నికి    తా త్వ ిక    ఆలోచ నలు    మరియు    మో క్ష ానికి    మార్గ ాల    దర్శ నం    చేయ ించ ాడు ,72,22
494,"గీతలోని ఈ భాగము ఒక మహత్తర దృశ్యంలో పరాకాష్టకి చేరుతుంది: కృష్ణుడు అర్జునునికి తన దివ్య రూపమైన విశ్వరూపాన్ని సాక్షాత్కరిస్తాడు, ఆది అర్జునుని గుండెల్లో భయభ్రాంతులను పుట్టిస్తుంది","గీ త లోని    ఈ    భాగ ము    ఒక    మహ త్త ర    దృ శ ్యంలో    ప రా కా ష్ట కి    చేరు తు ంది :    కృష్ణ ుడు    అర్ జు ను నికి    తన    ది వ్య    రూప మైన    విశ్ వర ూ పా న్ని    సాక్ష ా త్ కరి స్తాడు,    ఆ ది    అర్ జు ను ని    గుండ ె ల్లో    భయ భ ్రా ంత ులను    పుట్ట ి స్తుంది ",158,60
495,"అప్పుడు డారియస్ నాథోస్ అను జారజ రాజు ఒకడు ఉండేవాడు, నాథోస్ అనగా విలియం ద కాంకరర్ వలె అక్రమమైన సంతానము అని అర్ధము","అప్పుడు    డ ార ియ స్    నాథ ో స్    అ ను    జార జ    రాజు    ఒక డు    ఉండే వా డు,    నాథ ో స్    అన గా    వి లి యం    ద    కాం కర ర్    వల ె    అ క్రమ మైన    సంత ా న ము    అని    అర్ధ ము ",95,42
496,"ఇక ఆపై రెండవ అర్టాక్సెర్క్స్ ఉన్నాడు, ఇతడు ఆలోచనాపరుడు","ఇ క    ఆపై    రెండవ    అర్ టా క్ సె ర్ క్స్    ఉన్న ాడు,    ఇత డు    ఆలోచ నా పరు డు ",48,18
497,అతడు ఈ ప్రపంచం యొక్క ఆధ్యాత్మికత కన్నా భౌతిక కోణాన్నే విశదపరిచాడని పేరు కనుక జారాతుష్ట్రచే ఖండించబడ్డాడు,అతడు    ఈ    ప్రపంచ ం    యొక్క    ఆధ ్యా త్మ ిక త    కన్న ా    భౌ తిక    కో ణా న్న ే    వి శ ద పరిచ ాడని    పేరు    కను క    జార ా తు ష్ట్ర చే    ఖండ ించబడ్డ ాడు ,92,34
498,"మొదటివాడు యీమా, ఇతను ఎవరో కాదు పేరుగాంచిన జంషేద్ మహారాజు, ఇతని పేరిట ప్రతీ యేడు మార్చ్ 21 న నవరోజ్ పండుగ జరుగుతుంది","మొదటి వా డు    య ీ మా ,    ఇత ను    ఎవర ో    కా దు    పేరు గా ంచ ిన    జం షే ద్    మహారా జ ు,    ఇత ని    పే రి ట    ప్ర తీ    యే డు    మార్చ ్    2 1    న    న వర ో జ్    పండుగ    జరుగు తుంది ",98,44
499,"ఈ భ్రాంతిని తొలగించుటకు, అపరిగ్రహ ప్రతిజ్ఞ పూని పరిపూర్ణ ఆత్మ సాక్షాత్కారం పొందుతారు","ఈ    భ ్రా ంత ిని    తొలగ ించు ట కు,    అ పరి గ్రహ   ప్రతి జ్ఞ   పూ ని    పరి పూర్ ణ    ఆ త్ మ    సాక్ష ా త్ కారం    పొందు త ారు ",75,29
500,"నగారా ఆలయానికి భిన్నంగా, ద్రవిడ ఆలయానికి చుట్టూ ఒక ప్రహరిగోడ ఉంటుంది","నగ ారా    ఆలయ ానికి    భిన్న ంగా,    ద్ర వి డ    ఆలయ ానికి    చుట్టూ    ఒక    ప్ర హ రిగ ో డ    ఉంటుంది ",60,19
501,"ఏదేమైనప్పటికీ, అతడు మానవాళిని చెడు నుండి రక్షించుటకై దైవ సందేశంతో వచ్చిన ఒక సోష్యంతుడు","ఏ దే మైన ప్పటికీ,    అతడు    మాన వా ళ ిని    చె డు    నుండి    రక్ష ించు ట క ై    దై వ    సందే శ ంతో    వచ్చిన    ఒక    సో ష్య ంత ుడు ",76,28
502,"నేల తల్లి ఒక రక్షకుడు నియమింపబడాలని ఎలా కోరుకుందో, అందువల్ల జరతుస్ట్ర ఎలా నియామితుడయ్యాడో మనం ఇప్పటికే చూశాం","నే ల    తల్లి    ఒక    రక్ష కుడు    నియమ ింప బడ ాలని    ఎలా    కోరు కు ంద ో,    అందువల్ల    జర తు స్ట్ర   ఎలా    నియా మిత ు డ య్య ాడ ో    మ నం    ఇప్పటికే    చూ శా ం ",95,33
503,"అర్జునుడు యుద్ధం చేయటానికి నిరకరించినప్పుడు, కృష్ణుడు అతని పట్ల సహనం కోల్పోతాడు","అర్ జు ను డు    యుద్ధం    చేయ టానికి    నిర కరించ ినప్పుడు,    కృష్ణ ుడు    అతని    పట్ల    సహ నం    కోల్పో త ాడు ",71,19
504,"అలా, ఒక విశేషమైన చరణములో, మఘా వర్గానికి తొలి సోపానమున ఆత్మవిశ్వాసముగలవారు ప్రతికూల భావనతో జాగ్రత్తగా ఉండవలెను దీని భావమేమనగా అత్యున్నత స్థితికి చేరుకున్న వ్యక్తులు అహంకారమును కాక వినయమును అనుసరించవలెను","అలా ,    ఒక    వి శేష మైన    చ రణ ము లో,    మ ఘ ా    వర్గ ానికి    తొలి    సో పా న ము న    ఆత్మ విశ్ వా సము గల వారు    ప్ర తిక ూ ల    భావ నతో    జా గ్ర త్తగా    ఉండ వల ె ను    దీని    భావ మే మన గా    అత్యున్నత    స్థిత ికి    చేరు కున్న    వ్యక్తులు    అ హ ం కార ము ను    కా క    వి న య ము ను    అనుసరించ వల ె ను ",179,68
505,"టోక్యో ఒలింపిక్ క్రమములో, నేను మనస్తత్వవేత్త వద్దకు వెళ్ళేవాడిని కానీ, ఎన్నడూ దానికి ప్రాధాన్యతనివ్వలేదు, నా శరీరాన్ని జాగ్రత్తగా చూసుకోలేదు","టో క్య ో    ఒలింపిక్    క్రమ ము లో,    నేను    మన స్త త్వ వే త్త    వద్ద కు    వెళ్ళ ే వా డిని    కానీ,    ఎన్న డ ూ    దానికి    ప్రాధాన్య తని వ్వ లేదు,    నా    శరీ రాన్ని    జా గ్ర త్తగా    చూ సుకో లేద ు ",126,38
506,నేను ఇంకా కఠినంగా అభ్యాసం చేయవలసి ఉండింది,నేను    ఇంకా    కఠిన ంగా    అభ్యా సం    చేయ వలసి    ఉండ ింది ,36,10
507,"ఒలింపియన్‌ అయి ఉండటం గొప్పగా ఉంటుంది, కాని ఆపైన ఒత్తిడి, ఆందోళన ఉంటాయి","ఒలింప ియ న్‌    అయి    ఉండటం    గొప్ప గా    ఉంటుంది,    కాని    ఆ పైన    ఒత్తి డ ి,    ఆందోళ న    ఉంట ాయి ",61,18
508,"అవును, నువ్వు ఒలింపియన్‌వే, కాని దాని నుండి నీకు ఏం వస్తుంది","అవు ను,    ను వ్వ ు    ఒలింప ియ న్‌ వే ,    కాని    దాని    నుండి    నీ కు    ఏ ం    వస్తు ంది ",52,19
509,2014లో ఆయన చనిపోయే లోపు నేను అది సాధించలేదు,201 4లో    ఆయన    చనిపోయ ే    లో పు    నేను    అది    సాధించ లేద ు ,37,12
510,ఈ రాత్రి ఆయన నన్ను చూస్తూ నాతో ఉన్నట్లు అనిపించింది,ఈ    రాత్రి    ఆయన    న న్ను    చూ స్తూ    నా తో    ఉన్నట్లు    అనిప ించ ింది ,44,13
511,"అడ్డుకునేందుకు గోల్కీపర్ ని మాత్రమే ఉండనిచ్చి, నియమించబడ్డ ఒక సభ్యుడికి పెనాల్టీ స్పాట్ నుండి గోల్ చేయడానికి అనుమతిస్తారు","అ డ్డు కునే ందుకు    గోల్ కీ పర్    ని    మాత్రమే    ఉండ నిచ్చ ి,    నియమ ించబడ్డ   ఒక    సభ్య ు డికి    పె నాల్ టీ    స్ పా ట్    నుండి    గోల్    చేయడానికి    అనుమ తి స్త ారు ",108,31
512,"బంతిని తన్నే వరకు గోల్కీపర్ తన రేఖ మీదనే, అలాగే మిగతా ఆటగాళ్లు అందరూ పెనాల్టీ చోటు వెనక పెనాల్టీ ప్రాంతానికి వెలుపల ఉండాలి","బంతిని    త న్న ే    వరకు    గోల్ కీ పర్    తన    రేఖ   మీ ద నే,    అలాగే    మిగ తా    ఆటగా ళ్లు    అంద రూ    పె నాల్ టీ    చో టు    వెన క    పె నాల్ టీ    ప్రాంతానికి    వెలుపల    ఉండ ాలి ",105,34
513,టీం గేమ్ అంటే ఆటగాళ్ళు ఒక ఉమ్మడి లక్ష్యం దిశగా కలిసి పనిచేసే వ్యవస్థీకృతమైన శారీరక కార్యకలాపం,టీ ం    గే మ్    అంటే    ఆటగాళ్ళు    ఒక    ఉ మ్మ డి    లక్ష ్యం    దిశ గా    కలిసి    పని చేసే    వ్యవస్థ ీకృ తమైన    శారీ ర క    కార్యకలా పం ,81,25
514,"జట్టు క్రీడలలో, ఒకే జట్టులోని వ్యక్తుల బృందం ఆటలో విజేతలు అవటం అనే లక్ష్యం సాధించేందుకు కలిసి పని చేస్తారు","జట్టు    క్రీడ లలో,    ఒకే    జట్టు లోని    వ్యక్త ుల    బృందం    ఆట లో    విజే తలు    అవ టం    అనే    లక్ష ్యం    సాధ ించేందుకు    కలిసి    పని    చేస్త ారు ",92,24
515,"తమ లక్ష్యాలను సాధించటానికి, బృందం సభ్యులు ప్రోత్సాహకర, విశ్వసనీయమైన పరిస్థితుల మధ్య","తమ    లక్ష్య ాలను    సాధించ ట ానికి,    బృందం    సభ్యులు    ప్రోత్ సాహ కర ,    విశ్వ స నీయ మైన    పరిస్థిత ుల    మధ్య ",75,19
516,"పాయింట్లు, స్కోర్లు నిశ్చయించుకుంటారు, నిర్ణయాలు తీసుకుంటారు, తమలో తాము సంవదించుకుంటారు, విరుద్ధమైన పరిస్థితులను సంబాళించుకుంటారు మరియు సమస్యలు పరిష్కరించుకుంటారు","పాయిం ట్లు,    స్ కోర్ లు    ని శ్చ య ించు కుంట ారు,    నిర్ణయ ాలు    తీసుకు ంట ారు,    తమ లో    తాము    సం వద ించు కుంట ారు,    విరుద్ధ మైన    పరిస్థిత ులను    సం బా ళ ించు కుంట ారు    మరియు    సమస్య లు    పరిష్కరించ ు కుంట ారు ",149,41
517,"వైట్‌బూయి తన చిన్నతనంలో కలలుగన్నవి దాదాపు అన్నిటినీ సాధించినప్పటికీ, టోక్యో తర్వాత ఆమెలో అసంతృప్తి భావన మిగిలిపోయింది","వై ట్‌ బూ యి    తన    చిన్న తన ంలో    కల లు గ న్న వి    దాదాపు    అ న్ని టినీ    సాధ ించిన ప్పటికీ,    టో క్య ో    తర్వాత    ఆమె లో    అ సంతృ ప్తి    భావ న    మిగి లి పోయ ింది ",105,35
518,ఈ ప్రపంచవ్యాప్త మహమ్మారి ఒలింపిక్స్ అనుభవం తాలూకు మెరుపును కొంత తగ్గించింది,ఈ    ప్రపంచ వ్యాప్ త    మహ మ్ మార ి    ఒలింప ిక్స్    అనుభవ ం    తాలూకు    మెరు పు ను    కొంత    తగ్గ ించ ింది ,67,20
519,"ఒక ప్రదర్శన ఆటలో, ఆటగాళ్లు నెట్ పై నుండి బంతిని అటుఇటు విసురుతున్నట్లు కనపడుతారు కనుక, ఈ క్రీడకు బహుశా వాలీబాల్ అన్న వివరణాత్మక నామం సరిపోతుందని ఎవరో వ్యాఖ్యానించారు","ఒక    ప్రదర్శన    ఆట లో,    ఆటగా ళ్లు    నెట్    పై    నుండి    బంతిని    అ టు ఇ టు    వి సు రు తున్న ట్లు    కన పడు త ారు    కను క,    ఈ    క్రీడ కు    బహుశా    వాల ీ బాల్    అ న్న    వివర ణా త్మక    నా మం    సరిపో తుందని    ఎవర ో    వ్యా ఖ్యా న ించారు ",144,47
520,"1985 లో హోల్యోక్, మాసచ్యుసెట్స్ లోని వైఎంసిఏ (యు ఎస్ ఏ) లో విలియం జి మోర్గన్ వాలీబాల్ ఆటను కనిపెట్టారు","198 5    లో    హో ల ్య ో క్,    మా స చ ్యు సె ట్స్    లోని    వై ఎం సి ఏ    ( య ు    ఎస్    ఏ )    లో    వి లి యం    జ ి    మో ర్ గ న్    వాల ీ బాల్    ఆటను    కని పెట్ట ారు ",87,42
521,"ఫీల్డ్ హాకీ అనేది జట్టుగా ఆడే ఆట, దీనిలో ఆటగాళ్లు వంపు తిరిగిన కర్రలతో బంతిని కొడుతూ, లేపుతూ, నెడుతూ, లేదా విదిలిస్తూ ఎదుటి జట్టు గోల్ లోకి వేసి స్కోరు చేసేందుకు ప్రయత్నిస్తారు","ఫీల్డ్    హాకీ    అనేది    జట్టు గా    ఆడే    ఆట ,    దీనిలో    ఆటగా ళ్లు    వ ం పు    తిరిగ ిన    కర్ర లతో    బంతిని    కొడు తూ,    లే పు తూ,    నె డు తూ,    లేదా    వి ది లి స్తూ    ఎదు టి    జట్టు    గోల్    లోకి    వే సి    స్కో రు    చేసే ందుకు    ప్రయత్ని స్త ారు ",152,46
522,"ఏమైనప్పటికీ, ""హాకీ"" అనే పదాన్ని సాధారణంగా ఐస్ హాకీ లేదా స్ట్రీట్ హాకీ వంటి హాకీ యొక్క వేరు రూపాలకోసం ప్రత్యేకించిన దేశాలలో ""ఫీల్డ్ హాకీ"" అనే పేరు వాడుకలో ఉంది","ఏ మైన ప్పటికీ,    "" హా కీ ""    అనే    ప దాన్ని    సాధారణంగా    ఐ స్    హాకీ    లేదా    స్ట్ర ీ ట్    హాకీ    వంటి    హాకీ    యొక్క    వేరు    రూ పాల కోసం    ప్రత్యేక ించిన    దేశాలలో    "" ఫీల్డ్    హా కీ ""    అనే    పేరు    వాడు క లో    ఉంది ",136,40
523,"ఆటగాళ్ళు బంతిని నెమ్మదిగా కదిలించుట, దాటించుట, తట్టుట, కొట్టుట గురించి ప్రాథమిక నైపుణ్యాలను నేర్చుకొని, సాధన చేయాలి","ఆటగాళ్ళు    బంతిని    నె మ్మ దిగా    క ది ల ించు ట ,    దాట ించు ట ,    త ట్టు ట ,    కొ ట్టు ట    గురించి    ప్రాథమిక    నైపుణ్య ాలను    నేర్చు కొని,    సాధ న    చేయ ాలి ",103,32
524,"పురుషుల జట్ల మధ్య తొలి టి-20 అంతర్జాతీయ మ్యాచ్ 2005, ఫిబ్రవరి 17న ఆస్ట్రేలియా, న్యూజిలాండ్ల మధ్య ఆడబడింది","పురుషుల    జ ట్ల    మధ్య    తొలి    టి - 20    అంతర్జాతీయ    మ్యాచ్    200 5 ,    ఫిబ్రవరి    17 న    ఆస్ట్రేలియా ,    న్యూ జి లా ండ్ ల    మధ్య    ఆడ బడ ింది ",92,27
525,"తొలి టి-20 అంతర్జాతీయ మ్యాచ్ 2004, ఆగస్టు 5 న ఇంగ్లాండ్, న్యూజిలాండ్ల మహిళల జట్ల మధ్య జరిగింది","తొలి    టి - 20    అంతర్జాతీయ    మ్యాచ్    200 4 ,    ఆగస్టు    5    న    ఇంగ్లా ండ ్,    న్యూ జి లా ండ్ ల    మహిళల    జ ట్ల    మధ్య    జరిగ ింది ",81,26
526,"కామన్వెల్త్‌ బయటి దేశాలను ఇందులో సభ్యులు అయ్యేందుకు వీలు కలిపించేందుకు ఇంపీరియల్ క్రికెట్ కాన్ఫెరెన్స్ పేరును ఇంటర్నేషనల్ క్రికెట్ కాన్ఫెరెన్స్ గా (తరువాత, కౌన్సిల్ గా) మార్చడం జరిగింది","కామ న్ వెల్ త్‌   బయ టి    దేశ ాలను    ఇందులో    సభ్యులు    అయ్య ేందుకు    వీలు    కలి ప ించేందుకు    ఇ ంప ీ రియ ల్    క్రికెట్    కాన్ ఫె రె న్స్    పేరును    ఇంటర్నేషనల్    క్రికెట్    కాన్ ఫె రె న్స్    గా    ( తరువాత,    కౌన్సి ల్    గా )    మార్చ డం    జరిగ ింది ",165,44
527,"మొట్టమొదట మింటోనెట్ అనే పేరు కలిగిన ఈ ఆట, పెద్ద వయసుగల ఆటగాళ్లు బంతిని గాలిలో నిలుపటానికి కాస్త శారీరిక ప్రయాసకు యత్నించే సౌమ్య గృహాంతర్గత క్రీడగా రూపొందించబడింది","మొట్ట మొదట    మ ిం టో నెట్    అనే    పేరు    కలిగిన    ఈ    ఆట ,    పెద్ద    వయ సు గల    ఆటగా ళ్లు    బంతిని    గాల ిలో    నిలు ప టానికి    కా స్త   శారీ ర ిక    ప్రయా స కు    య త్ న ించే    సౌ మ ్య    గృ హా ంత ర్ గత    క్రీడగా    రూపొంద ించబడ ింది ",142,48
528,నెట్ వాడాలనే ఆలోచన టెన్నిస్ నుండి తీసుకోబడింది,నెట్    వా డాల నే    ఆలోచ న    టె న్ని స్    నుండి    తీసుకో బడ ింది ,41,13
529,"విసిరే ముందు, లక్ష్యాన్ని చూసి, బంతిని చేరుకుని తలను స్థిరంగా ఉంచుతూ బంతిని చూడండి","వి సి రే    ముందు,    లక్ష ్యాన్ని    చూ సి,    బంతిని    చేరు కుని    తలను    స్థిర ంగా    ఉంచు తూ    బంతిని    చూడ ండి ",72,19
530,ఆరు గజాల దూరంలో ఉన్న రెఫరీ డిఫెండర్లను స్పర్ధ నుండి ఉపసంహరించుకోమని సైగ చేసేందుకు తన రెండు అరచేతులను క్రిందివైపుకి చూపాడు,ఆరు    గ జ ాల    దూరంలో    ఉన్న    రె ఫ రీ    డిఫె ండ ర్లను    స్ పర్ ధ   నుండి    ఉప సం హ రించు కో మని    సై గ   చేసే ందుకు    తన    రెండు    అర చేత ులను    క్ర ింది వైపు కి    చూప ాడు ,106,37
531,పదిహేడవ శతాబ్ద ద్వితీయార్ధంలో క్రికెట్ విస్తృతంగా ప్రజాదరణ పొందిన క్రీడ అయింది,ప ది హే డ వ    శతాబ్ద   ద్ వి తీయ ార్ ధ ంలో    క్రికెట్    విస్తృతంగా    ప్రజాదరణ    పొందిన    క్రీడ    అయ ింది ,70,19
532,1750లలో స్థాపించబడిన హాంబుల్డన్ క్లబ్ ఈ ఆట పరిణామం చెందడంలో ఒక ముఖ్య పాత్ర పోషించింది,17 50 లలో    స్థాప ించబడిన    హా ంబ ుల ్డ న్    క్లబ్    ఈ    ఆట    పరి ణా మం    చెంద డంలో    ఒక    ముఖ ్య    పాత్ర    పోష ించ ింది ,74,25
533,నేడు ఆడబడుతున్న విధమైన క్రికెట్ ఆటకు మూలాలు ఇంగ్లాండ్ ఆగ్నేయ భాగంలో కలవు,నే డు    ఆడ బడు తున్న    విధ మైన    క్రికెట్    ఆట కు    మూల ాలు    ఇంగ్లా ండ్    ఆగ్నే య    భాగంలో    కల వు ,63,19
534,"రెండు రకాల రీబౌండ్లు ఉంటాయి: అఫెన్సివ్ రీబౌండ్లు, ఇందులో అఫెన్సివ్ పక్షం బంతిని తిరిగి పొంది పట్టు విడవదు, అలాగే డీఫెన్సివ్ రీబౌండ్లు, ఇందులో డిఫెండింగ్ జట్టు వదిలున్న బంతిని ఆధీనంలోకి తెచ్చుకుంటుంది","రెండు    రకాల    రీ బౌ ండ్ లు    ఉంట ాయి :    అ ఫె న్సి వ్    రీ బౌ ండ్ లు,    ఇందులో    అ ఫె న్సి వ్    పక్ష ం    బంతిని    తిరిగి    పొ ంది    పట్ట ు    వి డ వ దు,    అలాగే    డీ ఫె న్సి వ్    రీ బౌ ండ్ లు,    ఇందులో    డిఫె ండ ింగ్    జట్టు    వది లు న్న    బంతిని    ఆధ ీ న ంలోకి    తె చ్చు కుంటు ంది ",176,60
535,"ఈ ఆటలో ఇది ప్రధాన పాత్ర వహిస్తుంది, ఎందుకంటే జట్టు ఒక షాటు తప్పితే చాలా వరకు పట్టుని కోల్పోతుంది","ఈ    ఆట లో    ఇది    ప్రధాన    పాత్ర    వహి స్తుంది,    ఎందుకంటే    జట్టు    ఒక    షా టు    తప్ప ితే    చాలా    వరకు    పట్టు ని    కోల్పో తుంది ",82,21
536,"ప్రతీ జట్టుకి వరుసగా మూడు సార్లు తాకిడులు అనుమతించబడి, ఏదో ఒక జట్టు బంతిని అవతలి జట్టు కోర్టులో నేలమీద పెట్టి ర్యాలీని గెలిచేవరకు లేదా ఒక జట్టు ఒక తప్పిదం చేసి ర్యాలీని ఒడిపోయేవరకు, ఈ ర్యాలీ కొనసాగుతుంది","ప్ర తీ    జట్టు కి    వరుసగా    మూడు    సార్లు    తా కి డ ులు    అనుమత ించబడ ి,    ఏద ో    ఒక    జట్టు    బంతిని    అవ త లి    జట్టు    కోర్ టులో    నేల మీద    పెట్ట ి    ర్య ాల ీని    గెలి చే వరకు    లేదా    ఒక    జట్టు    ఒక    తప్ప ి ద ం    చేసి    ర్య ాల ీని    ఒ డిపోయ ే వరకు,    ఈ    ర్య ాల ీ    కొనసాగు తుంది ",175,57
537,అందుకునే జట్టు బంతిని తమ కోర్ట్‌ లోనే చిక్కుకొని ఉండిపోయేలా చేయకూడదు,అందు కునే    జట్టు    బంతిని    తమ    కోర్ ట్‌   లోనే    చ ిక్ కు కొని    ఉండ ిపోయ ేలా    చేయ కూడ దు ,60,18
538,"ముందుకెళ్ళే కొద్దీ, నైపుణ్యాలు మరింత స్థిరంగా, సమర్థవంతంగా అయ్యి, ఆటగాళ్ళకు నిజ ఆట స్థితిగతులను పరిచయం చేయాలి","ముందు కె ళ్ళ ే    కొద్ద ీ,    నైపుణ్య ాలు    మరింత    స్థి రంగ ా,    సమర్థ వంతంగా    అయ్య ి,    ఆటగా ళ్ళ కు    నిజ   ఆట    స్థిత ి గ త ులను    పరిచయం    చేయ ాలి ",97,29
539,"అలా చేసేందుకు, బంతిని సమర్థవంతంగా కదిలిస్తూ ఆటగాళ్ల మధ్య నిర్దిష్టంగా మరియు త్వరత్వరగా జరుపుకుంటూ తమ ఆధీనంలో ఎలా ఉంచుకోవాలో వారు నేర్చుకోవాల్సిన అవసరం ఉంది","అలా    చేసే ందు కు,    బంతిని    సమర్థ వంతంగా    క ది లి స్తూ    ఆటగా ళ్ల    మధ్య    నిర్ది ష్ట ంగా    మరియు    త్వర త్వరగా    జరుపు కుంట ూ    తమ    ఆధ ీ నంలో    ఎలా    ఉంచు కో వాలో    వారు    నేర్చు కోవ ాల్సిన    అవసరం    ఉంది ",137,37
540,41 ఏళ్ల జ్లాటాన్ ఇబ్రహిమోవిక్‌ లో ఇంకా ఒక పెద్ద గోల్ కి సామర్ధ్యం ఉందా,4 1    ఏళ్ల    జ్ లా టా న్    ఇ బ్ర హి మో విక ్‌    లో    ఇంకా    ఒక    పెద్ద    గోల్    కి    సామ ర్ ధ ్యం    ఉ ంద ా ,59,26
541,ఇది కేవలం ఫార్వర్డ్స్ మధ్య యుద్ధం అవ్వవచ్చు,ఇది    కేవలం    ఫార్ వర్ డ్స్    మధ్య    యుద్ధం    అవ ్వ వచ్చు ,38,10
542,"హ్యారీ కేయిన్ మరియు సన్ హ్యూంగ్-మిన్ తమ సామర్థ్యంతో మిలాన్ను చిత్తుచేస్తారా, లేదా మాజీ చెల్సియా మరియు ఆర్సినల్ ఫార్వర్డ్ అయిన ఒలివర్ గిరౌడ్ స్పర్స్ ని వెంటాడేందుకు తిరిగి వస్తాడా","హ ్య ార ీ    కే యి న్    మరియు    సన్    హ ్యూ ంగ్ - మి న్    తమ    సామర్థ ్య ంతో    మి లా న్ను    చిత్త ు చేస్త ార ా,    లేదా    మాజీ    చె ల్ స ియా    మరియు    ఆర్ సి నల్    ఫార్ వర్ డ్    అయిన    ఒ లి వర్    గి రౌ డ్    స్ పర్ స్    ని    వెంట ాడ ేందుకు    తిరిగి    వస్త ాడ ా ",156,58
543,దాన్ని ఇంటిలోపల లేదా ఆరుబయట ఆడవచ్చు,దాన్ని    ఇంట ి లోపల    లేదా    ఆ రు బయట    ఆడ వచ్చు ,31,10
544,వాలీబాల్ అనేది ఒకొక్క దాంట్లో ఆరుగురు ఆటగాళ్ళతో కూడిన రెండు జట్లు ఆడే వేగమైన ఆట,వాల ీ బాల్    అనేది    ఒ కొ క్క    దా ంట్ లో    ఆ రుగు రు    ఆటగా ళ్ళ తో    కూడిన    రెండు    జట్లు    ఆడే    వేగ మైన    ఆట ,68,23
545,దీని స్థానంలో మేరిల్‌బోన్ క్రికెట్ క్లబ్ (ఎం,దీని    స్థానంలో    మే రి ల్‌ బో న్    క్రికెట్    క్లబ్    ( ఎ ం ,39,12
546,సి,సి ,2,1
547,సి,సి ,2,1
548,") వచ్చింది, దీని ప్రధాన కార్యాలయం లండన్‌లోని లార్డ్స్‌లో ఉంది",")    వచ్చ ింది,    దీని    ప్రధాన    కార్యాలయం    లండ న్‌లోని    ల ార్ డ్ స్‌లో    ఉంది ",54,13
549,"వీసా అనేది ఒక విదేశానికి చెందిన ప్రవాస అధికారులు, ఆ వ్యక్తి ప్రమాణపత్రాలు నిర్ధారించిన తర్వాత, పాస్ పోర్టు పై ఒక ముద్ర అచ్చువేయటంతో తయారు చేసే ఒక ధృవపత్రం","వీ సా    అనేది    ఒక    విదేశ ానికి    చెందిన    ప్ర వా స    అధికార ులు,    ఆ    వ్యక్తి    ప్రమాణ పత్ర ాలు    నిర్ధార ించిన    తర్వాత,    పా స్    పోర్ టు    పై    ఒక    ముద్ర   అ చ్చు వేయ ట ంతో    తయారు    చేసే    ఒక    ధృ వ పత్ర ం ",133,39
550,ఇది ఒక వ్యక్తికి ఒక దేశంలోకి ప్రవేశించి తాత్కాలికంగా బసచేసేందుకు హక్కు ఇస్తుంది,ఇది    ఒక    వ్యక్త ికి    ఒక    దేశ ంలోకి    ప్రవేశ ించి    తాత్ కాల ికంగా    బ స చేసే ందుకు    హ క్కు    ఇ స్తుంది ,70,20
551,"సార్జెంట్ కమిటీ నివేదిక ప్రకారం, 1948లో టూరిస్ట్ ట్రాఫిక్ కమిటీ నియమించబడింది","సార్ జె ంట్    కమి టీ    నివేద ిక    ప్రకారం,    194 8లో    టూ రి స్ట్    ట్రా ఫ ిక్    కమి టీ    నియమ ించబడ ింది ",69,21
552,"ఆకర్షణలు, వసతిగృహాలు, అనుబంధ సౌకర్యాలు, మరియు మౌలిక సదుపాయాలు పర్యాటకానికి మూలాంశాలు","ఆకర్ష ణ లు,    వస తి గృహ ాలు,    అనుబంధ   సౌకర్య ాలు,    మరియు    మౌ లిక    స దు పాయ ాలు    పర్యాట క ానికి    మూ లా ంశ ాలు ",76,24
553,"పర్యటన యొక్క మెరుగైన అభివృద్ధికి, సంబంధిత ప్రాంతాల లో ఈ సౌకర్యాలు అభివృద్ధి చేయాలి మరియు అందుకోసం ప్రభుత్వ అలాగే ప్రైవేట్ రంగం మార్గదర్శకత్వం చేయాలి","పర్యట న    యొక్క    మెరు గ ైన    అభివృద్ధ ికి,    సంబంధిత    ప్రాంతాల    లో    ఈ    సౌకర్య ాలు    అభివృద్ధి    చేయ ాలి    మరియు    అందు కోసం    ప్రభుత్వ    అలాగే    ప్రైవేట్    రంగ ం    మార్గ దర్శకత్వం    చేయ ాలి ",130,29
554,"కేరళ బ్యాక్వాటర్స్ మడుగులు, సరస్సులు మరియు కాలువల సంక్లిష్ట అల్లికతో చుట్టుముట్టబడి ఉంటాయి, 'కెట్టువల్లం'గా పిలువబడే సాంప్రదాయక జమ్ముకప్పిన ధాన్యపు హౌస్ బోట్ పైనుండి వీటి ఉత్తమ అనుభూతిని పొందవచ్చు","కేరళ    బ్యా క్వా టర్ స్    మ డు గ ులు,    సరస్ సులు    మరియు    కాల ువ ల    సం క్లి ష్ట    అ ల్ల ిక తో    చుట్టు ముట్ట బడి    ఉంటాయి,    ' కె ట్టు వల్ల ం ' గా    పిలువబడే    సాంప్రదాయ క    జ మ్ము కప్ప ిన    ధాన్య పు    హౌ స్    బో ట్    పై నుండి    వీ టి    ఉత్తమ    అను భూ తిని    పొంద వచ్చు ",175,56
555,"మీరు బ్యాక్ వాటర్స్ గుండా జల ప్రయాణం చేస్తూ ఉంటే ఒడ్డుపై జీవనం, పచ్చని వరి పొలాలు మరియు కొబ్బరి తోటలు, అక్కడక్కడా ఒక గుడి లేదా చర్చి దర్శనమిస్తాయి","మీరు    బ్యా క్    వా టర్ స్    గుండా    జ ల    ప్రయా ణం    చేస్తూ    ఉంటే    ఒడ్డు పై    జీ వన ం,    పచ్చ ని    వరి    పొ ల ాలు    మరియు    కొ బ్బ రి    తో ట లు,    అక్క డ క్క డా    ఒక    గు డి    లేదా    చర్చ ి    దర్శ న మి స్త ాయి ",125,46
556,"యువరాజు సిద్ధార్థుడు జ్ఞానోదయం పొంది, బుద్ధ భాగవానుగా మారిన స్థలమే బోధగయ (బీహార్)","యువ రాజు    సిద్ధ ార్థ ుడు    జ్ఞా నో ద యం    పొంద ి,    బుద్ధ   భాగ వా ను గా    మార ిన    స్థల మే    బోధ గ య    ( బీ హార్ ) ",72,27
557,వారు డాక్ యాత్రికుల సౌకర్యార్ధం రహదారి ప్రక్కన డాక్ బంగాళాలు నిర్మించారు,వారు    డా క్    యాత్ర ిక ుల    సౌకర్ యార్ ధ ం    రహదారి    ప్ర క్క న    డా క్    బంగాళ ాలు    నిర్మ ించారు ,64,20
558,కర్నాటక గుండా మనోహరమైన మరియు మంత్రముగ్ధులను చేసే ఒక యాత్రకు మిమ్మల్ని తీసుకు వెళ్ళే బంగారు రధం కర్నాటక రాష్ట్రం యొక్క గొప్ప సంస్కృతిని పూరిస్తుంది మరియు దానికదే ఒక అద్భుతం,కర్ నాట క    గుండా    మనో హ రమైన    మరియు    మంత్ర ముగ్ ధ ులను    చేసే    ఒక    యాత్ర కు    మిమ్మల్ని    తీసు కు    వెళ్ళ ే    బంగ ారు    ర ధ ం    కర్ నాట క    రాష్ట్రం    యొక్క    గొప్ప    సంస్కృ తిని    పూ రి స్తుంది    మరియు    ద ానిక దే    ఒక    అద్భు తం ,149,44
559,నిశితమైన హస్తకళా ప్రపంచంలో కాలాతీత గాథలను తెలిపే ఈ రైలు బోగీలు చరిత్ర లోతులలో మునిగి ఉన్నవి,ని శ ిత మైన    హ స్త కళ ా    ప్రపంచ ంలో    కాల ా తీ త    గా థ లను    తెలిప ే    ఈ    రైలు    బ ోగ ీలు    చరిత్ర    లోత ులలో    ముని గ ి    ఉన్న వి ,79,32
560,"రాజస్థాన్ నడిబొడ్డులో, ఈ ప్రదేశం ముఖ్యాంశాన్ని నిర్వచించే ఎన్నో చిన్న పట్టణాలు మరియు గ్రామాలు ఉన్నాయి","రాజస్థాన్    నడి బొ డ్డు లో,    ఈ    ప్రదేశం    ముఖ ్యా ం శాన్ని    నిర్ వచ ించే    ఎన్న ో    చిన్న    పట్టణ ాలు    మరియు    గ్రామ ాలు    ఉన్న ాయి ",90,24
561,భారతదేశం గొప్ప వైవిధ్య-వ్యత్యాసభరిత భూమి,భారతదేశం    గొప్ప    వైవిధ్య - వ్య త్యా సభ రిత    భూమి ,37,9
562,భారతదేశంలోని ప్రధాన పరిశ్రమలలో ఒకటిగా పర్యాటకం ఉద్భవించింది,భారతదేశ ంలోని    ప్రధాన    పరిశ్రమ లలో    ఒకటిగా    పర్యాట కం    ఉద్భవ ించ ింది ,54,11
563,"సహజమైన పరిసరాలు, దివ్యమైన భవననిర్మాణ కళాఖండాలు, సంగీతం, నాట్యం, చిత్రకళలు, ఆచారాలు మరియు భాషలు అన్ని కలిసి భారతదేశాన్ని ఒక పర్యాటక స్వర్గంగా తయారుచేస్తున్నాయి","సహ జ మైన    పరి సర ాలు,    ది వ్య మైన    భవ న నిర్మాణ    కళా ఖండ ాలు,    సంగీత ం,    నాట ్య ం,    చిత్ర కళ లు,    ఆచార ాలు    మరియు    భాష లు    అన్ని    కలిసి    భారతదేశ ాన్ని    ఒక    పర్యాటక    స్ వర్గ ంగా    తయ ారు చేస్తున్న ాయి ",141,41
564,పర్యాటకులతో సంకర్షణ స్థానిక ప్రదేశాలలోని పర్యాటక పరిశ్రమకు చెందిన కార్మికులలో ఆతిథ్య ప్రవర్తన పెంపొందించడంలో సహాయపడుతుంది,పర్యాట క ులతో    సం కర్ ష ణ    స్థానిక    ప్రదేశ ాల లోని    పర్యాటక    పరిశ్రమ కు    చెందిన    కార్ మిక ులలో    ఆ తి థ ్య    ప్ర వర్ తన    పె ం పొంద ించడంలో    సహాయ పడు తుంది ,110,32
565,"డచ్ భవనాలలో, పోర్చుగీయుల చర్చిలలో, యూదుల ప్రార్థనా మందిరాలలో, బ్రిటిష్ వారి గోదాముల్లో మరియు 14వ శతాబ్దానికి చెందిన చైనీయుల చేపల వలల్లో కనిపించే విలక్షణమైన వాస్తుశిల్పం, ఒక ముఖ్యమైన ఓడరేవు మరియు వాణిజ్య కేంద్రంగా కోచి యొక్క సుదీర్ఘమైన చరిత్రను ప్రతిబింబిస్తుంది","డ చ్    భవ న ాలలో,    పోర్చుగీ య ుల    చర్ చి లలో,    యూ ద ుల    ప్ర ార్థ నా    మంది రాల లో,    బ్రిటిష్    వారి    గో దా మ ుల్లో    మరియు    14 వ    శతాబ్ద ానికి    చెందిన    చై నీయ ుల    చేప ల    వల ల్లో    కనిపించే    వి లక్షణ మైన    వా స్తు శిల్ప ం,    ఒక    ముఖ్యమైన    ఓడ రే వు    మరియు    వాణిజ్య    కేంద్రంగా    కో చి    యొక్క    సుదీర్ఘ మైన    చరిత్ర ను    ప్రతి బ ిం బి స్తుంది ",231,67
566,జీవితంలో ఒక్కసారైనా సందర్శించాల్సిన ఉత్తమ 50 పర్యాటక గమ్యస్థానాలలోకి కేరళను నేషనల్ జియోగ్రాఫిక్ చానెల్ చేర్చింది,జీవి తంలో    ఒక్క సార ైనా    సందర్శ ించ ాల్సిన    ఉత్తమ    50    పర్యాటక    గమ ్య స్థాన ాల లోకి    కేరళ ను    నేషనల్    జియ ోగ్రా ఫ ిక్    చా నె ల్    చేర్చ ింది ,101,28
567,"కేరళ యొక్క అందం దాని ప్రశాంత ప్రకృతిలో ఉంది, నిశ్చలమైన బ్యాక్ వాటర్స్, సముద్ర తీరాలు, హిల్ స్టేషన్ లు, మసాలా దినుసుల తోటలు, వృక్ష జంతు సంపద, ఆయుర్వేదం, నావల పోటీలు, సహజ నౌకాశ్రయాలు మరియు ఎన్నో","కేరళ    యొక్క    అంద ం    దాని    ప్ర శా ంత    ప్ర కృ తిలో    ఉంది,    ని శ్చ ల మైన    బ్యా క్    వా టర్ స్,    సముద్ర    తీర ాలు,    హి ల్    స్టేషన్    లు,    మ స ాలా    ది ను సుల    తో ట లు,    వృ క్ష    జంత ు    సం పద ,    ఆయ ు ర్ వేద ం,    నా వల    పోటీ లు,    సహజ    నౌకా శ్ర య ాలు    మరియు    ఎన్న ో ",165,61
568,మున్నార్ దట్టమైన అడవులు మరియు తేయాకు తోటలు పరచబడి ఉంటుంది,ము న్న ార్    ద ట్ట మైన    అడవులు    మరియు    తే యా కు    తో ట లు    పరచ బడి    ఉంటుంది ,50,17
569,"వీటిలో, కొన్ని స్మారక కట్టడాలు యునెస్కో చేత గుర్తింపు పొందిన ప్రపంచ వారసత్వ ప్రదేశాల జాబితాలో కూడా లెక్కించబడ్డాయి","వీ టి లో,    కొన్ని    స్మారక    కట్ట డ ాలు    యు నె స్ కో    చేత    గుర్తింపు    పొందిన    ప్రపంచ    వారసత్వ    ప్రదేశ ాల    జాబితాలో    కూడా    లెక్క ించబడ్డ ాయి ",101,24
570,సహ్యాద్రి పర్వతం మహారాష్ట్రకు వెన్నెముక లాంటిది అయినందున రాష్ట్రంలో ఆర్థికాభివృద్ధికి పర్యాటకం ప్రధానంగా విస్తరించాల్సిన రంగంగా మహారాష్ట్ర గుర్తించింది,సహ ్యా ద్ర ి    పర్వ తం    మహారాష్ట్ర కు    వె న్న ె ము క    లా ంట ి ది    అయిన ందున    రాష్ట్రంలో    ఆర్థ ిక ా భి వృద్ధ ికి    పర్యాట కం    ప్రధానంగా    విస్తరించ ాల్సిన    రంగ ంగా    మహారాష్ట్ర    గుర్తించ ింది ,138,36
571,"విమానాశ్రయాల వద్ద కలిసి పలకరించడం పర్యాటకులకు అలాగే కంపనీకి ఒక ప్రధాన సేవ, ఎందుకంటే ఇది పర్యాటకుల ఆగమనాలు లేదా నిష్క్రమణలకు అనుమతులను వేగవంతం చేయటానికి, బదిలీలకు, సమానుకు, కుటుంబ ప్రయాణానికి సహాయ పడుతుంది, మరియు విమానాశ్రయం గుండా వేగవంతమైన, సులభమైన మరియు సురక్షితమైన మార్గాన్ని నిశ్చయపరుస్తుంది","విమానాశ్రయ ాల    వద్ద    కలిసి    ప ల కరించ డం    పర్యాట కులకు    అలాగే    కంప నీ కి    ఒక    ప్రధాన    సేవ ,    ఎందుకంటే    ఇది    పర్యాట కుల    ఆ గమ నాలు    లేదా    నిష్ క్రమ ణ లకు    అనుమత ులను    వేగ వంత ం    చేయ ట ానికి,    బది లీ ల కు,    సమా ను కు,    కుటుంబ    ప్రయాణ ానికి    సహాయ    పడు తుంది,    మరియు    విమానాశ్రయం    గుండా    వేగ వంత మైన,    సులభ మైన    మరియు    సురక్షిత మైన    మార్ గాన్ని    ని శ్చ య పరు స్తుంది ",261,69
572,"పశ్చిమ కనుమల మరియు అరేబియా సముద్రం మధ్యన 720 కిమి ల పొడవాటి కంఠభూమిపై మరుగున ఉన్న అనేక సముద్రతీరాలు, కేయలు ఉన్నాయి","పశ్చిమ    కనుమ ల    మరియు    అ రేబ ియా    సముద్ర ం    మధ్య న    7 20    కి మి    ల    పొడ వాటి    కం ఠ భూమి పై    మ రుగు న    ఉన్న    అనేక    సముద్ర తీర ాలు,    కే య లు    ఉన్న ాయి ",98,35
573,"పచ్చని అనియంత్రిత పశ్చిమ కనుమల వెంట ఉండే ఈ ఏకాంత సముద్రతీరాలు, కోలాహలంగా ఉండే గోవాకు వారి నిశ్చల ప్రత్యామ్నాయ ప్రతిరూపం","పచ్చ ని    అ నియంత్ర ిత    పశ్చిమ    కనుమ ల    వెంట   ఉండే    ఈ    ఏ కా ంత    సముద్ర తీర ాలు,    కో లా హ ల ంగా    ఉండే    గో వా కు    వారి    ని శ్చ ల    ప్రత్యామ్నాయ   ప్రతి రూప ం ",104,34
574,"కేరళలోని మసాలా సాగుకు కేంద్రబిందువైన పెరియార్, దాని వన్యప్రాణుల అభయారణ్యానికి కూడా ప్రఖ్యాతిగాంచింది, పెరియార్ సరస్సుపై పడవలో దీని ఉత్తమ అనుభూతిని పొందవచ్చు","కేరళ లోని    మ స ాలా    సాగు కు    కేంద్ర బ ింద ువ ైన    పెరియ ార్ ,    దాని    వన్యప్రాణ ుల    అభయారణ్య ానికి    కూడా    ప్ర ఖ్యా తి గా ంచ ింది,    పెరియార్    సరస్ సు పై    పడవ లో    దీని    ఉత్తమ    అను భూ తిని    పొంద వచ్చు ",140,40
575,"ఇవేగాక, అంతర్జాతీయ పర్యాటక కేంద్రాల ప్రధాన ఆకర్షణల వద్ద అనేక ఇతర కార్యాలయాలు ఉన్నాయి","ఇ వే గా క,    అంతర్జాతీయ    పర్యాటక    కేంద్ర ాల    ప్రధాన    ఆకర్ష ణ ల    వద్ద    అనేక    ఇతర    కార్యాలయ ాలు    ఉన్న ాయి ",74,19
576,ప్రశాంతమైన సరస్సులో షికారాలలో అనాయాసంగా తేలుతూ వెళ్ళడం అలాగే చెక్క పడవ ఇళ్ళలో నివాసం ఉండటం శ్రీనగర్ అందించే అరుదైన అనుభూతులు,ప్ర శాంత మైన    సరస్ సులో    ష ికార ాలలో    అ నాయ ా స ంగా    తే లు తూ    వెళ్ళ డం    అలాగే    చె క్క    పడ వ    ఇ ళ్ళ లో    నివా సం    ఉండటం    శ్రీ నగర్    అందించే    అరు దైన    అను భూ తులు ,109,37
577,"భారతదేశ పఠం పై రత్న కిరీటంలా అమర్చి ఉన్న కాశ్మీరు కాలాలతో దాని రంగులు మార్చుకుంటుంది, శీతాకాలంలో కొండలపైన మంచు తివాచీలు కప్పినప్పుడు, స్కీయింగ్ మరియు స్లెడ్జ్ పైన స్వారీ, వసంతకాలంలో మరియు వేసవిలో తేనె-మంచు పండ్ల తోటలు, అలల సరస్సులు ఈ లోయను అద్భుత అందంగల దానిగా చేస్తాయి","భారతదేశ    ప ఠ ం    పై    ర త్ న    కి రీ ట ం లా    అమ ర్చ ి    ఉన్న    కా శ్ మీరు    కాల ాలతో    దాని    రంగ ులు    మార్చు కుంటు ంది,    శీతా కాలంలో    కొండ ల పైన    మంచు    తి వా చీ లు    కప్ప ినప్పుడు,    స్ కీ య ింగ్    మరియు    స్ లె డ్ జ్    పైన    స్ వార ీ,    వ సంత కాలంలో    మరియు    వేస విలో    తే నె - మంచు    పండ ్ ల    తో ట లు,    అల ల    సరస్ సులు    ఈ    లోయ ను    అద్భు త    అంద ంగల    దాని గా    చేస్త ాయి ",234,84
578,"2015 లో, ఈ పరిశ్రమ నుండి భారతదేశానికి వచ్చిన విదేశీ మారక సంపాదన 16","2015    లో,    ఈ    పరిశ్రమ    నుండి    భారతదేశ ానికి    వచ్చిన    విదేశీ    మార క    సంపాద న    16 ",56,14
579,94 బిలియన్ డాలర్లు,9 4    బి లియన్    డాల ర్లు ,16,6
580,అజంతాలో గుహల వలె బాఘ్ గుహలు కాలానుగుణ వాగు బాఘినికి ఎదురుగా గల కొండ యొక్క లంబంగా ఉన్న ఒక ఇసకరాయి రాతి ముఖంపై తవ్వబడినవి,అ జంత ాలో    గుహ ల    వల ె    బా ఘ ్    గుహలు    కాల ా ను గు ణ    వా గు    బా ఘ ి నికి    ఎదు రుగా    గల    కొండ    యొక్క    లంబ ంగా    ఉన్న    ఒక    ఇ స కర ాయి    రాతి    ముఖ ంపై    త వ్వ బడ ిన వి ,101,43
581,"రాష్ట్రంలో పర్యాటకం కొరకు 1969 లో ఏర్పాటైన ఒక ప్రత్యేక విభాగం ఉన్నది, కానీ పర్యాటకాన్ని ప్రోత్సహించే ప్రభుత్వ సంస్థ మహారాష్ట్ర స్టేట్ టూరిజం డెవలప్మెంట్ కార్పొరేషన్ (ఎంటిడిసీ) 1975 లో స్థాపితమైంది","రాష్ట్రంలో    పర్యాట కం    కొ రకు    196 9    లో    ఏర్ పాట ైన    ఒక    ప్రత్యేక    విభాగం    ఉన్న ది,    కానీ    పర్యాట కాన్ని    ప్రోత్సహ ించే    ప్రభుత్వ    సంస్థ    మహారాష్ట్ర    స్టేట్    టూ రిజ ం    డె వల ప్ మెంట్    కార్పొ రేషన్    ( ఎంట ి డి సీ )    197 5    లో    స్థాప ిత మై ంది ",173,47
582,"విస్తారమైన సంస్కృతిక మరియు మత వారసత్వంతో మరియు వైవిధ్యమైన ప్రాకృతిక ఆకర్షణలతో ఉన్న భారత దేశానికి పర్యాటక రంగంలో అభివృద్ధికి గొప్ప అవకాశాలు ఉన్నాయి, అయినా ప్రపంచ పర్యాటక దృష్టాంతంలో సపేక్షంగా చిన్న పాత్ర కలిగి ఉంది","విస్త ార మైన    సంస్కృ తిక    మరియు    మత    వారస త్వ ంతో    మరియు    వైవిధ్య మైన    ప్రా కృ తిక    ఆకర్ష ణ లతో    ఉన్న    భారత    దేశ ానికి    పర్యాటక    రంగ ంలో    అభివృద్ధ ికి    గొప్ప    అవకాశ ాలు    ఉన్నాయి,    అయిన ా    ప్రపంచ    పర్యాటక    దృష్ట ాంత ంలో    స పే క్ష ంగా    చిన్న    పాత్ర    కలిగి    ఉంది ",187,47
583,20 వ శతాబ్ధంలో పర్యాటకం ప్రపంచవ్యాప్తంగా అతి పెద్ద పరిశ్రమగా ఆవిర్భవించింది మరియు 21వ శతాబ్ధంలో మరింత వేగంగా ఎదుగుతుందని అంచనా వేయబడింది,20    వ    శతా బ్ ధ ంలో    పర్యాట కం    ప్రపంచ వ్యాప్తంగా    అతి    పెద్ద    పరిశ్రమ గా    ఆవి ర్ భవ ించ ింది    మరియు    2 1వ    శతా బ్ ధ ంలో    మరింత    వేగంగా    ఎదు గు తుందని    అంచనా    వేయ బడ ింది ,120,35
584,"పర్యాటకం మాకు వ్యాపారం, కానీ పర్యాటకుడికి ప్రతీ పర్యటన ఒక జ్ఞాపకం","పర్యాట కం    మా కు    వ్యాపార ం,    కానీ    పర్యాట కు డికి    ప్ర తీ    పర్యట న    ఒక    జ్ఞా ప కం ",57,18
585,"ప్రయాణ పత్రాలలో పాస్పోర్ట్, వీసా, ద్రవ్య ధ్రువపత్రం, లేదా పాస్పోర్ట్ లో ద్రవ్య ఆమోదం, ప్రయాణ బీమా, ఆదాయ పన్ను నివేదికలు, ఆరోగ్య ధ్రువపత్రాలు, మొ","ప్రయా ణ    పత్ర ాలలో    పా స్పోర్ ట్,    వీ సా ,    ద్ర వ్య    ధ ్ర ువ పత్ర ం,    లేదా    పా స్పోర్ ట్    లో    ద్ర వ్య    ఆమోద ం,    ప్రయా ణ    బీ మా ,    ఆదాయ   పన్ను    నివేదిక లు,    ఆరోగ్య    ధ ్ర ువ పత్ర ాలు,    మొ",126,42
586,వి,వి ,2,1
587,ఉంటాయి,ఉంట ాయి ,6,2
588,"ఎల్లోరా ఉత్సవం, పూణే గణేష్ ఉత్సవం, ఘారాపురీ ఉత్సవం, మురూడ్ (రాయిగడ్) లో పర్యాటక మహోత్సవం తదితరాలు ఈ ఉత్సవాలలో కొన్ని","ఎల్ లో రా    ఉత్ సవ ం,    పూ ణ ే    గణ ే ష్    ఉత్ సవ ం,    ఘ ారా పు రీ    ఉత్ సవ ం,    ము ర ూడ ్    ( ర ాయి గ డ్ )    లో    పర్యాటక    మ హో త్స వం    త దిత రాలు    ఈ    ఉత్ సవ ాలలో    కొన్ని ",101,46
589,"ఈ సంస్థ సంరక్షణలో, అనేక పర్యాటక నివాసాలు, రిసార్టులు మరియు హోటల్స్ పర్యాటకులకు వసతి కల్పించటానికి మరియు సమాచారం అందించటానికి, మార్గదర్శకుడితో సహా పర్యటనలను ఏర్పాటు చేయటానికి కూడా అనేక పర్యాటక స్థలాల నుండి పనిచేస్తాయి","ఈ    సంస్థ    సంరక్ష ణ లో,    అనేక    పర్యాటక    నివాస ాలు,    రి సార్ ట ులు    మరియు    హో ట ల్స్    పర్యాట కులకు    వస తి    కల్ప ించ టానికి    మరియు    సమాచారం    అందించ ట ానికి,    మార్గ దర్శ కుడ ితో    సహా    పర్యట నలను    ఏర్పాటు    చేయ టానికి    కూడా    అనేక    పర్యాటక    స్థల ాల    నుండి    పని చేస్త ాయి ",191,48
590,ఇది సానుకూలమైనది అలాగే వ్యతిరేకమైనది కూడా కావచ్చు,ఇది    సాను కూల మైనది    అలాగే    వ్యతిరేక మైనది    కూడా    కా వచ్చు ,44,10
591,"ప్రణాళిక వేసే మరియు కట్టుదిట్టం చేసే యంత్రాంగం లేకపోతే, సామాజిక, సాంస్కృతిక మరియు ఆర్ధిక వక్రీకరణలతో పర్యాటక అభివృద్ధి అంతమవవచ్చు, ఇవి పర్యాటకులు మరియు స్థానిక ప్రజల మధ్యలో బాంధవ్యాలలో ప్రతిబింబించవచ్చు","ప్రణాళిక    వేస ే    మరియు    కట్టు ది ట్ట ం    చేసే    య ంత ్రా ంగ ం    లేకపోతే,    సామాజ ిక ,    సాంస్కృతిక    మరియు    ఆర్ ధ ిక    వ క్రీ కరణ లతో    పర్యాటక    అభివృద్ధి    అంత మ వ వచ్చు,    ఇవి    పర్యాట కులు    మరియు    స్థానిక    ప్రజల    మధ్యలో    బా ంధ వ్య ాలలో    ప్రతి బ ిం బ ించ వచ్చు ",180,50
592,ఆ మడతలు లేక కల్లీలు పంచ బుద్ధుడిని లేక పంచ రత్నాన్ని సూచిస్తాయి,ఆ    మ డ తలు    లే క    క ల్ల ీలు    పంచ   బుద్ధ ు డిని    లే క    పంచ   ర త్ నాన్ని    సూచి స్త ాయి ,54,22
593,"తూర్పు వైపు, ఇతరాలలో, పదం, పసి, మిన్యోంగ్ మరియు బోకర్ తో సహా అనేక ఉప తెగలతో ఈ ఆది కానవస్తుంది","తూర్పు    వై పు,    ఇత రాల లో,    పద ం,    ప సి,    మి న్య ో ంగ్    మరియు    బో కర్    తో    సహా    అనేక    ఉప   తెగ లతో    ఈ    ఆ ది    కా న వస్తు ంది ",78,30
594,"యూరోపు వలసపాలకులు, ఆ రాష్ట్రానికి లేదా మతానికి అంకితం చేయబడిన, తమ విజయ ప్రణాళికను ప్రతిబింబించే, నిర్మాణాత్మక శైలిని సృష్టించారు","యూ రో పు    వలస పాల కులు,    ఆ    రాష్ట్ర ానికి    లేదా    మత ానికి    అంకితం    చేయబడ ిన ,    తమ    విజ య    ప్రణాళిక ను    ప్రతి బ ిం బ ించ ే,    నిర్మా ణా త్మక    శైలి ని    సృష్ట ించారు ",114,34
595,"భజన్, జనన్, మరియు రాగాలపై ఆధారితమైన ఒరియా పాటలు, రంగీలా చౌపడి వంటివి, లలిత శాస్త్రీయ సంగీతం కింద వర్గీకరించబడ్డాయి, ఇది ఒరియా సంగీతంలో ఒక ముఖ్యమైన అంశం","భ జ న్,    జన న్,    మరియు    రా గాల పై    ఆధార ిత మైన    ఒ రియా    పాట లు,    రంగ ీ లా    చౌ పడి    వంటి వి,    ల ల ిత    శాస్త్రీయ    సంగీతం    కింద    వర్గీకరించ బడ్డ ాయి,    ఇది    ఒ రియా    సంగీ తంలో    ఒక    ముఖ్యమైన    అంశ ం ",131,41
596,విధి గురించి ఆయనకు స్వయంగా ఉన్న అనిర్వచనీయమైన భావన మరియు ఆయన సహాచరుల ముఖస్తుతికి తోడు ఆయన అసమాన విజయాలు కలిసి ఈ ప్రభావాన్ని కలుగజేసి ఉండవచ్చు,విధ ి    గురించి    ఆయనకు    స్వయంగా    ఉన్న    అ నిర్ వచ నీయ మైన    భావ న    మరియు    ఆయన    స హా చర ుల    ముఖ స్తు తికి    తో డు    ఆయన    అ సమా న    విజయ ాలు    కలిసి    ఈ    ప్రభా వాన్ని    కలు గ జే సి    ఉండ వచ్చు ,122,40
597,ఖ్మెర్‌ సామ్రాజ్య కాలం నుండి కంబోడియాలో గంగను ఆరాధిస్తూ ఉన్నారు,ఖ ్ మె ర్‌    సామ్రాజ్య    కాలం    నుండి    క ంబ ో డ ియాలో    గ ంగ ను    ఆ రా ధి స్తూ    ఉన్న ారు ,56,21
598,"గోవా యొక్క చిహ్న ప్రదర్శన, దీప స్థంభం, శిలువ, మరియు ఒక రథం వెంట వస్తున్న ఘోడే మోద్ని పై దృష్టి కేంద్రీకరించి మతపరమైన సామరస్యాన్ని ప్రదర్శిస్తోంది","గో వా    యొక్క    చిహ్ న    ప్రదర్శ న,    దీ ప    స్థ ంభ ం,    శి లు వ ,    మరియు    ఒక    ర థ ం    వెంట   వస్తు న్న    ఘో డే    మో ద్ ని    పై    దృష్టి    కేంద్ర ీకరించ ి    మతపరమైన    సా మర స్ యాన్ని    ప్రదర్శ ి స్త ో ంది ",126,44
599,ఆయన ఈ విషయాన్ని అన్వేషిస్తూ మిజో ఙే ఇస్రేల్,ఆయన    ఈ    విష యాన్ని    అన్ వే షి స్తూ    మి జో    ఙ ే    ఇ స్ర ే ల్ ,37,16
600,"(""మిజో లేదా ఇస్రేలీ","( "" మి జో    లేదా    ఇ స్ర ే లీ ",17,9
601,""") (2004) అనే పుస్తకాన్ని రాసారు",""" )    ( 200 4 )    అనే    పుస్త కాన్ని    రా సార ు ",28,12
602,"ఈ భాషలలో నమోదు చేయబడిన రూపాలలో అత్యంత ప్రాచీనమైన వైదిక సంస్కృతం మరియు గాటిక అవెస్త, గణనీయమైన పోలికలు కలిగి ఉన్నాయి, ఉమ్మడి ఆదిమ ఇండో ఇరానియన్ భాష నుండి వచ్చినవి","ఈ    భాష లలో    నమోదు    చేయబడిన    రూ పాల లో    అత్యంత    ప్రాచీ నమైన    వైద ిక    సంస్కృ తం    మరియు    గా ట ిక    అ వె స్త ,    గణనీయమైన    పో లిక లు    కలిగి    ఉన్నాయి,    ఉ మ్మ డి    ఆది మ    ఇండ ో    ఇరా నియ న్    భాష    నుండి    వచ్చ ిన వి ",138,44
603,"దక్షిణ భారతంలో, సింహవిష్ణు (క్రీశ 575 - క్రీశ 900)తో ఆరంభమైన పల్లవుల యుగం దక్షిణ భారత సమాజంలో స్మారక కట్టడాల నిర్మాణం, ఆళ్వార్లు మరియు నాయనార్ల (భక్తిమార్గ) శాఖల స్థాపన, సంస్కృత అధ్యయనం కొరకు గ్రామీణ బ్రాహ్మణ విద్యా కేంద్రాల వికాసం, మరియు భిన్నజాతుల ప్రజలున్న భూభాగంపై చక్రవర్తిత్వం తరహా రాచరిక స్థాపనకు పరివర్తన దశగా ఉండి, భూభాగంగా విభజించబడిన ప్రజలతో గిరిజన నాయకత్వంలో ఒక్కొక్కటి తనదంటూ సంస్కృతి కలిగిన పల్లవులకు పూర్వ యుగానికి ముగింపు పలికింది","దక్షిణ    భారత ంలో,    సింహ విష్ణ ు    ( క్రీ శ    5 7 5    -    క్రీ శ    9 00 ) తో    ఆర ంభ మైన    పల్ల వుల    యుగ ం    దక్షిణ    భారత    సమాజ ంలో    స్మారక    కట్ట డ ాల    నిర్మాణ ం,    ఆ ళ్ వార్ లు    మరియు    నాయ నార్ ల    ( భ క్ తి మార్గ )    శాఖ ల    స్థాప న,    సంస్కృ త    అధ్యయ నం    కొ రకు    గ్రామీణ    బ్రాహ్మ ణ    విద్య ా    కేంద్ర ాల    విక ా సం,    మరియు    భిన్న జాత ుల    ప్రజ లు న్న    భూభాగ ంపై    చక్రవర్ తి త్వం    తర హా    రా చర ిక    స్థాప నకు    పరి వర్ తన    దశ గా    ఉండి,    భూభాగ ంగా    విభజ ించబడిన    ప్రజ లతో    గి రిజ న    నాయ కత్వ ంలో    ఒ క్ కొ క్క టి    త నద ంట ూ    సంస్కృ తి    కలిగిన    పల్ల వ ులకు    పూర్ వ    యుగ ానికి    ముగ ింపు    ప లిక ింది ",391,131
604,"20 వ శతాబ్దంలో ఒడియా సాహిత్యాన్ని రూపొందించిన వారిలో గోదాబరీష్ మోహాపాత్ర, కాళింది చరణ పాణిగ్రాహి, కాన్హు చరణ్ మొహంతీ (1906-1994), గోదాబరీష్ మిశ్రా, గోపీనాథ్ మొహంతీ (1914-1991), సచిదానంద రౌత్రే (1916-2004), సీతాకాంత్ మహాపాత్ర (17 సెప్టెంబర్ 1937న జననం), సురేంద్ర మొహంతీ, మనోజ్ దాస్, కిషోరీ చరణ్ దాస్, రమాకాంత రథ్ (13 డిసెంబర్ 1934న జననం), బినాపాణి మొహంతీ, జగదీష్ మొహంతీ, సరోజినీ సాహు, రాజేంద్ర కిషోర్ పాండా, పద్మజ్ పాల్, రాంచంద్ర బెహరా, ప్రతిభా సత్పతి, నందినీ సాహు, దేబరాజ్ సామంత్రే కొందరు","20    వ    శతాబ్దంలో    ఒ డియా    సాహిత ్యాన్ని    రూపొంద ించిన    వారిలో    గో దా బ రీ ష్    మో హా పాత్ర ,    కా ళ ింది    చర ణ    పా ణి గ్రా హ ి,    కాన్ హ ు    చ రణ ్    మొ హ ంత ీ    ( 190 6 - 199 4 ),    గో దా బ రీ ష్    మి శ్రా ,    గో పీ నాథ్    మొ హ ంత ీ    ( 19 14 - 199 1 ),    స చి దా నంద   రౌ త్ర ే    ( 19 16 - 200 4 ),    సీ తా కా ంత ్    మహా పాత్ర    ( 17    సెప్టెంబర్    193 7 న    జన న ం ),    సు రే ంద్ర    మొ హ ంత ీ,    మనో జ్    దా స్,    కి షో రీ    చ రణ ్    దా స్,    ర మా కా ంత    ర థ ్    ( 13    డిసెంబర్    193 4 న    జన న ం ),    బి నా పా ణి    మొ హ ంత ీ,    జ గ దీ ష్    మొ హ ంత ీ,    సర ోజ ిన ీ    సాహ ు,    రాజే ంద్ర    కి షో ర్    పాండ ా,    పద్ మ జ్    పాల ్,    రా ంచ ంద్ర    బె హ రా ,    ప్రతి భా    సత్ పత ి,    నంద ిన ీ    సాహ ు,    దే బ రాజ్    సామ ంత్ర ే    కొందరు ",426,193
605,"ఇస్లామిక్ బెంగాల్ దాని ఉత్తమ నూలు వస్త్రాలు మరియు చీరల తయారీ, ముఖ్యంగా జాందాని, కి ప్రసిద్ధి చెందింది, వీటికై ముఘల్ ఆస్థానం నుండి ఉత్తరువులు లభించేవి","ఇస్లా మ ిక్    బెంగాల్    దాని    ఉత్తమ    నూ లు    వస్త్ర ాలు    మరియు    చీ ర ల    తయార ీ,    ముఖ్యంగా    జా ంద ాని ,    కి    ప్రసిద్ధి    చెంద ింది,    వీ టిక ై    ము ఘ ల్    ఆ స్థానం    నుండి    ఉత్త రు వులు    లభ ించే వి ",130,40
606,"క్రీశ 797 లో(లేక బహుశా క్రీశ 801), బాగ్దాద్ కి చెందిన అబ్బాసిద్ కాలిఫ్, హారూన్ అల్ రషీద్, షార్లమెయిన్ కు అబుల్-అబ్బాస్ పేరు గల ఒక ఆసియా గజాన్ని, దానితోబాటు ""ప్రత్యేకమైన సవివర ఉదాహరణ"" అనదగ్గ ఒక నీటి గడియారాన్ని సమర్పించాడు","క్రీ శ    7 9 7    లో ( లే క    బహుశా    క్రీ శ    8 0 1 ),    బా గ్ దా ద్    కి    చెందిన    అ బ్ బా సి ద్    కాల ి ఫ్ ,    హార ూ న్    అ ల్    ర ష ీ ద్ ,    ష ార్ ల మెయి న్    కు    అ బుల్ - అ బ్ బా స్    పేరు    గల    ఒక    ఆసియా    గ జా న్ని,    దాని తో బాటు    "" ప్రత్యేకమైన    స వివర   ఉదాహరణ ""    అ నద గ్గ   ఒక    నీటి    గ డియ ార ాన్ని    సమర్ప ించ ాడు ",191,82
607,"ఉన్నత సామాజిక స్థితిగల బ్రిటిష్ స్త్రీలు అరుదుగా ఉండేవారు; జాన్ స్టూవర్ట్ 1785లో కాన్పూర్ నుండి తన సోదరుడికి ఇలా వ్రాశాడు: ""ఇక్కడున్న చాలా వరకు స్త్రీలు లుడ్గేట్ హిల్లోని మిల్లినర్స్ దుకాణాలునుండి, అలాగ ఇంకొంతమంది కోవెంట్ గార్డెన్ మరియు ఓల్డ్ డ్రూరీ [18వ శతాబ్దంనాటి లండన్లో వ్యభిచారగృహాలకు పేరుగాంచిన ప్రదేశాలు] కి చెందిన అసభ్య మహిళలు","ఉన్నత    సామాజిక    స్థిత ి గల    బ్రిటిష్    స్త్ర ీలు    అరు దుగా    ఉండే వార ు ;    జాన్    స్ట ూ వర్ ట్    17 8 5లో    కాన్ పూర్    నుండి    తన    సోద రు డికి    ఇలా    వ్రా శ ాడు :    "" ఇక్క డు న్న    చాలా    వరకు    స్త్ర ీలు    లు డ్ గే ట్    హి ల్ లోని    మి ల్లి న ర్స్    దుకాణ ాలు నుండి,    అలా గ   ఇం కొంతమంది    కో వె ంట్    గార్ డె న్    మరియు    ఓ ల్డ్    డ్ర ూ రీ    [ 18 వ    శతాబ్ద ం నాటి    లండ న్లో    వ్య భి చార గృహ ాలకు    పేరు గా ంచ ిన    ప్రదేశ ాలు ]   కి    చెందిన    అ సభ ్య    మహిళలు ",295,98
608,"మరణం మరి ఎక్కడైనా సంభవిస్తే, ఆ భస్మాన్ని గంగలో కలపడం ద్వారా మోక్షాన్ని పొందవచ్చు","మరణం    మర ి    ఎక్క డ ైనా    సం భ విస్త ే,    ఆ    భ స్ మాన్ని    గ ంగ లో    కల ప డం    ద్వారా    మో క్ష ాన్ని    పొంద వచ్చు ",70,26
609,"చైనా నిషిద్ధంగా భావించే విషయాలపై కేంద్రీకృతమైన ఈ వ్యాసాలలో, 1989 తియానాన్మెన్ స్క్వేర్ నరమేధం, ఛైర్మన్ మావో జెడాంగ్ కల్చరల్ రెవల్యూషన్, ప్రజాస్వామ్యంకై హాంగ్ కాంగ్ పోరాటం, మరియు జింగ్షాంగ్, టిబెట్లలో జాతిపరమైన ఉద్రిక్తతలు ఉన్నాయి","చైనా    ని షి ద్ధ ంగా    భావ ించే    విషయ ాలపై    కేంద్ర ీకృ తమైన    ఈ    వ్యా స ాలలో,    198 9    తి యా నా న్ మె న్    స్ క్ వే ర్    నర మే ధ ం,    ఛ ై ర్మ న్    మా వ ో    జె డా ంగ్    కల్ చర ల్    రె వల ్యూ ష న్,    ప్రజా స్వామ ్య ంక ై    హా ంగ్    కా ంగ్    పోరాట ం,    మరియు    జ ింగ్ షా ంగ్,    టిబె ట్ లలో    జా తి పరమైన    ఉ ద్ర ిక్ త తలు    ఉన్న ాయి ",204,79
610,బ్రిటిష్ చక్రవర్తి చిత్రపటం స్థానంలో అశోకుని సింహ స్థంభ శీర్షం స్థాపించబడింది,బ్రిటిష్    చక్రవర్తి    చిత్ర ప టం    స్థానంలో    అశో కుని    సింహ   స్థ ంభ   శీ ర్ష ం    స్థాప ించబడ ింది ,69,17
611,ప్రణాళిక వేయబడ్డ దూరం 12 కిలోమీటర్లు (7,ప్రణాళిక    వేయ బడ్డ   దూ రం    12    కిలో మీటర్లు    ( 7 ,34,10
612,"5 మై) అని మరియు కాస్త్రియన్ మరియు హీర్మియన్ అఖాతాలను కలపటానికి ఈ కంఠభూమి గుండా ఒక కాలువను తోలచటం వారి ఉద్దేశ్యం అని, ప్లీనీ ది ఎల్డర్ అదనంగా చెప్తారు","5    మై )    అని    మరియు    కా స్త్ర ియన్    మరియు    హీ ర్మ ియన్    అ ఖాత ాలను    కల ప టానికి    ఈ    కం ఠ భూమి    గుండా    ఒక    కాల ువ ను    తో ల చ టం    వారి    ఉద్దేశ ్యం    అని,    ప్ లీ నీ    ది    ఎల్ డర్    అద నంగా    చె ప్ త ారు ",127,47
613,"అర్థశాస్త్రం ప్రకారం, ఒక స్వర్ణ లేక కర్ష 80 రట్టిలకు సమానం(1మాషా = 5 రట్టిలు అనే ప్రమాణం ప్రకారం)","అర్థ శాస్త్ర ం    ప్రకారం,    ఒక    స్ వర్ ణ    లే క    కర్ ష   80    ర ట్ట ి లకు    సమా న ం ( 1 మా షా    =   5    ర ట్ట ి లు    అనే    ప్రమా ణం    ప్రకార ం) ",83,35
614,అంరీ 2-బి,అం రీ    2 - బి ,8,5
615,కాలం నాటి కుండలతో ఇటీవలి సి14 తేదీలు శైలుల పొంతనలు మొదటి రెండు దశలను హరప్పా కంటే పూర్వపు ధోలవిరా సంస్కృతికి చెందినవిగా పేర్కొనాలని సూచించి క్రింది తేదిగల విధంగా పునఃపేర్కొనబడినవి: 1వ దశ (సుమారు క్రీ పూ3500 - 3200) మరియు 2వ దశ (సుమారు క్రీపూ3200 - 2600),కాలం    నాటి    కుండ లతో    ఇటీవలి    సి 14    తేదీ లు    శైల ుల    పొ ంత నలు    మొదటి    రెండు    దశ లను    హ ర ప్ప ా    కంటే    పూర్వ పు    ధో ల వి రా    సంస్కృ తికి    చెందిన విగా    పేర్కొ న ాలని    సూచ ించి    క్ర ింది    తే ది గల    విధంగా    పున ః పేర్కొ న బడ ిన వి :    1వ    దశ   ( సుమారు    క్ర ీ    పూ 3 500    -    3 200 )    మరియు    2 వ    దశ   ( సుమారు    క్రీ పూ 3 200    -    26 00 ) ,216,79
616,"జిఒంగ్ను, మొంగోలులు (మంగోల్ సామ్రాజ్యం, ఝూంఘర్ ఖానత్) మరియు తుర్కిక్ జనులు (మొదటి తుర్కిక్ ఖగనత్, ఉయ్ఘుర్ ఖగనత్) ఉత్తరం వైపుకు చైనీయుల దాడిని ఆపడంలో పాత్ర వహించాయని రష్యా కి చెందిన చరిత్రకారుడు లేవ్ ఘుమిలేవ్ వ్రాసారు","జి ఒ ంగ్ ను,    మొ ంగ ో ల ులు    ( మంగ ో ల్    సామ్రాజ్య ం,    ఝ ూ ంఘ ర్    ఖా న త్ )    మరియు    తు ర్ కిక్    జన ులు    ( మొదటి    తు ర్ కిక్    ఖ గ న త్,    ఉ య ్ ఘ ు ర్    ఖ గ న త్ )    ఉత్త రం    వైపు కు    చై నీయ ుల    దాడ ిని    ఆ పడ ంలో    పాత్ర    వహ ించ ాయని    రష్య ా    కి    చెందిన    చరిత్రకార ుడు    లే వ్    ఘ ు మి లే వ్    వ్రా సార ు ",189,81
617,"సందన్శ/సందంశ (దోచేవారి నరకం): ఒక బ్రాహ్మణుని దోచినా, లేదా అత్యావశ్యకత లేకుండా ఎవరినుండైనా ఆభరణాలు లేదా బంగారం దొంగిలించిన వ్యక్తి ఈ నరకంలో నిర్బంధితుడవుతాడని భాగవత పురాణం మరియు దేవీ భాగవత పురాణాలు తెలియజేస్తున్నాయి","సంద న్ శ / సంద ంశ   ( దో చే వారి    నర కం ) :    ఒక    బ్రాహ్మ ణ ుని    దో చి నా,    లేదా    అత ్యా వ శ్య క త    లేకుండా    ఎ వరి ను ండ ైనా    ఆ భ రణ ాలు    లేదా    బంగ ార ం    దొ ంగి ల ించిన    వ్యక్తి    ఈ    న రక ంలో    నిర్ బంధ ిత ు డ వు త ాడని    భాగ వ త    పురా ణం    మరియు    దే వీ    భాగ వ త    పురాణ ాలు    తెలియజే స్తున్న ాయి ",190,75
618,"కొన్ని భాగాలలో దాని శైలి మరియు నేపథ్య విరుద్ధతల వల్ల, సర్వ-దర్శన-సిద్ధాంత సంగ్రహ అనే సంకలనం పూర్తిగా శంకరునిచే వ్రాయబడినదనడానికి పాల్ హాకెర్ కూడా కొన్ని అనుమానాలు వ్యక్తంచేశారు,","కొన్ని    భాగ ాలలో    దాని    శైలి    మరియు    నేపథ ్య    విరుద్ధ తల    వల్ల,    సర్ వ - దర్శ న - సిద్ధ ా ంత    సం గ్రహ   అనే    సం కల నం    పూర్తిగా    శంక రు ని చే    వ్రాయ బడ ిన ద న డానికి    పాల్    హా కె ర్    కూడా    కొన్ని    అను మాన ాలు    వ్యక్త ం చేశారు, ",157,49
619,"విల్లెం వ్యాన్ షెన్డల్ మరియు హెంక్ షల్టీ నోర్డ్‌హోల్ట్ ప్రకారం, ఈ పండగ బంగ్లాదేశీయులలో, 1950లు, 1960లలో పాకిస్థానీ పాలనను ప్రతిఘటించినందుకు వారికి సాంస్కృతిక ఆత్మగౌరవం మరియు వారసత్వాన్ని వ్యక్తపరిచే లోకప్రియ సాధనంగా మారింది","వి ల్ల ె ం    వ్యా న్    షె న్ డ ల్    మరియు    హె ం క్    ష ల్ టీ    నో ర్ డ్‌ హో ల్ ట్    ప్రకారం,    ఈ    పండ గ   బంగ్లాదేశ ీ య ుల లో,    195 0 లు,    196 0లలో    పాకి స్థా నీ    పాల నను    ప్రతి ఘట ించిన ందుకు    వారికి    సాంస్కృతిక    ఆత్మ గౌర వం    మరియు    వారస త్వాన్ని    వ్యక్త పరి చే    లో క ప్రియ   సాధ నంగా    మార ింది ",199,64
620,"అల అల్-దీన్ హుసేన్ గజ్నావిద్ పై ఒక విధ్వంసకర దాడి చేసి వారి రాజధానిని కొల్లగొట్టాడు, అయినప్పటికీ సల్జూకులు అతడిని ఓడించారు, అందువల్ల గురీద్ యొక్క వేగవంతమైన విస్తరణను కొంతకాలం నిలిపివేసింది","అ ల    అల్ - దీ న్    హు సేన్    గ జ్ నా వి ద్    పై    ఒక    విధ ్వం స క ర    దాడి    చేసి    వారి    రాజధాని ని    కొ ల్ల గొట్ట ాడు,    అయినప్పటికీ    సల్ జూ కులు    అతడిని    ఓడ ించారు,    అందువల్ల    గు రీ ద్    యొక్క    వేగ వంతమైన    విస్త రణ ను    కొంత కాలం    నిలిపి వేస ింది ",166,51
621,పల్లవుల కట్టడాల తొట్ట తొలి ఉదాహరణలు క్రీ,పల్ల వుల    కట్ట డ ాల    తొ ట్ట   తొలి    ఉదాహరణ లు    క్ర ీ ,35,12
622,శ,శ ,1,1
623,"610 నుండి 690 వరకు నాటి రాతిని చెక్కి నిర్మించబడిన ఆలయాలు, మరియు క్రీ","6 10    నుండి    6 9 0    వరకు    నాటి    రా తిని    చె క్కి    నిర్మ ించబడిన    ఆలయ ాలు,    మరియు    క్ర ీ ",59,19
624,శ,శ ,1,1
625,690 మరియు 900 మధ్య నాటి నిర్మాణాత్మక ఆలయాలు,6 9 0    మరియు    9 00    మధ్య    నాటి    నిర్మా ణా త్మక    ఆలయ ాలు ,37,13
626,శాలంకాయనులు గోదావరి మరియు కృష్ణ మధ్యనున్న ఆంధ్ర ప్రాంతాన్ని క్రీశ 300 నుండి 440 వరకు వేంగి(ఆధునిక పెదవేగి) ని తమ రాజధానిగా చేసుకొని పాలించిన ఒక ప్రాచీన వంశస్థులు,శాల ంక ాయ న ులు    గో దా వరి    మరియు    కృ ష్ ణ    మధ్య ను న్న    ఆంధ్ర   ప్రాంతాన్ని    క్రీ శ    3 00    నుండి    4 40    వరకు    వే ంగి ( ఆధునిక    పె ద వే గి )    ని    తమ    రాజధానిగా    చే సు కొని    పాల ించిన    ఒక    ప్రాచీన    వంశ స్థ ులు ,140,47
627,"మగవారిలో వివాహేతర సంభోగం సంఘటనలు 6 సంస్కృతులలో ""సార్వత్రికం"" అని, 29 సంస్కృతులలో ""మోస్తరు"" అని, 6 సంస్కృతులలో ""అప్పుడప్పుడు జరిగేది"" అని, 10 సంస్కృతులలో ""అసాధారణం"" అని వర్ణించబడింది","మ గ వారిలో    వివాహ ే తర    సం భ ోగ ం    సంఘట నలు    6    సంస్కృ త ులలో    "" సార్వ త్ర ిక ం""    అని,    2 9    సంస్కృ త ులలో    "" మో స్త రు ""    అని,    6    సంస్కృ త ులలో    "" అ ప్పుడ ప్పుడు    జరిగ ే ది ""    అని,    10    సంస్కృ త ులలో    "" అ సాధారణ ం""    అని    వర్ణ ించబడ ింది ",160,58
628,"ఓడ యొక్క రట్టర్ (నావికుడికి సూచనలు గల చిన్న పుస్తకము) అంతే విలువైనదిగా ఉండేది, ఇది చైనా, భారత్, మరియు జపాన్ వాణిజ్య మార్గాల గురించి ముఖ్యమైన సమాచారం కలిగి ఉండేది","ఓ డ    యొక్క    ర ట్ట ర్    ( నా విక ు డికి    సూచ నలు    గల    చిన్న    పుస్త క ము )    అంత ే    విలు వై నది గా    ఉండే ది,    ఇది    చై నా,    భార త్,    మరియు    జపా న్    వాణిజ్య    మార్గ ాల    గురించి    ముఖ్యమైన    సమాచారం    కలిగి    ఉండే ది ",139,44
629,ఆర్ట్ ఇన్స్టిట్యూట్ ఢాకా ఈ ప్రాంతంలో దృశ్య కళలకు ప్రధాన కేంద్రంగా ఉంది,ఆర్ ట్    ఇన్ స్టిట్యూ ట్    ఢ ా కా    ఈ    ప్రాంతంలో    దృ శ ్య    కళ లకు    ప్రధాన    కేంద్రంగా    ఉంది ,61,18
630,దీనిని బ్రహ్మసూత్ర (ఇది క్రీపూ మొదటి సహస్రాబ్దిలో రచించబడిన వేదాంత సూత్రగా కూడా పేరు కలిగినది) 1,దీనిని    బ్రహ్మ సూ త్ర    ( ఇది    క్రీ ప ూ    మొదటి    సహ స్రా బ్ ది లో    రచ ించబడిన    వే దా ంత    సూత్ర గా    కూడా    పేరు    కలిగ ిన ది )    1 ,84,29
631,1,1 ,1,1
632,"4వ పద్యంలో అంగీకరిస్తూ ఉపనిషత్తుల బోధనలను ఒక్కొక్కటిగా, ఏర్చి కూర్చి అర్ధంచేసుకోవడం కాకుండా, అందుకు భిన్నంగా వైదిక వచనములలోని భావాలను ఇతర జ్ఞాన సాధనాలైన గ్రాహ్యత, అవగాహన, మరియు మిగిలిన ప్రమాణాలతో ఏకీకృత విధానంగా తెలుసుకోవాల్సిన అనవసరాన్ని వక్కాణిస్తుంది","4 వ    ప ద్య ంలో    అంగ ీకరి స్తూ    ఉప ని ష త్త ుల    బోధ నలను    ఒ క్ కొ క్క టి గా,    ఏ ర్చ ి    కూర్చ ి    అర్ధ ం చేసుకోవ డం    కాకుండా,    అ ందుకు    భిన్న ంగా    వైద ిక    వచ న మ ుల లోని    భావ ాలను    ఇతర    జ్ఞా న    సాధ నాల ైన    గ్రా హ ్య త,    అవగాహ న,    మరియు    మిగిలిన    ప్రమాణ ాలతో    ఏ కీ కృ త    విధా నంగా    తెలుసుకోవ ాల్సిన    అ నవ స రాన్ని    వ క్ కా ణి స్తుంది ",226,77
633,ఈ వృత్తుల లోంచి సభ్యులను అంతరంగ సేవలో పని చేయటానికి వెతికి పొందాలని ఇది సూచిస్తుంది,ఈ    వృత్త ుల    లో ంచి    సభ్య ులను    అంత రంగ    సేవ లో    పని    చేయ టానికి    వె తికి    పొంద ాలని    ఇది    సూచి స్తుంది ,72,21
634,ముగింపుకు దగ్గరలో ఒక చిన్న విభాగం యుద్ధరీతి గురించిన అతి ముఖ్యమైన విషయాలను ప్రస్తావిస్తుంది మరియు యుద్ధ గజాలు మరియు మనుషుల వివిధ ప్రయోగాలను వివరిస్తుంది,ముగ ింపు కు    దగ్గర లో    ఒక    చిన్న    విభాగం    యుద్ధ రీ తి    గురించిన    అతి    ముఖ్యమైన    విషయ ాలను    ప్రస్తా వి స్తుంది    మరియు    యుద్ధ    గ జ ాలు    మరియు    మను ష ుల    వివిధ    ప్రయోగ ాలను    వివరి స్తుంది ,134,33
635,"ఈ గ్రంధంలో ప్రధాన భాగం 31 ముఖ్యమైన రాగాలుగా భాగించబడినది, ప్రతి గ్రంధ రాగాన్ని దాని నిడివి మరియు రచయిత ప్రకారం ఉపవిభజన చేయబడింది","ఈ    గ్ర ంధ ంలో    ప్రధాన    భాగం    3 1    ముఖ్యమైన    రాగ ాలుగా    భాగ ించబడ ిన ది,    ప్రతి    గ్ర ంధ   రా గాన్ని    దాని    ని డి వి    మరియు    రచయిత    ప్రకారం    ఉప విభజన    చేయబడ ింది ",111,31
636,"ఈ వచనం ఒక గద్యశైలి గల ఉపనిషత్తు, వివిధ పరిమాణాలు కలిగిన ఖండాలు కలగలిసిన సంకలనం","ఈ    వచ నం    ఒక    గ ద్య శైలి    గల    ఉప ని ష త్త ు,    వివిధ    పరిమాణ ాలు    కలిగిన    ఖండ ాలు    కల గలి సిన    సం కల నం ",67,25
637,"బౌద్ధ మతం, జైన మతం, చర్వక, అజీవిక మరియు ఇతరాలు నాస్తిక భారత తత్వ శాస్త్రాలలో ఉన్నాయి","బౌద్ధ    మత ం,    జైన    మత ం,    చర్ వ క,    అ జీవ ిక    మరియు    ఇత రాలు    నా స్త ిక    భారత    త త్వ    శాస్త్ర ాలలో    ఉన్న ాయి ",72,25
638,"ఉదాహరణకు, ""ద ట్రిక్స్టర్ అండ్ ద టాకింగ్ బల్బ్"" ఒక బల్బు ఇచ్చే హెచ్చరికలను అలక్ష్యపెట్టే, అతని ధిక్కారానికి ప్రతిగా శిక్షింపబడే ""ముసలి మనిషి"" కధ చెప్తుంది","ఉదాహరణకు,    "" ద    ట్ర ిక్ స్టర్    అండ్    ద    టా కింగ్    బ ల్ బ్ ""    ఒక    బ ల్ బు    ఇచ్చ ే    హెచ్చ రిక లను    అ లక్ష్య పెట్ట ే,    అతని    ధ ిక్ కార ానికి    ప్రతి గా    శిక్ష ింప బడే    "" ము స లి    మ ని షి ""    క ధ   చె ప్ తుంది ",134,50
639,"ఈ నాణేలు సాధారణంగా రాగితో మరియు అరుదుగా వెండితో తయారై ఉండేవి, ఈ లోహపు అచ్చులలో అవసరమైన నమూనాలను జాగ్రత్తగా పోత పోసేవారు","ఈ    నాణే లు    సాధారణంగా    రాగ ితో    మరియు    అరు దుగా    వె ండ ితో    తయార ై    ఉండే వి,    ఈ    లో హ పు    అ చ్చ ులలో    అవసరమైన    నమూ నాలను    జా గ్ర త్తగా    పో త    పో సే వారు ",103,34
640,"వక్రమైన దానిని కాకుండా, ఈ నిత్యమైన దాని గురించి అలోచించే వ్యక్తి, స్వేచ్ఛను పొంది ఎన్నడూ దుఃఖం అనుభవించకుండా ఉంటాడని కఠోపనిషత్తు వక్కాణిస్తున్నది","వ క్ర మైన    దానిని    కాకుండా,    ఈ    ని త్య మైన    దాని    గురించి    అ లో చ ించే    వ్యక్త ి,    స్వే చ్ఛ ను    పొ ంది    ఎన్న డ ూ    దు ః ఖ ం    అనుభవ ించ కుండా    ఉంట ాడని    కఠ ో పని ష త్తు    వ క్ కా ణి స్తున్న ది ",129,45
641,"అనేక ఆయుద్ధాలతో సాధ్యపడగల క్రియలు లేదా కృత్యాల పేర్లను పొందుపరచడంతో ఈ విభాగం ముగుస్తుంది, వీటిలో ఖడ్గం మరియు డాలుతో చేపట్టగలిగిన 32 భంగిమలు (ఖగకర్మవిధౌ); పోరాటంలో తాడును ఉపయోగించేందుకు 11 మెళకువలు; తాడు వాడకంలో 5 క్రియలు; చక్రాయుధానికి సంబంధించిన క్రియల జాబితా( వార్-కోయిట్), బల్లెము, తోమర (ఇనుప గడ), గద, గొడ్డలి, సమ్మెట, భిన్దిప్ల లేదా లాగుడా, వజ్రాయుధం, బాకు, ఉండేలు, మరియు దండము లేదా దుడ్డుకర్ర ఉంటాయి","అనేక    ఆయ ు ద్ధ ాలతో    సాధ్య పడ గల    క్రియ లు    లేదా    కృ త్య ాల    పే ర్లను    పొందు పరచ డంతో    ఈ    విభాగం    ము గు స్తుంది,    వీటిలో    ఖ డ్ గ ం    మరియు    డ ాలు తో    చేపట్ట గలి గిన    3 2    భ ంగి మ లు    ( ఖ గ కర్ మ విధ ౌ ) ;    పోరాట ంలో    త ాడ ును    ఉపయోగ ించేందుకు    11    మె ళ కు వ లు ;    త ాడు    వాడ క ంలో    5    క్రియ లు ;    చక్ర ాయ ుధ ానికి    సంబంధించిన    క్రియ ల    జాబిత ా (   వార్ - కో యి ట్ ),    బ ల్ల ె మ ు,    తో మ ర    ( ఇ ను ప    గడ ),    గ ద ,    గొ డ్డ ల ి,    స మ్ మె ట ,    భి న్ ది ప్ ల    లేదా    లా గు డ ా,    వ జ్ర ాయ ుధ ం,    బా కు,    ఉండే లు,    మరియు    దండ ము    లేదా    దు డ్డు కర్ర   ఉంట ాయి ",354,144
642,"యుగోస్లావీయా సాధారణ విపణిపై పాశ్చాత్య నిషేధాలతో మొదలయి, ఉత్తర మాసడోనియాపై గ్రీకు నిషేధాల వరకు, దేశానికి పూర్వపు పేరు అయిన రిపబ్లిక్ ఆఫ్ మాసడోనియా పేరు గురించి","యు గో స్లా వీ యా    సాధారణ    వి ప ణి పై    పాశ్చా త్య    నిషేధ ాలతో    మొద లయ ి,    ఉత్తర    మా స డో నియా పై    గ్రీకు    నిషేధ ాల    వరకు,    దేశ ానికి    పూర్వ పు    పేరు    అయిన    రిప బ్ల ిక్    ఆఫ్    మా స డో నియా    పేరు    గురించి ",139,43
643,"1991 లో తీవ్రమైన అపమూల్యనం మరియు 1994 లో వర్తమాన ఖాతా పరివర్తనీయతకు మార్పిడి తరువాత, రూపాయి విలువ ఎక్కువగా మార్కెట్ శక్తులచే నిశ్చయించబడుతోంది","199 1    లో    తీవ్రమైన    అప మూల ్య నం    మరియు    199 4    లో    వర్త మాన    ఖా తా    పరి వర్త నీయ తకు    మార్పి డి    తరువాత,    రూప ాయి    విలువ    ఎక్కువగా    మార్కె ట్    శక్ తుల చే    ని శ్చ య ించబడు తో ంది ",125,38
644,"అతని కుటుంబ వ్యాపారసంస్థ, సినో-థాయి ఇంజనీరింగ్ అండ్ కంస్ట్రక్షన్ పిసిఎల్, బ్యాంకాక్లోని సువర్ణభూమి ఎయిర్ పోర్ట్ వంటి అనేక భారీ ప్రభుత్వ ప్రాజెక్టులను నిర్మించింది","అతని    కుటుంబ    వ్యాపార సంస్థ ,    సి నో - థ ాయి    ఇ ంజ నీ రింగ్    అండ్    కం స్ట్ర క్షన్    పి సి ఎ ల్,    బ్యాం కా క్ లోని    సు వర్ణ భూమి    ఎయి ర్    పోర్ ట్    వంటి    అనేక    భారీ    ప్రభుత్వ    ప్రాజె క్ట ులను    నిర్మ ించ ింది ",145,43
645,"యాపిల్ స్టోర్ ప్రారంభాలు మరియు నూతన ఉత్పత్తుల విడుదలలు వందలాది జనసమూహాలను ఆకర్షించగలవు, కొంతమందయితే ప్రారంభానికి దాదాపుగా ఒక రోజు ముందే వరుసలో వేచి ఉంటారు","యా పి ల్    స్టో ర్    ప్రారంభ ాలు    మరియు    నూ తన    ఉత్పత్త ుల    విడుద ల లు    వంద లాది    జన సమూహ ాలను    ఆకర్ష ించ గల వు,    కొంత మంద య ితే    ప్రారంభ ానికి    దాదా పు గా    ఒక    రోజు    ముందే    వరుస లో    వే చి    ఉంట ారు ",136,42
646,"యాపిల్ సువిశేషవక్త గయ్ కవాసాకి బ్రాండు పట్ల మూర్ఖాభిమానాన్ని ""అనుకోని విధంగా ఏర్పడినది"" గాపేర్కొని, యాపిల్ ఉత్పత్తులతో ""ప్రజలకు అత్యంత సన్నిహిత బాంధవ్యం ఉంది"" అని 2014 లో నేను వివరించాను","యా పి ల్    సు వి శేష వ క్ త    గ య్    క వా సా కి    బ్రా ండ ు    పట్ల    మూ ర్ ఖా భి మా నాన్ని    "" అను కో ని    విధంగా    ఏర్ పడి నది ""    గా పేర్కొ ని,    యా పి ల్    ఉత్పత్త ులతో    "" ప్రజ లకు    అత్యంత    సన్ని హ ిత    బా ంధ వ్య ం    ఉ ంది ""    అని    2014    లో    నేను    వివర ించ ాను ",164,63
647,"శాటిలైట్ టెలివిజన్ అందించే డైరెక్ టీవీ దీనిని 1994లో ఒక సభ్యత్వ సేవగా రోజుకి 13 గంటలు, వారానికి ఏడు రోజులు ప్రసారం చేయడం ప్రారంభించింది","శా టి లై ట్    టెలివిజన్    అందించే    డైరె క్    టీ వీ    దీనిని    199 4లో    ఒక    సభ్య త్వ    సే వగా    రోజు కి    13    గంట లు,    వార ానికి    ఏడు    రోజ ులు    ప్రసార ం    చేయడం    ప్రారంభ ించ ింది ",117,34
648,"2019 నాటికి, జీ ఎంటర్టైన్మెంట్ ఎంటర్ప్రైసెస్ లిమిటెడ్ (జీల్) ఎస్సెల్ వాణిజ్య సంస్థకి లాభాలు గడించే ఏకైక కంపెనీగా ఉండింది; ఆ సంస్థకి పేరుకుపోయిన ఋణ మొత్తం దాదాపు 20,000 కోట్లు (ఇది 2020 లో 210 బిలియన్ లేదా యూఎస్ $2","2019    నాటికి,    జీ    ఎంట ర్ టై న్ మెంట్    ఎంట ర్ ప్రై సె స్    లి మి టెడ్    ( జీ ల్ )    ఎస్ సె ల్    వాణిజ్య    సంస్థ కి    లా భ ాలు    గడ ించే    ఏకైక    కంపెనీ గా    ఉండ ింది ;    ఆ    సంస్థ కి    పేరు కు పోయ ిన    ఋ ణ    మొత్తం    దాదాపు    20 ,000    కో ట్లు    ( ఇది    2020    లో    2 10    బి లియన్    లేదా    యూఎస్    $ 2 ",183,64
649,6 బిలియన్ కు సమానం),6    బి లియన్    కు    సమా న ం) ,16,7
650,"ఈడిఎస్ క్రమంగా ఏటి కీయర్నీలో వందలాది ఉద్యోగాలను నిర్మూలించి, జీతాలలో కోతలు విధించి, అనుబంధ కార్యకలాపాలను సమగ్రపరిచి, తుదకు ఏటి కీయర్నీ ప్రధాన కార్యాలయాన్ని చికాగో నుండి ప్లేనో, టెక్సాస్‌కి మార్చింది","ఈ డి ఎస్    క్రమంగా    ఏ టి    కీ య ర్ నీ లో    వంద లాది    ఉద్యోగ ాలను    నిర్ మూల ించి,    జీ త ాలలో    కో తలు    విధ ించి,    అనుబంధ   కార్యకలా ప ాలను    సమ గ్ర పరిచ ి,    తు ద కు    ఏ టి    కీ య ర్ నీ    ప్రధాన    కార్య ాల యాన్ని    చిక ా గ ో    నుండి    ప్లే నో ,    టెక్ సా స్‌ కి    మార్చ ింది ",176,60
651,"1980 తరువాతి రాత్శిరక మరియు జాఫీ హయాంలు పరోక్ష పాలకుల ప్రైవేటీకరణను, వ్యవసాయ మార్కెటింగ్ బోర్డులను రద్దుచేయడాన్ని, విదేశీ పెట్టుబడులకు అనువుగా విరివిగా పెట్టుబడి విధానలను ధృవీకరించడాన్ని, బ్యాంకింగ్ రంగ ప్రైవేటీకరణను, సాంప్రదాయ ప్రధాన ఉత్పత్తి ఎగుమతుల విధీకరణను, మరియు ఆహారం ఉత్పత్తిలో మరింత హెచ్చు పెట్టుబడిని పర్యవేక్షించాయి","198 0    తరువాతి    రా త్ శి ర క    మరియు    జా ఫీ    హ యా ం లు    ప రో క్ష    పాల కుల    ప్రైవే టీ కరణ ను,    వ్యవసాయ    మార్కె టింగ్    బోర్ డ ులను    ర ద్ద ు చేయ డా న్ని,    విదేశీ    పెట్టుబడ ులకు    అను వుగా    వి రి విగా    పెట్టుబడి    విధాన లను    ధృవీకరించ డా న్ని,    బ్యాంక ింగ్    రంగ    ప్రైవే టీ కరణ ను,    సాంప్రదాయ    ప్రధాన    ఉత్పత్తి    ఎగు మత ుల    విధ ీ కరణ ను,    మరియు    ఆహార ం    ఉత్పత్తి లో    మరింత    హెచ్చ ు    పెట్టుబడ ిని    పర్య వేక్ష ించ ాయి ",292,81
652,"ఈసిబి ల క్రింద వాణిజ్య బ్యాంకు ఋణాలు, కొనుగోలుదారులకు పెట్టుబడి, సరఫరాదారులకు పెట్టుబడి, ఫ్లోటింగ్ రేట్ నోట్ లు మరియు ఫిక్స్డ్ రేట్ బాండ్లు మొ భద్రత కల్పించబడిన సాధనాలు, అధికారిక ఎగుమతులకి అప్పు ఇచ్చే సంస్థల నుండి అరువు, ఇంటర్నేషనల్ ఫైనాన్స్ కార్పొరేషన్ (వాషింగ్టన్), ఏడిబి, ఏఎఫ్ఐసి, సిడిసి మొ","ఈ సి బి    ల    క్రింద    వాణిజ్య    బ్యాంకు    ఋ ణ ాలు,    కొనుగోలు దార ులకు    పెట్టుబడ ి,    సరఫ రా దార ులకు    పెట్టుబడ ి,    ఫ్లో టింగ్    రే ట్    నో ట్    లు    మరియు    ఫ ిక్ స్ డ్    రే ట్    బా ండ్ లు    మొ   భద్ర త    కల్ప ించబడిన    సాధ నాలు,    అధికారిక    ఎగు మత ుల కి    అప్ప ు    ఇచ్చ ే    సంస్థ ల    నుండి    అరు వు,    ఇంటర్నేషనల్    ఫై నా న్స్    కార్పొ రేషన్    ( వా ష ింగ్ ట న్ ),    ఏ డి బ ి,    ఏ ఎఫ్ ఐ సి,    సి డి సి    మొ",257,84
653,బహుపాక్షిక ఆర్థిక సంస్థల ప్రైవేటు విభాగం నుండి వ్యాపారసంబంధ ఋణాలు ఉంటాయి,బహు పాక్ష ిక    ఆర్థిక    సంస్థ ల    ప్రైవే టు    విభాగం    నుండి    వ్యాపార సంబంధ   ఋ ణ ాలు    ఉంట ాయి ,64,17
654,"ఎస్‌బీఐ బోర్డు 17 మే 2016 నాడు, తమ ఐదు అనుబంధ బ్యాంకులు మరియు భారతీయ మహిళా బ్యాంకును తమలోకి విలీనం చేయాలన్న ప్రతిపాదనను విడుదల చేసిన నెలకి ఇది జరిగింది","ఎస్‌ బీ ఐ    బోర్ డు    17    మే    2016    న ాడు,    తమ    ఐదు    అనుబంధ   బ్యాంక ులు    మరియు    భారతీయ    మహిళా    బ్యాం కు ను    తమ లోకి    విలీనం    చేయ ాల న్న    ప్రతిపాద నను    విడుదల    చేసిన    నెల కి    ఇది    జరిగ ింది ",129,36
655,మొత్తం రాబడి పరంగా సంయుక్త రాష్ట్రాల కార్పొరేషన్ లలో అతిపెద్ద వాటి 2018 ఫార్చ్యూన్ 500 జాబితాలో అమెరికన్ ఎక్స్ప్రెస్ 86వ స్థానం లో ఉంది,మొత్తం    రా బడి    పరంగా    సంయుక్త    రాష్ట్రాల    కార్పొ రేషన్    లలో    అతిపెద్ద    వాటి    2018    ఫార్ చ ్యూ న్    500    జాబితాలో    అమెరికన్    ఎక్ స్ ప్ర ెస్    8 6 వ    స్థానం    లో    ఉంది ,117,29
656,"గనుల తవ్వకం మరియు సహజ వాయువు ను వెలికితీయటంలో పెట్టుబడి పెరిగింది, అలాగే బ్యాంకింగ్ రంగంలో కూడా","గ న ుల    త వ్వ కం    మరియు    సహజ    వాయు వు    ను    వె లిక ితీ య ట ంలో    పెట్టుబడి    పెరిగ ింది,    అలాగే    బ్యాంక ింగ్    రంగ ంలో    కూడా ",83,26
657,1913 మరియు 1929 మధ్యలో దాని వ్యవసాయ ఉత్పత్తులు $3 మిలియన్లు (అరటి పండ్ల నుండి $2 మిలియన్) నుండి $25 మిలియన్లు (అరటి పండ్ల నుండి $21 మిలియన్) కి పెరిగాయి,19 13    మరియు    192 9    మధ్యలో    దాని    వ్యవసాయ    ఉత్పత్త ులు    $ 3    మిలియ న్లు    ( అర టి    పండ ్ ల    నుండి    $ 2    మిలియ న్ )    నుండి    $ 25    మిలియ న్లు    ( అర టి    పండ ్ ల    నుండి    $ 2 1    మిలియ న్ )    కి    పెరిగ ాయి ,129,47
658,"అయినప్పటికీ, వ్యాపార వలయంలో ఆర్థిక హెచ్చుతగ్గులు పోలాండ్ యొక్క నిరుద్యోగ సూచీని ప్రభావితం చేసింది, 2013 ఆదిలో అది దాదాపు 11% కి చేరింది","అయిన ప్పటికీ,    వ్యాపార    వల యంలో    ఆర్థిక    హె చ్చు తగ్గ ులు    పో లాండ్    యొక్క    ని రు ద్య ోగ   సూచ ీని    ప్రభావితం    చేస ింది,    2013    ఆది లో    అది    దాదాపు    11 %    కి    చేర ింది ",118,32
659,"2000లో బిఎస్ఈ ఈ సూచికను ఉపయోగించి, ఎస్&పి బిఎస్ఈ సెన్సెక్స్ భవిష్య కాంట్రాక్టుల వాణిజ్యమార్పిడి జరిపి, తన ఉత్పన్నాల విపణిని ఆరంభించింది","200 0లో    బి ఎస్ ఈ    ఈ    సూచ ిక ను    ఉపయోగ ించి,    ఎస్ & పి    బి ఎస్ ఈ    సె న్ సె క్స్    భవిష ్య    కాంట ్రా క్ట ుల    వాణిజ్య మార్పి డి    జ రిప ి,    తన    ఉత్ పన్న ాల    వి ప ణ ిని    ఆర ంభ ించ ింది ",120,45
660,"2001 మరియు 2002లో ఉత్పన్నాల వాటాతోబాటు ఎస్&పి బిఎస్ఈ సెన్సెక్స్ ఎంపికల వృద్ధికి దారి తీసి, బిఎస్ఈ వర్తక వేదికని విస్తృతం చేసింది","200 1    మరియు    200 2లో    ఉత్ పన్న ాల    వా టా తో బాటు    ఎస్ & పి    బి ఎస్ ఈ    సె న్ సె క్స్    ఎంపిక ల    వృద్ధ ికి    దార ి    తీ సి,    బి ఎస్ ఈ    వర్త క    వేదిక ని    విస్తృ తం    చేస ింది ",112,41
661,"1997 లో, ఎఫ్ఏఓ టెలీఫూడ్ ను ప్రారంభించింది, ఇది సంగీత సమ్మేళనాలు, క్రీడా కార్యక్రమాలు, మరియు ఇతర కార్యక్రమాల ద్వారా, ప్రసార వ్యవస్థ, ప్రముఖులు, మరియు సంబంధిత పౌరుల శక్తిని ఉపయోగించుకొని ఆకలిని తరిమికొట్టేందుకు ఉద్దేశించిన ఉద్యమం","199 7    లో,    ఎఫ్ ఏ ఓ    టె లీ ఫ ూడ ్    ను    ప్రారంభ ించింది,    ఇది    సంగీత    స మ్ మే ళ నాలు,    క్రీడా    కార్యక్రమ ాలు,    మరియు    ఇతర    కార్యక్రమ ాల    ద్వార ా,    ప్రసార   వ్యవస్థ ,    ప్రముఖ ులు,    మరియు    సంబంధిత    పౌర ుల    శక్ తిని    ఉపయోగ ించు కొని    ఆ కలి ని    త రి మిక ొ ట్ట ేందుకు    ఉద్దేశ ించిన    ఉద్య మం ",201,57
662,"వ్యాపార సేవలు: 2,800,000కు పైగా పని విభాగాలతో పారిశ్రామిక సేవలలో 10","వ్యాపార    సేవ లు :    2, 8 00 ,0 00 కు    పైగా    పని    విభాగ ాలతో    పారిశ్రా మిక    సేవ లలో    10 ",59,19
663,"3% కి సమానంగా 630,000 నమోదైన కంపెనీలు","3 %    కి    సమా నంగా    6 30 ,000    నమో దైన    కంపెనీలు ",32,11
664,2017లో ఆస్తుల విలువలను ముందస్తు అంచనా వేసే అంకుర సంస్థ రియల్ఆస్ ను ఏఎన్ జెడ్ స్వాధీనం చేసుకున్నారు,201 7లో    ఆస్త ుల    విలువ లను    ముంద స్తు    అంచనా    వేస ే    అం కు ర    సంస్థ    రియ ల్ ఆ స్    ను    ఏ ఎ న్    జె డ్    స్వాధీనం    చేసుకున్న ారు ,85,28
665,"అది 1,482 పట్టణ మరియు 58 బహుళ-రాష్ట్ర సహకార బ్యాంకులను ఆర్‌బీఐ పర్యవేక్షణ లోకి తెచ్చింది","అది    1, 4 8 2    పట్టణ    మరియు    5 8    బహు ళ - రాష్ట్ర    సహ కార    బ్యాంక ులను    ఆ ర్‌ బీ ఐ    పర్య వేక్ష ణ    లోకి    తె చ్చ ింది ",77,28
666,"ఈ విధంగా వూల్విచ్ బార్క్లేస్ సంస్థతో చేరింది, మరియు సముపార్జన తర్వాత వూల్విచ్ పేరు కొనసాగించబడింది","ఈ    విధంగా    వ ూ ల్ వి చ్    బార్ క్ లే స్    సంస్థ తో    చేర ింది,    మరియు    సము పార్ జ న    తర్వాత    వ ూ ల్ వి చ్    పేరు    కొనసాగ ించబడ ింది ",87,30
667,"అక్టోబర్ 2012లో, అమ్మకాలనుండి క్షీణిస్తున్న ఆదాయం దృష్ట్యా ఇది అదనంగా 15% ఉద్యోగులను తొలగించే ప్రణాళికను ప్రకటించింది","అక్టోబర్    201 2 లో,    అమ్మ కాల నుండి    క్షీ ణి స్తున్న    ఆదాయం    దృష్ట ్య ా    ఇది    అద నంగా    15 %    ఉద్యోగ ులను    తొలగ ించే    ప్రణాళిక ను    ప్రకట ించ ింది ",105,28
668,"సీమెన్ యొక్క నిర్వచనం ""అంతర్జాతీయ"" వాట్ గా స్వీకరించబడింది","సీ మె న్    యొక్క    నిర్ వచ నం    "" అంతర్ జాతీయ ""    వా ట్    గా    స్వీకరించ బడ ింది ",52,17
669,"అదనంగా, బజాజ్ సంస్థ అనేక విద్యా కార్యకలాపాలను కూడా చేపట్టింది","అదనంగా,    బ జా జ్    సంస్థ    అనేక    విద్య ా    కార్యకలా ప ాలను    కూడా    చేపట్ట ింది ",54,14
670,2015 లో జనవరి-మార్చి కాలంలో చైనా యొక్క 7% తో పోలిస్తే భారత జీడీపీ పెరుగుదల 7,2015    లో    జన వరి - మార్చి    కాలంలో    చైనా    యొక్క    7 %    తో    పోలి స్తే    భారత    జీ డీ పీ    పెరుగు దల    7 ,64,21
671,5% వద్ద నిలిచి అత్యంత వేగంగా ఎదుగుతున్న బృహత్ ఆర్థికవ్యవస్థ అయింది,5 %    వద్ద    నిలిచ ి    అత్యంత    వేగంగా    ఎదు గు తున్న    బృ హ త్    ఆర్థ ిక వ్యవస్థ    అయ ింది ,58,18
672,"దీర్ఘకాలిక పెట్టుబడులు ఎన్నో ఏళ్ల వరకు ఉంచుకోవలసినవి, సమీప భవిష్యత్తులో విక్రయించేందుకు ఉద్ధేశింపబడనివి","దీర్ఘ కాలిక    పెట్టుబడ ులు    ఎన్న ో    ఏళ్ల    వరకు    ఉంచు కోవ ల సిన వి,    సమీప   భవిష్య త్త ులో    విక్రయ ించేందుకు    ఉ ద్ధ ే శ ింప బడ ని వి ",94,27
673,"28 డిసెంబర్ 2010 నాడు, కోలిషన్ టు అప్రూట్ ర్యాగింగ్ ఫ్రమ్ ఎడ్యుకేషన్ (క్యూర్) అనే ప్రభుత్వేతర సంస్థ సహవ్యవస్థాపకుడు హర్ష అగర్వాల్, ప్రధాన పాత్రలు సీనియర్ల చేత ర్యాగ్ చేయబడే ఒక ప్రత్యేక సన్నివేశం గురించి బాధను వ్యక్తం చేస్తూ, మానవ వనరుల మంత్రిత్వ శాఖ ఆర్‌కే రాఘవన్ నేతృత్వంలోని సభ్యమండలి, రాఘవన్ కమిటీకి లేఖ వ్రాశారు","2 8    డిసెంబర్    2010    న ాడు,    కో లి షన్    టు    అ ప్ర ూ ట్    ర్యా గ ింగ్    ఫ్ర మ్    ఎడ ్యు కే షన్    ( క్యూ ర్ )    అనే    ప్రభు త్ వే తర    సంస్థ    సహ వ్యవ స్థాప కుడు    హ ర్ష   అ గర్ వ ాల్,    ప్రధాన    పాత్రలు    సీ నియ ర్ల    చేత    ర్యా గ్    చేయబడ ే    ఒక    ప్రత్యేక    సన్నివేశ ం    గురించి    బాధ ను    వ్యక్తం    చేస్త ూ,    మానవ    వనర ుల    మంత్ర ి త్వ    శాఖ    ఆ ర్‌ కే    రా ఘ వన్    నేతృత్వ ంలోని    సభ్య మండల ి,    రా ఘ వన్    కమి టీ కి    లేఖ   వ్రా శ ారు ",274,91
674,"పునరుద్ధరణకు చేసిన కృషిలో భాగంగా జా-షాల్ డి కాస్టెలబజాక్‌ను కళా దర్శకుడిగా నియమించి, ఛాయాగ్రాహకుడు ఒలివ్యారో టొస్కానీని తిరిగి నియమించడం ఉన్నాయి","పునరుద్ధ రణ కు    చేసిన    కృ షి లో    భాగంగా    జా - ష ాల్    డి    కా స్టె ల బ జా క్‌ ను    కళ ా    దర్శ కుడిగా    నియమ ించి,    ఛ ాయా గ్రా హ కుడు    ఒ లి వ్య ారో    ట ొ స్కా నీ ని    తిరిగి    నియమ ించడం    ఉన్న ాయి ",129,45
675,"మెక్సికోలో సంయుక్త వెంచర్ ఏర్పాటు చేసిన ప్రముఖ విదేశీ సంస్థలలో, తయారైన టెలివిజన్లు, విద్యుత్ ఉపకరణాలు, మరియు ముద్రించబడిన సర్క్యూట్ బోర్డులు, ఎల్‌సీడి ప్యానెళ్ళు, మరియు సెమీకండక్టర్ల స్థానిక రూపకర్త మరియు తయారీదారైన స్యామెక్స్ గా ఏర్పడిన స్యామ్సంగ్; మరియు ఎలక్ట్రానిక్ భాగాలు, టెలివిజన్లు, మరియు భారీ పారిశ్రామిక యంత్రాంగాలు తయారుచేసే, నిర్వహణాపరంగా స్వయం ప్రతిపత్తి గల అనుబంధ సంస్థ తోషిబా డి మెక్సికో, ఎస్‌ఏడిసివి గా ఏర్పడిన తోషిబా ఉన్నాయి","మె క్ సిక ో లో    సంయుక్త    వె ంచ ర్    ఏర్పాటు    చేసిన    ప్రముఖ    విదేశీ    సంస్థ లలో,    తయార ైన    టెలి విజ న్ లు,    విద్యుత్    ఉప కరణ ాలు,    మరియు    ముద్ర ించబడిన    సర్ క్యూ ట్    బోర్ డ ులు,    ఎల్‌ సీ డి    ప్యా నె ళ్ళ ు,    మరియు    సె మీ కండ క్ టర్ ల    స్థానిక    రూప కర్ త    మరియు    తయార ీ దార ైన    స్ యా మె క్స్    గా    ఏర్పడ ిన    స్ యా మ్ సం గ్ ;    మరియు    ఎ లక్ ట్ర ాని క్    భాగ ాలు,    టెలి విజ న్ లు,    మరియు    భారీ    పారిశ్రా మిక    య ంత ్రా ంగ ాలు    తయ ారు చేస ే,    నిర్వహ ణా పరంగా    స్వ యం    ప్రతి పత్తి    గల    అనుబంధ   సంస్థ    తో షి బా    డి    మె క్ సిక ో,    ఎస్‌ ఏ డి సి వి    గా    ఏర్పడ ిన    తో షి బా    ఉన్న ాయి ",390,126
676,"2014లో, ప్రభుత్వం బీమా రంగంలో విదేశీ పెట్టుబడుల గరిష్ట పరిమితిని 26% నుండి 49%కు పెంచింది","201 4 లో,    ప్రభుత్వం    బీమా    రంగ ంలో    విదేశీ    పెట్టుబడ ుల    గరి ష్ట    పరిమిత ిని    26 %    నుండి    4 9 % కు    పెంచ ింది ",78,23
677,"రిజర్వు బ్యాంకు అఫ్ ఇండియా ఆక్ట్, 1934 యొక్క రెండవ షెడ్యూల్ లో చేర్చబడినవి షెడ్యూల్ చేయబడిన బ్యాంకులు","రిజ ర్ వు    బ్యాంకు    అ ఫ్    ఇండియా    ఆ క్ ట్,    193 4    యొక్క    రెండవ    షెడ్యూ ల్    లో    చేర్చ బడ ిన వి    షెడ్యూ ల్    చేయబడిన    బ్యాంక ులు ",88,26
678,ఈ విశ్రాంతి గదిలో 60,ఈ    వి శ్రా ంతి    గ ది లో    60 ,17,8
679,6-అంగుళాల (154 సె,6 - అం గు ళ ాల    ( 15 4    సె,15,10
680,మి,మి ,2,1
681,ల)-వెడల్పుగల టూ సీటర్ రిక్లైనింగ్ సోఫా మరియు 32-అంగుళాల (81 సె,ల ) - వె డ ల్ పు గల    ట ూ    సీ టర్    ర ిక్ లైన ింగ్    సో ఫ ా    మరియు    3 2 - అం గు ళ ాల    ( 8 1    సె,54,31
682,మి,మి ,2,1
683,ల)టీవీ మానిటర్; ప్రక్కనే షవర్తో కూడిన స్నానాలగది; పడక గదిలో 82 అంగుళాలు (210 సె,ల ) టీ వీ    మాని టర్ ;    ప్ర క్క నే    ష వర్ తో    కూడిన    స్ నా నాల గ ది ;    పడ క    గ ది లో    8 2    అం గు ళ ాలు    ( 2 10    సె,68,35
684,మి,మి ,2,1
685,") పొడవు, 47",")    పొడ వు,    4 7 ",9,5
686,5 (121 సె,5    ( 12 1    సె,7,5
687,మి,మి ,2,1
688,") వెడల్పు గల జత మంచం, దీనితోపాటు 27 అంగుళాలు (69 సె",")    వె డ ల్ పు    గల    జ త    మంచ ం,    దీని తో పాటు    2 7    అం గు ళ ాలు    ( 6 9    సె",42,23
689,మి,మి ,2,1
690,) టి,)    టి ,3,2
691,వి,వి ,2,1
692,", మరియు ఒక వ్యక్తిగత పరిచారకుడు ఉంటారు",",    మరియు    ఒక    వ్యక్తిగత    పరి చార కుడు    ఉంట ారు ",33,9
693,"మొదటిది ఉత్పాదకత కలగచేసేందుకు రూపుదిద్దబడిన వినియోగదారుల ఆర్థిక వ్యవస్థ కాగా, రెండవది సర్వాధికార సామాజిక నియంత్రణ కారకంగా రూపుదిద్దబడిన కొరత ఆర్థిక వ్యవస్థ","మొదటి ది    ఉత్ పాద క త    కల గ చేసే ందుకు    రూ పు ది ద్ద బడిన    వినియోగదార ుల    ఆర్థిక    వ్యవస్థ    కాగా,    రెండ వ ది    స ర్వా ధికార   సామాజిక    నియంత్రణ    కార కంగా    రూ పు ది ద్ద బడిన    కొర త    ఆర్థిక    వ్యవస్థ ",139,39
694,"2013కి పూర్వం, భారతీయ కంపెనీలు భారతదేశంలో ముందుగా ఒక ఐపిఓ పూర్తి చేయకుండా తమ సెక్యూరిటీలను అంతర్జాతీయంగా జాబితా చేసేందుకు అనుమతి ఉండేది కాదు","201 3 కి    పూర్వ ం,    భారతీయ    కంపెనీలు    భారతదేశంలో    ముందు గా    ఒక    ఐ పి ఓ    పూర్తి    చేయ కుండా    తమ    సె క్యూ రి టీ లను    అంతర్ జాతీయ ంగా    జాబితా    చేసే ందుకు    అను మతి    ఉండే ది    కా దు ",123,35
695,"""యాపిల్ ఫ్యాన్‌బోయ్"" అనే అధిక్షేపాన్ని అనువర్తించటం, ఉత్పత్తి ప్రవేశపెట్టడానికి మునుపే ఏర్పడే పొడవాటి వరుసలను అవహేళన చేయడం ద్వారా బ్రాండు పట్లగల అధిక స్థాయి విధేయత విమర్శించబడి, పరిహాసం చేయబడింది",""" యా పి ల్    ఫ్యా న్‌ బో య ్ ""    అనే    అధ ిక్ష ే పా న్ని    అను వర్త ించ టం,    ఉత్పత్తి    ప్రవేశపెట్ట డానికి    మును ప ే    ఏర్పడ ే    పొడ వాటి    వరుస లను    అవ హే ళ న    చేయడం    ద్వారా    బ్రా ండ ు    ప ట్ల గల    అధిక    స్థాయి    విధ ేయ త    విమర్శ ించబడ ి,    పరి హా సం    చేయబడ ింది ",174,57
696,"2006 లో న్యూ యార్క్ నగరంలోని యాపిల్ ఫిఫ్త్ అవెన్యూ దుకాణం ప్రారంభోత్సవానికి అధిక సంఖ్యలో హాజరయ్యారు, ఇంకా యూరోప్ నుండి సందర్శకులు ఈ కార్యక్రమానికి హాజరయ్యారు","200 6    లో    న్యూ    యార్ క్    నగర ంలోని    యా పి ల్    ఫి ఫ్ త్    అ వె న్యూ    దుకాణం    ప్రారంభ ో త్స వానికి    అధిక    సంఖ్యలో    హా జర య్య ారు,    ఇంకా    యూ రో ప్    నుండి    సందర్శ కులు    ఈ    కార్యక్రమ ానికి    హా జర య్య ారు ",138,42
697,స్థూల దేశీయోత్పత్తిలోంచి దేశీయ మూలధనం 21,స్థూ ల    దేశ ీ యో త్ పత్తి లో ంచి    దేశీయ    మూల ధ నం    2 1 ,36,15
698,6% చొప్పున మరియు (స్థూల దేశీయోత్పత్తిలోంచి) విదేశీ మూలధనం 1,6 %    చొ ప్పు న    మరియు    ( స్థూ ల    దేశ ీ యో త్ పత్తి లో ంచ ి )    విదేశీ    మూల ధ నం    1 ,52,23
699,"6% చొప్పున, పెట్టుబడి కోసం మూలధనం దేశీయ మరియు విదేశీ ఆధారాల నుండి రావలసి ఉండెను","6 %    చొ ప్పు న,    పెట్టుబడి    కోసం    మూల ధ నం    దేశీయ    మరియు    విదేశీ    ఆధార ాల    నుండి    రా వలసి    ఉండ ె ను ",68,21
700,"కంప్యూటర్ సైన్సెస్ కార్పొరేషన్ మరియు యాక్సెంచర్తో డుపాంట్ కార్యనిర్వాహక ప్రధాన సమాచారశాఖాధికారి సిండా హాల్మన్ యొక్క యుఎస్ $4 బిలియన్ల, 10 ఏళ్ల పాటు వారి నుండి వస్తువులు లేదా సేవలను పొందే ఒప్పందం ద్వారా దానిని నిర్వహించే వివరాలను వారికి కేటాయించి, ""మనమే అంతర్గతంగా చేస్తే దానికి ఒక విధానాన్ని కనిపెట్టవలసిన"" పరిస్థితిని తప్పించింది","కంప్యూటర్    సైన్ సె స్    కార్పొ రేషన్    మరియు    యా క్ సె ంచ ర్ తో    డు పా ంట్    కార్య నిర్ వాహక    ప్రధాన    సమాచార శా ఖా ధికార ి    సిం డా    హ ాల్ మన్    యొక్క    యు ఎస్    $ 4    బి లియ న్ ల ,    10    ఏళ్ల    పాటు    వారి    నుండి    వస్తువులు    లేదా    సేవలను    పొంద ే    ఒప్పందం    ద్వారా    దానిని    నిర్వహ ించే    వివర ాలను    వారికి    కేటాయ ించి,    "" మన మే    అంతర్ గ తంగా    చేస్త ే    దానికి    ఒక    విధా నాన్ని    కని పెట్ట వల సిన ""    పరిస్థిత ిని    తప్ప ించ ింది ",291,82
701,అలాస్కాలోని యాంకరేజ్ లో ఒకప్పుడు బ్యాంక్ ఆఫ్ అమెరికా సెంటర్ పేరు కలిగిన రాబర్ట్ బీ యాట్వుడ్ బిల్డింగుకు ఇందులో అద్దెకున్న సెక్యూరిటీ పసిఫిక్ బ్యాంకును ఈ బ్యాంకు అధిగ్రహణంలోకి తీసుకున్నాక దాన్ని కలుపుకుని పేరు మార్చడం జరిగినది,అలా స్కా లోని    యా ంక రే జ్    లో    ఒక ప్పుడు    బ్యాం క్    ఆఫ్    అమెరికా    సెంట ర్    పేరు    కలిగిన    రా బర్ ట్    బీ    యా ట్ వు డ్    బి ల్ డ ిం గు కు    ఇందులో    అద్ద ె కున్న    సె క్యూ రి టీ    ప సి ఫ ిక్    బ్యాం కు ను    ఈ    బ్యాంకు    అధి గ్రహ ణ ంలోకి    తీసుకు న్నా క    దాన్ని    కలు పు కుని    పేరు    మార్చ డం    జరిగ ిన ది ,198,66
702,ద్విముఖ సమాచార ప్రవాహాన్ని అనుమతించడంలో న్యూరోమాడ్యూలేషన్ బిసిఐకు భిన్నంగా ఉంటుంది,ద్ వి ముఖ   సమాచార   ప్ర వా హాన్ని    అనుమత ించడంలో    న్యూ రో మా డ్యూ లే షన్    బి సి ఐ కు    భిన్న ంగా    ఉంటుంది ,75,22
703,"అయినా, అలాంటి ఆవర్తన క్రమాలు ఆకర్షకాల కంటే వికర్షకాలుగా ఉంటాయి, అంటే ఎంత దగ్గరగా ఉన్నా, పరిణామం చెందుతున్న చరరాశి క్రమానికి వెలుపల ఉంటే, అది క్రమంలోకి ప్రవేశించదు, మరియు నిజానికి, అది వేరు దిశలో వెళ్తుంది","అయ ినా,    అలా ంటి    ఆ వర్ తన    క్రమ ాలు    ఆకర్ష కాల    కంటే    విక ర్ష కాల ుగా    ఉంటాయి,    అంటే    ఎంత    దగ్గర గా    ఉన్న ా,    పరి ణా మం    చెందు తున్న    చర రా శ ి    క్రమ ానికి    వెలుపల    ఉంటే,    అది    క్రమ ంలోకి    ప్రవేశ ించ దు,    మరియు    నిజ ానికి,    అది    వేరు    దిశలో    వెళ్ తుంది ",178,50
704,"లీప్ సెకండ్ అనబడేది, ఖచ్చితమైన సమయం (ఇంటర్నేషనల్ అటామిక్ టైమ్(టీఏఐ) పరమాణు గడియారాలు కొలిచే విధంగా) ,మరియు ఖచ్చితం కాని సౌరమాన సమయం(యూటీఐ) అక్రమముల వల్ల మరియు దీర్ఘకాల భూభ్రమణ వేగం తగ్గటం వల్ల వచ్చే తేడాని సర్దటానికి కోఆర్డినేటెడ్ యూనివర్సల్ టైమ్ (యూటీసీ)కి అప్పుడపుడు కలిపే ఒక క్షణం సర్దుబాటు","లీ ప్    సె క ండ్    అన బడ ే ది,    ఖచ్చితమైన    సమయం    ( ఇంటర్నేషనల్    అ టా మ ిక్    టై మ్ ( టీ ఏ ఐ )    పర మాణ ు    గ డియ ార ాలు    కొ లి చే    విధ ంగా )    , మరియు    ఖ చ్చ ితం    కాని    సౌ ర మాన    సమయ ం ( యూ టీ ఐ )    అ క్రమ మ ుల    వల్ల    మరియు    దీర్ఘ కాల    భూ భ్ర మ ణ    వేగ ం    తగ్గ టం    వల్ల    వచ్చే    తే డా ని    సర్ ద టానికి    కో ఆర్ డి నే టెడ్    యూనివర్ స ల్    టై మ్    ( యూ టీ సీ ) కి    అ ప్పుడ పు డు    కలి ప ే    ఒక    క్ష ణం    సర్ దు బాటు ",257,106
705,"ఉపాధ్యాయుల పై క్రెమర్ మరియు ఇతరుల అధ్యయనంలో ప్రైవేటు రంగ ఉపాధ్యాయులలో 25%, మరియు ప్రభుత్వ రంగ వైద్య కార్మికులలో 40% మంది ఆ తనిఖీ సమయంలో హాజరు కాలేదని కనుగొన్నారు","ఉపా ధ్య ాయ ుల    పై    క్రె మర్    మరియు    ఇతర ుల    అధ్యయ నంలో    ప్రైవే టు    రంగ    ఉపా ధ్య ాయ ులలో    25 % ,    మరియు    ప్రభుత్వ    రంగ    వైద్య    కార్ మిక ులలో    40 %    మంది    ఆ    తనిఖీ    సమయంలో    హా జ రు    కాలే దని    కనుగొ న్న ారు ",139,43
706,"ఫోటాన్-ఎలక్ట్రాన్ పరిక్షేపం చెందడాన్ని, ఈ విషయంలో, ఒక కణ వర్ణనలో,1923 నాటి క్రాంప్టన్ ప్రభావం ప్రత్యేక సాపేక్షత వర్తిస్తుందనడానికి మరింత ఆధారం అందించింది","ఫో టా న్- ఎ లక్ ట్రా న్    పర ిక్ష ే పం    చెంద డా న్ని,    ఈ    విషయ ంలో,    ఒక    క ణ    వర్ణ న లో , 192 3    నాటి    క్రా ం ప్ టన్    ప్రభావం    ప్రత్యేక    సా పే క్ష త    వర్తి స్తు ంద న డానికి    మరింత    ఆధార ం    అందించ ింది ",137,47
707,"విద్యుత్ ప్రవాహాలు మరియు ఛార్జ్ ల(మూలాల) నుండి చాలా దూరంగా ఉన్న విద్యుత్-ఆయస్కాంత పరిధిని విద్యుత్-ఆయస్కాంత ప్రసరణ అంటారు(ఈఎంఆర్), ఎందుకంటే అది మూలాలలోని విద్యుత్ ఛార్జ్ లు మరియు ప్రవాహాల నుండి ప్రసరిస్తుంది, వాటిపై ""ప్రతిస్పందన"" ప్రభావం కలిగి ఉండదు, మరియు ప్రస్తుత కాలంలో వాటిచే నేరుగా ప్రభావితమవదు (ప్రతిగా వాటినుండి గతంలో ప్రసరించబడిన క్షేత్రాలలో క్రమమైన మార్పుల వల్ల అది పరోక్షంగా ఉత్పత్తి అవుతుంది)","విద్యుత్    ప్రవాహ ాలు    మరియు    ఛ ార్ జ్    ల ( మూల ాల )    నుండి    చాలా    దూర ంగా    ఉన్న    విద్యు త్ - ఆయ స్కా ంత    పరి ధ ిని    విద్యు త్ - ఆయ స్కా ంత    ప్ర సర ణ    అ ంట ారు ( ఈ ఎం ఆర్ ),    ఎందుకంటే    అది    మూల ాల లోని    విద్యుత్    ఛ ార్ జ్    లు    మరియు    ప్రవాహ ాల    నుండి    ప్ర సరి స్తుంది,    వా టి పై    "" ప్రతిస్పంద న ""    ప్రభావం    కలిగి    ఉండ దు,    మరియు    ప్రస్తుత    కాలంలో    వా టి చే    నేరుగా    ప్రభావి తమ వ దు    ( ప్రతి గా    వా టి నుండి    గతంలో    ప్ర స రించ బడిన    క్షేత్ర ాలలో    క్రమ మైన    మార్ప ుల    వల్ల    అది    ప రో క్ష ంగా    ఉత్పత్తి    అవు తు ంది ) ",357,110
708,"పైన గమనించినట్టుగా, చాలా వరకు డీఎన్ఏ అణువులు రెండు పాలిమర్ తంతువుల అసమయోజనీయ కట్టుబడిలో మరలు తిరిగే విధంగా కలిపి చుట్టబడి ఉన్నవి; ఈ ఇరు తంత్రుల నిర్మాణం ప్రధానంగా తంత్రుల అంతర్తంత్రి దొంతర పరస్పర చర్యలచే నిర్వహించబడుతుంది, ఇవి జీ మరియు సీ దొంతరలకు అత్యంత బలమైనవి","పైన    గమన ించిన ట్టు గా,    చాలా    వరకు    డీ ఎన్ ఏ    అణ ువ ులు    రెండు    పాలి మర్    తంత ువ ుల    అ సమయ ోజ నీ య    కట్టు బడ ిలో    మర లు    తిరిగ ే    విధంగా    కలి పి    చుట్ట బడి    ఉన్న వి ;    ఈ    ఇ రు    తంత్ర ుల    నిర్మాణం    ప్రధానంగా    తంత్ర ుల    అంత ర్త ంత్ర ి    దొ ంతర    పర స్ప ర    చర్య ల చే    నిర్వహ ించబడు తుంది,    ఇవి    జీ    మరియు    సీ    దొ ంతర లకు    అత్యంత    బల మైన వి ",228,74
709,"ఆయన మొదట సముద్రమట్టం నుండి ఎత్తు పెరగటంతో సగటు ఉష్ణోగ్రత తగ్గుదల నిష్పత్తిని పరిశోధించారు, దీనితో అధిక అక్షాంశాలలో వాతావరణ కల్లోలతకు మరింత సంక్లిష్టమైన నియమాన్ని గుర్తించటానికి మొట్టమొదటి సూచన ఉష్ణమండల తుఫానుల మూలాల గురించిన ఆయన విచారణల వల్ల వీలు కలిగింది","ఆయన    మొదట    సముద్ర మట్ట ం    నుండి    ఎత్తు    పెర గ ట ంతో    సగటు    ఉష్ణోగ్ర త    తగ్ గు దల    నిష్ పత్తి ని    పరిశోధ ించారు,    దీని తో    అధిక    అక్ష ా ంశ ాలలో    వాతావరణ    కల్ లో ల తకు    మరింత    సం క్లి ష్ట మైన    నియ మాన్ని    గుర్తించ టానికి    మొట్టమొదటి    సూచ న    ఉష్ణమండల    తుఫా న ుల    మూల ాల    గురించిన    ఆయన    విచార ణ ల    వల్ల    వీలు    కలిగ ింది ",225,61
710,"కర్బన సమూహాలని మొదట 1984లో ఎరిక్ ఏ రోల్ఫింగ్, డొనాల్డ్ ఎం కాక్స్ మరియు ఆండ్రూ కాల్డోర్, గ్రాఫైట్ ని లేజర్ తో బాష్పీభవించి, ఆ ఆవిరిని హీలియం పర్యావరణంలో చల్లార్చిన ప్రయోగాలలో గుర్తించారు","కర్ బ న    సమూహ ాలని    మొదట    198 4లో    ఎ రిక ్    ఏ    రో ల్ ఫ ింగ్,    డ ొ నాల్ డ్    ఎ ం    కా క్స్    మరియు    ఆ ండ్ర ూ    కాల ్డ ో ర్,    గ్రా ఫై ట్    ని    లే జర్    తో    బా ష్ పీ భవ ించి,    ఆ    ఆవి రిని    హీ లి యం    పర్యావర ణంలో    చల్ల ార్ చ ిన    ప్రయోగ ాలలో    గుర్తించ ారు ",161,60
711,"ఒక క్రమసూత్రం యొక్క సంక్లిష్టతను గణించడం అంటే, ఒక క్రమసూత్రాన్ని, ఉదాహరణకు మాత్రికల హెచ్చవేతను నడుపుటకు స్కేలార్‌ల కూడికలు మరియు హెచ్చవేతలు వంటి ప్రాథమిక లెక్కలు ఎన్ని అవసరం ఉంటాయో పై హద్దుల అంచనా లేదా ప్రాధమిక క్రియలను కనుక్కోవడం","ఒక    క్రమ సూత్ర ం    యొక్క    సం క్లి ష్ట తను    గణ ించడం    అ ంటే,    ఒక    క్రమ సూత్ర ా న్ని,    ఉదాహరణ కు    మాత్ర ిక ల    హెచ్చ వే తను    నడు పు ట కు    స్ కే ల ార్ ‌ ల    కూడ ిక లు    మరియు    హెచ్చ వే తలు    వంటి    ప్రాథమిక    లెక్క లు    ఎ న్ని    అవసరం    ఉంట ాయ ో    పై    హద్ద ుల    అంచనా    లేదా    ప్రా ధ మిక    క్రియ లను    కను క్ కోవడం ",202,66
712,"ఈ సమయంలో, బ్రిటిష్ వారు బెంగాల్ ముఘల్ రాజ్యపాలకులతో యుద్ధానికి దిగారు","ఈ    సమయంలో,    బ్రిటిష్    వారు    బెంగాల్    ము ఘ ల్    రాజ్య పాల క ులతో    యుద్ధ ానికి    దిగ ారు ",61,16
713,"రెజినాల్డ్ ఫెసెండెన్ 1906 లో చేసిన మొదటి సుదూర శబ్ద ప్రసారంలో, ఒక అలెక్సాండర్సన్ ఆల్టర్నేటర్ నుండి ఒక నిరంతరాయ తరంగాన్ని, నీటితో చల్లబరచబడ్డ ఒక శబ్ద ప్రసారిణి ద్వారా, ప్రసారం చేస్తున్న ఆంటెన్నాలోకి నేరుగా సరఫరా చేయబడింది","రె జ ిన ాల్ డ్    ఫె సె ండ ె న్    190 6    లో    చేసిన    మొదటి    సు దూ ర    శబ్ద   ప్రసార ంలో,    ఒక    అలె క్ సా ండ ర్ సన్    ఆల్ టర్ నే టర్    నుండి    ఒక    నిర ంత రాయ   త రంగ ా న్ని,    నీ ట ితో    చల్ల బ రచ బడ్డ   ఒక    శబ్ద   ప్రసార ి ణి    ద్వార ా,    ప్రసార ం    చే స్తున్న    ఆ ంట ె న్నా లోకి    నేరుగా    సరఫ రా    చేయబడ ింది ",193,69
714,"విషయాన్ని అర్ధం చేసుకోడంలో ఇబ్బంది పడుతున్న విద్యార్ధులు ఎక్కడ ఇబ్బందులను ఎదుర్కొంటున్నారో అర్ధం చేసుకోటానికి, మెరుగైన మూల్యాంకనాలను రూపొందించటానికి ఉపాధ్యాయులకు సాంకేతికత సహాయపడింది","విష యాన్ని    అర్ధ ం    చేసుకో డంలో    ఇబ్బ ంది    పడు తున్న    విద్య ార్ ధ ులు    ఎ క్కడ    ఇబ్బ ంద ులను    ఎదుర్కొ ంటు న్న ారో    అర్ధ ం    చేసుకో ట ానికి,    మెరు గ ైన    మూల ్యా ంక నాలను    రూపొంద ించ టానికి    ఉపా ధ్య ాయ ులకు    సాంకే తిక త    సహాయపడ ింది ",166,47
715,"ఆటోక్రైన్ అనేది, దాని ఉపరితలంపైనున్న గ్రాహకాన్ని గట్టిగా పట్టుకొనే ఒక అణువును స్రవించడం ద్వారా దానికదే ఒక సంకేతాన్ని పంపుకొనే ఒక కణం","ఆట ో క్రై న్    అనే ది,    దాని    ఉ పరి తల ం పై ను న్న    గ్రా హ కాన్ని    గ ట్ట ిగా    పట్టు కొ నే    ఒక    అణ ు వును    స్ర వ ించడం    ద్వారా    ద ానిక దే    ఒక    సం కే తాన్ని    పం పు కొ నే    ఒక    క ణం ",116,45
716,"పూంచ్ మరియు మీర్పూర్ ప్రాంతాలలో తిరుగుబాటులను మరియు ఖైబర్ పఖ్తుంఖ్వా నుండి పాకిస్తాన్ చే బలపరచబడిన పష్టున్ తెగల జోక్యాన్ని అనుసరించి, ఆ మహారాజు భారత సైనిక సహాయాన్ని కోరారు","పూ ంచ్    మరియు    మీర్ పూర్    ప్రాంతాలలో    తిరుగు బా ట ులను    మరియు    ఖై బర్    ప ఖ ్ తు ం ఖ ్వ ా    నుండి    పాకిస్తాన్    చే    బల పరచ బడిన    ప ష్ట ు న్    తె గల    జో క ్యాన్ని    అనుసరించ ి,    ఆ    మహారా జు    భారత    సైనిక    సహాయ ాన్ని    కోర ారు ",150,47
717,లేక ఆ నమూనా మీకు వర్తించదని లేక ఇకపై వర్తించబోదని మీరు జాగ్రత్తగా ఆలోచించి నిర్ణయం తీస్కున్నారా,లే క    ఆ    నమూ నా    మీకు    వర్త ించ దని    లే క    ఇ క పై    వర్త ించ బో దని    మీరు    జా గ్ర త్తగా    ఆలోచ ించి    నిర్ణ యం    తీ స్ కున్న ారా ,83,30
718,"ఒక గోధుమ పంటను ఒక చీడపురుగు నాశనం చేస్తే, మనం ఆ తరువాత సంవత్సరం జాత్యంతర్గత వైవిధ్యం ఆధారంగా మరింత ధృఢమైన రకం గోధుమను నాటవచ్చు","ఒక    గో ధు మ    పంట ను    ఒక    చీ డ పురు గు    నాశనం    చేస్త ే,    మ నం    ఆ    తరువాత    సంవత్సరం    జా త్య ంత ర్ గత    వైవిధ ్యం    ఆధారంగా    మరింత    ధృ ఢ మైన    రక ం    గో ధు మ ను    నాట వచ్చు ",108,39
719,"స్టీఫెన్ కుక్ మరియు లియోనిడ్ లెవిన్, ఎన్పీ పూరితమైన ఆచరణాత్మకంగా ఔచిత్యం కలిగిన సమస్యల ఉనికిని 1971లో నిరూపించినప్పుడు, ఈ రంగం అభివృద్ధి చెందసాగింది","స్టీ ఫె న్    కు క్    మరియు    లియ ో ని డ్    లె వి న్,    ఎన్ పీ    పూ రి తమైన    ఆ చర ణా త్మకంగా    ఔ చిత ్యం    కలిగిన    సమస్య ల    ఉనికి ని    197 1లో    ని రూప ించిన ప్పుడు,    ఈ    రంగ ం    అభివృద్ధి    చెంద సాగ ింది ",131,43
720,"ప్రాచీన మధ్యయుగపు ఆల్పైన్ పీఠభూమిలో, కొలిమి నుండి ఉష్ణం భూమి కిందనుండి ప్రవహించే ఒక సరళమైన కేంద్రీయ తాపన వ్యవస్థ రోమన్ హైపోకాస్ట్ బదులుగా కొన్ని చోట్ల భర్తీ చేయబడింది","ప్రాచీన    మధ్య యుగ పు    ఆల్ పై న్    పీఠ భూమి లో,    కొ లి మి    నుండి    ఉ ష్ ణం    భూమి    క ింద నుండి    ప్రవహ ించే    ఒక    సర ళ మైన    కేంద్ర ీయ    తా ప న    వ్యవస్థ    రో మన్    హై పో కా స్ట్    బదులుగా    కొన్ని    చో ట్ల    భర్త ీ    చేయబడ ింది ",145,47
721,"ఇవి ప్రధానంగా 2జీ, 3జీ, మరియు 4జీ వైర్లెస్ సెల్యులార్ నెట్వర్క్లలో ఉన్నత స్థాయి ధ్వనివర్థకాలలో మరియు ఆర్ఎఫ్ ధ్వనివర్థకాలలో వాడబడతాయి","ఇవి    ప్రధానంగా    2 జీ ,    3 జీ ,    మరియు    4 జీ    వై ర్ లె స్    సెల ్య ుల ార్    నె ట్ వర్ క్ లలో    ఉన్నత    స్థాయి    ధ ్వ ని వర్ థ కాల లో    మరియు    ఆర్ ఎఫ్    ధ ్వ ని వర్ థ కాల లో    వాడ బడ త ాయి ",117,47
722,"మెయిన్స్ ఫిల్టర్ కెపాసిటర్లు సాధారణంగా ప్లాస్టిక్ పొరలవంటి వాటితో కప్పుబడి ఉంటాయి, ఎందుకంటే ఇవి హెచ్చు వోల్టేజ్ విలువలను తక్కువ ధరకు అందిస్తాయి మరియు వీటిని వాటంతట అవి బాగుచేసుకునేలా మరియు కరిగిపోయేలా చేయవచ్చు","మెయి న్స్    ఫిల్ టర్    కె పా సి టర్లు    సాధారణంగా    ప్లా స్ట ిక్    పొర ల వంటి    వా ట ితో    క ప్పు బడి    ఉంటాయి,    ఎందుకంటే    ఇవి    హెచ్చ ు    వో ల్ టే జ్    విలువ లను    తక్కువ    ధర కు    అంది స్త ాయి    మరియు    వీటిని    వా ట ంత ట    అవి    బా గు చేసుకు నే లా    మరియు    క రిగ ిపోయ ేలా    చేయ వచ్చు ",185,57
723,బహుళ ప్రతినిధి బలపరుచు అధ్యాయనం ఈ స్థితిలో ప్రవేశించే సమస్యలను పరిశీలిస్తుంది,బహు ళ    ప్రతినిధ ి    బల పరు చ ు    అధ్య ాయ నం    ఈ    స్థిత ిలో    ప్రవేశ ించే    సమస్య లను    పరి శీ లి స్తుంది ,69,22
724,"ఇది డీపీఈఎం, బీటెక్ (ఎలక్ట్రానిక్స్ ఇంజనీరింగ్), ఎంటెక్ (ఎలక్ట్రానిక్స్ డిజైన్ టెక్నాలజీ), పీఎచ్డీ మరియు స్వల్పకాలిక కోర్సులని అందిస్తుంది","ఇది    డీ పీ ఈ ఎ ం,    బీ టె క్    ( ఎ లక్ ట్ర ాని క్స్    ఇ ంజ నీ ర ింగ్ ),    ఎంట ె క్    ( ఎ లక్ ట్ర ాని క్స్    డి జైన్    టెక్ నాల జీ ),    పీ ఎ చ ్డ ీ    మరియు    స్వ ల్ప కాలిక    కోర్ సుల ని    అంది స్తుంది ",125,50
725,"ఉదాహరణకు, జాన్ పోల్కింగ్హోర్న్ 'భావాధారిత' లేక 'జ్ఞానాధారిత' తగ్గింపువాదంగా పేర్కొన్నది, సిమోన్ బ్లాక్బర్న్ మరియు జెగ్వోన్ కిమ్ ఇచ్చిన నిర్వచనం: ఒక విధమైన చర్చకు చెందిన వాస్తవాలను లేక నిజాలను, మరొక విధంతో మార్పిడి చేసి, తద్వారా ఆ రెండిటి మధ్యలో సంబంధాన్ని ఏర్పాటు చేయటం తగ్గింపువాదం యొక్క ఒక రూపం","ఉదాహరణకు,    జాన్    పో ల్ క ింగ్ హో ర్ న్    ' భా వా ధార ిత '    లే క    ' జ్ఞా నా ధార ిత '    తగ్గ ింపు వాద ంగా    పేర్కొ న్న ది,    సి మో న్    బ్లా క్ బర్ న్    మరియు    జె గ్ వో న్    కి మ్    ఇచ్చిన    నిర్ వచ న ం :    ఒక    విధ మైన    చర్చ కు    చెందిన    వాస్త వ ాలను    లే క    నిజ ాలను,    మరొక    విధ ంతో    మార్పి డి    చేసి,    తద్వారా    ఆ    రెండ ి టి    మధ్యలో    సం బం ధాన్ని    ఏర్పాటు    చేయ టం    తగ్గ ింపు వాద ం    యొక్క    ఒక    రూప ం ",260,89
726,2019 నాటికి బంగ్లాదేశ్ అక్షరాశ్యత 74,2019    నాటికి    బంగ్లాదేశ ్    అక్ష రా శ్య త    7 4 ,32,10
727,7%గా ఉంది: పురుషులలో 77,7 % గా    ఉ ంది :    పురుష ులలో    7 7 ,20,10
728,4%గా మరియు స్త్రీలలో 71,4 % గా    మరియు    స్త్ర ీ లలో    7 1 ,20,9
729,9%గా ఉంది,9 % గా    ఉంది ,8,4
730,"పదికి సున్నా నుండి నాలుగవ ఘాతాంకాలకు భారత అంకగణిత వ్యవస్థ పాశ్చాత్య వ్యవస్థకు అనుగుణంగా ఉంటుంది: ఒకటి, పది, వంద, ఒక వెయ్యి, మరియు పది వేలు","పద ికి    సు న్నా    నుండి    నాలుగ వ    ఘా తా ం కాల కు    భారత    అంక గణ ిత    వ్యవస్థ    పాశ్చా త్య    వ్యవస్థ కు    అను గుణంగా    ఉంటు ంది :    ఒకట ి,    పద ి,    వంద ,    ఒక    వె య్య ి,    మరియు    పది    వే లు ",119,40
731,"ఉత్ప్రేరకం యొక్క ఉత్ప్రేరక చర్య కొలమానానికి వాడే కటల్, ఎస్‌ఐ నుండి తీసుకోబడిన యూనిట్, దీనిని క్షణానికి మోల్స్ చొప్పున లెక్కిస్తారు","ఉత్ ప్రే రక ం    యొక్క    ఉత్ ప్రే ర క    చ ర్య    కొ ల మాన ానికి    వా డే    కట ల్,    ఎస్‌ ఐ    నుండి    తీసుకో బడిన    యూని ట్,    దీనిని    క్ష ణ ానికి    మో ల్స్    చొ ప్పు న    లెక్క ి స్త ారు ",115,39
732,"దండెత్తిన సెల్జుక్ టర్కులు ఈ స్థానిక నామాన్ని (రుమానా, ""రోమన్ల భూమి"", అనగా తూర్పు రోమన్ సామ్రాజ్యం)ఈ రాజ్యభాగానికి మరో పేరుగా అర్ధం చేసుకున్నారు, వీరు 1077లో సల్టెనత్ ఆఫ్ రూమ్ ని స్థాపించారు","దండ ె త్త ిన    సె ల్ జు క్    టర్ కులు    ఈ    స్థానిక    నా మాన్ని    ( రు మా నా,    "" రో మ న్ల    భూమి "" ,    అన గా    తూర్పు    రో మన్    సామ్రాజ్య ం ) ఈ    రాజ్య భాగ ానికి    మరో    పేరు గా    అర్ధ ం    చేసుకున్న ారు,    వీ రు    10 7 7లో    సల్ టె న త్    ఆఫ్    రూ మ్    ని    స్థాప ించారు ",166,59
733,"ఏదేమైనప్పటికీ, ఆ సమయంలో ఇటలీ లోని వర్గో కాంతి తరంగదైర్ఘ్య మాపకం పనిచేస్తూ లేదు, అలాగే జి","ఏ దే మైన ప్పటికీ,    ఆ    సమయంలో    ఇ ట లీ    లోని    వర్గ ో    కా ంతి    త రంగ దై ర్ఘ ్య    మా ప కం    పని చేస్తూ    లేదు,    అలాగే    జ ి ",76,28
734,ఈ,ఈ ,1,1
735,ఓ,ఓ ,1,1
736,"600 యంత్రసాధక పద్ధతిలో ఉండి, తగువిధమైన సూక్ష్మగ్రాహకంగా లేకపోవడం తో అది సంకేతాన్ని రూఢిపరచలేకపోయింది","6 00    య ంత్ర సాధ క    పద్ధ తిలో    ఉండి,    త గు విధ మైన    సూ క్ ష్ మ గ్రా హ కంగా    లేకపో వడం    తో    అది    సం కే తాన్ని    రూ ఢ ి పరచ లేకపోయ ింది ",90,33
737,విభజన సమయంలో మాత్రమే కాకుండా ఈ శరణార్థులు అంచెలంచెలుగా చేరుకున్నారు,విభజన    సమయంలో    మాత్రమే    కాకుండా    ఈ    శ రణ ార్థ ులు    అం చె ల ంచె లుగా    చేరు కున్న ారు ,60,17
738,"ఈ కేంద్రకాన్ని కోరుకున్న లక్ష్య క్రమం ప్రకారం ఎంచుకోవచ్చు, దీనిని నివేదించే జన్యు నిర్మాణం యొక్క ప్రోత్సాహక ప్రాంతంలో చొప్పిస్తారు","ఈ    కేంద్ర కాన్ని    కోరు కున్న    లక్ష ్య    క్రమం    ప్రకారం    ఎంచు కో వచ్చు,    దీనిని    నివేద ించే    జ న్య ు    నిర్మాణం    యొక్క    ప్రోత్ సాహ క    ప్రాంతంలో    చొ ప్ప ి స్త ారు ",116,29
739,"గది ఉష్ణోగ్రతలో ఉన్న ద్రావణాలలో, ఈ నాలుగు చక్రీయ సాదృశ్యాలు మ్యూటారొటేషన్ అనే ప్రక్రియలో గంటల కాలక్రమంలో పరస్పర మార్పిడి చెందుతాయి","గ ది    ఉష్ణోగ్ర త లో    ఉన్న    ద ్రా వ ణ ాలలో,    ఈ    నాలుగు    చ క్రీ య    సా దృ శ్య ాలు    మ్యూ ట ార ొ టే షన్    అనే    ప్రక్రియ లో    గంటల    కాల క్రమ ంలో    పర స్ప ర    మార్పి డి    చెందు త ాయి ",115,41
740,"గ్రాహక కాయిల్, విద్యుత్తును సరఫరా చేసే మరియు తటస్థ కండక్టర్లను పరివేష్టించే (కానీ విద్యుత్ పరంగా అనుసంధానం అవని) ఒక భేధాత్మక విద్యుచ్ఛాలక పరికరం","గ్రా హ క    క ాయి ల్,    విద్యు త్త ును    సరఫ రా    చేసే    మరియు    త ట స్థ   కండ క్ టర్ లను    పరి వే ష్ట ించే    ( కానీ    విద్యుత్    పరంగా    అనుసం ధా నం    అవ ని )    ఒక    భ ే ధా త్మక    విద్యు చ్ఛ ాల క    పరిక రం ",127,45
741,"ఆకు యొక్క మెత్తటి పత్రాంతర్భాగంలో, మృదుకణజాలం కాస్త గుండ్రం మరియు పెద్ద కణాంతరతావకాశములు నుండి శాఖలుగా లేదా తారాకృతిలో రకరకాలుగా ఉండి, పక్కవాటి బాహువుల అంచులతో పరస్పరం అనుసంధానమై త్రిమితీయ పరిమాణాత్మక జాలాకార వ్యవస్థగా, ఎర్ర చిక్కుడు గింజ ఫేజియోలస్ వల్గారిస్ మరియు ఇతర సాధారణ వృక్షములలో వలె ఏర్పడతాయి","ఆ కు    యొక్క    మె త్త టి    పత్ర ాంత ర్ భాగ ంలో,    మృ దు కణ జాల ం    కా స్త   గు ండ్ర ం    మరియు    పెద్ద    క ణా ంతర తా వ కాశ మ ులు    నుండి    శాఖ లుగా    లేదా    తారా కృ తిలో    ర కర కాల ుగా    ఉండి,    పక్క వాటి    బా హు వుల    అంచ ులతో    పర స్ పర ం    అనుసంధాన మై    త్రి మిత ీయ    పరి మా ణా త్మక    జాల ాకార   వ్యవస్థ గా,    ఎ ర్ర   చ ిక్ కుడు    గ ిం జ    ఫే జియ ో ల స్    వ ల్ గార ి స్    మరియు    ఇతర    సాధారణ    వృక్ష మ ులలో    వల ె    ఏర్పడ త ాయి ",265,96
742,"థోమస్ చలనం (దాని ప్రారంభ వేగానికి తిరిగి వచ్చిన ఒక పథం యొక్క నికర భ్రమణం) పూర్తిగా చలన సంబంధమైన ప్రభావమయినా కానీ, అది కేవలం వక్ర రేఖలో చలనంలో జరుగుతుంది, అందువల్ల దాన్ని ఒక విద్యుత్ ఆస్కాంత క్షేత్రం, ఒక గురుత్వాకర్షణ క్షేత్రం, లేక ఒక యాంత్రిక శక్తి, వంటి ఒక బాహ్య శక్తి నియంత్రణ లేకుండా గమనించటం కుదరదు, అందువల్ల థోమస్ చలనం సాధారణంగా యంత్రగతి ప్రభావాలతో కలిసి ఉంటుంది","థ ో మ స్    చల నం    ( దాని    ప్రారంభ    వేగ ానికి    తిరిగి    వచ్చిన    ఒక    పథ ం    యొక్క    నిక ర    భ్ర మ ణ ం)    పూర్తిగా    చల న    సంబంధ మైన    ప్రభావ మయ ిన ా    కానీ,    అది    కేవలం    వ క్ర   రేఖ లో    చలన ంలో    జరుగు తుంది,    అందువల్ల    దాన్ని    ఒక    విద్యుత్    ఆ స్కా ంత    క్షేత్ర ం,    ఒక    గురు త్ వా కర్ ష ణ    క్షేత్ర ం,    లే క    ఒక    యా ంత్ర ిక    శక్ తి,    వంటి    ఒక    బా హ ్య    శక్తి    నియంత్రణ    లేకుండా    గమన ించ టం    కు దర దు,    అందువల్ల    థ ో మ స్    చల నం    సాధారణంగా    య ంత్ర గ తి    ప్రభా వాల తో    కలిసి    ఉంటుంది ",316,100
743,"ఒక సాంప్రదాయ ప్రకాశ దీపంలా కాకుండా, ఒక ఎల్ఈడీ కేవలం డయోడ్‌ యొక్క ఎదురువైపు నుండి వోల్టేజ్ని ఉపయోగించినప్పుడే వెలుగుతుంది","ఒక    సాంప్రదాయ    ప్ర కాశ   దీ పం లా    కాకుండా,    ఒక    ఎల్ ఈ డీ    కేవలం    డ యో డ్‌   యొక్క    ఎదు రు వైపు    నుండి    వో ల్ టే జ్ ని    ఉపయోగ ించిన ప్పు డే    వెలు గు తుంది ",106,33
744,"రెండు ముద్రణలు, ఒకొక్కటి కుడి లేదా ఎడమ కంటి దృశ్యాన్ని కలిగి, ఒక బాహ్య సెల్సైన్ మోటారు వాడటం ద్వారా రేఖాగణిత రూపకల్పనలో సమకాలీకరించబడ వలసి ఉండినది","రెండు    ముద్ర ణ లు,    ఒ కొ క్క టి    కుడి    లేదా    ఎడ మ    క ంటి    దృ శ ్యాన్ని    కలిగ ి,    ఒక    బా హ ్య    సె ల్ సై న్    మోట ారు    వాడ టం    ద్వారా    రే ఖా గణ ిత    రూప కల్ప నలో    సమ కాల ీకరించ బడ   వలసి    ఉండిన ది ",127,46
745,"యంత్ర అభ్యాస సాంకేతికతలను మొదట్లో కొత్త అప్లికేషన్లలో లేక పరిశ్రమల్లో వాడినప్పుడు, సాంప్రదాయిక ప్రక్రియలను వాడటానికి తరచుగా సరిపడా శిక్షణా సమాచారం అందుబాటులో ఉండదు","య ంత్ర   అభ్యా స    సాంకే తిక తలను    మొద ట్లో    కొత్త    అప్ లిక ే ష న్ లలో    లే క    పరిశ్రమ ల్లో    వా డి న ప్పుడు,    సాంప్రదాయ ిక    ప్రక్రియ లను    వాడ టానికి    తరచుగా    సరి పడ ా    శిక్ష ణా    సమాచారం    అందుబాటులో    ఉండ దు ",146,40
746,"ఒక సారి శిక్షణ పొందిన తర్వాత, అలాంటి నమూనా, పర్యాయపదాలను గుర్తించగలదు లేకపోతే ఒక అసంపూర్ణ వాక్యానికి అదనపు పదాలను సూచించగలదు","ఒక    సారి    శిక్షణ    పొందిన    తర్వాత,    అలా ంటి    నమూ నా,    పర్య ాయ పద ాలను    గుర్తించ గల దు    లేకపో తే    ఒక    అ సం పూర్ ణ    వా క్య ానికి    అదనపు    పద ాలను    సూచ ించ గల దు ",109,33
747,"ఇది ఎన్సైక్లోపీడియా బ్రిటానికా, ఇంక్; చే ప్రచురించబడింది, శతాబ్దాలుగా అనేకమార్లు యాజమాన్యం మారినప్పటికీ, ఈ కంపనీ 18వ శతాబ్దం నుండి ఉన్నది","ఇది    ఎన్ సై క్ లో పీ డియా    బ్రి ట ాని కా ,    ఇం క్ ;    చే    ప్రచురించ బడ ింది,    శతాబ్ద ాలుగా    అనే క మార్ లు    యాజమా న్ యం    మార ినప్పటికీ,    ఈ    కంప నీ    18 వ    శతాబ్దం    నుండి    ఉన్న ది ",122,39
748,"చిత్రం విడుదలైన పదేళ్ళ తరువాత, అర్బాజ్ ఖాన్ ఒక ఇంటర్వ్యూలో, ఆ చిత్రం వ్యయం 30 కోట్లు (2020 లో 57 కోట్లు లేదా యుఎస్ $7","చిత్రం    విడుదలైన    ప దే ళ్ళ    తరువాత,    అర్ బా జ్    ఖాన్    ఒక    ఇంటర్ వ్యూ లో,    ఆ    చిత్రం    వ్య యం    30    కో ట్లు    ( 2020    లో    5 7    కో ట్లు    లేదా    యు ఎస్    $ 7 ",98,33
749,"2 మిలియన్ కు సమానం) నుండి 49 కోట్లు (2020 లో 93 కోట్లు లేదా యుఎస్ $12 మిలియన్ కు సమానం) వరకు పెరిగిందని, తద్వారా అతనికి కొన్ని నష్టాలు కలిగాయని, కానీ దాని భారీ విజయం తరువాత, అతను సల్మాన్ ఖాన్కు వేతనం చెల్లించానని తెలిపాడు","2    మిలియన్    కు    సమా న ం)    నుండి    4 9    కో ట్లు    ( 2020    లో    9 3    కో ట్లు    లేదా    యు ఎస్    $ 12    మిలియన్    కు    సమా న ం)    వరకు    పెరిగ ింద ని,    తద్వారా    అతనికి    కొన్ని    నష్ట ాలు    కలిగ ాయ ని,    కానీ    దాని    భారీ    విజయం    తరువాత,    అతను    సల్ మాన్    ఖా న్ కు    వే త నం    చెల్లించ ా నని    తెలిప ాడు ",187,59
750,"యుద్ధంలో రాటుతేలిన ఒక విప్లవాత్మక భారతీయ సైన్యాధికారి, అనూహ్యంగా అపహారణకు గురైన తన మాజీ ప్రేయసి బిడ్డను వెతికెందుకు బయలుదేరుతాడు","యుద్ధంలో    రా టు తే లిన    ఒక    వి ప్ల వా త్మక    భారతీయ    సైన్ యా ధికార ి,    అన ూహ ్య ంగా    అప హార ణకు    గుర ైన    తన    మాజీ    ప్రే య సి    బి డ్డ ను    వెత ికె ందుకు    బయలుదే రు త ాడు ",114,39
751,"1932, 2011 మధ్యలో ఒక వెయ్యిన్నూ ముప్పై గుజరాతీ సినిమాలు తయారయాయి, కానీ అతి కొద్ది సంఖ్య మాత్రమే ఆర్కైవ్ చేయబడ్డాయి","193 2 ,    2011    మధ్యలో    ఒక    వె య్య ి న్న ూ    ము ప్ప ై    గుజరా తీ    సినిమ ాలు    తయార య ాయి,    కానీ    అతి    కొ ద్ది    సంఖ్య    మాత్రమే    ఆర్ కై వ్    చేయబడ ్డ ాయి ",99,33
752,"అమియా చక్రవర్తి (30 నవంబర్ 1912-6 మార్చ్ 1957) ఒక భారతీయ చిత్ర దర్శకుడు, స్క్రీన్ ప్లే రచయిత మరియు నిర్మాత, మరియు 1940లు మరియు 1950లలోని హిందీ సినిమాలకు ప్రధాన దర్శకుడు","అమ ియా    చక్రవర్తి    ( 30    నవంబర్    19 12 - 6    మార్చ ్    195 7 )    ఒక    భారతీయ    చిత్ర    దర్శ కు డు,    స్క్రీ న్    ప్ లే    రచయిత    మరియు    నిర్మా త,    మరియు    194 0 లు    మరియు    195 0 ల లోని    హిందీ    సినిమ ాలకు    ప్రధాన    దర్శకుడు ",145,43
753,"ఆయన తరచుగా కలిసి పనిచేసిన ఇతర నటులు రేఖ, మాధురీ దీక్షిత్, అనిల్ కపూర్, షారుఖ్ ఖాన్ మరియు అమ్రీష్ పూరి","ఆయన    తరచుగా    కలిసి    పని చేసిన    ఇతర    నట ులు    రేఖ ,    మా ధు రీ    దీ క్షి త్,    అని ల్    క పూర్,    ష ారు ఖ్    ఖాన్    మరియు    అమ ్ర ీ ష్    పూ రి ",86,31
754,"ఆ జలపాతం, కొండకొమ్మపై ఆ మార్మిక అడవులు మరియు జలాశయాలు మరియు నాయికానాయకులు మంచుతుఫాను నుంచి తప్పించుకోవడం అన్నీ ఆ దృశ్యాన్ని మరింత ఆకర్షణీయం చేస్తాయి","ఆ    జలపాత ం,    కొండ కొ మ్మ పై    ఆ    మార్ మిక    అడవులు    మరియు    జలా శ య ాలు    మరియు    నాయ ిక ా నాయ కులు    మ ంచు తుఫాను    నుంచి    తప్పించు కోవడం    అన్న ీ    ఆ    దృ శ ్యాన్ని    మరింత    ఆకర్ష ణ ీ యం    చేస్త ాయి ",130,41
755,"పనివాడి వేషంలో గతంలో బాబ్లీ పంపిన హంతకుడు పాండురంగ్ , తరువాత సమీర్ గురించిన నిజాన్ని తెలుసుకుని గోపాల్ పక్షాన చేరి దుండగులను ఓడిస్తాడు, ఆ పోరాటంలో అనుకోకుండా గోపాల్ ను బాబ్లీ పృష్టభాగంలో కత్తిపోటు పొడవగా అతను స్పృహ కోల్పోవడంతో చివరకు ఆ జగడం ముగుస్తుంది, అయితే అంతకు ముందే మాధవ్, లక్కీ, మరియు లక్ష్మణ్లను ఆ కత్తిని తాకవద్దని హెచ్చరించి ఉండడంతో ముగ్గురు మిత్రులు నవ్వుకుంటూ ఉండిపోతారు","పని వా డి    వేష ంలో    గతంలో    బా బ్ లీ    పంప ిన    హ ంత కుడు    పాండ ు రంగ ్    ,    తరువాత    సమీ ర్    గురించిన    నిజా న్ని    తెలుసుకు ని    గో పాల్    పక్ష ా న    చే రి    దు ండ గ ులను    ఓ డి స్తాడు,    ఆ    పోరాట ంలో    అను కో కుండా    గో పాల్    ను    బా బ్ లీ    ప ృష్ట భాగంలో    క త్తి పో టు    పొడ వగా    అతను    స్ప ృ హ   కోల్పో వడంతో    చివరకు    ఆ    జ గ డం    ము గు స్తుంది,    అయితే    అంత కు    ముందే    మా ధ వ ్,    ల క్క ీ,    మరియు    లక్ష్ మ ణ ్ లను    ఆ    క త్తి ని    తాక వద్ద ని    హెచ్చ రించి    ఉండ డంతో    ముగ్గురు    మిత్ర ులు    నవ ్ వు కుంట ూ    ఉండ ిపో త ారు ",333,116
756,"అయితే, వాళ్ళ పెళ్లి జరిగే రోజున వైదేహీ కనిపించక, ముంబైకి పారిపోయినట్లు తెలియవస్తుంది","అయితే,    వా ళ్ళ    పె ళ్ లి    జరిగే    రోజున    వై దే హ ీ    కనిప ించ క,    ముంబై కి    పార ిపోయ ినట్లు    తెలియ వస్తు ంది ",75,23
757,"యశుతో చెడిన రామచంద్ర యొక్క బంధాన్ని (రామచంద్రకు ఒక స్త్రీతో ఏడేళ్ళ క్రితం ఉండిన వివాహేతర సంబంధం వల్ల దుర్బలంగా మారిన బంధాన్ని) కలపడంతో, పైడితల్లితో గొడవను సద్దుమణిగించటంతో, భ్రష్టుపట్టిన కుటుంబ సభ్యులు కాశీరామ్, సీతారాంలను దారిలో పెట్టడంతో బంటు ఆ ఇంటిని చుట్టుముడుతున్న సమస్యలని పరిష్కరించడం మొదలు పెడతాడు","య శు తో    చె డ ిన    రామ చంద్ర   యొక్క    బం ధాన్ని    ( రామ చంద్ర కు    ఒక    స్త్ర ీ తో    ఏ డే ళ్ళ    క్ర ితం    ఉండ ిన    వివాహ ే తర    సంబంధం    వల్ల    దుర్ బల ంగా    మార ిన    బం ధా న్ని )    కల పడ ంతో,    పై డ ిత ల్ల ితో    గొ డ వ ను    స ద్ద ు మణి గ ించ ట ంతో,    భ్ర ష్ట ు పట్ట ిన    కుటుంబ    సభ్యులు    కా శీ రా మ్,    సీ తారా ం లను    దార ిలో    పెట్ట డంతో    బ ంట ు    ఆ    ఇంట ిని    చుట్టు ము డు తున్న    సమస్య ల ని    పరిష్కరించ డం    మొద లు    పెడ త ాడు ",270,99
758,నిత్యం పెరుగుతున్న ప్రేక్షకులకు ఒకే ఛానల్ సేవలు అందిస్తూ ఉండటం వల్ల టెలివిజన్ ప్రోగ్రామింగ్ త్వరగా సంతృప్తతకు చేరుకుంది,ని త ్యం    పెరుగు తున్న    ప్రేక్ష కులకు    ఒకే    ఛా నల్    సేవలు    అంది స్తూ    ఉండటం    వల్ల    టెలివిజన్    ప్ర ోగ్రా మ ింగ్    త్వరగా    సంతృ ప్ త తకు    చేరు కు ంది ,106,28
759,"బేటా(అనువాదం: కుమారుడు) 1992 లోని ఒక భారతీయ హిందీ నాటకీయ చిత్రం, దీనికి ఇంద్ర కుమార్ దర్శకత్వం వహించారు మరియు నౌషీర్ ఖాతౌ మరియు కమలేష్ పాండే కధను వ్రాసారు","బే టా ( అను వాద ం :    కుమారు డు )    199 2    లోని    ఒక    భారతీయ    హిందీ    నాట కీ య    చిత్ర ం,    దీనికి    ఇ ంద్ర    కుమార్    దర్శకత్వం    వహ ించారు    మరియు    నౌ ష ీర్    ఖాత ౌ   మరియు    కమ లే ష్    పాండ ే    క ధ ను    వ్రా సార ు ",133,46
760,"ఇది ఒక దేశానికి మాత్రమే ప్రసారంచేయడం కంటే ఎంతో సమర్థవంతంగా ఉంటుంది, ఎందుకంటే స్వదేశీ వినోద కార్యక్రమాలు మరియు స్వదేశీ వార్తా సిబ్బంది సేకరించిన సమాచారాన్ని దేశీయులు కాని ప్రేక్షకులకు అనువుగా మార్చి ఏర్పరిచి చవుకగా అందించవచ్చు కనుక","ఇది    ఒక    దేశ ానికి    మాత్రమే    ప్రసార ం చేయడం    కంటే    ఎంతో    సమర్థ వంతంగా    ఉంటుంది,    ఎందుకంటే    స్వ దేశ ీ    వినో ద    కార్యక్రమ ాలు    మరియు    స్వ దేశ ీ    వార్ తా    సిబ్బ ంది    సేకరించ ిన    సమాచారాన్ని    దేశ ీ య ులు    కాని    ప్రేక్ష కులకు    అను వుగా    మార్చి    ఏర్ పరిచ ి    చ వు క గా    అందించ వచ్చు    కను క ",203,53
761,చిట్టి యొక్క విజయంతో ఆగ్రహించిన దినేంద్ర సింథసైజర్ నుండి పక్షి ఆత్మను విడుదల చేస్తాడు,చి ట్టి    యొక్క    విజయ ంతో    ఆ గ్రహ ించిన    ది నే ంద్ర    సిం థ సై జర్    నుండి    పక్ష ి    ఆత్మ ను    విడుదల    చేస్త ాడు ,75,23
762,"ఆ సూపర్ స్టార్ ని అలా ఒక మానవ నేత్రం మరియు ఒక గాయపుమచ్చగల లోహ నేత్రంతో చూసిన చోట దృశ్యపరంగానే కాక, తాను 'టర్మినేటర్లలను"" సృష్టించాను అని ఆ చెడ్డ రోబో ప్రకటించినప్పుడు అది ఉద్దేశ్యపూర్వకమని స్పష్టం అవుతుంది","ఆ    సూపర్    స్టార్    ని    అలా    ఒక    మానవ    నే త్ర ం    మరియు    ఒక    గాయ పు మ చ్చ గల    లో హ   నే త్ర ంతో    చూ సిన    చో ట    దృ శ్య పర ంగా నే    కా క,    తాను    ' టర్ మి నే టర్ ల ల ను ""    సృష్ట ించ ాను    అని    ఆ    చె డ్డ   రో బ ో    ప్రకట ించినప్పుడు    అది    ఉద్దేశ ్య పూర్వ క మని    స్పష్ట ం    అవు తుంది ",177,65
763,"ఈ విజయం సాధించిన తర్వాత ఈ చిత్రం తూర్పు ఆసియా మార్కెట్లలో ప్రదర్శించబడి, తైవాన్లో 2010, డిసెంబర్ 17 న విడుదలయి, ఆ తరువాత హాంగ్ కాంగ్లో 2011, సెప్టెంబర్ 1న విడుదలయింది","ఈ    విజయం    సాధించిన    తర్వాత    ఈ    చిత్రం    తూర్పు    ఆసియా    మార్కె ట్ లలో    ప్రదర్శ ించబడ ి,    తై వా న్లో    201 0 ,    డిసెంబర్    17    న    విడుద లయ ి,    ఆ    తరువాత    హా ంగ్    కా ంగ్ లో    201 1 ,    సెప్టెంబర్    1న    విడుద లయ ింది ",143,41
764,"ఈ పాట 230 పాయింట్లు అందుకున్నది, అందులో 12 పాయింట్ల చొప్పున 10 సెట్లు బెల్జియం, బల్గేరియా, హంగేరీ, యునైటెడ్ కింగ్డమ్, టర్కీ, అల్బేనియా, సిప్రస్, సర్బియా మరియు మోంటెనెగ్రో, స్వీడెన్, మరియు జర్మనీ నుండి పొంది వివిధ దేశాలలో, ముఖ్యంగా గ్రీసులో పెద్ద విజయం సాధించింది","ఈ    పాట    2 30    పాయిం ట్లు    అందు కున్న ది,    అందులో    12    పాయిం ట్ల    చొ ప్పు న    10    సె ట్లు    బెల్ జియ ం,    బ ల్ గే రియ ా,    హంగ ే రీ ,    యునైటెడ్    క ింగ ్డ మ్,    టర్ క ీ,    అల్ బే నియా ,    సి ప్ర స్,    సర్ బ ియా    మరియు    మో ంట ె నె గ్ర ో,    స్వీ డె న్,    మరియు    జర్మ నీ    నుండి    పొ ంది    వివిధ    దేశ ాలలో,    ముఖ్యంగా    గ్రీ సులో    పెద్ద    విజయం    సాధించ ింది ",229,75
765,"అమోల్ పాలేకర్ మరియు జరీనా వహాబ్ నటించిన, ఘరోందా(1977) మరియు షర్మిల టాగూర్ మరియు ఉత్తమ్ కుమార్ నటించిన దూరియాన్(1979) వంటి విమర్శకుల ప్రశంసలందుకొన్నచిత్రాల దర్శకత్వానికి ఆయన కీర్తి గడించారు","అ మో ల్    పాల ే కర్    మరియు    జ రీ నా    వ హా బ్    నట ించిన ,    ఘ రో ంద ా ( 197 7 )    మరియు    ష ర్ మి ల    టా గూ ర్    మరియు    ఉత్త మ్    కుమార్    నటించిన    దూ రియా న్ ( 197 9 )    వంటి    విమర్శకుల    ప్రశం సల ందు కొ న్న చిత్ర ాల    దర్శ క త్వానికి    ఆయన    కీ ర్ తి    గడ ించారు ",167,62
766,"1951లో, ""ది లేడీ విత్ ఎ లాంప్""లో అన్నా నీగల్ నటించింది","195 1 లో,    "" ది    లే డీ    వి త్    ఎ    లా ం ప్ "" లో    అన్న ా    నీ గ ల్    నట ించ ింది ",46,23
767,"ఒక పూర్తి నిడివిగల మూకీ చిత్రాన్ని నిర్మించేందుకు, ఆ కుటుంబానికి చెందిన భూప్రదేశంలోని తోటలలో ఒక తాత్కాలిక స్టూడియోను తయారుచేసి, వారు ది లాస్ట్ కిస్ పేరుతో పూర్తి నిడివిగల ఒక మూకీ చిత్రాన్ని నిర్మించి, 1931 లో విడుదల చేశారు","ఒక    పూర్తి    ని డి వి గల    మూ కీ    చిత్రాన్ని    నిర్మ ించే ందు కు,    ఆ    కుటుంబ ానికి    చెందిన    భూ ప్రదేశ ంలోని    తో ట లలో    ఒక    తాత్ కాలిక    స్ట ూడ ియో ను    తయ ారు చేసి,    వారు    ది    లా స్ట్    కి స్    పేరుతో    పూర్తి    ని డి వి గల    ఒక    మూ కీ    చిత్రాన్ని    నిర్మ ించి,    193 1    లో    విడుదల    చేశ ారు ",193,57
768,కెనెత్ వాల్ష్ మరియు క్యాథీ బేట్స్ నటించిన క్లేర్ డి లూన్ గా (1987) టెరన్స్ మెక్ నెలీచే తన స్వంత బ్రాడ్ వే వెలుపలి నాటకం ఫ్రాంకీ అండ్ జానీ నుండి ఇది రూపాంతరణ పొందినది,కె నె త్    వ ాల్ ష్    మరియు    క్యా థ ీ    బే ట్స్    నటించిన    క్ లే ర్    డి    లూ న్    గా    ( 198 7 )    టె ర న్స్    మె క్    నె లీ చే    తన    స్వంత    బ్ర ాడ్    వే    వెలుప లి    నాట కం    ఫ్రా ంక ీ    అండ్    జా నీ    నుండి    ఇది    రూపా ంత రణ    పొంద ిన ది ,139,55
769,"2011లో,దట్ గర్ల్ ఇన్ ఎల్లో బూట్స్ అనే ఉత్కంఠభరిత చిత్రానికి కాశ్యప్ దర్శకత్వం వహించారు, ఇందులో నటించిన కల్కి కొచ్లిన్ ఈ చిత్రానికి అతనితోబాటు కథను వ్రాసారు","201 1 లో , ద ట్    గర్ ల్    ఇ న్    ఎ ల్లో    బూ ట్స్    అనే    ఉత్ కం ఠ భ రిత    చిత్రానికి    కాశ ్య ప్    దర్శకత్వం    వహ ించారు,    ఇందులో    నటించిన    కల్ కి    కొ చ్ లిన్    ఈ    చిత్రానికి    అతని తో బాటు    కథ ను    వ్రా సార ు ",136,44
770,ఆ సినిమా కోసం ఆమె గ్రీకు నేర్చుకోవలసి వచ్చింది మరియు డబ్బింగు కూడా ఆమే చెప్పుకుంది,ఆ    సినిమా    కోసం    ఆమె    గ్రీకు    నేర్చు కోవ ల సి    వచ్చ ింది    మరియు    డబ్బ ింగ ు    కూడా    ఆ మే    చె ప్పు కు ంది ,71,22
771,"ఈ చిత్రం 2016 సిడ్ని ఫిల్మ్ ఫెస్టివల్ మరియు 2016 కాన్స్ ఫిల్మ్ ఫెస్టివల్లో, డైరెక్టర్స్ ఫోర్ట్ నైట్ విభాగంలో ప్రదర్శించబడి సానుకూల స్పందనని అందుకుంది","ఈ    చిత్రం    2016    సి డ్ ని    ఫిల్మ్    ఫె స్టి వ ల్    మరియు    2016    కా న్స్    ఫిల్మ్    ఫె స్టి వ ల్ లో,    డైరె క్ టర్ స్    ఫోర్ ట్    నై ట్    విభాగంలో    ప్రదర్శ ించబడి    సాను కూల    స్పంద నని    అందు కు ంది ",131,39
772,"అదనంగా,జపానుకు చెందిన గృహ వీడియో దుకాణాల సంస్థ 2014లో నిర్వహించిన 4వ వీడియోయాసన్ అవార్డ్స్ లో 3 ఇడియట్స్ గ్రాండ్ ప్రైజ్ అందుకున్నది; దేశ విదేశీయ హాలీవుడ్ నిర్మాణాలతో సహా వేలాది చిత్రాలు, యానిమే, మరియు టెలివిజన్ కార్యక్రమాలను వెనుకకి నెడుతూ 2013 లో విడుదలైన ఉత్తమ వీడియోగా 3 ఇడియట్స్ ఎన్నికయ్యింది","అదన ంగా , జపా ను కు    చెందిన    గృహ   వీడియ ో    దుకాణ ాల    సంస్థ    201 4లో    నిర్వహ ించిన    4 వ    వీడియ ో యా సన్    అవార్ డ్స్    లో    3    ఇ డియ ట్స్    గ్రా ండ్    ప్రై జ్    అందు కున్న ది ;    దేశ   విదేశ ీయ    హ ాల ీవుడ్    నిర్మాణ ాలతో    సహా    వే లాది    చిత్ర ాలు,    య ాని మ ే,    మరియు    టెలివిజన్    కార్యక్రమ ాలను    వెను క కి    నె డు తూ    2013    లో    విడుదలైన    ఉత్తమ    వీడియ ో గా    3    ఇ డియ ట్స్    ఎన్నిక య్య ింది ",259,79
773,"అది ఒక ఫిల్మ్ఫేర్ పురస్కారంగానే భావించబడినా, ఆయన ఒక ఇంటర్వ్యూ లో ""నేను ఒక ఫిల్మ్ఫేర్ పురస్కారం రాయలేదు"" అని చెప్పారు","అది    ఒక    ఫిల్ మ్ ఫేర్    పురస్కార ంగా నే    భావ ించబడ ినా,    ఆయన    ఒక    ఇంటర్ వ్య ూ    లో    "" నేను    ఒక    ఫిల్ మ్ ఫేర్    పురస్కార ం    రాయ లేద ు ""    అని    చెప్ప ారు ",101,32
774,"జోర్డన్ పీలే తీసిన అస్ చిత్రంలో, 1986 లో యాడి అనే ఒక చిన్న పాప షామన్ యొక్క విజన్ క్వెస్ట్ అనే ఆకర్షణస్థలం వరకు వెళ్లి లోపలికి వెళ్తుంది, దాని ముఖద్వారంపైన స్థానిక అమెరికా పురుషుడొకడు తలపై పాగాతో తన కుడి చేతిని సంభావ్య అన్వేషకులవైపు చూపుతుంటాడు","జో ర్ డ న్    పీ లే    తీ సిన    అ స్    చిత్ర ంలో,    198 6    లో    య ాడ ి    అనే    ఒక    చిన్న    పా ప    షా మన్    యొక్క    విజన్    క్ వె స్ట్    అనే    ఆకర్ష ణ స్థలం    వరకు    వెళ్లి    లోప ల ికి    వెళ్ తుంది,    దాని    ముఖ ద్వార ం పైన    స్థానిక    అమెరికా    పురుష ు డ ొ క డు    త లపై    పా గా తో    తన    కుడి    చే తిని    సంభా వ్య    అన్ వేష కుల వైపు    చూపు తు ంట ాడు ",209,73
775,విడుదలైన ఆధునిక సినిమాలను అనేక భాషలలో డబ్ చేయడంతో పాన్-ఇండియన్ సినిమా ఉద్యమం రూపొందింది,విడుదలైన    ఆధునిక    సినిమ ాలను    అనేక    భాష లలో    డ బ్    చేయడ ంతో    పా న్- ఇండియన్    సినిమా    ఉద్య మం    రూపొంద ింది ,77,19
776,"తన వృత్తిజీవితంలో మునుపు ఎన్నడూ పునర్నిర్మాణ చిత్రంలో నటించని ఆమిర్ ఖాన్, ఈ చిత్రంలో నటించేందుకు మొదట సంకోచించాడు కాని తమిళ గజిని మాతృక చిత్రంలో నటించిన సూరియా అతనికి ""మీరు ఒక్కరే ఈ పాత్రకి న్యాయం చేయగలరని"" చెప్పగా అతను ఒప్పుకున్నాడు","తన    వృత్తి జీవి తంలో    మును పు    ఎన్న డ ూ    పునర్ నిర్మాణ    చిత్రంలో    నట ించ ని    ఆ మి ర్    ఖా న్,    ఈ    చిత్రంలో    నట ించేందుకు    మొదట    సం కో చ ించ ాడు    కాని    తమిళ    గ జి ని    మా తృ క    చిత్రంలో    నటించిన    సూ రియా    అతనికి    "" మీరు    ఒక్క రే    ఈ    పాత్ర కి    న్యాయ ం    చేయ గల ర ని ""    చెప్ప గా    అతను    ఒ ప్పు కున్న ాడు ",203,64
777,"2000లో, అతను డ్రమ్స్ వాదకుడు డెన్నిస్ చేంబర్స్ (కార్లోస్ సాంటానా, జాన్ మెక్ లాఫ్లిన్, తదితరులు) తో కలిసి రెస్క్యు ని రికార్డు చేసాడు, మరియు 2006లో, అతిథులు డిజె లాజిక్ మరియు కెల్లర్ విలియమ్స్ (గిటార్ అండ్ బాస్) తో కలిసి చాటౌ బెనారస్ విడుదల చేసారు","200 0 లో,    అతను    డ్ర మ్స్    వాద కుడు    డె న్ని స్    చే ంబ ర్స్    ( కార్ లో స్    సా ంట ా నా,    జాన్    మె క్    లా ఫ్ లి న్,    త దిత ర ులు )    తో    కలిసి    రె స్ క్య ు    ని    రికార్ డు    చేస ాడు,    మరియు    200 6 లో,    అతి థ ులు    డి జె   లా జ ిక్    మరియు    కె ల్ల ర్    వి లియ మ్స్    ( గి ట ార్    అండ్    బాస్ )    తో    కలిసి    చా ట ౌ   బె నార స్    విడుదల    చేస ారు ",212,82
778,"రేడియో 4 ఆర్కైవ్‌లలోని అనేక హాస్య, నాటకీయ కార్యక్రమాలు బిబిసి రేడియో 4 ఎక్స్ట్రాలో ప్రసారం అవుతాయి","రేడియ ో    4    ఆర్ కై వ ్‌ ల లోని    అనేక    హా స్య ,    నాట కీ య    కార్యక్రమ ాలు    బి బి సి    రేడియ ో    4    ఎక్ స్ట ్రా లో    ప్రసార ం    అవు త ాయి ",86,33
779,ప్రాంతీయ భాషలలో అత్యుత్తమమైన చిత్రాలకు కూడా జాతీయ చిత్ర పురస్కారాలు ఇస్తారు,ప్రాంతీయ    భాష లలో    అత్యుత్త మ మైన    చిత్ర ాలకు    కూడా    జాతీయ    చిత్ర    పురస్కార ాలు    ఇ స్త ారు ,67,16
780,"నేహా అత్తమామలు నికిత చనిపోయిందనుకుంటారు, మరియు నికిత తన సమస్యల లోంచి బయట పడటానికి నేహాలా నటించటం ఒక మార్గం అని గ్రహిస్తుంది","నే హా    అ త్త మా మ లు    నిక ిత    చనిపోయ ింద ను కుంట ారు,    మరియు    నిక ిత    తన    సమస్య ల    లో ంచి    బయట    పడ టానికి    నే హ ాలా    నట ించ టం    ఒక    మార్గం    అని    గ్ర హి స్తుంది ",107,37
781,"ఈ రెండు పాటలకు సాహిత్యం సాహితీ రాసారు, మిగిలిన పాటలను రామ జోగయ్య శాస్త్రి, చంద్రబోస్, దేవి శ్రీప్రసాద్ మరియు భాస్కరభట్ల రాసారు","ఈ    రెండు    పాట లకు    సాహిత్యం    సాహిత ీ    రా స ారు,    మిగిలిన    పాట లను    రా మ    జ ోగ య ్య    శాస్త్ర ి,    చంద్ర బో స్,    దేవి    శ్రీ ప్ర సా ద్    మరియు    భా స్ కర భ ట్ల    రా సార ు ",110,38
782,"ది ఇండియన్ ఎక్స్ప్రెస్ కి చెందిన శుభ్రా గుప్తా ఈ చిత్రంలోని ప్రధాన పాత్రధారులు ""కలిసి బాగా నటించారు"" అని అభినందించి, కానీ ""పేలవమైన కథని పైకెత్తటానికి"" ఒత్తిడి చేయబడ్డారని చిత్రానికి 5 కి 2","ది    ఇండియన్    ఎక్ స్ ప్ర ెస్    కి    చెందిన    శు భ్ర ా    గుప్ తా    ఈ    చిత్ర ంలోని    ప్రధాన    పాత్ర ధార ులు    "" కలిసి    బాగా    నట ించ ారు ""    అని    అభ ిన ంద ించి,    కానీ    "" పే లవ మైన    కథ ని    పై కె త్త ట ాని కి ""    ఒత్తి డి    చేయబడ ్డ ారని    చిత్రానికి    5    కి    2 ",163,55
783,5 ఇచ్చారు,5    ఇచ్చ ారు ,8,3
784,"51వ ప్రతికృతి వలె, ఈ ప్రతికృతి కూడా హైబ్రిడ్ విధానంలో జరిగింది, ఇందులో ఆన్లైన్ లో మరియు ముఖాముఖీగా కలిసి పాల్గొన్నారు","5 1వ    ప్ర తిక ృ తి    వల ె ,    ఈ    ప్ర తిక ృ తి    కూడా    హై బ్రి డ్    విధాన ంలో    జరిగ ింది,    ఇందులో    ఆన్ లైన్    లో    మరియు    ముఖ ా ముఖ ీగా    కలిసి    పాల్గొ న్న ారు ",102,35
785,కొచ్చిలోని సోమ కేరళ పాలస్‌ను ఈ సినిమాలో కర్మ ఇన్స్టిట్యూట్ (గురుస్వామి పాఠశాల)గా చూపించారు,కొచ్చ ి లోని    సో మ    కేరళ    పాల స్‌ను    ఈ    సినిమా లో    కర్ మ    ఇన్ స్టిట్యూ ట్    ( గురు స్వామి    పాఠశాల ) గా    చూప ించారు ,80,24
786,"నిఖిల్ డీసూజా, మోనాలి ఠాకూర్, లక్కీ అలీ, రాహత్ ఫతెహ్ అలీ ఖాన్ , శేఖర్ రజ్వియాని, కారలీసా మోంటెరో, మోహిత్ చౌహాన్, శృతి పాఠక్, విశాల్ దాద్లాని, శిల్పా రావు మరియు అభిజిత్ వాఘాని గాత్రాలని అందించారు","ని ఖి ల్    డీ సూ జా ,    మో న ాలి    ఠా కూ ర్,    ల క్క ీ    అ లీ ,    రా హ త్    ఫ తె హ ్    అలీ    ఖాన్    ,    శే ఖ ర్    ర జ్ వియ ాని ,    కార లీ సా    మో ంట ె రో ,    మో హిత ్    చౌ హా న్,    శృ తి    పాఠ క్,    వి శ ాల్    దా ద్ ల ాని ,    శిల్ప ా    రావు    మరియు    అభి జ ిత్    వా ఘా ని    గా త్ర ాలని    అందించ ారు ",167,78
787,"యాశు ఆ తర్వాత, బాంటు అంత సమర్థుడై, సీఈఓ అవటానికి, వాల్మీకిని రాజ్ కి ఐదేళ్ళ పాటు శిక్షణ ఇమ్మంటాడు","యా శ ు    ఆ    తర్వాత,    బా ంట ు    అంత    సమర్థ ు డై ,    సీ ఈ ఓ    అవ ట ానికి,    వ ాల్ మీ కి ని    రాజ్    కి    ఐ దే ళ్ళ    పాటు    శిక్షణ    ఇ మ్మ ంట ాడు ",83,35
788,"వాళ్ళు తమ కార్లలో ఒకరినొకరు వెంబడించినప్పుడు, రాజ్ మీరాను చావునుండి రక్షించి తనని ఇంకెన్నడూ కలవద్దని వాళ్ళకి చెబుతాడు","వా ళ్ళు    తమ    కార్ లలో    ఒకరి నొ క రు    వెం బడ ించిన ప్పుడు,    రాజ్    మీ రా ను    చా వు నుండి    రక్ష ించి    తన ని    ఇం కె న్న డ ూ    కల వద్ద ని    వా ళ్ళ కి    చెబు త ాడు ",104,38
789,హిందుస్థాన్ టైమ్స్ నుండి అనుపమ చోప్రా దీనికి 5కి 4,హింద ు స్థా న్    టై మ్స్    నుండి    అను ప మ    చో ప్ర ా    దీనికి    5 కి    4 ,43,17
790,"5 నక్షత్రాలు ఇచ్చి, దీనిని ""ఎత్తుకెగిసే, దహించే, మరియు దృశ్యపరంగా విలాసవంతమైనది"" గా అభివర్ణించి, ""బాజీరావ్ మస్తానీ ఒక సంగీతపర, మోహాలస్య, భావోద్వేగ ప్రేమ కావ్యం""లా నడుస్తుంది అని వ్రాశారు","5    న క్ష త్ర ాలు    ఇచ్చ ి,    దీనిని    "" ఎత్త ు కె గి స ే,    ద హ ించ ే,    మరియు    దృ శ్య పరంగా    వి లా స వంత మైన ది ""    గా    అభివర్ణ ించి,    "" బా జీ రా వ్    మ స్తా నీ    ఒక    సంగీత పర ,    మోహ ాల స్య ,    భావ ో ద్ వేగ   ప్రే మ    కా వ్య ం "" లా    నడు స్తుంది    అని    వ్రా శ ారు ",165,66
791,ఏటా దాదాపు 4,ఏ టా    దాదాపు    4 ,10,4
792,4 కోట్ల మెట్రిక్ టన్నుల సరుకు దేశ ప్రధాన నదులు మరియు జలమార్గాల ద్వారా రవాణా అవుతుంది,4    కోట్ల    మెట్ర ిక్    ట న్న ుల    స రుకు    దేశ   ప్రధాన    నదులు    మరియు    జల మార్గ ాల    ద్వారా    రవాణా    అవు తుంది ,72,20
793,"2010 నివేదిక ప్రకారం, అఫ్ఘానిస్థాన్ లో సుమారు 2","2010    నివేద ిక    ప్రకారం,    అ ఫ్ ఘ ాని స్థా న్    లో    సుమారు    2 ",41,13
794,"1% (లేదా 1,350,000 హెక్టార్లు) మాత్రమే అటవీప్రాంతంగా ఉంది","1 %    ( లేదా    1, 3 50 ,000    హె క్ట ార్ లు )    మాత్రమే    అట వీ ప్రాంత ంగా    ఉంది ",51,19
795,ఖండాంతర ఉపరితలంపై బాహ్య పొర మొత్తం పైపొర కరుగులోని (ముఖ్యంగా బసాల్టుశిల) బసాల్టు కరుగు అంశ భేదం ద్వారా కొంత భాగం మరియు అప్పటికే ఉన్న ఖండాంతర ఉపరితల బాహ్య పొర సమీకరణ నుండి వచ్చినది,ఖండ ాంత ర    ఉ పరి తల ంపై    బా హ ్య    పొ ర    మొత్తం    పై పొ ర    క రుగు లోని    ( ముఖ్యంగా    బ స ాల్ టు శి ల )    బ స ాల్ టు    కరు గు    అంశ   భ ేద ం    ద్వారా    కొంత    భాగం    మరియు    అ ప్పటికే    ఉన్న    ఖండ ాంత ర    ఉ పరి తల    బా హ ్య    పొ ర    సమీ కరణ    నుండి    వచ్చ ిన ది ,154,62
796,"గోధుమ మరియు వరి సాగులో జపాన్ సాధారణంగా స్వయంసమృద్ధి కలిగి ఉన్నప్పటికీ (బియ్యపు పిండి చెక్కలు మరియు ప్రక్రియపరచబడిన ఆహారాల తయారీలో వినియోగం మినహా), ఈ దేశం ఇతర ధాన్యాలు మరియు పశువుల మేత అవసరాలలో 50% వరకు దిగుమతి చేసుకోవలసి వస్తుంది, అలాగే మాంసం అవసరంలో సగానికి పైగా దిగుమతులపై ఆధారపడుతుంది","గో ధు మ    మరియు    వరి    సాగు లో    జపా న్    సాధారణంగా    స్వయ ం సమృద్ధ ి    కలిగి    ఉన్న ప్పటికీ    ( బ ియ ్య పు    పిం డి    చెక్క లు    మరియు    ప్రక్రియ పరచ బడిన    ఆహార ాల    తయార ీలో    వినియోగ ం    మిన హా ),    ఈ    దేశం    ఇతర    ధాన్య ాలు    మరియు    ప శ ువ ుల    మే త    అవసర ాలలో    50 %    వరకు    దిగు మతి    చేసుకోవ ల సి    వస్తు ంది,    అలాగే    మా ం సం    అవసర ంలో    సగ ానికి    పైగా    దిగు మత ులపై    ఆధార పడు తుంది ",250,78
797,అమెరికా భూగర్భ శాస్త్రవేత్త గ్రోవ్ కార్ల్ గిల్బర్ట్ 1882 లో తొలిసారి ప్రతిభంధక అవక్షేపాలు సముద్రతీరంలోని వనరుల నుండి వచ్చాయని వాదించాడు,అమెరికా    భూ గర్భ   శాస్త్ర వే త్త    గ్ర ో వ్    కార్ ల్    గి ల్ బర్ ట్    18 8 2    లో    తొలి సారి    ప్రతి భ ంధ క    అవ క్షే పాలు    సముద్ర తీర ంలోని    వనర ుల    నుండి    వచ్చ ాయని    వాద ించ ాడు ,120,39
798,"ఆసన్సోల్లో వేసవికాలం వేడిగాను, పొడిగాను మరియు శీతాకాలం మోస్తరుగాను ఉంటుంది","ఆస న్ సో ల్లో    వేస విక ాల ం    వే డి గా ను,    పొ డి గాను    మరియు    శీతా కాలం    మో స్త రు గాను    ఉంటుంది ",67,23
799,అసన్సోల్ ప్రక్క నుండి నునియా మరియు గౌరి అనే రెండు చిన్న ఏరులు ప్రవహిస్తాయి,అ స న్ సో ల్    ప్ర క్క    నుండి    ను నియా    మరియు    గౌ రి    అనే    రెండు    చిన్న    ఏ రులు    ప్రవహి స్త ాయి ,64,21
800,"భారీ భూకంప అధికేంద్రం తీరం నుండి కొంత దూరంలో సముద్రంలో ఏర్పడితే, సునామీ ఏర్పడేంతగా సముద్రగర్భం స్థానచలనం జరుగవచ్చు","భారీ    భూ కంప   అధ ికే ంద్ర ం    తీ రం    నుండి    కొంత    దూరంలో    సముద్ర ంలో    ఏర్పడ ితే,    సు నా మీ    ఏర్పడ ే ంత గా    సముద్ర గర్భ ం    స్థాన చల నం    జరు గ వచ్చు ",101,32
801,"ఎగువ ధరమ్ శాలలో(మెక్లోడ్గంజ్, భాగ్సు నాగ్, మరియు నడ్డితో సహా) శీతాకాలంలో మంచు మరియు హిమపాతం సర్వసాధారణం","ఎగువ    ధర మ్    శాల లో ( మె క్ లో డ్ గ ంజ ్,    భా గ్ సు    నా గ్ ,    మరియు    న డ్డ ితో    స హా )    శీతా కాలంలో    మంచు    మరియు    హిమ పాతం    సర్ వ సాధార ణం ",91,36
802,"జమైకా కేంద్ర ప్రాంతాలలో ఎక్కువగా నిమ్మజాతి పండ్లు పెంచుతారు, ముఖ్యంగా 1,000 -2,500 అడుగుల మధ్య ఎత్తులలో","జ మై కా    కేంద్ర    ప్రాంతాలలో    ఎక్కువగా    ని మ్మ జాతి    పండ ్ లు    పెంచు తారు,    ముఖ్యంగా    1 ,000    - 2, 500    అడుగుల    మధ్య    ఎత్త ులలో ",91,24
803,డెహ్రాడూన్ నగరపు త్రాగునీటి సరఫరా అవసరాలు రెండు ప్రధాన మూలాల నుండి తీరతాయి: ఉపరితల జలం మరియు భూగర్భ జలం,డె హ్ర ాడ ూ న్    నగర పు    త్ర ా గు నీటి    సరఫ రా    అవసర ాలు    రెండు    ప్రధాన    మూల ాల    నుండి    తీర త ాయి :    ఉ పరి తల    జల ం    మరియు    భూ గర్భ   జల ం ,89,34
804,"మామిడి, సపోటా, నారింజ, అరటి, బొప్పాయి, అనాస వంటి వివిధ రకాల పండ్లు మరియు దుంపల పంటలు రైతుల సొంతమైన కొండ ప్రాంతపు భూముల్లో సాగు చేయబడతాయి","మా మి డ ి,    స పో ట ా,    నార ిం జ ,    అర ట ి,    బొ ప్ప ాయి,    అ నా స    వంటి    వివిధ    రకాల    పండ ్ లు    మరియు    దు ంప ల    పంట లు    రై తుల    సొ ంత మైన    కొండ    ప్రాంత పు    భూమ ుల్లో    సా గు    చేయబడ త ాయి ",117,48
805,"తాజా చేపలు ఫ్రాన్స్ కి మరియు ఎండబెట్టి, నిలవచేసిన చేపలు స్పేయిన్, ఇటలీలకు ఎగుమతి అవుతాయి","తా జా    చేప లు    ఫ్రా న్స్    కి    మరియు    ఎ ండ బె ట్టి,    ని లవ చేసిన    చేప లు    స్ పే యి న్,    ఇ ట లీ లకు    ఎగు మతి    అవు త ాయి ",77,30
806,"దీని గుట్టలు సాధారణంగా తక్కువ వెడల్పుతో, కేవలం తూర్పు అంచులలో తప్ప ఎటువంటి విలుల ఆనవాళ్ళు లేకుండా, మాల్దీవుల ప్రమాణాలతో చూస్తే చాలా పెద్దవైన ద్వీపాలతో కప్పబడి ఉంటాయి","దీని    గు ట్ట లు    సాధారణంగా    తక్కువ    వె డ ల్ పు తో,    కేవలం    తూర్పు    అంచ ులలో    తప్ప   ఎటువంటి    వి ల ుల    ఆన వా ళ్ళు    లే కుండా,    మాల్ దీ వుల    ప్రమాణ ాలతో    చూ స్తే    చాలా    పెద్ద వైన    ద్వీ పాల తో    కప్ప బడి    ఉంట ాయి ",145,42
807,తనావ సామర్థ్యం మరియు ఉష్ణనియంత్రణ వంటి గుణాలలో తేడాల కారణంగా సెల్యులోజ్ నార ప్రత్యామ్నాయాలు అటువంటి లక్షణాలే కలిగి ఉన్నా కూడా నూలు వస్త్రాలకు ఖచ్ఛితమైన ప్రతిక్షేపణలు కావు,త నా వ    సామర్థ ్యం    మరియు    ఉష్ణ నియంత్రణ    వంటి    గు ణ ాలలో    తే డ ాల    కారణంగా    సెల ్యు లో జ్    నార   ప్రత్యామ్నాయ ాలు    అ టువంటి    లక్షణ ాల ే    కలిగి    ఉన్న ా    కూడా    నూ లు    వస్త్ర ాలకు    ఖ చ్ఛ ిత మైన    ప్ర త ిక్ష ే ప ణలు    కా వు ,150,48
808,"పత్తి సాగులో అధికంగా నీరు మరియు క్రిమిసంహారకాల వినియోగించటం, నిర్వహణా సంబంధ ఆందోళనలు లేవనెత్తి, సహజ నార ప్రత్యామ్నాయాలకు విపణిని సృష్టించింది","పత్తి    సాగు లో    అధ ికంగా    నీరు    మరియు    క్రి మి సం హార కాల    వినియోగ ించ టం,    నిర్వహ ణా    సంబంధ   ఆందోళ నలు    లే వ నె త్త ి,    సహజ    నార   ప్రత్యామ్నాయ ాలకు    వి ప ణ ిని    సృష్ట ించ ింది ",126,36
809,"శీతలజలాలు గల ధృవాల వైపున కంటే వెచ్చని, స్పష్టమైన ఉష్ణజలాలలో పగడాలు మరింత పుష్కలంగా ఉంటాయి","శీ తల జల ాలు    గల    ధృ వ ాల    వై పున    కంటే    వె చ్చ ని,    స్పష్ట మైన    ఉష్ణ జల ాలలో    ప గడ ాలు    మరింత    పు ష్ కల ంగా    ఉంట ాయి ",78,29
810,"భారతదేశానికి 7,516 కిలోమీటర్ల (4,670 మై) సముద్ర కొస్తారేఖ, 3,827 చేపలు పట్టే గ్రామాలు, మరియు 1,914 చేపలను పట్టి తెచ్చి అప్పగించే సాంప్రదాయక కేంద్రాలున్నాయి","భారతదేశ ానికి    7 , 5 16    కిలోమీటర్ల    ( 4, 6 70    మై )    సముద్ర    కొ స్త ార ే ఖ ,    3 , 8 2 7    చేప లు    పట్ట ే    గ్రామ ాలు,    మరియు    1, 9 14    చేప లను    పట్ట ి    తె చ్చ ి    అప్పగ ించే    సాంప్రదాయ క    కేంద్ర ాలు న్న ాయి ",137,50
811,"మణిపూర్కి సరిపడే వాణిజ్యపంటలలో లిచీ, జీడి, అక్రోటు, నారింజ, నిమ్మ, అనాస, బొప్పాయి, ప్యాషన్ పండు, పీచ్, బేరిపండు మరియు రేగు వంటివి కొన్ని","మణి పూర్ కి    సరి పడ ే    వాణిజ్య పంట లలో    లి చ ీ,    జీ డ ి,    అ క్రో ట ు,    నార ిం జ ,    ని మ్మ ,    అ నా స ,    బొ ప్ప ాయి,    ప్యా షన్    పండ ు,    పీ చ ్,    బే రి పండ ు    మరియు    రే గు    వంటివి    కొన్ని ",119,49
812,"ప్రదర్శన ఏర్పాట్లలో మార్పు జంతు సంరక్షకులు నివాసస్థాన పరిరక్షకులుగా మారడం, సహజారణ్య భూభాగ సంరక్షణతో కూడిన ప్రకృతి, పరిసరాల నిర్వహణ, వృక్ష సంరక్షణ, వాతావరణ నియంత్రణ, మరియు శాస్త్రీయంగా వర్గీకరించిన అనేకానేక జంతులాల గురించి విస్తరించిన పశుసంవర్ధన జ్ఞానం అవసరపడటం, వారి కార్యపరిధిని మార్చుతోంది","ప్రదర్శన    ఏర్ పా ట్ లలో    మార్ పు    జంత ు    సంరక్ష కులు    నివాస స్థా న    పరి రక్ష క ులుగా    మార డం,    సహ జార ణ ్య    భూభాగ   సంరక్ష ణ తో    కూడిన    ప్ర కృ తి,    పరి సర ాల    నిర్వహ ణ,    వృ క్ష    సంరక్ష ణ,    వాతావరణ    నియంత్ర ణ,    మరియు    శాస్త్ర ీ యంగా    వర్గీకరించ ిన    అనే కా నే క    జంత ుల ాల    గురించి    విస్త రించిన    ప శు సం వర్ ధ న    జ్ఞా నం    అవసర పడ టం,    వారి    కార్య పరి ధ ిని    మార్చు తో ంది ",260,79
813,"దేశం లోపలే అంతరించిపోయిన లేదా అంతరించిపోయినట్టుగా భావిస్తున్న ప్రముఖ క్షీరదాలలో భారతీయ లేదా ఆసియా చిరుత, జావా ఖడ్గమృగం, మరియు సుమాత్రా ఖడ్గమృగం ఉన్నాయి","దేశం    లోప లే    అంత రించ ిపోయ ిన    లేదా    అంత రించ ిపోయ ిన ట్టు గా    భావి స్తున్న    ప్రముఖ    క్షీ ర ద ాలలో    భారతీయ    లేదా    ఆసియా    చిరు త,    జా వా    ఖ డ్ గమ ృ గ ం,    మరియు    సు మాత్ర ా    ఖ డ్ గమ ృ గ ం    ఉన్న ాయి ",134,46
814,"గోవా రాష్ట్ర జంతువు గౌర్, రాష్ట్ర పక్షి ఫ్లేమ్-థ్రోటెడ్ బుల్బుల్, మరియు రాష్ట్ర వృక్షం ఇండియన్ లారెల్","గో వా    రాష్ట్ర    జంత ువు    గౌ ర్,    రాష్ట్ర    పక్ష ి    ఫ్ లే మ్ - థ ్ర ో టెడ్    బుల్ బుల ్,    మరియు    రాష్ట్ర    వృక్ష ం    ఇండియన్    ల ారె ల్ ",89,29
815,"వరి ప్రధాన ఆహారపంట కాగా, పప్పు దినుసులు (కాయధాన్యాలు), రాగి (రాగులు), మరియు ఇతర ఆహారపంటలు కూడా పెంచబడతాయి","వరి    ప్రధాన    ఆహార పంట   కాగా,    ప ప్పు    ది ను సులు    ( క ాయ ధాన్య ాలు ),    రాగ ి    ( రాగ ులు ),    మరియు    ఇతర    ఆహార పంట లు    కూడా    పెంచ బడ త ాయి ",92,32
816,"వేసవి కాలంలో మితిమీరిన వేడిమి ఉంటుంది; లోతట్టు ప్రాంతాలలో ఉష్ణోగ్రతలు 50° సీ (122° ఎఫ్) దాటవచ్చు, ఇవి వందలాది భారతీయుల ప్రాణాలు హరించగల వేడి గాల్పులకు దారి తీస్తాయి","వేసవి    కాలంలో    మిత ి మీ రి న    వే డి మి    ఉంటు ంది ;    లోత ట్టు    ప్రాంతాలలో    ఉష్ణోగ్రతలు    50 °   సీ    ( 12 2 °   ఎఫ్ )    దాట వచ్చు,    ఇవి    వంద లాది    భారతీయ ుల    ప్రాణ ాలు    హ రించ గల    వే డి    గ ాల్ ప ులకు    దార ి    తీ స్త ాయి ",143,49
817,"సమశీతోష్ణ ఆకురాల్చే అటవీ జీవపరిణామాలు అనేవి ఉత్తర, దక్షిణ అమెరికా, ఆసియా, హిమాలయాల దక్షిణ వాలులు, ఐరోపా, మరియు సాగుబడి ఉద్దేశ్యాలకై ఒషీనియాలో వ్యాపించి ఉన్న వృక్ష సమూహలు","సమ శీ తో ష్ ణ    ఆ కు రాల ్చ ే    అటవీ    జీవ పరి ణా మ ాలు    అనేవి    ఉత్తర ,    దక్షిణ    అమెరిక ా,    ఆస ియా,    హిమాలయ ాల    దక్షిణ    వాల ులు,    ఐరోపా ,    మరియు    సాగు బడి    ఉద్దేశ ్య ాల క ై    ఒ ష ీ నియా లో    వ్యాప ించి    ఉన్న    వృ క్ష    సమూహ లు ",149,51
818,"ఈ కాలానుగుణ విలక్షణమైన జాతులలో వాటి వాతావరణ పరిస్థితులు వలన, ముఖ్యంగా ఉష్ణోగ్రత మరియు అవక్షేపణ నిష్పత్తులు వలన హెచ్చుగా ప్రభావితమయే విభిన్న జీవరూపాలు ఉన్నాయి","ఈ    కాల ా ను గు ణ    వి లక్షణ మైన    జాత ులలో    వాటి    వాతావరణ    పరిస్థిత ులు    వల న,    ముఖ్యంగా    ఉష్ణోగ్ర త    మరియు    అవ క్షే ప ణ    నిష్ పత్త ులు    వలన    హెచ్చ ుగా    ప్రభావి తమ యే    విభి న్న    జీ వర ూ పాలు    ఉన్న ాయి ",139,42
819,"ప్రధాన ఒడరేవులలో భారత్ లోని కాండ్లా రేవు, ముంద్రా రేవు, పీపవావ్ రేవు, దాహేజ్ రేవు, హజీర రేవు, ముంబై రేవు, న్హవా షేవ రేవు(నవీ ముంబై), మొర్ముగో రేవు (గోవా), న్యూ మంగళూరు రేవు, మరియు కొచ్చి రేవు; పాకిస్థాన్ లోని కరాచీ రేవు, కాశిం రేవు, మరియు గ్వాదర్ రేవు; ఇరాన్ లోని ఛాబహార్ రేవు; మరియు ఒమాన్, సలాలహ్ లోని సలాలహ్ రేవు ఉన్నాయి","ప్రధాన    ఒ డ రే వ ులలో    భారత్    లోని    కా ండ్ లా    రే వు,    ము ంద్ర ా    రే వు,    పీ ప వా వ్    రే వు,    దా హే జ్    రే వు,    హ జీ ర    రే వు,    ముంబై    రే వు,    న్ హ వా    షే వ    రే వు ( నవ ీ    ముంబై ),    మొ ర్ ముగ ో    రే వు    ( గో వా ),    న్యూ    మంగ ళూ రు    రే వు,    మరియు    కొచ్చ ి    రే వు ;    పాకి స్థా న్    లోని    క రా చ ీ    రే వు,    కాశ ిం   రే వు,    మరియు    గ్ వాద ర్    రే వు ;    ఇరా న్    లోని    ఛా బ హార్    రే వు ;    మరియు    ఒ మా న్,    సల ాల హ ్    లోని    సల ాల హ ్    రే వు    ఉన్న ాయి ",274,118
820,"గోండ్వానా మరియు వింధ్య పర్వతావళులు వాటి నడుమన మధ్య ప్రదేశ్, ఛత్తీస్గఢ్, ఒడిషా, బీహార్, జార్ఖండ్, పశ్చిమ బెంగాల్, ఆంధ్ర ప్రదేశ్, మహారాష్ట్ర, జమ్ము కాశ్మీర్, పంజాబ్, హిమాచాల్ ప్రదేశ్, రాజస్థాన్, మరియు ఉత్తరాఖండ్ లలోని భాగాలను చేర్చుకుని ఉన్నాయి","గో ండ్ వా నా    మరియు    విం ధ ్య    పర్వ తా వ ళ ులు    వాటి    నడు మ న    మధ్య    ప్రదేశ ్,    ఛత్తీ స్ గఢ ్,    ఒడి ష ా,    బీ హార్ ,    జార్ ఖండ ్,    పశ్చిమ    బెంగ ాల్,    ఆంధ్ర   ప్రదేశ ్,    మహారాష్ట్ర ,    జమ్మ ు    కాశ్మీ ర్,    పంజా బ్,    హిమా చాల ్    ప్రదేశ ్,    రాజస్థా న్,    మరియు    ఉత్తరా ఖండ్    ల లోని    భాగ ాలను    చే ర్చు కుని    ఉన్న ాయి ",214,66
821,ఉత్తర అమెరికా అడుగున గల అడుగు మట్టములో టోమోగ్రఫీ రెండు పొరలను చూపిస్తుంది,ఉత్తర    అమెరికా    అడుగు న    గల    అడు గు    మట్ట ము లో    టో మ ోగ్ర ఫీ    రెండు    పొర లను    చూ పి స్తుంది ,64,20
822,ప్రతీ నెల అవక్షేపం ఫిబ్రవరి మరియు ఏప్రిల్లో సగటున 54 ఎంఎం (2,ప్ర తీ    నెల    అవ క్షే పం    ఫిబ్రవరి    మరియు    ఏప్రి ల్లో    సగటు న    5 4    ఎం ఎ ం    ( 2 ,51,19
823,"1 అంగుళాలు), ఇంకా జులైలో 78 ఎంఎం (3","1    అం గు ళ ాలు ),    ఇంకా    జ ుల ై లో    7 8    ఎం ఎ ం    ( 3 ",29,18
824,1 అంగుళాలు)మధ్య మారుతూ ఉంటుంది,1    అం గు ళ ాలు ) మధ్య    మారు తూ    ఉంటుంది ,27,10
825,"భూ, నీటి కొరత, అభివృద్ధి చెందని సాగు విధానాలు , మరియు దిబ్బలపై సహాయక సేవల కొరత ఈ ప్రాంతాలలో తక్కువ దిగుబడి, అలాగే, ఆ విధంగా తక్కువ రాబడికి కారణాలైనాయి","భూ ,    నీటి    కొర త,    అభివృద్ధి    చెంద ని    సా గు    విధా నాలు    ,    మరియు    ది బ్బ లపై    సహాయ క    సేవ ల    కొర త    ఈ    ప్రాంతాలలో    తక్కువ    దిగు బడి,    అలా గ ే,    ఆ    విధంగా    తక్కువ    రా బడ ికి    కారణ ాల ై నాయ ి ",128,42
826,"వెదురు గడలు, మరాఠా బెరడులు, చిల్లర్ బెరడులు, మరియు భిరాండ్ ఇక్కడి ప్రధాన అటవీ ఉత్పత్తులు","వె దు రు    గడ లు,    మరాఠా    బె ర డ ులు,    చి ల్ల ర్    బె ర డ ులు,    మరియు    భి రా ండ్    ఇక్క డి    ప్రధాన    అటవీ    ఉత్పత్త ులు ",77,27
827,"వరి, పత్తి, చెరుకు, సజ్జలు, రాగులు, జొన్న, మొక్కజొన్న, బార్లీ మరియు పండ్లు ఇతర ప్రధాన పంటలు","వరి ,    పత్త ి,    చె రు కు,    స జ్ జ లు,    రాగ ులు,    జ ొ న్న ,    మొక్క జ ొ న్న ,    బార్ లీ    మరియు    పండ ్ లు    ఇతర    ప్రధాన    పంట లు ",79,32
828,37 జాతుల సరీసృపాలు మరియు ఉభయచరాలు ఉన్నట్లు సమాచారం,3 7    జాత ుల    సర ీ స ృ పాలు    మరియు    ఉ భయ చర ాలు    ఉన్నట్లు    సమాచారం ,44,16
829,"స్విస్ కెనాల్ ని నిర్వహించిన దే లెసెప్స్ కంపనీ, పనామా కెనాల్ ని నిర్మించేందుకు 1880 లలో తొలిగా ప్రయత్నం చేసింది","స్వి స్    కె న ాల్    ని    నిర్వహ ించిన    దే    లె సె ప్ స్    కంప నీ,    ప నా మా    కె న ాల్    ని    నిర్మ ించేందుకు    18 80    లలో    తొలి గా    ప్రయత్నం    చేస ింది ",96,32
830,"ఈ పట్టణ గుండా మూడు జలమార్గాలు ప్రయాణిస్తాయి: పశ్చిమం నుండి దక్షిణానికి, వీస్పెరట్రేక్ర్వార్ట్, ఉత్తరం నుండి తూర్పుకి అంస్టర్డ్యామ్-రైన్ కనాల్, మరియు దక్షిణం నుండి ఉత్తరానికి డీమెల్ నది","ఈ    పట్టణ    గుండా    మూడు    జల మార్గ ాలు    ప్రయా ణి స్త ాయి :    పశ్చి మం    నుండి    దక్షి ణ ానికి,    వీ స్పె ర ట్ర ే క్ర ్వ ార్ ట్,    ఉత్త రం    నుండి    తూర్ పు కి    అం స్ట ర్ డ ్యా మ్ - రై న్    కన ాల్,    మరియు    దక్షి ణం    నుండి    ఉత్తరా నికి    డీ మె ల్    నది ",164,54
831,రెండు రకాల వ్యవసాయ నిర్వహణా పద్ధతులలో సేంద్రియ వ్యవసాయం మరియు సంప్రదాయ వ్యవసాయం ఉన్నాయి,రెండు    రకాల    వ్యవసాయ    నిర్వహ ణా    పద్ధత ులలో    సే ంద్ర ియ   వ్యవసాయ ం    మరియు    సంప్రదాయ   వ్యవసాయ ం    ఉన్న ాయి ,77,18
832,"స్ట్రాటోస్పియర్ లో సల్ఫేట్ కలిగిన ద్రవ తుంపరల రసాయన చర్యలు ఓజోన్ పొరను దెబ్బతీయవచ్చు, అలాగే హైడ్రోజన్ క్లోరైడ్ (హెచ్ సీ ఎల్) మరియు హైడ్రోజన్ ఫ్లోరైడ్ (హెచ్ ఎఫ్) వంటి ఆమ్లములు నేల మీదకు ఆమ్లవర్షంగా పడగలవు","స్ట ్రా టో స్ప ియర్    లో    సల్ ఫే ట్    కలిగిన    ద్ర వ    తు ంప ర ల    ర సాయ న    చర్య లు    ఓ జో న్    పొర ను    దెబ్బ తీయ వచ్చు,    అలాగే    హై డ్ర ోజ న్    క్ లో రై డ్    ( హె చ్    సీ    ఎల్ )    మరియు    హై డ్ర ోజ న్    ఫ్లో రై డ్    ( హె చ్    ఎఫ్ )    వంటి    ఆ మ్ ల మ ులు    నే ల    మీ ద కు    ఆ మ్ ల వర్ష ంగా    పడ గల వు ",176,76
833,"ఉష్ణమండలీయ వర్ష వాతావరణంతో, అస్సాం సమశీతోష్ణంగా (వేసవిలో గరి","ఉష్ణమండ లీ య    వర్ష   వాతావర ణ ంతో,    అస్సా ం    సమ శీ తో ష్ ణంగా    ( వేస విలో    గ రి ",54,19
834,95° - 100° ఫా,9 5 °   -    10 0 °   ఫ ా ,10,9
835,లేదా 35° - 38° సెం,లేదా    3 5 °   -    3 8 °   సె ం ,14,10
836,మరియు శీతాకాలంలో కని,మరియు    శీతా కాలంలో    క ని ,18,5
837,43° - 46° ఫా,4 3 °   -    4 6 °   ఫ ా ,9,9
838,లేదా 6° - 8° సెం,లేదా    6 °   -    8 °   సె ం ,12,8
839,") ఉండి, అధిక వర్షపాతం పొందుతూ, అధిక తేమ కలిగి ఉంటుంది",")    ఉండి,    అధిక    వర్షపాతం    పొందు తూ,    అధిక    తే మ    కలిగి    ఉంటుంది ",45,11
840,"ఈ ప్రాంతంలో సగటున దాదాపు 10,000 మిల్లీమీటర్లు (390 అంగుళాలు), అంతకు మించిన అధిక వర్షపాతం, పర్యావరణ వ్యవస్థకి అధిక భూకంప చర్యలు, మరియు వరదల వంటి సమస్యలను కలిగిస్తుంది","ఈ    ప్రాంతంలో    సగటు న    దాదాపు    10 ,000    మి ల్ల ీ మీటర్లు    ( 3 9 0    అం గు ళ ాలు ),    అంత కు    మ ించిన    అధిక    వర్ష పాత ం,    పర్యావరణ    వ్యవస్థ కి    అధిక    భూ కంప   చర్య లు,    మరియు    వర దల    వంటి    సమస్య లను    కలిగ ి స్తుంది ",144,45
841,"2021 నాటికి, భారతదేశంలో (కేంద్ర లేదా సమాఖ్య ప్రభుత్వం అని కూడా పిలువబడే) జాతీయ ప్రభుత్వం కంటే వేరుగా ఎన్నుకోబడిన, ప్రతి ఒకటి దాని సొంత ప్రభుత్వం కల 28 రాష్ట్రాలు, మరియు కేంద్ర ప్రభుత్వం ద్వారా పాలించబడే 8 కేంద్రపాలిత ప్రాంతాలు ఉన్నాయి","202 1    నాటికి,    భారతదేశంలో    ( కేంద్ర    లేదా    సమా ఖ ్య    ప్రభుత్వం    అని    కూడా    పిలు వ బడ ే )    జాతీయ    ప్రభుత్వం    కంటే    వే రుగా    ఎన్న ు కో బడ ిన ,    ప్రతి    ఒకటి    దాని    సొంత    ప్రభుత్వం    క ల    2 8    రాష్ట్ర ాలు,    మరియు    కేంద్ర    ప్రభుత్వం    ద్వారా    పాల ించబడే    8    కేంద్ర పాలిత    ప్రాంతాలు    ఉన్న ాయి ",203,52
842,"ఈ సందర్భంగా, యే కాల్పులు కూడా జరగకుండానే బుకాయింపు ద్వారా సురక్షితంగా బయటపడడంలో ఆ భారతీయులు విజయం సాధించారు","ఈ    సందర్భ ంగా,    యే    కాల్ పులు    కూడా    జరగ కుండ ా నే    బు క ాయ ింపు    ద్వారా    సురక్షిత ంగా    బయట పడ డంలో    ఆ    భారతీయ ులు    విజయం    సాధించ ారు ",94,27
843,"ఐఆర్‌ను ఇంకా ఒక్కోదానికి ఒక డివిజనల్ ప్రధాన కేంద్రంతో, అరవై ఏడు డివిజన్‌లుగా ఉపవిభజన చేసారు","ఐ ఆ ర్‌ను    ఇంకా    ఒ క్ కో దానికి    ఒక    డి విజ నల్    ప్రధాన    కేంద్ర ంతో,    అర వై    ఏడు    డి విజ న్‌ లుగా    ఉప విభజన    చేస ారు ",80,26
844,"ముందుకు సాగుతున్న ఎర్ర సైన్యం కంటే ముందుగా పారిపోతున్న తూర్పు ప్రషియా, సిలేసియా మరియు పోమెరేనియాలోని జర్మన్ ప్రావిన్సులకు చెందిన నివాసితులు తరలింపు సమయంలో పెద్ద సంఖ్యలలో, కొందరు చలి మరియు ఆకలి కారణంగా, కొందరు పోరాట కార్యకలాపాలలో, మరణించారు","ముందుకు    సాగు తున్న    ఎ ర్ర   సైన్యం    కంటే    ముందు గా    పారి పో తున్న    తూర్పు    ప్ర షియ ా,    సి లే స ియా    మరియు    పో మె రే నియా లోని    జర్మ న్    ప్రావి న్స ులకు    చెందిన    నివాస ితులు    తర లిం పు    సమయంలో    పెద్ద    సంఖ్య లలో,    కొందరు    చ లి    మరియు    ఆ క లి    కారణంగా,    కొందరు    పోరాట    కార్యకలా పాల లో,    మరణ ించారు ",211,56
845,"గెలుపొందిన అభ్యర్థి నుండి తొలగించబడిన అభ్యర్థికి ఓట్లను బదిలీ చేయడం అసాధ్యం, మరియు తర్వాతి ప్రాధ్యానత ఏదైనా గుర్తించబడి ఉంటే దానిని సూచించాలి","గెలు పొందిన    అభ్యర్థ ి    నుండి    తొలగ ించబడిన    అభ్యర్థ ికి    ఓ ట్లను    బది లీ    చేయడం    అ సాధ్య ం,    మరియు    తర్వా తి    ప్రా ధ్యా న త    ఏదైనా    గుర్త ించబడి    ఉంటే    దానిని    సూచ ించ ాలి ",125,32
846,"టి రంగాచారి అనే మద్రాస్‌కు చెందిన ఒక న్యాయవాది నాయకత్వంలో ముగ్గురు బ్రిటిష్ వారు, ముగ్గురు భారతీయులు ఐసిసిలో ఉండినారు","టి    రంగ ా చార ి    అనే    మద ్రా స్‌కు    చెందిన    ఒక    న్యాయ వా ది    నాయ కత్వ ంలో    ముగ్గురు    బ్రిటిష్    వారు,    ముగ్గురు    భారతీయ ులు    ఐ సి సి లో    ఉండిన ారు ",103,29
847,"2020లో, ఈ చట్టాన్ని సవరించడానికి ఆర్థికమంత్రి నిర్మలా సీతారామన్ ఒక బిల్లును ప్రవేశపెట్టారు","20 20 లో,    ఈ    చట్ట ాన్ని    సవర ించడానికి    ఆర్థ ిక మంత్రి    నిర్మ లా    సీ తారా మన్    ఒక    బి ల్లు ను    ప్రవేశపెట్ట ారు ",81,22
848,"డిసెంబర్ 2012లో, వయనాడ్ వన్యప్రాణి అభయారణ్యపు అంచులలోని ఒక కాఫీ తోటలో కేరళ అటవీశాఖ ఒక పులిని కాల్చిచంపింది","డిసెంబర్    201 2 లో,    వయ న ాడ్    వన్య ప్రా ణి    అభయారణ్య పు    అంచ ుల లోని    ఒక    కా ఫీ    తో ట లో    కేరళ    అట వీ శాఖ    ఒక    పుల ిని    కాల ్చ ి చంప ింది ",93,33
849,పశువులను పులి ఎత్తుకెళ్ళిపోతూ ఉండడంతో పెద్ద ఎత్తున నిరసనలు వెల్లువెత్తిన నేపథ్యంలో కేరళ ప్రధాన వన్యప్రాణి సంరక్షకుడు ఆ జంతువును వేటాడమని ఆదేశించారు,ప శ ువ ులను    పుల ి    ఎత్త ు కె ళ్ళ ిపో తూ    ఉండ డంతో    పెద్ద    ఎత్త ు న    నిరస నలు    వె ల్లు వె త్త ిన    నేపథ ్యంలో    కేరళ    ప్రధాన    వన్య ప్రా ణి    సంరక్ష కుడు    ఆ    జంత ు వును    వే ట ాడ మని    ఆదేశ ించారు ,131,44
850,ఆ బిల్లు పౌరసత్వానికి వారి ప్రస్తుత మార్గాన్ని మార్చనందున అది ముస్లింలకు వ్యతిరేకం కాదని షా దృఢంగా చెప్పారు,ఆ    బి ల్లు    పౌర సత్ వానికి    వారి    ప్రస్తుత    మార్ గాన్ని    మార్చ న ందున    అది    ముస్లిం లకు    వ్యతిరే కం    కా దని    షా    దృ ఢ ంగా    చెప్ప ారు ,94,26
851,"1992 జనవరిలో, షార్ట్-సర్వీస్ కమీషన్‌లలో ఉండగానే మహిళలను సైన్యంలోని పోరాట రహిత శాఖలలో నియమించటానికి కేంద్ర ప్రభుత్వం అనుమతినిచ్చింది","199 2    జన వరి లో,    ష ార్ ట్ - సర్వీస్    క మీ షన్‌ లలో    ఉండ గానే    మహిళ లను    సైన్య ంలోని    పోరాట    రహ ిత    శాఖ లలో    నియమ ించ టానికి    కేంద్ర    ప్రభుత్వం    అనుమ తి నిచ్చ ింది ",118,34
852,"జనవరి 2012లో,శ్వేతసౌధంలో నిర్వహించబడిన ""ఇన్‌సోర్సింగ్ అమెరికన్ జాబ్స్"" ఫోరమ్‌లో అమెరికాలో పెట్టుబడులు పెట్టే చర్యకు ఒబామా పిలుపునిచ్చారు","జనవరి    201 2 లో , శ్ వే త సౌ ధ ంలో    నిర్వహ ించబడిన    "" ఇన్‌ సో ర్ సింగ్    అమెరికన్    జా బ్ స్ ""    ఫో రమ ్‌లో    అమెరిక ాలో    పెట్టుబడ ులు    పెట్ట ే    చర్య కు    ఒ బా మా    పిలు పు నిచ్చ ారు ",124,41
853,ఇక్కడ రాణిగారి 24వ పదాతి దళం (సౌత్ వేల్స్ సరిహద్దుదారులు)కి చెందిన 35 మంది బ్రిటిష్ సైనికులు 1857 జూలై 7న తిరుగుబాటుదారులచే చంపబడ్డారు,ఇక్కడ    రా ణి గార ి    24 వ    ప దా తి    దళ ం    ( సౌ త్    వే ల్స్    సరిహద్ద ు దార ులు ) కి    చెందిన    35    మంది    బ్రిటిష్    సైని కులు    185 7    జూలై    7 న    తిరుగుబాటు దార ుల చే    చంప బడ్డ ారు ,117,41
854,1997లో కుమార్‌ను ఆంధ్రప్రదేశ్ ప్రభుత్వం ఎన్‌‌‌టిఆర్ జాతీయ అవార్డుతో సత్కరించింది,199 7లో    కుమార్ ‌ను    ఆంధ్ర ప్రదేశ్    ప్రభుత్వం    ఎన్‌ ‌ ‌ టి ఆ ర్    జాతీయ    అవార్ డు తో    సత్ కరించ ింది ,73,20
855,"మొత్తం గనులు మరియు సంబంధిత పరిశ్రమలలో 90% ప్రభుత్వ యాజమాన్యంలో ఉన్నాయి, ఇంకా విదేశీ పెట్టుబడుల కోసం ప్రయత్నిస్తోంది","మొత్తం    గ న ులు    మరియు    సంబంధిత    పరిశ్రమ లలో    9 0 %    ప్రభుత్వ    యాజమా న్య ంలో    ఉన్నాయి,    ఇంకా    విదేశీ    పెట్టుబడ ుల    కోసం    ప్రయత్ని స్త ో ంది ",102,25
856,"క్యాలిఫోర్నియా ఇన్‌స్టిట్యూట్ ఆఫ్ టెక్నాలజీ(కాల్టెక్) ఆధ్వర్యంలో నాసా ఆర్ధిక సహకారం పొందిన జెట్ ప్రొపల్షన్ లాబోరేటరీ (జెపిఎల్) కి మాదరిగానే, 2021లో ఇస్రో మరియు ఇండియన్ ఇన్‌స్టిట్యూట్ ఆఫ్ స్పేస్ సైన్స్ అండ్ టెక్నాలజీ (ఐఐఎస్‌టి) సంయుక్తంగా ఒక కార్యక్రమాన్ని అమలుపరిచాయి, ఇందులో భాగంగా సాధికారితగల పర్యవేక్షణ సమితి (ఇఒసి) బెంగళూరులో ఇస్రోకి చెందిన కెపాసిటీ బిల్డింగ్ ప్రోగ్రాం ఆఫీసు ఆధీనంలో (సిబిపిఓ) సామాన్య ప్రయోజనాలకు అన్ని స్వల్ప, మధ్యమ, మరియు దీర్ఘ కాలిక అంతరిక్ష పరిశోధనా ప్రాజెక్టులను ఆమోదిస్తుంది","క్య ాలి ఫోర్ నియా    ఇన్‌ స్టిట్యూ ట్    ఆఫ్    టెక్ నాల జీ ( కాల్ టెక్ )    ఆధ్వర్యంలో    నా సా    ఆర్ ధ ిక    సహ కారం    పొందిన    జె ట్    ప్రొ ప ల్ షన్    లా బో రే ట రీ    ( జె పి ఎల్ )    కి    మా ద రి గా నే,    202 1లో    ఇ స్ర ో    మరియు    ఇండియన్    ఇన్‌ స్టిట్యూ ట్    ఆఫ్    స్ పే స్    సై న్స్    అండ్    టెక్ నాల జీ    ( ఐ ఐ ఎస్‌ టి )    సంయుక్ తంగా    ఒక    కార్య క్ర మాన్ని    అమ లు పరిచ ాయి,    ఇందులో    భాగంగా    సాధ ికార ిత గల    పర్య వేక్ష ణ    సమ ిత ి    ( ఇ ఒ సి )    బెంగ ళూ రు లో    ఇ స్ర ో కి    చెందిన    కె పా సి టీ    బి ల్ డ ింగ్    ప్ర ోగ్రా ం    ఆ ఫీ సు    ఆధ ీ నంలో    ( సి బి పి ఓ )    సామా న్య    ప్రయోజన ాలకు    అన్ని    స్వ ల్ప ,    మధ్య మ ,    మరియు    దీర్ఘ   కాలిక    అంత ర ిక్ష   పరిశోధ నా    ప్రాజె క్ట ులను    ఆ మో ది స్తుంది ",445,157
857,చాలా వరకు భారతీయ రాష్ట్రాలు వారి భూభాగాలలో నేరాలను విచారించడానికి సిబిఐకు సాధరణ సమ్మతిని మంజూరు చేసి ఉండాయి,చాలా    వరకు    భారతీయ    రాష్ట్ర ాలు    వారి    భూభాగ ాలలో    నేర ాలను    విచార ించడానికి    సి బి ఐ కు    సాధ రణ    స మ్మ తిని    మం జూ రు    చేసి    ఉండ ాయి ,94,27
858,"అలాగే, ద్రవ్యత పరిమితంగా ఉన్నప్పుడు, ఆర్‌బిఐ ప్రభుత్వ సెక్యూరిటీలను కొని, తద్వారా ఆర్థిక వ్యవస్థలోకి ద్రవ్య సరఫరాను ప్రవేశపెడుతుంది","అలా గ ే,    ద్రవ్య త    పరిమిత ంగా    ఉన్న ప్పుడు,    ఆ ర్‌ బి ఐ    ప్రభుత్వ    సె క్యూ రి టీ లను    కొని,    తద్వారా    ఆర్థిక    వ్యవస్థ లోకి    ద్ర వ్య    సరఫ రా ను    ప్రవేశ పె డు తుంది ",118,33
859,"ఆదివాసీ సంఘాలకు మంజూరు చేయబడిన స్వయం పాలన హక్కులు సరిగ్గా అమలుచేయబడేలా చూడడానికి ముర్ము తగినంతగా కృషి చేయలేదని మాజీ బిజెపి రాజకీయ నాయకుడు, కార్యకర్త అయిన రతన్ టిర్కీ అన్నారు","ఆది వా సీ    సంఘ ాలకు    మం జూ రు    చేయబడిన    స్వ యం    పాలన    హక్క ులు    సరి గ్గా    అమ లు చేయబడ ేలా    చూడ డానికి    ము ర్మ ు    తగిన ంత గా    కృ షి    చేయ లేదని    మాజీ    బి జె పి    రాజకీయ    నాయ కు డు,    కార్య కర్ త    అయిన    ర త న్    టి ర్ కీ    అన్న ారు ",151,52
860,"2021లో, బంగ్లాదేశ్ శ్రీలంకకు యూఎస్$ 200 మిలియన్ లను ఆర్థిక సాయంగాను, సుడాన్‌కు యూఎస్$ 7","202 1 లో,    బంగ్లాదేశ ్    శ్రీ ల ంక కు    యూ ఎస్ $   200    మిలియన్    లను    ఆర్థిక    సాయ ంగా ను,    సు డా న్‌కు    యూ ఎస్ $   7 ",76,26
861,7 మిలియన్ లను విరాళంగాను అందించింది,7    మిలియన్    లను    విరా ళ ంగా ను    అందించ ింది ,31,9
862,యుద్ధాలు లేదా ప్రకృతి వైపరీత్యాల వంటి అధిక ప్రాణనష్ట పరిస్థితులలో వైద్య సహాయం అందించడానికి కొన్ని నౌకాదళాలు సముద్రాలలోకి వెళ్ళే ఆసుపత్రి నౌకలను నడుపుతాయి,యుద్ధ ాలు    లేదా    ప్ర కృతి    వై పరీ త్య ాల    వంటి    అధిక    ప్రాణ న ష్ట    పరిస్థిత ులలో    వైద్య    సహాయం    అంద ించడానికి    కొన్ని    నౌకా దళాలు    సముద్ర ాల లోకి    వెళ్ళ ే    ఆసుపత్ర ి    నౌ క లను    నడు పు త ాయి ,136,37
863,"ఈ ఒప్పందం ప్రకారం, సేవలలో వాణిజ్యాన్ని సరళీకృతం చేయడానికి మరింత హెచ్చు స్థాయిలలో నిబద్ధతను పాటించే లక్ష్యంతో సభ్య రాష్ట్రాలు వరుసగా చర్చలు జరుపుతాయి","ఈ    ఒప్పందం    ప్రకారం,    సేవ లలో    వాణిజ ్యాన్ని    సర ళ ీకృ తం    చేయడానికి    మరింత    హెచ్చ ు    స్థాయి లలో    ని బద్ధ తను    పాట ించే    లక్ష్య ంతో    సభ ్య    రాష్ట్ర ాలు    వరుసగా    చర్చ లు    జరుపు త ాయి ",131,34
864,"ఇది ""ఆసియాన్ దేశాల మరియు ప్రజల మధ్య సుస్థిర సంఘీభావం మరియు ఐకమత్యము సాధించే దిశగా బలమైన సామాన్య గుర్తింపు మరియు ప్రజల సంక్షేమాన్ని, జీవనోపాయమును పెంపొందించే సమగ్ర, ప్రజాహిత మరియు సామాజికంగా బాధ్యతగల ఆసియాన్ సంఘ నిర్మాణాన్ని "" ఊహించుతుంది","ఇది    "" ఆస ియా న్    దేశ ాల    మరియు    ప్రజల    మధ్య    సు స్థి ర    సంఘ ీ భావ ం    మరియు    ఐ కమ త్య ము    సాధ ించే    దిశ గా    బలమైన    సామా న్య    గుర్తింపు    మరియు    ప్రజల    సం క్షే మా న్ని,    జీవ నో పాయ ము ను    పె ం పొంద ించే    సమ గ్ర ,    ప్రజా హ ిత    మరియు    సామాజ ికంగా    బాధ్య త గల    ఆస ియా న్    సంఘ   నిర్మాణ ాన్ని    ""    ఊహ ించు తుంది ",208,67
865,బయోటెక్నాలజీ రెగ్యులేటరి అథారిటీ ఆఫ్ ఇండియా (బిఆర్ఎఐ) అనేది జన్యుపరంగా సవరించబడిన ప్రాణులు (జిఎంఒలు)తో సహా జీవసాంకేతిక ఉత్పత్తుల వినియోగం కోసం భారతదేశంలో ప్రతిపాదించబడిన నియంత్రణా సంస్థ,బయ ో టెక్ నాల జీ    రె గ ్య ులే ట రి    అ థ ార ి టీ    ఆఫ్    ఇండియా    ( బి ఆర్ ఎ ఐ )    అనేది    జన్ యు పరంగా    సవర ించబడిన    ప్రాణ ులు    ( జి ఎం ఒ లు ) తో    సహా    జీవ సాంకే తిక    ఉత్పత్త ుల    వినియోగ ం    కోసం    భారతదేశంలో    ప్రతిపాద ించబడిన    నియంత్ర ణా    సంస్థ ,166,54
866,"1967 రాష్ట్ర శాసనసభ ఎన్నికలలో, అన్ని సాంఘికవాద పార్టీలు తొలగింపబడ్డాయి, సిపిఐ దాని విపక్ష పార్టీ హోదాను కోల్పోయింది","196 7    రాష్ట్ర    శాసన సభ    ఎన్ని కల లో,    అన్ని    సాం ఘ ిక వాద    పార్టీ లు    తొలగ ింప బడ్డ ాయి,    సి పి ఐ    దాని    వి పక్ష   పార్టీ    హో దా ను    కోల్పోయ ింది ",102,31
867,"అధికార కేంద్రీకరణకు కారణమవడం, సమాఖ్య వ్యతిరేక స్వభావం కలిగి ఉండటం, స్థానిక-స్థాయి అభివృద్ది మీద ప్రభావం కలిగి ఉండటం, విపత్తులను సంభాళించేందుకు సమాజపు సూక్ష్మ స్థాయిలలో ఎంపి ప్రభావం కలిగి ఉండటం వంటి వాటితో సహా చాలా రకాలుగా ఈ చర్య సమస్యాత్మకమైనదిగా పిలువబడింది","అధికార   కేంద్ర ీ కరణ కు    కారణ మ వడ ం,    సమా ఖ ్య    వ్యతిరే క    స్వ భావ ం    కలిగి    ఉండ టం,    స్థానిక - స్థాయి    అభి వృ ద్ది    మీద    ప్రభావం    కలిగి    ఉండ టం,    వి పత్త ులను    సంభా ళ ించేందుకు    సమాజ పు    సూ క్ ష్ మ    స్థాయి లలో    ఎంప ి    ప్రభావం    కలిగి    ఉండటం    వంటి    వా ట ితో    సహా    చాలా    ర కాల ుగా    ఈ    చ ర్య    సమ స్ యా త్మ క మైనదిగా    పిలు వ బడ ింది ",227,72
868,"ఆయన తండ్రైన అద్వైత్ ప్రసాద్ సింగ్ ఈ సీటును 2000లో బిజెడీ అభ్యర్థిగా, 1990లో జెడి అభ్యర్థిగా, 1977లో జెఎన్‌పి అభ్యర్థిగా గెలుచుకున్నారు","ఆయన    తండ్ర ైన    అద్ వై త్    ప్ర సా ద్    సింగ్    ఈ    సీ టును    200 0లో    బి జె డీ    అభ్యర్థ ి గా,    199 0లో    జె డి    అభ్యర్థ ి గా,    197 7లో    జె ఎన్‌ పి    అభ్యర్థ ిగా    గెలుచు కున్న ారు ",118,38
869,"అంగుల్ (ఒడిశా విధాన సభ నియోజకవర్గం)నుండి ప్రస్తుత ఎంఎల్ఎ బిజెడికి చెందిన రజనికాంత్ సింగ్, ఆయన 2019 ఒడిశా శాసనసభ ఎన్నికలలో ఎన్నికై, ఆపై డిప్యూటీ స్పీకర్‌గా ఏకగ్రీవంగా ఎన్నికయ్యారు","అంగ ుల్    ( ఒడి శా    విధా న    సభ    నియ ోజ క వర్గ ం ) నుండి    ప్రస్తుత    ఎం ఎల్ ఎ    బి జె డికి    చెందిన    ర జ ని కా ంత ్    సింగ్,    ఆయన    2019    ఒడి శా    శాసన సభ    ఎన్నిక లలో    ఎన్ని కై ,    ఆపై    డి ప ్యూ టీ    స్పీ క ర్‌గా    ఏక గ్రీ వ ంగా    ఎన్నిక య్య ారు ",157,56
870,"ఎన్‌ఎస్డిఎల్ ఈ-గవర్నెన్స్ ఇన్ఫ్రాస్ట్రక్చర్ లిమిటెడ్ (గతంలో నేషనల్ సెక్యూరిటీస్ డిపాజిటరీ లిమిటెడ్) మరియు యుటిఐ ఇన్ఫ్రాస్ట్రక్చర్ టెక్నాలజీ సర్వీసెస్ లిమిటెడ్ (యుటిఐఐటిఎస్ఎల్) వంటి ప్రఖ్యాత సంస్థలకు నిర్వహించే సేవా ప్రదాతలుగా దరఖాస్తులను విశ్లేషించడం, గుర్తింపు, వయసు, చిరునామా రుజువు వంటి వ్యక్తిగత పత్రాలను సేకరించడం, నిర్వహించడం, ధృవీకరించడం, దరఖాస్తుదారుల విషయంలో స్పష్టత ఇవ్వడం, కార్డు మరియు లేఖను ముద్రించి, ఆపై దాన్ని మెయిల్ చేయడం వంటి పనులను ఆదాయపన్ను శాఖ అప్పగించింది","ఎన్‌ ఎస్ డి ఎల్    ఈ - గవర్ నె న్స్    ఇన్ ఫ్రా స్ట్ర క్ చ ర్    లి మి టెడ్    ( గతంలో    నేషనల్    సె క్యూ రి టీ స్    డి పా జి ట రీ    లి మి టె డ్ )    మరియు    యు టి ఐ    ఇన్ ఫ్రా స్ట్ర క్ చ ర్    టెక్ నాల జీ    సర్వీ సె స్    లి మి టెడ్    ( యు టి ఐ ఐ టి ఎస్ ఎల్ )    వంటి    ప్ర ఖ్యా త    సంస్థ లకు    నిర్వహ ించే    సేవ ా    ప్ర దా త లుగా    దర ఖా స్త ులను    విశ్ లేష ించడ ం,    గుర్త ింప ు,    వయ స ు,    చిరు నా మా    రు జు వు    వంటి    వ్యక్తిగత    పత్ర ాలను    సేకరించ డం,    నిర్వహ ించడ ం,    ధృవీకరించ డం,    దర ఖా స్తు దారుల    విషయంలో    స్పష్ట త    ఇవ్వ డం,    కార్ డు    మరియు    లేఖ ను    ముద్ర ించి,    ఆపై    దాన్ని    మెయి ల్    చేయడం    వంటి    పన ులను    ఆదాయ పన్ను    శాఖ    అప్పగ ించ ింది ",426,139
871,"భవనం నడిమధ్యన గుండ్రటి సెంట్రల్ ఛాంబర్, దాని చుట్టూతా మూడు అర్ధచంద్రాకార హాళ్లు ఉంటాయి, అవి ఛాంబర్ ఆఫ్ ప్రిన్సెస్ (ప్రస్తుతం లైబ్రరీ హాల్ గా ఉపయోగంలో ఉంది), స్టేట్ కౌన్సిల్ (ప్రస్తుతం రాజ్య సభ కోసం ఉపయోగించబడుతోంది), మరియు సెంట్రల్ లెజిస్లేటివ్ అసెంబ్లీ (ప్రస్తుతం లోక్ సభ కోసం ఉపయోగించబడుతోంది) సమావేశాలకై నిర్మితమైనాయి","భవ నం    నడి మధ్య న    గు ండ్ర టి    సెంట ్ర ల్    ఛా ంబ ర్,    దాని    చుట్ట ూ తా    మూడు    అర్ధ చంద ్రా కార    హా ళ్లు    ఉంటాయి,    అవి    ఛా ంబర్    ఆఫ్    ప్రి న్ సె స్    ( ప్రస్తుతం    లై బ్ర రీ    హ ాల్    గా    ఉపయోగ ంలో    ఉ ంది ),    స్టేట్    కౌన్సి ల్    ( ప్రస్తుతం    రాజ ్య    సభ    కోసం    ఉపయోగ ించబడు తో ంది ),    మరియు    సెంట ్ర ల్    లె జి స్ లే టివ్    అ సెం బ్ లీ    ( ప్రస్తుతం    లో క్    సభ    కోసం    ఉపయోగ ించబడు తో ంది )    సమావేశ ాల క ై    నిర్మ ిత మైన ాయి ",282,93
872,"బాఘా జతిన్, ఖుదీరాం బోస్, భగత్ సింగ్, చంద్రశేఖర్ ఆజాద్, సూర్య సేన్, సుభాష్ చంద్ర బోస్ వంటి విప్లవకారులు బ్రిటిష్ పాలనకు వ్యతిరేకంగా చేసే తమ ఉద్యమాలలో హింసను ఉపయోగించడంలో వారు గాంధీతో విభేదించారు","బా ఘ ా    జ తి న్,    ఖు దీ రా ం    బో స్,    భ గ త్    సింగ్,    చంద్ర శే ఖ ర్    ఆ జా ద్ ,    సూ ర్య    సే న్,    సు భా ష్    చంద్ర   బో స్    వంటి    వి ప్ లవ కార ులు    బ్రిటిష్    పాల నకు    వ్యతిరేకంగా    చేసే    తమ    ఉద్య మ ాలలో    హిం స ను    ఉపయోగ ించడంలో    వారు    గాంధ ీ తో    విభ ేద ించారు ",169,61
873,ఇక్కడ ఏడు సీట్లు గల ఏకసభ కోకోస్ (కీలింగ్) ఐలాండ్స్ షైర్ కౌన్సిల్ కూడా ఉంది,ఇక్కడ    ఏడు    సీ ట్లు    గల    ఏక సభ    కో కో స్    ( కీల ింగ్ )    ఐ లా ండ్ స్    ష ై ర్    కౌన్సి ల్    కూడా    ఉంది ,63,25
874,"మే 5 నాటికి, భారత్ 5,769,442 వస్తువులను సహాయంగా అందుకున్నది","మే    5    నాటికి,    భారత్    5 , 7 6 9 , 4 4 2    వస్తువులను    సహాయ ంగా    అందు కున్న ది ",52,19
875,"దేవాస్ ఒప్పందం మీద అప్పటికే సంతకం చేయబడినప్పటికీ, అనేక సేవా ప్రదాతలు ఉపగ్రహ సామర్థ్యాన్ని ఉపయోగించుకునే ఆసక్తి కలిగి ఉన్నట్లు 2005 నవంబర్‌లో కాబినెట్‌కు తప్పుడు సమాచారం ఇవ్వబడింది","దే వా స్    ఒప్పందం    మీద    అ ప్పటికే    సంతకం    చేయబడ ినప్పటికీ,    అనేక    సేవ ా    ప్ర దా తలు    ఉప గ్రహ   సామర్థ ్యాన్ని    ఉపయోగ ించు కునే    ఆసక్తి    కలిగి    ఉన్నట్లు    200 5    నవ ంబ ర్‌లో    కాబ ిన ె ట్‌కు    త ప్పుడు    సమాచారం    ఇవ్వ బడ ింది ",159,41
876,"2017లో, రష్యా అధ్యక్షుడు వ్లాదిమిర్ పుతిన్ ""స్టాలిన్ వాదం యొక్క భయానకత""ను అంగీకరించాడు, కాని రష్యా శత్రువులచే ""స్టాలిన్‌‌ పట్ల మితిమీరిన రాక్షసీకరణ""ను కూడా విమర్శించాడు","201 7లో,    రష్య ా    అధ్యక్ష ుడు    వ్ లా ది మి ర్    పు తి న్    "" స్ట ాలి న్    వాద ం    యొక్క    భ యా న క త "" ను    అంగీకరించ ాడు,    కాని    రష్య ా    శత్ర ువ ుల చే    "" స్ట ాలి న్‌ ‌   పట్ల    మిత ి మీ రి న    రా క్ష సీ కరణ "" ను    కూడా    విమర్శ ించ ాడు ",150,58
877,"ఈ సమాఖ్య బ్రిటన్‌లోని వాణిజ్య నౌకానిర్మాణదారుల నుండి అనేక యుద్ధ నౌకలు (సిఎస్ఎస్ అలబామా, సిఎస్ఎస్ షెనాండో, సిఎస్ఎస్ టెన్నెస్సీ, సిఎస్ఎస్ తల్లహస్సీ, సిఎస్ఎస్ ఫ్లోరిడా మరియు ఇంకొన్నిటిని) కొనుగోలు చేసింది","ఈ    సమా ఖ ్య    బ్రి ట న్‌లోని    వాణిజ్య    నౌ క ాని ర్ మాణ దారుల    నుండి    అనేక    యుద్ధ    నౌ క లు    ( సి ఎస్ ఎస్    అల బా మా ,    సి ఎస్ ఎస్    షె నా ండ ో,    సి ఎస్ ఎస్    టె న్న ె స్ సీ ,    సి ఎస్ ఎస్    తల్ల హ స్ సీ ,    సి ఎస్ ఎస్    ఫ్లో రి డా    మరియు    ఇం కొన్ని టి ని )    కొనుగోలు    చేస ింది ",179,67
878,"ఈ కొత్త విధానం ప్రకారం, ప్రజలను సంప్రదిస్తూ, శిక్షణ ఇస్తారు, ఇంకా పనితీరు మరియు నిర్వహణ ఖర్చులకు సరిపోయే స్థాయిలో నిశ్చయించబడిన పన్నుని ముందుగానే చెల్లించడానికి వినియోగదారులు ఒప్పుకుంటారు","ఈ    కొత్త    విధా నం    ప్రకారం,    ప్రజ లను    సం ప్ర ది స్తూ,    శిక్షణ    ఇ స్తారు,    ఇంకా    పని తీ రు    మరియు    నిర్వహణ    ఖర్చ ులకు    సరి పోయ ే    స్థాయిలో    ని శ్చ య ించబడిన    పన్న ుని    ముందు గానే    చెల్ల ించడానికి    వినియోగ దారులు    ఒ ప్పు కుంట ారు ",167,42
879,"ప్రోగేసివ్ లేబర్ మూవ్మెంట్ (పిఎల్ఎం) ఆయన పార్టీని ఓడించిన 1971-1976 సమయంలో మినహా, వెరే బర్డ్ 1981 నుండి 1994 వరకు ప్రధాన మంత్రిగా మరియు 1960 నుండి 1981 వరకు ఆంటిగ్వా ముఖ్యమంత్రిగా ఉన్నారు","ప్ర ోగ ే సి వ్    లే బర్    మూ వ్ మెంట్    ( పి ఎల్ ఎం )    ఆయన    పార్టీ ని    ఓడ ించిన    197 1 - 197 6    సమయంలో    మిన హా ,    వె రే    బర్ డ్    198 1    నుండి    199 4    వరకు    ప్రధాన    మంత్ర ిగా    మరియు    196 0    నుండి    198 1    వరకు    ఆ ంట ి గ్ వా    ముఖ్య మంత్ర ిగా    ఉన్న ారు ",162,59
880,"కాని నూతన ప్రభుత్వం దాని చట్టబద్ధతని స్థాపించుకోవడంలో విఫలమయింది, మరియు దాని ఆర్థిక మద్దత్తు చెదరగొట్టబడడంతో, స్థానిక మరియు మధ్య శ్రేణి కమాండర్లు, మరియు వారి సైన్యము పరస్పరం కలహించుకోవటమే కాక, బలం మరియు లాభం కొరకు బాహుదినాల పోరాటంలో అనేక ఆమోదయోగ్యం కాని విధానాలను ఆశ్రయించారు","కాని    నూ తన    ప్రభుత్వం    దాని    చట్ట బద్ధ త ని    స్థాప ించుకోవ డంలో    విఫల మయ ింది,    మరియు    దాని    ఆర్థిక    మద్ద త్తు    చె దర గొట్ట బడ డంతో,    స్థానిక    మరియు    మధ్య    శ్రేణి    క మాండ ర్ లు,    మరియు    వారి    సైన్య ము    పర స్ పర ం    కల హ ించుకోవ ట మే    కా క,    బల ం    మరియు    లా భ ం    కొ రకు    బా హు ది నాల    పోరాట ంలో    అనేక    ఆమోద యోగ ్యం    కాని    విధాన ాలను    ఆశ్ర య ించారు ",242,72
881,"భారత్ లోని రాష్ట్ర పరిపాలక సేవా అధికారులందరూ భారత్ లోని వివిధ జిల్లాల్లో అసిస్టెంట్ కలెక్టర్స్ గా లేదా సబ్ డిస్ట్రిక్ట్ మెజిస్ట్రేట్ గా, వార్డ్ ఆఫీసర్ గా వివిధ నగరపాలక సంస్థలలో, నోటిఫైడ్ ఏరియా కౌన్సిల్స్ లో, మున్సిపల్ కౌన్సిల్ లో, జిల్లా పరిషత్ లలో, బ్లాక్ పరిషత్ లలో, మరియు గ్రామ పంచాయత్ లలో, మరియు వివిధ రాష్ట్ర సచివాలయాలలో అండర్ సెక్రెటరీలు గా నీయుక్తులైన రాష్ట్ర పౌర సేవకులే","భారత్    లోని    రాష్ట్ర    పరిపాల క    సేవ ా    అధికార ుల ంద రూ    భారత్    లోని    వివిధ    జిల్ల ాల్లో    అ సి స్టె ంట్    క లె క్ టర్ స్    గా    లేదా    స బ్    డి స్ట్ర ిక్ ట్    మె జి స్ట్రే ట్    గా,    వార్ డ్    ఆ ఫీ సర్    గా    వివిధ    నగర పాలక    సంస్థ లలో,    నో టి ఫై డ్    ఏరియా    కౌన్సి ల్స్    లో,    ము న్సి ప ల్    కౌన్సి ల్    లో,    జిల్లా    పరి ష త్    లలో,    బ్లా క్    పరి ష త్    లలో,    మరియు    గ్రా మ    పంచ ాయ త్    లలో,    మరియు    వివిధ    రాష్ట్ర    స చి వాల య ాలలో    అ ండర్    సె క్రె ట రీ లు    గా    నీ యుక్ త ులైన    రాష్ట్ర    పౌర    సేవ కుల ే ",327,107
882,"2018 తాలూకు ఒక సమీక్ష మెడిటరేనియన్ తరహా ఆహారం మొత్తం మీది ఆరోగ్య స్థితిని మెరుగుపరచవచ్చు, అంటుకోని వ్యాధుల ప్రమాదాన్ని తగ్గించడం వంటివి","2018    తాలూకు    ఒక    సమీ క్ష    మె డి ట రే నియ న్    తర హా    ఆహార ం    మొత్తం    మీ ది    ఆరోగ్య    స్థిత ిని    మెరుగు పరచ వచ్చు,    అ ంటు కో ని    వ్యాధ ుల    ప్రమా దాన్ని    తగ్గ ించడం    వంటివి ",119,35
883,నొప్పి మొదలైన పన్నెండు గంటల తర్వాత కార్డియాక్ ట్రోపోనిన్ల కోసం సాధారణంగా ఒక రక్త పరీక్ష చేయబడుతుంది,నొ ప్ప ి    మొద లైన    పన్న ె ండ ు    గంటల    తర్వాత    కార్ డ ియా క్    ట్రో పో ని న్ల    కోసం    సాధారణంగా    ఒక    ర క్ త    పరీ క్ష    చేయబడ ు తుంది ,87,30
884,"అది ఒక ప్రాణిలోపల ఉద్భవించి (అనగా ఎండోజెనస్), (పర్యావరణం ద్వారా ప్రవేశించి) పర్యావరణానికి ప్రతిస్పందించే ఏదైనా ప్రక్రియను సూచించవచ్చు","అది    ఒక    ప్రా ణి లోపల    ఉద్భవ ించి    ( అన గా    ఎ ండ ో జె న స్ ),    ( పర్యావర ణం    ద్వారా    ప్రవేశ ించ ి )    పర్యావర ణ ానికి    ప్రతిస్పంద ించే    ఏదైనా    ప్రక్రియ ను    సూచ ించ వచ్చు ",120,36
885,డేవిడ్ ఈ,డే వి డ్    ఈ ,7,4
886,"నికోల్స్ ప్రకారం, ""ఏళ్లతరబడి ఔషధీయ పరిశ్రమలో పని చేస్తున్న ఎందరో సహోద్యోగులతో చర్చలు నాకు తెలియజేసింది ఏమనగా, సంభావ్య నూతన ఔషధం పరీక్షించినప్పుడు సెరోటోనిన్ 5-హెచ్","ని కో ల్స్    ప్రకారం,    "" ఏ ళ్ల తర బడి    ఔ ష ధ ీయ    పరిశ్రమ లో    పని    చే స్తున్న    ఎ ంద రో    సహ ో ద్య ోగ ులతో    చర్చ లు    నాకు    తెలియజే స ింది    ఏ మన గా,    సంభా వ్య    నూ తన    ఔ ష ధ ం    పరీక్ష ించినప్పుడు    సె రో టో ని న్    5 - హె చ్ ",145,54
887,టి,టి ,2,1
888,2 ఏ,2    ఏ ,2,2
889,"ప్రతిస్పందన చర్య కనిపిస్తే, అది దాదాపు ఎల్లప్పుడూ ఆ అణువుకి జరిగే తదుపరి వృద్ధికి ముగింపుని సూచిస్తుంది","ప్రతిస్పంద న    చ ర్య    కనిపి స్తే,    అది    దాదాపు    ఎల్లప్పుడూ    ఆ    అణ ు వు కి    జరిగే    తదుపరి    వృద్ధ ికి    ముగ ింపు ని    సూచి స్తుంది ",91,23
890,"""",""" ",1,1
891,"నిర్దిష్ట ఐజిఇ కోసం చేసే రక్త పరీక్ష, పాలు, గుడ్డు, వేరుశనగ, చెట్ల గింజలు, చేపలకు సంబంధించిన ఎలర్జీలను నిర్దారించడానికి ఉపయోగకరం అవ వచ్చు","నిర్దిష్ట    ఐ జి ఇ   కోసం    చేసే    ర క్ త    పరీక్ష ,    పాల ు,    గు డ్డ ు,    వే రు శ నగ ,    చె ట్ల    గ ిం జ లు,    చేప లకు    సంబంధించిన    ఎ ల ర్ జీ లను    నిర్ దార ించడానికి    ఉపయోగ కర ం    అ వ    వచ్చు ",120,44
892,"బెంగుళూరు భౌతిక, జీవ, సామాజిక ఆర్థిక పారామితుల తాలూకు 2003 బాటెల్లె ఎన్విరాన్‌మెంటల్ ఎవాల్యుయేషన్ సిస్టమ్ (బీఈఈఎస్) మూల్యాంకనం బెంగుళూరు లోని నీటి నాణ్యత, భూ మరియు జల జీవావరణ వ్యవస్థలు అభిలషణీయ విలువకు దగ్గరగా ఉండగా, నగర సామాజికఆర్థిక పారామితులు (ట్రాఫిక్, జీవన నాణ్యత) వాయు నాణ్యత మరియు శబ్ద కాలుష్యం పేలవంగా ఉన్నాయని సూచించింది","బె ం గు ళూ రు    భౌ తిక ,    జీవ ,    సామాజిక    ఆర్థిక    పార ా మిత ుల    తాలూకు    200 3    బా టె ల్ల ె    ఎన్ విరా న్‌ మెంట ల్    ఎ వాల ్యు యే షన్    సి స్ట మ్    ( బీ ఈ ఈ ఎస్ )    మూల ్యా ంక నం    బె ం గు ళూ రు    లోని    నీటి    నాణ్య త,    భ ూ    మరియు    జ ల    జీ వా వర ణ    వ్యవస్థ లు    అభి ల ష ణ ీయ    విలువ కు    దగ్గర గా    ఉండగా,    నగర    సామాజ ిక ఆర్థిక    పార ా మిత ులు    ( ట్రా ఫ ిక్ ,    జీవ న    నాణ్య త )    వాయ ు    నాణ్య త    మరియు    శబ్ద   కాలు ష ్యం    పే లవ ంగా    ఉన్న ాయని    సూచ ించ ింది ",289,111
893,"పుడెండల్ నాడి అనేది కటి కండరాలను ఉత్తేజితం చేసే కదలికను, జ్ఞాన తంతువులను కలిగి ఉంటుంది కాబట్టి, పుడెండల్ నాడి అడ్డగింపు ప్రసవ వేదనను తగ్గిస్తుంది","పు డె ండ ల్    న ాడ ి    అనేది    క టి    కండ ర ాలను    ఉత్త ే జ ితం    చేసే    కద లిక ను,    జ్ఞా న    తంత ువ ులను    కలిగి    ఉంటుంది    కాబట్టి,    పు డె ండ ల్    న ాడ ి    అడ ్డ గ ింపు    ప్ర స వ    వేద నను    తగ్ గి స్తుంది ",127,48
894,"అది చర్మపు బాహ్యచర్మంలో గ్రహించబడుతుంది, అక్కడ అది వేడిమికి, చల్లదనానికి ప్రతిస్పందించే నాడి చివరలను ఉత్తేజపరుస్తుంది, చిరాకు ప్రతిరోధకంగా దాని లక్షణాలను సూచిస్తూ బలంగా పూసినప్పుడు వెచ్చని అనుభూతిని లేదా సున్నితంగా పూసినప్పుడు చల్లటి అనుభూతిని ఉత్పత్తి చేస్తుంది","అది    చ ర్మ పు    బా హ ్య చ ర్మ ంలో    గ్రహ ించబడు తుంది,    అక్కడ    అది    వే డి మిక ి,    చల్ల ద నానికి    ప్రతిస్పంద ించే    న ాడ ి    చివర లను    ఉత్త ే జ పరు స్తుంది,    చి రా కు    ప్రతి రోధ కంగా    దాని    లక్షణ ాలను    సూచి స్తూ    బల ంగా    పూ సిన ప్పుడు    వె చ్చ ని    అను భూ తిని    లేదా    సు న్ని తంగా    పూ సిన ప్పుడు    చల్ల టి    అను భూ తిని    ఉత్పత్తి    చే స్తుంది ",235,71
895,1829లో కలరా ఉరల్ పర్వతాల దక్షిణ కొనలకు చేరుకొంది,18 2 9లో    కల రా    ఉ రల్    పర్వత ాల    దక్షిణ    కొన లకు    చేరు కొ ంది ,42,15
896,"రక్తస్రావాన్ని నిలిపే సాధనంగా కొలాజెన్ : కొలాజెన్ ప్లేట్‌లెట్స్‌తో సంకర్షణ చెందినప్పుడు, అది రక్తం వేగంగా గడ్డకట్టేట్టు చేస్తుంది","రక్త స్రా వాన్ని    నిలి ప ే    సాధ నంగా    కొ లా జె న్    :    కొ లా జె న్    ప్లే ట్‌ లె ట్స్‌ తో    సం కర్ ష ణ    చెందిన ప్పుడు,    అది    ర క్ తం    వేగంగా    గడ్డ కట్ట ే ట్టు    చే స్తుంది ",116,39
897,"ప్రస్తుతం ఉపయోగించబడే అన్ని ఆంథ్రాక్స్ టీకాలు గణనీయమైన స్థానిక మరియు అస్థానిక ప్రతికూల ప్రతిచర్యలు (చర్మం ఎర్రబడటం, గట్టిపడటం, నొప్పి మరియు జ్వరం) చూపిస్తాయి, మరియు గ్రహీతలలో దాదాపు 1% మందిలో తీవ్రమైన ప్రతికూల ప్రతిచర్యలు కనిపిస్తాయి","ప్రస్తుతం    ఉపయోగ ించబడే    అన్ని    ఆ ంథ ్రా క్స్    టీ కాలు    గణనీయమైన    స్థానిక    మరియు    అ స్థానిక    ప్ర తిక ూ ల    ప్రతి చర్య లు    ( చ ర్మ ం    ఎ ర్ర బడ టం,    గ ట్ట ి పడ టం,    నొ ప్ప ి    మరియు    జ్ వర ం)    చూ పి స్తాయి,    మరియు    గ్రహ ీ త లలో    దాదాపు    1 %    మంద ిలో    తీవ్రమైన    ప్ర తిక ూ ల    ప్రతి చర్య లు    కనిపి స్త ాయి ",207,66
898,"రోగ నిర్ధారణ, తీవ్రత, మరియు వ్యక్తిని బట్టి, అలాగే ఉద్యోగాన్ని బట్టి, వ్యక్తిత్వ రుగ్మతలను ఉద్యోగం లేదా కార్యాలయం నిర్వహించుకోవడంలో ఇబ్బంది, వ్యక్తుల మధ్య సంబంధాలలో ప్రవేశించటం వల్ల ఇతరులతో సమస్యలకు దారితీసే అవకాశం ఉండటం వంటి వాటితో ముడిపెట్టవచ్చు","రోగ   నిర్ధార ణ,    తీవ్ర త,    మరియు    వ్యక్తి ని    బ ట్టి,    అలాగే    ఉద్యోగ ాన్ని    బ ట్టి,    వ్యక్తి త్వ    రు గ్ మత లను    ఉద్యోగ ం    లేదా    కార్యాలయం    నిర్వహ ించుకోవ డంలో    ఇబ్బ ంది,    వ్యక్త ుల    మధ్య    సంబంధ ాలలో    ప్రవేశ ించ టం    వల్ల    ఇతర ులతో    సమస్య లకు    దారితీ సే    అవకాశం    ఉండటం    వంటి    వా ట ితో    ముడి పెట్ట వచ్చు ",219,54
899,నిశ్వాసిత శ్వాసలోని కణాలు తగినంత గాలి ప్రసరణ లేని మూసిఉండే ప్రదేశాలలో క్రమంగా పేరుకుపోగలవు,ని శ్ వాస ిత    శ్ వాస లోని    కణ ాలు    తగిన ంత    గాల ి    ప్ర సర ణ    లేని    మూసి ఉండే    ప్రదేశాలలో    క్రమంగా    పేరు కు పో గల వు ,80,26
900,స్వైన్ ఫ్లూ దాడుల తర్వాత అనేక నెలలకు టామిఫ్లూ (ఒసెల్టామివిర్) యొక్క సాధారణ రూపాంతరం భారతీయ మార్కెట్లో అందుబాటులోకి వచ్చింది,స్ వై న్    ఫ్ ల ూ    దాడ ుల    తర్వాత    అనేక    నెల లకు    టా మి ఫ్ ల ూ    ( ఒ సె ల్ టా మి వి ర్ )    యొక్క    సాధారణ    రూపా ంతరం    భారతీయ    మార్కె ట్లో    అందుబాటు లోకి    వచ్చ ింది ,109,37
901,"ప్రయోజనకర బాక్టీరియా 80–85% , హానికరం కాగల బాక్టీరియా 15–20% అనే నిష్పత్తిని ప్రేగుల లోపల మామూలుగా సాధారణమైనదిగా పరిగణిస్తారు, అది సమానావస్థ స్థితిని కొనసాగిస్తుంది","ప్రయోజన క ర    బాక్ టీ రియా    8 0 – 8 5 %    ,    హ ాని కర ం    కా గల    బాక్ టీ రియా    15 – 20 %    అనే    నిష్ పత్తి ని    ప్రే గ ుల    లోపల    మా మూ లుగా    సాధారణ మైనదిగా    పరిగణి స్తారు,    అది    సమా నా వ స్థ   స్థిత ిని    కొన సా గి స్తుంది ",146,52
902,"చివరకు 1829 జూలై 13న బ్రిటిష్ వారు ఆ ప్రాంతాన్ని ఆక్రమించుకున్నప్పుడు, అది దాదాపు నిర్మానుష్యమై ఉండింది; ఆ సమయంలో భూములను అభివృద్ధి చేయడానికి 1260 రూపాయల ప్రోత్సాహకంతో సాగుదారులను ప్రవేశపెట్టడం ద్వారా ఆ ప్రదేశానికి జనాభాని తేవడానికి చేసిన ప్రయత్నాలు కూడా విఫలమయ్యాయి","చివరకు    18 2 9    జూలై    13 న    బ్రిటిష్    వారు    ఆ    ప్రాంతాన్ని    ఆక్రమ ించు కున్న ప్పుడు,    అది    దాదాపు    నిర్మా ను ష్య మై    ఉండ ింది ;    ఆ    సమయంలో    భూమ ులను    అభివృద్ధి    చేయడానికి    12 60    రూపాయ ల    ప్రోత్ సాహ క ంతో    సాగు దార ులను    ప్రవేశపెట్ట డం    ద్వారా    ఆ    ప్రదేశ ానికి    జనాభా ని    తే వడానికి    చేసిన    ప్రయత్న ాలు    కూడా    విఫల మయ్య ాయి ",235,58
903,"మానసిక వైద్యుల వంటి మానసిక ఆరోగ్య నిపుణులు మెడికల్ కౌన్సిల్ ఆఫ్ ఇండియా కేంద్రం నుండి ఎంబిబిఎస్ తర్వాత, మనోరోగచికిత్సాశాస్త్రంలో ఎండి, సైకియాట్రిక్ మెడిసిన్‌లో డిప్లొమా (డిపిఎం), లేదా మనోరోగచికిత్సాశాస్త్రంలో నేషనల్ బోర్డ్ (డిఎన్‌బి) డిప్లొమేట్ పూర్తి చేయడం ద్వారా వారి విద్యార్హతలను పొందుతారు","మాన స ిక    వైద్య ుల    వంటి    మాన స ిక    ఆరోగ్య    నిపుణ ులు    మె డ ిక ల్    కౌన్సి ల్    ఆఫ్    ఇండియా    కేంద్ర ం    నుండి    ఎ ంబ ి బి ఎస్    తర్వాత,    మనో రోగ చికిత్ సా శాస్త్ర ంలో    ఎ ండి,    సై క ియా ట్ర ిక్    మె డి సి న్‌లో    డి ప్ లొ మా    ( డి పి ఎం ),    లేదా    మనో రోగ చికిత్ సా శాస్త్ర ంలో    నేషనల్    బోర్ డ్    ( డి ఎన్‌ బి )    డి ప్ లొ మే ట్    పూర్తి    చేయడం    ద్వారా    వారి    విద్య ార్ హ తలను    పొందు త ారు ",261,86
904,"కెనడాలో, 21 అక్టోబర్ నుండి 7 నవంబర్ వరకు, 6","కె న డా లో,    2 1    అక్టోబర్    నుండి    7    నవంబర్    వరకు,    6 ",36,12
905,"6 మిలియన్ డోసుల టీకాలను పంపిణీ చేసిన తర్వాత, టీకా వేయించుకున్న 598 మందిలో వికారం, తల తిరగడం, తలనొప్పి, జ్వరం, వాంతులు, ఇంజక్షన్ వేసిన చోట వాపు లేదా నొప్పి వంటి వాటితో సహా తేలికపాటి ప్రతికూల సంఘటనలు జరిగినట్లు తెలిసింది","6    మిలియన్    డో సుల    టీ కాలను    పంపిణీ    చేసిన    తర్వాత,    టీ కా    వేయ ించు కున్న    5 9 8    మంద ిలో    వ ికార ం,    తల    తిర గ డం,    తల నొ ప్ప ి,    జ్ వర ం,    వా ంత ులు,    ఇ ంజ క్షన్    వేసిన    చో ట    వా పు    లేదా    నొ ప్ప ి    వంటి    వా ట ితో    సహా    తే లిక పాటి    ప్ర తిక ూ ల    సంఘట నలు    జరిగ ినట్లు    తెలి స ింది ",188,67
906,"ఆ వ్యాధికారక క్రిములు క్షీణింపజేయబడతాయి కాబట్టి, అవి వాటి వ్యాధికారక రూపానికి తిరిగి వెళ్లి, తదనంతరం రోగాన్ని కలిగించడం అనేది చాలా అరుదు","ఆ    వ్యా ధికార క    క్రి మ ులు    క్షీణ ింపజే య బడ త ాయి    కాబట్టి,    అవి    వాటి    వ్యా ధికార క    రూప ానికి    తిరిగి    వెళ్ల ి,    త ద న ంతరం    రోగ ాన్ని    కలిగ ించడం    అనేది    చాలా    అరు దు ",120,36
907,"బలహీనపరచబడిన సజీవ టీకాలు సురక్షితమైనవి, ఇంకా దీర్ఘకాలం పాటు నిలిచే బలమైన, సమర్థవంతమైన రోగనిరోధక ప్రతిస్పందనను ప్రేరేపిస్తాయి","బల హీ న పరచ బడిన    స జీ వ    టీ కాలు    సురక్షిత మైన వి,    ఇంకా    దీర్ఘ కాలం    పాటు    నిలి చే    బల మైన,    సమర్థ వంతమైన    రోగ నిరోధ క    ప్రతిస్పంద నను    ప్రే రే పి స్త ాయి ",112,33
908,"ఒకటి పోషకాహార లోపం, దీనిలో గిటకబారడం (వయసుకు తగ్గ ఎత్తు లేకపోవడం), బలహీన పడటం (ఎత్తుకు తగ్గ బరువు లేకపోవడం), తక్కువ బరువు ఉండటం (వయసుకు తగ్గ బరువు లేకపోవడం) మరియు సూక్ష్మపోషక లోపాలు లేదా కొరతలు (ముఖ్యమైన విటమిన్లు మరియు ఖనిజాల కొరత) వంటివి ఉంటాయి","ఒకటి    పోష కా హార   లోప ం,    దీనిలో    గి ట క బార డం    ( వయ సు కు    తగ్గ   ఎత్తు    లేకపో వడ ం ),    బల హీ న    పడ టం    ( ఎత్త ుకు    తగ్గ   బరు వు    లేకపో వడ ం ),    తక్కువ    బరు వు    ఉండటం    ( వయ సు కు    తగ్గ   బరు వు    లేకపో వడ ం)    మరియు    సూ క్ ష్ మ పోష క    లోప ాలు    లేదా    కొర తలు    ( ముఖ్యమైన    వి ట మి న్లు    మరియు    ఖ నిజ ాల    కొర త )    వంటివి    ఉంట ాయి ",213,79
909,"అయితే, రెండు లేదా మూడు ఏళ్ల పాటు ధ్యానం చేసి ఉన్న వారికి అప్పటికే తక్కువ రక్తపోటు ఉన్నట్లు గుర్తించబడింది","అయితే,    రెండు    లేదా    మూడు    ఏళ్ల    పాటు    ధ్యా నం    చేసి    ఉన్న    వారికి    అ ప్పటికే    తక్కువ    రక్త పో టు    ఉన్నట్లు    గుర్త ించబడ ింది ",91,21
910,"సూర్యరశ్మి, ఆహారం, కాలుష్యం మరియు జీవన శైలి ఎంపికలు వంటి బాహ్య కారకాల కారణంగా ఏర్పడే నివారించగల, మరియు నివారించలేని మానవ ఆరోగ్య పరిస్థితులు గల విస్తృత వర్గాలను కూడిన అనేక పర్యావరణ సంబంధ వ్యాధులు ఎన్‌సిడిలలో ఉంటాయి","సూ ర్య ర శ్ మ ి,    ఆహార ం,    కాలు ష ్యం    మరియు    జీవ న    శైలి    ఎంపిక లు    వంటి    బా హ ్య    కార కాల    కారణంగా    ఏర్పడ ే    నివార ించ గల ,    మరియు    నివార ించ లేని    మానవ    ఆరోగ్య    పరిస్థిత ులు    గల    విస్తృ త    వర్గ ాలను    కూడిన    అనేక    పర్యావరణ    సంబంధ   వ్యాధ ులు    ఎన్‌ సి డి లలో    ఉంట ాయి ",186,55
911,"సల్ఫైట్‌లు రోగనిరోధక మరియు రోగనిరోధకం కాని విధానాలు, రెండింటి ద్వారా ప్రతిచర్యలను కలిగించవచ్చు","సల్ ఫై ట్‌లు    రోగ నిరోధ క    మరియు    రోగ నిరోధ కం    కాని    విధాన ాలు,    రెండిం టి    ద్వారా    ప్రతి చర్య లను    కలిగ ించ వచ్చు ",85,22
912,"2020 ఏప్రిల్ 2న, కనీసం 90 మునిసిపాలిటీలలోని రిటైర్మెంట్ హోమ్‌లలో కోవిడ్-19 గణనీయంగా వ్యాపించిందని డాగెన్స్ ఎకో నివేదించింది","2020    ఏప్రిల్    2 న,    కనీసం    9 0    మునిసిపాలిటీ ల లోని    రి టై ర్ మెంట్    హో మ్‌ లలో    కో వి డ్ - 19    గణనీయంగా    వ్యాప ించ ిందని    డా గె న్స్    ఎ కో    నివేద ించ ింది ",110,34
913,"ఆతిథేయ కణంలో వైరస్ జన్యువు పని చేయడం మొదలుపెట్టాక, అది వైరల్ ప్రోటీన్ల సృష్టిని నిర్దేశించే మెసెంజర్ ఆర్ఎన్ఎ (ఎంఆర్ఎన్ఎ) అణువులను ఉత్పత్తి చేస్తుంది","ఆ తి థ ే య    క ణంలో    వైర స్    జన్ యు వు    పని    చేయడం    మొదలు పెట్ట ా క,    అది    వై రల్    ప్రో టీ న్ల    సృష్ట ిని    నిర్ దేశ ించే    మె సె ంజ ర్    ఆర్ ఎన్ ఎ    ( ఎం ఆర్ ఎన్ ఎ )    అణ ువ ులను    ఉత్పత్తి    చే స్తుంది ",131,48
914,ఈ కారణాల వలన కన్నెపొరను పరీక్షించడం ద్వారా కన్యత్వాన్ని ఖచ్చితంగా నిర్ణయించడం సాధ్యం కాదు,ఈ    కారణ ాల    వలన    కన్న ె పొర ను    పరీక్ష ించడం    ద్వారా    క న్య త్వాన్ని    ఖచ్చిత ంగా    నిర్ణయ ించడం    సాధ ్యం    కా దు ,79,22
915,వ్యక్తిత్వ రుగ్మతల తాలూకు సిద్ధాంతం మరియు రోగ నిర్ధారణ అనేవి ఖచ్చితంగా సాంఘిక లేదా సామాజిక-రాజకీయ మరియు ఆర్థిక పరిగణనల మీద సహితం ఆధారపడి ఉంటాయని వారు వాదిస్తారు,వ్యక్తి త్వ    రు గ్ మత ల    తాలూకు    సిద్ధాంత ం    మరియు    రోగ   నిర్ధార ణ    అనేవి    ఖచ్చిత ంగా    సాం ఘ ిక    లేదా    సామాజ ిక - రాజకీయ    మరియు    ఆర్థిక    పరిగణ నల    మీద    సహ ితం    ఆధారపడి    ఉంట ాయని    వారు    వా ది స్త ారు ,140,39
916,"పెరిగే శారీరక అసంతృప్తి, ఇంకా పెరిగే ఎస్ఇఎస్ మధ్య సంబంధం ఉన్నట్లు కూడా కొన్ని అధ్యయనాలు చూపించాయి","పెరిగ ే    శారీ ర క    అ సంతృ ప్ తి,    ఇంకా    పెరిగ ే    ఎస్ ఇ ఎస్    మధ్య    సంబంధం    ఉన్నట్లు    కూడా    కొన్ని    అధ్యయ నాలు    చూప ించ ాయి ",85,25
917,ఈ టీకాలలో నిష్క్రియం చేయబడిన (చంపబడిన) ఇన్‌ఫ్లుఎంజా వైరస్ లేదా ఇన్‌ఫ్లుఎంజాను కలుగజేయలేని బలహీనపరచిన సజీవ వైరస్ ఉండేవి,ఈ    టీ కాల లో    నిష్ క్రియ ం    చేయబడిన    ( చంప బడ ిన )    ఇన్‌ ఫ్ లు ఎ ంజ ా    వైర స్    లేదా    ఇన్‌ ఫ్ లు ఎం జా ను    కలు గ జే య లేని    బల హీ న పరచ ిన    స జీ వ    వైర స్    ఉండే వి ,105,45
918,"2020 ఏప్రిల్ మొదట్లో, ఇద్దరు ఫ్రెంచ్ శాస్త్రవేత్తలైన ప్రొఫెసర్లు జీన్-పాల్ మీరా, కామిల్ లోచ్ట్, క్షయపై పనిచేయగల ఒక టీకాని ఆఫ్రికాలో కరోనావైరస్ కోసం పరీక్షించాలని సూచిస్తూ చేసిన వ్యాఖ్యలను డైరెక్టర్ డాక్టర్","2020    ఏప్రిల్    మొద ట్ లో,    ఇద్దరు    ఫ్రెంచ్    శాస్త్ర వేత్త లైన    ప్రొఫె సర్ లు    జీ న్- పాల్    మీ రా ,    కా మి ల్    లో చ్ ట్,    క్ష య పై    పని చేయ గల    ఒక    టీ కాని    ఆ ఫ్రిక ాలో    క రో నా వైర స్    కోసం    పరీక్ష ించాలని    సూచి స్తూ    చేసిన    వ్యా ఖ్య లను    డైరె క్టర్    డా క్టర్ ",182,55
919,"జాన్ కెన్‌గాసోంగ్ , ""జుగుప్సాకరమైనవి మరియు జాత్యహంకారమైనవి"" గా ఖండించారు","జాన్    కె న్‌ గా సో ంగ్    ,    "" జు గుప్ సా కర మైన వి    మరియు    జా త్య హ ం కార మైన వి ""    గా    ఖండ ించారు ",65,26
920,"దాని కార్యనిర్వాహక కార్యాలయం మరియు ఒక సైన్స్ అండ్ ప్రోగ్రామ్ కార్యాలయంతో పాటు, ""విధానం, ఆరోగ్య దౌత్యం మరియు సమాచార మార్పిడి,"" ""నిర్వహణ మరియు పరిపాలన,"" ""పర్యవేక్షణ మరియు వ్యాధి సమాచారం,"" ""ప్రయోగశాల వ్యవస్థలు మరియు నెట్‌వర్క్‌లు,"" ""అత్యవసర పరిస్థితికి సంసిద్ధత మరియు ప్రతిస్పందన,"" మరియు ""ప్రజారోగ్య సంస్థలు మరియు పరిశోధన"" వంటి వాటిని నిర్వహించే అనేక విభాగాలు ఆ సంస్థలో ఉన్నాయి","దాని    కార్య నిర్ వాహక    కార్యాలయం    మరియు    ఒక    సై న్స్    అండ్    ప్ర ోగ్రా మ్    కార్యాలయ ంతో    పాటు,    "" విధాన ం,    ఆరోగ్య    దౌ త ్యం    మరియు    సమాచార   మార్పి డి , ""    "" నిర్వహణ    మరియు    పరిపాల న , ""    "" పర్య వేక్ష ణ    మరియు    వ్యాధి    సమాచార ం , ""    "" ప్రయోగ శ ాల    వ్యవస్థ లు    మరియు    నెట్‌ వర్ క్‌ లు , ""    "" అత్యవసర    పరిస్థిత ికి    సం సిద్ధ త    మరియు    ప్రతిస్పంద న , ""    మరియు    "" ప్రజ ార ోగ ్య    సంస్థలు    మరియు    పరిశోధ న ""    వంటి    వాటిని    నిర్వహ ించే    అనేక    విభాగ ాలు    ఆ    సంస్థ లో    ఉన్న ాయి ",330,94
921,"ఆఫ్రికా సిడిసి ఇథియోపియాలోని అడ్డిస్ అబాబాలోని ఆఫ్రికా సిడిసి కోఆర్డినేటింగ్ సెంటర్‌లో ఆధారితమై ఉంది, ఇందులోనే ఈ ఏజెన్సీ యొక్క అత్యవసర కార్యకలాపాల కేంద్రం కూడా ఉంది","ఆ ఫ్రిక ా    సి డి సి    ఇ థ ియో ప ియాలోని    అడ్ డి స్    అ బా బా లోని    ఆ ఫ్రిక ా    సి డి సి    కో ఆర్ డి నే టింగ్    సెంట ర్‌లో    ఆధార ిత మై    ఉంది,    ఇందు లోనే    ఈ    ఏజె న్సీ    యొక్క    అత్యవసర    కార్యకలా పాల    కేంద్ర ం    కూడా    ఉంది ",145,48
922,ఎన్‌సిడి కూటమి అంటుకోని వ్యాధులతో పోరాడటానికి దాదాపు 900 జాతీయ సభ్య సంఘాలను కలుపుతుంది,ఎన్‌ సి డి    కూ ట మి    అ ంటు కో ని    వ్యాధ ులతో    పోరాడ టానికి    దాదాపు    9 00    జాతీయ    సభ ్య    సంఘ ాలను    కలు పు తుంది ,76,25
923,"మానవులలో ఇంకా మిగతా జంతువులలో జీర్ణ నాళం, అన్నవాహిక, కడుపు, ప్రేగులతో సహా జీర్ణ వ్యవస్థలోని అన్ని ప్రధాన అవయవాలను కలిగి ఉంటుంది","మా నవ ులలో    ఇంకా    మిగ తా    జంతువ ులలో    జీ ర్ ణ    నా ళ ం,    అన్న వాహ ిక ,    క డు పు,    ప్రే గ ులతో    సహా    జీ ర్ ణ    వ్యవస్థ లోని    అన్ని    ప్రధాన    అవ య వ ాలను    కలిగి    ఉంటుంది ",111,38
924,"జీర్ణ వాహిక (జిఐ ట్రాక్ట్, జీర్ణాశయం, ఆహార నాళం) అనేది నోటి నుండి మలద్వారం వరకు ఉండే జీర్ణాశయ వ్యవస్థ యొక్క వాహిక లేదా మార్గం","జీ ర్ ణ    వాహ ిక    ( జి ఐ    ట్రా క్ ట్,    జీ ర్ ణా శ య ం,    ఆహార    నా ళ ం)    అనేది    నో టి    నుండి    మల ద్వార ం    వరకు    ఉండే    జీ ర్ ణా శ య    వ్యవస్థ    యొక్క    వాహ ిక    లేదా    మార్గం ",107,41
925,"ఉదాహరణకు, ఉదరంలో ఉండే తక్కువ పిహెచ్ (1 నుండి 4 వరకు స్థాయిలలో), దాన్లోకి ప్రవేశించే అనేక సూక్ష్మక్రిములకు ప్రాణాంతకమైనది","ఉదాహరణకు,    ఉ దర ంలో    ఉండే    తక్కువ    పి హె చ్    ( 1    నుండి    4    వరకు    స్థాయి ల లో ),    దా న్ లోకి    ప్రవేశ ించే    అనేక    సూ క్ ష్ మ క్రి మ ులకు    ప్రా ణా ంత క మైనది ",106,36
926,"వ్యక్తిత్వ రుగ్మతలు, ముఖ్యంగా రోగలక్షణము తెలియరాని వ్యక్తిత్వ రుగ్మత కోసం ఉద్దేశించబడిన రుజువు-ఆధారిత మానసిక చికిత్సలలో అభిజ్ఞా ప్రవర్తనా చికిత్స, తార్కిక ప్రవర్తనా చికిత్స ఉన్నాయి","వ్యక్తి త్వ    రు గ్ మత లు,    ముఖ్యంగా    రోగ లక్షణ ము    తెలియ రా ని    వ్యక్తి త్వ    రు గ్ మత    కోసం    ఉద్దేశ ించబడిన    రు జు వు - ఆధారిత    మాన స ిక    చికిత్స లలో    అభి జ్ఞ ా    ప్ర వర్త నా    చికిత్స ,    త ార్ క ిక    ప్ర వర్త నా    చికిత్స    ఉన్న ాయి ",162,49
927,"ప్రయోగశాల సేవలను పరీక్ష దిశగా కేంద్రీకరించడం, ఐచ్ఛిక ప్రక్రియలను రద్దు చేయడం, రోగులను వేరు చేసి, ఒంటరిగా ఉంచడం, సిబ్బందికి శిక్షణ ఇవ్వడం మరియు వెంటిలేటర్లు, పడకలను పెంచడం ద్వారా ఇంటెన్సివ్ కేర్ సామర్థ్యాలను పెంచడం వంటి వాటితో సహా వనరులను బహుళ స్థాయిలలో బదిలీ చేయడానికి ఇసిడిసి మరియు డబ్ల్యూహెచ్ఒ యూరోపియన్ ప్రాంతీయ కార్యాలయం ఆసుపత్రులకు మరియు ప్రాథమిక ఆరోగ్య సంరక్షణ సేవలకు మార్గదర్శకాలను జారీ చేసింది","ప్రయోగ శ ాల    సేవలను    పరీ క్ష    దిశ గా    కేంద్ర ీకరించ డం,    ఐ చ్ఛ ిక    ప్రక్రియ లను    రద్దు    చేయడ ం,    రోగ ులను    వేరు    చేసి,    ఒంట రి గా    ఉంచ డం,    సిబ్బ ంద ికి    శిక్షణ    ఇవ్వ డం    మరియు    వెంట ి లే టర్ లు,    పడ క లను    పెంచ డం    ద్వారా    ఇంట ె న్సి వ్    కే ర్    సామర్థ ్య ాలను    పెంచ డం    వంటి    వా ట ితో    సహా    వనర ులను    బహు ళ    స్థాయి లలో    బది లీ    చేయడానికి    ఇ సి డి సి    మరియు    డబ్ల ్యూ హె చ్ ఒ   యూరోపియన్    ప్రాంతీయ    కార్యాలయం    ఆసుపత్ర ులకు    మరియు    ప్రాథమిక    ఆరోగ్య    సం రక్షణ    సేవ లకు    మార్గ దర్శ కాలను    జారీ    చేస ింది ",353,99
928,"శారీరక ఆరోగ్య ఫలితాలలో గాయాలు (ఎముకలు విరుగుట కారణంగా ఏర్పడిన కోతలు మరియు అంతర్గత అవయవాల గాయాలు), అవాంఛిత గర్భధారణ, స్త్రీ జననేంద్రియ సమస్యలు, హెచ్ఐవితో సహా ఎస్‌టిడిలు, గర్భస్రావం, కటి వాపు వ్యాధి, దీర్ఘకాలిక కటి నొప్పి, తలనొప్పులు, శాశ్వత వైకల్యాలు, ఉబ్బసం, ఇరిటబుల్ బోవెల్ సిండ్రోమ్, స్వీయ-హాని కలిగించే ప్రవర్తనలు (ధూమపానం, అసురక్షిత శృంగారం) వంటివి ఉంటాయి; మానసిక ఆరోగ్య ప్రభావాలలో నిస్పృహ, భయం, ఆందోళన, ఆత్మ న్యూనత, లైంగిక అసమర్థత, ఆహారం తీసుకోవడంలో రుగ్మతలు, అబ్సెసివ్-కంపల్సివ్ డిజార్డర్, లేదా పోస్ట్ ట్రామాటిక్ స్ట్రెస్ డిజార్డర్ వంటివి ఉండొచ్చు","శారీ ర క    ఆరోగ్య    ఫలిత ాలలో    గాయ ాలు    ( ఎ ము క లు    వి రుగు ట    కారణంగా    ఏర్పడ ిన    కో తలు    మరియు    అంతర్ గత    అవ య వ ాల    గాయ ాలు ),    అ వా ం ఛ ిత    గర్భ ధార ణ,    స్త్ర ీ    జన నే ంద్ర ియ   సమస్య లు,    హె చ్ ఐ వి తో    సహా    ఎస్‌ టి డి లు,    గర్భ స్రా వ ం,    క టి    వా పు    వ్యాధ ి,    దీర్ఘ కాలిక    క టి    నొ ప్ప ి,    తల నొ ప్ప ులు,    శాశ్వ త    వై కల ్య ాలు,    ఉ బ్బ సం,    ఇ రి ట బుల్    బో వె ల్    సిం డ్ర ో మ్,    స్వీ య - హా ని    కలిగ ించే    ప్ర వర్ తన లు    ( ధ ూ మ పా నం,    అ సురక్ష ిత    శృంగ ార ం)    వంటివి    ఉంట ాయి ;    మాన స ిక    ఆరోగ్య    ప్రభావ ాలలో    ని స్ప ృ హ ,    భయ ం,    ఆందోళ న,    ఆ త్ మ    న్యూ న త,    లై ంగ ిక    అ సమర్థ త,    ఆహార ం    తీసుకోవ డంలో    రు గ్ మత లు,    అ బ్ సె సి వ్ - కంప ల్ సి వ్    డి జార్ డ ర్,    లేదా    పో స్ట్    ట్రా మా టిక్    స్ట్ర ెస్    డి జార్ డర్    వంటివి    ఉండ ొ చ్చ ు ",489,190
929,"తరువాతి సంవత్సరాలలో, రక్తపోటును తగ్గించే మందులో ఇతర వర్గాలు, లూప్ డైయూరిటిక్స్ (లాసిక్స్/ఫ్యూరోసెమైడ్, హోచ్స్ట్ ఫార్మాస్యూటికల్స్, 1963), బీటా-బ్లాకర్స్ (ఐసిఐ ఫార్మాస్యూటికల్స్, 1964) ఎ","తరువాతి    సంవత్సర ాలలో,    రక్త పో టును    తగ్గ ించే    మ ందు లో    ఇతర    వర్గ ాలు,    లూ ప్    డై యూ రి టిక ్ స్    ( లా సిక్ స్ / ఫ ్యూ రో సె మై డ్,    హో చ్ స్ట్    ఫార్ మా స్ యూ టిక ల్ స్,    196 3 ),    బీ టా - బ్లా కర్ స్    ( ఐ సి ఐ    ఫార్ మా స్ యూ టిక ల్ స్,    196 4 )    ఎ ",168,67
930,సి,సి ,2,1
931,"ఇ ఇన్హిబిటర్స్, యాంజియోటెన్సిన్ రిసెప్టర్ బ్లాకర్స్‌తో సహా, అభివృద్ధి చేయబడి, సంయోగ చికిత్సలో మంచి ఆదరణ పొందాయి","ఇ   ఇన్ హి బి టర్ స్,    యా ంజ ియో టె న్సి న్    రి సె ప్ టర్    బ్లా కర్ స్‌ తో    స హా ,    అభివృద్ధి    చేయబడ ి,    సం యోగ    చికిత్స లో    మంచి    ఆ దరణ    పొంద ాయి ",99,35
932,"ప్రధాన ఆహార పంట అయిన వరి అండమాన్ దీవుల సమూహంలో ఎక్కువగా సాగు చేయబడుతుండగా, కొబ్బరి, పోక చెట్లు నికోబార్ దీవుల సమూహంలోని వాణిజ్య పంటలు","ప్రధాన    ఆహార    పంట   అయిన    వరి    అండ మాన్    దీ వుల    సమూహ ంలో    ఎక్కువగా    సా గు    చేయబడ ు తు ండ గా,    కొ బ్బ రి,    పో క    చె ట్లు    ని కో బార్    దీ వుల    సమూహ ంలోని    వాణిజ్య    పంట లు ",115,36
933,1996లో ల్యాప్‌టాప్‌లకు 3డి-గ్రాఫిక్స్ యాక్సిలరేషన్‌ను ప్రవేశ పెట్టడం ద్వారా ఎటిఐ మొబైల్ కంప్యూటింగ్ రంగంలోకి ప్రవేశించింది,199 6లో    ల్యా ప్‌ టా ప్‌ లకు    3 డి - గ్రా ఫ ిక్స్    యా క్ సి ల రే ష న్‌ను    ప్రవేశ   పెట్ట డం    ద్వారా    ఎ టి ఐ    మొ బై ల్    కంప్యూ టింగ్    రంగ ంలోకి    ప్రవేశ ించ ింది ,111,37
934,"బొగ్గు తవ్వకాల ముందు, ఝరియాలో గిరిజనులు నివసిస్తుండే అడవులు ఉండేవి","బొ గ్గ ు    త వ్వ కాల    ముందు,    ఝ రియ ాలో    గి రి జన ులు    నివసి స్తు ండ ే    అడవులు    ఉండే వి ",59,21
935,నాగపూర్‌లో మల్టీ-మోడల్ ఇంటర్నేషనల్ కార్గో హబ్ అండ్ ఎయిర్‌పోర్ట్ (మిహాన్) అనే ఒక అంతర్జాతీయ సరుకు రవాణా కేంద్ర వ్యవస్థ అభివృద్ధి చేయబడింది,నాగ పూ ర్‌లో    మల్ టీ - మోడ ల్    ఇంటర్నేషనల్    కార్ గ ో    హ బ్    అండ్    ఎయిర్‌ పోర్ ట్    ( మి హా న్ )    అనే    ఒక    అంతర్జాతీయ    స రుకు    రవాణా    కేంద్ర    వ్యవస్థ    అభివృద్ధి    చేయబడ ింది ,121,34
936,"అశోక్ లేల్యాండ్ డిఫెన్స్ సిస్టమ్స్ లిమిటెడ్ (ఎఎల్‌డిఎస్) అనేది అశోక్ లేల్యాండ్ తాలూకు సంస్థాంతర్గత ఆర్&డి స్థావరాన్ని, అంతర్జాతీయ టెక్నాలజీ దిగ్గజాలతో దాని సహయోగాన్ని, అలాగే భారతదేశంలోని అశోక్ లేల్యాండ్ తాలూకు అత్యాధునిక ప్లాంట్‌లను కూడా సమీకరిస్తుంది","అశో క్    లే ల్యా ండ్    డిఫె న్స్    సి స్ట మ్స్    లి మి టెడ్    ( ఎ ఎల్‌ డి ఎస్ )    అనేది    అశో క్    లే ల్యా ండ్    తాలూకు    సం స్థా ంత ర్ గత    ఆర్ & డి    స్థా వ రా న్ని,    అంతర్జాతీయ    టెక్ నాల జీ    ది గ్గ జ ాలతో    దాని    సహ యోగ ా న్ని,    అలాగే    భారతదేశ ంలోని    అశో క్    లే ల్యా ండ్    తాలూకు    అత ్యా ధు నిక    ప్లా ంట్‌ లను    కూడా    సమీ కరి స్తుంది ",225,71
937,ప్లెసీ సెమీకండక్టర్స్ లిమిటెడ్ 8మీ పిక్సెల్ పిచ్ గల జాస్పర్ డిస్ప్లే సిఎంఒఎస్ బ్యాక్‌ప్లేన్ 0,ప్ లె సీ    సె మీ కండ క్ టర్ స్    లి మి టెడ్    8 మీ    ప ిక్ సె ల్    పి చ్    గల    జా స్ప ర్    డి స్ ప్ లే    సి ఎం ఒ ఎస్    బ్యా క్‌ ప్లే న్    0 ,82,37
938,7-అంగుళాల (18 మిమీ) ఆక్టివ్-మాట్రిక్స్ మైక్రోఎల్‌ఈడీ డిస్ప్లే తో బాండ్ చేయబడిన మోనోలిథిక్ మోనోక్రోమ్ బ్లూ జిఎఎన్-ఆన్-సిలికాన్ వేఫర్‌ను ప్రదర్శించింది,7 - అం గు ళ ాల    ( 18    మి మీ )    ఆ క్ టి వ్ - మా ట్ర ిక్స్    మై క్రో ఎల్‌ ఈ డీ    డి స్ ప్ లే    తో    బా ండ్    చేయబడిన    మో నో లి థ ిక్    మో నో క్రో మ్    బ్ల ూ    జి ఎ ఎన్ - ఆ న్- సి లిక ా న్    వే ఫ ర్‌ను    ప్రదర్శ ించ ింది ,135,59
939,"నగరంలో అభివృద్ధి యొక్క నియమరహిత స్వభావం భారీ ట్రాఫిక్ ప్రతిష్ఠంభనలకు దారితీసింది; ఒక ఫ్లైఓవర్ వ్యవస్థను మరియు ఏక-దిశ ట్రాఫిక్ వ్యవస్థలను ప్రవేశపెట్టారు, అవి మోస్తరుగా మాత్రమే విజయవంతమయ్యాయి","నగరంలో    అభివృద్ధి    యొక్క    నియ మర హ ిత    స్వ భావ ం    భారీ    ట్రా ఫ ిక్    ప్రతి ష్ఠ ంభ నలకు    దారితీ స ింది ;    ఒక    ఫ్ లై ఓ వర్    వ్యవస్థను    మరియు    ఏక - దిశ   ట్రా ఫ ిక్    వ్యవస్థ లను    ప్రవేశపెట్ట ారు,    అవి    మో స్త రుగా    మాత్రమే    విజయవంత మయ్య ాయి ",169,47
940,నియర్‌షోర్ మరియు ఐటి సేవలకు ఆంగ్ల భాషా నైపుణ్యం మూలస్తంభం,నియ ర్‌ షో ర్    మరియు    ఐ టి    సేవ లకు    ఆంగ్ల    భాషా    నై పుణ ్యం    మూల స్త ంభ ం ,50,18
941,"సిఎండిఎస్ అనేది వాయుమార్గ రక్షణ వ్యవస్థ, ఇది రాడార్‌చే నిర్దేశిత, ఐఆర్‌ని శోధించే, గాలిలో మరియు నేల మీద నుండి ప్రయోగించే క్షిపణుల నుండి విమానానికి క్రియారహిత ఇసిఎంతో స్వీయ-రక్షణను అందిస్తుంది","సి ఎ ండి ఎస్    అనేది    వాయు మార్గ   రక్షణ    వ్యవస్థ ,    ఇది    రా డార్ ‌ చే    నిర్ దేశ ిత ,    ఐ ఆ ర్‌ ని    శోధ ించ ే,    గాల ిలో    మరియు    నే ల    మీద    నుండి    ప్రయోగ ించే    క్షి ప ణ ుల    నుండి    విమాన ానికి    క్రియ ార హ ిత    ఇ సి ఎంతో    స్వీ య - రక్ష ణను    అంది స్తుంది ",169,56
942,"2013లో ఆఫ్రికా మొత్తంలో చమురు వినియోగంలో 20% పైగా వినియోగంతో, పొడి సహజ వాయువు వినియోగంలో 40% పైగా వినియోగంతో ఆఫ్రికాలో చమురు, సహజ వాయువు యొక్క అతిపెద్ద వినియోగదారుగా ఈజిప్ట్ ఉండింది","201 3లో    ఆ ఫ్రిక ా    మొత్తంలో    చ ము రు    వినియోగ ంలో    20 %    పైగా    వినియోగ ంతో,    పొ డి    సహజ    వాయు వు    వినియోగ ంలో    40 %    పైగా    వినియోగ ంతో    ఆ ఫ్రిక ాలో    చ ము రు,    సహజ    వాయు వు    యొక్క    అతిపెద్ద    వినియోగదార ుగా    ఈ జి ప్ ట్    ఉండ ింది ",158,47
943,"ఒక విలీన ప్రక్రియను అనుసరించి, మిగిలిన 5 అనుబంధ బ్యాంకులు (అనగా స్టేట్ బ్యాంక్ ఆఫ్ బికనేర్ అండ్ జైపూర్, స్టేట్ బ్యాంక్ ఆఫ్ హైదరాబాద్, స్టేట్ బ్యాంక్ ఆఫ్ మైసూర్, స్టేట్ బ్యాంక్ ఆఫ్ పాటియాలా,మరియు స్టేట్ బ్యాంక్ ఆఫ్ ట్రావెన్‌కోర్)ను మరియు భారతీయ మహిళా బ్యాంక్‌ను ఎస్‌బిఐతో విలీనం చేయడానికి 2016 జూన్ 15న కేంద్ర క్యాబినెట్ సూత్రప్రాయంగా ఆమోదం తెలిపింది","ఒక    విలీ న    ప్రక్రియ ను    అనుసరించ ి,    మిగిలిన    5    అనుబంధ   బ్యాంక ులు    ( అన గా    స్టేట్    బ్యాం క్    ఆఫ్    బ ిక నే ర్    అండ్    జై పూర్,    స్టేట్    బ్యాం క్    ఆఫ్    హైదరా బాద్ ,    స్టేట్    బ్యాం క్    ఆఫ్    మైసూ ర్,    స్టేట్    బ్యాం క్    ఆఫ్    పాట ియ ాల ా , మరియు    స్టేట్    బ్యాం క్    ఆఫ్    ట్రా వె న్‌ కోర్ ) ను    మరియు    భారతీయ    మహిళా    బ్యాం క్‌ ను    ఎస్‌ బి ఐ తో    విలీనం    చేయడానికి    2016    జూన్    15 న    కేంద్ర    క్యా బ ిన ె ట్    సూత్ర ప్రాయ ంగా    ఆమోద ం    తెలిప ింది ",304,88
944,"అలాగే గెయిల్ ఈజిప్ట్‌లోని రెండు రిటైల్ గ్యాస్ కంపెనీలు, ఫాయుం గ్యాస్ కంపెనీ (ఎఫ్‌జిసి) మరియు నేషనల్ గ్యాస్ కంపెనీ (నాట్‌గ్యాస్) లలో కూడా యాజమాన్య వాటాదారు భాగస్వామి","అలాగే    గె యి ల్    ఈ జి ప్ ట్‌ లోని    రెండు    రి టై ల్    గ ్యా స్    కంపెనీ లు,    ఫ ాయ ు ం    గ ్యా స్    కంపెనీ    ( ఎఫ్‌ జి సి )    మరియు    నేషనల్    గ ్యా స్    కంపెనీ    ( నా ట్‌ గ ్యా స్ )    లలో    కూడా    యాజమా న్య    వా టా దారు    భాగ స్వామి ",144,53
945,"1824లో హామిల్టన్‌ను, ఎడ్జ్‌వర్త్స్‌టౌన్‌లో నవలా రచయిత్రి మరియా ఎడ్జ్‌వర్త్స్‌కు మీత్ కౌంటీలోని ట్రిమ్‌కు చెందిన మతగురువైన రెవ","18 2 4లో    హా మి ల్ ట న్‌ ను,    ఎ డ్ జ్‌ వర్ త్ స్‌ ట ౌ న్‌లో    నవ లా    రచయిత ్ర ి    మరియ ా    ఎ డ్ జ్‌ వర్ త్ స్‌కు    మీ త్    కౌంట ీ లోని    ట్రి మ్‌ కు    చెందిన    మత గురు వైన    రె వ ",113,45
946,"రిచర్డ్ బట్లర్ పరిచయం చేసారు, ఈయనకి ఆయన తండ్రికి సోదరుడైన జేమ్స్ హామిల్టన్‌ సహాయకుడిగా పనిచేసాడు","రి చర్ డ్    బ ట్ల ర్    పరిచయం    చేస ారు,    ఈ య న కి    ఆయన    తండ్ర ికి    సోద రు డైన    జే మ్స్    హా మి ల్ ట న్‌    సహాయ కుడిగా    పని చేస ాడు ",85,31
947,బెంగాల్ కెమికల్స్ అండ్ ఫర్మాస్యూటికల్స్‌ను కలకత్తా విశ్వవిద్యాలయంలో రసాయనశాస్త్ర ప్రొఫెసర్ అయిన పి,బెంగాల్    కె మిక ల్స్    అండ్    ఫర్ మా స్ యూ టిక ల్ స్‌ను    కల కత్త ా    విశ్వవిద్యాలయ ంలో    ర సాయ న శాస్త్ర   ప్రొఫె సర్    అయిన    పి ,89,25
948,సి,సి ,2,1
949,రే ఏర్పాటు చేసారు,రే    ఏర్పాటు    చేస ారు ,15,4
950,ఇండియన్ ఎయిర్‌లైన్స్ దేశీయ మార్గాల మీద మరియు ఎయిర్ ఇండియా ఇంటర్నేషనల్ అంతర్జాతీయ సేవల మీద దృష్టి పెట్టాయి,ఇండియన్    ఎయిర్‌ లై న్స్    దేశీయ    మార్గ ాల    మీద    మరియు    ఎయి ర్    ఇండియా    ఇంటర్నేషనల్    అంతర్జాతీయ    సేవ ల    మీద    దృష్టి    పెట్ట ాయి ,92,20
951,"మిగతా సందర్భాలలో, హెలికాప్టర్‌ను కేవలం అవగాహన కోసం ఉపయోగించి, రాకెట్ ద్వారా పంపబడే టార్పెడోలను ఆయుధంగా ఉపయోగించారు","మిగ తా    సందర్భ ాలలో,    హె లిక ా ప్ ట ర్‌ను    కేవలం    అవగాహ న    కోసం    ఉపయోగ ించి,    రా కె ట్    ద్వారా    పంప బడే    ట ార్ పె డో లను    ఆయుధ ంగా    ఉపయోగించ ారు ",102,31
952,"1980లలో, స్పానిష్ సంస్థ అయిన ఎస్పెరాన్జా వై సియా 21 యాంటీ-ఆర్మర్ సబ్‌మ్యూనిషన్‌లు కల ఒక 120-మిమీ మోర్టార్ బాంబును రూపొందించింది","198 0 లలో,    స్ప ాని ష్    సంస్థ    అయిన    ఎస్ పె రా న్ జా    వై    స ియా    2 1    యా ంట ీ - ఆర్ మర్    స బ్‌ మ్యూని షన్‌ లు    క ల    ఒక    1 20 - మి మీ    మో ర్ ట ార్    బాంబ ును    రూపొంద ించ ింది ",112,46
953,"కొన్ని అంచనాల ప్రకారం, భారతదేశంలో 10,600 ఎండబ్ల్యూల భూఉష్ణశక్తి అందుబాటులో ఉంది","కొన్ని    అంచ నాల    ప్రకారం,    భారతదేశంలో    10 , 6 00    ఎ ండ బ్ల ్యూ ల    భూ ఉష్ణ శక్తి    అందుబాటులో    ఉంది ",71,19
954,"భారతదేశం వెలుపలి నుండి లోపలికి వచ్చే చెల్లింపులు, భారతదేశంలోని చట్టబద్ధమైన బకాయిలు, మరియు ఇతర ఎన్ఆర్ఒ ఖాతాల నుండి చేసే బదిలీలు, ఎన్ఆర్ఒ ఖాతాలకు అనుమతించబడే జమలు","భారతదేశం    వెలుప లి    నుండి    లోప ల ికి    వచ్చే    చెల్లింప ులు,    భారతదేశ ంలోని    చట్ట బద్ధ మైన    బ క ాయి లు,    మరియు    ఇతర    ఎన్ ఆర్ ఒ   ఖాత ాల    నుండి    చేసే    బది లీ లు,    ఎన్ ఆర్ ఒ   ఖాత ాలకు    అనుమత ించబడే    జ మ లు ",141,41
955,"ఎగుమతులను సులభతరం చేయడానికి, అంబాడ్ ఎంఐడిసి వద్ద కేంద్ర ప్రభుత్వం ఒక కంటైనర్ సరుకు కేంద్రాన్ని ప్రారంభించింది","ఎగు మత ులను    సులభ తరం    చేయడ ానికి,    అంబ ాడ్    ఎం ఐ డి సి    వద్ద    కేంద్ర    ప్రభుత్వం    ఒక    కంట ై నర్    స రుకు    కే ంద ్రాన్ని    ప్రారంభ ించ ింది ",97,28
956,1984 ఆగష్టు 8న స్టీరియో లితోగ్రఫి ఫాబ్రికేషన్ సిస్టమ్ కోసం యు,198 4    ఆగ ష్ట ు    8 న    స్టీ రియ ో    ల ిత ోగ్ర ఫ ి    ఫా బ్ర ికే షన్    సి స్ట మ్    కోసం    య ు ,53,25
957,వి,వి ,2,1
958,"పి, ఇంక్‌కు, ఆ తర్వాత 3డి సిస్టమ్స్‌కు చెందిన చక్ హల్ కు కేటాయించిబడిన యూ","ప ి,    ఇం క్‌ కు,    ఆ    తర్వాత    3 డి    సి స్ట మ్ స్‌కు    చెందిన    చ క్    హ ల్    కు    కేటాయ ించ ి బడిన    య ూ ",62,25
959,ఎస్,ఎస్ ,3,1
960,"4575330 అనే పేటెంట్ ఫైల్ చేయబడింది, అందులో అవరోధాలను దాటే రేడియేషన్, నిరంతర అణు దాడి, రసాయన ప్రతిచర్య లేదా కేవలం అతినీలలోహిత కాంతి లేజర్‌లతో ఫోటోపాలిమర్‌లను మెరుగుపరచడం ద్వారా విడి రేకులు లేదా పొరలు జోడించబడతాయి","4 5 7 5 3 30    అనే    పే టె ంట్    ఫై ల్    చేయబడ ింది,    అందులో    అ వర ో ధ ాలను    దాట ే    రేడియ ే ష న్,    నిర ంతర    అణ ు    దాడ ి,    ర సాయ న    ప్రతి చ ర్య    లేదా    కేవలం    అతి నీ ల లో హ ిత    కా ంతి    లే జ ర్‌ లతో    ఫో టో పాలి మ ర్‌ లను    మెరుగు పరచ డం    ద్వారా    వి డి    రే కులు    లేదా    పొర లు    జోడ ించబడ త ాయి ",185,73
961,"ఇతర ప్రధాన పరిశ్రమలలో శాస్త్రీయ పరికరాలు, వ్యవసాయ సామాగ్రి, ఎలక్ట్రికల్ సామాగ్రి, యంత్ర సామాగ్రి, వస్త్రాలు, కుట్టు మెషీన్లు, క్రీడా పరికరాలు, పిండి పదార్థం, ఎరువులు, సైకిళ్ళు, దుస్తులు, పైన్ నూనె, పంచదార ప్రరావర్తనాలు ఉంటాయి","ఇతర    ప్రధాన    పరిశ్రమ లలో    శాస్త్రీయ    పరికర ాలు,    వ్యవసాయ    సామా గ్ర ి,    ఎ లక్ ట్ర ిక ల్    సామా గ్ర ి,    య ంత్ర   సామా గ్ర ి,    వస్త్ర ాలు,    కు ట్టు    మె ష ీ న్ లు,    క్రీడా    పరికర ాలు,    పిం డి    పదార్థ ం,    ఎ రు వ ులు,    సైకి ళ్ళ ు,    దుస్త ులు,    పై న్    నూ నె ,    పంచ దార   ప్ర రా వర్ తన ాలు    ఉంట ాయి ",200,63
962,కంప్యూటర్ నిర్మాణానికి సంబంధించి విద్యుత్ వినియోగాన్ని సూచించేటప్పుడు ఉపయోగించే సాధారణ కొలమానం ఎంఐపిఎస్/డబ్ల్యూ (ప్రతి వాట్‌కు ప్రతి క్షణానికి మిలియన్ల ఆదేశాలు)‌,కంప్యూటర్    నిర్మాణ ానికి    సంబంధ ించి    విద్యుత్    వినియోగ ాన్ని    సూచ ించే టప్పుడు    ఉపయోగించే    సాధారణ    కొ ల మా నం    ఎం ఐ పి ఎస్ / డబ్ల ్య ూ    ( ప్రతి    వా ట్‌కు    ప్రతి    క్ష ణ ానికి    మిలియ న్ల    ఆదేశ ాలు ) ‌,146,39
963,"ఆర్‌సిఐకు,హైదరాబాదులోని ఉద్యోగుల స్టేట్ ఇన్స్యూరెన్స్ కార్పొరేషన్ మెడికల్ కాలేజీ ప్రోటోటైప్ రూపకల్పనలో సహాయం చేయగా, పోస్ట్‌గ్రాడ్యుయేట్ ఇన్స్టిట్యూట్ ఆఫ్ మెడికల్ ఎడ్యుకేషన్ అండ్ రీసెర్చ్ వైద్య వినియోగం కోసం ఉత్పత్తులను పరీక్షించడం, ధృవీకరించడం మరియు ఆమోదంలో సహాయం చేసింది","ఆ ర్‌ సి ఐ కు , హైదరా బా దు లోని    ఉద్యోగ ుల    స్టేట్    ఇన్ స్ యూ రె న్స్    కార్పొ రేషన్    మె డ ిక ల్    కాలే జీ    ప్రో టో టై ప్    రూప కల్ప నలో    సహాయం    చేయ గా,    పో స్ట్‌ గ్ర ాడ ్యు యే ట్    ఇన్ స్టిట్యూ ట్    ఆఫ్    మె డ ిక ల్    ఎడ ్యు కే షన్    అండ్    రీ సె ర్చ ్    వైద్య    వినియోగ ం    కోసం    ఉత్పత్త ులను    పరీక్ష ించడ ం,    ధృవీకరించ డం    మరియు    ఆమోద ంలో    సహాయం    చేస ింది ",244,77
964,"కొన్ని సందర్భాలలో, వైజ్ఞానిక కల్పిత కధలలో మొదట పరిచయం చేయబడిన ఆయుధాలు ఇప్పుడు నిజం చేయబడ్డాయి","కొన్ని    సందర్భ ాలలో,    వై జ్ఞ ానిక    కల్ప ిత    క ధ లలో    మొదట    పరిచయం    చేయబడిన    ఆయుధ ాలు    ఇప్పుడు    నిజ ం    చేయబడ ్డ ాయి ",82,22
965,భారతదేశపు ప్రధాన ఉక్కు ఉత్పత్తిదారు అయిన సెయిల్‌కు తమిళనాడులోని సేలంలో ఒక ఉక్కు ప్లాంట్ ఉంది,భారతదేశపు    ప్రధాన    ఉ క్కు    ఉత్పత్తి దారు    అయిన    సె యి ల్‌కు    తమిళనాడు లోని    సే ల ంలో    ఒక    ఉ క్కు    ప్లా ంట్    ఉంది ,81,21
966,"1997లో సాన్యో ""పిఒఎస్‌సిఎపి"" పాలిమర్ టాంటలుం చిప్స్‌తో అనుసరించింది","199 7లో    సా న్య ో    "" పి ఒ ఎస్‌ సి ఎ పి ""    పాలి మర్    టా ంట లు ం    చి ప్ స్‌ తో    అనుసరించ ింది ",61,25
967,"నియంత్రణ, పర్యవేక్షణ, సమాచార మార్పిడి, గమనం, వాతావరణం మరియు తాకిడి నిరోధక వ్యవస్థలతో సహా వైమానిక పరికరాలు ఉండే విలక్షణ ప్రదేశం విమానపు కాక్‌పిట్","నియంత్ర ణ,    పర్య వేక్ష ణ,    సమాచార   మార్పి డ ి,    గమన ం,    వాతావరణం    మరియు    తా కి డి    నిరోధ క    వ్యవస్థ లతో    సహా    వై మ ానిక    పరిక రాలు    ఉండే    వి లక్ష ణ    ప్రదేశం    విమాన పు    కా క్‌ పి ట్ ",127,37
968,"నాలుగు ప్రధాన ప్రతిపాదనలు ఉండినవి, అభివృద్ధి పురోగమిస్తూ ఉన్న కొద్దీ ఉపయోగాల తుది మిశ్రమాన్ని ఖరారు చేస్తారు","నాలుగు    ప్రధాన    ప్రతిపాద నలు    ఉండిన వి,    అభివృద్ధి    పుర ోగ మి స్తూ    ఉన్న    కొద్ద ీ    ఉపయోగ ాల    తు ది    మి శ్ర మాన్ని    ఖ ర ారు    చేస్త ారు ",96,26
969,"భారతీయ ద్రవ్య మార్కెట్‌ను ప్రైవేటు, పబ్లిక్, మరియు విదేశీ యాజమాన్య వాణిజ్య బ్యాంకులు, సహకార బ్యాంకులతో కలిపి ""షెడ్యూల్డ్ బ్యాంకులు"" అని పిలవబడే సంఘటిత రంగంగా, మరియు వ్యక్తిగత లేదా కుటుంబ-యాజమాన్య దేశీయ బ్యాంకర్లు లేదా అప్పులిచ్చేవారు మరియు బ్యాంకింగేతర ఆర్థిక సంస్థలతో కూడిన అసంఘటిత రంగంగా వర్గీకరించబడింది","భారతీయ    ద్ర వ్య    మార్కె ట్‌ను    ప్రైవే ట ు,    ప బ్ల ిక్ ,    మరియు    విదేశీ    యాజమా న్య    వాణిజ్య    బ్యాంక ులు,    సహ కార    బ్యాంక ులతో    కలి పి    "" షెడ్యూ ల్డ్    బ్యాంక ులు ""    అని    పిలవబడే    సంఘట ిత    రంగ ంగా,    మరియు    వ్యక్తిగత    లేదా    కుటుంబ - యాజమా న్య    దేశీయ    బ్యాంక ర్లు    లేదా    అప్ప ుల ి చ్చే వారు    మరియు    బ్యాంక ింగ ే తర    ఆర్థిక    సంస్థ లతో    కూడిన    అ సంఘట ిత    రంగ ంగా    వర్గీకరించ బడ ింది ",272,70
970,"2006 ఆగష్టులో ఉత్తర గ్రిడ్‌ను కూడా అనుసంధానించి ఒక సెంట్రల్ గ్రిడ్‌ను ఏర్పాటు చేసారు, అది సమకాలికంగా అనుసంధానించబడి, ఒక పౌనఃపున్యంలో పనిచేసేది","200 6    ఆగ ష్ట ులో    ఉత్తర    గ్ర ి డ్‌ ను    కూడా    అనుసంధాన ించి    ఒక    సెంట ్ర ల్    గ్ర ి డ్‌ ను    ఏర్పాటు    చేస ారు,    అది    సమ కాల ికంగా    అనుసంధాన ించబడ ి,    ఒక    పౌ న ః పు న్య ంలో    పని చేసే ది ",126,41
971,"ఈశాన్య మరియు తూర్పు గ్రిడ్‌లను పరస్పరం అనుసంధానించినప్పుడు, 1991 అక్టోబరులో ప్రాంతీయ గ్రిడ్‌ల మధ్య మొదటి పరస్పర అనుసంధానం ఏర్పరచబడింది","ఈశాన్య    మరియు    తూర్పు    గ్ర ి డ్‌ లను    పర స్ పర ం    అనుసంధాన ించిన ప్పుడు,    199 1    అక్టో బరు లో    ప్రాంతీయ    గ్ర ి డ్‌ ల    మధ్య    మొదటి    పర స్ప ర    అనుసం ధా నం    ఏర్ పరచ బడ ింది ",120,36
972,"డీజిల్ స్థానంలో విద్యుత్తుని ఉపయోగించటానికి సరసమైన రిటైల్ విద్యుత్ ధర 19 రూ/కిలోవాట్ వరకు ఉంటుంది (క్రాంక్‌షాఫ్ట్ శక్తి సామర్థ్యాన్ని ప్రేరేపించేందుకు 40% ఇంధన శక్తినిచ్చే డీజిల్ నికర తాపజనక విలువ అయిన 8572 కిలోకాల్/లీటరుకు ప్రతిగా క్రాంక్‌షాఫ్ట్ శక్తి సామర్థ్యాన్ని ప్రేరేపించే 75% ఉత్పాదక విద్యుచ్చక్తి విలువ 860 కిలోకాల్/కిలోవాట్-గంట), పెట్రోల్ స్థానంలో విద్యుత్తుని ఉపయోగించటానికి పోల్చదగిన సంఖ్య 28రూ/కిలోవాట్ వరకు ఉంటుంది (క్రాంక్‌షాఫ్ట్ శక్తి సామర్థ్యాన్ని ప్రేరేపించేందుకు 33% ఇంధన శక్తినిచ్చే పెట్రోల్ యొక్క నికర తాపజనక విలువ అయిన 7693 కిలోకాల్/లీటరుకు ప్రతిగా షాఫ్ట్ సామర్థ్యాన్ని ప్రేరేపించే 75% ఉత్పాదక విద్యుచ్చక్తి విలువ 860 కిలోకాల్/కిలోవాట్)","డీ జి ల్    స్థానంలో    విద్యు త్త ుని    ఉపయోగించ టానికి    సర స మైన    రి టై ల్    విద్యుత్    ధర    19    రూ / కిలో వా ట్    వరకు    ఉంటుంది    ( క్రా ం క్‌ షా ఫ్ ట్    శక్తి    సామర్థ ్యాన్ని    ప్రే రే ప ించేందుకు    40 %    ఇ ంధ న    శక్తి నిచ్చ ే    డీ జి ల్    నిక ర    తా ప జన క    విలువ    అయిన    8 5 7 2    కిలో కాల్ / లీ ట రుకు    ప్రతి గా    క్రా ం క్‌ షా ఫ్ ట్    శక్తి    సామర్థ ్యాన్ని    ప్రే రే ప ించే    7 5 %    ఉత్ పాద క    విద్యు చ్చ క్తి    విలువ    8 60    కిలో కాల్ / కిలో వా ట్ - గంట ),    పె ట్రో ల్    స్థానంలో    విద్యు త్త ుని    ఉపయోగించ టానికి    పో ల్ చద గిన    సంఖ్య    28 రూ / కిలో వా ట్    వరకు    ఉంటుంది    ( క్రా ం క్‌ షా ఫ్ ట్    శక్తి    సామర్థ ్యాన్ని    ప్రే రే ప ించేందుకు    3 3 %    ఇ ంధ న    శక్తి నిచ్చ ే    పె ట్రో ల్    యొక్క    నిక ర    తా ప జన క    విలువ    అయిన    7 6 9 3    కిలో కాల్ / లీ ట రుకు    ప్రతి గా    షా ఫ్ ట్    సామర్థ ్యాన్ని    ప్రే రే ప ించే    7 5 %    ఉత్ పాద క    విద్యు చ్చ క్తి    విలువ    8 60    కిలో కాల్ / కిలో వా ట్ ) ",587,201
973,"విపణిలో వందల కొద్దీ హ్యాండ్‌సెట్‌లు ఉన్నాయి, అవి స్క్రీన్ పరిమాణం మరియు మద్దతిచ్చే సాంకేతికతలను (ఉదా","వి ప ణి లో    వంద ల    కొద్ద ీ    హ్యా ండ్‌ సె ట్‌లు    ఉన్నాయి,    అవి    స్క్రీ న్    పరి మా ణం    మరియు    మద్ద తి చ్చ ే    సాంకే తిక తలను    ( ఉద ా ",89,30
974,"ఎంఎంఎస్, డబ్ల్యూఎపి 2","ఎం ఎం ఎ స్,    డబ్ల ్యూ ఎ పి    2 ",19,9
975,0) బట్టి భిన్నంగా ఉంటాయి,0 )    బట్టి    భిన్న ంగా    ఉంట ాయి ,21,7
976,వనరులను వెతకడం కొరకు ఒక పబ్లిక్-ప్రైవేట్ భాగస్వామ్యం (పిపిపి) విధానం ఉత్తమంగా సరిపోతుంది,వనర ులను    వెత క డం    కొ రకు    ఒక    ప బ్ల ిక్ - ప్రైవేట్    భాగస్వామ ్యం    ( పి పి పి )    విధా నం    ఉత్త మ ంగా    సరిపో తుంది ,79,27
977,"1945 నివేదిక ఇలా పేర్కొంది, ""ఆ క్షణం నుండి సాధారణ వాణిజ్య యంత్రాంగం కలకత్తాకు ఆహారం అందించడానికి దానిపై ఆధారపడలేనిది అయిపోయింది","194 5    నివేద ిక    ఇలా    పేర్కొ ంది,    "" ఆ    క్ష ణం    నుండి    సాధారణ    వాణిజ్య    య ంత ్రా ంగ ం    కల కత్త ా కు    ఆహార ం    అంద ించడానికి    దానిపై    ఆధార పడ లే ని ది    అయ ిపోయ ింది ",112,36
978,"""",""" ",1,1
979,"1591లో జాన్ లెగేట్ మొదటి కేంబ్రిడ్జ్ బైబిల్‌ను ప్రచురించారు, ఇంకా 1629లో థామస్ మరియు జాన్ బక్‌లు కింగ్ జేమ్స్ బైబిల్ కేంబ్రిడ్జ్ ఫోలియో ప్రతిని ప్రచురించారు","15 9 1లో    జాన్    లె గే ట్    మొదటి    కే ంబ ్ర ి డ్ జ్    బై బి ల్‌ను    ప్రచురించ ారు,    ఇంకా    16 2 9లో    థా మ స్    మరియు    జాన్    బ క్‌ లు    కింగ్    జే మ్స్    బై బి ల్    కే ంబ ్ర ి డ్ జ్    ఫో లియ ో    ప్రతి ని    ప్రచురించ ారు ",137,50
980,2017 డిసెంబర్లో పవన ప్రాజెక్టుల వేలం సమయంలో పవన విద్యుత్ యొక్క సమం చేయబడిన సుంకం(యే ప్రత్యక్ష లేక పరోక్ష రాయితీలు లేకుండా) రికార్డు స్థాయిలో కేడబల్యూఎచ్ ₹2,2017    డిసె ంబ ర్ లో    ప వన    ప్రాజె క్ట ుల    వే లం    సమయంలో    ప వన    విద్యుత్    యొక్క    సమ ం    చేయబడిన    సు ంక ం ( యే    ప్రత్య క్ష    లే క    ప రో క్ష    రాయ ితీ లు    లే కుండ ా )    రికార్ డు    స్థాయిలో    కే డ బల ్యూ ఎ చ్    ₹ 2 ,135,50
981,43 ($0,4 3    ( $ 0 ,5,5
982,03యుఎస్) కనిష్టానికి చేరుకుంది,0 3 యు ఎస్ )    కని ష్ట ానికి    చేరు కు ంది ,28,11
983,"1972 నుండి 1975 మధ్య, 25 పైసలు, 50 పైసలు, 1 రూపాయి నాణేలలో నికెల్‌కు బదులు తామ్రనికెల్‌ వాడబడేది;1982లో రెండు రూపాయల తామ్రనికెల్ నాణేలను ప్రవేశపెట్టారు","197 2    నుండి    197 5    మధ్య ,    25    పై స లు,    50    పై స లు,    1    రూప ాయి    నాణే లలో    ని కె ల్‌కు    బద ులు    తా మ ్ర ని కె ల్‌   వాడ బడ ే ది ; 198 2లో    రెండు    రూపాయ ల    తా మ ్ర ని కె ల్    నాణే లను    ప్రవేశపెట్ట ారు ",132,51
984,"డెంబోవ్స్కీ దీని గురించి మొదటగా 2001లో ఆక్స్‌ఫర్డ్ యూనివర్సిటీ ప్రెస్ వారు ప్రచురించబడ్డ తన పుస్తకం ""టేకింగ్ ది స్టేట్ టు ది సుప్రీమ్ కోర్ట్: పబ్లిక్ ఇంట్రెస్ట్ లిటిగేషన్ అండ్ ది పబ్లిక్ స్పియర్ ఇన్ మెట్రోపాలిటన్ ఇండియా"" లో రాసారు","డె ంబ ో వ్ స్ కీ    దీని    గురించి    మొద ట గా    200 1లో    ఆ క్ స్‌ ఫర్ డ్    యూనివర్ సి టీ    ప్ర ెస్    వారు    ప్రచురించ బడ్డ   తన    పుస్త కం    "" టే కింగ్    ది    స్టేట్    టు    ది    సు ప్రీ మ్    కోర్ ట్ :    ప బ్ల ిక్    ఇంట ్ర ె స్ట్    లి టి గే షన్    అండ్    ది    ప బ్ల ిక్    స్ప ియర్    ఇ న్    మె ట్రో పాలి టన్    ఇండ ియా ""    లో    రా సార ు ",200,73
985,"ఒక రక్షిత వ్యక్తి పై ""శారీరిక వేదన లేదా తొలగింపు కలిగించేంత తీవ్రమైనది"" ఏమీ చేయరాదు","ఒక    రక్ష ిత    వ్యక్తి    పై    "" శారీ ర ిక    వేద న    లేదా    తొలగ ింపు    కలిగ ించే ంత    తీవ్ర మైన ది ""    ఏ మీ    చేయ రా దు ",72,26
986,"యుద్ధం ద్వారా ఒక గ్రామం స్వాధీనపరుచుకోబడినా కూడా, యే పక్షముచేత కూడా దోపిడి అనుమతించబడదు అని నిబంధన 28 తెలియజేస్తున్నది","యుద్ధం    ద్వారా    ఒక    గ్రామం    స్వాధీ న పరు చు కో బడ ిన ా    కూడ ా,    యే    పక్ష ము చేత    కూడా    దో పి డి    అనుమత ించబడ దు    అని    నిబంధ న    2 8    తెలియజే స్తున్న ది ",104,33
987,వైకల్యం విచక్షణకు విరుద్ధంగా హక్కులు మరియు ఆత్మగౌరవం పట్ల గౌరవాన్ని పెంపొందించే వైపుగా అవగాహన కల్పించేందుకు భాగస్వాముల నిబద్ధతను కన్వెన్షన్ యొక్క నిబంధన 8 నొక్కి చెప్తుంది,వై కల ్యం    వి చ క్ష ణకు    విరుద్ధ ంగా    హక్క ులు    మరియు    ఆత్మ గౌర వం    పట్ల    గౌర వాన్ని    పె ం పొంద ించే    వైపు గా    అవగాహ న    కల్ప ించేందుకు    భాగస్వామ ుల    ని బద్ధ తను    కన్ వె న్ షన్    యొక్క    నిబంధ న    8    నొ క్కి    చె ప్ తుంది ,152,46
988,"కేవలం శాసన సభకు మాత్రమే సమాఖ్య జాబితా క్రిందకి వచ్చే (పౌరసత్వం, దేశరక్షణ, అంతర్గత భద్రత, పౌర మరియు దండన్యాయము, విత్తం, వాణిజ్యం, వర్తకం మరియు పరిశ్రమలు, విద్య, ఉపాధి, పర్యాటకం వంటి) విషయాలపై చట్టాలు చేసే అధికారం ఉంది, అయితే ప్రతీ రాష్ట్రానికి, దాని శాసనసభ ద్వారా రాష్ట్ర జాబితా క్రిందకి వచ్చే (భూమి, స్థానిక ప్రభుత్వం, షరియా చట్టం మరియు షరియా న్యాయస్థానాలు, రాష్ట్ర సెలవుదినాలు మరియు రాష్ట్ర ప్రజా పనులు వంటి) విషయాలపై శాసనం చేసే అధికారం ఉంది","కేవలం    శాస న    సభ కు    మాత్రమే    సమా ఖ ్య    జాబితా    క్ర ింద కి    వచ్చే    ( పౌర స త్వ ం,    దేశ రక్ష ణ,    అంతర్ గత    భద్ర త,    పౌర    మరియు    దండ న్యాయ మ ు,    వి త్త ం,    వాణిజ్య ం,    వర్త కం    మరియు    పరిశ్రమ లు,    విద్య ,    ఉపా ధ ి,    పర్యాట కం    వంటి )    విషయ ాలపై    చట్ట ాలు    చేసే    అధికారం    ఉంది,    అయితే    ప్ర తీ    రాష్ట్ర ానికి,    దాని    శాసన సభ    ద్వారా    రాష్ట్ర    జాబితా    క్ర ింద కి    వచ్చే    ( భూమ ి,    స్థానిక    ప్రభుత్వ ం,    ష రియా    చట్టం    మరియు    ష రియా    న్యాయ స్థాన ాలు,    రాష్ట్ర    సెల వు ది నాలు    మరియు    రాష్ట్ర    ప్రజా    పన ులు    వంటి )    విషయ ాలపై    శాసనం    చేసే    అధికారం    ఉంది ",384,106
989,"ఫిబ్రవరి 10 వరకు బీక్, ఎచ్ట్-సస్టెరెన్‌లలో అత్యవసర ఉత్తర్వులు అమలులో ఉంటాయి, ఇందుచే పోలీసులకు కారణమేమీ లేకుండా ఆపి సోదా చేసేందుకు వీలు కల్పిస్తుంది","ఫిబ్రవరి    10    వరకు    బీ క్,    ఎ చ్ ట్ - స స్టె రె న్‌ లలో    అత్యవసర    ఉత్త ర్ వులు    అమ లు లో    ఉంటాయి,    ఇందు చే    పోలీ స ులకు    కారణ మే మీ    లేకుండా    ఆ పి    సో దా    చేసే ందుకు    వీలు    కల్ పి స్తుంది ",130,41
990,"అయితే, ఏ రాష్ట్ర బార్ కౌన్సిల్‌లోనైనా నమోదు చేసుకోవడం అనేది న్యాయవాది నమోదు చేసుకున్న రాష్ట్ర బార్ కౌన్సిల్ ప్రాదేశిక అధికార పరిధికి మించినప్పటికీ భారతదేశంలోని ఏ కోర్టులోనైనా హాజరుకాకుండా వారిని నియంత్రించదు","అయితే,    ఏ    రాష్ట్ర    బార్    కౌన్సి ల్‌ లో నైనా    నమోదు    చేసుకోవ డం    అనేది    న్యాయ వా ది    నమోదు    చేసుకున్న    రాష్ట్ర    బార్    కౌన్సి ల్    ప్రా దేశ ిక    అధికార   పరి ధ ికి    మ ించిన ప్పటికీ    భారతదేశ ంలోని    ఏ    కోర్ టు లో నైనా    హా జరు కాకుండా    వారిని    నియంత్ర ించ దు ",184,45
991,"ఈ చట్టాలు ఎటువంటి ప్రభుత్వేతర రాజకీయ కార్యకలాపాలకి నిర్దిష్టంగా సరిహద్దులు గీశాయి: వీధి ప్రదర్శనలు, ఆమోదించబడని రాజకీయ సంస్థలు, మరియు నమోదు కాని ఆర్థిక విరాళాలు అధికారికంగా నిషేధించబడ్డాయి","ఈ    చట్ట ాలు    ఎటువంటి    ప్రభు త్ వే తర    రాజకీయ    కార్యకలా పాల కి    నిర్ది ష్ట ంగా    సరిహద్ద ులు    గీ శ ాయి :    వీ ధి    ప్రదర్శ న లు,    ఆమోద ించబడ ని    రాజకీయ    సంస్థ లు,    మరియు    నమోదు    కాని    ఆర్థిక    విరా ళ ాలు    అధికారికంగా    నిషేధ ించబడ్డ ాయి ",168,43
992,అక్రమ సంబంధాన్ని సాధారణంగా విశ్వాసం యొక్క మరియు వివాహ ప్రక్రియ సమయంలో చేసుకున్న నిబద్ధత యొక్క ఉల్లంఘనగా పరిగణిస్తారు,అ క్ర మ    సం బం ధాన్ని    సాధారణంగా    విశ్ వా సం    యొక్క    మరియు    వివాహ   ప్రక్రియ   సమయంలో    చేసుకున్న    ని బద్ధ త    యొక్క    ఉ ల్లంఘ న గా    పరిగణి స్త ారు ,103,27
993,మీరు సహాయక పేజీలను జాగ్రత్తగా చదివి సమస్యని పూర్తిగా పరిష్కరించారా,మీరు    సహాయ క    పేజీ లను    జా గ్ర త్తగా    చ ది వి    సమస్య ని    పూర్తిగా    పరిష్కరించ ారా ,59,16
994,"జూలై, ఆగష్టు 2006లో లెబనాన్ మరియు ఇజ్రాయెల్ మధ్య జరిగిన యుద్ధ సమయంలో సామూహిక సైనిక ఆయుధాల వినియోగం మరియు ప్రభావం గురించిన అంతర్జాతీయ వివాదం అనేది నిషేధ ఒప్పందం కొరకు చేస్తున్న ప్రపంచవ్యాప్త ప్రచారానికి బలం చేకూర్చింది","జూ లై ,    ఆగ ష్ట ు    200 6లో    లె బ నా న్    మరియు    ఇ జ్ర ాయ ె ల్    మధ్య    జరిగిన    యుద్ధ    సమయంలో    సా మూ హ ిక    సైనిక    ఆయుధ ాల    వినియోగ ం    మరియు    ప్రభావం    గురించిన    అంతర్జాతీయ    వివాద ం    అనేది    నిషేధ   ఒప్పందం    కొ రకు    చే స్తున్న    ప్రపంచ వ్యాప్ త    ప్రచార ానికి    బల ం    చే కూర్చ ింది ",190,54
995,తైవాన్ లో ప్రజాభిప్రాయ విచారణలు మరియు పరిశోధన మరణ దండనకు ఏకరీతిగా 80% బలమైన మద్దత్తు తెలిపాయి,తై వా న్    లో    ప్రజా భి ప్రాయ   విచార ణలు    మరియు    పరిశోధ న    మర ణ    దండ నకు    ఏ కర ీ తిగా    8 0 %    బలమైన    మద్ద త్తు    తెలిప ాయి ,81,28
996,"అదనంగా, న్యూరేమ్‌బెర్గ్ విచారణల మాజీ ప్రధాన న్యాయవాది అయిన బెంజమిన్ ఫెరెన్జ్ ఇరాక్ మీద జరిగిన దాడిని ""స్పష్టంగా ఒక చట్ట ఉల్లంఘన"" అని, ఇది శాంతికి వ్యతిరేక నేరంగా పరిగణించబడుతుందని పేర్కొన్నారు","అదనంగా,    న్యూ రే మ్‌ బెర్ గ్    విచార ణ ల    మాజీ    ప్రధాన    న్యాయ వా ది    అయిన    బె ంజ మి న్    ఫె రె న్ జ్    ఇరా క్    మీద    జరిగిన    దాడ ిని    "" స్పష్టంగా    ఒక    చట్ట   ఉ ల్లంఘ న ""    అని,    ఇది    శాంత ికి    వ్యతిరే క    నేర ంగా    పరిగణ ించబడు తుందని    పేర్కొ న్న ారు ",169,51
997,"2012 సెప్టెంబర్‌‌లో, వారు కోర్టు ధిక్కరణకై దోషులుగా నిర్దారించబడ్డారు","2012    సెప్టె ంబ ర్‌‌ లో,    వారు    కోర్టు    ధ ిక్ కరణ క ై    దో ష ులుగా    నిర్ దార ించబడ్డ ారు ",63,19
998,"2008 లో, అటుగా వెళ్తున్న ఆడవాళ్ళపై అశ్లీల వ్యాఖ్యలు చేస్తూ పట్టబడ్డ ఒక 19 ఏళ్ల వానిని, అనుచిత ప్రవర్తనకు పర్యావసానాల గురించి వివరించే 500 కరపత్రాలను బడులు మరియు కళాశాలలు వెలుపల పంచిపెట్టమని ఒక ఢిల్లీ న్యాయస్థానం ఆదేశించింది","200 8    లో,    అ టు గా    వెళ్ తున్న    ఆడ వా ళ్ళ పై    అ శ్ లీ ల    వ్యా ఖ్య లు    చేస్తూ    పట్ట బడ్డ   ఒక    19    ఏళ్ల    వా ని ని,    అను చిత   ప్ర వర్ తనకు    పర్యా వ సా నాల    గురించి    వివర ించే    500    కర పత్ర ాలను    బడ ులు    మరియు    కళాశ ాల లు    వెలుపల    పంచ ి పెట్ట మని    ఒక    ఢిల్లీ    న్యాయ స్థానం    ఆదేశ ించ ింది ",195,62
999,"2015 మార్చి 11న, ఒక ప్రత్యేక సిబిఐ న్యాయమూర్తి డా మన్మోహన్ సింగ్, మరియు శ్రీయుతులు హిండాల్కో, సూబేండు అమితాభ్, డి","2015    మార్చి    11 న,    ఒక    ప్రత్యేక    సి బి ఐ    న్యాయ మూ ర్ తి    డా    మ న్ మోహ న్    సింగ్,    మరియు    శ్రీ యు తులు    హిం డ ాల్ కో ,    సూ బే ండ ు    అమ ితా భ ్,    డి ",98,37
1000,"భట్టాచార్య, కుమార మంగళం బిర్లా, మరియు పి","భ ట్ట ా చార ్య ,    కుమార   మంగ ళం    బి ర్ లా,    మరియు    పి ",35,14
1001,సి,సి ,2,1
1002,"పరాఖ అను ఐదుగురు ఇతర నిందితులుపై భారతీయ శిక్షా స్మృతి 1860 లోని 120-బి మరియు 409 సెక్షన్లు, మరియు అవినీతి నివర్ధక చట్టం యొక్క 13(1)(సి), 13(1)(డి)(3) సెక్షన్ల క్రింద నేర విచారణ జరిపారు","ప రా ఖ   అ ను    ఐ దు గురు    ఇతర    న ింద ిత ులు పై    భారతీయ    శిక్ష ా    స్మ ృ తి    18 60    లోని    1 20 - బి    మరియు    40 9    సె క్ష న్ లు,    మరియు    అవి నీ తి    ని వర్ ధ క    చట్టం    యొక్క    13 ( 1 ) ( సి ),    13 ( 1 ) ( డి ) ( 3 )    సె క్ష న్ల    క్రింద    నే ర    విచార ణ    జ రి పార ు ",159,73
1003,గతంలో అతడు యుద్ధ నేరాలను నిర్ధేశించినందుకు మరియు ఉమ్మడి కుట్ర విషయాలలో నిర్దోషిగా విడదలయ్యాడు,గతంలో    అతడు    యుద్ధ    నేర ాలను    నిర్ ధ ే శ ించిన ందుకు    మరియు    ఉ మ్మ డి    కు ట్ర   విషయ ాలలో    నిర్ దో షి గా    వి డ ద ల య్య ాడు ,83,29
1004,పౌరులను డిజిటల్ నిఘాలో పెట్టడం మరియు వాక్ స్వాతంత్ర్యాన్ని కఠినంగా నిషేధించడం ద్వారా మానవ హక్కులను ఉల్లంఘిస్తున్న కారణంగా ఈ చట్టం ఐటీ వర్గాల చేత విస్తృతంగా వ్యతికరేకించబడింది,పౌర ులను    డిజి టల్    ని ఘ ాలో    పెట్ట డం    మరియు    వా క్    స్వాతంత్ర ్యాన్ని    కఠిన ంగా    నిషేధ ించడం    ద్వారా    మానవ    హక్క ులను    ఉ ల్లంఘ ి స్తున్న    కారణంగా    ఈ    చట్టం    ఐ టీ    వర్గ ాల    చేత    విస్తృతంగా    వ్య తిక రే క ించబడ ింది ,154,41
1005,"రాజ్యాంగ ఉపోద్ఘాతంలో కూడా ప్రతిష్ఠించినట్లుగానే, తక్షణ న్యాయం అందించడం అనేది రాజ్యాంగం యొక్క ప్రధానమైన ఉద్దేశ్యము","రాజ్యా ంగ    ఉ పో ద్ ఘా తంలో    కూడా    ప్రతి ష్ఠ ించిన ట్ లు గా నే,    త క్ష ణ    న్యాయ ం    అంద ించడం    అనేది    రాజ్యా ంగ ం    యొక్క    ప్రధా నమైన    ఉద్దేశ ్య ము ",102,32
1006,2013 లో నిబంధన 145 లో సవరణ చేయబడి సర్వోన్నత న్యాయస్థాన నియమాల చేత ప్రభావితమౌతుంది,2013    లో    నిబంధ న    14 5    లో    సవర ణ    చేయబడ ి    సర్ వో న్నత    న్యాయ స్థా న    నియమ ాల    చేత    ప్రభావి త మౌ తుంది ,70,24
1007,"యునైటెడ్ కింగ్డంలో, పార్లమెంటు యాక్ట్ లు ప్రభుత్వ సిద్ధాంతాల కింద ఉపేక్షించబడవు, అయితే పార్లమెంటు ప్రవేశం పెట్టని ప్రధాన శాసనం అనే ఆర్డర్ ఆఫ్ ది కౌన్సిల్ ఉపేక్షించబడుతుంది (కౌన్సిల్ ఆఫ్ సివిల్ సర్విస్ యూనియన్స్ వర్సెస్ మినిస్టర్ ఫర్ ది సివిల్ సర్విస్ (1985) మరియు మిల్లర్/చెర్రీ (2019) ని చూడగలరు)","యునైటెడ్    క ింగ ్డ ంలో,    పార్లమెంట ు    యా క్ట్    లు    ప్రభుత్వ    సిద్ధాంత ాల    కింద    ఉ పే క్ష ించబడ వు,    అయితే    పార్లమెంట ు    ప్రవేశం    పెట్ట ని    ప్రధాన    శాసనం    అనే    ఆర్డర్    ఆఫ్    ది    కౌన్సి ల్    ఉ పే క్ష ించబడు తుంది    ( కౌన్సి ల్    ఆఫ్    సి వి ల్    సర్ వి స్    యూనియ న్స్    వర్ సె స్    మి ని స్టర్    ఫర్    ది    సి వి ల్    సర్ వి స్    ( 198 5 )    మరియు    మి ల్ల ర్ / చె ర్ర ీ    ( 20 19 )    ని    చూడ గల రు ) ",260,85
1008,"ఉదాహరణకు, ""ఒక వ్యక్తి జూస్ సంగ్వినీస్ వర్తించే రాష్ట్రంలో జన్మించి ఆమె తలిదండ్రులు జూస్ సోలి వర్తించే రాష్ట్రంలో జన్మిస్తే ఆ వ్యక్తి ఏ దేశానికీ పౌరులు కాని స్థితి ఏర్పడే ప్రమాదం ఉంటుంది, అలా ఆ వ్యక్తి విరుద్ధ చట్టాల కారణంగా ఇరు రాష్ట్రాలలోనూ పౌరసత్వానికి అనర్హురాలుగా మిగిలిపోతుంది""","ఉదాహరణకు,    "" ఒక    వ్యక్తి    జూ స్    సం గ్ వి నీస్    వర్త ించే    రాష్ట్రంలో    జన్మ ించి    ఆమె    త లి దండ్ర ులు    జూ స్    సో లి    వర్త ించే    రాష్ట్రంలో    జన్ మి స్తే    ఆ    వ్యక్తి    ఏ    దేశ ానిక ీ    పౌ రులు    కాని    స్థిత ి    ఏర్పడ ే    ప్రమాద ం    ఉంటుంది,    అలా    ఆ    వ్యక్తి    విరుద్ధ   చట్ట ాల    కారణంగా    ఇ రు    రాష్ట్ర ాల లోనూ    పౌర సత్ వానికి    అన ర్ హు ర ాలుగా    మిగి లి పో తు ంది "" ",247,72
1009,"సిడిహెచ్ఆర్ఐ వ్యక్తులందరికీ ""తమ దేశ ప్రజా కార్యకలాపాల నిర్వహణలో, నేరుగా గానీ పరోక్షంగా గానీ, పాల్గొనే హక్కు"" కి హామీ కల్పిస్తుంది","సి డి హె చ్ ఆర్ ఐ    వ్యక్త ుల ంద రిక ీ    "" తమ    దేశ   ప్రజా    కార్యకలా పాల    నిర్వహ ణ లో,    నేరుగా    గా నీ    ప రో క్ష ంగా    గా నీ,    పాల్గొ నే    హ క్కు ""    కి    హా మీ    కల్ పి స్తుంది ",114,40
1010,ఈ కోర్టు సీటు ఢిల్లీలోని పార్లమెంటు భవనంలో ఛాంబర్ ఆఫ్ ప్రిన్సెస్ గా ఉండేది,ఈ    కోర్టు    సీ టు    ఢిల్లీ లోని    పార్లమెంట ు    భవ నంలో    ఛా ంబర్    ఆఫ్    ప్రి న్ సె స్    గా    ఉండే ది ,64,20
1011,న్యాయపరమైన చర్యలు ఎదుర్కుంటున్న యే యుద్ధ ఖైదీలైనా న్యాయబద్ధ విచారణ పొందాలి అని జినీవా కన్వెన్షన్స్ (జిసి) మరియు వారి అడిషనల్ ప్రోటోకాల్స్ (ఏపిలు) ఆదేశిస్తాయి,న్యాయ పరమైన    చర్య లు    ఎదు ర్ కుంటు న్న    యే    యుద్ధ    ఖై దీ లై నా    న్యాయ బద్ధ   విచార ణ    పొంద ాలి    అని    జ ిన ీ వా    కన్ వె న్ ష న్స్    ( జి సి )    మరియు    వారి    అ డి షనల్    ప్రో టో కాల్ స్    ( ఏ పిలు )    ఆదేశ ి స్త ాయి ,139,51
1012,ఇండొనేషియా యొక్క సుప్రీం కోర్ట్ (ఇండొనేషియన్ లో మహ్కమహ అగూంగ్) ఆ న్యాయవ్యవస్థలో అత్యున్నతమమైనది,ఇండ ొ నేష ియా    యొక్క    సు ప్రీ ం    కోర్ ట్    ( ఇండ ొ నేష ియన్    లో    మ హ్ క మహ   అ గూ ంగ్ )    ఆ    న్యాయ వ్యవస్థ లో    అత్యు న్న తమ మైనది ,85,32
1013,"12 వారాల వరకు తొలగింపులకు ఒక్క రిజిస్టర్డ్ మెడికల్ ప్రాక్టిషనర్ (ఆర్ఎంపి) అభిప్రాయం అవసరమని, అలాగే 12 నుండి 20 వారాల మధ్య తొలగింపులకు ఇద్దరు ఆర్ఎంపి ల అభిప్రాయం అవసరమని ఎంటిపి చట్టం వివరిస్తుంది","12    వార ాల    వరకు    తొలగ ింప ులకు    ఒక్క    రి జి స్ట ర్ డ్    మె డ ిక ల్    ప్రా క్ టి ష నర్    ( ఆర్ ఎం పి )    అభిప్రాయ ం    అవసర మ ని,    అలాగే    12    నుండి    20    వార ాల    మధ్య    తొలగ ింప ులకు    ఇద్దరు    ఆర్ ఎంప ి    ల    అభిప్రాయ ం    అవసర మని    ఎంట ిప ి    చట్టం    వివరి స్తుంది ",169,57
1014,"ఉదాహరణకు, గుత్తి బాంబులు, ఇవి పేలుడు గనుల వంటి సమస్యనే తెస్తాయి: యుద్ధం ముగిసిన సుదీర్ఘ కాలం తరువాత కూడా ప్రేలని బాంబులు పౌరులకు ప్రమాదహేతువుగా ఉండవచ్చు","ఉదాహరణకు,    గు త్త ి    బాంబ ులు,    ఇవి    పే లు డు    గ న ుల    వంటి    సమస్య నే    తె స్త ాయి :    యుద్ధం    ముగి సిన    సుదీర్ఘ    కాలం    తరువాత    కూడా    ప్రే ల ని    బాంబ ులు    పౌర ులకు    ప్రమాద హే తు వుగా    ఉండ వచ్చు ",133,40
1015,"మానవ శాస్త్రము అనే దాన్ని కేవలం విద్యావిషయక వ్యవహారాలకు మాత్రమే పరిమితం చేయాలని స్టూవర్డ్ అండ్ బార్నెట్ సూచించినప్పటికీ, పరిషత్తు లోపలి, బయటి ప్రజలు మానవశాస్త్రజ్ఞులు కాని వారు అల్పసంఖ్యాక జాతులు లేదా అంతర్జాతీయ సంబంధాల గురించి ప్రజా విధానాల సిద్ధాంతాన్ని అవలంబించటంపై వారి వాదనలు కొనసాగించారు","మానవ    శాస్త్ర ము    అనే    దాన్ని    కేవలం    విద ్యా విషయ క    వ్యవహ ార ాలకు    మాత్రమే    పరిమితం    చేయాలని    స్ట ూ వర్ డ్    అండ్    బార్ నెట్    సూచ ించిన ప్పటికీ,    పరి ష త్తు    లోప ల ి,    బయ టి    ప్రజలు    మా నవ శాస్త్ర జ్ఞ ులు    కాని    వారు    అ ల్ప సంఖ ్యా క    జా తులు    లేదా    అంతర్జాతీయ    సంబంధ ాల    గురించి    ప్రజా    విధాన ాల    సిద్ధాంత ాన్ని    అవ లంబ ించ ట ంపై    వారి    వాద నలు    కొనసాగ ించారు ",260,69
1016,జీన్ పాల్ అకాయేసు ప్రతిగా ఇవ్వబడిన తీర్పు అత్యాచారాన్ని యుద్ధనేరంగా నిర్ణయించింది,జీ న్    పాల్    అక ాయ ే సు    ప్రతి గా    ఇవ్వ బడిన    తీర్ పు    అత ్యా చార ాన్ని    యుద్ధ నేర ంగా    నిర్ణయ ించ ింది ,73,23
1017,"తొట్ట తొలి ఉదాహరణలలో మెసొపొటేమియా నగర రాజ్యాలు అయిన లగాష్ మరియు ఉమ్మా (సుమారుగా క్రీపూ 2100) మధ్యన శాంతి ఒప్పందాలు, అలాగే ఈజిప్టుకి చెందిన రెండవ ఫారో రామెసెస్ మరియు హిత్తీ రాజు అయిన మూడవ హత్తుసిలిస్ మధ్యన క్రీపూ 1258 లో ముగిసిన ఒప్పందం ఉన్నాయి","తొ ట్ట   తొలి    ఉదాహరణ లలో    మె సొ పొ టే మ ియా    నగర    రాజ్య ాలు    అయిన    ల గా ష్    మరియు    ఉ మ్మ ా    ( సుమార ుగా    క్రీ ప ూ    2 10 0 )    మధ్య న    శాంత ి    ఒప్పంద ాలు,    అలాగే    ఈ జి ప్ టు కి    చెందిన    రెండవ    ఫ ారో    రా మె సె స్    మరియు    హి త్త ీ    రాజు    అయిన    మూడవ    హ త్తు సి లి స్    మధ్య న    క్రీ ప ూ    12 5 8    లో    ముగి సిన    ఒప్పందం    ఉన్న ాయి ",209,78
1018,"మరణ దండన గురించి ప్రజాభిప్రాయం దేశాన్ని బట్టి, జరిగిన నేరం బట్టి గణనీయంగా మారుతుంది","మర ణ    దండ న    గురించి    ప్రజా భి ప్రాయ ం    దేశ ాన్ని    బ ట్టి,    జరిగిన    నే రం    బట్టి    గణనీయంగా    మారు తుంది ",73,20
1019,"విస్తృత భావంలో న్యాయపరిమితిని మించిన చర్యల విషయంలో, సమీక్షించే న్యాయస్థానం, ఒక పరిపాలనా నిర్ణయం అనుచితంగా ఉంటే (కెనెడియన్ న్యాయశాస్త్రం ప్రకారం, దున్స్ముయిర్ లో సుప్రీమ్ కోర్ట్ ప్రతిగా న్యూ బృంస్విక్) ""పూర్తిగా అసమంజసమైనది"" గా తిరస్కరణ చేయబడిన ప్రమాణం ప్రకారం, (బ్రిటిష్ న్యాయశాస్త్రం ప్రకారం) వెడ్నస్బరీ అసమంజసం, లేక (యూఎస్ పరిపాలనా విధాన చట్టం మరియు న్యూ యార్క్ రాష్ట్ర శాసనం ప్రకారం) నిర్హేతుకమైనది మరియు చలచిత్తమైనది అయినా దాన్ని కొట్టివేయ వచ్చు","విస్తృ త    భావ ంలో    న్యాయ పరిమిత ిని    మ ించిన    చర్య ల    విషయ ంలో,    సమీక్ష ించే    న్యాయ స్థాన ం,    ఒక    పరిపాలనా    నిర్ణ యం    అను చిత ంగా    ఉంటే    ( కె నె డ ియన్    న్యాయ శాస్త్ర ం    ప్రకారం,    దు న్ స్ ము యి ర్    లో    సు ప్రీ మ్    కోర్ ట్    ప్రతి గా    న్యూ    బృ ం స్వ ిక్ )    "" పూర్తిగా    అ సమ ంజ స మైన ది ""    గా    తిరస్ కరణ    చేయబడిన    ప్రమా ణం    ప్రకారం,    ( బ్రిటిష్    న్యాయ శాస్త్ర ం    ప్రకార ం)    వె డ్ న స్ బ రీ    అ సమ ంజ సం,    లే క    ( యూఎస్    పరిపాలనా    విధా న    చట్టం    మరియు    న్యూ    యార్ క్    రాష్ట్ర    శాసనం    ప్రకార ం)    నిర్ హే తు క మైనది    మరియు    చల చిత్త మైనది    అయిన ా    దాన్ని    కొట్ట ి వే య    వచ్చు ",397,121
1020,నామనిర్దిష్ట వ్యక్తిని మార్చే పూర్తి ప్రక్రియకై ఏకైక యజమాని మరియు నామనిర్దిష్ట వ్యక్తి ఐఎన్‌సీ-3 మరియు ఐఎన్‌సీ-4 అనే రెండు పత్రాలను అమలు పరచవలసి ఉంటుంది,నామ నిర్దిష్ట    వ్యక్తి ని    మార్చ ే    పూర్తి    ప్రక్రియ క ై    ఏకైక    య జమా ని    మరియు    నామ నిర్దిష్ట    వ్యక్తి    ఐ ఎన్‌ సీ - 3    మరియు    ఐ ఎన్‌ సీ - 4    అనే    రెండు    పత్ర ాలను    అమలు    పరచ వలసి    ఉంటుంది ,134,37
1021,"సుడాన్‌లోని డార్ఫర్ పరిస్థితి గురించిన బాండాపై విచారణ 2014లో మొదలు కావాల్సి ఉండింది, కాని ప్రారంభ తేదీ రద్దు చేయబడింది","సు డా న్‌లోని    డార్ ఫర్    పరిస్థితి    గురించిన    బా ండ ా పై    విచార ణ    201 4లో    మొద లు    కా వ ాల్సి    ఉండ ింది,    కాని    ప్రారంభ    తే దీ    రద్దు    చేయబడ ింది ",104,29
1022,"1261 (1999), 1265 (1999), 1296 (2000) మరియు 1314 (2000) తీర్మానాలను రద్దు చేసిన తర్వాత, 2000 అక్టోబర్ 31న యూ ఎన్ భద్రతా మండలి మహిళలు, శాంతి, భద్రతలకు సంబంధించిన ఐక్యరాజ్యసమితి భద్రతా మండలి తీర్మానం 1325 (ఎస్/ఆర్ఈఎస్/1325)ను ఏకగ్రీవంగా ఆమోదించింది","12 6 1    ( 199 9 ),    12 6 5    ( 199 9 ),    12 9 6    ( 200 0 )    మరియు    13 14    ( 200 0 )    తీర్ మాన ాలను    రద్దు    చేసిన    తర్వాత,    2000    అక్టోబర్    3 1న    య ూ    ఎ న్    భద్ర తా    మండ లి    మహిళ లు,    శాంత ి,    భద్ర త లకు    సంబంధించిన    ఐ క్య రాజ్య సమ ిత ి    భద్ర తా    మండ లి    తీర్ మా నం    13 25    ( ఎస్ / ఆర్ ఈ ఎస్ / 13 25 ) ను    ఏక గ్రీ వ ంగా    ఆమోద ించ ింది ",215,87
1023,"ఫ్రాంటియర్ డిస్ప్యూట్ కేస్‌లో, వివాదంలోని ఇరు పక్షాలు బుర్కినా ఫాసో మరియు మాలి, తాత్కాలిక చర్యలను సూచించమంటూ న్యాయస్థానానికి అర్జీ పెట్టుకున్నారు","ఫ్రా ంట ియర్    డి స్ప ్యూ ట్    కే స్‌ లో,    వివాద ంలోని    ఇ రు    పక్ష ాలు    బు ర్ క ిన ా    ఫా స ో    మరియు    మాల ి,    తాత్ కాలిక    చర్య లను    సూచ ించ మ ంట ూ    న్యాయ స్థాన ానికి    అర్ జీ    పెట్టు కున్న ారు ",130,44
1024,"సమ్మతించిన వయోజనుల మధ్య ఏకాభిప్రాయంతో చేసే వ్యక్తిగత లైంగిక చర్యలను ఢిల్లీ ఉన్నత న్యాయస్థానం 2009 జూలై 2న చట్టబద్ధం చేసేంత వరకు, బ్రిటిష్ వలస ప్రభుత్వం ఆమోదించిన చట్టమైన 150 ఏళ్స భారతీయ శిక్షాస్మృతి (ఐపిసి) లోని సందిగ్ధ సెక్షన్ 377 వివరణల ప్రకారం స్వలింగసంపర్కం అనేది నేరంగా పరిగణించబడేది","స మ్మ త ించిన    వయ ో జన ుల    మధ్య    ఏ కా భి ప్రాయ ంతో    చేసే    వ్యక్తిగత    లై ంగ ిక    చర్య లను    ఢిల్లీ    ఉన్నత    న్యాయ స్థానం    200 9    జూలై    2 న    చట్ట బద్ధ ం    చేసే ంత    వరకు,    బ్రిటిష్    వలస    ప్రభుత్వం    ఆమోద ించిన    చట్ట మైన    15 0    ఏ ళ్ స    భారతీయ    శ ిక్ షా స్మ ృ తి    ( ఐ పి సి )    లోని    సంద ి గ్ ధ   సె క్షన్    3 7 7    వివర ణ ల    ప్రకారం    స్ వల ింగ సం పర్ కం    అనేది    నేర ంగా    పరిగణించబడ ే ది ",252,86
1025,లోక్ అదాలత్ (ప్రజల న్యాయస్థానం) లేదా న్యాయ పంచాయత్ (గ్రామాల న్యాయం) వంటి గ్రామ న్యాయస్థానాలు వివాద పరిష్కార ప్రత్యామ్నాయాన్ని అందిస్తాయి,లో క్    అద ాల త్    ( ప్రజల    న్యాయ స్థాన ం)    లేదా    న్యాయ   పంచ ాయ త్    ( గ్రామ ాల    న్యాయ ం)    వంటి    గ్రా మ    న్యాయ స్థాన ాలు    వి వాద    పరి ష్ కార    ప్రత్యామ్నాయ ాన్ని    అంది స్త ాయి ,121,36
1026,"రెండవ భాగం కన్వెన్షన్ (నిబంధనలు 17-24) యొక్క నివేదన మరియు పర్యవేక్షణను, అలాగే వాటిని అమలుపరిచేందుకు భాగస్వాములు తీసుకునే చర్యలను నియంత్రిస్తుంది","రెండవ    భాగం    కన్ వె న్ షన్    ( నిబంధ నలు    17 - 24 )    యొక్క    నివేద న    మరియు    పర్య వేక్ష ణ ను,    అలాగే    వాటిని    అమ లు పరి చే ందుకు    భాగస్వామ ులు    తీసుకు నే    చర్య లను    నియంత్ర ి స్తుంది ",129,37
1027,"యునానీకి హైదరాబాదు ప్రాంతంలో, ముస్లింలలో మంచి ఆదరణ దొరకగా, బెంగాల్, ఒడిశాలలో హోమియోపతి అత్యంత ప్రజాదరణ పొందింది","యు నా నీ కి    హైదరా బా దు    ప్రాంత ంలో,    ముస్లిం లలో    మంచి    ఆ దరణ    దొ రక గా,    బెంగ ాల్,    ఒడి శ ాలలో    హో మ ియో పతి    అత్యంత    ప్రజాదరణ    పొంద ింది ",99,30
1028,"యాంకరేజ్, ఫెయిర్ బ్యాంక్స్, మరియు హెయిన్స్ లో, అలాస్కా నిరసనలను చూసింది","యా ంక రే జ ్,    ఫె యి ర్    బ్యాం క్ స్,    మరియు    హె యి న్స్    లో,    అలా స్ కా    నిరస నలను    చూ స ింది ",63,24
1029,"మిగిలిన బ్యాంకులు వ్యాపార పని వేళలను తగ్గించి, ఆన్‌లైన్ బ్యాంకింగ్‌ను ప్రోత్సహిస్తున్నాయి","మిగిలిన    బ్యాంక ులు    వ్యాపార    పని    వే ళ లను    తగ్గ ించి,    ఆన్‌ లైన్    బ్యాంక ింగ ్‌ను    ప్రో త్స హి స్తున్న ాయి ",81,20
1030,"ఇరాన్‌లోని ఇంటర్‌నెట్ సెన్సార్‌షిప్ కారణంగా, ఇరానియన్లు ఫేస్‌బుక్, ట్విట్టర్ మొదలైనటువంటి ప్రముఖ సోషల్ నెట్‌వర్క్‌లలో చేరడాన్ని ఇరాన్ ప్రభుత్వం మరియు ఇస్లామిక్ రివల్యూషనరీ గార్డ్స్ సెపాహ్ ఎప్పుడూ వ్యతిరేకించాయి","ఇరా న్‌లోని    ఇంట ర్‌ నెట్    సె న్ సార్ ‌ షిప్    కారణంగా,    ఇరా నియ న్లు    ఫే స్‌ బు క్,    ట్ వి ట్ట ర్    మొద లైన టువంటి    ప్రముఖ    సో షల్    నెట్‌ వర్ క్‌ లలో    చేర డాన్ని    ఇరా న్    ప్రభుత్వం    మరియు    ఇస్లా మ ిక్    రి వల ్యూ ష న రీ    గార్ డ్స్    సె పా హ ్    ఎప్పుడూ    వ్యతిరేక ించ ాయి ",190,57
1031,"కాబట్టి, ఇరాన్‌లో ఉండే వారు ప్రముఖ సోషల్ నెట్‌వర్క్‌లను బ్లాక్ చేసారు, ఇరానియన్ నిరసనల కారణంగా ఇరాన్‌లోని ఇంటర్‌నెట్ సెన్సార్‌షిప్ పెరిగింది","కాబట్టి,    ఇరా న్‌లో    ఉండే    వారు    ప్రముఖ    సో షల్    నెట్‌ వర్ క్‌ లను    బ్లా క్    చేస ారు,    ఇరా నియ న్    నిరస నల    కారణంగా    ఇరా న్‌లోని    ఇంట ర్‌ నెట్    సె న్ సార్ ‌ షిప్    పెరిగ ింది ",125,34
1032,"1991లో 39% గా ఉన్న అక్షరాస్యతా రేటు 2001లో 47% కు, 2011లో 63","199 1లో    3 9 %    గా    ఉన్న    అక్ష రా స్య తా    రేటు    200 1లో    4 7 %    కు,    201 1లో    6 3 ",50,22
1033,8% కు పెరిగింది,8 %    కు    పెరిగ ింది ,13,5
1034,"సిపిఎన్ (యుఎంఎల్) కూడా రాష్ట్రీయ ప్రజాతంత్ర పార్టీ అభ్యర్థులకు ఝాపా 5 లో, రూపందేహి 1లో , మరియు బాంకే 2 లో మద్దతు ఇవ్వాలని మరియు తమ ఎన్నికల గుర్తు క్రింద మక్వానపూర్ 1లో నేపాల్ రాష్ట్రీయ ప్రజాతంత్ర పార్టీ ఛైర్మన్ కమల్ థాపాని నిలబెట్టాలని నిర్ణయించుకుంది","సి పి ఎ న్    ( యు ఎం ఎల్ )    కూడా    రాష్ట్ర ీయ    ప్రజా తంత్ర   పార్టీ    అభ్యర్థ ులకు    ఝ ా ప ా    5    లో,    రూప ంద ే హ ి    1లో    ,    మరియు    బా ంక ే    2    లో    మద్దతు    ఇవ్వ ాలని    మరియు    తమ    ఎన్నిక ల    గుర్త ు    క్రింద    మ క్వా న పూర్    1లో    నే పాల్    రాష్ట్ర ీయ    ప్రజా తంత్ర   పార్టీ    ఛ ై ర్మ న్    కమ ల్    థా పా ని    నిల బె ట్ట ాలని    నిర్ణయించు కు ంది ",217,74
1035,తూర్పు మరియు ఉత్తర ఖార్టూమ్‌లోని నిరసనకారులు శుక్రవారపు ప్రార్థనల తర్వాత మొదలైన ప్రదర్శనలలో పాల్గొన్నారు,తూర్పు    మరియు    ఉత్తర    ఖ ార్ టూ మ్‌ లోని    నిరస న కార ులు    శు క్ర వార పు    ప్ర ార్థ నల    తర్వాత    మొద లైన    ప్రదర్శ న లలో    పాల్గొ న్న ారు ,94,28
1036,డూయ్చే బాన్ అను జర్మనీ జాతీయ రైలు కంపనీ శరణార్థులను ఉక్రేన్ పాస్ పోర్టు లేదా ఐడి కార్డుతో పోలాండ్ నుండి జర్మనీకి సుదూర రైళ్లలో ఉచితంగా ప్రయాణించడానికి అనుమతించింది,డ ూ య ్చ ే    బా న్    అ ను    జర్మ నీ    జాతీయ    రైలు    కంప నీ    శ రణ ార్థ ులను    ఉ క్ర ే న్    పా స్    పోర్ టు    లేదా    ఐ డి    కార్ డు తో    పో లాండ్    నుండి    జర్మ నీ కి    సు దూ ర    రై ళ్ లలో    ఉచిత ంగా    ప్రయాణ ించడానికి    అనుమత ించ ింది ,142,52
1037,2007లో అనితా వోల్ఫ్ డిప్యూటీ ఎడిటర్‌గా మరియు థియోడర్ పాపాస్ ఎగ్జిక్యూటివ్ ఎడిటర్‌గా పేర్కొనబడ్డారు,200 7లో    అని తా    వో ల్ ఫ్    డి ప ్యూ టీ    ఎ డి ట ర్‌గా    మరియు    థ ియో డర్    పా పా స్    ఎ గ్ జిక ్యూ టివ్    ఎ డి ట ర్‌గా    పేర్కొ న బడ్డ ారు ,88,35
1038,"ది వాషింగ్టన్ పోస్ట్ ఈ వైఫ్యల్యాలపై వ్యాఖ్యానిస్తూ: 21 వ శతాబ్దంలోకి అడుగిడుతున్న తరుణంలో సైన్యంలో తప్పిదాలన్నిటికీ ఈ ప్రగల్బాల హెలికాప్టర్లే ప్రతీకలుగా మారాయి : వేగంగా కదలడంలో అసమర్థత, మార్పు పట్ల వ్యతిరేకత, మరణాల గురించి మొండి ఆలోచన, ప్రచ్ఛన్న యుద్ధం తరువాత దాని గుర్తింపు కోల్పోవడం,"" అంటూ మొదటి పేజీ వ్యాసాన్ని ప్రచురించింది","ది    వా ష ింగ్ టన్    పో స్ట్    ఈ    వై ఫ ్య ల ్య ాలపై    వ్యా ఖ్య ాని స్త ూ :    2 1    వ    శతాబ్ద ంలోకి    అడు గి డు తున్న    తరు ణంలో    సైన్య ంలో    తప్ప ి ద ాల న్ని టిక ీ    ఈ    ప్ర గ ల్ బ ాల    హె లిక ా ప్ టర్ లే    ప్రతీ క లుగా    మార ాయి    :    వేగంగా    కద ల డంలో    అ సమర్థ త,    మార్ పు    పట్ల    వ్యతిరేక త,    మరణ ాల    గురించి    మొ ండి    ఆలోచ న,    ప్ర చ్ఛ న్న    యుద్ధం    తరువాత    దాని    గుర్తింపు    కోల్పో వడ ం , ""    అ ంట ూ    మొదటి    పే జీ    వ్యా సా న్ని    ప్రచురించ ింది ",288,100
1039,"జర్మన్ భాషలోని సాప్తాహిక వార్తా పత్రిక స్టర్న్ లో, 2007 లో న్యూ ఇంగ్లండ్ జర్నల్ ఆఫ్ మెడిసిన్ ప్రధాన సంపాదకురాలు మరియు హార్వర్డ్ మెడికల్ స్కూల్లో సామాజిక వైద్యంలో బోధకురాలు అయిన మార్సియా ఏంజిల్, ఆస్ట్రాజెనికా శాస్త్రవేత్తలు ఈ ఔషధ గుణంపై తమ పరిశోధనను తప్పుగా వివరించాయని చెప్తూ, ""[ప్రతి ఒక్క ఔషధం యొక్క] సుమారుగా పోల్చదగిన మోతాదులకు బదులు, కంపనీ శాస్త్రవేత్తలు నెక్జియంను అధిక మోతాదులో ఉపయోగించారని"" తెలిపారు","జర్మ న్    భాష లోని    సా ప్ తా హ ిక    వార్ తా    పత్ర ిక    స్ట ర్ న్    లో,    200 7    లో    న్యూ    ఇంగ్ ల ండ్    జర్ నల్    ఆఫ్    మె డి సి న్    ప్రధాన    సంపాద కు రాలు    మరియు    హార్ వర్ డ్    మె డ ిక ల్    స్కూ ల్లో    సామాజిక    వైద్య ంలో    బోధ కు రాలు    అయిన    మార్ స ియా    ఏ ం జి ల్,    ఆ స్ట ్రా జె నిక ా    శాస్త్ర వేత్త లు    ఈ    ఔ ష ధ   గు ణ ంపై    తమ    పరిశోధ నను    త ప్పు గా    వివర ించ ాయని    చె ప్ తూ,    "" [ ప్రతి    ఒక్క    ఔ ష ధ ం    యొ క్క ]   సుమార ుగా    పో ల్ చద గిన    మో తా ద ులకు    బద ులు,    కంప నీ    శాస్త్ర వేత్త లు    నె క్ జియ ంను    అధిక    మో తా దు లో    ఉపయోగించ ార ని ""    తెలి పార ు ",356,131
1040,"మలేషియాలో, రెండవ మలేషియా ప్రీమియర్ లీగ్ క్లబ్ రెండవ సెలన్యోర్ ఎఫ్సి కోసం ఆడే హెయిన్ హ్టాట్ ఔఙ్గ్, మార్చి ఆదిలో పిడిఆర్ఎంఎఫ్సి తో తలపడిన ఆటలో మూడు వేళ్ళ వందనం చూపించాడు","మ లేష ియా లో,    రెండవ    మ లేష ియా    ప్రీ మ ియర్    లీగ్    క్లబ్    రెండవ    సెల న్య ో ర్    ఎఫ్ సి    కోసం    ఆడే    హె యి న్    హ్ టా ట్    ఔ ఙ ్ గ్ ,    మార్చి    ఆది లో    పి డి ఆర్ ఎం ఎఫ్ సి    తో    తల పడిన    ఆట లో    మూడు    వే ళ్ళ    వంద నం    చూప ించ ాడు ",144,55
1041,క్యాస్టిలో ప్రభుత్వానికి వ్యతిరేకంగా 2022 మార్చి 28న సామూహిక నిరసనలు ఆరంభమయ్యాయి,క్యా స్ట ిలో    ప్రభు త్వానికి    వ్యతిరేకంగా    202 2    మార్చి    28 న    సా మూ హ ిక    నిరస నలు    ఆర ంభ మయ్య ాయి ,72,21
1042,"2017 నవంబర్ 12 న, బారఖంబా రోడ్ నుండి జంతర్ మంతర్ వరకు ఢిల్లీ తన పదవ అసాధారణ గౌరవ ఊరేగింపుకు ఆతిథ్యం ఇచ్చింది","2017    నవంబర్    12    న,    బార ఖ ంబ ా    రో డ్    నుండి    జంత ర్    మంత ర్    వరకు    ఢిల్లీ    తన    పద వ    అ సాధారణ    గౌర వ    ఊ రే గ ింపు కు    ఆ తి థ ్యం    ఇచ్చ ింది ",91,35
1043,"ఫిబ్రవరి 14న, ఐక్యరాజ్యసమితి సెక్రటరీ జనరల్ ఆంటోనియో గుటేరస్ మయాన్మార్ లో పరిస్థితి పట్ల తీవ్ర ఆందోళన వ్యక్తపరుస్తూ ఒక ప్రకటన జారీ చేస్తూ, ""పెరుగుతున్న బలప్రయోగం మరియు ప్రధాన నగరాలలో అదనపు సాయుధ వాహనాల మోహరింపు గురించిన వదంతుల""గురించి నొక్కిచెప్పారు","ఫిబ్రవరి    14 న,    ఐ క్య రాజ్య సమ ిత ి    సె క్ర ట రీ    జనరల్    ఆ ంట ో నియ ో    గు టే ర స్    మ యా న్ మార ్    లో    పరిస్థితి    పట్ల    తీవ్ర   ఆందోళ న    వ్యక్త పరు స్తూ    ఒక    ప్రకట న    జారీ    చేస్త ూ,    "" పెరుగు తున్న    బల ప్రయోగ ం    మరియు    ప్రధాన    నగర ాలలో    అదనపు    సాయ ుధ   వాహ నాల    మోహ ర ింపు    గురించిన    వద ంత ుల "" గురించి    నొక్క ి చెప్ప ారు ",220,71
1044,"తాత్కాలికంగా మూసివేయబడిన తనిఖీ కేంద్రం వద్ద సరిహద్దును అతిక్రమించే ప్రయత్నంలో వాళ్ళు పోలిష్ సరిహద్దు రక్షకులపై రాళ్ళు, సీసాలు, అలాగే చెక్క ముక్కలు విసరడం మొదలు పెట్టి సరిహద్దు కంచెను ధ్వంసం చేసేందుకు ప్రయతించారు","తాత్ కాల ికంగా    మూసి వేయ బడిన    తనిఖీ    కేంద్ర ం    వద్ద    సరిహద్ద ును    అత ిక ్ర మ ించే    ప్రయత్న ంలో    వా ళ్ళు    పోలి ష్    సరిహద్దు    రక్ష కుల పై    రా ళ్ళ ు,    సీ స ాలు,    అలాగే    చె క్క    ము క్క లు    వి సర డం    మొద లు    పెట్ట ి    సరిహద్దు    కం చె ను    ధ ్వం సం    చేసే ందుకు    ప్రయ త ించారు ",187,58
1045,"అధ్యక్షుడు, ఇంకా మొత్తం 225 మంది పార్లమెంటు సభ్యులతో సహా ప్రభుత్వం యావత్తు రాజీనామా చేయాలని పిలుపునిస్తూ నిరసనలు జరుగుతూ ఉన్నా, 2022 ఏప్రిల్ 18న గోటబయ 17 మంది సభ్యులతో కూడిన కొత్త మంత్రివర్గాన్ని నియమించారు","అధ్యక్ష ుడు,    ఇంకా    మొత్తం    2 25    మంది    పార్లమెంట ు    సభ్య ులతో    సహా    ప్రభుత్వం    యా వ త్తు    రాజీ నా మా    చేయాలని    పిలు పు ని స్తూ    నిరస నలు    జరుగు తూ    ఉన్న ా,    202 2    ఏప్రిల్    18 న    గో ట బ య    17    మంది    సభ్య ులతో    కూడిన    కొత్త    మంత్ర ి వర్ గాన్ని    నియమ ించారు ",180,51
1046,"అనుకూల ఓట్లు పాపులర్ ఫోర్స్, ఎపిఆర్ఎ, బ్రాడ్ ఫ్రంట్ మరియు పాపులర్ యాక్షన్‌లకు చెందిన బెంచ్‌ల నుండి వచ్చాయి","అను కూల    ఓ ట్లు    పా పుల ర్    ఫోర్ స్,    ఎ పి ఆర్ ఎ ,    బ్ర ాడ్    ఫ్ర ంట్    మరియు    పా పుల ర్    యా క్ష న్‌ లకు    చెందిన    బె ంచ ్‌ ల    నుండి    వచ్చ ాయి ",93,34
1047,"1986 ఫిబ్రవరి 25న, భద్రతా పోలీసులు వారి ఉద్యోగ వ్యవధిని 3 నుండి 4 ఏళ్లకు పొడిగించబోతున్నారనే వదంతులకు నిరసనగా అల్లర్లు ప్రారంభించారు","198 6    ఫిబ్రవరి    25 న,    భద్ర తా    పోలీసులు    వారి    ఉద్యోగ   వ్యవ ధ ిని    3    నుండి    4    ఏ ళ్ లకు    పొ డిగ ించ బో తున్న ార నే    వద ంత ులకు    నిరస న గా    అ ల్ల ర్లు    ప్రారంభ ించారు ",116,37
1048,"రెండు రోజుల తర్వాత, ఉక్రెయిన్‌కు అదనపు మానవతా సహాయంగా మూడు మిలియన్ల యూరోలను కేటాయిస్తామని అభివృద్ధి శాఖా మంత్రి మెర్యామె కితీర్‌ ప్రకటించారు","రెండు    రోజుల    తర్వాత,    ఉ క్రె యి న్‌కు    అదనపు    మా నవ తా    సహాయ ంగా    మూడు    మిలియ న్ల    యూ రో లను    కేట ాయి స్తా మని    అభివృద్ధి    శాఖ ా    మంత్రి    మె ర్యా మె   క ితీ ర్‌    ప్రకట ించారు ",124,35
1049,"మార్చి 7న భద్రతా దళాలు ప్రభుత్వ ఆసుపత్రులను, విశ్వవిద్యాలయాలను, ఆలయ ప్రాంగణాలను ఆక్రమించుకున్నట్లు ప్రభుత్వ-ఆధ్వర్యంలోని మీడియా మరియు మానవహక్కుల సంఘాలు ధృవీకరించాయి","మార్చి    7 న    భద్ర తా    దళాలు    ప్రభుత్వ    ఆసుపత్ర ుల ను,    విశ్వవిద్యాలయ ాలను,    ఆలయ    ప్రా ంగ ణ ాలను    ఆక్రమ ించు కున్న ట్లు    ప్రభుత్వ - ఆధ్వర్ య ంలోని    మీడియా    మరియు    మాన వహ క్క ుల    సంఘ ాలు    ధృవీకరించ ాయి ",149,36
1050,"ఏప్రిల్ 26న, రెండు నిమిషాల నిడివి గల ఒక వీడియోలో ఆత్మహత్య విషయంగా సహాయం చేయమని ఒక ఫ్రెంచ్ దేశస్థుడు క్వారంటైన్ కార్మికులను మూడు భాషలలో అడుగుతూ కనిపించాడు","ఏప్రిల్    26 న,    రెండు    నిమిషాల    ని డి వి    గల    ఒక    వీడియ ో లో    ఆత్మ హత్య    విషయ ంగా    సహాయం    చేయమని    ఒక    ఫ్రెంచ్    దేశ స్థ ుడు    క్ వార ంట ై న్    కార్ మిక ులను    మూడు    భాష లలో    అడుగు తూ    కనిప ించ ాడు ",133,40
1051,మే 29న భద్రతా దళాలు ఖార్టూమ్‌ పరిసర ప్రాంతమైన అల్-కలాక్లాలో ఒక ప్రదర్శన మీద భాష్ప వాయువు మరియు బులెట్లతో దాడి చేసాయి,మే    29 న    భద్ర తా    దళాలు    ఖ ార్ టూ మ్‌   పరి స ర    ప్రాంత మైన    అల్ - కలా క్ లా లో    ఒక    ప్రదర్శన    మీద    భా ష్ ప    వాయు వు    మరియు    బుల ె ట్ లతో    దాడి    చేస ాయి ,100,37
1052,"మే 14న, బ్యాన్స్ ఆఫ్ అవర్ బాడీస్ కార్యక్రమం కోసం దాదాపు వెయ్యి మంది నిరసనకారులు పిట్స్‌బర్గ్ సిటీ-కౌంటీ భవనం చుట్టూ ర్యాలీ చేశారు మరియు బెత్లేహెంలో దాదాపు 150 మంది ర్యాలీ చేశారు","మే    14 న,    బ్యా న్స్    ఆఫ్    అవ ర్    బ ాడ ీ స్    కార్యక్రమ ం    కోసం    దాదాపు    వె య్య ి    మంది    నిరస న కార ులు    పి ట్స్‌ బర్ గ్    సి టీ - కౌంట ీ    భవ నం    చుట్టూ    ర్య ాల ీ    చేశ ారు    మరియు    బె త్ లే హె ంలో    దాదాపు    15 0    మంది    ర్య ాల ీ    చేశ ారు ",153,56
1053,"యాంగోన్‌లోని హ్లైంగ్ థార్ యార్ టౌన్‌షిప్‌లో ప్రమాదవశాత్తూ అనేక బాంబులు పేలిన తర్వాత, తత్మాడావ్ సైనికులు ముగ్గురు గాయపడిన యోధులతో సహా 12 మంది అనుమానిత ప్రతిఘటన యోధులను పట్టుకున్నారు,","యా ంగ ో న్‌లోని    హ్ లై ంగ్    థ ార్    య ార్    ట ౌ న్‌ షిప్ ‌లో    ప్రమాద వ శా త్త ూ    అనేక    బాంబ ులు    పే లిన    తర్వాత,    త త్ మా డా వ్    సైని కులు    ముగ్గురు    గాయ పడిన    యోధ ులతో    సహా    12    మంది    అనుమ ాని త    ప్రతి ఘట న    యోధ ులను    పట్టు కున్న ారు, ",160,53
1054,"2021 రగ్బీ వరల్డ్ కప్, మహిళల తొమ్మిదవ ఆవర్తన రగ్బీ వరల్డ్ కప్ న్యూజిలాండ్లో, మొదట 2021 సెప్టెంబర్ 18 నుండి 18 అక్టోబర్ వరకు నిర్ణయించిన కార్యక్రమ ప్రణాళికకు బదులుగా, 2022 అక్టోబర్ 8 మరియు నవంబర్ 12 మధ్యన జరిగింది","202 1    ర గ్ బీ    వరల్డ్    క ప్ ,    మహిళల    తొమ్మి దవ    ఆ వర్ తన    ర గ్ బీ    వరల్డ్    కప్    న్యూ జి లా ండ్ లో,    మొదట    202 1    సెప్టెంబర్    18    నుండి    18    అక్టోబర్    వరకు    నిర్ణయ ించిన    కార్య క్ర మ    ప్రణాళిక కు    బద ులు గా,    202 2    అక్టోబర్    8    మరియు    నవంబర్    12    మధ్య న    జరిగ ింది ",182,55
1055,"ఇతర వాటిలో ఫిబ్రవరి 2016 లో సాధారణ టెలివిజన్ ఛానెల్గా ప్రసారాలు నిలిపివేసి, తిరిగి ఫిబ్రవరి 2022 లో టెలివిజన్కు తిరిగి వచ్చిన యువజన ఛానెల్ బిబిసి త్రీ, వాస్తవిక నివేదిక కథల ఛానెల్ బిబిసి ఫోర్, వార్తా ఛానెళ్ళు బిబిసి న్యూస్ మరియు బిబిసి వరల్డ్ న్యూస్, శాసనసభ సంబంధిత ఛానెల్ బిబిసి పార్లమెంట్, అలాగే రెండు చిన్న పిల్లల ఛానెళ్ళు సిబిబిసి మరియు సిబీబీస్ ఉన్నాయి","ఇతర    వాటిలో    ఫిబ్రవరి    2016    లో    సాధారణ    టెలివిజన్    ఛా నె ల్ గా    ప్రసార ాలు    నిలిపి వేస ి,    తిరిగి    ఫిబ్రవరి    202 2    లో    టెలి విజ న్ కు    తిరిగి    వచ్చిన    యువ జ న    ఛా నె ల్    బి బి సి    త్ర ీ,    వాస్త వ ిక    నివేద ిక    కథ ల    ఛా నె ల్    బి బి సి    ఫో ర్,    వార్ తా    ఛా నె ళ్ళు    బి బి సి    న్యూ స్    మరియు    బి బి సి    వరల్డ్    న్యూ స్,    శాసన సభ    సంబంధిత    ఛా నె ల్    బి బి సి    పార్ల మె ంట్ ,    అలాగే    రెండు    చిన్న    పిల్లల    ఛా నె ళ్ళు    సి బి బి సి    మరియు    సి బీ బీ స్    ఉన్న ాయి ",309,101
1056,"రష్యా వస్తువుల బహిష్కరణకు పిలుపులు సామాజిక మాధ్యమ వేదికలలో వ్యాపించగా, హ్యాకర్లు రష్యన్ వెబ్‌సైట్‌ల మీద, ముఖ్యంగా రష్యా ప్రభుత్వం నిర్వహించే వాటి మీద దాడి చేసారు","రష్య ా    వస్తువుల    బహి ష్ కరణ కు    పిలు పులు    సామాజిక    మాధ్య మ    వేదిక లలో    వ్యాప ించగా,    హ్యా కర్ లు    రష్య న్    వెబ్‌సై ట్‌ ల    మీ ద ,    ముఖ్యంగా    రష్య ా    ప్రభుత్వం    నిర్వహ ించే    వాటి    మీద    దాడి    చేస ారు ",142,38
1057,"అతడు ముంబైలోని దాదర్ రైల్వే స్టేషన్‌లో పూలు అమ్మడం మొదలుపెట్టి, చివరకు నగరంలో రెండు పూల దుకాణాలకు యజమాని కాగలిగాడు","అతడు    ముంబై లోని    దా ద ర్    రైల్వే    స్టేష న్‌లో    పూ లు    అమ్మ డం    మొదలు పెట్ట ి,    చివరకు    నగరంలో    రెండు    పూ ల    దుకాణ ాలకు    య జమా ని    కా గలిగ ాడు ",100,29
1058,"జిహాదీ, ముజాహిదీన్ మరియు ఫెదాయీన్ అనేవి ఇంగ్లీష్ పదకోశంలోకి ప్రవేశించిన ఒకేలాంటి అరబిక్ పదాలు","జి హా దీ ,    ము జా హి దీ న్    మరియు    ఫె దాయ ీ న్    అనేవి    ఇంగ్ లీ ష్    పద కో శ ంలోకి    ప్రవేశ ించిన    ఒ కే లాంటి    అర బ ిక్    పద ాలు ",83,32
1059,"న్యాయమూర్తులు ఇద్దరికీ సర్వముఖ్య నాయకుడు, అలీ ఖమేనీ ఏలుబడికి వ్యతిరేకిస్తూ, స్వాతంత్ర్యం కాంక్షిస్తున్న ఇరాన్ దేశస్థులకు దీర్ఘకాలిక ఖైదు లేదా మరణ దండనలు విధించిన సుదీర్ఘ చరిత్ర కలిగి ఉన్నారు","న్యాయ మూ ర్త ులు    ఇద్ద రిక ీ    సర్ వ ముఖ ్య    నాయ కు డు,    అలీ    ఖ మే నీ    ఏ లు బడ ికి    వ్యతిరే కి స్తూ,    స్వాతంత్ర ్యం    కాం క్షి స్తున్న    ఇరా న్    దేశ స్థ ులకు    దీర్ఘ కాలిక    ఖై దు    లేదా    మర ణ    దండ నలు    విధ ించిన    సుదీర్ఘ    చరిత్ర    కలిగి    ఉన్న ారు ",169,51
1060,"తొలి మన్వంతరానికి ముందు మరియు ప్రతి మన్వంతరం తరువాత ఒక మన్వంతర సంధ్య (సంధి కాలం) ఉంటుంది, ప్రతి ఒకటి కృత యుగం (సత్య-యుగం) అంత నిడివితో","తొలి    మ న్ వంత రానికి    ముందు    మరియు    ప్రతి    మ న్ వంత రం    తరువాత    ఒక    మ న్ వంత ర    సం ధ ్య    ( సం ధి    కాల ం)    ఉంటుంది,    ప్రతి    ఒకటి    కృ త    యుగ ం    ( స త్య - యుగ ం)    అంత    ని డి వి తో ",115,44
1061,"క్రోనస్ అతడి తండ్రికి ద్రోహం చేసిన కారణంగా, అతడి సంతానం అదే పని చేస్తుందేమోనని భయపడి, రియా ప్రసవించిన ప్రతీసారి అతడు ఆ బిడ్డను లాక్కుని తినేసేవాడు","క్రో న స్    అతడి    తండ్ర ికి    ద్ర ోహ ం    చేసిన    కారణంగా,    అతడి    సంత ా నం    అదే    పని    చేస్తు ంద ే మో నని    భయ పడ ి,    రియా    ప్ర సవ ించిన    ప్రతీ సారి    అతడు    ఆ    బి డ్డ ను    లా క్కు ని    తి నే సే వా డు ",127,44
1062,"ఫ్రీడ్హేల్మ్ హార్డీ ప్రకారం, కృష్ణ సంప్రదాయాలను ఉత్తర సాంప్రదాయాలకు ఆపాదించేందుకు మొగ్గు ఉన్నప్పటికీ, ""దక్షిణ కృష్ణ తత్వానికి"" మునుపటి సాక్ష్యం ఉంది","ఫ్ర ీ డ్ హే ల్ మ్    హార్ డీ    ప్రకారం,    కృ ష్ ణ    సంప్రదాయ ాలను    ఉత్తర    సాంప్రదాయ ాలకు    ఆ పాద ించేందుకు    మొ గ్గ ు    ఉన్న ప్పటికీ,    "" దక్షిణ    కృ ష్ ణ    త త్ వా నికి ""    మునుపటి    సాక్ష ్యం    ఉంది ",133,39
1063,"బుద్ధుడి జీవిత పురాణగాధ యొక్క పునరాభినయాలతో కూడిన మరో బౌద్ధ ఆచారం, ఒక బుద్ధుడి విగ్రహాన్నిప్రతిష్ఠించడం అనే ఆచారం","బుద్ధ ుడి    జీవిత    పురాణ గా ధ   యొక్క    పున రా భ ిన య ాలతో    కూడిన    మరో    బౌద్ధ    ఆచార ం,    ఒక    బుద్ధ ుడి    వి గ్ర హా న్ని ప్రతి ష్ఠ ించడం    అనే    ఆచార ం ",100,31
1064,బౌద్ధమతం లో బ్రహ్మ ఒక ప్రధాన దేవుడు [దేవ) మరియు దైవిక పరిపాలకుడు,బౌద్ధ మతం    లో    బ్ర హ్ మ    ఒక    ప్రధాన    దేవు డు    [ దేవ )    మరియు    దై వ ిక    పరిపాల కుడు ,55,19
1065,"కర్ణాటకలోని, పట్టదకల్‌లో ఉన్న 7వ మరియు 8వ శతాబ్దపు ఆలయాల సముదాయం ఆ తరువాత ఉత్తరం, దక్షిణంగా భావించబడ్డ ఇరు రూపాలను సమ్మిళితం చేసింది, అలాగే ఐహోల్ లో ఉన్నది కూడా, ఇది ఇప్పటికీ వృత్తాకార చైత్య సభా మందిరం వంటి నిర్మాణములతో కూడి ఉంది","కర్ణాట క లో ని,    పట్ట ద క ల్‌లో    ఉన్న    7 వ    మరియు    8 వ    శతాబ్దపు    ఆలయ ాల    సముదాయ ం    ఆ    తరువాత    ఉత్తర ం,    దక్షి ణంగా    భావ ించబడ్డ   ఇ రు    రూప ాలను    స మ్మి ళ ితం    చేస ింది,    అలాగే    ఐ హో ల్    లో    ఉన్న ది    కూడ ా,    ఇది    ఇప్పటికీ    వృత్త ాకార   చై త్య    సభ ా    మంది రం    వంటి    నిర్మాణ మ ులతో    కూడ ి    ఉంది ",197,63
1066,"ఏదేమైనా, అరబ్బులు కాని ముస్లిం మతాంతరితులలో అరబ్బుల హెచ్చు హోదా మరియు వారిపై భారీ పన్నులు చెల్లించవలసిన నిర్బంధం ఆగ్రహం కలిగించాయి","ఏ దే మై నా,    అర బ్బ ులు    కాని    ముస్లిం    మ తా ంత రి త ులలో    అర బ్బ ుల    హెచ్చ ు    హో దా    మరియు    వార ిపై    భారీ    పన్న ులు    చెల్లించ వలసిన    నిర్ బంధ ం    ఆ గ్రహ ం    కలిగ ించ ాయి ",115,39
1067,"రిచర్డ్ కోహెన్ అనే నిపుణుడు బౌద్ధ అనే పదం బౌద్ధులను వర్ణించేందుకు కేవలం బయటివారు మాత్రమే ఉపయోగించేవారు అని ఖచ్చితంగా చెప్పినప్పటికీ, వారు కూడా ఆ పదాన్ని ఉపయోగించేవారని లోపేజ్ వక్కాణించాడు","రి చర్ డ్    కో హె న్    అనే    నిపుణ ుడు    బౌద్ధ    అనే    పదం    బౌద్ధ ులను    వర్ణ ించేందుకు    కేవలం    బయ టి వారు    మాత్రమే    ఉపయోగ ించే వారు    అని    ఖచ్చిత ంగా    చెప్ప ినప్పటికీ,    వారు    కూడా    ఆ    ప దాన్ని    ఉపయోగ ించే వార ని    లో పే జ్    వ క్ కా ణ ించ ాడు ",165,47
1068,"ఆయనకి భారత్, పాకిస్తాన్, మరియు యుఎస్ఏ అంతటా వేలాదిమంది శిష్యులు ఉండేవారు మరియు భారతదేశమంతటా ఎందరో ఖలీఫాలు కూడా ఉండేవారు","ఆయ న కి    భార త్,    పాకిస్తా న్,    మరియు    యు ఎస్ ఏ    అంతటా    వే లా ది మంది    శి ష్య ులు    ఉండే వారు    మరియు    భారతదేశ మంత టా    ఎ ంద రో    ఖ లీ ఫ ాలు    కూడా    ఉండే వారు ",105,35
1069,"దేవుణ్ణి నిరూపించడానికి ముందుకొచ్చిన ప్రధాన వాదనలన్నీ అభ్యంతరాలను స్వీకరించడానికి సిద్ధంగా ఉన్నవేనని ఆయన చూపిస్తారు (కొన్ని ప్రత్యేకమైన అసహ్యమైన కీటకాల ఉనికిలో ఏ విస్మయం ఉంది, గ్రహాలన్నీ దాదాపు ఒకే సమతలంలో తిరుగుతున్నాయన్న పరిశీలనలో ఏ క్రమత్వం ఉంది, ఒకే సమతలం అనేది అద్భుతమవవచ్చు కానీ """"దాదాపు ఒకే సమతలం"""" అనేది అంతగా ఆమోదయోగ్యమైనదిగా లేదు)","దేవు ణ ్ ణి    ని రూప ించడానికి    ముందు కొచ్చ ిన    ప్రధాన    వాద న ల న్నీ    అభ్య ంతర ాలను    స్వీకరించ డానికి    సిద్ధంగా    ఉన్న వే నని    ఆయన    చూ పి స్త ారు    ( కొన్ని    ప్రత్యేకమైన    అ సహ ్య మైన    కీ ట కాల    ఉనికి లో    ఏ    వి స్మ యం    ఉంది,    గ్రహ ాల న్నీ    దాదాపు    ఒకే    సమ తల ంలో    తిరుగు తున్న ాయ న్న    పరిశీల నలో    ఏ    క్రమ త్వం    ఉంది,    ఒకే    సమ తల ం    అనేది    అద్భు తమ వ వచ్చు    కానీ    "" "" దాదాపు    ఒకే    సమ తల ం "" ""    అనేది    అంత గా    ఆమోద యోగ ్య మైనదిగా    లేద ు ) ",301,93
1070,"యముడి(దక్షిణ ప్రాంతాలలో నివసించే మృత్యు దేవత)ని మించాలని గట్టిగా నిర్ణయించుకుని, ఉత్తర ప్రాంతం అతడిలో మరో మృత్యుదేవతను మేల్కొలిపినట్లుగా కనిపించింది","య ముడి ( దక్షిణ    ప్రాంతాలలో    నివస ించే    మృ త్య ు    దేవత ) ని    మ ించాలని    గ ట్ట ిగా    నిర్ణయించు కుని,    ఉత్తర    ప్రాంతం    అత డి లో    మరో    మృ త్య ు దేవత ను    మే ల్ కొ లి పి న ట్లుగా    కనిప ించ ింది ",134,41
1071,"బ్రహ్మన్ నిత్యమైనది అయినందున బ్రహ్మజ్ఞానం తక్షణమైనది, దానికి ఏ 'చర్య', అనగా ఏ కృషి మరియు ప్రయత్నం అవసరం లేదు అని 8వ శతాబ్దపు ప్రముఖ వేద పండితుడు, గురువు (ఆచార్య) అయిన ఆది శంకరుడు నొక్కి చెప్పగా, అద్వైత విధానం అనేది మహావాక్యాల గురించి ఆలోచించడం, యోగసమాధిని జ్ఞానమార్గంగా పరిగ్రహించడం, ఇతర ఆధ్యాత్మిక పద్ధతులు, సంప్రదాయాలలో కూడా గుర్తించబడిన వైరుధ్యాన్ని ప్రదర్శించడంతో సహా విస్తృతమైన సన్నాహక అభ్యాసాన్ని కూడా నిర్దేశిస్తుంది","బ్రహ్మ న్    ని త్య మైనది    అయిన ందున    బ్రహ్మ జ్ఞా నం    త క్ష ణ మైన ది,    దానికి    ఏ    ' చర్య ' ,    అన గా    ఏ    కృ షి    మరియు    ప్రయత్నం    అవసరం    లేద ు    అని    8 వ    శతాబ్దపు    ప్రముఖ    వే ద    పండ ిత ుడు,    గురు వు    ( ఆచార ్య )    అయిన    ఆ ది    శంక రుడు    నొ క్కి    చెప్ప గా,    అద్ వై త    విధా నం    అనేది    మహా వా క్య ాల    గురించి    ఆలోచ ించడ ం,    యోగ సమా ధ ిని    జ్ఞా న మార్గ ంగా    పరి గ్రహ ించడ ం,    ఇతర    ఆధ ్యా త్మ ిక    పద్ధత ులు,    సంప్రదాయ ాలలో    కూడా    గుర్త ించబడిన    వై రు ధ ్యాన్ని    ప్రదర్శ ించడంతో    సహా    విస్తృతమైన    స న్నా హ క    అభ్యా సా న్ని    కూడా    నిర్ దేశ ి స్తుంది ",373,114
1072,"ఇస్లాం రాకతో బౌద్ధమత సన్యాస సంప్రదాయానికి రాచరిక పోషణ ఆగిపోయింది, సుదూర వాణిజ్యంలో బౌద్ధుల స్థానంలో ముస్లింలు రావడంతో సంబంధిత పోషక వనరులు తరిగిపోయాయి","ఇస్లా ం    రా క తో    బౌద్ధ మత    సన్యా స    సంప్రదాయ ానికి    రా చర ిక    పోష ణ    ఆ గి పోయ ింది,    సు దూ ర    వాణిజ ్యంలో    బౌద్ధ ుల    స్థానంలో    ముస్లిం లు    రా వడంతో    సంబంధిత    పోష క    వన రులు    త రిగ ిపోయ ాయి ",132,41
1073,"మూడవ దశలో, అదనపు ఆలోచనలు ప్రవేశపెట్టబడ్డాయి, ఉదాహరణకు, కర్మల భారం నుండి ఉపశమనం కలిగించగలవని తావోయిస్ట్ ఆలయాలలో ఆచారాలు, ప్రాయశ్చితం మరియు సమర్పణలు వంటివి ప్రోత్సహించబడ్డాయి","మూడవ    దశ లో,    అదనపు    ఆలోచ నలు    ప్రవేశపెట్ట బడ్డ ాయి,    ఉదాహరణకు,    కర్ మ ల    భార ం    నుండి    ఉప శ మ నం    కలిగ ించ గల వ ని    తా వో యి స్ట్    ఆలయ ాలలో    ఆచార ాలు,    ప్రాయ శ్చ ితం    మరియు    సమర్ప ణలు    వంటివి    ప్రోత్సహ ించబడ్డ ాయి ",154,43
1074,"కౌండిన్యుడు 14 ఏళ్ల ప్రతిజ్ఞ చేస్తే అతడు తన పాపాలన్నీటి నుండి విముక్తుడై ఐశ్వర్యం, సంతానం మరియు సుఖం పొందుతాడాని అనంతుడు అతనికి వాగ్దానం చేసాడు","కౌ ండి న్ యు డు    14    ఏళ్ల    ప్రతి జ్ఞ   చేస్త ే    అతడు    తన    పా పాల న్న ీ టి    నుండి    వి ము క్ తు డ ై    ఐ శ్ వర్ య ం,    సంత ా నం    మరియు    సు ఖ ం    పొందు త ాడ ా ని    అన ంత ుడు    అతనికి    వా గ్ దానం    చేస ాడు ",125,51
1075,"భారతీయ బౌద్ధులలో మహాయాన కొంత సమయం వరకు అల్పసంఖ్యాక వర్గంగా ఉండిపోయింది, నెమ్మదిగా ఎదిగుతూ, 7వ శతాబ్ద సమయానికి భారతదేశంలో షువాంగ్జాంగ్ ఎదుర్కొన్న బిక్షువులలో దాదాపుగా సగం మంది మహాయనులే అయ్యారు","భారతీయ    బౌద్ధ ులలో    మహ ాయా న    కొంత    సమయం    వరకు    అ ల్ప సంఖ ్యా క    వర్గ ంగా    ఉండ ిపోయ ింది,    నె మ్మ దిగా    ఎ దిగు తూ,    7 వ    శతాబ్ద   సమయ ానికి    భారతదేశంలో    ష ు వా ంగ్ జా ంగ్    ఎదుర్కొ న్న    బ ిక్ష ువ ులలో    దాదా పు గా    సగ ం    మంది    మహ ాయ న ుల ే    అయ్య ారు ",169,56
1076,"డచ్ నాయకుడు జోరిస్ వాన్ స్పీల్బర్గిన్ 1602 లో చేరుకున్నపుడు, క్యాండీ రాజు అతని సహాయం కోసం విజ్ఞప్తి చేసుకున్నాడు","డ చ్    నాయ కుడు    జో రి స్    వా న్    స్పీ ల్ బర్ గి న్    16 0 2    లో    చేరు కున్న పు డు,    క్యా ండ ీ    రాజు    అతని    సహాయం    కోసం    విజ ్ ఞ ప్తి    చేసుకున్న ాడు ",98,35
1077,"అతడి వ్యక్తిగత అభిప్రాయాన్ని సమర్ధించడానికి, ఒప్పంద సంస్థలు చేసిన సాధారణ వ్యాఖ్యలలో , దేశ-నిర్దిష్ట సూచనలలో నుండి కూడా అనుకూలమైనవి ఎంచుకొని ఉటంకించి, యోగ్యకర్త నియమాలు అనబడే వాటితో సహా వివాదాస్పదమైన మరియు గుర్తించబడని నియమాలను ఆ నివేదిక ప్రచారం చేసింది","అతడి    వ్యక్తిగత    అభిప్రాయ ాన్ని    సమ ర్ ధ ించడానికి,    ఒప్పంద   సంస్థలు    చేసిన    సాధారణ    వ్యా ఖ్య లలో    ,    దేశ - నిర్దిష్ట    సూచ న లలో    నుండి    కూడా    అనుకూల మైన వి    ఎంచు కొని    ఉ ట ంక ించి,    యోగ ్య కర్ త    నియమాలు    అన బడే    వా ట ితో    సహా    వివా దాస్ పద మైన    మరియు    గుర్త ించబడ ని    నియమ ాలను    ఆ    నివేద ిక    ప్రచారం    చేస ింది ",223,60
1078,"కన్ఫ్యూషియన్ ఆచారాలు మరియు విస్తృత ఉదారవాద ప్రజాస్వామ్య చట్రం కలిగిన సంస్థల ఈ సంయోజనం అనేది సెంగ్ అభిప్రాయం ప్రకారం, మితిమీరిన వ్యక్తివాదం మరియు నైతిక దృష్టి లోపానికి గురైన పాశ్చాత్య శైలి ఉదారవాదం, అలాగే ధృడమైన వర్గశ్రేణి మరియు కరుడుకట్టిన ఉన్నతశ్రేణుల వల్ల ప్రభావితమైన సంప్రదాయ కన్ఫ్యూషియనిజం, రెండిటికీ భిన్నమైనది","కన్ ఫ ్యూ ష ియన్    ఆచార ాలు    మరియు    విస్తృ త    ఉ దార వాద    ప్రజా స్వామ ్య    చ ట్ర ం    కలిగిన    సంస్థ ల    ఈ    సం యో జనం    అనేది    సె ంగ్    అభిప్రాయ ం    ప్రకారం,    మిత ి మీ రి న    వ్యక్తి వాద ం    మరియు    నై తిక    దృష్టి    లోప ానికి    గుర ైన    పాశ్చా త్య    శైలి    ఉ దార వాద ం,    అలాగే    ధృ డ మైన    వర్గ శ్రేణి    మరియు    కరు డు కట్ట ిన    ఉన్న త శ్రేణ ుల    వల్ల    ప్రభావి తమైన    సంప్రదాయ   కన్ ఫ ్యూ షియ నిజ ం,    రెండ ి టిక ీ    భిన్న మైనది ",279,86
1079,"సిక్కు మతం స్వయం నియంత్రణ మరియు మితాహారాన్ని ప్రోత్సాహిస్తుంది, అనగా పస్తులుండరాదు, అతిగానూ తినరాదు","సిక్కు    మతం    స్వ యం    నియంత్రణ    మరియు    మిత ా హార ాన్ని    ప్రోత్ సా హి స్తుంది,    అన గా    ప స్త ులు ండ రా దు,    అతి గా న ూ    తి న రా దు ",89,30
1080,"కొన్ని భజనలు శతాబ్దాల నాటివి, అన్ని ప్రాంతాలలో ప్రసిద్ధికెక్కినవి, మరియు సంఘ పరంపరాగతంగా అందిపుచ్చుకున్నవి కాగా, మిగిలినవి కొత్తగా రచించబడినవి","కొన్ని    భ జన లు    శతాబ్ద ాల    నా టి వి,    అన్ని    ప్రాంతాలలో    ప్రసిద్ధ ికె క్క ిన వి,    మరియు    సంఘ   పర ంప రాగ తంగా    అంది పు చ్చు కున్న వి    కాగా,    మిగి లి న వి    కొ త్తగా    రచ ించబడ ిన వి ",128,38
1081,"ఎవరైనా విచ్చలవిడిగా (ఉండి) ఉంటే, గతానికి అలాగే భవిష్యత్తుకు విరుద్ధంగా తమ శక్తి కొద్దీ వారు తమ విచ్చలవిడితనాన్ని మానుకొని, వారి తల్లిదండ్రుల పట్ల, పెద్దల పట్ల విధేయత కలిగి ఉంటారు, ప్రతీ సందర్భంలో అలా ప్రవర్తించడం ద్వారా వారు మెరుగ్గా, మరింత సంతోషంగా జీవిస్తారు","ఎవర ైనా    వి చ్చ ల వి డిగా    ( ఉండ ి )    ఉంటే,    గ త ానికి    అలాగే    భవిష్య త్తు కు    విరుద్ధ ంగా    తమ    శక్తి    కొద్ద ీ    వారు    తమ    వి చ్చ ల వి డ ిత నాన్ని    మా ను కొని,    వారి    తల్లిదండ్ర ుల    ప ట్ల ,    పెద్ద ల    పట్ల    విధ ేయ త    కలిగి    ఉంట ారు,    ప్ర తీ    సందర్భ ంలో    అలా    ప్ర వర్త ించడం    ద్వారా    వారు    మెరు గ్ గా,    మరింత    సంతోష ంగా    జీ విస్త ారు ",228,71
1082,"గురు గ్రంథ్ సాహిబ్ జప్జీ సాహిబ్ తో ఆరంభమవగా, దశం గ్రంథ్ జపు సాహిబ్ అని కూడా పిలవబడే జాప్ సాహిబ్ తో ఆరంభమవుతుంది","గురు    గ్రంథ ్    సా హి బ్    జ ప్ జీ    సా హి బ్    తో    ఆర ంభ మ వ గా,    దశ ం    గ్రంథ ్    జ పు    సా హి బ్    అని    కూడా    పిలవబడే    జా ప్    సా హి బ్    తో    ఆర ంభ మవు తుంది ",94,40
1083,"ఆ వర్గానికి ప్రధాన ప్రతినిధి అయిన కోంస్టానా ముఫ్తీ, రహస్య ఓట్ల ద్వారా ఇమామ్ల మధ్య నుండి ఎన్నుకోబడతాడు","ఆ    వర్గ ానికి    ప్రధాన    ప్రతినిధ ి    అయిన    కో ం స్టా నా    ము ఫ్ తీ ,    రహ స్య    ఓ ట్ల    ద్వారా    ఇ మా మ్ ల    మధ్య    నుండి    ఎన్న ు కో బడ త ాడు ",88,32
1084,"అత్యున్నత మతపరమైన విధిగా అహింసకు వేదాంతపరమైన ఆధారం అనేది కొంతమంది జైన పండితులచే ఇలా అన్వయించబడింది, ""మిగతా ప్రాణులకు ఇవ్వడం లేదా వారి పట్ల కరుణ చూపించడం లేదా అన్ని ప్రాణులను రక్షించే కర్తవ్యం నుండి వచ్చే పాత్రత కారణంగా స్ఫూర్తి పొందకూడదు,"" కేవలం ""నిరంతర స్వీయ-క్రమశిక్షణ"" నుండి తమ ఆధ్యాత్మిక పురోగతికి దారితీసే ఆత్మ శుద్ధి నుండి రావాలి, అది తుదకు వారి మోక్షాన్ని ప్రభావితం చేసి, పునర్జన్మల నుండి విడుదల చేస్తుంది","అత్యున్నత    మతపరమైన    విధ ిగా    అ హిం స కు    వే దా ంత పరమైన    ఆధార ం    అనేది    కొంతమంది    జైన    పండ ిత ుల చే    ఇలా    అన్ వయ ించబడింది,    "" మిగ తా    ప్రాణ ులకు    ఇవ్వ డం    లేదా    వారి    పట్ల    కరు ణ    చూప ించడం    లేదా    అన్ని    ప్రాణ ులను    రక్ష ించే    కర్ త వ్య ం    నుండి    వచ్చే    పాత్ర త    కారణంగా    స్ ఫ ూ ర్ తి    పొంద కూడ దు , ""    కేవలం    "" నిర ంతర    స్వీ య - క్రమ శిక్ష ణ ""    నుండి    తమ    ఆధ ్యా త్మ ిక    పుర ోగ తికి    దారితీ సే    ఆ త్ మ    శు ద్ధ ి    నుండి    రా వాల ి,    అది    తు ద కు    వారి    మో క్ష ాన్ని    ప్రభావితం    చేసి,    పునర్ జన్మ ల    నుండి    విడుదల    చే స్తుంది ",360,113
1085,ముఘల్ సామ్రాజ్య శకంలో ఎన్నో చీలిపోయిన సిక్కు సంఘాలు ఏర్పడ్డాయి,ము ఘ ల్    సామ్రాజ్య    శ క ంలో    ఎన్న ో    చీ లి పోయ ిన    సిక్కు    సంఘ ాలు    ఏర్పడ ్డ ాయి ,55,19
1086,అలై శకంలో మాంలుక్ పరిపాలన యొక్క తొలినాటి పురాతన ప్రభువుల తొలగింపు జరిగింది,అ లై    శ క ంలో    మా ం లు క్    పరిపాల న    యొక్క    తొలి నాటి    పురాతన    ప్రభు వుల    తొలగ ింపు    జరిగ ింది ,65,21
1087,అమృత్సర్ లోని స్వర్ణ దేవాలయం మరియు హజూర్ సాహిబ్ ఉదాహరణలు,అమ ృ త్స ర్    లోని    స్ వర్ ణ    దేవాల యం    మరియు    హ జూ ర్    సా హి బ్    ఉదాహరణ లు ,49,19
1088,"""సిక్కుల పవిత్ర నియమాల సంగ్రహం అయిన గురు గ్రంథ సాహిబ్ మరియు రెండోస్థాయి నియమాల సంగ్రహం అయిన దాసం గ్రంథాలలో భారతీయ పురాణగాధలు వ్యాపించి, నేటి సిక్కుల మరియు వారి పూర్వీకుల యొక్క పవిత్ర ప్రతీకాత్మక విశ్వానికి సున్నితమైన స్వల్పభేదాన్ని మరియు విషయాన్ని జోడిస్తాయి,"" అని ఫెనెక్ తెలియజేస్తారు",""" సిక్ కుల    పవిత్ర    నియమ ాల    సం గ్రహ ం    అయిన    గురు    గ్రంథ   సా హి బ్    మరియు    రెండ ో స్థాయి    నియమ ాల    సం గ్రహ ం    అయిన    దా సం    గ్రంథ ాలలో    భారతీయ    పురాణ గా ధ లు    వ్యాప ించి,    నే టి    సిక్ కుల    మరియు    వారి    పూర్ వీ కుల    యొక్క    పవిత్ర    ప్రతీ కా త్మక    విశ్ వానికి    సు న్ని తమైన    స్వ ల్ప భ ే దాన్ని    మరియు    విష యాన్ని    జో డి స్త ాయి , ""    అని    ఫె నె క్    తెలియజే స్త ారు ",251,76
1089,"ఈ వ్యాఖ్యానాలు సృష్టి పురాణాలుగా పని చేస్తూ, ఈ ఆలోచనా విధానం ఎలా వచ్చింది మరియు బుద్ధుడి బోధనలను తెలియజేసేందుకు దానికి ప్రత్యేక ప్రామాణికత ఎందుకు ఉంది అనేది వివరిస్తాయి","ఈ    వ్యా ఖ్యా నాలు    సృష్ట ి    పురాణ ాలుగా    పని    చేస్త ూ,    ఈ    ఆలోచ నా    విధా నం    ఎలా    వచ్చ ింది    మరియు    బుద్ధ ుడి    బోధ నలను    తెలియజే సే ందుకు    దానికి    ప్రత్యేక    ప్రామాణ ిక త    ఎ ందుకు    ఉంది    అనేది    వివరి స్త ాయి ",147,39
1090,"ఈ పాఠాంతర వర్గీకరణకు విరుద్ధముగా, ఎన్నో పూజ్య హిందూ గ్రంథాలు మరియు సిద్ధాంతాలు ఈ సాంఘిక వర్గీకరణ వ్యవస్థతో విభేదించి ప్రశ్నించాయి","ఈ    పాఠ ాంత ర    వర్గీ కరణ కు    విరుద్ధ ము గా,    ఎన్న ో    పూ జ ్య    హిందూ    గ్రంథ ాలు    మరియు    సిద్ధాంత ాలు    ఈ    సాం ఘ ిక    వర్గీ కరణ    వ్యవస్థ తో    విభ ేద ించి    ప్రశ్ న ించ ాయి ",114,36
1091,1925 లో స్థాపించబడిన ఫిన్నిష్ ఇస్లామిక్ అసోసియేషన్ అన్నింటిలోకి అత్యంత పురాతనమైనది,19 25    లో    స్థాప ించబడిన    ఫి న్ని ష్    ఇస్లా మ ిక్    అసోసియేషన్    అన్న ిం టి లోకి    అత్యంత    పురా తన మైనది ,74,20
1092,"మౌరైడ్లకు, సోఖ్న మేగత్ డ్యోప్ అనే ఒక మహిళా మతబోధకురాలు ఉండేది, ఆమె తన తండ్రి యొక్క స్థానాన్ని వారసత్వంగా అందుకుంది","మౌ రై డ్ ల కు,    సో ఖ ్ న    మే గ త్    డ ్య ో ప్    అనే    ఒక    మహిళా    మత బోధ కు రాలు    ఉండే ది,    ఆమె    తన    తండ్రి    యొక్క    స్థానాన్ని    వారస త్వ ంగా    అందు కు ంది ",99,36
1093,"సాధారణంగా, ఆధునిక స్పెయిన్ తొలినాళ్లలో, చాలా మంది నన్‌లు వార్షిక రుసుములు అయిన కాన్వెంట్ రుసుము, మరియు ""నిర్వహణ భత్యాల"" ను భరించగలిగే వనరులు కలిగిన సంపన్న కుటుంబాలకు చెందిన వారు","సాధారణ ంగా,    ఆధునిక    స్పె యి న్    తొలి నా ళ్ల లో,    చాలా    మంది    న న్‌లు    వార్షిక    రుసు మ ులు    అయిన    కాన్ వె ంట్    రుసు మ ు,    మరియు    "" నిర్వహణ    భ త్య ాల ""    ను    భ రించ గలి గే    వన రులు    కలిగిన    సం ప న్న    కుటుంబ ాలకు    చెందిన    వారు ",155,47
1094,"ఇనువిట్ కి చెందిన సాంప్రదాయక గాథలు, ఆచారాలు, మరియు నిషేధాలు తరచూ వారి ఉత్తరధ్రువప్రాంత కఠిన వాతావరణం కలిగించే ప్రమాదాలకు ముందు జాగ్రత్తలు","ఇ ను వి ట్    కి    చెందిన    సాంప్రదాయ క    గా థ లు,    ఆచార ాలు,    మరియు    నిషేధ ాలు    తర చ ూ    వారి    ఉత్తర ధ ్ర ువ ప్రాంత   కఠ ిన    వాతావరణం    కలిగ ించే    ప్రమాద ాలకు    ముందు    జా గ్ర త్త లు ",121,37
1095,"ఆరాధన లేదా ప్రార్థన స్థలాల పరంగా, కపిటాయన్‌ లో, సంగర్ అనే పదాన్ని కూడా వాలిసోంగో ఉపయోగిస్తారు, ఇది హిందూ మతం లేదా బౌద్ధమతంలో మాదిరిగా గోపురాలు లేదా విగ్రహాలు కాకుండా కపిటాయన్‌ లోని సంగ్ హయాంగ్ తయాకు చిహ్నంగా దాని గోడలో ఒక ఖాళీ రంధ్రం గల నాలుగు మూలల చతురస్ర భవనాన్ని సూచిస్తుంది","ఆ రాధ న    లేదా    ప్ర ార్థ న    స్థల ాల    పర ంగా,    క పి ట ాయ న్‌    లో,    సంగ ర్    అనే    ప దాన్ని    కూడా    వాల ి సో ంగ ో    ఉపయోగి స్తారు,    ఇది    హిందూ    మతం    లేదా    బౌద్ధ మత ంలో    మాదిరి గా    గో పుర ాలు    లేదా    విగ్రహ ాలు    కాకుండా    క పి ట ాయ న్‌    లోని    సం గ్    హ యా ంగ్    త యా కు    చిహ్ నంగా    దాని    గోడ లో    ఒక    ఖా ళ ీ    ర ంధ్ర ం    గల    నాలుగు    మూల ల    చతు ర స్ర   భవ నాన్ని    సూచి స్తుంది ",238,83
1096,"క్రైస్తవమతం,ముఖ్యంగా ఎక్సోడస్ 20:14 మరియు 1 కొరింతియన్స్ 6:910 ప్రకారం వ్యభిచారాన్ని అనైతికం మరియు పాపాత్మకంగా చూస్తుంది","క్రైస్త వ మత ం , ముఖ్యంగా    ఎక్ సో డ స్    20 : 14    మరియు    1    కొర ిం తి య న్స్    6 : 9 10    ప్రకారం    వ్య భి చార ాన్ని    అ నై తిక ం    మరియు    పా పా త్మకంగా    చూ స్తుంది ",108,39
1097,"లౌకికవాద తలిదండ్రుల పెంపకంలో ఎదిగిన తన తల్లిని అతను,""మతానికి అతీతమని"", అయిననూ, తాను యెరిగిన, ఎన్నో విధాలా అత్యంత ""ఆధ్యాత్మిక స్పృహ గల వ్యక్తి"", మరియు ""లౌకిక మానవతావాదానికి ఏకైక సాక్షిగా"" అభివర్ణించాడు","ల ౌ క ిక వాద    త లి దండ్ర ుల    పె ంప క ంలో    ఎ ది గిన    తన    తల్లి ని    అత ను , "" మత ానికి    అత ీ తమ ని "" ,    అయిన న ూ,    తాను    యె రిగ ిన ,    ఎన్న ో    విధ ాలా    అత్యంత    "" ఆధ ్యా త్మ ిక    స్ప ృ హ   గల    వ్యక్తి "" ,    మరియు    "" ల ౌ క ిక    మా నవ తా వాద ానికి    ఏకైక    సా క్షి గా ""    అభివర్ణ ించ ాడు ",177,75
1098,"ప్రాపంచిక జ్ఞానాన్ని పూజించి గౌరవించాలి, కాని ఆ సమస్త జ్ఞానాన్ని బ్రహ్మన్ పేరున ధ్యానం చేయాలి అని ఉపనిషత్తులోని 7","ప్రా పంచ ిక    జ్ఞా నాన్ని    పూ జ ించి    గౌరవ ించ ాలి,    కాని    ఆ    సమ స్త   జ్ఞా నాన్ని    బ్రహ్మ న్    పేరు న    ధ్యా నం    చేయ ాలి    అని    ఉప ని ష త్తు లోని    7 ",99,32
1099,1 విభాగంలో సనత్ కుమార వక్కాణిస్తారు,1    విభాగంలో    స న త్    కుమార   వ క్ కా ణి స్త ారు ,31,12
1100,"ఈ మంత్రాలు తైత్తిరీయోపనిషత్తు,ఒకటవ శిక్షావల్లి 11","ఈ    మంత్ర ాలు    తై త్తి రీ యో పని ష త్తు , ఒకట వ    శ ిక్ షా వల్ల ి    11 ",45,19
1101,"2 లోనివి,ఇది: మాతృదేవో భవ, మిత్రదేవో భవ, పితృదేవో భవ, పుత్రదేవో భవ, ఆచార్యదేవో భవ, అతిథిదేవో భవ అని చెబుతోంది","2    లో ని వి , ఇ ది :    మా తృ దేవ ో    భవ ,    మిత్ర దేవ ో    భవ ,    ప ిత ృ దేవ ో    భవ ,    పు త్ర దేవ ో    భవ ,    ఆచార ్య దేవ ో    భవ ,    అతి థి దేవ ో    భ వ    అని    చెబు తో ంది ",94,48
1102,"1920 లో భారత్ తొలి జాతీయ జట్టుని ఒలింపిక్స్ కి పంపింది, ఇక అప్పటి నుండి ప్రతీ వేసవి ఒలింపిక్ క్రీడలలో పాల్గొంటూ ఉంది","19 20    లో    భారత్    తొలి    జాతీయ    జట్టు ని    ఒలింప ిక్స్    కి    పంప ింది,    ఇ క    అప్పటి    నుండి    ప్ర తీ    వేసవి    ఒలింపిక్    క్రీడలలో    పాల్గొ ంట ూ    ఉంది ",99,26
1103,గాలి తుపాకీలు అనేవి పొడవాటి తుపాకీ (గాలి రైఫిల్) మరియు చేతి తుపాకీ (గాలి పిస్టల్) అనే రెండు రూపాలలో వస్తాయి,గాల ి    తుపా కీ లు    అనేవి    పొడ వాటి    తుపా కీ    ( గాల ి    రై ఫిల్ )    మరియు    చే తి    తుపా కీ    ( గాల ి    పి స్ట ల్ )    అనే    రెండు    రూ పాల లో    వస్త ాయి ,92,35
1104,"కామన్వెల్త్ క్రీడలలో వ్యక్తిగత స్వర్ణ పతకం గెలుచుకున్న ఏకైక క్రీడాకారుడు మిల్ఖా సింగ్ ఉండేవారు, కానీ 2010 కామన్వెల్త్ క్రీడలలో, 52 ఏళ్ల తరువాత కృష్ణ పునియా భారత్కు మహిళల డిస్కస్ త్రోలో స్వర్ణ పతకం గెలిచి, కామన్వెల్త్ క్రీడలలో అథ్లెటిక్స్ లో స్వర్ణం గెలిచిన తొలి మహిళగా చరిత్ర సృష్టించింది","కామ న్ వెల్ త్    క్రీడలలో    వ్యక్తిగత    స్ వర్ ణ    పత కం    గెలుచు కున్న    ఏకైక    క్రీడాకార ుడు    మి ల్ ఖ ా    సింగ్    ఉండే వారు,    కానీ    2010    కామ న్ వెల్ త్    క్రీడ లలో,    5 2    ఏళ్ల    తరువాత    కృ ష్ ణ    పు నియా    భార త్ కు    మహిళల    డి స్ క స్    త్ర ో లో    స్ వర్ ణ    పత కం    గెలి చ ి,    కామ న్ వెల్ త్    క్రీడలలో    అ థ్ లె టిక ్ స్    లో    స్ వర్ ణం    గెలి చ ిన    తొలి    మహిళ గా    చరిత్ర    సృష్ట ించ ింది ",252,84
1105,"అంజుకి, ట్రిపుల్ జంప్‌లో మాజీ జాతీయ ఛాంపియన్ మరియు ఆమెకు కోచ్ కూడా అయిన రాబర్ట్ బాబీ జార్జ్‌తో వివాహం అయింది","అం జు కి,    ట్ర ిప ుల్    జం ప్ ‌లో    మాజీ    జాతీయ    ఛాంప ియన్    మరియు    ఆమెకు    కో చ్    కూడా    అయిన    రా బర్ ట్    బా బీ    జార్ జ్‌ తో    వివాహం    అయ ింది ",93,30
1106,యే ప్రదర్శనకయినా సెకనుకు 2,యే    ప్రదర్శ న క య ిన ా    సె కను కు    2 ,23,11
1107,0 మీటర్ల కంటే అధికంగా అనుకూల దిశలో గాలి వీస్తూ ఉంటే అది రికార్డు ప్రయోజనానికి లెక్కించబడదు,0    మీటర్ల    కంటే    అధ ికంగా    అను కూల    దిశలో    గాల ి    వీ స్తూ    ఉంటే    అది    రికార్ డు    ప్రయోజన ానికి    లెక్క ించబడ దు ,78,21
1108,"2010 జనవరి 1 నాటికి, పురుషులు కేవలం నడుము నుండి మోకాళ్ళ వరకు ఉండే సూట్‌లను మాత్రమే వేసుకోవడానికి అనుమతించబడతారు","2010    జనవరి    1    నాటికి,    పురుష ులు    కేవలం    నడు ము    నుండి    మో కా ళ్ళ    వరకు    ఉండే    సూ ట్‌ లను    మాత్రమే    వే సుకోవ డానికి    అనుమత ించబడ త ారు ",97,26
1109,బ్రిస్టల్ బేర్స్ (రగ్బీ యూనియన్) మరియు గ్లౌసెస్టర్‌షైర్ కౌంటీ క్రికెట్ క్లబ్ కూడా ఈ నగరం ఆధారితంగా ఉన్నాయి,బ్రి స్ట ల్    బే ర్స్    ( ర గ్ బీ    యూనియ న్ )    మరియు    గ్ల ౌ సె స్ట ర్‌ ష ై ర్    కౌంట ీ    క్రికెట్    క్లబ్    కూడా    ఈ    నగరం    ఆధార ిత ంగా    ఉన్న ాయి ,93,33
1110,"2014 లో, ఈ విషయమై సింగపుర్ టేబుల్ టెన్నిస్ అసోసియేషన్ అధ్యక్షురాలు లీ బీ వా వైదొలిగారు; ఆమె ఉత్తరాధికారిణి ఎలెన్ లీ, ఆ తరువాత చైనాలో జన్మించిన పాడ్లర్ షెంగ్ జియాన్ పౌరసత్వ దరఖాస్తుకి సుముఖత వ్యక్తీకరించింది","2014    లో,    ఈ    విషయ మై    సింగ పు ర్    టే బుల్    టె న్ని స్    అసోసియేషన్    అధ్యక్ష ు రాలు    లీ    బీ    వా    వై దొ లి గ ారు ;    ఆమె    ఉత్తరా ధికార ి ణి    ఎ లె న్    లీ ,    ఆ    తరువాత    చై నాలో    జన్మ ించిన    పాడ ్ లర్    షె ంగ్    జ ియా న్    పౌర స త్వ    దర ఖా స్తు కి    సు ముఖ త    వ్యక్ తీ కరించ ింది ",179,64
1111,"గతంలో సంప్రదాయ చేతిపనుల నిపుణుల ప్రత్యేక అంశమైన విలువిద్యలో,1920ల నుండి, వృత్తిపరమైన ఇంజనీర్లు ఆసక్తి కనబరుస్తున్నారు","గతంలో    సంప్రదాయ   చే తి పన ుల    నిపుణ ుల    ప్రత్యేక    అంశ మైన    విలు విద్య లో , 19 20 ల    నుండి,    వృత్తిపరమైన    ఇ ంజ నీ ర్లు    ఆసక్తి    కన బరు స్తున్న ారు ",106,29
1112,"హ్వున్ మన్వల్ ఫంక్యో నాలుగు వివిధ బృందాల క్రింద, 184 అంతర్జాతీయ రేసుల్లో 102 టిని గలిచి, ఐదు సార్లు ఫార్ములా వన్ ప్రపంచ ఛాంపియన్గా నిలిచాడు, ఈ రోజు వరకు సర్వత్రా అత్యుత్తమ డ్రైవరుగా పరిగణించబడతాడు","హ్ వు న్    మ న్ వ ల్    ఫ ంక ్య ో    నాలుగు    వివిధ    బృంద ాల    క్ర ింద ,    18 4    అంతర్జాతీయ    రే సుల్ లో    10 2    టిని    గలి చ ి,    ఐదు    సార్లు    ఫార్ మ ుల ా    వన్    ప్రపంచ    ఛాంపియన్ గా    నిలిచ ాడు,    ఈ    రోజు    వరకు    సర్ వ త్ర ా    అత్యుత్త మ    డ్రై వరు గా    పరిగణించబడ త ాడు ",170,57
1113,"పదేళ్ళ లోపు, భారత్‌లో బైటన్ కప్ మరియు అగాఖాన్ టోర్నమెంట్లు ప్రారంభించబడ్డాయి","ప దే ళ్ళ    లోప ు,    భార త్ ‌లో    బై టన్    కప్    మరియు    అ గా ఖాన్    టోర్నమె ం ట్లు    ప్రారంభ ించబడ్డ ాయి ",68,21
1114,"2012 మేలో, టర్కీలోని అంటాల్యలో దీపికా కుమారి తన మొదటి వర్ల్డ్ కప్ వ్యక్తిగత స్టేజ్ రీకర్వ్ బంగారు పతకం గెలుచుకుంది","2012    మే లో,    టర్ కీ లోని    అ ంట ాల ్య లో    దీ పిక ా    కుమార ి    తన    మొదటి    వర్ ల్డ్    కప్    వ్యక్తిగత    స్టే జ్    రీ కర్ వ్    బంగ ారు    పత కం    గెలుచు కు ంది ",99,34
1115,"గత రెండేళ్లగా తనకు వేతనం చెల్లించబడలేదని, అలాగే తదుపరి ఆటలకు అధికారులు సరిగా సెలవులు మంజూరు చేయలేదని ఆమె అన్నారు","గత    రెండ ే ళ్ల గా    తనకు    వే త నం    చెల్ల ించబడ లేద ని,    అలాగే    తదుపరి    ఆట లకు    అధికారులు    సరి గా    సెల వులు    మం జూ రు    చేయ లేదని    ఆమె    అన్న ారు ",98,30
1116,"సంభావ్య పోటీదారులు వారి శారీరక ఎదుగుదల, స్వరూపం మరియు వ్యక్తిత్వాలను బట్టి అంచనా వేయబడ్డారు","సంభా వ్య    పోటీ దారులు    వారి    శారీ ర క    ఎదు గు ద ల ,    స్వర ూ పం    మరియు    వ్యక్తి త్వ ాలను    బట్టి    అంచనా    వేయ బడ్డ ారు ",81,25
1117,వరల్డ్ కప్ లో భారత్ ఏకైక విజయం సాధించడానికి అశోక్ కుమార్ గెలుపుకి కారణమైన అతి కీలక గోలు చేశాడు,వరల్డ్    కప్    లో    భారత్    ఏకైక    విజయం    సాధ ించడానికి    అశో క్    కుమార్    గెలు పు కి    కారణ మైన    అతి    కీలక    గో లు    చేశ ాడు ,80,22
1118,"2014 కామన్వెల్త్ గేమ్స్ లో మహిళల 55 కేజీల ఫ్రీస్టైల్ విభాగంలో, క్వార్టర్ ఫైనల్సులో బబిత తన తొలి ప్రత్యర్థి అయిన స్కాట్ల్యాండ్ కు చెందిన కేథ్రిన్ మార్ష్ ను 92, 40 తో ఓడించింది (4:1 వర్గీకరణ పాయింట్లు)","2014    కామ న్ వెల్ త్    గే మ్స్    లో    మహిళల    5 5    కే జీ ల    ఫ్ర ీ స్ట ై ల్    విభాగ ంలో,    క్ వార్ టర్    ఫైన ల్ సులో    బ బ ిత    తన    తొలి    ప్రత్యర్థి    అయిన    స్కా ట్ల ్యా ండ్    కు    చెందిన    కే థ ్ర ి న్    మార్ ష్    ను    9 2 ,    40    తో    ఓడ ించ ింది    ( 4 : 1    వర్గీ కరణ    పాయిం ట్ లు ) ",171,66
1119,2015 కామన్వెల్త్ కరాటే క్రీడా పోటీలు భారత్‌లోని ఢిల్లీలో నిర్వహించబడ్డాయి,2015    కామ న్ వెల్ త్    క రా ట ే    క్రీడా    పోటీ లు    భార త్‌ లోని    ఢిల్లీలో    నిర్వహ ించబడ్డ ాయి ,66,19
1120,"మహిళలు, పురుషులు విసిరే సాధనాలు వేరువేరు బరువులు కలిగి ఉంటాయి: పురుషుల జావెలిన్ 800 గ్రాములతో పోల్చితే మహిళలది 600 ఉంటుంది, పురుషుల వైట్ త్రో 35 పౌన్లతో పోలిస్తే మహిళది 20 ఉంటుంది, పురుషుల డిస్కస్ 2 కిలోగ్రాములతో పోలిస్తే మహిళలది 1 ఉంటుంది, పురుషుల 16 పౌన్ల షాట్ పుట్ తో పోలిస్తే మహిళలది 8 పౌన్లు ఉంటుంది, అలాగే పురుషుల 16 పౌన్ల హ్యామర్ త్రో పోలిస్తే మహిళలది 8 ఉంటుంది","మహిళ లు,    పురుష ులు    వి సి రే    సాధ నాలు    వే రు వేరు    బరు వులు    కలిగి    ఉంట ాయి :    పురుషుల    జా వె లిన్    8 00    గ్రామ ులతో    పో ల్ చిత ే    మహిళ ల ది    6 00    ఉంటుంది,    పురుషుల    వై ట్    త్ర ో    35    పౌ న్ లతో    పోలి స్తే    మహిళ ది    20    ఉంటుంది,    పురుషుల    డి స్ క స్    2    కిలో గ్రామ ులతో    పోలి స్తే    మహిళ ల ది    1    ఉంటుంది,    పురుషుల    16    పౌ న్ల    షా ట్    పు ట్    తో    పోలి స్తే    మహిళ ల ది    8    పౌ న్లు    ఉంటుంది,    అలాగే    పురుషుల    16    పౌ న్ల    హ్యా మర్    త్ర ో    పోలి స్తే    మహిళ ల ది    8    ఉంటుంది ",315,101
1121,"2009లో, ఆయన లాభదాయకమైన గుజరాత్ క్రికెట్ అసోసియేషన్ (జిసిఎ)కు ఉపాధ్యక్షుడు అవ్వగా, మోడీ దాని అధ్యక్షుడిగా పనిచేసారు","200 9 లో,    ఆయన    లా భ దాయ కమైన    గుజరాత్    క్రికెట్    అసోసియేషన్    ( జి సి ఎ ) కు    ఉపా ధ్య క్ష ుడు    అవ ్వ గా,    మో డీ    దాని    అధ్యక్ష ుడిగా    పని చేస ారు ",102,32
1122,"రిలే ట్రైయాతలాన్స్ అనేది మరో విధానం, ఇందులో పోటీదారుల జట్టు వంతులవారీగా పందెములో పోటీపడతారు; ఒక్కొక్క పోటీదారు తప్పనిసరిగా ఈత కొట్టుట, సైకిల్ తొక్కుట మరియు పరుగు తీతలలో ఒక విభాగంలో పాల్గొనాల్సి ఉంటుంది","రి లే    ట్ర ై యా త లా న్స్    అనేది    మరో    విధాన ం,    ఇందులో    పోటీ దారుల    జట్టు    వంత ుల వార ీగా    ప ంద ె ము లో    పోటీ పడ త ారు ;    ఒ క్ కొ క్క    పోటీ దారు    తప్పని సరి గా    ఈ త    కొ ట్టు ట ,    సైకి ల్    తొ క్కు ట    మరియు    పరు గు    తీ త లలో    ఒక    విభాగంలో    పాల్గొ న ాల్సి    ఉంటుంది ",177,62
1123,ఐ,ఐ ,1,1
1124,సి,సి ,2,1
1125,సి,సి ,2,1
1126,"నియమాల ప్రకారం, తరువాత బ్యాటింగ్ చెసే పక్షానికి 25 ఓవర్లు బౌలింగ్ చేయబడిన తరువాతే ఒక ఓడిఐ మ్యాచ్ అధికారికం అవుతుంది","నియమ ాల    ప్రకారం,    తరువాత    బ్యా టింగ్    చె సే    పక్ష ానికి    25    ఓ వర్ లు    బౌ లింగ్    చేయబడిన    తరువా తే    ఒక    ఓ డి ఐ    మ్యాచ్    అధికార ిక ం    అవు తుంది ",100,29
1127,"రిజర్వ్ డే నాడు ,శ్రీలంకన్లు మరలా తొలిగా బ్యాటింగ్ చేసి, మహేలా జయవర్ధనే, రసెల్ ఆర్నాల్డ్ వరుసగా 77, 56 పరుగులతో 222 పరుగులు చేయగా, భారతదేశ జహీర్ ఖాన్ 44 పరుగులకు మూడు వికెట్లు తీశాడు","రిజ ర్ వ్    డే    నాడు    , శ్రీ ల ంక న్లు    మర లా    తొలి గా    బ్యా టింగ్    చేసి,    మహ ేలా    జయ వర్ ధ నే,    ర సె ల్    ఆర్ నాల్ డ్    వరుసగా    7 7 ,    5 6    పరు గ ులతో    22 2    పరుగులు    చేయ గా,    భారతదేశ    జ హీ ర్    ఖాన్    4 4    పరు గ ులకు    మూడు    వికె ట్లు    తీ శ ాడు ",156,59
1128,"సీనియర్ సర్క్యూట్లో, మిర్జా 2001 ఏప్రిల్లో ఐ","సీ నియర్    సర్ క్యూ ట్ లో,    మి ర్ జా    200 1    ఏప్రి ల్లో    ఐ ",39,14
1129,టి,టి ,2,1
1130,ఎఫ్,ఎఫ్ ,3,1
1131,సర్క్యూట్లో 15 ఏళ్ల వయస్కురాలిగా తొలి ఆట ఆడి ప్రారంభిక ప్రాబల్యం అగపరచడం ప్రారంభించింది,సర్ క్యూ ట్లో    15    ఏళ్ల    వయస్ కు రాల ిగా    తొలి    ఆట    ఆ డి    ప్రారంభ ిక    ప్రా బల ్యం    అ గ పరచ డం    ప్రారంభ ించ ింది ,77,25
1132,"మొదట్లో, సిడబ్ల్యూసి రెండవ లీగ్ లో అగ్రస్థానంలో ఉన్న జట్టుని 2020-2023 ఐసిసి క్రికెట్ వరల్డ్ కప్ సూపర్ లీగ్ కి, రెండవ లీగ్ జట్టు 2023 క్రికెట్ వరల్డ్ కప్ క్వాలిఫైర్ లో, రెండు జట్లలో ఆధిక్యత సాధించితే దాన్ని13 వ స్థానంలోని జట్టుకి బదులు పంపించాలని ఉద్దేశించబడింది","మొద ట్ లో,    సి డబ్ల ్యూ సి    రెండవ    లీగ్    లో    అగ్ర స్థానంలో    ఉన్న    జట్టు ని    20 20 - 202 3    ఐ సి సి    క్రికెట్    వరల్డ్    కప్    సూపర్    లీగ్    కి,    రెండవ    లీగ్    జట్టు    202 3    క్రికెట్    వరల్డ్    కప్    క్ వాల ి ఫై ర్    లో,    రెండు    జ ట్ లలో    ఆధ ిక ్య త    సాధించ ితే    దా న్ని 13    వ    స్థాన ంలోని    జట్టు కి    బద ులు    పంప ించాలని    ఉద్దేశ ించబడ ింది ",227,68
1133,"ఆమె సాకేత్ మైనేనితో జతకట్టి చైనాకు చెందిన శియెన్ యిన్ పెంగ్, చాన్ హౌ-చింగ్ లను ఓడించి మిశ్రమ జోడు టోర్నమెంటులో స్వర్ణం గెలుగుచ్చుకున్నారు","ఆమె    సా కే త్    మై నే ని తో    జ త క ట్టి    చై నాకు    చెందిన    శ ియ ె న్    యి న్    పె ంగ్,    చా న్    హౌ - చ ింగ్    లను    ఓడ ించి    మి శ్రమ    జో డు    టోర్నమె ంట ులో    స్ వర్ ణం    గెలు గు చ్చు కున్న ారు ",120,47
1134,"సెమెన్య యొక్క దేశం ప్రపంచ క్రీడలలో ఆమె గౌరవం, ఆమె హక్కులు మరియు ఆమె స్థానాన్ని కాపాడటానికి ఆమె చుట్టూ కూడింది","సె మె న్య    యొక్క    దేశం    ప్రపంచ    క్రీడలలో    ఆమె    గౌరవ ం,    ఆమె    హక్క ులు    మరియు    ఆమె    స్థానాన్ని    కాపాడ టానికి    ఆమె    చుట్టూ    కూడ ింది ",94,22
1135,"2005లో ఐదు ఖండాలలోని సముద్ర జల మార్గాలగుండా, స్ట్రెయిట్ ఆఫ్ జిబ్రాల్టర్, ది టైరీనియన్ సీ, కుక్ స్ట్రెయిట్, గ్రీస్ లోని టోరోనియస్ గల్ఫ్ (గల్ఫ్ ఆఫ్ కసాండ్ర), కాలిఫోర్నియా తీరాన క్యాటలీనా ఛానెల్, మరియు దక్షిణాఫ్రికా, కేప్ టౌన్ సమీపాన త్రీ యాంకర్ బే నుండి రోబెన్ ఐలాండ్ వరకు ఈదిన మొదటి మహిళ అయ్యింది","200 5లో    ఐదు    ఖండ ాల లోని    సముద్ర    జ ల    మార్గ ాల గుండ ా,    స్ట్ర ె యి ట్    ఆఫ్    జి బ్ర ాల్ టర్ ,    ది    టై రీ నియ న్    సీ ,    కు క్    స్ట్ర ె యి ట్,    గ్రీ స్    లోని    టో రో నియ స్    గ ల్ ఫ్    ( గ ల్ ఫ్    ఆఫ్    క సా ండ్ర ),    కాల ి ఫోర్ నియా    తీ రా న    క్యా ట లీ నా    ఛా నె ల్,    మరియు    దక్షిణా ఫ్రిక ా,    కే ప్    ట ౌ న్    సమీ పా న    త్ర ీ    యా ంక ర్    బ ే    నుండి    రో బె న్    ఐ లాండ్    వరకు    ఈ ద ిన    మొదటి    మహి ళ    అయ్య ింది ",255,103
1136,సీనియర్ స్థాయిలో ఒక రాష్ట్ర జట్టుకి జాతీయ ఛాంపియన్షిప్లో అత్యధిక పతకాలు కలిగి ఉన్న జాతీయ రికార్డు ఆమె సొంతం,సీ నియర్    స్థాయిలో    ఒక    రాష్ట్ర    జట్టు కి    జాతీయ    ఛాంపియన్ షిప్ లో    అత్యధిక    పత కాలు    కలిగి    ఉన్న    జాతీయ    రికార్ డు    ఆమె    సొ ంత ం ,93,23
1137,"ఆమె 2006 లో ఒక కామన్‌వెల్త్‌ క్రీడలు మరియు 2010, 2014 లో వరుసగా రెండు ఆసియా క్రీడలలో జాతీయ జట్టుకి ప్రాతినిధ్యం వహించిన తొలి మహిళా బాస్కెట్ బాల్ క్రీడాకారిణి","ఆమె    200 6    లో    ఒక    కామ న్‌ వెల్ త్‌   క్రీడ లు    మరియు    201 0 ,    2014    లో    వరుసగా    రెండు    ఆసియా    క్రీడలలో    జాతీయ    జట్టు కి    ప్రాతినిధ ్యం    వహించిన    తొలి    మహిళా    బాస్కె ట్    బాల్    క్రీడాకార ి ణి ",135,35
1138,"మరోవైపు, లహిరి రెండు యురోపియన్ టూర్‌ విజయాలు మరియు ఏడు ఆసియన్ టూర్‌ విజయాలు కలిగి ఉన్నాడు","మరో వై పు,    ల హి రి    రెండు    యు రోప ియన్    టూ ర్‌    విజయ ాలు    మరియు    ఏడు    ఆస ియన్    టూ ర్‌    విజయ ాలు    కలిగి    ఉన్న ాడు ",77,25
1139,"ఆమె బూసాన్, దక్షిణ కొరియాలో 2002 ఆసియా క్రీడలలో రజత పతకం గెలిచి ప్రసిద్ధికెక్కింది","ఆమె    బూ సా న్,    దక్షిణ    కొ రియ ాలో    200 2    ఆసియా    క్రీడలలో    ర జ త    పత కం    గెలి చి    ప్రసిద్ధ ికె క్క ింది ",72,23
1140,"ఈ నాలుగు ఈవెంట్లను కలిపి, మేజర్స్ లేదా స్లామ్స్ అంటారు (ఈ పదం బేస్బాల్ కంటే కూడా బ్రిడ్జ్‌ నుండి అరువు తీసుకోబడినది)","ఈ    నాలుగు    ఈవె ంట్ లను    కలి ప ి,    మే జ ర్స్    లేదా    స్లా మ్స్    అ ంట ారు    ( ఈ    పదం    బే స్ బాల్    కంటే    కూడా    బ్రి డ్ జ్‌   నుండి    అరు వు    తీసుకో బడ ిన ది ) ",100,36
1141,"ఒలింపిక్ పతాకాన్ని మైదానం చుట్టూ ఎనిమిది మంది ఆస్ట్రేలియా మాజీ ఒలింపిక్ ఛాంపియన్లు మోసుకు తిరిగారు: బిల్ రాయ్క్రాఫ్ట్, ముర్రే రోజ్, లియాన్ టూత్, గిలియన్ రాల్టన్, మార్జోరీ జాక్సన్, లోరైన్ క్రాప్, మైకేల్ వెన్డెన్ మరియు నిక్ గ్రీన్","ఒలింపిక్    ప తా కాన్ని    మైదా నం    చుట్టూ    ఎనిమిది    మంది    ఆస్ట్రే లియా    మాజీ    ఒలింపిక్    ఛాంపియ న్లు    మో సు కు    తిరిగ ారు :    బి ల్    రాయ ్ క్రా ఫ్ ట్,    ము ర్ర ే    రోజ ్,    లియా న్    టూ త్,    గి లియన్    ర ాల్ ట న్,    మార్ జో రీ    జా క్ స న్,    లో రై న్    క్రా ప్ ,    మై కే ల్    వె న్ డె న్    మరియు    నిక్    గ్రీ న్ ",200,67
1142,"సిడ్నీ ఒపెరా హౌస్ పరిసరాల్లో జరిగిన ఈ క్రీడలలో స్విట్జర్లాండ్ కి ప్రాతినిధ్యం వహించిన బ్రిజిట్ మెక్మహాన్ ఈత కొట్టి, సైకిల్ తొక్కి, పరుగు తీసి ఇందులో రజతం గెలుచుకున్నఅభీష్ట మైకేల్ జోన్స్ వంటి స్థానిక క్రీడాకారులను ఓడించి స్వర్ణ పతకం గెలుచుకుంది","సి డ్ నీ    ఒ పె రా    హౌ స్    పరి సర ాల్లో    జరిగిన    ఈ    క్రీడలలో    స్వి ట్ జర్ లాండ్    కి    ప్రాతినిధ ్యం    వహించిన    బ్రి జి ట్    మె క్ మహా న్    ఈ త    కొట్ట ి,    సైకి ల్    తొ క్క ి,    పరు గు    తీ సి    ఇందులో    ర జ తం    గెలుచు కున్న అభ ీ ష్ట    మై కే ల్    జో న్స్    వంటి    స్థానిక    క్రీడాకార ులను    ఓడ ించి    స్ వర్ ణ    పత కం    గెలుచు కు ంది ",213,70
1143,మహిళల పోటీతో ట్రయాథ్లాన్ దాని ఒలింపిక్‌ ప్రవేశం చేసింది,మహిళల    పోటీ తో    ట్ర యా థ్ లా న్    దాని    ఒలింప ిక ్‌    ప్రవేశం    చేస ింది ,49,15
1144,"నిజం జీవితంలో ""కుట్టినారాయణన్"" అనే పేరు గల ఈ ఏనుగు ఏడేళ్ళ ప్రాయంలో విషజలతటాకములో అడుగు పెట్టి ఆ ప్రమాదంలో కాలు విరగకొట్టుకుంది","నిజ ం    జీవి తంలో    "" కు ట్ట ిన ార ాయ ణ న్ ""    అనే    పేరు    గల    ఈ    ఏను గు    ఏ డే ళ్ళ    ప్రాయ ంలో    విష జల త టా క ము లో    అడు గు    పెట్ట ి    ఆ    ప్రమాద ంలో    కాలు    వి ర గ కొ ట్టు కు ంది ",110,46
1145,"1875 లో ఈ నమూనాను, వింగ్ఫీల్డ్ రూపాంతరణాన్ని పోలిన గుర్తులతో, ప్రస్తుతం వాడుకలోనున్న ఆట స్థల రూపానికి సవరించారు, కానీ ఇసుక గడియారం ఆకారములోని అతని ఆట స్థలాన్ని దీర్ఘ చతురస్రానికి మార్చారు","18 7 5    లో    ఈ    నమూ నా ను,    వ ింగ్ ఫీల్డ్    రూపా ంత రణ ాన్ని    పో లిన    గుర్త ుల తో,    ప్రస్తుతం    వాడు క లో ను న్న    ఆట    స్థ ల    రూప ానికి    సవర ించారు,    కానీ    ఇసు క    గ డియ ార ం    ఆ కార ము లోని    అతని    ఆట    స్థ లాన్ని    దీర్ఘ   చతు ర స్ర ానికి    మార్ చార ు ",164,56
1146,స్వల్ప దూర పరుగుపోటీలో యునైటెడ్ స్టేట్స్ యొక్క ఆధిక్యతను యునైటెడ్ కింగ్డమ్ సుదీర్ఘ పరుగుపోటీలలో సరి చేసింది,స్వ ల్ప   దూ ర    ప రుగు పోటీ లో    యునైటెడ్    స్టే ట్స్    యొక్క    ఆధ ిక ్య తను    యునైటెడ్    క ింగ ్డ మ్    సుదీర్ఘ    ప రుగు పోటీ లలో    సరి    చేస ింది ,95,29
1147,"రెండో రౌండ్లో, ఆమె అన్నే కియోతవాంగ్‌ను ఓడించి క్వార్టర్‌ఫైనల్‌లోకి ప్రవేశించింది, అక్కడ ఆమె హ్సీహ్ సు-వీ చేతిలో ఓడిపోయింది","రెండో    రౌ ండ్ లో,    ఆమె    అన్న ే    క ియో త వా ంగ ్‌ను    ఓడ ించి    క్ వార్ ట ర్‌ ఫైన ల్‌ లోకి    ప్రవేశ ించింది,    అక్కడ    ఆమె    హ్ సీ హ ్    సు - వీ    చేతిలో    ఓడిపోయ ింది ",109,36
1148,"ఈ క్రీడను తమ కళాఖండాలలో వర్ణించిన ఇతర ఫ్రెంచి కళాకారులు ఆల్బర్ట్ గ్లెజ్' లె జువర్స్ ది ఫుట్బాల్ (1912), రాబర్ట్ డెలూనే ఫుట్బాల్","ఈ    క్రీడ ను    తమ    కళా ఖండ ాలలో    వర్ణ ించిన    ఇతర    ఫ్రె ంచి    కళాకార ులు    ఆల్ బర్ ట్    గ్ లె జ్ '    లె   జు వర్ స్    ది    ఫు ట్ బాల్    ( 19 12 ),    రా బర్ ట్    డె లూ నే    ఫు ట్ బాల్ ",110,42
1149,"లెకిప్ ది కార్డిఫ్ (1916), మరియు ఆండ్ర్ ల్హోట్ పార్టీ ది రగ్బీ (1917)","లె కి ప్    ది    కార్ డి ఫ్    ( 19 16 ),    మరియు    ఆ ండ్ర ్    ల్ హో ట్    పార్టీ    ది    ర గ్ బీ    ( 19 17 ) ",59,27
1150,ఈ వీధిలో ఉత్తర భారత ఆహారం ప్రత్యేకమైనప్పటికీ ఇతర భారతీయ వంటకాలు కూడా ఈ ప్రాంతంలో లభ్యమవుతాయి,ఈ    వీ ధిలో    ఉత్తర    భారత    ఆహార ం    ప్రత్యేక మైన ప్పటికీ    ఇతర    భారతీయ    వంట కాలు    కూడా    ఈ    ప్రాంతంలో    లభ ్య మవు త ాయి ,80,22
1151,"బాకూలోని సాంస్కృతిక వేదికలలలో కొన్ని ది అజర్బైజాన్ స్టేట్ ఫిలార్మోనిక్ హాల్, ది ది అజర్బైజాన్ స్టేట్ అకడెమిక్ ఒపెరా, మరియు బ్యాలె థియేటర్","బా కూ లోని    సాంస్కృతిక    వేదిక ల లలో    కొన్ని    ది    అ జర్ బై జాన్    స్టేట్    ఫి ల ార్ మో నిక్    హ ాల్,    ది    ది    అ జర్ బై జాన్    స్టేట్    అక డె మ ిక్    ఒ పె రా ,    మరియు    బ్య ాల ె    థియే టర్ ",120,42
1152,"వనువాతు మరియు ది సోలోమన్ ఐలాండ్స్ కూడా సహజ ఆకర్షణలకు ఏమాత్రం తగ్గవు; అయినా, ఈ రెండు దేశాలకు పర్యాటకులు తక్కువగా వస్తున్నందున, ఆ ప్రాంతాల ప్రధానాకర్షణలు అంతగా ప్రసిద్ధి పొందలేదు","వ ను వా తు    మరియు    ది    సో లో మన్    ఐ లా ండ్ స్    కూడా    సహజ    ఆకర్ష ణ లకు    ఏ మాత్ర ం    తగ్గ వు ;    అయ ినా,    ఈ    రెండు    దేశ ాలకు    పర్యాట కులు    తక్కువగా    వ స్తున్న ందున,    ఆ    ప్రాంతాల    ప్రధా నా కర్ ష ణలు    అంత గా    ప్రసిద్ధి    పొంద లేద ు ",154,49
1153,"2016 సెప్టెంబర్ నాటికి, షెన్‌జెన్, హాంగ్ కాంగ్‌ల మధ్య గల సరిహద్దు మీద దాటడానికి వీలు కల్పించే తొమ్మిది నిర్దిష్ట ప్రదేశాలు ఉన్నాయి, వాటిలో ఆరు భూ అనుసంధానాలు","2016    సెప్టెంబర్    నాటికి,    షె న్‌ జె న్,    హా ంగ్    కా ంగ ్‌ ల    మధ్య    గల    సరిహద్దు    మీద    దాట డానికి    వీలు    కల్ప ించే    తొమ్మి ది    నిర్దిష్ట    ప్రదేశ ాలు    ఉన్నాయి,    వాటిలో    ఆరు    భ ూ    అనుసం ధా నాలు ",137,35
1154,"బంగ్లాదేశీ గ్రామాలు, సహజ పదార్ధాలు అయిన మట్టి, ఎండుగడ్డి, కలప, మరియు వెదురుతో తయారైన పూరికప్పుగల ఇళ్ళు కలిగి ఉంటాయి","బంగ్లాదేశ ీ    గ్రామ ాలు,    సహజ    పద ార్ ధ ాలు    అయిన    మ ట్టి,    ఎ ండ ుగ డ్డ ి,    కల ప ,    మరియు    వె దు రు తో    తయార ైన    పూ రిక ప్పు గల    ఇ ళ్ళు    కలిగి    ఉంట ాయి ",101,36
1155,"ఆఫ్రికాలోని ఈ భాగంలోనే మీరు సర్వోత్కృష్టమైన సవానా పచ్చికబయళ్ళ సఫారీని అనుభూతి పొందవచ్చు, ఒక ల్యాండ్ రోవర్ లో సాహస ప్రయాణం చేస్తూ ఈ బయళ్ళగుండా సింహాలు, చిరుతలు మరియు ఏనుగులను కనుగొనవచ్చు","ఆ ఫ్రిక ా లోని    ఈ    భాగ ంలోనే    మీరు    సర్ వో త్ కృ ష్ట మైన    స వా నా    పచ్చ ిక బయ ళ్ళ    స ఫార ీని    అను భూ తి    పొంద వచ్చు,    ఒక    ల్యా ండ్    రో వర్    లో    సాహ స    ప్రయా ణం    చేస్తూ    ఈ    బయ ళ్ళ గుండా    సింహ ాలు,    చిరు తలు    మరియు    ఏను గ ులను    కనుగొన వచ్చు ",162,54
1156,1929లో రెజినాల్డ్ యినేజ్ పోకక్ దీనిని పాన్థ్యరా ప్రజాతి క్రిందికి చేర్చారు,192 9లో    రె జ ిన ాల్ డ్    యి నే జ్    పో క క్    దీనిని    పా న్ థ ్య రా    ప్రజా తి    క్ర ింద ికి    చేర్చ ారు ,66,26
1157,"బలిపారా నుండి, మరొక 15 కి","బ లి పార ా    నుండి,    మరొక    15    కి ",21,8
1158,మి,మి ,2,1
1159,లు ఉంటుంది- మీరు ఇటానగర్ - బోండిలా బస్ ఎక్కితే సుమారు ఉ,లు    ఉంటు ంది -    మీరు    ఇ టా నగర్    -    బో ండి లా    బ స్    ఎక్క ితే    సుమారు    ఉ,46,18
1160,11 గం,11    గ ం ,4,3
1161,"కు బలిపారా దాటుకుంటూ మిమ్మల్ని నమెరి బస్ స్టాప్ వద్ద దించుతుంది (మీకు అక్కడ ""భలుక్పోంగ్ 22 కి","కు    బ లి పార ా    దా టు కుంట ూ    మిమ్మల్ని    న మె రి    బ స్    స్టా ప్    వద్ద    ద ించు తుంది    ( మీకు    అక్కడ    "" భ లు క్ పో ంగ్    2 2    కి ",80,33
1162,మి,మి ,2,1
1163,""" అనే మైలురాయి కనపడుతుంది) లేదా అనేక షేరింగ్ ట్యాక్సీలలో ఒకదాన్ని నమెరి బస్ స్టాప్ వద్ద దించడానికి బేరమాడుకోవచ్చు","""    అనే    మై లు ర ాయి    కన పడు తు ంది )    లేదా    అనేక    షే రింగ్    ట్యా క్ సీ లలో    ఒక దాన్ని    న మె రి    బ స్    స్టా ప్    వద్ద    ద ించడానికి    బే ర మా డు కో వచ్చు ",99,37
1164,గోవాలో గల రెండు ప్రపంచ వారసత్వ ప్రదేశాలు: బొమ్ జీసస్ బసిలిక మరియు ఓల్డ్ గోవాలోని చర్చీలు మరియు సన్యాసినుల మఠాలు,గో వాలో    గల    రెండు    ప్రపంచ    వారసత్వ    ప్రదేశ ాలు :    బొ మ్    జీ స స్    బ సి లిక    మరియు    ఓ ల్డ్    గో వా లోని    చర్చ ీలు    మరియు    సన్యా సిన ుల    మ ఠ ాలు ,96,32
1165,"మిదాన్ తాహ్రిర్ లోని గణ్యమైన ఈజిప్షియన్ సంగ్రహాలయానికి బదులుగా మరింత పెద్ద ప్రదర్శన, భాండారం మరియు కార్యాలయ ప్రదేశాలతో ది గ్రాండ్ ఈజిప్షియన్ మ్యూజియం ఎన్నాళ్లగానో వేచి చూస్తున్నప్రాథమిక పునఃస్థాపనం","మి దా న్    తా హ్ర ి ర్    లోని    గణ ్య మైన    ఈ జి ప్ ష ియన్    సం గ్రహ ాలయ ానికి    బదులుగా    మరింత    పెద్ద    ప్రదర్శ న,    భా ండ ార ం    మరియు    కార్య ాలయ    ప్రదేశ ాలతో    ది    గ్రా ండ్    ఈ జి ప్ ష ియన్    మ్యూ జియ ం    ఎన్న ా ళ్ల గా నో    వే చి    చూ స్తున్న ప్రాథమిక    పున ః స్థాప నం ",176,59
1166,"గ్వాలియర్ దేశంలోని ఒక ముఖ్యమైన చారిత్రాత్మక పర్యాటక ప్రాంతం; అందువల్ల, పర్యాటక రంగం కూడా నగర ఆర్థిక వ్యవస్థమీద ప్రభావం చూపుతుంది","గ్ వాల ియర్    దేశంలోని    ఒక    ముఖ్యమైన    చారిత ్రా త్మక    పర్యాటక    ప్రాంత ం ;    అందు వల్ల,    పర్యాటక    రంగ ం    కూడా    నగర    ఆర్థిక    వ్యవస్థ మీద    ప్రభావం    చూపు తుంది ",113,26
1167,తరువాత ఈ భూశిరమును ఈ బాహ్య సైనిక స్థావర ఉపస్థితి గౌరవార్థం కేప్ ఆఫ్ గుడ్ హోప్ అని పేరు మార్చడం జరిగింది,తరువాత    ఈ    భూ శి ర ము ను    ఈ    బా హ ్య    సైనిక    స్థావర   ఉప స్థిత ి    గౌర వార్ థ ం    కే ప్    ఆఫ్    గు డ్    హో ప్    అని    పేరు    మార్చ డం    జరిగ ింది ,87,33
1168,"1999 లో సుమారు 1 లక్ష 60 వేల మంది పర్యాటకులు క్యూబా సందర్శించారని, తద్వారా $1","199 9    లో    సుమారు    1    లక్ష   60    వే ల    మంది    పర్యాట కులు    క్యూ బా    సందర్శ ించ ార ని,    తద్వారా    $ 1 ",65,21
1169,9 బిలియన్ స్థూల ఆదాయం లభించిందని క్యూబా అధికారుల అంచనా,9    బి లియన్    స్థూ ల    ఆదాయం    లభ ించ ిందని    క్యూ బా    అధికార ుల    అంచనా ,47,14
1170,"ఈ ప్రాంత వంటకాలలో గణనీయంగా అరబ్, సిరియా, పోర్చుగీస్, డచ్, యూదు, మరియు మధ్యప్రాచ్య ప్రభావాలు ఉంటాయి","ఈ    ప్రాంత   వంట కాల లో    గణనీయంగా    అర బ్,    సి రియ ా,    పోర్చుగీ స్,    డ చ ్,    యూ దు,    మరియు    మధ్య ప్రా చ ్య    ప్రభావ ాలు    ఉంట ాయి ",86,27
1171,"మహారాష్ట్రలోని లోనావలా ఒక పర్వతప్రాంత పట్టణం, ఇక ఇక్కడి వేడి మసాలా తేనీరు లేదా వడాపావ్ (బంగాళా దుంపల ముద్దని శనగపిండిలో ముంచి వేయించి మధ్యలో పూరకంగా పెట్టే శాఖాహార భారతీయ బర్గర్)ని అసలు వదులుకోలేరు","మహారాష్ట్ర లోని    లో నా వ లా    ఒక    పర్వత ప్రాంత   పట్టణ ం,    ఇ క    ఇక్క డి    వే డి    మ స ాలా    తే నీరు    లేదా    వ డా పా వ్    ( బంగాళ ా    దు ంప ల    ము ద్ద ని    శ నగ పిం డి లో    ము ంచి    వేయ ించి    మధ్యలో    పూ ర కంగా    పెట్ట ే    శా ఖా హార   భారతీయ    బర్ గర్ ) ని    అసలు    వద ులు కో లే రు ",172,65
1172,"మాదంగ్ అన్ని స్థాయిల స్కూబా డైవింగ్ కి అనువైనది, అలాగే ఈ పగడపు దిబ్బలు అరుదైన రంగురంగుల మత్స్యజాతులకు నెలవు","మా ద ంగ్    అన్ని    స్థాయి ల    స్కూ బా    డై వ ింగ్    కి    అను వై నది,    అలాగే    ఈ    ప గడ పు    ది బ్బ లు    అరు దైన    రం గు రంగ ుల    మ త్ స్య జాత ులకు    నెల వు ",93,36
1173,"చివరిగా, ఉష్ణమండల ఆసియాలో, తూర్పు ఆసియాలో కొంత భాగంలో మరియు దక్షిణ, ఆగ్నేయాసియా లో దాదాపు చాలా వరకు, సాగుబడి లేదా నగరీకరణ జరగక, అలాగే మాల్దీవులు వంటి ఏకాంత స్వర్గ ద్వీపాల నుండి థాయిలాండ్ లోని కొన్ని ప్రపంచ ప్రసిద్ది పొందిన సముద్రతీర ఉల్లాస ప్రదేశాల వరకు వేలాది సముద్రతీర ప్రాంతాలలో వివిధ రకాల ఉష్ణమండల వనాలు వ్యాపించి ఉన్నాయి","చి వరి గా,    ఉష్ణమండల    ఆస ియా లో,    తూర్పు    ఆస ియాలో    కొంత    భాగంలో    మరియు    దక్షి ణ,    ఆగ్నే యా స ియా    లో    దాదాపు    చాలా    వరకు,    సాగు బడి    లేదా    నగ రీ కరణ    జరగ క,    అలాగే    మాల్ దీ వులు    వంటి    ఏ కా ంత    స్ వర్గ   ద్వీప ాల    నుండి    థ ాయి లాండ్    లోని    కొన్ని    ప్రపంచ    ప్ర సి ద్ది    పొందిన    సముద్ర తీ ర    ఉ ల్లా స    ప్రదేశ ాల    వరకు    వే లాది    సముద్ర తీ ర    ప్రాంతాలలో    వివిధ    రకాల    ఉష్ణమండల    వన ాలు    వ్యాప ించి    ఉన్న ాయి ",282,78
1174,"ఈ ఖండంలోని సుదూర తూర్పు భాగాలలో పర్వతాలలో అనేకం అగ్ని పర్వతాలు, అలాగే ఇండొనేషియా మరియు కంచాత్కా అగ్నిపర్వత పర్యాటనకు నిజంగా గొప్ప గమ్యస్థానాలు","ఈ    ఖండ ంలోని    సు దూ ర    తూర్పు    భాగ ాలలో    పర్వత ాలలో    అనే కం    అగ్ ని    పర్వత ాలు,    అలాగే    ఇండ ొ నేష ియా    మరియు    క ంచ ా త్ కా    అగ్ ని పర్వత    పర్యాట నకు    నిజంగా    గొప్ప    గమ ్య స్థాన ాలు ",125,39
1175,మేఘాలయ వంటకాలు విలక్షణమైనవి మరియు ఇతర ఈశాన్య భారత రాష్ట్రాలకు భిన్నమైనవి,మేఘ ాలయ    వంట కాలు    వి లక్షణ మైన వి    మరియు    ఇతర    ఈశాన్య    భారత    రాష్ట్ర ాలకు    భిన్న మైన వి ,64,17
1176,"బుకర్ పురస్కార విజేతలు సల్మాన్ రష్దీ మరియు అరవింద్ ఆడిగ, ఈ నగరానికి గల ఘన సాహితీ సాంప్రదాయాలను అంతర్జాతీయంగా ప్రముఖంగా పేర్కొన్నారు","బు కర్    పురస్కార   విజే తలు    సల్ మాన్    ర ష్ దీ    మరియు    అర వింద ్    ఆ డిగ ,    ఈ    నగరానికి    గల    ఘ న    సాహిత ీ    సాంప్రదాయ ాలను    అంతర్ జాతీయ ంగా    ప్రముఖ ంగా    పేర్కొ న్న ారు ",115,34
1177,ఆంగ్‌కార్ ఆర్కియలాజికల్ పార్క్ లోకి ప్రవేశానికి కంబోడియా వాసులు కాని సందర్శకులు ఆంగ్‌కార్ పాస్ కొనవలసి ఉంటుంది,ఆ ంగ ్‌ కార ్    ఆర్ క ియ లా జిక ల్    పార్క్    లోకి    ప్రవేశ ానికి    క ంబ ో డియా    వా సులు    కాని    సందర్శ కులు    ఆ ంగ ్‌ కార ్    పా స్    కొన వలసి    ఉంటుంది ,98,34
1178,"ఫ్లోరిడాలోని ఓర్లాండోలో మరియు చుట్టుపక్కల అనేక ఇతర ఆకర్షణల మధ్య ఉన్నా కూడా, మౌస్ హౌస్ లక్షల కొద్దీ పర్యాటకులను సంవత్సరానికి ఒకసారి ఈ ప్రాంతానికి ఆకర్షించే దీపస్తంభం వలె గర్వంగా నిలుస్తుంది","ఫ్లో రి డా లోని    ఓ ర్ లాండ ో లో    మరియు    చుట్టు పక్క ల    అనేక    ఇతర    ఆకర్ష ణ ల    మధ్య    ఉన్న ా    కూడ ా,    మౌ స్    హౌ స్    లక్షల    కొద్ద ీ    పర్యాట కులను    సంవత్స రానికి    ఒకసారి    ఈ    ప్రాంతానికి    ఆకర్ష ించే    దీ ప స్త ంభ ం    వల ె    గర్ వ ంగా    నిలు స్తుంది ",165,51
1179,"శాన్ ఫ్రాన్సిస్కో బే ఫెర్రీ, ఫెర్రీ బిల్డింగ్ మరియు పియర్ 39 నుండి ఓక్లాండ్, అలమెడ, బే ఫామ్ ఐలాండ్, సౌత్ శాన్ ఫ్రాన్సిస్కోలోని స్థానాల వరకు, ఉత్తరాన సోలానో కౌంటీలోని వల్లేజో వరకు నడుపుతుంది","శా న్    ఫ్రా న్సి స్ కో    బ ే    ఫె ర్ర ీ,    ఫె ర్ర ీ    బి ల్ డ ింగ్    మరియు    ప ియర్    3 9    నుండి    ఓ క్ లాండ ్,    అల మె డ ,    బ ే    ఫా మ్    ఐ లాండ ్,    సౌ త్    శా న్    ఫ్రా న్సి స్కో లోని    స్థాన ాల    వరకు,    ఉత్తరాన    సో లా నో    కౌంట ీ లోని    వ ల్ లే జో    వరకు    నడు పు తుంది ",164,65
1180,ఎలో లైన్ పైనున్న అత్యంత సమీప ఢిల్లీ మెట్రో స్టేషన్ అర్జన్ గఢ్,ఎ లో    లైన్    పై ను న్న    అత్యంత    సమీప   ఢిల్లీ    మెట్ర ో    స్టేషన్    అర్ జ న్    గఢ్ ,52,16
1181,"చిరపుంజీకి స్థానిక ట్యాక్సీలు కూడా ప్రయాణిస్తాయి, వాళ్ళు మీకు షిల్లాంగ్ నుండి చిరపుంజీ వరకు మార్గమధ్యంలో కొన్ని వీక్షణా స్థలాలు మరియు ప్రదేశాల వద్ద (ఎలిఫెంట్ ఫాల్స్, మౌదోక్ దింపేప్ వ్యాలీ వ్యూ, మొ","చి ర పు ం జీ కి    స్థానిక    ట్యా క్ సీ లు    కూడా    ప్రయా ణి స్తాయి,    వా ళ్ళు    మీకు    షి ల్లా ంగ్    నుండి    చి ర పు ం జీ    వరకు    మార్గ మధ్య ంలో    కొన్ని    వీ క్ష ణా    స్థల ాలు    మరియు    ప్రదేశ ాల    వద్ద    ( ఎ లి ఫె ంట్    ఫ ాల్ స్,    మౌ దో క్    ద ిం పే ప్    వ్య ాల ీ    వ్య ూ,    మొ",172,62
1182,"వి), అలాగే చిరపుంజీలోని సందర్శనా స్థలాల (మాస్మై కేవ్, చిరపుంజీ ఈకో పార్క్, నోహస్గిథియాంగ్ ఫాల్స్, లేదా ది సెవెన్ సిస్టర్ ఫాల్స్) వద్ద ఆగేందుకు కూడా వీలు కల్పిస్తారు","వి ),    అలాగే    చి ర పు ం జీ లోని    సందర్శ నా    స్థల ాల    ( మా స్ మై    కే వ ్,    చి ర పు ం జీ    ఈ కో    పార్ క్,    నో హ స్ గి థ ియా ంగ్    ఫ ాల్ స్,    లేదా    ది    సె వె న్    సి స్టర్    ఫ ాల్ స్ )    వద్ద    ఆ గే ందుకు    కూడా    వీలు    కల్ పి స్త ారు ",143,60
1183,"జాతీయ పార్కుకు వచ్చే సందర్శకులకు అనేక ఎంపికలు ఉంటాయి, సుదూరపు నార్త్ రిమ్‌; మరింత అందుబాటులో (కావున ఎక్కువ రద్దీగా ఉండే) సౌత్ రిమ్; ఫాంటమ్ రాంచ్ లేదా అనేక పడవలు నడిచే కొలరాడో నది వంటి లోయలోని భాగాలతో సహా","జాతీయ    పార్ కు కు    వచ్చే    సందర్శ కులకు    అనేక    ఎంపిక లు    ఉంటాయి,    సు దూర పు    నార్ త్    రి మ్‌ ;    మరింత    అందుబాటులో    ( కా వు న    ఎక్కువ    ర ద్దీ గా    ఉండే )    సౌ త్    రి మ్ ;    ఫా ంట మ్    రా ంచ్    లేదా    అనేక    పడవ లు    నడి చే    కొ ల రా డ ో    నది    వంటి    లోయ లోని    భాగ ాలతో    సహా ",174,59
1184,గ్రాండ్ కాన్యన్ ఉత్తర అరిజోనాలో ఉంది మరియు ఇది యునైటెడ్ స్టేట్స్‌లోని అతి గొప్ప పర్యాటక ఆకర్షణలలో ఒకటి అవటమే కాక ప్రపంచంలోని ఏడు సహజ వింతలలో ఒకటి,గ్రా ండ్    కా న్య న్    ఉత్తర    అ రి జో నాలో    ఉంది    మరియు    ఇది    యునైటెడ్    స్టేట్స్‌ లోని    అతి    గొప్ప    పర్యాటక    ఆకర్ష ణ లలో    ఒకటి    అవ ట మే    కా క    ప్రపంచంలోని    ఏడు    సహజ    విం త లలో    ఒకటి ,125,35
1185,"జాతుల మధ్య సంకర్షణని ప్రోత్సహించి, రాష్ట్ర సాంస్కృతిక వారసత్వానికి ప్రజాదరణను పెంచడానికి నాగాలాండ్ ప్రభుత్వం 2000 డిసెంబర్ లో ది హార్న్ బిల్ ఫెస్టివల్ ను ప్రారంభించింది","జాత ుల    మధ్య    సం కర్ ష ణ ని    ప్రోత్సహ ించి,    రాష్ట్ర    సాంస్కృతిక    వారస త్వానికి    ప్రజా ద రణ ను    పెంచ డానికి    నాగాలా ండ్    ప్రభుత్వం    2000    డిసెంబర్    లో    ది    హార్ న్    బి ల్    ఫె స్టి వ ల్    ను    ప్రారంభ ించ ింది ",149,39
1186,"చర్చ్ స్ట్రీట్ లో స్థానీకులు ""జూస్ కడాయి"" గా కూడా పిలుచుకునే ది సెవెన్ ఇలెవెన్ రసాల దుకాణం, కాలక్షేపానికి ఒక మంచి చోటు","చర్చ ్    స్ట్ర ీ ట్    లో    స్థా నీ కులు    "" జూ స్    కడ ాయి ""    గా    కూడా    పిలు చు కునే    ది    సె వె న్    ఇ లె వె న్    ర స ాల    దుకాణ ం,    కాల క్షే ప ానికి    ఒక    మంచి    చో టు ",101,41
1187,"అండమాన్‌లలో డైవింగ్ కి ఉత్తమ ప్రదేశాలు సుదూర ప్రాంతాలలో ఉంటాయి, ప్రైవేటు చార్టర్ నావలు లేకుండా వాటిని చేరుకోవడం సాధ్యం కాదు","అండ మా న్‌ లలో    డై వ ింగ్    కి    ఉత్తమ    ప్రదేశ ాలు    సు దూ ర    ప్రాంతాలలో    ఉంటాయి,    ప్రైవే టు    చార్ టర్    నా వ లు    లేకుండా    వాటిని    చేరు కోవడం    సాధ ్యం    కా దు ",108,31
1188,"వాల్ట్ డిస్నీ వరల్డ్‌లోని ప్రధాన ఆకర్షణలు ది మేజిక్ కింగ్డమ్, ఎప్కాట్, డిస్నీ'స్ హాలీవుడ్ స్టూడియోస్, డిస్నీ'స్ ఆనిమల్ కింగ్డమ్ అనే నాలుగు అంశాలు గల పార్కులు","వ ాల్ ట్    డి స్ నీ    వర ల్ డ్‌ లోని    ప్రధాన    ఆకర్ష ణలు    ది    మే జ ిక్    క ింగ ్డ మ్,    ఎ ప్ కా ట్,    డి స్ నీ ' స్    హ ాల ీవుడ్    స్ట ూడ ియో స్,    డి స్ నీ ' స్    ఆ ని మ ల్    క ింగ ్డ మ్    అనే    నాలుగు    అంశ ాలు    గల    పార్ కులు ",138,57
1189,మౌలిక పదార్థాలు ఒకటే అయినప్పటికీ ఇక్కడి వంటకాలు ప్రధానంగా రెండు వేర్వేరు ఉపప్రాంతాలైన గడ్వాల్ మరియు కుమావ్ కి చెందిన ఆహారానివే,మౌ లిక    పదార్థ ాలు    ఒకట ే    అయినప్పటికీ    ఇక్క డి    వంట కాలు    ప్రధానంగా    రెండు    వేర్వేరు    ఉప ప్రాంత ాల ైన    గడ ్వ ాల్    మరియు    కు మా వ్    కి    చెందిన    ఆహార ాని వే ,111,30
1190,"32 కిమీ పొడవైన, ఒక సన్నటి వెలుపలి పాయ ఈ సరస్సును మోత్తో గ్రామ సమీపంలో బంగాళాఖాతానికి కలుపుతుంది","3 2    కిమీ    పొడ వై న,    ఒక    స న్న టి    వెలుప లి    పాయ   ఈ    సరస్ సును    మో త్త ో    గ్రా మ    సమీపంలో    బంగాళా ఖాత ానికి    కలు పు తుంది ",82,28
1191,"భూటాన్ విద్యా వ్యవస్థలో, బోధనా మాధ్యమం ఆంగ్లం కాగా జోంగ్కా ను జాతీయ భాషగా బోధించడం జరుగుతుంది","భూ టా న్    విద్య ా    వ్యవస్థ లో,    బోధ నా    మాధ్య మం    ఆంగ్ లం    కా గా    జో ంగ్ కా    ను    జాతీయ    భాష గా    బోధ ించడం    జరుగు తుంది ",81,26
1192,"ఈ సంగ్రహాలయంలో ఆశియా కళకు అంకితం చేయబడిన ప్రధాన ప్రదర్శనశాల గ్యాలరీ 33 , ఇది చైనా, భారత ఉపఖండం, మరియు ఆగ్నేయాసియా వస్తువులను సమగ్రంగా ప్రదర్శిస్తుంది","ఈ    సం గ్రహ ాలయ ంలో    ఆశ ియా    కళ కు    అంకితం    చేయబడిన    ప్రధాన    ప్రదర్శ న శ ాల    గ ్య ాల రీ    3 3    ,    ఇది    చై నా,    భారత    ఉపఖండ ం,    మరియు    ఆగ్నే యా స ియా    వస్తువులను    సమ గ్ర ంగా    ప్రదర్శ ి స్తుంది ",130,41
1193,"గుర్తించబడిన అరుదైన, ప్రమాదంలో ఉన్న జంతు జాతులు ఏవంటే ఆకుపచ్చ సముద్ర తాబేలు , దుగాంగ్, ఇరావడీ డాల్ఫిన్, క్రిష్ణ జింక, స్పూన్ బిల్డ్ శాండ్‌పైపర్ , చిలికా లింబ్లెస్ స్కింక్ , మరియు ఫిషింగ్ క్యాట్","గుర్త ించబడిన    అరు దై న,    ప్రమాద ంలో    ఉన్న    జంత ు    జా తులు    ఏ వ ంటే    ఆ కు పచ్చ   సముద్ర    తా బే లు    ,    దు గా ంగ్,    ఇరా వడ ీ    డ ాల్ ఫి న్,    క్రి ష్ ణ    జ ిం క,    స్ పూ న్    బి ల్డ్    శా ండ్‌ పై పర్    ,    చి లిక ా    లిం బ్ లె స్    స్ క ిం క్    ,    మరియు    ఫి ష ింగ్    క్యా ట్ ",167,67
1194,"ఈ రాష్ట్రంలోని తీరప్రాంత జిల్లాలలో ఋషికొండ, మైపాడు, సూర్యలంక మొదలైనటువంటి అనేక బీచ్‌లు ఉన్నాయి; బొర్రా గుహలు, భారతీయ నిర్మాణశైలిని చిత్రీకరిస్తూ రాతిని చెక్కి నిర్మించబడిన ఉండవల్లి గుహలు, దేశంలో రెండవ అత్యంత పొడవాటి గుహలైన బెలూం గుహలు వంటి గుహలు ఉన్నాయి","ఈ    రాష్ట్ర ంలోని    తీర ప్రాంత   జిల్ల ాలలో    ఋ ష ికొ ండ ,    మై ప ాడు,    సూ ర్య లం క    మొద లైన టువంటి    అనేక    బీ చ్‌ లు    ఉన్న ాయి ;    బొ ర్ర ా    గుహ లు,    భారతీయ    నిర్మాణ శైలి ని    చిత్ర ీకరి స్తూ    రా తిని    చె క్కి    నిర్మ ించబడిన    ఉండ వల్ల ి    గుహ లు,    దేశంలో    రెండవ    అత్యంత    పొడ వాటి    గుహ లైన    బె లూ ం    గుహలు    వంటి    గుహలు    ఉన్న ాయి ",223,67
1195,"గరుడ ఇండోనేషియా ప్రతీవారం బహిరంగ చార్టర్ విమానాలను జకార్తా నుండి/వరకు నడుపుతుంది, వీటికి టికెట్ల అమ్మకం క్రిస్మస్ ఐలాండ్ ట్రావెల్ ఎక్స్ఛేంజి ద్వారా జరుగుతాయి","గ రు డ    ఇండో నేష ియా    ప్రతీ వారం    బహి రంగ    చార్ టర్    విమాన ాలను    జ కార్ తా    ను ండి / వరకు    నడు పు తుంది,    వీ టికి    టిక ె ట్ల    అమ్మ కం    క్రి స్మ స్    ఐ లాండ్    ట్రా వె ల్    ఎక్ స్ ఛ ే ంజ ి    ద్వారా    జరుగు త ాయి ",140,49
1196,"2020 డిసెంబర్ నాటికి, భారతదేశంలో 119,776 చ కిమీ (46,246 చమై) మేర విస్తరించిన 553 వన్యప్రాణుల అభయారణ్యాలు స్థాపించబడి ఉన్నాయి","2020    డిసెంబర్    నాటికి,    భారతదేశంలో    1 19 , 7 7 6    చ   కిమీ    ( 4 6 , 24 6    చ మై )    మే ర    విస్త రించిన    5 5 3    వన్యప్రాణ ుల    అభయారణ్య ాలు    స్థాప ించబడి    ఉన్న ాయి ",109,36
1197,"పక్కన తమిళనాడు కన్నా కరైకల్లో మద్యం చవుక, కరైకల్ లో మంచి మదిరశాలలు చాలా ఉన్నాయి- నందా హోటల్ లోని నయాగరా బార్- ప్యారిస్ ఇంటర్నేషనల్ లోని థండర్ బార్- నగరంలోనే ప్రసిద్ధిగాంచిన సిటీ బార్- పాండిచ్చెరీ ప్రభుత్వ ఆధ్వర్యంలోని ది సీగల్స్ రెస్టారెంట్ సముద్రతీరాన ఉండి సాయంత్రవేళల కళాక్షేపానికి మంచిగా ఉంటుంది","పక్క న    తమిళనాడు    కన్న ా    కర ై కల్ లో    మద ్యం    చ వు క,    కర ై క ల్    లో    మంచి    మ ది ర శాల లు    చాలా    ఉన్న ాయి -    నంద ా    హో టల్    లోని    న యా గ రా    బార్ -    ప్య ార ి స్    ఇంటర్నేషనల్    లోని    థ ండర్    బార్ -    నగర ంలోనే    ప్రసిద్ధ ి గా ంచ ిన    సి టీ    బార్ -    పాండ ి చ్చ ె రీ    ప్రభుత్వ    ఆధ్వర్ య ంలోని    ది    సీ గ ల్స్    రె స్ట ారె ంట్    సముద్ర తీ రా న    ఉండి    సాయ ంత్ర వే ళ ల    కళా క్షే ప ానికి    మంచ ిగా    ఉంటుంది ",261,95
1198,"అమ్మా, రేపు సినిమాకి వెళ్దాం","అ మ్ మా ,    రే పు    సినిమా కి    వెళ్ దా ం ",25,11
1199,నేను స్కూల్ వెళ్లనవసరం లేదు,నేను    స్కూ ల్    వెళ్ల నవ సర ం    లేద ు ,24,9
1200,రేపు సెలవు,రే పు    సెల వు ,9,4
1201,"ఓహో, రేపు ఏప్రిల్ 14 కదూ","ఓ హో ,    రే పు    ఏప్రిల్    14    కద ూ ",20,9
1202,మీ నాన్నకి కూడా ఆఫీసు ఉండదు,మీ    నా న్న కి    కూడా    ఆ ఫీ సు    ఉండ దు ,23,10
1203,మనం సినిమా ప్లాన్ వేసుకోవచ్చు,మ నం    సినిమా    ప్లా న్    వే సుకో వచ్చు ,26,8
1204,ఇది బావుంది,ఇది    బా వు ంది ,10,4
1205,అయినా రేపు ఎందుకు సెలవు,అయిన ా    రే పు    ఎ ందుకు    సెల వు ,20,8
1206,"రేపు స్కూళ్ళు, కాలేజీలు, ఆఫీసులు అన్నీ మూసి ఉంటాయా","రే పు    స్కూ ళ్ళ ు,    కాలే జీ లు,    ఆ ఫీ సులు    అన్న ీ    మూ సి    ఉంట ాయ ా ",44,18
1207,రేపు అంబేద్కర్ జయంతి,రే పు    అంబ ే ద్ కర్    జయ ంతి ,18,8
1208,ప్రతీ ఏడాదీ ఈ రోజున డా బీర్ అంబేద్కర్ జయంతిని జరుపుకోవడం జరుగుతుంది,ప్ర తీ    ఏడా దీ    ఈ    రోజున    డా    బీ ర్    అంబ ే ద్ కర్    జయ ంత ిని    జరుపు కోవడం    జరుగు తుంది ,58,20
1209,ఆయన గురించి విన్నావా,ఆయన    గురించి    వి న్నా వా ,18,5
1210,"ఆయన్ని నా హిస్టరీ, సివిక్స్ పుస్తకంలో చూశాననుకుంటా","ఆయ న్ని    నా    హి స్ట రీ ,    సి వ ిక్స్    పుస్త క ంలో    చూ శా న ను కుంట ా ",45,19
1211,ఆయన మన రాజ్యాంగానికి సంబంధించిన వారా,ఆయన    మ న    రాజ్యా ంగ ానికి    సంబంధించిన    వార ా ,32,9
1212,అక్షరాలా,అక్ష రాల ా ,8,3
1213,ఆయనను భారత రాజ్యాంగ నిర్మాతగా కూడా పిలుస్తారు,ఆయనను    భారత    రాజ్యా ంగ    నిర్మా తగా    కూడా    పిలు స్త ారు ,40,10
1214,రాజ్యాంగ నిర్మాణంలో పెద్ద పాత్ర పోషించిన ఆయన పౌర హక్కుల ఉద్యమకారుడిగా ఉండేవారు,రాజ్యా ంగ    నిర్మాణ ంలో    పెద్ద    పాత్ర    పోష ించిన    ఆయన    పౌర    హక్క ుల    ఉద్య మ కార ుడిగా    ఉండే వారు ,69,18
1215,భారత్ గర్వపడే శక్తివంతమైన ప్రజాస్వామిక వ్యవస్థను మలచడంలో ఆయన కీలక పాత్ర పోషించారు,భారత్    గర్ వ పడ ే    శక్తివంతమైన    ప్రజా స్వా మిక    వ్యవస్థను    మల చ డంలో    ఆయన    కీలక    పాత్ర    పోష ించారు ,72,18
1216,నాకు ఇప్పుడు గుర్తొచ్చింది,నాకు    ఇప్పుడు    గుర్త ొ చ్చ ింది ,24,6
1217,మొన్న ఒకరోజు మా సివిక్స్ క్లాసులో ఆయన గురించి చర్చించాం,మొ న్న    ఒక రోజు    మా    సి వ ిక్స్    క్ లా సులో    ఆయన    గురించి    చర్చ ించ ా ం ,48,17
1218,భారత రాజ్యాంగం గురించి పాఠం చెప్పుకున్నప్పుడు ఆయన గురించి ఇంకా చెప్తానని మేడమ్ అన్నారు,భారత    రాజ్యా ంగ ం    గురించి    పాఠ ం    చె ప్పు కున్న ప్పుడు    ఆయన    గురించి    ఇంకా    చె ప్ తా నని    మే డ మ్    అన్న ారు ,76,23
1219,"సంఘంలో ప్రబలంగా ఉండిన జాతి వివక్షత నిర్మూలనకు ఆయన పోరాడారు, అవునా","సంఘ ంలో    ప్ర బల ంగా    ఉండ ిన    జాతి    వి వ క్ష త    నిర్ మూల నకు    ఆయన    పోరాడ ారు,    అవు నా ",57,20
1220,అవును,అవ ును ,5,2
1221,"తాను ఒక దళితుడై ఉండి, అంటరానితనం అనే దురవస్తను ఎదుర్కోవడం ఎంత కష్టమో ఆయన గ్రహించారు","తాను    ఒక    దళ ిత ు డ ై    ఉండి,    అ ంట రా ని త నం    అనే    దు ర వస్త ను    ఎదు ర్ కోవడం    ఎంత    కష్ట మ ో    ఆయన    గ్రహ ించారు ",72,29
1222,"అందుకే, ఆయన నిమ్న జాతుల హక్కులకోసం పోరాడారు","అందు కే ,    ఆయన    ని మ్ న    జాత ుల    హక్క ుల కోసం    పోరాడ ారు ",38,14
1223,ఆయన వివక్షపై విశేషంగా ఉద్యమించి గెలుపు సాధించారు,ఆయన    వి వ క్ష పై    వి శేష ంగా    ఉద్య మ ించి    గెలు పు    సాధించ ారు ,43,15
1224,"ఓహ్, ఎంత దృఢమైన వ్యక్తిత్వమో","ఓ హ ్,    ఎంత    దృ ఢ మైన    వ్యక్తి త్వ మ ో ",25,11
1225,అందుకనే ఆ రోజుని ఉపఖండమంతా సమానత్వ దినోత్సవంగా కూడా జరుపుకుంటారు,అందు క నే    ఆ    రోజు ని    ఉపఖండ మంత ా    సమా న త్వ    దినోత్స వ ంగా    కూడా    జరుపు కుంట ారు ,57,19
1226,బడిలో ఈ పాఠం చెప్పుకున్నపుడు ఈయన గురించి చదవడం నీకెంతో నచ్చబోతుందని నా నమ్మకం,బడ ిలో    ఈ    పాఠ ం    చె ప్పు కున్న పు డు    ఈ య న    గురించి    చద వడం    నీ కె ంతో    న చ్చ బో తుందని    నా    నమ్మ కం ,67,26
1227,"అవునమ్మా, నేను దానికోసం ఎదురుచూస్తున్నాను","అవు న మ్ మా ,    నేను    దాని కోసం    ఎదు రు చూ స్తున్న ాను ",38,13
1228,చాలా ఉత్సుకతగా ఉంది,చాలా    ఉత్ సు క తగా    ఉంది ,17,6
1229,"సరే, ఇప్పుడు చెప్పు నీకు ఏ సినిమాకి వెళ్ళాలని ఉంది","సర ే,    ఇప్పుడు    చెప్ప ు    నీ కు    ఏ    సినిమా కి    వెళ్ళ ాలని    ఉంది ",43,13
1230,కొత్తగా వచ్చిన మార్వెల్ సినిమా చూస్తావా,కొ త్తగా    వచ్చిన    మార్ వె ల్    సినిమా    చూ స్తా వా ,35,10
1231,అంటే డాక్టర్ స్ట్రేంజ్ అండ్ ది మల్టీవర్స్ ఆఫ్ మ్యాడ్ నెస్ ఏనా,అంటే    డా క్టర్    స్ట్రే ం జ్    అండ్    ది    మల్ టీ వర్ స్    ఆఫ్    మ ్య ాడ్    నె స్    ఏ నా ,52,20
1232,నాకు చూడాలని చాలా ఆతృతగా ఉంది,నాకు    చూడ ాలని    చాలా    ఆ తృ తగా    ఉంది ,25,8
1233,టికెట్లు బుక్ చేయగలవా,టిక ె ట్లు    బు క్    చేయ గల వా ,19,8
1234,నాన్నతో మాట్లాడనివ్వు,నా న్న తో    మాట్లాడ ని వ్వ ు ,20,7
1235,"ఓయ్, నువ్వు వెబ్ డిజైనింగ్ లో కోర్సు చేస్తున్నావ్, కదూ","ఓ య ్,    ను వ్వ ు    వె బ్    డి జైన ింగ్    లో    కోర్ సు    చేస్తున్న ా వ ్,    కద ూ ",47,20
1236,"నా స్నేహితుల్లో ఒకామె కూడా అదే చేయాలి అనుకుంటోంది, దాని గురించి నీ నుండి కొంత సమాచారం తెలుసుకుంటానని తనకు చెప్పాను","నా    స్నేహిత ుల్లో    ఒ కా మె   కూడా    అదే    చేయ ాలి    అను కుంట ో ంది,    దాని    గురించి    నీ    నుండి    కొంత    సమాచారం    తెలుసుకు ంట ా నని    తనకు    చె ప్ పా ను ",99,29
1237,"అవును, రెండో సెకండ్ ఇయర్లో ఉన్నాను","అవు ను,    రెండో    సె క ండ్    ఇ య ర్ లో    ఉన్న ాను ",30,12
1238,"మంచిదే, ఆమె ఏమి తెలుసుకోవాలి అనుకుంటోంది","మంచి దే ,    ఆమె    ఏ మి    తెలుసుకోవ ాలి    అను కుంట ో ంది ",36,12
1239,వెబ్ డిజైనింగ్ లో డిప్లొమా కోర్సుని యే కాలేజీలు అందిస్తున్నాయి,వె బ్    డి జైన ింగ్    లో    డి ప్ లొ మా    కోర్ సు ని    యే    కాలే జీ లు    అంది స్తున్న ాయి ,55,20
1240,"తను ఎంచుకున్న దాని గురించి తనకు నమ్మకంగా లేదు, అందుకే ఇప్పుడు దాన్ని ఏదో ప్రయత్నించి చూద్దాం అనుకుంటోంది","తను    ఎంచు కున్న    దాని    గురించి    తనకు    నమ్మ కంగా    లేదు,    అందు కే    ఇప్పుడు    దాన్ని    ఏద ో    ప్రయత్న ించి    చూ ద్ దా ం    అను కుంట ో ంది ",91,25
1241,"సరే, నాకర్ధం అయ్యింది","సర ే,    నా కర్ ధ ం    అయ్య ింది ",19,8
1242,"స్కూల్ అఫ్ ఫాషన్ టెక్నాలజీ, పూణే; స్టెల్లా మ్యారీస్ కాలేజ్, చెన్నై మరియు లయోలా కాలేజ్, చెన్నై వంటి మరెన్నో ఇతర కాలేజీల్లో ఇది అందుబాటులో ఉంది","స్కూ ల్    అ ఫ్    ఫా షన్    టెక్ నాల జీ ,    పూ ణే ;    స్టె ల్ల ా    మ ్య ారీ స్    కాలే జ ్,    చెన్న ై    మరియు    లయ ో లా    కాలే జ ్,    చెన్న ై    వంటి    మ రె న్న ో    ఇతర    కాలే జీ ల్లో    ఇది    అందుబాటులో    ఉంది ",122,46
1243,నువ్వు వెళ్ళింది లేయోలా కాలేజీకే కదా,ను వ్వ ు    వెళ్ళ ింది    లే యో లా    కాలే జీ కే    క దా ,32,13
1244,"అవును, నేను అక్కడే చదివాను","అవు ను,    నేను    అక్క డే    చ ది వా ను ",23,9
1245,ఇప్పుడు నువ్వు పేర్లు చెప్పిన ఈ కాలేజీలన్నీ బాగా పేరున్నవే,ఇప్పుడు    ను వ్వ ు    పే ర్లు    చెప్ప ిన    ఈ    కాలే జీ ల న్నీ    బాగా    పేరు న్న వే ,51,17
1246,ఎంట్రన్స్ పద్ధతి ఏంటి,ఎంట ్ర న్స్    పద్ధ తి    ఏ ంటి ,19,7
1247,"అవును, కొన్ని కాలేజీలు వారి సొంత ప్రవేశ పరీక్షలు నిర్వహించుకుంటాయి","అవు ను,    కొన్ని    కాలే జీ లు    వారి    సొంత    ప్రవేశ   పరీక్ష లు    నిర్వహ ించు కుంట ాయి ",59,15
1248,"వారు 10, 12వ తరగతుల మార్కులు కూడా చూస్తారు","వారు    10 ,    12 వ    తరగ తుల    మార్ కులు    కూడా    చూ స్త ారు ",36,13
1249,ఎన్ఐడి ఎంట్రన్స్ ఎగ్జామ్ లాంటి జాతీయ స్థాయి పరీక్షలు కూడా ఉంటాయి,ఎన్ ఐ డి    ఎంట ్ర న్స్    ఎ గ్ జా మ్    లాంటి    జాతీయ    స్థాయి    పరీక్ష లు    కూడా    ఉంట ాయి ,56,18
1250,"నా స్నేహితురాలు బోర్డు పరోక్షల్లో చాలా బాగా చేసింది, కాబట్టి మెరిట్ చూసే యే ఎంట్రన్స్ లో అయినా తను ఫస్ట్ రాగలదు","నా    స్నేహిత ు రాలు    బోర్ డు    ప రో క్ష ల్లో    చాలా    బాగా    చేస ింది,    కాబట్టి    మె రి ట్    చూ సే    యే    ఎంట ్ర న్స్    లో    అయిన ా    తను    ఫ స్ట్    రా గల దు ",95,33
1251,తన సృజనాత్మక నైపుణ్యాల పైనే తనకి అంత నమ్మకం లేదు,తన    స ృ జనా త్మక    నైపుణ్య ాల    పై నే    తన కి    అంత    నమ్మ కం    లేద ు ,41,16
1252,ఈ యూనివర్సిటీలలో డిప్లొమా కోర్సు ఎంత కాలం ఉంటుంది,ఈ    యూనివర్ సి టీ లలో    డి ప్ లొ మా    కోర్ సు    ఎంత    కాలం    ఉంటుంది ,43,14
1253,సాధారణంగా ఒకటి రెండు సంవత్సరాలపాటు ఉంటుంది,సాధారణంగా    ఒకటి    రెండు    సంవత్సర ాల పాటు    ఉంటుంది ,38,7
1254,నిజానికి అది చేరే కాలేజీ మీద ఆధారపడి ఉంటుంది,నిజ ానికి    అది    చే రే    కాలే జీ    మీద    ఆధారపడి    ఉంటుంది ,38,10
1255,కరీర్ పరంగా అవకాశాలు బాగా ఉంటాయా,కర ీర్    పరంగా    అవకాశ ాలు    బాగా    ఉంట ాయ ా ,28,9
1256,"అవును, ఈ రంగంలో ఉద్యోగావకాశాలు చాలా ఉంటాయి","అవు ను,    ఈ    రంగ ంలో    ఉద్యోగ ా వ కాశ ాలు    చాలా    ఉంట ాయి ",37,13
1257,మరీ ముఖ్యంగా ప్రపంచం ఎక్కువగా డిజిటల్ గా మారుతున్న దృష్ట్యా,మర ీ    ముఖ్యంగా    ప్రపంచ ం    ఎక్కువగా    డిజి టల్    గా    మారు తున్న    దృష్ట ్య ా ,52,14
1258,హ్మ్,హ్ మ్ ,4,2
1259,నీవు చెప్పేది నాకు అర్ధం అవుతుంది,నీ వు    చెప్ప ే ది    నాకు    అర్ధ ం    అవు తుంది ,29,10
1260,ఇంతకుముందు ఈ కోర్సు తీస్కున్న వారు ఎవరైనా తెలుసా,ఇంత కు ముందు    ఈ    కోర్ సు    తీ స్ కున్న    వారు    ఎవర ైనా    తెలు సా ,42,14
1261,"తెలుసు, నా స్నేహితుడొకడు ఓ ఐదేళ్ల క్రితం వెబ్ డిజైనింగ్లో డిప్లొమా చేసాడు","తెలు స ు,    నా    స్నేహిత ు డ ొ క డు    ఓ    ఐ దే ళ్ల    క్ర ితం    వె బ్    డి జైన ింగ్ లో    డి ప్ లొ మా    చేస ాడు ",64,28
1262,అతను ఈరోజు గొప్ప వెబ్ డిజైనర్ అయ్యాడు,అతను    ఈ రోజు    గొప్ప    వె బ్    డి జై నర్    అయ్య ాడు ,32,11
1263,"నీవు ఏమి అనుకోకపోతే, అతని సంప్రదింపు వివరాలు ఇస్తావా","నీ వు    ఏ మి    అను కో కపోతే,    అతని    సంప్రద ింపు    వివర ాలు    ఇ స్తా వా ",46,15
1264,"ఎందుకంటే, అది నా స్నేహితురాలికి ఇస్తే తను ఈ కోర్సు గురించి సవివరంగా అతనితో మాట్లాడగలదు","ఎందు క ంటే,    అది    నా    స్నేహిత ు రాల ికి    ఇ స్తే    తను    ఈ    కోర్ సు    గురించి    స వివర ంగా    అతని తో    మాట్లాడ గల దు ",75,24
1265,"తప్పకుండ, నేను ఆ నంబరుని వాట్సాప్ లో పంపిస్తాను","తప్ప కుండ ,    నేను    ఆ    న ంబరు ని    వా ట్ సా ప్    లో    పంపి స్తా ను ",41,16
1266,మరీ ఆలస్యంగా వచ్చానా,మర ీ    ఆల స్య ంగా    వచ్చ ా నా ,18,8
1267,పరేడ్ మొదలయ్యిందా,ప రే డ్    మొద ల య్య ింద ా ,16,8
1268,ఎందుకంతలా నిద్రపోయానో తెలీదు,ఎందు క ంత లా    ని ద్ర పో యా నో    తె లీ దు ,26,12
1269,"కంగారు పడకు, సరైన సమాయనికే వచ్చావు","క ంగ ారు    పడ కు,    సరైన    సమ ాయ నిక ే    వచ్చ ా వు ",30,13
1270,ఐదు నిమిషాలే అయ్యింది,ఐదు    నిమిష ాల ే    అయ్య ింది ,19,6
1271,"రా, వచ్చి కూర్చో","రా ,    వచ్చి    కూర్చ ో ",14,5
1272,ఏం మిస్ అయ్యాను నేను,ఏ ం    మి స్    అయ ్యా ను    నేను ,17,8
1273,పెద్దగా ఏంకాలేదు,పెద్ద గా    ఏ ం కాలే దు ,15,6
1274,ఇప్పుడే రాష్ట్రపతిచే జాతీయ జండా ఎగురవేయడం జరిగింది,ఇ ప్పు డే    రాష్ట్ర ప తి చే    జాతీయ    జ ండ ా    ఎగు ర వేయ డం    జరిగ ింది ,45,17
1275,ఇంకా రాష్ట్రపతికి ఘనంగా 21- తుపాకుల వందనం,ఇంకా    రాష్ట్ర పత ికి    ఘ నంగా    2 1 -    తుపా కుల    వంద నం ,36,13
1276,"ప్రస్తుతం, ఆర్మీ, నేవీ మరియు ఎయిర్ ఫోర్స్‌ల వివిధ విభాగాలు తమ బ్యాండులతో రాష్ట్రపతి భవన్ నుండి రాజ్‌పథ్ వెంట కవాతు చేస్తున్నారు","ప్రస్తు త ం,    ఆర్ మీ ,    నే వీ    మరియు    ఎయి ర్    ఫోర్ స్‌ ల    వివిధ    విభాగ ాలు    తమ    బ్యాండ ులతో    రాష్ట్ర పతి    భవ న్    నుండి    రాజ్‌ పథ ్    వెంట   క వా తు    చేస్తున్న ారు ",111,34
1277,ఎటువైపు సాగుతున్నారు,ఎ టు వైపు    సాగు తున్న ారు ,19,6
1278,"ఇండియా గేట్ కి, ఇంకా చివరికి ఎర్ర కోటకి","ఇండియా    గే ట్    కి,    ఇంకా    చివరికి    ఎ ర్ర   కోట కి ",33,10
1279,"ఒక్కొక్కరు దాటుతూ ఉన్నప్పుడు, రాష్ట్రపతికి గౌరవ వందనం చేస్తున్నారు","ఒ క్ కొ క్క రు    దా టు తూ    ఉన్న ప్పుడు,    రాష్ట్ర పత ికి    గౌర వ    వంద నం    చేస్తున్న ారు ",60,19
1280,"ఇంకా చూడు, వాళ్ళు కవాతు చేసుకుంటూ ముందుకు సాగుతుంటే ఆయన నిలబడి వారిని ఎలా ప్రోత్సాహిస్తున్నారో","ఇంకా    చూడ ు,    వా ళ్ళు    క వా తు    చేసుకు ంట ూ    ముందుకు    సాగు తు ంటే    ఆయన    నిల బడి    వారిని    ఎలా    ప్రోత్ సా హి స్తున్న ారో ",83,25
1281,ఏదో ఒకరోజు నేను అదంతా స్వయంగా చూడాలని అనుకుంటున్నాను,ఏద ో    ఒక రోజు    నేను    అద ంత ా    స్వయంగా    చూడ ాలని    అను కుంటు న్న ాను ,46,15
1282,మరి వివిధ రాష్ట్రాల ప్రదర్శన సంగతేంటి,మర ి    వివిధ    రాష్ట్రాల    ప్రదర్శన    సంగ తే ంటి ,33,8
1283,అది ఆర్మీ కవాతు తరువాత ఉంటుందా,అది    ఆర్ మీ    క వా తు    తరువాత    ఉంటు ంద ా ,26,10
1284,"అవును, అన్ని దళాల కవాతు పూర్తవ్వగానే, అవి వస్తాయి","అవు ను,    అన్ని    దళ ాల    క వా తు    పూర్ త వ్వ గా నే,    అవి    వస్త ాయి ",43,16
1285,ప్రతి ఒక్క రాష్ట్రానికి ఒక శకటం ప్రాతినిథ్యం వహిస్తుంది,ప్రతి    ఒక్క    రాష్ట్ర ానికి    ఒక    శ క టం    ప్రాతి ని థ ్యం    వహి స్తుంది ,49,14
1286,"అవి ఆయా రాష్ట్రాల చరిత్ర, సంస్కృతి, వారసత్వం, అభివృద్ధి కార్యక్రమాలు మరియు వాతావరణాన్ని ప్రదర్శిస్తాయి","అవి    ఆయ ా    రాష్ట్రాల    చరిత్ర ,    సంస్కృ తి,    వారస త్వ ం,    అభివృద్ధి    కార్యక్రమ ాలు    మరియు    వాతావర ణ ాన్ని    ప్రదర్శ ి స్త ాయి ",92,22
1287,"వాటితో బాటు కొన్ని యానిమేషన్లు, ధ్వనులు తీసుకు వస్తాయి","వా ట ితో    బాటు    కొన్ని    య ాని మే ష న్ లు,    ధ ్వ న ులు    తీసు కు    వస్త ాయి ",48,19
1288,ఈ ప్రదర్శన ఎంతో రంగులమయంగా ఉంది,ఈ    ప్రదర్శన    ఎంతో    రంగ ుల మ యంగా    ఉంది ,27,8
1289,"అవును, పరేడ్ అంతటిలో నాకు చాలా ఇష్టమైన భాగం కూడా","అవు ను,    ప రే డ్    అంత టిలో    నాకు    చాలా    ఇష్ట మైన    భాగం    కూడా ",41,13
1290,పోయిన సారి పశ్చిమ బెంగాల్ శకటాన్ని ఎలా అలకరించారో నాకు ఇంకా గుర్తుంది,పోయ ిన    సారి    పశ్చిమ    బెంగాల్    శ కట ాన్ని    ఎలా    అల కరించ ారో    నాకు    ఇంకా    గుర్తు ంది ,60,16
1291,"అలాగే దానిపై, బెంగాల్ గ్రామీణ జానపద నృత్యం ప్రదర్శిస్తూ నాట్య కళాకారులు","అలాగే    దాని పై ,    బెంగాల్    గ్రామీణ    జానపద    నృ త ్యం    ప్రదర్శ ి స్తూ    నాట ్య    కళాకార ులు ",63,17
1292,ఈ ఏడాది ఏమి చేస్తారో మరి,ఈ    ఏడా ది    ఏ మి    చేస్త ారో    మర ి ,20,9
1293,వేచి చూద్దాం,వే చి    చూ ద్ దా ం ,11,6
1294,"కానీ మర్చిపోకు, నీకు ఈరోజు మధ్యాహ్నం 12 గంటలకి సిట్ అండ్ డ్రా పోటీ ఉంది","కానీ    మర్ చి పో కు,    నీ కు    ఈ రోజు    మధ ్యా హ్ నం    12    గంట ల కి    సి ట్    అండ్    డ్ర ా    పోటీ    ఉంది ",60,24
1295,అందుకు తయారు అయ్యవా,అ ందుకు    తయారు    అయ్య వా ,17,5
1296,నేను బొమ్మలు వేయడం ఇప్పటికే ప్రాక్టీస్ చేశాను,నేను    బొమ్మ లు    వేయ డం    ఇప్పటికే    ప్రా క్ టీ స్    చే శా ను ,40,13
1297,గణతంత్ర దినోత్సవం కవాతుదే సంక్షిప్త రూపాన్ని గీస్తాను,గణ తంత్ర   దినోత్స వం    క వా తు దే    సం క్షి ప్ త    రూపా న్ని    గీ స్తా ను ,48,17
1298,నాకు బహుమతి వస్తుందని అనుకుంటున్నాను,నాకు    బహు మతి    వస్తు ందని    అను కుంటు న్న ాను ,33,9
1299,బహుమతుల గురించి పట్టించుకోవద్దు,బహుమత ుల    గురించి    పట్ట ించుకోవ ద్దు ,29,6
1300,అక్కడ సరదాగా ఆనందించు అంతే,అక్కడ    సర దా గా    ఆనంద ించ ు    అంత ే ,23,9
1301,నీకు అంతా మంచే జరుగుతుందని అనుకుంటున్నా,నీ కు    అంత ా    మంచ ే    జరుగు తుందని    అను కుంటు న్నా ,35,11
1302,"థాంక్ యు, నాన్న","థా ం క్    య ు,    నా న్న ",13,7
1303,కానీ ఈ పోటీ కారణంగా నేను చూడలేక పోతున్న పరేడ్ లోని భాగాన్ని మీరు తప్పకుండా చూడండి,కానీ    ఈ    పోటీ    కారణంగా    నేను    చూడ లే క    పో తున్న    ప రే డ్    లోని    భాగాన్ని    మీరు    తప్పకుండా    చూడ ండి ,69,19
1304,దాని గురించి పడుకునే ముందు వింటాను,దాని    గురించి    పడు కునే    ముందు    విం టా ను ,30,8
1305,"హలో, ఇది సమాధాన్ హెల్ప్ లైనేనా అండి","హ లో,    ఇది    సమా ధా న్    హె ల్ ప్    లై నే నా    అ ండి ",30,14
1306,"అవునండి, నేను మీకు యే విధంగా సహాయపడగలను","అవు న ండి,    నేను    మీకు    యే    విధంగా    సహాయపడ గ లను ",34,10
1307,"నా పేరు హరీషండీ, స్వామీ వివేకానంద ఎడ్యుకేషనల్ ఇంస్టిట్యూట్ తరపున మాట్లాడుతున్నాను","నా    పేరు    హ రీ ష ండ ీ,    స్వా మీ    వి వే కా నంద   ఎడ ్యు కే షనల్    ఇం స్టిట్యూ ట్    తర పున    మాట్లాడు తున్న ాను ",73,25
1308,మెరిట్-కమ్- మీన్స్ స్కాలర్షిప్ ప్రోగ్రామ్ గురించి మరింత తెలుసుకోవాలి అనుకుంటున్నాను,మె రి ట్ - క మ్ -    మీ న్స్    స్ కాల ర్ షిప్    ప్ర ోగ్రా మ్    గురించి    మరింత    తెలుసుకోవ ాలి    అను కుంటు న్న ాను ,76,24
1309,"అలా, మా విద్యార్థులకు ఈ ప్రోగ్రామ్ గురించి చెప్పగలుగుతాను","అలా ,    మా    విద్యార్థ ులకు    ఈ    ప్ర ోగ్రా మ్    గురించి    చెప్ప గ లుగు తాను ",51,14
1310,తప్పకుండా,తప్పకుండా ,9,1
1311,ఈ స్కీమ్ యొక్క ముఖ్య ఉద్దేశం అల్పసంఖ్యాక వర్గాలలోని అర్హులైన నిరుపేద విద్యార్థులకు ఆర్థిక సహాయం అందించడమే,ఈ    స్ కీ మ్    యొక్క    ముఖ ్య    ఉద్దేశ ం    అ ల్ప సంఖ ్యా క    వర్ గాల లోని    అర్హ ులైన    ని రు పే ద    విద్యార్థ ులకు    ఆర్థిక    సహాయం    అంద ించడ మే ,93,30
1312,"ఈ ఉపకార వేతనంతో, వారు వృత్తిపరమైన ఇంకా సాంకేతిక విద్యని అభ్యసించగలుగుతారు","ఈ    ఉప కార    వే తన ంతో,    వారు    వృత్తిపరమైన    ఇంకా    సాంకే తిక    విద్య ని    అభ్య స ించ గ లుగు త ారు ",65,20
1313,దీన్ని మైనారిటీ వ్యవహారాల మంత్రిత్వ శాఖ ప్రవేశ పెట్టింది,దీన్ని    మైన ార ి టీ    వ్యవహ ార ాల    మంత్ర ి త్వ    శాఖ    ప్రవేశ   పెట్ట ింది ,50,15
1314,"సరే, సార్","సర ే,    సార ్ ",8,4
1315,ఈ స్కాలర్షిప్ భారతదేశంలో చదువుకునేందుకే కదా సార్,ఈ    స్ కాల ర్ షిప్    భారతదేశంలో    చదు వు కునే ందు కే    క దా    సార ్ ,43,15
1316,అవునండి,అవు న ండి ,7,3
1317,విద్యార్థులకి భారతదేశంలోని ప్రభుత్వ లేదా ప్రైవేటు యూనివర్సిటీల్లో చదువుకోడానికి మాత్రమే ఈ స్కాలర్షిప్ ఇస్తారు,విద్యార్థ ుల కి    భారతదేశ ంలోని    ప్రభుత్వ    లేదా    ప్రైవే టు    యూనివర్ సి టీ ల్లో    చదు వు కో డానికి    మాత్రమే    ఈ    స్ కాల ర్ షిప్    ఇ స్త ారు ,99,26
1318,ఇది డిగ్రీ విద్యార్థులకి మాత్రమే వర్తిస్తుందా,ఇది    డి గ్ర ీ    విద్యార్థ ుల కి    మాత్రమే    వర్తి స్తు ంద ా ,41,12
1319,"లేదు, ఇది డిగ్రీ ఇంకా పోస్టు గ్రాడ్యుయేట్ స్థాయిలోని టెక్నికల్, అలాగే ప్రొఫెషనల్ కోర్సులకి వస్తుంది","లేదు,    ఇది    డి గ్ర ీ    ఇంకా    పో స్టు    గ్ర ాడ ్యు యే ట్    స్థాయి లోని    టెక్ ని కల్ ,    అలాగే    ప్రొఫెషనల్    కోర్ సుల కి    వస్తు ంది ",88,26
1320,ఈ స్కాలర్షిప్ కి దరఖాస్తు చేసుకోడానికి ఏం అవసరం అవుతాయి,ఈ    స్ కాల ర్ షిప్    కి    దర ఖా స్తు    చేసుకో డానికి    ఏ ం    అవసరం    అవు త ాయి ,48,17
1321,గత ఫైనల్ పరీక్షల్లో కనీసం 50% లేదా తత్సమాన గ్రేడు వచ్చిన విద్యార్థులు ఈ స్కాలర్షిప్‌కి అర్హులవుతారు,గత    ఫై నల్    పరీక్ష ల్లో    కనీసం    50 %    లేదా    త త్ సమా న    గ్రే డు    వచ్చిన    విద్యార్థ ులు    ఈ    స్ కాల ర్ షిప్‌ కి    అర్హ ుల వు త ారు ,87,29
1322,"అలాగే, వాళ్ళ తలిదండ్రులు లేదా సంరక్షకులకు అన్నీ ఆదాయపు వనరుల నుండి కలిపితే సాలీన ఆదాయం 2","అలా గ ే,    వా ళ్ళ    త లి దండ్ర ులు    లేదా    సంరక్ష కులకు    అన్న ీ    ఆదాయ పు    వనర ుల    నుండి    కలి ప ితే    స ాల ీ న    ఆదాయం    2 ",76,28
1323,50 లక్షల రూపాయలకు మించకూడదు,50    లక్షల    రూపాయ లకు    మ ించ కూడ దు ,24,8
1324,"సార్, ఎంసిఎమ్ ఎంత మంది విద్యార్థులకి ఇవ్వబడుతుంది","సార్ ,    ఎం సి ఎ మ్    ఎంత    మంది    విద్యార్థ ుల కి    ఇవ్వ బడు తుంది ",44,14
1325,"రిన్యూ స్కాలర్షిప్‌లు కాకుండా, కొత్తవే మొత్తం 60,000 స్కాలర్షిప్‌లు ఇవ్వాలన్న లక్ష్యం ఉంది","రి న్యూ    స్ కాల ర్ షిప్‌ లు    కాకుండా,    కొ త్త వే    మొత్తం    6 0,000    స్ కాల ర్ షిప్‌ లు    ఇవ్వ ాల న్న    లక్ష ్యం    ఉంది ",81,25
1326,"చాలా పెద్ద మొత్తమే, అలాగే అది అవసరమైన విద్యార్థులకు ప్రయోజనంగా ఉంటుంది","చాలా    పెద్ద    మొత్త మ ే,    అలాగే    అది    అవసరమైన    విద్యార్థ ులకు    ప్రయోజన ంగా    ఉంటుంది ",62,13
1327,ఈ స్కాలర్షిప్‌లు ఇతర విద్యార్థులకు కూడా ప్రేరణకు కారణంగా ఉంటాయి,ఈ    స్ కాల ర్ షిప్‌ లు    ఇతర    విద్యార్థ ులకు    కూడా    ప్రే రణ కు    కారణంగా    ఉంట ాయి ,56,16
1328,"అవును, సరిగ్గా చెప్పారు","అవు ను,    సరి గ్గా    చెప్ప ారు ",21,6
1329,"ఒక్క రిజర్వేషన్ పాలిసీ ఉంది, రాష్ట్రం/ యుటిలోని ప్రతీ మైనారిటీ వర్గానికి చెందిన విద్యార్థినులకి స్కాలర్షిప్‌లో 30% కేటాయించడం జరిగింది","ఒక్క    రిజ ర్ వే షన్    పాలి సీ    ఉంది,    రాష్ట్ర ం /   యు టి లోని    ప్ర తీ    మైన ార ి టీ    వర్గ ానికి    చెందిన    విద్యార్థ ిన ుల కి    స్ కాల ర్ షిప్ ‌లో    30 %    కేటాయ ించడం    జరిగ ింది ",120,38
1330,"ఓహో, చాలా బావుంది","ఓ హో ,    చాలా    బా వు ంది ",15,7
1331,ఈ స్కాలర్షిప్ ఎంతకాలం వర్తిస్తుంది,ఈ    స్ కాల ర్ షిప్    ఎ ంత కాలం    వర్తి స్తుంది ,31,10
1332,పూర్తి విద్యా సంవత్సరం/ కోర్సుకి స్కాలర్షిప్‌ అందించబడుతుంది,పూర్తి    విద్య ా    సంవత్సర ం /   కోర్ సు కి    స్ కాల ర్ షిప్‌   అంద ించబడు తుంది ,55,16
1333,ఇంకా ఒక విద్యా సంవత్సరానికి హాస్టల్ విద్యార్థులకు రూ,ఇంకా    ఒక    విద్య ా    సంవత్స రానికి    హా స్ట ల్    విద్యార్థ ులకు    రూ ,46,12
1334,"10,000/- అలాగే డేస్కాలర్లకి రూ","10 ,0 00 / -    అలాగే    డే స్ కాల ర్ ల కి    రూ ",27,13
1335,"5,000/- స్థిరమైన మొత్తం నిర్వహణ భత్యంగా ఇవ్వబడుతుంది","5 ,0 00 / -    స్థిరమైన    మొత్తం    నిర్వహణ    భ త్య ంగా    ఇవ్వ బడు తుంది ",47,14
1336,అద్భుతం,అద్భు తం ,7,2
1337,ఈ స్కాలర్షిప్ కోసం దరఖాస్తు ఎలా చేసుకోవాలి,ఈ    స్ కాల ర్ షిప్    కోసం    దర ఖా స్తు    ఎలా    చేసుకోవ ాలి ,37,12
1338,ఈ స్కీము నేషనల్ స్కాలర్షిప్ పోర్టల్ (ఎన్ఎస్‌పీ) ద్వారా అమలవుతోంది,ఈ    స్ కీ ము    నేషనల్    స్ కాల ర్ షిప్    పోర్ టల్    ( ఎన్ ఎస్‌ పీ )    ద్వారా    అమ ల వు తో ంది ,58,22
1339,విద్యార్థులంతా ఆన్లైన్లో డబ్ల్యూడబ్ల్యూడబ్ల్యూ,విద్యార్థ ుల ంత ా    ఆన్ లై న్లో    డబ్ల ్య ూడ బ్ల ్య ూడ బ్ల ్య ూ ,44,16
1340,స్కాలరషిప్స్,స్ కాల ర షిప్ స్ ,12,5
1341,జిఓవి,జి ఓ వి ,5,3
1342,ఇన్ వెబ్సైటులో దరఖాస్తు చేసుకోవటం తప్పనిసరి,ఇ న్    వె బ్ సై టులో    దర ఖా స్తు    చేసుకోవ టం    తప్పని సరి ,39,13
1343,ఇది వాళ్ళకి ఉపయోగకరంగా ఉంటుంది,ఇది    వా ళ్ళ కి    ఉపయోగ కర ంగా    ఉంటుంది ,27,8
1344,మీరు మరిన్ని వివరాలను నేషనల్ స్కాలర్షిప్ పోర్టల్ నుండి డౌన్లోడ్ చేసుకోవచ్చు,మీరు    మరి న్ని    వివర ాలను    నేషనల్    స్ కాల ర్ షిప్    పోర్ టల్    నుండి    డౌ న్ లో డ్    చేసుకో వచ్చు ,67,19
1345,తప్పకుండా సార్,తప్పకుండా    సార ్ ,13,3
1346,చాలా థాంక్స్,చాలా    థా ం క్స్ ,11,4
1347,పర్వాలేదు,పర్ వాల ే దు ,9,4
1348,"హలో, వచ్చే నెల నేను పెళ్లి చేస్కోబోతున్నాను","హ లో,    వచ్చే    నెల    నేను    పె ళ్ లి    చే స్కో బో తున్న ాను ",38,13
1349,"ఆ చట్టపర విధానం గురించి, ఎలాగో ఏమిటో చెబుతారా","ఆ    చట్ట ప ర    విధా నం    గు రించ ి,    ఎ లా గ ో    ఏమిట ో    చెబు తార ా ",39,18
1350,నా పెళ్ళిని చట్టబద్ధం అయేట్టు చేయటం ఎలా,నా    పె ళ్ళ ిని    చట్ట బద్ధ ం    అయ ే ట్టు    చేయ టం    ఎలా ,34,13
1351,ఒక వివాహాన్ని చట్టపరంగా ఒప్పుకోవాలంటే దాన్ని నమోదు చేసుకోవడం అవసరం,ఒక    వివా హాన్ని    చట్ట పరంగా    ఒ ప్పు కోవ ాల ంటే    దాన్ని    నమోదు    చేసుకోవ డం    అవసరం ,59,15
1352,వధూ వరులు వివాహ ధృవపత్రం అందుకోవడంతో వివాహ నమోదు ప్రక్రియ పూర్తవుతుంది,వ ధ ూ    వర ులు    వివాహ   ధృ వ పత్ర ం    అందు కోవ డంతో    వివాహ   నమోదు    ప్రక్రియ   పూర్ త వు తుంది ,62,20
1353,నాకు వివాహ ధృవపత్రం కావాలంటే ఏం చేయాలి,నాకు    వివాహ   ధృ వ పత్ర ం    కావాల ంటే    ఏ ం    చేయ ాలి ,33,12
1354,మీ వివాహ నమోదును కోరుతూ ప్రమాణపత్రం ఒకటి దాఖలు చేయాల్సి ఉంటుంది,మీ    వివాహ   నమో దును    కోరు తూ    ప్రమాణ పత్ర ం    ఒకటి    దాఖ లు    చేయ ాల్సి    ఉంటుంది ,55,15
1355,"పెళ్ళయిన జంట తమ పెళ్లికోసం ఉమ్మడి అఫిడవిట్టు ఇవ్వవచ్చు, లేదా విడివిడిగా వ్యక్తిగత అఫిడవిట్టు ఇవ్వవడానికి ఎంచుకోవచ్చు","పె ళ్ళ య ిన    జంట   తమ    పె ళ్ల ిక ో సం    ఉ మ్మ డి    అ ఫి డ వి ట్టు    ఇవ్వ వచ్చు,    లేదా    విడి వి డిగా    వ్యక్తిగత    అ ఫి డ వి ట్టు    ఇవ్వ వడానికి    ఎంచు కో వచ్చు ",104,36
1356,రెండిటికీ తేడా ఏమైనా ఉందా,రెండ ి టిక ీ    తే డా    ఏ మై నా    ఉ ంద ా ,22,12
1357,"పెద్దగా ఏమీలేదు, కానీ కొన్ని రాష్ట్రాలలో విధిగా ఉమ్మడి అఫిడవిట్టు దాఖలు చేయమని అడుగుతారు","పెద్ద గా    ఏ మీ లేదు,    కానీ    కొన్ని    రాష్ట్రాలలో    విధ ిగా    ఉ మ్మ డి    అ ఫి డ వి ట్టు    దాఖ లు    చేయమని    అడుగు త ారు ",78,24
1358,"సరే, మరి వివాహ నమోదు కోసం ఉమ్మడి అఫిడవిట్టు దాఖలు చేయటానికి ఏమేం చేయాలి","సర ే,    మర ి    వివాహ   నమోదు    కోసం    ఉ మ్మ డి    అ ఫి డ వి ట్టు    దాఖ లు    చేయ టానికి    ఏ మే ం    చేయ ాలి ",61,24
1359,"భారతదేశంలో వివాహాల్ని రెండు చట్టాల కింద నమోదు చేయవచ్చు, ఒకటి, ప్రత్యేక వివాహ చట్టం, 1954, ఇంకా రెండోది హిందూ వివాహ చట్టం, 1955","భారతదేశంలో    వివాహ ాల్ ని    రెండు    చట్ట ాల    కింద    నమోదు    చేయ వచ్చు,    ఒకట ి,    ప్రత్యేక    వివాహ   చట్ట ం,    195 4 ,    ఇంకా    రెండ ో ది    హిందూ    వివాహ   చట్ట ం,    195 5 ",109,30
1360,"మొదటిది కుల మతాలకు అతీతంగా ప్రతీ ఒక్కరికీ వర్తిస్తుంది, విదేశాలలో ఉంటున్న భారతీయులతో సహా","మొదటి ది    కుల    మత ాలకు    అత ీ తంగా    ప్ర తీ    ఒక్క రిక ీ    వర్తి స్తుంది,    విదేశ ాలలో    ఉంటు న్న    భారతీయ ులతో    సహా ",78,22
1361,మతాంతర వివాహాలు కూడా ఈ చట్టం కిందే నమోదు చేయాల్సి ఉంటుంది,మ తా ంతర    వివాహ ాలు    కూడా    ఈ    చట్టం    క ింద ే    నమోదు    చేయ ాల్సి    ఉంటుంది ,49,15
1362,"రెండోది ఇద్దరు హిందువుల వివాహానికి వర్తిస్తుంది, జైనులు, బౌద్ధలు, సిక్కులతో పాటు","రెండ ో ది    ఇద్దరు    హిందువ ుల    వివాహ ానికి    వర్తి స్తుంది,    జైన ులు,    బౌద్ధ లు,    సిక్క ులతో    పాటు ",72,17
1363,ప్రత్యేక వివాహ చట్టం కింద ఉమ్మడి అఫిడవిట్టు ఎలా ఇవ్వాలి,ప్రత్యేక    వివాహ   చట్టం    కింద    ఉ మ్మ డి    అ ఫి డ వి ట్టు    ఎలా    ఇవ్వ ాలి ,48,15
1364,"ముందు, జరగబోతున్న పెళ్లి గురించి ఒక నోటీసుని మీ జిల్లా రిజిస్ట్రార్లో దాఖలు చేయాలి","ముందు,    జరగ బో తున్న    పె ళ్ లి    గురించి    ఒక    నో టీ సు ని    మీ    జిల్లా    రి జి స్ట్ర ార్ లో    దాఖ లు    చేయ ాలి ",72,24
1365,ఏ చోట దాఖలు చేస్తున్నారో ఆ జిల్లాలో ఇద్దరిలో ఎవరైనా కనీసం ముప్పై రోజులు ఉండి ఉండాలి,ఏ    చో ట    దాఖ లు    చేస్తున్న ారో    ఆ    జిల్లాలో    ఇద్ద రిలో    ఎవర ైనా    కనీసం    ము ప్ప ై    రోజ ులు    ఉండి    ఉండ ాలి ,71,22
1366,ఈ నోటీసును రిజిస్ట్రార్ ఆఫీసు నోటీసు బోర్డులో పెట్టి ఈ పెళ్లికి అభ్యంతరం చెప్పేవారు ముందుకు వచ్చే వీలు కల్పిస్తుంది,ఈ    నో టీ సును    రి జి స్ట్ర ార్    ఆ ఫీ సు    నో టీ సు    బోర్ డు లో    పెట్ట ి    ఈ    పె ళ్ల ికి    అభ్య ంతరం    చెప్ప ే వారు    ముందుకు    వచ్చే    వీలు    కల్ పి స్తుంది ,101,34
1367,"ఈ సంబంధానికి 30 రోజుల్లోగా ఎవరూ అడ్డు చెప్పకుంటే, ఈ పెళ్లి జరుగుతుందా","ఈ    సంబంధ ానికి    30    రోజ ుల్ లో గా    ఎవర ూ    అడ్ డు    చెప్ప కుంటే,    ఈ    పె ళ్ లి    జరుగు తు ంద ా ",60,22
1368,"అవును, వధూ వరులని, వారి వారి తరపున ముగ్గురు సాక్షులని ఆఫీసుకి పిలిపించి ఈ పెళ్లి జరిపిస్తారు","అవు ను,    వ ధ ూ    వర ుల ని,    వారి    వారి    తర పున    ముగ్గురు    సాక్ష ుల ని    ఆ ఫీ సు కి    పిలి ప ించి    ఈ    పె ళ్ లి    జ రి పి స్త ారు ",80,32
1369,ఆరుగురు సాక్షుల్లో ప్రతీ ఒక్కరూ రిజిస్టర్ లో సంతకం చేయాలి,ఆ రుగు రు    సాక్ష ుల్లో    ప్ర తీ    ఒక్క రూ    రి జి స్టర్    లో    సంతకం    చేయ ాలి ,50,16
1370,ఈ తతంగం అంతా హిందూ వివాహ చట్టంలో ఎలా వేరుగా ఉంటుంది,ఈ    త త ంగ ం    అంత ా    హిందూ    వివాహ   చట్ట ంలో    ఎలా    వే రుగా    ఉంటుంది ,43,15
1371,కొత్త జంట ఒక అప్లికేషన్ ఫాం నింపి తమ పెళ్లి ఫోటోలు రెండిటితోపాటు పెండ్లిపత్రికని జతచేసి ఇవ్వాల్సి ఉంటుంది,కొత్త    జంట   ఒక    అప్ లిక ే షన్    ఫా ం    న ింప ి    తమ    పె ళ్ లి    ఫో టో లు    రెండ ి ట ిత ో పాటు    పె ండ్ లి పత్రిక ని    జ త చేసి    ఇవ్వ ాల్సి    ఉంటుంది ,92,36
1372,"ఇద్దరు తమతమ ఐడెంటిటీ, వయసు, అలాగే అడ్రసు ప్రూఫ్‌లు ఇవ్వాలి","ఇద్దరు    త మత మ    ఐ డె ంట ి టీ ,    వయ స ు,    అలాగే    అడ ్ర సు    ప్ర ూ ఫ్‌ లు    ఇవ్వ ాలి ",51,23
1373,ఈ పెళ్లి జరిగే సమయానికి వారికి జీవించి ఉన్న జీవితభాగస్వామి ఎవరూ లేరని చెబుతూ ముందస్తుగా నోటరీ చేయించిన వేరెవేరు అఫిడవిట్లు దాఖలు చేయాలి,ఈ    పె ళ్ లి    జరిగే    సమయ ానికి    వారికి    జీవ ించి    ఉన్న    జీవిత భాగ స్వామి    ఎవర ూ    లే ర ని    చెబు తూ    ముంద స్తు గా    నో ట రీ    చేయ ించిన    వే రె వేరు    అ ఫి డ వి ట్లు    దాఖ లు    చేయ ాలి ,118,41
1374,పెళ్ళిని నమోదు చేయించుకోవటం ఎన్ని రోజుల లోపు చేయాలో అందుకు ఏదైనా గడువు ఉందా,పె ళ్ళ ిని    నమోదు    చేయ ించుకోవ టం    ఎ న్ని    రోజుల    లో పు    చేయ ాలో    అ ందుకు    ఏదైనా    గ డు వు    ఉ ంద ా ,65,23
1375,ఈ పెళ్లి నమోదుకి సాక్షులుగా ఎవరు ఉండవచ్చు,ఈ    పె ళ్ లి    నమో దు కి    సాక్ష ులుగా    ఎ వ రు    ఉండ వచ్చు ,36,14
1376,"హిందూ వివాహ చట్టం కింద, పెళ్లి జరిగిన ఒక నెలలోగా నమోదు చేయాల్సి ఉంటుంది","హిందూ    వివాహ   చట్టం    క ింద ,    పె ళ్ లి    జరిగిన    ఒక    నెల లో గా    నమోదు    చేయ ాల్సి    ఉంటుంది ",61,18
1377,వధూ వరులు ముగ్గురు సాక్షుల సమాయక్షంలో రిజిస్టర్లలో సంతకాలు చేస్తారు,వ ధ ూ    వర ులు    ముగ్గురు    సాక్ష ుల    సమ ాయ క్ష ంలో    రి జి స్ట ర్ లలో    సంత కాలు    చేస్త ారు ,60,21
1378,ఇద్దరి తలిదండ్రులు లేదా సంరక్షకులు కూడా రిజిస్ట్రేషన్ జరిగేటప్పుడు అక్కడ ఉండాలి,ఇద్ద రి    త లి దండ్ర ులు    లేదా    సంరక్ష కులు    కూడా    రి జి స్ట్రే షన్    జరిగ ే టప్పుడు    అక్కడ    ఉండ ాలి ,71,20
1379,అఫిడవిట్ కోసం ఏయే పత్రాలు కావలసి వస్తుంది,అ ఫి డ వి ట్    కోసం    ఏ యే    పత్ర ాలు    కా వలసి    వస్తు ంది ,36,14
1380,"అప్లికేషన్ ఫాం, ఐ","అప్ లిక ే షన్    ఫా ం,    ఐ ",15,7
1381,డి,డి ,2,1
1382,"ప్రూఫ్, అడ్రస్ ప్రూఫ్, పుట్టిన తేదీ ప్రూఫ్, వధూవరులవి రెండు పాస్‌పోర్ట్ ఫోటోలు తప్పనిసరిగా కావాలి","ప్ర ూ ఫ్ ,    అడ ్ర స్    ప్ర ూ ఫ్ ,    పుట్ట ిన    తే దీ    ప్ర ూ ఫ్ ,    వ ధ ూ వర ుల వి    రెండు    పా స్‌ పోర్ ట్    ఫో టో లు    తప్పని సరి గా    కావాల ి ",86,38
1383,విడాకులు తీసుకున్న వ్యక్తి లేదా భర్త/భార్య చనిపోయిన వ్యక్తి విషయంలో విడాకుల ఆదేశం లేదా గత భాగస్వామి డెత్ సర్టిఫికెట్ అవసరం ఉంటుంది,వి డా కులు    తీసుకు న్న    వ్యక్తి    లేదా    భర్త / భార్య    చనిపోయ ిన    వ్యక్తి    విషయంలో    వి డా కుల    ఆదేశ ం    లేదా    గత    భాగ స్వామి    డె త్    సర్ టి ఫ ికె ట్    అవసరం    ఉంటుంది ,114,32
1384,"హలో, ఈ-వీసాకి దరఖాస్తు చేసుకోవడం నాకు ఇది మొదటిసారి","హ లో,    ఈ - వీ సా కి    దర ఖా స్తు    చేసుకోవ డం    నాకు    ఇది    మొదటి సారి ",45,16
1385,అందుకు నేను ఏయే పత్రాలు కావాలో మీరు చెబుతారని అనుకుంటున్నాను,అ ందుకు    నేను    ఏ యే    పత్ర ాలు    కా వాలో    మీరు    చెబు త ారని    అను కుంటు న్న ాను ,53,17
1386,"తప్పకుండా, మీరు నాకు ఫోన్ చేసినందుకు సంతోషం","తప్ప కుండా,    మీరు    నాకు    ఫోన్    చేసిన ందుకు    సంతోష ం ",38,9
1387,ఏ దేశం కోసం మీకు వీసా కావాలో తెలుసుకోవచ్చా,ఏ    దేశం    కోసం    మీకు    వీ సా    కా వాలో    తెలు సుకో వచ్చ ా ,36,12
1388,ఇండియా వెళ్ళడానికి నాకు టూరిస్ట్ వీసా కావాలి,ఇండియా    వెళ్ళ డానికి    నాకు    టూ రి స్ట్    వీ సా    కావాల ి ,39,11
1389,ఒక వారం కోసం వెళ్తున్నాను,ఒక    వారం    కోసం    వెళ్ తున్న ాను ,22,6
1390,"సరే, మీకు కావలసిన అతి ముఖ్యమైన పత్రం పాస్‌పోర్ట్","సర ే,    మీకు    కా వలసిన    అతి    ముఖ్యమైన    పత్ర ం    పా స్‌ పోర్ ట్ ",42,13
1391,మీరు ఇండియా చేరుకునే తేదీకి పాస్‌పోర్ట్ కాలవ్యవధి కనీసం ఆరు నెలల పాటు ఉండేలా చూసుకోవాలి,మీరు    ఇండియా    చేరు కునే    తేదీ కి    పా స్‌ పోర్ ట్    కాల వ్యవ ధి    కనీసం    ఆరు    నెలల    పాటు    ఉండేలా    చూ సుకోవ ాలి ,76,21
1392,కేవలం ఈ కారణంగా నిరాకరించబడ్డ కేసులు ఎన్నో వస్తుంటాయి,కేవలం    ఈ    కారణంగా    నిరాకరించ బడ్డ   కే సులు    ఎన్న ో    వస్తు ంట ాయి ,47,12
1393,"అవును, నా పాస్‌పోర్ట్ వ్యవధి చూసుకున్నాను, మీరు చెప్పినదానికి సరిపోతుంది","అవు ను,    నా    పా స్‌ పోర్ ట్    వ్యవ ధి    చూ సుకు న్నా ను,    మీరు    చెప్ప ిన దానికి    సరిపో తుంది ",65,19
1394,కావలసినవి ఇంకేమైనా ఉన్నాయా,కా వల సిన వి    ఇం కే మై నా    ఉన్నాయ ా ,24,10
1395,అలా అయితే మంచిదే,అలా    అయితే    మంచి దే ,14,4
1396,"తరువాత కావలసినది, చెల్లుబాటులో ఉన్న ఈమెయిల్ ఐడి","తరువాత    కా వల సి నది,    చె ల్లు బాటు లో    ఉన్న    ఈ మెయి ల్    ఐ డి ",42,15
1397,"దీని విషయంలో కూడా మీరు జాగ్రత్తగా ఉండాలి, ఎందుకంటే భారత వీసా ప్రక్రియ పూర్తయ్యి ఆమోదించబడ్డాక, దాన్ని దరఖాస్తులో ఇచ్చిన ఈమెయిల్ అడ్రస్ కి నేరుగా పంపడం జరుగుతుంది","దీని    విషయంలో    కూడా    మీరు    జా గ్ర త్తగా    ఉండ ాలి,    ఎందుకంటే    భారత    వీ సా    ప్రక్రియ   పూర్ త య్య ి    ఆమోద ించబడ్డ ా క,    దాన్ని    దర ఖా స్తు లో    ఇచ్చిన    ఈ మెయి ల్    అడ ్ర స్    కి    నేరుగా    పంప డం    జరుగు తుంది ",141,40
1398,వ్యక్తిగత ఐడి కాకుండా అధికారిక ఐడి వాడితే పర్వాలేదా,వ్యక్తిగత    ఐ డి    కాకుండా    అధికారిక    ఐ డి    వాడ ితే    పర్ వాల ే దా ,45,13
1399,నా వ్యక్తిగత ఐడి లో ఈమెయిల్స్ అంత తరచుగా చూడను,నా    వ్యక్తిగత    ఐ డి    లో    ఈ మెయి ల్స్    అంత    తరచుగా    చూడ ను ,39,12
1400,అదేం పర్లేదు,అ దే ం    పర్ లేద ు ,11,6
1401,ఈమెయిల్ అడ్రస్ వాడుతూ ఉన్నది అయితే చాలు,ఈ మెయి ల్    అడ ్ర స్    వాడు తూ    ఉన్న ది    అయితే    చ ాలు ,34,13
1402,కావలసినవి ఇవి మాత్రమేనా,కా వల సిన వి    ఇవి    మాత్ర మే నా ,21,8
1403,భారత్ కు ప్రయాణించడానికి అనుమతి పొందేందుకు ఈ-వీసా భారత ప్రమాణ పత్రాలు కూడా అవసరముంటాయి,భారత్    కు    ప్రయాణ ించడానికి    అను మతి    పొంద ేందుకు    ఈ - వీ సా    భారత    ప్రమా ణ    పత్ర ాలు    కూడా    అవసర ము ంట ాయి ,76,22
1404,"దరఖాస్తుదారులు తమ పాస్‌పోర్ట్ మొదటి పేజీ లేదా పుట్టిన చోటు, తేదీ, తల్లి తండ్రుల వివరాలున్న పేజీది స్కాన్ చేసిన కలర్ కాపీలు ఇవ్వాల్సి ఉంటుంది","దర ఖా స్తు దారులు    తమ    పా స్‌ పోర్ ట్    మొదటి    పే జీ    లేదా    పుట్ట ిన    చో ట ు,    తేదీ ,    తల్లి    తండ్ర ుల    వివర ాలు న్న    పేజీ ది    స్కా న్    చేసిన    కల ర్    కా పీ లు    ఇవ్వ ాల్సి    ఉంటుంది ",122,39
1405,ప్రతీ దరఖాస్తుదారు పాస్‌పోర్ట్ శైలిలో ఇటీవలి కలర్ ఫోటో కూడా ఇవ్వాల్సి ఉంటుంది,ప్ర తీ    దర ఖా స్తు దారు    పా స్‌ పోర్ ట్    శైలి లో    ఇటీవలి    కల ర్    ఫో ట ో    కూడా    ఇవ్వ ాల్సి    ఉంటుంది ,68,22
1406,చాలానే వివరాలు కావలసి ఉన్నట్టున్నాయి,చాలా నే    వివర ాలు    కా వలసి    ఉన్న ట్టు న్న ాయి ,33,10
1407,నేను మర్చిపోకుండా ఉండేందుకు వ్రాసుకుంటాను,నేను    మర్ చి పో కుండా    ఉండే ందుకు    వ్రా సుకు ంట ాను ,38,11
1408,అది మంచి ఆలోచన,అది    మంచి    ఆలోచ న ,12,4
1409,మీకు ఒక డెబిట్ లేదా క్రెడిట్ కార్డు కూడా అవసరముంఉంటుంది,మీకు    ఒక    డె బి ట్    లేదా    క్రెడిట్    కార్ డు    కూడా    అవసర ము ం ఉంటుంది ,48,14
1410,"అలాగే, నావద్ద ఒకటి ఉంది","అలా గ ే,    నా వద్ద    ఒకటి    ఉంది ",20,7
1411,ఇంకేమైనా సందేహాలు ఉంటే మీకు మళ్ళీ ఫోన్ చేస్తే పర్వలేదుగా,ఇం కే మై నా    సందే హ ాలు    ఉంటే    మీకు    మళ్ళీ    ఫోన్    చేస్త ే    పర్వ లేద ుగా ,49,16
1412,"తప్పకుండా, ఏమైనా ప్రశ్నలుంటే నిస్సందేహంగా మమ్మల్ని సంప్రదించండి","తప్ప కుండా,    ఏ మై నా    ప్రశ్ నలు ంటే    ని స్ సందే హ ంగా    మ మ్మ ల్ని    సంప్రద ించ ండి ",58,19
1413,నేను ఈ సంవత్సరం నుండి ఒక విదేశీ భాష నేర్చుకోవాలి,నేను    ఈ    సంవత్సరం    నుండి    ఒక    విదేశీ    భాష    నేర్చు కోవ ాలి ,41,10
1414,ఏది తీసుకోవాలో అర్ధం కావట్లేదు,ఏ ది    తీసుకో వాలో    అర్ధ ం    కా వ ట్ లేద ు ,27,11
1415,ఎంచుకోడానికి మరీ ఎక్కువ ఉన్నాయి,ఎంచు కో డానికి    మర ీ    ఎక్కువ    ఉన్న ాయి ,28,8
1416,"నిజంగా, చాలా అయోమయంగా ఉంది","నిజ ంగా,    చాలా    అయో మ యంగా    ఉంది ",23,7
1417,నేను యే భాష తీసుకుంటే బాగుంటుంది అంటావు,నేను    యే    భాష    తీసుకు ంటే    బా గు ంటు ంది    అ ంట ా వు ,34,13
1418,నీకు నచ్చింది తీసుకుంటే బావుంటుంది అనుకుంటున్నాను,నీ కు    న చ్చ ింది    తీసుకు ంటే    బా వు ంటు ంది    అను కుంటు న్న ాను ,45,15
1419,అలా అయితే నీకు నేర్చుకోటానికి ఆసక్తిగా ఉంటుంది,అలా    అయితే    నీ కు    నేర్చు కో టానికి    ఆస క్ తిగా    ఉంటుంది ,41,11
1420,"అంతేకాక, బలవంతంగా నేర్చుకుంటునట్టు అనిపించదు","అంత ే కా క,    బల వంతంగా    నేర్చు కుంటు న ట్టు    అనిప ించ దు ",41,13
1421,అదే కదా సమస్య,అదే    క దా    సమ స్య ,11,5
1422,నాకు ప్రతీ భాష ఇష్టం అనిపిస్తుంది,నాకు    ప్ర తీ    భాష    ఇష్ట ం    అని పి స్తుంది ,29,9
1423,"ఏమాత్రం వీలున్నా, అన్నీ తీసుకునేదాన్ని","ఏ మాత్ర ం    వీ లు న్న ా,    అన్న ీ    తీసుకు నే దాన్ని ",35,12
1424,వచ్చే సంవత్సరానికి ఒక్కటి మాత్రమే తీసుకోగలను,వచ్చే    సంవత్స రానికి    ఒక్క టి    మాత్రమే    తీసుకో గ లను ,40,9
1425,అయితే నీకు బాగా ఉపయోగ పడే భాష తీసుకోమంటాను,అయితే    నీ కు    బాగా    ఉపయోగ   పడ ే    భాష    తీసుకో మ ంట ాను ,36,12
1426,నీకు భవిష్యత్తులో సహాయపడేది,నీ కు    భవిష్య త్త ులో    సహాయపడ ే ది ,25,8
1427,భవిష్యత్తులో నువ్వు ఏమవ్వాలని అనుకుంటున్నావో నిర్ణయించుకున్నావా,భవిష్య త్త ులో    ను వ్వ ు    ఏ మ వ్వ ాలని    అను కుంటు న్నా వ ో    నిర్ణయించు కున్న ా వా ,59,19
1428,నేను అలాంటిది ఏమీ అనుకోలేదు,నేను    అలా ంట ి ది    ఏ మీ    అను కో లేద ు ,24,11
1429,యే రంగాలకి యే భాష ఉపయోగకరమో చెప్పగలవా,యే    రంగ ాల కి    యే    భాష    ఉపయోగ కర మ ో    చెప్ప గల వా ,32,13
1430,తరువాత ఎంచుకోవడంలో అది నిజంగా సాయపడుతుంది,తరువాత    ఎంచు కోవ డంలో    అది    నిజంగా    సాయ పడు తుంది ,37,9
1431,"నువ్వు లిటరేచర్ తీసుకోవాలి అనుకుంటే, ఫ్రెంచ్ తీసుకోవడం దానికి ఉత్తమం","ను వ్వ ు    లి ట రే చ ర్    తీసుకోవ ాలి    అను కుంటే,    ఫ్రెంచ్    తీసుకోవ డం    దానికి    ఉత్త మం ",61,18
1432,నువ్వు చదువుకోవాలంటే ఎన్నో సాహిత్య రచనలున్నాయి,ను వ్వ ు    చదు వు కోవ ాల ంటే    ఎన్న ో    సాహిత ్య    రచ నలు న్న ాయి ,42,16
1433,"అదే వినోద రంగంలోకి వెళ్ళాలి అనుకుంటే, కొరియన్ సాయపడుతుంది","అదే    వినో ద    రంగ ంలోకి    వెళ్ళ ాలి    అను కుంటే,    కొ రియ న్    సాయ పడు తుంది ",51,15
1434,"ఈరోజుల్లో కె-పాప్, ఇంకా కె-డ్రామాలను చాలా ఇష్టపడుతున్నారు","ఈ రోజ ుల్లో    కె - పా ప్ ,    ఇంకా    కె - డ్రా మ ాలను    చాలా    ఇష్ట పడు తున్న ారు ",52,19
1435,టూరిజంలో అయితే స్పానిష్ బాగా ఉపయోగపడుతుంది,టూ రిజ ంలో    అయితే    స్ప ాని ష్    బాగా    ఉపయోగ పడు తుంది ,38,11
1436,ఇవన్నీ వినడానికి చాలా బాగున్నాయి,ఇ వ న్నీ    వి న డానికి    చాలా    బా గు న్న ాయి ,29,11
1437,నా పై చదువులకి సైన్స్ తీసుకుంటా అనుకుంటున్నా,నా    పై    చదు వ ుల కి    సై న్స్    తీసుకు ంట ా    అను కుంటు న్నా ,39,14
1438,సైన్స్ చదువులకి యేయే భాషలు మంచివి,సై న్స్    చదు వ ుల కి    యే యే    భాష లు    మంచి వి ,29,12
1439,నీకు జర్మన్ అయితే బెస్టు అవుతుంది,నీ కు    జర్మ న్    అయితే    బె స్టు    అవు తుంది ,29,9
1440,"మొట్టమొదటి సైంటిఫిక్ పత్రాలు జర్మన్లోనే వ్రాయబడ్డాయి కాబట్టి, అది ఎంతో ఉపయోగపడుతుంది","మొట్టమొదటి    సై ంట ి ఫ ిక్    పత్ర ాలు    జర్మ న్ లోనే    వ్రాయ బడ్డ ాయి    కాబట్టి,    అది    ఎంతో    ఉపయోగ పడు తుంది ",76,20
1441,"పైగా, జర్మనీలో చాలానే పై చదువులకు అవకాశాలు ఉన్నాయి","పై గా,    జర్మ నీ లో    చాలా నే    పై    చదు వ ులకు    అవకాశ ాలు    ఉన్న ాయి ",44,15
1442,"కానీ, నువ్వు టెక్నాలజీ రంగంలోకి వెళ్ళాలి అనుకుంటే, చైనీస్ అయితే మంచిది అనుకుంటున్నారు","కానీ,    ను వ్వ ు    టెక్ నాల జీ    రంగ ంలోకి    వెళ్ళ ాలి    అను కుంటే,    చైనీస్    అయితే    మంచి ది    అను కుంటు న్న ారు ",76,21
1443,వాళ్ళు కనిపెడుతున్న సాంకేతికతలతో సమంగా నడవాలంటే దీని అవసరమే ఉంటుంది,వా ళ్ళు    కని పె డు తున్న    సాంకే తిక త లతో    సమ ంగా    నడ వాల ంటే    దీని    అవసర మే    ఉంటుంది ,60,19
1444,భవిష్యత్తులో ఎంచుకోడానికి ఇది ఖచ్చితంగా సాయపడుతుంది అని నమ్ముతున్నా,భవిష్య త్త ులో    ఎంచు కో డానికి    ఇది    ఖచ్చిత ంగా    సాయ పడు తుంది    అని    నమ్ము తున్న ా ,61,16
1445,ప్రియమైన విద్యార్థులారా శుభోదయం,ప్రియ మైన    విద్యార్థ ుల ారా    శు భో ద యం ,29,9
1446,అందరు బాగున్నారనుకుంటా,అంద రు    బా గు న్న ార ను కుంట ా ,21,9
1447,ముందు క్లాసులో నదుల గురించి మాట్లాడుకోవటం ఎలా మొదలుపెట్టాం గుర్తుందా,ముందు    క్ లా సులో    నదుల    గురించి    మాట్లాడు కోవ టం    ఎలా    మొదలు పెట్ట ా ం    గుర్తు ంద ా ,61,17
1448,మన దేశంలో ప్రసిద్ధ నదులలో కొన్నిటి గురించి వాటి ప్రత్యేక లక్షణాల గురించి మీకేం తెలుసో చెప్తారా,మ న    దేశంలో    ప్రసిద్ధ    నద ులలో    కొన్ని టి    గురించి    వాటి    ప్రత్యేక    లక్షణ ాల    గురించి    మీ కే ం    తెలు స ో    చె ప్ తార ా ,82,24
1449,శుభోదయ లీయా మిస్,శు భో ద య    లీ యా    మి స్ ,14,8
1450,నాకు ముందు క్లాసులో చెప్పుకున్న కొన్ని నదులు గుర్తున్నాయి,నాకు    ముందు    క్ లా సులో    చె ప్పు కున్న    కొన్ని    నదులు    గుర్ తున్న ాయి ,51,13
1451,"మనం గంగా నదితో మొదలుపెట్టాం, దానినే గ్యాంజెస్ అని కూడా అంటారు, ఇది భారతదేశంలో అన్నిటికంటే పొడవాటి నది, దానికి ఎంతో మతపర ప్రాముఖ్యత ఉంది, కానీ అది ఎక్కువగా కలుషితమైన నదులలో ఒకటి కూడా","మ నం    గంగా    నద ితో    మొదలు పెట్ట ా ం,    దాని నే    గ ్యా ం జె స్    అని    కూడా    అ ంట ారు,    ఇది    భారతదేశంలో    అ న్ని టిక ంటే    పొడ వాటి    నది,    దానికి    ఎంతో    మత ప ర    ప్రాముఖ్యత    ఉంది,    కానీ    అది    ఎక్కువగా    కలు ష ిత మైన    నద ులలో    ఒకటి    కూడా ",156,48
1452,"ఇది హిమాచల్ ప్రదేశ్ లోని గంగోత్రి నుండి పుట్టి, సుమారు 2525 కిమి ల పొడవు ఉండి, 15 కంటే ఎక్కువ ముఖ్య భారతీయ నగరాల గుండా ప్రవహిస్తోంది","ఇది    హిమా చ ల్    ప్రదేశ్    లోని    గ ంగ ో త్ర ి    నుండి    పు ట్టి,    సుమారు    25 25    కి మి    ల    పొడవు    ఉండి,    15    కంటే    ఎక్కువ    ముఖ ్య    భారతీయ    నగర ాల    గుండా    ప్రవహి స్త ో ంది ",112,35
1453,"ఇంకా, ప్రపంచంలోనే అతి పెద్ద డెల్టాలను ఏర్పరిచింది: పశ్చిమ బెంగాల్ లోని సుందర్బన్లు","ఇం కా ,    ప్రపంచంలోనే    అతి    పెద్ద    డెల్ ట ాలను    ఏర్ పరిచ ింది :    పశ్చిమ    బెంగాల్    లోని    సు ంద ర్ బ న్లు ",73,21
1454,ఇండస్ గురించి గుర్తుందా,ఇండ స్    గురించి    గుర్తు ంద ా ,21,6
1455,"ఈ నది ప్రాచీన మనవ నాగరికతలలో అతి పెద్దదైన ఇండస్ లోయ నాగరికతకు దారి తీసింది, ఘనమైన చారిత్రక విలువను కలిగి ఉన్నది","ఈ    నది    ప్రాచీన    మన వ    నాగ రిక త లలో    అతి    పెద్ద దైన    ఇండ స్    లోయ    నాగ రిక తకు    దార ి    తీ స ింది,    ఘ నమైన    చారిత్రక    విలువ ను    కలిగి    ఉన్న ది ",95,31
1456,"అవును, మీరు దాన్ని సింధు అని కూడా అంటారని చెప్పారు","అవు ను,    మీరు    దాన్ని    సింధు    అని    కూడా    అ ంట ారని    చెప్ప ారు ",43,12
1457,"అది చైనా, పాకిస్తాన్, ఇంకా భారత్ గుండా ప్రవహిస్తుంది","అది    చై నా,    పాకిస్తా న్,    ఇంకా    భారత్    గుండా    ప్రవహి స్తుంది ",46,10
1458,"భారతదేశంలో ఐదు శాతం వంతు మాత్రమే ఉంటుంది, అయినా కూడా నాగరికత, ఇంకా ఆర్థికవ్యవస్థ విషయాలలో ఘనమైన చారిత్రక విలువ కలిగి ఉన్నది","భారతదేశంలో    ఐదు    శాతం    వంత ు    మాత్రమే    ఉంటుంది,    అయిన ా    కూడా    నాగ రిక త,    ఇంకా    ఆర్థ ిక వ్యవస్థ    విషయ ాలలో    ఘ నమైన    చారిత్రక    విలువ    కలిగి    ఉన్న ది ",107,26
1459,"మేడమ్, ఇండియా మరియు ఇండస్ పదాలకు గల సంబంధం గురించి కూడా చెప్పారు; దయచేసి అంత వరకు భాగాన్ని మళ్ళీ చెప్తారా","మే డ మ్,    ఇండియా    మరియు    ఇండ స్    పద ాలకు    గల    సంబంధం    గురించి    కూడా    చెప్ప ారు ;    దయ చేసి    అంత    వరకు    భాగాన్ని    మళ్ళీ    చె ప్ తార ా ",90,26
1460,"ఇండస్ జలమార్గం వాయువ్య భారత్ గుండా పాకిస్తా‌న్‌లోకి ప్రవహిస్తుంది, దీనికి సింధు అనే సంస్కృత పదం నుండి ఆ పేరు వచ్చింది","ఇండ స్    జల మార్గం    వాయువ్య    భారత్    గుండా    పాకిస్తా ‌ న్‌ లోకి    ప్రవహి స్తుంది,    దీనికి    సింధు    అనే    సంస్కృ త    పదం    నుండి    ఆ    పేరు    వచ్చ ింది ",102,24
1461,"పర్షియన్లు ఇండస్ జలమార్గం చుట్టుప్రక్క ప్రాంతానికి హిందూగా పేర్కొన్నది, ఇది సంస్కృత నామం సింధుకి వికృత పదం, అలా ఇండియా అనే పేరు ఇండస్ నుండి వచ్చింది","పర్ షియ న్లు    ఇండ స్    జల మార్గం    చుట్టు ప్ర క్క    ప్రాంతానికి    హింద ూ గా    పేర్కొ న్న ది,    ఇది    సంస్కృ త    నా మం    సింధ ు కి    విక ృ త    పద ం,    అలా    ఇండియా    అనే    పేరు    ఇండ స్    నుండి    వచ్చ ింది ",129,39
1462,"అవును, మీరు ఇదంతా చెప్పారు, ధన్యవాదాలు","అవు ను,    మీరు    ఇ ద ంత ా    చెప్ప ారు,    ధ న్య వాద ాలు ",34,13
1463,కొంతకాలం క్రిందట భారత్ లోని అతి పెద్ద నది అయిన బ్రహ్మపుత్ర గురించి కొన్ని విషయాలు చర్చించుకున్నాం గుర్తుందా,కొంత కాలం    క్ర ింద ట    భారత్    లోని    అతి    పెద్ద    నది    అయిన    బ్రహ్మ పుత్ర    గురించి    కొన్ని    విషయ ాలు    చర్చ ించు కున్న ా ం    గుర్తు ంద ా ,94,25
1464,"అది ఎక్కడ పుట్టింది, దానికి అక్కడ ఎలా ఒక భిన్నమైన పేరు వచ్చింది అని","అది    ఎ క్కడ    పుట్ట ింది,    దానికి    అక్కడ    ఎలా    ఒక    భిన్న మైన    పేరు    వచ్చ ింది    అని ",57,15
1465,"ఇది కైలాస పర్వతం సమీపంలోని యాంగ్సి గ్లేసియర్ వద్ద పుట్టింది, దీనికి యార్లంగ్ సాంగ్పో అని కూడా పేరుంది","ఇది    కై లా స    పర్వ తం    సమీపంలోని    యా ంగ్ సి    గ్ లే స ియర్    వద్ద    పుట్ట ింది,    దీనికి    యార్ ల ంగ్    సా ంగ్ ప ో    అని    కూడా    పేరు ంది ",88,29
1466,"దాని ముఖద్వార ప్రాంతం 13 కోట్ల జనాభాకు ఆవాసం కాగా 6, 00, 000 మంది జనాలు నదీతీర లంకలలో నివసిస్తున్నారు","దాని    ముఖ ద్వార   ప్రాంతం    13    కోట్ల    జనాభా కు    ఆ వా సం    కా గా    6 ,    00 ,    0 00    మంది    జన ాలు    న దీ తీ ర    ల ంక లలో    నివసి స్తున్న ారు ",86,32
1467,"కాని మేడమ్, గంగా, బ్రహ్మపుత్రాల రెండూ భారత్ లోని అతి పెద్ద నదులు ఎలా అవుతాయి","కాని    మే డ మ్,    గ ంగా,    బ్రహ్మ పు త్ర ాల    రెండూ    భారత్    లోని    అతి    పెద్ద    నదులు    ఎలా    అవు త ాయి ",65,20
1468,బ్రహ్మపుత్ర గంగ కంటే పొడవైనదని స్పష్టంగా తెలుస్తోంది కదా,బ్రహ్మ పుత్ర    గ ంగ    కంటే    పొడ వై నద ని    స్పష్టంగా    తెలు స్త ో ంది    క దా ,50,16
1469,గంగ అతి పొడవైనది అయితే బ్రహ్మపుత్ర మాత్రం నీటి ప్రవాహ పరిమాణంలో అతి పెద్దది,గ ంగ    అతి    పొడ వై నది    అయితే    బ్రహ్మ పుత్ర    మాత్ర ం    నీటి    ప్రవాహ   పరిమాణ ంలో    అతి    పెద్ద ది ,65,18
1470,"గంగ తరువాత గోదావరి రెండవ అతి పొడవైనది, అలాగే దక్షిణాదిలోనే అతిపొడవైన నదిగా 'దక్షిణ గంగ'గా కూడా పేరు ఉన్నది","గ ంగ    తరువాత    గో దా వరి    రెండవ    అతి    పొడ వై నది,    అలాగే    దక్షిణా ది లోనే    అతి పొడవైన    నది గా    ' దక్షిణ    గ ంగ ' గా    కూడా    పేరు    ఉన్న ది ",92,29
1471,ఎన్నో సహాస్రాబ్దాలుగా ఈ నది హిందూ గ్రంథాలలో పూజించబడి ఇప్పటికీ సుసంపన్నమైన సాంస్కృతిక వారసత్వ రక్షణను పోషిస్తోంది,ఎన్న ో    స హాస ్రా బ్ద ాలుగా    ఈ    నది    హిందూ    గ్రంథ ాలలో    పూ జ ించబడి    ఇప్పటికీ    సు సం పన్న మైన    సాంస్కృతిక    వారసత్వ    రక్ష ణను    పోషి స్త ో ంది ,101,28
1472,ఇంకా కృష్ణా-గోదావరి నదీ పరీవాహక ప్రాంతం అంతరించిపోతున్న ఆలివ్ రిడ్లీ తాబేళ్లకు ముఖ్యమైన ఆశ్రయ ప్రాంతాలలో ఒకటి కూడా,ఇంకా    కృ ష్ ణా - గో దా వరి    నదీ    పరీవాహక    ప్రాంతం    అంత రించ ిపో తున్న    ఆ లి వ్    రి డ్ లీ    తా బే ళ్ లకు    ముఖ్యమైన    ఆశ్ర య    ప్రాంతాలలో    ఒకటి    కూడా ,101,31
1473,నిజంగానే,నిజ ంగా నే ,8,3
1474,నీకు నదుల గురించి మంచి అవగాహన ఉందని తెలిసి నాకు చాలా సంతోషంగా ఉంది,నీ కు    నదుల    గురించి    మంచి    అవగాహ న    ఉందని    తెలి సి    నాకు    చాలా    సంతోష ంగా    ఉంది ,56,15
1475,"ధన్యవాదాలు మేడమ్, ఇందులో చాలావరకు ముందు క్లాసులో మీరు నేర్పినదే","ధ న్య వాద ాలు    మే డ మ్,    ఇందులో    చాలా వరకు    ముందు    క్ లా సులో    మీరు    నే ర్ పి నద ే ",56,20
1476,తరువాతి దానిలో ఇంకా నేర్చుకుందాం,తరువాతి    దాని లో    ఇంకా    నేర్చు కు ంద ా ం ,29,9
1477,టైమ్ అయ్యింది,టై మ్    అయ్య ింది ,12,4
1478,రేపు కలుద్దాం పిల్లలు,రే పు    కలు ద్ దా ం    పిల్లలు ,19,7
1479,"హలో, దేనికో ఆందోళన పడుతున్నట్లు ఉన్నావు, ఏం జరిగింది","హ లో,    దే నిక ో    ఆందోళ న    పడు తున్న ట్లు    ఉన్న ా వు,    ఏ ం    జరిగ ింది ",46,17
1480,"అవును, గంటల తరబడి ఒడిషా తుఫాను గురించి తాజా వార్తలు చూస్తూ ఉన్నాను","అవు ను,    గంటల    తర బడి    ఒడి షా    తుఫాను    గురించి    తా జా    వార్ తలు    చూ స్తూ    ఉన్న ాను ",57,17
1481,"తుఫాను వచ్చి ఇవాళ రెండో రోజు, నగరమంతా అస్తవ్యస్తంగా ఉంది","తుఫాను    వచ్చి    ఇ వా ళ    రెండో    రోజ ు,    నగర మంత ా    అ స్త వ్య స్త ంగా    ఉంది ",49,17
1482,కనీస అవసరాల కోసం కూడా బయటకి వెళ్ళడం కష్టంగా ఉంది,కనీ స    అవసర ాల    కోసం    కూడా    బయట కి    వెళ్ళ డం    కష్ట ంగా    ఉంది ,41,13
1483,"అదృష్టం కొద్దీ మా ప్రాంతంలో ఇంకా కరెంటు ఉంది, చాలా వరకు ప్రాంతాలలో లేదు","అద ృష్ట ం    కొద్ద ీ    మా    ప్రాంతంలో    ఇంకా    క రె ంట ు    ఉంది,    చాలా    వరకు    ప్రాంతాలలో    లేద ు ",61,18
1484,"విని చాలా బాధ వేసింది, నీవు మీ కుటుంబమంతా ఇంకా నువ్వు క్షేమమే కదా","విని    చాలా    బాధ   వేస ింది,    నీ వు    మీ    కుటుంబ మంత ా    ఇంకా    ను వ్వ ు    క్షే మ మే    క దా ",55,20
1485,ఇది ఇంకెంత కాలం కొనసాగుతుందో నీకేమైన తెలుసా,ఇది    ఇం కె ంత    కాలం    కొనసాగు తు ందో    నీ కే మైన    తెలు సా ,38,13
1486,"ముందుస్తు వాతావరణ సూచన, ఇంకా ఇప్పుడు తాజాగా చెప్పిన దానిని బట్టి సుమారు 3 రోజుల పాటు ఉంటుంది","ముందు స్తు    వాతావరణ    సూచ న,    ఇంకా    ఇప్పుడు    తా జా గా    చెప్ప ిన    దానిని    బట్టి    సుమారు    3    రోజుల    పాటు    ఉంటుంది ",79,19
1487,కానీ దీని పర్యావసానాల గురించే నాకు ఎక్కువ దిగులుగా ఉంది,కానీ    దీని    పర్యా వ సా నాల    గు రించ ే    నాకు    ఎక్కువ    దిగ ులుగా    ఉంది ,48,14
1488,"గతంలో తుఫాను 2020 సంవత్సరంలో వచ్చింది, 2 రోజులపాటు నడిచింది, కొన్ని ప్రాంతాల్లో కరెంటు తిరిగి రావడానికి దాదాపు 15 రోజులు పట్టింది","గతంలో    తుఫాను    2020    సంవత్సరంలో    వచ్చ ింది,    2    రోజ ుల పాటు    నడి చ ింది,    కొన్ని    ప్రాంతాల్లో    క రె ంట ు    తిరిగి    రావ డానికి    దాదాపు    15    రోజ ులు    పట్ట ింది ",113,28
1489,ఇటువంటి ప్రకృతి వైపరీత్యం ఏదో ఒకటి ఎప్పుడైనా జరిగినప్పుడు ఒడిషాకు ఇటువంటి నష్టం వాటిల్లే అవకాశం చాలా ఎక్కువ,ఇ టువంటి    ప్ర కృతి    వై పరీ త ్యం    ఏద ో    ఒకటి    ఎ ప్పుడ ైనా    జరిగ ినప్పుడు    ఒడి షా కు    ఇ టువంటి    నష్ట ం    వా టి ల్ల ే    అవకాశం    చాలా    ఎక్కువ ,94,30
1490,"నువ్వు ఒడిషాకు 2020 సంవత్సరంలో వచ్చావు, తుఫాను వచ్చినప్పుడు ఇక్కడే ఉన్నవా","ను వ్వ ు    ఒడి షా కు    2020    సంవత్సరంలో    వచ్చ ా వు,    తుఫాను    వచ్చ ినప్పుడు    ఇక్క డే    ఉన్న వా ",65,18
1491,"లేదు, అదృష్టం కొద్దీ తుఫానుకి సరిగ్గా ఒక వారం ముందే వెళ్లిపోయాను","లేదు,    అద ృష్ట ం    కొద్ద ీ    తుఫా ను కి    సరి గ్గా    ఒక    వారం    ముందే    వెళ్లి పో యా ను ",56,18
1492,"ఇక్కడ ఉంటున్నవాళ్ళకి ఎలా ఉంటుందో తెలియదు, ఎంత అసహాయతో","ఇక్కడ    ఉంటు న్న వా ళ్ళ కి    ఎలా    ఉంటు ందో    తెలియ దు,    ఎంత    అ సహాయ తో ",47,15
1493,మరీ ముఖ్యంగా తీర ప్రాంత ప్రజలు,మర ీ    ముఖ్యంగా    తీ ర    ప్రాంత   ప్రజలు ,26,7
1494,ఈ జనం తిరిగి ఇళ్ళు కట్టుకుని బ్రతుకుదెరువు సంపాదించుకునేందుకు ప్రభుత్వం వీళ్ళకు సాయం చేస్తుందా,ఈ    జనం    తిరిగి    ఇ ళ్ళు    కట్టు కుని    బ్ర తు కు దె రు వు    సంపాద ించు కునే ందుకు    ప్రభుత్వం    వీ ళ్ళ కు    సాయ ం    చేస్తు ంద ా ,84,26
1495,ఏళ్ల తరబడి కష్టం ఒక్క రోజులో పోగొట్టుకోవడం దారుణంగా ఉండాలి,ఏళ్ల    తర బడి    కష్ట ం    ఒక్క    రోజ ులో    పో గొ ట్టు కోవడం    దార ు ణంగా    ఉండ ాలి ,51,17
1496,"ప్రభుత్వం వీలైనంత సహాయం అందిస్తుంది, ముఖ్యంగా ప్రజలను ఎక్కువగా పట్టించుకోని గ్రామీణ ప్రాంతాలలో","ప్రభుత్వం    వీ లైన ంత    సహాయం    అంది స్తుంది,    ముఖ్యంగా    ప్రజ లను    ఎక్కువగా    పట్ట ించుకో ని    గ్రామీణ    ప్రాంతాలలో ",85,16
1497,పోయిన సారి పనులు త్వరగా పూర్తిచేయడానికి కూలీలను వేరువేరు రాష్ట్రాల నుండి తెప్పించారు,పోయ ిన    సారి    పన ులు    త్వరగా    పూర్ తి చేయడానికి    కూ లీ లను    వే రు వేరు    రాష్ట్రాల    నుండి    తె ప్ప ించారు ,75,20
1498,"చాలా ఇబ్బందులు పడుతున్న పిల్లలూ, వృద్ధులూ ఉన్నారని, కరెంటు త్వరగా తిరిగివచ్చేందుకు మునిసిపాలిటీ వాళ్ళు కూడా రాత్రింబవళ్ళు పని చేశారు","చాలా    ఇబ్బ ంద ులు    పడు తున్న    పిల్ల ల ూ,    వృద్ధ ుల ూ    ఉన్న ార ని,    క రె ంట ు    త్వరగా    తిరిగ ి వ చ్చే ందుకు    మునిసి పాలి టీ    వా ళ్ళు    కూడా    రాత్ర ిం బ వ ళ్ళు    పని    చేశ ారు ",118,39
1499,ఇలాంటి సమయాల్లో తీవ్రమైన వాతావరణ పరిస్థితులు ఎదుర్కునే ప్రాంతాల్లో ఒడిషా ఒకటి,ఇ లాంటి    సమయ ాల్లో    తీవ్రమైన    వాతావరణ    పరిస్థిత ులు    ఎదు ర్ కునే    ప్రాంతాల్లో    ఒడి షా    ఒకటి ,69,15
1500,ప్రజలకు సమయానికి సాయం అందుతుండడం సంతోషం,ప్రజ లకు    సమయ ానికి    సాయ ం    అందు తు ండ డం    సంతోష ం ,35,12
1501,అయినా కూడా ఇలాంటి తీవ్ర వాతావరణ పరిస్థితుల వల్ల అంతా ఇంత ఘోరంగా మారడం దురదృష్టకరం,అయిన ా    కూడా    ఇ లాంటి    తీవ్ర   వాతావరణ    పరిస్థిత ుల    వల్ల    అంత ా    ఇ ంత    ఘో ర ంగా    మార డం    దు ర దృష్ట కర ం ,70,24
1502,ఎన్నేళ్లుగా ఇక్కడ ఉంటున్నావు,ఎన్న ే ళ్ లుగా    ఇక్కడ    ఉంటు న్నా వు ,26,8
1503,ఇలాంటి వాతావరణం వల్ల ఎప్పుడైనా ఈ రాష్ట్రం వదిలేయాలని ఎప్పుడైనా అనిపించిందా,ఇ లాంటి    వాతావరణం    వల్ల    ఎ ప్పుడ ైనా    ఈ    రాష్ట్రం    వది లే య ాలని    ఎ ప్పుడ ైనా    అనిప ించ ింద ా ,66,20
1504,నేను ఇక్కడ ఉంటూ అప్పుడే 5 ఏళ్లయ్యింది,నేను    ఇక్కడ    ఉంట ూ    అ ప్పు డే    5    ఏ ళ్ల య్య ింది ,32,12
1505,"ఇక్కడ వాతావరణం బాగానే వుంటుంది, వేసవులు వేడిగా చెమ్మగా ఉన్నా కూడా, కానీ ఇతర విషయాలు బాగానే ఉంటాయి కాబట్టి నాకెపుడూ ఈ చోటు వదిలెళ్ళాలనిపించలేదు","ఇక్కడ    వాతావరణం    బా గానే    వు ంటు ంది,    వేస వులు    వే డిగా    చె మ్మ గా    ఉన్న ా    కూడ ా,    కానీ    ఇతర    విషయ ాలు    బా గానే    ఉంట ాయి    కాబట్టి    నా కె పు డ ూ    ఈ    చో టు    వది లె ళ్ళ ాల ని ప ించ లేద ు ",124,44
1506,వర్షాకాలం కాస్త కష్టంగా ఉన్నా కూడా ఇన్నేళ్లలో ఇప్పటికి అదుపులోకి వస్తోంది,వర్షా కాలం    కా స్త   కష్ట ంగా    ఉన్న ా    కూడా    ఇన్న ే ళ్ లలో    ఇ ప్ప టికి    అ దు పు లోకి    వస్త ో ంది ,65,23
1507,"అలాగా, అదుపులోకి వస్తున్నట్టుగానే అనిపిస్తోంది; త్వరగా అంతా కోలుకోవాలని కోరుకుంటున్నా","అలా గా,    అ దు పు లోకి    వ స్తున్న ట్టు గానే    అని పి స్త ో ంది ;    త్వరగా    అంత ా    కో లు కోవ ాలని    కోరు కుంటు న్నా ",78,26
1508,"ఏమనుకోకు, నేను ఇంక వెళ్ళాలి, తుఫాను గురించి తాజా కబురు ఏమైనా చెప్తావా","ఏ మను కో కు,    నేను    ఇం క    వెళ్ళ ాలి,    తుఫాను    గురించి    తా జా    క బు రు    ఏ మై నా    చె ప్ తా వా ",60,23
1509,"ప్రస్తుతం పరిస్థితులు ఎలా ఉన్నాయి, జనాలు ఇప్పుడు ఎలా ఎదుర్కుంటున్నారు","ప్రస్తుతం    పరిస్థిత ులు    ఎలా    ఉన్నాయి,    జన ాలు    ఇప్పుడు    ఎలా    ఎదు ర్ కుంటు న్న ారు ",62,14
1510,"సరుకులనీ, వైద్య సదుపాయాలనీ, మందులు, అత్యవసరమైన వస్తువుల రూపంలో ఎన్నో సంస్థలు, ఎప్పుడు అవసరమైతే అప్పుడు ప్రజలకు సాయం అందిస్తున్నారు","స రు కుల నీ,    వైద్య    స దు పాయ ాల నీ,    మంద ులు,    అత్య వ సర మైన    వస్తువుల    రూపంలో    ఎన్న ో    సంస్థ లు,    ఎ ప్పుడు    అవసర మై తే    అప్పుడు    ప్రజ లకు    సాయ ం    అంది స్తున్న ారు ",116,35
1511,చాలావరకు ప్రాంతాల్లో అవసరమైతే ఎటువంటి సాయమైనా అందించడానికి బృందాలు ఏర్పడ్డాయి,చాలా వరకు    ప్రాంతాల్లో    అవసర మై తే    ఎటువంటి    సాయ మై నా    అంద ించడానికి    బృంద ాలు    ఏర్పడ ్డ ాయి ,70,17
1512,ఓర్పుతో ఒకరికొకరం సాయపడటం తప్ప మేం చేయగలిగిందీ కూడా ఏమీలేదనుకో,ఓ ర్ పు తో    ఒక రిక ొ కర ం    సాయ పడ టం    తప్ప   మే ం    చేయ గలిగ ింద ీ    కూడా    ఏ మీ లేద ను కో ,55,25
1513,"అవును, అదీ నిజమే","అవు ను,    అద ీ    నిజ మే ",14,6
1514,"మీరంతా జాగ్రత్హగా ఉండండి, ఒకరినొకరు జాగ్రత్తగా చూసుకోండి","మీ ర ంత ా    జా గ్ర త్ హ గా    ఉండ ండి,    ఒకరి నొ క రు    జా గ్ర త్తగా    చూ సుకో ండి ",51,21
1515,ఇదంతా త్వరగా సర్దుకోవాలి అనుకుంటున్నా; ఇక్కడ నుండి మేము చేయగలిగేది ఏమైనా ఉంటే తెలియజేయి,ఇ ద ంత ా    త్వరగా    సర్ దు కోవ ాలి    అను కుంటు న్నా ;    ఇక్కడ    నుండి    మే ము    చేయ గలి గే ది    ఏ మై నా    ఉంటే    తెలియజే యి ,77,27
1516,తప్పకుండా చెప్తాను,తప్పకుండా    చె ప్ తాను ,17,4
1517,"మొత్తానికి, లాక్ డౌన్ సడలింపు మొదలయింది","మొత్త ానికి,    లా క్    డౌ న్    స డ లిం పు    మొద లయ ింది ",35,13
1518,ఇక పెద్ద పెద్ద ఆంక్షలు ఉండవు,ఇ క    పెద్ద    పెద్ద    ఆ ం క్ష లు    ఉండ వు ,24,10
1519,"ఇంకొక్క వారం ఇంట్లోనే ఉండాల్సి వస్తే, నేను పిచ్చోడిని అయిపోయేవాడిని","ఇం కొ క్క    వారం    ఇంట్ లోనే    ఉండ ాల్సి    వస్త ే,    నేను    పి చ్చ ో డిని    అయ ిపోయ ే వా డిని ",60,20
1520,ఇప్పుడు మాత్రం కాదని ఎవరన్నారు,ఇప్పుడు    మాత్ర ం    కా దని    ఎవర న్న ారు ,27,8
1521,"వేళాకోళం పక్కన పెడితే, అన్లాక్ మొదలైంది అంటే నీ ఇష్టం వచ్చిందల్లా చెయ్యచ్చు అని కాదు","వే ళ ా కో ళం    పక్క న    పెడ ితే,    అన్ లా క్    మొద లై ంది    అంటే    నీ    ఇష్ట ం    వచ్చ ింద ల్ల ా    చెయ్య చ్చ ు    అని    కా దు ",73,29
1522,ఇంకా రాత్రుళ్లు కర్ఫ్యూ ఉంటుంది,ఇంకా    రాత్ర ు ళ్లు    కర్ ఫ ్య ూ    ఉంటుంది ,28,9
1523,"మాస్క్ తప్పనిసరి, సామాజిక దూరం నియమాలు ఇంకా అమలులో ఉంటాయి","మా స్ క్    తప్పని సరి ,    సామాజిక    దూ రం    నియమాలు    ఇంకా    అమ లు లో    ఉంట ాయి ",50,16
1524,"మరీ ముఖ్యంగా, టీకా వేసుకోవడం మన తక్షణ కర్తవ్యం అవాలి","మర ీ    ముఖ్య ంగా,    టీ కా    వే సుకోవ డం    మ న    త క్ష ణ    కర్ త వ్య ం    అవ ాలి ",45,20
1525,"ఓహో, టీకాలు వేయించుకోవడం తప్పనిసరా","ఓ హో ,    టీ కాలు    వేయ ించు కోవడం    తప్పని సర ా ",31,11
1526,గతంలో ఒక సారి కోవిడ్ బారిన పడిన వ్యక్తికి మళ్ళీ రాకుండా ఉండదా,గతంలో    ఒక    సారి    కో వి డ్    బార ిన    పడిన    వ్యక్త ికి    మళ్ళీ    రా కుండా    ఉండ దా ,52,16
1527,దేవుడా,దేవు డా ,6,2
1528,ఇటువంటి తప్పు ఆలోచనలు ఎక్కడ నుండి వస్తాయి నీకు,ఇ టువంటి    తప్ప ు    ఆలోచ నలు    ఎ క్కడ    నుండి    వస్త ాయి    నీ కు ,40,13
1529,"లేదు, గతంలో ఒక సారి కోవిడ్ సోకిన వారికి మళ్ళీ రాకుండా ఉంటుందని లేదు","లేదు,    గతంలో    ఒక    సారి    కో వి డ్    సో క ిన    వారికి    మళ్ళీ    రా కుండా    ఉంటు ందని    లేద ు ",57,18
1530,"నిజానికి, ఆ రెంటికీ సంబంధమే లేదు","నిజ ానికి,    ఆ    రె ంట ిక ీ    సంబంధ మే    లేద ు ",28,11
1531,"అంతకంటే ముఖ్యం ఏంటంటే, టీకాలు వేయించుకోవడం పూర్తిగా అవసరం","అంతకంటే    ముఖ ్యం    ఏ ంట ంటే,    టీ కాలు    వేయ ించు కోవడం    పూర్తిగా    అవసరం ",51,13
1532,"ప్రతీ ఒక్కరూ ధృవీకరణ పొందిన రెండు టీకాలు కోవిషీల్డ్, కోవాగ్జిన్‌లలో ఏదో ఒకటి వేయించుకోవలసిందే","ప్ర తీ    ఒక్క రూ    ధృవీ కరణ    పొందిన    రెండు    టీ కాలు    కో విష ీ ల్ డ్,    కో వా గ్ జి న్‌ లలో    ఏద ో    ఒకటి    వేయ ించుకోవ ల స ింద ే ",83,30
1533,అంటే నువ్వు చెప్పేది నేను వెళ్ళి ముందు టీకా వేయించుకోవాలి ఇంక ఆ తరువాతనే సడలింపులో చేయాలనుకున్నవి చేయాలి,అంటే    ను వ్వ ు    చెప్ప ే ది    నేను    వెళ్ళ ి    ముందు    టీ కా    వేయ ించుకోవ ాలి    ఇం క    ఆ    తరువా త నే    స డ లిం పు లో    చేయ ాలను కున్న వి    చేయ ాలి ,91,33
1534,"ఒక్కటి కాదు, ఒకే వాక్సిన్‌వి రెండు డోసులు వేయించుకోవాలి","ఒక్క టి    కా దు,    ఒకే    వా క్ సి న్‌ వి    రెండు    డో సులు    వేయ ించుకోవ ాలి ",49,16
1535,"ఒక మాల్లోకి వెళ్లాలన్నా, ట్రైన్ లేదా ఫ్లైట్లో ప్రయాణించాలన్నా నీ వాక్సిన్ సర్టిఫికెట్లు చూపించమని అడుగుతారు","ఒక    మాల్ లోకి    వెళ్ల ాల న్న ా,    ట్ర ై న్    లేదా    ఫ్ లై ట్లో    ప్రయాణ ించ ాల న్నా    నీ    వా క్ సి న్    సర్ టి ఫ ికె ట్లు    చూప ించమని    అడుగు త ారు ",96,33
1536,అవునా,అవు నా ,5,2
1537,అడుగుతారా,అడుగు తార ా ,9,3
1538,ఇవన్నీ తెలియకుండా ఎలా ఉన్నాను,ఇ వ న్నీ    తెలియ కుండా    ఎలా    ఉన్న ాను ,26,8
1539,నిజానికి ఈ వేసవిలో నా కుటుంబంతో కలిసి సెలవులకి వెళ్దాం అనుకుంటూ ఉన్నా,నిజ ానికి    ఈ    వేస విలో    నా    కుటుంబ ంతో    కలిసి    సె లవ ుల కి    వెళ్ దా ం    అను కుంట ూ    ఉన్న ా ,60,21
1540,"అది చేయాలంటే, మీరందరూ కనీసం మొదటి డోసు కోవిడ్-19 టీకా అయినా వేయించుకోవాల్సిందే","అది    చేయ ాల ంటే,    మీ ర ంద రూ    కనీసం    మొదటి    డో సు    కో వి డ్ - 19    టీ కా    అయిన ా    వేయ ించుకోవ ాల్ స ింద ే ",69,27
1541,ఎంట్రన్సుల్లో మిమ్మల్ని వాక్సిన్ సర్టిఫికెట్లు అడుగుతారు,ఎంట ్ర న్స ుల్లో    మిమ్మల్ని    వా క్ సి న్    సర్ టి ఫ ికె ట్లు    అడుగు త ారు ,52,17
1542,తాజా వార్తల విషయంలో జాగ్రత్తగా ఉండండి,తా జా    వార్ తల    విషయంలో    జా గ్ర త్తగా    ఉండ ండి ,33,10
1543,"సరే, థాంక్‌యూ, ఇప్పటి వరకు నేను ఇంకేదో అనుకుంటూ ఉన్నాను","సర ే,    థా ం క్‌ యూ ,    ఇ ప్పటి    వరకు    నేను    ఇం కే ద ో    అను కుంట ూ    ఉన్న ాను ",48,20
1544,వీలైనంత త్వరగా టీకా వేయించుకుంటాను,వీ లైన ంత    త్వరగా    టీ కా    వేయ ించు కుంట ాను ,31,10
1545,"అవును మరి, ఈ మహమ్మారి ఇంకా వెళ్లి పోలేదని మనం మర్చిపోకూడదు","అవ ును    మ రి,    ఈ    మహ మ్ మార ి    ఇంకా    వెళ్లి    పో లేదని    మ నం    మర్ చి పో కూడ దు ",50,20
1546,కోవిన్ వెబ్‌సైట్లో నీ పేరు నమోదు చేసుకున్నావ్ అనుకుంటా,కో వి న్    వెబ్‌సై ట్లో    నీ    పేరు    నమోదు    చేసుకు న్నా వ్    అను కుంట ా ,48,14
1547,"ఔను, నమోదు చేసుకున్నాను","ఔ ను,    నమోదు    చేసుకున్న ాను ",21,5
1548,అయితే టీకా వేయించుకోడానికి తగిన రోజు ఎంచుకొని ఏర్పాటు చేసుకో,అయితే    టీ కా    వేయ ించుకో డానికి    త గిన    రోజు    ఎంచు కొని    ఏర్పాటు    చే సు కో ,53,15
1549,ఈపాటికే టీకా వేయించేసుకోని ఉండాల్సింది,ఈ పా టిక ే    టీ కా    వేయ ించే సుకో ని    ఉండ ాల్ స ింది ,35,14
1550,ఈరోజే వేయించేస్కుంటాను,ఈ రోజ ే    వేయ ించే స్ కుంట ాను ,21,8
1551,నా అపోహని తొలగించినందుకు థాంక్స్,నా    అ పో హ ని    తొలగ ించిన ందుకు    థా ం క్స్ ,29,11
1552,"అయ్యా, ఫిర్యాదు ఎక్కడ నమోదు చేయచ్చు","అయ ్యా ,    ఫిర్యా దు    ఎ క్కడ    నమోదు    చేయ చ్చ ు ",31,11
1553,ఎలాంటి ఫిర్యాదు చెయ్యాలి,ఎ లాంటి    ఫిర్యా దు    చెయ్య ాలి ,22,6
1554,"అయ్యా, మా గ్రామానికి శుభ్రమైన త్రాగే నీళ్ళు రావట్లేదు","అయ ్యా ,    మా    గ్రామ ానికి    శు భ్ర మైన    త్ర ా గే    నీ ళ్ళు    రావ ట్ లేద ు ",47,18
1555,"ప్రభుత్వం మాకు శుభ్రమైన నీళ్ళు ఇస్తామని మాటిచ్చింది, కాని మా గ్రామంలో రావట్లేదు","ప్రభుత్వం    మా కు    శు భ్ర మైన    నీ ళ్ళు    ఇ స్తా మని    మా టి చ్చ ింది,    కాని    మా    గ్రామంలో    రావ ట్ లేద ు ",70,22
1556,మీ గ్రామంలో ఇప్పటివరకు తనిఖియే జరగలేదా,మీ    గ్రామంలో    ఇ ప్ప టి వరకు    తని ఖ ియ ే    జరగ లేదా ,34,12
1557,"లేదయ్యా, ఆయన మా గ్రామానికి నెలలుగా రాలేదు","లేద య ్యా ,    ఆయన    మా    గ్రామ ానికి    నెల లుగా    రాల ే దు ",36,13
1558,మీది యే గామం,మీ ది    యే    గా మం ,10,5
1559,"అయ్యా, మాది మహువరియ గ్రామం","అయ ్యా ,    మా ది    మ హు వ రియ   గ్రామం ",23,10
1560,అక్కడ మీ గ్రామ పెద్ద ఎవరు,అక్కడ    మీ    గ్రా మ    పెద్ద    ఎ వ రు ,21,8
1561,"అయ్యా, నేనే ఆ గ్రామ పెద్దను","అయ ్యా ,    నే నే    ఆ    గ్రా మ    పెద్ద ను ",23,10
1562,"సరేనండి, మీ ఫిర్యాదు గురించి వివరంగా చెప్పండి","సర ే న ండి,    మీ    ఫిర్యా దు    గురించి    వివర ంగా    చెప్ప ండి ",40,12
1563,నేను దానికి నీటి సరఫరా విభాగం పర్యవేక్షకుడికి పంపుతాను,నేను    దానికి    నీటి    సరఫ రా    విభాగం    పర్య వేక్ష కు డికి    పం పు తాను ,48,13
1564,"అయ్యా, అసలు మాకు నీటి సరఫరానే చాలా ఇబ్బందులు పడిన తర్వాత వచ్చింది","అయ ్యా ,    అసలు    మా కు    నీటి    సరఫ రా నే    చాలా    ఇబ్బ ంద ులు    పడిన    తర్వాత    వచ్చ ింది ",56,18
1565,దానికోసం మేము ఈ ఆఫీసుకి తరచుగా రావలసి వచ్చేది,దాని కోసం    మే ము    ఈ    ఆ ఫీ సు కి    తరచుగా    రా వలసి    వ చ్చే ది ,39,15
1566,"దానికి, మేము సరైన నీటి సరఫరా కోసం, ఈ కార్యాలయం ముందర నిరసన కూడా చెయ్యవలసి వచ్చింది","ద ానికి,    మే ము    సరైన    నీటి    సరఫ రా    కోసం,    ఈ    కార్యాలయం    ముంద ర    నిరస న    కూడా    చెయ్య వలసి    వచ్చ ింది ",70,20
1567,"ఎన్నో ఇబ్బందులో పడిన తర్వాత అది వచ్చింది, కానీ ఇప్పుడు పైపుల్లో నుండి వచ్చే నీరు చాలా మురికిగా ఉంటోంది","ఎన్న ో    ఇబ్బ ందు లో    పడిన    తర్వాత    అది    వచ్చ ింది,    కానీ    ఇప్పుడు    పై ప ుల్లో    నుండి    వచ్చే    నీరు    చాలా    ము రిక ిగా    ఉంట ో ంది ",88,25
1568,"ఎంత మురికిగా ఉంటోందో, కొంచెం వివరంగా చెప్తారా","ఎంత    ము రిక ిగా    ఉంట ో ంద ో,    కొంచెం    వివర ంగా    చె ప్ తార ా ",40,15
1569,"మట్టిగా ఉంటున్నాయా, లేకపోతే ఏవైనా మలినాలు ఉంటున్నాయా","మట్ట ిగా    ఉంటు న్న ాయ ా,    లేకపో తే    ఏవైనా    మ లి నాలు    ఉంటు న్న ాయ ా ",47,16
1570,నీళ్ళు మట్టిగా ఉంటున్నాయండి,నీ ళ్ళు    మట్ట ిగా    ఉంటు న్న ాయ ండి ,25,8
1571,ఇంకా అందులో మలినాలు కూడా ఉంటున్నాయి,ఇంకా    అందులో    మ లి నాలు    కూడా    ఉంటు న్న ాయి ,31,9
1572,అవి వాడిన గ్రామస్తులు చాలా మంది చర్మ సంబంధ ఇబ్బందుల బారిన పడ్డారు,అవి    వాడ ిన    గ్రామ స్త ులు    చాలా    మంది    చర్ మ    సంబంధ   ఇబ్బ ంద ుల    బార ిన    పడ్డ ారు ,56,18
1573,"అయ్యో, అది చాలా తీవ్రమైన విషయం","అయ్య ో,    అది    చాలా    తీవ్రమైన    విష యం ",26,7
1574,"అవునండి, చాలా తీవ్రమైనదే","అవు న ండి,    చాలా    తీవ్ర మైన దే ",22,7
1575,"మా చెరువులలో, గొట్టపు బావుల్లో శుభ్రమైన నీళ్ళు రావు","మా    చె రు వ ుల లో,    గొట్ట పు    బా వ ుల్లో    శు భ్ర మైన    నీ ళ్ళు    రావు ",45,17
1576,ఆ నీళ్ళలో ఇనుము శాతం చాలా ఎక్కువగా ఉంటుంది,ఆ    నీ ళ్ళ లో    ఇ ను ము    శాతం    చాలా    ఎక్కువగా    ఉంటుంది ,36,11
1577,"కానీ ఇప్పటికైతే ఆ చెరువు, గొట్టపు బావులలో నీళ్ళు వాడుకోడం తప్ప వేరే దారి లేదు","కానీ    ఇ ప్పటిక ై తే    ఆ    చె రు వు,    గొట్ట పు    బా వ ులలో    నీ ళ్ళు    వాడు కో డం    తప్ప   వేరే    దార ి    లేద ు ",66,25
1578,దాని వల్ల తీవ్రమైన ఆరోగ్య సమస్యలు వస్తున్నాయి,దాని    వల్ల    తీవ్రమైన    ఆరోగ్య    సమస్య లు    వ స్తున్న ాయి ,40,9
1579,సరఫరా అవుతున్న నీళ్ళు తాగిన తర్వాత ఎవరైనా జబ్బు పడ్డారా,సరఫ రా    అవు తున్న    నీ ళ్ళు    తా గిన    తర్వాత    ఎవర ైనా    జ బ్బ ు    పడ్డ ారా ,48,16
1580,"లేదండి,ఎందుకంటే మేము వెంటనే అవి వాడటం పూర్తిగా ఆపేసాము","లేద ండి , ఎందుకంటే    మే ము    వెంటనే    అవి    వాడ టం    పూర్తిగా    ఆ పే సామ ు ",48,15
1581,"చాలా మంది గ్రామస్తులకు చర్మ సంబంధ ఇబ్బందులు వస్తున్నాయని చూసి, అవి వాడదతం ఆపేసాము","చాలా    మంది    గ్రామ స్త ులకు    చర్ మ    సంబంధ   ఇబ్బ ంద ులు    వ స్తున్న ాయని    చూ సి,    అవి    వాడ ద తం    ఆ పే సామ ు ",71,24
1582,"లేకపొతే, ఈపాటికి మాకు కడుపులో నొప్పి, విరేచనాలు లాంటి రోగాలు వచ్చి ఉండేవి","లే క పొ తే,    ఈ పాట ికి    మా కు    క డు పు లో    నొ ప్ప ి,    వి రే చ నాలు    లాంటి    రోగ ాలు    వచ్చి    ఉండే వి ",64,26
1583,మీ ఫిర్యాదును వెంటనే ఆ పర్యవేక్షకుడికి పంపుతాను,మీ    ఫిర్యా దును    వెంటనే    ఆ    పర్య వేక్ష కు డికి    పం పు తాను ,42,12
1584,పరిస్థితిని అంచనా వేయటానికి ఆయన వెంటనే ఎవరినైనా పంపుతారు,పరిస్థిత ిని    అంచనా    వేయ టానికి    ఆయన    వెంటనే    ఎ వరి నైనా    పం పు త ారు ,50,14
1585,మీరు ఇప్పుడు ఇంటికి వెళ్లిపోవచ్చు,మీరు    ఇప్పుడు    ఇంటికి    వెళ్లి పో వచ్చు ,30,6
1586,మిగతాది నేను చేస్తాను,మిగ తా ది    నేను    చే స్తా ను ,19,7
1587,"హే, నువ్వు ఎప్పుడూ ఉండే చోట కనబడలేదే","హ ే,    ను వ్వ ు    ఎప్పుడూ    ఉండే    చో ట    కన బడ లేద ే ",31,13
1588,ఈ రోజు ఎక్కడున్నావు,ఈ    రోజు    ఎక్క డు న్నా వు ,17,6
1589,నువ్వు ఎక్కడి నుంచో వస్తున్నట్లున్నావు,ను వ్వ ు    ఎక్క డి    ను ంచ ో    వ స్తున్న ట్ లు న్నా వు ,35,14
1590,ఎక్కడికి వెళ్ళావు,ఎక్క డికి    వెళ్ళ ా వు ,16,5
1591,"పెద్ద కథలే, కొంచెం సేపు ఆగు","పెద్ద    కథ లే ,    కొంచెం    సే పు    ఆ గు ",23,9
1592,నేను ఈ బట్టలు మార్చుకోవాలి,నేను    ఈ    బట్ట లు    మార్చు కోవ ాలి ,23,7
1593,"బట్టలంటే గుర్తొచ్చింది, నీవి చిరిగిపోయినట్లు, మురికిగా కనిపిస్తున్నాయి","బట్ట ల ంటే    గుర్త ొ చ్చ ింది,    నీ వి    చి రిగ ిపోయ ిన ట్లు,    ము రిక ిగా    కనిపి స్తున్న ాయి ",65,20
1594,అందుకే ఊర్లోకి వచ్చే ముందే వాటిని మార్చుకుంటున్నా,అందు కే    ఊ ర్ లోకి    వచ్చే    ముందే    వాటిని    మార్చు కుంటు న్నా ,44,11
1595,"ఇంకా, ఇకపై నేను మన మామూలుచోటుకు రాలేను","ఇం కా ,    ఇ క పై    నేను    మ న    మా మూ లు చో టుకు    రాల ే ను ",33,17
1596,ప్రతీవారం సిగరెట్లు కొనలేను,ప్రతీ వారం    సి గ రె ట్లు    కొన లే ను ,25,9
1597,నేను పొగతాగడం మానేద్దామని చూస్తున్నా,నేను    పొ గ తా గ డం    మా నే ద్ దా మని    చూ స్తున్న ా ,33,14
1598,"అబ్బో, అది అసలు అనుకోనిది","అ బ్బ ో,    అది    అసలు    అను కో ని ది ",22,9
1599,"ఇంకా, నీ ముందటి ప్రశ్నకు జవాబు","ఇం కా ,    నీ    ముంద టి    ప్రశ్ నకు    జ వా బు ",26,11
1600,పక్క ఊరు నుండి ఇప్పుడే వచ్చాను,ప క్క    ఊ రు    నుండి    ఇ ప్పు డే    వచ్చ ాను ,26,10
1601,ఈ మధ్య పడిన వర్షాలకు వాడుకోగలిగే రోడ్డు కొట్టుకుపోవడంతో వేరే వేరే వాహనాల్లో అడిగి అడిగి రావాల్సి వచ్చింది,ఈ    మధ్య    పడిన    వర్ష ాలకు    వాడు కో గలి గే    రోడ్ డు    కొ ట్టు కు పో వడంతో    వేరే    వేరే    వాహ న ాల్లో    అ డిగ ి    అ డిగ ి    రావ ాల్సి    వచ్చ ింది ,92,31
1602,అయినా అక్కడకి ఎందుకు వెళ్తున్నావు,అయిన ా    అక్క డ కి    ఎ ందుకు    వెళ్ తున్న ా వు ,30,11
1603,ఏదైనా విషయంలో సాయం కావాలంటే నన్ను అడిగుండాల్సింది కదా,ఏదైనా    విషయంలో    సాయ ం    కావాల ంటే    న న్ను    అ డి గుండ ాల్ స ింది    క దా ,47,16
1604,ఇందులో నాకు సాయంచేయమని అడగలేను,ఇందులో    నాకు    సాయ ం చేయమని    అడగ లే ను ,27,8
1605,నేను ఫుట్‌బాల్ ఆడటానికి రోజు మార్చి రోజు అక్కడికి వెళ్తాను,నేను    ఫుట్‌బాల్    ఆడ టానికి    రోజు    మార్చి    రోజు    అక్క డికి    వెళ్ తాను ,51,11
1606,"ఆ ఊరుకు అవతలి పక్కన గోల్ పోస్ట్‌లు, నెట్‌లు ఉండే ఒక ఆట స్థలం ఉంది","ఆ    ఊ రుకు    అవ త లి    పక్క న    గోల్    పో స్ట్‌ లు,    నెట్‌ లు    ఉండే    ఒక    ఆట    స్థలం    ఉంది ",54,19
1607,"అది అది ప్రభుత్వ ఆస్తి కాబట్టి, ఎవరైనా వెళ్లి ఆడుకోవచ్చు","అది    అది    ప్రభుత్వ    ఆస్త ి    కాబట్టి,    ఎవర ైనా    వెళ్లి    ఆడు కో వచ్చు ",49,12
1608,"అయితే ఆడుకోడానికి స్థలం, సమయం దొరకాలని నువ్వు పెందలాడే వెళ్తావు కదా","అయితే    ఆడు కో డానికి    స్థల ం,    సమయం    దొ ర కాల ని    ను వ్వ ు    పె ంద ల ాడ ే    వెళ్ తా వు    క దా ",59,24
1609,"అవును, నేను అక్కడికి కనీసం 7:30 లోపల చేరుకోవాలి","అవు ను,    నేను    అక్క డికి    కనీసం    7 : 30    లోపల    చేరు కోవ ాలి ",41,13
1610,అంటే నేను 5 లోపల ఇంట్లోంచి బయలుదేరాలి,అంటే    నేను    5    లోపల    ఇంట్ లో ంచి    బయలుదే రాల ి ,32,10
1611,"ఇది ఊపిరి సలపనీయడం లేదు, కాని ఏం చేయగలం","ఇది    ఊ పి రి    సల ప నీయ డం    లేదు,    కాని    ఏ ం    చేయ గల ం ",33,15
1612,ఈ ఊర్లో వాడకుండా పడున్న ఒక్క ఖాళీ స్థలం కూడా లేదు,ఈ    ఊ ర్ లో    వాడ కుండా    పడు న్న    ఒక్క    ఖా ళ ీ    స్థలం    కూడా    లేద ు ,41,16
1613,అది నిజమే అనుకుంటా,అది    నిజ మే    అను కుంట ా ,16,6
1614,ఏదైనా ఓ స్థలాన్ని ఖాళీ చేయగలరేమో అని ఎవరైనా పెద్దవారిని అడిగావా,ఏదైనా    ఓ    స్థ లాన్ని    ఖా ళ ీ    చేయ గల రే మ ో    అని    ఎవర ైనా    పెద్ద వారిని    అ డి గా వా ,55,21
1615,"లేదు, అసలు వారికేం పట్టింది","లేదు,    అసలు    వార ికే ం    పట్ట ింది ",24,7
1616,"వాళ్ళు వాళ్ళ రాజకీయ, మత సంబంధ విషయాలలో మునిగి పోయి ఉంటారు","వా ళ్ళు    వా ళ్ళ    రాజకీయ ,    మత    సంబంధ   విషయ ాలలో    ముని గ ి    పోయ ి    ఉంట ారు ",49,17
1617,మా ఇంట్లో వాళ్ళు కూడా నన్ను బడికి వెళ్ళడం మానుకొని డబ్బు సంపాదించడానికి పని చేయడం మొదలుపెట్టమని అంటున్నారు,మా    ఇంట్లో    వా ళ్ళు    కూడా    న న్ను    బడ ికి    వెళ్ళ డం    మా ను కొని    డబ్బు    సంపాద ించడానికి    పని    చేయడం    మొదలు పెట్ట మని    అ ంటు న్న ారు ,93,26
1618,వాళ్ళు నన్ను ఫుట్‌బాల్ ఆడమని ప్రోత్సహిస్తారనుకుంటావా,వా ళ్ళు    న న్ను    ఫుట్‌బాల్    ఆడ మని    ప్రో త్స హి స్త ార ను కుంట ా వా ,48,16
1619,"నేనది అర్థం చేసుకుంటాను, చాలా బాధాకరమైన విషయం","నే నది    అర్థం    చేసుకు ంట ా ను,    చాలా    బా ధా కరమైన    విష యం ",40,13
1620,నిజానికి ఇక్కడ ఏదైనా సరిగ్గా ఆడటానికి కనీసం వసతులు కూడా లేవు,నిజ ానికి    ఇక్కడ    ఏదైనా    సరి గ్గా    ఆడ టానికి    కనీసం    వస తులు    కూడా    లే వు ,52,14
1621,నేను బూట్లు కొనుక్కోవాలని చిల్లరఖర్చుల డబ్బును దాచుకుంటున్నాను,నేను    బూ ట్లు    కొను క్ కోవ ాలని    చి ల్ల ర ఖర్చ ుల    డబ్బును    దా చు కుంటు న్న ాను ,57,18
1622,ఆపై నేను ట్రై-అవుట్‌లను లక్ష్యంగా చేసుకుంటాను,ఆపై    నేను    ట్ర ై - అవు ట్‌ లను    లక్ష్య ంగా    చేసుకు ంట ాను ,41,13
1623,చూద్దాం ఏమవుతుందో,చూ ద్ దా ం    ఏ మవు తు ందో ,16,8
1624,ఈ ఏడాది రెజిల్‌మేనియా చూసావా,ఈ    ఏడా ది    రె జి ల్‌ మే నియా    చూ సా వా ,25,11
1625,"అయితే, ఏంటో వేరేగా అనిపించింది, కాని రోడ్ తిరిగి రావడంతో అది ఖచ్చితంగా ఆహ్లాదకరంగా అనిపించింది","అయితే,    ఏ ంట ో    వే రే గా    అనిప ించింది,    కాని    రో డ్    తిరిగి    రా వడంతో    అది    ఖచ్చిత ంగా    ఆహ్ లా ద కర ంగా    అనిప ించ ింది ",83,26
1626,"మామూలుగా నేను రెజ్లింగ్ ఎక్కువ చూడను, కాని ఈ ఏడాది రెజిల్‌మేనియా కోసం ఎదురుచూసాను","మా మూ లుగా    నేను    రె జ్ లింగ్    ఎక్కువ    చూడ ను,    కాని    ఈ    ఏడా ది    రె జి ల్‌ మే నియా    కోసం    ఎదు రు చూ సా ను ",71,25
1627,"అయితే నేను అది చూడలేకపోయాను, తర్వాత హైలైట్స్ మాత్రం చూసాను","అయితే    నేను    అది    చూడ లేకపో యా ను,    తర్వాత    హై లై ట్స్    మాత్ర ం    చూ సా ను ",51,16
1628,అది ఎక్కడ అందుబాటులో ఉండిందో నాకు తెలియలేదు,అది    ఎ క్కడ    అందుబాటులో    ఉండ ింద ో    నాకు    తెలియ లేద ు ,38,11
1629,నేను యుట్యూబ్‌లో ప్రత్యక్ష ప్రసారం ఉండిందనుకున్నా,నేను    యు ట్యూ బ ్‌లో    ప్రత్య క్ష    ప్రసార ం    ఉండ ింద ను కున్న ా ,45,14
1630,కాని నేను అది సోనీ టెన్ 1లో చూసాను,కాని    నేను    అది    సో నీ    టె న్    1లో    చూ సా ను ,28,11
1631,డబ్ల్యూడబ్ల్యూఇ నెట్‌వర్క్‌లో కూడా దాన్ని ప్రత్యక్ష ప్రసారం చేసారు,డబ్ల ్య ూడ బ్ల ్యూ ఇ   నెట్‌ వర్ క్‌లో    కూడా    దాన్ని    ప్రత్య క్ష    ప్రసార ం    చేస ారు ,60,17
1632,"ఓహ్, సోనీ ఛానల్‌లో అది అందుబాటులో ఉండిందని నాకు తెలియదు","ఓ హ ్,    సో నీ    ఛా న ల్‌లో    అది    అందుబాటులో    ఉండ ిందని    నాకు    తెలియ దు ",48,15
1633,"నిజానికి అది 2 రోజుల హైలైట్, రోజంతా చూపించారు","నిజ ానికి    అది    2    రోజుల    హై లై ట్,    రోజ ంత ా    చూప ించారు ",39,13
1634,సోనీ టెన్ 3లో దానిని హిందీలో కూడా చూడవచ్చు,సో నీ    టె న్    3లో    దానిని    హింద ీలో    కూడా    చూడ వచ్చు ,36,11
1635,నేను దాన్ని అప్పుడు మిస్ అయ్యాను,నేను    దాన్ని    అప్పుడు    మి స్    అయ ్యా ను ,28,8
1636,తర్వాతది వచ్చినప్పుడు నేను అది చూడడానికి ప్రయత్నిస్తాను,తర్వా త ది    వచ్చ ినప్పుడు    నేను    అది    చూడ డానికి    ప్రయత్ని స్తా ను ,50,12
1637,"నేను ఎప్పుడూ మొత్తం ప్రత్యక్ష కార్యక్రమం చూడాలనుకున్నాను, కాని ఇక్కడి చాలా వరకు ఛానెళ్ళు దాన్ని కవర్ చేయవు","నేను    ఎప్పుడూ    మొత్తం    ప్రత్య క్ష    కార్యక్రమ ం    చూడ ాలను కున్న ా ను,    కాని    ఇక్క డి    చాలా    వరకు    ఛా నె ళ్ళు    దాన్ని    క వర్    చేయ వు ",93,25
1638,"అవును, కాని ఇంకో ప్రత్యక్ష కార్యక్రమం చూడడానికి తర్వాతి రెజిల్‌మేనియా వరకు ఆగాల్సిన అవసరం లేదు","అవు ను,    కాని    ఇ ంక ో    ప్రత్య క్ష    కార్యక్రమ ం    చూడ డానికి    తర్వా తి    రె జి ల్‌ మే నియా    వరకు    ఆగ ాల్సిన    అవసరం    లేద ు ",83,25
1639,రెజిల్‌మేనియా బ్యాక్‌లాష్ 2022 యుఎస్ఎలో మే 8న రాత్రి 8 గంటలకు జరుగుతుంది,రె జి ల్‌ మే నియా    బ్యా క్‌ లా ష్    202 2    యు ఎస్ ఎ లో    మే    8 న    రాత్రి    8    గంట లకు    జరుగు తుంది ,63,24
1640,"అయితే అది భారత్‌లో మే 9 అవుతుంది, కార్యక్రమం ఉదయం 5:30కు మొదలవుతుంది","అయితే    అది    భార త్ ‌లో    మే    9    అవు తుంది,    కార్యక్రమ ం    ఉద యం    5 : 30 కు    మొద ల వు తుంది ",59,21
1641,నాకు అది చూడటం కుదరాలి అనుకుంటున్నా,నాకు    అది    చూడ టం    కు దర ాలి    అను కుంటు న్నా ,31,10
1642,"అయితే అది కష్టం, మే 9 సోమవారం అవుతుంది","అయితే    అది    కష్ట ం,    మే    9    సో మ వారం    అవు తుంది ",32,11
1643,"కాని దానికి చాలా సమయం పడుతుంది, కాబట్టి నువ్వు షోలో కొన్ని గంటలు చూడగలగవచ్చు","కాని    దానికి    చాలా    సమయం    పడు తుంది,    కాబట్టి    ను వ్వ ు    షో లో    కొన్ని    గంట లు    చూడ గల గ వచ్చు ",66,19
1644,బ్యాక్‌లాష్‌లో ప్రధాన కార్యక్రమాలు ఏమిటి,బ్యా క్‌ లా ష్ ‌లో    ప్రధాన    కార్యక్రమ ాలు    ఏమి టి ,37,10
1645,"ఈ కార్యక్రమంలో ఎడ్జ్ తో పోరాడుతున్న ఎజె స్టైల్స్, ఇంకా కోడి రోడ్స్‌తో సేథ్ రోలిన్స్‌ పోరాటాన్ని ప్రదర్శిస్తుంది","ఈ    కార్యక్రమ ంలో    ఎ డ్ జ్    తో    పోరా డు తున్న    ఎ జె   స్ట ై ల్ స్,    ఇంకా    కో డి    రోడ్ స్‌ తో    సే థ ్    రో లి న్స్‌   పోరాట ాన్ని    ప్రదర్శ ి స్తుంది ",98,33
1646,"ఈ ఏడాది రోడ్స్‌ తిరిగి వచ్చాక ఇది పెద్ద విషయం కానుంది, అభిమానులు ఉత్సాహంగా ఉన్నారు","ఈ    ఏడా ది    రోడ్ స్‌   తిరిగి    వచ్చ ా క    ఇది    పెద్ద    విష యం    కా ను ంది,    అభి మాన ులు    ఉత్ సాహ ంగా    ఉన్న ారు ",71,24
1647,ఏవైనా ఉత్కంఠగా ఉండే ట్యాగ్ మ్యాచ్‌లు ఉన్నాయా,ఏవైనా    ఉత్ కం ఠ గా    ఉండే    ట్యా గ్    మ్యాచ్‌ లు    ఉన్నాయ ా ,39,12
1648,"నిజానికి ఉన్నాయి, కార్యక్రమంలో జరిగే ఆరుగురితో ఉండే ట్యాగ్ టీం మ్యాచ్ ఉంటుంది","నిజ ానికి    ఉన్నాయి,    కార్యక్రమ ంలో    జరిగే    ఆ రుగు రి తో    ఉండే    ట్యా గ్    టీ ం    మ్యాచ్    ఉంటుంది ",68,17
1649,"రోమన్ రెయిన్స్, యుసోస్‌లు డ్రూ మెక్‌ఇంటైర్, ఇంకా ఆర్‌కె-బ్రోలకు వ్యతిరేకంగా పోటీ పడనున్నారు","రో మన్    రె యి న్స్,    యు సో స్‌ లు    డ్ర ూ    మె క్‌ ఇంట ై ర్,    ఇంకా    ఆ ర్‌ కె - బ్ర ో లకు    వ్యతిరేకంగా    పోటీ    పడ ను న్న ారు ",82,30
1650,వాళ్ళు చాలా టైటిల్స్ గెలుచుకున్నారు,వా ళ్ళు    చాలా    టైటి ల్స్    గెలుచు కున్న ారు ,32,8
1651,రోమన్ రెయిన్స్ డబ్ల్యూడబ్ల్యూఇ యూనివర్సల్ ఛాంపియన్ కాదా,రో మన్    రె యి న్స్    డబ్ల ్య ూడ బ్ల ్యూ ఇ   యూనివర్ స ల్    ఛాంప ియన్    కా దా ,50,18
1652,"అవును, యుసోస్‌ స్మాక్‌డౌన్ ట్యాగ్-టీమ్ ఛాంపియన్‌లు, ఆర్‌కె-బ్రో రా ట్యాగ్ టీమ్ ఛాంపియన్‌లు","అవు ను,    యు సో స్‌   స్ మా క్‌ డౌ న్    ట్యా గ్ - టీ మ్    ఛాంపియన్‌ లు,    ఆ ర్‌ కె - బ్ర ో    రా    ట్యా గ్    టీ మ్    ఛాంపియన్‌ లు ",81,30
1653,"అయితే, ఇది టైటిల్ మ్యాచ్ కాదు, కాని అభిమనులు ఉత్సాహంగా ఉన్నారు","అయితే,    ఇది    టైటి ల్    మ్యాచ్    కా దు,    కాని    అభి మన ులు    ఉత్ సాహ ంగా    ఉన్న ారు ",54,16
1654,"ఇరు జట్లు అభిమానుల ఫేవరెట్‌లు, రాండి ఓర్టన్స్ వెర్సెస్ రీన్స్ అభిమానులు ఎదురుచూసేవి అయి ఉండాలి","ఇ రు    జట్లు    అభి మాన ుల    ఫే వర ె ట్‌ లు,    రా ండి    ఓ ర్ ట న్స్    వెర్ సె స్    రీ న్స్    అభి మాన ులు    ఎదు రు చూ సే వి    అయి    ఉండ ాలి ",83,33
1655,"అవును, కాబట్టి వీలయితే అది చూడడానికి ప్రయత్నించు, కాని ఆ సమయం కారణంగా అది కొంచెం కష్టమౌతుంది","అవు ను,    కాబట్టి    వీ లయ ితే    అది    చూడ డానికి    ప్రయత్న ించ ు,    కాని    ఆ    సమయం    కారణంగా    అది    కొంచెం    కష్ట మౌ తుంది ",80,21
1656,హాయ్ డింపి,హ ాయ్    డ ింప ి ,9,5
1657,ఎలా ఉన్నావు,ఎలా    ఉన్న ా వు ,10,4
1658,మనం మాట్లాడి చాలా రోజులైంది,మ నం    మాట్లాడ ి    చాలా    రోజ ుల ై ంది ,24,9
1659,నీ వైపు నుండి అంతా బాగానే ఉందా,నీ    వైపు    నుండి    అంత ా    బా గానే    ఉ ంద ా ,25,10
1660,హాయ్ దేవాంగ,హ ాయ్    దే వా ంగ ,10,5
1661,నేను బాగున్నాను,నేను    బా గు న్న ాను ,14,5
1662,"అవును, చాలా రోజులైంది","అవు ను,    చాలా    రోజ ుల ై ంది ",19,7
1663,"ఇక్కడ అంతా బాగానే ఉంది, మా పెద్దమ్మ కొడుకు తప్ప","ఇక్కడ    అంత ా    బా గానే    ఉంది,    మా    పెద్ద మ్ మ    కొడు కు    తప్ప",40,13
1664,అయ్యో,అయ్య ో ,5,2
1665,తనకు ఏమైంది,తనకు    ఏ మై ంది ,10,4
1666,నాకు ఎవరూ ఏం చెప్పలేదు,నాకు    ఎవర ూ    ఏ ం    చెప్ప లేద ు ,19,8
1667,ఇప్పుడు తనకు బానే ఉందా,ఇప్పుడు    తనకు    బా నే    ఉ ంద ా ,19,7
1668,రెండు వారాల కిందట తనకు ప్రమాదం జరిగింది,రెండు    వార ాల    క ింద ట    తనకు    ప్రమాద ం    జరిగ ింది ,34,11
1669,దేవుడి దయ వలన ఇప్పుడు బాగానే కోలుకుంటున్నాడు,దేవు డి    ద య    వలన    ఇప్పుడు    బా గానే    కో లు కుంటు న్న ాడు ,39,13
1670,అదృష్టం కొద్దీ ఖర్చులన్నిటినీ ఆరోగ్య బీమా చెల్లించింది,అద ృష్ట ం    కొద్ద ీ    ఖర్చ ుల న్ని టినీ    ఆరోగ్య    బీమా    చెల్లించ ింది ,49,13
1671,తను కోలుకుంటున్నాడని వినడం సంతోషం,తను    కో లు కుంటు న్న ాడని    వి న డం    సంతోష ం ,30,11
1672,ఏ ఆరోగ్య బీమా అది,ఏ    ఆరోగ్య    బీమా    అది ,14,4
1673,నేను కూడా ఆరోగ్య బీమా తీసుకోవాలనుకుంటున్నాను,నేను    కూడా    ఆరోగ్య    బీమా    తీసుకోవ ాలనుకుంటు న్న ాను ,40,8
1674,తన ఆరోగ్య బీమా స్టార్ హెల్త్ ఇన్సూరెన్స్,తన    ఆరోగ్య    బీమా    స్టార్    హె ల్ త్    ఇన్ సూ రె న్స్ ,35,11
1675,ఫ్యామిలీ ఫ్లోటర్ ఇన్సూరెన్స్ తీసుకున్నాడు,ఫ్యా మి లీ    ఫ్లో టర్    ఇన్ సూ రె న్స్    తీసుకు న్న ాడు ,38,12
1676,అందులో 5 మంది వరకు కుటుంబ సభ్యులకు చెల్లిస్తుంది,అందులో    5    మంది    వరకు    కుటుంబ    సభ్య ులకు    చె ల్లి స్తుంది ,42,10
1677,ప్రీమియం మొత్తం ఎంత,ప్రీ మ ియ ం    మొత్తం    ఎంత ,17,6
1678,మనం దాన్ని నెలవారీగా రెన్యూ చేయాలా,మ నం    దాన్ని    నెల వార ీగా    రె న్యూ    చేయ ాలా ,30,10
1679,మనం దాన్ని ఎలా కొనగలం,మ నం    దాన్ని    ఎలా    కొ నగ లం ,18,7
1680,అది నగదు రహితంగా ఆసుపత్రిలో చేరే సౌకర్యాన్ని అందిస్తుందా,అది    నగదు    ర హిత ంగా    ఆసుపత్ర ిలో    చే రే    సౌకర్ యాన్ని    అంది స్తు ంద ా ,50,15
1681,మీరు ఎంచుకునే ప్లాన్‌ను బట్టి ప్రీమియం మారుతుంది,మీరు    ఎంచు కునే    ప్లా న్‌ను    బట్టి    ప్రీ మ ియ ం    మారు తుంది ,43,12
1682,మీరు అనేక ప్లాన్‌ల నుండి ఎంచుకోవచ్చు,మీరు    అనేక    ప్లా న్‌ ల    నుండి    ఎంచు కో వచ్చు ,32,9
1683,వివరాలు ఆన్‌లైన్‌లో దొరకవచ్చు,వివర ాలు    ఆన్‌లైన్‌లో    దొ రక వచ్చు ,27,6
1684,"ప్రీమియంను నెలకొకసారి, మూడు నెలలకొకసారి, ఆరు నెలలకొకసారి లేదా ఏడాదికొకసారి కట్టవచ్చు","ప్రీ మ ియ ంను    నెల కొ క సార ి,    మూడు    నెల ల కొ క సార ి,    ఆరు    నెల ల కొ క సారి    లేదా    ఏడా ద ికొ క సారి    కట్ట వచ్చు ",76,30
1685,"అవును, ఈ బీమా దాని నెట్‌వర్క్ ఆసుపత్రుల ద్వారా నగదు రహితంగా ఆసుపత్రిలో చేరే సౌకర్యాన్ని అందిస్తుంది","అవు ను,    ఈ    బీమా    దాని    నెట్‌ వర్ క్    ఆసుపత్ర ుల    ద్వారా    నగదు    ర హిత ంగా    ఆసుపత్ర ిలో    చే రే    సౌకర్ యాన్ని    అంది స్తుంది ",87,23
1686,భారతదేశమంతటా వారి నెట్‌వర్క్ కింద వారికి 500 కి పైగా ఆసుపత్రులు ఉన్నాయి,భారతదేశ మంత టా    వారి    నెట్‌ వర్ క్    కింద    వారికి    500    కి    పైగా    ఆసుపత్ర ులు    ఉన్న ాయి ,62,16
1687,అది చాలా బాగా అనిపిస్తుంది,అది    చాలా    బాగా    అని పి స్తుంది ,23,6
1688,నగదు రహితంగా ఆసుపత్రిలో చేరే సౌకర్యం వలన ఆసుపత్రిలో చేరే సమయంలో ఉండే ఒత్తిడి తగ్గుతుంది,నగదు    ర హిత ంగా    ఆసుపత్ర ిలో    చే రే    సౌకర్ యం    వలన    ఆసుపత్ర ిలో    చే రే    సమయంలో    ఉండే    ఒత్తి డి    తగ్ గు తుంది ,76,22
1689,మన దగ్గర ఎప్పుడూ నగదు ఉండాలని లేదు కదా,మ న    దగ్గర    ఎప్పుడూ    నగదు    ఉండ ాలని    లేద ు    క దా ,32,11
1690,"మరీ ముఖ్యంగా, దురదృష్టం ఎప్పుడు మన తలుపు తడుతుందో మనకు తెలియదు","మర ీ    ముఖ్య ంగా,    దు ర దృష్ట ం    ఎ ప్పుడు    మ న    త లు పు    త డు తు ందో    మ నకు    తెలియ దు ",54,23
1691,నమోదు చేసుకునేటప్పుడు మనమేదైనా మెడికల్ సర్టిఫికేట్ చూపించాల్సి ఉంటుందా,నమోదు    చేసుకు నే టప్పుడు    మన మే ద ైనా    మె డ ిక ల్    సర్ టి ఫ ికే ట్    చూప ించ ాల్సి    ఉంటు ంద ా ,64,23
1692,40 ఏళ్ల కంటే మించని దరఖాస్తుదారులకు ఎలాంటి మెడికల్ సర్టిఫికేట్ అవసరం లేదు,40    ఏళ్ల    కంటే    మ ించ ని    దర ఖా స్తు దార ులకు    ఎ లాంటి    మె డ ిక ల్    సర్ టి ఫ ికే ట్    అవసరం    లేద ు ,64,25
1693,ఫారంలో మీకు అప్పటికే ఏవైనా వ్యాధులుంటే వాటి గురించి తెలియజేయాల్సి ఉంటుంది,ఫార ంలో    మీకు    అ ప్పటికే    ఏవైనా    వ్యాధ ులు ంటే    వాటి    గురించి    తెలియజే య ాల్సి    ఉంటుంది ,65,15
1694,నమోదు ప్రక్రియ సులువైనది,నమోదు    ప్రక్రియ   స ులు వై నది ,22,6
1695,ఈ బీమాను ఆన్‌లైన్‌లో తీసుకోగలనా,ఈ    బీ మా ను    ఆన్‌లైన్‌లో    తీసుకో గల నా ,28,8
1696,పాలసీ కాపీ చేతికి ఎప్పుడు వస్తుంది,పాల సీ    కా పీ    చేత ికి    ఎ ప్పుడు    వస్తు ంది ,30,10
1697,వారు దాన్ని పోస్టులో పంపిస్తారా,వారు    దాన్ని    పో స్ట ులో    పంపి స్త ారా ,28,8
1698,"అవును, ఆన్‌లైన్‌లో తీసుకోవచ్చు","అవు ను,    ఆన్‌లైన్‌లో    తీసుకో వచ్చు ",28,5
1699,"ఆన్‌లైన్‌లో డబ్బు కట్టాక, వారు మీకు పాలసీ సాఫ్ట్ కాపీని మెయిల్‌లో పంపిస్తారు","ఆన్‌లైన్‌లో    డబ్బు    కట్ట ా క,    వారు    మీకు    పాల సీ    సాఫ్ ట్    కా పీ ని    మెయి ల్‌లో    పంపి స్త ారు ",67,19
1700,దాని హార్డ్ కాపీ మీకు పోస్టులో అందుతుంది,దాని    హార్ డ్    కా పీ    మీకు    పో స్ట ులో    అందు తుంది ,35,11
1701,వివరాల కోసం వాళ్ళ వెబ్‌సైట్‌ను చూడు,వివర ాల    కోసం    వా ళ్ళ    వెబ్‌సై ట్‌ను    చూడ ు ,31,9
1702,నీకు నేను లింక్ పంపిస్తున్నాను,నీ కు    నేను    లిం క్    పంపి స్తున్న ాను ,27,8
1703,గోవా వెళ్తున్నాం బేబీ,గో వా    వెళ్ తున్న ా ం    బే బీ ,19,8
1704,మొత్తానికి వెళ్తున్నామంటే నమ్మలేకున్నాను,మొత్త ానికి    వెళ్ తున్న ా మ ంటే    నమ్మ లే కున్న ాను ,38,11
1705,మనం ప్లాన్ చేయడం ఇది ఏడవ సారి అనుకుంటా,మ నం    ప్లా న్    చేయడం    ఇది    ఏ డ వ    సారి    అను కుంట ా ,32,13
1706,అచ్చంగా దిల్ చాహతా హై లో లాగా అనిపిస్తోంది,అ చ్చ ంగా    ది ల్    చా హ తా    హై   లో    లా గా    అని పి స్త ో ంది ,36,17
1707,"ఇంకా, ఇది చివరికి నిజం అవుతోంది","ఇం కా ,    ఇది    చివరికి    నిజ ం    అవు తో ంది ",27,10
1708,ఇది కన్వర్టబుల్ అయి అందులోనూ ఎరుపుదై ఉంటేనా,ఇది    కన్ వర్ ట బుల్    అయి    అందు లోనూ    ఎ రు పు ద ై    ఉంట ే నా ,38,16
1709,అదే కదా,అదే    క దా ,6,3
1710,భలే ఉల్లాసంగా ఉంది,భ లే    ఉ ల్లా స ంగా    ఉంది ,16,7
1711,అయితే మరి ప్రయాణానికి మనకో ప్లాన్ అని ఉందా,అయితే    మర ి    ప్రయాణ ానికి    మన కో    ప్లా న్    అని    ఉ ంద ా ,36,13
1712,"నన్ను ఏమీ అనకు, నాకసలే ఇది మొదటి రోడ్ ట్రిప్","న న్ను    ఏ మీ    అన కు,    నా క సల ే    ఇది    మొదటి    రో డ్    ట్రి ప్ ",37,16
1713,నేను రాత్రి తయారు చేసిన మంచి మంచి పాటల ప్లేలిస్టు విందాము,నేను    రాత్రి    తయారు    చేసిన    మంచి    మంచి    పాట ల    ప్లే లి స్టు    వింద ా ము ,49,14
1714,వారీలుగా మారి డ్రైవింగ్ చేద్దాం,వార ీ లుగా    మార ి    డ్రై వ ింగ్    చే ద్ దా ం ,28,12
1715,అద్భుతమైన ఫోటోల కోసం మధ్య మధ్యలో ఆగుదాం,అద్భుతమైన    ఫో టో ల    కోసం    మధ్య    మధ్యలో    ఆ గు దా ం ,34,11
1716,ఎందుకంటే దారిలో సీనరీలు అదిరిపోతాయి,ఎందుకంటే    దార ిలో    సీ న రీ లు    అ దిరి పో త ాయి ,32,12
1717,నీ దగ్గర రోడ్ ట్రిప్ల పైన బాలీవుడ్ పాటలు అన్నీ ఉండే ఉంటాయి అనుకుంటున్నా,నీ    దగ్గర    రో డ్    ట్రి ప్ ల    పైన    బాలీవుడ్    పాటలు    అన్న ీ    ఉండే    ఉంట ాయి    అను కుంటు న్నా ,61,18
1718,"జీఎన్ఎండి, ఇంకా దిల్ చాహతా హై పాటలు లేకుంటే అది రోడ్ ట్రిప్ అనిపించుకోదు","జీ ఎన్ ఎ ండి,    ఇంకా    ది ల్    చా హ తా    హై   పాటలు    లే కు ంటే    అది    రో డ్    ట్రి ప్    అనిప ించుకో దు ",62,23
1719,ముమ్మాటికి,ము మ్ మా టికి ,10,4
1720,బాలీవుడ్ మనని పాడుచేసేస్తుంది అనుకుంటా,బాలీవుడ్    మ నని    పాడ ు చేసే స్తుంది    అను కుంట ా ,35,10
1721,ప్రతీ అనుభూతిని దానితో పోల్చుకోవాలని చూస్తాం,ప్ర తీ    అను భూ తిని    దాని తో    పో ల్ చు కోవ ాలని    చూ స్తా ం ,40,15
1722,కానీ అది కొన్ని ఆదర్శాలు కూడా నేర్పించింది అది మంచిదే,కానీ    అది    కొన్ని    ఆ దర్శ ాలు    కూడా    నే ర్ప ించ ింది    అది    మంచి దే ,46,14
1723,"ఇదిగో, దీన్ని పెట్టి చూద్దాం","ఇ ది గో ,    దీన్ని    పెట్ట ి    చూ ద్ దా ం ",25,11
1724,ఒప్పుకుంటాను,ఒ ప్పు కుంట ాను ,12,4
1725,నా జీవితం మొత్తం బాలీవుడ్ చుట్టూతా తిరుగుతుంది,నా    జీవితం    మొత్తం    బాలీవుడ్    చుట్ట ూ తా    తిరుగు తుంది ,41,9
1726,ప్రయాణం ఎంత సేపు పడుతుంది,ప్రయా ణం    ఎంత    సే పు    పడు తుంది ,22,7
1727,దారిలో ఫోటోలు తీసుకోడం కాకుండా ఇంకఏమైనా చేసేది ఉంటుందా,దార ిలో    ఫో టో లు    తీసుకో డం    కాకుండా    ఇ ంక ఏ మై నా    చేసే ది    ఉంటు ంద ా ,48,18
1728,ఆగు,ఆ గు ,3,2
1729,ఇది నీకు మొట్టమొదటి రోడ్ ట్రిప్ అన్నావు అనుకుంటా,ఇది    నీ కు    మొట్టమొదటి    రో డ్    ట్రి ప్    అన్న ా వు    అను కుంట ా ,42,14
1730,నిజంగానా,నిజ ంగా నా ,8,3
1731,"అలాగైతే, దీన్ని మరింత గుర్తుండిపోయేదిగా చేయాలి","అలా గై తే,    దీన్ని    మరింత    గుర్తు ండ ిపోయ ే దిగా    చేయ ాలి ",42,12
1732,చేయాల్సిందే,చేయ ాల్ స ింద ే ,11,5
1733,ఈ అనుభూతి ఎన్నడూ పొందనిదిగా నిలిచిపోవాలి,ఈ    అను భూ తి    ఎన్న డ ూ    పొంద ని దిగా    నిలి చి పో వాల ి ,36,15
1734,మళ్ళీ ఇలాంటి అవకాశం నాకు ఎప్పుడు వస్తుందో తెలీదు,మళ్ళీ    ఇ లాంటి    అవకాశం    నాకు    ఎ ప్పుడు    వస్తు ందో    తె లీ దు ,42,12
1735,నాకు ట్రయిన్లలో విమానాల్లోనే బాగా అలవాటు,నాకు    ట్ర యి న్ లలో    విమాన ాల్ లోనే    బాగా    అల వా టు ,36,12
1736,అవి చాలా సౌకర్యంగా ఉంటాయిగా,అవి    చాలా    సౌకర్ యంగా    ఉంట ాయి గా ,24,7
1737,ముఖ్యంగా ట్రిప్ చిన్నది అయితేను,ముఖ్యంగా    ట్రి ప్    చిన్న ది    అయిత ే ను ,28,8
1738,నాకు రోడ్ ట్రిప్లే ఎక్కువ సౌకర్యవంతంగా అనిపిస్తాయి,నాకు    రో డ్    ట్రి ప్ లే    ఎక్కువ    సౌకర్య వంతంగా    అని పి స్త ాయి ,45,13
1739,అవి నిజంగా మనల్ని సెలవులలోకి మారేలా చేస్తాయి,అవి    నిజంగా    మన ల్ని    సె లవ ుల లోకి    మార ేలా    చేస్త ాయి ,39,12
1740,అప్పుడు మరింత విశ్రాంతిగా అనిపిస్తుంది,అప్పుడు    మరింత    వి శ్రా ంత ిగా    అని పి స్తుంది ,35,9
1741,విమానాల్లో అయితే,విమాన ాల్లో    అయితే ,15,3
1742,ఇట్టే,ఇ ట్ట ే ,5,3
1743,చేరిపోతాం,చే రి పో తా ం ,9,5
1744,రైల్లో అయితే ఇంకా బాగుటుంది,రై ల్లో    అయితే    ఇంకా    బా గు టు ంది ,24,8
1745,"అది ఉన్న విషయమే, కానీ రోడ్ ట్రిప్లో అయితే సగం సెలవుకాలం రోడ్ పైనే సాగిపోతుంది","అది    ఉన్న    విషయ మ ే,    కానీ    రో డ్    ట్రి ప్ లో    అయితే    సగ ం    సెల వు కాలం    రో డ్    పై నే    సా గి పో తుంది ",66,25
1746,కానీ దేనిలో ఉండే ప్రయోజనాలు దానిలో ఉంటాయి,కానీ    దే ని లో    ఉండే    ప్రయోజన ాలు    దాని లో    ఉంట ాయి ,36,11
1747,రోడ్ ట్రిప్ల గురించి నీ ఆలోచనా విధానాన్ని గోవా మారుస్తుందేమో చూద్దాం,రో డ్    ట్రి ప్ ల    గురించి    నీ    ఆలోచ నా    విధా నాన్ని    గో వా    మారు స్తు ంద ే మ ో    చూ ద్ దా ం ,60,23
1748,అది నిన్నే మార్చేస్తుంది,అది    ని న్న ే    మార్ చే స్తుంది ,22,7
1749,"కాని మొదట, మనం ఒకసారి ఆగాలి","కాని    మొద ట ,    మ నం    ఒకసారి    ఆ గాల ి ",23,10
1750,చాలా సరదాగా ఉండబోతోంది,చాలా    సర దా గా    ఉండ బో తో ంది ,20,8
1751,నువ్వు పెట్రోల్ పోయించుకునేలోగా నేను బయట కొన్ని ఫోటోలు తీసుకుంటాను,ను వ్వ ు    పె ట్రో ల్    పోయ ించు కునే లో గా    నేను    బయట    కొన్ని    ఫో టో లు    తీసుకు ంట ాను ,59,20
1752,"హాయి, మీ అన్నకి ఏపి ధిల్లన్ సంగీత కచేరీ నిర్వాహకులు తెలుసు అని విన్నాను","హ ాయి,    మీ    అన్న కి    ఏ పి    ధ ిల్ల న్    సంగీత    క చే రీ    నిర్ వాహ కులు    తెలు సు    అని    వి న్న ాను ",61,23
1753,"ఎప్పటి నుండో పాసుల కోసం ప్రయత్నిస్తున్నాను, కానీ దొరకట్లేదు","ఎ ప్పటి    ను ండ ో    పా సుల    కోసం    ప్రయత్ని స్తున్న ా ను,    కానీ    దొ రక ట్ లేద ు ",53,18
1754,నాకు సాయం చేయగాలవా ప్లీజ్,నాకు    సాయ ం    చేయ గాల వా    ప్ లీ జ్ ,22,9
1755,"అవును, అతను నిర్వాహకుల టీంలో కూడా ఉన్నాడు","అవు ను,    అతను    నిర్ వాహ కుల    టీ ంలో    కూడా    ఉన్న ాడు ",36,11
1756,అదనంగా టికెట్లు ఏమైనా ఉన్నాయో లేదో అతన్ని అడిగి చూస్తాను,అద నంగా    టిక ె ట్లు    ఏ మై నా    ఉన్నాయ ో    లేద ో    అతన్ని    అ డిగ ి    చూ స్తా ను ,49,19
1757,నీకు ఎన్ని టికెట్లు కావాలి,నీ కు    ఎ న్ని    టిక ె ట్లు    కావాల ి ,23,9
1758,"నాకు ఐదు టికెట్లు కావాలి, నాకు నా స్నేహితులకోసం","నాకు    ఐదు    టిక ె ట్లు    కావాల ి,    నాకు    నా    స్నేహిత ుల కోసం ",41,12
1759,మేము ప్లాన్ చేసుకున్నప్పుడు ఒక్కో టికెట్టు దాదాపు 10 వేలు ఉండేది,మే ము    ప్లా న్    చేసుకున్న ప్పుడు    ఒక్క ో    టిక ె ట్టు    దాదాపు    10    వే లు    ఉండే ది ,56,17
1760,కానీ ఇప్పుడు 35 నుండి 40 వేల వరకు అమ్ముతున్నారని విన్నాను,కానీ    ఇప్పుడు    35    నుండి    40    వే ల    వరకు    అ మ్ము తున్న ారని    వి న్న ాను ,49,15
1761,ధరెంతో కూడా అడిగి చెప్పవా,ధ రె ంతో    కూడా    అ డిగ ి    చెప్ప వా ,22,9
1762,నిజానికి నిర్వాహకుల అంచనా కొంత వరకు మించిపోయింది,నిజ ానికి    నిర్ వాహ కుల    అంచనా    కొంత    వరకు    మ ించ ిపోయ ింది ,43,12
1763,కానీ నువ్వు అంటున్నంత ఖరీదేమి లేవు,కానీ    ను వ్వ ు    అ ంటు న్న ంత    ఖరీ దే మి    లే వు ,30,13
1764,"కొందరు ఏజెంట్లు టికెట్లను బ్లాకులో అమ్ముతున్నారు, వాళ్ళ నుండి విని ఉంటావు","కొందరు    ఏజె ం ట్లు    టిక ె ట్లను    బ్లా కు లో    అ మ్ము తున్న ారు,    వా ళ్ళ    నుండి    విని    ఉంట ా వు ",65,21
1765,టికెట్ ధర ఒక్కయింటికి 8వేలు,టిక ె ట్    ధర    ఒక్క య ిం టికి    8 వే లు ,24,11
1766,కానీ ప్రస్తుతం 5 టికెట్లు ఏర్పాటు చేయగలనా అన్నది అనుమానమే,కానీ    ప్రస్తుతం    5    టిక ె ట్లు    ఏర్పాటు    చేయ గల నా    అన్న ది    అను మాన మే ,50,15
1767,"మధ్యలో రేట్లు పెంచేస్తున్న వాళ్ళు బ్రోకర్లే, అది సరిగ్గా చెప్పావు,","మధ్యలో    రే ట్లు    పె ం చే స్తున్న    వా ళ్ళు    బ్ర ో కర్ లే ,    అది    సరి గ్గా    చె ప్ పా వు, ",59,21
1768,ధరల్లో చాలా తేడా వస్తుంది గానీ అది నిర్వాహకుల వరకు వెళ్ళదు,ధర ల్లో    చాలా    తే డా    వస్తు ంది    గా నీ    అది    నిర్ వాహ కుల    వరకు    వెళ్ళ దు ,50,16
1769,అభిమానులకు ఎంత పిచ్చంటే వాళ్ళనుండి ఎలాగైనా కొనేస్తారు,అభి మాన ులకు    ఎంత    పి చ్చ ంటే    వా ళ్ళ నుండి    ఎ లా గ ైనా    కొ నే స్త ారు ,48,18
1770,"దానివల్లే నేను ప్లాను కూడా వదులుకుందాం అనుకున్నాను, కానీ నువ్వు గుర్తొచ్చావు","దాని వల్ల ే    నేను    ప్లా ను    కూడా    వద ులు కు ంద ా ం    అను కున్న ా ను,    కానీ    ను వ్వ ు    గుర్త ొ చ్చ ా వు ",68,26
1771,5 దొరకడం కష్టమైతే కనీసం 2 అయినా చూస్తావా,5    దొ రక డం    కష్ట మై తే    కనీసం    2    అయిన ా    చూ స్తా వా ,34,14
1772,2 టికెట్లు ఏర్పాటు చేయగలను,2    టిక ె ట్లు    ఏర్పాటు    చేయ గ లను ,23,8
1773,మా అన్నని అడిగి తొందరగా నీకు టికెట్స్ తెచ్చిస్తాను,మా    అన్న ని    అ డిగ ి    తొ ందర గా    నీ కు    టిక ె ట్స్    తె చ్చ ి స్తా ను ,44,19
1774,"డబ్బులు నేరుగా అతనికే పంపించేయి, అది సులభం","డబ్బ ులు    నేరుగా    అత నిక ే    పంప ించే య ి,    అది    సులభ ం ",37,13
1775,"థాంక్స్ రా, నా గర్ల్ ఫ్రెండ్ కి మాటిచ్చాను","థా ం క్స్    రా ,    నా    గర్ ల్    ఫ్రె ండ్    కి    మా టి చ్చ ాను ",36,15
1776,మళ్ళీ కచేరీ వచ్చే వరకు నా ప్రాణం తినేసేది,మళ్ళీ    క చే రీ    వచ్చే    వరకు    నా    ప్రా ణం    తి నే సే ది ,35,13
1777,"అయినా, ఆ కచేరీలకు సంగీతం కోసం ఎవరు వెళ్తారురా, నాకు అదంతా కేవలం ఒక వెఱ్ఱి","అయ ినా,    ఆ    క చే రీ లకు    సంగీతం    కోసం    ఎ వ రు    వెళ్ త ారు రా ,    నాకు    అద ంత ా    కేవలం    ఒక    వె ఱ ్ ఱ ి ",62,28
1778,కానీ ఈ విషయం నీతో చెప్పినట్టు తనతో చెప్పలేను కదా మిత్రమా,కానీ    ఈ    విష యం    నీ తో    చెప్ప ిన ట్టు    తన తో    చెప్ప లే ను    క దా    మిత్ర మా ,48,18
1779,నాకు విషయం అర్ధమయ్యింది,నాకు    విష యం    అర్ధ మయ్య ింది ,21,6
1780,"కంగారేమి లేదు, 2 టికెట్లయితే ఏర్పాటైపోతాయి","క ంగ ార ే మి    లేదు,    2    టిక ె ట్లయ ితే    ఏర్ పాట ై పో త ాయి ",38,17
1781,"మా అన్నకి చెప్పేసాను, అతను మీ టికెట్లు బుక్ చేసేశాడు కూడా","మా    అన్న కి    చెప్ప ే సా ను,    అతను    మీ    టిక ె ట్లు    బు క్    చేసే శ ాడు    కూడా ",49,18
1782,ఇక ఇప్పుడు నువ్వు ధీమాగా రేపొచ్చి మనం కలిసినప్పుడు నా దగ్గర నుండి టికెట్లు తీసుకో,ఇ క    ఇప్పుడు    ను వ్వ ు    ధీ మా గా    రే పొ చ్చ ి    మ నం    కలి సిన ప్పుడు    నా    దగ్గర    నుండి    టిక ె ట్లు    తీసు కో ,70,26
1783,"సరే గురు, థాంక్స్","సర ే    గు రు,    థా ం క్స్ ",15,7
1784,"ఏం పర్లేదు, మళ్ళీ కలుద్దాం","ఏ ం    పర్ లేదు,    మళ్ళీ    కలు ద్ దా ం ",23,9
1785,"హలో, ట్రినిటీ ఎలిమెంటరీ స్కూల్‌లో ఆర్ట్ టీచర్ రాధిక గారేనా","హ లో,    ట్రి ని టీ    ఎ లి మెంట రీ    స్కూ ల్‌లో    ఆర్ ట్    టీ చ ర్    రాధ ిక    గార ే నా ",51,21
1786,అవును,అవ ును ,5,2
1787,మీరెవరు,మీ రె వ రు ,7,4
1788,"నా పేరు జాన్ బెర్నాడ్, మిషెల్ వాళ్ళ నాన్నను","నా    పేరు    జాన్    బె ర్న ాడ ్,    మి షె ల్    వా ళ్ళ    నా న్న ను ",37,15
1789,"సరే సర్, చెప్పండి ఏంటి విషయం","సర ే    సర్ ,    చెప్ప ండి    ఏ ంటి    విష యం ",24,10
1790,మిషెల్ సంగీతం నేర్చుకోవటానికి ఇష్టపడుతోంది,మి షె ల్    సంగీతం    నేర్చు కోవ టానికి    ఇష్ట పడు తో ంది ,39,11
1791,యే శైలిని ఎంచుకోవాలి అర్ధం కావట్లేదు,యే    శైలి ని    ఎంచు కోవ ాలి    అర్ధ ం    కా వ ట్ లేద ు ,32,13
1792,నాకు సాయం చేస్తారా,నాకు    సాయ ం    చేస్త ారా ,16,5
1793,సంగీతంలో యే శైలి నేర్చుకోటానికి అన్నిటి కంటే సులువుగా ఉంటుంది,సంగీ తంలో    యే    శైలి    నేర్చు కో టానికి    అ న్ని టి    కంటే    స ులు వుగా    ఉంటుంది ,54,15
1794,తప్పకుండా,తప్పకుండా ,9,1
1795,నా ఉద్దేశంలో పిల్లలు శాస్త్రీయ సంగీతం నేర్చుకోవాలి,నా    ఉద్దేశ ంలో    పిల్లలు    శాస్త్రీయ    సంగీతం    నేర్చు కోవ ాలి ,45,9
1796,పిల్లలకి శాస్త్రీయ సంగీతం నేర్చుకోవడం ఉపయోగమేనా,పిల్ల ల కి    శాస్త్రీయ    సంగీతం    నేర్చు కోవడం    ఉపయోగ మే నా ,43,10
1797,అవును,అవ ును ,5,2
1798,కాస్త కష్టమే కానీ శాస్త్రీయసంగీతం వల్ల పిల్లలకి గొప్ప మానసిక ప్రయోజనాలు ఉంటాయి,కా స్త   కష్ట మే    కానీ    శాస్త్ర ీ య సంగీతం    వల్ల    పిల్ల ల కి    గొప్ప    మాన స ిక    ప్రయోజన ాలు    ఉంట ాయి ,69,21
1799,"అధ్యయనాల ప్రకారం, శాస్త్రీయ సంగీతం వినడం పిల్లల్లో సానుకూల భావనలను రేకెత్తిస్తుంది","అధ్యయ నాల    ప్రకారం,    శాస్త్రీయ    సంగీతం    వి న డం    పిల్ల ల్లో    సాను కూల    భావ నలను    రే కె త్తి స్తుంది ",74,18
1800,"అది వారి వినికిడి, ఇంకా ఏకాగ్రతా సామర్ధ్యాలపై ప్రభావం చూపుతుంది","అది    వారి    విని కి డ ి,    ఇంకా    ఏ కా గ్ర తా    సామ ర్ ధ్య ాలపై    ప్రభావం    చూపు తుంది ",56,18
1801,"శాస్త్రీయ సంగీతం పిల్లల ఎదుగుదలకి ప్రయోజనకరం, అది బావుంది","శాస్త్రీయ    సంగీతం    పిల్లల    ఎదు గు ద ల కి    ప్రయోజన కర ం,    అది    బా వు ంది ",51,15
1802,శాస్త్రీయ సంగీతం వల్ల ఇంకేం ప్రయోజనాలు ఉన్నాయి,శాస్త్రీయ    సంగీతం    వల్ల    ఇం కే ం    ప్రయోజన ాలు    ఉన్న ాయి ,41,10
1803,"శాస్త్రీయ సంగీతానికి సాధన, పట్టుదల అవసరం","శాస్త్రీయ    సంగీత ానికి    సాధ న,    పట్టు దల    అవసరం ",36,8
1804,ఈ శిక్షణ పిల్లల జీవితాన్ని క్రమశిక్షణలో పెడుతుంది,ఈ    శిక్షణ    పిల్లల    జీవితాన్ని    క్రమ శిక్ష ణలో    పె డు తుంది ,44,10
1805,ఇది నైరాశ్యానికి మందుగా పనిచేస్తుంది,ఇది    నై రా శ్య ానికి    మ ందు గా    పని చే స్తుంది ,33,11
1806,పిల్లల మెదడును కూడా శాంతపరుస్తుంది,పిల్లల    మె ద డును    కూడా    శాంత పరు స్తుంది ,31,8
1807,"అవును కదా, ప్రశాంతంగా ఉన్న పిల్లలు ఆనందంగా ఉంటారు","అవ ును    క దా ,    ప్ర శాంత ంగా    ఉన్న    పిల్లలు    ఆనంద ంగా    ఉంట ారు ",43,14
1808,పిల్లలు ఏదో చెవిన పడ్డట్టు కాకుండా శ్రద్దగా వినడం నేర్చుకోవటం వల్ల,పిల్లలు    ఏద ో    చె వి న    పడ్డ ట్టు    కాకుండా    శ్ర ద్ద గా    వి న డం    నేర్చు కోవ టం    వల్ల ,58,19
1809,"వాళ్ళ స్మరణ కణాలు స్వరాలు, రాగాలు, ధ్వనులు, విధానాలు, పద్ధతులు, మరెన్నో కూడగట్టుకోడానికి శ్రమిస్తాయి","వా ళ్ళ    స్ మర ణ    కణ ాలు    స్వర ాలు,    రాగ ాలు,    ధ ్వ న ులు,    విధాన ాలు,    పద్ధత ులు,    మ రె న్న ో    కూడ గ ట్టు కో డానికి    శ్ర మి స్త ాయి ",90,32
1810,"సరే అయితే, నేను మిషెల్ కోసం మా ప్రాంతంలో శాస్త్రీయ సంగీతం గురువు కోసం వెతుకుతాను","సర ే    అయితే,    నేను    మి షె ల్    కోసం    మా    ప్రాంతంలో    శాస్త్రీయ    సంగీతం    గురు వు    కోసం    వెతు కు తాను ",69,18
1811,శాస్త్రీయ సంగీతం భారతదేశానికి ఆత్మ వంటిదని నాకు తెలుసు,శాస్త్రీయ    సంగీతం    భారతదేశ ానికి    ఆ త్ మ    వంటి దని    నాకు    తెలు సు ,48,12
1812,మంచిది,మంచి ది ,6,2
1813,ఆమెకు శాస్త్రీయ సంగీతం ఇష్టం లేకుంటే అది నేర్చుకోమని బలవంతం చేయకూడదని గుర్తుపెట్టుకోండి,ఆమెకు    శాస్త్రీయ    సంగీతం    ఇష్ట ం    లే కు ంటే    అది    నేర్చు కో మని    బల వంత ం    చేయ కూడ దని    గుర్తు పెట్టు కో ండి ,78,22
1814,మనం వాళ్ళ సామర్థ్యాలను బట్టి వాళ్ళని ప్రోతశయించాలి,మ నం    వా ళ్ళ    సామర్థ ్య ాలను    బట్టి    వా ళ్ళ ని    ప్రో త శ య ించ ాలి ,45,17
1815,తప్పకుండా మేడమ్,తప్పకుండా    మే డ మ్ ,14,4
1816,మీరిచ్చిన సూచనాలకు చాలా ధన్యవాదాలు,మీ రి చ్చ ిన    సూచ న ాలకు    చాలా    ధ న్య వాద ాలు ,31,12
1817,"పర్వాలేదు, మిషెల్ కి నా ఆశీస్సులు అందించండి","పర్ వాల ే దు,    మి షె ల్    కి    నా    ఆ శీ స్ సులు    అందించ ండి ",38,15
1818,"అలాగే, ఉంటాను","అలా గ ే,    ఉంట ాను ",12,5
1819,రేపు నీకు సెలవుందా,రే పు    నీ కు    సెల వు ంద ా ,16,8
1820,నాకు వారపు రోజుల్లో సెలవు ఎందుకుంటుంది,నాకు    వార పు    రోజ ుల్లో    సెల వు    ఎందు కుంటు ంది ,34,10
1821,"అంటే, రేపు ఏదో ర్యాలీ ఉంది","అ ంటే,    రే పు    ఏద ో    ర్య ాల ీ    ఉంది ",22,10
1822,మన చుట్టుపక్కల పిల్లలకు ఒక రోజు సెలవిచ్చారు,మ న    చుట్టు పక్క ల    పిల్ల లకు    ఒక    రోజు    సెల వి చ్చ ారు ,38,13
1823,నీకు కూడా ఇస్తారేమో అనుకున్నా,నీ కు    కూడా    ఇ స్త ార ే మ ో    అను కున్న ా ,26,12
1824,నాకేం సెలవివ్వలేదు,నా కే ం    సెల వి వ్వ లేద ు ,17,8
1825,అయితే రేపు నువ్వు సెలవు పెడితే మంచిదనుకుంటా,అయితే    రే పు    ను వ్వ ు    సెల వు    పెడ ితే    మంచి ద ను కుంట ా ,38,15
1826,ఈ ర్యాలీ గురించి అంత పెద్ద విషయమేముంది,ఈ    ర్య ాల ీ    గురించి    అంత    పెద్ద    విషయ మే ము ంది ,33,11
1827,ఎప్పుడూ ఎన్నో ర్యాలీలు జరుగుతూనే ఉంటాయి,ఎప్పుడూ    ఎన్న ో    ర్య ాల ీలు    జరుగు తూ నే    ఉంట ాయి ,35,11
1828,ఇది భారీగా ఉంటుంది,ఇది    భార ీగా    ఉంటుంది ,16,4
1829,"ఎందుకంటే ప్రధాన పార్టీలైన భారతీయ జనతా పార్టీ, తృణముల్ కాంగ్రెస్, ఇంకా కమ్యూనిస్ట్ పార్టీ అన్నీ దీనీలో పాల్గొంటున్నాయి","ఎందుకంటే    ప్రధాన    పార్టీ లైన    భారతీయ    జన తా    పార్టీ ,    తృ ణ మ ుల్    కాంగ్ర ె స్,    ఇంకా    కమ్యూని స్ట్    పార్టీ    అన్న ీ    దీ నీ లో    పాల్గొ ంటు న్న ాయి ",104,29
1830,అందరా,అంద రా ,5,2
1831,"అవును, నువ్వు సమయానికి ఇంటికి చేరుకోగలవా అని నాకు అనుమానం","అవు ను,    ను వ్వ ు    సమయ ానికి    ఇంటికి    చేరు కో గల వా    అని    నాకు    అను మా నం ",50,17
1832,నువ్వు రేపు ఆఫీసుకు వెళితే,ను వ్వ ు    రే పు    ఆ ఫీ సు కు    వెళ ితే ,23,11
1833,నాకు కూడా అనుమానమే,నాకు    కూడా    అను మాన మే ,16,5
1834,కాని నాకు దీని గురించి ఏమీ తెలియదు,కాని    నాకు    దీని    గురించి    ఏ మీ    తెలియ దు ,29,8
1835,ఇది ఎందుకు చేస్తున్నారట,ఇది    ఎ ందుకు    చేస్తున్న ార ట ,21,6
1836,ప్రభుత్వం మేనిఫెస్టోలో మాటిచ్చిన విధంగా అన్ని పనులు చేయలేదని ఇది చేస్తున్నారట,ప్రభుత్వం    మే ని ఫె స్టో లో    మా టి చ్చ ిన    విధంగా    అన్ని    పన ులు    చేయ లేదని    ఇది    చేస్తున్న ార ట ,69,20
1837,అలాగా,అలా గా ,5,2
1838,అలాగైతే మరి భారతీయ జనతా పార్టీ అధికారంలో ఉన్నప్పటి సంగతి ఏంటి,అలా గై తే    మర ి    భారతీయ    జన తా    పార్టీ    అధికార ంలో    ఉన్న ప్పటి    సంగ తి    ఏ ంటి ,53,17
1839,వాళ్ళు కూడా మాటిచ్చినట్లు చేయలేదు,వా ళ్ళు    కూడా    మా టి చ్చ ినట్లు    చేయ లేద ు ,30,10
1840,"నిజమే, కాని ఎవరు పట్టించుకుంటారు","నిజ మ ే,    కాని    ఎ వ రు    పట్ట ించు కుంట ారు ",29,11
1841,రాజకీయాలంటే ఎప్పుడూ ఇలానే ఉంటాయి కదా,రాజకీయ ాల ంటే    ఎప్పుడూ    ఇ లా నే    ఉంట ాయి    క దా ,32,11
1842,"అవును, ప్రచారం లాంటి విషయాల కోసం ఒకళ్ళను ఒకళ్ళు ఆక్షేపించుకుంటారు","అవు ను,    ప్రచారం    లాంటి    విషయ ాల    కోసం    ఒక ళ్ళను    ఒక ళ్ళు    ఆ క్షే ప ించు కుంట ారు ",58,17
1843,"కానీ నిజానికి, ఇవి దేనికీ పనికిరావు","కానీ    నిజ ానికి,    ఇవి    దే ని కీ    పని కి రావు ",31,10
1844,"ట్రాఫిక్, అలాంటి అన్నిటి వల్ల మనం ఇబ్బంది పడటం తప్ప","ట్రా ఫ ిక్ ,    అలా ంటి    అ న్ని టి    వల్ల    మ నం    ఇబ్బ ంది    పడ టం    తప్ప",44,17
1845,"సరిగ్గా చెప్పావు, ఇది రేపు సాయంకాలం వరకు ఉండదనుకుంటా","సరి గ్గా    చె ప్ పా వు,    ఇది    రే పు    సాయ ం కాలం    వరకు    ఉండ ద ను కుంట ా ",46,18
1846,నువ్వు వెళుతున్నావా,ను వ్వ ు    వె ళు తున్న ా వా ,18,8
1847,"వెళ్ళాలి, నాకు ఆఫీసులో చాలా పని ఉంది","వెళ్ళ ాలి,    నాకు    ఆ ఫీ సులో    చాలా    పని    ఉంది ",31,9
1848,దీని వల్ల నేను సెలవు పెట్టలేను,దీని    వల్ల    నేను    సెల వు    పెట్ట లే ను ,26,8
1849,అలా అయితే పబ్లిక్ ట్రాన్స్‌పోర్ట్‌లో వెళ్ళు,అలా    అయితే    ప బ్ల ిక్    ట్రా న్స్‌ పోర్ ట్‌లో    వెళ్ళ ు ,39,11
1850,ఏం జరుగుతుందో అసలు చెప్పలేం,ఏ ం    జరుగు తు ందో    అసలు    చెప్ప లే ం ,24,9
1851,ఏవైనా గొడవలు జరిగితే ఎలా,ఏవైనా    గొ డ వ లు    జరిగ ితే    ఎలా ,21,8
1852,"గుర్తుందా, ఏడాది కిందట మీ కొలీగ్ బైక్‌ను కాల్చారు","గుర్తు ంద ా,    ఏడా ది    క ింద ట    మీ    కొ లీగ్    బై క్‌ ను    కాల ్చ ారు ",43,17
1853,నువ్వు మరీ ఎక్కువ భయపడుతున్నావు,ను వ్వ ు    మర ీ    ఎక్కువ    భయ పడు తున్న ా వు ,28,11
1854,అలాంటిదేమీ జరగదు,అలా ంట ి దే మీ    జరగ దు ,15,7
1855,ఓయ్ నీకు ఎప్పుడు భూగోళశాస్త్రంలో అందరికంటే ఎక్కువ మార్కులు ఎలా వస్తాయి,ఓ య్    నీ కు    ఎ ప్పుడు    భూ గోళ శాస్త్ర ంలో    అంద రిక ంటే    ఎక్కువ    మార్ కులు    ఎలా    వస్త ాయి ,62,19
1856,పెద్దగా చదవవు కదా,పెద్ద గా    చద వ వు    క దా ,15,7
1857,ఇంకా నన్ను చూడు,ఇంకా    న న్ను    చూడ ు ,13,5
1858,"హాయి, నేను పాటించే ఒక చిన్న రహస్యం ఉంది","హ ాయి,    నేను    పాట ించే    ఒక    చిన్న    రహ స్ యం    ఉంది ",33,11
1859,ఎవ్వరికీ చెప్పను,ఎ వ్ వర ిక ీ    చెప్ప ను ,15,7
1860,"హాస్యాన్ని పక్కన పెడితే, అసలు నాకు మొదటి నుండీ భూగోళశాస్త్రంలో ఆసక్తి చాలా ఎక్కువ","హా స్ యాన్ని    పక్క న    పెడ ితే,    అసలు    నాకు    మొదటి    ను ండ ీ    భూ గోళ శాస్త్ర ంలో    ఆసక్తి    చాలా    ఎక్కువ ",71,20
1861,నిజంగా నేను రోజంతా ఈ విషయాన్నే చదువుతూ కూర్చోను,నిజంగా    నేను    రోజ ంత ా    ఈ    విష యా న్న ే    చదు వు తూ    కూర్చ ో ను ,41,16
1862,క్లాసులో మేడమ్ ఆ పాఠాలు చెప్తున్నప్పుడే నేను దాన్ని అసలైన దృశ్యానికి కలుపుకొని మనసులోఒక చిత్రంలా ఊహించుకునే ప్రయత్నం చేస్తాను,క్ లా సులో    మే డ మ్    ఆ    పాఠ ాలు    చె ప్ తున్న ప్పు డే    నేను    దాన్ని    అ సల ైన    దృ శ్య ానికి    కలు పు కొని    మన సు లో ఒక    చిత్ర ం లా    ఊహ ించు కునే    ప్రయత్నం    చే స్తా ను ,111,39
1863,ఆ విధంగా నాకు విషయాలు కూడా స్పష్టంగా అర్ధమవుతాయి,ఆ    విధంగా    నాకు    విషయ ాలు    కూడా    స్పష్టంగా    అర్ధ మవు త ాయి ,42,11
1864,అసలు దృశ్యాలను అర్ధం చేసుకోవడం అంటే ఏంటి,అసలు    దృ శ్య ాలను    అర్ధ ం    చేసుకోవ డం    అంటే    ఏ ంటి ,35,11
1865,అది భూగోళశాస్త్రం,అది    భూ గోళ శాస్త్ర ం ,16,5
1866,"అందులో ఉండేవన్నీ పర్వతాలు, నదులు, సముద్రాలు, వాతావరణం, ఇంకా అనవసరమైన అంకెలు అంతే","అందులో    ఉండే వ న్నీ    పర్వత ాలు,    నద ులు,    సముద్ర ాలు,    వాతావర ణ ం,    ఇంకా    అ నవ సర మైన    అం కె లు    అంత ే ",71,23
1867,అసలు దాని గురించి నీకు నచ్చేదేముంది,అసలు    దాని    గురించి    నీ కు    న చ్చే దే ము ంది ,31,10
1868,విసుగు పుట్టించే విషయాలన్నిటిలో అదే అన్నిటికంటే విసుగు పుట్టించేది అనిపిస్తుంది,వి సు గు    పుట్ట ించే    విషయ ాల న్ని టిలో    అదే    అ న్ని టిక ంటే    వి సు గు    పుట్ట ించే ది    అని పి స్తుంది ,72,23
1869,నువ్వు అలా అనుకుంటేనే,ను వ్వ ు    అలా    అను కుంట ే నే ,19,8
1870,"నీకు తెలుసుగా నేను ఎక్కువగా ప్రయాణాలు చేస్తుంటాను, అలాగే ఎక్కువ సినిమాలు చూస్తుంటాను","నీ కు    తెలు సు గా    నేను    ఎక్కువగా    ప్రయాణ ాలు    చేస్తు ంట ా ను,    అలాగే    ఎక్కువ    సినిమ ాలు    చూ స్తు ంట ాను ",75,21
1871,"మనం చదివేది అంతా, మన చూట్టూతానే ఉంది, మనం చూడాలి అంతే","మ నం    చ ది వే ది    అంత ా,    మ న    చూ ట్ట ూ తా నే    ఉంది,    మ నం    చూడ ాలి    అంత ే ",45,22
1872,"కనుక మనం ఏం చదువుతామో దాన్నే నేను చిత్రాలుగా గుర్తు చేసుకుంటాను, ఇంకా నేను వెళ్ళిన ప్రదేశాలు, లేదా, సినిమాల్లో చూసినవాటితో కలుపుకుంటాను","కను క    మ నం    ఏ ం    చదు వు తా మ ో    దా న్న ే    నేను    చిత్ర ాలుగా    గుర్త ు    చేసుకు ంట ా ను,    ఇంకా    నేను    వెళ్ళ ిన    ప్రదేశ ాలు,    లే దా ,    సినిమ ాల్లో    చూ సిన వా ట ితో    కలు పు కుంట ాను ",119,43
1873,"అలాగ అది నాకు ఎక్కువగా దృశ్యాలతో కూడిన విషయం అవుతుంది, ఎక్కువకాలం గుర్తుండి పోతుంది","అలా గ   అది    నాకు    ఎక్కువగా    దృ శ్య ాలతో    కూడిన    విష యం    అవు తుంది,    ఎక్కువ కాలం    గుర్తు ండి    పో తుంది ",73,19
1874,ఈ విధంగా చదవాలని ఎప్పుడైనా ఆలోచించావా,ఈ    విధంగా    చద వాల ని    ఎ ప్పుడ ైనా    ఆలోచ ించ ా వా ,33,12
1875,"నువ్వు చెప్పింది నిజమే అయ్యుండాలి, ఈ పద్ధతి కొన్ని సార్లు సాయపడుతుంది","ను వ్వ ు    చెప్ప ింది    నిజ మే    అయ్య ు ండ ాలి,    ఈ    పద్ధ తి    కొన్ని    సార్లు    సాయ పడు తుంది ",61,19
1876,"కానీ, తెలుసా, నాకు ఇలా ఒక భూగోళశాస్త్రం లాంటి విషయానికి కనెక్ట్ అవటం చాలా కష్టంగా ఉంటుంది","కానీ,    తెలు సా ,    నాకు    ఇలా    ఒక    భూ గోళ శాస్త్ర ం    లాంటి    విషయ ానికి    క నె క్ట్    అవ టం    చాలా    కష్ట ంగా    ఉంటుంది ",77,23
1877,"నువ్వు ఎక్కువగా ప్రయాణాలు చేస్తుంటావు కాబట్టి నీకు అది ఆసక్తికరంగా ఉండవచ్చు, కానీ నాకు మాత్రం, అది వట్టి కల్పిత సమాచారం మాత్రమే","ను వ్వ ు    ఎక్కువగా    ప్రయాణ ాలు    చేస్తు ంట ా వు    కాబట్టి    నీ కు    అది    ఆస క్ తిక ర ంగా    ఉండ వచ్చు,    కానీ    నాకు    మాత్ర ం,    అది    వ ట్టి    కల్ప ిత    సమాచారం    మాత్రమే ",111,32
1878,"అదీ కాక, మన సిలబస్‌లో భాగంగా భారత భూగోళశాస్త్రం ఉంది, ఇంకా మీరు బహుశా ప్రపంచంలోనే ఉత్తమ ప్రదేశాల గురించి తెలుసుకుంటారేమో","అద ీ    కా క,    మ న    సి ల బ స్‌లో    భాగంగా    భారత    భూ గోళ శాస్త్ర ం    ఉంది,    ఇంకా    మీరు    బహుశా    ప్రపంచంలోనే    ఉత్తమ    ప్రదేశ ాల    గురించి    తెలుసుకు ంట ార ే మ ో ",105,31
1879,మన ఇద్దరికీ వేరుగా ఉంటుంది,మ న    ఇద్ద రిక ీ    వే రుగా    ఉంటుంది ,23,8
1880,"కాస్త వేరుగా ఉంటుందని నేను అర్ధం చేసుకోగలను, కానీ నువ్వు కొన్ని ఎన్నుకున్న అంశాలపై వీడియోలు చూడొచ్చు, అలా కూడా ఒక అవగాహన వస్తుంది","కా స్త   వే రుగా    ఉంటు ందని    నేను    అర్ధ ం    చేసుకో గల ను,    కానీ    ను వ్వ ు    కొన్ని    ఎన్న ు కున్న    అంశ ాలపై    వీడియ ో లు    చూడ ొ చ్చ ు,    అలా    కూడా    ఒక    అవగాహ న    వస్తు ంది ",112,36
1881,"మొదట్లో నేను ఇంచుమించు అ లాగే మొదలుపెట్టాను, ఆ తరువాత ప్రత్యామ్నాయాలు దొరికాయి","మొద ట్లో    నేను    ఇ ంచు మ ించ ు    అ   లా గే    మొదలు పెట్ట ా ను,    ఆ    తరువాత    ప్రత్యామ్నాయ ాలు    దొరిక ాయి ",69,21
1882,"అది ఎక్కువగా విని, చూసే సంగతి అనమాట","అది    ఎక్కువగా    వి ని,    చూ సే    సంగ తి    అన మా ట ",30,11
1883,కావాలంటే నీకు ఈ విషయంలో నేను సాయం చేయగలను,కావాల ంటే    నీ కు    ఈ    విషయంలో    నేను    సాయ ం    చేయ గ లను ,35,12
1884,"సరే, ఇదేదో బాగానే ఉంది అనిపిస్తుంది","సర ే,    ఇ దే ద ో    బా గానే    ఉంది    అని పి స్తుంది ",31,12
1885,ఎక్కువగా ప్రయాణాలు చేయటం వల్ల నీకు ఈ విషయం మీద ఇష్టం పెరిగి ఉంటుందంటావా లేదా దానికి వ్యతిరేకంగా అయి ఉండొచ్చా,ఎక్కువగా    ప్రయాణ ాలు    చేయ టం    వల్ల    నీ కు    ఈ    విష యం    మీద    ఇష్ట ం    పెరిగ ి    ఉంటు ంద ంట ా వా    లేదా    దానికి    వ్యతిరేకంగా    అయి    ఉండ ొ చ్చ ా ,93,29
1886,"అంటే, నువ్వు చూసే వాతావరణ పరిస్థితులు, ప్రదేశాలు, కట్టడాలు, ఇంకా ఏంటేంటో సమాచారం నీకు ఆ ప్రదేశాలు చూడడానికి బయటికి వెళ్లినప్పుడు ఉపయోగ పడుతుందా","అ ంటే,    ను వ్వ ు    చూ సే    వాతావరణ    పరిస్థిత ులు,    ప్రదేశ ాలు,    కట్ట డ ాలు,    ఇంకా    ఏ ంట ే ంట ో    సమాచారం    నీ కు    ఆ    ప్రదేశ ాలు    చూడ డానికి    బయట ికి    వెళ్లి న ప్పుడు    ఉపయోగ   పడు తు ంద ా ",126,39
1887,"ముఖ్యంగా, చూడటానికి ఏమీ ప్రత్యేకంగా లేని భారతదేశంలో","ముఖ్య ంగా,    చూడ టానికి    ఏ మీ    ప్రత్యేకంగా    లేని    భారతదేశంలో ",46,9
1888,అది అసలు విషయమే కాదు,అది    అసలు    విషయ మే    కా దు ,17,6
1889,"భారతదేశంలో చూడాల్సినవి చాలానే ఉన్నాయి, ముఖ్యమైన జలాశయాలు, కొండలు, మైదానాలు చాలా ఈ దేశంలో కూడా కనపడతాయి","భారతదేశంలో    చూడ ాల్ సిన వి    చాలా నే    ఉన్నాయి,    ముఖ్యమైన    జలా శ య ాలు,    కొండ లు,    మైదా నాలు    చాలా    ఈ    దేశంలో    కూడా    కన పడ త ాయి ",90,25
1890,"ఉదాహరణకు వివిధ హిమాలయ పర్వతశ్రేణులు వివిధ రాష్ట్రాల నుండి చూడగలం కన్చన్జంగ లాంటివి ఇంకా ఎన్నో, ఒకొక్కటి ఒక్కోరకంగా ప్రత్యేకత కలిగి ఉన్నది","ఉదాహరణ కు    వివిధ    హి మాల య    పర్వత శ్రేణ ులు    వివిధ    రాష్ట్రాల    నుండి    చూడ గల ం    కన్ చ న్ జ ంగ    లా ంట ి వి    ఇంకా    ఎన్న ో,    ఒ కొ క్క టి    ఒ క్ కోర కంగా    ప్రత్యేక త    కలిగి    ఉన్న ది ",121,40
1891,"జలాశయాలు ఎన్నో ప్రదేశాలలో విడిపోయి నదీపాయల మధ్య ప్రదేశాలుగా, లంకలుగా ఏర్పడుతాయి","జలా శ య ాలు    ఎన్న ో    ప్రదేశాలలో    వి డిపోయ ి    న దీ పాయ ల    మధ్య    ప్రదేశ ాలు గా,    ల ంక లుగా    ఏర్ పడు త ాయి ",71,25
1892,ఆ భూభాగాలు తమదైన ప్రత్యేక లక్షణాలు కలిగి ఉంటాయి,ఆ    భూభాగ ాలు    త మద ైన    ప్రత్యేక    లక్షణ ాలు    కలిగి    ఉంట ాయి ,41,12
1893,నువ్వు చెప్పింది నిజమే కావచ్చు,ను వ్వ ు    చెప్ప ింది    నిజ మే    కా వచ్చు ,27,9
1894,"భారత భూగోళశాస్త్రంపై మిస్ లీయా చెప్పిన పాఠం, మనకోసం ఆవిడ ఎంత ఆసక్తికరమైన దృశ్యాన్ని చిత్రీకరించారో గుర్తుంది","భారత    భూ గోళ శాస్త్ర ంపై    మి స్    లీ యా    చెప్ప ిన    పాఠ ం,    మన కోసం    ఆవి డ    ఎంత    ఆస క్ తిక రమైన    దృ శ ్యాన్ని    చిత్రీకరించ ారో    గుర్తు ంది ",96,29
1895,రకరకాల చిట్కాలతో స్వంతంగా ఆ విషయాన్ని మరింత ఆసక్తికరంగా ఎలా మలచుకోగలమన్న దాని మీద ఆధారపడి ఉంటుంది,ర కర కాల    చి ట్ కాల తో    స్ వంతంగా    ఆ    విష యాన్ని    మరింత    ఆస క్ తిక ర ంగా    ఎలా    మల చు కో గల మ న్న    దాని    మీద    ఆధారపడి    ఉంటుంది ,85,29
1896,"నాకు అన్నేసి రోజులు ఇల్లు వదిలి వెళ్ళడం నచ్చదు, కానీ బహుశా సావకాశంగా ప్రయత్నం చేసి నువ్వు చూసేలాగా విషయాలని చూడటానికి చొరవ చెయ్యాలి","నాకు    అన్న ే సి    రోజ ులు    ఇ ల్లు    వది లి    వెళ్ళ డం    న చ్చ దు,    కానీ    బహుశా    సా వ కాశ ంగా    ప్రయత్నం    చేసి    ను వ్వ ు    చూ సే లా గా    విషయ ాలని    చూడ టానికి    చొ ర వ    చెయ్య ాలి ",114,39
1897,"ఈ షోలు, సినిమాలు ఉపయోగ పడవచ్చు","ఈ    షో లు,    సినిమ ాలు    ఉపయోగ   పడ వచ్చు ",26,8
1898,"మంచి చర్చే జరిగింది, మిత్రమా","మంచి    చర్చ ే    జరిగ ింది,    మిత్ర మా ",25,7
1899,ధన్యవాదాలు,ధ న్య వాద ాలు ,10,4
1900,సంతోషం,సంతోష ం ,6,2
1901,"హలో, నేను యూనివర్సిటీ హాస్టల్ నుండి జీ స్క్వేర్ మాల్ వరకు వెళ్ళడానికి క్యాబ్ బుక్ చేయడం కోసం ఫోన్ చేశాను","హ లో,    నేను    యూనివర్ సి టీ    హా స్ట ల్    నుండి    జీ    స్ క్ వే ర్    మ ాల్    వరకు    వెళ్ళ డానికి    క్యా బ్    బు క్    చేయడం    కోసం    ఫోన్    చే శా ను ",89,30
1902,ఎంత త్వరగా రాగలదు,ఎంత    త్వరగా    రా గల దు ,15,5
1903,నేను వెంటనే మా డ్రైవరుని మీ అడ్రస్కి పంపించగలను,నేను    వెంటనే    మా    డ్రై వరు ని    మీ    అడ ్ర స్ కి    పంప ించ గ లను ,41,15
1904,మిమ్మల్ని ఎక్కడ నుండి పిక్ అప్ చేసుకోవాలి,మిమ్మల్ని    ఎ క్కడ    నుండి    ప ిక్    అ ప్    చేసుకోవ ాలి ,36,10
1905,నేను ఎంట్రన్స్ కి దగ్గరలోనే ఉన్న మెయిన్ క్యాంపస్ లో ఎదురు చూస్తాను,నేను    ఎంట ్ర న్స్    కి    దగ్గర లోనే    ఉన్న    మెయి న్    క్యా ంప స్    లో    ఎదు రు    చూ స్తా ను ,57,19
1906,యే సమస్య లేకుండా సెక్యూరిటీ గార్డు మిమ్మల్ని లోనికి రానిస్తాడు,యే    సమ స్య    లేకుండా    సె క్యూ రి టీ    గార్ డు    మిమ్మల్ని    లో నికి    రా ని స్త ాడు ,55,17
1907,"సరే, క్యాంపస్ ప్రాంగణంలోనికి క్యాబ్ రావచ్చునా","సర ే,    క్యా ంప స్    ప్రా ంగ ణ ంలో నికి    క్యా బ్    రా వచ్చ ు నా ",41,16
1908,అందుకు అనుమతిస్తారా,అ ందుకు    అనుమ తి స్త ారా ,18,6
1909,ఒకసారి వేరే యూనివర్సిటీతో మాకు ఇబ్బంది వచ్చింది; సందేహం లేకుండా ఉండాలని అడుగుతున్నాను,ఒకసారి    వేరే    యూనివర్ సి టీ తో    మా కు    ఇబ్బ ంది    వచ్చ ింది ;    సందే హ ం    లేకుండా    ఉండ ాలని    అడుగు తున్న ాను ,76,22
1910,వారికి ముందస్తుగా చెప్పినంత కాలం ఏం పర్వాలేదు,వారికి    ముంద స్తు గా    చెప్ప ిన ంత    కాలం    ఏ ం    పర్ వాల ే దు ,40,14
1911,నేను వాళ్ళకు చెప్పాను కాబట్టి ఇప్పుడు మీకు లోనికి వచ్చేందుకు యే సమస్య ఉండదు,నేను    వా ళ్ళ కు    చె ప్ పా ను    కాబట్టి    ఇప్పుడు    మీకు    లో నికి    వ చ్చే ందుకు    యే    సమ స్య    ఉండ దు ,65,21
1912,"సరే, దీనికి నిర్ధారణగా ఏదైనా డాక్యుమెంట్ గాని స్క్రీన్ షాట్ గాని నాకు పంపించగలరా","సర ే,    దీనికి    నిర్ధార ణ గా    ఏదైనా    డా క్య ు మెంట్    గా ని    స్క్రీ న్    షా ట్    గా ని    నాకు    పంప ించ గల రా ",70,24
1913,"ఇబ్బంది పెడుతున్నందుకు క్షమించాలి, కానీ ఇది కంపెనీ నియమం","ఇబ్బ ంది    పె డు తున్న ందుకు    క్ష మ ించ ాలి,    కానీ    ఇది    కంపెనీ    నియమ ం ",50,15
1914,నా దగ్గర ఈ విషయం స్పష్టం చేస్తూ క్యాంపస్ గైడ్లైన్స్ కాపీ ఉంది,నా    దగ్గర    ఈ    విష యం    స్పష్ట ం    చేస్తూ    క్యా ంప స్    గై డ్ లై న్స్    కా పీ    ఉంది ,52,18
1915,దాన్ని ఇప్పుడే మీ వాట్సాప్ కి పంపించాను,దాన్ని    ఇ ప్పు డే    మీ    వా ట్ సా ప్    కి    పంప ించ ాను ,34,13
1916,"సరే, అది సరిపోతుంది","సర ే,    అది    సరిపో తుంది ",17,5
1917,"భవిష్యత్తులో సౌలభ్యం కోసం, కాంపస్‌లో మా సేవలు పొందేందుకు మీరు ఒక యాప్‌ని వాడవచ్చు","భవిష్య త్త ులో    సౌ లభ ్యం    కోసం,    కా ంప స్‌లో    మా    సేవలు    పొంద ేందుకు    మీరు    ఒక    యా ప్‌ ని    వాడ వచ్చు ",71,21
1918,"దాని పేరు ట్రావ-గో, గూగుల్ ప్లే స్టోర్లో లభిస్తుంది","దాని    పేరు    ట్రా వ - గో ,    గూ గ ుల్    ప్ లే    స్టో ర్ లో    ల భి స్తుంది ",45,18
1919,ఇది మాకు చాలా ఉపయోగపడగలదు,ఇది    మా కు    చాలా    ఉపయోగ పడ గల దు ,22,8
1920,హోస్టల్ ఎక్కడ ఉందొ మీకు తెలుసా,హో స్ట ల్    ఎ క్కడ    ఉ ంద ొ   మీకు    తెలు సా ,26,11
1921,"ఆ ఏరియా నాకు కోత్త, కాబట్టి అంతగా తెలియకపోవచ్చనుకుంటా","ఆ    ఏరియా    నాకు    కో త్త ,    కాబట్టి    అంత గా    తెలియ కపో వచ్చ ను కుంట ా ",47,15
1922,కానీ మీకు వచ్చే డ్రైవరు దారి తెలిసుంటాడని నా నమ్మకం,కానీ    మీకు    వచ్చే    డ్రై వ రు    దార ి    తెలి సు ంట ాడని    నా    నమ్మ కం ,44,15
1923,ఒకవేళ అతనికి తెలియకుంటే నేను లొకేషన్ పంపిస్తాను,ఒకవేళ    అతనికి    తెలియ కు ంటే    నేను    లొ కే షన్    పంపి స్తా ను ,42,12
1924,నేను ఛార్జీలు ముందే పే చేయాల్సి ఉంటుందా లేక అక్కడకి చేరాకనా,నేను    ఛ ార్ జీ లు    ముందే    ప ే    చేయ ాల్సి    ఉంటు ంద ా    లే క    అక్క డ కి    చే రా క నా ,51,22
1925,అది మీ ఇష్టం,అది    మీ    ఇష్ట ం ,10,4
1926,మీరు ముందుగానే పేమెంట్ చేయవచ్చు లేదా ప్రయాణం పూర్తయ్యాక చేయవచ్చు,మీరు    ముందు గానే    పే మెంట్    చేయ వచ్చు    లేదా    ప్రయా ణం    పూర్ తయ ్యా క    చేయ వచ్చు ,57,16
1927,"మీకోసం క్యాబ్ వేచి ఉండాలంటే, అందుకు ఛార్జీలు అదనంగా ఉంటాయి","మీ కోసం    క్యా బ్    వే చి    ఉండ ాల ంటే,    అ ందుకు    ఛ ార్ జీ లు    అద నంగా    ఉంట ాయి ",51,19
1928,దాని అవసరం ఉండదు,దాని    అవసరం    ఉండ దు ,14,4
1929,నేను పది నిమిషాల్లో తయారుగా ఉంటాను కాబట్టి క్యాబ్ అప్పటికి రాగలదు అనుకుంటున్నా,నేను    పది    నిమిష ాల్లో    తయ ారు గా    ఉంట ాను    కాబట్టి    క్యా బ్    అప్ప టికి    రా గల దు    అను కుంటు న్నా ,69,20
1930,"సరే, మీ క్యాబ్ 15 నిమిషాల్లో మీ లొకేషన్‌కి చేరుకుంటుంది","సర ే,    మీ    క్యా బ్    15    నిమిష ాల్లో    మీ    లొ కే షన్‌ కి    చేరు కుంటు ంది ",48,16
1931,మా క్యాబ్ సర్వీస్ ఉపయోగిస్తున్నందుకు ధన్యవాదాలు,మా    క్యా బ్    సర్వీస్    ఉపయోగి స్తున్న ందుకు    ధ న్య వాద ాలు ,43,11
1932,"హలో సార్, నేను ఆదర్శ్ వాళ్ళమ్మను","హ లో    సార్ ,    నేను    ఆ దర్శ ్    వా ళ్ళ మ్మ ను ",28,12
1933,మీతో మా అబ్బాయి గురించి కొన్ని విషయాలు చర్చించడానికి వచ్చాను,మీ తో    మా    అ బ్బ ాయి    గురించి    కొన్ని    విషయ ాలు    చర్చ ించడానికి    వచ్చ ాను ,53,14
1934,"మీరు వాడి క్లాస్ టీచరు కనుక, నా ఆందోళన గురించి మీతో చర్చిండమే మంచిదనిపించింది","మీరు    వా డి    క్ లాస్    టీ చ రు    కను క,    నా    ఆందోళ న    గురించి    మీ తో    చర్చ ిం డ మే    మంచి ద ని ప ించ ింది ",67,26
1935,కాస్త ప్రశాంతంగా కూర్చోండి,కా స్త   ప్ర శాంత ంగా    కూర్చ ో ండి ,24,8
1936,ఏమి చర్చించాలి అనుకుంటున్నారు,ఏ మి    చర్చ ించ ాలి    అను కుంటు న్న ారు ,27,9
1937,"మా అబ్బాయి మొబైల్ ఫోన్, వీడియో గేమ్స్ కి బాగా అలవాటు పడిపోతున్నాడని నాకు కంగారుగా ఉంది","మా    అ బ్బ ాయి    మొ బై ల్    ఫో న్,    వీడియ ో    గే మ్స్    కి    బాగా    అల వా టు    పడి పో తున్న ాడని    నాకు    క ంగ ారు గా    ఉంది ",74,28
1938,ఎప్పుడూ ఫోన్ లో గేమ్స్ ఆడటంలో మునిగి ఉంటున్నాడు,ఎప్పుడూ    ఫోన్    లో    గే మ్స్    ఆడ ట ంలో    ముని గ ి    ఉంటు న్న ాడు ,41,14
1939,వాడి ఆరోగ్యం అలాగే చదువు గురించి నాకు చాలా కంగారుగా ఉంది,వా డి    ఆరోగ ్యం    అలాగే    చదు వు    గురించి    నాకు    చాలా    క ంగ ారు గా    ఉంది ,48,15
1940,"అయ్యో, అది కంగారు పడాల్సినదే","అయ్య ో,    అది    క ంగ ారు    పడ ాల్ సి నద ే ",25,11
1941,చిన్న పిల్లల్లో ఈ వ్యాసనం పెరిగిపోతోంది,చిన్న    పిల్ల ల్లో    ఈ    వ్యా స నం    పెరిగ ిపో తో ంది ,35,11
1942,ఈ సమస్యను ఎదుర్కోవలంటే మీరు అతనికి కొన్ని ఇష్టపడే అభిరుచులను అలవాటు చేయాలి,ఈ    సమస్య ను    ఎదు ర్ కోవ ల ంటే    మీరు    అతనికి    కొన్ని    ఇష్టపడ ే    అభి రు చ ులను    అల వా టు    చేయ ాలి ,65,22
1943,మంచి అభిరుచులు అంటే,మంచి    అభి రు చ ులు    అంటే ,17,6
1944,కొన్ని సలహాలు ఇవ్వగలరా,కొన్ని    సల హ ాలు    ఇవ్వ గల రా ,20,7
1945,తన ఖాళీ సమయంలో కథల పుస్తకాలు చదవేలా అతన్ని ప్రోత్సహించండి,తన    ఖా ళ ీ    సమయంలో    కథ ల    పుస్త కాలు    చద వే లా    అతన్ని    ప్రోత్సహ ించ ండి ,50,16
1946,ఒక విద్యార్థికి అదే అన్నిటికన్నా మంచి అభిరుచి అని నా అభిప్రాయం,ఒక    విద్యార్థ ికి    అదే    అ న్ని టిక న్నా    మంచి    అభి రు చి    అని    నా    అభిప్రాయ ం ,54,16
1947,అలాగే అతన్ని మొబైల్ గేమింగ్ నుండి దూరం చేయడానికి ఒక స్పోర్ట్స్ అకాడెమీలో చేర్పించవచ్చు,అలాగే    అతన్ని    మొ బై ల్    గే మ ింగ్    నుండి    దూ రం    చేయడానికి    ఒక    స్పోర్ట్స్    అకాడ ె మీ లో    చే ర్ప ించ వచ్చు ,76,22
1948,"మార్షల్ ఆర్ట్స్, స్విమ్మింగ్, క్రికెట్, మొ","మార్ షల్    ఆర్ ట్ స్,    స్వి మ్మ ింగ్,    క్రికె ట్,    మొ",38,11
1949,అతను ప్రయత్నించడానికి కొన్ని మంచి క్రీడలు,అతను    ప్రయత్న ించడానికి    కొన్ని    మంచి    క్రీడ లు ,37,7
1950,"ఆ విధంగా, అతను ఆరోగ్యంగానూ ఉంటాడు","ఆ    విధంగా,    అతను    ఆరోగ ్య ంగా న ూ    ఉంట ాడు ",29,10
1951,"ఆటలు ఆడనప్పుడు, మామూలుగా వాడు పాటల రియాలటి షోల వీడియోలు చూస్తూ ఉంటాడు","ఆట లు    ఆడ న ప్పుడు,    మా మూ లుగా    వా డు    పాట ల    రియ ాల టి    షో ల    వీడియ ో లు    చూ స్తూ    ఉంట ాడు ",60,24
1952,"అందుకని, వాడికి సంగీతంలో ఆసక్తి ఉండుంటుందని అనిపించింది","అందు క ని,    వా డికి    సంగీ తంలో    ఆసక్తి    ఉండ ు ంటు ందని    అనిప ించ ింది ",50,15
1953,పోనీ అందుకు బదులు వాడిని సంగీత పాఠశాలలో చేర్చనా,పో నీ    అ ందుకు    బద ులు    వా డిని    సంగీత    పాఠశ ాలలో    చేర్చ నా ,41,13
1954,వాడికి అది మంచి అభిరుచి అవుతుందా,వా డికి    అది    మంచి    అభి రు చి    అవు తు ంద ా ,28,11
1955,"చాలా గొప్ప అభిరుచి అవుతుంది, సందేహం లేదు","చాలా    గొప్ప    అభి రు చి    అవు తుంది,    సందే హ ం    లేద ు ",35,12
1956,"మీరు అలా చేయవచ్చు,","మీరు    అలా    చేయ వచ్చు, ",16,4
1957,కానీ అతను బయటకెళ్ళి ఇతర పిల్లలతో ఆడుకునేలా కూడా మీరు చూడాలి,కానీ    అతను    బయట కె ళ్ళ ి    ఇతర    పిల్ల లతో    ఆడు కునే లా    కూడా    మీరు    చూడ ాలి ,51,16
1958,"అతను బయట ప్రపంచాన్ని, అందులోని ఆనందాన్ని చూడాలి","అతను    బయట    ప్రపంచ ా న్ని,    అందు లోని    ఆనంద ాన్ని    చూడ ాలి ",42,11
1959,"అవును, వాడిని దగ్గరలోని మైదానానికి ప్రతీ సాయంత్రం తీసుకెళదాం అనుకుంటున్నా","అవు ను,    వా డిని    దగ్గర లోని    మైదా నానికి    ప్ర తీ    సాయ ంత్ర ం    తీసుకె ళ దా ం    అను కుంటు న్నా ",66,20
1960,అలాగే వాడిని సంగీత పాఠశాలలో కూడా చేర్పిస్తాను,అలాగే    వా డిని    సంగీత    పాఠశ ాలలో    కూడా    చే ర్ పి స్తా ను ,40,12
1961,దానివల్ల మంచి మార్పు వస్తుందని ఆశ,దాని వల్ల    మంచి    మార్ పు    వస్తు ందని    ఆశ,29,8
1962,పుస్తకాలు చదవడంలో ఆసక్తి కలిగేలా కొన్ని మంచి కామిక్ పుస్తకాలు కూడా కొనిపెడతాను,పుస్త కాలు    చద వడ ంలో    ఆసక్తి    కలిగ ేలా    కొన్ని    మంచి    కామ ిక్    పుస్త కాలు    కూడా    కొ ని పెడ తాను ,69,19
1963,"అవును, అది మీరు చేయాల్సిన మొదటి పని","అవు ను,    అది    మీరు    చేయ ాల్సిన    మొదటి    పని ",30,8
1964,"అలా చేస్తే, అతనికి ఈ విషయాల్లో ఆసక్తి కలుగుతుంది అనుకుంటున్నా","అలా    చేస్త ే,    అతనికి    ఈ    విషయ ాల్లో    ఆసక్తి    కలు గు తుంది    అను కుంటు న్నా ",54,14
1965,మీకు ఇంకేమైనా ప్రశ్నలు ఉన్నాయా,మీకు    ఇం కే మై నా    ప్రశ్ నలు    ఉన్నాయ ా ,27,9
1966,"లేదు సార్, నేను చర్చించాలనుకున్నది ఇంతే","లేద ు    సార్ ,    నేను    చర్చ ించ ాలను కున్న ది    ఇంత ే ",35,12
1967,మీరిచ్చిన సలహాలకు ధన్యవాదాలు,మీ రి చ్చ ిన    సల హ ాలకు    ధ న్య వాద ాలు ,26,11
1968,సంతోషం,సంతోష ం ,6,2
1969,సమస్య ఇలాగే ఉండిపోతే మళ్ళీ రండి,సమ స్య    ఇ లా గే    ఉండ ిపో తే    మళ్ళీ    ర ండి ,27,11
1970,"అలాగే, తప్పకుండా","అలా గ ే,    తప్పకుండా ",15,4
1971,"హాయ్, మీరు యూనివర్సిటీకి కొత్తా","హ ాయ ్,    మీరు    యూనివర్ సి టీ కి    కొ త్త ా ",28,11
1972,"అవును, ఈ సంవత్సరమే చేరాను","అవు ను,    ఈ    సంవత్సర మే    చే రా ను ",22,8
1973,మరి మీరు,మర ి    మీరు ,7,3
1974,నేను కూడా,నేను    కూడా ,8,2
1975,నేనూ ఈ సంవత్సరమే చేరాను,నే న ూ    ఈ    సంవత్సర మే    చే రా ను ,20,9
1976,మీ పేరెంటి,మీ    పే రె ంటి ,9,4
1977,"ఇంకా, ఏ క్లబ్లో చేరారు","ఇం కా ,    ఏ    క్ల బ్ లో    చేర ారు ",19,9
1978,"నా పేరు దేబెంద్ర, స్పోర్ట్స్ క్లబ్లో చేరాను","నా    పేరు    దే బె ంద్ర ,    స్పోర్ట్స్    క్ల బ్ లో    చే రా ను ",38,13
1979,మరి మీరు,మర ి    మీరు ,7,3
1980,"నేను మ్యూజిక్ క్లబ్ లో చేరాను,","నేను    మ్యూ జ ిక్    క్లబ్    లో    చే రా ను, ",26,9
1981,మీకు అన్ని రకాల క్రీడలలో ఆసక్తి ఉందా,మీకు    అన్ని    రకాల    క్రీడలలో    ఆసక్తి    ఉ ంద ా ,31,8
1982,"లేదు, నిజానికి నాకు క్రీడాలకంటే బైకింగ్ ఎక్కువ ఇష్టం","లేదు,    నిజ ానికి    నాకు    క్రీడ ాల కంటే    బై కింగ్    ఎక్కువ    ఇష్ట ం ",46,12
1983,"నాకు మైళ్ళ కొద్దీ నడపటం ఇష్టం, అదే నా అభిరుచి","నాకు    మై ళ్ళ    కొద్ద ీ    నడ ప టం    ఇష్ట ం,    అదే    నా    అభి రు చి ",38,15
1984,"కానీ ఇక్కడ నాకు స్పోర్ట్స్ కంటే ఎక్కువగా నచ్చినది ఇంకేం లేదు, అందుకే అందులో చేరాను","కానీ    ఇక్కడ    నాకు    స్పోర్ట్స్    కంటే    ఎక్కువగా    న చ్చ ిన ది    ఇం కే ం    లేదు,    అందు కే    అందులో    చే రా ను ",71,20
1985,అప్పుడప్పుడు ఫుట్ బాల్ ఆడతాను,అ ప్పుడ ప్పుడు    ఫు ట్    బాల్    ఆడ తాను ,26,8
1986,"ఓహ్, నిజమా","ఓ హ ్,    నిజ మా ",9,5
1987,అయితే మీరు చాలా సాహసవంతులన్న మాట,అయితే    మీరు    చాలా    సాహ స వంత ుల న్న    మా ట ,28,10
1988,"అవును, అలానే అనవచ్చు","అవు ను,    అలా నే    అన వచ్చు ",18,6
1989,నాకు ఇటువంటి సహస క్రీడలు పెద్దగా నచ్చవు,నాకు    ఇ టువంటి    సహ స    క్రీడ లు    పెద్ద గా    న చ్చ వు ,34,12
1990,మీరంతా ఎలా చేస్తారు,మీ ర ంత ా    ఎలా    చేస్త ారు ,17,7
1991,మీకు భయం వేయదా,మీకు    భ యం    వేయ దా ,12,5
1992,"లేదు, బైక్ నడపడం భయానకమైనదీ కాదు, నేను అంత భయంకరంగా నడపను కూడా","లేదు,    బై క్    నడ ప డం    భ యా న క మైన దీ    కా దు,    నేను    అంత    భయ ం కర ంగా    నడ ప ను    కూడా ",53,24
1993,నువ్వు ఒకసారి ప్రయత్నించి చూడాలి; రోడ్డు ఖాళీగా అందంగా ఉన్నప్పుడు ఎంతో ప్రశాంతంగా ఉంటుంది,ను వ్వ ు    ఒకసారి    ప్రయత్న ించి    చూడ ాలి ;    రోడ్ డు    ఖా ళ ీగా    అంద ంగా    ఉన్నప్పుడు    ఎంతో    ప్ర శాంత ంగా    ఉంటుంది ,79,22
1994,"అన్నట్టు, నీకు పాటలు పాడటం ఇష్టమా","అన్న ట్ట ు,    నీ కు    పాటలు    పాడ టం    ఇష్ట మా ",29,10
1995,"అవును, నాకు పాడటం అంటే ఇష్టం","అవు ను,    నాకు    పాడ టం    అంటే    ఇష్ట ం ",24,8
1996,"ఇంతకీ, నీకెలా తెలిసింది","ఇంత క ీ,    నీ కె లా    తెలి స ింది ",21,9
1997,"లేదు, ఊరికే అడిగాను, మ్యుజిక్ క్లబ్లో చేరానని చెప్పావుగా","లేదు,    ఊ రిక ే    అ డి గా ను,    మ ్యు జ ిక్    క్ల బ్ లో    చే రా నని    చె ప్ పా వుగా ",50,22
1998,ఎటువంటి సంగీతం పాడతావు,ఎటువంటి    సంగీతం    పాడ తా వు ,20,5
1999,నాకు అస్సామీ పాటలు పాడటం ఇష్టం,నాకు    అస్సా మీ    పాటలు    పాడ టం    ఇష్ట ం ,26,8
2000,కానీ ఇతర భాషలలోని పాటలు కూడా పాడతాను,కానీ    ఇతర    భాష ల లోని    పాటలు    కూడా    పాడ తాను ,31,9
2001,పాడటం వల్ల నా మనసు ప్రశాంతంగా ఉంటుంది,పాడ టం    వల్ల    నా    మన సు    ప్ర శాంత ంగా    ఉంటుంది ,32,10
2002,"నాకు పాటలు వినడమంటే ప్రాణం, అలా పాడటం నాకు అభిరుచిగా మారింది","నాకు    పాటలు    వి నడ మ ంటే    ప్రాణ ం,    అలా    పాడ టం    నాకు    అభి రు చి గా    మార ింది ",52,18
2003,నీ అభిరుచి గురించి ఇంకా చెప్పు,నీ    అభి రు చి    గురించి    ఇంకా    చెప్ప ు ,26,8
2004,"భలే, అద్భుతంగా ఉంది","భ లే ,    అద్భు తంగా    ఉంది ",17,6
2005,"నీకు చెప్పినట్లు, నాకు మైళ్ళ కొద్దీ మోటారుసైకిల్ నడపటం ఇష్టం","నీ కు    చెప్ప ిన ట్లు,    నాకు    మై ళ్ళ    కొద్ద ీ    మోట ారు సైకి ల్    నడ ప టం    ఇష్ట ం ",53,19
2006,ఎక్కువగా మా బృందంతోపాటు వారాంతంలో బయటకి వెళ్తూ ఉంటాను,ఎక్కువగా    మా    బృంద ంత ో పాటు    వార ాంత ంలో    బయట కి    వెళ్ తూ    ఉంట ాను ,47,15
2007,ఎప్పుడైనా మాతో వస్తావా,ఎ ప్పుడ ైనా    మా తో    వ స్తా వా ,20,8
2008,"అలాగే, తప్పకుండా, ఎందుకు రాను","అలా గ ే,    తప్ప కుండా,    ఎ ందుకు    రా ను ",26,9
2009,ఏదో ఒకరోజు అది కూడా ప్రయత్నించి చూస్తాను,ఏద ో    ఒక రోజు    అది    కూడా    ప్రయత్న ించి    చూ స్తా ను ,35,11
2010,"సరే, ఈసారి మేము రైడ్ కి వెళ్ళినప్పుడు నీకు చెప్తాను","సర ే,    ఈ సారి    మే ము    రై డ్    కి    వెళ్ళ ినప్పుడు    నీ కు    చె ప్ తాను ",44,16
2011,"అన్నట్టు, నీకు వెళ్ళటానికి బాగా ఇష్టమైన చోటేది","అన్న ట్ట ు,    నీ కు    వెళ్ళ టానికి    బాగా    ఇష్ట మైన    చో టే ది ",41,13
2012,"మేము తరచూ మేఘాలయకి వెళుతూ ఉంటాము ఎందుకంటే అక్కడ రోడ్లు, ఇంకా ప్రదేశాలు రెండూ అందంగా ఉంటాయి","మే ము    తర చ ూ    మేఘ ాలయ కి    వె ళు తూ    ఉంట ా ము    ఎందుకంటే    అక్కడ    రోడ్ లు,    ఇంకా    ప్రదేశ ాలు    రెండూ    అంద ంగా    ఉంట ాయి ",78,26
2013,"భలే, అద్భుతంగా ఉంది","భ లే ,    అద్భు తంగా    ఉంది ",17,6
2014,అయితే ఈ సారి నేను ఖచ్చితంగా వస్తాను,అయితే    ఈ    సారి    నేను    ఖచ్చిత ంగా    వ స్తా ను ,30,9
2015,తప్పకుండా,తప్పకుండా ,9,1
2016,అందరికీ శుభోదయం,అంద రిక ీ    శు భో ద యం ,14,7
2017,"మీ అందరికీ తెలినట్టుగా, ఈరోజు జూన్ 5ని, ప్రపంచ పర్యావరణ దినోత్సవంగా జరుపుకుంటాం","మీ    అంద రిక ీ    తెలి న ట్టు గా,    ఈ రోజు    జూన్    5 ని,    ప్రపంచ    పర్యావరణ    దినోత్స వ ంగా    జరుపు కుంట ా ం ",70,22
2018,"ఈయన శ్రీ బాలసుబ్రమణ్యం గారు, తూర్పు జోన్ అటవీ విభాగానికి ఉన్నతాధికారి","ఈ య న    శ్రీ    బాల సు బ్ర మ ణ ్యం    గ ారు,    తూర్పు    జో న్    అటవీ    విభాగ ానికి    ఉన్న తా ధికార ి ",61,22
2019,ఇక ఆయన మాట్లాడతారు,ఇ క    ఆయన    మాట్లాడ త ారు ,16,6
2020,శుభోదయం,శు భో ద యం ,7,4
2021,అందరూ బాగున్నారని అనుకుంటున్నాను,అంద రూ    బా గు న్న ారని    అను కుంటు న్న ాను ,30,10
2022,నేను అటవీ విభాగం నుండి వచ్చాను,నేను    అటవీ    విభాగం    నుండి    వచ్చ ాను ,26,6
2023,"ఈ భూమి యొక్క వాతావరణపు అతిముఖ్యమైన, తిరుగులేని అంశాన్ని సంరక్షించడం నా పని","ఈ    భూమి    యొక్క    వాతావర ణ పు    అతి ముఖ్య మైన,    తిరు గుల ే ని    అం శాన్ని    సంరక్ష ించడం    నా    పని ",65,19
2024,"ప్రమాదకర స్థాయిలో కాలుష్యం పెరుగుతోన్న తరుణంలో, మనం ఈ భూమికి అందే ప్రాణవాయువులో మూడవ వంతు ఉత్పత్తి చేస్తున్న దానిని సంరక్షించడం ఎంతో అవసరం","ప్రమాద క ర    స్థాయిలో    కాలు ష ్యం    పెరుగు తో న్న    తరు ణ ంలో,    మ నం    ఈ    భూమ ికి    అంద ే    ప్రాణ వాయు వు లో    మూడవ    వంత ు    ఉత్పత్తి    చే స్తున్న    దానిని    సంరక్ష ించడం    ఎంతో    అవసరం ",121,35
2025,"కనుక, ఈ పర్యావరణ దినోత్సవం నాడు, ఈ ప్రదేశంలోని అటవీ ప్రాంటానికి మీరు తోడ్పడాలని కోరుకుంటున్నాం","కను క,    ఈ    పర్యావరణ    దినోత్స వం    న ాడు,    ఈ    ప్రదేశ ంలోని    అటవీ    ప్రా ంట ానికి    మీరు    తో డ్ పడ ాలని    కోరు కుంటు న్నా ం ",83,24
2026,మనం కలిసి చెట్లు నాటుదాం,మ నం    కలిసి    చె ట్లు    నా టు దా ం ,21,9
2027,అందరూ సహకరిస్తారని ఆశిస్తున్నాను,అంద రూ    సహ కరి స్త ారని    ఆ శి స్తున్న ాను ,30,10
2028,మనం ముఖ్యంగా మర్రి చెట్లని నాటుతాం,మ నం    ముఖ్యంగా    మర ్ర ి    చె ట్ల ని    నా టు తా ం ,30,13
2029,"కొన్ని మామిడి రకాలు, ఇతర సామాన్య జాతులు కూడా ఉన్నాయి","కొన్ని    మా మి డి    ర కాల ు,    ఇతర    సామా న్య    జా తులు    కూడా    ఉన్న ాయి ",45,15
2030,మీకు కావాలంటే మనం బృందాలుగా పని చేయవచ్చు,మీకు    కావాల ంటే    మ నం    బృంద ాలుగా    పని    చేయ వచ్చు ,35,10
2031,కానీ ఇవి నాటడం చాలా సులువు,కానీ    ఇవి    నాట డం    చాలా    స ులు వు ,22,8
2032,ఒక్కొక్కరు ఎటువంటి సహాయం లేకుండానే చేయగలరు,ఒ క్ కొ క్క రు    ఎటువంటి    సహాయం    లే కుండ ా నే    చేయ గల రు ,38,14
2033,ప్రతీ విద్యార్థి కనీసం ఒక్క మొక్కయినా నాటాల్సి ఉంటుంది,ప్ర తీ    విద్యార్థ ి    కనీసం    ఒక్క    మొక్క య ిన ా    నాట ాల్సి    ఉంటుంది ,48,13
2034,సూచనలను పాటించండి,సూచ నలను    పాట ించ ండి ,16,5
2035,మీరు ఆ రోజు చాలా ఆనందించాలని కోరుకుంటున్నాను,మీరు    ఆ    రోజు    చాలా    ఆనంద ించాలని    కోరు కుంటు న్న ాను ,39,10
2036,శ్రీ బాలసుబ్రమణ్యం గారి వంటి జ్ఞానులు దయతో విచ్చేశారు,శ్రీ    బాల సు బ్ర మ ణ ్యం    గార ి    వంటి    జ్ఞా న ులు    దయ తో    వి చ్ చేశ ారు ,47,19
2037,"విద్యార్థులు పర్యావరణను పరిరక్షించడం నేర్చుకోవడం ఎంతో ముఖ్యం, దేశాయి గారు","విద్యార్థ ులు    పర్యావర ణను    పరి రక్ష ించడం    నేర్చు కోవడం    ఎంతో    ముఖ్య ం,    దేశ ాయి    గ ారు ",66,16
2038,నా వంతు సాయం అందించగలిగినందుకు నాకు సంతోషంగా ఉంది,నా    వంత ు    సాయ ం    అందించ గలి గిన ందుకు    నాకు    సంతోష ంగా    ఉంది ,43,13
2039,"విద్యార్థులు, ఇక మొదలు పెడదామా","విద్యార్థ ులు,    ఇ క    మొద లు    పెడ దా మా ",27,9
2040,ఒక్కొక్క మొక్కని తీసుకుని దానికో నివాసాన్ని ఇవ్వండి,ఒ క్ కొ క్క    మొక్క ని    తీసుకు ని    ద ానిక ో    నివా సా న్ని    ఇవ్వ ండి ,46,16
2041,ఏవైనా ప్రశ్నలుంటే నన్ను ఆడగటానికి సంకోచించకండి,ఏవైనా    ప్రశ్ నలు ంటే    న న్ను    ఆడ గ టానికి    సం కో చ ించ క ండి ,42,15
2042,శుభోదయం మేడం,శు భో ద యం    మే డం ,11,6
2043,జీవిత బీమా పాలసీ గురించి కొంత సమాచారం కోసం వచ్చాను,జీవిత    బీమా    పాల సీ    గురించి    కొంత    సమాచారం    కోసం    వచ్చ ాను ,43,10
2044,దయచేసి నాకు సహాయం చేయగలరా,దయ చేసి    నాకు    సహాయం    చేయ గల రా ,22,7
2045,"శుభోదయం, కూర్చోండి","శు భో దయ ం,    కూర్చ ో ండి ",17,7
2046,"తప్పకుండా, మా వినియోగదారులకు సేవ చేయడానికే ఇక్కడున్నాం","తప్ప కుండా,    మా    వినియోగదార ులకు    సే వ    చేయడ ానిక ే    ఇక్క డు న్నా ం ",49,14
2047,"మా పాలసీలకు సంబంధించి మీరు తెలుసుకోవాలనుకుంటున్నది ఏదైనా, నేను సహాయం చేస్తాను","మా    పాల సీ లకు    సంబంధ ించి    మీరు    తెలుసుకోవ ాలనుకుంటు న్న ది    ఏద ై నా,    నేను    సహాయం    చే స్తా ను ",69,19
2048,"మీ పేరు, వయసు చెబుతారా","మీ    పే రు,    వయ సు    చెబు తార ా ",19,8
2049,"నా పేరు దేవాంగ సైకియా, నా వయసు 39","నా    పేరు    దే వా ంగ    సై క ియా,    నా    వయ సు    3 9 ",27,13
2050,ఈ వయసులో నాకు ఏ బీమా పాలసీ సరిపోతుందో తెలుసుకోవాలనుకుంటున్నాను,ఈ    వయ సులో    నాకు    ఏ    బీమా    పాల సీ    సరిపో తు ందో    తెలుసుకోవ ాలనుకుంటు న్న ాను ,55,15
2051,అలాగే ప్రయోజనాలు కూడా తెలుసుకోవాలనుకుంటున్నాను,అలాగే    ప్రయోజన ాలు    కూడా    తెలుసుకోవ ాలనుకుంటు న్న ాను ,43,8
2052,"మీ పేరు, వయసు చెప్పినందుకు ధన్యవాదాలు","మీ    పే రు,    వయ సు    చెప్ప ిన ందుకు    ధ న్య వాద ాలు ",33,12
2053,మా వద్ద జీవన్ ఉమంగ్ అనే చాలా మంచి పాలసీ ఉంది,మా    వద్ద    జీవ న్    ఉ మ ంగ్    అనే    చాలా    మంచి    పాల సీ    ఉంది ,36,13
2054,మీరు దానిని ఎంచుకోవచ్చు,మీరు    దానిని    ఎంచు కో వచ్చు ,21,5
2055,ఈ పాలసీలో కనీస ప్రాథమిక బీమా మొత్తం ఎంత,ఈ    పాల సీ లో    కనీ స    ప్రాథమిక    బీమా    మొత్తం    ఎంత ,33,10
2056,ఈ పాలసీకి కనీస వయోపరిమితి ఎంత,ఈ    పాల సీ కి    కనీ స    వయ ో పరిమిత ి    ఎంత ,25,11
2057,గరిష్ట వయోపరిమితి ఎంత,గరి ష్ట    వయ ో పరిమిత ి    ఎంత ,19,7
2058,కనీస ప్రాథమిక బీమా మొత్తం రెండు లక్షల రూపాయలు,కనీ స    ప్రాథమిక    బీమా    మొత్తం    రెండు    లక్షల    రూపాయ లు ,39,9
2059,కనీస వయోపరిమితి 90 రోజులు,కనీ స    వయ ో పరిమిత ి    9 0    రోజ ులు ,22,10
2060,గరిష్ట వయోపరిమితి 55 సంవత్సరాలు,గరి ష్ట    వయ ో పరిమిత ి    5 5    సంవత్సరాలు ,28,9
2061,సమాచారం ఇచ్చినందుకు ధన్యవాదాలు,సమాచారం    ఇచ్చ ిన ందుకు    ధ న్య వాద ాలు ,28,8
2062,ఈ పాలసీలో మరణ ప్రయోజనాలు ఏం ఉంటాయి,ఈ    పాల సీ లో    మర ణ    ప్రయోజన ాలు    ఏ ం    ఉంట ాయి ,29,12
2063,నేను ప్రీమియంలను ఏడాదికి ఒకసారి కట్టొచ్చా,నేను    ప్రీ మ ియ ం లను    ఏడా ద ికి    ఒకసారి    కట్ట ొ చ్చ ా ,37,14
2064,"మొదటి 5 ఏళ్లలో మరణం సంభవిస్తే, మరణం తాలూకు బీమా మొత్తం ఇవ్వబడుతుంది","మొదటి    5    ఏ ళ్ లలో    మరణం    సం భ విస్త ే,    మరణం    తాలూకు    బీమా    మొత్తం    ఇవ్వ బడు తుంది ",58,17
2065,"పాలసీ 5 సంవత్సరాలు పూర్తైన తరువాత, కాని మెచ్యూరిటీ డేట్ కంటే ముందు మరణం సంభవిస్తే, మరణం తాలూకు బీమా మొత్తం, ఏదైనా అదనపు లాయల్టీ ఉంటే ఇవ్వబడుతుంది","పాల సీ    5    సంవత్సరాలు    పూర్ త ైన    తరువాత,    కాని    మె చ ్యూ రి టీ    డే ట్    కంటే    ముందు    మరణం    సం భ విస్త ే,    మరణం    తాలూకు    బీమా    మొత్త ం,    ఏదైనా    అదనపు    ల ాయ ల్ టీ    ఉంటే    ఇవ్వ బడు తుంది ",125,38
2066,అన్ని బకాయిలను కట్టి ఉంటే ఇవన్నీ వర్తిస్తాయి,అన్ని    బ క ాయి లను    క ట్టి    ఉంటే    ఇ వ న్నీ    వర్తి స్త ాయి ,39,14
2067,"ప్రీమియంలను సంవత్సరానికొకసారి, ఆరు నెలలకొకసారి, మూడు నెలలకొకసారి లేదా నెలకొకసారి క్రమం తప్పకుండా కట్టొచ్చు","ప్రీ మ ియ ం లను    సంవత్స రా ని కొ క సార ి,    ఆరు    నెల ల కొ క సార ి,    మూడు    నెల ల కొ క సారి    లేదా    నెల కొ క సారి    క్రమం    తప్పకుండా    కట్ట ొ చ్చ ు ",96,36
2068,మెచ్యూరిటీ డేట్ కంటే ముందే నా పాలసీని సరెండర్ చేయొచ్చా,మె చ ్యూ రి టీ    డే ట్    కంటే    ముందే    నా    పాల సీ ని    స రెండ ర్    చేయ ొ చ్చ ా ,47,20
2069,సరెండర్ విలువ ఎంత ఉంటుంది,స రెండ ర్    విలువ    ఎంత    ఉంటుంది ,22,6
2070,"చేయొచ్చు, పాలసీదారు పాలసీని మెచ్యూరిటీ లోపు 3 సంవత్సరాలు పూర్తయ్యాక సరెండర్ చేయొచ్చు","చేయ ొ చ్చ ు,    పాల సీ దారు    పాల సీ ని    మె చ ్యూ రి టీ    లో పు    3    సంవత్సరాలు    పూర్ తయ ్యా క    స రెండ ర్    చేయ ొ చ్చ ు ",75,30
2071,మీరు కనీసం వరుసగా 3 సంవత్సరాల పాటు సక్రమంగా ప్రీమియంలను కట్టి ఉండాలి,మీరు    కనీసం    వరుసగా    3    సంవత్సరాల    పాటు    స క్రమంగా    ప్రీ మ ియ ం లను    క ట్టి    ఉండ ాలి ,59,17
2072,"ప్రక్రియ వివరాలను మా రెడీ రెకన్‌లో చూడవచ్చు, దయచేసి దాన్ని చూడండి","ప్రక్రియ   వివర ాలను    మా    రె డీ    రె క న్‌లో    చూడ వచ్చు,    దయ చేసి    దాన్ని    చూడ ండి ",57,16
2073,ఈ సమాచారం నాకు చాలా ఉపయోగపడింది,ఈ    సమాచారం    నాకు    చాలా    ఉపయోగ పడ ింది ,27,7
2074,చాలా ధన్యవాదాలు,చాలా    ధ న్య వాద ాలు ,14,5
2075,పర్వాలేదు,పర్ వాల ే దు ,9,4
2076,"మీకు కావాలంటే, మీకు వివరాలను వివరంగా చెప్పగల మా ఏజెంట్లలో ఒకరిని మిమ్మల్ని కలవమని పంపగలను","మీకు    కావాల ంటే,    మీకు    వివర ాలను    వివర ంగా    చెప్ప గల    మా    ఏజె ంట్ లలో    ఒకరి ని    మిమ్మల్ని    కల వ మని    పంప గ లను ",78,23
2077,మీ ఫోన్ నెంబర్ ఇస్తారా,మీ    ఫోన్    నె ంబర్    ఇ స్త ారా ,19,7
2078,అది బాగుంటుంది,అది    బా గు ంటు ంది ,13,5
2079,నా నెంబర్ వ్రాసుకోండి,నా    నె ంబర్    వ్రా సుకో ండి ,19,6
2080,"హలో, నేను ఈశాన్య దేశ వంటకాలు రుచి చూడాలని అనుకుంటున్నాను","హ లో,    నేను    ఈశాన్య    దేశ   వంట కాలు    రు చి    చూడ ాలని    అను కుంటు న్న ాను ",49,15
2081,"భోజనం, ఇంకా రెస్టారెంట్ల విషయంలో సలహాలు కావలసి వస్తే అడగటానికి మీరే సరైనవారని నా మిత్రుడు సిరిల్ చెప్పాడు","భో జన ం,    ఇంకా    రె స్ట ారె ం ట్ల    విషయంలో    సల హ ాలు    కా వలసి    వస్త ే    అడగ టానికి    మీ రే    సర ై న వార ని    నా    మిత్ర ుడు    సి రి ల్    చెప్ప ాడు ",92,34
2082,"అవును, నేను ఎంతో కాలం నుండి ఈ ప్రాంతంలో ఉంటున్నాను, కాబట్టి మీకు నేను ఆహార సలహాలు ఇవ్వగలను","అవు ను,    నేను    ఎంతో    కాలం    నుండి    ఈ    ప్రాంతంలో    ఉంటు న్నా ను,    కాబట్టి    మీకు    నేను    ఆహార    సల హ ాలు    ఇవ్వ గ లను ",77,21
2083,ఖార్ అనే అస్సామీయుల వంటకంతో మొదలుపెట్టడం బాగుంటుంది,ఖ ార్    అనే    అస్సా మీ య ుల    వంట క ంతో    మొదలు పెట్ట డం    బా గు ంటు ంది ,46,17
2084,ఆలాగా,ఆ లా గా ,5,3
2085,అది శాఖాహారమేనా,అది    శా ఖా హార మే నా ,14,6
2086,దేనితో చేస్తారు,దే ని తో    చేస్త ారు ,14,5
2087,"అది ఎర్ర బియ్యం, దంచిన పప్పులు, పచ్చి బొప్పాయి కలిపి చేస్తారు కనుక అది పూర్తిగా శాఖాహారమే","అది    ఎ ర్ర   బ ియ ్య ం,    ద ంచ ిన    ప ప్ప ులు,    పచ్చ ి    బొ ప్ప ాయి    కలి పి    చేస్త ారు    కను క    అది    పూర్తిగా    శా ఖా హార మే ",77,30
2088,ఇందులో ఎన్నో అస్సామీ మసాలాదినుసులు కూడా వేసి చేస్తారు,ఇందులో    ఎన్న ో    అస్సా మీ    మ స ాల ా ది ను సులు    కూడా    వే సి    చేస్త ారు ,47,17
2089,"సరే, నేను తప్పకుండా రుచి చూస్తాను","సర ే,    నేను    తప్పకుండా    రు చి    చూ స్తా ను ",29,9
2090,మరి వెదురు బియ్యం సంగతేంటి,మర ి    వె దు రు    బ ియ ్యం    సంగ తే ంటి ,23,11
2091,అది అస్సామీయుల ప్రత్యేకం అని విన్నాను,అది    అస్సా మీ య ుల    ప్రత్యే కం    అని    వి న్న ాను ,33,11
2092,దాని పేరు సరిగ్గా గుర్తు లేదు నాకు; పి అక్షరంతో మొదలవుతుంది అనుకుంటా,దాని    పేరు    సరి గ్గా    గుర్త ు    లేద ు    నా కు ;    పి    అక్ష ర ంతో    మొద ల వు తుంది    అను కుంట ా ,59,22
2093,మీరు మాట్లాడుతున్న వంటకం పేరు పిఠా లేదా ఖోలా పిఠా,మీరు    మాట్లాడు తున్న    వంట కం    పేరు    పి ఠ ా    లేదా    ఖో లా    పి ఠ ా ,42,15
2094,కాస్త మసాలాలు తగిలించిన బియ్యాన్ని ఖాళీ వెదురు గడలలో నింపి వండుతారు,కా స్త   మ స ాల ాలు    త గి ల ించిన    బ ియ ్యాన్ని    ఖా ళ ీ    వె దు రు    గడ లలో    న ింప ి    వ ండ ు త ారు ,59,29
2095,"ఓహో, అయితే ఇది కూడా శాఖాహార వంటకమేనా","ఓ హో ,    అయితే    ఇది    కూడా    శా ఖా హార   వంట క మే నా ",31,13
2096,"అవును, మనకి కావాలసినట్టు తియ్యగా లేదా కారంగా ఉండవచ్చు","అవు ను,    మన కి    కావాల సిన ట్టు    తి య్య గా    లేదా    కార ంగా    ఉండ వచ్చు ",47,15
2097,"చాలా మంది తియ్యటిదే ఇష్టపడతారు, మామూలుగా ఇది పెరుగు, బెల్లం పాకంతో కలిపి తింటారు","చాలా    మంది    తి య్య టి దే    ఇష్టపడ తారు,    మా మూ లుగా    ఇది    పె రు గ ు,    బె ల్ల ం    పా క ంతో    కలి పి    త ిం ట ారు ",70,28
2098,"సరే, కొన్ని మాంసాహార వంటకల సలహా కూడా ఇస్తారా","సర ే,    కొన్ని    మా ం సా హార   వంట క ల    సల హా    కూడా    ఇ స్త ారా ",38,16
2099,"నేను నాన్-వెజ్ ఆహారం ఇష్టపడతాను, అందుకే","నేను    నా న్- వె జ్    ఆహార ం    ఇష్టపడ తా ను,    అందు కే ",35,12
2100,"అలాంటప్పుడు, నాగాలాండ్ వంటకం కాల్చిన పందిమాంసంతో నీ జిహ్వకు జీవమొచ్చేస్తుంది","అలా ంట ప్పుడు,    నాగాలా ండ్    వంట కం    కాల ్చ ిన    ప ంది మా ం స ంతో    నీ    జి హ ్వ కు    జీవ మొ చ్చే స్తుంది ",69,25
2101,"బయట కరకరలాడుతూ, లోన మృదువుగా రసభరితంగా ఉండి, ఇక పొగపెట్టిన రుచి చాలా బాగుంటుంది","బయట    కర కర ల ాడు తూ,    లో న    మృ దు వుగా    ర సభ రి తంగా    ఉండి,    ఇ క    పొ గ పెట్ట ిన    రు చి    చాలా    బా గు ంటు ంది ",69,29
2102,"ఓహో, వినడానికి చాలా రుచిగా ఉండేలా ఉంది, కానీ నేను పంది మాంసం తినను","ఓ హో ,    వి న డానికి    చాలా    రు చి గా    ఉండేలా    ఉంది,    కానీ    నేను    ప ంది    మా ం సం    తి నను ",56,21
2103,అయినా ఈ వంటకం గురించి నా ఫ్రెండ్ సిరిల్‌కి చెప్తానులే,అయిన ా    ఈ    వంట కం    గురించి    నా    ఫ్రె ండ్    సి రి ల్‌ కి    చె ప్ తా న ుల ే ,46,19
2104,"మ్‌మ్, మరి థుక్పా","మ్‌ మ్,    మర ి    థ ు క్ ప ా ",15,9
2105,"అది నూడిల్స్ తో తయారుచేసే అరుణాచల ప్రదేశ్ వంటకం, ఇందులో వేసే పదార్థాలు పప్పు నుండి ఏదైనా మాంసం వరకు మారుతూ ఉంటాయి","అది    న ూడ ి ల్స్    తో    తయ ారు చేసే    అరు ణా చ ల    ప్రదేశ్    వంట క ం,    ఇందులో    వేస ే    పదార్థ ాలు    ప ప్పు    నుండి    ఏదైనా    మా ం సం    వరకు    మారు తూ    ఉంట ాయి ",97,34
2106,"నీకు చేపలు ఇష్టమైతే, అస్సాం వాళ్ళ తేంగా చేపల వంటకం నీకు నచ్చుతుంది","నీ కు    చేప లు    ఇష్ట మై తే,    అస్సా ం    వా ళ్ళ    తే ంగా    చేప ల    వంట కం    నీ కు    న చ్చు తుంది ",57,22
2107,"నాకు నూడిల్స్ అంటే ఇష్టం, కాబట్టి ఈశాన్యపు వంటకాల్లో నేను రుచి చూసే వాటిలో థుక్పా ముందు ఉంటుంది","నాకు    న ూడ ి ల్స్    అంటే    ఇష్ట ం,    కాబట్టి    ఈశా న్య పు    వంట కాల్ లో    నేను    రు చి    చూ సే    వాటిలో    థ ు క్ ప ా    ముందు    ఉంటుంది ",82,28
2108,తేంగా కూడా రుచి చూస్తాను,తే ంగా    కూడా    రు చి    చూ స్తా ను ,21,8
2109,ఈశాన్యాది వంటకాలు సాధారణంగా ఘాటుగా ఉంటాయా,ఈశా న్యా ది    వంట కాలు    సాధారణంగా    ఘా టు గా    ఉంట ాయ ా ,37,12
2110,"లేదు, అస్సలు కారంగానే ఉండవు","లేదు,    అస్ సలు    కార ంగా నే    ఉండ వు ",24,8
2111,నిజానికి ఘుమఘుమలాడుతూ తాజాగా అనిపిస్తాయి,నిజ ానికి    ఘ ు మ ఘ ు మల ాడు తూ    తా జా గా    అని పి స్త ాయి ,37,17
2112,"హలో, ఇది టాటా క్యాపిటల్ యేనా","హ లో,    ఇది    టా టా    క్యా పి టల్    యే నా ",24,10
2113,అవునండి టాటా క్యాపిటలే,అవు న ండి    టా టా    క్యా పి ట లే ,20,9
2114,మీకు ఏ విధంగా సహాయపడగలను,మీకు    ఏ    విధంగా    సహాయపడ గ లను ,21,6
2115,నాకు కొంత వ్యక్తిగత ఋణం కావాలి,నాకు    కొంత    వ్యక్తిగత    ఋ ణం    కావాల ి ,26,7
2116,నా క్రెడిట్ స్కోరు చూసి నాకు ఎంత మొత్తం రాగలదో చెప్తారా,నా    క్రెడిట్    స్కో రు    చూ సి    నాకు    ఎంత    మొత్తం    రా గల ద ో    చె ప్ తార ా ,47,17
2117,"తప్పకుండా, ఒక నిమిషం ఉండండి","తప్ప కుండా,    ఒక    నిమిష ం    ఉండ ండి ",24,7
2118,మీ క్రెడిట్ స్కోరుని బట్టి మీకు ఎక్కువలో ఎక్కువ 8 లక్షల రుణం రావచ్చు,మీ    క్రెడిట్    స్కో రు ని    బట్టి    మీకు    ఎక్కువ లో    ఎక్కువ    8    లక్షల    రు ణం    రా వచ్చు ,58,16
2119,ప్రస్తుతం వ్యక్తిగత ఋణాలపై వడ్డీరేటు ఎంతుందండి,ప్రస్తుతం    వ్యక్తిగత    ఋ ణ ాలపై    వడ్డ ీ రేటు    ఎ ంత ు ంద ండి ,42,13
2120,ఇంకా దానికి ఎలా దరఖాస్తు చేసుకోవాలో చెబుతారా,ఇంకా    దానికి    ఎలా    దర ఖా స్తు    చేసుకో వాలో    చెబు తార ా ,39,11
2121,వ్యక్తిగత ఋణాల వడ్డీరేట్లు సాధారణంగా 10,వ్యక్తిగత    ఋ ణ ాల    వడ్డ ీ రే ట్లు    సాధారణంగా    10 ,35,10
2122,50% నుండి 24% మధ్యలో ఎంతైనా ఉండవచ్చు,50 %    నుండి    24 %    మధ్యలో    ఎ ంత ైనా    ఉండ వచ్చు ,31,11
2123,మామూలుగా వ్యక్తిగత ఋణాలకు ఆ ఆర్థిక సంస్థకు గల అర్హతా షరతులు మీరు ఎంతవరకు నెరవేర్చగలరనే దాని మీద ఆధారపడి ఉంటుంది,మా మూ లుగా    వ్యక్తిగత    ఋ ణ ాలకు    ఆ    ఆర్థిక    సంస్థ కు    గల    అర్హ తా    ష ర తులు    మీరు    ఎ ంత వరకు    నె ర వే ర్చ గల ర నే    దాని    మీద    ఆధారపడి    ఉంటుంది ,96,32
2124,లోన్ ప్రక్రియ మొదలు పెట్టదానికి మీరు కొన్ని పత్రాలు ఇవ్వవల్సి ఉంటుంది,లో న్    ప్రక్రియ   మొద లు    పెట్ట దానికి    మీరు    కొన్ని    పత్ర ాలు    ఇవ్వ వ ల్ సి    ఉంటుంది ,61,16
2125,"మీ గుర్తుంపుని రుజువు చేసే ఆధారాలు వోటర్ కార్డు, ఆధార్ కార్డు, అలాగే ప్యాన్ కార్డు వంటివి","మీ    గుర్తు ంపు ని    రు జు వు    చేసే    ఆధారాలు    వో టర్    కార్ డు,    ఆధార ్    కార్ డు,    అలాగే    ప్యా న్    కార్ డు    వంటివి ",77,23
2126,"ఐడెంటిటీ ప్రూఫ్, ఇంకా అడ్రస్ ప్రూఫ్","ఐ డె ంట ి టీ    ప్ర ూ ఫ్ ,    ఇంకా    అడ ్ర స్    ప్ర ూ ఫ్ ",31,16
2127,పోయిన మూడు నెలల స్యాలరీ స్లీప్ ఇంకా ఐటి రిటర్న్స్ వివరాలు వంటి ఆదాయ పత్రాలు,పోయ ిన    మూడు    నెలల    స్య ాల రీ    స్ లీ ప్    ఇంకా    ఐ టి    రి టర్ న్స్    వివర ాలు    వంటి    ఆదాయ   పత్ర ాలు ,64,22
2128,నేను బ్రాంచీకి స్వయంగా రావాల్సి ఉంటుందా,నేను    బ్రా ంచ ీకి    స్వయంగా    రావ ాల్సి    ఉంటు ంద ా ,35,10
2129,లేక ఆన్లైన్ లో దరఖాస్తు చేసుకోవచ్చా,లే క    ఆన్ లైన్    లో    దర ఖా స్తు    చేసుకో వచ్చ ా ,31,11
2130,"దరఖాస్తు ఆన్లైన్ లో చేసుకోవచ్చు,","దర ఖా స్తు    ఆన్ లైన్    లో    చేసుకో వచ్చు, ",29,8
2131,"కానీ పత్రాలు ఇవ్వడానికి, వాటి తనిఖీకి మీరు బ్రాంచీకి రావాల్సి ఉంటుంది","కానీ    పత్ర ాలు    ఇవ్వ డానికి,    వాటి    తని ఖ ీకి    మీరు    బ్రా ంచ ీకి    రావ ాల్సి    ఉంటుంది ",61,16
2132,"నేను మీ సంస్థకి తరచూ వచ్చే ఖాతాదారునే, కావాలంటే సరిచూసుకోండి","నేను    మీ    సంస్థ కి    తర చ ూ    వచ్చే    ఖాతా దార ు నే,    కావాల ంటే    సరి చూ సుకో ండి ",53,18
2133,నా పత్రాలను మీ ఆఫీసుకి పంపిస్తే సరిపోదా,నా    పత్ర ాలను    మీ    ఆ ఫీ సు కి    పంపి స్తే    సరిపో దా ,34,12
2134,"ఎక్కువ సమయం పట్టదు సార్, పత్రాలు పంపిస్తే వేరే దరఖాస్తులతో కలిసిపోవచ్చు","ఎక్కువ    సమయం    పట్ట దు    సార్ ,    పత్ర ాలు    పంపి స్తే    వేరే    దర ఖా స్త ులతో    కలి సి పో వచ్చు ",63,19
2135,"మామూలుగా వ్యక్తిగత ఋణాలకు ఎగువ, దిగువ పరిమితులు ఏంటి","మా మూ లుగా    వ్యక్తిగత    ఋ ణ ాలకు    ఎగు వ ,    దిగువ    పరిమిత ులు    ఏ ంటి ",46,15
2136,"మేము వ్యక్తిగత ఋణాలు తక్కువలో తక్కువ 75,000/- నుండి ఎక్కువ అంటే 35,00,000/-వరకు మీ అర్హతనుబట్టి అందిస్తున్నాం","మే ము    వ్యక్తిగత    ఋ ణ ాలు    తక్కు వ లో    తక్కువ    7 5 ,0 00 / -    నుండి    ఎక్కువ    అంటే    3 5 ,0 0 ,0 00 / - వరకు    మీ    అర్హ త ను బట్టి    అంది స్తున్న ా ం ",97,37
2137,"సరే మరి, సమాచారం ఇచ్చినందుకు థాంక్స్","సర ే    మ రి,    సమాచారం    ఇచ్చ ిన ందుకు    థా ం క్స్ ",32,11
2138,త్వరలోనే బ్రాంచీకి వస్తాను,త్వర లోనే    బ్రా ంచ ీకి    వ స్తా ను ,24,8
2139,ఇంకేదైనా అవసరం ఉంటే తప్పక సంప్రదించండి,ఇం కే ద ైనా    అవసరం    ఉంటే    తప్ప క    సంప్రద ించ ండి ,34,11
2140,మళ్ళీ పనిలోకి ఎప్పుడు వస్తావు కమలా,మళ్ళీ    పని లోకి    ఎ ప్పుడు    వ స్తా వు    కమ లా ,30,10
2141,అసలు క్యాలెండరు చూశావా,అసలు    క్య ాలె ండ రు    చూ శా వా ,20,8
2142,ఒక నెల కావస్తుంది,ఒక    నెల    కా వస్తు ంది ,15,5
2143,10 రోజులే సెలవు తీసుకుంటాను అన్నావనుకుంటా,10    రోజ ుల ే    సెల వు    తీసుకు ంట ాను    అన్న ా వ ను కుంట ా ,37,15
2144,క్షమించండి అమ్మా,క్ష మ ించ ండి    అమ్మ ా ,15,6
2145,మీకు కబురు చేయలేకపోయాను,మీకు    క బు రు    చేయ లేకపో యా ను ,21,8
2146,అసలు ఎక్కడున్నావు,అసలు    ఎక్క డు న్నా వు ,16,5
2147,ఇంకా మీ పుట్టింట్లోనే ఉన్నావా,ఇంకా    మీ    పుట్ట ిం ట్ లోనే    ఉన్న ా వా ,26,9
2148,లేదమ్మా,లేద మ్మ ా ,7,3
2149,మూడు రోజులు కిందటే ఇంటికి వచ్చేసాను,మూడు    రోజ ులు    క ింద ట ే    ఇంటికి    వ చ్చే సా ను ,31,12
2150,మూడు రోజుల కిందటేనా,మూడు    రోజుల    క ింద టే నా ,17,6
2151,మరి పనిలోకి ఎందుకు రావడంలేదు,మర ి    పని లోకి    ఎ ందుకు    రా వడ ం లేద ు ,25,11
2152,నా చేయి కాస్త వాచింది,నా    చేయ ి    కా స్త   వా చ ింది ,18,8
2153,పని చేయడానికి కష్టంగా ఉంది,పని    చేయడానికి    కష్ట ంగా    ఉంది ,23,5
2154,వాచిందా,వా చ ింద ా ,7,4
2155,డాక్టర్ దగ్గరికి వెళ్ళావా,డా క్టర్    దగ్గర ికి    వెళ్ళ ా వా ,23,7
2156,కొన్ని రోజులపాటు విశ్రాంతి తీసుకోమని డాక్టరుగారు చెప్పారమ్మ,కొన్ని    రోజ ుల పాటు    వి శ్రా ంతి    తీసుకో మని    డా క్ట రు గ ారు    చెప్ప ార మ్ మ ,54,18
2157,నెలరోజులకు అయితే చెప్పి ఉండడే,నెల రోజ ులకు    అయితే    చెప్ప ి    ఉండ డే ,26,8
2158,నువ్వేమీ చేయి విరగ్గొట్టుకోలేదు కదా,ను వ్ వే మీ    చేయ ి    వి ర గ్ గొ ట్టు కో లేద ు    క దా ,32,16
2159,"లేదమ్మా, విషయం అది కాదు","లేద మ్ మా ,    విష యం    అది    కా దు ",20,9
2160,మరేంటి విషయం,మర ే ంటి    విష యం ,11,5
2161,నాకు తెలీదమ్మా,నాకు    తె లీ ద మ్మ ా ,13,6
2162,నా చేయి వాచి నొప్పిగా ఉంది,నా    చేయ ి    వా చి    నొ ప్ప ిగా    ఉంది ,22,9
2163,"ఎప్పుడైనా పని సరిగ్గా చేస్తే, అలా అయ్యేది కాదు","ఎ ప్పుడ ైనా    పని    సరి గ్గా    చేస్త ే,    అలా    అయ్య ే ది    కా దు ",40,14
2164,బట్టలు ఎప్పుడూ మడతేయవు,బట్ట లు    ఎప్పుడూ    మ డ తే య వు ,20,8
2165,గిన్నెలు శుభ్రంగానే ఉండవు,గి న్న ె లు    శు భ్ర ంగా నే    ఉండ వు ,23,10
2166,వాషింగ్ మెషిన్ ఉంది కాబట్టి నీకు బట్టలు ఉతికే పని కూడా ఉండదు,వా ష ింగ్    మె షి న్    ఉంది    కాబట్టి    నీ కు    బట్ట లు    ఉ తిక ే    పని    కూడా    ఉండ దు ,51,19
2167,అసలు ఇదేం బాగాలేదు,అసలు    ఇ దే ం    బా గాల ే దు ,16,8
2168,నాకు చేతనైనంత పనీ చేస్తానమ్మా,నాకు    చేత నై న ంత    ప నీ    చే స్తా నమ్మ ా ,26,11
2169,నాకు ఎదురు సమాధానం చెప్పకు,నాకు    ఎదు రు    సమా ధా నం    చెప్ప కు ,23,8
2170,ఇంట్లోనే ఉండిపోయి విశ్రాంతి తీసుకో,ఇంట్ లోనే    ఉండ ిపోయ ి    వి శ్రా ంతి    తీసు కో ,31,10
2171,నువ్ మళ్ళీ నా దగ్గరకు పనికి రానక్కర్లేదు,ను వ్    మళ్ళీ    నా    దగ్గ రకు    ప నికి    రా న క్క ర్ లేద ు ,35,14
2172,నిన్ను పనిలోంచి తీసేస్తున్నా,ని న్ను    పని లో ంచి    తీ సే స్తున్న ా ,26,9
2173,అబ్బో,అ బ్బ ో ,5,3
2174,ఎంత దర్జాగా ఉందో,ఎంత    దర్ జా గా    ఉ ందో ,14,6
2175,ఎప్పుడు తీసుకున్నావు దీన్ని,ఎ ప్పుడు    తీసుకు న్నా వు    దీన్ని ,25,6
2176,"నేను నడపనా, ప్లీజ్","నేను    నడ ప నా,    ప్ లీ జ్ ",16,7
2177,నడపగలనని నీకు నమ్మకమేనా,నడ ప గల నని    నీ కు    నమ్మ క మే నా ,21,10
2178,ఈ చక్కనిచుక్కకి ఏమి కాకూడదు,ఈ    చ క్క ని చు క్క కి    ఏ మి    కా కూడ దు ,24,12
2179,ఎందుకు నడుపలేను,ఎ ందుకు    నడు ప లే ను ,14,6
2180,ప్రయత్నించగలను,ప్రయత్న ించ గ లను ,14,4
2181,నీకు బీమా లేదా,నీ కు    బీమా    లేదా ,12,4
2182,హహ,హ హ,2,2
2183,సారీ సరదాగా అన్నాను,సార ీ    సర దా గా    అన్న ాను ,17,7
2184,నీ మొఖం చూడాల్సింది ఇప్పుడు,నీ    మొ ఖ ం    చూడ ాల్ స ింది    ఇప్పుడు ,24,9
2185,ఏంటి నీ గోల,ఏ ంటి    నీ    గో ల ,9,5
2186,నా కారు మీద జోకులు వేయడానికి వీల్లేదు,నా    కారు    మీద    జో కులు    వేయ డానికి    వీ ల్ లేద ు ,32,11
2187,కావాలంటే నా జీవితం గురించి నీకు కావలసినన్ని వేయి,కావాల ంటే    నా    జీవితం    గురించి    నీ కు    కా వల సిన న్ని    వేయ ి ,42,13
2188,"సరేలే, ఇదిగో","సర ే లే ,    ఇ దిగ ో ",11,7
2189,ఓ రౌండ్ వేసొద్దాం,ఓ    రౌ ండ్    వేస ొ ద్ దా ం ,15,8
2190,దీనికి పేరు పెట్టావా లేదా ఇంకా,దీనికి    పేరు    పెట్ట ా వా    లేదా    ఇంకా ,26,7
2191,నీ కారుకి పేరు పెట్టాలి,నీ    కార ు కి    పేరు    పెట్ట ాలి ,20,7
2192,హహ అవునులే,హ హ   అవు న ుల ే ,9,6
2193,దీన్ని అథీనా అని పిలుచుకుంటాను,దీన్ని    అ థ ీ నా    అని    పిలు చు కుంట ాను ,27,10
2194,నువ్వూ నీ గ్రీకు పేర్లు,ను వ్వ ూ    నీ    గ్రీకు    పే ర్లు ,20,7
2195,ఇంజిన్ సౌండ్ భలేగా ఉంది,ఇం జి న్    సౌ ండ్    భ లే గా    ఉంది ,20,9
2196,చాలా బావుంది,చాలా    బా వు ంది ,11,4
2197,సాపుగా నడుస్తోంది కూడా,సా పు గా    నడు స్త ో ంది    కూడా ,20,8
2198,చాలా ఖరీదయ్యుంటుంది,చాలా    ఖరీ ద య్య ు ంటు ంది ,18,7
2199,మా నాన్న డబ్బున్నోడు కాకుంటే అయ్యేది,మా    నా న్న    డబ్బ ు న్న ో డు    కా కు ంటే    అయ్య ే ది ,32,14
2200,ఇదో బహుమతి రా,ఇ ద ో    బహు మతి    రా ,11,6
2201,నా జీతంతో ఒక ఐఫోన్ కూడా కొనలేను; ఫెరారీ మాటే ఉండదు,నా    జీ త ంతో    ఒక    ఐ ఫోన్    కూడా    కొన లే ను ;    ఫె ర ార ీ    మా ట ే    ఉండ దు ,42,21
2202,"ఇంతకీ, నీకు నచ్చిందా","ఇంత క ీ,    నీ కు    న చ్చ ింద ా ",18,9
2203,రాహుల్ కారుకన్నా ఇది బాగోలేదా,రా హ ుల్    కార ు కన్న ా    ఇది    బా గో లేదా ,26,11
2204,ఖచ్చితంగా,ఖచ్చిత ంగా ,9,2
2205,ఎంతైనా ఫెరారీ కదా,ఎ ంత ైనా    ఫె ర ార ీ    క దా ,15,9
2206,'నాన్న ఇచ్చిన గిఫ్టు' అని వెనకాల వ్రాయించాలి,' నా న్న    ఇచ్చిన    గి ఫ్ టు '    అని    వెన కాల    వ్రాయ ించ ాలి ,39,14
2207,హహ,హ హ,2,2
2208,ఇదేం గుర్గావ్ కాదు,ఇ దే ం    గుర్ గా వ్    కా దు ,16,8
2209,దీన్ని బయటకి తీసినప్పుడల్లా సిగ్గుతో చచ్చిపోవాలి,దీన్ని    బయట కి    తీ సిన ప్పుడ ల్ల ా    సి గ్ గు తో    చ చ్చ ిపో వాల ి ,44,17
2210,జనాలు అంతా ధీమాగా ఎలా ఉంటారో ఇటువంటి విషయాల్లో,జన ాలు    అంత ా    ధీ మా గా    ఎలా    ఉంట ారో    ఇ టువంటి    విషయ ాల్లో ,40,14
2211,ఎందుకంటే వాళ్ళకి బాగా డబ్బున్న తండ్రులు ఉంటారు కాబట్టి,ఎందుకంటే    వా ళ్ళ కి    బాగా    డబ్బ ు న్న    తండ్ర ులు    ఉంట ారు    కాబట్టి ,48,13
2212,హహ,హ హ,2,2
2213,అదే వాళ్ళని జీవితం లో ముందుకు నెడుతుంది,అదే    వా ళ్ళ ని    జీవితం    లో    ముందుకు    నె డు తుంది ,34,10
2214,అవుననుకుంటా,అవు న ను కుంట ా ,11,5
2215,ఏమైనా తినడానికి ఆగుదామా,ఏ మై నా    తి న డానికి    ఆ గు దా మా ,21,10
2216,తప్పకుండా,తప్పకుండా ,9,1
2217,జనాలు ఎలా కళ్ళప్పగించి చూస్తున్నారో చూడు,జన ాలు    ఎలా    క ళ్ళ ప్ప గ ించి    చూ స్తున్న ారో    చూడ ు ,36,13
2218,ఎంత బావుందో,ఎంత    బా వు ందో ,10,4
2219,"ఓయ్ రాహుల్, నేను ఈ మధ్యనే ది కాశ్మీర్ ఫైల్స్ చూశాను","ఓ య్    రా హ ుల ్,    నేను    ఈ    మధ్య నే    ది    కాశ్మీర్    ఫై ల్స్    చూ శా ను ",43,17
2220,ఇందులో నటించిన ప్రతి ఒక్కరూ ఎంత అద్భుతంగా చేశారో,ఇందులో    నటించిన    ప్రతి    ఒక్క రూ    ఎంత    అద్భు తంగా    చేశ ారో ,42,10
2221,ముఖ్యంగా భాషా సుంబలి నటనకి నా మతి పోయింది,ముఖ్యంగా    భాషా    సు ంబ లి    నట న కి    నా    మతి    పోయ ింది ,35,12
2222,"అవును, ఆమె పాత్ర పోషించటం గొప్ప సవాలు అయి ఉండాలి","అవు ను,    ఆమె    పాత్ర    పోష ించ టం    గొప్ప    సవ ాలు    అయి    ఉండ ాలి ",41,13
2223,శారద పండిట్ పాత్రకి సంబలి పూర్తిగా న్యాయం చేసింది,శ ార ద    పండ ి ట్    పాత్ర కి    సం బ లి    పూర్తిగా    న్యాయ ం    చేస ింది ,43,16
2224,"సంబలి తానే కాశ్మీరీ పండిట్ల వర్గానికి చెందినమ్మాయట, తెలుసా","సం బ లి    తా నే    కాశ్మీ రీ    పండ ి ట్ల    వర్గ ానికి    చెందిన మ్మ ాయ ట ,    తెలు సా ",52,19
2225,"అవును, నాకూ ఈమధ్యనే తెలిసింది","అవు ను,    నా క ూ    ఈ మధ్య నే    తెలి స ింది ",26,11
2226,"నాకు అన్నిటికంటే ఆశ్చర్యం అనిపించింది, తన తొలి చిత్రంలోనే ఎంత బాగా చేసిందో","నాకు    అ న్ని టిక ంటే    ఆ శ్చ ర్యం    అనిప ించింది,    తన    తొలి    చిత్ర ంలోనే    ఎంత    బాగా    చేస ింద ో ",65,19
2227,"అయ్యో కాదు, ది కాశ్మీర్ ఫైల్స్ సంబలి తొలి చిత్రం కాదు","అయ్య ో    కా దు,    ది    కాశ్మీర్    ఫై ల్స్    సం బ లి    తొలి    చిత్రం    కా దు ",45,15
2228,ఆమె ఇంతకు ముందు 2020 చిత్రం చపాక్ లో ఒక చిన్న పాత్ర చేసింది,ఆమె    ఇంత కు    ముందు    2020    చిత్రం    చ పా క్    లో    ఒక    చిన్న    పాత్ర    చేస ింది ,49,15
2229,"అవునా, ఏం పాత్ర ఆమెది","అవు నా,    ఏ ం    పాత్ర    ఆమె ది ",18,7
2230,మాలతీ ముఖంపైన యాసిడ్ విసిరిన బషీర్ ఖాన్ చెల్లెలిగా చేసింది,మాల తీ    ముఖ ం పైన    యా సి డ్    వి సి రి న    బ ష ీర్    ఖాన్    చెల్ల ె లి గా    చేస ింది ,51,22
2231,"అలాగా, ఇదే ఆమె తొలి పాత్ర అనుకున్నాను","అలా గా,    ఇదే    ఆమె    తొలి    పాత్ర    అను కున్న ాను ",32,9
2232,క్లైమాక్స్ షూటింగులో సంబలి ఏడ్చేసిందని కూడా చదివాను,క్లై మా క్స్    షూ ట ిం గు లో    సం బ లి    ఏ డ్ చేస ిందని    కూడా    చ ది వా ను ,46,20
2233,"అవును, ఆ సన్నివేశం చాలా అమానుషంగా ఉంటుంది, అవి నిజ జీవితంలోని సంఘటనలు ఆధారంగా తీసారన్న విషయం, అందులో నటించడం మాట పక్కనపెట్టు చూడటానికే కష్టం అనిపించింది","అవు ను,    ఆ    సన్నివేశ ం    చాలా    అ మా ను ష ంగా    ఉంటుంది,    అవి    నిజ   జీవిత ంలోని    సంఘట నలు    ఆధారంగా    తీ సార న్న    విషయ ం,    అందులో    నట ించడం    మా ట    పక్క న పెట్ట ు    చూడ ట ానిక ే    కష్ట ం    అనిప ించ ింది ",133,42
2234,అనుపమ్ ఖేర్ కూడా కాశ్మీరీ పండిట్ వంశానికి చెందినవాడే అని తెలుసా,అను ప మ్    ఖే ర్    కూడా    కాశ్మీ రీ    పండ ి ట్    వంశ ానికి    చెందిన వా డే    అని    తెలు సా ,55,19
2235,"అవును, వాళ్ళ అమ్మ తరపునుండి","అవు ను,    వా ళ్ళ    అ మ్ మ    తర పు నుండి ",24,10
2236,"ఇంకా ఆయన పాత్ర పుష్కర్ నాథ్ పండిట్, ఆయన తండ్రి పేరు మీదే పెట్టారు","ఇంకా    ఆయన    పాత్ర    పు ష్ కర్    నాథ్    పండ ి ట్,    ఆయన    తండ్రి    పేరు    మీ దే    పెట్ట ారు ",55,17
2237,ఎంత సహజ నటుడంటే ఆయన నటన చాలా సునాయాసంగా అనిపిస్తుంది,ఎంత    సహజ    నటు డ ంటే    ఆయన    నట న    చాలా    సు నాయ ా స ంగా    అని పి స్తుంది ,45,17
2238,"అవును, ఆయన్ని ధోఖా, ఏ వెన్స్డే, ఇంకా కర్మా లో చూడాలి","అవు ను,    ఆయ న్ని    ధో ఖ ా,    ఏ    వె న్ స్ డ ే,    ఇంకా    కర్ మా    లో    చూడ ాలి ",44,19
2239,ఆనాటి మేటి నటులు మొత్తం మీద అలా కళ్ళకు కట్టినట్టు నటించారు,ఆ నాటి    మే టి    నట ులు    మొత్తం    మీద    అలా    క ళ్ళ కు    కట్ట ిన ట్టు    నట ించారు ,50,17
2240,పునీత్ ఇసార్ను డిజిపి హరి నారాయణ్ పాత్రలో చూడటం ఎంత బాగుందో,పు నీ త్    ఇ సార్ ను    డిజి పి    హ రి    నారాయణ్    పాత్రలో    చూడ టం    ఎంత    బా గు ందో ,51,18
2241,అతను బిఆర్ చోప్రా తీసిన మహాభారత్‌లో ధుర్యోధనుడిగా చేశాడు కదా,అతను    బి ఆ ర్    చో ప్ర ా    తీ సిన    మహా భార త్ ‌లో    ధు ర్య ో ధ ను డిగా    చేశ ాడు    క దా ,53,23
2242,"అవును, ఇంకా ఐఏఎస్ ఆఫీసర్ బ్రహ్మ దత్ గా మిథున్ చక్రబోర్తి కూడా ఉన్నాడు","అవు ను,    ఇంకా    ఐ ఏ ఎస్    ఆ ఫీ సర్    బ్ర హ్ మ    ద త్    గా    మి థ ు న్    చక్ర బోర్ తి    కూడా    ఉన్న ాడు ",59,25
2243,"అమాన్ ఇక్బాల్, దర్శన్ కుమార్ లాంటి కొత్త నటులు కూడా మంచి భావిష్యత్తున్నవారు అనిపిస్తున్నారు","అ మాన్    ఇ క్ బ ాల్,    దర్శ న్    కుమార్    లాంటి    కొత్త    నట ులు    కూడా    మంచి    భా విష ్య త్తు న్న వారు    అని పి స్తున్న ారు ",81,25
2244,ఆ నాటి నటులు అంటే లక్ష్మీ దత్ గా చేసిన మృణాల్ కులకర్ణి గుర్తుకొస్తారు,ఆ    నాటి    నట ులు    అంటే    లక్ష్ మీ    ద త్    గా    చేసిన    మృ ణ ాల్    కుల కర్ ణి    గుర్తు కొ స్త ారు ,59,21
2245,ఆమె సోన్ పరీలో నాకు బాగా నచ్చేది,ఆమె    సో న్    పరీ లో    నాకు    బాగా    న చ్చే ది ,27,10
2246,పల్లవి జోషి నటన కూడా ఎంతో ఉన్నతంగా ఉంది,పల్ల వి    జో షి    నట న    కూడా    ఎంతో    ఉన్న తంగా    ఉంది ,33,11
2247,"ఈ సినిమా చూసిన వాళ్ళంతా ప్రొఫెసర్ రాధిక మీనన్ ని అసహ్యించుకుంటారు, అంత గొప్పగా నటించింది","ఈ    సినిమా    చూ సిన    వా ళ్ళ ంత ా    ప్రొఫె సర్    రాధ ిక    మీ న న్    ని    అ సహ ్య ించు కుంట ారు,    అంత    గొప్ప గా    నట ించ ింది ",77,28
2248,నిజమే,నిజ మే ,5,2
2249,నెగిటివ్ పాత్ర పోషించడం అంత సులువు కాదు కానీ జోషి చేయగలిగింది,నె గి టివ్    పాత్ర    పోష ించడం    అంత    స ులు వు    కా దు    కానీ    జో షి    చేయ గలిగ ింది ,53,18
2250,తెరపై ఆమె పాత్ర కాసేపే అయినా ఆమె నటన బలమైన ముద్ర వేస్తుంది,తెర పై    ఆమె    పాత్ర    కా సే ప ే    అయిన ా    ఆమె    నట న    బలమైన    ముద్ర   వే స్తుంది ,49,17
2251,నటుల్లో ప్రతీ ఒక్కరూ తమ పాత్రలని అదరకొట్టేశారు,నట ుల్లో    ప్ర తీ    ఒక్క రూ    తమ    పాత్ర ల ని    అద ర కొట్ట ే శ ారు ,41,16
2252,"నమస్కారం మహాశయా, ఆర్టిస్ట్స్ గలేరియాకి స్వాగతం","న మ స్కార ం    మహా శ యా ,    ఆర్ టి స్ ట్స్    గ లే రియా కి    స్వా గ తం ",42,19
2253,"ధన్యవాదాలు, మిమ్మల్ని కలవడం సంతోషంగా ఉంది","ధ న్య వాద ాలు,    మిమ్మల్ని    కల వడం    సంతోష ంగా    ఉంది ",37,10
2254,మీకు ఏదైనా సహాయం కావాలా,మీకు    ఏదైనా    సహాయం    కావాల ా ,20,5
2255,"అవును, కావాలి","అవు ను,    కావాల ి ",12,4
2256,"సర్, కళలు ఎన్నో రకాలని చెప్పుకోవచ్చు","సర్ ,    కళ లు    ఎన్న ో    ర కాల ని    చె ప్పు కో వచ్చు ",32,13
2257,ఏమిటా రకరకాల కళారూపాలు,ఏమి టా    ర కర కాల    కళ ార ూ పాలు ,20,9
2258,కళలు ఏడు విభిన్న రకాలున్నాయి,కళ లు    ఏడు    విభి న్న    ర కాలు న్న ాయి ,25,9
2259,"వాటిలో చిత్రలేఖనం, శిల్పకళ, సాహిత్యం, వాస్తునిర్మాణ కళ, చలనచిత్రం, సంగీతం, అలాగే నాటకరంగం ఉన్నాయి","వాటిలో    చిత్ర లేఖ నం,    శిల్ప కళ ,    సాహిత ్య ం,    వా స్తు నిర్మాణ    కళ ,    చలన చిత్ర ం,    సంగీత ం,    అలాగే    నాట కర ంగ ం    ఉన్న ాయి ",87,27
2260,ఓహో అద్భుతం,ఓ హ ో    అద్భు తం ,10,5
2261,కళ అనగానే మనకి మొదట గుర్తుకు వచ్చేది చిత్రలేఖనం,క ళ    అన గానే    మన కి    మొదట    గుర్తు కు    వ చ్చే ది    చిత్ర లేఖ నం ,41,15
2262,చిత్రలేఖనానికి ఉన్న అతి ముఖ్యమైన లక్షణాలు ఏంటి,చిత్ర లేఖ నానికి    ఉన్న    అతి    ముఖ్యమైన    లక్షణ ాలు    ఏ ంటి ,41,10
2263,చిత్రలేఖనం అనేది మన కళాత్మక దృష్టిని రంగులనే ప్రాథమిక మధ్యమంతో వ్యక్తీకరించే విధానం,చిత్ర లేఖ నం    అనేది    మ న    కళా త్మక    దృష్టిని    రంగ ుల నే    ప్రాథమిక    మధ్య మ ంతో    వ్యక్ తీ కరించ ే    విధా నం ,74,22
2264,"కుంచెతో వేయడం, పూయడం, అద్దడం, అలాగే చల్లడం తో సహా ఎన్నో విధాలుగా రంగు వేయవచ్చు","కు ంచె తో    వేయ డం,    పూ య డం,    అద్ద డం,    అలాగే    చల్ల డం    తో    సహా    ఎన్న ో    విధ ాలుగా    రంగు    వేయ వచ్చు ",67,22
2265,చిత్రలేఖనానికి ఉన్న వివిధ శైలులు ఏవి,చిత్ర లేఖ నానికి    ఉన్న    వివిధ    శైల ులు    ఏ వి ,32,9
2266,"చిత్రలేఖనా శైలులు ఎన్నో ఉన్నాయి, అందులో ఆధునికతావాద, వ్యక్తీకరణవాద, సాంప్రదాయక, అవాస్తవిక, క్యూబిస్ట్, చైనా శైలి, నైరూప్య, భావనాత్మక శైలులతో బాటు మరెన్నో ఉన్నాయి","చిత్ర లేఖ నా    శైల ులు    ఎన్న ో    ఉన్నాయి,    అందులో    ఆధు నిక తా వాద ,    వ్యక్ తీ కరణ వాద ,    సాంప్రదాయ క,    అ వాస్త విక ,    క్యూ బి స్ ట్,    చైనా    శైల ి,    నె ౖ రూప ్య ,    భావ నా త్మక    శైల ులతో    బాటు    మ రె న్న ో    ఉన్న ాయి ",145,49
2267,సరే,సర ే ,3,2
2268,మరి రెండవ దాని సంగతేంటి- శిల్పకళ,మర ి    రెండవ    దాని    సంగ తే ంట ి -    శిల్ప క ళ ,28,12
2269,శిల్పకళ అనేది చరిత్రకు పూర్వపు యుగం నాటి ప్రాచీన దృశ్యమాన కళారూపాలలో ఒకటి,శిల్ప క ళ    అనేది    చరిత్ర కు    పూర్వ పు    యుగ ం    నాటి    ప్రాచీన    దృ శ్య మాన    కళ ార ూ పాల లో    ఒకటి ,64,21
2270,"శిల్పం అనేది బంకమట్టి, రాయి, పింగాణీ, లోహం, లేదా కలప వంటి సంప్రదాయక సామాగ్రితో, ఎత్తు, వెడల్పు ఇంకా లోతు ఉండేలా తయారయ్యే దృశ్య రూపం","శిల్ప ం    అనేది    బ ంక మ ట్టి,    ర ాయి,    ప ింగ ా ణ ీ,    లో హ ం,    లేదా    కల ప    వంటి    సంప్రదాయ క    సామా గ్ర ిత ో,    ఎత్త ు,    వె డ ల్ పు    ఇంకా    లో తు    ఉండేలా    తయార య్య ే    దృ శ ్య    రూప ం ",113,45
2271,పేరెన్నికగన్న కొందరు పురాతన శిల్పులు ఎవరు,పే రె న్ని క గ న్న    కొందరు    పురాతన    శిల్ప ులు    ఎ వ రు ,37,13
2272,"మైకెలాంజెలో, మైరాన్లు ఇద్దరూ సుప్రసిద్ధ సాంప్రదాయక శైలి శిల్పులు","మై కె లా ం జె లో,    మై రా న్లు    ఇద్దరూ    సు ప్రసిద్ధ    సాంప్రదాయ క    శైలి    శిల్ప ులు ",58,17
2273,"మూడవది సాహిత్యం, అవునా","మూడ వ ది    సాహిత ్య ం,    అవు నా ",20,8
2274,అవును సర్,అవ ును    సర్ ,8,3
2275,ప్రతీ ఒక్క కళారూపం వెనుక ఓ కథ ఉంటుంది,ప్ర తీ    ఒక్క    కళ ార ూ పం    వెనుక    ఓ    కథ    ఉంటుంది ,31,11
2276,"మరో వైపు సాహిత్యం అనేది చదవగలిగే, చెప్పగలిగే ఒక బాషా సంబంధిత కళ","మరో    వైపు    సాహిత్యం    అనేది    చద వ గలిగ ే,    చెప్ప గలి గే    ఒక    బా షా    సంబంధిత    క ళ ",54,17
2277,ఖచ్చితంగా,ఖచ్చిత ంగా ,9,2
2278,భవన నిర్మాణకళ వేరొక రకమైనది; అది కట్టడాల నిర్మాణానికి సంబంధించిన కళ,భవ న    నిర్మాణ క ళ    వే రొ క    రక మైన ది ;    అది    కట్ట డ ాల    నిర్మాణ ానికి    సంబంధించిన    క ళ ,59,21
2279,సరిగ్గా చెప్పానా,సరి గ్గా    చె ప్ పా నా ,15,6
2280,ముమ్మాటికి సర్,ము మ్ మా టికి    సర్ ,13,5
2281,"ది గ్రేట్ పిరమిడ్స్, రోమ్‌లోని కొలీజియం, తాజ్ మహల్, హాయియా సోఫియా, అలాగే స్టోన్ హెంజ్ ప్రాచీన నిర్మాణ అద్భుతాలకు ఉదాహరణలు","ది    గ్రే ట్    పి ర మి డ్ స్,    రో మ్‌ లోని    కొ లీ జియ ం,    తా జ్    మహ ల్,    హ ాయ ియా    సో ఫ ియా,    అలాగే    స్టో న్    హె ం జ్    ప్రాచీన    నిర్మాణ    అద్భు త ాలకు    ఉదాహరణ లు ",106,38
2282,"మిగతా రెండూ చలనచిత్రం,ఇంకా సంగీతం","మిగ తా    రెండూ    చలన చిత్ర ం , ఇంకా    సంగీతం ",30,9
2283,"చలనచిత్రం ఏడు కళారూపాలన్నిటిలో ఇటీవలిది, కేవలం ఒక శతాబ్దం ముందు పుట్టినది","చలన చిత్రం    ఏడు    కళ ార ూ పాల న్ని టిలో    ఇటీ వ లి ది,    కేవలం    ఒక    శతాబ్దం    ముందు    పుట్ట ిన ది ",65,20
2284,"సినిమాలు అనేవి 3-డీ ప్రపంచాన్ని తెరపైన 2-డీలో చూపిస్తాయి, ఇది వినటం, చూడటం అనే వాటితో కూడిన ఒక కళారూపం","సినిమ ాలు    అనేవి    3 - డీ    ప్రపంచ ాన్ని    తెర పైన    2 - డీ లో    చూ పి స్తాయి,    ఇది    వి నట ం,    చూడ టం    అనే    వా ట ితో    కూడిన    ఒక    కళ ార ూ పం ",88,33
2285,"అప్పుడైతే సంగీతం అనేది వినిపించే శబ్ద, ప్రకంపనాలను కూర్చి, శృతి, లయ, తాళం, స్వరబేధాలను ఉపయోగించి సంగీత రచనను సృష్టించే ఒక నైపుణ్యం అని మనం అనవచ్చు","అ ప్పు డై తే    సంగీతం    అనేది    విని ప ించే    శబ్ద ,    ప్ర కంప నాలను    కూర్చ ి,    శృ తి,    లయ ,    తా ళ ం,    స్వర బే ధ ాలను    ఉపయోగించి    సంగీత    రచ నను    సృష్ట ించే    ఒక    నై పుణ ్యం    అని    మ నం    అన వచ్చు ",127,42
2286,సరే,సర ే ,3,2
2287,మరి చివరిది ఏంటి,మర ి    చి వరి ది    ఏ ంటి ,14,7
2288,"ఒక కళాకారుడు దృశ్య, నాటకీయ అంశాలను కలబోసే ఒక రకమైన కళారూపమే నాటకరంగం","ఒక    కళాకార ుడు    దృ శ్య ,    నాట కీ య    అంశ ాలను    కల బో సే    ఒక    రకమైన    కళ ార ూ ప మే    నాట కర ంగ ం ",59,25
2289,ప్రాచీన గ్రీకుదేశస్థులు నాటకరంగం కనిపెట్టిన క్రీపూ 6 వ శతాబ్దం నుండి ఇది నాగరికతలో భాగమైపోయింది,ప్రాచీన    గ్రీ కు దేశ స్థ ులు    నాట కర ంగ ం    కని పెట్ట ిన    క్రీ ప ూ    6    వ    శతాబ్దం    నుండి    ఇది    నాగ రిక త లో    భాగ మై పోయ ింది ,84,29
2290,అద్భుతం,అద్భు తం ,7,2
2291,సర్ కాస్త మా ప్రదర్శనని చూసి మీ విలువైన అభిప్రాయాన్ని కామెంటు బాక్సులో అందించండి,సర్    కా స్త   మా    ప్రదర్శ నని    చూ సి    మీ    విలు వైన    అభిప్రాయ ాన్ని    కా మెంట ు    బాక్ సులో    అందించ ండి ,70,20
2292,"తప్పకుండా, ధన్యవాదాలు","తప్ప కుండా,    ధ న్య వాద ాలు ",20,6
2293,హాయి నమన్,హ ాయి    న మన్ ,8,4
2294,నేను రాహుల్‌ని,నేను    రా హ ుల ్‌ ని ,13,6
2295,ఎలా ఉన్నావు,ఎలా    ఉన్న ా వు ,10,4
2296,హాయి రాహుల్,హ ాయి    రా హ ుల్ ,10,5
2297,నువ్వు ఫోన్ చేసినందుకు సంతోషంగా ఉంది,ను వ్వ ు    ఫోన్    చేసిన ందుకు    సంతోష ంగా    ఉంది ,32,9
2298,ఈ మధ్య బిజీగా ఉంటున్నాను,ఈ    మధ్య    బి జీ గా    ఉంటు న్న ాను ,21,8
2299,నా ప్రాజెక్ట్ కోసం భారతదేశంలో ప్రసిద్ధ మ్యూజియంలపై పరిశోధన చేస్తున్నాను,నా    ప్రాజెక్ ట్    కోసం    భారతదేశంలో    ప్రసిద్ధ    మ్యూ జియ ం లపై    పరిశోధ న    చేస్తున్న ాను ,64,14
2300,భలే,భ లే ,3,2
2301,వినడానికి గొప్పగా ఉంది,వి న డానికి    గొప్ప గా    ఉంది ,20,6
2302,ఎలా నడుస్తోంది నీ ప్రాజెక్ట్,ఎలా    నడు స్త ో ంది    నీ    ప్రాజెక్ ట్ ,25,8
2303,"సరిగానీ, భారతదేశంలో ఎన్నెన్నో మ్యూజియంలు ఉన్నాయని నాకు తెలుసు","సరి గా నీ,    భారతదేశంలో    ఎన్న ె న్న ో    మ్యూ జియ ం లు    ఉన్న ాయని    నాకు    తెలు సు ",55,17
2304,కానీ బాగా పేరున్నవి మాత్రమే తీసుకుందామని అనుకుంటున్నా,కానీ    బాగా    పేరు న్న వి    మాత్రమే    తీసుకు ంద ా మని    అను కుంటు న్నా ,48,13
2305,నువ్వు ఇంకా ఆ టూరిస్ట్ కంపనీలోనే పని చేస్తున్నవా,ను వ్వ ు    ఇంకా    ఆ    టూ రి స్ట్    కంప నీ లోనే    పని    చేస్తున్న వా ,42,14
2306,"అవును, నేను ఇంకా యాత్ర ట్రావెల్ అండ్ టూర్స్‌లోనే పని చేస్తున్నాను","అవు ను,    నేను    ఇంకా    యాత్ర    ట్రా వె ల్    అండ్    టూ ర్ స్‌ లోనే    పని    చేస్తున్న ాను ",57,16
2307,అద్భుతం,అద్భు తం ,7,2
2308,నాకు ఇందులో కాస్త సాయం చేస్తావా,నాకు    ఇందులో    కా స్త   సాయ ం    చే స్తా వా ,27,9
2309,అలాగే,అలాగే ,5,1
2310,భారత్ లోని మూడు పెద్ద పేరున్న మ్యూజియంలు లెక్కలోకి చేర్చుకోవచ్చనుకుంటా,భారత్    లోని    మూడు    పెద్ద    పేరు న్న    మ్యూ జియ ం లు    లెక్క లోకి    చే ర్చు కో వచ్చ ను కుంట ా ,63,19
2311,"అవి నేషనల్ మ్యూజియం ఢిల్లీ, ఇండియన్ మ్యూజియం కోలకతా, ఇంకా గవర్నమెంట్ మ్యూజియం చెన్నై","అవి    నేషనల్    మ్యూ జియ ం    ఢిల్ల ీ,    ఇండియన్    మ్యూ జియ ం    కో ల క తా ,    ఇంకా    గవర్న మెంట్    మ్యూ జియ ం    చెన్న ై ",74,24
2312,అద్భుతం,అద్భు తం ,7,2
2313,అది తెలియడం మంచిది,అది    తెలియ డం    మంచి ది ,16,5
2314,అవి ఎందుకంత ముఖ్యం,అవి    ఎందు క ంత    ముఖ ్యం ,16,6
2315,నేషనల్ మ్యూజియంలో బ్రహ్మాండమైన ప్రాచీన యుగం నాటి విభిన్న వస్తువులు ఉన్నాయి,నేషనల్    మ్యూ జియ ంలో    బ్ర హ్ మాండ మైన    ప్రాచీన    యుగ ం    నాటి    విభి న్న    వస్తువులు    ఉన్న ాయి ,66,17
2316,దీన్ని చురుకైన ఢిల్లీ నగరంలోని జన్పథ్ చివరన 1949 లో కట్టారు,దీన్ని    చు రు కైన    ఢిల్లీ    నగర ంలోని    జన్ పథ ్    చివర న    194 9    లో    కట్ట ారు ,51,17
2317,అక్కడ ఏం ప్రదర్శిస్తారు,అక్కడ    ఏ ం    ప్రదర్శ ి స్త ారు ,21,7
2318,"అందులో రకరకాల నగలు, పెయింటింగులు, కవచాలు, ఆలంకరణ కళాకృతులు, ఇంకా వ్రాతప్రతుల వాటి విభిన్నరకాల సేకరణలు ఉంటాయి","అందులో    ర కర కాల    నగ లు,    పె య ిం ట ింగ ులు,    క వ చాల ు,    ఆల ం కరణ    కళా కృ త ులు,    ఇంకా    వ్రా త ప్ర తుల    వాటి    విభి న్న రకాల    సే కరణ లు    ఉంట ాయి ",96,37
2319,భలే,భ లే ,3,2
2320,మరి ఇండియన్ మ్యూజియం సంగతేంటి,మర ి    ఇండియన్    మ్యూ జియ ం    సంగ తే ంటి ,26,9
2321,"ఇక్కడ ఆరు విభాగాలలో పురాతనవస్తుశాస్త్రం, భూగర్భ శాస్త్రం, అర్థశాస్త్ర, సౌందర్యశాస్త్రం, అలాగే కళకు చెందిన సృజనాత్మక వైజ్ఞానిక కళాఖండాలున్న ఐదు ప్రదర్శనశాలలు ఉన్నాయి","ఇక్కడ    ఆరు    విభాగ ాలలో    పురా తన వస్తు శాస్త్ర ం,    భూ గర్భ   శాస్త్ర ం,    అర్థ శాస్త్ర ,    సౌ ంద ర్య శాస్త్ర ం,    అలాగే    కళ కు    చెందిన    స ృ జనా త్మక    వై జ్ఞ ానిక    కళా ఖండ ాలు న్న    ఐదు    ప్రదర్శ న శాల లు    ఉన్న ాయి ",148,43
2322,చాలా బావుంది,చాలా    బా వు ంది ,11,4
2323,ఇది ప్రపంచంలోనే అతి పురాతనమైన మ్యూజియంలలో ఒకటా,ఇది    ప్రపంచంలోనే    అతి    పురా తన మైన    మ్యూ జియ ం లలో    ఒక టా ,41,12
2324,"అవును, ఇది ఏషియాటిక్ సొసైటీ ఆఫ్ బెంగాల్ వారిచేత కోల్కతాల 1814లో స్థాపించబడింది","అవు ను,    ఇది    ఏ ష ియా టిక్    సొ సై టీ    ఆఫ్    బెంగాల్    వార ి చేత    కోల్ క త ాల    18 1 4లో    స్థాప ించబడ ింది ",69,25
2325,ఆసక్తికరంగా ఉంది,ఆస క్ తిక ర ంగా    ఉంది ,15,6
2326,ఈ గవర్నమెంట్ మ్యూజియం ఎందుకు అంత ప్రసిద్ధం,ఈ    గవర్న మెంట్    మ్యూ జియ ం    ఎ ందుకు    అంత    ప్రసిద్ధ ం ,37,11
2327,"ఈ గవర్నమెంట్ మ్యూజియం భూగర్భ శాస్త్రం, జంతుశాస్త్రం, మానవ పరిణామ శాస్త్రం, అలాగే వృక్షశాస్త్రానికి సంబంధించిన ఎన్నో రకాలను ప్రదర్శిస్తుంది","ఈ    గవర్న మెంట్    మ్యూ జియ ం    భూ గర్భ   శాస్త్ర ం,    జంత ు శాస్త్ర ం,    మానవ    పరి ణా మ    శాస్త్ర ం,    అలాగే    వృక్ష శాస్త్ర ానికి    సంబంధించిన    ఎన్న ో    రక ాలను    ప్రదర్శ ి స్తుంది ",124,32
2328,"1851లో బ్రిటిష్ శకంలో స్థాపించబడిన ఈ సంగ్రహాలయం చరిత్ర, కళ పట్ల ఎక్కువ ఆసక్తి ఉన్న జనాలకు తగిన చోటు","185 1లో    బ్రిటిష్    శ క ంలో    స్థాప ించబడిన    ఈ    సం గ్రహ ాలయం    చరిత్ర ,    క ళ    పట్ల    ఎక్కువ    ఆసక్తి    ఉన్న    జన ాలకు    త గిన    చో టు ",85,26
2329,ఏమైనా ప్రశ్నలున్నాయా,ఏ మై నా    ప్రశ్ నలు న్న ాయ ా ,19,8
2330,"లేవు, ఇదంతా పంచుకున్నందుకు చాలా ధన్యవాదాలు","లే వు,    ఇ ద ంత ా    పంచు కున్న ందుకు    చాలా    ధ న్య వాద ాలు ",38,14
2331,వాటి గురించి వ్రాసి పెట్టుకుంటా,వాటి    గురించి    వ్రా సి    పెట్టు కుంట ా ,28,7
2332,మరేం పరవాలేదు,మర ే ం    పర వాల ే దు ,12,7
2333,లిటరరీ ఎయిడ్ అసోసియేషన్ కి వచ్చినందుకు ధన్యవాదాలు,లి ట ర రీ    ఎయి డ్    అసోసియేషన్    కి    వచ్చ ిన ందుకు    ధ న్య వాద ాలు ,44,15
2334,మీకు యే విధంగా సహాయ పడగలను,మీకు    యే    విధంగా    సహాయ    పడ గ లను ,22,7
2335,చాలా థాంక్స్,చాలా    థా ం క్స్ ,11,4
2336,భారతదేశంలో సాహితీ కళ గురించి మిమ్మల్ని కొన్ని ప్రశ్నలు అడగాలని అనుకుంటున్నాను,భారతదేశంలో    సాహిత ీ    క ళ    గురించి    మిమ్మల్ని    కొన్ని    ప్రశ్ నలు    అడగ ాలని    అను కుంటు న్న ాను ,69,16
2337,"సరే, అలాగే","సర ే,    అలాగే ",9,3
2338,"నాకు తెలిసినది, అర్ధమైన దానితో మీకు సహాయపడే ప్రయత్నం చేస్తాను","నాకు    తెలి సి నది,    అర్ధ మైన    దాని తో    మీకు    సహాయపడ ే    ప్రయత్నం    చే స్తా ను ",54,15
2339,సాహితీ కళకు నిర్వచనం ఏంటి,సాహిత ీ    కళ కు    నిర్ వచ నం    ఏ ంటి ,22,9
2340,"సాహితీ కళలు అనేవి శైలి, ఇతివృత్తం, పాత్రలు, లేదా కథాను పరంగా అందమైన సాహిత్య రచనలు","సాహిత ీ    కళ లు    అనేవి    శైల ి,    ఇతి వృత్త ం,    పాత్ర లు,    లేదా    కథ ాను    పరంగా    అంద మైన    సాహిత ్య    రచ నలు ",70,22
2341,"గేయ కవితలు, నాటకాలు, లఘు కథలు, ఇంకా నవలలు అన్నీ ఉదహారణలే","గే య    క వి త లు,    నాట కాల ు,    ల ఘ ు    కథ లు,    ఇంకా    న వల లు    అన్న ీ    ఉద హార ణ లే ",48,24
2342,సాహితీ కళల ప్రాముఖ్యత ఏంటి,సాహిత ీ    కళ ల    ప్రాముఖ్యత    ఏ ంటి ,23,7
2343,అది దేని గురించి అయినా సమాచారాన్ని మాటల్లో వ్యక్తం చేయలేని విధాలలో ఇచ్చిపుచ్చుకొనే వీలు కల్పిస్తుంది,అది    దే ని    గురించి    అయిన ా    సమాచారాన్ని    మా ట ల్లో    వ్యక్తం    చేయ లేని    విధ ాలలో    ఇచ్చ ి పు చ్చు కొ నే    వీలు    కల్ పి స్తుంది ,89,25
2344,"మన భావాలను, ఆలోచనలను, అనుభవాలను, ఇంకా మనసుకు అనిపించేది మరేదైనా వ్రాయడం ద్వారా వ్యక్త పరిచే విధానాన్ని వెతుక్కుంటాం","మ న    భా వాల ను,    ఆలోచ న ల ను,    అను భ వాల ను,    ఇంకా    మన సు కు    అనిప ించే ది    మర ేద ైనా    వ్రాయ డం    ద్వారా    వ్యక్ త    పరి చే    విధా నాన్ని    వెతు క్కు ంట ా ం ",102,37
2345,సరే,సర ే ,3,2
2346,భారతదేశంలో లో మొట్టమొదటి సాహిత్యం ఏది,భారతదేశంలో    లో    మొట్టమొదటి    సాహిత్యం    ఏ ది ,33,6
2347,వేదాలు భారతదేశం ఎరిగిన అత్యంత ప్రాచీనమైన సాహిత్య గ్రంథాలు,వేద ాలు    భారతదేశం    ఎ రిగ ిన    అత్యంత    ప్రాచీ నమైన    సాహిత ్య    గ్రంథ ాలు ,51,13
2348,అవి సంస్కృతంలో రచించబడి తరతరాలుగా మౌఖికంగా అందించబడుతూ వచ్చాయి,అవి    సంస్కృ తంలో    రచ ించబడి    తర తర ాలుగా    మౌ ఖ ికంగా    అంద ించబడు తూ    వచ్చ ాయి ,56,16
2349,భారత్ లో సాహితీ కళలోని ప్రక్రియలు ఏవి,భారత్    లో    సాహిత ీ    కళ లోని    ప్రక్రియ లు    ఏ వి ,32,10
2350,"గద్యం, నాటకం, ఇంకా పద్యం అనేవి మూడు ప్రధాన ప్రక్రియలు","గ ద్య ం,    నాట క ం,    ఇంకా    పద ్యం    అనేవి    మూడు    ప్రధాన    ప్రక్రియ లు ",46,14
2351,గద్యం అనేది ఊహించదగిన సంభాషణ ఇంకా వాక్యనిర్మాణాన్ని అనుసరించే ఒక రకమైన సాహిత్యం,గ ద ్యం    అనేది    ఊహ ించ ద గిన    సంభాష ణ    ఇంకా    వా క్య నిర్మాణ ాన్ని    అనుసరించ ే    ఒక    రకమైన    సాహిత్యం ,70,20
2352,"ఒక పద్యాలతో కూడిన కథనం కాల్పనికమైన లేదా కాని సాహిత్యం కావచ్చు, ఇందులో విస్తృత పరిధిలోని విషయాలు చేరి ఉండొచ్చు","ఒక    ప ద్య ాలతో    కూడిన    కథ నం    కాల్ పని కమైన    లేదా    కాని    సాహిత్యం    కా వచ్చు,    ఇందులో    విస్తృ త    పరి ధి లోని    విషయ ాలు    చే రి    ఉండ ొ చ్చ ు ",95,29
2353,"మరో వైపు, పద్యం అనేది ఒక ప్రబలమైన భావనను లేక ఆలోచనను తెలియజేసే ప్రాస, ఛందస్సు, ఇంకా ఇతర రచనా పద్ధతులను ఉపయోగించే సాహిత్యరచన","మరో    వై పు,    పద ్యం    అనేది    ఒక    ప్ర బలమైన    భావ నను    లే క    ఆలోచ నను    తెలియజే సే    ప్రా స ,    ఛ ంద స్ స ు,    ఇంకా    ఇతర    రచ నా    పద్ధత ులను    ఉపయోగించే    సాహిత ్య రచ న ",106,36
2354,భారతదేశంలోని మొదటి సాహిత్యపరమైన భాష ఏది,భారతదేశ ంలోని    మొదటి    సాహిత ్య పరమైన    భాష    ఏ ది ,35,9
2355,సంస్కృతం ప్రపంచ భాషలన్నిటిలో పురాతనమైనది,సంస్కృ తం    ప్రపంచ    భాష ల న్ని టిలో    పురా తన మైనది ,37,10
2356,దీని గురించి వివరంగా చెప్తారా,దీని    గురించి    వివర ంగా    చె ప్ తార ా ,26,8
2357,తప్పకుండా,తప్పకుండా ,9,1
2358,శృతి పరంపర నుండి సంస్కృత సాహిత్యాన్ని మనకు మౌఖిక సంప్రదాయంగా అందించబడుతూ వచ్చింది,శృ తి    పర ంప ర    నుండి    సంస్కృ త    సాహిత ్యాన్ని    మ నకు    మౌ ఖ ిక    సంప్రదాయ ంగా    అంద ించబడు తూ    వచ్చ ింది ,72,22
2359,ఇందులో అత్యధిక సంఖ్యలో రచనలు కావ్యాలకు పరిమితమైనవే,ఇందులో    అత్యధిక    సంఖ్యలో    రచ నలు    కా వ్య ాలకు    పరిమిత మైన వే ,45,11
2360,సంస్కృత పద్య రచనల నిరంతర ప్రవాహానికి మూలం ప్రపంచ సాహిత్యంలోనే అతి పురాతన పత్రం ఋగ్వేదం లో కనపడవచ్చు,సంస్కృ త    పద ్య    రచ నల    నిర ంతర    ప్రవాహ ానికి    మూలం    ప్రపంచ    సాహిత ్య ంలోనే    అతి    పురాతన    పత్ర ం    ఋ గ్ వేద ం    లో    కన పడ వచ్చు ,86,27
2361,అద్భుతం,అద్భు తం ,7,2
2362,మీ అద్భుతమైన వివరణలకు ధన్యవాదాలు,మీ    అద్భుతమైన    వివర ణ లకు    ధ న్య వాద ాలు ,29,9
2363,మీకు ఎప్పుడు యే సహాయం కావాలన్నా అడగండి,మీకు    ఎ ప్పుడు    యే    సహాయం    కావాల న్నా    అడగ ండి ,33,9
2364,వెళ్ళిరండి,వెళ్ళ ి ర ండి ,10,4
2365,వెళ్లొస్తాను,వెళ్ల ొ స్తా ను ,12,4
2366,"హలో, నేను కుతుబ్ మినార్‌ని చూడటానికి వీలయ్యే సమయాల గురించి అడగడానికి ఫోన్ చేస్తున్నాను","హ లో,    నేను    కు తు బ్    మి నార్ ‌ ని    చూడ టానికి    వీ ల య్య ే    సమయ ాల    గురించి    అడగ డానికి    ఫోన్    చేస్తున్న ాను ",76,24
2367,"అవునండి, ఈ భవనం అన్ని రోజులలో తెరిచే ఉంటుంది, మీరు ఉదయం 7 నుండి సాయంకాలం 5 వరకు ఎప్పుడైనా రావొచ్చు","అవు న ండి,    ఈ    భవ నం    అన్ని    రోజ ులలో    తె రి చే    ఉంటుంది,    మీరు    ఉద యం    7    నుండి    సాయ ం కాలం    5    వరకు    ఎ ప్పుడ ైనా    రావ ొ చ్చ ు ",83,30
2368,పెద్దవారికి ప్రవేశ రుసుము ఎంత,పెద్ద వారికి    ప్రవేశ   రుసు ము    ఎంత ,26,6
2369,పెద్దవారికంటూ ప్రత్యేక ప్రవేశ రుసుము ఏమీ లేదు,పెద్ద వార ిక ంట ూ    ప్రత్యేక    ప్రవేశ   రుసు ము    ఏ మీ    లేద ు ,40,13
2370,అది మీరు భారతీయులా లేదా విదేశీయులా అనే దాన్ని బట్టి ఉంటుంది,అది    మీరు    భారతీయ ుల ా    లేదా    విదేశ ీ య ుల ా    అనే    దాన్ని    బట్టి    ఉంటుంది ,51,15
2371,"అది భారతీయులకు 35 రూపాయలు, విదేశీయులకు 550 రూపాయలు","అది    భారతీయ ులకు    35    రూపాయ లు,    విదేశ ీ య ులకు    5 50    రూపాయ లు ",44,14
2372,అవునా,అవు నా ,5,2
2373,జాదవ్‌పూర్ యూనివర్సిటీ విద్యార్థిని,జా ద వ ్‌ పూర్    యూనివర్ సి టీ    విద్యార్థ ిని ,33,10
2374,నాకు ఉపయోగపడే విద్యార్థులకిచ్చే తగ్గింపు ఏదైనా ఉందా,నాకు    ఉపయోగ పడ ే    విద్యార్థ ుల కి చ్చ ే    తగ్గ ింపు    ఏదైనా    ఉ ంద ా ,46,15
2375,నాతో పాటు నా నలుగురు స్నేహితులను కూడా పిలుచుకొద్దామని అనుకుంటున్నా,నా తో    పాటు    నా    నలు గురు    స్నేహిత ులను    కూడా    పిలు చు కొ ద్ దా మని    అను కుంటు న్నా ,59,18
2376,అలా విద్యార్థులకంటూ ఏ తగ్గింపు లేదు,అలా    విద్యార్థ ుల కంట ూ    ఏ    తగ్గ ింపు    లేద ు ,31,10
2377,"అయితే, మీరు టికెట్లను ఆన్‌లైన్‌లో కొన్నా లేదా చెల్లింపుకు క్యూఆర్ కోడ్‌ను స్కాన్ చేసినా మీకు తగ్గింపు ఉండొచ్చు","అయితే,    మీరు    టిక ె ట్లను    ఆన్‌లైన్‌లో    కొ న్నా    లేదా    చెల్ల ింపు కు    క్యూ ఆ ర్    కో డ్‌ ను    స్కా న్    చే సి నా    మీకు    తగ్గ ింపు    ఉండ ొ చ్చ ు ",97,30
2378,"సరే, ఇదిగోండి నా నెంబర్","సర ే,    ఇ ది గో ండి    నా    నె ంబర్ ",20,9
2379,నాకు వాట్సప్‌లో వెబ్‌సైట్‌కు లింక్ పంపుతారా,నాకు    వా ట్ స ప్ ‌లో    వెబ్‌సై ట్‌కు    లిం క్    పం పు తార ా ,39,14
2380,తప్పకుండా పంపగలను,తప్పకుండా    పంప గ లను ,16,4
2381,ఇలా మీరు టికెట్లను బాగా ముందుగానే బుక్ చేసుకోవచ్చు,ఇలా    మీరు    టిక ె ట్లను    బాగా    ముందు గానే    బు క్    చేసుకో వచ్చు ,44,12
2382,"సరే, ఏ సమయంలో అన్నిటికంటే రద్దీ తక్కువగా ఉంటుంది","సర ే,    ఏ    సమయంలో    అ న్ని టిక ంటే    ర ద్ద ీ    తక్కువగా    ఉంటుంది ",42,13
2383,"నా స్నేహితులు, నేను ఒక డాక్యుమెంటరీ షూట్ చేయడానికి కుతుబ్ మినార్‌కు రావాలి","నా    స్నేహిత ులు,    నేను    ఒక    డా క్య ు మెంట రీ    షూ ట్    చేయడానికి    కు తు బ్    మి నార్ ‌కు    రా వాల ి ",65,22
2384,"కాబట్టి, జనాలు ఉండకుండా చూడగలిగితే బాగుంటుంది","కాబట్టి,    జన ాలు    ఉండ కుండా    చూడ గలిగ ితే    బా గు ంటు ంది ",41,12
2385,"ఈ భవనం చాలా మటుకు రద్దీగా ఉంటుంది, మరీ ముఖ్యంగా నవంబర్ నుండి మార్చ్ వరకు, ఎందుకంటే దాన్ని చూడడానికి అది మంచి సమయం","ఈ    భవ నం    చాలా    మ టుకు    ర ద్దీ గా    ఉంటుంది,    మర ీ    ముఖ్యంగా    నవంబర్    నుండి    మార్చ ్    వరకు,    ఎందుకంటే    దాన్ని    చూడ డానికి    అది    మంచి    సమయం ",96,25
2386,"కోవిడ్ కారణంగా జనం కొద్దిగా తగ్గారు, కాబట్టి మీరు ఉదయం పెందలాడే వస్తే ప్రశాంతంగా షూట్ చేసుకోవచ్చు","కో వి డ్    కారణంగా    జనం    కొద్ద ిగా    తగ్గ ారు,    కాబట్టి    మీరు    ఉద యం    పె ంద ల ాడ ే    వస్త ే    ప్ర శాంత ంగా    షూ ట్    చేసుకో వచ్చు ",85,27
2387,"సరే, ఉదయం పెందలాడే రావాలి, నేనది గుర్తుపెట్టుకుంటాను","సర ే,    ఉద యం    పె ంద ల ాడ ే    రా వాల ి,    నే నది    గుర్తు పెట్టు కుంట ాను ",47,18
2388,మేం టవర్ పై వరకు వెళ్ళొచ్చా,మే ం    ట వర్    పై    వరకు    వెళ్ళ ొ చ్చ ా ,23,10
2389,మా డాక్యుమెంటరీలో మినార్ పై నుండి చూసే దృశ్యం పెట్టగలిగితే అద్భుతంగా ఉంటుంది,మా    డా క్య ు మెంట రీ లో    మిన ార్    పై    నుండి    చూ సే    దృ శ ్యం    పెట్ట గలిగ ితే    అద్భు తంగా    ఉంటుంది ,67,22
2390,"అది ఇంతకుముందు సాధ్యమయ్యేది, కాని కొద్దిరోజుల కిందట జరిగిన ఒక ప్రమాదం కారణంగా దాన్ని ఇప్పుడు నిషేధించారు","అది    ఇంత కు ముందు    సాధ్య మయ్య ే ది,    కాని    కొద్ద ి రోజుల    క ింద ట    జరిగిన    ఒక    ప్రమాద ం    కారణంగా    దాన్ని    ఇప్పుడు    నిషేధ ించారు ",92,24
2391,మీకు భవనం బయటి నుండి అందమైన షాట్లు చాలా దొరకగలవని ఖచ్చితంగా చెప్తాను,మీకు    భవ నం    బయ టి    నుండి    అంద మైన    షా ట్లు    చాలా    దొ రక గల వ ని    ఖచ్చిత ంగా    చె ప్ తాను ,59,21
2392,"అయ్యో, అది నిరాశగా అనిపిస్తోంది","అయ్య ో,    అది    నిరా శ గా    అని పి స్త ో ంది ",28,11
2393,మాకు దొరికినదానితో సరిపెట్టుకోవాలి అనుకుంటా,మా కు    దొరిక ిన దాని తో    సరి పెట్టు కోవ ాలి    అను కుంట ా ,40,13
2394,అక్కడ కెమెరా వాడితే పర్వాలేదు కదా,అక్కడ    కె మె రా    వాడ ితే    పర్ వాల ే దు    క దా ,29,12
2395,"హా ఖచ్ఛితంగా, కెమెరాలను అనుమతిస్తారు","హా    ఖ చ్ఛ ిత ంగా,    కె మె ర ాలను    అనుమ తి స్త ారు ",33,13
2396,"శుభోదయం, మీ మహారాష్ట్ర పర్యటన ఎలా ఉండింది","శు భో దయ ం,    మీ    మహారాష్ట్ర    పర్యట న    ఎలా    ఉండ ింది ",36,11
2397,"హలో, అద్భుతంగా ఉండింది","హ లో,    అద్భు తంగా    ఉండ ింది ",20,6
2398,"చాలా ప్రదేశాలు చూసాను, లోకల్ ఫుడ్ దగ్గర నుండి కొన్ని ప్రముఖ ప్రాంతాల వరకు చాలా తెలుసుకున్నాను","చాలా    ప్రదేశ ాలు    చూ సా ను,    లో క ల్    ఫు డ్    దగ్గర    నుండి    కొన్ని    ప్రముఖ    ప్రాంతాల    వరకు    చాలా    తెలుసుకు న్న ాను ",81,21
2399,"నాకు అన్నీ చెప్పాలి, ఎంతైనా నన్ను ఇక్కడ వదిలేసి నువ్వు ఒంటరిగా వారం రోజుల ట్రిప్‌కు వెళ్ళావు","నాకు    అన్న ీ    చెప్ప ాలి,    ఎ ంత ైనా    న న్ను    ఇక్కడ    వది లే సి    ను వ్వ ు    ఒంట రి గా    వారం    రోజుల    ట్రి ప్‌ కు    వెళ్ళ ా వు ",80,28
2400,నువ్వు కూడా ఖచ్చితంగా మహారాష్ట్ర ట్రిప్‌కు వెళ్ళాలి,ను వ్వ ు    కూడా    ఖచ్చిత ంగా    మహారాష్ట్ర    ట్రి ప్‌ కు    వెళ్ళ ాలి ,46,12
2401,"అక్కడ నువ్వు చూడగలిగిన ప్రదేశాలు చాలా ఉన్నాయి , ముఖ్యంగా నీకు చారిత్రక ప్రదేశాలంటే ఇష్టమున్నట్లయితే","అక్కడ    ను వ్వ ు    చూడ గలి గిన    ప్రదేశ ాలు    చాలా    ఉన్న ాయి    ,    ముఖ్యంగా    నీ కు    చారిత్రక    ప్రదేశ ాల ంటే    ఇష్ట ము న్న ట్లయ ితే ",88,25
2402,"అవును, మహారాష్ట్ర చారిత్రక వారసత్వం గురించి చాలా విన్నాను","అవు ను,    మహారాష్ట్ర    చారిత్రక    వారస త్వం    గురించి    చాలా    వి న్న ాను ",51,11
2403,ఔరంగాబాద్‌కు వెళ్ళావా,ఔరంగ ా బాద్ ‌కు    వెళ్ళ ా వా ,20,7
2404,"ఎందుకు లేదు, ఈసారి దాన్ని చూసే అవకాశం వదులుకోదలుచుకోలేదు","ఎ ందుకు    లేదు,    ఈ సారి    దాన్ని    చూ సే    అవకాశం    వద ులు కో ద లు చు కో లేద ు ",50,18
2405,"నేను ఈ ప్రదేశాల గురించి ఇప్పటికే చాలా చదివి ఉన్నాను, ఇంకా పోయినసారి ఔరంగాబాద్‌కు వెళ్ళడానికి నాకు సమయం సరిపోలేదు","నేను    ఈ    ప్రదేశ ాల    గురించి    ఇప్పటికే    చాలా    చ ది వి    ఉన్న ా ను,    ఇంకా    పోయ ిన సారి    ఔరంగ ా బాద్ ‌కు    వెళ్ళ డానికి    నాకు    సమయం    సరిపో లేద ు ",98,28
2406,"అక్కడ ఎన్ని రోజులు గడిపావు, ఏమేమి చూసావు","అక్కడ    ఎ న్ని    రోజ ులు    గడి పా వు,    ఏ మే మి    చూ సా వు ",35,14
2407,"నేను ఈసారి దాదాపు 10 రోజులున్నాను, దాంతో నాకు చాలా సమయం దొరికింది","నేను    ఈ సారి    దాదాపు    10    రోజ ులు న్నా ను,    దా ంతో    నాకు    చాలా    సమయం    దొరిక ింది ",56,16
2408,"నేను ప్రసిద్ధ అజంతా, ఎల్లోరా గుహలు చూసాను","నేను    ప్రసిద్ధ    అ జంత ా,    ఎల్ లో రా    గుహలు    చూ సా ను ",36,12
2409,"ఔరంగాబాద్‌లోని ప్రాచీన చారిత్రక ప్రదేశాలలో ఒకటైన అజంతా గుహలు వాటిలోని పెయింటింగ్‌లు, బౌద్ధ శిల్పాలకు ప్రసిద్ధి చెందాయి","ఔరంగ ా బాద్ ‌లోని    ప్రాచీన    చారిత్రక    ప్రదేశాలలో    ఒకట ైన    అ జంత ా    గుహలు    వా టి లోని    పె య ిం ట ింగ్‌ లు,    బౌద్ధ    శి ల్ పాల కు    ప్రసిద్ధి    చెంద ాయి ",106,30
2410,"దీని చుట్టూ దట్టమైన అందమైన కొండలుంటాయి, ఈ గుహలు అద్భుతమైన భారతీయ నిర్మాణశైలిని ప్రదర్శిస్తాయి","దీని    చుట్టూ    ద ట్ట మైన    అంద మైన    కొండ లు ంట ాయి,    ఈ    గుహలు    అద్భుతమైన    భారతీయ    నిర్మాణ శైలి ని    ప్రదర్శ ి స్త ాయి ",83,22
2411,ఎల్లోరా గుహలను ప్రపంచంలోని అత్యంత పెద్ద రాతి గుహలలో ఒకటిగా పరిగణిస్తారు,ఎల్ లో రా    గుహ లను    ప్రపంచంలోని    అత్యంత    పెద్ద    రాతి    గుహ లలో    ఒకటిగా    పరిగణి స్త ారు ,63,15
2412,"వీటిని క్రీశ 600, 1000 మధ్య కట్టారు, ఎల్లోరా గుహలలో 100 హిందూ, బౌద్ధ గుహలున్నాయి, వీటిలో 34 గుహలను సందర్శనకు ఉంచారు","వీటిని    క్రీ శ    6 00 ,    10 00    మధ్య    కట్ట ారు,    ఎల్ లో రా    గుహ లలో    100    హింద ూ,    బౌద్ధ    గుహ లు న్న ాయి,    వీటిలో    3 4    గుహ లను    సందర్శ నకు    ఉంచ ారు ",99,33
2413,కైలాస్‌నాథ్ గుడి చూసావా,కై లా స్‌ నాథ్    గు డి    చూ సా వా ,21,9
2414,ఇది రాతితో చెక్కబడిన అతి పెద్ద ఏకశిలా గుడి అని విన్నాను,ఇది    రా త ితో    చెక్క బడిన    అతి    పెద్ద    ఏక శి లా    గు డి    అని    వి న్న ాను ,47,17
2415,"కైలాస్‌నాథ అనేది ఒక అద్భుతమైన గుహ ఆలయం, ఇది ఎల్లోరాలోని 34 ప్రాచీన గుహలలో ఒకటి","కై లా స్‌ నాథ   అనేది    ఒక    అద్భుతమైన    గుహ    ఆలయ ం,    ఇది    ఎల్ లో రా లోని    3 4    ప్రాచీన    గుహ లలో    ఒకటి ",67,21
2416,"ఎల్లోరా గుహలలోని 16వ గుహ అయిన కైలాస్‌నాథ రాష్ట్రకూట రాజవంశ కాలంలో నిర్మించి, శివునికి అంకితం చేయబడిన ఏకశిలా నిర్మాణం","ఎల్ లో రా    గుహ ల లోని    16వ    గుహ    అయిన    కై లా స్‌ నాథ   రాష్ట్ర కూ ట    రాజవంశ   కాలంలో    నిర్మ ించి,    శి వు నికి    అంకితం    చేయబడిన    ఏక శి లా    నిర్మాణం ",102,29
2417,అంటే అది ద్రవిడ నిర్మాణశైలి అంటావా,అంటే    అది    ద్ర వి డ    నిర్మాణ శైలి    అ ంట ా వా ,30,11
2418,అది పూర్తిగా ద్రవిడ నిర్మాణశైలిలోనే ఉంటుంది,అది    పూర్తిగా    ద్ర వి డ    నిర్మాణ శైలి లోనే    ఉంటుంది ,39,9
2419,"అజంతా గుహలలో ఒక భాగంలో, మొత్తం 29 రాతిలో చెక్కిన బౌద్ధ గుహలున్నాయి, అవి నిశ్శబ్ద ప్రశాంతతను వెదజల్లుతాయి, ఇవి క్రీపూ 2వ శతాబ్దపు నాటివి, వీటిలో మఠాలు, చైత్య గృహాలు ఉంటాయి","అ జంత ా    గుహ లలో    ఒక    భాగ ంలో,    మొత్తం    2 9    రా తిలో    చెక్క ిన    బౌద్ధ    గుహ లు న్న ాయి,    అవి    ని శ్ శబ్ద   ప్ర శాంత తను    వె ద జ ల్లు తాయి,    ఇవి    క్రీ ప ూ    2 వ    శతాబ్దపు    నా టి వి,    వీటిలో    మ ఠ ాలు,    చై త్య    గృహ ాలు    ఉంట ాయి ",147,52
2420,"గుహల గోడలు గౌతమ బుద్ధుడి జీవితం గురించి చెప్పే అందమైన చిత్రాలు, ఆకట్టుకునే శిల్పాలతో అలంకరించబడ్డాయి","గుహ ల    గోడ లు    గౌ తమ    బుద్ధ ుడి    జీవితం    గురించి    చెప్ప ే    అంద మైన    చిత్ర ాలు,    ఆ కట్టు కునే    శి ల్ పాల తో    అలం కరించ బడ్డ ాయి ",89,27
2421,"నిజమే, బౌద్ధ నిర్మాణాలు ఉపఖండంలోని అత్యంత ప్రాచీన ఘనతలలో ఒకటి","నిజ మ ే,    బౌద్ధ    నిర్మాణ ాలు    ఉపఖండ ంలోని    అత్యంత    ప్రాచీన    ఘ న త లలో    ఒకటి ",54,15
2422,అక్కుడున్న ముస్లిం నిర్మాణాల విషయం ఏమిటి,అ క్కు డు న్న    ముస్లిం    నిర్మాణ ాల    విష యం    ఏమి టి ,36,11
2423,"నువ్వు జామా మసీదును చూసి తీరాల్సిందే, అది ఔరంగాబాద్‌లోని ఆధ్యాత్మికంగా ముఖ్యమైన కట్టడాలలో ఒకటి, దాని అద్భుతమైన నిర్మాణశైలి వల్ల చాలా ప్రసిద్ధి చెందింది","ను వ్వ ు    జా మా    మ సీ దును    చూ సి    తీర ాల్ స ింద ే,    అది    ఔరంగ ా బాద్ ‌లోని    ఆధ ్యా త్మ ికంగా    ముఖ్యమైన    కట్ట డ ాలలో    ఒకట ి,    దాని    అద్భుతమైన    నిర్మాణ శైలి    వల్ల    చాలా    ప్రసిద్ధి    చెంద ింది ",134,39
2424,"ఈ ముస్లిం ప్రార్థనాలయంలో మొత్తం 50 బహుభుజ స్తంభాలు, ఎత్తైన మినార్లు, విస్మయపరిచే తోరణాలు ఉన్నాయి","ఈ    ముస్లిం    ప్ర ార్థ న ాలయ ంలో    మొత్తం    50    బహు భు జ    స్త ంభ ాలు,    ఎత్తైన    మి నార్ లు,    వి స్మ య పరి చే    తో రణ ాలు    ఉన్న ాయి ",85,29
2425,"నువ్వు అజంతా, ఎల్లోరాకు కొంచెం భిన్నంగా ఉండే ఔరంగాబాద్ గుహలను కూడా చూసావా","ను వ్వ ు    అ జంత ా,    ఎల్ లో రా కు    కొంచెం    భిన్న ంగా    ఉండే    ఔరంగ ా బాద్    గుహ లను    కూడా    చూ సా వా ",64,23
2426,"చూసాను, క్రీశ 9వ శతాబ్దంలో త్రవ్వబడిన ఐదు పురాతన జైన గుహల సముదాయం ప్రసిద్ధ ఎల్లోరా గుహలలో ఉంది, ఇవి అత్యంత ఆసక్తికరమైన ఔరంగాబాద్ కట్టడాలలో ఒకటిగా నిలుస్తాయి","చూ సా ను,    క్రీ శ    9 వ    శతాబ్దంలో    త్ర వ్వ బడిన    ఐదు    పురాతన    జైన    గుహ ల    సముదాయ ం    ప్రసిద్ధ    ఎల్ లో రా    గుహ లలో    ఉంది,    ఇవి    అత్యంత    ఆస క్ తిక రమైన    ఔరంగ ా బాద్    కట్ట డ ాలలో    ఒకటిగా    నిలు స్త ాయి ",136,41
2427,"ఆకట్టుకునే శిల్పాలు,చిత్రాలు గల ఈ గుహలు జైన మతపు విశ్వాసాలు, బోధలను ప్రదర్శిస్తాయి","ఆ కట్టు కునే    శి ల్ పాల ు , చిత్రాలు    గల    ఈ    గుహలు    జైన    మత పు    విశ్ వాస ాలు,    బోధ లను    ప్రదర్శ ి స్త ాయి ",73,24
2428,నువ్వు తాజ్ మహల్‌కు ప్రతిరూపంలా అనిపించే బీబీ కా మక్బారాను వదిలేయలేదనుకుంటా,ను వ్వ ు    తా జ్    మహ ల్‌కు    ప్రతి రూ పం లా    అనిప ించే    బీ బీ    కా    మ క్ బార ాను    వది లే య లేద ను కుంట ా ,67,27
2429,ఎట్టి పరిస్థితుల్లోను దాన్ని వదిలేయలేను,ఎ ట్టి    పరిస్థిత ుల్ లో ను    దాన్ని    వది లే య లే ను ,36,12
2430,బీబీ-కా-మక్బారాను చివరి మొఘల్ పాలకుడు ఔరంగజేబు తన ప్రియమైన భార్య దిల్రాస్ బాను బేగం ప్రేమపూర్వక జ్ఞాపకార్థం నిర్మించాడు,బీ బీ - కా - మ క్ బార ాను    చివరి    మొఘల్    పాల కుడు    ఔరంగజేబు    తన    ప్రియ మైన    భార్య    ది ల ్రా స్    బా ను    బే గ ం    ప్రేమ పూర్వ క    జ్ఞా ప కార్ థ ం    నిర్మ ించ ాడు ,106,38
2431,"దీనిని ప్రేమకు ప్రతిరూపంగా, ఔరంగాబాద్‌లోని ప్రధాన చారిత్రక ప్రదేశాలలో ఒకటిగా పరిగణిస్తారు","దీనిని    ప్రేమ కు    ప్రతి రూప ంగా,    ఔరంగ ా బాద్ ‌లోని    ప్రధాన    చారిత్రక    ప్రదేశాలలో    ఒకటిగా    పరిగణి స్త ారు ",81,17
2432,"స్వచ్ఛమైన తెల్లని పాలరాయితో తయారు చేయబడి, నిశితమైన చెక్కడాలతో అలంకరించబడిన ఈ భవనం ఔరంగాబాద్‌లోని అతిపెద్ద కట్టడాలలో ఒకటి","స్వచ్ఛ మైన    తె ల్ల ని    పాల రాయ ితో    తయారు    చేయబడ ి,    ని శ ిత మైన    చెక్క డ ాలతో    అలం కరించ బడిన    ఈ    భవ నం    ఔరంగ ా బాద్ ‌లోని    అతిపెద్ద    కట్ట డ ాలలో    ఒకటి ",107,33
2433,అబ్బో,అ బ్బ ో ,5,3
2434,నాకు అసూయ పుట్టించావు,నాకు    అ సూ య    పుట్ట ించ ా వు ,19,8
2435,ఏదేమైనా నేను వచ్చేసారి నీతో కలిసి వస్తాను,ఏ దే మై నా    నేను    వ చ్ చేస ార ి    నీ తో    కలిసి    వ స్తా ను ,36,16
2436,"హే, సూఫీ","హ ే,    సూ ఫీ ",7,4
2437,ఇప్పుడు బిజీగా ఉన్నావా,ఇప్పుడు    బి జీ గా    ఉన్న ా వా ,20,7
2438,హే కిరాట్,హ ే    కి రా ట్ ,8,5
2439,లేదులే,లేద ుల ే ,6,3
2440,చెప్పు,చెప్ప ు ,6,2
2441,మా తాతయ్యకు ఆయన పేపర్లు అవీ సర్దడంలో సాయం చేస్తుంటి,మా    తా త య్య కు    ఆయన    పే పర్ లు    అవ ీ    సర్ ద డంలో    సాయ ం    చేస్తు ంటి ,44,18
2442,"నాకు ఆయన పెట్టుబడి పెట్టిన పధకం ఒకటి కనబడింది, కాని ఆయనకు దాని వివరాలు గుర్తులేవు","నాకు    ఆయన    పెట్టుబడి    పెట్ట ిన    ప ధ కం    ఒకటి    కన బడ ింది,    కాని    ఆయనకు    దాని    వివర ాలు    గుర్త ులే వు ",70,20
2443,నాకు అందులో సాయం చేస్తావా,నాకు    అందులో    సాయ ం    చే స్తా వా ,22,7
2444,వయో వృద్ధులకు ఇలాంటి విషయాలలో సాయం చేసే ఏదో ఎన్‌జివోలో నువ్వు పనిచేసావు కదా,వయ ో    వృద్ధ ులకు    ఇ లాంటి    విషయ ాలలో    సాయ ం    చేసే    ఏద ో    ఎన్‌ జి వో లో    ను వ్వ ు    పని చే సా వు    క దా ,65,26
2445,అవునవును,అవు న వును ,8,3
2446,నీకు ఏం కనబడుతోందో చెప్పు,నీ కు    ఏ ం    కన బడు తో ందో    చెప్ప ు ,22,10
2447,ఆ పేపర్లో ఇలా ఉంది: పిఎం వ్యయ వందన యోజన,ఆ    పే పర్ లో    ఇలా    ఉ ంది :    పి ఎ ం    వ్య య    వంద న    యో జ న ,32,18
2448,అది దేని గురించి,అది    దే ని    గురించి ,14,4
2449,దాని ప్రయోజనాలేంటి,దాని    ప్రయోజన ాల ే ంటి ,17,5
2450,అదెలా పని చేస్తుంది,అద ె లా    పని    చే స్తుంది ,17,6
2451,"ఓహో, ఆయన దాంట్లో పెట్టుబడి పెట్టారా","ఓ హో ,    ఆయన    దా ంట్ లో    పెట్టుబడి    పెట్ట ారా ",31,10
2452,అది ప్రభుత్వంచే ఒక మంచి సంక్షేమ పథకం,అది    ప్రభుత్వ ంచ ే    ఒక    మంచి    సం క్షే మ    పథ కం ,31,11
2453,ఈ పథకం ఆర్థిక మంత్రిత్వ శాఖ కిందికి వస్తుంది,ఈ    పథ కం    ఆర్థిక    మంత్ర ి త్వ    శాఖ    క ింద ికి    వస్తు ంది ,38,13
2454,మార్కెట్ ఆర్థిక ఒడిదుడుకుల నుండి వయో వృద్ధులకు రక్షణ ఇవ్వడానికి దీనిని రూపొందించారు,మార్కె ట్    ఆర్థిక    ఒడి దు డు కుల    నుండి    వయ ో    వృద్ధ ులకు    రక్షణ    ఇవ్వడానికి    దీనిని    రూపొంద ించారు ,74,17
2455,నాకర్థం కాలేదు,నా క ర్థ ం    కాలే దు ,13,6
2456,అది మారుతూ ఉండే మార్కెట్‌లో పెట్టుబడి నుండి వారినెలా కాపాడుతుంది,అది    మారు తూ    ఉండే    మార్కె ట్‌లో    పెట్టుబడి    నుండి    వార ిన ె లా    కాపాడ ు తుంది ,57,15
2457,నేను వివరిస్తాను,నేను    వివరి స్తా ను ,15,4
2458,"పెట్టుబడి నుండి వచ్చే వడ్డీ ఆదాయం ముందు ముందు పడిపోతే, ఈ పథకం అలాంటి ఊహించని పెట్టుబడులకు ప్రత్యామ్నాయం అందిస్తుంది","పెట్టుబడి    నుండి    వచ్చే    వడ్డీ    ఆదాయం    ముందు    ముందు    పడి పో తే,    ఈ    పథ కం    అలా ంటి    ఊహ ించ ని    పెట్టుబడ ులకు    ప్రత్యామ్నాయ ం    అంది స్తుంది ",101,24
2459,"ఈ పథకం కింద, వయో వృద్ధులు వారి పెట్టుబడి మీద 8 శాతం ఖచ్చితమైన రాబడిని పొందుతారు","ఈ    పథ కం    క ింద ,    వయ ో    వృద్ధ ులు    వారి    పెట్టుబడి    మీద    8    శాతం    ఖచ్చితమైన    రా బడ ిని    పొందు త ారు ",67,22
2460,"ఒకవేళ రాబడిలో వ్యత్యాసం ఉంటే, దాన్ని ప్రభుత్వం భరిస్తుంది","ఒకవేళ    రా బడ ిలో    వ్య త్యా సం    ఉంటే,    దాన్ని    ప్రభుత్వం    భ రి స్తుంది ",51,13
2461,రాబడిలో వ్యత్యాసం అంటే ఏమిటి,రా బడ ిలో    వ్య త్యా సం    అంటే    ఏమి టి ,25,9
2462,ఈ పథకం ఎల్‌ఐసి సహకారంతో నడుస్తుంది,ఈ    పథ కం    ఎల్‌ ఐ సి    సహ కార ంతో    నడు స్తుంది ,30,11
2463,"కాబట్టి, మీ పెట్టుబడి మీద ఎల్ఐసి ఖచ్చితంగా 8 శాతం ఇస్తుంది","కాబట్టి,    మీ    పెట్టుబడి    మీద    ఎల్ ఐ సి    ఖచ్చిత ంగా    8    శాతం    ఇ స్తుంది ",50,13
2464,"ఏవైనా తేడాలు, అంటే నష్టాల లాంటివి ఏవైనా ఉంటే, అప్పుడు దాన్ని ప్రభుత్వం భరిస్తుంది","ఏవైనా    తే డ ాలు,    అంటే    నష్ట ాల    లా ంట ి వి    ఏవైనా    ఉంటే,    అప్పుడు    దాన్ని    ప్రభుత్వం    భ రి స్తుంది ",71,19
2465,అయినప్పటికీ నీ పెట్టుబడి 8 శాతమే ఉంటుంది,అయినప్పటికీ    నీ    పెట్టుబడి    8    శాత మే    ఉంటుంది ,35,7
2466,"ఓహో, సరే","ఓ హో ,    సర ే ",7,5
2467,నాకు ఇప్పుడు అర్థమైంది,నాకు    ఇప్పుడు    అర్థ మై ంది ,20,5
2468,మరి చెల్లింపుల సంగతేంటి,మర ి    చెల్లింప ుల    సంగ తే ంటి ,21,7
2469,చెల్లింపులు 10 ఏళ్ల పాటు నెలవారీగా ఉంటాయి,చెల్లింప ులు    10    ఏళ్ల    పాటు    నెల వార ీగా    ఉంట ాయి ,36,10
2470,తాతయ్య ఎంత పెట్టుబడి పెట్టారు,తా తయ ్య    ఎంత    పెట్టుబడి    పెట్ట ారు ,26,7
2471,అది మొదట 7,అది    మొదట    7 ,8,3
2472,"5 లక్షలుగా, తర్వాత 15 గా చూపిస్తుంది","5    లక్ష లు గా,    తర్వాత    15    గా    చూ పి స్తుంది ",31,10
2473,"సరే, అది ఒక ఏడాది పాటే సభ్యత్వానికి వీలు కల్పించారు, తర్వాత ఒక్కో కుటుంబానికి పెట్టుబడి పరిమితిని పెంచారు","సర ే,    అది    ఒక    ఏడా ది    పాట ే    సభ్య త్వానికి    వీలు    కల్ప ించారు,    తర్వాత    ఒక్క ో    కుటుంబ ానికి    పెట్టుబడి    పరిమిత ిని    పెంచ ారు ",92,23
2474,ఇది చాలా ఉపయోగపడుతుంది,ఇది    చాలా    ఉపయోగ పడు తుంది ,20,5
2475,అది చేసినట్లు ఆయనకసలు గుర్తు లేదు,అది    చేసిన ట్లు    ఆయ న క సలు    గుర్త ు    లేద ు ,29,11
2476,"నేను వాళ్ళ ఆఫీసుకెళ్ళి, మరిన్ని విషయాలు తెలుసుకుంటాను","నేను    వా ళ్ళ    ఆ ఫీ సు కె ళ్ళ ి,    మరి న్ని    విషయ ాలు    తెలుసుకు ంట ాను ",48,16
2477,పర్వాలేదులే,పర్ వాల ేద ుల ే ,11,5
2478,నీకు ఇంకా ఏమైనా సమాచారం కావాలంటే చెప్పు,నీ కు    ఇంకా    ఏ మై నా    సమాచారం    కావాల ంటే    చెప్ప ు ,34,11
2479,జాగ్రత్త,జా గ్ర త్త ,8,3
2480,క్లాసులో అందరికీ గుడ్ మార్నింగ్,క్ లా సులో    అంద రిక ీ    గు డ్    మార్ న ింగ్ ,28,11
2481,"అందరూ , మీ మీ సీట్లలో కూర్చోండి","అంద రూ    ,    మీ    మీ    సీ ట్ లలో    కూర్చ ో ండి ",26,11
2482,ఈ రోజు మనం ఓటర్ల గురించి మాట్లాడుకుంటాం,ఈ    రోజు    మ నం    ఓ టర్ ల    గురించి    మాట్లాడు కుంట ా ం ,34,12
2483,ఎన్నికలలో తన ఓటు వేసే వ్యక్తిని ఓటరు అంటామని మనందరికీ తెలుసు,ఎన్నిక లలో    తన    ఓ టు    వేస ే    వ్యక్తి ని    ఓ ట రు    అ ంట ా మని    మన ంద రిక ీ    తెలు సు ,52,22
2484,"ఇప్పుడు, ఓటు వేయడానికి ఒక ఓటరుకు ఏ అర్హత ఉండాలి అనేది ఎవరైనా చెప్పగలరా","ఇ ప్పుడు,    ఓ టు    వేయ డానికి    ఒక    ఓ ట రుకు    ఏ    అర్హ త    ఉండ ాలి    అనేది    ఎవర ైనా    చెప్ప గల రా ",60,21
2485,ఆ వ్యక్తికి పద్దెనిమిది లేదా అంత కంటే ఎక్కువ వయసుండాలి,ఆ    వ్యక్త ికి    ప ద్ద ె నిమి ది    లేదా    అంత    కంటే    ఎక్కువ    వయ సు ండ ాలి ,47,16
2486,సరిగ్గా చెప్పావు,సరి గ్గా    చె ప్ పా వు ,15,6
2487,"పౌరసత్వ చట్టం కులం, మతం, లింగం మొదలైన వాటి ఆధారంగా ఎలాంటి వివక్షతో సంబంధం లేకుండా పౌరులందరినీ ఓటు వేయడానికి అనుమతిస్తుంది","పౌర స త్వ    చట్టం    కుల ం,    మత ం,    లింగ ం    మొద లైన    వాటి    ఆధారంగా    ఎ లాంటి    వి వ క్ష తో    సంబంధం    లేకుండా    పౌర ుల ంద రి నీ    ఓ టు    వేయ డానికి    అనుమ తి స్తుంది ",106,34
2488,కాని వారి వయసు 18 ఏళ్ళు లేదా అంత కంటే ఎక్కువ ఉండాలి,కాని    వారి    వయ సు    18    ఏ ళ్ళు    లేదా    అంత    కంటే    ఎక్కువ    ఉండ ాలి ,42,13
2489,"ఇంకా, ఓటర్లు భారత పౌరులు అయితేనే వారికి అర్హత ఉంటుంది","ఇం కా ,    ఓ టర్లు    భారత    పౌ రులు    అయిత ే నే    వారికి    అర్హ త    ఉంటుంది ",46,15
2490,ఒక వ్యక్తి భారతదేశ ఎన్నికలలో ఓటు వేయాలంటే వారికి భారతదేశ పౌరసత్వం ఉండాలి,ఒక    వ్యక్తి    భారతదేశ    ఎన్నిక లలో    ఓ టు    వేయ ాల ంటే    వారికి    భారతదేశ    పౌర స త్వం    ఉండ ాలి ,63,17
2491,మీకు ఇంకా ఏ అర్హతా ప్రమాణాల గురించి తెలుసు,మీకు    ఇంకా    ఏ    అర్హ తా    ప్రమాణ ాల    గురించి    తెలు సు ,36,10
2492,వారి పేరు ఓటర్ల జాబితాలో ఉండాలి,వారి    పేరు    ఓ టర్ ల    జాబితాలో    ఉండ ాలి ,27,8
2493,సరిగ్గా చెప్పావు,సరి గ్గా    చె ప్ పా వు ,15,6
2494,ఓటు వేయడానికి అర్హత గల వారందరి పేర్లు ఓటర్ల జాబితాలో ఉంటాయి,ఓ టు    వేయ డానికి    అర్హ త    గల    వార ంద రి    పే ర్లు    ఓ టర్ ల    జాబితాలో    ఉంట ాయి ,51,18
2495,మీరు ఓటు వేయగలగడానికి మీ పేరును ఆ జాబితాలో చేర్చుకోవాలి,మీరు    ఓ టు    వేయ గల గ డానికి    మీ    పేరును    ఆ    జాబితాలో    చే ర్చు కోవ ాలి ,48,15
2496,మీరు నమోదు చేసుకోవాలనుకుంటున్న నియోజకవర్గంలోని భాగం/పోలింగ్ ప్రాంతంలో సాధారణ నివాసితులై ఉండాలి,మీరు    నమోదు    చేసుకోవ ాలనుకుంటు న్న    నియ ోజ క వర్గ ంలోని    భాగ ం / పో లింగ్    ప్రాంతంలో    సాధారణ    నివాస ిత ుల ై    ఉండ ాలి ,86,23
2497,"మేడం, ఒక ప్రాంతంలో నమోదు చేసుకుంటే, ఆ ప్రాంతంలో మాత్రమే ఓటు వేయొచ్చని విన్నాను","మే డం,    ఒక    ప్రాంతంలో    నమోదు    చేసుకు ంటే,    ఆ    ప్రాంతంలో    మాత్రమే    ఓ టు    వే యొ చ్చ ని    వి న్న ాను ",68,19
2498,"అవును, నమోదు ఒక చోటనే సాధ్యమవుతుంది","అవు ను,    నమోదు    ఒక    చో ట నే    సాధ్య మవు తుంది ",31,10
2499,"కాబట్టి, మీ నియోజకవర్గంలో ఓటరుగా నమోదు చేసుకుని ఉంటే, నువ్వు ఎక్కడున్నా, ఓటు వేయడానికి నువ్వు మీ నియోజకవర్గానికి రావాల్సి ఉంటుంది","కాబట్టి,    మీ    నియ ోజ క వర్గ ంలో    ఓ ట రుగా    నమోదు    చేసుకు ని    ఉంటే,    ను వ్వ ు    ఎక్క డు న్న ా,    ఓ టు    వేయ డానికి    ను వ్వ ు    మీ    నియ ోజ క వర్గ ానికి    రావ ాల్సి    ఉంటుంది ",114,37
2500,నీకు మరే ఇతర బూత్‌లలో ఓటరుగా అర్హత ఉండదు,నీ కు    మర ే    ఇతర    బూ త్‌ లలో    ఓ ట రుగా    అర్హ త    ఉండ దు ,34,15
2501,వికలాంగులకు ఓటు వేయడానికి ప్రత్యేక సౌకర్యాలు ఉంటాయా,విక లా ంగ ులకు    ఓ టు    వేయ డానికి    ప్రత్యేక    సౌకర్య ాలు    ఉంట ాయ ా ,46,14
2502,వారిని వికలాంగ ఓటర్లుగా నమోదు చేస్తారు,వారిని    విక లా ంగ    ఓ టర్ లుగా    నమోదు    చేస్త ారు ,34,10
2503,"సౌకర్యాల విషయానికి వస్తే, వారు పోలింగ్ బూత్‌లో క్యూలలో నిలబడాల్సిన అవసరం ఉండదు","సౌకర్య ాల    విషయ ానికి    వస్త ే,    వారు    పో లింగ్    బూ త్ ‌లో    క్యూ లలో    నిల బడ ాల్సిన    అవసరం    ఉండ దు ",69,20
2504,"కానీ, మానసిక స్థితి సరిగా లేని వ్యక్తిని ఓటు వేయకుండా మినహాయిస్తారు","కానీ,    మాన స ిక    స్థిత ి    సరి గా    లేని    వ్యక్తి ని    ఓ టు    వేయ కుండా    మిన హ ాయి స్త ారు ",59,20
2505,"ఓహ్, ఓటు వేయడానికి అర్హత లేని వారు ఇంకెవరైనా ఉన్నారా","ఓ హ ్,    ఓ టు    వేయ డానికి    అర్హ త    లేని    వారు    ఇం కె వర ైనా    ఉన్న ారా ",45,17
2506,"అవును, భారతదేశంలో, భారత రాజ్యాంగంలోని 1951 ప్రజాప్రాతినిధ్య చట్టం ప్రకారం, శిక్ష పడిన ఖైదీలందరూ ఓటు వేయడానికి అనర్హులు","అవు ను,    భారతదేశ ంలో,    భారత    రాజ్యా ంగ ంలోని    195 1    ప్రజా ప్రాతినిధ ్య    చట్టం    ప్రకారం,    శిక్ష   పడిన    ఖై దీ ల ంద రూ    ఓ టు    వేయ డానికి    అన ర్ హ ులు ",105,30
2507,"అందులో పెరోల్‌పై ఉన్న ఖైదీలు, నిర్బంధంలో ఉన్న ఖైదీలు కూడా ఉంటారు","అందులో    పె రో ల్‌ పై    ఉన్న    ఖై దీ లు,    నిర్ బంధ ంలో    ఉన్న    ఖై దీ లు    కూడా    ఉంట ారు ",56,19
2508,ఇది వేరే దేశపు పౌరసత్వం గల వ్యక్తులకు కూడా వర్తిస్తుంది,ఇది    వేరే    దేశ పు    పౌర స త్వం    గల    వ్యక్త ులకు    కూడా    వర్తి స్తుంది ,48,13
2509,భారతదేశం బహుళ పౌరసత్వాలను గుర్తించదు,భారతదేశం    బహు ళ    పౌర స త్వ ాలను    గుర్తించ దు ,33,9
2510,"కాబట్టి, నీకు వేరే దేశపు పౌరసత్వం ఉన్నట్లయితే, నీ భారత పౌరసత్వాన్ని, నీ ఓటు హక్కును పోగొట్టుకుంటావు","కాబట్టి,    నీ కు    వేరే    దేశ పు    పౌర స త్వం    ఉన్న ట్లయితే,    నీ    భారత    పౌర సత్ వా న్ని,    నీ    ఓ టు    హ క్కు ను    పో గొ ట్టు కుంట ా వు ",87,29
2511,మాకు ఈ విషయం తెలియదు మేడం,మా కు    ఈ    విష యం    తెలియ దు    మే డం ,21,9
2512,చెల్లుబాటయ్యే ఓటర్ ఐడి కూడా ఉండాలి కదా మేడం,చె ల్లు బా ట య్య ే    ఓ టర్    ఐ డి    కూడా    ఉండ ాలి    క దా    మే డం ,37,17
2513,అవునవును,అవు న వును ,8,3
2514,చెల్లుబాటయ్యే ఓటర్ ఐడి ఉండాలి,చె ల్లు బా ట య్య ే    ఓ టర్    ఐ డి    ఉండ ాలి ,26,12
2515,అప్పుడే నీ పేరును ఓటర్ల జాబితాలో నమోదు చేస్తారు,అ ప్పు డే    నీ    పేరును    ఓ టర్ ల    జాబితాలో    నమోదు    చేస్త ారు ,41,12
2516,"తగిన డాక్యుమెంట్లతో, ఆన్‌లైన్‌లో నమోదు చేసుకోవడం ద్వారా, లేదా ఏదైనా సేవా కేంద్రంలో ఓటర్ ఐడి పొందవచ్చు","త గిన    డా క్య ు మె ం ట్ల తో,    ఆన్‌లైన్‌లో    నమోదు    చేసుకోవ డం    ద్వార ా,    లేదా    ఏదైనా    సేవ ా    కేంద్ర ంలో    ఓ టర్    ఐ డి    పొంద వచ్చు ",89,27
2517,ఈ రోజుకు ఇది చాలు,ఈ    రోజు కు    ఇది    చ ాలు ,14,6
2518,"మరుసటి రోజు కోసం, ఓటర్లుగా మీ కుటుంబ సభ్యుల అనుభవాల గురించి వారితో మాట్లాడండి","మరుసటి    రోజు    కోసం,    ఓ టర్ లుగా    మీ    కుటుంబ    సభ్య ుల    అనుభవ ాల    గురించి    వారితో    మాట్లాడ ండి ",67,16
2519,"సరే మేడం, ధన్యవాదాలు","సర ే    మే డం,    ధ న్య వాద ాలు ",18,8
2520,"నమస్కారం, నేను పాన్ కార్డ్ కోసం దరఖాస్తు చేయడానికి వచ్చాను","న మ స్కార ం,    నేను    పా న్    కార్ డ్    కోసం    దర ఖా స్తు    చేయడానికి    వచ్చ ాను ",51,16
2521,మీకోసమేనా,మీ కో సమ ే నా ,9,5
2522,"నిజానికి, నాకూ, మా అమ్మాయికి","నిజ ానికి,    నా కూ ,    మా    అమ్మ ాయ ికి ",25,9
2523,"కానీ, మా అమ్మాయికి బ్రిటిష్ పౌరసత్వం ఉంది","కానీ,    మా    అమ్మ ాయ ికి    బ్రిటిష్    పౌర స త్వం    ఉంది ",36,10
2524,"ఓహ్, అది పర్లేదు","ఓ హ ్,    అది    పర్ లేద ు ",14,7
2525,మేము ఏమేం పత్రాలు చూపించాల్సి ఉంటుందో చెప్తారా,మే ము    ఏ మే ం    పత్ర ాలు    చూప ించ ాల్సి    ఉంటు ందో    చె ప్ తార ా ,41,16
2526,ముందు పాన్ కార్డుతో మొదలు పెడదాం,ముందు    పా న్    కార్ డు తో    మొద లు    పెడ దా ం ,28,11
2527,మీరు భారతీయులే అనుకుంటా,మీరు    భారతీయ ుల ే    అను కుంట ా ,21,7
2528,"అవును, నిజమే","అవు ను,    నిజ మే ",11,4
2529,మేడమ్ మీకోసమైతే మూడు పత్రాల అవసరం ఉంటుంది,మే డ మ్    మీ కో స మై తే    మూడు    పత్ర ాల    అవసరం    ఉంటుంది ,36,13
2530,"ఐడెంటిటీ ప్రూఫ్, అడ్రస్ ప్రూఫ్, అలాగే పుట్టిన తేదీ ప్రూఫ్","ఐ డె ంట ి టీ    ప్ర ూ ఫ్ ,    అడ ్ర స్    ప్ర ూ ఫ్ ,    అలాగే    పుట్ట ిన    తే దీ    ప్ర ూ ఫ్ ",50,24
2531,ఒక్కొక్క దానికి ఏ పత్రాలని ధృవీకరణగా తీసుకుంటారు,ఒ క్ కొ క్క    దానికి    ఏ    పత్ర ాలని    ధృవీ కరణ గా    తీసుకు ంట ారు ,43,14
2532,"ఐడెంటిటీ కోసం మీ ఆధార్ కార్డు, లేదా మీ ఓటరు ఐ","ఐ డె ంట ి టీ    కోసం    మీ    ఆధార ్    కార్ డు,    లేదా    మీ    ఓ ట రు    ఐ ",37,17
2533,డి,డి ,2,1
2534,లేదా మీ పాస్పోర్ట్ నకలు ఇవ్వవచ్చు,లేదా    మీ    పా స్పోర్ ట్    న క లు    ఇవ్వ వచ్చు ,29,10
2535,రేషన్ కార్డు నకలుతోబాటు నేను మీకు ఇచ్చే ఫాంలోని జాబితాలో ఉన్న ఇతర పత్రాలు కొన్ని ఇవ్వవలసి ఉంటుంది,రేషన్    కార్ డు    న కలు తో బాటు    నేను    మీకు    ఇచ్చ ే    ఫా ంలోని    జాబితాలో    ఉన్న    ఇతర    పత్ర ాలు    కొన్ని    ఇవ్వ వలసి    ఉంటుంది ,84,22
2536,"అది ఏదైనా, అందులో మీ ఫోటో ఉండాలి","అది    ఏద ై నా,    అందులో    మీ    ఫో ట ో    ఉండ ాలి ",27,11
2537,మీకు అర్ధమయ్యేలా చెప్పానా,మీకు    అర్ధ మయ్య ేలా    చె ప్ పా నా ,23,8
2538,"అవును సార్, చెప్పారు","అవ ును    సార్ ,    చెప్ప ారు ",18,6
2539,"అడ్రస్ ప్రూఫ్ కోసం, మూడు నెలలకంటే పాతది కానిది యే బిల్లు అయినా సరిపోతుంది","అడ ్ర స్    ప్ర ూ ఫ్    కోసం,    మూడు    నెల ల కంటే    పాత ది    క ాని ది    యే    బి ల్లు    అయిన ా    సరిపో తుంది ",63,23
2540,"బిల్ అంటే ల్యాండ్ లైన్ బిల్ కావచ్చు, లేదా కరెంటు బిల్ గానీ లేదా వాటర్ బిల్ గానీ","బి ల్    అంటే    ల్యా ండ్    లైన్    బి ల్    కా వచ్చు,    లేదా    క రె ంట ు    బి ల్    గా నీ    లేదా    వా టర్    బి ల్    గా నీ ",66,26
2541,వాటి జాబితా ఫాంలోనే ఉన్నాయి,వాటి    జాబితా    ఫా ంలోనే    ఉన్న ాయి ,24,6
2542,"లేదా, మీ పోస్ట్ ఆఫీస్ పాస్ బుక్ గానీ పాస్పోర్ట్ గానీ నకలు ఇవ్వవచ్చు","లే దా ,    మీ    పో స్ట్    ఆ ఫీస్    పా స్    బు క్    గా నీ    పా స్పోర్ ట్    గా నీ    న క లు    ఇవ్వ వచ్చు ",57,24
2543,"మళ్ళీ, అది ఏదైనా కూడా, దానిలో మీ చిరునామా ఉండాలి","మళ్ళ ీ,    అది    ఏదైనా    కూడ ా,    దాని లో    మీ    చిరు నా మా    ఉండ ాలి ",41,14
2544,మీకు అర్ధమయ్యింది కదా,మీకు    అర్ధ మయ్య ింది    క దా ,19,6
2545,"అయ్యింది, మరి పుట్టినే తేదీ సంగతేంటి","అయ్య ింది,    మర ి    పుట్ట ి నే    తే దీ    సంగ తే ంటి ",32,12
2546,జనన ధృవీకరణ పత్రం గానీ లేదా పాస్పోర్ట్ కానీ సరిపోతుంది,జన న    ధృవీ కరణ    పత్ర ం    గా నీ    లేదా    పా స్పోర్ ట్    కానీ    సరిపో తుంది ,47,15
2547,"ఇక మీ అమ్మాయి కోసం, ఆమె రెండు పత్రాలు ఇవ్వవలసి ఉంటుంది","ఇ క    మీ    అమ్మ ాయి    కోసం,    ఆమె    రెండు    పత్ర ాలు    ఇవ్వ వలసి    ఉంటుంది ",46,13
2548,"ఐడెంటిటీ ప్రూఫ్, ఇంకా అడ్రస్ ప్రూఫ్","ఐ డె ంట ి టీ    ప్ర ూ ఫ్ ,    ఇంకా    అడ ్ర స్    ప్ర ూ ఫ్ ",31,16
2549,రెండిటికీ పాస్పోర్టు సరిపోతుంది,రెండ ి టిక ీ    పా స్పోర్ టు    సరిపో తుంది ,29,9
2550,"హమ్మయ్య, మంచిదయింది","హ మ్మ య్య ,    మంచి దయ ింది ",18,7
2551,ఇదిగోండి జాబితా,ఇ ది గో ండి    జాబితా ,14,5
2552,ఇందులో అన్ని పత్రాల జాబితా ఉంది,ఇందులో    అన్ని    పత్ర ాల    జాబితా    ఉంది ,27,6
2553,కార్డ్ అందటానికి ఎంత కాలం పడుతుంది,కార్ డ్    అంద టానికి    ఎంత    కాలం    పడు తుంది ,30,8
2554,కనీసం 15 నుండి 20 పనిదినాలు పడుతుంది,కనీసం    15    నుండి    20    పని ది నాలు    పడు తుంది ,31,9
2555,"నేను లోనికి రావచ్చా, సర్","నేను    లో నికి    రా వచ్చ ా,    సర్ ",21,7
2556,"రండి, రండి","ర ండి,    ర ండి ",9,4
2557,కూర్చోండి,కూర్చ ో ండి ,9,3
2558,"చెప్పండి, మీకు నేను ఏం చేయగలను","చెప్ప ండి,    మీకు    నేను    ఏ ం    చేయ గ లను ",26,9
2559,"సర్, నేను హోప్ ఎన్జీవో నుండి వచ్చాను","సర్ ,    నేను    హో ప్    ఎన్ జీవ ో    నుండి    వచ్చ ాను ",31,11
2560,వెనుకబడిన వారికోసం మేం కొన్ని స్కూళ్ళు నడుపుతున్నాం,వెను క బడిన    వార ిక ో సం    మే ం    కొన్ని    స్కూ ళ్ళు    నడు పు తున్న ా ం ,46,17
2561,మురికివాడల్లో మాకు 3 స్కూళ్ళు ఉన్నాయి,ము రిక ి వాడ ల్లో    మా కు    3    స్కూ ళ్ళు    ఉన్న ాయి ,33,12
2562,అద్భుతం,అద్భు తం ,7,2
2563,చాలా గొప్ప ప్రయత్నం అనే అంటాను,చాలా    గొప్ప    ప్రయత్నం    అనే    అ ంట ాను ,26,7
2564,"అయితే, నేను మీకు ఎందులో సాయం చేయగలను","అయితే,    నేను    మీకు    ఎందు లో    సాయ ం    చేయ గ లను ",31,10
2565,"సర్, నాకు మీ ఆఫీసు గురించి కొంత సమాచారం కావాలి","సర్ ,    నాకు    మీ    ఆ ఫీ సు    గురించి    కొంత    సమాచారం    కావాల ి ",39,12
2566,మీకు తెలుసు కదా మా విద్యార్థులు కూలిపని చేస్కునేవారి కుటుంబం నుండి వచ్చినవాళ్ళే,మీకు    తెలు సు    క దా    మా    విద్యార్థ ులు    కూ లి పని    చేస్ కునే వారి    కుటుంబం    నుండి    వచ్చ ిన వా ళ్ళ ే ,70,21
2567,మా 10 వ తరగతి విద్యార్థులకు ఉద్యోగ అవకాశం ఏదైనా ఉందేమో తెలుసుకోవాలని అనుకుంటున్నాను,మా    10    వ    తరగ తి    విద్యార్థ ులకు    ఉద్యోగ   అవకాశం    ఏదైనా    ఉ ంద ే మ ో    తెలుసుకోవ ాలని    అను కుంటు న్న ాను ,73,21
2568,"అవును, మీరేమి తెలుసుకోవాలి అనుకుంటున్నారు","అవు ను,    మీ రే మి    తెలుసుకోవ ాలి    అను కుంటు న్న ారు ",38,11
2569,అది మాత్రం నిజంగా మంచి ఆలోచన,అది    మాత్ర ం    నిజంగా    మంచి    ఆలోచ న ,24,7
2570,మరి వాళ్ళు చదువుకుంటూ పని చేస్తారా,మర ి    వా ళ్ళు    చదు వు కుంట ూ    పని    చేస్త ారా ,30,11
2571,"లేదు సర్, చేయరు","లేద ు    సర్ ,    చేయ రు ",13,6
2572,వచ్చే నెల 10 వ తరగతి పరీక్ష పూర్తి చేస్తారు,వచ్చే    నెల    10    వ    తరగ తి    పరీ క్ష    పూర్తి    చేస్త ారు ,36,11
2573,"కాబట్టి, పరీక్ష పూర్తయ్యాక, వాళ్ళు సంపాదన మొదలుపెట్టేలా ఎక్కడైనా పనిలో కుదుర్చుదామని మా ఉద్దేశం","కాబట్టి,    పరీ క్ష    పూర్ తయ ్యా క,    వా ళ్ళు    సంపాద న    మొదలు పెట్ట ేలా    ఎక్క డ ైనా    పని లో    కు దు ర్చు దా మని    మా    ఉద్దేశ ం ",85,27
2574,"వాళ్ళు క్రమశిక్షణ, నలుగురితో కలిసి పనిచేయటం లాంటివి కూడా నేర్చుకుంటారు","వా ళ్ళు    క్రమ శిక్ష ణ,    నలు గు రి తో    కలిసి    పని చేయ టం    లా ంట ి వి    కూడా    నేర్చు కుంట ారు ",63,21
2575,ఓహో అలాగే,ఓ హ ో    అలాగే ,8,4
2576,ఆ పని వీలవుతుంది,ఆ    పని    వీ ల వు తుంది ,14,6
2577,అది వాళ్ళకి కూడా మంచిదే,అది    వా ళ్ళ కి    కూడా    మంచి దే ,20,7
2578,వాళ్ళు రకరకాల విషయాలు నేర్చుకోగలుగుతారు,వా ళ్ళు    ర కర కాల    విషయ ాలు    నేర్చు కో గ లుగు త ారు ,36,13
2579,"అవును సర్, వాళ్ళు తిరిగి మురికివాడ పరిస్థితులకి తిరిగి వెళ్లకూడదు అనుకుంటున్నాం","అవ ును    సర్ ,    వా ళ్ళు    తిరిగి    ము రిక ి వా డ    పరిస్థిత ుల కి    తిరిగి    వెళ్ల కూడ దు    అను కుంటు న్నా ం ",71,23
2580,ఏదైనా ఆఫీసులో పని చేయడం మొదలుపెడితే పని పద్ధతి తెలుసుకుంటారు,ఏదైనా    ఆ ఫీ సులో    పని    చేయడం    మొదలు పెడ ితే    పని    పద్ధ తి    తెలుసుకు ంట ారు ,53,15
2581,"అవును, అది వాళ్ళలో ధైర్యాన్ని పెంచుతుంది","అవు ను,    అది    వా ళ్ళ లో    ధ ై ర్ యాన్ని    పెంచు తుంది ",36,12
2582,వాళ్ళలో కొందరిని నా ప్యాకేజింగ్ యూనిట్లో నియమించుకోగలనేమో చూస్తాను,వా ళ్ళ లో    కొ ంద రిని    నా    ప్యా కే జ ింగ్    యూని ట్లో    నియమ ించుకో గల నే మ ో    చూ స్తా ను ,60,22
2583,మీరు ఇచ్చిన ధైర్యానికి చాలా థాంక్స్ సర్,మీరు    ఇచ్చిన    ధ ై ర్య ానికి    చాలా    థా ం క్స్    సర్ ,34,11
2584,పరీక్ష పూర్తవగానే కొంత మందిని తీసుకువస్తాను,పరీ క్ష    పూర్ త వ గానే    కొంత    మంద ిని    తీసుకు వ స్తా ను ,39,13
2585,సాయంచేయాలన్న మీ ఆలోచనకి మరో మారు థాంక్స్,సాయ ం చేయ ాల న్న    మీ    ఆలోచ న కి    మరో    మార ు    థా ం క్స్ ,35,15
2586,ఈ లిట్టీని చూస్తుంటే నాకు ఇడ్లీ గుర్తొస్తోంది,ఈ    లి ట్ట ీని    చూ స్తు ంటే    నాకు    ఇ డ్ లీ    గుర్త ొ స్త ో ంది ,40,16
2587,రెండిట్లో చాలా తేడా ఉంది కానీ ఈ ఆకారం దాన్ని గుర్తు చేస్తోంది,రెండ ి ట్లో    చాలా    తే డా    ఉంది    కానీ    ఈ    ఆ కారం    దాన్ని    గుర్త ు    చేస్త ో ంది ,52,17
2588,"అవును, ఇది బిహారీల ప్రధాన ఆహారం","అవు ను,    ఇది    బి హార ీ ల    ప్రధాన    ఆహార ం ",27,10
2589,దీనిని చోఖ అనే ఈ వంటకం లో నంచుకొని తింటారు,దీనిని    చో ఖ   అనే    ఈ    వంట కం    లో    న ంచు కొని    త ిం ట ారు ,35,15
2590,లిట్టీలను ముఖ్యంగా గోధుమపిండితో తయారుచేస్తారు అయితే చోఖా వంకాయలు టమోటాలతో తయారవుతుంది,లి ట్ట ీ లను    ముఖ్యంగా    గో ధు మ పిం డ ితో    తయ ారు చేస్త ారు    అయితే    చో ఖ ా    వ ంక ాయ లు    ట మోట ాలతో    తయార వు తుంది ,77,29
2591,ఇందులో ఏ నూనె వాడుతారు,ఇందులో    ఏ    నూ నె   వాడు త ారు ,19,7
2592,కేరళ వంటకాల కంటే ఇది వేరుగా ఉన్నట్టుంది,కేరళ    వంట కాల    కంటే    ఇది    వే రుగా    ఉన్న ట్టు ంది ,34,10
2593,మామూలుగా చోఖాలో ఆవనూనె వాడతారు,మా మూ లుగా    చో ఖా లో    ఆ వన ూ నె   వాడ త ారు ,27,13
2594,అన్నీ బిహారీ వంటకాలలో ఆవనూనె వాడతారు,అన్న ీ    బి హార ీ    వంట కాల లో    ఆ వన ూ నె   వాడ త ారు ,32,15
2595,నీ ముందున్న వంటకం ఏంటి,నీ    ముందు న్న    వంట కం    ఏ ంటి ,19,7
2596,"దీన్ని పుట్టు అంటారు, దీన్ని మేము మామూలుగా నల్ల శనగలతోపాటు తింటాము","దీన్ని    పు ట్టు    అ ంట ారు,    దీన్ని    మే ము    మా మూ లుగా    న ల్ల    శ నగ ల తో పాటు    త ిం టా ము ",58,23
2597,"దానిలో చాలా రకాలు ఉంటాయి, కాని నేను వరిపిండితో చేసినవి ఆర్డర్ చేశాను","దాని లో    చాలా    రక ాలు    ఉంటాయి,    కాని    నేను    వరి పిం డ ితో    చేసిన వి    ఆర్డర్    చే శా ను ",59,18
2598,"ఓహో, ఈ నల్ల శనగల వంటకం కారంగా ఉంటుందా","ఓ హో ,    ఈ    న ల్ల    శ నగ ల    వంట కం    కార ంగా    ఉంటు ంద ా ",31,16
2599,ఇంతకు ముందు నేనెప్పుడు పుట్టు గురించి వినలేదు,ఇంత కు    ముందు    నే నె ప్పుడు    పు ట్టు    గురించి    వి న లేద ు ,40,13
2600,దాని మీద చల్లి ఉన్నది కొబ్బరేనా,దాని    మీద    చల్ల ి    ఉన్న ది    కొ బ్బ రే నా ,27,10
2601,"అవును, కేరళలో సాధారణంగా చాలా వంటకాలలో కొబ్బరి వాడతారు","అవు ను,    కేరళలో    సాధారణంగా    చాలా    వంట కాల లో    కొ బ్బ రి    వాడ త ారు ",47,14
2602,వాటిలో మసాలా కూడా పుష్కలంగా ఉంటుంది కాబట్టి చాలావరకు వంటకాలలో కారం ఎక్కువ స్థాయిలో ఉంటుంది,వాటిలో    మ స ాలా    కూడా    పు ష్ కల ంగా    ఉంటుంది    కాబట్టి    చాలా వరకు    వంట కాల లో    కారం    ఎక్కువ    స్థాయిలో    ఉంటుంది ,79,20
2603,నీకు లిట్టీ బాగా ఇష్టమైన వంటకమా,నీ కు    లి ట్ట ీ    బాగా    ఇష్ట మైన    వంట క మా ,27,11
2604,లిట్టీ నాకు బాగా ఇష్టమైన వంటకాల్లో ఒకటి,లి ట్ట ీ    నాకు    బాగా    ఇష్ట మైన    వంట కాల్ లో    ఒకటి ,34,11
2605,సత్తు కా పరాఠా నాకు చాలా ఇష్టమైన బిహారీ వంటకం,స త్తు    కా    ప రా ఠ ా    నాకు    చాలా    ఇష్ట మైన    బి హార ీ    వంట కం ,38,16
2606,చూడటానికి ఇండియన్ టాకో లాగా ఉంటుంది,చూడ టానికి    ఇండియన్    టా కో    లా గా    ఉంటుంది ,31,8
2607,"దాని గురించి నేనెప్పుడూ వినలేదు, అది ఆరోగ్యానికి చాలా మంచిదా","దాని    గురించి    నే నె ప్పుడూ    వి న లేదు,    అది    ఆరోగ ్య ానికి    చాలా    మంచి దా ",53,15
2608,అవునవును,అవు న వును ,8,3
2609,అది చాలా ఆరోగ్యకరమైన వంటకం,అది    చాలా    ఆరోగ ్య కరమైన    వంట కం ,23,7
2610,అది శనగపిండి ఇంకా ఇతర మసాలాలతో తయారవుతుంది,అది    శ నగ పిం డి    ఇంకా    ఇతర    మ స ాల ాలతో    తయార వు తుంది ,37,14
2611,"ఇది బాగా పుల్లగా కూడా ఉంటుంది, అందుకే ఇది నాకు చాలా ఇష్టం","ఇది    బాగా    ప ుల్ ల గా    కూడా    ఉంటుంది,    అందు కే    ఇది    నాకు    చాలా    ఇష్ట ం ",48,15
2612,"మరి నీ సంగతేంటి, కేరళ వంటకాల్లో నీకు బాగా ఇష్టమైనది ఏది","మర ి    నీ    సంగ తే ంట ి,    కేరళ    వంట కాల్ లో    నీ కు    బాగా    ఇష్ట మైనది    ఏ ది ",47,18
2613,ఆప్పం ఇంకా కూర నాకు చాలా ఇష్టం,ఆ ప్ప ం    ఇంకా    కూ ర    నాకు    చాలా    ఇష్ట ం ,25,10
2614,పులియబెట్టిన బియ్యప్పిండితో ముఖ్యంగా అట్టులాగా అంచులు కరకరలాడుతూ ఉంటుంది,పుల ియ బె ట్ట ిన    బ ియ ్య ప్ప ిం డ ితో    ముఖ్యంగా    అ ట్ట ుల ా గా    అంచ ులు    కర కర ల ాడు తూ    ఉంటుంది ,66,26
2615,"ఓహ్, వింటూంటేనే నోరూరుతుంది","ఓ హ ్,    విం టూ ంట ే నే    నో రూ రుతు ంది ",25,12
2616,మనం తరచుగా ఇలా చేయాలి,మ నం    తరచుగా    ఇలా    చేయ ాలి ,18,6
2617,"క్షమించాలి, ఇక్కడ గ్లూటెన్ లేని ఆహారం దొరుకుతుందా","క్ష మ ించ ాలి,    ఇక్కడ    గ్ లూ టె న్    లేని    ఆహార ం    దొ రుకు తు ంద ా ",44,17
2618,"నాకు మధుమేహం, నా మిత్రుడికి గ్లూటెన్ పడదు","నాకు    మధ ు మే హ ం,    నా    మిత్ర ు డికి    గ్ లూ టె న్    పడ దు ",36,16
2619,"తప్పకుండా, ఏం తీసుకోవాలనుకుంటున్నారు","తప్ప కుండా,    ఏ ం    తీసుకోవ ాలనుకుంటు న్న ారు ",34,8
2620,మీ వంటకాల్లో కొన్నిటి గురించి మీరే సలహా ఇవ్వగలరనుకుంటున్నా,మీ    వంట కాల్ లో    కొన్ని టి    గురించి    మీ రే    సల హా    ఇవ్వ గల ర ను కుంటు న్నా ,52,17
2621,ఈ హోటల్లో చాలా ఆరోగ్యకరమైన ఆహారం ఉంటుందని విన్నాను,ఈ    హో ట ల్లో    చాలా    ఆరోగ ్య కరమైన    ఆహార ం    ఉంటు ందని    వి న్న ాను ,44,15
2622,"గ్లూటెన్ లేని ఆహారం కావాలనుకునే కస్టమర్లకి మేము వరి, మొక్కజొన్న, అవిశ గింజలు, అలాగే చిరు ధాన్యాల ప్రత్యమ్నాయాలు ఇస్తాము","గ్ లూ టె న్    లేని    ఆహార ం    కావాల ను కునే    క స్ట మర్ ల కి    మే ము    వరి ,    మొక్క జ ొ న్న ,    అవి శ    గ ిం జ లు,    అలాగే    చి రు    ధాన్య ాల    ప్రత్య మ్నాయ ాలు    ఇ స్తా ము ",105,41
2623,"మా వద్ద ఎన్నో రకాల సలాడ్లు, స్మూదీలు కూడా ఉన్నాయి","మా    వద్ద    ఎన్న ో    రకాల    సల ాడ్ లు,    స్ మూ దీ లు    కూడా    ఉన్న ాయి ",42,15
2624,మధుమేహానికి అనుకూలమైన ఆహారాల జాబితా కూడా ఉంది,మధ ు మే హ ానికి    అనుకూల మైన    ఆహార ాల    జాబితా    కూడా    ఉంది ,40,12
2625,గ్లూటెన్ లేని స్థానిక ఆహారాల జాబితా కోసం చూస్తున్నాను,గ్ లూ టె న్    లేని    స్థానిక    ఆహార ాల    జాబితా    కోసం    చూ స్తున్న ాను ,47,13
2626,పుట్టగొడుగుల బ్రౌన్ రైస్ గానీ చికెన్ కినోవా బిర్యానీ లాంటిది ఏదైనా,పుట్ట గొ డు గ ుల    బ్ర ౌ న్    రై స్    గా నీ    చ ికె న్    క ిన ో వా    బి ర్యా నీ    లా ంట ి ది    ఏదైనా ,58,27
2627,"అవును, ఇటువంటివి ఇక్కడ దొరుకుతాయి","అవు ను,    ఇ టు వంటివి    ఇక్కడ    దొ రుకు త ాయి ",30,10
2628,మీరు చూస్తానంటే మా దగ్గర గ్లూటెన్ లేని సూపు వంటకాలు కూడా ఉన్నాయి,మీరు    చూ స్తా న ంటే    మా    దగ్గర    గ్ లూ టె న్    లేని    సూ పు    వంట కాలు    కూడా    ఉన్న ాయి ,55,19
2629,మధుమేహానికి అనుకూలమైన ఆహారాల జాబితా నుండి మీరు ఏమి తీసుకోవాలి అనుకుంటున్నారు,మధ ు మే హ ానికి    అనుకూల మైన    ఆహార ాల    జాబితా    నుండి    మీరు    ఏ మి    తీసుకోవ ాలి    అను కుంటు న్న ారు ,68,20
2630,"నేను ఒక సగ్గుబియ్యపు కిచిడీ, ఇంకా ఇందాక నేను చెప్పిన పుట్టగొడుగుల బ్రౌన్ రైస్ తీస్కుంటాను","నేను    ఒక    స గ్ గు బ ియ ్య పు    కి చి డ ీ,    ఇంకా    ఇ ంద ా క    నేను    చెప్ప ిన    పుట్ట గొ డు గ ుల    బ్ర ౌ న్    రై స్    తీ స్ కుంట ాను ",78,35
2631,సూప్లలో ఏమేం ఆప్షన్లు ఉన్నాయి,సూ ప్ లలో    ఏ మే ం    ఆ ప్ ష న్లు    ఉన్న ాయి ,26,12
2632,గ్లూటెన్ ఫ్రీ ఫ్రెంచ్ ఆనీయన్ సూప్ ఉంది,గ్ లూ టె న్    ఫ్ర ీ    ఫ్రెంచ్    ఆ నీయ న్    సూ ప్    ఉంది ,33,13
2633,మేము రుచికరమైన బటానీ సూప్ కూడా చేస్తాము,మే ము    రు చిక రమైన    బ టా నీ    సూ ప్    కూడా    చే స్తా ము ,34,14
2634,"అలాగే మావద్ద ఫో బో, ఇంకా వెస్ట్ ఆఫ్రికన్ పీనట్ బటర్ సూప్ కూడా ఉన్నాయి","అలాగే    మా వద్ద    ఫ ో    బో ,    ఇంకా    వె స్ట్    ఆ ఫ్రిక న్    పీ న ట్    బ టర్    సూ ప్    కూడా    ఉన్న ాయి ",58,23
2635,ఫ్రెంచ్ అనియన్ సూప్ వినడానికి ఆసక్తికరంగా ఉంది కాబట్టి మేం రెండు తీసుకుంటాము,ఫ్రెంచ్    అ నియ న్    సూ ప్    వి న డానికి    ఆస క్ తిక ర ంగా    ఉంది    కాబట్టి    మే ం    రెండు    తీసుకు ంట ా ము ,67,23
2636,నేను సాధారణంగా డిజర్టులు తీసుకొను ఎందుకంటే మధుమేహానికి అనుకూలమైనవి దొరకటం కష్టం,నేను    సాధారణంగా    డి జర్ ట ులు    తీసు కొ ను    ఎందుకంటే    మధ ు మే హ ానికి    అనుకూల మైన వి    దొ రక టం    కష్ట ం ,71,23
2637,"అయ్యో బాధ పడకండి, మావద్ద డయాబెటిస్ ఉన్నవారికి అనుకూలమైన డిజర్టులు కూడా ఉన్నాయి","అయ్య ో    బాధ   పడ క ండి,    మా వద్ద    డ యా బె టి స్    ఉన్న వారికి    అనుకూల మైన    డి జర్ ట ులు    కూడా    ఉన్న ాయి ",69,24
2638,లో కార్బ్ పీనట్ బటర్ కుక్కీలు లేదా చాక్లెట్ కీటో ఫ్యాట్ బాంబ్స్ ట్రై చేయండి,లో    కార్ బ్    పీ న ట్    బ టర్    కు క్క ీలు    లేదా    చా క్ లె ట్    కీ ట ో    ఫ్యా ట్    బా ం బ్ స్    ట్ర ై    చేయ ండి ,64,29
2639,మంచి ప్రోటీన్ చీస్‌కేక్ కూడా చేస్తాము,మంచి    ప్రో టీ న్    చీ స్‌ కే క్    కూడా    చే స్తా ము ,33,12
2640,ఈ డయాబెటీస్ వల్ల చీస్‌కేక్ తిని ఎంతో కాలం అవుతోంది,ఈ    డ యా బె టీ స్    వల్ల    చీ స్‌ కే క్    తిని    ఎంతో    కాలం    అవు తో ంది ,43,17
2641,"నాకు ప్రోటీన్ చీస్‌కేక్, ఇంకా ఆమెకు లో కార్బ్ పీనట్ బటర్ కుక్కీ కావాలి","నాకు    ప్రో టీ న్    చీ స్‌ కే క్,    ఇంకా    ఆమెకు    లో    కార్ బ్    పీ న ట్    బ టర్    కు క్క ీ    కావాల ి ",60,23
2642,ఈ రెస్టారెంట్ చాలా బాగుంది,ఈ    రె స్ట ారె ంట్    చాలా    బా గు ంది ,23,9
2643,అభినందించినందుకు థాంక్ యు,అభ ిన ంద ించిన ందుకు    థా ం క్    య ు ,23,10
2644,మీరు గూగుల్ లో మాగురించి ఒక రివ్యూ రాస్తారని ఆశిస్తున్నాను,మీరు    గూ గ ుల్    లో    మా గురించి    ఒక    రి వ్య ూ    రా స్త ారని    ఆ శి స్తున్న ాను ,51,18
2645,మీకు ఇంకేది కావాలన్నా నాకు చెప్పండి,మీకు    ఇం కే ది    కావాల న్నా    నాకు    చెప్ప ండి ,31,9
2646,నేను తప్పకుండా మంచి రివ్యూ రాస్తాను,నేను    తప్పకుండా    మంచి    రి వ్య ూ    రా స్తా ను ,31,9
2647,లోనికి రావచ్చా సార్,లో నికి    రా వచ్చ ా    సార ్ ,17,7
2648,"రండి, కూర్చోండి","ర ండి,    కూర్చ ో ండి ",14,5
2649,మీకు యే విధంగా సహాయపడగలను,మీకు    యే    విధంగా    సహాయపడ గ లను ,22,6
2650,నా పేరు ఆనంద్ యాదవ్ అండి,నా    పేరు    ఆనంద్    యా ద వ్    అ ండి ,20,8
2651,నా పొదుపు ఖాతా నుండి కొంత డబ్బు తీసుకోవాలి అనుకుంటున్నాను,నా    పొదుపు    ఖా తా    నుండి    కొంత    డబ్బు    తీసుకోవ ాలి    అను కుంటు న్న ాను ,50,13
2652,విత్ డ్రా చేసుకునే పద్ధతులు ఏంటో నాకు తెలీదు,వి త్    డ్ర ా    చేసుకు నే    పద్ధ తులు    ఏ ంట ో    నాకు    తె లీ దు ,38,15
2653,కాస్త నాకు సహాయం చేస్తారా,కా స్త   నాకు    సహాయం    చేస్త ారా ,22,6
2654,తప్పకుండా సర్,తప్పకుండా    సర్ ,12,2
2655,మొట్టమొదట మీరు విత్ డ్రాల్ ఫాం నింపాలి,మొట్ట మొదట    మీరు    వి త్    డ్ర ాల్    ఫా ం    నిం పాల ి ,33,12
2656,"కిందున్న ఖాళీలలో మీ ఖాతా నంబరు, పేరు, మొబైల్ నంబరు, అలాగే చిరునామా వ్రాయండి","క ింద ు న్న    ఖా ళ ీ లలో    మీ    ఖా తా    న ంబ రు,    పే రు,    మొ బై ల్    న ంబ రు,    అలాగే    చిరు నా మా    వ్రాయ ండి ",65,28
2657,సరే,సర ే ,3,2
2658,ఇక్కడ నేను సంతకం చేయాలా,ఇక్కడ    నేను    సంతకం    చేయ ాలా ,20,5
2659,అవును,అవ ును ,5,2
2660,చేయండి,చేయ ండి ,6,2
2661,ఎంత డబ్బు విత్ డ్రా చేయాలి అనుకుంటున్నారు,ఎంత    డబ్బు    వి త్    డ్ర ా    చేయ ాలి    అను కుంటు న్న ారు ,36,12
2662,నాకు రూ,నాకు    రూ ,6,2
2663,"1,00,000/- కావాలి","1 ,0 0 ,0 00 / -    కావాల ి ",16,9
2664,"ఫాంలో ఆ మొత్తాన్ని పదాలు, అంకెల్లో వ్రాయండి సర్","ఫా ంలో    ఆ    మొత్తాన్ని    పద ాలు,    అం కె ల్లో    వ్రాయ ండి    సర్ ",41,12
2665,ఫాం అడుగున మీ పేరుతో సంతకం చేయాలని గుర్తుంచుకోండి,ఫా ం    అడుగు న    మీ    పేరుతో    సంతకం    చేయాలని    గుర్తుంచు కో ండి ,43,11
2666,మంచిది,మంచి ది ,6,2
2667,గుర్తు పెట్టుకుంటాను,గుర్త ు    పెట్టు కుంట ాను ,19,5
2668,వీటిలో విత్ డ్రా చేసుకునే కౌంటర్ ఏది,వీటిలో    వి త్    డ్ర ా    చేసుకు నే    కౌంట ర్    ఏ ది ,31,11
2669,కౌంటర్ నంబర్ 2 కి వెళ్ళండి సర్,కౌంట ర్    న ంబర్    2    కి    వెళ్ళ ండి    సర్ ,25,9
2670,"ఆ కౌంటర్లోని పనిచేసేవారు ఖాతాదారు ఖాతా నంబరు, పేరు నిర్ధారిస్తారు","ఆ    కౌంట ర్ లోని    పని చేసే వారు    ఖాతా దారు    ఖా తా    న ంబ రు,    పేరు    నిర్ధార ి స్త ారు ",58,19
2671,అప్పుడు మీకు డబ్బు అందుతుంది,అప్పుడు    మీకు    డబ్బు    అందు తుంది ,25,5
2672,ధన్యవాదాలు,ధ న్య వాద ాలు ,10,4
2673,మీకు ఇంకేమైనా సహాయం అందించగలనా,మీకు    ఇం కే మై నా    సహాయం    అందించ గల నా ,27,9
2674,ఇంకొక్క సహాయం కావాలి,ఇం కొ క్క    సహాయం    కావాల ి ,18,6
2675,విత్ డ్రా చేసుకున్నాక ఇంకెంత మొత్తం మిగిలి ఉందో నేనెలా తెలుసుకోవాలి,వి త్    డ్ర ా    చేసుకు న్నా క    ఇం కె ంత    మొత్తం    మిగి లి    ఉ ందో    నే నెలా    తెలుసుకోవ ాలి ,59,19
2676,కౌంటర్లోని స్టాఫ్ ని బ్యాలన్స్ మొత్తాన్ని పాస్ బుక్కులో వ్రాయమని అడగండి,కౌంట ర్ లోని    స్టా ఫ్    ని    బ్య ాల న్స్    మొత్తాన్ని    పా స్    బు క్కు లో    వ్రాయ మని    అడగ ండి ,63,19
2677,అలాగే,అలాగే ,5,1
2678,చాలా థాంక్స్,చాలా    థా ం క్స్ ,11,4
2679,పర్వాలేదు సర్,పర్ వాల ే దు    సర్ ,12,5
2680,మాకు విలువైన ఖాతాదారులు అయినందుకు ధన్యవాదాలు,మా కు    విలు వైన    ఖాతా దారులు    అయిన ందుకు    ధ న్య వాద ాలు ,40,12
2681,వస్తూ ఉండండి,వ స్తూ    ఉండ ండి ,11,4
2682,నీకు స్పోర్ట్స్ సినిమాలంటే ఇష్టమా,నీ కు    స్పోర్ట్స్    సిని మాల ంటే    ఇష్ట మా ,30,8
2683,నిజమైన క్రీడా ఆటగాళ్ళ కథను చెప్పేవి,నిజమైన    క్రీడా    ఆటగా ళ్ళ    కథ ను    చెప్ప ే వి ,31,9
2684,చాలా స్పూర్తినిస్తుంది,చాలా    స్ పూర్ తి ని స్తుంది ,21,6
2685,మేరీ కోమ్ చూసాక వాటిని ఇష్టపడటం మొదలుపెట్టాను,మే రీ    కో మ్    చూ సా క    వాటిని    ఇష్టపడ టం    మొదలు పెట్ట ాను ,40,13
2686,అది చూస్తుంటే నాకు చాలా బాగా అనిపించింది,అది    చూ స్తు ంటే    నాకు    చాలా    బాగా    అనిప ించ ింది ,35,10
2687,ఓహ్ నాకు ఆ సినిమాలంటే ఎంత ఇష్టమో,ఓ హ ్    నాకు    ఆ    సిని మాల ంటే    ఎంత    ఇష్ట మ ో ,27,12
2688,నాకు ఇష్టమైనది భాగ్ మిల్కా భాగ్,నాకు    ఇష్ట మైనది    భాగ ్    మి ల్ కా    భాగ ్ ,27,10
2689,అది మిల్కా సింగ్ అనే అథ్లెట్ గురించి 2013లో వచ్చిన సినిమా,అది    మి ల్ కా    సింగ్    అనే    అ థ్ లె ట్    గురించి    201 3లో    వచ్చిన    సినిమా ,49,15
2690,ఆయన ఎంత అద్భుతమైన వ్యక్తో తెలుసా,ఆయన    ఎంత    అద్భుతమైన    వ్యక్ తో    తెలు సా ,28,7
2691,ఆయనను ఫ్లైయింగ్ సిఖ్ అని కూడా పిలుస్తారు,ఆయనను    ఫ్ లై య ింగ్    సి ఖ్    అని    కూడా    పిలు స్త ారు ,35,12
2692,ఓహ్ నాకు ఆయనంటే చాలా ఇష్టం,ఓ హ ్    నాకు    ఆయ న ంటే    చాలా    ఇష్ట ం ,22,10
2693,ఆయన ఏషియన్ గేమ్స్ ఇంకా కామన్‌వెల్త్ గేమ్స్‌లో 400 మీటర్లలో బంగారు పతకం గెలుచుకున్న ఏకైక అథ్లెట్,ఆయన    ఏ ష ియన్    గే మ్స్    ఇంకా    కామ న్‌ వెల్ త్    గే మ్ స్‌లో    4 00    మీటర్ లలో    బంగ ారు    పత కం    గెలుచు కున్న    ఏకైక    అ థ్ లె ట్ ,83,29
2694,ఎంత గొప్ప విషయమది,ఎంత    గొప్ప    విషయ మ ది ,15,5
2695,"1958, 1962 ఏషియన్ గేమ్స్‌లో కూడా ఆయన బంగారు పతకాలు గెలుచుకున్నాడు","195 8 ,    196 2    ఏ ష ియన్    గే మ్ స్‌లో    కూడా    ఆయన    బంగ ారు    పత కాలు    గెలుచు కున్న ాడు ",57,20
2696,ఏదో రోజు నేను ఆయన లాగా అవ్వాలనుకుంటున్నాను,ఏద ో    రోజు    నేను    ఆయన    లా గా    అవ ్వ ాలనుకుంటు న్న ాను ,37,12
2697,ఆయనకు పద్మశ్రీ వచ్చింది,ఆయనకు    పద్ మ శ్రీ    వచ్చ ింది ,21,6
2698,నేను ఆయన లాగా అద్భుతమైన అథ్లెట్ అయ్యాక నాక్కూడా రావాలని కోరిక,నేను    ఆయన    లా గా    అద్భుతమైన    అ థ్ లె ట్    అయ ్యా క    నా క్ కూడా    రా వాల ని    కోర ిక ,53,20
2699,ఆయన నాలుగోస్థానంలో నిలిచిన ఆ పోటీ,ఆయన    నాలు గో స్థానంలో    నిలిచ ిన    ఆ    పోటీ ,29,8
2700,1960 ఒలింపిక్ గేమ్స్‌లో 400-మీటర్ల ఫైనల్ ఆటనా,196 0    ఒలింపిక్    గే మ్ స్‌లో    4 00 - మీటర్ల    ఫై నల్    ఆట నా ,40,14
2701,ఆయన గురించి అందరికీ బాగా గుర్తుండిపోయినది అదే అనుకుంటా,ఆయన    గురించి    అంద రిక ీ    బాగా    గుర్తు ండ ిపోయ ిన ది    అదే    అను కుంట ా ,48,15
2702,నేను ఒకసారి ఆయన గురించి ప్రాజెక్ట్ రిపోర్ట్ రాయాల్సి వచ్చింది,నేను    ఒకసారి    ఆయన    గురించి    ప్రాజెక్ ట్    రి పోర్ ట్    రాయ ాల్సి    వచ్చ ింది ,54,13
2703,నేను ఆయన గురించి చాలా చదివాను,నేను    ఆయన    గురించి    చాలా    చ ది వా ను ,25,8
2704,"అప్పుడు, ఆయన నాలుగో స్థానంలో నిలిచినప్పుడు, దాదాపు 40 ఏళ్ల పాటు బద్దలుకొట్టని భారత జాతీయ రికార్డును నెలకొల్పాడు","అ ప్పుడు,    ఆయన    నాలుగ ో    స్థానంలో    నిలి చి న ప్పుడు,    దాదాపు    40    ఏళ్ల    పాటు    బ ద్ద లు కొట్ట ని    భారత    జాతీయ    రికార్ డును    నెల కొ ల్ప ాడు ",98,27
2705,నేను పెరిగి పెద్దవుతున్నప్పుడు ఆయన గురించి చాలా విన్నాను,నేను    పెరిగ ి    పెద్ద వు తున్న ప్పుడు    ఆయన    గురించి    చాలా    వి న్న ాను ,50,13
2706,మా నాన్న వీరాభిమాని,మా    నా న్న    వీ రా భి మా ని ,17,8
2707,నేను ఆయన ఆత్మకథ కూడా చదివాను,నేను    ఆయన    ఆత్మ కథ    కూడా    చ ది వా ను ,24,9
2708,అది చదివాకే ఆ సినిమా చూడాలనుకున్నా,అది    చ ది వా కే    ఆ    సినిమా    చూడ ాలను కున్న ా ,30,11
2709,అది తప్పక చూడతగిన సినిమానే,అది    తప్ప క    చూడ త గిన    సినిమా నే ,23,8
2710,ఆ సినిమాకు చాలా అవార్డులు కూడా వచ్చాయి,ఆ    సినిమా కు    చాలా    అవార్డ ులు    కూడా    వచ్చ ాయి ,33,9
2711,ఫర్హాన్ అక్తర్ గొప్పగా చేసాడు,ఫర్ హా న్    అక్ త ర్    గొప్ప గా    చేస ాడు ,26,10
2712,నువ్వు మిల్కా సింగ్ మాదిరిగా గొప్ప అథ్లెట్ అయితే ఎంత బాగుంటుంది,ను వ్వ ు    మి ల్ కా    సింగ్    మాదిరి గా    గొప్ప    అ థ్ లె ట్    అయితే    ఎంత    బా గు ంటు ంది ,55,20
2713,"హలో, ఇది జైపూర్ సిటీ ప్యాలెసా","హ లో,    ఇది    జై పూర్    సి టీ    ప్య ాలె సా ",25,10
2714,"అవును, మీకెలా సాయం చేయగలను","అవు ను,    మీ కె లా    సాయ ం    చేయ గ లను ",23,10
2715,నేను వేరా బ్రాండ్ నుండి ఫోన్ చేస్తున్నా,నేను    వే రా    బ్రా ండ్    నుండి    ఫోన్    చేస్తున్న ా ,34,9
2716,మేము చెన్నైలో ఉన్న అంతర్జాతీయ లగ్జరీ బ్రాండ్,మే ము    చెన్న ై లో    ఉన్న    అంతర్జాతీయ    ల గ్ జ రీ    బ్రా ండ్ ,39,13
2717,ఒక ఫోటోషూట్ కోసం ప్యాలెస్‌లోకి ప్రవేశం కోరటానికి ఫోన్ చేస్తున్నాను,ఒక    ఫో టో షూ ట్    కోసం    ప్య ాలె స్‌ లోకి    ప్రవేశం    కోర టానికి    ఫోన్    చేస్తున్న ాను ,59,16
2718,మేము ఒక కొత్త ఉత్పత్తిని విడుదల చేస్తున్నాం,మే ము    ఒక    కొత్త    ఉత్పత్తి ని    విడుదల    చేస్తున్న ా ం ,38,10
2719,"సరే, దానికి ఏర్పాటు చేయొచ్చు","సర ే,    దానికి    ఏర్పాటు    చేయ ొ చ్చ ు ",25,8
2720,మీ పేరు తెలుసుకోవచ్చా,మీ    పేరు    తెలు సుకో వచ్చ ా ,19,6
2721,అనంత్,అన ంత ్ ,5,3
2722,మీకు ఏదైనా గుర్తింపు కావలసి ఉంటుందా,మీకు    ఏదైనా    గుర్తింపు    కా వలసి    ఉంటు ంద ా ,31,8
2723,మాకు చాలానే డాక్యుమెంట్లు అవసరమవుతాయి,మా కు    చాలా నే    డా క్య ు మె ం ట్లు    అవసర మవు త ాయి ,34,14
2724,"ఒకటి, ఈ కంపెనీ ఉన్నట్లు చెల్లుబాటు అయ్యే రుజువు","ఒకట ి,    ఈ    కంపెనీ    ఉన్నట్లు    చె ల్లు బాటు    అయ్య ే    రు జు వు ",41,13
2725,"రెండు, ఇందులో పాల్గొనే మొత్తం సిబ్బంది జాబితా, వారి గుర్తింపుతో సహా","రెండ ు,    ఇందులో    పాల్గొ నే    మొత్తం    సిబ్బ ంది    జాబిత ా,    వారి    గుర్త ింపు తో    సహా ",59,15
2726,ఇంకా బాధ్యత వహించే వ్యక్తి యొక్క గుర్తింపు రుజువు,ఇంకా    బాధ్యత    వహ ించే    వ్యక్తి    యొక్క    గుర్తింపు    రు జు వు ,43,10
2727,మీకు డాక్యుమెంట్లను మెయిల్ చేస్తే పర్వాలేదా,మీకు    డా క్య ు మె ంట్ లను    మెయి ల్    చేస్త ే    పర్ వాల ే దా ,39,15
2728,"సరే, కాని షూటింగ్ రోజున మేము గుర్తింపు రుజువును చూడాల్సి ఉంటుంది","సర ే,    కాని    షూటింగ్    రోజున    మే ము    గుర్తింపు    రు జు వును    చూడ ాల్సి    ఉంటుంది ",56,14
2729,"తప్పకుండా, నాకు తెలుసు","తప్ప కుండా,    నాకు    తెలు సు ",20,5
2730,"ఛార్జీలు, రుసుములు ఎంత","ఛ ార్ జీ లు,    రుసు మ ులు    ఎంత ",20,8
2731,ప్యాకేజీని బట్టి భారత జాతీయులకు లేదా నివాసితులకు రుసుము 200 లేదా 300 రూపాయలు ఉంటుంది,ప్యా కే జీ ని    బట్టి    భారత    జాతీయ ులకు    లేదా    నివాస ిత ులకు    రుసు ము    200    లేదా    3 00    రూపాయ లు    ఉంటుంది ,73,21
2732,"మ్యూజియం ప్యాకేజీలో అన్ని రాజ దర్బారులు, గాలరీలు, ఇంకా ట్రైపాడ్ లేకుండా కెమెరాతో కలుపుకొని ఉంటాయి","మ్యూ జియ ం    ప్యా కే జీ లో    అన్ని    రాజ    దర్ బార ులు,    గాల రీ లు,    ఇంకా    ట్ర ై పాడ ్    లేకుండా    కె మె రా తో    కలు పు కొని    ఉంట ాయి ",86,30
2733,"కాంపోజిట్ ప్యాకేజీలో దానితో పాటు, జైఘడ్, రాజ స్మృతి చిహ్నాలు కలిసి ఉంటాయి","కాం పో జి ట్    ప్యా కే జీ లో    దాని తో    పాటు,    జై ఘ డ్,    రాజ    స్మ ృ తి    చిహ్ నాలు    కలిసి    ఉంట ాయి ",64,23
2734,కాంపోజిట్ ప్యాకేజీకి విదేశీయులకు 700 రూపాయలు వసూలు చేస్తారు,కాం పో జి ట్    ప్యా కే జీ కి    విదేశ ీ య ులకు    7 00    రూపాయ లు    వసూలు    చేస్త ారు ,53,19
2735,ప్యాలెస్‌కు రాత్రి పూట ప్రవేశం ఉంటుందా,ప్య ాలె స్‌కు    రాత్రి    పూ ట    ప్రవేశం    ఉంటు ంద ా ,34,10
2736,"ఉంటుంది, అది ఇంకొక ప్యాకేజీ","ఉంటుంది,    అది    ఇం కొ క    ప్యా కే జీ ",24,8
2737,"దానికి భారతీయులకు 500 రూపాయలు, విదేశీయులకు 1000 రూపాయలు ఖర్చవుతుంది","దానికి    భారతీయ ులకు    500    రూపాయ లు,    విదేశ ీ య ులకు    10 00    రూపాయ లు    ఖర్చ వు తుంది ",60,17
2738,విశేషమైన ప్రవేశం అందించే ప్రత్యేక టికెట్లు కూడా ఉన్నాయి,వి శేష మైన    ప్రవేశం    అందించే    ప్రత్యేక    టిక ె ట్లు    కూడా    ఉన్న ాయి ,49,12
2739,మరిన్ని వివరాల కోసం మీరు మా వెబ్‌సైట్‌లను చూడొచ్చు,మరి న్ని    వివర ాల    కోసం    మీరు    మా    వెబ్‌సై ట్‌ లను    చూడ ొ చ్చ ు ,44,14
2740,"ఈ వారం ఎవరైనా వచ్చి, బుకింగ్ చేస్తే పర్వాలేదా","ఈ    వారం    ఎవర ైనా    వచ్చ ి,    బు కింగ్    చేస్త ే    పర్ వాల ే దా ",39,14
2741,"హా, పర్వాలేదు","హా ,    పర్ వాల ే దు ",12,6
2742,ఫోన్ చేసినందుకు ధన్యవాదాలు,ఫోన్    చేసిన ందుకు    ధ న్య వాద ాలు ,24,7
2743,"హాయ్ బిష్ణు, ఏం చేస్తున్నావ్ ఈ మధ్య","హ ాయ్    బి ష్ణ ు,    ఏ ం    చేస్తున్న ా వ్    ఈ    మధ్య ",30,12
2744,ఈ మధ్య ఏవైనా బైక్ రైడ్లకి వెళ్ళావా,ఈ    మధ్య    ఏవైనా    బై క్    రై డ్ ల కి    వెళ్ళ ా వా ,29,12
2745,నీ ఫోటోలు కొన్ని చూసాను,నీ    ఫో టో లు    కొన్ని    చూ సా ను ,20,8
2746,"లేదు, అవి చాలా కాలం కిందట వెళ్లిన వేరే రైడ్ లోనివి","లేదు,    అవి    చాలా    కాలం    క ింద ట    వెళ్ల ిన    వేరే    రై డ్    లో ని వి ",42,15
2747,"వారమంతా చాలా బిజీగా గడిచిపోయింది, రైడ్ కి సమయం దొరకనే లేదు","వార మంత ా    చాలా    బి జీ గా    గడి చి పోయ ింది,    రై డ్    కి    సమయం    దొ రక నే    లేద ు ",50,20
2748,కానీ ఈ వీకెండ్ లో వెళ్తున్నాను,కానీ    ఈ    వీ కె ండ్    లో    వెళ్ తున్న ాను ,26,9
2749,"నీ సంగతేంటి, నీ సంగీత సాధన చేస్తున్నావా","నీ    సంగ తే ంట ి,    నీ    సంగీత    సాధ న    చేస్తున్న ా వా ",34,12
2750,"అవును, కాస్త నసమయం దొరికినప్పుడల్లా చేస్తున్నాను","అవు ను,    కా స్త   న సమయం    దొరిక ిన ప్పుడ ల్ల ా    చేస్తున్న ాను ",44,13
2751,"నాకు కూడా రోజులు ఏమాత్రం ఖాళీ లేకుండా గడుస్తున్నాయి, నీకు తెలుసు కదా","నాకు    కూడా    రోజ ులు    ఏ మాత్ర ం    ఖా ళ ీ    లేకుండా    గ డు స్తున్న ాయి,    నీ కు    తెలు సు    క దా ",59,21
2752,నాకు ప్రతిరోజూ సాధన చేయడం కూడా కుదరట్లేదు,నాకు    ప్రతి రోజ ూ    సాధ న    చేయడం    కూడా    కు దర ట్ లేద ు ,36,13
2753,"ఏదేమైనా, నువ్వు నిజంగానే ఈ వారంతంలో ఖాళీగా ఉంటావా","ఏ దే మై నా,    ను వ్వ ు    నిజ ంగా నే    ఈ    వార ంత ంలో    ఖా ళ ీగా    ఉంట ా వా ",43,20
2754,రైడ్ కి వెళ్ళడానికి సమయం ఎలా కుదుర్చుకుంటావు,రై డ్    కి    వెళ్ళ డానికి    సమయం    ఎలా    కు దు ర్చు కుంట ా వు ,39,13
2755,"నిజానికి, నేను కొన్ని రోజుల పాటు ఓవర్ టైం చేసి నా టార్గెట్ పూర్తి చేశా","నిజ ానికి,    నేను    కొన్ని    రోజుల    పాటు    ఓ వర్    టై ం    చేసి    నా    ట ార్ గె ట్    పూర్తి    చేశ ా ",59,19
2756,కాబట్టి ఈ వారంతం ఖాళీగా ఉంటాను,కాబట్టి    ఈ    వార ంత ం    ఖా ళ ీగా    ఉంట ాను ,26,10
2757,నాకు కొంచెం సేద తీరే సమయం చాలా అవసరం,నాకు    కొంచెం    సే ద    తీ రే    సమయం    చాలా    అవసరం ,30,9
2758,"మన అభిరుచిని అనుసరించడంతోనే అది కుదురతుంది, కదా","మ న    అభి రు చి ని    అనుసరించ డ ంత ో నే    అది    కు దు ర తుంది,    క దా ",42,18
2759,"అవును, నువ్వన్నది నిజమే","అవు ను,    ను వ్వ న్న ది    నిజ మే ",21,8
2760,నేను కూడా నాకోసం కొంత సమయం అవసరం,నేను    కూడా    నా కోసం    కొంత    సమయం    అవసరం ,27,7
2761,ఈ శుక్రవారం ఒక పాటల పోటీలో పాల్గొనాలని కూడా అనుకుంటున్నాను,ఈ    శు క్ర వారం    ఒక    పాట ల    పోటీ లో    పాల్గొ న ాలని    కూడా    అను కుంటు న్న ాను ,51,17
2762,అది నాకు నచ్చిన పనికి నన్ను మళ్ళీ దగ్గర చేస్తుందనుకుంటున్నా,అది    నాకు    న చ్చ ిన    ప నికి    న న్ను    మళ్ళీ    దగ్గర    చేస్తు ంద ను కుంటు న్నా ,52,16
2763,ఇన్నిరద్దీ పనుల మధ్య నీ అభిరుచికి సమయం ఎలా కేటాయించగలుగుతున్నావు,ఇ న్ని ర ద్ద ీ    పన ుల    మధ్య    నీ    అభి రు చ ికి    సమయం    ఎలా    కేటాయ ించ గ లుగు తున్న ా వు ,57,22
2764,ప్రతీరోజు ఉదయం నా పని మొదలుపెట్టకముందు సాధన చేయడానికి ప్రయత్నిస్తాను,ప్రతీ రోజు    ఉద యం    నా    పని    మొదలు పెట్ట క ముందు    సాధ న    చేయడానికి    ప్రయత్ని స్తా ను ,61,16
2765,ఇంకా నా పని వాయిదాపడకుండా చూసుకుంటాను,ఇంకా    నా    పని    వాయి దా పడ కుండా    చూ సుకు ంట ాను ,33,11
2766,అలా నాకు నచ్చిన పనులు చేయడానికి కొంత సమయం దొరుకుతుంది,అలా    నాకు    న చ్చ ిన    పన ులు    చేయడానికి    కొంత    సమయం    దొ రుకు తుంది ,46,13
2767,"ఆ విధంగా, వారంతాలు సంగీతం వింటూ అలాగే సాధన చేస్తూ గడపగలను","ఆ    విధంగా,    వార ంత ాలు    సంగీతం    విం ట ూ    అలాగే    సాధ న    చేస్తూ    గడ ప గ లను ",49,17
2768,నేను కూడా అచ్చు అలాగే చేయడానికి ప్రయత్నిస్తూ ఉంటాను,నేను    కూడా    అ చ్చ ు    అలాగే    చేయడానికి    ప్రయత్ని స్తూ    ఉంట ాను ,45,11
2769,కానీ ఈ గత కొన్ని వారాలు ఊపిరి సలపనంత రద్దీగా గడిచాయి,కానీ    ఈ    గత    కొన్ని    వార ాలు    ఊ పి రి    సల పన ంత    ర ద్దీ గా    గడి చ ాయి ,44,18
2770,"అయినా కూడా, నేను ఈ వారాంతానికి వీలు చేసుకున్నాను","అయిన ా    కూడ ా,    నేను    ఈ    వార ాంత ానికి    వీలు    చేసుకున్న ాను ",42,12
2771,ఎలాంటి పాటల పోటీలో పాల్గొనబోతున్నావు,ఎ లాంటి    పాట ల    పోటీ లో    పాల్గొ న బో తున్న ా వు ,33,12
2772,అది ఓ విధంగా ఆఫీస్‌ల మధ్య పాటల పోటీ,అది    ఓ    విధంగా    ఆ ఫీ స్‌ ల    మధ్య    పాట ల    పోటీ ,29,11
2773,ఈ పోటీలో నేను మా ఆఫీస్ తరపున వెళ్తున్నాను,ఈ    పోటీ లో    నేను    మా    ఆ ఫీస్    తర పున    వెళ్ తున్న ాను ,35,12
2774,దానికోసం నేనెంతో ఉత్సాహంగా ఉన్నాను,దాని కోసం    నే నె ంతో    ఉత్ సాహ ంగా    ఉన్న ాను ,31,10
2775,"చాలా బాగుంది, నువ్వు ఇందులో పాల్గొనవల్సిందే","చాలా    బా గు ంది,    ను వ్వ ు    ఇందులో    పాల్గొ నవ ల్ స ింద ే ",39,14
2776,నువ్వు గెలవాలని కోరుకుంటున్నా,ను వ్వ ు    గె ల వాల ని    కోరు కుంటు న్నా ,27,10
2777,ధన్యవాదాలు,ధ న్య వాద ాలు ,10,4
2778,నువ్వు కూడా ట్రిప్ కి క్షేమంగా వెళ్ళిరా,ను వ్వ ు    కూడా    ట్రి ప్    కి    క్షే మ ంగా    వెళ్ళ ి రా ,34,13
2779,"ధన్యవాదాలు, లెలీనా","ధ న్య వాద ాలు,    లె లీ నా ",17,7
